idx,label,pkt_idx,session,config,replicate,ts_ms,rssi_dbm,snr_db,crc_ok,bit_err,pcrc16
0,SF5 BW125 PA10,0,2608212001,0,1,3531,-26.0,10.0,1,0,24601
0,SF5 BW125 PA10,1,2608212001,0,1,3627,-26.0,11.0,1,0,14761
0,SF5 BW125 PA10,2,2608212001,0,1,3723,-26.0,10.0,1,0,10692
0,SF5 BW125 PA10,3,2608212001,0,1,3819,-26.0,10.0,1,0,28788
0,SF5 BW125 PA10,4,2608212001,0,1,3915,-26.0,10.0,1,0,62371
0,SF5 BW125 PA10,5,2608212001,0,1,4011,-26.0,10.0,1,0,43539
0,SF5 BW125 PA10,6,2608212001,0,1,4107,-26.0,10.0,1,0,47742
0,SF5 BW125 PA10,7,2608212001,0,1,4204,-26.0,10.0,1,0,58318
0,SF5 BW125 PA10,8,2608212001,0,1,4300,-26.0,11.0,1,0,22348
0,SF5 BW125 PA10,9,2608212001,0,1,4396,-26.0,10.0,1,0,3836
0,SF5 BW125 PA10,10,2608212001,0,1,4492,-26.0,10.0,1,0,7825
0,SF5 BW125 PA10,11,2608212001,0,1,4588,-26.0,9.0,1,0,18209
0,SF5 BW125 PA10,12,2608212001,0,1,4684,-26.0,10.0,1,0,50422
0,SF5 BW125 PA10,13,2608212001,0,1,4781,-26.0,11.0,1,0,40262
0,SF5 BW125 PA10,14,2608212001,0,1,4877,-26.0,10.0,1,0,36139
0,SF5 BW125 PA10,15,2608212001,0,1,4973,-26.0,11.0,1,0,54427
0,SF5 BW125 PA10,16,2608212001,0,1,5069,-26.0,10.0,1,0,3763
0,SF5 BW125 PA10,17,2608212001,0,1,5165,-26.0,11.0,1,0,22275
0,SF5 BW125 PA10,18,2608212001,0,1,5261,-26.0,10.0,1,0,18286
0,SF5 BW125 PA10,19,2608212001,0,1,5357,-26.0,10.0,1,0,7902
0,SF5 BW125 PA10,20,2608212001,0,1,5454,-26.0,10.0,1,0,40201
0,SF5 BW125 PA10,21,2608212001,0,1,5550,-26.0,9.0,1,0,50361
0,SF5 BW125 PA10,22,2608212001,0,1,5646,-26.0,10.0,1,0,54484
0,SF5 BW125 PA10,23,2608212001,0,1,5742,-26.0,10.0,1,0,36196
0,SF5 BW125 PA10,24,2608212001,0,1,5838,-26.0,10.0,1,0,14822
0,SF5 BW125 PA10,25,2608212001,0,1,5934,-26.0,11.0,1,0,24662
0,SF5 BW125 PA10,26,2608212001,0,1,6030,-26.0,10.0,1,0,28731
0,SF5 BW125 PA10,27,2608212001,0,1,6127,-26.0,10.0,1,0,10635
0,SF5 BW125 PA10,28,2608212001,0,1,6223,-26.0,10.0,1,0,43612
0,SF5 BW125 PA10,29,2608212001,0,1,6319,-26.0,10.0,1,0,62444
0,SF5 BW125 PA10,30,2608212001,0,1,6415,-26.0,10.0,1,0,58241
0,SF5 BW125 PA10,31,2608212001,0,1,6511,-26.0,10.0,1,0,47665
0,SF5 BW125 PA10,32,2608212001,0,1,6607,-26.0,10.0,1,0,48461
0,SF5 BW125 PA10,33,2608212001,0,1,6704,-26.0,10.0,1,0,58621
0,SF5 BW125 PA10,34,2608212001,0,1,6800,-26.0,10.0,1,0,62608
0,SF5 BW125 PA10,35,2608212001,0,1,6896,-26.0,10.0,1,0,44320
0,SF5 BW125 PA10,36,2608212001,0,1,6992,-26.0,10.0,1,0,12023
0,SF5 BW125 PA10,37,2608212001,0,1,7088,-26.0,11.0,1,0,30535
0,SF5 BW125 PA10,38,2608212001,0,1,7184,-26.0,11.0,1,0,26410
0,SF5 BW125 PA10,39,2608212001,0,1,7280,-26.0,11.0,1,0,16026
0,SF5 BW125 PA10,40,2608212001,0,1,7377,-26.0,11.0,1,0,35352
0,SF5 BW125 PA10,41,2608212001,0,1,7473,-26.0,10.0,1,0,54184
0,SF5 BW125 PA10,42,2608212001,0,1,7569,-26.0,10.0,1,0,50117
0,SF5 BW125 PA10,43,2608212001,0,1,7665,-26.0,9.0,1,0,39541
0,SF5 BW125 PA10,44,2608212001,0,1,7761,-26.0,9.0,1,0,6562
0,SF5 BW125 PA10,45,2608212001,0,1,7857,-26.0,10.0,1,0,16402
0,SF5 BW125 PA10,46,2608212001,0,1,7953,-26.0,10.0,1,0,20607
0,SF5 BW125 PA10,47,2608212001,0,1,8050,-26.0,10.0,1,0,2511
0,SF5 BW125 PA10,48,2608212001,0,1,8146,-26.0,10.0,1,0,54247
0,SF5 BW125 PA10,49,2608212001,0,1,8242,-26.0,12.0,1,0,35415
1,SF6 BW125 PA10,0,2608212001,1,1,3577,-26.0,13.0,1,0,24601
1,SF6 BW125 PA10,1,2608212001,1,1,3736,-21.0,13.0,1,0,14761
1,SF6 BW125 PA10,2,2608212001,1,1,3895,-21.0,13.0,1,0,10692
1,SF6 BW125 PA10,3,2608212001,1,1,4054,-21.0,13.0,1,0,28788
1,SF6 BW125 PA10,4,2608212001,1,1,4213,-25.0,12.0,1,0,62371
1,SF6 BW125 PA10,5,2608212001,1,1,4372,-25.0,13.0,1,0,43539
1,SF6 BW125 PA10,6,2608212001,1,1,4531,-25.0,13.0,1,0,47742
1,SF6 BW125 PA10,7,2608212001,1,1,4690,-25.0,13.0,1,0,58318
1,SF6 BW125 PA10,8,2608212001,1,1,4849,-26.0,14.0,1,0,22348
1,SF6 BW125 PA10,9,2608212001,1,1,5008,-26.0,13.0,1,0,3836
1,SF6 BW125 PA10,10,2608212001,1,1,5167,-26.0,13.0,1,0,7825
1,SF6 BW125 PA10,11,2608212001,1,1,5326,-26.0,13.0,1,0,18209
1,SF6 BW125 PA10,12,2608212001,1,1,5485,-26.0,13.0,1,0,50422
1,SF6 BW125 PA10,13,2608212001,1,1,5644,-25.0,13.0,1,0,40262
1,SF6 BW125 PA10,14,2608212001,1,1,5803,-25.0,13.0,1,0,36139
1,SF6 BW125 PA10,15,2608212001,1,1,5962,-25.0,14.0,1,0,54427
1,SF6 BW125 PA10,16,2608212001,1,1,6121,-25.0,14.0,1,0,3763
1,SF6 BW125 PA10,17,2608212001,1,1,6280,-25.0,13.0,1,0,22275
1,SF6 BW125 PA10,18,2608212001,1,1,6439,-26.0,14.0,1,0,18286
1,SF6 BW125 PA10,19,2608212001,1,1,6598,-26.0,13.0,1,0,7902
1,SF6 BW125 PA10,20,2608212001,1,1,6757,-26.0,13.0,1,0,40201
1,SF6 BW125 PA10,21,2608212001,1,1,6916,-26.0,13.0,1,0,50361
1,SF6 BW125 PA10,22,2608212001,1,1,7075,-25.0,13.0,1,0,54484
1,SF6 BW125 PA10,23,2608212001,1,1,7234,-26.0,12.0,1,0,36196
1,SF6 BW125 PA10,24,2608212001,1,1,7393,-26.0,13.0,1,0,14822
1,SF6 BW125 PA10,25,2608212001,1,1,7552,-26.0,13.0,1,0,24662
1,SF6 BW125 PA10,26,2608212001,1,1,7711,-26.0,13.0,1,0,28731
1,SF6 BW125 PA10,27,2608212001,1,1,7870,-26.0,13.0,1,0,10635
1,SF6 BW125 PA10,28,2608212001,1,1,8029,-26.0,13.0,1,0,43612
1,SF6 BW125 PA10,29,2608212001,1,1,8188,-26.0,13.0,1,0,62444
1,SF6 BW125 PA10,30,2608212001,1,1,8347,-26.0,12.0,1,0,58241
1,SF6 BW125 PA10,31,2608212001,1,1,8506,-26.0,12.0,1,0,47665
1,SF6 BW125 PA10,32,2608212001,1,1,8665,-26.0,13.0,1,0,48461
1,SF6 BW125 PA10,33,2608212001,1,1,8824,-26.0,13.0,1,0,58621
1,SF6 BW125 PA10,34,2608212001,1,1,8983,-26.0,13.0,1,0,62608
1,SF6 BW125 PA10,35,2608212001,1,1,9142,-26.0,13.0,1,0,44320
1,SF6 BW125 PA10,36,2608212001,1,1,9301,-26.0,13.0,1,0,12023
1,SF6 BW125 PA10,37,2608212001,1,1,9460,-26.0,13.0,1,0,30535
1,SF6 BW125 PA10,38,2608212001,1,1,9619,-27.0,12.0,1,0,26410
1,SF6 BW125 PA10,39,2608212001,1,1,9778,-27.0,13.0,1,0,16026
1,SF6 BW125 PA10,40,2608212001,1,1,9937,-26.0,13.0,1,0,35352
1,SF6 BW125 PA10,41,2608212001,1,1,10096,-26.0,13.0,1,0,54184
1,SF6 BW125 PA10,42,2608212001,1,1,10255,-27.0,12.0,1,0,50117
1,SF6 BW125 PA10,43,2608212001,1,1,10414,-27.0,13.0,1,0,39541
1,SF6 BW125 PA10,44,2608212001,1,1,10573,-26.0,13.0,1,0,6562
1,SF6 BW125 PA10,45,2608212001,1,1,10732,-26.0,13.0,1,0,16402
1,SF6 BW125 PA10,46,2608212001,1,1,10891,-25.0,14.0,1,0,20607
1,SF6 BW125 PA10,47,2608212001,1,1,11050,-25.0,13.0,1,0,2511
1,SF6 BW125 PA10,48,2608212001,1,1,11209,-25.0,13.0,1,0,54247
1,SF6 BW125 PA10,49,2608212001,1,1,11368,-25.0,13.0,1,0,35415
2,SF7 BW125 PA10,0,2608212001,2,1,3604,-29.0,15.0,1,0,24601
2,SF7 BW125 PA10,1,2608212001,2,1,3872,-30.0,15.0,1,0,14761
2,SF7 BW125 PA10,2,2608212001,2,1,4140,-30.0,15.0,1,0,10692
2,SF7 BW125 PA10,3,2608212001,2,1,4407,-30.0,15.0,1,0,28788
2,SF7 BW125 PA10,4,2608212001,2,1,4675,-28.0,14.0,1,0,62371
2,SF7 BW125 PA10,5,2608212001,2,1,4943,-28.0,15.0,1,0,43539
2,SF7 BW125 PA10,6,2608212001,2,1,5211,-28.0,15.0,1,0,47742
2,SF7 BW125 PA10,7,2608212001,2,1,5479,-28.0,15.0,1,0,58318
2,SF7 BW125 PA10,8,2608212001,2,1,5747,-27.0,15.0,1,0,22348
2,SF7 BW125 PA10,9,2608212001,2,1,6014,-27.0,15.0,1,0,3836
2,SF7 BW125 PA10,10,2608212001,2,1,6282,-28.0,15.0,1,0,7825
2,SF7 BW125 PA10,11,2608212001,2,1,6550,-28.0,15.0,1,0,18209
2,SF7 BW125 PA10,12,2608212001,2,1,6818,-28.0,15.0,1,0,50422
2,SF7 BW125 PA10,13,2608212001,2,1,7086,-29.0,15.0,1,0,40262
2,SF7 BW125 PA10,14,2608212001,2,1,7354,-28.0,16.0,1,0,36139
2,SF7 BW125 PA10,15,2608212001,2,1,7622,-29.0,15.0,1,0,54427
2,SF7 BW125 PA10,16,2608212001,2,1,7889,-28.0,16.0,1,0,3763
2,SF7 BW125 PA10,17,2608212001,2,1,8157,-28.0,14.0,1,0,22275
2,SF7 BW125 PA10,18,2608212001,2,1,8425,-28.0,14.0,1,0,18286
2,SF7 BW125 PA10,19,2608212001,2,1,8693,-28.0,15.0,1,0,7902
2,SF7 BW125 PA10,20,2608212001,2,1,8961,-28.0,15.0,1,0,40201
2,SF7 BW125 PA10,21,2608212001,2,1,9229,-28.0,14.0,1,0,50361
2,SF7 BW125 PA10,22,2608212001,2,1,9496,-28.0,15.0,1,0,54484
2,SF7 BW125 PA10,23,2608212001,2,1,9764,-28.0,15.0,1,0,36196
2,SF7 BW125 PA10,24,2608212001,2,1,10032,-27.0,15.0,1,0,14822
2,SF7 BW125 PA10,25,2608212001,2,1,10300,-27.0,15.0,1,0,24662
2,SF7 BW125 PA10,26,2608212001,2,1,10568,-28.0,14.0,1,0,28731
2,SF7 BW125 PA10,27,2608212001,2,1,10836,-28.0,15.0,1,0,10635
2,SF7 BW125 PA10,28,2608212001,2,1,11104,-28.0,15.0,1,0,43612
2,SF7 BW125 PA10,29,2608212001,2,1,11371,-29.0,16.0,1,0,62444
2,SF7 BW125 PA10,30,2608212001,2,1,11639,-28.0,14.0,1,0,58241
2,SF7 BW125 PA10,31,2608212001,2,1,11907,-28.0,14.0,1,0,47665
2,SF7 BW125 PA10,32,2608212001,2,1,12175,-28.0,15.0,1,0,48461
2,SF7 BW125 PA10,33,2608212001,2,1,12443,-28.0,15.0,1,0,58621
2,SF7 BW125 PA10,34,2608212001,2,1,12711,-29.0,15.0,1,0,62608
2,SF7 BW125 PA10,35,2608212001,2,1,12979,-28.0,15.0,1,0,44320
2,SF7 BW125 PA10,36,2608212001,2,1,13246,-28.0,15.0,1,0,12023
2,SF7 BW125 PA10,37,2608212001,2,1,13514,-28.0,15.0,1,0,30535
2,SF7 BW125 PA10,38,2608212001,2,1,13782,-28.0,14.0,1,0,26410
2,SF7 BW125 PA10,39,2608212001,2,1,14050,-28.0,15.0,1,0,16026
2,SF7 BW125 PA10,40,2608212001,2,1,14318,-28.0,15.0,1,0,35352
2,SF7 BW125 PA10,41,2608212001,2,1,14586,-28.0,14.0,1,0,54184
2,SF7 BW125 PA10,42,2608212001,2,1,14853,-29.0,15.0,1,0,50117
2,SF7 BW125 PA10,43,2608212001,2,1,15121,-29.0,16.0,1,0,39541
2,SF7 BW125 PA10,44,2608212001,2,1,15389,-28.0,15.0,1,0,6562
2,SF7 BW125 PA10,45,2608212001,2,1,15657,-28.0,15.0,1,0,16402
2,SF7 BW125 PA10,46,2608212001,2,1,15925,-28.0,15.0,1,0,20607
2,SF7 BW125 PA10,47,2608212001,2,1,16193,-27.0,15.0,1,0,2511
2,SF7 BW125 PA10,48,2608212001,2,1,16461,-27.0,15.0,1,0,54247
2,SF7 BW125 PA10,49,2608212001,2,1,16728,-27.0,15.0,1,0,35415
3,SF8 BW125 PA10,0,2608212001,3,1,3711,-33.0,16.0,1,0,24601
3,SF8 BW125 PA10,1,2608212001,3,1,4193,-34.0,15.0,1,0,14761
3,SF8 BW125 PA10,2,2608212001,3,1,4676,-32.0,16.0,1,0,10692
3,SF8 BW125 PA10,3,2608212001,3,1,5158,-32.0,16.0,1,0,28788
3,SF8 BW125 PA10,4,2608212001,3,1,5641,-31.0,17.0,1,0,62371
3,SF8 BW125 PA10,5,2608212001,3,1,6123,-33.0,16.0,1,0,43539
3,SF8 BW125 PA10,6,2608212001,3,1,6605,-30.0,17.0,1,0,47742
3,SF8 BW125 PA10,7,2608212001,3,1,7088,-30.0,16.0,1,0,58318
3,SF8 BW125 PA10,8,2608212001,3,1,7570,-33.0,15.0,1,0,22348
3,SF8 BW125 PA10,9,2608212001,3,1,8053,-32.0,16.0,1,0,3836
3,SF8 BW125 PA10,10,2608212001,3,1,8535,-33.0,16.0,1,0,7825
3,SF8 BW125 PA10,11,2608212001,3,1,9017,-32.0,17.0,1,0,18209
3,SF8 BW125 PA10,12,2608212001,3,1,9500,-32.0,16.0,1,0,50422
3,SF8 BW125 PA10,13,2608212001,3,1,9982,-32.0,16.0,1,0,40262
3,SF8 BW125 PA10,14,2608212001,3,1,10465,-31.0,15.0,1,0,36139
3,SF8 BW125 PA10,15,2608212001,3,1,10947,-32.0,17.0,1,0,54427
3,SF8 BW125 PA10,16,2608212001,3,1,11430,-31.0,17.0,1,0,3763
3,SF8 BW125 PA10,17,2608212001,3,1,11912,-32.0,15.0,1,0,22275
3,SF8 BW125 PA10,18,2608212001,3,1,12394,-32.0,17.0,1,0,18286
3,SF8 BW125 PA10,19,2608212001,3,1,12877,-33.0,16.0,1,0,7902
3,SF8 BW125 PA10,20,2608212001,3,1,13359,-34.0,17.0,1,0,40201
3,SF8 BW125 PA10,21,2608212001,3,1,13842,-31.0,17.0,1,0,50361
3,SF8 BW125 PA10,22,2608212001,3,1,14324,-32.0,16.0,1,0,54484
3,SF8 BW125 PA10,23,2608212001,3,1,14806,-31.0,17.0,1,0,36196
3,SF8 BW125 PA10,24,2608212001,3,1,15289,-33.0,16.0,1,0,14822
3,SF8 BW125 PA10,25,2608212001,3,1,15771,-32.0,17.0,1,0,24662
3,SF8 BW125 PA10,26,2608212001,3,1,16254,-33.0,16.0,1,0,28731
3,SF8 BW125 PA10,27,2608212001,3,1,16736,-31.0,17.0,1,0,10635
3,SF8 BW125 PA10,28,2608212001,3,1,17219,-34.0,15.0,1,0,43612
3,SF8 BW125 PA10,29,2608212001,3,1,17701,-35.0,16.0,1,0,62444
3,SF8 BW125 PA10,30,2608212001,3,1,18183,-30.0,17.0,1,0,58241
3,SF8 BW125 PA10,31,2608212001,3,1,18666,-34.0,15.0,1,0,47665
3,SF8 BW125 PA10,32,2608212001,3,1,19148,-30.0,16.0,1,0,48461
3,SF8 BW125 PA10,33,2608212001,3,1,19631,-31.0,15.0,1,0,58621
3,SF8 BW125 PA10,34,2608212001,3,1,20113,-30.0,16.0,1,0,62608
3,SF8 BW125 PA10,35,2608212001,3,1,20595,-28.0,17.0,1,0,44320
3,SF8 BW125 PA10,36,2608212001,3,1,21078,-28.0,15.0,1,0,12023
3,SF8 BW125 PA10,37,2608212001,3,1,21560,-31.0,17.0,1,0,30535
3,SF8 BW125 PA10,38,2608212001,3,1,22043,-32.0,16.0,1,0,26410
3,SF8 BW125 PA10,39,2608212001,3,1,22525,-32.0,17.0,1,0,16026
3,SF8 BW125 PA10,40,2608212001,3,1,23008,-31.0,17.0,1,0,35352
3,SF8 BW125 PA10,41,2608212001,3,1,23490,-32.0,17.0,1,0,54184
3,SF8 BW125 PA10,42,2608212001,3,1,23972,-29.0,17.0,1,0,50117
3,SF8 BW125 PA10,43,2608212001,3,1,24455,-28.0,17.0,1,0,39541
3,SF8 BW125 PA10,44,2608212001,3,1,24937,-30.0,16.0,1,0,6562
3,SF8 BW125 PA10,45,2608212001,3,1,25420,-28.0,17.0,1,0,16402
3,SF8 BW125 PA10,46,2608212001,3,1,25902,-28.0,15.0,1,0,20607
3,SF8 BW125 PA10,47,2608212001,3,1,26384,-28.0,15.0,1,0,2511
3,SF8 BW125 PA10,48,2608212001,3,1,26867,-31.0,15.0,1,0,54247
3,SF8 BW125 PA10,49,2608212001,3,1,27349,-33.0,16.0,1,0,35415
4,SF9 BW125 PA10,0,2608212001,4,1,3889,-31.0,12.0,1,0,24601
4,SF9 BW125 PA10,1,2608212001,4,1,4755,-31.0,13.0,1,0,14761
4,SF9 BW125 PA10,2,2608212001,4,1,5622,-31.0,12.0,1,0,10692
4,SF9 BW125 PA10,3,2608212001,4,1,6488,-31.0,12.0,1,0,28788
4,SF9 BW125 PA10,4,2608212001,4,1,7355,-32.0,12.0,1,0,62371
4,SF9 BW125 PA10,5,2608212001,4,1,8221,-34.0,14.0,1,0,43539
4,SF9 BW125 PA10,6,2608212001,4,1,9088,-33.0,13.0,1,0,47742
4,SF9 BW125 PA10,7,2608212001,4,1,9954,-34.0,12.0,1,0,58318
4,SF9 BW125 PA10,8,2608212001,4,1,10821,-34.0,12.0,1,0,22348
4,SF9 BW125 PA10,9,2608212001,4,1,11687,-34.0,12.0,1,0,3836
4,SF9 BW125 PA10,10,2608212001,4,1,12554,-34.0,12.0,1,0,7825
4,SF9 BW125 PA10,11,2608212001,4,1,13420,-34.0,13.0,1,0,18209
4,SF9 BW125 PA10,12,2608212001,4,1,14287,-32.0,14.0,1,0,50422
4,SF9 BW125 PA10,13,2608212001,4,1,15154,-30.0,15.0,1,0,40262
4,SF9 BW125 PA10,14,2608212001,4,1,16020,-31.0,13.0,1,0,36139
4,SF9 BW125 PA10,15,2608212001,4,1,16887,-28.0,14.0,1,0,54427
4,SF9 BW125 PA10,16,2608212001,4,1,17753,-34.0,12.0,1,0,3763
4,SF9 BW125 PA10,17,2608212001,4,1,18620,-32.0,15.0,1,0,22275
4,SF9 BW125 PA10,18,2608212001,4,1,19486,-31.0,12.0,1,0,18286
4,SF9 BW125 PA10,19,2608212001,4,1,20353,-32.0,12.0,1,0,7902
4,SF9 BW125 PA10,20,2608212001,4,1,21219,-31.0,15.0,1,0,40201
4,SF9 BW125 PA10,21,2608212001,4,1,22086,-31.0,13.0,1,0,50361
4,SF9 BW125 PA10,22,2608212001,4,1,22952,-31.0,15.0,1,0,54484
4,SF9 BW125 PA10,23,2608212001,4,1,23819,-32.0,12.0,1,0,36196
4,SF9 BW125 PA10,24,2608212001,4,1,24685,-31.0,12.0,1,0,14822
4,SF9 BW125 PA10,25,2608212001,4,1,25552,-33.0,13.0,1,0,24662
4,SF9 BW125 PA10,26,2608212001,4,1,26418,-33.0,14.0,1,0,28731
4,SF9 BW125 PA10,27,2608212001,4,1,27285,-31.0,12.0,1,0,10635
4,SF9 BW125 PA10,28,2608212001,4,1,28151,-29.0,14.0,1,0,43612
4,SF9 BW125 PA10,29,2608212001,4,1,29018,-33.0,13.0,1,0,62444
4,SF9 BW125 PA10,30,2608212001,4,1,29884,-32.0,12.0,1,0,58241
4,SF9 BW125 PA10,31,2608212001,4,1,30751,-32.0,14.0,1,0,47665
4,SF9 BW125 PA10,32,2608212001,4,1,31617,-31.0,15.0,1,0,48461
4,SF9 BW125 PA10,33,2608212001,4,1,32484,-31.0,15.0,1,0,58621
4,SF9 BW125 PA10,34,2608212001,4,1,33350,-32.0,14.0,1,0,62608
4,SF9 BW125 PA10,35,2608212001,4,1,34217,-32.0,14.0,1,0,44320
4,SF9 BW125 PA10,36,2608212001,4,1,35083,-32.0,14.0,1,0,12023
4,SF9 BW125 PA10,37,2608212001,4,1,35950,-32.0,14.0,1,0,30535
4,SF9 BW125 PA10,38,2608212001,4,1,36816,-31.0,12.0,1,0,26410
4,SF9 BW125 PA10,39,2608212001,4,1,37683,-32.0,14.0,1,0,16026
4,SF9 BW125 PA10,40,2608212001,4,1,38550,-31.0,13.0,1,0,35352
4,SF9 BW125 PA10,41,2608212001,4,1,39416,-30.0,13.0,1,0,54184
4,SF9 BW125 PA10,42,2608212001,4,1,40283,-30.0,13.0,1,0,50117
4,SF9 BW125 PA10,43,2608212001,4,1,41149,-30.0,13.0,1,0,39541
4,SF9 BW125 PA10,44,2608212001,4,1,42016,-31.0,12.0,1,0,6562
4,SF9 BW125 PA10,45,2608212001,4,1,42882,-31.0,13.0,1,0,16402
4,SF9 BW125 PA10,46,2608212001,4,1,43749,-32.0,14.0,1,0,20607
4,SF9 BW125 PA10,47,2608212001,4,1,44615,-32.0,12.0,1,0,2511
4,SF9 BW125 PA10,48,2608212001,4,1,45482,-32.0,14.0,1,0,54247
4,SF9 BW125 PA10,49,2608212001,4,1,46348,-32.0,14.0,1,0,35415
5,SF10 BW125 PA10,0,2608212001,5,1,4213,-32.0,15.0,1,0,24601
5,SF10 BW125 PA10,1,2608212001,5,1,5758,-29.0,15.0,1,0,14761
5,SF10 BW125 PA10,2,2608212001,5,1,7302,-29.0,14.0,1,0,10692
5,SF10 BW125 PA10,3,2608212001,5,1,8847,-32.0,15.0,1,0,28788
5,SF10 BW125 PA10,4,2608212001,5,1,10391,-32.0,15.0,1,0,62371
5,SF10 BW125 PA10,5,2608212001,5,1,11936,-31.0,16.0,1,0,43539
5,SF10 BW125 PA10,6,2608212001,5,1,13481,-31.0,14.0,1,0,47742
5,SF10 BW125 PA10,7,2608212001,5,1,15025,-31.0,14.0,1,0,58318
5,SF10 BW125 PA10,8,2608212001,5,1,16570,-31.0,15.0,1,0,22348
5,SF10 BW125 PA10,9,2608212001,5,1,18114,-32.0,14.0,1,0,3836
5,SF10 BW125 PA10,10,2608212001,5,1,19659,-33.0,13.0,1,0,7825
5,SF10 BW125 PA10,11,2608212001,5,1,21204,-32.0,14.0,1,0,18209
5,SF10 BW125 PA10,12,2608212001,5,1,22748,-32.0,15.0,1,0,50422
5,SF10 BW125 PA10,13,2608212001,5,1,24293,-32.0,15.0,1,0,40262
5,SF10 BW125 PA10,14,2608212001,5,1,25837,-32.0,15.0,1,0,36139
5,SF10 BW125 PA10,15,2608212001,5,1,27382,-32.0,15.0,1,0,54427
5,SF10 BW125 PA10,16,2608212001,5,1,28927,-33.0,15.0,1,0,3763
5,SF10 BW125 PA10,17,2608212001,5,1,30471,-33.0,15.0,1,0,22275
5,SF10 BW125 PA10,18,2608212001,5,1,32016,-31.0,14.0,1,0,18286
5,SF10 BW125 PA10,19,2608212001,5,1,33560,-32.0,15.0,1,0,7902
5,SF10 BW125 PA10,20,2608212001,5,1,35105,-31.0,15.0,1,0,40201
5,SF10 BW125 PA10,21,2608212001,5,1,36650,-30.0,15.0,1,0,50361
5,SF10 BW125 PA10,22,2608212001,5,1,38194,-31.0,13.0,1,0,54484
5,SF10 BW125 PA10,23,2608212001,5,1,39739,-30.0,15.0,1,0,36196
5,SF10 BW125 PA10,24,2608212001,5,1,41284,-30.0,14.0,1,0,14822
5,SF10 BW125 PA10,25,2608212001,5,1,42828,-31.0,14.0,1,0,24662
5,SF10 BW125 PA10,26,2608212001,5,1,44373,-30.0,15.0,1,0,28731
5,SF10 BW125 PA10,27,2608212001,5,1,45917,-30.0,15.0,1,0,10635
5,SF10 BW125 PA10,28,2608212001,5,1,47462,-32.0,15.0,1,0,43612
5,SF10 BW125 PA10,29,2608212001,5,1,49007,-33.0,14.0,1,0,62444
5,SF10 BW125 PA10,30,2608212001,5,1,50551,-33.0,15.0,1,0,58241
5,SF10 BW125 PA10,31,2608212001,5,1,52096,-33.0,14.0,1,0,47665
5,SF10 BW125 PA10,32,2608212001,5,1,53640,-32.0,15.0,1,0,48461
5,SF10 BW125 PA10,33,2608212001,5,1,55185,-33.0,15.0,1,0,58621
5,SF10 BW125 PA10,34,2608212001,5,1,56730,-32.0,14.0,1,0,62608
5,SF10 BW125 PA10,35,2608212001,5,1,58274,-31.0,14.0,1,0,44320
5,SF10 BW125 PA10,36,2608212001,5,1,59819,-31.0,14.0,1,0,12023
5,SF10 BW125 PA10,37,2608212001,5,1,61363,-32.0,14.0,1,0,30535
5,SF10 BW125 PA10,38,2608212001,5,1,62908,-31.0,15.0,1,0,26410
5,SF10 BW125 PA10,39,2608212001,5,1,64453,-35.0,14.0,1,0,16026
5,SF10 BW125 PA10,40,2608212001,5,1,65997,-32.0,13.0,1,0,35352
5,SF10 BW125 PA10,41,2608212001,5,1,67542,-32.0,15.0,1,0,54184
5,SF10 BW125 PA10,42,2608212001,5,1,69087,-30.0,15.0,1,0,50117
5,SF10 BW125 PA10,43,2608212001,5,1,70631,-28.0,16.0,1,0,39541
5,SF10 BW125 PA10,44,2608212001,5,1,72176,-30.0,15.0,1,0,6562
5,SF10 BW125 PA10,45,2608212001,5,1,73720,-30.0,15.0,1,0,16402
5,SF10 BW125 PA10,46,2608212001,5,1,75265,-29.0,15.0,1,0,20607
5,SF10 BW125 PA10,47,2608212001,5,1,76810,-30.0,16.0,1,0,2511
5,SF10 BW125 PA10,48,2608212001,5,1,78354,-29.0,16.0,1,0,54247
5,SF10 BW125 PA10,49,2608212001,5,1,79899,-29.0,16.0,1,0,35415
6,SF11 BW125 PA10,0,2608212001,6,1,4853,-36.0,10.0,1,0,24601
6,SF11 BW125 PA10,1,2608212001,6,1,7754,-32.0,10.0,1,0,14761
6,SF11 BW125 PA10,2,2608212001,6,1,10655,-31.0,10.0,1,0,10692
6,SF11 BW125 PA10,3,2608212001,6,1,13555,-31.0,10.0,1,0,28788
6,SF11 BW125 PA10,4,2608212001,6,1,16456,-31.0,10.0,1,0,62371
6,SF11 BW125 PA10,5,2608212001,6,1,19357,-30.0,11.0,1,0,43539
6,SF11 BW125 PA10,6,2608212001,6,1,22258,-30.0,10.0,1,0,47742
6,SF11 BW125 PA10,7,2608212001,6,1,25159,-30.0,11.0,1,0,58318
6,SF11 BW125 PA10,8,2608212001,6,1,28059,-30.0,11.0,1,0,22348
6,SF11 BW125 PA10,9,2608212001,6,1,30960,-30.0,10.0,1,0,3836
6,SF11 BW125 PA10,10,2608212001,6,1,33861,-28.0,11.0,1,0,7825
6,SF11 BW125 PA10,11,2608212001,6,1,36762,-31.0,10.0,1,0,18209
6,SF11 BW125 PA10,12,2608212001,6,1,39663,-29.0,11.0,1,0,50422
6,SF11 BW125 PA10,13,2608212001,6,1,42563,-32.0,10.0,1,0,40262
6,SF11 BW125 PA10,14,2608212001,6,1,45464,-32.0,11.0,1,0,36139
6,SF11 BW125 PA10,15,2608212001,6,1,48365,-33.0,10.0,1,0,54427
6,SF11 BW125 PA10,16,2608212001,6,1,51266,-32.0,11.0,1,0,3763
6,SF11 BW125 PA10,17,2608212001,6,1,54167,-32.0,10.0,1,0,22275
6,SF11 BW125 PA10,18,2608212001,6,1,57067,-32.0,11.0,1,0,18286
6,SF11 BW125 PA10,19,2608212001,6,1,59968,-34.0,9.0,1,0,7902
6,SF11 BW125 PA10,20,2608212001,6,1,62869,-33.0,10.0,1,0,40201
6,SF11 BW125 PA10,21,2608212001,6,1,65770,-33.0,10.0,1,0,50361
6,SF11 BW125 PA10,22,2608212001,6,1,68671,-34.0,10.0,1,0,54484
6,SF11 BW125 PA10,23,2608212001,6,1,71571,-32.0,11.0,1,0,36196
6,SF11 BW125 PA10,24,2608212001,6,1,74472,-30.0,11.0,1,0,14822
6,SF11 BW125 PA10,25,2608212001,6,1,77373,-29.0,11.0,1,0,24662
6,SF11 BW125 PA10,26,2608212001,6,1,80274,-29.0,11.0,1,0,28731
6,SF11 BW125 PA10,27,2608212001,6,1,83175,-32.0,11.0,1,0,10635
6,SF11 BW125 PA10,28,2608212001,6,1,86075,-31.0,10.0,1,0,43612
6,SF11 BW125 PA10,29,2608212001,6,1,88976,-31.0,10.0,1,0,62444
6,SF11 BW125 PA10,30,2608212001,6,1,91877,-32.0,10.0,1,0,58241
6,SF11 BW125 PA10,31,2608212001,6,1,94778,-33.0,10.0,1,0,47665
6,SF11 BW125 PA10,32,2608212001,6,1,97678,-33.0,9.0,1,0,48461
6,SF11 BW125 PA10,33,2608212001,6,1,100579,-34.0,10.0,1,0,58621
6,SF11 BW125 PA10,34,2608212001,6,1,103480,-33.0,10.0,1,0,62608
6,SF11 BW125 PA10,35,2608212001,6,1,106381,-32.0,10.0,1,0,44320
6,SF11 BW125 PA10,36,2608212001,6,1,109282,-32.0,11.0,1,0,12023
6,SF11 BW125 PA10,37,2608212001,6,1,112182,-32.0,10.0,1,0,30535
6,SF11 BW125 PA10,38,2608212001,6,1,115083,-33.0,10.0,1,0,26410
6,SF11 BW125 PA10,39,2608212001,6,1,117984,-32.0,11.0,1,0,16026
6,SF11 BW125 PA10,40,2608212001,6,1,120885,-33.0,10.0,1,0,35352
6,SF11 BW125 PA10,41,2608212001,6,1,123786,-32.0,10.0,1,0,54184
6,SF11 BW125 PA10,42,2608212001,6,1,126686,-31.0,9.0,1,0,50117
6,SF11 BW125 PA10,43,2608212001,6,1,129587,-30.0,10.0,1,0,39541
6,SF11 BW125 PA10,44,2608212001,6,1,132488,-30.0,11.0,1,0,6562
6,SF11 BW125 PA10,45,2608212001,6,1,135389,-31.0,11.0,1,0,16402
6,SF11 BW125 PA10,46,2608212001,6,1,138290,-32.0,9.0,1,0,20607
6,SF11 BW125 PA10,47,2608212001,6,1,141190,-31.0,11.0,1,0,2511
6,SF11 BW125 PA10,48,2608212001,6,1,144091,-32.0,11.0,1,0,54247
6,SF11 BW125 PA10,49,2608212001,6,1,146992,-31.0,11.0,1,0,35415
7,SF12 BW125 PA10,0,2608212001,7,1,5969,-30.0,13.0,1,0,24601
7,SF12 BW125 PA10,1,2608212001,7,1,11402,-31.0,12.0,1,0,14761
7,SF12 BW125 PA10,2,2608212001,7,1,16835,-31.0,12.0,1,0,10692
7,SF12 BW125 PA10,3,2608212001,7,1,22268,-30.0,13.0,1,0,28788
7,SF12 BW125 PA10,4,2608212001,7,1,27701,-32.0,12.0,1,0,62371
7,SF12 BW125 PA10,5,2608212001,7,1,33134,-30.0,13.0,1,0,43539
7,SF12 BW125 PA10,6,2608212001,7,1,38567,-31.0,12.0,1,0,47742
7,SF12 BW125 PA10,7,2608212001,7,1,44000,-31.0,13.0,1,0,58318
7,SF12 BW125 PA10,8,2608212001,7,1,49433,-31.0,11.0,1,0,22348
7,SF12 BW125 PA10,9,2608212001,7,1,54865,-31.0,13.0,1,0,3836
7,SF12 BW125 PA10,10,2608212001,7,1,60298,-32.0,11.0,1,0,7825
7,SF12 BW125 PA10,11,2608212001,7,1,65731,-33.0,12.0,1,0,18209
7,SF12 BW125 PA10,12,2608212001,7,1,71164,-34.0,10.0,1,0,50422
7,SF12 BW125 PA10,13,2608212001,7,1,76597,-33.0,12.0,1,0,40262
7,SF12 BW125 PA10,14,2608212001,7,1,82030,-31.0,12.0,1,0,36139
7,SF12 BW125 PA10,15,2608212001,7,1,87463,-32.0,12.0,1,0,54427
7,SF12 BW125 PA10,16,2608212001,7,1,92896,-33.0,13.0,1,0,3763
7,SF12 BW125 PA10,17,2608212001,7,1,98329,-33.0,13.0,1,0,22275
7,SF12 BW125 PA10,18,2608212001,7,1,103762,-34.0,11.0,1,0,18286
7,SF12 BW125 PA10,19,2608212001,7,1,109195,-33.0,12.0,1,0,7902
7,SF12 BW125 PA10,20,2608212001,7,1,114628,-31.0,12.0,1,0,40201
7,SF12 BW125 PA10,21,2608212001,7,1,120061,-31.0,13.0,1,0,50361
7,SF12 BW125 PA10,22,2608212001,7,1,125494,-31.0,14.0,1,0,54484
7,SF12 BW125 PA10,23,2608212001,7,1,130927,-30.0,12.0,1,0,36196
7,SF12 BW125 PA10,24,2608212001,7,1,136360,-31.0,14.0,1,0,14822
7,SF12 BW125 PA10,25,2608212001,7,1,141793,-30.0,14.0,1,0,24662
7,SF12 BW125 PA10,26,2608212001,7,1,147226,-30.0,14.0,1,0,28731
7,SF12 BW125 PA10,27,2608212001,7,1,152659,-30.0,14.0,1,0,10635
7,SF12 BW125 PA10,28,2608212001,7,1,158091,-30.0,12.0,1,0,43612
7,SF12 BW125 PA10,29,2608212001,7,1,163524,-31.0,12.0,1,0,62444
7,SF12 BW125 PA10,30,2608212001,7,1,168957,-31.0,13.0,1,0,58241
7,SF12 BW125 PA10,31,2608212001,7,1,174390,-32.0,11.0,1,0,47665
7,SF12 BW125 PA10,32,2608212001,7,1,179823,-29.0,12.0,1,0,48461
7,SF12 BW125 PA10,33,2608212001,7,1,185256,-29.0,11.0,1,0,58621
7,SF12 BW125 PA10,34,2608212001,7,1,190689,-31.0,13.0,1,0,62608
7,SF12 BW125 PA10,35,2608212001,7,1,196122,-31.0,14.0,1,0,44320
7,SF12 BW125 PA10,36,2608212001,7,1,201555,-30.0,13.0,1,0,12023
7,SF12 BW125 PA10,37,2608212001,7,1,206988,-30.0,13.0,1,0,30535
7,SF12 BW125 PA10,38,2608212001,7,1,212421,-30.0,12.0,1,0,26410
7,SF12 BW125 PA10,39,2608212001,7,1,217854,-30.0,13.0,1,0,16026
7,SF12 BW125 PA10,40,2608212001,7,1,223287,-30.0,14.0,1,0,35352
7,SF12 BW125 PA10,41,2608212001,7,1,228720,-30.0,12.0,1,0,54184
7,SF12 BW125 PA10,42,2608212001,7,1,234153,-30.0,12.0,1,0,50117
7,SF12 BW125 PA10,43,2608212001,7,1,239586,-30.0,12.0,1,0,39541
7,SF12 BW125 PA10,44,2608212001,7,1,245019,-31.0,12.0,1,0,6562
7,SF12 BW125 PA10,45,2608212001,7,1,250452,-31.0,13.0,1,0,16402
7,SF12 BW125 PA10,46,2608212001,7,1,255884,-30.0,12.0,1,0,20607
7,SF12 BW125 PA10,47,2608212001,7,1,261317,-30.0,13.0,1,0,2511
7,SF12 BW125 PA10,48,2608212001,7,1,266750,-29.0,13.0,1,0,54247
7,SF12 BW125 PA10,49,2608212001,7,1,272183,-30.0,13.0,1,0,35415
8,SF5 BW250 PA10,0,2608212001,8,1,3546,-30.0,10.0,1,0,24601
8,SF5 BW250 PA10,1,2608212001,8,1,3598,-30.0,11.0,1,0,14761
8,SF5 BW250 PA10,2,2608212001,8,1,3650,-30.0,10.0,1,0,10692
8,SF5 BW250 PA10,3,2608212001,8,1,3702,-30.0,10.0,1,0,28788
8,SF5 BW250 PA10,4,2608212001,8,1,3754,-29.0,10.0,1,0,62371
8,SF5 BW250 PA10,5,2608212001,8,1,3807,-29.0,10.0,1,0,43539
8,SF5 BW250 PA10,6,2608212001,8,1,3859,-29.0,11.0,1,0,47742
8,SF5 BW250 PA10,7,2608212001,8,1,3911,-29.0,10.0,1,0,58318
8,SF5 BW250 PA10,8,2608212001,8,1,3963,-29.0,10.0,1,0,22348
8,SF5 BW250 PA10,9,2608212001,8,1,4015,-30.0,10.0,1,0,3836
8,SF5 BW250 PA10,10,2608212001,8,1,4068,-30.0,10.0,1,0,7825
8,SF5 BW250 PA10,11,2608212001,8,1,4120,-29.0,10.0,1,0,18209
8,SF5 BW250 PA10,12,2608212001,8,1,4172,-29.0,10.0,1,0,50422
8,SF5 BW250 PA10,13,2608212001,8,1,4224,-29.0,11.0,1,0,40262
8,SF5 BW250 PA10,14,2608212001,8,1,4276,-29.0,10.0,1,0,36139
8,SF5 BW250 PA10,15,2608212001,8,1,4328,-29.0,11.0,1,0,54427
8,SF5 BW250 PA10,16,2608212001,8,1,4381,-29.0,10.0,1,0,3763
8,SF5 BW250 PA10,17,2608212001,8,1,4433,-29.0,10.0,1,0,22275
8,SF5 BW250 PA10,18,2608212001,8,1,4485,-29.0,10.0,1,0,18286
8,SF5 BW250 PA10,19,2608212001,8,1,4537,-29.0,10.0,1,0,7902
8,SF5 BW250 PA10,20,2608212001,8,1,4589,-29.0,10.0,1,0,40201
8,SF5 BW250 PA10,21,2608212001,8,1,4641,-29.0,9.0,1,0,50361
8,SF5 BW250 PA10,22,2608212001,8,1,4694,-29.0,10.0,1,0,54484
8,SF5 BW250 PA10,23,2608212001,8,1,4746,-29.0,10.0,1,0,36196
8,SF5 BW250 PA10,24,2608212001,8,1,4798,-30.0,10.0,1,0,14822
8,SF5 BW250 PA10,25,2608212001,8,1,4850,-30.0,11.0,1,0,24662
8,SF5 BW250 PA10,26,2608212001,8,1,4902,-30.0,10.0,1,0,28731
8,SF5 BW250 PA10,27,2608212001,8,1,4955,-30.0,10.0,1,0,10635
8,SF5 BW250 PA10,28,2608212001,8,1,5007,-30.0,10.0,1,0,43612
8,SF5 BW250 PA10,29,2608212001,8,1,5059,-31.0,11.0,1,0,62444
8,SF5 BW250 PA10,30,2608212001,8,1,5111,-31.0,11.0,1,0,58241
8,SF5 BW250 PA10,31,2608212001,8,1,5163,-30.0,10.0,1,0,47665
8,SF5 BW250 PA10,32,2608212001,8,1,5215,-30.0,10.0,1,0,48461
8,SF5 BW250 PA10,33,2608212001,8,1,5268,-30.0,11.0,1,0,58621
8,SF5 BW250 PA10,34,2608212001,8,1,5320,-31.0,10.0,1,0,62608
8,SF5 BW250 PA10,35,2608212001,8,1,5372,-30.0,10.0,1,0,44320
8,SF5 BW250 PA10,36,2608212001,8,1,5424,-31.0,11.0,1,0,12023
8,SF5 BW250 PA10,37,2608212001,8,1,5476,-30.0,11.0,1,0,30535
8,SF5 BW250 PA10,38,2608212001,8,1,5529,-30.0,11.0,1,0,26410
8,SF5 BW250 PA10,39,2608212001,8,1,5581,-30.0,11.0,1,0,16026
8,SF5 BW250 PA10,40,2608212001,8,1,5633,-30.0,11.0,1,0,35352
8,SF5 BW250 PA10,41,2608212001,8,1,5685,-29.0,10.0,1,0,54184
8,SF5 BW250 PA10,42,2608212001,8,1,5737,-29.0,10.0,1,0,50117
8,SF5 BW250 PA10,43,2608212001,8,1,5789,-29.0,9.0,1,0,39541
8,SF5 BW250 PA10,44,2608212001,8,1,5842,-29.0,9.0,1,0,6562
8,SF5 BW250 PA10,45,2608212001,8,1,5894,-30.0,10.0,1,0,16402
8,SF5 BW250 PA10,46,2608212001,8,1,5946,-30.0,10.0,1,0,20607
8,SF5 BW250 PA10,47,2608212001,8,1,5998,-29.0,10.0,1,0,2511
8,SF5 BW250 PA10,48,2608212001,8,1,6050,-29.0,10.0,1,0,54247
8,SF5 BW250 PA10,49,2608212001,8,1,6103,-29.0,12.0,1,0,35415
9,SF6 BW250 PA10,0,2608212001,9,1,3514,-29.0,13.0,1,0,24601
9,SF6 BW250 PA10,1,2608212001,9,1,3597,-29.0,13.0,1,0,14761
9,SF6 BW250 PA10,2,2608212001,9,1,3681,-30.0,13.0,1,0,10692
9,SF6 BW250 PA10,3,2608212001,9,1,3764,-30.0,13.0,1,0,28788
9,SF6 BW250 PA10,4,2608212001,9,1,3848,-30.0,13.0,1,0,62371
9,SF6 BW250 PA10,5,2608212001,9,1,3932,-30.0,13.0,1,0,43539
9,SF6 BW250 PA10,6,2608212001,9,1,4015,-30.0,13.0,1,0,47742
9,SF6 BW250 PA10,7,2608212001,9,1,4099,-30.0,13.0,1,0,58318
9,SF6 BW250 PA10,8,2608212001,9,1,4182,-30.0,13.0,1,0,22348
9,SF6 BW250 PA10,9,2608212001,9,1,4266,-30.0,13.0,1,0,3836
9,SF6 BW250 PA10,10,2608212001,9,1,4350,-30.0,13.0,1,0,7825
9,SF6 BW250 PA10,11,2608212001,9,1,4433,-30.0,13.0,1,0,18209
9,SF6 BW250 PA10,12,2608212001,9,1,4517,-30.0,13.0,1,0,50422
9,SF6 BW250 PA10,13,2608212001,9,1,4600,-30.0,13.0,1,0,40262
9,SF6 BW250 PA10,14,2608212001,9,1,4684,-30.0,13.0,1,0,36139
9,SF6 BW250 PA10,15,2608212001,9,1,4768,-30.0,13.0,1,0,54427
9,SF6 BW250 PA10,16,2608212001,9,1,4851,-30.0,13.0,1,0,3763
9,SF6 BW250 PA10,17,2608212001,9,1,4935,-30.0,13.0,1,0,22275
9,SF6 BW250 PA10,18,2608212001,9,1,5019,-30.0,13.0,1,0,18286
9,SF6 BW250 PA10,19,2608212001,9,1,5102,-30.0,13.0,1,0,7902
9,SF6 BW250 PA10,20,2608212001,9,1,5186,-30.0,13.0,1,0,40201
9,SF6 BW250 PA10,21,2608212001,9,1,5269,-30.0,13.0,1,0,50361
9,SF6 BW250 PA10,22,2608212001,9,1,5353,-30.0,13.0,1,0,54484
9,SF6 BW250 PA10,23,2608212001,9,1,5437,-30.0,12.0,1,0,36196
9,SF6 BW250 PA10,24,2608212001,9,1,5520,-30.0,13.0,1,0,14822
9,SF6 BW250 PA10,25,2608212001,9,1,5604,-30.0,13.0,1,0,24662
9,SF6 BW250 PA10,26,2608212001,9,1,5687,-30.0,12.0,1,0,28731
9,SF6 BW250 PA10,27,2608212001,9,1,5771,-30.0,13.0,1,0,10635
9,SF6 BW250 PA10,28,2608212001,9,1,5855,-30.0,13.0,1,0,43612
9,SF6 BW250 PA10,29,2608212001,9,1,5938,-30.0,13.0,1,0,62444
9,SF6 BW250 PA10,30,2608212001,9,1,6022,-30.0,12.0,1,0,58241
9,SF6 BW250 PA10,31,2608212001,9,1,6105,-30.0,12.0,1,0,47665
9,SF6 BW250 PA10,32,2608212001,9,1,6189,-30.0,13.0,1,0,48461
9,SF6 BW250 PA10,33,2608212001,9,1,6273,-30.0,13.0,1,0,58621
9,SF6 BW250 PA10,34,2608212001,9,1,6356,-30.0,13.0,1,0,62608
9,SF6 BW250 PA10,35,2608212001,9,1,6440,-30.0,13.0,1,0,44320
9,SF6 BW250 PA10,36,2608212001,9,1,6523,-30.0,13.0,1,0,12023
9,SF6 BW250 PA10,37,2608212001,9,1,6607,-30.0,13.0,1,0,30535
9,SF6 BW250 PA10,38,2608212001,9,1,6691,-30.0,12.0,1,0,26410
9,SF6 BW250 PA10,39,2608212001,9,1,6774,-30.0,13.0,1,0,16026
9,SF6 BW250 PA10,40,2608212001,9,1,6858,-30.0,13.0,1,0,35352
9,SF6 BW250 PA10,41,2608212001,9,1,6941,-30.0,13.0,1,0,54184
9,SF6 BW250 PA10,42,2608212001,9,1,7025,-30.0,12.0,1,0,50117
9,SF6 BW250 PA10,43,2608212001,9,1,7109,-30.0,13.0,1,0,39541
9,SF6 BW250 PA10,44,2608212001,9,1,7192,-30.0,14.0,1,0,6562
9,SF6 BW250 PA10,45,2608212001,9,1,7276,-30.0,13.0,1,0,16402
9,SF6 BW250 PA10,46,2608212001,9,1,7360,-30.0,14.0,1,0,20607
9,SF6 BW250 PA10,47,2608212001,9,1,7443,-30.0,13.0,1,0,2511
9,SF6 BW250 PA10,48,2608212001,9,1,7527,-30.0,13.0,1,0,54247
9,SF6 BW250 PA10,49,2608212001,9,1,7610,-30.0,13.0,1,0,35415
10,SF7 BW250 PA10,0,2608212001,10,1,3590,-29.0,15.0,1,0,24601
10,SF7 BW250 PA10,1,2608212001,10,1,3728,-30.0,15.0,1,0,14761
10,SF7 BW250 PA10,2,2608212001,10,1,3866,-29.0,15.0,1,0,10692
10,SF7 BW250 PA10,3,2608212001,10,1,4004,-28.0,15.0,1,0,28788
10,SF7 BW250 PA10,4,2608212001,10,1,4142,-27.0,15.0,1,0,62371
10,SF7 BW250 PA10,5,2608212001,10,1,4280,-26.0,15.0,1,0,43539
10,SF7 BW250 PA10,6,2608212001,10,1,4418,-26.0,15.0,1,0,47742
10,SF7 BW250 PA10,7,2608212001,10,1,4556,-26.0,15.0,1,0,58318
10,SF7 BW250 PA10,8,2608212001,10,1,4694,-27.0,15.0,1,0,22348
10,SF7 BW250 PA10,9,2608212001,10,1,4832,-26.0,15.0,1,0,3836
10,SF7 BW250 PA10,10,2608212001,10,1,4970,-26.0,15.0,1,0,7825
10,SF7 BW250 PA10,11,2608212001,10,1,5108,-26.0,15.0,1,0,18209
10,SF7 BW250 PA10,12,2608212001,10,1,5246,-26.0,15.0,1,0,50422
10,SF7 BW250 PA10,13,2608212001,10,1,5384,-26.0,15.0,1,0,40262
10,SF7 BW250 PA10,14,2608212001,10,1,5522,-26.0,15.0,1,0,36139
10,SF7 BW250 PA10,15,2608212001,10,1,5660,-26.0,15.0,1,0,54427
10,SF7 BW250 PA10,16,2608212001,10,1,5798,-26.0,15.0,1,0,3763
10,SF7 BW250 PA10,17,2608212001,10,1,5936,-26.0,15.0,1,0,22275
10,SF7 BW250 PA10,18,2608212001,10,1,6074,-26.0,15.0,1,0,18286
10,SF7 BW250 PA10,19,2608212001,10,1,6212,-26.0,15.0,1,0,7902
10,SF7 BW250 PA10,20,2608212001,10,1,6350,-26.0,15.0,1,0,40201
10,SF7 BW250 PA10,21,2608212001,10,1,6488,-26.0,14.0,1,0,50361
10,SF7 BW250 PA10,22,2608212001,10,1,6626,-26.0,15.0,1,0,54484
10,SF7 BW250 PA10,23,2608212001,10,1,6764,-26.0,16.0,1,0,36196
10,SF7 BW250 PA10,24,2608212001,10,1,6902,-26.0,15.0,1,0,14822
10,SF7 BW250 PA10,25,2608212001,10,1,7040,-26.0,16.0,1,0,24662
10,SF7 BW250 PA10,26,2608212001,10,1,7178,-27.0,15.0,1,0,28731
10,SF7 BW250 PA10,27,2608212001,10,1,7316,-27.0,15.0,1,0,10635
10,SF7 BW250 PA10,28,2608212001,10,1,7454,-27.0,15.0,1,0,43612
10,SF7 BW250 PA10,29,2608212001,10,1,7592,-27.0,15.0,1,0,62444
10,SF7 BW250 PA10,30,2608212001,10,1,7730,-26.0,15.0,1,0,58241
10,SF7 BW250 PA10,31,2608212001,10,1,7868,-27.0,15.0,1,0,47665
10,SF7 BW250 PA10,32,2608212001,10,1,8006,-28.0,15.0,1,0,48461
10,SF7 BW250 PA10,33,2608212001,10,1,8144,-28.0,15.0,1,0,58621
10,SF7 BW250 PA10,34,2608212001,10,1,8282,-28.0,15.0,1,0,62608
10,SF7 BW250 PA10,35,2608212001,10,1,8420,-28.0,15.0,1,0,44320
10,SF7 BW250 PA10,36,2608212001,10,1,8558,-28.0,16.0,1,0,12023
10,SF7 BW250 PA10,37,2608212001,10,1,8696,-27.0,15.0,1,0,30535
10,SF7 BW250 PA10,38,2608212001,10,1,8834,-27.0,15.0,1,0,26410
10,SF7 BW250 PA10,39,2608212001,10,1,8972,-28.0,15.0,1,0,16026
10,SF7 BW250 PA10,40,2608212001,10,1,9110,-28.0,15.0,1,0,35352
10,SF7 BW250 PA10,41,2608212001,10,1,9248,-27.0,15.0,1,0,54184
10,SF7 BW250 PA10,42,2608212001,10,1,9387,-27.0,15.0,1,0,50117
10,SF7 BW250 PA10,43,2608212001,10,1,9525,-27.0,16.0,1,0,39541
10,SF7 BW250 PA10,44,2608212001,10,1,9663,-27.0,15.0,1,0,6562
10,SF7 BW250 PA10,45,2608212001,10,1,9801,-27.0,15.0,1,0,16402
10,SF7 BW250 PA10,46,2608212001,10,1,9939,-28.0,15.0,1,0,20607
10,SF7 BW250 PA10,47,2608212001,10,1,10077,-28.0,15.0,1,0,2511
10,SF7 BW250 PA10,48,2608212001,10,1,10215,-27.0,15.0,1,0,54247
10,SF7 BW250 PA10,49,2608212001,10,1,10353,-27.0,15.0,1,0,35415
11,SF8 BW250 PA10,0,2608212001,11,1,3593,-26.0,17.0,1,0,24601
11,SF8 BW250 PA10,1,2608212001,11,1,3838,-26.0,17.0,1,0,14761
11,SF8 BW250 PA10,2,2608212001,11,1,4083,-26.0,17.0,1,0,10692
11,SF8 BW250 PA10,3,2608212001,11,1,4329,-26.0,17.0,1,0,28788
11,SF8 BW250 PA10,4,2608212001,11,1,4574,-25.0,17.0,1,0,62371
11,SF8 BW250 PA10,5,2608212001,11,1,4819,-25.0,17.0,1,0,43539
11,SF8 BW250 PA10,6,2608212001,11,1,5065,-27.0,16.0,1,0,47742
11,SF8 BW250 PA10,7,2608212001,11,1,5310,-27.0,16.0,1,0,58318
11,SF8 BW250 PA10,8,2608212001,11,1,5555,-26.0,16.0,1,0,22348
11,SF8 BW250 PA10,9,2608212001,11,1,5800,-26.0,17.0,1,0,3836
11,SF8 BW250 PA10,10,2608212001,11,1,6046,-26.0,16.0,1,0,7825
11,SF8 BW250 PA10,11,2608212001,11,1,6291,-26.0,16.0,1,0,18209
11,SF8 BW250 PA10,12,2608212001,11,1,6536,-26.0,16.0,1,0,50422
11,SF8 BW250 PA10,13,2608212001,11,1,6782,-26.0,16.0,1,0,40262
11,SF8 BW250 PA10,14,2608212001,11,1,7027,-26.0,17.0,1,0,36139
11,SF8 BW250 PA10,15,2608212001,11,1,7272,-26.0,16.0,1,0,54427
11,SF8 BW250 PA10,16,2608212001,11,1,7518,-27.0,16.0,1,0,3763
11,SF8 BW250 PA10,17,2608212001,11,1,7763,-26.0,16.0,1,0,22275
11,SF8 BW250 PA10,18,2608212001,11,1,8008,-26.0,16.0,1,0,18286
11,SF8 BW250 PA10,19,2608212001,11,1,8254,-26.0,16.0,1,0,7902
11,SF8 BW250 PA10,20,2608212001,11,1,8499,-27.0,16.0,1,0,40201
11,SF8 BW250 PA10,21,2608212001,11,1,8744,-27.0,16.0,1,0,50361
11,SF8 BW250 PA10,22,2608212001,11,1,8989,-26.0,16.0,1,0,54484
11,SF8 BW250 PA10,23,2608212001,11,1,9235,-25.0,17.0,1,0,36196
11,SF8 BW250 PA10,24,2608212001,11,1,9480,-25.0,17.0,1,0,14822
11,SF8 BW250 PA10,25,2608212001,11,1,9725,-26.0,17.0,1,0,24662
11,SF8 BW250 PA10,26,2608212001,11,1,9971,-26.0,17.0,1,0,28731
11,SF8 BW250 PA10,27,2608212001,11,1,10216,-26.0,17.0,1,0,10635
11,SF8 BW250 PA10,28,2608212001,11,1,10461,-26.0,16.0,1,0,43612
11,SF8 BW250 PA10,29,2608212001,11,1,10707,-26.0,16.0,1,0,62444
11,SF8 BW250 PA10,30,2608212001,11,1,10952,-26.0,17.0,1,0,58241
11,SF8 BW250 PA10,31,2608212001,11,1,11197,-25.0,17.0,1,0,47665
11,SF8 BW250 PA10,32,2608212001,11,1,11443,-25.0,17.0,1,0,48461
11,SF8 BW250 PA10,33,2608212001,11,1,11688,-25.0,17.0,1,0,58621
11,SF8 BW250 PA10,34,2608212001,11,1,11933,-25.0,17.0,1,0,62608
11,SF8 BW250 PA10,35,2608212001,11,1,12179,-26.0,17.0,1,0,44320
11,SF8 BW250 PA10,36,2608212001,11,1,12424,-26.0,17.0,1,0,12023
11,SF8 BW250 PA10,37,2608212001,11,1,12669,-26.0,16.0,1,0,30535
11,SF8 BW250 PA10,38,2608212001,11,1,12914,-26.0,17.0,1,0,26410
11,SF8 BW250 PA10,39,2608212001,11,1,13160,-25.0,17.0,1,0,16026
11,SF8 BW250 PA10,40,2608212001,11,1,13405,-25.0,17.0,1,0,35352
11,SF8 BW250 PA10,41,2608212001,11,1,13650,-25.0,17.0,1,0,54184
11,SF8 BW250 PA10,42,2608212001,11,1,13896,-25.0,17.0,1,0,50117
11,SF8 BW250 PA10,43,2608212001,11,1,14141,-26.0,17.0,1,0,39541
11,SF8 BW250 PA10,44,2608212001,11,1,14386,-26.0,17.0,1,0,6562
11,SF8 BW250 PA10,45,2608212001,11,1,14632,-26.0,16.0,1,0,16402
11,SF8 BW250 PA10,46,2608212001,11,1,14877,-26.0,16.0,1,0,20607
11,SF8 BW250 PA10,47,2608212001,11,1,15122,-26.0,16.0,1,0,2511
11,SF8 BW250 PA10,48,2608212001,11,1,15368,-26.0,17.0,1,0,54247
11,SF8 BW250 PA10,49,2608212001,11,1,15613,-25.0,17.0,1,0,35415
12,SF9 BW250 PA10,0,2608212001,12,1,3684,-28.0,13.0,1,0,24601
12,SF9 BW250 PA10,1,2608212001,12,1,4121,-27.0,13.0,1,0,14761
12,SF9 BW250 PA10,2,2608212001,12,1,4559,-26.0,14.0,1,0,10692
12,SF9 BW250 PA10,3,2608212001,12,1,4996,-27.0,13.0,1,0,28788
12,SF9 BW250 PA10,4,2608212001,12,1,5434,-27.0,13.0,1,0,62371
12,SF9 BW250 PA10,5,2608212001,12,1,5871,-27.0,13.0,1,0,43539
12,SF9 BW250 PA10,6,2608212001,12,1,6308,-27.0,14.0,1,0,47742
12,SF9 BW250 PA10,7,2608212001,12,1,6746,-27.0,13.0,1,0,58318
12,SF9 BW250 PA10,8,2608212001,12,1,7183,-27.0,13.0,1,0,22348
12,SF9 BW250 PA10,9,2608212001,12,1,7620,-27.0,14.0,1,0,3836
12,SF9 BW250 PA10,10,2608212001,12,1,8058,-26.0,14.0,1,0,7825
12,SF9 BW250 PA10,11,2608212001,12,1,8495,-26.0,14.0,1,0,18209
12,SF9 BW250 PA10,12,2608212001,12,1,8932,-26.0,14.0,1,0,50422
12,SF9 BW250 PA10,13,2608212001,12,1,9370,-26.0,14.0,1,0,40262
12,SF9 BW250 PA10,14,2608212001,12,1,9807,-26.0,14.0,1,0,36139
12,SF9 BW250 PA10,15,2608212001,12,1,10245,-26.0,14.0,1,0,54427
12,SF9 BW250 PA10,16,2608212001,12,1,10682,-27.0,14.0,1,0,3763
12,SF9 BW250 PA10,17,2608212001,12,1,11119,-26.0,14.0,1,0,22275
12,SF9 BW250 PA10,18,2608212001,12,1,11557,-27.0,13.0,1,0,18286
12,SF9 BW250 PA10,19,2608212001,12,1,11994,-27.0,13.0,1,0,7902
12,SF9 BW250 PA10,20,2608212001,12,1,12431,-27.0,13.0,1,0,40201
12,SF9 BW250 PA10,21,2608212001,12,1,12869,-27.0,13.0,1,0,50361
12,SF9 BW250 PA10,22,2608212001,12,1,13306,-27.0,13.0,1,0,54484
12,SF9 BW250 PA10,23,2608212001,12,1,13743,-27.0,13.0,1,0,36196
12,SF9 BW250 PA10,24,2608212001,12,1,14181,-26.0,14.0,1,0,14822
12,SF9 BW250 PA10,25,2608212001,12,1,14618,-26.0,14.0,1,0,24662
12,SF9 BW250 PA10,26,2608212001,12,1,15056,-27.0,14.0,1,0,28731
12,SF9 BW250 PA10,27,2608212001,12,1,15493,-27.0,13.0,1,0,10635
12,SF9 BW250 PA10,28,2608212001,12,1,15930,-28.0,12.0,1,0,43612
12,SF9 BW250 PA10,29,2608212001,12,1,16368,-27.0,13.0,1,0,62444
12,SF9 BW250 PA10,30,2608212001,12,1,16805,-26.0,14.0,1,0,58241
12,SF9 BW250 PA10,31,2608212001,12,1,17242,-27.0,13.0,1,0,47665
12,SF9 BW250 PA10,32,2608212001,12,1,17680,-28.0,14.0,1,0,48461
12,SF9 BW250 PA10,33,2608212001,12,1,18117,-27.0,13.0,1,0,58621
12,SF9 BW250 PA10,34,2608212001,12,1,18554,-26.0,14.0,1,0,62608
12,SF9 BW250 PA10,35,2608212001,12,1,18992,-27.0,13.0,1,0,44320
12,SF9 BW250 PA10,36,2608212001,12,1,19429,-26.0,14.0,1,0,12023
12,SF9 BW250 PA10,37,2608212001,12,1,19867,-28.0,13.0,1,0,30535
12,SF9 BW250 PA10,38,2608212001,12,1,20304,-28.0,12.0,1,0,26410
12,SF9 BW250 PA10,39,2608212001,12,1,20741,-28.0,12.0,1,0,16026
12,SF9 BW250 PA10,40,2608212001,12,1,21179,-28.0,12.0,1,0,35352
12,SF9 BW250 PA10,41,2608212001,12,1,21616,-28.0,12.0,1,0,54184
12,SF9 BW250 PA10,42,2608212001,12,1,22053,-28.0,12.0,1,0,50117
12,SF9 BW250 PA10,43,2608212001,12,1,22491,-28.0,13.0,1,0,39541
12,SF9 BW250 PA10,44,2608212001,12,1,22928,-27.0,14.0,1,0,6562
12,SF9 BW250 PA10,45,2608212001,12,1,23365,-26.0,14.0,1,0,16402
12,SF9 BW250 PA10,46,2608212001,12,1,23803,-27.0,13.0,1,0,20607
12,SF9 BW250 PA10,47,2608212001,12,1,24240,-28.0,12.0,1,0,2511
12,SF9 BW250 PA10,48,2608212001,12,1,24678,-29.0,12.0,1,0,54247
12,SF9 BW250 PA10,49,2608212001,12,1,25115,-29.0,14.0,1,0,35415
13,SF10 BW250 PA10,0,2608212001,13,1,3868,-28.0,15.0,1,0,24601
13,SF10 BW250 PA10,1,2608212001,13,1,4644,-29.0,15.0,1,0,14761
13,SF10 BW250 PA10,2,2608212001,13,1,5421,-29.0,15.0,1,0,10692
13,SF10 BW250 PA10,3,2608212001,13,1,6197,-28.0,14.0,1,0,28788
13,SF10 BW250 PA10,4,2608212001,13,1,6974,-28.0,14.0,1,0,62371
13,SF10 BW250 PA10,5,2608212001,13,1,7750,-29.0,15.0,1,0,43539
13,SF10 BW250 PA10,6,2608212001,13,1,8527,-29.0,15.0,1,0,47742
13,SF10 BW250 PA10,7,2608212001,13,1,9303,-29.0,15.0,1,0,58318
13,SF10 BW250 PA10,8,2608212001,13,1,10079,-29.0,15.0,1,0,22348
13,SF10 BW250 PA10,9,2608212001,13,1,10856,-29.0,15.0,1,0,3836
13,SF10 BW250 PA10,10,2608212001,13,1,11632,-29.0,15.0,1,0,7825
13,SF10 BW250 PA10,11,2608212001,13,1,12409,-28.0,15.0,1,0,18209
13,SF10 BW250 PA10,12,2608212001,13,1,13185,-28.0,16.0,1,0,50422
13,SF10 BW250 PA10,13,2608212001,13,1,13961,-28.0,14.0,1,0,40262
13,SF10 BW250 PA10,14,2608212001,13,1,14738,-28.0,15.0,1,0,36139
13,SF10 BW250 PA10,15,2608212001,13,1,15514,-28.0,14.0,1,0,54427
13,SF10 BW250 PA10,16,2608212001,13,1,16291,-28.0,15.0,1,0,3763
13,SF10 BW250 PA10,17,2608212001,13,1,17067,-28.0,16.0,1,0,22275
13,SF10 BW250 PA10,18,2608212001,13,1,17843,-28.0,15.0,1,0,18286
13,SF10 BW250 PA10,19,2608212001,13,1,18620,-29.0,15.0,1,0,7902
13,SF10 BW250 PA10,20,2608212001,13,1,19396,-28.0,15.0,1,0,40201
13,SF10 BW250 PA10,21,2608212001,13,1,20173,-28.0,14.0,1,0,50361
13,SF10 BW250 PA10,22,2608212001,13,1,20949,-28.0,14.0,1,0,54484
13,SF10 BW250 PA10,23,2608212001,13,1,21725,-29.0,15.0,1,0,36196
13,SF10 BW250 PA10,24,2608212001,13,1,22502,-28.0,14.0,1,0,14822
13,SF10 BW250 PA10,25,2608212001,13,1,23278,-28.0,14.0,1,0,24662
13,SF10 BW250 PA10,26,2608212001,13,1,24055,-27.0,15.0,1,0,28731
13,SF10 BW250 PA10,27,2608212001,13,1,24831,-28.0,14.0,1,0,10635
13,SF10 BW250 PA10,28,2608212001,13,1,25608,-27.0,15.0,1,0,43612
13,SF10 BW250 PA10,29,2608212001,13,1,26384,-28.0,14.0,1,0,62444
13,SF10 BW250 PA10,30,2608212001,13,1,27160,-27.0,15.0,1,0,58241
13,SF10 BW250 PA10,31,2608212001,13,1,27937,-28.0,15.0,1,0,47665
13,SF10 BW250 PA10,32,2608212001,13,1,28713,-27.0,15.0,1,0,48461
13,SF10 BW250 PA10,33,2608212001,13,1,29490,-27.0,15.0,1,0,58621
13,SF10 BW250 PA10,34,2608212001,13,1,30266,-27.0,15.0,1,0,62608
13,SF10 BW250 PA10,35,2608212001,13,1,31042,-27.0,15.0,1,0,44320
13,SF10 BW250 PA10,36,2608212001,13,1,31819,-28.0,14.0,1,0,12023
13,SF10 BW250 PA10,37,2608212001,13,1,32595,-27.0,15.0,1,0,30535
13,SF10 BW250 PA10,38,2608212001,13,1,33372,-27.0,15.0,1,0,26410
13,SF10 BW250 PA10,39,2608212001,13,1,34148,-27.0,15.0,1,0,16026
13,SF10 BW250 PA10,40,2608212001,13,1,34924,-27.0,15.0,1,0,35352
13,SF10 BW250 PA10,41,2608212001,13,1,35701,-26.0,15.0,1,0,54184
13,SF10 BW250 PA10,42,2608212001,13,1,36477,-27.0,15.0,1,0,50117
13,SF10 BW250 PA10,43,2608212001,13,1,37254,-27.0,15.0,1,0,39541
13,SF10 BW250 PA10,44,2608212001,13,1,38030,-27.0,15.0,1,0,6562
13,SF10 BW250 PA10,45,2608212001,13,1,38807,-26.0,15.0,1,0,16402
13,SF10 BW250 PA10,46,2608212001,13,1,39583,-26.0,16.0,1,0,20607
13,SF10 BW250 PA10,47,2608212001,13,1,40359,-26.0,15.0,1,0,2511
13,SF10 BW250 PA10,48,2608212001,13,1,41136,-26.0,15.0,1,0,54247
13,SF10 BW250 PA10,49,2608212001,13,1,41912,-26.0,15.0,1,0,35415
14,SF11 BW250 PA10,0,2608212001,14,1,4145,-26.0,11.0,1,0,24601
14,SF11 BW250 PA10,1,2608212001,14,1,5599,-26.0,12.0,1,0,14761
14,SF11 BW250 PA10,2,2608212001,14,1,7054,-26.0,10.0,1,0,10692
14,SF11 BW250 PA10,3,2608212001,14,1,8508,-26.0,12.0,1,0,28788
14,SF11 BW250 PA10,4,2608212001,14,1,9963,-26.0,10.0,1,0,62371
14,SF11 BW250 PA10,5,2608212001,14,1,11417,-26.0,11.0,1,0,43539
14,SF11 BW250 PA10,6,2608212001,14,1,12872,-26.0,12.0,1,0,47742
14,SF11 BW250 PA10,7,2608212001,14,1,14326,-26.0,12.0,1,0,58318
14,SF11 BW250 PA10,8,2608212001,14,1,15781,-26.0,12.0,1,0,22348
14,SF11 BW250 PA10,9,2608212001,14,1,17235,-26.0,11.0,1,0,3836
14,SF11 BW250 PA10,10,2608212001,14,1,18690,-26.0,12.0,1,0,7825
14,SF11 BW250 PA10,11,2608212001,14,1,20144,-26.0,12.0,1,0,18209
14,SF11 BW250 PA10,12,2608212001,14,1,21599,-26.0,10.0,1,0,50422
14,SF11 BW250 PA10,13,2608212001,14,1,23053,-26.0,10.0,1,0,40262
14,SF11 BW250 PA10,14,2608212001,14,1,24508,-27.0,11.0,1,0,36139
14,SF11 BW250 PA10,15,2608212001,14,1,25962,-27.0,11.0,1,0,54427
14,SF11 BW250 PA10,16,2608212001,14,1,27417,-28.0,10.0,1,0,3763
14,SF11 BW250 PA10,17,2608212001,14,1,28871,-27.0,11.0,1,0,22275
14,SF11 BW250 PA10,18,2608212001,14,1,30326,-27.0,10.0,1,0,18286
14,SF11 BW250 PA10,19,2608212001,14,1,31780,-28.0,11.0,1,0,7902
14,SF11 BW250 PA10,20,2608212001,14,1,33235,-27.0,10.0,1,0,40201
14,SF11 BW250 PA10,21,2608212001,14,1,34689,-26.0,12.0,1,0,50361
14,SF11 BW250 PA10,22,2608212001,14,1,36144,-25.0,11.0,1,0,54484
14,SF11 BW250 PA10,23,2608212001,14,1,37598,-25.0,11.0,1,0,36196
14,SF11 BW250 PA10,24,2608212001,14,1,39053,-25.0,12.0,1,0,14822
14,SF11 BW250 PA10,25,2608212001,14,1,40507,-25.0,11.0,1,0,24662
14,SF11 BW250 PA10,26,2608212001,14,1,41962,-25.0,11.0,1,0,28731
14,SF11 BW250 PA10,27,2608212001,14,1,43416,-26.0,9.0,1,0,10635
14,SF11 BW250 PA10,28,2608212001,14,1,44871,-28.0,10.0,1,0,43612
14,SF11 BW250 PA10,29,2608212001,14,1,46325,-28.0,10.0,1,0,62444
14,SF11 BW250 PA10,30,2608212001,14,1,47780,-28.0,11.0,1,0,58241
14,SF11 BW250 PA10,31,2608212001,14,1,49234,-25.0,12.0,1,0,47665
14,SF11 BW250 PA10,32,2608212001,14,1,50689,-25.0,10.0,1,0,48461
14,SF11 BW250 PA10,33,2608212001,14,1,52143,-25.0,11.0,1,0,58621
14,SF11 BW250 PA10,34,2608212001,14,1,53598,-25.0,11.0,1,0,62608
14,SF11 BW250 PA10,35,2608212001,14,1,55052,-29.0,11.0,1,0,44320
14,SF11 BW250 PA10,36,2608212001,14,1,56507,-28.0,11.0,1,0,12023
14,SF11 BW250 PA10,37,2608212001,14,1,57961,-28.0,10.0,1,0,30535
14,SF11 BW250 PA10,38,2608212001,14,1,59416,-28.0,10.0,1,0,26410
14,SF11 BW250 PA10,39,2608212001,14,1,60870,-28.0,10.0,1,0,16026
14,SF11 BW250 PA10,40,2608212001,14,1,62325,-28.0,11.0,1,0,35352
14,SF11 BW250 PA10,41,2608212001,14,1,63779,-29.0,11.0,1,0,54184
14,SF11 BW250 PA10,42,2608212001,14,1,65234,-28.0,10.0,1,0,50117
14,SF11 BW250 PA10,43,2608212001,14,1,66688,-27.0,10.0,1,0,39541
14,SF11 BW250 PA10,44,2608212001,14,1,68143,-27.0,11.0,1,0,6562
14,SF11 BW250 PA10,45,2608212001,14,1,69597,-27.0,11.0,1,0,16402
14,SF11 BW250 PA10,46,2608212001,14,1,71052,-29.0,10.0,1,0,20607
14,SF11 BW250 PA10,47,2608212001,14,1,72506,-28.0,10.0,1,0,2511
14,SF11 BW250 PA10,48,2608212001,14,1,73961,-29.0,11.0,1,0,54247
14,SF11 BW250 PA10,49,2608212001,14,1,75415,-28.0,12.0,1,0,35415
15,SF12 BW250 PA10,0,2608212001,15,1,4727,-26.0,14.0,1,0,24601
15,SF12 BW250 PA10,1,2608212001,15,1,7448,-25.0,15.0,1,0,14761
15,SF12 BW250 PA10,2,2608212001,15,1,10168,-25.0,17.0,1,0,10692
15,SF12 BW250 PA10,3,2608212001,15,1,12889,-25.0,16.0,1,0,28788
15,SF12 BW250 PA10,4,2608212001,15,1,15610,-26.0,15.0,1,0,62371
15,SF12 BW250 PA10,5,2608212001,15,1,18330,-26.0,14.0,1,0,43539
15,SF12 BW250 PA10,6,2608212001,15,1,21051,-26.0,15.0,1,0,47742
15,SF12 BW250 PA10,7,2608212001,15,1,23771,-26.0,15.0,1,0,58318
15,SF12 BW250 PA10,8,2608212001,15,1,26492,-26.0,15.0,1,0,22348
15,SF12 BW250 PA10,9,2608212001,15,1,29213,-27.0,15.0,1,0,3836
15,SF12 BW250 PA10,10,2608212001,15,1,31933,-27.0,15.0,1,0,7825
15,SF12 BW250 PA10,11,2608212001,15,1,34654,-26.0,16.0,1,0,18209
15,SF12 BW250 PA10,12,2608212001,15,1,37374,-26.0,15.0,1,0,50422
15,SF12 BW250 PA10,13,2608212001,15,1,40095,-25.0,16.0,1,0,40262
15,SF12 BW250 PA10,14,2608212001,15,1,42815,-26.0,15.0,1,0,36139
15,SF12 BW250 PA10,15,2608212001,15,1,45536,-26.0,15.0,1,0,54427
15,SF12 BW250 PA10,16,2608212001,15,1,48257,-26.0,17.0,1,0,3763
15,SF12 BW250 PA10,17,2608212001,15,1,50977,-26.0,15.0,1,0,22275
15,SF12 BW250 PA10,18,2608212001,15,1,53698,-25.0,15.0,1,0,18286
15,SF12 BW250 PA10,19,2608212001,15,1,56418,-25.0,17.0,1,0,7902
15,SF12 BW250 PA10,20,2608212001,15,1,59139,-26.0,13.0,1,0,40201
15,SF12 BW250 PA10,21,2608212001,15,1,61860,-26.0,14.0,1,0,50361
15,SF12 BW250 PA10,22,2608212001,15,1,64580,-26.0,14.0,1,0,54484
15,SF12 BW250 PA10,23,2608212001,15,1,67301,-27.0,14.0,1,0,36196
15,SF12 BW250 PA10,24,2608212001,15,1,70021,-29.0,16.0,1,0,14822
15,SF12 BW250 PA10,25,2608212001,15,1,72742,-28.0,15.0,1,0,24662
15,SF12 BW250 PA10,26,2608212001,15,1,75462,-27.0,14.0,1,0,28731
15,SF12 BW250 PA10,27,2608212001,15,1,78183,-28.0,16.0,1,0,10635
15,SF12 BW250 PA10,28,2608212001,15,1,80904,-28.0,12.0,1,0,43612
15,SF12 BW250 PA10,29,2608212001,15,1,83624,-28.0,14.0,1,0,62444
15,SF12 BW250 PA10,30,2608212001,15,1,86345,-28.0,15.0,1,0,58241
15,SF12 BW250 PA10,31,2608212001,15,1,89065,-28.0,14.0,1,0,47665
15,SF12 BW250 PA10,32,2608212001,15,1,91786,-28.0,15.0,1,0,48461
15,SF12 BW250 PA10,33,2608212001,15,1,94506,-27.0,15.0,1,0,58621
15,SF12 BW250 PA10,34,2608212001,15,1,97227,-27.0,16.0,1,0,62608
15,SF12 BW250 PA10,35,2608212001,15,1,99948,-28.0,14.0,1,0,44320
15,SF12 BW250 PA10,36,2608212001,15,1,102668,-29.0,13.0,1,0,12023
15,SF12 BW250 PA10,37,2608212001,15,1,105389,-28.0,14.0,1,0,30535
15,SF12 BW250 PA10,38,2608212001,15,1,108109,-28.0,13.0,1,0,26410
15,SF12 BW250 PA10,39,2608212001,15,1,110830,-28.0,14.0,1,0,16026
15,SF12 BW250 PA10,40,2608212001,15,1,113551,-27.0,16.0,1,0,35352
15,SF12 BW250 PA10,41,2608212001,15,1,116271,-27.0,17.0,1,0,54184
15,SF12 BW250 PA10,42,2608212001,15,1,118992,-28.0,14.0,1,0,50117
15,SF12 BW250 PA10,43,2608212001,15,1,121712,-28.0,15.0,1,0,39541
15,SF12 BW250 PA10,44,2608212001,15,1,124433,-28.0,16.0,1,0,6562
15,SF12 BW250 PA10,45,2608212001,15,1,127153,-29.0,13.0,1,0,16402
15,SF12 BW250 PA10,46,2608212001,15,1,129874,-26.0,14.0,1,0,20607
15,SF12 BW250 PA10,47,2608212001,15,1,132595,-29.0,14.0,1,0,2511
15,SF12 BW250 PA10,48,2608212001,15,1,135315,-28.0,16.0,1,0,54247
15,SF12 BW250 PA10,49,2608212001,15,1,138036,-30.0,14.0,1,0,35415
16,SF5 BW500 PA10,0,2608212001,16,1,3527,-28.0,10.0,1,0,24601
16,SF5 BW500 PA10,1,2608212001,16,1,3557,-27.0,11.0,1,0,14761
16,SF5 BW500 PA10,2,2608212001,16,1,3587,-27.0,11.0,1,0,10692
16,SF5 BW500 PA10,3,2608212001,16,1,3617,-27.0,11.0,1,0,28788
16,SF5 BW500 PA10,4,2608212001,16,1,3647,-28.0,10.0,1,0,62371
16,SF5 BW500 PA10,5,2608212001,16,1,3678,-28.0,10.0,1,0,43539
16,SF5 BW500 PA10,6,2608212001,16,1,3708,-28.0,10.0,1,0,47742
16,SF5 BW500 PA10,7,2608212001,16,1,3738,-28.0,11.0,1,0,58318
16,SF5 BW500 PA10,8,2608212001,16,1,3768,-28.0,11.0,1,0,22348
16,SF5 BW500 PA10,9,2608212001,16,1,3798,-28.0,10.0,1,0,3836
16,SF5 BW500 PA10,10,2608212001,16,1,3828,-28.0,11.0,1,0,7825
16,SF5 BW500 PA10,11,2608212001,16,1,3859,-28.0,9.0,1,0,18209
16,SF5 BW500 PA10,12,2608212001,16,1,3889,-28.0,9.0,1,0,50422
16,SF5 BW500 PA10,13,2608212001,16,1,3919,-28.0,10.0,1,0,40262
16,SF5 BW500 PA10,14,2608212001,16,1,3949,-28.0,10.0,1,0,36139
16,SF5 BW500 PA10,15,2608212001,16,1,3979,-28.0,11.0,1,0,54427
16,SF5 BW500 PA10,16,2608212001,16,1,4010,-28.0,10.0,1,0,3763
16,SF5 BW500 PA10,17,2608212001,16,1,4040,-28.0,10.0,1,0,22275
16,SF5 BW500 PA10,18,2608212001,16,1,4070,-28.0,10.0,1,0,18286
16,SF5 BW500 PA10,19,2608212001,16,1,4100,-28.0,10.0,1,0,7902
16,SF5 BW500 PA10,20,2608212001,16,1,4130,-28.0,10.0,1,0,40201
16,SF5 BW500 PA10,21,2608212001,16,1,4161,-28.0,9.0,1,0,50361
16,SF5 BW500 PA10,22,2608212001,16,1,4191,-28.0,10.0,1,0,54484
16,SF5 BW500 PA10,23,2608212001,16,1,4221,-28.0,10.0,1,0,36196
16,SF5 BW500 PA10,24,2608212001,16,1,4251,-28.0,10.0,1,0,14822
16,SF5 BW500 PA10,25,2608212001,16,1,4281,-28.0,10.0,1,0,24662
16,SF5 BW500 PA10,26,2608212001,16,1,4312,-29.0,10.0,1,0,28731
16,SF5 BW500 PA10,27,2608212001,16,1,4342,-28.0,10.0,1,0,10635
16,SF5 BW500 PA10,28,2608212001,16,1,4372,-28.0,10.0,1,0,43612
16,SF5 BW500 PA10,29,2608212001,16,1,4402,-28.0,10.0,1,0,62444
16,SF5 BW500 PA10,30,2608212001,16,1,4432,-28.0,10.0,1,0,58241
16,SF5 BW500 PA10,31,2608212001,16,1,4463,-28.0,10.0,1,0,47665
16,SF5 BW500 PA10,32,2608212001,16,1,4493,-28.0,10.0,1,0,48461
16,SF5 BW500 PA10,33,2608212001,16,1,4523,-28.0,10.0,1,0,58621
16,SF5 BW500 PA10,34,2608212001,16,1,4553,-28.0,10.0,1,0,62608
16,SF5 BW500 PA10,35,2608212001,16,1,4583,-28.0,10.0,1,0,44320
16,SF5 BW500 PA10,36,2608212001,16,1,4614,-28.0,10.0,1,0,12023
16,SF5 BW500 PA10,37,2608212001,16,1,4644,-28.0,10.0,1,0,30535
16,SF5 BW500 PA10,38,2608212001,16,1,4674,-28.0,11.0,1,0,26410
16,SF5 BW500 PA10,39,2608212001,16,1,4704,-28.0,11.0,1,0,16026
16,SF5 BW500 PA10,40,2608212001,16,1,4734,-28.0,11.0,1,0,35352
16,SF5 BW500 PA10,41,2608212001,16,1,4764,-27.0,10.0,1,0,54184
16,SF5 BW500 PA10,42,2608212001,16,1,4795,-28.0,10.0,1,0,50117
16,SF5 BW500 PA10,43,2608212001,16,1,4825,-28.0,9.0,1,0,39541
16,SF5 BW500 PA10,44,2608212001,16,1,4855,-27.0,10.0,1,0,6562
16,SF5 BW500 PA10,45,2608212001,16,1,4885,-27.0,10.0,1,0,16402
16,SF5 BW500 PA10,46,2608212001,16,1,4915,-28.0,9.0,1,0,20607
16,SF5 BW500 PA10,47,2608212001,16,1,4946,-27.0,11.0,1,0,2511
16,SF5 BW500 PA10,48,2608212001,16,1,4976,-27.0,10.0,1,0,54247
16,SF5 BW500 PA10,49,2608212001,16,1,5006,-27.0,12.0,1,0,35415
17,SF6 BW500 PA10,0,2608212001,17,1,3507,-27.0,13.0,1,0,24601
17,SF6 BW500 PA10,1,2608212001,17,1,3553,-27.0,13.0,1,0,14761
17,SF6 BW500 PA10,2,2608212001,17,1,3599,-27.0,13.0,1,0,10692
17,SF6 BW500 PA10,3,2608212001,17,1,3645,-27.0,13.0,1,0,28788
17,SF6 BW500 PA10,4,2608212001,17,1,3690,-27.0,13.0,1,0,62371
17,SF6 BW500 PA10,5,2608212001,17,1,3736,-27.0,13.0,1,0,43539
17,SF6 BW500 PA10,6,2608212001,17,1,3782,-27.0,13.0,1,0,47742
17,SF6 BW500 PA10,7,2608212001,17,1,3828,-27.0,13.0,1,0,58318
17,SF6 BW500 PA10,8,2608212001,17,1,3874,-27.0,13.0,1,0,22348
17,SF6 BW500 PA10,9,2608212001,17,1,3920,-27.0,13.0,1,0,3836
17,SF6 BW500 PA10,10,2608212001,17,1,3966,-27.0,13.0,1,0,7825
17,SF6 BW500 PA10,11,2608212001,17,1,4012,-27.0,13.0,1,0,18209
17,SF6 BW500 PA10,12,2608212001,17,1,4058,-26.0,13.0,1,0,50422
17,SF6 BW500 PA10,13,2608212001,17,1,4104,-27.0,13.0,1,0,40262
17,SF6 BW500 PA10,14,2608212001,17,1,4150,-26.0,13.0,1,0,36139
17,SF6 BW500 PA10,15,2608212001,17,1,4196,-26.0,13.0,1,0,54427
17,SF6 BW500 PA10,16,2608212001,17,1,4241,-26.0,14.0,1,0,3763
17,SF6 BW500 PA10,17,2608212001,17,1,4287,-26.0,13.0,1,0,22275
17,SF6 BW500 PA10,18,2608212001,17,1,4333,-26.0,14.0,1,0,18286
17,SF6 BW500 PA10,19,2608212001,17,1,4379,-26.0,13.0,1,0,7902
17,SF6 BW500 PA10,20,2608212001,17,1,4425,-26.0,13.0,1,0,40201
17,SF6 BW500 PA10,21,2608212001,17,1,4471,-26.0,13.0,1,0,50361
17,SF6 BW500 PA10,22,2608212001,17,1,4517,-26.0,13.0,1,0,54484
17,SF6 BW500 PA10,23,2608212001,17,1,4563,-26.0,12.0,1,0,36196
17,SF6 BW500 PA10,24,2608212001,17,1,4609,-26.0,13.0,1,0,14822
17,SF6 BW500 PA10,25,2608212001,17,1,4655,-26.0,13.0,1,0,24662
17,SF6 BW500 PA10,26,2608212001,17,1,4701,-26.0,13.0,1,0,28731
17,SF6 BW500 PA10,27,2608212001,17,1,4746,-27.0,13.0,1,0,10635
17,SF6 BW500 PA10,28,2608212001,17,1,4792,-26.0,13.0,1,0,43612
17,SF6 BW500 PA10,29,2608212001,17,1,4838,-26.0,13.0,1,0,62444
17,SF6 BW500 PA10,30,2608212001,17,1,4884,-27.0,12.0,1,0,58241
17,SF6 BW500 PA10,31,2608212001,17,1,4930,-27.0,12.0,1,0,47665
17,SF6 BW500 PA10,32,2608212001,17,1,4976,-27.0,13.0,1,0,48461
17,SF6 BW500 PA10,33,2608212001,17,1,5022,-27.0,13.0,1,0,58621
17,SF6 BW500 PA10,34,2608212001,17,1,5068,-26.0,13.0,1,0,62608
17,SF6 BW500 PA10,35,2608212001,17,1,5114,-26.0,13.0,1,0,44320
17,SF6 BW500 PA10,36,2608212001,17,1,5160,-26.0,13.0,1,0,12023
17,SF6 BW500 PA10,37,2608212001,17,1,5206,-27.0,13.0,1,0,30535
17,SF6 BW500 PA10,38,2608212001,17,1,5252,-27.0,13.0,1,0,26410
17,SF6 BW500 PA10,39,2608212001,17,1,5297,-27.0,13.0,1,0,16026
17,SF6 BW500 PA10,40,2608212001,17,1,5343,-27.0,12.0,1,0,35352
17,SF6 BW500 PA10,41,2608212001,17,1,5389,-27.0,13.0,1,0,54184
17,SF6 BW500 PA10,42,2608212001,17,1,5435,-27.0,12.0,1,0,50117
17,SF6 BW500 PA10,43,2608212001,17,1,5481,-27.0,13.0,1,0,39541
17,SF6 BW500 PA10,44,2608212001,17,1,5527,-27.0,13.0,1,0,6562
17,SF6 BW500 PA10,45,2608212001,17,1,5573,-26.0,13.0,1,0,16402
17,SF6 BW500 PA10,46,2608212001,17,1,5619,-26.0,14.0,1,0,20607
17,SF6 BW500 PA10,47,2608212001,17,1,5665,-26.0,13.0,1,0,2511
17,SF6 BW500 PA10,48,2608212001,17,1,5711,-26.0,13.0,1,0,54247
17,SF6 BW500 PA10,49,2608212001,17,1,5757,-26.0,13.0,1,0,35415
18,SF7 BW500 PA10,0,2608212001,18,1,3541,-27.0,15.0,1,0,24601
18,SF7 BW500 PA10,1,2608212001,18,1,3614,-27.0,15.0,1,0,14761
18,SF7 BW500 PA10,2,2608212001,18,1,3687,-27.0,15.0,1,0,10692
18,SF7 BW500 PA10,3,2608212001,18,1,3760,-26.0,15.0,1,0,28788
18,SF7 BW500 PA10,4,2608212001,18,1,3833,-26.0,15.0,1,0,62371
18,SF7 BW500 PA10,5,2608212001,18,1,3906,-27.0,15.0,1,0,43539
18,SF7 BW500 PA10,6,2608212001,18,1,3979,-26.0,15.0,1,0,47742
18,SF7 BW500 PA10,7,2608212001,18,1,4052,-27.0,15.0,1,0,58318
18,SF7 BW500 PA10,8,2608212001,18,1,4125,-27.0,15.0,1,0,22348
18,SF7 BW500 PA10,9,2608212001,18,1,4199,-27.0,15.0,1,0,3836
18,SF7 BW500 PA10,10,2608212001,18,1,4272,-27.0,15.0,1,0,7825
18,SF7 BW500 PA10,11,2608212001,18,1,4345,-26.0,15.0,1,0,18209
18,SF7 BW500 PA10,12,2608212001,18,1,4418,-26.0,15.0,1,0,50422
18,SF7 BW500 PA10,13,2608212001,18,1,4491,-26.0,15.0,1,0,40262
18,SF7 BW500 PA10,14,2608212001,18,1,4564,-26.0,15.0,1,0,36139
18,SF7 BW500 PA10,15,2608212001,18,1,4637,-27.0,15.0,1,0,54427
18,SF7 BW500 PA10,16,2608212001,18,1,4710,-27.0,15.0,1,0,3763
18,SF7 BW500 PA10,17,2608212001,18,1,4784,-26.0,15.0,1,0,22275
18,SF7 BW500 PA10,18,2608212001,18,1,4857,-26.0,15.0,1,0,18286
18,SF7 BW500 PA10,19,2608212001,18,1,4930,-27.0,15.0,1,0,7902
18,SF7 BW500 PA10,20,2608212001,18,1,5003,-26.0,15.0,1,0,40201
18,SF7 BW500 PA10,21,2608212001,18,1,5076,-26.0,15.0,1,0,50361
18,SF7 BW500 PA10,22,2608212001,18,1,5149,-27.0,15.0,1,0,54484
18,SF7 BW500 PA10,23,2608212001,18,1,5222,-26.0,16.0,1,0,36196
18,SF7 BW500 PA10,24,2608212001,18,1,5295,-27.0,15.0,1,0,14822
18,SF7 BW500 PA10,25,2608212001,18,1,5368,-27.0,15.0,1,0,24662
18,SF7 BW500 PA10,26,2608212001,18,1,5442,-26.0,15.0,1,0,28731
18,SF7 BW500 PA10,27,2608212001,18,1,5515,-27.0,15.0,1,0,10635
18,SF7 BW500 PA10,28,2608212001,18,1,5588,-26.0,15.0,1,0,43612
18,SF7 BW500 PA10,29,2608212001,18,1,5661,-26.0,16.0,1,0,62444
18,SF7 BW500 PA10,30,2608212001,18,1,5734,-27.0,15.0,1,0,58241
18,SF7 BW500 PA10,31,2608212001,18,1,5807,-26.0,15.0,1,0,47665
18,SF7 BW500 PA10,32,2608212001,18,1,5880,-26.0,15.0,1,0,48461
18,SF7 BW500 PA10,33,2608212001,18,1,5953,-27.0,15.0,1,0,58621
18,SF7 BW500 PA10,34,2608212001,18,1,6026,-26.0,15.0,1,0,62608
18,SF7 BW500 PA10,35,2608212001,18,1,6100,-26.0,15.0,1,0,44320
18,SF7 BW500 PA10,36,2608212001,18,1,6173,-26.0,15.0,1,0,12023
18,SF7 BW500 PA10,37,2608212001,18,1,6246,-26.0,15.0,1,0,30535
18,SF7 BW500 PA10,38,2608212001,18,1,6319,-26.0,15.0,1,0,26410
18,SF7 BW500 PA10,39,2608212001,18,1,6392,-26.0,15.0,1,0,16026
18,SF7 BW500 PA10,40,2608212001,18,1,6465,-26.0,15.0,1,0,35352
18,SF7 BW500 PA10,41,2608212001,18,1,6538,-26.0,15.0,1,0,54184
18,SF7 BW500 PA10,42,2608212001,18,1,6611,-26.0,15.0,1,0,50117
18,SF7 BW500 PA10,43,2608212001,18,1,6684,-26.0,16.0,1,0,39541
18,SF7 BW500 PA10,44,2608212001,18,1,6758,-26.0,15.0,1,0,6562
18,SF7 BW500 PA10,45,2608212001,18,1,6831,-27.0,15.0,1,0,16402
18,SF7 BW500 PA10,46,2608212001,18,1,6904,-27.0,15.0,1,0,20607
18,SF7 BW500 PA10,47,2608212001,18,1,6977,-27.0,15.0,1,0,2511
18,SF7 BW500 PA10,48,2608212001,18,1,7050,-27.0,15.0,1,0,54247
18,SF7 BW500 PA10,49,2608212001,18,1,7123,-26.0,15.0,1,0,35415
19,SF8 BW500 PA10,0,2608212001,19,1,3561,-27.0,15.0,1,0,24601
19,SF8 BW500 PA10,1,2608212001,19,1,3688,-26.0,16.0,1,0,14761
19,SF8 BW500 PA10,2,2608212001,19,1,3814,-26.0,16.0,1,0,10692
19,SF8 BW500 PA10,3,2608212001,19,1,3941,-26.0,16.0,1,0,28788
19,SF8 BW500 PA10,4,2608212001,19,1,4068,-26.0,16.0,1,0,62371
19,SF8 BW500 PA10,5,2608212001,19,1,4195,-27.0,16.0,1,0,43539
19,SF8 BW500 PA10,6,2608212001,19,1,4321,-27.0,16.0,1,0,47742
19,SF8 BW500 PA10,7,2608212001,19,1,4448,-27.0,16.0,1,0,58318
19,SF8 BW500 PA10,8,2608212001,19,1,4575,-27.0,16.0,1,0,22348
19,SF8 BW500 PA10,9,2608212001,19,1,4702,-27.0,16.0,1,0,3836
19,SF8 BW500 PA10,10,2608212001,19,1,4829,-27.0,16.0,1,0,7825
19,SF8 BW500 PA10,11,2608212001,19,1,4955,-27.0,15.0,1,0,18209
19,SF8 BW500 PA10,12,2608212001,19,1,5082,-27.0,15.0,1,0,50422
19,SF8 BW500 PA10,13,2608212001,19,1,5209,-27.0,15.0,1,0,40262
19,SF8 BW500 PA10,14,2608212001,19,1,5336,-27.0,15.0,1,0,36139
19,SF8 BW500 PA10,15,2608212001,19,1,5462,-27.0,16.0,1,0,54427
19,SF8 BW500 PA10,16,2608212001,19,1,5589,-27.0,16.0,1,0,3763
19,SF8 BW500 PA10,17,2608212001,19,1,5716,-27.0,15.0,1,0,22275
19,SF8 BW500 PA10,18,2608212001,19,1,5843,-27.0,15.0,1,0,18286
19,SF8 BW500 PA10,19,2608212001,19,1,5969,-27.0,16.0,1,0,7902
19,SF8 BW500 PA10,20,2608212001,19,1,6096,-27.0,16.0,1,0,40201
19,SF8 BW500 PA10,21,2608212001,19,1,6223,-27.0,16.0,1,0,50361
19,SF8 BW500 PA10,22,2608212001,19,1,6350,-27.0,16.0,1,0,54484
19,SF8 BW500 PA10,23,2608212001,19,1,6476,-28.0,15.0,1,0,36196
19,SF8 BW500 PA10,24,2608212001,19,1,6603,-28.0,16.0,1,0,14822
19,SF8 BW500 PA10,25,2608212001,19,1,6730,-28.0,15.0,1,0,24662
19,SF8 BW500 PA10,26,2608212001,19,1,6857,-28.0,15.0,1,0,28731
19,SF8 BW500 PA10,27,2608212001,19,1,6983,-28.0,15.0,1,0,10635
19,SF8 BW500 PA10,28,2608212001,19,1,7110,-28.0,15.0,1,0,43612
19,SF8 BW500 PA10,29,2608212001,19,1,7237,-28.0,15.0,1,0,62444
19,SF8 BW500 PA10,30,2608212001,19,1,7364,-28.0,15.0,1,0,58241
19,SF8 BW500 PA10,31,2608212001,19,1,7491,-27.0,15.0,1,0,47665
19,SF8 BW500 PA10,32,2608212001,19,1,7617,-28.0,15.0,1,0,48461
19,SF8 BW500 PA10,33,2608212001,19,1,7744,-28.0,15.0,1,0,58621
19,SF8 BW500 PA10,34,2608212001,19,1,7871,-28.0,15.0,1,0,62608
19,SF8 BW500 PA10,35,2608212001,19,1,7998,-28.0,15.0,1,0,44320
19,SF8 BW500 PA10,36,2608212001,19,1,8124,-28.0,15.0,1,0,12023
19,SF8 BW500 PA10,37,2608212001,19,1,8251,-27.0,15.0,1,0,30535
19,SF8 BW500 PA10,38,2608212001,19,1,8378,-28.0,16.0,1,0,26410
19,SF8 BW500 PA10,39,2608212001,19,1,8505,-28.0,15.0,1,0,16026
19,SF8 BW500 PA10,40,2608212001,19,1,8631,-28.0,15.0,1,0,35352
19,SF8 BW500 PA10,41,2608212001,19,1,8758,-28.0,15.0,1,0,54184
19,SF8 BW500 PA10,42,2608212001,19,1,8885,-28.0,16.0,1,0,50117
19,SF8 BW500 PA10,43,2608212001,19,1,9012,-28.0,15.0,1,0,39541
19,SF8 BW500 PA10,44,2608212001,19,1,9138,-27.0,16.0,1,0,6562
19,SF8 BW500 PA10,45,2608212001,19,1,9265,-27.0,16.0,1,0,16402
19,SF8 BW500 PA10,46,2608212001,19,1,9392,-27.0,16.0,1,0,20607
19,SF8 BW500 PA10,47,2608212001,19,1,9519,-27.0,16.0,1,0,2511
19,SF8 BW500 PA10,48,2608212001,19,1,9645,-27.0,16.0,1,0,54247
19,SF8 BW500 PA10,49,2608212001,19,1,9772,-27.0,16.0,1,0,35415
20,SF9 BW500 PA10,0,2608212001,20,1,3602,-26.0,12.0,1,0,24601
20,SF9 BW500 PA10,1,2608212001,20,1,3825,-26.0,12.0,1,0,14761
20,SF9 BW500 PA10,2,2608212001,20,1,4048,-26.0,12.0,1,0,10692
20,SF9 BW500 PA10,3,2608212001,20,1,4271,-25.0,12.0,1,0,28788
20,SF9 BW500 PA10,4,2608212001,20,1,4494,-25.0,12.0,1,0,62371
20,SF9 BW500 PA10,5,2608212001,20,1,4716,-25.0,12.0,1,0,43539
20,SF9 BW500 PA10,6,2608212001,20,1,4939,-26.0,12.0,1,0,47742
20,SF9 BW500 PA10,7,2608212001,20,1,5162,-26.0,12.0,1,0,58318
20,SF9 BW500 PA10,8,2608212001,20,1,5385,-26.0,12.0,1,0,22348
20,SF9 BW500 PA10,9,2608212001,20,1,5608,-26.0,12.0,1,0,3836
20,SF9 BW500 PA10,10,2608212001,20,1,5830,-25.0,12.0,1,0,7825
20,SF9 BW500 PA10,11,2608212001,20,1,6053,-25.0,13.0,1,0,18209
20,SF9 BW500 PA10,12,2608212001,20,1,6276,-26.0,12.0,1,0,50422
20,SF9 BW500 PA10,13,2608212001,20,1,6499,-26.0,12.0,1,0,40262
20,SF9 BW500 PA10,14,2608212001,20,1,6721,-26.0,12.0,1,0,36139
20,SF9 BW500 PA10,15,2608212001,20,1,6944,-26.0,12.0,1,0,54427
20,SF9 BW500 PA10,16,2608212001,20,1,7167,-26.0,12.0,1,0,3763
20,SF9 BW500 PA10,17,2608212001,20,1,7390,-25.0,12.0,1,0,22275
20,SF9 BW500 PA10,18,2608212001,20,1,7613,-25.0,12.0,1,0,18286
20,SF9 BW500 PA10,19,2608212001,20,1,7835,-25.0,12.0,1,0,7902
20,SF9 BW500 PA10,20,2608212001,20,1,8058,-26.0,14.0,1,0,40201
20,SF9 BW500 PA10,21,2608212001,20,1,8281,-26.0,14.0,1,0,50361
20,SF9 BW500 PA10,22,2608212001,20,1,8504,-26.0,14.0,1,0,54484
20,SF9 BW500 PA10,23,2608212001,20,1,8727,-26.0,14.0,1,0,36196
20,SF9 BW500 PA10,24,2608212001,20,1,8949,-26.0,14.0,1,0,14822
20,SF9 BW500 PA10,25,2608212001,20,1,9172,-26.0,14.0,1,0,24662
20,SF9 BW500 PA10,26,2608212001,20,1,9395,-26.0,14.0,1,0,28731
20,SF9 BW500 PA10,27,2608212001,20,1,9618,-27.0,13.0,1,0,10635
20,SF9 BW500 PA10,28,2608212001,20,1,9840,-27.0,14.0,1,0,43612
20,SF9 BW500 PA10,29,2608212001,20,1,10063,-27.0,14.0,1,0,62444
20,SF9 BW500 PA10,30,2608212001,20,1,10286,-26.0,14.0,1,0,58241
20,SF9 BW500 PA10,31,2608212001,20,1,10509,-26.0,14.0,1,0,47665
20,SF9 BW500 PA10,32,2608212001,20,1,10732,-26.0,14.0,1,0,48461
20,SF9 BW500 PA10,33,2608212001,20,1,10954,-27.0,14.0,1,0,58621
20,SF9 BW500 PA10,34,2608212001,20,1,11177,-27.0,14.0,1,0,62608
20,SF9 BW500 PA10,35,2608212001,20,1,11400,-26.0,14.0,1,0,44320
20,SF9 BW500 PA10,36,2608212001,20,1,11623,-26.0,14.0,1,0,12023
20,SF9 BW500 PA10,37,2608212001,20,1,11846,-26.0,14.0,1,0,30535
20,SF9 BW500 PA10,38,2608212001,20,1,12068,-26.0,12.0,1,0,26410
20,SF9 BW500 PA10,39,2608212001,20,1,12291,-26.0,14.0,1,0,16026
20,SF9 BW500 PA10,40,2608212001,20,1,12514,-27.0,13.0,1,0,35352
20,SF9 BW500 PA10,41,2608212001,20,1,12737,-27.0,14.0,1,0,54184
20,SF9 BW500 PA10,42,2608212001,20,1,12960,-26.0,14.0,1,0,50117
20,SF9 BW500 PA10,43,2608212001,20,1,13182,-26.0,14.0,1,0,39541
20,SF9 BW500 PA10,44,2608212001,20,1,13405,-26.0,14.0,1,0,6562
20,SF9 BW500 PA10,45,2608212001,20,1,13628,-26.0,14.0,1,0,16402
20,SF9 BW500 PA10,46,2608212001,20,1,13851,-26.0,14.0,1,0,20607
20,SF9 BW500 PA10,47,2608212001,20,1,14073,-27.0,13.0,1,0,2511
20,SF9 BW500 PA10,48,2608212001,20,1,14296,-27.0,14.0,1,0,54247
20,SF9 BW500 PA10,49,2608212001,20,1,14519,-27.0,13.0,1,0,35415
21,SF10 BW500 PA10,0,2608212001,21,1,3660,-27.0,15.0,1,0,24601
21,SF10 BW500 PA10,1,2608212001,21,1,4052,-26.0,15.0,1,0,14761
21,SF10 BW500 PA10,2,2608212001,21,1,4444,-26.0,15.0,1,0,10692
21,SF10 BW500 PA10,3,2608212001,21,1,4836,-27.0,14.0,1,0,28788
21,SF10 BW500 PA10,4,2608212001,21,1,5229,-27.0,15.0,1,0,62371
21,SF10 BW500 PA10,5,2608212001,21,1,5621,-27.0,15.0,1,0,43539
21,SF10 BW500 PA10,6,2608212001,21,1,6013,-27.0,14.0,1,0,47742
21,SF10 BW500 PA10,7,2608212001,21,1,6406,-26.0,15.0,1,0,58318
21,SF10 BW500 PA10,8,2608212001,21,1,6798,-26.0,15.0,1,0,22348
21,SF10 BW500 PA10,9,2608212001,21,1,7190,-26.0,15.0,1,0,3836
21,SF10 BW500 PA10,10,2608212001,21,1,7583,-26.0,15.0,1,0,7825
21,SF10 BW500 PA10,11,2608212001,21,1,7975,-26.0,15.0,1,0,18209
21,SF10 BW500 PA10,12,2608212001,21,1,8367,-26.0,16.0,1,0,50422
21,SF10 BW500 PA10,13,2608212001,21,1,8760,-26.0,15.0,1,0,40262
21,SF10 BW500 PA10,14,2608212001,21,1,9152,-26.0,15.0,1,0,36139
21,SF10 BW500 PA10,15,2608212001,21,1,9544,-26.0,15.0,1,0,54427
21,SF10 BW500 PA10,16,2608212001,21,1,9937,-26.0,15.0,1,0,3763
21,SF10 BW500 PA10,17,2608212001,21,1,10329,-26.0,15.0,1,0,22275
21,SF10 BW500 PA10,18,2608212001,21,1,10721,-26.0,14.0,1,0,18286
21,SF10 BW500 PA10,19,2608212001,21,1,11114,-25.0,15.0,1,0,7902
21,SF10 BW500 PA10,20,2608212001,21,1,11506,-33.0,12.0,1,0,40201
21,SF10 BW500 PA10,21,2608212001,21,1,11898,-31.0,15.0,1,0,50361
21,SF10 BW500 PA10,22,2608212001,21,1,12291,-29.0,15.0,1,0,54484
21,SF10 BW500 PA10,23,2608212001,21,1,12683,-29.0,15.0,1,0,36196
21,SF10 BW500 PA10,24,2608212001,21,1,13075,-30.0,14.0,1,0,14822
21,SF10 BW500 PA10,25,2608212001,21,1,13467,-29.0,14.0,1,0,24662
21,SF10 BW500 PA10,26,2608212001,21,1,13860,-30.0,14.0,1,0,28731
21,SF10 BW500 PA10,27,2608212001,21,1,14252,-29.0,14.0,1,0,10635
21,SF10 BW500 PA10,28,2608212001,21,1,14644,-31.0,13.0,1,0,43612
21,SF10 BW500 PA10,29,2608212001,21,1,15037,-28.0,15.0,1,0,62444
21,SF10 BW500 PA10,30,2608212001,21,1,15429,-31.0,13.0,1,0,58241
21,SF10 BW500 PA10,31,2608212001,21,1,15821,-30.0,15.0,1,0,47665
21,SF10 BW500 PA10,32,2608212001,21,1,16214,-29.0,15.0,1,0,48461
21,SF10 BW500 PA10,33,2608212001,21,1,16606,-30.0,14.0,1,0,58621
21,SF10 BW500 PA10,34,2608212001,21,1,16998,-30.0,14.0,1,0,62608
21,SF10 BW500 PA10,35,2608212001,21,1,17391,-28.0,15.0,1,0,44320
21,SF10 BW500 PA10,36,2608212001,21,1,17783,-26.0,15.0,1,0,12023
21,SF10 BW500 PA10,37,2608212001,21,1,18175,-25.0,16.0,1,0,30535
21,SF10 BW500 PA10,38,2608212001,21,1,18568,-28.0,15.0,1,0,26410
21,SF10 BW500 PA10,39,2608212001,21,1,18960,-47.0,13.0,1,0,16026
21,SF10 BW500 PA10,40,2608212001,21,1,19352,-34.0,14.0,1,0,35352
21,SF10 BW500 PA10,41,2608212001,21,1,19745,-36.0,12.0,1,0,54184
21,SF10 BW500 PA10,42,2608212001,21,1,20137,-36.0,15.0,1,0,50117
21,SF10 BW500 PA10,43,2608212001,21,1,20529,-35.0,14.0,1,0,39541
21,SF10 BW500 PA10,44,2608212001,21,1,20922,-33.0,12.0,1,0,6562
21,SF10 BW500 PA10,45,2608212001,21,1,21314,-35.0,12.0,1,0,16402
21,SF10 BW500 PA10,46,2608212001,21,1,21706,-44.0,11.0,1,0,20607
21,SF10 BW500 PA10,47,2608212001,21,1,22098,-32.0,14.0,1,0,2511
21,SF10 BW500 PA10,48,2608212001,21,1,22491,-31.0,13.0,1,0,54247
21,SF10 BW500 PA10,49,2608212001,21,1,22883,-32.0,14.0,1,0,35415
22,SF11 BW500 PA10,0,2608212001,22,1,3840,-31.0,9.0,1,0,24601
22,SF11 BW500 PA10,1,2608212001,22,1,4572,-31.0,10.0,1,0,14761
22,SF11 BW500 PA10,2,2608212001,22,1,5303,-31.0,9.0,1,0,10692
22,SF11 BW500 PA10,3,2608212001,22,1,6034,-31.0,9.0,1,0,28788
22,SF11 BW500 PA10,4,2608212001,22,1,6766,-31.0,9.0,1,0,62371
22,SF11 BW500 PA10,5,2608212001,22,1,7497,-31.0,9.0,1,0,43539
22,SF11 BW500 PA10,6,2608212001,22,1,8229,-31.0,9.0,1,0,47742
22,SF11 BW500 PA10,7,2608212001,22,1,8960,-30.0,10.0,1,0,58318
22,SF11 BW500 PA10,8,2608212001,22,1,9691,-30.0,10.0,1,0,22348
22,SF11 BW500 PA10,9,2608212001,22,1,10423,-30.0,10.0,1,0,3836
22,SF11 BW500 PA10,10,2608212001,22,1,11154,-30.0,10.0,1,0,7825
22,SF11 BW500 PA10,11,2608212001,22,1,11885,-30.0,10.0,1,0,18209
22,SF11 BW500 PA10,12,2608212001,22,1,12617,-31.0,9.0,1,0,50422
22,SF11 BW500 PA10,13,2608212001,22,1,13348,-31.0,9.0,1,0,40262
22,SF11 BW500 PA10,14,2608212001,22,1,14079,-30.0,10.0,1,0,36139
22,SF11 BW500 PA10,15,2608212001,22,1,14811,-30.0,10.0,1,0,54427
22,SF11 BW500 PA10,16,2608212001,22,1,15542,-32.0,10.0,1,0,3763
22,SF11 BW500 PA10,17,2608212001,22,1,16273,-32.0,10.0,1,0,22275
22,SF11 BW500 PA10,18,2608212001,22,1,17005,-36.0,8.0,1,0,18286
22,SF11 BW500 PA10,19,2608212001,22,1,17736,-34.0,9.0,1,0,7902
22,SF11 BW500 PA10,20,2608212001,22,1,18467,-30.0,10.0,1,0,40201
22,SF11 BW500 PA10,21,2608212001,22,1,19199,-34.0,8.0,1,0,50361
22,SF11 BW500 PA10,22,2608212001,22,1,19930,-30.0,12.0,1,0,54484
22,SF11 BW500 PA10,23,2608212001,22,1,20662,-34.0,10.0,1,0,36196
22,SF11 BW500 PA10,24,2608212001,22,1,21393,-29.0,11.0,1,0,14822
22,SF11 BW500 PA10,25,2608212001,22,1,22124,-31.0,9.0,1,0,24662
22,SF11 BW500 PA10,26,2608212001,22,1,22856,-32.0,11.0,1,0,28731
22,SF11 BW500 PA10,27,2608212001,22,1,23587,-34.0,9.0,1,0,10635
22,SF11 BW500 PA10,28,2608212001,22,1,24318,-33.0,9.0,1,0,43612
22,SF11 BW500 PA10,29,2608212001,22,1,25050,-32.0,10.0,1,0,62444
22,SF11 BW500 PA10,30,2608212001,22,1,25781,-31.0,11.0,1,0,58241
22,SF11 BW500 PA10,31,2608212001,22,1,26512,-32.0,9.0,1,0,47665
22,SF11 BW500 PA10,32,2608212001,22,1,27244,-35.0,11.0,1,0,48461
22,SF11 BW500 PA10,33,2608212001,22,1,27975,-35.0,8.0,1,0,58621
22,SF11 BW500 PA10,34,2608212001,22,1,28706,-36.0,8.0,1,0,62608
22,SF11 BW500 PA10,35,2608212001,22,1,29438,-36.0,9.0,1,0,44320
22,SF11 BW500 PA10,36,2608212001,22,1,30169,-35.0,8.0,1,0,12023
22,SF11 BW500 PA10,37,2608212001,22,1,30900,-32.0,10.0,1,0,30535
22,SF11 BW500 PA10,38,2608212001,22,1,31632,-37.0,10.0,1,0,26410
22,SF11 BW500 PA10,39,2608212001,22,1,32363,-34.0,8.0,1,0,16026
22,SF11 BW500 PA10,40,2608212001,22,1,33095,-33.0,9.0,1,0,35352
22,SF11 BW500 PA10,41,2608212001,22,1,33826,-33.0,9.0,1,0,54184
22,SF11 BW500 PA10,42,2608212001,22,1,34557,-33.0,9.0,1,0,50117
22,SF11 BW500 PA10,43,2608212001,22,1,35289,-33.0,9.0,1,0,39541
22,SF11 BW500 PA10,44,2608212001,22,1,36020,-33.0,9.0,1,0,6562
22,SF11 BW500 PA10,45,2608212001,22,1,36751,-34.0,8.0,1,0,16402
22,SF11 BW500 PA10,46,2608212001,22,1,37483,-34.0,8.0,1,0,20607
22,SF11 BW500 PA10,47,2608212001,22,1,38214,-34.0,8.0,1,0,2511
22,SF11 BW500 PA10,48,2608212001,22,1,38945,-34.0,8.0,1,0,54247
22,SF11 BW500 PA10,49,2608212001,22,1,39677,-34.0,8.0,1,0,35415
23,SF12 BW500 PA10,0,2608212001,23,1,4157,-33.0,11.0,1,0,24601
23,SF12 BW500 PA10,1,2608212001,23,1,5521,-32.0,11.0,1,0,14761
23,SF12 BW500 PA10,2,2608212001,23,1,6886,-31.0,12.0,1,0,10692
23,SF12 BW500 PA10,3,2608212001,23,1,8250,-33.0,11.0,1,0,28788
23,SF12 BW500 PA10,4,2608212001,23,1,9614,-35.0,9.0,1,0,62371
23,SF12 BW500 PA10,5,2608212001,23,1,10979,-34.0,11.0,1,0,43539
23,SF12 BW500 PA10,6,2608212001,23,1,12343,-32.0,11.0,1,0,47742
23,SF12 BW500 PA10,7,2608212001,23,1,13708,-35.0,8.0,1,0,58318
23,SF12 BW500 PA10,8,2608212001,23,1,15072,-33.0,11.0,1,0,22348
23,SF12 BW500 PA10,9,2608212001,23,1,16436,-32.0,12.0,1,0,3836
23,SF12 BW500 PA10,10,2608212001,23,1,17801,-32.0,11.0,1,0,7825
23,SF12 BW500 PA10,11,2608212001,23,1,19165,-33.0,10.0,1,0,18209
23,SF12 BW500 PA10,12,2608212001,23,1,20530,-32.0,11.0,1,0,50422
23,SF12 BW500 PA10,13,2608212001,23,1,21894,-37.0,12.0,1,0,40262
23,SF12 BW500 PA10,14,2608212001,23,1,23258,-37.0,8.0,1,0,36139
23,SF12 BW500 PA10,15,2608212001,23,1,24623,-36.0,10.0,1,0,54427
23,SF12 BW500 PA10,16,2608212001,23,1,25987,-36.0,10.0,1,0,3763
23,SF12 BW500 PA10,17,2608212001,23,1,27352,-34.0,11.0,1,0,22275
23,SF12 BW500 PA10,18,2608212001,23,1,28716,-37.0,9.0,1,0,18286
23,SF12 BW500 PA10,19,2608212001,23,1,30080,-37.0,8.0,1,0,7902
23,SF12 BW500 PA10,20,2608212001,23,1,31445,-36.0,12.0,1,0,40201
23,SF12 BW500 PA10,21,2608212001,23,1,32809,-37.0,8.0,1,0,50361
23,SF12 BW500 PA10,22,2608212001,23,1,34174,-38.0,11.0,1,0,54484
23,SF12 BW500 PA10,23,2608212001,23,1,35538,-34.0,11.0,1,0,36196
23,SF12 BW500 PA10,24,2608212001,23,1,36902,-33.0,11.0,1,0,14822
23,SF12 BW500 PA10,25,2608212001,23,1,38267,-34.0,10.0,1,0,24662
23,SF12 BW500 PA10,26,2608212001,23,1,39631,-35.0,11.0,1,0,28731
23,SF12 BW500 PA10,27,2608212001,23,1,40995,-34.0,11.0,1,0,10635
23,SF12 BW500 PA10,28,2608212001,23,1,42360,-37.0,9.0,1,0,43612
23,SF12 BW500 PA10,29,2608212001,23,1,43724,-38.0,7.0,1,0,62444
23,SF12 BW500 PA10,30,2608212001,23,1,45089,-37.0,8.0,1,0,58241
23,SF12 BW500 PA10,31,2608212001,23,1,46453,-36.0,9.0,1,0,47665
23,SF12 BW500 PA10,32,2608212001,23,1,47817,-34.0,10.0,1,0,48461
23,SF12 BW500 PA10,33,2608212001,23,1,49182,-34.0,11.0,1,0,58621
23,SF12 BW500 PA10,34,2608212001,23,1,50546,-35.0,9.0,1,0,62608
23,SF12 BW500 PA10,35,2608212001,23,1,51911,-35.0,11.0,1,0,44320
23,SF12 BW500 PA10,36,2608212001,23,1,53275,-34.0,10.0,1,0,12023
23,SF12 BW500 PA10,37,2608212001,23,1,54639,-35.0,9.0,1,0,30535
23,SF12 BW500 PA10,38,2608212001,23,1,56004,-35.0,10.0,1,0,26410
23,SF12 BW500 PA10,39,2608212001,23,1,57368,-34.0,10.0,1,0,16026
23,SF12 BW500 PA10,40,2608212001,23,1,58733,-34.0,10.0,1,0,35352
23,SF12 BW500 PA10,41,2608212001,23,1,60097,-36.0,10.0,1,0,54184
23,SF12 BW500 PA10,42,2608212001,23,1,61461,-34.0,11.0,1,0,50117
23,SF12 BW500 PA10,43,2608212001,23,1,62826,-34.0,11.0,1,0,39541
23,SF12 BW500 PA10,44,2608212001,23,1,64190,-34.0,9.0,1,0,6562
23,SF12 BW500 PA10,45,2608212001,23,1,65555,-33.0,10.0,1,0,16402
23,SF12 BW500 PA10,46,2608212001,23,1,66919,-33.0,11.0,1,0,20607
23,SF12 BW500 PA10,47,2608212001,23,1,68283,-35.0,10.0,1,0,2511
23,SF12 BW500 PA10,48,2608212001,23,1,69648,-34.0,9.0,1,0,54247
23,SF12 BW500 PA10,49,2608212001,23,1,71012,-33.0,12.0,1,0,35415
24,SF8 BW125 PA0,0,2608212001,24,1,3740,-44.0,16.0,1,0,24601
24,SF8 BW125 PA0,1,2608212001,24,1,4223,-45.0,16.0,1,0,14761
24,SF8 BW125 PA0,2,2608212001,24,1,4705,-44.0,16.0,1,0,10692
24,SF8 BW125 PA0,3,2608212001,24,1,5187,-44.0,16.0,1,0,28788
24,SF8 BW125 PA0,4,2608212001,24,1,5670,-44.0,16.0,1,0,62371
24,SF8 BW125 PA0,5,2608212001,24,1,6152,-45.0,15.0,1,0,43539
24,SF8 BW125 PA0,6,2608212001,24,1,6635,-45.0,15.0,1,0,47742
24,SF8 BW125 PA0,7,2608212001,24,1,7117,-46.0,15.0,1,0,58318
24,SF8 BW125 PA0,8,2608212001,24,1,7599,-45.0,16.0,1,0,22348
24,SF8 BW125 PA0,9,2608212001,24,1,8082,-45.0,16.0,1,0,3836
24,SF8 BW125 PA0,10,2608212001,24,1,8564,-44.0,16.0,1,0,7825
24,SF8 BW125 PA0,11,2608212001,24,1,9047,-44.0,16.0,1,0,18209
24,SF8 BW125 PA0,12,2608212001,24,1,9529,-46.0,15.0,1,0,50422
24,SF8 BW125 PA0,13,2608212001,24,1,10012,-44.0,16.0,1,0,40262
24,SF8 BW125 PA0,14,2608212001,24,1,10494,-44.0,16.0,1,0,36139
24,SF8 BW125 PA0,15,2608212001,24,1,10976,-45.0,16.0,1,0,54427
24,SF8 BW125 PA0,16,2608212001,24,1,11459,-46.0,15.0,1,0,3763
24,SF8 BW125 PA0,17,2608212001,24,1,11941,-46.0,17.0,1,0,22275
24,SF8 BW125 PA0,18,2608212001,24,1,12424,-45.0,16.0,1,0,18286
24,SF8 BW125 PA0,19,2608212001,24,1,12906,-45.0,15.0,1,0,7902
24,SF8 BW125 PA0,20,2608212001,24,1,13388,-44.0,16.0,1,0,40201
24,SF8 BW125 PA0,21,2608212001,24,1,13871,-46.0,15.0,1,0,50361
24,SF8 BW125 PA0,22,2608212001,24,1,14353,-45.0,15.0,1,0,54484
24,SF8 BW125 PA0,23,2608212001,24,1,14836,-45.0,16.0,1,0,36196
24,SF8 BW125 PA0,24,2608212001,24,1,15318,-44.0,16.0,1,0,14822
24,SF8 BW125 PA0,25,2608212001,24,1,15801,-44.0,17.0,1,0,24662
24,SF8 BW125 PA0,26,2608212001,24,1,16283,-44.0,15.0,1,0,28731
24,SF8 BW125 PA0,27,2608212001,24,1,16765,-44.0,16.0,1,0,10635
24,SF8 BW125 PA0,28,2608212001,24,1,17248,-44.0,16.0,1,0,43612
24,SF8 BW125 PA0,29,2608212001,24,1,17730,-44.0,16.0,1,0,62444
24,SF8 BW125 PA0,30,2608212001,24,1,18213,-44.0,16.0,1,0,58241
24,SF8 BW125 PA0,31,2608212001,24,1,18695,-44.0,16.0,1,0,47665
24,SF8 BW125 PA0,32,2608212001,24,1,19177,-44.0,16.0,1,0,48461
24,SF8 BW125 PA0,33,2608212001,24,1,19660,-44.0,16.0,1,0,58621
24,SF8 BW125 PA0,34,2608212001,24,1,20142,-44.0,16.0,1,0,62608
24,SF8 BW125 PA0,35,2608212001,24,1,20625,-45.0,16.0,1,0,44320
24,SF8 BW125 PA0,36,2608212001,24,1,21107,-46.0,15.0,1,0,12023
24,SF8 BW125 PA0,37,2608212001,24,1,21590,-46.0,17.0,1,0,30535
24,SF8 BW125 PA0,38,2608212001,24,1,22072,-46.0,15.0,1,0,26410
24,SF8 BW125 PA0,39,2608212001,24,1,22554,-46.0,16.0,1,0,16026
24,SF8 BW125 PA0,40,2608212001,24,1,23037,-47.0,16.0,1,0,35352
24,SF8 BW125 PA0,41,2608212001,24,1,23519,-48.0,16.0,1,0,54184
24,SF8 BW125 PA0,42,2608212001,24,1,24002,-47.0,16.0,1,0,50117
24,SF8 BW125 PA0,43,2608212001,24,1,24484,-48.0,16.0,1,0,39541
24,SF8 BW125 PA0,44,2608212001,24,1,24966,-48.0,15.0,1,0,6562
24,SF8 BW125 PA0,45,2608212001,24,1,25449,-48.0,15.0,1,0,16402
24,SF8 BW125 PA0,46,2608212001,24,1,25931,-47.0,16.0,1,0,20607
24,SF8 BW125 PA0,47,2608212001,24,1,26414,-44.0,16.0,1,0,2511
24,SF8 BW125 PA0,48,2608212001,24,1,26896,-42.0,16.0,1,0,54247
24,SF8 BW125 PA0,49,2608212001,24,1,27379,-44.0,14.0,1,0,35415
25,SF8 BW125 PA3,0,2608212001,25,1,3744,-40.0,15.0,1,0,24601
25,SF8 BW125 PA3,1,2608212001,25,1,4226,-40.0,15.0,1,0,14761
25,SF8 BW125 PA3,2,2608212001,25,1,4709,-40.0,15.0,1,0,10692
25,SF8 BW125 PA3,3,2608212001,25,1,5191,-40.0,15.0,1,0,28788
25,SF8 BW125 PA3,4,2608212001,25,1,5674,-40.0,15.0,1,0,62371
25,SF8 BW125 PA3,5,2608212001,25,1,6156,-40.0,15.0,1,0,43539
25,SF8 BW125 PA3,6,2608212001,25,1,6638,-40.0,15.0,1,0,47742
25,SF8 BW125 PA3,7,2608212001,25,1,7121,-40.0,15.0,1,0,58318
25,SF8 BW125 PA3,8,2608212001,25,1,7603,-40.0,15.0,1,0,22348
25,SF8 BW125 PA3,9,2608212001,25,1,8086,-40.0,15.0,1,0,3836
25,SF8 BW125 PA3,10,2608212001,25,1,8568,-39.0,15.0,1,0,7825
25,SF8 BW125 PA3,11,2608212001,25,1,9050,-39.0,16.0,1,0,18209
25,SF8 BW125 PA3,12,2608212001,25,1,9533,-39.0,16.0,1,0,50422
25,SF8 BW125 PA3,13,2608212001,25,1,10015,-39.0,16.0,1,0,40262
25,SF8 BW125 PA3,14,2608212001,25,1,10498,-39.0,15.0,1,0,36139
25,SF8 BW125 PA3,15,2608212001,25,1,10980,-39.0,15.0,1,0,54427
25,SF8 BW125 PA3,16,2608212001,25,1,11463,-40.0,15.0,1,0,3763
25,SF8 BW125 PA3,17,2608212001,25,1,11945,-40.0,17.0,1,0,22275
25,SF8 BW125 PA3,18,2608212001,25,1,12427,-41.0,14.0,1,0,18286
25,SF8 BW125 PA3,19,2608212001,25,1,12910,-41.0,16.0,1,0,7902
25,SF8 BW125 PA3,20,2608212001,25,1,13392,-40.0,17.0,1,0,40201
25,SF8 BW125 PA3,21,2608212001,25,1,13875,-40.0,17.0,1,0,50361
25,SF8 BW125 PA3,22,2608212001,25,1,14357,-40.0,15.0,1,0,54484
25,SF8 BW125 PA3,23,2608212001,25,1,14840,-40.0,16.0,1,0,36196
25,SF8 BW125 PA3,24,2608212001,25,1,15322,-40.0,15.0,1,0,14822
25,SF8 BW125 PA3,25,2608212001,25,1,15804,-40.0,15.0,1,0,24662
25,SF8 BW125 PA3,26,2608212001,25,1,16287,-40.0,15.0,1,0,28731
25,SF8 BW125 PA3,27,2608212001,25,1,16769,-40.0,15.0,1,0,10635
25,SF8 BW125 PA3,28,2608212001,25,1,17252,-40.0,15.0,1,0,43612
25,SF8 BW125 PA3,29,2608212001,25,1,17734,-40.0,15.0,1,0,62444
25,SF8 BW125 PA3,30,2608212001,25,1,18217,-40.0,15.0,1,0,58241
25,SF8 BW125 PA3,31,2608212001,25,1,18699,-40.0,15.0,1,0,47665
25,SF8 BW125 PA3,32,2608212001,25,1,19181,-40.0,15.0,1,0,48461
25,SF8 BW125 PA3,33,2608212001,25,1,19664,-40.0,15.0,1,0,58621
25,SF8 BW125 PA3,34,2608212001,25,1,20146,-41.0,17.0,1,0,62608
25,SF8 BW125 PA3,35,2608212001,25,1,20629,-39.0,16.0,1,0,44320
25,SF8 BW125 PA3,36,2608212001,25,1,21111,-40.0,17.0,1,0,12023
25,SF8 BW125 PA3,37,2608212001,25,1,21593,-40.0,17.0,1,0,30535
25,SF8 BW125 PA3,38,2608212001,25,1,22076,-41.0,16.0,1,0,26410
25,SF8 BW125 PA3,39,2608212001,25,1,22558,-41.0,16.0,1,0,16026
25,SF8 BW125 PA3,40,2608212001,25,1,23041,-41.0,16.0,1,0,35352
25,SF8 BW125 PA3,41,2608212001,25,1,23523,-40.0,17.0,1,0,54184
25,SF8 BW125 PA3,42,2608212001,25,1,24006,-40.0,17.0,1,0,50117
25,SF8 BW125 PA3,43,2608212001,25,1,24488,-40.0,15.0,1,0,39541
25,SF8 BW125 PA3,44,2608212001,25,1,24970,-40.0,15.0,1,0,6562
25,SF8 BW125 PA3,45,2608212001,25,1,25453,-41.0,16.0,1,0,16402
25,SF8 BW125 PA3,46,2608212001,25,1,25935,-40.0,17.0,1,0,20607
25,SF8 BW125 PA3,47,2608212001,25,1,26418,-40.0,14.0,1,0,2511
25,SF8 BW125 PA3,48,2608212001,25,1,26900,-41.0,16.0,1,0,54247
25,SF8 BW125 PA3,49,2608212001,25,1,27383,-41.0,16.0,1,0,35415
26,SF8 BW125 PA6,0,2608212001,26,1,3701,-38.0,16.0,1,0,24601
26,SF8 BW125 PA6,1,2608212001,26,1,4183,-39.0,15.0,1,0,14761
26,SF8 BW125 PA6,2,2608212001,26,1,4666,-39.0,16.0,1,0,10692
26,SF8 BW125 PA6,3,2608212001,26,1,5148,-38.0,17.0,1,0,28788
26,SF8 BW125 PA6,4,2608212001,26,1,5630,-39.0,15.0,1,0,62371
26,SF8 BW125 PA6,5,2608212001,26,1,6113,-39.0,15.0,1,0,43539
26,SF8 BW125 PA6,6,2608212001,26,1,6595,-38.0,17.0,1,0,47742
26,SF8 BW125 PA6,7,2608212001,26,1,7078,-36.0,16.0,1,0,58318
26,SF8 BW125 PA6,8,2608212001,26,1,7560,-37.0,17.0,1,0,22348
26,SF8 BW125 PA6,9,2608212001,26,1,8042,-37.0,15.0,1,0,3836
26,SF8 BW125 PA6,10,2608212001,26,1,8525,-36.0,16.0,1,0,7825
26,SF8 BW125 PA6,11,2608212001,26,1,9007,-37.0,16.0,1,0,18209
26,SF8 BW125 PA6,12,2608212001,26,1,9490,-36.0,16.0,1,0,50422
26,SF8 BW125 PA6,13,2608212001,26,1,9972,-36.0,16.0,1,0,40262
26,SF8 BW125 PA6,14,2608212001,26,1,10455,-36.0,16.0,1,0,36139
26,SF8 BW125 PA6,15,2608212001,26,1,10937,-37.0,15.0,1,0,54427
26,SF8 BW125 PA6,16,2608212001,26,1,11419,-37.0,15.0,1,0,3763
26,SF8 BW125 PA6,17,2608212001,26,1,11902,-37.0,15.0,1,0,22275
26,SF8 BW125 PA6,18,2608212001,26,1,12384,-37.0,15.0,1,0,18286
26,SF8 BW125 PA6,19,2608212001,26,1,12867,-36.0,16.0,1,0,7902
26,SF8 BW125 PA6,20,2608212001,26,1,13349,-36.0,16.0,1,0,40201
26,SF8 BW125 PA6,21,2608212001,26,1,13831,-34.0,17.0,1,0,50361
26,SF8 BW125 PA6,22,2608212001,26,1,14314,-33.0,16.0,1,0,54484
26,SF8 BW125 PA6,23,2608212001,26,1,14796,-37.0,17.0,1,0,36196
26,SF8 BW125 PA6,24,2608212001,26,1,15279,-36.0,16.0,1,0,14822
26,SF8 BW125 PA6,25,2608212001,26,1,15761,-36.0,16.0,1,0,24662
26,SF8 BW125 PA6,26,2608212001,26,1,16244,-35.0,16.0,1,0,28731
26,SF8 BW125 PA6,27,2608212001,26,1,16726,-35.0,16.0,1,0,10635
26,SF8 BW125 PA6,28,2608212001,26,1,17208,-35.0,16.0,1,0,43612
26,SF8 BW125 PA6,29,2608212001,26,1,17691,-36.0,16.0,1,0,62444
26,SF8 BW125 PA6,30,2608212001,26,1,18173,-37.0,15.0,1,0,58241
26,SF8 BW125 PA6,31,2608212001,26,1,18656,-37.0,15.0,1,0,47665
26,SF8 BW125 PA6,32,2608212001,26,1,19138,-37.0,15.0,1,0,48461
26,SF8 BW125 PA6,33,2608212001,26,1,19620,-37.0,17.0,1,0,58621
26,SF8 BW125 PA6,34,2608212001,26,1,20103,-37.0,16.0,1,0,62608
26,SF8 BW125 PA6,35,2608212001,26,1,20585,-37.0,15.0,1,0,44320
26,SF8 BW125 PA6,36,2608212001,26,1,21068,-36.0,16.0,1,0,12023
26,SF8 BW125 PA6,37,2608212001,26,1,21550,-35.0,16.0,1,0,30535
26,SF8 BW125 PA6,38,2608212001,26,1,22033,-35.0,16.0,1,0,26410
26,SF8 BW125 PA6,39,2608212001,26,1,22515,-38.0,15.0,1,0,16026
26,SF8 BW125 PA6,40,2608212001,26,1,22997,-37.0,17.0,1,0,35352
26,SF8 BW125 PA6,41,2608212001,26,1,23480,-34.0,17.0,1,0,54184
26,SF8 BW125 PA6,42,2608212001,26,1,23962,-37.0,15.0,1,0,50117
26,SF8 BW125 PA6,43,2608212001,26,1,24445,-37.0,15.0,1,0,39541
26,SF8 BW125 PA6,44,2608212001,26,1,24927,-37.0,17.0,1,0,6562
26,SF8 BW125 PA6,45,2608212001,26,1,25409,-37.0,17.0,1,0,16402
26,SF8 BW125 PA6,46,2608212001,26,1,25892,-37.0,17.0,1,0,20607
26,SF8 BW125 PA6,47,2608212001,26,1,26374,-37.0,17.0,1,0,2511
26,SF8 BW125 PA6,48,2608212001,26,1,26857,-37.0,17.0,1,0,54247
26,SF8 BW125 PA6,49,2608212001,26,1,27339,-37.0,17.0,1,0,35415
27,SF8 BW125 PA10 L16,0,2608212001,27,1,3621,-32.0,16.0,1,0,44973
27,SF8 BW125 PA10 L16,1,2608212001,27,1,3833,-33.0,16.0,1,0,60110
27,SF8 BW125 PA10 L16,2,2608212001,27,1,4045,-34.0,15.0,1,0,58797
27,SF8 BW125 PA10 L16,3,2608212001,27,1,4257,-34.0,15.0,1,0,41166
27,SF8 BW125 PA10 L16,4,2608212001,27,1,4469,-34.0,15.0,1,0,11148
27,SF8 BW125 PA10 L16,5,2608212001,27,1,4681,-33.0,16.0,1,0,28399
27,SF8 BW125 PA10 L16,6,2608212001,27,1,4893,-33.0,16.0,1,0,24972
27,SF8 BW125 PA10 L16,7,2608212001,27,1,5105,-33.0,16.0,1,0,9455
27,SF8 BW125 PA10 L16,8,2608212001,27,1,5317,-33.0,15.0,1,0,42991
27,SF8 BW125 PA10 L16,9,2608212001,27,1,5529,-32.0,16.0,1,0,57996
27,SF8 BW125 PA10 L16,10,2608212001,27,1,5741,-33.0,15.0,1,0,60911
27,SF8 BW125 PA10 L16,11,2608212001,27,1,5953,-33.0,15.0,1,0,43148
27,SF8 BW125 PA10 L16,12,2608212001,27,1,6165,-33.0,16.0,1,0,9166
27,SF8 BW125 PA10 L16,13,2608212001,27,1,6377,-33.0,16.0,1,0,26285
27,SF8 BW125 PA10 L16,14,2608212001,27,1,6589,-33.0,16.0,1,0,27086
27,SF8 BW125 PA10 L16,15,2608212001,27,1,6801,-32.0,16.0,1,0,11437
27,SF8 BW125 PA10 L16,16,2608212001,27,1,7013,-33.0,16.0,1,0,44808
27,SF8 BW125 PA10 L16,17,2608212001,27,1,7225,-33.0,16.0,1,0,60011
27,SF8 BW125 PA10 L16,18,2608212001,27,1,7437,-33.0,16.0,1,0,58632
27,SF8 BW125 PA10 L16,19,2608212001,27,1,7648,-33.0,16.0,1,0,41067
27,SF8 BW125 PA10 L16,20,2608212001,27,1,7860,-33.0,16.0,1,0,11049
27,SF8 BW125 PA10 L16,21,2608212001,27,1,8072,-33.0,16.0,1,0,28234
27,SF8 BW125 PA10 L16,22,2608212001,27,1,8284,-33.0,16.0,1,0,24873
27,SF8 BW125 PA10 L16,23,2608212001,27,1,8496,-33.0,16.0,1,0,9290
27,SF8 BW125 PA10 L16,24,2608212001,27,1,8708,-33.0,16.0,1,0,42826
27,SF8 BW125 PA10 L16,25,2608212001,27,1,8920,-33.0,16.0,1,0,57897
27,SF8 BW125 PA10 L16,26,2608212001,27,1,9132,-33.0,16.0,1,0,60746
27,SF8 BW125 PA10 L16,27,2608212001,27,1,9344,-33.0,16.0,1,0,43049
27,SF8 BW125 PA10 L16,28,2608212001,27,1,9556,-33.0,16.0,1,0,9067
27,SF8 BW125 PA10 L16,29,2608212001,27,1,9768,-33.0,16.0,1,0,26120
27,SF8 BW125 PA10 L16,30,2608212001,27,1,9980,-33.0,16.0,1,0,26987
27,SF8 BW125 PA10 L16,31,2608212001,27,1,10192,-33.0,16.0,1,0,11272
27,SF8 BW125 PA10 L16,32,2608212001,27,1,10404,-33.0,16.0,1,0,48838
27,SF8 BW125 PA10 L16,33,2608212001,27,1,10616,-33.0,16.0,1,0,64421
27,SF8 BW125 PA10 L16,34,2608212001,27,1,10828,-33.0,16.0,1,0,62662
27,SF8 BW125 PA10 L16,35,2608212001,27,1,11040,-33.0,16.0,1,0,45477
27,SF8 BW125 PA10 L16,36,2608212001,27,1,11252,-33.0,16.0,1,0,15079
27,SF8 BW125 PA10 L16,37,2608212001,27,1,11464,-33.0,16.0,1,0,32644
27,SF8 BW125 PA10 L16,38,2608212001,27,1,11676,-33.0,16.0,1,0,28903
27,SF8 BW125 PA10 L16,39,2608212001,27,1,11888,-33.0,16.0,1,0,13700
27,SF8 BW125 PA10 L16,40,2608212001,27,1,12100,-34.0,15.0,1,0,46724
27,SF8 BW125 PA10 L16,41,2608212001,27,1,12311,-33.0,15.0,1,0,62439
27,SF8 BW125 PA10 L16,42,2608212001,27,1,12523,-34.0,15.0,1,0,64644
27,SF8 BW125 PA10 L16,43,2608212001,27,1,12735,-33.0,15.0,1,0,47591
27,SF8 BW125 PA10 L16,44,2608212001,27,1,12947,-33.0,16.0,1,0,12965
27,SF8 BW125 PA10 L16,45,2608212001,27,1,13159,-33.0,16.0,1,0,30662
27,SF8 BW125 PA10 L16,46,2608212001,27,1,13371,-33.0,16.0,1,0,30885
27,SF8 BW125 PA10 L16,47,2608212001,27,1,13583,-32.0,16.0,1,0,15814
27,SF8 BW125 PA10 L16,48,2608212001,27,1,13795,-33.0,16.0,1,0,48739
27,SF8 BW125 PA10 L16,49,2608212001,27,1,14007,-33.0,16.0,1,0,64256
28,SF8 BW125 PA10 L128,0,2608212001,28,1,3910,-33.0,16.0,1,0,62486
28,SF8 BW125 PA10 L128,1,2608212001,28,1,4753,-33.0,16.0,1,0,16801
28,SF8 BW125 PA10 L128,2,2608212001,28,1,5596,-33.0,16.0,1,0,5536
28,SF8 BW125 PA10 L128,3,2608212001,28,1,6439,-34.0,15.0,1,0,40983
28,SF8 BW125 PA10 L128,4,2608212001,28,1,7282,-33.0,15.0,1,0,14202
28,SF8 BW125 PA10 L128,5,2608212001,28,1,8126,-34.0,15.0,1,0,33485
28,SF8 BW125 PA10 L128,6,2608212001,28,1,8969,-33.0,16.0,1,0,54988
28,SF8 BW125 PA10 L128,7,2608212001,28,1,9812,-34.0,15.0,1,0,25467
28,SF8 BW125 PA10 L128,8,2608212001,28,1,10655,-34.0,15.0,1,0,29390
28,SF8 BW125 PA10 L128,9,2608212001,28,1,11498,-34.0,16.0,1,0,51065
28,SF8 BW125 PA10 L128,10,2608212001,28,1,12341,-34.0,15.0,1,0,37752
28,SF8 BW125 PA10 L128,11,2608212001,28,1,13184,-34.0,15.0,1,0,9935
28,SF8 BW125 PA10 L128,12,2608212001,28,1,14027,-34.0,15.0,1,0,45474
28,SF8 BW125 PA10 L128,13,2608212001,28,1,14870,-34.0,15.0,1,0,1045
28,SF8 BW125 PA10 L128,14,2608212001,28,1,15713,-34.0,15.0,1,0,20500
28,SF8 BW125 PA10 L128,15,2608212001,28,1,16556,-34.0,15.0,1,0,58787
28,SF8 BW125 PA10 L128,16,2608212001,28,1,17399,-34.0,17.0,1,0,63910
28,SF8 BW125 PA10 L128,17,2608212001,28,1,18242,-34.0,15.0,1,0,19473
28,SF8 BW125 PA10 L128,18,2608212001,28,1,19085,-34.0,15.0,1,0,6160
28,SF8 BW125 PA10 L128,19,2608212001,28,1,19928,-34.0,15.0,1,0,44455
28,SF8 BW125 PA10 L128,20,2608212001,28,1,20771,-33.0,16.0,1,0,15050
28,SF8 BW125 PA10 L128,21,2608212001,28,1,21614,-32.0,16.0,1,0,36733
28,SF8 BW125 PA10 L128,22,2608212001,28,1,22457,-33.0,16.0,1,0,56188
28,SF8 BW125 PA10 L128,23,2608212001,28,1,23300,-34.0,15.0,1,0,28363
28,SF8 BW125 PA10 L128,24,2608212001,28,1,24143,-34.0,15.0,1,0,32638
28,SF8 BW125 PA10 L128,25,2608212001,28,1,24986,-35.0,16.0,1,0,51913
28,SF8 BW125 PA10 L128,26,2608212001,28,1,25829,-34.0,17.0,1,0,40648
28,SF8 BW125 PA10 L128,27,2608212001,28,1,26672,-35.0,17.0,1,0,11135
28,SF8 BW125 PA10 L128,28,2608212001,28,1,27515,-36.0,16.0,1,0,48146
28,SF8 BW125 PA10 L128,29,2608212001,28,1,28358,-35.0,17.0,1,0,2469
28,SF8 BW125 PA10 L128,30,2608212001,28,1,29201,-34.0,15.0,1,0,23972
28,SF8 BW125 PA10 L128,31,2608212001,28,1,30045,-34.0,15.0,1,0,59411
28,SF8 BW125 PA10 L128,32,2608212001,28,1,30888,-35.0,16.0,1,0,65367
28,SF8 BW125 PA10 L128,33,2608212001,28,1,31731,-35.0,17.0,1,0,19168
28,SF8 BW125 PA10 L128,34,2608212001,28,1,32574,-34.0,15.0,1,0,7905
28,SF8 BW125 PA10 L128,35,2608212001,28,1,33417,-33.0,16.0,1,0,43862
28,SF8 BW125 PA10 L128,36,2608212001,28,1,34260,-34.0,15.0,1,0,15419
28,SF8 BW125 PA10 L128,37,2608212001,28,1,35103,-34.0,17.0,1,0,35212
28,SF8 BW125 PA10 L128,38,2608212001,28,1,35946,-34.0,17.0,1,0,56717
28,SF8 BW125 PA10 L128,39,2608212001,28,1,36789,-33.0,16.0,1,0,26682
28,SF8 BW125 PA10 L128,40,2608212001,28,1,37632,-33.0,16.0,1,0,31119
28,SF8 BW125 PA10 L128,41,2608212001,28,1,38475,-33.0,16.0,1,0,52280
28,SF8 BW125 PA10 L128,42,2608212001,28,1,39318,-33.0,16.0,1,0,38969
28,SF8 BW125 PA10 L128,43,2608212001,28,1,40161,-34.0,15.0,1,0,11662
28,SF8 BW125 PA10 L128,44,2608212001,28,1,41004,-34.0,15.0,1,0,47843
28,SF8 BW125 PA10 L128,45,2608212001,28,1,41847,-33.0,16.0,1,0,3924
28,SF8 BW125 PA10 L128,46,2608212001,28,1,42690,-34.0,17.0,1,0,23381
28,SF8 BW125 PA10 L128,47,2608212001,28,1,43533,-33.0,18.0,1,0,61154
28,SF8 BW125 PA10 L128,48,2608212001,28,1,44376,-34.0,15.0,1,0,62183
28,SF8 BW125 PA10 L128,49,2608212001,28,1,45219,-33.0,16.0,1,0,18256
29,SF8 BW125 PA10 L255,0,2608212001,29,1,4191,-34.0,15.0,1,0,35614
29,SF8 BW125 PA10 L255,1,2608212001,29,1,5755,-33.0,16.0,1,0,16480
29,SF8 BW125 PA10 L255,2,2608212001,29,1,7320,-33.0,16.0,1,0,63192
29,SF8 BW125 PA10 L255,3,2608212001,29,1,8884,-33.0,16.0,1,0,15782
29,SF8 BW125 PA10 L255,4,2608212001,29,1,10448,-34.0,15.0,1,0,28818
29,SF8 BW125 PA10 L255,5,2608212001,29,1,12013,-32.0,16.0,1,0,48108
29,SF8 BW125 PA10 L255,6,2608212001,29,1,13577,-32.0,16.0,1,0,3412
29,SF8 BW125 PA10 L255,7,2608212001,29,1,15141,-32.0,16.0,1,0,50730
29,SF8 BW125 PA10 L255,8,2608212001,29,1,16705,-33.0,16.0,1,0,31750
29,SF8 BW125 PA10 L255,9,2608212001,29,1,18270,-33.0,16.0,1,0,46968
29,SF8 BW125 PA10 L255,10,2608212001,29,1,19834,-33.0,16.0,1,0,448
29,SF8 BW125 PA10 L255,11,2608212001,29,1,21398,-33.0,15.0,1,0,51902
29,SF8 BW125 PA10 L255,12,2608212001,29,1,22963,-34.0,17.0,1,0,34698
29,SF8 BW125 PA10 L255,13,2608212001,29,1,24527,-34.0,17.0,1,0,19700
29,SF8 BW125 PA10 L255,14,2608212001,29,1,26091,-34.0,15.0,1,0,64076
29,SF8 BW125 PA10 L255,15,2608212001,29,1,27655,-33.0,16.0,1,0,12594
29,SF8 BW125 PA10 L255,16,2608212001,29,1,29220,-35.0,14.0,1,0,25902
29,SF8 BW125 PA10 L255,17,2608212001,29,1,30784,-32.0,16.0,1,0,44624
29,SF8 BW125 PA10 L255,18,2608212001,29,1,32348,-34.0,15.0,1,0,6376
29,SF8 BW125 PA10 L255,19,2608212001,29,1,33913,-31.0,12.0,1,0,54166
29,SF8 BW125 PA10 L255,20,2608212001,29,1,35477,-31.0,15.0,1,0,40610
29,SF8 BW125 PA10 L255,21,2608212001,29,1,37041,-28.0,17.0,1,0,21980
29,SF8 BW125 PA10 L255,22,2608212001,29,1,38605,-32.0,17.0,1,0,58212
29,SF8 BW125 PA10 L255,23,2608212001,29,1,40170,-35.0,17.0,1,0,10266
29,SF8 BW125 PA10 L255,24,2608212001,29,1,41734,-38.0,16.0,1,0,37430
29,SF8 BW125 PA10 L255,25,2608212001,29,1,43298,-37.0,17.0,1,0,22856
29,SF8 BW125 PA10 L255,26,2608212001,29,1,44863,-35.0,16.0,1,0,61424
29,SF8 BW125 PA10 L255,27,2608212001,29,1,46427,-35.0,17.0,1,0,9358
29,SF8 BW125 PA10 L255,28,2608212001,29,1,47991,-34.0,15.0,1,0,27066
29,SF8 BW125 PA10 L255,29,2608212001,29,1,49555,-35.0,17.0,1,0,41668
29,SF8 BW125 PA10 L255,30,2608212001,29,1,51120,-36.0,17.0,1,0,5244
29,SF8 BW125 PA10 L255,31,2608212001,29,1,52684,-32.0,16.0,1,0,57090
29,SF8 BW125 PA10 L255,32,2608212001,29,1,54248,-32.0,17.0,1,0,22398
29,SF8 BW125 PA10 L255,33,2608212001,29,1,55813,-32.0,16.0,1,0,39936
29,SF8 BW125 PA10 L255,34,2608212001,29,1,57377,-34.0,15.0,1,0,10936
29,SF8 BW125 PA10 L255,35,2608212001,29,1,58941,-34.0,17.0,1,0,57798
29,SF8 BW125 PA10 L255,36,2608212001,29,1,60505,-35.0,16.0,1,0,44274
29,SF8 BW125 PA10 L255,37,2608212001,29,1,62070,-35.0,17.0,1,0,26508
29,SF8 BW125 PA10 L255,38,2608212001,29,1,63634,-34.0,17.0,1,0,53556
29,SF8 BW125 PA10 L255,39,2608212001,29,1,65198,-34.0,17.0,1,0,6730
29,SF8 BW125 PA10 L255,40,2608212001,29,1,66763,-35.0,17.0,1,0,41062
29,SF8 BW125 PA10 L255,41,2608212001,29,1,68327,-34.0,18.0,1,0,27416
29,SF8 BW125 PA10 L255,42,2608212001,29,1,69891,-33.0,16.0,1,0,56736
29,SF8 BW125 PA10 L255,43,2608212001,29,1,71455,-32.0,17.0,1,0,5854
29,SF8 BW125 PA10 L255,44,2608212001,29,1,73020,-34.0,15.0,1,0,23530
29,SF8 BW125 PA10 L255,45,2608212001,29,1,74584,-34.0,17.0,1,0,37012
29,SF8 BW125 PA10 L255,46,2608212001,29,1,76148,-34.0,15.0,1,0,9772
29,SF8 BW125 PA10 L255,47,2608212001,29,1,77713,-34.0,17.0,1,0,60754
29,SF8 BW125 PA10 L255,48,2608212001,29,1,79277,-34.0,17.0,1,0,47438
29,SF8 BW125 PA10 L255,49,2608212001,29,1,80841,-33.0,16.0,1,0,29232
31,FLRC 260k pa5,0,2608212001,31,1,3319,-77.0,0.0,0,0,0
31,FLRC 260k pa5,0,2608212001,31,1,3336,-76.0,0.0,0,0,0
31,FLRC 260k pa5,0,2608212001,31,1,3352,-77.0,0.0,0,0,0
31,FLRC 260k pa5,0,2608212001,31,1,3368,-76.0,0.0,0,0,0
31,FLRC 260k pa5,0,2608212001,31,1,3385,-76.0,0.0,0,0,0
31,FLRC 260k pa5,0,2608212001,31,1,3401,-82.0,0.0,0,0,0
31,FLRC 260k pa5,0,2608212001,31,1,3417,-77.0,0.0,0,0,0
31,FLRC 260k pa5,0,2608212001,31,1,3433,-77.0,0.0,0,0,0
31,FLRC 260k pa5,0,2608212001,31,1,3450,-77.0,0.0,0,0,0
31,FLRC 260k pa5,0,2608212001,31,1,3466,-77.0,0.0,0,0,0
31,FLRC 260k pa5,0,2608212001,31,1,3482,-77.0,0.0,0,0,0
31,FLRC 260k pa5,0,2608212001,31,1,3499,-76.0,0.0,0,0,0
31,FLRC 260k pa5,0,2608212001,31,1,3515,-82.0,0.0,0,0,0
31,FLRC 260k pa5,0,2608212001,31,1,3531,-77.0,0.0,0,0,0
31,FLRC 260k pa5,0,2608212001,31,1,3547,-76.0,0.0,0,0,0
31,FLRC 260k pa5,0,2608212001,31,1,3564,-72.0,0.0,0,0,0
31,FLRC 260k pa5,0,2608212001,31,1,3580,-72.0,0.0,0,0,0
31,FLRC 260k pa5,0,2608212001,31,1,3596,-77.0,0.0,0,0,0
31,FLRC 260k pa5,0,2608212001,31,1,3613,-77.0,0.0,0,0,0
31,FLRC 260k pa5,0,2608212001,31,1,3629,-76.0,0.0,0,0,0
31,FLRC 260k pa5,0,2608212001,31,1,3645,-77.0,0.0,0,0,0
31,FLRC 260k pa5,0,2608212001,31,1,3661,-77.0,0.0,0,0,0
31,FLRC 260k pa5,0,2608212001,31,1,3678,-77.0,0.0,0,0,0
31,FLRC 260k pa5,0,2608212001,31,1,3694,-76.0,0.0,0,0,0
31,FLRC 260k pa5,0,2608212001,31,1,3710,-77.0,0.0,0,0,0
31,FLRC 260k pa5,0,2608212001,31,1,3727,-83.0,0.0,0,0,0
31,FLRC 260k pa5,0,2608212001,31,1,3743,-82.0,0.0,0,0,0
31,FLRC 260k pa5,0,2608212001,31,1,3759,-77.0,0.0,0,0,0
31,FLRC 260k pa5,0,2608212001,31,1,3775,-77.0,0.0,0,0,0
31,FLRC 260k pa5,0,2608212001,31,1,3792,-77.0,0.0,0,0,0
31,FLRC 260k pa5,0,2608212001,31,1,3808,-77.0,0.0,0,0,0
31,FLRC 260k pa5,0,2608212001,31,1,3824,-82.0,0.0,0,0,0
31,FLRC 260k pa5,0,2608212001,31,1,3841,-77.0,0.0,0,0,0
31,FLRC 260k pa5,0,2608212001,31,1,3857,-77.0,0.0,0,0,0
31,FLRC 260k pa5,0,2608212001,31,1,3873,-77.0,0.0,0,0,0
31,FLRC 260k pa5,0,2608212001,31,1,3889,-76.0,0.0,0,0,0
31,FLRC 260k pa5,0,2608212001,31,1,3906,-76.0,0.0,0,0,0
31,FLRC 260k pa5,0,2608212001,31,1,3922,-82.0,0.0,0,0,0
31,FLRC 260k pa5,0,2608212001,31,1,3938,-77.0,0.0,0,0,0
31,FLRC 260k pa5,0,2608212001,31,1,3955,-76.0,0.0,0,0,0
31,FLRC 260k pa5,0,2608212001,31,1,3971,-76.0,0.0,0,0,0
31,FLRC 260k pa5,0,2608212001,31,1,3987,-77.0,0.0,0,0,0
31,FLRC 260k pa5,0,2608212001,31,1,4003,-77.0,0.0,0,0,0
31,FLRC 260k pa5,0,2608212001,31,1,4020,-77.0,0.0,0,0,0
31,FLRC 260k pa5,0,2608212001,31,1,4036,-77.0,0.0,0,0,0
31,FLRC 260k pa5,0,2608212001,31,1,4052,-77.0,0.0,0,0,0
31,FLRC 260k pa5,0,2608212001,31,1,4069,-77.0,0.0,0,0,0
31,FLRC 260k pa5,0,2608212001,31,1,4085,-76.0,0.0,0,0,0
31,FLRC 260k pa5,0,2608212001,31,1,4101,-77.0,0.0,0,0,0
31,FLRC 260k pa5,0,2608212001,31,1,4117,-77.0,0.0,0,0,0
32,FLRC 325k pa5,0,2608212001,32,1,3297,-82.0,0.0,0,0,0
32,FLRC 325k pa5,0,2608212001,32,1,3312,-77.0,0.0,0,0,0
32,FLRC 325k pa5,0,2608212001,32,1,3328,-82.0,0.0,0,0,0
32,FLRC 325k pa5,0,2608212001,32,1,3344,-82.0,0.0,0,0,0
32,FLRC 325k pa5,0,2608212001,32,1,3359,-78.0,0.0,0,0,0
32,FLRC 325k pa5,0,2608212001,32,1,3375,-82.0,0.0,0,0,0
32,FLRC 325k pa5,0,2608212001,32,1,3391,-72.0,0.0,0,0,0
32,FLRC 325k pa5,0,2608212001,32,1,3406,-72.0,0.0,0,0,0
32,FLRC 325k pa5,0,2608212001,32,1,3422,-77.0,0.0,0,0,0
32,FLRC 325k pa5,0,2608212001,32,1,3438,-78.0,0.0,0,0,0
32,FLRC 325k pa5,0,2608212001,32,1,3453,-82.0,0.0,0,0,0
32,FLRC 325k pa5,0,2608212001,32,1,3469,-76.0,0.0,0,0,0
32,FLRC 325k pa5,0,2608212001,32,1,3485,-77.0,0.0,0,0,0
32,FLRC 325k pa5,0,2608212001,32,1,3500,-82.0,0.0,0,0,0
32,FLRC 325k pa5,0,2608212001,32,1,3516,-76.0,0.0,0,0,0
32,FLRC 325k pa5,0,2608212001,32,1,3532,-82.0,0.0,0,0,0
32,FLRC 325k pa5,0,2608212001,32,1,3547,-72.0,0.0,0,0,0
32,FLRC 325k pa5,0,2608212001,32,1,3563,-82.0,0.0,0,0,0
32,FLRC 325k pa5,0,2608212001,32,1,3579,-82.0,0.0,0,0,0
32,FLRC 325k pa5,0,2608212001,32,1,3595,-86.0,0.0,0,0,0
32,FLRC 325k pa5,0,2608212001,32,1,3610,-72.0,0.0,0,0,0
32,FLRC 325k pa5,0,2608212001,32,1,3626,-72.0,0.0,0,0,0
32,FLRC 325k pa5,0,2608212001,32,1,3642,-76.0,0.0,0,0,0
32,FLRC 325k pa5,0,2608212001,32,1,3657,-82.0,0.0,0,0,0
32,FLRC 325k pa5,0,2608212001,32,1,3673,-81.0,0.0,0,0,0
32,FLRC 325k pa5,0,2608212001,32,1,3689,-77.0,0.0,0,0,0
32,FLRC 325k pa5,0,2608212001,32,1,3704,-76.0,0.0,0,0,0
32,FLRC 325k pa5,0,2608212001,32,1,3720,-87.0,0.0,0,0,0
32,FLRC 325k pa5,0,2608212001,32,1,3736,-82.0,0.0,0,0,0
32,FLRC 325k pa5,0,2608212001,32,1,3751,-83.0,0.0,0,0,0
32,FLRC 325k pa5,0,2608212001,32,1,3767,-82.0,0.0,0,0,0
32,FLRC 325k pa5,0,2608212001,32,1,3783,-72.0,0.0,0,0,0
32,FLRC 325k pa5,0,2608212001,32,1,3798,-72.0,0.0,0,0,0
32,FLRC 325k pa5,0,2608212001,32,1,3814,-82.0,0.0,0,0,0
32,FLRC 325k pa5,0,2608212001,32,1,3830,-82.0,0.0,0,0,0
32,FLRC 325k pa5,0,2608212001,32,1,3845,-76.0,0.0,0,0,0
32,FLRC 325k pa5,0,2608212001,32,1,3861,-77.0,0.0,0,0,0
32,FLRC 325k pa5,0,2608212001,32,1,3877,-77.0,0.0,0,0,0
32,FLRC 325k pa5,0,2608212001,32,1,3892,-77.0,0.0,0,0,0
32,FLRC 325k pa5,0,2608212001,32,1,3908,-77.0,0.0,0,0,0
32,FLRC 325k pa5,0,2608212001,32,1,3924,-77.0,0.0,0,0,0
32,FLRC 325k pa5,0,2608212001,32,1,3940,-72.0,0.0,0,0,0
32,FLRC 325k pa5,0,2608212001,32,1,3955,-76.0,0.0,0,0,0
32,FLRC 325k pa5,0,2608212001,32,1,3971,-82.0,0.0,0,0,0
32,FLRC 325k pa5,0,2608212001,32,1,3987,-70.0,0.0,0,0,0
32,FLRC 325k pa5,0,2608212001,32,1,4002,-70.0,0.0,0,0,0
32,FLRC 325k pa5,0,2608212001,32,1,4018,-82.0,0.0,0,0,0
32,FLRC 325k pa5,0,2608212001,32,1,4034,-76.0,0.0,0,0,0
32,FLRC 325k pa5,0,2608212001,32,1,4049,-86.0,0.0,0,0,0
32,FLRC 325k pa5,0,2608212001,32,1,4065,-86.0,0.0,0,0,0
33,FLRC 520k pa5,0,2608212001,33,1,3336,-83.0,0.0,0,0,0
33,FLRC 520k pa5,0,2608212001,33,1,3350,-74.0,0.0,0,0,0
33,FLRC 520k pa5,0,2608212001,33,1,3365,-74.0,0.0,0,0,0
33,FLRC 520k pa5,0,2608212001,33,1,3380,-69.0,0.0,0,0,0
33,FLRC 520k pa5,0,2608212001,33,1,3395,-84.0,0.0,0,0,0
33,FLRC 520k pa5,0,2608212001,33,1,3409,-80.0,0.0,0,0,0
33,FLRC 520k pa5,0,2608212001,33,1,3424,-84.0,0.0,0,0,0
33,FLRC 520k pa5,0,2608212001,33,1,3439,-83.0,0.0,0,0,0
33,FLRC 520k pa5,0,2608212001,33,1,3454,-80.0,0.0,0,0,0
33,FLRC 520k pa5,0,2608212001,33,1,3468,-80.0,0.0,0,0,0
33,FLRC 520k pa5,0,2608212001,33,1,3483,-80.0,0.0,0,0,0
33,FLRC 520k pa5,0,2608212001,33,1,3498,-75.0,0.0,0,0,0
33,FLRC 520k pa5,0,2608212001,33,1,3513,-79.0,0.0,0,0,0
33,FLRC 520k pa5,0,2608212001,33,1,3527,-84.0,0.0,0,0,0
33,FLRC 520k pa5,0,2608212001,33,1,3542,-62.0,0.0,0,0,0
33,FLRC 520k pa5,0,2608212001,33,1,3557,-83.0,0.0,0,0,0
33,FLRC 520k pa5,0,2608212001,33,1,3572,-63.0,0.0,0,0,0
33,FLRC 520k pa5,0,2608212001,33,1,3586,-84.0,0.0,0,0,0
33,FLRC 520k pa5,0,2608212001,33,1,3601,-75.0,0.0,0,0,0
33,FLRC 520k pa5,0,2608212001,33,1,3616,-79.0,0.0,0,0,0
33,FLRC 520k pa5,0,2608212001,33,1,3631,-74.0,0.0,0,0,0
33,FLRC 520k pa5,0,2608212001,33,1,3645,-84.0,0.0,0,0,0
33,FLRC 520k pa5,0,2608212001,33,1,3660,-80.0,0.0,0,0,0
33,FLRC 520k pa5,0,2608212001,33,1,3675,-80.0,0.0,0,0,0
33,FLRC 520k pa5,0,2608212001,33,1,3690,-69.0,0.0,0,0,0
33,FLRC 520k pa5,0,2608212001,33,1,3704,-84.0,0.0,0,0,0
33,FLRC 520k pa5,0,2608212001,33,1,3719,-63.0,0.0,0,0,0
33,FLRC 520k pa5,0,2608212001,33,1,3734,-80.0,0.0,0,0,0
33,FLRC 520k pa5,0,2608212001,33,1,3749,-84.0,0.0,0,0,0
33,FLRC 520k pa5,0,2608212001,33,1,3763,-80.0,0.0,0,0,0
33,FLRC 520k pa5,0,2608212001,33,1,3778,-84.0,0.0,0,0,0
33,FLRC 520k pa5,0,2608212001,33,1,3793,-63.0,0.0,0,0,0
33,FLRC 520k pa5,0,2608212001,33,1,3808,-79.0,0.0,0,0,0
33,FLRC 520k pa5,0,2608212001,33,1,3822,-79.0,0.0,0,0,0
33,FLRC 520k pa5,0,2608212001,33,1,3837,-79.0,0.0,0,0,0
33,FLRC 520k pa5,0,2608212001,33,1,3852,-80.0,0.0,0,0,0
33,FLRC 520k pa5,0,2608212001,33,1,3867,-80.0,0.0,0,0,0
33,FLRC 520k pa5,0,2608212001,33,1,3881,-75.0,0.0,0,0,0
33,FLRC 520k pa5,0,2608212001,33,1,3896,-75.0,0.0,0,0,0
33,FLRC 520k pa5,0,2608212001,33,1,3911,-79.0,0.0,0,0,0
33,FLRC 520k pa5,0,2608212001,33,1,3926,-76.0,0.0,0,0,0
33,FLRC 520k pa5,0,2608212001,33,1,3940,-63.0,0.0,0,0,0
33,FLRC 520k pa5,0,2608212001,33,1,3955,-70.0,0.0,0,0,0
33,FLRC 520k pa5,0,2608212001,33,1,3970,-81.0,0.0,0,0,0
33,FLRC 520k pa5,0,2608212001,33,1,3985,-79.0,0.0,0,0,0
33,FLRC 520k pa5,0,2608212001,33,1,3999,-74.0,0.0,0,0,0
33,FLRC 520k pa5,0,2608212001,33,1,4014,-63.0,0.0,0,0,0
33,FLRC 520k pa5,0,2608212001,33,1,4029,-84.0,0.0,0,0,0
33,FLRC 520k pa5,0,2608212001,33,1,4044,-81.0,0.0,0,0,0
33,FLRC 520k pa5,0,2608212001,33,1,4059,-75.0,0.0,0,0,0
34,FLRC 650k pa5,0,2608212001,34,1,3324,-69.0,0.0,0,0,0
34,FLRC 650k pa5,0,2608212001,34,1,3339,-71.0,0.0,0,0,0
34,FLRC 650k pa5,0,2608212001,34,1,3353,-71.0,0.0,0,0,0
34,FLRC 650k pa5,0,2608212001,34,1,3368,-70.0,0.0,0,0,0
34,FLRC 650k pa5,0,2608212001,34,1,3382,-71.0,0.0,0,0,0
34,FLRC 650k pa5,0,2608212001,34,1,3396,-70.0,0.0,0,0,0
34,FLRC 650k pa5,0,2608212001,34,1,3411,-71.0,0.0,0,0,0
34,FLRC 650k pa5,0,2608212001,34,1,3425,-69.0,0.0,0,0,0
34,FLRC 650k pa5,0,2608212001,34,1,3440,-71.0,0.0,0,0,0
34,FLRC 650k pa5,0,2608212001,34,1,3454,-70.0,0.0,0,0,0
34,FLRC 650k pa5,0,2608212001,34,1,3469,-72.0,0.0,0,0,0
34,FLRC 650k pa5,0,2608212001,34,1,3483,-71.0,0.0,0,0,0
34,FLRC 650k pa5,0,2608212001,34,1,3498,-71.0,0.0,0,0,0
34,FLRC 650k pa5,0,2608212001,34,1,3512,-71.0,0.0,0,0,0
34,FLRC 650k pa5,0,2608212001,34,1,3526,-70.0,0.0,0,0,0
34,FLRC 650k pa5,0,2608212001,34,1,3541,-70.0,0.0,0,0,0
34,FLRC 650k pa5,0,2608212001,34,1,3555,-71.0,0.0,0,0,0
34,FLRC 650k pa5,0,2608212001,34,1,3570,-71.0,0.0,0,0,0
34,FLRC 650k pa5,0,2608212001,34,1,3584,-71.0,0.0,0,0,0
34,FLRC 650k pa5,0,2608212001,34,1,3599,-71.0,0.0,0,0,0
34,FLRC 650k pa5,0,2608212001,34,1,3613,-71.0,0.0,0,0,0
34,FLRC 650k pa5,0,2608212001,34,1,3628,-71.0,0.0,0,0,0
34,FLRC 650k pa5,0,2608212001,34,1,3642,-69.0,0.0,0,0,0
34,FLRC 650k pa5,0,2608212001,34,1,3656,-71.0,0.0,0,0,0
34,FLRC 650k pa5,0,2608212001,34,1,3671,-70.0,0.0,0,0,0
34,FLRC 650k pa5,0,2608212001,34,1,3685,-70.0,0.0,0,0,0
34,FLRC 650k pa5,0,2608212001,34,1,3700,-70.0,0.0,0,0,0
34,FLRC 650k pa5,0,2608212001,34,1,3714,-71.0,0.0,0,0,0
34,FLRC 650k pa5,0,2608212001,34,1,3729,-71.0,0.0,0,0,0
34,FLRC 650k pa5,0,2608212001,34,1,3743,-71.0,0.0,0,0,0
34,FLRC 650k pa5,0,2608212001,34,1,3758,-71.0,0.0,0,0,0
34,FLRC 650k pa5,0,2608212001,34,1,3772,-71.0,0.0,0,0,0
34,FLRC 650k pa5,0,2608212001,34,1,3786,-71.0,0.0,0,0,0
34,FLRC 650k pa5,0,2608212001,34,1,3801,-71.0,0.0,0,0,0
34,FLRC 650k pa5,0,2608212001,34,1,3815,-71.0,0.0,0,0,0
34,FLRC 650k pa5,0,2608212001,34,1,3830,-84.0,0.0,0,0,0
34,FLRC 650k pa5,0,2608212001,34,1,3844,-71.0,0.0,0,0,0
34,FLRC 650k pa5,0,2608212001,34,1,3859,-70.0,0.0,0,0,0
34,FLRC 650k pa5,0,2608212001,34,1,3873,-71.0,0.0,0,0,0
34,FLRC 650k pa5,0,2608212001,34,1,3888,-71.0,0.0,0,0,0
34,FLRC 650k pa5,0,2608212001,34,1,3902,-80.0,0.0,0,0,0
34,FLRC 650k pa5,0,2608212001,34,1,3917,-71.0,0.0,0,0,0
34,FLRC 650k pa5,0,2608212001,34,1,3931,-71.0,0.0,0,0,0
34,FLRC 650k pa5,0,2608212001,34,1,3945,-71.0,0.0,0,0,0
34,FLRC 650k pa5,0,2608212001,34,1,3960,-70.0,0.0,0,0,0
34,FLRC 650k pa5,0,2608212001,34,1,3974,-71.0,0.0,0,0,0
34,FLRC 650k pa5,0,2608212001,34,1,3989,-70.0,0.0,0,0,0
34,FLRC 650k pa5,0,2608212001,34,1,4003,-71.0,0.0,0,0,0
34,FLRC 650k pa5,0,2608212001,34,1,4018,-71.0,0.0,0,0,0
34,FLRC 650k pa5,0,2608212001,34,1,4032,-71.0,0.0,0,0,0
35,FLRC 1040k pa5,0,2608212001,35,1,3311,-79.0,0.0,0,0,0
35,FLRC 1040k pa5,0,2608212001,35,1,3325,-78.0,0.0,0,0,0
35,FLRC 1040k pa5,0,2608212001,35,1,3339,-69.0,0.0,0,0,0
35,FLRC 1040k pa5,0,2608212001,35,1,3353,-79.0,0.0,0,0,0
35,FLRC 1040k pa5,0,2608212001,35,1,3367,-79.0,0.0,0,0,0
35,FLRC 1040k pa5,0,2608212001,35,1,3381,-79.0,0.0,0,0,0
35,FLRC 1040k pa5,0,2608212001,35,1,3395,-78.0,0.0,0,0,0
35,FLRC 1040k pa5,0,2608212001,35,1,3409,-79.0,0.0,0,0,0
35,FLRC 1040k pa5,0,2608212001,35,1,3423,-79.0,0.0,0,0,0
35,FLRC 1040k pa5,0,2608212001,35,1,3437,-80.0,0.0,0,0,0
35,FLRC 1040k pa5,0,2608212001,35,1,3451,-79.0,0.0,0,0,0
35,FLRC 1040k pa5,0,2608212001,35,1,3465,-79.0,0.0,0,0,0
35,FLRC 1040k pa5,0,2608212001,35,1,3479,-68.0,0.0,0,0,0
35,FLRC 1040k pa5,0,2608212001,35,1,3493,-79.0,0.0,0,0,0
35,FLRC 1040k pa5,0,2608212001,35,1,3507,-78.0,0.0,0,0,0
35,FLRC 1040k pa5,0,2608212001,35,1,3521,-78.0,0.0,0,0,0
35,FLRC 1040k pa5,0,2608212001,35,1,3535,-79.0,0.0,0,0,0
35,FLRC 1040k pa5,0,2608212001,35,1,3549,-78.0,0.0,0,0,0
35,FLRC 1040k pa5,0,2608212001,35,1,3563,-78.0,0.0,0,0,0
35,FLRC 1040k pa5,0,2608212001,35,1,3577,-79.0,0.0,0,0,0
35,FLRC 1040k pa5,0,2608212001,35,1,3591,-78.0,0.0,0,0,0
35,FLRC 1040k pa5,0,2608212001,35,1,3605,-79.0,0.0,0,0,0
35,FLRC 1040k pa5,0,2608212001,35,1,3619,-79.0,0.0,0,0,0
35,FLRC 1040k pa5,0,2608212001,35,1,3633,-79.0,0.0,0,0,0
35,FLRC 1040k pa5,0,2608212001,35,1,3647,-79.0,0.0,0,0,0
35,FLRC 1040k pa5,0,2608212001,35,1,3661,-79.0,0.0,0,0,0
35,FLRC 1040k pa5,0,2608212001,35,1,3675,-79.0,0.0,0,0,0
35,FLRC 1040k pa5,0,2608212001,35,1,3689,-78.0,0.0,0,0,0
35,FLRC 1040k pa5,0,2608212001,35,1,3703,-78.0,0.0,0,0,0
35,FLRC 1040k pa5,0,2608212001,35,1,3717,-79.0,0.0,0,0,0
35,FLRC 1040k pa5,0,2608212001,35,1,3731,-79.0,0.0,0,0,0
35,FLRC 1040k pa5,0,2608212001,35,1,3745,-79.0,0.0,0,0,0
35,FLRC 1040k pa5,0,2608212001,35,1,3759,-79.0,0.0,0,0,0
35,FLRC 1040k pa5,0,2608212001,35,1,3773,-79.0,0.0,0,0,0
35,FLRC 1040k pa5,0,2608212001,35,1,3787,-78.0,0.0,0,0,0
35,FLRC 1040k pa5,0,2608212001,35,1,3801,-78.0,0.0,0,0,0
35,FLRC 1040k pa5,0,2608212001,35,1,3815,-79.0,0.0,0,0,0
35,FLRC 1040k pa5,0,2608212001,35,1,3829,-78.0,0.0,0,0,0
35,FLRC 1040k pa5,0,2608212001,35,1,3843,-79.0,0.0,0,0,0
35,FLRC 1040k pa5,0,2608212001,35,1,3857,-78.0,0.0,0,0,0
35,FLRC 1040k pa5,0,2608212001,35,1,3870,-79.0,0.0,0,0,0
35,FLRC 1040k pa5,0,2608212001,35,1,3884,-78.0,0.0,0,0,0
35,FLRC 1040k pa5,0,2608212001,35,1,3898,-69.0,0.0,0,0,0
35,FLRC 1040k pa5,0,2608212001,35,1,3912,-79.0,0.0,0,0,0
35,FLRC 1040k pa5,0,2608212001,35,1,3926,-78.0,0.0,0,0,0
35,FLRC 1040k pa5,0,2608212001,35,1,3940,-79.0,0.0,0,0,0
35,FLRC 1040k pa5,0,2608212001,35,1,3954,-79.0,0.0,0,0,0
35,FLRC 1040k pa5,0,2608212001,35,1,3968,-79.0,0.0,0,0,0
35,FLRC 1040k pa5,0,2608212001,35,1,3982,-79.0,0.0,0,0,0
35,FLRC 1040k pa5,0,2608212001,35,1,3996,-69.0,0.0,0,0,0
36,FLRC 1300k pa5,0,2608212001,36,1,3315,-70.0,0.0,0,0,0
36,FLRC 1300k pa5,0,2608212001,36,1,3329,-69.0,0.0,0,0,0
36,FLRC 1300k pa5,0,2608212001,36,1,3343,-69.0,0.0,0,0,0
36,FLRC 1300k pa5,0,2608212001,36,1,3357,-69.0,0.0,0,0,0
36,FLRC 1300k pa5,0,2608212001,36,1,3371,-69.0,0.0,0,0,0
36,FLRC 1300k pa5,0,2608212001,36,1,3384,-69.0,0.0,0,0,0
36,FLRC 1300k pa5,0,2608212001,36,1,3398,-68.0,0.0,0,0,0
36,FLRC 1300k pa5,0,2608212001,36,1,3412,-69.0,0.0,0,0,0
36,FLRC 1300k pa5,0,2608212001,36,1,3426,-69.0,0.0,0,0,0
36,FLRC 1300k pa5,0,2608212001,36,1,3440,-69.0,0.0,0,0,0
36,FLRC 1300k pa5,0,2608212001,36,1,3454,-68.0,0.0,0,0,0
36,FLRC 1300k pa5,0,2608212001,36,1,3467,-69.0,0.0,0,0,0
36,FLRC 1300k pa5,0,2608212001,36,1,3481,-69.0,0.0,0,0,0
36,FLRC 1300k pa5,0,2608212001,36,1,3495,-69.0,0.0,0,0,0
36,FLRC 1300k pa5,0,2608212001,36,1,3509,-69.0,0.0,0,0,0
36,FLRC 1300k pa5,0,2608212001,36,1,3523,-69.0,0.0,0,0,0
36,FLRC 1300k pa5,0,2608212001,36,1,3537,-70.0,0.0,0,0,0
36,FLRC 1300k pa5,0,2608212001,36,1,3550,-68.0,0.0,0,0,0
36,FLRC 1300k pa5,0,2608212001,36,1,3564,-69.0,0.0,0,0,0
36,FLRC 1300k pa5,0,2608212001,36,1,3578,-68.0,0.0,0,0,0
36,FLRC 1300k pa5,0,2608212001,36,1,3592,-68.0,0.0,0,0,0
36,FLRC 1300k pa5,0,2608212001,36,1,3606,-69.0,0.0,0,0,0
36,FLRC 1300k pa5,0,2608212001,36,1,3620,-69.0,0.0,0,0,0
36,FLRC 1300k pa5,0,2608212001,36,1,3633,-69.0,0.0,0,0,0
36,FLRC 1300k pa5,0,2608212001,36,1,3647,-69.0,0.0,0,0,0
36,FLRC 1300k pa5,0,2608212001,36,1,3661,-69.0,0.0,0,0,0
36,FLRC 1300k pa5,0,2608212001,36,1,3675,-69.0,0.0,0,0,0
36,FLRC 1300k pa5,0,2608212001,36,1,3689,-69.0,0.0,0,0,0
36,FLRC 1300k pa5,0,2608212001,36,1,3703,-68.0,0.0,0,0,0
36,FLRC 1300k pa5,0,2608212001,36,1,3716,-69.0,0.0,0,0,0
36,FLRC 1300k pa5,0,2608212001,36,1,3730,-69.0,0.0,0,0,0
36,FLRC 1300k pa5,0,2608212001,36,1,3744,-68.0,0.0,0,0,0
36,FLRC 1300k pa5,0,2608212001,36,1,3758,-69.0,0.0,0,0,0
36,FLRC 1300k pa5,0,2608212001,36,1,3772,-69.0,0.0,0,0,0
36,FLRC 1300k pa5,0,2608212001,36,1,3786,-69.0,0.0,0,0,0
36,FLRC 1300k pa5,0,2608212001,36,1,3799,-69.0,0.0,0,0,0
36,FLRC 1300k pa5,0,2608212001,36,1,3813,-69.0,0.0,0,0,0
36,FLRC 1300k pa5,0,2608212001,36,1,3827,-69.0,0.0,0,0,0
36,FLRC 1300k pa5,0,2608212001,36,1,3841,-69.0,0.0,0,0,0
36,FLRC 1300k pa5,0,2608212001,36,1,3855,-68.0,0.0,0,0,0
36,FLRC 1300k pa5,0,2608212001,36,1,3869,-70.0,0.0,0,0,0
36,FLRC 1300k pa5,0,2608212001,36,1,3882,-69.0,0.0,0,0,0
36,FLRC 1300k pa5,0,2608212001,36,1,3896,-69.0,0.0,0,0,0
36,FLRC 1300k pa5,0,2608212001,36,1,3910,-68.0,0.0,0,0,0
36,FLRC 1300k pa5,0,2608212001,36,1,3924,-69.0,0.0,0,0,0
36,FLRC 1300k pa5,0,2608212001,36,1,3938,-69.0,0.0,0,0,0
36,FLRC 1300k pa5,0,2608212001,36,1,3952,-69.0,0.0,0,0,0
36,FLRC 1300k pa5,0,2608212001,36,1,3965,-68.0,0.0,0,0,0
36,FLRC 1300k pa5,0,2608212001,36,1,3979,-69.0,0.0,0,0,0
36,FLRC 1300k pa5,0,2608212001,36,1,3993,-68.0,0.0,0,0,0
37,FLRC 2080k pa5,0,2608212001,37,1,3300,-76.0,0.0,0,0,0
37,FLRC 2080k pa5,0,2608212001,37,1,3315,-77.0,0.0,0,0,0
37,FLRC 2080k pa5,0,2608212001,37,1,3328,-76.0,0.0,0,0,0
37,FLRC 2080k pa5,0,2608212001,37,1,3342,-77.0,0.0,0,0,0
37,FLRC 2080k pa5,0,2608212001,37,1,3355,-76.0,0.0,0,0,0
37,FLRC 2080k pa5,0,2608212001,37,1,3369,-77.0,0.0,0,0,0
37,FLRC 2080k pa5,0,2608212001,37,1,3383,-77.0,0.0,0,0,0
37,FLRC 2080k pa5,0,2608212001,37,1,3396,-77.0,0.0,0,0,0
37,FLRC 2080k pa5,0,2608212001,37,1,3410,-76.0,0.0,0,0,0
37,FLRC 2080k pa5,0,2608212001,37,1,3423,-76.0,0.0,0,0,0
37,FLRC 2080k pa5,0,2608212001,37,1,3437,-77.0,0.0,0,0,0
37,FLRC 2080k pa5,0,2608212001,37,1,3451,-77.0,0.0,0,0,0
37,FLRC 2080k pa5,0,2608212001,37,1,3464,-77.0,0.0,0,0,0
37,FLRC 2080k pa5,0,2608212001,37,1,3478,-76.0,0.0,0,0,0
37,FLRC 2080k pa5,0,2608212001,37,1,3491,-76.0,0.0,0,0,0
37,FLRC 2080k pa5,0,2608212001,37,1,3505,-78.0,0.0,0,0,0
37,FLRC 2080k pa5,0,2608212001,37,1,3519,-77.0,0.0,0,0,0
37,FLRC 2080k pa5,0,2608212001,37,1,3532,-77.0,0.0,0,0,0
37,FLRC 2080k pa5,0,2608212001,37,1,3546,-77.0,0.0,0,0,0
37,FLRC 2080k pa5,0,2608212001,37,1,3559,-77.0,0.0,0,0,0
37,FLRC 2080k pa5,0,2608212001,37,1,3573,-76.0,0.0,0,0,0
37,FLRC 2080k pa5,0,2608212001,37,1,3587,-76.0,0.0,0,0,0
37,FLRC 2080k pa5,0,2608212001,37,1,3600,-66.0,0.0,0,0,0
37,FLRC 2080k pa5,0,2608212001,37,1,3614,-68.0,0.0,0,0,0
37,FLRC 2080k pa5,0,2608212001,37,1,3627,-76.0,0.0,0,0,0
37,FLRC 2080k pa5,0,2608212001,37,1,3641,-76.0,0.0,0,0,0
37,FLRC 2080k pa5,0,2608212001,37,1,3655,-66.0,0.0,0,0,0
37,FLRC 2080k pa5,0,2608212001,37,1,3668,-77.0,0.0,0,0,0
37,FLRC 2080k pa5,0,2608212001,37,1,3682,-66.0,0.0,0,0,0
37,FLRC 2080k pa5,0,2608212001,37,1,3695,-78.0,0.0,0,0,0
37,FLRC 2080k pa5,0,2608212001,37,1,3709,-77.0,0.0,0,0,0
37,FLRC 2080k pa5,0,2608212001,37,1,3723,-76.0,0.0,0,0,0
37,FLRC 2080k pa5,0,2608212001,37,1,3736,-76.0,0.0,0,0,0
37,FLRC 2080k pa5,0,2608212001,37,1,3750,-75.0,0.0,0,0,0
37,FLRC 2080k pa5,0,2608212001,37,1,3763,-77.0,0.0,0,0,0
37,FLRC 2080k pa5,0,2608212001,37,1,3777,-76.0,0.0,0,0,0
37,FLRC 2080k pa5,0,2608212001,37,1,3791,-76.0,0.0,0,0,0
37,FLRC 2080k pa5,0,2608212001,37,1,3804,-77.0,0.0,0,0,0
37,FLRC 2080k pa5,0,2608212001,37,1,3818,-76.0,0.0,0,0,0
37,FLRC 2080k pa5,0,2608212001,37,1,3831,-76.0,0.0,0,0,0
37,FLRC 2080k pa5,0,2608212001,37,1,3845,-75.0,0.0,0,0,0
37,FLRC 2080k pa5,0,2608212001,37,1,3859,-77.0,0.0,0,0,0
37,FLRC 2080k pa5,0,2608212001,37,1,3872,-76.0,0.0,0,0,0
37,FLRC 2080k pa5,0,2608212001,37,1,3886,-76.0,0.0,0,0,0
37,FLRC 2080k pa5,0,2608212001,37,1,3899,-77.0,0.0,0,0,0
37,FLRC 2080k pa5,0,2608212001,37,1,3913,-76.0,0.0,0,0,0
37,FLRC 2080k pa5,0,2608212001,37,1,3927,-77.0,0.0,0,0,0
37,FLRC 2080k pa5,0,2608212001,37,1,3940,-77.0,0.0,0,0,0
37,FLRC 2080k pa5,0,2608212001,37,1,3954,-77.0,0.0,0,0,0
37,FLRC 2080k pa5,0,2608212001,37,1,3967,-78.0,0.0,0,0,0
38,FLRC 2600k pa5,0,2608212001,38,1,3327,-66.0,0.0,0,0,0
38,FLRC 2600k pa5,0,2608212001,38,1,3342,-66.0,0.0,0,0,0
38,FLRC 2600k pa5,0,2608212001,38,1,3355,-66.0,0.0,0,0,0
38,FLRC 2600k pa5,0,2608212001,38,1,3369,-66.0,0.0,0,0,0
38,FLRC 2600k pa5,0,2608212001,38,1,3382,-67.0,0.0,0,0,0
38,FLRC 2600k pa5,0,2608212001,38,1,3396,-66.0,0.0,0,0,0
38,FLRC 2600k pa5,0,2608212001,38,1,3409,-66.0,0.0,0,0,0
38,FLRC 2600k pa5,0,2608212001,38,1,3423,-66.0,0.0,0,0,0
38,FLRC 2600k pa5,0,2608212001,38,1,3436,-66.0,0.0,0,0,0
38,FLRC 2600k pa5,0,2608212001,38,1,3450,-67.0,0.0,0,0,0
38,FLRC 2600k pa5,0,2608212001,38,1,3463,-66.0,0.0,0,0,0
38,FLRC 2600k pa5,0,2608212001,38,1,3477,-66.0,0.0,0,0,0
38,FLRC 2600k pa5,0,2608212001,38,1,3490,-66.0,0.0,0,0,0
38,FLRC 2600k pa5,0,2608212001,38,1,3504,-66.0,0.0,0,0,0
38,FLRC 2600k pa5,0,2608212001,38,1,3517,-67.0,0.0,0,0,0
38,FLRC 2600k pa5,0,2608212001,38,1,3531,-66.0,0.0,0,0,0
38,FLRC 2600k pa5,0,2608212001,38,1,3544,-66.0,0.0,0,0,0
38,FLRC 2600k pa5,0,2608212001,38,1,3558,-68.0,0.0,0,0,0
38,FLRC 2600k pa5,0,2608212001,38,1,3571,-67.0,0.0,0,0,0
38,FLRC 2600k pa5,0,2608212001,38,1,3585,-66.0,0.0,0,0,0
38,FLRC 2600k pa5,0,2608212001,38,1,3599,-66.0,0.0,0,0,0
38,FLRC 2600k pa5,0,2608212001,38,1,3612,-67.0,0.0,0,0,0
38,FLRC 2600k pa5,0,2608212001,38,1,3626,-67.0,0.0,0,0,0
38,FLRC 2600k pa5,0,2608212001,38,1,3639,-68.0,0.0,0,0,0
38,FLRC 2600k pa5,0,2608212001,38,1,3653,-66.0,0.0,0,0,0
38,FLRC 2600k pa5,0,2608212001,38,1,3666,-65.0,0.0,0,0,0
38,FLRC 2600k pa5,0,2608212001,38,1,3680,-67.0,0.0,0,0,0
38,FLRC 2600k pa5,0,2608212001,38,1,3693,-67.0,0.0,0,0,0
38,FLRC 2600k pa5,0,2608212001,38,1,3707,-67.0,0.0,0,0,0
38,FLRC 2600k pa5,0,2608212001,38,1,3720,-66.0,0.0,0,0,0
38,FLRC 2600k pa5,0,2608212001,38,1,3734,-66.0,0.0,0,0,0
38,FLRC 2600k pa5,0,2608212001,38,1,3747,-67.0,0.0,0,0,0
38,FLRC 2600k pa5,0,2608212001,38,1,3761,-68.0,0.0,0,0,0
38,FLRC 2600k pa5,0,2608212001,38,1,3774,-66.0,0.0,0,0,0
38,FLRC 2600k pa5,0,2608212001,38,1,3788,-67.0,0.0,0,0,0
38,FLRC 2600k pa5,0,2608212001,38,1,3801,-67.0,0.0,0,0,0
38,FLRC 2600k pa5,0,2608212001,38,1,3815,-66.0,0.0,0,0,0
38,FLRC 2600k pa5,0,2608212001,38,1,3828,-65.0,0.0,0,0,0
38,FLRC 2600k pa5,0,2608212001,38,1,3842,-66.0,0.0,0,0,0
38,FLRC 2600k pa5,0,2608212001,38,1,3855,-67.0,0.0,0,0,0
38,FLRC 2600k pa5,0,2608212001,38,1,3869,-67.0,0.0,0,0,0
38,FLRC 2600k pa5,0,2608212001,38,1,3882,-66.0,0.0,0,0,0
38,FLRC 2600k pa5,0,2608212001,38,1,3896,-67.0,0.0,0,0,0
38,FLRC 2600k pa5,0,2608212001,38,1,3910,-66.0,0.0,0,0,0
38,FLRC 2600k pa5,0,2608212001,38,1,3923,-66.0,0.0,0,0,0
38,FLRC 2600k pa5,0,2608212001,38,1,3937,-66.0,0.0,0,0,0
38,FLRC 2600k pa5,0,2608212001,38,1,3950,-66.0,0.0,0,0,0
38,FLRC 2600k pa5,0,2608212001,38,1,3964,-66.0,0.0,0,0,0
38,FLRC 2600k pa5,0,2608212001,38,1,3977,-65.0,0.0,0,0,0
38,FLRC 2600k pa5,0,2608212001,38,1,3991,-67.0,0.0,0,0,0
39,FLRC 650k pa0,0,2608212001,39,1,3315,-63.0,0.0,0,0,0
39,FLRC 650k pa0,0,2608212001,39,1,3329,-63.0,0.0,0,0,0
39,FLRC 650k pa0,0,2608212001,39,1,3344,-63.0,0.0,0,0,0
39,FLRC 650k pa0,0,2608212001,39,1,3358,-63.0,0.0,0,0,0
39,FLRC 650k pa0,0,2608212001,39,1,3373,-64.0,0.0,0,0,0
39,FLRC 650k pa0,0,2608212001,39,1,3387,-63.0,0.0,0,0,0
39,FLRC 650k pa0,0,2608212001,39,1,3402,-63.0,0.0,0,0,0
39,FLRC 650k pa0,0,2608212001,39,1,3416,-84.0,0.0,0,0,0
39,FLRC 650k pa0,0,2608212001,39,1,3430,-84.0,0.0,0,0,0
39,FLRC 650k pa0,0,2608212001,39,1,3445,-63.0,0.0,0,0,0
39,FLRC 650k pa0,0,2608212001,39,1,3459,-63.0,0.0,0,0,0
39,FLRC 650k pa0,0,2608212001,39,1,3474,-84.0,0.0,0,0,0
39,FLRC 650k pa0,0,2608212001,39,1,3488,-84.0,0.0,0,0,0
39,FLRC 650k pa0,0,2608212001,39,1,3503,-62.0,0.0,0,0,0
39,FLRC 650k pa0,0,2608212001,39,1,3517,-62.0,0.0,0,0,0
39,FLRC 650k pa0,0,2608212001,39,1,3532,-63.0,0.0,0,0,0
39,FLRC 650k pa0,0,2608212001,39,1,3546,-83.0,0.0,0,0,0
39,FLRC 650k pa0,0,2608212001,39,1,3560,-85.0,0.0,0,0,0
39,FLRC 650k pa0,0,2608212001,39,1,3575,-63.0,0.0,0,0,0
39,FLRC 650k pa0,0,2608212001,39,1,3589,-63.0,0.0,0,0,0
39,FLRC 650k pa0,0,2608212001,39,1,3604,-64.0,0.0,0,0,0
39,FLRC 650k pa0,0,2608212001,39,1,3618,-63.0,0.0,0,0,0
39,FLRC 650k pa0,0,2608212001,39,1,3633,-84.0,0.0,0,0,0
39,FLRC 650k pa0,0,2608212001,39,1,3647,-63.0,0.0,0,0,0
39,FLRC 650k pa0,0,2608212001,39,1,3662,-63.0,0.0,0,0,0
39,FLRC 650k pa0,0,2608212001,39,1,3676,-63.0,0.0,0,0,0
39,FLRC 650k pa0,0,2608212001,39,1,3690,-84.0,0.0,0,0,0
39,FLRC 650k pa0,0,2608212001,39,1,3705,-62.0,0.0,0,0,0
39,FLRC 650k pa0,0,2608212001,39,1,3719,-85.0,0.0,0,0,0
39,FLRC 650k pa0,0,2608212001,39,1,3734,-63.0,0.0,0,0,0
39,FLRC 650k pa0,0,2608212001,39,1,3748,-63.0,0.0,0,0,0
39,FLRC 650k pa0,0,2608212001,39,1,3763,-63.0,0.0,0,0,0
39,FLRC 650k pa0,0,2608212001,39,1,3777,-63.0,0.0,0,0,0
39,FLRC 650k pa0,0,2608212001,39,1,3792,-84.0,0.0,0,0,0
39,FLRC 650k pa0,0,2608212001,39,1,3806,-84.0,0.0,0,0,0
39,FLRC 650k pa0,0,2608212001,39,1,3820,-84.0,0.0,0,0,0
39,FLRC 650k pa0,0,2608212001,39,1,3835,-63.0,0.0,0,0,0
39,FLRC 650k pa0,0,2608212001,39,1,3849,-63.0,0.0,0,0,0
39,FLRC 650k pa0,0,2608212001,39,1,3864,-63.0,0.0,0,0,0
39,FLRC 650k pa0,0,2608212001,39,1,3878,-63.0,0.0,0,0,0
39,FLRC 650k pa0,0,2608212001,39,1,3893,-64.0,0.0,0,0,0
39,FLRC 650k pa0,0,2608212001,39,1,3907,-63.0,0.0,0,0,0
39,FLRC 650k pa0,0,2608212001,39,1,3922,-63.0,0.0,0,0,0
39,FLRC 650k pa0,0,2608212001,39,1,3936,-63.0,0.0,0,0,0
39,FLRC 650k pa0,0,2608212001,39,1,3950,-63.0,0.0,0,0,0
39,FLRC 650k pa0,0,2608212001,39,1,3965,-87.0,0.0,0,0,0
39,FLRC 650k pa0,0,2608212001,39,1,3979,-88.0,0.0,0,0,0
39,FLRC 650k pa0,0,2608212001,39,1,3994,-88.0,0.0,0,0,0
39,FLRC 650k pa0,0,2608212001,39,1,4008,-88.0,0.0,0,0,0
39,FLRC 650k pa0,0,2608212001,39,1,4023,-89.0,0.0,0,0,0
40,FLRC 650k pa1,0,2608212001,40,1,3321,-71.0,0.0,0,0,0
40,FLRC 650k pa1,0,2608212001,40,1,3336,-71.0,0.0,0,0,0
40,FLRC 650k pa1,0,2608212001,40,1,3350,-71.0,0.0,0,0,0
40,FLRC 650k pa1,0,2608212001,40,1,3365,-70.0,0.0,0,0,0
40,FLRC 650k pa1,0,2608212001,40,1,3379,-70.0,0.0,0,0,0
40,FLRC 650k pa1,0,2608212001,40,1,3393,-71.0,0.0,0,0,0
40,FLRC 650k pa1,0,2608212001,40,1,3408,-69.0,0.0,0,0,0
40,FLRC 650k pa1,0,2608212001,40,1,3422,-72.0,0.0,0,0,0
40,FLRC 650k pa1,0,2608212001,40,1,3437,-71.0,0.0,0,0,0
40,FLRC 650k pa1,0,2608212001,40,1,3451,-71.0,0.0,0,0,0
40,FLRC 650k pa1,0,2608212001,40,1,3466,-71.0,0.0,0,0,0
40,FLRC 650k pa1,0,2608212001,40,1,3480,-72.0,0.0,0,0,0
40,FLRC 650k pa1,0,2608212001,40,1,3495,-71.0,0.0,0,0,0
40,FLRC 650k pa1,0,2608212001,40,1,3509,-72.0,0.0,0,0,0
40,FLRC 650k pa1,0,2608212001,40,1,3523,-70.0,0.0,0,0,0
40,FLRC 650k pa1,0,2608212001,40,1,3538,-71.0,0.0,0,0,0
40,FLRC 650k pa1,0,2608212001,40,1,3552,-71.0,0.0,0,0,0
40,FLRC 650k pa1,0,2608212001,40,1,3567,-71.0,0.0,0,0,0
40,FLRC 650k pa1,0,2608212001,40,1,3581,-88.0,0.0,0,0,0
40,FLRC 650k pa1,0,2608212001,40,1,3596,-71.0,0.0,0,0,0
40,FLRC 650k pa1,0,2608212001,40,1,3610,-71.0,0.0,0,0,0
40,FLRC 650k pa1,0,2608212001,40,1,3625,-72.0,0.0,0,0,0
40,FLRC 650k pa1,0,2608212001,40,1,3639,-89.0,0.0,0,0,0
40,FLRC 650k pa1,0,2608212001,40,1,3653,-71.0,0.0,0,0,0
40,FLRC 650k pa1,0,2608212001,40,1,3668,-71.0,0.0,0,0,0
40,FLRC 650k pa1,0,2608212001,40,1,3682,-71.0,0.0,0,0,0
40,FLRC 650k pa1,0,2608212001,40,1,3697,-71.0,0.0,0,0,0
40,FLRC 650k pa1,0,2608212001,40,1,3711,-70.0,0.0,0,0,0
40,FLRC 650k pa1,0,2608212001,40,1,3726,-71.0,0.0,0,0,0
40,FLRC 650k pa1,0,2608212001,40,1,3740,-71.0,0.0,0,0,0
40,FLRC 650k pa1,0,2608212001,40,1,3755,-71.0,0.0,0,0,0
40,FLRC 650k pa1,0,2608212001,40,1,3769,-71.0,0.0,0,0,0
40,FLRC 650k pa1,0,2608212001,40,1,3783,-71.0,0.0,0,0,0
40,FLRC 650k pa1,0,2608212001,40,1,3798,-71.0,0.0,0,0,0
40,FLRC 650k pa1,0,2608212001,40,1,3812,-71.0,0.0,0,0,0
40,FLRC 650k pa1,0,2608212001,40,1,3827,-71.0,0.0,0,0,0
40,FLRC 650k pa1,0,2608212001,40,1,3841,-71.0,0.0,0,0,0
40,FLRC 650k pa1,0,2608212001,40,1,3856,-89.0,0.0,0,0,0
40,FLRC 650k pa1,0,2608212001,40,1,3870,-88.0,0.0,0,0,0
40,FLRC 650k pa1,0,2608212001,40,1,3885,-71.0,0.0,0,0,0
40,FLRC 650k pa1,0,2608212001,40,1,3899,-70.0,0.0,0,0,0
40,FLRC 650k pa1,0,2608212001,40,1,3913,-71.0,0.0,0,0,0
40,FLRC 650k pa1,0,2608212001,40,1,3928,-71.0,0.0,0,0,0
40,FLRC 650k pa1,0,2608212001,40,1,3942,-71.0,0.0,0,0,0
40,FLRC 650k pa1,0,2608212001,40,1,3957,-71.0,0.0,0,0,0
40,FLRC 650k pa1,0,2608212001,40,1,3971,-70.0,0.0,0,0,0
40,FLRC 650k pa1,0,2608212001,40,1,3986,-71.0,0.0,0,0,0
40,FLRC 650k pa1,0,2608212001,40,1,4000,-71.0,0.0,0,0,0
40,FLRC 650k pa1,0,2608212001,40,1,4015,-70.0,0.0,0,0,0
40,FLRC 650k pa1,0,2608212001,40,1,4029,-71.0,0.0,0,0,0
41,FLRC 650k pa3,0,2608212001,41,1,3302,-71.0,0.0,0,0,0
41,FLRC 650k pa3,0,2608212001,41,1,3317,-71.0,0.0,0,0,0
41,FLRC 650k pa3,0,2608212001,41,1,3331,-71.0,0.0,0,0,0
41,FLRC 650k pa3,0,2608212001,41,1,3346,-71.0,0.0,0,0,0
41,FLRC 650k pa3,0,2608212001,41,1,3360,-71.0,0.0,0,0,0
41,FLRC 650k pa3,0,2608212001,41,1,3374,-71.0,0.0,0,0,0
41,FLRC 650k pa3,0,2608212001,41,1,3389,-71.0,0.0,0,0,0
41,FLRC 650k pa3,0,2608212001,41,1,3403,-71.0,0.0,0,0,0
41,FLRC 650k pa3,0,2608212001,41,1,3418,-71.0,0.0,0,0,0
41,FLRC 650k pa3,0,2608212001,41,1,3432,-70.0,0.0,0,0,0
41,FLRC 650k pa3,0,2608212001,41,1,3447,-71.0,0.0,0,0,0
41,FLRC 650k pa3,0,2608212001,41,1,3461,-71.0,0.0,0,0,0
41,FLRC 650k pa3,0,2608212001,41,1,3476,-71.0,0.0,0,0,0
41,FLRC 650k pa3,0,2608212001,41,1,3490,-71.0,0.0,0,0,0
41,FLRC 650k pa3,0,2608212001,41,1,3504,-70.0,0.0,0,0,0
41,FLRC 650k pa3,0,2608212001,41,1,3519,-71.0,0.0,0,0,0
41,FLRC 650k pa3,0,2608212001,41,1,3533,-71.0,0.0,0,0,0
41,FLRC 650k pa3,0,2608212001,41,1,3548,-71.0,0.0,0,0,0
41,FLRC 650k pa3,0,2608212001,41,1,3562,-71.0,0.0,0,0,0
41,FLRC 650k pa3,0,2608212001,41,1,3577,-71.0,0.0,0,0,0
41,FLRC 650k pa3,0,2608212001,41,1,3591,-71.0,0.0,0,0,0
41,FLRC 650k pa3,0,2608212001,41,1,3606,-71.0,0.0,0,0,0
41,FLRC 650k pa3,0,2608212001,41,1,3620,-71.0,0.0,0,0,0
41,FLRC 650k pa3,0,2608212001,41,1,3635,-71.0,0.0,0,0,0
41,FLRC 650k pa3,0,2608212001,41,1,3649,-71.0,0.0,0,0,0
41,FLRC 650k pa3,0,2608212001,41,1,3663,-71.0,0.0,0,0,0
41,FLRC 650k pa3,0,2608212001,41,1,3678,-71.0,0.0,0,0,0
41,FLRC 650k pa3,0,2608212001,41,1,3692,-71.0,0.0,0,0,0
41,FLRC 650k pa3,0,2608212001,41,1,3707,-71.0,0.0,0,0,0
41,FLRC 650k pa3,0,2608212001,41,1,3721,-71.0,0.0,0,0,0
41,FLRC 650k pa3,0,2608212001,41,1,3736,-70.0,0.0,0,0,0
41,FLRC 650k pa3,0,2608212001,41,1,3750,-72.0,0.0,0,0,0
41,FLRC 650k pa3,0,2608212001,41,1,3765,-71.0,0.0,0,0,0
41,FLRC 650k pa3,0,2608212001,41,1,3779,-70.0,0.0,0,0,0
41,FLRC 650k pa3,0,2608212001,41,1,3793,-70.0,0.0,0,0,0
41,FLRC 650k pa3,0,2608212001,41,1,3808,-70.0,0.0,0,0,0
41,FLRC 650k pa3,0,2608212001,41,1,3822,-71.0,0.0,0,0,0
41,FLRC 650k pa3,0,2608212001,41,1,3837,-70.0,0.0,0,0,0
41,FLRC 650k pa3,0,2608212001,41,1,3851,-71.0,0.0,0,0,0
41,FLRC 650k pa3,0,2608212001,41,1,3866,-70.0,0.0,0,0,0
41,FLRC 650k pa3,0,2608212001,41,1,3880,-71.0,0.0,0,0,0
41,FLRC 650k pa3,0,2608212001,41,1,3895,-71.0,0.0,0,0,0
41,FLRC 650k pa3,0,2608212001,41,1,3909,-70.0,0.0,0,0,0
41,FLRC 650k pa3,0,2608212001,41,1,3923,-71.0,0.0,0,0,0
41,FLRC 650k pa3,0,2608212001,41,1,3938,-71.0,0.0,0,0,0
41,FLRC 650k pa3,0,2608212001,41,1,3952,-71.0,0.0,0,0,0
41,FLRC 650k pa3,0,2608212001,41,1,3967,-71.0,0.0,0,0,0
41,FLRC 650k pa3,0,2608212001,41,1,3981,-71.0,0.0,0,0,0
41,FLRC 650k pa3,0,2608212001,41,1,3996,-70.0,0.0,0,0,0
41,FLRC 650k pa3,0,2608212001,41,1,4010,-70.0,0.0,0,0,0
42,FLRC 650k pa7,0,2608212001,42,1,3292,-71.0,0.0,0,0,0
42,FLRC 650k pa7,0,2608212001,42,1,3307,-76.0,0.0,0,0,0
42,FLRC 650k pa7,0,2608212001,42,1,3321,-71.0,0.0,0,0,0
42,FLRC 650k pa7,0,2608212001,42,1,3335,-70.0,0.0,0,0,0
42,FLRC 650k pa7,0,2608212001,42,1,3350,-71.0,0.0,0,0,0
42,FLRC 650k pa7,0,2608212001,42,1,3364,-71.0,0.0,0,0,0
42,FLRC 650k pa7,0,2608212001,42,1,3379,-62.0,0.0,0,0,0
42,FLRC 650k pa7,0,2608212001,42,1,3393,-70.0,0.0,0,0,0
42,FLRC 650k pa7,0,2608212001,42,1,3408,-70.0,0.0,0,0,0
42,FLRC 650k pa7,0,2608212001,42,1,3422,-76.0,0.0,0,0,0
42,FLRC 650k pa7,0,2608212001,42,1,3437,-71.0,0.0,0,0,0
42,FLRC 650k pa7,0,2608212001,42,1,3451,-72.0,0.0,0,0,0
42,FLRC 650k pa7,0,2608212001,42,1,3465,-71.0,0.0,0,0,0
42,FLRC 650k pa7,0,2608212001,42,1,3480,-75.0,0.0,0,0,0
42,FLRC 650k pa7,0,2608212001,42,1,3494,-71.0,0.0,0,0,0
42,FLRC 650k pa7,0,2608212001,42,1,3509,-71.0,0.0,0,0,0
42,FLRC 650k pa7,0,2608212001,42,1,3523,-71.0,0.0,0,0,0
42,FLRC 650k pa7,0,2608212001,42,1,3538,-76.0,0.0,0,0,0
42,FLRC 650k pa7,0,2608212001,42,1,3552,-71.0,0.0,0,0,0
42,FLRC 650k pa7,0,2608212001,42,1,3567,-71.0,0.0,0,0,0
42,FLRC 650k pa7,0,2608212001,42,1,3581,-71.0,0.0,0,0,0
42,FLRC 650k pa7,0,2608212001,42,1,3595,-76.0,0.0,0,0,0
42,FLRC 650k pa7,0,2608212001,42,1,3610,-71.0,0.0,0,0,0
42,FLRC 650k pa7,0,2608212001,42,1,3624,-72.0,0.0,0,0,0
42,FLRC 650k pa7,0,2608212001,42,1,3639,-63.0,0.0,0,0,0
42,FLRC 650k pa7,0,2608212001,42,1,3653,-71.0,0.0,0,0,0
42,FLRC 650k pa7,0,2608212001,42,1,3668,-71.0,0.0,0,0,0
42,FLRC 650k pa7,0,2608212001,42,1,3682,-63.0,0.0,0,0,0
42,FLRC 650k pa7,0,2608212001,42,1,3697,-71.0,0.0,0,0,0
42,FLRC 650k pa7,0,2608212001,42,1,3711,-71.0,0.0,0,0,0
42,FLRC 650k pa7,0,2608212001,42,1,3725,-71.0,0.0,0,0,0
42,FLRC 650k pa7,0,2608212001,42,1,3740,-71.0,0.0,0,0,0
42,FLRC 650k pa7,0,2608212001,42,1,3754,-70.0,0.0,0,0,0
42,FLRC 650k pa7,0,2608212001,42,1,3769,-70.0,0.0,0,0,0
42,FLRC 650k pa7,0,2608212001,42,1,3783,-63.0,0.0,0,0,0
42,FLRC 650k pa7,0,2608212001,42,1,3798,-81.0,0.0,0,0,0
42,FLRC 650k pa7,0,2608212001,42,1,3812,-70.0,0.0,0,0,0
42,FLRC 650k pa7,0,2608212001,42,1,3827,-71.0,0.0,0,0,0
42,FLRC 650k pa7,0,2608212001,42,1,3841,-70.0,0.0,0,0,0
42,FLRC 650k pa7,0,2608212001,42,1,3855,-71.0,0.0,0,0,0
42,FLRC 650k pa7,0,2608212001,42,1,3870,-76.0,0.0,0,0,0
42,FLRC 650k pa7,0,2608212001,42,1,3884,-62.0,0.0,0,0,0
42,FLRC 650k pa7,0,2608212001,42,1,3899,-62.0,0.0,0,0,0
42,FLRC 650k pa7,0,2608212001,42,1,3913,-71.0,0.0,0,0,0
42,FLRC 650k pa7,0,2608212001,42,1,3928,-64.0,0.0,0,0,0
42,FLRC 650k pa7,0,2608212001,42,1,3942,-71.0,0.0,0,0,0
42,FLRC 650k pa7,0,2608212001,42,1,3957,-71.0,0.0,0,0,0
42,FLRC 650k pa7,0,2608212001,42,1,3971,-71.0,0.0,0,0,0
42,FLRC 650k pa7,0,2608212001,42,1,3985,-70.0,0.0,0,0,0
42,FLRC 650k pa7,0,2608212001,42,1,4000,-72.0,0.0,0,0,0
43,FLRC 650k pa10,0,2608212001,43,1,3330,-81.0,0.0,0,0,0
43,FLRC 650k pa10,0,2608212001,43,1,3345,-63.0,0.0,0,0,0
43,FLRC 650k pa10,0,2608212001,43,1,3359,-63.0,0.0,0,0,0
43,FLRC 650k pa10,0,2608212001,43,1,3373,-64.0,0.0,0,0,0
43,FLRC 650k pa10,0,2608212001,43,1,3388,-81.0,0.0,0,0,0
43,FLRC 650k pa10,0,2608212001,43,1,3402,-76.0,0.0,0,0,0
43,FLRC 650k pa10,0,2608212001,43,1,3417,-71.0,0.0,0,0,0
43,FLRC 650k pa10,0,2608212001,43,1,3431,-63.0,0.0,0,0,0
43,FLRC 650k pa10,0,2608212001,43,1,3446,-80.0,0.0,0,0,0
43,FLRC 650k pa10,0,2608212001,43,1,3460,-82.0,0.0,0,0,0
43,FLRC 650k pa10,0,2608212001,43,1,3475,-63.0,0.0,0,0,0
43,FLRC 650k pa10,0,2608212001,43,1,3489,-62.0,0.0,0,0,0
43,FLRC 650k pa10,0,2608212001,43,1,3503,-76.0,0.0,0,0,0
43,FLRC 650k pa10,0,2608212001,43,1,3518,-63.0,0.0,0,0,0
43,FLRC 650k pa10,0,2608212001,43,1,3532,-80.0,0.0,0,0,0
43,FLRC 650k pa10,0,2608212001,43,1,3547,-64.0,0.0,0,0,0
43,FLRC 650k pa10,0,2608212001,43,1,3561,-64.0,0.0,0,0,0
43,FLRC 650k pa10,0,2608212001,43,1,3576,-62.0,0.0,0,0,0
43,FLRC 650k pa10,0,2608212001,43,1,3590,-70.0,0.0,0,0,0
43,FLRC 650k pa10,0,2608212001,43,1,3605,-80.0,0.0,0,0,0
43,FLRC 650k pa10,0,2608212001,43,1,3619,-80.0,0.0,0,0,0
43,FLRC 650k pa10,0,2608212001,43,1,3633,-69.0,0.0,0,0,0
43,FLRC 650k pa10,0,2608212001,43,1,3648,-63.0,0.0,0,0,0
43,FLRC 650k pa10,0,2608212001,43,1,3662,-80.0,0.0,0,0,0
43,FLRC 650k pa10,0,2608212001,43,1,3677,-64.0,0.0,0,0,0
43,FLRC 650k pa10,0,2608212001,43,1,3691,-75.0,0.0,0,0,0
43,FLRC 650k pa10,0,2608212001,43,1,3706,-81.0,0.0,0,0,0
43,FLRC 650k pa10,0,2608212001,43,1,3720,-76.0,0.0,0,0,0
43,FLRC 650k pa10,0,2608212001,43,1,3735,-76.0,0.0,0,0,0
43,FLRC 650k pa10,0,2608212001,43,1,3749,-63.0,0.0,0,0,0
43,FLRC 650k pa10,0,2608212001,43,1,3763,-62.0,0.0,0,0,0
43,FLRC 650k pa10,0,2608212001,43,1,3778,-76.0,0.0,0,0,0
43,FLRC 650k pa10,0,2608212001,43,1,3792,-63.0,0.0,0,0,0
43,FLRC 650k pa10,0,2608212001,43,1,3807,-63.0,0.0,0,0,0
43,FLRC 650k pa10,0,2608212001,43,1,3821,-64.0,0.0,0,0,0
43,FLRC 650k pa10,0,2608212001,43,1,3836,-76.0,0.0,0,0,0
43,FLRC 650k pa10,0,2608212001,43,1,3850,-63.0,0.0,0,0,0
43,FLRC 650k pa10,0,2608212001,43,1,3865,-63.0,0.0,0,0,0
43,FLRC 650k pa10,0,2608212001,43,1,3879,-81.0,0.0,0,0,0
43,FLRC 650k pa10,0,2608212001,43,1,3893,-64.0,0.0,0,0,0
43,FLRC 650k pa10,0,2608212001,43,1,3908,-63.0,0.0,0,0,0
43,FLRC 650k pa10,0,2608212001,43,1,3922,-63.0,0.0,0,0,0
43,FLRC 650k pa10,0,2608212001,43,1,3937,-62.0,0.0,0,0,0
43,FLRC 650k pa10,0,2608212001,43,1,3951,-63.0,0.0,0,0,0
43,FLRC 650k pa10,0,2608212001,43,1,3966,-63.0,0.0,0,0,0
43,FLRC 650k pa10,0,2608212001,43,1,3980,-76.0,0.0,0,0,0
43,FLRC 650k pa10,0,2608212001,43,1,3995,-76.0,0.0,0,0,0
43,FLRC 650k pa10,0,2608212001,43,1,4009,-76.0,0.0,0,0,0
43,FLRC 650k pa10,0,2608212001,43,1,4023,-75.0,0.0,0,0,0
43,FLRC 650k pa10,0,2608212001,43,1,4038,-81.0,0.0,0,0,0
44,SF8 BW125 @ 863.000MHz,0,2608212001,44,1,3704,-32.0,17.0,1,0,24601
44,SF8 BW125 @ 863.000MHz,1,2608212001,44,1,4187,-32.0,17.0,1,0,14761
44,SF8 BW125 @ 863.000MHz,2,2608212001,44,1,4669,-32.0,17.0,1,0,10692
44,SF8 BW125 @ 863.000MHz,3,2608212001,44,1,5152,-32.0,17.0,1,0,28788
44,SF8 BW125 @ 863.000MHz,4,2608212001,44,1,5634,-32.0,17.0,1,0,62371
44,SF8 BW125 @ 863.000MHz,5,2608212001,44,1,6117,-32.0,17.0,1,0,43539
44,SF8 BW125 @ 863.000MHz,6,2608212001,44,1,6599,-32.0,16.0,1,0,47742
44,SF8 BW125 @ 863.000MHz,7,2608212001,44,1,7081,-32.0,17.0,1,0,58318
44,SF8 BW125 @ 863.000MHz,8,2608212001,44,1,7564,-32.0,16.0,1,0,22348
44,SF8 BW125 @ 863.000MHz,9,2608212001,44,1,8046,-33.0,16.0,1,0,3836
44,SF8 BW125 @ 863.000MHz,10,2608212001,44,1,8529,-32.0,16.0,1,0,7825
44,SF8 BW125 @ 863.000MHz,11,2608212001,44,1,9011,-32.0,16.0,1,0,18209
44,SF8 BW125 @ 863.000MHz,12,2608212001,44,1,9494,-32.0,16.0,1,0,50422
44,SF8 BW125 @ 863.000MHz,13,2608212001,44,1,9976,-32.0,16.0,1,0,40262
44,SF8 BW125 @ 863.000MHz,14,2608212001,44,1,10458,-32.0,16.0,1,0,36139
44,SF8 BW125 @ 863.000MHz,15,2608212001,44,1,10941,-32.0,16.0,1,0,54427
44,SF8 BW125 @ 863.000MHz,16,2608212001,44,1,11423,-32.0,16.0,1,0,3763
44,SF8 BW125 @ 863.000MHz,17,2608212001,44,1,11906,-32.0,16.0,1,0,22275
44,SF8 BW125 @ 863.000MHz,18,2608212001,44,1,12388,-32.0,17.0,1,0,18286
44,SF8 BW125 @ 863.000MHz,19,2608212001,44,1,12871,-32.0,16.0,1,0,7902
44,SF8 BW125 @ 863.000MHz,20,2608212001,44,1,13353,-32.0,16.0,1,0,40201
44,SF8 BW125 @ 863.000MHz,21,2608212001,44,1,13835,-32.0,16.0,1,0,50361
44,SF8 BW125 @ 863.000MHz,22,2608212001,44,1,14318,-32.0,16.0,1,0,54484
44,SF8 BW125 @ 863.000MHz,23,2608212001,44,1,14800,-32.0,16.0,1,0,36196
44,SF8 BW125 @ 863.000MHz,24,2608212001,44,1,15283,-32.0,16.0,1,0,14822
44,SF8 BW125 @ 863.000MHz,25,2608212001,44,1,15765,-32.0,16.0,1,0,24662
44,SF8 BW125 @ 863.000MHz,26,2608212001,44,1,16247,-32.0,16.0,1,0,28731
44,SF8 BW125 @ 863.000MHz,27,2608212001,44,1,16730,-32.0,16.0,1,0,10635
44,SF8 BW125 @ 863.000MHz,28,2608212001,44,1,17212,-32.0,16.0,1,0,43612
44,SF8 BW125 @ 863.000MHz,29,2608212001,44,1,17695,-32.0,16.0,1,0,62444
44,SF8 BW125 @ 863.000MHz,30,2608212001,44,1,18177,-32.0,16.0,1,0,58241
44,SF8 BW125 @ 863.000MHz,31,2608212001,44,1,18660,-32.0,16.0,1,0,47665
44,SF8 BW125 @ 863.000MHz,32,2608212001,44,1,19142,-32.0,16.0,1,0,48461
44,SF8 BW125 @ 863.000MHz,33,2608212001,44,1,19624,-32.0,16.0,1,0,58621
44,SF8 BW125 @ 863.000MHz,34,2608212001,44,1,20107,-32.0,17.0,1,0,62608
44,SF8 BW125 @ 863.000MHz,35,2608212001,44,1,20589,-32.0,16.0,1,0,44320
44,SF8 BW125 @ 863.000MHz,36,2608212001,44,1,21072,-32.0,16.0,1,0,12023
44,SF8 BW125 @ 863.000MHz,37,2608212001,44,1,21554,-32.0,16.0,1,0,30535
44,SF8 BW125 @ 863.000MHz,38,2608212001,44,1,22037,-32.0,17.0,1,0,26410
44,SF8 BW125 @ 863.000MHz,39,2608212001,44,1,22519,-32.0,17.0,1,0,16026
44,SF8 BW125 @ 863.000MHz,40,2608212001,44,1,23001,-32.0,17.0,1,0,35352
44,SF8 BW125 @ 863.000MHz,41,2608212001,44,1,23484,-32.0,16.0,1,0,54184
44,SF8 BW125 @ 863.000MHz,42,2608212001,44,1,23966,-32.0,16.0,1,0,50117
44,SF8 BW125 @ 863.000MHz,43,2608212001,44,1,24449,-32.0,17.0,1,0,39541
44,SF8 BW125 @ 863.000MHz,44,2608212001,44,1,24931,-32.0,17.0,1,0,6562
44,SF8 BW125 @ 863.000MHz,45,2608212001,44,1,25414,-32.0,16.0,1,0,16402
44,SF8 BW125 @ 863.000MHz,46,2608212001,44,1,25896,-32.0,17.0,1,0,20607
44,SF8 BW125 @ 863.000MHz,47,2608212001,44,1,26378,-32.0,16.0,1,0,2511
44,SF8 BW125 @ 863.000MHz,48,2608212001,44,1,26861,-32.0,16.0,1,0,54247
44,SF8 BW125 @ 863.000MHz,49,2608212001,44,1,27343,-32.0,16.0,1,0,35415
45,SF8 BW125 @ 865.000MHz,0,2608212001,45,1,3728,-33.0,16.0,1,0,24601
45,SF8 BW125 @ 865.000MHz,1,2608212001,45,1,4210,-33.0,16.0,1,0,14761
45,SF8 BW125 @ 865.000MHz,2,2608212001,45,1,4692,-33.0,16.0,1,0,10692
45,SF8 BW125 @ 865.000MHz,3,2608212001,45,1,5175,-32.0,16.0,1,0,28788
45,SF8 BW125 @ 865.000MHz,4,2608212001,45,1,5657,-32.0,16.0,1,0,62371
45,SF8 BW125 @ 865.000MHz,5,2608212001,45,1,6140,-32.0,16.0,1,0,43539
45,SF8 BW125 @ 865.000MHz,6,2608212001,45,1,6622,-32.0,17.0,1,0,47742
45,SF8 BW125 @ 865.000MHz,7,2608212001,45,1,7105,-32.0,16.0,1,0,58318
45,SF8 BW125 @ 865.000MHz,8,2608212001,45,1,7587,-32.0,17.0,1,0,22348
45,SF8 BW125 @ 865.000MHz,9,2608212001,45,1,8069,-32.0,16.0,1,0,3836
45,SF8 BW125 @ 865.000MHz,10,2608212001,45,1,8552,-32.0,16.0,1,0,7825
45,SF8 BW125 @ 865.000MHz,11,2608212001,45,1,9034,-32.0,16.0,1,0,18209
45,SF8 BW125 @ 865.000MHz,12,2608212001,45,1,9517,-32.0,16.0,1,0,50422
45,SF8 BW125 @ 865.000MHz,13,2608212001,45,1,9999,-32.0,16.0,1,0,40262
45,SF8 BW125 @ 865.000MHz,14,2608212001,45,1,10481,-32.0,16.0,1,0,36139
45,SF8 BW125 @ 865.000MHz,15,2608212001,45,1,10964,-32.0,16.0,1,0,54427
45,SF8 BW125 @ 865.000MHz,16,2608212001,45,1,11446,-32.0,16.0,1,0,3763
45,SF8 BW125 @ 865.000MHz,17,2608212001,45,1,11929,-33.0,16.0,1,0,22275
45,SF8 BW125 @ 865.000MHz,18,2608212001,45,1,12411,-33.0,16.0,1,0,18286
45,SF8 BW125 @ 865.000MHz,19,2608212001,45,1,12894,-33.0,16.0,1,0,7902
45,SF8 BW125 @ 865.000MHz,20,2608212001,45,1,13376,-33.0,16.0,1,0,40201
45,SF8 BW125 @ 865.000MHz,21,2608212001,45,1,13858,-33.0,16.0,1,0,50361
45,SF8 BW125 @ 865.000MHz,22,2608212001,45,1,14341,-33.0,16.0,1,0,54484
45,SF8 BW125 @ 865.000MHz,23,2608212001,45,1,14823,-33.0,16.0,1,0,36196
45,SF8 BW125 @ 865.000MHz,24,2608212001,45,1,15306,-32.0,16.0,1,0,14822
45,SF8 BW125 @ 865.000MHz,25,2608212001,45,1,15788,-32.0,16.0,1,0,24662
45,SF8 BW125 @ 865.000MHz,26,2608212001,45,1,16270,-32.0,16.0,1,0,28731
45,SF8 BW125 @ 865.000MHz,27,2608212001,45,1,16753,-33.0,16.0,1,0,10635
45,SF8 BW125 @ 865.000MHz,28,2608212001,45,1,17235,-32.0,16.0,1,0,43612
45,SF8 BW125 @ 865.000MHz,29,2608212001,45,1,17718,-32.0,16.0,1,0,62444
45,SF8 BW125 @ 865.000MHz,30,2608212001,45,1,18200,-32.0,16.0,1,0,58241
45,SF8 BW125 @ 865.000MHz,31,2608212001,45,1,18683,-32.0,16.0,1,0,47665
45,SF8 BW125 @ 865.000MHz,32,2608212001,45,1,19165,-32.0,17.0,1,0,48461
45,SF8 BW125 @ 865.000MHz,33,2608212001,45,1,19647,-32.0,16.0,1,0,58621
45,SF8 BW125 @ 865.000MHz,34,2608212001,45,1,20130,-32.0,16.0,1,0,62608
45,SF8 BW125 @ 865.000MHz,35,2608212001,45,1,20612,-32.0,16.0,1,0,44320
45,SF8 BW125 @ 865.000MHz,36,2608212001,45,1,21095,-32.0,16.0,1,0,12023
45,SF8 BW125 @ 865.000MHz,37,2608212001,45,1,21577,-33.0,16.0,1,0,30535
45,SF8 BW125 @ 865.000MHz,38,2608212001,45,1,22059,-33.0,16.0,1,0,26410
45,SF8 BW125 @ 865.000MHz,39,2608212001,45,1,22542,-33.0,16.0,1,0,16026
45,SF8 BW125 @ 865.000MHz,40,2608212001,45,1,23024,-33.0,16.0,1,0,35352
45,SF8 BW125 @ 865.000MHz,41,2608212001,45,1,23507,-32.0,17.0,1,0,54184
45,SF8 BW125 @ 865.000MHz,42,2608212001,45,1,23989,-33.0,16.0,1,0,50117
45,SF8 BW125 @ 865.000MHz,43,2608212001,45,1,24472,-33.0,16.0,1,0,39541
45,SF8 BW125 @ 865.000MHz,44,2608212001,45,1,24954,-33.0,16.0,1,0,6562
45,SF8 BW125 @ 865.000MHz,45,2608212001,45,1,25436,-33.0,16.0,1,0,16402
45,SF8 BW125 @ 865.000MHz,46,2608212001,45,1,25919,-32.0,16.0,1,0,20607
45,SF8 BW125 @ 865.000MHz,47,2608212001,45,1,26401,-32.0,16.0,1,0,2511
45,SF8 BW125 @ 865.000MHz,48,2608212001,45,1,26884,-32.0,16.0,1,0,54247
45,SF8 BW125 @ 865.000MHz,49,2608212001,45,1,27366,-32.0,16.0,1,0,35415
46,SF8 BW125 @ 869.525MHz,0,2608212001,46,1,3747,-35.0,16.0,1,0,24601
46,SF8 BW125 @ 869.525MHz,1,2608212001,46,1,4230,-35.0,16.0,1,0,14761
46,SF8 BW125 @ 869.525MHz,2,2608212001,46,1,4712,-34.0,17.0,1,0,10692
46,SF8 BW125 @ 869.525MHz,3,2608212001,46,1,5195,-34.0,15.0,1,0,28788
46,SF8 BW125 @ 869.525MHz,4,2608212001,46,1,5677,-35.0,17.0,1,0,62371
46,SF8 BW125 @ 869.525MHz,5,2608212001,46,1,6159,-34.0,15.0,1,0,43539
46,SF8 BW125 @ 869.525MHz,6,2608212001,46,1,6642,-34.0,15.0,1,0,47742
46,SF8 BW125 @ 869.525MHz,7,2608212001,46,1,7124,-34.0,15.0,1,0,58318
46,SF8 BW125 @ 869.525MHz,8,2608212001,46,1,7607,-34.0,17.0,1,0,22348
46,SF8 BW125 @ 869.525MHz,9,2608212001,46,1,8089,-34.0,17.0,1,0,3836
46,SF8 BW125 @ 869.525MHz,10,2608212001,46,1,8571,-35.0,16.0,1,0,7825
46,SF8 BW125 @ 869.525MHz,11,2608212001,46,1,9054,-35.0,16.0,1,0,18209
46,SF8 BW125 @ 869.525MHz,12,2608212001,46,1,9536,-34.0,17.0,1,0,50422
46,SF8 BW125 @ 869.525MHz,13,2608212001,46,1,10019,-33.0,16.0,1,0,40262
46,SF8 BW125 @ 869.525MHz,14,2608212001,46,1,10501,-35.0,14.0,1,0,36139
46,SF8 BW125 @ 869.525MHz,15,2608212001,46,1,10984,-33.0,17.0,1,0,54427
46,SF8 BW125 @ 869.525MHz,16,2608212001,46,1,11466,-34.0,15.0,1,0,3763
46,SF8 BW125 @ 869.525MHz,17,2608212001,46,1,11948,-33.0,16.0,1,0,22275
46,SF8 BW125 @ 869.525MHz,18,2608212001,46,1,12431,-34.0,15.0,1,0,18286
46,SF8 BW125 @ 869.525MHz,19,2608212001,46,1,12913,-33.0,15.0,1,0,7902
46,SF8 BW125 @ 869.525MHz,20,2608212001,46,1,13396,-33.0,15.0,1,0,40201
46,SF8 BW125 @ 869.525MHz,21,2608212001,46,1,13878,-33.0,16.0,1,0,50361
46,SF8 BW125 @ 869.525MHz,22,2608212001,46,1,14360,-34.0,15.0,1,0,54484
46,SF8 BW125 @ 869.525MHz,23,2608212001,46,1,14843,-34.0,15.0,1,0,36196
46,SF8 BW125 @ 869.525MHz,24,2608212001,46,1,15325,-34.0,15.0,1,0,14822
46,SF8 BW125 @ 869.525MHz,25,2608212001,46,1,15808,-34.0,15.0,1,0,24662
46,SF8 BW125 @ 869.525MHz,26,2608212001,46,1,16290,-34.0,15.0,1,0,28731
46,SF8 BW125 @ 869.525MHz,27,2608212001,46,1,16773,-34.0,15.0,1,0,10635
46,SF8 BW125 @ 869.525MHz,28,2608212001,46,1,17255,-34.0,15.0,1,0,43612
46,SF8 BW125 @ 869.525MHz,29,2608212001,46,1,17737,-34.0,15.0,1,0,62444
46,SF8 BW125 @ 869.525MHz,30,2608212001,46,1,18220,-34.0,15.0,1,0,58241
46,SF8 BW125 @ 869.525MHz,31,2608212001,46,1,18702,-34.0,15.0,1,0,47665
46,SF8 BW125 @ 869.525MHz,32,2608212001,46,1,19185,-34.0,17.0,1,0,48461
46,SF8 BW125 @ 869.525MHz,33,2608212001,46,1,19667,-34.0,17.0,1,0,58621
46,SF8 BW125 @ 869.525MHz,34,2608212001,46,1,20149,-34.0,15.0,1,0,62608
46,SF8 BW125 @ 869.525MHz,35,2608212001,46,1,20632,-34.0,15.0,1,0,44320
46,SF8 BW125 @ 869.525MHz,36,2608212001,46,1,21114,-34.0,15.0,1,0,12023
46,SF8 BW125 @ 869.525MHz,37,2608212001,46,1,21597,-34.0,15.0,1,0,30535
46,SF8 BW125 @ 869.525MHz,38,2608212001,46,1,22079,-33.0,16.0,1,0,26410
46,SF8 BW125 @ 869.525MHz,39,2608212001,46,1,22562,-34.0,16.0,1,0,16026
46,SF8 BW125 @ 869.525MHz,40,2608212001,46,1,23044,-34.0,17.0,1,0,35352
46,SF8 BW125 @ 869.525MHz,41,2608212001,46,1,23526,-34.0,15.0,1,0,54184
46,SF8 BW125 @ 869.525MHz,42,2608212001,46,1,24009,-34.0,15.0,1,0,50117
46,SF8 BW125 @ 869.525MHz,43,2608212001,46,1,24491,-34.0,15.0,1,0,39541
46,SF8 BW125 @ 869.525MHz,44,2608212001,46,1,24974,-34.0,15.0,1,0,6562
46,SF8 BW125 @ 869.525MHz,45,2608212001,46,1,25456,-34.0,15.0,1,0,16402
46,SF8 BW125 @ 869.525MHz,46,2608212001,46,1,25938,-34.0,15.0,1,0,20607
46,SF8 BW125 @ 869.525MHz,47,2608212001,46,1,26421,-34.0,15.0,1,0,2511
46,SF8 BW125 @ 869.525MHz,48,2608212001,46,1,26903,-34.0,15.0,1,0,54247
46,SF8 BW125 @ 869.525MHz,49,2608212001,46,1,27386,-33.0,15.0,1,0,35415
47,SF8 BW125 @ 870.000MHz,0,2608212001,47,1,3746,-33.0,15.0,1,0,24601
47,SF8 BW125 @ 870.000MHz,1,2608212001,47,1,4228,-34.0,15.0,1,0,14761
47,SF8 BW125 @ 870.000MHz,2,2608212001,47,1,4710,-34.0,15.0,1,0,10692
47,SF8 BW125 @ 870.000MHz,3,2608212001,47,1,5193,-34.0,15.0,1,0,28788
47,SF8 BW125 @ 870.000MHz,4,2608212001,47,1,5675,-34.0,15.0,1,0,62371
47,SF8 BW125 @ 870.000MHz,5,2608212001,47,1,6158,-34.0,15.0,1,0,43539
47,SF8 BW125 @ 870.000MHz,6,2608212001,47,1,6640,-34.0,15.0,1,0,47742
47,SF8 BW125 @ 870.000MHz,7,2608212001,47,1,7123,-34.0,15.0,1,0,58318
47,SF8 BW125 @ 870.000MHz,8,2608212001,47,1,7605,-34.0,15.0,1,0,22348
47,SF8 BW125 @ 870.000MHz,9,2608212001,47,1,8087,-34.0,15.0,1,0,3836
47,SF8 BW125 @ 870.000MHz,10,2608212001,47,1,8570,-34.0,15.0,1,0,7825
47,SF8 BW125 @ 870.000MHz,11,2608212001,47,1,9052,-34.0,15.0,1,0,18209
47,SF8 BW125 @ 870.000MHz,12,2608212001,47,1,9535,-34.0,15.0,1,0,50422
47,SF8 BW125 @ 870.000MHz,13,2608212001,47,1,10017,-34.0,15.0,1,0,40262
47,SF8 BW125 @ 870.000MHz,14,2608212001,47,1,10499,-34.0,15.0,1,0,36139
47,SF8 BW125 @ 870.000MHz,15,2608212001,47,1,10982,-34.0,15.0,1,0,54427
47,SF8 BW125 @ 870.000MHz,16,2608212001,47,1,11464,-34.0,15.0,1,0,3763
47,SF8 BW125 @ 870.000MHz,17,2608212001,47,1,11947,-34.0,15.0,1,0,22275
47,SF8 BW125 @ 870.000MHz,18,2608212001,47,1,12429,-34.0,15.0,1,0,18286
47,SF8 BW125 @ 870.000MHz,19,2608212001,47,1,12911,-34.0,15.0,1,0,7902
47,SF8 BW125 @ 870.000MHz,20,2608212001,47,1,13394,-34.0,15.0,1,0,40201
47,SF8 BW125 @ 870.000MHz,21,2608212001,47,1,13876,-34.0,15.0,1,0,50361
47,SF8 BW125 @ 870.000MHz,22,2608212001,47,1,14359,-34.0,15.0,1,0,54484
47,SF8 BW125 @ 870.000MHz,23,2608212001,47,1,14841,-33.0,16.0,1,0,36196
47,SF8 BW125 @ 870.000MHz,24,2608212001,47,1,15324,-34.0,15.0,1,0,14822
47,SF8 BW125 @ 870.000MHz,25,2608212001,47,1,15806,-34.0,15.0,1,0,24662
47,SF8 BW125 @ 870.000MHz,26,2608212001,47,1,16288,-34.0,15.0,1,0,28731
47,SF8 BW125 @ 870.000MHz,27,2608212001,47,1,16771,-34.0,15.0,1,0,10635
47,SF8 BW125 @ 870.000MHz,28,2608212001,47,1,17253,-33.0,16.0,1,0,43612
47,SF8 BW125 @ 870.000MHz,29,2608212001,47,1,17736,-33.0,15.0,1,0,62444
47,SF8 BW125 @ 870.000MHz,30,2608212001,47,1,18218,-33.0,16.0,1,0,58241
47,SF8 BW125 @ 870.000MHz,31,2608212001,47,1,18700,-33.0,15.0,1,0,47665
47,SF8 BW125 @ 870.000MHz,32,2608212001,47,1,19183,-33.0,16.0,1,0,48461
47,SF8 BW125 @ 870.000MHz,33,2608212001,47,1,19665,-33.0,15.0,1,0,58621
47,SF8 BW125 @ 870.000MHz,34,2608212001,47,1,20148,-33.0,16.0,1,0,62608
47,SF8 BW125 @ 870.000MHz,35,2608212001,47,1,20630,-33.0,15.0,1,0,44320
47,SF8 BW125 @ 870.000MHz,36,2608212001,47,1,21113,-33.0,16.0,1,0,12023
47,SF8 BW125 @ 870.000MHz,37,2608212001,47,1,21595,-33.0,16.0,1,0,30535
47,SF8 BW125 @ 870.000MHz,38,2608212001,47,1,22077,-33.0,16.0,1,0,26410
47,SF8 BW125 @ 870.000MHz,39,2608212001,47,1,22560,-34.0,15.0,1,0,16026
47,SF8 BW125 @ 870.000MHz,40,2608212001,47,1,23042,-34.0,15.0,1,0,35352
47,SF8 BW125 @ 870.000MHz,41,2608212001,47,1,23525,-35.0,15.0,1,0,54184
47,SF8 BW125 @ 870.000MHz,42,2608212001,47,1,24007,-34.0,17.0,1,0,50117
47,SF8 BW125 @ 870.000MHz,43,2608212001,47,1,24489,-35.0,17.0,1,0,39541
47,SF8 BW125 @ 870.000MHz,44,2608212001,47,1,24972,-35.0,16.0,1,0,6562
47,SF8 BW125 @ 870.000MHz,45,2608212001,47,1,25454,-35.0,16.0,1,0,16402
47,SF8 BW125 @ 870.000MHz,46,2608212001,47,1,25937,-35.0,17.0,1,0,20607
47,SF8 BW125 @ 870.000MHz,47,2608212001,47,1,26419,-35.0,17.0,1,0,2511
47,SF8 BW125 @ 870.000MHz,48,2608212001,47,1,26902,-34.0,17.0,1,0,54247
47,SF8 BW125 @ 870.000MHz,49,2608212001,47,1,27384,-35.0,17.0,1,0,35415
48,FLRC 650k pa5 L16,0,2608212001,48,1,3290,-71.0,0.0,0,0,0
48,FLRC 650k pa5 L16,0,2608212001,48,1,3334,-71.0,0.0,0,0,0
48,FLRC 650k pa5 L16,0,2608212001,48,1,3377,-71.0,0.0,0,0,0
48,FLRC 650k pa5 L16,0,2608212001,48,1,3421,-71.0,0.0,0,0,0
48,FLRC 650k pa5 L16,0,2608212001,48,1,3464,-71.0,0.0,0,0,0
48,FLRC 650k pa5 L16,0,2608212001,48,1,3508,-71.0,0.0,0,0,0
48,FLRC 650k pa5 L16,0,2608212001,48,1,3551,-71.0,0.0,0,0,0
48,FLRC 650k pa5 L16,0,2608212001,48,1,3595,-70.0,0.0,0,0,0
48,FLRC 650k pa5 L16,0,2608212001,48,1,3639,-71.0,0.0,0,0,0
48,FLRC 650k pa5 L16,0,2608212001,48,1,3682,-71.0,0.0,0,0,0
48,FLRC 650k pa5 L16,0,2608212001,48,1,3726,-71.0,0.0,0,0,0
48,FLRC 650k pa5 L16,0,2608212001,48,1,3769,-71.0,0.0,0,0,0
48,FLRC 650k pa5 L16,0,2608212001,48,1,3813,-71.0,0.0,0,0,0
48,FLRC 650k pa5 L16,0,2608212001,48,1,3856,-71.0,0.0,0,0,0
48,FLRC 650k pa5 L16,0,2608212001,48,1,3900,-70.0,0.0,0,0,0
48,FLRC 650k pa5 L16,0,2608212001,48,1,3943,-71.0,0.0,0,0,0
48,FLRC 650k pa5 L16,0,2608212001,48,1,3987,-71.0,0.0,0,0,0
48,FLRC 650k pa5 L16,0,2608212001,48,1,4030,-71.0,0.0,0,0,0
48,FLRC 650k pa5 L16,0,2608212001,48,1,4074,-71.0,0.0,0,0,0
48,FLRC 650k pa5 L16,0,2608212001,48,1,4117,-72.0,0.0,0,0,0
48,FLRC 650k pa5 L16,0,2608212001,48,1,4161,-71.0,0.0,0,0,0
48,FLRC 650k pa5 L16,0,2608212001,48,1,4204,-71.0,0.0,0,0,0
48,FLRC 650k pa5 L16,0,2608212001,48,1,4248,-71.0,0.0,0,0,0
48,FLRC 650k pa5 L16,0,2608212001,48,1,4291,-70.0,0.0,0,0,0
48,FLRC 650k pa5 L16,0,2608212001,48,1,4335,-70.0,0.0,0,0,0
48,FLRC 650k pa5 L16,0,2608212001,48,1,4378,-71.0,0.0,0,0,0
48,FLRC 650k pa5 L16,0,2608212001,48,1,4422,-71.0,0.0,0,0,0
48,FLRC 650k pa5 L16,0,2608212001,48,1,4465,-71.0,0.0,0,0,0
48,FLRC 650k pa5 L16,0,2608212001,48,1,4509,-63.0,0.0,0,0,0
48,FLRC 650k pa5 L16,0,2608212001,48,1,4552,-71.0,0.0,0,0,0
48,FLRC 650k pa5 L16,0,2608212001,48,1,4596,-71.0,0.0,0,0,0
48,FLRC 650k pa5 L16,0,2608212001,48,1,4639,-70.0,0.0,0,0,0
48,FLRC 650k pa5 L16,0,2608212001,48,1,4683,-71.0,0.0,0,0,0
48,FLRC 650k pa5 L16,0,2608212001,48,1,4726,-70.0,0.0,0,0,0
48,FLRC 650k pa5 L16,0,2608212001,48,1,4770,-71.0,0.0,0,0,0
48,FLRC 650k pa5 L16,0,2608212001,48,1,4814,-71.0,0.0,0,0,0
48,FLRC 650k pa5 L16,0,2608212001,48,1,4857,-72.0,0.0,0,0,0
48,FLRC 650k pa5 L16,0,2608212001,48,1,4901,-71.0,0.0,0,0,0
48,FLRC 650k pa5 L16,0,2608212001,48,1,4944,-71.0,0.0,0,0,0
48,FLRC 650k pa5 L16,0,2608212001,48,1,4988,-71.0,0.0,0,0,0
48,FLRC 650k pa5 L16,0,2608212001,48,1,5031,-70.0,0.0,0,0,0
48,FLRC 650k pa5 L16,0,2608212001,48,1,5075,-72.0,0.0,0,0,0
48,FLRC 650k pa5 L16,0,2608212001,48,1,5118,-71.0,0.0,0,0,0
48,FLRC 650k pa5 L16,0,2608212001,48,1,5162,-70.0,0.0,0,0,0
48,FLRC 650k pa5 L16,0,2608212001,48,1,5205,-70.0,0.0,0,0,0
48,FLRC 650k pa5 L16,0,2608212001,48,1,5249,-71.0,0.0,0,0,0
48,FLRC 650k pa5 L16,0,2608212001,48,1,5292,-71.0,0.0,0,0,0
48,FLRC 650k pa5 L16,0,2608212001,48,1,5336,-71.0,0.0,0,0,0
48,FLRC 650k pa5 L16,0,2608212001,48,1,5379,-71.0,0.0,0,0,0
48,FLRC 650k pa5 L16,0,2608212001,48,1,5423,-71.0,0.0,0,0,0
49,FLRC 650k pa5 L64,0,2608212001,49,1,3297,-69.0,0.0,0,0,0
49,FLRC 650k pa5 L64,0,2608212001,49,1,3341,-85.0,0.0,0,0,0
49,FLRC 650k pa5 L64,0,2608212001,49,1,3386,-69.0,0.0,0,0,0
49,FLRC 650k pa5 L64,0,2608212001,49,1,3430,-70.0,0.0,0,0,0
49,FLRC 650k pa5 L64,0,2608212001,49,1,3474,-72.0,0.0,0,0,0
49,FLRC 650k pa5 L64,0,2608212001,49,1,3519,-71.0,0.0,0,0,0
49,FLRC 650k pa5 L64,0,2608212001,49,1,3563,-71.0,0.0,0,0,0
49,FLRC 650k pa5 L64,0,2608212001,49,1,3608,-63.0,0.0,0,0,0
49,FLRC 650k pa5 L64,0,2608212001,49,1,3652,-71.0,0.0,0,0,0
49,FLRC 650k pa5 L64,0,2608212001,49,1,3697,-69.0,0.0,0,0,0
49,FLRC 650k pa5 L64,0,2608212001,49,1,3741,-71.0,0.0,0,0,0
49,FLRC 650k pa5 L64,0,2608212001,49,1,3786,-63.0,0.0,0,0,0
49,FLRC 650k pa5 L64,0,2608212001,49,1,3830,-71.0,0.0,0,0,0
49,FLRC 650k pa5 L64,0,2608212001,49,1,3874,-70.0,0.0,0,0,0
49,FLRC 650k pa5 L64,0,2608212001,49,1,3919,-71.0,0.0,0,0,0
49,FLRC 650k pa5 L64,0,2608212001,49,1,3963,-71.0,0.0,0,0,0
49,FLRC 650k pa5 L64,0,2608212001,49,1,4008,-70.0,0.0,0,0,0
49,FLRC 650k pa5 L64,0,2608212001,49,1,4052,-64.0,0.0,0,0,0
49,FLRC 650k pa5 L64,0,2608212001,49,1,4097,-71.0,0.0,0,0,0
49,FLRC 650k pa5 L64,0,2608212001,49,1,4141,-71.0,0.0,0,0,0
49,FLRC 650k pa5 L64,0,2608212001,49,1,4185,-71.0,0.0,0,0,0
49,FLRC 650k pa5 L64,0,2608212001,49,1,4230,-71.0,0.0,0,0,0
49,FLRC 650k pa5 L64,0,2608212001,49,1,4274,-70.0,0.0,0,0,0
49,FLRC 650k pa5 L64,0,2608212001,49,1,4319,-70.0,0.0,0,0,0
49,FLRC 650k pa5 L64,0,2608212001,49,1,4363,-71.0,0.0,0,0,0
49,FLRC 650k pa5 L64,0,2608212001,49,1,4408,-63.0,0.0,0,0,0
49,FLRC 650k pa5 L64,0,2608212001,49,1,4452,-63.0,0.0,0,0,0
49,FLRC 650k pa5 L64,0,2608212001,49,1,4497,-71.0,0.0,0,0,0
49,FLRC 650k pa5 L64,0,2608212001,49,1,4541,-70.0,0.0,0,0,0
49,FLRC 650k pa5 L64,0,2608212001,49,1,4585,-71.0,0.0,0,0,0
49,FLRC 650k pa5 L64,0,2608212001,49,1,4630,-71.0,0.0,0,0,0
49,FLRC 650k pa5 L64,0,2608212001,49,1,4674,-71.0,0.0,0,0,0
49,FLRC 650k pa5 L64,0,2608212001,49,1,4719,-63.0,0.0,0,0,0
49,FLRC 650k pa5 L64,0,2608212001,49,1,4763,-71.0,0.0,0,0,0
49,FLRC 650k pa5 L64,0,2608212001,49,1,4808,-70.0,0.0,0,0,0
49,FLRC 650k pa5 L64,0,2608212001,49,1,4852,-71.0,0.0,0,0,0
49,FLRC 650k pa5 L64,0,2608212001,49,1,4897,-71.0,0.0,0,0,0
49,FLRC 650k pa5 L64,0,2608212001,49,1,4941,-71.0,0.0,0,0,0
49,FLRC 650k pa5 L64,0,2608212001,49,1,4985,-63.0,0.0,0,0,0
49,FLRC 650k pa5 L64,0,2608212001,49,1,5030,-71.0,0.0,0,0,0
49,FLRC 650k pa5 L64,0,2608212001,49,1,5074,-71.0,0.0,0,0,0
49,FLRC 650k pa5 L64,0,2608212001,49,1,5119,-85.0,0.0,0,0,0
49,FLRC 650k pa5 L64,0,2608212001,49,1,5163,-70.0,0.0,0,0,0
49,FLRC 650k pa5 L64,0,2608212001,49,1,5208,-71.0,0.0,0,0,0
49,FLRC 650k pa5 L64,0,2608212001,49,1,5252,-71.0,0.0,0,0,0
49,FLRC 650k pa5 L64,0,2608212001,49,1,5297,-71.0,0.0,0,0,0
49,FLRC 650k pa5 L64,0,2608212001,49,1,5341,-63.0,0.0,0,0,0
49,FLRC 650k pa5 L64,0,2608212001,49,1,5385,-71.0,0.0,0,0,0
49,FLRC 650k pa5 L64,0,2608212001,49,1,5430,-70.0,0.0,0,0,0
49,FLRC 650k pa5 L64,0,2608212001,49,1,5474,-71.0,0.0,0,0,0
50,FLRC 650k pa5 L128,0,2608212001,50,1,3319,-63.0,0.0,0,0,0
50,FLRC 650k pa5 L128,0,2608212001,50,1,3365,-72.0,0.0,0,0,0
50,FLRC 650k pa5 L128,0,2608212001,50,1,3411,-76.0,0.0,0,0,0
50,FLRC 650k pa5 L128,0,2608212001,50,1,3456,-62.0,0.0,0,0,0
50,FLRC 650k pa5 L128,0,2608212001,50,1,3502,-70.0,0.0,0,0,0
50,FLRC 650k pa5 L128,0,2608212001,50,1,3548,-71.0,0.0,0,0,0
50,FLRC 650k pa5 L128,0,2608212001,50,1,3593,-71.0,0.0,0,0,0
50,FLRC 650k pa5 L128,0,2608212001,50,1,3639,-71.0,0.0,0,0,0
50,FLRC 650k pa5 L128,0,2608212001,50,1,3685,-71.0,0.0,0,0,0
50,FLRC 650k pa5 L128,0,2608212001,50,1,3730,-70.0,0.0,0,0,0
50,FLRC 650k pa5 L128,0,2608212001,50,1,3776,-71.0,0.0,0,0,0
50,FLRC 650k pa5 L128,0,2608212001,50,1,3822,-71.0,0.0,0,0,0
50,FLRC 650k pa5 L128,0,2608212001,50,1,3867,-71.0,0.0,0,0,0
50,FLRC 650k pa5 L128,0,2608212001,50,1,3913,-71.0,0.0,0,0,0
50,FLRC 650k pa5 L128,0,2608212001,50,1,3959,-69.0,0.0,0,0,0
50,FLRC 650k pa5 L128,0,2608212001,50,1,4004,-71.0,0.0,0,0,0
50,FLRC 650k pa5 L128,0,2608212001,50,1,4050,-71.0,0.0,0,0,0
50,FLRC 650k pa5 L128,0,2608212001,50,1,4096,-71.0,0.0,0,0,0
50,FLRC 650k pa5 L128,0,2608212001,50,1,4141,-71.0,0.0,0,0,0
50,FLRC 650k pa5 L128,0,2608212001,50,1,4187,-71.0,0.0,0,0,0
50,FLRC 650k pa5 L128,0,2608212001,50,1,4233,-70.0,0.0,0,0,0
50,FLRC 650k pa5 L128,0,2608212001,50,1,4278,-71.0,0.0,0,0,0
50,FLRC 650k pa5 L128,0,2608212001,50,1,4324,-71.0,0.0,0,0,0
50,FLRC 650k pa5 L128,0,2608212001,50,1,4370,-71.0,0.0,0,0,0
50,FLRC 650k pa5 L128,0,2608212001,50,1,4415,-71.0,0.0,0,0,0
50,FLRC 650k pa5 L128,0,2608212001,50,1,4461,-71.0,0.0,0,0,0
50,FLRC 650k pa5 L128,0,2608212001,50,1,4507,-71.0,0.0,0,0,0
50,FLRC 650k pa5 L128,0,2608212001,50,1,4552,-71.0,0.0,0,0,0
50,FLRC 650k pa5 L128,0,2608212001,50,1,4598,-72.0,0.0,0,0,0
50,FLRC 650k pa5 L128,0,2608212001,50,1,4644,-71.0,0.0,0,0,0
50,FLRC 650k pa5 L128,0,2608212001,50,1,4690,-71.0,0.0,0,0,0
50,FLRC 650k pa5 L128,0,2608212001,50,1,4735,-72.0,0.0,0,0,0
50,FLRC 650k pa5 L128,0,2608212001,50,1,4781,-71.0,0.0,0,0,0
50,FLRC 650k pa5 L128,0,2608212001,50,1,4827,-71.0,0.0,0,0,0
50,FLRC 650k pa5 L128,0,2608212001,50,1,4872,-71.0,0.0,0,0,0
50,FLRC 650k pa5 L128,0,2608212001,50,1,4918,-71.0,0.0,0,0,0
50,FLRC 650k pa5 L128,0,2608212001,50,1,4964,-71.0,0.0,0,0,0
50,FLRC 650k pa5 L128,0,2608212001,50,1,5009,-69.0,0.0,0,0,0
50,FLRC 650k pa5 L128,0,2608212001,50,1,5055,-71.0,0.0,0,0,0
50,FLRC 650k pa5 L128,0,2608212001,50,1,5101,-70.0,0.0,0,0,0
50,FLRC 650k pa5 L128,0,2608212001,50,1,5146,-71.0,0.0,0,0,0
50,FLRC 650k pa5 L128,0,2608212001,50,1,5192,-71.0,0.0,0,0,0
50,FLRC 650k pa5 L128,0,2608212001,50,1,5238,-84.0,0.0,0,0,0
50,FLRC 650k pa5 L128,0,2608212001,50,1,5283,-71.0,0.0,0,0,0
50,FLRC 650k pa5 L128,0,2608212001,50,1,5329,-71.0,0.0,0,0,0
50,FLRC 650k pa5 L128,0,2608212001,50,1,5375,-72.0,0.0,0,0,0
50,FLRC 650k pa5 L128,0,2608212001,50,1,5420,-70.0,0.0,0,0,0
50,FLRC 650k pa5 L128,0,2608212001,50,1,5466,-70.0,0.0,0,0,0
50,FLRC 650k pa5 L128,0,2608212001,50,1,5512,-71.0,0.0,0,0,0
50,FLRC 650k pa5 L128,0,2608212001,50,1,5557,-70.0,0.0,0,0,0
51,FLRC 650k pa5 L192,0,2608212001,51,1,3309,-72.0,0.0,0,0,0
51,FLRC 650k pa5 L192,0,2608212001,51,1,3356,-71.0,0.0,0,0,0
51,FLRC 650k pa5 L192,0,2608212001,51,1,3403,-63.0,0.0,0,0,0
51,FLRC 650k pa5 L192,0,2608212001,51,1,3450,-63.0,0.0,0,0,0
51,FLRC 650k pa5 L192,0,2608212001,51,1,3497,-70.0,0.0,0,0,0
51,FLRC 650k pa5 L192,0,2608212001,51,1,3543,-71.0,0.0,0,0,0
51,FLRC 650k pa5 L192,0,2608212001,51,1,3590,-71.0,0.0,0,0,0
51,FLRC 650k pa5 L192,0,2608212001,51,1,3637,-71.0,0.0,0,0,0
51,FLRC 650k pa5 L192,0,2608212001,51,1,3684,-71.0,0.0,0,0,0
51,FLRC 650k pa5 L192,0,2608212001,51,1,3731,-71.0,0.0,0,0,0
51,FLRC 650k pa5 L192,0,2608212001,51,1,3778,-71.0,0.0,0,0,0
51,FLRC 650k pa5 L192,0,2608212001,51,1,3825,-70.0,0.0,0,0,0
51,FLRC 650k pa5 L192,0,2608212001,51,1,3872,-71.0,0.0,0,0,0
51,FLRC 650k pa5 L192,0,2608212001,51,1,3919,-70.0,0.0,0,0,0
51,FLRC 650k pa5 L192,0,2608212001,51,1,3966,-71.0,0.0,0,0,0
51,FLRC 650k pa5 L192,0,2608212001,51,1,4012,-71.0,0.0,0,0,0
51,FLRC 650k pa5 L192,0,2608212001,51,1,4059,-71.0,0.0,0,0,0
51,FLRC 650k pa5 L192,0,2608212001,51,1,4106,-70.0,0.0,0,0,0
51,FLRC 650k pa5 L192,0,2608212001,51,1,4153,-71.0,0.0,0,0,0
51,FLRC 650k pa5 L192,0,2608212001,51,1,4200,-70.0,0.0,0,0,0
51,FLRC 650k pa5 L192,0,2608212001,51,1,4247,-71.0,0.0,0,0,0
51,FLRC 650k pa5 L192,0,2608212001,51,1,4294,-71.0,0.0,0,0,0
51,FLRC 650k pa5 L192,0,2608212001,51,1,4341,-71.0,0.0,0,0,0
51,FLRC 650k pa5 L192,0,2608212001,51,1,4388,-72.0,0.0,0,0,0
51,FLRC 650k pa5 L192,0,2608212001,51,1,4434,-70.0,0.0,0,0,0
51,FLRC 650k pa5 L192,0,2608212001,51,1,4481,-72.0,0.0,0,0,0
51,FLRC 650k pa5 L192,0,2608212001,51,1,4528,-71.0,0.0,0,0,0
51,FLRC 650k pa5 L192,0,2608212001,51,1,4575,-71.0,0.0,0,0,0
51,FLRC 650k pa5 L192,0,2608212001,51,1,4622,-71.0,0.0,0,0,0
51,FLRC 650k pa5 L192,0,2608212001,51,1,4669,-71.0,0.0,0,0,0
51,FLRC 650k pa5 L192,0,2608212001,51,1,4716,-71.0,0.0,0,0,0
51,FLRC 650k pa5 L192,0,2608212001,51,1,4763,-72.0,0.0,0,0,0
51,FLRC 650k pa5 L192,0,2608212001,51,1,4810,-70.0,0.0,0,0,0
51,FLRC 650k pa5 L192,0,2608212001,51,1,4857,-72.0,0.0,0,0,0
51,FLRC 650k pa5 L192,0,2608212001,51,1,4903,-71.0,0.0,0,0,0
51,FLRC 650k pa5 L192,0,2608212001,51,1,4950,-70.0,0.0,0,0,0
51,FLRC 650k pa5 L192,0,2608212001,51,1,4997,-72.0,0.0,0,0,0
51,FLRC 650k pa5 L192,0,2608212001,51,1,5044,-72.0,0.0,0,0,0
51,FLRC 650k pa5 L192,0,2608212001,51,1,5091,-71.0,0.0,0,0,0
51,FLRC 650k pa5 L192,0,2608212001,51,1,5138,-71.0,0.0,0,0,0
51,FLRC 650k pa5 L192,0,2608212001,51,1,5185,-71.0,0.0,0,0,0
51,FLRC 650k pa5 L192,0,2608212001,51,1,5232,-70.0,0.0,0,0,0
51,FLRC 650k pa5 L192,0,2608212001,51,1,5279,-71.0,0.0,0,0,0
51,FLRC 650k pa5 L192,0,2608212001,51,1,5326,-69.0,0.0,0,0,0
51,FLRC 650k pa5 L192,0,2608212001,51,1,5372,-71.0,0.0,0,0,0
51,FLRC 650k pa5 L192,0,2608212001,51,1,5419,-70.0,0.0,0,0,0
51,FLRC 650k pa5 L192,0,2608212001,51,1,5466,-71.0,0.0,0,0,0
51,FLRC 650k pa5 L192,0,2608212001,51,1,5513,-71.0,0.0,0,0,0
51,FLRC 650k pa5 L192,0,2608212001,51,1,5560,-71.0,0.0,0,0,0
51,FLRC 650k pa5 L192,0,2608212001,51,1,5607,-70.0,0.0,0,0,0
52,FLRC 650k pa5 L255,0,2608212001,52,1,3334,-38.0,0.0,1,0,35614
52,FLRC 650k pa5 L255,1,2608212001,52,1,3382,-38.0,0.0,1,0,16480
52,FLRC 650k pa5 L255,2,2608212001,52,1,3430,-38.0,0.0,1,0,63192
52,FLRC 650k pa5 L255,3,2608212001,52,1,3478,-38.0,0.0,1,0,15782
52,FLRC 650k pa5 L255,4,2608212001,52,1,3526,-38.0,0.0,1,0,28818
52,FLRC 650k pa5 L255,5,2608212001,52,1,3574,-38.0,0.0,1,0,48108
52,FLRC 650k pa5 L255,6,2608212001,52,1,3622,-38.0,0.0,1,0,3412
52,FLRC 650k pa5 L255,7,2608212001,52,1,3670,-38.0,0.0,1,0,50730
52,FLRC 650k pa5 L255,8,2608212001,52,1,3719,-39.0,0.0,1,0,31750
52,FLRC 650k pa5 L255,9,2608212001,52,1,3767,-38.0,0.0,1,0,46968
52,FLRC 650k pa5 L255,10,2608212001,52,1,3815,-38.0,0.0,1,0,448
52,FLRC 650k pa5 L255,11,2608212001,52,1,3863,-38.0,0.0,1,0,51902
52,FLRC 650k pa5 L255,12,2608212001,52,1,3911,-38.0,0.0,1,0,34698
52,FLRC 650k pa5 L255,13,2608212001,52,1,3959,-38.0,0.0,1,0,19700
52,FLRC 650k pa5 L255,14,2608212001,52,1,4007,-38.0,0.0,1,0,64076
52,FLRC 650k pa5 L255,15,2608212001,52,1,4055,-38.0,0.0,1,0,12594
52,FLRC 650k pa5 L255,16,2608212001,52,1,4103,-38.0,0.0,1,0,25902
52,FLRC 650k pa5 L255,17,2608212001,52,1,4151,-38.0,0.0,1,0,44624
52,FLRC 650k pa5 L255,18,2608212001,52,1,4200,-38.0,0.0,1,0,6376
52,FLRC 650k pa5 L255,19,2608212001,52,1,4248,-38.0,0.0,1,0,54166
52,FLRC 650k pa5 L255,20,2608212001,52,1,4296,-38.0,0.0,1,0,40610
52,FLRC 650k pa5 L255,21,2608212001,52,1,4344,-38.0,0.0,1,0,21980
52,FLRC 650k pa5 L255,22,2608212001,52,1,4392,-38.0,0.0,1,0,58212
52,FLRC 650k pa5 L255,23,2608212001,52,1,4440,-38.0,0.0,1,0,10266
52,FLRC 650k pa5 L255,24,2608212001,52,1,4488,-38.0,0.0,1,0,37430
52,FLRC 650k pa5 L255,25,2608212001,52,1,4536,-38.0,0.0,1,0,22856
52,FLRC 650k pa5 L255,26,2608212001,52,1,4584,-38.0,0.0,1,0,61424
52,FLRC 650k pa5 L255,27,2608212001,52,1,4633,-38.0,0.0,1,0,9358
52,FLRC 650k pa5 L255,28,2608212001,52,1,4681,-38.0,0.0,1,0,27066
52,FLRC 650k pa5 L255,29,2608212001,52,1,4729,-38.0,0.0,1,0,41668
52,FLRC 650k pa5 L255,30,2608212001,52,1,4777,-38.0,0.0,1,0,5244
52,FLRC 650k pa5 L255,31,2608212001,52,1,4825,-38.0,0.0,1,0,57090
52,FLRC 650k pa5 L255,32,2608212001,52,1,4873,-38.0,0.0,1,0,22398
52,FLRC 650k pa5 L255,33,2608212001,52,1,4921,-38.0,0.0,1,0,39936
52,FLRC 650k pa5 L255,34,2608212001,52,1,4969,-38.0,0.0,1,0,10936
52,FLRC 650k pa5 L255,35,2608212001,52,1,5017,-38.0,0.0,1,0,57798
52,FLRC 650k pa5 L255,36,2608212001,52,1,5065,-38.0,0.0,1,0,44274
52,FLRC 650k pa5 L255,37,2608212001,52,1,5114,-38.0,0.0,1,0,26508
52,FLRC 650k pa5 L255,38,2608212001,52,1,5162,-38.0,0.0,1,0,53556
52,FLRC 650k pa5 L255,39,2608212001,52,1,5210,-38.0,0.0,1,0,6730
52,FLRC 650k pa5 L255,40,2608212001,52,1,5258,-38.0,0.0,1,0,41062
52,FLRC 650k pa5 L255,41,2608212001,52,1,5306,-38.0,0.0,1,0,27416
52,FLRC 650k pa5 L255,42,2608212001,52,1,5354,-38.0,0.0,1,0,56736
52,FLRC 650k pa5 L255,43,2608212001,52,1,5402,-38.0,0.0,1,0,5854
52,FLRC 650k pa5 L255,44,2608212001,52,1,5450,-38.0,0.0,1,0,23530
52,FLRC 650k pa5 L255,45,2608212001,52,1,5498,-38.0,0.0,1,0,37012
52,FLRC 650k pa5 L255,46,2608212001,52,1,5547,-38.0,0.0,1,0,9772
52,FLRC 650k pa5 L255,47,2608212001,52,1,5595,-38.0,0.0,1,0,60754
52,FLRC 650k pa5 L255,48,2608212001,52,1,5643,-38.0,0.0,1,0,47438
52,FLRC 650k pa5 L255,49,2608212001,52,1,5691,-38.0,0.0,1,0,29232
53,FLRC 650k pa5 L256,0,2608212001,53,1,3332,-39.0,0.0,0,0,0
53,FLRC 650k pa5 L256,0,2608212001,53,1,3380,-39.0,0.0,0,0,0
53,FLRC 650k pa5 L256,0,2608212001,53,1,3428,-38.0,0.0,0,0,0
53,FLRC 650k pa5 L256,0,2608212001,53,1,3476,-39.0,0.0,0,0,0
53,FLRC 650k pa5 L256,0,2608212001,53,1,3524,-39.0,0.0,0,0,0
53,FLRC 650k pa5 L256,0,2608212001,53,1,3572,-39.0,0.0,0,0,0
53,FLRC 650k pa5 L256,0,2608212001,53,1,3621,-39.0,0.0,0,0,0
53,FLRC 650k pa5 L256,0,2608212001,53,1,3669,-39.0,0.0,0,0,0
53,FLRC 650k pa5 L256,0,2608212001,53,1,3717,-39.0,0.0,0,0,0
53,FLRC 650k pa5 L256,0,2608212001,53,1,3765,-39.0,0.0,0,0,0
53,FLRC 650k pa5 L256,0,2608212001,53,1,3813,-38.0,0.0,0,0,0
53,FLRC 650k pa5 L256,0,2608212001,53,1,3861,-39.0,0.0,0,0,0
53,FLRC 650k pa5 L256,0,2608212001,53,1,3909,-39.0,0.0,0,0,0
53,FLRC 650k pa5 L256,0,2608212001,53,1,3957,-39.0,0.0,0,0,0
53,FLRC 650k pa5 L256,0,2608212001,53,1,4006,-39.0,0.0,0,0,0
53,FLRC 650k pa5 L256,0,2608212001,53,1,4054,-39.0,0.0,0,0,0
53,FLRC 650k pa5 L256,0,2608212001,53,1,4102,-39.0,0.0,0,0,0
53,FLRC 650k pa5 L256,0,2608212001,53,1,4150,-39.0,0.0,0,0,0
53,FLRC 650k pa5 L256,0,2608212001,53,1,4198,-39.0,0.0,0,0,0
53,FLRC 650k pa5 L256,0,2608212001,53,1,4246,-39.0,0.0,0,0,0
53,FLRC 650k pa5 L256,0,2608212001,53,1,4294,-39.0,0.0,0,0,0
53,FLRC 650k pa5 L256,0,2608212001,53,1,4342,-38.0,0.0,0,0,0
53,FLRC 650k pa5 L256,0,2608212001,53,1,4391,-39.0,0.0,0,0,0
53,FLRC 650k pa5 L256,0,2608212001,53,1,4439,-39.0,0.0,0,0,0
53,FLRC 650k pa5 L256,0,2608212001,53,1,4487,-39.0,0.0,0,0,0
53,FLRC 650k pa5 L256,0,2608212001,53,1,4535,-39.0,0.0,0,0,0
53,FLRC 650k pa5 L256,0,2608212001,53,1,4583,-39.0,0.0,0,0,0
53,FLRC 650k pa5 L256,0,2608212001,53,1,4631,-38.0,0.0,0,0,0
53,FLRC 650k pa5 L256,0,2608212001,53,1,4679,-39.0,0.0,0,0,0
53,FLRC 650k pa5 L256,0,2608212001,53,1,4727,-39.0,0.0,0,0,0
53,FLRC 650k pa5 L256,0,2608212001,53,1,4775,-39.0,0.0,0,0,0
53,FLRC 650k pa5 L256,0,2608212001,53,1,4824,-38.0,0.0,0,0,0
53,FLRC 650k pa5 L256,0,2608212001,53,1,4872,-39.0,0.0,0,0,0
53,FLRC 650k pa5 L256,0,2608212001,53,1,4920,-38.0,0.0,0,0,0
53,FLRC 650k pa5 L256,0,2608212001,53,1,4968,-39.0,0.0,0,0,0
53,FLRC 650k pa5 L256,0,2608212001,53,1,5016,-39.0,0.0,0,0,0
53,FLRC 650k pa5 L256,0,2608212001,53,1,5064,-38.0,0.0,0,0,0
53,FLRC 650k pa5 L256,0,2608212001,53,1,5112,-39.0,0.0,0,0,0
53,FLRC 650k pa5 L256,0,2608212001,53,1,5160,-39.0,0.0,0,0,0
53,FLRC 650k pa5 L256,0,2608212001,53,1,5209,-39.0,0.0,0,0,0
53,FLRC 650k pa5 L256,0,2608212001,53,1,5257,-39.0,0.0,0,0,0
53,FLRC 650k pa5 L256,0,2608212001,53,1,5305,-39.0,0.0,0,0,0
53,FLRC 650k pa5 L256,0,2608212001,53,1,5353,-39.0,0.0,0,0,0
53,FLRC 650k pa5 L256,0,2608212001,53,1,5401,-39.0,0.0,0,0,0
53,FLRC 650k pa5 L256,0,2608212001,53,1,5449,-39.0,0.0,0,0,0
53,FLRC 650k pa5 L256,0,2608212001,53,1,5497,-39.0,0.0,0,0,0
53,FLRC 650k pa5 L256,0,2608212001,53,1,5546,-39.0,0.0,0,0,0
53,FLRC 650k pa5 L256,0,2608212001,53,1,5594,-39.0,0.0,0,0,0
53,FLRC 650k pa5 L256,0,2608212001,53,1,5642,-39.0,0.0,0,0,0
53,FLRC 650k pa5 L256,0,2608212001,53,1,5690,-39.0,0.0,0,0,0
54,FLRC 650k pa5 L300,0,2608212001,54,1,3325,-41.0,0.0,0,0,0
54,FLRC 650k pa5 L300,0,2608212001,54,1,3374,-41.0,0.0,0,0,0
54,FLRC 650k pa5 L300,0,2608212001,54,1,3422,-40.0,0.0,0,0,0
54,FLRC 650k pa5 L300,0,2608212001,54,1,3471,-39.0,0.0,0,0,0
54,FLRC 650k pa5 L300,0,2608212001,54,1,3520,-40.0,0.0,0,0,0
54,FLRC 650k pa5 L300,0,2608212001,54,1,3569,-40.0,0.0,0,0,0
54,FLRC 650k pa5 L300,0,2608212001,54,1,3618,-40.0,0.0,0,0,0
54,FLRC 650k pa5 L300,0,2608212001,54,1,3667,-40.0,0.0,0,0,0
54,FLRC 650k pa5 L300,0,2608212001,54,1,3716,-40.0,0.0,0,0,0
54,FLRC 650k pa5 L300,0,2608212001,54,1,3765,-40.0,0.0,0,0,0
54,FLRC 650k pa5 L300,0,2608212001,54,1,3814,-40.0,0.0,0,0,0
54,FLRC 650k pa5 L300,0,2608212001,54,1,3863,-40.0,0.0,0,0,0
54,FLRC 650k pa5 L300,0,2608212001,54,1,3912,-40.0,0.0,0,0,0
54,FLRC 650k pa5 L300,0,2608212001,54,1,3961,-40.0,0.0,0,0,0
54,FLRC 650k pa5 L300,0,2608212001,54,1,4010,-40.0,0.0,0,0,0
54,FLRC 650k pa5 L300,0,2608212001,54,1,4059,-40.0,0.0,0,0,0
54,FLRC 650k pa5 L300,0,2608212001,54,1,4108,-40.0,0.0,0,0,0
54,FLRC 650k pa5 L300,0,2608212001,54,1,4157,-40.0,0.0,0,0,0
54,FLRC 650k pa5 L300,0,2608212001,54,1,4206,-39.0,0.0,0,0,0
54,FLRC 650k pa5 L300,0,2608212001,54,1,4255,-40.0,0.0,0,0,0
54,FLRC 650k pa5 L300,0,2608212001,54,1,4304,-39.0,0.0,0,0,0
54,FLRC 650k pa5 L300,0,2608212001,54,1,4353,-40.0,0.0,0,0,0
54,FLRC 650k pa5 L300,0,2608212001,54,1,4402,-40.0,0.0,0,0,0
54,FLRC 650k pa5 L300,0,2608212001,54,1,4451,-40.0,0.0,0,0,0
54,FLRC 650k pa5 L300,0,2608212001,54,1,4500,-40.0,0.0,0,0,0
54,FLRC 650k pa5 L300,0,2608212001,54,1,4549,-40.0,0.0,0,0,0
54,FLRC 650k pa5 L300,0,2608212001,54,1,4598,-40.0,0.0,0,0,0
54,FLRC 650k pa5 L300,0,2608212001,54,1,4647,-40.0,0.0,0,0,0
54,FLRC 650k pa5 L300,0,2608212001,54,1,4696,-40.0,0.0,0,0,0
54,FLRC 650k pa5 L300,0,2608212001,54,1,4745,-40.0,0.0,0,0,0
54,FLRC 650k pa5 L300,0,2608212001,54,1,4794,-40.0,0.0,0,0,0
54,FLRC 650k pa5 L300,0,2608212001,54,1,4843,-40.0,0.0,0,0,0
54,FLRC 650k pa5 L300,0,2608212001,54,1,4892,-40.0,0.0,0,0,0
54,FLRC 650k pa5 L300,0,2608212001,54,1,4941,-39.0,0.0,0,0,0
54,FLRC 650k pa5 L300,0,2608212001,54,1,4990,-40.0,0.0,0,0,0
54,FLRC 650k pa5 L300,0,2608212001,54,1,5038,-40.0,0.0,0,0,0
54,FLRC 650k pa5 L300,0,2608212001,54,1,5087,-40.0,0.0,0,0,0
54,FLRC 650k pa5 L300,0,2608212001,54,1,5136,-40.0,0.0,0,0,0
54,FLRC 650k pa5 L300,0,2608212001,54,1,5185,-40.0,0.0,0,0,0
54,FLRC 650k pa5 L300,0,2608212001,54,1,5234,-39.0,0.0,0,0,0
54,FLRC 650k pa5 L300,0,2608212001,54,1,5283,-39.0,0.0,0,0,0
54,FLRC 650k pa5 L300,0,2608212001,54,1,5332,-40.0,0.0,0,0,0
54,FLRC 650k pa5 L300,0,2608212001,54,1,5381,-40.0,0.0,0,0,0
54,FLRC 650k pa5 L300,0,2608212001,54,1,5430,-40.0,0.0,0,0,0
54,FLRC 650k pa5 L300,0,2608212001,54,1,5479,-40.0,0.0,0,0,0
54,FLRC 650k pa5 L300,0,2608212001,54,1,5528,-40.0,0.0,0,0,0
54,FLRC 650k pa5 L300,0,2608212001,54,1,5577,-39.0,0.0,0,0,0
54,FLRC 650k pa5 L300,0,2608212001,54,1,5626,-40.0,0.0,0,0,0
54,FLRC 650k pa5 L300,0,2608212001,54,1,5675,-40.0,0.0,0,0,0
54,FLRC 650k pa5 L300,0,2608212001,54,1,5724,-40.0,0.0,0,0,0
55,FLRC 650k pa5 L384,0,2608212001,55,1,3288,-39.0,0.0,0,0,0
55,FLRC 650k pa5 L384,0,2608212001,55,1,3339,-39.0,0.0,0,0,0
55,FLRC 650k pa5 L384,0,2608212001,55,1,3389,-39.0,0.0,0,0,0
55,FLRC 650k pa5 L384,0,2608212001,55,1,3440,-39.0,0.0,0,0,0
55,FLRC 650k pa5 L384,0,2608212001,55,1,3490,-39.0,0.0,0,0,0
55,FLRC 650k pa5 L384,0,2608212001,55,1,3541,-39.0,0.0,0,0,0
55,FLRC 650k pa5 L384,0,2608212001,55,1,3591,-39.0,0.0,0,0,0
55,FLRC 650k pa5 L384,0,2608212001,55,1,3642,-39.0,0.0,0,0,0
55,FLRC 650k pa5 L384,0,2608212001,55,1,3693,-39.0,0.0,0,0,0
55,FLRC 650k pa5 L384,0,2608212001,55,1,3743,-39.0,0.0,0,0,0
55,FLRC 650k pa5 L384,0,2608212001,55,1,3794,-39.0,0.0,0,0,0
55,FLRC 650k pa5 L384,0,2608212001,55,1,3844,-39.0,0.0,0,0,0
55,FLRC 650k pa5 L384,0,2608212001,55,1,3895,-39.0,0.0,0,0,0
55,FLRC 650k pa5 L384,0,2608212001,55,1,3946,-39.0,0.0,0,0,0
55,FLRC 650k pa5 L384,0,2608212001,55,1,3996,-39.0,0.0,0,0,0
55,FLRC 650k pa5 L384,0,2608212001,55,1,4047,-39.0,0.0,0,0,0
55,FLRC 650k pa5 L384,0,2608212001,55,1,4097,-39.0,0.0,0,0,0
55,FLRC 650k pa5 L384,0,2608212001,55,1,4148,-39.0,0.0,0,0,0
55,FLRC 650k pa5 L384,0,2608212001,55,1,4198,-39.0,0.0,0,0,0
55,FLRC 650k pa5 L384,0,2608212001,55,1,4249,-39.0,0.0,0,0,0
55,FLRC 650k pa5 L384,0,2608212001,55,1,4300,-39.0,0.0,0,0,0
55,FLRC 650k pa5 L384,0,2608212001,55,1,4350,-39.0,0.0,0,0,0
55,FLRC 650k pa5 L384,0,2608212001,55,1,4401,-38.0,0.0,0,0,0
55,FLRC 650k pa5 L384,0,2608212001,55,1,4451,-39.0,0.0,0,0,0
55,FLRC 650k pa5 L384,0,2608212001,55,1,4502,-38.0,0.0,0,0,0
55,FLRC 650k pa5 L384,0,2608212001,55,1,4552,-39.0,0.0,0,0,0
55,FLRC 650k pa5 L384,0,2608212001,55,1,4603,-38.0,0.0,0,0,0
55,FLRC 650k pa5 L384,0,2608212001,55,1,4654,-39.0,0.0,0,0,0
55,FLRC 650k pa5 L384,0,2608212001,55,1,4704,-39.0,0.0,0,0,0
55,FLRC 650k pa5 L384,0,2608212001,55,1,4755,-39.0,0.0,0,0,0
55,FLRC 650k pa5 L384,0,2608212001,55,1,4805,-39.0,0.0,0,0,0
55,FLRC 650k pa5 L384,0,2608212001,55,1,4856,-39.0,0.0,0,0,0
55,FLRC 650k pa5 L384,0,2608212001,55,1,4907,-39.0,0.0,0,0,0
55,FLRC 650k pa5 L384,0,2608212001,55,1,4957,-39.0,0.0,0,0,0
55,FLRC 650k pa5 L384,0,2608212001,55,1,5008,-39.0,0.0,0,0,0
55,FLRC 650k pa5 L384,0,2608212001,55,1,5058,-39.0,0.0,0,0,0
55,FLRC 650k pa5 L384,0,2608212001,55,1,5109,-39.0,0.0,0,0,0
55,FLRC 650k pa5 L384,0,2608212001,55,1,5159,-39.0,0.0,0,0,0
55,FLRC 650k pa5 L384,0,2608212001,55,1,5210,-39.0,0.0,0,0,0
55,FLRC 650k pa5 L384,0,2608212001,55,1,5261,-39.0,0.0,0,0,0
55,FLRC 650k pa5 L384,0,2608212001,55,1,5311,-39.0,0.0,0,0,0
55,FLRC 650k pa5 L384,0,2608212001,55,1,5362,-39.0,0.0,0,0,0
55,FLRC 650k pa5 L384,0,2608212001,55,1,5412,-39.0,0.0,0,0,0
55,FLRC 650k pa5 L384,0,2608212001,55,1,5463,-39.0,0.0,0,0,0
55,FLRC 650k pa5 L384,0,2608212001,55,1,5514,-39.0,0.0,0,0,0
55,FLRC 650k pa5 L384,0,2608212001,55,1,5564,-39.0,0.0,0,0,0
55,FLRC 650k pa5 L384,0,2608212001,55,1,5615,-39.0,0.0,0,0,0
55,FLRC 650k pa5 L384,0,2608212001,55,1,5665,-39.0,0.0,0,0,0
55,FLRC 650k pa5 L384,0,2608212001,55,1,5716,-39.0,0.0,0,0,0
55,FLRC 650k pa5 L384,0,2608212001,55,1,5766,-39.0,0.0,0,0,0
56,FLRC 650k pa5 L448,0,2608212001,56,1,3337,-38.0,0.0,0,0,0
56,FLRC 650k pa5 L448,0,2608212001,56,1,3389,-38.0,0.0,0,0,0
56,FLRC 650k pa5 L448,0,2608212001,56,1,3441,-38.0,0.0,0,0,0
56,FLRC 650k pa5 L448,0,2608212001,56,1,3492,-38.0,0.0,0,0,0
56,FLRC 650k pa5 L448,0,2608212001,56,1,3544,-38.0,0.0,0,0,0
56,FLRC 650k pa5 L448,0,2608212001,56,1,3596,-38.0,0.0,0,0,0
56,FLRC 650k pa5 L448,0,2608212001,56,1,3648,-38.0,0.0,0,0,0
56,FLRC 650k pa5 L448,0,2608212001,56,1,3700,-38.0,0.0,0,0,0
56,FLRC 650k pa5 L448,0,2608212001,56,1,3751,-38.0,0.0,0,0,0
56,FLRC 650k pa5 L448,0,2608212001,56,1,3803,-38.0,0.0,0,0,0
56,FLRC 650k pa5 L448,0,2608212001,56,1,3855,-38.0,0.0,0,0,0
56,FLRC 650k pa5 L448,0,2608212001,56,1,3907,-38.0,0.0,0,0,0
56,FLRC 650k pa5 L448,0,2608212001,56,1,3959,-38.0,0.0,0,0,0
56,FLRC 650k pa5 L448,0,2608212001,56,1,4010,-38.0,0.0,0,0,0
56,FLRC 650k pa5 L448,0,2608212001,56,1,4062,-38.0,0.0,0,0,0
56,FLRC 650k pa5 L448,0,2608212001,56,1,4114,-38.0,0.0,0,0,0
56,FLRC 650k pa5 L448,0,2608212001,56,1,4166,-38.0,0.0,0,0,0
56,FLRC 650k pa5 L448,0,2608212001,56,1,4218,-38.0,0.0,0,0,0
56,FLRC 650k pa5 L448,0,2608212001,56,1,4269,-38.0,0.0,0,0,0
56,FLRC 650k pa5 L448,0,2608212001,56,1,4321,-38.0,0.0,0,0,0
56,FLRC 650k pa5 L448,0,2608212001,56,1,4373,-39.0,0.0,0,0,0
56,FLRC 650k pa5 L448,0,2608212001,56,1,4425,-38.0,0.0,0,0,0
56,FLRC 650k pa5 L448,0,2608212001,56,1,4477,-39.0,0.0,0,0,0
56,FLRC 650k pa5 L448,0,2608212001,56,1,4528,-38.0,0.0,0,0,0
56,FLRC 650k pa5 L448,0,2608212001,56,1,4580,-39.0,0.0,0,0,0
56,FLRC 650k pa5 L448,0,2608212001,56,1,4632,-39.0,0.0,0,0,0
56,FLRC 650k pa5 L448,0,2608212001,56,1,4684,-39.0,0.0,0,0,0
56,FLRC 650k pa5 L448,0,2608212001,56,1,4736,-39.0,0.0,0,0,0
56,FLRC 650k pa5 L448,0,2608212001,56,1,4787,-39.0,0.0,0,0,0
56,FLRC 650k pa5 L448,0,2608212001,56,1,4839,-39.0,0.0,0,0,0
56,FLRC 650k pa5 L448,0,2608212001,56,1,4891,-39.0,0.0,0,0,0
56,FLRC 650k pa5 L448,0,2608212001,56,1,4943,-38.0,0.0,0,0,0
56,FLRC 650k pa5 L448,0,2608212001,56,1,4995,-39.0,0.0,0,0,0
56,FLRC 650k pa5 L448,0,2608212001,56,1,5047,-39.0,0.0,0,0,0
56,FLRC 650k pa5 L448,0,2608212001,56,1,5098,-39.0,0.0,0,0,0
56,FLRC 650k pa5 L448,0,2608212001,56,1,5150,-39.0,0.0,0,0,0
56,FLRC 650k pa5 L448,0,2608212001,56,1,5202,-39.0,0.0,0,0,0
56,FLRC 650k pa5 L448,0,2608212001,56,1,5254,-39.0,0.0,0,0,0
56,FLRC 650k pa5 L448,0,2608212001,56,1,5306,-39.0,0.0,0,0,0
56,FLRC 650k pa5 L448,0,2608212001,56,1,5357,-39.0,0.0,0,0,0
56,FLRC 650k pa5 L448,0,2608212001,56,1,5409,-39.0,0.0,0,0,0
56,FLRC 650k pa5 L448,0,2608212001,56,1,5461,-39.0,0.0,0,0,0
56,FLRC 650k pa5 L448,0,2608212001,56,1,5513,-39.0,0.0,0,0,0
56,FLRC 650k pa5 L448,0,2608212001,56,1,5565,-39.0,0.0,0,0,0
56,FLRC 650k pa5 L448,0,2608212001,56,1,5616,-39.0,0.0,0,0,0
56,FLRC 650k pa5 L448,0,2608212001,56,1,5668,-39.0,0.0,0,0,0
56,FLRC 650k pa5 L448,0,2608212001,56,1,5720,-39.0,0.0,0,0,0
56,FLRC 650k pa5 L448,0,2608212001,56,1,5772,-38.0,0.0,0,0,0
56,FLRC 650k pa5 L448,0,2608212001,56,1,5824,-38.0,0.0,0,0,0
56,FLRC 650k pa5 L448,0,2608212001,56,1,5875,-38.0,0.0,0,0,0
57,FLRC 650k pa5 L511,0,2608212001,57,1,3290,-39.0,0.0,0,0,0
57,FLRC 650k pa5 L511,0,2608212001,57,1,3343,-39.0,0.0,0,0,0
57,FLRC 650k pa5 L511,0,2608212001,57,1,3396,-40.0,0.0,0,0,0
57,FLRC 650k pa5 L511,0,2608212001,57,1,3449,-40.0,0.0,0,0,0
57,FLRC 650k pa5 L511,0,2608212001,57,1,3502,-39.0,0.0,0,0,0
57,FLRC 650k pa5 L511,0,2608212001,57,1,3555,-39.0,0.0,0,0,0
57,FLRC 650k pa5 L511,0,2608212001,57,1,3608,-39.0,0.0,0,0,0
57,FLRC 650k pa5 L511,0,2608212001,57,1,3661,-39.0,0.0,0,0,0
57,FLRC 650k pa5 L511,0,2608212001,57,1,3714,-40.0,0.0,0,0,0
57,FLRC 650k pa5 L511,0,2608212001,57,1,3767,-40.0,0.0,0,0,0
57,FLRC 650k pa5 L511,0,2608212001,57,1,3820,-40.0,0.0,0,0,0
57,FLRC 650k pa5 L511,0,2608212001,57,1,3874,-40.0,0.0,0,0,0
57,FLRC 650k pa5 L511,0,2608212001,57,1,3927,-39.0,0.0,0,0,0
57,FLRC 650k pa5 L511,0,2608212001,57,1,3980,-39.0,0.0,0,0,0
57,FLRC 650k pa5 L511,0,2608212001,57,1,4033,-40.0,0.0,0,0,0
57,FLRC 650k pa5 L511,0,2608212001,57,1,4086,-39.0,0.0,0,0,0
57,FLRC 650k pa5 L511,0,2608212001,57,1,4139,-40.0,0.0,0,0,0
57,FLRC 650k pa5 L511,0,2608212001,57,1,4192,-41.0,0.0,0,0,0
57,FLRC 650k pa5 L511,0,2608212001,57,1,4245,-40.0,0.0,0,0,0
57,FLRC 650k pa5 L511,0,2608212001,57,1,4298,-40.0,0.0,0,0,0
57,FLRC 650k pa5 L511,0,2608212001,57,1,4351,-41.0,0.0,0,0,0
57,FLRC 650k pa5 L511,0,2608212001,57,1,4404,-40.0,0.0,0,0,0
57,FLRC 650k pa5 L511,0,2608212001,57,1,4457,-40.0,0.0,0,0,0
57,FLRC 650k pa5 L511,0,2608212001,57,1,4510,-40.0,0.0,0,0,0
57,FLRC 650k pa5 L511,0,2608212001,57,1,4563,-40.0,0.0,0,0,0
57,FLRC 650k pa5 L511,0,2608212001,57,1,4616,-40.0,0.0,0,0,0
57,FLRC 650k pa5 L511,0,2608212001,57,1,4669,-40.0,0.0,0,0,0
57,FLRC 650k pa5 L511,0,2608212001,57,1,4722,-40.0,0.0,0,0,0
57,FLRC 650k pa5 L511,0,2608212001,57,1,4775,-40.0,0.0,0,0,0
57,FLRC 650k pa5 L511,0,2608212001,57,1,4828,-39.0,0.0,0,0,0
57,FLRC 650k pa5 L511,0,2608212001,57,1,4881,-39.0,0.0,0,0,0
57,FLRC 650k pa5 L511,0,2608212001,57,1,4934,-39.0,0.0,0,0,0
57,FLRC 650k pa5 L511,0,2608212001,57,1,4987,-39.0,0.0,0,0,0
57,FLRC 650k pa5 L511,0,2608212001,57,1,5040,-39.0,0.0,0,0,0
57,FLRC 650k pa5 L511,0,2608212001,57,1,5093,-39.0,0.0,0,0,0
57,FLRC 650k pa5 L511,0,2608212001,57,1,5146,-39.0,0.0,0,0,0
57,FLRC 650k pa5 L511,0,2608212001,57,1,5199,-39.0,0.0,0,0,0
57,FLRC 650k pa5 L511,0,2608212001,57,1,5252,-39.0,0.0,0,0,0
57,FLRC 650k pa5 L511,0,2608212001,57,1,5305,-39.0,0.0,0,0,0
57,FLRC 650k pa5 L511,0,2608212001,57,1,5358,-39.0,0.0,0,0,0
57,FLRC 650k pa5 L511,0,2608212001,57,1,5411,-39.0,0.0,0,0,0
57,FLRC 650k pa5 L511,0,2608212001,57,1,5464,-39.0,0.0,0,0,0
57,FLRC 650k pa5 L511,0,2608212001,57,1,5517,-39.0,0.0,0,0,0
57,FLRC 650k pa5 L511,0,2608212001,57,1,5570,-39.0,0.0,0,0,0
57,FLRC 650k pa5 L511,0,2608212001,57,1,5623,-39.0,0.0,0,0,0
57,FLRC 650k pa5 L511,0,2608212001,57,1,5676,-39.0,0.0,0,0,0
57,FLRC 650k pa5 L511,0,2608212001,57,1,5729,-39.0,0.0,0,0,0
57,FLRC 650k pa5 L511,0,2608212001,57,1,5782,-38.0,0.0,0,0,0
57,FLRC 650k pa5 L511,0,2608212001,57,1,5835,-39.0,0.0,0,0,0
57,FLRC 650k pa5 L511,0,2608212001,57,1,5888,-39.0,0.0,0,0,0
58,FLRC 1300k pa5 L384,0,2608212001,58,1,3330,-40.0,0.0,0,0,0
58,FLRC 1300k pa5 L384,0,2608212001,58,1,3378,-39.0,0.0,0,0,0
58,FLRC 1300k pa5 L384,0,2608212001,58,1,3425,-39.0,0.0,0,0,0
58,FLRC 1300k pa5 L384,0,2608212001,58,1,3472,-39.0,0.0,0,0,0
58,FLRC 1300k pa5 L384,0,2608212001,58,1,3520,-39.0,0.0,0,0,0
58,FLRC 1300k pa5 L384,0,2608212001,58,1,3567,-39.0,0.0,0,0,0
58,FLRC 1300k pa5 L384,0,2608212001,58,1,3614,-39.0,0.0,0,0,0
58,FLRC 1300k pa5 L384,0,2608212001,58,1,3662,-39.0,0.0,0,0,0
58,FLRC 1300k pa5 L384,0,2608212001,58,1,3709,-40.0,0.0,0,0,0
58,FLRC 1300k pa5 L384,0,2608212001,58,1,3756,-39.0,0.0,0,0,0
58,FLRC 1300k pa5 L384,0,2608212001,58,1,3804,-40.0,0.0,0,0,0
58,FLRC 1300k pa5 L384,0,2608212001,58,1,3851,-40.0,0.0,0,0,0
58,FLRC 1300k pa5 L384,0,2608212001,58,1,3898,-40.0,0.0,0,0,0
58,FLRC 1300k pa5 L384,0,2608212001,58,1,3946,-40.0,0.0,0,0,0
58,FLRC 1300k pa5 L384,0,2608212001,58,1,3993,-40.0,0.0,0,0,0
58,FLRC 1300k pa5 L384,0,2608212001,58,1,4040,-40.0,0.0,0,0,0
58,FLRC 1300k pa5 L384,0,2608212001,58,1,4088,-40.0,0.0,0,0,0
58,FLRC 1300k pa5 L384,0,2608212001,58,1,4135,-40.0,0.0,0,0,0
58,FLRC 1300k pa5 L384,0,2608212001,58,1,4182,-41.0,0.0,0,0,0
58,FLRC 1300k pa5 L384,0,2608212001,58,1,4230,-41.0,0.0,0,0,0
58,FLRC 1300k pa5 L384,0,2608212001,58,1,4277,-40.0,0.0,0,0,0
58,FLRC 1300k pa5 L384,0,2608212001,58,1,4324,-40.0,0.0,0,0,0
58,FLRC 1300k pa5 L384,0,2608212001,58,1,4372,-40.0,0.0,0,0,0
58,FLRC 1300k pa5 L384,0,2608212001,58,1,4419,-40.0,0.0,0,0,0
58,FLRC 1300k pa5 L384,0,2608212001,58,1,4466,-40.0,0.0,0,0,0
58,FLRC 1300k pa5 L384,0,2608212001,58,1,4514,-40.0,0.0,0,0,0
58,FLRC 1300k pa5 L384,0,2608212001,58,1,4561,-40.0,0.0,0,0,0
58,FLRC 1300k pa5 L384,0,2608212001,58,1,4609,-40.0,0.0,0,0,0
58,FLRC 1300k pa5 L384,0,2608212001,58,1,4656,-40.0,0.0,0,0,0
58,FLRC 1300k pa5 L384,0,2608212001,58,1,4703,-40.0,0.0,0,0,0
58,FLRC 1300k pa5 L384,0,2608212001,58,1,4751,-40.0,0.0,0,0,0
58,FLRC 1300k pa5 L384,0,2608212001,58,1,4798,-40.0,0.0,0,0,0
58,FLRC 1300k pa5 L384,0,2608212001,58,1,4845,-40.0,0.0,0,0,0
58,FLRC 1300k pa5 L384,0,2608212001,58,1,4893,-40.0,0.0,0,0,0
58,FLRC 1300k pa5 L384,0,2608212001,58,1,4940,-40.0,0.0,0,0,0
58,FLRC 1300k pa5 L384,0,2608212001,58,1,4987,-40.0,0.0,0,0,0
58,FLRC 1300k pa5 L384,0,2608212001,58,1,5035,-40.0,0.0,0,0,0
58,FLRC 1300k pa5 L384,0,2608212001,58,1,5082,-40.0,0.0,0,0,0
58,FLRC 1300k pa5 L384,0,2608212001,58,1,5129,-40.0,0.0,0,0,0
58,FLRC 1300k pa5 L384,0,2608212001,58,1,5177,-40.0,0.0,0,0,0
58,FLRC 1300k pa5 L384,0,2608212001,58,1,5224,-40.0,0.0,0,0,0
58,FLRC 1300k pa5 L384,0,2608212001,58,1,5271,-40.0,0.0,0,0,0
58,FLRC 1300k pa5 L384,0,2608212001,58,1,5319,-40.0,0.0,0,0,0
58,FLRC 1300k pa5 L384,0,2608212001,58,1,5366,-41.0,0.0,0,0,0
58,FLRC 1300k pa5 L384,0,2608212001,58,1,5413,-40.0,0.0,0,0,0
58,FLRC 1300k pa5 L384,0,2608212001,58,1,5461,-41.0,0.0,0,0,0
58,FLRC 1300k pa5 L384,0,2608212001,58,1,5508,-40.0,0.0,0,0,0
58,FLRC 1300k pa5 L384,0,2608212001,58,1,5555,-40.0,0.0,0,0,0
58,FLRC 1300k pa5 L384,0,2608212001,58,1,5603,-40.0,0.0,0,0,0
58,FLRC 1300k pa5 L384,0,2608212001,58,1,5650,-40.0,0.0,0,0,0
59,FLRC 1300k pa5 L511,0,2608212001,59,1,3289,-39.0,0.0,0,0,0
59,FLRC 1300k pa5 L511,0,2608212001,59,1,3338,-39.0,0.0,0,0,0
59,FLRC 1300k pa5 L511,0,2608212001,59,1,3387,-39.0,0.0,0,0,0
59,FLRC 1300k pa5 L511,0,2608212001,59,1,3435,-39.0,0.0,0,0,0
59,FLRC 1300k pa5 L511,0,2608212001,59,1,3484,-39.0,0.0,0,0,0
59,FLRC 1300k pa5 L511,0,2608212001,59,1,3533,-39.0,0.0,0,0,0
59,FLRC 1300k pa5 L511,0,2608212001,59,1,3582,-39.0,0.0,0,0,0
59,FLRC 1300k pa5 L511,0,2608212001,59,1,3630,-40.0,0.0,0,0,0
59,FLRC 1300k pa5 L511,0,2608212001,59,1,3679,-40.0,0.0,0,0,0
59,FLRC 1300k pa5 L511,0,2608212001,59,1,3728,-39.0,0.0,0,0,0
59,FLRC 1300k pa5 L511,0,2608212001,59,1,3777,-39.0,0.0,0,0,0
59,FLRC 1300k pa5 L511,0,2608212001,59,1,3825,-39.0,0.0,0,0,0
59,FLRC 1300k pa5 L511,0,2608212001,59,1,3874,-39.0,0.0,0,0,0
59,FLRC 1300k pa5 L511,0,2608212001,59,1,3923,-39.0,0.0,0,0,0
59,FLRC 1300k pa5 L511,0,2608212001,59,1,3971,-40.0,0.0,0,0,0
59,FLRC 1300k pa5 L511,0,2608212001,59,1,4020,-40.0,0.0,0,0,0
59,FLRC 1300k pa5 L511,0,2608212001,59,1,4069,-40.0,0.0,0,0,0
59,FLRC 1300k pa5 L511,0,2608212001,59,1,4118,-40.0,0.0,0,0,0
59,FLRC 1300k pa5 L511,0,2608212001,59,1,4166,-39.0,0.0,0,0,0
59,FLRC 1300k pa5 L511,0,2608212001,59,1,4215,-39.0,0.0,0,0,0
59,FLRC 1300k pa5 L511,0,2608212001,59,1,4264,-39.0,0.0,0,0,0
59,FLRC 1300k pa5 L511,0,2608212001,59,1,4313,-40.0,0.0,0,0,0
59,FLRC 1300k pa5 L511,0,2608212001,59,1,4361,-39.0,0.0,0,0,0
59,FLRC 1300k pa5 L511,0,2608212001,59,1,4410,-40.0,0.0,0,0,0
59,FLRC 1300k pa5 L511,0,2608212001,59,1,4459,-40.0,0.0,0,0,0
59,FLRC 1300k pa5 L511,0,2608212001,59,1,4508,-40.0,0.0,0,0,0
59,FLRC 1300k pa5 L511,0,2608212001,59,1,4556,-40.0,0.0,0,0,0
59,FLRC 1300k pa5 L511,0,2608212001,59,1,4605,-40.0,0.0,0,0,0
59,FLRC 1300k pa5 L511,0,2608212001,59,1,4654,-40.0,0.0,0,0,0
59,FLRC 1300k pa5 L511,0,2608212001,59,1,4703,-40.0,0.0,0,0,0
59,FLRC 1300k pa5 L511,0,2608212001,59,1,4751,-40.0,0.0,0,0,0
59,FLRC 1300k pa5 L511,0,2608212001,59,1,4800,-40.0,0.0,0,0,0
59,FLRC 1300k pa5 L511,0,2608212001,59,1,4849,-40.0,0.0,0,0,0
59,FLRC 1300k pa5 L511,0,2608212001,59,1,4898,-40.0,0.0,0,0,0
59,FLRC 1300k pa5 L511,0,2608212001,59,1,4946,-40.0,0.0,0,0,0
59,FLRC 1300k pa5 L511,0,2608212001,59,1,4995,-41.0,0.0,0,0,0
59,FLRC 1300k pa5 L511,0,2608212001,59,1,5044,-40.0,0.0,0,0,0
59,FLRC 1300k pa5 L511,0,2608212001,59,1,5093,-41.0,0.0,0,0,0
59,FLRC 1300k pa5 L511,0,2608212001,59,1,5141,-41.0,0.0,0,0,0
59,FLRC 1300k pa5 L511,0,2608212001,59,1,5190,-40.0,0.0,0,0,0
59,FLRC 1300k pa5 L511,0,2608212001,59,1,5239,-41.0,0.0,0,0,0
59,FLRC 1300k pa5 L511,0,2608212001,59,1,5287,-41.0,0.0,0,0,0
59,FLRC 1300k pa5 L511,0,2608212001,59,1,5336,-40.0,0.0,0,0,0
59,FLRC 1300k pa5 L511,0,2608212001,59,1,5385,-40.0,0.0,0,0,0
59,FLRC 1300k pa5 L511,0,2608212001,59,1,5434,-41.0,0.0,0,0,0
59,FLRC 1300k pa5 L511,0,2608212001,59,1,5482,-41.0,0.0,0,0,0
59,FLRC 1300k pa5 L511,0,2608212001,59,1,5531,-41.0,0.0,0,0,0
59,FLRC 1300k pa5 L511,0,2608212001,59,1,5580,-41.0,0.0,0,0,0
59,FLRC 1300k pa5 L511,0,2608212001,59,1,5629,-41.0,0.0,0,0,0
59,FLRC 1300k pa5 L511,0,2608212001,59,1,5677,-41.0,0.0,0,0,0
60,FLRC 2600k pa5 L511,0,2608212001,60,1,3289,-36.0,0.0,0,0,0
60,FLRC 2600k pa5 L511,0,2608212001,60,1,3336,-36.0,0.0,0,0,0
60,FLRC 2600k pa5 L511,0,2608212001,60,1,3383,-36.0,0.0,0,0,0
60,FLRC 2600k pa5 L511,0,2608212001,60,1,3429,-36.0,0.0,0,0,0
60,FLRC 2600k pa5 L511,0,2608212001,60,1,3476,-35.0,0.0,0,0,0
60,FLRC 2600k pa5 L511,0,2608212001,60,1,3522,-36.0,0.0,0,0,0
60,FLRC 2600k pa5 L511,0,2608212001,60,1,3569,-36.0,0.0,0,0,0
60,FLRC 2600k pa5 L511,0,2608212001,60,1,3616,-36.0,0.0,0,0,0
60,FLRC 2600k pa5 L511,0,2608212001,60,1,3662,-36.0,0.0,0,0,0
60,FLRC 2600k pa5 L511,0,2608212001,60,1,3709,-35.0,0.0,0,0,0
60,FLRC 2600k pa5 L511,0,2608212001,60,1,3755,-35.0,0.0,0,0,0
60,FLRC 2600k pa5 L511,0,2608212001,60,1,3802,-36.0,0.0,0,0,0
60,FLRC 2600k pa5 L511,0,2608212001,60,1,3849,-35.0,0.0,0,0,0
60,FLRC 2600k pa5 L511,0,2608212001,60,1,3895,-35.0,0.0,0,0,0
60,FLRC 2600k pa5 L511,0,2608212001,60,1,3942,-36.0,0.0,0,0,0
60,FLRC 2600k pa5 L511,0,2608212001,60,1,3988,-36.0,0.0,0,0,0
60,FLRC 2600k pa5 L511,0,2608212001,60,1,4035,-36.0,0.0,0,0,0
60,FLRC 2600k pa5 L511,0,2608212001,60,1,4082,-36.0,0.0,0,0,0
60,FLRC 2600k pa5 L511,0,2608212001,60,1,4128,-36.0,0.0,0,0,0
60,FLRC 2600k pa5 L511,0,2608212001,60,1,4175,-36.0,0.0,0,0,0
60,FLRC 2600k pa5 L511,0,2608212001,60,1,4221,-36.0,0.0,0,0,0
60,FLRC 2600k pa5 L511,0,2608212001,60,1,4268,-36.0,0.0,0,0,0
60,FLRC 2600k pa5 L511,0,2608212001,60,1,4315,-36.0,0.0,0,0,0
60,FLRC 2600k pa5 L511,0,2608212001,60,1,4361,-36.0,0.0,0,0,0
60,FLRC 2600k pa5 L511,0,2608212001,60,1,4408,-36.0,0.0,0,0,0
60,FLRC 2600k pa5 L511,0,2608212001,60,1,4454,-36.0,0.0,0,0,0
60,FLRC 2600k pa5 L511,0,2608212001,60,1,4501,-36.0,0.0,0,0,0
60,FLRC 2600k pa5 L511,0,2608212001,60,1,4547,-36.0,0.0,0,0,0
60,FLRC 2600k pa5 L511,0,2608212001,60,1,4594,-36.0,0.0,0,0,0
60,FLRC 2600k pa5 L511,0,2608212001,60,1,4641,-36.0,0.0,0,0,0
60,FLRC 2600k pa5 L511,0,2608212001,60,1,4687,-36.0,0.0,0,0,0
60,FLRC 2600k pa5 L511,0,2608212001,60,1,4734,-36.0,0.0,0,0,0
60,FLRC 2600k pa5 L511,0,2608212001,60,1,4780,-37.0,0.0,0,0,0
60,FLRC 2600k pa5 L511,0,2608212001,60,1,4827,-36.0,0.0,0,0,0
60,FLRC 2600k pa5 L511,0,2608212001,60,1,4874,-36.0,0.0,0,0,0
60,FLRC 2600k pa5 L511,0,2608212001,60,1,4920,-36.0,0.0,0,0,0
60,FLRC 2600k pa5 L511,0,2608212001,60,1,4967,-36.0,0.0,0,0,0
60,FLRC 2600k pa5 L511,0,2608212001,60,1,5013,-36.0,0.0,0,0,0
60,FLRC 2600k pa5 L511,0,2608212001,60,1,5060,-36.0,0.0,0,0,0
60,FLRC 2600k pa5 L511,0,2608212001,60,1,5107,-36.0,0.0,0,0,0
60,FLRC 2600k pa5 L511,0,2608212001,60,1,5153,-36.0,0.0,0,0,0
60,FLRC 2600k pa5 L511,0,2608212001,60,1,5200,-36.0,0.0,0,0,0
60,FLRC 2600k pa5 L511,0,2608212001,60,1,5246,-35.0,0.0,0,0,0
60,FLRC 2600k pa5 L511,0,2608212001,60,1,5293,-35.0,0.0,0,0,0
60,FLRC 2600k pa5 L511,0,2608212001,60,1,5340,-34.0,0.0,0,0,0
60,FLRC 2600k pa5 L511,0,2608212001,60,1,5386,-34.0,0.0,0,0,0
60,FLRC 2600k pa5 L511,0,2608212001,60,1,5433,-34.0,0.0,0,0,0
60,FLRC 2600k pa5 L511,0,2608212001,60,1,5479,-35.0,0.0,0,0,0
60,FLRC 2600k pa5 L511,0,2608212001,60,1,5526,-35.0,0.0,0,0,0
60,FLRC 2600k pa5 L511,0,2608212001,60,1,5573,-36.0,0.0,0,0,0
