idx,label,pkt_idx,session,config,replicate,ts_ms,rssi_dbm,snr_db,crc_ok,bit_err,pcrc16
0,SF5 BW125 PA10,0,2608211621,0,1,5822,-32.0,10.0,1,0,24601
0,SF5 BW125 PA10,1,2608211621,0,1,5919,-32.0,11.0,1,0,14761
0,SF5 BW125 PA10,2,2608211621,0,1,6015,-32.0,10.0,1,0,10692
0,SF5 BW125 PA10,3,2608211621,0,1,6111,-32.0,11.0,1,0,28788
0,SF5 BW125 PA10,4,2608211621,0,1,6207,-32.0,10.0,1,0,62371
0,SF5 BW125 PA10,5,2608211621,0,1,6303,-32.0,10.0,1,0,43539
0,SF5 BW125 PA10,6,2608211621,0,1,6399,-32.0,10.0,1,0,47742
0,SF5 BW125 PA10,7,2608211621,0,1,6496,-32.0,10.0,1,0,58318
0,SF5 BW125 PA10,8,2608211621,0,1,6592,-32.0,11.0,1,0,22348
0,SF5 BW125 PA10,9,2608211621,0,1,6688,-32.0,10.0,1,0,3836
0,SF5 BW125 PA10,10,2608211621,0,1,6784,-32.0,10.0,1,0,7825
0,SF5 BW125 PA10,11,2608211621,0,1,6880,-32.0,9.0,1,0,18209
0,SF5 BW125 PA10,12,2608211621,0,1,6976,-32.0,9.0,1,0,50422
0,SF5 BW125 PA10,13,2608211621,0,1,7072,-32.0,11.0,1,0,40262
0,SF5 BW125 PA10,14,2608211621,0,1,7169,-32.0,10.0,1,0,36139
0,SF5 BW125 PA10,15,2608211621,0,1,7265,-32.0,11.0,1,0,54427
0,SF5 BW125 PA10,16,2608211621,0,1,7361,-32.0,10.0,1,0,3763
0,SF5 BW125 PA10,17,2608211621,0,1,7457,-32.0,11.0,1,0,22275
0,SF5 BW125 PA10,18,2608211621,0,1,7553,-32.0,10.0,1,0,18286
0,SF5 BW125 PA10,19,2608211621,0,1,7649,-32.0,10.0,1,0,7902
0,SF5 BW125 PA10,20,2608211621,0,1,7745,-32.0,10.0,1,0,40201
0,SF5 BW125 PA10,21,2608211621,0,1,7842,-32.0,9.0,1,0,50361
0,SF5 BW125 PA10,22,2608211621,0,1,7938,-32.0,10.0,1,0,54484
0,SF5 BW125 PA10,23,2608211621,0,1,8034,-32.0,9.0,1,0,36196
0,SF5 BW125 PA10,24,2608211621,0,1,8130,-32.0,10.0,1,0,14822
0,SF5 BW125 PA10,25,2608211621,0,1,8226,-32.0,10.0,1,0,24662
0,SF5 BW125 PA10,26,2608211621,0,1,8322,-32.0,10.0,1,0,28731
0,SF5 BW125 PA10,27,2608211621,0,1,8419,-32.0,10.0,1,0,10635
0,SF5 BW125 PA10,28,2608211621,0,1,8515,-32.0,10.0,1,0,43612
0,SF5 BW125 PA10,29,2608211621,0,1,8611,-32.0,11.0,1,0,62444
0,SF5 BW125 PA10,30,2608211621,0,1,8707,-32.0,10.0,1,0,58241
0,SF5 BW125 PA10,31,2608211621,0,1,8803,-32.0,10.0,1,0,47665
0,SF5 BW125 PA10,32,2608211621,0,1,8899,-32.0,10.0,1,0,48461
0,SF5 BW125 PA10,33,2608211621,0,1,8995,-32.0,10.0,1,0,58621
0,SF5 BW125 PA10,34,2608211621,0,1,9092,-32.0,10.0,1,0,62608
0,SF5 BW125 PA10,35,2608211621,0,1,9188,-32.0,10.0,1,0,44320
0,SF5 BW125 PA10,36,2608211621,0,1,9284,-32.0,10.0,1,0,12023
0,SF5 BW125 PA10,37,2608211621,0,1,9380,-32.0,10.0,1,0,30535
0,SF5 BW125 PA10,38,2608211621,0,1,9476,-32.0,10.0,1,0,26410
0,SF5 BW125 PA10,39,2608211621,0,1,9572,-32.0,11.0,1,0,16026
0,SF5 BW125 PA10,40,2608211621,0,1,9668,-32.0,11.0,1,0,35352
0,SF5 BW125 PA10,41,2608211621,0,1,9765,-32.0,10.0,1,0,54184
0,SF5 BW125 PA10,42,2608211621,0,1,9861,-32.0,10.0,1,0,50117
0,SF5 BW125 PA10,43,2608211621,0,1,9957,-32.0,9.0,1,0,39541
0,SF5 BW125 PA10,44,2608211621,0,1,10053,-32.0,9.0,1,0,6562
0,SF5 BW125 PA10,45,2608211621,0,1,10149,-32.0,10.0,1,0,16402
0,SF5 BW125 PA10,46,2608211621,0,1,10245,-32.0,9.0,1,0,20607
0,SF5 BW125 PA10,47,2608211621,0,1,10342,-32.0,10.0,1,0,2511
0,SF5 BW125 PA10,48,2608211621,0,1,10438,-32.0,10.0,1,0,54247
0,SF5 BW125 PA10,49,2608211621,0,1,10534,-32.0,12.0,1,0,35415
1,SF6 BW125 PA10,0,2608211621,1,1,5913,-32.0,13.0,1,0,24601
1,SF6 BW125 PA10,1,2608211621,1,1,6072,-32.0,13.0,1,0,14761
1,SF6 BW125 PA10,2,2608211621,1,1,6231,-32.0,13.0,1,0,10692
1,SF6 BW125 PA10,3,2608211621,1,1,6390,-32.0,13.0,1,0,28788
1,SF6 BW125 PA10,4,2608211621,1,1,6549,-32.0,13.0,1,0,62371
1,SF6 BW125 PA10,5,2608211621,1,1,6708,-32.0,13.0,1,0,43539
1,SF6 BW125 PA10,6,2608211621,1,1,6867,-32.0,13.0,1,0,47742
1,SF6 BW125 PA10,7,2608211621,1,1,7026,-32.0,13.0,1,0,58318
1,SF6 BW125 PA10,8,2608211621,1,1,7185,-32.0,14.0,1,0,22348
1,SF6 BW125 PA10,9,2608211621,1,1,7344,-32.0,13.0,1,0,3836
1,SF6 BW125 PA10,10,2608211621,1,1,7503,-32.0,13.0,1,0,7825
1,SF6 BW125 PA10,11,2608211621,1,1,7662,-32.0,13.0,1,0,18209
1,SF6 BW125 PA10,12,2608211621,1,1,7821,-32.0,13.0,1,0,50422
1,SF6 BW125 PA10,13,2608211621,1,1,7980,-32.0,13.0,1,0,40262
1,SF6 BW125 PA10,14,2608211621,1,1,8139,-32.0,13.0,1,0,36139
1,SF6 BW125 PA10,15,2608211621,1,1,8298,-32.0,13.0,1,0,54427
1,SF6 BW125 PA10,16,2608211621,1,1,8457,-32.0,14.0,1,0,3763
1,SF6 BW125 PA10,17,2608211621,1,1,8617,-32.0,13.0,1,0,22275
1,SF6 BW125 PA10,18,2608211621,1,1,8776,-32.0,14.0,1,0,18286
1,SF6 BW125 PA10,19,2608211621,1,1,8935,-32.0,13.0,1,0,7902
1,SF6 BW125 PA10,20,2608211621,1,1,9094,-32.0,13.0,1,0,40201
1,SF6 BW125 PA10,21,2608211621,1,1,9253,-32.0,13.0,1,0,50361
1,SF6 BW125 PA10,22,2608211621,1,1,9412,-32.0,13.0,1,0,54484
1,SF6 BW125 PA10,23,2608211621,1,1,9571,-32.0,12.0,1,0,36196
1,SF6 BW125 PA10,24,2608211621,1,1,9730,-32.0,13.0,1,0,14822
1,SF6 BW125 PA10,25,2608211621,1,1,9889,-32.0,13.0,1,0,24662
1,SF6 BW125 PA10,26,2608211621,1,1,10048,-32.0,13.0,1,0,28731
1,SF6 BW125 PA10,27,2608211621,1,1,10207,-32.0,13.0,1,0,10635
1,SF6 BW125 PA10,28,2608211621,1,1,10366,-32.0,13.0,1,0,43612
1,SF6 BW125 PA10,29,2608211621,1,1,10525,-32.0,13.0,1,0,62444
1,SF6 BW125 PA10,30,2608211621,1,1,10684,-32.0,12.0,1,0,58241
1,SF6 BW125 PA10,31,2608211621,1,1,10843,-32.0,12.0,1,0,47665
1,SF6 BW125 PA10,32,2608211621,1,1,11002,-32.0,13.0,1,0,48461
1,SF6 BW125 PA10,33,2608211621,1,1,11161,-32.0,13.0,1,0,58621
1,SF6 BW125 PA10,34,2608211621,1,1,11320,-32.0,13.0,1,0,62608
1,SF6 BW125 PA10,35,2608211621,1,1,11479,-32.0,13.0,1,0,44320
1,SF6 BW125 PA10,36,2608211621,1,1,11638,-32.0,13.0,1,0,12023
1,SF6 BW125 PA10,37,2608211621,1,1,11797,-32.0,13.0,1,0,30535
1,SF6 BW125 PA10,38,2608211621,1,1,11956,-32.0,13.0,1,0,26410
1,SF6 BW125 PA10,39,2608211621,1,1,12115,-32.0,13.0,1,0,16026
1,SF6 BW125 PA10,40,2608211621,1,1,12274,-32.0,13.0,1,0,35352
1,SF6 BW125 PA10,41,2608211621,1,1,12433,-32.0,13.0,1,0,54184
1,SF6 BW125 PA10,42,2608211621,1,1,12592,-32.0,12.0,1,0,50117
1,SF6 BW125 PA10,43,2608211621,1,1,12751,-32.0,13.0,1,0,39541
1,SF6 BW125 PA10,44,2608211621,1,1,12910,-32.0,14.0,1,0,6562
1,SF6 BW125 PA10,45,2608211621,1,1,13069,-32.0,13.0,1,0,16402
1,SF6 BW125 PA10,46,2608211621,1,1,13228,-32.0,14.0,1,0,20607
1,SF6 BW125 PA10,47,2608211621,1,1,13387,-32.0,13.0,1,0,2511
1,SF6 BW125 PA10,48,2608211621,1,1,13546,-32.0,13.0,1,0,54247
1,SF6 BW125 PA10,49,2608211621,1,1,13705,-32.0,13.0,1,0,35415
2,SF7 BW125 PA10,0,2608211621,2,1,5866,-32.0,16.0,1,0,24601
2,SF7 BW125 PA10,1,2608211621,2,1,6134,-32.0,15.0,1,0,14761
2,SF7 BW125 PA10,2,2608211621,2,1,6402,-32.0,15.0,1,0,10692
2,SF7 BW125 PA10,3,2608211621,2,1,6670,-32.0,15.0,1,0,28788
2,SF7 BW125 PA10,4,2608211621,2,1,6938,-32.0,15.0,1,0,62371
2,SF7 BW125 PA10,5,2608211621,2,1,7206,-32.0,15.0,1,0,43539
2,SF7 BW125 PA10,6,2608211621,2,1,7474,-32.0,15.0,1,0,47742
2,SF7 BW125 PA10,7,2608211621,2,1,7741,-32.0,15.0,1,0,58318
2,SF7 BW125 PA10,8,2608211621,2,1,8009,-32.0,15.0,1,0,22348
2,SF7 BW125 PA10,9,2608211621,2,1,8277,-32.0,15.0,1,0,3836
2,SF7 BW125 PA10,10,2608211621,2,1,8545,-32.0,15.0,1,0,7825
2,SF7 BW125 PA10,11,2608211621,2,1,8813,-32.0,15.0,1,0,18209
2,SF7 BW125 PA10,12,2608211621,2,1,9081,-32.0,15.0,1,0,50422
2,SF7 BW125 PA10,13,2608211621,2,1,9348,-32.0,15.0,1,0,40262
2,SF7 BW125 PA10,14,2608211621,2,1,9616,-32.0,16.0,1,0,36139
2,SF7 BW125 PA10,15,2608211621,2,1,9884,-32.0,15.0,1,0,54427
2,SF7 BW125 PA10,16,2608211621,2,1,10152,-32.0,15.0,1,0,3763
2,SF7 BW125 PA10,17,2608211621,2,1,10420,-32.0,15.0,1,0,22275
2,SF7 BW125 PA10,18,2608211621,2,1,10688,-32.0,15.0,1,0,18286
2,SF7 BW125 PA10,19,2608211621,2,1,10956,-32.0,15.0,1,0,7902
2,SF7 BW125 PA10,20,2608211621,2,1,11223,-32.0,15.0,1,0,40201
2,SF7 BW125 PA10,21,2608211621,2,1,11491,-32.0,15.0,1,0,50361
2,SF7 BW125 PA10,22,2608211621,2,1,11759,-32.0,15.0,1,0,54484
2,SF7 BW125 PA10,23,2608211621,2,1,12027,-32.0,15.0,1,0,36196
2,SF7 BW125 PA10,24,2608211621,2,1,12295,-32.0,15.0,1,0,14822
2,SF7 BW125 PA10,25,2608211621,2,1,12563,-32.0,15.0,1,0,24662
2,SF7 BW125 PA10,26,2608211621,2,1,12830,-32.0,15.0,1,0,28731
2,SF7 BW125 PA10,27,2608211621,2,1,13098,-32.0,15.0,1,0,10635
2,SF7 BW125 PA10,28,2608211621,2,1,13366,-32.0,16.0,1,0,43612
2,SF7 BW125 PA10,29,2608211621,2,1,13634,-32.0,16.0,1,0,62444
2,SF7 BW125 PA10,30,2608211621,2,1,13902,-32.0,15.0,1,0,58241
2,SF7 BW125 PA10,31,2608211621,2,1,14170,-32.0,15.0,1,0,47665
2,SF7 BW125 PA10,32,2608211621,2,1,14438,-32.0,15.0,1,0,48461
2,SF7 BW125 PA10,33,2608211621,2,1,14705,-32.0,15.0,1,0,58621
2,SF7 BW125 PA10,34,2608211621,2,1,14973,-32.0,15.0,1,0,62608
2,SF7 BW125 PA10,35,2608211621,2,1,15241,-32.0,15.0,1,0,44320
2,SF7 BW125 PA10,36,2608211621,2,1,15509,-32.0,16.0,1,0,12023
2,SF7 BW125 PA10,37,2608211621,2,1,15777,-32.0,15.0,1,0,30535
2,SF7 BW125 PA10,38,2608211621,2,1,16045,-32.0,15.0,1,0,26410
2,SF7 BW125 PA10,39,2608211621,2,1,16312,-32.0,15.0,1,0,16026
2,SF7 BW125 PA10,40,2608211621,2,1,16580,-32.0,15.0,1,0,35352
2,SF7 BW125 PA10,41,2608211621,2,1,16848,-32.0,15.0,1,0,54184
2,SF7 BW125 PA10,42,2608211621,2,1,17116,-32.0,14.0,1,0,50117
2,SF7 BW125 PA10,43,2608211621,2,1,17384,-32.0,16.0,1,0,39541
2,SF7 BW125 PA10,44,2608211621,2,1,17652,-32.0,15.0,1,0,6562
2,SF7 BW125 PA10,45,2608211621,2,1,17920,-32.0,16.0,1,0,16402
2,SF7 BW125 PA10,46,2608211621,2,1,18187,-32.0,16.0,1,0,20607
2,SF7 BW125 PA10,47,2608211621,2,1,18455,-32.0,15.0,1,0,2511
2,SF7 BW125 PA10,48,2608211621,2,1,18723,-32.0,15.0,1,0,54247
2,SF7 BW125 PA10,49,2608211621,2,1,18991,-32.0,15.0,1,0,35415
3,SF8 BW125 PA10,0,2608211621,3,1,5994,-32.0,16.0,1,0,24601
3,SF8 BW125 PA10,1,2608211621,3,1,6477,-32.0,17.0,1,0,14761
3,SF8 BW125 PA10,2,2608211621,3,1,6959,-32.0,17.0,1,0,10692
3,SF8 BW125 PA10,3,2608211621,3,1,7442,-32.0,17.0,1,0,28788
3,SF8 BW125 PA10,4,2608211621,3,1,7924,-32.0,16.0,1,0,62371
3,SF8 BW125 PA10,5,2608211621,3,1,8406,-32.0,17.0,1,0,43539
3,SF8 BW125 PA10,6,2608211621,3,1,8889,-32.0,17.0,1,0,47742
3,SF8 BW125 PA10,7,2608211621,3,1,9371,-32.0,17.0,1,0,58318
3,SF8 BW125 PA10,8,2608211621,3,1,9854,-32.0,17.0,1,0,22348
3,SF8 BW125 PA10,9,2608211621,3,1,10336,-32.0,17.0,1,0,3836
3,SF8 BW125 PA10,10,2608211621,3,1,10818,-32.0,17.0,1,0,7825
3,SF8 BW125 PA10,11,2608211621,3,1,11301,-32.0,17.0,1,0,18209
3,SF8 BW125 PA10,12,2608211621,3,1,11783,-32.0,17.0,1,0,50422
3,SF8 BW125 PA10,13,2608211621,3,1,12266,-32.0,17.0,1,0,40262
3,SF8 BW125 PA10,14,2608211621,3,1,12748,-32.0,16.0,1,0,36139
3,SF8 BW125 PA10,15,2608211621,3,1,13231,-32.0,16.0,1,0,54427
3,SF8 BW125 PA10,16,2608211621,3,1,13713,-32.0,17.0,1,0,3763
3,SF8 BW125 PA10,17,2608211621,3,1,14195,-32.0,17.0,1,0,22275
3,SF8 BW125 PA10,18,2608211621,3,1,14678,-32.0,17.0,1,0,18286
3,SF8 BW125 PA10,19,2608211621,3,1,15160,-32.0,16.0,1,0,7902
3,SF8 BW125 PA10,20,2608211621,3,1,15643,-32.0,17.0,1,0,40201
3,SF8 BW125 PA10,21,2608211621,3,1,16125,-32.0,17.0,1,0,50361
3,SF8 BW125 PA10,22,2608211621,3,1,16607,-32.0,17.0,1,0,54484
3,SF8 BW125 PA10,23,2608211621,3,1,17090,-32.0,17.0,1,0,36196
3,SF8 BW125 PA10,24,2608211621,3,1,17572,-32.0,17.0,1,0,14822
3,SF8 BW125 PA10,25,2608211621,3,1,18055,-32.0,17.0,1,0,24662
3,SF8 BW125 PA10,26,2608211621,3,1,18537,-32.0,17.0,1,0,28731
3,SF8 BW125 PA10,27,2608211621,3,1,19020,-32.0,17.0,1,0,10635
3,SF8 BW125 PA10,28,2608211621,3,1,19502,-32.0,17.0,1,0,43612
3,SF8 BW125 PA10,29,2608211621,3,1,19984,-32.0,17.0,1,0,62444
3,SF8 BW125 PA10,30,2608211621,3,1,20467,-32.0,17.0,1,0,58241
3,SF8 BW125 PA10,31,2608211621,3,1,20949,-32.0,16.0,1,0,47665
3,SF8 BW125 PA10,32,2608211621,3,1,21432,-32.0,17.0,1,0,48461
3,SF8 BW125 PA10,33,2608211621,3,1,21914,-32.0,17.0,1,0,58621
3,SF8 BW125 PA10,34,2608211621,3,1,22396,-32.0,17.0,1,0,62608
3,SF8 BW125 PA10,35,2608211621,3,1,22879,-32.0,16.0,1,0,44320
3,SF8 BW125 PA10,36,2608211621,3,1,23361,-32.0,17.0,1,0,12023
3,SF8 BW125 PA10,37,2608211621,3,1,23844,-32.0,17.0,1,0,30535
3,SF8 BW125 PA10,38,2608211621,3,1,24326,-32.0,17.0,1,0,26410
3,SF8 BW125 PA10,39,2608211621,3,1,24809,-32.0,17.0,1,0,16026
3,SF8 BW125 PA10,40,2608211621,3,1,25291,-32.0,17.0,1,0,35352
3,SF8 BW125 PA10,41,2608211621,3,1,25773,-32.0,17.0,1,0,54184
3,SF8 BW125 PA10,42,2608211621,3,1,26256,-32.0,17.0,1,0,50117
3,SF8 BW125 PA10,43,2608211621,3,1,26738,-32.0,17.0,1,0,39541
3,SF8 BW125 PA10,44,2608211621,3,1,27221,-32.0,17.0,1,0,6562
3,SF8 BW125 PA10,45,2608211621,3,1,27703,-32.0,17.0,1,0,16402
3,SF8 BW125 PA10,46,2608211621,3,1,28186,-32.0,17.0,1,0,20607
3,SF8 BW125 PA10,47,2608211621,3,1,28668,-32.0,16.0,1,0,2511
3,SF8 BW125 PA10,48,2608211621,3,1,29150,-32.0,17.0,1,0,54247
3,SF8 BW125 PA10,49,2608211621,3,1,29633,-32.0,17.0,1,0,35415
4,SF9 BW125 PA10,0,2608211621,4,1,6170,-32.0,12.0,1,0,24601
4,SF9 BW125 PA10,1,2608211621,4,1,7037,-32.0,14.0,1,0,14761
4,SF9 BW125 PA10,2,2608211621,4,1,7903,-32.0,14.0,1,0,10692
4,SF9 BW125 PA10,3,2608211621,4,1,8770,-32.0,14.0,1,0,28788
4,SF9 BW125 PA10,4,2608211621,4,1,9636,-32.0,14.0,1,0,62371
4,SF9 BW125 PA10,5,2608211621,4,1,10503,-32.0,14.0,1,0,43539
4,SF9 BW125 PA10,6,2608211621,4,1,11369,-32.0,14.0,1,0,47742
4,SF9 BW125 PA10,7,2608211621,4,1,12236,-32.0,14.0,1,0,58318
4,SF9 BW125 PA10,8,2608211621,4,1,13102,-32.0,14.0,1,0,22348
4,SF9 BW125 PA10,9,2608211621,4,1,13969,-32.0,14.0,1,0,3836
4,SF9 BW125 PA10,10,2608211621,4,1,14835,-32.0,14.0,1,0,7825
4,SF9 BW125 PA10,11,2608211621,4,1,15702,-32.0,14.0,1,0,18209
4,SF9 BW125 PA10,12,2608211621,4,1,16568,-32.0,14.0,1,0,50422
4,SF9 BW125 PA10,13,2608211621,4,1,17435,-32.0,14.0,1,0,40262
4,SF9 BW125 PA10,14,2608211621,4,1,18301,-32.0,14.0,1,0,36139
4,SF9 BW125 PA10,15,2608211621,4,1,19168,-32.0,14.0,1,0,54427
4,SF9 BW125 PA10,16,2608211621,4,1,20034,-32.0,14.0,1,0,3763
4,SF9 BW125 PA10,17,2608211621,4,1,20901,-32.0,14.0,1,0,22275
4,SF9 BW125 PA10,18,2608211621,4,1,21767,-32.0,14.0,1,0,18286
4,SF9 BW125 PA10,19,2608211621,4,1,22634,-32.0,14.0,1,0,7902
4,SF9 BW125 PA10,20,2608211621,4,1,23501,-32.0,14.0,1,0,40201
4,SF9 BW125 PA10,21,2608211621,4,1,24367,-32.0,14.0,1,0,50361
4,SF9 BW125 PA10,22,2608211621,4,1,25234,-32.0,14.0,1,0,54484
4,SF9 BW125 PA10,23,2608211621,4,1,26100,-32.0,14.0,1,0,36196
4,SF9 BW125 PA10,24,2608211621,4,1,26967,-32.0,14.0,1,0,14822
4,SF9 BW125 PA10,25,2608211621,4,1,27833,-32.0,14.0,1,0,24662
4,SF9 BW125 PA10,26,2608211621,4,1,28700,-32.0,14.0,1,0,28731
4,SF9 BW125 PA10,27,2608211621,4,1,29566,-32.0,14.0,1,0,10635
4,SF9 BW125 PA10,28,2608211621,4,1,30433,-32.0,14.0,1,0,43612
4,SF9 BW125 PA10,29,2608211621,4,1,31299,-32.0,14.0,1,0,62444
4,SF9 BW125 PA10,30,2608211621,4,1,32166,-32.0,14.0,1,0,58241
4,SF9 BW125 PA10,31,2608211621,4,1,33032,-32.0,14.0,1,0,47665
4,SF9 BW125 PA10,32,2608211621,4,1,33899,-32.0,14.0,1,0,48461
4,SF9 BW125 PA10,33,2608211621,4,1,34765,-32.0,14.0,1,0,58621
4,SF9 BW125 PA10,34,2608211621,4,1,35632,-32.0,14.0,1,0,62608
4,SF9 BW125 PA10,35,2608211621,4,1,36498,-32.0,14.0,1,0,44320
4,SF9 BW125 PA10,36,2608211621,4,1,37365,-32.0,14.0,1,0,12023
4,SF9 BW125 PA10,37,2608211621,4,1,38231,-32.0,14.0,1,0,30535
4,SF9 BW125 PA10,38,2608211621,4,1,39098,-32.0,14.0,1,0,26410
4,SF9 BW125 PA10,39,2608211621,4,1,39965,-32.0,14.0,1,0,16026
4,SF9 BW125 PA10,40,2608211621,4,1,40831,-32.0,14.0,1,0,35352
4,SF9 BW125 PA10,41,2608211621,4,1,41698,-32.0,14.0,1,0,54184
4,SF9 BW125 PA10,42,2608211621,4,1,42564,-32.0,14.0,1,0,50117
4,SF9 BW125 PA10,43,2608211621,4,1,43431,-32.0,14.0,1,0,39541
4,SF9 BW125 PA10,44,2608211621,4,1,44297,-32.0,14.0,1,0,6562
4,SF9 BW125 PA10,45,2608211621,4,1,45164,-32.0,14.0,1,0,16402
4,SF9 BW125 PA10,46,2608211621,4,1,46030,-32.0,14.0,1,0,20607
4,SF9 BW125 PA10,47,2608211621,4,1,46897,-32.0,14.0,1,0,2511
4,SF9 BW125 PA10,48,2608211621,4,1,47763,-32.0,14.0,1,0,54247
4,SF9 BW125 PA10,49,2608211621,4,1,48630,-32.0,14.0,1,0,35415
5,SF10 BW125 PA10,0,2608211621,5,1,6507,-32.0,15.0,1,0,24601
5,SF10 BW125 PA10,1,2608211621,5,1,8052,-32.0,15.0,1,0,14761
5,SF10 BW125 PA10,2,2608211621,5,1,9597,-32.0,15.0,1,0,10692
5,SF10 BW125 PA10,3,2608211621,5,1,11141,-32.0,15.0,1,0,28788
5,SF10 BW125 PA10,4,2608211621,5,1,12686,-32.0,15.0,1,0,62371
5,SF10 BW125 PA10,5,2608211621,5,1,14230,-32.0,16.0,1,0,43539
5,SF10 BW125 PA10,6,2608211621,5,1,15775,-32.0,15.0,1,0,47742
5,SF10 BW125 PA10,7,2608211621,5,1,17320,-32.0,15.0,1,0,58318
5,SF10 BW125 PA10,8,2608211621,5,1,18864,-32.0,15.0,1,0,22348
5,SF10 BW125 PA10,9,2608211621,5,1,20409,-32.0,15.0,1,0,3836
5,SF10 BW125 PA10,10,2608211621,5,1,21954,-32.0,16.0,1,0,7825
5,SF10 BW125 PA10,11,2608211621,5,1,23498,-32.0,15.0,1,0,18209
5,SF10 BW125 PA10,12,2608211621,5,1,25043,-32.0,15.0,1,0,50422
5,SF10 BW125 PA10,13,2608211621,5,1,26587,-32.0,16.0,1,0,40262
5,SF10 BW125 PA10,14,2608211621,5,1,28132,-32.0,15.0,1,0,36139
5,SF10 BW125 PA10,15,2608211621,5,1,29677,-32.0,16.0,1,0,54427
5,SF10 BW125 PA10,16,2608211621,5,1,31221,-32.0,16.0,1,0,3763
5,SF10 BW125 PA10,17,2608211621,5,1,32766,-32.0,16.0,1,0,22275
5,SF10 BW125 PA10,18,2608211621,5,1,34311,-32.0,15.0,1,0,18286
5,SF10 BW125 PA10,19,2608211621,5,1,35855,-32.0,15.0,1,0,7902
5,SF10 BW125 PA10,20,2608211621,5,1,37400,-32.0,16.0,1,0,40201
5,SF10 BW125 PA10,21,2608211621,5,1,38944,-32.0,15.0,1,0,50361
5,SF10 BW125 PA10,22,2608211621,5,1,40489,-32.0,16.0,1,0,54484
5,SF10 BW125 PA10,23,2608211621,5,1,42034,-32.0,16.0,1,0,36196
5,SF10 BW125 PA10,24,2608211621,5,1,43578,-32.0,15.0,1,0,14822
5,SF10 BW125 PA10,25,2608211621,5,1,45123,-32.0,15.0,1,0,24662
5,SF10 BW125 PA10,26,2608211621,5,1,46667,-32.0,15.0,1,0,28731
5,SF10 BW125 PA10,27,2608211621,5,1,48212,-32.0,15.0,1,0,10635
5,SF10 BW125 PA10,28,2608211621,5,1,49757,-32.0,15.0,1,0,43612
5,SF10 BW125 PA10,29,2608211621,5,1,51301,-32.0,15.0,1,0,62444
5,SF10 BW125 PA10,30,2608211621,5,1,52846,-32.0,15.0,1,0,58241
5,SF10 BW125 PA10,31,2608211621,5,1,54391,-32.0,16.0,1,0,47665
5,SF10 BW125 PA10,32,2608211621,5,1,55935,-32.0,15.0,1,0,48461
5,SF10 BW125 PA10,33,2608211621,5,1,57480,-32.0,15.0,1,0,58621
5,SF10 BW125 PA10,34,2608211621,5,1,59024,-32.0,15.0,1,0,62608
5,SF10 BW125 PA10,35,2608211621,5,1,60569,-32.0,15.0,1,0,44320
5,SF10 BW125 PA10,36,2608211621,5,1,62114,-32.0,15.0,1,0,12023
5,SF10 BW125 PA10,37,2608211621,5,1,63658,-32.0,15.0,1,0,30535
5,SF10 BW125 PA10,38,2608211621,5,1,65203,-32.0,16.0,1,0,26410
5,SF10 BW125 PA10,39,2608211621,5,1,66748,-32.0,16.0,1,0,16026
5,SF10 BW125 PA10,40,2608211621,5,1,68292,-32.0,15.0,1,0,35352
5,SF10 BW125 PA10,41,2608211621,5,1,69837,-32.0,15.0,1,0,54184
5,SF10 BW125 PA10,42,2608211621,5,1,71381,-32.0,16.0,1,0,50117
5,SF10 BW125 PA10,43,2608211621,5,1,72926,-32.0,15.0,1,0,39541
5,SF10 BW125 PA10,44,2608211621,5,1,74471,-32.0,15.0,1,0,6562
5,SF10 BW125 PA10,45,2608211621,5,1,76015,-32.0,16.0,1,0,16402
5,SF10 BW125 PA10,46,2608211621,5,1,77560,-32.0,16.0,1,0,20607
5,SF10 BW125 PA10,47,2608211621,5,1,79104,-32.0,16.0,1,0,2511
5,SF10 BW125 PA10,48,2608211621,5,1,80649,-32.0,16.0,1,0,54247
5,SF10 BW125 PA10,49,2608211621,5,1,82194,-32.0,16.0,1,0,35415
6,SF11 BW125 PA10,0,2608211621,6,1,7101,-32.0,12.0,1,0,24601
6,SF11 BW125 PA10,1,2608211621,6,1,10002,-32.0,11.0,1,0,14761
6,SF11 BW125 PA10,2,2608211621,6,1,12902,-32.0,12.0,1,0,10692
6,SF11 BW125 PA10,3,2608211621,6,1,15803,-32.0,12.0,1,0,28788
6,SF11 BW125 PA10,4,2608211621,6,1,18704,-32.0,11.0,1,0,62371
6,SF11 BW125 PA10,5,2608211621,6,1,21605,-32.0,12.0,1,0,43539
6,SF11 BW125 PA10,6,2608211621,6,1,24506,-32.0,11.0,1,0,47742
6,SF11 BW125 PA10,7,2608211621,6,1,27406,-32.0,11.0,1,0,58318
6,SF11 BW125 PA10,8,2608211621,6,1,30307,-32.0,11.0,1,0,22348
6,SF11 BW125 PA10,9,2608211621,6,1,33208,-32.0,11.0,1,0,3836
6,SF11 BW125 PA10,10,2608211621,6,1,36109,-32.0,11.0,1,0,7825
6,SF11 BW125 PA10,11,2608211621,6,1,39010,-32.0,11.0,1,0,18209
6,SF11 BW125 PA10,12,2608211621,6,1,41911,-32.0,12.0,1,0,50422
6,SF11 BW125 PA10,13,2608211621,6,1,44811,-32.0,11.0,1,0,40262
6,SF11 BW125 PA10,14,2608211621,6,1,47712,-32.0,11.0,1,0,36139
6,SF11 BW125 PA10,15,2608211621,6,1,50613,-32.0,11.0,1,0,54427
6,SF11 BW125 PA10,16,2608211621,6,1,53514,-32.0,12.0,1,0,3763
6,SF11 BW125 PA10,17,2608211621,6,1,56415,-32.0,12.0,1,0,22275
6,SF11 BW125 PA10,18,2608211621,6,1,59315,-32.0,11.0,1,0,18286
6,SF11 BW125 PA10,19,2608211621,6,1,62216,-32.0,12.0,1,0,7902
6,SF11 BW125 PA10,20,2608211621,6,1,65117,-32.0,12.0,1,0,40201
6,SF11 BW125 PA10,21,2608211621,6,1,68018,-32.0,11.0,1,0,50361
6,SF11 BW125 PA10,22,2608211621,6,1,70919,-32.0,12.0,1,0,54484
6,SF11 BW125 PA10,23,2608211621,6,1,73819,-32.0,11.0,1,0,36196
6,SF11 BW125 PA10,24,2608211621,6,1,76720,-32.0,11.0,1,0,14822
6,SF11 BW125 PA10,25,2608211621,6,1,79621,-32.0,11.0,1,0,24662
6,SF11 BW125 PA10,26,2608211621,6,1,82522,-32.0,12.0,1,0,28731
6,SF11 BW125 PA10,27,2608211621,6,1,85423,-32.0,11.0,1,0,10635
6,SF11 BW125 PA10,28,2608211621,6,1,88323,-32.0,11.0,1,0,43612
6,SF11 BW125 PA10,29,2608211621,6,1,91224,-32.0,11.0,1,0,62444
6,SF11 BW125 PA10,30,2608211621,6,1,94125,-32.0,11.0,1,0,58241
6,SF11 BW125 PA10,31,2608211621,6,1,97026,-32.0,11.0,1,0,47665
6,SF11 BW125 PA10,32,2608211621,6,1,99927,-32.0,11.0,1,0,48461
6,SF11 BW125 PA10,33,2608211621,6,1,102827,-32.0,11.0,1,0,58621
6,SF11 BW125 PA10,34,2608211621,6,1,105728,-32.0,11.0,1,0,62608
6,SF11 BW125 PA10,35,2608211621,6,1,108629,-32.0,11.0,1,0,44320
6,SF11 BW125 PA10,36,2608211621,6,1,111530,-32.0,11.0,1,0,12023
6,SF11 BW125 PA10,37,2608211621,6,1,114431,-32.0,11.0,1,0,30535
6,SF11 BW125 PA10,38,2608211621,6,1,117332,-32.0,11.0,1,0,26410
6,SF11 BW125 PA10,39,2608211621,6,1,120232,-32.0,12.0,1,0,16026
6,SF11 BW125 PA10,40,2608211621,6,1,123133,-32.0,11.0,1,0,35352
6,SF11 BW125 PA10,41,2608211621,6,1,126034,-32.0,12.0,1,0,54184
6,SF11 BW125 PA10,42,2608211621,6,1,128935,-32.0,11.0,1,0,50117
6,SF11 BW125 PA10,43,2608211621,6,1,131836,-32.0,11.0,1,0,39541
6,SF11 BW125 PA10,44,2608211621,6,1,134736,-32.0,11.0,1,0,6562
6,SF11 BW125 PA10,45,2608211621,6,1,137637,-32.0,12.0,1,0,16402
6,SF11 BW125 PA10,46,2608211621,6,1,140538,-32.0,11.0,1,0,20607
6,SF11 BW125 PA10,47,2608211621,6,1,143439,-32.0,12.0,1,0,2511
6,SF11 BW125 PA10,48,2608211621,6,1,146340,-32.0,12.0,1,0,54247
6,SF11 BW125 PA10,49,2608211621,6,1,149240,-32.0,12.0,1,0,35415
7,SF12 BW125 PA10,0,2608211621,7,1,8231,-32.0,14.0,1,0,24601
7,SF12 BW125 PA10,1,2608211621,7,1,13663,-32.0,15.0,1,0,14761
7,SF12 BW125 PA10,2,2608211621,7,1,19096,-32.0,14.0,1,0,10692
7,SF12 BW125 PA10,3,2608211621,7,1,24529,-32.0,14.0,1,0,28788
7,SF12 BW125 PA10,4,2608211621,7,1,29962,-32.0,14.0,1,0,62371
7,SF12 BW125 PA10,5,2608211621,7,1,35395,-32.0,14.0,1,0,43539
7,SF12 BW125 PA10,6,2608211621,7,1,40828,-32.0,13.0,1,0,47742
7,SF12 BW125 PA10,7,2608211621,7,1,46261,-32.0,13.0,1,0,58318
7,SF12 BW125 PA10,8,2608211621,7,1,51694,-32.0,14.0,1,0,22348
7,SF12 BW125 PA10,9,2608211621,7,1,57127,-32.0,14.0,1,0,3836
7,SF12 BW125 PA10,10,2608211621,7,1,62560,-32.0,13.0,1,0,7825
7,SF12 BW125 PA10,11,2608211621,7,1,67993,-32.0,14.0,1,0,18209
7,SF12 BW125 PA10,12,2608211621,7,1,73426,-32.0,13.0,1,0,50422
7,SF12 BW125 PA10,13,2608211621,7,1,78859,-32.0,13.0,1,0,40262
7,SF12 BW125 PA10,14,2608211621,7,1,84292,-32.0,13.0,1,0,36139
7,SF12 BW125 PA10,15,2608211621,7,1,89725,-32.0,13.0,1,0,54427
7,SF12 BW125 PA10,16,2608211621,7,1,95158,-32.0,14.0,1,0,3763
7,SF12 BW125 PA10,17,2608211621,7,1,100591,-32.0,14.0,1,0,22275
7,SF12 BW125 PA10,18,2608211621,7,1,106024,-32.0,16.0,1,0,18286
7,SF12 BW125 PA10,19,2608211621,7,1,111457,-32.0,15.0,1,0,7902
7,SF12 BW125 PA10,20,2608211621,7,1,116890,-32.0,14.0,1,0,40201
7,SF12 BW125 PA10,21,2608211621,7,1,122323,-32.0,13.0,1,0,50361
7,SF12 BW125 PA10,22,2608211621,7,1,127756,-32.0,13.0,1,0,54484
7,SF12 BW125 PA10,23,2608211621,7,1,133189,-32.0,14.0,1,0,36196
7,SF12 BW125 PA10,24,2608211621,7,1,138622,-32.0,16.0,1,0,14822
7,SF12 BW125 PA10,25,2608211621,7,1,144055,-32.0,16.0,1,0,24662
7,SF12 BW125 PA10,26,2608211621,7,1,149488,-32.0,16.0,1,0,28731
7,SF12 BW125 PA10,27,2608211621,7,1,154921,-32.0,14.0,1,0,10635
7,SF12 BW125 PA10,28,2608211621,7,1,160354,-32.0,13.0,1,0,43612
7,SF12 BW125 PA10,29,2608211621,7,1,165787,-32.0,13.0,1,0,62444
7,SF12 BW125 PA10,30,2608211621,7,1,171219,-32.0,14.0,1,0,58241
7,SF12 BW125 PA10,31,2608211621,7,1,176652,-32.0,13.0,1,0,47665
7,SF12 BW125 PA10,32,2608211621,7,1,182085,-32.0,14.0,1,0,48461
7,SF12 BW125 PA10,33,2608211621,7,1,187518,-32.0,15.0,1,0,58621
7,SF12 BW125 PA10,34,2608211621,7,1,192951,-32.0,13.0,1,0,62608
7,SF12 BW125 PA10,35,2608211621,7,1,198384,-32.0,14.0,1,0,44320
7,SF12 BW125 PA10,36,2608211621,7,1,203817,-32.0,13.0,1,0,12023
7,SF12 BW125 PA10,37,2608211621,7,1,209250,-32.0,13.0,1,0,30535
7,SF12 BW125 PA10,38,2608211621,7,1,214683,-32.0,14.0,1,0,26410
7,SF12 BW125 PA10,39,2608211621,7,1,220116,-32.0,13.0,1,0,16026
7,SF12 BW125 PA10,40,2608211621,7,1,225549,-32.0,15.0,1,0,35352
7,SF12 BW125 PA10,41,2608211621,7,1,230982,-32.0,14.0,1,0,54184
7,SF12 BW125 PA10,42,2608211621,7,1,236415,-32.0,16.0,1,0,50117
7,SF12 BW125 PA10,43,2608211621,7,1,241848,-32.0,14.0,1,0,39541
7,SF12 BW125 PA10,44,2608211621,7,1,247281,-32.0,14.0,1,0,6562
7,SF12 BW125 PA10,45,2608211621,7,1,252714,-32.0,14.0,1,0,16402
7,SF12 BW125 PA10,46,2608211621,7,1,258147,-32.0,14.0,1,0,20607
7,SF12 BW125 PA10,47,2608211621,7,1,263580,-32.0,13.0,1,0,2511
7,SF12 BW125 PA10,48,2608211621,7,1,269013,-32.0,15.0,1,0,54247
7,SF12 BW125 PA10,49,2608211621,7,1,274446,-32.0,15.0,1,0,35415
8,SF5 BW250 PA10,0,2608211621,8,1,5801,-32.0,10.0,1,0,24601
8,SF5 BW250 PA10,1,2608211621,8,1,5853,-32.0,11.0,1,0,14761
8,SF5 BW250 PA10,2,2608211621,8,1,5905,-32.0,10.0,1,0,10692
8,SF5 BW250 PA10,3,2608211621,8,1,5957,-32.0,10.0,1,0,28788
8,SF5 BW250 PA10,4,2608211621,8,1,6010,-32.0,10.0,1,0,62371
8,SF5 BW250 PA10,5,2608211621,8,1,6062,-32.0,10.0,1,0,43539
8,SF5 BW250 PA10,6,2608211621,8,1,6114,-32.0,10.0,1,0,47742
8,SF5 BW250 PA10,7,2608211621,8,1,6166,-32.0,10.0,1,0,58318
8,SF5 BW250 PA10,8,2608211621,8,1,6218,-32.0,11.0,1,0,22348
8,SF5 BW250 PA10,9,2608211621,8,1,6271,-32.0,10.0,1,0,3836
8,SF5 BW250 PA10,10,2608211621,8,1,6323,-32.0,10.0,1,0,7825
8,SF5 BW250 PA10,11,2608211621,8,1,6375,-32.0,9.0,1,0,18209
8,SF5 BW250 PA10,12,2608211621,8,1,6427,-32.0,9.0,1,0,50422
8,SF5 BW250 PA10,13,2608211621,8,1,6479,-32.0,11.0,1,0,40262
8,SF5 BW250 PA10,14,2608211621,8,1,6531,-32.0,10.0,1,0,36139
8,SF5 BW250 PA10,15,2608211621,8,1,6584,-32.0,11.0,1,0,54427
8,SF5 BW250 PA10,16,2608211621,8,1,6636,-32.0,10.0,1,0,3763
8,SF5 BW250 PA10,17,2608211621,8,1,6688,-32.0,11.0,1,0,22275
8,SF5 BW250 PA10,18,2608211621,8,1,6740,-32.0,10.0,1,0,18286
8,SF5 BW250 PA10,19,2608211621,8,1,6792,-32.0,10.0,1,0,7902
8,SF5 BW250 PA10,20,2608211621,8,1,6844,-32.0,10.0,1,0,40201
8,SF5 BW250 PA10,21,2608211621,8,1,6897,-32.0,9.0,1,0,50361
8,SF5 BW250 PA10,22,2608211621,8,1,6949,-32.0,10.0,1,0,54484
8,SF5 BW250 PA10,23,2608211621,8,1,7001,-32.0,10.0,1,0,36196
8,SF5 BW250 PA10,24,2608211621,8,1,7053,-32.0,10.0,1,0,14822
8,SF5 BW250 PA10,25,2608211621,8,1,7105,-32.0,11.0,1,0,24662
8,SF5 BW250 PA10,26,2608211621,8,1,7158,-32.0,10.0,1,0,28731
8,SF5 BW250 PA10,27,2608211621,8,1,7210,-32.0,10.0,1,0,10635
8,SF5 BW250 PA10,28,2608211621,8,1,7262,-32.0,10.0,1,0,43612
8,SF5 BW250 PA10,29,2608211621,8,1,7314,-32.0,10.0,1,0,62444
8,SF5 BW250 PA10,30,2608211621,8,1,7366,-32.0,10.0,1,0,58241
8,SF5 BW250 PA10,31,2608211621,8,1,7418,-32.0,10.0,1,0,47665
8,SF5 BW250 PA10,32,2608211621,8,1,7471,-32.0,10.0,1,0,48461
8,SF5 BW250 PA10,33,2608211621,8,1,7523,-32.0,10.0,1,0,58621
8,SF5 BW250 PA10,34,2608211621,8,1,7575,-32.0,10.0,1,0,62608
8,SF5 BW250 PA10,35,2608211621,8,1,7627,-32.0,10.0,1,0,44320
8,SF5 BW250 PA10,36,2608211621,8,1,7679,-32.0,10.0,1,0,12023
8,SF5 BW250 PA10,37,2608211621,8,1,7731,-32.0,11.0,1,0,30535
8,SF5 BW250 PA10,38,2608211621,8,1,7784,-32.0,10.0,1,0,26410
8,SF5 BW250 PA10,39,2608211621,8,1,7836,-32.0,11.0,1,0,16026
8,SF5 BW250 PA10,40,2608211621,8,1,7888,-32.0,11.0,1,0,35352
8,SF5 BW250 PA10,41,2608211621,8,1,7940,-32.0,10.0,1,0,54184
8,SF5 BW250 PA10,42,2608211621,8,1,7992,-32.0,10.0,1,0,50117
8,SF5 BW250 PA10,43,2608211621,8,1,8045,-32.0,9.0,1,0,39541
8,SF5 BW250 PA10,44,2608211621,8,1,8097,-32.0,9.0,1,0,6562
8,SF5 BW250 PA10,45,2608211621,8,1,8149,-32.0,10.0,1,0,16402
8,SF5 BW250 PA10,46,2608211621,8,1,8201,-32.0,9.0,1,0,20607
8,SF5 BW250 PA10,47,2608211621,8,1,8253,-32.0,10.0,1,0,2511
8,SF5 BW250 PA10,48,2608211621,8,1,8305,-32.0,10.0,1,0,54247
8,SF5 BW250 PA10,49,2608211621,8,1,8358,-32.0,11.0,1,0,35415
9,SF6 BW250 PA10,0,2608211621,9,1,5834,-32.0,13.0,1,0,24601
9,SF6 BW250 PA10,1,2608211621,9,1,5917,-32.0,13.0,1,0,14761
9,SF6 BW250 PA10,2,2608211621,9,1,6001,-32.0,13.0,1,0,10692
9,SF6 BW250 PA10,3,2608211621,9,1,6085,-32.0,13.0,1,0,28788
9,SF6 BW250 PA10,4,2608211621,9,1,6168,-32.0,13.0,1,0,62371
9,SF6 BW250 PA10,5,2608211621,9,1,6252,-32.0,13.0,1,0,43539
9,SF6 BW250 PA10,6,2608211621,9,1,6335,-32.0,13.0,1,0,47742
9,SF6 BW250 PA10,7,2608211621,9,1,6419,-32.0,13.0,1,0,58318
9,SF6 BW250 PA10,8,2608211621,9,1,6503,-32.0,13.0,1,0,22348
9,SF6 BW250 PA10,9,2608211621,9,1,6586,-32.0,13.0,1,0,3836
9,SF6 BW250 PA10,10,2608211621,9,1,6670,-32.0,13.0,1,0,7825
9,SF6 BW250 PA10,11,2608211621,9,1,6754,-32.0,13.0,1,0,18209
9,SF6 BW250 PA10,12,2608211621,9,1,6837,-32.0,13.0,1,0,50422
9,SF6 BW250 PA10,13,2608211621,9,1,6921,-32.0,13.0,1,0,40262
9,SF6 BW250 PA10,14,2608211621,9,1,7004,-32.0,13.0,1,0,36139
9,SF6 BW250 PA10,15,2608211621,9,1,7088,-32.0,14.0,1,0,54427
9,SF6 BW250 PA10,16,2608211621,9,1,7172,-32.0,14.0,1,0,3763
9,SF6 BW250 PA10,17,2608211621,9,1,7255,-32.0,13.0,1,0,22275
9,SF6 BW250 PA10,18,2608211621,9,1,7339,-32.0,14.0,1,0,18286
9,SF6 BW250 PA10,19,2608211621,9,1,7422,-32.0,13.0,1,0,7902
9,SF6 BW250 PA10,20,2608211621,9,1,7506,-32.0,13.0,1,0,40201
9,SF6 BW250 PA10,21,2608211621,9,1,7590,-32.0,13.0,1,0,50361
9,SF6 BW250 PA10,22,2608211621,9,1,7673,-32.0,13.0,1,0,54484
9,SF6 BW250 PA10,23,2608211621,9,1,7757,-32.0,12.0,1,0,36196
9,SF6 BW250 PA10,24,2608211621,9,1,7840,-32.0,13.0,1,0,14822
9,SF6 BW250 PA10,25,2608211621,9,1,7924,-32.0,13.0,1,0,24662
9,SF6 BW250 PA10,26,2608211621,9,1,8008,-32.0,12.0,1,0,28731
9,SF6 BW250 PA10,27,2608211621,9,1,8091,-32.0,13.0,1,0,10635
9,SF6 BW250 PA10,28,2608211621,9,1,8175,-32.0,13.0,1,0,43612
9,SF6 BW250 PA10,29,2608211621,9,1,8259,-32.0,13.0,1,0,62444
9,SF6 BW250 PA10,30,2608211621,9,1,8342,-32.0,12.0,1,0,58241
9,SF6 BW250 PA10,31,2608211621,9,1,8426,-32.0,12.0,1,0,47665
9,SF6 BW250 PA10,32,2608211621,9,1,8509,-32.0,13.0,1,0,48461
9,SF6 BW250 PA10,33,2608211621,9,1,8593,-32.0,13.0,1,0,58621
9,SF6 BW250 PA10,34,2608211621,9,1,8677,-32.0,13.0,1,0,62608
9,SF6 BW250 PA10,35,2608211621,9,1,8760,-32.0,13.0,1,0,44320
9,SF6 BW250 PA10,36,2608211621,9,1,8844,-32.0,13.0,1,0,12023
9,SF6 BW250 PA10,37,2608211621,9,1,8927,-32.0,13.0,1,0,30535
9,SF6 BW250 PA10,38,2608211621,9,1,9011,-32.0,13.0,1,0,26410
9,SF6 BW250 PA10,39,2608211621,9,1,9095,-32.0,13.0,1,0,16026
9,SF6 BW250 PA10,40,2608211621,9,1,9178,-32.0,12.0,1,0,35352
9,SF6 BW250 PA10,41,2608211621,9,1,9262,-32.0,13.0,1,0,54184
9,SF6 BW250 PA10,42,2608211621,9,1,9346,-32.0,12.0,1,0,50117
9,SF6 BW250 PA10,43,2608211621,9,1,9429,-32.0,13.0,1,0,39541
9,SF6 BW250 PA10,44,2608211621,9,1,9513,-32.0,14.0,1,0,6562
9,SF6 BW250 PA10,45,2608211621,9,1,9596,-32.0,13.0,1,0,16402
9,SF6 BW250 PA10,46,2608211621,9,1,9680,-32.0,14.0,1,0,20607
9,SF6 BW250 PA10,47,2608211621,9,1,9764,-32.0,13.0,1,0,2511
9,SF6 BW250 PA10,48,2608211621,9,1,9847,-32.0,13.0,1,0,54247
9,SF6 BW250 PA10,49,2608211621,9,1,9931,-32.0,13.0,1,0,35415
10,SF7 BW250 PA10,0,2608211621,10,1,5840,-32.0,15.0,1,0,24601
10,SF7 BW250 PA10,1,2608211621,10,1,5978,-32.0,15.0,1,0,14761
10,SF7 BW250 PA10,2,2608211621,10,1,6116,-32.0,15.0,1,0,10692
10,SF7 BW250 PA10,3,2608211621,10,1,6254,-32.0,15.0,1,0,28788
10,SF7 BW250 PA10,4,2608211621,10,1,6392,-32.0,15.0,1,0,62371
10,SF7 BW250 PA10,5,2608211621,10,1,6530,-32.0,15.0,1,0,43539
10,SF7 BW250 PA10,6,2608211621,10,1,6668,-32.0,15.0,1,0,47742
10,SF7 BW250 PA10,7,2608211621,10,1,6806,-32.0,15.0,1,0,58318
10,SF7 BW250 PA10,8,2608211621,10,1,6944,-32.0,15.0,1,0,22348
10,SF7 BW250 PA10,9,2608211621,10,1,7082,-32.0,15.0,1,0,3836
10,SF7 BW250 PA10,10,2608211621,10,1,7220,-32.0,15.0,1,0,7825
10,SF7 BW250 PA10,11,2608211621,10,1,7358,-32.0,15.0,1,0,18209
10,SF7 BW250 PA10,12,2608211621,10,1,7496,-32.0,15.0,1,0,50422
10,SF7 BW250 PA10,13,2608211621,10,1,7634,-32.0,15.0,1,0,40262
10,SF7 BW250 PA10,14,2608211621,10,1,7772,-32.0,15.0,1,0,36139
10,SF7 BW250 PA10,15,2608211621,10,1,7910,-32.0,15.0,1,0,54427
10,SF7 BW250 PA10,16,2608211621,10,1,8048,-32.0,15.0,1,0,3763
10,SF7 BW250 PA10,17,2608211621,10,1,8186,-32.0,15.0,1,0,22275
10,SF7 BW250 PA10,18,2608211621,10,1,8324,-32.0,15.0,1,0,18286
10,SF7 BW250 PA10,19,2608211621,10,1,8462,-32.0,15.0,1,0,7902
10,SF7 BW250 PA10,20,2608211621,10,1,8600,-32.0,15.0,1,0,40201
10,SF7 BW250 PA10,21,2608211621,10,1,8738,-32.0,14.0,1,0,50361
10,SF7 BW250 PA10,22,2608211621,10,1,8876,-32.0,15.0,1,0,54484
10,SF7 BW250 PA10,23,2608211621,10,1,9014,-32.0,16.0,1,0,36196
10,SF7 BW250 PA10,24,2608211621,10,1,9152,-32.0,15.0,1,0,14822
10,SF7 BW250 PA10,25,2608211621,10,1,9290,-32.0,15.0,1,0,24662
10,SF7 BW250 PA10,26,2608211621,10,1,9428,-32.0,15.0,1,0,28731
10,SF7 BW250 PA10,27,2608211621,10,1,9566,-32.0,15.0,1,0,10635
10,SF7 BW250 PA10,28,2608211621,10,1,9704,-32.0,15.0,1,0,43612
10,SF7 BW250 PA10,29,2608211621,10,1,9842,-32.0,16.0,1,0,62444
10,SF7 BW250 PA10,30,2608211621,10,1,9980,-32.0,15.0,1,0,58241
10,SF7 BW250 PA10,31,2608211621,10,1,10118,-32.0,15.0,1,0,47665
10,SF7 BW250 PA10,32,2608211621,10,1,10256,-32.0,15.0,1,0,48461
10,SF7 BW250 PA10,33,2608211621,10,1,10394,-32.0,15.0,1,0,58621
10,SF7 BW250 PA10,34,2608211621,10,1,10532,-32.0,15.0,1,0,62608
10,SF7 BW250 PA10,35,2608211621,10,1,10671,-32.0,15.0,1,0,44320
10,SF7 BW250 PA10,36,2608211621,10,1,10809,-32.0,15.0,1,0,12023
10,SF7 BW250 PA10,37,2608211621,10,1,10947,-32.0,15.0,1,0,30535
10,SF7 BW250 PA10,38,2608211621,10,1,11085,-32.0,15.0,1,0,26410
10,SF7 BW250 PA10,39,2608211621,10,1,11223,-32.0,15.0,1,0,16026
10,SF7 BW250 PA10,40,2608211621,10,1,11361,-32.0,15.0,1,0,35352
10,SF7 BW250 PA10,41,2608211621,10,1,11499,-32.0,15.0,1,0,54184
10,SF7 BW250 PA10,42,2608211621,10,1,11637,-32.0,15.0,1,0,50117
10,SF7 BW250 PA10,43,2608211621,10,1,11775,-32.0,16.0,1,0,39541
10,SF7 BW250 PA10,44,2608211621,10,1,11913,-32.0,15.0,1,0,6562
10,SF7 BW250 PA10,45,2608211621,10,1,12051,-32.0,15.0,1,0,16402
10,SF7 BW250 PA10,46,2608211621,10,1,12189,-32.0,15.0,1,0,20607
10,SF7 BW250 PA10,47,2608211621,10,1,12327,-32.0,15.0,1,0,2511
10,SF7 BW250 PA10,48,2608211621,10,1,12465,-32.0,15.0,1,0,54247
10,SF7 BW250 PA10,49,2608211621,10,1,12603,-32.0,15.0,1,0,35415
11,SF8 BW250 PA10,0,2608211621,11,1,5897,-32.0,17.0,1,0,24601
11,SF8 BW250 PA10,1,2608211621,11,1,6142,-32.0,16.0,1,0,14761
11,SF8 BW250 PA10,2,2608211621,11,1,6388,-32.0,17.0,1,0,10692
11,SF8 BW250 PA10,3,2608211621,11,1,6633,-32.0,17.0,1,0,28788
11,SF8 BW250 PA10,4,2608211621,11,1,6878,-32.0,16.0,1,0,62371
11,SF8 BW250 PA10,5,2608211621,11,1,7124,-32.0,17.0,1,0,43539
11,SF8 BW250 PA10,6,2608211621,11,1,7369,-32.0,16.0,1,0,47742
11,SF8 BW250 PA10,7,2608211621,11,1,7614,-32.0,17.0,1,0,58318
11,SF8 BW250 PA10,8,2608211621,11,1,7860,-32.0,16.0,1,0,22348
11,SF8 BW250 PA10,9,2608211621,11,1,8105,-32.0,17.0,1,0,3836
11,SF8 BW250 PA10,10,2608211621,11,1,8350,-32.0,17.0,1,0,7825
11,SF8 BW250 PA10,11,2608211621,11,1,8595,-32.0,16.0,1,0,18209
11,SF8 BW250 PA10,12,2608211621,11,1,8841,-32.0,17.0,1,0,50422
11,SF8 BW250 PA10,13,2608211621,11,1,9086,-32.0,17.0,1,0,40262
11,SF8 BW250 PA10,14,2608211621,11,1,9331,-32.0,17.0,1,0,36139
11,SF8 BW250 PA10,15,2608211621,11,1,9577,-32.0,16.0,1,0,54427
11,SF8 BW250 PA10,16,2608211621,11,1,9822,-32.0,17.0,1,0,3763
11,SF8 BW250 PA10,17,2608211621,11,1,10067,-32.0,17.0,1,0,22275
11,SF8 BW250 PA10,18,2608211621,11,1,10313,-32.0,17.0,1,0,18286
11,SF8 BW250 PA10,19,2608211621,11,1,10558,-32.0,16.0,1,0,7902
11,SF8 BW250 PA10,20,2608211621,11,1,10803,-32.0,17.0,1,0,40201
11,SF8 BW250 PA10,21,2608211621,11,1,11049,-32.0,17.0,1,0,50361
11,SF8 BW250 PA10,22,2608211621,11,1,11294,-32.0,17.0,1,0,54484
11,SF8 BW250 PA10,23,2608211621,11,1,11539,-32.0,17.0,1,0,36196
11,SF8 BW250 PA10,24,2608211621,11,1,11784,-32.0,17.0,1,0,14822
11,SF8 BW250 PA10,25,2608211621,11,1,12030,-32.0,16.0,1,0,24662
11,SF8 BW250 PA10,26,2608211621,11,1,12275,-32.0,16.0,1,0,28731
11,SF8 BW250 PA10,27,2608211621,11,1,12520,-32.0,17.0,1,0,10635
11,SF8 BW250 PA10,28,2608211621,11,1,12766,-32.0,17.0,1,0,43612
11,SF8 BW250 PA10,29,2608211621,11,1,13011,-32.0,17.0,1,0,62444
11,SF8 BW250 PA10,30,2608211621,11,1,13256,-32.0,16.0,1,0,58241
11,SF8 BW250 PA10,31,2608211621,11,1,13502,-32.0,17.0,1,0,47665
11,SF8 BW250 PA10,32,2608211621,11,1,13747,-32.0,17.0,1,0,48461
11,SF8 BW250 PA10,33,2608211621,11,1,13992,-32.0,17.0,1,0,58621
11,SF8 BW250 PA10,34,2608211621,11,1,14238,-32.0,17.0,1,0,62608
11,SF8 BW250 PA10,35,2608211621,11,1,14483,-32.0,17.0,1,0,44320
11,SF8 BW250 PA10,36,2608211621,11,1,14728,-32.0,16.0,1,0,12023
11,SF8 BW250 PA10,37,2608211621,11,1,14973,-32.0,17.0,1,0,30535
11,SF8 BW250 PA10,38,2608211621,11,1,15219,-32.0,17.0,1,0,26410
11,SF8 BW250 PA10,39,2608211621,11,1,15464,-32.0,17.0,1,0,16026
11,SF8 BW250 PA10,40,2608211621,11,1,15709,-32.0,17.0,1,0,35352
11,SF8 BW250 PA10,41,2608211621,11,1,15955,-32.0,17.0,1,0,54184
11,SF8 BW250 PA10,42,2608211621,11,1,16200,-32.0,17.0,1,0,50117
11,SF8 BW250 PA10,43,2608211621,11,1,16445,-32.0,17.0,1,0,39541
11,SF8 BW250 PA10,44,2608211621,11,1,16691,-32.0,16.0,1,0,6562
11,SF8 BW250 PA10,45,2608211621,11,1,16936,-32.0,17.0,1,0,16402
11,SF8 BW250 PA10,46,2608211621,11,1,17181,-32.0,17.0,1,0,20607
11,SF8 BW250 PA10,47,2608211621,11,1,17427,-32.0,16.0,1,0,2511
11,SF8 BW250 PA10,48,2608211621,11,1,17672,-32.0,17.0,1,0,54247
11,SF8 BW250 PA10,49,2608211621,11,1,17917,-32.0,17.0,1,0,35415
12,SF9 BW250 PA10,0,2608211621,12,1,5977,-32.0,14.0,1,0,24601
12,SF9 BW250 PA10,1,2608211621,12,1,6415,-32.0,14.0,1,0,14761
12,SF9 BW250 PA10,2,2608211621,12,1,6852,-32.0,12.0,1,0,10692
12,SF9 BW250 PA10,3,2608211621,12,1,7289,-32.0,12.0,1,0,28788
12,SF9 BW250 PA10,4,2608211621,12,1,7727,-32.0,14.0,1,0,62371
12,SF9 BW250 PA10,5,2608211621,12,1,8164,-32.0,14.0,1,0,43539
12,SF9 BW250 PA10,6,2608211621,12,1,8601,-32.0,14.0,1,0,47742
12,SF9 BW250 PA10,7,2608211621,12,1,9039,-33.0,14.0,1,0,58318
12,SF9 BW250 PA10,8,2608211621,12,1,9476,-33.0,13.0,1,0,22348
12,SF9 BW250 PA10,9,2608211621,12,1,9914,-32.0,14.0,1,0,3836
12,SF9 BW250 PA10,10,2608211621,12,1,10351,-32.0,14.0,1,0,7825
12,SF9 BW250 PA10,11,2608211621,12,1,10788,-32.0,14.0,1,0,18209
12,SF9 BW250 PA10,12,2608211621,12,1,11226,-32.0,14.0,1,0,50422
12,SF9 BW250 PA10,13,2608211621,12,1,11663,-33.0,13.0,1,0,40262
12,SF9 BW250 PA10,14,2608211621,12,1,12100,-32.0,14.0,1,0,36139
12,SF9 BW250 PA10,15,2608211621,12,1,12538,-32.0,14.0,1,0,54427
12,SF9 BW250 PA10,16,2608211621,12,1,12975,-32.0,14.0,1,0,3763
12,SF9 BW250 PA10,17,2608211621,12,1,13412,-32.0,14.0,1,0,22275
12,SF9 BW250 PA10,18,2608211621,12,1,13850,-32.0,12.0,1,0,18286
12,SF9 BW250 PA10,19,2608211621,12,1,14287,-32.0,12.0,1,0,7902
12,SF9 BW250 PA10,20,2608211621,12,1,14725,-32.0,14.0,1,0,40201
12,SF9 BW250 PA10,21,2608211621,12,1,15162,-32.0,13.0,1,0,50361
12,SF9 BW250 PA10,22,2608211621,12,1,15599,-32.0,14.0,1,0,54484
12,SF9 BW250 PA10,23,2608211621,12,1,16037,-32.0,14.0,1,0,36196
12,SF9 BW250 PA10,24,2608211621,12,1,16474,-32.0,14.0,1,0,14822
12,SF9 BW250 PA10,25,2608211621,12,1,16911,-34.0,13.0,1,0,24662
12,SF9 BW250 PA10,26,2608211621,12,1,17349,-31.0,15.0,1,0,28731
12,SF9 BW250 PA10,27,2608211621,12,1,17786,-32.0,12.0,1,0,10635
12,SF9 BW250 PA10,28,2608211621,12,1,18223,-32.0,14.0,1,0,43612
12,SF9 BW250 PA10,29,2608211621,12,1,18661,-33.0,13.0,1,0,62444
12,SF9 BW250 PA10,30,2608211621,12,1,19098,-32.0,14.0,1,0,58241
12,SF9 BW250 PA10,31,2608211621,12,1,19536,-32.0,12.0,1,0,47665
12,SF9 BW250 PA10,32,2608211621,12,1,19973,-32.0,12.0,1,0,48461
12,SF9 BW250 PA10,33,2608211621,12,1,20410,-32.0,12.0,1,0,58621
12,SF9 BW250 PA10,34,2608211621,12,1,20848,-32.0,14.0,1,0,62608
12,SF9 BW250 PA10,35,2608211621,12,1,21285,-32.0,12.0,1,0,44320
12,SF9 BW250 PA10,36,2608211621,12,1,21722,-32.0,12.0,1,0,12023
12,SF9 BW250 PA10,37,2608211621,12,1,22160,-32.0,14.0,1,0,30535
12,SF9 BW250 PA10,38,2608211621,12,1,22597,-32.0,14.0,1,0,26410
12,SF9 BW250 PA10,39,2608211621,12,1,23034,-32.0,12.0,1,0,16026
12,SF9 BW250 PA10,40,2608211621,12,1,23472,-32.0,14.0,1,0,35352
12,SF9 BW250 PA10,41,2608211621,12,1,23909,-32.0,14.0,1,0,54184
12,SF9 BW250 PA10,42,2608211621,12,1,24347,-32.0,12.0,1,0,50117
12,SF9 BW250 PA10,43,2608211621,12,1,24784,-32.0,12.0,1,0,39541
12,SF9 BW250 PA10,44,2608211621,12,1,25221,-32.0,12.0,1,0,6562
12,SF9 BW250 PA10,45,2608211621,12,1,25659,-32.0,14.0,1,0,16402
12,SF9 BW250 PA10,46,2608211621,12,1,26096,-32.0,14.0,1,0,20607
12,SF9 BW250 PA10,47,2608211621,12,1,26533,-32.0,12.0,1,0,2511
12,SF9 BW250 PA10,48,2608211621,12,1,26971,-32.0,12.0,1,0,54247
12,SF9 BW250 PA10,49,2608211621,12,1,27408,-32.0,12.0,1,0,35415
13,SF10 BW250 PA10,0,2608211621,13,1,6146,-32.0,15.0,1,0,24601
13,SF10 BW250 PA10,1,2608211621,13,1,6922,-32.0,15.0,1,0,14761
13,SF10 BW250 PA10,2,2608211621,13,1,7699,-32.0,15.0,1,0,10692
13,SF10 BW250 PA10,3,2608211621,13,1,8475,-32.0,14.0,1,0,28788
13,SF10 BW250 PA10,4,2608211621,13,1,9252,-32.0,15.0,1,0,62371
13,SF10 BW250 PA10,5,2608211621,13,1,10028,-32.0,15.0,1,0,43539
13,SF10 BW250 PA10,6,2608211621,13,1,10804,-32.0,14.0,1,0,47742
13,SF10 BW250 PA10,7,2608211621,13,1,11581,-33.0,14.0,1,0,58318
13,SF10 BW250 PA10,8,2608211621,13,1,12357,-33.0,14.0,1,0,22348
13,SF10 BW250 PA10,9,2608211621,13,1,13134,-32.0,15.0,1,0,3836
13,SF10 BW250 PA10,10,2608211621,13,1,13910,-32.0,15.0,1,0,7825
13,SF10 BW250 PA10,11,2608211621,13,1,14686,-32.0,15.0,1,0,18209
13,SF10 BW250 PA10,12,2608211621,13,1,15463,-32.0,15.0,1,0,50422
13,SF10 BW250 PA10,13,2608211621,13,1,16239,-32.0,15.0,1,0,40262
13,SF10 BW250 PA10,14,2608211621,13,1,17016,-32.0,15.0,1,0,36139
13,SF10 BW250 PA10,15,2608211621,13,1,17792,-32.0,15.0,1,0,54427
13,SF10 BW250 PA10,16,2608211621,13,1,18569,-32.0,15.0,1,0,3763
13,SF10 BW250 PA10,17,2608211621,13,1,19345,-33.0,14.0,1,0,22275
13,SF10 BW250 PA10,18,2608211621,13,1,20121,-32.0,15.0,1,0,18286
13,SF10 BW250 PA10,19,2608211621,13,1,20898,-32.0,15.0,1,0,7902
13,SF10 BW250 PA10,20,2608211621,13,1,21674,-32.0,14.0,1,0,40201
13,SF10 BW250 PA10,21,2608211621,13,1,22451,-32.0,15.0,1,0,50361
13,SF10 BW250 PA10,22,2608211621,13,1,23227,-32.0,14.0,1,0,54484
13,SF10 BW250 PA10,23,2608211621,13,1,24003,-32.0,15.0,1,0,36196
13,SF10 BW250 PA10,24,2608211621,13,1,24780,-32.0,14.0,1,0,14822
13,SF10 BW250 PA10,25,2608211621,13,1,25556,-32.0,14.0,1,0,24662
13,SF10 BW250 PA10,26,2608211621,13,1,26333,-32.0,14.0,1,0,28731
13,SF10 BW250 PA10,27,2608211621,13,1,27109,-33.0,15.0,1,0,10635
13,SF10 BW250 PA10,28,2608211621,13,1,27885,-32.0,14.0,1,0,43612
13,SF10 BW250 PA10,29,2608211621,13,1,28662,-32.0,14.0,1,0,62444
13,SF10 BW250 PA10,30,2608211621,13,1,29438,-32.0,15.0,1,0,58241
13,SF10 BW250 PA10,31,2608211621,13,1,30215,-32.0,14.0,1,0,47665
13,SF10 BW250 PA10,32,2608211621,13,1,30991,-33.0,14.0,1,0,48461
13,SF10 BW250 PA10,33,2608211621,13,1,31768,-33.0,14.0,1,0,58621
13,SF10 BW250 PA10,34,2608211621,13,1,32544,-33.0,14.0,1,0,62608
13,SF10 BW250 PA10,35,2608211621,13,1,33320,-33.0,14.0,1,0,44320
13,SF10 BW250 PA10,36,2608211621,13,1,34097,-32.0,15.0,1,0,12023
13,SF10 BW250 PA10,37,2608211621,13,1,34873,-32.0,15.0,1,0,30535
13,SF10 BW250 PA10,38,2608211621,13,1,35650,-33.0,14.0,1,0,26410
13,SF10 BW250 PA10,39,2608211621,13,1,36426,-33.0,14.0,1,0,16026
13,SF10 BW250 PA10,40,2608211621,13,1,37202,-33.0,14.0,1,0,35352
13,SF10 BW250 PA10,41,2608211621,13,1,37979,-33.0,14.0,1,0,54184
13,SF10 BW250 PA10,42,2608211621,13,1,38755,-32.0,15.0,1,0,50117
13,SF10 BW250 PA10,43,2608211621,13,1,39532,-32.0,14.0,1,0,39541
13,SF10 BW250 PA10,44,2608211621,13,1,40308,-32.0,14.0,1,0,6562
13,SF10 BW250 PA10,45,2608211621,13,1,41084,-32.0,14.0,1,0,16402
13,SF10 BW250 PA10,46,2608211621,13,1,41861,-32.0,15.0,1,0,20607
13,SF10 BW250 PA10,47,2608211621,13,1,42637,-32.0,15.0,1,0,2511
13,SF10 BW250 PA10,48,2608211621,13,1,43414,-32.0,15.0,1,0,54247
13,SF10 BW250 PA10,49,2608211621,13,1,44190,-32.0,14.0,1,0,35415
14,SF11 BW250 PA10,0,2608211621,14,1,6418,-32.0,11.0,1,0,24601
14,SF11 BW250 PA10,1,2608211621,14,1,7873,-32.0,11.0,1,0,14761
14,SF11 BW250 PA10,2,2608211621,14,1,9327,-32.0,11.0,1,0,10692
14,SF11 BW250 PA10,3,2608211621,14,1,10782,-32.0,11.0,1,0,28788
14,SF11 BW250 PA10,4,2608211621,14,1,12236,-32.0,11.0,1,0,62371
14,SF11 BW250 PA10,5,2608211621,14,1,13691,-32.0,11.0,1,0,43539
14,SF11 BW250 PA10,6,2608211621,14,1,15145,-32.0,11.0,1,0,47742
14,SF11 BW250 PA10,7,2608211621,14,1,16600,-32.0,11.0,1,0,58318
14,SF11 BW250 PA10,8,2608211621,14,1,18054,-32.0,11.0,1,0,22348
14,SF11 BW250 PA10,9,2608211621,14,1,19509,-32.0,11.0,1,0,3836
14,SF11 BW250 PA10,10,2608211621,14,1,20963,-32.0,11.0,1,0,7825
14,SF11 BW250 PA10,11,2608211621,14,1,22418,-32.0,11.0,1,0,18209
14,SF11 BW250 PA10,12,2608211621,14,1,23872,-32.0,11.0,1,0,50422
14,SF11 BW250 PA10,13,2608211621,14,1,25327,-32.0,11.0,1,0,40262
14,SF11 BW250 PA10,14,2608211621,14,1,26781,-33.0,10.0,1,0,36139
14,SF11 BW250 PA10,15,2608211621,14,1,28236,-32.0,11.0,1,0,54427
14,SF11 BW250 PA10,16,2608211621,14,1,29690,-32.0,11.0,1,0,3763
14,SF11 BW250 PA10,17,2608211621,14,1,31145,-32.0,11.0,1,0,22275
14,SF11 BW250 PA10,18,2608211621,14,1,32599,-32.0,11.0,1,0,18286
14,SF11 BW250 PA10,19,2608211621,14,1,34054,-32.0,11.0,1,0,7902
14,SF11 BW250 PA10,20,2608211621,14,1,35508,-32.0,11.0,1,0,40201
14,SF11 BW250 PA10,21,2608211621,14,1,36963,-32.0,11.0,1,0,50361
14,SF11 BW250 PA10,22,2608211621,14,1,38417,-32.0,11.0,1,0,54484
14,SF11 BW250 PA10,23,2608211621,14,1,39872,-32.0,11.0,1,0,36196
14,SF11 BW250 PA10,24,2608211621,14,1,41326,-32.0,10.0,1,0,14822
14,SF11 BW250 PA10,25,2608211621,14,1,42781,-32.0,11.0,1,0,24662
14,SF11 BW250 PA10,26,2608211621,14,1,44235,-32.0,10.0,1,0,28731
14,SF11 BW250 PA10,27,2608211621,14,1,45690,-32.0,11.0,1,0,10635
14,SF11 BW250 PA10,28,2608211621,14,1,47144,-33.0,10.0,1,0,43612
14,SF11 BW250 PA10,29,2608211621,14,1,48599,-32.0,11.0,1,0,62444
14,SF11 BW250 PA10,30,2608211621,14,1,50053,-32.0,11.0,1,0,58241
14,SF11 BW250 PA10,31,2608211621,14,1,51508,-32.0,11.0,1,0,47665
14,SF11 BW250 PA10,32,2608211621,14,1,52962,-32.0,11.0,1,0,48461
14,SF11 BW250 PA10,33,2608211621,14,1,54417,-32.0,11.0,1,0,58621
14,SF11 BW250 PA10,34,2608211621,14,1,55871,-32.0,11.0,1,0,62608
14,SF11 BW250 PA10,35,2608211621,14,1,57326,-32.0,11.0,1,0,44320
14,SF11 BW250 PA10,36,2608211621,14,1,58780,-32.0,11.0,1,0,12023
14,SF11 BW250 PA10,37,2608211621,14,1,60235,-32.0,11.0,1,0,30535
14,SF11 BW250 PA10,38,2608211621,14,1,61689,-32.0,11.0,1,0,26410
14,SF11 BW250 PA10,39,2608211621,14,1,63144,-32.0,11.0,1,0,16026
14,SF11 BW250 PA10,40,2608211621,14,1,64598,-32.0,11.0,1,0,35352
14,SF11 BW250 PA10,41,2608211621,14,1,66053,-32.0,10.0,1,0,54184
14,SF11 BW250 PA10,42,2608211621,14,1,67507,-32.0,11.0,1,0,50117
14,SF11 BW250 PA10,43,2608211621,14,1,68962,-32.0,11.0,1,0,39541
14,SF11 BW250 PA10,44,2608211621,14,1,70416,-32.0,11.0,1,0,6562
14,SF11 BW250 PA10,45,2608211621,14,1,71871,-32.0,11.0,1,0,16402
14,SF11 BW250 PA10,46,2608211621,14,1,73325,-32.0,11.0,1,0,20607
14,SF11 BW250 PA10,47,2608211621,14,1,74780,-32.0,11.0,1,0,2511
14,SF11 BW250 PA10,48,2608211621,14,1,76234,-33.0,11.0,1,0,54247
14,SF11 BW250 PA10,49,2608211621,14,1,77689,-32.0,10.0,1,0,35415
15,SF12 BW250 PA10,0,2608211621,15,1,7020,-32.0,14.0,1,0,24601
15,SF12 BW250 PA10,1,2608211621,15,1,9741,-32.0,14.0,1,0,14761
15,SF12 BW250 PA10,2,2608211621,15,1,12461,-32.0,14.0,1,0,10692
15,SF12 BW250 PA10,3,2608211621,15,1,15182,-32.0,14.0,1,0,28788
15,SF12 BW250 PA10,4,2608211621,15,1,17903,-32.0,14.0,1,0,62371
15,SF12 BW250 PA10,5,2608211621,15,1,20623,-32.0,13.0,1,0,43539
15,SF12 BW250 PA10,6,2608211621,15,1,23344,-32.0,14.0,1,0,47742
15,SF12 BW250 PA10,7,2608211621,15,1,26064,-32.0,14.0,1,0,58318
15,SF12 BW250 PA10,8,2608211621,15,1,28785,-32.0,13.0,1,0,22348
15,SF12 BW250 PA10,9,2608211621,15,1,31506,-32.0,14.0,1,0,3836
15,SF12 BW250 PA10,10,2608211621,15,1,34226,-32.0,14.0,1,0,7825
15,SF12 BW250 PA10,11,2608211621,15,1,36947,-32.0,14.0,1,0,18209
15,SF12 BW250 PA10,12,2608211621,15,1,39667,-32.0,14.0,1,0,50422
15,SF12 BW250 PA10,13,2608211621,15,1,42388,-32.0,13.0,1,0,40262
15,SF12 BW250 PA10,14,2608211621,15,1,45108,-32.0,12.0,1,0,36139
15,SF12 BW250 PA10,15,2608211621,15,1,47829,-32.0,13.0,1,0,54427
15,SF12 BW250 PA10,16,2608211621,15,1,50550,-32.0,13.0,1,0,3763
15,SF12 BW250 PA10,17,2608211621,15,1,53270,-32.0,14.0,1,0,22275
15,SF12 BW250 PA10,18,2608211621,15,1,55991,-32.0,14.0,1,0,18286
15,SF12 BW250 PA10,19,2608211621,15,1,58711,-32.0,13.0,1,0,7902
15,SF12 BW250 PA10,20,2608211621,15,1,61432,-32.0,14.0,1,0,40201
15,SF12 BW250 PA10,21,2608211621,15,1,64153,-32.0,13.0,1,0,50361
15,SF12 BW250 PA10,22,2608211621,15,1,66873,-32.0,13.0,1,0,54484
15,SF12 BW250 PA10,23,2608211621,15,1,69594,-32.0,12.0,1,0,36196
15,SF12 BW250 PA10,24,2608211621,15,1,72314,-32.0,14.0,1,0,14822
15,SF12 BW250 PA10,25,2608211621,15,1,75035,-32.0,13.0,1,0,24662
15,SF12 BW250 PA10,26,2608211621,15,1,77756,-32.0,14.0,1,0,28731
15,SF12 BW250 PA10,27,2608211621,15,1,80476,-32.0,14.0,1,0,10635
15,SF12 BW250 PA10,28,2608211621,15,1,83197,-32.0,14.0,1,0,43612
15,SF12 BW250 PA10,29,2608211621,15,1,85917,-32.0,14.0,1,0,62444
15,SF12 BW250 PA10,30,2608211621,15,1,88638,-32.0,13.0,1,0,58241
15,SF12 BW250 PA10,31,2608211621,15,1,91358,-32.0,14.0,1,0,47665
15,SF12 BW250 PA10,32,2608211621,15,1,94079,-32.0,13.0,1,0,48461
15,SF12 BW250 PA10,33,2608211621,15,1,96800,-32.0,13.0,1,0,58621
15,SF12 BW250 PA10,34,2608211621,15,1,99520,-32.0,14.0,1,0,62608
15,SF12 BW250 PA10,35,2608211621,15,1,102241,-32.0,14.0,1,0,44320
15,SF12 BW250 PA10,36,2608211621,15,1,104961,-32.0,13.0,1,0,12023
15,SF12 BW250 PA10,37,2608211621,15,1,107682,-32.0,13.0,1,0,30535
15,SF12 BW250 PA10,38,2608211621,15,1,110403,-32.0,13.0,1,0,26410
15,SF12 BW250 PA10,39,2608211621,15,1,113123,-32.0,14.0,1,0,16026
15,SF12 BW250 PA10,40,2608211621,15,1,115844,-32.0,13.0,1,0,35352
15,SF12 BW250 PA10,41,2608211621,15,1,118564,-32.0,14.0,1,0,54184
15,SF12 BW250 PA10,42,2608211621,15,1,121285,-32.0,13.0,1,0,50117
15,SF12 BW250 PA10,43,2608211621,15,1,124006,-32.0,14.0,1,0,39541
15,SF12 BW250 PA10,44,2608211621,15,1,126726,-32.0,14.0,1,0,6562
15,SF12 BW250 PA10,45,2608211621,15,1,129447,-32.0,12.0,1,0,16402
15,SF12 BW250 PA10,46,2608211621,15,1,132167,-32.0,13.0,1,0,20607
15,SF12 BW250 PA10,47,2608211621,15,1,134888,-32.0,14.0,1,0,2511
15,SF12 BW250 PA10,48,2608211621,15,1,137608,-32.0,14.0,1,0,54247
15,SF12 BW250 PA10,49,2608211621,15,1,140329,-32.0,14.0,1,0,35415
16,SF5 BW500 PA10,0,2608211621,16,1,5790,-32.0,10.0,1,0,24601
16,SF5 BW500 PA10,1,2608211621,16,1,5820,-32.0,11.0,1,0,14761
16,SF5 BW500 PA10,2,2608211621,16,1,5850,-32.0,10.0,1,0,10692
16,SF5 BW500 PA10,3,2608211621,16,1,5880,-32.0,10.0,1,0,28788
16,SF5 BW500 PA10,4,2608211621,16,1,5911,-32.0,10.0,1,0,62371
16,SF5 BW500 PA10,5,2608211621,16,1,5941,-32.0,10.0,1,0,43539
16,SF5 BW500 PA10,6,2608211621,16,1,5971,-32.0,10.0,1,0,47742
16,SF5 BW500 PA10,7,2608211621,16,1,6001,-32.0,10.0,1,0,58318
16,SF5 BW500 PA10,8,2608211621,16,1,6031,-32.0,11.0,1,0,22348
16,SF5 BW500 PA10,9,2608211621,16,1,6061,-32.0,10.0,1,0,3836
16,SF5 BW500 PA10,10,2608211621,16,1,6092,-32.0,10.0,1,0,7825
16,SF5 BW500 PA10,11,2608211621,16,1,6122,-32.0,9.0,1,0,18209
16,SF5 BW500 PA10,12,2608211621,16,1,6152,-32.0,10.0,1,0,50422
16,SF5 BW500 PA10,13,2608211621,16,1,6182,-32.0,10.0,1,0,40262
16,SF5 BW500 PA10,14,2608211621,16,1,6212,-32.0,10.0,1,0,36139
16,SF5 BW500 PA10,15,2608211621,16,1,6243,-32.0,10.0,1,0,54427
16,SF5 BW500 PA10,16,2608211621,16,1,6273,-32.0,10.0,1,0,3763
16,SF5 BW500 PA10,17,2608211621,16,1,6303,-32.0,10.0,1,0,22275
16,SF5 BW500 PA10,18,2608211621,16,1,6333,-32.0,10.0,1,0,18286
16,SF5 BW500 PA10,19,2608211621,16,1,6363,-32.0,10.0,1,0,7902
16,SF5 BW500 PA10,20,2608211621,16,1,6394,-32.0,10.0,1,0,40201
16,SF5 BW500 PA10,21,2608211621,16,1,6424,-32.0,9.0,1,0,50361
16,SF5 BW500 PA10,22,2608211621,16,1,6454,-32.0,10.0,1,0,54484
16,SF5 BW500 PA10,23,2608211621,16,1,6484,-32.0,10.0,1,0,36196
16,SF5 BW500 PA10,24,2608211621,16,1,6514,-32.0,10.0,1,0,14822
16,SF5 BW500 PA10,25,2608211621,16,1,6545,-32.0,10.0,1,0,24662
16,SF5 BW500 PA10,26,2608211621,16,1,6575,-32.0,10.0,1,0,28731
16,SF5 BW500 PA10,27,2608211621,16,1,6605,-32.0,10.0,1,0,10635
16,SF5 BW500 PA10,28,2608211621,16,1,6635,-32.0,10.0,1,0,43612
16,SF5 BW500 PA10,29,2608211621,16,1,6665,-32.0,10.0,1,0,62444
16,SF5 BW500 PA10,30,2608211621,16,1,6696,-32.0,10.0,1,0,58241
16,SF5 BW500 PA10,31,2608211621,16,1,6726,-32.0,10.0,1,0,47665
16,SF5 BW500 PA10,32,2608211621,16,1,6756,-32.0,10.0,1,0,48461
16,SF5 BW500 PA10,33,2608211621,16,1,6786,-32.0,10.0,1,0,58621
16,SF5 BW500 PA10,34,2608211621,16,1,6816,-32.0,10.0,1,0,62608
16,SF5 BW500 PA10,35,2608211621,16,1,6847,-32.0,10.0,1,0,44320
16,SF5 BW500 PA10,36,2608211621,16,1,6877,-32.0,10.0,1,0,12023
16,SF5 BW500 PA10,37,2608211621,16,1,6907,-32.0,10.0,1,0,30535
16,SF5 BW500 PA10,38,2608211621,16,1,6937,-32.0,10.0,1,0,26410
16,SF5 BW500 PA10,39,2608211621,16,1,6967,-32.0,11.0,1,0,16026
16,SF5 BW500 PA10,40,2608211621,16,1,6997,-32.0,10.0,1,0,35352
16,SF5 BW500 PA10,41,2608211621,16,1,7028,-32.0,10.0,1,0,54184
16,SF5 BW500 PA10,42,2608211621,16,1,7058,-32.0,10.0,1,0,50117
16,SF5 BW500 PA10,43,2608211621,16,1,7088,-32.0,9.0,1,0,39541
16,SF5 BW500 PA10,44,2608211621,16,1,7118,-32.0,9.0,1,0,6562
16,SF5 BW500 PA10,45,2608211621,16,1,7148,-32.0,10.0,1,0,16402
16,SF5 BW500 PA10,46,2608211621,16,1,7179,-32.0,10.0,1,0,20607
16,SF5 BW500 PA10,47,2608211621,16,1,7209,-32.0,10.0,1,0,2511
16,SF5 BW500 PA10,48,2608211621,16,1,7239,-32.0,10.0,1,0,54247
16,SF5 BW500 PA10,49,2608211621,16,1,7269,-32.0,11.0,1,0,35415
17,SF6 BW500 PA10,0,2608211621,17,1,5809,-32.0,13.0,1,0,24601
17,SF6 BW500 PA10,1,2608211621,17,1,5855,-32.0,13.0,1,0,14761
17,SF6 BW500 PA10,2,2608211621,17,1,5901,-32.0,13.0,1,0,10692
17,SF6 BW500 PA10,3,2608211621,17,1,5947,-32.0,13.0,1,0,28788
17,SF6 BW500 PA10,4,2608211621,17,1,5993,-32.0,13.0,1,0,62371
17,SF6 BW500 PA10,5,2608211621,17,1,6039,-32.0,13.0,1,0,43539
17,SF6 BW500 PA10,6,2608211621,17,1,6084,-32.0,13.0,1,0,47742
17,SF6 BW500 PA10,7,2608211621,17,1,6130,-32.0,13.0,1,0,58318
17,SF6 BW500 PA10,8,2608211621,17,1,6176,-32.0,13.0,1,0,22348
17,SF6 BW500 PA10,9,2608211621,17,1,6222,-32.0,13.0,1,0,3836
17,SF6 BW500 PA10,10,2608211621,17,1,6268,-32.0,13.0,1,0,7825
17,SF6 BW500 PA10,11,2608211621,17,1,6314,-32.0,13.0,1,0,18209
17,SF6 BW500 PA10,12,2608211621,17,1,6360,-32.0,13.0,1,0,50422
17,SF6 BW500 PA10,13,2608211621,17,1,6406,-32.0,13.0,1,0,40262
17,SF6 BW500 PA10,14,2608211621,17,1,6452,-32.0,13.0,1,0,36139
17,SF6 BW500 PA10,15,2608211621,17,1,6498,-32.0,13.0,1,0,54427
17,SF6 BW500 PA10,16,2608211621,17,1,6544,-32.0,13.0,1,0,3763
17,SF6 BW500 PA10,17,2608211621,17,1,6590,-32.0,13.0,1,0,22275
17,SF6 BW500 PA10,18,2608211621,17,1,6635,-32.0,13.0,1,0,18286
17,SF6 BW500 PA10,19,2608211621,17,1,6681,-32.0,13.0,1,0,7902
17,SF6 BW500 PA10,20,2608211621,17,1,6727,-32.0,13.0,1,0,40201
17,SF6 BW500 PA10,21,2608211621,17,1,6773,-32.0,13.0,1,0,50361
17,SF6 BW500 PA10,22,2608211621,17,1,6819,-32.0,13.0,1,0,54484
17,SF6 BW500 PA10,23,2608211621,17,1,6865,-32.0,12.0,1,0,36196
17,SF6 BW500 PA10,24,2608211621,17,1,6911,-32.0,13.0,1,0,14822
17,SF6 BW500 PA10,25,2608211621,17,1,6957,-32.0,13.0,1,0,24662
17,SF6 BW500 PA10,26,2608211621,17,1,7003,-32.0,13.0,1,0,28731
17,SF6 BW500 PA10,27,2608211621,17,1,7049,-32.0,13.0,1,0,10635
17,SF6 BW500 PA10,28,2608211621,17,1,7095,-32.0,13.0,1,0,43612
17,SF6 BW500 PA10,29,2608211621,17,1,7140,-32.0,13.0,1,0,62444
17,SF6 BW500 PA10,30,2608211621,17,1,7186,-32.0,12.0,1,0,58241
17,SF6 BW500 PA10,31,2608211621,17,1,7232,-32.0,12.0,1,0,47665
17,SF6 BW500 PA10,32,2608211621,17,1,7278,-32.0,13.0,1,0,48461
17,SF6 BW500 PA10,33,2608211621,17,1,7324,-32.0,13.0,1,0,58621
17,SF6 BW500 PA10,34,2608211621,17,1,7370,-32.0,13.0,1,0,62608
17,SF6 BW500 PA10,35,2608211621,17,1,7416,-32.0,13.0,1,0,44320
17,SF6 BW500 PA10,36,2608211621,17,1,7462,-32.0,13.0,1,0,12023
17,SF6 BW500 PA10,37,2608211621,17,1,7508,-32.0,13.0,1,0,30535
17,SF6 BW500 PA10,38,2608211621,17,1,7554,-32.0,12.0,1,0,26410
17,SF6 BW500 PA10,39,2608211621,17,1,7600,-32.0,13.0,1,0,16026
17,SF6 BW500 PA10,40,2608211621,17,1,7645,-32.0,12.0,1,0,35352
17,SF6 BW500 PA10,41,2608211621,17,1,7691,-32.0,13.0,1,0,54184
17,SF6 BW500 PA10,42,2608211621,17,1,7737,-32.0,12.0,1,0,50117
17,SF6 BW500 PA10,43,2608211621,17,1,7783,-32.0,13.0,1,0,39541
17,SF6 BW500 PA10,44,2608211621,17,1,7829,-32.0,13.0,1,0,6562
17,SF6 BW500 PA10,45,2608211621,17,1,7875,-32.0,13.0,1,0,16402
17,SF6 BW500 PA10,46,2608211621,17,1,7921,-32.0,14.0,1,0,20607
17,SF6 BW500 PA10,47,2608211621,17,1,7967,-32.0,13.0,1,0,2511
17,SF6 BW500 PA10,48,2608211621,17,1,8013,-32.0,13.0,1,0,54247
17,SF6 BW500 PA10,49,2608211621,17,1,8059,-32.0,13.0,1,0,35415
18,SF7 BW500 PA10,0,2608211621,18,1,5805,-32.0,15.0,1,0,24601
18,SF7 BW500 PA10,1,2608211621,18,1,5878,-32.0,15.0,1,0,14761
18,SF7 BW500 PA10,2,2608211621,18,1,5952,-32.0,15.0,1,0,10692
18,SF7 BW500 PA10,3,2608211621,18,1,6025,-32.0,14.0,1,0,28788
18,SF7 BW500 PA10,4,2608211621,18,1,6098,-32.0,15.0,1,0,62371
18,SF7 BW500 PA10,5,2608211621,18,1,6171,-32.0,15.0,1,0,43539
18,SF7 BW500 PA10,6,2608211621,18,1,6244,-32.0,15.0,1,0,47742
18,SF7 BW500 PA10,7,2608211621,18,1,6317,-32.0,15.0,1,0,58318
18,SF7 BW500 PA10,8,2608211621,18,1,6390,-32.0,15.0,1,0,22348
18,SF7 BW500 PA10,9,2608211621,18,1,6463,-32.0,15.0,1,0,3836
18,SF7 BW500 PA10,10,2608211621,18,1,6536,-32.0,15.0,1,0,7825
18,SF7 BW500 PA10,11,2608211621,18,1,6610,-32.0,15.0,1,0,18209
18,SF7 BW500 PA10,12,2608211621,18,1,6683,-32.0,15.0,1,0,50422
18,SF7 BW500 PA10,13,2608211621,18,1,6756,-32.0,15.0,1,0,40262
18,SF7 BW500 PA10,14,2608211621,18,1,6829,-32.0,15.0,1,0,36139
18,SF7 BW500 PA10,15,2608211621,18,1,6902,-32.0,15.0,1,0,54427
18,SF7 BW500 PA10,16,2608211621,18,1,6975,-32.0,15.0,1,0,3763
18,SF7 BW500 PA10,17,2608211621,18,1,7048,-32.0,15.0,1,0,22275
18,SF7 BW500 PA10,18,2608211621,18,1,7121,-32.0,15.0,1,0,18286
18,SF7 BW500 PA10,19,2608211621,18,1,7195,-32.0,15.0,1,0,7902
18,SF7 BW500 PA10,20,2608211621,18,1,7268,-32.0,15.0,1,0,40201
18,SF7 BW500 PA10,21,2608211621,18,1,7341,-32.0,15.0,1,0,50361
18,SF7 BW500 PA10,22,2608211621,18,1,7414,-32.0,15.0,1,0,54484
18,SF7 BW500 PA10,23,2608211621,18,1,7487,-32.0,16.0,1,0,36196
18,SF7 BW500 PA10,24,2608211621,18,1,7560,-32.0,15.0,1,0,14822
18,SF7 BW500 PA10,25,2608211621,18,1,7633,-32.0,15.0,1,0,24662
18,SF7 BW500 PA10,26,2608211621,18,1,7706,-32.0,15.0,1,0,28731
18,SF7 BW500 PA10,27,2608211621,18,1,7780,-32.0,15.0,1,0,10635
18,SF7 BW500 PA10,28,2608211621,18,1,7853,-32.0,15.0,1,0,43612
18,SF7 BW500 PA10,29,2608211621,18,1,7926,-32.0,15.0,1,0,62444
18,SF7 BW500 PA10,30,2608211621,18,1,7999,-32.0,15.0,1,0,58241
18,SF7 BW500 PA10,31,2608211621,18,1,8072,-32.0,15.0,1,0,47665
18,SF7 BW500 PA10,32,2608211621,18,1,8145,-32.0,15.0,1,0,48461
18,SF7 BW500 PA10,33,2608211621,18,1,8218,-32.0,15.0,1,0,58621
18,SF7 BW500 PA10,34,2608211621,18,1,8291,-32.0,15.0,1,0,62608
18,SF7 BW500 PA10,35,2608211621,18,1,8364,-32.0,15.0,1,0,44320
18,SF7 BW500 PA10,36,2608211621,18,1,8438,-32.0,15.0,1,0,12023
18,SF7 BW500 PA10,37,2608211621,18,1,8511,-32.0,15.0,1,0,30535
18,SF7 BW500 PA10,38,2608211621,18,1,8584,-32.0,15.0,1,0,26410
18,SF7 BW500 PA10,39,2608211621,18,1,8657,-32.0,15.0,1,0,16026
18,SF7 BW500 PA10,40,2608211621,18,1,8730,-32.0,15.0,1,0,35352
18,SF7 BW500 PA10,41,2608211621,18,1,8803,-32.0,15.0,1,0,54184
18,SF7 BW500 PA10,42,2608211621,18,1,8876,-32.0,15.0,1,0,50117
18,SF7 BW500 PA10,43,2608211621,18,1,8949,-32.0,16.0,1,0,39541
18,SF7 BW500 PA10,44,2608211621,18,1,9023,-32.0,15.0,1,0,6562
18,SF7 BW500 PA10,45,2608211621,18,1,9096,-32.0,15.0,1,0,16402
18,SF7 BW500 PA10,46,2608211621,18,1,9169,-32.0,16.0,1,0,20607
18,SF7 BW500 PA10,47,2608211621,18,1,9242,-32.0,15.0,1,0,2511
18,SF7 BW500 PA10,48,2608211621,18,1,9315,-32.0,15.0,1,0,54247
18,SF7 BW500 PA10,49,2608211621,18,1,9388,-32.0,15.0,1,0,35415
19,SF8 BW500 PA10,0,2608211621,19,1,5835,-32.0,16.0,1,0,24601
19,SF8 BW500 PA10,1,2608211621,19,1,5962,-32.0,16.0,1,0,14761
19,SF8 BW500 PA10,2,2608211621,19,1,6088,-32.0,16.0,1,0,10692
19,SF8 BW500 PA10,3,2608211621,19,1,6215,-32.0,16.0,1,0,28788
19,SF8 BW500 PA10,4,2608211621,19,1,6342,-32.0,16.0,1,0,62371
19,SF8 BW500 PA10,5,2608211621,19,1,6469,-32.0,16.0,1,0,43539
19,SF8 BW500 PA10,6,2608211621,19,1,6595,-32.0,16.0,1,0,47742
19,SF8 BW500 PA10,7,2608211621,19,1,6722,-32.0,16.0,1,0,58318
19,SF8 BW500 PA10,8,2608211621,19,1,6849,-31.0,15.0,1,0,22348
19,SF8 BW500 PA10,9,2608211621,19,1,6976,-31.0,15.0,1,0,3836
19,SF8 BW500 PA10,10,2608211621,19,1,7102,-32.0,15.0,1,0,7825
19,SF8 BW500 PA10,11,2608211621,19,1,7229,-32.0,16.0,1,0,18209
19,SF8 BW500 PA10,12,2608211621,19,1,7356,-33.0,16.0,1,0,50422
19,SF8 BW500 PA10,13,2608211621,19,1,7483,-33.0,16.0,1,0,40262
19,SF8 BW500 PA10,14,2608211621,19,1,7610,-33.0,16.0,1,0,36139
19,SF8 BW500 PA10,15,2608211621,19,1,7736,-33.0,15.0,1,0,54427
19,SF8 BW500 PA10,16,2608211621,19,1,7863,-33.0,16.0,1,0,3763
19,SF8 BW500 PA10,17,2608211621,19,1,7990,-33.0,16.0,1,0,22275
19,SF8 BW500 PA10,18,2608211621,19,1,8117,-36.0,16.0,1,0,18286
19,SF8 BW500 PA10,19,2608211621,19,1,8243,-33.0,16.0,1,0,7902
19,SF8 BW500 PA10,20,2608211621,19,1,8370,-32.0,16.0,1,0,40201
19,SF8 BW500 PA10,21,2608211621,19,1,8497,-33.0,16.0,1,0,50361
19,SF8 BW500 PA10,22,2608211621,19,1,8624,-33.0,15.0,1,0,54484
19,SF8 BW500 PA10,23,2608211621,19,1,8750,-32.0,16.0,1,0,36196
19,SF8 BW500 PA10,24,2608211621,19,1,8877,-34.0,15.0,1,0,14822
19,SF8 BW500 PA10,25,2608211621,19,1,9004,-34.0,15.0,1,0,24662
19,SF8 BW500 PA10,26,2608211621,19,1,9131,-33.0,16.0,1,0,28731
19,SF8 BW500 PA10,27,2608211621,19,1,9258,-34.0,15.0,1,0,10635
19,SF8 BW500 PA10,28,2608211621,19,1,9384,-33.0,16.0,1,0,43612
19,SF8 BW500 PA10,29,2608211621,19,1,9511,-33.0,16.0,1,0,62444
19,SF8 BW500 PA10,30,2608211621,19,1,9638,-33.0,16.0,1,0,58241
19,SF8 BW500 PA10,31,2608211621,19,1,9765,-33.0,16.0,1,0,47665
19,SF8 BW500 PA10,32,2608211621,19,1,9891,-33.0,16.0,1,0,48461
19,SF8 BW500 PA10,33,2608211621,19,1,10018,-34.0,15.0,1,0,58621
19,SF8 BW500 PA10,34,2608211621,19,1,10145,-34.0,15.0,1,0,62608
19,SF8 BW500 PA10,35,2608211621,19,1,10272,-33.0,16.0,1,0,44320
19,SF8 BW500 PA10,36,2608211621,19,1,10398,-34.0,15.0,1,0,12023
19,SF8 BW500 PA10,37,2608211621,19,1,10525,-33.0,15.0,1,0,30535
19,SF8 BW500 PA10,38,2608211621,19,1,10652,-33.0,16.0,1,0,26410
19,SF8 BW500 PA10,39,2608211621,19,1,10779,-34.0,15.0,1,0,16026
19,SF8 BW500 PA10,40,2608211621,19,1,10905,-34.0,15.0,1,0,35352
19,SF8 BW500 PA10,41,2608211621,19,1,11032,-33.0,16.0,1,0,54184
19,SF8 BW500 PA10,42,2608211621,19,1,11159,-34.0,15.0,1,0,50117
19,SF8 BW500 PA10,43,2608211621,19,1,11286,-34.0,15.0,1,0,39541
19,SF8 BW500 PA10,44,2608211621,19,1,11413,-34.0,15.0,1,0,6562
19,SF8 BW500 PA10,45,2608211621,19,1,11539,-34.0,15.0,1,0,16402
19,SF8 BW500 PA10,46,2608211621,19,1,11666,-34.0,15.0,1,0,20607
19,SF8 BW500 PA10,47,2608211621,19,1,11793,-33.0,15.0,1,0,2511
19,SF8 BW500 PA10,48,2608211621,19,1,11920,-33.0,16.0,1,0,54247
19,SF8 BW500 PA10,49,2608211621,19,1,12046,-34.0,15.0,1,0,35415
20,SF9 BW500 PA10,0,2608211621,20,1,5882,-33.0,13.0,1,0,24601
20,SF9 BW500 PA10,1,2608211621,20,1,6105,-33.0,13.0,1,0,14761
20,SF9 BW500 PA10,2,2608211621,20,1,6327,-33.0,13.0,1,0,10692
20,SF9 BW500 PA10,3,2608211621,20,1,6550,-34.0,12.0,1,0,28788
20,SF9 BW500 PA10,4,2608211621,20,1,6773,-34.0,12.0,1,0,62371
20,SF9 BW500 PA10,5,2608211621,20,1,6996,-34.0,12.0,1,0,43539
20,SF9 BW500 PA10,6,2608211621,20,1,7219,-34.0,12.0,1,0,47742
20,SF9 BW500 PA10,7,2608211621,20,1,7441,-34.0,12.0,1,0,58318
20,SF9 BW500 PA10,8,2608211621,20,1,7664,-33.0,13.0,1,0,22348
20,SF9 BW500 PA10,9,2608211621,20,1,7887,-34.0,12.0,1,0,3836
20,SF9 BW500 PA10,10,2608211621,20,1,8110,-34.0,12.0,1,0,7825
20,SF9 BW500 PA10,11,2608211621,20,1,8332,-34.0,12.0,1,0,18209
20,SF9 BW500 PA10,12,2608211621,20,1,8555,-34.0,12.0,1,0,50422
20,SF9 BW500 PA10,13,2608211621,20,1,8778,-34.0,12.0,1,0,40262
20,SF9 BW500 PA10,14,2608211621,20,1,9001,-34.0,12.0,1,0,36139
20,SF9 BW500 PA10,15,2608211621,20,1,9224,-34.0,12.0,1,0,54427
20,SF9 BW500 PA10,16,2608211621,20,1,9446,-33.0,13.0,1,0,3763
20,SF9 BW500 PA10,17,2608211621,20,1,9669,-33.0,13.0,1,0,22275
20,SF9 BW500 PA10,18,2608211621,20,1,9892,-33.0,13.0,1,0,18286
20,SF9 BW500 PA10,19,2608211621,20,1,10115,-33.0,13.0,1,0,7902
20,SF9 BW500 PA10,20,2608211621,20,1,10338,-33.0,13.0,1,0,40201
20,SF9 BW500 PA10,21,2608211621,20,1,10560,-33.0,13.0,1,0,50361
20,SF9 BW500 PA10,22,2608211621,20,1,10783,-33.0,13.0,1,0,54484
20,SF9 BW500 PA10,23,2608211621,20,1,11006,-33.0,13.0,1,0,36196
20,SF9 BW500 PA10,24,2608211621,20,1,11229,-33.0,13.0,1,0,14822
20,SF9 BW500 PA10,25,2608211621,20,1,11452,-33.0,13.0,1,0,24662
20,SF9 BW500 PA10,26,2608211621,20,1,11674,-33.0,13.0,1,0,28731
20,SF9 BW500 PA10,27,2608211621,20,1,11897,-33.0,13.0,1,0,10635
20,SF9 BW500 PA10,28,2608211621,20,1,12120,-34.0,13.0,1,0,43612
20,SF9 BW500 PA10,29,2608211621,20,1,12343,-33.0,13.0,1,0,62444
20,SF9 BW500 PA10,30,2608211621,20,1,12566,-33.0,13.0,1,0,58241
20,SF9 BW500 PA10,31,2608211621,20,1,12788,-33.0,13.0,1,0,47665
20,SF9 BW500 PA10,32,2608211621,20,1,13011,-33.0,13.0,1,0,48461
20,SF9 BW500 PA10,33,2608211621,20,1,13234,-33.0,13.0,1,0,58621
20,SF9 BW500 PA10,34,2608211621,20,1,13457,-33.0,13.0,1,0,62608
20,SF9 BW500 PA10,35,2608211621,20,1,13680,-33.0,13.0,1,0,44320
20,SF9 BW500 PA10,36,2608211621,20,1,13902,-33.0,13.0,1,0,12023
20,SF9 BW500 PA10,37,2608211621,20,1,14125,-33.0,13.0,1,0,30535
20,SF9 BW500 PA10,38,2608211621,20,1,14348,-33.0,13.0,1,0,26410
20,SF9 BW500 PA10,39,2608211621,20,1,14571,-33.0,13.0,1,0,16026
20,SF9 BW500 PA10,40,2608211621,20,1,14794,-33.0,13.0,1,0,35352
20,SF9 BW500 PA10,41,2608211621,20,1,15016,-33.0,13.0,1,0,54184
20,SF9 BW500 PA10,42,2608211621,20,1,15239,-33.0,13.0,1,0,50117
20,SF9 BW500 PA10,43,2608211621,20,1,15462,-33.0,13.0,1,0,39541
20,SF9 BW500 PA10,44,2608211621,20,1,15685,-33.0,13.0,1,0,6562
20,SF9 BW500 PA10,45,2608211621,20,1,15908,-33.0,13.0,1,0,16402
20,SF9 BW500 PA10,46,2608211621,20,1,16130,-33.0,13.0,1,0,20607
20,SF9 BW500 PA10,47,2608211621,20,1,16353,-33.0,13.0,1,0,2511
20,SF9 BW500 PA10,48,2608211621,20,1,16576,-33.0,13.0,1,0,54247
20,SF9 BW500 PA10,49,2608211621,20,1,16799,-33.0,13.0,1,0,35415
21,SF10 BW500 PA10,0,2608211621,21,1,5957,-34.0,15.0,1,0,24601
21,SF10 BW500 PA10,1,2608211621,21,1,6349,-34.0,12.0,1,0,14761
21,SF10 BW500 PA10,2,2608211621,21,1,6741,-34.0,12.0,1,0,10692
21,SF10 BW500 PA10,3,2608211621,21,1,7134,-34.0,12.0,1,0,28788
21,SF10 BW500 PA10,4,2608211621,21,1,7526,-34.0,13.0,1,0,62371
21,SF10 BW500 PA10,5,2608211621,21,1,7918,-34.0,13.0,1,0,43539
21,SF10 BW500 PA10,6,2608211621,21,1,8310,-34.0,13.0,1,0,47742
21,SF10 BW500 PA10,7,2608211621,21,1,8703,-34.0,13.0,1,0,58318
21,SF10 BW500 PA10,8,2608211621,21,1,9095,-33.0,13.0,1,0,22348
21,SF10 BW500 PA10,9,2608211621,21,1,9487,-33.0,13.0,1,0,3836
21,SF10 BW500 PA10,10,2608211621,21,1,9880,-33.0,13.0,1,0,7825
21,SF10 BW500 PA10,11,2608211621,21,1,10272,-33.0,13.0,1,0,18209
21,SF10 BW500 PA10,12,2608211621,21,1,10664,-34.0,13.0,1,0,50422
21,SF10 BW500 PA10,13,2608211621,21,1,11057,-33.0,13.0,1,0,40262
21,SF10 BW500 PA10,14,2608211621,21,1,11449,-33.0,13.0,1,0,36139
21,SF10 BW500 PA10,15,2608211621,21,1,11841,-33.0,13.0,1,0,54427
21,SF10 BW500 PA10,16,2608211621,21,1,12234,-33.0,13.0,1,0,3763
21,SF10 BW500 PA10,17,2608211621,21,1,12626,-33.0,13.0,1,0,22275
21,SF10 BW500 PA10,18,2608211621,21,1,13018,-34.0,13.0,1,0,18286
21,SF10 BW500 PA10,19,2608211621,21,1,13410,-33.0,13.0,1,0,7902
21,SF10 BW500 PA10,20,2608211621,21,1,13803,-34.0,13.0,1,0,40201
21,SF10 BW500 PA10,21,2608211621,21,1,14195,-34.0,12.0,1,0,50361
21,SF10 BW500 PA10,22,2608211621,21,1,14587,-34.0,13.0,1,0,54484
21,SF10 BW500 PA10,23,2608211621,21,1,14980,-34.0,13.0,1,0,36196
21,SF10 BW500 PA10,24,2608211621,21,1,15372,-33.0,13.0,1,0,14822
21,SF10 BW500 PA10,25,2608211621,21,1,15764,-34.0,13.0,1,0,24662
21,SF10 BW500 PA10,26,2608211621,21,1,16157,-34.0,13.0,1,0,28731
21,SF10 BW500 PA10,27,2608211621,21,1,16549,-34.0,13.0,1,0,10635
21,SF10 BW500 PA10,28,2608211621,21,1,16941,-34.0,13.0,1,0,43612
21,SF10 BW500 PA10,29,2608211621,21,1,17334,-33.0,13.0,1,0,62444
21,SF10 BW500 PA10,30,2608211621,21,1,17726,-34.0,13.0,1,0,58241
21,SF10 BW500 PA10,31,2608211621,21,1,18118,-34.0,13.0,1,0,47665
21,SF10 BW500 PA10,32,2608211621,21,1,18510,-34.0,13.0,1,0,48461
21,SF10 BW500 PA10,33,2608211621,21,1,18903,-34.0,13.0,1,0,58621
21,SF10 BW500 PA10,34,2608211621,21,1,19295,-33.0,13.0,1,0,62608
21,SF10 BW500 PA10,35,2608211621,21,1,19687,-34.0,13.0,1,0,44320
21,SF10 BW500 PA10,36,2608211621,21,1,20080,-34.0,13.0,1,0,12023
21,SF10 BW500 PA10,37,2608211621,21,1,20472,-34.0,13.0,1,0,30535
21,SF10 BW500 PA10,38,2608211621,21,1,20864,-34.0,13.0,1,0,26410
21,SF10 BW500 PA10,39,2608211621,21,1,21257,-34.0,13.0,1,0,16026
21,SF10 BW500 PA10,40,2608211621,21,1,21649,-34.0,13.0,1,0,35352
21,SF10 BW500 PA10,41,2608211621,21,1,22041,-34.0,13.0,1,0,54184
21,SF10 BW500 PA10,42,2608211621,21,1,22434,-34.0,13.0,1,0,50117
21,SF10 BW500 PA10,43,2608211621,21,1,22826,-33.0,13.0,1,0,39541
21,SF10 BW500 PA10,44,2608211621,21,1,23218,-34.0,13.0,1,0,6562
21,SF10 BW500 PA10,45,2608211621,21,1,23610,-34.0,12.0,1,0,16402
21,SF10 BW500 PA10,46,2608211621,21,1,24003,-34.0,13.0,1,0,20607
21,SF10 BW500 PA10,47,2608211621,21,1,24395,-34.0,13.0,1,0,2511
21,SF10 BW500 PA10,48,2608211621,21,1,24787,-34.0,13.0,1,0,54247
21,SF10 BW500 PA10,49,2608211621,21,1,25180,-34.0,12.0,1,0,35415
22,SF11 BW500 PA10,0,2608211621,22,1,6115,-34.0,9.0,1,0,24601
22,SF11 BW500 PA10,1,2608211621,22,1,6846,-33.0,9.0,1,0,14761
22,SF11 BW500 PA10,2,2608211621,22,1,7578,-33.0,9.0,1,0,10692
22,SF11 BW500 PA10,3,2608211621,22,1,8309,-33.0,9.0,1,0,28788
22,SF11 BW500 PA10,4,2608211621,22,1,9040,-33.0,9.0,1,0,62371
22,SF11 BW500 PA10,5,2608211621,22,1,9772,-33.0,9.0,1,0,43539
22,SF11 BW500 PA10,6,2608211621,22,1,10503,-34.0,8.0,1,0,47742
22,SF11 BW500 PA10,7,2608211621,22,1,11234,-34.0,9.0,1,0,58318
22,SF11 BW500 PA10,8,2608211621,22,1,11966,-34.0,9.0,1,0,22348
22,SF11 BW500 PA10,9,2608211621,22,1,12697,-34.0,9.0,1,0,3836
22,SF11 BW500 PA10,10,2608211621,22,1,13428,-34.0,9.0,1,0,7825
22,SF11 BW500 PA10,11,2608211621,22,1,14160,-34.0,9.0,1,0,18209
22,SF11 BW500 PA10,12,2608211621,22,1,14891,-34.0,9.0,1,0,50422
22,SF11 BW500 PA10,13,2608211621,22,1,15623,-34.0,9.0,1,0,40262
22,SF11 BW500 PA10,14,2608211621,22,1,16354,-34.0,8.0,1,0,36139
22,SF11 BW500 PA10,15,2608211621,22,1,17085,-34.0,9.0,1,0,54427
22,SF11 BW500 PA10,16,2608211621,22,1,17817,-34.0,9.0,1,0,3763
22,SF11 BW500 PA10,17,2608211621,22,1,18548,-34.0,9.0,1,0,22275
22,SF11 BW500 PA10,18,2608211621,22,1,19279,-34.0,8.0,1,0,18286
22,SF11 BW500 PA10,19,2608211621,22,1,20011,-34.0,8.0,1,0,7902
22,SF11 BW500 PA10,20,2608211621,22,1,20742,-34.0,9.0,1,0,40201
22,SF11 BW500 PA10,21,2608211621,22,1,21473,-34.0,8.0,1,0,50361
22,SF11 BW500 PA10,22,2608211621,22,1,22205,-33.0,9.0,1,0,54484
22,SF11 BW500 PA10,23,2608211621,22,1,22936,-34.0,9.0,1,0,36196
22,SF11 BW500 PA10,24,2608211621,22,1,23668,-33.0,9.0,1,0,14822
22,SF11 BW500 PA10,25,2608211621,22,1,24399,-34.0,9.0,1,0,24662
22,SF11 BW500 PA10,26,2608211621,22,1,25130,-34.0,9.0,1,0,28731
22,SF11 BW500 PA10,27,2608211621,22,1,25862,-34.0,9.0,1,0,10635
22,SF11 BW500 PA10,28,2608211621,22,1,26593,-34.0,9.0,1,0,43612
22,SF11 BW500 PA10,29,2608211621,22,1,27324,-34.0,8.0,1,0,62444
22,SF11 BW500 PA10,30,2608211621,22,1,28056,-34.0,9.0,1,0,58241
22,SF11 BW500 PA10,31,2608211621,22,1,28787,-34.0,8.0,1,0,47665
22,SF11 BW500 PA10,32,2608211621,22,1,29518,-34.0,8.0,1,0,48461
22,SF11 BW500 PA10,33,2608211621,22,1,30250,-34.0,9.0,1,0,58621
22,SF11 BW500 PA10,34,2608211621,22,1,30981,-34.0,9.0,1,0,62608
22,SF11 BW500 PA10,35,2608211621,22,1,31713,-34.0,9.0,1,0,44320
22,SF11 BW500 PA10,36,2608211621,22,1,32444,-34.0,8.0,1,0,12023
22,SF11 BW500 PA10,37,2608211621,22,1,33175,-34.0,8.0,1,0,30535
22,SF11 BW500 PA10,38,2608211621,22,1,33907,-34.0,9.0,1,0,26410
22,SF11 BW500 PA10,39,2608211621,22,1,34638,-34.0,9.0,1,0,16026
22,SF11 BW500 PA10,40,2608211621,22,1,35369,-34.0,9.0,1,0,35352
22,SF11 BW500 PA10,41,2608211621,22,1,36101,-34.0,9.0,1,0,54184
22,SF11 BW500 PA10,42,2608211621,22,1,36832,-34.0,9.0,1,0,50117
22,SF11 BW500 PA10,43,2608211621,22,1,37563,-34.0,9.0,1,0,39541
22,SF11 BW500 PA10,44,2608211621,22,1,38295,-34.0,9.0,1,0,6562
22,SF11 BW500 PA10,45,2608211621,22,1,39026,-34.0,9.0,1,0,16402
22,SF11 BW500 PA10,46,2608211621,22,1,39758,-34.0,9.0,1,0,20607
22,SF11 BW500 PA10,47,2608211621,22,1,40489,-34.0,9.0,1,0,2511
22,SF11 BW500 PA10,48,2608211621,22,1,41220,-34.0,9.0,1,0,54247
22,SF11 BW500 PA10,49,2608211621,22,1,41952,-34.0,9.0,1,0,35415
23,SF12 BW500 PA10,0,2608211621,23,1,6401,-34.0,10.0,1,0,24601
23,SF12 BW500 PA10,1,2608211621,23,1,7766,-34.0,10.0,1,0,14761
23,SF12 BW500 PA10,2,2608211621,23,1,9130,-34.0,10.0,1,0,10692
23,SF12 BW500 PA10,3,2608211621,23,1,10495,-34.0,10.0,1,0,28788
23,SF12 BW500 PA10,4,2608211621,23,1,11859,-34.0,10.0,1,0,62371
23,SF12 BW500 PA10,5,2608211621,23,1,13223,-34.0,10.0,1,0,43539
23,SF12 BW500 PA10,6,2608211621,23,1,14588,-34.0,10.0,1,0,47742
23,SF12 BW500 PA10,7,2608211621,23,1,15952,-34.0,10.0,1,0,58318
23,SF12 BW500 PA10,8,2608211621,23,1,17317,-34.0,10.0,1,0,22348
23,SF12 BW500 PA10,9,2608211621,23,1,18681,-34.0,10.0,1,0,3836
23,SF12 BW500 PA10,10,2608211621,23,1,20045,-34.0,10.0,1,0,7825
23,SF12 BW500 PA10,11,2608211621,23,1,21410,-34.0,10.0,1,0,18209
23,SF12 BW500 PA10,12,2608211621,23,1,22774,-34.0,10.0,1,0,50422
23,SF12 BW500 PA10,13,2608211621,23,1,24139,-34.0,10.0,1,0,40262
23,SF12 BW500 PA10,14,2608211621,23,1,25503,-34.0,10.0,1,0,36139
23,SF12 BW500 PA10,15,2608211621,23,1,26867,-34.0,10.0,1,0,54427
23,SF12 BW500 PA10,16,2608211621,23,1,28232,-34.0,10.0,1,0,3763
23,SF12 BW500 PA10,17,2608211621,23,1,29596,-34.0,10.0,1,0,22275
23,SF12 BW500 PA10,18,2608211621,23,1,30961,-34.0,10.0,1,0,18286
23,SF12 BW500 PA10,19,2608211621,23,1,32325,-34.0,10.0,1,0,7902
23,SF12 BW500 PA10,20,2608211621,23,1,33689,-34.0,10.0,1,0,40201
23,SF12 BW500 PA10,21,2608211621,23,1,35054,-34.0,10.0,1,0,50361
23,SF12 BW500 PA10,22,2608211621,23,1,36418,-34.0,10.0,1,0,54484
23,SF12 BW500 PA10,23,2608211621,23,1,37783,-34.0,10.0,1,0,36196
23,SF12 BW500 PA10,24,2608211621,23,1,39147,-34.0,10.0,1,0,14822
23,SF12 BW500 PA10,25,2608211621,23,1,40511,-34.0,10.0,1,0,24662
23,SF12 BW500 PA10,26,2608211621,23,1,41876,-34.0,10.0,1,0,28731
23,SF12 BW500 PA10,27,2608211621,23,1,43240,-34.0,10.0,1,0,10635
23,SF12 BW500 PA10,28,2608211621,23,1,44605,-34.0,10.0,1,0,43612
23,SF12 BW500 PA10,29,2608211621,23,1,45969,-34.0,10.0,1,0,62444
23,SF12 BW500 PA10,30,2608211621,23,1,47333,-34.0,10.0,1,0,58241
23,SF12 BW500 PA10,31,2608211621,23,1,48698,-34.0,10.0,1,0,47665
23,SF12 BW500 PA10,32,2608211621,23,1,50062,-34.0,10.0,1,0,48461
23,SF12 BW500 PA10,33,2608211621,23,1,51427,-34.0,10.0,1,0,58621
23,SF12 BW500 PA10,34,2608211621,23,1,52791,-34.0,10.0,1,0,62608
23,SF12 BW500 PA10,35,2608211621,23,1,54155,-34.0,10.0,1,0,44320
23,SF12 BW500 PA10,36,2608211621,23,1,55520,-34.0,10.0,1,0,12023
23,SF12 BW500 PA10,37,2608211621,23,1,56884,-33.0,11.0,1,0,30535
23,SF12 BW500 PA10,38,2608211621,23,1,58249,-34.0,10.0,1,0,26410
23,SF12 BW500 PA10,39,2608211621,23,1,59613,-34.0,10.0,1,0,16026
23,SF12 BW500 PA10,40,2608211621,23,1,60977,-33.0,11.0,1,0,35352
23,SF12 BW500 PA10,41,2608211621,23,1,62342,-33.0,10.0,1,0,54184
23,SF12 BW500 PA10,42,2608211621,23,1,63706,-33.0,10.0,1,0,50117
23,SF12 BW500 PA10,43,2608211621,23,1,65071,-33.0,10.0,1,0,39541
23,SF12 BW500 PA10,44,2608211621,23,1,66435,-33.0,10.0,1,0,6562
23,SF12 BW500 PA10,45,2608211621,23,1,67799,-33.0,11.0,1,0,16402
23,SF12 BW500 PA10,46,2608211621,23,1,69164,-34.0,11.0,1,0,20607
23,SF12 BW500 PA10,47,2608211621,23,1,70528,-34.0,10.0,1,0,2511
23,SF12 BW500 PA10,48,2608211621,23,1,71893,-34.0,10.0,1,0,54247
23,SF12 BW500 PA10,49,2608211621,23,1,73257,-34.0,10.0,1,0,35415
24,SF8 BW125 PA0,0,2608211621,24,1,5997,-44.0,16.0,1,0,24601
24,SF8 BW125 PA0,1,2608211621,24,1,6479,-44.0,17.0,1,0,14761
24,SF8 BW125 PA0,2,2608211621,24,1,6962,-44.0,17.0,1,0,10692
24,SF8 BW125 PA0,3,2608211621,24,1,7444,-44.0,17.0,1,0,28788
24,SF8 BW125 PA0,4,2608211621,24,1,7926,-44.0,16.0,1,0,62371
24,SF8 BW125 PA0,5,2608211621,24,1,8409,-44.0,16.0,1,0,43539
24,SF8 BW125 PA0,6,2608211621,24,1,8891,-44.0,17.0,1,0,47742
24,SF8 BW125 PA0,7,2608211621,24,1,9374,-44.0,17.0,1,0,58318
24,SF8 BW125 PA0,8,2608211621,24,1,9856,-43.0,17.0,1,0,22348
24,SF8 BW125 PA0,9,2608211621,24,1,10339,-44.0,17.0,1,0,3836
24,SF8 BW125 PA0,10,2608211621,24,1,10821,-44.0,17.0,1,0,7825
24,SF8 BW125 PA0,11,2608211621,24,1,11303,-44.0,17.0,1,0,18209
24,SF8 BW125 PA0,12,2608211621,24,1,11786,-43.0,17.0,1,0,50422
24,SF8 BW125 PA0,13,2608211621,24,1,12268,-44.0,17.0,1,0,40262
24,SF8 BW125 PA0,14,2608211621,24,1,12751,-44.0,16.0,1,0,36139
24,SF8 BW125 PA0,15,2608211621,24,1,13233,-44.0,17.0,1,0,54427
24,SF8 BW125 PA0,16,2608211621,24,1,13715,-44.0,17.0,1,0,3763
24,SF8 BW125 PA0,17,2608211621,24,1,14198,-44.0,16.0,1,0,22275
24,SF8 BW125 PA0,18,2608211621,24,1,14680,-44.0,17.0,1,0,18286
24,SF8 BW125 PA0,19,2608211621,24,1,15163,-44.0,17.0,1,0,7902
24,SF8 BW125 PA0,20,2608211621,24,1,15645,-44.0,16.0,1,0,40201
24,SF8 BW125 PA0,21,2608211621,24,1,16128,-44.0,17.0,1,0,50361
24,SF8 BW125 PA0,22,2608211621,24,1,16610,-44.0,17.0,1,0,54484
24,SF8 BW125 PA0,23,2608211621,24,1,17092,-44.0,17.0,1,0,36196
24,SF8 BW125 PA0,24,2608211621,24,1,17575,-44.0,17.0,1,0,14822
24,SF8 BW125 PA0,25,2608211621,24,1,18057,-44.0,17.0,1,0,24662
24,SF8 BW125 PA0,26,2608211621,24,1,18540,-44.0,17.0,1,0,28731
24,SF8 BW125 PA0,27,2608211621,24,1,19022,-44.0,15.0,1,0,10635
24,SF8 BW125 PA0,28,2608211621,24,1,19504,-43.0,17.0,1,0,43612
24,SF8 BW125 PA0,29,2608211621,24,1,19987,-44.0,16.0,1,0,62444
24,SF8 BW125 PA0,30,2608211621,24,1,20469,-44.0,17.0,1,0,58241
24,SF8 BW125 PA0,31,2608211621,24,1,20952,-44.0,16.0,1,0,47665
24,SF8 BW125 PA0,32,2608211621,24,1,21434,-44.0,17.0,1,0,48461
24,SF8 BW125 PA0,33,2608211621,24,1,21917,-44.0,17.0,1,0,58621
24,SF8 BW125 PA0,34,2608211621,24,1,22399,-44.0,17.0,1,0,62608
24,SF8 BW125 PA0,35,2608211621,24,1,22881,-44.0,16.0,1,0,44320
24,SF8 BW125 PA0,36,2608211621,24,1,23364,-44.0,16.0,1,0,12023
24,SF8 BW125 PA0,37,2608211621,24,1,23846,-44.0,16.0,1,0,30535
24,SF8 BW125 PA0,38,2608211621,24,1,24329,-44.0,17.0,1,0,26410
24,SF8 BW125 PA0,39,2608211621,24,1,24811,-44.0,16.0,1,0,16026
24,SF8 BW125 PA0,40,2608211621,24,1,25293,-44.0,16.0,1,0,35352
24,SF8 BW125 PA0,41,2608211621,24,1,25776,-44.0,17.0,1,0,54184
24,SF8 BW125 PA0,42,2608211621,24,1,26258,-44.0,16.0,1,0,50117
24,SF8 BW125 PA0,43,2608211621,24,1,26741,-44.0,17.0,1,0,39541
24,SF8 BW125 PA0,44,2608211621,24,1,27223,-44.0,16.0,1,0,6562
24,SF8 BW125 PA0,45,2608211621,24,1,27706,-44.0,16.0,1,0,16402
24,SF8 BW125 PA0,46,2608211621,24,1,28188,-44.0,17.0,1,0,20607
24,SF8 BW125 PA0,47,2608211621,24,1,28670,-44.0,16.0,1,0,2511
24,SF8 BW125 PA0,48,2608211621,24,1,29153,-44.0,14.0,1,0,54247
24,SF8 BW125 PA0,49,2608211621,24,1,29635,-44.0,16.0,1,0,35415
25,SF8 BW125 PA3,0,2608211621,25,1,6017,-41.0,17.0,1,0,24601
25,SF8 BW125 PA3,1,2608211621,25,1,6500,-41.0,16.0,1,0,14761
25,SF8 BW125 PA3,2,2608211621,25,1,6982,-41.0,16.0,1,0,10692
25,SF8 BW125 PA3,3,2608211621,25,1,7465,-41.0,16.0,1,0,28788
25,SF8 BW125 PA3,4,2608211621,25,1,7947,-41.0,16.0,1,0,62371
25,SF8 BW125 PA3,5,2608211621,25,1,8430,-41.0,17.0,1,0,43539
25,SF8 BW125 PA3,6,2608211621,25,1,8912,-41.0,17.0,1,0,47742
25,SF8 BW125 PA3,7,2608211621,25,1,9394,-41.0,17.0,1,0,58318
25,SF8 BW125 PA3,8,2608211621,25,1,9877,-41.0,17.0,1,0,22348
25,SF8 BW125 PA3,9,2608211621,25,1,10359,-41.0,17.0,1,0,3836
25,SF8 BW125 PA3,10,2608211621,25,1,10842,-41.0,17.0,1,0,7825
25,SF8 BW125 PA3,11,2608211621,25,1,11324,-41.0,16.0,1,0,18209
25,SF8 BW125 PA3,12,2608211621,25,1,11806,-41.0,17.0,1,0,50422
25,SF8 BW125 PA3,13,2608211621,25,1,12289,-41.0,17.0,1,0,40262
25,SF8 BW125 PA3,14,2608211621,25,1,12771,-41.0,16.0,1,0,36139
25,SF8 BW125 PA3,15,2608211621,25,1,13254,-41.0,16.0,1,0,54427
25,SF8 BW125 PA3,16,2608211621,25,1,13736,-41.0,17.0,1,0,3763
25,SF8 BW125 PA3,17,2608211621,25,1,14219,-41.0,16.0,1,0,22275
25,SF8 BW125 PA3,18,2608211621,25,1,14701,-41.0,17.0,1,0,18286
25,SF8 BW125 PA3,19,2608211621,25,1,15183,-41.0,16.0,1,0,7902
25,SF8 BW125 PA3,20,2608211621,25,1,15666,-41.0,17.0,1,0,40201
25,SF8 BW125 PA3,21,2608211621,25,1,16148,-41.0,16.0,1,0,50361
25,SF8 BW125 PA3,22,2608211621,25,1,16631,-41.0,16.0,1,0,54484
25,SF8 BW125 PA3,23,2608211621,25,1,17113,-41.0,16.0,1,0,36196
25,SF8 BW125 PA3,24,2608211621,25,1,17595,-41.0,17.0,1,0,14822
25,SF8 BW125 PA3,25,2608211621,25,1,18078,-41.0,17.0,1,0,24662
25,SF8 BW125 PA3,26,2608211621,25,1,18560,-41.0,16.0,1,0,28731
25,SF8 BW125 PA3,27,2608211621,25,1,19043,-41.0,16.0,1,0,10635
25,SF8 BW125 PA3,28,2608211621,25,1,19525,-41.0,17.0,1,0,43612
25,SF8 BW125 PA3,29,2608211621,25,1,20008,-41.0,17.0,1,0,62444
25,SF8 BW125 PA3,30,2608211621,25,1,20490,-41.0,16.0,1,0,58241
25,SF8 BW125 PA3,31,2608211621,25,1,20972,-41.0,16.0,1,0,47665
25,SF8 BW125 PA3,32,2608211621,25,1,21455,-41.0,17.0,1,0,48461
25,SF8 BW125 PA3,33,2608211621,25,1,21937,-41.0,17.0,1,0,58621
25,SF8 BW125 PA3,34,2608211621,25,1,22420,-41.0,17.0,1,0,62608
25,SF8 BW125 PA3,35,2608211621,25,1,22902,-41.0,16.0,1,0,44320
25,SF8 BW125 PA3,36,2608211621,25,1,23384,-41.0,16.0,1,0,12023
25,SF8 BW125 PA3,37,2608211621,25,1,23867,-41.0,17.0,1,0,30535
25,SF8 BW125 PA3,38,2608211621,25,1,24349,-41.0,17.0,1,0,26410
25,SF8 BW125 PA3,39,2608211621,25,1,24832,-41.0,17.0,1,0,16026
25,SF8 BW125 PA3,40,2608211621,25,1,25314,-41.0,16.0,1,0,35352
25,SF8 BW125 PA3,41,2608211621,25,1,25797,-41.0,17.0,1,0,54184
25,SF8 BW125 PA3,42,2608211621,25,1,26279,-41.0,16.0,1,0,50117
25,SF8 BW125 PA3,43,2608211621,25,1,26761,-41.0,17.0,1,0,39541
25,SF8 BW125 PA3,44,2608211621,25,1,27244,-41.0,17.0,1,0,6562
25,SF8 BW125 PA3,45,2608211621,25,1,27726,-41.0,16.0,1,0,16402
25,SF8 BW125 PA3,46,2608211621,25,1,28209,-41.0,16.0,1,0,20607
25,SF8 BW125 PA3,47,2608211621,25,1,28691,-41.0,16.0,1,0,2511
25,SF8 BW125 PA3,48,2608211621,25,1,29173,-41.0,17.0,1,0,54247
25,SF8 BW125 PA3,49,2608211621,25,1,29656,-41.0,17.0,1,0,35415
26,SF8 BW125 PA6,0,2608211621,26,1,5997,-37.0,17.0,1,0,24601
26,SF8 BW125 PA6,1,2608211621,26,1,6480,-38.0,17.0,1,0,14761
26,SF8 BW125 PA6,2,2608211621,26,1,6962,-38.0,17.0,1,0,10692
26,SF8 BW125 PA6,3,2608211621,26,1,7445,-37.0,17.0,1,0,28788
26,SF8 BW125 PA6,4,2608211621,26,1,7927,-37.0,17.0,1,0,62371
26,SF8 BW125 PA6,5,2608211621,26,1,8409,-37.0,17.0,1,0,43539
26,SF8 BW125 PA6,6,2608211621,26,1,8892,-37.0,17.0,1,0,47742
26,SF8 BW125 PA6,7,2608211621,26,1,9374,-38.0,17.0,1,0,58318
26,SF8 BW125 PA6,8,2608211621,26,1,9857,-37.0,17.0,1,0,22348
26,SF8 BW125 PA6,9,2608211621,26,1,10339,-38.0,17.0,1,0,3836
26,SF8 BW125 PA6,10,2608211621,26,1,10822,-38.0,17.0,1,0,7825
26,SF8 BW125 PA6,11,2608211621,26,1,11304,-38.0,17.0,1,0,18209
26,SF8 BW125 PA6,12,2608211621,26,1,11786,-38.0,17.0,1,0,50422
26,SF8 BW125 PA6,13,2608211621,26,1,12269,-38.0,17.0,1,0,40262
26,SF8 BW125 PA6,14,2608211621,26,1,12751,-38.0,17.0,1,0,36139
26,SF8 BW125 PA6,15,2608211621,26,1,13234,-38.0,17.0,1,0,54427
26,SF8 BW125 PA6,16,2608211621,26,1,13716,-38.0,17.0,1,0,3763
26,SF8 BW125 PA6,17,2608211621,26,1,14198,-38.0,17.0,1,0,22275
26,SF8 BW125 PA6,18,2608211621,26,1,14681,-38.0,17.0,1,0,18286
26,SF8 BW125 PA6,19,2608211621,26,1,15163,-37.0,17.0,1,0,7902
26,SF8 BW125 PA6,20,2608211621,26,1,15646,-38.0,17.0,1,0,40201
26,SF8 BW125 PA6,21,2608211621,26,1,16128,-38.0,17.0,1,0,50361
26,SF8 BW125 PA6,22,2608211621,26,1,16611,-38.0,17.0,1,0,54484
26,SF8 BW125 PA6,23,2608211621,26,1,17093,-38.0,17.0,1,0,36196
26,SF8 BW125 PA6,24,2608211621,26,1,17575,-38.0,17.0,1,0,14822
26,SF8 BW125 PA6,25,2608211621,26,1,18058,-38.0,16.0,1,0,24662
26,SF8 BW125 PA6,26,2608211621,26,1,18540,-38.0,16.0,1,0,28731
26,SF8 BW125 PA6,27,2608211621,26,1,19023,-38.0,16.0,1,0,10635
26,SF8 BW125 PA6,28,2608211621,26,1,19505,-38.0,16.0,1,0,43612
26,SF8 BW125 PA6,29,2608211621,26,1,19987,-38.0,16.0,1,0,62444
26,SF8 BW125 PA6,30,2608211621,26,1,20470,-38.0,17.0,1,0,58241
26,SF8 BW125 PA6,31,2608211621,26,1,20952,-38.0,16.0,1,0,47665
26,SF8 BW125 PA6,32,2608211621,26,1,21435,-38.0,16.0,1,0,48461
26,SF8 BW125 PA6,33,2608211621,26,1,21917,-38.0,16.0,1,0,58621
26,SF8 BW125 PA6,34,2608211621,26,1,22400,-38.0,16.0,1,0,62608
26,SF8 BW125 PA6,35,2608211621,26,1,22882,-38.0,16.0,1,0,44320
26,SF8 BW125 PA6,36,2608211621,26,1,23364,-38.0,16.0,1,0,12023
26,SF8 BW125 PA6,37,2608211621,26,1,23847,-38.0,16.0,1,0,30535
26,SF8 BW125 PA6,38,2608211621,26,1,24329,-38.0,16.0,1,0,26410
26,SF8 BW125 PA6,39,2608211621,26,1,24812,-38.0,17.0,1,0,16026
26,SF8 BW125 PA6,40,2608211621,26,1,25294,-38.0,16.0,1,0,35352
26,SF8 BW125 PA6,41,2608211621,26,1,25776,-38.0,17.0,1,0,54184
26,SF8 BW125 PA6,42,2608211621,26,1,26259,-38.0,16.0,1,0,50117
26,SF8 BW125 PA6,43,2608211621,26,1,26741,-38.0,16.0,1,0,39541
26,SF8 BW125 PA6,44,2608211621,26,1,27224,-38.0,16.0,1,0,6562
26,SF8 BW125 PA6,45,2608211621,26,1,27706,-38.0,16.0,1,0,16402
26,SF8 BW125 PA6,46,2608211621,26,1,28188,-38.0,16.0,1,0,20607
26,SF8 BW125 PA6,47,2608211621,26,1,28671,-38.0,16.0,1,0,2511
26,SF8 BW125 PA6,48,2608211621,26,1,29153,-38.0,17.0,1,0,54247
26,SF8 BW125 PA6,49,2608211621,26,1,29636,-38.0,16.0,1,0,35415
27,SF8 BW125 PA10 L16,0,2608211621,27,1,5866,-34.0,15.0,1,0,44973
27,SF8 BW125 PA10 L16,1,2608211621,27,1,6078,-34.0,15.0,1,0,60110
27,SF8 BW125 PA10 L16,2,2608211621,27,1,6290,-34.0,15.0,1,0,58797
27,SF8 BW125 PA10 L16,3,2608211621,27,1,6502,-34.0,15.0,1,0,41166
27,SF8 BW125 PA10 L16,4,2608211621,27,1,6714,-34.0,15.0,1,0,11148
27,SF8 BW125 PA10 L16,5,2608211621,27,1,6926,-34.0,15.0,1,0,28399
27,SF8 BW125 PA10 L16,6,2608211621,27,1,7138,-34.0,15.0,1,0,24972
27,SF8 BW125 PA10 L16,7,2608211621,27,1,7350,-34.0,15.0,1,0,9455
27,SF8 BW125 PA10 L16,8,2608211621,27,1,7562,-34.0,15.0,1,0,42991
27,SF8 BW125 PA10 L16,9,2608211621,27,1,7774,-34.0,15.0,1,0,57996
27,SF8 BW125 PA10 L16,10,2608211621,27,1,7986,-34.0,15.0,1,0,60911
27,SF8 BW125 PA10 L16,11,2608211621,27,1,8198,-34.0,15.0,1,0,43148
27,SF8 BW125 PA10 L16,12,2608211621,27,1,8410,-34.0,15.0,1,0,9166
27,SF8 BW125 PA10 L16,13,2608211621,27,1,8621,-34.0,17.0,1,0,26285
27,SF8 BW125 PA10 L16,14,2608211621,27,1,8833,-34.0,17.0,1,0,27086
27,SF8 BW125 PA10 L16,15,2608211621,27,1,9045,-35.0,17.0,1,0,11437
27,SF8 BW125 PA10 L16,16,2608211621,27,1,9257,-34.0,17.0,1,0,44808
27,SF8 BW125 PA10 L16,17,2608211621,27,1,9469,-35.0,17.0,1,0,60011
27,SF8 BW125 PA10 L16,18,2608211621,27,1,9681,-34.0,17.0,1,0,58632
27,SF8 BW125 PA10 L16,19,2608211621,27,1,9893,-34.0,17.0,1,0,41067
27,SF8 BW125 PA10 L16,20,2608211621,27,1,10105,-34.0,17.0,1,0,11049
27,SF8 BW125 PA10 L16,21,2608211621,27,1,10317,-34.0,15.0,1,0,28234
27,SF8 BW125 PA10 L16,22,2608211621,27,1,10529,-34.0,15.0,1,0,24873
27,SF8 BW125 PA10 L16,23,2608211621,27,1,10741,-34.0,15.0,1,0,9290
27,SF8 BW125 PA10 L16,24,2608211621,27,1,10953,-34.0,15.0,1,0,42826
27,SF8 BW125 PA10 L16,25,2608211621,27,1,11165,-34.0,15.0,1,0,57897
27,SF8 BW125 PA10 L16,26,2608211621,27,1,11377,-34.0,17.0,1,0,60746
27,SF8 BW125 PA10 L16,27,2608211621,27,1,11589,-34.0,15.0,1,0,43049
27,SF8 BW125 PA10 L16,28,2608211621,27,1,11801,-34.0,15.0,1,0,9067
27,SF8 BW125 PA10 L16,29,2608211621,27,1,12013,-34.0,15.0,1,0,26120
27,SF8 BW125 PA10 L16,30,2608211621,27,1,12225,-34.0,15.0,1,0,26987
27,SF8 BW125 PA10 L16,31,2608211621,27,1,12436,-34.0,15.0,1,0,11272
27,SF8 BW125 PA10 L16,32,2608211621,27,1,12648,-34.0,15.0,1,0,48838
27,SF8 BW125 PA10 L16,33,2608211621,27,1,12860,-34.0,15.0,1,0,64421
27,SF8 BW125 PA10 L16,34,2608211621,27,1,13072,-34.0,15.0,1,0,62662
27,SF8 BW125 PA10 L16,35,2608211621,27,1,13284,-34.0,15.0,1,0,45477
27,SF8 BW125 PA10 L16,36,2608211621,27,1,13496,-34.0,15.0,1,0,15079
27,SF8 BW125 PA10 L16,37,2608211621,27,1,13708,-34.0,15.0,1,0,32644
27,SF8 BW125 PA10 L16,38,2608211621,27,1,13920,-34.0,15.0,1,0,28903
27,SF8 BW125 PA10 L16,39,2608211621,27,1,14132,-34.0,15.0,1,0,13700
27,SF8 BW125 PA10 L16,40,2608211621,27,1,14344,-34.0,15.0,1,0,46724
27,SF8 BW125 PA10 L16,41,2608211621,27,1,14556,-34.0,15.0,1,0,62439
27,SF8 BW125 PA10 L16,42,2608211621,27,1,14768,-34.0,15.0,1,0,64644
27,SF8 BW125 PA10 L16,43,2608211621,27,1,14980,-34.0,15.0,1,0,47591
27,SF8 BW125 PA10 L16,44,2608211621,27,1,15192,-34.0,15.0,1,0,12965
27,SF8 BW125 PA10 L16,45,2608211621,27,1,15404,-34.0,15.0,1,0,30662
27,SF8 BW125 PA10 L16,46,2608211621,27,1,15616,-34.0,15.0,1,0,30885
27,SF8 BW125 PA10 L16,47,2608211621,27,1,15828,-34.0,15.0,1,0,15814
27,SF8 BW125 PA10 L16,48,2608211621,27,1,16039,-34.0,15.0,1,0,48739
27,SF8 BW125 PA10 L16,49,2608211621,27,1,16251,-34.0,15.0,1,0,64256
28,SF8 BW125 PA10 L128,0,2608211621,28,1,6154,-34.0,15.0,1,0,62486
28,SF8 BW125 PA10 L128,1,2608211621,28,1,6997,-34.0,15.0,1,0,16801
28,SF8 BW125 PA10 L128,2,2608211621,28,1,7840,-34.0,15.0,1,0,5536
28,SF8 BW125 PA10 L128,3,2608211621,28,1,8683,-34.0,15.0,1,0,40983
28,SF8 BW125 PA10 L128,4,2608211621,28,1,9526,-34.0,15.0,1,0,14202
28,SF8 BW125 PA10 L128,5,2608211621,28,1,10369,-34.0,15.0,1,0,33485
28,SF8 BW125 PA10 L128,6,2608211621,28,1,11212,-34.0,15.0,1,0,54988
28,SF8 BW125 PA10 L128,7,2608211621,28,1,12055,-34.0,15.0,1,0,25467
28,SF8 BW125 PA10 L128,8,2608211621,28,1,12898,-34.0,15.0,1,0,29390
28,SF8 BW125 PA10 L128,9,2608211621,28,1,13742,-34.0,15.0,1,0,51065
28,SF8 BW125 PA10 L128,10,2608211621,28,1,14585,-34.0,15.0,1,0,37752
28,SF8 BW125 PA10 L128,11,2608211621,28,1,15428,-34.0,15.0,1,0,9935
28,SF8 BW125 PA10 L128,12,2608211621,28,1,16271,-34.0,15.0,1,0,45474
28,SF8 BW125 PA10 L128,13,2608211621,28,1,17114,-34.0,15.0,1,0,1045
28,SF8 BW125 PA10 L128,14,2608211621,28,1,17957,-34.0,15.0,1,0,20500
28,SF8 BW125 PA10 L128,15,2608211621,28,1,18800,-34.0,15.0,1,0,58787
28,SF8 BW125 PA10 L128,16,2608211621,28,1,19643,-34.0,15.0,1,0,63910
28,SF8 BW125 PA10 L128,17,2608211621,28,1,20486,-34.0,15.0,1,0,19473
28,SF8 BW125 PA10 L128,18,2608211621,28,1,21329,-34.0,15.0,1,0,6160
28,SF8 BW125 PA10 L128,19,2608211621,28,1,22172,-34.0,15.0,1,0,44455
28,SF8 BW125 PA10 L128,20,2608211621,28,1,23015,-34.0,15.0,1,0,15050
28,SF8 BW125 PA10 L128,21,2608211621,28,1,23858,-34.0,15.0,1,0,36733
28,SF8 BW125 PA10 L128,22,2608211621,28,1,24701,-34.0,15.0,1,0,56188
28,SF8 BW125 PA10 L128,23,2608211621,28,1,25544,-34.0,15.0,1,0,28363
28,SF8 BW125 PA10 L128,24,2608211621,28,1,26387,-34.0,15.0,1,0,32638
28,SF8 BW125 PA10 L128,25,2608211621,28,1,27230,-34.0,15.0,1,0,51913
28,SF8 BW125 PA10 L128,26,2608211621,28,1,28073,-34.0,15.0,1,0,40648
28,SF8 BW125 PA10 L128,27,2608211621,28,1,28916,-34.0,15.0,1,0,11135
28,SF8 BW125 PA10 L128,28,2608211621,28,1,29759,-34.0,15.0,1,0,48146
28,SF8 BW125 PA10 L128,29,2608211621,28,1,30603,-34.0,15.0,1,0,2469
28,SF8 BW125 PA10 L128,30,2608211621,28,1,31446,-34.0,15.0,1,0,23972
28,SF8 BW125 PA10 L128,31,2608211621,28,1,32289,-34.0,15.0,1,0,59411
28,SF8 BW125 PA10 L128,32,2608211621,28,1,33132,-34.0,15.0,1,0,65367
28,SF8 BW125 PA10 L128,33,2608211621,28,1,33975,-34.0,15.0,1,0,19168
28,SF8 BW125 PA10 L128,34,2608211621,28,1,34818,-34.0,15.0,1,0,7905
28,SF8 BW125 PA10 L128,35,2608211621,28,1,35661,-34.0,15.0,1,0,43862
28,SF8 BW125 PA10 L128,36,2608211621,28,1,36504,-34.0,15.0,1,0,15419
28,SF8 BW125 PA10 L128,37,2608211621,28,1,37347,-34.0,15.0,1,0,35212
28,SF8 BW125 PA10 L128,38,2608211621,28,1,38190,-34.0,15.0,1,0,56717
28,SF8 BW125 PA10 L128,39,2608211621,28,1,39033,-34.0,17.0,1,0,26682
28,SF8 BW125 PA10 L128,40,2608211621,28,1,39876,-34.0,15.0,1,0,31119
28,SF8 BW125 PA10 L128,41,2608211621,28,1,40719,-34.0,15.0,1,0,52280
28,SF8 BW125 PA10 L128,42,2608211621,28,1,41562,-34.0,15.0,1,0,38969
28,SF8 BW125 PA10 L128,43,2608211621,28,1,42405,-34.0,15.0,1,0,11662
28,SF8 BW125 PA10 L128,44,2608211621,28,1,43248,-34.0,15.0,1,0,47843
28,SF8 BW125 PA10 L128,45,2608211621,28,1,44091,-34.0,15.0,1,0,3924
28,SF8 BW125 PA10 L128,46,2608211621,28,1,44934,-34.0,15.0,1,0,23381
28,SF8 BW125 PA10 L128,47,2608211621,28,1,45777,-34.0,15.0,1,0,61154
28,SF8 BW125 PA10 L128,48,2608211621,28,1,46620,-34.0,15.0,1,0,62183
28,SF8 BW125 PA10 L128,49,2608211621,28,1,47463,-34.0,17.0,1,0,18256
29,SF8 BW125 PA10 L255,0,2608211621,29,1,6494,-34.0,15.0,1,0,35614
29,SF8 BW125 PA10 L255,1,2608211621,29,1,8058,-34.0,17.0,1,0,16480
29,SF8 BW125 PA10 L255,2,2608211621,29,1,9623,-34.0,17.0,1,0,63192
29,SF8 BW125 PA10 L255,3,2608211621,29,1,11187,-34.0,15.0,1,0,15782
29,SF8 BW125 PA10 L255,4,2608211621,29,1,12751,-34.0,17.0,1,0,28818
29,SF8 BW125 PA10 L255,5,2608211621,29,1,14316,-34.0,15.0,1,0,48108
29,SF8 BW125 PA10 L255,6,2608211621,29,1,15880,-34.0,17.0,1,0,3412
29,SF8 BW125 PA10 L255,7,2608211621,29,1,17444,-34.0,17.0,1,0,50730
29,SF8 BW125 PA10 L255,8,2608211621,29,1,19008,-34.0,17.0,1,0,31750
29,SF8 BW125 PA10 L255,9,2608211621,29,1,20573,-34.0,17.0,1,0,46968
29,SF8 BW125 PA10 L255,10,2608211621,29,1,22137,-34.0,17.0,1,0,448
29,SF8 BW125 PA10 L255,11,2608211621,29,1,23701,-34.0,17.0,1,0,51902
29,SF8 BW125 PA10 L255,12,2608211621,29,1,25266,-34.0,17.0,1,0,34698
29,SF8 BW125 PA10 L255,13,2608211621,29,1,26830,-34.0,17.0,1,0,19700
29,SF8 BW125 PA10 L255,14,2608211621,29,1,28394,-34.0,17.0,1,0,64076
29,SF8 BW125 PA10 L255,15,2608211621,29,1,29958,-34.0,17.0,1,0,12594
29,SF8 BW125 PA10 L255,16,2608211621,29,1,31523,-34.0,17.0,1,0,25902
29,SF8 BW125 PA10 L255,17,2608211621,29,1,33087,-34.0,17.0,1,0,44624
29,SF8 BW125 PA10 L255,18,2608211621,29,1,34651,-34.0,17.0,1,0,6376
29,SF8 BW125 PA10 L255,19,2608211621,29,1,36216,-34.0,17.0,1,0,54166
29,SF8 BW125 PA10 L255,20,2608211621,29,1,37780,-34.0,17.0,1,0,40610
29,SF8 BW125 PA10 L255,21,2608211621,29,1,39344,-34.0,17.0,1,0,21980
29,SF8 BW125 PA10 L255,22,2608211621,29,1,40909,-34.0,17.0,1,0,58212
29,SF8 BW125 PA10 L255,23,2608211621,29,1,42473,-34.0,17.0,1,0,10266
29,SF8 BW125 PA10 L255,24,2608211621,29,1,44037,-34.0,17.0,1,0,37430
29,SF8 BW125 PA10 L255,25,2608211621,29,1,45601,-34.0,17.0,1,0,22856
29,SF8 BW125 PA10 L255,26,2608211621,29,1,47166,-34.0,17.0,1,0,61424
29,SF8 BW125 PA10 L255,27,2608211621,29,1,48730,-34.0,15.0,1,0,9358
29,SF8 BW125 PA10 L255,28,2608211621,29,1,50294,-34.0,15.0,1,0,27066
29,SF8 BW125 PA10 L255,29,2608211621,29,1,51859,-34.0,17.0,1,0,41668
29,SF8 BW125 PA10 L255,30,2608211621,29,1,53423,-34.0,15.0,1,0,5244
29,SF8 BW125 PA10 L255,31,2608211621,29,1,54987,-34.0,15.0,1,0,57090
29,SF8 BW125 PA10 L255,32,2608211621,29,1,56552,-34.0,15.0,1,0,22398
29,SF8 BW125 PA10 L255,33,2608211621,29,1,58116,-34.0,15.0,1,0,39936
29,SF8 BW125 PA10 L255,34,2608211621,29,1,59680,-34.0,15.0,1,0,10936
29,SF8 BW125 PA10 L255,35,2608211621,29,1,61244,-34.0,15.0,1,0,57798
29,SF8 BW125 PA10 L255,36,2608211621,29,1,62809,-34.0,15.0,1,0,44274
29,SF8 BW125 PA10 L255,37,2608211621,29,1,64373,-34.0,15.0,1,0,26508
29,SF8 BW125 PA10 L255,38,2608211621,29,1,65937,-34.0,15.0,1,0,53556
29,SF8 BW125 PA10 L255,39,2608211621,29,1,67502,-34.0,15.0,1,0,6730
29,SF8 BW125 PA10 L255,40,2608211621,29,1,69066,-34.0,17.0,1,0,41062
29,SF8 BW125 PA10 L255,41,2608211621,29,1,70630,-34.0,15.0,1,0,27416
29,SF8 BW125 PA10 L255,42,2608211621,29,1,72194,-34.0,15.0,1,0,56736
29,SF8 BW125 PA10 L255,43,2608211621,29,1,73759,-34.0,15.0,1,0,5854
29,SF8 BW125 PA10 L255,44,2608211621,29,1,75323,-34.0,15.0,1,0,23530
29,SF8 BW125 PA10 L255,45,2608211621,29,1,76887,-34.0,15.0,1,0,37012
29,SF8 BW125 PA10 L255,46,2608211621,29,1,78452,-34.0,15.0,1,0,9772
29,SF8 BW125 PA10 L255,47,2608211621,29,1,80016,-34.0,15.0,1,0,60754
29,SF8 BW125 PA10 L255,48,2608211621,29,1,81580,-34.0,15.0,1,0,47438
29,SF8 BW125 PA10 L255,49,2608211621,29,1,83145,-34.0,15.0,1,0,29232
31,FLRC 260k pa5,0,2608211621,31,1,5591,-81.0,0.0,0,0,0
31,FLRC 260k pa5,0,2608211621,31,1,5607,-82.0,0.0,0,0,0
31,FLRC 260k pa5,0,2608211621,31,1,5623,-77.0,0.0,0,0,0
31,FLRC 260k pa5,0,2608211621,31,1,5639,-82.0,0.0,0,0,0
31,FLRC 260k pa5,0,2608211621,31,1,5656,-71.0,0.0,0,0,0
31,FLRC 260k pa5,0,2608211621,31,1,5672,-77.0,0.0,0,0,0
31,FLRC 260k pa5,0,2608211621,31,1,5688,-77.0,0.0,0,0,0
31,FLRC 260k pa5,0,2608211621,31,1,5705,-77.0,0.0,0,0,0
31,FLRC 260k pa5,0,2608211621,31,1,5721,-77.0,0.0,0,0,0
31,FLRC 260k pa5,0,2608211621,31,1,5737,-77.0,0.0,0,0,0
31,FLRC 260k pa5,0,2608211621,31,1,5753,-77.0,0.0,0,0,0
31,FLRC 260k pa5,0,2608211621,31,1,5770,-78.0,0.0,0,0,0
31,FLRC 260k pa5,0,2608211621,31,1,5786,-78.0,0.0,0,0,0
31,FLRC 260k pa5,0,2608211621,31,1,5802,-77.0,0.0,0,0,0
31,FLRC 260k pa5,0,2608211621,31,1,5819,-72.0,0.0,0,0,0
31,FLRC 260k pa5,0,2608211621,31,1,5835,-77.0,0.0,0,0,0
31,FLRC 260k pa5,0,2608211621,31,1,5851,-77.0,0.0,0,0,0
31,FLRC 260k pa5,0,2608211621,31,1,5867,-71.0,0.0,0,0,0
31,FLRC 260k pa5,0,2608211621,31,1,5884,-82.0,0.0,0,0,0
31,FLRC 260k pa5,0,2608211621,31,1,5900,-70.0,0.0,0,0,0
31,FLRC 260k pa5,0,2608211621,31,1,5916,-82.0,0.0,0,0,0
31,FLRC 260k pa5,0,2608211621,31,1,5933,-77.0,0.0,0,0,0
31,FLRC 260k pa5,0,2608211621,31,1,5949,-78.0,0.0,0,0,0
31,FLRC 260k pa5,0,2608211621,31,1,5965,-77.0,0.0,0,0,0
31,FLRC 260k pa5,0,2608211621,31,1,5981,-82.0,0.0,0,0,0
31,FLRC 260k pa5,0,2608211621,31,1,5998,-83.0,0.0,0,0,0
31,FLRC 260k pa5,0,2608211621,31,1,6014,-77.0,0.0,0,0,0
31,FLRC 260k pa5,0,2608211621,31,1,6030,-77.0,0.0,0,0,0
31,FLRC 260k pa5,0,2608211621,31,1,6047,-77.0,0.0,0,0,0
31,FLRC 260k pa5,0,2608211621,31,1,6063,-77.0,0.0,0,0,0
31,FLRC 260k pa5,0,2608211621,31,1,6079,-77.0,0.0,0,0,0
31,FLRC 260k pa5,0,2608211621,31,1,6096,-77.0,0.0,0,0,0
31,FLRC 260k pa5,0,2608211621,31,1,6112,-77.0,0.0,0,0,0
31,FLRC 260k pa5,0,2608211621,31,1,6128,-77.0,0.0,0,0,0
31,FLRC 260k pa5,0,2608211621,31,1,6144,-82.0,0.0,0,0,0
31,FLRC 260k pa5,0,2608211621,31,1,6161,-82.0,0.0,0,0,0
31,FLRC 260k pa5,0,2608211621,31,1,6177,-77.0,0.0,0,0,0
31,FLRC 260k pa5,0,2608211621,31,1,6193,-77.0,0.0,0,0,0
31,FLRC 260k pa5,0,2608211621,31,1,6210,-77.0,0.0,0,0,0
31,FLRC 260k pa5,0,2608211621,31,1,6226,-78.0,0.0,0,0,0
31,FLRC 260k pa5,0,2608211621,31,1,6242,-77.0,0.0,0,0,0
31,FLRC 260k pa5,0,2608211621,31,1,6258,-72.0,0.0,0,0,0
31,FLRC 260k pa5,0,2608211621,31,1,6275,-83.0,0.0,0,0,0
31,FLRC 260k pa5,0,2608211621,31,1,6291,-77.0,0.0,0,0,0
31,FLRC 260k pa5,0,2608211621,31,1,6307,-78.0,0.0,0,0,0
31,FLRC 260k pa5,0,2608211621,31,1,6324,-83.0,0.0,0,0,0
31,FLRC 260k pa5,0,2608211621,31,1,6340,-82.0,0.0,0,0,0
31,FLRC 260k pa5,0,2608211621,31,1,6356,-77.0,0.0,0,0,0
31,FLRC 260k pa5,0,2608211621,31,1,6372,-77.0,0.0,0,0,0
31,FLRC 260k pa5,0,2608211621,31,1,6389,-77.0,0.0,0,0,0
32,FLRC 325k pa5,0,2608211621,32,1,5590,-77.0,0.0,0,0,0
32,FLRC 325k pa5,0,2608211621,32,1,5606,-86.0,0.0,0,0,0
32,FLRC 325k pa5,0,2608211621,32,1,5622,-77.0,0.0,0,0,0
32,FLRC 325k pa5,0,2608211621,32,1,5637,-78.0,0.0,0,0,0
32,FLRC 325k pa5,0,2608211621,32,1,5653,-77.0,0.0,0,0,0
32,FLRC 325k pa5,0,2608211621,32,1,5669,-77.0,0.0,0,0,0
32,FLRC 325k pa5,0,2608211621,32,1,5684,-82.0,0.0,0,0,0
32,FLRC 325k pa5,0,2608211621,32,1,5700,-82.0,0.0,0,0,0
32,FLRC 325k pa5,0,2608211621,32,1,5716,-77.0,0.0,0,0,0
32,FLRC 325k pa5,0,2608211621,32,1,5731,-81.0,0.0,0,0,0
32,FLRC 325k pa5,0,2608211621,32,1,5747,-77.0,0.0,0,0,0
32,FLRC 325k pa5,0,2608211621,32,1,5763,-82.0,0.0,0,0,0
32,FLRC 325k pa5,0,2608211621,32,1,5778,-77.0,0.0,0,0,0
32,FLRC 325k pa5,0,2608211621,32,1,5794,-73.0,0.0,0,0,0
32,FLRC 325k pa5,0,2608211621,32,1,5810,-77.0,0.0,0,0,0
32,FLRC 325k pa5,0,2608211621,32,1,5825,-78.0,0.0,0,0,0
32,FLRC 325k pa5,0,2608211621,32,1,5841,-72.0,0.0,0,0,0
32,FLRC 325k pa5,0,2608211621,32,1,5857,-82.0,0.0,0,0,0
32,FLRC 325k pa5,0,2608211621,32,1,5872,-77.0,0.0,0,0,0
32,FLRC 325k pa5,0,2608211621,32,1,5888,-78.0,0.0,0,0,0
32,FLRC 325k pa5,0,2608211621,32,1,5904,-72.0,0.0,0,0,0
32,FLRC 325k pa5,0,2608211621,32,1,5919,-78.0,0.0,0,0,0
32,FLRC 325k pa5,0,2608211621,32,1,5935,-77.0,0.0,0,0,0
32,FLRC 325k pa5,0,2608211621,32,1,5951,-77.0,0.0,0,0,0
32,FLRC 325k pa5,0,2608211621,32,1,5966,-77.0,0.0,0,0,0
32,FLRC 325k pa5,0,2608211621,32,1,5982,-72.0,0.0,0,0,0
32,FLRC 325k pa5,0,2608211621,32,1,5998,-82.0,0.0,0,0,0
32,FLRC 325k pa5,0,2608211621,32,1,6013,-76.0,0.0,0,0,0
32,FLRC 325k pa5,0,2608211621,32,1,6029,-82.0,0.0,0,0,0
32,FLRC 325k pa5,0,2608211621,32,1,6045,-82.0,0.0,0,0,0
32,FLRC 325k pa5,0,2608211621,32,1,6061,-77.0,0.0,0,0,0
32,FLRC 325k pa5,0,2608211621,32,1,6076,-77.0,0.0,0,0,0
32,FLRC 325k pa5,0,2608211621,32,1,6092,-77.0,0.0,0,0,0
32,FLRC 325k pa5,0,2608211621,32,1,6108,-76.0,0.0,0,0,0
32,FLRC 325k pa5,0,2608211621,32,1,6123,-82.0,0.0,0,0,0
32,FLRC 325k pa5,0,2608211621,32,1,6139,-72.0,0.0,0,0,0
32,FLRC 325k pa5,0,2608211621,32,1,6155,-77.0,0.0,0,0,0
32,FLRC 325k pa5,0,2608211621,32,1,6170,-77.0,0.0,0,0,0
32,FLRC 325k pa5,0,2608211621,32,1,6186,-77.0,0.0,0,0,0
32,FLRC 325k pa5,0,2608211621,32,1,6202,-77.0,0.0,0,0,0
32,FLRC 325k pa5,0,2608211621,32,1,6217,-77.0,0.0,0,0,0
32,FLRC 325k pa5,0,2608211621,32,1,6233,-77.0,0.0,0,0,0
32,FLRC 325k pa5,0,2608211621,32,1,6249,-77.0,0.0,0,0,0
32,FLRC 325k pa5,0,2608211621,32,1,6264,-77.0,0.0,0,0,0
32,FLRC 325k pa5,0,2608211621,32,1,6280,-77.0,0.0,0,0,0
32,FLRC 325k pa5,0,2608211621,32,1,6296,-76.0,0.0,0,0,0
32,FLRC 325k pa5,0,2608211621,32,1,6311,-77.0,0.0,0,0,0
32,FLRC 325k pa5,0,2608211621,32,1,6327,-82.0,0.0,0,0,0
32,FLRC 325k pa5,0,2608211621,32,1,6343,-72.0,0.0,0,0,0
32,FLRC 325k pa5,0,2608211621,32,1,6358,-76.0,0.0,0,0,0
33,FLRC 520k pa5,0,2608211621,33,1,5568,-84.0,0.0,0,0,0
33,FLRC 520k pa5,0,2608211621,33,1,5582,-74.0,0.0,0,0,0
33,FLRC 520k pa5,0,2608211621,33,1,5597,-81.0,0.0,0,0,0
33,FLRC 520k pa5,0,2608211621,33,1,5612,-79.0,0.0,0,0,0
33,FLRC 520k pa5,0,2608211621,33,1,5627,-84.0,0.0,0,0,0
33,FLRC 520k pa5,0,2608211621,33,1,5641,-76.0,0.0,0,0,0
33,FLRC 520k pa5,0,2608211621,33,1,5656,-79.0,0.0,0,0,0
33,FLRC 520k pa5,0,2608211621,33,1,5671,-81.0,0.0,0,0,0
33,FLRC 520k pa5,0,2608211621,33,1,5686,-63.0,0.0,0,0,0
33,FLRC 520k pa5,0,2608211621,33,1,5700,-75.0,0.0,0,0,0
33,FLRC 520k pa5,0,2608211621,33,1,5715,-64.0,0.0,0,0,0
33,FLRC 520k pa5,0,2608211621,33,1,5730,-63.0,0.0,0,0,0
33,FLRC 520k pa5,0,2608211621,33,1,5745,-62.0,0.0,0,0,0
33,FLRC 520k pa5,0,2608211621,33,1,5759,-76.0,0.0,0,0,0
33,FLRC 520k pa5,0,2608211621,33,1,5774,-63.0,0.0,0,0,0
33,FLRC 520k pa5,0,2608211621,33,1,5789,-63.0,0.0,0,0,0
33,FLRC 520k pa5,0,2608211621,33,1,5804,-70.0,0.0,0,0,0
33,FLRC 520k pa5,0,2608211621,33,1,5818,-79.0,0.0,0,0,0
33,FLRC 520k pa5,0,2608211621,33,1,5833,-69.0,0.0,0,0,0
33,FLRC 520k pa5,0,2608211621,33,1,5848,-75.0,0.0,0,0,0
33,FLRC 520k pa5,0,2608211621,33,1,5863,-75.0,0.0,0,0,0
33,FLRC 520k pa5,0,2608211621,33,1,5877,-80.0,0.0,0,0,0
33,FLRC 520k pa5,0,2608211621,33,1,5892,-80.0,0.0,0,0,0
33,FLRC 520k pa5,0,2608211621,33,1,5907,-80.0,0.0,0,0,0
33,FLRC 520k pa5,0,2608211621,33,1,5922,-75.0,0.0,0,0,0
33,FLRC 520k pa5,0,2608211621,33,1,5936,-83.0,0.0,0,0,0
33,FLRC 520k pa5,0,2608211621,33,1,5951,-63.0,0.0,0,0,0
33,FLRC 520k pa5,0,2608211621,33,1,5966,-81.0,0.0,0,0,0
33,FLRC 520k pa5,0,2608211621,33,1,5981,-74.0,0.0,0,0,0
33,FLRC 520k pa5,0,2608211621,33,1,5995,-80.0,0.0,0,0,0
33,FLRC 520k pa5,0,2608211621,33,1,6010,-79.0,0.0,0,0,0
33,FLRC 520k pa5,0,2608211621,33,1,6025,-80.0,0.0,0,0,0
33,FLRC 520k pa5,0,2608211621,33,1,6040,-80.0,0.0,0,0,0
33,FLRC 520k pa5,0,2608211621,33,1,6054,-79.0,0.0,0,0,0
33,FLRC 520k pa5,0,2608211621,33,1,6069,-63.0,0.0,0,0,0
33,FLRC 520k pa5,0,2608211621,33,1,6084,-76.0,0.0,0,0,0
33,FLRC 520k pa5,0,2608211621,33,1,6099,-63.0,0.0,0,0,0
33,FLRC 520k pa5,0,2608211621,33,1,6113,-79.0,0.0,0,0,0
33,FLRC 520k pa5,0,2608211621,33,1,6128,-76.0,0.0,0,0,0
33,FLRC 520k pa5,0,2608211621,33,1,6143,-71.0,0.0,0,0,0
33,FLRC 520k pa5,0,2608211621,33,1,6158,-83.0,0.0,0,0,0
33,FLRC 520k pa5,0,2608211621,33,1,6172,-80.0,0.0,0,0,0
33,FLRC 520k pa5,0,2608211621,33,1,6187,-76.0,0.0,0,0,0
33,FLRC 520k pa5,0,2608211621,33,1,6202,-80.0,0.0,0,0,0
33,FLRC 520k pa5,0,2608211621,33,1,6217,-80.0,0.0,0,0,0
33,FLRC 520k pa5,0,2608211621,33,1,6231,-84.0,0.0,0,0,0
33,FLRC 520k pa5,0,2608211621,33,1,6246,-80.0,0.0,0,0,0
33,FLRC 520k pa5,0,2608211621,33,1,6261,-84.0,0.0,0,0,0
33,FLRC 520k pa5,0,2608211621,33,1,6276,-80.0,0.0,0,0,0
33,FLRC 520k pa5,0,2608211621,33,1,6290,-84.0,0.0,0,0,0
34,FLRC 650k pa5,0,2608211621,34,1,5586,-72.0,0.0,0,0,0
34,FLRC 650k pa5,0,2608211621,34,1,5600,-71.0,0.0,0,0,0
34,FLRC 650k pa5,0,2608211621,34,1,5615,-71.0,0.0,0,0,0
34,FLRC 650k pa5,0,2608211621,34,1,5629,-71.0,0.0,0,0,0
34,FLRC 650k pa5,0,2608211621,34,1,5644,-70.0,0.0,0,0,0
34,FLRC 650k pa5,0,2608211621,34,1,5658,-71.0,0.0,0,0,0
34,FLRC 650k pa5,0,2608211621,34,1,5672,-71.0,0.0,0,0,0
34,FLRC 650k pa5,0,2608211621,34,1,5687,-71.0,0.0,0,0,0
34,FLRC 650k pa5,0,2608211621,34,1,5701,-71.0,0.0,0,0,0
34,FLRC 650k pa5,0,2608211621,34,1,5716,-71.0,0.0,0,0,0
34,FLRC 650k pa5,0,2608211621,34,1,5730,-70.0,0.0,0,0,0
34,FLRC 650k pa5,0,2608211621,34,1,5745,-70.0,0.0,0,0,0
34,FLRC 650k pa5,0,2608211621,34,1,5759,-71.0,0.0,0,0,0
34,FLRC 650k pa5,0,2608211621,34,1,5774,-70.0,0.0,0,0,0
34,FLRC 650k pa5,0,2608211621,34,1,5788,-70.0,0.0,0,0,0
34,FLRC 650k pa5,0,2608211621,34,1,5802,-71.0,0.0,0,0,0
34,FLRC 650k pa5,0,2608211621,34,1,5817,-70.0,0.0,0,0,0
34,FLRC 650k pa5,0,2608211621,34,1,5831,-71.0,0.0,0,0,0
34,FLRC 650k pa5,0,2608211621,34,1,5846,-70.0,0.0,0,0,0
34,FLRC 650k pa5,0,2608211621,34,1,5860,-71.0,0.0,0,0,0
34,FLRC 650k pa5,0,2608211621,34,1,5875,-71.0,0.0,0,0,0
34,FLRC 650k pa5,0,2608211621,34,1,5889,-71.0,0.0,0,0,0
34,FLRC 650k pa5,0,2608211621,34,1,5904,-70.0,0.0,0,0,0
34,FLRC 650k pa5,0,2608211621,34,1,5918,-71.0,0.0,0,0,0
34,FLRC 650k pa5,0,2608211621,34,1,5932,-70.0,0.0,0,0,0
34,FLRC 650k pa5,0,2608211621,34,1,5947,-70.0,0.0,0,0,0
34,FLRC 650k pa5,0,2608211621,34,1,5961,-71.0,0.0,0,0,0
34,FLRC 650k pa5,0,2608211621,34,1,5976,-70.0,0.0,0,0,0
34,FLRC 650k pa5,0,2608211621,34,1,5990,-70.0,0.0,0,0,0
34,FLRC 650k pa5,0,2608211621,34,1,6005,-72.0,0.0,0,0,0
34,FLRC 650k pa5,0,2608211621,34,1,6019,-71.0,0.0,0,0,0
34,FLRC 650k pa5,0,2608211621,34,1,6034,-70.0,0.0,0,0,0
34,FLRC 650k pa5,0,2608211621,34,1,6048,-72.0,0.0,0,0,0
34,FLRC 650k pa5,0,2608211621,34,1,6062,-70.0,0.0,0,0,0
34,FLRC 650k pa5,0,2608211621,34,1,6077,-70.0,0.0,0,0,0
34,FLRC 650k pa5,0,2608211621,34,1,6091,-71.0,0.0,0,0,0
34,FLRC 650k pa5,0,2608211621,34,1,6106,-71.0,0.0,0,0,0
34,FLRC 650k pa5,0,2608211621,34,1,6120,-71.0,0.0,0,0,0
34,FLRC 650k pa5,0,2608211621,34,1,6135,-71.0,0.0,0,0,0
34,FLRC 650k pa5,0,2608211621,34,1,6149,-71.0,0.0,0,0,0
34,FLRC 650k pa5,0,2608211621,34,1,6163,-70.0,0.0,0,0,0
34,FLRC 650k pa5,0,2608211621,34,1,6178,-84.0,0.0,0,0,0
34,FLRC 650k pa5,0,2608211621,34,1,6192,-71.0,0.0,0,0,0
34,FLRC 650k pa5,0,2608211621,34,1,6207,-71.0,0.0,0,0,0
34,FLRC 650k pa5,0,2608211621,34,1,6221,-70.0,0.0,0,0,0
34,FLRC 650k pa5,0,2608211621,34,1,6236,-71.0,0.0,0,0,0
34,FLRC 650k pa5,0,2608211621,34,1,6250,-70.0,0.0,0,0,0
34,FLRC 650k pa5,0,2608211621,34,1,6265,-71.0,0.0,0,0,0
34,FLRC 650k pa5,0,2608211621,34,1,6279,-71.0,0.0,0,0,0
34,FLRC 650k pa5,0,2608211621,34,1,6293,-70.0,0.0,0,0,0
35,FLRC 1040k pa5,0,2608211621,35,1,5582,-68.0,0.0,0,0,0
35,FLRC 1040k pa5,0,2608211621,35,1,5596,-69.0,0.0,0,0,0
35,FLRC 1040k pa5,0,2608211621,35,1,5610,-68.0,0.0,0,0,0
35,FLRC 1040k pa5,0,2608211621,35,1,5624,-69.0,0.0,0,0,0
35,FLRC 1040k pa5,0,2608211621,35,1,5638,-68.0,0.0,0,0,0
35,FLRC 1040k pa5,0,2608211621,35,1,5652,-68.0,0.0,0,0,0
35,FLRC 1040k pa5,0,2608211621,35,1,5666,-69.0,0.0,0,0,0
35,FLRC 1040k pa5,0,2608211621,35,1,5680,-69.0,0.0,0,0,0
35,FLRC 1040k pa5,0,2608211621,35,1,5694,-69.0,0.0,0,0,0
35,FLRC 1040k pa5,0,2608211621,35,1,5708,-69.0,0.0,0,0,0
35,FLRC 1040k pa5,0,2608211621,35,1,5722,-69.0,0.0,0,0,0
35,FLRC 1040k pa5,0,2608211621,35,1,5736,-69.0,0.0,0,0,0
35,FLRC 1040k pa5,0,2608211621,35,1,5750,-69.0,0.0,0,0,0
35,FLRC 1040k pa5,0,2608211621,35,1,5764,-69.0,0.0,0,0,0
35,FLRC 1040k pa5,0,2608211621,35,1,5778,-70.0,0.0,0,0,0
35,FLRC 1040k pa5,0,2608211621,35,1,5792,-69.0,0.0,0,0,0
35,FLRC 1040k pa5,0,2608211621,35,1,5806,-68.0,0.0,0,0,0
35,FLRC 1040k pa5,0,2608211621,35,1,5820,-69.0,0.0,0,0,0
35,FLRC 1040k pa5,0,2608211621,35,1,5834,-68.0,0.0,0,0,0
35,FLRC 1040k pa5,0,2608211621,35,1,5848,-69.0,0.0,0,0,0
35,FLRC 1040k pa5,0,2608211621,35,1,5862,-69.0,0.0,0,0,0
35,FLRC 1040k pa5,0,2608211621,35,1,5876,-68.0,0.0,0,0,0
35,FLRC 1040k pa5,0,2608211621,35,1,5890,-69.0,0.0,0,0,0
35,FLRC 1040k pa5,0,2608211621,35,1,5904,-68.0,0.0,0,0,0
35,FLRC 1040k pa5,0,2608211621,35,1,5918,-68.0,0.0,0,0,0
35,FLRC 1040k pa5,0,2608211621,35,1,5932,-69.0,0.0,0,0,0
35,FLRC 1040k pa5,0,2608211621,35,1,5946,-68.0,0.0,0,0,0
35,FLRC 1040k pa5,0,2608211621,35,1,5960,-68.0,0.0,0,0,0
35,FLRC 1040k pa5,0,2608211621,35,1,5974,-69.0,0.0,0,0,0
35,FLRC 1040k pa5,0,2608211621,35,1,5988,-69.0,0.0,0,0,0
35,FLRC 1040k pa5,0,2608211621,35,1,6002,-68.0,0.0,0,0,0
35,FLRC 1040k pa5,0,2608211621,35,1,6016,-68.0,0.0,0,0,0
35,FLRC 1040k pa5,0,2608211621,35,1,6030,-69.0,0.0,0,0,0
35,FLRC 1040k pa5,0,2608211621,35,1,6044,-69.0,0.0,0,0,0
35,FLRC 1040k pa5,0,2608211621,35,1,6058,-69.0,0.0,0,0,0
35,FLRC 1040k pa5,0,2608211621,35,1,6072,-69.0,0.0,0,0,0
35,FLRC 1040k pa5,0,2608211621,35,1,6086,-69.0,0.0,0,0,0
35,FLRC 1040k pa5,0,2608211621,35,1,6100,-68.0,0.0,0,0,0
35,FLRC 1040k pa5,0,2608211621,35,1,6114,-68.0,0.0,0,0,0
35,FLRC 1040k pa5,0,2608211621,35,1,6128,-70.0,0.0,0,0,0
35,FLRC 1040k pa5,0,2608211621,35,1,6142,-69.0,0.0,0,0,0
35,FLRC 1040k pa5,0,2608211621,35,1,6156,-69.0,0.0,0,0,0
35,FLRC 1040k pa5,0,2608211621,35,1,6170,-69.0,0.0,0,0,0
35,FLRC 1040k pa5,0,2608211621,35,1,6184,-68.0,0.0,0,0,0
35,FLRC 1040k pa5,0,2608211621,35,1,6198,-69.0,0.0,0,0,0
35,FLRC 1040k pa5,0,2608211621,35,1,6212,-69.0,0.0,0,0,0
35,FLRC 1040k pa5,0,2608211621,35,1,6226,-69.0,0.0,0,0,0
35,FLRC 1040k pa5,0,2608211621,35,1,6240,-69.0,0.0,0,0,0
35,FLRC 1040k pa5,0,2608211621,35,1,6254,-69.0,0.0,0,0,0
35,FLRC 1040k pa5,0,2608211621,35,1,6268,-69.0,0.0,0,0,0
36,FLRC 1300k pa5,0,2608211621,36,1,5555,-69.0,0.0,0,0,0
36,FLRC 1300k pa5,0,2608211621,36,1,5570,-69.0,0.0,0,0,0
36,FLRC 1300k pa5,0,2608211621,36,1,5584,-69.0,0.0,0,0,0
36,FLRC 1300k pa5,0,2608211621,36,1,5597,-69.0,0.0,0,0,0
36,FLRC 1300k pa5,0,2608211621,36,1,5611,-69.0,0.0,0,0,0
36,FLRC 1300k pa5,0,2608211621,36,1,5625,-69.0,0.0,0,0,0
36,FLRC 1300k pa5,0,2608211621,36,1,5639,-68.0,0.0,0,0,0
36,FLRC 1300k pa5,0,2608211621,36,1,5653,-69.0,0.0,0,0,0
36,FLRC 1300k pa5,0,2608211621,36,1,5667,-69.0,0.0,0,0,0
36,FLRC 1300k pa5,0,2608211621,36,1,5680,-69.0,0.0,0,0,0
36,FLRC 1300k pa5,0,2608211621,36,1,5694,-69.0,0.0,0,0,0
36,FLRC 1300k pa5,0,2608211621,36,1,5708,-69.0,0.0,0,0,0
36,FLRC 1300k pa5,0,2608211621,36,1,5722,-68.0,0.0,0,0,0
36,FLRC 1300k pa5,0,2608211621,36,1,5736,-68.0,0.0,0,0,0
36,FLRC 1300k pa5,0,2608211621,36,1,5750,-69.0,0.0,0,0,0
36,FLRC 1300k pa5,0,2608211621,36,1,5763,-69.0,0.0,0,0,0
36,FLRC 1300k pa5,0,2608211621,36,1,5777,-68.0,0.0,0,0,0
36,FLRC 1300k pa5,0,2608211621,36,1,5791,-69.0,0.0,0,0,0
36,FLRC 1300k pa5,0,2608211621,36,1,5805,-69.0,0.0,0,0,0
36,FLRC 1300k pa5,0,2608211621,36,1,5819,-69.0,0.0,0,0,0
36,FLRC 1300k pa5,0,2608211621,36,1,5832,-69.0,0.0,0,0,0
36,FLRC 1300k pa5,0,2608211621,36,1,5846,-69.0,0.0,0,0,0
36,FLRC 1300k pa5,0,2608211621,36,1,5860,-69.0,0.0,0,0,0
36,FLRC 1300k pa5,0,2608211621,36,1,5874,-69.0,0.0,0,0,0
36,FLRC 1300k pa5,0,2608211621,36,1,5888,-69.0,0.0,0,0,0
36,FLRC 1300k pa5,0,2608211621,36,1,5902,-69.0,0.0,0,0,0
36,FLRC 1300k pa5,0,2608211621,36,1,5915,-68.0,0.0,0,0,0
36,FLRC 1300k pa5,0,2608211621,36,1,5929,-68.0,0.0,0,0,0
36,FLRC 1300k pa5,0,2608211621,36,1,5943,-68.0,0.0,0,0,0
36,FLRC 1300k pa5,0,2608211621,36,1,5957,-68.0,0.0,0,0,0
36,FLRC 1300k pa5,0,2608211621,36,1,5971,-69.0,0.0,0,0,0
36,FLRC 1300k pa5,0,2608211621,36,1,5985,-69.0,0.0,0,0,0
36,FLRC 1300k pa5,0,2608211621,36,1,5998,-69.0,0.0,0,0,0
36,FLRC 1300k pa5,0,2608211621,36,1,6012,-68.0,0.0,0,0,0
36,FLRC 1300k pa5,0,2608211621,36,1,6026,-69.0,0.0,0,0,0
36,FLRC 1300k pa5,0,2608211621,36,1,6040,-68.0,0.0,0,0,0
36,FLRC 1300k pa5,0,2608211621,36,1,6054,-69.0,0.0,0,0,0
36,FLRC 1300k pa5,0,2608211621,36,1,6068,-69.0,0.0,0,0,0
36,FLRC 1300k pa5,0,2608211621,36,1,6081,-69.0,0.0,0,0,0
36,FLRC 1300k pa5,0,2608211621,36,1,6095,-68.0,0.0,0,0,0
36,FLRC 1300k pa5,0,2608211621,36,1,6109,-68.0,0.0,0,0,0
36,FLRC 1300k pa5,0,2608211621,36,1,6123,-69.0,0.0,0,0,0
36,FLRC 1300k pa5,0,2608211621,36,1,6137,-69.0,0.0,0,0,0
36,FLRC 1300k pa5,0,2608211621,36,1,6151,-69.0,0.0,0,0,0
36,FLRC 1300k pa5,0,2608211621,36,1,6164,-69.0,0.0,0,0,0
36,FLRC 1300k pa5,0,2608211621,36,1,6178,-68.0,0.0,0,0,0
36,FLRC 1300k pa5,0,2608211621,36,1,6192,-68.0,0.0,0,0,0
36,FLRC 1300k pa5,0,2608211621,36,1,6206,-69.0,0.0,0,0,0
36,FLRC 1300k pa5,0,2608211621,36,1,6220,-69.0,0.0,0,0,0
36,FLRC 1300k pa5,0,2608211621,36,1,6234,-69.0,0.0,0,0,0
37,FLRC 2080k pa5,0,2608211621,37,1,5589,-66.0,0.0,0,0,0
37,FLRC 2080k pa5,0,2608211621,37,1,5604,-67.0,0.0,0,0,0
37,FLRC 2080k pa5,0,2608211621,37,1,5617,-65.0,0.0,0,0,0
37,FLRC 2080k pa5,0,2608211621,37,1,5631,-66.0,0.0,0,0,0
37,FLRC 2080k pa5,0,2608211621,37,1,5645,-66.0,0.0,0,0,0
37,FLRC 2080k pa5,0,2608211621,37,1,5658,-66.0,0.0,0,0,0
37,FLRC 2080k pa5,0,2608211621,37,1,5672,-66.0,0.0,0,0,0
37,FLRC 2080k pa5,0,2608211621,37,1,5685,-67.0,0.0,0,0,0
37,FLRC 2080k pa5,0,2608211621,37,1,5699,-67.0,0.0,0,0,0
37,FLRC 2080k pa5,0,2608211621,37,1,5713,-66.0,0.0,0,0,0
37,FLRC 2080k pa5,0,2608211621,37,1,5726,-67.0,0.0,0,0,0
37,FLRC 2080k pa5,0,2608211621,37,1,5740,-67.0,0.0,0,0,0
37,FLRC 2080k pa5,0,2608211621,37,1,5753,-67.0,0.0,0,0,0
37,FLRC 2080k pa5,0,2608211621,37,1,5767,-67.0,0.0,0,0,0
37,FLRC 2080k pa5,0,2608211621,37,1,5781,-66.0,0.0,0,0,0
37,FLRC 2080k pa5,0,2608211621,37,1,5794,-66.0,0.0,0,0,0
37,FLRC 2080k pa5,0,2608211621,37,1,5808,-66.0,0.0,0,0,0
37,FLRC 2080k pa5,0,2608211621,37,1,5821,-67.0,0.0,0,0,0
37,FLRC 2080k pa5,0,2608211621,37,1,5835,-67.0,0.0,0,0,0
37,FLRC 2080k pa5,0,2608211621,37,1,5849,-66.0,0.0,0,0,0
37,FLRC 2080k pa5,0,2608211621,37,1,5862,-67.0,0.0,0,0,0
37,FLRC 2080k pa5,0,2608211621,37,1,5876,-67.0,0.0,0,0,0
37,FLRC 2080k pa5,0,2608211621,37,1,5890,-66.0,0.0,0,0,0
37,FLRC 2080k pa5,0,2608211621,37,1,5903,-67.0,0.0,0,0,0
37,FLRC 2080k pa5,0,2608211621,37,1,5917,-66.0,0.0,0,0,0
37,FLRC 2080k pa5,0,2608211621,37,1,5930,-68.0,0.0,0,0,0
37,FLRC 2080k pa5,0,2608211621,37,1,5944,-66.0,0.0,0,0,0
37,FLRC 2080k pa5,0,2608211621,37,1,5958,-67.0,0.0,0,0,0
37,FLRC 2080k pa5,0,2608211621,37,1,5971,-66.0,0.0,0,0,0
37,FLRC 2080k pa5,0,2608211621,37,1,5985,-66.0,0.0,0,0,0
37,FLRC 2080k pa5,0,2608211621,37,1,5998,-66.0,0.0,0,0,0
37,FLRC 2080k pa5,0,2608211621,37,1,6012,-67.0,0.0,0,0,0
37,FLRC 2080k pa5,0,2608211621,37,1,6026,-66.0,0.0,0,0,0
37,FLRC 2080k pa5,0,2608211621,37,1,6039,-66.0,0.0,0,0,0
37,FLRC 2080k pa5,0,2608211621,37,1,6053,-66.0,0.0,0,0,0
37,FLRC 2080k pa5,0,2608211621,37,1,6066,-66.0,0.0,0,0,0
37,FLRC 2080k pa5,0,2608211621,37,1,6080,-66.0,0.0,0,0,0
37,FLRC 2080k pa5,0,2608211621,37,1,6094,-67.0,0.0,0,0,0
37,FLRC 2080k pa5,0,2608211621,37,1,6107,-66.0,0.0,0,0,0
37,FLRC 2080k pa5,0,2608211621,37,1,6121,-67.0,0.0,0,0,0
37,FLRC 2080k pa5,0,2608211621,37,1,6134,-66.0,0.0,0,0,0
37,FLRC 2080k pa5,0,2608211621,37,1,6148,-66.0,0.0,0,0,0
37,FLRC 2080k pa5,0,2608211621,37,1,6162,-67.0,0.0,0,0,0
37,FLRC 2080k pa5,0,2608211621,37,1,6175,-66.0,0.0,0,0,0
37,FLRC 2080k pa5,0,2608211621,37,1,6189,-66.0,0.0,0,0,0
37,FLRC 2080k pa5,0,2608211621,37,1,6203,-66.0,0.0,0,0,0
37,FLRC 2080k pa5,0,2608211621,37,1,6216,-67.0,0.0,0,0,0
37,FLRC 2080k pa5,0,2608211621,37,1,6230,-67.0,0.0,0,0,0
37,FLRC 2080k pa5,0,2608211621,37,1,6243,-67.0,0.0,0,0,0
37,FLRC 2080k pa5,0,2608211621,37,1,6257,-66.0,0.0,0,0,0
38,FLRC 2600k pa5,0,2608211621,38,1,5583,-66.0,0.0,0,0,0
38,FLRC 2600k pa5,0,2608211621,38,1,5597,-66.0,0.0,0,0,0
38,FLRC 2600k pa5,0,2608211621,38,1,5611,-66.0,0.0,0,0,0
38,FLRC 2600k pa5,0,2608211621,38,1,5625,-66.0,0.0,0,0,0
38,FLRC 2600k pa5,0,2608211621,38,1,5638,-66.0,0.0,0,0,0
38,FLRC 2600k pa5,0,2608211621,38,1,5652,-66.0,0.0,0,0,0
38,FLRC 2600k pa5,0,2608211621,38,1,5665,-66.0,0.0,0,0,0
38,FLRC 2600k pa5,0,2608211621,38,1,5679,-66.0,0.0,0,0,0
38,FLRC 2600k pa5,0,2608211621,38,1,5692,-66.0,0.0,0,0,0
38,FLRC 2600k pa5,0,2608211621,38,1,5706,-67.0,0.0,0,0,0
38,FLRC 2600k pa5,0,2608211621,38,1,5719,-65.0,0.0,0,0,0
38,FLRC 2600k pa5,0,2608211621,38,1,5733,-67.0,0.0,0,0,0
38,FLRC 2600k pa5,0,2608211621,38,1,5746,-66.0,0.0,0,0,0
38,FLRC 2600k pa5,0,2608211621,38,1,5760,-66.0,0.0,0,0,0
38,FLRC 2600k pa5,0,2608211621,38,1,5773,-66.0,0.0,0,0,0
38,FLRC 2600k pa5,0,2608211621,38,1,5787,-66.0,0.0,0,0,0
38,FLRC 2600k pa5,0,2608211621,38,1,5800,-65.0,0.0,0,0,0
38,FLRC 2600k pa5,0,2608211621,38,1,5814,-66.0,0.0,0,0,0
38,FLRC 2600k pa5,0,2608211621,38,1,5827,-66.0,0.0,0,0,0
38,FLRC 2600k pa5,0,2608211621,38,1,5841,-66.0,0.0,0,0,0
38,FLRC 2600k pa5,0,2608211621,38,1,5854,-67.0,0.0,0,0,0
38,FLRC 2600k pa5,0,2608211621,38,1,5868,-66.0,0.0,0,0,0
38,FLRC 2600k pa5,0,2608211621,38,1,5881,-67.0,0.0,0,0,0
38,FLRC 2600k pa5,0,2608211621,38,1,5895,-67.0,0.0,0,0,0
38,FLRC 2600k pa5,0,2608211621,38,1,5909,-66.0,0.0,0,0,0
38,FLRC 2600k pa5,0,2608211621,38,1,5922,-66.0,0.0,0,0,0
38,FLRC 2600k pa5,0,2608211621,38,1,5936,-66.0,0.0,0,0,0
38,FLRC 2600k pa5,0,2608211621,38,1,5949,-66.0,0.0,0,0,0
38,FLRC 2600k pa5,0,2608211621,38,1,5963,-66.0,0.0,0,0,0
38,FLRC 2600k pa5,0,2608211621,38,1,5976,-66.0,0.0,0,0,0
38,FLRC 2600k pa5,0,2608211621,38,1,5990,-67.0,0.0,0,0,0
38,FLRC 2600k pa5,0,2608211621,38,1,6003,-65.0,0.0,0,0,0
38,FLRC 2600k pa5,0,2608211621,38,1,6017,-66.0,0.0,0,0,0
38,FLRC 2600k pa5,0,2608211621,38,1,6030,-66.0,0.0,0,0,0
38,FLRC 2600k pa5,0,2608211621,38,1,6044,-66.0,0.0,0,0,0
38,FLRC 2600k pa5,0,2608211621,38,1,6057,-67.0,0.0,0,0,0
38,FLRC 2600k pa5,0,2608211621,38,1,6071,-65.0,0.0,0,0,0
38,FLRC 2600k pa5,0,2608211621,38,1,6084,-67.0,0.0,0,0,0
38,FLRC 2600k pa5,0,2608211621,38,1,6098,-66.0,0.0,0,0,0
38,FLRC 2600k pa5,0,2608211621,38,1,6111,-66.0,0.0,0,0,0
38,FLRC 2600k pa5,0,2608211621,38,1,6125,-66.0,0.0,0,0,0
38,FLRC 2600k pa5,0,2608211621,38,1,6138,-66.0,0.0,0,0,0
38,FLRC 2600k pa5,0,2608211621,38,1,6152,-66.0,0.0,0,0,0
38,FLRC 2600k pa5,0,2608211621,38,1,6165,-67.0,0.0,0,0,0
38,FLRC 2600k pa5,0,2608211621,38,1,6179,-66.0,0.0,0,0,0
38,FLRC 2600k pa5,0,2608211621,38,1,6192,-66.0,0.0,0,0,0
38,FLRC 2600k pa5,0,2608211621,38,1,6206,-66.0,0.0,0,0,0
38,FLRC 2600k pa5,0,2608211621,38,1,6220,-66.0,0.0,0,0,0
38,FLRC 2600k pa5,0,2608211621,38,1,6233,-66.0,0.0,0,0,0
38,FLRC 2600k pa5,0,2608211621,38,1,6247,-66.0,0.0,0,0,0
39,FLRC 650k pa0,0,2608211621,39,1,5578,-71.0,0.0,0,0,0
39,FLRC 650k pa0,0,2608211621,39,1,5593,-71.0,0.0,0,0,0
39,FLRC 650k pa0,0,2608211621,39,1,5607,-71.0,0.0,0,0,0
39,FLRC 650k pa0,0,2608211621,39,1,5622,-70.0,0.0,0,0,0
39,FLRC 650k pa0,0,2608211621,39,1,5636,-71.0,0.0,0,0,0
39,FLRC 650k pa0,0,2608211621,39,1,5651,-72.0,0.0,0,0,0
39,FLRC 650k pa0,0,2608211621,39,1,5665,-71.0,0.0,0,0,0
39,FLRC 650k pa0,0,2608211621,39,1,5679,-69.0,0.0,0,0,0
39,FLRC 650k pa0,0,2608211621,39,1,5694,-71.0,0.0,0,0,0
39,FLRC 650k pa0,0,2608211621,39,1,5708,-71.0,0.0,0,0,0
39,FLRC 650k pa0,0,2608211621,39,1,5723,-71.0,0.0,0,0,0
39,FLRC 650k pa0,0,2608211621,39,1,5737,-71.0,0.0,0,0,0
39,FLRC 650k pa0,0,2608211621,39,1,5752,-71.0,0.0,0,0,0
39,FLRC 650k pa0,0,2608211621,39,1,5766,-71.0,0.0,0,0,0
39,FLRC 650k pa0,0,2608211621,39,1,5781,-70.0,0.0,0,0,0
39,FLRC 650k pa0,0,2608211621,39,1,5795,-71.0,0.0,0,0,0
39,FLRC 650k pa0,0,2608211621,39,1,5809,-71.0,0.0,0,0,0
39,FLRC 650k pa0,0,2608211621,39,1,5824,-70.0,0.0,0,0,0
39,FLRC 650k pa0,0,2608211621,39,1,5838,-70.0,0.0,0,0,0
39,FLRC 650k pa0,0,2608211621,39,1,5853,-71.0,0.0,0,0,0
39,FLRC 650k pa0,0,2608211621,39,1,5867,-71.0,0.0,0,0,0
39,FLRC 650k pa0,0,2608211621,39,1,5882,-71.0,0.0,0,0,0
39,FLRC 650k pa0,0,2608211621,39,1,5896,-70.0,0.0,0,0,0
39,FLRC 650k pa0,0,2608211621,39,1,5911,-71.0,0.0,0,0,0
39,FLRC 650k pa0,0,2608211621,39,1,5925,-71.0,0.0,0,0,0
39,FLRC 650k pa0,0,2608211621,39,1,5939,-70.0,0.0,0,0,0
39,FLRC 650k pa0,0,2608211621,39,1,5954,-70.0,0.0,0,0,0
39,FLRC 650k pa0,0,2608211621,39,1,5968,-71.0,0.0,0,0,0
39,FLRC 650k pa0,0,2608211621,39,1,5983,-71.0,0.0,0,0,0
39,FLRC 650k pa0,0,2608211621,39,1,5997,-71.0,0.0,0,0,0
39,FLRC 650k pa0,0,2608211621,39,1,6012,-71.0,0.0,0,0,0
39,FLRC 650k pa0,0,2608211621,39,1,6026,-71.0,0.0,0,0,0
39,FLRC 650k pa0,0,2608211621,39,1,6041,-71.0,0.0,0,0,0
39,FLRC 650k pa0,0,2608211621,39,1,6055,-71.0,0.0,0,0,0
39,FLRC 650k pa0,0,2608211621,39,1,6069,-71.0,0.0,0,0,0
39,FLRC 650k pa0,0,2608211621,39,1,6084,-71.0,0.0,0,0,0
39,FLRC 650k pa0,0,2608211621,39,1,6098,-71.0,0.0,0,0,0
39,FLRC 650k pa0,0,2608211621,39,1,6113,-72.0,0.0,0,0,0
39,FLRC 650k pa0,0,2608211621,39,1,6127,-71.0,0.0,0,0,0
39,FLRC 650k pa0,0,2608211621,39,1,6142,-71.0,0.0,0,0,0
39,FLRC 650k pa0,0,2608211621,39,1,6156,-70.0,0.0,0,0,0
39,FLRC 650k pa0,0,2608211621,39,1,6171,-70.0,0.0,0,0,0
39,FLRC 650k pa0,0,2608211621,39,1,6185,-70.0,0.0,0,0,0
39,FLRC 650k pa0,0,2608211621,39,1,6199,-72.0,0.0,0,0,0
39,FLRC 650k pa0,0,2608211621,39,1,6214,-71.0,0.0,0,0,0
39,FLRC 650k pa0,0,2608211621,39,1,6228,-71.0,0.0,0,0,0
39,FLRC 650k pa0,0,2608211621,39,1,6243,-70.0,0.0,0,0,0
39,FLRC 650k pa0,0,2608211621,39,1,6257,-71.0,0.0,0,0,0
39,FLRC 650k pa0,0,2608211621,39,1,6272,-71.0,0.0,0,0,0
39,FLRC 650k pa0,0,2608211621,39,1,6286,-71.0,0.0,0,0,0
40,FLRC 650k pa1,0,2608211621,40,1,5653,-71.0,0.0,0,0,0
40,FLRC 650k pa1,0,2608211621,40,1,5667,-72.0,0.0,0,0,0
40,FLRC 650k pa1,0,2608211621,40,1,5681,-71.0,0.0,0,0,0
40,FLRC 650k pa1,0,2608211621,40,1,5696,-71.0,0.0,0,0,0
40,FLRC 650k pa1,0,2608211621,40,1,5710,-71.0,0.0,0,0,0
40,FLRC 650k pa1,0,2608211621,40,1,5725,-71.0,0.0,0,0,0
40,FLRC 650k pa1,0,2608211621,40,1,5739,-71.0,0.0,0,0,0
40,FLRC 650k pa1,0,2608211621,40,1,5754,-71.0,0.0,0,0,0
40,FLRC 650k pa1,0,2608211621,40,1,5768,-71.0,0.0,0,0,0
40,FLRC 650k pa1,0,2608211621,40,1,5783,-70.0,0.0,0,0,0
40,FLRC 650k pa1,0,2608211621,40,1,5797,-71.0,0.0,0,0,0
40,FLRC 650k pa1,0,2608211621,40,1,5812,-71.0,0.0,0,0,0
40,FLRC 650k pa1,0,2608211621,40,1,5826,-71.0,0.0,0,0,0
40,FLRC 650k pa1,0,2608211621,40,1,5840,-71.0,0.0,0,0,0
40,FLRC 650k pa1,0,2608211621,40,1,5855,-70.0,0.0,0,0,0
40,FLRC 650k pa1,0,2608211621,40,1,5869,-71.0,0.0,0,0,0
40,FLRC 650k pa1,0,2608211621,40,1,5884,-70.0,0.0,0,0,0
40,FLRC 650k pa1,0,2608211621,40,1,5898,-70.0,0.0,0,0,0
40,FLRC 650k pa1,0,2608211621,40,1,5913,-71.0,0.0,0,0,0
40,FLRC 650k pa1,0,2608211621,40,1,5927,-71.0,0.0,0,0,0
40,FLRC 650k pa1,0,2608211621,40,1,5942,-71.0,0.0,0,0,0
40,FLRC 650k pa1,0,2608211621,40,1,5956,-71.0,0.0,0,0,0
40,FLRC 650k pa1,0,2608211621,40,1,5971,-70.0,0.0,0,0,0
40,FLRC 650k pa1,0,2608211621,40,1,5985,-69.0,0.0,0,0,0
40,FLRC 650k pa1,0,2608211621,40,1,5999,-70.0,0.0,0,0,0
40,FLRC 650k pa1,0,2608211621,40,1,6014,-72.0,0.0,0,0,0
40,FLRC 650k pa1,0,2608211621,40,1,6028,-71.0,0.0,0,0,0
40,FLRC 650k pa1,0,2608211621,40,1,6043,-71.0,0.0,0,0,0
40,FLRC 650k pa1,0,2608211621,40,1,6057,-70.0,0.0,0,0,0
40,FLRC 650k pa1,0,2608211621,40,1,6072,-71.0,0.0,0,0,0
40,FLRC 650k pa1,0,2608211621,40,1,6086,-70.0,0.0,0,0,0
40,FLRC 650k pa1,0,2608211621,40,1,6101,-71.0,0.0,0,0,0
40,FLRC 650k pa1,0,2608211621,40,1,6115,-71.0,0.0,0,0,0
40,FLRC 650k pa1,0,2608211621,40,1,6129,-71.0,0.0,0,0,0
40,FLRC 650k pa1,0,2608211621,40,1,6144,-71.0,0.0,0,0,0
40,FLRC 650k pa1,0,2608211621,40,1,6158,-70.0,0.0,0,0,0
40,FLRC 650k pa1,0,2608211621,40,1,6173,-70.0,0.0,0,0,0
40,FLRC 650k pa1,0,2608211621,40,1,6187,-70.0,0.0,0,0,0
40,FLRC 650k pa1,0,2608211621,40,1,6202,-71.0,0.0,0,0,0
40,FLRC 650k pa1,0,2608211621,40,1,6216,-71.0,0.0,0,0,0
40,FLRC 650k pa1,0,2608211621,40,1,6231,-71.0,0.0,0,0,0
40,FLRC 650k pa1,0,2608211621,40,1,6245,-71.0,0.0,0,0,0
40,FLRC 650k pa1,0,2608211621,40,1,6260,-71.0,0.0,0,0,0
40,FLRC 650k pa1,0,2608211621,40,1,6274,-71.0,0.0,0,0,0
40,FLRC 650k pa1,0,2608211621,40,1,6288,-70.0,0.0,0,0,0
40,FLRC 650k pa1,0,2608211621,40,1,6303,-72.0,0.0,0,0,0
40,FLRC 650k pa1,0,2608211621,40,1,6317,-71.0,0.0,0,0,0
40,FLRC 650k pa1,0,2608211621,40,1,6332,-71.0,0.0,0,0,0
40,FLRC 650k pa1,0,2608211621,40,1,6346,-71.0,0.0,0,0,0
40,FLRC 650k pa1,0,2608211621,40,1,6361,-71.0,0.0,0,0,0
41,FLRC 650k pa3,0,2608211621,41,1,5583,-71.0,0.0,0,0,0
41,FLRC 650k pa3,0,2608211621,41,1,5597,-70.0,0.0,0,0,0
41,FLRC 650k pa3,0,2608211621,41,1,5612,-71.0,0.0,0,0,0
41,FLRC 650k pa3,0,2608211621,41,1,5626,-69.0,0.0,0,0,0
41,FLRC 650k pa3,0,2608211621,41,1,5641,-71.0,0.0,0,0,0
41,FLRC 650k pa3,0,2608211621,41,1,5655,-70.0,0.0,0,0,0
41,FLRC 650k pa3,0,2608211621,41,1,5669,-71.0,0.0,0,0,0
41,FLRC 650k pa3,0,2608211621,41,1,5684,-71.0,0.0,0,0,0
41,FLRC 650k pa3,0,2608211621,41,1,5698,-71.0,0.0,0,0,0
41,FLRC 650k pa3,0,2608211621,41,1,5713,-72.0,0.0,0,0,0
41,FLRC 650k pa3,0,2608211621,41,1,5727,-70.0,0.0,0,0,0
41,FLRC 650k pa3,0,2608211621,41,1,5742,-71.0,0.0,0,0,0
41,FLRC 650k pa3,0,2608211621,41,1,5756,-71.0,0.0,0,0,0
41,FLRC 650k pa3,0,2608211621,41,1,5771,-71.0,0.0,0,0,0
41,FLRC 650k pa3,0,2608211621,41,1,5785,-71.0,0.0,0,0,0
41,FLRC 650k pa3,0,2608211621,41,1,5799,-71.0,0.0,0,0,0
41,FLRC 650k pa3,0,2608211621,41,1,5814,-71.0,0.0,0,0,0
41,FLRC 650k pa3,0,2608211621,41,1,5828,-71.0,0.0,0,0,0
41,FLRC 650k pa3,0,2608211621,41,1,5843,-71.0,0.0,0,0,0
41,FLRC 650k pa3,0,2608211621,41,1,5857,-70.0,0.0,0,0,0
41,FLRC 650k pa3,0,2608211621,41,1,5872,-70.0,0.0,0,0,0
41,FLRC 650k pa3,0,2608211621,41,1,5886,-71.0,0.0,0,0,0
41,FLRC 650k pa3,0,2608211621,41,1,5901,-71.0,0.0,0,0,0
41,FLRC 650k pa3,0,2608211621,41,1,5915,-71.0,0.0,0,0,0
41,FLRC 650k pa3,0,2608211621,41,1,5929,-71.0,0.0,0,0,0
41,FLRC 650k pa3,0,2608211621,41,1,5944,-71.0,0.0,0,0,0
41,FLRC 650k pa3,0,2608211621,41,1,5958,-71.0,0.0,0,0,0
41,FLRC 650k pa3,0,2608211621,41,1,5973,-71.0,0.0,0,0,0
41,FLRC 650k pa3,0,2608211621,41,1,5987,-71.0,0.0,0,0,0
41,FLRC 650k pa3,0,2608211621,41,1,6002,-71.0,0.0,0,0,0
41,FLRC 650k pa3,0,2608211621,41,1,6016,-71.0,0.0,0,0,0
41,FLRC 650k pa3,0,2608211621,41,1,6030,-71.0,0.0,0,0,0
41,FLRC 650k pa3,0,2608211621,41,1,6045,-71.0,0.0,0,0,0
41,FLRC 650k pa3,0,2608211621,41,1,6059,-71.0,0.0,0,0,0
41,FLRC 650k pa3,0,2608211621,41,1,6074,-88.0,0.0,0,0,0
41,FLRC 650k pa3,0,2608211621,41,1,6088,-71.0,0.0,0,0,0
41,FLRC 650k pa3,0,2608211621,41,1,6103,-71.0,0.0,0,0,0
41,FLRC 650k pa3,0,2608211621,41,1,6117,-70.0,0.0,0,0,0
41,FLRC 650k pa3,0,2608211621,41,1,6132,-71.0,0.0,0,0,0
41,FLRC 650k pa3,0,2608211621,41,1,6146,-70.0,0.0,0,0,0
41,FLRC 650k pa3,0,2608211621,41,1,6160,-71.0,0.0,0,0,0
41,FLRC 650k pa3,0,2608211621,41,1,6175,-71.0,0.0,0,0,0
41,FLRC 650k pa3,0,2608211621,41,1,6189,-71.0,0.0,0,0,0
41,FLRC 650k pa3,0,2608211621,41,1,6204,-71.0,0.0,0,0,0
41,FLRC 650k pa3,0,2608211621,41,1,6218,-70.0,0.0,0,0,0
41,FLRC 650k pa3,0,2608211621,41,1,6233,-71.0,0.0,0,0,0
41,FLRC 650k pa3,0,2608211621,41,1,6247,-71.0,0.0,0,0,0
41,FLRC 650k pa3,0,2608211621,41,1,6262,-71.0,0.0,0,0,0
41,FLRC 650k pa3,0,2608211621,41,1,6276,-70.0,0.0,0,0,0
41,FLRC 650k pa3,0,2608211621,41,1,6290,-71.0,0.0,0,0,0
42,FLRC 650k pa7,0,2608211621,42,1,5582,-71.0,0.0,0,0,0
42,FLRC 650k pa7,0,2608211621,42,1,5596,-62.0,0.0,0,0,0
42,FLRC 650k pa7,0,2608211621,42,1,5611,-71.0,0.0,0,0,0
42,FLRC 650k pa7,0,2608211621,42,1,5625,-75.0,0.0,0,0,0
42,FLRC 650k pa7,0,2608211621,42,1,5640,-72.0,0.0,0,0,0
42,FLRC 650k pa7,0,2608211621,42,1,5654,-63.0,0.0,0,0,0
42,FLRC 650k pa7,0,2608211621,42,1,5668,-71.0,0.0,0,0,0
42,FLRC 650k pa7,0,2608211621,42,1,5683,-71.0,0.0,0,0,0
42,FLRC 650k pa7,0,2608211621,42,1,5697,-71.0,0.0,0,0,0
42,FLRC 650k pa7,0,2608211621,42,1,5712,-71.0,0.0,0,0,0
42,FLRC 650k pa7,0,2608211621,42,1,5726,-71.0,0.0,0,0,0
42,FLRC 650k pa7,0,2608211621,42,1,5741,-71.0,0.0,0,0,0
42,FLRC 650k pa7,0,2608211621,42,1,5755,-70.0,0.0,0,0,0
42,FLRC 650k pa7,0,2608211621,42,1,5770,-70.0,0.0,0,0,0
42,FLRC 650k pa7,0,2608211621,42,1,5784,-71.0,0.0,0,0,0
42,FLRC 650k pa7,0,2608211621,42,1,5798,-71.0,0.0,0,0,0
42,FLRC 650k pa7,0,2608211621,42,1,5813,-76.0,0.0,0,0,0
42,FLRC 650k pa7,0,2608211621,42,1,5827,-63.0,0.0,0,0,0
42,FLRC 650k pa7,0,2608211621,42,1,5842,-70.0,0.0,0,0,0
42,FLRC 650k pa7,0,2608211621,42,1,5856,-63.0,0.0,0,0,0
42,FLRC 650k pa7,0,2608211621,42,1,5871,-63.0,0.0,0,0,0
42,FLRC 650k pa7,0,2608211621,42,1,5885,-71.0,0.0,0,0,0
42,FLRC 650k pa7,0,2608211621,42,1,5900,-71.0,0.0,0,0,0
42,FLRC 650k pa7,0,2608211621,42,1,5914,-70.0,0.0,0,0,0
42,FLRC 650k pa7,0,2608211621,42,1,5928,-63.0,0.0,0,0,0
42,FLRC 650k pa7,0,2608211621,42,1,5943,-71.0,0.0,0,0,0
42,FLRC 650k pa7,0,2608211621,42,1,5957,-71.0,0.0,0,0,0
42,FLRC 650k pa7,0,2608211621,42,1,5972,-70.0,0.0,0,0,0
42,FLRC 650k pa7,0,2608211621,42,1,5986,-71.0,0.0,0,0,0
42,FLRC 650k pa7,0,2608211621,42,1,6001,-74.0,0.0,0,0,0
42,FLRC 650k pa7,0,2608211621,42,1,6015,-71.0,0.0,0,0,0
42,FLRC 650k pa7,0,2608211621,42,1,6030,-64.0,0.0,0,0,0
42,FLRC 650k pa7,0,2608211621,42,1,6044,-63.0,0.0,0,0,0
42,FLRC 650k pa7,0,2608211621,42,1,6058,-64.0,0.0,0,0,0
42,FLRC 650k pa7,0,2608211621,42,1,6073,-71.0,0.0,0,0,0
42,FLRC 650k pa7,0,2608211621,42,1,6087,-71.0,0.0,0,0,0
42,FLRC 650k pa7,0,2608211621,42,1,6102,-70.0,0.0,0,0,0
42,FLRC 650k pa7,0,2608211621,42,1,6116,-70.0,0.0,0,0,0
42,FLRC 650k pa7,0,2608211621,42,1,6131,-70.0,0.0,0,0,0
42,FLRC 650k pa7,0,2608211621,42,1,6145,-76.0,0.0,0,0,0
42,FLRC 650k pa7,0,2608211621,42,1,6159,-70.0,0.0,0,0,0
42,FLRC 650k pa7,0,2608211621,42,1,6174,-71.0,0.0,0,0,0
42,FLRC 650k pa7,0,2608211621,42,1,6188,-72.0,0.0,0,0,0
42,FLRC 650k pa7,0,2608211621,42,1,6203,-71.0,0.0,0,0,0
42,FLRC 650k pa7,0,2608211621,42,1,6217,-64.0,0.0,0,0,0
42,FLRC 650k pa7,0,2608211621,42,1,6232,-81.0,0.0,0,0,0
42,FLRC 650k pa7,0,2608211621,42,1,6246,-75.0,0.0,0,0,0
42,FLRC 650k pa7,0,2608211621,42,1,6261,-76.0,0.0,0,0,0
42,FLRC 650k pa7,0,2608211621,42,1,6275,-71.0,0.0,0,0,0
42,FLRC 650k pa7,0,2608211621,42,1,6289,-64.0,0.0,0,0,0
43,FLRC 650k pa10,0,2608211621,43,1,5585,-71.0,0.0,0,0,0
43,FLRC 650k pa10,0,2608211621,43,1,5599,-76.0,0.0,0,0,0
43,FLRC 650k pa10,0,2608211621,43,1,5614,-63.0,0.0,0,0,0
43,FLRC 650k pa10,0,2608211621,43,1,5628,-63.0,0.0,0,0,0
43,FLRC 650k pa10,0,2608211621,43,1,5643,-76.0,0.0,0,0,0
43,FLRC 650k pa10,0,2608211621,43,1,5657,-81.0,0.0,0,0,0
43,FLRC 650k pa10,0,2608211621,43,1,5672,-63.0,0.0,0,0,0
43,FLRC 650k pa10,0,2608211621,43,1,5686,-76.0,0.0,0,0,0
43,FLRC 650k pa10,0,2608211621,43,1,5701,-80.0,0.0,0,0,0
43,FLRC 650k pa10,0,2608211621,43,1,5715,-63.0,0.0,0,0,0
43,FLRC 650k pa10,0,2608211621,43,1,5729,-81.0,0.0,0,0,0
43,FLRC 650k pa10,0,2608211621,43,1,5744,-75.0,0.0,0,0,0
43,FLRC 650k pa10,0,2608211621,43,1,5758,-80.0,0.0,0,0,0
43,FLRC 650k pa10,0,2608211621,43,1,5773,-63.0,0.0,0,0,0
43,FLRC 650k pa10,0,2608211621,43,1,5787,-74.0,0.0,0,0,0
43,FLRC 650k pa10,0,2608211621,43,1,5802,-76.0,0.0,0,0,0
43,FLRC 650k pa10,0,2608211621,43,1,5816,-76.0,0.0,0,0,0
43,FLRC 650k pa10,0,2608211621,43,1,5831,-75.0,0.0,0,0,0
43,FLRC 650k pa10,0,2608211621,43,1,5845,-76.0,0.0,0,0,0
43,FLRC 650k pa10,0,2608211621,43,1,5860,-76.0,0.0,0,0,0
43,FLRC 650k pa10,0,2608211621,43,1,5874,-81.0,0.0,0,0,0
43,FLRC 650k pa10,0,2608211621,43,1,5888,-76.0,0.0,0,0,0
43,FLRC 650k pa10,0,2608211621,43,1,5903,-77.0,0.0,0,0,0
43,FLRC 650k pa10,0,2608211621,43,1,5917,-64.0,0.0,0,0,0
43,FLRC 650k pa10,0,2608211621,43,1,5932,-81.0,0.0,0,0,0
43,FLRC 650k pa10,0,2608211621,43,1,5946,-76.0,0.0,0,0,0
43,FLRC 650k pa10,0,2608211621,43,1,5961,-75.0,0.0,0,0,0
43,FLRC 650k pa10,0,2608211621,43,1,5975,-81.0,0.0,0,0,0
43,FLRC 650k pa10,0,2608211621,43,1,5990,-63.0,0.0,0,0,0
43,FLRC 650k pa10,0,2608211621,43,1,6004,-76.0,0.0,0,0,0
43,FLRC 650k pa10,0,2608211621,43,1,6019,-63.0,0.0,0,0,0
43,FLRC 650k pa10,0,2608211621,43,1,6033,-63.0,0.0,0,0,0
43,FLRC 650k pa10,0,2608211621,43,1,6047,-63.0,0.0,0,0,0
43,FLRC 650k pa10,0,2608211621,43,1,6062,-76.0,0.0,0,0,0
43,FLRC 650k pa10,0,2608211621,43,1,6076,-76.0,0.0,0,0,0
43,FLRC 650k pa10,0,2608211621,43,1,6091,-63.0,0.0,0,0,0
43,FLRC 650k pa10,0,2608211621,43,1,6105,-64.0,0.0,0,0,0
43,FLRC 650k pa10,0,2608211621,43,1,6120,-76.0,0.0,0,0,0
43,FLRC 650k pa10,0,2608211621,43,1,6134,-71.0,0.0,0,0,0
43,FLRC 650k pa10,0,2608211621,43,1,6149,-80.0,0.0,0,0,0
43,FLRC 650k pa10,0,2608211621,43,1,6163,-76.0,0.0,0,0,0
43,FLRC 650k pa10,0,2608211621,43,1,6177,-63.0,0.0,0,0,0
43,FLRC 650k pa10,0,2608211621,43,1,6192,-81.0,0.0,0,0,0
43,FLRC 650k pa10,0,2608211621,43,1,6206,-63.0,0.0,0,0,0
43,FLRC 650k pa10,0,2608211621,43,1,6221,-76.0,0.0,0,0,0
43,FLRC 650k pa10,0,2608211621,43,1,6235,-75.0,0.0,0,0,0
43,FLRC 650k pa10,0,2608211621,43,1,6250,-63.0,0.0,0,0,0
43,FLRC 650k pa10,0,2608211621,43,1,6264,-76.0,0.0,0,0,0
43,FLRC 650k pa10,0,2608211621,43,1,6279,-63.0,0.0,0,0,0
43,FLRC 650k pa10,0,2608211621,43,1,6293,-75.0,0.0,0,0,0
44,SF8 BW125 @ 863.000MHz,0,2608211621,44,1,5998,-36.0,16.0,1,0,24601
44,SF8 BW125 @ 863.000MHz,1,2608211621,44,1,6481,-37.0,16.0,1,0,14761
44,SF8 BW125 @ 863.000MHz,2,2608211621,44,1,6963,-36.0,16.0,1,0,10692
44,SF8 BW125 @ 863.000MHz,3,2608211621,44,1,7446,-36.0,16.0,1,0,28788
44,SF8 BW125 @ 863.000MHz,4,2608211621,44,1,7928,-36.0,16.0,1,0,62371
44,SF8 BW125 @ 863.000MHz,5,2608211621,44,1,8410,-36.0,16.0,1,0,43539
44,SF8 BW125 @ 863.000MHz,6,2608211621,44,1,8893,-37.0,16.0,1,0,47742
44,SF8 BW125 @ 863.000MHz,7,2608211621,44,1,9375,-37.0,15.0,1,0,58318
44,SF8 BW125 @ 863.000MHz,8,2608211621,44,1,9858,-37.0,17.0,1,0,22348
44,SF8 BW125 @ 863.000MHz,9,2608211621,44,1,10340,-38.0,17.0,1,0,3836
44,SF8 BW125 @ 863.000MHz,10,2608211621,44,1,10822,-38.0,16.0,1,0,7825
44,SF8 BW125 @ 863.000MHz,11,2608211621,44,1,11305,-38.0,16.0,1,0,18209
44,SF8 BW125 @ 863.000MHz,12,2608211621,44,1,11787,-38.0,16.0,1,0,50422
44,SF8 BW125 @ 863.000MHz,13,2608211621,44,1,12270,-38.0,16.0,1,0,40262
44,SF8 BW125 @ 863.000MHz,14,2608211621,44,1,12752,-38.0,16.0,1,0,36139
44,SF8 BW125 @ 863.000MHz,15,2608211621,44,1,13235,-38.0,16.0,1,0,54427
44,SF8 BW125 @ 863.000MHz,16,2608211621,44,1,13717,-38.0,16.0,1,0,3763
44,SF8 BW125 @ 863.000MHz,17,2608211621,44,1,14199,-38.0,16.0,1,0,22275
44,SF8 BW125 @ 863.000MHz,18,2608211621,44,1,14682,-38.0,17.0,1,0,18286
44,SF8 BW125 @ 863.000MHz,19,2608211621,44,1,15164,-38.0,16.0,1,0,7902
44,SF8 BW125 @ 863.000MHz,20,2608211621,44,1,15647,-38.0,16.0,1,0,40201
44,SF8 BW125 @ 863.000MHz,21,2608211621,44,1,16129,-38.0,16.0,1,0,50361
44,SF8 BW125 @ 863.000MHz,22,2608211621,44,1,16611,-38.0,16.0,1,0,54484
44,SF8 BW125 @ 863.000MHz,23,2608211621,44,1,17094,-38.0,16.0,1,0,36196
44,SF8 BW125 @ 863.000MHz,24,2608211621,44,1,17576,-38.0,17.0,1,0,14822
44,SF8 BW125 @ 863.000MHz,25,2608211621,44,1,18059,-38.0,17.0,1,0,24662
44,SF8 BW125 @ 863.000MHz,26,2608211621,44,1,18541,-38.0,16.0,1,0,28731
44,SF8 BW125 @ 863.000MHz,27,2608211621,44,1,19024,-38.0,17.0,1,0,10635
44,SF8 BW125 @ 863.000MHz,28,2608211621,44,1,19506,-38.0,17.0,1,0,43612
44,SF8 BW125 @ 863.000MHz,29,2608211621,44,1,19988,-38.0,17.0,1,0,62444
44,SF8 BW125 @ 863.000MHz,30,2608211621,44,1,20471,-38.0,17.0,1,0,58241
44,SF8 BW125 @ 863.000MHz,31,2608211621,44,1,20953,-38.0,16.0,1,0,47665
44,SF8 BW125 @ 863.000MHz,32,2608211621,44,1,21436,-38.0,17.0,1,0,48461
44,SF8 BW125 @ 863.000MHz,33,2608211621,44,1,21918,-38.0,16.0,1,0,58621
44,SF8 BW125 @ 863.000MHz,34,2608211621,44,1,22400,-38.0,16.0,1,0,62608
44,SF8 BW125 @ 863.000MHz,35,2608211621,44,1,22883,-38.0,16.0,1,0,44320
44,SF8 BW125 @ 863.000MHz,36,2608211621,44,1,23365,-38.0,16.0,1,0,12023
44,SF8 BW125 @ 863.000MHz,37,2608211621,44,1,23848,-38.0,17.0,1,0,30535
44,SF8 BW125 @ 863.000MHz,38,2608211621,44,1,24330,-38.0,17.0,1,0,26410
44,SF8 BW125 @ 863.000MHz,39,2608211621,44,1,24813,-38.0,17.0,1,0,16026
44,SF8 BW125 @ 863.000MHz,40,2608211621,44,1,25295,-38.0,17.0,1,0,35352
44,SF8 BW125 @ 863.000MHz,41,2608211621,44,1,25777,-38.0,17.0,1,0,54184
44,SF8 BW125 @ 863.000MHz,42,2608211621,44,1,26260,-38.0,17.0,1,0,50117
44,SF8 BW125 @ 863.000MHz,43,2608211621,44,1,26742,-38.0,16.0,1,0,39541
44,SF8 BW125 @ 863.000MHz,44,2608211621,44,1,27225,-38.0,17.0,1,0,6562
44,SF8 BW125 @ 863.000MHz,45,2608211621,44,1,27707,-38.0,16.0,1,0,16402
44,SF8 BW125 @ 863.000MHz,46,2608211621,44,1,28189,-38.0,16.0,1,0,20607
44,SF8 BW125 @ 863.000MHz,47,2608211621,44,1,28672,-38.0,16.0,1,0,2511
44,SF8 BW125 @ 863.000MHz,48,2608211621,44,1,29154,-38.0,17.0,1,0,54247
44,SF8 BW125 @ 863.000MHz,49,2608211621,44,1,29637,-38.0,16.0,1,0,35415
45,SF8 BW125 @ 865.000MHz,0,2608211621,45,1,6067,-36.0,16.0,1,0,24601
45,SF8 BW125 @ 865.000MHz,1,2608211621,45,1,6550,-36.0,16.0,1,0,14761
45,SF8 BW125 @ 865.000MHz,2,2608211621,45,1,7032,-36.0,16.0,1,0,10692
45,SF8 BW125 @ 865.000MHz,3,2608211621,45,1,7514,-36.0,16.0,1,0,28788
45,SF8 BW125 @ 865.000MHz,4,2608211621,45,1,7997,-36.0,16.0,1,0,62371
45,SF8 BW125 @ 865.000MHz,5,2608211621,45,1,8479,-36.0,16.0,1,0,43539
45,SF8 BW125 @ 865.000MHz,6,2608211621,45,1,8962,-36.0,16.0,1,0,47742
45,SF8 BW125 @ 865.000MHz,7,2608211621,45,1,9444,-36.0,16.0,1,0,58318
45,SF8 BW125 @ 865.000MHz,8,2608211621,45,1,9927,-36.0,16.0,1,0,22348
45,SF8 BW125 @ 865.000MHz,9,2608211621,45,1,10409,-36.0,16.0,1,0,3836
45,SF8 BW125 @ 865.000MHz,10,2608211621,45,1,10891,-36.0,16.0,1,0,7825
45,SF8 BW125 @ 865.000MHz,11,2608211621,45,1,11374,-36.0,16.0,1,0,18209
45,SF8 BW125 @ 865.000MHz,12,2608211621,45,1,11856,-36.0,16.0,1,0,50422
45,SF8 BW125 @ 865.000MHz,13,2608211621,45,1,12339,-36.0,16.0,1,0,40262
45,SF8 BW125 @ 865.000MHz,14,2608211621,45,1,12821,-36.0,16.0,1,0,36139
45,SF8 BW125 @ 865.000MHz,15,2608211621,45,1,13303,-36.0,16.0,1,0,54427
45,SF8 BW125 @ 865.000MHz,16,2608211621,45,1,13786,-36.0,16.0,1,0,3763
45,SF8 BW125 @ 865.000MHz,17,2608211621,45,1,14268,-36.0,16.0,1,0,22275
45,SF8 BW125 @ 865.000MHz,18,2608211621,45,1,14751,-36.0,16.0,1,0,18286
45,SF8 BW125 @ 865.000MHz,19,2608211621,45,1,15233,-35.0,17.0,1,0,7902
45,SF8 BW125 @ 865.000MHz,20,2608211621,45,1,15716,-36.0,16.0,1,0,40201
45,SF8 BW125 @ 865.000MHz,21,2608211621,45,1,16198,-36.0,16.0,1,0,50361
45,SF8 BW125 @ 865.000MHz,22,2608211621,45,1,16680,-35.0,16.0,1,0,54484
45,SF8 BW125 @ 865.000MHz,23,2608211621,45,1,17163,-35.0,17.0,1,0,36196
45,SF8 BW125 @ 865.000MHz,24,2608211621,45,1,17645,-35.0,16.0,1,0,14822
45,SF8 BW125 @ 865.000MHz,25,2608211621,45,1,18128,-35.0,16.0,1,0,24662
45,SF8 BW125 @ 865.000MHz,26,2608211621,45,1,18610,-35.0,16.0,1,0,28731
45,SF8 BW125 @ 865.000MHz,27,2608211621,45,1,19092,-35.0,16.0,1,0,10635
45,SF8 BW125 @ 865.000MHz,28,2608211621,45,1,19575,-35.0,17.0,1,0,43612
45,SF8 BW125 @ 865.000MHz,29,2608211621,45,1,20057,-35.0,17.0,1,0,62444
45,SF8 BW125 @ 865.000MHz,30,2608211621,45,1,20540,-35.0,17.0,1,0,58241
45,SF8 BW125 @ 865.000MHz,31,2608211621,45,1,21022,-35.0,16.0,1,0,47665
45,SF8 BW125 @ 865.000MHz,32,2608211621,45,1,21505,-35.0,17.0,1,0,48461
45,SF8 BW125 @ 865.000MHz,33,2608211621,45,1,21987,-35.0,16.0,1,0,58621
45,SF8 BW125 @ 865.000MHz,34,2608211621,45,1,22469,-35.0,17.0,1,0,62608
45,SF8 BW125 @ 865.000MHz,35,2608211621,45,1,22952,-35.0,16.0,1,0,44320
45,SF8 BW125 @ 865.000MHz,36,2608211621,45,1,23434,-35.0,17.0,1,0,12023
45,SF8 BW125 @ 865.000MHz,37,2608211621,45,1,23917,-35.0,16.0,1,0,30535
45,SF8 BW125 @ 865.000MHz,38,2608211621,45,1,24399,-35.0,17.0,1,0,26410
45,SF8 BW125 @ 865.000MHz,39,2608211621,45,1,24881,-35.0,16.0,1,0,16026
45,SF8 BW125 @ 865.000MHz,40,2608211621,45,1,25364,-35.0,16.0,1,0,35352
45,SF8 BW125 @ 865.000MHz,41,2608211621,45,1,25846,-35.0,16.0,1,0,54184
45,SF8 BW125 @ 865.000MHz,42,2608211621,45,1,26329,-35.0,16.0,1,0,50117
45,SF8 BW125 @ 865.000MHz,43,2608211621,45,1,26811,-36.0,16.0,1,0,39541
45,SF8 BW125 @ 865.000MHz,44,2608211621,45,1,27294,-36.0,16.0,1,0,6562
45,SF8 BW125 @ 865.000MHz,45,2608211621,45,1,27776,-36.0,16.0,1,0,16402
45,SF8 BW125 @ 865.000MHz,46,2608211621,45,1,28258,-36.0,16.0,1,0,20607
45,SF8 BW125 @ 865.000MHz,47,2608211621,45,1,28741,-36.0,16.0,1,0,2511
45,SF8 BW125 @ 865.000MHz,48,2608211621,45,1,29223,-36.0,16.0,1,0,54247
45,SF8 BW125 @ 865.000MHz,49,2608211621,45,1,29706,-36.0,16.0,1,0,35415
46,SF8 BW125 @ 869.525MHz,0,2608211621,46,1,6071,-33.0,16.0,1,0,24601
46,SF8 BW125 @ 869.525MHz,1,2608211621,46,1,6553,-33.0,16.0,1,0,14761
46,SF8 BW125 @ 869.525MHz,2,2608211621,46,1,7036,-33.0,16.0,1,0,10692
46,SF8 BW125 @ 869.525MHz,3,2608211621,46,1,7518,-33.0,16.0,1,0,28788
46,SF8 BW125 @ 869.525MHz,4,2608211621,46,1,8001,-32.0,16.0,1,0,62371
46,SF8 BW125 @ 869.525MHz,5,2608211621,46,1,8483,-32.0,16.0,1,0,43539
46,SF8 BW125 @ 869.525MHz,6,2608211621,46,1,8966,-32.0,16.0,1,0,47742
46,SF8 BW125 @ 869.525MHz,7,2608211621,46,1,9448,-32.0,16.0,1,0,58318
46,SF8 BW125 @ 869.525MHz,8,2608211621,46,1,9930,-32.0,16.0,1,0,22348
46,SF8 BW125 @ 869.525MHz,9,2608211621,46,1,10413,-32.0,16.0,1,0,3836
46,SF8 BW125 @ 869.525MHz,10,2608211621,46,1,10895,-32.0,16.0,1,0,7825
46,SF8 BW125 @ 869.525MHz,11,2608211621,46,1,11378,-32.0,16.0,1,0,18209
46,SF8 BW125 @ 869.525MHz,12,2608211621,46,1,11860,-33.0,16.0,1,0,50422
46,SF8 BW125 @ 869.525MHz,13,2608211621,46,1,12343,-33.0,16.0,1,0,40262
46,SF8 BW125 @ 869.525MHz,14,2608211621,46,1,12825,-33.0,16.0,1,0,36139
46,SF8 BW125 @ 869.525MHz,15,2608211621,46,1,13307,-33.0,16.0,1,0,54427
46,SF8 BW125 @ 869.525MHz,16,2608211621,46,1,13790,-33.0,16.0,1,0,3763
46,SF8 BW125 @ 869.525MHz,17,2608211621,46,1,14272,-33.0,16.0,1,0,22275
46,SF8 BW125 @ 869.525MHz,18,2608211621,46,1,14755,-33.0,16.0,1,0,18286
46,SF8 BW125 @ 869.525MHz,19,2608211621,46,1,15237,-33.0,16.0,1,0,7902
46,SF8 BW125 @ 869.525MHz,20,2608211621,46,1,15720,-33.0,16.0,1,0,40201
46,SF8 BW125 @ 869.525MHz,21,2608211621,46,1,16202,-33.0,16.0,1,0,50361
46,SF8 BW125 @ 869.525MHz,22,2608211621,46,1,16684,-33.0,16.0,1,0,54484
46,SF8 BW125 @ 869.525MHz,23,2608211621,46,1,17167,-33.0,15.0,1,0,36196
46,SF8 BW125 @ 869.525MHz,24,2608211621,46,1,17649,-33.0,16.0,1,0,14822
46,SF8 BW125 @ 869.525MHz,25,2608211621,46,1,18132,-33.0,16.0,1,0,24662
46,SF8 BW125 @ 869.525MHz,26,2608211621,46,1,18614,-32.0,16.0,1,0,28731
46,SF8 BW125 @ 869.525MHz,27,2608211621,46,1,19096,-32.0,16.0,1,0,10635
46,SF8 BW125 @ 869.525MHz,28,2608211621,46,1,19579,-32.0,16.0,1,0,43612
46,SF8 BW125 @ 869.525MHz,29,2608211621,46,1,20061,-32.0,16.0,1,0,62444
46,SF8 BW125 @ 869.525MHz,30,2608211621,46,1,20544,-33.0,16.0,1,0,58241
46,SF8 BW125 @ 869.525MHz,31,2608211621,46,1,21026,-32.0,16.0,1,0,47665
46,SF8 BW125 @ 869.525MHz,32,2608211621,46,1,21509,-33.0,16.0,1,0,48461
46,SF8 BW125 @ 869.525MHz,33,2608211621,46,1,21991,-33.0,16.0,1,0,58621
46,SF8 BW125 @ 869.525MHz,34,2608211621,46,1,22473,-34.0,15.0,1,0,62608
46,SF8 BW125 @ 869.525MHz,35,2608211621,46,1,22956,-33.0,15.0,1,0,44320
46,SF8 BW125 @ 869.525MHz,36,2608211621,46,1,23438,-33.0,16.0,1,0,12023
46,SF8 BW125 @ 869.525MHz,37,2608211621,46,1,23921,-33.0,16.0,1,0,30535
46,SF8 BW125 @ 869.525MHz,38,2608211621,46,1,24403,-33.0,16.0,1,0,26410
46,SF8 BW125 @ 869.525MHz,39,2608211621,46,1,24886,-33.0,16.0,1,0,16026
46,SF8 BW125 @ 869.525MHz,40,2608211621,46,1,25368,-33.0,16.0,1,0,35352
46,SF8 BW125 @ 869.525MHz,41,2608211621,46,1,25850,-32.0,16.0,1,0,54184
46,SF8 BW125 @ 869.525MHz,42,2608211621,46,1,26333,-33.0,16.0,1,0,50117
46,SF8 BW125 @ 869.525MHz,43,2608211621,46,1,26815,-33.0,16.0,1,0,39541
46,SF8 BW125 @ 869.525MHz,44,2608211621,46,1,27298,-32.0,16.0,1,0,6562
46,SF8 BW125 @ 869.525MHz,45,2608211621,46,1,27780,-33.0,16.0,1,0,16402
46,SF8 BW125 @ 869.525MHz,46,2608211621,46,1,28263,-32.0,16.0,1,0,20607
46,SF8 BW125 @ 869.525MHz,47,2608211621,46,1,28745,-32.0,16.0,1,0,2511
46,SF8 BW125 @ 869.525MHz,48,2608211621,46,1,29227,-32.0,16.0,1,0,54247
46,SF8 BW125 @ 869.525MHz,49,2608211621,46,1,29710,-32.0,16.0,1,0,35415
47,SF8 BW125 @ 870.000MHz,0,2608211621,47,1,5989,-32.0,17.0,1,0,24601
47,SF8 BW125 @ 870.000MHz,1,2608211621,47,1,6472,-32.0,16.0,1,0,14761
47,SF8 BW125 @ 870.000MHz,2,2608211621,47,1,6954,-32.0,16.0,1,0,10692
47,SF8 BW125 @ 870.000MHz,3,2608211621,47,1,7437,-32.0,16.0,1,0,28788
47,SF8 BW125 @ 870.000MHz,4,2608211621,47,1,7919,-32.0,16.0,1,0,62371
47,SF8 BW125 @ 870.000MHz,5,2608211621,47,1,8401,-32.0,16.0,1,0,43539
47,SF8 BW125 @ 870.000MHz,6,2608211621,47,1,8884,-32.0,16.0,1,0,47742
47,SF8 BW125 @ 870.000MHz,7,2608211621,47,1,9366,-32.0,16.0,1,0,58318
47,SF8 BW125 @ 870.000MHz,8,2608211621,47,1,9849,-32.0,16.0,1,0,22348
47,SF8 BW125 @ 870.000MHz,9,2608211621,47,1,10331,-32.0,16.0,1,0,3836
47,SF8 BW125 @ 870.000MHz,10,2608211621,47,1,10814,-32.0,16.0,1,0,7825
47,SF8 BW125 @ 870.000MHz,11,2608211621,47,1,11296,-32.0,16.0,1,0,18209
47,SF8 BW125 @ 870.000MHz,12,2608211621,47,1,11778,-33.0,16.0,1,0,50422
47,SF8 BW125 @ 870.000MHz,13,2608211621,47,1,12261,-32.0,16.0,1,0,40262
47,SF8 BW125 @ 870.000MHz,14,2608211621,47,1,12743,-32.0,16.0,1,0,36139
47,SF8 BW125 @ 870.000MHz,15,2608211621,47,1,13226,-32.0,16.0,1,0,54427
47,SF8 BW125 @ 870.000MHz,16,2608211621,47,1,13708,-32.0,16.0,1,0,3763
47,SF8 BW125 @ 870.000MHz,17,2608211621,47,1,14191,-32.0,16.0,1,0,22275
47,SF8 BW125 @ 870.000MHz,18,2608211621,47,1,14673,-32.0,16.0,1,0,18286
47,SF8 BW125 @ 870.000MHz,19,2608211621,47,1,15155,-32.0,16.0,1,0,7902
47,SF8 BW125 @ 870.000MHz,20,2608211621,47,1,15638,-32.0,16.0,1,0,40201
47,SF8 BW125 @ 870.000MHz,21,2608211621,47,1,16120,-32.0,16.0,1,0,50361
47,SF8 BW125 @ 870.000MHz,22,2608211621,47,1,16603,-32.0,16.0,1,0,54484
47,SF8 BW125 @ 870.000MHz,23,2608211621,47,1,17085,-32.0,16.0,1,0,36196
47,SF8 BW125 @ 870.000MHz,24,2608211621,47,1,17567,-32.0,16.0,1,0,14822
47,SF8 BW125 @ 870.000MHz,25,2608211621,47,1,18050,-32.0,16.0,1,0,24662
47,SF8 BW125 @ 870.000MHz,26,2608211621,47,1,18532,-32.0,16.0,1,0,28731
47,SF8 BW125 @ 870.000MHz,27,2608211621,47,1,19015,-32.0,16.0,1,0,10635
47,SF8 BW125 @ 870.000MHz,28,2608211621,47,1,19497,-32.0,16.0,1,0,43612
47,SF8 BW125 @ 870.000MHz,29,2608211621,47,1,19980,-33.0,16.0,1,0,62444
47,SF8 BW125 @ 870.000MHz,30,2608211621,47,1,20462,-33.0,16.0,1,0,58241
47,SF8 BW125 @ 870.000MHz,31,2608211621,47,1,20944,-32.0,16.0,1,0,47665
47,SF8 BW125 @ 870.000MHz,32,2608211621,47,1,21427,-32.0,16.0,1,0,48461
47,SF8 BW125 @ 870.000MHz,33,2608211621,47,1,21909,-33.0,16.0,1,0,58621
47,SF8 BW125 @ 870.000MHz,34,2608211621,47,1,22392,-33.0,16.0,1,0,62608
47,SF8 BW125 @ 870.000MHz,35,2608211621,47,1,22874,-32.0,16.0,1,0,44320
47,SF8 BW125 @ 870.000MHz,36,2608211621,47,1,23357,-32.0,16.0,1,0,12023
47,SF8 BW125 @ 870.000MHz,37,2608211621,47,1,23839,-32.0,16.0,1,0,30535
47,SF8 BW125 @ 870.000MHz,38,2608211621,47,1,24321,-32.0,16.0,1,0,26410
47,SF8 BW125 @ 870.000MHz,39,2608211621,47,1,24804,-32.0,16.0,1,0,16026
47,SF8 BW125 @ 870.000MHz,40,2608211621,47,1,25286,-32.0,16.0,1,0,35352
47,SF8 BW125 @ 870.000MHz,41,2608211621,47,1,25769,-33.0,16.0,1,0,54184
47,SF8 BW125 @ 870.000MHz,42,2608211621,47,1,26251,-32.0,16.0,1,0,50117
47,SF8 BW125 @ 870.000MHz,43,2608211621,47,1,26734,-33.0,16.0,1,0,39541
47,SF8 BW125 @ 870.000MHz,44,2608211621,47,1,27216,-33.0,16.0,1,0,6562
47,SF8 BW125 @ 870.000MHz,45,2608211621,47,1,27698,-32.0,16.0,1,0,16402
47,SF8 BW125 @ 870.000MHz,46,2608211621,47,1,28181,-32.0,16.0,1,0,20607
47,SF8 BW125 @ 870.000MHz,47,2608211621,47,1,28663,-32.0,16.0,1,0,2511
47,SF8 BW125 @ 870.000MHz,48,2608211621,47,1,29146,-32.0,17.0,1,0,54247
47,SF8 BW125 @ 870.000MHz,49,2608211621,47,1,29628,-32.0,16.0,1,0,35415
