idx,label,pkt_idx,session,config,replicate,ts_ms,rssi_dbm,snr_db,crc_ok,bit_err,pcrc16
0,SF5 BW125 PA10,0,2608222108,0,1,5810,-40.0,10.0,1,0,
0,SF5 BW125 PA10,1,2608222108,0,1,5907,-40.0,11.0,1,0,
0,SF5 BW125 PA10,2,2608222108,0,1,6003,-40.0,10.0,1,0,
0,SF5 BW125 PA10,3,2608222108,0,1,6099,-40.0,10.0,1,0,
0,SF5 BW125 PA10,4,2608222108,0,1,6195,-40.0,10.0,1,0,
0,SF5 BW125 PA10,5,2608222108,0,1,6291,-40.0,10.0,1,0,
0,SF5 BW125 PA10,6,2608222108,0,1,6387,-40.0,10.0,1,0,
0,SF5 BW125 PA10,7,2608222108,0,1,6484,-40.0,10.0,1,0,
0,SF5 BW125 PA10,8,2608222108,0,1,6580,-40.0,10.0,1,0,
0,SF5 BW125 PA10,9,2608222108,0,1,6676,-40.0,10.0,1,0,
0,SF5 BW125 PA10,10,2608222108,0,1,6772,-40.0,10.0,1,0,
0,SF5 BW125 PA10,11,2608222108,0,1,6868,-40.0,9.0,1,0,
0,SF5 BW125 PA10,12,2608222108,0,1,6964,-40.0,9.0,1,0,
0,SF5 BW125 PA10,13,2608222108,0,1,7061,-40.0,10.0,1,0,
0,SF5 BW125 PA10,14,2608222108,0,1,7157,-40.0,10.0,1,0,
0,SF5 BW125 PA10,15,2608222108,0,1,7253,-40.0,10.0,1,0,
0,SF5 BW125 PA10,16,2608222108,0,1,7349,-40.0,10.0,1,0,
0,SF5 BW125 PA10,17,2608222108,0,1,7445,-40.0,10.0,1,0,
0,SF5 BW125 PA10,18,2608222108,0,1,7541,-40.0,9.0,1,0,
0,SF5 BW125 PA10,19,2608222108,0,1,7638,-40.0,10.0,1,0,
0,SF5 BW125 PA10,20,2608222108,0,1,7734,-40.0,10.0,1,0,
0,SF5 BW125 PA10,21,2608222108,0,1,7830,-40.0,9.0,1,0,
0,SF5 BW125 PA10,22,2608222108,0,1,7926,-40.0,10.0,1,0,
0,SF5 BW125 PA10,23,2608222108,0,1,8022,-40.0,9.0,1,0,
0,SF5 BW125 PA10,24,2608222108,0,1,8118,-40.0,10.0,1,0,
0,SF5 BW125 PA10,25,2608222108,0,1,8214,-40.0,10.0,1,0,
0,SF5 BW125 PA10,26,2608222108,0,1,8311,-40.0,10.0,1,0,
0,SF5 BW125 PA10,27,2608222108,0,1,8407,-40.0,10.0,1,0,
0,SF5 BW125 PA10,28,2608222108,0,1,8503,-40.0,10.0,1,0,
0,SF5 BW125 PA10,29,2608222108,0,1,8599,-40.0,11.0,1,0,
0,SF5 BW125 PA10,30,2608222108,0,1,8695,-40.0,10.0,1,0,
0,SF5 BW125 PA10,31,2608222108,0,1,8791,-40.0,10.0,1,0,
0,SF5 BW125 PA10,32,2608222108,0,1,8888,-40.0,10.0,1,0,
0,SF5 BW125 PA10,33,2608222108,0,1,8984,-40.0,10.0,1,0,
0,SF5 BW125 PA10,34,2608222108,0,1,9080,-40.0,10.0,1,0,
0,SF5 BW125 PA10,35,2608222108,0,1,9176,-40.0,10.0,1,0,
0,SF5 BW125 PA10,36,2608222108,0,1,9272,-40.0,10.0,1,0,
0,SF5 BW125 PA10,37,2608222108,0,1,9368,-40.0,10.0,1,0,
0,SF5 BW125 PA10,38,2608222108,0,1,9465,-40.0,10.0,1,0,
0,SF5 BW125 PA10,39,2608222108,0,1,9561,-40.0,11.0,1,0,
0,SF5 BW125 PA10,40,2608222108,0,1,9657,-40.0,10.0,1,0,
0,SF5 BW125 PA10,41,2608222108,0,1,9753,-40.0,10.0,1,0,
0,SF5 BW125 PA10,42,2608222108,0,1,9849,-40.0,10.0,1,0,
0,SF5 BW125 PA10,43,2608222108,0,1,9945,-40.0,9.0,1,0,
0,SF5 BW125 PA10,44,2608222108,0,1,10042,-40.0,9.0,1,0,
0,SF5 BW125 PA10,45,2608222108,0,1,10138,-40.0,10.0,1,0,
0,SF5 BW125 PA10,46,2608222108,0,1,10234,-40.0,9.0,1,0,
0,SF5 BW125 PA10,47,2608222108,0,1,10330,-40.0,10.0,1,0,
0,SF5 BW125 PA10,48,2608222108,0,1,10426,-40.0,10.0,1,0,
0,SF5 BW125 PA10,49,2608222108,0,1,10522,-40.0,11.0,1,0,
1,SF6 BW125 PA10,0,2608222108,1,1,5866,-40.0,13.0,1,0,
1,SF6 BW125 PA10,1,2608222108,1,1,6025,-40.0,13.0,1,0,
1,SF6 BW125 PA10,2,2608222108,1,1,6185,-40.0,12.0,1,0,
1,SF6 BW125 PA10,3,2608222108,1,1,6344,-40.0,13.0,1,0,
1,SF6 BW125 PA10,4,2608222108,1,1,6503,-40.0,13.0,1,0,
1,SF6 BW125 PA10,5,2608222108,1,1,6662,-40.0,13.0,1,0,
1,SF6 BW125 PA10,6,2608222108,1,1,6821,-40.0,13.0,1,0,
1,SF6 BW125 PA10,7,2608222108,1,1,6980,-40.0,13.0,1,0,
1,SF6 BW125 PA10,8,2608222108,1,1,7139,-40.0,13.0,1,0,
1,SF6 BW125 PA10,9,2608222108,1,1,7298,-40.0,13.0,1,0,
1,SF6 BW125 PA10,10,2608222108,1,1,7457,-40.0,13.0,1,0,
1,SF6 BW125 PA10,11,2608222108,1,1,7616,-40.0,13.0,1,0,
1,SF6 BW125 PA10,12,2608222108,1,1,7775,-40.0,13.0,1,0,
1,SF6 BW125 PA10,13,2608222108,1,1,7934,-40.0,13.0,1,0,
1,SF6 BW125 PA10,14,2608222108,1,1,8093,-40.0,13.0,1,0,
1,SF6 BW125 PA10,15,2608222108,1,1,8252,-40.0,13.0,1,0,
1,SF6 BW125 PA10,16,2608222108,1,1,8411,-40.0,13.0,1,0,
1,SF6 BW125 PA10,17,2608222108,1,1,8570,-40.0,13.0,1,0,
1,SF6 BW125 PA10,18,2608222108,1,1,8729,-40.0,14.0,1,0,
1,SF6 BW125 PA10,19,2608222108,1,1,8888,-40.0,13.0,1,0,
1,SF6 BW125 PA10,20,2608222108,1,1,9047,-40.0,13.0,1,0,
1,SF6 BW125 PA10,21,2608222108,1,1,9206,-40.0,13.0,1,0,
1,SF6 BW125 PA10,22,2608222108,1,1,9365,-40.0,13.0,1,0,
1,SF6 BW125 PA10,23,2608222108,1,1,9524,-40.0,12.0,1,0,
1,SF6 BW125 PA10,24,2608222108,1,1,9683,-40.0,13.0,1,0,
1,SF6 BW125 PA10,25,2608222108,1,1,9842,-40.0,13.0,1,0,
1,SF6 BW125 PA10,26,2608222108,1,1,10001,-40.0,12.0,1,0,
1,SF6 BW125 PA10,27,2608222108,1,1,10160,-40.0,13.0,1,0,
1,SF6 BW125 PA10,28,2608222108,1,1,10319,-40.0,13.0,1,0,
1,SF6 BW125 PA10,29,2608222108,1,1,10478,-40.0,13.0,1,0,
1,SF6 BW125 PA10,30,2608222108,1,1,10637,-40.0,12.0,1,0,
1,SF6 BW125 PA10,31,2608222108,1,1,10796,-40.0,12.0,1,0,
1,SF6 BW125 PA10,32,2608222108,1,1,10955,-40.0,12.0,1,0,
1,SF6 BW125 PA10,33,2608222108,1,1,11114,-40.0,13.0,1,0,
1,SF6 BW125 PA10,34,2608222108,1,1,11273,-40.0,12.0,1,0,
1,SF6 BW125 PA10,35,2608222108,1,1,11432,-40.0,13.0,1,0,
1,SF6 BW125 PA10,36,2608222108,1,1,11591,-40.0,13.0,1,0,
1,SF6 BW125 PA10,37,2608222108,1,1,11750,-40.0,13.0,1,0,
1,SF6 BW125 PA10,38,2608222108,1,1,11909,-40.0,12.0,1,0,
1,SF6 BW125 PA10,39,2608222108,1,1,12068,-40.0,13.0,1,0,
1,SF6 BW125 PA10,40,2608222108,1,1,12227,-40.0,12.0,1,0,
1,SF6 BW125 PA10,41,2608222108,1,1,12386,-40.0,13.0,1,0,
1,SF6 BW125 PA10,42,2608222108,1,1,12545,-40.0,12.0,1,0,
1,SF6 BW125 PA10,43,2608222108,1,1,12704,-40.0,12.0,1,0,
1,SF6 BW125 PA10,44,2608222108,1,1,12863,-40.0,13.0,1,0,
1,SF6 BW125 PA10,45,2608222108,1,1,13022,-40.0,13.0,1,0,
1,SF6 BW125 PA10,46,2608222108,1,1,13181,-40.0,14.0,1,0,
1,SF6 BW125 PA10,47,2608222108,1,1,13340,-40.0,13.0,1,0,
1,SF6 BW125 PA10,48,2608222108,1,1,13499,-40.0,13.0,1,0,
1,SF6 BW125 PA10,49,2608222108,1,1,13658,-40.0,13.0,1,0,
2,SF7 BW125 PA10,0,2608222108,2,1,5901,-40.0,15.0,1,0,
2,SF7 BW125 PA10,1,2608222108,2,1,6169,-40.0,15.0,1,0,
2,SF7 BW125 PA10,2,2608222108,2,1,6436,-40.0,14.0,1,0,
2,SF7 BW125 PA10,3,2608222108,2,1,6704,-40.0,14.0,1,0,
2,SF7 BW125 PA10,4,2608222108,2,1,6972,-40.0,14.0,1,0,
2,SF7 BW125 PA10,5,2608222108,2,1,7240,-40.0,15.0,1,0,
2,SF7 BW125 PA10,6,2608222108,2,1,7508,-40.0,15.0,1,0,
2,SF7 BW125 PA10,7,2608222108,2,1,7776,-40.0,15.0,1,0,
2,SF7 BW125 PA10,8,2608222108,2,1,8044,-40.0,15.0,1,0,
2,SF7 BW125 PA10,9,2608222108,2,1,8311,-40.0,14.0,1,0,
2,SF7 BW125 PA10,10,2608222108,2,1,8579,-40.0,15.0,1,0,
2,SF7 BW125 PA10,11,2608222108,2,1,8847,-40.0,14.0,1,0,
2,SF7 BW125 PA10,12,2608222108,2,1,9115,-40.0,15.0,1,0,
2,SF7 BW125 PA10,13,2608222108,2,1,9383,-40.0,14.0,1,0,
2,SF7 BW125 PA10,14,2608222108,2,1,9651,-40.0,15.0,1,0,
2,SF7 BW125 PA10,15,2608222108,2,1,9918,-40.0,15.0,1,0,
2,SF7 BW125 PA10,16,2608222108,2,1,10186,-40.0,15.0,1,0,
2,SF7 BW125 PA10,17,2608222108,2,1,10454,-40.0,15.0,1,0,
2,SF7 BW125 PA10,18,2608222108,2,1,10722,-40.0,14.0,1,0,
2,SF7 BW125 PA10,19,2608222108,2,1,10990,-40.0,14.0,1,0,
2,SF7 BW125 PA10,20,2608222108,2,1,11258,-40.0,14.0,1,0,
2,SF7 BW125 PA10,21,2608222108,2,1,11526,-40.0,14.0,1,0,
2,SF7 BW125 PA10,22,2608222108,2,1,11793,-40.0,15.0,1,0,
2,SF7 BW125 PA10,23,2608222108,2,1,12061,-40.0,15.0,1,0,
2,SF7 BW125 PA10,24,2608222108,2,1,12329,-40.0,14.0,1,0,
2,SF7 BW125 PA10,25,2608222108,2,1,12597,-40.0,15.0,1,0,
2,SF7 BW125 PA10,26,2608222108,2,1,12865,-40.0,14.0,1,0,
2,SF7 BW125 PA10,27,2608222108,2,1,13133,-40.0,15.0,1,0,
2,SF7 BW125 PA10,28,2608222108,2,1,13401,-40.0,15.0,1,0,
2,SF7 BW125 PA10,29,2608222108,2,1,13668,-40.0,15.0,1,0,
2,SF7 BW125 PA10,30,2608222108,2,1,13936,-40.0,15.0,1,0,
2,SF7 BW125 PA10,31,2608222108,2,1,14204,-40.0,15.0,1,0,
2,SF7 BW125 PA10,32,2608222108,2,1,14472,-40.0,15.0,1,0,
2,SF7 BW125 PA10,33,2608222108,2,1,14740,-40.0,15.0,1,0,
2,SF7 BW125 PA10,34,2608222108,2,1,15008,-40.0,14.0,1,0,
2,SF7 BW125 PA10,35,2608222108,2,1,15275,-40.0,14.0,1,0,
2,SF7 BW125 PA10,36,2608222108,2,1,15543,-40.0,15.0,1,0,
2,SF7 BW125 PA10,37,2608222108,2,1,15811,-40.0,15.0,1,0,
2,SF7 BW125 PA10,38,2608222108,2,1,16079,-40.0,14.0,1,0,
2,SF7 BW125 PA10,39,2608222108,2,1,16347,-40.0,15.0,1,0,
2,SF7 BW125 PA10,40,2608222108,2,1,16615,-40.0,14.0,1,0,
2,SF7 BW125 PA10,41,2608222108,2,1,16883,-40.0,14.0,1,0,
2,SF7 BW125 PA10,42,2608222108,2,1,17150,-40.0,14.0,1,0,
2,SF7 BW125 PA10,43,2608222108,2,1,17418,-40.0,15.0,1,0,
2,SF7 BW125 PA10,44,2608222108,2,1,17686,-40.0,15.0,1,0,
2,SF7 BW125 PA10,45,2608222108,2,1,17954,-40.0,15.0,1,0,
2,SF7 BW125 PA10,46,2608222108,2,1,18222,-40.0,15.0,1,0,
2,SF7 BW125 PA10,47,2608222108,2,1,18490,-40.0,15.0,1,0,
2,SF7 BW125 PA10,48,2608222108,2,1,18757,-40.0,15.0,1,0,
2,SF7 BW125 PA10,49,2608222108,2,1,19025,-40.0,15.0,1,0,
3,SF8 BW125 PA10,0,2608222108,3,1,6000,-40.0,15.0,1,0,
3,SF8 BW125 PA10,1,2608222108,3,1,6483,-40.0,15.0,1,0,
3,SF8 BW125 PA10,2,2608222108,3,1,6965,-40.0,15.0,1,0,
3,SF8 BW125 PA10,3,2608222108,3,1,7448,-40.0,15.0,1,0,
3,SF8 BW125 PA10,4,2608222108,3,1,7930,-40.0,15.0,1,0,
3,SF8 BW125 PA10,5,2608222108,3,1,8413,-40.0,15.0,1,0,
3,SF8 BW125 PA10,6,2608222108,3,1,8895,-40.0,15.0,1,0,
3,SF8 BW125 PA10,7,2608222108,3,1,9377,-40.0,15.0,1,0,
3,SF8 BW125 PA10,8,2608222108,3,1,9860,-40.0,15.0,1,0,
3,SF8 BW125 PA10,9,2608222108,3,1,10342,-40.0,15.0,1,0,
3,SF8 BW125 PA10,10,2608222108,3,1,10825,-40.0,15.0,1,0,
3,SF8 BW125 PA10,11,2608222108,3,1,11307,-40.0,15.0,1,0,
3,SF8 BW125 PA10,12,2608222108,3,1,11790,-40.0,15.0,1,0,
3,SF8 BW125 PA10,13,2608222108,3,1,12272,-40.0,15.0,1,0,
3,SF8 BW125 PA10,14,2608222108,3,1,12754,-40.0,15.0,1,0,
3,SF8 BW125 PA10,15,2608222108,3,1,13237,-40.0,15.0,1,0,
3,SF8 BW125 PA10,16,2608222108,3,1,13719,-40.0,15.0,1,0,
3,SF8 BW125 PA10,17,2608222108,3,1,14202,-40.0,15.0,1,0,
3,SF8 BW125 PA10,18,2608222108,3,1,14684,-40.0,15.0,1,0,
3,SF8 BW125 PA10,19,2608222108,3,1,15167,-40.0,15.0,1,0,
3,SF8 BW125 PA10,20,2608222108,3,1,15649,-40.0,15.0,1,0,
3,SF8 BW125 PA10,21,2608222108,3,1,16131,-40.0,15.0,1,0,
3,SF8 BW125 PA10,22,2608222108,3,1,16614,-40.0,15.0,1,0,
3,SF8 BW125 PA10,23,2608222108,3,1,17096,-40.0,15.0,1,0,
3,SF8 BW125 PA10,24,2608222108,3,1,17579,-40.0,15.0,1,0,
3,SF8 BW125 PA10,25,2608222108,3,1,18061,-40.0,15.0,1,0,
3,SF8 BW125 PA10,26,2608222108,3,1,18544,-40.0,15.0,1,0,
3,SF8 BW125 PA10,27,2608222108,3,1,19026,-40.0,15.0,1,0,
3,SF8 BW125 PA10,28,2608222108,3,1,19508,-40.0,15.0,1,0,
3,SF8 BW125 PA10,29,2608222108,3,1,19991,-40.0,15.0,1,0,
3,SF8 BW125 PA10,30,2608222108,3,1,20473,-40.0,15.0,1,0,
3,SF8 BW125 PA10,31,2608222108,3,1,20956,-40.0,15.0,1,0,
3,SF8 BW125 PA10,32,2608222108,3,1,21438,-40.0,15.0,1,0,
3,SF8 BW125 PA10,33,2608222108,3,1,21921,-40.0,15.0,1,0,
3,SF8 BW125 PA10,34,2608222108,3,1,22403,-40.0,15.0,1,0,
3,SF8 BW125 PA10,35,2608222108,3,1,22885,-40.0,15.0,1,0,
3,SF8 BW125 PA10,36,2608222108,3,1,23368,-40.0,15.0,1,0,
3,SF8 BW125 PA10,37,2608222108,3,1,23850,-40.0,15.0,1,0,
3,SF8 BW125 PA10,38,2608222108,3,1,24333,-40.0,15.0,1,0,
3,SF8 BW125 PA10,39,2608222108,3,1,24815,-40.0,15.0,1,0,
3,SF8 BW125 PA10,40,2608222108,3,1,25298,-40.0,15.0,1,0,
3,SF8 BW125 PA10,41,2608222108,3,1,25780,-40.0,15.0,1,0,
3,SF8 BW125 PA10,42,2608222108,3,1,26262,-40.0,15.0,1,0,
3,SF8 BW125 PA10,43,2608222108,3,1,26745,-40.0,15.0,1,0,
3,SF8 BW125 PA10,44,2608222108,3,1,27227,-40.0,15.0,1,0,
3,SF8 BW125 PA10,45,2608222108,3,1,27710,-40.0,15.0,1,0,
3,SF8 BW125 PA10,46,2608222108,3,1,28192,-40.0,15.0,1,0,
3,SF8 BW125 PA10,47,2608222108,3,1,28675,-40.0,15.0,1,0,
3,SF8 BW125 PA10,48,2608222108,3,1,29157,-40.0,15.0,1,0,
3,SF8 BW125 PA10,49,2608222108,3,1,29639,-40.0,15.0,1,0,
4,SF9 BW125 PA10,0,2608222108,4,1,6151,-40.0,12.0,1,0,
4,SF9 BW125 PA10,1,2608222108,4,1,7017,-40.0,12.0,1,0,
4,SF9 BW125 PA10,2,2608222108,4,1,7884,-40.0,12.0,1,0,
4,SF9 BW125 PA10,3,2608222108,4,1,8750,-40.0,12.0,1,0,
4,SF9 BW125 PA10,4,2608222108,4,1,9617,-40.0,12.0,1,0,
4,SF9 BW125 PA10,5,2608222108,4,1,10483,-40.0,12.0,1,0,
4,SF9 BW125 PA10,6,2608222108,4,1,11350,-40.0,12.0,1,0,
4,SF9 BW125 PA10,7,2608222108,4,1,12216,-40.0,12.0,1,0,
4,SF9 BW125 PA10,8,2608222108,4,1,13083,-40.0,12.0,1,0,
4,SF9 BW125 PA10,9,2608222108,4,1,13949,-40.0,13.0,1,0,
4,SF9 BW125 PA10,10,2608222108,4,1,14816,-40.0,12.0,1,0,
4,SF9 BW125 PA10,11,2608222108,4,1,15682,-40.0,13.0,1,0,
4,SF9 BW125 PA10,12,2608222108,4,1,16549,-40.0,12.0,1,0,
4,SF9 BW125 PA10,13,2608222108,4,1,17416,-40.0,12.0,1,0,
4,SF9 BW125 PA10,14,2608222108,4,1,18282,-40.0,12.0,1,0,
4,SF9 BW125 PA10,15,2608222108,4,1,19149,-40.0,12.0,1,0,
4,SF9 BW125 PA10,16,2608222108,4,1,20015,-40.0,12.0,1,0,
4,SF9 BW125 PA10,17,2608222108,4,1,20882,-40.0,13.0,1,0,
4,SF9 BW125 PA10,18,2608222108,4,1,21748,-40.0,12.0,1,0,
4,SF9 BW125 PA10,19,2608222108,4,1,22615,-40.0,12.0,1,0,
4,SF9 BW125 PA10,20,2608222108,4,1,23481,-40.0,12.0,1,0,
4,SF9 BW125 PA10,21,2608222108,4,1,24348,-40.0,12.0,1,0,
4,SF9 BW125 PA10,22,2608222108,4,1,25214,-40.0,12.0,1,0,
4,SF9 BW125 PA10,23,2608222108,4,1,26081,-40.0,12.0,1,0,
4,SF9 BW125 PA10,24,2608222108,4,1,26947,-40.0,12.0,1,0,
4,SF9 BW125 PA10,25,2608222108,4,1,27814,-40.0,12.0,1,0,
4,SF9 BW125 PA10,26,2608222108,4,1,28680,-40.0,12.0,1,0,
4,SF9 BW125 PA10,27,2608222108,4,1,29547,-40.0,12.0,1,0,
4,SF9 BW125 PA10,28,2608222108,4,1,30413,-40.0,12.0,1,0,
4,SF9 BW125 PA10,29,2608222108,4,1,31280,-40.0,13.0,1,0,
4,SF9 BW125 PA10,30,2608222108,4,1,32146,-40.0,12.0,1,0,
4,SF9 BW125 PA10,31,2608222108,4,1,33013,-40.0,12.0,1,0,
4,SF9 BW125 PA10,32,2608222108,4,1,33879,-40.0,12.0,1,0,
4,SF9 BW125 PA10,33,2608222108,4,1,34746,-40.0,12.0,1,0,
4,SF9 BW125 PA10,34,2608222108,4,1,35612,-40.0,12.0,1,0,
4,SF9 BW125 PA10,35,2608222108,4,1,36479,-40.0,12.0,1,0,
4,SF9 BW125 PA10,36,2608222108,4,1,37346,-40.0,12.0,1,0,
4,SF9 BW125 PA10,37,2608222108,4,1,38212,-40.0,12.0,1,0,
4,SF9 BW125 PA10,38,2608222108,4,1,39079,-40.0,12.0,1,0,
4,SF9 BW125 PA10,39,2608222108,4,1,39945,-40.0,12.0,1,0,
4,SF9 BW125 PA10,40,2608222108,4,1,40812,-40.0,12.0,1,0,
4,SF9 BW125 PA10,41,2608222108,4,1,41678,-40.0,12.0,1,0,
4,SF9 BW125 PA10,42,2608222108,4,1,42545,-40.0,13.0,1,0,
4,SF9 BW125 PA10,43,2608222108,4,1,43411,-40.0,12.0,1,0,
4,SF9 BW125 PA10,44,2608222108,4,1,44278,-40.0,12.0,1,0,
4,SF9 BW125 PA10,45,2608222108,4,1,45144,-40.0,13.0,1,0,
4,SF9 BW125 PA10,46,2608222108,4,1,46011,-40.0,12.0,1,0,
4,SF9 BW125 PA10,47,2608222108,4,1,46877,-40.0,13.0,1,0,
4,SF9 BW125 PA10,48,2608222108,4,1,47744,-40.0,12.0,1,0,
4,SF9 BW125 PA10,49,2608222108,4,1,48610,-40.0,13.0,1,0,
5,SF10 BW125 PA10,0,2608222108,5,1,6462,-40.0,13.0,1,0,
5,SF10 BW125 PA10,1,2608222108,5,1,8007,-40.0,13.0,1,0,
5,SF10 BW125 PA10,2,2608222108,5,1,9552,-40.0,13.0,1,0,
5,SF10 BW125 PA10,3,2608222108,5,1,11096,-40.0,13.0,1,0,
5,SF10 BW125 PA10,4,2608222108,5,1,12641,-40.0,13.0,1,0,
5,SF10 BW125 PA10,5,2608222108,5,1,14185,-40.0,13.0,1,0,
5,SF10 BW125 PA10,6,2608222108,5,1,15730,-40.0,13.0,1,0,
5,SF10 BW125 PA10,7,2608222108,5,1,17275,-40.0,13.0,1,0,
5,SF10 BW125 PA10,8,2608222108,5,1,18819,-40.0,13.0,1,0,
5,SF10 BW125 PA10,9,2608222108,5,1,20364,-40.0,13.0,1,0,
5,SF10 BW125 PA10,10,2608222108,5,1,21909,-40.0,13.0,1,0,
5,SF10 BW125 PA10,11,2608222108,5,1,23453,-40.0,13.0,1,0,
5,SF10 BW125 PA10,12,2608222108,5,1,24998,-40.0,13.0,1,0,
5,SF10 BW125 PA10,13,2608222108,5,1,26542,-40.0,13.0,1,0,
5,SF10 BW125 PA10,14,2608222108,5,1,28087,-40.0,13.0,1,0,
5,SF10 BW125 PA10,15,2608222108,5,1,29632,-40.0,13.0,1,0,
5,SF10 BW125 PA10,16,2608222108,5,1,31176,-40.0,13.0,1,0,
5,SF10 BW125 PA10,17,2608222108,5,1,32721,-40.0,13.0,1,0,
5,SF10 BW125 PA10,18,2608222108,5,1,34266,-40.0,13.0,1,0,
5,SF10 BW125 PA10,19,2608222108,5,1,35810,-40.0,13.0,1,0,
5,SF10 BW125 PA10,20,2608222108,5,1,37355,-40.0,13.0,1,0,
5,SF10 BW125 PA10,21,2608222108,5,1,38899,-40.0,13.0,1,0,
5,SF10 BW125 PA10,22,2608222108,5,1,40444,-40.0,13.0,1,0,
5,SF10 BW125 PA10,23,2608222108,5,1,41989,-40.0,13.0,1,0,
5,SF10 BW125 PA10,24,2608222108,5,1,43533,-40.0,13.0,1,0,
5,SF10 BW125 PA10,25,2608222108,5,1,45078,-40.0,12.0,1,0,
5,SF10 BW125 PA10,26,2608222108,5,1,46622,-40.0,13.0,1,0,
5,SF10 BW125 PA10,27,2608222108,5,1,48167,-40.0,13.0,1,0,
5,SF10 BW125 PA10,28,2608222108,5,1,49712,-40.0,13.0,1,0,
5,SF10 BW125 PA10,29,2608222108,5,1,51256,-40.0,13.0,1,0,
5,SF10 BW125 PA10,30,2608222108,5,1,52801,-40.0,12.0,1,0,
5,SF10 BW125 PA10,31,2608222108,5,1,54346,-40.0,13.0,1,0,
5,SF10 BW125 PA10,32,2608222108,5,1,55890,-40.0,13.0,1,0,
5,SF10 BW125 PA10,33,2608222108,5,1,57435,-40.0,13.0,1,0,
5,SF10 BW125 PA10,34,2608222108,5,1,58979,-40.0,13.0,1,0,
5,SF10 BW125 PA10,35,2608222108,5,1,60524,-40.0,13.0,1,0,
5,SF10 BW125 PA10,36,2608222108,5,1,62069,-40.0,13.0,1,0,
5,SF10 BW125 PA10,37,2608222108,5,1,63613,-40.0,13.0,1,0,
5,SF10 BW125 PA10,38,2608222108,5,1,65158,-40.0,13.0,1,0,
5,SF10 BW125 PA10,39,2608222108,5,1,66703,-40.0,13.0,1,0,
5,SF10 BW125 PA10,40,2608222108,5,1,68247,-40.0,13.0,1,0,
5,SF10 BW125 PA10,41,2608222108,5,1,69792,-40.0,13.0,1,0,
5,SF10 BW125 PA10,42,2608222108,5,1,71336,-40.0,13.0,1,0,
5,SF10 BW125 PA10,43,2608222108,5,1,72881,-40.0,13.0,1,0,
5,SF10 BW125 PA10,44,2608222108,5,1,74426,-40.0,13.0,1,0,
5,SF10 BW125 PA10,45,2608222108,5,1,75970,-40.0,13.0,1,0,
5,SF10 BW125 PA10,46,2608222108,5,1,77515,-40.0,13.0,1,0,
5,SF10 BW125 PA10,47,2608222108,5,1,79060,-40.0,13.0,1,0,
5,SF10 BW125 PA10,48,2608222108,5,1,80604,-40.0,13.0,1,0,
5,SF10 BW125 PA10,49,2608222108,5,1,82149,-40.0,13.0,1,0,
6,SF11 BW125 PA10,0,2608222108,6,1,7100,-40.0,9.0,1,0,
6,SF11 BW125 PA10,1,2608222108,6,1,10001,-40.0,9.0,1,0,
6,SF11 BW125 PA10,2,2608222108,6,1,12902,-40.0,9.0,1,0,
6,SF11 BW125 PA10,3,2608222108,6,1,15803,-40.0,9.0,1,0,
6,SF11 BW125 PA10,4,2608222108,6,1,18704,-40.0,9.0,1,0,
6,SF11 BW125 PA10,5,2608222108,6,1,21604,-40.0,9.0,1,0,
6,SF11 BW125 PA10,6,2608222108,6,1,24505,-40.0,9.0,1,0,
6,SF11 BW125 PA10,7,2608222108,6,1,27406,-40.0,9.0,1,0,
6,SF11 BW125 PA10,8,2608222108,6,1,30307,-40.0,9.0,1,0,
6,SF11 BW125 PA10,9,2608222108,6,1,33208,-40.0,9.0,1,0,
6,SF11 BW125 PA10,10,2608222108,6,1,36108,-40.0,9.0,1,0,
6,SF11 BW125 PA10,11,2608222108,6,1,39009,-40.0,9.0,1,0,
6,SF11 BW125 PA10,12,2608222108,6,1,41910,-40.0,9.0,1,0,
6,SF11 BW125 PA10,13,2608222108,6,1,44811,-40.0,9.0,1,0,
6,SF11 BW125 PA10,14,2608222108,6,1,47712,-40.0,9.0,1,0,
6,SF11 BW125 PA10,15,2608222108,6,1,50612,-40.0,8.0,1,0,
6,SF11 BW125 PA10,16,2608222108,6,1,53513,-40.0,9.0,1,0,
6,SF11 BW125 PA10,17,2608222108,6,1,56414,-40.0,9.0,1,0,
6,SF11 BW125 PA10,18,2608222108,6,1,59315,-40.0,9.0,1,0,
6,SF11 BW125 PA10,19,2608222108,6,1,62216,-40.0,9.0,1,0,
6,SF11 BW125 PA10,20,2608222108,6,1,65117,-40.0,9.0,1,0,
6,SF11 BW125 PA10,21,2608222108,6,1,68017,-40.0,9.0,1,0,
6,SF11 BW125 PA10,22,2608222108,6,1,70918,-40.0,9.0,1,0,
6,SF11 BW125 PA10,23,2608222108,6,1,73819,-40.0,9.0,1,0,
6,SF11 BW125 PA10,24,2608222108,6,1,76720,-40.0,9.0,1,0,
6,SF11 BW125 PA10,25,2608222108,6,1,79621,-40.0,9.0,1,0,
6,SF11 BW125 PA10,26,2608222108,6,1,82521,-40.0,9.0,1,0,
6,SF11 BW125 PA10,27,2608222108,6,1,85422,-40.0,9.0,1,0,
6,SF11 BW125 PA10,28,2608222108,6,1,88323,-40.0,9.0,1,0,
6,SF11 BW125 PA10,29,2608222108,6,1,91224,-40.0,9.0,1,0,
6,SF11 BW125 PA10,30,2608222108,6,1,94125,-40.0,9.0,1,0,
6,SF11 BW125 PA10,31,2608222108,6,1,97025,-40.0,9.0,1,0,
6,SF11 BW125 PA10,32,2608222108,6,1,99926,-40.0,9.0,1,0,
6,SF11 BW125 PA10,33,2608222108,6,1,102827,-40.0,9.0,1,0,
6,SF11 BW125 PA10,34,2608222108,6,1,105728,-40.0,9.0,1,0,
6,SF11 BW125 PA10,35,2608222108,6,1,108629,-40.0,9.0,1,0,
6,SF11 BW125 PA10,36,2608222108,6,1,111530,-40.0,9.0,1,0,
6,SF11 BW125 PA10,37,2608222108,6,1,114430,-40.0,9.0,1,0,
6,SF11 BW125 PA10,38,2608222108,6,1,117331,-40.0,9.0,1,0,
6,SF11 BW125 PA10,39,2608222108,6,1,120232,-40.0,9.0,1,0,
6,SF11 BW125 PA10,40,2608222108,6,1,123133,-40.0,9.0,1,0,
6,SF11 BW125 PA10,41,2608222108,6,1,126034,-40.0,9.0,1,0,
6,SF11 BW125 PA10,42,2608222108,6,1,128934,-40.0,9.0,1,0,
6,SF11 BW125 PA10,43,2608222108,6,1,131835,-40.0,9.0,1,0,
6,SF11 BW125 PA10,44,2608222108,6,1,134736,-40.0,9.0,1,0,
6,SF11 BW125 PA10,45,2608222108,6,1,137637,-40.0,9.0,1,0,
6,SF11 BW125 PA10,46,2608222108,6,1,140538,-40.0,9.0,1,0,
6,SF11 BW125 PA10,47,2608222108,6,1,143439,-40.0,9.0,1,0,
6,SF11 BW125 PA10,48,2608222108,6,1,146339,-40.0,9.0,1,0,
6,SF11 BW125 PA10,49,2608222108,6,1,149240,-40.0,9.0,1,0,
7,SF12 BW125 PA10,0,2608222108,7,1,8257,-40.0,11.0,1,0,
7,SF12 BW125 PA10,1,2608222108,7,1,13690,-40.0,10.0,1,0,
7,SF12 BW125 PA10,2,2608222108,7,1,19123,-40.0,11.0,1,0,
7,SF12 BW125 PA10,3,2608222108,7,1,24556,-40.0,11.0,1,0,
7,SF12 BW125 PA10,4,2608222108,7,1,29989,-40.0,10.0,1,0,
7,SF12 BW125 PA10,5,2608222108,7,1,35422,-40.0,10.0,1,0,
7,SF12 BW125 PA10,6,2608222108,7,1,40855,-40.0,11.0,1,0,
7,SF12 BW125 PA10,7,2608222108,7,1,46288,-40.0,10.0,1,0,
7,SF12 BW125 PA10,8,2608222108,7,1,51721,-40.0,11.0,1,0,
7,SF12 BW125 PA10,9,2608222108,7,1,57154,-40.0,10.0,1,0,
7,SF12 BW125 PA10,10,2608222108,7,1,62587,-40.0,10.0,1,0,
7,SF12 BW125 PA10,11,2608222108,7,1,68020,-40.0,11.0,1,0,
7,SF12 BW125 PA10,12,2608222108,7,1,73453,-40.0,10.0,1,0,
7,SF12 BW125 PA10,13,2608222108,7,1,78886,-40.0,10.0,1,0,
7,SF12 BW125 PA10,14,2608222108,7,1,84319,-40.0,10.0,1,0,
7,SF12 BW125 PA10,15,2608222108,7,1,89752,-40.0,10.0,1,0,
7,SF12 BW125 PA10,16,2608222108,7,1,95185,-40.0,10.0,1,0,
7,SF12 BW125 PA10,17,2608222108,7,1,100618,-40.0,10.0,1,0,
7,SF12 BW125 PA10,18,2608222108,7,1,106051,-40.0,11.0,1,0,
7,SF12 BW125 PA10,19,2608222108,7,1,111484,-40.0,10.0,1,0,
7,SF12 BW125 PA10,20,2608222108,7,1,116917,-40.0,10.0,1,0,
7,SF12 BW125 PA10,21,2608222108,7,1,122350,-40.0,10.0,1,0,
7,SF12 BW125 PA10,22,2608222108,7,1,127783,-40.0,10.0,1,0,
7,SF12 BW125 PA10,23,2608222108,7,1,133216,-40.0,10.0,1,0,
7,SF12 BW125 PA10,24,2608222108,7,1,138649,-40.0,10.0,1,0,
7,SF12 BW125 PA10,25,2608222108,7,1,144082,-40.0,11.0,1,0,
7,SF12 BW125 PA10,26,2608222108,7,1,149515,-40.0,11.0,1,0,
7,SF12 BW125 PA10,27,2608222108,7,1,154948,-40.0,11.0,1,0,
7,SF12 BW125 PA10,28,2608222108,7,1,160381,-40.0,10.0,1,0,
7,SF12 BW125 PA10,29,2608222108,7,1,165814,-40.0,10.0,1,0,
7,SF12 BW125 PA10,30,2608222108,7,1,171247,-40.0,10.0,1,0,
7,SF12 BW125 PA10,31,2608222108,7,1,176680,-40.0,10.0,1,0,
7,SF12 BW125 PA10,32,2608222108,7,1,182113,-40.0,10.0,1,0,
7,SF12 BW125 PA10,33,2608222108,7,1,187545,-40.0,11.0,1,0,
7,SF12 BW125 PA10,34,2608222108,7,1,192978,-40.0,11.0,1,0,
7,SF12 BW125 PA10,35,2608222108,7,1,198411,-40.0,11.0,1,0,
7,SF12 BW125 PA10,36,2608222108,7,1,203844,-40.0,10.0,1,0,
7,SF12 BW125 PA10,37,2608222108,7,1,209277,-40.0,10.0,1,0,
7,SF12 BW125 PA10,38,2608222108,7,1,214710,-40.0,10.0,1,0,
7,SF12 BW125 PA10,39,2608222108,7,1,220143,-40.0,10.0,1,0,
7,SF12 BW125 PA10,40,2608222108,7,1,225576,-40.0,11.0,1,0,
7,SF12 BW125 PA10,41,2608222108,7,1,231009,-40.0,11.0,1,0,
7,SF12 BW125 PA10,42,2608222108,7,1,236442,-40.0,10.0,1,0,
7,SF12 BW125 PA10,43,2608222108,7,1,241875,-40.0,10.0,1,0,
7,SF12 BW125 PA10,44,2608222108,7,1,247308,-40.0,10.0,1,0,
7,SF12 BW125 PA10,45,2608222108,7,1,252741,-40.0,10.0,1,0,
7,SF12 BW125 PA10,46,2608222108,7,1,258174,-40.0,10.0,1,0,
7,SF12 BW125 PA10,47,2608222108,7,1,263607,-40.0,10.0,1,0,
7,SF12 BW125 PA10,48,2608222108,7,1,269040,-40.0,11.0,1,0,
7,SF12 BW125 PA10,49,2608222108,7,1,274473,-40.0,10.0,1,0,
8,SF5 BW250 PA10,0,2608222108,8,1,5799,-40.0,10.0,1,0,
8,SF5 BW250 PA10,1,2608222108,8,1,5851,-40.0,11.0,1,0,
8,SF5 BW250 PA10,2,2608222108,8,1,5903,-39.0,10.0,1,0,
8,SF5 BW250 PA10,3,2608222108,8,1,5955,-40.0,10.0,1,0,
8,SF5 BW250 PA10,4,2608222108,8,1,6007,-39.0,10.0,1,0,
8,SF5 BW250 PA10,5,2608222108,8,1,6060,-40.0,11.0,1,0,
8,SF5 BW250 PA10,6,2608222108,8,1,6112,-40.0,10.0,1,0,
8,SF5 BW250 PA10,7,2608222108,8,1,6164,-40.0,10.0,1,0,
8,SF5 BW250 PA10,8,2608222108,8,1,6216,-39.0,10.0,1,0,
8,SF5 BW250 PA10,9,2608222108,8,1,6268,-40.0,10.0,1,0,
8,SF5 BW250 PA10,10,2608222108,8,1,6321,-39.0,10.0,1,0,
8,SF5 BW250 PA10,11,2608222108,8,1,6373,-40.0,9.0,1,0,
8,SF5 BW250 PA10,12,2608222108,8,1,6425,-40.0,9.0,1,0,
8,SF5 BW250 PA10,13,2608222108,8,1,6477,-39.0,10.0,1,0,
8,SF5 BW250 PA10,14,2608222108,8,1,6529,-40.0,10.0,1,0,
8,SF5 BW250 PA10,15,2608222108,8,1,6582,-39.0,10.0,1,0,
8,SF5 BW250 PA10,16,2608222108,8,1,6634,-40.0,10.0,1,0,
8,SF5 BW250 PA10,17,2608222108,8,1,6686,-40.0,10.0,1,0,
8,SF5 BW250 PA10,18,2608222108,8,1,6738,-40.0,10.0,1,0,
8,SF5 BW250 PA10,19,2608222108,8,1,6790,-40.0,10.0,1,0,
8,SF5 BW250 PA10,20,2608222108,8,1,6842,-40.0,10.0,1,0,
8,SF5 BW250 PA10,21,2608222108,8,1,6895,-40.0,9.0,1,0,
8,SF5 BW250 PA10,22,2608222108,8,1,6947,-40.0,10.0,1,0,
8,SF5 BW250 PA10,23,2608222108,8,1,6999,-40.0,9.0,1,0,
8,SF5 BW250 PA10,24,2608222108,8,1,7051,-40.0,10.0,1,0,
8,SF5 BW250 PA10,25,2608222108,8,1,7103,-40.0,10.0,1,0,
8,SF5 BW250 PA10,26,2608222108,8,1,7156,-40.0,10.0,1,0,
8,SF5 BW250 PA10,27,2608222108,8,1,7208,-40.0,10.0,1,0,
8,SF5 BW250 PA10,28,2608222108,8,1,7260,-40.0,10.0,1,0,
8,SF5 BW250 PA10,29,2608222108,8,1,7312,-40.0,10.0,1,0,
8,SF5 BW250 PA10,30,2608222108,8,1,7364,-40.0,10.0,1,0,
8,SF5 BW250 PA10,31,2608222108,8,1,7417,-40.0,10.0,1,0,
8,SF5 BW250 PA10,32,2608222108,8,1,7469,-40.0,10.0,1,0,
8,SF5 BW250 PA10,33,2608222108,8,1,7521,-40.0,10.0,1,0,
8,SF5 BW250 PA10,34,2608222108,8,1,7573,-40.0,10.0,1,0,
8,SF5 BW250 PA10,35,2608222108,8,1,7625,-40.0,10.0,1,0,
8,SF5 BW250 PA10,36,2608222108,8,1,7678,-40.0,10.0,1,0,
8,SF5 BW250 PA10,37,2608222108,8,1,7730,-40.0,10.0,1,0,
8,SF5 BW250 PA10,38,2608222108,8,1,7782,-40.0,10.0,1,0,
8,SF5 BW250 PA10,39,2608222108,8,1,7834,-40.0,11.0,1,0,
8,SF5 BW250 PA10,40,2608222108,8,1,7886,-40.0,10.0,1,0,
8,SF5 BW250 PA10,41,2608222108,8,1,7939,-40.0,10.0,1,0,
8,SF5 BW250 PA10,42,2608222108,8,1,7991,-40.0,10.0,1,0,
8,SF5 BW250 PA10,43,2608222108,8,1,8043,-40.0,9.0,1,0,
8,SF5 BW250 PA10,44,2608222108,8,1,8095,-40.0,9.0,1,0,
8,SF5 BW250 PA10,45,2608222108,8,1,8147,-39.0,10.0,1,0,
8,SF5 BW250 PA10,46,2608222108,8,1,8199,-40.0,10.0,1,0,
8,SF5 BW250 PA10,47,2608222108,8,1,8252,-40.0,10.0,1,0,
8,SF5 BW250 PA10,48,2608222108,8,1,8304,-40.0,10.0,1,0,
8,SF5 BW250 PA10,49,2608222108,8,1,8356,-40.0,11.0,1,0,
9,SF6 BW250 PA10,0,2608222108,9,1,5805,-40.0,13.0,1,0,
9,SF6 BW250 PA10,1,2608222108,9,1,5888,-40.0,13.0,1,0,
9,SF6 BW250 PA10,2,2608222108,9,1,5972,-40.0,12.0,1,0,
9,SF6 BW250 PA10,3,2608222108,9,1,6056,-40.0,13.0,1,0,
9,SF6 BW250 PA10,4,2608222108,9,1,6139,-40.0,12.0,1,0,
9,SF6 BW250 PA10,5,2608222108,9,1,6223,-40.0,13.0,1,0,
9,SF6 BW250 PA10,6,2608222108,9,1,6306,-40.0,13.0,1,0,
9,SF6 BW250 PA10,7,2608222108,9,1,6390,-40.0,13.0,1,0,
9,SF6 BW250 PA10,8,2608222108,9,1,6474,-40.0,13.0,1,0,
9,SF6 BW250 PA10,9,2608222108,9,1,6557,-40.0,12.0,1,0,
9,SF6 BW250 PA10,10,2608222108,9,1,6641,-40.0,13.0,1,0,
9,SF6 BW250 PA10,11,2608222108,9,1,6724,-40.0,13.0,1,0,
9,SF6 BW250 PA10,12,2608222108,9,1,6808,-40.0,13.0,1,0,
9,SF6 BW250 PA10,13,2608222108,9,1,6892,-40.0,13.0,1,0,
9,SF6 BW250 PA10,14,2608222108,9,1,6975,-40.0,13.0,1,0,
9,SF6 BW250 PA10,15,2608222108,9,1,7059,-40.0,13.0,1,0,
9,SF6 BW250 PA10,16,2608222108,9,1,7143,-40.0,13.0,1,0,
9,SF6 BW250 PA10,17,2608222108,9,1,7226,-40.0,13.0,1,0,
9,SF6 BW250 PA10,18,2608222108,9,1,7310,-40.0,13.0,1,0,
9,SF6 BW250 PA10,19,2608222108,9,1,7393,-40.0,13.0,1,0,
9,SF6 BW250 PA10,20,2608222108,9,1,7477,-40.0,13.0,1,0,
9,SF6 BW250 PA10,21,2608222108,9,1,7561,-40.0,13.0,1,0,
9,SF6 BW250 PA10,22,2608222108,9,1,7644,-40.0,13.0,1,0,
9,SF6 BW250 PA10,23,2608222108,9,1,7728,-40.0,12.0,1,0,
9,SF6 BW250 PA10,24,2608222108,9,1,7812,-40.0,13.0,1,0,
9,SF6 BW250 PA10,25,2608222108,9,1,7895,-40.0,13.0,1,0,
9,SF6 BW250 PA10,26,2608222108,9,1,7979,-40.0,12.0,1,0,
9,SF6 BW250 PA10,27,2608222108,9,1,8062,-40.0,12.0,1,0,
9,SF6 BW250 PA10,28,2608222108,9,1,8146,-40.0,13.0,1,0,
9,SF6 BW250 PA10,29,2608222108,9,1,8230,-40.0,13.0,1,0,
9,SF6 BW250 PA10,30,2608222108,9,1,8313,-40.0,12.0,1,0,
9,SF6 BW250 PA10,31,2608222108,9,1,8397,-40.0,12.0,1,0,
9,SF6 BW250 PA10,32,2608222108,9,1,8480,-40.0,13.0,1,0,
9,SF6 BW250 PA10,33,2608222108,9,1,8564,-40.0,13.0,1,0,
9,SF6 BW250 PA10,34,2608222108,9,1,8648,-40.0,13.0,1,0,
9,SF6 BW250 PA10,35,2608222108,9,1,8731,-40.0,13.0,1,0,
9,SF6 BW250 PA10,36,2608222108,9,1,8815,-40.0,13.0,1,0,
9,SF6 BW250 PA10,37,2608222108,9,1,8899,-40.0,13.0,1,0,
9,SF6 BW250 PA10,38,2608222108,9,1,8982,-40.0,12.0,1,0,
9,SF6 BW250 PA10,39,2608222108,9,1,9066,-40.0,13.0,1,0,
9,SF6 BW250 PA10,40,2608222108,9,1,9149,-40.0,12.0,1,0,
9,SF6 BW250 PA10,41,2608222108,9,1,9233,-40.0,13.0,1,0,
9,SF6 BW250 PA10,42,2608222108,9,1,9317,-40.0,12.0,1,0,
9,SF6 BW250 PA10,43,2608222108,9,1,9400,-40.0,13.0,1,0,
9,SF6 BW250 PA10,44,2608222108,9,1,9484,-40.0,13.0,1,0,
9,SF6 BW250 PA10,45,2608222108,9,1,9567,-40.0,13.0,1,0,
9,SF6 BW250 PA10,46,2608222108,9,1,9651,-40.0,14.0,1,0,
9,SF6 BW250 PA10,47,2608222108,9,1,9735,-40.0,13.0,1,0,
9,SF6 BW250 PA10,48,2608222108,9,1,9818,-40.0,13.0,1,0,
9,SF6 BW250 PA10,49,2608222108,9,1,9902,-40.0,13.0,1,0,
10,SF7 BW250 PA10,0,2608222108,10,1,5853,-40.0,15.0,1,0,
10,SF7 BW250 PA10,1,2608222108,10,1,5991,-40.0,15.0,1,0,
10,SF7 BW250 PA10,2,2608222108,10,1,6129,-40.0,14.0,1,0,
10,SF7 BW250 PA10,3,2608222108,10,1,6267,-40.0,14.0,1,0,
10,SF7 BW250 PA10,4,2608222108,10,1,6405,-40.0,14.0,1,0,
10,SF7 BW250 PA10,5,2608222108,10,1,6543,-40.0,15.0,1,0,
10,SF7 BW250 PA10,6,2608222108,10,1,6681,-40.0,14.0,1,0,
10,SF7 BW250 PA10,7,2608222108,10,1,6819,-40.0,15.0,1,0,
10,SF7 BW250 PA10,8,2608222108,10,1,6957,-40.0,15.0,1,0,
10,SF7 BW250 PA10,9,2608222108,10,1,7095,-40.0,14.0,1,0,
10,SF7 BW250 PA10,10,2608222108,10,1,7233,-40.0,14.0,1,0,
10,SF7 BW250 PA10,11,2608222108,10,1,7371,-40.0,15.0,1,0,
10,SF7 BW250 PA10,12,2608222108,10,1,7509,-40.0,14.0,1,0,
10,SF7 BW250 PA10,13,2608222108,10,1,7647,-40.0,14.0,1,0,
10,SF7 BW250 PA10,14,2608222108,10,1,7785,-40.0,15.0,1,0,
10,SF7 BW250 PA10,15,2608222108,10,1,7923,-40.0,15.0,1,0,
10,SF7 BW250 PA10,16,2608222108,10,1,8061,-40.0,15.0,1,0,
10,SF7 BW250 PA10,17,2608222108,10,1,8199,-40.0,14.0,1,0,
10,SF7 BW250 PA10,18,2608222108,10,1,8337,-40.0,14.0,1,0,
10,SF7 BW250 PA10,19,2608222108,10,1,8475,-40.0,14.0,1,0,
10,SF7 BW250 PA10,20,2608222108,10,1,8613,-40.0,14.0,1,0,
10,SF7 BW250 PA10,21,2608222108,10,1,8752,-40.0,14.0,1,0,
10,SF7 BW250 PA10,22,2608222108,10,1,8890,-40.0,14.0,1,0,
10,SF7 BW250 PA10,23,2608222108,10,1,9028,-40.0,15.0,1,0,
10,SF7 BW250 PA10,24,2608222108,10,1,9166,-40.0,14.0,1,0,
10,SF7 BW250 PA10,25,2608222108,10,1,9304,-40.0,14.0,1,0,
10,SF7 BW250 PA10,26,2608222108,10,1,9442,-40.0,14.0,1,0,
10,SF7 BW250 PA10,27,2608222108,10,1,9580,-40.0,14.0,1,0,
10,SF7 BW250 PA10,28,2608222108,10,1,9718,-40.0,15.0,1,0,
10,SF7 BW250 PA10,29,2608222108,10,1,9856,-40.0,15.0,1,0,
10,SF7 BW250 PA10,30,2608222108,10,1,9994,-40.0,14.0,1,0,
10,SF7 BW250 PA10,31,2608222108,10,1,10132,-40.0,14.0,1,0,
10,SF7 BW250 PA10,32,2608222108,10,1,10270,-40.0,15.0,1,0,
10,SF7 BW250 PA10,33,2608222108,10,1,10408,-40.0,14.0,1,0,
10,SF7 BW250 PA10,34,2608222108,10,1,10546,-40.0,14.0,1,0,
10,SF7 BW250 PA10,35,2608222108,10,1,10684,-40.0,14.0,1,0,
10,SF7 BW250 PA10,36,2608222108,10,1,10822,-40.0,14.0,1,0,
10,SF7 BW250 PA10,37,2608222108,10,1,10960,-40.0,15.0,1,0,
10,SF7 BW250 PA10,38,2608222108,10,1,11098,-40.0,14.0,1,0,
10,SF7 BW250 PA10,39,2608222108,10,1,11236,-40.0,14.0,1,0,
10,SF7 BW250 PA10,40,2608222108,10,1,11374,-40.0,14.0,1,0,
10,SF7 BW250 PA10,41,2608222108,10,1,11512,-40.0,14.0,1,0,
10,SF7 BW250 PA10,42,2608222108,10,1,11650,-40.0,14.0,1,0,
10,SF7 BW250 PA10,43,2608222108,10,1,11788,-40.0,15.0,1,0,
10,SF7 BW250 PA10,44,2608222108,10,1,11926,-40.0,14.0,1,0,
10,SF7 BW250 PA10,45,2608222108,10,1,12064,-40.0,15.0,1,0,
10,SF7 BW250 PA10,46,2608222108,10,1,12202,-40.0,14.0,1,0,
10,SF7 BW250 PA10,47,2608222108,10,1,12340,-40.0,14.0,1,0,
10,SF7 BW250 PA10,48,2608222108,10,1,12478,-40.0,15.0,1,0,
10,SF7 BW250 PA10,49,2608222108,10,1,12616,-40.0,14.0,1,0,
11,SF8 BW250 PA10,0,2608222108,11,1,5869,-40.0,15.0,1,0,
11,SF8 BW250 PA10,1,2608222108,11,1,6114,-40.0,15.0,1,0,
11,SF8 BW250 PA10,2,2608222108,11,1,6360,-40.0,15.0,1,0,
11,SF8 BW250 PA10,3,2608222108,11,1,6605,-40.0,15.0,1,0,
11,SF8 BW250 PA10,4,2608222108,11,1,6850,-40.0,15.0,1,0,
11,SF8 BW250 PA10,5,2608222108,11,1,7096,-40.0,15.0,1,0,
11,SF8 BW250 PA10,6,2608222108,11,1,7341,-40.0,15.0,1,0,
11,SF8 BW250 PA10,7,2608222108,11,1,7586,-40.0,15.0,1,0,
11,SF8 BW250 PA10,8,2608222108,11,1,7832,-40.0,15.0,1,0,
11,SF8 BW250 PA10,9,2608222108,11,1,8077,-40.0,15.0,1,0,
11,SF8 BW250 PA10,10,2608222108,11,1,8322,-40.0,15.0,1,0,
11,SF8 BW250 PA10,11,2608222108,11,1,8568,-40.0,15.0,1,0,
11,SF8 BW250 PA10,12,2608222108,11,1,8813,-40.0,15.0,1,0,
11,SF8 BW250 PA10,13,2608222108,11,1,9058,-40.0,15.0,1,0,
11,SF8 BW250 PA10,14,2608222108,11,1,9304,-40.0,15.0,1,0,
11,SF8 BW250 PA10,15,2608222108,11,1,9549,-40.0,15.0,1,0,
11,SF8 BW250 PA10,16,2608222108,11,1,9794,-40.0,15.0,1,0,
11,SF8 BW250 PA10,17,2608222108,11,1,10040,-40.0,15.0,1,0,
11,SF8 BW250 PA10,18,2608222108,11,1,10285,-40.0,15.0,1,0,
11,SF8 BW250 PA10,19,2608222108,11,1,10530,-40.0,15.0,1,0,
11,SF8 BW250 PA10,20,2608222108,11,1,10776,-40.0,15.0,1,0,
11,SF8 BW250 PA10,21,2608222108,11,1,11021,-40.0,15.0,1,0,
11,SF8 BW250 PA10,22,2608222108,11,1,11266,-40.0,15.0,1,0,
11,SF8 BW250 PA10,23,2608222108,11,1,11512,-40.0,15.0,1,0,
11,SF8 BW250 PA10,24,2608222108,11,1,11757,-40.0,15.0,1,0,
11,SF8 BW250 PA10,25,2608222108,11,1,12002,-40.0,15.0,1,0,
11,SF8 BW250 PA10,26,2608222108,11,1,12248,-40.0,15.0,1,0,
11,SF8 BW250 PA10,27,2608222108,11,1,12493,-40.0,15.0,1,0,
11,SF8 BW250 PA10,28,2608222108,11,1,12738,-40.0,15.0,1,0,
11,SF8 BW250 PA10,29,2608222108,11,1,12984,-40.0,15.0,1,0,
11,SF8 BW250 PA10,30,2608222108,11,1,13229,-40.0,15.0,1,0,
11,SF8 BW250 PA10,31,2608222108,11,1,13474,-40.0,15.0,1,0,
11,SF8 BW250 PA10,32,2608222108,11,1,13719,-40.0,15.0,1,0,
11,SF8 BW250 PA10,33,2608222108,11,1,13965,-40.0,15.0,1,0,
11,SF8 BW250 PA10,34,2608222108,11,1,14210,-40.0,15.0,1,0,
11,SF8 BW250 PA10,35,2608222108,11,1,14455,-40.0,15.0,1,0,
11,SF8 BW250 PA10,36,2608222108,11,1,14701,-40.0,15.0,1,0,
11,SF8 BW250 PA10,37,2608222108,11,1,14946,-40.0,15.0,1,0,
11,SF8 BW250 PA10,38,2608222108,11,1,15191,-40.0,15.0,1,0,
11,SF8 BW250 PA10,39,2608222108,11,1,15437,-40.0,15.0,1,0,
11,SF8 BW250 PA10,40,2608222108,11,1,15682,-40.0,15.0,1,0,
11,SF8 BW250 PA10,41,2608222108,11,1,15927,-40.0,15.0,1,0,
11,SF8 BW250 PA10,42,2608222108,11,1,16173,-40.0,15.0,1,0,
11,SF8 BW250 PA10,43,2608222108,11,1,16418,-40.0,15.0,1,0,
11,SF8 BW250 PA10,44,2608222108,11,1,16663,-40.0,15.0,1,0,
11,SF8 BW250 PA10,45,2608222108,11,1,16909,-40.0,15.0,1,0,
11,SF8 BW250 PA10,46,2608222108,11,1,17154,-40.0,15.0,1,0,
11,SF8 BW250 PA10,47,2608222108,11,1,17399,-40.0,15.0,1,0,
11,SF8 BW250 PA10,48,2608222108,11,1,17645,-40.0,15.0,1,0,
11,SF8 BW250 PA10,49,2608222108,11,1,17890,-40.0,15.0,1,0,
12,SF9 BW250 PA10,0,2608222108,12,1,5998,-40.0,12.0,1,0,
12,SF9 BW250 PA10,1,2608222108,12,1,6435,-40.0,12.0,1,0,
12,SF9 BW250 PA10,2,2608222108,12,1,6873,-40.0,12.0,1,0,
12,SF9 BW250 PA10,3,2608222108,12,1,7310,-40.0,12.0,1,0,
12,SF9 BW250 PA10,4,2608222108,12,1,7748,-40.0,12.0,1,0,
12,SF9 BW250 PA10,5,2608222108,12,1,8185,-40.0,12.0,1,0,
12,SF9 BW250 PA10,6,2608222108,12,1,8622,-40.0,12.0,1,0,
12,SF9 BW250 PA10,7,2608222108,12,1,9060,-40.0,12.0,1,0,
12,SF9 BW250 PA10,8,2608222108,12,1,9497,-40.0,12.0,1,0,
12,SF9 BW250 PA10,9,2608222108,12,1,9934,-40.0,12.0,1,0,
12,SF9 BW250 PA10,10,2608222108,12,1,10372,-40.0,12.0,1,0,
12,SF9 BW250 PA10,11,2608222108,12,1,10809,-40.0,12.0,1,0,
12,SF9 BW250 PA10,12,2608222108,12,1,11247,-40.0,12.0,1,0,
12,SF9 BW250 PA10,13,2608222108,12,1,11684,-40.0,12.0,1,0,
12,SF9 BW250 PA10,14,2608222108,12,1,12121,-40.0,12.0,1,0,
12,SF9 BW250 PA10,15,2608222108,12,1,12559,-40.0,12.0,1,0,
12,SF9 BW250 PA10,16,2608222108,12,1,12996,-40.0,12.0,1,0,
12,SF9 BW250 PA10,17,2608222108,12,1,13433,-40.0,12.0,1,0,
12,SF9 BW250 PA10,18,2608222108,12,1,13871,-40.0,12.0,1,0,
12,SF9 BW250 PA10,19,2608222108,12,1,14308,-40.0,12.0,1,0,
12,SF9 BW250 PA10,20,2608222108,12,1,14745,-40.0,12.0,1,0,
12,SF9 BW250 PA10,21,2608222108,12,1,15183,-40.0,12.0,1,0,
12,SF9 BW250 PA10,22,2608222108,12,1,15620,-40.0,12.0,1,0,
12,SF9 BW250 PA10,23,2608222108,12,1,16058,-40.0,12.0,1,0,
12,SF9 BW250 PA10,24,2608222108,12,1,16495,-40.0,12.0,1,0,
12,SF9 BW250 PA10,25,2608222108,12,1,16932,-40.0,12.0,1,0,
12,SF9 BW250 PA10,26,2608222108,12,1,17370,-40.0,12.0,1,0,
12,SF9 BW250 PA10,27,2608222108,12,1,17807,-40.0,12.0,1,0,
12,SF9 BW250 PA10,28,2608222108,12,1,18244,-40.0,12.0,1,0,
12,SF9 BW250 PA10,29,2608222108,12,1,18682,-40.0,12.0,1,0,
12,SF9 BW250 PA10,30,2608222108,12,1,19119,-40.0,12.0,1,0,
12,SF9 BW250 PA10,31,2608222108,12,1,19557,-40.0,12.0,1,0,
12,SF9 BW250 PA10,32,2608222108,12,1,19994,-40.0,12.0,1,0,
12,SF9 BW250 PA10,33,2608222108,12,1,20431,-40.0,12.0,1,0,
12,SF9 BW250 PA10,34,2608222108,12,1,20869,-40.0,12.0,1,0,
12,SF9 BW250 PA10,35,2608222108,12,1,21306,-40.0,12.0,1,0,
12,SF9 BW250 PA10,36,2608222108,12,1,21743,-40.0,12.0,1,0,
12,SF9 BW250 PA10,37,2608222108,12,1,22181,-40.0,12.0,1,0,
12,SF9 BW250 PA10,38,2608222108,12,1,22618,-40.0,12.0,1,0,
12,SF9 BW250 PA10,39,2608222108,12,1,23056,-40.0,12.0,1,0,
12,SF9 BW250 PA10,40,2608222108,12,1,23493,-40.0,12.0,1,0,
12,SF9 BW250 PA10,41,2608222108,12,1,23930,-40.0,12.0,1,0,
12,SF9 BW250 PA10,42,2608222108,12,1,24368,-40.0,12.0,1,0,
12,SF9 BW250 PA10,43,2608222108,12,1,24805,-40.0,12.0,1,0,
12,SF9 BW250 PA10,44,2608222108,12,1,25242,-40.0,12.0,1,0,
12,SF9 BW250 PA10,45,2608222108,12,1,25680,-40.0,12.0,1,0,
12,SF9 BW250 PA10,46,2608222108,12,1,26117,-40.0,12.0,1,0,
12,SF9 BW250 PA10,47,2608222108,12,1,26555,-40.0,12.0,1,0,
12,SF9 BW250 PA10,48,2608222108,12,1,26992,-40.0,12.0,1,0,
12,SF9 BW250 PA10,49,2608222108,12,1,27429,-40.0,12.0,1,0,
13,SF10 BW250 PA10,0,2608222108,13,1,6121,-40.0,12.0,1,0,
13,SF10 BW250 PA10,1,2608222108,13,1,6898,-40.0,12.0,1,0,
13,SF10 BW250 PA10,2,2608222108,13,1,7674,-40.0,12.0,1,0,
13,SF10 BW250 PA10,3,2608222108,13,1,8450,-40.0,12.0,1,0,
13,SF10 BW250 PA10,4,2608222108,13,1,9227,-40.0,12.0,1,0,
13,SF10 BW250 PA10,5,2608222108,13,1,10003,-40.0,12.0,1,0,
13,SF10 BW250 PA10,6,2608222108,13,1,10780,-40.0,12.0,1,0,
13,SF10 BW250 PA10,7,2608222108,13,1,11556,-40.0,12.0,1,0,
13,SF10 BW250 PA10,8,2608222108,13,1,12332,-40.0,12.0,1,0,
13,SF10 BW250 PA10,9,2608222108,13,1,13109,-40.0,12.0,1,0,
13,SF10 BW250 PA10,10,2608222108,13,1,13885,-40.0,12.0,1,0,
13,SF10 BW250 PA10,11,2608222108,13,1,14662,-40.0,12.0,1,0,
13,SF10 BW250 PA10,12,2608222108,13,1,15438,-40.0,12.0,1,0,
13,SF10 BW250 PA10,13,2608222108,13,1,16215,-40.0,12.0,1,0,
13,SF10 BW250 PA10,14,2608222108,13,1,16991,-40.0,12.0,1,0,
13,SF10 BW250 PA10,15,2608222108,13,1,17767,-40.0,12.0,1,0,
13,SF10 BW250 PA10,16,2608222108,13,1,18544,-40.0,12.0,1,0,
13,SF10 BW250 PA10,17,2608222108,13,1,19320,-40.0,12.0,1,0,
13,SF10 BW250 PA10,18,2608222108,13,1,20097,-40.0,12.0,1,0,
13,SF10 BW250 PA10,19,2608222108,13,1,20873,-40.0,12.0,1,0,
13,SF10 BW250 PA10,20,2608222108,13,1,21649,-40.0,12.0,1,0,
13,SF10 BW250 PA10,21,2608222108,13,1,22426,-40.0,12.0,1,0,
13,SF10 BW250 PA10,22,2608222108,13,1,23202,-40.0,12.0,1,0,
13,SF10 BW250 PA10,23,2608222108,13,1,23979,-40.0,12.0,1,0,
13,SF10 BW250 PA10,24,2608222108,13,1,24755,-40.0,12.0,1,0,
13,SF10 BW250 PA10,25,2608222108,13,1,25532,-40.0,12.0,1,0,
13,SF10 BW250 PA10,26,2608222108,13,1,26308,-40.0,12.0,1,0,
13,SF10 BW250 PA10,27,2608222108,13,1,27084,-40.0,12.0,1,0,
13,SF10 BW250 PA10,28,2608222108,13,1,27861,-40.0,12.0,1,0,
13,SF10 BW250 PA10,29,2608222108,13,1,28637,-40.0,12.0,1,0,
13,SF10 BW250 PA10,30,2608222108,13,1,29414,-40.0,12.0,1,0,
13,SF10 BW250 PA10,31,2608222108,13,1,30190,-40.0,12.0,1,0,
13,SF10 BW250 PA10,32,2608222108,13,1,30966,-40.0,12.0,1,0,
13,SF10 BW250 PA10,33,2608222108,13,1,31743,-40.0,12.0,1,0,
13,SF10 BW250 PA10,34,2608222108,13,1,32519,-40.0,12.0,1,0,
13,SF10 BW250 PA10,35,2608222108,13,1,33296,-40.0,12.0,1,0,
13,SF10 BW250 PA10,36,2608222108,13,1,34072,-40.0,12.0,1,0,
13,SF10 BW250 PA10,37,2608222108,13,1,34848,-40.0,12.0,1,0,
13,SF10 BW250 PA10,38,2608222108,13,1,35625,-40.0,12.0,1,0,
13,SF10 BW250 PA10,39,2608222108,13,1,36401,-40.0,12.0,1,0,
13,SF10 BW250 PA10,40,2608222108,13,1,37178,-40.0,12.0,1,0,
13,SF10 BW250 PA10,41,2608222108,13,1,37954,-40.0,12.0,1,0,
13,SF10 BW250 PA10,42,2608222108,13,1,38731,-40.0,12.0,1,0,
13,SF10 BW250 PA10,43,2608222108,13,1,39507,-40.0,12.0,1,0,
13,SF10 BW250 PA10,44,2608222108,13,1,40283,-40.0,12.0,1,0,
13,SF10 BW250 PA10,45,2608222108,13,1,41060,-40.0,12.0,1,0,
13,SF10 BW250 PA10,46,2608222108,13,1,41836,-40.0,12.0,1,0,
13,SF10 BW250 PA10,47,2608222108,13,1,42613,-40.0,12.0,1,0,
13,SF10 BW250 PA10,48,2608222108,13,1,43389,-40.0,12.0,1,0,
13,SF10 BW250 PA10,49,2608222108,13,1,44165,-40.0,12.0,1,0,
14,SF11 BW250 PA10,0,2608222108,14,1,6439,-40.0,8.0,1,0,
14,SF11 BW250 PA10,1,2608222108,14,1,7893,-40.0,8.0,1,0,
14,SF11 BW250 PA10,2,2608222108,14,1,9348,-40.0,8.0,1,0,
14,SF11 BW250 PA10,3,2608222108,14,1,10802,-40.0,8.0,1,0,
14,SF11 BW250 PA10,4,2608222108,14,1,12257,-40.0,8.0,1,0,
14,SF11 BW250 PA10,5,2608222108,14,1,13711,-40.0,8.0,1,0,
14,SF11 BW250 PA10,6,2608222108,14,1,15166,-40.0,8.0,1,0,
14,SF11 BW250 PA10,7,2608222108,14,1,16620,-40.0,8.0,1,0,
14,SF11 BW250 PA10,8,2608222108,14,1,18075,-40.0,8.0,1,0,
14,SF11 BW250 PA10,9,2608222108,14,1,19529,-40.0,8.0,1,0,
14,SF11 BW250 PA10,10,2608222108,14,1,20984,-40.0,8.0,1,0,
14,SF11 BW250 PA10,11,2608222108,14,1,22438,-40.0,8.0,1,0,
14,SF11 BW250 PA10,12,2608222108,14,1,23893,-40.0,8.0,1,0,
14,SF11 BW250 PA10,13,2608222108,14,1,25347,-40.0,8.0,1,0,
14,SF11 BW250 PA10,14,2608222108,14,1,26802,-40.0,8.0,1,0,
14,SF11 BW250 PA10,15,2608222108,14,1,28256,-40.0,8.0,1,0,
14,SF11 BW250 PA10,16,2608222108,14,1,29711,-40.0,8.0,1,0,
14,SF11 BW250 PA10,17,2608222108,14,1,31165,-40.0,8.0,1,0,
14,SF11 BW250 PA10,18,2608222108,14,1,32620,-40.0,8.0,1,0,
14,SF11 BW250 PA10,19,2608222108,14,1,34074,-40.0,8.0,1,0,
14,SF11 BW250 PA10,20,2608222108,14,1,35529,-40.0,8.0,1,0,
14,SF11 BW250 PA10,21,2608222108,14,1,36984,-40.0,8.0,1,0,
14,SF11 BW250 PA10,22,2608222108,14,1,38438,-40.0,8.0,1,0,
14,SF11 BW250 PA10,23,2608222108,14,1,39893,-40.0,8.0,1,0,
14,SF11 BW250 PA10,24,2608222108,14,1,41347,-40.0,8.0,1,0,
14,SF11 BW250 PA10,25,2608222108,14,1,42802,-40.0,8.0,1,0,
14,SF11 BW250 PA10,26,2608222108,14,1,44256,-40.0,8.0,1,0,
14,SF11 BW250 PA10,27,2608222108,14,1,45711,-40.0,8.0,1,0,
14,SF11 BW250 PA10,28,2608222108,14,1,47165,-40.0,8.0,1,0,
14,SF11 BW250 PA10,29,2608222108,14,1,48620,-40.0,8.0,1,0,
14,SF11 BW250 PA10,30,2608222108,14,1,50074,-40.0,8.0,1,0,
14,SF11 BW250 PA10,31,2608222108,14,1,51529,-40.0,8.0,1,0,
14,SF11 BW250 PA10,32,2608222108,14,1,52983,-40.0,8.0,1,0,
14,SF11 BW250 PA10,33,2608222108,14,1,54438,-40.0,8.0,1,0,
14,SF11 BW250 PA10,34,2608222108,14,1,55892,-40.0,8.0,1,0,
14,SF11 BW250 PA10,35,2608222108,14,1,57347,-40.0,8.0,1,0,
14,SF11 BW250 PA10,36,2608222108,14,1,58801,-40.0,8.0,1,0,
14,SF11 BW250 PA10,37,2608222108,14,1,60256,-40.0,8.0,1,0,
14,SF11 BW250 PA10,38,2608222108,14,1,61710,-40.0,8.0,1,0,
14,SF11 BW250 PA10,39,2608222108,14,1,63165,-40.0,8.0,1,0,
14,SF11 BW250 PA10,40,2608222108,14,1,64619,-40.0,8.0,1,0,
14,SF11 BW250 PA10,41,2608222108,14,1,66074,-40.0,8.0,1,0,
14,SF11 BW250 PA10,42,2608222108,14,1,67528,-40.0,8.0,1,0,
14,SF11 BW250 PA10,43,2608222108,14,1,68983,-40.0,8.0,1,0,
14,SF11 BW250 PA10,44,2608222108,14,1,70437,-40.0,8.0,1,0,
14,SF11 BW250 PA10,45,2608222108,14,1,71892,-40.0,8.0,1,0,
14,SF11 BW250 PA10,46,2608222108,14,1,73346,-40.0,8.0,1,0,
14,SF11 BW250 PA10,47,2608222108,14,1,74801,-40.0,8.0,1,0,
14,SF11 BW250 PA10,48,2608222108,14,1,76255,-40.0,8.0,1,0,
14,SF11 BW250 PA10,49,2608222108,14,1,77710,-40.0,8.0,1,0,
15,SF12 BW250 PA10,0,2608222108,15,1,7018,-40.0,9.0,1,0,
15,SF12 BW250 PA10,1,2608222108,15,1,9739,-40.0,9.0,1,0,
15,SF12 BW250 PA10,2,2608222108,15,1,12459,-40.0,9.0,1,0,
15,SF12 BW250 PA10,3,2608222108,15,1,15180,-40.0,9.0,1,0,
15,SF12 BW250 PA10,4,2608222108,15,1,17900,-40.0,9.0,1,0,
15,SF12 BW250 PA10,5,2608222108,15,1,20621,-40.0,9.0,1,0,
15,SF12 BW250 PA10,6,2608222108,15,1,23342,-40.0,9.0,1,0,
15,SF12 BW250 PA10,7,2608222108,15,1,26062,-40.0,9.0,1,0,
15,SF12 BW250 PA10,8,2608222108,15,1,28783,-40.0,9.0,1,0,
15,SF12 BW250 PA10,9,2608222108,15,1,31503,-40.0,9.0,1,0,
15,SF12 BW250 PA10,10,2608222108,15,1,34224,-40.0,9.0,1,0,
15,SF12 BW250 PA10,11,2608222108,15,1,36944,-40.0,9.0,1,0,
15,SF12 BW250 PA10,12,2608222108,15,1,39665,-40.0,9.0,1,0,
15,SF12 BW250 PA10,13,2608222108,15,1,42386,-40.0,9.0,1,0,
15,SF12 BW250 PA10,14,2608222108,15,1,45106,-40.0,9.0,1,0,
15,SF12 BW250 PA10,15,2608222108,15,1,47827,-40.0,9.0,1,0,
15,SF12 BW250 PA10,16,2608222108,15,1,50547,-40.0,9.0,1,0,
15,SF12 BW250 PA10,17,2608222108,15,1,53268,-40.0,9.0,1,0,
15,SF12 BW250 PA10,18,2608222108,15,1,55989,-40.0,9.0,1,0,
15,SF12 BW250 PA10,19,2608222108,15,1,58709,-40.0,9.0,1,0,
15,SF12 BW250 PA10,20,2608222108,15,1,61430,-40.0,9.0,1,0,
15,SF12 BW250 PA10,21,2608222108,15,1,64150,-40.0,9.0,1,0,
15,SF12 BW250 PA10,22,2608222108,15,1,66871,-40.0,9.0,1,0,
15,SF12 BW250 PA10,23,2608222108,15,1,69592,-40.0,9.0,1,0,
15,SF12 BW250 PA10,24,2608222108,15,1,72312,-40.0,9.0,1,0,
15,SF12 BW250 PA10,25,2608222108,15,1,75033,-40.0,9.0,1,0,
15,SF12 BW250 PA10,26,2608222108,15,1,77753,-40.0,9.0,1,0,
15,SF12 BW250 PA10,27,2608222108,15,1,80474,-40.0,9.0,1,0,
15,SF12 BW250 PA10,28,2608222108,15,1,83195,-40.0,9.0,1,0,
15,SF12 BW250 PA10,29,2608222108,15,1,85915,-40.0,9.0,1,0,
15,SF12 BW250 PA10,30,2608222108,15,1,88636,-40.0,9.0,1,0,
15,SF12 BW250 PA10,31,2608222108,15,1,91356,-40.0,9.0,1,0,
15,SF12 BW250 PA10,32,2608222108,15,1,94077,-40.0,9.0,1,0,
15,SF12 BW250 PA10,33,2608222108,15,1,96797,-40.0,9.0,1,0,
15,SF12 BW250 PA10,34,2608222108,15,1,99518,-40.0,9.0,1,0,
15,SF12 BW250 PA10,35,2608222108,15,1,102239,-40.0,9.0,1,0,
15,SF12 BW250 PA10,36,2608222108,15,1,104959,-40.0,9.0,1,0,
15,SF12 BW250 PA10,37,2608222108,15,1,107680,-40.0,9.0,1,0,
15,SF12 BW250 PA10,38,2608222108,15,1,110400,-40.0,9.0,1,0,
15,SF12 BW250 PA10,39,2608222108,15,1,113121,-40.0,9.0,1,0,
15,SF12 BW250 PA10,40,2608222108,15,1,115842,-40.0,9.0,1,0,
15,SF12 BW250 PA10,41,2608222108,15,1,118562,-40.0,9.0,1,0,
15,SF12 BW250 PA10,42,2608222108,15,1,121283,-40.0,9.0,1,0,
15,SF12 BW250 PA10,43,2608222108,15,1,124003,-40.0,9.0,1,0,
15,SF12 BW250 PA10,44,2608222108,15,1,126724,-40.0,9.0,1,0,
15,SF12 BW250 PA10,45,2608222108,15,1,129445,-40.0,9.0,1,0,
15,SF12 BW250 PA10,46,2608222108,15,1,132165,-40.0,9.0,1,0,
15,SF12 BW250 PA10,47,2608222108,15,1,134886,-40.0,9.0,1,0,
15,SF12 BW250 PA10,48,2608222108,15,1,137606,-40.0,9.0,1,0,
15,SF12 BW250 PA10,49,2608222108,15,1,140327,-40.0,9.0,1,0,
16,SF5 BW500 PA10,0,2608222108,16,1,5806,-39.0,10.0,1,0,
16,SF5 BW500 PA10,1,2608222108,16,1,5837,-39.0,10.0,1,0,
16,SF5 BW500 PA10,2,2608222108,16,1,5867,-39.0,10.0,1,0,
16,SF5 BW500 PA10,3,2608222108,16,1,5897,-39.0,10.0,1,0,
16,SF5 BW500 PA10,4,2608222108,16,1,5927,-39.0,10.0,1,0,
16,SF5 BW500 PA10,5,2608222108,16,1,5958,-39.0,10.0,1,0,
16,SF5 BW500 PA10,6,2608222108,16,1,5988,-39.0,10.0,1,0,
16,SF5 BW500 PA10,7,2608222108,16,1,6018,-39.0,10.0,1,0,
16,SF5 BW500 PA10,8,2608222108,16,1,6048,-39.0,10.0,1,0,
16,SF5 BW500 PA10,9,2608222108,16,1,6078,-39.0,10.0,1,0,
16,SF5 BW500 PA10,10,2608222108,16,1,6109,-39.0,10.0,1,0,
16,SF5 BW500 PA10,11,2608222108,16,1,6139,-39.0,9.0,1,0,
16,SF5 BW500 PA10,12,2608222108,16,1,6169,-39.0,9.0,1,0,
16,SF5 BW500 PA10,13,2608222108,16,1,6199,-39.0,10.0,1,0,
16,SF5 BW500 PA10,14,2608222108,16,1,6229,-39.0,10.0,1,0,
16,SF5 BW500 PA10,15,2608222108,16,1,6260,-39.0,10.0,1,0,
16,SF5 BW500 PA10,16,2608222108,16,1,6290,-39.0,10.0,1,0,
16,SF5 BW500 PA10,17,2608222108,16,1,6320,-39.0,10.0,1,0,
16,SF5 BW500 PA10,18,2608222108,16,1,6350,-39.0,9.0,1,0,
16,SF5 BW500 PA10,19,2608222108,16,1,6380,-39.0,10.0,1,0,
16,SF5 BW500 PA10,20,2608222108,16,1,6411,-39.0,10.0,1,0,
16,SF5 BW500 PA10,21,2608222108,16,1,6441,-39.0,9.0,1,0,
16,SF5 BW500 PA10,22,2608222108,16,1,6471,-39.0,10.0,1,0,
16,SF5 BW500 PA10,23,2608222108,16,1,6501,-39.0,9.0,1,0,
16,SF5 BW500 PA10,24,2608222108,16,1,6531,-39.0,10.0,1,0,
16,SF5 BW500 PA10,25,2608222108,16,1,6562,-39.0,10.0,1,0,
16,SF5 BW500 PA10,26,2608222108,16,1,6592,-39.0,10.0,1,0,
16,SF5 BW500 PA10,27,2608222108,16,1,6622,-39.0,10.0,1,0,
16,SF5 BW500 PA10,28,2608222108,16,1,6652,-39.0,10.0,1,0,
16,SF5 BW500 PA10,29,2608222108,16,1,6682,-39.0,10.0,1,0,
16,SF5 BW500 PA10,30,2608222108,16,1,6713,-39.0,10.0,1,0,
16,SF5 BW500 PA10,31,2608222108,16,1,6743,-39.0,10.0,1,0,
16,SF5 BW500 PA10,32,2608222108,16,1,6773,-39.0,10.0,1,0,
16,SF5 BW500 PA10,33,2608222108,16,1,6803,-39.0,10.0,1,0,
16,SF5 BW500 PA10,34,2608222108,16,1,6833,-39.0,10.0,1,0,
16,SF5 BW500 PA10,35,2608222108,16,1,6864,-39.0,10.0,1,0,
16,SF5 BW500 PA10,36,2608222108,16,1,6894,-39.0,10.0,1,0,
16,SF5 BW500 PA10,37,2608222108,16,1,6924,-39.0,10.0,1,0,
16,SF5 BW500 PA10,38,2608222108,16,1,6954,-39.0,10.0,1,0,
16,SF5 BW500 PA10,39,2608222108,16,1,6984,-39.0,11.0,1,0,
16,SF5 BW500 PA10,40,2608222108,16,1,7015,-39.0,11.0,1,0,
16,SF5 BW500 PA10,41,2608222108,16,1,7045,-39.0,10.0,1,0,
16,SF5 BW500 PA10,42,2608222108,16,1,7075,-39.0,10.0,1,0,
16,SF5 BW500 PA10,43,2608222108,16,1,7105,-39.0,9.0,1,0,
16,SF5 BW500 PA10,44,2608222108,16,1,7135,-39.0,9.0,1,0,
16,SF5 BW500 PA10,45,2608222108,16,1,7166,-39.0,10.0,1,0,
16,SF5 BW500 PA10,46,2608222108,16,1,7196,-39.0,10.0,1,0,
16,SF5 BW500 PA10,47,2608222108,16,1,7226,-39.0,10.0,1,0,
16,SF5 BW500 PA10,48,2608222108,16,1,7256,-39.0,10.0,1,0,
16,SF5 BW500 PA10,49,2608222108,16,1,7286,-39.0,11.0,1,0,
17,SF6 BW500 PA10,0,2608222108,17,1,5926,-39.0,13.0,1,0,
17,SF6 BW500 PA10,1,2608222108,17,1,5972,-39.0,13.0,1,0,
17,SF6 BW500 PA10,2,2608222108,17,1,6018,-39.0,12.0,1,0,
17,SF6 BW500 PA10,3,2608222108,17,1,6064,-39.0,13.0,1,0,
17,SF6 BW500 PA10,4,2608222108,17,1,6110,-39.0,12.0,1,0,
17,SF6 BW500 PA10,5,2608222108,17,1,6156,-39.0,13.0,1,0,
17,SF6 BW500 PA10,6,2608222108,17,1,6202,-39.0,13.0,1,0,
17,SF6 BW500 PA10,7,2608222108,17,1,6248,-39.0,13.0,1,0,
17,SF6 BW500 PA10,8,2608222108,17,1,6294,-39.0,13.0,1,0,
17,SF6 BW500 PA10,9,2608222108,17,1,6340,-39.0,13.0,1,0,
17,SF6 BW500 PA10,10,2608222108,17,1,6385,-39.0,13.0,1,0,
17,SF6 BW500 PA10,11,2608222108,17,1,6431,-39.0,13.0,1,0,
17,SF6 BW500 PA10,12,2608222108,17,1,6477,-39.0,13.0,1,0,
17,SF6 BW500 PA10,13,2608222108,17,1,6523,-39.0,13.0,1,0,
17,SF6 BW500 PA10,14,2608222108,17,1,6569,-39.0,13.0,1,0,
17,SF6 BW500 PA10,15,2608222108,17,1,6615,-39.0,13.0,1,0,
17,SF6 BW500 PA10,16,2608222108,17,1,6661,-39.0,14.0,1,0,
17,SF6 BW500 PA10,17,2608222108,17,1,6707,-39.0,12.0,1,0,
17,SF6 BW500 PA10,18,2608222108,17,1,6753,-39.0,13.0,1,0,
17,SF6 BW500 PA10,19,2608222108,17,1,6799,-39.0,13.0,1,0,
17,SF6 BW500 PA10,20,2608222108,17,1,6845,-39.0,12.0,1,0,
17,SF6 BW500 PA10,21,2608222108,17,1,6890,-39.0,13.0,1,0,
17,SF6 BW500 PA10,22,2608222108,17,1,6936,-39.0,13.0,1,0,
17,SF6 BW500 PA10,23,2608222108,17,1,6982,-39.0,12.0,1,0,
17,SF6 BW500 PA10,24,2608222108,17,1,7028,-39.0,13.0,1,0,
17,SF6 BW500 PA10,25,2608222108,17,1,7074,-39.0,13.0,1,0,
17,SF6 BW500 PA10,26,2608222108,17,1,7120,-39.0,12.0,1,0,
17,SF6 BW500 PA10,27,2608222108,17,1,7166,-39.0,13.0,1,0,
17,SF6 BW500 PA10,28,2608222108,17,1,7212,-39.0,13.0,1,0,
17,SF6 BW500 PA10,29,2608222108,17,1,7258,-39.0,13.0,1,0,
17,SF6 BW500 PA10,30,2608222108,17,1,7304,-39.0,12.0,1,0,
17,SF6 BW500 PA10,31,2608222108,17,1,7350,-39.0,12.0,1,0,
17,SF6 BW500 PA10,32,2608222108,17,1,7395,-39.0,12.0,1,0,
17,SF6 BW500 PA10,33,2608222108,17,1,7441,-39.0,13.0,1,0,
17,SF6 BW500 PA10,34,2608222108,17,1,7487,-39.0,13.0,1,0,
17,SF6 BW500 PA10,35,2608222108,17,1,7533,-39.0,13.0,1,0,
17,SF6 BW500 PA10,36,2608222108,17,1,7579,-39.0,13.0,1,0,
17,SF6 BW500 PA10,37,2608222108,17,1,7625,-39.0,13.0,1,0,
17,SF6 BW500 PA10,38,2608222108,17,1,7671,-39.0,12.0,1,0,
17,SF6 BW500 PA10,39,2608222108,17,1,7717,-39.0,13.0,1,0,
17,SF6 BW500 PA10,40,2608222108,17,1,7763,-39.0,12.0,1,0,
17,SF6 BW500 PA10,41,2608222108,17,1,7809,-39.0,13.0,1,0,
17,SF6 BW500 PA10,42,2608222108,17,1,7855,-39.0,12.0,1,0,
17,SF6 BW500 PA10,43,2608222108,17,1,7900,-39.0,12.0,1,0,
17,SF6 BW500 PA10,44,2608222108,17,1,7946,-39.0,13.0,1,0,
17,SF6 BW500 PA10,45,2608222108,17,1,7992,-39.0,13.0,1,0,
17,SF6 BW500 PA10,46,2608222108,17,1,8038,-39.0,13.0,1,0,
17,SF6 BW500 PA10,47,2608222108,17,1,8084,-39.0,13.0,1,0,
17,SF6 BW500 PA10,48,2608222108,17,1,8130,-39.0,13.0,1,0,
17,SF6 BW500 PA10,49,2608222108,17,1,8176,-39.0,13.0,1,0,
18,SF7 BW500 PA10,0,2608222108,18,1,5803,-39.0,14.0,1,0,
18,SF7 BW500 PA10,1,2608222108,18,1,5876,-39.0,15.0,1,0,
18,SF7 BW500 PA10,2,2608222108,18,1,5949,-39.0,14.0,1,0,
18,SF7 BW500 PA10,3,2608222108,18,1,6022,-39.0,14.0,1,0,
18,SF7 BW500 PA10,4,2608222108,18,1,6095,-39.0,14.0,1,0,
18,SF7 BW500 PA10,5,2608222108,18,1,6168,-39.0,15.0,1,0,
18,SF7 BW500 PA10,6,2608222108,18,1,6241,-39.0,15.0,1,0,
18,SF7 BW500 PA10,7,2608222108,18,1,6314,-39.0,15.0,1,0,
18,SF7 BW500 PA10,8,2608222108,18,1,6388,-39.0,15.0,1,0,
18,SF7 BW500 PA10,9,2608222108,18,1,6461,-39.0,14.0,1,0,
18,SF7 BW500 PA10,10,2608222108,18,1,6534,-39.0,15.0,1,0,
18,SF7 BW500 PA10,11,2608222108,18,1,6607,-39.0,14.0,1,0,
18,SF7 BW500 PA10,12,2608222108,18,1,6680,-39.0,15.0,1,0,
18,SF7 BW500 PA10,13,2608222108,18,1,6753,-39.0,15.0,1,0,
18,SF7 BW500 PA10,14,2608222108,18,1,6826,-39.0,15.0,1,0,
18,SF7 BW500 PA10,15,2608222108,18,1,6899,-39.0,15.0,1,0,
18,SF7 BW500 PA10,16,2608222108,18,1,6973,-39.0,15.0,1,0,
18,SF7 BW500 PA10,17,2608222108,18,1,7046,-39.0,15.0,1,0,
18,SF7 BW500 PA10,18,2608222108,18,1,7119,-39.0,14.0,1,0,
18,SF7 BW500 PA10,19,2608222108,18,1,7192,-39.0,15.0,1,0,
18,SF7 BW500 PA10,20,2608222108,18,1,7265,-39.0,14.0,1,0,
18,SF7 BW500 PA10,21,2608222108,18,1,7338,-39.0,14.0,1,0,
18,SF7 BW500 PA10,22,2608222108,18,1,7411,-39.0,15.0,1,0,
18,SF7 BW500 PA10,23,2608222108,18,1,7484,-39.0,15.0,1,0,
18,SF7 BW500 PA10,24,2608222108,18,1,7558,-39.0,14.0,1,0,
18,SF7 BW500 PA10,25,2608222108,18,1,7631,-39.0,15.0,1,0,
18,SF7 BW500 PA10,26,2608222108,18,1,7704,-39.0,14.0,1,0,
18,SF7 BW500 PA10,27,2608222108,18,1,7777,-39.0,15.0,1,0,
18,SF7 BW500 PA10,28,2608222108,18,1,7850,-39.0,15.0,1,0,
18,SF7 BW500 PA10,29,2608222108,18,1,7923,-39.0,15.0,1,0,
18,SF7 BW500 PA10,30,2608222108,18,1,7996,-39.0,14.0,1,0,
18,SF7 BW500 PA10,31,2608222108,18,1,8069,-39.0,14.0,1,0,
18,SF7 BW500 PA10,32,2608222108,18,1,8143,-39.0,15.0,1,0,
18,SF7 BW500 PA10,33,2608222108,18,1,8216,-39.0,15.0,1,0,
18,SF7 BW500 PA10,34,2608222108,18,1,8289,-39.0,15.0,1,0,
18,SF7 BW500 PA10,35,2608222108,18,1,8362,-39.0,14.0,1,0,
18,SF7 BW500 PA10,36,2608222108,18,1,8435,-39.0,15.0,1,0,
18,SF7 BW500 PA10,37,2608222108,18,1,8508,-39.0,15.0,1,0,
18,SF7 BW500 PA10,38,2608222108,18,1,8581,-39.0,14.0,1,0,
18,SF7 BW500 PA10,39,2608222108,18,1,8654,-39.0,14.0,1,0,
18,SF7 BW500 PA10,40,2608222108,18,1,8728,-39.0,15.0,1,0,
18,SF7 BW500 PA10,41,2608222108,18,1,8801,-39.0,14.0,1,0,
18,SF7 BW500 PA10,42,2608222108,18,1,8874,-39.0,14.0,1,0,
18,SF7 BW500 PA10,43,2608222108,18,1,8947,-39.0,15.0,1,0,
18,SF7 BW500 PA10,44,2608222108,18,1,9020,-39.0,15.0,1,0,
18,SF7 BW500 PA10,45,2608222108,18,1,9093,-39.0,15.0,1,0,
18,SF7 BW500 PA10,46,2608222108,18,1,9166,-39.0,15.0,1,0,
18,SF7 BW500 PA10,47,2608222108,18,1,9239,-39.0,14.0,1,0,
18,SF7 BW500 PA10,48,2608222108,18,1,9313,-39.0,15.0,1,0,
18,SF7 BW500 PA10,49,2608222108,18,1,9386,-39.0,14.0,1,0,
19,SF8 BW500 PA10,0,2608222108,19,1,5835,-39.0,16.0,1,0,
19,SF8 BW500 PA10,1,2608222108,19,1,5962,-39.0,16.0,1,0,
19,SF8 BW500 PA10,2,2608222108,19,1,6089,-39.0,16.0,1,0,
19,SF8 BW500 PA10,3,2608222108,19,1,6216,-39.0,16.0,1,0,
19,SF8 BW500 PA10,4,2608222108,19,1,6342,-39.0,16.0,1,0,
19,SF8 BW500 PA10,5,2608222108,19,1,6469,-39.0,16.0,1,0,
19,SF8 BW500 PA10,6,2608222108,19,1,6596,-39.0,16.0,1,0,
19,SF8 BW500 PA10,7,2608222108,19,1,6723,-39.0,16.0,1,0,
19,SF8 BW500 PA10,8,2608222108,19,1,6849,-39.0,16.0,1,0,
19,SF8 BW500 PA10,9,2608222108,19,1,6976,-39.0,16.0,1,0,
19,SF8 BW500 PA10,10,2608222108,19,1,7103,-39.0,16.0,1,0,
19,SF8 BW500 PA10,11,2608222108,19,1,7230,-39.0,16.0,1,0,
19,SF8 BW500 PA10,12,2608222108,19,1,7356,-39.0,16.0,1,0,
19,SF8 BW500 PA10,13,2608222108,19,1,7483,-39.0,16.0,1,0,
19,SF8 BW500 PA10,14,2608222108,19,1,7610,-39.0,16.0,1,0,
19,SF8 BW500 PA10,15,2608222108,19,1,7737,-39.0,16.0,1,0,
19,SF8 BW500 PA10,16,2608222108,19,1,7864,-39.0,16.0,1,0,
19,SF8 BW500 PA10,17,2608222108,19,1,7990,-39.0,16.0,1,0,
19,SF8 BW500 PA10,18,2608222108,19,1,8117,-39.0,16.0,1,0,
19,SF8 BW500 PA10,19,2608222108,19,1,8244,-39.0,16.0,1,0,
19,SF8 BW500 PA10,20,2608222108,19,1,8371,-39.0,15.0,1,0,
19,SF8 BW500 PA10,21,2608222108,19,1,8497,-39.0,16.0,1,0,
19,SF8 BW500 PA10,22,2608222108,19,1,8624,-39.0,16.0,1,0,
19,SF8 BW500 PA10,23,2608222108,19,1,8751,-39.0,16.0,1,0,
19,SF8 BW500 PA10,24,2608222108,19,1,8878,-39.0,16.0,1,0,
19,SF8 BW500 PA10,25,2608222108,19,1,9004,-39.0,16.0,1,0,
19,SF8 BW500 PA10,26,2608222108,19,1,9131,-39.0,16.0,1,0,
19,SF8 BW500 PA10,27,2608222108,19,1,9258,-39.0,16.0,1,0,
19,SF8 BW500 PA10,28,2608222108,19,1,9385,-39.0,16.0,1,0,
19,SF8 BW500 PA10,29,2608222108,19,1,9511,-39.0,16.0,1,0,
19,SF8 BW500 PA10,30,2608222108,19,1,9638,-39.0,15.0,1,0,
19,SF8 BW500 PA10,31,2608222108,19,1,9765,-39.0,16.0,1,0,
19,SF8 BW500 PA10,32,2608222108,19,1,9892,-39.0,16.0,1,0,
19,SF8 BW500 PA10,33,2608222108,19,1,10018,-39.0,16.0,1,0,
19,SF8 BW500 PA10,34,2608222108,19,1,10145,-39.0,16.0,1,0,
19,SF8 BW500 PA10,35,2608222108,19,1,10272,-39.0,16.0,1,0,
19,SF8 BW500 PA10,36,2608222108,19,1,10399,-39.0,15.0,1,0,
19,SF8 BW500 PA10,37,2608222108,19,1,10526,-39.0,16.0,1,0,
19,SF8 BW500 PA10,38,2608222108,19,1,10652,-39.0,16.0,1,0,
19,SF8 BW500 PA10,39,2608222108,19,1,10779,-39.0,15.0,1,0,
19,SF8 BW500 PA10,40,2608222108,19,1,10906,-39.0,16.0,1,0,
19,SF8 BW500 PA10,41,2608222108,19,1,11033,-39.0,16.0,1,0,
19,SF8 BW500 PA10,42,2608222108,19,1,11159,-39.0,16.0,1,0,
19,SF8 BW500 PA10,43,2608222108,19,1,11286,-39.0,16.0,1,0,
19,SF8 BW500 PA10,44,2608222108,19,1,11413,-39.0,15.0,1,0,
19,SF8 BW500 PA10,45,2608222108,19,1,11540,-39.0,15.0,1,0,
19,SF8 BW500 PA10,46,2608222108,19,1,11666,-39.0,15.0,1,0,
19,SF8 BW500 PA10,47,2608222108,19,1,11793,-39.0,15.0,1,0,
19,SF8 BW500 PA10,48,2608222108,19,1,11920,-39.0,15.0,1,0,
19,SF8 BW500 PA10,49,2608222108,19,1,12047,-39.0,16.0,1,0,
20,SF9 BW500 PA10,0,2608222108,20,1,5851,-39.0,13.0,1,0,
20,SF9 BW500 PA10,1,2608222108,20,1,6074,-39.0,13.0,1,0,
20,SF9 BW500 PA10,2,2608222108,20,1,6297,-39.0,13.0,1,0,
20,SF9 BW500 PA10,3,2608222108,20,1,6519,-39.0,13.0,1,0,
20,SF9 BW500 PA10,4,2608222108,20,1,6742,-39.0,13.0,1,0,
20,SF9 BW500 PA10,5,2608222108,20,1,6965,-39.0,13.0,1,0,
20,SF9 BW500 PA10,6,2608222108,20,1,7188,-39.0,13.0,1,0,
20,SF9 BW500 PA10,7,2608222108,20,1,7411,-39.0,13.0,1,0,
20,SF9 BW500 PA10,8,2608222108,20,1,7633,-39.0,13.0,1,0,
20,SF9 BW500 PA10,9,2608222108,20,1,7856,-39.0,13.0,1,0,
20,SF9 BW500 PA10,10,2608222108,20,1,8079,-39.0,13.0,1,0,
20,SF9 BW500 PA10,11,2608222108,20,1,8302,-39.0,13.0,1,0,
20,SF9 BW500 PA10,12,2608222108,20,1,8524,-39.0,13.0,1,0,
20,SF9 BW500 PA10,13,2608222108,20,1,8747,-39.0,13.0,1,0,
20,SF9 BW500 PA10,14,2608222108,20,1,8970,-39.0,13.0,1,0,
20,SF9 BW500 PA10,15,2608222108,20,1,9193,-39.0,13.0,1,0,
20,SF9 BW500 PA10,16,2608222108,20,1,9416,-39.0,13.0,1,0,
20,SF9 BW500 PA10,17,2608222108,20,1,9638,-39.0,13.0,1,0,
20,SF9 BW500 PA10,18,2608222108,20,1,9861,-39.0,13.0,1,0,
20,SF9 BW500 PA10,19,2608222108,20,1,10084,-39.0,13.0,1,0,
20,SF9 BW500 PA10,20,2608222108,20,1,10307,-39.0,13.0,1,0,
20,SF9 BW500 PA10,21,2608222108,20,1,10530,-39.0,13.0,1,0,
20,SF9 BW500 PA10,22,2608222108,20,1,10752,-39.0,13.0,1,0,
20,SF9 BW500 PA10,23,2608222108,20,1,10975,-39.0,13.0,1,0,
20,SF9 BW500 PA10,24,2608222108,20,1,11198,-39.0,13.0,1,0,
20,SF9 BW500 PA10,25,2608222108,20,1,11421,-39.0,13.0,1,0,
20,SF9 BW500 PA10,26,2608222108,20,1,11644,-39.0,13.0,1,0,
20,SF9 BW500 PA10,27,2608222108,20,1,11866,-39.0,13.0,1,0,
20,SF9 BW500 PA10,28,2608222108,20,1,12089,-39.0,13.0,1,0,
20,SF9 BW500 PA10,29,2608222108,20,1,12312,-39.0,13.0,1,0,
20,SF9 BW500 PA10,30,2608222108,20,1,12535,-39.0,13.0,1,0,
20,SF9 BW500 PA10,31,2608222108,20,1,12758,-39.0,13.0,1,0,
20,SF9 BW500 PA10,32,2608222108,20,1,12980,-39.0,13.0,1,0,
20,SF9 BW500 PA10,33,2608222108,20,1,13203,-39.0,13.0,1,0,
20,SF9 BW500 PA10,34,2608222108,20,1,13426,-39.0,13.0,1,0,
20,SF9 BW500 PA10,35,2608222108,20,1,13649,-39.0,13.0,1,0,
20,SF9 BW500 PA10,36,2608222108,20,1,13872,-39.0,13.0,1,0,
20,SF9 BW500 PA10,37,2608222108,20,1,14094,-39.0,13.0,1,0,
20,SF9 BW500 PA10,38,2608222108,20,1,14317,-39.0,13.0,1,0,
20,SF9 BW500 PA10,39,2608222108,20,1,14540,-39.0,13.0,1,0,
20,SF9 BW500 PA10,40,2608222108,20,1,14763,-39.0,13.0,1,0,
20,SF9 BW500 PA10,41,2608222108,20,1,14986,-39.0,13.0,1,0,
20,SF9 BW500 PA10,42,2608222108,20,1,15208,-39.0,13.0,1,0,
20,SF9 BW500 PA10,43,2608222108,20,1,15431,-39.0,13.0,1,0,
20,SF9 BW500 PA10,44,2608222108,20,1,15654,-39.0,13.0,1,0,
20,SF9 BW500 PA10,45,2608222108,20,1,15877,-39.0,13.0,1,0,
20,SF9 BW500 PA10,46,2608222108,20,1,16100,-39.0,13.0,1,0,
20,SF9 BW500 PA10,47,2608222108,20,1,16322,-39.0,13.0,1,0,
20,SF9 BW500 PA10,48,2608222108,20,1,16545,-39.0,13.0,1,0,
20,SF9 BW500 PA10,49,2608222108,20,1,16768,-39.0,13.0,1,0,
21,SF10 BW500 PA10,0,2608222108,21,1,5952,-39.0,13.0,1,0,
21,SF10 BW500 PA10,1,2608222108,21,1,6344,-39.0,13.0,1,0,
21,SF10 BW500 PA10,2,2608222108,21,1,6736,-39.0,13.0,1,0,
21,SF10 BW500 PA10,3,2608222108,21,1,7128,-39.0,13.0,1,0,
21,SF10 BW500 PA10,4,2608222108,21,1,7521,-39.0,13.0,1,0,
21,SF10 BW500 PA10,5,2608222108,21,1,7913,-39.0,13.0,1,0,
21,SF10 BW500 PA10,6,2608222108,21,1,8305,-39.0,13.0,1,0,
21,SF10 BW500 PA10,7,2608222108,21,1,8698,-39.0,13.0,1,0,
21,SF10 BW500 PA10,8,2608222108,21,1,9090,-39.0,13.0,1,0,
21,SF10 BW500 PA10,9,2608222108,21,1,9482,-39.0,13.0,1,0,
21,SF10 BW500 PA10,10,2608222108,21,1,9875,-39.0,13.0,1,0,
21,SF10 BW500 PA10,11,2608222108,21,1,10267,-39.0,13.0,1,0,
21,SF10 BW500 PA10,12,2608222108,21,1,10659,-39.0,12.0,1,0,
21,SF10 BW500 PA10,13,2608222108,21,1,11052,-39.0,13.0,1,0,
21,SF10 BW500 PA10,14,2608222108,21,1,11444,-39.0,13.0,1,0,
21,SF10 BW500 PA10,15,2608222108,21,1,11836,-39.0,13.0,1,0,
21,SF10 BW500 PA10,16,2608222108,21,1,12228,-39.0,13.0,1,0,
21,SF10 BW500 PA10,17,2608222108,21,1,12621,-39.0,13.0,1,0,
21,SF10 BW500 PA10,18,2608222108,21,1,13013,-39.0,13.0,1,0,
21,SF10 BW500 PA10,19,2608222108,21,1,13405,-39.0,13.0,1,0,
21,SF10 BW500 PA10,20,2608222108,21,1,13798,-39.0,13.0,1,0,
21,SF10 BW500 PA10,21,2608222108,21,1,14190,-39.0,13.0,1,0,
21,SF10 BW500 PA10,22,2608222108,21,1,14582,-39.0,13.0,1,0,
21,SF10 BW500 PA10,23,2608222108,21,1,14975,-39.0,13.0,1,0,
21,SF10 BW500 PA10,24,2608222108,21,1,15367,-39.0,13.0,1,0,
21,SF10 BW500 PA10,25,2608222108,21,1,15759,-39.0,13.0,1,0,
21,SF10 BW500 PA10,26,2608222108,21,1,16152,-39.0,13.0,1,0,
21,SF10 BW500 PA10,27,2608222108,21,1,16544,-39.0,13.0,1,0,
21,SF10 BW500 PA10,28,2608222108,21,1,16936,-39.0,13.0,1,0,
21,SF10 BW500 PA10,29,2608222108,21,1,17328,-39.0,13.0,1,0,
21,SF10 BW500 PA10,30,2608222108,21,1,17721,-39.0,12.0,1,0,
21,SF10 BW500 PA10,31,2608222108,21,1,18113,-39.0,13.0,1,0,
21,SF10 BW500 PA10,32,2608222108,21,1,18505,-39.0,13.0,1,0,
21,SF10 BW500 PA10,33,2608222108,21,1,18898,-39.0,13.0,1,0,
21,SF10 BW500 PA10,34,2608222108,21,1,19290,-39.0,13.0,1,0,
21,SF10 BW500 PA10,35,2608222108,21,1,19682,-39.0,13.0,1,0,
21,SF10 BW500 PA10,36,2608222108,21,1,20075,-39.0,13.0,1,0,
21,SF10 BW500 PA10,37,2608222108,21,1,20467,-39.0,13.0,1,0,
21,SF10 BW500 PA10,38,2608222108,21,1,20859,-39.0,13.0,1,0,
21,SF10 BW500 PA10,39,2608222108,21,1,21252,-39.0,13.0,1,0,
21,SF10 BW500 PA10,40,2608222108,21,1,21644,-39.0,12.0,1,0,
21,SF10 BW500 PA10,41,2608222108,21,1,22036,-39.0,12.0,1,0,
21,SF10 BW500 PA10,42,2608222108,21,1,22429,-39.0,13.0,1,0,
21,SF10 BW500 PA10,43,2608222108,21,1,22821,-39.0,13.0,1,0,
21,SF10 BW500 PA10,44,2608222108,21,1,23213,-39.0,13.0,1,0,
21,SF10 BW500 PA10,45,2608222108,21,1,23605,-39.0,13.0,1,0,
21,SF10 BW500 PA10,46,2608222108,21,1,23998,-39.0,13.0,1,0,
21,SF10 BW500 PA10,47,2608222108,21,1,24390,-39.0,13.0,1,0,
21,SF10 BW500 PA10,48,2608222108,21,1,24782,-39.0,13.0,1,0,
21,SF10 BW500 PA10,49,2608222108,21,1,25175,-39.0,13.0,1,0,
22,SF11 BW500 PA10,0,2608222108,22,1,6108,-39.0,9.0,1,0,
22,SF11 BW500 PA10,1,2608222108,22,1,6839,-39.0,9.0,1,0,
22,SF11 BW500 PA10,2,2608222108,22,1,7570,-39.0,9.0,1,0,
22,SF11 BW500 PA10,3,2608222108,22,1,8302,-39.0,9.0,1,0,
22,SF11 BW500 PA10,4,2608222108,22,1,9033,-39.0,9.0,1,0,
22,SF11 BW500 PA10,5,2608222108,22,1,9764,-39.0,9.0,1,0,
22,SF11 BW500 PA10,6,2608222108,22,1,10496,-39.0,9.0,1,0,
22,SF11 BW500 PA10,7,2608222108,22,1,11227,-39.0,9.0,1,0,
22,SF11 BW500 PA10,8,2608222108,22,1,11959,-39.0,9.0,1,0,
22,SF11 BW500 PA10,9,2608222108,22,1,12690,-39.0,9.0,1,0,
22,SF11 BW500 PA10,10,2608222108,22,1,13421,-39.0,9.0,1,0,
22,SF11 BW500 PA10,11,2608222108,22,1,14153,-39.0,9.0,1,0,
22,SF11 BW500 PA10,12,2608222108,22,1,14884,-39.0,9.0,1,0,
22,SF11 BW500 PA10,13,2608222108,22,1,15615,-39.0,9.0,1,0,
22,SF11 BW500 PA10,14,2608222108,22,1,16347,-39.0,9.0,1,0,
22,SF11 BW500 PA10,15,2608222108,22,1,17078,-39.0,9.0,1,0,
22,SF11 BW500 PA10,16,2608222108,22,1,17809,-39.0,9.0,1,0,
22,SF11 BW500 PA10,17,2608222108,22,1,18541,-39.0,9.0,1,0,
22,SF11 BW500 PA10,18,2608222108,22,1,19272,-39.0,9.0,1,0,
22,SF11 BW500 PA10,19,2608222108,22,1,20004,-39.0,9.0,1,0,
22,SF11 BW500 PA10,20,2608222108,22,1,20735,-39.0,9.0,1,0,
22,SF11 BW500 PA10,21,2608222108,22,1,21466,-39.0,9.0,1,0,
22,SF11 BW500 PA10,22,2608222108,22,1,22198,-39.0,9.0,1,0,
22,SF11 BW500 PA10,23,2608222108,22,1,22929,-39.0,9.0,1,0,
22,SF11 BW500 PA10,24,2608222108,22,1,23660,-39.0,9.0,1,0,
22,SF11 BW500 PA10,25,2608222108,22,1,24392,-39.0,9.0,1,0,
22,SF11 BW500 PA10,26,2608222108,22,1,25123,-39.0,9.0,1,0,
22,SF11 BW500 PA10,27,2608222108,22,1,25854,-39.0,9.0,1,0,
22,SF11 BW500 PA10,28,2608222108,22,1,26586,-39.0,9.0,1,0,
22,SF11 BW500 PA10,29,2608222108,22,1,27317,-39.0,9.0,1,0,
22,SF11 BW500 PA10,30,2608222108,22,1,28048,-39.0,9.0,1,0,
22,SF11 BW500 PA10,31,2608222108,22,1,28780,-39.0,9.0,1,0,
22,SF11 BW500 PA10,32,2608222108,22,1,29511,-39.0,9.0,1,0,
22,SF11 BW500 PA10,33,2608222108,22,1,30243,-39.0,9.0,1,0,
22,SF11 BW500 PA10,34,2608222108,22,1,30974,-39.0,9.0,1,0,
22,SF11 BW500 PA10,35,2608222108,22,1,31705,-39.0,9.0,1,0,
22,SF11 BW500 PA10,36,2608222108,22,1,32437,-39.0,9.0,1,0,
22,SF11 BW500 PA10,37,2608222108,22,1,33168,-39.0,9.0,1,0,
22,SF11 BW500 PA10,38,2608222108,22,1,33899,-39.0,9.0,1,0,
22,SF11 BW500 PA10,39,2608222108,22,1,34631,-39.0,9.0,1,0,
22,SF11 BW500 PA10,40,2608222108,22,1,35362,-39.0,9.0,1,0,
22,SF11 BW500 PA10,41,2608222108,22,1,36093,-39.0,9.0,1,0,
22,SF11 BW500 PA10,42,2608222108,22,1,36825,-39.0,9.0,1,0,
22,SF11 BW500 PA10,43,2608222108,22,1,37556,-39.0,9.0,1,0,
22,SF11 BW500 PA10,44,2608222108,22,1,38287,-39.0,9.0,1,0,
22,SF11 BW500 PA10,45,2608222108,22,1,39019,-39.0,9.0,1,0,
22,SF11 BW500 PA10,46,2608222108,22,1,39750,-39.0,9.0,1,0,
22,SF11 BW500 PA10,47,2608222108,22,1,40482,-39.0,9.0,1,0,
22,SF11 BW500 PA10,48,2608222108,22,1,41213,-39.0,9.0,1,0,
22,SF11 BW500 PA10,49,2608222108,22,1,41944,-39.0,9.0,1,0,
23,SF12 BW500 PA10,0,2608222108,23,1,6414,-39.0,10.0,1,0,
23,SF12 BW500 PA10,1,2608222108,23,1,7779,-39.0,10.0,1,0,
23,SF12 BW500 PA10,2,2608222108,23,1,9143,-39.0,10.0,1,0,
23,SF12 BW500 PA10,3,2608222108,23,1,10508,-39.0,10.0,1,0,
23,SF12 BW500 PA10,4,2608222108,23,1,11872,-39.0,10.0,1,0,
23,SF12 BW500 PA10,5,2608222108,23,1,13236,-39.0,10.0,1,0,
23,SF12 BW500 PA10,6,2608222108,23,1,14601,-39.0,10.0,1,0,
23,SF12 BW500 PA10,7,2608222108,23,1,15965,-39.0,10.0,1,0,
23,SF12 BW500 PA10,8,2608222108,23,1,17330,-39.0,10.0,1,0,
23,SF12 BW500 PA10,9,2608222108,23,1,18694,-39.0,10.0,1,0,
23,SF12 BW500 PA10,10,2608222108,23,1,20058,-39.0,10.0,1,0,
23,SF12 BW500 PA10,11,2608222108,23,1,21423,-39.0,10.0,1,0,
23,SF12 BW500 PA10,12,2608222108,23,1,22787,-39.0,10.0,1,0,
23,SF12 BW500 PA10,13,2608222108,23,1,24152,-39.0,10.0,1,0,
23,SF12 BW500 PA10,14,2608222108,23,1,25516,-39.0,10.0,1,0,
23,SF12 BW500 PA10,15,2608222108,23,1,26880,-39.0,10.0,1,0,
23,SF12 BW500 PA10,16,2608222108,23,1,28245,-39.0,10.0,1,0,
23,SF12 BW500 PA10,17,2608222108,23,1,29609,-39.0,10.0,1,0,
23,SF12 BW500 PA10,18,2608222108,23,1,30974,-39.0,10.0,1,0,
23,SF12 BW500 PA10,19,2608222108,23,1,32338,-39.0,10.0,1,0,
23,SF12 BW500 PA10,20,2608222108,23,1,33702,-39.0,10.0,1,0,
23,SF12 BW500 PA10,21,2608222108,23,1,35067,-39.0,10.0,1,0,
23,SF12 BW500 PA10,22,2608222108,23,1,36431,-39.0,10.0,1,0,
23,SF12 BW500 PA10,23,2608222108,23,1,37796,-39.0,10.0,1,0,
23,SF12 BW500 PA10,24,2608222108,23,1,39160,-39.0,10.0,1,0,
23,SF12 BW500 PA10,25,2608222108,23,1,40524,-39.0,10.0,1,0,
23,SF12 BW500 PA10,26,2608222108,23,1,41889,-39.0,10.0,1,0,
23,SF12 BW500 PA10,27,2608222108,23,1,43253,-39.0,10.0,1,0,
23,SF12 BW500 PA10,28,2608222108,23,1,44618,-39.0,10.0,1,0,
23,SF12 BW500 PA10,29,2608222108,23,1,45982,-39.0,10.0,1,0,
23,SF12 BW500 PA10,30,2608222108,23,1,47346,-39.0,10.0,1,0,
23,SF12 BW500 PA10,31,2608222108,23,1,48711,-39.0,10.0,1,0,
23,SF12 BW500 PA10,32,2608222108,23,1,50075,-39.0,10.0,1,0,
23,SF12 BW500 PA10,33,2608222108,23,1,51440,-39.0,10.0,1,0,
23,SF12 BW500 PA10,34,2608222108,23,1,52804,-39.0,10.0,1,0,
23,SF12 BW500 PA10,35,2608222108,23,1,54168,-39.0,10.0,1,0,
23,SF12 BW500 PA10,36,2608222108,23,1,55533,-39.0,10.0,1,0,
23,SF12 BW500 PA10,37,2608222108,23,1,56897,-39.0,10.0,1,0,
23,SF12 BW500 PA10,38,2608222108,23,1,58262,-39.0,10.0,1,0,
23,SF12 BW500 PA10,39,2608222108,23,1,59626,-39.0,10.0,1,0,
23,SF12 BW500 PA10,40,2608222108,23,1,60990,-39.0,10.0,1,0,
23,SF12 BW500 PA10,41,2608222108,23,1,62355,-39.0,10.0,1,0,
23,SF12 BW500 PA10,42,2608222108,23,1,63719,-39.0,10.0,1,0,
23,SF12 BW500 PA10,43,2608222108,23,1,65084,-39.0,10.0,1,0,
23,SF12 BW500 PA10,44,2608222108,23,1,66448,-39.0,10.0,1,0,
23,SF12 BW500 PA10,45,2608222108,23,1,67812,-39.0,10.0,1,0,
23,SF12 BW500 PA10,46,2608222108,23,1,69177,-39.0,10.0,1,0,
23,SF12 BW500 PA10,47,2608222108,23,1,70541,-39.0,10.0,1,0,
23,SF12 BW500 PA10,48,2608222108,23,1,71906,-39.0,10.0,1,0,
23,SF12 BW500 PA10,49,2608222108,23,1,73270,-39.0,10.0,1,0,
24,SF8 BW125 PA0,0,2608222108,24,1,6071,-50.0,17.0,1,0,
24,SF8 BW125 PA0,1,2608222108,24,1,6554,-50.0,16.0,1,0,
24,SF8 BW125 PA0,2,2608222108,24,1,7036,-50.0,16.0,1,0,
24,SF8 BW125 PA0,3,2608222108,24,1,7519,-49.0,16.0,1,0,
24,SF8 BW125 PA0,4,2608222108,24,1,8001,-49.0,16.0,1,0,
24,SF8 BW125 PA0,5,2608222108,24,1,8484,-49.0,16.0,1,0,
24,SF8 BW125 PA0,6,2608222108,24,1,8966,-49.0,17.0,1,0,
24,SF8 BW125 PA0,7,2608222108,24,1,9448,-49.0,16.0,1,0,
24,SF8 BW125 PA0,8,2608222108,24,1,9931,-49.0,17.0,1,0,
24,SF8 BW125 PA0,9,2608222108,24,1,10413,-49.0,16.0,1,0,
24,SF8 BW125 PA0,10,2608222108,24,1,10896,-49.0,16.0,1,0,
24,SF8 BW125 PA0,11,2608222108,24,1,11378,-50.0,17.0,1,0,
24,SF8 BW125 PA0,12,2608222108,24,1,11861,-49.0,16.0,1,0,
24,SF8 BW125 PA0,13,2608222108,24,1,12343,-50.0,16.0,1,0,
24,SF8 BW125 PA0,14,2608222108,24,1,12825,-49.0,16.0,1,0,
24,SF8 BW125 PA0,15,2608222108,24,1,13308,-49.0,16.0,1,0,
24,SF8 BW125 PA0,16,2608222108,24,1,13790,-50.0,17.0,1,0,
24,SF8 BW125 PA0,17,2608222108,24,1,14273,-49.0,16.0,1,0,
24,SF8 BW125 PA0,18,2608222108,24,1,14755,-49.0,17.0,1,0,
24,SF8 BW125 PA0,19,2608222108,24,1,15238,-49.0,16.0,1,0,
24,SF8 BW125 PA0,20,2608222108,24,1,15720,-49.0,16.0,1,0,
24,SF8 BW125 PA0,21,2608222108,24,1,16202,-50.0,16.0,1,0,
24,SF8 BW125 PA0,22,2608222108,24,1,16685,-50.0,16.0,1,0,
24,SF8 BW125 PA0,23,2608222108,24,1,17167,-49.0,16.0,1,0,
24,SF8 BW125 PA0,24,2608222108,24,1,17650,-49.0,17.0,1,0,
24,SF8 BW125 PA0,25,2608222108,24,1,18132,-50.0,16.0,1,0,
24,SF8 BW125 PA0,26,2608222108,24,1,18615,-49.0,16.0,1,0,
24,SF8 BW125 PA0,27,2608222108,24,1,19097,-50.0,17.0,1,0,
24,SF8 BW125 PA0,28,2608222108,24,1,19579,-50.0,16.0,1,0,
24,SF8 BW125 PA0,29,2608222108,24,1,20062,-50.0,17.0,1,0,
24,SF8 BW125 PA0,30,2608222108,24,1,20544,-50.0,16.0,1,0,
24,SF8 BW125 PA0,31,2608222108,24,1,21027,-49.0,16.0,1,0,
24,SF8 BW125 PA0,32,2608222108,24,1,21509,-50.0,16.0,1,0,
24,SF8 BW125 PA0,33,2608222108,24,1,21992,-50.0,17.0,1,0,
24,SF8 BW125 PA0,34,2608222108,24,1,22474,-50.0,16.0,1,0,
24,SF8 BW125 PA0,35,2608222108,24,1,22956,-49.0,16.0,1,0,
24,SF8 BW125 PA0,36,2608222108,24,1,23439,-50.0,17.0,1,0,
24,SF8 BW125 PA0,37,2608222108,24,1,23921,-49.0,16.0,1,0,
24,SF8 BW125 PA0,38,2608222108,24,1,24404,-50.0,17.0,1,0,
24,SF8 BW125 PA0,39,2608222108,24,1,24886,-49.0,16.0,1,0,
24,SF8 BW125 PA0,40,2608222108,24,1,25369,-49.0,16.0,1,0,
24,SF8 BW125 PA0,41,2608222108,24,1,25851,-49.0,17.0,1,0,
24,SF8 BW125 PA0,42,2608222108,24,1,26333,-50.0,16.0,1,0,
24,SF8 BW125 PA0,43,2608222108,24,1,26816,-50.0,16.0,1,0,
24,SF8 BW125 PA0,44,2608222108,24,1,27298,-50.0,16.0,1,0,
24,SF8 BW125 PA0,45,2608222108,24,1,27781,-49.0,16.0,1,0,
24,SF8 BW125 PA0,46,2608222108,24,1,28263,-49.0,16.0,1,0,
24,SF8 BW125 PA0,47,2608222108,24,1,28746,-49.0,16.0,1,0,
24,SF8 BW125 PA0,48,2608222108,24,1,29228,-50.0,16.0,1,0,
24,SF8 BW125 PA0,49,2608222108,24,1,29710,-49.0,16.0,1,0,
25,SF8 BW125 PA3,0,2608222108,25,1,6005,-46.0,15.0,1,0,
25,SF8 BW125 PA3,1,2608222108,25,1,6487,-46.0,17.0,1,0,
25,SF8 BW125 PA3,2,2608222108,25,1,6970,-46.0,17.0,1,0,
25,SF8 BW125 PA3,3,2608222108,25,1,7452,-46.0,16.0,1,0,
25,SF8 BW125 PA3,4,2608222108,25,1,7935,-46.0,16.0,1,0,
25,SF8 BW125 PA3,5,2608222108,25,1,8417,-46.0,17.0,1,0,
25,SF8 BW125 PA3,6,2608222108,25,1,8899,-46.0,17.0,1,0,
25,SF8 BW125 PA3,7,2608222108,25,1,9382,-46.0,17.0,1,0,
25,SF8 BW125 PA3,8,2608222108,25,1,9864,-46.0,16.0,1,0,
25,SF8 BW125 PA3,9,2608222108,25,1,10347,-46.0,16.0,1,0,
25,SF8 BW125 PA3,10,2608222108,25,1,10829,-46.0,17.0,1,0,
25,SF8 BW125 PA3,11,2608222108,25,1,11312,-46.0,17.0,1,0,
25,SF8 BW125 PA3,12,2608222108,25,1,11794,-46.0,16.0,1,0,
25,SF8 BW125 PA3,13,2608222108,25,1,12276,-46.0,17.0,1,0,
25,SF8 BW125 PA3,14,2608222108,25,1,12759,-46.0,16.0,1,0,
25,SF8 BW125 PA3,15,2608222108,25,1,13241,-46.0,17.0,1,0,
25,SF8 BW125 PA3,16,2608222108,25,1,13724,-46.0,17.0,1,0,
25,SF8 BW125 PA3,17,2608222108,25,1,14206,-46.0,17.0,1,0,
25,SF8 BW125 PA3,18,2608222108,25,1,14689,-46.0,17.0,1,0,
25,SF8 BW125 PA3,19,2608222108,25,1,15171,-46.0,16.0,1,0,
25,SF8 BW125 PA3,20,2608222108,25,1,15653,-46.0,16.0,1,0,
25,SF8 BW125 PA3,21,2608222108,25,1,16136,-46.0,16.0,1,0,
25,SF8 BW125 PA3,22,2608222108,25,1,16618,-46.0,17.0,1,0,
25,SF8 BW125 PA3,23,2608222108,25,1,17101,-46.0,17.0,1,0,
25,SF8 BW125 PA3,24,2608222108,25,1,17583,-46.0,17.0,1,0,
25,SF8 BW125 PA3,25,2608222108,25,1,18066,-46.0,17.0,1,0,
25,SF8 BW125 PA3,26,2608222108,25,1,18548,-46.0,16.0,1,0,
25,SF8 BW125 PA3,27,2608222108,25,1,19030,-46.0,17.0,1,0,
25,SF8 BW125 PA3,28,2608222108,25,1,19513,-46.0,17.0,1,0,
25,SF8 BW125 PA3,29,2608222108,25,1,19995,-46.0,17.0,1,0,
25,SF8 BW125 PA3,30,2608222108,25,1,20478,-46.0,17.0,1,0,
25,SF8 BW125 PA3,31,2608222108,25,1,20960,-46.0,17.0,1,0,
25,SF8 BW125 PA3,32,2608222108,25,1,21443,-46.0,17.0,1,0,
25,SF8 BW125 PA3,33,2608222108,25,1,21925,-46.0,17.0,1,0,
25,SF8 BW125 PA3,34,2608222108,25,1,22407,-46.0,17.0,1,0,
25,SF8 BW125 PA3,35,2608222108,25,1,22890,-46.0,16.0,1,0,
25,SF8 BW125 PA3,36,2608222108,25,1,23372,-46.0,17.0,1,0,
25,SF8 BW125 PA3,37,2608222108,25,1,23855,-46.0,17.0,1,0,
25,SF8 BW125 PA3,38,2608222108,25,1,24337,-46.0,16.0,1,0,
25,SF8 BW125 PA3,39,2608222108,25,1,24820,-46.0,17.0,1,0,
25,SF8 BW125 PA3,40,2608222108,25,1,25302,-46.0,16.0,1,0,
25,SF8 BW125 PA3,41,2608222108,25,1,25784,-46.0,16.0,1,0,
25,SF8 BW125 PA3,42,2608222108,25,1,26267,-46.0,16.0,1,0,
25,SF8 BW125 PA3,43,2608222108,25,1,26749,-46.0,16.0,1,0,
25,SF8 BW125 PA3,44,2608222108,25,1,27232,-46.0,16.0,1,0,
25,SF8 BW125 PA3,45,2608222108,25,1,27714,-46.0,16.0,1,0,
25,SF8 BW125 PA3,46,2608222108,25,1,28197,-46.0,16.0,1,0,
25,SF8 BW125 PA3,47,2608222108,25,1,28679,-46.0,16.0,1,0,
25,SF8 BW125 PA3,48,2608222108,25,1,29161,-46.0,17.0,1,0,
25,SF8 BW125 PA3,49,2608222108,25,1,29644,-46.0,17.0,1,0,
26,SF8 BW125 PA6,0,2608222108,26,1,6077,-44.0,17.0,1,0,
26,SF8 BW125 PA6,1,2608222108,26,1,6560,-44.0,16.0,1,0,
26,SF8 BW125 PA6,2,2608222108,26,1,7042,-44.0,16.0,1,0,
26,SF8 BW125 PA6,3,2608222108,26,1,7525,-44.0,17.0,1,0,
26,SF8 BW125 PA6,4,2608222108,26,1,8007,-44.0,16.0,1,0,
26,SF8 BW125 PA6,5,2608222108,26,1,8490,-44.0,16.0,1,0,
26,SF8 BW125 PA6,6,2608222108,26,1,8972,-44.0,16.0,1,0,
26,SF8 BW125 PA6,7,2608222108,26,1,9454,-44.0,16.0,1,0,
26,SF8 BW125 PA6,8,2608222108,26,1,9937,-44.0,16.0,1,0,
26,SF8 BW125 PA6,9,2608222108,26,1,10419,-44.0,16.0,1,0,
26,SF8 BW125 PA6,10,2608222108,26,1,10902,-44.0,16.0,1,0,
26,SF8 BW125 PA6,11,2608222108,26,1,11384,-44.0,16.0,1,0,
26,SF8 BW125 PA6,12,2608222108,26,1,11867,-44.0,17.0,1,0,
26,SF8 BW125 PA6,13,2608222108,26,1,12349,-44.0,17.0,1,0,
26,SF8 BW125 PA6,14,2608222108,26,1,12831,-44.0,16.0,1,0,
26,SF8 BW125 PA6,15,2608222108,26,1,13314,-44.0,16.0,1,0,
26,SF8 BW125 PA6,16,2608222108,26,1,13796,-44.0,16.0,1,0,
26,SF8 BW125 PA6,17,2608222108,26,1,14279,-44.0,16.0,1,0,
26,SF8 BW125 PA6,18,2608222108,26,1,14761,-44.0,16.0,1,0,
26,SF8 BW125 PA6,19,2608222108,26,1,15244,-44.0,17.0,1,0,
26,SF8 BW125 PA6,20,2608222108,26,1,15726,-44.0,16.0,1,0,
26,SF8 BW125 PA6,21,2608222108,26,1,16208,-44.0,16.0,1,0,
26,SF8 BW125 PA6,22,2608222108,26,1,16691,-44.0,16.0,1,0,
26,SF8 BW125 PA6,23,2608222108,26,1,17173,-44.0,16.0,1,0,
26,SF8 BW125 PA6,24,2608222108,26,1,17656,-44.0,17.0,1,0,
26,SF8 BW125 PA6,25,2608222108,26,1,18138,-44.0,17.0,1,0,
26,SF8 BW125 PA6,26,2608222108,26,1,18621,-44.0,16.0,1,0,
26,SF8 BW125 PA6,27,2608222108,26,1,19103,-44.0,16.0,1,0,
26,SF8 BW125 PA6,28,2608222108,26,1,19585,-44.0,16.0,1,0,
26,SF8 BW125 PA6,29,2608222108,26,1,20068,-44.0,17.0,1,0,
26,SF8 BW125 PA6,30,2608222108,26,1,20550,-44.0,16.0,1,0,
26,SF8 BW125 PA6,31,2608222108,26,1,21033,-44.0,16.0,1,0,
26,SF8 BW125 PA6,32,2608222108,26,1,21515,-44.0,16.0,1,0,
26,SF8 BW125 PA6,33,2608222108,26,1,21997,-44.0,17.0,1,0,
26,SF8 BW125 PA6,34,2608222108,26,1,22480,-44.0,16.0,1,0,
26,SF8 BW125 PA6,35,2608222108,26,1,22962,-44.0,16.0,1,0,
26,SF8 BW125 PA6,36,2608222108,26,1,23445,-44.0,16.0,1,0,
26,SF8 BW125 PA6,37,2608222108,26,1,23927,-44.0,16.0,1,0,
26,SF8 BW125 PA6,38,2608222108,26,1,24410,-44.0,16.0,1,0,
26,SF8 BW125 PA6,39,2608222108,26,1,24892,-44.0,16.0,1,0,
26,SF8 BW125 PA6,40,2608222108,26,1,25374,-44.0,16.0,1,0,
26,SF8 BW125 PA6,41,2608222108,26,1,25857,-44.0,17.0,1,0,
26,SF8 BW125 PA6,42,2608222108,26,1,26339,-44.0,16.0,1,0,
26,SF8 BW125 PA6,43,2608222108,26,1,26822,-44.0,16.0,1,0,
26,SF8 BW125 PA6,44,2608222108,26,1,27304,-44.0,16.0,1,0,
26,SF8 BW125 PA6,45,2608222108,26,1,27787,-44.0,16.0,1,0,
26,SF8 BW125 PA6,46,2608222108,26,1,28269,-44.0,16.0,1,0,
26,SF8 BW125 PA6,47,2608222108,26,1,28751,-44.0,16.0,1,0,
26,SF8 BW125 PA6,48,2608222108,26,1,29234,-44.0,16.0,1,0,
26,SF8 BW125 PA6,49,2608222108,26,1,29716,-44.0,16.0,1,0,
27,SF8 BW125 PA10 L16,0,2608222108,27,1,5952,-40.0,15.0,1,0,
27,SF8 BW125 PA10 L16,1,2608222108,27,1,6164,-40.0,15.0,1,0,
27,SF8 BW125 PA10 L16,2,2608222108,27,1,6376,-40.0,15.0,1,0,
27,SF8 BW125 PA10 L16,3,2608222108,27,1,6588,-40.0,15.0,1,0,
27,SF8 BW125 PA10 L16,4,2608222108,27,1,6800,-40.0,15.0,1,0,
27,SF8 BW125 PA10 L16,5,2608222108,27,1,7012,-40.0,15.0,1,0,
27,SF8 BW125 PA10 L16,6,2608222108,27,1,7224,-40.0,15.0,1,0,
27,SF8 BW125 PA10 L16,7,2608222108,27,1,7436,-40.0,15.0,1,0,
27,SF8 BW125 PA10 L16,8,2608222108,27,1,7648,-40.0,15.0,1,0,
27,SF8 BW125 PA10 L16,9,2608222108,27,1,7860,-40.0,15.0,1,0,
27,SF8 BW125 PA10 L16,10,2608222108,27,1,8072,-40.0,15.0,1,0,
27,SF8 BW125 PA10 L16,11,2608222108,27,1,8284,-40.0,15.0,1,0,
27,SF8 BW125 PA10 L16,12,2608222108,27,1,8496,-40.0,15.0,1,0,
27,SF8 BW125 PA10 L16,13,2608222108,27,1,8708,-40.0,15.0,1,0,
27,SF8 BW125 PA10 L16,14,2608222108,27,1,8920,-40.0,15.0,1,0,
27,SF8 BW125 PA10 L16,15,2608222108,27,1,9132,-40.0,15.0,1,0,
27,SF8 BW125 PA10 L16,16,2608222108,27,1,9344,-40.0,15.0,1,0,
27,SF8 BW125 PA10 L16,17,2608222108,27,1,9556,-40.0,15.0,1,0,
27,SF8 BW125 PA10 L16,18,2608222108,27,1,9767,-40.0,15.0,1,0,
27,SF8 BW125 PA10 L16,19,2608222108,27,1,9979,-40.0,15.0,1,0,
27,SF8 BW125 PA10 L16,20,2608222108,27,1,10191,-40.0,15.0,1,0,
27,SF8 BW125 PA10 L16,21,2608222108,27,1,10403,-40.0,15.0,1,0,
27,SF8 BW125 PA10 L16,22,2608222108,27,1,10615,-40.0,15.0,1,0,
27,SF8 BW125 PA10 L16,23,2608222108,27,1,10827,-40.0,15.0,1,0,
27,SF8 BW125 PA10 L16,24,2608222108,27,1,11039,-40.0,15.0,1,0,
27,SF8 BW125 PA10 L16,25,2608222108,27,1,11251,-40.0,15.0,1,0,
27,SF8 BW125 PA10 L16,26,2608222108,27,1,11463,-40.0,15.0,1,0,
27,SF8 BW125 PA10 L16,27,2608222108,27,1,11675,-40.0,15.0,1,0,
27,SF8 BW125 PA10 L16,28,2608222108,27,1,11887,-40.0,15.0,1,0,
27,SF8 BW125 PA10 L16,29,2608222108,27,1,12099,-40.0,15.0,1,0,
27,SF8 BW125 PA10 L16,30,2608222108,27,1,12311,-40.0,15.0,1,0,
27,SF8 BW125 PA10 L16,31,2608222108,27,1,12523,-40.0,15.0,1,0,
27,SF8 BW125 PA10 L16,32,2608222108,27,1,12735,-40.0,15.0,1,0,
27,SF8 BW125 PA10 L16,33,2608222108,27,1,12947,-40.0,15.0,1,0,
27,SF8 BW125 PA10 L16,34,2608222108,27,1,13159,-40.0,15.0,1,0,
27,SF8 BW125 PA10 L16,35,2608222108,27,1,13371,-40.0,15.0,1,0,
27,SF8 BW125 PA10 L16,36,2608222108,27,1,13583,-40.0,15.0,1,0,
27,SF8 BW125 PA10 L16,37,2608222108,27,1,13795,-40.0,15.0,1,0,
27,SF8 BW125 PA10 L16,38,2608222108,27,1,14007,-40.0,15.0,1,0,
27,SF8 BW125 PA10 L16,39,2608222108,27,1,14219,-40.0,15.0,1,0,
27,SF8 BW125 PA10 L16,40,2608222108,27,1,14430,-40.0,15.0,1,0,
27,SF8 BW125 PA10 L16,41,2608222108,27,1,14642,-40.0,15.0,1,0,
27,SF8 BW125 PA10 L16,42,2608222108,27,1,14854,-40.0,15.0,1,0,
27,SF8 BW125 PA10 L16,43,2608222108,27,1,15066,-40.0,15.0,1,0,
27,SF8 BW125 PA10 L16,44,2608222108,27,1,15278,-40.0,15.0,1,0,
27,SF8 BW125 PA10 L16,45,2608222108,27,1,15490,-40.0,15.0,1,0,
27,SF8 BW125 PA10 L16,46,2608222108,27,1,15702,-40.0,15.0,1,0,
27,SF8 BW125 PA10 L16,47,2608222108,27,1,15914,-40.0,15.0,1,0,
27,SF8 BW125 PA10 L16,48,2608222108,27,1,16126,-40.0,15.0,1,0,
27,SF8 BW125 PA10 L16,49,2608222108,27,1,16338,-40.0,15.0,1,0,
28,SF8 BW125 PA10 L128,0,2608222108,28,1,6227,-40.0,15.0,1,0,
28,SF8 BW125 PA10 L128,1,2608222108,28,1,7070,-40.0,15.0,1,0,
28,SF8 BW125 PA10 L128,2,2608222108,28,1,7913,-40.0,15.0,1,0,
28,SF8 BW125 PA10 L128,3,2608222108,28,1,8756,-40.0,15.0,1,0,
28,SF8 BW125 PA10 L128,4,2608222108,28,1,9599,-40.0,15.0,1,0,
28,SF8 BW125 PA10 L128,5,2608222108,28,1,10443,-40.0,15.0,1,0,
28,SF8 BW125 PA10 L128,6,2608222108,28,1,11286,-40.0,15.0,1,0,
28,SF8 BW125 PA10 L128,7,2608222108,28,1,12129,-40.0,15.0,1,0,
28,SF8 BW125 PA10 L128,8,2608222108,28,1,12972,-40.0,15.0,1,0,
28,SF8 BW125 PA10 L128,9,2608222108,28,1,13815,-40.0,15.0,1,0,
28,SF8 BW125 PA10 L128,10,2608222108,28,1,14658,-40.0,15.0,1,0,
28,SF8 BW125 PA10 L128,11,2608222108,28,1,15501,-40.0,15.0,1,0,
28,SF8 BW125 PA10 L128,12,2608222108,28,1,16344,-40.0,15.0,1,0,
28,SF8 BW125 PA10 L128,13,2608222108,28,1,17187,-40.0,15.0,1,0,
28,SF8 BW125 PA10 L128,14,2608222108,28,1,18030,-40.0,15.0,1,0,
28,SF8 BW125 PA10 L128,15,2608222108,28,1,18873,-40.0,15.0,1,0,
28,SF8 BW125 PA10 L128,16,2608222108,28,1,19716,-40.0,15.0,1,0,
28,SF8 BW125 PA10 L128,17,2608222108,28,1,20559,-40.0,15.0,1,0,
28,SF8 BW125 PA10 L128,18,2608222108,28,1,21402,-40.0,15.0,1,0,
28,SF8 BW125 PA10 L128,19,2608222108,28,1,22245,-40.0,15.0,1,0,
28,SF8 BW125 PA10 L128,20,2608222108,28,1,23088,-40.0,15.0,1,0,
28,SF8 BW125 PA10 L128,21,2608222108,28,1,23931,-40.0,15.0,1,0,
28,SF8 BW125 PA10 L128,22,2608222108,28,1,24775,-40.0,15.0,1,0,
28,SF8 BW125 PA10 L128,23,2608222108,28,1,25618,-40.0,15.0,1,0,
28,SF8 BW125 PA10 L128,24,2608222108,28,1,26461,-40.0,15.0,1,0,
28,SF8 BW125 PA10 L128,25,2608222108,28,1,27304,-40.0,15.0,1,0,
28,SF8 BW125 PA10 L128,26,2608222108,28,1,28147,-40.0,15.0,1,0,
28,SF8 BW125 PA10 L128,27,2608222108,28,1,28990,-40.0,15.0,1,0,
28,SF8 BW125 PA10 L128,28,2608222108,28,1,29833,-40.0,15.0,1,0,
28,SF8 BW125 PA10 L128,29,2608222108,28,1,30676,-40.0,15.0,1,0,
28,SF8 BW125 PA10 L128,30,2608222108,28,1,31519,-40.0,15.0,1,0,
28,SF8 BW125 PA10 L128,31,2608222108,28,1,32362,-40.0,15.0,1,0,
28,SF8 BW125 PA10 L128,32,2608222108,28,1,33205,-40.0,15.0,1,0,
28,SF8 BW125 PA10 L128,33,2608222108,28,1,34048,-40.0,15.0,1,0,
28,SF8 BW125 PA10 L128,34,2608222108,28,1,34891,-40.0,15.0,1,0,
28,SF8 BW125 PA10 L128,35,2608222108,28,1,35734,-40.0,15.0,1,0,
28,SF8 BW125 PA10 L128,36,2608222108,28,1,36577,-40.0,15.0,1,0,
28,SF8 BW125 PA10 L128,37,2608222108,28,1,37420,-40.0,15.0,1,0,
28,SF8 BW125 PA10 L128,38,2608222108,28,1,38263,-40.0,15.0,1,0,
28,SF8 BW125 PA10 L128,39,2608222108,28,1,39106,-40.0,15.0,1,0,
28,SF8 BW125 PA10 L128,40,2608222108,28,1,39950,-40.0,15.0,1,0,
28,SF8 BW125 PA10 L128,41,2608222108,28,1,40793,-40.0,15.0,1,0,
28,SF8 BW125 PA10 L128,42,2608222108,28,1,41636,-40.0,15.0,1,0,
28,SF8 BW125 PA10 L128,43,2608222108,28,1,42479,-40.0,15.0,1,0,
28,SF8 BW125 PA10 L128,44,2608222108,28,1,43322,-40.0,15.0,1,0,
28,SF8 BW125 PA10 L128,45,2608222108,28,1,44165,-40.0,15.0,1,0,
28,SF8 BW125 PA10 L128,46,2608222108,28,1,45008,-40.0,15.0,1,0,
28,SF8 BW125 PA10 L128,47,2608222108,28,1,45851,-40.0,15.0,1,0,
28,SF8 BW125 PA10 L128,48,2608222108,28,1,46694,-40.0,15.0,1,0,
28,SF8 BW125 PA10 L128,49,2608222108,28,1,47537,-40.0,15.0,1,0,
29,SF8 BW125 PA10 L255,0,2608222108,29,1,6559,-40.0,15.0,1,0,
29,SF8 BW125 PA10 L255,1,2608222108,29,1,8123,-40.0,15.0,1,0,
29,SF8 BW125 PA10 L255,2,2608222108,29,1,9687,-40.0,15.0,1,0,
29,SF8 BW125 PA10 L255,3,2608222108,29,1,11252,-40.0,15.0,1,0,
29,SF8 BW125 PA10 L255,4,2608222108,29,1,12816,-40.0,15.0,1,0,
29,SF8 BW125 PA10 L255,5,2608222108,29,1,14380,-40.0,15.0,1,0,
29,SF8 BW125 PA10 L255,6,2608222108,29,1,15944,-40.0,15.0,1,0,
29,SF8 BW125 PA10 L255,7,2608222108,29,1,17509,-40.0,15.0,1,0,
29,SF8 BW125 PA10 L255,8,2608222108,29,1,19073,-40.0,15.0,1,0,
29,SF8 BW125 PA10 L255,9,2608222108,29,1,20637,-40.0,15.0,1,0,
29,SF8 BW125 PA10 L255,10,2608222108,29,1,22202,-40.0,15.0,1,0,
29,SF8 BW125 PA10 L255,11,2608222108,29,1,23766,-40.0,15.0,1,0,
29,SF8 BW125 PA10 L255,12,2608222108,29,1,25330,-40.0,15.0,1,0,
29,SF8 BW125 PA10 L255,13,2608222108,29,1,26895,-40.0,15.0,1,0,
29,SF8 BW125 PA10 L255,14,2608222108,29,1,28459,-40.0,15.0,1,0,
29,SF8 BW125 PA10 L255,15,2608222108,29,1,30023,-40.0,15.0,1,0,
29,SF8 BW125 PA10 L255,16,2608222108,29,1,31588,-40.0,15.0,1,0,
29,SF8 BW125 PA10 L255,17,2608222108,29,1,33152,-40.0,15.0,1,0,
29,SF8 BW125 PA10 L255,18,2608222108,29,1,34716,-40.0,15.0,1,0,
29,SF8 BW125 PA10 L255,19,2608222108,29,1,36281,-40.0,15.0,1,0,
29,SF8 BW125 PA10 L255,20,2608222108,29,1,37845,-40.0,15.0,1,0,
29,SF8 BW125 PA10 L255,21,2608222108,29,1,39409,-40.0,16.0,1,0,
29,SF8 BW125 PA10 L255,22,2608222108,29,1,40974,-40.0,15.0,1,0,
29,SF8 BW125 PA10 L255,23,2608222108,29,1,42538,-40.0,15.0,1,0,
29,SF8 BW125 PA10 L255,24,2608222108,29,1,44102,-40.0,15.0,1,0,
29,SF8 BW125 PA10 L255,25,2608222108,29,1,45666,-40.0,15.0,1,0,
29,SF8 BW125 PA10 L255,26,2608222108,29,1,47231,-40.0,15.0,1,0,
29,SF8 BW125 PA10 L255,27,2608222108,29,1,48795,-40.0,15.0,1,0,
29,SF8 BW125 PA10 L255,28,2608222108,29,1,50359,-40.0,15.0,1,0,
29,SF8 BW125 PA10 L255,29,2608222108,29,1,51924,-40.0,15.0,1,0,
29,SF8 BW125 PA10 L255,30,2608222108,29,1,53488,-40.0,15.0,1,0,
29,SF8 BW125 PA10 L255,31,2608222108,29,1,55052,-40.0,15.0,1,0,
29,SF8 BW125 PA10 L255,32,2608222108,29,1,56617,-40.0,15.0,1,0,
29,SF8 BW125 PA10 L255,33,2608222108,29,1,58181,-40.0,15.0,1,0,
29,SF8 BW125 PA10 L255,34,2608222108,29,1,59745,-40.0,15.0,1,0,
29,SF8 BW125 PA10 L255,35,2608222108,29,1,61310,-40.0,15.0,1,0,
29,SF8 BW125 PA10 L255,36,2608222108,29,1,62874,-40.0,15.0,1,0,
29,SF8 BW125 PA10 L255,37,2608222108,29,1,64438,-40.0,15.0,1,0,
29,SF8 BW125 PA10 L255,38,2608222108,29,1,66003,-40.0,15.0,1,0,
29,SF8 BW125 PA10 L255,39,2608222108,29,1,67567,-40.0,15.0,1,0,
29,SF8 BW125 PA10 L255,40,2608222108,29,1,69131,-40.0,15.0,1,0,
29,SF8 BW125 PA10 L255,41,2608222108,29,1,70695,-40.0,15.0,1,0,
29,SF8 BW125 PA10 L255,42,2608222108,29,1,72260,-40.0,15.0,1,0,
29,SF8 BW125 PA10 L255,43,2608222108,29,1,73824,-40.0,15.0,1,0,
29,SF8 BW125 PA10 L255,44,2608222108,29,1,75388,-40.0,15.0,1,0,
29,SF8 BW125 PA10 L255,45,2608222108,29,1,76953,-40.0,15.0,1,0,
29,SF8 BW125 PA10 L255,46,2608222108,29,1,78517,-40.0,15.0,1,0,
29,SF8 BW125 PA10 L255,47,2608222108,29,1,80081,-40.0,15.0,1,0,
29,SF8 BW125 PA10 L255,48,2608222108,29,1,81646,-40.0,15.0,1,0,
29,SF8 BW125 PA10 L255,49,2608222108,29,1,83210,-40.0,15.0,1,0,
31,FLRC 260k pa5,0,2608222108,31,1,5577,-87.0,0.0,0,0,
31,FLRC 260k pa5,0,2608222108,31,1,5594,-77.0,0.0,0,0,
31,FLRC 260k pa5,0,2608222108,31,1,5610,-86.0,0.0,0,0,
31,FLRC 260k pa5,0,2608222108,31,1,5626,-82.0,0.0,0,0,
31,FLRC 260k pa5,0,2608222108,31,1,5642,-86.0,0.0,0,0,
31,FLRC 260k pa5,0,2608222108,31,1,5659,-87.0,0.0,0,0,
31,FLRC 260k pa5,0,2608222108,31,1,5675,-86.0,0.0,0,0,
31,FLRC 260k pa5,0,2608222108,31,1,5691,-87.0,0.0,0,0,
31,FLRC 260k pa5,0,2608222108,31,1,5708,-86.0,0.0,0,0,
31,FLRC 260k pa5,0,2608222108,31,1,5724,-87.0,0.0,0,0,
31,FLRC 260k pa5,0,2608222108,31,1,5740,-87.0,0.0,0,0,
31,FLRC 260k pa5,0,2608222108,31,1,5757,-86.0,0.0,0,0,
31,FLRC 260k pa5,0,2608222108,31,1,5773,-82.0,0.0,0,0,
31,FLRC 260k pa5,0,2608222108,31,1,5789,-86.0,0.0,0,0,
31,FLRC 260k pa5,0,2608222108,31,1,5805,-82.0,0.0,0,0,
31,FLRC 260k pa5,0,2608222108,31,1,5822,-87.0,0.0,0,0,
31,FLRC 260k pa5,0,2608222108,31,1,5838,-87.0,0.0,0,0,
31,FLRC 260k pa5,0,2608222108,31,1,5854,-87.0,0.0,0,0,
31,FLRC 260k pa5,0,2608222108,31,1,5871,-82.0,0.0,0,0,
31,FLRC 260k pa5,0,2608222108,31,1,5887,-86.0,0.0,0,0,
31,FLRC 260k pa5,0,2608222108,31,1,5903,-86.0,0.0,0,0,
31,FLRC 260k pa5,0,2608222108,31,1,5920,-86.0,0.0,0,0,
31,FLRC 260k pa5,0,2608222108,31,1,5936,-87.0,0.0,0,0,
31,FLRC 260k pa5,0,2608222108,31,1,5952,-86.0,0.0,0,0,
31,FLRC 260k pa5,0,2608222108,31,1,5968,-87.0,0.0,0,0,
31,FLRC 260k pa5,0,2608222108,31,1,5985,-87.0,0.0,0,0,
31,FLRC 260k pa5,0,2608222108,31,1,6001,-85.0,0.0,0,0,
31,FLRC 260k pa5,0,2608222108,31,1,6017,-86.0,0.0,0,0,
31,FLRC 260k pa5,0,2608222108,31,1,6034,-86.0,0.0,0,0,
31,FLRC 260k pa5,0,2608222108,31,1,6050,-82.0,0.0,0,0,
31,FLRC 260k pa5,0,2608222108,31,1,6066,-87.0,0.0,0,0,
31,FLRC 260k pa5,0,2608222108,31,1,6082,-86.0,0.0,0,0,
31,FLRC 260k pa5,0,2608222108,31,1,6099,-86.0,0.0,0,0,
31,FLRC 260k pa5,0,2608222108,31,1,6115,-87.0,0.0,0,0,
31,FLRC 260k pa5,0,2608222108,31,1,6131,-77.0,0.0,0,0,
31,FLRC 260k pa5,0,2608222108,31,1,6148,-87.0,0.0,0,0,
31,FLRC 260k pa5,0,2608222108,31,1,6164,-86.0,0.0,0,0,
31,FLRC 260k pa5,0,2608222108,31,1,6180,-86.0,0.0,0,0,
31,FLRC 260k pa5,0,2608222108,31,1,6197,-76.0,0.0,0,0,
31,FLRC 260k pa5,0,2608222108,31,1,6213,-87.0,0.0,0,0,
31,FLRC 260k pa5,0,2608222108,31,1,6229,-77.0,0.0,0,0,
31,FLRC 260k pa5,0,2608222108,31,1,6245,-86.0,0.0,0,0,
31,FLRC 260k pa5,0,2608222108,31,1,6262,-77.0,0.0,0,0,
31,FLRC 260k pa5,0,2608222108,31,1,6278,-76.0,0.0,0,0,
31,FLRC 260k pa5,0,2608222108,31,1,6294,-86.0,0.0,0,0,
31,FLRC 260k pa5,0,2608222108,31,1,6311,-77.0,0.0,0,0,
31,FLRC 260k pa5,0,2608222108,31,1,6327,-86.0,0.0,0,0,
31,FLRC 260k pa5,0,2608222108,31,1,6343,-82.0,0.0,0,0,
31,FLRC 260k pa5,0,2608222108,31,1,6359,-87.0,0.0,0,0,
31,FLRC 260k pa5,0,2608222108,31,1,6376,-82.0,0.0,0,0,
32,FLRC 325k pa5,0,2608222108,32,1,5609,-82.0,0.0,0,0,
32,FLRC 325k pa5,0,2608222108,32,1,5625,-82.0,0.0,0,0,
32,FLRC 325k pa5,0,2608222108,32,1,5641,-86.0,0.0,0,0,
32,FLRC 325k pa5,0,2608222108,32,1,5656,-82.0,0.0,0,0,
32,FLRC 325k pa5,0,2608222108,32,1,5672,-87.0,0.0,0,0,
32,FLRC 325k pa5,0,2608222108,32,1,5688,-86.0,0.0,0,0,
32,FLRC 325k pa5,0,2608222108,32,1,5703,-86.0,0.0,0,0,
32,FLRC 325k pa5,0,2608222108,32,1,5719,-86.0,0.0,0,0,
32,FLRC 325k pa5,0,2608222108,32,1,5735,-82.0,0.0,0,0,
32,FLRC 325k pa5,0,2608222108,32,1,5750,-82.0,0.0,0,0,
32,FLRC 325k pa5,0,2608222108,32,1,5766,-83.0,0.0,0,0,
32,FLRC 325k pa5,0,2608222108,32,1,5782,-86.0,0.0,0,0,
32,FLRC 325k pa5,0,2608222108,32,1,5797,-81.0,0.0,0,0,
32,FLRC 325k pa5,0,2608222108,32,1,5813,-86.0,0.0,0,0,
32,FLRC 325k pa5,0,2608222108,32,1,5829,-86.0,0.0,0,0,
32,FLRC 325k pa5,0,2608222108,32,1,5844,-82.0,0.0,0,0,
32,FLRC 325k pa5,0,2608222108,32,1,5860,-82.0,0.0,0,0,
32,FLRC 325k pa5,0,2608222108,32,1,5876,-86.0,0.0,0,0,
32,FLRC 325k pa5,0,2608222108,32,1,5892,-85.0,0.0,0,0,
32,FLRC 325k pa5,0,2608222108,32,1,5907,-82.0,0.0,0,0,
32,FLRC 325k pa5,0,2608222108,32,1,5923,-82.0,0.0,0,0,
32,FLRC 325k pa5,0,2608222108,32,1,5939,-86.0,0.0,0,0,
32,FLRC 325k pa5,0,2608222108,32,1,5954,-82.0,0.0,0,0,
32,FLRC 325k pa5,0,2608222108,32,1,5970,-83.0,0.0,0,0,
32,FLRC 325k pa5,0,2608222108,32,1,5986,-83.0,0.0,0,0,
32,FLRC 325k pa5,0,2608222108,32,1,6001,-82.0,0.0,0,0,
32,FLRC 325k pa5,0,2608222108,32,1,6017,-83.0,0.0,0,0,
32,FLRC 325k pa5,0,2608222108,32,1,6033,-83.0,0.0,0,0,
32,FLRC 325k pa5,0,2608222108,32,1,6048,-82.0,0.0,0,0,
32,FLRC 325k pa5,0,2608222108,32,1,6064,-86.0,0.0,0,0,
32,FLRC 325k pa5,0,2608222108,32,1,6080,-82.0,0.0,0,0,
32,FLRC 325k pa5,0,2608222108,32,1,6095,-81.0,0.0,0,0,
32,FLRC 325k pa5,0,2608222108,32,1,6111,-82.0,0.0,0,0,
32,FLRC 325k pa5,0,2608222108,32,1,6127,-83.0,0.0,0,0,
32,FLRC 325k pa5,0,2608222108,32,1,6142,-82.0,0.0,0,0,
32,FLRC 325k pa5,0,2608222108,32,1,6158,-82.0,0.0,0,0,
32,FLRC 325k pa5,0,2608222108,32,1,6174,-82.0,0.0,0,0,
32,FLRC 325k pa5,0,2608222108,32,1,6189,-82.0,0.0,0,0,
32,FLRC 325k pa5,0,2608222108,32,1,6205,-81.0,0.0,0,0,
32,FLRC 325k pa5,0,2608222108,32,1,6221,-82.0,0.0,0,0,
32,FLRC 325k pa5,0,2608222108,32,1,6236,-82.0,0.0,0,0,
32,FLRC 325k pa5,0,2608222108,32,1,6252,-82.0,0.0,0,0,
32,FLRC 325k pa5,0,2608222108,32,1,6268,-81.0,0.0,0,0,
32,FLRC 325k pa5,0,2608222108,32,1,6284,-81.0,0.0,0,0,
32,FLRC 325k pa5,0,2608222108,32,1,6299,-82.0,0.0,0,0,
32,FLRC 325k pa5,0,2608222108,32,1,6315,-82.0,0.0,0,0,
32,FLRC 325k pa5,0,2608222108,32,1,6331,-87.0,0.0,0,0,
32,FLRC 325k pa5,0,2608222108,32,1,6346,-83.0,0.0,0,0,
32,FLRC 325k pa5,0,2608222108,32,1,6362,-87.0,0.0,0,0,
32,FLRC 325k pa5,0,2608222108,32,1,6378,-86.0,0.0,0,0,
33,FLRC 520k pa5,0,2608222108,33,1,5601,-84.0,0.0,0,0,
33,FLRC 520k pa5,0,2608222108,33,1,5616,-69.0,0.0,0,0,
33,FLRC 520k pa5,0,2608222108,33,1,5630,-70.0,0.0,0,0,
33,FLRC 520k pa5,0,2608222108,33,1,5645,-70.0,0.0,0,0,
33,FLRC 520k pa5,0,2608222108,33,1,5660,-71.0,0.0,0,0,
33,FLRC 520k pa5,0,2608222108,33,1,5675,-70.0,0.0,0,0,
33,FLRC 520k pa5,0,2608222108,33,1,5689,-71.0,0.0,0,0,
33,FLRC 520k pa5,0,2608222108,33,1,5704,-80.0,0.0,0,0,
33,FLRC 520k pa5,0,2608222108,33,1,5719,-81.0,0.0,0,0,
33,FLRC 520k pa5,0,2608222108,33,1,5734,-79.0,0.0,0,0,
33,FLRC 520k pa5,0,2608222108,33,1,5748,-84.0,0.0,0,0,
33,FLRC 520k pa5,0,2608222108,33,1,5763,-80.0,0.0,0,0,
33,FLRC 520k pa5,0,2608222108,33,1,5778,-70.0,0.0,0,0,
33,FLRC 520k pa5,0,2608222108,33,1,5793,-70.0,0.0,0,0,
33,FLRC 520k pa5,0,2608222108,33,1,5808,-71.0,0.0,0,0,
33,FLRC 520k pa5,0,2608222108,33,1,5822,-71.0,0.0,0,0,
33,FLRC 520k pa5,0,2608222108,33,1,5837,-71.0,0.0,0,0,
33,FLRC 520k pa5,0,2608222108,33,1,5852,-84.0,0.0,0,0,
33,FLRC 520k pa5,0,2608222108,33,1,5867,-70.0,0.0,0,0,
33,FLRC 520k pa5,0,2608222108,33,1,5881,-70.0,0.0,0,0,
33,FLRC 520k pa5,0,2608222108,33,1,5896,-69.0,0.0,0,0,
33,FLRC 520k pa5,0,2608222108,33,1,5911,-70.0,0.0,0,0,
33,FLRC 520k pa5,0,2608222108,33,1,5926,-69.0,0.0,0,0,
33,FLRC 520k pa5,0,2608222108,33,1,5940,-71.0,0.0,0,0,
33,FLRC 520k pa5,0,2608222108,33,1,5955,-70.0,0.0,0,0,
33,FLRC 520k pa5,0,2608222108,33,1,5970,-83.0,0.0,0,0,
33,FLRC 520k pa5,0,2608222108,33,1,5985,-80.0,0.0,0,0,
33,FLRC 520k pa5,0,2608222108,33,1,5999,-79.0,0.0,0,0,
33,FLRC 520k pa5,0,2608222108,33,1,6014,-71.0,0.0,0,0,
33,FLRC 520k pa5,0,2608222108,33,1,6029,-70.0,0.0,0,0,
33,FLRC 520k pa5,0,2608222108,33,1,6044,-71.0,0.0,0,0,
33,FLRC 520k pa5,0,2608222108,33,1,6058,-71.0,0.0,0,0,
33,FLRC 520k pa5,0,2608222108,33,1,6073,-70.0,0.0,0,0,
33,FLRC 520k pa5,0,2608222108,33,1,6088,-71.0,0.0,0,0,
33,FLRC 520k pa5,0,2608222108,33,1,6103,-84.0,0.0,0,0,
33,FLRC 520k pa5,0,2608222108,33,1,6117,-80.0,0.0,0,0,
33,FLRC 520k pa5,0,2608222108,33,1,6132,-70.0,0.0,0,0,
33,FLRC 520k pa5,0,2608222108,33,1,6147,-84.0,0.0,0,0,
33,FLRC 520k pa5,0,2608222108,33,1,6162,-70.0,0.0,0,0,
33,FLRC 520k pa5,0,2608222108,33,1,6176,-71.0,0.0,0,0,
33,FLRC 520k pa5,0,2608222108,33,1,6191,-70.0,0.0,0,0,
33,FLRC 520k pa5,0,2608222108,33,1,6206,-70.0,0.0,0,0,
33,FLRC 520k pa5,0,2608222108,33,1,6221,-71.0,0.0,0,0,
33,FLRC 520k pa5,0,2608222108,33,1,6235,-71.0,0.0,0,0,
33,FLRC 520k pa5,0,2608222108,33,1,6250,-71.0,0.0,0,0,
33,FLRC 520k pa5,0,2608222108,33,1,6265,-70.0,0.0,0,0,
33,FLRC 520k pa5,0,2608222108,33,1,6280,-79.0,0.0,0,0,
33,FLRC 520k pa5,0,2608222108,33,1,6294,-69.0,0.0,0,0,
33,FLRC 520k pa5,0,2608222108,33,1,6309,-70.0,0.0,0,0,
33,FLRC 520k pa5,0,2608222108,33,1,6324,-70.0,0.0,0,0,
34,FLRC 650k pa5,0,2608222108,34,1,5628,-80.0,0.0,0,0,
34,FLRC 650k pa5,0,2608222108,34,1,5643,-71.0,0.0,0,0,
34,FLRC 650k pa5,0,2608222108,34,1,5657,-71.0,0.0,0,0,
34,FLRC 650k pa5,0,2608222108,34,1,5672,-81.0,0.0,0,0,
34,FLRC 650k pa5,0,2608222108,34,1,5686,-71.0,0.0,0,0,
34,FLRC 650k pa5,0,2608222108,34,1,5700,-79.0,0.0,0,0,
34,FLRC 650k pa5,0,2608222108,34,1,5715,-80.0,0.0,0,0,
34,FLRC 650k pa5,0,2608222108,34,1,5729,-81.0,0.0,0,0,
34,FLRC 650k pa5,0,2608222108,34,1,5744,-81.0,0.0,0,0,
34,FLRC 650k pa5,0,2608222108,34,1,5758,-70.0,0.0,0,0,
34,FLRC 650k pa5,0,2608222108,34,1,5773,-80.0,0.0,0,0,
34,FLRC 650k pa5,0,2608222108,34,1,5787,-71.0,0.0,0,0,
34,FLRC 650k pa5,0,2608222108,34,1,5802,-71.0,0.0,0,0,
34,FLRC 650k pa5,0,2608222108,34,1,5816,-70.0,0.0,0,0,
34,FLRC 650k pa5,0,2608222108,34,1,5831,-81.0,0.0,0,0,
34,FLRC 650k pa5,0,2608222108,34,1,5845,-70.0,0.0,0,0,
34,FLRC 650k pa5,0,2608222108,34,1,5859,-80.0,0.0,0,0,
34,FLRC 650k pa5,0,2608222108,34,1,5874,-81.0,0.0,0,0,
34,FLRC 650k pa5,0,2608222108,34,1,5888,-70.0,0.0,0,0,
34,FLRC 650k pa5,0,2608222108,34,1,5903,-81.0,0.0,0,0,
34,FLRC 650k pa5,0,2608222108,34,1,5917,-81.0,0.0,0,0,
34,FLRC 650k pa5,0,2608222108,34,1,5932,-71.0,0.0,0,0,
34,FLRC 650k pa5,0,2608222108,34,1,5946,-81.0,0.0,0,0,
34,FLRC 650k pa5,0,2608222108,34,1,5961,-71.0,0.0,0,0,
34,FLRC 650k pa5,0,2608222108,34,1,5975,-72.0,0.0,0,0,
34,FLRC 650k pa5,0,2608222108,34,1,5990,-70.0,0.0,0,0,
34,FLRC 650k pa5,0,2608222108,34,1,6004,-80.0,0.0,0,0,
34,FLRC 650k pa5,0,2608222108,34,1,6018,-81.0,0.0,0,0,
34,FLRC 650k pa5,0,2608222108,34,1,6033,-71.0,0.0,0,0,
34,FLRC 650k pa5,0,2608222108,34,1,6047,-71.0,0.0,0,0,
34,FLRC 650k pa5,0,2608222108,34,1,6062,-81.0,0.0,0,0,
34,FLRC 650k pa5,0,2608222108,34,1,6076,-81.0,0.0,0,0,
34,FLRC 650k pa5,0,2608222108,34,1,6091,-71.0,0.0,0,0,
34,FLRC 650k pa5,0,2608222108,34,1,6105,-71.0,0.0,0,0,
34,FLRC 650k pa5,0,2608222108,34,1,6120,-72.0,0.0,0,0,
34,FLRC 650k pa5,0,2608222108,34,1,6134,-81.0,0.0,0,0,
34,FLRC 650k pa5,0,2608222108,34,1,6148,-79.0,0.0,0,0,
34,FLRC 650k pa5,0,2608222108,34,1,6163,-70.0,0.0,0,0,
34,FLRC 650k pa5,0,2608222108,34,1,6177,-71.0,0.0,0,0,
34,FLRC 650k pa5,0,2608222108,34,1,6192,-81.0,0.0,0,0,
34,FLRC 650k pa5,0,2608222108,34,1,6206,-80.0,0.0,0,0,
34,FLRC 650k pa5,0,2608222108,34,1,6221,-81.0,0.0,0,0,
34,FLRC 650k pa5,0,2608222108,34,1,6235,-81.0,0.0,0,0,
34,FLRC 650k pa5,0,2608222108,34,1,6250,-71.0,0.0,0,0,
34,FLRC 650k pa5,0,2608222108,34,1,6264,-71.0,0.0,0,0,
34,FLRC 650k pa5,0,2608222108,34,1,6279,-70.0,0.0,0,0,
34,FLRC 650k pa5,0,2608222108,34,1,6293,-81.0,0.0,0,0,
34,FLRC 650k pa5,0,2608222108,34,1,6307,-81.0,0.0,0,0,
34,FLRC 650k pa5,0,2608222108,34,1,6322,-81.0,0.0,0,0,
34,FLRC 650k pa5,0,2608222108,34,1,6336,-81.0,0.0,0,0,
35,FLRC 1040k pa5,0,2608222108,35,1,5556,-78.0,0.0,0,0,
35,FLRC 1040k pa5,0,2608222108,35,1,5570,-79.0,0.0,0,0,
35,FLRC 1040k pa5,0,2608222108,35,1,5584,-79.0,0.0,0,0,
35,FLRC 1040k pa5,0,2608222108,35,1,5598,-78.0,0.0,0,0,
35,FLRC 1040k pa5,0,2608222108,35,1,5612,-78.0,0.0,0,0,
35,FLRC 1040k pa5,0,2608222108,35,1,5626,-78.0,0.0,0,0,
35,FLRC 1040k pa5,0,2608222108,35,1,5640,-79.0,0.0,0,0,
35,FLRC 1040k pa5,0,2608222108,35,1,5654,-80.0,0.0,0,0,
35,FLRC 1040k pa5,0,2608222108,35,1,5668,-78.0,0.0,0,0,
35,FLRC 1040k pa5,0,2608222108,35,1,5682,-79.0,0.0,0,0,
35,FLRC 1040k pa5,0,2608222108,35,1,5696,-78.0,0.0,0,0,
35,FLRC 1040k pa5,0,2608222108,35,1,5710,-78.0,0.0,0,0,
35,FLRC 1040k pa5,0,2608222108,35,1,5724,-78.0,0.0,0,0,
35,FLRC 1040k pa5,0,2608222108,35,1,5738,-79.0,0.0,0,0,
35,FLRC 1040k pa5,0,2608222108,35,1,5752,-79.0,0.0,0,0,
35,FLRC 1040k pa5,0,2608222108,35,1,5766,-79.0,0.0,0,0,
35,FLRC 1040k pa5,0,2608222108,35,1,5780,-78.0,0.0,0,0,
35,FLRC 1040k pa5,0,2608222108,35,1,5794,-78.0,0.0,0,0,
35,FLRC 1040k pa5,0,2608222108,35,1,5808,-80.0,0.0,0,0,
35,FLRC 1040k pa5,0,2608222108,35,1,5822,-79.0,0.0,0,0,
35,FLRC 1040k pa5,0,2608222108,35,1,5836,-80.0,0.0,0,0,
35,FLRC 1040k pa5,0,2608222108,35,1,5850,-78.0,0.0,0,0,
35,FLRC 1040k pa5,0,2608222108,35,1,5864,-78.0,0.0,0,0,
35,FLRC 1040k pa5,0,2608222108,35,1,5878,-78.0,0.0,0,0,
35,FLRC 1040k pa5,0,2608222108,35,1,5892,-79.0,0.0,0,0,
35,FLRC 1040k pa5,0,2608222108,35,1,5906,-78.0,0.0,0,0,
35,FLRC 1040k pa5,0,2608222108,35,1,5920,-79.0,0.0,0,0,
35,FLRC 1040k pa5,0,2608222108,35,1,5934,-79.0,0.0,0,0,
35,FLRC 1040k pa5,0,2608222108,35,1,5948,-78.0,0.0,0,0,
35,FLRC 1040k pa5,0,2608222108,35,1,5962,-79.0,0.0,0,0,
35,FLRC 1040k pa5,0,2608222108,35,1,5976,-78.0,0.0,0,0,
35,FLRC 1040k pa5,0,2608222108,35,1,5990,-78.0,0.0,0,0,
35,FLRC 1040k pa5,0,2608222108,35,1,6004,-78.0,0.0,0,0,
35,FLRC 1040k pa5,0,2608222108,35,1,6018,-79.0,0.0,0,0,
35,FLRC 1040k pa5,0,2608222108,35,1,6032,-79.0,0.0,0,0,
35,FLRC 1040k pa5,0,2608222108,35,1,6046,-79.0,0.0,0,0,
35,FLRC 1040k pa5,0,2608222108,35,1,6060,-78.0,0.0,0,0,
35,FLRC 1040k pa5,0,2608222108,35,1,6074,-78.0,0.0,0,0,
35,FLRC 1040k pa5,0,2608222108,35,1,6088,-79.0,0.0,0,0,
35,FLRC 1040k pa5,0,2608222108,35,1,6102,-79.0,0.0,0,0,
35,FLRC 1040k pa5,0,2608222108,35,1,6116,-79.0,0.0,0,0,
35,FLRC 1040k pa5,0,2608222108,35,1,6130,-78.0,0.0,0,0,
35,FLRC 1040k pa5,0,2608222108,35,1,6144,-79.0,0.0,0,0,
35,FLRC 1040k pa5,0,2608222108,35,1,6158,-79.0,0.0,0,0,
35,FLRC 1040k pa5,0,2608222108,35,1,6172,-78.0,0.0,0,0,
35,FLRC 1040k pa5,0,2608222108,35,1,6186,-79.0,0.0,0,0,
35,FLRC 1040k pa5,0,2608222108,35,1,6200,-78.0,0.0,0,0,
35,FLRC 1040k pa5,0,2608222108,35,1,6214,-78.0,0.0,0,0,
35,FLRC 1040k pa5,0,2608222108,35,1,6228,-79.0,0.0,0,0,
35,FLRC 1040k pa5,0,2608222108,35,1,6242,-79.0,0.0,0,0,
36,FLRC 1300k pa5,0,2608222108,36,1,5605,-78.0,0.0,0,0,
36,FLRC 1300k pa5,0,2608222108,36,1,5618,-78.0,0.0,0,0,
36,FLRC 1300k pa5,0,2608222108,36,1,5632,-78.0,0.0,0,0,
36,FLRC 1300k pa5,0,2608222108,36,1,5646,-79.0,0.0,0,0,
36,FLRC 1300k pa5,0,2608222108,36,1,5660,-78.0,0.0,0,0,
36,FLRC 1300k pa5,0,2608222108,36,1,5674,-79.0,0.0,0,0,
36,FLRC 1300k pa5,0,2608222108,36,1,5688,-78.0,0.0,0,0,
36,FLRC 1300k pa5,0,2608222108,36,1,5701,-78.0,0.0,0,0,
36,FLRC 1300k pa5,0,2608222108,36,1,5715,-79.0,0.0,0,0,
36,FLRC 1300k pa5,0,2608222108,36,1,5729,-78.0,0.0,0,0,
36,FLRC 1300k pa5,0,2608222108,36,1,5743,-78.0,0.0,0,0,
36,FLRC 1300k pa5,0,2608222108,36,1,5757,-78.0,0.0,0,0,
36,FLRC 1300k pa5,0,2608222108,36,1,5771,-79.0,0.0,0,0,
36,FLRC 1300k pa5,0,2608222108,36,1,5784,-79.0,0.0,0,0,
36,FLRC 1300k pa5,0,2608222108,36,1,5798,-78.0,0.0,0,0,
36,FLRC 1300k pa5,0,2608222108,36,1,5812,-79.0,0.0,0,0,
36,FLRC 1300k pa5,0,2608222108,36,1,5826,-79.0,0.0,0,0,
36,FLRC 1300k pa5,0,2608222108,36,1,5840,-79.0,0.0,0,0,
36,FLRC 1300k pa5,0,2608222108,36,1,5854,-78.0,0.0,0,0,
36,FLRC 1300k pa5,0,2608222108,36,1,5867,-79.0,0.0,0,0,
36,FLRC 1300k pa5,0,2608222108,36,1,5881,-79.0,0.0,0,0,
36,FLRC 1300k pa5,0,2608222108,36,1,5895,-78.0,0.0,0,0,
36,FLRC 1300k pa5,0,2608222108,36,1,5909,-79.0,0.0,0,0,
36,FLRC 1300k pa5,0,2608222108,36,1,5923,-78.0,0.0,0,0,
36,FLRC 1300k pa5,0,2608222108,36,1,5937,-78.0,0.0,0,0,
36,FLRC 1300k pa5,0,2608222108,36,1,5950,-78.0,0.0,0,0,
36,FLRC 1300k pa5,0,2608222108,36,1,5964,-79.0,0.0,0,0,
36,FLRC 1300k pa5,0,2608222108,36,1,5978,-78.0,0.0,0,0,
36,FLRC 1300k pa5,0,2608222108,36,1,5992,-79.0,0.0,0,0,
36,FLRC 1300k pa5,0,2608222108,36,1,6006,-78.0,0.0,0,0,
36,FLRC 1300k pa5,0,2608222108,36,1,6019,-78.0,0.0,0,0,
36,FLRC 1300k pa5,0,2608222108,36,1,6033,-79.0,0.0,0,0,
36,FLRC 1300k pa5,0,2608222108,36,1,6047,-79.0,0.0,0,0,
36,FLRC 1300k pa5,0,2608222108,36,1,6061,-79.0,0.0,0,0,
36,FLRC 1300k pa5,0,2608222108,36,1,6075,-78.0,0.0,0,0,
36,FLRC 1300k pa5,0,2608222108,36,1,6089,-79.0,0.0,0,0,
36,FLRC 1300k pa5,0,2608222108,36,1,6102,-79.0,0.0,0,0,
36,FLRC 1300k pa5,0,2608222108,36,1,6116,-79.0,0.0,0,0,
36,FLRC 1300k pa5,0,2608222108,36,1,6130,-78.0,0.0,0,0,
36,FLRC 1300k pa5,0,2608222108,36,1,6144,-79.0,0.0,0,0,
36,FLRC 1300k pa5,0,2608222108,36,1,6158,-78.0,0.0,0,0,
36,FLRC 1300k pa5,0,2608222108,36,1,6172,-78.0,0.0,0,0,
36,FLRC 1300k pa5,0,2608222108,36,1,6185,-79.0,0.0,0,0,
36,FLRC 1300k pa5,0,2608222108,36,1,6199,-79.0,0.0,0,0,
36,FLRC 1300k pa5,0,2608222108,36,1,6213,-79.0,0.0,0,0,
36,FLRC 1300k pa5,0,2608222108,36,1,6227,-78.0,0.0,0,0,
36,FLRC 1300k pa5,0,2608222108,36,1,6241,-78.0,0.0,0,0,
36,FLRC 1300k pa5,0,2608222108,36,1,6255,-79.0,0.0,0,0,
36,FLRC 1300k pa5,0,2608222108,36,1,6268,-78.0,0.0,0,0,
36,FLRC 1300k pa5,0,2608222108,36,1,6282,-78.0,0.0,0,0,
37,FLRC 2080k pa5,0,2608222108,37,1,5583,-76.0,0.0,0,0,
37,FLRC 2080k pa5,0,2608222108,37,1,5597,-76.0,0.0,0,0,
37,FLRC 2080k pa5,0,2608222108,37,1,5610,-76.0,0.0,0,0,
37,FLRC 2080k pa5,0,2608222108,37,1,5624,-76.0,0.0,0,0,
37,FLRC 2080k pa5,0,2608222108,37,1,5638,-76.0,0.0,0,0,
37,FLRC 2080k pa5,0,2608222108,37,1,5651,-75.0,0.0,0,0,
37,FLRC 2080k pa5,0,2608222108,37,1,5665,-76.0,0.0,0,0,
37,FLRC 2080k pa5,0,2608222108,37,1,5678,-75.0,0.0,0,0,
37,FLRC 2080k pa5,0,2608222108,37,1,5692,-76.0,0.0,0,0,
37,FLRC 2080k pa5,0,2608222108,37,1,5706,-75.0,0.0,0,0,
37,FLRC 2080k pa5,0,2608222108,37,1,5719,-76.0,0.0,0,0,
37,FLRC 2080k pa5,0,2608222108,37,1,5733,-75.0,0.0,0,0,
37,FLRC 2080k pa5,0,2608222108,37,1,5746,-76.0,0.0,0,0,
37,FLRC 2080k pa5,0,2608222108,37,1,5760,-75.0,0.0,0,0,
37,FLRC 2080k pa5,0,2608222108,37,1,5774,-76.0,0.0,0,0,
37,FLRC 2080k pa5,0,2608222108,37,1,5787,-76.0,0.0,0,0,
37,FLRC 2080k pa5,0,2608222108,37,1,5801,-75.0,0.0,0,0,
37,FLRC 2080k pa5,0,2608222108,37,1,5814,-76.0,0.0,0,0,
37,FLRC 2080k pa5,0,2608222108,37,1,5828,-76.0,0.0,0,0,
37,FLRC 2080k pa5,0,2608222108,37,1,5842,-76.0,0.0,0,0,
37,FLRC 2080k pa5,0,2608222108,37,1,5855,-76.0,0.0,0,0,
37,FLRC 2080k pa5,0,2608222108,37,1,5869,-76.0,0.0,0,0,
37,FLRC 2080k pa5,0,2608222108,37,1,5882,-76.0,0.0,0,0,
37,FLRC 2080k pa5,0,2608222108,37,1,5896,-76.0,0.0,0,0,
37,FLRC 2080k pa5,0,2608222108,37,1,5910,-77.0,0.0,0,0,
37,FLRC 2080k pa5,0,2608222108,37,1,5923,-77.0,0.0,0,0,
37,FLRC 2080k pa5,0,2608222108,37,1,5937,-77.0,0.0,0,0,
37,FLRC 2080k pa5,0,2608222108,37,1,5950,-76.0,0.0,0,0,
37,FLRC 2080k pa5,0,2608222108,37,1,5964,-76.0,0.0,0,0,
37,FLRC 2080k pa5,0,2608222108,37,1,5978,-76.0,0.0,0,0,
37,FLRC 2080k pa5,0,2608222108,37,1,5991,-76.0,0.0,0,0,
37,FLRC 2080k pa5,0,2608222108,37,1,6005,-75.0,0.0,0,0,
37,FLRC 2080k pa5,0,2608222108,37,1,6019,-76.0,0.0,0,0,
37,FLRC 2080k pa5,0,2608222108,37,1,6032,-75.0,0.0,0,0,
37,FLRC 2080k pa5,0,2608222108,37,1,6046,-76.0,0.0,0,0,
37,FLRC 2080k pa5,0,2608222108,37,1,6059,-75.0,0.0,0,0,
37,FLRC 2080k pa5,0,2608222108,37,1,6073,-76.0,0.0,0,0,
37,FLRC 2080k pa5,0,2608222108,37,1,6087,-76.0,0.0,0,0,
37,FLRC 2080k pa5,0,2608222108,37,1,6100,-76.0,0.0,0,0,
37,FLRC 2080k pa5,0,2608222108,37,1,6114,-77.0,0.0,0,0,
37,FLRC 2080k pa5,0,2608222108,37,1,6127,-77.0,0.0,0,0,
37,FLRC 2080k pa5,0,2608222108,37,1,6141,-76.0,0.0,0,0,
37,FLRC 2080k pa5,0,2608222108,37,1,6155,-76.0,0.0,0,0,
37,FLRC 2080k pa5,0,2608222108,37,1,6168,-76.0,0.0,0,0,
37,FLRC 2080k pa5,0,2608222108,37,1,6182,-78.0,0.0,0,0,
37,FLRC 2080k pa5,0,2608222108,37,1,6195,-76.0,0.0,0,0,
37,FLRC 2080k pa5,0,2608222108,37,1,6209,-77.0,0.0,0,0,
37,FLRC 2080k pa5,0,2608222108,37,1,6223,-75.0,0.0,0,0,
37,FLRC 2080k pa5,0,2608222108,37,1,6236,-76.0,0.0,0,0,
37,FLRC 2080k pa5,0,2608222108,37,1,6250,-75.0,0.0,0,0,
38,FLRC 2600k pa5,0,2608222108,38,1,5596,-75.0,0.0,0,0,
38,FLRC 2600k pa5,0,2608222108,38,1,5610,-75.0,0.0,0,0,
38,FLRC 2600k pa5,0,2608222108,38,1,5623,-75.0,0.0,0,0,
38,FLRC 2600k pa5,0,2608222108,38,1,5637,-75.0,0.0,0,0,
38,FLRC 2600k pa5,0,2608222108,38,1,5650,-75.0,0.0,0,0,
38,FLRC 2600k pa5,0,2608222108,38,1,5664,-75.0,0.0,0,0,
38,FLRC 2600k pa5,0,2608222108,38,1,5677,-75.0,0.0,0,0,
38,FLRC 2600k pa5,0,2608222108,38,1,5691,-76.0,0.0,0,0,
38,FLRC 2600k pa5,0,2608222108,38,1,5704,-77.0,0.0,0,0,
38,FLRC 2600k pa5,0,2608222108,38,1,5718,-76.0,0.0,0,0,
38,FLRC 2600k pa5,0,2608222108,38,1,5731,-76.0,0.0,0,0,
38,FLRC 2600k pa5,0,2608222108,38,1,5745,-75.0,0.0,0,0,
38,FLRC 2600k pa5,0,2608222108,38,1,5758,-77.0,0.0,0,0,
38,FLRC 2600k pa5,0,2608222108,38,1,5772,-76.0,0.0,0,0,
38,FLRC 2600k pa5,0,2608222108,38,1,5785,-76.0,0.0,0,0,
38,FLRC 2600k pa5,0,2608222108,38,1,5799,-76.0,0.0,0,0,
38,FLRC 2600k pa5,0,2608222108,38,1,5812,-76.0,0.0,0,0,
38,FLRC 2600k pa5,0,2608222108,38,1,5826,-75.0,0.0,0,0,
38,FLRC 2600k pa5,0,2608222108,38,1,5840,-75.0,0.0,0,0,
38,FLRC 2600k pa5,0,2608222108,38,1,5853,-76.0,0.0,0,0,
38,FLRC 2600k pa5,0,2608222108,38,1,5867,-76.0,0.0,0,0,
38,FLRC 2600k pa5,0,2608222108,38,1,5880,-75.0,0.0,0,0,
38,FLRC 2600k pa5,0,2608222108,38,1,5894,-75.0,0.0,0,0,
38,FLRC 2600k pa5,0,2608222108,38,1,5907,-76.0,0.0,0,0,
38,FLRC 2600k pa5,0,2608222108,38,1,5921,-76.0,0.0,0,0,
38,FLRC 2600k pa5,0,2608222108,38,1,5934,-76.0,0.0,0,0,
38,FLRC 2600k pa5,0,2608222108,38,1,5948,-76.0,0.0,0,0,
38,FLRC 2600k pa5,0,2608222108,38,1,5961,-76.0,0.0,0,0,
38,FLRC 2600k pa5,0,2608222108,38,1,5975,-76.0,0.0,0,0,
38,FLRC 2600k pa5,0,2608222108,38,1,5988,-75.0,0.0,0,0,
38,FLRC 2600k pa5,0,2608222108,38,1,6002,-75.0,0.0,0,0,
38,FLRC 2600k pa5,0,2608222108,38,1,6015,-76.0,0.0,0,0,
38,FLRC 2600k pa5,0,2608222108,38,1,6029,-75.0,0.0,0,0,
38,FLRC 2600k pa5,0,2608222108,38,1,6042,-75.0,0.0,0,0,
38,FLRC 2600k pa5,0,2608222108,38,1,6056,-76.0,0.0,0,0,
38,FLRC 2600k pa5,0,2608222108,38,1,6069,-75.0,0.0,0,0,
38,FLRC 2600k pa5,0,2608222108,38,1,6083,-75.0,0.0,0,0,
38,FLRC 2600k pa5,0,2608222108,38,1,6097,-76.0,0.0,0,0,
38,FLRC 2600k pa5,0,2608222108,38,1,6110,-76.0,0.0,0,0,
38,FLRC 2600k pa5,0,2608222108,38,1,6124,-76.0,0.0,0,0,
38,FLRC 2600k pa5,0,2608222108,38,1,6137,-75.0,0.0,0,0,
38,FLRC 2600k pa5,0,2608222108,38,1,6151,-75.0,0.0,0,0,
38,FLRC 2600k pa5,0,2608222108,38,1,6164,-76.0,0.0,0,0,
38,FLRC 2600k pa5,0,2608222108,38,1,6178,-75.0,0.0,0,0,
38,FLRC 2600k pa5,0,2608222108,38,1,6191,-76.0,0.0,0,0,
38,FLRC 2600k pa5,0,2608222108,38,1,6205,-76.0,0.0,0,0,
38,FLRC 2600k pa5,0,2608222108,38,1,6218,-75.0,0.0,0,0,
38,FLRC 2600k pa5,0,2608222108,38,1,6232,-76.0,0.0,0,0,
38,FLRC 2600k pa5,0,2608222108,38,1,6245,-76.0,0.0,0,0,
38,FLRC 2600k pa5,0,2608222108,38,1,6259,-75.0,0.0,0,0,
39,FLRC 650k pa0,0,2608222108,39,1,5648,-81.0,0.0,0,0,
39,FLRC 650k pa0,0,2608222108,39,1,5662,-81.0,0.0,0,0,
39,FLRC 650k pa0,0,2608222108,39,1,5677,-80.0,0.0,0,0,
39,FLRC 650k pa0,0,2608222108,39,1,5691,-81.0,0.0,0,0,
39,FLRC 650k pa0,0,2608222108,39,1,5705,-93.0,0.0,0,0,
39,FLRC 650k pa0,0,2608222108,39,1,5720,-81.0,0.0,0,0,
39,FLRC 650k pa0,0,2608222108,39,1,5734,-94.0,0.0,0,0,
39,FLRC 650k pa0,0,2608222108,39,1,5749,-93.0,0.0,0,0,
39,FLRC 650k pa0,0,2608222108,39,1,5763,-81.0,0.0,0,0,
39,FLRC 650k pa0,0,2608222108,39,1,5778,-94.0,0.0,0,0,
39,FLRC 650k pa0,0,2608222108,39,1,5792,-93.0,0.0,0,0,
39,FLRC 650k pa0,0,2608222108,39,1,5807,-81.0,0.0,0,0,
39,FLRC 650k pa0,0,2608222108,39,1,5821,-81.0,0.0,0,0,
39,FLRC 650k pa0,0,2608222108,39,1,5836,-94.0,0.0,0,0,
39,FLRC 650k pa0,0,2608222108,39,1,5850,-93.0,0.0,0,0,
39,FLRC 650k pa0,0,2608222108,39,1,5864,-92.0,0.0,0,0,
39,FLRC 650k pa0,0,2608222108,39,1,5879,-81.0,0.0,0,0,
39,FLRC 650k pa0,0,2608222108,39,1,5893,-93.0,0.0,0,0,
39,FLRC 650k pa0,0,2608222108,39,1,5908,-94.0,0.0,0,0,
39,FLRC 650k pa0,0,2608222108,39,1,5922,-94.0,0.0,0,0,
39,FLRC 650k pa0,0,2608222108,39,1,5937,-80.0,0.0,0,0,
39,FLRC 650k pa0,0,2608222108,39,1,5951,-94.0,0.0,0,0,
39,FLRC 650k pa0,0,2608222108,39,1,5966,-81.0,0.0,0,0,
39,FLRC 650k pa0,0,2608222108,39,1,5980,-82.0,0.0,0,0,
39,FLRC 650k pa0,0,2608222108,39,1,5994,-94.0,0.0,0,0,
39,FLRC 650k pa0,0,2608222108,39,1,6009,-93.0,0.0,0,0,
39,FLRC 650k pa0,0,2608222108,39,1,6023,-93.0,0.0,0,0,
39,FLRC 650k pa0,0,2608222108,39,1,6038,-81.0,0.0,0,0,
39,FLRC 650k pa0,0,2608222108,39,1,6052,-93.0,0.0,0,0,
39,FLRC 650k pa0,0,2608222108,39,1,6067,-92.0,0.0,0,0,
39,FLRC 650k pa0,0,2608222108,39,1,6081,-80.0,0.0,0,0,
39,FLRC 650k pa0,0,2608222108,39,1,6096,-93.0,0.0,0,0,
39,FLRC 650k pa0,0,2608222108,39,1,6110,-81.0,0.0,0,0,
39,FLRC 650k pa0,0,2608222108,39,1,6125,-93.0,0.0,0,0,
39,FLRC 650k pa0,0,2608222108,39,1,6139,-81.0,0.0,0,0,
39,FLRC 650k pa0,0,2608222108,39,1,6153,-81.0,0.0,0,0,
39,FLRC 650k pa0,0,2608222108,39,1,6168,-81.0,0.0,0,0,
39,FLRC 650k pa0,0,2608222108,39,1,6182,-81.0,0.0,0,0,
39,FLRC 650k pa0,0,2608222108,39,1,6197,-93.0,0.0,0,0,
39,FLRC 650k pa0,0,2608222108,39,1,6211,-93.0,0.0,0,0,
39,FLRC 650k pa0,0,2608222108,39,1,6226,-93.0,0.0,0,0,
39,FLRC 650k pa0,0,2608222108,39,1,6240,-79.0,0.0,0,0,
39,FLRC 650k pa0,0,2608222108,39,1,6255,-80.0,0.0,0,0,
39,FLRC 650k pa0,0,2608222108,39,1,6269,-81.0,0.0,0,0,
39,FLRC 650k pa0,0,2608222108,39,1,6284,-81.0,0.0,0,0,
39,FLRC 650k pa0,0,2608222108,39,1,6298,-80.0,0.0,0,0,
39,FLRC 650k pa0,0,2608222108,39,1,6312,-93.0,0.0,0,0,
39,FLRC 650k pa0,0,2608222108,39,1,6327,-80.0,0.0,0,0,
39,FLRC 650k pa0,0,2608222108,39,1,6341,-94.0,0.0,0,0,
39,FLRC 650k pa0,0,2608222108,39,1,6356,-81.0,0.0,0,0,
40,FLRC 650k pa1,0,2608222108,40,1,5601,-80.0,0.0,0,0,
40,FLRC 650k pa1,0,2608222108,40,1,5616,-93.0,0.0,0,0,
40,FLRC 650k pa1,0,2608222108,40,1,5630,-81.0,0.0,0,0,
40,FLRC 650k pa1,0,2608222108,40,1,5645,-81.0,0.0,0,0,
40,FLRC 650k pa1,0,2608222108,40,1,5659,-80.0,0.0,0,0,
40,FLRC 650k pa1,0,2608222108,40,1,5673,-93.0,0.0,0,0,
40,FLRC 650k pa1,0,2608222108,40,1,5688,-94.0,0.0,0,0,
40,FLRC 650k pa1,0,2608222108,40,1,5702,-94.0,0.0,0,0,
40,FLRC 650k pa1,0,2608222108,40,1,5717,-81.0,0.0,0,0,
40,FLRC 650k pa1,0,2608222108,40,1,5731,-81.0,0.0,0,0,
40,FLRC 650k pa1,0,2608222108,40,1,5746,-80.0,0.0,0,0,
40,FLRC 650k pa1,0,2608222108,40,1,5760,-80.0,0.0,0,0,
40,FLRC 650k pa1,0,2608222108,40,1,5775,-81.0,0.0,0,0,
40,FLRC 650k pa1,0,2608222108,40,1,5789,-93.0,0.0,0,0,
40,FLRC 650k pa1,0,2608222108,40,1,5804,-93.0,0.0,0,0,
40,FLRC 650k pa1,0,2608222108,40,1,5818,-93.0,0.0,0,0,
40,FLRC 650k pa1,0,2608222108,40,1,5832,-81.0,0.0,0,0,
40,FLRC 650k pa1,0,2608222108,40,1,5847,-93.0,0.0,0,0,
40,FLRC 650k pa1,0,2608222108,40,1,5861,-80.0,0.0,0,0,
40,FLRC 650k pa1,0,2608222108,40,1,5876,-81.0,0.0,0,0,
40,FLRC 650k pa1,0,2608222108,40,1,5890,-82.0,0.0,0,0,
40,FLRC 650k pa1,0,2608222108,40,1,5905,-93.0,0.0,0,0,
40,FLRC 650k pa1,0,2608222108,40,1,5919,-80.0,0.0,0,0,
40,FLRC 650k pa1,0,2608222108,40,1,5934,-94.0,0.0,0,0,
40,FLRC 650k pa1,0,2608222108,40,1,5948,-81.0,0.0,0,0,
40,FLRC 650k pa1,0,2608222108,40,1,5963,-81.0,0.0,0,0,
40,FLRC 650k pa1,0,2608222108,40,1,5977,-81.0,0.0,0,0,
40,FLRC 650k pa1,0,2608222108,40,1,5991,-80.0,0.0,0,0,
40,FLRC 650k pa1,0,2608222108,40,1,6006,-81.0,0.0,0,0,
40,FLRC 650k pa1,0,2608222108,40,1,6020,-81.0,0.0,0,0,
40,FLRC 650k pa1,0,2608222108,40,1,6035,-82.0,0.0,0,0,
40,FLRC 650k pa1,0,2608222108,40,1,6049,-82.0,0.0,0,0,
40,FLRC 650k pa1,0,2608222108,40,1,6064,-81.0,0.0,0,0,
40,FLRC 650k pa1,0,2608222108,40,1,6078,-93.0,0.0,0,0,
40,FLRC 650k pa1,0,2608222108,40,1,6093,-94.0,0.0,0,0,
40,FLRC 650k pa1,0,2608222108,40,1,6107,-94.0,0.0,0,0,
40,FLRC 650k pa1,0,2608222108,40,1,6121,-81.0,0.0,0,0,
40,FLRC 650k pa1,0,2608222108,40,1,6136,-80.0,0.0,0,0,
40,FLRC 650k pa1,0,2608222108,40,1,6150,-81.0,0.0,0,0,
40,FLRC 650k pa1,0,2608222108,40,1,6165,-94.0,0.0,0,0,
40,FLRC 650k pa1,0,2608222108,40,1,6179,-80.0,0.0,0,0,
40,FLRC 650k pa1,0,2608222108,40,1,6194,-80.0,0.0,0,0,
40,FLRC 650k pa1,0,2608222108,40,1,6208,-81.0,0.0,0,0,
40,FLRC 650k pa1,0,2608222108,40,1,6223,-81.0,0.0,0,0,
40,FLRC 650k pa1,0,2608222108,40,1,6237,-93.0,0.0,0,0,
40,FLRC 650k pa1,0,2608222108,40,1,6252,-81.0,0.0,0,0,
40,FLRC 650k pa1,0,2608222108,40,1,6266,-80.0,0.0,0,0,
40,FLRC 650k pa1,0,2608222108,40,1,6280,-81.0,0.0,0,0,
40,FLRC 650k pa1,0,2608222108,40,1,6295,-81.0,0.0,0,0,
40,FLRC 650k pa1,0,2608222108,40,1,6309,-80.0,0.0,0,0,
41,FLRC 650k pa3,0,2608222108,41,1,5608,-72.0,0.0,0,0,
41,FLRC 650k pa3,0,2608222108,41,1,5622,-80.0,0.0,0,0,
41,FLRC 650k pa3,0,2608222108,41,1,5636,-71.0,0.0,0,0,
41,FLRC 650k pa3,0,2608222108,41,1,5651,-80.0,0.0,0,0,
41,FLRC 650k pa3,0,2608222108,41,1,5665,-80.0,0.0,0,0,
41,FLRC 650k pa3,0,2608222108,41,1,5680,-81.0,0.0,0,0,
41,FLRC 650k pa3,0,2608222108,41,1,5694,-70.0,0.0,0,0,
41,FLRC 650k pa3,0,2608222108,41,1,5709,-94.0,0.0,0,0,
41,FLRC 650k pa3,0,2608222108,41,1,5723,-81.0,0.0,0,0,
41,FLRC 650k pa3,0,2608222108,41,1,5738,-81.0,0.0,0,0,
41,FLRC 650k pa3,0,2608222108,41,1,5752,-80.0,0.0,0,0,
41,FLRC 650k pa3,0,2608222108,41,1,5767,-71.0,0.0,0,0,
41,FLRC 650k pa3,0,2608222108,41,1,5781,-80.0,0.0,0,0,
41,FLRC 650k pa3,0,2608222108,41,1,5795,-71.0,0.0,0,0,
41,FLRC 650k pa3,0,2608222108,41,1,5810,-80.0,0.0,0,0,
41,FLRC 650k pa3,0,2608222108,41,1,5824,-80.0,0.0,0,0,
41,FLRC 650k pa3,0,2608222108,41,1,5839,-71.0,0.0,0,0,
41,FLRC 650k pa3,0,2608222108,41,1,5853,-71.0,0.0,0,0,
41,FLRC 650k pa3,0,2608222108,41,1,5868,-80.0,0.0,0,0,
41,FLRC 650k pa3,0,2608222108,41,1,5882,-71.0,0.0,0,0,
41,FLRC 650k pa3,0,2608222108,41,1,5897,-81.0,0.0,0,0,
41,FLRC 650k pa3,0,2608222108,41,1,5911,-81.0,0.0,0,0,
41,FLRC 650k pa3,0,2608222108,41,1,5926,-71.0,0.0,0,0,
41,FLRC 650k pa3,0,2608222108,41,1,5940,-70.0,0.0,0,0,
41,FLRC 650k pa3,0,2608222108,41,1,5954,-81.0,0.0,0,0,
41,FLRC 650k pa3,0,2608222108,41,1,5969,-81.0,0.0,0,0,
41,FLRC 650k pa3,0,2608222108,41,1,5983,-81.0,0.0,0,0,
41,FLRC 650k pa3,0,2608222108,41,1,5998,-81.0,0.0,0,0,
41,FLRC 650k pa3,0,2608222108,41,1,6012,-80.0,0.0,0,0,
41,FLRC 650k pa3,0,2608222108,41,1,6027,-69.0,0.0,0,0,
41,FLRC 650k pa3,0,2608222108,41,1,6041,-81.0,0.0,0,0,
41,FLRC 650k pa3,0,2608222108,41,1,6056,-81.0,0.0,0,0,
41,FLRC 650k pa3,0,2608222108,41,1,6070,-80.0,0.0,0,0,
41,FLRC 650k pa3,0,2608222108,41,1,6085,-80.0,0.0,0,0,
41,FLRC 650k pa3,0,2608222108,41,1,6099,-71.0,0.0,0,0,
41,FLRC 650k pa3,0,2608222108,41,1,6113,-80.0,0.0,0,0,
41,FLRC 650k pa3,0,2608222108,41,1,6128,-81.0,0.0,0,0,
41,FLRC 650k pa3,0,2608222108,41,1,6142,-81.0,0.0,0,0,
41,FLRC 650k pa3,0,2608222108,41,1,6157,-71.0,0.0,0,0,
41,FLRC 650k pa3,0,2608222108,41,1,6171,-70.0,0.0,0,0,
41,FLRC 650k pa3,0,2608222108,41,1,6186,-71.0,0.0,0,0,
41,FLRC 650k pa3,0,2608222108,41,1,6200,-80.0,0.0,0,0,
41,FLRC 650k pa3,0,2608222108,41,1,6215,-81.0,0.0,0,0,
41,FLRC 650k pa3,0,2608222108,41,1,6229,-70.0,0.0,0,0,
41,FLRC 650k pa3,0,2608222108,41,1,6244,-80.0,0.0,0,0,
41,FLRC 650k pa3,0,2608222108,41,1,6258,-71.0,0.0,0,0,
41,FLRC 650k pa3,0,2608222108,41,1,6272,-71.0,0.0,0,0,
41,FLRC 650k pa3,0,2608222108,41,1,6287,-81.0,0.0,0,0,
41,FLRC 650k pa3,0,2608222108,41,1,6301,-72.0,0.0,0,0,
41,FLRC 650k pa3,0,2608222108,41,1,6316,-71.0,0.0,0,0,
42,FLRC 650k pa7,0,2608222108,42,1,5646,-81.0,0.0,0,0,
42,FLRC 650k pa7,0,2608222108,42,1,5661,-81.0,0.0,0,0,
42,FLRC 650k pa7,0,2608222108,42,1,5675,-70.0,0.0,0,0,
42,FLRC 650k pa7,0,2608222108,42,1,5690,-80.0,0.0,0,0,
42,FLRC 650k pa7,0,2608222108,42,1,5704,-71.0,0.0,0,0,
42,FLRC 650k pa7,0,2608222108,42,1,5719,-81.0,0.0,0,0,
42,FLRC 650k pa7,0,2608222108,42,1,5733,-80.0,0.0,0,0,
42,FLRC 650k pa7,0,2608222108,42,1,5747,-70.0,0.0,0,0,
42,FLRC 650k pa7,0,2608222108,42,1,5762,-81.0,0.0,0,0,
42,FLRC 650k pa7,0,2608222108,42,1,5776,-80.0,0.0,0,0,
42,FLRC 650k pa7,0,2608222108,42,1,5791,-71.0,0.0,0,0,
42,FLRC 650k pa7,0,2608222108,42,1,5805,-71.0,0.0,0,0,
42,FLRC 650k pa7,0,2608222108,42,1,5820,-71.0,0.0,0,0,
42,FLRC 650k pa7,0,2608222108,42,1,5834,-71.0,0.0,0,0,
42,FLRC 650k pa7,0,2608222108,42,1,5849,-72.0,0.0,0,0,
42,FLRC 650k pa7,0,2608222108,42,1,5863,-70.0,0.0,0,0,
42,FLRC 650k pa7,0,2608222108,42,1,5877,-81.0,0.0,0,0,
42,FLRC 650k pa7,0,2608222108,42,1,5892,-80.0,0.0,0,0,
42,FLRC 650k pa7,0,2608222108,42,1,5906,-81.0,0.0,0,0,
42,FLRC 650k pa7,0,2608222108,42,1,5921,-81.0,0.0,0,0,
42,FLRC 650k pa7,0,2608222108,42,1,5935,-72.0,0.0,0,0,
42,FLRC 650k pa7,0,2608222108,42,1,5950,-71.0,0.0,0,0,
42,FLRC 650k pa7,0,2608222108,42,1,5964,-80.0,0.0,0,0,
42,FLRC 650k pa7,0,2608222108,42,1,5979,-80.0,0.0,0,0,
42,FLRC 650k pa7,0,2608222108,42,1,5993,-81.0,0.0,0,0,
42,FLRC 650k pa7,0,2608222108,42,1,6007,-80.0,0.0,0,0,
42,FLRC 650k pa7,0,2608222108,42,1,6022,-71.0,0.0,0,0,
42,FLRC 650k pa7,0,2608222108,42,1,6036,-81.0,0.0,0,0,
42,FLRC 650k pa7,0,2608222108,42,1,6051,-81.0,0.0,0,0,
42,FLRC 650k pa7,0,2608222108,42,1,6065,-80.0,0.0,0,0,
42,FLRC 650k pa7,0,2608222108,42,1,6080,-71.0,0.0,0,0,
42,FLRC 650k pa7,0,2608222108,42,1,6094,-80.0,0.0,0,0,
42,FLRC 650k pa7,0,2608222108,42,1,6109,-80.0,0.0,0,0,
42,FLRC 650k pa7,0,2608222108,42,1,6123,-81.0,0.0,0,0,
42,FLRC 650k pa7,0,2608222108,42,1,6137,-71.0,0.0,0,0,
42,FLRC 650k pa7,0,2608222108,42,1,6152,-84.0,0.0,0,0,
42,FLRC 650k pa7,0,2608222108,42,1,6166,-81.0,0.0,0,0,
42,FLRC 650k pa7,0,2608222108,42,1,6181,-81.0,0.0,0,0,
42,FLRC 650k pa7,0,2608222108,42,1,6195,-80.0,0.0,0,0,
42,FLRC 650k pa7,0,2608222108,42,1,6210,-81.0,0.0,0,0,
42,FLRC 650k pa7,0,2608222108,42,1,6224,-71.0,0.0,0,0,
42,FLRC 650k pa7,0,2608222108,42,1,6239,-79.0,0.0,0,0,
42,FLRC 650k pa7,0,2608222108,42,1,6253,-71.0,0.0,0,0,
42,FLRC 650k pa7,0,2608222108,42,1,6267,-82.0,0.0,0,0,
42,FLRC 650k pa7,0,2608222108,42,1,6282,-71.0,0.0,0,0,
42,FLRC 650k pa7,0,2608222108,42,1,6296,-81.0,0.0,0,0,
42,FLRC 650k pa7,0,2608222108,42,1,6311,-87.0,0.0,0,0,
42,FLRC 650k pa7,0,2608222108,42,1,6325,-80.0,0.0,0,0,
42,FLRC 650k pa7,0,2608222108,42,1,6340,-81.0,0.0,0,0,
42,FLRC 650k pa7,0,2608222108,42,1,6354,-71.0,0.0,0,0,
43,FLRC 650k pa10,0,2608222108,43,1,5590,-80.0,0.0,0,0,
43,FLRC 650k pa10,0,2608222108,43,1,5604,-79.0,0.0,0,0,
43,FLRC 650k pa10,0,2608222108,43,1,5619,-81.0,0.0,0,0,
43,FLRC 650k pa10,0,2608222108,43,1,5633,-80.0,0.0,0,0,
43,FLRC 650k pa10,0,2608222108,43,1,5648,-80.0,0.0,0,0,
43,FLRC 650k pa10,0,2608222108,43,1,5662,-84.0,0.0,0,0,
43,FLRC 650k pa10,0,2608222108,43,1,5677,-80.0,0.0,0,0,
43,FLRC 650k pa10,0,2608222108,43,1,5691,-81.0,0.0,0,0,
43,FLRC 650k pa10,0,2608222108,43,1,5705,-80.0,0.0,0,0,
43,FLRC 650k pa10,0,2608222108,43,1,5720,-84.0,0.0,0,0,
43,FLRC 650k pa10,0,2608222108,43,1,5734,-80.0,0.0,0,0,
43,FLRC 650k pa10,0,2608222108,43,1,5749,-80.0,0.0,0,0,
43,FLRC 650k pa10,0,2608222108,43,1,5763,-82.0,0.0,0,0,
43,FLRC 650k pa10,0,2608222108,43,1,5778,-80.0,0.0,0,0,
43,FLRC 650k pa10,0,2608222108,43,1,5792,-85.0,0.0,0,0,
43,FLRC 650k pa10,0,2608222108,43,1,5807,-81.0,0.0,0,0,
43,FLRC 650k pa10,0,2608222108,43,1,5821,-80.0,0.0,0,0,
43,FLRC 650k pa10,0,2608222108,43,1,5835,-81.0,0.0,0,0,
43,FLRC 650k pa10,0,2608222108,43,1,5850,-84.0,0.0,0,0,
43,FLRC 650k pa10,0,2608222108,43,1,5864,-80.0,0.0,0,0,
43,FLRC 650k pa10,0,2608222108,43,1,5879,-81.0,0.0,0,0,
43,FLRC 650k pa10,0,2608222108,43,1,5893,-80.0,0.0,0,0,
43,FLRC 650k pa10,0,2608222108,43,1,5908,-84.0,0.0,0,0,
43,FLRC 650k pa10,0,2608222108,43,1,5922,-81.0,0.0,0,0,
43,FLRC 650k pa10,0,2608222108,43,1,5937,-80.0,0.0,0,0,
43,FLRC 650k pa10,0,2608222108,43,1,5951,-81.0,0.0,0,0,
43,FLRC 650k pa10,0,2608222108,43,1,5965,-81.0,0.0,0,0,
43,FLRC 650k pa10,0,2608222108,43,1,5980,-81.0,0.0,0,0,
43,FLRC 650k pa10,0,2608222108,43,1,5994,-80.0,0.0,0,0,
43,FLRC 650k pa10,0,2608222108,43,1,6009,-81.0,0.0,0,0,
43,FLRC 650k pa10,0,2608222108,43,1,6023,-81.0,0.0,0,0,
43,FLRC 650k pa10,0,2608222108,43,1,6038,-81.0,0.0,0,0,
43,FLRC 650k pa10,0,2608222108,43,1,6052,-81.0,0.0,0,0,
43,FLRC 650k pa10,0,2608222108,43,1,6067,-88.0,0.0,0,0,
43,FLRC 650k pa10,0,2608222108,43,1,6081,-80.0,0.0,0,0,
43,FLRC 650k pa10,0,2608222108,43,1,6095,-85.0,0.0,0,0,
43,FLRC 650k pa10,0,2608222108,43,1,6110,-79.0,0.0,0,0,
43,FLRC 650k pa10,0,2608222108,43,1,6124,-81.0,0.0,0,0,
43,FLRC 650k pa10,0,2608222108,43,1,6139,-80.0,0.0,0,0,
43,FLRC 650k pa10,0,2608222108,43,1,6153,-81.0,0.0,0,0,
43,FLRC 650k pa10,0,2608222108,43,1,6168,-84.0,0.0,0,0,
43,FLRC 650k pa10,0,2608222108,43,1,6182,-84.0,0.0,0,0,
43,FLRC 650k pa10,0,2608222108,43,1,6197,-81.0,0.0,0,0,
43,FLRC 650k pa10,0,2608222108,43,1,6211,-85.0,0.0,0,0,
43,FLRC 650k pa10,0,2608222108,43,1,6225,-81.0,0.0,0,0,
43,FLRC 650k pa10,0,2608222108,43,1,6240,-80.0,0.0,0,0,
43,FLRC 650k pa10,0,2608222108,43,1,6254,-80.0,0.0,0,0,
43,FLRC 650k pa10,0,2608222108,43,1,6269,-81.0,0.0,0,0,
43,FLRC 650k pa10,0,2608222108,43,1,6283,-81.0,0.0,0,0,
43,FLRC 650k pa10,0,2608222108,43,1,6298,-81.0,0.0,0,0,
44,SF8 BW125 @ 863.000MHz,0,2608222108,44,1,5984,-40.0,17.0,1,0,
44,SF8 BW125 @ 863.000MHz,1,2608222108,44,1,6466,-40.0,16.0,1,0,
44,SF8 BW125 @ 863.000MHz,2,2608222108,44,1,6949,-40.0,17.0,1,0,
44,SF8 BW125 @ 863.000MHz,3,2608222108,44,1,7431,-40.0,17.0,1,0,
44,SF8 BW125 @ 863.000MHz,4,2608222108,44,1,7913,-40.0,17.0,1,0,
44,SF8 BW125 @ 863.000MHz,5,2608222108,44,1,8396,-40.0,17.0,1,0,
44,SF8 BW125 @ 863.000MHz,6,2608222108,44,1,8878,-40.0,17.0,1,0,
44,SF8 BW125 @ 863.000MHz,7,2608222108,44,1,9361,-40.0,17.0,1,0,
44,SF8 BW125 @ 863.000MHz,8,2608222108,44,1,9843,-40.0,17.0,1,0,
44,SF8 BW125 @ 863.000MHz,9,2608222108,44,1,10326,-40.0,17.0,1,0,
44,SF8 BW125 @ 863.000MHz,10,2608222108,44,1,10808,-40.0,17.0,1,0,
44,SF8 BW125 @ 863.000MHz,11,2608222108,44,1,11290,-40.0,17.0,1,0,
44,SF8 BW125 @ 863.000MHz,12,2608222108,44,1,11773,-40.0,17.0,1,0,
44,SF8 BW125 @ 863.000MHz,13,2608222108,44,1,12255,-40.0,17.0,1,0,
44,SF8 BW125 @ 863.000MHz,14,2608222108,44,1,12738,-40.0,17.0,1,0,
44,SF8 BW125 @ 863.000MHz,15,2608222108,44,1,13220,-40.0,17.0,1,0,
44,SF8 BW125 @ 863.000MHz,16,2608222108,44,1,13703,-40.0,17.0,1,0,
44,SF8 BW125 @ 863.000MHz,17,2608222108,44,1,14185,-40.0,17.0,1,0,
44,SF8 BW125 @ 863.000MHz,18,2608222108,44,1,14667,-40.0,17.0,1,0,
44,SF8 BW125 @ 863.000MHz,19,2608222108,44,1,15150,-40.0,17.0,1,0,
44,SF8 BW125 @ 863.000MHz,20,2608222108,44,1,15632,-40.0,17.0,1,0,
44,SF8 BW125 @ 863.000MHz,21,2608222108,44,1,16115,-40.0,17.0,1,0,
44,SF8 BW125 @ 863.000MHz,22,2608222108,44,1,16597,-40.0,17.0,1,0,
44,SF8 BW125 @ 863.000MHz,23,2608222108,44,1,17080,-40.0,17.0,1,0,
44,SF8 BW125 @ 863.000MHz,24,2608222108,44,1,17562,-40.0,17.0,1,0,
44,SF8 BW125 @ 863.000MHz,25,2608222108,44,1,18044,-40.0,17.0,1,0,
44,SF8 BW125 @ 863.000MHz,26,2608222108,44,1,18527,-40.0,17.0,1,0,
44,SF8 BW125 @ 863.000MHz,27,2608222108,44,1,19009,-40.0,17.0,1,0,
44,SF8 BW125 @ 863.000MHz,28,2608222108,44,1,19492,-40.0,17.0,1,0,
44,SF8 BW125 @ 863.000MHz,29,2608222108,44,1,19974,-40.0,17.0,1,0,
44,SF8 BW125 @ 863.000MHz,30,2608222108,44,1,20457,-40.0,17.0,1,0,
44,SF8 BW125 @ 863.000MHz,31,2608222108,44,1,20939,-40.0,17.0,1,0,
44,SF8 BW125 @ 863.000MHz,32,2608222108,44,1,21421,-40.0,17.0,1,0,
44,SF8 BW125 @ 863.000MHz,33,2608222108,44,1,21904,-40.0,17.0,1,0,
44,SF8 BW125 @ 863.000MHz,34,2608222108,44,1,22386,-40.0,17.0,1,0,
44,SF8 BW125 @ 863.000MHz,35,2608222108,44,1,22869,-40.0,17.0,1,0,
44,SF8 BW125 @ 863.000MHz,36,2608222108,44,1,23351,-40.0,17.0,1,0,
44,SF8 BW125 @ 863.000MHz,37,2608222108,44,1,23834,-40.0,17.0,1,0,
44,SF8 BW125 @ 863.000MHz,38,2608222108,44,1,24316,-40.0,17.0,1,0,
44,SF8 BW125 @ 863.000MHz,39,2608222108,44,1,24798,-40.0,17.0,1,0,
44,SF8 BW125 @ 863.000MHz,40,2608222108,44,1,25281,-40.0,17.0,1,0,
44,SF8 BW125 @ 863.000MHz,41,2608222108,44,1,25763,-40.0,17.0,1,0,
44,SF8 BW125 @ 863.000MHz,42,2608222108,44,1,26246,-40.0,17.0,1,0,
44,SF8 BW125 @ 863.000MHz,43,2608222108,44,1,26728,-40.0,17.0,1,0,
44,SF8 BW125 @ 863.000MHz,44,2608222108,44,1,27211,-40.0,17.0,1,0,
44,SF8 BW125 @ 863.000MHz,45,2608222108,44,1,27693,-40.0,17.0,1,0,
44,SF8 BW125 @ 863.000MHz,46,2608222108,44,1,28175,-40.0,17.0,1,0,
44,SF8 BW125 @ 863.000MHz,47,2608222108,44,1,28658,-40.0,16.0,1,0,
44,SF8 BW125 @ 863.000MHz,48,2608222108,44,1,29140,-40.0,17.0,1,0,
44,SF8 BW125 @ 863.000MHz,49,2608222108,44,1,29623,-40.0,17.0,1,0,
45,SF8 BW125 @ 865.000MHz,0,2608222108,45,1,5977,-40.0,15.0,1,0,
45,SF8 BW125 @ 865.000MHz,1,2608222108,45,1,6460,-40.0,15.0,1,0,
45,SF8 BW125 @ 865.000MHz,2,2608222108,45,1,6942,-40.0,15.0,1,0,
45,SF8 BW125 @ 865.000MHz,3,2608222108,45,1,7424,-40.0,17.0,1,0,
45,SF8 BW125 @ 865.000MHz,4,2608222108,45,1,7907,-40.0,15.0,1,0,
45,SF8 BW125 @ 865.000MHz,5,2608222108,45,1,8389,-40.0,15.0,1,0,
45,SF8 BW125 @ 865.000MHz,6,2608222108,45,1,8872,-40.0,15.0,1,0,
45,SF8 BW125 @ 865.000MHz,7,2608222108,45,1,9354,-40.0,15.0,1,0,
45,SF8 BW125 @ 865.000MHz,8,2608222108,45,1,9837,-40.0,15.0,1,0,
45,SF8 BW125 @ 865.000MHz,9,2608222108,45,1,10319,-40.0,15.0,1,0,
45,SF8 BW125 @ 865.000MHz,10,2608222108,45,1,10801,-40.0,15.0,1,0,
45,SF8 BW125 @ 865.000MHz,11,2608222108,45,1,11284,-40.0,15.0,1,0,
45,SF8 BW125 @ 865.000MHz,12,2608222108,45,1,11766,-40.0,15.0,1,0,
45,SF8 BW125 @ 865.000MHz,13,2608222108,45,1,12249,-40.0,15.0,1,0,
45,SF8 BW125 @ 865.000MHz,14,2608222108,45,1,12731,-40.0,15.0,1,0,
45,SF8 BW125 @ 865.000MHz,15,2608222108,45,1,13214,-40.0,15.0,1,0,
45,SF8 BW125 @ 865.000MHz,16,2608222108,45,1,13696,-40.0,15.0,1,0,
45,SF8 BW125 @ 865.000MHz,17,2608222108,45,1,14178,-40.0,15.0,1,0,
45,SF8 BW125 @ 865.000MHz,18,2608222108,45,1,14661,-40.0,15.0,1,0,
45,SF8 BW125 @ 865.000MHz,19,2608222108,45,1,15143,-40.0,15.0,1,0,
45,SF8 BW125 @ 865.000MHz,20,2608222108,45,1,15626,-40.0,15.0,1,0,
45,SF8 BW125 @ 865.000MHz,21,2608222108,45,1,16108,-40.0,15.0,1,0,
45,SF8 BW125 @ 865.000MHz,22,2608222108,45,1,16591,-40.0,15.0,1,0,
45,SF8 BW125 @ 865.000MHz,23,2608222108,45,1,17073,-40.0,15.0,1,0,
45,SF8 BW125 @ 865.000MHz,24,2608222108,45,1,17555,-40.0,15.0,1,0,
45,SF8 BW125 @ 865.000MHz,25,2608222108,45,1,18038,-40.0,15.0,1,0,
45,SF8 BW125 @ 865.000MHz,26,2608222108,45,1,18520,-40.0,15.0,1,0,
45,SF8 BW125 @ 865.000MHz,27,2608222108,45,1,19003,-40.0,15.0,1,0,
45,SF8 BW125 @ 865.000MHz,28,2608222108,45,1,19485,-40.0,15.0,1,0,
45,SF8 BW125 @ 865.000MHz,29,2608222108,45,1,19968,-40.0,15.0,1,0,
45,SF8 BW125 @ 865.000MHz,30,2608222108,45,1,20450,-40.0,15.0,1,0,
45,SF8 BW125 @ 865.000MHz,31,2608222108,45,1,20932,-40.0,15.0,1,0,
45,SF8 BW125 @ 865.000MHz,32,2608222108,45,1,21415,-40.0,17.0,1,0,
45,SF8 BW125 @ 865.000MHz,33,2608222108,45,1,21897,-40.0,15.0,1,0,
45,SF8 BW125 @ 865.000MHz,34,2608222108,45,1,22380,-40.0,15.0,1,0,
45,SF8 BW125 @ 865.000MHz,35,2608222108,45,1,22862,-40.0,15.0,1,0,
45,SF8 BW125 @ 865.000MHz,36,2608222108,45,1,23345,-40.0,15.0,1,0,
45,SF8 BW125 @ 865.000MHz,37,2608222108,45,1,23827,-40.0,15.0,1,0,
45,SF8 BW125 @ 865.000MHz,38,2608222108,45,1,24309,-40.0,15.0,1,0,
45,SF8 BW125 @ 865.000MHz,39,2608222108,45,1,24792,-40.0,15.0,1,0,
45,SF8 BW125 @ 865.000MHz,40,2608222108,45,1,25274,-40.0,15.0,1,0,
45,SF8 BW125 @ 865.000MHz,41,2608222108,45,1,25757,-40.0,15.0,1,0,
45,SF8 BW125 @ 865.000MHz,42,2608222108,45,1,26239,-40.0,15.0,1,0,
45,SF8 BW125 @ 865.000MHz,43,2608222108,45,1,26722,-40.0,17.0,1,0,
45,SF8 BW125 @ 865.000MHz,44,2608222108,45,1,27204,-40.0,15.0,1,0,
45,SF8 BW125 @ 865.000MHz,45,2608222108,45,1,27686,-40.0,15.0,1,0,
45,SF8 BW125 @ 865.000MHz,46,2608222108,45,1,28169,-40.0,15.0,1,0,
45,SF8 BW125 @ 865.000MHz,47,2608222108,45,1,28651,-40.0,15.0,1,0,
45,SF8 BW125 @ 865.000MHz,48,2608222108,45,1,29134,-40.0,15.0,1,0,
45,SF8 BW125 @ 865.000MHz,49,2608222108,45,1,29616,-40.0,15.0,1,0,
46,SF8 BW125 @ 869.525MHz,0,2608222108,46,1,6034,-39.0,15.0,1,0,
46,SF8 BW125 @ 869.525MHz,1,2608222108,46,1,6516,-39.0,15.0,1,0,
46,SF8 BW125 @ 869.525MHz,2,2608222108,46,1,6999,-39.0,15.0,1,0,
46,SF8 BW125 @ 869.525MHz,3,2608222108,46,1,7481,-39.0,15.0,1,0,
46,SF8 BW125 @ 869.525MHz,4,2608222108,46,1,7964,-40.0,15.0,1,0,
46,SF8 BW125 @ 869.525MHz,5,2608222108,46,1,8446,-39.0,15.0,1,0,
46,SF8 BW125 @ 869.525MHz,6,2608222108,46,1,8929,-40.0,15.0,1,0,
46,SF8 BW125 @ 869.525MHz,7,2608222108,46,1,9411,-40.0,15.0,1,0,
46,SF8 BW125 @ 869.525MHz,8,2608222108,46,1,9893,-39.0,16.0,1,0,
46,SF8 BW125 @ 869.525MHz,9,2608222108,46,1,10376,-40.0,15.0,1,0,
46,SF8 BW125 @ 869.525MHz,10,2608222108,46,1,10858,-40.0,15.0,1,0,
46,SF8 BW125 @ 869.525MHz,11,2608222108,46,1,11341,-39.0,15.0,1,0,
46,SF8 BW125 @ 869.525MHz,12,2608222108,46,1,11823,-39.0,16.0,1,0,
46,SF8 BW125 @ 869.525MHz,13,2608222108,46,1,12305,-39.0,15.0,1,0,
46,SF8 BW125 @ 869.525MHz,14,2608222108,46,1,12788,-39.0,16.0,1,0,
46,SF8 BW125 @ 869.525MHz,15,2608222108,46,1,13270,-40.0,15.0,1,0,
46,SF8 BW125 @ 869.525MHz,16,2608222108,46,1,13753,-39.0,15.0,1,0,
46,SF8 BW125 @ 869.525MHz,17,2608222108,46,1,14235,-40.0,15.0,1,0,
46,SF8 BW125 @ 869.525MHz,18,2608222108,46,1,14718,-40.0,15.0,1,0,
46,SF8 BW125 @ 869.525MHz,19,2608222108,46,1,15200,-39.0,15.0,1,0,
46,SF8 BW125 @ 869.525MHz,20,2608222108,46,1,15682,-39.0,16.0,1,0,
46,SF8 BW125 @ 869.525MHz,21,2608222108,46,1,16165,-39.0,15.0,1,0,
46,SF8 BW125 @ 869.525MHz,22,2608222108,46,1,16647,-39.0,15.0,1,0,
46,SF8 BW125 @ 869.525MHz,23,2608222108,46,1,17130,-39.0,16.0,1,0,
46,SF8 BW125 @ 869.525MHz,24,2608222108,46,1,17612,-39.0,15.0,1,0,
46,SF8 BW125 @ 869.525MHz,25,2608222108,46,1,18095,-39.0,15.0,1,0,
46,SF8 BW125 @ 869.525MHz,26,2608222108,46,1,18577,-39.0,15.0,1,0,
46,SF8 BW125 @ 869.525MHz,27,2608222108,46,1,19059,-40.0,16.0,1,0,
46,SF8 BW125 @ 869.525MHz,28,2608222108,46,1,19542,-39.0,16.0,1,0,
46,SF8 BW125 @ 869.525MHz,29,2608222108,46,1,20024,-39.0,15.0,1,0,
46,SF8 BW125 @ 869.525MHz,30,2608222108,46,1,20507,-39.0,16.0,1,0,
46,SF8 BW125 @ 869.525MHz,31,2608222108,46,1,20989,-40.0,15.0,1,0,
46,SF8 BW125 @ 869.525MHz,32,2608222108,46,1,21472,-40.0,16.0,1,0,
46,SF8 BW125 @ 869.525MHz,33,2608222108,46,1,21954,-39.0,16.0,1,0,
46,SF8 BW125 @ 869.525MHz,34,2608222108,46,1,22436,-40.0,15.0,1,0,
46,SF8 BW125 @ 869.525MHz,35,2608222108,46,1,22919,-39.0,15.0,1,0,
46,SF8 BW125 @ 869.525MHz,36,2608222108,46,1,23401,-40.0,16.0,1,0,
46,SF8 BW125 @ 869.525MHz,37,2608222108,46,1,23884,-39.0,15.0,1,0,
46,SF8 BW125 @ 869.525MHz,38,2608222108,46,1,24366,-39.0,15.0,1,0,
46,SF8 BW125 @ 869.525MHz,39,2608222108,46,1,24849,-39.0,15.0,1,0,
46,SF8 BW125 @ 869.525MHz,40,2608222108,46,1,25331,-39.0,15.0,1,0,
46,SF8 BW125 @ 869.525MHz,41,2608222108,46,1,25813,-39.0,15.0,1,0,
46,SF8 BW125 @ 869.525MHz,42,2608222108,46,1,26296,-39.0,15.0,1,0,
46,SF8 BW125 @ 869.525MHz,43,2608222108,46,1,26778,-39.0,15.0,1,0,
46,SF8 BW125 @ 869.525MHz,44,2608222108,46,1,27261,-39.0,16.0,1,0,
46,SF8 BW125 @ 869.525MHz,45,2608222108,46,1,27743,-39.0,15.0,1,0,
46,SF8 BW125 @ 869.525MHz,46,2608222108,46,1,28226,-39.0,15.0,1,0,
46,SF8 BW125 @ 869.525MHz,47,2608222108,46,1,28708,-40.0,15.0,1,0,
46,SF8 BW125 @ 869.525MHz,48,2608222108,46,1,29190,-40.0,16.0,1,0,
46,SF8 BW125 @ 869.525MHz,49,2608222108,46,1,29673,-39.0,15.0,1,0,
47,SF8 BW125 @ 870.000MHz,0,2608222108,47,1,5971,-39.0,15.0,1,0,
47,SF8 BW125 @ 870.000MHz,1,2608222108,47,1,6454,-39.0,15.0,1,0,
47,SF8 BW125 @ 870.000MHz,2,2608222108,47,1,6936,-39.0,15.0,1,0,
47,SF8 BW125 @ 870.000MHz,3,2608222108,47,1,7419,-39.0,15.0,1,0,
47,SF8 BW125 @ 870.000MHz,4,2608222108,47,1,7901,-39.0,15.0,1,0,
47,SF8 BW125 @ 870.000MHz,5,2608222108,47,1,8383,-39.0,15.0,1,0,
47,SF8 BW125 @ 870.000MHz,6,2608222108,47,1,8866,-39.0,15.0,1,0,
47,SF8 BW125 @ 870.000MHz,7,2608222108,47,1,9348,-39.0,16.0,1,0,
47,SF8 BW125 @ 870.000MHz,8,2608222108,47,1,9831,-39.0,15.0,1,0,
47,SF8 BW125 @ 870.000MHz,9,2608222108,47,1,10313,-39.0,16.0,1,0,
47,SF8 BW125 @ 870.000MHz,10,2608222108,47,1,10796,-39.0,15.0,1,0,
47,SF8 BW125 @ 870.000MHz,11,2608222108,47,1,11278,-39.0,15.0,1,0,
47,SF8 BW125 @ 870.000MHz,12,2608222108,47,1,11760,-39.0,16.0,1,0,
47,SF8 BW125 @ 870.000MHz,13,2608222108,47,1,12243,-39.0,15.0,1,0,
47,SF8 BW125 @ 870.000MHz,14,2608222108,47,1,12725,-39.0,15.0,1,0,
47,SF8 BW125 @ 870.000MHz,15,2608222108,47,1,13208,-39.0,15.0,1,0,
47,SF8 BW125 @ 870.000MHz,16,2608222108,47,1,13690,-39.0,16.0,1,0,
47,SF8 BW125 @ 870.000MHz,17,2608222108,47,1,14173,-39.0,15.0,1,0,
47,SF8 BW125 @ 870.000MHz,18,2608222108,47,1,14655,-39.0,15.0,1,0,
47,SF8 BW125 @ 870.000MHz,19,2608222108,47,1,15137,-39.0,16.0,1,0,
47,SF8 BW125 @ 870.000MHz,20,2608222108,47,1,15620,-39.0,15.0,1,0,
47,SF8 BW125 @ 870.000MHz,21,2608222108,47,1,16102,-39.0,15.0,1,0,
47,SF8 BW125 @ 870.000MHz,22,2608222108,47,1,16585,-39.0,15.0,1,0,
47,SF8 BW125 @ 870.000MHz,23,2608222108,47,1,17067,-39.0,16.0,1,0,
47,SF8 BW125 @ 870.000MHz,24,2608222108,47,1,17550,-39.0,15.0,1,0,
47,SF8 BW125 @ 870.000MHz,25,2608222108,47,1,18032,-39.0,16.0,1,0,
47,SF8 BW125 @ 870.000MHz,26,2608222108,47,1,18514,-39.0,15.0,1,0,
47,SF8 BW125 @ 870.000MHz,27,2608222108,47,1,18997,-39.0,15.0,1,0,
47,SF8 BW125 @ 870.000MHz,28,2608222108,47,1,19479,-39.0,15.0,1,0,
47,SF8 BW125 @ 870.000MHz,29,2608222108,47,1,19962,-39.0,16.0,1,0,
47,SF8 BW125 @ 870.000MHz,30,2608222108,47,1,20444,-39.0,15.0,1,0,
47,SF8 BW125 @ 870.000MHz,31,2608222108,47,1,20927,-39.0,15.0,1,0,
47,SF8 BW125 @ 870.000MHz,32,2608222108,47,1,21409,-39.0,15.0,1,0,
47,SF8 BW125 @ 870.000MHz,33,2608222108,47,1,21891,-39.0,16.0,1,0,
47,SF8 BW125 @ 870.000MHz,34,2608222108,47,1,22374,-39.0,16.0,1,0,
47,SF8 BW125 @ 870.000MHz,35,2608222108,47,1,22856,-39.0,15.0,1,0,
47,SF8 BW125 @ 870.000MHz,36,2608222108,47,1,23339,-39.0,15.0,1,0,
47,SF8 BW125 @ 870.000MHz,37,2608222108,47,1,23821,-39.0,15.0,1,0,
47,SF8 BW125 @ 870.000MHz,38,2608222108,47,1,24304,-39.0,16.0,1,0,
47,SF8 BW125 @ 870.000MHz,39,2608222108,47,1,24786,-39.0,16.0,1,0,
47,SF8 BW125 @ 870.000MHz,40,2608222108,47,1,25268,-39.0,15.0,1,0,
47,SF8 BW125 @ 870.000MHz,41,2608222108,47,1,25751,-40.0,15.0,1,0,
47,SF8 BW125 @ 870.000MHz,42,2608222108,47,1,26233,-39.0,15.0,1,0,
47,SF8 BW125 @ 870.000MHz,43,2608222108,47,1,26716,-39.0,15.0,1,0,
47,SF8 BW125 @ 870.000MHz,44,2608222108,47,1,27198,-39.0,15.0,1,0,
47,SF8 BW125 @ 870.000MHz,45,2608222108,47,1,27681,-39.0,15.0,1,0,
47,SF8 BW125 @ 870.000MHz,46,2608222108,47,1,28163,-39.0,15.0,1,0,
47,SF8 BW125 @ 870.000MHz,47,2608222108,47,1,28645,-39.0,15.0,1,0,
47,SF8 BW125 @ 870.000MHz,48,2608222108,47,1,29128,-39.0,15.0,1,0,
47,SF8 BW125 @ 870.000MHz,49,2608222108,47,1,29610,-39.0,15.0,1,0,
48,FLRC 650k pa5 L16,0,2608222108,48,1,5583,-81.0,0.0,0,0,
48,FLRC 650k pa5 L16,0,2608222108,48,1,5626,-80.0,0.0,0,0,
48,FLRC 650k pa5 L16,0,2608222108,48,1,5670,-81.0,0.0,0,0,
48,FLRC 650k pa5 L16,0,2608222108,48,1,5714,-80.0,0.0,0,0,
48,FLRC 650k pa5 L16,0,2608222108,48,1,5757,-71.0,0.0,0,0,
48,FLRC 650k pa5 L16,0,2608222108,48,1,5801,-81.0,0.0,0,0,
48,FLRC 650k pa5 L16,0,2608222108,48,1,5844,-81.0,0.0,0,0,
48,FLRC 650k pa5 L16,0,2608222108,48,1,5888,-80.0,0.0,0,0,
48,FLRC 650k pa5 L16,0,2608222108,48,1,5931,-70.0,0.0,0,0,
48,FLRC 650k pa5 L16,0,2608222108,48,1,5975,-71.0,0.0,0,0,
48,FLRC 650k pa5 L16,0,2608222108,48,1,6018,-80.0,0.0,0,0,
48,FLRC 650k pa5 L16,0,2608222108,48,1,6062,-81.0,0.0,0,0,
48,FLRC 650k pa5 L16,0,2608222108,48,1,6105,-71.0,0.0,0,0,
48,FLRC 650k pa5 L16,0,2608222108,48,1,6149,-80.0,0.0,0,0,
48,FLRC 650k pa5 L16,0,2608222108,48,1,6192,-81.0,0.0,0,0,
48,FLRC 650k pa5 L16,0,2608222108,48,1,6236,-70.0,0.0,0,0,
48,FLRC 650k pa5 L16,0,2608222108,48,1,6279,-81.0,0.0,0,0,
48,FLRC 650k pa5 L16,0,2608222108,48,1,6323,-80.0,0.0,0,0,
48,FLRC 650k pa5 L16,0,2608222108,48,1,6366,-70.0,0.0,0,0,
48,FLRC 650k pa5 L16,0,2608222108,48,1,6410,-70.0,0.0,0,0,
48,FLRC 650k pa5 L16,0,2608222108,48,1,6453,-80.0,0.0,0,0,
48,FLRC 650k pa5 L16,0,2608222108,48,1,6497,-81.0,0.0,0,0,
48,FLRC 650k pa5 L16,0,2608222108,48,1,6540,-71.0,0.0,0,0,
48,FLRC 650k pa5 L16,0,2608222108,48,1,6584,-80.0,0.0,0,0,
48,FLRC 650k pa5 L16,0,2608222108,48,1,6627,-70.0,0.0,0,0,
48,FLRC 650k pa5 L16,0,2608222108,48,1,6671,-71.0,0.0,0,0,
48,FLRC 650k pa5 L16,0,2608222108,48,1,6714,-70.0,0.0,0,0,
48,FLRC 650k pa5 L16,0,2608222108,48,1,6758,-81.0,0.0,0,0,
48,FLRC 650k pa5 L16,0,2608222108,48,1,6802,-80.0,0.0,0,0,
48,FLRC 650k pa5 L16,0,2608222108,48,1,6845,-71.0,0.0,0,0,
48,FLRC 650k pa5 L16,0,2608222108,48,1,6889,-81.0,0.0,0,0,
48,FLRC 650k pa5 L16,0,2608222108,48,1,6932,-81.0,0.0,0,0,
48,FLRC 650k pa5 L16,0,2608222108,48,1,6976,-80.0,0.0,0,0,
48,FLRC 650k pa5 L16,0,2608222108,48,1,7019,-81.0,0.0,0,0,
48,FLRC 650k pa5 L16,0,2608222108,48,1,7063,-81.0,0.0,0,0,
48,FLRC 650k pa5 L16,0,2608222108,48,1,7106,-70.0,0.0,0,0,
48,FLRC 650k pa5 L16,0,2608222108,48,1,7150,-80.0,0.0,0,0,
48,FLRC 650k pa5 L16,0,2608222108,48,1,7193,-80.0,0.0,0,0,
48,FLRC 650k pa5 L16,0,2608222108,48,1,7237,-80.0,0.0,0,0,
48,FLRC 650k pa5 L16,0,2608222108,48,1,7280,-81.0,0.0,0,0,
48,FLRC 650k pa5 L16,0,2608222108,48,1,7324,-80.0,0.0,0,0,
48,FLRC 650k pa5 L16,0,2608222108,48,1,7367,-71.0,0.0,0,0,
48,FLRC 650k pa5 L16,0,2608222108,48,1,7411,-71.0,0.0,0,0,
48,FLRC 650k pa5 L16,0,2608222108,48,1,7454,-71.0,0.0,0,0,
48,FLRC 650k pa5 L16,0,2608222108,48,1,7498,-81.0,0.0,0,0,
48,FLRC 650k pa5 L16,0,2608222108,48,1,7541,-70.0,0.0,0,0,
48,FLRC 650k pa5 L16,0,2608222108,48,1,7585,-70.0,0.0,0,0,
48,FLRC 650k pa5 L16,0,2608222108,48,1,7628,-81.0,0.0,0,0,
48,FLRC 650k pa5 L16,0,2608222108,48,1,7672,-71.0,0.0,0,0,
48,FLRC 650k pa5 L16,0,2608222108,48,1,7715,-72.0,0.0,0,0,
49,FLRC 650k pa5 L64,0,2608222108,49,1,5584,-71.0,0.0,0,0,
49,FLRC 650k pa5 L64,0,2608222108,49,1,5629,-70.0,0.0,0,0,
49,FLRC 650k pa5 L64,0,2608222108,49,1,5673,-80.0,0.0,0,0,
49,FLRC 650k pa5 L64,0,2608222108,49,1,5718,-81.0,0.0,0,0,
49,FLRC 650k pa5 L64,0,2608222108,49,1,5762,-81.0,0.0,0,0,
49,FLRC 650k pa5 L64,0,2608222108,49,1,5807,-81.0,0.0,0,0,
49,FLRC 650k pa5 L64,0,2608222108,49,1,5851,-81.0,0.0,0,0,
49,FLRC 650k pa5 L64,0,2608222108,49,1,5895,-81.0,0.0,0,0,
49,FLRC 650k pa5 L64,0,2608222108,49,1,5940,-82.0,0.0,0,0,
49,FLRC 650k pa5 L64,0,2608222108,49,1,5984,-80.0,0.0,0,0,
49,FLRC 650k pa5 L64,0,2608222108,49,1,6029,-70.0,0.0,0,0,
49,FLRC 650k pa5 L64,0,2608222108,49,1,6073,-71.0,0.0,0,0,
49,FLRC 650k pa5 L64,0,2608222108,49,1,6118,-70.0,0.0,0,0,
49,FLRC 650k pa5 L64,0,2608222108,49,1,6162,-82.0,0.0,0,0,
49,FLRC 650k pa5 L64,0,2608222108,49,1,6207,-81.0,0.0,0,0,
49,FLRC 650k pa5 L64,0,2608222108,49,1,6251,-80.0,0.0,0,0,
49,FLRC 650k pa5 L64,0,2608222108,49,1,6296,-80.0,0.0,0,0,
49,FLRC 650k pa5 L64,0,2608222108,49,1,6340,-71.0,0.0,0,0,
49,FLRC 650k pa5 L64,0,2608222108,49,1,6384,-81.0,0.0,0,0,
49,FLRC 650k pa5 L64,0,2608222108,49,1,6429,-71.0,0.0,0,0,
49,FLRC 650k pa5 L64,0,2608222108,49,1,6473,-80.0,0.0,0,0,
49,FLRC 650k pa5 L64,0,2608222108,49,1,6518,-71.0,0.0,0,0,
49,FLRC 650k pa5 L64,0,2608222108,49,1,6562,-71.0,0.0,0,0,
49,FLRC 650k pa5 L64,0,2608222108,49,1,6607,-71.0,0.0,0,0,
49,FLRC 650k pa5 L64,0,2608222108,49,1,6651,-80.0,0.0,0,0,
49,FLRC 650k pa5 L64,0,2608222108,49,1,6696,-80.0,0.0,0,0,
49,FLRC 650k pa5 L64,0,2608222108,49,1,6740,-80.0,0.0,0,0,
49,FLRC 650k pa5 L64,0,2608222108,49,1,6784,-82.0,0.0,0,0,
49,FLRC 650k pa5 L64,0,2608222108,49,1,6829,-71.0,0.0,0,0,
49,FLRC 650k pa5 L64,0,2608222108,49,1,6873,-80.0,0.0,0,0,
49,FLRC 650k pa5 L64,0,2608222108,49,1,6918,-70.0,0.0,0,0,
49,FLRC 650k pa5 L64,0,2608222108,49,1,6962,-70.0,0.0,0,0,
49,FLRC 650k pa5 L64,0,2608222108,49,1,7007,-71.0,0.0,0,0,
49,FLRC 650k pa5 L64,0,2608222108,49,1,7051,-81.0,0.0,0,0,
49,FLRC 650k pa5 L64,0,2608222108,49,1,7096,-81.0,0.0,0,0,
49,FLRC 650k pa5 L64,0,2608222108,49,1,7140,-81.0,0.0,0,0,
49,FLRC 650k pa5 L64,0,2608222108,49,1,7185,-71.0,0.0,0,0,
49,FLRC 650k pa5 L64,0,2608222108,49,1,7229,-69.0,0.0,0,0,
49,FLRC 650k pa5 L64,0,2608222108,49,1,7273,-70.0,0.0,0,0,
49,FLRC 650k pa5 L64,0,2608222108,49,1,7318,-71.0,0.0,0,0,
49,FLRC 650k pa5 L64,0,2608222108,49,1,7362,-80.0,0.0,0,0,
49,FLRC 650k pa5 L64,0,2608222108,49,1,7407,-70.0,0.0,0,0,
49,FLRC 650k pa5 L64,0,2608222108,49,1,7451,-70.0,0.0,0,0,
49,FLRC 650k pa5 L64,0,2608222108,49,1,7496,-81.0,0.0,0,0,
49,FLRC 650k pa5 L64,0,2608222108,49,1,7540,-71.0,0.0,0,0,
49,FLRC 650k pa5 L64,0,2608222108,49,1,7585,-81.0,0.0,0,0,
49,FLRC 650k pa5 L64,0,2608222108,49,1,7629,-71.0,0.0,0,0,
49,FLRC 650k pa5 L64,0,2608222108,49,1,7674,-71.0,0.0,0,0,
49,FLRC 650k pa5 L64,0,2608222108,49,1,7718,-81.0,0.0,0,0,
49,FLRC 650k pa5 L64,0,2608222108,49,1,7762,-71.0,0.0,0,0,
50,FLRC 650k pa5 L128,0,2608222108,50,1,5588,-71.0,0.0,0,0,
50,FLRC 650k pa5 L128,0,2608222108,50,1,5633,-70.0,0.0,0,0,
50,FLRC 650k pa5 L128,0,2608222108,50,1,5679,-71.0,0.0,0,0,
50,FLRC 650k pa5 L128,0,2608222108,50,1,5725,-71.0,0.0,0,0,
50,FLRC 650k pa5 L128,0,2608222108,50,1,5770,-80.0,0.0,0,0,
50,FLRC 650k pa5 L128,0,2608222108,50,1,5816,-79.0,0.0,0,0,
50,FLRC 650k pa5 L128,0,2608222108,50,1,5862,-70.0,0.0,0,0,
50,FLRC 650k pa5 L128,0,2608222108,50,1,5907,-70.0,0.0,0,0,
50,FLRC 650k pa5 L128,0,2608222108,50,1,5953,-81.0,0.0,0,0,
50,FLRC 650k pa5 L128,0,2608222108,50,1,5999,-71.0,0.0,0,0,
50,FLRC 650k pa5 L128,0,2608222108,50,1,6044,-81.0,0.0,0,0,
50,FLRC 650k pa5 L128,0,2608222108,50,1,6090,-71.0,0.0,0,0,
50,FLRC 650k pa5 L128,0,2608222108,50,1,6136,-80.0,0.0,0,0,
50,FLRC 650k pa5 L128,0,2608222108,50,1,6182,-81.0,0.0,0,0,
50,FLRC 650k pa5 L128,0,2608222108,50,1,6227,-81.0,0.0,0,0,
50,FLRC 650k pa5 L128,0,2608222108,50,1,6273,-82.0,0.0,0,0,
50,FLRC 650k pa5 L128,0,2608222108,50,1,6319,-71.0,0.0,0,0,
50,FLRC 650k pa5 L128,0,2608222108,50,1,6364,-81.0,0.0,0,0,
50,FLRC 650k pa5 L128,0,2608222108,50,1,6410,-72.0,0.0,0,0,
50,FLRC 650k pa5 L128,0,2608222108,50,1,6456,-81.0,0.0,0,0,
50,FLRC 650k pa5 L128,0,2608222108,50,1,6501,-81.0,0.0,0,0,
50,FLRC 650k pa5 L128,0,2608222108,50,1,6547,-81.0,0.0,0,0,
50,FLRC 650k pa5 L128,0,2608222108,50,1,6593,-81.0,0.0,0,0,
50,FLRC 650k pa5 L128,0,2608222108,50,1,6638,-81.0,0.0,0,0,
50,FLRC 650k pa5 L128,0,2608222108,50,1,6684,-80.0,0.0,0,0,
50,FLRC 650k pa5 L128,0,2608222108,50,1,6730,-71.0,0.0,0,0,
50,FLRC 650k pa5 L128,0,2608222108,50,1,6775,-81.0,0.0,0,0,
50,FLRC 650k pa5 L128,0,2608222108,50,1,6821,-70.0,0.0,0,0,
50,FLRC 650k pa5 L128,0,2608222108,50,1,6867,-71.0,0.0,0,0,
50,FLRC 650k pa5 L128,0,2608222108,50,1,6912,-71.0,0.0,0,0,
50,FLRC 650k pa5 L128,0,2608222108,50,1,6958,-71.0,0.0,0,0,
50,FLRC 650k pa5 L128,0,2608222108,50,1,7004,-81.0,0.0,0,0,
50,FLRC 650k pa5 L128,0,2608222108,50,1,7050,-81.0,0.0,0,0,
50,FLRC 650k pa5 L128,0,2608222108,50,1,7095,-80.0,0.0,0,0,
50,FLRC 650k pa5 L128,0,2608222108,50,1,7141,-80.0,0.0,0,0,
50,FLRC 650k pa5 L128,0,2608222108,50,1,7187,-81.0,0.0,0,0,
50,FLRC 650k pa5 L128,0,2608222108,50,1,7232,-82.0,0.0,0,0,
50,FLRC 650k pa5 L128,0,2608222108,50,1,7278,-80.0,0.0,0,0,
50,FLRC 650k pa5 L128,0,2608222108,50,1,7324,-80.0,0.0,0,0,
50,FLRC 650k pa5 L128,0,2608222108,50,1,7369,-71.0,0.0,0,0,
50,FLRC 650k pa5 L128,0,2608222108,50,1,7415,-81.0,0.0,0,0,
50,FLRC 650k pa5 L128,0,2608222108,50,1,7461,-70.0,0.0,0,0,
50,FLRC 650k pa5 L128,0,2608222108,50,1,7506,-81.0,0.0,0,0,
50,FLRC 650k pa5 L128,0,2608222108,50,1,7552,-79.0,0.0,0,0,
50,FLRC 650k pa5 L128,0,2608222108,50,1,7598,-81.0,0.0,0,0,
50,FLRC 650k pa5 L128,0,2608222108,50,1,7643,-71.0,0.0,0,0,
50,FLRC 650k pa5 L128,0,2608222108,50,1,7689,-80.0,0.0,0,0,
50,FLRC 650k pa5 L128,0,2608222108,50,1,7735,-70.0,0.0,0,0,
50,FLRC 650k pa5 L128,0,2608222108,50,1,7780,-82.0,0.0,0,0,
50,FLRC 650k pa5 L128,0,2608222108,50,1,7826,-71.0,0.0,0,0,
51,FLRC 650k pa5 L192,0,2608222108,51,1,5653,-71.0,0.0,0,0,
51,FLRC 650k pa5 L192,0,2608222108,51,1,5700,-80.0,0.0,0,0,
51,FLRC 650k pa5 L192,0,2608222108,51,1,5747,-80.0,0.0,0,0,
51,FLRC 650k pa5 L192,0,2608222108,51,1,5794,-80.0,0.0,0,0,
51,FLRC 650k pa5 L192,0,2608222108,51,1,5841,-81.0,0.0,0,0,
51,FLRC 650k pa5 L192,0,2608222108,51,1,5888,-71.0,0.0,0,0,
51,FLRC 650k pa5 L192,0,2608222108,51,1,5934,-81.0,0.0,0,0,
51,FLRC 650k pa5 L192,0,2608222108,51,1,5981,-71.0,0.0,0,0,
51,FLRC 650k pa5 L192,0,2608222108,51,1,6028,-80.0,0.0,0,0,
51,FLRC 650k pa5 L192,0,2608222108,51,1,6075,-70.0,0.0,0,0,
51,FLRC 650k pa5 L192,0,2608222108,51,1,6122,-80.0,0.0,0,0,
51,FLRC 650k pa5 L192,0,2608222108,51,1,6169,-71.0,0.0,0,0,
51,FLRC 650k pa5 L192,0,2608222108,51,1,6216,-81.0,0.0,0,0,
51,FLRC 650k pa5 L192,0,2608222108,51,1,6263,-71.0,0.0,0,0,
51,FLRC 650k pa5 L192,0,2608222108,51,1,6310,-70.0,0.0,0,0,
51,FLRC 650k pa5 L192,0,2608222108,51,1,6357,-69.0,0.0,0,0,
51,FLRC 650k pa5 L192,0,2608222108,51,1,6404,-79.0,0.0,0,0,
51,FLRC 650k pa5 L192,0,2608222108,51,1,6451,-72.0,0.0,0,0,
51,FLRC 650k pa5 L192,0,2608222108,51,1,6497,-70.0,0.0,0,0,
51,FLRC 650k pa5 L192,0,2608222108,51,1,6544,-81.0,0.0,0,0,
51,FLRC 650k pa5 L192,0,2608222108,51,1,6591,-71.0,0.0,0,0,
51,FLRC 650k pa5 L192,0,2608222108,51,1,6638,-71.0,0.0,0,0,
51,FLRC 650k pa5 L192,0,2608222108,51,1,6685,-72.0,0.0,0,0,
51,FLRC 650k pa5 L192,0,2608222108,51,1,6732,-71.0,0.0,0,0,
51,FLRC 650k pa5 L192,0,2608222108,51,1,6779,-79.0,0.0,0,0,
51,FLRC 650k pa5 L192,0,2608222108,51,1,6826,-71.0,0.0,0,0,
51,FLRC 650k pa5 L192,0,2608222108,51,1,6873,-71.0,0.0,0,0,
51,FLRC 650k pa5 L192,0,2608222108,51,1,6920,-71.0,0.0,0,0,
51,FLRC 650k pa5 L192,0,2608222108,51,1,6967,-80.0,0.0,0,0,
51,FLRC 650k pa5 L192,0,2608222108,51,1,7014,-71.0,0.0,0,0,
51,FLRC 650k pa5 L192,0,2608222108,51,1,7060,-81.0,0.0,0,0,
51,FLRC 650k pa5 L192,0,2608222108,51,1,7107,-71.0,0.0,0,0,
51,FLRC 650k pa5 L192,0,2608222108,51,1,7154,-80.0,0.0,0,0,
51,FLRC 650k pa5 L192,0,2608222108,51,1,7201,-81.0,0.0,0,0,
51,FLRC 650k pa5 L192,0,2608222108,51,1,7248,-71.0,0.0,0,0,
51,FLRC 650k pa5 L192,0,2608222108,51,1,7295,-70.0,0.0,0,0,
51,FLRC 650k pa5 L192,0,2608222108,51,1,7342,-71.0,0.0,0,0,
51,FLRC 650k pa5 L192,0,2608222108,51,1,7389,-71.0,0.0,0,0,
51,FLRC 650k pa5 L192,0,2608222108,51,1,7436,-80.0,0.0,0,0,
51,FLRC 650k pa5 L192,0,2608222108,51,1,7483,-70.0,0.0,0,0,
51,FLRC 650k pa5 L192,0,2608222108,51,1,7530,-80.0,0.0,0,0,
51,FLRC 650k pa5 L192,0,2608222108,51,1,7577,-70.0,0.0,0,0,
51,FLRC 650k pa5 L192,0,2608222108,51,1,7623,-81.0,0.0,0,0,
51,FLRC 650k pa5 L192,0,2608222108,51,1,7670,-81.0,0.0,0,0,
51,FLRC 650k pa5 L192,0,2608222108,51,1,7717,-70.0,0.0,0,0,
51,FLRC 650k pa5 L192,0,2608222108,51,1,7764,-81.0,0.0,0,0,
51,FLRC 650k pa5 L192,0,2608222108,51,1,7811,-81.0,0.0,0,0,
51,FLRC 650k pa5 L192,0,2608222108,51,1,7858,-71.0,0.0,0,0,
51,FLRC 650k pa5 L192,0,2608222108,51,1,7905,-81.0,0.0,0,0,
51,FLRC 650k pa5 L192,0,2608222108,51,1,7952,-70.0,0.0,0,0,
52,FLRC 650k pa5 L255,0,2608222108,52,1,5614,-45.0,0.0,1,0,
52,FLRC 650k pa5 L255,1,2608222108,52,1,5662,-45.0,0.0,1,0,
52,FLRC 650k pa5 L255,2,2608222108,52,1,5710,-45.0,0.0,1,0,
52,FLRC 650k pa5 L255,3,2608222108,52,1,5758,-45.0,0.0,1,0,
52,FLRC 650k pa5 L255,4,2608222108,52,1,5806,-45.0,0.0,1,0,
52,FLRC 650k pa5 L255,5,2608222108,52,1,5854,-45.0,0.0,1,0,
52,FLRC 650k pa5 L255,6,2608222108,52,1,5903,-45.0,0.0,1,0,
52,FLRC 650k pa5 L255,7,2608222108,52,1,5951,-45.0,0.0,1,0,
52,FLRC 650k pa5 L255,8,2608222108,52,1,5999,-45.0,0.0,1,0,
52,FLRC 650k pa5 L255,9,2608222108,52,1,6047,-45.0,0.0,1,0,
52,FLRC 650k pa5 L255,10,2608222108,52,1,6095,-45.0,0.0,1,0,
52,FLRC 650k pa5 L255,11,2608222108,52,1,6143,-45.0,0.0,1,0,
52,FLRC 650k pa5 L255,12,2608222108,52,1,6191,-45.0,0.0,1,0,
52,FLRC 650k pa5 L255,13,2608222108,52,1,6239,-45.0,0.0,1,0,
52,FLRC 650k pa5 L255,14,2608222108,52,1,6288,-45.0,0.0,1,0,
52,FLRC 650k pa5 L255,15,2608222108,52,1,6336,-45.0,0.0,1,0,
52,FLRC 650k pa5 L255,16,2608222108,52,1,6384,-45.0,0.0,1,0,
52,FLRC 650k pa5 L255,17,2608222108,52,1,6432,-45.0,0.0,1,0,
52,FLRC 650k pa5 L255,18,2608222108,52,1,6480,-45.0,0.0,1,0,
52,FLRC 650k pa5 L255,19,2608222108,52,1,6528,-45.0,0.0,1,0,
52,FLRC 650k pa5 L255,20,2608222108,52,1,6576,-45.0,0.0,1,0,
52,FLRC 650k pa5 L255,21,2608222108,52,1,6624,-45.0,0.0,1,0,
52,FLRC 650k pa5 L255,22,2608222108,52,1,6672,-45.0,0.0,1,0,
52,FLRC 650k pa5 L255,23,2608222108,52,1,6721,-45.0,0.0,1,0,
52,FLRC 650k pa5 L255,24,2608222108,52,1,6769,-45.0,0.0,1,0,
52,FLRC 650k pa5 L255,25,2608222108,52,1,6817,-45.0,0.0,1,0,
52,FLRC 650k pa5 L255,26,2608222108,52,1,6865,-45.0,0.0,1,0,
52,FLRC 650k pa5 L255,27,2608222108,52,1,6913,-45.0,0.0,1,0,
52,FLRC 650k pa5 L255,28,2608222108,52,1,6961,-45.0,0.0,1,0,
52,FLRC 650k pa5 L255,29,2608222108,52,1,7009,-45.0,0.0,1,0,
52,FLRC 650k pa5 L255,30,2608222108,52,1,7057,-45.0,0.0,1,0,
52,FLRC 650k pa5 L255,31,2608222108,52,1,7106,-45.0,0.0,1,0,
52,FLRC 650k pa5 L255,32,2608222108,52,1,7154,-45.0,0.0,1,0,
52,FLRC 650k pa5 L255,33,2608222108,52,1,7202,-45.0,0.0,1,0,
52,FLRC 650k pa5 L255,34,2608222108,52,1,7250,-45.0,0.0,1,0,
52,FLRC 650k pa5 L255,35,2608222108,52,1,7298,-45.0,0.0,1,0,
52,FLRC 650k pa5 L255,36,2608222108,52,1,7346,-45.0,0.0,1,0,
52,FLRC 650k pa5 L255,37,2608222108,52,1,7394,-45.0,0.0,1,0,
52,FLRC 650k pa5 L255,38,2608222108,52,1,7442,-45.0,0.0,1,0,
52,FLRC 650k pa5 L255,39,2608222108,52,1,7491,-45.0,0.0,1,0,
52,FLRC 650k pa5 L255,40,2608222108,52,1,7539,-45.0,0.0,1,0,
52,FLRC 650k pa5 L255,41,2608222108,52,1,7587,-45.0,0.0,1,0,
52,FLRC 650k pa5 L255,42,2608222108,52,1,7635,-45.0,0.0,1,0,
52,FLRC 650k pa5 L255,43,2608222108,52,1,7683,-45.0,0.0,1,0,
52,FLRC 650k pa5 L255,44,2608222108,52,1,7731,-45.0,0.0,1,0,
52,FLRC 650k pa5 L255,45,2608222108,52,1,7779,-45.0,0.0,1,0,
52,FLRC 650k pa5 L255,46,2608222108,52,1,7827,-45.0,0.0,1,0,
52,FLRC 650k pa5 L255,47,2608222108,52,1,7876,-45.0,0.0,1,0,
52,FLRC 650k pa5 L255,48,2608222108,52,1,7924,-45.0,0.0,1,0,
52,FLRC 650k pa5 L255,49,2608222108,52,1,7972,-45.0,0.0,1,0,
53,FLRC 650k pa5 L256,0,2608222108,53,1,5634,-45.0,0.0,0,0,
53,FLRC 650k pa5 L256,0,2608222108,53,1,5682,-45.0,0.0,0,0,
53,FLRC 650k pa5 L256,0,2608222108,53,1,5731,-45.0,0.0,0,0,
53,FLRC 650k pa5 L256,0,2608222108,53,1,5779,-45.0,0.0,0,0,
53,FLRC 650k pa5 L256,0,2608222108,53,1,5827,-45.0,0.0,0,0,
53,FLRC 650k pa5 L256,0,2608222108,53,1,5875,-45.0,0.0,0,0,
53,FLRC 650k pa5 L256,0,2608222108,53,1,5923,-45.0,0.0,0,0,
53,FLRC 650k pa5 L256,0,2608222108,53,1,5971,-45.0,0.0,0,0,
53,FLRC 650k pa5 L256,0,2608222108,53,1,6020,-45.0,0.0,0,0,
53,FLRC 650k pa5 L256,0,2608222108,53,1,6068,-45.0,0.0,0,0,
53,FLRC 650k pa5 L256,0,2608222108,53,1,6116,-45.0,0.0,0,0,
53,FLRC 650k pa5 L256,0,2608222108,53,1,6164,-45.0,0.0,0,0,
53,FLRC 650k pa5 L256,0,2608222108,53,1,6212,-45.0,0.0,0,0,
53,FLRC 650k pa5 L256,0,2608222108,53,1,6260,-45.0,0.0,0,0,
53,FLRC 650k pa5 L256,0,2608222108,53,1,6308,-45.0,0.0,0,0,
53,FLRC 650k pa5 L256,0,2608222108,53,1,6356,-45.0,0.0,0,0,
53,FLRC 650k pa5 L256,0,2608222108,53,1,6405,-45.0,0.0,0,0,
53,FLRC 650k pa5 L256,0,2608222108,53,1,6453,-45.0,0.0,0,0,
53,FLRC 650k pa5 L256,0,2608222108,53,1,6501,-45.0,0.0,0,0,
53,FLRC 650k pa5 L256,0,2608222108,53,1,6549,-45.0,0.0,0,0,
53,FLRC 650k pa5 L256,0,2608222108,53,1,6597,-45.0,0.0,0,0,
53,FLRC 650k pa5 L256,0,2608222108,53,1,6645,-45.0,0.0,0,0,
53,FLRC 650k pa5 L256,0,2608222108,53,1,6693,-45.0,0.0,0,0,
53,FLRC 650k pa5 L256,0,2608222108,53,1,6742,-45.0,0.0,0,0,
53,FLRC 650k pa5 L256,0,2608222108,53,1,6790,-45.0,0.0,0,0,
53,FLRC 650k pa5 L256,0,2608222108,53,1,6838,-45.0,0.0,0,0,
53,FLRC 650k pa5 L256,0,2608222108,53,1,6886,-45.0,0.0,0,0,
53,FLRC 650k pa5 L256,0,2608222108,53,1,6934,-45.0,0.0,0,0,
53,FLRC 650k pa5 L256,0,2608222108,53,1,6982,-45.0,0.0,0,0,
53,FLRC 650k pa5 L256,0,2608222108,53,1,7030,-45.0,0.0,0,0,
53,FLRC 650k pa5 L256,0,2608222108,53,1,7079,-45.0,0.0,0,0,
53,FLRC 650k pa5 L256,0,2608222108,53,1,7127,-45.0,0.0,0,0,
53,FLRC 650k pa5 L256,0,2608222108,53,1,7175,-45.0,0.0,0,0,
53,FLRC 650k pa5 L256,0,2608222108,53,1,7223,-45.0,0.0,0,0,
53,FLRC 650k pa5 L256,0,2608222108,53,1,7271,-45.0,0.0,0,0,
53,FLRC 650k pa5 L256,0,2608222108,53,1,7319,-45.0,0.0,0,0,
53,FLRC 650k pa5 L256,0,2608222108,53,1,7367,-45.0,0.0,0,0,
53,FLRC 650k pa5 L256,0,2608222108,53,1,7416,-45.0,0.0,0,0,
53,FLRC 650k pa5 L256,0,2608222108,53,1,7464,-45.0,0.0,0,0,
53,FLRC 650k pa5 L256,0,2608222108,53,1,7512,-45.0,0.0,0,0,
53,FLRC 650k pa5 L256,0,2608222108,53,1,7560,-45.0,0.0,0,0,
53,FLRC 650k pa5 L256,0,2608222108,53,1,7608,-45.0,0.0,0,0,
53,FLRC 650k pa5 L256,0,2608222108,53,1,7656,-45.0,0.0,0,0,
53,FLRC 650k pa5 L256,0,2608222108,53,1,7704,-45.0,0.0,0,0,
53,FLRC 650k pa5 L256,0,2608222108,53,1,7753,-45.0,0.0,0,0,
53,FLRC 650k pa5 L256,0,2608222108,53,1,7801,-45.0,0.0,0,0,
53,FLRC 650k pa5 L256,0,2608222108,53,1,7849,-45.0,0.0,0,0,
53,FLRC 650k pa5 L256,0,2608222108,53,1,7897,-45.0,0.0,0,0,
53,FLRC 650k pa5 L256,0,2608222108,53,1,7945,-45.0,0.0,0,0,
53,FLRC 650k pa5 L256,0,2608222108,53,1,7993,-45.0,0.0,0,0,
54,FLRC 650k pa5 L300,0,2608222108,54,1,5656,-45.0,0.0,0,0,
54,FLRC 650k pa5 L300,0,2608222108,54,1,5705,-45.0,0.0,0,0,
54,FLRC 650k pa5 L300,0,2608222108,54,1,5754,-45.0,0.0,0,0,
54,FLRC 650k pa5 L300,0,2608222108,54,1,5803,-45.0,0.0,0,0,
54,FLRC 650k pa5 L300,0,2608222108,54,1,5852,-45.0,0.0,0,0,
54,FLRC 650k pa5 L300,0,2608222108,54,1,5901,-45.0,0.0,0,0,
54,FLRC 650k pa5 L300,0,2608222108,54,1,5950,-45.0,0.0,0,0,
54,FLRC 650k pa5 L300,0,2608222108,54,1,5999,-45.0,0.0,0,0,
54,FLRC 650k pa5 L300,0,2608222108,54,1,6048,-45.0,0.0,0,0,
54,FLRC 650k pa5 L300,0,2608222108,54,1,6097,-45.0,0.0,0,0,
54,FLRC 650k pa5 L300,0,2608222108,54,1,6146,-45.0,0.0,0,0,
54,FLRC 650k pa5 L300,0,2608222108,54,1,6195,-45.0,0.0,0,0,
54,FLRC 650k pa5 L300,0,2608222108,54,1,6244,-45.0,0.0,0,0,
54,FLRC 650k pa5 L300,0,2608222108,54,1,6293,-45.0,0.0,0,0,
54,FLRC 650k pa5 L300,0,2608222108,54,1,6342,-45.0,0.0,0,0,
54,FLRC 650k pa5 L300,0,2608222108,54,1,6391,-45.0,0.0,0,0,
54,FLRC 650k pa5 L300,0,2608222108,54,1,6440,-45.0,0.0,0,0,
54,FLRC 650k pa5 L300,0,2608222108,54,1,6489,-45.0,0.0,0,0,
54,FLRC 650k pa5 L300,0,2608222108,54,1,6538,-45.0,0.0,0,0,
54,FLRC 650k pa5 L300,0,2608222108,54,1,6587,-45.0,0.0,0,0,
54,FLRC 650k pa5 L300,0,2608222108,54,1,6636,-45.0,0.0,0,0,
54,FLRC 650k pa5 L300,0,2608222108,54,1,6685,-45.0,0.0,0,0,
54,FLRC 650k pa5 L300,0,2608222108,54,1,6734,-45.0,0.0,0,0,
54,FLRC 650k pa5 L300,0,2608222108,54,1,6783,-45.0,0.0,0,0,
54,FLRC 650k pa5 L300,0,2608222108,54,1,6832,-45.0,0.0,0,0,
54,FLRC 650k pa5 L300,0,2608222108,54,1,6881,-45.0,0.0,0,0,
54,FLRC 650k pa5 L300,0,2608222108,54,1,6930,-45.0,0.0,0,0,
54,FLRC 650k pa5 L300,0,2608222108,54,1,6979,-45.0,0.0,0,0,
54,FLRC 650k pa5 L300,0,2608222108,54,1,7028,-45.0,0.0,0,0,
54,FLRC 650k pa5 L300,0,2608222108,54,1,7077,-45.0,0.0,0,0,
54,FLRC 650k pa5 L300,0,2608222108,54,1,7126,-45.0,0.0,0,0,
54,FLRC 650k pa5 L300,0,2608222108,54,1,7175,-45.0,0.0,0,0,
54,FLRC 650k pa5 L300,0,2608222108,54,1,7224,-45.0,0.0,0,0,
54,FLRC 650k pa5 L300,0,2608222108,54,1,7273,-45.0,0.0,0,0,
54,FLRC 650k pa5 L300,0,2608222108,54,1,7322,-45.0,0.0,0,0,
54,FLRC 650k pa5 L300,0,2608222108,54,1,7370,-45.0,0.0,0,0,
54,FLRC 650k pa5 L300,0,2608222108,54,1,7419,-45.0,0.0,0,0,
54,FLRC 650k pa5 L300,0,2608222108,54,1,7468,-45.0,0.0,0,0,
54,FLRC 650k pa5 L300,0,2608222108,54,1,7517,-45.0,0.0,0,0,
54,FLRC 650k pa5 L300,0,2608222108,54,1,7566,-45.0,0.0,0,0,
54,FLRC 650k pa5 L300,0,2608222108,54,1,7615,-45.0,0.0,0,0,
54,FLRC 650k pa5 L300,0,2608222108,54,1,7664,-45.0,0.0,0,0,
54,FLRC 650k pa5 L300,0,2608222108,54,1,7713,-45.0,0.0,0,0,
54,FLRC 650k pa5 L300,0,2608222108,54,1,7762,-45.0,0.0,0,0,
54,FLRC 650k pa5 L300,0,2608222108,54,1,7811,-45.0,0.0,0,0,
54,FLRC 650k pa5 L300,0,2608222108,54,1,7860,-45.0,0.0,0,0,
54,FLRC 650k pa5 L300,0,2608222108,54,1,7909,-45.0,0.0,0,0,
54,FLRC 650k pa5 L300,0,2608222108,54,1,7958,-45.0,0.0,0,0,
54,FLRC 650k pa5 L300,0,2608222108,54,1,8007,-45.0,0.0,0,0,
54,FLRC 650k pa5 L300,0,2608222108,54,1,8056,-45.0,0.0,0,0,
55,FLRC 650k pa5 L384,0,2608222108,55,1,5601,-45.0,0.0,0,0,
55,FLRC 650k pa5 L384,0,2608222108,55,1,5652,-45.0,0.0,0,0,
55,FLRC 650k pa5 L384,0,2608222108,55,1,5702,-45.0,0.0,0,0,
55,FLRC 650k pa5 L384,0,2608222108,55,1,5753,-45.0,0.0,0,0,
55,FLRC 650k pa5 L384,0,2608222108,55,1,5803,-45.0,0.0,0,0,
55,FLRC 650k pa5 L384,0,2608222108,55,1,5854,-45.0,0.0,0,0,
55,FLRC 650k pa5 L384,0,2608222108,55,1,5905,-45.0,0.0,0,0,
55,FLRC 650k pa5 L384,0,2608222108,55,1,5955,-45.0,0.0,0,0,
55,FLRC 650k pa5 L384,0,2608222108,55,1,6006,-45.0,0.0,0,0,
55,FLRC 650k pa5 L384,0,2608222108,55,1,6056,-45.0,0.0,0,0,
55,FLRC 650k pa5 L384,0,2608222108,55,1,6107,-45.0,0.0,0,0,
55,FLRC 650k pa5 L384,0,2608222108,55,1,6158,-45.0,0.0,0,0,
55,FLRC 650k pa5 L384,0,2608222108,55,1,6208,-45.0,0.0,0,0,
55,FLRC 650k pa5 L384,0,2608222108,55,1,6259,-45.0,0.0,0,0,
55,FLRC 650k pa5 L384,0,2608222108,55,1,6310,-45.0,0.0,0,0,
55,FLRC 650k pa5 L384,0,2608222108,55,1,6360,-45.0,0.0,0,0,
55,FLRC 650k pa5 L384,0,2608222108,55,1,6411,-45.0,0.0,0,0,
55,FLRC 650k pa5 L384,0,2608222108,55,1,6461,-45.0,0.0,0,0,
55,FLRC 650k pa5 L384,0,2608222108,55,1,6512,-45.0,0.0,0,0,
55,FLRC 650k pa5 L384,0,2608222108,55,1,6563,-45.0,0.0,0,0,
55,FLRC 650k pa5 L384,0,2608222108,55,1,6613,-45.0,0.0,0,0,
55,FLRC 650k pa5 L384,0,2608222108,55,1,6664,-45.0,0.0,0,0,
55,FLRC 650k pa5 L384,0,2608222108,55,1,6714,-45.0,0.0,0,0,
55,FLRC 650k pa5 L384,0,2608222108,55,1,6765,-45.0,0.0,0,0,
55,FLRC 650k pa5 L384,0,2608222108,55,1,6816,-45.0,0.0,0,0,
55,FLRC 650k pa5 L384,0,2608222108,55,1,6866,-45.0,0.0,0,0,
55,FLRC 650k pa5 L384,0,2608222108,55,1,6917,-45.0,0.0,0,0,
55,FLRC 650k pa5 L384,0,2608222108,55,1,6967,-45.0,0.0,0,0,
55,FLRC 650k pa5 L384,0,2608222108,55,1,7018,-45.0,0.0,0,0,
55,FLRC 650k pa5 L384,0,2608222108,55,1,7069,-45.0,0.0,0,0,
55,FLRC 650k pa5 L384,0,2608222108,55,1,7119,-45.0,0.0,0,0,
55,FLRC 650k pa5 L384,0,2608222108,55,1,7170,-45.0,0.0,0,0,
55,FLRC 650k pa5 L384,0,2608222108,55,1,7220,-45.0,0.0,0,0,
55,FLRC 650k pa5 L384,0,2608222108,55,1,7271,-45.0,0.0,0,0,
55,FLRC 650k pa5 L384,0,2608222108,55,1,7322,-45.0,0.0,0,0,
55,FLRC 650k pa5 L384,0,2608222108,55,1,7372,-45.0,0.0,0,0,
55,FLRC 650k pa5 L384,0,2608222108,55,1,7423,-45.0,0.0,0,0,
55,FLRC 650k pa5 L384,0,2608222108,55,1,7473,-45.0,0.0,0,0,
55,FLRC 650k pa5 L384,0,2608222108,55,1,7524,-45.0,0.0,0,0,
55,FLRC 650k pa5 L384,0,2608222108,55,1,7575,-45.0,0.0,0,0,
55,FLRC 650k pa5 L384,0,2608222108,55,1,7625,-45.0,0.0,0,0,
55,FLRC 650k pa5 L384,0,2608222108,55,1,7676,-45.0,0.0,0,0,
55,FLRC 650k pa5 L384,0,2608222108,55,1,7726,-45.0,0.0,0,0,
55,FLRC 650k pa5 L384,0,2608222108,55,1,7777,-45.0,0.0,0,0,
55,FLRC 650k pa5 L384,0,2608222108,55,1,7828,-45.0,0.0,0,0,
55,FLRC 650k pa5 L384,0,2608222108,55,1,7878,-45.0,0.0,0,0,
55,FLRC 650k pa5 L384,0,2608222108,55,1,7929,-45.0,0.0,0,0,
55,FLRC 650k pa5 L384,0,2608222108,55,1,7979,-45.0,0.0,0,0,
55,FLRC 650k pa5 L384,0,2608222108,55,1,8030,-45.0,0.0,0,0,
55,FLRC 650k pa5 L384,0,2608222108,55,1,8081,-45.0,0.0,0,0,
56,FLRC 650k pa5 L448,0,2608222108,56,1,5599,-45.0,0.0,0,0,
56,FLRC 650k pa5 L448,0,2608222108,56,1,5651,-45.0,0.0,0,0,
56,FLRC 650k pa5 L448,0,2608222108,56,1,5703,-45.0,0.0,0,0,
56,FLRC 650k pa5 L448,0,2608222108,56,1,5755,-45.0,0.0,0,0,
56,FLRC 650k pa5 L448,0,2608222108,56,1,5806,-45.0,0.0,0,0,
56,FLRC 650k pa5 L448,0,2608222108,56,1,5858,-45.0,0.0,0,0,
56,FLRC 650k pa5 L448,0,2608222108,56,1,5910,-45.0,0.0,0,0,
56,FLRC 650k pa5 L448,0,2608222108,56,1,5962,-45.0,0.0,0,0,
56,FLRC 650k pa5 L448,0,2608222108,56,1,6014,-45.0,0.0,0,0,
56,FLRC 650k pa5 L448,0,2608222108,56,1,6066,-45.0,0.0,0,0,
56,FLRC 650k pa5 L448,0,2608222108,56,1,6117,-45.0,0.0,0,0,
56,FLRC 650k pa5 L448,0,2608222108,56,1,6169,-45.0,0.0,0,0,
56,FLRC 650k pa5 L448,0,2608222108,56,1,6221,-45.0,0.0,0,0,
56,FLRC 650k pa5 L448,0,2608222108,56,1,6273,-45.0,0.0,0,0,
56,FLRC 650k pa5 L448,0,2608222108,56,1,6325,-45.0,0.0,0,0,
56,FLRC 650k pa5 L448,0,2608222108,56,1,6377,-45.0,0.0,0,0,
56,FLRC 650k pa5 L448,0,2608222108,56,1,6428,-45.0,0.0,0,0,
56,FLRC 650k pa5 L448,0,2608222108,56,1,6480,-45.0,0.0,0,0,
56,FLRC 650k pa5 L448,0,2608222108,56,1,6532,-45.0,0.0,0,0,
56,FLRC 650k pa5 L448,0,2608222108,56,1,6584,-45.0,0.0,0,0,
56,FLRC 650k pa5 L448,0,2608222108,56,1,6636,-45.0,0.0,0,0,
56,FLRC 650k pa5 L448,0,2608222108,56,1,6688,-45.0,0.0,0,0,
56,FLRC 650k pa5 L448,0,2608222108,56,1,6740,-45.0,0.0,0,0,
56,FLRC 650k pa5 L448,0,2608222108,56,1,6791,-45.0,0.0,0,0,
56,FLRC 650k pa5 L448,0,2608222108,56,1,6843,-45.0,0.0,0,0,
56,FLRC 650k pa5 L448,0,2608222108,56,1,6895,-45.0,0.0,0,0,
56,FLRC 650k pa5 L448,0,2608222108,56,1,6947,-45.0,0.0,0,0,
56,FLRC 650k pa5 L448,0,2608222108,56,1,6999,-45.0,0.0,0,0,
56,FLRC 650k pa5 L448,0,2608222108,56,1,7051,-45.0,0.0,0,0,
56,FLRC 650k pa5 L448,0,2608222108,56,1,7102,-45.0,0.0,0,0,
56,FLRC 650k pa5 L448,0,2608222108,56,1,7154,-45.0,0.0,0,0,
56,FLRC 650k pa5 L448,0,2608222108,56,1,7206,-45.0,0.0,0,0,
56,FLRC 650k pa5 L448,0,2608222108,56,1,7258,-45.0,0.0,0,0,
56,FLRC 650k pa5 L448,0,2608222108,56,1,7310,-45.0,0.0,0,0,
56,FLRC 650k pa5 L448,0,2608222108,56,1,7362,-45.0,0.0,0,0,
56,FLRC 650k pa5 L448,0,2608222108,56,1,7413,-45.0,0.0,0,0,
56,FLRC 650k pa5 L448,0,2608222108,56,1,7465,-45.0,0.0,0,0,
56,FLRC 650k pa5 L448,0,2608222108,56,1,7517,-45.0,0.0,0,0,
56,FLRC 650k pa5 L448,0,2608222108,56,1,7569,-45.0,0.0,0,0,
56,FLRC 650k pa5 L448,0,2608222108,56,1,7621,-45.0,0.0,0,0,
56,FLRC 650k pa5 L448,0,2608222108,56,1,7673,-45.0,0.0,0,0,
56,FLRC 650k pa5 L448,0,2608222108,56,1,7724,-45.0,0.0,0,0,
56,FLRC 650k pa5 L448,0,2608222108,56,1,7776,-45.0,0.0,0,0,
56,FLRC 650k pa5 L448,0,2608222108,56,1,7828,-45.0,0.0,0,0,
56,FLRC 650k pa5 L448,0,2608222108,56,1,7880,-45.0,0.0,0,0,
56,FLRC 650k pa5 L448,0,2608222108,56,1,7932,-45.0,0.0,0,0,
56,FLRC 650k pa5 L448,0,2608222108,56,1,7984,-45.0,0.0,0,0,
56,FLRC 650k pa5 L448,0,2608222108,56,1,8035,-45.0,0.0,0,0,
56,FLRC 650k pa5 L448,0,2608222108,56,1,8087,-45.0,0.0,0,0,
56,FLRC 650k pa5 L448,0,2608222108,56,1,8139,-45.0,0.0,0,0,
57,FLRC 650k pa5 L511,0,2608222108,57,1,5602,-45.0,0.0,0,0,
57,FLRC 650k pa5 L511,0,2608222108,57,1,5655,-45.0,0.0,0,0,
57,FLRC 650k pa5 L511,0,2608222108,57,1,5708,-45.0,0.0,0,0,
57,FLRC 650k pa5 L511,0,2608222108,57,1,5761,-45.0,0.0,0,0,
57,FLRC 650k pa5 L511,0,2608222108,57,1,5814,-45.0,0.0,0,0,
57,FLRC 650k pa5 L511,0,2608222108,57,1,5867,-45.0,0.0,0,0,
57,FLRC 650k pa5 L511,0,2608222108,57,1,5921,-45.0,0.0,0,0,
57,FLRC 650k pa5 L511,0,2608222108,57,1,5974,-45.0,0.0,0,0,
57,FLRC 650k pa5 L511,0,2608222108,57,1,6027,-45.0,0.0,0,0,
57,FLRC 650k pa5 L511,0,2608222108,57,1,6080,-45.0,0.0,0,0,
57,FLRC 650k pa5 L511,0,2608222108,57,1,6133,-45.0,0.0,0,0,
57,FLRC 650k pa5 L511,0,2608222108,57,1,6186,-45.0,0.0,0,0,
57,FLRC 650k pa5 L511,0,2608222108,57,1,6239,-45.0,0.0,0,0,
57,FLRC 650k pa5 L511,0,2608222108,57,1,6292,-45.0,0.0,0,0,
57,FLRC 650k pa5 L511,0,2608222108,57,1,6345,-45.0,0.0,0,0,
57,FLRC 650k pa5 L511,0,2608222108,57,1,6398,-45.0,0.0,0,0,
57,FLRC 650k pa5 L511,0,2608222108,57,1,6451,-45.0,0.0,0,0,
57,FLRC 650k pa5 L511,0,2608222108,57,1,6504,-45.0,0.0,0,0,
57,FLRC 650k pa5 L511,0,2608222108,57,1,6557,-45.0,0.0,0,0,
57,FLRC 650k pa5 L511,0,2608222108,57,1,6610,-45.0,0.0,0,0,
57,FLRC 650k pa5 L511,0,2608222108,57,1,6663,-45.0,0.0,0,0,
57,FLRC 650k pa5 L511,0,2608222108,57,1,6716,-45.0,0.0,0,0,
57,FLRC 650k pa5 L511,0,2608222108,57,1,6769,-45.0,0.0,0,0,
57,FLRC 650k pa5 L511,0,2608222108,57,1,6822,-45.0,0.0,0,0,
57,FLRC 650k pa5 L511,0,2608222108,57,1,6876,-45.0,0.0,0,0,
57,FLRC 650k pa5 L511,0,2608222108,57,1,6929,-45.0,0.0,0,0,
57,FLRC 650k pa5 L511,0,2608222108,57,1,6982,-45.0,0.0,0,0,
57,FLRC 650k pa5 L511,0,2608222108,57,1,7035,-45.0,0.0,0,0,
57,FLRC 650k pa5 L511,0,2608222108,57,1,7088,-45.0,0.0,0,0,
57,FLRC 650k pa5 L511,0,2608222108,57,1,7141,-45.0,0.0,0,0,
57,FLRC 650k pa5 L511,0,2608222108,57,1,7194,-45.0,0.0,0,0,
57,FLRC 650k pa5 L511,0,2608222108,57,1,7247,-45.0,0.0,0,0,
57,FLRC 650k pa5 L511,0,2608222108,57,1,7300,-45.0,0.0,0,0,
57,FLRC 650k pa5 L511,0,2608222108,57,1,7353,-45.0,0.0,0,0,
57,FLRC 650k pa5 L511,0,2608222108,57,1,7406,-45.0,0.0,0,0,
57,FLRC 650k pa5 L511,0,2608222108,57,1,7459,-45.0,0.0,0,0,
57,FLRC 650k pa5 L511,0,2608222108,57,1,7512,-45.0,0.0,0,0,
57,FLRC 650k pa5 L511,0,2608222108,57,1,7565,-45.0,0.0,0,0,
57,FLRC 650k pa5 L511,0,2608222108,57,1,7618,-45.0,0.0,0,0,
57,FLRC 650k pa5 L511,0,2608222108,57,1,7671,-45.0,0.0,0,0,
57,FLRC 650k pa5 L511,0,2608222108,57,1,7724,-45.0,0.0,0,0,
57,FLRC 650k pa5 L511,0,2608222108,57,1,7778,-45.0,0.0,0,0,
57,FLRC 650k pa5 L511,0,2608222108,57,1,7831,-45.0,0.0,0,0,
57,FLRC 650k pa5 L511,0,2608222108,57,1,7884,-45.0,0.0,0,0,
57,FLRC 650k pa5 L511,0,2608222108,57,1,7937,-45.0,0.0,0,0,
57,FLRC 650k pa5 L511,0,2608222108,57,1,7990,-45.0,0.0,0,0,
57,FLRC 650k pa5 L511,0,2608222108,57,1,8043,-45.0,0.0,0,0,
57,FLRC 650k pa5 L511,0,2608222108,57,1,8096,-45.0,0.0,0,0,
57,FLRC 650k pa5 L511,0,2608222108,57,1,8149,-45.0,0.0,0,0,
57,FLRC 650k pa5 L511,0,2608222108,57,1,8202,-45.0,0.0,0,0,
58,FLRC 1300k pa5 L384,0,2608222108,58,1,5575,-45.0,0.0,0,0,
58,FLRC 1300k pa5 L384,0,2608222108,58,1,5622,-45.0,0.0,0,0,
58,FLRC 1300k pa5 L384,0,2608222108,58,1,5669,-45.0,0.0,0,0,
58,FLRC 1300k pa5 L384,0,2608222108,58,1,5717,-45.0,0.0,0,0,
58,FLRC 1300k pa5 L384,0,2608222108,58,1,5764,-45.0,0.0,0,0,
58,FLRC 1300k pa5 L384,0,2608222108,58,1,5811,-45.0,0.0,0,0,
58,FLRC 1300k pa5 L384,0,2608222108,58,1,5859,-45.0,0.0,0,0,
58,FLRC 1300k pa5 L384,0,2608222108,58,1,5906,-45.0,0.0,0,0,
58,FLRC 1300k pa5 L384,0,2608222108,58,1,5954,-45.0,0.0,0,0,
58,FLRC 1300k pa5 L384,0,2608222108,58,1,6001,-45.0,0.0,0,0,
58,FLRC 1300k pa5 L384,0,2608222108,58,1,6048,-45.0,0.0,0,0,
58,FLRC 1300k pa5 L384,0,2608222108,58,1,6096,-45.0,0.0,0,0,
58,FLRC 1300k pa5 L384,0,2608222108,58,1,6143,-45.0,0.0,0,0,
58,FLRC 1300k pa5 L384,0,2608222108,58,1,6190,-45.0,0.0,0,0,
58,FLRC 1300k pa5 L384,0,2608222108,58,1,6238,-45.0,0.0,0,0,
58,FLRC 1300k pa5 L384,0,2608222108,58,1,6285,-45.0,0.0,0,0,
58,FLRC 1300k pa5 L384,0,2608222108,58,1,6332,-45.0,0.0,0,0,
58,FLRC 1300k pa5 L384,0,2608222108,58,1,6380,-45.0,0.0,0,0,
58,FLRC 1300k pa5 L384,0,2608222108,58,1,6427,-45.0,0.0,0,0,
58,FLRC 1300k pa5 L384,0,2608222108,58,1,6475,-45.0,0.0,0,0,
58,FLRC 1300k pa5 L384,0,2608222108,58,1,6522,-45.0,0.0,0,0,
58,FLRC 1300k pa5 L384,0,2608222108,58,1,6569,-45.0,0.0,0,0,
58,FLRC 1300k pa5 L384,0,2608222108,58,1,6617,-45.0,0.0,0,0,
58,FLRC 1300k pa5 L384,0,2608222108,58,1,6664,-45.0,0.0,0,0,
58,FLRC 1300k pa5 L384,0,2608222108,58,1,6711,-45.0,0.0,0,0,
58,FLRC 1300k pa5 L384,0,2608222108,58,1,6759,-45.0,0.0,0,0,
58,FLRC 1300k pa5 L384,0,2608222108,58,1,6806,-45.0,0.0,0,0,
58,FLRC 1300k pa5 L384,0,2608222108,58,1,6853,-45.0,0.0,0,0,
58,FLRC 1300k pa5 L384,0,2608222108,58,1,6901,-45.0,0.0,0,0,
58,FLRC 1300k pa5 L384,0,2608222108,58,1,6948,-45.0,0.0,0,0,
58,FLRC 1300k pa5 L384,0,2608222108,58,1,6996,-45.0,0.0,0,0,
58,FLRC 1300k pa5 L384,0,2608222108,58,1,7043,-45.0,0.0,0,0,
58,FLRC 1300k pa5 L384,0,2608222108,58,1,7090,-45.0,0.0,0,0,
58,FLRC 1300k pa5 L384,0,2608222108,58,1,7138,-45.0,0.0,0,0,
58,FLRC 1300k pa5 L384,0,2608222108,58,1,7185,-45.0,0.0,0,0,
58,FLRC 1300k pa5 L384,0,2608222108,58,1,7232,-45.0,0.0,0,0,
58,FLRC 1300k pa5 L384,0,2608222108,58,1,7280,-45.0,0.0,0,0,
58,FLRC 1300k pa5 L384,0,2608222108,58,1,7327,-45.0,0.0,0,0,
58,FLRC 1300k pa5 L384,0,2608222108,58,1,7374,-45.0,0.0,0,0,
58,FLRC 1300k pa5 L384,0,2608222108,58,1,7422,-45.0,0.0,0,0,
58,FLRC 1300k pa5 L384,0,2608222108,58,1,7469,-45.0,0.0,0,0,
58,FLRC 1300k pa5 L384,0,2608222108,58,1,7517,-45.0,0.0,0,0,
58,FLRC 1300k pa5 L384,0,2608222108,58,1,7564,-45.0,0.0,0,0,
58,FLRC 1300k pa5 L384,0,2608222108,58,1,7611,-45.0,0.0,0,0,
58,FLRC 1300k pa5 L384,0,2608222108,58,1,7659,-45.0,0.0,0,0,
58,FLRC 1300k pa5 L384,0,2608222108,58,1,7706,-45.0,0.0,0,0,
58,FLRC 1300k pa5 L384,0,2608222108,58,1,7753,-45.0,0.0,0,0,
58,FLRC 1300k pa5 L384,0,2608222108,58,1,7801,-45.0,0.0,0,0,
58,FLRC 1300k pa5 L384,0,2608222108,58,1,7848,-45.0,0.0,0,0,
58,FLRC 1300k pa5 L384,0,2608222108,58,1,7895,-45.0,0.0,0,0,
59,FLRC 1300k pa5 L511,0,2608222108,59,1,5590,-45.0,0.0,0,0,
59,FLRC 1300k pa5 L511,0,2608222108,59,1,5638,-45.0,0.0,0,0,
59,FLRC 1300k pa5 L511,0,2608222108,59,1,5687,-45.0,0.0,0,0,
59,FLRC 1300k pa5 L511,0,2608222108,59,1,5736,-45.0,0.0,0,0,
59,FLRC 1300k pa5 L511,0,2608222108,59,1,5785,-45.0,0.0,0,0,
59,FLRC 1300k pa5 L511,0,2608222108,59,1,5833,-45.0,0.0,0,0,
59,FLRC 1300k pa5 L511,0,2608222108,59,1,5882,-45.0,0.0,0,0,
59,FLRC 1300k pa5 L511,0,2608222108,59,1,5931,-45.0,0.0,0,0,
59,FLRC 1300k pa5 L511,0,2608222108,59,1,5980,-45.0,0.0,0,0,
59,FLRC 1300k pa5 L511,0,2608222108,59,1,6028,-45.0,0.0,0,0,
59,FLRC 1300k pa5 L511,0,2608222108,59,1,6077,-45.0,0.0,0,0,
59,FLRC 1300k pa5 L511,0,2608222108,59,1,6126,-45.0,0.0,0,0,
59,FLRC 1300k pa5 L511,0,2608222108,59,1,6175,-45.0,0.0,0,0,
59,FLRC 1300k pa5 L511,0,2608222108,59,1,6224,-45.0,0.0,0,0,
59,FLRC 1300k pa5 L511,0,2608222108,59,1,6272,-45.0,0.0,0,0,
59,FLRC 1300k pa5 L511,0,2608222108,59,1,6321,-45.0,0.0,0,0,
59,FLRC 1300k pa5 L511,0,2608222108,59,1,6370,-45.0,0.0,0,0,
59,FLRC 1300k pa5 L511,0,2608222108,59,1,6419,-45.0,0.0,0,0,
59,FLRC 1300k pa5 L511,0,2608222108,59,1,6467,-45.0,0.0,0,0,
59,FLRC 1300k pa5 L511,0,2608222108,59,1,6516,-45.0,0.0,0,0,
59,FLRC 1300k pa5 L511,0,2608222108,59,1,6565,-45.0,0.0,0,0,
59,FLRC 1300k pa5 L511,0,2608222108,59,1,6614,-45.0,0.0,0,0,
59,FLRC 1300k pa5 L511,0,2608222108,59,1,6662,-45.0,0.0,0,0,
59,FLRC 1300k pa5 L511,0,2608222108,59,1,6711,-45.0,0.0,0,0,
59,FLRC 1300k pa5 L511,0,2608222108,59,1,6760,-45.0,0.0,0,0,
59,FLRC 1300k pa5 L511,0,2608222108,59,1,6809,-45.0,0.0,0,0,
59,FLRC 1300k pa5 L511,0,2608222108,59,1,6857,-45.0,0.0,0,0,
59,FLRC 1300k pa5 L511,0,2608222108,59,1,6906,-45.0,0.0,0,0,
59,FLRC 1300k pa5 L511,0,2608222108,59,1,6955,-45.0,0.0,0,0,
59,FLRC 1300k pa5 L511,0,2608222108,59,1,7004,-45.0,0.0,0,0,
59,FLRC 1300k pa5 L511,0,2608222108,59,1,7053,-45.0,0.0,0,0,
59,FLRC 1300k pa5 L511,0,2608222108,59,1,7101,-45.0,0.0,0,0,
59,FLRC 1300k pa5 L511,0,2608222108,59,1,7150,-45.0,0.0,0,0,
59,FLRC 1300k pa5 L511,0,2608222108,59,1,7199,-45.0,0.0,0,0,
59,FLRC 1300k pa5 L511,0,2608222108,59,1,7248,-45.0,0.0,0,0,
59,FLRC 1300k pa5 L511,0,2608222108,59,1,7296,-45.0,0.0,0,0,
59,FLRC 1300k pa5 L511,0,2608222108,59,1,7345,-45.0,0.0,0,0,
59,FLRC 1300k pa5 L511,0,2608222108,59,1,7394,-45.0,0.0,0,0,
59,FLRC 1300k pa5 L511,0,2608222108,59,1,7443,-45.0,0.0,0,0,
59,FLRC 1300k pa5 L511,0,2608222108,59,1,7491,-45.0,0.0,0,0,
59,FLRC 1300k pa5 L511,0,2608222108,59,1,7540,-45.0,0.0,0,0,
59,FLRC 1300k pa5 L511,0,2608222108,59,1,7589,-45.0,0.0,0,0,
59,FLRC 1300k pa5 L511,0,2608222108,59,1,7638,-45.0,0.0,0,0,
59,FLRC 1300k pa5 L511,0,2608222108,59,1,7686,-45.0,0.0,0,0,
59,FLRC 1300k pa5 L511,0,2608222108,59,1,7735,-45.0,0.0,0,0,
59,FLRC 1300k pa5 L511,0,2608222108,59,1,7784,-45.0,0.0,0,0,
59,FLRC 1300k pa5 L511,0,2608222108,59,1,7833,-45.0,0.0,0,0,
59,FLRC 1300k pa5 L511,0,2608222108,59,1,7882,-45.0,0.0,0,0,
59,FLRC 1300k pa5 L511,0,2608222108,59,1,7930,-45.0,0.0,0,0,
59,FLRC 1300k pa5 L511,0,2608222108,59,1,7979,-45.0,0.0,0,0,
60,FLRC 2600k pa5 L511,0,2608222108,60,1,5558,-45.0,0.0,0,0,
60,FLRC 2600k pa5 L511,0,2608222108,60,1,5605,-45.0,0.0,0,0,
60,FLRC 2600k pa5 L511,0,2608222108,60,1,5652,-45.0,0.0,0,0,
60,FLRC 2600k pa5 L511,0,2608222108,60,1,5698,-45.0,0.0,0,0,
60,FLRC 2600k pa5 L511,0,2608222108,60,1,5745,-45.0,0.0,0,0,
60,FLRC 2600k pa5 L511,0,2608222108,60,1,5791,-45.0,0.0,0,0,
60,FLRC 2600k pa5 L511,0,2608222108,60,1,5838,-45.0,0.0,0,0,
60,FLRC 2600k pa5 L511,0,2608222108,60,1,5885,-45.0,0.0,0,0,
60,FLRC 2600k pa5 L511,0,2608222108,60,1,5931,-45.0,0.0,0,0,
60,FLRC 2600k pa5 L511,0,2608222108,60,1,5978,-45.0,0.0,0,0,
60,FLRC 2600k pa5 L511,0,2608222108,60,1,6025,-45.0,0.0,0,0,
60,FLRC 2600k pa5 L511,0,2608222108,60,1,6071,-45.0,0.0,0,0,
60,FLRC 2600k pa5 L511,0,2608222108,60,1,6118,-45.0,0.0,0,0,
60,FLRC 2600k pa5 L511,0,2608222108,60,1,6165,-45.0,0.0,0,0,
60,FLRC 2600k pa5 L511,0,2608222108,60,1,6211,-45.0,0.0,0,0,
60,FLRC 2600k pa5 L511,0,2608222108,60,1,6258,-45.0,0.0,0,0,
60,FLRC 2600k pa5 L511,0,2608222108,60,1,6304,-45.0,0.0,0,0,
60,FLRC 2600k pa5 L511,0,2608222108,60,1,6351,-45.0,0.0,0,0,
60,FLRC 2600k pa5 L511,0,2608222108,60,1,6398,-45.0,0.0,0,0,
60,FLRC 2600k pa5 L511,0,2608222108,60,1,6444,-45.0,0.0,0,0,
60,FLRC 2600k pa5 L511,0,2608222108,60,1,6491,-45.0,0.0,0,0,
60,FLRC 2600k pa5 L511,0,2608222108,60,1,6538,-45.0,0.0,0,0,
60,FLRC 2600k pa5 L511,0,2608222108,60,1,6584,-45.0,0.0,0,0,
60,FLRC 2600k pa5 L511,0,2608222108,60,1,6631,-45.0,0.0,0,0,
60,FLRC 2600k pa5 L511,0,2608222108,60,1,6678,-45.0,0.0,0,0,
60,FLRC 2600k pa5 L511,0,2608222108,60,1,6724,-45.0,0.0,0,0,
60,FLRC 2600k pa5 L511,0,2608222108,60,1,6771,-45.0,0.0,0,0,
60,FLRC 2600k pa5 L511,0,2608222108,60,1,6817,-45.0,0.0,0,0,
60,FLRC 2600k pa5 L511,0,2608222108,60,1,6864,-45.0,0.0,0,0,
60,FLRC 2600k pa5 L511,0,2608222108,60,1,6911,-45.0,0.0,0,0,
60,FLRC 2600k pa5 L511,0,2608222108,60,1,6957,-45.0,0.0,0,0,
60,FLRC 2600k pa5 L511,0,2608222108,60,1,7004,-45.0,0.0,0,0,
60,FLRC 2600k pa5 L511,0,2608222108,60,1,7051,-45.0,0.0,0,0,
60,FLRC 2600k pa5 L511,0,2608222108,60,1,7097,-45.0,0.0,0,0,
60,FLRC 2600k pa5 L511,0,2608222108,60,1,7144,-45.0,0.0,0,0,
60,FLRC 2600k pa5 L511,0,2608222108,60,1,7191,-45.0,0.0,0,0,
60,FLRC 2600k pa5 L511,0,2608222108,60,1,7237,-45.0,0.0,0,0,
60,FLRC 2600k pa5 L511,0,2608222108,60,1,7284,-45.0,0.0,0,0,
60,FLRC 2600k pa5 L511,0,2608222108,60,1,7330,-45.0,0.0,0,0,
60,FLRC 2600k pa5 L511,0,2608222108,60,1,7377,-45.0,0.0,0,0,
60,FLRC 2600k pa5 L511,0,2608222108,60,1,7424,-45.0,0.0,0,0,
60,FLRC 2600k pa5 L511,0,2608222108,60,1,7470,-45.0,0.0,0,0,
60,FLRC 2600k pa5 L511,0,2608222108,60,1,7517,-45.0,0.0,0,0,
60,FLRC 2600k pa5 L511,0,2608222108,60,1,7564,-45.0,0.0,0,0,
60,FLRC 2600k pa5 L511,0,2608222108,60,1,7610,-45.0,0.0,0,0,
60,FLRC 2600k pa5 L511,0,2608222108,60,1,7657,-45.0,0.0,0,0,
60,FLRC 2600k pa5 L511,0,2608222108,60,1,7703,-45.0,0.0,0,0,
60,FLRC 2600k pa5 L511,0,2608222108,60,1,7750,-45.0,0.0,0,0,
60,FLRC 2600k pa5 L511,0,2608222108,60,1,7797,-45.0,0.0,0,0,
60,FLRC 2600k pa5 L511,0,2608222108,60,1,7843,-45.0,0.0,0,0,
61,2G4 SF5 BW125 PA10,0,2608222108,61,1,6012,-36.0,10.0,1,0,
61,2G4 SF5 BW125 PA10,1,2608222108,61,1,6108,-35.0,11.0,1,0,
61,2G4 SF5 BW125 PA10,2,2608222108,61,1,6204,-35.0,10.0,1,0,
61,2G4 SF5 BW125 PA10,3,2608222108,61,1,6301,-35.0,10.0,1,0,
61,2G4 SF5 BW125 PA10,4,2608222108,61,1,6397,-36.0,10.0,1,0,
61,2G4 SF5 BW125 PA10,5,2608222108,61,1,6493,-35.0,10.0,1,0,
61,2G4 SF5 BW125 PA10,6,2608222108,61,1,6589,-35.0,10.0,1,0,
61,2G4 SF5 BW125 PA10,7,2608222108,61,1,6685,-35.0,10.0,1,0,
61,2G4 SF5 BW125 PA10,8,2608222108,61,1,6781,-35.0,10.0,1,0,
61,2G4 SF5 BW125 PA10,9,2608222108,61,1,6878,-35.0,10.0,1,0,
61,2G4 SF5 BW125 PA10,10,2608222108,61,1,6974,-35.0,10.0,1,0,
61,2G4 SF5 BW125 PA10,11,2608222108,61,1,7070,-36.0,9.0,1,0,
61,2G4 SF5 BW125 PA10,12,2608222108,61,1,7166,-35.0,9.0,1,0,
61,2G4 SF5 BW125 PA10,13,2608222108,61,1,7262,-35.0,10.0,1,0,
61,2G4 SF5 BW125 PA10,14,2608222108,61,1,7358,-36.0,10.0,1,0,
61,2G4 SF5 BW125 PA10,15,2608222108,61,1,7454,-36.0,10.0,1,0,
61,2G4 SF5 BW125 PA10,16,2608222108,61,1,7551,-35.0,10.0,1,0,
61,2G4 SF5 BW125 PA10,17,2608222108,61,1,7647,-35.0,10.0,1,0,
61,2G4 SF5 BW125 PA10,18,2608222108,61,1,7743,-35.0,9.0,1,0,
61,2G4 SF5 BW125 PA10,19,2608222108,61,1,7839,-35.0,10.0,1,0,
61,2G4 SF5 BW125 PA10,20,2608222108,61,1,7935,-36.0,10.0,1,0,
61,2G4 SF5 BW125 PA10,21,2608222108,61,1,8031,-35.0,9.0,1,0,
61,2G4 SF5 BW125 PA10,22,2608222108,61,1,8128,-35.0,10.0,1,0,
61,2G4 SF5 BW125 PA10,23,2608222108,61,1,8224,-36.0,9.0,1,0,
61,2G4 SF5 BW125 PA10,24,2608222108,61,1,8320,-35.0,10.0,1,0,
61,2G4 SF5 BW125 PA10,25,2608222108,61,1,8416,-35.0,10.0,1,0,
61,2G4 SF5 BW125 PA10,26,2608222108,61,1,8512,-35.0,10.0,1,0,
61,2G4 SF5 BW125 PA10,27,2608222108,61,1,8608,-35.0,10.0,1,0,
61,2G4 SF5 BW125 PA10,28,2608222108,61,1,8704,-35.0,10.0,1,0,
61,2G4 SF5 BW125 PA10,29,2608222108,61,1,8801,-36.0,10.0,1,0,
61,2G4 SF5 BW125 PA10,30,2608222108,61,1,8897,-35.0,10.0,1,0,
61,2G4 SF5 BW125 PA10,31,2608222108,61,1,8993,-35.0,10.0,1,0,
61,2G4 SF5 BW125 PA10,32,2608222108,61,1,9089,-35.0,10.0,1,0,
61,2G4 SF5 BW125 PA10,33,2608222108,61,1,9185,-35.0,10.0,1,0,
61,2G4 SF5 BW125 PA10,34,2608222108,61,1,9281,-35.0,10.0,1,0,
61,2G4 SF5 BW125 PA10,35,2608222108,61,1,9378,-36.0,10.0,1,0,
61,2G4 SF5 BW125 PA10,36,2608222108,61,1,9474,-36.0,10.0,1,0,
61,2G4 SF5 BW125 PA10,37,2608222108,61,1,9570,-35.0,10.0,1,0,
61,2G4 SF5 BW125 PA10,38,2608222108,61,1,9666,-36.0,10.0,1,0,
61,2G4 SF5 BW125 PA10,39,2608222108,61,1,9762,-36.0,11.0,1,0,
61,2G4 SF5 BW125 PA10,40,2608222108,61,1,9858,-35.0,10.0,1,0,
61,2G4 SF5 BW125 PA10,41,2608222108,61,1,9954,-35.0,10.0,1,0,
61,2G4 SF5 BW125 PA10,42,2608222108,61,1,10051,-35.0,10.0,1,0,
61,2G4 SF5 BW125 PA10,43,2608222108,61,1,10147,-35.0,9.0,1,0,
61,2G4 SF5 BW125 PA10,44,2608222108,61,1,10243,-35.0,9.0,1,0,
61,2G4 SF5 BW125 PA10,45,2608222108,61,1,10339,-35.0,10.0,1,0,
61,2G4 SF5 BW125 PA10,46,2608222108,61,1,10435,-35.0,9.0,1,0,
61,2G4 SF5 BW125 PA10,47,2608222108,61,1,10531,-35.0,10.0,1,0,
61,2G4 SF5 BW125 PA10,48,2608222108,61,1,10627,-35.0,10.0,1,0,
61,2G4 SF5 BW125 PA10,49,2608222108,61,1,10724,-35.0,11.0,1,0,
62,2G4 SF6 BW125 PA10,0,2608222108,62,1,6123,-36.0,13.0,1,0,
62,2G4 SF6 BW125 PA10,1,2608222108,62,1,6282,-36.0,13.0,1,0,
62,2G4 SF6 BW125 PA10,2,2608222108,62,1,6441,-36.0,12.0,1,0,
62,2G4 SF6 BW125 PA10,3,2608222108,62,1,6600,-35.0,13.0,1,0,
62,2G4 SF6 BW125 PA10,4,2608222108,62,1,6759,-36.0,12.0,1,0,
62,2G4 SF6 BW125 PA10,5,2608222108,62,1,6918,-36.0,13.0,1,0,
62,2G4 SF6 BW125 PA10,6,2608222108,62,1,7077,-35.0,12.0,1,0,
62,2G4 SF6 BW125 PA10,7,2608222108,62,1,7236,-35.0,13.0,1,0,
62,2G4 SF6 BW125 PA10,8,2608222108,62,1,7395,-36.0,13.0,1,0,
62,2G4 SF6 BW125 PA10,9,2608222108,62,1,7554,-35.0,13.0,1,0,
62,2G4 SF6 BW125 PA10,10,2608222108,62,1,7713,-36.0,13.0,1,0,
62,2G4 SF6 BW125 PA10,11,2608222108,62,1,7872,-36.0,13.0,1,0,
62,2G4 SF6 BW125 PA10,12,2608222108,62,1,8031,-36.0,13.0,1,0,
62,2G4 SF6 BW125 PA10,13,2608222108,62,1,8190,-35.0,13.0,1,0,
62,2G4 SF6 BW125 PA10,14,2608222108,62,1,8349,-36.0,13.0,1,0,
62,2G4 SF6 BW125 PA10,15,2608222108,62,1,8508,-36.0,13.0,1,0,
62,2G4 SF6 BW125 PA10,16,2608222108,62,1,8667,-36.0,13.0,1,0,
62,2G4 SF6 BW125 PA10,17,2608222108,62,1,8826,-35.0,12.0,1,0,
62,2G4 SF6 BW125 PA10,18,2608222108,62,1,8985,-36.0,13.0,1,0,
62,2G4 SF6 BW125 PA10,19,2608222108,62,1,9144,-35.0,13.0,1,0,
62,2G4 SF6 BW125 PA10,20,2608222108,62,1,9303,-35.0,13.0,1,0,
62,2G4 SF6 BW125 PA10,21,2608222108,62,1,9462,-35.0,12.0,1,0,
62,2G4 SF6 BW125 PA10,22,2608222108,62,1,9621,-36.0,13.0,1,0,
62,2G4 SF6 BW125 PA10,23,2608222108,62,1,9780,-36.0,12.0,1,0,
62,2G4 SF6 BW125 PA10,24,2608222108,62,1,9939,-35.0,13.0,1,0,
62,2G4 SF6 BW125 PA10,25,2608222108,62,1,10098,-35.0,13.0,1,0,
62,2G4 SF6 BW125 PA10,26,2608222108,62,1,10257,-36.0,12.0,1,0,
62,2G4 SF6 BW125 PA10,27,2608222108,62,1,10416,-36.0,12.0,1,0,
62,2G4 SF6 BW125 PA10,28,2608222108,62,1,10576,-35.0,13.0,1,0,
62,2G4 SF6 BW125 PA10,29,2608222108,62,1,10735,-35.0,12.0,1,0,
62,2G4 SF6 BW125 PA10,30,2608222108,62,1,10894,-36.0,12.0,1,0,
62,2G4 SF6 BW125 PA10,31,2608222108,62,1,11053,-35.0,12.0,1,0,
62,2G4 SF6 BW125 PA10,32,2608222108,62,1,11212,-35.0,12.0,1,0,
62,2G4 SF6 BW125 PA10,33,2608222108,62,1,11371,-35.0,13.0,1,0,
62,2G4 SF6 BW125 PA10,34,2608222108,62,1,11530,-35.0,12.0,1,0,
62,2G4 SF6 BW125 PA10,35,2608222108,62,1,11689,-35.0,13.0,1,0,
62,2G4 SF6 BW125 PA10,36,2608222108,62,1,11848,-36.0,13.0,1,0,
62,2G4 SF6 BW125 PA10,37,2608222108,62,1,12007,-36.0,13.0,1,0,
62,2G4 SF6 BW125 PA10,38,2608222108,62,1,12166,-36.0,12.0,1,0,
62,2G4 SF6 BW125 PA10,39,2608222108,62,1,12325,-36.0,13.0,1,0,
62,2G4 SF6 BW125 PA10,40,2608222108,62,1,12484,-35.0,12.0,1,0,
62,2G4 SF6 BW125 PA10,41,2608222108,62,1,12643,-36.0,13.0,1,0,
62,2G4 SF6 BW125 PA10,42,2608222108,62,1,12802,-35.0,12.0,1,0,
62,2G4 SF6 BW125 PA10,43,2608222108,62,1,12961,-35.0,12.0,1,0,
62,2G4 SF6 BW125 PA10,44,2608222108,62,1,13120,-36.0,13.0,1,0,
62,2G4 SF6 BW125 PA10,45,2608222108,62,1,13279,-35.0,13.0,1,0,
62,2G4 SF6 BW125 PA10,46,2608222108,62,1,13438,-36.0,13.0,1,0,
62,2G4 SF6 BW125 PA10,47,2608222108,62,1,13597,-35.0,12.0,1,0,
62,2G4 SF6 BW125 PA10,48,2608222108,62,1,13756,-35.0,12.0,1,0,
63,2G4 SF7 BW125 PA10,0,2608222108,63,1,6169,-36.0,15.0,1,0,
63,2G4 SF7 BW125 PA10,1,2608222108,63,1,6436,-35.0,14.0,1,0,
63,2G4 SF7 BW125 PA10,2,2608222108,63,1,6704,-36.0,14.0,1,0,
63,2G4 SF7 BW125 PA10,3,2608222108,63,1,6972,-35.0,14.0,1,0,
63,2G4 SF7 BW125 PA10,4,2608222108,63,1,7240,-36.0,14.0,1,0,
63,2G4 SF7 BW125 PA10,5,2608222108,63,1,7508,-36.0,15.0,1,0,
63,2G4 SF7 BW125 PA10,6,2608222108,63,1,7776,-35.0,15.0,1,0,
63,2G4 SF7 BW125 PA10,7,2608222108,63,1,8043,-36.0,15.0,1,0,
63,2G4 SF7 BW125 PA10,8,2608222108,63,1,8311,-36.0,15.0,1,0,
63,2G4 SF7 BW125 PA10,9,2608222108,63,1,8579,-36.0,14.0,1,0,
63,2G4 SF7 BW125 PA10,10,2608222108,63,1,8847,-36.0,14.0,1,0,
63,2G4 SF7 BW125 PA10,11,2608222108,63,1,9115,-35.0,14.0,1,0,
63,2G4 SF7 BW125 PA10,12,2608222108,63,1,9383,-36.0,14.0,1,0,
63,2G4 SF7 BW125 PA10,13,2608222108,63,1,9650,-36.0,14.0,1,0,
63,2G4 SF7 BW125 PA10,14,2608222108,63,1,9918,-36.0,15.0,1,0,
63,2G4 SF7 BW125 PA10,15,2608222108,63,1,10186,-35.0,14.0,1,0,
63,2G4 SF7 BW125 PA10,16,2608222108,63,1,10454,-35.0,15.0,1,0,
63,2G4 SF7 BW125 PA10,17,2608222108,63,1,10722,-36.0,14.0,1,0,
63,2G4 SF7 BW125 PA10,18,2608222108,63,1,10990,-35.0,14.0,1,0,
63,2G4 SF7 BW125 PA10,19,2608222108,63,1,11258,-36.0,14.0,1,0,
63,2G4 SF7 BW125 PA10,20,2608222108,63,1,11525,-36.0,14.0,1,0,
63,2G4 SF7 BW125 PA10,21,2608222108,63,1,11793,-36.0,14.0,1,0,
63,2G4 SF7 BW125 PA10,22,2608222108,63,1,12061,-36.0,14.0,1,0,
63,2G4 SF7 BW125 PA10,23,2608222108,63,1,12329,-36.0,15.0,1,0,
63,2G4 SF7 BW125 PA10,24,2608222108,63,1,12597,-35.0,14.0,1,0,
63,2G4 SF7 BW125 PA10,25,2608222108,63,1,12865,-35.0,15.0,1,0,
63,2G4 SF7 BW125 PA10,26,2608222108,63,1,13132,-35.0,14.0,1,0,
63,2G4 SF7 BW125 PA10,27,2608222108,63,1,13400,-36.0,15.0,1,0,
63,2G4 SF7 BW125 PA10,28,2608222108,63,1,13668,-36.0,15.0,1,0,
63,2G4 SF7 BW125 PA10,29,2608222108,63,1,13936,-36.0,15.0,1,0,
63,2G4 SF7 BW125 PA10,30,2608222108,63,1,14204,-36.0,14.0,1,0,
63,2G4 SF7 BW125 PA10,31,2608222108,63,1,14472,-35.0,14.0,1,0,
63,2G4 SF7 BW125 PA10,32,2608222108,63,1,14739,-35.0,15.0,1,0,
63,2G4 SF7 BW125 PA10,33,2608222108,63,1,15007,-36.0,15.0,1,0,
63,2G4 SF7 BW125 PA10,34,2608222108,63,1,15275,-36.0,14.0,1,0,
63,2G4 SF7 BW125 PA10,35,2608222108,63,1,15543,-35.0,14.0,1,0,
63,2G4 SF7 BW125 PA10,36,2608222108,63,1,15811,-36.0,15.0,1,0,
63,2G4 SF7 BW125 PA10,37,2608222108,63,1,16079,-36.0,15.0,1,0,
63,2G4 SF7 BW125 PA10,38,2608222108,63,1,16346,-36.0,14.0,1,0,
63,2G4 SF7 BW125 PA10,39,2608222108,63,1,16614,-36.0,14.0,1,0,
63,2G4 SF7 BW125 PA10,40,2608222108,63,1,16882,-36.0,14.0,1,0,
63,2G4 SF7 BW125 PA10,41,2608222108,63,1,17150,-36.0,14.0,1,0,
63,2G4 SF7 BW125 PA10,42,2608222108,63,1,17418,-35.0,14.0,1,0,
63,2G4 SF7 BW125 PA10,43,2608222108,63,1,17686,-35.0,15.0,1,0,
63,2G4 SF7 BW125 PA10,44,2608222108,63,1,17954,-36.0,14.0,1,0,
63,2G4 SF7 BW125 PA10,45,2608222108,63,1,18221,-35.0,15.0,1,0,
63,2G4 SF7 BW125 PA10,46,2608222108,63,1,18489,-36.0,15.0,1,0,
63,2G4 SF7 BW125 PA10,47,2608222108,63,1,18757,-36.0,15.0,1,0,
63,2G4 SF7 BW125 PA10,48,2608222108,63,1,19025,-36.0,15.0,1,0,
63,2G4 SF7 BW125 PA10,49,2608222108,63,1,19293,-36.0,14.0,1,0,
64,2G4 SF8 BW125 PA10,0,2608222108,64,1,6220,-36.0,15.0,1,0,
64,2G4 SF8 BW125 PA10,1,2608222108,64,1,6703,-36.0,15.0,1,0,
64,2G4 SF8 BW125 PA10,2,2608222108,64,1,7185,-36.0,15.0,1,0,
64,2G4 SF8 BW125 PA10,3,2608222108,64,1,7668,-36.0,15.0,1,0,
64,2G4 SF8 BW125 PA10,4,2608222108,64,1,8150,-36.0,15.0,1,0,
64,2G4 SF8 BW125 PA10,5,2608222108,64,1,8632,-36.0,15.0,1,0,
64,2G4 SF8 BW125 PA10,6,2608222108,64,1,9115,-36.0,15.0,1,0,
64,2G4 SF8 BW125 PA10,7,2608222108,64,1,9597,-36.0,15.0,1,0,
64,2G4 SF8 BW125 PA10,8,2608222108,64,1,10080,-36.0,15.0,1,0,
64,2G4 SF8 BW125 PA10,9,2608222108,64,1,10562,-36.0,15.0,1,0,
64,2G4 SF8 BW125 PA10,10,2608222108,64,1,11045,-36.0,15.0,1,0,
64,2G4 SF8 BW125 PA10,11,2608222108,64,1,11527,-36.0,15.0,1,0,
64,2G4 SF8 BW125 PA10,12,2608222108,64,1,12009,-36.0,15.0,1,0,
64,2G4 SF8 BW125 PA10,13,2608222108,64,1,12492,-36.0,15.0,1,0,
64,2G4 SF8 BW125 PA10,14,2608222108,64,1,12974,-36.0,15.0,1,0,
64,2G4 SF8 BW125 PA10,15,2608222108,64,1,13457,-36.0,15.0,1,0,
64,2G4 SF8 BW125 PA10,16,2608222108,64,1,13939,-36.0,15.0,1,0,
64,2G4 SF8 BW125 PA10,17,2608222108,64,1,14421,-36.0,15.0,1,0,
64,2G4 SF8 BW125 PA10,18,2608222108,64,1,14904,-36.0,15.0,1,0,
64,2G4 SF8 BW125 PA10,19,2608222108,64,1,15386,-36.0,15.0,1,0,
64,2G4 SF8 BW125 PA10,20,2608222108,64,1,15869,-36.0,15.0,1,0,
64,2G4 SF8 BW125 PA10,21,2608222108,64,1,16351,-36.0,15.0,1,0,
64,2G4 SF8 BW125 PA10,22,2608222108,64,1,16834,-36.0,15.0,1,0,
64,2G4 SF8 BW125 PA10,23,2608222108,64,1,17316,-36.0,15.0,1,0,
64,2G4 SF8 BW125 PA10,24,2608222108,64,1,17798,-36.0,15.0,1,0,
64,2G4 SF8 BW125 PA10,25,2608222108,64,1,18281,-36.0,15.0,1,0,
64,2G4 SF8 BW125 PA10,26,2608222108,64,1,18763,-36.0,15.0,1,0,
64,2G4 SF8 BW125 PA10,27,2608222108,64,1,19246,-36.0,15.0,1,0,
64,2G4 SF8 BW125 PA10,28,2608222108,64,1,19728,-36.0,15.0,1,0,
64,2G4 SF8 BW125 PA10,29,2608222108,64,1,20210,-36.0,15.0,1,0,
64,2G4 SF8 BW125 PA10,30,2608222108,64,1,20693,-36.0,15.0,1,0,
64,2G4 SF8 BW125 PA10,31,2608222108,64,1,21175,-36.0,15.0,1,0,
64,2G4 SF8 BW125 PA10,32,2608222108,64,1,21658,-36.0,15.0,1,0,
64,2G4 SF8 BW125 PA10,33,2608222108,64,1,22140,-36.0,15.0,1,0,
64,2G4 SF8 BW125 PA10,34,2608222108,64,1,22623,-36.0,15.0,1,0,
64,2G4 SF8 BW125 PA10,35,2608222108,64,1,23105,-36.0,15.0,1,0,
64,2G4 SF8 BW125 PA10,36,2608222108,64,1,23587,-36.0,15.0,1,0,
64,2G4 SF8 BW125 PA10,37,2608222108,64,1,24070,-36.0,15.0,1,0,
64,2G4 SF8 BW125 PA10,38,2608222108,64,1,24552,-36.0,15.0,1,0,
64,2G4 SF8 BW125 PA10,39,2608222108,64,1,25035,-36.0,15.0,1,0,
64,2G4 SF8 BW125 PA10,40,2608222108,64,1,25517,-36.0,15.0,1,0,
64,2G4 SF8 BW125 PA10,41,2608222108,64,1,25999,-36.0,15.0,1,0,
64,2G4 SF8 BW125 PA10,42,2608222108,64,1,26482,-36.0,16.0,1,0,
64,2G4 SF8 BW125 PA10,43,2608222108,64,1,26964,-36.0,15.0,1,0,
64,2G4 SF8 BW125 PA10,44,2608222108,64,1,27447,-36.0,15.0,1,0,
64,2G4 SF8 BW125 PA10,45,2608222108,64,1,27929,-36.0,15.0,1,0,
64,2G4 SF8 BW125 PA10,46,2608222108,64,1,28412,-36.0,15.0,1,0,
64,2G4 SF8 BW125 PA10,47,2608222108,64,1,28894,-36.0,15.0,1,0,
64,2G4 SF8 BW125 PA10,48,2608222108,64,1,29376,-36.0,15.0,1,0,
64,2G4 SF8 BW125 PA10,49,2608222108,64,1,29859,-36.0,15.0,1,0,
65,2G4 SF9 BW125 PA10,0,2608222108,65,1,6388,-36.0,13.0,1,0,
65,2G4 SF9 BW125 PA10,1,2608222108,65,1,7254,-36.0,13.0,1,0,
65,2G4 SF9 BW125 PA10,2,2608222108,65,1,8121,-36.0,13.0,1,0,
65,2G4 SF9 BW125 PA10,3,2608222108,65,1,8988,-36.0,13.0,1,0,
65,2G4 SF9 BW125 PA10,4,2608222108,65,1,9854,-36.0,13.0,1,0,
65,2G4 SF9 BW125 PA10,5,2608222108,65,1,10721,-36.0,13.0,1,0,
65,2G4 SF9 BW125 PA10,6,2608222108,65,1,11587,-36.0,13.0,1,0,
65,2G4 SF9 BW125 PA10,7,2608222108,65,1,12454,-36.0,13.0,1,0,
65,2G4 SF9 BW125 PA10,8,2608222108,65,1,13320,-36.0,13.0,1,0,
65,2G4 SF9 BW125 PA10,9,2608222108,65,1,14187,-36.0,13.0,1,0,
65,2G4 SF9 BW125 PA10,10,2608222108,65,1,15053,-36.0,13.0,1,0,
65,2G4 SF9 BW125 PA10,11,2608222108,65,1,15920,-36.0,13.0,1,0,
65,2G4 SF9 BW125 PA10,12,2608222108,65,1,16786,-36.0,12.0,1,0,
65,2G4 SF9 BW125 PA10,13,2608222108,65,1,17653,-36.0,13.0,1,0,
65,2G4 SF9 BW125 PA10,14,2608222108,65,1,18519,-36.0,13.0,1,0,
65,2G4 SF9 BW125 PA10,15,2608222108,65,1,19386,-36.0,13.0,1,0,
65,2G4 SF9 BW125 PA10,16,2608222108,65,1,20252,-36.0,13.0,1,0,
65,2G4 SF9 BW125 PA10,17,2608222108,65,1,21119,-36.0,13.0,1,0,
65,2G4 SF9 BW125 PA10,18,2608222108,65,1,21985,-36.0,13.0,1,0,
65,2G4 SF9 BW125 PA10,19,2608222108,65,1,22852,-36.0,13.0,1,0,
65,2G4 SF9 BW125 PA10,20,2608222108,65,1,23718,-36.0,13.0,1,0,
65,2G4 SF9 BW125 PA10,21,2608222108,65,1,24585,-36.0,13.0,1,0,
65,2G4 SF9 BW125 PA10,22,2608222108,65,1,25451,-36.0,13.0,1,0,
65,2G4 SF9 BW125 PA10,23,2608222108,65,1,26318,-36.0,13.0,1,0,
65,2G4 SF9 BW125 PA10,24,2608222108,65,1,27184,-36.0,13.0,1,0,
65,2G4 SF9 BW125 PA10,25,2608222108,65,1,28051,-36.0,13.0,1,0,
65,2G4 SF9 BW125 PA10,26,2608222108,65,1,28918,-36.0,13.0,1,0,
65,2G4 SF9 BW125 PA10,27,2608222108,65,1,29784,-36.0,13.0,1,0,
65,2G4 SF9 BW125 PA10,28,2608222108,65,1,30651,-36.0,13.0,1,0,
65,2G4 SF9 BW125 PA10,29,2608222108,65,1,31517,-36.0,13.0,1,0,
65,2G4 SF9 BW125 PA10,30,2608222108,65,1,32384,-36.0,13.0,1,0,
65,2G4 SF9 BW125 PA10,31,2608222108,65,1,33250,-36.0,13.0,1,0,
65,2G4 SF9 BW125 PA10,32,2608222108,65,1,34117,-36.0,13.0,1,0,
65,2G4 SF9 BW125 PA10,33,2608222108,65,1,34983,-36.0,13.0,1,0,
65,2G4 SF9 BW125 PA10,34,2608222108,65,1,35850,-36.0,13.0,1,0,
65,2G4 SF9 BW125 PA10,35,2608222108,65,1,36716,-36.0,13.0,1,0,
65,2G4 SF9 BW125 PA10,36,2608222108,65,1,37583,-36.0,13.0,1,0,
65,2G4 SF9 BW125 PA10,37,2608222108,65,1,38449,-36.0,13.0,1,0,
65,2G4 SF9 BW125 PA10,38,2608222108,65,1,39316,-36.0,13.0,1,0,
65,2G4 SF9 BW125 PA10,39,2608222108,65,1,40182,-36.0,13.0,1,0,
65,2G4 SF9 BW125 PA10,40,2608222108,65,1,41049,-36.0,12.0,1,0,
65,2G4 SF9 BW125 PA10,41,2608222108,65,1,41915,-36.0,13.0,1,0,
65,2G4 SF9 BW125 PA10,42,2608222108,65,1,42782,-36.0,13.0,1,0,
65,2G4 SF9 BW125 PA10,43,2608222108,65,1,43648,-36.0,13.0,1,0,
65,2G4 SF9 BW125 PA10,44,2608222108,65,1,44515,-36.0,13.0,1,0,
65,2G4 SF9 BW125 PA10,45,2608222108,65,1,45381,-36.0,13.0,1,0,
65,2G4 SF9 BW125 PA10,46,2608222108,65,1,46248,-36.0,13.0,1,0,
65,2G4 SF9 BW125 PA10,47,2608222108,65,1,47114,-36.0,13.0,1,0,
65,2G4 SF9 BW125 PA10,48,2608222108,65,1,47981,-36.0,13.0,1,0,
65,2G4 SF9 BW125 PA10,49,2608222108,65,1,48847,-36.0,13.0,1,0,
66,2G4 SF10 BW125 PA10,0,2608222108,66,1,6699,-36.0,12.0,1,0,
66,2G4 SF10 BW125 PA10,1,2608222108,66,1,8243,-36.0,12.0,1,0,
66,2G4 SF10 BW125 PA10,2,2608222108,66,1,9788,-36.0,12.0,1,0,
66,2G4 SF10 BW125 PA10,3,2608222108,66,1,11332,-36.0,12.0,1,0,
66,2G4 SF10 BW125 PA10,4,2608222108,66,1,12877,-36.0,12.0,1,0,
66,2G4 SF10 BW125 PA10,5,2608222108,66,1,14422,-36.0,12.0,1,0,
66,2G4 SF10 BW125 PA10,6,2608222108,66,1,15966,-36.0,12.0,1,0,
66,2G4 SF10 BW125 PA10,7,2608222108,66,1,17511,-36.0,12.0,1,0,
66,2G4 SF10 BW125 PA10,8,2608222108,66,1,19056,-36.0,12.0,1,0,
66,2G4 SF10 BW125 PA10,9,2608222108,66,1,20600,-36.0,12.0,1,0,
66,2G4 SF10 BW125 PA10,10,2608222108,66,1,22145,-36.0,12.0,1,0,
66,2G4 SF10 BW125 PA10,11,2608222108,66,1,23689,-36.0,12.0,1,0,
66,2G4 SF10 BW125 PA10,12,2608222108,66,1,25234,-36.0,12.0,1,0,
66,2G4 SF10 BW125 PA10,13,2608222108,66,1,26779,-36.0,12.0,1,0,
66,2G4 SF10 BW125 PA10,14,2608222108,66,1,28323,-36.0,12.0,1,0,
66,2G4 SF10 BW125 PA10,15,2608222108,66,1,29868,-36.0,12.0,1,0,
66,2G4 SF10 BW125 PA10,16,2608222108,66,1,31412,-36.0,12.0,1,0,
66,2G4 SF10 BW125 PA10,17,2608222108,66,1,32957,-36.0,12.0,1,0,
66,2G4 SF10 BW125 PA10,18,2608222108,66,1,34502,-36.0,12.0,1,0,
66,2G4 SF10 BW125 PA10,19,2608222108,66,1,36046,-36.0,12.0,1,0,
66,2G4 SF10 BW125 PA10,20,2608222108,66,1,37591,-36.0,12.0,1,0,
66,2G4 SF10 BW125 PA10,21,2608222108,66,1,39135,-36.0,12.0,1,0,
66,2G4 SF10 BW125 PA10,22,2608222108,66,1,40680,-36.0,12.0,1,0,
66,2G4 SF10 BW125 PA10,23,2608222108,66,1,42225,-36.0,12.0,1,0,
66,2G4 SF10 BW125 PA10,24,2608222108,66,1,43769,-36.0,12.0,1,0,
66,2G4 SF10 BW125 PA10,25,2608222108,66,1,45314,-36.0,12.0,1,0,
66,2G4 SF10 BW125 PA10,26,2608222108,66,1,46859,-36.0,12.0,1,0,
66,2G4 SF10 BW125 PA10,27,2608222108,66,1,48403,-36.0,12.0,1,0,
66,2G4 SF10 BW125 PA10,28,2608222108,66,1,49948,-36.0,12.0,1,0,
66,2G4 SF10 BW125 PA10,29,2608222108,66,1,51492,-36.0,12.0,1,0,
66,2G4 SF10 BW125 PA10,30,2608222108,66,1,53037,-36.0,12.0,1,0,
66,2G4 SF10 BW125 PA10,31,2608222108,66,1,54582,-36.0,12.0,1,0,
66,2G4 SF10 BW125 PA10,32,2608222108,66,1,56126,-36.0,12.0,1,0,
66,2G4 SF10 BW125 PA10,33,2608222108,66,1,57671,-36.0,12.0,1,0,
66,2G4 SF10 BW125 PA10,34,2608222108,66,1,59215,-36.0,12.0,1,0,
66,2G4 SF10 BW125 PA10,35,2608222108,66,1,60760,-36.0,12.0,1,0,
66,2G4 SF10 BW125 PA10,36,2608222108,66,1,62305,-36.0,12.0,1,0,
66,2G4 SF10 BW125 PA10,37,2608222108,66,1,63849,-36.0,12.0,1,0,
66,2G4 SF10 BW125 PA10,38,2608222108,66,1,65394,-36.0,12.0,1,0,
66,2G4 SF10 BW125 PA10,39,2608222108,66,1,66939,-36.0,12.0,1,0,
66,2G4 SF10 BW125 PA10,40,2608222108,66,1,68483,-36.0,12.0,1,0,
66,2G4 SF10 BW125 PA10,41,2608222108,66,1,70028,-36.0,12.0,1,0,
66,2G4 SF10 BW125 PA10,42,2608222108,66,1,71572,-36.0,12.0,1,0,
66,2G4 SF10 BW125 PA10,43,2608222108,66,1,73117,-36.0,12.0,1,0,
66,2G4 SF10 BW125 PA10,44,2608222108,66,1,74662,-36.0,12.0,1,0,
66,2G4 SF10 BW125 PA10,45,2608222108,66,1,76206,-36.0,12.0,1,0,
66,2G4 SF10 BW125 PA10,46,2608222108,66,1,77751,-36.0,13.0,1,0,
66,2G4 SF10 BW125 PA10,47,2608222108,66,1,79295,-36.0,12.0,1,0,
66,2G4 SF10 BW125 PA10,48,2608222108,66,1,80840,-36.0,12.0,1,0,
66,2G4 SF10 BW125 PA10,49,2608222108,66,1,82385,-36.0,12.0,1,0,
67,2G4 SF11 BW125 PA10,0,2608222108,67,1,7281,-36.0,8.0,1,0,
67,2G4 SF11 BW125 PA10,1,2608222108,67,1,10182,-36.0,8.0,1,0,
67,2G4 SF11 BW125 PA10,2,2608222108,67,1,13082,-36.0,8.0,1,0,
67,2G4 SF11 BW125 PA10,3,2608222108,67,1,15983,-36.0,8.0,1,0,
67,2G4 SF11 BW125 PA10,4,2608222108,67,1,18884,-36.0,8.0,1,0,
67,2G4 SF11 BW125 PA10,5,2608222108,67,1,21785,-36.0,8.0,1,0,
67,2G4 SF11 BW125 PA10,6,2608222108,67,1,24686,-36.0,8.0,1,0,
67,2G4 SF11 BW125 PA10,7,2608222108,67,1,27586,-36.0,8.0,1,0,
67,2G4 SF11 BW125 PA10,8,2608222108,67,1,30487,-36.0,8.0,1,0,
67,2G4 SF11 BW125 PA10,9,2608222108,67,1,33388,-36.0,8.0,1,0,
67,2G4 SF11 BW125 PA10,10,2608222108,67,1,36289,-36.0,8.0,1,0,
67,2G4 SF11 BW125 PA10,11,2608222108,67,1,39190,-36.0,8.0,1,0,
67,2G4 SF11 BW125 PA10,12,2608222108,67,1,42090,-36.0,8.0,1,0,
67,2G4 SF11 BW125 PA10,13,2608222108,67,1,44991,-36.0,8.0,1,0,
67,2G4 SF11 BW125 PA10,14,2608222108,67,1,47892,-36.0,8.0,1,0,
67,2G4 SF11 BW125 PA10,15,2608222108,67,1,50793,-36.0,8.0,1,0,
67,2G4 SF11 BW125 PA10,16,2608222108,67,1,53694,-36.0,8.0,1,0,
67,2G4 SF11 BW125 PA10,17,2608222108,67,1,56595,-36.0,8.0,1,0,
67,2G4 SF11 BW125 PA10,18,2608222108,67,1,59495,-36.0,8.0,1,0,
67,2G4 SF11 BW125 PA10,19,2608222108,67,1,62396,-36.0,8.0,1,0,
67,2G4 SF11 BW125 PA10,20,2608222108,67,1,65297,-36.0,8.0,1,0,
67,2G4 SF11 BW125 PA10,21,2608222108,67,1,68198,-36.0,8.0,1,0,
67,2G4 SF11 BW125 PA10,22,2608222108,67,1,71099,-36.0,8.0,1,0,
67,2G4 SF11 BW125 PA10,23,2608222108,67,1,73999,-36.0,8.0,1,0,
67,2G4 SF11 BW125 PA10,24,2608222108,67,1,76900,-36.0,8.0,1,0,
67,2G4 SF11 BW125 PA10,25,2608222108,67,1,79801,-36.0,8.0,1,0,
67,2G4 SF11 BW125 PA10,26,2608222108,67,1,82702,-36.0,8.0,1,0,
67,2G4 SF11 BW125 PA10,27,2608222108,67,1,85603,-36.0,8.0,1,0,
67,2G4 SF11 BW125 PA10,28,2608222108,67,1,88503,-36.0,8.0,1,0,
67,2G4 SF11 BW125 PA10,29,2608222108,67,1,91404,-36.0,8.0,1,0,
67,2G4 SF11 BW125 PA10,30,2608222108,67,1,94305,-36.0,8.0,1,0,
67,2G4 SF11 BW125 PA10,31,2608222108,67,1,97206,-36.0,8.0,1,0,
67,2G4 SF11 BW125 PA10,32,2608222108,67,1,100107,-36.0,8.0,1,0,
67,2G4 SF11 BW125 PA10,33,2608222108,67,1,103007,-36.0,8.0,1,0,
67,2G4 SF11 BW125 PA10,34,2608222108,67,1,105908,-36.0,8.0,1,0,
67,2G4 SF11 BW125 PA10,35,2608222108,67,1,108809,-36.0,8.0,1,0,
67,2G4 SF11 BW125 PA10,36,2608222108,67,1,111710,-36.0,8.0,1,0,
67,2G4 SF11 BW125 PA10,37,2608222108,67,1,114611,-36.0,8.0,1,0,
67,2G4 SF11 BW125 PA10,38,2608222108,67,1,117511,-36.0,8.0,1,0,
67,2G4 SF11 BW125 PA10,39,2608222108,67,1,120412,-36.0,8.0,1,0,
67,2G4 SF11 BW125 PA10,40,2608222108,67,1,123313,-36.0,8.0,1,0,
67,2G4 SF11 BW125 PA10,41,2608222108,67,1,126214,-36.0,8.0,1,0,
67,2G4 SF11 BW125 PA10,42,2608222108,67,1,129115,-36.0,8.0,1,0,
67,2G4 SF11 BW125 PA10,43,2608222108,67,1,132015,-36.0,8.0,1,0,
67,2G4 SF11 BW125 PA10,44,2608222108,67,1,134916,-36.0,8.0,1,0,
67,2G4 SF11 BW125 PA10,45,2608222108,67,1,137817,-36.0,8.0,1,0,
67,2G4 SF11 BW125 PA10,46,2608222108,67,1,140718,-36.0,8.0,1,0,
67,2G4 SF11 BW125 PA10,47,2608222108,67,1,143619,-36.0,8.0,1,0,
67,2G4 SF11 BW125 PA10,48,2608222108,67,1,146519,-36.0,8.0,1,0,
67,2G4 SF11 BW125 PA10,49,2608222108,67,1,149420,-36.0,8.0,1,0,
68,2G4 SF12 BW125 PA10,0,2608222108,68,1,8429,-36.0,9.0,1,0,
68,2G4 SF12 BW125 PA10,1,2608222108,68,1,13862,-36.0,6.0,1,0,
68,2G4 SF12 BW125 PA10,2,2608222108,68,1,19295,-36.0,7.0,1,0,
68,2G4 SF12 BW125 PA10,0,2608222108,68,1,24728,-36.0,7.0,0,0,
68,2G4 SF12 BW125 PA10,6,2608222108,68,1,30161,-36.0,6.0,1,182,
68,2G4 SF12 BW125 PA10,4,2608222108,68,1,35594,-36.0,6.0,1,0,
68,2G4 SF12 BW125 PA10,5,2608222108,68,1,41027,-36.0,6.0,1,0,
68,2G4 SF12 BW125 PA10,6,2608222108,68,1,46460,-36.0,6.0,1,0,
68,2G4 SF12 BW125 PA10,7,2608222108,68,1,51893,-36.0,6.0,1,0,
68,2G4 SF12 BW125 PA10,8,2608222108,68,1,57326,-36.0,6.0,1,0,
68,2G4 SF12 BW125 PA10,9,2608222108,68,1,62759,-36.0,6.0,1,0,
68,2G4 SF12 BW125 PA10,10,2608222108,68,1,68192,-36.0,6.0,1,0,
68,2G4 SF12 BW125 PA10,11,2608222108,68,1,73625,-36.0,6.0,1,0,
68,2G4 SF12 BW125 PA10,12,2608222108,68,1,79057,-36.0,6.0,1,0,
68,2G4 SF12 BW125 PA10,13,2608222108,68,1,84490,-36.0,6.0,1,0,
68,2G4 SF12 BW125 PA10,14,2608222108,68,1,89923,-36.0,6.0,1,0,
68,2G4 SF12 BW125 PA10,15,2608222108,68,1,95356,-36.0,6.0,1,0,
68,2G4 SF12 BW125 PA10,16,2608222108,68,1,100789,-36.0,6.0,1,0,
68,2G4 SF12 BW125 PA10,17,2608222108,68,1,106222,-36.0,6.0,1,0,
68,2G4 SF12 BW125 PA10,18,2608222108,68,1,111655,-36.0,6.0,1,0,
68,2G4 SF12 BW125 PA10,19,2608222108,68,1,117088,-36.0,6.0,1,0,
68,2G4 SF12 BW125 PA10,20,2608222108,68,1,122521,-36.0,6.0,1,0,
68,2G4 SF12 BW125 PA10,21,2608222108,68,1,127954,-36.0,6.0,1,0,
68,2G4 SF12 BW125 PA10,22,2608222108,68,1,133387,-36.0,6.0,1,0,
68,2G4 SF12 BW125 PA10,23,2608222108,68,1,138820,-36.0,6.0,1,0,
68,2G4 SF12 BW125 PA10,24,2608222108,68,1,144253,-36.0,6.0,1,0,
68,2G4 SF12 BW125 PA10,25,2608222108,68,1,149686,-36.0,6.0,1,0,
68,2G4 SF12 BW125 PA10,26,2608222108,68,1,155119,-36.0,6.0,1,0,
68,2G4 SF12 BW125 PA10,27,2608222108,68,1,160552,-36.0,6.0,1,0,
68,2G4 SF12 BW125 PA10,28,2608222108,68,1,165985,-36.0,6.0,1,0,
68,2G4 SF12 BW125 PA10,29,2608222108,68,1,171418,-36.0,6.0,1,0,
68,2G4 SF12 BW125 PA10,30,2608222108,68,1,176851,-36.0,6.0,1,0,
68,2G4 SF12 BW125 PA10,0,2608222108,68,1,182283,-36.0,7.0,0,0,
68,2G4 SF12 BW125 PA10,31,2608222108,68,1,187717,-36.0,7.0,1,0,
68,2G4 SF12 BW125 PA10,41,2608222108,68,1,193150,-36.0,6.0,1,182,
68,2G4 SF12 BW125 PA10,33,2608222108,68,1,198583,-36.0,6.0,1,0,
68,2G4 SF12 BW125 PA10,34,2608222108,68,1,204016,-36.0,6.0,1,0,
68,2G4 SF12 BW125 PA10,35,2608222108,68,1,209449,-36.0,6.0,1,0,
68,2G4 SF12 BW125 PA10,36,2608222108,68,1,214882,-36.0,6.0,1,0,
68,2G4 SF12 BW125 PA10,37,2608222108,68,1,220315,-36.0,6.0,1,0,
68,2G4 SF12 BW125 PA10,38,2608222108,68,1,225747,-36.0,6.0,1,0,
68,2G4 SF12 BW125 PA10,39,2608222108,68,1,231180,-36.0,6.0,1,0,
68,2G4 SF12 BW125 PA10,40,2608222108,68,1,236613,-36.0,6.0,1,0,
68,2G4 SF12 BW125 PA10,41,2608222108,68,1,242046,-36.0,6.0,1,0,
68,2G4 SF12 BW125 PA10,42,2608222108,68,1,247479,-36.0,7.0,1,0,
68,2G4 SF12 BW125 PA10,43,2608222108,68,1,252912,-36.0,6.0,1,0,
68,2G4 SF12 BW125 PA10,44,2608222108,68,1,258345,-36.0,6.0,1,0,
68,2G4 SF12 BW125 PA10,45,2608222108,68,1,263778,-36.0,6.0,1,0,
68,2G4 SF12 BW125 PA10,46,2608222108,68,1,269211,-36.0,6.0,1,0,
68,2G4 SF12 BW125 PA10,47,2608222108,68,1,274644,-36.0,6.0,1,0,
69,2G4 SF5 BW250 PA10,0,2608222108,69,1,5996,-35.0,10.0,1,0,
69,2G4 SF5 BW250 PA10,1,2608222108,69,1,6048,-35.0,11.0,1,0,
69,2G4 SF5 BW250 PA10,2,2608222108,69,1,6100,-35.0,10.0,1,0,
69,2G4 SF5 BW250 PA10,3,2608222108,69,1,6152,-36.0,10.0,1,0,
69,2G4 SF5 BW250 PA10,4,2608222108,69,1,6205,-35.0,10.0,1,0,
69,2G4 SF5 BW250 PA10,5,2608222108,69,1,6257,-36.0,10.0,1,0,
69,2G4 SF5 BW250 PA10,6,2608222108,69,1,6309,-36.0,10.0,1,0,
69,2G4 SF5 BW250 PA10,7,2608222108,69,1,6361,-35.0,10.0,1,0,
69,2G4 SF5 BW250 PA10,8,2608222108,69,1,6413,-35.0,10.0,1,0,
69,2G4 SF5 BW250 PA10,9,2608222108,69,1,6466,-35.0,10.0,1,0,
69,2G4 SF5 BW250 PA10,10,2608222108,69,1,6518,-35.0,10.0,1,0,
69,2G4 SF5 BW250 PA10,11,2608222108,69,1,6570,-36.0,9.0,1,0,
69,2G4 SF5 BW250 PA10,12,2608222108,69,1,6622,-35.0,9.0,1,0,
69,2G4 SF5 BW250 PA10,13,2608222108,69,1,6674,-35.0,10.0,1,0,
69,2G4 SF5 BW250 PA10,14,2608222108,69,1,6726,-35.0,10.0,1,0,
69,2G4 SF5 BW250 PA10,15,2608222108,69,1,6779,-35.0,11.0,1,0,
69,2G4 SF5 BW250 PA10,16,2608222108,69,1,6831,-36.0,10.0,1,0,
69,2G4 SF5 BW250 PA10,17,2608222108,69,1,6883,-36.0,10.0,1,0,
69,2G4 SF5 BW250 PA10,18,2608222108,69,1,6935,-35.0,9.0,1,0,
69,2G4 SF5 BW250 PA10,19,2608222108,69,1,6987,-35.0,10.0,1,0,
69,2G4 SF5 BW250 PA10,20,2608222108,69,1,7039,-35.0,10.0,1,0,
69,2G4 SF5 BW250 PA10,21,2608222108,69,1,7092,-35.0,9.0,1,0,
69,2G4 SF5 BW250 PA10,22,2608222108,69,1,7144,-36.0,10.0,1,0,
69,2G4 SF5 BW250 PA10,23,2608222108,69,1,7196,-35.0,9.0,1,0,
69,2G4 SF5 BW250 PA10,24,2608222108,69,1,7248,-36.0,10.0,1,0,
69,2G4 SF5 BW250 PA10,25,2608222108,69,1,7300,-35.0,10.0,1,0,
69,2G4 SF5 BW250 PA10,26,2608222108,69,1,7352,-36.0,10.0,1,0,
69,2G4 SF5 BW250 PA10,27,2608222108,69,1,7405,-35.0,10.0,1,0,
69,2G4 SF5 BW250 PA10,28,2608222108,69,1,7457,-36.0,10.0,1,0,
69,2G4 SF5 BW250 PA10,29,2608222108,69,1,7509,-35.0,10.0,1,0,
69,2G4 SF5 BW250 PA10,30,2608222108,69,1,7561,-35.0,10.0,1,0,
69,2G4 SF5 BW250 PA10,31,2608222108,69,1,7613,-35.0,10.0,1,0,
69,2G4 SF5 BW250 PA10,32,2608222108,69,1,7666,-35.0,10.0,1,0,
69,2G4 SF5 BW250 PA10,33,2608222108,69,1,7718,-35.0,10.0,1,0,
69,2G4 SF5 BW250 PA10,34,2608222108,69,1,7770,-35.0,10.0,1,0,
69,2G4 SF5 BW250 PA10,35,2608222108,69,1,7822,-35.0,10.0,1,0,
69,2G4 SF5 BW250 PA10,36,2608222108,69,1,7874,-35.0,10.0,1,0,
69,2G4 SF5 BW250 PA10,37,2608222108,69,1,7926,-35.0,10.0,1,0,
69,2G4 SF5 BW250 PA10,38,2608222108,69,1,7979,-36.0,10.0,1,0,
69,2G4 SF5 BW250 PA10,39,2608222108,69,1,8031,-36.0,11.0,1,0,
69,2G4 SF5 BW250 PA10,40,2608222108,69,1,8083,-36.0,11.0,1,0,
69,2G4 SF5 BW250 PA10,41,2608222108,69,1,8135,-35.0,10.0,1,0,
69,2G4 SF5 BW250 PA10,42,2608222108,69,1,8187,-36.0,10.0,1,0,
69,2G4 SF5 BW250 PA10,43,2608222108,69,1,8239,-35.0,9.0,1,0,
69,2G4 SF5 BW250 PA10,44,2608222108,69,1,8292,-36.0,9.0,1,0,
69,2G4 SF5 BW250 PA10,45,2608222108,69,1,8344,-36.0,10.0,1,0,
69,2G4 SF5 BW250 PA10,46,2608222108,69,1,8396,-35.0,9.0,1,0,
69,2G4 SF5 BW250 PA10,47,2608222108,69,1,8448,-36.0,10.0,1,0,
69,2G4 SF5 BW250 PA10,48,2608222108,69,1,8500,-35.0,10.0,1,0,
69,2G4 SF5 BW250 PA10,49,2608222108,69,1,8552,-36.0,11.0,1,0,
70,2G4 SF6 BW250 PA10,0,2608222108,70,1,6022,-35.0,12.0,1,0,
70,2G4 SF6 BW250 PA10,1,2608222108,70,1,6106,-35.0,13.0,1,0,
70,2G4 SF6 BW250 PA10,2,2608222108,70,1,6189,-36.0,12.0,1,0,
70,2G4 SF6 BW250 PA10,3,2608222108,70,1,6273,-35.0,12.0,1,0,
70,2G4 SF6 BW250 PA10,4,2608222108,70,1,6356,-36.0,12.0,1,0,
70,2G4 SF6 BW250 PA10,5,2608222108,70,1,6440,-36.0,12.0,1,0,
70,2G4 SF6 BW250 PA10,6,2608222108,70,1,6524,-35.0,12.0,1,0,
70,2G4 SF6 BW250 PA10,7,2608222108,70,1,6607,-36.0,13.0,1,0,
70,2G4 SF6 BW250 PA10,8,2608222108,70,1,6691,-36.0,13.0,1,0,
70,2G4 SF6 BW250 PA10,9,2608222108,70,1,6774,-36.0,12.0,1,0,
70,2G4 SF6 BW250 PA10,10,2608222108,70,1,6858,-35.0,12.0,1,0,
70,2G4 SF6 BW250 PA10,11,2608222108,70,1,6942,-36.0,13.0,1,0,
70,2G4 SF6 BW250 PA10,12,2608222108,70,1,7025,-35.0,12.0,1,0,
70,2G4 SF6 BW250 PA10,13,2608222108,70,1,7109,-35.0,12.0,1,0,
70,2G4 SF6 BW250 PA10,14,2608222108,70,1,7192,-36.0,12.0,1,0,
70,2G4 SF6 BW250 PA10,15,2608222108,70,1,7276,-36.0,13.0,1,0,
70,2G4 SF6 BW250 PA10,16,2608222108,70,1,7360,-36.0,13.0,1,0,
70,2G4 SF6 BW250 PA10,17,2608222108,70,1,7443,-35.0,12.0,1,0,
70,2G4 SF6 BW250 PA10,18,2608222108,70,1,7527,-35.0,13.0,1,0,
70,2G4 SF6 BW250 PA10,19,2608222108,70,1,7611,-35.0,12.0,1,0,
70,2G4 SF6 BW250 PA10,20,2608222108,70,1,7694,-36.0,12.0,1,0,
70,2G4 SF6 BW250 PA10,21,2608222108,70,1,7778,-36.0,12.0,1,0,
70,2G4 SF6 BW250 PA10,22,2608222108,70,1,7861,-35.0,13.0,1,0,
70,2G4 SF6 BW250 PA10,23,2608222108,70,1,7945,-35.0,12.0,1,0,
70,2G4 SF6 BW250 PA10,24,2608222108,70,1,8029,-36.0,12.0,1,0,
70,2G4 SF6 BW250 PA10,25,2608222108,70,1,8112,-36.0,12.0,1,0,
70,2G4 SF6 BW250 PA10,26,2608222108,70,1,8196,-36.0,12.0,1,0,
70,2G4 SF6 BW250 PA10,27,2608222108,70,1,8279,-36.0,12.0,1,0,
70,2G4 SF6 BW250 PA10,28,2608222108,70,1,8363,-36.0,12.0,1,0,
70,2G4 SF6 BW250 PA10,29,2608222108,70,1,8447,-35.0,12.0,1,0,
70,2G4 SF6 BW250 PA10,30,2608222108,70,1,8530,-35.0,11.0,1,0,
70,2G4 SF6 BW250 PA10,31,2608222108,70,1,8614,-35.0,12.0,1,0,
70,2G4 SF6 BW250 PA10,32,2608222108,70,1,8697,-35.0,12.0,1,0,
70,2G4 SF6 BW250 PA10,33,2608222108,70,1,8781,-36.0,12.0,1,0,
70,2G4 SF6 BW250 PA10,34,2608222108,70,1,8865,-36.0,12.0,1,0,
70,2G4 SF6 BW250 PA10,35,2608222108,70,1,8948,-35.0,12.0,1,0,
70,2G4 SF6 BW250 PA10,36,2608222108,70,1,9032,-36.0,12.0,1,0,
70,2G4 SF6 BW250 PA10,37,2608222108,70,1,9115,-36.0,13.0,1,0,
70,2G4 SF6 BW250 PA10,38,2608222108,70,1,9199,-36.0,12.0,1,0,
70,2G4 SF6 BW250 PA10,39,2608222108,70,1,9283,-36.0,12.0,1,0,
70,2G4 SF6 BW250 PA10,40,2608222108,70,1,9366,-36.0,12.0,1,0,
70,2G4 SF6 BW250 PA10,41,2608222108,70,1,9450,-35.0,12.0,1,0,
70,2G4 SF6 BW250 PA10,42,2608222108,70,1,9533,-35.0,12.0,1,0,
70,2G4 SF6 BW250 PA10,43,2608222108,70,1,9617,-36.0,12.0,1,0,
70,2G4 SF6 BW250 PA10,44,2608222108,70,1,9701,-35.0,13.0,1,0,
70,2G4 SF6 BW250 PA10,45,2608222108,70,1,9784,-36.0,13.0,1,0,
70,2G4 SF6 BW250 PA10,46,2608222108,70,1,9868,-36.0,13.0,1,0,
70,2G4 SF6 BW250 PA10,47,2608222108,70,1,9951,-36.0,12.0,1,0,
70,2G4 SF6 BW250 PA10,48,2608222108,70,1,10035,-35.0,12.0,1,0,
70,2G4 SF6 BW250 PA10,49,2608222108,70,1,10119,-35.0,12.0,1,0,
71,2G4 SF7 BW250 PA10,0,2608222108,71,1,6016,-36.0,16.0,1,0,
71,2G4 SF7 BW250 PA10,1,2608222108,71,1,6154,-36.0,14.0,1,0,
71,2G4 SF7 BW250 PA10,2,2608222108,71,1,6292,-36.0,14.0,1,0,
71,2G4 SF7 BW250 PA10,3,2608222108,71,1,6430,-35.0,14.0,1,0,
71,2G4 SF7 BW250 PA10,4,2608222108,71,1,6568,-36.0,14.0,1,0,
71,2G4 SF7 BW250 PA10,5,2608222108,71,1,6706,-36.0,14.0,1,0,
71,2G4 SF7 BW250 PA10,6,2608222108,71,1,6844,-36.0,14.0,1,0,
71,2G4 SF7 BW250 PA10,7,2608222108,71,1,6982,-36.0,14.0,1,0,
71,2G4 SF7 BW250 PA10,8,2608222108,71,1,7120,-36.0,14.0,1,0,
71,2G4 SF7 BW250 PA10,9,2608222108,71,1,7258,-36.0,14.0,1,0,
71,2G4 SF7 BW250 PA10,10,2608222108,71,1,7396,-36.0,14.0,1,0,
71,2G4 SF7 BW250 PA10,11,2608222108,71,1,7534,-36.0,14.0,1,0,
71,2G4 SF7 BW250 PA10,12,2608222108,71,1,7672,-36.0,14.0,1,0,
71,2G4 SF7 BW250 PA10,13,2608222108,71,1,7810,-36.0,14.0,1,0,
71,2G4 SF7 BW250 PA10,14,2608222108,71,1,7948,-36.0,14.0,1,0,
71,2G4 SF7 BW250 PA10,15,2608222108,71,1,8086,-35.0,14.0,1,0,
71,2G4 SF7 BW250 PA10,16,2608222108,71,1,8224,-35.0,14.0,1,0,
71,2G4 SF7 BW250 PA10,17,2608222108,71,1,8362,-36.0,14.0,1,0,
71,2G4 SF7 BW250 PA10,18,2608222108,71,1,8500,-36.0,14.0,1,0,
71,2G4 SF7 BW250 PA10,19,2608222108,71,1,8638,-36.0,14.0,1,0,
71,2G4 SF7 BW250 PA10,21,2608222108,71,1,9052,-36.0,14.0,1,0,
71,2G4 SF7 BW250 PA10,22,2608222108,71,1,9190,-36.0,14.0,1,0,
71,2G4 SF7 BW250 PA10,23,2608222108,71,1,9328,-36.0,13.0,1,0,
71,2G4 SF7 BW250 PA10,24,2608222108,71,1,9466,-36.0,14.0,1,0,
71,2G4 SF7 BW250 PA10,25,2608222108,71,1,9604,-36.0,14.0,1,0,
71,2G4 SF7 BW250 PA10,26,2608222108,71,1,9742,-36.0,14.0,1,0,
71,2G4 SF7 BW250 PA10,27,2608222108,71,1,9880,-36.0,14.0,1,0,
71,2G4 SF7 BW250 PA10,28,2608222108,71,1,10018,-36.0,14.0,1,0,
71,2G4 SF7 BW250 PA10,29,2608222108,71,1,10157,-35.0,14.0,1,0,
71,2G4 SF7 BW250 PA10,30,2608222108,71,1,10295,-36.0,14.0,1,0,
71,2G4 SF7 BW250 PA10,31,2608222108,71,1,10433,-36.0,14.0,1,0,
71,2G4 SF7 BW250 PA10,32,2608222108,71,1,10571,-36.0,14.0,1,0,
71,2G4 SF7 BW250 PA10,33,2608222108,71,1,10709,-36.0,14.0,1,0,
71,2G4 SF7 BW250 PA10,34,2608222108,71,1,10847,-36.0,14.0,1,0,
71,2G4 SF7 BW250 PA10,35,2608222108,71,1,10985,-36.0,15.0,1,0,
71,2G4 SF7 BW250 PA10,36,2608222108,71,1,11123,-36.0,14.0,1,0,
71,2G4 SF7 BW250 PA10,37,2608222108,71,1,11261,-35.0,14.0,1,0,
71,2G4 SF7 BW250 PA10,38,2608222108,71,1,11399,-36.0,14.0,1,0,
71,2G4 SF7 BW250 PA10,39,2608222108,71,1,11537,-36.0,14.0,1,0,
71,2G4 SF7 BW250 PA10,40,2608222108,71,1,11675,-36.0,14.0,1,0,
71,2G4 SF7 BW250 PA10,41,2608222108,71,1,11813,-35.0,14.0,1,0,
71,2G4 SF7 BW250 PA10,42,2608222108,71,1,11951,-36.0,15.0,1,0,
71,2G4 SF7 BW250 PA10,43,2608222108,71,1,12089,-35.0,14.0,1,0,
71,2G4 SF7 BW250 PA10,44,2608222108,71,1,12227,-36.0,14.0,1,0,
71,2G4 SF7 BW250 PA10,45,2608222108,71,1,12365,-36.0,14.0,1,0,
71,2G4 SF7 BW250 PA10,46,2608222108,71,1,12503,-36.0,14.0,1,0,
71,2G4 SF7 BW250 PA10,47,2608222108,71,1,12641,-35.0,15.0,1,0,
71,2G4 SF7 BW250 PA10,48,2608222108,71,1,12779,-35.0,14.0,1,0,
72,2G4 SF8 BW250 PA10,0,2608222108,72,1,6088,-36.0,15.0,1,0,
72,2G4 SF8 BW250 PA10,1,2608222108,72,1,6334,-36.0,12.0,1,0,
72,2G4 SF8 BW250 PA10,2,2608222108,72,1,6579,-36.0,12.0,1,0,
72,2G4 SF8 BW250 PA10,3,2608222108,72,1,6824,-36.0,12.0,1,0,
72,2G4 SF8 BW250 PA10,4,2608222108,72,1,7069,-36.0,12.0,1,0,
72,2G4 SF8 BW250 PA10,5,2608222108,72,1,7315,-36.0,12.0,1,0,
72,2G4 SF8 BW250 PA10,6,2608222108,72,1,7560,-36.0,12.0,1,0,
72,2G4 SF8 BW250 PA10,7,2608222108,72,1,7805,-36.0,12.0,1,0,
72,2G4 SF8 BW250 PA10,8,2608222108,72,1,8051,-36.0,12.0,1,0,
72,2G4 SF8 BW250 PA10,9,2608222108,72,1,8296,-36.0,12.0,1,0,
72,2G4 SF8 BW250 PA10,10,2608222108,72,1,8541,-36.0,12.0,1,0,
72,2G4 SF8 BW250 PA10,11,2608222108,72,1,8787,-36.0,12.0,1,0,
72,2G4 SF8 BW250 PA10,12,2608222108,72,1,9032,-36.0,12.0,1,0,
72,2G4 SF8 BW250 PA10,13,2608222108,72,1,9277,-36.0,12.0,1,0,
72,2G4 SF8 BW250 PA10,14,2608222108,72,1,9523,-36.0,12.0,1,0,
72,2G4 SF8 BW250 PA10,15,2608222108,72,1,9768,-36.0,12.0,1,0,
72,2G4 SF8 BW250 PA10,16,2608222108,72,1,10013,-36.0,12.0,1,0,
72,2G4 SF8 BW250 PA10,17,2608222108,72,1,10259,-35.0,11.0,1,0,
72,2G4 SF8 BW250 PA10,18,2608222108,72,1,10504,-36.0,12.0,1,0,
72,2G4 SF8 BW250 PA10,19,2608222108,72,1,10749,-36.0,12.0,1,0,
72,2G4 SF8 BW250 PA10,20,2608222108,72,1,10995,-36.0,12.0,1,0,
72,2G4 SF8 BW250 PA10,21,2608222108,72,1,11240,-36.0,12.0,1,0,
72,2G4 SF8 BW250 PA10,22,2608222108,72,1,11485,-36.0,12.0,1,0,
72,2G4 SF8 BW250 PA10,23,2608222108,72,1,11730,-36.0,12.0,1,0,
72,2G4 SF8 BW250 PA10,24,2608222108,72,1,11976,-36.0,12.0,1,0,
72,2G4 SF8 BW250 PA10,25,2608222108,72,1,12221,-36.0,12.0,1,0,
72,2G4 SF8 BW250 PA10,26,2608222108,72,1,12466,-36.0,12.0,1,0,
72,2G4 SF8 BW250 PA10,27,2608222108,72,1,12712,-36.0,16.0,1,0,
72,2G4 SF8 BW250 PA10,28,2608222108,72,1,12957,-36.0,12.0,1,0,
72,2G4 SF8 BW250 PA10,29,2608222108,72,1,13202,-36.0,12.0,1,0,
72,2G4 SF8 BW250 PA10,30,2608222108,72,1,13448,-36.0,12.0,1,0,
72,2G4 SF8 BW250 PA10,31,2608222108,72,1,13693,-36.0,12.0,1,0,
72,2G4 SF8 BW250 PA10,32,2608222108,72,1,13938,-36.0,12.0,1,0,
72,2G4 SF8 BW250 PA10,33,2608222108,72,1,14184,-36.0,12.0,1,0,
72,2G4 SF8 BW250 PA10,34,2608222108,72,1,14429,-36.0,12.0,1,0,
72,2G4 SF8 BW250 PA10,35,2608222108,72,1,14674,-36.0,11.0,1,0,
72,2G4 SF8 BW250 PA10,36,2608222108,72,1,14920,-36.0,12.0,1,0,
72,2G4 SF8 BW250 PA10,37,2608222108,72,1,15165,-36.0,12.0,1,0,
72,2G4 SF8 BW250 PA10,38,2608222108,72,1,15410,-36.0,16.0,1,0,
72,2G4 SF8 BW250 PA10,39,2608222108,72,1,15656,-36.0,12.0,1,0,
72,2G4 SF8 BW250 PA10,40,2608222108,72,1,15901,-36.0,12.0,1,0,
72,2G4 SF8 BW250 PA10,41,2608222108,72,1,16146,-36.0,12.0,1,0,
72,2G4 SF8 BW250 PA10,42,2608222108,72,1,16392,-36.0,12.0,1,0,
72,2G4 SF8 BW250 PA10,43,2608222108,72,1,16637,-36.0,12.0,1,0,
72,2G4 SF8 BW250 PA10,44,2608222108,72,1,16882,-36.0,12.0,1,0,
72,2G4 SF8 BW250 PA10,45,2608222108,72,1,17127,-36.0,12.0,1,0,
72,2G4 SF8 BW250 PA10,46,2608222108,72,1,17373,-36.0,12.0,1,0,
72,2G4 SF8 BW250 PA10,47,2608222108,72,1,17618,-36.0,11.0,1,0,
72,2G4 SF8 BW250 PA10,48,2608222108,72,1,17863,-35.0,12.0,1,0,
72,2G4 SF8 BW250 PA10,49,2608222108,72,1,18109,-36.0,12.0,1,0,
73,2G4 SF9 BW250 PA10,0,2608222108,73,1,6246,-36.0,14.0,1,0,
73,2G4 SF9 BW250 PA10,1,2608222108,73,1,6683,-36.0,11.0,1,0,
73,2G4 SF9 BW250 PA10,2,2608222108,73,1,7120,-36.0,14.0,1,0,
73,2G4 SF9 BW250 PA10,3,2608222108,73,1,7558,-36.0,11.0,1,0,
73,2G4 SF9 BW250 PA10,4,2608222108,73,1,7995,-36.0,11.0,1,0,
73,2G4 SF9 BW250 PA10,5,2608222108,73,1,8432,-36.0,11.0,1,0,
73,2G4 SF9 BW250 PA10,6,2608222108,73,1,8870,-36.0,11.0,1,0,
73,2G4 SF9 BW250 PA10,7,2608222108,73,1,9307,-36.0,11.0,1,0,
73,2G4 SF9 BW250 PA10,8,2608222108,73,1,9744,-36.0,11.0,1,0,
73,2G4 SF9 BW250 PA10,9,2608222108,73,1,10182,-36.0,11.0,1,0,
73,2G4 SF9 BW250 PA10,10,2608222108,73,1,10619,-36.0,11.0,1,0,
73,2G4 SF9 BW250 PA10,11,2608222108,73,1,11057,-36.0,11.0,1,0,
73,2G4 SF9 BW250 PA10,12,2608222108,73,1,11494,-36.0,11.0,1,0,
73,2G4 SF9 BW250 PA10,13,2608222108,73,1,11931,-36.0,11.0,1,0,
73,2G4 SF9 BW250 PA10,14,2608222108,73,1,12369,-36.0,11.0,1,0,
73,2G4 SF9 BW250 PA10,15,2608222108,73,1,12806,-36.0,11.0,1,0,
73,2G4 SF9 BW250 PA10,16,2608222108,73,1,13243,-36.0,11.0,1,0,
73,2G4 SF9 BW250 PA10,17,2608222108,73,1,13681,-36.0,11.0,1,0,
73,2G4 SF9 BW250 PA10,18,2608222108,73,1,14118,-36.0,11.0,1,0,
73,2G4 SF9 BW250 PA10,19,2608222108,73,1,14555,-36.0,11.0,1,0,
73,2G4 SF9 BW250 PA10,20,2608222108,73,1,14993,-36.0,11.0,1,0,
73,2G4 SF9 BW250 PA10,21,2608222108,73,1,15430,-36.0,11.0,1,0,
73,2G4 SF9 BW250 PA10,22,2608222108,73,1,15868,-36.0,11.0,1,0,
73,2G4 SF9 BW250 PA10,23,2608222108,73,1,16305,-36.0,11.0,1,0,
73,2G4 SF9 BW250 PA10,24,2608222108,73,1,16742,-36.0,14.0,1,0,
73,2G4 SF9 BW250 PA10,25,2608222108,73,1,17180,-36.0,14.0,1,0,
73,2G4 SF9 BW250 PA10,26,2608222108,73,1,17617,-36.0,14.0,1,0,
73,2G4 SF9 BW250 PA10,27,2608222108,73,1,18054,-36.0,11.0,1,0,
73,2G4 SF9 BW250 PA10,28,2608222108,73,1,18492,-36.0,11.0,1,0,
73,2G4 SF9 BW250 PA10,29,2608222108,73,1,18929,-36.0,11.0,1,0,
73,2G4 SF9 BW250 PA10,30,2608222108,73,1,19804,-36.0,14.0,1,0,
73,2G4 SF9 BW250 PA10,31,2608222108,73,1,20241,-36.0,11.0,1,0,
73,2G4 SF9 BW250 PA10,32,2608222108,73,1,20679,-36.0,11.0,1,0,
73,2G4 SF9 BW250 PA10,33,2608222108,73,1,21116,-36.0,11.0,1,0,
73,2G4 SF9 BW250 PA10,34,2608222108,73,1,21553,-36.0,11.0,1,0,
73,2G4 SF9 BW250 PA10,35,2608222108,73,1,21991,-36.0,11.0,1,0,
73,2G4 SF9 BW250 PA10,36,2608222108,73,1,22428,-36.0,11.0,1,0,
73,2G4 SF9 BW250 PA10,37,2608222108,73,1,22865,-36.0,11.0,1,0,
73,2G4 SF9 BW250 PA10,38,2608222108,73,1,23303,-36.0,11.0,1,0,
73,2G4 SF9 BW250 PA10,39,2608222108,73,1,23740,-36.0,11.0,1,0,
73,2G4 SF9 BW250 PA10,40,2608222108,73,1,24177,-36.0,14.0,1,0,
73,2G4 SF9 BW250 PA10,41,2608222108,73,1,24615,-36.0,14.0,1,0,
73,2G4 SF9 BW250 PA10,42,2608222108,73,1,25052,-36.0,14.0,1,0,
73,2G4 SF9 BW250 PA10,43,2608222108,73,1,25490,-36.0,11.0,1,0,
73,2G4 SF9 BW250 PA10,44,2608222108,73,1,25927,-36.0,11.0,1,0,
73,2G4 SF9 BW250 PA10,45,2608222108,73,1,26364,-36.0,11.0,1,0,
73,2G4 SF9 BW250 PA10,46,2608222108,73,1,26802,-36.0,11.0,1,0,
73,2G4 SF9 BW250 PA10,47,2608222108,73,1,27239,-36.0,11.0,1,0,
73,2G4 SF9 BW250 PA10,48,2608222108,73,1,27676,-36.0,11.0,1,0,
74,2G4 SF10 BW250 PA10,0,2608222108,74,1,6356,-36.0,12.0,1,0,
74,2G4 SF10 BW250 PA10,1,2608222108,74,1,7132,-36.0,14.0,1,0,
74,2G4 SF10 BW250 PA10,2,2608222108,74,1,7909,-36.0,14.0,1,0,
74,2G4 SF10 BW250 PA10,3,2608222108,74,1,8685,-36.0,12.0,1,0,
74,2G4 SF10 BW250 PA10,4,2608222108,74,1,9462,-36.0,12.0,1,0,
74,2G4 SF10 BW250 PA10,5,2608222108,74,1,10238,-36.0,12.0,1,0,
74,2G4 SF10 BW250 PA10,6,2608222108,74,1,11014,-36.0,14.0,1,0,
74,2G4 SF10 BW250 PA10,7,2608222108,74,1,11791,-36.0,12.0,1,0,
74,2G4 SF10 BW250 PA10,8,2608222108,74,1,12567,-36.0,14.0,1,0,
74,2G4 SF10 BW250 PA10,9,2608222108,74,1,13344,-36.0,12.0,1,0,
74,2G4 SF10 BW250 PA10,10,2608222108,74,1,14120,-36.0,13.0,1,0,
74,2G4 SF10 BW250 PA10,11,2608222108,74,1,14896,-36.0,14.0,1,0,
74,2G4 SF10 BW250 PA10,12,2608222108,74,1,15673,-36.0,12.0,1,0,
74,2G4 SF10 BW250 PA10,13,2608222108,74,1,16449,-36.0,14.0,1,0,
74,2G4 SF10 BW250 PA10,14,2608222108,74,1,17226,-36.0,14.0,1,0,
74,2G4 SF10 BW250 PA10,15,2608222108,74,1,18002,-36.0,14.0,1,0,
74,2G4 SF10 BW250 PA10,16,2608222108,74,1,18779,-36.0,12.0,1,0,
74,2G4 SF10 BW250 PA10,17,2608222108,74,1,19555,-36.0,12.0,1,0,
74,2G4 SF10 BW250 PA10,18,2608222108,74,1,20331,-36.0,12.0,1,0,
74,2G4 SF10 BW250 PA10,19,2608222108,74,1,21108,-36.0,14.0,1,0,
74,2G4 SF10 BW250 PA10,20,2608222108,74,1,21884,-36.0,12.0,1,0,
74,2G4 SF10 BW250 PA10,21,2608222108,74,1,22661,-36.0,14.0,1,0,
74,2G4 SF10 BW250 PA10,1075831560,2608222108,74,1,24307,-91.0,-20.0,1,949,
74,2G4 SF10 BW250 PA10,24,2608222108,74,1,24990,-36.0,14.0,1,0,
74,2G4 SF10 BW250 PA10,25,2608222108,74,1,25766,-36.0,13.0,1,0,
74,2G4 SF10 BW250 PA10,26,2608222108,74,1,26543,-36.0,12.0,1,0,
74,2G4 SF10 BW250 PA10,27,2608222108,74,1,27319,-36.0,12.0,1,0,
74,2G4 SF10 BW250 PA10,28,2608222108,74,1,28095,-36.0,12.0,1,0,
74,2G4 SF10 BW250 PA10,29,2608222108,74,1,28872,-36.0,12.0,1,0,
74,2G4 SF10 BW250 PA10,30,2608222108,74,1,29648,-36.0,12.0,1,0,
74,2G4 SF10 BW250 PA10,31,2608222108,74,1,30425,-36.0,12.0,1,0,
74,2G4 SF10 BW250 PA10,32,2608222108,74,1,31201,-36.0,12.0,1,0,
74,2G4 SF10 BW250 PA10,33,2608222108,74,1,31978,-36.0,12.0,1,0,
74,2G4 SF10 BW250 PA10,34,2608222108,74,1,32754,-36.0,14.0,1,0,
74,2G4 SF10 BW250 PA10,35,2608222108,74,1,33530,-36.0,14.0,1,0,
74,2G4 SF10 BW250 PA10,36,2608222108,74,1,34307,-36.0,12.0,1,0,
74,2G4 SF10 BW250 PA10,37,2608222108,74,1,35083,-36.0,13.0,1,0,
74,2G4 SF10 BW250 PA10,38,2608222108,74,1,35860,-36.0,14.0,1,0,
74,2G4 SF10 BW250 PA10,39,2608222108,74,1,36636,-36.0,12.0,1,0,
74,2G4 SF10 BW250 PA10,40,2608222108,74,1,37412,-36.0,14.0,1,0,
74,2G4 SF10 BW250 PA10,41,2608222108,74,1,38189,-36.0,14.0,1,0,
74,2G4 SF10 BW250 PA10,42,2608222108,74,1,38965,-36.0,14.0,1,0,
74,2G4 SF10 BW250 PA10,43,2608222108,74,1,39742,-36.0,12.0,1,0,
74,2G4 SF10 BW250 PA10,44,2608222108,74,1,40518,-36.0,12.0,1,0,
74,2G4 SF10 BW250 PA10,45,2608222108,74,1,41295,-36.0,12.0,1,0,
74,2G4 SF10 BW250 PA10,46,2608222108,74,1,42071,-36.0,12.0,1,0,
74,2G4 SF10 BW250 PA10,47,2608222108,74,1,42847,-36.0,14.0,1,0,
74,2G4 SF10 BW250 PA10,48,2608222108,74,1,43624,-36.0,12.0,1,0,
74,2G4 SF10 BW250 PA10,49,2608222108,74,1,44400,-36.0,12.0,1,0,
75,2G4 SF11 BW250 PA10,0,2608222108,75,1,6627,-36.0,8.0,1,0,
75,2G4 SF11 BW250 PA10,1,2608222108,75,1,8082,-36.0,10.0,1,0,
75,2G4 SF11 BW250 PA10,2,2608222108,75,1,9536,-36.0,10.0,1,0,
75,2G4 SF11 BW250 PA10,3,2608222108,75,1,10991,-36.0,10.0,1,0,
75,2G4 SF11 BW250 PA10,4,2608222108,75,1,12445,-36.0,10.0,1,0,
75,2G4 SF11 BW250 PA10,5,2608222108,75,1,13900,-36.0,10.0,1,0,
75,2G4 SF11 BW250 PA10,6,2608222108,75,1,15354,-36.0,10.0,1,0,
75,2G4 SF11 BW250 PA10,7,2608222108,75,1,16809,-36.0,10.0,1,0,
75,2G4 SF11 BW250 PA10,8,2608222108,75,1,18263,-36.0,10.0,1,0,
75,2G4 SF11 BW250 PA10,9,2608222108,75,1,19718,-36.0,10.0,1,0,
75,2G4 SF11 BW250 PA10,10,2608222108,75,1,21172,-36.0,10.0,1,0,
75,2G4 SF11 BW250 PA10,11,2608222108,75,1,22627,-36.0,10.0,1,0,
75,2G4 SF11 BW250 PA10,12,2608222108,75,1,24081,-36.0,10.0,1,0,
75,2G4 SF11 BW250 PA10,13,2608222108,75,1,25536,-36.0,10.0,1,0,
75,2G4 SF11 BW250 PA10,14,2608222108,75,1,26990,-36.0,11.0,1,0,
75,2G4 SF11 BW250 PA10,15,2608222108,75,1,28445,-36.0,10.0,1,0,
75,2G4 SF11 BW250 PA10,16,2608222108,75,1,29899,-36.0,10.0,1,0,
75,2G4 SF11 BW250 PA10,17,2608222108,75,1,31354,-36.0,10.0,1,0,
75,2G4 SF11 BW250 PA10,18,2608222108,75,1,32808,-36.0,10.0,1,0,
75,2G4 SF11 BW250 PA10,19,2608222108,75,1,34263,-36.0,10.0,1,0,
75,2G4 SF11 BW250 PA10,20,2608222108,75,1,35717,-36.0,10.0,1,0,
75,2G4 SF11 BW250 PA10,21,2608222108,75,1,37172,-36.0,10.0,1,0,
75,2G4 SF11 BW250 PA10,22,2608222108,75,1,38626,-36.0,10.0,1,0,
75,2G4 SF11 BW250 PA10,23,2608222108,75,1,40081,-36.0,10.0,1,0,
75,2G4 SF11 BW250 PA10,24,2608222108,75,1,41535,-36.0,10.0,1,0,
75,2G4 SF11 BW250 PA10,25,2608222108,75,1,42990,-36.0,10.0,1,0,
75,2G4 SF11 BW250 PA10,26,2608222108,75,1,44444,-36.0,10.0,1,0,
75,2G4 SF11 BW250 PA10,27,2608222108,75,1,45899,-36.0,10.0,1,0,
75,2G4 SF11 BW250 PA10,28,2608222108,75,1,47353,-36.0,10.0,1,0,
75,2G4 SF11 BW250 PA10,29,2608222108,75,1,48808,-36.0,10.0,1,0,
75,2G4 SF11 BW250 PA10,30,2608222108,75,1,50262,-36.0,10.0,1,0,
75,2G4 SF11 BW250 PA10,31,2608222108,75,1,51717,-36.0,10.0,1,0,
75,2G4 SF11 BW250 PA10,32,2608222108,75,1,53171,-36.0,10.0,1,0,
75,2G4 SF11 BW250 PA10,33,2608222108,75,1,54626,-36.0,10.0,1,0,
75,2G4 SF11 BW250 PA10,34,2608222108,75,1,56080,-36.0,10.0,1,0,
75,2G4 SF11 BW250 PA10,35,2608222108,75,1,57535,-36.0,10.0,1,0,
75,2G4 SF11 BW250 PA10,36,2608222108,75,1,58989,-36.0,10.0,1,0,
75,2G4 SF11 BW250 PA10,37,2608222108,75,1,60444,-36.0,10.0,1,0,
75,2G4 SF11 BW250 PA10,38,2608222108,75,1,61898,-36.0,10.0,1,0,
75,2G4 SF11 BW250 PA10,39,2608222108,75,1,63353,-36.0,10.0,1,0,
75,2G4 SF11 BW250 PA10,40,2608222108,75,1,64808,-36.0,10.0,1,0,
75,2G4 SF11 BW250 PA10,41,2608222108,75,1,66262,-36.0,10.0,1,0,
75,2G4 SF11 BW250 PA10,42,2608222108,75,1,67717,-36.0,10.0,1,0,
75,2G4 SF11 BW250 PA10,43,2608222108,75,1,69171,-36.0,10.0,1,0,
75,2G4 SF11 BW250 PA10,44,2608222108,75,1,70626,-36.0,10.0,1,0,
75,2G4 SF11 BW250 PA10,45,2608222108,75,1,72080,-36.0,10.0,1,0,
75,2G4 SF11 BW250 PA10,46,2608222108,75,1,73535,-36.0,10.0,1,0,
75,2G4 SF11 BW250 PA10,47,2608222108,75,1,74989,-36.0,10.0,1,0,
75,2G4 SF11 BW250 PA10,48,2608222108,75,1,76444,-36.0,10.0,1,0,
75,2G4 SF11 BW250 PA10,49,2608222108,75,1,77898,-36.0,10.0,1,0,
76,2G4 SF12 BW250 PA10,0,2608222108,76,1,7221,-36.0,10.0,1,0,
76,2G4 SF12 BW250 PA10,1,2608222108,76,1,9941,-36.0,10.0,1,0,
76,2G4 SF12 BW250 PA10,2,2608222108,76,1,12662,-36.0,10.0,1,0,
76,2G4 SF12 BW250 PA10,3,2608222108,76,1,15383,-36.0,10.0,1,0,
76,2G4 SF12 BW250 PA10,4,2608222108,76,1,18103,-36.0,10.0,1,0,
76,2G4 SF12 BW250 PA10,5,2608222108,76,1,20824,-36.0,9.0,1,0,
76,2G4 SF12 BW250 PA10,6,2608222108,76,1,23544,-36.0,10.0,1,0,
76,2G4 SF12 BW250 PA10,7,2608222108,76,1,26265,-36.0,10.0,1,0,
76,2G4 SF12 BW250 PA10,8,2608222108,76,1,28985,-36.0,9.0,1,0,
76,2G4 SF12 BW250 PA10,9,2608222108,76,1,31706,-36.0,10.0,1,0,
76,2G4 SF12 BW250 PA10,10,2608222108,76,1,34427,-36.0,10.0,1,0,
76,2G4 SF12 BW250 PA10,11,2608222108,76,1,37147,-36.0,10.0,1,0,
76,2G4 SF12 BW250 PA10,12,2608222108,76,1,39868,-36.0,10.0,1,0,
76,2G4 SF12 BW250 PA10,13,2608222108,76,1,42588,-36.0,9.0,1,0,
76,2G4 SF12 BW250 PA10,14,2608222108,76,1,45309,-36.0,10.0,1,0,
76,2G4 SF12 BW250 PA10,15,2608222108,76,1,48029,-36.0,9.0,1,0,
76,2G4 SF12 BW250 PA10,16,2608222108,76,1,50750,-36.0,10.0,1,0,
76,2G4 SF12 BW250 PA10,17,2608222108,76,1,53471,-36.0,10.0,1,0,
76,2G4 SF12 BW250 PA10,18,2608222108,76,1,56191,-36.0,8.0,1,0,
76,2G4 SF12 BW250 PA10,19,2608222108,76,1,58912,-36.0,10.0,1,0,
76,2G4 SF12 BW250 PA10,20,2608222108,76,1,61632,-36.0,9.0,1,0,
76,2G4 SF12 BW250 PA10,21,2608222108,76,1,64353,-36.0,9.0,1,0,
76,2G4 SF12 BW250 PA10,22,2608222108,76,1,67074,-36.0,10.0,1,0,
76,2G4 SF12 BW250 PA10,23,2608222108,76,1,69794,-36.0,9.0,1,0,
76,2G4 SF12 BW250 PA10,24,2608222108,76,1,72515,-36.0,10.0,1,0,
76,2G4 SF12 BW250 PA10,25,2608222108,76,1,75235,-36.0,10.0,1,0,
76,2G4 SF12 BW250 PA10,26,2608222108,76,1,77956,-36.0,10.0,1,0,
76,2G4 SF12 BW250 PA10,27,2608222108,76,1,80676,-36.0,10.0,1,0,
76,2G4 SF12 BW250 PA10,28,2608222108,76,1,83397,-36.0,9.0,1,0,
76,2G4 SF12 BW250 PA10,29,2608222108,76,1,86118,-36.0,9.0,1,0,
76,2G4 SF12 BW250 PA10,30,2608222108,76,1,88838,-36.0,9.0,1,0,
76,2G4 SF12 BW250 PA10,31,2608222108,76,1,91559,-36.0,10.0,1,0,
76,2G4 SF12 BW250 PA10,32,2608222108,76,1,94279,-36.0,9.0,1,0,
76,2G4 SF12 BW250 PA10,33,2608222108,76,1,97000,-36.0,10.0,1,0,
76,2G4 SF12 BW250 PA10,34,2608222108,76,1,99720,-36.0,10.0,1,0,
76,2G4 SF12 BW250 PA10,35,2608222108,76,1,102441,-36.0,10.0,1,0,
76,2G4 SF12 BW250 PA10,36,2608222108,76,1,105162,-36.0,9.0,1,0,
76,2G4 SF12 BW250 PA10,37,2608222108,76,1,107882,-36.0,9.0,1,0,
76,2G4 SF12 BW250 PA10,38,2608222108,76,1,110603,-36.0,10.0,1,0,
76,2G4 SF12 BW250 PA10,39,2608222108,76,1,113323,-36.0,9.0,1,0,
76,2G4 SF12 BW250 PA10,40,2608222108,76,1,116044,-36.0,9.0,1,0,
76,2G4 SF12 BW250 PA10,41,2608222108,76,1,118765,-36.0,10.0,1,0,
76,2G4 SF12 BW250 PA10,42,2608222108,76,1,121485,-36.0,10.0,1,0,
76,2G4 SF12 BW250 PA10,43,2608222108,76,1,124206,-36.0,10.0,1,0,
76,2G4 SF12 BW250 PA10,44,2608222108,76,1,126926,-36.0,9.0,1,0,
76,2G4 SF12 BW250 PA10,45,2608222108,76,1,129647,-36.0,9.0,1,0,
76,2G4 SF12 BW250 PA10,46,2608222108,76,1,132367,-36.0,9.0,1,0,
76,2G4 SF12 BW250 PA10,47,2608222108,76,1,135088,-36.0,10.0,1,0,
76,2G4 SF12 BW250 PA10,48,2608222108,76,1,137809,-36.0,9.0,1,0,
76,2G4 SF12 BW250 PA10,49,2608222108,76,1,140529,-36.0,10.0,1,0,
77,2G4 SF5 BW500 PA10,0,2608222108,77,1,6053,-35.0,11.0,1,0,
77,2G4 SF5 BW500 PA10,1,2608222108,77,1,6083,-36.0,11.0,1,0,
77,2G4 SF5 BW500 PA10,2,2608222108,77,1,6113,-36.0,10.0,1,0,
77,2G4 SF5 BW500 PA10,3,2608222108,77,1,6143,-35.0,11.0,1,0,
77,2G4 SF5 BW500 PA10,4,2608222108,77,1,6173,-35.0,10.0,1,0,
77,2G4 SF5 BW500 PA10,5,2608222108,77,1,6204,-35.0,10.0,1,0,
77,2G4 SF5 BW500 PA10,6,2608222108,77,1,6234,-35.0,10.0,1,0,
77,2G4 SF5 BW500 PA10,7,2608222108,77,1,6264,-35.0,11.0,1,0,
77,2G4 SF5 BW500 PA10,8,2608222108,77,1,6294,-35.0,11.0,1,0,
77,2G4 SF5 BW500 PA10,9,2608222108,77,1,6324,-35.0,10.0,1,0,
77,2G4 SF5 BW500 PA10,10,2608222108,77,1,6355,-35.0,10.0,1,0,
77,2G4 SF5 BW500 PA10,11,2608222108,77,1,6385,-35.0,9.0,1,0,
77,2G4 SF5 BW500 PA10,12,2608222108,77,1,6415,-35.0,9.0,1,0,
77,2G4 SF5 BW500 PA10,13,2608222108,77,1,6445,-35.0,11.0,1,0,
77,2G4 SF5 BW500 PA10,14,2608222108,77,1,6475,-35.0,10.0,1,0,
77,2G4 SF5 BW500 PA10,15,2608222108,77,1,6506,-35.0,11.0,1,0,
77,2G4 SF5 BW500 PA10,16,2608222108,77,1,6536,-35.0,10.0,1,0,
77,2G4 SF5 BW500 PA10,17,2608222108,77,1,6566,-36.0,10.0,1,0,
77,2G4 SF5 BW500 PA10,18,2608222108,77,1,6596,-35.0,10.0,1,0,
77,2G4 SF5 BW500 PA10,19,2608222108,77,1,6626,-35.0,10.0,1,0,
77,2G4 SF5 BW500 PA10,20,2608222108,77,1,6657,-35.0,10.0,1,0,
77,2G4 SF5 BW500 PA10,21,2608222108,77,1,6687,-35.0,10.0,1,0,
77,2G4 SF5 BW500 PA10,22,2608222108,77,1,6717,-36.0,10.0,1,0,
77,2G4 SF5 BW500 PA10,23,2608222108,77,1,6747,-35.0,9.0,1,0,
77,2G4 SF5 BW500 PA10,24,2608222108,77,1,6777,-35.0,11.0,1,0,
77,2G4 SF5 BW500 PA10,25,2608222108,77,1,6808,-35.0,11.0,1,0,
77,2G4 SF5 BW500 PA10,26,2608222108,77,1,6838,-36.0,10.0,1,0,
77,2G4 SF5 BW500 PA10,27,2608222108,77,1,6868,-35.0,10.0,1,0,
77,2G4 SF5 BW500 PA10,28,2608222108,77,1,6898,-35.0,10.0,1,0,
77,2G4 SF5 BW500 PA10,29,2608222108,77,1,6928,-35.0,11.0,1,0,
77,2G4 SF5 BW500 PA10,30,2608222108,77,1,6959,-35.0,10.0,1,0,
77,2G4 SF5 BW500 PA10,31,2608222108,77,1,6989,-35.0,10.0,1,0,
77,2G4 SF5 BW500 PA10,32,2608222108,77,1,7019,-35.0,11.0,1,0,
77,2G4 SF5 BW500 PA10,33,2608222108,77,1,7049,-36.0,10.0,1,0,
77,2G4 SF5 BW500 PA10,34,2608222108,77,1,7079,-35.0,11.0,1,0,
77,2G4 SF5 BW500 PA10,35,2608222108,77,1,7110,-35.0,11.0,1,0,
77,2G4 SF5 BW500 PA10,36,2608222108,77,1,7140,-35.0,10.0,1,0,
77,2G4 SF5 BW500 PA10,37,2608222108,77,1,7170,-35.0,10.0,1,0,
77,2G4 SF5 BW500 PA10,38,2608222108,77,1,7200,-36.0,11.0,1,0,
77,2G4 SF5 BW500 PA10,39,2608222108,77,1,7230,-35.0,11.0,1,0,
77,2G4 SF5 BW500 PA10,40,2608222108,77,1,7260,-36.0,11.0,1,0,
77,2G4 SF5 BW500 PA10,41,2608222108,77,1,7291,-35.0,10.0,1,0,
77,2G4 SF5 BW500 PA10,42,2608222108,77,1,7321,-35.0,10.0,1,0,
77,2G4 SF5 BW500 PA10,43,2608222108,77,1,7351,-35.0,10.0,1,0,
77,2G4 SF5 BW500 PA10,44,2608222108,77,1,7381,-35.0,10.0,1,0,
77,2G4 SF5 BW500 PA10,45,2608222108,77,1,7411,-35.0,10.0,1,0,
77,2G4 SF5 BW500 PA10,46,2608222108,77,1,7442,-36.0,10.0,1,0,
77,2G4 SF5 BW500 PA10,47,2608222108,77,1,7472,-36.0,10.0,1,0,
77,2G4 SF5 BW500 PA10,48,2608222108,77,1,7502,-35.0,10.0,1,0,
77,2G4 SF5 BW500 PA10,49,2608222108,77,1,7532,-35.0,12.0,1,0,
78,2G4 SF6 BW500 PA10,0,2608222108,78,1,6010,-35.0,12.0,1,0,
78,2G4 SF6 BW500 PA10,1,2608222108,78,1,6056,-36.0,13.0,1,0,
78,2G4 SF6 BW500 PA10,2,2608222108,78,1,6102,-35.0,12.0,1,0,
78,2G4 SF6 BW500 PA10,3,2608222108,78,1,6147,-35.0,13.0,1,0,
78,2G4 SF6 BW500 PA10,4,2608222108,78,1,6193,-35.0,12.0,1,0,
78,2G4 SF6 BW500 PA10,5,2608222108,78,1,6239,-35.0,13.0,1,0,
78,2G4 SF6 BW500 PA10,6,2608222108,78,1,6285,-35.0,13.0,1,0,
78,2G4 SF6 BW500 PA10,7,2608222108,78,1,6331,-35.0,13.0,1,0,
78,2G4 SF6 BW500 PA10,8,2608222108,78,1,6377,-36.0,13.0,1,0,
78,2G4 SF6 BW500 PA10,9,2608222108,78,1,6423,-35.0,13.0,1,0,
78,2G4 SF6 BW500 PA10,10,2608222108,78,1,6469,-35.0,13.0,1,0,
78,2G4 SF6 BW500 PA10,11,2608222108,78,1,6515,-35.0,13.0,1,0,
78,2G4 SF6 BW500 PA10,12,2608222108,78,1,6561,-35.0,13.0,1,0,
78,2G4 SF6 BW500 PA10,13,2608222108,78,1,6607,-35.0,12.0,1,0,
78,2G4 SF6 BW500 PA10,14,2608222108,78,1,6652,-36.0,12.0,1,0,
78,2G4 SF6 BW500 PA10,15,2608222108,78,1,6698,-36.0,13.0,1,0,
78,2G4 SF6 BW500 PA10,16,2608222108,78,1,6744,-35.0,13.0,1,0,
78,2G4 SF6 BW500 PA10,17,2608222108,78,1,6790,-36.0,12.0,1,0,
78,2G4 SF6 BW500 PA10,18,2608222108,78,1,6836,-35.0,13.0,1,0,
78,2G4 SF6 BW500 PA10,19,2608222108,78,1,6882,-36.0,13.0,1,0,
78,2G4 SF6 BW500 PA10,20,2608222108,78,1,6928,-35.0,12.0,1,0,
78,2G4 SF6 BW500 PA10,21,2608222108,78,1,6974,-35.0,12.0,1,0,
78,2G4 SF6 BW500 PA10,22,2608222108,78,1,7020,-36.0,13.0,1,0,
78,2G4 SF6 BW500 PA10,23,2608222108,78,1,7066,-35.0,12.0,1,0,
78,2G4 SF6 BW500 PA10,24,2608222108,78,1,7112,-36.0,13.0,1,0,
78,2G4 SF6 BW500 PA10,25,2608222108,78,1,7157,-35.0,13.0,1,0,
78,2G4 SF6 BW500 PA10,26,2608222108,78,1,7203,-36.0,12.0,1,0,
78,2G4 SF6 BW500 PA10,27,2608222108,78,1,7249,-35.0,12.0,1,0,
78,2G4 SF6 BW500 PA10,28,2608222108,78,1,7295,-36.0,13.0,1,0,
78,2G4 SF6 BW500 PA10,29,2608222108,78,1,7341,-35.0,12.0,1,0,
78,2G4 SF6 BW500 PA10,30,2608222108,78,1,7387,-35.0,12.0,1,0,
78,2G4 SF6 BW500 PA10,31,2608222108,78,1,7433,-35.0,12.0,1,0,
78,2G4 SF6 BW500 PA10,32,2608222108,78,1,7479,-35.0,12.0,1,0,
78,2G4 SF6 BW500 PA10,33,2608222108,78,1,7525,-35.0,13.0,1,0,
78,2G4 SF6 BW500 PA10,34,2608222108,78,1,7571,-35.0,12.0,1,0,
78,2G4 SF6 BW500 PA10,35,2608222108,78,1,7617,-36.0,12.0,1,0,
78,2G4 SF6 BW500 PA10,36,2608222108,78,1,7662,-35.0,13.0,1,0,
78,2G4 SF6 BW500 PA10,37,2608222108,78,1,7708,-36.0,13.0,1,0,
78,2G4 SF6 BW500 PA10,38,2608222108,78,1,7754,-35.0,12.0,1,0,
78,2G4 SF6 BW500 PA10,39,2608222108,78,1,7800,-36.0,13.0,1,0,
78,2G4 SF6 BW500 PA10,40,2608222108,78,1,7846,-35.0,12.0,1,0,
78,2G4 SF6 BW500 PA10,41,2608222108,78,1,7892,-35.0,13.0,1,0,
78,2G4 SF6 BW500 PA10,42,2608222108,78,1,7938,-35.0,12.0,1,0,
78,2G4 SF6 BW500 PA10,43,2608222108,78,1,7984,-35.0,12.0,1,0,
78,2G4 SF6 BW500 PA10,44,2608222108,78,1,8030,-35.0,13.0,1,0,
78,2G4 SF6 BW500 PA10,45,2608222108,78,1,8076,-36.0,13.0,1,0,
78,2G4 SF6 BW500 PA10,46,2608222108,78,1,8122,-36.0,14.0,1,0,
78,2G4 SF6 BW500 PA10,47,2608222108,78,1,8167,-36.0,13.0,1,0,
78,2G4 SF6 BW500 PA10,48,2608222108,78,1,8213,-35.0,13.0,1,0,
78,2G4 SF6 BW500 PA10,49,2608222108,78,1,8259,-35.0,12.0,1,0,
79,2G4 SF7 BW500 PA10,0,2608222108,79,1,6061,-35.0,14.0,1,0,
79,2G4 SF7 BW500 PA10,1,2608222108,79,1,6134,-36.0,14.0,1,0,
79,2G4 SF7 BW500 PA10,2,2608222108,79,1,6207,-36.0,14.0,1,0,
79,2G4 SF7 BW500 PA10,3,2608222108,79,1,6280,-35.0,14.0,1,0,
79,2G4 SF7 BW500 PA10,4,2608222108,79,1,6353,-36.0,14.0,1,0,
79,2G4 SF7 BW500 PA10,5,2608222108,79,1,6426,-36.0,14.0,1,0,
79,2G4 SF7 BW500 PA10,6,2608222108,79,1,6500,-36.0,14.0,1,0,
79,2G4 SF7 BW500 PA10,7,2608222108,79,1,6573,-36.0,14.0,1,0,
79,2G4 SF7 BW500 PA10,8,2608222108,79,1,6646,-36.0,14.0,1,0,
79,2G4 SF7 BW500 PA10,9,2608222108,79,1,6719,-36.0,14.0,1,0,
79,2G4 SF7 BW500 PA10,10,2608222108,79,1,6792,-36.0,14.0,1,0,
79,2G4 SF7 BW500 PA10,11,2608222108,79,1,6865,-35.0,14.0,1,0,
79,2G4 SF7 BW500 PA10,12,2608222108,79,1,6938,-36.0,14.0,1,0,
79,2G4 SF7 BW500 PA10,13,2608222108,79,1,7011,-35.0,14.0,1,0,
79,2G4 SF7 BW500 PA10,14,2608222108,79,1,7084,-35.0,14.0,1,0,
79,2G4 SF7 BW500 PA10,15,2608222108,79,1,7158,-35.0,14.0,1,0,
79,2G4 SF7 BW500 PA10,16,2608222108,79,1,7231,-36.0,14.0,1,0,
79,2G4 SF7 BW500 PA10,17,2608222108,79,1,7304,-36.0,14.0,1,0,
79,2G4 SF7 BW500 PA10,18,2608222108,79,1,7377,-35.0,14.0,1,0,
79,2G4 SF7 BW500 PA10,19,2608222108,79,1,7450,-35.0,14.0,1,0,
79,2G4 SF7 BW500 PA10,20,2608222108,79,1,7523,-35.0,14.0,1,0,
79,2G4 SF7 BW500 PA10,21,2608222108,79,1,7596,-36.0,14.0,1,0,
79,2G4 SF7 BW500 PA10,22,2608222108,79,1,7669,-36.0,14.0,1,0,
79,2G4 SF7 BW500 PA10,23,2608222108,79,1,7743,-35.0,15.0,1,0,
79,2G4 SF7 BW500 PA10,24,2608222108,79,1,7816,-35.0,14.0,1,0,
79,2G4 SF7 BW500 PA10,25,2608222108,79,1,7889,-35.0,14.0,1,0,
79,2G4 SF7 BW500 PA10,26,2608222108,79,1,7962,-36.0,14.0,1,0,
79,2G4 SF7 BW500 PA10,27,2608222108,79,1,8035,-36.0,14.0,1,0,
79,2G4 SF7 BW500 PA10,28,2608222108,79,1,8108,-35.0,14.0,1,0,
79,2G4 SF7 BW500 PA10,29,2608222108,79,1,8181,-35.0,14.0,1,0,
79,2G4 SF7 BW500 PA10,30,2608222108,79,1,8254,-36.0,14.0,1,0,
79,2G4 SF7 BW500 PA10,31,2608222108,79,1,8327,-35.0,14.0,1,0,
79,2G4 SF7 BW500 PA10,32,2608222108,79,1,8401,-35.0,14.0,1,0,
79,2G4 SF7 BW500 PA10,33,2608222108,79,1,8474,-35.0,14.0,1,0,
79,2G4 SF7 BW500 PA10,34,2608222108,79,1,8547,-36.0,14.0,1,0,
79,2G4 SF7 BW500 PA10,35,2608222108,79,1,8620,-36.0,14.0,1,0,
79,2G4 SF7 BW500 PA10,36,2608222108,79,1,8693,-35.0,15.0,1,0,
79,2G4 SF7 BW500 PA10,37,2608222108,79,1,8766,-35.0,15.0,1,0,
79,2G4 SF7 BW500 PA10,38,2608222108,79,1,8839,-35.0,14.0,1,0,
79,2G4 SF7 BW500 PA10,39,2608222108,79,1,8912,-36.0,14.0,1,0,
79,2G4 SF7 BW500 PA10,40,2608222108,79,1,8986,-35.0,14.0,1,0,
79,2G4 SF7 BW500 PA10,41,2608222108,79,1,9059,-35.0,14.0,1,0,
79,2G4 SF7 BW500 PA10,42,2608222108,79,1,9132,-35.0,14.0,1,0,
79,2G4 SF7 BW500 PA10,43,2608222108,79,1,9205,-35.0,15.0,1,0,
79,2G4 SF7 BW500 PA10,44,2608222108,79,1,9278,-36.0,14.0,1,0,
79,2G4 SF7 BW500 PA10,45,2608222108,79,1,9351,-35.0,15.0,1,0,
79,2G4 SF7 BW500 PA10,46,2608222108,79,1,9424,-35.0,14.0,1,0,
79,2G4 SF7 BW500 PA10,47,2608222108,79,1,9497,-35.0,14.0,1,0,
79,2G4 SF7 BW500 PA10,48,2608222108,79,1,9571,-36.0,14.0,1,0,
79,2G4 SF7 BW500 PA10,49,2608222108,79,1,9644,-35.0,14.0,1,0,
80,2G4 SF8 BW500 PA10,0,2608222108,80,1,6104,-36.0,15.0,1,0,
80,2G4 SF8 BW500 PA10,1,2608222108,80,1,6230,-36.0,15.0,1,0,
80,2G4 SF8 BW500 PA10,2,2608222108,80,1,6357,-36.0,15.0,1,0,
80,2G4 SF8 BW500 PA10,3,2608222108,80,1,6484,-36.0,15.0,1,0,
80,2G4 SF8 BW500 PA10,4,2608222108,80,1,6611,-36.0,15.0,1,0,
80,2G4 SF8 BW500 PA10,5,2608222108,80,1,6738,-35.0,15.0,1,0,
80,2G4 SF8 BW500 PA10,6,2608222108,80,1,6864,-35.0,15.0,1,0,
80,2G4 SF8 BW500 PA10,7,2608222108,80,1,6991,-36.0,15.0,1,0,
80,2G4 SF8 BW500 PA10,8,2608222108,80,1,7118,-36.0,15.0,1,0,
80,2G4 SF8 BW500 PA10,9,2608222108,80,1,7245,-36.0,15.0,1,0,
80,2G4 SF8 BW500 PA10,10,2608222108,80,1,7371,-35.0,15.0,1,0,
80,2G4 SF8 BW500 PA10,11,2608222108,80,1,7498,-35.0,15.0,1,0,
80,2G4 SF8 BW500 PA10,12,2608222108,80,1,7625,-35.0,15.0,1,0,
80,2G4 SF8 BW500 PA10,13,2608222108,80,1,7752,-36.0,15.0,1,0,
80,2G4 SF8 BW500 PA10,14,2608222108,80,1,7878,-36.0,15.0,1,0,
80,2G4 SF8 BW500 PA10,15,2608222108,80,1,8005,-36.0,15.0,1,0,
80,2G4 SF8 BW500 PA10,16,2608222108,80,1,8132,-36.0,15.0,1,0,
80,2G4 SF8 BW500 PA10,17,2608222108,80,1,8259,-36.0,15.0,1,0,
80,2G4 SF8 BW500 PA10,18,2608222108,80,1,8385,-36.0,15.0,1,0,
80,2G4 SF8 BW500 PA10,19,2608222108,80,1,8512,-36.0,15.0,1,0,
80,2G4 SF8 BW500 PA10,20,2608222108,80,1,8639,-36.0,15.0,1,0,
80,2G4 SF8 BW500 PA10,21,2608222108,80,1,8766,-35.0,15.0,1,0,
80,2G4 SF8 BW500 PA10,22,2608222108,80,1,8892,-35.0,15.0,1,0,
80,2G4 SF8 BW500 PA10,23,2608222108,80,1,9019,-36.0,15.0,1,0,
80,2G4 SF8 BW500 PA10,24,2608222108,80,1,9146,-35.0,15.0,1,0,
80,2G4 SF8 BW500 PA10,25,2608222108,80,1,9273,-36.0,15.0,1,0,
80,2G4 SF8 BW500 PA10,26,2608222108,80,1,9399,-36.0,15.0,1,0,
80,2G4 SF8 BW500 PA10,27,2608222108,80,1,9526,-35.0,15.0,1,0,
80,2G4 SF8 BW500 PA10,28,2608222108,80,1,9653,-36.0,15.0,1,0,
80,2G4 SF8 BW500 PA10,29,2608222108,80,1,9780,-36.0,15.0,1,0,
80,2G4 SF8 BW500 PA10,30,2608222108,80,1,9906,-36.0,15.0,1,0,
80,2G4 SF8 BW500 PA10,31,2608222108,80,1,10033,-36.0,15.0,1,0,
80,2G4 SF8 BW500 PA10,32,2608222108,80,1,10160,-36.0,15.0,1,0,
80,2G4 SF8 BW500 PA10,33,2608222108,80,1,10287,-36.0,15.0,1,0,
80,2G4 SF8 BW500 PA10,34,2608222108,80,1,10413,-35.0,15.0,1,0,
80,2G4 SF8 BW500 PA10,35,2608222108,80,1,10540,-36.0,15.0,1,0,
80,2G4 SF8 BW500 PA10,36,2608222108,80,1,10667,-36.0,15.0,1,0,
80,2G4 SF8 BW500 PA10,37,2608222108,80,1,10794,-36.0,15.0,1,0,
80,2G4 SF8 BW500 PA10,38,2608222108,80,1,10920,-35.0,15.0,1,0,
80,2G4 SF8 BW500 PA10,39,2608222108,80,1,11047,-36.0,15.0,1,0,
80,2G4 SF8 BW500 PA10,40,2608222108,80,1,11174,-35.0,15.0,1,0,
80,2G4 SF8 BW500 PA10,41,2608222108,80,1,11301,-35.0,15.0,1,0,
80,2G4 SF8 BW500 PA10,42,2608222108,80,1,11427,-36.0,15.0,1,0,
80,2G4 SF8 BW500 PA10,43,2608222108,80,1,11554,-35.0,15.0,1,0,
80,2G4 SF8 BW500 PA10,44,2608222108,80,1,11681,-35.0,15.0,1,0,
80,2G4 SF8 BW500 PA10,45,2608222108,80,1,11808,-36.0,15.0,1,0,
80,2G4 SF8 BW500 PA10,46,2608222108,80,1,11934,-36.0,15.0,1,0,
80,2G4 SF8 BW500 PA10,47,2608222108,80,1,12061,-36.0,15.0,1,0,
80,2G4 SF8 BW500 PA10,48,2608222108,80,1,12188,-36.0,15.0,1,0,
80,2G4 SF8 BW500 PA10,49,2608222108,80,1,12315,-36.0,15.0,1,0,
81,2G4 SF9 BW500 PA10,0,2608222108,81,1,6072,-36.0,13.0,1,0,
81,2G4 SF9 BW500 PA10,1,2608222108,81,1,6295,-36.0,13.0,1,0,
81,2G4 SF9 BW500 PA10,2,2608222108,81,1,6517,-35.0,13.0,1,0,
81,2G4 SF9 BW500 PA10,3,2608222108,81,1,6740,-36.0,13.0,1,0,
81,2G4 SF9 BW500 PA10,4,2608222108,81,1,6963,-36.0,13.0,1,0,
81,2G4 SF9 BW500 PA10,5,2608222108,81,1,7186,-36.0,13.0,1,0,
81,2G4 SF9 BW500 PA10,6,2608222108,81,1,7408,-36.0,13.0,1,0,
81,2G4 SF9 BW500 PA10,7,2608222108,81,1,7631,-36.0,13.0,1,0,
81,2G4 SF9 BW500 PA10,8,2608222108,81,1,7854,-36.0,13.0,1,0,
81,2G4 SF9 BW500 PA10,9,2608222108,81,1,8077,-36.0,13.0,1,0,
81,2G4 SF9 BW500 PA10,10,2608222108,81,1,8300,-35.0,13.0,1,0,
81,2G4 SF9 BW500 PA10,11,2608222108,81,1,8522,-36.0,13.0,1,0,
81,2G4 SF9 BW500 PA10,12,2608222108,81,1,8745,-36.0,13.0,1,0,
81,2G4 SF9 BW500 PA10,13,2608222108,81,1,8968,-36.0,13.0,1,0,
81,2G4 SF9 BW500 PA10,14,2608222108,81,1,9191,-36.0,13.0,1,0,
81,2G4 SF9 BW500 PA10,15,2608222108,81,1,9414,-36.0,13.0,1,0,
81,2G4 SF9 BW500 PA10,16,2608222108,81,1,9636,-36.0,13.0,1,0,
81,2G4 SF9 BW500 PA10,17,2608222108,81,1,9859,-36.0,13.0,1,0,
81,2G4 SF9 BW500 PA10,18,2608222108,81,1,10082,-35.0,13.0,1,0,
81,2G4 SF9 BW500 PA10,19,2608222108,81,1,10305,-36.0,13.0,1,0,
81,2G4 SF9 BW500 PA10,20,2608222108,81,1,10527,-36.0,13.0,1,0,
81,2G4 SF9 BW500 PA10,21,2608222108,81,1,10750,-36.0,13.0,1,0,
81,2G4 SF9 BW500 PA10,22,2608222108,81,1,10973,-36.0,13.0,1,0,
81,2G4 SF9 BW500 PA10,23,2608222108,81,1,11196,-36.0,13.0,1,0,
81,2G4 SF9 BW500 PA10,24,2608222108,81,1,11419,-36.0,13.0,1,0,
81,2G4 SF9 BW500 PA10,25,2608222108,81,1,11641,-36.0,13.0,1,0,
81,2G4 SF9 BW500 PA10,26,2608222108,81,1,11864,-36.0,13.0,1,0,
81,2G4 SF9 BW500 PA10,27,2608222108,81,1,12087,-36.0,13.0,1,0,
81,2G4 SF9 BW500 PA10,28,2608222108,81,1,12310,-36.0,13.0,1,0,
81,2G4 SF9 BW500 PA10,29,2608222108,81,1,12533,-36.0,13.0,1,0,
81,2G4 SF9 BW500 PA10,30,2608222108,81,1,12755,-36.0,13.0,1,0,
81,2G4 SF9 BW500 PA10,31,2608222108,81,1,12978,-36.0,13.0,1,0,
81,2G4 SF9 BW500 PA10,32,2608222108,81,1,13201,-35.0,13.0,1,0,
81,2G4 SF9 BW500 PA10,33,2608222108,81,1,13424,-36.0,13.0,1,0,
81,2G4 SF9 BW500 PA10,34,2608222108,81,1,13647,-36.0,13.0,1,0,
81,2G4 SF9 BW500 PA10,35,2608222108,81,1,13869,-35.0,13.0,1,0,
81,2G4 SF9 BW500 PA10,36,2608222108,81,1,14092,-36.0,13.0,1,0,
81,2G4 SF9 BW500 PA10,37,2608222108,81,1,14315,-36.0,13.0,1,0,
81,2G4 SF9 BW500 PA10,38,2608222108,81,1,14538,-36.0,13.0,1,0,
81,2G4 SF9 BW500 PA10,39,2608222108,81,1,14760,-35.0,12.0,1,0,
81,2G4 SF9 BW500 PA10,40,2608222108,81,1,14983,-36.0,13.0,1,0,
81,2G4 SF9 BW500 PA10,41,2608222108,81,1,15206,-36.0,13.0,1,0,
81,2G4 SF9 BW500 PA10,42,2608222108,81,1,15429,-35.0,13.0,1,0,
81,2G4 SF9 BW500 PA10,43,2608222108,81,1,15652,-36.0,13.0,1,0,
81,2G4 SF9 BW500 PA10,44,2608222108,81,1,15874,-36.0,13.0,1,0,
81,2G4 SF9 BW500 PA10,45,2608222108,81,1,16097,-36.0,13.0,1,0,
81,2G4 SF9 BW500 PA10,46,2608222108,81,1,16320,-36.0,13.0,1,0,
81,2G4 SF9 BW500 PA10,47,2608222108,81,1,16543,-35.0,13.0,1,0,
81,2G4 SF9 BW500 PA10,48,2608222108,81,1,16766,-36.0,13.0,1,0,
81,2G4 SF9 BW500 PA10,49,2608222108,81,1,16988,-35.0,13.0,1,0,
82,2G4 SF10 BW500 PA10,0,2608222108,82,1,6158,-36.0,12.0,1,0,
82,2G4 SF10 BW500 PA10,1,2608222108,82,1,6550,-36.0,12.0,1,0,
82,2G4 SF10 BW500 PA10,2,2608222108,82,1,6943,-36.0,12.0,1,0,
82,2G4 SF10 BW500 PA10,3,2608222108,82,1,7335,-36.0,12.0,1,0,
82,2G4 SF10 BW500 PA10,4,2608222108,82,1,7727,-36.0,12.0,1,0,
82,2G4 SF10 BW500 PA10,5,2608222108,82,1,8120,-36.0,12.0,1,0,
82,2G4 SF10 BW500 PA10,6,2608222108,82,1,8512,-36.0,12.0,1,0,
82,2G4 SF10 BW500 PA10,7,2608222108,82,1,8904,-36.0,12.0,1,0,
82,2G4 SF10 BW500 PA10,8,2608222108,82,1,9296,-36.0,12.0,1,0,
82,2G4 SF10 BW500 PA10,9,2608222108,82,1,9689,-36.0,12.0,1,0,
82,2G4 SF10 BW500 PA10,10,2608222108,82,1,10081,-36.0,12.0,1,0,
82,2G4 SF10 BW500 PA10,11,2608222108,82,1,10473,-36.0,12.0,1,0,
82,2G4 SF10 BW500 PA10,12,2608222108,82,1,10866,-36.0,12.0,1,0,
82,2G4 SF10 BW500 PA10,13,2608222108,82,1,11258,-36.0,12.0,1,0,
82,2G4 SF10 BW500 PA10,14,2608222108,82,1,11650,-36.0,12.0,1,0,
82,2G4 SF10 BW500 PA10,15,2608222108,82,1,12043,-35.0,12.0,1,0,
82,2G4 SF10 BW500 PA10,16,2608222108,82,1,12435,-36.0,12.0,1,0,
82,2G4 SF10 BW500 PA10,17,2608222108,82,1,12827,-36.0,12.0,1,0,
82,2G4 SF10 BW500 PA10,18,2608222108,82,1,13220,-36.0,12.0,1,0,
82,2G4 SF10 BW500 PA10,19,2608222108,82,1,13612,-36.0,12.0,1,0,
82,2G4 SF10 BW500 PA10,20,2608222108,82,1,14004,-36.0,12.0,1,0,
82,2G4 SF10 BW500 PA10,21,2608222108,82,1,14396,-36.0,12.0,1,0,
82,2G4 SF10 BW500 PA10,22,2608222108,82,1,14789,-36.0,12.0,1,0,
82,2G4 SF10 BW500 PA10,23,2608222108,82,1,15181,-36.0,12.0,1,0,
82,2G4 SF10 BW500 PA10,24,2608222108,82,1,15573,-36.0,12.0,1,0,
82,2G4 SF10 BW500 PA10,25,2608222108,82,1,15966,-36.0,12.0,1,0,
82,2G4 SF10 BW500 PA10,26,2608222108,82,1,16358,-36.0,12.0,1,0,
82,2G4 SF10 BW500 PA10,27,2608222108,82,1,16750,-36.0,12.0,1,0,
82,2G4 SF10 BW500 PA10,28,2608222108,82,1,17143,-36.0,12.0,1,0,
82,2G4 SF10 BW500 PA10,29,2608222108,82,1,17535,-36.0,12.0,1,0,
82,2G4 SF10 BW500 PA10,30,2608222108,82,1,17927,-36.0,12.0,1,0,
82,2G4 SF10 BW500 PA10,31,2608222108,82,1,18320,-36.0,12.0,1,0,
82,2G4 SF10 BW500 PA10,32,2608222108,82,1,18712,-36.0,12.0,1,0,
82,2G4 SF10 BW500 PA10,33,2608222108,82,1,19104,-36.0,12.0,1,0,
82,2G4 SF10 BW500 PA10,34,2608222108,82,1,19496,-36.0,12.0,1,0,
82,2G4 SF10 BW500 PA10,35,2608222108,82,1,19889,-36.0,12.0,1,0,
82,2G4 SF10 BW500 PA10,36,2608222108,82,1,20281,-36.0,12.0,1,0,
82,2G4 SF10 BW500 PA10,37,2608222108,82,1,20673,-36.0,12.0,1,0,
82,2G4 SF10 BW500 PA10,38,2608222108,82,1,21066,-36.0,12.0,1,0,
82,2G4 SF10 BW500 PA10,39,2608222108,82,1,21458,-36.0,12.0,1,0,
82,2G4 SF10 BW500 PA10,40,2608222108,82,1,21850,-36.0,12.0,1,0,
82,2G4 SF10 BW500 PA10,41,2608222108,82,1,22243,-35.0,12.0,1,0,
82,2G4 SF10 BW500 PA10,42,2608222108,82,1,22635,-36.0,12.0,1,0,
82,2G4 SF10 BW500 PA10,43,2608222108,82,1,23027,-36.0,12.0,1,0,
82,2G4 SF10 BW500 PA10,44,2608222108,82,1,23420,-36.0,12.0,1,0,
82,2G4 SF10 BW500 PA10,45,2608222108,82,1,23812,-36.0,12.0,1,0,
82,2G4 SF10 BW500 PA10,46,2608222108,82,1,24204,-36.0,12.0,1,0,
82,2G4 SF10 BW500 PA10,47,2608222108,82,1,24596,-36.0,12.0,1,0,
82,2G4 SF10 BW500 PA10,48,2608222108,82,1,24989,-36.0,12.0,1,0,
82,2G4 SF10 BW500 PA10,49,2608222108,82,1,25381,-36.0,12.0,1,0,
83,2G4 SF11 BW500 PA10,0,2608222108,83,1,6327,-36.0,8.0,1,0,
83,2G4 SF11 BW500 PA10,1,2608222108,83,1,7058,-36.0,8.0,1,0,
83,2G4 SF11 BW500 PA10,2,2608222108,83,1,7789,-36.0,8.0,1,0,
83,2G4 SF11 BW500 PA10,3,2608222108,83,1,8521,-36.0,8.0,1,0,
83,2G4 SF11 BW500 PA10,4,2608222108,83,1,9252,-36.0,8.0,1,0,
83,2G4 SF11 BW500 PA10,5,2608222108,83,1,9983,-36.0,8.0,1,0,
83,2G4 SF11 BW500 PA10,6,2608222108,83,1,10715,-36.0,8.0,1,0,
83,2G4 SF11 BW500 PA10,7,2608222108,83,1,11446,-36.0,8.0,1,0,
83,2G4 SF11 BW500 PA10,8,2608222108,83,1,12178,-36.0,8.0,1,0,
83,2G4 SF11 BW500 PA10,9,2608222108,83,1,12909,-36.0,8.0,1,0,
83,2G4 SF11 BW500 PA10,10,2608222108,83,1,13640,-36.0,8.0,1,0,
83,2G4 SF11 BW500 PA10,11,2608222108,83,1,14372,-36.0,8.0,1,0,
83,2G4 SF11 BW500 PA10,12,2608222108,83,1,15103,-36.0,8.0,1,0,
83,2G4 SF11 BW500 PA10,13,2608222108,83,1,15834,-36.0,8.0,1,0,
83,2G4 SF11 BW500 PA10,14,2608222108,83,1,16566,-36.0,8.0,1,0,
83,2G4 SF11 BW500 PA10,15,2608222108,83,1,17297,-36.0,8.0,1,0,
83,2G4 SF11 BW500 PA10,16,2608222108,83,1,18028,-36.0,8.0,1,0,
83,2G4 SF11 BW500 PA10,17,2608222108,83,1,18760,-36.0,8.0,1,0,
83,2G4 SF11 BW500 PA10,18,2608222108,83,1,19491,-36.0,8.0,1,0,
83,2G4 SF11 BW500 PA10,19,2608222108,83,1,20222,-36.0,8.0,1,0,
83,2G4 SF11 BW500 PA10,20,2608222108,83,1,20954,-36.0,8.0,1,0,
83,2G4 SF11 BW500 PA10,21,2608222108,83,1,21685,-36.0,8.0,1,0,
83,2G4 SF11 BW500 PA10,22,2608222108,83,1,22416,-36.0,8.0,1,0,
83,2G4 SF11 BW500 PA10,23,2608222108,83,1,23148,-36.0,8.0,1,0,
83,2G4 SF11 BW500 PA10,24,2608222108,83,1,23879,-36.0,8.0,1,0,
83,2G4 SF11 BW500 PA10,25,2608222108,83,1,24610,-36.0,8.0,1,0,
83,2G4 SF11 BW500 PA10,26,2608222108,83,1,25342,-36.0,8.0,1,0,
83,2G4 SF11 BW500 PA10,27,2608222108,83,1,26073,-36.0,8.0,1,0,
83,2G4 SF11 BW500 PA10,28,2608222108,83,1,26805,-36.0,8.0,1,0,
83,2G4 SF11 BW500 PA10,29,2608222108,83,1,27536,-36.0,8.0,1,0,
83,2G4 SF11 BW500 PA10,30,2608222108,83,1,28267,-36.0,8.0,1,0,
83,2G4 SF11 BW500 PA10,31,2608222108,83,1,28999,-36.0,8.0,1,0,
83,2G4 SF11 BW500 PA10,32,2608222108,83,1,29730,-36.0,8.0,1,0,
83,2G4 SF11 BW500 PA10,33,2608222108,83,1,30461,-36.0,8.0,1,0,
83,2G4 SF11 BW500 PA10,34,2608222108,83,1,31193,-36.0,8.0,1,0,
83,2G4 SF11 BW500 PA10,35,2608222108,83,1,31924,-36.0,8.0,1,0,
83,2G4 SF11 BW500 PA10,36,2608222108,83,1,32655,-36.0,8.0,1,0,
83,2G4 SF11 BW500 PA10,37,2608222108,83,1,33387,-36.0,8.0,1,0,
83,2G4 SF11 BW500 PA10,38,2608222108,83,1,34118,-36.0,8.0,1,0,
83,2G4 SF11 BW500 PA10,39,2608222108,83,1,34849,-36.0,8.0,1,0,
83,2G4 SF11 BW500 PA10,40,2608222108,83,1,35581,-36.0,8.0,1,0,
83,2G4 SF11 BW500 PA10,41,2608222108,83,1,36312,-36.0,8.0,1,0,
83,2G4 SF11 BW500 PA10,42,2608222108,83,1,37043,-36.0,8.0,1,0,
83,2G4 SF11 BW500 PA10,43,2608222108,83,1,37775,-36.0,8.0,1,0,
83,2G4 SF11 BW500 PA10,44,2608222108,83,1,38506,-36.0,8.0,1,0,
83,2G4 SF11 BW500 PA10,45,2608222108,83,1,39237,-36.0,8.0,1,0,
83,2G4 SF11 BW500 PA10,46,2608222108,83,1,39969,-36.0,8.0,1,0,
83,2G4 SF11 BW500 PA10,47,2608222108,83,1,40700,-36.0,8.0,1,0,
83,2G4 SF11 BW500 PA10,48,2608222108,83,1,41432,-36.0,8.0,1,0,
83,2G4 SF11 BW500 PA10,49,2608222108,83,1,42163,-36.0,8.0,1,0,
84,2G4 SF12 BW500 PA10,0,2608222108,84,1,6619,-36.0,8.0,1,0,
84,2G4 SF12 BW500 PA10,1,2608222108,84,1,7984,-36.0,9.0,1,0,
84,2G4 SF12 BW500 PA10,2,2608222108,84,1,9348,-36.0,9.0,1,0,
84,2G4 SF12 BW500 PA10,3,2608222108,84,1,10713,-36.0,8.0,1,0,
84,2G4 SF12 BW500 PA10,4,2608222108,84,1,12077,-36.0,9.0,1,0,
84,2G4 SF12 BW500 PA10,5,2608222108,84,1,13441,-36.0,9.0,1,0,
84,2G4 SF12 BW500 PA10,6,2608222108,84,1,14806,-36.0,9.0,1,0,
84,2G4 SF12 BW500 PA10,7,2608222108,84,1,16170,-36.0,9.0,1,0,
84,2G4 SF12 BW500 PA10,8,2608222108,84,1,17535,-36.0,9.0,1,0,
84,2G4 SF12 BW500 PA10,9,2608222108,84,1,18899,-36.0,9.0,1,0,
84,2G4 SF12 BW500 PA10,10,2608222108,84,1,20263,-36.0,9.0,1,0,
84,2G4 SF12 BW500 PA10,11,2608222108,84,1,21628,-36.0,9.0,1,0,
84,2G4 SF12 BW500 PA10,12,2608222108,84,1,22992,-36.0,8.0,1,0,
84,2G4 SF12 BW500 PA10,13,2608222108,84,1,24357,-36.0,9.0,1,0,
84,2G4 SF12 BW500 PA10,14,2608222108,84,1,25721,-36.0,9.0,1,0,
84,2G4 SF12 BW500 PA10,15,2608222108,84,1,27085,-36.0,9.0,1,0,
84,2G4 SF12 BW500 PA10,16,2608222108,84,1,28450,-36.0,9.0,1,0,
84,2G4 SF12 BW500 PA10,17,2608222108,84,1,29814,-36.0,9.0,1,0,
84,2G4 SF12 BW500 PA10,18,2608222108,84,1,31179,-36.0,9.0,1,0,
84,2G4 SF12 BW500 PA10,19,2608222108,84,1,32543,-36.0,9.0,1,0,
84,2G4 SF12 BW500 PA10,20,2608222108,84,1,33907,-36.0,9.0,1,0,
84,2G4 SF12 BW500 PA10,21,2608222108,84,1,35272,-36.0,9.0,1,0,
84,2G4 SF12 BW500 PA10,22,2608222108,84,1,36636,-36.0,9.0,1,0,
84,2G4 SF12 BW500 PA10,23,2608222108,84,1,38001,-36.0,9.0,1,0,
84,2G4 SF12 BW500 PA10,24,2608222108,84,1,39365,-36.0,9.0,1,0,
84,2G4 SF12 BW500 PA10,25,2608222108,84,1,40729,-36.0,9.0,1,0,
84,2G4 SF12 BW500 PA10,26,2608222108,84,1,42094,-36.0,9.0,1,0,
84,2G4 SF12 BW500 PA10,27,2608222108,84,1,43458,-36.0,9.0,1,0,
84,2G4 SF12 BW500 PA10,28,2608222108,84,1,44822,-36.0,9.0,1,0,
84,2G4 SF12 BW500 PA10,29,2608222108,84,1,46187,-36.0,9.0,1,0,
84,2G4 SF12 BW500 PA10,30,2608222108,84,1,47551,-36.0,9.0,1,0,
84,2G4 SF12 BW500 PA10,31,2608222108,84,1,48916,-36.0,9.0,1,0,
84,2G4 SF12 BW500 PA10,32,2608222108,84,1,50280,-36.0,9.0,1,0,
84,2G4 SF12 BW500 PA10,33,2608222108,84,1,51644,-36.0,9.0,1,0,
84,2G4 SF12 BW500 PA10,34,2608222108,84,1,53009,-36.0,9.0,1,0,
84,2G4 SF12 BW500 PA10,35,2608222108,84,1,54373,-36.0,9.0,1,0,
84,2G4 SF12 BW500 PA10,36,2608222108,84,1,55738,-36.0,9.0,1,0,
84,2G4 SF12 BW500 PA10,37,2608222108,84,1,57102,-36.0,9.0,1,0,
84,2G4 SF12 BW500 PA10,38,2608222108,84,1,58466,-36.0,9.0,1,0,
84,2G4 SF12 BW500 PA10,39,2608222108,84,1,59831,-36.0,9.0,1,0,
84,2G4 SF12 BW500 PA10,40,2608222108,84,1,61195,-36.0,9.0,1,0,
84,2G4 SF12 BW500 PA10,41,2608222108,84,1,62560,-36.0,9.0,1,0,
84,2G4 SF12 BW500 PA10,42,2608222108,84,1,63924,-36.0,9.0,1,0,
84,2G4 SF12 BW500 PA10,43,2608222108,84,1,65288,-36.0,8.0,1,0,
84,2G4 SF12 BW500 PA10,44,2608222108,84,1,66653,-36.0,9.0,1,0,
84,2G4 SF12 BW500 PA10,45,2608222108,84,1,68017,-36.0,9.0,1,0,
84,2G4 SF12 BW500 PA10,46,2608222108,84,1,69382,-36.0,9.0,1,0,
84,2G4 SF12 BW500 PA10,47,2608222108,84,1,70746,-36.0,8.0,1,0,
84,2G4 SF12 BW500 PA10,48,2608222108,84,1,72110,-36.0,9.0,1,0,
84,2G4 SF12 BW500 PA10,49,2608222108,84,1,73475,-36.0,9.0,1,0,
85,2G4 SF8 BW125 PA0,0,2608222108,85,1,6214,-45.0,15.0,1,0,
85,2G4 SF8 BW125 PA0,1,2608222108,85,1,6697,-45.0,15.0,1,0,
85,2G4 SF8 BW125 PA0,2,2608222108,85,1,7179,-45.0,15.0,1,0,
85,2G4 SF8 BW125 PA0,3,2608222108,85,1,7661,-45.0,15.0,1,0,
85,2G4 SF8 BW125 PA0,4,2608222108,85,1,8144,-45.0,15.0,1,0,
85,2G4 SF8 BW125 PA0,5,2608222108,85,1,8626,-45.0,15.0,1,0,
85,2G4 SF8 BW125 PA0,6,2608222108,85,1,9109,-45.0,15.0,1,0,
85,2G4 SF8 BW125 PA0,7,2608222108,85,1,9591,-45.0,15.0,1,0,
85,2G4 SF8 BW125 PA0,8,2608222108,85,1,10074,-45.0,15.0,1,0,
85,2G4 SF8 BW125 PA0,9,2608222108,85,1,10556,-45.0,15.0,1,0,
85,2G4 SF8 BW125 PA0,10,2608222108,85,1,11038,-45.0,15.0,1,0,
85,2G4 SF8 BW125 PA0,11,2608222108,85,1,11521,-45.0,15.0,1,0,
85,2G4 SF8 BW125 PA0,12,2608222108,85,1,12003,-45.0,15.0,1,0,
85,2G4 SF8 BW125 PA0,13,2608222108,85,1,12486,-45.0,15.0,1,0,
85,2G4 SF8 BW125 PA0,14,2608222108,85,1,12968,-45.0,15.0,1,0,
85,2G4 SF8 BW125 PA0,15,2608222108,85,1,13450,-45.0,15.0,1,0,
85,2G4 SF8 BW125 PA0,16,2608222108,85,1,13933,-45.0,15.0,1,0,
85,2G4 SF8 BW125 PA0,17,2608222108,85,1,14415,-45.0,15.0,1,0,
85,2G4 SF8 BW125 PA0,18,2608222108,85,1,14898,-45.0,15.0,1,0,
85,2G4 SF8 BW125 PA0,19,2608222108,85,1,15380,-45.0,15.0,1,0,
85,2G4 SF8 BW125 PA0,20,2608222108,85,1,15863,-45.0,15.0,1,0,
85,2G4 SF8 BW125 PA0,21,2608222108,85,1,16345,-45.0,15.0,1,0,
85,2G4 SF8 BW125 PA0,22,2608222108,85,1,16827,-45.0,15.0,1,0,
85,2G4 SF8 BW125 PA0,23,2608222108,85,1,17310,-45.0,15.0,1,0,
85,2G4 SF8 BW125 PA0,24,2608222108,85,1,18275,-45.0,15.0,1,0,
85,2G4 SF8 BW125 PA0,25,2608222108,85,1,18757,-45.0,15.0,1,0,
85,2G4 SF8 BW125 PA0,26,2608222108,85,1,19239,-45.0,15.0,1,0,
85,2G4 SF8 BW125 PA0,27,2608222108,85,1,19722,-45.0,15.0,1,0,
85,2G4 SF8 BW125 PA0,28,2608222108,85,1,20204,-45.0,15.0,1,0,
85,2G4 SF8 BW125 PA0,29,2608222108,85,1,20687,-45.0,15.0,1,0,
85,2G4 SF8 BW125 PA0,30,2608222108,85,1,21652,-45.0,15.0,1,0,
85,2G4 SF8 BW125 PA0,31,2608222108,85,1,22134,-45.0,15.0,1,0,
85,2G4 SF8 BW125 PA0,32,2608222108,85,1,22616,-45.0,15.0,1,0,
85,2G4 SF8 BW125 PA0,33,2608222108,85,1,23099,-45.0,15.0,1,0,
85,2G4 SF8 BW125 PA0,34,2608222108,85,1,23581,-45.0,15.0,1,0,
85,2G4 SF8 BW125 PA0,35,2608222108,85,1,24064,-45.0,15.0,1,0,
85,2G4 SF8 BW125 PA0,36,2608222108,85,1,24546,-45.0,15.0,1,0,
85,2G4 SF8 BW125 PA0,37,2608222108,85,1,25028,-45.0,15.0,1,0,
85,2G4 SF8 BW125 PA0,38,2608222108,85,1,25511,-45.0,15.0,1,0,
85,2G4 SF8 BW125 PA0,39,2608222108,85,1,25993,-45.0,15.0,1,0,
85,2G4 SF8 BW125 PA0,40,2608222108,85,1,26476,-45.0,15.0,1,0,
85,2G4 SF8 BW125 PA0,41,2608222108,85,1,26958,-45.0,15.0,1,0,
85,2G4 SF8 BW125 PA0,42,2608222108,85,1,27441,-45.0,15.0,1,0,
85,2G4 SF8 BW125 PA0,43,2608222108,85,1,27923,-45.0,15.0,1,0,
85,2G4 SF8 BW125 PA0,44,2608222108,85,1,28405,-45.0,15.0,1,0,
85,2G4 SF8 BW125 PA0,45,2608222108,85,1,28888,-45.0,15.0,1,0,
85,2G4 SF8 BW125 PA0,46,2608222108,85,1,29370,-45.0,15.0,1,0,
85,2G4 SF8 BW125 PA0,47,2608222108,85,1,29853,-45.0,15.0,1,0,
86,2G4 SF8 BW125 PA3,0,2608222108,86,1,6190,-42.0,17.0,1,0,
86,2G4 SF8 BW125 PA3,1,2608222108,86,1,6672,-42.0,17.0,1,0,
86,2G4 SF8 BW125 PA3,2,2608222108,86,1,7154,-42.0,16.0,1,0,
86,2G4 SF8 BW125 PA3,3,2608222108,86,1,7637,-42.0,16.0,1,0,
86,2G4 SF8 BW125 PA3,4,2608222108,86,1,8119,-42.0,16.0,1,0,
86,2G4 SF8 BW125 PA3,5,2608222108,86,1,8602,-42.0,17.0,1,0,
86,2G4 SF8 BW125 PA3,6,2608222108,86,1,9084,-42.0,17.0,1,0,
86,2G4 SF8 BW125 PA3,7,2608222108,86,1,9566,-42.0,17.0,1,0,
86,2G4 SF8 BW125 PA3,8,2608222108,86,1,10049,-42.0,17.0,1,0,
86,2G4 SF8 BW125 PA3,9,2608222108,86,1,10531,-42.0,15.0,1,0,
86,2G4 SF8 BW125 PA3,10,2608222108,86,1,11014,-42.0,17.0,1,0,
86,2G4 SF8 BW125 PA3,11,2608222108,86,1,11496,-42.0,17.0,1,0,
86,2G4 SF8 BW125 PA3,12,2608222108,86,1,11978,-42.0,17.0,1,0,
86,2G4 SF8 BW125 PA3,13,2608222108,86,1,12461,-42.0,17.0,1,0,
86,2G4 SF8 BW125 PA3,14,2608222108,86,1,12943,-42.0,16.0,1,0,
86,2G4 SF8 BW125 PA3,15,2608222108,86,1,13426,-42.0,16.0,1,0,
86,2G4 SF8 BW125 PA3,16,2608222108,86,1,13908,-42.0,16.0,1,0,
86,2G4 SF8 BW125 PA3,17,2608222108,86,1,14391,-42.0,16.0,1,0,
86,2G4 SF8 BW125 PA3,18,2608222108,86,1,14873,-42.0,16.0,1,0,
86,2G4 SF8 BW125 PA3,19,2608222108,86,1,15355,-42.0,16.0,1,0,
86,2G4 SF8 BW125 PA3,20,2608222108,86,1,15838,-42.0,16.0,1,0,
86,2G4 SF8 BW125 PA3,21,2608222108,86,1,16320,-42.0,16.0,1,0,
86,2G4 SF8 BW125 PA3,22,2608222108,86,1,16803,-42.0,16.0,1,0,
86,2G4 SF8 BW125 PA3,23,2608222108,86,1,17285,-42.0,17.0,1,0,
86,2G4 SF8 BW125 PA3,24,2608222108,86,1,17767,-42.0,15.0,1,0,
86,2G4 SF8 BW125 PA3,25,2608222108,86,1,18250,-42.0,17.0,1,0,
86,2G4 SF8 BW125 PA3,26,2608222108,86,1,18732,-42.0,16.0,1,0,
86,2G4 SF8 BW125 PA3,27,2608222108,86,1,19215,-42.0,17.0,1,0,
86,2G4 SF8 BW125 PA3,28,2608222108,86,1,19697,-42.0,17.0,1,0,
86,2G4 SF8 BW125 PA3,29,2608222108,86,1,20179,-42.0,17.0,1,0,
86,2G4 SF8 BW125 PA3,30,2608222108,86,1,20662,-42.0,16.0,1,0,
86,2G4 SF8 BW125 PA3,31,2608222108,86,1,21144,-42.0,16.0,1,0,
86,2G4 SF8 BW125 PA3,32,2608222108,86,1,21627,-42.0,17.0,1,0,
86,2G4 SF8 BW125 PA3,33,2608222108,86,1,22109,-42.0,17.0,1,0,
86,2G4 SF8 BW125 PA3,34,2608222108,86,1,22592,-42.0,16.0,1,0,
86,2G4 SF8 BW125 PA3,35,2608222108,86,1,23074,-42.0,17.0,1,0,
86,2G4 SF8 BW125 PA3,36,2608222108,86,1,23556,-42.0,17.0,1,0,
86,2G4 SF8 BW125 PA3,37,2608222108,86,1,24039,-42.0,17.0,1,0,
86,2G4 SF8 BW125 PA3,38,2608222108,86,1,24521,-42.0,15.0,1,0,
86,2G4 SF8 BW125 PA3,39,2608222108,86,1,25004,-42.0,16.0,1,0,
86,2G4 SF8 BW125 PA3,40,2608222108,86,1,25486,-42.0,16.0,1,0,
86,2G4 SF8 BW125 PA3,41,2608222108,86,1,25968,-42.0,16.0,1,0,
86,2G4 SF8 BW125 PA3,42,2608222108,86,1,26451,-42.0,16.0,1,0,
86,2G4 SF8 BW125 PA3,43,2608222108,86,1,26933,-42.0,16.0,1,0,
86,2G4 SF8 BW125 PA3,44,2608222108,86,1,27416,-42.0,17.0,1,0,
86,2G4 SF8 BW125 PA3,45,2608222108,86,1,27898,-42.0,16.0,1,0,
86,2G4 SF8 BW125 PA3,46,2608222108,86,1,28380,-42.0,16.0,1,0,
86,2G4 SF8 BW125 PA3,47,2608222108,86,1,28863,-42.0,16.0,1,0,
86,2G4 SF8 BW125 PA3,48,2608222108,86,1,29345,-42.0,17.0,1,0,
86,2G4 SF8 BW125 PA3,49,2608222108,86,1,29828,-42.0,15.0,1,0,
87,2G4 SF8 BW125 PA6,0,2608222108,87,1,6223,-39.0,17.0,1,0,
87,2G4 SF8 BW125 PA6,1,2608222108,87,1,6705,-39.0,15.0,1,0,
87,2G4 SF8 BW125 PA6,2,2608222108,87,1,7188,-39.0,17.0,1,0,
87,2G4 SF8 BW125 PA6,3,2608222108,87,1,7670,-39.0,17.0,1,0,
87,2G4 SF8 BW125 PA6,4,2608222108,87,1,8152,-39.0,15.0,1,0,
87,2G4 SF8 BW125 PA6,5,2608222108,87,1,8635,-39.0,15.0,1,0,
87,2G4 SF8 BW125 PA6,6,2608222108,87,1,9117,-39.0,15.0,1,0,
87,2G4 SF8 BW125 PA6,7,2608222108,87,1,9600,-39.0,15.0,1,0,
87,2G4 SF8 BW125 PA6,8,2608222108,87,1,10082,-39.0,15.0,1,0,
87,2G4 SF8 BW125 PA6,9,2608222108,87,1,10565,-39.0,15.0,1,0,
87,2G4 SF8 BW125 PA6,10,2608222108,87,1,11047,-39.0,17.0,1,0,
87,2G4 SF8 BW125 PA6,11,2608222108,87,1,11529,-39.0,15.0,1,0,
87,2G4 SF8 BW125 PA6,12,2608222108,87,1,12012,-39.0,15.0,1,0,
87,2G4 SF8 BW125 PA6,13,2608222108,87,1,12494,-39.0,17.0,1,0,
87,2G4 SF8 BW125 PA6,14,2608222108,87,1,12977,-39.0,15.0,1,0,
87,2G4 SF8 BW125 PA6,15,2608222108,87,1,13459,-39.0,15.0,1,0,
87,2G4 SF8 BW125 PA6,16,2608222108,87,1,13941,-39.0,15.0,1,0,
87,2G4 SF8 BW125 PA6,17,2608222108,87,1,14424,-39.0,17.0,1,0,
87,2G4 SF8 BW125 PA6,18,2608222108,87,1,14906,-39.0,15.0,1,0,
87,2G4 SF8 BW125 PA6,19,2608222108,87,1,15389,-39.0,15.0,1,0,
87,2G4 SF8 BW125 PA6,20,2608222108,87,1,15871,-39.0,15.0,1,0,
87,2G4 SF8 BW125 PA6,21,2608222108,87,1,16353,-39.0,15.0,1,0,
87,2G4 SF8 BW125 PA6,22,2608222108,87,1,16836,-39.0,15.0,1,0,
87,2G4 SF8 BW125 PA6,23,2608222108,87,1,17318,-39.0,15.0,1,0,
87,2G4 SF8 BW125 PA6,24,2608222108,87,1,17801,-39.0,15.0,1,0,
87,2G4 SF8 BW125 PA6,25,2608222108,87,1,18283,-39.0,15.0,1,0,
87,2G4 SF8 BW125 PA6,26,2608222108,87,1,18766,-39.0,15.0,1,0,
87,2G4 SF8 BW125 PA6,27,2608222108,87,1,19248,-39.0,15.0,1,0,
87,2G4 SF8 BW125 PA6,28,2608222108,87,1,19730,-39.0,15.0,1,0,
87,2G4 SF8 BW125 PA6,29,2608222108,87,1,20213,-39.0,17.0,1,0,
87,2G4 SF8 BW125 PA6,30,2608222108,87,1,20695,-39.0,15.0,1,0,
87,2G4 SF8 BW125 PA6,31,2608222108,87,1,21178,-39.0,15.0,1,0,
87,2G4 SF8 BW125 PA6,32,2608222108,87,1,21660,-39.0,15.0,1,0,
87,2G4 SF8 BW125 PA6,33,2608222108,87,1,22142,-39.0,15.0,1,0,
87,2G4 SF8 BW125 PA6,34,2608222108,87,1,22625,-39.0,15.0,1,0,
87,2G4 SF8 BW125 PA6,35,2608222108,87,1,23107,-39.0,15.0,1,0,
87,2G4 SF8 BW125 PA6,36,2608222108,87,1,23590,-39.0,15.0,1,0,
87,2G4 SF8 BW125 PA6,37,2608222108,87,1,24072,-39.0,17.0,1,0,
87,2G4 SF8 BW125 PA6,38,2608222108,87,1,24554,-39.0,15.0,1,0,
87,2G4 SF8 BW125 PA6,39,2608222108,87,1,25037,-39.0,17.0,1,0,
87,2G4 SF8 BW125 PA6,40,2608222108,87,1,25519,-39.0,17.0,1,0,
87,2G4 SF8 BW125 PA6,41,2608222108,87,1,26002,-39.0,15.0,1,0,
87,2G4 SF8 BW125 PA6,42,2608222108,87,1,26484,-39.0,17.0,1,0,
87,2G4 SF8 BW125 PA6,43,2608222108,87,1,26967,-39.0,15.0,1,0,
87,2G4 SF8 BW125 PA6,44,2608222108,87,1,27449,-39.0,15.0,1,0,
87,2G4 SF8 BW125 PA6,45,2608222108,87,1,27931,-39.0,15.0,1,0,
87,2G4 SF8 BW125 PA6,46,2608222108,87,1,28414,-39.0,15.0,1,0,
87,2G4 SF8 BW125 PA6,47,2608222108,87,1,28896,-39.0,15.0,1,0,
87,2G4 SF8 BW125 PA6,48,2608222108,87,1,29379,-39.0,15.0,1,0,
87,2G4 SF8 BW125 PA6,49,2608222108,87,1,29861,-39.0,15.0,1,0,
88,2G4 SF8 BW125 PA10,0,2608222108,88,1,6191,-36.0,15.0,1,0,
88,2G4 SF8 BW125 PA10,1,2608222108,88,1,7156,-36.0,15.0,1,0,
88,2G4 SF8 BW125 PA10,2,2608222108,88,1,7638,-36.0,15.0,1,0,
88,2G4 SF8 BW125 PA10,3,2608222108,88,1,8121,-36.0,15.0,1,0,
88,2G4 SF8 BW125 PA10,4,2608222108,88,1,8603,-36.0,15.0,1,0,
88,2G4 SF8 BW125 PA10,5,2608222108,88,1,9086,-36.0,15.0,1,0,
88,2G4 SF8 BW125 PA10,6,2608222108,88,1,9568,-36.0,15.0,1,0,
88,2G4 SF8 BW125 PA10,7,2608222108,88,1,10050,-36.0,15.0,1,0,
88,2G4 SF8 BW125 PA10,8,2608222108,88,1,10533,-36.0,15.0,1,0,
88,2G4 SF8 BW125 PA10,9,2608222108,88,1,11015,-36.0,15.0,1,0,
88,2G4 SF8 BW125 PA10,10,2608222108,88,1,11498,-36.0,15.0,1,0,
88,2G4 SF8 BW125 PA10,11,2608222108,88,1,11980,-36.0,15.0,1,0,
88,2G4 SF8 BW125 PA10,12,2608222108,88,1,12463,-36.0,15.0,1,0,
88,2G4 SF8 BW125 PA10,13,2608222108,88,1,12945,-36.0,15.0,1,0,
88,2G4 SF8 BW125 PA10,14,2608222108,88,1,13427,-36.0,15.0,1,0,
88,2G4 SF8 BW125 PA10,15,2608222108,88,1,13910,-36.0,15.0,1,0,
88,2G4 SF8 BW125 PA10,16,2608222108,88,1,14392,-36.0,15.0,1,0,
88,2G4 SF8 BW125 PA10,17,2608222108,88,1,14875,-36.0,15.0,1,0,
88,2G4 SF8 BW125 PA10,18,2608222108,88,1,15357,-36.0,15.0,1,0,
88,2G4 SF8 BW125 PA10,19,2608222108,88,1,15840,-36.0,15.0,1,0,
88,2G4 SF8 BW125 PA10,20,2608222108,88,1,16322,-36.0,15.0,1,0,
88,2G4 SF8 BW125 PA10,21,2608222108,88,1,16804,-36.0,15.0,1,0,
88,2G4 SF8 BW125 PA10,22,2608222108,88,1,17287,-36.0,15.0,1,0,
88,2G4 SF8 BW125 PA10,23,2608222108,88,1,17769,-36.0,15.0,1,0,
88,2G4 SF8 BW125 PA10,24,2608222108,88,1,18252,-36.0,15.0,1,0,
88,2G4 SF8 BW125 PA10,25,2608222108,88,1,18734,-36.0,15.0,1,0,
88,2G4 SF8 BW125 PA10,26,2608222108,88,1,19216,-36.0,15.0,1,0,
88,2G4 SF8 BW125 PA10,27,2608222108,88,1,19699,-36.0,15.0,1,0,
88,2G4 SF8 BW125 PA10,28,2608222108,88,1,20181,-36.0,15.0,1,0,
88,2G4 SF8 BW125 PA10,29,2608222108,88,1,20664,-36.0,15.0,1,0,
88,2G4 SF8 BW125 PA10,30,2608222108,88,1,21146,-36.0,15.0,1,0,
88,2G4 SF8 BW125 PA10,31,2608222108,88,1,21629,-36.0,15.0,1,0,
88,2G4 SF8 BW125 PA10,32,2608222108,88,1,22111,-36.0,15.0,1,0,
88,2G4 SF8 BW125 PA10,33,2608222108,88,1,22593,-36.0,15.0,1,0,
88,2G4 SF8 BW125 PA10,34,2608222108,88,1,23076,-36.0,15.0,1,0,
88,2G4 SF8 BW125 PA10,35,2608222108,88,1,23558,-36.0,15.0,1,0,
88,2G4 SF8 BW125 PA10,36,2608222108,88,1,24041,-36.0,15.0,1,0,
88,2G4 SF8 BW125 PA10,37,2608222108,88,1,24523,-36.0,15.0,1,0,
88,2G4 SF8 BW125 PA10,38,2608222108,88,1,25005,-36.0,15.0,1,0,
88,2G4 SF8 BW125 PA10,39,2608222108,88,1,25488,-36.0,15.0,1,0,
88,2G4 SF8 BW125 PA10,40,2608222108,88,1,25970,-36.0,15.0,1,0,
88,2G4 SF8 BW125 PA10,41,2608222108,88,1,26453,-36.0,15.0,1,0,
88,2G4 SF8 BW125 PA10,42,2608222108,88,1,26935,-36.0,15.0,1,0,
88,2G4 SF8 BW125 PA10,43,2608222108,88,1,27418,-36.0,15.0,1,0,
88,2G4 SF8 BW125 PA10,44,2608222108,88,1,27900,-36.0,15.0,1,0,
88,2G4 SF8 BW125 PA10,45,2608222108,88,1,28382,-36.0,15.0,1,0,
88,2G4 SF8 BW125 PA10,46,2608222108,88,1,28865,-36.0,15.0,1,0,
88,2G4 SF8 BW125 PA10,47,2608222108,88,1,29347,-36.0,15.0,1,0,
88,2G4 SF8 BW125 PA10,48,2608222108,88,1,29830,-36.0,15.0,1,0,
89,2G4 SF8 BW125 PA10 L16,0,2608222108,89,1,6053,-36.0,15.0,1,0,
89,2G4 SF8 BW125 PA10 L16,1,2608222108,89,1,6265,-36.0,15.0,1,0,
89,2G4 SF8 BW125 PA10 L16,2,2608222108,89,1,6477,-36.0,15.0,1,0,
89,2G4 SF8 BW125 PA10 L16,3,2608222108,89,1,6689,-36.0,15.0,1,0,
89,2G4 SF8 BW125 PA10 L16,4,2608222108,89,1,6901,-36.0,15.0,1,0,
89,2G4 SF8 BW125 PA10 L16,5,2608222108,89,1,7113,-36.0,15.0,1,0,
89,2G4 SF8 BW125 PA10 L16,6,2608222108,89,1,7325,-36.0,15.0,1,0,
89,2G4 SF8 BW125 PA10 L16,7,2608222108,89,1,7537,-36.0,15.0,1,0,
89,2G4 SF8 BW125 PA10 L16,8,2608222108,89,1,7749,-36.0,15.0,1,0,
89,2G4 SF8 BW125 PA10 L16,9,2608222108,89,1,7961,-36.0,15.0,1,0,
89,2G4 SF8 BW125 PA10 L16,10,2608222108,89,1,8172,-36.0,15.0,1,0,
89,2G4 SF8 BW125 PA10 L16,11,2608222108,89,1,8384,-36.0,15.0,1,0,
89,2G4 SF8 BW125 PA10 L16,12,2608222108,89,1,8596,-36.0,15.0,1,0,
89,2G4 SF8 BW125 PA10 L16,13,2608222108,89,1,8808,-36.0,15.0,1,0,
89,2G4 SF8 BW125 PA10 L16,14,2608222108,89,1,9020,-36.0,15.0,1,0,
89,2G4 SF8 BW125 PA10 L16,15,2608222108,89,1,9232,-36.0,15.0,1,0,
89,2G4 SF8 BW125 PA10 L16,16,2608222108,89,1,9444,-36.0,15.0,1,0,
89,2G4 SF8 BW125 PA10 L16,17,2608222108,89,1,9656,-36.0,15.0,1,0,
89,2G4 SF8 BW125 PA10 L16,18,2608222108,89,1,9868,-36.0,15.0,1,0,
89,2G4 SF8 BW125 PA10 L16,19,2608222108,89,1,10080,-36.0,15.0,1,0,
89,2G4 SF8 BW125 PA10 L16,20,2608222108,89,1,10292,-36.0,15.0,1,0,
89,2G4 SF8 BW125 PA10 L16,21,2608222108,89,1,10504,-36.0,15.0,1,0,
89,2G4 SF8 BW125 PA10 L16,22,2608222108,89,1,10716,-36.0,15.0,1,0,
89,2G4 SF8 BW125 PA10 L16,23,2608222108,89,1,10928,-36.0,15.0,1,0,
89,2G4 SF8 BW125 PA10 L16,24,2608222108,89,1,11140,-36.0,15.0,1,0,
89,2G4 SF8 BW125 PA10 L16,25,2608222108,89,1,11352,-36.0,15.0,1,0,
89,2G4 SF8 BW125 PA10 L16,26,2608222108,89,1,11564,-36.0,15.0,1,0,
89,2G4 SF8 BW125 PA10 L16,27,2608222108,89,1,11776,-36.0,15.0,1,0,
89,2G4 SF8 BW125 PA10 L16,28,2608222108,89,1,11988,-36.0,15.0,1,0,
89,2G4 SF8 BW125 PA10 L16,29,2608222108,89,1,12199,-36.0,15.0,1,0,
89,2G4 SF8 BW125 PA10 L16,30,2608222108,89,1,12411,-36.0,15.0,1,0,
89,2G4 SF8 BW125 PA10 L16,31,2608222108,89,1,12623,-36.0,15.0,1,0,
89,2G4 SF8 BW125 PA10 L16,32,2608222108,89,1,12835,-36.0,15.0,1,0,
89,2G4 SF8 BW125 PA10 L16,33,2608222108,89,1,13047,-36.0,15.0,1,0,
89,2G4 SF8 BW125 PA10 L16,34,2608222108,89,1,13259,-36.0,15.0,1,0,
89,2G4 SF8 BW125 PA10 L16,35,2608222108,89,1,13471,-36.0,15.0,1,0,
89,2G4 SF8 BW125 PA10 L16,36,2608222108,89,1,13683,-36.0,15.0,1,0,
89,2G4 SF8 BW125 PA10 L16,37,2608222108,89,1,13895,-36.0,15.0,1,0,
89,2G4 SF8 BW125 PA10 L16,38,2608222108,89,1,14107,-36.0,15.0,1,0,
89,2G4 SF8 BW125 PA10 L16,39,2608222108,89,1,14319,-36.0,15.0,1,0,
89,2G4 SF8 BW125 PA10 L16,40,2608222108,89,1,14531,-36.0,15.0,1,0,
89,2G4 SF8 BW125 PA10 L16,41,2608222108,89,1,14743,-36.0,15.0,1,0,
89,2G4 SF8 BW125 PA10 L16,42,2608222108,89,1,14955,-36.0,15.0,1,0,
89,2G4 SF8 BW125 PA10 L16,43,2608222108,89,1,15167,-36.0,15.0,1,0,
89,2G4 SF8 BW125 PA10 L16,44,2608222108,89,1,15379,-36.0,15.0,1,0,
89,2G4 SF8 BW125 PA10 L16,45,2608222108,89,1,15591,-36.0,15.0,1,0,
89,2G4 SF8 BW125 PA10 L16,46,2608222108,89,1,15803,-36.0,15.0,1,0,
89,2G4 SF8 BW125 PA10 L16,47,2608222108,89,1,16226,-36.0,15.0,1,0,
89,2G4 SF8 BW125 PA10 L16,48,2608222108,89,1,16438,-36.0,15.0,1,0,
90,2G4 SF8 BW125 PA10 L64,0,2608222108,90,1,6171,-36.0,15.0,1,0,
90,2G4 SF8 BW125 PA10 L64,1,2608222108,90,1,6653,-36.0,15.0,1,0,
90,2G4 SF8 BW125 PA10 L64,2,2608222108,90,1,7136,-36.0,15.0,1,0,
90,2G4 SF8 BW125 PA10 L64,3,2608222108,90,1,7618,-36.0,15.0,1,0,
90,2G4 SF8 BW125 PA10 L64,4,2608222108,90,1,8100,-36.0,15.0,1,0,
90,2G4 SF8 BW125 PA10 L64,5,2608222108,90,1,8583,-36.0,15.0,1,0,
90,2G4 SF8 BW125 PA10 L64,6,2608222108,90,1,9065,-36.0,15.0,1,0,
90,2G4 SF8 BW125 PA10 L64,7,2608222108,90,1,9548,-36.0,15.0,1,0,
90,2G4 SF8 BW125 PA10 L64,8,2608222108,90,1,10030,-36.0,15.0,1,0,
90,2G4 SF8 BW125 PA10 L64,9,2608222108,90,1,10513,-36.0,15.0,1,0,
90,2G4 SF8 BW125 PA10 L64,10,2608222108,90,1,10995,-36.0,15.0,1,0,
90,2G4 SF8 BW125 PA10 L64,11,2608222108,90,1,11477,-36.0,15.0,1,0,
90,2G4 SF8 BW125 PA10 L64,12,2608222108,90,1,11960,-36.0,15.0,1,0,
90,2G4 SF8 BW125 PA10 L64,13,2608222108,90,1,12442,-36.0,15.0,1,0,
90,2G4 SF8 BW125 PA10 L64,14,2608222108,90,1,12925,-36.0,15.0,1,0,
90,2G4 SF8 BW125 PA10 L64,15,2608222108,90,1,13407,-36.0,15.0,1,0,
90,2G4 SF8 BW125 PA10 L64,16,2608222108,90,1,13890,-36.0,15.0,1,0,
90,2G4 SF8 BW125 PA10 L64,17,2608222108,90,1,14372,-36.0,15.0,1,0,
90,2G4 SF8 BW125 PA10 L64,18,2608222108,90,1,14854,-36.0,15.0,1,0,
90,2G4 SF8 BW125 PA10 L64,19,2608222108,90,1,15337,-36.0,15.0,1,0,
90,2G4 SF8 BW125 PA10 L64,20,2608222108,90,1,15819,-36.0,15.0,1,0,
90,2G4 SF8 BW125 PA10 L64,21,2608222108,90,1,16302,-36.0,15.0,1,0,
90,2G4 SF8 BW125 PA10 L64,22,2608222108,90,1,16784,-36.0,15.0,1,0,
90,2G4 SF8 BW125 PA10 L64,23,2608222108,90,1,17266,-36.0,15.0,1,0,
90,2G4 SF8 BW125 PA10 L64,24,2608222108,90,1,17749,-36.0,15.0,1,0,
90,2G4 SF8 BW125 PA10 L64,25,2608222108,90,1,18231,-36.0,16.0,1,0,
90,2G4 SF8 BW125 PA10 L64,26,2608222108,90,1,18714,-36.0,15.0,1,0,
90,2G4 SF8 BW125 PA10 L64,27,2608222108,90,1,19196,-36.0,15.0,1,0,
90,2G4 SF8 BW125 PA10 L64,28,2608222108,90,1,19679,-36.0,15.0,1,0,
90,2G4 SF8 BW125 PA10 L64,29,2608222108,90,1,20161,-36.0,15.0,1,0,
90,2G4 SF8 BW125 PA10 L64,30,2608222108,90,1,20643,-36.0,15.0,1,0,
90,2G4 SF8 BW125 PA10 L64,31,2608222108,90,1,21126,-36.0,15.0,1,0,
90,2G4 SF8 BW125 PA10 L64,32,2608222108,90,1,21608,-36.0,16.0,1,0,
90,2G4 SF8 BW125 PA10 L64,33,2608222108,90,1,22091,-36.0,15.0,1,0,
90,2G4 SF8 BW125 PA10 L64,34,2608222108,90,1,22573,-36.0,15.0,1,0,
90,2G4 SF8 BW125 PA10 L64,35,2608222108,90,1,23055,-36.0,15.0,1,0,
90,2G4 SF8 BW125 PA10 L64,36,2608222108,90,1,23538,-36.0,15.0,1,0,
90,2G4 SF8 BW125 PA10 L64,37,2608222108,90,1,24020,-36.0,15.0,1,0,
90,2G4 SF8 BW125 PA10 L64,38,2608222108,90,1,24503,-36.0,15.0,1,0,
90,2G4 SF8 BW125 PA10 L64,39,2608222108,90,1,24985,-36.0,15.0,1,0,
90,2G4 SF8 BW125 PA10 L64,40,2608222108,90,1,25468,-36.0,15.0,1,0,
90,2G4 SF8 BW125 PA10 L64,41,2608222108,90,1,25950,-36.0,15.0,1,0,
90,2G4 SF8 BW125 PA10 L64,42,2608222108,90,1,26432,-36.0,15.0,1,0,
90,2G4 SF8 BW125 PA10 L64,43,2608222108,90,1,26915,-36.0,15.0,1,0,
90,2G4 SF8 BW125 PA10 L64,44,2608222108,90,1,27397,-36.0,15.0,1,0,
90,2G4 SF8 BW125 PA10 L64,45,2608222108,90,1,27880,-36.0,15.0,1,0,
90,2G4 SF8 BW125 PA10 L64,46,2608222108,90,1,28362,-36.0,15.0,1,0,
90,2G4 SF8 BW125 PA10 L64,47,2608222108,90,1,28844,-36.0,15.0,1,0,
90,2G4 SF8 BW125 PA10 L64,48,2608222108,90,1,29327,-36.0,15.0,1,0,
90,2G4 SF8 BW125 PA10 L64,49,2608222108,90,1,29809,-36.0,15.0,1,0,
91,2G4 SF8 BW125 PA10 L128,0,2608222108,91,1,6356,-36.0,15.0,1,0,
91,2G4 SF8 BW125 PA10 L128,1,2608222108,91,1,7199,-36.0,15.0,1,0,
91,2G4 SF8 BW125 PA10 L128,2,2608222108,91,1,8042,-36.0,16.0,1,0,
91,2G4 SF8 BW125 PA10 L128,3,2608222108,91,1,8885,-36.0,15.0,1,0,
91,2G4 SF8 BW125 PA10 L128,4,2608222108,91,1,9728,-36.0,15.0,1,0,
91,2G4 SF8 BW125 PA10 L128,5,2608222108,91,1,10571,-36.0,15.0,1,0,
91,2G4 SF8 BW125 PA10 L128,6,2608222108,91,1,11414,-36.0,15.0,1,0,
91,2G4 SF8 BW125 PA10 L128,7,2608222108,91,1,12257,-36.0,15.0,1,0,
91,2G4 SF8 BW125 PA10 L128,8,2608222108,91,1,13100,-36.0,15.0,1,0,
91,2G4 SF8 BW125 PA10 L128,9,2608222108,91,1,13944,-36.0,15.0,1,0,
91,2G4 SF8 BW125 PA10 L128,10,2608222108,91,1,14787,-36.0,15.0,1,0,
91,2G4 SF8 BW125 PA10 L128,11,2608222108,91,1,15630,-36.0,15.0,1,0,
91,2G4 SF8 BW125 PA10 L128,12,2608222108,91,1,16473,-36.0,15.0,1,0,
91,2G4 SF8 BW125 PA10 L128,13,2608222108,91,1,17316,-36.0,15.0,1,0,
91,2G4 SF8 BW125 PA10 L128,14,2608222108,91,1,18159,-36.0,15.0,1,0,
91,2G4 SF8 BW125 PA10 L128,15,2608222108,91,1,19002,-36.0,15.0,1,0,
91,2G4 SF8 BW125 PA10 L128,16,2608222108,91,1,20688,-36.0,15.0,1,0,
91,2G4 SF8 BW125 PA10 L128,17,2608222108,91,1,21531,-36.0,15.0,1,0,
91,2G4 SF8 BW125 PA10 L128,18,2608222108,91,1,22374,-36.0,15.0,1,0,
91,2G4 SF8 BW125 PA10 L128,19,2608222108,91,1,23217,-36.0,15.0,1,0,
91,2G4 SF8 BW125 PA10 L128,20,2608222108,91,1,24060,-36.0,15.0,1,0,
91,2G4 SF8 BW125 PA10 L128,21,2608222108,91,1,24903,-36.0,15.0,1,0,
91,2G4 SF8 BW125 PA10 L128,22,2608222108,91,1,25746,-36.0,15.0,1,0,
91,2G4 SF8 BW125 PA10 L128,23,2608222108,91,1,26589,-36.0,15.0,1,0,
91,2G4 SF8 BW125 PA10 L128,24,2608222108,91,1,27432,-36.0,15.0,1,0,
91,2G4 SF8 BW125 PA10 L128,25,2608222108,91,1,28275,-36.0,15.0,1,0,
91,2G4 SF8 BW125 PA10 L128,26,2608222108,91,1,29118,-36.0,16.0,1,0,
91,2G4 SF8 BW125 PA10 L128,27,2608222108,91,1,29962,-36.0,15.0,1,0,
91,2G4 SF8 BW125 PA10 L128,28,2608222108,91,1,30805,-36.0,15.0,1,0,
91,2G4 SF8 BW125 PA10 L128,29,2608222108,91,1,31648,-36.0,15.0,1,0,
91,2G4 SF8 BW125 PA10 L128,30,2608222108,91,1,32491,-36.0,15.0,1,0,
91,2G4 SF8 BW125 PA10 L128,31,2608222108,91,1,33334,-36.0,15.0,1,0,
91,2G4 SF8 BW125 PA10 L128,32,2608222108,91,1,34177,-36.0,15.0,1,0,
91,2G4 SF8 BW125 PA10 L128,33,2608222108,91,1,35020,-36.0,15.0,1,0,
91,2G4 SF8 BW125 PA10 L128,34,2608222108,91,1,35863,-36.0,15.0,1,0,
91,2G4 SF8 BW125 PA10 L128,35,2608222108,91,1,36706,-36.0,15.0,1,0,
91,2G4 SF8 BW125 PA10 L128,36,2608222108,91,1,37549,-36.0,15.0,1,0,
91,2G4 SF8 BW125 PA10 L128,37,2608222108,91,1,38392,-36.0,15.0,1,0,
91,2G4 SF8 BW125 PA10 L128,38,2608222108,91,1,39235,-36.0,15.0,1,0,
91,2G4 SF8 BW125 PA10 L128,39,2608222108,91,1,40078,-36.0,15.0,1,0,
91,2G4 SF8 BW125 PA10 L128,40,2608222108,91,1,40921,-36.0,15.0,1,0,
91,2G4 SF8 BW125 PA10 L128,41,2608222108,91,1,41764,-36.0,15.0,1,0,
91,2G4 SF8 BW125 PA10 L128,42,2608222108,91,1,42607,-36.0,15.0,1,0,
91,2G4 SF8 BW125 PA10 L128,43,2608222108,91,1,43450,-36.0,15.0,1,0,
91,2G4 SF8 BW125 PA10 L128,44,2608222108,91,1,44293,-36.0,15.0,1,0,
91,2G4 SF8 BW125 PA10 L128,45,2608222108,91,1,45136,-36.0,15.0,1,0,
91,2G4 SF8 BW125 PA10 L128,46,2608222108,91,1,45979,-36.0,15.0,1,0,
91,2G4 SF8 BW125 PA10 L128,47,2608222108,91,1,46823,-36.0,15.0,1,0,
91,2G4 SF8 BW125 PA10 L128,48,2608222108,91,1,47666,-36.0,16.0,1,0,
92,2G4 SF8 BW125 PA10 L255,0,2608222108,92,1,6707,-36.0,15.0,1,0,
92,2G4 SF8 BW125 PA10 L255,1,2608222108,92,1,8271,-35.0,15.0,1,0,
92,2G4 SF8 BW125 PA10 L255,2,2608222108,92,1,9835,-36.0,15.0,1,0,
92,2G4 SF8 BW125 PA10 L255,3,2608222108,92,1,11400,-36.0,15.0,1,0,
92,2G4 SF8 BW125 PA10 L255,4,2608222108,92,1,12964,-36.0,15.0,1,0,
92,2G4 SF8 BW125 PA10 L255,5,2608222108,92,1,14528,-36.0,15.0,1,0,
92,2G4 SF8 BW125 PA10 L255,6,2608222108,92,1,16092,-36.0,15.0,1,0,
92,2G4 SF8 BW125 PA10 L255,7,2608222108,92,1,17657,-36.0,15.0,1,0,
92,2G4 SF8 BW125 PA10 L255,8,2608222108,92,1,19221,-36.0,15.0,1,0,
92,2G4 SF8 BW125 PA10 L255,9,2608222108,92,1,20785,-36.0,15.0,1,0,
92,2G4 SF8 BW125 PA10 L255,10,2608222108,92,1,22350,-36.0,15.0,1,0,
92,2G4 SF8 BW125 PA10 L255,11,2608222108,92,1,23914,-36.0,15.0,1,0,
92,2G4 SF8 BW125 PA10 L255,12,2608222108,92,1,25478,-36.0,15.0,1,0,
92,2G4 SF8 BW125 PA10 L255,13,2608222108,92,1,27043,-36.0,15.0,1,0,
92,2G4 SF8 BW125 PA10 L255,14,2608222108,92,1,28607,-36.0,15.0,1,0,
92,2G4 SF8 BW125 PA10 L255,15,2608222108,92,1,30171,-36.0,15.0,1,0,
92,2G4 SF8 BW125 PA10 L255,16,2608222108,92,1,31736,-36.0,16.0,1,0,
92,2G4 SF8 BW125 PA10 L255,17,2608222108,92,1,33300,-36.0,15.0,1,0,
92,2G4 SF8 BW125 PA10 L255,18,2608222108,92,1,34864,-36.0,15.0,1,0,
92,2G4 SF8 BW125 PA10 L255,19,2608222108,92,1,36428,-36.0,15.0,1,0,
92,2G4 SF8 BW125 PA10 L255,20,2608222108,92,1,37993,-36.0,15.0,1,0,
92,2G4 SF8 BW125 PA10 L255,21,2608222108,92,1,39557,-36.0,15.0,1,0,
92,2G4 SF8 BW125 PA10 L255,22,2608222108,92,1,41121,-36.0,16.0,1,0,
92,2G4 SF8 BW125 PA10 L255,23,2608222108,92,1,42686,-36.0,15.0,1,0,
92,2G4 SF8 BW125 PA10 L255,24,2608222108,92,1,44250,-36.0,15.0,1,0,
92,2G4 SF8 BW125 PA10 L255,25,2608222108,92,1,45814,-36.0,15.0,1,0,
92,2G4 SF8 BW125 PA10 L255,26,2608222108,92,1,47379,-36.0,15.0,1,0,
92,2G4 SF8 BW125 PA10 L255,27,2608222108,92,1,48943,-36.0,16.0,1,0,
92,2G4 SF8 BW125 PA10 L255,28,2608222108,92,1,50507,-36.0,15.0,1,0,
92,2G4 SF8 BW125 PA10 L255,29,2608222108,92,1,52072,-36.0,15.0,1,0,
92,2G4 SF8 BW125 PA10 L255,30,2608222108,92,1,53636,-36.0,16.0,1,0,
92,2G4 SF8 BW125 PA10 L255,31,2608222108,92,1,55200,-36.0,15.0,1,0,
92,2G4 SF8 BW125 PA10 L255,32,2608222108,92,1,56764,-36.0,15.0,1,0,
92,2G4 SF8 BW125 PA10 L255,33,2608222108,92,1,58329,-36.0,15.0,1,0,
92,2G4 SF8 BW125 PA10 L255,34,2608222108,92,1,59893,-36.0,15.0,1,0,
92,2G4 SF8 BW125 PA10 L255,35,2608222108,92,1,61457,-36.0,15.0,1,0,
92,2G4 SF8 BW125 PA10 L255,36,2608222108,92,1,63022,-35.0,15.0,1,0,
92,2G4 SF8 BW125 PA10 L255,37,2608222108,92,1,64586,-36.0,15.0,1,0,
92,2G4 SF8 BW125 PA10 L255,38,2608222108,92,1,66150,-36.0,15.0,1,0,
92,2G4 SF8 BW125 PA10 L255,39,2608222108,92,1,67715,-36.0,16.0,1,0,
92,2G4 SF8 BW125 PA10 L255,40,2608222108,92,1,69279,-36.0,15.0,1,0,
92,2G4 SF8 BW125 PA10 L255,41,2608222108,92,1,70843,-36.0,15.0,1,0,
92,2G4 SF8 BW125 PA10 L255,42,2608222108,92,1,72408,-36.0,15.0,1,0,
92,2G4 SF8 BW125 PA10 L255,43,2608222108,92,1,73972,-36.0,15.0,1,0,
92,2G4 SF8 BW125 PA10 L255,44,2608222108,92,1,75536,-36.0,15.0,1,0,
92,2G4 SF8 BW125 PA10 L255,45,2608222108,92,1,77100,-36.0,15.0,1,0,
92,2G4 SF8 BW125 PA10 L255,46,2608222108,92,1,78665,-36.0,15.0,1,0,
92,2G4 SF8 BW125 PA10 L255,47,2608222108,92,1,80229,-36.0,15.0,1,0,
92,2G4 SF8 BW125 PA10 L255,48,2608222108,92,1,81793,-36.0,15.0,1,0,
92,2G4 SF8 BW125 PA10 L255,49,2608222108,92,1,83358,-36.0,15.0,1,0,
94,2G4 FLRC 260k pa5,0,2608222108,94,1,5791,-83.0,0.0,0,0,
94,2G4 FLRC 260k pa5,0,2608222108,94,1,5807,-73.0,0.0,0,0,
94,2G4 FLRC 260k pa5,0,2608222108,94,1,5824,-73.0,0.0,0,0,
94,2G4 FLRC 260k pa5,0,2608222108,94,1,5840,-78.0,0.0,0,0,
94,2G4 FLRC 260k pa5,0,2608222108,94,1,5856,-68.0,0.0,0,0,
94,2G4 FLRC 260k pa5,0,2608222108,94,1,5873,-78.0,0.0,0,0,
94,2G4 FLRC 260k pa5,0,2608222108,94,1,5889,-82.0,0.0,0,0,
94,2G4 FLRC 260k pa5,0,2608222108,94,1,5905,-70.0,0.0,0,0,
94,2G4 FLRC 260k pa5,0,2608222108,94,1,5921,-82.0,0.0,0,0,
94,2G4 FLRC 260k pa5,0,2608222108,94,1,5938,-83.0,0.0,0,0,
94,2G4 FLRC 260k pa5,0,2608222108,94,1,5954,-83.0,0.0,0,0,
94,2G4 FLRC 260k pa5,0,2608222108,94,1,5970,-83.0,0.0,0,0,
94,2G4 FLRC 260k pa5,0,2608222108,94,1,5987,-78.0,0.0,0,0,
94,2G4 FLRC 260k pa5,0,2608222108,94,1,6003,-79.0,0.0,0,0,
94,2G4 FLRC 260k pa5,0,2608222108,94,1,6019,-78.0,0.0,0,0,
94,2G4 FLRC 260k pa5,0,2608222108,94,1,6035,-78.0,0.0,0,0,
94,2G4 FLRC 260k pa5,0,2608222108,94,1,6052,-78.0,0.0,0,0,
94,2G4 FLRC 260k pa5,0,2608222108,94,1,6068,-82.0,0.0,0,0,
94,2G4 FLRC 260k pa5,0,2608222108,94,1,6084,-69.0,0.0,0,0,
94,2G4 FLRC 260k pa5,0,2608222108,94,1,6101,-82.0,0.0,0,0,
94,2G4 FLRC 260k pa5,0,2608222108,94,1,6117,-78.0,0.0,0,0,
94,2G4 FLRC 260k pa5,0,2608222108,94,1,6133,-78.0,0.0,0,0,
94,2G4 FLRC 260k pa5,0,2608222108,94,1,6149,-77.0,0.0,0,0,
94,2G4 FLRC 260k pa5,0,2608222108,94,1,6166,-83.0,0.0,0,0,
94,2G4 FLRC 260k pa5,0,2608222108,94,1,6182,-78.0,0.0,0,0,
94,2G4 FLRC 260k pa5,0,2608222108,94,1,6198,-83.0,0.0,0,0,
94,2G4 FLRC 260k pa5,0,2608222108,94,1,6215,-78.0,0.0,0,0,
94,2G4 FLRC 260k pa5,0,2608222108,94,1,6231,-82.0,0.0,0,0,
94,2G4 FLRC 260k pa5,0,2608222108,94,1,6247,-78.0,0.0,0,0,
94,2G4 FLRC 260k pa5,0,2608222108,94,1,6263,-83.0,0.0,0,0,
94,2G4 FLRC 260k pa5,0,2608222108,94,1,6280,-69.0,0.0,0,0,
94,2G4 FLRC 260k pa5,0,2608222108,94,1,6296,-82.0,0.0,0,0,
94,2G4 FLRC 260k pa5,0,2608222108,94,1,6312,-77.0,0.0,0,0,
94,2G4 FLRC 260k pa5,0,2608222108,94,1,6329,-78.0,0.0,0,0,
94,2G4 FLRC 260k pa5,0,2608222108,94,1,6345,-82.0,0.0,0,0,
94,2G4 FLRC 260k pa5,0,2608222108,94,1,6361,-82.0,0.0,0,0,
94,2G4 FLRC 260k pa5,0,2608222108,94,1,6377,-78.0,0.0,0,0,
94,2G4 FLRC 260k pa5,0,2608222108,94,1,6394,-82.0,0.0,0,0,
94,2G4 FLRC 260k pa5,0,2608222108,94,1,6410,-83.0,0.0,0,0,
94,2G4 FLRC 260k pa5,0,2608222108,94,1,6426,-82.0,0.0,0,0,
94,2G4 FLRC 260k pa5,0,2608222108,94,1,6443,-74.0,0.0,0,0,
94,2G4 FLRC 260k pa5,0,2608222108,94,1,6459,-78.0,0.0,0,0,
94,2G4 FLRC 260k pa5,0,2608222108,94,1,6475,-82.0,0.0,0,0,
94,2G4 FLRC 260k pa5,0,2608222108,94,1,6491,-78.0,0.0,0,0,
94,2G4 FLRC 260k pa5,0,2608222108,94,1,6508,-74.0,0.0,0,0,
94,2G4 FLRC 260k pa5,0,2608222108,94,1,6524,-78.0,0.0,0,0,
94,2G4 FLRC 260k pa5,0,2608222108,94,1,6540,-81.0,0.0,0,0,
94,2G4 FLRC 260k pa5,0,2608222108,94,1,6557,-82.0,0.0,0,0,
94,2G4 FLRC 260k pa5,0,2608222108,94,1,6573,-83.0,0.0,0,0,
94,2G4 FLRC 260k pa5,0,2608222108,94,1,6589,-73.0,0.0,0,0,
95,2G4 FLRC 325k pa5,0,2608222108,95,1,5779,-85.0,0.0,0,0,
95,2G4 FLRC 325k pa5,0,2608222108,95,1,5794,-86.0,0.0,0,0,
95,2G4 FLRC 325k pa5,0,2608222108,95,1,5810,-82.0,0.0,0,0,
95,2G4 FLRC 325k pa5,0,2608222108,95,1,5826,-79.0,0.0,0,0,
95,2G4 FLRC 325k pa5,0,2608222108,95,1,5841,-77.0,0.0,0,0,
95,2G4 FLRC 325k pa5,0,2608222108,95,1,5857,-78.0,0.0,0,0,
95,2G4 FLRC 325k pa5,0,2608222108,95,1,5873,-78.0,0.0,0,0,
95,2G4 FLRC 325k pa5,0,2608222108,95,1,5888,-77.0,0.0,0,0,
95,2G4 FLRC 325k pa5,0,2608222108,95,1,5904,-78.0,0.0,0,0,
95,2G4 FLRC 325k pa5,0,2608222108,95,1,5920,-78.0,0.0,0,0,
95,2G4 FLRC 325k pa5,0,2608222108,95,1,5935,-72.0,0.0,0,0,
95,2G4 FLRC 325k pa5,0,2608222108,95,1,5951,-83.0,0.0,0,0,
95,2G4 FLRC 325k pa5,0,2608222108,95,1,5967,-78.0,0.0,0,0,
95,2G4 FLRC 325k pa5,0,2608222108,95,1,5982,-86.0,0.0,0,0,
95,2G4 FLRC 325k pa5,0,2608222108,95,1,5998,-82.0,0.0,0,0,
95,2G4 FLRC 325k pa5,0,2608222108,95,1,6014,-73.0,0.0,0,0,
95,2G4 FLRC 325k pa5,0,2608222108,95,1,6029,-74.0,0.0,0,0,
95,2G4 FLRC 325k pa5,0,2608222108,95,1,6045,-78.0,0.0,0,0,
95,2G4 FLRC 325k pa5,0,2608222108,95,1,6061,-75.0,0.0,0,0,
95,2G4 FLRC 325k pa5,0,2608222108,95,1,6076,-77.0,0.0,0,0,
95,2G4 FLRC 325k pa5,0,2608222108,95,1,6092,-72.0,0.0,0,0,
95,2G4 FLRC 325k pa5,0,2608222108,95,1,6108,-85.0,0.0,0,0,
95,2G4 FLRC 325k pa5,0,2608222108,95,1,6123,-74.0,0.0,0,0,
95,2G4 FLRC 325k pa5,0,2608222108,95,1,6139,-77.0,0.0,0,0,
95,2G4 FLRC 325k pa5,0,2608222108,95,1,6155,-86.0,0.0,0,0,
95,2G4 FLRC 325k pa5,0,2608222108,95,1,6170,-72.0,0.0,0,0,
95,2G4 FLRC 325k pa5,0,2608222108,95,1,6186,-85.0,0.0,0,0,
95,2G4 FLRC 325k pa5,0,2608222108,95,1,6202,-85.0,0.0,0,0,
95,2G4 FLRC 325k pa5,0,2608222108,95,1,6217,-82.0,0.0,0,0,
95,2G4 FLRC 325k pa5,0,2608222108,95,1,6233,-78.0,0.0,0,0,
95,2G4 FLRC 325k pa5,0,2608222108,95,1,6249,-85.0,0.0,0,0,
95,2G4 FLRC 325k pa5,0,2608222108,95,1,6264,-73.0,0.0,0,0,
95,2G4 FLRC 325k pa5,0,2608222108,95,1,6280,-74.0,0.0,0,0,
95,2G4 FLRC 325k pa5,0,2608222108,95,1,6296,-78.0,0.0,0,0,
95,2G4 FLRC 325k pa5,0,2608222108,95,1,6311,-78.0,0.0,0,0,
95,2G4 FLRC 325k pa5,0,2608222108,95,1,6327,-74.0,0.0,0,0,
95,2G4 FLRC 325k pa5,0,2608222108,95,1,6343,-83.0,0.0,0,0,
95,2G4 FLRC 325k pa5,0,2608222108,95,1,6358,-86.0,0.0,0,0,
95,2G4 FLRC 325k pa5,0,2608222108,95,1,6374,-78.0,0.0,0,0,
95,2G4 FLRC 325k pa5,0,2608222108,95,1,6390,-78.0,0.0,0,0,
95,2G4 FLRC 325k pa5,0,2608222108,95,1,6406,-78.0,0.0,0,0,
95,2G4 FLRC 325k pa5,0,2608222108,95,1,6421,-86.0,0.0,0,0,
95,2G4 FLRC 325k pa5,0,2608222108,95,1,6437,-85.0,0.0,0,0,
95,2G4 FLRC 325k pa5,0,2608222108,95,1,6453,-81.0,0.0,0,0,
95,2G4 FLRC 325k pa5,0,2608222108,95,1,6468,-87.0,0.0,0,0,
95,2G4 FLRC 325k pa5,0,2608222108,95,1,6484,-72.0,0.0,0,0,
95,2G4 FLRC 325k pa5,0,2608222108,95,1,6500,-78.0,0.0,0,0,
95,2G4 FLRC 325k pa5,0,2608222108,95,1,6515,-79.0,0.0,0,0,
95,2G4 FLRC 325k pa5,0,2608222108,95,1,6531,-77.0,0.0,0,0,
95,2G4 FLRC 325k pa5,0,2608222108,95,1,6547,-73.0,0.0,0,0,
96,2G4 FLRC 520k pa5,0,2608222108,96,1,5786,-81.0,0.0,0,0,
96,2G4 FLRC 520k pa5,0,2608222108,96,1,5800,-82.0,0.0,0,0,
96,2G4 FLRC 520k pa5,0,2608222108,96,1,5815,-75.0,0.0,0,0,
96,2G4 FLRC 520k pa5,0,2608222108,96,1,5830,-82.0,0.0,0,0,
96,2G4 FLRC 520k pa5,0,2608222108,96,1,5845,-74.0,0.0,0,0,
96,2G4 FLRC 520k pa5,0,2608222108,96,1,5859,-79.0,0.0,0,0,
96,2G4 FLRC 520k pa5,0,2608222108,96,1,5874,-82.0,0.0,0,0,
96,2G4 FLRC 520k pa5,0,2608222108,96,1,5889,-80.0,0.0,0,0,
96,2G4 FLRC 520k pa5,0,2608222108,96,1,5904,-79.0,0.0,0,0,
96,2G4 FLRC 520k pa5,0,2608222108,96,1,5918,-82.0,0.0,0,0,
96,2G4 FLRC 520k pa5,0,2608222108,96,1,5933,-83.0,0.0,0,0,
96,2G4 FLRC 520k pa5,0,2608222108,96,1,5948,-82.0,0.0,0,0,
96,2G4 FLRC 520k pa5,0,2608222108,96,1,5963,-83.0,0.0,0,0,
96,2G4 FLRC 520k pa5,0,2608222108,96,1,5977,-82.0,0.0,0,0,
96,2G4 FLRC 520k pa5,0,2608222108,96,1,5992,-78.0,0.0,0,0,
96,2G4 FLRC 520k pa5,0,2608222108,96,1,6007,-82.0,0.0,0,0,
96,2G4 FLRC 520k pa5,0,2608222108,96,1,6022,-70.0,0.0,0,0,
96,2G4 FLRC 520k pa5,0,2608222108,96,1,6036,-82.0,0.0,0,0,
96,2G4 FLRC 520k pa5,0,2608222108,96,1,6051,-78.0,0.0,0,0,
96,2G4 FLRC 520k pa5,0,2608222108,96,1,6066,-82.0,0.0,0,0,
96,2G4 FLRC 520k pa5,0,2608222108,96,1,6081,-82.0,0.0,0,0,
96,2G4 FLRC 520k pa5,0,2608222108,96,1,6095,-81.0,0.0,0,0,
96,2G4 FLRC 520k pa5,0,2608222108,96,1,6110,-79.0,0.0,0,0,
96,2G4 FLRC 520k pa5,0,2608222108,96,1,6125,-82.0,0.0,0,0,
96,2G4 FLRC 520k pa5,0,2608222108,96,1,6140,-78.0,0.0,0,0,
96,2G4 FLRC 520k pa5,0,2608222108,96,1,6154,-82.0,0.0,0,0,
96,2G4 FLRC 520k pa5,0,2608222108,96,1,6169,-79.0,0.0,0,0,
96,2G4 FLRC 520k pa5,0,2608222108,96,1,6184,-79.0,0.0,0,0,
96,2G4 FLRC 520k pa5,0,2608222108,96,1,6199,-77.0,0.0,0,0,
96,2G4 FLRC 520k pa5,0,2608222108,96,1,6213,-79.0,0.0,0,0,
96,2G4 FLRC 520k pa5,0,2608222108,96,1,6228,-78.0,0.0,0,0,
96,2G4 FLRC 520k pa5,0,2608222108,96,1,6243,-71.0,0.0,0,0,
96,2G4 FLRC 520k pa5,0,2608222108,96,1,6258,-83.0,0.0,0,0,
96,2G4 FLRC 520k pa5,0,2608222108,96,1,6272,-82.0,0.0,0,0,
96,2G4 FLRC 520k pa5,0,2608222108,96,1,6287,-78.0,0.0,0,0,
96,2G4 FLRC 520k pa5,0,2608222108,96,1,6302,-70.0,0.0,0,0,
96,2G4 FLRC 520k pa5,0,2608222108,96,1,6317,-82.0,0.0,0,0,
96,2G4 FLRC 520k pa5,0,2608222108,96,1,6331,-82.0,0.0,0,0,
96,2G4 FLRC 520k pa5,0,2608222108,96,1,6346,-78.0,0.0,0,0,
96,2G4 FLRC 520k pa5,0,2608222108,96,1,6361,-79.0,0.0,0,0,
96,2G4 FLRC 520k pa5,0,2608222108,96,1,6376,-80.0,0.0,0,0,
96,2G4 FLRC 520k pa5,0,2608222108,96,1,6391,-82.0,0.0,0,0,
96,2G4 FLRC 520k pa5,0,2608222108,96,1,6405,-80.0,0.0,0,0,
96,2G4 FLRC 520k pa5,0,2608222108,96,1,6420,-83.0,0.0,0,0,
96,2G4 FLRC 520k pa5,0,2608222108,96,1,6435,-82.0,0.0,0,0,
96,2G4 FLRC 520k pa5,0,2608222108,96,1,6450,-78.0,0.0,0,0,
96,2G4 FLRC 520k pa5,0,2608222108,96,1,6464,-79.0,0.0,0,0,
96,2G4 FLRC 520k pa5,0,2608222108,96,1,6479,-82.0,0.0,0,0,
96,2G4 FLRC 520k pa5,0,2608222108,96,1,6494,-83.0,0.0,0,0,
96,2G4 FLRC 520k pa5,0,2608222108,96,1,6509,-84.0,0.0,0,0,
97,2G4 FLRC 650k pa5,0,2608222108,97,1,5852,-70.0,0.0,0,0,
97,2G4 FLRC 650k pa5,0,2608222108,97,1,5866,-71.0,0.0,0,0,
97,2G4 FLRC 650k pa5,0,2608222108,97,1,5880,-70.0,0.0,0,0,
97,2G4 FLRC 650k pa5,0,2608222108,97,1,5895,-72.0,0.0,0,0,
97,2G4 FLRC 650k pa5,0,2608222108,97,1,5909,-71.0,0.0,0,0,
97,2G4 FLRC 650k pa5,0,2608222108,97,1,5924,-70.0,0.0,0,0,
97,2G4 FLRC 650k pa5,0,2608222108,97,1,5938,-71.0,0.0,0,0,
97,2G4 FLRC 650k pa5,0,2608222108,97,1,5953,-69.0,0.0,0,0,
97,2G4 FLRC 650k pa5,0,2608222108,97,1,5967,-71.0,0.0,0,0,
97,2G4 FLRC 650k pa5,0,2608222108,97,1,5982,-71.0,0.0,0,0,
97,2G4 FLRC 650k pa5,0,2608222108,97,1,5996,-70.0,0.0,0,0,
97,2G4 FLRC 650k pa5,0,2608222108,97,1,6011,-70.0,0.0,0,0,
97,2G4 FLRC 650k pa5,0,2608222108,97,1,6025,-71.0,0.0,0,0,
97,2G4 FLRC 650k pa5,0,2608222108,97,1,6039,-71.0,0.0,0,0,
97,2G4 FLRC 650k pa5,0,2608222108,97,1,6054,-71.0,0.0,0,0,
97,2G4 FLRC 650k pa5,0,2608222108,97,1,6068,-71.0,0.0,0,0,
97,2G4 FLRC 650k pa5,0,2608222108,97,1,6083,-70.0,0.0,0,0,
97,2G4 FLRC 650k pa5,0,2608222108,97,1,6097,-71.0,0.0,0,0,
97,2G4 FLRC 650k pa5,0,2608222108,97,1,6112,-80.0,0.0,0,0,
97,2G4 FLRC 650k pa5,0,2608222108,97,1,6126,-72.0,0.0,0,0,
97,2G4 FLRC 650k pa5,0,2608222108,97,1,6141,-63.0,0.0,0,0,
97,2G4 FLRC 650k pa5,0,2608222108,97,1,6155,-71.0,0.0,0,0,
97,2G4 FLRC 650k pa5,0,2608222108,97,1,6169,-71.0,0.0,0,0,
97,2G4 FLRC 650k pa5,0,2608222108,97,1,6184,-71.0,0.0,0,0,
97,2G4 FLRC 650k pa5,0,2608222108,97,1,6198,-70.0,0.0,0,0,
97,2G4 FLRC 650k pa5,0,2608222108,97,1,6213,-71.0,0.0,0,0,
97,2G4 FLRC 650k pa5,0,2608222108,97,1,6227,-69.0,0.0,0,0,
97,2G4 FLRC 650k pa5,0,2608222108,97,1,6242,-71.0,0.0,0,0,
97,2G4 FLRC 650k pa5,0,2608222108,97,1,6256,-70.0,0.0,0,0,
97,2G4 FLRC 650k pa5,0,2608222108,97,1,6271,-71.0,0.0,0,0,
97,2G4 FLRC 650k pa5,0,2608222108,97,1,6285,-71.0,0.0,0,0,
97,2G4 FLRC 650k pa5,0,2608222108,97,1,6299,-71.0,0.0,0,0,
97,2G4 FLRC 650k pa5,0,2608222108,97,1,6314,-66.0,0.0,0,0,
97,2G4 FLRC 650k pa5,0,2608222108,97,1,6328,-71.0,0.0,0,0,
97,2G4 FLRC 650k pa5,0,2608222108,97,1,6343,-71.0,0.0,0,0,
97,2G4 FLRC 650k pa5,0,2608222108,97,1,6357,-71.0,0.0,0,0,
97,2G4 FLRC 650k pa5,0,2608222108,97,1,6372,-70.0,0.0,0,0,
97,2G4 FLRC 650k pa5,0,2608222108,97,1,6386,-70.0,0.0,0,0,
97,2G4 FLRC 650k pa5,0,2608222108,97,1,6401,-70.0,0.0,0,0,
97,2G4 FLRC 650k pa5,0,2608222108,97,1,6415,-83.0,0.0,0,0,
97,2G4 FLRC 650k pa5,0,2608222108,97,1,6429,-70.0,0.0,0,0,
97,2G4 FLRC 650k pa5,0,2608222108,97,1,6444,-71.0,0.0,0,0,
97,2G4 FLRC 650k pa5,0,2608222108,97,1,6458,-71.0,0.0,0,0,
97,2G4 FLRC 650k pa5,0,2608222108,97,1,6473,-71.0,0.0,0,0,
97,2G4 FLRC 650k pa5,0,2608222108,97,1,6487,-71.0,0.0,0,0,
97,2G4 FLRC 650k pa5,0,2608222108,97,1,6502,-71.0,0.0,0,0,
97,2G4 FLRC 650k pa5,0,2608222108,97,1,6516,-70.0,0.0,0,0,
97,2G4 FLRC 650k pa5,0,2608222108,97,1,6531,-70.0,0.0,0,0,
97,2G4 FLRC 650k pa5,0,2608222108,97,1,6545,-71.0,0.0,0,0,
97,2G4 FLRC 650k pa5,0,2608222108,97,1,6559,-72.0,0.0,0,0,
98,2G4 FLRC 1040k pa5,0,2608222108,98,1,5773,-77.0,0.0,0,0,
98,2G4 FLRC 1040k pa5,0,2608222108,98,1,5787,-69.0,0.0,0,0,
98,2G4 FLRC 1040k pa5,0,2608222108,98,1,5801,-68.0,0.0,0,0,
98,2G4 FLRC 1040k pa5,0,2608222108,98,1,5815,-76.0,0.0,0,0,
98,2G4 FLRC 1040k pa5,0,2608222108,98,1,5829,-68.0,0.0,0,0,
98,2G4 FLRC 1040k pa5,0,2608222108,98,1,5843,-76.0,0.0,0,0,
98,2G4 FLRC 1040k pa5,0,2608222108,98,1,5857,-75.0,0.0,0,0,
98,2G4 FLRC 1040k pa5,0,2608222108,98,1,5871,-77.0,0.0,0,0,
98,2G4 FLRC 1040k pa5,0,2608222108,98,1,5885,-76.0,0.0,0,0,
98,2G4 FLRC 1040k pa5,0,2608222108,98,1,5899,-68.0,0.0,0,0,
98,2G4 FLRC 1040k pa5,0,2608222108,98,1,5913,-77.0,0.0,0,0,
98,2G4 FLRC 1040k pa5,0,2608222108,98,1,5927,-68.0,0.0,0,0,
98,2G4 FLRC 1040k pa5,0,2608222108,98,1,5941,-68.0,0.0,0,0,
98,2G4 FLRC 1040k pa5,0,2608222108,98,1,5955,-68.0,0.0,0,0,
98,2G4 FLRC 1040k pa5,0,2608222108,98,1,5969,-77.0,0.0,0,0,
98,2G4 FLRC 1040k pa5,0,2608222108,98,1,5983,-69.0,0.0,0,0,
98,2G4 FLRC 1040k pa5,0,2608222108,98,1,5997,-77.0,0.0,0,0,
98,2G4 FLRC 1040k pa5,0,2608222108,98,1,6011,-69.0,0.0,0,0,
98,2G4 FLRC 1040k pa5,0,2608222108,98,1,6025,-76.0,0.0,0,0,
98,2G4 FLRC 1040k pa5,0,2608222108,98,1,6039,-77.0,0.0,0,0,
98,2G4 FLRC 1040k pa5,0,2608222108,98,1,6053,-76.0,0.0,0,0,
98,2G4 FLRC 1040k pa5,0,2608222108,98,1,6067,-77.0,0.0,0,0,
98,2G4 FLRC 1040k pa5,0,2608222108,98,1,6081,-68.0,0.0,0,0,
98,2G4 FLRC 1040k pa5,0,2608222108,98,1,6095,-77.0,0.0,0,0,
98,2G4 FLRC 1040k pa5,0,2608222108,98,1,6109,-68.0,0.0,0,0,
98,2G4 FLRC 1040k pa5,0,2608222108,98,1,6123,-76.0,0.0,0,0,
98,2G4 FLRC 1040k pa5,0,2608222108,98,1,6137,-68.0,0.0,0,0,
98,2G4 FLRC 1040k pa5,0,2608222108,98,1,6151,-69.0,0.0,0,0,
98,2G4 FLRC 1040k pa5,0,2608222108,98,1,6165,-77.0,0.0,0,0,
98,2G4 FLRC 1040k pa5,0,2608222108,98,1,6179,-77.0,0.0,0,0,
98,2G4 FLRC 1040k pa5,0,2608222108,98,1,6193,-68.0,0.0,0,0,
98,2G4 FLRC 1040k pa5,0,2608222108,98,1,6207,-77.0,0.0,0,0,
98,2G4 FLRC 1040k pa5,0,2608222108,98,1,6221,-77.0,0.0,0,0,
98,2G4 FLRC 1040k pa5,0,2608222108,98,1,6235,-69.0,0.0,0,0,
98,2G4 FLRC 1040k pa5,0,2608222108,98,1,6249,-69.0,0.0,0,0,
98,2G4 FLRC 1040k pa5,0,2608222108,98,1,6263,-68.0,0.0,0,0,
98,2G4 FLRC 1040k pa5,0,2608222108,98,1,6277,-69.0,0.0,0,0,
98,2G4 FLRC 1040k pa5,0,2608222108,98,1,6291,-68.0,0.0,0,0,
98,2G4 FLRC 1040k pa5,0,2608222108,98,1,6305,-77.0,0.0,0,0,
98,2G4 FLRC 1040k pa5,0,2608222108,98,1,6319,-68.0,0.0,0,0,
98,2G4 FLRC 1040k pa5,0,2608222108,98,1,6333,-77.0,0.0,0,0,
98,2G4 FLRC 1040k pa5,0,2608222108,98,1,6347,-77.0,0.0,0,0,
98,2G4 FLRC 1040k pa5,0,2608222108,98,1,6361,-77.0,0.0,0,0,
98,2G4 FLRC 1040k pa5,0,2608222108,98,1,6375,-77.0,0.0,0,0,
98,2G4 FLRC 1040k pa5,0,2608222108,98,1,6389,-68.0,0.0,0,0,
98,2G4 FLRC 1040k pa5,0,2608222108,98,1,6403,-69.0,0.0,0,0,
98,2G4 FLRC 1040k pa5,0,2608222108,98,1,6417,-68.0,0.0,0,0,
98,2G4 FLRC 1040k pa5,0,2608222108,98,1,6431,-69.0,0.0,0,0,
98,2G4 FLRC 1040k pa5,0,2608222108,98,1,6445,-68.0,0.0,0,0,
98,2G4 FLRC 1040k pa5,0,2608222108,98,1,6459,-76.0,0.0,0,0,
99,2G4 FLRC 1300k pa5,0,2608222108,99,1,5789,-68.0,0.0,0,0,
99,2G4 FLRC 1300k pa5,0,2608222108,99,1,5803,-76.0,0.0,0,0,
99,2G4 FLRC 1300k pa5,0,2608222108,99,1,5817,-78.0,0.0,0,0,
99,2G4 FLRC 1300k pa5,0,2608222108,99,1,5831,-69.0,0.0,0,0,
99,2G4 FLRC 1300k pa5,0,2608222108,99,1,5845,-68.0,0.0,0,0,
99,2G4 FLRC 1300k pa5,0,2608222108,99,1,5859,-69.0,0.0,0,0,
99,2G4 FLRC 1300k pa5,0,2608222108,99,1,5872,-68.0,0.0,0,0,
99,2G4 FLRC 1300k pa5,0,2608222108,99,1,5886,-76.0,0.0,0,0,
99,2G4 FLRC 1300k pa5,0,2608222108,99,1,5900,-77.0,0.0,0,0,
99,2G4 FLRC 1300k pa5,0,2608222108,99,1,5914,-78.0,0.0,0,0,
99,2G4 FLRC 1300k pa5,0,2608222108,99,1,5928,-68.0,0.0,0,0,
99,2G4 FLRC 1300k pa5,0,2608222108,99,1,5942,-68.0,0.0,0,0,
99,2G4 FLRC 1300k pa5,0,2608222108,99,1,5955,-69.0,0.0,0,0,
99,2G4 FLRC 1300k pa5,0,2608222108,99,1,5969,-77.0,0.0,0,0,
99,2G4 FLRC 1300k pa5,0,2608222108,99,1,5983,-76.0,0.0,0,0,
99,2G4 FLRC 1300k pa5,0,2608222108,99,1,5997,-77.0,0.0,0,0,
99,2G4 FLRC 1300k pa5,0,2608222108,99,1,6011,-69.0,0.0,0,0,
99,2G4 FLRC 1300k pa5,0,2608222108,99,1,6025,-77.0,0.0,0,0,
99,2G4 FLRC 1300k pa5,0,2608222108,99,1,6038,-69.0,0.0,0,0,
99,2G4 FLRC 1300k pa5,0,2608222108,99,1,6052,-69.0,0.0,0,0,
99,2G4 FLRC 1300k pa5,0,2608222108,99,1,6066,-68.0,0.0,0,0,
99,2G4 FLRC 1300k pa5,0,2608222108,99,1,6080,-68.0,0.0,0,0,
99,2G4 FLRC 1300k pa5,0,2608222108,99,1,6094,-68.0,0.0,0,0,
99,2G4 FLRC 1300k pa5,0,2608222108,99,1,6108,-75.0,0.0,0,0,
99,2G4 FLRC 1300k pa5,0,2608222108,99,1,6121,-68.0,0.0,0,0,
99,2G4 FLRC 1300k pa5,0,2608222108,99,1,6135,-77.0,0.0,0,0,
99,2G4 FLRC 1300k pa5,0,2608222108,99,1,6149,-77.0,0.0,0,0,
99,2G4 FLRC 1300k pa5,0,2608222108,99,1,6163,-77.0,0.0,0,0,
99,2G4 FLRC 1300k pa5,0,2608222108,99,1,6177,-68.0,0.0,0,0,
99,2G4 FLRC 1300k pa5,0,2608222108,99,1,6191,-77.0,0.0,0,0,
99,2G4 FLRC 1300k pa5,0,2608222108,99,1,6204,-77.0,0.0,0,0,
99,2G4 FLRC 1300k pa5,0,2608222108,99,1,6218,-77.0,0.0,0,0,
99,2G4 FLRC 1300k pa5,0,2608222108,99,1,6232,-77.0,0.0,0,0,
99,2G4 FLRC 1300k pa5,0,2608222108,99,1,6246,-68.0,0.0,0,0,
99,2G4 FLRC 1300k pa5,0,2608222108,99,1,6260,-68.0,0.0,0,0,
99,2G4 FLRC 1300k pa5,0,2608222108,99,1,6274,-68.0,0.0,0,0,
99,2G4 FLRC 1300k pa5,0,2608222108,99,1,6287,-69.0,0.0,0,0,
99,2G4 FLRC 1300k pa5,0,2608222108,99,1,6301,-68.0,0.0,0,0,
99,2G4 FLRC 1300k pa5,0,2608222108,99,1,6315,-68.0,0.0,0,0,
99,2G4 FLRC 1300k pa5,0,2608222108,99,1,6329,-77.0,0.0,0,0,
99,2G4 FLRC 1300k pa5,0,2608222108,99,1,6343,-68.0,0.0,0,0,
99,2G4 FLRC 1300k pa5,0,2608222108,99,1,6357,-77.0,0.0,0,0,
99,2G4 FLRC 1300k pa5,0,2608222108,99,1,6370,-77.0,0.0,0,0,
99,2G4 FLRC 1300k pa5,0,2608222108,99,1,6384,-77.0,0.0,0,0,
99,2G4 FLRC 1300k pa5,0,2608222108,99,1,6398,-76.0,0.0,0,0,
99,2G4 FLRC 1300k pa5,0,2608222108,99,1,6412,-69.0,0.0,0,0,
99,2G4 FLRC 1300k pa5,0,2608222108,99,1,6426,-77.0,0.0,0,0,
99,2G4 FLRC 1300k pa5,0,2608222108,99,1,6440,-69.0,0.0,0,0,
99,2G4 FLRC 1300k pa5,0,2608222108,99,1,6453,-68.0,0.0,0,0,
99,2G4 FLRC 1300k pa5,0,2608222108,99,1,6467,-70.0,0.0,0,0,
99,2G4 FLRC 1300k pa5,0,2608222108,99,1,9402,-107.0,0.0,0,0,
100,2G4 FLRC 2080k pa5,0,2608222108,100,1,5760,-74.0,0.0,0,0,
100,2G4 FLRC 2080k pa5,0,2608222108,100,1,5774,-75.0,0.0,0,0,
100,2G4 FLRC 2080k pa5,0,2608222108,100,1,5787,-74.0,0.0,0,0,
100,2G4 FLRC 2080k pa5,0,2608222108,100,1,5801,-74.0,0.0,0,0,
100,2G4 FLRC 2080k pa5,0,2608222108,100,1,5814,-74.0,0.0,0,0,
100,2G4 FLRC 2080k pa5,0,2608222108,100,1,5828,-75.0,0.0,0,0,
100,2G4 FLRC 2080k pa5,0,2608222108,100,1,5842,-77.0,0.0,0,0,
100,2G4 FLRC 2080k pa5,0,2608222108,100,1,5855,-75.0,0.0,0,0,
100,2G4 FLRC 2080k pa5,0,2608222108,100,1,5869,-74.0,0.0,0,0,
100,2G4 FLRC 2080k pa5,0,2608222108,100,1,5882,-74.0,0.0,0,0,
100,2G4 FLRC 2080k pa5,0,2608222108,100,1,5896,-75.0,0.0,0,0,
100,2G4 FLRC 2080k pa5,0,2608222108,100,1,5910,-75.0,0.0,0,0,
100,2G4 FLRC 2080k pa5,0,2608222108,100,1,5923,-75.0,0.0,0,0,
100,2G4 FLRC 2080k pa5,0,2608222108,100,1,5937,-75.0,0.0,0,0,
100,2G4 FLRC 2080k pa5,0,2608222108,100,1,5950,-75.0,0.0,0,0,
100,2G4 FLRC 2080k pa5,0,2608222108,100,1,5964,-74.0,0.0,0,0,
100,2G4 FLRC 2080k pa5,0,2608222108,100,1,5978,-74.0,0.0,0,0,
100,2G4 FLRC 2080k pa5,0,2608222108,100,1,5991,-75.0,0.0,0,0,
100,2G4 FLRC 2080k pa5,0,2608222108,100,1,6005,-75.0,0.0,0,0,
100,2G4 FLRC 2080k pa5,0,2608222108,100,1,6018,-75.0,0.0,0,0,
100,2G4 FLRC 2080k pa5,0,2608222108,100,1,6032,-75.0,0.0,0,0,
100,2G4 FLRC 2080k pa5,0,2608222108,100,1,6046,-74.0,0.0,0,0,
100,2G4 FLRC 2080k pa5,0,2608222108,100,1,6059,-75.0,0.0,0,0,
100,2G4 FLRC 2080k pa5,0,2608222108,100,1,6073,-75.0,0.0,0,0,
100,2G4 FLRC 2080k pa5,0,2608222108,100,1,6086,-75.0,0.0,0,0,
100,2G4 FLRC 2080k pa5,0,2608222108,100,1,6100,-74.0,0.0,0,0,
100,2G4 FLRC 2080k pa5,0,2608222108,100,1,6114,-72.0,0.0,0,0,
100,2G4 FLRC 2080k pa5,0,2608222108,100,1,6127,-74.0,0.0,0,0,
100,2G4 FLRC 2080k pa5,0,2608222108,100,1,6141,-75.0,0.0,0,0,
100,2G4 FLRC 2080k pa5,0,2608222108,100,1,6154,-75.0,0.0,0,0,
100,2G4 FLRC 2080k pa5,0,2608222108,100,1,6168,-73.0,0.0,0,0,
100,2G4 FLRC 2080k pa5,0,2608222108,100,1,6182,-75.0,0.0,0,0,
100,2G4 FLRC 2080k pa5,0,2608222108,100,1,6195,-76.0,0.0,0,0,
100,2G4 FLRC 2080k pa5,0,2608222108,100,1,6209,-72.0,0.0,0,0,
100,2G4 FLRC 2080k pa5,0,2608222108,100,1,6222,-75.0,0.0,0,0,
100,2G4 FLRC 2080k pa5,0,2608222108,100,1,6236,-74.0,0.0,0,0,
100,2G4 FLRC 2080k pa5,0,2608222108,100,1,6250,-74.0,0.0,0,0,
100,2G4 FLRC 2080k pa5,0,2608222108,100,1,6263,-75.0,0.0,0,0,
100,2G4 FLRC 2080k pa5,0,2608222108,100,1,6277,-74.0,0.0,0,0,
100,2G4 FLRC 2080k pa5,0,2608222108,100,1,6290,-74.0,0.0,0,0,
100,2G4 FLRC 2080k pa5,0,2608222108,100,1,6304,-75.0,0.0,0,0,
100,2G4 FLRC 2080k pa5,0,2608222108,100,1,6318,-75.0,0.0,0,0,
100,2G4 FLRC 2080k pa5,0,2608222108,100,1,6331,-75.0,0.0,0,0,
100,2G4 FLRC 2080k pa5,0,2608222108,100,1,6345,-75.0,0.0,0,0,
100,2G4 FLRC 2080k pa5,0,2608222108,100,1,6358,-73.0,0.0,0,0,
100,2G4 FLRC 2080k pa5,0,2608222108,100,1,6372,-68.0,0.0,0,0,
100,2G4 FLRC 2080k pa5,0,2608222108,100,1,6386,-75.0,0.0,0,0,
100,2G4 FLRC 2080k pa5,0,2608222108,100,1,6399,-74.0,0.0,0,0,
100,2G4 FLRC 2080k pa5,0,2608222108,100,1,6413,-75.0,0.0,0,0,
100,2G4 FLRC 2080k pa5,0,2608222108,100,1,6426,-75.0,0.0,0,0,
101,2G4 FLRC 2600k pa5,0,2608222108,101,1,5773,-75.0,0.0,0,0,
101,2G4 FLRC 2600k pa5,0,2608222108,101,1,5787,-75.0,0.0,0,0,
101,2G4 FLRC 2600k pa5,0,2608222108,101,1,5800,-75.0,0.0,0,0,
101,2G4 FLRC 2600k pa5,0,2608222108,101,1,5814,-75.0,0.0,0,0,
101,2G4 FLRC 2600k pa5,0,2608222108,101,1,5827,-75.0,0.0,0,0,
101,2G4 FLRC 2600k pa5,0,2608222108,101,1,5841,-74.0,0.0,0,0,
101,2G4 FLRC 2600k pa5,0,2608222108,101,1,5854,-75.0,0.0,0,0,
101,2G4 FLRC 2600k pa5,0,2608222108,101,1,5868,-74.0,0.0,0,0,
101,2G4 FLRC 2600k pa5,0,2608222108,101,1,5881,-75.0,0.0,0,0,
101,2G4 FLRC 2600k pa5,0,2608222108,101,1,5895,-74.0,0.0,0,0,
101,2G4 FLRC 2600k pa5,0,2608222108,101,1,5908,-74.0,0.0,0,0,
101,2G4 FLRC 2600k pa5,0,2608222108,101,1,5922,-74.0,0.0,0,0,
101,2G4 FLRC 2600k pa5,0,2608222108,101,1,5935,-76.0,0.0,0,0,
101,2G4 FLRC 2600k pa5,0,2608222108,101,1,5949,-75.0,0.0,0,0,
101,2G4 FLRC 2600k pa5,0,2608222108,101,1,5963,-72.0,0.0,0,0,
101,2G4 FLRC 2600k pa5,0,2608222108,101,1,5976,-75.0,0.0,0,0,
101,2G4 FLRC 2600k pa5,0,2608222108,101,1,5990,-75.0,0.0,0,0,
101,2G4 FLRC 2600k pa5,0,2608222108,101,1,6003,-75.0,0.0,0,0,
101,2G4 FLRC 2600k pa5,0,2608222108,101,1,6017,-75.0,0.0,0,0,
101,2G4 FLRC 2600k pa5,0,2608222108,101,1,6030,-74.0,0.0,0,0,
101,2G4 FLRC 2600k pa5,0,2608222108,101,1,6044,-74.0,0.0,0,0,
101,2G4 FLRC 2600k pa5,0,2608222108,101,1,6057,-75.0,0.0,0,0,
101,2G4 FLRC 2600k pa5,0,2608222108,101,1,6071,-75.0,0.0,0,0,
101,2G4 FLRC 2600k pa5,0,2608222108,101,1,6084,-75.0,0.0,0,0,
101,2G4 FLRC 2600k pa5,0,2608222108,101,1,6098,-74.0,0.0,0,0,
101,2G4 FLRC 2600k pa5,0,2608222108,101,1,6111,-75.0,0.0,0,0,
101,2G4 FLRC 2600k pa5,0,2608222108,101,1,6125,-74.0,0.0,0,0,
101,2G4 FLRC 2600k pa5,0,2608222108,101,1,6138,-75.0,0.0,0,0,
101,2G4 FLRC 2600k pa5,0,2608222108,101,1,6152,-74.0,0.0,0,0,
101,2G4 FLRC 2600k pa5,0,2608222108,101,1,6165,-73.0,0.0,0,0,
101,2G4 FLRC 2600k pa5,0,2608222108,101,1,6179,-74.0,0.0,0,0,
101,2G4 FLRC 2600k pa5,0,2608222108,101,1,6192,-74.0,0.0,0,0,
101,2G4 FLRC 2600k pa5,0,2608222108,101,1,6206,-74.0,0.0,0,0,
101,2G4 FLRC 2600k pa5,0,2608222108,101,1,6219,-75.0,0.0,0,0,
101,2G4 FLRC 2600k pa5,0,2608222108,101,1,6233,-74.0,0.0,0,0,
101,2G4 FLRC 2600k pa5,0,2608222108,101,1,6247,-74.0,0.0,0,0,
101,2G4 FLRC 2600k pa5,0,2608222108,101,1,6260,-76.0,0.0,0,0,
101,2G4 FLRC 2600k pa5,0,2608222108,101,1,6274,-75.0,0.0,0,0,
101,2G4 FLRC 2600k pa5,0,2608222108,101,1,6287,-72.0,0.0,0,0,
101,2G4 FLRC 2600k pa5,0,2608222108,101,1,6301,-75.0,0.0,0,0,
101,2G4 FLRC 2600k pa5,0,2608222108,101,1,6314,-74.0,0.0,0,0,
101,2G4 FLRC 2600k pa5,0,2608222108,101,1,6328,-75.0,0.0,0,0,
101,2G4 FLRC 2600k pa5,0,2608222108,101,1,6341,-74.0,0.0,0,0,
101,2G4 FLRC 2600k pa5,0,2608222108,101,1,6355,-74.0,0.0,0,0,
101,2G4 FLRC 2600k pa5,0,2608222108,101,1,6368,-74.0,0.0,0,0,
101,2G4 FLRC 2600k pa5,0,2608222108,101,1,6382,-73.0,0.0,0,0,
101,2G4 FLRC 2600k pa5,0,2608222108,101,1,6395,-75.0,0.0,0,0,
101,2G4 FLRC 2600k pa5,0,2608222108,101,1,6409,-74.0,0.0,0,0,
101,2G4 FLRC 2600k pa5,0,2608222108,101,1,6422,-74.0,0.0,0,0,
101,2G4 FLRC 2600k pa5,0,2608222108,101,1,6436,-74.0,0.0,0,0,
102,2G4 FLRC 650k pa0,0,2608222108,102,1,5774,-71.0,0.0,0,0,
102,2G4 FLRC 650k pa0,0,2608222108,102,1,5789,-72.0,0.0,0,0,
102,2G4 FLRC 650k pa0,0,2608222108,102,1,5803,-71.0,0.0,0,0,
102,2G4 FLRC 650k pa0,0,2608222108,102,1,5817,-71.0,0.0,0,0,
102,2G4 FLRC 650k pa0,0,2608222108,102,1,5832,-71.0,0.0,0,0,
102,2G4 FLRC 650k pa0,0,2608222108,102,1,5846,-71.0,0.0,0,0,
102,2G4 FLRC 650k pa0,0,2608222108,102,1,5861,-69.0,0.0,0,0,
102,2G4 FLRC 650k pa0,0,2608222108,102,1,5875,-71.0,0.0,0,0,
102,2G4 FLRC 650k pa0,0,2608222108,102,1,5890,-71.0,0.0,0,0,
102,2G4 FLRC 650k pa0,0,2608222108,102,1,5904,-70.0,0.0,0,0,
102,2G4 FLRC 650k pa0,0,2608222108,102,1,5919,-71.0,0.0,0,0,
102,2G4 FLRC 650k pa0,0,2608222108,102,1,5933,-71.0,0.0,0,0,
102,2G4 FLRC 650k pa0,0,2608222108,102,1,5947,-70.0,0.0,0,0,
102,2G4 FLRC 650k pa0,0,2608222108,102,1,5962,-84.0,0.0,0,0,
102,2G4 FLRC 650k pa0,0,2608222108,102,1,5976,-70.0,0.0,0,0,
102,2G4 FLRC 650k pa0,0,2608222108,102,1,5991,-72.0,0.0,0,0,
102,2G4 FLRC 650k pa0,0,2608222108,102,1,6005,-70.0,0.0,0,0,
102,2G4 FLRC 650k pa0,0,2608222108,102,1,6020,-70.0,0.0,0,0,
102,2G4 FLRC 650k pa0,0,2608222108,102,1,6034,-71.0,0.0,0,0,
102,2G4 FLRC 650k pa0,0,2608222108,102,1,6049,-71.0,0.0,0,0,
102,2G4 FLRC 650k pa0,0,2608222108,102,1,6063,-71.0,0.0,0,0,
102,2G4 FLRC 650k pa0,0,2608222108,102,1,6077,-71.0,0.0,0,0,
102,2G4 FLRC 650k pa0,0,2608222108,102,1,6092,-71.0,0.0,0,0,
102,2G4 FLRC 650k pa0,0,2608222108,102,1,6106,-70.0,0.0,0,0,
102,2G4 FLRC 650k pa0,0,2608222108,102,1,6121,-71.0,0.0,0,0,
102,2G4 FLRC 650k pa0,0,2608222108,102,1,6135,-70.0,0.0,0,0,
102,2G4 FLRC 650k pa0,0,2608222108,102,1,6150,-71.0,0.0,0,0,
102,2G4 FLRC 650k pa0,0,2608222108,102,1,6164,-71.0,0.0,0,0,
102,2G4 FLRC 650k pa0,0,2608222108,102,1,6179,-70.0,0.0,0,0,
102,2G4 FLRC 650k pa0,0,2608222108,102,1,6193,-71.0,0.0,0,0,
102,2G4 FLRC 650k pa0,0,2608222108,102,1,6207,-70.0,0.0,0,0,
102,2G4 FLRC 650k pa0,0,2608222108,102,1,6222,-70.0,0.0,0,0,
102,2G4 FLRC 650k pa0,0,2608222108,102,1,6236,-71.0,0.0,0,0,
102,2G4 FLRC 650k pa0,0,2608222108,102,1,6251,-70.0,0.0,0,0,
102,2G4 FLRC 650k pa0,0,2608222108,102,1,6265,-83.0,0.0,0,0,
102,2G4 FLRC 650k pa0,0,2608222108,102,1,6280,-79.0,0.0,0,0,
102,2G4 FLRC 650k pa0,0,2608222108,102,1,6294,-70.0,0.0,0,0,
102,2G4 FLRC 650k pa0,0,2608222108,102,1,6309,-69.0,0.0,0,0,
102,2G4 FLRC 650k pa0,0,2608222108,102,1,6323,-71.0,0.0,0,0,
102,2G4 FLRC 650k pa0,0,2608222108,102,1,6337,-71.0,0.0,0,0,
102,2G4 FLRC 650k pa0,0,2608222108,102,1,6352,-71.0,0.0,0,0,
102,2G4 FLRC 650k pa0,0,2608222108,102,1,6366,-71.0,0.0,0,0,
102,2G4 FLRC 650k pa0,0,2608222108,102,1,6381,-69.0,0.0,0,0,
102,2G4 FLRC 650k pa0,0,2608222108,102,1,6395,-70.0,0.0,0,0,
102,2G4 FLRC 650k pa0,0,2608222108,102,1,6410,-71.0,0.0,0,0,
102,2G4 FLRC 650k pa0,0,2608222108,102,1,6424,-70.0,0.0,0,0,
102,2G4 FLRC 650k pa0,0,2608222108,102,1,6439,-71.0,0.0,0,0,
102,2G4 FLRC 650k pa0,0,2608222108,102,1,6453,-71.0,0.0,0,0,
102,2G4 FLRC 650k pa0,0,2608222108,102,1,6468,-71.0,0.0,0,0,
102,2G4 FLRC 650k pa0,0,2608222108,102,1,6482,-71.0,0.0,0,0,
103,2G4 FLRC 650k pa1,0,2608222108,103,1,5780,-70.0,0.0,0,0,
103,2G4 FLRC 650k pa1,0,2608222108,103,1,5795,-70.0,0.0,0,0,
103,2G4 FLRC 650k pa1,0,2608222108,103,1,5809,-71.0,0.0,0,0,
103,2G4 FLRC 650k pa1,0,2608222108,103,1,5823,-71.0,0.0,0,0,
103,2G4 FLRC 650k pa1,0,2608222108,103,1,5838,-69.0,0.0,0,0,
103,2G4 FLRC 650k pa1,0,2608222108,103,1,5852,-70.0,0.0,0,0,
103,2G4 FLRC 650k pa1,0,2608222108,103,1,5867,-70.0,0.0,0,0,
103,2G4 FLRC 650k pa1,0,2608222108,103,1,5881,-71.0,0.0,0,0,
103,2G4 FLRC 650k pa1,0,2608222108,103,1,5896,-71.0,0.0,0,0,
103,2G4 FLRC 650k pa1,0,2608222108,103,1,5910,-71.0,0.0,0,0,
103,2G4 FLRC 650k pa1,0,2608222108,103,1,5925,-71.0,0.0,0,0,
103,2G4 FLRC 650k pa1,0,2608222108,103,1,5939,-88.0,0.0,0,0,
103,2G4 FLRC 650k pa1,0,2608222108,103,1,5954,-71.0,0.0,0,0,
103,2G4 FLRC 650k pa1,0,2608222108,103,1,5968,-71.0,0.0,0,0,
103,2G4 FLRC 650k pa1,0,2608222108,103,1,5982,-71.0,0.0,0,0,
103,2G4 FLRC 650k pa1,0,2608222108,103,1,5997,-72.0,0.0,0,0,
103,2G4 FLRC 650k pa1,0,2608222108,103,1,6011,-69.0,0.0,0,0,
103,2G4 FLRC 650k pa1,0,2608222108,103,1,6026,-71.0,0.0,0,0,
103,2G4 FLRC 650k pa1,0,2608222108,103,1,6040,-71.0,0.0,0,0,
103,2G4 FLRC 650k pa1,0,2608222108,103,1,6055,-70.0,0.0,0,0,
103,2G4 FLRC 650k pa1,0,2608222108,103,1,6069,-71.0,0.0,0,0,
103,2G4 FLRC 650k pa1,0,2608222108,103,1,6084,-78.0,0.0,0,0,
103,2G4 FLRC 650k pa1,0,2608222108,103,1,6098,-71.0,0.0,0,0,
103,2G4 FLRC 650k pa1,0,2608222108,103,1,6112,-70.0,0.0,0,0,
103,2G4 FLRC 650k pa1,0,2608222108,103,1,6127,-71.0,0.0,0,0,
103,2G4 FLRC 650k pa1,0,2608222108,103,1,6141,-71.0,0.0,0,0,
103,2G4 FLRC 650k pa1,0,2608222108,103,1,6156,-70.0,0.0,0,0,
103,2G4 FLRC 650k pa1,0,2608222108,103,1,6170,-70.0,0.0,0,0,
103,2G4 FLRC 650k pa1,0,2608222108,103,1,6185,-70.0,0.0,0,0,
103,2G4 FLRC 650k pa1,0,2608222108,103,1,6199,-71.0,0.0,0,0,
103,2G4 FLRC 650k pa1,0,2608222108,103,1,6214,-71.0,0.0,0,0,
103,2G4 FLRC 650k pa1,0,2608222108,103,1,6228,-71.0,0.0,0,0,
103,2G4 FLRC 650k pa1,0,2608222108,103,1,6242,-71.0,0.0,0,0,
103,2G4 FLRC 650k pa1,0,2608222108,103,1,6257,-71.0,0.0,0,0,
103,2G4 FLRC 650k pa1,0,2608222108,103,1,6271,-70.0,0.0,0,0,
103,2G4 FLRC 650k pa1,0,2608222108,103,1,6286,-70.0,0.0,0,0,
103,2G4 FLRC 650k pa1,0,2608222108,103,1,6300,-71.0,0.0,0,0,
103,2G4 FLRC 650k pa1,0,2608222108,103,1,6315,-71.0,0.0,0,0,
103,2G4 FLRC 650k pa1,0,2608222108,103,1,6329,-71.0,0.0,0,0,
103,2G4 FLRC 650k pa1,0,2608222108,103,1,6344,-71.0,0.0,0,0,
103,2G4 FLRC 650k pa1,0,2608222108,103,1,6358,-71.0,0.0,0,0,
103,2G4 FLRC 650k pa1,0,2608222108,103,1,6372,-71.0,0.0,0,0,
103,2G4 FLRC 650k pa1,0,2608222108,103,1,6387,-71.0,0.0,0,0,
103,2G4 FLRC 650k pa1,0,2608222108,103,1,6401,-70.0,0.0,0,0,
103,2G4 FLRC 650k pa1,0,2608222108,103,1,6416,-71.0,0.0,0,0,
103,2G4 FLRC 650k pa1,0,2608222108,103,1,6430,-71.0,0.0,0,0,
103,2G4 FLRC 650k pa1,0,2608222108,103,1,6445,-70.0,0.0,0,0,
103,2G4 FLRC 650k pa1,0,2608222108,103,1,6459,-70.0,0.0,0,0,
103,2G4 FLRC 650k pa1,0,2608222108,103,1,6474,-70.0,0.0,0,0,
103,2G4 FLRC 650k pa1,0,2608222108,103,1,6488,-71.0,0.0,0,0,
104,2G4 FLRC 650k pa3,0,2608222108,104,1,5782,-71.0,0.0,0,0,
104,2G4 FLRC 650k pa3,0,2608222108,104,1,5797,-70.0,0.0,0,0,
104,2G4 FLRC 650k pa3,0,2608222108,104,1,5811,-71.0,0.0,0,0,
104,2G4 FLRC 650k pa3,0,2608222108,104,1,5826,-71.0,0.0,0,0,
104,2G4 FLRC 650k pa3,0,2608222108,104,1,5840,-70.0,0.0,0,0,
104,2G4 FLRC 650k pa3,0,2608222108,104,1,5854,-71.0,0.0,0,0,
104,2G4 FLRC 650k pa3,0,2608222108,104,1,5869,-71.0,0.0,0,0,
104,2G4 FLRC 650k pa3,0,2608222108,104,1,5883,-70.0,0.0,0,0,
104,2G4 FLRC 650k pa3,0,2608222108,104,1,5898,-71.0,0.0,0,0,
104,2G4 FLRC 650k pa3,0,2608222108,104,1,5912,-71.0,0.0,0,0,
104,2G4 FLRC 650k pa3,0,2608222108,104,1,5927,-67.0,0.0,0,0,
104,2G4 FLRC 650k pa3,0,2608222108,104,1,5941,-71.0,0.0,0,0,
104,2G4 FLRC 650k pa3,0,2608222108,104,1,5956,-71.0,0.0,0,0,
104,2G4 FLRC 650k pa3,0,2608222108,104,1,5970,-70.0,0.0,0,0,
104,2G4 FLRC 650k pa3,0,2608222108,104,1,5984,-70.0,0.0,0,0,
104,2G4 FLRC 650k pa3,0,2608222108,104,1,5999,-70.0,0.0,0,0,
104,2G4 FLRC 650k pa3,0,2608222108,104,1,6013,-71.0,0.0,0,0,
104,2G4 FLRC 650k pa3,0,2608222108,104,1,6028,-70.0,0.0,0,0,
104,2G4 FLRC 650k pa3,0,2608222108,104,1,6042,-70.0,0.0,0,0,
104,2G4 FLRC 650k pa3,0,2608222108,104,1,6057,-70.0,0.0,0,0,
104,2G4 FLRC 650k pa3,0,2608222108,104,1,6071,-70.0,0.0,0,0,
104,2G4 FLRC 650k pa3,0,2608222108,104,1,6085,-71.0,0.0,0,0,
104,2G4 FLRC 650k pa3,0,2608222108,104,1,6100,-71.0,0.0,0,0,
104,2G4 FLRC 650k pa3,0,2608222108,104,1,6114,-70.0,0.0,0,0,
104,2G4 FLRC 650k pa3,0,2608222108,104,1,6129,-72.0,0.0,0,0,
104,2G4 FLRC 650k pa3,0,2608222108,104,1,6143,-70.0,0.0,0,0,
104,2G4 FLRC 650k pa3,0,2608222108,104,1,6158,-70.0,0.0,0,0,
104,2G4 FLRC 650k pa3,0,2608222108,104,1,6172,-71.0,0.0,0,0,
104,2G4 FLRC 650k pa3,0,2608222108,104,1,6187,-71.0,0.0,0,0,
104,2G4 FLRC 650k pa3,0,2608222108,104,1,6201,-71.0,0.0,0,0,
104,2G4 FLRC 650k pa3,0,2608222108,104,1,6215,-71.0,0.0,0,0,
104,2G4 FLRC 650k pa3,0,2608222108,104,1,6230,-71.0,0.0,0,0,
104,2G4 FLRC 650k pa3,0,2608222108,104,1,6244,-71.0,0.0,0,0,
104,2G4 FLRC 650k pa3,0,2608222108,104,1,6259,-71.0,0.0,0,0,
104,2G4 FLRC 650k pa3,0,2608222108,104,1,6273,-72.0,0.0,0,0,
104,2G4 FLRC 650k pa3,0,2608222108,104,1,6288,-71.0,0.0,0,0,
104,2G4 FLRC 650k pa3,0,2608222108,104,1,6302,-71.0,0.0,0,0,
104,2G4 FLRC 650k pa3,0,2608222108,104,1,6316,-70.0,0.0,0,0,
104,2G4 FLRC 650k pa3,0,2608222108,104,1,6331,-71.0,0.0,0,0,
104,2G4 FLRC 650k pa3,0,2608222108,104,1,6345,-82.0,0.0,0,0,
104,2G4 FLRC 650k pa3,0,2608222108,104,1,6360,-71.0,0.0,0,0,
104,2G4 FLRC 650k pa3,0,2608222108,104,1,6374,-71.0,0.0,0,0,
104,2G4 FLRC 650k pa3,0,2608222108,104,1,6389,-70.0,0.0,0,0,
104,2G4 FLRC 650k pa3,0,2608222108,104,1,6403,-70.0,0.0,0,0,
104,2G4 FLRC 650k pa3,0,2608222108,104,1,6418,-71.0,0.0,0,0,
104,2G4 FLRC 650k pa3,0,2608222108,104,1,6432,-71.0,0.0,0,0,
104,2G4 FLRC 650k pa3,0,2608222108,104,1,6446,-71.0,0.0,0,0,
104,2G4 FLRC 650k pa3,0,2608222108,104,1,6461,-70.0,0.0,0,0,
104,2G4 FLRC 650k pa3,0,2608222108,104,1,6475,-71.0,0.0,0,0,
104,2G4 FLRC 650k pa3,0,2608222108,104,1,6490,-70.0,0.0,0,0,
105,2G4 FLRC 650k pa5,0,2608222108,105,1,5790,-71.0,0.0,0,0,
105,2G4 FLRC 650k pa5,0,2608222108,105,1,5805,-70.0,0.0,0,0,
105,2G4 FLRC 650k pa5,0,2608222108,105,1,5819,-70.0,0.0,0,0,
105,2G4 FLRC 650k pa5,0,2608222108,105,1,5834,-71.0,0.0,0,0,
105,2G4 FLRC 650k pa5,0,2608222108,105,1,5848,-71.0,0.0,0,0,
105,2G4 FLRC 650k pa5,0,2608222108,105,1,5863,-70.0,0.0,0,0,
105,2G4 FLRC 650k pa5,0,2608222108,105,1,5877,-71.0,0.0,0,0,
105,2G4 FLRC 650k pa5,0,2608222108,105,1,5891,-70.0,0.0,0,0,
105,2G4 FLRC 650k pa5,0,2608222108,105,1,5906,-70.0,0.0,0,0,
105,2G4 FLRC 650k pa5,0,2608222108,105,1,5920,-71.0,0.0,0,0,
105,2G4 FLRC 650k pa5,0,2608222108,105,1,5935,-70.0,0.0,0,0,
105,2G4 FLRC 650k pa5,0,2608222108,105,1,5949,-71.0,0.0,0,0,
105,2G4 FLRC 650k pa5,0,2608222108,105,1,5964,-71.0,0.0,0,0,
105,2G4 FLRC 650k pa5,0,2608222108,105,1,5978,-80.0,0.0,0,0,
105,2G4 FLRC 650k pa5,0,2608222108,105,1,5993,-71.0,0.0,0,0,
105,2G4 FLRC 650k pa5,0,2608222108,105,1,6007,-71.0,0.0,0,0,
105,2G4 FLRC 650k pa5,0,2608222108,105,1,6022,-71.0,0.0,0,0,
105,2G4 FLRC 650k pa5,0,2608222108,105,1,6036,-71.0,0.0,0,0,
105,2G4 FLRC 650k pa5,0,2608222108,105,1,6050,-71.0,0.0,0,0,
105,2G4 FLRC 650k pa5,0,2608222108,105,1,6065,-70.0,0.0,0,0,
105,2G4 FLRC 650k pa5,0,2608222108,105,1,6079,-71.0,0.0,0,0,
105,2G4 FLRC 650k pa5,0,2608222108,105,1,6094,-70.0,0.0,0,0,
105,2G4 FLRC 650k pa5,0,2608222108,105,1,6108,-70.0,0.0,0,0,
105,2G4 FLRC 650k pa5,0,2608222108,105,1,6123,-71.0,0.0,0,0,
105,2G4 FLRC 650k pa5,0,2608222108,105,1,6137,-71.0,0.0,0,0,
105,2G4 FLRC 650k pa5,0,2608222108,105,1,6152,-69.0,0.0,0,0,
105,2G4 FLRC 650k pa5,0,2608222108,105,1,6166,-71.0,0.0,0,0,
105,2G4 FLRC 650k pa5,0,2608222108,105,1,6180,-69.0,0.0,0,0,
105,2G4 FLRC 650k pa5,0,2608222108,105,1,6195,-70.0,0.0,0,0,
105,2G4 FLRC 650k pa5,0,2608222108,105,1,6209,-71.0,0.0,0,0,
105,2G4 FLRC 650k pa5,0,2608222108,105,1,6224,-70.0,0.0,0,0,
105,2G4 FLRC 650k pa5,0,2608222108,105,1,6238,-71.0,0.0,0,0,
105,2G4 FLRC 650k pa5,0,2608222108,105,1,6253,-71.0,0.0,0,0,
105,2G4 FLRC 650k pa5,0,2608222108,105,1,6267,-70.0,0.0,0,0,
105,2G4 FLRC 650k pa5,0,2608222108,105,1,6282,-71.0,0.0,0,0,
105,2G4 FLRC 650k pa5,0,2608222108,105,1,6296,-67.0,0.0,0,0,
105,2G4 FLRC 650k pa5,0,2608222108,105,1,6310,-71.0,0.0,0,0,
105,2G4 FLRC 650k pa5,0,2608222108,105,1,6325,-71.0,0.0,0,0,
105,2G4 FLRC 650k pa5,0,2608222108,105,1,6339,-69.0,0.0,0,0,
105,2G4 FLRC 650k pa5,0,2608222108,105,1,6354,-70.0,0.0,0,0,
105,2G4 FLRC 650k pa5,0,2608222108,105,1,6368,-71.0,0.0,0,0,
105,2G4 FLRC 650k pa5,0,2608222108,105,1,6383,-71.0,0.0,0,0,
105,2G4 FLRC 650k pa5,0,2608222108,105,1,6397,-71.0,0.0,0,0,
105,2G4 FLRC 650k pa5,0,2608222108,105,1,6412,-70.0,0.0,0,0,
105,2G4 FLRC 650k pa5,0,2608222108,105,1,6426,-71.0,0.0,0,0,
105,2G4 FLRC 650k pa5,0,2608222108,105,1,6440,-70.0,0.0,0,0,
105,2G4 FLRC 650k pa5,0,2608222108,105,1,6455,-83.0,0.0,0,0,
105,2G4 FLRC 650k pa5,0,2608222108,105,1,6469,-71.0,0.0,0,0,
105,2G4 FLRC 650k pa5,0,2608222108,105,1,6484,-71.0,0.0,0,0,
105,2G4 FLRC 650k pa5,0,2608222108,105,1,6498,-83.0,0.0,0,0,
106,2G4 FLRC 650k pa7,0,2608222108,106,1,5777,-70.0,0.0,0,0,
106,2G4 FLRC 650k pa7,0,2608222108,106,1,5792,-83.0,0.0,0,0,
106,2G4 FLRC 650k pa7,0,2608222108,106,1,5806,-69.0,0.0,0,0,
106,2G4 FLRC 650k pa7,0,2608222108,106,1,5821,-66.0,0.0,0,0,
106,2G4 FLRC 650k pa7,0,2608222108,106,1,5835,-70.0,0.0,0,0,
106,2G4 FLRC 650k pa7,0,2608222108,106,1,5849,-65.0,0.0,0,0,
106,2G4 FLRC 650k pa7,0,2608222108,106,1,5864,-72.0,0.0,0,0,
106,2G4 FLRC 650k pa7,0,2608222108,106,1,5878,-72.0,0.0,0,0,
106,2G4 FLRC 650k pa7,0,2608222108,106,1,5893,-71.0,0.0,0,0,
106,2G4 FLRC 650k pa7,0,2608222108,106,1,5907,-71.0,0.0,0,0,
106,2G4 FLRC 650k pa7,0,2608222108,106,1,5922,-66.0,0.0,0,0,
106,2G4 FLRC 650k pa7,0,2608222108,106,1,5936,-84.0,0.0,0,0,
106,2G4 FLRC 650k pa7,0,2608222108,106,1,5951,-71.0,0.0,0,0,
106,2G4 FLRC 650k pa7,0,2608222108,106,1,5965,-69.0,0.0,0,0,
106,2G4 FLRC 650k pa7,0,2608222108,106,1,5979,-71.0,0.0,0,0,
106,2G4 FLRC 650k pa7,0,2608222108,106,1,5994,-70.0,0.0,0,0,
106,2G4 FLRC 650k pa7,0,2608222108,106,1,6008,-70.0,0.0,0,0,
106,2G4 FLRC 650k pa7,0,2608222108,106,1,6023,-67.0,0.0,0,0,
106,2G4 FLRC 650k pa7,0,2608222108,106,1,6037,-72.0,0.0,0,0,
106,2G4 FLRC 650k pa7,0,2608222108,106,1,6052,-71.0,0.0,0,0,
106,2G4 FLRC 650k pa7,0,2608222108,106,1,6066,-71.0,0.0,0,0,
106,2G4 FLRC 650k pa7,0,2608222108,106,1,6080,-70.0,0.0,0,0,
106,2G4 FLRC 650k pa7,0,2608222108,106,1,6095,-71.0,0.0,0,0,
106,2G4 FLRC 650k pa7,0,2608222108,106,1,6109,-71.0,0.0,0,0,
106,2G4 FLRC 650k pa7,0,2608222108,106,1,6124,-66.0,0.0,0,0,
106,2G4 FLRC 650k pa7,0,2608222108,106,1,6138,-71.0,0.0,0,0,
106,2G4 FLRC 650k pa7,0,2608222108,106,1,6153,-71.0,0.0,0,0,
106,2G4 FLRC 650k pa7,0,2608222108,106,1,6167,-71.0,0.0,0,0,
106,2G4 FLRC 650k pa7,0,2608222108,106,1,6182,-71.0,0.0,0,0,
106,2G4 FLRC 650k pa7,0,2608222108,106,1,6196,-70.0,0.0,0,0,
106,2G4 FLRC 650k pa7,0,2608222108,106,1,6210,-71.0,0.0,0,0,
106,2G4 FLRC 650k pa7,0,2608222108,106,1,6225,-71.0,0.0,0,0,
106,2G4 FLRC 650k pa7,0,2608222108,106,1,6239,-71.0,0.0,0,0,
106,2G4 FLRC 650k pa7,0,2608222108,106,1,6254,-70.0,0.0,0,0,
106,2G4 FLRC 650k pa7,0,2608222108,106,1,6268,-70.0,0.0,0,0,
106,2G4 FLRC 650k pa7,0,2608222108,106,1,6283,-70.0,0.0,0,0,
106,2G4 FLRC 650k pa7,0,2608222108,106,1,6297,-71.0,0.0,0,0,
106,2G4 FLRC 650k pa7,0,2608222108,106,1,6311,-71.0,0.0,0,0,
106,2G4 FLRC 650k pa7,0,2608222108,106,1,6326,-71.0,0.0,0,0,
106,2G4 FLRC 650k pa7,0,2608222108,106,1,6340,-70.0,0.0,0,0,
106,2G4 FLRC 650k pa7,0,2608222108,106,1,6355,-71.0,0.0,0,0,
106,2G4 FLRC 650k pa7,0,2608222108,106,1,6369,-70.0,0.0,0,0,
106,2G4 FLRC 650k pa7,0,2608222108,106,1,6384,-70.0,0.0,0,0,
106,2G4 FLRC 650k pa7,0,2608222108,106,1,6398,-70.0,0.0,0,0,
106,2G4 FLRC 650k pa7,0,2608222108,106,1,6413,-71.0,0.0,0,0,
106,2G4 FLRC 650k pa7,0,2608222108,106,1,6427,-71.0,0.0,0,0,
106,2G4 FLRC 650k pa7,0,2608222108,106,1,6441,-70.0,0.0,0,0,
106,2G4 FLRC 650k pa7,0,2608222108,106,1,6456,-71.0,0.0,0,0,
106,2G4 FLRC 650k pa7,0,2608222108,106,1,6470,-71.0,0.0,0,0,
106,2G4 FLRC 650k pa7,0,2608222108,106,1,6485,-72.0,0.0,0,0,
107,2G4 FLRC 650k pa10,0,2608222108,107,1,5781,-81.0,0.0,0,0,
107,2G4 FLRC 650k pa10,0,2608222108,107,1,5795,-70.0,0.0,0,0,
107,2G4 FLRC 650k pa10,0,2608222108,107,1,5810,-79.0,0.0,0,0,
107,2G4 FLRC 650k pa10,0,2608222108,107,1,5824,-80.0,0.0,0,0,
107,2G4 FLRC 650k pa10,0,2608222108,107,1,5838,-79.0,0.0,0,0,
107,2G4 FLRC 650k pa10,0,2608222108,107,1,5853,-71.0,0.0,0,0,
107,2G4 FLRC 650k pa10,0,2608222108,107,1,5867,-80.0,0.0,0,0,
107,2G4 FLRC 650k pa10,0,2608222108,107,1,5882,-70.0,0.0,0,0,
107,2G4 FLRC 650k pa10,0,2608222108,107,1,5896,-78.0,0.0,0,0,
107,2G4 FLRC 650k pa10,0,2608222108,107,1,5911,-79.0,0.0,0,0,
107,2G4 FLRC 650k pa10,0,2608222108,107,1,5925,-63.0,0.0,0,0,
107,2G4 FLRC 650k pa10,0,2608222108,107,1,5940,-70.0,0.0,0,0,
107,2G4 FLRC 650k pa10,0,2608222108,107,1,5954,-80.0,0.0,0,0,
107,2G4 FLRC 650k pa10,0,2608222108,107,1,5968,-71.0,0.0,0,0,
107,2G4 FLRC 650k pa10,0,2608222108,107,1,5983,-71.0,0.0,0,0,
107,2G4 FLRC 650k pa10,0,2608222108,107,1,5997,-79.0,0.0,0,0,
107,2G4 FLRC 650k pa10,0,2608222108,107,1,6012,-79.0,0.0,0,0,
107,2G4 FLRC 650k pa10,0,2608222108,107,1,6026,-79.0,0.0,0,0,
107,2G4 FLRC 650k pa10,0,2608222108,107,1,6041,-79.0,0.0,0,0,
107,2G4 FLRC 650k pa10,0,2608222108,107,1,6055,-71.0,0.0,0,0,
107,2G4 FLRC 650k pa10,0,2608222108,107,1,6069,-80.0,0.0,0,0,
107,2G4 FLRC 650k pa10,0,2608222108,107,1,6084,-79.0,0.0,0,0,
107,2G4 FLRC 650k pa10,0,2608222108,107,1,6098,-63.0,0.0,0,0,
107,2G4 FLRC 650k pa10,0,2608222108,107,1,6113,-70.0,0.0,0,0,
107,2G4 FLRC 650k pa10,0,2608222108,107,1,6127,-80.0,0.0,0,0,
107,2G4 FLRC 650k pa10,0,2608222108,107,1,6142,-80.0,0.0,0,0,
107,2G4 FLRC 650k pa10,0,2608222108,107,1,6156,-70.0,0.0,0,0,
107,2G4 FLRC 650k pa10,0,2608222108,107,1,6171,-63.0,0.0,0,0,
107,2G4 FLRC 650k pa10,0,2608222108,107,1,6185,-78.0,0.0,0,0,
107,2G4 FLRC 650k pa10,0,2608222108,107,1,6199,-71.0,0.0,0,0,
107,2G4 FLRC 650k pa10,0,2608222108,107,1,6214,-70.0,0.0,0,0,
107,2G4 FLRC 650k pa10,0,2608222108,107,1,6228,-79.0,0.0,0,0,
107,2G4 FLRC 650k pa10,0,2608222108,107,1,6243,-71.0,0.0,0,0,
107,2G4 FLRC 650k pa10,0,2608222108,107,1,6257,-63.0,0.0,0,0,
107,2G4 FLRC 650k pa10,0,2608222108,107,1,6272,-71.0,0.0,0,0,
107,2G4 FLRC 650k pa10,0,2608222108,107,1,6286,-62.0,0.0,0,0,
107,2G4 FLRC 650k pa10,0,2608222108,107,1,6300,-79.0,0.0,0,0,
107,2G4 FLRC 650k pa10,0,2608222108,107,1,6315,-79.0,0.0,0,0,
107,2G4 FLRC 650k pa10,0,2608222108,107,1,6329,-71.0,0.0,0,0,
107,2G4 FLRC 650k pa10,0,2608222108,107,1,6344,-71.0,0.0,0,0,
107,2G4 FLRC 650k pa10,0,2608222108,107,1,6358,-79.0,0.0,0,0,
107,2G4 FLRC 650k pa10,0,2608222108,107,1,6373,-79.0,0.0,0,0,
107,2G4 FLRC 650k pa10,0,2608222108,107,1,6387,-78.0,0.0,0,0,
107,2G4 FLRC 650k pa10,0,2608222108,107,1,6402,-79.0,0.0,0,0,
107,2G4 FLRC 650k pa10,0,2608222108,107,1,6416,-62.0,0.0,0,0,
107,2G4 FLRC 650k pa10,0,2608222108,107,1,6430,-66.0,0.0,0,0,
107,2G4 FLRC 650k pa10,0,2608222108,107,1,6445,-80.0,0.0,0,0,
107,2G4 FLRC 650k pa10,0,2608222108,107,1,6459,-79.0,0.0,0,0,
107,2G4 FLRC 650k pa10,0,2608222108,107,1,6474,-71.0,0.0,0,0,
107,2G4 FLRC 650k pa10,0,2608222108,107,1,6488,-72.0,0.0,0,0,
108,2G4 SF8 BW125 @ 2400MHz,0,2608222108,108,1,6195,-34.0,16.0,1,0,
108,2G4 SF8 BW125 @ 2400MHz,1,2608222108,108,1,6677,-34.0,16.0,1,0,
108,2G4 SF8 BW125 @ 2400MHz,2,2608222108,108,1,7160,-34.0,16.0,1,0,
108,2G4 SF8 BW125 @ 2400MHz,3,2608222108,108,1,7642,-34.0,16.0,1,0,
108,2G4 SF8 BW125 @ 2400MHz,4,2608222108,108,1,8124,-34.0,16.0,1,0,
108,2G4 SF8 BW125 @ 2400MHz,5,2608222108,108,1,8607,-34.0,16.0,1,0,
108,2G4 SF8 BW125 @ 2400MHz,6,2608222108,108,1,9089,-34.0,16.0,1,0,
108,2G4 SF8 BW125 @ 2400MHz,7,2608222108,108,1,9572,-34.0,16.0,1,0,
108,2G4 SF8 BW125 @ 2400MHz,8,2608222108,108,1,10054,-34.0,16.0,1,0,
108,2G4 SF8 BW125 @ 2400MHz,9,2608222108,108,1,10537,-34.0,16.0,1,0,
108,2G4 SF8 BW125 @ 2400MHz,10,2608222108,108,1,11019,-34.0,16.0,1,0,
108,2G4 SF8 BW125 @ 2400MHz,11,2608222108,108,1,11501,-34.0,16.0,1,0,
108,2G4 SF8 BW125 @ 2400MHz,12,2608222108,108,1,11984,-34.0,16.0,1,0,
108,2G4 SF8 BW125 @ 2400MHz,13,2608222108,108,1,12466,-34.0,16.0,1,0,
108,2G4 SF8 BW125 @ 2400MHz,14,2608222108,108,1,12949,-34.0,16.0,1,0,
108,2G4 SF8 BW125 @ 2400MHz,15,2608222108,108,1,13431,-34.0,16.0,1,0,
108,2G4 SF8 BW125 @ 2400MHz,16,2608222108,108,1,13913,-34.0,16.0,1,0,
108,2G4 SF8 BW125 @ 2400MHz,17,2608222108,108,1,14396,-34.0,16.0,1,0,
108,2G4 SF8 BW125 @ 2400MHz,18,2608222108,108,1,14878,-34.0,16.0,1,0,
108,2G4 SF8 BW125 @ 2400MHz,19,2608222108,108,1,15361,-34.0,16.0,1,0,
108,2G4 SF8 BW125 @ 2400MHz,20,2608222108,108,1,15843,-34.0,16.0,1,0,
108,2G4 SF8 BW125 @ 2400MHz,21,2608222108,108,1,16326,-34.0,16.0,1,0,
108,2G4 SF8 BW125 @ 2400MHz,22,2608222108,108,1,16808,-34.0,16.0,1,0,
108,2G4 SF8 BW125 @ 2400MHz,23,2608222108,108,1,17290,-34.0,16.0,1,0,
108,2G4 SF8 BW125 @ 2400MHz,24,2608222108,108,1,17773,-34.0,16.0,1,0,
108,2G4 SF8 BW125 @ 2400MHz,25,2608222108,108,1,18255,-34.0,16.0,1,0,
108,2G4 SF8 BW125 @ 2400MHz,26,2608222108,108,1,18738,-34.0,16.0,1,0,
108,2G4 SF8 BW125 @ 2400MHz,27,2608222108,108,1,19220,-34.0,16.0,1,0,
108,2G4 SF8 BW125 @ 2400MHz,28,2608222108,108,1,19702,-34.0,16.0,1,0,
108,2G4 SF8 BW125 @ 2400MHz,29,2608222108,108,1,20185,-34.0,16.0,1,0,
108,2G4 SF8 BW125 @ 2400MHz,30,2608222108,108,1,20667,-34.0,16.0,1,0,
108,2G4 SF8 BW125 @ 2400MHz,31,2608222108,108,1,21150,-34.0,16.0,1,0,
108,2G4 SF8 BW125 @ 2400MHz,32,2608222108,108,1,21632,-34.0,16.0,1,0,
108,2G4 SF8 BW125 @ 2400MHz,33,2608222108,108,1,22115,-34.0,16.0,1,0,
108,2G4 SF8 BW125 @ 2400MHz,34,2608222108,108,1,22597,-34.0,16.0,1,0,
108,2G4 SF8 BW125 @ 2400MHz,35,2608222108,108,1,23079,-34.0,16.0,1,0,
108,2G4 SF8 BW125 @ 2400MHz,36,2608222108,108,1,23562,-34.0,16.0,1,0,
108,2G4 SF8 BW125 @ 2400MHz,37,2608222108,108,1,24044,-34.0,16.0,1,0,
108,2G4 SF8 BW125 @ 2400MHz,38,2608222108,108,1,24527,-34.0,16.0,1,0,
108,2G4 SF8 BW125 @ 2400MHz,39,2608222108,108,1,25009,-34.0,16.0,1,0,
108,2G4 SF8 BW125 @ 2400MHz,40,2608222108,108,1,25491,-34.0,16.0,1,0,
108,2G4 SF8 BW125 @ 2400MHz,41,2608222108,108,1,25974,-34.0,16.0,1,0,
108,2G4 SF8 BW125 @ 2400MHz,42,2608222108,108,1,26456,-34.0,16.0,1,0,
108,2G4 SF8 BW125 @ 2400MHz,43,2608222108,108,1,26939,-34.0,16.0,1,0,
108,2G4 SF8 BW125 @ 2400MHz,44,2608222108,108,1,27421,-34.0,16.0,1,0,
108,2G4 SF8 BW125 @ 2400MHz,45,2608222108,108,1,27904,-34.0,16.0,1,0,
108,2G4 SF8 BW125 @ 2400MHz,46,2608222108,108,1,28386,-34.0,16.0,1,0,
108,2G4 SF8 BW125 @ 2400MHz,47,2608222108,108,1,28868,-34.0,16.0,1,0,
108,2G4 SF8 BW125 @ 2400MHz,48,2608222108,108,1,29351,-34.0,16.0,1,0,
108,2G4 SF8 BW125 @ 2400MHz,49,2608222108,108,1,29833,-34.0,16.0,1,0,
109,2G4 SF8 BW125 @ 2420MHz,0,2608222108,109,1,6194,-36.0,15.0,1,0,
109,2G4 SF8 BW125 @ 2420MHz,1,2608222108,109,1,6676,-35.0,15.0,1,0,
109,2G4 SF8 BW125 @ 2420MHz,2,2608222108,109,1,7159,-36.0,15.0,1,0,
109,2G4 SF8 BW125 @ 2420MHz,3,2608222108,109,1,7641,-36.0,15.0,1,0,
109,2G4 SF8 BW125 @ 2420MHz,4,2608222108,109,1,8123,-36.0,15.0,1,0,
109,2G4 SF8 BW125 @ 2420MHz,5,2608222108,109,1,8606,-35.0,16.0,1,0,
109,2G4 SF8 BW125 @ 2420MHz,6,2608222108,109,1,9088,-36.0,15.0,1,0,
109,2G4 SF8 BW125 @ 2420MHz,7,2608222108,109,1,9571,-35.0,15.0,1,0,
109,2G4 SF8 BW125 @ 2420MHz,8,2608222108,109,1,10053,-35.0,15.0,1,0,
109,2G4 SF8 BW125 @ 2420MHz,9,2608222108,109,1,10535,-36.0,15.0,1,0,
109,2G4 SF8 BW125 @ 2420MHz,10,2608222108,109,1,11018,-36.0,15.0,1,0,
109,2G4 SF8 BW125 @ 2420MHz,11,2608222108,109,1,11500,-35.0,15.0,1,0,
109,2G4 SF8 BW125 @ 2420MHz,12,2608222108,109,1,11983,-36.0,15.0,1,0,
109,2G4 SF8 BW125 @ 2420MHz,13,2608222108,109,1,12465,-35.0,15.0,1,0,
109,2G4 SF8 BW125 @ 2420MHz,14,2608222108,109,1,12948,-36.0,15.0,1,0,
109,2G4 SF8 BW125 @ 2420MHz,15,2608222108,109,1,13430,-35.0,15.0,1,0,
109,2G4 SF8 BW125 @ 2420MHz,16,2608222108,109,1,13912,-35.0,15.0,1,0,
109,2G4 SF8 BW125 @ 2420MHz,17,2608222108,109,1,14395,-36.0,15.0,1,0,
109,2G4 SF8 BW125 @ 2420MHz,18,2608222108,109,1,14877,-36.0,16.0,1,0,
109,2G4 SF8 BW125 @ 2420MHz,19,2608222108,109,1,15360,-35.0,15.0,1,0,
109,2G4 SF8 BW125 @ 2420MHz,20,2608222108,109,1,15842,-35.0,15.0,1,0,
109,2G4 SF8 BW125 @ 2420MHz,21,2608222108,109,1,16324,-36.0,15.0,1,0,
109,2G4 SF8 BW125 @ 2420MHz,22,2608222108,109,1,16807,-35.0,15.0,1,0,
109,2G4 SF8 BW125 @ 2420MHz,23,2608222108,109,1,17289,-35.0,15.0,1,0,
109,2G4 SF8 BW125 @ 2420MHz,24,2608222108,109,1,17772,-35.0,15.0,1,0,
109,2G4 SF8 BW125 @ 2420MHz,25,2608222108,109,1,18254,-35.0,16.0,1,0,
109,2G4 SF8 BW125 @ 2420MHz,26,2608222108,109,1,18737,-35.0,15.0,1,0,
109,2G4 SF8 BW125 @ 2420MHz,27,2608222108,109,1,19219,-36.0,15.0,1,0,
109,2G4 SF8 BW125 @ 2420MHz,28,2608222108,109,1,19701,-35.0,15.0,1,0,
109,2G4 SF8 BW125 @ 2420MHz,29,2608222108,109,1,20184,-35.0,15.0,1,0,
109,2G4 SF8 BW125 @ 2420MHz,30,2608222108,109,1,20666,-36.0,15.0,1,0,
109,2G4 SF8 BW125 @ 2420MHz,31,2608222108,109,1,21149,-35.0,15.0,1,0,
109,2G4 SF8 BW125 @ 2420MHz,32,2608222108,109,1,21631,-35.0,15.0,1,0,
109,2G4 SF8 BW125 @ 2420MHz,33,2608222108,109,1,22113,-36.0,15.0,1,0,
109,2G4 SF8 BW125 @ 2420MHz,34,2608222108,109,1,22596,-36.0,15.0,1,0,
109,2G4 SF8 BW125 @ 2420MHz,35,2608222108,109,1,23078,-36.0,15.0,1,0,
109,2G4 SF8 BW125 @ 2420MHz,36,2608222108,109,1,24043,-36.0,15.0,1,0,
109,2G4 SF8 BW125 @ 2420MHz,37,2608222108,109,1,24526,-35.0,15.0,1,0,
109,2G4 SF8 BW125 @ 2420MHz,38,2608222108,109,1,25008,-35.0,15.0,1,0,
109,2G4 SF8 BW125 @ 2420MHz,39,2608222108,109,1,25490,-36.0,15.0,1,0,
109,2G4 SF8 BW125 @ 2420MHz,40,2608222108,109,1,25973,-35.0,15.0,1,0,
109,2G4 SF8 BW125 @ 2420MHz,41,2608222108,109,1,26455,-35.0,15.0,1,0,
109,2G4 SF8 BW125 @ 2420MHz,42,2608222108,109,1,26938,-35.0,16.0,1,0,
109,2G4 SF8 BW125 @ 2420MHz,43,2608222108,109,1,27420,-36.0,15.0,1,0,
109,2G4 SF8 BW125 @ 2420MHz,44,2608222108,109,1,27902,-36.0,16.0,1,0,
109,2G4 SF8 BW125 @ 2420MHz,45,2608222108,109,1,28385,-36.0,15.0,1,0,
109,2G4 SF8 BW125 @ 2420MHz,46,2608222108,109,1,28867,-35.0,15.0,1,0,
109,2G4 SF8 BW125 @ 2420MHz,47,2608222108,109,1,29350,-35.0,15.0,1,0,
109,2G4 SF8 BW125 @ 2420MHz,48,2608222108,109,1,29832,-35.0,15.0,1,0,
110,2G4 SF8 BW125 @ 2440MHz,0,2608222108,110,1,6239,-36.0,15.0,1,0,
110,2G4 SF8 BW125 @ 2440MHz,1,2608222108,110,1,6721,-36.0,15.0,1,0,
110,2G4 SF8 BW125 @ 2440MHz,2,2608222108,110,1,7204,-36.0,15.0,1,0,
110,2G4 SF8 BW125 @ 2440MHz,3,2608222108,110,1,7686,-36.0,15.0,1,0,
110,2G4 SF8 BW125 @ 2440MHz,4,2608222108,110,1,8169,-36.0,15.0,1,0,
110,2G4 SF8 BW125 @ 2440MHz,5,2608222108,110,1,8651,-36.0,15.0,1,0,
110,2G4 SF8 BW125 @ 2440MHz,6,2608222108,110,1,9134,-36.0,15.0,1,0,
110,2G4 SF8 BW125 @ 2440MHz,7,2608222108,110,1,9616,-36.0,15.0,1,0,
110,2G4 SF8 BW125 @ 2440MHz,8,2608222108,110,1,10098,-36.0,15.0,1,0,
110,2G4 SF8 BW125 @ 2440MHz,9,2608222108,110,1,10581,-36.0,15.0,1,0,
110,2G4 SF8 BW125 @ 2440MHz,10,2608222108,110,1,11063,-36.0,15.0,1,0,
110,2G4 SF8 BW125 @ 2440MHz,11,2608222108,110,1,11546,-36.0,15.0,1,0,
110,2G4 SF8 BW125 @ 2440MHz,12,2608222108,110,1,12028,-36.0,15.0,1,0,
110,2G4 SF8 BW125 @ 2440MHz,13,2608222108,110,1,12510,-36.0,15.0,1,0,
110,2G4 SF8 BW125 @ 2440MHz,14,2608222108,110,1,12993,-36.0,15.0,1,0,
110,2G4 SF8 BW125 @ 2440MHz,15,2608222108,110,1,13475,-36.0,15.0,1,0,
110,2G4 SF8 BW125 @ 2440MHz,16,2608222108,110,1,13958,-36.0,15.0,1,0,
110,2G4 SF8 BW125 @ 2440MHz,17,2608222108,110,1,14440,-36.0,15.0,1,0,
110,2G4 SF8 BW125 @ 2440MHz,18,2608222108,110,1,14922,-36.0,15.0,1,0,
110,2G4 SF8 BW125 @ 2440MHz,19,2608222108,110,1,15405,-36.0,15.0,1,0,
110,2G4 SF8 BW125 @ 2440MHz,20,2608222108,110,1,15887,-36.0,15.0,1,0,
110,2G4 SF8 BW125 @ 2440MHz,21,2608222108,110,1,16370,-35.0,15.0,1,0,
110,2G4 SF8 BW125 @ 2440MHz,22,2608222108,110,1,16852,-36.0,15.0,1,0,
110,2G4 SF8 BW125 @ 2440MHz,23,2608222108,110,1,17335,-36.0,15.0,1,0,
110,2G4 SF8 BW125 @ 2440MHz,24,2608222108,110,1,17817,-36.0,16.0,1,0,
110,2G4 SF8 BW125 @ 2440MHz,25,2608222108,110,1,18299,-36.0,15.0,1,0,
110,2G4 SF8 BW125 @ 2440MHz,26,2608222108,110,1,18782,-36.0,15.0,1,0,
110,2G4 SF8 BW125 @ 2440MHz,27,2608222108,110,1,19264,-36.0,15.0,1,0,
110,2G4 SF8 BW125 @ 2440MHz,28,2608222108,110,1,19747,-36.0,15.0,1,0,
110,2G4 SF8 BW125 @ 2440MHz,29,2608222108,110,1,20229,-36.0,15.0,1,0,
110,2G4 SF8 BW125 @ 2440MHz,30,2608222108,110,1,20711,-36.0,15.0,1,0,
110,2G4 SF8 BW125 @ 2440MHz,31,2608222108,110,1,21194,-36.0,15.0,1,0,
110,2G4 SF8 BW125 @ 2440MHz,32,2608222108,110,1,21676,-36.0,15.0,1,0,
110,2G4 SF8 BW125 @ 2440MHz,33,2608222108,110,1,22159,-36.0,15.0,1,0,
110,2G4 SF8 BW125 @ 2440MHz,34,2608222108,110,1,22641,-36.0,15.0,1,0,
110,2G4 SF8 BW125 @ 2440MHz,35,2608222108,110,1,23123,-36.0,15.0,1,0,
110,2G4 SF8 BW125 @ 2440MHz,36,2608222108,110,1,23606,-36.0,15.0,1,0,
110,2G4 SF8 BW125 @ 2440MHz,37,2608222108,110,1,24088,-36.0,15.0,1,0,
110,2G4 SF8 BW125 @ 2440MHz,38,2608222108,110,1,24571,-36.0,15.0,1,0,
110,2G4 SF8 BW125 @ 2440MHz,39,2608222108,110,1,25053,-36.0,16.0,1,0,
110,2G4 SF8 BW125 @ 2440MHz,40,2608222108,110,1,25535,-36.0,15.0,1,0,
110,2G4 SF8 BW125 @ 2440MHz,41,2608222108,110,1,26018,-36.0,15.0,1,0,
110,2G4 SF8 BW125 @ 2440MHz,42,2608222108,110,1,26500,-36.0,15.0,1,0,
110,2G4 SF8 BW125 @ 2440MHz,43,2608222108,110,1,26983,-35.0,15.0,1,0,
110,2G4 SF8 BW125 @ 2440MHz,44,2608222108,110,1,27465,-36.0,15.0,1,0,
110,2G4 SF8 BW125 @ 2440MHz,45,2608222108,110,1,27948,-36.0,15.0,1,0,
110,2G4 SF8 BW125 @ 2440MHz,46,2608222108,110,1,28430,-36.0,15.0,1,0,
110,2G4 SF8 BW125 @ 2440MHz,47,2608222108,110,1,28912,-36.0,15.0,1,0,
110,2G4 SF8 BW125 @ 2440MHz,48,2608222108,110,1,29395,-36.0,15.0,1,0,
110,2G4 SF8 BW125 @ 2440MHz,49,2608222108,110,1,29877,-36.0,15.0,1,0,
111,2G4 SF8 BW125 @ 2460MHz,0,2608222108,111,1,6193,-37.0,16.0,1,0,
111,2G4 SF8 BW125 @ 2460MHz,1,2608222108,111,1,6675,-37.0,16.0,1,0,
111,2G4 SF8 BW125 @ 2460MHz,2,2608222108,111,1,7157,-37.0,16.0,1,0,
111,2G4 SF8 BW125 @ 2460MHz,3,2608222108,111,1,7640,-37.0,16.0,1,0,
111,2G4 SF8 BW125 @ 2460MHz,4,2608222108,111,1,8122,-37.0,16.0,1,0,
111,2G4 SF8 BW125 @ 2460MHz,5,2608222108,111,1,9087,-37.0,16.0,1,0,
111,2G4 SF8 BW125 @ 2460MHz,6,2608222108,111,1,9570,-37.0,16.0,1,0,
111,2G4 SF8 BW125 @ 2460MHz,7,2608222108,111,1,10052,-37.0,16.0,1,0,
111,2G4 SF8 BW125 @ 2460MHz,8,2608222108,111,1,10534,-37.0,16.0,1,0,
111,2G4 SF8 BW125 @ 2460MHz,9,2608222108,111,1,11499,-37.0,16.0,1,0,
111,2G4 SF8 BW125 @ 2460MHz,10,2608222108,111,1,11982,-37.0,16.0,1,0,
111,2G4 SF8 BW125 @ 2460MHz,11,2608222108,111,1,12464,-37.0,16.0,1,0,
111,2G4 SF8 BW125 @ 2460MHz,12,2608222108,111,1,12946,-37.0,16.0,1,0,
111,2G4 SF8 BW125 @ 2460MHz,13,2608222108,111,1,13429,-37.0,16.0,1,0,
111,2G4 SF8 BW125 @ 2460MHz,14,2608222108,111,1,13911,-37.0,16.0,1,0,
111,2G4 SF8 BW125 @ 2460MHz,15,2608222108,111,1,14876,-37.0,16.0,1,0,
111,2G4 SF8 BW125 @ 2460MHz,16,2608222108,111,1,15359,-37.0,16.0,1,0,
111,2G4 SF8 BW125 @ 2460MHz,17,2608222108,111,1,15841,-37.0,16.0,1,0,
111,2G4 SF8 BW125 @ 2460MHz,18,2608222108,111,1,16323,-37.0,16.0,1,0,
111,2G4 SF8 BW125 @ 2460MHz,19,2608222108,111,1,16806,-37.0,16.0,1,0,
111,2G4 SF8 BW125 @ 2460MHz,20,2608222108,111,1,17288,-37.0,16.0,1,0,
111,2G4 SF8 BW125 @ 2460MHz,21,2608222108,111,1,17771,-37.0,16.0,1,0,
111,2G4 SF8 BW125 @ 2460MHz,22,2608222108,111,1,18253,-37.0,16.0,1,0,
111,2G4 SF8 BW125 @ 2460MHz,23,2608222108,111,1,18736,-37.0,16.0,1,0,
111,2G4 SF8 BW125 @ 2460MHz,24,2608222108,111,1,19218,-37.0,16.0,1,0,
111,2G4 SF8 BW125 @ 2460MHz,25,2608222108,111,1,19700,-37.0,16.0,1,0,
111,2G4 SF8 BW125 @ 2460MHz,26,2608222108,111,1,20183,-37.0,16.0,1,0,
111,2G4 SF8 BW125 @ 2460MHz,27,2608222108,111,1,20665,-37.0,16.0,1,0,
111,2G4 SF8 BW125 @ 2460MHz,28,2608222108,111,1,21148,-37.0,16.0,1,0,
111,2G4 SF8 BW125 @ 2460MHz,29,2608222108,111,1,21630,-37.0,16.0,1,0,
111,2G4 SF8 BW125 @ 2460MHz,30,2608222108,111,1,22112,-37.0,16.0,1,0,
111,2G4 SF8 BW125 @ 2460MHz,31,2608222108,111,1,22595,-37.0,16.0,1,0,
111,2G4 SF8 BW125 @ 2460MHz,32,2608222108,111,1,23077,-37.0,16.0,1,0,
111,2G4 SF8 BW125 @ 2460MHz,33,2608222108,111,1,23560,-37.0,16.0,1,0,
111,2G4 SF8 BW125 @ 2460MHz,34,2608222108,111,1,24042,-37.0,16.0,1,0,
111,2G4 SF8 BW125 @ 2460MHz,35,2608222108,111,1,24525,-37.0,16.0,1,0,
111,2G4 SF8 BW125 @ 2460MHz,36,2608222108,111,1,25007,-37.0,16.0,1,0,
111,2G4 SF8 BW125 @ 2460MHz,37,2608222108,111,1,25489,-37.0,16.0,1,0,
111,2G4 SF8 BW125 @ 2460MHz,38,2608222108,111,1,25972,-37.0,16.0,1,0,
111,2G4 SF8 BW125 @ 2460MHz,39,2608222108,111,1,26454,-37.0,16.0,1,0,
111,2G4 SF8 BW125 @ 2460MHz,40,2608222108,111,1,26937,-37.0,16.0,1,0,
111,2G4 SF8 BW125 @ 2460MHz,41,2608222108,111,1,27419,-37.0,16.0,1,0,
111,2G4 SF8 BW125 @ 2460MHz,42,2608222108,111,1,27901,-37.0,16.0,1,0,
111,2G4 SF8 BW125 @ 2460MHz,43,2608222108,111,1,28384,-37.0,16.0,1,0,
111,2G4 SF8 BW125 @ 2460MHz,44,2608222108,111,1,28866,-37.0,16.0,1,0,
111,2G4 SF8 BW125 @ 2460MHz,45,2608222108,111,1,29349,-37.0,16.0,1,0,
111,2G4 SF8 BW125 @ 2460MHz,46,2608222108,111,1,29831,-37.0,16.0,1,0,
112,2G4 SF8 BW125 @ 2480MHz,0,2608222108,112,1,6189,-39.0,15.0,1,0,
112,2G4 SF8 BW125 @ 2480MHz,1,2608222108,112,1,6671,-39.0,17.0,1,0,
112,2G4 SF8 BW125 @ 2480MHz,2,2608222108,112,1,7154,-39.0,17.0,1,0,
112,2G4 SF8 BW125 @ 2480MHz,3,2608222108,112,1,7636,-39.0,10.0,1,0,
112,2G4 SF8 BW125 @ 2480MHz,4,2608222108,112,1,8119,-39.0,16.0,1,0,
112,2G4 SF8 BW125 @ 2480MHz,5,2608222108,112,1,8601,-39.0,16.0,1,0,
112,2G4 SF8 BW125 @ 2480MHz,6,2608222108,112,1,9084,-39.0,17.0,1,0,
112,2G4 SF8 BW125 @ 2480MHz,7,2608222108,112,1,9566,-39.0,15.0,1,0,
112,2G4 SF8 BW125 @ 2480MHz,8,2608222108,112,1,10048,-39.0,17.0,1,0,
112,2G4 SF8 BW125 @ 2480MHz,9,2608222108,112,1,10531,-39.0,17.0,1,0,
112,2G4 SF8 BW125 @ 2480MHz,10,2608222108,112,1,11496,-39.0,17.0,1,0,
112,2G4 SF8 BW125 @ 2480MHz,11,2608222108,112,1,11978,-39.0,17.0,1,0,
112,2G4 SF8 BW125 @ 2480MHz,12,2608222108,112,1,12460,-39.0,16.0,1,0,
112,2G4 SF8 BW125 @ 2480MHz,13,2608222108,112,1,12943,-39.0,12.0,1,0,
112,2G4 SF8 BW125 @ 2480MHz,14,2608222108,112,1,13425,-39.0,17.0,1,0,
112,2G4 SF8 BW125 @ 2480MHz,15,2608222108,112,1,13908,-39.0,17.0,1,0,
112,2G4 SF8 BW125 @ 2480MHz,16,2608222108,112,1,14390,-39.0,17.0,1,0,
112,2G4 SF8 BW125 @ 2480MHz,17,2608222108,112,1,14873,-39.0,17.0,1,0,
112,2G4 SF8 BW125 @ 2480MHz,18,2608222108,112,1,15355,-39.0,17.0,1,0,
112,2G4 SF8 BW125 @ 2480MHz,19,2608222108,112,1,15837,-39.0,17.0,1,0,
112,2G4 SF8 BW125 @ 2480MHz,20,2608222108,112,1,16320,-39.0,17.0,1,0,
112,2G4 SF8 BW125 @ 2480MHz,21,2608222108,112,1,16802,-39.0,17.0,1,0,
112,2G4 SF8 BW125 @ 2480MHz,22,2608222108,112,1,17285,-39.0,15.0,1,0,
112,2G4 SF8 BW125 @ 2480MHz,23,2608222108,112,1,17767,-39.0,17.0,1,0,
112,2G4 SF8 BW125 @ 2480MHz,24,2608222108,112,1,18250,-39.0,12.0,1,0,
112,2G4 SF8 BW125 @ 2480MHz,25,2608222108,112,1,18732,-39.0,16.0,1,0,
112,2G4 SF8 BW125 @ 2480MHz,26,2608222108,112,1,19214,-39.0,17.0,1,0,
112,2G4 SF8 BW125 @ 2480MHz,27,2608222108,112,1,19697,-39.0,17.0,1,0,
112,2G4 SF8 BW125 @ 2480MHz,28,2608222108,112,1,20179,-39.0,17.0,1,0,
112,2G4 SF8 BW125 @ 2480MHz,29,2608222108,112,1,20662,-39.0,15.0,1,0,
112,2G4 SF8 BW125 @ 2480MHz,30,2608222108,112,1,21144,-39.0,17.0,1,0,
112,2G4 SF8 BW125 @ 2480MHz,31,2608222108,112,1,21626,-39.0,17.0,1,0,
112,2G4 SF8 BW125 @ 2480MHz,32,2608222108,112,1,22109,-39.0,17.0,1,0,
112,2G4 SF8 BW125 @ 2480MHz,33,2608222108,112,1,22591,-39.0,17.0,1,0,
112,2G4 SF8 BW125 @ 2480MHz,34,2608222108,112,1,23074,-39.0,15.0,1,0,
112,2G4 SF8 BW125 @ 2480MHz,35,2608222108,112,1,23556,-39.0,15.0,1,0,
112,2G4 SF8 BW125 @ 2480MHz,36,2608222108,112,1,24039,-39.0,12.0,1,0,
112,2G4 SF8 BW125 @ 2480MHz,37,2608222108,112,1,24521,-39.0,17.0,1,0,
112,2G4 SF8 BW125 @ 2480MHz,38,2608222108,112,1,25003,-39.0,16.0,1,0,
112,2G4 SF8 BW125 @ 2480MHz,39,2608222108,112,1,25486,-39.0,15.0,1,0,
112,2G4 SF8 BW125 @ 2480MHz,40,2608222108,112,1,25968,-39.0,17.0,1,0,
112,2G4 SF8 BW125 @ 2480MHz,41,2608222108,112,1,26451,-39.0,17.0,1,0,
112,2G4 SF8 BW125 @ 2480MHz,42,2608222108,112,1,26933,-39.0,17.0,1,0,
112,2G4 SF8 BW125 @ 2480MHz,43,2608222108,112,1,27415,-39.0,15.0,1,0,
112,2G4 SF8 BW125 @ 2480MHz,44,2608222108,112,1,27898,-39.0,17.0,1,0,
112,2G4 SF8 BW125 @ 2480MHz,45,2608222108,112,1,28380,-39.0,12.0,1,0,
112,2G4 SF8 BW125 @ 2480MHz,46,2608222108,112,1,28863,-39.0,17.0,1,0,
112,2G4 SF8 BW125 @ 2480MHz,47,2608222108,112,1,29345,-39.0,17.0,1,0,
112,2G4 SF8 BW125 @ 2480MHz,48,2608222108,112,1,29828,-39.0,16.0,1,0,
