solid OpenSCAD_Model
  facet normal 0.707107 -0.707107 0
    outer loop
      vertex 50.9844 53.17 3
      vertex 51.0924 53.278 2.4
      vertex 51.0924 53.278 3
    endloop
  endfacet
  facet normal 0.707107 -0.707107 0
    outer loop
      vertex 51.0924 53.278 2.4
      vertex 50.9844 53.17 3
      vertex 50.9844 53.17 2.4
    endloop
  endfacet
  facet normal 0.965914 0.258865 0
    outer loop
      vertex 50.9844 51.57 3
      vertex 50.77 52.37 2.4
      vertex 50.77 52.37 3
    endloop
  endfacet
  facet normal 0.965914 0.258865 0
    outer loop
      vertex 50.77 52.37 2.4
      vertex 50.9844 51.57 3
      vertex 50.9844 51.57 2.4
    endloop
  endfacet
  facet normal 0.707107 0.707107 0
    outer loop
      vertex 51.57 50.9844 3
      vertex 50.9844 51.57 2.4
      vertex 50.9844 51.57 3
    endloop
  endfacet
  facet normal 0.707107 0.707107 0
    outer loop
      vertex 50.9844 51.57 2.4
      vertex 51.57 50.9844 3
      vertex 51.57 50.9844 2.4
    endloop
  endfacet
  facet normal -0.258865 0.965914 0
    outer loop
      vertex 53.17 50.9844 2.4
      vertex 52.37 50.77 3
      vertex 53.17 50.9844 3
    endloop
  endfacet
  facet normal -0.258865 0.965914 0
    outer loop
      vertex 52.37 50.77 3
      vertex 53.17 50.9844 2.4
      vertex 52.37 50.77 2.4
    endloop
  endfacet
  facet normal -0.707107 0.707107 0
    outer loop
      vertex 53.17 50.9844 2.4
      vertex 53.278 51.0924 3
      vertex 53.278 51.0924 2.4
    endloop
  endfacet
  facet normal -0.707107 0.707107 0
    outer loop
      vertex 53.278 51.0924 3
      vertex 53.17 50.9844 2.4
      vertex 53.17 50.9844 3
    endloop
  endfacet
  facet normal 0 0 -1
    outer loop
      vertex 53.17 50.9844 3
      vertex 53.2232 51.2971 3
      vertex 53.278 51.0924 3
    endloop
  endfacet
  facet normal 0 0 -1
    outer loop
      vertex 52.37 50.77 3
      vertex 53.2232 51.2971 3
      vertex 53.17 50.9844 3
    endloop
  endfacet
  facet normal -0 0 -1
    outer loop
      vertex 53.2232 51.2971 3
      vertex 52.37 50.77 3
      vertex 53.1106 51.5902 3
    endloop
  endfacet
  facet normal -0 0 -1
    outer loop
      vertex 53.1106 51.5902 3
      vertex 52.37 50.77 3
      vertex 52.9681 51.87 3
    endloop
  endfacet
  facet normal -0 0 -1
    outer loop
      vertex 52.9681 51.87 3
      vertex 52.37 50.77 3
      vertex 52.7971 52.1334 3
    endloop
  endfacet
  facet normal 0 0 -1
    outer loop
      vertex 51.57 50.9844 3
      vertex 52.7971 52.1334 3
      vertex 52.37 50.77 3
    endloop
  endfacet
  facet normal -0 0 -1
    outer loop
      vertex 52.7971 52.1334 3
      vertex 51.57 50.9844 3
      vertex 52.5994 52.3774 3
    endloop
  endfacet
  facet normal -0 0 -1
    outer loop
      vertex 52.5994 52.3774 3
      vertex 51.57 50.9844 3
      vertex 52.3774 52.5994 3
    endloop
  endfacet
  facet normal 0 0 -1
    outer loop
      vertex 50.9844 51.57 3
      vertex 52.3774 52.5994 3
      vertex 51.57 50.9844 3
    endloop
  endfacet
  facet normal -0 0 -1
    outer loop
      vertex 52.3774 52.5994 3
      vertex 50.9844 51.57 3
      vertex 52.1334 52.7971 3
    endloop
  endfacet
  facet normal 0 0 -1
    outer loop
      vertex 50.77 52.37 3
      vertex 52.1334 52.7971 3
      vertex 50.9844 51.57 3
    endloop
  endfacet
  facet normal -0 0 -1
    outer loop
      vertex 52.1334 52.7971 3
      vertex 50.77 52.37 3
      vertex 51.87 52.9681 3
    endloop
  endfacet
  facet normal -0 0 -1
    outer loop
      vertex 51.87 52.9681 3
      vertex 50.77 52.37 3
      vertex 51.5902 53.1106 3
    endloop
  endfacet
  facet normal -0 0 -1
    outer loop
      vertex 51.5902 53.1106 3
      vertex 50.77 52.37 3
      vertex 51.2971 53.2232 3
    endloop
  endfacet
  facet normal 0 -0 -1
    outer loop
      vertex 50.9844 53.17 3
      vertex 51.2971 53.2232 3
      vertex 50.77 52.37 3
    endloop
  endfacet
  facet normal -0 0 -1
    outer loop
      vertex 51.2971 53.2232 3
      vertex 50.9844 53.17 3
      vertex 51.0924 53.278 3
    endloop
  endfacet
  facet normal 0.258865 0.965914 -0
    outer loop
      vertex 52.37 50.77 2.4
      vertex 51.57 50.9844 3
      vertex 52.37 50.77 3
    endloop
  endfacet
  facet normal 0.258865 0.965914 0
    outer loop
      vertex 51.57 50.9844 3
      vertex 52.37 50.77 2.4
      vertex 51.57 50.9844 2.4
    endloop
  endfacet
  facet normal 0.965914 -0.258865 0
    outer loop
      vertex 50.77 52.37 3
      vertex 50.9844 53.17 2.4
      vertex 50.9844 53.17 3
    endloop
  endfacet
  facet normal 0.965914 -0.258865 0
    outer loop
      vertex 50.9844 53.17 2.4
      vertex 50.77 52.37 3
      vertex 50.77 52.37 2.4
    endloop
  endfacet
  facet normal 0.866044 -0.499967 0
    outer loop
      vertex 49.12 52.37 2.4
      vertex 49.6973 53.37 0
      vertex 49.6973 53.37 2.4
    endloop
  endfacet
  facet normal 0.866044 -0.499967 0
    outer loop
      vertex 49.6973 53.37 0
      vertex 49.12 52.37 2.4
      vertex 49.12 52.37 0
    endloop
  endfacet
  facet normal 0.866027 0.499998 0
    outer loop
      vertex 50.745 49.5554 2.4
      vertex 49.12 52.37 0
      vertex 49.12 52.37 2.4
    endloop
  endfacet
  facet normal 0.866027 0.499998 0
    outer loop
      vertex 49.12 52.37 0
      vertex 50.745 49.5554 2.4
      vertex 50.745 49.5554 0
    endloop
  endfacet
  facet normal 0 0 -1
    outer loop
      vertex 52.37 50.77 2.4
      vertex 53.37 50.37 2.4
      vertex 53.37 49.5554 2.4
    endloop
  endfacet
  facet normal 0 0 -1
    outer loop
      vertex 53.37 50.37 2.4
      vertex 52.37 50.77 2.4
      vertex 53.3536 50.6836 2.4
    endloop
  endfacet
  facet normal 0 0 -1
    outer loop
      vertex 53.3536 50.6836 2.4
      vertex 53.17 50.9844 2.4
      vertex 53.3044 50.9937 2.4
    endloop
  endfacet
  facet normal -0 0 -1
    outer loop
      vertex 53.3044 50.9937 2.4
      vertex 53.17 50.9844 2.4
      vertex 53.278 51.0924 2.4
    endloop
  endfacet
  facet normal 0 0 -1
    outer loop
      vertex 53.3536 50.6836 2.4
      vertex 52.37 50.77 2.4
      vertex 53.17 50.9844 2.4
    endloop
  endfacet
  facet normal 0 0 -1
    outer loop
      vertex 50.745 49.5554 2.4
      vertex 52.37 50.77 2.4
      vertex 53.37 49.5554 2.4
    endloop
  endfacet
  facet normal 0 0 -1
    outer loop
      vertex 49.12 52.37 2.4
      vertex 50.9844 51.57 2.4
      vertex 50.745 49.5554 2.4
    endloop
  endfacet
  facet normal -0 0 -1
    outer loop
      vertex 51.57 50.9844 2.4
      vertex 50.745 49.5554 2.4
      vertex 50.9844 51.57 2.4
    endloop
  endfacet
  facet normal -0 0 -1
    outer loop
      vertex 52.37 50.77 2.4
      vertex 50.745 49.5554 2.4
      vertex 51.57 50.9844 2.4
    endloop
  endfacet
  facet normal 0 0 -1
    outer loop
      vertex 50.9844 53.17 2.4
      vertex 50.9937 53.3044 2.4
      vertex 51.0924 53.278 2.4
    endloop
  endfacet
  facet normal 0 0 -1
    outer loop
      vertex 50.6836 53.3536 2.4
      vertex 50.9844 53.17 2.4
      vertex 50.77 52.37 2.4
    endloop
  endfacet
  facet normal 0 0 -1
    outer loop
      vertex 50.9844 53.17 2.4
      vertex 50.6836 53.3536 2.4
      vertex 50.9937 53.3044 2.4
    endloop
  endfacet
  facet normal 0 0 -1
    outer loop
      vertex 50.9844 51.57 2.4
      vertex 49.12 52.37 2.4
      vertex 50.77 52.37 2.4
    endloop
  endfacet
  facet normal 0 -0 -1
    outer loop
      vertex 49.6973 53.37 2.4
      vertex 50.77 52.37 2.4
      vertex 49.12 52.37 2.4
    endloop
  endfacet
  facet normal 0 0 -1
    outer loop
      vertex 50.77 52.37 2.4
      vertex 50.37 53.37 2.4
      vertex 50.6836 53.3536 2.4
    endloop
  endfacet
  facet normal 0 0 -1
    outer loop
      vertex 50.77 52.37 2.4
      vertex 49.6973 53.37 2.4
      vertex 50.37 53.37 2.4
    endloop
  endfacet
  facet normal 0 1 -0
    outer loop
      vertex 53.37 49.5554 0
      vertex 50.745 49.5554 2.4
      vertex 53.37 49.5554 2.4
    endloop
  endfacet
  facet normal 0 1 0
    outer loop
      vertex 50.745 49.5554 2.4
      vertex 53.37 49.5554 0
      vertex 50.745 49.5554 0
    endloop
  endfacet
  facet normal -0.707107 -0.707107 0
    outer loop
      vertex -50.9844 53.17 2.4
      vertex -51.0924 53.278 3
      vertex -51.0924 53.278 2.4
    endloop
  endfacet
  facet normal -0.707107 -0.707107 0
    outer loop
      vertex -51.0924 53.278 3
      vertex -50.9844 53.17 2.4
      vertex -50.9844 53.17 3
    endloop
  endfacet
  facet normal -0.965914 -0.258865 0
    outer loop
      vertex -50.77 52.37 2.4
      vertex -50.9844 53.17 3
      vertex -50.9844 53.17 2.4
    endloop
  endfacet
  facet normal -0.965914 -0.258865 0
    outer loop
      vertex -50.9844 53.17 3
      vertex -50.77 52.37 2.4
      vertex -50.77 52.37 3
    endloop
  endfacet
  facet normal 0 0 -1
    outer loop
      vertex -52.1334 52.7971 3
      vertex -50.77 52.37 3
      vertex -50.9844 51.57 3
    endloop
  endfacet
  facet normal 0 -0 -1
    outer loop
      vertex -51.2971 53.2232 3
      vertex -50.77 52.37 3
      vertex -51.5902 53.1106 3
    endloop
  endfacet
  facet normal 0 0 -1
    outer loop
      vertex -50.9844 53.17 3
      vertex -51.2971 53.2232 3
      vertex -51.0924 53.278 3
    endloop
  endfacet
  facet normal 0 0 -1
    outer loop
      vertex -52.3774 52.5994 3
      vertex -50.9844 51.57 3
      vertex -51.57 50.9844 3
    endloop
  endfacet
  facet normal 0 0 -1
    outer loop
      vertex -50.77 52.37 3
      vertex -51.2971 53.2232 3
      vertex -50.9844 53.17 3
    endloop
  endfacet
  facet normal 0 0 -1
    outer loop
      vertex -50.77 52.37 3
      vertex -51.87 52.9681 3
      vertex -51.5902 53.1106 3
    endloop
  endfacet
  facet normal 0 0 -1
    outer loop
      vertex -50.77 52.37 3
      vertex -52.1334 52.7971 3
      vertex -51.87 52.9681 3
    endloop
  endfacet
  facet normal 0 0 -1
    outer loop
      vertex -52.7971 52.1334 3
      vertex -51.57 50.9844 3
      vertex -52.37 50.77 3
    endloop
  endfacet
  facet normal 0 0 -1
    outer loop
      vertex -50.9844 51.57 3
      vertex -52.3774 52.5994 3
      vertex -52.1334 52.7971 3
    endloop
  endfacet
  facet normal 0 0 -1
    outer loop
      vertex -51.57 50.9844 3
      vertex -52.5994 52.3774 3
      vertex -52.3774 52.5994 3
    endloop
  endfacet
  facet normal 0 0 -1
    outer loop
      vertex -51.57 50.9844 3
      vertex -52.7971 52.1334 3
      vertex -52.5994 52.3774 3
    endloop
  endfacet
  facet normal 0 0 -1
    outer loop
      vertex -52.37 50.77 3
      vertex -52.9681 51.87 3
      vertex -52.7971 52.1334 3
    endloop
  endfacet
  facet normal 0 0 -1
    outer loop
      vertex -52.37 50.77 3
      vertex -53.1106 51.5902 3
      vertex -52.9681 51.87 3
    endloop
  endfacet
  facet normal 0 0 -1
    outer loop
      vertex -53.2232 51.2971 3
      vertex -52.37 50.77 3
      vertex -53.17 50.9844 3
    endloop
  endfacet
  facet normal 0 0 -1
    outer loop
      vertex -52.37 50.77 3
      vertex -53.2232 51.2971 3
      vertex -53.1106 51.5902 3
    endloop
  endfacet
  facet normal 0 -0 -1
    outer loop
      vertex -53.2232 51.2971 3
      vertex -53.17 50.9844 3
      vertex -53.278 51.0924 3
    endloop
  endfacet
  facet normal 0.707107 0.707107 0
    outer loop
      vertex -53.17 50.9844 3
      vertex -53.278 51.0924 2.4
      vertex -53.278 51.0924 3
    endloop
  endfacet
  facet normal 0.707107 0.707107 0
    outer loop
      vertex -53.278 51.0924 2.4
      vertex -53.17 50.9844 3
      vertex -53.17 50.9844 2.4
    endloop
  endfacet
  facet normal -0.707107 0.707107 0
    outer loop
      vertex -51.57 50.9844 2.4
      vertex -50.9844 51.57 3
      vertex -50.9844 51.57 2.4
    endloop
  endfacet
  facet normal -0.707107 0.707107 0
    outer loop
      vertex -50.9844 51.57 3
      vertex -51.57 50.9844 2.4
      vertex -51.57 50.9844 3
    endloop
  endfacet
  facet normal -0.965914 0.258865 0
    outer loop
      vertex -50.9844 51.57 2.4
      vertex -50.77 52.37 3
      vertex -50.77 52.37 2.4
    endloop
  endfacet
  facet normal -0.965914 0.258865 0
    outer loop
      vertex -50.77 52.37 3
      vertex -50.9844 51.57 2.4
      vertex -50.9844 51.57 3
    endloop
  endfacet
  facet normal -0.258865 0.965914 0
    outer loop
      vertex -51.57 50.9844 2.4
      vertex -52.37 50.77 3
      vertex -51.57 50.9844 3
    endloop
  endfacet
  facet normal -0.258865 0.965914 0
    outer loop
      vertex -52.37 50.77 3
      vertex -51.57 50.9844 2.4
      vertex -52.37 50.77 2.4
    endloop
  endfacet
  facet normal 0.258865 0.965914 -0
    outer loop
      vertex -52.37 50.77 2.4
      vertex -53.17 50.9844 3
      vertex -52.37 50.77 3
    endloop
  endfacet
  facet normal 0.258865 0.965914 0
    outer loop
      vertex -53.17 50.9844 3
      vertex -52.37 50.77 2.4
      vertex -53.17 50.9844 2.4
    endloop
  endfacet
  facet normal -0.866044 -0.499967 0
    outer loop
      vertex -49.12 52.37 0
      vertex -49.6973 53.37 2.4
      vertex -49.6973 53.37 0
    endloop
  endfacet
  facet normal -0.866044 -0.499967 0
    outer loop
      vertex -49.6973 53.37 2.4
      vertex -49.12 52.37 0
      vertex -49.12 52.37 2.4
    endloop
  endfacet
  facet normal -0 0 -1
    outer loop
      vertex -49.12 52.37 2.4
      vertex -50.9844 51.57 2.4
      vertex -50.77 52.37 2.4
    endloop
  endfacet
  facet normal 0 0 -1
    outer loop
      vertex -50.745 49.5554 2.4
      vertex -51.57 50.9844 2.4
      vertex -50.9844 51.57 2.4
    endloop
  endfacet
  facet normal 0 0 -1
    outer loop
      vertex -50.745 49.5554 2.4
      vertex -52.37 50.77 2.4
      vertex -51.57 50.9844 2.4
    endloop
  endfacet
  facet normal 0 0 -1
    outer loop
      vertex -53.37 49.5554 2.4
      vertex -52.37 50.77 2.4
      vertex -50.745 49.5554 2.4
    endloop
  endfacet
  facet normal 0 0 -1
    outer loop
      vertex -53.17 50.9844 2.4
      vertex -53.3044 50.9937 2.4
      vertex -53.278 51.0924 2.4
    endloop
  endfacet
  facet normal 0 -0 -1
    outer loop
      vertex -53.3536 50.6836 2.4
      vertex -52.37 50.77 2.4
      vertex -53.37 50.37 2.4
    endloop
  endfacet
  facet normal -0 0 -1
    outer loop
      vertex -53.17 50.9844 2.4
      vertex -53.3536 50.6836 2.4
      vertex -53.3044 50.9937 2.4
    endloop
  endfacet
  facet normal 0 0 -1
    outer loop
      vertex -52.37 50.77 2.4
      vertex -53.37 49.5554 2.4
      vertex -53.37 50.37 2.4
    endloop
  endfacet
  facet normal -0 0 -1
    outer loop
      vertex -52.37 50.77 2.4
      vertex -53.3536 50.6836 2.4
      vertex -53.17 50.9844 2.4
    endloop
  endfacet
  facet normal 0 0 -1
    outer loop
      vertex -50.77 52.37 2.4
      vertex -49.6973 53.37 2.4
      vertex -49.12 52.37 2.4
    endloop
  endfacet
  facet normal -0 0 -1
    outer loop
      vertex -49.6973 53.37 2.4
      vertex -50.77 52.37 2.4
      vertex -50.37 53.37 2.4
    endloop
  endfacet
  facet normal 0 0 -1
    outer loop
      vertex -50.9844 51.57 2.4
      vertex -49.12 52.37 2.4
      vertex -50.745 49.5554 2.4
    endloop
  endfacet
  facet normal 0 0 -1
    outer loop
      vertex -50.37 53.37 2.4
      vertex -50.77 52.37 2.4
      vertex -50.6836 53.3536 2.4
    endloop
  endfacet
  facet normal 0 0 -1
    outer loop
      vertex -50.9844 53.17 2.4
      vertex -50.6836 53.3536 2.4
      vertex -50.77 52.37 2.4
    endloop
  endfacet
  facet normal 0 0 -1
    outer loop
      vertex -50.9844 53.17 2.4
      vertex -50.9937 53.3044 2.4
      vertex -50.6836 53.3536 2.4
    endloop
  endfacet
  facet normal 0 -0 -1
    outer loop
      vertex -50.9937 53.3044 2.4
      vertex -50.9844 53.17 2.4
      vertex -51.0924 53.278 2.4
    endloop
  endfacet
  facet normal 0 1 -0
    outer loop
      vertex -50.745 49.5554 0
      vertex -53.37 49.5554 2.4
      vertex -50.745 49.5554 2.4
    endloop
  endfacet
  facet normal 0 1 0
    outer loop
      vertex -53.37 49.5554 2.4
      vertex -50.745 49.5554 0
      vertex -53.37 49.5554 0
    endloop
  endfacet
  facet normal -0.866027 0.499998 0
    outer loop
      vertex -50.745 49.5554 0
      vertex -49.12 52.37 2.4
      vertex -49.12 52.37 0
    endloop
  endfacet
  facet normal -0.866027 0.499998 0
    outer loop
      vertex -49.12 52.37 2.4
      vertex -50.745 49.5554 0
      vertex -50.745 49.5554 2.4
    endloop
  endfacet
  facet normal -0.707107 -0.707107 0
    outer loop
      vertex 53.278 -51.0924 2.4
      vertex 53.17 -50.9844 3
      vertex 53.17 -50.9844 2.4
    endloop
  endfacet
  facet normal -0.707107 -0.707107 0
    outer loop
      vertex 53.17 -50.9844 3
      vertex 53.278 -51.0924 2.4
      vertex 53.278 -51.0924 3
    endloop
  endfacet
  facet normal -0.258865 -0.965914 0
    outer loop
      vertex 52.37 -50.77 2.4
      vertex 53.17 -50.9844 3
      vertex 52.37 -50.77 3
    endloop
  endfacet
  facet normal -0.258865 -0.965914 -0
    outer loop
      vertex 53.17 -50.9844 3
      vertex 52.37 -50.77 2.4
      vertex 53.17 -50.9844 2.4
    endloop
  endfacet
  facet normal 0.258865 -0.965914 0
    outer loop
      vertex 51.57 -50.9844 2.4
      vertex 52.37 -50.77 3
      vertex 51.57 -50.9844 3
    endloop
  endfacet
  facet normal 0.258865 -0.965914 0
    outer loop
      vertex 52.37 -50.77 3
      vertex 51.57 -50.9844 2.4
      vertex 52.37 -50.77 2.4
    endloop
  endfacet
  facet normal 0.965914 -0.258865 0
    outer loop
      vertex 50.77 -52.37 3
      vertex 50.9844 -51.57 2.4
      vertex 50.9844 -51.57 3
    endloop
  endfacet
  facet normal 0.965914 -0.258865 0
    outer loop
      vertex 50.9844 -51.57 2.4
      vertex 50.77 -52.37 3
      vertex 50.77 -52.37 2.4
    endloop
  endfacet
  facet normal 0.707107 -0.707107 0
    outer loop
      vertex 50.9844 -51.57 3
      vertex 51.57 -50.9844 2.4
      vertex 51.57 -50.9844 3
    endloop
  endfacet
  facet normal 0.707107 -0.707107 0
    outer loop
      vertex 51.57 -50.9844 2.4
      vertex 50.9844 -51.57 3
      vertex 50.9844 -51.57 2.4
    endloop
  endfacet
  facet normal 0.707107 0.707107 0
    outer loop
      vertex 51.0924 -53.278 3
      vertex 50.9844 -53.17 2.4
      vertex 50.9844 -53.17 3
    endloop
  endfacet
  facet normal 0.707107 0.707107 0
    outer loop
      vertex 50.9844 -53.17 2.4
      vertex 51.0924 -53.278 3
      vertex 51.0924 -53.278 2.4
    endloop
  endfacet
  facet normal 0 0 -1
    outer loop
      vertex 53.2232 -51.2971 3
      vertex 53.17 -50.9844 3
      vertex 53.278 -51.0924 3
    endloop
  endfacet
  facet normal 0 0 -1
    outer loop
      vertex 52.37 -50.77 3
      vertex 53.2232 -51.2971 3
      vertex 53.1106 -51.5902 3
    endloop
  endfacet
  facet normal 0 0 -1
    outer loop
      vertex 52.37 -50.77 3
      vertex 53.1106 -51.5902 3
      vertex 52.9681 -51.87 3
    endloop
  endfacet
  facet normal 0 0 -1
    outer loop
      vertex 52.37 -50.77 3
      vertex 52.9681 -51.87 3
      vertex 52.7971 -52.1334 3
    endloop
  endfacet
  facet normal 0 0 -1
    outer loop
      vertex 51.57 -50.9844 3
      vertex 52.7971 -52.1334 3
      vertex 52.5994 -52.3774 3
    endloop
  endfacet
  facet normal 0 0 -1
    outer loop
      vertex 51.57 -50.9844 3
      vertex 52.5994 -52.3774 3
      vertex 52.3774 -52.5994 3
    endloop
  endfacet
  facet normal 0 0 -1
    outer loop
      vertex 53.2232 -51.2971 3
      vertex 52.37 -50.77 3
      vertex 53.17 -50.9844 3
    endloop
  endfacet
  facet normal 0 0 -1
    outer loop
      vertex 50.9844 -51.57 3
      vertex 52.3774 -52.5994 3
      vertex 52.1334 -52.7971 3
    endloop
  endfacet
  facet normal 0 0 -1
    outer loop
      vertex 50.77 -52.37 3
      vertex 52.1334 -52.7971 3
      vertex 51.87 -52.9681 3
    endloop
  endfacet
  facet normal 0 0 -1
    outer loop
      vertex 50.77 -52.37 3
      vertex 51.87 -52.9681 3
      vertex 51.5902 -53.1106 3
    endloop
  endfacet
  facet normal 0 0 -1
    outer loop
      vertex 52.7971 -52.1334 3
      vertex 51.57 -50.9844 3
      vertex 52.37 -50.77 3
    endloop
  endfacet
  facet normal 0 0 -1
    outer loop
      vertex 50.77 -52.37 3
      vertex 51.5902 -53.1106 3
      vertex 51.2971 -53.2232 3
    endloop
  endfacet
  facet normal 0 0 -1
    outer loop
      vertex 50.9844 -53.17 3
      vertex 51.2971 -53.2232 3
      vertex 51.0924 -53.278 3
    endloop
  endfacet
  facet normal 0 0 -1
    outer loop
      vertex 51.2971 -53.2232 3
      vertex 50.9844 -53.17 3
      vertex 50.77 -52.37 3
    endloop
  endfacet
  facet normal 0 0 -1
    outer loop
      vertex 52.3774 -52.5994 3
      vertex 50.9844 -51.57 3
      vertex 51.57 -50.9844 3
    endloop
  endfacet
  facet normal 0 0 -1
    outer loop
      vertex 52.1334 -52.7971 3
      vertex 50.77 -52.37 3
      vertex 50.9844 -51.57 3
    endloop
  endfacet
  facet normal 0.965914 0.258865 0
    outer loop
      vertex 50.9844 -53.17 3
      vertex 50.77 -52.37 2.4
      vertex 50.77 -52.37 3
    endloop
  endfacet
  facet normal 0.965914 0.258865 0
    outer loop
      vertex 50.77 -52.37 2.4
      vertex 50.9844 -53.17 3
      vertex 50.9844 -53.17 2.4
    endloop
  endfacet
  facet normal 0 -1 0
    outer loop
      vertex 50.745 -49.5554 0
      vertex 53.37 -49.5554 2.4
      vertex 50.745 -49.5554 2.4
    endloop
  endfacet
  facet normal 0 -1 -0
    outer loop
      vertex 53.37 -49.5554 2.4
      vertex 50.745 -49.5554 0
      vertex 53.37 -49.5554 0
    endloop
  endfacet
  facet normal 0.866027 -0.499998 0
    outer loop
      vertex 49.12 -52.37 2.4
      vertex 50.745 -49.5554 0
      vertex 50.745 -49.5554 2.4
    endloop
  endfacet
  facet normal 0.866027 -0.499998 0
    outer loop
      vertex 50.745 -49.5554 0
      vertex 49.12 -52.37 2.4
      vertex 49.12 -52.37 0
    endloop
  endfacet
  facet normal 0.866044 0.499967 0
    outer loop
      vertex 49.6973 -53.37 2.4
      vertex 49.12 -52.37 0
      vertex 49.12 -52.37 2.4
    endloop
  endfacet
  facet normal 0.866044 0.499967 0
    outer loop
      vertex 49.12 -52.37 0
      vertex 49.6973 -53.37 2.4
      vertex 49.6973 -53.37 0
    endloop
  endfacet
  facet normal 0 0 -1
    outer loop
      vertex 50.9937 -53.3044 2.4
      vertex 50.9844 -53.17 2.4
      vertex 51.0924 -53.278 2.4
    endloop
  endfacet
  facet normal 0 0 -1
    outer loop
      vertex 50.6836 -53.3536 2.4
      vertex 50.9844 -53.17 2.4
      vertex 50.9937 -53.3044 2.4
    endloop
  endfacet
  facet normal -0 0 -1
    outer loop
      vertex 50.9844 -53.17 2.4
      vertex 50.6836 -53.3536 2.4
      vertex 50.77 -52.37 2.4
    endloop
  endfacet
  facet normal 0 0 -1
    outer loop
      vertex 50.37 -53.37 2.4
      vertex 50.77 -52.37 2.4
      vertex 50.6836 -53.3536 2.4
    endloop
  endfacet
  facet normal 0 0 -1
    outer loop
      vertex 49.6973 -53.37 2.4
      vertex 50.77 -52.37 2.4
      vertex 50.37 -53.37 2.4
    endloop
  endfacet
  facet normal -0 0 -1
    outer loop
      vertex 50.77 -52.37 2.4
      vertex 49.6973 -53.37 2.4
      vertex 49.12 -52.37 2.4
    endloop
  endfacet
  facet normal 0 0 -1
    outer loop
      vertex 50.77 -52.37 2.4
      vertex 49.12 -52.37 2.4
      vertex 50.745 -49.5554 2.4
    endloop
  endfacet
  facet normal 0 0 -1
    outer loop
      vertex 52.37 -50.77 2.4
      vertex 53.37 -50.37 2.4
      vertex 53.3536 -50.6836 2.4
    endloop
  endfacet
  facet normal 0 0 -1
    outer loop
      vertex 53.17 -50.9844 2.4
      vertex 53.3536 -50.6836 2.4
      vertex 53.3044 -50.9937 2.4
    endloop
  endfacet
  facet normal 0 0 -1
    outer loop
      vertex 53.17 -50.9844 2.4
      vertex 53.3044 -50.9937 2.4
      vertex 53.278 -51.0924 2.4
    endloop
  endfacet
  facet normal 0 0 -1
    outer loop
      vertex 52.37 -50.77 2.4
      vertex 53.3536 -50.6836 2.4
      vertex 53.17 -50.9844 2.4
    endloop
  endfacet
  facet normal -0 0 -1
    outer loop
      vertex 53.37 -50.37 2.4
      vertex 52.37 -50.77 2.4
      vertex 53.37 -49.5554 2.4
    endloop
  endfacet
  facet normal 0 0 -1
    outer loop
      vertex 50.745 -49.5554 2.4
      vertex 52.37 -50.77 2.4
      vertex 51.57 -50.9844 2.4
    endloop
  endfacet
  facet normal 0 0 -1
    outer loop
      vertex 52.37 -50.77 2.4
      vertex 50.745 -49.5554 2.4
      vertex 53.37 -49.5554 2.4
    endloop
  endfacet
  facet normal 0 0 -1
    outer loop
      vertex 50.9844 -51.57 2.4
      vertex 50.745 -49.5554 2.4
      vertex 51.57 -50.9844 2.4
    endloop
  endfacet
  facet normal 0 0 -1
    outer loop
      vertex 50.745 -49.5554 2.4
      vertex 50.9844 -51.57 2.4
      vertex 50.77 -52.37 2.4
    endloop
  endfacet
  facet normal -0.707107 -0.707107 0
    outer loop
      vertex -50.9844 -51.57 2.4
      vertex -51.57 -50.9844 3
      vertex -51.57 -50.9844 2.4
    endloop
  endfacet
  facet normal -0.707107 -0.707107 0
    outer loop
      vertex -51.57 -50.9844 3
      vertex -50.9844 -51.57 2.4
      vertex -50.9844 -51.57 3
    endloop
  endfacet
  facet normal -0.965914 -0.258865 0
    outer loop
      vertex -50.77 -52.37 2.4
      vertex -50.9844 -51.57 3
      vertex -50.9844 -51.57 2.4
    endloop
  endfacet
  facet normal -0.965914 -0.258865 0
    outer loop
      vertex -50.9844 -51.57 3
      vertex -50.77 -52.37 2.4
      vertex -50.77 -52.37 3
    endloop
  endfacet
  facet normal -0.258865 -0.965914 0
    outer loop
      vertex -52.37 -50.77 2.4
      vertex -51.57 -50.9844 3
      vertex -52.37 -50.77 3
    endloop
  endfacet
  facet normal -0.258865 -0.965914 -0
    outer loop
      vertex -51.57 -50.9844 3
      vertex -52.37 -50.77 2.4
      vertex -51.57 -50.9844 2.4
    endloop
  endfacet
  facet normal 0.707107 -0.707107 0
    outer loop
      vertex -53.278 -51.0924 3
      vertex -53.17 -50.9844 2.4
      vertex -53.17 -50.9844 3
    endloop
  endfacet
  facet normal 0.707107 -0.707107 0
    outer loop
      vertex -53.17 -50.9844 2.4
      vertex -53.278 -51.0924 3
      vertex -53.278 -51.0924 2.4
    endloop
  endfacet
  facet normal 0.258865 -0.965914 0
    outer loop
      vertex -53.17 -50.9844 2.4
      vertex -52.37 -50.77 3
      vertex -53.17 -50.9844 3
    endloop
  endfacet
  facet normal 0.258865 -0.965914 0
    outer loop
      vertex -52.37 -50.77 3
      vertex -53.17 -50.9844 2.4
      vertex -52.37 -50.77 2.4
    endloop
  endfacet
  facet normal -0.707107 0.707107 0
    outer loop
      vertex -51.0924 -53.278 2.4
      vertex -50.9844 -53.17 3
      vertex -50.9844 -53.17 2.4
    endloop
  endfacet
  facet normal -0.707107 0.707107 0
    outer loop
      vertex -50.9844 -53.17 3
      vertex -51.0924 -53.278 2.4
      vertex -51.0924 -53.278 3
    endloop
  endfacet
  facet normal -0.965914 0.258865 0
    outer loop
      vertex -50.9844 -53.17 2.4
      vertex -50.77 -52.37 3
      vertex -50.77 -52.37 2.4
    endloop
  endfacet
  facet normal -0.965914 0.258865 0
    outer loop
      vertex -50.77 -52.37 3
      vertex -50.9844 -53.17 2.4
      vertex -50.9844 -53.17 3
    endloop
  endfacet
  facet normal 0 0 -1
    outer loop
      vertex -51.2971 -53.2232 3
      vertex -50.77 -52.37 3
      vertex -50.9844 -53.17 3
    endloop
  endfacet
  facet normal 0 0 -1
    outer loop
      vertex -51.2971 -53.2232 3
      vertex -50.9844 -53.17 3
      vertex -51.0924 -53.278 3
    endloop
  endfacet
  facet normal 0 0 -1
    outer loop
      vertex -50.77 -52.37 3
      vertex -51.2971 -53.2232 3
      vertex -51.5902 -53.1106 3
    endloop
  endfacet
  facet normal 0 0 -1
    outer loop
      vertex -51.87 -52.9681 3
      vertex -50.77 -52.37 3
      vertex -51.5902 -53.1106 3
    endloop
  endfacet
  facet normal 0 0 -1
    outer loop
      vertex -52.1334 -52.7971 3
      vertex -50.77 -52.37 3
      vertex -51.87 -52.9681 3
    endloop
  endfacet
  facet normal -0 0 -1
    outer loop
      vertex -50.77 -52.37 3
      vertex -52.1334 -52.7971 3
      vertex -50.9844 -51.57 3
    endloop
  endfacet
  facet normal 0 0 -1
    outer loop
      vertex -52.3774 -52.5994 3
      vertex -50.9844 -51.57 3
      vertex -52.1334 -52.7971 3
    endloop
  endfacet
  facet normal -0 0 -1
    outer loop
      vertex -50.9844 -51.57 3
      vertex -52.3774 -52.5994 3
      vertex -51.57 -50.9844 3
    endloop
  endfacet
  facet normal 0 0 -1
    outer loop
      vertex -52.5994 -52.3774 3
      vertex -51.57 -50.9844 3
      vertex -52.3774 -52.5994 3
    endloop
  endfacet
  facet normal 0 0 -1
    outer loop
      vertex -52.7971 -52.1334 3
      vertex -51.57 -50.9844 3
      vertex -52.5994 -52.3774 3
    endloop
  endfacet
  facet normal -0 0 -1
    outer loop
      vertex -51.57 -50.9844 3
      vertex -52.7971 -52.1334 3
      vertex -52.37 -50.77 3
    endloop
  endfacet
  facet normal 0 0 -1
    outer loop
      vertex -52.9681 -51.87 3
      vertex -52.37 -50.77 3
      vertex -52.7971 -52.1334 3
    endloop
  endfacet
  facet normal 0 0 -1
    outer loop
      vertex -53.1106 -51.5902 3
      vertex -52.37 -50.77 3
      vertex -52.9681 -51.87 3
    endloop
  endfacet
  facet normal 0 0 -1
    outer loop
      vertex -53.2232 -51.2971 3
      vertex -52.37 -50.77 3
      vertex -53.1106 -51.5902 3
    endloop
  endfacet
  facet normal 0 0 -1
    outer loop
      vertex -52.37 -50.77 3
      vertex -53.2232 -51.2971 3
      vertex -53.17 -50.9844 3
    endloop
  endfacet
  facet normal 0 0 -1
    outer loop
      vertex -53.17 -50.9844 3
      vertex -53.2232 -51.2971 3
      vertex -53.278 -51.0924 3
    endloop
  endfacet
  facet normal -0.866044 0.499967 0
    outer loop
      vertex -49.6973 -53.37 0
      vertex -49.12 -52.37 2.4
      vertex -49.12 -52.37 0
    endloop
  endfacet
  facet normal -0.866044 0.499967 0
    outer loop
      vertex -49.12 -52.37 2.4
      vertex -49.6973 -53.37 0
      vertex -49.6973 -53.37 2.4
    endloop
  endfacet
  facet normal 0 -1 0
    outer loop
      vertex -53.37 -49.5554 0
      vertex -50.745 -49.5554 2.4
      vertex -53.37 -49.5554 2.4
    endloop
  endfacet
  facet normal 0 -1 -0
    outer loop
      vertex -50.745 -49.5554 2.4
      vertex -53.37 -49.5554 0
      vertex -50.745 -49.5554 0
    endloop
  endfacet
  facet normal -0.866027 -0.499998 0
    outer loop
      vertex -49.12 -52.37 0
      vertex -50.745 -49.5554 2.4
      vertex -50.745 -49.5554 0
    endloop
  endfacet
  facet normal -0.866027 -0.499998 0
    outer loop
      vertex -50.745 -49.5554 2.4
      vertex -49.12 -52.37 0
      vertex -49.12 -52.37 2.4
    endloop
  endfacet
  facet normal 0 0 -1
    outer loop
      vertex -50.77 -52.37 2.4
      vertex -49.6973 -53.37 2.4
      vertex -50.37 -53.37 2.4
    endloop
  endfacet
  facet normal 0 0 -1
    outer loop
      vertex -50.77 -52.37 2.4
      vertex -50.37 -53.37 2.4
      vertex -50.6836 -53.3536 2.4
    endloop
  endfacet
  facet normal 0 0 -1
    outer loop
      vertex -49.6973 -53.37 2.4
      vertex -50.77 -52.37 2.4
      vertex -49.12 -52.37 2.4
    endloop
  endfacet
  facet normal 0 0 -1
    outer loop
      vertex -50.9844 -51.57 2.4
      vertex -49.12 -52.37 2.4
      vertex -50.77 -52.37 2.4
    endloop
  endfacet
  facet normal 0 0 -1
    outer loop
      vertex -50.6836 -53.3536 2.4
      vertex -50.9844 -53.17 2.4
      vertex -50.77 -52.37 2.4
    endloop
  endfacet
  facet normal 0 0 -1
    outer loop
      vertex -50.9937 -53.3044 2.4
      vertex -50.9844 -53.17 2.4
      vertex -50.6836 -53.3536 2.4
    endloop
  endfacet
  facet normal 0 0 -1
    outer loop
      vertex -50.9844 -53.17 2.4
      vertex -50.9937 -53.3044 2.4
      vertex -51.0924 -53.278 2.4
    endloop
  endfacet
  facet normal 0 0 -1
    outer loop
      vertex -49.12 -52.37 2.4
      vertex -50.9844 -51.57 2.4
      vertex -50.745 -49.5554 2.4
    endloop
  endfacet
  facet normal 0 0 -1
    outer loop
      vertex -51.57 -50.9844 2.4
      vertex -50.745 -49.5554 2.4
      vertex -50.9844 -51.57 2.4
    endloop
  endfacet
  facet normal 0 0 -1
    outer loop
      vertex -52.37 -50.77 2.4
      vertex -50.745 -49.5554 2.4
      vertex -51.57 -50.9844 2.4
    endloop
  endfacet
  facet normal 0 0 -1
    outer loop
      vertex -53.3536 -50.6836 2.4
      vertex -52.37 -50.77 2.4
      vertex -53.17 -50.9844 2.4
    endloop
  endfacet
  facet normal 0 0 -1
    outer loop
      vertex -53.3044 -50.9937 2.4
      vertex -53.17 -50.9844 2.4
      vertex -53.278 -51.0924 2.4
    endloop
  endfacet
  facet normal 0 0 -1
    outer loop
      vertex -53.3536 -50.6836 2.4
      vertex -53.17 -50.9844 2.4
      vertex -53.3044 -50.9937 2.4
    endloop
  endfacet
  facet normal 0 0 -1
    outer loop
      vertex -52.37 -50.77 2.4
      vertex -53.3536 -50.6836 2.4
      vertex -53.37 -50.37 2.4
    endloop
  endfacet
  facet normal 0 0 -1
    outer loop
      vertex -53.37 -49.5554 2.4
      vertex -52.37 -50.77 2.4
      vertex -53.37 -50.37 2.4
    endloop
  endfacet
  facet normal 0 0 -1
    outer loop
      vertex -52.37 -50.77 2.4
      vertex -53.37 -49.5554 2.4
      vertex -50.745 -49.5554 2.4
    endloop
  endfacet
  facet normal 0 -0.993068 -0.117542
    outer loop
      vertex -11 -6.74665 1.46918
      vertex -9.54895 -6.86866 2.5
      vertex -11 -6.86866 2.5
    endloop
  endfacet
  facet normal 0 -0.993068 -0.117542
    outer loop
      vertex -9.54895 -6.86866 2.5
      vertex -11 -6.74665 1.46918
      vertex -8.85017 -6.86866 2.5
    endloop
  endfacet
  facet normal 0 -0.993068 -0.117542
    outer loop
      vertex -8.85017 -6.86866 2.5
      vertex -11 -6.74665 1.46918
      vertex -7.86983 -6.86866 2.5
    endloop
  endfacet
  facet normal 0 -0.993068 -0.117542
    outer loop
      vertex -7.86983 -6.86866 2.5
      vertex -11 -6.74665 1.46918
      vertex -7.17105 -6.86866 2.5
    endloop
  endfacet
  facet normal 0 -0.993068 -0.117542
    outer loop
      vertex -7.17105 -6.86866 2.5
      vertex -11 -6.74665 1.46918
      vertex 7.17105 -6.86866 2.5
    endloop
  endfacet
  facet normal -0 -0.993068 -0.117542
    outer loop
      vertex 11 -6.74665 1.46918
      vertex 7.17105 -6.86866 2.5
      vertex -11 -6.74665 1.46918
    endloop
  endfacet
  facet normal 0 -0.993068 -0.117542
    outer loop
      vertex 7.17105 -6.86866 2.5
      vertex 11 -6.74665 1.46918
      vertex 7.86983 -6.86866 2.5
    endloop
  endfacet
  facet normal 0 -0.993068 -0.117542
    outer loop
      vertex 7.86983 -6.86866 2.5
      vertex 11 -6.74665 1.46918
      vertex 8.85017 -6.86866 2.5
    endloop
  endfacet
  facet normal 0 -0.993068 -0.117542
    outer loop
      vertex 8.85017 -6.86866 2.5
      vertex 11 -6.74665 1.46918
      vertex 9.54895 -6.86866 2.5
    endloop
  endfacet
  facet normal 0 -0.993068 -0.117542
    outer loop
      vertex 9.54895 -6.86866 2.5
      vertex 11 -6.74665 1.46918
      vertex 11 -6.86866 2.5
    endloop
  endfacet
  facet normal 1 -0 0
    outer loop
      vertex -11 -46.5013 2.5
      vertex -11 -43.6326 1.2338
      vertex -11 -43.4827 2.5
    endloop
  endfacet
  facet normal 1 -0 0
    outer loop
      vertex -11 -46.6233 1.46918
      vertex -11 -43.6326 1.2338
      vertex -11 -46.5013 2.5
    endloop
  endfacet
  facet normal 1 0 0
    outer loop
      vertex -11 -43.6326 1.2338
      vertex -11 -46.6233 1.46918
      vertex -11 -43.6811 0
    endloop
  endfacet
  facet normal 1 0 0
    outer loop
      vertex -11 -43.6811 0
      vertex -11 -46.6233 1.46918
      vertex -11 -46.6811 0
    endloop
  endfacet
  facet normal 1 0 0
    outer loop
      vertex -11 -9.73741 1.2338
      vertex -11 -6.74665 1.46918
      vertex -11 -6.86866 2.5
    endloop
  endfacet
  facet normal 1 0 0
    outer loop
      vertex -11 -6.74665 1.46918
      vertex -11 -9.73741 1.2338
      vertex -11 -6.68893 0
    endloop
  endfacet
  facet normal 1 0 0
    outer loop
      vertex -11 -6.68893 0
      vertex -11 -9.73741 1.2338
      vertex -11 -9.68893 0
    endloop
  endfacet
  facet normal 1 0 -0
    outer loop
      vertex -11 -9.73741 1.2338
      vertex -11 -6.86866 2.5
      vertex -11 -9.88727 2.5
    endloop
  endfacet
  facet normal 0 0.999227 -0.0393113
    outer loop
      vertex 11 -46.6811 0
      vertex -11 -46.6233 1.46918
      vertex 11 -46.6233 1.46918
    endloop
  endfacet
  facet normal 0 0.999227 -0.0393113
    outer loop
      vertex -11 -46.6233 1.46918
      vertex 11 -46.6811 0
      vertex -11 -46.6811 0
    endloop
  endfacet
  facet normal -1 0 0
    outer loop
      vertex 11 -9.73741 1.2338
      vertex 11 -6.74665 1.46918
      vertex 11 -6.68893 0
    endloop
  endfacet
  facet normal -1 0 0
    outer loop
      vertex 11 -9.73741 1.2338
      vertex 11 -6.68893 0
      vertex 11 -9.68893 0
    endloop
  endfacet
  facet normal -1 -0 0
    outer loop
      vertex 11 -6.74665 1.46918
      vertex 11 -9.73741 1.2338
      vertex 11 -6.86866 2.5
    endloop
  endfacet
  facet normal -1 -0 0
    outer loop
      vertex 11 -6.86866 2.5
      vertex 11 -9.73741 1.2338
      vertex 11 -9.88727 2.5
    endloop
  endfacet
  facet normal -1 0 0
    outer loop
      vertex 11 -43.6326 1.2338
      vertex 11 -46.5013 2.5
      vertex 11 -43.4827 2.5
    endloop
  endfacet
  facet normal -1 0 0
    outer loop
      vertex 11 -46.6233 1.46918
      vertex 11 -43.6326 1.2338
      vertex 11 -43.6811 0
    endloop
  endfacet
  facet normal -1 0 0
    outer loop
      vertex 11 -43.6326 1.2338
      vertex 11 -46.6233 1.46918
      vertex 11 -46.5013 2.5
    endloop
  endfacet
  facet normal -1 0 -0
    outer loop
      vertex 11 -46.6233 1.46918
      vertex 11 -43.6811 0
      vertex 11 -46.6811 0
    endloop
  endfacet
  facet normal 0 -0.999229 -0.0392569
    outer loop
      vertex -11 -6.68893 0
      vertex 11 -6.74665 1.46918
      vertex -11 -6.74665 1.46918
    endloop
  endfacet
  facet normal 0 -0.999229 -0.0392569
    outer loop
      vertex 11 -6.74665 1.46918
      vertex -11 -6.68893 0
      vertex 11 -6.68893 0
    endloop
  endfacet
  facet normal 0 0.993069 -0.117532
    outer loop
      vertex 11 -46.6233 1.46918
      vertex -11 -46.5013 2.5
      vertex 11 -46.5013 2.5
    endloop
  endfacet
  facet normal 0 0.993069 -0.117532
    outer loop
      vertex -11 -46.5013 2.5
      vertex 11 -46.6233 1.46918
      vertex -11 -46.6233 1.46918
    endloop
  endfacet
  facet normal 0 -0.999228 0.0392791
    outer loop
      vertex -11 -43.6811 0
      vertex 11 -43.6326 1.2338
      vertex -11 -43.6326 1.2338
    endloop
  endfacet
  facet normal 0 -0.999228 0.0392791
    outer loop
      vertex 11 -43.6326 1.2338
      vertex -11 -43.6811 0
      vertex 11 -43.6811 0
    endloop
  endfacet
  facet normal 0 0.999229 0.0392629
    outer loop
      vertex 11 -9.68893 0
      vertex -11 -9.73741 1.2338
      vertex 11 -9.73741 1.2338
    endloop
  endfacet
  facet normal 0 0.999229 0.0392629
    outer loop
      vertex -11 -9.73741 1.2338
      vertex 11 -9.68893 0
      vertex -11 -9.68893 0
    endloop
  endfacet
  facet normal 0 0.993069 0.117534
    outer loop
      vertex 11 -9.73741 1.2338
      vertex -11 -9.88727 2.5
      vertex 11 -9.88727 2.5
    endloop
  endfacet
  facet normal 0 0.993069 0.117534
    outer loop
      vertex -11 -9.88727 2.5
      vertex 11 -9.73741 1.2338
      vertex -11 -9.73741 1.2338
    endloop
  endfacet
  facet normal 0 -0.993065 0.117565
    outer loop
      vertex -11 -43.6326 1.2338
      vertex 11 -43.4827 2.5
      vertex -11 -43.4827 2.5
    endloop
  endfacet
  facet normal 0 -0.993065 0.117565
    outer loop
      vertex 11 -43.4827 2.5
      vertex -11 -43.6326 1.2338
      vertex 11 -43.6326 1.2338
    endloop
  endfacet
  facet normal 0 -0.993069 -0.117532
    outer loop
      vertex -11 46.6233 1.46918
      vertex 11 46.5013 2.5
      vertex -11 46.5013 2.5
    endloop
  endfacet
  facet normal 0 -0.993069 -0.117532
    outer loop
      vertex 11 46.5013 2.5
      vertex -11 46.6233 1.46918
      vertex 11 46.6233 1.46918
    endloop
  endfacet
  facet normal 1 -0 0
    outer loop
      vertex -11 6.86866 2.5
      vertex -11 9.73741 1.2338
      vertex -11 9.88727 2.5
    endloop
  endfacet
  facet normal 1 -0 0
    outer loop
      vertex -11 6.74665 1.46918
      vertex -11 9.73741 1.2338
      vertex -11 6.86866 2.5
    endloop
  endfacet
  facet normal 1 0 0
    outer loop
      vertex -11 9.73741 1.2338
      vertex -11 6.74665 1.46918
      vertex -11 9.68893 0
    endloop
  endfacet
  facet normal 1 0 0
    outer loop
      vertex -11 9.68893 0
      vertex -11 6.74665 1.46918
      vertex -11 6.68893 0
    endloop
  endfacet
  facet normal 1 0 0
    outer loop
      vertex -11 43.6326 1.2338
      vertex -11 46.6233 1.46918
      vertex -11 46.5013 2.5
    endloop
  endfacet
  facet normal 1 0 0
    outer loop
      vertex -11 46.6233 1.46918
      vertex -11 43.6326 1.2338
      vertex -11 46.6811 0
    endloop
  endfacet
  facet normal 1 0 0
    outer loop
      vertex -11 46.6811 0
      vertex -11 43.6326 1.2338
      vertex -11 43.6811 0
    endloop
  endfacet
  facet normal 1 0 -0
    outer loop
      vertex -11 43.6326 1.2338
      vertex -11 46.5013 2.5
      vertex -11 43.4827 2.5
    endloop
  endfacet
  facet normal 0 0.999229 -0.0392569
    outer loop
      vertex 11 6.68893 0
      vertex -11 6.74665 1.46918
      vertex 11 6.74665 1.46918
    endloop
  endfacet
  facet normal 0 0.999229 -0.0392569
    outer loop
      vertex -11 6.74665 1.46918
      vertex 11 6.68893 0
      vertex -11 6.68893 0
    endloop
  endfacet
  facet normal -1 0 0
    outer loop
      vertex 11 43.6326 1.2338
      vertex 11 46.6233 1.46918
      vertex 11 46.6811 0
    endloop
  endfacet
  facet normal -1 0 0
    outer loop
      vertex 11 43.6326 1.2338
      vertex 11 46.6811 0
      vertex 11 43.6811 0
    endloop
  endfacet
  facet normal -1 -0 0
    outer loop
      vertex 11 46.6233 1.46918
      vertex 11 43.6326 1.2338
      vertex 11 46.5013 2.5
    endloop
  endfacet
  facet normal -1 -0 0
    outer loop
      vertex 11 46.5013 2.5
      vertex 11 43.6326 1.2338
      vertex 11 43.4827 2.5
    endloop
  endfacet
  facet normal -1 0 0
    outer loop
      vertex 11 9.73741 1.2338
      vertex 11 6.86866 2.5
      vertex 11 9.88727 2.5
    endloop
  endfacet
  facet normal -1 0 0
    outer loop
      vertex 11 6.74665 1.46918
      vertex 11 9.73741 1.2338
      vertex 11 9.68893 0
    endloop
  endfacet
  facet normal -1 0 0
    outer loop
      vertex 11 9.73741 1.2338
      vertex 11 6.74665 1.46918
      vertex 11 6.86866 2.5
    endloop
  endfacet
  facet normal -1 0 -0
    outer loop
      vertex 11 6.74665 1.46918
      vertex 11 9.68893 0
      vertex 11 6.68893 0
    endloop
  endfacet
  facet normal 0 -0.999227 -0.0393113
    outer loop
      vertex -11 46.6811 0
      vertex 11 46.6233 1.46918
      vertex -11 46.6233 1.46918
    endloop
  endfacet
  facet normal 0 -0.999227 -0.0393113
    outer loop
      vertex 11 46.6233 1.46918
      vertex -11 46.6811 0
      vertex 11 46.6811 0
    endloop
  endfacet
  facet normal 0 0.993068 -0.117542
    outer loop
      vertex 11 6.74665 1.46918
      vertex 9.54895 6.86866 2.5
      vertex 11 6.86866 2.5
    endloop
  endfacet
  facet normal 0 0.993068 -0.117542
    outer loop
      vertex 9.54895 6.86866 2.5
      vertex 11 6.74665 1.46918
      vertex 8.85017 6.86866 2.5
    endloop
  endfacet
  facet normal 0 0.993068 -0.117542
    outer loop
      vertex 8.85017 6.86866 2.5
      vertex 11 6.74665 1.46918
      vertex 7.86983 6.86866 2.5
    endloop
  endfacet
  facet normal 0 0.993068 -0.117542
    outer loop
      vertex 7.86983 6.86866 2.5
      vertex 11 6.74665 1.46918
      vertex 7.17105 6.86866 2.5
    endloop
  endfacet
  facet normal 0 0.993068 -0.117542
    outer loop
      vertex 7.17105 6.86866 2.5
      vertex 11 6.74665 1.46918
      vertex -7.17105 6.86866 2.5
    endloop
  endfacet
  facet normal 0 0.993068 -0.117542
    outer loop
      vertex -11 6.74665 1.46918
      vertex -7.17105 6.86866 2.5
      vertex 11 6.74665 1.46918
    endloop
  endfacet
  facet normal 0 0.993068 -0.117542
    outer loop
      vertex -7.17105 6.86866 2.5
      vertex -11 6.74665 1.46918
      vertex -7.86983 6.86866 2.5
    endloop
  endfacet
  facet normal 0 0.993068 -0.117542
    outer loop
      vertex -7.86983 6.86866 2.5
      vertex -11 6.74665 1.46918
      vertex -8.85017 6.86866 2.5
    endloop
  endfacet
  facet normal 0 0.993068 -0.117542
    outer loop
      vertex -8.85017 6.86866 2.5
      vertex -11 6.74665 1.46918
      vertex -9.54895 6.86866 2.5
    endloop
  endfacet
  facet normal 0 0.993068 -0.117542
    outer loop
      vertex -9.54895 6.86866 2.5
      vertex -11 6.74665 1.46918
      vertex -11 6.86866 2.5
    endloop
  endfacet
  facet normal 0 -0.999229 0.0392629
    outer loop
      vertex -11 9.68893 0
      vertex 11 9.73741 1.2338
      vertex -11 9.73741 1.2338
    endloop
  endfacet
  facet normal 0 -0.999229 0.0392629
    outer loop
      vertex 11 9.73741 1.2338
      vertex -11 9.68893 0
      vertex 11 9.68893 0
    endloop
  endfacet
  facet normal 0 0.999228 0.0392791
    outer loop
      vertex 11 43.6811 0
      vertex -11 43.6326 1.2338
      vertex 11 43.6326 1.2338
    endloop
  endfacet
  facet normal 0 0.999228 0.0392791
    outer loop
      vertex -11 43.6326 1.2338
      vertex 11 43.6811 0
      vertex -11 43.6811 0
    endloop
  endfacet
  facet normal 0 0.993065 0.117565
    outer loop
      vertex 11 43.6326 1.2338
      vertex -11 43.4827 2.5
      vertex 11 43.4827 2.5
    endloop
  endfacet
  facet normal 0 0.993065 0.117565
    outer loop
      vertex -11 43.4827 2.5
      vertex 11 43.6326 1.2338
      vertex -11 43.6326 1.2338
    endloop
  endfacet
  facet normal 0 -0.993069 0.117534
    outer loop
      vertex -11 9.73741 1.2338
      vertex 11 9.88727 2.5
      vertex -11 9.88727 2.5
    endloop
  endfacet
  facet normal 0 -0.993069 0.117534
    outer loop
      vertex 11 9.88727 2.5
      vertex -11 9.73741 1.2338
      vertex 11 9.73741 1.2338
    endloop
  endfacet
  facet normal 0.77697 0.629537 0
    outer loop
      vertex 52.7971 52.1334 28.5
      vertex 52.5994 52.3774 3
      vertex 52.5994 52.3774 28.5
    endloop
  endfacet
  facet normal 0.77697 0.629537 0
    outer loop
      vertex 52.5994 52.3774 3
      vertex 52.7971 52.1334 28.5
      vertex 52.7971 52.1334 3
    endloop
  endfacet
  facet normal -0.998635 0.0522246 0
    outer loop
      vertex -53.37 50.37 2.4
      vertex -53.3536 50.6836 28.5
      vertex -53.3536 50.6836 2.4
    endloop
  endfacet
  facet normal -0.998635 0.0522246 0
    outer loop
      vertex -53.3536 50.6836 28.5
      vertex -53.37 50.37 2.4
      vertex -53.37 50.37 28.5
    endloop
  endfacet
  facet normal -0.96604 0.258394 0
    outer loop
      vertex -53.278 51.0924 2.4
      vertex -53.3044 50.9937 2.4
      vertex -53.278 51.0924 3
    endloop
  endfacet
  facet normal -0.965984 0.258602 0
    outer loop
      vertex -53.278 51.0924 3
      vertex -53.2232 51.2971 28.5
      vertex -53.2232 51.2971 3
    endloop
  endfacet
  facet normal -0.96604 0.258394 0
    outer loop
      vertex -53.3044 50.9937 28.5
      vertex -53.278 51.0924 3
      vertex -53.3044 50.9937 2.4
    endloop
  endfacet
  facet normal -0.966002 0.258534 5.84343e-07
    outer loop
      vertex -53.278 51.0924 3
      vertex -53.3044 50.9937 28.5
      vertex -53.2232 51.2971 28.5
    endloop
  endfacet
  facet normal 0 -1 0
    outer loop
      vertex -49.6973 -53.37 0
      vertex 49.6973 -53.37 2.4
      vertex -49.6973 -53.37 2.4
    endloop
  endfacet
  facet normal 0 -1 -0
    outer loop
      vertex 49.6973 -53.37 2.4
      vertex -49.6973 -53.37 0
      vertex 49.6973 -53.37 0
    endloop
  endfacet
  facet normal 0 -1 0
    outer loop
      vertex -49.6973 -53.37 2.4
      vertex -50.37 -53.37 28.5
      vertex -50.37 -53.37 2.4
    endloop
  endfacet
  facet normal 0 -1 0
    outer loop
      vertex -50.37 -53.37 28.5
      vertex -49.6973 -53.37 2.4
      vertex 50.37 -53.37 28.5
    endloop
  endfacet
  facet normal 0 -1 0
    outer loop
      vertex 49.6973 -53.37 2.4
      vertex 50.37 -53.37 28.5
      vertex -49.6973 -53.37 2.4
    endloop
  endfacet
  facet normal 0 -1 -0
    outer loop
      vertex 50.37 -53.37 28.5
      vertex 49.6973 -53.37 2.4
      vertex 50.37 -53.37 2.4
    endloop
  endfacet
  facet normal -1 0 0
    outer loop
      vertex -53.37 49.5554 0
      vertex -53.37 2 14
      vertex -53.37 49.5554 2.4
    endloop
  endfacet
  facet normal -1 0 0
    outer loop
      vertex -53.37 49.5554 0
      vertex -53.37 -2 14
      vertex -53.37 2 14
    endloop
  endfacet
  facet normal -1 0 0
    outer loop
      vertex -53.37 -49.5554 2.4
      vertex -53.37 -2 14
      vertex -53.37 -49.5554 0
    endloop
  endfacet
  facet normal -1 0 0
    outer loop
      vertex -53.37 -49.5554 0
      vertex -53.37 -2 14
      vertex -53.37 49.5554 0
    endloop
  endfacet
  facet normal -1 0 0
    outer loop
      vertex -53.37 49.5554 2.4
      vertex -53.37 50.37 28.5
      vertex -53.37 50.37 2.4
    endloop
  endfacet
  facet normal -1 0 0
    outer loop
      vertex -53.37 2 14
      vertex -53.37 50.37 28.5
      vertex -53.37 49.5554 2.4
    endloop
  endfacet
  facet normal -1 0 0
    outer loop
      vertex -53.37 2 20
      vertex -53.37 50.37 28.5
      vertex -53.37 2 14
    endloop
  endfacet
  facet normal -1 0 0
    outer loop
      vertex -53.37 -2 20
      vertex -53.37 50.37 28.5
      vertex -53.37 2 20
    endloop
  endfacet
  facet normal -1 0 0
    outer loop
      vertex -53.37 -50.37 28.5
      vertex -53.37 -2 14
      vertex -53.37 -49.5554 2.4
    endloop
  endfacet
  facet normal -1 0 0
    outer loop
      vertex -53.37 -50.37 28.5
      vertex -53.37 -49.5554 2.4
      vertex -53.37 -50.37 2.4
    endloop
  endfacet
  facet normal -1 0 0
    outer loop
      vertex -53.37 -2 20
      vertex -53.37 -50.37 28.5
      vertex -53.37 50.37 28.5
    endloop
  endfacet
  facet normal -1 0 0
    outer loop
      vertex -53.37 -2 14
      vertex -53.37 -50.37 28.5
      vertex -53.37 -2 20
    endloop
  endfacet
  facet normal 0.838749 0.544518 0
    outer loop
      vertex 52.9681 51.87 28.5
      vertex 52.7971 52.1334 3
      vertex 52.7971 52.1334 28.5
    endloop
  endfacet
  facet normal 0.838749 0.544518 0
    outer loop
      vertex 52.7971 52.1334 3
      vertex 52.9681 51.87 28.5
      vertex 52.9681 51.87 3
    endloop
  endfacet
  facet normal -0.629537 -0.77697 0
    outer loop
      vertex -52.3774 -52.5994 3
      vertex -52.1334 -52.7971 28.5
      vertex -52.3774 -52.5994 28.5
    endloop
  endfacet
  facet normal -0.629537 -0.77697 -0
    outer loop
      vertex -52.1334 -52.7971 28.5
      vertex -52.3774 -52.5994 3
      vertex -52.1334 -52.7971 3
    endloop
  endfacet
  facet normal 0 1 -0
    outer loop
      vertex 49.6973 53.37 0
      vertex -49.6973 53.37 2.4
      vertex 49.6973 53.37 2.4
    endloop
  endfacet
  facet normal 0 1 0
    outer loop
      vertex -49.6973 53.37 2.4
      vertex 49.6973 53.37 0
      vertex -49.6973 53.37 0
    endloop
  endfacet
  facet normal 0 1 0
    outer loop
      vertex 49.6973 53.37 2.4
      vertex 50.37 53.37 28.5
      vertex 50.37 53.37 2.4
    endloop
  endfacet
  facet normal 0 1 0
    outer loop
      vertex 50.37 53.37 28.5
      vertex 49.6973 53.37 2.4
      vertex -50.37 53.37 28.5
    endloop
  endfacet
  facet normal 0 1 -0
    outer loop
      vertex -49.6973 53.37 2.4
      vertex -50.37 53.37 28.5
      vertex 49.6973 53.37 2.4
    endloop
  endfacet
  facet normal 0 1 0
    outer loop
      vertex -50.37 53.37 28.5
      vertex -49.6973 53.37 2.4
      vertex -50.37 53.37 2.4
    endloop
  endfacet
  facet normal -0.544518 -0.838749 0
    outer loop
      vertex -52.1334 -52.7971 3
      vertex -51.87 -52.9681 28.5
      vertex -52.1334 -52.7971 28.5
    endloop
  endfacet
  facet normal -0.544518 -0.838749 -0
    outer loop
      vertex -51.87 -52.9681 28.5
      vertex -52.1334 -52.7971 3
      vertex -51.87 -52.9681 3
    endloop
  endfacet
  facet normal -0.707107 0.707107 0
    outer loop
      vertex -52.5994 52.3774 3
      vertex -52.3774 52.5994 28.5
      vertex -52.3774 52.5994 3
    endloop
  endfacet
  facet normal -0.707107 0.707107 0
    outer loop
      vertex -52.3774 52.5994 28.5
      vertex -52.5994 52.3774 3
      vertex -52.5994 52.3774 28.5
    endloop
  endfacet
  facet normal 0.156699 0.987646 -0
    outer loop
      vertex 50.9937 53.3044 2.4
      vertex 50.6836 53.3536 28.5
      vertex 50.9937 53.3044 28.5
    endloop
  endfacet
  facet normal 0.156699 0.987646 0
    outer loop
      vertex 50.6836 53.3536 28.5
      vertex 50.9937 53.3044 2.4
      vertex 50.6836 53.3536 2.4
    endloop
  endfacet
  facet normal 1 0 0
    outer loop
      vertex 53.37 50.37 28.5
      vertex 53.37 49.5554 2.4
      vertex 53.37 50.37 2.4
    endloop
  endfacet
  facet normal 1 0 0
    outer loop
      vertex 53.37 50.37 28.5
      vertex 53.37 2 14
      vertex 53.37 49.5554 2.4
    endloop
  endfacet
  facet normal 1 0 0
    outer loop
      vertex 53.37 2 14
      vertex 53.37 50.37 28.5
      vertex 53.37 2 20
    endloop
  endfacet
  facet normal 1 0 0
    outer loop
      vertex 53.37 50.37 28.5
      vertex 53.37 -2 20
      vertex 53.37 2 20
    endloop
  endfacet
  facet normal 1 0 0
    outer loop
      vertex 53.37 -50.37 28.5
      vertex 53.37 -2 14
      vertex 53.37 -2 20
    endloop
  endfacet
  facet normal 1 -0 0
    outer loop
      vertex 53.37 -50.37 28.5
      vertex 53.37 -2 20
      vertex 53.37 50.37 28.5
    endloop
  endfacet
  facet normal 1 0 0
    outer loop
      vertex 53.37 -2 14
      vertex 53.37 -50.37 28.5
      vertex 53.37 -49.5554 2.4
    endloop
  endfacet
  facet normal 1 0 0
    outer loop
      vertex 53.37 -49.5554 2.4
      vertex 53.37 -50.37 28.5
      vertex 53.37 -50.37 2.4
    endloop
  endfacet
  facet normal 1 0 0
    outer loop
      vertex 53.37 49.5554 2.4
      vertex 53.37 2 14
      vertex 53.37 49.5554 0
    endloop
  endfacet
  facet normal 1 -0 0
    outer loop
      vertex 53.37 -2 14
      vertex 53.37 49.5554 0
      vertex 53.37 2 14
    endloop
  endfacet
  facet normal 1 0 0
    outer loop
      vertex 53.37 -49.5554 0
      vertex 53.37 -2 14
      vertex 53.37 -49.5554 2.4
    endloop
  endfacet
  facet normal 1 0 0
    outer loop
      vertex 53.37 -2 14
      vertex 53.37 -49.5554 0
      vertex 53.37 49.5554 0
    endloop
  endfacet
  facet normal 0.258534 -0.966002 5.84343e-07
    outer loop
      vertex 50.9937 -53.3044 28.5
      vertex 51.0924 -53.278 3
      vertex 51.2971 -53.2232 28.5
    endloop
  endfacet
  facet normal 0.258394 -0.96604 0
    outer loop
      vertex 50.9937 -53.3044 2.4
      vertex 51.0924 -53.278 3
      vertex 50.9937 -53.3044 28.5
    endloop
  endfacet
  facet normal 0.258394 -0.96604 0
    outer loop
      vertex 51.0924 -53.278 3
      vertex 50.9937 -53.3044 2.4
      vertex 51.0924 -53.278 2.4
    endloop
  endfacet
  facet normal 0.258602 -0.965984 0
    outer loop
      vertex 51.2971 -53.2232 28.5
      vertex 51.0924 -53.278 3
      vertex 51.2971 -53.2232 3
    endloop
  endfacet
  facet normal -0.453826 -0.891091 0
    outer loop
      vertex -51.87 -52.9681 3
      vertex -51.5902 -53.1106 28.5
      vertex -51.87 -52.9681 28.5
    endloop
  endfacet
  facet normal -0.453826 -0.891091 -0
    outer loop
      vertex -51.5902 -53.1106 28.5
      vertex -51.87 -52.9681 3
      vertex -51.5902 -53.1106 3
    endloop
  endfacet
  facet normal -0.156699 0.987646 0
    outer loop
      vertex -50.6836 53.3536 2.4
      vertex -50.9937 53.3044 28.5
      vertex -50.6836 53.3536 28.5
    endloop
  endfacet
  facet normal -0.156699 0.987646 0
    outer loop
      vertex -50.9937 53.3044 28.5
      vertex -50.6836 53.3536 2.4
      vertex -50.9937 53.3044 2.4
    endloop
  endfacet
  facet normal -0.0522246 0.998635 0
    outer loop
      vertex -50.37 53.37 2.4
      vertex -50.6836 53.3536 28.5
      vertex -50.37 53.37 28.5
    endloop
  endfacet
  facet normal -0.0522246 0.998635 0
    outer loop
      vertex -50.6836 53.3536 28.5
      vertex -50.37 53.37 2.4
      vertex -50.6836 53.3536 2.4
    endloop
  endfacet
  facet normal 0.156699 -0.987646 0
    outer loop
      vertex 50.6836 -53.3536 2.4
      vertex 50.9937 -53.3044 28.5
      vertex 50.6836 -53.3536 28.5
    endloop
  endfacet
  facet normal 0.156699 -0.987646 0
    outer loop
      vertex 50.9937 -53.3044 28.5
      vertex 50.6836 -53.3536 2.4
      vertex 50.9937 -53.3044 2.4
    endloop
  endfacet
  facet normal -0.987646 0.156699 0
    outer loop
      vertex -53.3536 50.6836 2.4
      vertex -53.3044 50.9937 28.5
      vertex -53.3044 50.9937 2.4
    endloop
  endfacet
  facet normal -0.987646 0.156699 0
    outer loop
      vertex -53.3044 50.9937 28.5
      vertex -53.3536 50.6836 2.4
      vertex -53.3536 50.6836 28.5
    endloop
  endfacet
  facet normal 0.933485 -0.358616 0
    outer loop
      vertex 53.1106 -51.5902 28.5
      vertex 53.2232 -51.2971 3
      vertex 53.2232 -51.2971 28.5
    endloop
  endfacet
  facet normal 0.933485 -0.358616 0
    outer loop
      vertex 53.2232 -51.2971 3
      vertex 53.1106 -51.5902 28.5
      vertex 53.1106 -51.5902 3
    endloop
  endfacet
  facet normal -0.998635 -0.0522246 0
    outer loop
      vertex -53.3536 -50.6836 2.4
      vertex -53.37 -50.37 28.5
      vertex -53.37 -50.37 2.4
    endloop
  endfacet
  facet normal -0.998635 -0.0522246 0
    outer loop
      vertex -53.37 -50.37 28.5
      vertex -53.3536 -50.6836 2.4
      vertex -53.3536 -50.6836 28.5
    endloop
  endfacet
  facet normal 0.358616 0.933485 -0
    outer loop
      vertex 51.5902 53.1106 3
      vertex 51.2971 53.2232 28.5
      vertex 51.5902 53.1106 28.5
    endloop
  endfacet
  facet normal 0.358616 0.933485 0
    outer loop
      vertex 51.2971 53.2232 28.5
      vertex 51.5902 53.1106 3
      vertex 51.2971 53.2232 3
    endloop
  endfacet
  facet normal -0.0522246 -0.998635 0
    outer loop
      vertex -50.6836 -53.3536 2.4
      vertex -50.37 -53.37 28.5
      vertex -50.6836 -53.3536 28.5
    endloop
  endfacet
  facet normal -0.0522246 -0.998635 -0
    outer loop
      vertex -50.37 -53.37 28.5
      vertex -50.6836 -53.3536 2.4
      vertex -50.37 -53.37 2.4
    endloop
  endfacet
  facet normal 0.96604 -0.258394 0
    outer loop
      vertex 53.3044 -50.9937 28.5
      vertex 53.278 -51.0924 3
      vertex 53.3044 -50.9937 2.4
    endloop
  endfacet
  facet normal 0.966002 -0.258534 5.84343e-07
    outer loop
      vertex 53.2232 -51.2971 28.5
      vertex 53.278 -51.0924 3
      vertex 53.3044 -50.9937 28.5
    endloop
  endfacet
  facet normal 0.965984 -0.258602 0
    outer loop
      vertex 53.278 -51.0924 3
      vertex 53.2232 -51.2971 28.5
      vertex 53.2232 -51.2971 3
    endloop
  endfacet
  facet normal 0.96604 -0.258394 0
    outer loop
      vertex 53.3044 -50.9937 2.4
      vertex 53.278 -51.0924 3
      vertex 53.278 -51.0924 2.4
    endloop
  endfacet
  facet normal -0.258534 -0.966002 0
    outer loop
      vertex -51.2971 -53.2232 3
      vertex -50.9937 -53.3044 28.5
      vertex -51.2971 -53.2232 28.5
    endloop
  endfacet
  facet normal -0.258602 -0.965984 8.66079e-07
    outer loop
      vertex -51.0924 -53.278 3
      vertex -50.9937 -53.3044 28.5
      vertex -51.2971 -53.2232 3
    endloop
  endfacet
  facet normal -0.258394 -0.96604 0
    outer loop
      vertex -50.9937 -53.3044 2.4
      vertex -51.0924 -53.278 3
      vertex -51.0924 -53.278 2.4
    endloop
  endfacet
  facet normal -0.258394 -0.96604 0
    outer loop
      vertex -51.0924 -53.278 3
      vertex -50.9937 -53.3044 2.4
      vertex -50.9937 -53.3044 28.5
    endloop
  endfacet
  facet normal 0.965984 0.258602 0
    outer loop
      vertex 53.2232 51.2971 28.5
      vertex 53.278 51.0924 3
      vertex 53.2232 51.2971 3
    endloop
  endfacet
  facet normal 0.966002 0.258534 5.84343e-07
    outer loop
      vertex 53.3044 50.9937 28.5
      vertex 53.278 51.0924 3
      vertex 53.2232 51.2971 28.5
    endloop
  endfacet
  facet normal 0.96604 0.258394 -0
    outer loop
      vertex 53.3044 50.9937 2.4
      vertex 53.278 51.0924 3
      vertex 53.3044 50.9937 28.5
    endloop
  endfacet
  facet normal 0.96604 0.258394 0
    outer loop
      vertex 53.278 51.0924 3
      vertex 53.3044 50.9937 2.4
      vertex 53.278 51.0924 2.4
    endloop
  endfacet
  facet normal -0.358616 0.933485 0
    outer loop
      vertex -51.2971 53.2232 3
      vertex -51.5902 53.1106 28.5
      vertex -51.2971 53.2232 28.5
    endloop
  endfacet
  facet normal -0.358616 0.933485 0
    outer loop
      vertex -51.5902 53.1106 28.5
      vertex -51.2971 53.2232 3
      vertex -51.5902 53.1106 3
    endloop
  endfacet
  facet normal -0.838749 0.544518 0
    outer loop
      vertex -52.9681 51.87 3
      vertex -52.7971 52.1334 28.5
      vertex -52.7971 52.1334 3
    endloop
  endfacet
  facet normal -0.838749 0.544518 0
    outer loop
      vertex -52.7971 52.1334 28.5
      vertex -52.9681 51.87 3
      vertex -52.9681 51.87 28.5
    endloop
  endfacet
  facet normal -0.891091 -0.453826 0
    outer loop
      vertex -52.9681 -51.87 3
      vertex -53.1106 -51.5902 28.5
      vertex -53.1106 -51.5902 3
    endloop
  endfacet
  facet normal -0.891091 -0.453826 0
    outer loop
      vertex -53.1106 -51.5902 28.5
      vertex -52.9681 -51.87 3
      vertex -52.9681 -51.87 28.5
    endloop
  endfacet
  facet normal 0.933485 0.358616 0
    outer loop
      vertex 53.2232 51.2971 28.5
      vertex 53.1106 51.5902 3
      vertex 53.1106 51.5902 28.5
    endloop
  endfacet
  facet normal 0.933485 0.358616 0
    outer loop
      vertex 53.1106 51.5902 3
      vertex 53.2232 51.2971 28.5
      vertex 53.2232 51.2971 3
    endloop
  endfacet
  facet normal 0.77697 -0.629537 0
    outer loop
      vertex 52.5994 -52.3774 28.5
      vertex 52.7971 -52.1334 3
      vertex 52.7971 -52.1334 28.5
    endloop
  endfacet
  facet normal 0.77697 -0.629537 0
    outer loop
      vertex 52.7971 -52.1334 3
      vertex 52.5994 -52.3774 28.5
      vertex 52.5994 -52.3774 3
    endloop
  endfacet
  facet normal -0.96604 -0.258394 -0
    outer loop
      vertex -53.278 -51.0924 3
      vertex -53.3044 -50.9937 2.4
      vertex -53.278 -51.0924 2.4
    endloop
  endfacet
  facet normal -0.96604 -0.258394 0
    outer loop
      vertex -53.3044 -50.9937 2.4
      vertex -53.278 -51.0924 3
      vertex -53.3044 -50.9937 28.5
    endloop
  endfacet
  facet normal -0.965984 -0.258602 8.66079e-07
    outer loop
      vertex -53.2232 -51.2971 3
      vertex -53.3044 -50.9937 28.5
      vertex -53.278 -51.0924 3
    endloop
  endfacet
  facet normal -0.966002 -0.258534 0
    outer loop
      vertex -53.3044 -50.9937 28.5
      vertex -53.2232 -51.2971 3
      vertex -53.2232 -51.2971 28.5
    endloop
  endfacet
  facet normal -0.838749 -0.544518 0
    outer loop
      vertex -52.7971 -52.1334 3
      vertex -52.9681 -51.87 28.5
      vertex -52.9681 -51.87 3
    endloop
  endfacet
  facet normal -0.838749 -0.544518 0
    outer loop
      vertex -52.9681 -51.87 28.5
      vertex -52.7971 -52.1334 3
      vertex -52.7971 -52.1334 28.5
    endloop
  endfacet
  facet normal 0.707107 -0.707107 0
    outer loop
      vertex 52.3774 -52.5994 28.5
      vertex 52.5994 -52.3774 3
      vertex 52.5994 -52.3774 28.5
    endloop
  endfacet
  facet normal 0.707107 -0.707107 0
    outer loop
      vertex 52.5994 -52.3774 3
      vertex 52.3774 -52.5994 28.5
      vertex 52.3774 -52.5994 3
    endloop
  endfacet
  facet normal -0.933485 0.358616 0
    outer loop
      vertex -53.2232 51.2971 3
      vertex -53.1106 51.5902 28.5
      vertex -53.1106 51.5902 3
    endloop
  endfacet
  facet normal -0.933485 0.358616 0
    outer loop
      vertex -53.1106 51.5902 28.5
      vertex -53.2232 51.2971 3
      vertex -53.2232 51.2971 28.5
    endloop
  endfacet
  facet normal -0.258534 0.966002 5.84343e-07
    outer loop
      vertex -50.9937 53.3044 28.5
      vertex -51.0924 53.278 3
      vertex -51.2971 53.2232 28.5
    endloop
  endfacet
  facet normal -0.258394 0.96604 0
    outer loop
      vertex -50.9937 53.3044 2.4
      vertex -51.0924 53.278 3
      vertex -50.9937 53.3044 28.5
    endloop
  endfacet
  facet normal -0.258394 0.96604 0
    outer loop
      vertex -51.0924 53.278 3
      vertex -50.9937 53.3044 2.4
      vertex -51.0924 53.278 2.4
    endloop
  endfacet
  facet normal -0.258602 0.965984 0
    outer loop
      vertex -51.2971 53.2232 28.5
      vertex -51.0924 53.278 3
      vertex -51.2971 53.2232 3
    endloop
  endfacet
  facet normal 0.891091 -0.453826 0
    outer loop
      vertex 52.9681 -51.87 28.5
      vertex 53.1106 -51.5902 3
      vertex 53.1106 -51.5902 28.5
    endloop
  endfacet
  facet normal 0.891091 -0.453826 0
    outer loop
      vertex 53.1106 -51.5902 3
      vertex 52.9681 -51.87 28.5
      vertex 52.9681 -51.87 3
    endloop
  endfacet
  facet normal 0.258534 0.966002 -0
    outer loop
      vertex 51.2971 53.2232 3
      vertex 50.9937 53.3044 28.5
      vertex 51.2971 53.2232 28.5
    endloop
  endfacet
  facet normal 0.258602 0.965984 8.66079e-07
    outer loop
      vertex 51.0924 53.278 3
      vertex 50.9937 53.3044 28.5
      vertex 51.2971 53.2232 3
    endloop
  endfacet
  facet normal 0.258394 0.96604 0
    outer loop
      vertex 50.9937 53.3044 2.4
      vertex 51.0924 53.278 3
      vertex 51.0924 53.278 2.4
    endloop
  endfacet
  facet normal 0.258394 0.96604 0
    outer loop
      vertex 51.0924 53.278 3
      vertex 50.9937 53.3044 2.4
      vertex 50.9937 53.3044 28.5
    endloop
  endfacet
  facet normal -0.629537 0.77697 0
    outer loop
      vertex -52.1334 52.7971 3
      vertex -52.3774 52.5994 28.5
      vertex -52.1334 52.7971 28.5
    endloop
  endfacet
  facet normal -0.629537 0.77697 0
    outer loop
      vertex -52.3774 52.5994 28.5
      vertex -52.1334 52.7971 3
      vertex -52.3774 52.5994 3
    endloop
  endfacet
  facet normal 0.629537 0.77697 -0
    outer loop
      vertex 52.3774 52.5994 3
      vertex 52.1334 52.7971 28.5
      vertex 52.3774 52.5994 28.5
    endloop
  endfacet
  facet normal 0.629537 0.77697 0
    outer loop
      vertex 52.1334 52.7971 28.5
      vertex 52.3774 52.5994 3
      vertex 52.1334 52.7971 3
    endloop
  endfacet
  facet normal -0.358616 -0.933485 0
    outer loop
      vertex -51.5902 -53.1106 3
      vertex -51.2971 -53.2232 28.5
      vertex -51.5902 -53.1106 28.5
    endloop
  endfacet
  facet normal -0.358616 -0.933485 -0
    outer loop
      vertex -51.2971 -53.2232 28.5
      vertex -51.5902 -53.1106 3
      vertex -51.2971 -53.2232 3
    endloop
  endfacet
  facet normal 0.998635 -0.0522246 0
    outer loop
      vertex 53.3536 -50.6836 28.5
      vertex 53.37 -50.37 2.4
      vertex 53.37 -50.37 28.5
    endloop
  endfacet
  facet normal 0.998635 -0.0522246 0
    outer loop
      vertex 53.37 -50.37 2.4
      vertex 53.3536 -50.6836 28.5
      vertex 53.3536 -50.6836 2.4
    endloop
  endfacet
  facet normal 0.544518 0.838749 -0
    outer loop
      vertex 52.1334 52.7971 3
      vertex 51.87 52.9681 28.5
      vertex 52.1334 52.7971 28.5
    endloop
  endfacet
  facet normal 0.544518 0.838749 0
    outer loop
      vertex 51.87 52.9681 28.5
      vertex 52.1334 52.7971 3
      vertex 51.87 52.9681 3
    endloop
  endfacet
  facet normal -0.933485 -0.358616 0
    outer loop
      vertex -53.1106 -51.5902 3
      vertex -53.2232 -51.2971 28.5
      vertex -53.2232 -51.2971 3
    endloop
  endfacet
  facet normal -0.933485 -0.358616 0
    outer loop
      vertex -53.2232 -51.2971 28.5
      vertex -53.1106 -51.5902 3
      vertex -53.1106 -51.5902 28.5
    endloop
  endfacet
  facet normal -0.987646 -0.156699 0
    outer loop
      vertex -53.3044 -50.9937 2.4
      vertex -53.3536 -50.6836 28.5
      vertex -53.3536 -50.6836 2.4
    endloop
  endfacet
  facet normal -0.987646 -0.156699 0
    outer loop
      vertex -53.3536 -50.6836 28.5
      vertex -53.3044 -50.9937 2.4
      vertex -53.3044 -50.9937 28.5
    endloop
  endfacet
  facet normal -0.156699 -0.987646 0
    outer loop
      vertex -50.9937 -53.3044 2.4
      vertex -50.6836 -53.3536 28.5
      vertex -50.9937 -53.3044 28.5
    endloop
  endfacet
  facet normal -0.156699 -0.987646 -0
    outer loop
      vertex -50.6836 -53.3536 28.5
      vertex -50.9937 -53.3044 2.4
      vertex -50.6836 -53.3536 2.4
    endloop
  endfacet
  facet normal 0.453826 -0.891091 0
    outer loop
      vertex 51.5902 -53.1106 3
      vertex 51.87 -52.9681 28.5
      vertex 51.5902 -53.1106 28.5
    endloop
  endfacet
  facet normal 0.453826 -0.891091 0
    outer loop
      vertex 51.87 -52.9681 28.5
      vertex 51.5902 -53.1106 3
      vertex 51.87 -52.9681 3
    endloop
  endfacet
  facet normal -0.77697 -0.629537 0
    outer loop
      vertex -52.5994 -52.3774 3
      vertex -52.7971 -52.1334 28.5
      vertex -52.7971 -52.1334 3
    endloop
  endfacet
  facet normal -0.77697 -0.629537 0
    outer loop
      vertex -52.7971 -52.1334 28.5
      vertex -52.5994 -52.3774 3
      vertex -52.5994 -52.3774 28.5
    endloop
  endfacet
  facet normal 0.838749 -0.544518 0
    outer loop
      vertex 52.7971 -52.1334 28.5
      vertex 52.9681 -51.87 3
      vertex 52.9681 -51.87 28.5
    endloop
  endfacet
  facet normal 0.838749 -0.544518 0
    outer loop
      vertex 52.9681 -51.87 3
      vertex 52.7971 -52.1334 28.5
      vertex 52.7971 -52.1334 3
    endloop
  endfacet
  facet normal -0.453826 0.891091 0
    outer loop
      vertex -51.5902 53.1106 3
      vertex -51.87 52.9681 28.5
      vertex -51.5902 53.1106 28.5
    endloop
  endfacet
  facet normal -0.453826 0.891091 0
    outer loop
      vertex -51.87 52.9681 28.5
      vertex -51.5902 53.1106 3
      vertex -51.87 52.9681 3
    endloop
  endfacet
  facet normal -0.544518 0.838749 0
    outer loop
      vertex -51.87 52.9681 3
      vertex -52.1334 52.7971 28.5
      vertex -51.87 52.9681 28.5
    endloop
  endfacet
  facet normal -0.544518 0.838749 0
    outer loop
      vertex -52.1334 52.7971 28.5
      vertex -51.87 52.9681 3
      vertex -52.1334 52.7971 3
    endloop
  endfacet
  facet normal 0.0522246 0.998635 -0
    outer loop
      vertex 50.6836 53.3536 2.4
      vertex 50.37 53.37 28.5
      vertex 50.6836 53.3536 28.5
    endloop
  endfacet
  facet normal 0.0522246 0.998635 0
    outer loop
      vertex 50.37 53.37 28.5
      vertex 50.6836 53.3536 2.4
      vertex 50.37 53.37 2.4
    endloop
  endfacet
  facet normal 0.453826 0.891091 -0
    outer loop
      vertex 51.87 52.9681 3
      vertex 51.5902 53.1106 28.5
      vertex 51.87 52.9681 28.5
    endloop
  endfacet
  facet normal 0.453826 0.891091 0
    outer loop
      vertex 51.5902 53.1106 28.5
      vertex 51.87 52.9681 3
      vertex 51.5902 53.1106 3
    endloop
  endfacet
  facet normal 0.0522246 -0.998635 0
    outer loop
      vertex 50.37 -53.37 2.4
      vertex 50.6836 -53.3536 28.5
      vertex 50.37 -53.37 28.5
    endloop
  endfacet
  facet normal 0.0522246 -0.998635 0
    outer loop
      vertex 50.6836 -53.3536 28.5
      vertex 50.37 -53.37 2.4
      vertex 50.6836 -53.3536 2.4
    endloop
  endfacet
  facet normal -0.891091 0.453826 0
    outer loop
      vertex -53.1106 51.5902 3
      vertex -52.9681 51.87 28.5
      vertex -52.9681 51.87 3
    endloop
  endfacet
  facet normal -0.891091 0.453826 0
    outer loop
      vertex -52.9681 51.87 28.5
      vertex -53.1106 51.5902 3
      vertex -53.1106 51.5902 28.5
    endloop
  endfacet
  facet normal 0.358616 -0.933485 0
    outer loop
      vertex 51.2971 -53.2232 3
      vertex 51.5902 -53.1106 28.5
      vertex 51.2971 -53.2232 28.5
    endloop
  endfacet
  facet normal 0.358616 -0.933485 0
    outer loop
      vertex 51.5902 -53.1106 28.5
      vertex 51.2971 -53.2232 3
      vertex 51.5902 -53.1106 3
    endloop
  endfacet
  facet normal 0.629537 -0.77697 0
    outer loop
      vertex 52.1334 -52.7971 3
      vertex 52.3774 -52.5994 28.5
      vertex 52.1334 -52.7971 28.5
    endloop
  endfacet
  facet normal 0.629537 -0.77697 0
    outer loop
      vertex 52.3774 -52.5994 28.5
      vertex 52.1334 -52.7971 3
      vertex 52.3774 -52.5994 3
    endloop
  endfacet
  facet normal -0.707107 -0.707107 0
    outer loop
      vertex -52.3774 -52.5994 3
      vertex -52.5994 -52.3774 28.5
      vertex -52.5994 -52.3774 3
    endloop
  endfacet
  facet normal -0.707107 -0.707107 0
    outer loop
      vertex -52.5994 -52.3774 28.5
      vertex -52.3774 -52.5994 3
      vertex -52.3774 -52.5994 28.5
    endloop
  endfacet
  facet normal 0.987646 -0.156699 0
    outer loop
      vertex 53.3044 -50.9937 28.5
      vertex 53.3536 -50.6836 2.4
      vertex 53.3536 -50.6836 28.5
    endloop
  endfacet
  facet normal 0.987646 -0.156699 0
    outer loop
      vertex 53.3536 -50.6836 2.4
      vertex 53.3044 -50.9937 28.5
      vertex 53.3044 -50.9937 2.4
    endloop
  endfacet
  facet normal 0.891091 0.453826 0
    outer loop
      vertex 53.1106 51.5902 28.5
      vertex 52.9681 51.87 3
      vertex 52.9681 51.87 28.5
    endloop
  endfacet
  facet normal 0.891091 0.453826 0
    outer loop
      vertex 52.9681 51.87 3
      vertex 53.1106 51.5902 28.5
      vertex 53.1106 51.5902 3
    endloop
  endfacet
  facet normal -0.77697 0.629537 0
    outer loop
      vertex -52.7971 52.1334 3
      vertex -52.5994 52.3774 28.5
      vertex -52.5994 52.3774 3
    endloop
  endfacet
  facet normal -0.77697 0.629537 0
    outer loop
      vertex -52.5994 52.3774 28.5
      vertex -52.7971 52.1334 3
      vertex -52.7971 52.1334 28.5
    endloop
  endfacet
  facet normal 0.987646 0.156699 0
    outer loop
      vertex 53.3536 50.6836 28.5
      vertex 53.3044 50.9937 2.4
      vertex 53.3044 50.9937 28.5
    endloop
  endfacet
  facet normal 0.987646 0.156699 0
    outer loop
      vertex 53.3044 50.9937 2.4
      vertex 53.3536 50.6836 28.5
      vertex 53.3536 50.6836 2.4
    endloop
  endfacet
  facet normal 0.544518 -0.838749 0
    outer loop
      vertex 51.87 -52.9681 3
      vertex 52.1334 -52.7971 28.5
      vertex 51.87 -52.9681 28.5
    endloop
  endfacet
  facet normal 0.544518 -0.838749 0
    outer loop
      vertex 52.1334 -52.7971 28.5
      vertex 51.87 -52.9681 3
      vertex 52.1334 -52.7971 3
    endloop
  endfacet
  facet normal 0.998635 0.0522246 0
    outer loop
      vertex 53.37 50.37 28.5
      vertex 53.3536 50.6836 2.4
      vertex 53.3536 50.6836 28.5
    endloop
  endfacet
  facet normal 0.998635 0.0522246 0
    outer loop
      vertex 53.3536 50.6836 2.4
      vertex 53.37 50.37 28.5
      vertex 53.37 50.37 2.4
    endloop
  endfacet
  facet normal 0.707107 0.707107 0
    outer loop
      vertex 52.5994 52.3774 28.5
      vertex 52.3774 52.5994 3
      vertex 52.3774 52.5994 28.5
    endloop
  endfacet
  facet normal 0.707107 0.707107 0
    outer loop
      vertex 52.3774 52.5994 3
      vertex 52.5994 52.3774 28.5
      vertex 52.5994 52.3774 3
    endloop
  endfacet
  facet normal -0 0 -1
    outer loop
      vertex -47.37 -30.87 0
      vertex -53.37 -49.5554 0
      vertex -47.3645 -30.7655 0
    endloop
  endfacet
  facet normal 0 0 -1
    outer loop
      vertex -47.3645 -30.7655 0
      vertex -50.745 49.5554 0
      vertex -49.12 52.37 0
    endloop
  endfacet
  facet normal 0 0 -1
    outer loop
      vertex -53.37 49.5554 0
      vertex -47.3645 -30.7655 0
      vertex -53.37 -49.5554 0
    endloop
  endfacet
  facet normal 0 0 -1
    outer loop
      vertex -47.3645 -30.7655 0
      vertex -53.37 49.5554 0
      vertex -50.745 49.5554 0
    endloop
  endfacet
  facet normal 0 0 -1
    outer loop
      vertex -11 9.68893 0
      vertex 11 43.6811 0
      vertex 11 9.68893 0
    endloop
  endfacet
  facet normal -0 0 -1
    outer loop
      vertex 11 43.6811 0
      vertex -11 9.68893 0
      vertex -11 43.6811 0
    endloop
  endfacet
  facet normal 0 0 -1
    outer loop
      vertex -11 -6.68893 0
      vertex 11 6.68893 0
      vertex 11 -6.68893 0
    endloop
  endfacet
  facet normal -0 0 -1
    outer loop
      vertex 11 6.68893 0
      vertex -11 -6.68893 0
      vertex -11 6.68893 0
    endloop
  endfacet
  facet normal 0 0 -1
    outer loop
      vertex -11 -43.6811 0
      vertex 11 -9.68893 0
      vertex 11 -43.6811 0
    endloop
  endfacet
  facet normal -0 0 -1
    outer loop
      vertex 11 -9.68893 0
      vertex -11 -43.6811 0
      vertex -11 -9.68893 0
    endloop
  endfacet
  facet normal 0 0 -1
    outer loop
      vertex 11 -9.68893 0
      vertex 50.745 -49.5554 0
      vertex 11 -43.6811 0
    endloop
  endfacet
  facet normal 0 0 -1
    outer loop
      vertex 49.6973 -53.37 0
      vertex 11 -46.6811 0
      vertex 49.12 -52.37 0
    endloop
  endfacet
  facet normal 0 0 -1
    outer loop
      vertex 49.6973 -53.37 0
      vertex -11 -46.6811 0
      vertex 11 -46.6811 0
    endloop
  endfacet
  facet normal 0 0 -1
    outer loop
      vertex -29.87 -46.37 0
      vertex -11 -43.6811 0
      vertex -11 -46.6811 0
    endloop
  endfacet
  facet normal 0 0 -1
    outer loop
      vertex -29.8919 -30.6621 0
      vertex -11 -43.6811 0
      vertex -29.8755 -30.7655 0
    endloop
  endfacet
  facet normal 0 0 -1
    outer loop
      vertex -29.9189 -30.561 0
      vertex -11 -9.68893 0
      vertex -29.8919 -30.6621 0
    endloop
  endfacet
  facet normal 0 0 -1
    outer loop
      vertex -30.061 -30.2822 0
      vertex -11 -9.68893 0
      vertex -30.004 -30.37 0
    endloop
  endfacet
  facet normal 0 0 -1
    outer loop
      vertex -30.1269 -30.2009 0
      vertex -11 -9.68893 0
      vertex -30.061 -30.2822 0
    endloop
  endfacet
  facet normal 0 0 -1
    outer loop
      vertex -30.37 -30.004 0
      vertex -11 -9.68893 0
      vertex -30.2822 -30.061 0
    endloop
  endfacet
  facet normal -0 0 -1
    outer loop
      vertex -11 -43.6811 0
      vertex -29.87 -46.37 0
      vertex -29.87 -30.87 0
    endloop
  endfacet
  facet normal 0 0 -1
    outer loop
      vertex -49.6973 -53.37 0
      vertex -11 -46.6811 0
      vertex 49.6973 -53.37 0
    endloop
  endfacet
  facet normal 0 0 -1
    outer loop
      vertex -11 -46.6811 0
      vertex -29.8755 -46.4745 0
      vertex -29.87 -46.37 0
    endloop
  endfacet
  facet normal 0 0 -1
    outer loop
      vertex -11 -46.6811 0
      vertex -29.8919 -46.5779 0
      vertex -29.8755 -46.4745 0
    endloop
  endfacet
  facet normal 0 0 -1
    outer loop
      vertex -11 -46.6811 0
      vertex -29.9189 -46.679 0
      vertex -29.8919 -46.5779 0
    endloop
  endfacet
  facet normal -0 0 -1
    outer loop
      vertex -11 -46.6811 0
      vertex -29.9565 -46.7767 0
      vertex -29.9189 -46.679 0
    endloop
  endfacet
  facet normal 0 0 -1
    outer loop
      vertex -11 -46.6811 0
      vertex -30.004 -46.87 0
      vertex -29.9565 -46.7767 0
    endloop
  endfacet
  facet normal 0 0 -1
    outer loop
      vertex -11 -46.6811 0
      vertex -30.061 -46.9578 0
      vertex -30.004 -46.87 0
    endloop
  endfacet
  facet normal 0 0 -1
    outer loop
      vertex -11 -46.6811 0
      vertex -30.1269 -47.0391 0
      vertex -30.061 -46.9578 0
    endloop
  endfacet
  facet normal 0 0 -1
    outer loop
      vertex -11 -46.6811 0
      vertex -30.2009 -47.1131 0
      vertex -30.1269 -47.0391 0
    endloop
  endfacet
  facet normal 0 0 -1
    outer loop
      vertex -11 -46.6811 0
      vertex -30.2822 -47.179 0
      vertex -30.2009 -47.1131 0
    endloop
  endfacet
  facet normal 0 0 -1
    outer loop
      vertex -11 -46.6811 0
      vertex -30.37 -47.236 0
      vertex -30.2822 -47.179 0
    endloop
  endfacet
  facet normal 0 0 -1
    outer loop
      vertex -11 -46.6811 0
      vertex -30.4633 -47.2835 0
      vertex -30.37 -47.236 0
    endloop
  endfacet
  facet normal 0 0 -1
    outer loop
      vertex -11 -46.6811 0
      vertex -30.561 -47.3211 0
      vertex -30.4633 -47.2835 0
    endloop
  endfacet
  facet normal 0 0 -1
    outer loop
      vertex -11 -46.6811 0
      vertex -30.6621 -47.3481 0
      vertex -30.561 -47.3211 0
    endloop
  endfacet
  facet normal 0 0 -1
    outer loop
      vertex -11 -46.6811 0
      vertex -49.6973 -53.37 0
      vertex -30.6621 -47.3481 0
    endloop
  endfacet
  facet normal 0 0 -1
    outer loop
      vertex -30.6621 -47.3481 0
      vertex -49.6973 -53.37 0
      vertex -30.7655 -47.3645 0
    endloop
  endfacet
  facet normal 0 0 -1
    outer loop
      vertex -30.7655 -47.3645 0
      vertex -49.6973 -53.37 0
      vertex -30.87 -47.37 0
    endloop
  endfacet
  facet normal -0 0 -1
    outer loop
      vertex -30.87 -47.37 0
      vertex -49.12 -52.37 0
      vertex -46.37 -47.37 0
    endloop
  endfacet
  facet normal -0 0 -1
    outer loop
      vertex -47.3645 -46.4745 0
      vertex -50.745 -49.5554 0
      vertex -47.37 -46.37 0
    endloop
  endfacet
  facet normal -0 0 -1
    outer loop
      vertex -47.3481 -46.5779 0
      vertex -50.745 -49.5554 0
      vertex -47.3645 -46.4745 0
    endloop
  endfacet
  facet normal -0 0 -1
    outer loop
      vertex -47.3211 -46.679 0
      vertex -50.745 -49.5554 0
      vertex -47.3481 -46.5779 0
    endloop
  endfacet
  facet normal -0 0 -1
    outer loop
      vertex -47.2835 -46.7767 0
      vertex -50.745 -49.5554 0
      vertex -47.3211 -46.679 0
    endloop
  endfacet
  facet normal -0 0 -1
    outer loop
      vertex -47.236 -46.87 0
      vertex -50.745 -49.5554 0
      vertex -47.2835 -46.7767 0
    endloop
  endfacet
  facet normal -0 0 -1
    outer loop
      vertex -47.179 -46.9578 0
      vertex -50.745 -49.5554 0
      vertex -47.236 -46.87 0
    endloop
  endfacet
  facet normal -0 0 -1
    outer loop
      vertex -47.1131 -47.0391 0
      vertex -50.745 -49.5554 0
      vertex -47.179 -46.9578 0
    endloop
  endfacet
  facet normal -0 0 -1
    outer loop
      vertex -47.0391 -47.1131 0
      vertex -50.745 -49.5554 0
      vertex -47.1131 -47.0391 0
    endloop
  endfacet
  facet normal -0 0 -1
    outer loop
      vertex -46.9578 -47.179 0
      vertex -50.745 -49.5554 0
      vertex -47.0391 -47.1131 0
    endloop
  endfacet
  facet normal -0 0 -1
    outer loop
      vertex -46.87 -47.236 0
      vertex -50.745 -49.5554 0
      vertex -46.9578 -47.179 0
    endloop
  endfacet
  facet normal -0 0 -1
    outer loop
      vertex -46.7767 -47.2835 0
      vertex -50.745 -49.5554 0
      vertex -46.87 -47.236 0
    endloop
  endfacet
  facet normal 0 0 -1
    outer loop
      vertex -50.745 -49.5554 0
      vertex -46.7767 -47.2835 0
      vertex -49.12 -52.37 0
    endloop
  endfacet
  facet normal -0 0 -1
    outer loop
      vertex -46.679 -47.3211 0
      vertex -49.12 -52.37 0
      vertex -46.7767 -47.2835 0
    endloop
  endfacet
  facet normal -0 0 -1
    outer loop
      vertex -46.5779 -47.3481 0
      vertex -49.12 -52.37 0
      vertex -46.679 -47.3211 0
    endloop
  endfacet
  facet normal -0 0 -1
    outer loop
      vertex -46.4745 -47.3645 0
      vertex -49.12 -52.37 0
      vertex -46.5779 -47.3481 0
    endloop
  endfacet
  facet normal -0 0 -1
    outer loop
      vertex -46.37 -47.37 0
      vertex -49.12 -52.37 0
      vertex -46.4745 -47.3645 0
    endloop
  endfacet
  facet normal 0 0 -1
    outer loop
      vertex -30.87 -47.37 0
      vertex -49.6973 -53.37 0
      vertex -49.12 -52.37 0
    endloop
  endfacet
  facet normal 0 0 -1
    outer loop
      vertex 50.745 -49.5554 0
      vertex 53.37 49.5554 0
      vertex 53.37 -49.5554 0
    endloop
  endfacet
  facet normal 0 0 -1
    outer loop
      vertex 50.745 -49.5554 0
      vertex 50.745 49.5554 0
      vertex 53.37 49.5554 0
    endloop
  endfacet
  facet normal 0 0 -1
    outer loop
      vertex 11 -43.6811 0
      vertex 49.12 -52.37 0
      vertex 11 -46.6811 0
    endloop
  endfacet
  facet normal 0 0 -1
    outer loop
      vertex 49.12 -52.37 0
      vertex 11 -43.6811 0
      vertex 50.745 -49.5554 0
    endloop
  endfacet
  facet normal 0 0 -1
    outer loop
      vertex 11 -6.68893 0
      vertex 50.745 -49.5554 0
      vertex 11 -9.68893 0
    endloop
  endfacet
  facet normal 0 0 -1
    outer loop
      vertex 50.745 -49.5554 0
      vertex 11 -6.68893 0
      vertex 50.745 49.5554 0
    endloop
  endfacet
  facet normal 0 0 -1
    outer loop
      vertex 11 6.68893 0
      vertex 50.745 49.5554 0
      vertex 11 -6.68893 0
    endloop
  endfacet
  facet normal 0 0 -1
    outer loop
      vertex 11 9.68893 0
      vertex 50.745 49.5554 0
      vertex 11 6.68893 0
    endloop
  endfacet
  facet normal 0 0 -1
    outer loop
      vertex 11 43.6811 0
      vertex 50.745 49.5554 0
      vertex 11 9.68893 0
    endloop
  endfacet
  facet normal -0 0 -1
    outer loop
      vertex 50.745 49.5554 0
      vertex 11 43.6811 0
      vertex 49.12 52.37 0
    endloop
  endfacet
  facet normal 0 0 -1
    outer loop
      vertex 11 46.6811 0
      vertex 49.12 52.37 0
      vertex 11 43.6811 0
    endloop
  endfacet
  facet normal -0 0 -1
    outer loop
      vertex 49.12 52.37 0
      vertex 11 46.6811 0
      vertex 49.6973 53.37 0
    endloop
  endfacet
  facet normal 0 0 -1
    outer loop
      vertex -11 46.6811 0
      vertex 49.6973 53.37 0
      vertex 11 46.6811 0
    endloop
  endfacet
  facet normal 0 0 -1
    outer loop
      vertex -11 -43.6811 0
      vertex -29.87 -30.87 0
      vertex -29.8755 -30.7655 0
    endloop
  endfacet
  facet normal 0 0 -1
    outer loop
      vertex -11 -43.6811 0
      vertex -29.8919 -30.6621 0
      vertex -11 -9.68893 0
    endloop
  endfacet
  facet normal 0 0 -1
    outer loop
      vertex -29.9565 -30.4633 0
      vertex -11 -9.68893 0
      vertex -29.9189 -30.561 0
    endloop
  endfacet
  facet normal 0 0 -1
    outer loop
      vertex -30.004 -30.37 0
      vertex -11 -9.68893 0
      vertex -29.9565 -30.4633 0
    endloop
  endfacet
  facet normal 0 0 -1
    outer loop
      vertex -30.2009 -30.1269 0
      vertex -11 -9.68893 0
      vertex -30.1269 -30.2009 0
    endloop
  endfacet
  facet normal 0 0 -1
    outer loop
      vertex -30.2822 -30.061 0
      vertex -11 -9.68893 0
      vertex -30.2009 -30.1269 0
    endloop
  endfacet
  facet normal 0 0 -1
    outer loop
      vertex -30.4633 -29.9565 0
      vertex -11 -9.68893 0
      vertex -30.37 -30.004 0
    endloop
  endfacet
  facet normal 0 0 -1
    outer loop
      vertex -30.561 -29.9189 0
      vertex -11 -9.68893 0
      vertex -30.4633 -29.9565 0
    endloop
  endfacet
  facet normal 0 0 -1
    outer loop
      vertex -30.6621 -29.8919 0
      vertex -11 -9.68893 0
      vertex -30.561 -29.9189 0
    endloop
  endfacet
  facet normal 0 0 -1
    outer loop
      vertex -30.7655 -29.8755 0
      vertex -11 -9.68893 0
      vertex -30.6621 -29.8919 0
    endloop
  endfacet
  facet normal 0 0 -1
    outer loop
      vertex -30.87 -29.87 0
      vertex -11 -9.68893 0
      vertex -30.7655 -29.8755 0
    endloop
  endfacet
  facet normal -0 0 -1
    outer loop
      vertex -11 -9.68893 0
      vertex -30.87 -29.87 0
      vertex -11 -6.68893 0
    endloop
  endfacet
  facet normal 0 0 -1
    outer loop
      vertex -46.37 -29.87 0
      vertex -11 -6.68893 0
      vertex -30.87 -29.87 0
    endloop
  endfacet
  facet normal -0 0 -1
    outer loop
      vertex -11 -6.68893 0
      vertex -46.37 -29.87 0
      vertex -11 6.68893 0
    endloop
  endfacet
  facet normal 0 0 -1
    outer loop
      vertex -46.4745 -29.8755 0
      vertex -11 6.68893 0
      vertex -46.37 -29.87 0
    endloop
  endfacet
  facet normal 0 0 -1
    outer loop
      vertex -11 9.68893 0
      vertex -49.12 52.37 0
      vertex -11 43.6811 0
    endloop
  endfacet
  facet normal -0 0 -1
    outer loop
      vertex -11 6.68893 0
      vertex -46.4745 -29.8755 0
      vertex -11 9.68893 0
    endloop
  endfacet
  facet normal -0 0 -1
    outer loop
      vertex -11 9.68893 0
      vertex -46.4745 -29.8755 0
      vertex -49.12 52.37 0
    endloop
  endfacet
  facet normal 0 0 -1
    outer loop
      vertex -49.12 52.37 0
      vertex -46.4745 -29.8755 0
      vertex -46.5779 -29.8919 0
    endloop
  endfacet
  facet normal 0 0 -1
    outer loop
      vertex -49.12 52.37 0
      vertex -46.5779 -29.8919 0
      vertex -46.679 -29.9189 0
    endloop
  endfacet
  facet normal 0 0 -1
    outer loop
      vertex -49.12 52.37 0
      vertex -46.679 -29.9189 0
      vertex -46.7767 -29.9565 0
    endloop
  endfacet
  facet normal 0 0 -1
    outer loop
      vertex -49.12 52.37 0
      vertex -46.7767 -29.9565 0
      vertex -46.87 -30.004 0
    endloop
  endfacet
  facet normal 0 0 -1
    outer loop
      vertex -49.12 52.37 0
      vertex -46.87 -30.004 0
      vertex -46.9578 -30.061 0
    endloop
  endfacet
  facet normal 0 0 -1
    outer loop
      vertex -49.12 52.37 0
      vertex -46.9578 -30.061 0
      vertex -47.0391 -30.1269 0
    endloop
  endfacet
  facet normal 0 0 -1
    outer loop
      vertex -49.12 52.37 0
      vertex -47.0391 -30.1269 0
      vertex -47.1131 -30.2009 0
    endloop
  endfacet
  facet normal 0 0 -1
    outer loop
      vertex -49.12 52.37 0
      vertex -47.1131 -30.2009 0
      vertex -47.179 -30.2822 0
    endloop
  endfacet
  facet normal 0 0 -1
    outer loop
      vertex -49.12 52.37 0
      vertex -47.179 -30.2822 0
      vertex -47.236 -30.37 0
    endloop
  endfacet
  facet normal 0 0 -1
    outer loop
      vertex -49.12 52.37 0
      vertex -47.236 -30.37 0
      vertex -47.2835 -30.4633 0
    endloop
  endfacet
  facet normal 0 0 -1
    outer loop
      vertex -53.37 -49.5554 0
      vertex -47.37 -46.37 0
      vertex -50.745 -49.5554 0
    endloop
  endfacet
  facet normal -0 0 -1
    outer loop
      vertex -47.37 -46.37 0
      vertex -53.37 -49.5554 0
      vertex -47.37 -30.87 0
    endloop
  endfacet
  facet normal 0 0 -1
    outer loop
      vertex -49.12 52.37 0
      vertex -47.3481 -30.6621 0
      vertex -47.3645 -30.7655 0
    endloop
  endfacet
  facet normal 0 0 -1
    outer loop
      vertex -49.12 52.37 0
      vertex -47.3211 -30.561 0
      vertex -47.3481 -30.6621 0
    endloop
  endfacet
  facet normal 0 0 -1
    outer loop
      vertex -49.12 52.37 0
      vertex -47.2835 -30.4633 0
      vertex -47.3211 -30.561 0
    endloop
  endfacet
  facet normal 0 0 -1
    outer loop
      vertex -11 43.6811 0
      vertex -49.12 52.37 0
      vertex -11 46.6811 0
    endloop
  endfacet
  facet normal 0 0 -1
    outer loop
      vertex -49.6973 53.37 0
      vertex -11 46.6811 0
      vertex -49.12 52.37 0
    endloop
  endfacet
  facet normal 0 0 -1
    outer loop
      vertex -11 46.6811 0
      vertex -49.6973 53.37 0
      vertex 49.6973 53.37 0
    endloop
  endfacet
  facet normal 0 0 1
    outer loop
      vertex 51.2721 49.988 28.5
      vertex 53.37 50.37 28.5
      vertex 53.3536 50.6836 28.5
    endloop
  endfacet
  facet normal 0 0 1
    outer loop
      vertex 53.37 50.37 28.5
      vertex 51.37 49.37 28.5
      vertex 53.37 -50.37 28.5
    endloop
  endfacet
  facet normal 0 0 1
    outer loop
      vertex 51.1971 50.1835 28.5
      vertex 53.3536 50.6836 28.5
      vertex 53.3044 50.9937 28.5
    endloop
  endfacet
  facet normal -0 0 1
    outer loop
      vertex 51.37 -49.37 28.5
      vertex 53.37 -50.37 28.5
      vertex 51.37 49.37 28.5
    endloop
  endfacet
  facet normal 0 0 1
    outer loop
      vertex 51.1021 50.37 28.5
      vertex 53.3044 50.9937 28.5
      vertex 53.2232 51.2971 28.5
    endloop
  endfacet
  facet normal -0 0 1
    outer loop
      vertex 51.359 -49.5791 28.5
      vertex 53.37 -50.37 28.5
      vertex 51.37 -49.37 28.5
    endloop
  endfacet
  facet normal 0 0 1
    outer loop
      vertex 51.1021 50.37 28.5
      vertex 53.2232 51.2971 28.5
      vertex 53.1106 51.5902 28.5
    endloop
  endfacet
  facet normal -0 0 1
    outer loop
      vertex 51.3263 -49.7858 28.5
      vertex 53.37 -50.37 28.5
      vertex 51.359 -49.5791 28.5
    endloop
  endfacet
  facet normal 0 0 1
    outer loop
      vertex 50.988 50.5456 28.5
      vertex 53.1106 51.5902 28.5
      vertex 52.9681 51.87 28.5
    endloop
  endfacet
  facet normal -0 0 1
    outer loop
      vertex 51.2721 -49.988 28.5
      vertex 53.37 -50.37 28.5
      vertex 51.3263 -49.7858 28.5
    endloop
  endfacet
  facet normal 0 0 1
    outer loop
      vertex 50.988 50.5456 28.5
      vertex 52.9681 51.87 28.5
      vertex 52.7971 52.1334 28.5
    endloop
  endfacet
  facet normal 0 0 1
    outer loop
      vertex 53.37 -50.37 28.5
      vertex 51.2721 -49.988 28.5
      vertex 53.3536 -50.6836 28.5
    endloop
  endfacet
  facet normal 0 0 1
    outer loop
      vertex 50.8563 50.7083 28.5
      vertex 52.7971 52.1334 28.5
      vertex 52.5994 52.3774 28.5
    endloop
  endfacet
  facet normal -0 0 1
    outer loop
      vertex 51.1971 -50.1835 28.5
      vertex 53.3536 -50.6836 28.5
      vertex 51.2721 -49.988 28.5
    endloop
  endfacet
  facet normal 0 0 1
    outer loop
      vertex 50.8563 50.7083 28.5
      vertex 52.5994 52.3774 28.5
      vertex 52.3774 52.5994 28.5
    endloop
  endfacet
  facet normal 0 0 1
    outer loop
      vertex 53.3536 -50.6836 28.5
      vertex 51.1971 -50.1835 28.5
      vertex 53.3044 -50.9937 28.5
    endloop
  endfacet
  facet normal 0 0 1
    outer loop
      vertex 50.7083 50.8563 28.5
      vertex 52.3774 52.5994 28.5
      vertex 52.1334 52.7971 28.5
    endloop
  endfacet
  facet normal -0 0 1
    outer loop
      vertex 51.1021 -50.37 28.5
      vertex 53.3044 -50.9937 28.5
      vertex 51.1971 -50.1835 28.5
    endloop
  endfacet
  facet normal 0 0 1
    outer loop
      vertex 50.5456 50.988 28.5
      vertex 52.1334 52.7971 28.5
      vertex 51.87 52.9681 28.5
    endloop
  endfacet
  facet normal 0 0 1
    outer loop
      vertex 53.3044 -50.9937 28.5
      vertex 51.1021 -50.37 28.5
      vertex 53.2232 -51.2971 28.5
    endloop
  endfacet
  facet normal 0 0 1
    outer loop
      vertex 50.5456 50.988 28.5
      vertex 51.87 52.9681 28.5
      vertex 51.5902 53.1106 28.5
    endloop
  endfacet
  facet normal 0 0 1
    outer loop
      vertex 53.2232 -51.2971 28.5
      vertex 51.1021 -50.37 28.5
      vertex 53.1106 -51.5902 28.5
    endloop
  endfacet
  facet normal -0 0 1
    outer loop
      vertex 50.988 -50.5456 28.5
      vertex 53.1106 -51.5902 28.5
      vertex 51.1021 -50.37 28.5
    endloop
  endfacet
  facet normal 0 0 1
    outer loop
      vertex 53.37 50.37 28.5
      vertex 51.359 49.5791 28.5
      vertex 51.37 49.37 28.5
    endloop
  endfacet
  facet normal 0 0 1
    outer loop
      vertex 53.37 50.37 28.5
      vertex 51.3263 49.7858 28.5
      vertex 51.359 49.5791 28.5
    endloop
  endfacet
  facet normal 0 0 1
    outer loop
      vertex 50.37 51.1021 28.5
      vertex 51.5902 53.1106 28.5
      vertex 51.2971 53.2232 28.5
    endloop
  endfacet
  facet normal 0 0 1
    outer loop
      vertex 53.37 50.37 28.5
      vertex 51.2721 49.988 28.5
      vertex 51.3263 49.7858 28.5
    endloop
  endfacet
  facet normal 0 0 1
    outer loop
      vertex 53.3536 50.6836 28.5
      vertex 51.1971 50.1835 28.5
      vertex 51.2721 49.988 28.5
    endloop
  endfacet
  facet normal 0 0 1
    outer loop
      vertex 53.3044 50.9937 28.5
      vertex 51.1021 50.37 28.5
      vertex 51.1971 50.1835 28.5
    endloop
  endfacet
  facet normal 0 0 1
    outer loop
      vertex 50.37 51.1021 28.5
      vertex 51.2971 53.2232 28.5
      vertex 50.9937 53.3044 28.5
    endloop
  endfacet
  facet normal 0 0 1
    outer loop
      vertex 53.1106 51.5902 28.5
      vertex 50.988 50.5456 28.5
      vertex 51.1021 50.37 28.5
    endloop
  endfacet
  facet normal 0 0 1
    outer loop
      vertex 52.7971 52.1334 28.5
      vertex 50.8563 50.7083 28.5
      vertex 50.988 50.5456 28.5
    endloop
  endfacet
  facet normal 0 0 1
    outer loop
      vertex 52.3774 52.5994 28.5
      vertex 50.7083 50.8563 28.5
      vertex 50.8563 50.7083 28.5
    endloop
  endfacet
  facet normal 0 0 1
    outer loop
      vertex 50.1835 51.1971 28.5
      vertex 50.9937 53.3044 28.5
      vertex 50.6836 53.3536 28.5
    endloop
  endfacet
  facet normal 0 0 1
    outer loop
      vertex 52.1334 52.7971 28.5
      vertex 50.5456 50.988 28.5
      vertex 50.7083 50.8563 28.5
    endloop
  endfacet
  facet normal 0 0 1
    outer loop
      vertex 49.988 51.2721 28.5
      vertex 50.6836 53.3536 28.5
      vertex 50.37 53.37 28.5
    endloop
  endfacet
  facet normal 0 0 1
    outer loop
      vertex 51.5902 53.1106 28.5
      vertex 50.37 51.1021 28.5
      vertex 50.5456 50.988 28.5
    endloop
  endfacet
  facet normal 0 0 1
    outer loop
      vertex 50.9937 53.3044 28.5
      vertex 50.1835 51.1971 28.5
      vertex 50.37 51.1021 28.5
    endloop
  endfacet
  facet normal 0 0 1
    outer loop
      vertex 50.6836 53.3536 28.5
      vertex 49.988 51.2721 28.5
      vertex 50.1835 51.1971 28.5
    endloop
  endfacet
  facet normal 0 0 1
    outer loop
      vertex 50.37 53.37 28.5
      vertex 49.7858 51.3263 28.5
      vertex 49.988 51.2721 28.5
    endloop
  endfacet
  facet normal 0 0 1
    outer loop
      vertex 50.37 53.37 28.5
      vertex 49.5791 51.359 28.5
      vertex 49.7858 51.3263 28.5
    endloop
  endfacet
  facet normal 0 0 1
    outer loop
      vertex 50.37 53.37 28.5
      vertex 49.37 51.37 28.5
      vertex 49.5791 51.359 28.5
    endloop
  endfacet
  facet normal 0 0 1
    outer loop
      vertex 50.37 53.37 28.5
      vertex -49.37 51.37 28.5
      vertex 49.37 51.37 28.5
    endloop
  endfacet
  facet normal -0 0 1
    outer loop
      vertex -50.37 53.37 28.5
      vertex -49.37 51.37 28.5
      vertex 50.37 53.37 28.5
    endloop
  endfacet
  facet normal 0 0 1
    outer loop
      vertex -50.37 53.37 28.5
      vertex -49.5791 51.359 28.5
      vertex -49.37 51.37 28.5
    endloop
  endfacet
  facet normal 0 0 1
    outer loop
      vertex -50.37 53.37 28.5
      vertex -49.7858 51.3263 28.5
      vertex -49.5791 51.359 28.5
    endloop
  endfacet
  facet normal 0 0 1
    outer loop
      vertex -50.37 53.37 28.5
      vertex -49.988 51.2721 28.5
      vertex -49.7858 51.3263 28.5
    endloop
  endfacet
  facet normal -0 0 1
    outer loop
      vertex -50.6836 53.3536 28.5
      vertex -49.988 51.2721 28.5
      vertex -50.37 53.37 28.5
    endloop
  endfacet
  facet normal 0 0 1
    outer loop
      vertex -49.988 51.2721 28.5
      vertex -50.6836 53.3536 28.5
      vertex -50.1835 51.1971 28.5
    endloop
  endfacet
  facet normal -0 0 1
    outer loop
      vertex -50.9937 53.3044 28.5
      vertex -50.1835 51.1971 28.5
      vertex -50.6836 53.3536 28.5
    endloop
  endfacet
  facet normal 0 0 1
    outer loop
      vertex -50.1835 51.1971 28.5
      vertex -50.9937 53.3044 28.5
      vertex -50.37 51.1021 28.5
    endloop
  endfacet
  facet normal -0 0 1
    outer loop
      vertex -51.2971 53.2232 28.5
      vertex -50.37 51.1021 28.5
      vertex -50.9937 53.3044 28.5
    endloop
  endfacet
  facet normal -0 0 1
    outer loop
      vertex -51.5902 53.1106 28.5
      vertex -50.37 51.1021 28.5
      vertex -51.2971 53.2232 28.5
    endloop
  endfacet
  facet normal 0 0 1
    outer loop
      vertex -50.37 51.1021 28.5
      vertex -51.5902 53.1106 28.5
      vertex -50.5456 50.988 28.5
    endloop
  endfacet
  facet normal -0 0 1
    outer loop
      vertex -51.87 52.9681 28.5
      vertex -50.5456 50.988 28.5
      vertex -51.5902 53.1106 28.5
    endloop
  endfacet
  facet normal -0 0 1
    outer loop
      vertex -52.1334 52.7971 28.5
      vertex -50.5456 50.988 28.5
      vertex -51.87 52.9681 28.5
    endloop
  endfacet
  facet normal 0 0 1
    outer loop
      vertex -50.5456 50.988 28.5
      vertex -52.1334 52.7971 28.5
      vertex -50.7083 50.8563 28.5
    endloop
  endfacet
  facet normal -0 0 1
    outer loop
      vertex -52.3774 52.5994 28.5
      vertex -50.7083 50.8563 28.5
      vertex -52.1334 52.7971 28.5
    endloop
  endfacet
  facet normal 0 0 1
    outer loop
      vertex -50.7083 50.8563 28.5
      vertex -52.3774 52.5994 28.5
      vertex -50.8563 50.7083 28.5
    endloop
  endfacet
  facet normal -0 0 1
    outer loop
      vertex -52.5994 52.3774 28.5
      vertex -50.8563 50.7083 28.5
      vertex -52.3774 52.5994 28.5
    endloop
  endfacet
  facet normal -0 0 1
    outer loop
      vertex -52.7971 52.1334 28.5
      vertex -50.8563 50.7083 28.5
      vertex -52.5994 52.3774 28.5
    endloop
  endfacet
  facet normal 0 0 1
    outer loop
      vertex -50.8563 50.7083 28.5
      vertex -52.7971 52.1334 28.5
      vertex -50.988 50.5456 28.5
    endloop
  endfacet
  facet normal -0 0 1
    outer loop
      vertex -53.1106 51.5902 28.5
      vertex -50.988 50.5456 28.5
      vertex -52.9681 51.87 28.5
    endloop
  endfacet
  facet normal -0 0 1
    outer loop
      vertex -52.9681 51.87 28.5
      vertex -50.988 50.5456 28.5
      vertex -52.7971 52.1334 28.5
    endloop
  endfacet
  facet normal 0 0 1
    outer loop
      vertex 53.1106 -51.5902 28.5
      vertex 50.988 -50.5456 28.5
      vertex 52.9681 -51.87 28.5
    endloop
  endfacet
  facet normal 0 0 1
    outer loop
      vertex 52.9681 -51.87 28.5
      vertex 50.988 -50.5456 28.5
      vertex 52.7971 -52.1334 28.5
    endloop
  endfacet
  facet normal -0 0 1
    outer loop
      vertex 50.8563 -50.7083 28.5
      vertex 52.7971 -52.1334 28.5
      vertex 50.988 -50.5456 28.5
    endloop
  endfacet
  facet normal 0 0 1
    outer loop
      vertex 52.7971 -52.1334 28.5
      vertex 50.8563 -50.7083 28.5
      vertex 52.5994 -52.3774 28.5
    endloop
  endfacet
  facet normal 0 0 1
    outer loop
      vertex 52.5994 -52.3774 28.5
      vertex 50.8563 -50.7083 28.5
      vertex 52.3774 -52.5994 28.5
    endloop
  endfacet
  facet normal -0 0 1
    outer loop
      vertex 50.7083 -50.8563 28.5
      vertex 52.3774 -52.5994 28.5
      vertex 50.8563 -50.7083 28.5
    endloop
  endfacet
  facet normal 0 0 1
    outer loop
      vertex 52.3774 -52.5994 28.5
      vertex 50.7083 -50.8563 28.5
      vertex 52.1334 -52.7971 28.5
    endloop
  endfacet
  facet normal -0 0 1
    outer loop
      vertex 50.5456 -50.988 28.5
      vertex 52.1334 -52.7971 28.5
      vertex 50.7083 -50.8563 28.5
    endloop
  endfacet
  facet normal 0 0 1
    outer loop
      vertex 52.1334 -52.7971 28.5
      vertex 50.5456 -50.988 28.5
      vertex 51.87 -52.9681 28.5
    endloop
  endfacet
  facet normal 0 0 1
    outer loop
      vertex 51.87 -52.9681 28.5
      vertex 50.5456 -50.988 28.5
      vertex 51.5902 -53.1106 28.5
    endloop
  endfacet
  facet normal -0 0 1
    outer loop
      vertex 50.37 -51.1021 28.5
      vertex 51.5902 -53.1106 28.5
      vertex 50.5456 -50.988 28.5
    endloop
  endfacet
  facet normal 0 0 1
    outer loop
      vertex 51.5902 -53.1106 28.5
      vertex 50.37 -51.1021 28.5
      vertex 51.2971 -53.2232 28.5
    endloop
  endfacet
  facet normal 0 0 1
    outer loop
      vertex 51.2971 -53.2232 28.5
      vertex 50.37 -51.1021 28.5
      vertex 50.9937 -53.3044 28.5
    endloop
  endfacet
  facet normal -0 0 1
    outer loop
      vertex 50.1835 -51.1971 28.5
      vertex 50.9937 -53.3044 28.5
      vertex 50.37 -51.1021 28.5
    endloop
  endfacet
  facet normal 0 0 1
    outer loop
      vertex 50.9937 -53.3044 28.5
      vertex 50.1835 -51.1971 28.5
      vertex 50.6836 -53.3536 28.5
    endloop
  endfacet
  facet normal -0 0 1
    outer loop
      vertex 49.988 -51.2721 28.5
      vertex 50.6836 -53.3536 28.5
      vertex 50.1835 -51.1971 28.5
    endloop
  endfacet
  facet normal 0 0 1
    outer loop
      vertex 50.6836 -53.3536 28.5
      vertex 49.988 -51.2721 28.5
      vertex 50.37 -53.37 28.5
    endloop
  endfacet
  facet normal -0 0 1
    outer loop
      vertex 49.7858 -51.3263 28.5
      vertex 50.37 -53.37 28.5
      vertex 49.988 -51.2721 28.5
    endloop
  endfacet
  facet normal -0 0 1
    outer loop
      vertex 49.5791 -51.359 28.5
      vertex 50.37 -53.37 28.5
      vertex 49.7858 -51.3263 28.5
    endloop
  endfacet
  facet normal -0 0 1
    outer loop
      vertex 49.37 -51.37 28.5
      vertex 50.37 -53.37 28.5
      vertex 49.5791 -51.359 28.5
    endloop
  endfacet
  facet normal -0 0 1
    outer loop
      vertex -49.37 -51.37 28.5
      vertex 50.37 -53.37 28.5
      vertex 49.37 -51.37 28.5
    endloop
  endfacet
  facet normal 0 0 1
    outer loop
      vertex -49.37 -51.37 28.5
      vertex -50.37 -53.37 28.5
      vertex 50.37 -53.37 28.5
    endloop
  endfacet
  facet normal 0 0 1
    outer loop
      vertex -49.5791 -51.359 28.5
      vertex -50.37 -53.37 28.5
      vertex -49.37 -51.37 28.5
    endloop
  endfacet
  facet normal 0 0 1
    outer loop
      vertex -49.7858 -51.3263 28.5
      vertex -50.37 -53.37 28.5
      vertex -49.5791 -51.359 28.5
    endloop
  endfacet
  facet normal 0 0 1
    outer loop
      vertex -49.988 -51.2721 28.5
      vertex -50.37 -53.37 28.5
      vertex -49.7858 -51.3263 28.5
    endloop
  endfacet
  facet normal 0 0 1
    outer loop
      vertex -50.6836 -53.3536 28.5
      vertex -49.988 -51.2721 28.5
      vertex -50.1835 -51.1971 28.5
    endloop
  endfacet
  facet normal 0 0 1
    outer loop
      vertex -50.9937 -53.3044 28.5
      vertex -50.1835 -51.1971 28.5
      vertex -50.37 -51.1021 28.5
    endloop
  endfacet
  facet normal 0 0 1
    outer loop
      vertex -51.5902 -53.1106 28.5
      vertex -50.37 -51.1021 28.5
      vertex -50.5456 -50.988 28.5
    endloop
  endfacet
  facet normal 0 0 1
    outer loop
      vertex -49.988 -51.2721 28.5
      vertex -50.6836 -53.3536 28.5
      vertex -50.37 -53.37 28.5
    endloop
  endfacet
  facet normal 0 0 1
    outer loop
      vertex -52.1334 -52.7971 28.5
      vertex -50.5456 -50.988 28.5
      vertex -50.7083 -50.8563 28.5
    endloop
  endfacet
  facet normal 0 0 1
    outer loop
      vertex -52.3774 -52.5994 28.5
      vertex -50.7083 -50.8563 28.5
      vertex -50.8563 -50.7083 28.5
    endloop
  endfacet
  facet normal 0 0 1
    outer loop
      vertex -52.7971 -52.1334 28.5
      vertex -50.8563 -50.7083 28.5
      vertex -50.988 -50.5456 28.5
    endloop
  endfacet
  facet normal 0 0 1
    outer loop
      vertex -50.1835 -51.1971 28.5
      vertex -50.9937 -53.3044 28.5
      vertex -50.6836 -53.3536 28.5
    endloop
  endfacet
  facet normal 0 0 1
    outer loop
      vertex -53.1106 -51.5902 28.5
      vertex -50.988 -50.5456 28.5
      vertex -51.1021 -50.37 28.5
    endloop
  endfacet
  facet normal 0 0 1
    outer loop
      vertex -53.3044 -50.9937 28.5
      vertex -51.1021 -50.37 28.5
      vertex -51.1971 -50.1835 28.5
    endloop
  endfacet
  facet normal 0 0 1
    outer loop
      vertex -53.3536 -50.6836 28.5
      vertex -51.1971 -50.1835 28.5
      vertex -51.2721 -49.988 28.5
    endloop
  endfacet
  facet normal 0 0 1
    outer loop
      vertex -50.37 -51.1021 28.5
      vertex -51.2971 -53.2232 28.5
      vertex -50.9937 -53.3044 28.5
    endloop
  endfacet
  facet normal 0 0 1
    outer loop
      vertex -53.37 -50.37 28.5
      vertex -51.2721 -49.988 28.5
      vertex -51.3263 -49.7858 28.5
    endloop
  endfacet
  facet normal 0 0 1
    outer loop
      vertex -53.37 -50.37 28.5
      vertex -51.3263 -49.7858 28.5
      vertex -51.359 -49.5791 28.5
    endloop
  endfacet
  facet normal 0 0 1
    outer loop
      vertex -53.37 -50.37 28.5
      vertex -51.359 -49.5791 28.5
      vertex -51.37 -49.37 28.5
    endloop
  endfacet
  facet normal 0 0 1
    outer loop
      vertex -50.37 -51.1021 28.5
      vertex -51.5902 -53.1106 28.5
      vertex -51.2971 -53.2232 28.5
    endloop
  endfacet
  facet normal 0 0 1
    outer loop
      vertex -51.37 49.37 28.5
      vertex -53.37 50.37 28.5
      vertex -51.37 -49.37 28.5
    endloop
  endfacet
  facet normal 0 0 1
    outer loop
      vertex -50.988 50.5456 28.5
      vertex -53.1106 51.5902 28.5
      vertex -51.1021 50.37 28.5
    endloop
  endfacet
  facet normal 0 0 1
    outer loop
      vertex -53.37 -50.37 28.5
      vertex -51.37 -49.37 28.5
      vertex -53.37 50.37 28.5
    endloop
  endfacet
  facet normal -0 0 1
    outer loop
      vertex -53.2232 51.2971 28.5
      vertex -51.1021 50.37 28.5
      vertex -53.1106 51.5902 28.5
    endloop
  endfacet
  facet normal 0 0 1
    outer loop
      vertex -51.2721 -49.988 28.5
      vertex -53.37 -50.37 28.5
      vertex -53.3536 -50.6836 28.5
    endloop
  endfacet
  facet normal -0 0 1
    outer loop
      vertex -53.3044 50.9937 28.5
      vertex -51.1021 50.37 28.5
      vertex -53.2232 51.2971 28.5
    endloop
  endfacet
  facet normal 0 0 1
    outer loop
      vertex -50.5456 -50.988 28.5
      vertex -51.87 -52.9681 28.5
      vertex -51.5902 -53.1106 28.5
    endloop
  endfacet
  facet normal 0 0 1
    outer loop
      vertex -51.1021 50.37 28.5
      vertex -53.3044 50.9937 28.5
      vertex -51.1971 50.1835 28.5
    endloop
  endfacet
  facet normal 0 0 1
    outer loop
      vertex -50.5456 -50.988 28.5
      vertex -52.1334 -52.7971 28.5
      vertex -51.87 -52.9681 28.5
    endloop
  endfacet
  facet normal -0 0 1
    outer loop
      vertex -53.3536 50.6836 28.5
      vertex -51.1971 50.1835 28.5
      vertex -53.3044 50.9937 28.5
    endloop
  endfacet
  facet normal 0 0 1
    outer loop
      vertex -50.7083 -50.8563 28.5
      vertex -52.3774 -52.5994 28.5
      vertex -52.1334 -52.7971 28.5
    endloop
  endfacet
  facet normal 0 0 1
    outer loop
      vertex -51.1971 50.1835 28.5
      vertex -53.3536 50.6836 28.5
      vertex -51.2721 49.988 28.5
    endloop
  endfacet
  facet normal 0 0 1
    outer loop
      vertex -50.8563 -50.7083 28.5
      vertex -52.5994 -52.3774 28.5
      vertex -52.3774 -52.5994 28.5
    endloop
  endfacet
  facet normal -0 0 1
    outer loop
      vertex -53.37 50.37 28.5
      vertex -51.2721 49.988 28.5
      vertex -53.3536 50.6836 28.5
    endloop
  endfacet
  facet normal 0 0 1
    outer loop
      vertex -50.8563 -50.7083 28.5
      vertex -52.7971 -52.1334 28.5
      vertex -52.5994 -52.3774 28.5
    endloop
  endfacet
  facet normal 0 0 1
    outer loop
      vertex -51.2721 49.988 28.5
      vertex -53.37 50.37 28.5
      vertex -51.3263 49.7858 28.5
    endloop
  endfacet
  facet normal 0 0 1
    outer loop
      vertex -50.988 -50.5456 28.5
      vertex -52.9681 -51.87 28.5
      vertex -52.7971 -52.1334 28.5
    endloop
  endfacet
  facet normal 0 0 1
    outer loop
      vertex -51.3263 49.7858 28.5
      vertex -53.37 50.37 28.5
      vertex -51.359 49.5791 28.5
    endloop
  endfacet
  facet normal 0 0 1
    outer loop
      vertex -50.988 -50.5456 28.5
      vertex -53.1106 -51.5902 28.5
      vertex -52.9681 -51.87 28.5
    endloop
  endfacet
  facet normal 0 0 1
    outer loop
      vertex -51.359 49.5791 28.5
      vertex -53.37 50.37 28.5
      vertex -51.37 49.37 28.5
    endloop
  endfacet
  facet normal 0 0 1
    outer loop
      vertex -51.1021 -50.37 28.5
      vertex -53.2232 -51.2971 28.5
      vertex -53.1106 -51.5902 28.5
    endloop
  endfacet
  facet normal 0 0 1
    outer loop
      vertex -51.1021 -50.37 28.5
      vertex -53.3044 -50.9937 28.5
      vertex -53.2232 -51.2971 28.5
    endloop
  endfacet
  facet normal 0 0 1
    outer loop
      vertex -51.1971 -50.1835 28.5
      vertex -53.3536 -50.6836 28.5
      vertex -53.3044 -50.9937 28.5
    endloop
  endfacet
  facet normal 0.258911 0.965901 -0
    outer loop
      vertex -49.7858 -51.3263 2.5
      vertex -49.988 -51.2721 28.5
      vertex -49.7858 -51.3263 28.5
    endloop
  endfacet
  facet normal 0.258911 0.965901 0
    outer loop
      vertex -49.988 -51.2721 28.5
      vertex -49.7858 -51.3263 2.5
      vertex -49.988 -51.2721 2.5
    endloop
  endfacet
  facet normal 0.358179 0.933653 -0
    outer loop
      vertex -49.988 -51.2721 2.5
      vertex -50.1835 -51.1971 28.5
      vertex -49.988 -51.2721 28.5
    endloop
  endfacet
  facet normal 0.358179 0.933653 0
    outer loop
      vertex -50.1835 -51.1971 28.5
      vertex -49.988 -51.2721 2.5
      vertex -50.1835 -51.1971 2.5
    endloop
  endfacet
  facet normal 1 0 0
    outer loop
      vertex -51.37 2 14.7646
      vertex -51.37 49.37 28.5
      vertex -51.37 2 19.2354
    endloop
  endfacet
  facet normal 1 0 0
    outer loop
      vertex -51.37 49.37 28.5
      vertex -51.37 -2 19.2354
      vertex -51.37 2 19.2354
    endloop
  endfacet
  facet normal 1 0 0
    outer loop
      vertex -51.37 -2 19.2354
      vertex -51.37 -49.37 28.5
      vertex -51.37 -2 14.7646
    endloop
  endfacet
  facet normal 1 -0 0
    outer loop
      vertex -51.37 -49.37 28.5
      vertex -51.37 -2 19.2354
      vertex -51.37 49.37 28.5
    endloop
  endfacet
  facet normal 1 0 0
    outer loop
      vertex -51.37 49.37 28.5
      vertex -51.37 2 14.7646
      vertex -51.37 49.37 2.5
    endloop
  endfacet
  facet normal 1 -0 0
    outer loop
      vertex -51.37 -2 14.7646
      vertex -51.37 49.37 2.5
      vertex -51.37 2 14.7646
    endloop
  endfacet
  facet normal 1 0 0
    outer loop
      vertex -51.37 -2 14.7646
      vertex -51.37 -49.37 2.5
      vertex -51.37 49.37 2.5
    endloop
  endfacet
  facet normal 1 0 0
    outer loop
      vertex -51.37 -49.37 2.5
      vertex -51.37 -2 14.7646
      vertex -51.37 -49.37 28.5
    endloop
  endfacet
  facet normal 0.838531 -0.544854 0
    outer loop
      vertex -51.1021 50.37 28.5
      vertex -50.988 50.5456 2.5
      vertex -50.988 50.5456 28.5
    endloop
  endfacet
  facet normal 0.838531 -0.544854 0
    outer loop
      vertex -50.988 50.5456 2.5
      vertex -51.1021 50.37 28.5
      vertex -51.1021 50.37 2.5
    endloop
  endfacet
  facet normal -1 0 0
    outer loop
      vertex 51.37 49.37 2.5
      vertex 51.37 2 14.7646
      vertex 51.37 49.37 28.5
    endloop
  endfacet
  facet normal -1 0 0
    outer loop
      vertex 51.37 49.37 2.5
      vertex 51.37 -2 14.7646
      vertex 51.37 2 14.7646
    endloop
  endfacet
  facet normal -1 0 0
    outer loop
      vertex 51.37 -49.37 28.5
      vertex 51.37 -2 14.7646
      vertex 51.37 -49.37 2.5
    endloop
  endfacet
  facet normal -1 0 0
    outer loop
      vertex 51.37 -49.37 2.5
      vertex 51.37 -2 14.7646
      vertex 51.37 49.37 2.5
    endloop
  endfacet
  facet normal -1 0 0
    outer loop
      vertex 51.37 2 19.2354
      vertex 51.37 49.37 28.5
      vertex 51.37 2 14.7646
    endloop
  endfacet
  facet normal -1 0 0
    outer loop
      vertex 51.37 -2 19.2354
      vertex 51.37 49.37 28.5
      vertex 51.37 2 19.2354
    endloop
  endfacet
  facet normal -1 0 0
    outer loop
      vertex 51.37 -2 19.2354
      vertex 51.37 -49.37 28.5
      vertex 51.37 49.37 28.5
    endloop
  endfacet
  facet normal -1 0 0
    outer loop
      vertex 51.37 -2 14.7646
      vertex 51.37 -49.37 28.5
      vertex 51.37 -2 19.2354
    endloop
  endfacet
  facet normal 0.891058 -0.45389 0
    outer loop
      vertex -51.1971 50.1835 28.5
      vertex -51.1021 50.37 2.5
      vertex -51.1021 50.37 28.5
    endloop
  endfacet
  facet normal 0.891058 -0.45389 0
    outer loop
      vertex -51.1021 50.37 2.5
      vertex -51.1971 50.1835 28.5
      vertex -51.1971 50.1835 2.5
    endloop
  endfacet
  facet normal 0.544854 -0.838531 0
    outer loop
      vertex -50.5456 50.988 2.5
      vertex -50.37 51.1021 28.5
      vertex -50.5456 50.988 28.5
    endloop
  endfacet
  facet normal 0.544854 -0.838531 0
    outer loop
      vertex -50.37 51.1021 28.5
      vertex -50.5456 50.988 2.5
      vertex -50.37 51.1021 2.5
    endloop
  endfacet
  facet normal 0.45389 0.891058 -0
    outer loop
      vertex -50.1835 -51.1971 2.5
      vertex -50.37 -51.1021 28.5
      vertex -50.1835 -51.1971 28.5
    endloop
  endfacet
  facet normal 0.45389 0.891058 0
    outer loop
      vertex -50.37 -51.1021 28.5
      vertex -50.1835 -51.1971 2.5
      vertex -50.37 -51.1021 2.5
    endloop
  endfacet
  facet normal -0.891058 0.45389 0
    outer loop
      vertex 51.1021 -50.37 2.5
      vertex 51.1971 -50.1835 28.5
      vertex 51.1971 -50.1835 2.5
    endloop
  endfacet
  facet normal -0.891058 0.45389 0
    outer loop
      vertex 51.1971 -50.1835 28.5
      vertex 51.1021 -50.37 2.5
      vertex 51.1021 -50.37 28.5
    endloop
  endfacet
  facet normal 0 1 -0
    outer loop
      vertex 49.37 -51.37 2.5
      vertex -49.37 -51.37 28.5
      vertex 49.37 -51.37 28.5
    endloop
  endfacet
  facet normal 0 1 0
    outer loop
      vertex -49.37 -51.37 28.5
      vertex 49.37 -51.37 2.5
      vertex -49.37 -51.37 2.5
    endloop
  endfacet
  facet normal -0.156257 0.987716 0
    outer loop
      vertex 49.7858 -51.3263 2.5
      vertex 49.5791 -51.359 28.5
      vertex 49.7858 -51.3263 28.5
    endloop
  endfacet
  facet normal -0.156257 0.987716 0
    outer loop
      vertex 49.5791 -51.359 28.5
      vertex 49.7858 -51.3263 2.5
      vertex 49.5791 -51.359 2.5
    endloop
  endfacet
  facet normal -0.156257 -0.987716 0
    outer loop
      vertex 49.5791 51.359 2.5
      vertex 49.7858 51.3263 28.5
      vertex 49.5791 51.359 28.5
    endloop
  endfacet
  facet normal -0.156257 -0.987716 -0
    outer loop
      vertex 49.7858 51.3263 28.5
      vertex 49.5791 51.359 2.5
      vertex 49.7858 51.3263 2.5
    endloop
  endfacet
  facet normal 0 -1 0
    outer loop
      vertex -49.37 51.37 2.5
      vertex 49.37 51.37 28.5
      vertex -49.37 51.37 28.5
    endloop
  endfacet
  facet normal 0 -1 -0
    outer loop
      vertex 49.37 51.37 28.5
      vertex -49.37 51.37 2.5
      vertex 49.37 51.37 2.5
    endloop
  endfacet
  facet normal 0.838531 0.544854 0
    outer loop
      vertex -50.988 -50.5456 28.5
      vertex -51.1021 -50.37 2.5
      vertex -51.1021 -50.37 28.5
    endloop
  endfacet
  facet normal 0.838531 0.544854 0
    outer loop
      vertex -51.1021 -50.37 2.5
      vertex -50.988 -50.5456 28.5
      vertex -50.988 -50.5456 2.5
    endloop
  endfacet
  facet normal 0.629171 -0.777267 0
    outer loop
      vertex -50.7083 50.8563 2.5
      vertex -50.5456 50.988 28.5
      vertex -50.7083 50.8563 28.5
    endloop
  endfacet
  facet normal 0.629171 -0.777267 0
    outer loop
      vertex -50.5456 50.988 28.5
      vertex -50.7083 50.8563 2.5
      vertex -50.5456 50.988 2.5
    endloop
  endfacet
  facet normal -0.933653 0.358179 0
    outer loop
      vertex 51.1971 -50.1835 2.5
      vertex 51.2721 -49.988 28.5
      vertex 51.2721 -49.988 2.5
    endloop
  endfacet
  facet normal -0.933653 0.358179 0
    outer loop
      vertex 51.2721 -49.988 28.5
      vertex 51.1971 -50.1835 2.5
      vertex 51.1971 -50.1835 28.5
    endloop
  endfacet
  facet normal 0.933653 0.358179 0
    outer loop
      vertex -51.1971 -50.1835 28.5
      vertex -51.2721 -49.988 2.5
      vertex -51.2721 -49.988 28.5
    endloop
  endfacet
  facet normal 0.933653 0.358179 0
    outer loop
      vertex -51.2721 -49.988 2.5
      vertex -51.1971 -50.1835 28.5
      vertex -51.1971 -50.1835 2.5
    endloop
  endfacet
  facet normal -0.838531 0.544854 0
    outer loop
      vertex 50.988 -50.5456 2.5
      vertex 51.1021 -50.37 28.5
      vertex 51.1021 -50.37 2.5
    endloop
  endfacet
  facet normal -0.838531 0.544854 0
    outer loop
      vertex 51.1021 -50.37 28.5
      vertex 50.988 -50.5456 2.5
      vertex 50.988 -50.5456 28.5
    endloop
  endfacet
  facet normal 0.707107 0.707107 0
    outer loop
      vertex -50.7083 -50.8563 28.5
      vertex -50.8563 -50.7083 2.5
      vertex -50.8563 -50.7083 28.5
    endloop
  endfacet
  facet normal 0.707107 0.707107 0
    outer loop
      vertex -50.8563 -50.7083 2.5
      vertex -50.7083 -50.8563 28.5
      vertex -50.7083 -50.8563 2.5
    endloop
  endfacet
  facet normal 0.891058 0.45389 0
    outer loop
      vertex -51.1021 -50.37 28.5
      vertex -51.1971 -50.1835 2.5
      vertex -51.1971 -50.1835 28.5
    endloop
  endfacet
  facet normal 0.891058 0.45389 0
    outer loop
      vertex -51.1971 -50.1835 2.5
      vertex -51.1021 -50.37 28.5
      vertex -51.1021 -50.37 2.5
    endloop
  endfacet
  facet normal 0.544854 0.838531 -0
    outer loop
      vertex -50.37 -51.1021 2.5
      vertex -50.5456 -50.988 28.5
      vertex -50.37 -51.1021 28.5
    endloop
  endfacet
  facet normal 0.544854 0.838531 0
    outer loop
      vertex -50.5456 -50.988 28.5
      vertex -50.37 -51.1021 2.5
      vertex -50.5456 -50.988 2.5
    endloop
  endfacet
  facet normal 0.777267 0.629171 0
    outer loop
      vertex -50.8563 -50.7083 28.5
      vertex -50.988 -50.5456 2.5
      vertex -50.988 -50.5456 28.5
    endloop
  endfacet
  facet normal 0.777267 0.629171 0
    outer loop
      vertex -50.988 -50.5456 2.5
      vertex -50.8563 -50.7083 28.5
      vertex -50.8563 -50.7083 2.5
    endloop
  endfacet
  facet normal -0.891058 -0.45389 0
    outer loop
      vertex 51.1971 50.1835 2.5
      vertex 51.1021 50.37 28.5
      vertex 51.1021 50.37 2.5
    endloop
  endfacet
  facet normal -0.891058 -0.45389 0
    outer loop
      vertex 51.1021 50.37 28.5
      vertex 51.1971 50.1835 2.5
      vertex 51.1971 50.1835 28.5
    endloop
  endfacet
  facet normal -0.258911 -0.965901 0
    outer loop
      vertex 49.7858 51.3263 2.5
      vertex 49.988 51.2721 28.5
      vertex 49.7858 51.3263 28.5
    endloop
  endfacet
  facet normal -0.258911 -0.965901 -0
    outer loop
      vertex 49.988 51.2721 28.5
      vertex 49.7858 51.3263 2.5
      vertex 49.988 51.2721 2.5
    endloop
  endfacet
  facet normal 0.0525338 -0.998619 0
    outer loop
      vertex -49.5791 51.359 2.5
      vertex -49.37 51.37 28.5
      vertex -49.5791 51.359 28.5
    endloop
  endfacet
  facet normal 0.0525338 -0.998619 0
    outer loop
      vertex -49.37 51.37 28.5
      vertex -49.5791 51.359 2.5
      vertex -49.37 51.37 2.5
    endloop
  endfacet
  facet normal -0.933653 -0.358179 0
    outer loop
      vertex 51.2721 49.988 2.5
      vertex 51.1971 50.1835 28.5
      vertex 51.1971 50.1835 2.5
    endloop
  endfacet
  facet normal -0.933653 -0.358179 0
    outer loop
      vertex 51.1971 50.1835 28.5
      vertex 51.2721 49.988 2.5
      vertex 51.2721 49.988 28.5
    endloop
  endfacet
  facet normal -0.965901 0.258911 0
    outer loop
      vertex 51.2721 -49.988 2.5
      vertex 51.3263 -49.7858 28.5
      vertex 51.3263 -49.7858 2.5
    endloop
  endfacet
  facet normal -0.965901 0.258911 0
    outer loop
      vertex 51.3263 -49.7858 28.5
      vertex 51.2721 -49.988 2.5
      vertex 51.2721 -49.988 28.5
    endloop
  endfacet
  facet normal -0.987716 -0.156257 0
    outer loop
      vertex 51.359 49.5791 2.5
      vertex 51.3263 49.7858 28.5
      vertex 51.3263 49.7858 2.5
    endloop
  endfacet
  facet normal -0.987716 -0.156257 0
    outer loop
      vertex 51.3263 49.7858 28.5
      vertex 51.359 49.5791 2.5
      vertex 51.359 49.5791 28.5
    endloop
  endfacet
  facet normal 0.998619 -0.0525338 0
    outer loop
      vertex -51.37 49.37 28.5
      vertex -51.359 49.5791 2.5
      vertex -51.359 49.5791 28.5
    endloop
  endfacet
  facet normal 0.998619 -0.0525338 0
    outer loop
      vertex -51.359 49.5791 2.5
      vertex -51.37 49.37 28.5
      vertex -51.37 49.37 2.5
    endloop
  endfacet
  facet normal -0.45389 0.891058 0
    outer loop
      vertex 50.37 -51.1021 2.5
      vertex 50.1835 -51.1971 28.5
      vertex 50.37 -51.1021 28.5
    endloop
  endfacet
  facet normal -0.45389 0.891058 0
    outer loop
      vertex 50.1835 -51.1971 28.5
      vertex 50.37 -51.1021 2.5
      vertex 50.1835 -51.1971 2.5
    endloop
  endfacet
  facet normal 0.987716 0.156257 0
    outer loop
      vertex -51.3263 -49.7858 28.5
      vertex -51.359 -49.5791 2.5
      vertex -51.359 -49.5791 28.5
    endloop
  endfacet
  facet normal 0.987716 0.156257 0
    outer loop
      vertex -51.359 -49.5791 2.5
      vertex -51.3263 -49.7858 28.5
      vertex -51.3263 -49.7858 2.5
    endloop
  endfacet
  facet normal -0.965901 -0.258911 0
    outer loop
      vertex 51.3263 49.7858 2.5
      vertex 51.2721 49.988 28.5
      vertex 51.2721 49.988 2.5
    endloop
  endfacet
  facet normal -0.965901 -0.258911 0
    outer loop
      vertex 51.2721 49.988 28.5
      vertex 51.3263 49.7858 2.5
      vertex 51.3263 49.7858 28.5
    endloop
  endfacet
  facet normal -0.258911 0.965901 0
    outer loop
      vertex 49.988 -51.2721 2.5
      vertex 49.7858 -51.3263 28.5
      vertex 49.988 -51.2721 28.5
    endloop
  endfacet
  facet normal -0.258911 0.965901 0
    outer loop
      vertex 49.7858 -51.3263 28.5
      vertex 49.988 -51.2721 2.5
      vertex 49.7858 -51.3263 2.5
    endloop
  endfacet
  facet normal 0.933653 -0.358179 0
    outer loop
      vertex -51.2721 49.988 28.5
      vertex -51.1971 50.1835 2.5
      vertex -51.1971 50.1835 28.5
    endloop
  endfacet
  facet normal 0.933653 -0.358179 0
    outer loop
      vertex -51.1971 50.1835 2.5
      vertex -51.2721 49.988 28.5
      vertex -51.2721 49.988 2.5
    endloop
  endfacet
  facet normal 0.965901 -0.258911 0
    outer loop
      vertex -51.3263 49.7858 28.5
      vertex -51.2721 49.988 2.5
      vertex -51.2721 49.988 28.5
    endloop
  endfacet
  facet normal 0.965901 -0.258911 0
    outer loop
      vertex -51.2721 49.988 2.5
      vertex -51.3263 49.7858 28.5
      vertex -51.3263 49.7858 2.5
    endloop
  endfacet
  facet normal -0.707107 -0.707107 0
    outer loop
      vertex 50.8563 50.7083 2.5
      vertex 50.7083 50.8563 28.5
      vertex 50.7083 50.8563 2.5
    endloop
  endfacet
  facet normal -0.707107 -0.707107 0
    outer loop
      vertex 50.7083 50.8563 28.5
      vertex 50.8563 50.7083 2.5
      vertex 50.8563 50.7083 28.5
    endloop
  endfacet
  facet normal 0.258911 -0.965901 0
    outer loop
      vertex -49.988 51.2721 2.5
      vertex -49.7858 51.3263 28.5
      vertex -49.988 51.2721 28.5
    endloop
  endfacet
  facet normal 0.258911 -0.965901 0
    outer loop
      vertex -49.7858 51.3263 28.5
      vertex -49.988 51.2721 2.5
      vertex -49.7858 51.3263 2.5
    endloop
  endfacet
  facet normal 0.0525338 0.998619 -0
    outer loop
      vertex -49.37 -51.37 2.5
      vertex -49.5791 -51.359 28.5
      vertex -49.37 -51.37 28.5
    endloop
  endfacet
  facet normal 0.0525338 0.998619 0
    outer loop
      vertex -49.5791 -51.359 28.5
      vertex -49.37 -51.37 2.5
      vertex -49.5791 -51.359 2.5
    endloop
  endfacet
  facet normal 0.965901 0.258911 0
    outer loop
      vertex -51.2721 -49.988 28.5
      vertex -51.3263 -49.7858 2.5
      vertex -51.3263 -49.7858 28.5
    endloop
  endfacet
  facet normal 0.965901 0.258911 0
    outer loop
      vertex -51.3263 -49.7858 2.5
      vertex -51.2721 -49.988 28.5
      vertex -51.2721 -49.988 2.5
    endloop
  endfacet
  facet normal -0.777267 -0.629171 0
    outer loop
      vertex 50.988 50.5456 2.5
      vertex 50.8563 50.7083 28.5
      vertex 50.8563 50.7083 2.5
    endloop
  endfacet
  facet normal -0.777267 -0.629171 0
    outer loop
      vertex 50.8563 50.7083 28.5
      vertex 50.988 50.5456 2.5
      vertex 50.988 50.5456 28.5
    endloop
  endfacet
  facet normal -0.544854 -0.838531 0
    outer loop
      vertex 50.37 51.1021 2.5
      vertex 50.5456 50.988 28.5
      vertex 50.37 51.1021 28.5
    endloop
  endfacet
  facet normal -0.544854 -0.838531 -0
    outer loop
      vertex 50.5456 50.988 28.5
      vertex 50.37 51.1021 2.5
      vertex 50.5456 50.988 2.5
    endloop
  endfacet
  facet normal -0.629171 -0.777267 0
    outer loop
      vertex 50.5456 50.988 2.5
      vertex 50.7083 50.8563 28.5
      vertex 50.5456 50.988 28.5
    endloop
  endfacet
  facet normal -0.629171 -0.777267 -0
    outer loop
      vertex 50.7083 50.8563 28.5
      vertex 50.5456 50.988 2.5
      vertex 50.7083 50.8563 2.5
    endloop
  endfacet
  facet normal 0.45389 -0.891058 0
    outer loop
      vertex -50.37 51.1021 2.5
      vertex -50.1835 51.1971 28.5
      vertex -50.37 51.1021 28.5
    endloop
  endfacet
  facet normal 0.45389 -0.891058 0
    outer loop
      vertex -50.1835 51.1971 28.5
      vertex -50.37 51.1021 2.5
      vertex -50.1835 51.1971 2.5
    endloop
  endfacet
  facet normal 0.987716 -0.156257 0
    outer loop
      vertex -51.359 49.5791 28.5
      vertex -51.3263 49.7858 2.5
      vertex -51.3263 49.7858 28.5
    endloop
  endfacet
  facet normal 0.987716 -0.156257 0
    outer loop
      vertex -51.3263 49.7858 2.5
      vertex -51.359 49.5791 28.5
      vertex -51.359 49.5791 2.5
    endloop
  endfacet
  facet normal -0.0525338 -0.998619 0
    outer loop
      vertex 49.37 51.37 2.5
      vertex 49.5791 51.359 28.5
      vertex 49.37 51.37 28.5
    endloop
  endfacet
  facet normal -0.0525338 -0.998619 -0
    outer loop
      vertex 49.5791 51.359 28.5
      vertex 49.37 51.37 2.5
      vertex 49.5791 51.359 2.5
    endloop
  endfacet
  facet normal 0.777267 -0.629171 0
    outer loop
      vertex -50.988 50.5456 28.5
      vertex -50.8563 50.7083 2.5
      vertex -50.8563 50.7083 28.5
    endloop
  endfacet
  facet normal 0.777267 -0.629171 0
    outer loop
      vertex -50.8563 50.7083 2.5
      vertex -50.988 50.5456 28.5
      vertex -50.988 50.5456 2.5
    endloop
  endfacet
  facet normal -0.998619 -0.0525338 0
    outer loop
      vertex 51.37 49.37 2.5
      vertex 51.359 49.5791 28.5
      vertex 51.359 49.5791 2.5
    endloop
  endfacet
  facet normal -0.998619 -0.0525338 0
    outer loop
      vertex 51.359 49.5791 28.5
      vertex 51.37 49.37 2.5
      vertex 51.37 49.37 28.5
    endloop
  endfacet
  facet normal 0.998619 0.0525338 0
    outer loop
      vertex -51.359 -49.5791 28.5
      vertex -51.37 -49.37 2.5
      vertex -51.37 -49.37 28.5
    endloop
  endfacet
  facet normal 0.998619 0.0525338 0
    outer loop
      vertex -51.37 -49.37 2.5
      vertex -51.359 -49.5791 28.5
      vertex -51.359 -49.5791 2.5
    endloop
  endfacet
  facet normal 0.629171 0.777267 -0
    outer loop
      vertex -50.5456 -50.988 2.5
      vertex -50.7083 -50.8563 28.5
      vertex -50.5456 -50.988 28.5
    endloop
  endfacet
  facet normal 0.629171 0.777267 0
    outer loop
      vertex -50.7083 -50.8563 28.5
      vertex -50.5456 -50.988 2.5
      vertex -50.7083 -50.8563 2.5
    endloop
  endfacet
  facet normal -0.838531 -0.544854 0
    outer loop
      vertex 51.1021 50.37 2.5
      vertex 50.988 50.5456 28.5
      vertex 50.988 50.5456 2.5
    endloop
  endfacet
  facet normal -0.838531 -0.544854 0
    outer loop
      vertex 50.988 50.5456 28.5
      vertex 51.1021 50.37 2.5
      vertex 51.1021 50.37 28.5
    endloop
  endfacet
  facet normal 0.156257 0.987716 -0
    outer loop
      vertex -49.5791 -51.359 2.5
      vertex -49.7858 -51.3263 28.5
      vertex -49.5791 -51.359 28.5
    endloop
  endfacet
  facet normal 0.156257 0.987716 0
    outer loop
      vertex -49.7858 -51.3263 28.5
      vertex -49.5791 -51.359 2.5
      vertex -49.7858 -51.3263 2.5
    endloop
  endfacet
  facet normal -0.777267 0.629171 0
    outer loop
      vertex 50.8563 -50.7083 2.5
      vertex 50.988 -50.5456 28.5
      vertex 50.988 -50.5456 2.5
    endloop
  endfacet
  facet normal -0.777267 0.629171 0
    outer loop
      vertex 50.988 -50.5456 28.5
      vertex 50.8563 -50.7083 2.5
      vertex 50.8563 -50.7083 28.5
    endloop
  endfacet
  facet normal -0.45389 -0.891058 0
    outer loop
      vertex 50.1835 51.1971 2.5
      vertex 50.37 51.1021 28.5
      vertex 50.1835 51.1971 28.5
    endloop
  endfacet
  facet normal -0.45389 -0.891058 -0
    outer loop
      vertex 50.37 51.1021 28.5
      vertex 50.1835 51.1971 2.5
      vertex 50.37 51.1021 2.5
    endloop
  endfacet
  facet normal 0.358179 -0.933653 0
    outer loop
      vertex -50.1835 51.1971 2.5
      vertex -49.988 51.2721 28.5
      vertex -50.1835 51.1971 28.5
    endloop
  endfacet
  facet normal 0.358179 -0.933653 0
    outer loop
      vertex -49.988 51.2721 28.5
      vertex -50.1835 51.1971 2.5
      vertex -49.988 51.2721 2.5
    endloop
  endfacet
  facet normal -0.707107 0.707107 0
    outer loop
      vertex 50.7083 -50.8563 2.5
      vertex 50.8563 -50.7083 28.5
      vertex 50.8563 -50.7083 2.5
    endloop
  endfacet
  facet normal -0.707107 0.707107 0
    outer loop
      vertex 50.8563 -50.7083 28.5
      vertex 50.7083 -50.8563 2.5
      vertex 50.7083 -50.8563 28.5
    endloop
  endfacet
  facet normal 0.156257 -0.987716 0
    outer loop
      vertex -49.7858 51.3263 2.5
      vertex -49.5791 51.359 28.5
      vertex -49.7858 51.3263 28.5
    endloop
  endfacet
  facet normal 0.156257 -0.987716 0
    outer loop
      vertex -49.5791 51.359 28.5
      vertex -49.7858 51.3263 2.5
      vertex -49.5791 51.359 2.5
    endloop
  endfacet
  facet normal -0.0525338 0.998619 0
    outer loop
      vertex 49.5791 -51.359 2.5
      vertex 49.37 -51.37 28.5
      vertex 49.5791 -51.359 28.5
    endloop
  endfacet
  facet normal -0.0525338 0.998619 0
    outer loop
      vertex 49.37 -51.37 28.5
      vertex 49.5791 -51.359 2.5
      vertex 49.37 -51.37 2.5
    endloop
  endfacet
  facet normal -0.987716 0.156257 0
    outer loop
      vertex 51.3263 -49.7858 2.5
      vertex 51.359 -49.5791 28.5
      vertex 51.359 -49.5791 2.5
    endloop
  endfacet
  facet normal -0.987716 0.156257 0
    outer loop
      vertex 51.359 -49.5791 28.5
      vertex 51.3263 -49.7858 2.5
      vertex 51.3263 -49.7858 28.5
    endloop
  endfacet
  facet normal -0.544854 0.838531 0
    outer loop
      vertex 50.5456 -50.988 2.5
      vertex 50.37 -51.1021 28.5
      vertex 50.5456 -50.988 28.5
    endloop
  endfacet
  facet normal -0.544854 0.838531 0
    outer loop
      vertex 50.37 -51.1021 28.5
      vertex 50.5456 -50.988 2.5
      vertex 50.37 -51.1021 2.5
    endloop
  endfacet
  facet normal -0.998619 0.0525338 0
    outer loop
      vertex 51.359 -49.5791 2.5
      vertex 51.37 -49.37 28.5
      vertex 51.37 -49.37 2.5
    endloop
  endfacet
  facet normal -0.998619 0.0525338 0
    outer loop
      vertex 51.37 -49.37 28.5
      vertex 51.359 -49.5791 2.5
      vertex 51.359 -49.5791 28.5
    endloop
  endfacet
  facet normal -0.629171 0.777267 0
    outer loop
      vertex 50.7083 -50.8563 2.5
      vertex 50.5456 -50.988 28.5
      vertex 50.7083 -50.8563 28.5
    endloop
  endfacet
  facet normal -0.629171 0.777267 0
    outer loop
      vertex 50.5456 -50.988 28.5
      vertex 50.7083 -50.8563 2.5
      vertex 50.5456 -50.988 2.5
    endloop
  endfacet
  facet normal 0.707107 -0.707107 0
    outer loop
      vertex -50.8563 50.7083 28.5
      vertex -50.7083 50.8563 2.5
      vertex -50.7083 50.8563 28.5
    endloop
  endfacet
  facet normal 0.707107 -0.707107 0
    outer loop
      vertex -50.7083 50.8563 2.5
      vertex -50.8563 50.7083 28.5
      vertex -50.8563 50.7083 2.5
    endloop
  endfacet
  facet normal -0.358179 0.933653 0
    outer loop
      vertex 50.1835 -51.1971 2.5
      vertex 49.988 -51.2721 28.5
      vertex 50.1835 -51.1971 28.5
    endloop
  endfacet
  facet normal -0.358179 0.933653 0
    outer loop
      vertex 49.988 -51.2721 28.5
      vertex 50.1835 -51.1971 2.5
      vertex 49.988 -51.2721 2.5
    endloop
  endfacet
  facet normal -0.358179 -0.933653 0
    outer loop
      vertex 49.988 51.2721 2.5
      vertex 50.1835 51.1971 28.5
      vertex 49.988 51.2721 28.5
    endloop
  endfacet
  facet normal -0.358179 -0.933653 -0
    outer loop
      vertex 50.1835 51.1971 28.5
      vertex 49.988 51.2721 2.5
      vertex 50.1835 51.1971 2.5
    endloop
  endfacet
  facet normal 0 0 -1
    outer loop
      vertex -7.86983 -6.86866 2.5
      vertex -7.29934 -7.06066 2.5
      vertex -7.78598 -7.38582 2.5
    endloop
  endfacet
  facet normal 0 0 -1
    outer loop
      vertex -7.29934 -7.06066 2.5
      vertex -7.86983 -6.86866 2.5
      vertex -7.17105 -6.86866 2.5
    endloop
  endfacet
  facet normal 0 0 -1
    outer loop
      vertex -8.36 -7 2.5
      vertex -7.78598 -7.38582 2.5
      vertex -8.36 -7.5 2.5
    endloop
  endfacet
  facet normal 0 0 -1
    outer loop
      vertex -7.78598 -7.38582 2.5
      vertex -8.36 -7 2.5
      vertex -7.86983 -6.86866 2.5
    endloop
  endfacet
  facet normal 0 0 -1
    outer loop
      vertex -8.93402 -7.38582 2.5
      vertex -8.36 -7 2.5
      vertex -8.36 -7.5 2.5
    endloop
  endfacet
  facet normal -0 0 -1
    outer loop
      vertex -8.36 -7 2.5
      vertex -8.93402 -7.38582 2.5
      vertex -8.85017 -6.86866 2.5
    endloop
  endfacet
  facet normal 0 0 -1
    outer loop
      vertex -9.42066 -7.06066 2.5
      vertex -8.85017 -6.86866 2.5
      vertex -8.93402 -7.38582 2.5
    endloop
  endfacet
  facet normal -0 0 -1
    outer loop
      vertex -8.85017 -6.86866 2.5
      vertex -9.42066 -7.06066 2.5
      vertex -9.54895 -6.86866 2.5
    endloop
  endfacet
  facet normal 0 0 1
    outer loop
      vertex -7.49398 -5.5 2.5
      vertex -7.49398 -6.5 2.5
      vertex -7.36 -6 2.5
    endloop
  endfacet
  facet normal 0 0 1
    outer loop
      vertex -7.86 -5.13398 2.5
      vertex -7.49398 -6.5 2.5
      vertex -7.49398 -5.5 2.5
    endloop
  endfacet
  facet normal 0 0 1
    outer loop
      vertex -7.86983 -6.86866 2.5
      vertex -7.49398 -6.5 2.5
      vertex -7.86 -5.13398 2.5
    endloop
  endfacet
  facet normal 0 0 1
    outer loop
      vertex -7.49398 -6.5 2.5
      vertex -7.86983 -6.86866 2.5
      vertex -7.86 -6.86602 2.5
    endloop
  endfacet
  facet normal 0 0 1
    outer loop
      vertex -8.36 -5 2.5
      vertex -7.86983 -6.86866 2.5
      vertex -7.86 -5.13398 2.5
    endloop
  endfacet
  facet normal 0 0 1
    outer loop
      vertex -8.36 -5 2.5
      vertex -8.85017 -6.86866 2.5
      vertex -7.86983 -6.86866 2.5
    endloop
  endfacet
  facet normal -0 0 1
    outer loop
      vertex -8.86 -5.13398 2.5
      vertex -8.85017 -6.86866 2.5
      vertex -8.36 -5 2.5
    endloop
  endfacet
  facet normal -0 0 1
    outer loop
      vertex -9.22602 -5.5 2.5
      vertex -8.85017 -6.86866 2.5
      vertex -8.86 -5.13398 2.5
    endloop
  endfacet
  facet normal -0 0 1
    outer loop
      vertex -9.22602 -6.5 2.5
      vertex -8.85017 -6.86866 2.5
      vertex -9.22602 -5.5 2.5
    endloop
  endfacet
  facet normal 0 0 1
    outer loop
      vertex -8.85017 -6.86866 2.5
      vertex -9.22602 -6.5 2.5
      vertex -8.86 -6.86602 2.5
    endloop
  endfacet
  facet normal 0 -0 1
    outer loop
      vertex -9.22602 -6.5 2.5
      vertex -9.22602 -5.5 2.5
      vertex -9.36 -6 2.5
    endloop
  endfacet
  facet normal 0 0 -1
    outer loop
      vertex 8.85017 -6.86866 2.5
      vertex 9.42066 -7.06066 2.5
      vertex 8.93402 -7.38582 2.5
    endloop
  endfacet
  facet normal 0 0 -1
    outer loop
      vertex 9.42066 -7.06066 2.5
      vertex 8.85017 -6.86866 2.5
      vertex 9.54895 -6.86866 2.5
    endloop
  endfacet
  facet normal 0 0 -1
    outer loop
      vertex 8.36 -7 2.5
      vertex 8.93402 -7.38582 2.5
      vertex 8.36 -7.5 2.5
    endloop
  endfacet
  facet normal 0 0 -1
    outer loop
      vertex 8.93402 -7.38582 2.5
      vertex 8.36 -7 2.5
      vertex 8.85017 -6.86866 2.5
    endloop
  endfacet
  facet normal 0 0 -1
    outer loop
      vertex 7.78598 -7.38582 2.5
      vertex 8.36 -7 2.5
      vertex 8.36 -7.5 2.5
    endloop
  endfacet
  facet normal -0 0 -1
    outer loop
      vertex 8.36 -7 2.5
      vertex 7.78598 -7.38582 2.5
      vertex 7.86983 -6.86866 2.5
    endloop
  endfacet
  facet normal 0 0 -1
    outer loop
      vertex 7.29934 -7.06066 2.5
      vertex 7.86983 -6.86866 2.5
      vertex 7.78598 -7.38582 2.5
    endloop
  endfacet
  facet normal -0 0 -1
    outer loop
      vertex 7.86983 -6.86866 2.5
      vertex 7.29934 -7.06066 2.5
      vertex 7.17105 -6.86866 2.5
    endloop
  endfacet
  facet normal 0 0 1
    outer loop
      vertex 9.22602 -5.5 2.5
      vertex 9.22602 -6.5 2.5
      vertex 9.36 -6 2.5
    endloop
  endfacet
  facet normal 0 0 1
    outer loop
      vertex 8.86 -5.13398 2.5
      vertex 9.22602 -6.5 2.5
      vertex 9.22602 -5.5 2.5
    endloop
  endfacet
  facet normal 0 0 1
    outer loop
      vertex 8.85017 -6.86866 2.5
      vertex 9.22602 -6.5 2.5
      vertex 8.86 -5.13398 2.5
    endloop
  endfacet
  facet normal 0 0 1
    outer loop
      vertex 9.22602 -6.5 2.5
      vertex 8.85017 -6.86866 2.5
      vertex 8.86 -6.86602 2.5
    endloop
  endfacet
  facet normal 0 0 1
    outer loop
      vertex 8.36 -5 2.5
      vertex 8.85017 -6.86866 2.5
      vertex 8.86 -5.13398 2.5
    endloop
  endfacet
  facet normal 0 0 1
    outer loop
      vertex 8.36 -5 2.5
      vertex 7.86983 -6.86866 2.5
      vertex 8.85017 -6.86866 2.5
    endloop
  endfacet
  facet normal -0 0 1
    outer loop
      vertex 7.86 -5.13398 2.5
      vertex 7.86983 -6.86866 2.5
      vertex 8.36 -5 2.5
    endloop
  endfacet
  facet normal -0 0 1
    outer loop
      vertex 7.49398 -5.5 2.5
      vertex 7.86983 -6.86866 2.5
      vertex 7.86 -5.13398 2.5
    endloop
  endfacet
  facet normal -0 0 1
    outer loop
      vertex 7.49398 -6.5 2.5
      vertex 7.86983 -6.86866 2.5
      vertex 7.49398 -5.5 2.5
    endloop
  endfacet
  facet normal 0 0 1
    outer loop
      vertex 7.86983 -6.86866 2.5
      vertex 7.49398 -6.5 2.5
      vertex 7.86 -6.86602 2.5
    endloop
  endfacet
  facet normal 0 -0 1
    outer loop
      vertex 7.49398 -6.5 2.5
      vertex 7.49398 -5.5 2.5
      vertex 7.36 -6 2.5
    endloop
  endfacet
  facet normal 0 0 -1
    outer loop
      vertex -7.86983 6.86866 2.5
      vertex -7.29934 7.06066 2.5
      vertex -7.17105 6.86866 2.5
    endloop
  endfacet
  facet normal -0 0 -1
    outer loop
      vertex -7.29934 7.06066 2.5
      vertex -7.86983 6.86866 2.5
      vertex -7.78598 7.38582 2.5
    endloop
  endfacet
  facet normal 0 0 -1
    outer loop
      vertex -8.36 7 2.5
      vertex -7.78598 7.38582 2.5
      vertex -7.86983 6.86866 2.5
    endloop
  endfacet
  facet normal 0 0 -1
    outer loop
      vertex -8.36 7 2.5
      vertex -8.36 7.5 2.5
      vertex -7.78598 7.38582 2.5
    endloop
  endfacet
  facet normal 0 0 -1
    outer loop
      vertex -8.93402 7.38582 2.5
      vertex -8.36 7 2.5
      vertex -8.85017 6.86866 2.5
    endloop
  endfacet
  facet normal 0 0 -1
    outer loop
      vertex -8.36 7 2.5
      vertex -8.93402 7.38582 2.5
      vertex -8.36 7.5 2.5
    endloop
  endfacet
  facet normal 0 0 -1
    outer loop
      vertex -8.85017 6.86866 2.5
      vertex -9.42066 7.06066 2.5
      vertex -8.93402 7.38582 2.5
    endloop
  endfacet
  facet normal 0 -0 -1
    outer loop
      vertex -9.42066 7.06066 2.5
      vertex -8.85017 6.86866 2.5
      vertex -9.54895 6.86866 2.5
    endloop
  endfacet
  facet normal 0 0 1
    outer loop
      vertex -7.49398 6.5 2.5
      vertex -7.49398 5.5 2.5
      vertex -7.36 6 2.5
    endloop
  endfacet
  facet normal 0 0 1
    outer loop
      vertex -7.86983 6.86866 2.5
      vertex -7.49398 6.5 2.5
      vertex -7.86 6.86602 2.5
    endloop
  endfacet
  facet normal 0 0 1
    outer loop
      vertex -7.49398 6.5 2.5
      vertex -7.86983 6.86866 2.5
      vertex -7.49398 5.5 2.5
    endloop
  endfacet
  facet normal 0 0 1
    outer loop
      vertex -7.49398 5.5 2.5
      vertex -7.86983 6.86866 2.5
      vertex -7.86 5.13398 2.5
    endloop
  endfacet
  facet normal 0 0 1
    outer loop
      vertex -7.86983 6.86866 2.5
      vertex -8.36 5 2.5
      vertex -7.86 5.13398 2.5
    endloop
  endfacet
  facet normal -0 0 1
    outer loop
      vertex -8.85017 6.86866 2.5
      vertex -8.36 5 2.5
      vertex -7.86983 6.86866 2.5
    endloop
  endfacet
  facet normal 0 0 1
    outer loop
      vertex -9.22602 6.5 2.5
      vertex -8.85017 6.86866 2.5
      vertex -8.86 6.86602 2.5
    endloop
  endfacet
  facet normal 0 0 1
    outer loop
      vertex -8.85017 6.86866 2.5
      vertex -8.86 5.13398 2.5
      vertex -8.36 5 2.5
    endloop
  endfacet
  facet normal 0 0 1
    outer loop
      vertex -8.85017 6.86866 2.5
      vertex -9.22602 6.5 2.5
      vertex -8.86 5.13398 2.5
    endloop
  endfacet
  facet normal 0 0 1
    outer loop
      vertex -9.22602 6.5 2.5
      vertex -9.22602 5.5 2.5
      vertex -8.86 5.13398 2.5
    endloop
  endfacet
  facet normal 0 -0 1
    outer loop
      vertex -9.22602 5.5 2.5
      vertex -9.22602 6.5 2.5
      vertex -9.36 6 2.5
    endloop
  endfacet
  facet normal 0 0 -1
    outer loop
      vertex 8.85017 6.86866 2.5
      vertex 9.42066 7.06066 2.5
      vertex 9.54895 6.86866 2.5
    endloop
  endfacet
  facet normal -0 0 -1
    outer loop
      vertex 9.42066 7.06066 2.5
      vertex 8.85017 6.86866 2.5
      vertex 8.93402 7.38582 2.5
    endloop
  endfacet
  facet normal 0 0 -1
    outer loop
      vertex 8.36 7 2.5
      vertex 8.93402 7.38582 2.5
      vertex 8.85017 6.86866 2.5
    endloop
  endfacet
  facet normal 0 0 -1
    outer loop
      vertex 8.36 7 2.5
      vertex 8.36 7.5 2.5
      vertex 8.93402 7.38582 2.5
    endloop
  endfacet
  facet normal 0 0 -1
    outer loop
      vertex 7.78598 7.38582 2.5
      vertex 8.36 7 2.5
      vertex 7.86983 6.86866 2.5
    endloop
  endfacet
  facet normal 0 0 -1
    outer loop
      vertex 8.36 7 2.5
      vertex 7.78598 7.38582 2.5
      vertex 8.36 7.5 2.5
    endloop
  endfacet
  facet normal 0 0 -1
    outer loop
      vertex 7.86983 6.86866 2.5
      vertex 7.29934 7.06066 2.5
      vertex 7.78598 7.38582 2.5
    endloop
  endfacet
  facet normal 0 -0 -1
    outer loop
      vertex 7.29934 7.06066 2.5
      vertex 7.86983 6.86866 2.5
      vertex 7.17105 6.86866 2.5
    endloop
  endfacet
  facet normal 0 0 1
    outer loop
      vertex 9.22602 6.5 2.5
      vertex 9.22602 5.5 2.5
      vertex 9.36 6 2.5
    endloop
  endfacet
  facet normal 0 0 1
    outer loop
      vertex 8.85017 6.86866 2.5
      vertex 9.22602 6.5 2.5
      vertex 8.86 6.86602 2.5
    endloop
  endfacet
  facet normal 0 0 1
    outer loop
      vertex 9.22602 6.5 2.5
      vertex 8.85017 6.86866 2.5
      vertex 9.22602 5.5 2.5
    endloop
  endfacet
  facet normal 0 0 1
    outer loop
      vertex 9.22602 5.5 2.5
      vertex 8.85017 6.86866 2.5
      vertex 8.86 5.13398 2.5
    endloop
  endfacet
  facet normal 0 0 1
    outer loop
      vertex 8.85017 6.86866 2.5
      vertex 8.36 5 2.5
      vertex 8.86 5.13398 2.5
    endloop
  endfacet
  facet normal -0 0 1
    outer loop
      vertex 7.86983 6.86866 2.5
      vertex 8.36 5 2.5
      vertex 8.85017 6.86866 2.5
    endloop
  endfacet
  facet normal 0 0 1
    outer loop
      vertex 7.49398 6.5 2.5
      vertex 7.86983 6.86866 2.5
      vertex 7.86 6.86602 2.5
    endloop
  endfacet
  facet normal 0 0 1
    outer loop
      vertex 7.86983 6.86866 2.5
      vertex 7.86 5.13398 2.5
      vertex 8.36 5 2.5
    endloop
  endfacet
  facet normal 0 0 1
    outer loop
      vertex 7.86983 6.86866 2.5
      vertex 7.49398 6.5 2.5
      vertex 7.86 5.13398 2.5
    endloop
  endfacet
  facet normal 0 0 1
    outer loop
      vertex 7.49398 6.5 2.5
      vertex 7.49398 5.5 2.5
      vertex 7.86 5.13398 2.5
    endloop
  endfacet
  facet normal 0 -0 1
    outer loop
      vertex 7.49398 5.5 2.5
      vertex 7.49398 6.5 2.5
      vertex 7.36 6 2.5
    endloop
  endfacet
  facet normal 0 0 1
    outer loop
      vertex -33.014 -7 2.5
      vertex -33.014 -8 2.5
      vertex -32.88 -7.5 2.5
    endloop
  endfacet
  facet normal 0 0 1
    outer loop
      vertex -33.38 -6.63398 2.5
      vertex -33.014 -8 2.5
      vertex -33.014 -7 2.5
    endloop
  endfacet
  facet normal 0 0 1
    outer loop
      vertex -33.38 -6.63398 2.5
      vertex -33.38 -8.36602 2.5
      vertex -33.014 -8 2.5
    endloop
  endfacet
  facet normal 0 0 1
    outer loop
      vertex -33.88 -6.5 2.5
      vertex -33.38 -8.36602 2.5
      vertex -33.38 -6.63398 2.5
    endloop
  endfacet
  facet normal 0 0 1
    outer loop
      vertex -33.88 -6.5 2.5
      vertex -33.88 -8.5 2.5
      vertex -33.38 -8.36602 2.5
    endloop
  endfacet
  facet normal -0 0 1
    outer loop
      vertex -34.38 -6.63398 2.5
      vertex -33.88 -8.5 2.5
      vertex -33.88 -6.5 2.5
    endloop
  endfacet
  facet normal 0 0 1
    outer loop
      vertex -34.38 -6.63398 2.5
      vertex -34.38 -8.36602 2.5
      vertex -33.88 -8.5 2.5
    endloop
  endfacet
  facet normal -0 0 1
    outer loop
      vertex -34.746 -7 2.5
      vertex -34.38 -8.36602 2.5
      vertex -34.38 -6.63398 2.5
    endloop
  endfacet
  facet normal 0 0 1
    outer loop
      vertex -34.746 -7 2.5
      vertex -34.746 -8 2.5
      vertex -34.38 -8.36602 2.5
    endloop
  endfacet
  facet normal 0 -0 1
    outer loop
      vertex -34.746 -8 2.5
      vertex -34.746 -7 2.5
      vertex -34.88 -7.5 2.5
    endloop
  endfacet
  facet normal 0 0 1
    outer loop
      vertex -13.494 -7 2.5
      vertex -13.494 -8 2.5
      vertex -13.36 -7.5 2.5
    endloop
  endfacet
  facet normal 0 0 1
    outer loop
      vertex -13.86 -6.63398 2.5
      vertex -13.494 -8 2.5
      vertex -13.494 -7 2.5
    endloop
  endfacet
  facet normal 0 0 1
    outer loop
      vertex -13.86 -6.63398 2.5
      vertex -13.86 -8.36602 2.5
      vertex -13.494 -8 2.5
    endloop
  endfacet
  facet normal 0 0 1
    outer loop
      vertex -14.36 -6.5 2.5
      vertex -13.86 -8.36602 2.5
      vertex -13.86 -6.63398 2.5
    endloop
  endfacet
  facet normal 0 0 1
    outer loop
      vertex -14.36 -6.5 2.5
      vertex -14.36 -8.5 2.5
      vertex -13.86 -8.36602 2.5
    endloop
  endfacet
  facet normal -0 0 1
    outer loop
      vertex -14.86 -6.63398 2.5
      vertex -14.36 -8.5 2.5
      vertex -14.36 -6.5 2.5
    endloop
  endfacet
  facet normal 0 0 1
    outer loop
      vertex -14.86 -6.63398 2.5
      vertex -14.86 -8.36602 2.5
      vertex -14.36 -8.5 2.5
    endloop
  endfacet
  facet normal -0 0 1
    outer loop
      vertex -15.226 -7 2.5
      vertex -14.86 -8.36602 2.5
      vertex -14.86 -6.63398 2.5
    endloop
  endfacet
  facet normal 0 0 1
    outer loop
      vertex -15.226 -7 2.5
      vertex -15.226 -8 2.5
      vertex -14.86 -8.36602 2.5
    endloop
  endfacet
  facet normal 0 -0 1
    outer loop
      vertex -15.226 -8 2.5
      vertex -15.226 -7 2.5
      vertex -15.36 -7.5 2.5
    endloop
  endfacet
  facet normal 0 0 1
    outer loop
      vertex -33.014 8 2.5
      vertex -33.014 7 2.5
      vertex -32.88 7.5 2.5
    endloop
  endfacet
  facet normal 0 0 1
    outer loop
      vertex -33.38 8.36602 2.5
      vertex -33.014 7 2.5
      vertex -33.014 8 2.5
    endloop
  endfacet
  facet normal 0 0 1
    outer loop
      vertex -33.38 8.36602 2.5
      vertex -33.38 6.63398 2.5
      vertex -33.014 7 2.5
    endloop
  endfacet
  facet normal 0 0 1
    outer loop
      vertex -33.88 8.5 2.5
      vertex -33.38 6.63398 2.5
      vertex -33.38 8.36602 2.5
    endloop
  endfacet
  facet normal 0 0 1
    outer loop
      vertex -33.88 8.5 2.5
      vertex -33.88 6.5 2.5
      vertex -33.38 6.63398 2.5
    endloop
  endfacet
  facet normal -0 0 1
    outer loop
      vertex -34.38 8.36602 2.5
      vertex -33.88 6.5 2.5
      vertex -33.88 8.5 2.5
    endloop
  endfacet
  facet normal 0 0 1
    outer loop
      vertex -34.38 8.36602 2.5
      vertex -34.38 6.63398 2.5
      vertex -33.88 6.5 2.5
    endloop
  endfacet
  facet normal -0 0 1
    outer loop
      vertex -34.746 8 2.5
      vertex -34.38 6.63398 2.5
      vertex -34.38 8.36602 2.5
    endloop
  endfacet
  facet normal 0 0 1
    outer loop
      vertex -34.746 8 2.5
      vertex -34.746 7 2.5
      vertex -34.38 6.63398 2.5
    endloop
  endfacet
  facet normal 0 -0 1
    outer loop
      vertex -34.746 7 2.5
      vertex -34.746 8 2.5
      vertex -34.88 7.5 2.5
    endloop
  endfacet
  facet normal 0 0 1
    outer loop
      vertex -13.494 8 2.5
      vertex -13.494 7 2.5
      vertex -13.36 7.5 2.5
    endloop
  endfacet
  facet normal 0 0 1
    outer loop
      vertex -13.86 8.36602 2.5
      vertex -13.494 7 2.5
      vertex -13.494 8 2.5
    endloop
  endfacet
  facet normal 0 0 1
    outer loop
      vertex -13.86 8.36602 2.5
      vertex -13.86 6.63398 2.5
      vertex -13.494 7 2.5
    endloop
  endfacet
  facet normal 0 0 1
    outer loop
      vertex -14.36 8.5 2.5
      vertex -13.86 6.63398 2.5
      vertex -13.86 8.36602 2.5
    endloop
  endfacet
  facet normal 0 0 1
    outer loop
      vertex -14.36 8.5 2.5
      vertex -14.36 6.5 2.5
      vertex -13.86 6.63398 2.5
    endloop
  endfacet
  facet normal -0 0 1
    outer loop
      vertex -14.86 8.36602 2.5
      vertex -14.36 6.5 2.5
      vertex -14.36 8.5 2.5
    endloop
  endfacet
  facet normal 0 0 1
    outer loop
      vertex -14.86 8.36602 2.5
      vertex -14.86 6.63398 2.5
      vertex -14.36 6.5 2.5
    endloop
  endfacet
  facet normal -0 0 1
    outer loop
      vertex -15.226 8 2.5
      vertex -14.86 6.63398 2.5
      vertex -14.86 8.36602 2.5
    endloop
  endfacet
  facet normal 0 0 1
    outer loop
      vertex -15.226 8 2.5
      vertex -15.226 7 2.5
      vertex -14.86 6.63398 2.5
    endloop
  endfacet
  facet normal 0 -0 1
    outer loop
      vertex -15.226 7 2.5
      vertex -15.226 8 2.5
      vertex -15.36 7.5 2.5
    endloop
  endfacet
  facet normal 0 0 1
    outer loop
      vertex 15.226 -7 2.5
      vertex 15.226 -8 2.5
      vertex 15.36 -7.5 2.5
    endloop
  endfacet
  facet normal 0 0 1
    outer loop
      vertex 14.86 -6.63398 2.5
      vertex 15.226 -8 2.5
      vertex 15.226 -7 2.5
    endloop
  endfacet
  facet normal 0 0 1
    outer loop
      vertex 14.86 -6.63398 2.5
      vertex 14.86 -8.36602 2.5
      vertex 15.226 -8 2.5
    endloop
  endfacet
  facet normal 0 0 1
    outer loop
      vertex 14.36 -6.5 2.5
      vertex 14.86 -8.36602 2.5
      vertex 14.86 -6.63398 2.5
    endloop
  endfacet
  facet normal 0 0 1
    outer loop
      vertex 14.36 -6.5 2.5
      vertex 14.36 -8.5 2.5
      vertex 14.86 -8.36602 2.5
    endloop
  endfacet
  facet normal -0 0 1
    outer loop
      vertex 13.86 -6.63398 2.5
      vertex 14.36 -8.5 2.5
      vertex 14.36 -6.5 2.5
    endloop
  endfacet
  facet normal 0 0 1
    outer loop
      vertex 13.86 -6.63398 2.5
      vertex 13.86 -8.36602 2.5
      vertex 14.36 -8.5 2.5
    endloop
  endfacet
  facet normal -0 0 1
    outer loop
      vertex 13.494 -7 2.5
      vertex 13.86 -8.36602 2.5
      vertex 13.86 -6.63398 2.5
    endloop
  endfacet
  facet normal 0 0 1
    outer loop
      vertex 13.494 -7 2.5
      vertex 13.494 -8 2.5
      vertex 13.86 -8.36602 2.5
    endloop
  endfacet
  facet normal 0 -0 1
    outer loop
      vertex 13.494 -8 2.5
      vertex 13.494 -7 2.5
      vertex 13.36 -7.5 2.5
    endloop
  endfacet
  facet normal 0 0 1
    outer loop
      vertex 35.226 -7 2.5
      vertex 35.226 -8 2.5
      vertex 35.36 -7.5 2.5
    endloop
  endfacet
  facet normal 0 0 1
    outer loop
      vertex 34.86 -6.63398 2.5
      vertex 35.226 -8 2.5
      vertex 35.226 -7 2.5
    endloop
  endfacet
  facet normal 0 0 1
    outer loop
      vertex 34.86 -6.63398 2.5
      vertex 34.86 -8.36602 2.5
      vertex 35.226 -8 2.5
    endloop
  endfacet
  facet normal 0 0 1
    outer loop
      vertex 34.36 -6.5 2.5
      vertex 34.86 -8.36602 2.5
      vertex 34.86 -6.63398 2.5
    endloop
  endfacet
  facet normal 0 0 1
    outer loop
      vertex 34.36 -6.5 2.5
      vertex 34.36 -8.5 2.5
      vertex 34.86 -8.36602 2.5
    endloop
  endfacet
  facet normal -0 0 1
    outer loop
      vertex 33.86 -6.63398 2.5
      vertex 34.36 -8.5 2.5
      vertex 34.36 -6.5 2.5
    endloop
  endfacet
  facet normal 0 0 1
    outer loop
      vertex 33.86 -6.63398 2.5
      vertex 33.86 -8.36602 2.5
      vertex 34.36 -8.5 2.5
    endloop
  endfacet
  facet normal -0 0 1
    outer loop
      vertex 33.494 -7 2.5
      vertex 33.86 -8.36602 2.5
      vertex 33.86 -6.63398 2.5
    endloop
  endfacet
  facet normal 0 0 1
    outer loop
      vertex 33.494 -7 2.5
      vertex 33.494 -8 2.5
      vertex 33.86 -8.36602 2.5
    endloop
  endfacet
  facet normal 0 -0 1
    outer loop
      vertex 33.494 -8 2.5
      vertex 33.494 -7 2.5
      vertex 33.36 -7.5 2.5
    endloop
  endfacet
  facet normal 0 0 1
    outer loop
      vertex 15.226 8 2.5
      vertex 15.226 7 2.5
      vertex 15.36 7.5 2.5
    endloop
  endfacet
  facet normal 0 0 1
    outer loop
      vertex 14.86 8.36602 2.5
      vertex 15.226 7 2.5
      vertex 15.226 8 2.5
    endloop
  endfacet
  facet normal 0 0 1
    outer loop
      vertex 14.86 8.36602 2.5
      vertex 14.86 6.63398 2.5
      vertex 15.226 7 2.5
    endloop
  endfacet
  facet normal 0 0 1
    outer loop
      vertex 14.36 8.5 2.5
      vertex 14.86 6.63398 2.5
      vertex 14.86 8.36602 2.5
    endloop
  endfacet
  facet normal 0 0 1
    outer loop
      vertex 14.36 8.5 2.5
      vertex 14.36 6.5 2.5
      vertex 14.86 6.63398 2.5
    endloop
  endfacet
  facet normal -0 0 1
    outer loop
      vertex 13.86 8.36602 2.5
      vertex 14.36 6.5 2.5
      vertex 14.36 8.5 2.5
    endloop
  endfacet
  facet normal 0 0 1
    outer loop
      vertex 13.86 8.36602 2.5
      vertex 13.86 6.63398 2.5
      vertex 14.36 6.5 2.5
    endloop
  endfacet
  facet normal -0 0 1
    outer loop
      vertex 13.494 8 2.5
      vertex 13.86 6.63398 2.5
      vertex 13.86 8.36602 2.5
    endloop
  endfacet
  facet normal 0 0 1
    outer loop
      vertex 13.494 8 2.5
      vertex 13.494 7 2.5
      vertex 13.86 6.63398 2.5
    endloop
  endfacet
  facet normal 0 -0 1
    outer loop
      vertex 13.494 7 2.5
      vertex 13.494 8 2.5
      vertex 13.36 7.5 2.5
    endloop
  endfacet
  facet normal 0 0 1
    outer loop
      vertex 35.226 8 2.5
      vertex 35.226 7 2.5
      vertex 35.36 7.5 2.5
    endloop
  endfacet
  facet normal 0 0 1
    outer loop
      vertex 34.86 8.36602 2.5
      vertex 35.226 7 2.5
      vertex 35.226 8 2.5
    endloop
  endfacet
  facet normal 0 0 1
    outer loop
      vertex 34.86 8.36602 2.5
      vertex 34.86 6.63398 2.5
      vertex 35.226 7 2.5
    endloop
  endfacet
  facet normal 0 0 1
    outer loop
      vertex 34.36 8.5 2.5
      vertex 34.86 6.63398 2.5
      vertex 34.86 8.36602 2.5
    endloop
  endfacet
  facet normal 0 0 1
    outer loop
      vertex 34.36 8.5 2.5
      vertex 34.36 6.5 2.5
      vertex 34.86 6.63398 2.5
    endloop
  endfacet
  facet normal -0 0 1
    outer loop
      vertex 33.86 8.36602 2.5
      vertex 34.36 6.5 2.5
      vertex 34.36 8.5 2.5
    endloop
  endfacet
  facet normal 0 0 1
    outer loop
      vertex 33.86 8.36602 2.5
      vertex 33.86 6.63398 2.5
      vertex 34.36 6.5 2.5
    endloop
  endfacet
  facet normal -0 0 1
    outer loop
      vertex 33.494 8 2.5
      vertex 33.86 6.63398 2.5
      vertex 33.86 8.36602 2.5
    endloop
  endfacet
  facet normal 0 0 1
    outer loop
      vertex 33.494 8 2.5
      vertex 33.494 7 2.5
      vertex 33.86 6.63398 2.5
    endloop
  endfacet
  facet normal 0 -0 1
    outer loop
      vertex 33.494 7 2.5
      vertex 33.494 8 2.5
      vertex 33.36 7.5 2.5
    endloop
  endfacet
  facet normal 0 0 1
    outer loop
      vertex -28.87 -27.87 2.5
      vertex -27.87 -28.87 2.5
      vertex -27.8755 -28.7655 2.5
    endloop
  endfacet
  facet normal 0 0 1
    outer loop
      vertex -27.87 -28.87 2.5
      vertex -28.87 -27.87 2.5
      vertex -27.87 -48.37 2.5
    endloop
  endfacet
  facet normal 0 0 1
    outer loop
      vertex -28.87 -27.87 2.5
      vertex -27.8755 -28.7655 2.5
      vertex -27.8919 -28.6621 2.5
    endloop
  endfacet
  facet normal 0 0 1
    outer loop
      vertex -28.87 -49.37 2.5
      vertex -27.87 -48.37 2.5
      vertex -28.87 -27.87 2.5
    endloop
  endfacet
  facet normal 0 0 1
    outer loop
      vertex -28.87 -27.87 2.5
      vertex -27.8919 -28.6621 2.5
      vertex -27.9189 -28.561 2.5
    endloop
  endfacet
  facet normal 0 0 1
    outer loop
      vertex -27.87 -48.37 2.5
      vertex -28.87 -49.37 2.5
      vertex -27.8755 -48.4745 2.5
    endloop
  endfacet
  facet normal 0 0 1
    outer loop
      vertex -28.87 -27.87 2.5
      vertex -27.9189 -28.561 2.5
      vertex -27.9565 -28.4633 2.5
    endloop
  endfacet
  facet normal 0 0 1
    outer loop
      vertex -27.8755 -48.4745 2.5
      vertex -28.87 -49.37 2.5
      vertex -27.8919 -48.5779 2.5
    endloop
  endfacet
  facet normal 0 0 1
    outer loop
      vertex -28.87 -27.87 2.5
      vertex -27.9565 -28.4633 2.5
      vertex -28.004 -28.37 2.5
    endloop
  endfacet
  facet normal 0 0 1
    outer loop
      vertex -27.8919 -48.5779 2.5
      vertex -28.87 -49.37 2.5
      vertex -27.9189 -48.679 2.5
    endloop
  endfacet
  facet normal 0 0 1
    outer loop
      vertex -28.87 -27.87 2.5
      vertex -28.004 -28.37 2.5
      vertex -28.061 -28.2822 2.5
    endloop
  endfacet
  facet normal 0 0 1
    outer loop
      vertex -27.9189 -48.679 2.5
      vertex -28.87 -49.37 2.5
      vertex -27.9565 -48.7767 2.5
    endloop
  endfacet
  facet normal 0 0 1
    outer loop
      vertex -28.87 -27.87 2.5
      vertex -28.061 -28.2822 2.5
      vertex -28.1269 -28.2009 2.5
    endloop
  endfacet
  facet normal 0 0 1
    outer loop
      vertex -27.9565 -48.7767 2.5
      vertex -28.87 -49.37 2.5
      vertex -28.004 -48.87 2.5
    endloop
  endfacet
  facet normal 0 0 1
    outer loop
      vertex -28.87 -27.87 2.5
      vertex -28.1269 -28.2009 2.5
      vertex -28.2009 -28.1269 2.5
    endloop
  endfacet
  facet normal 0 0 1
    outer loop
      vertex -28.004 -48.87 2.5
      vertex -28.87 -49.37 2.5
      vertex -28.061 -48.9578 2.5
    endloop
  endfacet
  facet normal 0 0 1
    outer loop
      vertex -28.87 -27.87 2.5
      vertex -28.2009 -28.1269 2.5
      vertex -28.2822 -28.061 2.5
    endloop
  endfacet
  facet normal 0 0 1
    outer loop
      vertex -28.061 -48.9578 2.5
      vertex -28.87 -49.37 2.5
      vertex -28.1269 -49.0391 2.5
    endloop
  endfacet
  facet normal 0 0 1
    outer loop
      vertex -28.87 -27.87 2.5
      vertex -28.2822 -28.061 2.5
      vertex -28.37 -28.004 2.5
    endloop
  endfacet
  facet normal 0 0 1
    outer loop
      vertex -28.1269 -49.0391 2.5
      vertex -28.87 -49.37 2.5
      vertex -28.2009 -49.1131 2.5
    endloop
  endfacet
  facet normal 0 0 1
    outer loop
      vertex -28.87 -27.87 2.5
      vertex -28.37 -28.004 2.5
      vertex -28.4633 -27.9565 2.5
    endloop
  endfacet
  facet normal 0 0 1
    outer loop
      vertex -28.2009 -49.1131 2.5
      vertex -28.87 -49.37 2.5
      vertex -28.2822 -49.179 2.5
    endloop
  endfacet
  facet normal 0 0 1
    outer loop
      vertex -28.87 -27.87 2.5
      vertex -28.4633 -27.9565 2.5
      vertex -28.561 -27.9189 2.5
    endloop
  endfacet
  facet normal 0 0 1
    outer loop
      vertex -28.2822 -49.179 2.5
      vertex -28.87 -49.37 2.5
      vertex -28.37 -49.236 2.5
    endloop
  endfacet
  facet normal 0 0 1
    outer loop
      vertex -28.87 -27.87 2.5
      vertex -28.561 -27.9189 2.5
      vertex -28.6621 -27.8919 2.5
    endloop
  endfacet
  facet normal 0 0 1
    outer loop
      vertex -28.37 -49.236 2.5
      vertex -28.87 -49.37 2.5
      vertex -28.4633 -49.2835 2.5
    endloop
  endfacet
  facet normal 0 0 1
    outer loop
      vertex -28.87 -27.87 2.5
      vertex -28.6621 -27.8919 2.5
      vertex -28.7655 -27.8755 2.5
    endloop
  endfacet
  facet normal 0 0 1
    outer loop
      vertex -28.4633 -49.2835 2.5
      vertex -28.87 -49.37 2.5
      vertex -28.561 -49.3211 2.5
    endloop
  endfacet
  facet normal 0 0 1
    outer loop
      vertex -28.561 -49.3211 2.5
      vertex -28.87 -49.37 2.5
      vertex -28.6621 -49.3481 2.5
    endloop
  endfacet
  facet normal 0 0 1
    outer loop
      vertex -28.6621 -49.3481 2.5
      vertex -28.87 -49.37 2.5
      vertex -28.7655 -49.3645 2.5
    endloop
  endfacet
  facet normal -0 0 1
    outer loop
      vertex -48.37 -27.87 2.5
      vertex -28.87 -49.37 2.5
      vertex -28.87 -27.87 2.5
    endloop
  endfacet
  facet normal 0 0 1
    outer loop
      vertex -48.37 -27.87 2.5
      vertex -48.37 -49.37 2.5
      vertex -28.87 -49.37 2.5
    endloop
  endfacet
  facet normal 0 0 1
    outer loop
      vertex -49.37 -28.87 2.5
      vertex -48.37 -27.87 2.5
      vertex -48.4745 -27.8755 2.5
    endloop
  endfacet
  facet normal 0 0 1
    outer loop
      vertex -48.37 -27.87 2.5
      vertex -49.37 -28.87 2.5
      vertex -48.37 -49.37 2.5
    endloop
  endfacet
  facet normal 0 0 1
    outer loop
      vertex -49.37 -28.87 2.5
      vertex -48.4745 -27.8755 2.5
      vertex -48.5779 -27.8919 2.5
    endloop
  endfacet
  facet normal -0 0 1
    outer loop
      vertex -49.37 -48.37 2.5
      vertex -48.37 -49.37 2.5
      vertex -49.37 -28.87 2.5
    endloop
  endfacet
  facet normal 0 0 1
    outer loop
      vertex -49.37 -28.87 2.5
      vertex -48.5779 -27.8919 2.5
      vertex -48.679 -27.9189 2.5
    endloop
  endfacet
  facet normal 0 0 1
    outer loop
      vertex -48.37 -49.37 2.5
      vertex -49.37 -48.37 2.5
      vertex -48.4745 -49.3645 2.5
    endloop
  endfacet
  facet normal 0 0 1
    outer loop
      vertex -49.37 -28.87 2.5
      vertex -48.679 -27.9189 2.5
      vertex -48.7767 -27.9565 2.5
    endloop
  endfacet
  facet normal 0 0 1
    outer loop
      vertex -48.4745 -49.3645 2.5
      vertex -49.37 -48.37 2.5
      vertex -48.5779 -49.3481 2.5
    endloop
  endfacet
  facet normal 0 0 1
    outer loop
      vertex -49.37 -28.87 2.5
      vertex -48.7767 -27.9565 2.5
      vertex -48.87 -28.004 2.5
    endloop
  endfacet
  facet normal 0 0 1
    outer loop
      vertex -48.5779 -49.3481 2.5
      vertex -49.37 -48.37 2.5
      vertex -48.679 -49.3211 2.5
    endloop
  endfacet
  facet normal 0 0 1
    outer loop
      vertex -49.37 -28.87 2.5
      vertex -48.87 -28.004 2.5
      vertex -48.9578 -28.061 2.5
    endloop
  endfacet
  facet normal 0 0 1
    outer loop
      vertex -48.679 -49.3211 2.5
      vertex -49.37 -48.37 2.5
      vertex -48.7767 -49.2835 2.5
    endloop
  endfacet
  facet normal 0 0 1
    outer loop
      vertex -49.37 -28.87 2.5
      vertex -48.9578 -28.061 2.5
      vertex -49.0391 -28.1269 2.5
    endloop
  endfacet
  facet normal 0 0 1
    outer loop
      vertex -48.7767 -49.2835 2.5
      vertex -49.37 -48.37 2.5
      vertex -48.87 -49.236 2.5
    endloop
  endfacet
  facet normal 0 0 1
    outer loop
      vertex -49.37 -28.87 2.5
      vertex -49.0391 -28.1269 2.5
      vertex -49.1131 -28.2009 2.5
    endloop
  endfacet
  facet normal 0 0 1
    outer loop
      vertex -48.87 -49.236 2.5
      vertex -49.37 -48.37 2.5
      vertex -48.9578 -49.179 2.5
    endloop
  endfacet
  facet normal 0 0 1
    outer loop
      vertex -49.37 -28.87 2.5
      vertex -49.1131 -28.2009 2.5
      vertex -49.179 -28.2822 2.5
    endloop
  endfacet
  facet normal 0 0 1
    outer loop
      vertex -48.9578 -49.179 2.5
      vertex -49.37 -48.37 2.5
      vertex -49.0391 -49.1131 2.5
    endloop
  endfacet
  facet normal 0 0 1
    outer loop
      vertex -49.37 -28.87 2.5
      vertex -49.179 -28.2822 2.5
      vertex -49.236 -28.37 2.5
    endloop
  endfacet
  facet normal 0 0 1
    outer loop
      vertex -49.0391 -49.1131 2.5
      vertex -49.37 -48.37 2.5
      vertex -49.1131 -49.0391 2.5
    endloop
  endfacet
  facet normal 0 0 1
    outer loop
      vertex -49.37 -28.87 2.5
      vertex -49.236 -28.37 2.5
      vertex -49.2835 -28.4633 2.5
    endloop
  endfacet
  facet normal 0 0 1
    outer loop
      vertex -49.1131 -49.0391 2.5
      vertex -49.37 -48.37 2.5
      vertex -49.179 -48.9578 2.5
    endloop
  endfacet
  facet normal 0 0 1
    outer loop
      vertex -49.37 -28.87 2.5
      vertex -49.2835 -28.4633 2.5
      vertex -49.3211 -28.561 2.5
    endloop
  endfacet
  facet normal 0 0 1
    outer loop
      vertex -49.179 -48.9578 2.5
      vertex -49.37 -48.37 2.5
      vertex -49.236 -48.87 2.5
    endloop
  endfacet
  facet normal 0 0 1
    outer loop
      vertex -49.37 -28.87 2.5
      vertex -49.3211 -28.561 2.5
      vertex -49.3481 -28.6621 2.5
    endloop
  endfacet
  facet normal 0 0 1
    outer loop
      vertex -49.236 -48.87 2.5
      vertex -49.37 -48.37 2.5
      vertex -49.2835 -48.7767 2.5
    endloop
  endfacet
  facet normal 0 0 1
    outer loop
      vertex -49.37 -28.87 2.5
      vertex -49.3481 -28.6621 2.5
      vertex -49.3645 -28.7655 2.5
    endloop
  endfacet
  facet normal 0 0 1
    outer loop
      vertex -49.2835 -48.7767 2.5
      vertex -49.37 -48.37 2.5
      vertex -49.3211 -48.679 2.5
    endloop
  endfacet
  facet normal 0 0 1
    outer loop
      vertex -49.3211 -48.679 2.5
      vertex -49.37 -48.37 2.5
      vertex -49.3481 -48.5779 2.5
    endloop
  endfacet
  facet normal 0 0 1
    outer loop
      vertex -49.3481 -48.5779 2.5
      vertex -49.37 -48.37 2.5
      vertex -49.3645 -48.4745 2.5
    endloop
  endfacet
  facet normal 0 0 1
    outer loop
      vertex -15.4207 6.43934 2.5
      vertex -32.8193 6.43934 2.5
      vertex -15.4207 -6.43934 2.5
    endloop
  endfacet
  facet normal 0 0 1
    outer loop
      vertex -15.4207 -6.43934 2.5
      vertex -32.4942 -6.92598 2.5
      vertex -32.38 -7.5 2.5
    endloop
  endfacet
  facet normal 0 0 1
    outer loop
      vertex -32.8193 -6.43934 2.5
      vertex -15.4207 -6.43934 2.5
      vertex -32.8193 6.43934 2.5
    endloop
  endfacet
  facet normal 0 0 1
    outer loop
      vertex -15.4207 -6.43934 2.5
      vertex -32.8193 -6.43934 2.5
      vertex -32.4942 -6.92598 2.5
    endloop
  endfacet
  facet normal -0 0 1
    outer loop
      vertex -33.306 6.11418 2.5
      vertex -32.8193 -6.43934 2.5
      vertex -32.8193 6.43934 2.5
    endloop
  endfacet
  facet normal 0 0 1
    outer loop
      vertex -33.306 6.11418 2.5
      vertex -33.306 -6.11418 2.5
      vertex -32.8193 -6.43934 2.5
    endloop
  endfacet
  facet normal -0 0 1
    outer loop
      vertex -33.88 6 2.5
      vertex -33.306 -6.11418 2.5
      vertex -33.306 6.11418 2.5
    endloop
  endfacet
  facet normal 0 0 1
    outer loop
      vertex -33.88 6 2.5
      vertex -33.88 -6 2.5
      vertex -33.306 -6.11418 2.5
    endloop
  endfacet
  facet normal 0 0 1
    outer loop
      vertex -34.454 6.11418 2.5
      vertex -33.88 -6 2.5
      vertex -33.88 6 2.5
    endloop
  endfacet
  facet normal 0 0 1
    outer loop
      vertex -34.454 6.11418 2.5
      vertex -34.454 -6.11418 2.5
      vertex -33.88 -6 2.5
    endloop
  endfacet
  facet normal 0 0 1
    outer loop
      vertex -34.9407 6.43934 2.5
      vertex -34.454 -6.11418 2.5
      vertex -34.454 6.11418 2.5
    endloop
  endfacet
  facet normal 0 0 1
    outer loop
      vertex -34.9407 6.43934 2.5
      vertex -34.9407 -6.43934 2.5
      vertex -34.454 -6.11418 2.5
    endloop
  endfacet
  facet normal 0 0 1
    outer loop
      vertex -35.2658 6.92598 2.5
      vertex -34.9407 -6.43934 2.5
      vertex -34.9407 6.43934 2.5
    endloop
  endfacet
  facet normal 0 0 1
    outer loop
      vertex -35.2658 6.92598 2.5
      vertex -35.2658 -6.92598 2.5
      vertex -34.9407 -6.43934 2.5
    endloop
  endfacet
  facet normal 0 0 1
    outer loop
      vertex -50.37 -26.504 2.5
      vertex -35.2658 6.92598 2.5
      vertex -35.38 7.5 2.5
    endloop
  endfacet
  facet normal 0 0 1
    outer loop
      vertex -35.2658 6.92598 2.5
      vertex -50.37 -26.504 2.5
      vertex -35.2658 -6.92598 2.5
    endloop
  endfacet
  facet normal 0 0 1
    outer loop
      vertex -9.74582 5.42598 2.5
      vertex -13.786 6.11418 2.5
      vertex -9.42066 4.93934 2.5
    endloop
  endfacet
  facet normal 0 0 1
    outer loop
      vertex -9.42066 -4.93934 2.5
      vertex -12.9742 -6.92598 2.5
      vertex -12.86 -7.5 2.5
    endloop
  endfacet
  facet normal -0 0 1
    outer loop
      vertex -14.36 6 2.5
      vertex -9.42066 4.93934 2.5
      vertex -13.786 6.11418 2.5
    endloop
  endfacet
  facet normal 0 0 1
    outer loop
      vertex -9.42066 -4.93934 2.5
      vertex -13.2993 -6.43934 2.5
      vertex -12.9742 -6.92598 2.5
    endloop
  endfacet
  facet normal 0 0 1
    outer loop
      vertex -9.42066 4.93934 2.5
      vertex -14.36 6 2.5
      vertex -9.42066 -4.93934 2.5
    endloop
  endfacet
  facet normal 0 0 1
    outer loop
      vertex -9.42066 -4.93934 2.5
      vertex -13.786 -6.11418 2.5
      vertex -13.2993 -6.43934 2.5
    endloop
  endfacet
  facet normal 0 0 1
    outer loop
      vertex -14.36 -6 2.5
      vertex -9.42066 -4.93934 2.5
      vertex -14.36 6 2.5
    endloop
  endfacet
  facet normal 0 0 1
    outer loop
      vertex -9.42066 -4.93934 2.5
      vertex -14.36 -6 2.5
      vertex -13.786 -6.11418 2.5
    endloop
  endfacet
  facet normal 0 0 1
    outer loop
      vertex -14.934 6.11418 2.5
      vertex -14.36 -6 2.5
      vertex -14.36 6 2.5
    endloop
  endfacet
  facet normal 0 0 1
    outer loop
      vertex -14.934 6.11418 2.5
      vertex -14.934 -6.11418 2.5
      vertex -14.36 -6 2.5
    endloop
  endfacet
  facet normal 0 0 1
    outer loop
      vertex -15.4207 6.43934 2.5
      vertex -14.934 -6.11418 2.5
      vertex -14.934 6.11418 2.5
    endloop
  endfacet
  facet normal 0 0 1
    outer loop
      vertex -15.4207 6.43934 2.5
      vertex -15.4207 -6.43934 2.5
      vertex -14.934 -6.11418 2.5
    endloop
  endfacet
  facet normal 0 0 1
    outer loop
      vertex -32.4942 6.92598 2.5
      vertex -15.7458 6.92598 2.5
      vertex -32.38 7.5 2.5
    endloop
  endfacet
  facet normal 0 0 1
    outer loop
      vertex -15.7458 6.92598 2.5
      vertex -32.4942 6.92598 2.5
      vertex -15.4207 6.43934 2.5
    endloop
  endfacet
  facet normal -0 0 1
    outer loop
      vertex -32.38 7.5 2.5
      vertex -15.7458 6.92598 2.5
      vertex -15.86 7.5 2.5
    endloop
  endfacet
  facet normal 0 0 1
    outer loop
      vertex -32.8193 6.43934 2.5
      vertex -15.4207 6.43934 2.5
      vertex -32.4942 6.92598 2.5
    endloop
  endfacet
  facet normal 0 0 1
    outer loop
      vertex -27.061 -26.4189 2.5
      vertex -32.8193 -8.56066 2.5
      vertex -27.1621 -26.3919 2.5
    endloop
  endfacet
  facet normal 0 0 1
    outer loop
      vertex -27.1621 -26.3919 2.5
      vertex -32.8193 -8.56066 2.5
      vertex -27.2655 -26.3755 2.5
    endloop
  endfacet
  facet normal 0 0 1
    outer loop
      vertex -27.2655 -26.3755 2.5
      vertex -32.8193 -8.56066 2.5
      vertex -27.37 -26.37 2.5
    endloop
  endfacet
  facet normal -0 0 1
    outer loop
      vertex -33.306 -8.88582 2.5
      vertex -27.37 -26.37 2.5
      vertex -32.8193 -8.56066 2.5
    endloop
  endfacet
  facet normal -0 0 1
    outer loop
      vertex -33.88 -9 2.5
      vertex -27.37 -26.37 2.5
      vertex -33.306 -8.88582 2.5
    endloop
  endfacet
  facet normal 0 0 1
    outer loop
      vertex -34.454 -8.88582 2.5
      vertex -27.37 -26.37 2.5
      vertex -33.88 -9 2.5
    endloop
  endfacet
  facet normal 0 0 1
    outer loop
      vertex -49.87 -26.37 2.5
      vertex -34.454 -8.88582 2.5
      vertex -34.9407 -8.56066 2.5
    endloop
  endfacet
  facet normal 0 0 1
    outer loop
      vertex -49.87 -26.37 2.5
      vertex -34.9407 -8.56066 2.5
      vertex -35.2658 -8.07402 2.5
    endloop
  endfacet
  facet normal 0 -0 1
    outer loop
      vertex -50.6131 -26.7009 2.5
      vertex -35.38 7.5 2.5
      vertex -51.37 49.37 2.5
    endloop
  endfacet
  facet normal 0 0 1
    outer loop
      vertex -51.37 49.37 2.5
      vertex -49.37 51.37 2.5
      vertex -49.5791 51.359 2.5
    endloop
  endfacet
  facet normal 0 0 1
    outer loop
      vertex -51.37 49.37 2.5
      vertex -49.5791 51.359 2.5
      vertex -49.7858 51.3263 2.5
    endloop
  endfacet
  facet normal 0 0 1
    outer loop
      vertex -34.454 -8.88582 2.5
      vertex -49.87 -26.37 2.5
      vertex -27.37 -26.37 2.5
    endloop
  endfacet
  facet normal 0 -0 1
    outer loop
      vertex -50.37 -26.504 2.5
      vertex -35.38 7.5 2.5
      vertex -50.4578 -26.561 2.5
    endloop
  endfacet
  facet normal 0 -0 1
    outer loop
      vertex -50.2767 -26.4565 2.5
      vertex -35.2658 -6.92598 2.5
      vertex -50.37 -26.504 2.5
    endloop
  endfacet
  facet normal 0 0 1
    outer loop
      vertex -51.37 49.37 2.5
      vertex -49.7858 51.3263 2.5
      vertex -49.988 51.2721 2.5
    endloop
  endfacet
  facet normal 0 0 1
    outer loop
      vertex -35.2658 -8.07402 2.5
      vertex -49.9745 -26.3755 2.5
      vertex -49.87 -26.37 2.5
    endloop
  endfacet
  facet normal 0 0 1
    outer loop
      vertex -35.38 -7.5 2.5
      vertex -49.9745 -26.3755 2.5
      vertex -35.2658 -8.07402 2.5
    endloop
  endfacet
  facet normal 0 0 1
    outer loop
      vertex -51.37 49.37 2.5
      vertex -49.988 51.2721 2.5
      vertex -50.1835 51.1971 2.5
    endloop
  endfacet
  facet normal 0 -0 1
    outer loop
      vertex -49.9745 -26.3755 2.5
      vertex -35.38 -7.5 2.5
      vertex -50.0779 -26.3919 2.5
    endloop
  endfacet
  facet normal 0 0 1
    outer loop
      vertex -51.37 49.37 2.5
      vertex -50.1835 51.1971 2.5
      vertex -50.37 51.1021 2.5
    endloop
  endfacet
  facet normal 0 -0 1
    outer loop
      vertex -50.0779 -26.3919 2.5
      vertex -35.38 -7.5 2.5
      vertex -50.179 -26.4189 2.5
    endloop
  endfacet
  facet normal 0 -0 1
    outer loop
      vertex -50.179 -26.4189 2.5
      vertex -35.38 -7.5 2.5
      vertex -50.2767 -26.4565 2.5
    endloop
  endfacet
  facet normal 0 0 1
    outer loop
      vertex -35.2658 -6.92598 2.5
      vertex -50.2767 -26.4565 2.5
      vertex -35.38 -7.5 2.5
    endloop
  endfacet
  facet normal 0 0 1
    outer loop
      vertex -51.37 49.37 2.5
      vertex -50.37 51.1021 2.5
      vertex -50.5456 50.988 2.5
    endloop
  endfacet
  facet normal 0 0 1
    outer loop
      vertex -35.38 7.5 2.5
      vertex -50.5391 -26.6269 2.5
      vertex -50.4578 -26.561 2.5
    endloop
  endfacet
  facet normal 0 0 1
    outer loop
      vertex -35.38 7.5 2.5
      vertex -50.6131 -26.7009 2.5
      vertex -50.5391 -26.6269 2.5
    endloop
  endfacet
  facet normal 0 0 1
    outer loop
      vertex -51.37 49.37 2.5
      vertex -50.5456 50.988 2.5
      vertex -50.7083 50.8563 2.5
    endloop
  endfacet
  facet normal 0 0 1
    outer loop
      vertex -50.6131 -26.7009 2.5
      vertex -51.37 49.37 2.5
      vertex -50.679 -26.7822 2.5
    endloop
  endfacet
  facet normal 0 0 1
    outer loop
      vertex -50.679 -26.7822 2.5
      vertex -51.37 49.37 2.5
      vertex -50.736 -26.87 2.5
    endloop
  endfacet
  facet normal 0 0 1
    outer loop
      vertex -50.736 -26.87 2.5
      vertex -51.37 49.37 2.5
      vertex -50.7835 -26.9633 2.5
    endloop
  endfacet
  facet normal 0 0 1
    outer loop
      vertex -50.7835 -26.9633 2.5
      vertex -51.37 49.37 2.5
      vertex -50.8211 -27.061 2.5
    endloop
  endfacet
  facet normal 0 0 1
    outer loop
      vertex -51.37 49.37 2.5
      vertex -50.7083 50.8563 2.5
      vertex -50.8563 50.7083 2.5
    endloop
  endfacet
  facet normal 0 0 1
    outer loop
      vertex -50.8211 -27.061 2.5
      vertex -51.37 49.37 2.5
      vertex -50.8481 -27.1621 2.5
    endloop
  endfacet
  facet normal 0 0 1
    outer loop
      vertex -50.8481 -27.1621 2.5
      vertex -51.37 49.37 2.5
      vertex -50.8645 -27.2655 2.5
    endloop
  endfacet
  facet normal 0 0 1
    outer loop
      vertex -50.8645 -27.2655 2.5
      vertex -51.37 49.37 2.5
      vertex -50.87 -27.37 2.5
    endloop
  endfacet
  facet normal 0 0 1
    outer loop
      vertex -51.37 49.37 2.5
      vertex -50.8563 50.7083 2.5
      vertex -50.988 50.5456 2.5
    endloop
  endfacet
  facet normal -0 0 1
    outer loop
      vertex -13.786 6.11418 2.5
      vertex -9.74582 5.42598 2.5
      vertex -13.2993 6.43934 2.5
    endloop
  endfacet
  facet normal 0 0 1
    outer loop
      vertex -9.74582 6.57402 2.5
      vertex -11 6.86866 2.5
      vertex -9.86 6 2.5
    endloop
  endfacet
  facet normal -0 0 1
    outer loop
      vertex -11 6.86866 2.5
      vertex -9.74582 6.57402 2.5
      vertex -9.54895 6.86866 2.5
    endloop
  endfacet
  facet normal 0 0 1
    outer loop
      vertex 7.29934 4.93934 2.5
      vertex -7.29934 4.93934 2.5
      vertex 7.29934 -4.93934 2.5
    endloop
  endfacet
  facet normal 0 0 1
    outer loop
      vertex 7.29934 -4.93934 2.5
      vertex -6.97418 -5.42598 2.5
      vertex -6.86 -6 2.5
    endloop
  endfacet
  facet normal 0 0 1
    outer loop
      vertex -7.29934 -4.93934 2.5
      vertex 7.29934 -4.93934 2.5
      vertex -7.29934 4.93934 2.5
    endloop
  endfacet
  facet normal 0 0 1
    outer loop
      vertex 7.29934 -4.93934 2.5
      vertex -7.29934 -4.93934 2.5
      vertex -6.97418 -5.42598 2.5
    endloop
  endfacet
  facet normal -0 0 1
    outer loop
      vertex -7.78598 4.61418 2.5
      vertex -7.29934 -4.93934 2.5
      vertex -7.29934 4.93934 2.5
    endloop
  endfacet
  facet normal 0 0 1
    outer loop
      vertex -7.78598 4.61418 2.5
      vertex -7.78598 -4.61418 2.5
      vertex -7.29934 -4.93934 2.5
    endloop
  endfacet
  facet normal -0 0 1
    outer loop
      vertex -8.36 4.5 2.5
      vertex -7.78598 -4.61418 2.5
      vertex -7.78598 4.61418 2.5
    endloop
  endfacet
  facet normal 0 0 1
    outer loop
      vertex -8.36 4.5 2.5
      vertex -8.36 -4.5 2.5
      vertex -7.78598 -4.61418 2.5
    endloop
  endfacet
  facet normal 0 0 1
    outer loop
      vertex -8.93402 4.61418 2.5
      vertex -8.36 -4.5 2.5
      vertex -8.36 4.5 2.5
    endloop
  endfacet
  facet normal 0 0 1
    outer loop
      vertex -8.93402 4.61418 2.5
      vertex -8.93402 -4.61418 2.5
      vertex -8.36 -4.5 2.5
    endloop
  endfacet
  facet normal 0 0 1
    outer loop
      vertex -9.42066 4.93934 2.5
      vertex -8.93402 -4.61418 2.5
      vertex -8.93402 4.61418 2.5
    endloop
  endfacet
  facet normal 0 0 1
    outer loop
      vertex -9.42066 4.93934 2.5
      vertex -9.42066 -4.93934 2.5
      vertex -8.93402 -4.61418 2.5
    endloop
  endfacet
  facet normal 0 0 1
    outer loop
      vertex -13.2993 6.43934 2.5
      vertex -11 6.86866 2.5
      vertex -12.9742 6.92598 2.5
    endloop
  endfacet
  facet normal 0 0 1
    outer loop
      vertex -11 6.86866 2.5
      vertex -13.2993 6.43934 2.5
      vertex -9.74582 5.42598 2.5
    endloop
  endfacet
  facet normal 0 0 1
    outer loop
      vertex -11 6.86866 2.5
      vertex -9.74582 5.42598 2.5
      vertex -9.86 6 2.5
    endloop
  endfacet
  facet normal -0 0 1
    outer loop
      vertex -12.9742 6.92598 2.5
      vertex -11 6.86866 2.5
      vertex -12.86 7.5 2.5
    endloop
  endfacet
  facet normal 0 0 1
    outer loop
      vertex 7.29934 -4.93934 2.5
      vertex -6.86 -6 2.5
      vertex 6.97418 -5.42598 2.5
    endloop
  endfacet
  facet normal 0 0 1
    outer loop
      vertex 6.97418 6.57402 2.5
      vertex -6.86 6 2.5
      vertex 6.86 6 2.5
    endloop
  endfacet
  facet normal 0 0 1
    outer loop
      vertex -6.97418 6.57402 2.5
      vertex 6.97418 6.57402 2.5
      vertex 7.17105 6.86866 2.5
    endloop
  endfacet
  facet normal 0 0 1
    outer loop
      vertex 6.97418 6.57402 2.5
      vertex -6.97418 6.57402 2.5
      vertex -6.86 6 2.5
    endloop
  endfacet
  facet normal 0 -0 1
    outer loop
      vertex -6.97418 6.57402 2.5
      vertex 7.17105 6.86866 2.5
      vertex -7.17105 6.86866 2.5
    endloop
  endfacet
  facet normal -0 0 1
    outer loop
      vertex 9.42066 -4.93934 2.5
      vertex 14.36 -6 2.5
      vertex 9.42066 4.93934 2.5
    endloop
  endfacet
  facet normal 0 0 1
    outer loop
      vertex 13.786 -6.11418 2.5
      vertex 9.74582 -5.42598 2.5
      vertex 9.86 -6 2.5
    endloop
  endfacet
  facet normal 0 0 1
    outer loop
      vertex 14.36 -6 2.5
      vertex 9.42066 -4.93934 2.5
      vertex 13.786 -6.11418 2.5
    endloop
  endfacet
  facet normal 0 0 1
    outer loop
      vertex 13.786 -6.11418 2.5
      vertex 9.42066 -4.93934 2.5
      vertex 9.74582 -5.42598 2.5
    endloop
  endfacet
  facet normal -0 0 1
    outer loop
      vertex 8.93402 4.61418 2.5
      vertex 9.42066 -4.93934 2.5
      vertex 9.42066 4.93934 2.5
    endloop
  endfacet
  facet normal 0 0 1
    outer loop
      vertex 8.93402 4.61418 2.5
      vertex 8.93402 -4.61418 2.5
      vertex 9.42066 -4.93934 2.5
    endloop
  endfacet
  facet normal -0 0 1
    outer loop
      vertex 8.36 4.5 2.5
      vertex 8.93402 -4.61418 2.5
      vertex 8.93402 4.61418 2.5
    endloop
  endfacet
  facet normal 0 0 1
    outer loop
      vertex 8.36 4.5 2.5
      vertex 8.36 -4.5 2.5
      vertex 8.93402 -4.61418 2.5
    endloop
  endfacet
  facet normal 0 0 1
    outer loop
      vertex 7.78598 4.61418 2.5
      vertex 8.36 -4.5 2.5
      vertex 8.36 4.5 2.5
    endloop
  endfacet
  facet normal 0 0 1
    outer loop
      vertex 7.78598 4.61418 2.5
      vertex 7.78598 -4.61418 2.5
      vertex 8.36 -4.5 2.5
    endloop
  endfacet
  facet normal 0 0 1
    outer loop
      vertex 7.29934 4.93934 2.5
      vertex 7.78598 -4.61418 2.5
      vertex 7.78598 4.61418 2.5
    endloop
  endfacet
  facet normal 0 0 1
    outer loop
      vertex 7.29934 4.93934 2.5
      vertex 7.29934 -4.93934 2.5
      vertex 7.78598 -4.61418 2.5
    endloop
  endfacet
  facet normal 0 0 1
    outer loop
      vertex -6.97418 5.42598 2.5
      vertex 6.97418 5.42598 2.5
      vertex -6.86 6 2.5
    endloop
  endfacet
  facet normal 0 0 1
    outer loop
      vertex 6.97418 5.42598 2.5
      vertex -6.97418 5.42598 2.5
      vertex 7.29934 4.93934 2.5
    endloop
  endfacet
  facet normal -0 0 1
    outer loop
      vertex -6.86 6 2.5
      vertex 6.97418 5.42598 2.5
      vertex 6.86 6 2.5
    endloop
  endfacet
  facet normal 0 0 1
    outer loop
      vertex -7.29934 4.93934 2.5
      vertex 7.29934 4.93934 2.5
      vertex -6.97418 5.42598 2.5
    endloop
  endfacet
  facet normal -0 0 1
    outer loop
      vertex -11 -9.88727 2.5
      vertex 11 -43.4827 2.5
      vertex 11 -9.88727 2.5
    endloop
  endfacet
  facet normal 0 0 1
    outer loop
      vertex 11 -43.4827 2.5
      vertex -11 -9.88727 2.5
      vertex -11 -43.4827 2.5
    endloop
  endfacet
  facet normal 0 0 1
    outer loop
      vertex 9.42066 4.93934 2.5
      vertex 13.786 6.11418 2.5
      vertex 9.74582 5.42598 2.5
    endloop
  endfacet
  facet normal 0 0 1
    outer loop
      vertex 11 6.86866 2.5
      vertex 9.74582 6.57402 2.5
      vertex 9.86 6 2.5
    endloop
  endfacet
  facet normal 0 -0 1
    outer loop
      vertex 9.74582 6.57402 2.5
      vertex 11 6.86866 2.5
      vertex 9.54895 6.86866 2.5
    endloop
  endfacet
  facet normal -0 0 1
    outer loop
      vertex -11 43.4827 2.5
      vertex 11 9.88727 2.5
      vertex 11 43.4827 2.5
    endloop
  endfacet
  facet normal 0 0 1
    outer loop
      vertex 11 9.88727 2.5
      vertex -11 43.4827 2.5
      vertex -11 9.88727 2.5
    endloop
  endfacet
  facet normal 0 0 1
    outer loop
      vertex 33.2993 6.43934 2.5
      vertex 15.4207 6.43934 2.5
      vertex 33.2993 -6.43934 2.5
    endloop
  endfacet
  facet normal 0 0 1
    outer loop
      vertex 33.2993 -6.43934 2.5
      vertex 15.7458 -6.92598 2.5
      vertex 15.86 -7.5 2.5
    endloop
  endfacet
  facet normal 0 0 1
    outer loop
      vertex 15.4207 -6.43934 2.5
      vertex 33.2993 -6.43934 2.5
      vertex 15.4207 6.43934 2.5
    endloop
  endfacet
  facet normal 0 0 1
    outer loop
      vertex 33.2993 -6.43934 2.5
      vertex 15.4207 -6.43934 2.5
      vertex 15.7458 -6.92598 2.5
    endloop
  endfacet
  facet normal -0 0 1
    outer loop
      vertex 14.934 6.11418 2.5
      vertex 15.4207 -6.43934 2.5
      vertex 15.4207 6.43934 2.5
    endloop
  endfacet
  facet normal 0 0 1
    outer loop
      vertex 14.934 6.11418 2.5
      vertex 14.934 -6.11418 2.5
      vertex 15.4207 -6.43934 2.5
    endloop
  endfacet
  facet normal -0 0 1
    outer loop
      vertex 14.36 6 2.5
      vertex 14.934 -6.11418 2.5
      vertex 14.934 6.11418 2.5
    endloop
  endfacet
  facet normal 0 0 1
    outer loop
      vertex 14.36 6 2.5
      vertex 14.36 -6 2.5
      vertex 14.934 -6.11418 2.5
    endloop
  endfacet
  facet normal 0 0 1
    outer loop
      vertex 9.42066 4.93934 2.5
      vertex 14.36 6 2.5
      vertex 13.786 6.11418 2.5
    endloop
  endfacet
  facet normal 0 0 1
    outer loop
      vertex 14.36 6 2.5
      vertex 9.42066 4.93934 2.5
      vertex 14.36 -6 2.5
    endloop
  endfacet
  facet normal 0 0 1
    outer loop
      vertex 9.74582 5.42598 2.5
      vertex 11 6.86866 2.5
      vertex 9.86 6 2.5
    endloop
  endfacet
  facet normal 0 0 1
    outer loop
      vertex 11 6.86866 2.5
      vertex 9.74582 5.42598 2.5
      vertex 13.2993 6.43934 2.5
    endloop
  endfacet
  facet normal -0 0 1
    outer loop
      vertex 11 6.86866 2.5
      vertex 13.2993 6.43934 2.5
      vertex 12.9742 6.92598 2.5
    endloop
  endfacet
  facet normal 0 0 1
    outer loop
      vertex 13.2993 6.43934 2.5
      vertex 9.74582 5.42598 2.5
      vertex 13.786 6.11418 2.5
    endloop
  endfacet
  facet normal 0 0 1
    outer loop
      vertex 11 6.86866 2.5
      vertex 12.9742 6.92598 2.5
      vertex 12.86 7.5 2.5
    endloop
  endfacet
  facet normal 0 0 1
    outer loop
      vertex 13.786 -6.11418 2.5
      vertex 11 -6.86866 2.5
      vertex 13.2993 -6.43934 2.5
    endloop
  endfacet
  facet normal -0 0 1
    outer loop
      vertex 35.7458 6.92598 2.5
      vertex 35.86 -7.5 2.5
      vertex 35.86 7.5 2.5
    endloop
  endfacet
  facet normal 0 0 1
    outer loop
      vertex 35.7458 6.92598 2.5
      vertex 35.7458 -6.92598 2.5
      vertex 35.86 -7.5 2.5
    endloop
  endfacet
  facet normal -0 0 1
    outer loop
      vertex 35.4207 6.43934 2.5
      vertex 35.7458 -6.92598 2.5
      vertex 35.7458 6.92598 2.5
    endloop
  endfacet
  facet normal 0 0 1
    outer loop
      vertex 35.4207 6.43934 2.5
      vertex 35.4207 -6.43934 2.5
      vertex 35.7458 -6.92598 2.5
    endloop
  endfacet
  facet normal -0 0 1
    outer loop
      vertex 34.934 6.11418 2.5
      vertex 35.4207 -6.43934 2.5
      vertex 35.4207 6.43934 2.5
    endloop
  endfacet
  facet normal 0 0 1
    outer loop
      vertex 34.934 6.11418 2.5
      vertex 34.934 -6.11418 2.5
      vertex 35.4207 -6.43934 2.5
    endloop
  endfacet
  facet normal -0 0 1
    outer loop
      vertex 34.36 6 2.5
      vertex 34.934 -6.11418 2.5
      vertex 34.934 6.11418 2.5
    endloop
  endfacet
  facet normal 0 0 1
    outer loop
      vertex 34.36 6 2.5
      vertex 34.36 -6 2.5
      vertex 34.934 -6.11418 2.5
    endloop
  endfacet
  facet normal 0 0 1
    outer loop
      vertex 33.786 6.11418 2.5
      vertex 34.36 -6 2.5
      vertex 34.36 6 2.5
    endloop
  endfacet
  facet normal 0 0 1
    outer loop
      vertex 33.786 6.11418 2.5
      vertex 33.786 -6.11418 2.5
      vertex 34.36 -6 2.5
    endloop
  endfacet
  facet normal 0 0 1
    outer loop
      vertex 33.2993 6.43934 2.5
      vertex 33.786 -6.11418 2.5
      vertex 33.786 6.11418 2.5
    endloop
  endfacet
  facet normal 0 0 1
    outer loop
      vertex 33.2993 6.43934 2.5
      vertex 33.2993 -6.43934 2.5
      vertex 33.786 -6.11418 2.5
    endloop
  endfacet
  facet normal 0 0 1
    outer loop
      vertex 15.7458 6.92598 2.5
      vertex 32.9742 6.92598 2.5
      vertex 15.86 7.5 2.5
    endloop
  endfacet
  facet normal 0 0 1
    outer loop
      vertex 32.9742 6.92598 2.5
      vertex 15.7458 6.92598 2.5
      vertex 33.2993 6.43934 2.5
    endloop
  endfacet
  facet normal -0 0 1
    outer loop
      vertex 15.86 7.5 2.5
      vertex 32.9742 6.92598 2.5
      vertex 32.86 7.5 2.5
    endloop
  endfacet
  facet normal 0 0 1
    outer loop
      vertex 15.4207 6.43934 2.5
      vertex 33.2993 6.43934 2.5
      vertex 15.7458 6.92598 2.5
    endloop
  endfacet
  facet normal 0 0 1
    outer loop
      vertex 49.37 51.37 2.5
      vertex 51.37 49.37 2.5
      vertex 51.359 49.5791 2.5
    endloop
  endfacet
  facet normal 0 0 1
    outer loop
      vertex 51.37 49.37 2.5
      vertex 35.86 7.5 2.5
      vertex 51.37 -49.37 2.5
    endloop
  endfacet
  facet normal 0 0 1
    outer loop
      vertex 49.37 51.37 2.5
      vertex 51.359 49.5791 2.5
      vertex 51.3263 49.7858 2.5
    endloop
  endfacet
  facet normal -0 0 1
    outer loop
      vertex 35.86 -7.5 2.5
      vertex 51.37 -49.37 2.5
      vertex 35.86 7.5 2.5
    endloop
  endfacet
  facet normal 0 0 1
    outer loop
      vertex 49.37 51.37 2.5
      vertex 51.3263 49.7858 2.5
      vertex 51.2721 49.988 2.5
    endloop
  endfacet
  facet normal -0 0 1
    outer loop
      vertex 35.7458 -8.07402 2.5
      vertex 51.37 -49.37 2.5
      vertex 35.86 -7.5 2.5
    endloop
  endfacet
  facet normal 0 0 1
    outer loop
      vertex 49.37 51.37 2.5
      vertex 51.2721 49.988 2.5
      vertex 51.1971 50.1835 2.5
    endloop
  endfacet
  facet normal -0 0 1
    outer loop
      vertex 35.4207 -8.56066 2.5
      vertex 51.37 -49.37 2.5
      vertex 35.7458 -8.07402 2.5
    endloop
  endfacet
  facet normal 0 0 1
    outer loop
      vertex 49.37 51.37 2.5
      vertex 51.1971 50.1835 2.5
      vertex 51.1021 50.37 2.5
    endloop
  endfacet
  facet normal -0 0 1
    outer loop
      vertex 34.934 -8.88582 2.5
      vertex 51.37 -49.37 2.5
      vertex 35.4207 -8.56066 2.5
    endloop
  endfacet
  facet normal 0 0 1
    outer loop
      vertex 49.37 51.37 2.5
      vertex 51.1021 50.37 2.5
      vertex 50.988 50.5456 2.5
    endloop
  endfacet
  facet normal -0 0 1
    outer loop
      vertex 34.36 -9 2.5
      vertex 51.37 -49.37 2.5
      vertex 34.934 -8.88582 2.5
    endloop
  endfacet
  facet normal 0 0 1
    outer loop
      vertex 49.37 51.37 2.5
      vertex 50.988 50.5456 2.5
      vertex 50.8563 50.7083 2.5
    endloop
  endfacet
  facet normal 0 -0 1
    outer loop
      vertex 49.37 -51.37 2.5
      vertex 51.37 -49.37 2.5
      vertex 34.36 -9 2.5
    endloop
  endfacet
  facet normal 0 0 1
    outer loop
      vertex 49.37 51.37 2.5
      vertex 50.8563 50.7083 2.5
      vertex 50.7083 50.8563 2.5
    endloop
  endfacet
  facet normal 0 0 1
    outer loop
      vertex 51.37 -49.37 2.5
      vertex 49.37 -51.37 2.5
      vertex 51.359 -49.5791 2.5
    endloop
  endfacet
  facet normal 0 0 1
    outer loop
      vertex 49.37 51.37 2.5
      vertex 50.7083 50.8563 2.5
      vertex 50.5456 50.988 2.5
    endloop
  endfacet
  facet normal 0 0 1
    outer loop
      vertex 51.359 -49.5791 2.5
      vertex 49.37 -51.37 2.5
      vertex 51.3263 -49.7858 2.5
    endloop
  endfacet
  facet normal 0 0 1
    outer loop
      vertex 49.37 51.37 2.5
      vertex 50.5456 50.988 2.5
      vertex 50.37 51.1021 2.5
    endloop
  endfacet
  facet normal 0 0 1
    outer loop
      vertex 51.3263 -49.7858 2.5
      vertex 49.37 -51.37 2.5
      vertex 51.2721 -49.988 2.5
    endloop
  endfacet
  facet normal 0 0 1
    outer loop
      vertex 49.37 51.37 2.5
      vertex 50.37 51.1021 2.5
      vertex 50.1835 51.1971 2.5
    endloop
  endfacet
  facet normal 0 0 1
    outer loop
      vertex 51.1971 -50.1835 2.5
      vertex 49.37 -51.37 2.5
      vertex 51.1021 -50.37 2.5
    endloop
  endfacet
  facet normal 0 0 1
    outer loop
      vertex 49.37 51.37 2.5
      vertex 50.1835 51.1971 2.5
      vertex 49.988 51.2721 2.5
    endloop
  endfacet
  facet normal 0 0 1
    outer loop
      vertex 51.1021 -50.37 2.5
      vertex 49.37 -51.37 2.5
      vertex 50.988 -50.5456 2.5
    endloop
  endfacet
  facet normal 0 0 1
    outer loop
      vertex 49.37 51.37 2.5
      vertex 49.988 51.2721 2.5
      vertex 49.7858 51.3263 2.5
    endloop
  endfacet
  facet normal 0 0 1
    outer loop
      vertex 50.988 -50.5456 2.5
      vertex 49.37 -51.37 2.5
      vertex 50.8563 -50.7083 2.5
    endloop
  endfacet
  facet normal 0 0 1
    outer loop
      vertex 49.37 51.37 2.5
      vertex 49.7858 51.3263 2.5
      vertex 49.5791 51.359 2.5
    endloop
  endfacet
  facet normal 0 0 1
    outer loop
      vertex 50.8563 -50.7083 2.5
      vertex 49.37 -51.37 2.5
      vertex 50.7083 -50.8563 2.5
    endloop
  endfacet
  facet normal 0 0 1
    outer loop
      vertex 51.37 49.37 2.5
      vertex 49.37 51.37 2.5
      vertex 34.36 9 2.5
    endloop
  endfacet
  facet normal 0 0 1
    outer loop
      vertex 50.7083 -50.8563 2.5
      vertex 49.37 -51.37 2.5
      vertex 50.5456 -50.988 2.5
    endloop
  endfacet
  facet normal 0 0 1
    outer loop
      vertex 50.5456 -50.988 2.5
      vertex 49.37 -51.37 2.5
      vertex 50.37 -51.1021 2.5
    endloop
  endfacet
  facet normal 0 0 1
    outer loop
      vertex 51.37 49.37 2.5
      vertex 35.7458 8.07402 2.5
      vertex 35.86 7.5 2.5
    endloop
  endfacet
  facet normal 0 0 1
    outer loop
      vertex 51.37 49.37 2.5
      vertex 35.4207 8.56066 2.5
      vertex 35.7458 8.07402 2.5
    endloop
  endfacet
  facet normal 0 0 1
    outer loop
      vertex 51.37 49.37 2.5
      vertex 34.934 8.88582 2.5
      vertex 35.4207 8.56066 2.5
    endloop
  endfacet
  facet normal 0 0 1
    outer loop
      vertex 51.37 49.37 2.5
      vertex 34.36 9 2.5
      vertex 34.934 8.88582 2.5
    endloop
  endfacet
  facet normal -0 0 1
    outer loop
      vertex 11 43.4827 2.5
      vertex 34.36 9 2.5
      vertex 49.37 51.37 2.5
    endloop
  endfacet
  facet normal 0 0 1
    outer loop
      vertex 34.36 9 2.5
      vertex 11 43.4827 2.5
      vertex 33.786 8.88582 2.5
    endloop
  endfacet
  facet normal 0 -0 1
    outer loop
      vertex 14.934 8.88582 2.5
      vertex 33.786 8.88582 2.5
      vertex 11 43.4827 2.5
    endloop
  endfacet
  facet normal 0 0 1
    outer loop
      vertex 33.2993 -6.43934 2.5
      vertex 15.86 -7.5 2.5
      vertex 32.9742 -6.92598 2.5
    endloop
  endfacet
  facet normal 0 0 1
    outer loop
      vertex 32.9742 8.07402 2.5
      vertex 15.86 7.5 2.5
      vertex 32.86 7.5 2.5
    endloop
  endfacet
  facet normal 0 0 1
    outer loop
      vertex 33.786 8.88582 2.5
      vertex 14.934 8.88582 2.5
      vertex 33.2993 8.56066 2.5
    endloop
  endfacet
  facet normal 0 0 1
    outer loop
      vertex 32.9742 8.07402 2.5
      vertex 15.7458 8.07402 2.5
      vertex 15.86 7.5 2.5
    endloop
  endfacet
  facet normal 0 0 1
    outer loop
      vertex 32.9742 8.07402 2.5
      vertex 15.4207 8.56066 2.5
      vertex 15.7458 8.07402 2.5
    endloop
  endfacet
  facet normal 0 -0 1
    outer loop
      vertex 15.4207 8.56066 2.5
      vertex 33.2993 8.56066 2.5
      vertex 14.934 8.88582 2.5
    endloop
  endfacet
  facet normal 0 0 1
    outer loop
      vertex 33.2993 8.56066 2.5
      vertex 15.4207 8.56066 2.5
      vertex 32.9742 8.07402 2.5
    endloop
  endfacet
  facet normal 0 0 1
    outer loop
      vertex 14.934 8.88582 2.5
      vertex 11 43.4827 2.5
      vertex 14.36 9 2.5
    endloop
  endfacet
  facet normal -0 0 1
    outer loop
      vertex 11 9.88727 2.5
      vertex 14.36 9 2.5
      vertex 11 43.4827 2.5
    endloop
  endfacet
  facet normal 0 0 1
    outer loop
      vertex 13.2993 8.56066 2.5
      vertex 11 9.88727 2.5
      vertex 12.9742 8.07402 2.5
    endloop
  endfacet
  facet normal 0 0 1
    outer loop
      vertex 13.786 8.88582 2.5
      vertex 11 9.88727 2.5
      vertex 13.2993 8.56066 2.5
    endloop
  endfacet
  facet normal 0 0 1
    outer loop
      vertex 14.36 9 2.5
      vertex 11 9.88727 2.5
      vertex 13.786 8.88582 2.5
    endloop
  endfacet
  facet normal 0 0 1
    outer loop
      vertex 11 43.4827 2.5
      vertex 49.37 51.37 2.5
      vertex 11 46.5013 2.5
    endloop
  endfacet
  facet normal 0 0 1
    outer loop
      vertex 49.37 51.37 2.5
      vertex -11 46.5013 2.5
      vertex 11 46.5013 2.5
    endloop
  endfacet
  facet normal 0 0 1
    outer loop
      vertex -49.37 51.37 2.5
      vertex -11 43.4827 2.5
      vertex -11 46.5013 2.5
    endloop
  endfacet
  facet normal 0 0 1
    outer loop
      vertex -11 43.4827 2.5
      vertex -14.36 9 2.5
      vertex -11 9.88727 2.5
    endloop
  endfacet
  facet normal 0 -0 1
    outer loop
      vertex -12.9742 8.07402 2.5
      vertex -11 9.88727 2.5
      vertex -13.2993 8.56066 2.5
    endloop
  endfacet
  facet normal 0 0 1
    outer loop
      vertex -9.42066 -4.93934 2.5
      vertex -12.86 -7.5 2.5
      vertex -9.74582 -5.42598 2.5
    endloop
  endfacet
  facet normal 0 0 1
    outer loop
      vertex -9.74582 -5.42598 2.5
      vertex -12.86 -7.5 2.5
      vertex -11 -6.86866 2.5
    endloop
  endfacet
  facet normal 0 0 1
    outer loop
      vertex -12.9742 -8.07402 2.5
      vertex -11 -6.86866 2.5
      vertex -12.86 -7.5 2.5
    endloop
  endfacet
  facet normal 0 0 1
    outer loop
      vertex -11 -6.86866 2.5
      vertex -12.9742 -8.07402 2.5
      vertex -11 -9.88727 2.5
    endloop
  endfacet
  facet normal 0 0 1
    outer loop
      vertex -11 6.86866 2.5
      vertex -12.9742 8.07402 2.5
      vertex -12.86 7.5 2.5
    endloop
  endfacet
  facet normal 0 0 1
    outer loop
      vertex -11 9.88727 2.5
      vertex -12.9742 8.07402 2.5
      vertex -11 6.86866 2.5
    endloop
  endfacet
  facet normal 0 0 1
    outer loop
      vertex -11 9.88727 2.5
      vertex -13.786 8.88582 2.5
      vertex -13.2993 8.56066 2.5
    endloop
  endfacet
  facet normal 0 0 1
    outer loop
      vertex -11 9.88727 2.5
      vertex -14.36 9 2.5
      vertex -13.786 8.88582 2.5
    endloop
  endfacet
  facet normal 0 0 1
    outer loop
      vertex -11 43.4827 2.5
      vertex -14.934 8.88582 2.5
      vertex -14.36 9 2.5
    endloop
  endfacet
  facet normal 0 0 1
    outer loop
      vertex -11 43.4827 2.5
      vertex -33.306 8.88582 2.5
      vertex -14.934 8.88582 2.5
    endloop
  endfacet
  facet normal 0 0 1
    outer loop
      vertex -14.934 8.88582 2.5
      vertex -33.306 8.88582 2.5
      vertex -15.4207 8.56066 2.5
    endloop
  endfacet
  facet normal 0 -0 1
    outer loop
      vertex -32.8193 8.56066 2.5
      vertex -15.4207 8.56066 2.5
      vertex -33.306 8.88582 2.5
    endloop
  endfacet
  facet normal 0 0 1
    outer loop
      vertex -15.4207 -6.43934 2.5
      vertex -32.38 -7.5 2.5
      vertex -15.7458 -6.92598 2.5
    endloop
  endfacet
  facet normal 0 0 1
    outer loop
      vertex -15.4207 8.56066 2.5
      vertex -32.8193 8.56066 2.5
      vertex -15.7458 8.07402 2.5
    endloop
  endfacet
  facet normal 0 0 1
    outer loop
      vertex -15.86 -7.5 2.5
      vertex -26.3755 -27.2655 2.5
      vertex -26.37 -27.37 2.5
    endloop
  endfacet
  facet normal 0 0 1
    outer loop
      vertex -15.86 -7.5 2.5
      vertex -26.3919 -27.1621 2.5
      vertex -26.3755 -27.2655 2.5
    endloop
  endfacet
  facet normal 0 0 1
    outer loop
      vertex -15.86 -7.5 2.5
      vertex -26.4189 -27.061 2.5
      vertex -26.3919 -27.1621 2.5
    endloop
  endfacet
  facet normal 0 0 1
    outer loop
      vertex -15.86 -7.5 2.5
      vertex -26.4565 -26.9633 2.5
      vertex -26.4189 -27.061 2.5
    endloop
  endfacet
  facet normal 0 0 1
    outer loop
      vertex -15.86 -7.5 2.5
      vertex -26.504 -26.87 2.5
      vertex -26.4565 -26.9633 2.5
    endloop
  endfacet
  facet normal 0 0 1
    outer loop
      vertex -15.7458 -6.92598 2.5
      vertex -32.38 -7.5 2.5
      vertex -15.86 -7.5 2.5
    endloop
  endfacet
  facet normal 0 0 1
    outer loop
      vertex -15.86 -7.5 2.5
      vertex -26.561 -26.7822 2.5
      vertex -26.504 -26.87 2.5
    endloop
  endfacet
  facet normal 0 0 1
    outer loop
      vertex -15.86 -7.5 2.5
      vertex -26.6269 -26.7009 2.5
      vertex -26.561 -26.7822 2.5
    endloop
  endfacet
  facet normal 0 0 1
    outer loop
      vertex -15.86 -7.5 2.5
      vertex -26.7009 -26.6269 2.5
      vertex -26.6269 -26.7009 2.5
    endloop
  endfacet
  facet normal 0 0 1
    outer loop
      vertex -15.86 -7.5 2.5
      vertex -26.7822 -26.561 2.5
      vertex -26.7009 -26.6269 2.5
    endloop
  endfacet
  facet normal 0 0 1
    outer loop
      vertex -15.86 -7.5 2.5
      vertex -26.87 -26.504 2.5
      vertex -26.7822 -26.561 2.5
    endloop
  endfacet
  facet normal 0 0 1
    outer loop
      vertex -15.86 -7.5 2.5
      vertex -26.9633 -26.4565 2.5
      vertex -26.87 -26.504 2.5
    endloop
  endfacet
  facet normal 0 0 1
    outer loop
      vertex -15.86 -7.5 2.5
      vertex -27.061 -26.4189 2.5
      vertex -26.9633 -26.4565 2.5
    endloop
  endfacet
  facet normal 0 0 1
    outer loop
      vertex -32.8193 -8.56066 2.5
      vertex -15.86 -7.5 2.5
      vertex -32.4942 -8.07402 2.5
    endloop
  endfacet
  facet normal 0 0 1
    outer loop
      vertex -32.4942 -8.07402 2.5
      vertex -15.86 -7.5 2.5
      vertex -32.38 -7.5 2.5
    endloop
  endfacet
  facet normal 0 0 1
    outer loop
      vertex -15.86 -7.5 2.5
      vertex -32.8193 -8.56066 2.5
      vertex -27.061 -26.4189 2.5
    endloop
  endfacet
  facet normal 0 0 1
    outer loop
      vertex -15.86 7.5 2.5
      vertex -32.4942 8.07402 2.5
      vertex -32.38 7.5 2.5
    endloop
  endfacet
  facet normal 0 0 1
    outer loop
      vertex -15.7458 8.07402 2.5
      vertex -32.4942 8.07402 2.5
      vertex -15.86 7.5 2.5
    endloop
  endfacet
  facet normal 0 -0 1
    outer loop
      vertex -32.4942 8.07402 2.5
      vertex -15.7458 8.07402 2.5
      vertex -32.8193 8.56066 2.5
    endloop
  endfacet
  facet normal 0 0 1
    outer loop
      vertex -11 43.4827 2.5
      vertex -33.88 9 2.5
      vertex -33.306 8.88582 2.5
    endloop
  endfacet
  facet normal 0 0 1
    outer loop
      vertex -11 43.4827 2.5
      vertex -49.37 51.37 2.5
      vertex -33.88 9 2.5
    endloop
  endfacet
  facet normal -0 0 1
    outer loop
      vertex -51.37 49.37 2.5
      vertex -33.88 9 2.5
      vertex -49.37 51.37 2.5
    endloop
  endfacet
  facet normal 0 0 1
    outer loop
      vertex -33.88 9 2.5
      vertex -51.37 49.37 2.5
      vertex -34.454 8.88582 2.5
    endloop
  endfacet
  facet normal 0 0 1
    outer loop
      vertex -35.2658 8.07402 2.5
      vertex -51.37 49.37 2.5
      vertex -35.38 7.5 2.5
    endloop
  endfacet
  facet normal 0 0 1
    outer loop
      vertex -34.9407 8.56066 2.5
      vertex -51.37 49.37 2.5
      vertex -35.2658 8.07402 2.5
    endloop
  endfacet
  facet normal 0 0 1
    outer loop
      vertex -34.454 8.88582 2.5
      vertex -51.37 49.37 2.5
      vertex -34.9407 8.56066 2.5
    endloop
  endfacet
  facet normal -0 0 1
    outer loop
      vertex -49.37 51.37 2.5
      vertex -11 46.5013 2.5
      vertex 49.37 51.37 2.5
    endloop
  endfacet
  facet normal 0 0 1
    outer loop
      vertex 50.37 -51.1021 2.5
      vertex 49.37 -51.37 2.5
      vertex 50.1835 -51.1971 2.5
    endloop
  endfacet
  facet normal 0 0 1
    outer loop
      vertex 50.1835 -51.1971 2.5
      vertex 49.37 -51.37 2.5
      vertex 49.988 -51.2721 2.5
    endloop
  endfacet
  facet normal 0 0 1
    outer loop
      vertex 49.7858 -51.3263 2.5
      vertex 49.37 -51.37 2.5
      vertex 49.5791 -51.359 2.5
    endloop
  endfacet
  facet normal 0 0 1
    outer loop
      vertex 49.988 -51.2721 2.5
      vertex 49.37 -51.37 2.5
      vertex 49.7858 -51.3263 2.5
    endloop
  endfacet
  facet normal 0 0 1
    outer loop
      vertex 51.2721 -49.988 2.5
      vertex 49.37 -51.37 2.5
      vertex 51.1971 -50.1835 2.5
    endloop
  endfacet
  facet normal 0 0 1
    outer loop
      vertex 11 -43.4827 2.5
      vertex 34.36 -9 2.5
      vertex 33.786 -8.88582 2.5
    endloop
  endfacet
  facet normal 0 0 1
    outer loop
      vertex 14.934 -8.88582 2.5
      vertex 33.786 -8.88582 2.5
      vertex 33.2993 -8.56066 2.5
    endloop
  endfacet
  facet normal 0 0 1
    outer loop
      vertex 15.4207 -8.56066 2.5
      vertex 33.2993 -8.56066 2.5
      vertex 32.9742 -8.07402 2.5
    endloop
  endfacet
  facet normal 0 0 1
    outer loop
      vertex 32.9742 -6.92598 2.5
      vertex 15.86 -7.5 2.5
      vertex 32.86 -7.5 2.5
    endloop
  endfacet
  facet normal 0 0 1
    outer loop
      vertex 32.86 -7.5 2.5
      vertex 15.86 -7.5 2.5
      vertex 32.9742 -8.07402 2.5
    endloop
  endfacet
  facet normal 0 0 1
    outer loop
      vertex 15.7458 -8.07402 2.5
      vertex 32.9742 -8.07402 2.5
      vertex 15.86 -7.5 2.5
    endloop
  endfacet
  facet normal 0 0 1
    outer loop
      vertex 15.4207 -8.56066 2.5
      vertex 32.9742 -8.07402 2.5
      vertex 15.7458 -8.07402 2.5
    endloop
  endfacet
  facet normal 0 0 1
    outer loop
      vertex 33.2993 -8.56066 2.5
      vertex 15.4207 -8.56066 2.5
      vertex 14.934 -8.88582 2.5
    endloop
  endfacet
  facet normal 0 0 1
    outer loop
      vertex 33.786 -8.88582 2.5
      vertex 14.934 -8.88582 2.5
      vertex 11 -43.4827 2.5
    endloop
  endfacet
  facet normal 0 0 1
    outer loop
      vertex 11 -43.4827 2.5
      vertex 14.934 -8.88582 2.5
      vertex 14.36 -9 2.5
    endloop
  endfacet
  facet normal 0 0 1
    outer loop
      vertex 11 -9.88727 2.5
      vertex 14.36 -9 2.5
      vertex 13.786 -8.88582 2.5
    endloop
  endfacet
  facet normal 0 0 1
    outer loop
      vertex 11 -9.88727 2.5
      vertex 13.786 -8.88582 2.5
      vertex 13.2993 -8.56066 2.5
    endloop
  endfacet
  facet normal 0 0 1
    outer loop
      vertex 11 6.86866 2.5
      vertex 12.9742 8.07402 2.5
      vertex 11 9.88727 2.5
    endloop
  endfacet
  facet normal 0 0 1
    outer loop
      vertex 12.9742 8.07402 2.5
      vertex 11 6.86866 2.5
      vertex 12.86 7.5 2.5
    endloop
  endfacet
  facet normal 0 0 1
    outer loop
      vertex 13.2993 -6.43934 2.5
      vertex 11 -6.86866 2.5
      vertex 12.9742 -6.92598 2.5
    endloop
  endfacet
  facet normal 0 0 1
    outer loop
      vertex 12.9742 -6.92598 2.5
      vertex 11 -6.86866 2.5
      vertex 12.86 -7.5 2.5
    endloop
  endfacet
  facet normal 0 0 1
    outer loop
      vertex 11 -6.86866 2.5
      vertex 12.9742 -8.07402 2.5
      vertex 12.86 -7.5 2.5
    endloop
  endfacet
  facet normal 0 0 1
    outer loop
      vertex 11 -9.88727 2.5
      vertex 12.9742 -8.07402 2.5
      vertex 11 -6.86866 2.5
    endloop
  endfacet
  facet normal 0 0 1
    outer loop
      vertex 12.9742 -8.07402 2.5
      vertex 11 -9.88727 2.5
      vertex 13.2993 -8.56066 2.5
    endloop
  endfacet
  facet normal 0 0 1
    outer loop
      vertex 14.36 -9 2.5
      vertex 11 -9.88727 2.5
      vertex 11 -43.4827 2.5
    endloop
  endfacet
  facet normal 0 0 1
    outer loop
      vertex 34.36 -9 2.5
      vertex 11 -43.4827 2.5
      vertex 49.37 -51.37 2.5
    endloop
  endfacet
  facet normal -0 0 1
    outer loop
      vertex 11 -46.5013 2.5
      vertex 49.37 -51.37 2.5
      vertex 11 -43.4827 2.5
    endloop
  endfacet
  facet normal 0 0 1
    outer loop
      vertex -27.061 -50.8211 2.5
      vertex 11 -46.5013 2.5
      vertex -11 -46.5013 2.5
    endloop
  endfacet
  facet normal -0 0 1
    outer loop
      vertex -13.2993 -8.56066 2.5
      vertex -11 -9.88727 2.5
      vertex -12.9742 -8.07402 2.5
    endloop
  endfacet
  facet normal -0 0 1
    outer loop
      vertex -13.786 -8.88582 2.5
      vertex -11 -9.88727 2.5
      vertex -13.2993 -8.56066 2.5
    endloop
  endfacet
  facet normal -0 0 1
    outer loop
      vertex -14.36 -9 2.5
      vertex -11 -9.88727 2.5
      vertex -13.786 -8.88582 2.5
    endloop
  endfacet
  facet normal 0 0 1
    outer loop
      vertex -11 -9.88727 2.5
      vertex -26.37 -27.37 2.5
      vertex -11 -43.4827 2.5
    endloop
  endfacet
  facet normal 0 0 1
    outer loop
      vertex -11 -9.88727 2.5
      vertex -14.36 -9 2.5
      vertex -26.37 -27.37 2.5
    endloop
  endfacet
  facet normal 0 0 1
    outer loop
      vertex -26.37 -27.37 2.5
      vertex -14.36 -9 2.5
      vertex -14.934 -8.88582 2.5
    endloop
  endfacet
  facet normal 0 0 1
    outer loop
      vertex -26.37 -27.37 2.5
      vertex -14.934 -8.88582 2.5
      vertex -15.4207 -8.56066 2.5
    endloop
  endfacet
  facet normal 0 0 1
    outer loop
      vertex -26.37 -27.37 2.5
      vertex -15.4207 -8.56066 2.5
      vertex -15.7458 -8.07402 2.5
    endloop
  endfacet
  facet normal 0 0 1
    outer loop
      vertex -26.37 -27.37 2.5
      vertex -15.7458 -8.07402 2.5
      vertex -15.86 -7.5 2.5
    endloop
  endfacet
  facet normal 0 0 1
    outer loop
      vertex -26.37 -49.87 2.5
      vertex -11 -43.4827 2.5
      vertex -26.37 -27.37 2.5
    endloop
  endfacet
  facet normal 0 0 1
    outer loop
      vertex -11 -43.4827 2.5
      vertex -26.37 -49.87 2.5
      vertex -11 -46.5013 2.5
    endloop
  endfacet
  facet normal 0 0 1
    outer loop
      vertex -26.3755 -49.9745 2.5
      vertex -11 -46.5013 2.5
      vertex -26.37 -49.87 2.5
    endloop
  endfacet
  facet normal 0 0 1
    outer loop
      vertex -26.3919 -50.0779 2.5
      vertex -11 -46.5013 2.5
      vertex -26.3755 -49.9745 2.5
    endloop
  endfacet
  facet normal 0 0 1
    outer loop
      vertex -26.4189 -50.179 2.5
      vertex -11 -46.5013 2.5
      vertex -26.3919 -50.0779 2.5
    endloop
  endfacet
  facet normal 0 0 1
    outer loop
      vertex -26.4565 -50.2767 2.5
      vertex -11 -46.5013 2.5
      vertex -26.4189 -50.179 2.5
    endloop
  endfacet
  facet normal 0 0 1
    outer loop
      vertex -26.504 -50.37 2.5
      vertex -11 -46.5013 2.5
      vertex -26.4565 -50.2767 2.5
    endloop
  endfacet
  facet normal 0 0 1
    outer loop
      vertex -26.561 -50.4578 2.5
      vertex -11 -46.5013 2.5
      vertex -26.504 -50.37 2.5
    endloop
  endfacet
  facet normal 0 0 1
    outer loop
      vertex -26.6269 -50.5391 2.5
      vertex -11 -46.5013 2.5
      vertex -26.561 -50.4578 2.5
    endloop
  endfacet
  facet normal 0 0 1
    outer loop
      vertex -26.7009 -50.6131 2.5
      vertex -11 -46.5013 2.5
      vertex -26.6269 -50.5391 2.5
    endloop
  endfacet
  facet normal 0 0 1
    outer loop
      vertex -26.7822 -50.679 2.5
      vertex -11 -46.5013 2.5
      vertex -26.7009 -50.6131 2.5
    endloop
  endfacet
  facet normal 0 0 1
    outer loop
      vertex -26.87 -50.736 2.5
      vertex -11 -46.5013 2.5
      vertex -26.7822 -50.679 2.5
    endloop
  endfacet
  facet normal 0 0 1
    outer loop
      vertex -26.9633 -50.7835 2.5
      vertex -11 -46.5013 2.5
      vertex -26.87 -50.736 2.5
    endloop
  endfacet
  facet normal 0 0 1
    outer loop
      vertex -27.061 -50.8211 2.5
      vertex -11 -46.5013 2.5
      vertex -26.9633 -50.7835 2.5
    endloop
  endfacet
  facet normal 0 0 1
    outer loop
      vertex -27.1621 -50.8481 2.5
      vertex 11 -46.5013 2.5
      vertex -27.061 -50.8211 2.5
    endloop
  endfacet
  facet normal 0 0 1
    outer loop
      vertex 11 -46.5013 2.5
      vertex -27.1621 -50.8481 2.5
      vertex 49.37 -51.37 2.5
    endloop
  endfacet
  facet normal -0 0 1
    outer loop
      vertex -27.2655 -50.8645 2.5
      vertex 49.37 -51.37 2.5
      vertex -27.1621 -50.8481 2.5
    endloop
  endfacet
  facet normal -0 0 1
    outer loop
      vertex -27.37 -50.87 2.5
      vertex 49.37 -51.37 2.5
      vertex -27.2655 -50.8645 2.5
    endloop
  endfacet
  facet normal 0 0 1
    outer loop
      vertex -27.37 -50.87 2.5
      vertex -49.37 -51.37 2.5
      vertex 49.37 -51.37 2.5
    endloop
  endfacet
  facet normal -0 0 1
    outer loop
      vertex -49.87 -50.87 2.5
      vertex -49.37 -51.37 2.5
      vertex -27.37 -50.87 2.5
    endloop
  endfacet
  facet normal 0 0 1
    outer loop
      vertex -49.37 -51.37 2.5
      vertex -49.87 -50.87 2.5
      vertex -49.5791 -51.359 2.5
    endloop
  endfacet
  facet normal 0 0 1
    outer loop
      vertex -49.5791 -51.359 2.5
      vertex -49.87 -50.87 2.5
      vertex -49.7858 -51.3263 2.5
    endloop
  endfacet
  facet normal 0 0 1
    outer loop
      vertex -49.988 -51.2721 2.5
      vertex -49.87 -50.87 2.5
      vertex -49.9745 -50.8645 2.5
    endloop
  endfacet
  facet normal 0 0 1
    outer loop
      vertex -49.87 -50.87 2.5
      vertex -49.988 -51.2721 2.5
      vertex -49.7858 -51.3263 2.5
    endloop
  endfacet
  facet normal 0 0 1
    outer loop
      vertex -50.1835 -51.1971 2.5
      vertex -49.9745 -50.8645 2.5
      vertex -50.0779 -50.8481 2.5
    endloop
  endfacet
  facet normal 0 0 1
    outer loop
      vertex -50.1835 -51.1971 2.5
      vertex -50.0779 -50.8481 2.5
      vertex -50.179 -50.8211 2.5
    endloop
  endfacet
  facet normal 0 0 1
    outer loop
      vertex -49.9745 -50.8645 2.5
      vertex -50.1835 -51.1971 2.5
      vertex -49.988 -51.2721 2.5
    endloop
  endfacet
  facet normal 0 0 1
    outer loop
      vertex -50.37 -51.1021 2.5
      vertex -50.179 -50.8211 2.5
      vertex -50.2767 -50.7835 2.5
    endloop
  endfacet
  facet normal 0 0 1
    outer loop
      vertex -50.5456 -50.988 2.5
      vertex -50.2767 -50.7835 2.5
      vertex -50.37 -50.736 2.5
    endloop
  endfacet
  facet normal 0 0 1
    outer loop
      vertex -50.179 -50.8211 2.5
      vertex -50.37 -51.1021 2.5
      vertex -50.1835 -51.1971 2.5
    endloop
  endfacet
  facet normal 0 0 1
    outer loop
      vertex -50.5456 -50.988 2.5
      vertex -50.37 -50.736 2.5
      vertex -50.4578 -50.679 2.5
    endloop
  endfacet
  facet normal 0 0 1
    outer loop
      vertex -50.7083 -50.8563 2.5
      vertex -50.4578 -50.679 2.5
      vertex -50.5391 -50.6131 2.5
    endloop
  endfacet
  facet normal 0 0 1
    outer loop
      vertex -50.2767 -50.7835 2.5
      vertex -50.5456 -50.988 2.5
      vertex -50.37 -51.1021 2.5
    endloop
  endfacet
  facet normal 0 0 1
    outer loop
      vertex -50.7083 -50.8563 2.5
      vertex -50.5391 -50.6131 2.5
      vertex -50.6131 -50.5391 2.5
    endloop
  endfacet
  facet normal 0 0 1
    outer loop
      vertex -50.8563 -50.7083 2.5
      vertex -50.6131 -50.5391 2.5
      vertex -50.679 -50.4578 2.5
    endloop
  endfacet
  facet normal 0 0 1
    outer loop
      vertex -50.4578 -50.679 2.5
      vertex -50.7083 -50.8563 2.5
      vertex -50.5456 -50.988 2.5
    endloop
  endfacet
  facet normal 0 0 1
    outer loop
      vertex -50.988 -50.5456 2.5
      vertex -50.679 -50.4578 2.5
      vertex -50.736 -50.37 2.5
    endloop
  endfacet
  facet normal 0 0 1
    outer loop
      vertex -50.988 -50.5456 2.5
      vertex -50.736 -50.37 2.5
      vertex -50.7835 -50.2767 2.5
    endloop
  endfacet
  facet normal 0 0 1
    outer loop
      vertex -51.1021 -50.37 2.5
      vertex -50.7835 -50.2767 2.5
      vertex -50.8211 -50.179 2.5
    endloop
  endfacet
  facet normal 0 0 1
    outer loop
      vertex -51.1971 -50.1835 2.5
      vertex -50.8211 -50.179 2.5
      vertex -50.8481 -50.0779 2.5
    endloop
  endfacet
  facet normal 0 0 1
    outer loop
      vertex -50.6131 -50.5391 2.5
      vertex -50.8563 -50.7083 2.5
      vertex -50.7083 -50.8563 2.5
    endloop
  endfacet
  facet normal 0 0 1
    outer loop
      vertex -51.1971 -50.1835 2.5
      vertex -50.8481 -50.0779 2.5
      vertex -50.8645 -49.9745 2.5
    endloop
  endfacet
  facet normal 0 0 1
    outer loop
      vertex -51.2721 -49.988 2.5
      vertex -50.8645 -49.9745 2.5
      vertex -50.87 -49.87 2.5
    endloop
  endfacet
  facet normal 0 0 1
    outer loop
      vertex -50.679 -50.4578 2.5
      vertex -50.988 -50.5456 2.5
      vertex -50.8563 -50.7083 2.5
    endloop
  endfacet
  facet normal 0 0 1
    outer loop
      vertex -51.37 -49.37 2.5
      vertex -50.87 -27.37 2.5
      vertex -51.37 49.37 2.5
    endloop
  endfacet
  facet normal 0 0 1
    outer loop
      vertex -51.37 49.37 2.5
      vertex -50.988 50.5456 2.5
      vertex -51.1021 50.37 2.5
    endloop
  endfacet
  facet normal 0 0 1
    outer loop
      vertex -50.87 -27.37 2.5
      vertex -51.37 -49.37 2.5
      vertex -50.87 -49.87 2.5
    endloop
  endfacet
  facet normal 0 0 1
    outer loop
      vertex -51.37 49.37 2.5
      vertex -51.1021 50.37 2.5
      vertex -51.1971 50.1835 2.5
    endloop
  endfacet
  facet normal -0 -0 1
    outer loop
      vertex -51.359 -49.5791 2.5
      vertex -50.87 -49.87 2.5
      vertex -51.37 -49.37 2.5
    endloop
  endfacet
  facet normal 0 0 1
    outer loop
      vertex -51.37 49.37 2.5
      vertex -51.1971 50.1835 2.5
      vertex -51.2721 49.988 2.5
    endloop
  endfacet
  facet normal 0 0 1
    outer loop
      vertex -50.7835 -50.2767 2.5
      vertex -51.1021 -50.37 2.5
      vertex -50.988 -50.5456 2.5
    endloop
  endfacet
  facet normal 0 0 1
    outer loop
      vertex -51.37 49.37 2.5
      vertex -51.2721 49.988 2.5
      vertex -51.3263 49.7858 2.5
    endloop
  endfacet
  facet normal 0 0 1
    outer loop
      vertex -50.8211 -50.179 2.5
      vertex -51.1971 -50.1835 2.5
      vertex -51.1021 -50.37 2.5
    endloop
  endfacet
  facet normal 0 0 1
    outer loop
      vertex -51.37 49.37 2.5
      vertex -51.3263 49.7858 2.5
      vertex -51.359 49.5791 2.5
    endloop
  endfacet
  facet normal 0 0 1
    outer loop
      vertex -50.8645 -49.9745 2.5
      vertex -51.2721 -49.988 2.5
      vertex -51.1971 -50.1835 2.5
    endloop
  endfacet
  facet normal 0 0 1
    outer loop
      vertex -50.87 -49.87 2.5
      vertex -51.3263 -49.7858 2.5
      vertex -51.2721 -49.988 2.5
    endloop
  endfacet
  facet normal 0 0 1
    outer loop
      vertex -50.87 -49.87 2.5
      vertex -51.359 -49.5791 2.5
      vertex -51.3263 -49.7858 2.5
    endloop
  endfacet
  facet normal 0 0 1
    outer loop
      vertex 13.786 -6.11418 2.5
      vertex 9.86 -6 2.5
      vertex 11 -6.86866 2.5
    endloop
  endfacet
  facet normal -0 0 1
    outer loop
      vertex 9.74582 -6.57402 2.5
      vertex 11 -6.86866 2.5
      vertex 9.86 -6 2.5
    endloop
  endfacet
  facet normal 0 0 1
    outer loop
      vertex 11 -6.86866 2.5
      vertex 9.74582 -6.57402 2.5
      vertex 9.54895 -6.86866 2.5
    endloop
  endfacet
  facet normal 0 0 1
    outer loop
      vertex 6.97418 -5.42598 2.5
      vertex -6.86 -6 2.5
      vertex 6.86 -6 2.5
    endloop
  endfacet
  facet normal 0 0 1
    outer loop
      vertex 6.86 -6 2.5
      vertex -6.86 -6 2.5
      vertex 6.97418 -6.57402 2.5
    endloop
  endfacet
  facet normal 0 0 1
    outer loop
      vertex -6.97418 -6.57402 2.5
      vertex 6.97418 -6.57402 2.5
      vertex -6.86 -6 2.5
    endloop
  endfacet
  facet normal 0 0 1
    outer loop
      vertex 6.97418 -6.57402 2.5
      vertex -6.97418 -6.57402 2.5
      vertex 7.17105 -6.86866 2.5
    endloop
  endfacet
  facet normal 0 0 1
    outer loop
      vertex 7.17105 -6.86866 2.5
      vertex -6.97418 -6.57402 2.5
      vertex -7.17105 -6.86866 2.5
    endloop
  endfacet
  facet normal 0 0 1
    outer loop
      vertex -9.74582 -6.57402 2.5
      vertex -11 -6.86866 2.5
      vertex -9.54895 -6.86866 2.5
    endloop
  endfacet
  facet normal 0 0 1
    outer loop
      vertex -9.86 -6 2.5
      vertex -11 -6.86866 2.5
      vertex -9.74582 -6.57402 2.5
    endloop
  endfacet
  facet normal 0 0 1
    outer loop
      vertex -9.74582 -5.42598 2.5
      vertex -11 -6.86866 2.5
      vertex -9.86 -6 2.5
    endloop
  endfacet
  facet normal 0.0522246 0 0.998635
    outer loop
      vertex 53.0564 2 14.0164
      vertex 53.37 -2 14
      vertex 53.37 2 14
    endloop
  endfacet
  facet normal 0.0522246 0 0.998635
    outer loop
      vertex 53.37 -2 14
      vertex 53.0564 2 14.0164
      vertex 53.0564 -2 14.0164
    endloop
  endfacet
  facet normal 0.629529 0 0.776977
    outer loop
      vertex 51.37 2 14.7646
      vertex 51.6066 -2 14.5729
      vertex 51.6066 2 14.5729
    endloop
  endfacet
  facet normal 0.629529 0 0.776977
    outer loop
      vertex 51.6066 -2 14.5729
      vertex 51.37 2 14.7646
      vertex 51.37 -2 14.7646
    endloop
  endfacet
  facet normal 0.156699 0 0.987646
    outer loop
      vertex 52.7463 2 14.0656
      vertex 53.0564 -2 14.0164
      vertex 53.0564 2 14.0164
    endloop
  endfacet
  facet normal 0.156699 0 0.987646
    outer loop
      vertex 53.0564 -2 14.0164
      vertex 52.7463 2 14.0656
      vertex 52.7463 -2 14.0656
    endloop
  endfacet
  facet normal 0.544518 0 0.838749
    outer loop
      vertex 51.6066 2 14.5729
      vertex 51.87 -2 14.4019
      vertex 51.87 2 14.4019
    endloop
  endfacet
  facet normal 0.544518 0 0.838749
    outer loop
      vertex 51.87 -2 14.4019
      vertex 51.6066 2 14.5729
      vertex 51.6066 -2 14.5729
    endloop
  endfacet
  facet normal 0.258534 0 0.966002
    outer loop
      vertex 52.4429 2 14.1468
      vertex 52.7463 -2 14.0656
      vertex 52.7463 2 14.0656
    endloop
  endfacet
  facet normal 0.258534 0 0.966002
    outer loop
      vertex 52.7463 -2 14.0656
      vertex 52.4429 2 14.1468
      vertex 52.4429 -2 14.1468
    endloop
  endfacet
  facet normal 0.358616 0 0.933485
    outer loop
      vertex 52.1498 2 14.2594
      vertex 52.4429 -2 14.1468
      vertex 52.4429 2 14.1468
    endloop
  endfacet
  facet normal 0.358616 0 0.933485
    outer loop
      vertex 52.4429 -2 14.1468
      vertex 52.1498 2 14.2594
      vertex 52.1498 -2 14.2594
    endloop
  endfacet
  facet normal 0.258534 0 -0.966002
    outer loop
      vertex 52.4429 -2 19.8532
      vertex 52.7463 2 19.9344
      vertex 52.7463 -2 19.9344
    endloop
  endfacet
  facet normal 0.258534 0 -0.966002
    outer loop
      vertex 52.7463 2 19.9344
      vertex 52.4429 -2 19.8532
      vertex 52.4429 2 19.8532
    endloop
  endfacet
  facet normal 0.453826 0 -0.891091
    outer loop
      vertex 51.87 -2 19.5981
      vertex 52.1498 2 19.7406
      vertex 52.1498 -2 19.7406
    endloop
  endfacet
  facet normal 0.453826 0 -0.891091
    outer loop
      vertex 52.1498 2 19.7406
      vertex 51.87 -2 19.5981
      vertex 51.87 2 19.5981
    endloop
  endfacet
  facet normal 0.453826 0 0.891091
    outer loop
      vertex 51.87 2 14.4019
      vertex 52.1498 -2 14.2594
      vertex 52.1498 2 14.2594
    endloop
  endfacet
  facet normal 0.453826 0 0.891091
    outer loop
      vertex 52.1498 -2 14.2594
      vertex 51.87 2 14.4019
      vertex 51.87 -2 14.4019
    endloop
  endfacet
  facet normal 0.544518 0 -0.838749
    outer loop
      vertex 51.6066 -2 19.4271
      vertex 51.87 2 19.5981
      vertex 51.87 -2 19.5981
    endloop
  endfacet
  facet normal 0.544518 0 -0.838749
    outer loop
      vertex 51.87 2 19.5981
      vertex 51.6066 -2 19.4271
      vertex 51.6066 2 19.4271
    endloop
  endfacet
  facet normal 0 -1 0
    outer loop
      vertex 52.7463 2 19.9344
      vertex 53.37 2 20
      vertex 53.0564 2 19.9836
    endloop
  endfacet
  facet normal 0 -1 0
    outer loop
      vertex 52.4429 2 19.8532
      vertex 53.37 2 20
      vertex 52.7463 2 19.9344
    endloop
  endfacet
  facet normal 0 -1 0
    outer loop
      vertex 52.1498 2 19.7406
      vertex 53.37 2 20
      vertex 52.4429 2 19.8532
    endloop
  endfacet
  facet normal 0 -1 0
    outer loop
      vertex 51.87 2 19.5981
      vertex 53.37 2 20
      vertex 52.1498 2 19.7406
    endloop
  endfacet
  facet normal 0 -1 0
    outer loop
      vertex 51.6066 2 19.4271
      vertex 53.37 2 20
      vertex 51.87 2 19.5981
    endloop
  endfacet
  facet normal 0 -1 0
    outer loop
      vertex 51.37 2 19.2354
      vertex 53.37 2 20
      vertex 51.6066 2 19.4271
    endloop
  endfacet
  facet normal 0 -1 0
    outer loop
      vertex 51.37 2 14.7646
      vertex 53.37 2 20
      vertex 51.37 2 19.2354
    endloop
  endfacet
  facet normal 0 -1 0
    outer loop
      vertex 51.6066 2 14.5729
      vertex 53.37 2 20
      vertex 51.37 2 14.7646
    endloop
  endfacet
  facet normal 0 -1 0
    outer loop
      vertex 51.87 2 14.4019
      vertex 53.37 2 20
      vertex 51.6066 2 14.5729
    endloop
  endfacet
  facet normal 0 -1 0
    outer loop
      vertex 52.1498 2 14.2594
      vertex 53.37 2 20
      vertex 51.87 2 14.4019
    endloop
  endfacet
  facet normal 0 -1 0
    outer loop
      vertex 52.4429 2 14.1468
      vertex 53.37 2 20
      vertex 52.1498 2 14.2594
    endloop
  endfacet
  facet normal 0 -1 0
    outer loop
      vertex 52.7463 2 14.0656
      vertex 53.37 2 20
      vertex 52.4429 2 14.1468
    endloop
  endfacet
  facet normal 0 -1 0
    outer loop
      vertex 53.0564 2 14.0164
      vertex 53.37 2 20
      vertex 52.7463 2 14.0656
    endloop
  endfacet
  facet normal 0 -1 -0
    outer loop
      vertex 53.37 2 20
      vertex 53.0564 2 14.0164
      vertex 53.37 2 14
    endloop
  endfacet
  facet normal 0.358616 0 -0.933485
    outer loop
      vertex 52.1498 -2 19.7406
      vertex 52.4429 2 19.8532
      vertex 52.4429 -2 19.8532
    endloop
  endfacet
  facet normal 0.358616 0 -0.933485
    outer loop
      vertex 52.4429 2 19.8532
      vertex 52.1498 -2 19.7406
      vertex 52.1498 2 19.7406
    endloop
  endfacet
  facet normal 0.156699 0 -0.987646
    outer loop
      vertex 52.7463 -2 19.9344
      vertex 53.0564 2 19.9836
      vertex 53.0564 -2 19.9836
    endloop
  endfacet
  facet normal 0.156699 0 -0.987646
    outer loop
      vertex 53.0564 2 19.9836
      vertex 52.7463 -2 19.9344
      vertex 52.7463 2 19.9344
    endloop
  endfacet
  facet normal 0.0522246 0 -0.998635
    outer loop
      vertex 53.0564 -2 19.9836
      vertex 53.37 2 20
      vertex 53.37 -2 20
    endloop
  endfacet
  facet normal 0.0522246 0 -0.998635
    outer loop
      vertex 53.37 2 20
      vertex 53.0564 -2 19.9836
      vertex 53.0564 2 19.9836
    endloop
  endfacet
  facet normal 0.629529 0 -0.776977
    outer loop
      vertex 51.37 -2 19.2354
      vertex 51.6066 2 19.4271
      vertex 51.6066 -2 19.4271
    endloop
  endfacet
  facet normal 0.629529 0 -0.776977
    outer loop
      vertex 51.6066 2 19.4271
      vertex 51.37 -2 19.2354
      vertex 51.37 2 19.2354
    endloop
  endfacet
  facet normal 0 1 0
    outer loop
      vertex 53.37 -2 20
      vertex 52.7463 -2 19.9344
      vertex 53.0564 -2 19.9836
    endloop
  endfacet
  facet normal 0 1 0
    outer loop
      vertex 53.37 -2 20
      vertex 52.4429 -2 19.8532
      vertex 52.7463 -2 19.9344
    endloop
  endfacet
  facet normal 0 1 0
    outer loop
      vertex 53.37 -2 20
      vertex 52.1498 -2 19.7406
      vertex 52.4429 -2 19.8532
    endloop
  endfacet
  facet normal 0 1 0
    outer loop
      vertex 53.37 -2 20
      vertex 51.87 -2 19.5981
      vertex 52.1498 -2 19.7406
    endloop
  endfacet
  facet normal 0 1 0
    outer loop
      vertex 53.37 -2 20
      vertex 51.6066 -2 19.4271
      vertex 51.87 -2 19.5981
    endloop
  endfacet
  facet normal 0 1 0
    outer loop
      vertex 53.37 -2 20
      vertex 51.37 -2 19.2354
      vertex 51.6066 -2 19.4271
    endloop
  endfacet
  facet normal 0 1 0
    outer loop
      vertex 53.37 -2 20
      vertex 51.37 -2 14.7646
      vertex 51.37 -2 19.2354
    endloop
  endfacet
  facet normal 0 1 0
    outer loop
      vertex 53.37 -2 20
      vertex 51.6066 -2 14.5729
      vertex 51.37 -2 14.7646
    endloop
  endfacet
  facet normal 0 1 0
    outer loop
      vertex 53.37 -2 20
      vertex 51.87 -2 14.4019
      vertex 51.6066 -2 14.5729
    endloop
  endfacet
  facet normal 0 1 0
    outer loop
      vertex 53.37 -2 20
      vertex 52.1498 -2 14.2594
      vertex 51.87 -2 14.4019
    endloop
  endfacet
  facet normal 0 1 0
    outer loop
      vertex 53.37 -2 20
      vertex 52.4429 -2 14.1468
      vertex 52.1498 -2 14.2594
    endloop
  endfacet
  facet normal 0 1 0
    outer loop
      vertex 53.37 -2 20
      vertex 52.7463 -2 14.0656
      vertex 52.4429 -2 14.1468
    endloop
  endfacet
  facet normal 0 1 0
    outer loop
      vertex 53.37 -2 20
      vertex 53.0564 -2 14.0164
      vertex 52.7463 -2 14.0656
    endloop
  endfacet
  facet normal -0 1 0
    outer loop
      vertex 53.0564 -2 14.0164
      vertex 53.37 -2 20
      vertex 53.37 -2 14
    endloop
  endfacet
  facet normal -0.0522246 0 0.998635
    outer loop
      vertex -53.37 2 14
      vertex -53.0564 -2 14.0164
      vertex -53.0564 2 14.0164
    endloop
  endfacet
  facet normal -0.0522246 0 0.998635
    outer loop
      vertex -53.0564 -2 14.0164
      vertex -53.37 2 14
      vertex -53.37 -2 14
    endloop
  endfacet
  facet normal -0.156699 0 -0.987646
    outer loop
      vertex -53.0564 -2 19.9836
      vertex -52.7463 2 19.9344
      vertex -52.7463 -2 19.9344
    endloop
  endfacet
  facet normal -0.156699 0 -0.987646
    outer loop
      vertex -52.7463 2 19.9344
      vertex -53.0564 -2 19.9836
      vertex -53.0564 2 19.9836
    endloop
  endfacet
  facet normal -0.358616 0 -0.933485
    outer loop
      vertex -52.4429 -2 19.8532
      vertex -52.1498 2 19.7406
      vertex -52.1498 -2 19.7406
    endloop
  endfacet
  facet normal -0.358616 0 -0.933485
    outer loop
      vertex -52.1498 2 19.7406
      vertex -52.4429 -2 19.8532
      vertex -52.4429 2 19.8532
    endloop
  endfacet
  facet normal -0.544518 0 -0.838749
    outer loop
      vertex -51.87 -2 19.5981
      vertex -51.6066 2 19.4271
      vertex -51.6066 -2 19.4271
    endloop
  endfacet
  facet normal -0.544518 0 -0.838749
    outer loop
      vertex -51.6066 2 19.4271
      vertex -51.87 -2 19.5981
      vertex -51.87 2 19.5981
    endloop
  endfacet
  facet normal -0.156699 0 0.987646
    outer loop
      vertex -53.0564 2 14.0164
      vertex -52.7463 -2 14.0656
      vertex -52.7463 2 14.0656
    endloop
  endfacet
  facet normal -0.156699 0 0.987646
    outer loop
      vertex -52.7463 -2 14.0656
      vertex -53.0564 2 14.0164
      vertex -53.0564 -2 14.0164
    endloop
  endfacet
  facet normal -0.453826 0 -0.891091
    outer loop
      vertex -52.1498 -2 19.7406
      vertex -51.87 2 19.5981
      vertex -51.87 -2 19.5981
    endloop
  endfacet
  facet normal -0.453826 0 -0.891091
    outer loop
      vertex -51.87 2 19.5981
      vertex -52.1498 -2 19.7406
      vertex -52.1498 2 19.7406
    endloop
  endfacet
  facet normal -0.544518 0 0.838749
    outer loop
      vertex -51.87 2 14.4019
      vertex -51.6066 -2 14.5729
      vertex -51.6066 2 14.5729
    endloop
  endfacet
  facet normal -0.544518 0 0.838749
    outer loop
      vertex -51.6066 -2 14.5729
      vertex -51.87 2 14.4019
      vertex -51.87 -2 14.4019
    endloop
  endfacet
  facet normal -0.258534 0 -0.966002
    outer loop
      vertex -52.7463 -2 19.9344
      vertex -52.4429 2 19.8532
      vertex -52.4429 -2 19.8532
    endloop
  endfacet
  facet normal -0.258534 0 -0.966002
    outer loop
      vertex -52.4429 2 19.8532
      vertex -52.7463 -2 19.9344
      vertex -52.7463 2 19.9344
    endloop
  endfacet
  facet normal -0.258534 0 0.966002
    outer loop
      vertex -52.7463 2 14.0656
      vertex -52.4429 -2 14.1468
      vertex -52.4429 2 14.1468
    endloop
  endfacet
  facet normal -0.258534 0 0.966002
    outer loop
      vertex -52.4429 -2 14.1468
      vertex -52.7463 2 14.0656
      vertex -52.7463 -2 14.0656
    endloop
  endfacet
  facet normal -0.629529 0 0.776977
    outer loop
      vertex -51.6066 2 14.5729
      vertex -51.37 -2 14.7646
      vertex -51.37 2 14.7646
    endloop
  endfacet
  facet normal -0.629529 0 0.776977
    outer loop
      vertex -51.37 -2 14.7646
      vertex -51.6066 2 14.5729
      vertex -51.6066 -2 14.5729
    endloop
  endfacet
  facet normal -0.358616 0 0.933485
    outer loop
      vertex -52.4429 2 14.1468
      vertex -52.1498 -2 14.2594
      vertex -52.1498 2 14.2594
    endloop
  endfacet
  facet normal -0.358616 0 0.933485
    outer loop
      vertex -52.1498 -2 14.2594
      vertex -52.4429 2 14.1468
      vertex -52.4429 -2 14.1468
    endloop
  endfacet
  facet normal -0.0522246 0 -0.998635
    outer loop
      vertex -53.37 -2 20
      vertex -53.0564 2 19.9836
      vertex -53.0564 -2 19.9836
    endloop
  endfacet
  facet normal -0.0522246 0 -0.998635
    outer loop
      vertex -53.0564 2 19.9836
      vertex -53.37 -2 20
      vertex -53.37 2 20
    endloop
  endfacet
  facet normal -0.453826 0 0.891091
    outer loop
      vertex -52.1498 2 14.2594
      vertex -51.87 -2 14.4019
      vertex -51.87 2 14.4019
    endloop
  endfacet
  facet normal -0.453826 0 0.891091
    outer loop
      vertex -51.87 -2 14.4019
      vertex -52.1498 2 14.2594
      vertex -52.1498 -2 14.2594
    endloop
  endfacet
  facet normal 0 -1 0
    outer loop
      vertex -53.37 2 20
      vertex -52.7463 2 19.9344
      vertex -53.0564 2 19.9836
    endloop
  endfacet
  facet normal 0 -1 0
    outer loop
      vertex -53.37 2 20
      vertex -52.4429 2 19.8532
      vertex -52.7463 2 19.9344
    endloop
  endfacet
  facet normal 0 -1 0
    outer loop
      vertex -53.37 2 20
      vertex -52.1498 2 19.7406
      vertex -52.4429 2 19.8532
    endloop
  endfacet
  facet normal 0 -1 0
    outer loop
      vertex -53.37 2 20
      vertex -51.87 2 19.5981
      vertex -52.1498 2 19.7406
    endloop
  endfacet
  facet normal 0 -1 0
    outer loop
      vertex -53.37 2 20
      vertex -51.6066 2 19.4271
      vertex -51.87 2 19.5981
    endloop
  endfacet
  facet normal 0 -1 0
    outer loop
      vertex -53.37 2 20
      vertex -51.37 2 19.2354
      vertex -51.6066 2 19.4271
    endloop
  endfacet
  facet normal 0 -1 0
    outer loop
      vertex -53.37 2 20
      vertex -51.37 2 14.7646
      vertex -51.37 2 19.2354
    endloop
  endfacet
  facet normal 0 -1 0
    outer loop
      vertex -53.37 2 20
      vertex -51.6066 2 14.5729
      vertex -51.37 2 14.7646
    endloop
  endfacet
  facet normal 0 -1 0
    outer loop
      vertex -53.37 2 20
      vertex -51.87 2 14.4019
      vertex -51.6066 2 14.5729
    endloop
  endfacet
  facet normal 0 -1 0
    outer loop
      vertex -53.37 2 20
      vertex -52.1498 2 14.2594
      vertex -51.87 2 14.4019
    endloop
  endfacet
  facet normal 0 -1 0
    outer loop
      vertex -53.37 2 20
      vertex -52.4429 2 14.1468
      vertex -52.1498 2 14.2594
    endloop
  endfacet
  facet normal 0 -1 0
    outer loop
      vertex -53.37 2 20
      vertex -52.7463 2 14.0656
      vertex -52.4429 2 14.1468
    endloop
  endfacet
  facet normal 0 -1 0
    outer loop
      vertex -53.37 2 20
      vertex -53.0564 2 14.0164
      vertex -52.7463 2 14.0656
    endloop
  endfacet
  facet normal -0 -1 0
    outer loop
      vertex -53.0564 2 14.0164
      vertex -53.37 2 20
      vertex -53.37 2 14
    endloop
  endfacet
  facet normal -0.629529 0 -0.776977
    outer loop
      vertex -51.6066 -2 19.4271
      vertex -51.37 2 19.2354
      vertex -51.37 -2 19.2354
    endloop
  endfacet
  facet normal -0.629529 0 -0.776977
    outer loop
      vertex -51.37 2 19.2354
      vertex -51.6066 -2 19.4271
      vertex -51.6066 2 19.4271
    endloop
  endfacet
  facet normal 0 1 0
    outer loop
      vertex -52.7463 -2 19.9344
      vertex -53.37 -2 20
      vertex -53.0564 -2 19.9836
    endloop
  endfacet
  facet normal 0 1 0
    outer loop
      vertex -52.4429 -2 19.8532
      vertex -53.37 -2 20
      vertex -52.7463 -2 19.9344
    endloop
  endfacet
  facet normal 0 1 0
    outer loop
      vertex -52.1498 -2 19.7406
      vertex -53.37 -2 20
      vertex -52.4429 -2 19.8532
    endloop
  endfacet
  facet normal 0 1 0
    outer loop
      vertex -51.87 -2 19.5981
      vertex -53.37 -2 20
      vertex -52.1498 -2 19.7406
    endloop
  endfacet
  facet normal 0 1 0
    outer loop
      vertex -51.6066 -2 19.4271
      vertex -53.37 -2 20
      vertex -51.87 -2 19.5981
    endloop
  endfacet
  facet normal 0 1 0
    outer loop
      vertex -51.37 -2 19.2354
      vertex -53.37 -2 20
      vertex -51.6066 -2 19.4271
    endloop
  endfacet
  facet normal 0 1 -0
    outer loop
      vertex -51.37 -2 14.7646
      vertex -53.37 -2 20
      vertex -51.37 -2 19.2354
    endloop
  endfacet
  facet normal 0 1 -0
    outer loop
      vertex -51.6066 -2 14.5729
      vertex -53.37 -2 20
      vertex -51.37 -2 14.7646
    endloop
  endfacet
  facet normal 0 1 -0
    outer loop
      vertex -51.87 -2 14.4019
      vertex -53.37 -2 20
      vertex -51.6066 -2 14.5729
    endloop
  endfacet
  facet normal 0 1 -0
    outer loop
      vertex -52.1498 -2 14.2594
      vertex -53.37 -2 20
      vertex -51.87 -2 14.4019
    endloop
  endfacet
  facet normal 0 1 -0
    outer loop
      vertex -52.4429 -2 14.1468
      vertex -53.37 -2 20
      vertex -52.1498 -2 14.2594
    endloop
  endfacet
  facet normal 0 1 -0
    outer loop
      vertex -52.7463 -2 14.0656
      vertex -53.37 -2 20
      vertex -52.4429 -2 14.1468
    endloop
  endfacet
  facet normal 0 1 -0
    outer loop
      vertex -53.0564 -2 14.0164
      vertex -53.37 -2 20
      vertex -52.7463 -2 14.0656
    endloop
  endfacet
  facet normal 0 1 0
    outer loop
      vertex -53.37 -2 20
      vertex -53.0564 -2 14.0164
      vertex -53.37 -2 14
    endloop
  endfacet
  facet normal 0 1 -0
    outer loop
      vertex -30.87 -47.37 0
      vertex -46.37 -47.37 1.7
      vertex -30.87 -47.37 1.7
    endloop
  endfacet
  facet normal 0 1 0
    outer loop
      vertex -46.37 -47.37 1.7
      vertex -30.87 -47.37 0
      vertex -46.37 -47.37 0
    endloop
  endfacet
  facet normal 0.629693 -0.776844 0
    outer loop
      vertex -47.0391 -30.1269 0
      vertex -46.9578 -30.061 1.7
      vertex -47.0391 -30.1269 1.7
    endloop
  endfacet
  facet normal 0.629693 -0.776844 0
    outer loop
      vertex -46.9578 -30.061 1.7
      vertex -47.0391 -30.1269 0
      vertex -46.9578 -30.061 0
    endloop
  endfacet
  facet normal 0.453697 0.891156 -0
    outer loop
      vertex -46.7767 -47.2835 0
      vertex -46.87 -47.236 1.7
      vertex -46.7767 -47.2835 1.7
    endloop
  endfacet
  facet normal 0.453697 0.891156 0
    outer loop
      vertex -46.87 -47.236 1.7
      vertex -46.7767 -47.2835 0
      vertex -46.87 -47.236 0
    endloop
  endfacet
  facet normal 0.25802 0.96614 -0
    outer loop
      vertex -46.5779 -47.3481 0
      vertex -46.679 -47.3211 1.7
      vertex -46.5779 -47.3481 1.7
    endloop
  endfacet
  facet normal 0.25802 0.96614 0
    outer loop
      vertex -46.679 -47.3211 1.7
      vertex -46.5779 -47.3481 0
      vertex -46.679 -47.3211 0
    endloop
  endfacet
  facet normal -0.156649 0.987654 0
    outer loop
      vertex -30.6621 -47.3481 0
      vertex -30.7655 -47.3645 1.7
      vertex -30.6621 -47.3481 1.7
    endloop
  endfacet
  facet normal -0.156649 0.987654 0
    outer loop
      vertex -30.7655 -47.3645 1.7
      vertex -30.6621 -47.3481 0
      vertex -30.7655 -47.3645 0
    endloop
  endfacet
  facet normal 0.0525588 0.998618 -0
    outer loop
      vertex -46.37 -47.37 0
      vertex -46.4745 -47.3645 1.7
      vertex -46.37 -47.37 1.7
    endloop
  endfacet
  facet normal 0.0525588 0.998618 0
    outer loop
      vertex -46.4745 -47.3645 1.7
      vertex -46.37 -47.37 0
      vertex -46.4745 -47.3645 0
    endloop
  endfacet
  facet normal 0.25802 -0.96614 0
    outer loop
      vertex -46.679 -29.9189 0
      vertex -46.5779 -29.8919 1.7
      vertex -46.679 -29.9189 1.7
    endloop
  endfacet
  facet normal 0.25802 -0.96614 0
    outer loop
      vertex -46.5779 -29.8919 1.7
      vertex -46.679 -29.9189 0
      vertex -46.5779 -29.8919 0
    endloop
  endfacet
  facet normal 0.998618 -0.0525588 0
    outer loop
      vertex -47.37 -30.87 1.7
      vertex -47.3645 -30.7655 0
      vertex -47.3645 -30.7655 1.7
    endloop
  endfacet
  facet normal 0.998618 -0.0525588 0
    outer loop
      vertex -47.3645 -30.7655 0
      vertex -47.37 -30.87 1.7
      vertex -47.37 -30.87 0
    endloop
  endfacet
  facet normal 0.838749 -0.544518 0
    outer loop
      vertex -47.236 -30.37 1.7
      vertex -47.179 -30.2822 0
      vertex -47.179 -30.2822 1.7
    endloop
  endfacet
  facet normal 0.838749 -0.544518 0
    outer loop
      vertex -47.179 -30.2822 0
      vertex -47.236 -30.37 1.7
      vertex -47.236 -30.37 0
    endloop
  endfacet
  facet normal 0 -1 0
    outer loop
      vertex -46.37 -29.87 0
      vertex -30.87 -29.87 1.7
      vertex -46.37 -29.87 1.7
    endloop
  endfacet
  facet normal 0 -1 -0
    outer loop
      vertex -30.87 -29.87 1.7
      vertex -46.37 -29.87 0
      vertex -30.87 -29.87 0
    endloop
  endfacet
  facet normal 0.707107 0.707107 0
    outer loop
      vertex -47.0391 -47.1131 1.7
      vertex -47.1131 -47.0391 0
      vertex -47.1131 -47.0391 1.7
    endloop
  endfacet
  facet normal 0.707107 0.707107 0
    outer loop
      vertex -47.1131 -47.0391 0
      vertex -47.0391 -47.1131 1.7
      vertex -47.0391 -47.1131 0
    endloop
  endfacet
  facet normal 0.987654 -0.156649 0
    outer loop
      vertex -47.3645 -30.7655 1.7
      vertex -47.3481 -30.6621 0
      vertex -47.3481 -30.6621 1.7
    endloop
  endfacet
  facet normal 0.987654 -0.156649 0
    outer loop
      vertex -47.3481 -30.6621 0
      vertex -47.3645 -30.7655 1.7
      vertex -47.3645 -30.7655 0
    endloop
  endfacet
  facet normal 0.544518 0.838749 -0
    outer loop
      vertex -46.87 -47.236 0
      vertex -46.9578 -47.179 1.7
      vertex -46.87 -47.236 1.7
    endloop
  endfacet
  facet normal 0.544518 0.838749 0
    outer loop
      vertex -46.9578 -47.179 1.7
      vertex -46.87 -47.236 0
      vertex -46.9578 -47.179 0
    endloop
  endfacet
  facet normal 0.987654 0.156649 0
    outer loop
      vertex -47.3481 -46.5779 1.7
      vertex -47.3645 -46.4745 0
      vertex -47.3645 -46.4745 1.7
    endloop
  endfacet
  facet normal 0.987654 0.156649 0
    outer loop
      vertex -47.3645 -46.4745 0
      vertex -47.3481 -46.5779 1.7
      vertex -47.3481 -46.5779 0
    endloop
  endfacet
  facet normal 0.933272 0.359171 0
    outer loop
      vertex -47.2835 -46.7767 1.7
      vertex -47.3211 -46.679 0
      vertex -47.3211 -46.679 1.7
    endloop
  endfacet
  facet normal 0.933272 0.359171 0
    outer loop
      vertex -47.3211 -46.679 0
      vertex -47.2835 -46.7767 1.7
      vertex -47.2835 -46.7767 0
    endloop
  endfacet
  facet normal 0.453697 -0.891156 0
    outer loop
      vertex -46.87 -30.004 0
      vertex -46.7767 -29.9565 1.7
      vertex -46.87 -30.004 1.7
    endloop
  endfacet
  facet normal 0.453697 -0.891156 0
    outer loop
      vertex -46.7767 -29.9565 1.7
      vertex -46.87 -30.004 0
      vertex -46.7767 -29.9565 0
    endloop
  endfacet
  facet normal 0.96614 -0.25802 0
    outer loop
      vertex -47.3481 -30.6621 1.7
      vertex -47.3211 -30.561 0
      vertex -47.3211 -30.561 1.7
    endloop
  endfacet
  facet normal 0.96614 -0.25802 0
    outer loop
      vertex -47.3211 -30.561 0
      vertex -47.3481 -30.6621 1.7
      vertex -47.3481 -30.6621 0
    endloop
  endfacet
  facet normal 0.776844 0.629693 0
    outer loop
      vertex -47.1131 -47.0391 1.7
      vertex -47.179 -46.9578 0
      vertex -47.179 -46.9578 1.7
    endloop
  endfacet
  facet normal 0.776844 0.629693 0
    outer loop
      vertex -47.179 -46.9578 0
      vertex -47.1131 -47.0391 1.7
      vertex -47.1131 -47.0391 0
    endloop
  endfacet
  facet normal 0.776844 -0.629693 0
    outer loop
      vertex -47.179 -30.2822 1.7
      vertex -47.1131 -30.2009 0
      vertex -47.1131 -30.2009 1.7
    endloop
  endfacet
  facet normal 0.776844 -0.629693 0
    outer loop
      vertex -47.1131 -30.2009 0
      vertex -47.179 -30.2822 1.7
      vertex -47.179 -30.2822 0
    endloop
  endfacet
  facet normal 0.96614 0.25802 0
    outer loop
      vertex -47.3211 -46.679 1.7
      vertex -47.3481 -46.5779 0
      vertex -47.3481 -46.5779 1.7
    endloop
  endfacet
  facet normal 0.96614 0.25802 0
    outer loop
      vertex -47.3481 -46.5779 0
      vertex -47.3211 -46.679 1.7
      vertex -47.3211 -46.679 0
    endloop
  endfacet
  facet normal -0.544518 0.838749 0
    outer loop
      vertex -30.2822 -47.179 0
      vertex -30.37 -47.236 1.7
      vertex -30.2822 -47.179 1.7
    endloop
  endfacet
  facet normal -0.544518 0.838749 0
    outer loop
      vertex -30.37 -47.236 1.7
      vertex -30.2822 -47.179 0
      vertex -30.37 -47.236 0
    endloop
  endfacet
  facet normal 0.359171 0.933272 -0
    outer loop
      vertex -46.679 -47.3211 0
      vertex -46.7767 -47.2835 1.7
      vertex -46.679 -47.3211 1.7
    endloop
  endfacet
  facet normal 0.359171 0.933272 0
    outer loop
      vertex -46.7767 -47.2835 1.7
      vertex -46.679 -47.3211 0
      vertex -46.7767 -47.2835 0
    endloop
  endfacet
  facet normal 1 -0 0
    outer loop
      vertex -47.37 -46.37 1.7
      vertex -47.37 -30.87 0
      vertex -47.37 -30.87 1.7
    endloop
  endfacet
  facet normal 1 0 0
    outer loop
      vertex -47.37 -30.87 0
      vertex -47.37 -46.37 1.7
      vertex -47.37 -46.37 0
    endloop
  endfacet
  facet normal 0.998618 0.0525588 0
    outer loop
      vertex -47.3645 -46.4745 1.7
      vertex -47.37 -46.37 0
      vertex -47.37 -46.37 1.7
    endloop
  endfacet
  facet normal 0.998618 0.0525588 0
    outer loop
      vertex -47.37 -46.37 0
      vertex -47.3645 -46.4745 1.7
      vertex -47.3645 -46.4745 0
    endloop
  endfacet
  facet normal -0.359171 0.933272 0
    outer loop
      vertex -30.4633 -47.2835 0
      vertex -30.561 -47.3211 1.7
      vertex -30.4633 -47.2835 1.7
    endloop
  endfacet
  facet normal -0.359171 0.933272 0
    outer loop
      vertex -30.561 -47.3211 1.7
      vertex -30.4633 -47.2835 0
      vertex -30.561 -47.3211 0
    endloop
  endfacet
  facet normal -0.629693 -0.776844 0
    outer loop
      vertex -30.2822 -30.061 0
      vertex -30.2009 -30.1269 1.7
      vertex -30.2822 -30.061 1.7
    endloop
  endfacet
  facet normal -0.629693 -0.776844 -0
    outer loop
      vertex -30.2009 -30.1269 1.7
      vertex -30.2822 -30.061 0
      vertex -30.2009 -30.1269 0
    endloop
  endfacet
  facet normal 0.156649 0.987654 -0
    outer loop
      vertex -46.4745 -47.3645 0
      vertex -46.5779 -47.3481 1.7
      vertex -46.4745 -47.3645 1.7
    endloop
  endfacet
  facet normal 0.156649 0.987654 0
    outer loop
      vertex -46.5779 -47.3481 1.7
      vertex -46.4745 -47.3645 0
      vertex -46.5779 -47.3481 0
    endloop
  endfacet
  facet normal 0.838749 0.544518 0
    outer loop
      vertex -47.179 -46.9578 1.7
      vertex -47.236 -46.87 0
      vertex -47.236 -46.87 1.7
    endloop
  endfacet
  facet normal 0.838749 0.544518 0
    outer loop
      vertex -47.236 -46.87 0
      vertex -47.179 -46.9578 1.7
      vertex -47.179 -46.9578 0
    endloop
  endfacet
  facet normal -1 0 0
    outer loop
      vertex -29.87 -46.37 0
      vertex -29.87 -30.87 1.7
      vertex -29.87 -30.87 0
    endloop
  endfacet
  facet normal -1 -0 0
    outer loop
      vertex -29.87 -30.87 1.7
      vertex -29.87 -46.37 0
      vertex -29.87 -46.37 1.7
    endloop
  endfacet
  facet normal -0.838749 0.544518 0
    outer loop
      vertex -30.061 -46.9578 0
      vertex -30.004 -46.87 1.7
      vertex -30.004 -46.87 0
    endloop
  endfacet
  facet normal -0.838749 0.544518 0
    outer loop
      vertex -30.004 -46.87 1.7
      vertex -30.061 -46.9578 0
      vertex -30.061 -46.9578 1.7
    endloop
  endfacet
  facet normal -0.707107 0.707107 0
    outer loop
      vertex -30.1269 -47.0391 0
      vertex -30.2009 -47.1131 1.7
      vertex -30.1269 -47.0391 1.7
    endloop
  endfacet
  facet normal -0.707107 0.707107 0
    outer loop
      vertex -30.2009 -47.1131 1.7
      vertex -30.1269 -47.0391 0
      vertex -30.2009 -47.1131 0
    endloop
  endfacet
  facet normal 0.891156 0.453697 0
    outer loop
      vertex -47.236 -46.87 1.7
      vertex -47.2835 -46.7767 0
      vertex -47.2835 -46.7767 1.7
    endloop
  endfacet
  facet normal 0.891156 0.453697 0
    outer loop
      vertex -47.2835 -46.7767 0
      vertex -47.236 -46.87 1.7
      vertex -47.236 -46.87 0
    endloop
  endfacet
  facet normal -0.838749 -0.544518 0
    outer loop
      vertex -30.004 -30.37 0
      vertex -30.061 -30.2822 1.7
      vertex -30.061 -30.2822 0
    endloop
  endfacet
  facet normal -0.838749 -0.544518 0
    outer loop
      vertex -30.061 -30.2822 1.7
      vertex -30.004 -30.37 0
      vertex -30.004 -30.37 1.7
    endloop
  endfacet
  facet normal 0.629693 0.776844 -0
    outer loop
      vertex -46.9578 -47.179 0
      vertex -47.0391 -47.1131 1.7
      vertex -46.9578 -47.179 1.7
    endloop
  endfacet
  facet normal 0.629693 0.776844 0
    outer loop
      vertex -47.0391 -47.1131 1.7
      vertex -46.9578 -47.179 0
      vertex -47.0391 -47.1131 0
    endloop
  endfacet
  facet normal -0.0525588 0.998618 0
    outer loop
      vertex -30.7655 -47.3645 0
      vertex -30.87 -47.37 1.7
      vertex -30.7655 -47.3645 1.7
    endloop
  endfacet
  facet normal -0.0525588 0.998618 0
    outer loop
      vertex -30.87 -47.37 1.7
      vertex -30.7655 -47.3645 0
      vertex -30.87 -47.37 0
    endloop
  endfacet
  facet normal 0.544518 -0.838749 0
    outer loop
      vertex -46.9578 -30.061 0
      vertex -46.87 -30.004 1.7
      vertex -46.9578 -30.061 1.7
    endloop
  endfacet
  facet normal 0.544518 -0.838749 0
    outer loop
      vertex -46.87 -30.004 1.7
      vertex -46.9578 -30.061 0
      vertex -46.87 -30.004 0
    endloop
  endfacet
  facet normal -0.776844 -0.629693 0
    outer loop
      vertex -30.061 -30.2822 0
      vertex -30.1269 -30.2009 1.7
      vertex -30.1269 -30.2009 0
    endloop
  endfacet
  facet normal -0.776844 -0.629693 0
    outer loop
      vertex -30.1269 -30.2009 1.7
      vertex -30.061 -30.2822 0
      vertex -30.061 -30.2822 1.7
    endloop
  endfacet
  facet normal -0.25802 0.96614 0
    outer loop
      vertex -30.561 -47.3211 0
      vertex -30.6621 -47.3481 1.7
      vertex -30.561 -47.3211 1.7
    endloop
  endfacet
  facet normal -0.25802 0.96614 0
    outer loop
      vertex -30.6621 -47.3481 1.7
      vertex -30.561 -47.3211 0
      vertex -30.6621 -47.3481 0
    endloop
  endfacet
  facet normal -0.25802 -0.96614 0
    outer loop
      vertex -30.6621 -29.8919 0
      vertex -30.561 -29.9189 1.7
      vertex -30.6621 -29.8919 1.7
    endloop
  endfacet
  facet normal -0.25802 -0.96614 -0
    outer loop
      vertex -30.561 -29.9189 1.7
      vertex -30.6621 -29.8919 0
      vertex -30.561 -29.9189 0
    endloop
  endfacet
  facet normal -0.998618 0.0525588 0
    outer loop
      vertex -29.8755 -46.4745 0
      vertex -29.87 -46.37 1.7
      vertex -29.87 -46.37 0
    endloop
  endfacet
  facet normal -0.998618 0.0525588 0
    outer loop
      vertex -29.87 -46.37 1.7
      vertex -29.8755 -46.4745 0
      vertex -29.8755 -46.4745 1.7
    endloop
  endfacet
  facet normal -0.998618 -0.0525588 0
    outer loop
      vertex -29.87 -30.87 0
      vertex -29.8755 -30.7655 1.7
      vertex -29.8755 -30.7655 0
    endloop
  endfacet
  facet normal -0.998618 -0.0525588 0
    outer loop
      vertex -29.8755 -30.7655 1.7
      vertex -29.87 -30.87 0
      vertex -29.87 -30.87 1.7
    endloop
  endfacet
  facet normal 0.156649 -0.987654 0
    outer loop
      vertex -46.5779 -29.8919 0
      vertex -46.4745 -29.8755 1.7
      vertex -46.5779 -29.8919 1.7
    endloop
  endfacet
  facet normal 0.156649 -0.987654 0
    outer loop
      vertex -46.4745 -29.8755 1.7
      vertex -46.5779 -29.8919 0
      vertex -46.4745 -29.8755 0
    endloop
  endfacet
  facet normal 0.891156 -0.453697 0
    outer loop
      vertex -47.2835 -30.4633 1.7
      vertex -47.236 -30.37 0
      vertex -47.236 -30.37 1.7
    endloop
  endfacet
  facet normal 0.891156 -0.453697 0
    outer loop
      vertex -47.236 -30.37 0
      vertex -47.2835 -30.4633 1.7
      vertex -47.2835 -30.4633 0
    endloop
  endfacet
  facet normal -0.544518 -0.838749 0
    outer loop
      vertex -30.37 -30.004 0
      vertex -30.2822 -30.061 1.7
      vertex -30.37 -30.004 1.7
    endloop
  endfacet
  facet normal -0.544518 -0.838749 -0
    outer loop
      vertex -30.2822 -30.061 1.7
      vertex -30.37 -30.004 0
      vertex -30.2822 -30.061 0
    endloop
  endfacet
  facet normal 0.933272 -0.359171 0
    outer loop
      vertex -47.3211 -30.561 1.7
      vertex -47.2835 -30.4633 0
      vertex -47.2835 -30.4633 1.7
    endloop
  endfacet
  facet normal 0.933272 -0.359171 0
    outer loop
      vertex -47.2835 -30.4633 0
      vertex -47.3211 -30.561 1.7
      vertex -47.3211 -30.561 0
    endloop
  endfacet
  facet normal -0.629693 0.776844 0
    outer loop
      vertex -30.2009 -47.1131 0
      vertex -30.2822 -47.179 1.7
      vertex -30.2009 -47.1131 1.7
    endloop
  endfacet
  facet normal -0.629693 0.776844 0
    outer loop
      vertex -30.2822 -47.179 1.7
      vertex -30.2009 -47.1131 0
      vertex -30.2822 -47.179 0
    endloop
  endfacet
  facet normal -0.987654 0.156649 0
    outer loop
      vertex -29.8919 -46.5779 0
      vertex -29.8755 -46.4745 1.7
      vertex -29.8755 -46.4745 0
    endloop
  endfacet
  facet normal -0.987654 0.156649 0
    outer loop
      vertex -29.8755 -46.4745 1.7
      vertex -29.8919 -46.5779 0
      vertex -29.8919 -46.5779 1.7
    endloop
  endfacet
  facet normal -0.891156 0.453697 0
    outer loop
      vertex -30.004 -46.87 0
      vertex -29.9565 -46.7767 1.7
      vertex -29.9565 -46.7767 0
    endloop
  endfacet
  facet normal -0.891156 0.453697 0
    outer loop
      vertex -29.9565 -46.7767 1.7
      vertex -30.004 -46.87 0
      vertex -30.004 -46.87 1.7
    endloop
  endfacet
  facet normal -0.156649 -0.987654 0
    outer loop
      vertex -30.7655 -29.8755 0
      vertex -30.6621 -29.8919 1.7
      vertex -30.7655 -29.8755 1.7
    endloop
  endfacet
  facet normal -0.156649 -0.987654 -0
    outer loop
      vertex -30.6621 -29.8919 1.7
      vertex -30.7655 -29.8755 0
      vertex -30.6621 -29.8919 0
    endloop
  endfacet
  facet normal -0.453697 0.891156 0
    outer loop
      vertex -30.37 -47.236 0
      vertex -30.4633 -47.2835 1.7
      vertex -30.37 -47.236 1.7
    endloop
  endfacet
  facet normal -0.453697 0.891156 0
    outer loop
      vertex -30.4633 -47.2835 1.7
      vertex -30.37 -47.236 0
      vertex -30.4633 -47.2835 0
    endloop
  endfacet
  facet normal -0.933272 0.359171 0
    outer loop
      vertex -29.9565 -46.7767 0
      vertex -29.9189 -46.679 1.7
      vertex -29.9189 -46.679 0
    endloop
  endfacet
  facet normal -0.933272 0.359171 0
    outer loop
      vertex -29.9189 -46.679 1.7
      vertex -29.9565 -46.7767 0
      vertex -29.9565 -46.7767 1.7
    endloop
  endfacet
  facet normal 0.707107 -0.707107 0
    outer loop
      vertex -47.1131 -30.2009 1.7
      vertex -47.0391 -30.1269 0
      vertex -47.0391 -30.1269 1.7
    endloop
  endfacet
  facet normal 0.707107 -0.707107 0
    outer loop
      vertex -47.0391 -30.1269 0
      vertex -47.1131 -30.2009 1.7
      vertex -47.1131 -30.2009 0
    endloop
  endfacet
  facet normal -0.933272 -0.359171 0
    outer loop
      vertex -29.9189 -30.561 0
      vertex -29.9565 -30.4633 1.7
      vertex -29.9565 -30.4633 0
    endloop
  endfacet
  facet normal -0.933272 -0.359171 0
    outer loop
      vertex -29.9565 -30.4633 1.7
      vertex -29.9189 -30.561 0
      vertex -29.9189 -30.561 1.7
    endloop
  endfacet
  facet normal 0.359171 -0.933272 0
    outer loop
      vertex -46.7767 -29.9565 0
      vertex -46.679 -29.9189 1.7
      vertex -46.7767 -29.9565 1.7
    endloop
  endfacet
  facet normal 0.359171 -0.933272 0
    outer loop
      vertex -46.679 -29.9189 1.7
      vertex -46.7767 -29.9565 0
      vertex -46.679 -29.9189 0
    endloop
  endfacet
  facet normal -0.776844 0.629693 0
    outer loop
      vertex -30.1269 -47.0391 0
      vertex -30.061 -46.9578 1.7
      vertex -30.061 -46.9578 0
    endloop
  endfacet
  facet normal -0.776844 0.629693 0
    outer loop
      vertex -30.061 -46.9578 1.7
      vertex -30.1269 -47.0391 0
      vertex -30.1269 -47.0391 1.7
    endloop
  endfacet
  facet normal 0.0525588 -0.998618 0
    outer loop
      vertex -46.4745 -29.8755 0
      vertex -46.37 -29.87 1.7
      vertex -46.4745 -29.8755 1.7
    endloop
  endfacet
  facet normal 0.0525588 -0.998618 0
    outer loop
      vertex -46.37 -29.87 1.7
      vertex -46.4745 -29.8755 0
      vertex -46.37 -29.87 0
    endloop
  endfacet
  facet normal -0.707107 -0.707107 0
    outer loop
      vertex -30.1269 -30.2009 0
      vertex -30.2009 -30.1269 1.7
      vertex -30.2009 -30.1269 0
    endloop
  endfacet
  facet normal -0.707107 -0.707107 0
    outer loop
      vertex -30.2009 -30.1269 1.7
      vertex -30.1269 -30.2009 0
      vertex -30.1269 -30.2009 1.7
    endloop
  endfacet
  facet normal -0.359171 -0.933272 0
    outer loop
      vertex -30.561 -29.9189 0
      vertex -30.4633 -29.9565 1.7
      vertex -30.561 -29.9189 1.7
    endloop
  endfacet
  facet normal -0.359171 -0.933272 -0
    outer loop
      vertex -30.4633 -29.9565 1.7
      vertex -30.561 -29.9189 0
      vertex -30.4633 -29.9565 0
    endloop
  endfacet
  facet normal -0.453697 -0.891156 0
    outer loop
      vertex -30.4633 -29.9565 0
      vertex -30.37 -30.004 1.7
      vertex -30.4633 -29.9565 1.7
    endloop
  endfacet
  facet normal -0.453697 -0.891156 -0
    outer loop
      vertex -30.37 -30.004 1.7
      vertex -30.4633 -29.9565 0
      vertex -30.37 -30.004 0
    endloop
  endfacet
  facet normal -0.96614 0.25802 0
    outer loop
      vertex -29.9189 -46.679 0
      vertex -29.8919 -46.5779 1.7
      vertex -29.8919 -46.5779 0
    endloop
  endfacet
  facet normal -0.96614 0.25802 0
    outer loop
      vertex -29.8919 -46.5779 1.7
      vertex -29.9189 -46.679 0
      vertex -29.9189 -46.679 1.7
    endloop
  endfacet
  facet normal -0.96614 -0.25802 0
    outer loop
      vertex -29.8919 -30.6621 0
      vertex -29.9189 -30.561 1.7
      vertex -29.9189 -30.561 0
    endloop
  endfacet
  facet normal -0.96614 -0.25802 0
    outer loop
      vertex -29.9189 -30.561 1.7
      vertex -29.8919 -30.6621 0
      vertex -29.8919 -30.6621 1.7
    endloop
  endfacet
  facet normal -0.987654 -0.156649 0
    outer loop
      vertex -29.8755 -30.7655 0
      vertex -29.8919 -30.6621 1.7
      vertex -29.8919 -30.6621 0
    endloop
  endfacet
  facet normal -0.987654 -0.156649 0
    outer loop
      vertex -29.8919 -30.6621 1.7
      vertex -29.8755 -30.7655 0
      vertex -29.8755 -30.7655 1.7
    endloop
  endfacet
  facet normal -0.0525588 -0.998618 0
    outer loop
      vertex -30.87 -29.87 0
      vertex -30.7655 -29.8755 1.7
      vertex -30.87 -29.87 1.7
    endloop
  endfacet
  facet normal -0.0525588 -0.998618 -0
    outer loop
      vertex -30.7655 -29.8755 1.7
      vertex -30.87 -29.87 0
      vertex -30.7655 -29.8755 0
    endloop
  endfacet
  facet normal -0.891156 -0.453697 0
    outer loop
      vertex -29.9565 -30.4633 0
      vertex -30.004 -30.37 1.7
      vertex -30.004 -30.37 0
    endloop
  endfacet
  facet normal -0.891156 -0.453697 0
    outer loop
      vertex -30.004 -30.37 1.7
      vertex -29.9565 -30.4633 0
      vertex -29.9565 -30.4633 1.7
    endloop
  endfacet
  facet normal 0 0 -1
    outer loop
      vertex -30.87 -47.37 1.7
      vertex -29.87 -46.37 1.7
      vertex -29.8755 -46.4745 1.7
    endloop
  endfacet
  facet normal -0 0 -1
    outer loop
      vertex -29.87 -46.37 1.7
      vertex -30.87 -47.37 1.7
      vertex -29.87 -30.87 1.7
    endloop
  endfacet
  facet normal 0 0 -1
    outer loop
      vertex -30.87 -47.37 1.7
      vertex -29.8755 -46.4745 1.7
      vertex -29.8919 -46.5779 1.7
    endloop
  endfacet
  facet normal 0 0 -1
    outer loop
      vertex -30.87 -29.87 1.7
      vertex -29.87 -30.87 1.7
      vertex -30.87 -47.37 1.7
    endloop
  endfacet
  facet normal 0 0 -1
    outer loop
      vertex -30.87 -47.37 1.7
      vertex -29.8919 -46.5779 1.7
      vertex -29.9189 -46.679 1.7
    endloop
  endfacet
  facet normal 0 0 -1
    outer loop
      vertex -29.87 -30.87 1.7
      vertex -30.87 -29.87 1.7
      vertex -29.8755 -30.7655 1.7
    endloop
  endfacet
  facet normal 0 0 -1
    outer loop
      vertex -30.87 -47.37 1.7
      vertex -29.9189 -46.679 1.7
      vertex -29.9565 -46.7767 1.7
    endloop
  endfacet
  facet normal 0 0 -1
    outer loop
      vertex -29.8755 -30.7655 1.7
      vertex -30.87 -29.87 1.7
      vertex -29.8919 -30.6621 1.7
    endloop
  endfacet
  facet normal 0 0 -1
    outer loop
      vertex -30.87 -47.37 1.7
      vertex -29.9565 -46.7767 1.7
      vertex -30.004 -46.87 1.7
    endloop
  endfacet
  facet normal 0 0 -1
    outer loop
      vertex -29.8919 -30.6621 1.7
      vertex -30.87 -29.87 1.7
      vertex -29.9189 -30.561 1.7
    endloop
  endfacet
  facet normal 0 0 -1
    outer loop
      vertex -30.87 -47.37 1.7
      vertex -30.004 -46.87 1.7
      vertex -30.061 -46.9578 1.7
    endloop
  endfacet
  facet normal 0 0 -1
    outer loop
      vertex -29.9189 -30.561 1.7
      vertex -30.87 -29.87 1.7
      vertex -29.9565 -30.4633 1.7
    endloop
  endfacet
  facet normal 0 0 -1
    outer loop
      vertex -30.87 -47.37 1.7
      vertex -30.061 -46.9578 1.7
      vertex -30.1269 -47.0391 1.7
    endloop
  endfacet
  facet normal 0 0 -1
    outer loop
      vertex -29.9565 -30.4633 1.7
      vertex -30.87 -29.87 1.7
      vertex -30.004 -30.37 1.7
    endloop
  endfacet
  facet normal 0 0 -1
    outer loop
      vertex -30.87 -47.37 1.7
      vertex -30.1269 -47.0391 1.7
      vertex -30.2009 -47.1131 1.7
    endloop
  endfacet
  facet normal 0 0 -1
    outer loop
      vertex -30.004 -30.37 1.7
      vertex -30.87 -29.87 1.7
      vertex -30.061 -30.2822 1.7
    endloop
  endfacet
  facet normal 0 0 -1
    outer loop
      vertex -30.87 -47.37 1.7
      vertex -30.2009 -47.1131 1.7
      vertex -30.2822 -47.179 1.7
    endloop
  endfacet
  facet normal 0 0 -1
    outer loop
      vertex -30.061 -30.2822 1.7
      vertex -30.87 -29.87 1.7
      vertex -30.1269 -30.2009 1.7
    endloop
  endfacet
  facet normal 0 0 -1
    outer loop
      vertex -30.87 -47.37 1.7
      vertex -30.2822 -47.179 1.7
      vertex -30.37 -47.236 1.7
    endloop
  endfacet
  facet normal 0 0 -1
    outer loop
      vertex -30.1269 -30.2009 1.7
      vertex -30.87 -29.87 1.7
      vertex -30.2009 -30.1269 1.7
    endloop
  endfacet
  facet normal 0 0 -1
    outer loop
      vertex -30.87 -47.37 1.7
      vertex -30.37 -47.236 1.7
      vertex -30.4633 -47.2835 1.7
    endloop
  endfacet
  facet normal 0 0 -1
    outer loop
      vertex -30.2009 -30.1269 1.7
      vertex -30.87 -29.87 1.7
      vertex -30.2822 -30.061 1.7
    endloop
  endfacet
  facet normal 0 0 -1
    outer loop
      vertex -30.87 -47.37 1.7
      vertex -30.4633 -47.2835 1.7
      vertex -30.561 -47.3211 1.7
    endloop
  endfacet
  facet normal 0 0 -1
    outer loop
      vertex -30.2822 -30.061 1.7
      vertex -30.87 -29.87 1.7
      vertex -30.37 -30.004 1.7
    endloop
  endfacet
  facet normal 0 0 -1
    outer loop
      vertex -30.87 -47.37 1.7
      vertex -30.561 -47.3211 1.7
      vertex -30.6621 -47.3481 1.7
    endloop
  endfacet
  facet normal 0 0 -1
    outer loop
      vertex -30.37 -30.004 1.7
      vertex -30.87 -29.87 1.7
      vertex -30.4633 -29.9565 1.7
    endloop
  endfacet
  facet normal 0 0 -1
    outer loop
      vertex -30.87 -47.37 1.7
      vertex -30.6621 -47.3481 1.7
      vertex -30.7655 -47.3645 1.7
    endloop
  endfacet
  facet normal 0 0 -1
    outer loop
      vertex -30.4633 -29.9565 1.7
      vertex -30.87 -29.87 1.7
      vertex -30.561 -29.9189 1.7
    endloop
  endfacet
  facet normal 0 0 -1
    outer loop
      vertex -30.561 -29.9189 1.7
      vertex -30.87 -29.87 1.7
      vertex -30.6621 -29.8919 1.7
    endloop
  endfacet
  facet normal 0 0 -1
    outer loop
      vertex -30.6621 -29.8919 1.7
      vertex -30.87 -29.87 1.7
      vertex -30.7655 -29.8755 1.7
    endloop
  endfacet
  facet normal 0 0 -1
    outer loop
      vertex -46.37 -47.37 1.7
      vertex -30.87 -29.87 1.7
      vertex -30.87 -47.37 1.7
    endloop
  endfacet
  facet normal 0 0 -1
    outer loop
      vertex -46.37 -47.37 1.7
      vertex -46.37 -29.87 1.7
      vertex -30.87 -29.87 1.7
    endloop
  endfacet
  facet normal 0 0 -1
    outer loop
      vertex -47.37 -46.37 1.7
      vertex -46.37 -47.37 1.7
      vertex -46.4745 -47.3645 1.7
    endloop
  endfacet
  facet normal 0 0 -1
    outer loop
      vertex -46.37 -47.37 1.7
      vertex -47.37 -46.37 1.7
      vertex -46.37 -29.87 1.7
    endloop
  endfacet
  facet normal 0 0 -1
    outer loop
      vertex -47.37 -46.37 1.7
      vertex -46.4745 -47.3645 1.7
      vertex -46.5779 -47.3481 1.7
    endloop
  endfacet
  facet normal 0 0 -1
    outer loop
      vertex -47.37 -30.87 1.7
      vertex -46.37 -29.87 1.7
      vertex -47.37 -46.37 1.7
    endloop
  endfacet
  facet normal 0 0 -1
    outer loop
      vertex -47.37 -46.37 1.7
      vertex -46.5779 -47.3481 1.7
      vertex -46.679 -47.3211 1.7
    endloop
  endfacet
  facet normal 0 0 -1
    outer loop
      vertex -46.37 -29.87 1.7
      vertex -47.37 -30.87 1.7
      vertex -46.4745 -29.8755 1.7
    endloop
  endfacet
  facet normal 0 0 -1
    outer loop
      vertex -47.37 -46.37 1.7
      vertex -46.679 -47.3211 1.7
      vertex -46.7767 -47.2835 1.7
    endloop
  endfacet
  facet normal 0 0 -1
    outer loop
      vertex -46.4745 -29.8755 1.7
      vertex -47.37 -30.87 1.7
      vertex -46.5779 -29.8919 1.7
    endloop
  endfacet
  facet normal 0 0 -1
    outer loop
      vertex -47.37 -46.37 1.7
      vertex -46.7767 -47.2835 1.7
      vertex -46.87 -47.236 1.7
    endloop
  endfacet
  facet normal 0 0 -1
    outer loop
      vertex -46.5779 -29.8919 1.7
      vertex -47.37 -30.87 1.7
      vertex -46.679 -29.9189 1.7
    endloop
  endfacet
  facet normal 0 0 -1
    outer loop
      vertex -47.37 -46.37 1.7
      vertex -46.87 -47.236 1.7
      vertex -46.9578 -47.179 1.7
    endloop
  endfacet
  facet normal 0 0 -1
    outer loop
      vertex -46.679 -29.9189 1.7
      vertex -47.37 -30.87 1.7
      vertex -46.7767 -29.9565 1.7
    endloop
  endfacet
  facet normal 0 0 -1
    outer loop
      vertex -47.37 -46.37 1.7
      vertex -46.9578 -47.179 1.7
      vertex -47.0391 -47.1131 1.7
    endloop
  endfacet
  facet normal 0 0 -1
    outer loop
      vertex -46.7767 -29.9565 1.7
      vertex -47.37 -30.87 1.7
      vertex -46.87 -30.004 1.7
    endloop
  endfacet
  facet normal 0 0 -1
    outer loop
      vertex -47.37 -46.37 1.7
      vertex -47.0391 -47.1131 1.7
      vertex -47.1131 -47.0391 1.7
    endloop
  endfacet
  facet normal 0 0 -1
    outer loop
      vertex -46.87 -30.004 1.7
      vertex -47.37 -30.87 1.7
      vertex -46.9578 -30.061 1.7
    endloop
  endfacet
  facet normal 0 0 -1
    outer loop
      vertex -47.37 -46.37 1.7
      vertex -47.1131 -47.0391 1.7
      vertex -47.179 -46.9578 1.7
    endloop
  endfacet
  facet normal 0 0 -1
    outer loop
      vertex -46.9578 -30.061 1.7
      vertex -47.37 -30.87 1.7
      vertex -47.0391 -30.1269 1.7
    endloop
  endfacet
  facet normal 0 0 -1
    outer loop
      vertex -47.37 -46.37 1.7
      vertex -47.179 -46.9578 1.7
      vertex -47.236 -46.87 1.7
    endloop
  endfacet
  facet normal 0 0 -1
    outer loop
      vertex -47.0391 -30.1269 1.7
      vertex -47.37 -30.87 1.7
      vertex -47.1131 -30.2009 1.7
    endloop
  endfacet
  facet normal 0 0 -1
    outer loop
      vertex -47.37 -46.37 1.7
      vertex -47.236 -46.87 1.7
      vertex -47.2835 -46.7767 1.7
    endloop
  endfacet
  facet normal 0 0 -1
    outer loop
      vertex -47.1131 -30.2009 1.7
      vertex -47.37 -30.87 1.7
      vertex -47.179 -30.2822 1.7
    endloop
  endfacet
  facet normal 0 0 -1
    outer loop
      vertex -47.37 -46.37 1.7
      vertex -47.2835 -46.7767 1.7
      vertex -47.3211 -46.679 1.7
    endloop
  endfacet
  facet normal 0 0 -1
    outer loop
      vertex -47.179 -30.2822 1.7
      vertex -47.37 -30.87 1.7
      vertex -47.236 -30.37 1.7
    endloop
  endfacet
  facet normal 0 0 -1
    outer loop
      vertex -47.37 -46.37 1.7
      vertex -47.3211 -46.679 1.7
      vertex -47.3481 -46.5779 1.7
    endloop
  endfacet
  facet normal 0 0 -1
    outer loop
      vertex -47.236 -30.37 1.7
      vertex -47.37 -30.87 1.7
      vertex -47.2835 -30.4633 1.7
    endloop
  endfacet
  facet normal 0 0 -1
    outer loop
      vertex -47.37 -46.37 1.7
      vertex -47.3481 -46.5779 1.7
      vertex -47.3645 -46.4745 1.7
    endloop
  endfacet
  facet normal 0 0 -1
    outer loop
      vertex -47.2835 -30.4633 1.7
      vertex -47.37 -30.87 1.7
      vertex -47.3211 -30.561 1.7
    endloop
  endfacet
  facet normal 0 0 -1
    outer loop
      vertex -47.3211 -30.561 1.7
      vertex -47.37 -30.87 1.7
      vertex -47.3481 -30.6621 1.7
    endloop
  endfacet
  facet normal 0 0 -1
    outer loop
      vertex -47.3481 -30.6621 1.7
      vertex -47.37 -30.87 1.7
      vertex -47.3645 -30.7655 1.7
    endloop
  endfacet
  facet normal -0.55552 0.831503 0
    outer loop
      vertex -34.454 -6.11418 2.5
      vertex -34.9407 -6.43934 5.5
      vertex -34.454 -6.11418 5.5
    endloop
  endfacet
  facet normal -0.55552 0.831503 0
    outer loop
      vertex -34.9407 -6.43934 5.5
      vertex -34.454 -6.11418 2.5
      vertex -34.9407 -6.43934 2.5
    endloop
  endfacet
  facet normal 0.831519 0.555496 0
    outer loop
      vertex -32.4942 -6.92598 5.5
      vertex -32.8193 -6.43934 2.5
      vertex -32.8193 -6.43934 5.5
    endloop
  endfacet
  facet normal 0.831519 0.555496 0
    outer loop
      vertex -32.8193 -6.43934 2.5
      vertex -32.4942 -6.92598 5.5
      vertex -32.4942 -6.92598 2.5
    endloop
  endfacet
  facet normal 0.980779 0.195124 0
    outer loop
      vertex -32.38 -7.5 5.5
      vertex -32.4942 -6.92598 2.5
      vertex -32.4942 -6.92598 5.5
    endloop
  endfacet
  facet normal 0.980779 0.195124 0
    outer loop
      vertex -32.4942 -6.92598 2.5
      vertex -32.38 -7.5 5.5
      vertex -32.38 -7.5 2.5
    endloop
  endfacet
  facet normal -0.831519 0.555496 0
    outer loop
      vertex -35.2658 -6.92598 2.5
      vertex -34.9407 -6.43934 5.5
      vertex -34.9407 -6.43934 2.5
    endloop
  endfacet
  facet normal -0.831519 0.555496 0
    outer loop
      vertex -34.9407 -6.43934 5.5
      vertex -35.2658 -6.92598 2.5
      vertex -35.2658 -6.92598 5.5
    endloop
  endfacet
  facet normal -0.195097 -0.980784 0
    outer loop
      vertex -34.454 -8.88582 2.5
      vertex -33.88 -9 5.5
      vertex -34.454 -8.88582 5.5
    endloop
  endfacet
  facet normal -0.195097 -0.980784 -0
    outer loop
      vertex -33.88 -9 5.5
      vertex -34.454 -8.88582 2.5
      vertex -33.88 -9 2.5
    endloop
  endfacet
  facet normal 0.195097 -0.980784 0
    outer loop
      vertex -33.88 -9 2.5
      vertex -33.306 -8.88582 5.5
      vertex -33.88 -9 5.5
    endloop
  endfacet
  facet normal 0.195097 -0.980784 0
    outer loop
      vertex -33.306 -8.88582 5.5
      vertex -33.88 -9 2.5
      vertex -33.306 -8.88582 2.5
    endloop
  endfacet
  facet normal 0.55552 -0.831503 0
    outer loop
      vertex -33.306 -8.88582 2.5
      vertex -32.8193 -8.56066 5.5
      vertex -33.306 -8.88582 5.5
    endloop
  endfacet
  facet normal 0.55552 -0.831503 0
    outer loop
      vertex -32.8193 -8.56066 5.5
      vertex -33.306 -8.88582 2.5
      vertex -32.8193 -8.56066 2.5
    endloop
  endfacet
  facet normal 0.831519 -0.555496 0
    outer loop
      vertex -32.8193 -8.56066 5.5
      vertex -32.4942 -8.07402 2.5
      vertex -32.4942 -8.07402 5.5
    endloop
  endfacet
  facet normal 0.831519 -0.555496 0
    outer loop
      vertex -32.4942 -8.07402 2.5
      vertex -32.8193 -8.56066 5.5
      vertex -32.8193 -8.56066 2.5
    endloop
  endfacet
  facet normal -0.980779 0.195124 0
    outer loop
      vertex -35.38 -7.5 2.5
      vertex -35.2658 -6.92598 5.5
      vertex -35.2658 -6.92598 2.5
    endloop
  endfacet
  facet normal -0.980779 0.195124 0
    outer loop
      vertex -35.2658 -6.92598 5.5
      vertex -35.38 -7.5 2.5
      vertex -35.38 -7.5 5.5
    endloop
  endfacet
  facet normal 0.980779 -0.195124 0
    outer loop
      vertex -32.4942 -8.07402 5.5
      vertex -32.38 -7.5 2.5
      vertex -32.38 -7.5 5.5
    endloop
  endfacet
  facet normal 0.980779 -0.195124 0
    outer loop
      vertex -32.38 -7.5 2.5
      vertex -32.4942 -8.07402 5.5
      vertex -32.4942 -8.07402 2.5
    endloop
  endfacet
  facet normal -0.195097 0.980784 0
    outer loop
      vertex -33.88 -6 2.5
      vertex -34.454 -6.11418 5.5
      vertex -33.88 -6 5.5
    endloop
  endfacet
  facet normal -0.195097 0.980784 0
    outer loop
      vertex -34.454 -6.11418 5.5
      vertex -33.88 -6 2.5
      vertex -34.454 -6.11418 2.5
    endloop
  endfacet
  facet normal 0.195097 0.980784 -0
    outer loop
      vertex -33.306 -6.11418 2.5
      vertex -33.88 -6 5.5
      vertex -33.306 -6.11418 5.5
    endloop
  endfacet
  facet normal 0.195097 0.980784 0
    outer loop
      vertex -33.88 -6 5.5
      vertex -33.306 -6.11418 2.5
      vertex -33.88 -6 2.5
    endloop
  endfacet
  facet normal 0.55552 0.831503 -0
    outer loop
      vertex -32.8193 -6.43934 2.5
      vertex -33.306 -6.11418 5.5
      vertex -32.8193 -6.43934 5.5
    endloop
  endfacet
  facet normal 0.55552 0.831503 0
    outer loop
      vertex -33.306 -6.11418 5.5
      vertex -32.8193 -6.43934 2.5
      vertex -33.306 -6.11418 2.5
    endloop
  endfacet
  facet normal -0.831519 -0.555496 0
    outer loop
      vertex -34.9407 -8.56066 2.5
      vertex -35.2658 -8.07402 5.5
      vertex -35.2658 -8.07402 2.5
    endloop
  endfacet
  facet normal -0.831519 -0.555496 0
    outer loop
      vertex -35.2658 -8.07402 5.5
      vertex -34.9407 -8.56066 2.5
      vertex -34.9407 -8.56066 5.5
    endloop
  endfacet
  facet normal 0 0 1
    outer loop
      vertex -32.88 -7.5 5.5
      vertex -32.38 -7.5 5.5
      vertex -32.4942 -6.92598 5.5
    endloop
  endfacet
  facet normal 0 0 1
    outer loop
      vertex -33.014 -7 5.5
      vertex -32.4942 -6.92598 5.5
      vertex -32.8193 -6.43934 5.5
    endloop
  endfacet
  facet normal 0 0 1
    outer loop
      vertex -32.38 -7.5 5.5
      vertex -32.88 -7.5 5.5
      vertex -32.4942 -8.07402 5.5
    endloop
  endfacet
  facet normal -0 0 1
    outer loop
      vertex -33.014 -8 5.5
      vertex -32.4942 -8.07402 5.5
      vertex -32.88 -7.5 5.5
    endloop
  endfacet
  facet normal 0 0 1
    outer loop
      vertex -32.4942 -6.92598 5.5
      vertex -33.014 -7 5.5
      vertex -32.88 -7.5 5.5
    endloop
  endfacet
  facet normal 0 0 1
    outer loop
      vertex -33.38 -6.63398 5.5
      vertex -32.8193 -6.43934 5.5
      vertex -33.306 -6.11418 5.5
    endloop
  endfacet
  facet normal 0 0 1
    outer loop
      vertex -32.8193 -6.43934 5.5
      vertex -33.38 -6.63398 5.5
      vertex -33.014 -7 5.5
    endloop
  endfacet
  facet normal 0 0 1
    outer loop
      vertex -33.88 -6.5 5.5
      vertex -33.306 -6.11418 5.5
      vertex -33.88 -6 5.5
    endloop
  endfacet
  facet normal 0 0 1
    outer loop
      vertex -33.306 -6.11418 5.5
      vertex -33.88 -6.5 5.5
      vertex -33.38 -6.63398 5.5
    endloop
  endfacet
  facet normal -0 0 1
    outer loop
      vertex -34.454 -6.11418 5.5
      vertex -33.88 -6.5 5.5
      vertex -33.88 -6 5.5
    endloop
  endfacet
  facet normal 0 0 1
    outer loop
      vertex -33.88 -6.5 5.5
      vertex -34.454 -6.11418 5.5
      vertex -34.38 -6.63398 5.5
    endloop
  endfacet
  facet normal -0 0 1
    outer loop
      vertex -34.9407 -6.43934 5.5
      vertex -34.38 -6.63398 5.5
      vertex -34.454 -6.11418 5.5
    endloop
  endfacet
  facet normal -0 0 1
    outer loop
      vertex -35.2658 -6.92598 5.5
      vertex -34.746 -7 5.5
      vertex -34.9407 -6.43934 5.5
    endloop
  endfacet
  facet normal 0 0 1
    outer loop
      vertex -34.38 -6.63398 5.5
      vertex -34.9407 -6.43934 5.5
      vertex -34.746 -7 5.5
    endloop
  endfacet
  facet normal 0 0 1
    outer loop
      vertex -32.4942 -8.07402 5.5
      vertex -33.014 -8 5.5
      vertex -32.8193 -8.56066 5.5
    endloop
  endfacet
  facet normal -0 0 1
    outer loop
      vertex -33.38 -8.36602 5.5
      vertex -32.8193 -8.56066 5.5
      vertex -33.014 -8 5.5
    endloop
  endfacet
  facet normal 0 0 1
    outer loop
      vertex -32.8193 -8.56066 5.5
      vertex -33.38 -8.36602 5.5
      vertex -33.306 -8.88582 5.5
    endloop
  endfacet
  facet normal -0 0 1
    outer loop
      vertex -33.88 -8.5 5.5
      vertex -33.306 -8.88582 5.5
      vertex -33.38 -8.36602 5.5
    endloop
  endfacet
  facet normal 0 0 1
    outer loop
      vertex -33.88 -8.5 5.5
      vertex -33.88 -9 5.5
      vertex -33.306 -8.88582 5.5
    endloop
  endfacet
  facet normal 0 0 1
    outer loop
      vertex -34.454 -8.88582 5.5
      vertex -33.88 -8.5 5.5
      vertex -34.38 -8.36602 5.5
    endloop
  endfacet
  facet normal 0 0 1
    outer loop
      vertex -33.88 -8.5 5.5
      vertex -34.454 -8.88582 5.5
      vertex -33.88 -9 5.5
    endloop
  endfacet
  facet normal 0 0 1
    outer loop
      vertex -34.9407 -8.56066 5.5
      vertex -34.38 -8.36602 5.5
      vertex -34.746 -8 5.5
    endloop
  endfacet
  facet normal 0 0 1
    outer loop
      vertex -34.38 -8.36602 5.5
      vertex -34.9407 -8.56066 5.5
      vertex -34.454 -8.88582 5.5
    endloop
  endfacet
  facet normal 0 0 1
    outer loop
      vertex -35.2658 -8.07402 5.5
      vertex -34.746 -8 5.5
      vertex -34.88 -7.5 5.5
    endloop
  endfacet
  facet normal 0 0 1
    outer loop
      vertex -34.746 -7 5.5
      vertex -35.2658 -6.92598 5.5
      vertex -34.88 -7.5 5.5
    endloop
  endfacet
  facet normal 0 0 1
    outer loop
      vertex -35.38 -7.5 5.5
      vertex -34.88 -7.5 5.5
      vertex -35.2658 -6.92598 5.5
    endloop
  endfacet
  facet normal 0 0 1
    outer loop
      vertex -34.746 -8 5.5
      vertex -35.2658 -8.07402 5.5
      vertex -34.9407 -8.56066 5.5
    endloop
  endfacet
  facet normal 0 0 1
    outer loop
      vertex -34.88 -7.5 5.5
      vertex -35.38 -7.5 5.5
      vertex -35.2658 -8.07402 5.5
    endloop
  endfacet
  facet normal -0.980779 -0.195124 0
    outer loop
      vertex -35.2658 -8.07402 2.5
      vertex -35.38 -7.5 5.5
      vertex -35.38 -7.5 2.5
    endloop
  endfacet
  facet normal -0.980779 -0.195124 0
    outer loop
      vertex -35.38 -7.5 5.5
      vertex -35.2658 -8.07402 2.5
      vertex -35.2658 -8.07402 5.5
    endloop
  endfacet
  facet normal -0.55552 -0.831503 0
    outer loop
      vertex -34.9407 -8.56066 2.5
      vertex -34.454 -8.88582 5.5
      vertex -34.9407 -8.56066 5.5
    endloop
  endfacet
  facet normal -0.55552 -0.831503 -0
    outer loop
      vertex -34.454 -8.88582 5.5
      vertex -34.9407 -8.56066 2.5
      vertex -34.454 -8.88582 2.5
    endloop
  endfacet
  facet normal 0.965914 0.258865 0
    outer loop
      vertex -34.746 -8 5.5
      vertex -34.88 -7.5 2.5
      vertex -34.88 -7.5 5.5
    endloop
  endfacet
  facet normal 0.965914 0.258865 0
    outer loop
      vertex -34.88 -7.5 2.5
      vertex -34.746 -8 5.5
      vertex -34.746 -8 2.5
    endloop
  endfacet
  facet normal -0.707126 -0.707087 0
    outer loop
      vertex -33.38 -6.63398 2.5
      vertex -33.014 -7 5.5
      vertex -33.38 -6.63398 5.5
    endloop
  endfacet
  facet normal -0.707126 -0.707087 -0
    outer loop
      vertex -33.014 -7 5.5
      vertex -33.38 -6.63398 2.5
      vertex -33.014 -7 2.5
    endloop
  endfacet
  facet normal -0.965914 -0.258865 0
    outer loop
      vertex -32.88 -7.5 2.5
      vertex -33.014 -7 5.5
      vertex -33.014 -7 2.5
    endloop
  endfacet
  facet normal -0.965914 -0.258865 0
    outer loop
      vertex -33.014 -7 5.5
      vertex -32.88 -7.5 2.5
      vertex -32.88 -7.5 5.5
    endloop
  endfacet
  facet normal -0.258829 -0.965923 0
    outer loop
      vertex -33.88 -6.5 2.5
      vertex -33.38 -6.63398 5.5
      vertex -33.88 -6.5 5.5
    endloop
  endfacet
  facet normal -0.258829 -0.965923 -0
    outer loop
      vertex -33.38 -6.63398 5.5
      vertex -33.88 -6.5 2.5
      vertex -33.38 -6.63398 2.5
    endloop
  endfacet
  facet normal -0.258829 0.965923 0
    outer loop
      vertex -33.38 -8.36602 2.5
      vertex -33.88 -8.5 5.5
      vertex -33.38 -8.36602 5.5
    endloop
  endfacet
  facet normal -0.258829 0.965923 0
    outer loop
      vertex -33.88 -8.5 5.5
      vertex -33.38 -8.36602 2.5
      vertex -33.88 -8.5 2.5
    endloop
  endfacet
  facet normal -0.965914 0.258865 0
    outer loop
      vertex -33.014 -8 2.5
      vertex -32.88 -7.5 5.5
      vertex -32.88 -7.5 2.5
    endloop
  endfacet
  facet normal -0.965914 0.258865 0
    outer loop
      vertex -32.88 -7.5 5.5
      vertex -33.014 -8 2.5
      vertex -33.014 -8 5.5
    endloop
  endfacet
  facet normal 0.707126 -0.707087 0
    outer loop
      vertex -34.746 -7 5.5
      vertex -34.38 -6.63398 2.5
      vertex -34.38 -6.63398 5.5
    endloop
  endfacet
  facet normal 0.707126 -0.707087 0
    outer loop
      vertex -34.38 -6.63398 2.5
      vertex -34.746 -7 5.5
      vertex -34.746 -7 2.5
    endloop
  endfacet
  facet normal 0.258829 -0.965923 0
    outer loop
      vertex -34.38 -6.63398 2.5
      vertex -33.88 -6.5 5.5
      vertex -34.38 -6.63398 5.5
    endloop
  endfacet
  facet normal 0.258829 -0.965923 0
    outer loop
      vertex -33.88 -6.5 5.5
      vertex -34.38 -6.63398 2.5
      vertex -33.88 -6.5 2.5
    endloop
  endfacet
  facet normal 0.965914 -0.258865 0
    outer loop
      vertex -34.88 -7.5 5.5
      vertex -34.746 -7 2.5
      vertex -34.746 -7 5.5
    endloop
  endfacet
  facet normal 0.965914 -0.258865 0
    outer loop
      vertex -34.746 -7 2.5
      vertex -34.88 -7.5 5.5
      vertex -34.88 -7.5 2.5
    endloop
  endfacet
  facet normal -0.707126 0.707087 0
    outer loop
      vertex -33.014 -8 2.5
      vertex -33.38 -8.36602 5.5
      vertex -33.014 -8 5.5
    endloop
  endfacet
  facet normal -0.707126 0.707087 0
    outer loop
      vertex -33.38 -8.36602 5.5
      vertex -33.014 -8 2.5
      vertex -33.38 -8.36602 2.5
    endloop
  endfacet
  facet normal 0.707126 0.707087 0
    outer loop
      vertex -34.38 -8.36602 5.5
      vertex -34.746 -8 2.5
      vertex -34.746 -8 5.5
    endloop
  endfacet
  facet normal 0.707126 0.707087 0
    outer loop
      vertex -34.746 -8 2.5
      vertex -34.38 -8.36602 5.5
      vertex -34.38 -8.36602 2.5
    endloop
  endfacet
  facet normal 0.258829 0.965923 -0
    outer loop
      vertex -33.88 -8.5 2.5
      vertex -34.38 -8.36602 5.5
      vertex -33.88 -8.5 5.5
    endloop
  endfacet
  facet normal 0.258829 0.965923 0
    outer loop
      vertex -34.38 -8.36602 5.5
      vertex -33.88 -8.5 2.5
      vertex -34.38 -8.36602 2.5
    endloop
  endfacet
  facet normal -0.55552 0.831503 0
    outer loop
      vertex -34.454 8.88582 2.5
      vertex -34.9407 8.56066 5.5
      vertex -34.454 8.88582 5.5
    endloop
  endfacet
  facet normal -0.55552 0.831503 0
    outer loop
      vertex -34.9407 8.56066 5.5
      vertex -34.454 8.88582 2.5
      vertex -34.9407 8.56066 2.5
    endloop
  endfacet
  facet normal 0.831519 0.555496 0
    outer loop
      vertex -32.4942 8.07402 5.5
      vertex -32.8193 8.56066 2.5
      vertex -32.8193 8.56066 5.5
    endloop
  endfacet
  facet normal 0.831519 0.555496 0
    outer loop
      vertex -32.8193 8.56066 2.5
      vertex -32.4942 8.07402 5.5
      vertex -32.4942 8.07402 2.5
    endloop
  endfacet
  facet normal 0.980779 0.195124 0
    outer loop
      vertex -32.38 7.5 5.5
      vertex -32.4942 8.07402 2.5
      vertex -32.4942 8.07402 5.5
    endloop
  endfacet
  facet normal 0.980779 0.195124 0
    outer loop
      vertex -32.4942 8.07402 2.5
      vertex -32.38 7.5 5.5
      vertex -32.38 7.5 2.5
    endloop
  endfacet
  facet normal -0.831519 0.555496 0
    outer loop
      vertex -35.2658 8.07402 2.5
      vertex -34.9407 8.56066 5.5
      vertex -34.9407 8.56066 2.5
    endloop
  endfacet
  facet normal -0.831519 0.555496 0
    outer loop
      vertex -34.9407 8.56066 5.5
      vertex -35.2658 8.07402 2.5
      vertex -35.2658 8.07402 5.5
    endloop
  endfacet
  facet normal -0.195097 -0.980784 0
    outer loop
      vertex -34.454 6.11418 2.5
      vertex -33.88 6 5.5
      vertex -34.454 6.11418 5.5
    endloop
  endfacet
  facet normal -0.195097 -0.980784 -0
    outer loop
      vertex -33.88 6 5.5
      vertex -34.454 6.11418 2.5
      vertex -33.88 6 2.5
    endloop
  endfacet
  facet normal 0.195097 -0.980784 0
    outer loop
      vertex -33.88 6 2.5
      vertex -33.306 6.11418 5.5
      vertex -33.88 6 5.5
    endloop
  endfacet
  facet normal 0.195097 -0.980784 0
    outer loop
      vertex -33.306 6.11418 5.5
      vertex -33.88 6 2.5
      vertex -33.306 6.11418 2.5
    endloop
  endfacet
  facet normal 0.55552 -0.831503 0
    outer loop
      vertex -33.306 6.11418 2.5
      vertex -32.8193 6.43934 5.5
      vertex -33.306 6.11418 5.5
    endloop
  endfacet
  facet normal 0.55552 -0.831503 0
    outer loop
      vertex -32.8193 6.43934 5.5
      vertex -33.306 6.11418 2.5
      vertex -32.8193 6.43934 2.5
    endloop
  endfacet
  facet normal 0.831519 -0.555496 0
    outer loop
      vertex -32.8193 6.43934 5.5
      vertex -32.4942 6.92598 2.5
      vertex -32.4942 6.92598 5.5
    endloop
  endfacet
  facet normal 0.831519 -0.555496 0
    outer loop
      vertex -32.4942 6.92598 2.5
      vertex -32.8193 6.43934 5.5
      vertex -32.8193 6.43934 2.5
    endloop
  endfacet
  facet normal -0.980779 0.195124 0
    outer loop
      vertex -35.38 7.5 2.5
      vertex -35.2658 8.07402 5.5
      vertex -35.2658 8.07402 2.5
    endloop
  endfacet
  facet normal -0.980779 0.195124 0
    outer loop
      vertex -35.2658 8.07402 5.5
      vertex -35.38 7.5 2.5
      vertex -35.38 7.5 5.5
    endloop
  endfacet
  facet normal 0.980779 -0.195124 0
    outer loop
      vertex -32.4942 6.92598 5.5
      vertex -32.38 7.5 2.5
      vertex -32.38 7.5 5.5
    endloop
  endfacet
  facet normal 0.980779 -0.195124 0
    outer loop
      vertex -32.38 7.5 2.5
      vertex -32.4942 6.92598 5.5
      vertex -32.4942 6.92598 2.5
    endloop
  endfacet
  facet normal -0.195097 0.980784 0
    outer loop
      vertex -33.88 9 2.5
      vertex -34.454 8.88582 5.5
      vertex -33.88 9 5.5
    endloop
  endfacet
  facet normal -0.195097 0.980784 0
    outer loop
      vertex -34.454 8.88582 5.5
      vertex -33.88 9 2.5
      vertex -34.454 8.88582 2.5
    endloop
  endfacet
  facet normal 0.195097 0.980784 -0
    outer loop
      vertex -33.306 8.88582 2.5
      vertex -33.88 9 5.5
      vertex -33.306 8.88582 5.5
    endloop
  endfacet
  facet normal 0.195097 0.980784 0
    outer loop
      vertex -33.88 9 5.5
      vertex -33.306 8.88582 2.5
      vertex -33.88 9 2.5
    endloop
  endfacet
  facet normal 0.55552 0.831503 -0
    outer loop
      vertex -32.8193 8.56066 2.5
      vertex -33.306 8.88582 5.5
      vertex -32.8193 8.56066 5.5
    endloop
  endfacet
  facet normal 0.55552 0.831503 0
    outer loop
      vertex -33.306 8.88582 5.5
      vertex -32.8193 8.56066 2.5
      vertex -33.306 8.88582 2.5
    endloop
  endfacet
  facet normal -0.831519 -0.555496 0
    outer loop
      vertex -34.9407 6.43934 2.5
      vertex -35.2658 6.92598 5.5
      vertex -35.2658 6.92598 2.5
    endloop
  endfacet
  facet normal -0.831519 -0.555496 0
    outer loop
      vertex -35.2658 6.92598 5.5
      vertex -34.9407 6.43934 2.5
      vertex -34.9407 6.43934 5.5
    endloop
  endfacet
  facet normal 0 0 1
    outer loop
      vertex -32.88 7.5 5.5
      vertex -32.38 7.5 5.5
      vertex -32.4942 8.07402 5.5
    endloop
  endfacet
  facet normal 0 0 1
    outer loop
      vertex -33.014 8 5.5
      vertex -32.4942 8.07402 5.5
      vertex -32.8193 8.56066 5.5
    endloop
  endfacet
  facet normal 0 0 1
    outer loop
      vertex -32.38 7.5 5.5
      vertex -32.88 7.5 5.5
      vertex -32.4942 6.92598 5.5
    endloop
  endfacet
  facet normal -0 0 1
    outer loop
      vertex -33.014 7 5.5
      vertex -32.4942 6.92598 5.5
      vertex -32.88 7.5 5.5
    endloop
  endfacet
  facet normal 0 0 1
    outer loop
      vertex -32.4942 8.07402 5.5
      vertex -33.014 8 5.5
      vertex -32.88 7.5 5.5
    endloop
  endfacet
  facet normal 0 0 1
    outer loop
      vertex -33.38 8.36602 5.5
      vertex -32.8193 8.56066 5.5
      vertex -33.306 8.88582 5.5
    endloop
  endfacet
  facet normal 0 0 1
    outer loop
      vertex -32.8193 8.56066 5.5
      vertex -33.38 8.36602 5.5
      vertex -33.014 8 5.5
    endloop
  endfacet
  facet normal 0 0 1
    outer loop
      vertex -33.88 8.5 5.5
      vertex -33.306 8.88582 5.5
      vertex -33.88 9 5.5
    endloop
  endfacet
  facet normal 0 0 1
    outer loop
      vertex -33.306 8.88582 5.5
      vertex -33.88 8.5 5.5
      vertex -33.38 8.36602 5.5
    endloop
  endfacet
  facet normal -0 0 1
    outer loop
      vertex -34.454 8.88582 5.5
      vertex -33.88 8.5 5.5
      vertex -33.88 9 5.5
    endloop
  endfacet
  facet normal 0 0 1
    outer loop
      vertex -33.88 8.5 5.5
      vertex -34.454 8.88582 5.5
      vertex -34.38 8.36602 5.5
    endloop
  endfacet
  facet normal -0 0 1
    outer loop
      vertex -34.9407 8.56066 5.5
      vertex -34.38 8.36602 5.5
      vertex -34.454 8.88582 5.5
    endloop
  endfacet
  facet normal -0 0 1
    outer loop
      vertex -35.2658 8.07402 5.5
      vertex -34.746 8 5.5
      vertex -34.9407 8.56066 5.5
    endloop
  endfacet
  facet normal 0 0 1
    outer loop
      vertex -34.38 8.36602 5.5
      vertex -34.9407 8.56066 5.5
      vertex -34.746 8 5.5
    endloop
  endfacet
  facet normal 0 0 1
    outer loop
      vertex -32.4942 6.92598 5.5
      vertex -33.014 7 5.5
      vertex -32.8193 6.43934 5.5
    endloop
  endfacet
  facet normal -0 0 1
    outer loop
      vertex -33.38 6.63398 5.5
      vertex -32.8193 6.43934 5.5
      vertex -33.014 7 5.5
    endloop
  endfacet
  facet normal 0 0 1
    outer loop
      vertex -32.8193 6.43934 5.5
      vertex -33.38 6.63398 5.5
      vertex -33.306 6.11418 5.5
    endloop
  endfacet
  facet normal -0 0 1
    outer loop
      vertex -33.88 6.5 5.5
      vertex -33.306 6.11418 5.5
      vertex -33.38 6.63398 5.5
    endloop
  endfacet
  facet normal 0 0 1
    outer loop
      vertex -33.88 6.5 5.5
      vertex -33.88 6 5.5
      vertex -33.306 6.11418 5.5
    endloop
  endfacet
  facet normal 0 0 1
    outer loop
      vertex -34.454 6.11418 5.5
      vertex -33.88 6.5 5.5
      vertex -34.38 6.63398 5.5
    endloop
  endfacet
  facet normal 0 0 1
    outer loop
      vertex -33.88 6.5 5.5
      vertex -34.454 6.11418 5.5
      vertex -33.88 6 5.5
    endloop
  endfacet
  facet normal 0 0 1
    outer loop
      vertex -34.9407 6.43934 5.5
      vertex -34.38 6.63398 5.5
      vertex -34.746 7 5.5
    endloop
  endfacet
  facet normal 0 0 1
    outer loop
      vertex -34.38 6.63398 5.5
      vertex -34.9407 6.43934 5.5
      vertex -34.454 6.11418 5.5
    endloop
  endfacet
  facet normal 0 0 1
    outer loop
      vertex -35.2658 6.92598 5.5
      vertex -34.746 7 5.5
      vertex -34.88 7.5 5.5
    endloop
  endfacet
  facet normal 0 0 1
    outer loop
      vertex -34.746 8 5.5
      vertex -35.2658 8.07402 5.5
      vertex -34.88 7.5 5.5
    endloop
  endfacet
  facet normal 0 0 1
    outer loop
      vertex -35.38 7.5 5.5
      vertex -34.88 7.5 5.5
      vertex -35.2658 8.07402 5.5
    endloop
  endfacet
  facet normal 0 0 1
    outer loop
      vertex -34.746 7 5.5
      vertex -35.2658 6.92598 5.5
      vertex -34.9407 6.43934 5.5
    endloop
  endfacet
  facet normal 0 0 1
    outer loop
      vertex -34.88 7.5 5.5
      vertex -35.38 7.5 5.5
      vertex -35.2658 6.92598 5.5
    endloop
  endfacet
  facet normal -0.980779 -0.195124 0
    outer loop
      vertex -35.2658 6.92598 2.5
      vertex -35.38 7.5 5.5
      vertex -35.38 7.5 2.5
    endloop
  endfacet
  facet normal -0.980779 -0.195124 0
    outer loop
      vertex -35.38 7.5 5.5
      vertex -35.2658 6.92598 2.5
      vertex -35.2658 6.92598 5.5
    endloop
  endfacet
  facet normal -0.55552 -0.831503 0
    outer loop
      vertex -34.9407 6.43934 2.5
      vertex -34.454 6.11418 5.5
      vertex -34.9407 6.43934 5.5
    endloop
  endfacet
  facet normal -0.55552 -0.831503 -0
    outer loop
      vertex -34.454 6.11418 5.5
      vertex -34.9407 6.43934 2.5
      vertex -34.454 6.11418 2.5
    endloop
  endfacet
  facet normal 0.965914 0.258865 0
    outer loop
      vertex -34.746 7 5.5
      vertex -34.88 7.5 2.5
      vertex -34.88 7.5 5.5
    endloop
  endfacet
  facet normal 0.965914 0.258865 0
    outer loop
      vertex -34.88 7.5 2.5
      vertex -34.746 7 5.5
      vertex -34.746 7 2.5
    endloop
  endfacet
  facet normal -0.707126 -0.707087 0
    outer loop
      vertex -33.38 8.36602 2.5
      vertex -33.014 8 5.5
      vertex -33.38 8.36602 5.5
    endloop
  endfacet
  facet normal -0.707126 -0.707087 -0
    outer loop
      vertex -33.014 8 5.5
      vertex -33.38 8.36602 2.5
      vertex -33.014 8 2.5
    endloop
  endfacet
  facet normal -0.965914 -0.258865 0
    outer loop
      vertex -32.88 7.5 2.5
      vertex -33.014 8 5.5
      vertex -33.014 8 2.5
    endloop
  endfacet
  facet normal -0.965914 -0.258865 0
    outer loop
      vertex -33.014 8 5.5
      vertex -32.88 7.5 2.5
      vertex -32.88 7.5 5.5
    endloop
  endfacet
  facet normal -0.258829 -0.965923 0
    outer loop
      vertex -33.88 8.5 2.5
      vertex -33.38 8.36602 5.5
      vertex -33.88 8.5 5.5
    endloop
  endfacet
  facet normal -0.258829 -0.965923 -0
    outer loop
      vertex -33.38 8.36602 5.5
      vertex -33.88 8.5 2.5
      vertex -33.38 8.36602 2.5
    endloop
  endfacet
  facet normal -0.258829 0.965923 0
    outer loop
      vertex -33.38 6.63398 2.5
      vertex -33.88 6.5 5.5
      vertex -33.38 6.63398 5.5
    endloop
  endfacet
  facet normal -0.258829 0.965923 0
    outer loop
      vertex -33.88 6.5 5.5
      vertex -33.38 6.63398 2.5
      vertex -33.88 6.5 2.5
    endloop
  endfacet
  facet normal -0.965914 0.258865 0
    outer loop
      vertex -33.014 7 2.5
      vertex -32.88 7.5 5.5
      vertex -32.88 7.5 2.5
    endloop
  endfacet
  facet normal -0.965914 0.258865 0
    outer loop
      vertex -32.88 7.5 5.5
      vertex -33.014 7 2.5
      vertex -33.014 7 5.5
    endloop
  endfacet
  facet normal 0.707126 -0.707087 0
    outer loop
      vertex -34.746 8 5.5
      vertex -34.38 8.36602 2.5
      vertex -34.38 8.36602 5.5
    endloop
  endfacet
  facet normal 0.707126 -0.707087 0
    outer loop
      vertex -34.38 8.36602 2.5
      vertex -34.746 8 5.5
      vertex -34.746 8 2.5
    endloop
  endfacet
  facet normal 0.258829 -0.965923 0
    outer loop
      vertex -34.38 8.36602 2.5
      vertex -33.88 8.5 5.5
      vertex -34.38 8.36602 5.5
    endloop
  endfacet
  facet normal 0.258829 -0.965923 0
    outer loop
      vertex -33.88 8.5 5.5
      vertex -34.38 8.36602 2.5
      vertex -33.88 8.5 2.5
    endloop
  endfacet
  facet normal 0.965914 -0.258865 0
    outer loop
      vertex -34.88 7.5 5.5
      vertex -34.746 8 2.5
      vertex -34.746 8 5.5
    endloop
  endfacet
  facet normal 0.965914 -0.258865 0
    outer loop
      vertex -34.746 8 2.5
      vertex -34.88 7.5 5.5
      vertex -34.88 7.5 2.5
    endloop
  endfacet
  facet normal -0.707126 0.707087 0
    outer loop
      vertex -33.014 7 2.5
      vertex -33.38 6.63398 5.5
      vertex -33.014 7 5.5
    endloop
  endfacet
  facet normal -0.707126 0.707087 0
    outer loop
      vertex -33.38 6.63398 5.5
      vertex -33.014 7 2.5
      vertex -33.38 6.63398 2.5
    endloop
  endfacet
  facet normal 0.707126 0.707087 0
    outer loop
      vertex -34.38 6.63398 5.5
      vertex -34.746 7 2.5
      vertex -34.746 7 5.5
    endloop
  endfacet
  facet normal 0.707126 0.707087 0
    outer loop
      vertex -34.746 7 2.5
      vertex -34.38 6.63398 5.5
      vertex -34.38 6.63398 2.5
    endloop
  endfacet
  facet normal 0.258829 0.965923 -0
    outer loop
      vertex -33.88 6.5 2.5
      vertex -34.38 6.63398 5.5
      vertex -33.88 6.5 5.5
    endloop
  endfacet
  facet normal 0.258829 0.965923 0
    outer loop
      vertex -34.38 6.63398 5.5
      vertex -33.88 6.5 2.5
      vertex -34.38 6.63398 2.5
    endloop
  endfacet
  facet normal -0.55552 0.831503 0
    outer loop
      vertex -14.934 -6.11418 2.5
      vertex -15.4207 -6.43934 5.5
      vertex -14.934 -6.11418 5.5
    endloop
  endfacet
  facet normal -0.55552 0.831503 0
    outer loop
      vertex -15.4207 -6.43934 5.5
      vertex -14.934 -6.11418 2.5
      vertex -15.4207 -6.43934 2.5
    endloop
  endfacet
  facet normal 0.831519 0.555496 0
    outer loop
      vertex -12.9742 -6.92598 5.5
      vertex -13.2993 -6.43934 2.5
      vertex -13.2993 -6.43934 5.5
    endloop
  endfacet
  facet normal 0.831519 0.555496 0
    outer loop
      vertex -13.2993 -6.43934 2.5
      vertex -12.9742 -6.92598 5.5
      vertex -12.9742 -6.92598 2.5
    endloop
  endfacet
  facet normal 0.980779 0.195124 0
    outer loop
      vertex -12.86 -7.5 5.5
      vertex -12.9742 -6.92598 2.5
      vertex -12.9742 -6.92598 5.5
    endloop
  endfacet
  facet normal 0.980779 0.195124 0
    outer loop
      vertex -12.9742 -6.92598 2.5
      vertex -12.86 -7.5 5.5
      vertex -12.86 -7.5 2.5
    endloop
  endfacet
  facet normal -0.831519 0.555496 0
    outer loop
      vertex -15.7458 -6.92598 2.5
      vertex -15.4207 -6.43934 5.5
      vertex -15.4207 -6.43934 2.5
    endloop
  endfacet
  facet normal -0.831519 0.555496 0
    outer loop
      vertex -15.4207 -6.43934 5.5
      vertex -15.7458 -6.92598 2.5
      vertex -15.7458 -6.92598 5.5
    endloop
  endfacet
  facet normal -0.195097 -0.980784 0
    outer loop
      vertex -14.934 -8.88582 2.5
      vertex -14.36 -9 5.5
      vertex -14.934 -8.88582 5.5
    endloop
  endfacet
  facet normal -0.195097 -0.980784 -0
    outer loop
      vertex -14.36 -9 5.5
      vertex -14.934 -8.88582 2.5
      vertex -14.36 -9 2.5
    endloop
  endfacet
  facet normal 0.195097 -0.980784 0
    outer loop
      vertex -14.36 -9 2.5
      vertex -13.786 -8.88582 5.5
      vertex -14.36 -9 5.5
    endloop
  endfacet
  facet normal 0.195097 -0.980784 0
    outer loop
      vertex -13.786 -8.88582 5.5
      vertex -14.36 -9 2.5
      vertex -13.786 -8.88582 2.5
    endloop
  endfacet
  facet normal 0.55552 -0.831503 0
    outer loop
      vertex -13.786 -8.88582 2.5
      vertex -13.2993 -8.56066 5.5
      vertex -13.786 -8.88582 5.5
    endloop
  endfacet
  facet normal 0.55552 -0.831503 0
    outer loop
      vertex -13.2993 -8.56066 5.5
      vertex -13.786 -8.88582 2.5
      vertex -13.2993 -8.56066 2.5
    endloop
  endfacet
  facet normal 0.831519 -0.555496 0
    outer loop
      vertex -13.2993 -8.56066 5.5
      vertex -12.9742 -8.07402 2.5
      vertex -12.9742 -8.07402 5.5
    endloop
  endfacet
  facet normal 0.831519 -0.555496 0
    outer loop
      vertex -12.9742 -8.07402 2.5
      vertex -13.2993 -8.56066 5.5
      vertex -13.2993 -8.56066 2.5
    endloop
  endfacet
  facet normal -0.980779 0.195124 0
    outer loop
      vertex -15.86 -7.5 2.5
      vertex -15.7458 -6.92598 5.5
      vertex -15.7458 -6.92598 2.5
    endloop
  endfacet
  facet normal -0.980779 0.195124 0
    outer loop
      vertex -15.7458 -6.92598 5.5
      vertex -15.86 -7.5 2.5
      vertex -15.86 -7.5 5.5
    endloop
  endfacet
  facet normal 0.980779 -0.195124 0
    outer loop
      vertex -12.9742 -8.07402 5.5
      vertex -12.86 -7.5 2.5
      vertex -12.86 -7.5 5.5
    endloop
  endfacet
  facet normal 0.980779 -0.195124 0
    outer loop
      vertex -12.86 -7.5 2.5
      vertex -12.9742 -8.07402 5.5
      vertex -12.9742 -8.07402 2.5
    endloop
  endfacet
  facet normal -0.195097 0.980784 0
    outer loop
      vertex -14.36 -6 2.5
      vertex -14.934 -6.11418 5.5
      vertex -14.36 -6 5.5
    endloop
  endfacet
  facet normal -0.195097 0.980784 0
    outer loop
      vertex -14.934 -6.11418 5.5
      vertex -14.36 -6 2.5
      vertex -14.934 -6.11418 2.5
    endloop
  endfacet
  facet normal 0.195097 0.980784 -0
    outer loop
      vertex -13.786 -6.11418 2.5
      vertex -14.36 -6 5.5
      vertex -13.786 -6.11418 5.5
    endloop
  endfacet
  facet normal 0.195097 0.980784 0
    outer loop
      vertex -14.36 -6 5.5
      vertex -13.786 -6.11418 2.5
      vertex -14.36 -6 2.5
    endloop
  endfacet
  facet normal 0.55552 0.831503 -0
    outer loop
      vertex -13.2993 -6.43934 2.5
      vertex -13.786 -6.11418 5.5
      vertex -13.2993 -6.43934 5.5
    endloop
  endfacet
  facet normal 0.55552 0.831503 0
    outer loop
      vertex -13.786 -6.11418 5.5
      vertex -13.2993 -6.43934 2.5
      vertex -13.786 -6.11418 2.5
    endloop
  endfacet
  facet normal -0.831519 -0.555496 0
    outer loop
      vertex -15.4207 -8.56066 2.5
      vertex -15.7458 -8.07402 5.5
      vertex -15.7458 -8.07402 2.5
    endloop
  endfacet
  facet normal -0.831519 -0.555496 0
    outer loop
      vertex -15.7458 -8.07402 5.5
      vertex -15.4207 -8.56066 2.5
      vertex -15.4207 -8.56066 5.5
    endloop
  endfacet
  facet normal 0 0 1
    outer loop
      vertex -13.36 -7.5 5.5
      vertex -12.86 -7.5 5.5
      vertex -12.9742 -6.92598 5.5
    endloop
  endfacet
  facet normal 0 0 1
    outer loop
      vertex -13.494 -7 5.5
      vertex -12.9742 -6.92598 5.5
      vertex -13.2993 -6.43934 5.5
    endloop
  endfacet
  facet normal 0 0 1
    outer loop
      vertex -12.86 -7.5 5.5
      vertex -13.36 -7.5 5.5
      vertex -12.9742 -8.07402 5.5
    endloop
  endfacet
  facet normal -0 0 1
    outer loop
      vertex -13.494 -8 5.5
      vertex -12.9742 -8.07402 5.5
      vertex -13.36 -7.5 5.5
    endloop
  endfacet
  facet normal 0 0 1
    outer loop
      vertex -12.9742 -6.92598 5.5
      vertex -13.494 -7 5.5
      vertex -13.36 -7.5 5.5
    endloop
  endfacet
  facet normal 0 0 1
    outer loop
      vertex -13.86 -6.63398 5.5
      vertex -13.2993 -6.43934 5.5
      vertex -13.786 -6.11418 5.5
    endloop
  endfacet
  facet normal 0 0 1
    outer loop
      vertex -13.2993 -6.43934 5.5
      vertex -13.86 -6.63398 5.5
      vertex -13.494 -7 5.5
    endloop
  endfacet
  facet normal 0 0 1
    outer loop
      vertex -14.36 -6.5 5.5
      vertex -13.786 -6.11418 5.5
      vertex -14.36 -6 5.5
    endloop
  endfacet
  facet normal 0 0 1
    outer loop
      vertex -13.786 -6.11418 5.5
      vertex -14.36 -6.5 5.5
      vertex -13.86 -6.63398 5.5
    endloop
  endfacet
  facet normal -0 0 1
    outer loop
      vertex -14.934 -6.11418 5.5
      vertex -14.36 -6.5 5.5
      vertex -14.36 -6 5.5
    endloop
  endfacet
  facet normal 0 0 1
    outer loop
      vertex -14.36 -6.5 5.5
      vertex -14.934 -6.11418 5.5
      vertex -14.86 -6.63398 5.5
    endloop
  endfacet
  facet normal -0 0 1
    outer loop
      vertex -15.4207 -6.43934 5.5
      vertex -14.86 -6.63398 5.5
      vertex -14.934 -6.11418 5.5
    endloop
  endfacet
  facet normal -0 0 1
    outer loop
      vertex -15.7458 -6.92598 5.5
      vertex -15.226 -7 5.5
      vertex -15.4207 -6.43934 5.5
    endloop
  endfacet
  facet normal 0 0 1
    outer loop
      vertex -14.86 -6.63398 5.5
      vertex -15.4207 -6.43934 5.5
      vertex -15.226 -7 5.5
    endloop
  endfacet
  facet normal 0 0 1
    outer loop
      vertex -12.9742 -8.07402 5.5
      vertex -13.494 -8 5.5
      vertex -13.2993 -8.56066 5.5
    endloop
  endfacet
  facet normal -0 0 1
    outer loop
      vertex -13.86 -8.36602 5.5
      vertex -13.2993 -8.56066 5.5
      vertex -13.494 -8 5.5
    endloop
  endfacet
  facet normal 0 0 1
    outer loop
      vertex -13.2993 -8.56066 5.5
      vertex -13.86 -8.36602 5.5
      vertex -13.786 -8.88582 5.5
    endloop
  endfacet
  facet normal -0 0 1
    outer loop
      vertex -14.36 -8.5 5.5
      vertex -13.786 -8.88582 5.5
      vertex -13.86 -8.36602 5.5
    endloop
  endfacet
  facet normal 0 0 1
    outer loop
      vertex -14.36 -8.5 5.5
      vertex -14.36 -9 5.5
      vertex -13.786 -8.88582 5.5
    endloop
  endfacet
  facet normal 0 0 1
    outer loop
      vertex -14.934 -8.88582 5.5
      vertex -14.36 -8.5 5.5
      vertex -14.86 -8.36602 5.5
    endloop
  endfacet
  facet normal 0 0 1
    outer loop
      vertex -14.36 -8.5 5.5
      vertex -14.934 -8.88582 5.5
      vertex -14.36 -9 5.5
    endloop
  endfacet
  facet normal 0 0 1
    outer loop
      vertex -15.4207 -8.56066 5.5
      vertex -14.86 -8.36602 5.5
      vertex -15.226 -8 5.5
    endloop
  endfacet
  facet normal 0 0 1
    outer loop
      vertex -14.86 -8.36602 5.5
      vertex -15.4207 -8.56066 5.5
      vertex -14.934 -8.88582 5.5
    endloop
  endfacet
  facet normal 0 0 1
    outer loop
      vertex -15.7458 -8.07402 5.5
      vertex -15.226 -8 5.5
      vertex -15.36 -7.5 5.5
    endloop
  endfacet
  facet normal 0 0 1
    outer loop
      vertex -15.226 -7 5.5
      vertex -15.7458 -6.92598 5.5
      vertex -15.36 -7.5 5.5
    endloop
  endfacet
  facet normal 0 0 1
    outer loop
      vertex -15.86 -7.5 5.5
      vertex -15.36 -7.5 5.5
      vertex -15.7458 -6.92598 5.5
    endloop
  endfacet
  facet normal 0 0 1
    outer loop
      vertex -15.226 -8 5.5
      vertex -15.7458 -8.07402 5.5
      vertex -15.4207 -8.56066 5.5
    endloop
  endfacet
  facet normal 0 0 1
    outer loop
      vertex -15.36 -7.5 5.5
      vertex -15.86 -7.5 5.5
      vertex -15.7458 -8.07402 5.5
    endloop
  endfacet
  facet normal -0.980779 -0.195124 0
    outer loop
      vertex -15.7458 -8.07402 2.5
      vertex -15.86 -7.5 5.5
      vertex -15.86 -7.5 2.5
    endloop
  endfacet
  facet normal -0.980779 -0.195124 0
    outer loop
      vertex -15.86 -7.5 5.5
      vertex -15.7458 -8.07402 2.5
      vertex -15.7458 -8.07402 5.5
    endloop
  endfacet
  facet normal -0.55552 -0.831503 0
    outer loop
      vertex -15.4207 -8.56066 2.5
      vertex -14.934 -8.88582 5.5
      vertex -15.4207 -8.56066 5.5
    endloop
  endfacet
  facet normal -0.55552 -0.831503 -0
    outer loop
      vertex -14.934 -8.88582 5.5
      vertex -15.4207 -8.56066 2.5
      vertex -14.934 -8.88582 2.5
    endloop
  endfacet
  facet normal 0.965914 0.258865 0
    outer loop
      vertex -15.226 -8 5.5
      vertex -15.36 -7.5 2.5
      vertex -15.36 -7.5 5.5
    endloop
  endfacet
  facet normal 0.965914 0.258865 0
    outer loop
      vertex -15.36 -7.5 2.5
      vertex -15.226 -8 5.5
      vertex -15.226 -8 2.5
    endloop
  endfacet
  facet normal -0.707126 -0.707087 0
    outer loop
      vertex -13.494 -7 2.5
      vertex -13.86 -6.63398 5.5
      vertex -13.86 -6.63398 2.5
    endloop
  endfacet
  facet normal -0.707126 -0.707087 0
    outer loop
      vertex -13.86 -6.63398 5.5
      vertex -13.494 -7 2.5
      vertex -13.494 -7 5.5
    endloop
  endfacet
  facet normal -0.965914 -0.258865 0
    outer loop
      vertex -13.36 -7.5 2.5
      vertex -13.494 -7 5.5
      vertex -13.494 -7 2.5
    endloop
  endfacet
  facet normal -0.965914 -0.258865 0
    outer loop
      vertex -13.494 -7 5.5
      vertex -13.36 -7.5 2.5
      vertex -13.36 -7.5 5.5
    endloop
  endfacet
  facet normal -0.258829 -0.965923 0
    outer loop
      vertex -14.36 -6.5 2.5
      vertex -13.86 -6.63398 5.5
      vertex -14.36 -6.5 5.5
    endloop
  endfacet
  facet normal -0.258829 -0.965923 -0
    outer loop
      vertex -13.86 -6.63398 5.5
      vertex -14.36 -6.5 2.5
      vertex -13.86 -6.63398 2.5
    endloop
  endfacet
  facet normal -0.258829 0.965923 0
    outer loop
      vertex -13.86 -8.36602 2.5
      vertex -14.36 -8.5 5.5
      vertex -13.86 -8.36602 5.5
    endloop
  endfacet
  facet normal -0.258829 0.965923 0
    outer loop
      vertex -14.36 -8.5 5.5
      vertex -13.86 -8.36602 2.5
      vertex -14.36 -8.5 2.5
    endloop
  endfacet
  facet normal -0.965914 0.258865 0
    outer loop
      vertex -13.494 -8 2.5
      vertex -13.36 -7.5 5.5
      vertex -13.36 -7.5 2.5
    endloop
  endfacet
  facet normal -0.965914 0.258865 0
    outer loop
      vertex -13.36 -7.5 5.5
      vertex -13.494 -8 2.5
      vertex -13.494 -8 5.5
    endloop
  endfacet
  facet normal 0.707126 -0.707087 0
    outer loop
      vertex -15.226 -7 5.5
      vertex -14.86 -6.63398 2.5
      vertex -14.86 -6.63398 5.5
    endloop
  endfacet
  facet normal 0.707126 -0.707087 0
    outer loop
      vertex -14.86 -6.63398 2.5
      vertex -15.226 -7 5.5
      vertex -15.226 -7 2.5
    endloop
  endfacet
  facet normal 0.258829 -0.965923 0
    outer loop
      vertex -14.86 -6.63398 2.5
      vertex -14.36 -6.5 5.5
      vertex -14.86 -6.63398 5.5
    endloop
  endfacet
  facet normal 0.258829 -0.965923 0
    outer loop
      vertex -14.36 -6.5 5.5
      vertex -14.86 -6.63398 2.5
      vertex -14.36 -6.5 2.5
    endloop
  endfacet
  facet normal 0.965914 -0.258865 0
    outer loop
      vertex -15.36 -7.5 5.5
      vertex -15.226 -7 2.5
      vertex -15.226 -7 5.5
    endloop
  endfacet
  facet normal 0.965914 -0.258865 0
    outer loop
      vertex -15.226 -7 2.5
      vertex -15.36 -7.5 5.5
      vertex -15.36 -7.5 2.5
    endloop
  endfacet
  facet normal -0.707126 0.707087 0
    outer loop
      vertex -13.86 -8.36602 2.5
      vertex -13.494 -8 5.5
      vertex -13.494 -8 2.5
    endloop
  endfacet
  facet normal -0.707126 0.707087 0
    outer loop
      vertex -13.494 -8 5.5
      vertex -13.86 -8.36602 2.5
      vertex -13.86 -8.36602 5.5
    endloop
  endfacet
  facet normal 0.707126 0.707087 0
    outer loop
      vertex -14.86 -8.36602 5.5
      vertex -15.226 -8 2.5
      vertex -15.226 -8 5.5
    endloop
  endfacet
  facet normal 0.707126 0.707087 0
    outer loop
      vertex -15.226 -8 2.5
      vertex -14.86 -8.36602 5.5
      vertex -14.86 -8.36602 2.5
    endloop
  endfacet
  facet normal 0.258829 0.965923 -0
    outer loop
      vertex -14.36 -8.5 2.5
      vertex -14.86 -8.36602 5.5
      vertex -14.36 -8.5 5.5
    endloop
  endfacet
  facet normal 0.258829 0.965923 0
    outer loop
      vertex -14.86 -8.36602 5.5
      vertex -14.36 -8.5 2.5
      vertex -14.86 -8.36602 2.5
    endloop
  endfacet
  facet normal -0.55552 0.831503 0
    outer loop
      vertex -14.934 8.88582 2.5
      vertex -15.4207 8.56066 5.5
      vertex -14.934 8.88582 5.5
    endloop
  endfacet
  facet normal -0.55552 0.831503 0
    outer loop
      vertex -15.4207 8.56066 5.5
      vertex -14.934 8.88582 2.5
      vertex -15.4207 8.56066 2.5
    endloop
  endfacet
  facet normal 0.831519 0.555496 0
    outer loop
      vertex -12.9742 8.07402 5.5
      vertex -13.2993 8.56066 2.5
      vertex -13.2993 8.56066 5.5
    endloop
  endfacet
  facet normal 0.831519 0.555496 0
    outer loop
      vertex -13.2993 8.56066 2.5
      vertex -12.9742 8.07402 5.5
      vertex -12.9742 8.07402 2.5
    endloop
  endfacet
  facet normal 0.980779 0.195124 0
    outer loop
      vertex -12.86 7.5 5.5
      vertex -12.9742 8.07402 2.5
      vertex -12.9742 8.07402 5.5
    endloop
  endfacet
  facet normal 0.980779 0.195124 0
    outer loop
      vertex -12.9742 8.07402 2.5
      vertex -12.86 7.5 5.5
      vertex -12.86 7.5 2.5
    endloop
  endfacet
  facet normal -0.831519 0.555496 0
    outer loop
      vertex -15.7458 8.07402 2.5
      vertex -15.4207 8.56066 5.5
      vertex -15.4207 8.56066 2.5
    endloop
  endfacet
  facet normal -0.831519 0.555496 0
    outer loop
      vertex -15.4207 8.56066 5.5
      vertex -15.7458 8.07402 2.5
      vertex -15.7458 8.07402 5.5
    endloop
  endfacet
  facet normal -0.195097 -0.980784 0
    outer loop
      vertex -14.934 6.11418 2.5
      vertex -14.36 6 5.5
      vertex -14.934 6.11418 5.5
    endloop
  endfacet
  facet normal -0.195097 -0.980784 -0
    outer loop
      vertex -14.36 6 5.5
      vertex -14.934 6.11418 2.5
      vertex -14.36 6 2.5
    endloop
  endfacet
  facet normal 0.195097 -0.980784 0
    outer loop
      vertex -14.36 6 2.5
      vertex -13.786 6.11418 5.5
      vertex -14.36 6 5.5
    endloop
  endfacet
  facet normal 0.195097 -0.980784 0
    outer loop
      vertex -13.786 6.11418 5.5
      vertex -14.36 6 2.5
      vertex -13.786 6.11418 2.5
    endloop
  endfacet
  facet normal 0.55552 -0.831503 0
    outer loop
      vertex -13.786 6.11418 2.5
      vertex -13.2993 6.43934 5.5
      vertex -13.786 6.11418 5.5
    endloop
  endfacet
  facet normal 0.55552 -0.831503 0
    outer loop
      vertex -13.2993 6.43934 5.5
      vertex -13.786 6.11418 2.5
      vertex -13.2993 6.43934 2.5
    endloop
  endfacet
  facet normal 0.831519 -0.555496 0
    outer loop
      vertex -13.2993 6.43934 5.5
      vertex -12.9742 6.92598 2.5
      vertex -12.9742 6.92598 5.5
    endloop
  endfacet
  facet normal 0.831519 -0.555496 0
    outer loop
      vertex -12.9742 6.92598 2.5
      vertex -13.2993 6.43934 5.5
      vertex -13.2993 6.43934 2.5
    endloop
  endfacet
  facet normal -0.980779 0.195124 0
    outer loop
      vertex -15.86 7.5 2.5
      vertex -15.7458 8.07402 5.5
      vertex -15.7458 8.07402 2.5
    endloop
  endfacet
  facet normal -0.980779 0.195124 0
    outer loop
      vertex -15.7458 8.07402 5.5
      vertex -15.86 7.5 2.5
      vertex -15.86 7.5 5.5
    endloop
  endfacet
  facet normal 0.980779 -0.195124 0
    outer loop
      vertex -12.9742 6.92598 5.5
      vertex -12.86 7.5 2.5
      vertex -12.86 7.5 5.5
    endloop
  endfacet
  facet normal 0.980779 -0.195124 0
    outer loop
      vertex -12.86 7.5 2.5
      vertex -12.9742 6.92598 5.5
      vertex -12.9742 6.92598 2.5
    endloop
  endfacet
  facet normal -0.195097 0.980784 0
    outer loop
      vertex -14.36 9 2.5
      vertex -14.934 8.88582 5.5
      vertex -14.36 9 5.5
    endloop
  endfacet
  facet normal -0.195097 0.980784 0
    outer loop
      vertex -14.934 8.88582 5.5
      vertex -14.36 9 2.5
      vertex -14.934 8.88582 2.5
    endloop
  endfacet
  facet normal 0.195097 0.980784 -0
    outer loop
      vertex -13.786 8.88582 2.5
      vertex -14.36 9 5.5
      vertex -13.786 8.88582 5.5
    endloop
  endfacet
  facet normal 0.195097 0.980784 0
    outer loop
      vertex -14.36 9 5.5
      vertex -13.786 8.88582 2.5
      vertex -14.36 9 2.5
    endloop
  endfacet
  facet normal 0.55552 0.831503 -0
    outer loop
      vertex -13.2993 8.56066 2.5
      vertex -13.786 8.88582 5.5
      vertex -13.2993 8.56066 5.5
    endloop
  endfacet
  facet normal 0.55552 0.831503 0
    outer loop
      vertex -13.786 8.88582 5.5
      vertex -13.2993 8.56066 2.5
      vertex -13.786 8.88582 2.5
    endloop
  endfacet
  facet normal -0.831519 -0.555496 0
    outer loop
      vertex -15.4207 6.43934 2.5
      vertex -15.7458 6.92598 5.5
      vertex -15.7458 6.92598 2.5
    endloop
  endfacet
  facet normal -0.831519 -0.555496 0
    outer loop
      vertex -15.7458 6.92598 5.5
      vertex -15.4207 6.43934 2.5
      vertex -15.4207 6.43934 5.5
    endloop
  endfacet
  facet normal 0 0 1
    outer loop
      vertex -13.36 7.5 5.5
      vertex -12.86 7.5 5.5
      vertex -12.9742 8.07402 5.5
    endloop
  endfacet
  facet normal 0 0 1
    outer loop
      vertex -13.494 8 5.5
      vertex -12.9742 8.07402 5.5
      vertex -13.2993 8.56066 5.5
    endloop
  endfacet
  facet normal 0 0 1
    outer loop
      vertex -12.86 7.5 5.5
      vertex -13.36 7.5 5.5
      vertex -12.9742 6.92598 5.5
    endloop
  endfacet
  facet normal -0 0 1
    outer loop
      vertex -13.494 7 5.5
      vertex -12.9742 6.92598 5.5
      vertex -13.36 7.5 5.5
    endloop
  endfacet
  facet normal 0 0 1
    outer loop
      vertex -12.9742 8.07402 5.5
      vertex -13.494 8 5.5
      vertex -13.36 7.5 5.5
    endloop
  endfacet
  facet normal 0 0 1
    outer loop
      vertex -13.86 8.36602 5.5
      vertex -13.2993 8.56066 5.5
      vertex -13.786 8.88582 5.5
    endloop
  endfacet
  facet normal 0 0 1
    outer loop
      vertex -13.2993 8.56066 5.5
      vertex -13.86 8.36602 5.5
      vertex -13.494 8 5.5
    endloop
  endfacet
  facet normal 0 0 1
    outer loop
      vertex -14.36 8.5 5.5
      vertex -13.786 8.88582 5.5
      vertex -14.36 9 5.5
    endloop
  endfacet
  facet normal 0 0 1
    outer loop
      vertex -13.786 8.88582 5.5
      vertex -14.36 8.5 5.5
      vertex -13.86 8.36602 5.5
    endloop
  endfacet
  facet normal -0 0 1
    outer loop
      vertex -14.934 8.88582 5.5
      vertex -14.36 8.5 5.5
      vertex -14.36 9 5.5
    endloop
  endfacet
  facet normal 0 0 1
    outer loop
      vertex -14.36 8.5 5.5
      vertex -14.934 8.88582 5.5
      vertex -14.86 8.36602 5.5
    endloop
  endfacet
  facet normal -0 0 1
    outer loop
      vertex -15.4207 8.56066 5.5
      vertex -14.86 8.36602 5.5
      vertex -14.934 8.88582 5.5
    endloop
  endfacet
  facet normal -0 0 1
    outer loop
      vertex -15.7458 8.07402 5.5
      vertex -15.226 8 5.5
      vertex -15.4207 8.56066 5.5
    endloop
  endfacet
  facet normal 0 0 1
    outer loop
      vertex -14.86 8.36602 5.5
      vertex -15.4207 8.56066 5.5
      vertex -15.226 8 5.5
    endloop
  endfacet
  facet normal 0 0 1
    outer loop
      vertex -12.9742 6.92598 5.5
      vertex -13.494 7 5.5
      vertex -13.2993 6.43934 5.5
    endloop
  endfacet
  facet normal -0 0 1
    outer loop
      vertex -13.86 6.63398 5.5
      vertex -13.2993 6.43934 5.5
      vertex -13.494 7 5.5
    endloop
  endfacet
  facet normal 0 0 1
    outer loop
      vertex -13.2993 6.43934 5.5
      vertex -13.86 6.63398 5.5
      vertex -13.786 6.11418 5.5
    endloop
  endfacet
  facet normal -0 0 1
    outer loop
      vertex -14.36 6.5 5.5
      vertex -13.786 6.11418 5.5
      vertex -13.86 6.63398 5.5
    endloop
  endfacet
  facet normal 0 0 1
    outer loop
      vertex -14.36 6.5 5.5
      vertex -14.36 6 5.5
      vertex -13.786 6.11418 5.5
    endloop
  endfacet
  facet normal 0 0 1
    outer loop
      vertex -14.934 6.11418 5.5
      vertex -14.36 6.5 5.5
      vertex -14.86 6.63398 5.5
    endloop
  endfacet
  facet normal 0 0 1
    outer loop
      vertex -14.36 6.5 5.5
      vertex -14.934 6.11418 5.5
      vertex -14.36 6 5.5
    endloop
  endfacet
  facet normal 0 0 1
    outer loop
      vertex -15.4207 6.43934 5.5
      vertex -14.86 6.63398 5.5
      vertex -15.226 7 5.5
    endloop
  endfacet
  facet normal 0 0 1
    outer loop
      vertex -14.86 6.63398 5.5
      vertex -15.4207 6.43934 5.5
      vertex -14.934 6.11418 5.5
    endloop
  endfacet
  facet normal 0 0 1
    outer loop
      vertex -15.7458 6.92598 5.5
      vertex -15.226 7 5.5
      vertex -15.36 7.5 5.5
    endloop
  endfacet
  facet normal 0 0 1
    outer loop
      vertex -15.226 8 5.5
      vertex -15.7458 8.07402 5.5
      vertex -15.36 7.5 5.5
    endloop
  endfacet
  facet normal 0 0 1
    outer loop
      vertex -15.86 7.5 5.5
      vertex -15.36 7.5 5.5
      vertex -15.7458 8.07402 5.5
    endloop
  endfacet
  facet normal 0 0 1
    outer loop
      vertex -15.226 7 5.5
      vertex -15.7458 6.92598 5.5
      vertex -15.4207 6.43934 5.5
    endloop
  endfacet
  facet normal 0 0 1
    outer loop
      vertex -15.36 7.5 5.5
      vertex -15.86 7.5 5.5
      vertex -15.7458 6.92598 5.5
    endloop
  endfacet
  facet normal -0.980779 -0.195124 0
    outer loop
      vertex -15.7458 6.92598 2.5
      vertex -15.86 7.5 5.5
      vertex -15.86 7.5 2.5
    endloop
  endfacet
  facet normal -0.980779 -0.195124 0
    outer loop
      vertex -15.86 7.5 5.5
      vertex -15.7458 6.92598 2.5
      vertex -15.7458 6.92598 5.5
    endloop
  endfacet
  facet normal -0.55552 -0.831503 0
    outer loop
      vertex -15.4207 6.43934 2.5
      vertex -14.934 6.11418 5.5
      vertex -15.4207 6.43934 5.5
    endloop
  endfacet
  facet normal -0.55552 -0.831503 -0
    outer loop
      vertex -14.934 6.11418 5.5
      vertex -15.4207 6.43934 2.5
      vertex -14.934 6.11418 2.5
    endloop
  endfacet
  facet normal 0.965914 0.258865 0
    outer loop
      vertex -15.226 7 5.5
      vertex -15.36 7.5 2.5
      vertex -15.36 7.5 5.5
    endloop
  endfacet
  facet normal 0.965914 0.258865 0
    outer loop
      vertex -15.36 7.5 2.5
      vertex -15.226 7 5.5
      vertex -15.226 7 2.5
    endloop
  endfacet
  facet normal -0.707126 -0.707087 0
    outer loop
      vertex -13.494 8 2.5
      vertex -13.86 8.36602 5.5
      vertex -13.86 8.36602 2.5
    endloop
  endfacet
  facet normal -0.707126 -0.707087 0
    outer loop
      vertex -13.86 8.36602 5.5
      vertex -13.494 8 2.5
      vertex -13.494 8 5.5
    endloop
  endfacet
  facet normal -0.965914 -0.258865 0
    outer loop
      vertex -13.36 7.5 2.5
      vertex -13.494 8 5.5
      vertex -13.494 8 2.5
    endloop
  endfacet
  facet normal -0.965914 -0.258865 0
    outer loop
      vertex -13.494 8 5.5
      vertex -13.36 7.5 2.5
      vertex -13.36 7.5 5.5
    endloop
  endfacet
  facet normal -0.258829 -0.965923 0
    outer loop
      vertex -14.36 8.5 2.5
      vertex -13.86 8.36602 5.5
      vertex -14.36 8.5 5.5
    endloop
  endfacet
  facet normal -0.258829 -0.965923 -0
    outer loop
      vertex -13.86 8.36602 5.5
      vertex -14.36 8.5 2.5
      vertex -13.86 8.36602 2.5
    endloop
  endfacet
  facet normal -0.258829 0.965923 0
    outer loop
      vertex -13.86 6.63398 2.5
      vertex -14.36 6.5 5.5
      vertex -13.86 6.63398 5.5
    endloop
  endfacet
  facet normal -0.258829 0.965923 0
    outer loop
      vertex -14.36 6.5 5.5
      vertex -13.86 6.63398 2.5
      vertex -14.36 6.5 2.5
    endloop
  endfacet
  facet normal -0.965914 0.258865 0
    outer loop
      vertex -13.494 7 2.5
      vertex -13.36 7.5 5.5
      vertex -13.36 7.5 2.5
    endloop
  endfacet
  facet normal -0.965914 0.258865 0
    outer loop
      vertex -13.36 7.5 5.5
      vertex -13.494 7 2.5
      vertex -13.494 7 5.5
    endloop
  endfacet
  facet normal 0.707126 -0.707087 0
    outer loop
      vertex -15.226 8 5.5
      vertex -14.86 8.36602 2.5
      vertex -14.86 8.36602 5.5
    endloop
  endfacet
  facet normal 0.707126 -0.707087 0
    outer loop
      vertex -14.86 8.36602 2.5
      vertex -15.226 8 5.5
      vertex -15.226 8 2.5
    endloop
  endfacet
  facet normal 0.258829 -0.965923 0
    outer loop
      vertex -14.86 8.36602 2.5
      vertex -14.36 8.5 5.5
      vertex -14.86 8.36602 5.5
    endloop
  endfacet
  facet normal 0.258829 -0.965923 0
    outer loop
      vertex -14.36 8.5 5.5
      vertex -14.86 8.36602 2.5
      vertex -14.36 8.5 2.5
    endloop
  endfacet
  facet normal 0.965914 -0.258865 0
    outer loop
      vertex -15.36 7.5 5.5
      vertex -15.226 8 2.5
      vertex -15.226 8 5.5
    endloop
  endfacet
  facet normal 0.965914 -0.258865 0
    outer loop
      vertex -15.226 8 2.5
      vertex -15.36 7.5 5.5
      vertex -15.36 7.5 2.5
    endloop
  endfacet
  facet normal -0.707126 0.707087 0
    outer loop
      vertex -13.86 6.63398 2.5
      vertex -13.494 7 5.5
      vertex -13.494 7 2.5
    endloop
  endfacet
  facet normal -0.707126 0.707087 0
    outer loop
      vertex -13.494 7 5.5
      vertex -13.86 6.63398 2.5
      vertex -13.86 6.63398 5.5
    endloop
  endfacet
  facet normal 0.707126 0.707087 0
    outer loop
      vertex -14.86 6.63398 5.5
      vertex -15.226 7 2.5
      vertex -15.226 7 5.5
    endloop
  endfacet
  facet normal 0.707126 0.707087 0
    outer loop
      vertex -15.226 7 2.5
      vertex -14.86 6.63398 5.5
      vertex -14.86 6.63398 2.5
    endloop
  endfacet
  facet normal 0.258829 0.965923 -0
    outer loop
      vertex -14.36 6.5 2.5
      vertex -14.86 6.63398 5.5
      vertex -14.36 6.5 5.5
    endloop
  endfacet
  facet normal 0.258829 0.965923 0
    outer loop
      vertex -14.86 6.63398 5.5
      vertex -14.36 6.5 2.5
      vertex -14.86 6.63398 2.5
    endloop
  endfacet
  facet normal -0.55552 0.831503 0
    outer loop
      vertex 13.786 -6.11418 2.5
      vertex 13.2993 -6.43934 5.5
      vertex 13.786 -6.11418 5.5
    endloop
  endfacet
  facet normal -0.55552 0.831503 0
    outer loop
      vertex 13.2993 -6.43934 5.5
      vertex 13.786 -6.11418 2.5
      vertex 13.2993 -6.43934 2.5
    endloop
  endfacet
  facet normal 0.831519 0.555496 0
    outer loop
      vertex 15.7458 -6.92598 5.5
      vertex 15.4207 -6.43934 2.5
      vertex 15.4207 -6.43934 5.5
    endloop
  endfacet
  facet normal 0.831519 0.555496 0
    outer loop
      vertex 15.4207 -6.43934 2.5
      vertex 15.7458 -6.92598 5.5
      vertex 15.7458 -6.92598 2.5
    endloop
  endfacet
  facet normal 0.980779 0.195124 0
    outer loop
      vertex 15.86 -7.5 5.5
      vertex 15.7458 -6.92598 2.5
      vertex 15.7458 -6.92598 5.5
    endloop
  endfacet
  facet normal 0.980779 0.195124 0
    outer loop
      vertex 15.7458 -6.92598 2.5
      vertex 15.86 -7.5 5.5
      vertex 15.86 -7.5 2.5
    endloop
  endfacet
  facet normal -0.831519 0.555496 0
    outer loop
      vertex 12.9742 -6.92598 2.5
      vertex 13.2993 -6.43934 5.5
      vertex 13.2993 -6.43934 2.5
    endloop
  endfacet
  facet normal -0.831519 0.555496 0
    outer loop
      vertex 13.2993 -6.43934 5.5
      vertex 12.9742 -6.92598 2.5
      vertex 12.9742 -6.92598 5.5
    endloop
  endfacet
  facet normal -0.195097 -0.980784 0
    outer loop
      vertex 13.786 -8.88582 2.5
      vertex 14.36 -9 5.5
      vertex 13.786 -8.88582 5.5
    endloop
  endfacet
  facet normal -0.195097 -0.980784 -0
    outer loop
      vertex 14.36 -9 5.5
      vertex 13.786 -8.88582 2.5
      vertex 14.36 -9 2.5
    endloop
  endfacet
  facet normal 0.195097 -0.980784 0
    outer loop
      vertex 14.36 -9 2.5
      vertex 14.934 -8.88582 5.5
      vertex 14.36 -9 5.5
    endloop
  endfacet
  facet normal 0.195097 -0.980784 0
    outer loop
      vertex 14.934 -8.88582 5.5
      vertex 14.36 -9 2.5
      vertex 14.934 -8.88582 2.5
    endloop
  endfacet
  facet normal 0.55552 -0.831503 0
    outer loop
      vertex 14.934 -8.88582 2.5
      vertex 15.4207 -8.56066 5.5
      vertex 14.934 -8.88582 5.5
    endloop
  endfacet
  facet normal 0.55552 -0.831503 0
    outer loop
      vertex 15.4207 -8.56066 5.5
      vertex 14.934 -8.88582 2.5
      vertex 15.4207 -8.56066 2.5
    endloop
  endfacet
  facet normal 0.831519 -0.555496 0
    outer loop
      vertex 15.4207 -8.56066 5.5
      vertex 15.7458 -8.07402 2.5
      vertex 15.7458 -8.07402 5.5
    endloop
  endfacet
  facet normal 0.831519 -0.555496 0
    outer loop
      vertex 15.7458 -8.07402 2.5
      vertex 15.4207 -8.56066 5.5
      vertex 15.4207 -8.56066 2.5
    endloop
  endfacet
  facet normal -0.980779 0.195124 0
    outer loop
      vertex 12.86 -7.5 2.5
      vertex 12.9742 -6.92598 5.5
      vertex 12.9742 -6.92598 2.5
    endloop
  endfacet
  facet normal -0.980779 0.195124 0
    outer loop
      vertex 12.9742 -6.92598 5.5
      vertex 12.86 -7.5 2.5
      vertex 12.86 -7.5 5.5
    endloop
  endfacet
  facet normal 0.980779 -0.195124 0
    outer loop
      vertex 15.7458 -8.07402 5.5
      vertex 15.86 -7.5 2.5
      vertex 15.86 -7.5 5.5
    endloop
  endfacet
  facet normal 0.980779 -0.195124 0
    outer loop
      vertex 15.86 -7.5 2.5
      vertex 15.7458 -8.07402 5.5
      vertex 15.7458 -8.07402 2.5
    endloop
  endfacet
  facet normal -0.195097 0.980784 0
    outer loop
      vertex 14.36 -6 2.5
      vertex 13.786 -6.11418 5.5
      vertex 14.36 -6 5.5
    endloop
  endfacet
  facet normal -0.195097 0.980784 0
    outer loop
      vertex 13.786 -6.11418 5.5
      vertex 14.36 -6 2.5
      vertex 13.786 -6.11418 2.5
    endloop
  endfacet
  facet normal 0.195097 0.980784 -0
    outer loop
      vertex 14.934 -6.11418 2.5
      vertex 14.36 -6 5.5
      vertex 14.934 -6.11418 5.5
    endloop
  endfacet
  facet normal 0.195097 0.980784 0
    outer loop
      vertex 14.36 -6 5.5
      vertex 14.934 -6.11418 2.5
      vertex 14.36 -6 2.5
    endloop
  endfacet
  facet normal 0.55552 0.831503 -0
    outer loop
      vertex 15.4207 -6.43934 2.5
      vertex 14.934 -6.11418 5.5
      vertex 15.4207 -6.43934 5.5
    endloop
  endfacet
  facet normal 0.55552 0.831503 0
    outer loop
      vertex 14.934 -6.11418 5.5
      vertex 15.4207 -6.43934 2.5
      vertex 14.934 -6.11418 2.5
    endloop
  endfacet
  facet normal -0.831519 -0.555496 0
    outer loop
      vertex 13.2993 -8.56066 2.5
      vertex 12.9742 -8.07402 5.5
      vertex 12.9742 -8.07402 2.5
    endloop
  endfacet
  facet normal -0.831519 -0.555496 0
    outer loop
      vertex 12.9742 -8.07402 5.5
      vertex 13.2993 -8.56066 2.5
      vertex 13.2993 -8.56066 5.5
    endloop
  endfacet
  facet normal 0 0 1
    outer loop
      vertex 15.36 -7.5 5.5
      vertex 15.86 -7.5 5.5
      vertex 15.7458 -6.92598 5.5
    endloop
  endfacet
  facet normal 0 0 1
    outer loop
      vertex 15.226 -7 5.5
      vertex 15.7458 -6.92598 5.5
      vertex 15.4207 -6.43934 5.5
    endloop
  endfacet
  facet normal 0 0 1
    outer loop
      vertex 15.86 -7.5 5.5
      vertex 15.36 -7.5 5.5
      vertex 15.7458 -8.07402 5.5
    endloop
  endfacet
  facet normal -0 0 1
    outer loop
      vertex 15.226 -8 5.5
      vertex 15.7458 -8.07402 5.5
      vertex 15.36 -7.5 5.5
    endloop
  endfacet
  facet normal 0 0 1
    outer loop
      vertex 15.7458 -6.92598 5.5
      vertex 15.226 -7 5.5
      vertex 15.36 -7.5 5.5
    endloop
  endfacet
  facet normal 0 0 1
    outer loop
      vertex 14.86 -6.63398 5.5
      vertex 15.4207 -6.43934 5.5
      vertex 14.934 -6.11418 5.5
    endloop
  endfacet
  facet normal 0 0 1
    outer loop
      vertex 15.4207 -6.43934 5.5
      vertex 14.86 -6.63398 5.5
      vertex 15.226 -7 5.5
    endloop
  endfacet
  facet normal 0 0 1
    outer loop
      vertex 14.36 -6.5 5.5
      vertex 14.934 -6.11418 5.5
      vertex 14.36 -6 5.5
    endloop
  endfacet
  facet normal 0 0 1
    outer loop
      vertex 14.934 -6.11418 5.5
      vertex 14.36 -6.5 5.5
      vertex 14.86 -6.63398 5.5
    endloop
  endfacet
  facet normal -0 0 1
    outer loop
      vertex 13.786 -6.11418 5.5
      vertex 14.36 -6.5 5.5
      vertex 14.36 -6 5.5
    endloop
  endfacet
  facet normal 0 0 1
    outer loop
      vertex 14.36 -6.5 5.5
      vertex 13.786 -6.11418 5.5
      vertex 13.86 -6.63398 5.5
    endloop
  endfacet
  facet normal -0 0 1
    outer loop
      vertex 13.2993 -6.43934 5.5
      vertex 13.86 -6.63398 5.5
      vertex 13.786 -6.11418 5.5
    endloop
  endfacet
  facet normal -0 0 1
    outer loop
      vertex 12.9742 -6.92598 5.5
      vertex 13.494 -7 5.5
      vertex 13.2993 -6.43934 5.5
    endloop
  endfacet
  facet normal 0 0 1
    outer loop
      vertex 13.86 -6.63398 5.5
      vertex 13.2993 -6.43934 5.5
      vertex 13.494 -7 5.5
    endloop
  endfacet
  facet normal 0 0 1
    outer loop
      vertex 15.7458 -8.07402 5.5
      vertex 15.226 -8 5.5
      vertex 15.4207 -8.56066 5.5
    endloop
  endfacet
  facet normal -0 0 1
    outer loop
      vertex 14.86 -8.36602 5.5
      vertex 15.4207 -8.56066 5.5
      vertex 15.226 -8 5.5
    endloop
  endfacet
  facet normal 0 0 1
    outer loop
      vertex 15.4207 -8.56066 5.5
      vertex 14.86 -8.36602 5.5
      vertex 14.934 -8.88582 5.5
    endloop
  endfacet
  facet normal -0 0 1
    outer loop
      vertex 14.36 -8.5 5.5
      vertex 14.934 -8.88582 5.5
      vertex 14.86 -8.36602 5.5
    endloop
  endfacet
  facet normal 0 0 1
    outer loop
      vertex 14.36 -8.5 5.5
      vertex 14.36 -9 5.5
      vertex 14.934 -8.88582 5.5
    endloop
  endfacet
  facet normal 0 0 1
    outer loop
      vertex 13.786 -8.88582 5.5
      vertex 14.36 -8.5 5.5
      vertex 13.86 -8.36602 5.5
    endloop
  endfacet
  facet normal 0 0 1
    outer loop
      vertex 14.36 -8.5 5.5
      vertex 13.786 -8.88582 5.5
      vertex 14.36 -9 5.5
    endloop
  endfacet
  facet normal 0 0 1
    outer loop
      vertex 13.2993 -8.56066 5.5
      vertex 13.86 -8.36602 5.5
      vertex 13.494 -8 5.5
    endloop
  endfacet
  facet normal 0 0 1
    outer loop
      vertex 13.86 -8.36602 5.5
      vertex 13.2993 -8.56066 5.5
      vertex 13.786 -8.88582 5.5
    endloop
  endfacet
  facet normal 0 0 1
    outer loop
      vertex 12.9742 -8.07402 5.5
      vertex 13.494 -8 5.5
      vertex 13.36 -7.5 5.5
    endloop
  endfacet
  facet normal 0 0 1
    outer loop
      vertex 13.494 -7 5.5
      vertex 12.9742 -6.92598 5.5
      vertex 13.36 -7.5 5.5
    endloop
  endfacet
  facet normal 0 0 1
    outer loop
      vertex 12.86 -7.5 5.5
      vertex 13.36 -7.5 5.5
      vertex 12.9742 -6.92598 5.5
    endloop
  endfacet
  facet normal 0 0 1
    outer loop
      vertex 13.494 -8 5.5
      vertex 12.9742 -8.07402 5.5
      vertex 13.2993 -8.56066 5.5
    endloop
  endfacet
  facet normal 0 0 1
    outer loop
      vertex 13.36 -7.5 5.5
      vertex 12.86 -7.5 5.5
      vertex 12.9742 -8.07402 5.5
    endloop
  endfacet
  facet normal -0.980779 -0.195124 0
    outer loop
      vertex 12.9742 -8.07402 2.5
      vertex 12.86 -7.5 5.5
      vertex 12.86 -7.5 2.5
    endloop
  endfacet
  facet normal -0.980779 -0.195124 0
    outer loop
      vertex 12.86 -7.5 5.5
      vertex 12.9742 -8.07402 2.5
      vertex 12.9742 -8.07402 5.5
    endloop
  endfacet
  facet normal -0.55552 -0.831503 0
    outer loop
      vertex 13.2993 -8.56066 2.5
      vertex 13.786 -8.88582 5.5
      vertex 13.2993 -8.56066 5.5
    endloop
  endfacet
  facet normal -0.55552 -0.831503 -0
    outer loop
      vertex 13.786 -8.88582 5.5
      vertex 13.2993 -8.56066 2.5
      vertex 13.786 -8.88582 2.5
    endloop
  endfacet
  facet normal 0.965914 0.258865 0
    outer loop
      vertex 13.494 -8 5.5
      vertex 13.36 -7.5 2.5
      vertex 13.36 -7.5 5.5
    endloop
  endfacet
  facet normal 0.965914 0.258865 0
    outer loop
      vertex 13.36 -7.5 2.5
      vertex 13.494 -8 5.5
      vertex 13.494 -8 2.5
    endloop
  endfacet
  facet normal -0.707126 -0.707087 0
    outer loop
      vertex 15.226 -7 2.5
      vertex 14.86 -6.63398 5.5
      vertex 14.86 -6.63398 2.5
    endloop
  endfacet
  facet normal -0.707126 -0.707087 0
    outer loop
      vertex 14.86 -6.63398 5.5
      vertex 15.226 -7 2.5
      vertex 15.226 -7 5.5
    endloop
  endfacet
  facet normal -0.965914 -0.258865 0
    outer loop
      vertex 15.36 -7.5 2.5
      vertex 15.226 -7 5.5
      vertex 15.226 -7 2.5
    endloop
  endfacet
  facet normal -0.965914 -0.258865 0
    outer loop
      vertex 15.226 -7 5.5
      vertex 15.36 -7.5 2.5
      vertex 15.36 -7.5 5.5
    endloop
  endfacet
  facet normal -0.258829 -0.965923 0
    outer loop
      vertex 14.36 -6.5 2.5
      vertex 14.86 -6.63398 5.5
      vertex 14.36 -6.5 5.5
    endloop
  endfacet
  facet normal -0.258829 -0.965923 -0
    outer loop
      vertex 14.86 -6.63398 5.5
      vertex 14.36 -6.5 2.5
      vertex 14.86 -6.63398 2.5
    endloop
  endfacet
  facet normal -0.258829 0.965923 0
    outer loop
      vertex 14.86 -8.36602 2.5
      vertex 14.36 -8.5 5.5
      vertex 14.86 -8.36602 5.5
    endloop
  endfacet
  facet normal -0.258829 0.965923 0
    outer loop
      vertex 14.36 -8.5 5.5
      vertex 14.86 -8.36602 2.5
      vertex 14.36 -8.5 2.5
    endloop
  endfacet
  facet normal -0.965914 0.258865 0
    outer loop
      vertex 15.226 -8 2.5
      vertex 15.36 -7.5 5.5
      vertex 15.36 -7.5 2.5
    endloop
  endfacet
  facet normal -0.965914 0.258865 0
    outer loop
      vertex 15.36 -7.5 5.5
      vertex 15.226 -8 2.5
      vertex 15.226 -8 5.5
    endloop
  endfacet
  facet normal 0.707126 -0.707087 0
    outer loop
      vertex 13.494 -7 5.5
      vertex 13.86 -6.63398 2.5
      vertex 13.86 -6.63398 5.5
    endloop
  endfacet
  facet normal 0.707126 -0.707087 0
    outer loop
      vertex 13.86 -6.63398 2.5
      vertex 13.494 -7 5.5
      vertex 13.494 -7 2.5
    endloop
  endfacet
  facet normal 0.258829 -0.965923 0
    outer loop
      vertex 13.86 -6.63398 2.5
      vertex 14.36 -6.5 5.5
      vertex 13.86 -6.63398 5.5
    endloop
  endfacet
  facet normal 0.258829 -0.965923 0
    outer loop
      vertex 14.36 -6.5 5.5
      vertex 13.86 -6.63398 2.5
      vertex 14.36 -6.5 2.5
    endloop
  endfacet
  facet normal 0.965914 -0.258865 0
    outer loop
      vertex 13.36 -7.5 5.5
      vertex 13.494 -7 2.5
      vertex 13.494 -7 5.5
    endloop
  endfacet
  facet normal 0.965914 -0.258865 0
    outer loop
      vertex 13.494 -7 2.5
      vertex 13.36 -7.5 5.5
      vertex 13.36 -7.5 2.5
    endloop
  endfacet
  facet normal -0.707126 0.707087 0
    outer loop
      vertex 14.86 -8.36602 2.5
      vertex 15.226 -8 5.5
      vertex 15.226 -8 2.5
    endloop
  endfacet
  facet normal -0.707126 0.707087 0
    outer loop
      vertex 15.226 -8 5.5
      vertex 14.86 -8.36602 2.5
      vertex 14.86 -8.36602 5.5
    endloop
  endfacet
  facet normal 0.707126 0.707087 0
    outer loop
      vertex 13.86 -8.36602 5.5
      vertex 13.494 -8 2.5
      vertex 13.494 -8 5.5
    endloop
  endfacet
  facet normal 0.707126 0.707087 0
    outer loop
      vertex 13.494 -8 2.5
      vertex 13.86 -8.36602 5.5
      vertex 13.86 -8.36602 2.5
    endloop
  endfacet
  facet normal 0.258829 0.965923 -0
    outer loop
      vertex 14.36 -8.5 2.5
      vertex 13.86 -8.36602 5.5
      vertex 14.36 -8.5 5.5
    endloop
  endfacet
  facet normal 0.258829 0.965923 0
    outer loop
      vertex 13.86 -8.36602 5.5
      vertex 14.36 -8.5 2.5
      vertex 13.86 -8.36602 2.5
    endloop
  endfacet
  facet normal -0.55552 0.831503 0
    outer loop
      vertex 13.786 8.88582 2.5
      vertex 13.2993 8.56066 5.5
      vertex 13.786 8.88582 5.5
    endloop
  endfacet
  facet normal -0.55552 0.831503 0
    outer loop
      vertex 13.2993 8.56066 5.5
      vertex 13.786 8.88582 2.5
      vertex 13.2993 8.56066 2.5
    endloop
  endfacet
  facet normal 0.831519 0.555496 0
    outer loop
      vertex 15.7458 8.07402 5.5
      vertex 15.4207 8.56066 2.5
      vertex 15.4207 8.56066 5.5
    endloop
  endfacet
  facet normal 0.831519 0.555496 0
    outer loop
      vertex 15.4207 8.56066 2.5
      vertex 15.7458 8.07402 5.5
      vertex 15.7458 8.07402 2.5
    endloop
  endfacet
  facet normal 0.980779 0.195124 0
    outer loop
      vertex 15.86 7.5 5.5
      vertex 15.7458 8.07402 2.5
      vertex 15.7458 8.07402 5.5
    endloop
  endfacet
  facet normal 0.980779 0.195124 0
    outer loop
      vertex 15.7458 8.07402 2.5
      vertex 15.86 7.5 5.5
      vertex 15.86 7.5 2.5
    endloop
  endfacet
  facet normal -0.831519 0.555496 0
    outer loop
      vertex 12.9742 8.07402 2.5
      vertex 13.2993 8.56066 5.5
      vertex 13.2993 8.56066 2.5
    endloop
  endfacet
  facet normal -0.831519 0.555496 0
    outer loop
      vertex 13.2993 8.56066 5.5
      vertex 12.9742 8.07402 2.5
      vertex 12.9742 8.07402 5.5
    endloop
  endfacet
  facet normal -0.195097 -0.980784 0
    outer loop
      vertex 13.786 6.11418 2.5
      vertex 14.36 6 5.5
      vertex 13.786 6.11418 5.5
    endloop
  endfacet
  facet normal -0.195097 -0.980784 -0
    outer loop
      vertex 14.36 6 5.5
      vertex 13.786 6.11418 2.5
      vertex 14.36 6 2.5
    endloop
  endfacet
  facet normal 0.195097 -0.980784 0
    outer loop
      vertex 14.36 6 2.5
      vertex 14.934 6.11418 5.5
      vertex 14.36 6 5.5
    endloop
  endfacet
  facet normal 0.195097 -0.980784 0
    outer loop
      vertex 14.934 6.11418 5.5
      vertex 14.36 6 2.5
      vertex 14.934 6.11418 2.5
    endloop
  endfacet
  facet normal 0.55552 -0.831503 0
    outer loop
      vertex 14.934 6.11418 2.5
      vertex 15.4207 6.43934 5.5
      vertex 14.934 6.11418 5.5
    endloop
  endfacet
  facet normal 0.55552 -0.831503 0
    outer loop
      vertex 15.4207 6.43934 5.5
      vertex 14.934 6.11418 2.5
      vertex 15.4207 6.43934 2.5
    endloop
  endfacet
  facet normal 0.831519 -0.555496 0
    outer loop
      vertex 15.4207 6.43934 5.5
      vertex 15.7458 6.92598 2.5
      vertex 15.7458 6.92598 5.5
    endloop
  endfacet
  facet normal 0.831519 -0.555496 0
    outer loop
      vertex 15.7458 6.92598 2.5
      vertex 15.4207 6.43934 5.5
      vertex 15.4207 6.43934 2.5
    endloop
  endfacet
  facet normal -0.980779 0.195124 0
    outer loop
      vertex 12.86 7.5 2.5
      vertex 12.9742 8.07402 5.5
      vertex 12.9742 8.07402 2.5
    endloop
  endfacet
  facet normal -0.980779 0.195124 0
    outer loop
      vertex 12.9742 8.07402 5.5
      vertex 12.86 7.5 2.5
      vertex 12.86 7.5 5.5
    endloop
  endfacet
  facet normal 0.980779 -0.195124 0
    outer loop
      vertex 15.7458 6.92598 5.5
      vertex 15.86 7.5 2.5
      vertex 15.86 7.5 5.5
    endloop
  endfacet
  facet normal 0.980779 -0.195124 0
    outer loop
      vertex 15.86 7.5 2.5
      vertex 15.7458 6.92598 5.5
      vertex 15.7458 6.92598 2.5
    endloop
  endfacet
  facet normal -0.195097 0.980784 0
    outer loop
      vertex 14.36 9 2.5
      vertex 13.786 8.88582 5.5
      vertex 14.36 9 5.5
    endloop
  endfacet
  facet normal -0.195097 0.980784 0
    outer loop
      vertex 13.786 8.88582 5.5
      vertex 14.36 9 2.5
      vertex 13.786 8.88582 2.5
    endloop
  endfacet
  facet normal 0.195097 0.980784 -0
    outer loop
      vertex 14.934 8.88582 2.5
      vertex 14.36 9 5.5
      vertex 14.934 8.88582 5.5
    endloop
  endfacet
  facet normal 0.195097 0.980784 0
    outer loop
      vertex 14.36 9 5.5
      vertex 14.934 8.88582 2.5
      vertex 14.36 9 2.5
    endloop
  endfacet
  facet normal 0.55552 0.831503 -0
    outer loop
      vertex 15.4207 8.56066 2.5
      vertex 14.934 8.88582 5.5
      vertex 15.4207 8.56066 5.5
    endloop
  endfacet
  facet normal 0.55552 0.831503 0
    outer loop
      vertex 14.934 8.88582 5.5
      vertex 15.4207 8.56066 2.5
      vertex 14.934 8.88582 2.5
    endloop
  endfacet
  facet normal -0.831519 -0.555496 0
    outer loop
      vertex 13.2993 6.43934 2.5
      vertex 12.9742 6.92598 5.5
      vertex 12.9742 6.92598 2.5
    endloop
  endfacet
  facet normal -0.831519 -0.555496 0
    outer loop
      vertex 12.9742 6.92598 5.5
      vertex 13.2993 6.43934 2.5
      vertex 13.2993 6.43934 5.5
    endloop
  endfacet
  facet normal 0 0 1
    outer loop
      vertex 15.36 7.5 5.5
      vertex 15.86 7.5 5.5
      vertex 15.7458 8.07402 5.5
    endloop
  endfacet
  facet normal 0 0 1
    outer loop
      vertex 15.226 8 5.5
      vertex 15.7458 8.07402 5.5
      vertex 15.4207 8.56066 5.5
    endloop
  endfacet
  facet normal 0 0 1
    outer loop
      vertex 15.86 7.5 5.5
      vertex 15.36 7.5 5.5
      vertex 15.7458 6.92598 5.5
    endloop
  endfacet
  facet normal -0 0 1
    outer loop
      vertex 15.226 7 5.5
      vertex 15.7458 6.92598 5.5
      vertex 15.36 7.5 5.5
    endloop
  endfacet
  facet normal 0 0 1
    outer loop
      vertex 15.7458 8.07402 5.5
      vertex 15.226 8 5.5
      vertex 15.36 7.5 5.5
    endloop
  endfacet
  facet normal 0 0 1
    outer loop
      vertex 14.86 8.36602 5.5
      vertex 15.4207 8.56066 5.5
      vertex 14.934 8.88582 5.5
    endloop
  endfacet
  facet normal 0 0 1
    outer loop
      vertex 15.4207 8.56066 5.5
      vertex 14.86 8.36602 5.5
      vertex 15.226 8 5.5
    endloop
  endfacet
  facet normal 0 0 1
    outer loop
      vertex 14.36 8.5 5.5
      vertex 14.934 8.88582 5.5
      vertex 14.36 9 5.5
    endloop
  endfacet
  facet normal 0 0 1
    outer loop
      vertex 14.934 8.88582 5.5
      vertex 14.36 8.5 5.5
      vertex 14.86 8.36602 5.5
    endloop
  endfacet
  facet normal -0 0 1
    outer loop
      vertex 13.786 8.88582 5.5
      vertex 14.36 8.5 5.5
      vertex 14.36 9 5.5
    endloop
  endfacet
  facet normal 0 0 1
    outer loop
      vertex 14.36 8.5 5.5
      vertex 13.786 8.88582 5.5
      vertex 13.86 8.36602 5.5
    endloop
  endfacet
  facet normal -0 0 1
    outer loop
      vertex 13.2993 8.56066 5.5
      vertex 13.86 8.36602 5.5
      vertex 13.786 8.88582 5.5
    endloop
  endfacet
  facet normal -0 0 1
    outer loop
      vertex 12.9742 8.07402 5.5
      vertex 13.494 8 5.5
      vertex 13.2993 8.56066 5.5
    endloop
  endfacet
  facet normal 0 0 1
    outer loop
      vertex 13.86 8.36602 5.5
      vertex 13.2993 8.56066 5.5
      vertex 13.494 8 5.5
    endloop
  endfacet
  facet normal 0 0 1
    outer loop
      vertex 15.7458 6.92598 5.5
      vertex 15.226 7 5.5
      vertex 15.4207 6.43934 5.5
    endloop
  endfacet
  facet normal -0 0 1
    outer loop
      vertex 14.86 6.63398 5.5
      vertex 15.4207 6.43934 5.5
      vertex 15.226 7 5.5
    endloop
  endfacet
  facet normal 0 0 1
    outer loop
      vertex 15.4207 6.43934 5.5
      vertex 14.86 6.63398 5.5
      vertex 14.934 6.11418 5.5
    endloop
  endfacet
  facet normal -0 0 1
    outer loop
      vertex 14.36 6.5 5.5
      vertex 14.934 6.11418 5.5
      vertex 14.86 6.63398 5.5
    endloop
  endfacet
  facet normal 0 0 1
    outer loop
      vertex 14.36 6.5 5.5
      vertex 14.36 6 5.5
      vertex 14.934 6.11418 5.5
    endloop
  endfacet
  facet normal 0 0 1
    outer loop
      vertex 13.786 6.11418 5.5
      vertex 14.36 6.5 5.5
      vertex 13.86 6.63398 5.5
    endloop
  endfacet
  facet normal 0 0 1
    outer loop
      vertex 14.36 6.5 5.5
      vertex 13.786 6.11418 5.5
      vertex 14.36 6 5.5
    endloop
  endfacet
  facet normal 0 0 1
    outer loop
      vertex 13.2993 6.43934 5.5
      vertex 13.86 6.63398 5.5
      vertex 13.494 7 5.5
    endloop
  endfacet
  facet normal 0 0 1
    outer loop
      vertex 13.86 6.63398 5.5
      vertex 13.2993 6.43934 5.5
      vertex 13.786 6.11418 5.5
    endloop
  endfacet
  facet normal 0 0 1
    outer loop
      vertex 12.9742 6.92598 5.5
      vertex 13.494 7 5.5
      vertex 13.36 7.5 5.5
    endloop
  endfacet
  facet normal 0 0 1
    outer loop
      vertex 13.494 8 5.5
      vertex 12.9742 8.07402 5.5
      vertex 13.36 7.5 5.5
    endloop
  endfacet
  facet normal 0 0 1
    outer loop
      vertex 12.86 7.5 5.5
      vertex 13.36 7.5 5.5
      vertex 12.9742 8.07402 5.5
    endloop
  endfacet
  facet normal 0 0 1
    outer loop
      vertex 13.494 7 5.5
      vertex 12.9742 6.92598 5.5
      vertex 13.2993 6.43934 5.5
    endloop
  endfacet
  facet normal 0 0 1
    outer loop
      vertex 13.36 7.5 5.5
      vertex 12.86 7.5 5.5
      vertex 12.9742 6.92598 5.5
    endloop
  endfacet
  facet normal -0.980779 -0.195124 0
    outer loop
      vertex 12.9742 6.92598 2.5
      vertex 12.86 7.5 5.5
      vertex 12.86 7.5 2.5
    endloop
  endfacet
  facet normal -0.980779 -0.195124 0
    outer loop
      vertex 12.86 7.5 5.5
      vertex 12.9742 6.92598 2.5
      vertex 12.9742 6.92598 5.5
    endloop
  endfacet
  facet normal -0.55552 -0.831503 0
    outer loop
      vertex 13.2993 6.43934 2.5
      vertex 13.786 6.11418 5.5
      vertex 13.2993 6.43934 5.5
    endloop
  endfacet
  facet normal -0.55552 -0.831503 -0
    outer loop
      vertex 13.786 6.11418 5.5
      vertex 13.2993 6.43934 2.5
      vertex 13.786 6.11418 2.5
    endloop
  endfacet
  facet normal 0.965914 0.258865 0
    outer loop
      vertex 13.494 7 5.5
      vertex 13.36 7.5 2.5
      vertex 13.36 7.5 5.5
    endloop
  endfacet
  facet normal 0.965914 0.258865 0
    outer loop
      vertex 13.36 7.5 2.5
      vertex 13.494 7 5.5
      vertex 13.494 7 2.5
    endloop
  endfacet
  facet normal -0.707126 -0.707087 0
    outer loop
      vertex 15.226 8 2.5
      vertex 14.86 8.36602 5.5
      vertex 14.86 8.36602 2.5
    endloop
  endfacet
  facet normal -0.707126 -0.707087 0
    outer loop
      vertex 14.86 8.36602 5.5
      vertex 15.226 8 2.5
      vertex 15.226 8 5.5
    endloop
  endfacet
  facet normal -0.965914 -0.258865 0
    outer loop
      vertex 15.36 7.5 2.5
      vertex 15.226 8 5.5
      vertex 15.226 8 2.5
    endloop
  endfacet
  facet normal -0.965914 -0.258865 0
    outer loop
      vertex 15.226 8 5.5
      vertex 15.36 7.5 2.5
      vertex 15.36 7.5 5.5
    endloop
  endfacet
  facet normal -0.258829 -0.965923 0
    outer loop
      vertex 14.36 8.5 2.5
      vertex 14.86 8.36602 5.5
      vertex 14.36 8.5 5.5
    endloop
  endfacet
  facet normal -0.258829 -0.965923 -0
    outer loop
      vertex 14.86 8.36602 5.5
      vertex 14.36 8.5 2.5
      vertex 14.86 8.36602 2.5
    endloop
  endfacet
  facet normal -0.258829 0.965923 0
    outer loop
      vertex 14.86 6.63398 2.5
      vertex 14.36 6.5 5.5
      vertex 14.86 6.63398 5.5
    endloop
  endfacet
  facet normal -0.258829 0.965923 0
    outer loop
      vertex 14.36 6.5 5.5
      vertex 14.86 6.63398 2.5
      vertex 14.36 6.5 2.5
    endloop
  endfacet
  facet normal -0.965914 0.258865 0
    outer loop
      vertex 15.226 7 2.5
      vertex 15.36 7.5 5.5
      vertex 15.36 7.5 2.5
    endloop
  endfacet
  facet normal -0.965914 0.258865 0
    outer loop
      vertex 15.36 7.5 5.5
      vertex 15.226 7 2.5
      vertex 15.226 7 5.5
    endloop
  endfacet
  facet normal 0.707126 -0.707087 0
    outer loop
      vertex 13.494 8 5.5
      vertex 13.86 8.36602 2.5
      vertex 13.86 8.36602 5.5
    endloop
  endfacet
  facet normal 0.707126 -0.707087 0
    outer loop
      vertex 13.86 8.36602 2.5
      vertex 13.494 8 5.5
      vertex 13.494 8 2.5
    endloop
  endfacet
  facet normal 0.258829 -0.965923 0
    outer loop
      vertex 13.86 8.36602 2.5
      vertex 14.36 8.5 5.5
      vertex 13.86 8.36602 5.5
    endloop
  endfacet
  facet normal 0.258829 -0.965923 0
    outer loop
      vertex 14.36 8.5 5.5
      vertex 13.86 8.36602 2.5
      vertex 14.36 8.5 2.5
    endloop
  endfacet
  facet normal 0.965914 -0.258865 0
    outer loop
      vertex 13.36 7.5 5.5
      vertex 13.494 8 2.5
      vertex 13.494 8 5.5
    endloop
  endfacet
  facet normal 0.965914 -0.258865 0
    outer loop
      vertex 13.494 8 2.5
      vertex 13.36 7.5 5.5
      vertex 13.36 7.5 2.5
    endloop
  endfacet
  facet normal -0.707126 0.707087 0
    outer loop
      vertex 14.86 6.63398 2.5
      vertex 15.226 7 5.5
      vertex 15.226 7 2.5
    endloop
  endfacet
  facet normal -0.707126 0.707087 0
    outer loop
      vertex 15.226 7 5.5
      vertex 14.86 6.63398 2.5
      vertex 14.86 6.63398 5.5
    endloop
  endfacet
  facet normal 0.707126 0.707087 0
    outer loop
      vertex 13.86 6.63398 5.5
      vertex 13.494 7 2.5
      vertex 13.494 7 5.5
    endloop
  endfacet
  facet normal 0.707126 0.707087 0
    outer loop
      vertex 13.494 7 2.5
      vertex 13.86 6.63398 5.5
      vertex 13.86 6.63398 2.5
    endloop
  endfacet
  facet normal 0.258829 0.965923 -0
    outer loop
      vertex 14.36 6.5 2.5
      vertex 13.86 6.63398 5.5
      vertex 14.36 6.5 5.5
    endloop
  endfacet
  facet normal 0.258829 0.965923 0
    outer loop
      vertex 13.86 6.63398 5.5
      vertex 14.36 6.5 2.5
      vertex 13.86 6.63398 2.5
    endloop
  endfacet
  facet normal -0.55552 0.831503 0
    outer loop
      vertex 33.786 -6.11418 2.5
      vertex 33.2993 -6.43934 5.5
      vertex 33.786 -6.11418 5.5
    endloop
  endfacet
  facet normal -0.55552 0.831503 0
    outer loop
      vertex 33.2993 -6.43934 5.5
      vertex 33.786 -6.11418 2.5
      vertex 33.2993 -6.43934 2.5
    endloop
  endfacet
  facet normal 0.831519 0.555496 0
    outer loop
      vertex 35.7458 -6.92598 5.5
      vertex 35.4207 -6.43934 2.5
      vertex 35.4207 -6.43934 5.5
    endloop
  endfacet
  facet normal 0.831519 0.555496 0
    outer loop
      vertex 35.4207 -6.43934 2.5
      vertex 35.7458 -6.92598 5.5
      vertex 35.7458 -6.92598 2.5
    endloop
  endfacet
  facet normal 0.980779 0.195124 0
    outer loop
      vertex 35.86 -7.5 5.5
      vertex 35.7458 -6.92598 2.5
      vertex 35.7458 -6.92598 5.5
    endloop
  endfacet
  facet normal 0.980779 0.195124 0
    outer loop
      vertex 35.7458 -6.92598 2.5
      vertex 35.86 -7.5 5.5
      vertex 35.86 -7.5 2.5
    endloop
  endfacet
  facet normal -0.831519 0.555496 0
    outer loop
      vertex 32.9742 -6.92598 2.5
      vertex 33.2993 -6.43934 5.5
      vertex 33.2993 -6.43934 2.5
    endloop
  endfacet
  facet normal -0.831519 0.555496 0
    outer loop
      vertex 33.2993 -6.43934 5.5
      vertex 32.9742 -6.92598 2.5
      vertex 32.9742 -6.92598 5.5
    endloop
  endfacet
  facet normal -0.195097 -0.980784 0
    outer loop
      vertex 33.786 -8.88582 2.5
      vertex 34.36 -9 5.5
      vertex 33.786 -8.88582 5.5
    endloop
  endfacet
  facet normal -0.195097 -0.980784 -0
    outer loop
      vertex 34.36 -9 5.5
      vertex 33.786 -8.88582 2.5
      vertex 34.36 -9 2.5
    endloop
  endfacet
  facet normal 0.195097 -0.980784 0
    outer loop
      vertex 34.36 -9 2.5
      vertex 34.934 -8.88582 5.5
      vertex 34.36 -9 5.5
    endloop
  endfacet
  facet normal 0.195097 -0.980784 0
    outer loop
      vertex 34.934 -8.88582 5.5
      vertex 34.36 -9 2.5
      vertex 34.934 -8.88582 2.5
    endloop
  endfacet
  facet normal 0.55552 -0.831503 0
    outer loop
      vertex 34.934 -8.88582 2.5
      vertex 35.4207 -8.56066 5.5
      vertex 34.934 -8.88582 5.5
    endloop
  endfacet
  facet normal 0.55552 -0.831503 0
    outer loop
      vertex 35.4207 -8.56066 5.5
      vertex 34.934 -8.88582 2.5
      vertex 35.4207 -8.56066 2.5
    endloop
  endfacet
  facet normal 0.831519 -0.555496 0
    outer loop
      vertex 35.4207 -8.56066 5.5
      vertex 35.7458 -8.07402 2.5
      vertex 35.7458 -8.07402 5.5
    endloop
  endfacet
  facet normal 0.831519 -0.555496 0
    outer loop
      vertex 35.7458 -8.07402 2.5
      vertex 35.4207 -8.56066 5.5
      vertex 35.4207 -8.56066 2.5
    endloop
  endfacet
  facet normal -0.980779 0.195124 0
    outer loop
      vertex 32.86 -7.5 2.5
      vertex 32.9742 -6.92598 5.5
      vertex 32.9742 -6.92598 2.5
    endloop
  endfacet
  facet normal -0.980779 0.195124 0
    outer loop
      vertex 32.9742 -6.92598 5.5
      vertex 32.86 -7.5 2.5
      vertex 32.86 -7.5 5.5
    endloop
  endfacet
  facet normal 0.980779 -0.195124 0
    outer loop
      vertex 35.7458 -8.07402 5.5
      vertex 35.86 -7.5 2.5
      vertex 35.86 -7.5 5.5
    endloop
  endfacet
  facet normal 0.980779 -0.195124 0
    outer loop
      vertex 35.86 -7.5 2.5
      vertex 35.7458 -8.07402 5.5
      vertex 35.7458 -8.07402 2.5
    endloop
  endfacet
  facet normal -0.195097 0.980784 0
    outer loop
      vertex 34.36 -6 2.5
      vertex 33.786 -6.11418 5.5
      vertex 34.36 -6 5.5
    endloop
  endfacet
  facet normal -0.195097 0.980784 0
    outer loop
      vertex 33.786 -6.11418 5.5
      vertex 34.36 -6 2.5
      vertex 33.786 -6.11418 2.5
    endloop
  endfacet
  facet normal 0.195097 0.980784 -0
    outer loop
      vertex 34.934 -6.11418 2.5
      vertex 34.36 -6 5.5
      vertex 34.934 -6.11418 5.5
    endloop
  endfacet
  facet normal 0.195097 0.980784 0
    outer loop
      vertex 34.36 -6 5.5
      vertex 34.934 -6.11418 2.5
      vertex 34.36 -6 2.5
    endloop
  endfacet
  facet normal 0.55552 0.831503 -0
    outer loop
      vertex 35.4207 -6.43934 2.5
      vertex 34.934 -6.11418 5.5
      vertex 35.4207 -6.43934 5.5
    endloop
  endfacet
  facet normal 0.55552 0.831503 0
    outer loop
      vertex 34.934 -6.11418 5.5
      vertex 35.4207 -6.43934 2.5
      vertex 34.934 -6.11418 2.5
    endloop
  endfacet
  facet normal -0.831519 -0.555496 0
    outer loop
      vertex 33.2993 -8.56066 2.5
      vertex 32.9742 -8.07402 5.5
      vertex 32.9742 -8.07402 2.5
    endloop
  endfacet
  facet normal -0.831519 -0.555496 0
    outer loop
      vertex 32.9742 -8.07402 5.5
      vertex 33.2993 -8.56066 2.5
      vertex 33.2993 -8.56066 5.5
    endloop
  endfacet
  facet normal 0 0 1
    outer loop
      vertex 35.36 -7.5 5.5
      vertex 35.86 -7.5 5.5
      vertex 35.7458 -6.92598 5.5
    endloop
  endfacet
  facet normal 0 0 1
    outer loop
      vertex 35.226 -7 5.5
      vertex 35.7458 -6.92598 5.5
      vertex 35.4207 -6.43934 5.5
    endloop
  endfacet
  facet normal 0 0 1
    outer loop
      vertex 35.86 -7.5 5.5
      vertex 35.36 -7.5 5.5
      vertex 35.7458 -8.07402 5.5
    endloop
  endfacet
  facet normal -0 0 1
    outer loop
      vertex 35.226 -8 5.5
      vertex 35.7458 -8.07402 5.5
      vertex 35.36 -7.5 5.5
    endloop
  endfacet
  facet normal 0 0 1
    outer loop
      vertex 35.7458 -6.92598 5.5
      vertex 35.226 -7 5.5
      vertex 35.36 -7.5 5.5
    endloop
  endfacet
  facet normal 0 0 1
    outer loop
      vertex 34.86 -6.63398 5.5
      vertex 35.4207 -6.43934 5.5
      vertex 34.934 -6.11418 5.5
    endloop
  endfacet
  facet normal 0 0 1
    outer loop
      vertex 35.4207 -6.43934 5.5
      vertex 34.86 -6.63398 5.5
      vertex 35.226 -7 5.5
    endloop
  endfacet
  facet normal 0 0 1
    outer loop
      vertex 34.36 -6.5 5.5
      vertex 34.934 -6.11418 5.5
      vertex 34.36 -6 5.5
    endloop
  endfacet
  facet normal 0 0 1
    outer loop
      vertex 34.934 -6.11418 5.5
      vertex 34.36 -6.5 5.5
      vertex 34.86 -6.63398 5.5
    endloop
  endfacet
  facet normal -0 0 1
    outer loop
      vertex 33.786 -6.11418 5.5
      vertex 34.36 -6.5 5.5
      vertex 34.36 -6 5.5
    endloop
  endfacet
  facet normal 0 0 1
    outer loop
      vertex 34.36 -6.5 5.5
      vertex 33.786 -6.11418 5.5
      vertex 33.86 -6.63398 5.5
    endloop
  endfacet
  facet normal -0 0 1
    outer loop
      vertex 33.2993 -6.43934 5.5
      vertex 33.86 -6.63398 5.5
      vertex 33.786 -6.11418 5.5
    endloop
  endfacet
  facet normal -0 0 1
    outer loop
      vertex 32.9742 -6.92598 5.5
      vertex 33.494 -7 5.5
      vertex 33.2993 -6.43934 5.5
    endloop
  endfacet
  facet normal 0 0 1
    outer loop
      vertex 33.86 -6.63398 5.5
      vertex 33.2993 -6.43934 5.5
      vertex 33.494 -7 5.5
    endloop
  endfacet
  facet normal 0 0 1
    outer loop
      vertex 35.7458 -8.07402 5.5
      vertex 35.226 -8 5.5
      vertex 35.4207 -8.56066 5.5
    endloop
  endfacet
  facet normal -0 0 1
    outer loop
      vertex 34.86 -8.36602 5.5
      vertex 35.4207 -8.56066 5.5
      vertex 35.226 -8 5.5
    endloop
  endfacet
  facet normal 0 0 1
    outer loop
      vertex 35.4207 -8.56066 5.5
      vertex 34.86 -8.36602 5.5
      vertex 34.934 -8.88582 5.5
    endloop
  endfacet
  facet normal -0 0 1
    outer loop
      vertex 34.36 -8.5 5.5
      vertex 34.934 -8.88582 5.5
      vertex 34.86 -8.36602 5.5
    endloop
  endfacet
  facet normal 0 0 1
    outer loop
      vertex 34.36 -8.5 5.5
      vertex 34.36 -9 5.5
      vertex 34.934 -8.88582 5.5
    endloop
  endfacet
  facet normal 0 0 1
    outer loop
      vertex 33.786 -8.88582 5.5
      vertex 34.36 -8.5 5.5
      vertex 33.86 -8.36602 5.5
    endloop
  endfacet
  facet normal 0 0 1
    outer loop
      vertex 34.36 -8.5 5.5
      vertex 33.786 -8.88582 5.5
      vertex 34.36 -9 5.5
    endloop
  endfacet
  facet normal 0 0 1
    outer loop
      vertex 33.2993 -8.56066 5.5
      vertex 33.86 -8.36602 5.5
      vertex 33.494 -8 5.5
    endloop
  endfacet
  facet normal 0 0 1
    outer loop
      vertex 33.86 -8.36602 5.5
      vertex 33.2993 -8.56066 5.5
      vertex 33.786 -8.88582 5.5
    endloop
  endfacet
  facet normal 0 0 1
    outer loop
      vertex 32.9742 -8.07402 5.5
      vertex 33.494 -8 5.5
      vertex 33.36 -7.5 5.5
    endloop
  endfacet
  facet normal 0 0 1
    outer loop
      vertex 33.494 -7 5.5
      vertex 32.9742 -6.92598 5.5
      vertex 33.36 -7.5 5.5
    endloop
  endfacet
  facet normal 0 0 1
    outer loop
      vertex 32.86 -7.5 5.5
      vertex 33.36 -7.5 5.5
      vertex 32.9742 -6.92598 5.5
    endloop
  endfacet
  facet normal 0 0 1
    outer loop
      vertex 33.494 -8 5.5
      vertex 32.9742 -8.07402 5.5
      vertex 33.2993 -8.56066 5.5
    endloop
  endfacet
  facet normal 0 0 1
    outer loop
      vertex 33.36 -7.5 5.5
      vertex 32.86 -7.5 5.5
      vertex 32.9742 -8.07402 5.5
    endloop
  endfacet
  facet normal -0.980779 -0.195124 0
    outer loop
      vertex 32.9742 -8.07402 2.5
      vertex 32.86 -7.5 5.5
      vertex 32.86 -7.5 2.5
    endloop
  endfacet
  facet normal -0.980779 -0.195124 0
    outer loop
      vertex 32.86 -7.5 5.5
      vertex 32.9742 -8.07402 2.5
      vertex 32.9742 -8.07402 5.5
    endloop
  endfacet
  facet normal -0.55552 -0.831503 0
    outer loop
      vertex 33.2993 -8.56066 2.5
      vertex 33.786 -8.88582 5.5
      vertex 33.2993 -8.56066 5.5
    endloop
  endfacet
  facet normal -0.55552 -0.831503 -0
    outer loop
      vertex 33.786 -8.88582 5.5
      vertex 33.2993 -8.56066 2.5
      vertex 33.786 -8.88582 2.5
    endloop
  endfacet
  facet normal 0.965914 0.258865 0
    outer loop
      vertex 33.494 -8 5.5
      vertex 33.36 -7.5 2.5
      vertex 33.36 -7.5 5.5
    endloop
  endfacet
  facet normal 0.965914 0.258865 0
    outer loop
      vertex 33.36 -7.5 2.5
      vertex 33.494 -8 5.5
      vertex 33.494 -8 2.5
    endloop
  endfacet
  facet normal -0.707126 -0.707087 0
    outer loop
      vertex 35.226 -7 2.5
      vertex 34.86 -6.63398 5.5
      vertex 34.86 -6.63398 2.5
    endloop
  endfacet
  facet normal -0.707126 -0.707087 0
    outer loop
      vertex 34.86 -6.63398 5.5
      vertex 35.226 -7 2.5
      vertex 35.226 -7 5.5
    endloop
  endfacet
  facet normal -0.965914 -0.258865 0
    outer loop
      vertex 35.36 -7.5 2.5
      vertex 35.226 -7 5.5
      vertex 35.226 -7 2.5
    endloop
  endfacet
  facet normal -0.965914 -0.258865 0
    outer loop
      vertex 35.226 -7 5.5
      vertex 35.36 -7.5 2.5
      vertex 35.36 -7.5 5.5
    endloop
  endfacet
  facet normal -0.258829 -0.965923 0
    outer loop
      vertex 34.36 -6.5 2.5
      vertex 34.86 -6.63398 5.5
      vertex 34.36 -6.5 5.5
    endloop
  endfacet
  facet normal -0.258829 -0.965923 -0
    outer loop
      vertex 34.86 -6.63398 5.5
      vertex 34.36 -6.5 2.5
      vertex 34.86 -6.63398 2.5
    endloop
  endfacet
  facet normal -0.258829 0.965923 0
    outer loop
      vertex 34.86 -8.36602 2.5
      vertex 34.36 -8.5 5.5
      vertex 34.86 -8.36602 5.5
    endloop
  endfacet
  facet normal -0.258829 0.965923 0
    outer loop
      vertex 34.36 -8.5 5.5
      vertex 34.86 -8.36602 2.5
      vertex 34.36 -8.5 2.5
    endloop
  endfacet
  facet normal -0.965914 0.258865 0
    outer loop
      vertex 35.226 -8 2.5
      vertex 35.36 -7.5 5.5
      vertex 35.36 -7.5 2.5
    endloop
  endfacet
  facet normal -0.965914 0.258865 0
    outer loop
      vertex 35.36 -7.5 5.5
      vertex 35.226 -8 2.5
      vertex 35.226 -8 5.5
    endloop
  endfacet
  facet normal 0.707126 -0.707087 0
    outer loop
      vertex 33.494 -7 5.5
      vertex 33.86 -6.63398 2.5
      vertex 33.86 -6.63398 5.5
    endloop
  endfacet
  facet normal 0.707126 -0.707087 0
    outer loop
      vertex 33.86 -6.63398 2.5
      vertex 33.494 -7 5.5
      vertex 33.494 -7 2.5
    endloop
  endfacet
  facet normal 0.258829 -0.965923 0
    outer loop
      vertex 33.86 -6.63398 2.5
      vertex 34.36 -6.5 5.5
      vertex 33.86 -6.63398 5.5
    endloop
  endfacet
  facet normal 0.258829 -0.965923 0
    outer loop
      vertex 34.36 -6.5 5.5
      vertex 33.86 -6.63398 2.5
      vertex 34.36 -6.5 2.5
    endloop
  endfacet
  facet normal 0.965914 -0.258865 0
    outer loop
      vertex 33.36 -7.5 5.5
      vertex 33.494 -7 2.5
      vertex 33.494 -7 5.5
    endloop
  endfacet
  facet normal 0.965914 -0.258865 0
    outer loop
      vertex 33.494 -7 2.5
      vertex 33.36 -7.5 5.5
      vertex 33.36 -7.5 2.5
    endloop
  endfacet
  facet normal -0.707126 0.707087 0
    outer loop
      vertex 34.86 -8.36602 2.5
      vertex 35.226 -8 5.5
      vertex 35.226 -8 2.5
    endloop
  endfacet
  facet normal -0.707126 0.707087 0
    outer loop
      vertex 35.226 -8 5.5
      vertex 34.86 -8.36602 2.5
      vertex 34.86 -8.36602 5.5
    endloop
  endfacet
  facet normal 0.707126 0.707087 0
    outer loop
      vertex 33.86 -8.36602 5.5
      vertex 33.494 -8 2.5
      vertex 33.494 -8 5.5
    endloop
  endfacet
  facet normal 0.707126 0.707087 0
    outer loop
      vertex 33.494 -8 2.5
      vertex 33.86 -8.36602 5.5
      vertex 33.86 -8.36602 2.5
    endloop
  endfacet
  facet normal 0.258829 0.965923 -0
    outer loop
      vertex 34.36 -8.5 2.5
      vertex 33.86 -8.36602 5.5
      vertex 34.36 -8.5 5.5
    endloop
  endfacet
  facet normal 0.258829 0.965923 0
    outer loop
      vertex 33.86 -8.36602 5.5
      vertex 34.36 -8.5 2.5
      vertex 33.86 -8.36602 2.5
    endloop
  endfacet
  facet normal -0.55552 0.831503 0
    outer loop
      vertex 33.786 8.88582 2.5
      vertex 33.2993 8.56066 5.5
      vertex 33.786 8.88582 5.5
    endloop
  endfacet
  facet normal -0.55552 0.831503 0
    outer loop
      vertex 33.2993 8.56066 5.5
      vertex 33.786 8.88582 2.5
      vertex 33.2993 8.56066 2.5
    endloop
  endfacet
  facet normal 0.831519 0.555496 0
    outer loop
      vertex 35.7458 8.07402 5.5
      vertex 35.4207 8.56066 2.5
      vertex 35.4207 8.56066 5.5
    endloop
  endfacet
  facet normal 0.831519 0.555496 0
    outer loop
      vertex 35.4207 8.56066 2.5
      vertex 35.7458 8.07402 5.5
      vertex 35.7458 8.07402 2.5
    endloop
  endfacet
  facet normal 0.980779 0.195124 0
    outer loop
      vertex 35.86 7.5 5.5
      vertex 35.7458 8.07402 2.5
      vertex 35.7458 8.07402 5.5
    endloop
  endfacet
  facet normal 0.980779 0.195124 0
    outer loop
      vertex 35.7458 8.07402 2.5
      vertex 35.86 7.5 5.5
      vertex 35.86 7.5 2.5
    endloop
  endfacet
  facet normal -0.831519 0.555496 0
    outer loop
      vertex 32.9742 8.07402 2.5
      vertex 33.2993 8.56066 5.5
      vertex 33.2993 8.56066 2.5
    endloop
  endfacet
  facet normal -0.831519 0.555496 0
    outer loop
      vertex 33.2993 8.56066 5.5
      vertex 32.9742 8.07402 2.5
      vertex 32.9742 8.07402 5.5
    endloop
  endfacet
  facet normal -0.195097 -0.980784 0
    outer loop
      vertex 33.786 6.11418 2.5
      vertex 34.36 6 5.5
      vertex 33.786 6.11418 5.5
    endloop
  endfacet
  facet normal -0.195097 -0.980784 -0
    outer loop
      vertex 34.36 6 5.5
      vertex 33.786 6.11418 2.5
      vertex 34.36 6 2.5
    endloop
  endfacet
  facet normal 0.195097 -0.980784 0
    outer loop
      vertex 34.36 6 2.5
      vertex 34.934 6.11418 5.5
      vertex 34.36 6 5.5
    endloop
  endfacet
  facet normal 0.195097 -0.980784 0
    outer loop
      vertex 34.934 6.11418 5.5
      vertex 34.36 6 2.5
      vertex 34.934 6.11418 2.5
    endloop
  endfacet
  facet normal 0.55552 -0.831503 0
    outer loop
      vertex 34.934 6.11418 2.5
      vertex 35.4207 6.43934 5.5
      vertex 34.934 6.11418 5.5
    endloop
  endfacet
  facet normal 0.55552 -0.831503 0
    outer loop
      vertex 35.4207 6.43934 5.5
      vertex 34.934 6.11418 2.5
      vertex 35.4207 6.43934 2.5
    endloop
  endfacet
  facet normal 0.831519 -0.555496 0
    outer loop
      vertex 35.4207 6.43934 5.5
      vertex 35.7458 6.92598 2.5
      vertex 35.7458 6.92598 5.5
    endloop
  endfacet
  facet normal 0.831519 -0.555496 0
    outer loop
      vertex 35.7458 6.92598 2.5
      vertex 35.4207 6.43934 5.5
      vertex 35.4207 6.43934 2.5
    endloop
  endfacet
  facet normal -0.980779 0.195124 0
    outer loop
      vertex 32.86 7.5 2.5
      vertex 32.9742 8.07402 5.5
      vertex 32.9742 8.07402 2.5
    endloop
  endfacet
  facet normal -0.980779 0.195124 0
    outer loop
      vertex 32.9742 8.07402 5.5
      vertex 32.86 7.5 2.5
      vertex 32.86 7.5 5.5
    endloop
  endfacet
  facet normal 0.980779 -0.195124 0
    outer loop
      vertex 35.7458 6.92598 5.5
      vertex 35.86 7.5 2.5
      vertex 35.86 7.5 5.5
    endloop
  endfacet
  facet normal 0.980779 -0.195124 0
    outer loop
      vertex 35.86 7.5 2.5
      vertex 35.7458 6.92598 5.5
      vertex 35.7458 6.92598 2.5
    endloop
  endfacet
  facet normal -0.195097 0.980784 0
    outer loop
      vertex 34.36 9 2.5
      vertex 33.786 8.88582 5.5
      vertex 34.36 9 5.5
    endloop
  endfacet
  facet normal -0.195097 0.980784 0
    outer loop
      vertex 33.786 8.88582 5.5
      vertex 34.36 9 2.5
      vertex 33.786 8.88582 2.5
    endloop
  endfacet
  facet normal 0.195097 0.980784 -0
    outer loop
      vertex 34.934 8.88582 2.5
      vertex 34.36 9 5.5
      vertex 34.934 8.88582 5.5
    endloop
  endfacet
  facet normal 0.195097 0.980784 0
    outer loop
      vertex 34.36 9 5.5
      vertex 34.934 8.88582 2.5
      vertex 34.36 9 2.5
    endloop
  endfacet
  facet normal 0.55552 0.831503 -0
    outer loop
      vertex 35.4207 8.56066 2.5
      vertex 34.934 8.88582 5.5
      vertex 35.4207 8.56066 5.5
    endloop
  endfacet
  facet normal 0.55552 0.831503 0
    outer loop
      vertex 34.934 8.88582 5.5
      vertex 35.4207 8.56066 2.5
      vertex 34.934 8.88582 2.5
    endloop
  endfacet
  facet normal -0.831519 -0.555496 0
    outer loop
      vertex 33.2993 6.43934 2.5
      vertex 32.9742 6.92598 5.5
      vertex 32.9742 6.92598 2.5
    endloop
  endfacet
  facet normal -0.831519 -0.555496 0
    outer loop
      vertex 32.9742 6.92598 5.5
      vertex 33.2993 6.43934 2.5
      vertex 33.2993 6.43934 5.5
    endloop
  endfacet
  facet normal 0 0 1
    outer loop
      vertex 35.36 7.5 5.5
      vertex 35.86 7.5 5.5
      vertex 35.7458 8.07402 5.5
    endloop
  endfacet
  facet normal 0 0 1
    outer loop
      vertex 35.226 8 5.5
      vertex 35.7458 8.07402 5.5
      vertex 35.4207 8.56066 5.5
    endloop
  endfacet
  facet normal 0 0 1
    outer loop
      vertex 35.86 7.5 5.5
      vertex 35.36 7.5 5.5
      vertex 35.7458 6.92598 5.5
    endloop
  endfacet
  facet normal -0 0 1
    outer loop
      vertex 35.226 7 5.5
      vertex 35.7458 6.92598 5.5
      vertex 35.36 7.5 5.5
    endloop
  endfacet
  facet normal 0 0 1
    outer loop
      vertex 35.7458 8.07402 5.5
      vertex 35.226 8 5.5
      vertex 35.36 7.5 5.5
    endloop
  endfacet
  facet normal 0 0 1
    outer loop
      vertex 34.86 8.36602 5.5
      vertex 35.4207 8.56066 5.5
      vertex 34.934 8.88582 5.5
    endloop
  endfacet
  facet normal 0 0 1
    outer loop
      vertex 35.4207 8.56066 5.5
      vertex 34.86 8.36602 5.5
      vertex 35.226 8 5.5
    endloop
  endfacet
  facet normal 0 0 1
    outer loop
      vertex 34.36 8.5 5.5
      vertex 34.934 8.88582 5.5
      vertex 34.36 9 5.5
    endloop
  endfacet
  facet normal 0 0 1
    outer loop
      vertex 34.934 8.88582 5.5
      vertex 34.36 8.5 5.5
      vertex 34.86 8.36602 5.5
    endloop
  endfacet
  facet normal -0 0 1
    outer loop
      vertex 33.786 8.88582 5.5
      vertex 34.36 8.5 5.5
      vertex 34.36 9 5.5
    endloop
  endfacet
  facet normal 0 0 1
    outer loop
      vertex 34.36 8.5 5.5
      vertex 33.786 8.88582 5.5
      vertex 33.86 8.36602 5.5
    endloop
  endfacet
  facet normal -0 0 1
    outer loop
      vertex 33.2993 8.56066 5.5
      vertex 33.86 8.36602 5.5
      vertex 33.786 8.88582 5.5
    endloop
  endfacet
  facet normal -0 0 1
    outer loop
      vertex 32.9742 8.07402 5.5
      vertex 33.494 8 5.5
      vertex 33.2993 8.56066 5.5
    endloop
  endfacet
  facet normal 0 0 1
    outer loop
      vertex 33.86 8.36602 5.5
      vertex 33.2993 8.56066 5.5
      vertex 33.494 8 5.5
    endloop
  endfacet
  facet normal 0 0 1
    outer loop
      vertex 35.7458 6.92598 5.5
      vertex 35.226 7 5.5
      vertex 35.4207 6.43934 5.5
    endloop
  endfacet
  facet normal -0 0 1
    outer loop
      vertex 34.86 6.63398 5.5
      vertex 35.4207 6.43934 5.5
      vertex 35.226 7 5.5
    endloop
  endfacet
  facet normal 0 0 1
    outer loop
      vertex 35.4207 6.43934 5.5
      vertex 34.86 6.63398 5.5
      vertex 34.934 6.11418 5.5
    endloop
  endfacet
  facet normal -0 0 1
    outer loop
      vertex 34.36 6.5 5.5
      vertex 34.934 6.11418 5.5
      vertex 34.86 6.63398 5.5
    endloop
  endfacet
  facet normal 0 0 1
    outer loop
      vertex 34.36 6.5 5.5
      vertex 34.36 6 5.5
      vertex 34.934 6.11418 5.5
    endloop
  endfacet
  facet normal 0 0 1
    outer loop
      vertex 33.786 6.11418 5.5
      vertex 34.36 6.5 5.5
      vertex 33.86 6.63398 5.5
    endloop
  endfacet
  facet normal 0 0 1
    outer loop
      vertex 34.36 6.5 5.5
      vertex 33.786 6.11418 5.5
      vertex 34.36 6 5.5
    endloop
  endfacet
  facet normal 0 0 1
    outer loop
      vertex 33.2993 6.43934 5.5
      vertex 33.86 6.63398 5.5
      vertex 33.494 7 5.5
    endloop
  endfacet
  facet normal 0 0 1
    outer loop
      vertex 33.86 6.63398 5.5
      vertex 33.2993 6.43934 5.5
      vertex 33.786 6.11418 5.5
    endloop
  endfacet
  facet normal 0 0 1
    outer loop
      vertex 32.9742 6.92598 5.5
      vertex 33.494 7 5.5
      vertex 33.36 7.5 5.5
    endloop
  endfacet
  facet normal 0 0 1
    outer loop
      vertex 33.494 8 5.5
      vertex 32.9742 8.07402 5.5
      vertex 33.36 7.5 5.5
    endloop
  endfacet
  facet normal 0 0 1
    outer loop
      vertex 32.86 7.5 5.5
      vertex 33.36 7.5 5.5
      vertex 32.9742 8.07402 5.5
    endloop
  endfacet
  facet normal 0 0 1
    outer loop
      vertex 33.494 7 5.5
      vertex 32.9742 6.92598 5.5
      vertex 33.2993 6.43934 5.5
    endloop
  endfacet
  facet normal 0 0 1
    outer loop
      vertex 33.36 7.5 5.5
      vertex 32.86 7.5 5.5
      vertex 32.9742 6.92598 5.5
    endloop
  endfacet
  facet normal -0.980779 -0.195124 0
    outer loop
      vertex 32.9742 6.92598 2.5
      vertex 32.86 7.5 5.5
      vertex 32.86 7.5 2.5
    endloop
  endfacet
  facet normal -0.980779 -0.195124 0
    outer loop
      vertex 32.86 7.5 5.5
      vertex 32.9742 6.92598 2.5
      vertex 32.9742 6.92598 5.5
    endloop
  endfacet
  facet normal -0.55552 -0.831503 0
    outer loop
      vertex 33.2993 6.43934 2.5
      vertex 33.786 6.11418 5.5
      vertex 33.2993 6.43934 5.5
    endloop
  endfacet
  facet normal -0.55552 -0.831503 -0
    outer loop
      vertex 33.786 6.11418 5.5
      vertex 33.2993 6.43934 2.5
      vertex 33.786 6.11418 2.5
    endloop
  endfacet
  facet normal 0.965914 0.258865 0
    outer loop
      vertex 33.494 7 5.5
      vertex 33.36 7.5 2.5
      vertex 33.36 7.5 5.5
    endloop
  endfacet
  facet normal 0.965914 0.258865 0
    outer loop
      vertex 33.36 7.5 2.5
      vertex 33.494 7 5.5
      vertex 33.494 7 2.5
    endloop
  endfacet
  facet normal -0.707126 -0.707087 0
    outer loop
      vertex 35.226 8 2.5
      vertex 34.86 8.36602 5.5
      vertex 34.86 8.36602 2.5
    endloop
  endfacet
  facet normal -0.707126 -0.707087 0
    outer loop
      vertex 34.86 8.36602 5.5
      vertex 35.226 8 2.5
      vertex 35.226 8 5.5
    endloop
  endfacet
  facet normal -0.965914 -0.258865 0
    outer loop
      vertex 35.36 7.5 2.5
      vertex 35.226 8 5.5
      vertex 35.226 8 2.5
    endloop
  endfacet
  facet normal -0.965914 -0.258865 0
    outer loop
      vertex 35.226 8 5.5
      vertex 35.36 7.5 2.5
      vertex 35.36 7.5 5.5
    endloop
  endfacet
  facet normal -0.258829 -0.965923 0
    outer loop
      vertex 34.36 8.5 2.5
      vertex 34.86 8.36602 5.5
      vertex 34.36 8.5 5.5
    endloop
  endfacet
  facet normal -0.258829 -0.965923 -0
    outer loop
      vertex 34.86 8.36602 5.5
      vertex 34.36 8.5 2.5
      vertex 34.86 8.36602 2.5
    endloop
  endfacet
  facet normal -0.258829 0.965923 0
    outer loop
      vertex 34.86 6.63398 2.5
      vertex 34.36 6.5 5.5
      vertex 34.86 6.63398 5.5
    endloop
  endfacet
  facet normal -0.258829 0.965923 0
    outer loop
      vertex 34.36 6.5 5.5
      vertex 34.86 6.63398 2.5
      vertex 34.36 6.5 2.5
    endloop
  endfacet
  facet normal -0.965914 0.258865 0
    outer loop
      vertex 35.226 7 2.5
      vertex 35.36 7.5 5.5
      vertex 35.36 7.5 2.5
    endloop
  endfacet
  facet normal -0.965914 0.258865 0
    outer loop
      vertex 35.36 7.5 5.5
      vertex 35.226 7 2.5
      vertex 35.226 7 5.5
    endloop
  endfacet
  facet normal 0.707126 -0.707087 0
    outer loop
      vertex 33.494 8 5.5
      vertex 33.86 8.36602 2.5
      vertex 33.86 8.36602 5.5
    endloop
  endfacet
  facet normal 0.707126 -0.707087 0
    outer loop
      vertex 33.86 8.36602 2.5
      vertex 33.494 8 5.5
      vertex 33.494 8 2.5
    endloop
  endfacet
  facet normal 0.258829 -0.965923 0
    outer loop
      vertex 33.86 8.36602 2.5
      vertex 34.36 8.5 5.5
      vertex 33.86 8.36602 5.5
    endloop
  endfacet
  facet normal 0.258829 -0.965923 0
    outer loop
      vertex 34.36 8.5 5.5
      vertex 33.86 8.36602 2.5
      vertex 34.36 8.5 2.5
    endloop
  endfacet
  facet normal 0.965914 -0.258865 0
    outer loop
      vertex 33.36 7.5 5.5
      vertex 33.494 8 2.5
      vertex 33.494 8 5.5
    endloop
  endfacet
  facet normal 0.965914 -0.258865 0
    outer loop
      vertex 33.494 8 2.5
      vertex 33.36 7.5 5.5
      vertex 33.36 7.5 2.5
    endloop
  endfacet
  facet normal -0.707126 0.707087 0
    outer loop
      vertex 34.86 6.63398 2.5
      vertex 35.226 7 5.5
      vertex 35.226 7 2.5
    endloop
  endfacet
  facet normal -0.707126 0.707087 0
    outer loop
      vertex 35.226 7 5.5
      vertex 34.86 6.63398 2.5
      vertex 34.86 6.63398 5.5
    endloop
  endfacet
  facet normal 0.707126 0.707087 0
    outer loop
      vertex 33.86 6.63398 5.5
      vertex 33.494 7 2.5
      vertex 33.494 7 5.5
    endloop
  endfacet
  facet normal 0.707126 0.707087 0
    outer loop
      vertex 33.494 7 2.5
      vertex 33.86 6.63398 5.5
      vertex 33.86 6.63398 2.5
    endloop
  endfacet
  facet normal 0.258829 0.965923 -0
    outer loop
      vertex 34.36 6.5 2.5
      vertex 33.86 6.63398 5.5
      vertex 34.36 6.5 5.5
    endloop
  endfacet
  facet normal 0.258829 0.965923 0
    outer loop
      vertex 33.86 6.63398 5.5
      vertex 34.36 6.5 2.5
      vertex 33.86 6.63398 2.5
    endloop
  endfacet
  facet normal -0.555567 0.831472 0
    outer loop
      vertex -8.93402 -4.61418 2.5
      vertex -9.42066 -4.93934 4
      vertex -8.93402 -4.61418 4
    endloop
  endfacet
  facet normal -0.555567 0.831472 0
    outer loop
      vertex -9.42066 -4.93934 4
      vertex -8.93402 -4.61418 2.5
      vertex -9.42066 -4.93934 2.5
    endloop
  endfacet
  facet normal 0.831472 0.555567 0
    outer loop
      vertex -6.97418 -5.42598 4
      vertex -7.29934 -4.93934 2.5
      vertex -7.29934 -4.93934 4
    endloop
  endfacet
  facet normal 0.831472 0.555567 0
    outer loop
      vertex -7.29934 -4.93934 2.5
      vertex -6.97418 -5.42598 4
      vertex -6.97418 -5.42598 2.5
    endloop
  endfacet
  facet normal 0.980785 0.195091 0
    outer loop
      vertex -6.86 -6 4
      vertex -6.97418 -5.42598 2.5
      vertex -6.97418 -5.42598 4
    endloop
  endfacet
  facet normal 0.980785 0.195091 0
    outer loop
      vertex -6.97418 -5.42598 2.5
      vertex -6.86 -6 4
      vertex -6.86 -6 2.5
    endloop
  endfacet
  facet normal -0.831472 0.555567 0
    outer loop
      vertex -9.74582 -5.42598 2.5
      vertex -9.42066 -4.93934 4
      vertex -9.42066 -4.93934 2.5
    endloop
  endfacet
  facet normal -0.831472 0.555567 0
    outer loop
      vertex -9.42066 -4.93934 4
      vertex -9.74582 -5.42598 2.5
      vertex -9.74582 -5.42598 4
    endloop
  endfacet
  facet normal -0.195091 -0.980785 0
    outer loop
      vertex -8.93402 -7.38582 2.5
      vertex -8.36 -7.5 4
      vertex -8.93402 -7.38582 4
    endloop
  endfacet
  facet normal -0.195091 -0.980785 -0
    outer loop
      vertex -8.36 -7.5 4
      vertex -8.93402 -7.38582 2.5
      vertex -8.36 -7.5 2.5
    endloop
  endfacet
  facet normal 0.195091 -0.980785 0
    outer loop
      vertex -8.36 -7.5 2.5
      vertex -7.78598 -7.38582 4
      vertex -8.36 -7.5 4
    endloop
  endfacet
  facet normal 0.195091 -0.980785 0
    outer loop
      vertex -7.78598 -7.38582 4
      vertex -8.36 -7.5 2.5
      vertex -7.78598 -7.38582 2.5
    endloop
  endfacet
  facet normal 0.555567 -0.831472 0
    outer loop
      vertex -7.78598 -7.38582 2.5
      vertex -7.29934 -7.06066 4
      vertex -7.78598 -7.38582 4
    endloop
  endfacet
  facet normal 0.555567 -0.831472 0
    outer loop
      vertex -7.29934 -7.06066 4
      vertex -7.78598 -7.38582 2.5
      vertex -7.29934 -7.06066 2.5
    endloop
  endfacet
  facet normal 0.831472 -0.555566 0
    outer loop
      vertex -6.97418 -6.57402 4
      vertex -7.17105 -6.86866 2.5
      vertex -6.97418 -6.57402 2.5
    endloop
  endfacet
  facet normal 0.831472 -0.555567 3.70879e-07
    outer loop
      vertex -7.29934 -7.06066 4
      vertex -7.17105 -6.86866 2.5
      vertex -6.97418 -6.57402 4
    endloop
  endfacet
  facet normal 0.83147 -0.555569 0
    outer loop
      vertex -7.17105 -6.86866 2.5
      vertex -7.29934 -7.06066 4
      vertex -7.29934 -7.06066 2.5
    endloop
  endfacet
  facet normal -0.980785 0.195091 0
    outer loop
      vertex -9.86 -6 2.5
      vertex -9.74582 -5.42598 4
      vertex -9.74582 -5.42598 2.5
    endloop
  endfacet
  facet normal -0.980785 0.195091 0
    outer loop
      vertex -9.74582 -5.42598 4
      vertex -9.86 -6 2.5
      vertex -9.86 -6 4
    endloop
  endfacet
  facet normal 0.980785 -0.195091 0
    outer loop
      vertex -6.97418 -6.57402 4
      vertex -6.86 -6 2.5
      vertex -6.86 -6 4
    endloop
  endfacet
  facet normal 0.980785 -0.195091 0
    outer loop
      vertex -6.86 -6 2.5
      vertex -6.97418 -6.57402 4
      vertex -6.97418 -6.57402 2.5
    endloop
  endfacet
  facet normal -0.195091 0.980785 0
    outer loop
      vertex -8.36 -4.5 2.5
      vertex -8.93402 -4.61418 4
      vertex -8.36 -4.5 4
    endloop
  endfacet
  facet normal -0.195091 0.980785 0
    outer loop
      vertex -8.93402 -4.61418 4
      vertex -8.36 -4.5 2.5
      vertex -8.93402 -4.61418 2.5
    endloop
  endfacet
  facet normal 0.195091 0.980785 -0
    outer loop
      vertex -7.78598 -4.61418 2.5
      vertex -8.36 -4.5 4
      vertex -7.78598 -4.61418 4
    endloop
  endfacet
  facet normal 0.195091 0.980785 0
    outer loop
      vertex -8.36 -4.5 4
      vertex -7.78598 -4.61418 2.5
      vertex -8.36 -4.5 2.5
    endloop
  endfacet
  facet normal -0.831472 -0.555566 0
    outer loop
      vertex -9.54895 -6.86866 2.5
      vertex -9.74582 -6.57402 4
      vertex -9.74582 -6.57402 2.5
    endloop
  endfacet
  facet normal -0.83147 -0.555569 -0
    outer loop
      vertex -9.42066 -7.06066 4
      vertex -9.54895 -6.86866 2.5
      vertex -9.42066 -7.06066 2.5
    endloop
  endfacet
  facet normal -0.831472 -0.555567 3.70879e-07
    outer loop
      vertex -9.54895 -6.86866 2.5
      vertex -9.42066 -7.06066 4
      vertex -9.74582 -6.57402 4
    endloop
  endfacet
  facet normal 0 0 1
    outer loop
      vertex -7.36 -6 4
      vertex -6.86 -6 4
      vertex -6.97418 -5.42598 4
    endloop
  endfacet
  facet normal 0 0 1
    outer loop
      vertex -7.49398 -5.5 4
      vertex -6.97418 -5.42598 4
      vertex -7.29934 -4.93934 4
    endloop
  endfacet
  facet normal 0 0 1
    outer loop
      vertex -6.86 -6 4
      vertex -7.36 -6 4
      vertex -6.97418 -6.57402 4
    endloop
  endfacet
  facet normal -0 0 1
    outer loop
      vertex -7.49398 -6.5 4
      vertex -6.97418 -6.57402 4
      vertex -7.36 -6 4
    endloop
  endfacet
  facet normal 0 0 1
    outer loop
      vertex -6.97418 -5.42598 4
      vertex -7.49398 -5.5 4
      vertex -7.36 -6 4
    endloop
  endfacet
  facet normal 0 0 1
    outer loop
      vertex -7.86 -5.13398 4
      vertex -7.29934 -4.93934 4
      vertex -7.78598 -4.61418 4
    endloop
  endfacet
  facet normal 0 0 1
    outer loop
      vertex -7.29934 -4.93934 4
      vertex -7.86 -5.13398 4
      vertex -7.49398 -5.5 4
    endloop
  endfacet
  facet normal 0 0 1
    outer loop
      vertex -8.36 -5 4
      vertex -7.78598 -4.61418 4
      vertex -8.36 -4.5 4
    endloop
  endfacet
  facet normal 0 0 1
    outer loop
      vertex -7.78598 -4.61418 4
      vertex -8.36 -5 4
      vertex -7.86 -5.13398 4
    endloop
  endfacet
  facet normal -0 0 1
    outer loop
      vertex -8.93402 -4.61418 4
      vertex -8.36 -5 4
      vertex -8.36 -4.5 4
    endloop
  endfacet
  facet normal 0 0 1
    outer loop
      vertex -8.36 -5 4
      vertex -8.93402 -4.61418 4
      vertex -8.86 -5.13398 4
    endloop
  endfacet
  facet normal -0 0 1
    outer loop
      vertex -9.42066 -4.93934 4
      vertex -8.86 -5.13398 4
      vertex -8.93402 -4.61418 4
    endloop
  endfacet
  facet normal -0 0 1
    outer loop
      vertex -9.74582 -5.42598 4
      vertex -9.22602 -5.5 4
      vertex -9.42066 -4.93934 4
    endloop
  endfacet
  facet normal 0 0 1
    outer loop
      vertex -8.86 -5.13398 4
      vertex -9.42066 -4.93934 4
      vertex -9.22602 -5.5 4
    endloop
  endfacet
  facet normal 0 0 1
    outer loop
      vertex -6.97418 -6.57402 4
      vertex -7.49398 -6.5 4
      vertex -7.29934 -7.06066 4
    endloop
  endfacet
  facet normal -0 0 1
    outer loop
      vertex -7.86 -6.86602 4
      vertex -7.29934 -7.06066 4
      vertex -7.49398 -6.5 4
    endloop
  endfacet
  facet normal 0 0 1
    outer loop
      vertex -7.29934 -7.06066 4
      vertex -7.86 -6.86602 4
      vertex -7.78598 -7.38582 4
    endloop
  endfacet
  facet normal -0 0 1
    outer loop
      vertex -8.36 -7 4
      vertex -7.78598 -7.38582 4
      vertex -7.86 -6.86602 4
    endloop
  endfacet
  facet normal 0 0 1
    outer loop
      vertex -8.36 -7 4
      vertex -8.36 -7.5 4
      vertex -7.78598 -7.38582 4
    endloop
  endfacet
  facet normal 0 0 1
    outer loop
      vertex -8.93402 -7.38582 4
      vertex -8.36 -7 4
      vertex -8.86 -6.86602 4
    endloop
  endfacet
  facet normal 0 0 1
    outer loop
      vertex -8.36 -7 4
      vertex -8.93402 -7.38582 4
      vertex -8.36 -7.5 4
    endloop
  endfacet
  facet normal 0 0 1
    outer loop
      vertex -9.42066 -7.06066 4
      vertex -8.86 -6.86602 4
      vertex -9.22602 -6.5 4
    endloop
  endfacet
  facet normal 0 0 1
    outer loop
      vertex -8.86 -6.86602 4
      vertex -9.42066 -7.06066 4
      vertex -8.93402 -7.38582 4
    endloop
  endfacet
  facet normal 0 0 1
    outer loop
      vertex -9.74582 -6.57402 4
      vertex -9.22602 -6.5 4
      vertex -9.36 -6 4
    endloop
  endfacet
  facet normal 0 0 1
    outer loop
      vertex -9.22602 -5.5 4
      vertex -9.74582 -5.42598 4
      vertex -9.36 -6 4
    endloop
  endfacet
  facet normal 0 0 1
    outer loop
      vertex -9.86 -6 4
      vertex -9.36 -6 4
      vertex -9.74582 -5.42598 4
    endloop
  endfacet
  facet normal 0 0 1
    outer loop
      vertex -9.22602 -6.5 4
      vertex -9.74582 -6.57402 4
      vertex -9.42066 -7.06066 4
    endloop
  endfacet
  facet normal 0 0 1
    outer loop
      vertex -9.36 -6 4
      vertex -9.86 -6 4
      vertex -9.74582 -6.57402 4
    endloop
  endfacet
  facet normal 0.555567 0.831472 -0
    outer loop
      vertex -7.29934 -4.93934 2.5
      vertex -7.78598 -4.61418 4
      vertex -7.29934 -4.93934 4
    endloop
  endfacet
  facet normal 0.555567 0.831472 0
    outer loop
      vertex -7.78598 -4.61418 4
      vertex -7.29934 -4.93934 2.5
      vertex -7.78598 -4.61418 2.5
    endloop
  endfacet
  facet normal -0.980785 -0.195091 0
    outer loop
      vertex -9.74582 -6.57402 2.5
      vertex -9.86 -6 4
      vertex -9.86 -6 2.5
    endloop
  endfacet
  facet normal -0.980785 -0.195091 0
    outer loop
      vertex -9.86 -6 4
      vertex -9.74582 -6.57402 2.5
      vertex -9.74582 -6.57402 4
    endloop
  endfacet
  facet normal -0.555567 -0.831472 0
    outer loop
      vertex -9.42066 -7.06066 2.5
      vertex -8.93402 -7.38582 4
      vertex -9.42066 -7.06066 4
    endloop
  endfacet
  facet normal -0.555567 -0.831472 -0
    outer loop
      vertex -8.93402 -7.38582 4
      vertex -9.42066 -7.06066 2.5
      vertex -8.93402 -7.38582 2.5
    endloop
  endfacet
  facet normal 0.965923 0.258829 0
    outer loop
      vertex -9.22602 -6.5 4
      vertex -9.36 -6 2.5
      vertex -9.36 -6 4
    endloop
  endfacet
  facet normal 0.965923 0.258829 0
    outer loop
      vertex -9.36 -6 2.5
      vertex -9.22602 -6.5 4
      vertex -9.22602 -6.5 2.5
    endloop
  endfacet
  facet normal -0.707107 -0.707107 0
    outer loop
      vertex -7.49398 -5.5 2.5
      vertex -7.86 -5.13398 4
      vertex -7.86 -5.13398 2.5
    endloop
  endfacet
  facet normal -0.707107 -0.707107 0
    outer loop
      vertex -7.86 -5.13398 4
      vertex -7.49398 -5.5 2.5
      vertex -7.49398 -5.5 4
    endloop
  endfacet
  facet normal -0.965923 -0.258829 0
    outer loop
      vertex -7.36 -6 2.5
      vertex -7.49398 -5.5 4
      vertex -7.49398 -5.5 2.5
    endloop
  endfacet
  facet normal -0.965923 -0.258829 0
    outer loop
      vertex -7.49398 -5.5 4
      vertex -7.36 -6 2.5
      vertex -7.36 -6 4
    endloop
  endfacet
  facet normal -0.258829 -0.965923 0
    outer loop
      vertex -8.36 -5 2.5
      vertex -7.86 -5.13398 4
      vertex -8.36 -5 4
    endloop
  endfacet
  facet normal -0.258829 -0.965923 -0
    outer loop
      vertex -7.86 -5.13398 4
      vertex -8.36 -5 2.5
      vertex -7.86 -5.13398 2.5
    endloop
  endfacet
  facet normal -0.259374 0.965777 0
    outer loop
      vertex -7.86983 -6.86866 2.5
      vertex -7.86 -6.86602 4
      vertex -7.86 -6.86602 2.5
    endloop
  endfacet
  facet normal -0.258829 0.965923 -3.83356e-06
    outer loop
      vertex -7.86 -6.86602 4
      vertex -7.86983 -6.86866 2.5
      vertex -8.36 -7 4
    endloop
  endfacet
  facet normal -0.258818 0.965926 0
    outer loop
      vertex -8.36 -7 4
      vertex -7.86983 -6.86866 2.5
      vertex -8.36 -7 2.5
    endloop
  endfacet
  facet normal -0.965923 0.258829 0
    outer loop
      vertex -7.49398 -6.5 2.5
      vertex -7.36 -6 4
      vertex -7.36 -6 2.5
    endloop
  endfacet
  facet normal -0.965923 0.258829 0
    outer loop
      vertex -7.36 -6 4
      vertex -7.49398 -6.5 2.5
      vertex -7.49398 -6.5 4
    endloop
  endfacet
  facet normal 0.707107 -0.707107 0
    outer loop
      vertex -9.22602 -5.5 4
      vertex -8.86 -5.13398 2.5
      vertex -8.86 -5.13398 4
    endloop
  endfacet
  facet normal 0.707107 -0.707107 0
    outer loop
      vertex -8.86 -5.13398 2.5
      vertex -9.22602 -5.5 4
      vertex -9.22602 -5.5 2.5
    endloop
  endfacet
  facet normal 0.258829 -0.965923 0
    outer loop
      vertex -8.86 -5.13398 2.5
      vertex -8.36 -5 4
      vertex -8.86 -5.13398 4
    endloop
  endfacet
  facet normal 0.258829 -0.965923 0
    outer loop
      vertex -8.36 -5 4
      vertex -8.86 -5.13398 2.5
      vertex -8.36 -5 2.5
    endloop
  endfacet
  facet normal 0.965923 -0.258829 0
    outer loop
      vertex -9.36 -6 4
      vertex -9.22602 -5.5 2.5
      vertex -9.22602 -5.5 4
    endloop
  endfacet
  facet normal 0.965923 -0.258829 0
    outer loop
      vertex -9.22602 -5.5 2.5
      vertex -9.36 -6 4
      vertex -9.36 -6 2.5
    endloop
  endfacet
  facet normal -0.707107 0.707107 0
    outer loop
      vertex -7.86 -6.86602 2.5
      vertex -7.49398 -6.5 4
      vertex -7.49398 -6.5 2.5
    endloop
  endfacet
  facet normal -0.707107 0.707107 0
    outer loop
      vertex -7.49398 -6.5 4
      vertex -7.86 -6.86602 2.5
      vertex -7.86 -6.86602 4
    endloop
  endfacet
  facet normal 0.707107 0.707107 0
    outer loop
      vertex -8.86 -6.86602 4
      vertex -9.22602 -6.5 2.5
      vertex -9.22602 -6.5 4
    endloop
  endfacet
  facet normal 0.707107 0.707107 0
    outer loop
      vertex -9.22602 -6.5 2.5
      vertex -8.86 -6.86602 4
      vertex -8.86 -6.86602 2.5
    endloop
  endfacet
  facet normal 0.258829 0.965923 -0
    outer loop
      vertex -8.36 -7 2.5
      vertex -8.86 -6.86602 4
      vertex -8.36 -7 4
    endloop
  endfacet
  facet normal 0.258818 0.965926 -3.91045e-06
    outer loop
      vertex -8.85017 -6.86866 2.5
      vertex -8.86 -6.86602 4
      vertex -8.36 -7 2.5
    endloop
  endfacet
  facet normal 0.259374 0.965777 0
    outer loop
      vertex -8.86 -6.86602 4
      vertex -8.85017 -6.86866 2.5
      vertex -8.86 -6.86602 2.5
    endloop
  endfacet
  facet normal -0.555567 0.831472 0
    outer loop
      vertex -8.93402 7.38582 2.5
      vertex -9.42066 7.06066 4
      vertex -8.93402 7.38582 4
    endloop
  endfacet
  facet normal -0.555567 0.831472 0
    outer loop
      vertex -9.42066 7.06066 4
      vertex -8.93402 7.38582 2.5
      vertex -9.42066 7.06066 2.5
    endloop
  endfacet
  facet normal 0.83147 0.555569 0
    outer loop
      vertex -7.29934 7.06066 4
      vertex -7.17105 6.86866 2.5
      vertex -7.29934 7.06066 2.5
    endloop
  endfacet
  facet normal 0.831472 0.555567 3.70879e-07
    outer loop
      vertex -6.97418 6.57402 4
      vertex -7.17105 6.86866 2.5
      vertex -7.29934 7.06066 4
    endloop
  endfacet
  facet normal 0.831472 0.555566 0
    outer loop
      vertex -7.17105 6.86866 2.5
      vertex -6.97418 6.57402 4
      vertex -6.97418 6.57402 2.5
    endloop
  endfacet
  facet normal 0.980785 0.195091 0
    outer loop
      vertex -6.86 6 4
      vertex -6.97418 6.57402 2.5
      vertex -6.97418 6.57402 4
    endloop
  endfacet
  facet normal 0.980785 0.195091 0
    outer loop
      vertex -6.97418 6.57402 2.5
      vertex -6.86 6 4
      vertex -6.86 6 2.5
    endloop
  endfacet
  facet normal -0.83147 0.555569 0
    outer loop
      vertex -9.54895 6.86866 2.5
      vertex -9.42066 7.06066 4
      vertex -9.42066 7.06066 2.5
    endloop
  endfacet
  facet normal -0.831472 0.555566 0
    outer loop
      vertex -9.74582 6.57402 4
      vertex -9.54895 6.86866 2.5
      vertex -9.74582 6.57402 2.5
    endloop
  endfacet
  facet normal -0.831472 0.555567 3.70879e-07
    outer loop
      vertex -9.54895 6.86866 2.5
      vertex -9.74582 6.57402 4
      vertex -9.42066 7.06066 4
    endloop
  endfacet
  facet normal -0.195091 -0.980785 0
    outer loop
      vertex -8.93402 4.61418 2.5
      vertex -8.36 4.5 4
      vertex -8.93402 4.61418 4
    endloop
  endfacet
  facet normal -0.195091 -0.980785 -0
    outer loop
      vertex -8.36 4.5 4
      vertex -8.93402 4.61418 2.5
      vertex -8.36 4.5 2.5
    endloop
  endfacet
  facet normal 0.195091 -0.980785 0
    outer loop
      vertex -8.36 4.5 2.5
      vertex -7.78598 4.61418 4
      vertex -8.36 4.5 4
    endloop
  endfacet
  facet normal 0.195091 -0.980785 0
    outer loop
      vertex -7.78598 4.61418 4
      vertex -8.36 4.5 2.5
      vertex -7.78598 4.61418 2.5
    endloop
  endfacet
  facet normal 0.555567 -0.831472 0
    outer loop
      vertex -7.78598 4.61418 2.5
      vertex -7.29934 4.93934 4
      vertex -7.78598 4.61418 4
    endloop
  endfacet
  facet normal 0.555567 -0.831472 0
    outer loop
      vertex -7.29934 4.93934 4
      vertex -7.78598 4.61418 2.5
      vertex -7.29934 4.93934 2.5
    endloop
  endfacet
  facet normal 0.831472 -0.555567 0
    outer loop
      vertex -7.29934 4.93934 4
      vertex -6.97418 5.42598 2.5
      vertex -6.97418 5.42598 4
    endloop
  endfacet
  facet normal 0.831472 -0.555567 0
    outer loop
      vertex -6.97418 5.42598 2.5
      vertex -7.29934 4.93934 4
      vertex -7.29934 4.93934 2.5
    endloop
  endfacet
  facet normal -0.980785 0.195091 0
    outer loop
      vertex -9.86 6 2.5
      vertex -9.74582 6.57402 4
      vertex -9.74582 6.57402 2.5
    endloop
  endfacet
  facet normal -0.980785 0.195091 0
    outer loop
      vertex -9.74582 6.57402 4
      vertex -9.86 6 2.5
      vertex -9.86 6 4
    endloop
  endfacet
  facet normal 0.980785 -0.195091 0
    outer loop
      vertex -6.97418 5.42598 4
      vertex -6.86 6 2.5
      vertex -6.86 6 4
    endloop
  endfacet
  facet normal 0.980785 -0.195091 0
    outer loop
      vertex -6.86 6 2.5
      vertex -6.97418 5.42598 4
      vertex -6.97418 5.42598 2.5
    endloop
  endfacet
  facet normal -0.195091 0.980785 0
    outer loop
      vertex -8.36 7.5 2.5
      vertex -8.93402 7.38582 4
      vertex -8.36 7.5 4
    endloop
  endfacet
  facet normal -0.195091 0.980785 0
    outer loop
      vertex -8.93402 7.38582 4
      vertex -8.36 7.5 2.5
      vertex -8.93402 7.38582 2.5
    endloop
  endfacet
  facet normal 0.195091 0.980785 -0
    outer loop
      vertex -7.78598 7.38582 2.5
      vertex -8.36 7.5 4
      vertex -7.78598 7.38582 4
    endloop
  endfacet
  facet normal 0.195091 0.980785 0
    outer loop
      vertex -8.36 7.5 4
      vertex -7.78598 7.38582 2.5
      vertex -8.36 7.5 2.5
    endloop
  endfacet
  facet normal -0.831472 -0.555567 0
    outer loop
      vertex -9.42066 4.93934 2.5
      vertex -9.74582 5.42598 4
      vertex -9.74582 5.42598 2.5
    endloop
  endfacet
  facet normal -0.831472 -0.555567 0
    outer loop
      vertex -9.74582 5.42598 4
      vertex -9.42066 4.93934 2.5
      vertex -9.42066 4.93934 4
    endloop
  endfacet
  facet normal 0 0 1
    outer loop
      vertex -7.36 6 4
      vertex -6.86 6 4
      vertex -6.97418 6.57402 4
    endloop
  endfacet
  facet normal 0 0 1
    outer loop
      vertex -7.49398 6.5 4
      vertex -6.97418 6.57402 4
      vertex -7.29934 7.06066 4
    endloop
  endfacet
  facet normal 0 0 1
    outer loop
      vertex -6.86 6 4
      vertex -7.36 6 4
      vertex -6.97418 5.42598 4
    endloop
  endfacet
  facet normal -0 0 1
    outer loop
      vertex -7.49398 5.5 4
      vertex -6.97418 5.42598 4
      vertex -7.36 6 4
    endloop
  endfacet
  facet normal 0 0 1
    outer loop
      vertex -6.97418 6.57402 4
      vertex -7.49398 6.5 4
      vertex -7.36 6 4
    endloop
  endfacet
  facet normal 0 0 1
    outer loop
      vertex -7.86 6.86602 4
      vertex -7.29934 7.06066 4
      vertex -7.78598 7.38582 4
    endloop
  endfacet
  facet normal 0 0 1
    outer loop
      vertex -7.29934 7.06066 4
      vertex -7.86 6.86602 4
      vertex -7.49398 6.5 4
    endloop
  endfacet
  facet normal 0 0 1
    outer loop
      vertex -8.36 7 4
      vertex -7.78598 7.38582 4
      vertex -8.36 7.5 4
    endloop
  endfacet
  facet normal 0 0 1
    outer loop
      vertex -7.78598 7.38582 4
      vertex -8.36 7 4
      vertex -7.86 6.86602 4
    endloop
  endfacet
  facet normal -0 0 1
    outer loop
      vertex -8.93402 7.38582 4
      vertex -8.36 7 4
      vertex -8.36 7.5 4
    endloop
  endfacet
  facet normal 0 0 1
    outer loop
      vertex -8.36 7 4
      vertex -8.93402 7.38582 4
      vertex -8.86 6.86602 4
    endloop
  endfacet
  facet normal -0 0 1
    outer loop
      vertex -9.42066 7.06066 4
      vertex -8.86 6.86602 4
      vertex -8.93402 7.38582 4
    endloop
  endfacet
  facet normal -0 0 1
    outer loop
      vertex -9.74582 6.57402 4
      vertex -9.22602 6.5 4
      vertex -9.42066 7.06066 4
    endloop
  endfacet
  facet normal 0 0 1
    outer loop
      vertex -8.86 6.86602 4
      vertex -9.42066 7.06066 4
      vertex -9.22602 6.5 4
    endloop
  endfacet
  facet normal 0 0 1
    outer loop
      vertex -6.97418 5.42598 4
      vertex -7.49398 5.5 4
      vertex -7.29934 4.93934 4
    endloop
  endfacet
  facet normal -0 0 1
    outer loop
      vertex -7.86 5.13398 4
      vertex -7.29934 4.93934 4
      vertex -7.49398 5.5 4
    endloop
  endfacet
  facet normal 0 0 1
    outer loop
      vertex -7.29934 4.93934 4
      vertex -7.86 5.13398 4
      vertex -7.78598 4.61418 4
    endloop
  endfacet
  facet normal -0 0 1
    outer loop
      vertex -8.36 5 4
      vertex -7.78598 4.61418 4
      vertex -7.86 5.13398 4
    endloop
  endfacet
  facet normal 0 0 1
    outer loop
      vertex -8.36 5 4
      vertex -8.36 4.5 4
      vertex -7.78598 4.61418 4
    endloop
  endfacet
  facet normal 0 0 1
    outer loop
      vertex -8.93402 4.61418 4
      vertex -8.36 5 4
      vertex -8.86 5.13398 4
    endloop
  endfacet
  facet normal 0 0 1
    outer loop
      vertex -8.36 5 4
      vertex -8.93402 4.61418 4
      vertex -8.36 4.5 4
    endloop
  endfacet
  facet normal 0 0 1
    outer loop
      vertex -9.42066 4.93934 4
      vertex -8.86 5.13398 4
      vertex -9.22602 5.5 4
    endloop
  endfacet
  facet normal 0 0 1
    outer loop
      vertex -8.86 5.13398 4
      vertex -9.42066 4.93934 4
      vertex -8.93402 4.61418 4
    endloop
  endfacet
  facet normal 0 0 1
    outer loop
      vertex -9.74582 5.42598 4
      vertex -9.22602 5.5 4
      vertex -9.36 6 4
    endloop
  endfacet
  facet normal 0 0 1
    outer loop
      vertex -9.22602 6.5 4
      vertex -9.74582 6.57402 4
      vertex -9.36 6 4
    endloop
  endfacet
  facet normal 0 0 1
    outer loop
      vertex -9.86 6 4
      vertex -9.36 6 4
      vertex -9.74582 6.57402 4
    endloop
  endfacet
  facet normal 0 0 1
    outer loop
      vertex -9.22602 5.5 4
      vertex -9.74582 5.42598 4
      vertex -9.42066 4.93934 4
    endloop
  endfacet
  facet normal 0 0 1
    outer loop
      vertex -9.36 6 4
      vertex -9.86 6 4
      vertex -9.74582 5.42598 4
    endloop
  endfacet
  facet normal 0.555567 0.831472 -0
    outer loop
      vertex -7.29934 7.06066 2.5
      vertex -7.78598 7.38582 4
      vertex -7.29934 7.06066 4
    endloop
  endfacet
  facet normal 0.555567 0.831472 0
    outer loop
      vertex -7.78598 7.38582 4
      vertex -7.29934 7.06066 2.5
      vertex -7.78598 7.38582 2.5
    endloop
  endfacet
  facet normal -0.980785 -0.195091 0
    outer loop
      vertex -9.74582 5.42598 2.5
      vertex -9.86 6 4
      vertex -9.86 6 2.5
    endloop
  endfacet
  facet normal -0.980785 -0.195091 0
    outer loop
      vertex -9.86 6 4
      vertex -9.74582 5.42598 2.5
      vertex -9.74582 5.42598 4
    endloop
  endfacet
  facet normal -0.555567 -0.831472 0
    outer loop
      vertex -9.42066 4.93934 2.5
      vertex -8.93402 4.61418 4
      vertex -9.42066 4.93934 4
    endloop
  endfacet
  facet normal -0.555567 -0.831472 -0
    outer loop
      vertex -8.93402 4.61418 4
      vertex -9.42066 4.93934 2.5
      vertex -8.93402 4.61418 2.5
    endloop
  endfacet
  facet normal 0.965923 0.258829 0
    outer loop
      vertex -9.22602 5.5 4
      vertex -9.36 6 2.5
      vertex -9.36 6 4
    endloop
  endfacet
  facet normal 0.965923 0.258829 0
    outer loop
      vertex -9.36 6 2.5
      vertex -9.22602 5.5 4
      vertex -9.22602 5.5 2.5
    endloop
  endfacet
  facet normal -0.707107 -0.707107 0
    outer loop
      vertex -7.49398 6.5 2.5
      vertex -7.86 6.86602 4
      vertex -7.86 6.86602 2.5
    endloop
  endfacet
  facet normal -0.707107 -0.707107 0
    outer loop
      vertex -7.86 6.86602 4
      vertex -7.49398 6.5 2.5
      vertex -7.49398 6.5 4
    endloop
  endfacet
  facet normal -0.965923 -0.258829 0
    outer loop
      vertex -7.36 6 2.5
      vertex -7.49398 6.5 4
      vertex -7.49398 6.5 2.5
    endloop
  endfacet
  facet normal -0.965923 -0.258829 0
    outer loop
      vertex -7.49398 6.5 4
      vertex -7.36 6 2.5
      vertex -7.36 6 4
    endloop
  endfacet
  facet normal -0.258829 -0.965923 0
    outer loop
      vertex -8.36 7 2.5
      vertex -7.86 6.86602 4
      vertex -8.36 7 4
    endloop
  endfacet
  facet normal -0.258818 -0.965926 -3.91045e-06
    outer loop
      vertex -7.86983 6.86866 2.5
      vertex -7.86 6.86602 4
      vertex -8.36 7 2.5
    endloop
  endfacet
  facet normal -0.259374 -0.965777 -0
    outer loop
      vertex -7.86 6.86602 4
      vertex -7.86983 6.86866 2.5
      vertex -7.86 6.86602 2.5
    endloop
  endfacet
  facet normal -0.258829 0.965923 0
    outer loop
      vertex -7.86 5.13398 2.5
      vertex -8.36 5 4
      vertex -7.86 5.13398 4
    endloop
  endfacet
  facet normal -0.258829 0.965923 0
    outer loop
      vertex -8.36 5 4
      vertex -7.86 5.13398 2.5
      vertex -8.36 5 2.5
    endloop
  endfacet
  facet normal -0.965923 0.258829 0
    outer loop
      vertex -7.49398 5.5 2.5
      vertex -7.36 6 4
      vertex -7.36 6 2.5
    endloop
  endfacet
  facet normal -0.965923 0.258829 0
    outer loop
      vertex -7.36 6 4
      vertex -7.49398 5.5 2.5
      vertex -7.49398 5.5 4
    endloop
  endfacet
  facet normal 0.707107 -0.707107 0
    outer loop
      vertex -9.22602 6.5 4
      vertex -8.86 6.86602 2.5
      vertex -8.86 6.86602 4
    endloop
  endfacet
  facet normal 0.707107 -0.707107 0
    outer loop
      vertex -8.86 6.86602 2.5
      vertex -9.22602 6.5 4
      vertex -9.22602 6.5 2.5
    endloop
  endfacet
  facet normal 0.259374 -0.965777 0
    outer loop
      vertex -8.85017 6.86866 2.5
      vertex -8.86 6.86602 4
      vertex -8.86 6.86602 2.5
    endloop
  endfacet
  facet normal 0.258829 -0.965923 -3.83356e-06
    outer loop
      vertex -8.86 6.86602 4
      vertex -8.85017 6.86866 2.5
      vertex -8.36 7 4
    endloop
  endfacet
  facet normal 0.258818 -0.965926 0
    outer loop
      vertex -8.36 7 4
      vertex -8.85017 6.86866 2.5
      vertex -8.36 7 2.5
    endloop
  endfacet
  facet normal 0.965923 -0.258829 0
    outer loop
      vertex -9.36 6 4
      vertex -9.22602 6.5 2.5
      vertex -9.22602 6.5 4
    endloop
  endfacet
  facet normal 0.965923 -0.258829 0
    outer loop
      vertex -9.22602 6.5 2.5
      vertex -9.36 6 4
      vertex -9.36 6 2.5
    endloop
  endfacet
  facet normal -0.707107 0.707107 0
    outer loop
      vertex -7.86 5.13398 2.5
      vertex -7.49398 5.5 4
      vertex -7.49398 5.5 2.5
    endloop
  endfacet
  facet normal -0.707107 0.707107 0
    outer loop
      vertex -7.49398 5.5 4
      vertex -7.86 5.13398 2.5
      vertex -7.86 5.13398 4
    endloop
  endfacet
  facet normal 0.707107 0.707107 0
    outer loop
      vertex -8.86 5.13398 4
      vertex -9.22602 5.5 2.5
      vertex -9.22602 5.5 4
    endloop
  endfacet
  facet normal 0.707107 0.707107 0
    outer loop
      vertex -9.22602 5.5 2.5
      vertex -8.86 5.13398 4
      vertex -8.86 5.13398 2.5
    endloop
  endfacet
  facet normal 0.258829 0.965923 -0
    outer loop
      vertex -8.36 5 2.5
      vertex -8.86 5.13398 4
      vertex -8.36 5 4
    endloop
  endfacet
  facet normal 0.258829 0.965923 0
    outer loop
      vertex -8.86 5.13398 4
      vertex -8.36 5 2.5
      vertex -8.86 5.13398 2.5
    endloop
  endfacet
  facet normal -0.555567 0.831472 0
    outer loop
      vertex 7.78598 -4.61418 2.5
      vertex 7.29934 -4.93934 4
      vertex 7.78598 -4.61418 4
    endloop
  endfacet
  facet normal -0.555567 0.831472 0
    outer loop
      vertex 7.29934 -4.93934 4
      vertex 7.78598 -4.61418 2.5
      vertex 7.29934 -4.93934 2.5
    endloop
  endfacet
  facet normal 0.831472 0.555567 0
    outer loop
      vertex 9.74582 -5.42598 4
      vertex 9.42066 -4.93934 2.5
      vertex 9.42066 -4.93934 4
    endloop
  endfacet
  facet normal 0.831472 0.555567 0
    outer loop
      vertex 9.42066 -4.93934 2.5
      vertex 9.74582 -5.42598 4
      vertex 9.74582 -5.42598 2.5
    endloop
  endfacet
  facet normal 0.980785 0.195091 0
    outer loop
      vertex 9.86 -6 4
      vertex 9.74582 -5.42598 2.5
      vertex 9.74582 -5.42598 4
    endloop
  endfacet
  facet normal 0.980785 0.195091 0
    outer loop
      vertex 9.74582 -5.42598 2.5
      vertex 9.86 -6 4
      vertex 9.86 -6 2.5
    endloop
  endfacet
  facet normal -0.831472 0.555567 0
    outer loop
      vertex 6.97418 -5.42598 2.5
      vertex 7.29934 -4.93934 4
      vertex 7.29934 -4.93934 2.5
    endloop
  endfacet
  facet normal -0.831472 0.555567 0
    outer loop
      vertex 7.29934 -4.93934 4
      vertex 6.97418 -5.42598 2.5
      vertex 6.97418 -5.42598 4
    endloop
  endfacet
  facet normal -0.195091 -0.980785 0
    outer loop
      vertex 7.78598 -7.38582 2.5
      vertex 8.36 -7.5 4
      vertex 7.78598 -7.38582 4
    endloop
  endfacet
  facet normal -0.195091 -0.980785 -0
    outer loop
      vertex 8.36 -7.5 4
      vertex 7.78598 -7.38582 2.5
      vertex 8.36 -7.5 2.5
    endloop
  endfacet
  facet normal 0.195091 -0.980785 0
    outer loop
      vertex 8.36 -7.5 2.5
      vertex 8.93402 -7.38582 4
      vertex 8.36 -7.5 4
    endloop
  endfacet
  facet normal 0.195091 -0.980785 0
    outer loop
      vertex 8.93402 -7.38582 4
      vertex 8.36 -7.5 2.5
      vertex 8.93402 -7.38582 2.5
    endloop
  endfacet
  facet normal 0.555567 -0.831472 0
    outer loop
      vertex 8.93402 -7.38582 2.5
      vertex 9.42066 -7.06066 4
      vertex 8.93402 -7.38582 4
    endloop
  endfacet
  facet normal 0.555567 -0.831472 0
    outer loop
      vertex 9.42066 -7.06066 4
      vertex 8.93402 -7.38582 2.5
      vertex 9.42066 -7.06066 2.5
    endloop
  endfacet
  facet normal 0.831472 -0.555566 0
    outer loop
      vertex 9.74582 -6.57402 4
      vertex 9.54895 -6.86866 2.5
      vertex 9.74582 -6.57402 2.5
    endloop
  endfacet
  facet normal 0.831472 -0.555567 3.70879e-07
    outer loop
      vertex 9.42066 -7.06066 4
      vertex 9.54895 -6.86866 2.5
      vertex 9.74582 -6.57402 4
    endloop
  endfacet
  facet normal 0.83147 -0.555569 0
    outer loop
      vertex 9.54895 -6.86866 2.5
      vertex 9.42066 -7.06066 4
      vertex 9.42066 -7.06066 2.5
    endloop
  endfacet
  facet normal -0.980785 0.195091 0
    outer loop
      vertex 6.86 -6 2.5
      vertex 6.97418 -5.42598 4
      vertex 6.97418 -5.42598 2.5
    endloop
  endfacet
  facet normal -0.980785 0.195091 0
    outer loop
      vertex 6.97418 -5.42598 4
      vertex 6.86 -6 2.5
      vertex 6.86 -6 4
    endloop
  endfacet
  facet normal 0.980785 -0.195091 0
    outer loop
      vertex 9.74582 -6.57402 4
      vertex 9.86 -6 2.5
      vertex 9.86 -6 4
    endloop
  endfacet
  facet normal 0.980785 -0.195091 0
    outer loop
      vertex 9.86 -6 2.5
      vertex 9.74582 -6.57402 4
      vertex 9.74582 -6.57402 2.5
    endloop
  endfacet
  facet normal -0.195091 0.980785 0
    outer loop
      vertex 8.36 -4.5 2.5
      vertex 7.78598 -4.61418 4
      vertex 8.36 -4.5 4
    endloop
  endfacet
  facet normal -0.195091 0.980785 0
    outer loop
      vertex 7.78598 -4.61418 4
      vertex 8.36 -4.5 2.5
      vertex 7.78598 -4.61418 2.5
    endloop
  endfacet
  facet normal 0.195091 0.980785 -0
    outer loop
      vertex 8.93402 -4.61418 2.5
      vertex 8.36 -4.5 4
      vertex 8.93402 -4.61418 4
    endloop
  endfacet
  facet normal 0.195091 0.980785 0
    outer loop
      vertex 8.36 -4.5 4
      vertex 8.93402 -4.61418 2.5
      vertex 8.36 -4.5 2.5
    endloop
  endfacet
  facet normal -0.831472 -0.555566 0
    outer loop
      vertex 7.17105 -6.86866 2.5
      vertex 6.97418 -6.57402 4
      vertex 6.97418 -6.57402 2.5
    endloop
  endfacet
  facet normal -0.83147 -0.555569 -0
    outer loop
      vertex 7.29934 -7.06066 4
      vertex 7.17105 -6.86866 2.5
      vertex 7.29934 -7.06066 2.5
    endloop
  endfacet
  facet normal -0.831472 -0.555567 3.70879e-07
    outer loop
      vertex 7.17105 -6.86866 2.5
      vertex 7.29934 -7.06066 4
      vertex 6.97418 -6.57402 4
    endloop
  endfacet
  facet normal 0 0 1
    outer loop
      vertex 9.36 -6 4
      vertex 9.86 -6 4
      vertex 9.74582 -5.42598 4
    endloop
  endfacet
  facet normal 0 0 1
    outer loop
      vertex 9.22602 -5.5 4
      vertex 9.74582 -5.42598 4
      vertex 9.42066 -4.93934 4
    endloop
  endfacet
  facet normal 0 0 1
    outer loop
      vertex 9.86 -6 4
      vertex 9.36 -6 4
      vertex 9.74582 -6.57402 4
    endloop
  endfacet
  facet normal -0 0 1
    outer loop
      vertex 9.22602 -6.5 4
      vertex 9.74582 -6.57402 4
      vertex 9.36 -6 4
    endloop
  endfacet
  facet normal 0 0 1
    outer loop
      vertex 9.74582 -5.42598 4
      vertex 9.22602 -5.5 4
      vertex 9.36 -6 4
    endloop
  endfacet
  facet normal 0 0 1
    outer loop
      vertex 8.86 -5.13398 4
      vertex 9.42066 -4.93934 4
      vertex 8.93402 -4.61418 4
    endloop
  endfacet
  facet normal 0 0 1
    outer loop
      vertex 9.42066 -4.93934 4
      vertex 8.86 -5.13398 4
      vertex 9.22602 -5.5 4
    endloop
  endfacet
  facet normal 0 0 1
    outer loop
      vertex 8.36 -5 4
      vertex 8.93402 -4.61418 4
      vertex 8.36 -4.5 4
    endloop
  endfacet
  facet normal 0 0 1
    outer loop
      vertex 8.93402 -4.61418 4
      vertex 8.36 -5 4
      vertex 8.86 -5.13398 4
    endloop
  endfacet
  facet normal -0 0 1
    outer loop
      vertex 7.78598 -4.61418 4
      vertex 8.36 -5 4
      vertex 8.36 -4.5 4
    endloop
  endfacet
  facet normal 0 0 1
    outer loop
      vertex 8.36 -5 4
      vertex 7.78598 -4.61418 4
      vertex 7.86 -5.13398 4
    endloop
  endfacet
  facet normal -0 0 1
    outer loop
      vertex 7.29934 -4.93934 4
      vertex 7.86 -5.13398 4
      vertex 7.78598 -4.61418 4
    endloop
  endfacet
  facet normal -0 0 1
    outer loop
      vertex 6.97418 -5.42598 4
      vertex 7.49398 -5.5 4
      vertex 7.29934 -4.93934 4
    endloop
  endfacet
  facet normal 0 0 1
    outer loop
      vertex 7.86 -5.13398 4
      vertex 7.29934 -4.93934 4
      vertex 7.49398 -5.5 4
    endloop
  endfacet
  facet normal 0 0 1
    outer loop
      vertex 9.74582 -6.57402 4
      vertex 9.22602 -6.5 4
      vertex 9.42066 -7.06066 4
    endloop
  endfacet
  facet normal -0 0 1
    outer loop
      vertex 8.86 -6.86602 4
      vertex 9.42066 -7.06066 4
      vertex 9.22602 -6.5 4
    endloop
  endfacet
  facet normal 0 0 1
    outer loop
      vertex 9.42066 -7.06066 4
      vertex 8.86 -6.86602 4
      vertex 8.93402 -7.38582 4
    endloop
  endfacet
  facet normal -0 0 1
    outer loop
      vertex 8.36 -7 4
      vertex 8.93402 -7.38582 4
      vertex 8.86 -6.86602 4
    endloop
  endfacet
  facet normal 0 0 1
    outer loop
      vertex 8.36 -7 4
      vertex 8.36 -7.5 4
      vertex 8.93402 -7.38582 4
    endloop
  endfacet
  facet normal 0 0 1
    outer loop
      vertex 7.78598 -7.38582 4
      vertex 8.36 -7 4
      vertex 7.86 -6.86602 4
    endloop
  endfacet
  facet normal 0 0 1
    outer loop
      vertex 8.36 -7 4
      vertex 7.78598 -7.38582 4
      vertex 8.36 -7.5 4
    endloop
  endfacet
  facet normal 0 0 1
    outer loop
      vertex 7.29934 -7.06066 4
      vertex 7.86 -6.86602 4
      vertex 7.49398 -6.5 4
    endloop
  endfacet
  facet normal 0 0 1
    outer loop
      vertex 7.86 -6.86602 4
      vertex 7.29934 -7.06066 4
      vertex 7.78598 -7.38582 4
    endloop
  endfacet
  facet normal 0 0 1
    outer loop
      vertex 6.97418 -6.57402 4
      vertex 7.49398 -6.5 4
      vertex 7.36 -6 4
    endloop
  endfacet
  facet normal 0 0 1
    outer loop
      vertex 7.49398 -5.5 4
      vertex 6.97418 -5.42598 4
      vertex 7.36 -6 4
    endloop
  endfacet
  facet normal 0 0 1
    outer loop
      vertex 6.86 -6 4
      vertex 7.36 -6 4
      vertex 6.97418 -5.42598 4
    endloop
  endfacet
  facet normal 0 0 1
    outer loop
      vertex 7.49398 -6.5 4
      vertex 6.97418 -6.57402 4
      vertex 7.29934 -7.06066 4
    endloop
  endfacet
  facet normal 0 0 1
    outer loop
      vertex 7.36 -6 4
      vertex 6.86 -6 4
      vertex 6.97418 -6.57402 4
    endloop
  endfacet
  facet normal 0.555567 0.831472 -0
    outer loop
      vertex 9.42066 -4.93934 2.5
      vertex 8.93402 -4.61418 4
      vertex 9.42066 -4.93934 4
    endloop
  endfacet
  facet normal 0.555567 0.831472 0
    outer loop
      vertex 8.93402 -4.61418 4
      vertex 9.42066 -4.93934 2.5
      vertex 8.93402 -4.61418 2.5
    endloop
  endfacet
  facet normal -0.980785 -0.195091 0
    outer loop
      vertex 6.97418 -6.57402 2.5
      vertex 6.86 -6 4
      vertex 6.86 -6 2.5
    endloop
  endfacet
  facet normal -0.980785 -0.195091 0
    outer loop
      vertex 6.86 -6 4
      vertex 6.97418 -6.57402 2.5
      vertex 6.97418 -6.57402 4
    endloop
  endfacet
  facet normal -0.555567 -0.831472 0
    outer loop
      vertex 7.29934 -7.06066 2.5
      vertex 7.78598 -7.38582 4
      vertex 7.29934 -7.06066 4
    endloop
  endfacet
  facet normal -0.555567 -0.831472 -0
    outer loop
      vertex 7.78598 -7.38582 4
      vertex 7.29934 -7.06066 2.5
      vertex 7.78598 -7.38582 2.5
    endloop
  endfacet
  facet normal 0.965923 0.258829 0
    outer loop
      vertex 7.49398 -6.5 4
      vertex 7.36 -6 2.5
      vertex 7.36 -6 4
    endloop
  endfacet
  facet normal 0.965923 0.258829 0
    outer loop
      vertex 7.36 -6 2.5
      vertex 7.49398 -6.5 4
      vertex 7.49398 -6.5 2.5
    endloop
  endfacet
  facet normal -0.707107 -0.707107 0
    outer loop
      vertex 9.22602 -5.5 2.5
      vertex 8.86 -5.13398 4
      vertex 8.86 -5.13398 2.5
    endloop
  endfacet
  facet normal -0.707107 -0.707107 0
    outer loop
      vertex 8.86 -5.13398 4
      vertex 9.22602 -5.5 2.5
      vertex 9.22602 -5.5 4
    endloop
  endfacet
  facet normal -0.965923 -0.258829 0
    outer loop
      vertex 9.36 -6 2.5
      vertex 9.22602 -5.5 4
      vertex 9.22602 -5.5 2.5
    endloop
  endfacet
  facet normal -0.965923 -0.258829 0
    outer loop
      vertex 9.22602 -5.5 4
      vertex 9.36 -6 2.5
      vertex 9.36 -6 4
    endloop
  endfacet
  facet normal -0.258829 -0.965923 0
    outer loop
      vertex 8.36 -5 2.5
      vertex 8.86 -5.13398 4
      vertex 8.36 -5 4
    endloop
  endfacet
  facet normal -0.258829 -0.965923 -0
    outer loop
      vertex 8.86 -5.13398 4
      vertex 8.36 -5 2.5
      vertex 8.86 -5.13398 2.5
    endloop
  endfacet
  facet normal -0.259374 0.965777 0
    outer loop
      vertex 8.85017 -6.86866 2.5
      vertex 8.86 -6.86602 4
      vertex 8.86 -6.86602 2.5
    endloop
  endfacet
  facet normal -0.258829 0.965923 -3.83356e-06
    outer loop
      vertex 8.86 -6.86602 4
      vertex 8.85017 -6.86866 2.5
      vertex 8.36 -7 4
    endloop
  endfacet
  facet normal -0.258818 0.965926 0
    outer loop
      vertex 8.36 -7 4
      vertex 8.85017 -6.86866 2.5
      vertex 8.36 -7 2.5
    endloop
  endfacet
  facet normal -0.965923 0.258829 0
    outer loop
      vertex 9.22602 -6.5 2.5
      vertex 9.36 -6 4
      vertex 9.36 -6 2.5
    endloop
  endfacet
  facet normal -0.965923 0.258829 0
    outer loop
      vertex 9.36 -6 4
      vertex 9.22602 -6.5 2.5
      vertex 9.22602 -6.5 4
    endloop
  endfacet
  facet normal 0.707107 -0.707107 0
    outer loop
      vertex 7.49398 -5.5 4
      vertex 7.86 -5.13398 2.5
      vertex 7.86 -5.13398 4
    endloop
  endfacet
  facet normal 0.707107 -0.707107 0
    outer loop
      vertex 7.86 -5.13398 2.5
      vertex 7.49398 -5.5 4
      vertex 7.49398 -5.5 2.5
    endloop
  endfacet
  facet normal 0.258829 -0.965923 0
    outer loop
      vertex 7.86 -5.13398 2.5
      vertex 8.36 -5 4
      vertex 7.86 -5.13398 4
    endloop
  endfacet
  facet normal 0.258829 -0.965923 0
    outer loop
      vertex 8.36 -5 4
      vertex 7.86 -5.13398 2.5
      vertex 8.36 -5 2.5
    endloop
  endfacet
  facet normal 0.965923 -0.258829 0
    outer loop
      vertex 7.36 -6 4
      vertex 7.49398 -5.5 2.5
      vertex 7.49398 -5.5 4
    endloop
  endfacet
  facet normal 0.965923 -0.258829 0
    outer loop
      vertex 7.49398 -5.5 2.5
      vertex 7.36 -6 4
      vertex 7.36 -6 2.5
    endloop
  endfacet
  facet normal -0.707107 0.707107 0
    outer loop
      vertex 8.86 -6.86602 2.5
      vertex 9.22602 -6.5 4
      vertex 9.22602 -6.5 2.5
    endloop
  endfacet
  facet normal -0.707107 0.707107 0
    outer loop
      vertex 9.22602 -6.5 4
      vertex 8.86 -6.86602 2.5
      vertex 8.86 -6.86602 4
    endloop
  endfacet
  facet normal 0.707107 0.707107 0
    outer loop
      vertex 7.86 -6.86602 4
      vertex 7.49398 -6.5 2.5
      vertex 7.49398 -6.5 4
    endloop
  endfacet
  facet normal 0.707107 0.707107 0
    outer loop
      vertex 7.49398 -6.5 2.5
      vertex 7.86 -6.86602 4
      vertex 7.86 -6.86602 2.5
    endloop
  endfacet
  facet normal 0.258829 0.965923 -0
    outer loop
      vertex 8.36 -7 2.5
      vertex 7.86 -6.86602 4
      vertex 8.36 -7 4
    endloop
  endfacet
  facet normal 0.258818 0.965926 -3.91045e-06
    outer loop
      vertex 7.86983 -6.86866 2.5
      vertex 7.86 -6.86602 4
      vertex 8.36 -7 2.5
    endloop
  endfacet
  facet normal 0.259374 0.965777 0
    outer loop
      vertex 7.86 -6.86602 4
      vertex 7.86983 -6.86866 2.5
      vertex 7.86 -6.86602 2.5
    endloop
  endfacet
  facet normal -0.555567 0.831472 0
    outer loop
      vertex 7.78598 7.38582 2.5
      vertex 7.29934 7.06066 4
      vertex 7.78598 7.38582 4
    endloop
  endfacet
  facet normal -0.555567 0.831472 0
    outer loop
      vertex 7.29934 7.06066 4
      vertex 7.78598 7.38582 2.5
      vertex 7.29934 7.06066 2.5
    endloop
  endfacet
  facet normal 0.83147 0.555569 0
    outer loop
      vertex 9.42066 7.06066 4
      vertex 9.54895 6.86866 2.5
      vertex 9.42066 7.06066 2.5
    endloop
  endfacet
  facet normal 0.831472 0.555567 3.70879e-07
    outer loop
      vertex 9.74582 6.57402 4
      vertex 9.54895 6.86866 2.5
      vertex 9.42066 7.06066 4
    endloop
  endfacet
  facet normal 0.831472 0.555566 0
    outer loop
      vertex 9.54895 6.86866 2.5
      vertex 9.74582 6.57402 4
      vertex 9.74582 6.57402 2.5
    endloop
  endfacet
  facet normal 0.980785 0.195091 0
    outer loop
      vertex 9.86 6 4
      vertex 9.74582 6.57402 2.5
      vertex 9.74582 6.57402 4
    endloop
  endfacet
  facet normal 0.980785 0.195091 0
    outer loop
      vertex 9.74582 6.57402 2.5
      vertex 9.86 6 4
      vertex 9.86 6 2.5
    endloop
  endfacet
  facet normal -0.83147 0.555569 0
    outer loop
      vertex 7.17105 6.86866 2.5
      vertex 7.29934 7.06066 4
      vertex 7.29934 7.06066 2.5
    endloop
  endfacet
  facet normal -0.831472 0.555566 0
    outer loop
      vertex 6.97418 6.57402 4
      vertex 7.17105 6.86866 2.5
      vertex 6.97418 6.57402 2.5
    endloop
  endfacet
  facet normal -0.831472 0.555567 3.70879e-07
    outer loop
      vertex 7.17105 6.86866 2.5
      vertex 6.97418 6.57402 4
      vertex 7.29934 7.06066 4
    endloop
  endfacet
  facet normal -0.195091 -0.980785 0
    outer loop
      vertex 7.78598 4.61418 2.5
      vertex 8.36 4.5 4
      vertex 7.78598 4.61418 4
    endloop
  endfacet
  facet normal -0.195091 -0.980785 -0
    outer loop
      vertex 8.36 4.5 4
      vertex 7.78598 4.61418 2.5
      vertex 8.36 4.5 2.5
    endloop
  endfacet
  facet normal 0.195091 -0.980785 0
    outer loop
      vertex 8.36 4.5 2.5
      vertex 8.93402 4.61418 4
      vertex 8.36 4.5 4
    endloop
  endfacet
  facet normal 0.195091 -0.980785 0
    outer loop
      vertex 8.93402 4.61418 4
      vertex 8.36 4.5 2.5
      vertex 8.93402 4.61418 2.5
    endloop
  endfacet
  facet normal 0.555567 -0.831472 0
    outer loop
      vertex 8.93402 4.61418 2.5
      vertex 9.42066 4.93934 4
      vertex 8.93402 4.61418 4
    endloop
  endfacet
  facet normal 0.555567 -0.831472 0
    outer loop
      vertex 9.42066 4.93934 4
      vertex 8.93402 4.61418 2.5
      vertex 9.42066 4.93934 2.5
    endloop
  endfacet
  facet normal 0.831472 -0.555567 0
    outer loop
      vertex 9.42066 4.93934 4
      vertex 9.74582 5.42598 2.5
      vertex 9.74582 5.42598 4
    endloop
  endfacet
  facet normal 0.831472 -0.555567 0
    outer loop
      vertex 9.74582 5.42598 2.5
      vertex 9.42066 4.93934 4
      vertex 9.42066 4.93934 2.5
    endloop
  endfacet
  facet normal -0.980785 0.195091 0
    outer loop
      vertex 6.86 6 2.5
      vertex 6.97418 6.57402 4
      vertex 6.97418 6.57402 2.5
    endloop
  endfacet
  facet normal -0.980785 0.195091 0
    outer loop
      vertex 6.97418 6.57402 4
      vertex 6.86 6 2.5
      vertex 6.86 6 4
    endloop
  endfacet
  facet normal 0.980785 -0.195091 0
    outer loop
      vertex 9.74582 5.42598 4
      vertex 9.86 6 2.5
      vertex 9.86 6 4
    endloop
  endfacet
  facet normal 0.980785 -0.195091 0
    outer loop
      vertex 9.86 6 2.5
      vertex 9.74582 5.42598 4
      vertex 9.74582 5.42598 2.5
    endloop
  endfacet
  facet normal -0.195091 0.980785 0
    outer loop
      vertex 8.36 7.5 2.5
      vertex 7.78598 7.38582 4
      vertex 8.36 7.5 4
    endloop
  endfacet
  facet normal -0.195091 0.980785 0
    outer loop
      vertex 7.78598 7.38582 4
      vertex 8.36 7.5 2.5
      vertex 7.78598 7.38582 2.5
    endloop
  endfacet
  facet normal 0.195091 0.980785 -0
    outer loop
      vertex 8.93402 7.38582 2.5
      vertex 8.36 7.5 4
      vertex 8.93402 7.38582 4
    endloop
  endfacet
  facet normal 0.195091 0.980785 0
    outer loop
      vertex 8.36 7.5 4
      vertex 8.93402 7.38582 2.5
      vertex 8.36 7.5 2.5
    endloop
  endfacet
  facet normal -0.831472 -0.555567 0
    outer loop
      vertex 7.29934 4.93934 2.5
      vertex 6.97418 5.42598 4
      vertex 6.97418 5.42598 2.5
    endloop
  endfacet
  facet normal -0.831472 -0.555567 0
    outer loop
      vertex 6.97418 5.42598 4
      vertex 7.29934 4.93934 2.5
      vertex 7.29934 4.93934 4
    endloop
  endfacet
  facet normal 0 0 1
    outer loop
      vertex 9.36 6 4
      vertex 9.86 6 4
      vertex 9.74582 6.57402 4
    endloop
  endfacet
  facet normal 0 0 1
    outer loop
      vertex 9.22602 6.5 4
      vertex 9.74582 6.57402 4
      vertex 9.42066 7.06066 4
    endloop
  endfacet
  facet normal 0 0 1
    outer loop
      vertex 9.86 6 4
      vertex 9.36 6 4
      vertex 9.74582 5.42598 4
    endloop
  endfacet
  facet normal -0 0 1
    outer loop
      vertex 9.22602 5.5 4
      vertex 9.74582 5.42598 4
      vertex 9.36 6 4
    endloop
  endfacet
  facet normal 0 0 1
    outer loop
      vertex 9.74582 6.57402 4
      vertex 9.22602 6.5 4
      vertex 9.36 6 4
    endloop
  endfacet
  facet normal 0 0 1
    outer loop
      vertex 8.86 6.86602 4
      vertex 9.42066 7.06066 4
      vertex 8.93402 7.38582 4
    endloop
  endfacet
  facet normal 0 0 1
    outer loop
      vertex 9.42066 7.06066 4
      vertex 8.86 6.86602 4
      vertex 9.22602 6.5 4
    endloop
  endfacet
  facet normal 0 0 1
    outer loop
      vertex 8.36 7 4
      vertex 8.93402 7.38582 4
      vertex 8.36 7.5 4
    endloop
  endfacet
  facet normal 0 0 1
    outer loop
      vertex 8.93402 7.38582 4
      vertex 8.36 7 4
      vertex 8.86 6.86602 4
    endloop
  endfacet
  facet normal -0 0 1
    outer loop
      vertex 7.78598 7.38582 4
      vertex 8.36 7 4
      vertex 8.36 7.5 4
    endloop
  endfacet
  facet normal 0 0 1
    outer loop
      vertex 8.36 7 4
      vertex 7.78598 7.38582 4
      vertex 7.86 6.86602 4
    endloop
  endfacet
  facet normal -0 0 1
    outer loop
      vertex 7.29934 7.06066 4
      vertex 7.86 6.86602 4
      vertex 7.78598 7.38582 4
    endloop
  endfacet
  facet normal -0 0 1
    outer loop
      vertex 6.97418 6.57402 4
      vertex 7.49398 6.5 4
      vertex 7.29934 7.06066 4
    endloop
  endfacet
  facet normal 0 0 1
    outer loop
      vertex 7.86 6.86602 4
      vertex 7.29934 7.06066 4
      vertex 7.49398 6.5 4
    endloop
  endfacet
  facet normal 0 0 1
    outer loop
      vertex 9.74582 5.42598 4
      vertex 9.22602 5.5 4
      vertex 9.42066 4.93934 4
    endloop
  endfacet
  facet normal -0 0 1
    outer loop
      vertex 8.86 5.13398 4
      vertex 9.42066 4.93934 4
      vertex 9.22602 5.5 4
    endloop
  endfacet
  facet normal 0 0 1
    outer loop
      vertex 9.42066 4.93934 4
      vertex 8.86 5.13398 4
      vertex 8.93402 4.61418 4
    endloop
  endfacet
  facet normal -0 0 1
    outer loop
      vertex 8.36 5 4
      vertex 8.93402 4.61418 4
      vertex 8.86 5.13398 4
    endloop
  endfacet
  facet normal 0 0 1
    outer loop
      vertex 8.36 5 4
      vertex 8.36 4.5 4
      vertex 8.93402 4.61418 4
    endloop
  endfacet
  facet normal 0 0 1
    outer loop
      vertex 7.78598 4.61418 4
      vertex 8.36 5 4
      vertex 7.86 5.13398 4
    endloop
  endfacet
  facet normal 0 0 1
    outer loop
      vertex 8.36 5 4
      vertex 7.78598 4.61418 4
      vertex 8.36 4.5 4
    endloop
  endfacet
  facet normal 0 0 1
    outer loop
      vertex 7.29934 4.93934 4
      vertex 7.86 5.13398 4
      vertex 7.49398 5.5 4
    endloop
  endfacet
  facet normal 0 0 1
    outer loop
      vertex 7.86 5.13398 4
      vertex 7.29934 4.93934 4
      vertex 7.78598 4.61418 4
    endloop
  endfacet
  facet normal 0 0 1
    outer loop
      vertex 6.97418 5.42598 4
      vertex 7.49398 5.5 4
      vertex 7.36 6 4
    endloop
  endfacet
  facet normal 0 0 1
    outer loop
      vertex 7.49398 6.5 4
      vertex 6.97418 6.57402 4
      vertex 7.36 6 4
    endloop
  endfacet
  facet normal 0 0 1
    outer loop
      vertex 6.86 6 4
      vertex 7.36 6 4
      vertex 6.97418 6.57402 4
    endloop
  endfacet
  facet normal 0 0 1
    outer loop
      vertex 7.49398 5.5 4
      vertex 6.97418 5.42598 4
      vertex 7.29934 4.93934 4
    endloop
  endfacet
  facet normal 0 0 1
    outer loop
      vertex 7.36 6 4
      vertex 6.86 6 4
      vertex 6.97418 5.42598 4
    endloop
  endfacet
  facet normal 0.555567 0.831472 -0
    outer loop
      vertex 9.42066 7.06066 2.5
      vertex 8.93402 7.38582 4
      vertex 9.42066 7.06066 4
    endloop
  endfacet
  facet normal 0.555567 0.831472 0
    outer loop
      vertex 8.93402 7.38582 4
      vertex 9.42066 7.06066 2.5
      vertex 8.93402 7.38582 2.5
    endloop
  endfacet
  facet normal -0.980785 -0.195091 0
    outer loop
      vertex 6.97418 5.42598 2.5
      vertex 6.86 6 4
      vertex 6.86 6 2.5
    endloop
  endfacet
  facet normal -0.980785 -0.195091 0
    outer loop
      vertex 6.86 6 4
      vertex 6.97418 5.42598 2.5
      vertex 6.97418 5.42598 4
    endloop
  endfacet
  facet normal -0.555567 -0.831472 0
    outer loop
      vertex 7.29934 4.93934 2.5
      vertex 7.78598 4.61418 4
      vertex 7.29934 4.93934 4
    endloop
  endfacet
  facet normal -0.555567 -0.831472 -0
    outer loop
      vertex 7.78598 4.61418 4
      vertex 7.29934 4.93934 2.5
      vertex 7.78598 4.61418 2.5
    endloop
  endfacet
  facet normal 0.965923 0.258829 0
    outer loop
      vertex 7.49398 5.5 4
      vertex 7.36 6 2.5
      vertex 7.36 6 4
    endloop
  endfacet
  facet normal 0.965923 0.258829 0
    outer loop
      vertex 7.36 6 2.5
      vertex 7.49398 5.5 4
      vertex 7.49398 5.5 2.5
    endloop
  endfacet
  facet normal -0.707107 -0.707107 0
    outer loop
      vertex 9.22602 6.5 2.5
      vertex 8.86 6.86602 4
      vertex 8.86 6.86602 2.5
    endloop
  endfacet
  facet normal -0.707107 -0.707107 0
    outer loop
      vertex 8.86 6.86602 4
      vertex 9.22602 6.5 2.5
      vertex 9.22602 6.5 4
    endloop
  endfacet
  facet normal -0.965923 -0.258829 0
    outer loop
      vertex 9.36 6 2.5
      vertex 9.22602 6.5 4
      vertex 9.22602 6.5 2.5
    endloop
  endfacet
  facet normal -0.965923 -0.258829 0
    outer loop
      vertex 9.22602 6.5 4
      vertex 9.36 6 2.5
      vertex 9.36 6 4
    endloop
  endfacet
  facet normal -0.258829 -0.965923 0
    outer loop
      vertex 8.36 7 2.5
      vertex 8.86 6.86602 4
      vertex 8.36 7 4
    endloop
  endfacet
  facet normal -0.258818 -0.965926 -3.91045e-06
    outer loop
      vertex 8.85017 6.86866 2.5
      vertex 8.86 6.86602 4
      vertex 8.36 7 2.5
    endloop
  endfacet
  facet normal -0.259374 -0.965777 -0
    outer loop
      vertex 8.86 6.86602 4
      vertex 8.85017 6.86866 2.5
      vertex 8.86 6.86602 2.5
    endloop
  endfacet
  facet normal -0.258829 0.965923 0
    outer loop
      vertex 8.86 5.13398 2.5
      vertex 8.36 5 4
      vertex 8.86 5.13398 4
    endloop
  endfacet
  facet normal -0.258829 0.965923 0
    outer loop
      vertex 8.36 5 4
      vertex 8.86 5.13398 2.5
      vertex 8.36 5 2.5
    endloop
  endfacet
  facet normal -0.965923 0.258829 0
    outer loop
      vertex 9.22602 5.5 2.5
      vertex 9.36 6 4
      vertex 9.36 6 2.5
    endloop
  endfacet
  facet normal -0.965923 0.258829 0
    outer loop
      vertex 9.36 6 4
      vertex 9.22602 5.5 2.5
      vertex 9.22602 5.5 4
    endloop
  endfacet
  facet normal 0.707107 -0.707107 0
    outer loop
      vertex 7.49398 6.5 4
      vertex 7.86 6.86602 2.5
      vertex 7.86 6.86602 4
    endloop
  endfacet
  facet normal 0.707107 -0.707107 0
    outer loop
      vertex 7.86 6.86602 2.5
      vertex 7.49398 6.5 4
      vertex 7.49398 6.5 2.5
    endloop
  endfacet
  facet normal 0.259374 -0.965777 0
    outer loop
      vertex 7.86983 6.86866 2.5
      vertex 7.86 6.86602 4
      vertex 7.86 6.86602 2.5
    endloop
  endfacet
  facet normal 0.258829 -0.965923 -3.83356e-06
    outer loop
      vertex 7.86 6.86602 4
      vertex 7.86983 6.86866 2.5
      vertex 8.36 7 4
    endloop
  endfacet
  facet normal 0.258818 -0.965926 0
    outer loop
      vertex 8.36 7 4
      vertex 7.86983 6.86866 2.5
      vertex 8.36 7 2.5
    endloop
  endfacet
  facet normal 0.965923 -0.258829 0
    outer loop
      vertex 7.36 6 4
      vertex 7.49398 6.5 2.5
      vertex 7.49398 6.5 4
    endloop
  endfacet
  facet normal 0.965923 -0.258829 0
    outer loop
      vertex 7.49398 6.5 2.5
      vertex 7.36 6 4
      vertex 7.36 6 2.5
    endloop
  endfacet
  facet normal -0.707107 0.707107 0
    outer loop
      vertex 8.86 5.13398 2.5
      vertex 9.22602 5.5 4
      vertex 9.22602 5.5 2.5
    endloop
  endfacet
  facet normal -0.707107 0.707107 0
    outer loop
      vertex 9.22602 5.5 4
      vertex 8.86 5.13398 2.5
      vertex 8.86 5.13398 4
    endloop
  endfacet
  facet normal 0.707107 0.707107 0
    outer loop
      vertex 7.86 5.13398 4
      vertex 7.49398 5.5 2.5
      vertex 7.49398 5.5 4
    endloop
  endfacet
  facet normal 0.707107 0.707107 0
    outer loop
      vertex 7.49398 5.5 2.5
      vertex 7.86 5.13398 4
      vertex 7.86 5.13398 2.5
    endloop
  endfacet
  facet normal 0.258829 0.965923 -0
    outer loop
      vertex 8.36 5 2.5
      vertex 7.86 5.13398 4
      vertex 8.36 5 4
    endloop
  endfacet
  facet normal 0.258829 0.965923 0
    outer loop
      vertex 7.86 5.13398 4
      vertex 8.36 5 2.5
      vertex 7.86 5.13398 2.5
    endloop
  endfacet
  facet normal 0.838749 0.544518 0
    outer loop
      vertex -26.504 -26.87 2.6
      vertex -26.561 -26.7822 2.5
      vertex -26.561 -26.7822 2.6
    endloop
  endfacet
  facet normal 0.838749 0.544518 0
    outer loop
      vertex -26.561 -26.7822 2.5
      vertex -26.504 -26.87 2.6
      vertex -26.504 -26.87 2.5
    endloop
  endfacet
  facet normal -0.933272 0.359171 0
    outer loop
      vertex -50.8211 -27.061 2.5
      vertex -50.7835 -26.9633 2.6
      vertex -50.7835 -26.9633 2.5
    endloop
  endfacet
  facet normal -0.933272 0.359171 0
    outer loop
      vertex -50.7835 -26.9633 2.6
      vertex -50.8211 -27.061 2.5
      vertex -50.8211 -27.061 2.6
    endloop
  endfacet
  facet normal 0.838749 -0.544518 0
    outer loop
      vertex -26.561 -50.4578 2.6
      vertex -26.504 -50.37 2.5
      vertex -26.504 -50.37 2.6
    endloop
  endfacet
  facet normal 0.838749 -0.544518 0
    outer loop
      vertex -26.504 -50.37 2.5
      vertex -26.561 -50.4578 2.6
      vertex -26.561 -50.4578 2.5
    endloop
  endfacet
  facet normal -0.998618 0.0525588 0
    outer loop
      vertex -50.87 -27.37 2.5
      vertex -50.8645 -27.2655 2.6
      vertex -50.8645 -27.2655 2.5
    endloop
  endfacet
  facet normal -0.998618 0.0525588 0
    outer loop
      vertex -50.8645 -27.2655 2.6
      vertex -50.87 -27.37 2.5
      vertex -50.87 -27.37 2.6
    endloop
  endfacet
  facet normal 0.544518 -0.838749 0
    outer loop
      vertex -26.87 -50.736 2.5
      vertex -26.7822 -50.679 2.6
      vertex -26.87 -50.736 2.6
    endloop
  endfacet
  facet normal 0.544518 -0.838749 0
    outer loop
      vertex -26.7822 -50.679 2.6
      vertex -26.87 -50.736 2.5
      vertex -26.7822 -50.679 2.5
    endloop
  endfacet
  facet normal 0.359171 0.933272 -0
    outer loop
      vertex -26.9633 -26.4565 2.5
      vertex -27.061 -26.4189 2.6
      vertex -26.9633 -26.4565 2.6
    endloop
  endfacet
  facet normal 0.359171 0.933272 0
    outer loop
      vertex -27.061 -26.4189 2.6
      vertex -26.9633 -26.4565 2.5
      vertex -27.061 -26.4189 2.5
    endloop
  endfacet
  facet normal -0.707107 0.707107 0
    outer loop
      vertex -50.6131 -26.7009 2.5
      vertex -50.5391 -26.6269 2.6
      vertex -50.5391 -26.6269 2.5
    endloop
  endfacet
  facet normal -0.707107 0.707107 0
    outer loop
      vertex -50.5391 -26.6269 2.6
      vertex -50.6131 -26.7009 2.5
      vertex -50.6131 -26.7009 2.6
    endloop
  endfacet
  facet normal 0 -1 0
    outer loop
      vertex -49.87 -50.87 2.5
      vertex -27.37 -50.87 2.6
      vertex -49.87 -50.87 2.6
    endloop
  endfacet
  facet normal 0 -1 -0
    outer loop
      vertex -27.37 -50.87 2.6
      vertex -49.87 -50.87 2.5
      vertex -27.37 -50.87 2.5
    endloop
  endfacet
  facet normal 0.891156 -0.453697 0
    outer loop
      vertex -26.504 -50.37 2.6
      vertex -26.4565 -50.2767 2.5
      vertex -26.4565 -50.2767 2.6
    endloop
  endfacet
  facet normal 0.891156 -0.453697 0
    outer loop
      vertex -26.4565 -50.2767 2.5
      vertex -26.504 -50.37 2.6
      vertex -26.504 -50.37 2.5
    endloop
  endfacet
  facet normal 1 -0 0
    outer loop
      vertex -26.37 -49.87 2.6
      vertex -26.37 -27.37 2.5
      vertex -26.37 -27.37 2.6
    endloop
  endfacet
  facet normal 1 0 0
    outer loop
      vertex -26.37 -27.37 2.5
      vertex -26.37 -49.87 2.6
      vertex -26.37 -49.87 2.5
    endloop
  endfacet
  facet normal 0.629693 -0.776844 0
    outer loop
      vertex -26.7822 -50.679 2.5
      vertex -26.7009 -50.6131 2.6
      vertex -26.7822 -50.679 2.6
    endloop
  endfacet
  facet normal 0.629693 -0.776844 0
    outer loop
      vertex -26.7009 -50.6131 2.6
      vertex -26.7822 -50.679 2.5
      vertex -26.7009 -50.6131 2.5
    endloop
  endfacet
  facet normal 0 0 1
    outer loop
      vertex -28.1269 -28.2009 2.6
      vertex -26.37 -27.37 2.6
      vertex -26.3755 -27.2655 2.6
    endloop
  endfacet
  facet normal 0 0 1
    outer loop
      vertex -26.37 -27.37 2.6
      vertex -27.87 -28.87 2.6
      vertex -26.37 -49.87 2.6
    endloop
  endfacet
  facet normal 0 0 1
    outer loop
      vertex -28.1269 -28.2009 2.6
      vertex -26.3755 -27.2655 2.6
      vertex -26.3919 -27.1621 2.6
    endloop
  endfacet
  facet normal -0 0 1
    outer loop
      vertex -27.87 -48.37 2.6
      vertex -26.37 -49.87 2.6
      vertex -27.87 -28.87 2.6
    endloop
  endfacet
  facet normal 0 0 1
    outer loop
      vertex -28.1269 -28.2009 2.6
      vertex -26.3919 -27.1621 2.6
      vertex -26.4189 -27.061 2.6
    endloop
  endfacet
  facet normal -0 0 1
    outer loop
      vertex -27.8755 -48.4745 2.6
      vertex -26.37 -49.87 2.6
      vertex -27.87 -48.37 2.6
    endloop
  endfacet
  facet normal 0 0 1
    outer loop
      vertex -28.1269 -28.2009 2.6
      vertex -26.4189 -27.061 2.6
      vertex -26.4565 -26.9633 2.6
    endloop
  endfacet
  facet normal -0 0 1
    outer loop
      vertex -27.8919 -48.5779 2.6
      vertex -26.37 -49.87 2.6
      vertex -27.8755 -48.4745 2.6
    endloop
  endfacet
  facet normal 0 0 1
    outer loop
      vertex -28.1269 -28.2009 2.6
      vertex -26.4565 -26.9633 2.6
      vertex -26.504 -26.87 2.6
    endloop
  endfacet
  facet normal -0 0 1
    outer loop
      vertex -27.9189 -48.679 2.6
      vertex -26.37 -49.87 2.6
      vertex -27.8919 -48.5779 2.6
    endloop
  endfacet
  facet normal 0 0 1
    outer loop
      vertex -28.1269 -28.2009 2.6
      vertex -26.504 -26.87 2.6
      vertex -26.561 -26.7822 2.6
    endloop
  endfacet
  facet normal -0 0 1
    outer loop
      vertex -27.9565 -48.7767 2.6
      vertex -26.37 -49.87 2.6
      vertex -27.9189 -48.679 2.6
    endloop
  endfacet
  facet normal 0 0 1
    outer loop
      vertex -28.1269 -28.2009 2.6
      vertex -26.561 -26.7822 2.6
      vertex -26.6269 -26.7009 2.6
    endloop
  endfacet
  facet normal -0 0 1
    outer loop
      vertex -28.004 -48.87 2.6
      vertex -26.37 -49.87 2.6
      vertex -27.9565 -48.7767 2.6
    endloop
  endfacet
  facet normal 0 0 1
    outer loop
      vertex -28.1269 -28.2009 2.6
      vertex -26.6269 -26.7009 2.6
      vertex -26.7009 -26.6269 2.6
    endloop
  endfacet
  facet normal -0 0 1
    outer loop
      vertex -28.061 -48.9578 2.6
      vertex -26.37 -49.87 2.6
      vertex -28.004 -48.87 2.6
    endloop
  endfacet
  facet normal 0 0 1
    outer loop
      vertex -28.1269 -28.2009 2.6
      vertex -26.7009 -26.6269 2.6
      vertex -26.7822 -26.561 2.6
    endloop
  endfacet
  facet normal -0 0 1
    outer loop
      vertex -28.1269 -49.0391 2.6
      vertex -26.37 -49.87 2.6
      vertex -28.061 -48.9578 2.6
    endloop
  endfacet
  facet normal 0 0 1
    outer loop
      vertex -28.1269 -28.2009 2.6
      vertex -26.7822 -26.561 2.6
      vertex -26.87 -26.504 2.6
    endloop
  endfacet
  facet normal 0 0 1
    outer loop
      vertex -26.37 -49.87 2.6
      vertex -28.1269 -49.0391 2.6
      vertex -26.3755 -49.9745 2.6
    endloop
  endfacet
  facet normal 0 0 1
    outer loop
      vertex -28.1269 -28.2009 2.6
      vertex -26.87 -26.504 2.6
      vertex -26.9633 -26.4565 2.6
    endloop
  endfacet
  facet normal 0 0 1
    outer loop
      vertex -26.3755 -49.9745 2.6
      vertex -28.1269 -49.0391 2.6
      vertex -26.3919 -50.0779 2.6
    endloop
  endfacet
  facet normal 0 0 1
    outer loop
      vertex -28.1269 -28.2009 2.6
      vertex -26.9633 -26.4565 2.6
      vertex -27.061 -26.4189 2.6
    endloop
  endfacet
  facet normal 0 0 1
    outer loop
      vertex -26.3919 -50.0779 2.6
      vertex -28.1269 -49.0391 2.6
      vertex -26.4189 -50.179 2.6
    endloop
  endfacet
  facet normal 0 0 1
    outer loop
      vertex -28.1269 -28.2009 2.6
      vertex -27.061 -26.4189 2.6
      vertex -27.1621 -26.3919 2.6
    endloop
  endfacet
  facet normal 0 0 1
    outer loop
      vertex -26.4189 -50.179 2.6
      vertex -28.1269 -49.0391 2.6
      vertex -26.4565 -50.2767 2.6
    endloop
  endfacet
  facet normal 0 0 1
    outer loop
      vertex -28.1269 -28.2009 2.6
      vertex -27.1621 -26.3919 2.6
      vertex -27.2655 -26.3755 2.6
    endloop
  endfacet
  facet normal 0 0 1
    outer loop
      vertex -26.4565 -50.2767 2.6
      vertex -28.1269 -49.0391 2.6
      vertex -26.504 -50.37 2.6
    endloop
  endfacet
  facet normal 0 0 1
    outer loop
      vertex -28.1269 -28.2009 2.6
      vertex -27.2655 -26.3755 2.6
      vertex -27.37 -26.37 2.6
    endloop
  endfacet
  facet normal 0 0 1
    outer loop
      vertex -26.504 -50.37 2.6
      vertex -28.1269 -49.0391 2.6
      vertex -26.561 -50.4578 2.6
    endloop
  endfacet
  facet normal 0 0 1
    outer loop
      vertex -26.561 -50.4578 2.6
      vertex -28.1269 -49.0391 2.6
      vertex -26.6269 -50.5391 2.6
    endloop
  endfacet
  facet normal 0 0 1
    outer loop
      vertex -26.37 -27.37 2.6
      vertex -27.8755 -28.7655 2.6
      vertex -27.87 -28.87 2.6
    endloop
  endfacet
  facet normal 0 0 1
    outer loop
      vertex -26.37 -27.37 2.6
      vertex -27.8919 -28.6621 2.6
      vertex -27.8755 -28.7655 2.6
    endloop
  endfacet
  facet normal 0 0 1
    outer loop
      vertex -26.37 -27.37 2.6
      vertex -27.9189 -28.561 2.6
      vertex -27.8919 -28.6621 2.6
    endloop
  endfacet
  facet normal 0 0 1
    outer loop
      vertex -26.37 -27.37 2.6
      vertex -27.9565 -28.4633 2.6
      vertex -27.9189 -28.561 2.6
    endloop
  endfacet
  facet normal 0 0 1
    outer loop
      vertex -26.37 -27.37 2.6
      vertex -28.004 -28.37 2.6
      vertex -27.9565 -28.4633 2.6
    endloop
  endfacet
  facet normal 0 0 1
    outer loop
      vertex -26.37 -27.37 2.6
      vertex -28.061 -28.2822 2.6
      vertex -28.004 -28.37 2.6
    endloop
  endfacet
  facet normal 0 0 1
    outer loop
      vertex -26.37 -27.37 2.6
      vertex -28.1269 -28.2009 2.6
      vertex -28.061 -28.2822 2.6
    endloop
  endfacet
  facet normal 0 0 1
    outer loop
      vertex -27.37 -26.37 2.6
      vertex -28.2009 -28.1269 2.6
      vertex -28.1269 -28.2009 2.6
    endloop
  endfacet
  facet normal 0 0 1
    outer loop
      vertex -27.37 -26.37 2.6
      vertex -28.2822 -28.061 2.6
      vertex -28.2009 -28.1269 2.6
    endloop
  endfacet
  facet normal 0 0 1
    outer loop
      vertex -27.37 -26.37 2.6
      vertex -28.37 -28.004 2.6
      vertex -28.2822 -28.061 2.6
    endloop
  endfacet
  facet normal 0 0 1
    outer loop
      vertex -27.37 -26.37 2.6
      vertex -28.4633 -27.9565 2.6
      vertex -28.37 -28.004 2.6
    endloop
  endfacet
  facet normal 0 0 1
    outer loop
      vertex -27.37 -26.37 2.6
      vertex -28.561 -27.9189 2.6
      vertex -28.4633 -27.9565 2.6
    endloop
  endfacet
  facet normal 0 0 1
    outer loop
      vertex -27.37 -26.37 2.6
      vertex -28.6621 -27.8919 2.6
      vertex -28.561 -27.9189 2.6
    endloop
  endfacet
  facet normal 0 0 1
    outer loop
      vertex -27.37 -26.37 2.6
      vertex -28.7655 -27.8755 2.6
      vertex -28.6621 -27.8919 2.6
    endloop
  endfacet
  facet normal 0 0 1
    outer loop
      vertex -27.37 -26.37 2.6
      vertex -28.87 -27.87 2.6
      vertex -28.7655 -27.8755 2.6
    endloop
  endfacet
  facet normal 0 0 1
    outer loop
      vertex -27.37 -26.37 2.6
      vertex -48.37 -27.87 2.6
      vertex -28.87 -27.87 2.6
    endloop
  endfacet
  facet normal -0 0 1
    outer loop
      vertex -49.87 -26.37 2.6
      vertex -48.37 -27.87 2.6
      vertex -27.37 -26.37 2.6
    endloop
  endfacet
  facet normal 0 0 1
    outer loop
      vertex -49.3645 -28.7655 2.6
      vertex -50.87 -27.37 2.6
      vertex -49.37 -28.87 2.6
    endloop
  endfacet
  facet normal 0 0 1
    outer loop
      vertex -49.3481 -28.6621 2.6
      vertex -50.87 -27.37 2.6
      vertex -49.3645 -28.7655 2.6
    endloop
  endfacet
  facet normal 0 0 1
    outer loop
      vertex -49.3211 -28.561 2.6
      vertex -50.87 -27.37 2.6
      vertex -49.3481 -28.6621 2.6
    endloop
  endfacet
  facet normal 0 0 1
    outer loop
      vertex -49.2835 -28.4633 2.6
      vertex -50.87 -27.37 2.6
      vertex -49.3211 -28.561 2.6
    endloop
  endfacet
  facet normal 0 0 1
    outer loop
      vertex -49.236 -28.37 2.6
      vertex -50.87 -27.37 2.6
      vertex -49.2835 -28.4633 2.6
    endloop
  endfacet
  facet normal 0 0 1
    outer loop
      vertex -49.179 -28.2822 2.6
      vertex -50.87 -27.37 2.6
      vertex -49.236 -28.37 2.6
    endloop
  endfacet
  facet normal 0 0 1
    outer loop
      vertex -49.1131 -28.2009 2.6
      vertex -50.87 -27.37 2.6
      vertex -49.179 -28.2822 2.6
    endloop
  endfacet
  facet normal -0 0 1
    outer loop
      vertex -50.87 -27.37 2.6
      vertex -49.1131 -28.2009 2.6
      vertex -49.87 -26.37 2.6
    endloop
  endfacet
  facet normal 0 0 1
    outer loop
      vertex -49.0391 -28.1269 2.6
      vertex -49.87 -26.37 2.6
      vertex -49.1131 -28.2009 2.6
    endloop
  endfacet
  facet normal 0 0 1
    outer loop
      vertex -48.9578 -28.061 2.6
      vertex -49.87 -26.37 2.6
      vertex -49.0391 -28.1269 2.6
    endloop
  endfacet
  facet normal 0 0 1
    outer loop
      vertex -48.87 -28.004 2.6
      vertex -49.87 -26.37 2.6
      vertex -48.9578 -28.061 2.6
    endloop
  endfacet
  facet normal 0 0 1
    outer loop
      vertex -48.7767 -27.9565 2.6
      vertex -49.87 -26.37 2.6
      vertex -48.87 -28.004 2.6
    endloop
  endfacet
  facet normal 0 0 1
    outer loop
      vertex -48.679 -27.9189 2.6
      vertex -49.87 -26.37 2.6
      vertex -48.7767 -27.9565 2.6
    endloop
  endfacet
  facet normal 0 0 1
    outer loop
      vertex -48.5779 -27.8919 2.6
      vertex -49.87 -26.37 2.6
      vertex -48.679 -27.9189 2.6
    endloop
  endfacet
  facet normal 0 0 1
    outer loop
      vertex -48.4745 -27.8755 2.6
      vertex -49.87 -26.37 2.6
      vertex -48.5779 -27.8919 2.6
    endloop
  endfacet
  facet normal 0 0 1
    outer loop
      vertex -48.37 -27.87 2.6
      vertex -49.87 -26.37 2.6
      vertex -48.4745 -27.8755 2.6
    endloop
  endfacet
  facet normal 0 0 1
    outer loop
      vertex -26.6269 -50.5391 2.6
      vertex -28.1269 -49.0391 2.6
      vertex -26.7009 -50.6131 2.6
    endloop
  endfacet
  facet normal 0 0 1
    outer loop
      vertex -26.7009 -50.6131 2.6
      vertex -28.1269 -49.0391 2.6
      vertex -26.7822 -50.679 2.6
    endloop
  endfacet
  facet normal 0 0 1
    outer loop
      vertex -26.7822 -50.679 2.6
      vertex -28.1269 -49.0391 2.6
      vertex -26.87 -50.736 2.6
    endloop
  endfacet
  facet normal 0 0 1
    outer loop
      vertex -26.87 -50.736 2.6
      vertex -28.1269 -49.0391 2.6
      vertex -26.9633 -50.7835 2.6
    endloop
  endfacet
  facet normal 0 0 1
    outer loop
      vertex -26.9633 -50.7835 2.6
      vertex -28.1269 -49.0391 2.6
      vertex -27.061 -50.8211 2.6
    endloop
  endfacet
  facet normal 0 0 1
    outer loop
      vertex -27.061 -50.8211 2.6
      vertex -28.1269 -49.0391 2.6
      vertex -27.1621 -50.8481 2.6
    endloop
  endfacet
  facet normal 0 0 1
    outer loop
      vertex -27.1621 -50.8481 2.6
      vertex -28.1269 -49.0391 2.6
      vertex -27.2655 -50.8645 2.6
    endloop
  endfacet
  facet normal 0 0 1
    outer loop
      vertex -27.2655 -50.8645 2.6
      vertex -28.1269 -49.0391 2.6
      vertex -27.37 -50.87 2.6
    endloop
  endfacet
  facet normal -0 0 1
    outer loop
      vertex -28.2009 -49.1131 2.6
      vertex -27.37 -50.87 2.6
      vertex -28.1269 -49.0391 2.6
    endloop
  endfacet
  facet normal -0 0 1
    outer loop
      vertex -28.2822 -49.179 2.6
      vertex -27.37 -50.87 2.6
      vertex -28.2009 -49.1131 2.6
    endloop
  endfacet
  facet normal -0 0 1
    outer loop
      vertex -28.37 -49.236 2.6
      vertex -27.37 -50.87 2.6
      vertex -28.2822 -49.179 2.6
    endloop
  endfacet
  facet normal -0 0 1
    outer loop
      vertex -28.4633 -49.2835 2.6
      vertex -27.37 -50.87 2.6
      vertex -28.37 -49.236 2.6
    endloop
  endfacet
  facet normal -0 0 1
    outer loop
      vertex -28.561 -49.3211 2.6
      vertex -27.37 -50.87 2.6
      vertex -28.4633 -49.2835 2.6
    endloop
  endfacet
  facet normal -0 0 1
    outer loop
      vertex -28.6621 -49.3481 2.6
      vertex -27.37 -50.87 2.6
      vertex -28.561 -49.3211 2.6
    endloop
  endfacet
  facet normal -0 0 1
    outer loop
      vertex -28.7655 -49.3645 2.6
      vertex -27.37 -50.87 2.6
      vertex -28.6621 -49.3481 2.6
    endloop
  endfacet
  facet normal -0 0 1
    outer loop
      vertex -28.87 -49.37 2.6
      vertex -27.37 -50.87 2.6
      vertex -28.7655 -49.3645 2.6
    endloop
  endfacet
  facet normal -0 0 1
    outer loop
      vertex -48.37 -49.37 2.6
      vertex -27.37 -50.87 2.6
      vertex -28.87 -49.37 2.6
    endloop
  endfacet
  facet normal 0 0 1
    outer loop
      vertex -49.87 -50.87 2.6
      vertex -48.37 -49.37 2.6
      vertex -48.4745 -49.3645 2.6
    endloop
  endfacet
  facet normal 0 0 1
    outer loop
      vertex -48.37 -49.37 2.6
      vertex -49.87 -50.87 2.6
      vertex -27.37 -50.87 2.6
    endloop
  endfacet
  facet normal 0 0 1
    outer loop
      vertex -48.5779 -49.3481 2.6
      vertex -49.87 -50.87 2.6
      vertex -48.4745 -49.3645 2.6
    endloop
  endfacet
  facet normal 0 0 1
    outer loop
      vertex -48.679 -49.3211 2.6
      vertex -49.87 -50.87 2.6
      vertex -48.5779 -49.3481 2.6
    endloop
  endfacet
  facet normal 0 0 1
    outer loop
      vertex -48.7767 -49.2835 2.6
      vertex -49.87 -50.87 2.6
      vertex -48.679 -49.3211 2.6
    endloop
  endfacet
  facet normal 0 0 1
    outer loop
      vertex -48.87 -49.236 2.6
      vertex -49.87 -50.87 2.6
      vertex -48.7767 -49.2835 2.6
    endloop
  endfacet
  facet normal 0 0 1
    outer loop
      vertex -48.9578 -49.179 2.6
      vertex -49.87 -50.87 2.6
      vertex -48.87 -49.236 2.6
    endloop
  endfacet
  facet normal 0 0 1
    outer loop
      vertex -49.0391 -49.1131 2.6
      vertex -49.87 -50.87 2.6
      vertex -48.9578 -49.179 2.6
    endloop
  endfacet
  facet normal 0 0 1
    outer loop
      vertex -49.1131 -49.0391 2.6
      vertex -49.87 -50.87 2.6
      vertex -49.0391 -49.1131 2.6
    endloop
  endfacet
  facet normal 0 0 1
    outer loop
      vertex -50.87 -49.87 2.6
      vertex -49.1131 -49.0391 2.6
      vertex -49.179 -48.9578 2.6
    endloop
  endfacet
  facet normal 0 0 1
    outer loop
      vertex -50.87 -49.87 2.6
      vertex -49.179 -48.9578 2.6
      vertex -49.236 -48.87 2.6
    endloop
  endfacet
  facet normal 0 0 1
    outer loop
      vertex -50.87 -49.87 2.6
      vertex -49.236 -48.87 2.6
      vertex -49.2835 -48.7767 2.6
    endloop
  endfacet
  facet normal 0 0 1
    outer loop
      vertex -50.87 -49.87 2.6
      vertex -49.2835 -48.7767 2.6
      vertex -49.3211 -48.679 2.6
    endloop
  endfacet
  facet normal 0 0 1
    outer loop
      vertex -50.87 -49.87 2.6
      vertex -49.3211 -48.679 2.6
      vertex -49.3481 -48.5779 2.6
    endloop
  endfacet
  facet normal 0 0 1
    outer loop
      vertex -50.87 -49.87 2.6
      vertex -49.3481 -48.5779 2.6
      vertex -49.3645 -48.4745 2.6
    endloop
  endfacet
  facet normal 0 0 1
    outer loop
      vertex -50.87 -49.87 2.6
      vertex -49.3645 -48.4745 2.6
      vertex -49.37 -48.37 2.6
    endloop
  endfacet
  facet normal 0 0 1
    outer loop
      vertex -49.37 -28.87 2.6
      vertex -50.87 -27.37 2.6
      vertex -49.37 -48.37 2.6
    endloop
  endfacet
  facet normal 0 0 1
    outer loop
      vertex -50.87 -27.37 2.6
      vertex -49.87 -26.37 2.6
      vertex -49.9745 -26.3755 2.6
    endloop
  endfacet
  facet normal 0 0 1
    outer loop
      vertex -50.87 -49.87 2.6
      vertex -49.37 -48.37 2.6
      vertex -50.87 -27.37 2.6
    endloop
  endfacet
  facet normal 0 0 1
    outer loop
      vertex -50.87 -27.37 2.6
      vertex -49.9745 -26.3755 2.6
      vertex -50.0779 -26.3919 2.6
    endloop
  endfacet
  facet normal 0 0 1
    outer loop
      vertex -49.1131 -49.0391 2.6
      vertex -50.87 -49.87 2.6
      vertex -49.87 -50.87 2.6
    endloop
  endfacet
  facet normal 0 0 1
    outer loop
      vertex -50.87 -27.37 2.6
      vertex -50.0779 -26.3919 2.6
      vertex -50.179 -26.4189 2.6
    endloop
  endfacet
  facet normal 0 0 1
    outer loop
      vertex -49.87 -50.87 2.6
      vertex -50.87 -49.87 2.6
      vertex -49.9745 -50.8645 2.6
    endloop
  endfacet
  facet normal 0 0 1
    outer loop
      vertex -50.87 -27.37 2.6
      vertex -50.179 -26.4189 2.6
      vertex -50.2767 -26.4565 2.6
    endloop
  endfacet
  facet normal 0 0 1
    outer loop
      vertex -49.9745 -50.8645 2.6
      vertex -50.87 -49.87 2.6
      vertex -50.0779 -50.8481 2.6
    endloop
  endfacet
  facet normal 0 0 1
    outer loop
      vertex -50.87 -27.37 2.6
      vertex -50.2767 -26.4565 2.6
      vertex -50.37 -26.504 2.6
    endloop
  endfacet
  facet normal 0 0 1
    outer loop
      vertex -50.0779 -50.8481 2.6
      vertex -50.87 -49.87 2.6
      vertex -50.179 -50.8211 2.6
    endloop
  endfacet
  facet normal 0 0 1
    outer loop
      vertex -50.87 -27.37 2.6
      vertex -50.37 -26.504 2.6
      vertex -50.4578 -26.561 2.6
    endloop
  endfacet
  facet normal 0 0 1
    outer loop
      vertex -50.179 -50.8211 2.6
      vertex -50.87 -49.87 2.6
      vertex -50.2767 -50.7835 2.6
    endloop
  endfacet
  facet normal 0 0 1
    outer loop
      vertex -50.87 -27.37 2.6
      vertex -50.4578 -26.561 2.6
      vertex -50.5391 -26.6269 2.6
    endloop
  endfacet
  facet normal 0 0 1
    outer loop
      vertex -50.2767 -50.7835 2.6
      vertex -50.87 -49.87 2.6
      vertex -50.37 -50.736 2.6
    endloop
  endfacet
  facet normal 0 0 1
    outer loop
      vertex -50.87 -27.37 2.6
      vertex -50.5391 -26.6269 2.6
      vertex -50.6131 -26.7009 2.6
    endloop
  endfacet
  facet normal 0 0 1
    outer loop
      vertex -50.37 -50.736 2.6
      vertex -50.87 -49.87 2.6
      vertex -50.4578 -50.679 2.6
    endloop
  endfacet
  facet normal 0 0 1
    outer loop
      vertex -50.87 -27.37 2.6
      vertex -50.6131 -26.7009 2.6
      vertex -50.679 -26.7822 2.6
    endloop
  endfacet
  facet normal 0 0 1
    outer loop
      vertex -50.4578 -50.679 2.6
      vertex -50.87 -49.87 2.6
      vertex -50.5391 -50.6131 2.6
    endloop
  endfacet
  facet normal 0 0 1
    outer loop
      vertex -50.87 -27.37 2.6
      vertex -50.679 -26.7822 2.6
      vertex -50.736 -26.87 2.6
    endloop
  endfacet
  facet normal 0 0 1
    outer loop
      vertex -50.5391 -50.6131 2.6
      vertex -50.87 -49.87 2.6
      vertex -50.6131 -50.5391 2.6
    endloop
  endfacet
  facet normal 0 0 1
    outer loop
      vertex -50.87 -27.37 2.6
      vertex -50.736 -26.87 2.6
      vertex -50.7835 -26.9633 2.6
    endloop
  endfacet
  facet normal 0 0 1
    outer loop
      vertex -50.6131 -50.5391 2.6
      vertex -50.87 -49.87 2.6
      vertex -50.679 -50.4578 2.6
    endloop
  endfacet
  facet normal 0 0 1
    outer loop
      vertex -50.87 -27.37 2.6
      vertex -50.7835 -26.9633 2.6
      vertex -50.8211 -27.061 2.6
    endloop
  endfacet
  facet normal 0 0 1
    outer loop
      vertex -50.679 -50.4578 2.6
      vertex -50.87 -49.87 2.6
      vertex -50.736 -50.37 2.6
    endloop
  endfacet
  facet normal 0 0 1
    outer loop
      vertex -50.87 -27.37 2.6
      vertex -50.8211 -27.061 2.6
      vertex -50.8481 -27.1621 2.6
    endloop
  endfacet
  facet normal 0 0 1
    outer loop
      vertex -50.736 -50.37 2.6
      vertex -50.87 -49.87 2.6
      vertex -50.7835 -50.2767 2.6
    endloop
  endfacet
  facet normal 0 0 1
    outer loop
      vertex -50.87 -27.37 2.6
      vertex -50.8481 -27.1621 2.6
      vertex -50.8645 -27.2655 2.6
    endloop
  endfacet
  facet normal 0 0 1
    outer loop
      vertex -50.7835 -50.2767 2.6
      vertex -50.87 -49.87 2.6
      vertex -50.8211 -50.179 2.6
    endloop
  endfacet
  facet normal 0 0 1
    outer loop
      vertex -50.8211 -50.179 2.6
      vertex -50.87 -49.87 2.6
      vertex -50.8481 -50.0779 2.6
    endloop
  endfacet
  facet normal 0 0 1
    outer loop
      vertex -50.8481 -50.0779 2.6
      vertex -50.87 -49.87 2.6
      vertex -50.8645 -49.9745 2.6
    endloop
  endfacet
  facet normal 0.987654 -0.156649 0
    outer loop
      vertex -26.3919 -50.0779 2.6
      vertex -26.3755 -49.9745 2.5
      vertex -26.3755 -49.9745 2.6
    endloop
  endfacet
  facet normal 0.987654 -0.156649 0
    outer loop
      vertex -26.3755 -49.9745 2.5
      vertex -26.3919 -50.0779 2.6
      vertex -26.3919 -50.0779 2.5
    endloop
  endfacet
  facet normal -0.838749 -0.544518 0
    outer loop
      vertex -50.679 -50.4578 2.5
      vertex -50.736 -50.37 2.6
      vertex -50.736 -50.37 2.5
    endloop
  endfacet
  facet normal -0.838749 -0.544518 0
    outer loop
      vertex -50.736 -50.37 2.6
      vertex -50.679 -50.4578 2.5
      vertex -50.679 -50.4578 2.6
    endloop
  endfacet
  facet normal 0.707107 -0.707107 0
    outer loop
      vertex -26.7009 -50.6131 2.5
      vertex -26.6269 -50.5391 2.6
      vertex -26.7009 -50.6131 2.6
    endloop
  endfacet
  facet normal 0.707107 -0.707107 0
    outer loop
      vertex -26.6269 -50.5391 2.6
      vertex -26.7009 -50.6131 2.5
      vertex -26.6269 -50.5391 2.5
    endloop
  endfacet
  facet normal -0.25802 0.96614 0
    outer loop
      vertex -50.0779 -26.3919 2.5
      vertex -50.179 -26.4189 2.6
      vertex -50.0779 -26.3919 2.6
    endloop
  endfacet
  facet normal -0.25802 0.96614 0
    outer loop
      vertex -50.179 -26.4189 2.6
      vertex -50.0779 -26.3919 2.5
      vertex -50.179 -26.4189 2.5
    endloop
  endfacet
  facet normal -0.933272 -0.359171 0
    outer loop
      vertex -50.7835 -50.2767 2.5
      vertex -50.8211 -50.179 2.6
      vertex -50.8211 -50.179 2.5
    endloop
  endfacet
  facet normal -0.933272 -0.359171 0
    outer loop
      vertex -50.8211 -50.179 2.6
      vertex -50.7835 -50.2767 2.5
      vertex -50.7835 -50.2767 2.6
    endloop
  endfacet
  facet normal 0.25802 0.96614 -0
    outer loop
      vertex -27.061 -26.4189 2.5
      vertex -27.1621 -26.3919 2.6
      vertex -27.061 -26.4189 2.6
    endloop
  endfacet
  facet normal 0.25802 0.96614 0
    outer loop
      vertex -27.1621 -26.3919 2.6
      vertex -27.061 -26.4189 2.5
      vertex -27.1621 -26.3919 2.5
    endloop
  endfacet
  facet normal 0.156649 0.987654 -0
    outer loop
      vertex -27.1621 -26.3919 2.5
      vertex -27.2655 -26.3755 2.6
      vertex -27.1621 -26.3919 2.6
    endloop
  endfacet
  facet normal 0.156649 0.987654 0
    outer loop
      vertex -27.2655 -26.3755 2.6
      vertex -27.1621 -26.3919 2.5
      vertex -27.2655 -26.3755 2.5
    endloop
  endfacet
  facet normal 0.96614 0.25802 0
    outer loop
      vertex -26.3919 -27.1621 2.6
      vertex -26.4189 -27.061 2.5
      vertex -26.4189 -27.061 2.6
    endloop
  endfacet
  facet normal 0.96614 0.25802 0
    outer loop
      vertex -26.4189 -27.061 2.5
      vertex -26.3919 -27.1621 2.6
      vertex -26.3919 -27.1621 2.5
    endloop
  endfacet
  facet normal 0.776844 -0.629693 0
    outer loop
      vertex -26.6269 -50.5391 2.6
      vertex -26.561 -50.4578 2.5
      vertex -26.561 -50.4578 2.6
    endloop
  endfacet
  facet normal 0.776844 -0.629693 0
    outer loop
      vertex -26.561 -50.4578 2.5
      vertex -26.6269 -50.5391 2.6
      vertex -26.6269 -50.5391 2.5
    endloop
  endfacet
  facet normal 0.707107 0.707107 0
    outer loop
      vertex -26.6269 -26.7009 2.6
      vertex -26.7009 -26.6269 2.5
      vertex -26.7009 -26.6269 2.6
    endloop
  endfacet
  facet normal 0.707107 0.707107 0
    outer loop
      vertex -26.7009 -26.6269 2.5
      vertex -26.6269 -26.7009 2.6
      vertex -26.6269 -26.7009 2.5
    endloop
  endfacet
  facet normal 0.96614 -0.25802 0
    outer loop
      vertex -26.4189 -50.179 2.6
      vertex -26.3919 -50.0779 2.5
      vertex -26.3919 -50.0779 2.6
    endloop
  endfacet
  facet normal 0.96614 -0.25802 0
    outer loop
      vertex -26.3919 -50.0779 2.5
      vertex -26.4189 -50.179 2.6
      vertex -26.4189 -50.179 2.5
    endloop
  endfacet
  facet normal -0.453697 -0.891156 0
    outer loop
      vertex -50.37 -50.736 2.5
      vertex -50.2767 -50.7835 2.6
      vertex -50.37 -50.736 2.6
    endloop
  endfacet
  facet normal -0.453697 -0.891156 -0
    outer loop
      vertex -50.2767 -50.7835 2.6
      vertex -50.37 -50.736 2.5
      vertex -50.2767 -50.7835 2.5
    endloop
  endfacet
  facet normal 0.998618 -0.0525588 0
    outer loop
      vertex -26.3755 -49.9745 2.6
      vertex -26.37 -49.87 2.5
      vertex -26.37 -49.87 2.6
    endloop
  endfacet
  facet normal 0.998618 -0.0525588 0
    outer loop
      vertex -26.37 -49.87 2.5
      vertex -26.3755 -49.9745 2.6
      vertex -26.3755 -49.9745 2.5
    endloop
  endfacet
  facet normal 0.933272 -0.359171 0
    outer loop
      vertex -26.4565 -50.2767 2.6
      vertex -26.4189 -50.179 2.5
      vertex -26.4189 -50.179 2.6
    endloop
  endfacet
  facet normal 0.933272 -0.359171 0
    outer loop
      vertex -26.4189 -50.179 2.5
      vertex -26.4565 -50.2767 2.6
      vertex -26.4565 -50.2767 2.5
    endloop
  endfacet
  facet normal 0.453697 -0.891156 0
    outer loop
      vertex -26.9633 -50.7835 2.5
      vertex -26.87 -50.736 2.6
      vertex -26.9633 -50.7835 2.6
    endloop
  endfacet
  facet normal 0.453697 -0.891156 0
    outer loop
      vertex -26.87 -50.736 2.6
      vertex -26.9633 -50.7835 2.5
      vertex -26.87 -50.736 2.5
    endloop
  endfacet
  facet normal 0.544518 0.838749 -0
    outer loop
      vertex -26.7822 -26.561 2.5
      vertex -26.87 -26.504 2.6
      vertex -26.7822 -26.561 2.6
    endloop
  endfacet
  facet normal 0.544518 0.838749 0
    outer loop
      vertex -26.87 -26.504 2.6
      vertex -26.7822 -26.561 2.5
      vertex -26.87 -26.504 2.5
    endloop
  endfacet
  facet normal -0.156649 -0.987654 0
    outer loop
      vertex -50.0779 -50.8481 2.5
      vertex -49.9745 -50.8645 2.6
      vertex -50.0779 -50.8481 2.6
    endloop
  endfacet
  facet normal -0.156649 -0.987654 -0
    outer loop
      vertex -49.9745 -50.8645 2.6
      vertex -50.0779 -50.8481 2.5
      vertex -49.9745 -50.8645 2.5
    endloop
  endfacet
  facet normal 0.629693 0.776844 -0
    outer loop
      vertex -26.7009 -26.6269 2.5
      vertex -26.7822 -26.561 2.6
      vertex -26.7009 -26.6269 2.6
    endloop
  endfacet
  facet normal 0.629693 0.776844 0
    outer loop
      vertex -26.7822 -26.561 2.6
      vertex -26.7009 -26.6269 2.5
      vertex -26.7822 -26.561 2.5
    endloop
  endfacet
  facet normal 0.891156 0.453697 0
    outer loop
      vertex -26.4565 -26.9633 2.6
      vertex -26.504 -26.87 2.5
      vertex -26.504 -26.87 2.6
    endloop
  endfacet
  facet normal 0.891156 0.453697 0
    outer loop
      vertex -26.504 -26.87 2.5
      vertex -26.4565 -26.9633 2.6
      vertex -26.4565 -26.9633 2.5
    endloop
  endfacet
  facet normal 0 1 -0
    outer loop
      vertex -27.37 -26.37 2.5
      vertex -49.87 -26.37 2.6
      vertex -27.37 -26.37 2.6
    endloop
  endfacet
  facet normal 0 1 0
    outer loop
      vertex -49.87 -26.37 2.6
      vertex -27.37 -26.37 2.5
      vertex -49.87 -26.37 2.5
    endloop
  endfacet
  facet normal 0.0525588 -0.998618 0
    outer loop
      vertex -27.37 -50.87 2.5
      vertex -27.2655 -50.8645 2.6
      vertex -27.37 -50.87 2.6
    endloop
  endfacet
  facet normal 0.0525588 -0.998618 0
    outer loop
      vertex -27.2655 -50.8645 2.6
      vertex -27.37 -50.87 2.5
      vertex -27.2655 -50.8645 2.5
    endloop
  endfacet
  facet normal -0.453697 0.891156 0
    outer loop
      vertex -50.2767 -26.4565 2.5
      vertex -50.37 -26.504 2.6
      vertex -50.2767 -26.4565 2.6
    endloop
  endfacet
  facet normal -0.453697 0.891156 0
    outer loop
      vertex -50.37 -26.504 2.6
      vertex -50.2767 -26.4565 2.5
      vertex -50.37 -26.504 2.5
    endloop
  endfacet
  facet normal 0.359171 -0.933272 0
    outer loop
      vertex -27.061 -50.8211 2.5
      vertex -26.9633 -50.7835 2.6
      vertex -27.061 -50.8211 2.6
    endloop
  endfacet
  facet normal 0.359171 -0.933272 0
    outer loop
      vertex -26.9633 -50.7835 2.6
      vertex -27.061 -50.8211 2.5
      vertex -26.9633 -50.7835 2.5
    endloop
  endfacet
  facet normal 0.25802 -0.96614 0
    outer loop
      vertex -27.1621 -50.8481 2.5
      vertex -27.061 -50.8211 2.6
      vertex -27.1621 -50.8481 2.6
    endloop
  endfacet
  facet normal 0.25802 -0.96614 0
    outer loop
      vertex -27.061 -50.8211 2.6
      vertex -27.1621 -50.8481 2.5
      vertex -27.061 -50.8211 2.5
    endloop
  endfacet
  facet normal 0.998618 0.0525588 0
    outer loop
      vertex -26.37 -27.37 2.6
      vertex -26.3755 -27.2655 2.5
      vertex -26.3755 -27.2655 2.6
    endloop
  endfacet
  facet normal 0.998618 0.0525588 0
    outer loop
      vertex -26.3755 -27.2655 2.5
      vertex -26.37 -27.37 2.6
      vertex -26.37 -27.37 2.5
    endloop
  endfacet
  facet normal -0.891156 0.453697 0
    outer loop
      vertex -50.7835 -26.9633 2.5
      vertex -50.736 -26.87 2.6
      vertex -50.736 -26.87 2.5
    endloop
  endfacet
  facet normal -0.891156 0.453697 0
    outer loop
      vertex -50.736 -26.87 2.6
      vertex -50.7835 -26.9633 2.5
      vertex -50.7835 -26.9633 2.6
    endloop
  endfacet
  facet normal -1 0 0
    outer loop
      vertex -50.87 -49.87 2.5
      vertex -50.87 -27.37 2.6
      vertex -50.87 -27.37 2.5
    endloop
  endfacet
  facet normal -1 -0 0
    outer loop
      vertex -50.87 -27.37 2.6
      vertex -50.87 -49.87 2.5
      vertex -50.87 -49.87 2.6
    endloop
  endfacet
  facet normal -0.838749 0.544518 0
    outer loop
      vertex -50.736 -26.87 2.5
      vertex -50.679 -26.7822 2.6
      vertex -50.679 -26.7822 2.5
    endloop
  endfacet
  facet normal -0.838749 0.544518 0
    outer loop
      vertex -50.679 -26.7822 2.6
      vertex -50.736 -26.87 2.5
      vertex -50.736 -26.87 2.6
    endloop
  endfacet
  facet normal -0.776844 0.629693 0
    outer loop
      vertex -50.679 -26.7822 2.5
      vertex -50.6131 -26.7009 2.6
      vertex -50.6131 -26.7009 2.5
    endloop
  endfacet
  facet normal -0.776844 0.629693 0
    outer loop
      vertex -50.6131 -26.7009 2.6
      vertex -50.679 -26.7822 2.5
      vertex -50.679 -26.7822 2.6
    endloop
  endfacet
  facet normal -0.544518 0.838749 0
    outer loop
      vertex -50.37 -26.504 2.5
      vertex -50.4578 -26.561 2.6
      vertex -50.37 -26.504 2.6
    endloop
  endfacet
  facet normal -0.544518 0.838749 0
    outer loop
      vertex -50.4578 -26.561 2.6
      vertex -50.37 -26.504 2.5
      vertex -50.4578 -26.561 2.5
    endloop
  endfacet
  facet normal -0.25802 -0.96614 0
    outer loop
      vertex -50.179 -50.8211 2.5
      vertex -50.0779 -50.8481 2.6
      vertex -50.179 -50.8211 2.6
    endloop
  endfacet
  facet normal -0.25802 -0.96614 -0
    outer loop
      vertex -50.0779 -50.8481 2.6
      vertex -50.179 -50.8211 2.5
      vertex -50.0779 -50.8481 2.5
    endloop
  endfacet
  facet normal -0.987654 0.156649 0
    outer loop
      vertex -50.8645 -27.2655 2.5
      vertex -50.8481 -27.1621 2.6
      vertex -50.8481 -27.1621 2.5
    endloop
  endfacet
  facet normal -0.987654 0.156649 0
    outer loop
      vertex -50.8481 -27.1621 2.6
      vertex -50.8645 -27.2655 2.5
      vertex -50.8645 -27.2655 2.6
    endloop
  endfacet
  facet normal -0.0525588 -0.998618 0
    outer loop
      vertex -49.9745 -50.8645 2.5
      vertex -49.87 -50.87 2.6
      vertex -49.9745 -50.8645 2.6
    endloop
  endfacet
  facet normal -0.0525588 -0.998618 -0
    outer loop
      vertex -49.87 -50.87 2.6
      vertex -49.9745 -50.8645 2.5
      vertex -49.87 -50.87 2.5
    endloop
  endfacet
  facet normal 0.776844 0.629693 0
    outer loop
      vertex -26.561 -26.7822 2.6
      vertex -26.6269 -26.7009 2.5
      vertex -26.6269 -26.7009 2.6
    endloop
  endfacet
  facet normal 0.776844 0.629693 0
    outer loop
      vertex -26.6269 -26.7009 2.5
      vertex -26.561 -26.7822 2.6
      vertex -26.561 -26.7822 2.5
    endloop
  endfacet
  facet normal -0.629693 0.776844 0
    outer loop
      vertex -50.4578 -26.561 2.5
      vertex -50.5391 -26.6269 2.6
      vertex -50.4578 -26.561 2.6
    endloop
  endfacet
  facet normal -0.629693 0.776844 0
    outer loop
      vertex -50.5391 -26.6269 2.6
      vertex -50.4578 -26.561 2.5
      vertex -50.5391 -26.6269 2.5
    endloop
  endfacet
  facet normal 0.0525588 0.998618 -0
    outer loop
      vertex -27.2655 -26.3755 2.5
      vertex -27.37 -26.37 2.6
      vertex -27.2655 -26.3755 2.6
    endloop
  endfacet
  facet normal 0.0525588 0.998618 0
    outer loop
      vertex -27.37 -26.37 2.6
      vertex -27.2655 -26.3755 2.5
      vertex -27.37 -26.37 2.5
    endloop
  endfacet
  facet normal -0.156649 0.987654 0
    outer loop
      vertex -49.9745 -26.3755 2.5
      vertex -50.0779 -26.3919 2.6
      vertex -49.9745 -26.3755 2.6
    endloop
  endfacet
  facet normal -0.156649 0.987654 0
    outer loop
      vertex -50.0779 -26.3919 2.6
      vertex -49.9745 -26.3755 2.5
      vertex -50.0779 -26.3919 2.5
    endloop
  endfacet
  facet normal -0.987654 -0.156649 0
    outer loop
      vertex -50.8481 -50.0779 2.5
      vertex -50.8645 -49.9745 2.6
      vertex -50.8645 -49.9745 2.5
    endloop
  endfacet
  facet normal -0.987654 -0.156649 0
    outer loop
      vertex -50.8645 -49.9745 2.6
      vertex -50.8481 -50.0779 2.5
      vertex -50.8481 -50.0779 2.6
    endloop
  endfacet
  facet normal -0.707107 -0.707107 0
    outer loop
      vertex -50.5391 -50.6131 2.5
      vertex -50.6131 -50.5391 2.6
      vertex -50.6131 -50.5391 2.5
    endloop
  endfacet
  facet normal -0.707107 -0.707107 0
    outer loop
      vertex -50.6131 -50.5391 2.6
      vertex -50.5391 -50.6131 2.5
      vertex -50.5391 -50.6131 2.6
    endloop
  endfacet
  facet normal 0.987654 0.156649 0
    outer loop
      vertex -26.3755 -27.2655 2.6
      vertex -26.3919 -27.1621 2.5
      vertex -26.3919 -27.1621 2.6
    endloop
  endfacet
  facet normal 0.987654 0.156649 0
    outer loop
      vertex -26.3919 -27.1621 2.5
      vertex -26.3755 -27.2655 2.6
      vertex -26.3755 -27.2655 2.5
    endloop
  endfacet
  facet normal 0.156649 -0.987654 0
    outer loop
      vertex -27.2655 -50.8645 2.5
      vertex -27.1621 -50.8481 2.6
      vertex -27.2655 -50.8645 2.6
    endloop
  endfacet
  facet normal 0.156649 -0.987654 0
    outer loop
      vertex -27.1621 -50.8481 2.6
      vertex -27.2655 -50.8645 2.5
      vertex -27.1621 -50.8481 2.5
    endloop
  endfacet
  facet normal 0.933272 0.359171 0
    outer loop
      vertex -26.4189 -27.061 2.6
      vertex -26.4565 -26.9633 2.5
      vertex -26.4565 -26.9633 2.6
    endloop
  endfacet
  facet normal 0.933272 0.359171 0
    outer loop
      vertex -26.4565 -26.9633 2.5
      vertex -26.4189 -27.061 2.6
      vertex -26.4189 -27.061 2.5
    endloop
  endfacet
  facet normal -0.96614 -0.25802 0
    outer loop
      vertex -50.8211 -50.179 2.5
      vertex -50.8481 -50.0779 2.6
      vertex -50.8481 -50.0779 2.5
    endloop
  endfacet
  facet normal -0.96614 -0.25802 0
    outer loop
      vertex -50.8481 -50.0779 2.6
      vertex -50.8211 -50.179 2.5
      vertex -50.8211 -50.179 2.6
    endloop
  endfacet
  facet normal -0.359171 0.933272 0
    outer loop
      vertex -50.179 -26.4189 2.5
      vertex -50.2767 -26.4565 2.6
      vertex -50.179 -26.4189 2.6
    endloop
  endfacet
  facet normal -0.359171 0.933272 0
    outer loop
      vertex -50.2767 -26.4565 2.6
      vertex -50.179 -26.4189 2.5
      vertex -50.2767 -26.4565 2.5
    endloop
  endfacet
  facet normal -0.0525588 0.998618 0
    outer loop
      vertex -49.87 -26.37 2.5
      vertex -49.9745 -26.3755 2.6
      vertex -49.87 -26.37 2.6
    endloop
  endfacet
  facet normal -0.0525588 0.998618 0
    outer loop
      vertex -49.9745 -26.3755 2.6
      vertex -49.87 -26.37 2.5
      vertex -49.9745 -26.3755 2.5
    endloop
  endfacet
  facet normal -0.96614 0.25802 0
    outer loop
      vertex -50.8481 -27.1621 2.5
      vertex -50.8211 -27.061 2.6
      vertex -50.8211 -27.061 2.5
    endloop
  endfacet
  facet normal -0.96614 0.25802 0
    outer loop
      vertex -50.8211 -27.061 2.6
      vertex -50.8481 -27.1621 2.5
      vertex -50.8481 -27.1621 2.6
    endloop
  endfacet
  facet normal 0.453697 0.891156 -0
    outer loop
      vertex -26.87 -26.504 2.5
      vertex -26.9633 -26.4565 2.6
      vertex -26.87 -26.504 2.6
    endloop
  endfacet
  facet normal 0.453697 0.891156 0
    outer loop
      vertex -26.9633 -26.4565 2.6
      vertex -26.87 -26.504 2.5
      vertex -26.9633 -26.4565 2.5
    endloop
  endfacet
  facet normal -0.998618 -0.0525588 0
    outer loop
      vertex -50.8645 -49.9745 2.5
      vertex -50.87 -49.87 2.6
      vertex -50.87 -49.87 2.5
    endloop
  endfacet
  facet normal -0.998618 -0.0525588 0
    outer loop
      vertex -50.87 -49.87 2.6
      vertex -50.8645 -49.9745 2.5
      vertex -50.8645 -49.9745 2.6
    endloop
  endfacet
  facet normal -0.629693 -0.776844 0
    outer loop
      vertex -50.5391 -50.6131 2.5
      vertex -50.4578 -50.679 2.6
      vertex -50.5391 -50.6131 2.6
    endloop
  endfacet
  facet normal -0.629693 -0.776844 -0
    outer loop
      vertex -50.4578 -50.679 2.6
      vertex -50.5391 -50.6131 2.5
      vertex -50.4578 -50.679 2.5
    endloop
  endfacet
  facet normal -0.359171 -0.933272 0
    outer loop
      vertex -50.2767 -50.7835 2.5
      vertex -50.179 -50.8211 2.6
      vertex -50.2767 -50.7835 2.6
    endloop
  endfacet
  facet normal -0.359171 -0.933272 -0
    outer loop
      vertex -50.179 -50.8211 2.6
      vertex -50.2767 -50.7835 2.5
      vertex -50.179 -50.8211 2.5
    endloop
  endfacet
  facet normal -0.891156 -0.453697 0
    outer loop
      vertex -50.736 -50.37 2.5
      vertex -50.7835 -50.2767 2.6
      vertex -50.7835 -50.2767 2.5
    endloop
  endfacet
  facet normal -0.891156 -0.453697 0
    outer loop
      vertex -50.7835 -50.2767 2.6
      vertex -50.736 -50.37 2.5
      vertex -50.736 -50.37 2.6
    endloop
  endfacet
  facet normal -0.544518 -0.838749 0
    outer loop
      vertex -50.4578 -50.679 2.5
      vertex -50.37 -50.736 2.6
      vertex -50.4578 -50.679 2.6
    endloop
  endfacet
  facet normal -0.544518 -0.838749 -0
    outer loop
      vertex -50.37 -50.736 2.6
      vertex -50.4578 -50.679 2.5
      vertex -50.37 -50.736 2.5
    endloop
  endfacet
  facet normal -0.776844 -0.629693 0
    outer loop
      vertex -50.6131 -50.5391 2.5
      vertex -50.679 -50.4578 2.6
      vertex -50.679 -50.4578 2.5
    endloop
  endfacet
  facet normal -0.776844 -0.629693 0
    outer loop
      vertex -50.679 -50.4578 2.6
      vertex -50.6131 -50.5391 2.5
      vertex -50.6131 -50.5391 2.6
    endloop
  endfacet
  facet normal -0.96614 -0.25802 0
    outer loop
      vertex -27.8919 -28.6621 2.5
      vertex -27.9189 -28.561 2.6
      vertex -27.9189 -28.561 2.5
    endloop
  endfacet
  facet normal -0.96614 -0.25802 0
    outer loop
      vertex -27.9189 -28.561 2.6
      vertex -27.8919 -28.6621 2.5
      vertex -27.8919 -28.6621 2.6
    endloop
  endfacet
  facet normal 0.987654 -0.156649 0
    outer loop
      vertex -49.3645 -28.7655 2.6
      vertex -49.3481 -28.6621 2.5
      vertex -49.3481 -28.6621 2.6
    endloop
  endfacet
  facet normal 0.987654 -0.156649 0
    outer loop
      vertex -49.3481 -28.6621 2.5
      vertex -49.3645 -28.7655 2.6
      vertex -49.3645 -28.7655 2.5
    endloop
  endfacet
  facet normal 0 1 -0
    outer loop
      vertex -28.87 -49.37 2.5
      vertex -48.37 -49.37 2.6
      vertex -28.87 -49.37 2.6
    endloop
  endfacet
  facet normal 0 1 0
    outer loop
      vertex -48.37 -49.37 2.6
      vertex -28.87 -49.37 2.5
      vertex -48.37 -49.37 2.5
    endloop
  endfacet
  facet normal 0 -1 0
    outer loop
      vertex -48.37 -27.87 2.5
      vertex -28.87 -27.87 2.6
      vertex -48.37 -27.87 2.6
    endloop
  endfacet
  facet normal 0 -1 -0
    outer loop
      vertex -28.87 -27.87 2.6
      vertex -48.37 -27.87 2.5
      vertex -28.87 -27.87 2.5
    endloop
  endfacet
  facet normal 0.453697 0.891156 -0
    outer loop
      vertex -48.7767 -49.2835 2.5
      vertex -48.87 -49.236 2.6
      vertex -48.7767 -49.2835 2.6
    endloop
  endfacet
  facet normal 0.453697 0.891156 0
    outer loop
      vertex -48.87 -49.236 2.6
      vertex -48.7767 -49.2835 2.5
      vertex -48.87 -49.236 2.5
    endloop
  endfacet
  facet normal 0.0525588 0.998618 -0
    outer loop
      vertex -48.37 -49.37 2.5
      vertex -48.4745 -49.3645 2.6
      vertex -48.37 -49.37 2.6
    endloop
  endfacet
  facet normal 0.0525588 0.998618 0
    outer loop
      vertex -48.4745 -49.3645 2.6
      vertex -48.37 -49.37 2.5
      vertex -48.4745 -49.3645 2.5
    endloop
  endfacet
  facet normal 0.629693 0.776844 -0
    outer loop
      vertex -48.9578 -49.179 2.5
      vertex -49.0391 -49.1131 2.6
      vertex -48.9578 -49.179 2.6
    endloop
  endfacet
  facet normal 0.629693 0.776844 0
    outer loop
      vertex -49.0391 -49.1131 2.6
      vertex -48.9578 -49.179 2.5
      vertex -49.0391 -49.1131 2.5
    endloop
  endfacet
  facet normal 0.544518 -0.838749 0
    outer loop
      vertex -48.9578 -28.061 2.5
      vertex -48.87 -28.004 2.6
      vertex -48.9578 -28.061 2.6
    endloop
  endfacet
  facet normal 0.544518 -0.838749 0
    outer loop
      vertex -48.87 -28.004 2.6
      vertex -48.9578 -28.061 2.5
      vertex -48.87 -28.004 2.5
    endloop
  endfacet
  facet normal -0.998618 -0.0525588 0
    outer loop
      vertex -27.87 -28.87 2.5
      vertex -27.8755 -28.7655 2.6
      vertex -27.8755 -28.7655 2.5
    endloop
  endfacet
  facet normal -0.998618 -0.0525588 0
    outer loop
      vertex -27.8755 -28.7655 2.6
      vertex -27.87 -28.87 2.5
      vertex -27.87 -28.87 2.6
    endloop
  endfacet
  facet normal -0.0525588 0.998618 0
    outer loop
      vertex -28.7655 -49.3645 2.5
      vertex -28.87 -49.37 2.6
      vertex -28.7655 -49.3645 2.6
    endloop
  endfacet
  facet normal -0.0525588 0.998618 0
    outer loop
      vertex -28.87 -49.37 2.6
      vertex -28.7655 -49.3645 2.5
      vertex -28.87 -49.37 2.5
    endloop
  endfacet
  facet normal 0.544518 0.838749 -0
    outer loop
      vertex -48.87 -49.236 2.5
      vertex -48.9578 -49.179 2.6
      vertex -48.87 -49.236 2.6
    endloop
  endfacet
  facet normal 0.544518 0.838749 0
    outer loop
      vertex -48.9578 -49.179 2.6
      vertex -48.87 -49.236 2.5
      vertex -48.9578 -49.179 2.5
    endloop
  endfacet
  facet normal -0.629693 0.776844 0
    outer loop
      vertex -28.2009 -49.1131 2.5
      vertex -28.2822 -49.179 2.6
      vertex -28.2009 -49.1131 2.6
    endloop
  endfacet
  facet normal -0.629693 0.776844 0
    outer loop
      vertex -28.2822 -49.179 2.6
      vertex -28.2009 -49.1131 2.5
      vertex -28.2822 -49.179 2.5
    endloop
  endfacet
  facet normal -0.156649 0.987654 0
    outer loop
      vertex -28.6621 -49.3481 2.5
      vertex -28.7655 -49.3645 2.6
      vertex -28.6621 -49.3481 2.6
    endloop
  endfacet
  facet normal -0.156649 0.987654 0
    outer loop
      vertex -28.7655 -49.3645 2.6
      vertex -28.6621 -49.3481 2.5
      vertex -28.7655 -49.3645 2.5
    endloop
  endfacet
  facet normal -0.25802 0.96614 0
    outer loop
      vertex -28.561 -49.3211 2.5
      vertex -28.6621 -49.3481 2.6
      vertex -28.561 -49.3211 2.6
    endloop
  endfacet
  facet normal -0.25802 0.96614 0
    outer loop
      vertex -28.6621 -49.3481 2.6
      vertex -28.561 -49.3211 2.5
      vertex -28.6621 -49.3481 2.5
    endloop
  endfacet
  facet normal 0.96614 -0.25802 0
    outer loop
      vertex -49.3481 -28.6621 2.6
      vertex -49.3211 -28.561 2.5
      vertex -49.3211 -28.561 2.6
    endloop
  endfacet
  facet normal 0.96614 -0.25802 0
    outer loop
      vertex -49.3211 -28.561 2.5
      vertex -49.3481 -28.6621 2.6
      vertex -49.3481 -28.6621 2.5
    endloop
  endfacet
  facet normal 0.156649 -0.987654 0
    outer loop
      vertex -48.5779 -27.8919 2.5
      vertex -48.4745 -27.8755 2.6
      vertex -48.5779 -27.8919 2.6
    endloop
  endfacet
  facet normal 0.156649 -0.987654 0
    outer loop
      vertex -48.4745 -27.8755 2.6
      vertex -48.5779 -27.8919 2.5
      vertex -48.4745 -27.8755 2.5
    endloop
  endfacet
  facet normal 0.453697 -0.891156 0
    outer loop
      vertex -48.87 -28.004 2.5
      vertex -48.7767 -27.9565 2.6
      vertex -48.87 -28.004 2.6
    endloop
  endfacet
  facet normal 0.453697 -0.891156 0
    outer loop
      vertex -48.7767 -27.9565 2.6
      vertex -48.87 -28.004 2.5
      vertex -48.7767 -27.9565 2.5
    endloop
  endfacet
  facet normal -1 0 0
    outer loop
      vertex -27.87 -48.37 2.5
      vertex -27.87 -28.87 2.6
      vertex -27.87 -28.87 2.5
    endloop
  endfacet
  facet normal -1 -0 0
    outer loop
      vertex -27.87 -28.87 2.6
      vertex -27.87 -48.37 2.5
      vertex -27.87 -48.37 2.6
    endloop
  endfacet
  facet normal -0.776844 0.629693 0
    outer loop
      vertex -28.1269 -49.0391 2.5
      vertex -28.061 -48.9578 2.6
      vertex -28.061 -48.9578 2.5
    endloop
  endfacet
  facet normal -0.776844 0.629693 0
    outer loop
      vertex -28.061 -48.9578 2.6
      vertex -28.1269 -49.0391 2.5
      vertex -28.1269 -49.0391 2.6
    endloop
  endfacet
  facet normal 0.629693 -0.776844 0
    outer loop
      vertex -49.0391 -28.1269 2.5
      vertex -48.9578 -28.061 2.6
      vertex -49.0391 -28.1269 2.6
    endloop
  endfacet
  facet normal 0.629693 -0.776844 0
    outer loop
      vertex -48.9578 -28.061 2.6
      vertex -49.0391 -28.1269 2.5
      vertex -48.9578 -28.061 2.5
    endloop
  endfacet
  facet normal -0.987654 -0.156649 0
    outer loop
      vertex -27.8755 -28.7655 2.5
      vertex -27.8919 -28.6621 2.6
      vertex -27.8919 -28.6621 2.5
    endloop
  endfacet
  facet normal -0.987654 -0.156649 0
    outer loop
      vertex -27.8919 -28.6621 2.6
      vertex -27.8755 -28.7655 2.5
      vertex -27.8755 -28.7655 2.6
    endloop
  endfacet
  facet normal 0.25802 0.96614 -0
    outer loop
      vertex -48.5779 -49.3481 2.5
      vertex -48.679 -49.3211 2.6
      vertex -48.5779 -49.3481 2.6
    endloop
  endfacet
  facet normal 0.25802 0.96614 0
    outer loop
      vertex -48.679 -49.3211 2.6
      vertex -48.5779 -49.3481 2.5
      vertex -48.679 -49.3211 2.5
    endloop
  endfacet
  facet normal -0.838749 0.544518 0
    outer loop
      vertex -28.061 -48.9578 2.5
      vertex -28.004 -48.87 2.6
      vertex -28.004 -48.87 2.5
    endloop
  endfacet
  facet normal -0.838749 0.544518 0
    outer loop
      vertex -28.004 -48.87 2.6
      vertex -28.061 -48.9578 2.5
      vertex -28.061 -48.9578 2.6
    endloop
  endfacet
  facet normal 0.156649 0.987654 -0
    outer loop
      vertex -48.4745 -49.3645 2.5
      vertex -48.5779 -49.3481 2.6
      vertex -48.4745 -49.3645 2.6
    endloop
  endfacet
  facet normal 0.156649 0.987654 0
    outer loop
      vertex -48.5779 -49.3481 2.6
      vertex -48.4745 -49.3645 2.5
      vertex -48.5779 -49.3481 2.5
    endloop
  endfacet
  facet normal -0.776844 -0.629693 0
    outer loop
      vertex -28.061 -28.2822 2.5
      vertex -28.1269 -28.2009 2.6
      vertex -28.1269 -28.2009 2.5
    endloop
  endfacet
  facet normal -0.776844 -0.629693 0
    outer loop
      vertex -28.1269 -28.2009 2.6
      vertex -28.061 -28.2822 2.5
      vertex -28.061 -28.2822 2.6
    endloop
  endfacet
  facet normal 1 -0 0
    outer loop
      vertex -49.37 -48.37 2.6
      vertex -49.37 -28.87 2.5
      vertex -49.37 -28.87 2.6
    endloop
  endfacet
  facet normal 1 0 0
    outer loop
      vertex -49.37 -28.87 2.5
      vertex -49.37 -48.37 2.6
      vertex -49.37 -48.37 2.5
    endloop
  endfacet
  facet normal 0.707107 -0.707107 0
    outer loop
      vertex -49.1131 -28.2009 2.6
      vertex -49.0391 -28.1269 2.5
      vertex -49.0391 -28.1269 2.6
    endloop
  endfacet
  facet normal 0.707107 -0.707107 0
    outer loop
      vertex -49.0391 -28.1269 2.5
      vertex -49.1131 -28.2009 2.6
      vertex -49.1131 -28.2009 2.5
    endloop
  endfacet
  facet normal 0.96614 0.25802 0
    outer loop
      vertex -49.3211 -48.679 2.6
      vertex -49.3481 -48.5779 2.5
      vertex -49.3481 -48.5779 2.6
    endloop
  endfacet
  facet normal 0.96614 0.25802 0
    outer loop
      vertex -49.3481 -48.5779 2.5
      vertex -49.3211 -48.679 2.6
      vertex -49.3211 -48.679 2.5
    endloop
  endfacet
  facet normal 0.707107 0.707107 0
    outer loop
      vertex -49.0391 -49.1131 2.6
      vertex -49.1131 -49.0391 2.5
      vertex -49.1131 -49.0391 2.6
    endloop
  endfacet
  facet normal 0.707107 0.707107 0
    outer loop
      vertex -49.1131 -49.0391 2.5
      vertex -49.0391 -49.1131 2.6
      vertex -49.0391 -49.1131 2.5
    endloop
  endfacet
  facet normal -0.707107 -0.707107 0
    outer loop
      vertex -28.1269 -28.2009 2.5
      vertex -28.2009 -28.1269 2.6
      vertex -28.2009 -28.1269 2.5
    endloop
  endfacet
  facet normal -0.707107 -0.707107 0
    outer loop
      vertex -28.2009 -28.1269 2.6
      vertex -28.1269 -28.2009 2.5
      vertex -28.1269 -28.2009 2.6
    endloop
  endfacet
  facet normal -0.998618 0.0525588 0
    outer loop
      vertex -27.8755 -48.4745 2.5
      vertex -27.87 -48.37 2.6
      vertex -27.87 -48.37 2.5
    endloop
  endfacet
  facet normal -0.998618 0.0525588 0
    outer loop
      vertex -27.87 -48.37 2.6
      vertex -27.8755 -48.4745 2.5
      vertex -27.8755 -48.4745 2.6
    endloop
  endfacet
  facet normal -0.0525588 -0.998618 0
    outer loop
      vertex -28.87 -27.87 2.5
      vertex -28.7655 -27.8755 2.6
      vertex -28.87 -27.87 2.6
    endloop
  endfacet
  facet normal -0.0525588 -0.998618 -0
    outer loop
      vertex -28.7655 -27.8755 2.6
      vertex -28.87 -27.87 2.5
      vertex -28.7655 -27.8755 2.5
    endloop
  endfacet
  facet normal 0.0525588 -0.998618 0
    outer loop
      vertex -48.4745 -27.8755 2.5
      vertex -48.37 -27.87 2.6
      vertex -48.4745 -27.8755 2.6
    endloop
  endfacet
  facet normal 0.0525588 -0.998618 0
    outer loop
      vertex -48.37 -27.87 2.6
      vertex -48.4745 -27.8755 2.5
      vertex -48.37 -27.87 2.5
    endloop
  endfacet
  facet normal -0.96614 0.25802 0
    outer loop
      vertex -27.9189 -48.679 2.5
      vertex -27.8919 -48.5779 2.6
      vertex -27.8919 -48.5779 2.5
    endloop
  endfacet
  facet normal -0.96614 0.25802 0
    outer loop
      vertex -27.8919 -48.5779 2.6
      vertex -27.9189 -48.679 2.5
      vertex -27.9189 -48.679 2.6
    endloop
  endfacet
  facet normal -0.891156 -0.453697 0
    outer loop
      vertex -27.9565 -28.4633 2.5
      vertex -28.004 -28.37 2.6
      vertex -28.004 -28.37 2.5
    endloop
  endfacet
  facet normal -0.891156 -0.453697 0
    outer loop
      vertex -28.004 -28.37 2.6
      vertex -27.9565 -28.4633 2.5
      vertex -27.9565 -28.4633 2.6
    endloop
  endfacet
  facet normal -0.544518 0.838749 0
    outer loop
      vertex -28.2822 -49.179 2.5
      vertex -28.37 -49.236 2.6
      vertex -28.2822 -49.179 2.6
    endloop
  endfacet
  facet normal -0.544518 0.838749 0
    outer loop
      vertex -28.37 -49.236 2.6
      vertex -28.2822 -49.179 2.5
      vertex -28.37 -49.236 2.5
    endloop
  endfacet
  facet normal 0.359171 0.933272 -0
    outer loop
      vertex -48.679 -49.3211 2.5
      vertex -48.7767 -49.2835 2.6
      vertex -48.679 -49.3211 2.6
    endloop
  endfacet
  facet normal 0.359171 0.933272 0
    outer loop
      vertex -48.7767 -49.2835 2.6
      vertex -48.679 -49.3211 2.5
      vertex -48.7767 -49.2835 2.5
    endloop
  endfacet
  facet normal -0.453697 -0.891156 0
    outer loop
      vertex -28.4633 -27.9565 2.5
      vertex -28.37 -28.004 2.6
      vertex -28.4633 -27.9565 2.6
    endloop
  endfacet
  facet normal -0.453697 -0.891156 -0
    outer loop
      vertex -28.37 -28.004 2.6
      vertex -28.4633 -27.9565 2.5
      vertex -28.37 -28.004 2.5
    endloop
  endfacet
  facet normal -0.359171 0.933272 0
    outer loop
      vertex -28.4633 -49.2835 2.5
      vertex -28.561 -49.3211 2.6
      vertex -28.4633 -49.2835 2.6
    endloop
  endfacet
  facet normal -0.359171 0.933272 0
    outer loop
      vertex -28.561 -49.3211 2.6
      vertex -28.4633 -49.2835 2.5
      vertex -28.561 -49.3211 2.5
    endloop
  endfacet
  facet normal 0.25802 -0.96614 0
    outer loop
      vertex -48.679 -27.9189 2.5
      vertex -48.5779 -27.8919 2.6
      vertex -48.679 -27.9189 2.6
    endloop
  endfacet
  facet normal 0.25802 -0.96614 0
    outer loop
      vertex -48.5779 -27.8919 2.6
      vertex -48.679 -27.9189 2.5
      vertex -48.5779 -27.8919 2.5
    endloop
  endfacet
  facet normal 0.838749 -0.544518 0
    outer loop
      vertex -49.236 -28.37 2.6
      vertex -49.179 -28.2822 2.5
      vertex -49.179 -28.2822 2.6
    endloop
  endfacet
  facet normal 0.838749 -0.544518 0
    outer loop
      vertex -49.179 -28.2822 2.5
      vertex -49.236 -28.37 2.6
      vertex -49.236 -28.37 2.5
    endloop
  endfacet
  facet normal -0.629693 -0.776844 0
    outer loop
      vertex -28.2822 -28.061 2.5
      vertex -28.2009 -28.1269 2.6
      vertex -28.2822 -28.061 2.6
    endloop
  endfacet
  facet normal -0.629693 -0.776844 -0
    outer loop
      vertex -28.2009 -28.1269 2.6
      vertex -28.2822 -28.061 2.5
      vertex -28.2009 -28.1269 2.5
    endloop
  endfacet
  facet normal -0.453697 0.891156 0
    outer loop
      vertex -28.37 -49.236 2.5
      vertex -28.4633 -49.2835 2.6
      vertex -28.37 -49.236 2.6
    endloop
  endfacet
  facet normal -0.453697 0.891156 0
    outer loop
      vertex -28.4633 -49.2835 2.6
      vertex -28.37 -49.236 2.5
      vertex -28.4633 -49.2835 2.5
    endloop
  endfacet
  facet normal -0.544518 -0.838749 0
    outer loop
      vertex -28.37 -28.004 2.5
      vertex -28.2822 -28.061 2.6
      vertex -28.37 -28.004 2.6
    endloop
  endfacet
  facet normal -0.544518 -0.838749 -0
    outer loop
      vertex -28.2822 -28.061 2.6
      vertex -28.37 -28.004 2.5
      vertex -28.2822 -28.061 2.5
    endloop
  endfacet
  facet normal -0.933272 -0.359171 0
    outer loop
      vertex -27.9189 -28.561 2.5
      vertex -27.9565 -28.4633 2.6
      vertex -27.9565 -28.4633 2.5
    endloop
  endfacet
  facet normal -0.933272 -0.359171 0
    outer loop
      vertex -27.9565 -28.4633 2.6
      vertex -27.9189 -28.561 2.5
      vertex -27.9189 -28.561 2.6
    endloop
  endfacet
  facet normal 0.776844 0.629693 0
    outer loop
      vertex -49.1131 -49.0391 2.6
      vertex -49.179 -48.9578 2.5
      vertex -49.179 -48.9578 2.6
    endloop
  endfacet
  facet normal 0.776844 0.629693 0
    outer loop
      vertex -49.179 -48.9578 2.5
      vertex -49.1131 -49.0391 2.6
      vertex -49.1131 -49.0391 2.5
    endloop
  endfacet
  facet normal -0.707107 0.707107 0
    outer loop
      vertex -28.1269 -49.0391 2.5
      vertex -28.2009 -49.1131 2.6
      vertex -28.1269 -49.0391 2.6
    endloop
  endfacet
  facet normal -0.707107 0.707107 0
    outer loop
      vertex -28.2009 -49.1131 2.6
      vertex -28.1269 -49.0391 2.5
      vertex -28.2009 -49.1131 2.5
    endloop
  endfacet
  facet normal 0.987654 0.156649 0
    outer loop
      vertex -49.3481 -48.5779 2.6
      vertex -49.3645 -48.4745 2.5
      vertex -49.3645 -48.4745 2.6
    endloop
  endfacet
  facet normal 0.987654 0.156649 0
    outer loop
      vertex -49.3645 -48.4745 2.5
      vertex -49.3481 -48.5779 2.6
      vertex -49.3481 -48.5779 2.5
    endloop
  endfacet
  facet normal -0.891156 0.453697 0
    outer loop
      vertex -28.004 -48.87 2.5
      vertex -27.9565 -48.7767 2.6
      vertex -27.9565 -48.7767 2.5
    endloop
  endfacet
  facet normal -0.891156 0.453697 0
    outer loop
      vertex -27.9565 -48.7767 2.6
      vertex -28.004 -48.87 2.5
      vertex -28.004 -48.87 2.6
    endloop
  endfacet
  facet normal -0.838749 -0.544518 0
    outer loop
      vertex -28.004 -28.37 2.5
      vertex -28.061 -28.2822 2.6
      vertex -28.061 -28.2822 2.5
    endloop
  endfacet
  facet normal -0.838749 -0.544518 0
    outer loop
      vertex -28.061 -28.2822 2.6
      vertex -28.004 -28.37 2.5
      vertex -28.004 -28.37 2.6
    endloop
  endfacet
  facet normal 0.998618 -0.0525588 0
    outer loop
      vertex -49.37 -28.87 2.6
      vertex -49.3645 -28.7655 2.5
      vertex -49.3645 -28.7655 2.6
    endloop
  endfacet
  facet normal 0.998618 -0.0525588 0
    outer loop
      vertex -49.3645 -28.7655 2.5
      vertex -49.37 -28.87 2.6
      vertex -49.37 -28.87 2.5
    endloop
  endfacet
  facet normal -0.156649 -0.987654 0
    outer loop
      vertex -28.7655 -27.8755 2.5
      vertex -28.6621 -27.8919 2.6
      vertex -28.7655 -27.8755 2.6
    endloop
  endfacet
  facet normal -0.156649 -0.987654 -0
    outer loop
      vertex -28.6621 -27.8919 2.6
      vertex -28.7655 -27.8755 2.5
      vertex -28.6621 -27.8919 2.5
    endloop
  endfacet
  facet normal 0.838749 0.544518 0
    outer loop
      vertex -49.179 -48.9578 2.6
      vertex -49.236 -48.87 2.5
      vertex -49.236 -48.87 2.6
    endloop
  endfacet
  facet normal 0.838749 0.544518 0
    outer loop
      vertex -49.236 -48.87 2.5
      vertex -49.179 -48.9578 2.6
      vertex -49.179 -48.9578 2.5
    endloop
  endfacet
  facet normal 0.776844 -0.629693 0
    outer loop
      vertex -49.179 -28.2822 2.6
      vertex -49.1131 -28.2009 2.5
      vertex -49.1131 -28.2009 2.6
    endloop
  endfacet
  facet normal 0.776844 -0.629693 0
    outer loop
      vertex -49.1131 -28.2009 2.5
      vertex -49.179 -28.2822 2.6
      vertex -49.179 -28.2822 2.5
    endloop
  endfacet
  facet normal -0.933272 0.359171 0
    outer loop
      vertex -27.9565 -48.7767 2.5
      vertex -27.9189 -48.679 2.6
      vertex -27.9189 -48.679 2.5
    endloop
  endfacet
  facet normal -0.933272 0.359171 0
    outer loop
      vertex -27.9189 -48.679 2.6
      vertex -27.9565 -48.7767 2.5
      vertex -27.9565 -48.7767 2.6
    endloop
  endfacet
  facet normal 0.359171 -0.933272 0
    outer loop
      vertex -48.7767 -27.9565 2.5
      vertex -48.679 -27.9189 2.6
      vertex -48.7767 -27.9565 2.6
    endloop
  endfacet
  facet normal 0.359171 -0.933272 0
    outer loop
      vertex -48.679 -27.9189 2.6
      vertex -48.7767 -27.9565 2.5
      vertex -48.679 -27.9189 2.5
    endloop
  endfacet
  facet normal -0.359171 -0.933272 0
    outer loop
      vertex -28.561 -27.9189 2.5
      vertex -28.4633 -27.9565 2.6
      vertex -28.561 -27.9189 2.6
    endloop
  endfacet
  facet normal -0.359171 -0.933272 -0
    outer loop
      vertex -28.4633 -27.9565 2.6
      vertex -28.561 -27.9189 2.5
      vertex -28.4633 -27.9565 2.5
    endloop
  endfacet
  facet normal -0.987654 0.156649 0
    outer loop
      vertex -27.8919 -48.5779 2.5
      vertex -27.8755 -48.4745 2.6
      vertex -27.8755 -48.4745 2.5
    endloop
  endfacet
  facet normal -0.987654 0.156649 0
    outer loop
      vertex -27.8755 -48.4745 2.6
      vertex -27.8919 -48.5779 2.5
      vertex -27.8919 -48.5779 2.6
    endloop
  endfacet
  facet normal 0.891156 -0.453697 0
    outer loop
      vertex -49.2835 -28.4633 2.6
      vertex -49.236 -28.37 2.5
      vertex -49.236 -28.37 2.6
    endloop
  endfacet
  facet normal 0.891156 -0.453697 0
    outer loop
      vertex -49.236 -28.37 2.5
      vertex -49.2835 -28.4633 2.6
      vertex -49.2835 -28.4633 2.5
    endloop
  endfacet
  facet normal 0.998618 0.0525588 0
    outer loop
      vertex -49.3645 -48.4745 2.6
      vertex -49.37 -48.37 2.5
      vertex -49.37 -48.37 2.6
    endloop
  endfacet
  facet normal 0.998618 0.0525588 0
    outer loop
      vertex -49.37 -48.37 2.5
      vertex -49.3645 -48.4745 2.6
      vertex -49.3645 -48.4745 2.5
    endloop
  endfacet
  facet normal -0.25802 -0.96614 0
    outer loop
      vertex -28.6621 -27.8919 2.5
      vertex -28.561 -27.9189 2.6
      vertex -28.6621 -27.8919 2.6
    endloop
  endfacet
  facet normal -0.25802 -0.96614 -0
    outer loop
      vertex -28.561 -27.9189 2.6
      vertex -28.6621 -27.8919 2.5
      vertex -28.561 -27.9189 2.5
    endloop
  endfacet
  facet normal 0.933272 0.359171 0
    outer loop
      vertex -49.2835 -48.7767 2.6
      vertex -49.3211 -48.679 2.5
      vertex -49.3211 -48.679 2.6
    endloop
  endfacet
  facet normal 0.933272 0.359171 0
    outer loop
      vertex -49.3211 -48.679 2.5
      vertex -49.2835 -48.7767 2.6
      vertex -49.2835 -48.7767 2.5
    endloop
  endfacet
  facet normal 0.891156 0.453697 0
    outer loop
      vertex -49.236 -48.87 2.6
      vertex -49.2835 -48.7767 2.5
      vertex -49.2835 -48.7767 2.6
    endloop
  endfacet
  facet normal 0.891156 0.453697 0
    outer loop
      vertex -49.2835 -48.7767 2.5
      vertex -49.236 -48.87 2.6
      vertex -49.236 -48.87 2.5
    endloop
  endfacet
  facet normal 0.933272 -0.359171 0
    outer loop
      vertex -49.3211 -28.561 2.6
      vertex -49.2835 -28.4633 2.5
      vertex -49.2835 -28.4633 2.6
    endloop
  endfacet
  facet normal 0.933272 -0.359171 0
    outer loop
      vertex -49.2835 -28.4633 2.5
      vertex -49.3211 -28.561 2.6
      vertex -49.3211 -28.561 2.5
    endloop
  endfacet
endsolid OpenSCAD_Model
