solid OpenSCAD_Model
  facet normal 0 0 -1
    outer loop
      vertex 55.56 53.3744 3
      vertex 55.6132 53.687 3
      vertex 55.668 53.4824 3
    endloop
  endfacet
  facet normal 0 0 -1
    outer loop
      vertex 54.76 53.16 3
      vertex 55.6132 53.687 3
      vertex 55.56 53.3744 3
    endloop
  endfacet
  facet normal -0 0 -1
    outer loop
      vertex 55.6132 53.687 3
      vertex 54.76 53.16 3
      vertex 55.5006 53.9802 3
    endloop
  endfacet
  facet normal -0 0 -1
    outer loop
      vertex 55.5006 53.9802 3
      vertex 54.76 53.16 3
      vertex 55.3581 54.26 3
    endloop
  endfacet
  facet normal -0 0 -1
    outer loop
      vertex 55.3581 54.26 3
      vertex 54.76 53.16 3
      vertex 55.187 54.5234 3
    endloop
  endfacet
  facet normal 0 0 -1
    outer loop
      vertex 53.96 53.3744 3
      vertex 55.187 54.5234 3
      vertex 54.76 53.16 3
    endloop
  endfacet
  facet normal -0 0 -1
    outer loop
      vertex 55.187 54.5234 3
      vertex 53.96 53.3744 3
      vertex 54.9894 54.7674 3
    endloop
  endfacet
  facet normal -0 0 -1
    outer loop
      vertex 54.9894 54.7674 3
      vertex 53.96 53.3744 3
      vertex 54.7674 54.9894 3
    endloop
  endfacet
  facet normal 0 0 -1
    outer loop
      vertex 53.3744 53.96 3
      vertex 54.7674 54.9894 3
      vertex 53.96 53.3744 3
    endloop
  endfacet
  facet normal -0 0 -1
    outer loop
      vertex 54.7674 54.9894 3
      vertex 53.3744 53.96 3
      vertex 54.5234 55.187 3
    endloop
  endfacet
  facet normal 0 0 -1
    outer loop
      vertex 53.16 54.76 3
      vertex 54.5234 55.187 3
      vertex 53.3744 53.96 3
    endloop
  endfacet
  facet normal -0 0 -1
    outer loop
      vertex 54.5234 55.187 3
      vertex 53.16 54.76 3
      vertex 54.26 55.3581 3
    endloop
  endfacet
  facet normal -0 0 -1
    outer loop
      vertex 54.26 55.3581 3
      vertex 53.16 54.76 3
      vertex 53.9802 55.5006 3
    endloop
  endfacet
  facet normal -0 0 -1
    outer loop
      vertex 53.9802 55.5006 3
      vertex 53.16 54.76 3
      vertex 53.687 55.6132 3
    endloop
  endfacet
  facet normal 0 -0 -1
    outer loop
      vertex 53.3744 55.56 3
      vertex 53.687 55.6132 3
      vertex 53.16 54.76 3
    endloop
  endfacet
  facet normal -0 0 -1
    outer loop
      vertex 53.687 55.6132 3
      vertex 53.3744 55.56 3
      vertex 53.4824 55.668 3
    endloop
  endfacet
  facet normal 0.707107 -0.707107 0
    outer loop
      vertex 53.3744 55.56 3
      vertex 53.4824 55.668 2.4
      vertex 53.4824 55.668 3
    endloop
  endfacet
  facet normal 0.707107 -0.707107 0
    outer loop
      vertex 53.4824 55.668 2.4
      vertex 53.3744 55.56 3
      vertex 53.3744 55.56 2.4
    endloop
  endfacet
  facet normal 0.258865 0.965914 -0
    outer loop
      vertex 54.76 53.16 2.4
      vertex 53.96 53.3744 3
      vertex 54.76 53.16 3
    endloop
  endfacet
  facet normal 0.258865 0.965914 0
    outer loop
      vertex 53.96 53.3744 3
      vertex 54.76 53.16 2.4
      vertex 53.96 53.3744 2.4
    endloop
  endfacet
  facet normal 0.965914 -0.258865 0
    outer loop
      vertex 53.16 54.76 3
      vertex 53.3744 55.56 2.4
      vertex 53.3744 55.56 3
    endloop
  endfacet
  facet normal 0.965914 -0.258865 0
    outer loop
      vertex 53.3744 55.56 2.4
      vertex 53.16 54.76 3
      vertex 53.16 54.76 2.4
    endloop
  endfacet
  facet normal -0.707107 0.707107 0
    outer loop
      vertex 55.668 53.4824 2.4
      vertex 55.56 53.3744 3
      vertex 55.668 53.4824 3
    endloop
  endfacet
  facet normal -0.707107 0.707107 0
    outer loop
      vertex 55.56 53.3744 3
      vertex 55.668 53.4824 2.4
      vertex 55.56 53.3744 2.4
    endloop
  endfacet
  facet normal -0.258865 0.965914 0
    outer loop
      vertex 55.56 53.3744 2.4
      vertex 54.76 53.16 3
      vertex 55.56 53.3744 3
    endloop
  endfacet
  facet normal -0.258865 0.965914 0
    outer loop
      vertex 54.76 53.16 3
      vertex 55.56 53.3744 2.4
      vertex 54.76 53.16 2.4
    endloop
  endfacet
  facet normal 0.707107 0.707107 0
    outer loop
      vertex 53.96 53.3744 3
      vertex 53.3744 53.96 2.4
      vertex 53.3744 53.96 3
    endloop
  endfacet
  facet normal 0.707107 0.707107 0
    outer loop
      vertex 53.3744 53.96 2.4
      vertex 53.96 53.3744 3
      vertex 53.96 53.3744 2.4
    endloop
  endfacet
  facet normal 0.965914 0.258865 0
    outer loop
      vertex 53.3744 53.96 3
      vertex 53.16 54.76 2.4
      vertex 53.16 54.76 3
    endloop
  endfacet
  facet normal 0.965914 0.258865 0
    outer loop
      vertex 53.16 54.76 2.4
      vertex 53.3744 53.96 3
      vertex 53.3744 53.96 2.4
    endloop
  endfacet
  facet normal 0 1 -0
    outer loop
      vertex 55.76 51.9454 0
      vertex 53.135 51.9454 2.4
      vertex 55.76 51.9454 2.4
    endloop
  endfacet
  facet normal 0 1 0
    outer loop
      vertex 53.135 51.9454 2.4
      vertex 55.76 51.9454 0
      vertex 53.135 51.9454 0
    endloop
  endfacet
  facet normal 0.866044 -0.499967 0
    outer loop
      vertex 51.51 54.76 2.4
      vertex 52.0873 55.76 0
      vertex 52.0873 55.76 2.4
    endloop
  endfacet
  facet normal 0.866044 -0.499967 0
    outer loop
      vertex 52.0873 55.76 0
      vertex 51.51 54.76 2.4
      vertex 51.51 54.76 0
    endloop
  endfacet
  facet normal 0.866027 0.499998 0
    outer loop
      vertex 53.135 51.9454 2.4
      vertex 51.51 54.76 0
      vertex 51.51 54.76 2.4
    endloop
  endfacet
  facet normal 0.866027 0.499998 0
    outer loop
      vertex 51.51 54.76 0
      vertex 53.135 51.9454 2.4
      vertex 53.135 51.9454 0
    endloop
  endfacet
  facet normal 0 0 -1
    outer loop
      vertex 54.76 53.16 2.4
      vertex 55.76 52.76 2.4
      vertex 55.76 51.9454 2.4
    endloop
  endfacet
  facet normal 0 0 -1
    outer loop
      vertex 55.76 52.76 2.4
      vertex 54.76 53.16 2.4
      vertex 55.7436 53.0736 2.4
    endloop
  endfacet
  facet normal 0 0 -1
    outer loop
      vertex 55.7436 53.0736 2.4
      vertex 55.56 53.3744 2.4
      vertex 55.6944 53.3837 2.4
    endloop
  endfacet
  facet normal -0 0 -1
    outer loop
      vertex 55.6944 53.3837 2.4
      vertex 55.56 53.3744 2.4
      vertex 55.668 53.4824 2.4
    endloop
  endfacet
  facet normal 0 0 -1
    outer loop
      vertex 55.7436 53.0736 2.4
      vertex 54.76 53.16 2.4
      vertex 55.56 53.3744 2.4
    endloop
  endfacet
  facet normal 0 0 -1
    outer loop
      vertex 53.135 51.9454 2.4
      vertex 54.76 53.16 2.4
      vertex 55.76 51.9454 2.4
    endloop
  endfacet
  facet normal 0 0 -1
    outer loop
      vertex 51.51 54.76 2.4
      vertex 53.3744 53.96 2.4
      vertex 53.135 51.9454 2.4
    endloop
  endfacet
  facet normal -0 0 -1
    outer loop
      vertex 53.96 53.3744 2.4
      vertex 53.135 51.9454 2.4
      vertex 53.3744 53.96 2.4
    endloop
  endfacet
  facet normal -0 0 -1
    outer loop
      vertex 54.76 53.16 2.4
      vertex 53.135 51.9454 2.4
      vertex 53.96 53.3744 2.4
    endloop
  endfacet
  facet normal 0 0 -1
    outer loop
      vertex 53.3744 55.56 2.4
      vertex 53.3837 55.6944 2.4
      vertex 53.4824 55.668 2.4
    endloop
  endfacet
  facet normal 0 0 -1
    outer loop
      vertex 53.0736 55.7436 2.4
      vertex 53.3744 55.56 2.4
      vertex 53.16 54.76 2.4
    endloop
  endfacet
  facet normal 0 0 -1
    outer loop
      vertex 53.3744 55.56 2.4
      vertex 53.0736 55.7436 2.4
      vertex 53.3837 55.6944 2.4
    endloop
  endfacet
  facet normal 0 0 -1
    outer loop
      vertex 53.3744 53.96 2.4
      vertex 51.51 54.76 2.4
      vertex 53.16 54.76 2.4
    endloop
  endfacet
  facet normal 0 -0 -1
    outer loop
      vertex 52.0873 55.76 2.4
      vertex 53.16 54.76 2.4
      vertex 51.51 54.76 2.4
    endloop
  endfacet
  facet normal 0 0 -1
    outer loop
      vertex 53.16 54.76 2.4
      vertex 52.76 55.76 2.4
      vertex 53.0736 55.7436 2.4
    endloop
  endfacet
  facet normal 0 0 -1
    outer loop
      vertex 53.16 54.76 2.4
      vertex 52.0873 55.76 2.4
      vertex 52.76 55.76 2.4
    endloop
  endfacet
  facet normal -0.707107 -0.707107 0
    outer loop
      vertex -53.3744 55.56 2.4
      vertex -53.4824 55.668 3
      vertex -53.4824 55.668 2.4
    endloop
  endfacet
  facet normal -0.707107 -0.707107 0
    outer loop
      vertex -53.4824 55.668 3
      vertex -53.3744 55.56 2.4
      vertex -53.3744 55.56 3
    endloop
  endfacet
  facet normal -0.965914 -0.258865 0
    outer loop
      vertex -53.16 54.76 2.4
      vertex -53.3744 55.56 3
      vertex -53.3744 55.56 2.4
    endloop
  endfacet
  facet normal -0.965914 -0.258865 0
    outer loop
      vertex -53.3744 55.56 3
      vertex -53.16 54.76 2.4
      vertex -53.16 54.76 3
    endloop
  endfacet
  facet normal 0 0 -1
    outer loop
      vertex -54.5234 55.187 3
      vertex -53.16 54.76 3
      vertex -53.3744 53.96 3
    endloop
  endfacet
  facet normal 0 -0 -1
    outer loop
      vertex -53.687 55.6132 3
      vertex -53.16 54.76 3
      vertex -53.9802 55.5006 3
    endloop
  endfacet
  facet normal 0 0 -1
    outer loop
      vertex -53.3744 55.56 3
      vertex -53.687 55.6132 3
      vertex -53.4824 55.668 3
    endloop
  endfacet
  facet normal 0 0 -1
    outer loop
      vertex -54.7674 54.9894 3
      vertex -53.3744 53.96 3
      vertex -53.96 53.3744 3
    endloop
  endfacet
  facet normal 0 0 -1
    outer loop
      vertex -53.16 54.76 3
      vertex -53.687 55.6132 3
      vertex -53.3744 55.56 3
    endloop
  endfacet
  facet normal 0 0 -1
    outer loop
      vertex -53.16 54.76 3
      vertex -54.26 55.3581 3
      vertex -53.9802 55.5006 3
    endloop
  endfacet
  facet normal 0 0 -1
    outer loop
      vertex -53.16 54.76 3
      vertex -54.5234 55.187 3
      vertex -54.26 55.3581 3
    endloop
  endfacet
  facet normal 0 0 -1
    outer loop
      vertex -55.187 54.5234 3
      vertex -53.96 53.3744 3
      vertex -54.76 53.16 3
    endloop
  endfacet
  facet normal 0 0 -1
    outer loop
      vertex -53.3744 53.96 3
      vertex -54.7674 54.9894 3
      vertex -54.5234 55.187 3
    endloop
  endfacet
  facet normal 0 0 -1
    outer loop
      vertex -53.96 53.3744 3
      vertex -54.9894 54.7674 3
      vertex -54.7674 54.9894 3
    endloop
  endfacet
  facet normal 0 0 -1
    outer loop
      vertex -53.96 53.3744 3
      vertex -55.187 54.5234 3
      vertex -54.9894 54.7674 3
    endloop
  endfacet
  facet normal 0 0 -1
    outer loop
      vertex -54.76 53.16 3
      vertex -55.3581 54.26 3
      vertex -55.187 54.5234 3
    endloop
  endfacet
  facet normal 0 0 -1
    outer loop
      vertex -54.76 53.16 3
      vertex -55.5006 53.9802 3
      vertex -55.3581 54.26 3
    endloop
  endfacet
  facet normal 0 0 -1
    outer loop
      vertex -55.6132 53.687 3
      vertex -54.76 53.16 3
      vertex -55.56 53.3744 3
    endloop
  endfacet
  facet normal 0 0 -1
    outer loop
      vertex -54.76 53.16 3
      vertex -55.6132 53.687 3
      vertex -55.5006 53.9802 3
    endloop
  endfacet
  facet normal 0 -0 -1
    outer loop
      vertex -55.6132 53.687 3
      vertex -55.56 53.3744 3
      vertex -55.668 53.4824 3
    endloop
  endfacet
  facet normal 0.258865 0.965914 -0
    outer loop
      vertex -54.76 53.16 2.4
      vertex -55.56 53.3744 3
      vertex -54.76 53.16 3
    endloop
  endfacet
  facet normal 0.258865 0.965914 0
    outer loop
      vertex -55.56 53.3744 3
      vertex -54.76 53.16 2.4
      vertex -55.56 53.3744 2.4
    endloop
  endfacet
  facet normal -0.707107 0.707107 0
    outer loop
      vertex -53.96 53.3744 2.4
      vertex -53.3744 53.96 3
      vertex -53.3744 53.96 2.4
    endloop
  endfacet
  facet normal -0.707107 0.707107 0
    outer loop
      vertex -53.3744 53.96 3
      vertex -53.96 53.3744 2.4
      vertex -53.96 53.3744 3
    endloop
  endfacet
  facet normal -0.965914 0.258865 0
    outer loop
      vertex -53.3744 53.96 2.4
      vertex -53.16 54.76 3
      vertex -53.16 54.76 2.4
    endloop
  endfacet
  facet normal -0.965914 0.258865 0
    outer loop
      vertex -53.16 54.76 3
      vertex -53.3744 53.96 2.4
      vertex -53.3744 53.96 3
    endloop
  endfacet
  facet normal -0.258865 0.965914 0
    outer loop
      vertex -53.96 53.3744 2.4
      vertex -54.76 53.16 3
      vertex -53.96 53.3744 3
    endloop
  endfacet
  facet normal -0.258865 0.965914 0
    outer loop
      vertex -54.76 53.16 3
      vertex -53.96 53.3744 2.4
      vertex -54.76 53.16 2.4
    endloop
  endfacet
  facet normal 0.707107 0.707107 -0
    outer loop
      vertex -55.56 53.3744 2.4
      vertex -55.668 53.4824 3
      vertex -55.56 53.3744 3
    endloop
  endfacet
  facet normal 0.707107 0.707107 0
    outer loop
      vertex -55.668 53.4824 3
      vertex -55.56 53.3744 2.4
      vertex -55.668 53.4824 2.4
    endloop
  endfacet
  facet normal 0 1 -0
    outer loop
      vertex -53.135 51.9454 0
      vertex -55.76 51.9454 2.4
      vertex -53.135 51.9454 2.4
    endloop
  endfacet
  facet normal 0 1 0
    outer loop
      vertex -55.76 51.9454 2.4
      vertex -53.135 51.9454 0
      vertex -55.76 51.9454 0
    endloop
  endfacet
  facet normal -0.866027 0.499998 0
    outer loop
      vertex -53.135 51.9454 0
      vertex -51.51 54.76 2.4
      vertex -51.51 54.76 0
    endloop
  endfacet
  facet normal -0.866027 0.499998 0
    outer loop
      vertex -51.51 54.76 2.4
      vertex -53.135 51.9454 0
      vertex -53.135 51.9454 2.4
    endloop
  endfacet
  facet normal -0.866044 -0.499967 0
    outer loop
      vertex -51.51 54.76 0
      vertex -52.0873 55.76 2.4
      vertex -52.0873 55.76 0
    endloop
  endfacet
  facet normal -0.866044 -0.499967 0
    outer loop
      vertex -52.0873 55.76 2.4
      vertex -51.51 54.76 0
      vertex -51.51 54.76 2.4
    endloop
  endfacet
  facet normal -0 0 -1
    outer loop
      vertex -51.51 54.76 2.4
      vertex -53.3744 53.96 2.4
      vertex -53.16 54.76 2.4
    endloop
  endfacet
  facet normal 0 0 -1
    outer loop
      vertex -53.135 51.9454 2.4
      vertex -53.96 53.3744 2.4
      vertex -53.3744 53.96 2.4
    endloop
  endfacet
  facet normal 0 0 -1
    outer loop
      vertex -53.135 51.9454 2.4
      vertex -54.76 53.16 2.4
      vertex -53.96 53.3744 2.4
    endloop
  endfacet
  facet normal 0 0 -1
    outer loop
      vertex -55.76 51.9454 2.4
      vertex -54.76 53.16 2.4
      vertex -53.135 51.9454 2.4
    endloop
  endfacet
  facet normal 0 0 -1
    outer loop
      vertex -55.56 53.3744 2.4
      vertex -55.6944 53.3837 2.4
      vertex -55.668 53.4824 2.4
    endloop
  endfacet
  facet normal 0 -0 -1
    outer loop
      vertex -55.7436 53.0736 2.4
      vertex -54.76 53.16 2.4
      vertex -55.76 52.76 2.4
    endloop
  endfacet
  facet normal -0 0 -1
    outer loop
      vertex -55.56 53.3744 2.4
      vertex -55.7436 53.0736 2.4
      vertex -55.6944 53.3837 2.4
    endloop
  endfacet
  facet normal 0 0 -1
    outer loop
      vertex -54.76 53.16 2.4
      vertex -55.76 51.9454 2.4
      vertex -55.76 52.76 2.4
    endloop
  endfacet
  facet normal -0 0 -1
    outer loop
      vertex -54.76 53.16 2.4
      vertex -55.7436 53.0736 2.4
      vertex -55.56 53.3744 2.4
    endloop
  endfacet
  facet normal 0 0 -1
    outer loop
      vertex -53.16 54.76 2.4
      vertex -52.0873 55.76 2.4
      vertex -51.51 54.76 2.4
    endloop
  endfacet
  facet normal -0 0 -1
    outer loop
      vertex -52.0873 55.76 2.4
      vertex -53.16 54.76 2.4
      vertex -52.76 55.76 2.4
    endloop
  endfacet
  facet normal 0 0 -1
    outer loop
      vertex -53.3744 53.96 2.4
      vertex -51.51 54.76 2.4
      vertex -53.135 51.9454 2.4
    endloop
  endfacet
  facet normal 0 0 -1
    outer loop
      vertex -52.76 55.76 2.4
      vertex -53.16 54.76 2.4
      vertex -53.0736 55.7436 2.4
    endloop
  endfacet
  facet normal 0 0 -1
    outer loop
      vertex -53.3744 55.56 2.4
      vertex -53.0736 55.7436 2.4
      vertex -53.16 54.76 2.4
    endloop
  endfacet
  facet normal 0 0 -1
    outer loop
      vertex -53.3744 55.56 2.4
      vertex -53.3837 55.6944 2.4
      vertex -53.0736 55.7436 2.4
    endloop
  endfacet
  facet normal 0 -0 -1
    outer loop
      vertex -53.3837 55.6944 2.4
      vertex -53.3744 55.56 2.4
      vertex -53.4824 55.668 2.4
    endloop
  endfacet
  facet normal -0.707107 -0.707107 0
    outer loop
      vertex 55.56 -53.3744 2.4
      vertex 55.668 -53.4824 3
      vertex 55.56 -53.3744 3
    endloop
  endfacet
  facet normal -0.707107 -0.707107 -0
    outer loop
      vertex 55.668 -53.4824 3
      vertex 55.56 -53.3744 2.4
      vertex 55.668 -53.4824 2.4
    endloop
  endfacet
  facet normal -0.258865 -0.965914 0
    outer loop
      vertex 54.76 -53.16 2.4
      vertex 55.56 -53.3744 3
      vertex 54.76 -53.16 3
    endloop
  endfacet
  facet normal -0.258865 -0.965914 -0
    outer loop
      vertex 55.56 -53.3744 3
      vertex 54.76 -53.16 2.4
      vertex 55.56 -53.3744 2.4
    endloop
  endfacet
  facet normal 0.965914 -0.258865 0
    outer loop
      vertex 53.16 -54.76 3
      vertex 53.3744 -53.96 2.4
      vertex 53.3744 -53.96 3
    endloop
  endfacet
  facet normal 0.965914 -0.258865 0
    outer loop
      vertex 53.3744 -53.96 2.4
      vertex 53.16 -54.76 3
      vertex 53.16 -54.76 2.4
    endloop
  endfacet
  facet normal 0.707107 -0.707107 0
    outer loop
      vertex 53.3744 -53.96 3
      vertex 53.96 -53.3744 2.4
      vertex 53.96 -53.3744 3
    endloop
  endfacet
  facet normal 0.707107 -0.707107 0
    outer loop
      vertex 53.96 -53.3744 2.4
      vertex 53.3744 -53.96 3
      vertex 53.3744 -53.96 2.4
    endloop
  endfacet
  facet normal 0.258865 -0.965914 0
    outer loop
      vertex 53.96 -53.3744 2.4
      vertex 54.76 -53.16 3
      vertex 53.96 -53.3744 3
    endloop
  endfacet
  facet normal 0.258865 -0.965914 0
    outer loop
      vertex 54.76 -53.16 3
      vertex 53.96 -53.3744 2.4
      vertex 54.76 -53.16 2.4
    endloop
  endfacet
  facet normal 0.707107 0.707107 0
    outer loop
      vertex 53.4824 -55.668 3
      vertex 53.3744 -55.56 2.4
      vertex 53.3744 -55.56 3
    endloop
  endfacet
  facet normal 0.707107 0.707107 0
    outer loop
      vertex 53.3744 -55.56 2.4
      vertex 53.4824 -55.668 3
      vertex 53.4824 -55.668 2.4
    endloop
  endfacet
  facet normal 0 0 -1
    outer loop
      vertex 55.6132 -53.687 3
      vertex 55.56 -53.3744 3
      vertex 55.668 -53.4824 3
    endloop
  endfacet
  facet normal 0 0 -1
    outer loop
      vertex 54.76 -53.16 3
      vertex 55.6132 -53.687 3
      vertex 55.5006 -53.9802 3
    endloop
  endfacet
  facet normal 0 0 -1
    outer loop
      vertex 54.76 -53.16 3
      vertex 55.5006 -53.9802 3
      vertex 55.3581 -54.26 3
    endloop
  endfacet
  facet normal 0 0 -1
    outer loop
      vertex 54.76 -53.16 3
      vertex 55.3581 -54.26 3
      vertex 55.187 -54.5234 3
    endloop
  endfacet
  facet normal 0 0 -1
    outer loop
      vertex 53.96 -53.3744 3
      vertex 55.187 -54.5234 3
      vertex 54.9894 -54.7674 3
    endloop
  endfacet
  facet normal 0 0 -1
    outer loop
      vertex 53.96 -53.3744 3
      vertex 54.9894 -54.7674 3
      vertex 54.7674 -54.9894 3
    endloop
  endfacet
  facet normal 0 0 -1
    outer loop
      vertex 55.6132 -53.687 3
      vertex 54.76 -53.16 3
      vertex 55.56 -53.3744 3
    endloop
  endfacet
  facet normal 0 0 -1
    outer loop
      vertex 53.3744 -53.96 3
      vertex 54.7674 -54.9894 3
      vertex 54.5234 -55.187 3
    endloop
  endfacet
  facet normal 0 0 -1
    outer loop
      vertex 53.16 -54.76 3
      vertex 54.5234 -55.187 3
      vertex 54.26 -55.3581 3
    endloop
  endfacet
  facet normal 0 0 -1
    outer loop
      vertex 53.16 -54.76 3
      vertex 54.26 -55.3581 3
      vertex 53.9802 -55.5006 3
    endloop
  endfacet
  facet normal 0 0 -1
    outer loop
      vertex 55.187 -54.5234 3
      vertex 53.96 -53.3744 3
      vertex 54.76 -53.16 3
    endloop
  endfacet
  facet normal 0 0 -1
    outer loop
      vertex 53.16 -54.76 3
      vertex 53.9802 -55.5006 3
      vertex 53.687 -55.6132 3
    endloop
  endfacet
  facet normal 0 0 -1
    outer loop
      vertex 53.3744 -55.56 3
      vertex 53.687 -55.6132 3
      vertex 53.4824 -55.668 3
    endloop
  endfacet
  facet normal 0 0 -1
    outer loop
      vertex 53.687 -55.6132 3
      vertex 53.3744 -55.56 3
      vertex 53.16 -54.76 3
    endloop
  endfacet
  facet normal 0 0 -1
    outer loop
      vertex 54.7674 -54.9894 3
      vertex 53.3744 -53.96 3
      vertex 53.96 -53.3744 3
    endloop
  endfacet
  facet normal 0 0 -1
    outer loop
      vertex 54.5234 -55.187 3
      vertex 53.16 -54.76 3
      vertex 53.3744 -53.96 3
    endloop
  endfacet
  facet normal 0.965914 0.258865 0
    outer loop
      vertex 53.3744 -55.56 3
      vertex 53.16 -54.76 2.4
      vertex 53.16 -54.76 3
    endloop
  endfacet
  facet normal 0.965914 0.258865 0
    outer loop
      vertex 53.16 -54.76 2.4
      vertex 53.3744 -55.56 3
      vertex 53.3744 -55.56 2.4
    endloop
  endfacet
  facet normal 0 -1 0
    outer loop
      vertex 53.135 -51.9454 0
      vertex 55.76 -51.9454 2.4
      vertex 53.135 -51.9454 2.4
    endloop
  endfacet
  facet normal 0 -1 -0
    outer loop
      vertex 55.76 -51.9454 2.4
      vertex 53.135 -51.9454 0
      vertex 55.76 -51.9454 0
    endloop
  endfacet
  facet normal 0.866027 -0.499998 0
    outer loop
      vertex 51.51 -54.76 2.4
      vertex 53.135 -51.9454 0
      vertex 53.135 -51.9454 2.4
    endloop
  endfacet
  facet normal 0.866027 -0.499998 0
    outer loop
      vertex 53.135 -51.9454 0
      vertex 51.51 -54.76 2.4
      vertex 51.51 -54.76 0
    endloop
  endfacet
  facet normal 0.866044 0.499967 0
    outer loop
      vertex 52.0873 -55.76 2.4
      vertex 51.51 -54.76 0
      vertex 51.51 -54.76 2.4
    endloop
  endfacet
  facet normal 0.866044 0.499967 0
    outer loop
      vertex 51.51 -54.76 0
      vertex 52.0873 -55.76 2.4
      vertex 52.0873 -55.76 0
    endloop
  endfacet
  facet normal 0 0 -1
    outer loop
      vertex 53.3837 -55.6944 2.4
      vertex 53.3744 -55.56 2.4
      vertex 53.4824 -55.668 2.4
    endloop
  endfacet
  facet normal 0 0 -1
    outer loop
      vertex 53.0736 -55.7436 2.4
      vertex 53.3744 -55.56 2.4
      vertex 53.3837 -55.6944 2.4
    endloop
  endfacet
  facet normal -0 0 -1
    outer loop
      vertex 53.3744 -55.56 2.4
      vertex 53.0736 -55.7436 2.4
      vertex 53.16 -54.76 2.4
    endloop
  endfacet
  facet normal 0 0 -1
    outer loop
      vertex 52.76 -55.76 2.4
      vertex 53.16 -54.76 2.4
      vertex 53.0736 -55.7436 2.4
    endloop
  endfacet
  facet normal 0 0 -1
    outer loop
      vertex 52.0873 -55.76 2.4
      vertex 53.16 -54.76 2.4
      vertex 52.76 -55.76 2.4
    endloop
  endfacet
  facet normal -0 0 -1
    outer loop
      vertex 53.16 -54.76 2.4
      vertex 52.0873 -55.76 2.4
      vertex 51.51 -54.76 2.4
    endloop
  endfacet
  facet normal 0 0 -1
    outer loop
      vertex 53.16 -54.76 2.4
      vertex 51.51 -54.76 2.4
      vertex 53.135 -51.9454 2.4
    endloop
  endfacet
  facet normal 0 0 -1
    outer loop
      vertex 54.76 -53.16 2.4
      vertex 55.76 -52.76 2.4
      vertex 55.7436 -53.0736 2.4
    endloop
  endfacet
  facet normal 0 0 -1
    outer loop
      vertex 55.56 -53.3744 2.4
      vertex 55.7436 -53.0736 2.4
      vertex 55.6944 -53.3837 2.4
    endloop
  endfacet
  facet normal 0 0 -1
    outer loop
      vertex 55.56 -53.3744 2.4
      vertex 55.6944 -53.3837 2.4
      vertex 55.668 -53.4824 2.4
    endloop
  endfacet
  facet normal 0 0 -1
    outer loop
      vertex 54.76 -53.16 2.4
      vertex 55.7436 -53.0736 2.4
      vertex 55.56 -53.3744 2.4
    endloop
  endfacet
  facet normal -0 0 -1
    outer loop
      vertex 55.76 -52.76 2.4
      vertex 54.76 -53.16 2.4
      vertex 55.76 -51.9454 2.4
    endloop
  endfacet
  facet normal 0 0 -1
    outer loop
      vertex 53.135 -51.9454 2.4
      vertex 54.76 -53.16 2.4
      vertex 53.96 -53.3744 2.4
    endloop
  endfacet
  facet normal 0 0 -1
    outer loop
      vertex 54.76 -53.16 2.4
      vertex 53.135 -51.9454 2.4
      vertex 55.76 -51.9454 2.4
    endloop
  endfacet
  facet normal 0 0 -1
    outer loop
      vertex 53.3744 -53.96 2.4
      vertex 53.135 -51.9454 2.4
      vertex 53.96 -53.3744 2.4
    endloop
  endfacet
  facet normal 0 0 -1
    outer loop
      vertex 53.135 -51.9454 2.4
      vertex 53.3744 -53.96 2.4
      vertex 53.16 -54.76 2.4
    endloop
  endfacet
  facet normal -0.707107 -0.707107 0
    outer loop
      vertex -53.3744 -53.96 2.4
      vertex -53.96 -53.3744 3
      vertex -53.96 -53.3744 2.4
    endloop
  endfacet
  facet normal -0.707107 -0.707107 0
    outer loop
      vertex -53.96 -53.3744 3
      vertex -53.3744 -53.96 2.4
      vertex -53.3744 -53.96 3
    endloop
  endfacet
  facet normal -0.965914 -0.258865 0
    outer loop
      vertex -53.16 -54.76 2.4
      vertex -53.3744 -53.96 3
      vertex -53.3744 -53.96 2.4
    endloop
  endfacet
  facet normal -0.965914 -0.258865 0
    outer loop
      vertex -53.3744 -53.96 3
      vertex -53.16 -54.76 2.4
      vertex -53.16 -54.76 3
    endloop
  endfacet
  facet normal -0.258865 -0.965914 0
    outer loop
      vertex -54.76 -53.16 2.4
      vertex -53.96 -53.3744 3
      vertex -54.76 -53.16 3
    endloop
  endfacet
  facet normal -0.258865 -0.965914 -0
    outer loop
      vertex -53.96 -53.3744 3
      vertex -54.76 -53.16 2.4
      vertex -53.96 -53.3744 2.4
    endloop
  endfacet
  facet normal 0.258865 -0.965914 0
    outer loop
      vertex -55.56 -53.3744 2.4
      vertex -54.76 -53.16 3
      vertex -55.56 -53.3744 3
    endloop
  endfacet
  facet normal 0.258865 -0.965914 0
    outer loop
      vertex -54.76 -53.16 3
      vertex -55.56 -53.3744 2.4
      vertex -54.76 -53.16 2.4
    endloop
  endfacet
  facet normal 0 0 -1
    outer loop
      vertex -53.687 -55.6132 3
      vertex -53.16 -54.76 3
      vertex -53.3744 -55.56 3
    endloop
  endfacet
  facet normal 0 0 -1
    outer loop
      vertex -53.687 -55.6132 3
      vertex -53.3744 -55.56 3
      vertex -53.4824 -55.668 3
    endloop
  endfacet
  facet normal 0 0 -1
    outer loop
      vertex -53.16 -54.76 3
      vertex -53.687 -55.6132 3
      vertex -53.9802 -55.5006 3
    endloop
  endfacet
  facet normal 0 0 -1
    outer loop
      vertex -54.26 -55.3581 3
      vertex -53.16 -54.76 3
      vertex -53.9802 -55.5006 3
    endloop
  endfacet
  facet normal 0 0 -1
    outer loop
      vertex -54.5234 -55.187 3
      vertex -53.16 -54.76 3
      vertex -54.26 -55.3581 3
    endloop
  endfacet
  facet normal -0 0 -1
    outer loop
      vertex -53.16 -54.76 3
      vertex -54.5234 -55.187 3
      vertex -53.3744 -53.96 3
    endloop
  endfacet
  facet normal 0 0 -1
    outer loop
      vertex -54.7674 -54.9894 3
      vertex -53.3744 -53.96 3
      vertex -54.5234 -55.187 3
    endloop
  endfacet
  facet normal -0 0 -1
    outer loop
      vertex -53.3744 -53.96 3
      vertex -54.7674 -54.9894 3
      vertex -53.96 -53.3744 3
    endloop
  endfacet
  facet normal 0 0 -1
    outer loop
      vertex -54.9894 -54.7674 3
      vertex -53.96 -53.3744 3
      vertex -54.7674 -54.9894 3
    endloop
  endfacet
  facet normal 0 0 -1
    outer loop
      vertex -55.187 -54.5234 3
      vertex -53.96 -53.3744 3
      vertex -54.9894 -54.7674 3
    endloop
  endfacet
  facet normal -0 0 -1
    outer loop
      vertex -53.96 -53.3744 3
      vertex -55.187 -54.5234 3
      vertex -54.76 -53.16 3
    endloop
  endfacet
  facet normal 0 0 -1
    outer loop
      vertex -55.3581 -54.26 3
      vertex -54.76 -53.16 3
      vertex -55.187 -54.5234 3
    endloop
  endfacet
  facet normal 0 0 -1
    outer loop
      vertex -55.5006 -53.9802 3
      vertex -54.76 -53.16 3
      vertex -55.3581 -54.26 3
    endloop
  endfacet
  facet normal 0 0 -1
    outer loop
      vertex -55.6132 -53.687 3
      vertex -54.76 -53.16 3
      vertex -55.5006 -53.9802 3
    endloop
  endfacet
  facet normal 0 0 -1
    outer loop
      vertex -54.76 -53.16 3
      vertex -55.6132 -53.687 3
      vertex -55.56 -53.3744 3
    endloop
  endfacet
  facet normal 0 0 -1
    outer loop
      vertex -55.56 -53.3744 3
      vertex -55.6132 -53.687 3
      vertex -55.668 -53.4824 3
    endloop
  endfacet
  facet normal -0.965914 0.258865 0
    outer loop
      vertex -53.3744 -55.56 2.4
      vertex -53.16 -54.76 3
      vertex -53.16 -54.76 2.4
    endloop
  endfacet
  facet normal -0.965914 0.258865 0
    outer loop
      vertex -53.16 -54.76 3
      vertex -53.3744 -55.56 2.4
      vertex -53.3744 -55.56 3
    endloop
  endfacet
  facet normal 0.707107 -0.707107 0
    outer loop
      vertex -55.668 -53.4824 2.4
      vertex -55.56 -53.3744 3
      vertex -55.668 -53.4824 3
    endloop
  endfacet
  facet normal 0.707107 -0.707107 0
    outer loop
      vertex -55.56 -53.3744 3
      vertex -55.668 -53.4824 2.4
      vertex -55.56 -53.3744 2.4
    endloop
  endfacet
  facet normal -0.707107 0.707107 0
    outer loop
      vertex -53.4824 -55.668 2.4
      vertex -53.3744 -55.56 3
      vertex -53.3744 -55.56 2.4
    endloop
  endfacet
  facet normal -0.707107 0.707107 0
    outer loop
      vertex -53.3744 -55.56 3
      vertex -53.4824 -55.668 2.4
      vertex -53.4824 -55.668 3
    endloop
  endfacet
  facet normal 0 -1 0
    outer loop
      vertex -55.76 -51.9454 0
      vertex -53.135 -51.9454 2.4
      vertex -55.76 -51.9454 2.4
    endloop
  endfacet
  facet normal 0 -1 -0
    outer loop
      vertex -53.135 -51.9454 2.4
      vertex -55.76 -51.9454 0
      vertex -53.135 -51.9454 0
    endloop
  endfacet
  facet normal -0.866027 -0.499998 0
    outer loop
      vertex -51.51 -54.76 0
      vertex -53.135 -51.9454 2.4
      vertex -53.135 -51.9454 0
    endloop
  endfacet
  facet normal -0.866027 -0.499998 0
    outer loop
      vertex -53.135 -51.9454 2.4
      vertex -51.51 -54.76 0
      vertex -51.51 -54.76 2.4
    endloop
  endfacet
  facet normal 0 0 -1
    outer loop
      vertex -53.16 -54.76 2.4
      vertex -52.0873 -55.76 2.4
      vertex -52.76 -55.76 2.4
    endloop
  endfacet
  facet normal 0 0 -1
    outer loop
      vertex -53.16 -54.76 2.4
      vertex -52.76 -55.76 2.4
      vertex -53.0736 -55.7436 2.4
    endloop
  endfacet
  facet normal 0 0 -1
    outer loop
      vertex -52.0873 -55.76 2.4
      vertex -53.16 -54.76 2.4
      vertex -51.51 -54.76 2.4
    endloop
  endfacet
  facet normal 0 0 -1
    outer loop
      vertex -53.3744 -53.96 2.4
      vertex -51.51 -54.76 2.4
      vertex -53.16 -54.76 2.4
    endloop
  endfacet
  facet normal 0 0 -1
    outer loop
      vertex -53.0736 -55.7436 2.4
      vertex -53.3744 -55.56 2.4
      vertex -53.16 -54.76 2.4
    endloop
  endfacet
  facet normal 0 0 -1
    outer loop
      vertex -53.3837 -55.6944 2.4
      vertex -53.3744 -55.56 2.4
      vertex -53.0736 -55.7436 2.4
    endloop
  endfacet
  facet normal 0 0 -1
    outer loop
      vertex -53.3744 -55.56 2.4
      vertex -53.3837 -55.6944 2.4
      vertex -53.4824 -55.668 2.4
    endloop
  endfacet
  facet normal 0 0 -1
    outer loop
      vertex -51.51 -54.76 2.4
      vertex -53.3744 -53.96 2.4
      vertex -53.135 -51.9454 2.4
    endloop
  endfacet
  facet normal 0 0 -1
    outer loop
      vertex -53.96 -53.3744 2.4
      vertex -53.135 -51.9454 2.4
      vertex -53.3744 -53.96 2.4
    endloop
  endfacet
  facet normal 0 0 -1
    outer loop
      vertex -54.76 -53.16 2.4
      vertex -53.135 -51.9454 2.4
      vertex -53.96 -53.3744 2.4
    endloop
  endfacet
  facet normal 0 0 -1
    outer loop
      vertex -55.7436 -53.0736 2.4
      vertex -54.76 -53.16 2.4
      vertex -55.56 -53.3744 2.4
    endloop
  endfacet
  facet normal 0 0 -1
    outer loop
      vertex -55.6944 -53.3837 2.4
      vertex -55.56 -53.3744 2.4
      vertex -55.668 -53.4824 2.4
    endloop
  endfacet
  facet normal 0 0 -1
    outer loop
      vertex -55.7436 -53.0736 2.4
      vertex -55.56 -53.3744 2.4
      vertex -55.6944 -53.3837 2.4
    endloop
  endfacet
  facet normal 0 0 -1
    outer loop
      vertex -54.76 -53.16 2.4
      vertex -55.7436 -53.0736 2.4
      vertex -55.76 -52.76 2.4
    endloop
  endfacet
  facet normal 0 0 -1
    outer loop
      vertex -55.76 -51.9454 2.4
      vertex -54.76 -53.16 2.4
      vertex -55.76 -52.76 2.4
    endloop
  endfacet
  facet normal 0 0 -1
    outer loop
      vertex -54.76 -53.16 2.4
      vertex -55.76 -51.9454 2.4
      vertex -53.135 -51.9454 2.4
    endloop
  endfacet
  facet normal -0.866044 0.499967 0
    outer loop
      vertex -52.0873 -55.76 0
      vertex -51.51 -54.76 2.4
      vertex -51.51 -54.76 0
    endloop
  endfacet
  facet normal -0.866044 0.499967 0
    outer loop
      vertex -51.51 -54.76 2.4
      vertex -52.0873 -55.76 0
      vertex -52.0873 -55.76 2.4
    endloop
  endfacet
  facet normal 0 -0.500002 -0.866024
    outer loop
      vertex 53.76 9 22.5
      vertex 55.76 13.3301 20
      vertex 55.76 9 22.5
    endloop
  endfacet
  facet normal -0 -0.500002 -0.866024
    outer loop
      vertex 55.76 13.3301 20
      vertex 53.76 9 22.5
      vertex 53.76 13.3301 20
    endloop
  endfacet
  facet normal 0 -0.500002 0.866024
    outer loop
      vertex 53.76 13.3301 15
      vertex 55.76 9 12.5
      vertex 55.76 13.3301 15
    endloop
  endfacet
  facet normal 0 -0.500002 0.866024
    outer loop
      vertex 55.76 9 12.5
      vertex 53.76 13.3301 15
      vertex 53.76 9 12.5
    endloop
  endfacet
  facet normal 0 0.5 -0.866026
    outer loop
      vertex 53.76 4.66987 20
      vertex 55.76 9 22.5
      vertex 55.76 4.66987 20
    endloop
  endfacet
  facet normal 0 0.5 -0.866026
    outer loop
      vertex 55.76 9 22.5
      vertex 53.76 4.66987 20
      vertex 53.76 9 22.5
    endloop
  endfacet
  facet normal 0 1 -0
    outer loop
      vertex 55.76 4.66987 15
      vertex 53.76 4.66987 20
      vertex 55.76 4.66987 20
    endloop
  endfacet
  facet normal 0 1 0
    outer loop
      vertex 53.76 4.66987 20
      vertex 55.76 4.66987 15
      vertex 53.76 4.66987 15
    endloop
  endfacet
  facet normal -0 0.5 0.866026
    outer loop
      vertex 53.76 9 12.5
      vertex 55.76 4.66987 15
      vertex 55.76 9 12.5
    endloop
  endfacet
  facet normal 0 0.5 0.866026
    outer loop
      vertex 55.76 4.66987 15
      vertex 53.76 9 12.5
      vertex 53.76 4.66987 15
    endloop
  endfacet
  facet normal 1 0 0
    outer loop
      vertex 55.76 52.76 29.5
      vertex 55.76 51.9454 2.4
      vertex 55.76 52.76 2.4
    endloop
  endfacet
  facet normal 1 0 0
    outer loop
      vertex 55.76 52.76 29.5
      vertex 55.76 31.3301 15
      vertex 55.76 51.9454 2.4
    endloop
  endfacet
  facet normal 1 0 0
    outer loop
      vertex 55.76 31.3301 15
      vertex 55.76 52.76 29.5
      vertex 55.76 31.3301 20
    endloop
  endfacet
  facet normal 1 0 0
    outer loop
      vertex 55.76 52.76 29.5
      vertex 55.76 27 22.5
      vertex 55.76 31.3301 20
    endloop
  endfacet
  facet normal 1 0 0
    outer loop
      vertex 55.76 22.6699 20
      vertex 55.76 13.3301 20
      vertex 55.76 22.6699 15
    endloop
  endfacet
  facet normal 1 0 0
    outer loop
      vertex 55.76 27 22.5
      vertex 55.76 13.3301 20
      vertex 55.76 22.6699 20
    endloop
  endfacet
  facet normal 1 0 0
    outer loop
      vertex 55.76 9 22.5
      vertex 55.76 27 22.5
      vertex 55.76 52.76 29.5
    endloop
  endfacet
  facet normal 1 0 0
    outer loop
      vertex 55.76 27 22.5
      vertex 55.76 9 22.5
      vertex 55.76 13.3301 20
    endloop
  endfacet
  facet normal 1 0 0
    outer loop
      vertex 55.76 -52.76 29.5
      vertex 55.76 4.66987 15
      vertex 55.76 4.66987 20
    endloop
  endfacet
  facet normal 1 0 0
    outer loop
      vertex 55.76 -52.76 29.5
      vertex 55.76 4.66987 20
      vertex 55.76 9 22.5
    endloop
  endfacet
  facet normal 1 -0 0
    outer loop
      vertex 55.76 -52.76 29.5
      vertex 55.76 9 22.5
      vertex 55.76 52.76 29.5
    endloop
  endfacet
  facet normal 1 0 0
    outer loop
      vertex 55.76 4.66987 15
      vertex 55.76 -52.76 29.5
      vertex 55.76 -51.9454 2.4
    endloop
  endfacet
  facet normal 1 0 0
    outer loop
      vertex 55.76 -51.9454 2.4
      vertex 55.76 -52.76 29.5
      vertex 55.76 -52.76 2.4
    endloop
  endfacet
  facet normal 1 0 0
    outer loop
      vertex 55.76 51.9454 2.4
      vertex 55.76 31.3301 15
      vertex 55.76 51.9454 0
    endloop
  endfacet
  facet normal 1 -0 0
    outer loop
      vertex 55.76 27 12.5
      vertex 55.76 51.9454 0
      vertex 55.76 31.3301 15
    endloop
  endfacet
  facet normal 1 0 0
    outer loop
      vertex 55.76 13.3301 15
      vertex 55.76 22.6699 15
      vertex 55.76 13.3301 20
    endloop
  endfacet
  facet normal 1 0 0
    outer loop
      vertex 55.76 22.6699 15
      vertex 55.76 13.3301 15
      vertex 55.76 27 12.5
    endloop
  endfacet
  facet normal 1 0 0
    outer loop
      vertex 55.76 9 12.5
      vertex 55.76 27 12.5
      vertex 55.76 13.3301 15
    endloop
  endfacet
  facet normal 1 0 0
    outer loop
      vertex 55.76 27 12.5
      vertex 55.76 9 12.5
      vertex 55.76 51.9454 0
    endloop
  endfacet
  facet normal 1 0 0
    outer loop
      vertex 55.76 -51.9454 0
      vertex 55.76 4.66987 15
      vertex 55.76 -51.9454 2.4
    endloop
  endfacet
  facet normal 1 0 0
    outer loop
      vertex 55.76 4.66987 15
      vertex 55.76 -51.9454 0
      vertex 55.76 9 12.5
    endloop
  endfacet
  facet normal 1 0 0
    outer loop
      vertex 55.76 9 12.5
      vertex 55.76 -51.9454 0
      vertex 55.76 51.9454 0
    endloop
  endfacet
  facet normal 0 -1 0
    outer loop
      vertex 53.76 13.3301 15
      vertex 55.76 13.3301 20
      vertex 53.76 13.3301 20
    endloop
  endfacet
  facet normal 0 -1 -0
    outer loop
      vertex 55.76 13.3301 20
      vertex 53.76 13.3301 15
      vertex 55.76 13.3301 15
    endloop
  endfacet
  facet normal 0 -0.500002 -0.866024
    outer loop
      vertex 53.76 27 22.5
      vertex 55.76 31.3301 20
      vertex 55.76 27 22.5
    endloop
  endfacet
  facet normal -0 -0.500002 -0.866024
    outer loop
      vertex 55.76 31.3301 20
      vertex 53.76 27 22.5
      vertex 53.76 31.3301 20
    endloop
  endfacet
  facet normal 0 -0.500002 0.866024
    outer loop
      vertex 53.76 31.3301 15
      vertex 55.76 27 12.5
      vertex 55.76 31.3301 15
    endloop
  endfacet
  facet normal 0 -0.500002 0.866024
    outer loop
      vertex 55.76 27 12.5
      vertex 53.76 31.3301 15
      vertex 53.76 27 12.5
    endloop
  endfacet
  facet normal 0 0.500002 -0.866024
    outer loop
      vertex 53.76 22.6699 20
      vertex 55.76 27 22.5
      vertex 55.76 22.6699 20
    endloop
  endfacet
  facet normal 0 0.500002 -0.866024
    outer loop
      vertex 55.76 27 22.5
      vertex 53.76 22.6699 20
      vertex 53.76 27 22.5
    endloop
  endfacet
  facet normal 0 1 -0
    outer loop
      vertex 55.76 22.6699 15
      vertex 53.76 22.6699 20
      vertex 55.76 22.6699 20
    endloop
  endfacet
  facet normal 0 1 0
    outer loop
      vertex 53.76 22.6699 20
      vertex 55.76 22.6699 15
      vertex 53.76 22.6699 15
    endloop
  endfacet
  facet normal -0 0.500002 0.866024
    outer loop
      vertex 53.76 27 12.5
      vertex 55.76 22.6699 15
      vertex 55.76 27 12.5
    endloop
  endfacet
  facet normal 0 0.500002 0.866024
    outer loop
      vertex 55.76 22.6699 15
      vertex 53.76 27 12.5
      vertex 53.76 22.6699 15
    endloop
  endfacet
  facet normal 0 -1 0
    outer loop
      vertex 53.76 31.3301 15
      vertex 55.76 31.3301 20
      vertex 53.76 31.3301 20
    endloop
  endfacet
  facet normal 0 -1 -0
    outer loop
      vertex 55.76 31.3301 20
      vertex 53.76 31.3301 15
      vertex 55.76 31.3301 15
    endloop
  endfacet
  facet normal 1 0 0
    outer loop
      vertex -11 -10.4339 1.27303
      vertex -11 -7.4432 1.50841
      vertex -11 -7.56056 2.5
    endloop
  endfacet
  facet normal 1 0 0
    outer loop
      vertex -11 -7.4432 1.50841
      vertex -11 -10.4339 1.27303
      vertex -11 -7.38393 0
    endloop
  endfacet
  facet normal 1 0 0
    outer loop
      vertex -11 -7.38393 0
      vertex -11 -10.4339 1.27303
      vertex -11 -10.3839 0
    endloop
  endfacet
  facet normal 1 0 -0
    outer loop
      vertex -11 -10.4339 1.27303
      vertex -11 -7.56056 2.5
      vertex -11 -10.5792 2.5
    endloop
  endfacet
  facet normal 1 -0 0
    outer loop
      vertex -11 -48.1994 2.5
      vertex -11 -45.3261 1.27303
      vertex -11 -45.1808 2.5
    endloop
  endfacet
  facet normal 1 -0 0
    outer loop
      vertex -11 -48.3168 1.50841
      vertex -11 -45.3261 1.27303
      vertex -11 -48.1994 2.5
    endloop
  endfacet
  facet normal 1 0 0
    outer loop
      vertex -11 -45.3261 1.27303
      vertex -11 -48.3168 1.50841
      vertex -11 -45.3761 0
    endloop
  endfacet
  facet normal 1 0 0
    outer loop
      vertex -11 -45.3761 0
      vertex -11 -48.3168 1.50841
      vertex -11 -48.3761 0
    endloop
  endfacet
  facet normal 0 -0.999229 -0.0392627
    outer loop
      vertex -11 -7.38393 0
      vertex 11 -7.4432 1.50841
      vertex -11 -7.4432 1.50841
    endloop
  endfacet
  facet normal 0 -0.999229 -0.0392627
    outer loop
      vertex 11 -7.4432 1.50841
      vertex -11 -7.38393 0
      vertex 11 -7.38393 0
    endloop
  endfacet
  facet normal 0 0.999228 -0.0392826
    outer loop
      vertex 11 -48.3761 0
      vertex -11 -48.3168 1.50841
      vertex 11 -48.3168 1.50841
    endloop
  endfacet
  facet normal 0 0.999228 -0.0392826
    outer loop
      vertex -11 -48.3168 1.50841
      vertex 11 -48.3761 0
      vertex -11 -48.3761 0
    endloop
  endfacet
  facet normal 0 -0.993069 -0.117535
    outer loop
      vertex -11 -7.4432 1.50841
      vertex 11 -7.56056 2.5
      vertex -11 -7.56056 2.5
    endloop
  endfacet
  facet normal 0 -0.993069 -0.117535
    outer loop
      vertex 11 -7.56056 2.5
      vertex -11 -7.4432 1.50841
      vertex 11 -7.4432 1.50841
    endloop
  endfacet
  facet normal -1 0 0
    outer loop
      vertex 11 -45.3261 1.27303
      vertex 11 -48.1994 2.5
      vertex 11 -45.1808 2.5
    endloop
  endfacet
  facet normal -1 0 0
    outer loop
      vertex 11 -48.3168 1.50841
      vertex 11 -45.3261 1.27303
      vertex 11 -45.3761 0
    endloop
  endfacet
  facet normal -1 0 0
    outer loop
      vertex 11 -45.3261 1.27303
      vertex 11 -48.3168 1.50841
      vertex 11 -48.1994 2.5
    endloop
  endfacet
  facet normal -1 0 -0
    outer loop
      vertex 11 -48.3168 1.50841
      vertex 11 -45.3761 0
      vertex 11 -48.3761 0
    endloop
  endfacet
  facet normal -1 0 0
    outer loop
      vertex 11 -10.4339 1.27303
      vertex 11 -7.4432 1.50841
      vertex 11 -7.38393 0
    endloop
  endfacet
  facet normal -1 0 0
    outer loop
      vertex 11 -10.4339 1.27303
      vertex 11 -7.38393 0
      vertex 11 -10.3839 0
    endloop
  endfacet
  facet normal -1 -0 0
    outer loop
      vertex 11 -7.4432 1.50841
      vertex 11 -10.4339 1.27303
      vertex 11 -7.56056 2.5
    endloop
  endfacet
  facet normal -1 -0 0
    outer loop
      vertex 11 -7.56056 2.5
      vertex 11 -10.4339 1.27303
      vertex 11 -10.5792 2.5
    endloop
  endfacet
  facet normal 0 0.993064 -0.117575
    outer loop
      vertex 11 -48.3168 1.50841
      vertex -11 -48.1994 2.5
      vertex 11 -48.1994 2.5
    endloop
  endfacet
  facet normal 0 0.993064 -0.117575
    outer loop
      vertex -11 -48.1994 2.5
      vertex 11 -48.3168 1.50841
      vertex -11 -48.3168 1.50841
    endloop
  endfacet
  facet normal 0 -0.99923 0.0392461
    outer loop
      vertex -11 -45.3761 0
      vertex 11 -45.3261 1.27303
      vertex -11 -45.3261 1.27303
    endloop
  endfacet
  facet normal 0 -0.99923 0.0392461
    outer loop
      vertex 11 -45.3261 1.27303
      vertex -11 -45.3761 0
      vertex 11 -45.3761 0
    endloop
  endfacet
  facet normal 0 0.99923 0.0392461
    outer loop
      vertex 11 -10.3839 0
      vertex -11 -10.4339 1.27303
      vertex 11 -10.4339 1.27303
    endloop
  endfacet
  facet normal 0 0.99923 0.0392461
    outer loop
      vertex -11 -10.4339 1.27303
      vertex 11 -10.3839 0
      vertex -11 -10.3839 0
    endloop
  endfacet
  facet normal 0 0.993061 0.1176
    outer loop
      vertex 11 -10.4339 1.27303
      vertex -11 -10.5792 2.5
      vertex 11 -10.5792 2.5
    endloop
  endfacet
  facet normal 0 0.993061 0.1176
    outer loop
      vertex -11 -10.5792 2.5
      vertex 11 -10.4339 1.27303
      vertex -11 -10.4339 1.27303
    endloop
  endfacet
  facet normal 0 -0.993061 0.1176
    outer loop
      vertex -11 -45.3261 1.27303
      vertex 11 -45.1808 2.5
      vertex -11 -45.1808 2.5
    endloop
  endfacet
  facet normal 0 -0.993061 0.1176
    outer loop
      vertex 11 -45.1808 2.5
      vertex -11 -45.3261 1.27303
      vertex 11 -45.3261 1.27303
    endloop
  endfacet
  facet normal 1 0 0
    outer loop
      vertex -11 45.3261 1.27303
      vertex -11 48.3168 1.50841
      vertex -11 48.1994 2.5
    endloop
  endfacet
  facet normal 1 0 0
    outer loop
      vertex -11 48.3168 1.50841
      vertex -11 45.3261 1.27303
      vertex -11 48.3761 0
    endloop
  endfacet
  facet normal 1 0 0
    outer loop
      vertex -11 48.3761 0
      vertex -11 45.3261 1.27303
      vertex -11 45.3761 0
    endloop
  endfacet
  facet normal 1 0 -0
    outer loop
      vertex -11 45.3261 1.27303
      vertex -11 48.1994 2.5
      vertex -11 45.1808 2.5
    endloop
  endfacet
  facet normal 1 -0 0
    outer loop
      vertex -11 7.56056 2.5
      vertex -11 10.4339 1.27303
      vertex -11 10.5792 2.5
    endloop
  endfacet
  facet normal 1 -0 0
    outer loop
      vertex -11 7.4432 1.50841
      vertex -11 10.4339 1.27303
      vertex -11 7.56056 2.5
    endloop
  endfacet
  facet normal 1 0 0
    outer loop
      vertex -11 10.4339 1.27303
      vertex -11 7.4432 1.50841
      vertex -11 10.3839 0
    endloop
  endfacet
  facet normal 1 0 0
    outer loop
      vertex -11 10.3839 0
      vertex -11 7.4432 1.50841
      vertex -11 7.38393 0
    endloop
  endfacet
  facet normal 0 -0.999228 -0.0392826
    outer loop
      vertex -11 48.3761 0
      vertex 11 48.3168 1.50841
      vertex -11 48.3168 1.50841
    endloop
  endfacet
  facet normal 0 -0.999228 -0.0392826
    outer loop
      vertex 11 48.3168 1.50841
      vertex -11 48.3761 0
      vertex 11 48.3761 0
    endloop
  endfacet
  facet normal 0 0.999229 -0.0392627
    outer loop
      vertex 11 7.38393 0
      vertex -11 7.4432 1.50841
      vertex 11 7.4432 1.50841
    endloop
  endfacet
  facet normal 0 0.999229 -0.0392627
    outer loop
      vertex -11 7.4432 1.50841
      vertex 11 7.38393 0
      vertex -11 7.38393 0
    endloop
  endfacet
  facet normal 0 -0.993064 -0.117575
    outer loop
      vertex -11 48.3168 1.50841
      vertex 11 48.1994 2.5
      vertex -11 48.1994 2.5
    endloop
  endfacet
  facet normal 0 -0.993064 -0.117575
    outer loop
      vertex 11 48.1994 2.5
      vertex -11 48.3168 1.50841
      vertex 11 48.3168 1.50841
    endloop
  endfacet
  facet normal -1 0 0
    outer loop
      vertex 11 10.4339 1.27303
      vertex 11 7.56056 2.5
      vertex 11 10.5792 2.5
    endloop
  endfacet
  facet normal -1 0 0
    outer loop
      vertex 11 7.4432 1.50841
      vertex 11 10.4339 1.27303
      vertex 11 10.3839 0
    endloop
  endfacet
  facet normal -1 0 0
    outer loop
      vertex 11 10.4339 1.27303
      vertex 11 7.4432 1.50841
      vertex 11 7.56056 2.5
    endloop
  endfacet
  facet normal -1 0 -0
    outer loop
      vertex 11 7.4432 1.50841
      vertex 11 10.3839 0
      vertex 11 7.38393 0
    endloop
  endfacet
  facet normal -1 0 0
    outer loop
      vertex 11 45.3261 1.27303
      vertex 11 48.3168 1.50841
      vertex 11 48.3761 0
    endloop
  endfacet
  facet normal -1 0 0
    outer loop
      vertex 11 45.3261 1.27303
      vertex 11 48.3761 0
      vertex 11 45.3761 0
    endloop
  endfacet
  facet normal -1 -0 0
    outer loop
      vertex 11 48.3168 1.50841
      vertex 11 45.3261 1.27303
      vertex 11 48.1994 2.5
    endloop
  endfacet
  facet normal -1 -0 0
    outer loop
      vertex 11 48.1994 2.5
      vertex 11 45.3261 1.27303
      vertex 11 45.1808 2.5
    endloop
  endfacet
  facet normal 0 0.993069 -0.117535
    outer loop
      vertex 11 7.4432 1.50841
      vertex 9.76 7.56056 2.5
      vertex 11 7.56056 2.5
    endloop
  endfacet
  facet normal 0 0.993069 -0.117535
    outer loop
      vertex 9.76 7.56056 2.5
      vertex 11 7.4432 1.50841
      vertex 8.26 7.56056 2.5
    endloop
  endfacet
  facet normal 0 0.993069 -0.117535
    outer loop
      vertex -11 7.4432 1.50841
      vertex 8.26 7.56056 2.5
      vertex 11 7.4432 1.50841
    endloop
  endfacet
  facet normal 0 0.993069 -0.117535
    outer loop
      vertex 8.26 7.56056 2.5
      vertex -11 7.4432 1.50841
      vertex -11 7.56056 2.5
    endloop
  endfacet
  facet normal 0 -0.99923 0.0392461
    outer loop
      vertex -11 10.3839 0
      vertex 11 10.4339 1.27303
      vertex -11 10.4339 1.27303
    endloop
  endfacet
  facet normal 0 -0.99923 0.0392461
    outer loop
      vertex 11 10.4339 1.27303
      vertex -11 10.3839 0
      vertex 11 10.3839 0
    endloop
  endfacet
  facet normal 0 0.99923 0.0392461
    outer loop
      vertex 11 45.3761 0
      vertex -11 45.3261 1.27303
      vertex 11 45.3261 1.27303
    endloop
  endfacet
  facet normal 0 0.99923 0.0392461
    outer loop
      vertex -11 45.3261 1.27303
      vertex 11 45.3761 0
      vertex -11 45.3761 0
    endloop
  endfacet
  facet normal 0 0.993061 0.1176
    outer loop
      vertex 11 45.3261 1.27303
      vertex -11 45.1808 2.5
      vertex 11 45.1808 2.5
    endloop
  endfacet
  facet normal 0 0.993061 0.1176
    outer loop
      vertex -11 45.1808 2.5
      vertex 11 45.3261 1.27303
      vertex -11 45.3261 1.27303
    endloop
  endfacet
  facet normal 0 -0.993061 0.1176
    outer loop
      vertex -11 10.4339 1.27303
      vertex 8.26 10.5792 2.5
      vertex -11 10.5792 2.5
    endloop
  endfacet
  facet normal 0 -0.993061 0.1176
    outer loop
      vertex 11 10.4339 1.27303
      vertex 8.26 10.5792 2.5
      vertex -11 10.4339 1.27303
    endloop
  endfacet
  facet normal 0 -0.993061 0.1176
    outer loop
      vertex 8.26 10.5792 2.5
      vertex 11 10.4339 1.27303
      vertex 9.76 10.5792 2.5
    endloop
  endfacet
  facet normal 0 -0.993061 0.1176
    outer loop
      vertex 9.76 10.5792 2.5
      vertex 11 10.4339 1.27303
      vertex 11 10.5792 2.5
    endloop
  endfacet
  facet normal 0 1 -0
    outer loop
      vertex 52.0873 55.76 0
      vertex -52.0873 55.76 2.4
      vertex 52.0873 55.76 2.4
    endloop
  endfacet
  facet normal 0 1 0
    outer loop
      vertex -52.0873 55.76 2.4
      vertex 52.0873 55.76 0
      vertex -52.0873 55.76 0
    endloop
  endfacet
  facet normal 0 1 0
    outer loop
      vertex 52.0873 55.76 2.4
      vertex 52.76 55.76 29.5
      vertex 52.76 55.76 2.4
    endloop
  endfacet
  facet normal 0 1 0
    outer loop
      vertex 52.76 55.76 29.5
      vertex 52.0873 55.76 2.4
      vertex -52.76 55.76 29.5
    endloop
  endfacet
  facet normal 0 1 -0
    outer loop
      vertex -52.0873 55.76 2.4
      vertex -52.76 55.76 29.5
      vertex 52.0873 55.76 2.4
    endloop
  endfacet
  facet normal 0 1 0
    outer loop
      vertex -52.76 55.76 29.5
      vertex -52.0873 55.76 2.4
      vertex -52.76 55.76 2.4
    endloop
  endfacet
  facet normal 0.96604 -0.258394 0
    outer loop
      vertex 55.6944 -53.3837 29.5
      vertex 55.668 -53.4824 3
      vertex 55.6944 -53.3837 2.4
    endloop
  endfacet
  facet normal 0.965981 -0.258614 8.79754e-07
    outer loop
      vertex 55.6132 -53.687 29.5
      vertex 55.668 -53.4824 3
      vertex 55.6944 -53.3837 29.5
    endloop
  endfacet
  facet normal 0.965952 -0.25872 0
    outer loop
      vertex 55.668 -53.4824 3
      vertex 55.6132 -53.687 29.5
      vertex 55.6132 -53.687 3
    endloop
  endfacet
  facet normal 0.96604 -0.258394 0
    outer loop
      vertex 55.6944 -53.3837 2.4
      vertex 55.668 -53.4824 3
      vertex 55.668 -53.4824 2.4
    endloop
  endfacet
  facet normal 0.933526 -0.35851 0
    outer loop
      vertex 55.5006 -53.9802 29.5
      vertex 55.6132 -53.687 3
      vertex 55.6132 -53.687 29.5
    endloop
  endfacet
  facet normal 0.933526 -0.35851 0
    outer loop
      vertex 55.6132 -53.687 3
      vertex 55.5006 -53.9802 29.5
      vertex 55.5006 -53.9802 3
    endloop
  endfacet
  facet normal -0.891091 0.453826 0
    outer loop
      vertex -55.5006 53.9802 3
      vertex -55.3581 54.26 29.5
      vertex -55.3581 54.26 3
    endloop
  endfacet
  facet normal -0.891091 0.453826 0
    outer loop
      vertex -55.3581 54.26 29.5
      vertex -55.5006 53.9802 3
      vertex -55.5006 53.9802 29.5
    endloop
  endfacet
  facet normal -0.629345 0.777126 0
    outer loop
      vertex -54.5234 55.187 3
      vertex -54.7674 54.9894 29.5
      vertex -54.5234 55.187 29.5
    endloop
  endfacet
  facet normal -0.629345 0.777126 0
    outer loop
      vertex -54.7674 54.9894 29.5
      vertex -54.5234 55.187 3
      vertex -54.7674 54.9894 3
    endloop
  endfacet
  facet normal 0.777126 -0.629345 0
    outer loop
      vertex 54.9894 -54.7674 29.5
      vertex 55.187 -54.5234 3
      vertex 55.187 -54.5234 29.5
    endloop
  endfacet
  facet normal 0.777126 -0.629345 0
    outer loop
      vertex 55.187 -54.5234 3
      vertex 54.9894 -54.7674 29.5
      vertex 54.9894 -54.7674 3
    endloop
  endfacet
  facet normal -1 0 0
    outer loop
      vertex -55.76 51.9454 0
      vertex -55.76 2 14.5
      vertex -55.76 51.9454 2.4
    endloop
  endfacet
  facet normal -1 0 0
    outer loop
      vertex -55.76 51.9454 0
      vertex -55.76 -2 14.5
      vertex -55.76 2 14.5
    endloop
  endfacet
  facet normal -1 0 0
    outer loop
      vertex -55.76 -51.9454 2.4
      vertex -55.76 -2 14.5
      vertex -55.76 -51.9454 0
    endloop
  endfacet
  facet normal -1 0 0
    outer loop
      vertex -55.76 -51.9454 0
      vertex -55.76 -2 14.5
      vertex -55.76 51.9454 0
    endloop
  endfacet
  facet normal -1 0 0
    outer loop
      vertex -55.76 51.9454 2.4
      vertex -55.76 52.76 29.5
      vertex -55.76 52.76 2.4
    endloop
  endfacet
  facet normal -1 0 0
    outer loop
      vertex -55.76 2 14.5
      vertex -55.76 52.76 29.5
      vertex -55.76 51.9454 2.4
    endloop
  endfacet
  facet normal -1 0 0
    outer loop
      vertex -55.76 2 20.5
      vertex -55.76 52.76 29.5
      vertex -55.76 2 14.5
    endloop
  endfacet
  facet normal -1 0 0
    outer loop
      vertex -55.76 -2 20.5
      vertex -55.76 52.76 29.5
      vertex -55.76 2 20.5
    endloop
  endfacet
  facet normal -1 0 0
    outer loop
      vertex -55.76 -52.76 29.5
      vertex -55.76 -2 14.5
      vertex -55.76 -51.9454 2.4
    endloop
  endfacet
  facet normal -1 0 0
    outer loop
      vertex -55.76 -52.76 29.5
      vertex -55.76 -51.9454 2.4
      vertex -55.76 -52.76 2.4
    endloop
  endfacet
  facet normal -1 0 0
    outer loop
      vertex -55.76 -2 20.5
      vertex -55.76 -52.76 29.5
      vertex -55.76 52.76 29.5
    endloop
  endfacet
  facet normal -1 0 0
    outer loop
      vertex -55.76 -2 14.5
      vertex -55.76 -52.76 29.5
      vertex -55.76 -2 20.5
    endloop
  endfacet
  facet normal -0.156699 -0.987646 0
    outer loop
      vertex -53.3837 -55.6944 2.4
      vertex -53.0736 -55.7436 29.5
      vertex -53.3837 -55.6944 29.5
    endloop
  endfacet
  facet normal -0.156699 -0.987646 -0
    outer loop
      vertex -53.0736 -55.7436 29.5
      vertex -53.3837 -55.6944 2.4
      vertex -53.0736 -55.7436 2.4
    endloop
  endfacet
  facet normal -0.987646 -0.156699 0
    outer loop
      vertex -55.6944 -53.3837 2.4
      vertex -55.7436 -53.0736 29.5
      vertex -55.7436 -53.0736 2.4
    endloop
  endfacet
  facet normal -0.987646 -0.156699 0
    outer loop
      vertex -55.7436 -53.0736 29.5
      vertex -55.6944 -53.3837 2.4
      vertex -55.6944 -53.3837 29.5
    endloop
  endfacet
  facet normal 0.777126 0.629345 0
    outer loop
      vertex 55.187 54.5234 29.5
      vertex 54.9894 54.7674 3
      vertex 54.9894 54.7674 29.5
    endloop
  endfacet
  facet normal 0.777126 0.629345 0
    outer loop
      vertex 54.9894 54.7674 3
      vertex 55.187 54.5234 29.5
      vertex 55.187 54.5234 3
    endloop
  endfacet
  facet normal -0.258614 -0.965981 0
    outer loop
      vertex -53.687 -55.6132 3
      vertex -53.3837 -55.6944 29.5
      vertex -53.687 -55.6132 29.5
    endloop
  endfacet
  facet normal -0.25872 -0.965952 1.30411e-06
    outer loop
      vertex -53.4824 -55.668 3
      vertex -53.3837 -55.6944 29.5
      vertex -53.687 -55.6132 3
    endloop
  endfacet
  facet normal -0.258394 -0.96604 0
    outer loop
      vertex -53.3837 -55.6944 2.4
      vertex -53.4824 -55.668 3
      vertex -53.4824 -55.668 2.4
    endloop
  endfacet
  facet normal -0.258394 -0.96604 0
    outer loop
      vertex -53.4824 -55.668 3
      vertex -53.3837 -55.6944 2.4
      vertex -53.3837 -55.6944 29.5
    endloop
  endfacet
  facet normal 0.891091 -0.453826 0
    outer loop
      vertex 55.3581 -54.26 29.5
      vertex 55.5006 -53.9802 3
      vertex 55.5006 -53.9802 29.5
    endloop
  endfacet
  facet normal 0.891091 -0.453826 0
    outer loop
      vertex 55.5006 -53.9802 3
      vertex 55.3581 -54.26 29.5
      vertex 55.3581 -54.26 3
    endloop
  endfacet
  facet normal 0 -1 0
    outer loop
      vertex -52.0873 -55.76 0
      vertex 52.0873 -55.76 2.4
      vertex -52.0873 -55.76 2.4
    endloop
  endfacet
  facet normal 0 -1 -0
    outer loop
      vertex 52.0873 -55.76 2.4
      vertex -52.0873 -55.76 0
      vertex 52.0873 -55.76 0
    endloop
  endfacet
  facet normal 0 -1 0
    outer loop
      vertex -52.0873 -55.76 2.4
      vertex -52.76 -55.76 29.5
      vertex -52.76 -55.76 2.4
    endloop
  endfacet
  facet normal 0 -1 0
    outer loop
      vertex -52.76 -55.76 29.5
      vertex -52.0873 -55.76 2.4
      vertex 52.76 -55.76 29.5
    endloop
  endfacet
  facet normal 0 -1 0
    outer loop
      vertex 52.0873 -55.76 2.4
      vertex 52.76 -55.76 29.5
      vertex -52.0873 -55.76 2.4
    endloop
  endfacet
  facet normal 0 -1 -0
    outer loop
      vertex 52.76 -55.76 29.5
      vertex 52.0873 -55.76 2.4
      vertex 52.76 -55.76 2.4
    endloop
  endfacet
  facet normal -0.998635 0.0522246 0
    outer loop
      vertex -55.76 52.76 2.4
      vertex -55.7436 53.0736 29.5
      vertex -55.7436 53.0736 2.4
    endloop
  endfacet
  facet normal -0.998635 0.0522246 0
    outer loop
      vertex -55.7436 53.0736 29.5
      vertex -55.76 52.76 2.4
      vertex -55.76 52.76 29.5
    endloop
  endfacet
  facet normal -0.777126 0.629345 0
    outer loop
      vertex -55.187 54.5234 3
      vertex -54.9894 54.7674 29.5
      vertex -54.9894 54.7674 3
    endloop
  endfacet
  facet normal -0.777126 0.629345 0
    outer loop
      vertex -54.9894 54.7674 29.5
      vertex -55.187 54.5234 3
      vertex -55.187 54.5234 29.5
    endloop
  endfacet
  facet normal -0.96604 0.258394 0
    outer loop
      vertex -55.668 53.4824 2.4
      vertex -55.6944 53.3837 2.4
      vertex -55.668 53.4824 3
    endloop
  endfacet
  facet normal -0.965952 0.25872 0
    outer loop
      vertex -55.668 53.4824 3
      vertex -55.6132 53.687 29.5
      vertex -55.6132 53.687 3
    endloop
  endfacet
  facet normal -0.96604 0.258394 0
    outer loop
      vertex -55.6944 53.3837 29.5
      vertex -55.668 53.4824 3
      vertex -55.6944 53.3837 2.4
    endloop
  endfacet
  facet normal -0.965981 0.258614 8.79754e-07
    outer loop
      vertex -55.668 53.4824 3
      vertex -55.6944 53.3837 29.5
      vertex -55.6132 53.687 29.5
    endloop
  endfacet
  facet normal -0.707107 0.707107 0
    outer loop
      vertex -54.9894 54.7674 3
      vertex -54.7674 54.9894 29.5
      vertex -54.7674 54.9894 3
    endloop
  endfacet
  facet normal -0.707107 0.707107 0
    outer loop
      vertex -54.7674 54.9894 29.5
      vertex -54.9894 54.7674 3
      vertex -54.9894 54.7674 29.5
    endloop
  endfacet
  facet normal 0 0 1
    outer loop
      vertex 53.6621 52.378 29.5
      vertex 55.76 52.76 29.5
      vertex 55.7436 53.0736 29.5
    endloop
  endfacet
  facet normal 0 0 1
    outer loop
      vertex 55.76 52.76 29.5
      vertex 53.76 51.76 29.5
      vertex 55.76 -52.76 29.5
    endloop
  endfacet
  facet normal 0 0 1
    outer loop
      vertex 53.5871 52.5735 29.5
      vertex 55.7436 53.0736 29.5
      vertex 55.6944 53.3837 29.5
    endloop
  endfacet
  facet normal -0 0 1
    outer loop
      vertex 53.76 -51.76 29.5
      vertex 55.76 -52.76 29.5
      vertex 53.76 51.76 29.5
    endloop
  endfacet
  facet normal 0 0 1
    outer loop
      vertex 53.4921 52.76 29.5
      vertex 55.6944 53.3837 29.5
      vertex 55.6132 53.687 29.5
    endloop
  endfacet
  facet normal -0 0 1
    outer loop
      vertex 53.749 -51.9691 29.5
      vertex 55.76 -52.76 29.5
      vertex 53.76 -51.76 29.5
    endloop
  endfacet
  facet normal 0 0 1
    outer loop
      vertex 53.4921 52.76 29.5
      vertex 55.6132 53.687 29.5
      vertex 55.5006 53.9802 29.5
    endloop
  endfacet
  facet normal -0 0 1
    outer loop
      vertex 53.7163 -52.1758 29.5
      vertex 55.76 -52.76 29.5
      vertex 53.749 -51.9691 29.5
    endloop
  endfacet
  facet normal 0 0 1
    outer loop
      vertex 53.378 52.9356 29.5
      vertex 55.5006 53.9802 29.5
      vertex 55.3581 54.26 29.5
    endloop
  endfacet
  facet normal -0 0 1
    outer loop
      vertex 53.6621 -52.378 29.5
      vertex 55.76 -52.76 29.5
      vertex 53.7163 -52.1758 29.5
    endloop
  endfacet
  facet normal 0 0 1
    outer loop
      vertex 53.378 52.9356 29.5
      vertex 55.3581 54.26 29.5
      vertex 55.187 54.5234 29.5
    endloop
  endfacet
  facet normal 0 0 1
    outer loop
      vertex 55.76 -52.76 29.5
      vertex 53.6621 -52.378 29.5
      vertex 55.7436 -53.0736 29.5
    endloop
  endfacet
  facet normal 0 0 1
    outer loop
      vertex 53.2463 53.0983 29.5
      vertex 55.187 54.5234 29.5
      vertex 54.9894 54.7674 29.5
    endloop
  endfacet
  facet normal -0 0 1
    outer loop
      vertex 53.5871 -52.5735 29.5
      vertex 55.7436 -53.0736 29.5
      vertex 53.6621 -52.378 29.5
    endloop
  endfacet
  facet normal 0 0 1
    outer loop
      vertex 53.2463 53.0983 29.5
      vertex 54.9894 54.7674 29.5
      vertex 54.7674 54.9894 29.5
    endloop
  endfacet
  facet normal 0 0 1
    outer loop
      vertex 55.7436 -53.0736 29.5
      vertex 53.5871 -52.5735 29.5
      vertex 55.6944 -53.3837 29.5
    endloop
  endfacet
  facet normal 0 0 1
    outer loop
      vertex 53.0983 53.2463 29.5
      vertex 54.7674 54.9894 29.5
      vertex 54.5234 55.187 29.5
    endloop
  endfacet
  facet normal -0 0 1
    outer loop
      vertex 53.4921 -52.76 29.5
      vertex 55.6944 -53.3837 29.5
      vertex 53.5871 -52.5735 29.5
    endloop
  endfacet
  facet normal 0 0 1
    outer loop
      vertex 52.9356 53.378 29.5
      vertex 54.5234 55.187 29.5
      vertex 54.26 55.3581 29.5
    endloop
  endfacet
  facet normal 0 0 1
    outer loop
      vertex 55.6944 -53.3837 29.5
      vertex 53.4921 -52.76 29.5
      vertex 55.6132 -53.687 29.5
    endloop
  endfacet
  facet normal 0 0 1
    outer loop
      vertex 52.9356 53.378 29.5
      vertex 54.26 55.3581 29.5
      vertex 53.9802 55.5006 29.5
    endloop
  endfacet
  facet normal 0 0 1
    outer loop
      vertex 55.6132 -53.687 29.5
      vertex 53.4921 -52.76 29.5
      vertex 55.5006 -53.9802 29.5
    endloop
  endfacet
  facet normal -0 0 1
    outer loop
      vertex 53.378 -52.9356 29.5
      vertex 55.5006 -53.9802 29.5
      vertex 53.4921 -52.76 29.5
    endloop
  endfacet
  facet normal 0 0 1
    outer loop
      vertex 55.76 52.76 29.5
      vertex 53.749 51.9691 29.5
      vertex 53.76 51.76 29.5
    endloop
  endfacet
  facet normal 0 0 1
    outer loop
      vertex 55.76 52.76 29.5
      vertex 53.7163 52.1758 29.5
      vertex 53.749 51.9691 29.5
    endloop
  endfacet
  facet normal 0 0 1
    outer loop
      vertex 52.76 53.4921 29.5
      vertex 53.9802 55.5006 29.5
      vertex 53.687 55.6132 29.5
    endloop
  endfacet
  facet normal 0 0 1
    outer loop
      vertex 55.76 52.76 29.5
      vertex 53.6621 52.378 29.5
      vertex 53.7163 52.1758 29.5
    endloop
  endfacet
  facet normal 0 0 1
    outer loop
      vertex 55.7436 53.0736 29.5
      vertex 53.5871 52.5735 29.5
      vertex 53.6621 52.378 29.5
    endloop
  endfacet
  facet normal 0 0 1
    outer loop
      vertex 55.6944 53.3837 29.5
      vertex 53.4921 52.76 29.5
      vertex 53.5871 52.5735 29.5
    endloop
  endfacet
  facet normal 0 0 1
    outer loop
      vertex 52.76 53.4921 29.5
      vertex 53.687 55.6132 29.5
      vertex 53.3837 55.6944 29.5
    endloop
  endfacet
  facet normal 0 0 1
    outer loop
      vertex 55.5006 53.9802 29.5
      vertex 53.378 52.9356 29.5
      vertex 53.4921 52.76 29.5
    endloop
  endfacet
  facet normal 0 0 1
    outer loop
      vertex 55.187 54.5234 29.5
      vertex 53.2463 53.0983 29.5
      vertex 53.378 52.9356 29.5
    endloop
  endfacet
  facet normal 0 0 1
    outer loop
      vertex 54.7674 54.9894 29.5
      vertex 53.0983 53.2463 29.5
      vertex 53.2463 53.0983 29.5
    endloop
  endfacet
  facet normal 0 0 1
    outer loop
      vertex 52.5735 53.5871 29.5
      vertex 53.3837 55.6944 29.5
      vertex 53.0736 55.7436 29.5
    endloop
  endfacet
  facet normal 0 0 1
    outer loop
      vertex 54.5234 55.187 29.5
      vertex 52.9356 53.378 29.5
      vertex 53.0983 53.2463 29.5
    endloop
  endfacet
  facet normal 0 0 1
    outer loop
      vertex 52.378 53.6621 29.5
      vertex 53.0736 55.7436 29.5
      vertex 52.76 55.76 29.5
    endloop
  endfacet
  facet normal 0 0 1
    outer loop
      vertex 53.9802 55.5006 29.5
      vertex 52.76 53.4921 29.5
      vertex 52.9356 53.378 29.5
    endloop
  endfacet
  facet normal 0 0 1
    outer loop
      vertex 53.3837 55.6944 29.5
      vertex 52.5735 53.5871 29.5
      vertex 52.76 53.4921 29.5
    endloop
  endfacet
  facet normal 0 0 1
    outer loop
      vertex 53.0736 55.7436 29.5
      vertex 52.378 53.6621 29.5
      vertex 52.5735 53.5871 29.5
    endloop
  endfacet
  facet normal 0 0 1
    outer loop
      vertex 52.76 55.76 29.5
      vertex 52.1758 53.7163 29.5
      vertex 52.378 53.6621 29.5
    endloop
  endfacet
  facet normal 0 0 1
    outer loop
      vertex 52.76 55.76 29.5
      vertex 51.9691 53.749 29.5
      vertex 52.1758 53.7163 29.5
    endloop
  endfacet
  facet normal 0 0 1
    outer loop
      vertex 52.76 55.76 29.5
      vertex 51.76 53.76 29.5
      vertex 51.9691 53.749 29.5
    endloop
  endfacet
  facet normal 0 0 1
    outer loop
      vertex 52.76 55.76 29.5
      vertex -51.76 53.76 29.5
      vertex 51.76 53.76 29.5
    endloop
  endfacet
  facet normal -0 0 1
    outer loop
      vertex -52.76 55.76 29.5
      vertex -51.76 53.76 29.5
      vertex 52.76 55.76 29.5
    endloop
  endfacet
  facet normal 0 0 1
    outer loop
      vertex -52.76 55.76 29.5
      vertex -51.9691 53.749 29.5
      vertex -51.76 53.76 29.5
    endloop
  endfacet
  facet normal 0 0 1
    outer loop
      vertex -52.76 55.76 29.5
      vertex -52.1758 53.7163 29.5
      vertex -51.9691 53.749 29.5
    endloop
  endfacet
  facet normal 0 0 1
    outer loop
      vertex -52.76 55.76 29.5
      vertex -52.378 53.6621 29.5
      vertex -52.1758 53.7163 29.5
    endloop
  endfacet
  facet normal -0 0 1
    outer loop
      vertex -53.0736 55.7436 29.5
      vertex -52.378 53.6621 29.5
      vertex -52.76 55.76 29.5
    endloop
  endfacet
  facet normal 0 0 1
    outer loop
      vertex -52.378 53.6621 29.5
      vertex -53.0736 55.7436 29.5
      vertex -52.5735 53.5871 29.5
    endloop
  endfacet
  facet normal -0 0 1
    outer loop
      vertex -53.3837 55.6944 29.5
      vertex -52.5735 53.5871 29.5
      vertex -53.0736 55.7436 29.5
    endloop
  endfacet
  facet normal 0 0 1
    outer loop
      vertex -52.5735 53.5871 29.5
      vertex -53.3837 55.6944 29.5
      vertex -52.76 53.4921 29.5
    endloop
  endfacet
  facet normal -0 0 1
    outer loop
      vertex -53.687 55.6132 29.5
      vertex -52.76 53.4921 29.5
      vertex -53.3837 55.6944 29.5
    endloop
  endfacet
  facet normal -0 0 1
    outer loop
      vertex -53.9802 55.5006 29.5
      vertex -52.76 53.4921 29.5
      vertex -53.687 55.6132 29.5
    endloop
  endfacet
  facet normal 0 0 1
    outer loop
      vertex -52.76 53.4921 29.5
      vertex -53.9802 55.5006 29.5
      vertex -52.9356 53.378 29.5
    endloop
  endfacet
  facet normal -0 0 1
    outer loop
      vertex -54.26 55.3581 29.5
      vertex -52.9356 53.378 29.5
      vertex -53.9802 55.5006 29.5
    endloop
  endfacet
  facet normal -0 0 1
    outer loop
      vertex -54.5234 55.187 29.5
      vertex -52.9356 53.378 29.5
      vertex -54.26 55.3581 29.5
    endloop
  endfacet
  facet normal 0 0 1
    outer loop
      vertex -52.9356 53.378 29.5
      vertex -54.5234 55.187 29.5
      vertex -53.0983 53.2463 29.5
    endloop
  endfacet
  facet normal -0 0 1
    outer loop
      vertex -54.7674 54.9894 29.5
      vertex -53.0983 53.2463 29.5
      vertex -54.5234 55.187 29.5
    endloop
  endfacet
  facet normal 0 0 1
    outer loop
      vertex -53.0983 53.2463 29.5
      vertex -54.7674 54.9894 29.5
      vertex -53.2463 53.0983 29.5
    endloop
  endfacet
  facet normal -0 0 1
    outer loop
      vertex -54.9894 54.7674 29.5
      vertex -53.2463 53.0983 29.5
      vertex -54.7674 54.9894 29.5
    endloop
  endfacet
  facet normal -0 0 1
    outer loop
      vertex -55.187 54.5234 29.5
      vertex -53.2463 53.0983 29.5
      vertex -54.9894 54.7674 29.5
    endloop
  endfacet
  facet normal 0 0 1
    outer loop
      vertex -53.2463 53.0983 29.5
      vertex -55.187 54.5234 29.5
      vertex -53.378 52.9356 29.5
    endloop
  endfacet
  facet normal -0 0 1
    outer loop
      vertex -55.5006 53.9802 29.5
      vertex -53.378 52.9356 29.5
      vertex -55.3581 54.26 29.5
    endloop
  endfacet
  facet normal -0 0 1
    outer loop
      vertex -55.3581 54.26 29.5
      vertex -53.378 52.9356 29.5
      vertex -55.187 54.5234 29.5
    endloop
  endfacet
  facet normal 0 0 1
    outer loop
      vertex 55.5006 -53.9802 29.5
      vertex 53.378 -52.9356 29.5
      vertex 55.3581 -54.26 29.5
    endloop
  endfacet
  facet normal 0 0 1
    outer loop
      vertex 55.3581 -54.26 29.5
      vertex 53.378 -52.9356 29.5
      vertex 55.187 -54.5234 29.5
    endloop
  endfacet
  facet normal -0 0 1
    outer loop
      vertex 53.2463 -53.0983 29.5
      vertex 55.187 -54.5234 29.5
      vertex 53.378 -52.9356 29.5
    endloop
  endfacet
  facet normal 0 0 1
    outer loop
      vertex 55.187 -54.5234 29.5
      vertex 53.2463 -53.0983 29.5
      vertex 54.9894 -54.7674 29.5
    endloop
  endfacet
  facet normal 0 0 1
    outer loop
      vertex 54.9894 -54.7674 29.5
      vertex 53.2463 -53.0983 29.5
      vertex 54.7674 -54.9894 29.5
    endloop
  endfacet
  facet normal -0 0 1
    outer loop
      vertex 53.0983 -53.2463 29.5
      vertex 54.7674 -54.9894 29.5
      vertex 53.2463 -53.0983 29.5
    endloop
  endfacet
  facet normal 0 0 1
    outer loop
      vertex 54.7674 -54.9894 29.5
      vertex 53.0983 -53.2463 29.5
      vertex 54.5234 -55.187 29.5
    endloop
  endfacet
  facet normal -0 0 1
    outer loop
      vertex 52.9356 -53.378 29.5
      vertex 54.5234 -55.187 29.5
      vertex 53.0983 -53.2463 29.5
    endloop
  endfacet
  facet normal 0 0 1
    outer loop
      vertex 54.5234 -55.187 29.5
      vertex 52.9356 -53.378 29.5
      vertex 54.26 -55.3581 29.5
    endloop
  endfacet
  facet normal 0 0 1
    outer loop
      vertex 54.26 -55.3581 29.5
      vertex 52.9356 -53.378 29.5
      vertex 53.9802 -55.5006 29.5
    endloop
  endfacet
  facet normal -0 0 1
    outer loop
      vertex 52.76 -53.4921 29.5
      vertex 53.9802 -55.5006 29.5
      vertex 52.9356 -53.378 29.5
    endloop
  endfacet
  facet normal 0 0 1
    outer loop
      vertex 53.9802 -55.5006 29.5
      vertex 52.76 -53.4921 29.5
      vertex 53.687 -55.6132 29.5
    endloop
  endfacet
  facet normal 0 0 1
    outer loop
      vertex 53.687 -55.6132 29.5
      vertex 52.76 -53.4921 29.5
      vertex 53.3837 -55.6944 29.5
    endloop
  endfacet
  facet normal -0 0 1
    outer loop
      vertex 52.5735 -53.5871 29.5
      vertex 53.3837 -55.6944 29.5
      vertex 52.76 -53.4921 29.5
    endloop
  endfacet
  facet normal 0 0 1
    outer loop
      vertex 53.3837 -55.6944 29.5
      vertex 52.5735 -53.5871 29.5
      vertex 53.0736 -55.7436 29.5
    endloop
  endfacet
  facet normal -0 0 1
    outer loop
      vertex 52.378 -53.6621 29.5
      vertex 53.0736 -55.7436 29.5
      vertex 52.5735 -53.5871 29.5
    endloop
  endfacet
  facet normal 0 0 1
    outer loop
      vertex 53.0736 -55.7436 29.5
      vertex 52.378 -53.6621 29.5
      vertex 52.76 -55.76 29.5
    endloop
  endfacet
  facet normal -0 0 1
    outer loop
      vertex 52.1758 -53.7163 29.5
      vertex 52.76 -55.76 29.5
      vertex 52.378 -53.6621 29.5
    endloop
  endfacet
  facet normal -0 0 1
    outer loop
      vertex 51.9691 -53.749 29.5
      vertex 52.76 -55.76 29.5
      vertex 52.1758 -53.7163 29.5
    endloop
  endfacet
  facet normal -0 0 1
    outer loop
      vertex 51.76 -53.76 29.5
      vertex 52.76 -55.76 29.5
      vertex 51.9691 -53.749 29.5
    endloop
  endfacet
  facet normal -0 0 1
    outer loop
      vertex -51.76 -53.76 29.5
      vertex 52.76 -55.76 29.5
      vertex 51.76 -53.76 29.5
    endloop
  endfacet
  facet normal 0 0 1
    outer loop
      vertex -51.76 -53.76 29.5
      vertex -52.76 -55.76 29.5
      vertex 52.76 -55.76 29.5
    endloop
  endfacet
  facet normal 0 0 1
    outer loop
      vertex -51.9691 -53.749 29.5
      vertex -52.76 -55.76 29.5
      vertex -51.76 -53.76 29.5
    endloop
  endfacet
  facet normal 0 0 1
    outer loop
      vertex -52.1758 -53.7163 29.5
      vertex -52.76 -55.76 29.5
      vertex -51.9691 -53.749 29.5
    endloop
  endfacet
  facet normal 0 0 1
    outer loop
      vertex -52.378 -53.6621 29.5
      vertex -52.76 -55.76 29.5
      vertex -52.1758 -53.7163 29.5
    endloop
  endfacet
  facet normal 0 0 1
    outer loop
      vertex -53.0736 -55.7436 29.5
      vertex -52.378 -53.6621 29.5
      vertex -52.5735 -53.5871 29.5
    endloop
  endfacet
  facet normal 0 0 1
    outer loop
      vertex -53.3837 -55.6944 29.5
      vertex -52.5735 -53.5871 29.5
      vertex -52.76 -53.4921 29.5
    endloop
  endfacet
  facet normal 0 0 1
    outer loop
      vertex -53.9802 -55.5006 29.5
      vertex -52.76 -53.4921 29.5
      vertex -52.9356 -53.378 29.5
    endloop
  endfacet
  facet normal 0 0 1
    outer loop
      vertex -52.378 -53.6621 29.5
      vertex -53.0736 -55.7436 29.5
      vertex -52.76 -55.76 29.5
    endloop
  endfacet
  facet normal 0 0 1
    outer loop
      vertex -54.5234 -55.187 29.5
      vertex -52.9356 -53.378 29.5
      vertex -53.0983 -53.2463 29.5
    endloop
  endfacet
  facet normal 0 0 1
    outer loop
      vertex -54.7674 -54.9894 29.5
      vertex -53.0983 -53.2463 29.5
      vertex -53.2463 -53.0983 29.5
    endloop
  endfacet
  facet normal 0 0 1
    outer loop
      vertex -55.187 -54.5234 29.5
      vertex -53.2463 -53.0983 29.5
      vertex -53.378 -52.9356 29.5
    endloop
  endfacet
  facet normal 0 0 1
    outer loop
      vertex -52.5735 -53.5871 29.5
      vertex -53.3837 -55.6944 29.5
      vertex -53.0736 -55.7436 29.5
    endloop
  endfacet
  facet normal 0 0 1
    outer loop
      vertex -55.5006 -53.9802 29.5
      vertex -53.378 -52.9356 29.5
      vertex -53.4921 -52.76 29.5
    endloop
  endfacet
  facet normal 0 0 1
    outer loop
      vertex -55.6944 -53.3837 29.5
      vertex -53.4921 -52.76 29.5
      vertex -53.5871 -52.5735 29.5
    endloop
  endfacet
  facet normal 0 0 1
    outer loop
      vertex -55.7436 -53.0736 29.5
      vertex -53.5871 -52.5735 29.5
      vertex -53.6621 -52.378 29.5
    endloop
  endfacet
  facet normal 0 0 1
    outer loop
      vertex -52.76 -53.4921 29.5
      vertex -53.687 -55.6132 29.5
      vertex -53.3837 -55.6944 29.5
    endloop
  endfacet
  facet normal 0 0 1
    outer loop
      vertex -55.76 -52.76 29.5
      vertex -53.6621 -52.378 29.5
      vertex -53.7163 -52.1758 29.5
    endloop
  endfacet
  facet normal 0 0 1
    outer loop
      vertex -55.76 -52.76 29.5
      vertex -53.7163 -52.1758 29.5
      vertex -53.749 -51.9691 29.5
    endloop
  endfacet
  facet normal 0 0 1
    outer loop
      vertex -55.76 -52.76 29.5
      vertex -53.749 -51.9691 29.5
      vertex -53.76 -51.76 29.5
    endloop
  endfacet
  facet normal 0 0 1
    outer loop
      vertex -52.76 -53.4921 29.5
      vertex -53.9802 -55.5006 29.5
      vertex -53.687 -55.6132 29.5
    endloop
  endfacet
  facet normal 0 0 1
    outer loop
      vertex -53.76 51.76 29.5
      vertex -55.76 52.76 29.5
      vertex -53.76 -51.76 29.5
    endloop
  endfacet
  facet normal 0 0 1
    outer loop
      vertex -53.378 52.9356 29.5
      vertex -55.5006 53.9802 29.5
      vertex -53.4921 52.76 29.5
    endloop
  endfacet
  facet normal 0 0 1
    outer loop
      vertex -55.76 -52.76 29.5
      vertex -53.76 -51.76 29.5
      vertex -55.76 52.76 29.5
    endloop
  endfacet
  facet normal -0 0 1
    outer loop
      vertex -55.6132 53.687 29.5
      vertex -53.4921 52.76 29.5
      vertex -55.5006 53.9802 29.5
    endloop
  endfacet
  facet normal 0 0 1
    outer loop
      vertex -53.6621 -52.378 29.5
      vertex -55.76 -52.76 29.5
      vertex -55.7436 -53.0736 29.5
    endloop
  endfacet
  facet normal -0 0 1
    outer loop
      vertex -55.6944 53.3837 29.5
      vertex -53.4921 52.76 29.5
      vertex -55.6132 53.687 29.5
    endloop
  endfacet
  facet normal 0 0 1
    outer loop
      vertex -52.9356 -53.378 29.5
      vertex -54.26 -55.3581 29.5
      vertex -53.9802 -55.5006 29.5
    endloop
  endfacet
  facet normal 0 0 1
    outer loop
      vertex -53.4921 52.76 29.5
      vertex -55.6944 53.3837 29.5
      vertex -53.5871 52.5735 29.5
    endloop
  endfacet
  facet normal 0 0 1
    outer loop
      vertex -52.9356 -53.378 29.5
      vertex -54.5234 -55.187 29.5
      vertex -54.26 -55.3581 29.5
    endloop
  endfacet
  facet normal -0 0 1
    outer loop
      vertex -55.7436 53.0736 29.5
      vertex -53.5871 52.5735 29.5
      vertex -55.6944 53.3837 29.5
    endloop
  endfacet
  facet normal 0 0 1
    outer loop
      vertex -53.0983 -53.2463 29.5
      vertex -54.7674 -54.9894 29.5
      vertex -54.5234 -55.187 29.5
    endloop
  endfacet
  facet normal 0 0 1
    outer loop
      vertex -53.5871 52.5735 29.5
      vertex -55.7436 53.0736 29.5
      vertex -53.6621 52.378 29.5
    endloop
  endfacet
  facet normal 0 0 1
    outer loop
      vertex -53.2463 -53.0983 29.5
      vertex -54.9894 -54.7674 29.5
      vertex -54.7674 -54.9894 29.5
    endloop
  endfacet
  facet normal -0 0 1
    outer loop
      vertex -55.76 52.76 29.5
      vertex -53.6621 52.378 29.5
      vertex -55.7436 53.0736 29.5
    endloop
  endfacet
  facet normal 0 0 1
    outer loop
      vertex -53.2463 -53.0983 29.5
      vertex -55.187 -54.5234 29.5
      vertex -54.9894 -54.7674 29.5
    endloop
  endfacet
  facet normal 0 0 1
    outer loop
      vertex -53.6621 52.378 29.5
      vertex -55.76 52.76 29.5
      vertex -53.7163 52.1758 29.5
    endloop
  endfacet
  facet normal 0 0 1
    outer loop
      vertex -53.378 -52.9356 29.5
      vertex -55.3581 -54.26 29.5
      vertex -55.187 -54.5234 29.5
    endloop
  endfacet
  facet normal 0 0 1
    outer loop
      vertex -53.7163 52.1758 29.5
      vertex -55.76 52.76 29.5
      vertex -53.749 51.9691 29.5
    endloop
  endfacet
  facet normal 0 0 1
    outer loop
      vertex -53.378 -52.9356 29.5
      vertex -55.5006 -53.9802 29.5
      vertex -55.3581 -54.26 29.5
    endloop
  endfacet
  facet normal 0 0 1
    outer loop
      vertex -53.749 51.9691 29.5
      vertex -55.76 52.76 29.5
      vertex -53.76 51.76 29.5
    endloop
  endfacet
  facet normal 0 0 1
    outer loop
      vertex -53.4921 -52.76 29.5
      vertex -55.6132 -53.687 29.5
      vertex -55.5006 -53.9802 29.5
    endloop
  endfacet
  facet normal 0 0 1
    outer loop
      vertex -53.4921 -52.76 29.5
      vertex -55.6944 -53.3837 29.5
      vertex -55.6132 -53.687 29.5
    endloop
  endfacet
  facet normal 0 0 1
    outer loop
      vertex -53.5871 -52.5735 29.5
      vertex -55.7436 -53.0736 29.5
      vertex -55.6944 -53.3837 29.5
    endloop
  endfacet
  facet normal -0.933526 0.35851 0
    outer loop
      vertex -55.6132 53.687 3
      vertex -55.5006 53.9802 29.5
      vertex -55.5006 53.9802 3
    endloop
  endfacet
  facet normal -0.933526 0.35851 0
    outer loop
      vertex -55.5006 53.9802 29.5
      vertex -55.6132 53.687 3
      vertex -55.6132 53.687 29.5
    endloop
  endfacet
  facet normal -0.35851 0.933526 0
    outer loop
      vertex -53.687 55.6132 3
      vertex -53.9802 55.5006 29.5
      vertex -53.687 55.6132 29.5
    endloop
  endfacet
  facet normal -0.35851 0.933526 0
    outer loop
      vertex -53.9802 55.5006 29.5
      vertex -53.687 55.6132 3
      vertex -53.9802 55.5006 3
    endloop
  endfacet
  facet normal -0.933526 -0.35851 0
    outer loop
      vertex -55.5006 -53.9802 3
      vertex -55.6132 -53.687 29.5
      vertex -55.6132 -53.687 3
    endloop
  endfacet
  facet normal -0.933526 -0.35851 0
    outer loop
      vertex -55.6132 -53.687 29.5
      vertex -55.5006 -53.9802 3
      vertex -55.5006 -53.9802 29.5
    endloop
  endfacet
  facet normal -0.891091 -0.453826 0
    outer loop
      vertex -55.3581 -54.26 3
      vertex -55.5006 -53.9802 29.5
      vertex -55.5006 -53.9802 3
    endloop
  endfacet
  facet normal -0.891091 -0.453826 0
    outer loop
      vertex -55.5006 -53.9802 29.5
      vertex -55.3581 -54.26 3
      vertex -55.3581 -54.26 29.5
    endloop
  endfacet
  facet normal 0.156699 0.987646 -0
    outer loop
      vertex 53.3837 55.6944 2.4
      vertex 53.0736 55.7436 29.5
      vertex 53.3837 55.6944 29.5
    endloop
  endfacet
  facet normal 0.156699 0.987646 0
    outer loop
      vertex 53.0736 55.7436 29.5
      vertex 53.3837 55.6944 2.4
      vertex 53.0736 55.7436 2.4
    endloop
  endfacet
  facet normal 0.707107 -0.707107 0
    outer loop
      vertex 54.7674 -54.9894 29.5
      vertex 54.9894 -54.7674 3
      vertex 54.9894 -54.7674 29.5
    endloop
  endfacet
  facet normal 0.707107 -0.707107 0
    outer loop
      vertex 54.9894 -54.7674 3
      vertex 54.7674 -54.9894 29.5
      vertex 54.7674 -54.9894 3
    endloop
  endfacet
  facet normal 0.544742 -0.838604 0
    outer loop
      vertex 54.26 -55.3581 3
      vertex 54.5234 -55.187 29.5
      vertex 54.26 -55.3581 29.5
    endloop
  endfacet
  facet normal 0.544742 -0.838604 0
    outer loop
      vertex 54.5234 -55.187 29.5
      vertex 54.26 -55.3581 3
      vertex 54.5234 -55.187 3
    endloop
  endfacet
  facet normal 0.35851 -0.933526 0
    outer loop
      vertex 53.687 -55.6132 3
      vertex 53.9802 -55.5006 29.5
      vertex 53.687 -55.6132 29.5
    endloop
  endfacet
  facet normal 0.35851 -0.933526 0
    outer loop
      vertex 53.9802 -55.5006 29.5
      vertex 53.687 -55.6132 3
      vertex 53.9802 -55.5006 3
    endloop
  endfacet
  facet normal -0.156699 0.987646 0
    outer loop
      vertex -53.0736 55.7436 2.4
      vertex -53.3837 55.6944 29.5
      vertex -53.0736 55.7436 29.5
    endloop
  endfacet
  facet normal -0.156699 0.987646 0
    outer loop
      vertex -53.3837 55.6944 29.5
      vertex -53.0736 55.7436 2.4
      vertex -53.3837 55.6944 2.4
    endloop
  endfacet
  facet normal -0.453826 0.891091 0
    outer loop
      vertex -53.9802 55.5006 3
      vertex -54.26 55.3581 29.5
      vertex -53.9802 55.5006 29.5
    endloop
  endfacet
  facet normal -0.453826 0.891091 0
    outer loop
      vertex -54.26 55.3581 29.5
      vertex -53.9802 55.5006 3
      vertex -54.26 55.3581 3
    endloop
  endfacet
  facet normal 0.707107 0.707107 0
    outer loop
      vertex 54.9894 54.7674 29.5
      vertex 54.7674 54.9894 3
      vertex 54.7674 54.9894 29.5
    endloop
  endfacet
  facet normal 0.707107 0.707107 0
    outer loop
      vertex 54.7674 54.9894 3
      vertex 54.9894 54.7674 29.5
      vertex 54.9894 54.7674 3
    endloop
  endfacet
  facet normal -0.987646 0.156699 0
    outer loop
      vertex -55.7436 53.0736 2.4
      vertex -55.6944 53.3837 29.5
      vertex -55.6944 53.3837 2.4
    endloop
  endfacet
  facet normal -0.987646 0.156699 0
    outer loop
      vertex -55.6944 53.3837 29.5
      vertex -55.7436 53.0736 2.4
      vertex -55.7436 53.0736 29.5
    endloop
  endfacet
  facet normal -0.838604 -0.544742 0
    outer loop
      vertex -55.187 -54.5234 3
      vertex -55.3581 -54.26 29.5
      vertex -55.3581 -54.26 3
    endloop
  endfacet
  facet normal -0.838604 -0.544742 0
    outer loop
      vertex -55.3581 -54.26 29.5
      vertex -55.187 -54.5234 3
      vertex -55.187 -54.5234 29.5
    endloop
  endfacet
  facet normal 0.838604 -0.544742 0
    outer loop
      vertex 55.187 -54.5234 29.5
      vertex 55.3581 -54.26 3
      vertex 55.3581 -54.26 29.5
    endloop
  endfacet
  facet normal 0.838604 -0.544742 0
    outer loop
      vertex 55.3581 -54.26 3
      vertex 55.187 -54.5234 29.5
      vertex 55.187 -54.5234 3
    endloop
  endfacet
  facet normal 0.0522246 0.998635 -0
    outer loop
      vertex 53.0736 55.7436 2.4
      vertex 52.76 55.76 29.5
      vertex 53.0736 55.7436 29.5
    endloop
  endfacet
  facet normal 0.0522246 0.998635 0
    outer loop
      vertex 52.76 55.76 29.5
      vertex 53.0736 55.7436 2.4
      vertex 52.76 55.76 2.4
    endloop
  endfacet
  facet normal 0.629345 0.777126 -0
    outer loop
      vertex 54.7674 54.9894 3
      vertex 54.5234 55.187 29.5
      vertex 54.7674 54.9894 29.5
    endloop
  endfacet
  facet normal 0.629345 0.777126 0
    outer loop
      vertex 54.5234 55.187 29.5
      vertex 54.7674 54.9894 3
      vertex 54.5234 55.187 3
    endloop
  endfacet
  facet normal 0.629345 -0.777126 0
    outer loop
      vertex 54.5234 -55.187 3
      vertex 54.7674 -54.9894 29.5
      vertex 54.5234 -55.187 29.5
    endloop
  endfacet
  facet normal 0.629345 -0.777126 0
    outer loop
      vertex 54.7674 -54.9894 29.5
      vertex 54.5234 -55.187 3
      vertex 54.7674 -54.9894 3
    endloop
  endfacet
  facet normal -0.544742 0.838604 0
    outer loop
      vertex -54.26 55.3581 3
      vertex -54.5234 55.187 29.5
      vertex -54.26 55.3581 29.5
    endloop
  endfacet
  facet normal -0.544742 0.838604 0
    outer loop
      vertex -54.5234 55.187 29.5
      vertex -54.26 55.3581 3
      vertex -54.5234 55.187 3
    endloop
  endfacet
  facet normal 0.258614 0.965981 -0
    outer loop
      vertex 53.687 55.6132 3
      vertex 53.3837 55.6944 29.5
      vertex 53.687 55.6132 29.5
    endloop
  endfacet
  facet normal 0.25872 0.965952 1.30411e-06
    outer loop
      vertex 53.4824 55.668 3
      vertex 53.3837 55.6944 29.5
      vertex 53.687 55.6132 3
    endloop
  endfacet
  facet normal 0.258394 0.96604 0
    outer loop
      vertex 53.3837 55.6944 2.4
      vertex 53.4824 55.668 3
      vertex 53.4824 55.668 2.4
    endloop
  endfacet
  facet normal 0.258394 0.96604 0
    outer loop
      vertex 53.4824 55.668 3
      vertex 53.3837 55.6944 2.4
      vertex 53.3837 55.6944 29.5
    endloop
  endfacet
  facet normal -0.0522246 0.998635 0
    outer loop
      vertex -52.76 55.76 2.4
      vertex -53.0736 55.7436 29.5
      vertex -52.76 55.76 29.5
    endloop
  endfacet
  facet normal -0.0522246 0.998635 0
    outer loop
      vertex -53.0736 55.7436 29.5
      vertex -52.76 55.76 2.4
      vertex -53.0736 55.7436 2.4
    endloop
  endfacet
  facet normal -0.96604 -0.258394 -0
    outer loop
      vertex -55.668 -53.4824 3
      vertex -55.6944 -53.3837 2.4
      vertex -55.668 -53.4824 2.4
    endloop
  endfacet
  facet normal -0.96604 -0.258394 0
    outer loop
      vertex -55.6944 -53.3837 2.4
      vertex -55.668 -53.4824 3
      vertex -55.6944 -53.3837 29.5
    endloop
  endfacet
  facet normal -0.965952 -0.25872 1.30411e-06
    outer loop
      vertex -55.6132 -53.687 3
      vertex -55.6944 -53.3837 29.5
      vertex -55.668 -53.4824 3
    endloop
  endfacet
  facet normal -0.965981 -0.258614 0
    outer loop
      vertex -55.6944 -53.3837 29.5
      vertex -55.6132 -53.687 3
      vertex -55.6132 -53.687 29.5
    endloop
  endfacet
  facet normal -0.777126 -0.629345 0
    outer loop
      vertex -54.9894 -54.7674 3
      vertex -55.187 -54.5234 29.5
      vertex -55.187 -54.5234 3
    endloop
  endfacet
  facet normal -0.777126 -0.629345 0
    outer loop
      vertex -55.187 -54.5234 29.5
      vertex -54.9894 -54.7674 3
      vertex -54.9894 -54.7674 29.5
    endloop
  endfacet
  facet normal 0.987646 0.156699 0
    outer loop
      vertex 55.7436 53.0736 29.5
      vertex 55.6944 53.3837 2.4
      vertex 55.6944 53.3837 29.5
    endloop
  endfacet
  facet normal 0.987646 0.156699 0
    outer loop
      vertex 55.6944 53.3837 2.4
      vertex 55.7436 53.0736 29.5
      vertex 55.7436 53.0736 2.4
    endloop
  endfacet
  facet normal -0.258614 0.965981 8.79754e-07
    outer loop
      vertex -53.3837 55.6944 29.5
      vertex -53.4824 55.668 3
      vertex -53.687 55.6132 29.5
    endloop
  endfacet
  facet normal -0.258394 0.96604 0
    outer loop
      vertex -53.3837 55.6944 2.4
      vertex -53.4824 55.668 3
      vertex -53.3837 55.6944 29.5
    endloop
  endfacet
  facet normal -0.258394 0.96604 0
    outer loop
      vertex -53.4824 55.668 3
      vertex -53.3837 55.6944 2.4
      vertex -53.4824 55.668 2.4
    endloop
  endfacet
  facet normal -0.25872 0.965952 0
    outer loop
      vertex -53.687 55.6132 29.5
      vertex -53.4824 55.668 3
      vertex -53.687 55.6132 3
    endloop
  endfacet
  facet normal 0.156699 -0.987646 0
    outer loop
      vertex 53.0736 -55.7436 2.4
      vertex 53.3837 -55.6944 29.5
      vertex 53.0736 -55.7436 29.5
    endloop
  endfacet
  facet normal 0.156699 -0.987646 0
    outer loop
      vertex 53.3837 -55.6944 29.5
      vertex 53.0736 -55.7436 2.4
      vertex 53.3837 -55.6944 2.4
    endloop
  endfacet
  facet normal -0.0522246 -0.998635 0
    outer loop
      vertex -53.0736 -55.7436 2.4
      vertex -52.76 -55.76 29.5
      vertex -53.0736 -55.7436 29.5
    endloop
  endfacet
  facet normal -0.0522246 -0.998635 -0
    outer loop
      vertex -52.76 -55.76 29.5
      vertex -53.0736 -55.7436 2.4
      vertex -52.76 -55.76 2.4
    endloop
  endfacet
  facet normal -0.35851 -0.933526 0
    outer loop
      vertex -53.9802 -55.5006 3
      vertex -53.687 -55.6132 29.5
      vertex -53.9802 -55.5006 29.5
    endloop
  endfacet
  facet normal -0.35851 -0.933526 -0
    outer loop
      vertex -53.687 -55.6132 29.5
      vertex -53.9802 -55.5006 3
      vertex -53.687 -55.6132 3
    endloop
  endfacet
  facet normal 0.998635 0.0522246 0
    outer loop
      vertex 55.76 52.76 29.5
      vertex 55.7436 53.0736 2.4
      vertex 55.7436 53.0736 29.5
    endloop
  endfacet
  facet normal 0.998635 0.0522246 0
    outer loop
      vertex 55.7436 53.0736 2.4
      vertex 55.76 52.76 29.5
      vertex 55.76 52.76 2.4
    endloop
  endfacet
  facet normal -0.707107 -0.707107 0
    outer loop
      vertex -54.7674 -54.9894 3
      vertex -54.9894 -54.7674 29.5
      vertex -54.9894 -54.7674 3
    endloop
  endfacet
  facet normal -0.707107 -0.707107 0
    outer loop
      vertex -54.9894 -54.7674 29.5
      vertex -54.7674 -54.9894 3
      vertex -54.7674 -54.9894 29.5
    endloop
  endfacet
  facet normal 0.453826 -0.891091 0
    outer loop
      vertex 53.9802 -55.5006 3
      vertex 54.26 -55.3581 29.5
      vertex 53.9802 -55.5006 29.5
    endloop
  endfacet
  facet normal 0.453826 -0.891091 0
    outer loop
      vertex 54.26 -55.3581 29.5
      vertex 53.9802 -55.5006 3
      vertex 54.26 -55.3581 3
    endloop
  endfacet
  facet normal 0.544742 0.838604 -0
    outer loop
      vertex 54.5234 55.187 3
      vertex 54.26 55.3581 29.5
      vertex 54.5234 55.187 29.5
    endloop
  endfacet
  facet normal 0.544742 0.838604 0
    outer loop
      vertex 54.26 55.3581 29.5
      vertex 54.5234 55.187 3
      vertex 54.26 55.3581 3
    endloop
  endfacet
  facet normal 0.453826 0.891091 -0
    outer loop
      vertex 54.26 55.3581 3
      vertex 53.9802 55.5006 29.5
      vertex 54.26 55.3581 29.5
    endloop
  endfacet
  facet normal 0.453826 0.891091 0
    outer loop
      vertex 53.9802 55.5006 29.5
      vertex 54.26 55.3581 3
      vertex 53.9802 55.5006 3
    endloop
  endfacet
  facet normal 0.998635 -0.0522246 0
    outer loop
      vertex 55.7436 -53.0736 29.5
      vertex 55.76 -52.76 2.4
      vertex 55.76 -52.76 29.5
    endloop
  endfacet
  facet normal 0.998635 -0.0522246 0
    outer loop
      vertex 55.76 -52.76 2.4
      vertex 55.7436 -53.0736 29.5
      vertex 55.7436 -53.0736 2.4
    endloop
  endfacet
  facet normal 0.933526 0.35851 0
    outer loop
      vertex 55.6132 53.687 29.5
      vertex 55.5006 53.9802 3
      vertex 55.5006 53.9802 29.5
    endloop
  endfacet
  facet normal 0.933526 0.35851 0
    outer loop
      vertex 55.5006 53.9802 3
      vertex 55.6132 53.687 29.5
      vertex 55.6132 53.687 3
    endloop
  endfacet
  facet normal 0.987646 -0.156699 0
    outer loop
      vertex 55.6944 -53.3837 29.5
      vertex 55.7436 -53.0736 2.4
      vertex 55.7436 -53.0736 29.5
    endloop
  endfacet
  facet normal 0.987646 -0.156699 0
    outer loop
      vertex 55.7436 -53.0736 2.4
      vertex 55.6944 -53.3837 29.5
      vertex 55.6944 -53.3837 2.4
    endloop
  endfacet
  facet normal -0.838604 0.544742 0
    outer loop
      vertex -55.3581 54.26 3
      vertex -55.187 54.5234 29.5
      vertex -55.187 54.5234 3
    endloop
  endfacet
  facet normal -0.838604 0.544742 0
    outer loop
      vertex -55.187 54.5234 29.5
      vertex -55.3581 54.26 3
      vertex -55.3581 54.26 29.5
    endloop
  endfacet
  facet normal 0.965952 0.25872 0
    outer loop
      vertex 55.6132 53.687 29.5
      vertex 55.668 53.4824 3
      vertex 55.6132 53.687 3
    endloop
  endfacet
  facet normal 0.965981 0.258614 8.79754e-07
    outer loop
      vertex 55.6944 53.3837 29.5
      vertex 55.668 53.4824 3
      vertex 55.6132 53.687 29.5
    endloop
  endfacet
  facet normal 0.96604 0.258394 -0
    outer loop
      vertex 55.6944 53.3837 2.4
      vertex 55.668 53.4824 3
      vertex 55.6944 53.3837 29.5
    endloop
  endfacet
  facet normal 0.96604 0.258394 0
    outer loop
      vertex 55.668 53.4824 3
      vertex 55.6944 53.3837 2.4
      vertex 55.668 53.4824 2.4
    endloop
  endfacet
  facet normal -0.998635 -0.0522246 0
    outer loop
      vertex -55.7436 -53.0736 2.4
      vertex -55.76 -52.76 29.5
      vertex -55.76 -52.76 2.4
    endloop
  endfacet
  facet normal -0.998635 -0.0522246 0
    outer loop
      vertex -55.76 -52.76 29.5
      vertex -55.7436 -53.0736 2.4
      vertex -55.7436 -53.0736 29.5
    endloop
  endfacet
  facet normal 0.35851 0.933526 -0
    outer loop
      vertex 53.9802 55.5006 3
      vertex 53.687 55.6132 29.5
      vertex 53.9802 55.5006 29.5
    endloop
  endfacet
  facet normal 0.35851 0.933526 0
    outer loop
      vertex 53.687 55.6132 29.5
      vertex 53.9802 55.5006 3
      vertex 53.687 55.6132 3
    endloop
  endfacet
  facet normal -0.629345 -0.777126 0
    outer loop
      vertex -54.7674 -54.9894 3
      vertex -54.5234 -55.187 29.5
      vertex -54.7674 -54.9894 29.5
    endloop
  endfacet
  facet normal -0.629345 -0.777126 -0
    outer loop
      vertex -54.5234 -55.187 29.5
      vertex -54.7674 -54.9894 3
      vertex -54.5234 -55.187 3
    endloop
  endfacet
  facet normal -0.544742 -0.838604 0
    outer loop
      vertex -54.5234 -55.187 3
      vertex -54.26 -55.3581 29.5
      vertex -54.5234 -55.187 29.5
    endloop
  endfacet
  facet normal -0.544742 -0.838604 -0
    outer loop
      vertex -54.26 -55.3581 29.5
      vertex -54.5234 -55.187 3
      vertex -54.26 -55.3581 3
    endloop
  endfacet
  facet normal -0.453826 -0.891091 0
    outer loop
      vertex -54.26 -55.3581 3
      vertex -53.9802 -55.5006 29.5
      vertex -54.26 -55.3581 29.5
    endloop
  endfacet
  facet normal -0.453826 -0.891091 -0
    outer loop
      vertex -53.9802 -55.5006 29.5
      vertex -54.26 -55.3581 3
      vertex -53.9802 -55.5006 3
    endloop
  endfacet
  facet normal 0.258614 -0.965981 8.79754e-07
    outer loop
      vertex 53.3837 -55.6944 29.5
      vertex 53.4824 -55.668 3
      vertex 53.687 -55.6132 29.5
    endloop
  endfacet
  facet normal 0.258394 -0.96604 0
    outer loop
      vertex 53.3837 -55.6944 2.4
      vertex 53.4824 -55.668 3
      vertex 53.3837 -55.6944 29.5
    endloop
  endfacet
  facet normal 0.258394 -0.96604 0
    outer loop
      vertex 53.4824 -55.668 3
      vertex 53.3837 -55.6944 2.4
      vertex 53.4824 -55.668 2.4
    endloop
  endfacet
  facet normal 0.25872 -0.965952 0
    outer loop
      vertex 53.687 -55.6132 29.5
      vertex 53.4824 -55.668 3
      vertex 53.687 -55.6132 3
    endloop
  endfacet
  facet normal 0.0522246 -0.998635 0
    outer loop
      vertex 52.76 -55.76 2.4
      vertex 53.0736 -55.7436 29.5
      vertex 52.76 -55.76 29.5
    endloop
  endfacet
  facet normal 0.0522246 -0.998635 0
    outer loop
      vertex 53.0736 -55.7436 29.5
      vertex 52.76 -55.76 2.4
      vertex 53.0736 -55.7436 2.4
    endloop
  endfacet
  facet normal 0.891091 0.453826 0
    outer loop
      vertex 55.5006 53.9802 29.5
      vertex 55.3581 54.26 3
      vertex 55.3581 54.26 29.5
    endloop
  endfacet
  facet normal 0.891091 0.453826 0
    outer loop
      vertex 55.3581 54.26 3
      vertex 55.5006 53.9802 29.5
      vertex 55.5006 53.9802 3
    endloop
  endfacet
  facet normal 0.838604 0.544742 0
    outer loop
      vertex 55.3581 54.26 29.5
      vertex 55.187 54.5234 3
      vertex 55.187 54.5234 29.5
    endloop
  endfacet
  facet normal 0.838604 0.544742 0
    outer loop
      vertex 55.187 54.5234 3
      vertex 55.3581 54.26 29.5
      vertex 55.3581 54.26 3
    endloop
  endfacet
  facet normal -0 0 -1
    outer loop
      vertex -49.76 -22.76 0
      vertex -55.76 -51.9454 0
      vertex -49.7545 -22.6555 0
    endloop
  endfacet
  facet normal 0 0 -1
    outer loop
      vertex -49.7545 -22.6555 0
      vertex -53.135 51.9454 0
      vertex -51.51 54.76 0
    endloop
  endfacet
  facet normal 0 0 -1
    outer loop
      vertex -55.76 51.9454 0
      vertex -49.7545 -22.6555 0
      vertex -55.76 -51.9454 0
    endloop
  endfacet
  facet normal 0 0 -1
    outer loop
      vertex -49.7545 -22.6555 0
      vertex -55.76 51.9454 0
      vertex -53.135 51.9454 0
    endloop
  endfacet
  facet normal 0 0 -1
    outer loop
      vertex -11 10.3839 0
      vertex 11 45.3761 0
      vertex 11 10.3839 0
    endloop
  endfacet
  facet normal -0 0 -1
    outer loop
      vertex 11 45.3761 0
      vertex -11 10.3839 0
      vertex -11 45.3761 0
    endloop
  endfacet
  facet normal 0 0 -1
    outer loop
      vertex -11 -7.38393 0
      vertex 11 7.38393 0
      vertex 11 -7.38393 0
    endloop
  endfacet
  facet normal -0 0 -1
    outer loop
      vertex 11 7.38393 0
      vertex -11 -7.38393 0
      vertex -11 7.38393 0
    endloop
  endfacet
  facet normal 0 0 -1
    outer loop
      vertex -11 -45.3761 0
      vertex 11 -10.3839 0
      vertex 11 -45.3761 0
    endloop
  endfacet
  facet normal -0 0 -1
    outer loop
      vertex 11 -10.3839 0
      vertex -11 -45.3761 0
      vertex -11 -10.3839 0
    endloop
  endfacet
  facet normal 0 0 -1
    outer loop
      vertex 11 -10.3839 0
      vertex 53.135 -51.9454 0
      vertex 11 -45.3761 0
    endloop
  endfacet
  facet normal 0 0 -1
    outer loop
      vertex 52.0873 -55.76 0
      vertex 11 -48.3761 0
      vertex 51.51 -54.76 0
    endloop
  endfacet
  facet normal 0 0 -1
    outer loop
      vertex -22.6555 -49.7545 0
      vertex 11 -48.3761 0
      vertex 52.0873 -55.76 0
    endloop
  endfacet
  facet normal 0 0 -1
    outer loop
      vertex -21.76 -48.76 0
      vertex -11 -45.3761 0
      vertex -11 -48.3761 0
    endloop
  endfacet
  facet normal 0 0 -1
    outer loop
      vertex -11 -45.3761 0
      vertex -21.76 -22.76 0
      vertex -11 -10.3839 0
    endloop
  endfacet
  facet normal 0 0 -1
    outer loop
      vertex -21.7655 -22.6555 0
      vertex -11 -10.3839 0
      vertex -21.76 -22.76 0
    endloop
  endfacet
  facet normal 0 0 -1
    outer loop
      vertex -21.8089 -22.451 0
      vertex -11 -10.3839 0
      vertex -21.7819 -22.5521 0
    endloop
  endfacet
  facet normal 0 0 -1
    outer loop
      vertex -21.8465 -22.3533 0
      vertex -11 -10.3839 0
      vertex -21.8089 -22.451 0
    endloop
  endfacet
  facet normal 0 0 -1
    outer loop
      vertex -21.951 -22.1722 0
      vertex -11 -10.3839 0
      vertex -21.894 -22.26 0
    endloop
  endfacet
  facet normal -0 0 -1
    outer loop
      vertex -11 -45.3761 0
      vertex -21.76 -48.76 0
      vertex -21.76 -22.76 0
    endloop
  endfacet
  facet normal -0 0 -1
    outer loop
      vertex 11 -48.3761 0
      vertex -22.5521 -49.7381 0
      vertex -11 -48.3761 0
    endloop
  endfacet
  facet normal 0 0 -1
    outer loop
      vertex -11 -48.3761 0
      vertex -21.7655 -48.8645 0
      vertex -21.76 -48.76 0
    endloop
  endfacet
  facet normal 0 0 -1
    outer loop
      vertex -11 -48.3761 0
      vertex -21.7819 -48.9679 0
      vertex -21.7655 -48.8645 0
    endloop
  endfacet
  facet normal 0 0 -1
    outer loop
      vertex -11 -48.3761 0
      vertex -21.8089 -49.069 0
      vertex -21.7819 -48.9679 0
    endloop
  endfacet
  facet normal 0 0 -1
    outer loop
      vertex -11 -48.3761 0
      vertex -21.8465 -49.1667 0
      vertex -21.8089 -49.069 0
    endloop
  endfacet
  facet normal 0 0 -1
    outer loop
      vertex -11 -48.3761 0
      vertex -21.894 -49.26 0
      vertex -21.8465 -49.1667 0
    endloop
  endfacet
  facet normal 0 0 -1
    outer loop
      vertex -11 -48.3761 0
      vertex -21.951 -49.3478 0
      vertex -21.894 -49.26 0
    endloop
  endfacet
  facet normal 0 0 -1
    outer loop
      vertex -11 -48.3761 0
      vertex -22.0169 -49.4291 0
      vertex -21.951 -49.3478 0
    endloop
  endfacet
  facet normal 0 0 -1
    outer loop
      vertex -11 -48.3761 0
      vertex -22.0909 -49.5031 0
      vertex -22.0169 -49.4291 0
    endloop
  endfacet
  facet normal 0 0 -1
    outer loop
      vertex -11 -48.3761 0
      vertex -22.1722 -49.569 0
      vertex -22.0909 -49.5031 0
    endloop
  endfacet
  facet normal 0 0 -1
    outer loop
      vertex -11 -48.3761 0
      vertex -22.26 -49.626 0
      vertex -22.1722 -49.569 0
    endloop
  endfacet
  facet normal 0 0 -1
    outer loop
      vertex -11 -48.3761 0
      vertex -22.3533 -49.6735 0
      vertex -22.26 -49.626 0
    endloop
  endfacet
  facet normal 0 0 -1
    outer loop
      vertex -11 -48.3761 0
      vertex -22.451 -49.7111 0
      vertex -22.3533 -49.6735 0
    endloop
  endfacet
  facet normal 0 0 -1
    outer loop
      vertex -11 -48.3761 0
      vertex -22.5521 -49.7381 0
      vertex -22.451 -49.7111 0
    endloop
  endfacet
  facet normal 0 0 -1
    outer loop
      vertex 11 -48.3761 0
      vertex -22.6555 -49.7545 0
      vertex -22.5521 -49.7381 0
    endloop
  endfacet
  facet normal 0 0 -1
    outer loop
      vertex -52.0873 -55.76 0
      vertex -22.6555 -49.7545 0
      vertex 52.0873 -55.76 0
    endloop
  endfacet
  facet normal 0 0 -1
    outer loop
      vertex -22.6555 -49.7545 0
      vertex -52.0873 -55.76 0
      vertex -22.76 -49.76 0
    endloop
  endfacet
  facet normal -0 0 -1
    outer loop
      vertex -22.76 -49.76 0
      vertex -51.51 -54.76 0
      vertex -48.76 -49.76 0
    endloop
  endfacet
  facet normal -0 0 -1
    outer loop
      vertex -49.7545 -48.8645 0
      vertex -53.135 -51.9454 0
      vertex -49.76 -48.76 0
    endloop
  endfacet
  facet normal -0 0 -1
    outer loop
      vertex -49.7381 -48.9679 0
      vertex -53.135 -51.9454 0
      vertex -49.7545 -48.8645 0
    endloop
  endfacet
  facet normal -0 0 -1
    outer loop
      vertex -49.7111 -49.069 0
      vertex -53.135 -51.9454 0
      vertex -49.7381 -48.9679 0
    endloop
  endfacet
  facet normal -0 0 -1
    outer loop
      vertex -49.6735 -49.1667 0
      vertex -53.135 -51.9454 0
      vertex -49.7111 -49.069 0
    endloop
  endfacet
  facet normal -0 0 -1
    outer loop
      vertex -49.626 -49.26 0
      vertex -53.135 -51.9454 0
      vertex -49.6735 -49.1667 0
    endloop
  endfacet
  facet normal -0 0 -1
    outer loop
      vertex -49.569 -49.3478 0
      vertex -53.135 -51.9454 0
      vertex -49.626 -49.26 0
    endloop
  endfacet
  facet normal -0 0 -1
    outer loop
      vertex -49.5031 -49.4291 0
      vertex -53.135 -51.9454 0
      vertex -49.569 -49.3478 0
    endloop
  endfacet
  facet normal -0 0 -1
    outer loop
      vertex -49.4291 -49.5031 0
      vertex -53.135 -51.9454 0
      vertex -49.5031 -49.4291 0
    endloop
  endfacet
  facet normal -0 0 -1
    outer loop
      vertex -49.3478 -49.569 0
      vertex -53.135 -51.9454 0
      vertex -49.4291 -49.5031 0
    endloop
  endfacet
  facet normal -0 0 -1
    outer loop
      vertex -49.26 -49.626 0
      vertex -53.135 -51.9454 0
      vertex -49.3478 -49.569 0
    endloop
  endfacet
  facet normal -0 0 -1
    outer loop
      vertex -49.1667 -49.6735 0
      vertex -53.135 -51.9454 0
      vertex -49.26 -49.626 0
    endloop
  endfacet
  facet normal 0 0 -1
    outer loop
      vertex -53.135 -51.9454 0
      vertex -49.1667 -49.6735 0
      vertex -51.51 -54.76 0
    endloop
  endfacet
  facet normal -0 0 -1
    outer loop
      vertex -49.069 -49.7111 0
      vertex -51.51 -54.76 0
      vertex -49.1667 -49.6735 0
    endloop
  endfacet
  facet normal -0 0 -1
    outer loop
      vertex -48.9679 -49.7381 0
      vertex -51.51 -54.76 0
      vertex -49.069 -49.7111 0
    endloop
  endfacet
  facet normal -0 0 -1
    outer loop
      vertex -48.8645 -49.7545 0
      vertex -51.51 -54.76 0
      vertex -48.9679 -49.7381 0
    endloop
  endfacet
  facet normal -0 0 -1
    outer loop
      vertex -48.76 -49.76 0
      vertex -51.51 -54.76 0
      vertex -48.8645 -49.7545 0
    endloop
  endfacet
  facet normal 0 0 -1
    outer loop
      vertex -22.76 -49.76 0
      vertex -52.0873 -55.76 0
      vertex -51.51 -54.76 0
    endloop
  endfacet
  facet normal 0 0 -1
    outer loop
      vertex 53.135 -51.9454 0
      vertex 55.76 51.9454 0
      vertex 55.76 -51.9454 0
    endloop
  endfacet
  facet normal 0 0 -1
    outer loop
      vertex 53.135 -51.9454 0
      vertex 53.135 51.9454 0
      vertex 55.76 51.9454 0
    endloop
  endfacet
  facet normal 0 0 -1
    outer loop
      vertex 11 -45.3761 0
      vertex 51.51 -54.76 0
      vertex 11 -48.3761 0
    endloop
  endfacet
  facet normal 0 0 -1
    outer loop
      vertex 51.51 -54.76 0
      vertex 11 -45.3761 0
      vertex 53.135 -51.9454 0
    endloop
  endfacet
  facet normal 0 0 -1
    outer loop
      vertex 11 -7.38393 0
      vertex 53.135 -51.9454 0
      vertex 11 -10.3839 0
    endloop
  endfacet
  facet normal 0 0 -1
    outer loop
      vertex 53.135 -51.9454 0
      vertex 11 -7.38393 0
      vertex 53.135 51.9454 0
    endloop
  endfacet
  facet normal 0 0 -1
    outer loop
      vertex 11 7.38393 0
      vertex 53.135 51.9454 0
      vertex 11 -7.38393 0
    endloop
  endfacet
  facet normal 0 0 -1
    outer loop
      vertex 11 10.3839 0
      vertex 53.135 51.9454 0
      vertex 11 7.38393 0
    endloop
  endfacet
  facet normal 0 0 -1
    outer loop
      vertex 11 45.3761 0
      vertex 53.135 51.9454 0
      vertex 11 10.3839 0
    endloop
  endfacet
  facet normal -0 0 -1
    outer loop
      vertex 53.135 51.9454 0
      vertex 11 45.3761 0
      vertex 51.51 54.76 0
    endloop
  endfacet
  facet normal 0 0 -1
    outer loop
      vertex 11 48.3761 0
      vertex 51.51 54.76 0
      vertex 11 45.3761 0
    endloop
  endfacet
  facet normal -0 0 -1
    outer loop
      vertex 51.51 54.76 0
      vertex 11 48.3761 0
      vertex 52.0873 55.76 0
    endloop
  endfacet
  facet normal 0 0 -1
    outer loop
      vertex -11 48.3761 0
      vertex 52.0873 55.76 0
      vertex 11 48.3761 0
    endloop
  endfacet
  facet normal 0 0 -1
    outer loop
      vertex -21.7819 -22.5521 0
      vertex -11 -10.3839 0
      vertex -21.7655 -22.6555 0
    endloop
  endfacet
  facet normal 0 0 -1
    outer loop
      vertex -21.894 -22.26 0
      vertex -11 -10.3839 0
      vertex -21.8465 -22.3533 0
    endloop
  endfacet
  facet normal 0 0 -1
    outer loop
      vertex -22.0169 -22.0909 0
      vertex -11 -10.3839 0
      vertex -21.951 -22.1722 0
    endloop
  endfacet
  facet normal 0 0 -1
    outer loop
      vertex -22.0909 -22.0169 0
      vertex -11 -10.3839 0
      vertex -22.0169 -22.0909 0
    endloop
  endfacet
  facet normal 0 0 -1
    outer loop
      vertex -22.1722 -21.951 0
      vertex -11 -10.3839 0
      vertex -22.0909 -22.0169 0
    endloop
  endfacet
  facet normal 0 0 -1
    outer loop
      vertex -22.26 -21.894 0
      vertex -11 -10.3839 0
      vertex -22.1722 -21.951 0
    endloop
  endfacet
  facet normal 0 0 -1
    outer loop
      vertex -22.3533 -21.8465 0
      vertex -11 -10.3839 0
      vertex -22.26 -21.894 0
    endloop
  endfacet
  facet normal 0 0 -1
    outer loop
      vertex -22.451 -21.8089 0
      vertex -11 -10.3839 0
      vertex -22.3533 -21.8465 0
    endloop
  endfacet
  facet normal 0 0 -1
    outer loop
      vertex -22.5521 -21.7819 0
      vertex -11 -10.3839 0
      vertex -22.451 -21.8089 0
    endloop
  endfacet
  facet normal 0 0 -1
    outer loop
      vertex -22.6555 -21.7655 0
      vertex -11 -10.3839 0
      vertex -22.5521 -21.7819 0
    endloop
  endfacet
  facet normal 0 0 -1
    outer loop
      vertex -22.76 -21.76 0
      vertex -11 -10.3839 0
      vertex -22.6555 -21.7655 0
    endloop
  endfacet
  facet normal -0 0 -1
    outer loop
      vertex -11 -10.3839 0
      vertex -22.76 -21.76 0
      vertex -11 -7.38393 0
    endloop
  endfacet
  facet normal -0 0 -1
    outer loop
      vertex -11 -7.38393 0
      vertex -22.76 -21.76 0
      vertex -11 7.38393 0
    endloop
  endfacet
  facet normal 0 0 -1
    outer loop
      vertex -48.76 -21.76 0
      vertex -11 7.38393 0
      vertex -22.76 -21.76 0
    endloop
  endfacet
  facet normal -0 0 -1
    outer loop
      vertex -11 7.38393 0
      vertex -48.76 -21.76 0
      vertex -11 10.3839 0
    endloop
  endfacet
  facet normal 0 0 -1
    outer loop
      vertex -51.51 54.76 0
      vertex -11 10.3839 0
      vertex -48.76 -21.76 0
    endloop
  endfacet
  facet normal 0 0 -1
    outer loop
      vertex -11 10.3839 0
      vertex -51.51 54.76 0
      vertex -11 45.3761 0
    endloop
  endfacet
  facet normal 0 0 -1
    outer loop
      vertex -51.51 54.76 0
      vertex -48.76 -21.76 0
      vertex -48.8645 -21.7655 0
    endloop
  endfacet
  facet normal 0 0 -1
    outer loop
      vertex -51.51 54.76 0
      vertex -48.8645 -21.7655 0
      vertex -48.9679 -21.7819 0
    endloop
  endfacet
  facet normal 0 0 -1
    outer loop
      vertex -51.51 54.76 0
      vertex -48.9679 -21.7819 0
      vertex -49.069 -21.8089 0
    endloop
  endfacet
  facet normal 0 0 -1
    outer loop
      vertex -51.51 54.76 0
      vertex -49.069 -21.8089 0
      vertex -49.1667 -21.8465 0
    endloop
  endfacet
  facet normal 0 0 -1
    outer loop
      vertex -51.51 54.76 0
      vertex -49.1667 -21.8465 0
      vertex -49.26 -21.894 0
    endloop
  endfacet
  facet normal 0 0 -1
    outer loop
      vertex -51.51 54.76 0
      vertex -49.26 -21.894 0
      vertex -49.3478 -21.951 0
    endloop
  endfacet
  facet normal 0 0 -1
    outer loop
      vertex -51.51 54.76 0
      vertex -49.3478 -21.951 0
      vertex -49.4291 -22.0169 0
    endloop
  endfacet
  facet normal 0 0 -1
    outer loop
      vertex -51.51 54.76 0
      vertex -49.4291 -22.0169 0
      vertex -49.5031 -22.0909 0
    endloop
  endfacet
  facet normal 0 0 -1
    outer loop
      vertex -51.51 54.76 0
      vertex -49.5031 -22.0909 0
      vertex -49.569 -22.1722 0
    endloop
  endfacet
  facet normal 0 0 -1
    outer loop
      vertex -51.51 54.76 0
      vertex -49.569 -22.1722 0
      vertex -49.626 -22.26 0
    endloop
  endfacet
  facet normal 0 0 -1
    outer loop
      vertex -55.76 -51.9454 0
      vertex -49.76 -48.76 0
      vertex -53.135 -51.9454 0
    endloop
  endfacet
  facet normal -0 0 -1
    outer loop
      vertex -49.76 -48.76 0
      vertex -55.76 -51.9454 0
      vertex -49.76 -22.76 0
    endloop
  endfacet
  facet normal 0 0 -1
    outer loop
      vertex -51.51 54.76 0
      vertex -49.7381 -22.5521 0
      vertex -49.7545 -22.6555 0
    endloop
  endfacet
  facet normal 0 0 -1
    outer loop
      vertex -51.51 54.76 0
      vertex -49.7111 -22.451 0
      vertex -49.7381 -22.5521 0
    endloop
  endfacet
  facet normal 0 0 -1
    outer loop
      vertex -51.51 54.76 0
      vertex -49.6735 -22.3533 0
      vertex -49.7111 -22.451 0
    endloop
  endfacet
  facet normal 0 0 -1
    outer loop
      vertex -51.51 54.76 0
      vertex -49.626 -22.26 0
      vertex -49.6735 -22.3533 0
    endloop
  endfacet
  facet normal 0 0 -1
    outer loop
      vertex -11 45.3761 0
      vertex -51.51 54.76 0
      vertex -11 48.3761 0
    endloop
  endfacet
  facet normal 0 0 -1
    outer loop
      vertex -52.0873 55.76 0
      vertex -11 48.3761 0
      vertex -51.51 54.76 0
    endloop
  endfacet
  facet normal 0 0 -1
    outer loop
      vertex -11 48.3761 0
      vertex -52.0873 55.76 0
      vertex 52.0873 55.76 0
    endloop
  endfacet
  facet normal 0.998619 -0.0525338 0
    outer loop
      vertex -53.76 51.76 29.5
      vertex -53.749 51.9691 2.5
      vertex -53.749 51.9691 29.5
    endloop
  endfacet
  facet normal 0.998619 -0.0525338 0
    outer loop
      vertex -53.749 51.9691 2.5
      vertex -53.76 51.76 29.5
      vertex -53.76 51.76 2.5
    endloop
  endfacet
  facet normal 0.45389 -0.891058 0
    outer loop
      vertex -52.76 53.4921 2.5
      vertex -52.5735 53.5871 29.5
      vertex -52.76 53.4921 29.5
    endloop
  endfacet
  facet normal 0.45389 -0.891058 0
    outer loop
      vertex -52.5735 53.5871 29.5
      vertex -52.76 53.4921 2.5
      vertex -52.5735 53.5871 2.5
    endloop
  endfacet
  facet normal 1 0 0
    outer loop
      vertex -53.76 2 15.2646
      vertex -53.76 51.76 29.5
      vertex -53.76 2 19.7354
    endloop
  endfacet
  facet normal 1 0 0
    outer loop
      vertex -53.76 51.76 29.5
      vertex -53.76 -2 19.7354
      vertex -53.76 2 19.7354
    endloop
  endfacet
  facet normal 1 0 0
    outer loop
      vertex -53.76 -2 19.7354
      vertex -53.76 -51.76 29.5
      vertex -53.76 -2 15.2646
    endloop
  endfacet
  facet normal 1 -0 0
    outer loop
      vertex -53.76 -51.76 29.5
      vertex -53.76 -2 19.7354
      vertex -53.76 51.76 29.5
    endloop
  endfacet
  facet normal 1 0 0
    outer loop
      vertex -53.76 51.76 29.5
      vertex -53.76 2 15.2646
      vertex -53.76 51.76 2.5
    endloop
  endfacet
  facet normal 1 -0 0
    outer loop
      vertex -53.76 -2 15.2646
      vertex -53.76 51.76 2.5
      vertex -53.76 2 15.2646
    endloop
  endfacet
  facet normal 1 0 0
    outer loop
      vertex -53.76 -2 15.2646
      vertex -53.76 -51.76 2.5
      vertex -53.76 51.76 2.5
    endloop
  endfacet
  facet normal 1 0 0
    outer loop
      vertex -53.76 -51.76 2.5
      vertex -53.76 -2 15.2646
      vertex -53.76 -51.76 29.5
    endloop
  endfacet
  facet normal -1 0 0
    outer loop
      vertex 53.76 51.76 2.5
      vertex 53.76 31.3301 15
      vertex 53.76 51.76 29.5
    endloop
  endfacet
  facet normal -1 0 0
    outer loop
      vertex 53.76 51.76 2.5
      vertex 53.76 27 12.5
      vertex 53.76 31.3301 15
    endloop
  endfacet
  facet normal -1 0 0
    outer loop
      vertex 53.76 22.6699 15
      vertex 53.76 13.3301 15
      vertex 53.76 22.6699 20
    endloop
  endfacet
  facet normal -1 0 0
    outer loop
      vertex 53.76 27 12.5
      vertex 53.76 13.3301 15
      vertex 53.76 22.6699 15
    endloop
  endfacet
  facet normal -1 0 0
    outer loop
      vertex 53.76 9 12.5
      vertex 53.76 27 12.5
      vertex 53.76 51.76 2.5
    endloop
  endfacet
  facet normal -1 0 0
    outer loop
      vertex 53.76 27 12.5
      vertex 53.76 9 12.5
      vertex 53.76 13.3301 15
    endloop
  endfacet
  facet normal -1 0 0
    outer loop
      vertex 53.76 -51.76 29.5
      vertex 53.76 4.66987 15
      vertex 53.76 -51.76 2.5
    endloop
  endfacet
  facet normal -1 -0 0
    outer loop
      vertex 53.76 9 12.5
      vertex 53.76 -51.76 2.5
      vertex 53.76 4.66987 15
    endloop
  endfacet
  facet normal -1 0 0
    outer loop
      vertex 53.76 -51.76 2.5
      vertex 53.76 9 12.5
      vertex 53.76 51.76 2.5
    endloop
  endfacet
  facet normal -1 0 0
    outer loop
      vertex 53.76 31.3301 20
      vertex 53.76 51.76 29.5
      vertex 53.76 31.3301 15
    endloop
  endfacet
  facet normal -1 0 0
    outer loop
      vertex 53.76 27 22.5
      vertex 53.76 51.76 29.5
      vertex 53.76 31.3301 20
    endloop
  endfacet
  facet normal -1 0 0
    outer loop
      vertex 53.76 13.3301 20
      vertex 53.76 22.6699 20
      vertex 53.76 13.3301 15
    endloop
  endfacet
  facet normal -1 0 0
    outer loop
      vertex 53.76 22.6699 20
      vertex 53.76 13.3301 20
      vertex 53.76 27 22.5
    endloop
  endfacet
  facet normal -1 0 0
    outer loop
      vertex 53.76 9 22.5
      vertex 53.76 27 22.5
      vertex 53.76 13.3301 20
    endloop
  endfacet
  facet normal -1 0 0
    outer loop
      vertex 53.76 27 22.5
      vertex 53.76 9 22.5
      vertex 53.76 51.76 29.5
    endloop
  endfacet
  facet normal -1 0 0
    outer loop
      vertex 53.76 4.66987 15
      vertex 53.76 -51.76 29.5
      vertex 53.76 4.66987 20
    endloop
  endfacet
  facet normal -1 0 0
    outer loop
      vertex 53.76 9 22.5
      vertex 53.76 -51.76 29.5
      vertex 53.76 51.76 29.5
    endloop
  endfacet
  facet normal -1 0 0
    outer loop
      vertex 53.76 4.66987 20
      vertex 53.76 -51.76 29.5
      vertex 53.76 9 22.5
    endloop
  endfacet
  facet normal 0.629171 -0.777267 0
    outer loop
      vertex -53.0983 53.2463 2.5
      vertex -52.9356 53.378 29.5
      vertex -53.0983 53.2463 29.5
    endloop
  endfacet
  facet normal 0.629171 -0.777267 0
    outer loop
      vertex -52.9356 53.378 29.5
      vertex -53.0983 53.2463 2.5
      vertex -52.9356 53.378 2.5
    endloop
  endfacet
  facet normal -0.933653 0.358179 0
    outer loop
      vertex 53.5871 -52.5735 2.5
      vertex 53.6621 -52.378 29.5
      vertex 53.6621 -52.378 2.5
    endloop
  endfacet
  facet normal -0.933653 0.358179 0
    outer loop
      vertex 53.6621 -52.378 29.5
      vertex 53.5871 -52.5735 2.5
      vertex 53.5871 -52.5735 29.5
    endloop
  endfacet
  facet normal 0.965901 -0.258911 0
    outer loop
      vertex -53.7163 52.1758 29.5
      vertex -53.6621 52.378 2.5
      vertex -53.6621 52.378 29.5
    endloop
  endfacet
  facet normal 0.965901 -0.258911 0
    outer loop
      vertex -53.6621 52.378 2.5
      vertex -53.7163 52.1758 29.5
      vertex -53.7163 52.1758 2.5
    endloop
  endfacet
  facet normal 0 1 -0
    outer loop
      vertex 51.76 -53.76 2.5
      vertex -51.76 -53.76 29.5
      vertex 51.76 -53.76 29.5
    endloop
  endfacet
  facet normal 0 1 0
    outer loop
      vertex -51.76 -53.76 29.5
      vertex 51.76 -53.76 2.5
      vertex -51.76 -53.76 2.5
    endloop
  endfacet
  facet normal -0.45389 -0.891058 0
    outer loop
      vertex 52.5735 53.5871 2.5
      vertex 52.76 53.4921 29.5
      vertex 52.5735 53.5871 29.5
    endloop
  endfacet
  facet normal -0.45389 -0.891058 -0
    outer loop
      vertex 52.76 53.4921 29.5
      vertex 52.5735 53.5871 2.5
      vertex 52.76 53.4921 2.5
    endloop
  endfacet
  facet normal 0.358179 0.933653 -0
    outer loop
      vertex -52.378 -53.6621 2.5
      vertex -52.5735 -53.5871 29.5
      vertex -52.378 -53.6621 29.5
    endloop
  endfacet
  facet normal 0.358179 0.933653 0
    outer loop
      vertex -52.5735 -53.5871 29.5
      vertex -52.378 -53.6621 2.5
      vertex -52.5735 -53.5871 2.5
    endloop
  endfacet
  facet normal 0 -1 0
    outer loop
      vertex -51.76 53.76 2.5
      vertex 51.76 53.76 29.5
      vertex -51.76 53.76 29.5
    endloop
  endfacet
  facet normal 0 -1 -0
    outer loop
      vertex 51.76 53.76 29.5
      vertex -51.76 53.76 2.5
      vertex 51.76 53.76 2.5
    endloop
  endfacet
  facet normal -0.358179 0.933653 0
    outer loop
      vertex 52.5735 -53.5871 2.5
      vertex 52.378 -53.6621 29.5
      vertex 52.5735 -53.5871 29.5
    endloop
  endfacet
  facet normal -0.358179 0.933653 0
    outer loop
      vertex 52.378 -53.6621 29.5
      vertex 52.5735 -53.5871 2.5
      vertex 52.378 -53.6621 2.5
    endloop
  endfacet
  facet normal 0.838531 -0.544854 0
    outer loop
      vertex -53.4921 52.76 29.5
      vertex -53.378 52.9356 2.5
      vertex -53.378 52.9356 29.5
    endloop
  endfacet
  facet normal 0.838531 -0.544854 0
    outer loop
      vertex -53.378 52.9356 2.5
      vertex -53.4921 52.76 29.5
      vertex -53.4921 52.76 2.5
    endloop
  endfacet
  facet normal -0.358179 -0.933653 0
    outer loop
      vertex 52.378 53.6621 2.5
      vertex 52.5735 53.5871 29.5
      vertex 52.378 53.6621 29.5
    endloop
  endfacet
  facet normal -0.358179 -0.933653 -0
    outer loop
      vertex 52.5735 53.5871 29.5
      vertex 52.378 53.6621 2.5
      vertex 52.5735 53.5871 2.5
    endloop
  endfacet
  facet normal 0 0 1
    outer loop
      vertex -28.8007 49.1993 2.5
      vertex -46.1993 49.1993 2.5
      vertex -28.8007 36.3207 2.5
    endloop
  endfacet
  facet normal 0 0 1
    outer loop
      vertex -28.8007 36.3207 2.5
      vertex -45.8742 35.834 2.5
      vertex -45.76 35.26 2.5
    endloop
  endfacet
  facet normal 0 0 1
    outer loop
      vertex -46.1993 36.3207 2.5
      vertex -28.8007 36.3207 2.5
      vertex -46.1993 49.1993 2.5
    endloop
  endfacet
  facet normal 0 0 1
    outer loop
      vertex -28.8007 36.3207 2.5
      vertex -46.1993 36.3207 2.5
      vertex -45.8742 35.834 2.5
    endloop
  endfacet
  facet normal -0 0 1
    outer loop
      vertex -46.686 48.8742 2.5
      vertex -46.1993 36.3207 2.5
      vertex -46.1993 49.1993 2.5
    endloop
  endfacet
  facet normal 0 0 1
    outer loop
      vertex -46.686 48.8742 2.5
      vertex -46.686 36.6458 2.5
      vertex -46.1993 36.3207 2.5
    endloop
  endfacet
  facet normal -0 0 1
    outer loop
      vertex -47.26 48.76 2.5
      vertex -46.686 36.6458 2.5
      vertex -46.686 48.8742 2.5
    endloop
  endfacet
  facet normal 0 0 1
    outer loop
      vertex -47.26 48.76 2.5
      vertex -47.26 36.76 2.5
      vertex -46.686 36.6458 2.5
    endloop
  endfacet
  facet normal 0 0 1
    outer loop
      vertex -47.834 48.8742 2.5
      vertex -47.26 36.76 2.5
      vertex -47.26 48.76 2.5
    endloop
  endfacet
  facet normal 0 0 1
    outer loop
      vertex -47.834 48.8742 2.5
      vertex -47.834 36.6458 2.5
      vertex -47.26 36.76 2.5
    endloop
  endfacet
  facet normal 0 0 1
    outer loop
      vertex -48.3207 49.1993 2.5
      vertex -47.834 36.6458 2.5
      vertex -47.834 48.8742 2.5
    endloop
  endfacet
  facet normal 0 0 1
    outer loop
      vertex -48.3207 49.1993 2.5
      vertex -48.3207 36.3207 2.5
      vertex -47.834 36.6458 2.5
    endloop
  endfacet
  facet normal 0 0 1
    outer loop
      vertex -53.76 51.76 2.5
      vertex -48.3207 49.1993 2.5
      vertex -48.6458 49.686 2.5
    endloop
  endfacet
  facet normal 0 0 1
    outer loop
      vertex -48.3207 49.1993 2.5
      vertex -53.76 51.76 2.5
      vertex -48.3207 36.3207 2.5
    endloop
  endfacet
  facet normal 0 0 1
    outer loop
      vertex -53.76 51.76 2.5
      vertex -48.6458 49.686 2.5
      vertex -48.76 50.26 2.5
    endloop
  endfacet
  facet normal 0 0 1
    outer loop
      vertex -48.3207 36.3207 2.5
      vertex -53.76 51.76 2.5
      vertex -48.6458 35.834 2.5
    endloop
  endfacet
  facet normal 0 0 1
    outer loop
      vertex -22.314 48.8742 2.5
      vertex -27.166 48.8742 2.5
      vertex -22.314 36.6458 2.5
    endloop
  endfacet
  facet normal 0 0 1
    outer loop
      vertex -22.8007 36.3207 2.5
      vertex -26.3542 35.834 2.5
      vertex -26.24 35.26 2.5
    endloop
  endfacet
  facet normal 0 0 1
    outer loop
      vertex -27.166 36.6458 2.5
      vertex -22.314 36.6458 2.5
      vertex -27.166 48.8742 2.5
    endloop
  endfacet
  facet normal 0 0 1
    outer loop
      vertex -22.8007 36.3207 2.5
      vertex -26.6793 36.3207 2.5
      vertex -26.3542 35.834 2.5
    endloop
  endfacet
  facet normal 0 0 1
    outer loop
      vertex -22.314 36.6458 2.5
      vertex -27.166 36.6458 2.5
      vertex -22.8007 36.3207 2.5
    endloop
  endfacet
  facet normal 0 0 1
    outer loop
      vertex -22.8007 36.3207 2.5
      vertex -27.166 36.6458 2.5
      vertex -26.6793 36.3207 2.5
    endloop
  endfacet
  facet normal -0 0 1
    outer loop
      vertex -27.74 48.76 2.5
      vertex -27.166 36.6458 2.5
      vertex -27.166 48.8742 2.5
    endloop
  endfacet
  facet normal 0 0 1
    outer loop
      vertex -27.74 48.76 2.5
      vertex -27.74 36.76 2.5
      vertex -27.166 36.6458 2.5
    endloop
  endfacet
  facet normal 0 0 1
    outer loop
      vertex -28.314 48.8742 2.5
      vertex -27.74 36.76 2.5
      vertex -27.74 48.76 2.5
    endloop
  endfacet
  facet normal 0 0 1
    outer loop
      vertex -28.314 48.8742 2.5
      vertex -28.314 36.6458 2.5
      vertex -27.74 36.76 2.5
    endloop
  endfacet
  facet normal 0 0 1
    outer loop
      vertex -28.8007 49.1993 2.5
      vertex -28.314 36.6458 2.5
      vertex -28.314 48.8742 2.5
    endloop
  endfacet
  facet normal 0 0 1
    outer loop
      vertex -28.8007 49.1993 2.5
      vertex -28.8007 36.3207 2.5
      vertex -28.314 36.6458 2.5
    endloop
  endfacet
  facet normal 0 0 1
    outer loop
      vertex -45.8742 49.686 2.5
      vertex -29.1258 49.686 2.5
      vertex -45.76 50.26 2.5
    endloop
  endfacet
  facet normal 0 0 1
    outer loop
      vertex -29.1258 49.686 2.5
      vertex -45.8742 49.686 2.5
      vertex -28.8007 49.1993 2.5
    endloop
  endfacet
  facet normal -0 0 1
    outer loop
      vertex -45.76 50.26 2.5
      vertex -29.1258 49.686 2.5
      vertex -29.24 50.26 2.5
    endloop
  endfacet
  facet normal 0 0 1
    outer loop
      vertex -46.1993 49.1993 2.5
      vertex -28.8007 49.1993 2.5
      vertex -45.8742 49.686 2.5
    endloop
  endfacet
  facet normal -0 0 1
    outer loop
      vertex -20.6793 49.1993 2.5
      vertex -11 45.1808 2.5
      vertex -20.3542 49.686 2.5
    endloop
  endfacet
  facet normal 0 0 1
    outer loop
      vertex -11 45.1808 2.5
      vertex -20.3542 35.834 2.5
      vertex -20.24 35.26 2.5
    endloop
  endfacet
  facet normal -0 0 1
    outer loop
      vertex -21.166 48.8742 2.5
      vertex -11 45.1808 2.5
      vertex -20.6793 49.1993 2.5
    endloop
  endfacet
  facet normal 0 0 1
    outer loop
      vertex -11 45.1808 2.5
      vertex -20.6793 36.3207 2.5
      vertex -20.3542 35.834 2.5
    endloop
  endfacet
  facet normal 0 0 1
    outer loop
      vertex -21.166 36.6458 2.5
      vertex -11 45.1808 2.5
      vertex -21.166 48.8742 2.5
    endloop
  endfacet
  facet normal 0 0 1
    outer loop
      vertex -11 45.1808 2.5
      vertex -21.166 36.6458 2.5
      vertex -20.6793 36.3207 2.5
    endloop
  endfacet
  facet normal -0 0 1
    outer loop
      vertex -21.74 48.76 2.5
      vertex -21.166 36.6458 2.5
      vertex -21.166 48.8742 2.5
    endloop
  endfacet
  facet normal 0 0 1
    outer loop
      vertex -21.74 48.76 2.5
      vertex -21.74 36.76 2.5
      vertex -21.166 36.6458 2.5
    endloop
  endfacet
  facet normal 0 0 1
    outer loop
      vertex -22.314 48.8742 2.5
      vertex -21.74 36.76 2.5
      vertex -21.74 48.76 2.5
    endloop
  endfacet
  facet normal 0 0 1
    outer loop
      vertex -22.314 48.8742 2.5
      vertex -22.314 36.6458 2.5
      vertex -21.74 36.76 2.5
    endloop
  endfacet
  facet normal 0 0 1
    outer loop
      vertex -26.6793 49.1993 2.5
      vertex -22.8007 49.1993 2.5
      vertex -26.3542 49.686 2.5
    endloop
  endfacet
  facet normal 0 0 1
    outer loop
      vertex -22.8007 49.1993 2.5
      vertex -26.6793 49.1993 2.5
      vertex -22.314 48.8742 2.5
    endloop
  endfacet
  facet normal 0 0 1
    outer loop
      vertex -26.3542 49.686 2.5
      vertex -23.1258 49.686 2.5
      vertex -26.24 50.26 2.5
    endloop
  endfacet
  facet normal 0 0 1
    outer loop
      vertex -23.1258 49.686 2.5
      vertex -26.3542 49.686 2.5
      vertex -22.8007 49.1993 2.5
    endloop
  endfacet
  facet normal -0 0 1
    outer loop
      vertex -26.24 50.26 2.5
      vertex -23.1258 49.686 2.5
      vertex -23.24 50.26 2.5
    endloop
  endfacet
  facet normal 0 0 1
    outer loop
      vertex -27.166 48.8742 2.5
      vertex -22.314 48.8742 2.5
      vertex -26.6793 49.1993 2.5
    endloop
  endfacet
  facet normal 0 0 1
    outer loop
      vertex -2.80066 34.1993 2.5
      vertex -20.6793 34.1993 2.5
      vertex -11 10.5792 2.5
    endloop
  endfacet
  facet normal -0 0 1
    outer loop
      vertex -21.166 33.8742 2.5
      vertex -11 10.5792 2.5
      vertex -20.6793 34.1993 2.5
    endloop
  endfacet
  facet normal -0 0 1
    outer loop
      vertex -21.74 33.76 2.5
      vertex -11 10.5792 2.5
      vertex -21.166 33.8742 2.5
    endloop
  endfacet
  facet normal -0 0 1
    outer loop
      vertex -27.74 33.76 2.5
      vertex -11 10.5792 2.5
      vertex -21.74 33.76 2.5
    endloop
  endfacet
  facet normal 0 0 1
    outer loop
      vertex -28.314 33.8742 2.5
      vertex -11 10.5792 2.5
      vertex -27.74 33.76 2.5
    endloop
  endfacet
  facet normal 0 0 1
    outer loop
      vertex -27.74 33.76 2.5
      vertex -21.74 33.76 2.5
      vertex -22.314 33.8742 2.5
    endloop
  endfacet
  facet normal 0 0 1
    outer loop
      vertex -27.166 33.8742 2.5
      vertex -22.314 33.8742 2.5
      vertex -22.8007 34.1993 2.5
    endloop
  endfacet
  facet normal 0 0 1
    outer loop
      vertex -26.6793 34.1993 2.5
      vertex -22.8007 34.1993 2.5
      vertex -23.1258 34.686 2.5
    endloop
  endfacet
  facet normal 0 0 1
    outer loop
      vertex -26.3542 34.686 2.5
      vertex -23.1258 34.686 2.5
      vertex -23.24 35.26 2.5
    endloop
  endfacet
  facet normal 0 0 1
    outer loop
      vertex -23.1258 35.834 2.5
      vertex -26.24 35.26 2.5
      vertex -23.24 35.26 2.5
    endloop
  endfacet
  facet normal 0 0 1
    outer loop
      vertex -26.3542 34.686 2.5
      vertex -23.24 35.26 2.5
      vertex -26.24 35.26 2.5
    endloop
  endfacet
  facet normal 0 0 1
    outer loop
      vertex -23.1258 34.686 2.5
      vertex -26.3542 34.686 2.5
      vertex -26.6793 34.1993 2.5
    endloop
  endfacet
  facet normal 0 0 1
    outer loop
      vertex -22.8007 34.1993 2.5
      vertex -26.6793 34.1993 2.5
      vertex -27.166 33.8742 2.5
    endloop
  endfacet
  facet normal 0 0 1
    outer loop
      vertex -22.314 33.8742 2.5
      vertex -27.166 33.8742 2.5
      vertex -27.74 33.76 2.5
    endloop
  endfacet
  facet normal 0 0 1
    outer loop
      vertex -11 10.5792 2.5
      vertex -28.314 33.8742 2.5
      vertex -11 7.56056 2.5
    endloop
  endfacet
  facet normal -0 0 1
    outer loop
      vertex -46.686 33.8742 2.5
      vertex -11 7.56056 2.5
      vertex -28.314 33.8742 2.5
    endloop
  endfacet
  facet normal 0 0 1
    outer loop
      vertex -46.686 33.8742 2.5
      vertex -28.314 33.8742 2.5
      vertex -28.8007 34.1993 2.5
    endloop
  endfacet
  facet normal 0 0 1
    outer loop
      vertex -46.1993 34.1993 2.5
      vertex -28.8007 34.1993 2.5
      vertex -29.1258 34.686 2.5
    endloop
  endfacet
  facet normal 0 0 1
    outer loop
      vertex -45.8742 34.686 2.5
      vertex -29.1258 34.686 2.5
      vertex -29.24 35.26 2.5
    endloop
  endfacet
  facet normal 0 0 1
    outer loop
      vertex -29.1258 35.834 2.5
      vertex -45.76 35.26 2.5
      vertex -29.24 35.26 2.5
    endloop
  endfacet
  facet normal 0 0 1
    outer loop
      vertex -45.8742 34.686 2.5
      vertex -29.24 35.26 2.5
      vertex -45.76 35.26 2.5
    endloop
  endfacet
  facet normal 0 0 1
    outer loop
      vertex -29.1258 34.686 2.5
      vertex -45.8742 34.686 2.5
      vertex -46.1993 34.1993 2.5
    endloop
  endfacet
  facet normal 0 0 1
    outer loop
      vertex -28.8007 34.1993 2.5
      vertex -46.1993 34.1993 2.5
      vertex -46.686 33.8742 2.5
    endloop
  endfacet
  facet normal 0 0 1
    outer loop
      vertex -11 7.56056 2.5
      vertex -46.686 33.8742 2.5
      vertex -52.26 -18.26 2.5
    endloop
  endfacet
  facet normal 0 0 1
    outer loop
      vertex -52.26 -18.26 2.5
      vertex -46.686 33.8742 2.5
      vertex -47.26 33.76 2.5
    endloop
  endfacet
  facet normal 0 0 1
    outer loop
      vertex -52.26 -18.26 2.5
      vertex -47.26 33.76 2.5
      vertex -47.834 33.8742 2.5
    endloop
  endfacet
  facet normal 0 0 1
    outer loop
      vertex -52.6667 -18.3465 2.5
      vertex -47.834 33.8742 2.5
      vertex -48.3207 34.1993 2.5
    endloop
  endfacet
  facet normal 0 0 1
    outer loop
      vertex -53.0031 -18.5909 2.5
      vertex -48.3207 34.1993 2.5
      vertex -48.6458 34.686 2.5
    endloop
  endfacet
  facet normal 0 0 1
    outer loop
      vertex -48.6458 50.834 2.5
      vertex -53.76 51.76 2.5
      vertex -48.76 50.26 2.5
    endloop
  endfacet
  facet normal 0 0 1
    outer loop
      vertex -53.76 51.76 2.5
      vertex -51.9691 53.749 2.5
      vertex -52.1758 53.7163 2.5
    endloop
  endfacet
  facet normal 0 0 1
    outer loop
      vertex -11 7.56056 2.5
      vertex -52.26 -18.26 2.5
      vertex -19.26 -18.26 2.5
    endloop
  endfacet
  facet normal 0 0 1
    outer loop
      vertex -53.1735 -18.8533 2.5
      vertex -48.6458 34.686 2.5
      vertex -48.76 35.26 2.5
    endloop
  endfacet
  facet normal 0 0 1
    outer loop
      vertex -48.6458 35.834 2.5
      vertex -53.76 51.76 2.5
      vertex -48.76 35.26 2.5
    endloop
  endfacet
  facet normal 0 -0 1
    outer loop
      vertex -53.1735 -18.8533 2.5
      vertex -48.76 35.26 2.5
      vertex -53.76 51.76 2.5
    endloop
  endfacet
  facet normal 0 0 1
    outer loop
      vertex -53.76 51.76 2.5
      vertex -52.1758 53.7163 2.5
      vertex -52.378 53.6621 2.5
    endloop
  endfacet
  facet normal 0 0 1
    outer loop
      vertex -47.834 33.8742 2.5
      vertex -52.3645 -18.2655 2.5
      vertex -52.26 -18.26 2.5
    endloop
  endfacet
  facet normal 0 0 1
    outer loop
      vertex -47.834 33.8742 2.5
      vertex -52.4679 -18.2819 2.5
      vertex -52.3645 -18.2655 2.5
    endloop
  endfacet
  facet normal 0 0 1
    outer loop
      vertex -53.76 51.76 2.5
      vertex -52.378 53.6621 2.5
      vertex -52.5735 53.5871 2.5
    endloop
  endfacet
  facet normal 0 0 1
    outer loop
      vertex -47.834 33.8742 2.5
      vertex -52.569 -18.3089 2.5
      vertex -52.4679 -18.2819 2.5
    endloop
  endfacet
  facet normal 0 0 1
    outer loop
      vertex -53.76 51.76 2.5
      vertex -52.5735 53.5871 2.5
      vertex -52.76 53.4921 2.5
    endloop
  endfacet
  facet normal 0 0 1
    outer loop
      vertex -47.834 33.8742 2.5
      vertex -52.6667 -18.3465 2.5
      vertex -52.569 -18.3089 2.5
    endloop
  endfacet
  facet normal 0 0 1
    outer loop
      vertex -48.3207 34.1993 2.5
      vertex -52.76 -18.394 2.5
      vertex -52.6667 -18.3465 2.5
    endloop
  endfacet
  facet normal 0 0 1
    outer loop
      vertex -48.3207 34.1993 2.5
      vertex -52.8478 -18.451 2.5
      vertex -52.76 -18.394 2.5
    endloop
  endfacet
  facet normal 0 0 1
    outer loop
      vertex -53.76 51.76 2.5
      vertex -52.76 53.4921 2.5
      vertex -52.9356 53.378 2.5
    endloop
  endfacet
  facet normal 0 0 1
    outer loop
      vertex -48.3207 34.1993 2.5
      vertex -52.9291 -18.5169 2.5
      vertex -52.8478 -18.451 2.5
    endloop
  endfacet
  facet normal 0 0 1
    outer loop
      vertex -48.3207 34.1993 2.5
      vertex -53.0031 -18.5909 2.5
      vertex -52.9291 -18.5169 2.5
    endloop
  endfacet
  facet normal 0 0 1
    outer loop
      vertex -53.76 51.76 2.5
      vertex -52.9356 53.378 2.5
      vertex -53.0983 53.2463 2.5
    endloop
  endfacet
  facet normal 0 0 1
    outer loop
      vertex -48.6458 34.686 2.5
      vertex -53.069 -18.6722 2.5
      vertex -53.0031 -18.5909 2.5
    endloop
  endfacet
  facet normal 0 0 1
    outer loop
      vertex -48.6458 34.686 2.5
      vertex -53.126 -18.76 2.5
      vertex -53.069 -18.6722 2.5
    endloop
  endfacet
  facet normal 0 0 1
    outer loop
      vertex -48.6458 34.686 2.5
      vertex -53.1735 -18.8533 2.5
      vertex -53.126 -18.76 2.5
    endloop
  endfacet
  facet normal 0 0 1
    outer loop
      vertex -53.1735 -18.8533 2.5
      vertex -53.76 51.76 2.5
      vertex -53.2111 -18.951 2.5
    endloop
  endfacet
  facet normal 0 0 1
    outer loop
      vertex -53.76 51.76 2.5
      vertex -53.0983 53.2463 2.5
      vertex -53.2463 53.0983 2.5
    endloop
  endfacet
  facet normal 0 0 1
    outer loop
      vertex -53.2111 -18.951 2.5
      vertex -53.76 51.76 2.5
      vertex -53.2381 -19.0521 2.5
    endloop
  endfacet
  facet normal 0 0 1
    outer loop
      vertex -53.2381 -19.0521 2.5
      vertex -53.76 51.76 2.5
      vertex -53.2545 -19.1555 2.5
    endloop
  endfacet
  facet normal 0 0 1
    outer loop
      vertex -53.2545 -19.1555 2.5
      vertex -53.76 51.76 2.5
      vertex -53.26 -19.26 2.5
    endloop
  endfacet
  facet normal 0 0 1
    outer loop
      vertex -53.76 51.76 2.5
      vertex -53.2463 53.0983 2.5
      vertex -53.378 52.9356 2.5
    endloop
  endfacet
  facet normal 0 0 1
    outer loop
      vertex 8.26 7.56056 2.5
      vertex -11 7.56056 2.5
      vertex 8.26 1.5 2.5
    endloop
  endfacet
  facet normal 0 0 1
    outer loop
      vertex -18.26 -19.26 2.5
      vertex 11 -10.5792 2.5
      vertex -11 -10.5792 2.5
    endloop
  endfacet
  facet normal 0 0 1
    outer loop
      vertex 11 -10.5792 2.5
      vertex -18.26 -19.26 2.5
      vertex 11 -45.1808 2.5
    endloop
  endfacet
  facet normal -0 0 1
    outer loop
      vertex -1.16598 51.6458 2.5
      vertex 11 48.1994 2.5
      vertex 51.76 53.76 2.5
    endloop
  endfacet
  facet normal 0 0 1
    outer loop
      vertex 11 48.1994 2.5
      vertex -0.354182 50.834 2.5
      vertex -0.24 50.26 2.5
    endloop
  endfacet
  facet normal 0 0 1
    outer loop
      vertex 11 48.1994 2.5
      vertex -0.679341 51.3207 2.5
      vertex -0.354182 50.834 2.5
    endloop
  endfacet
  facet normal 0 0 1
    outer loop
      vertex 11 48.1994 2.5
      vertex -1.16598 51.6458 2.5
      vertex -0.679341 51.3207 2.5
    endloop
  endfacet
  facet normal 0 0 1
    outer loop
      vertex 51.76 53.76 2.5
      vertex -1.74 51.76 2.5
      vertex -1.16598 51.6458 2.5
    endloop
  endfacet
  facet normal 0 0 1
    outer loop
      vertex -3.12582 50.834 2.5
      vertex -11 48.1994 2.5
      vertex -3.24 50.26 2.5
    endloop
  endfacet
  facet normal 0 0 1
    outer loop
      vertex -2.80066 51.3207 2.5
      vertex -11 48.1994 2.5
      vertex -3.12582 50.834 2.5
    endloop
  endfacet
  facet normal 0 0 1
    outer loop
      vertex -20.6793 51.3207 2.5
      vertex -2.80066 51.3207 2.5
      vertex -2.31402 51.6458 2.5
    endloop
  endfacet
  facet normal -0 0 1
    outer loop
      vertex -20.3542 49.686 2.5
      vertex -11 48.1994 2.5
      vertex -20.24 50.26 2.5
    endloop
  endfacet
  facet normal 0 0 1
    outer loop
      vertex -11 48.1994 2.5
      vertex -20.3542 49.686 2.5
      vertex -11 45.1808 2.5
    endloop
  endfacet
  facet normal 0 0 1
    outer loop
      vertex -3.12582 34.686 2.5
      vertex -20.3542 34.686 2.5
      vertex -2.80066 34.1993 2.5
    endloop
  endfacet
  facet normal 0 0 1
    outer loop
      vertex -20.6793 34.1993 2.5
      vertex -2.80066 34.1993 2.5
      vertex -20.3542 34.686 2.5
    endloop
  endfacet
  facet normal 0 0 1
    outer loop
      vertex -11 7.56056 2.5
      vertex -19.26 -18.26 2.5
      vertex -11 -7.56056 2.5
    endloop
  endfacet
  facet normal 0 -0 1
    outer loop
      vertex -18.26 -19.26 2.5
      vertex -11 -10.5792 2.5
      vertex -18.2655 -19.1555 2.5
    endloop
  endfacet
  facet normal 0 0 1
    outer loop
      vertex 11 -45.1808 2.5
      vertex -18.26 -19.26 2.5
      vertex -11 -45.1808 2.5
    endloop
  endfacet
  facet normal 0 0 1
    outer loop
      vertex -18.26 -52.26 2.5
      vertex -11 -45.1808 2.5
      vertex -18.26 -19.26 2.5
    endloop
  endfacet
  facet normal 0 0 1
    outer loop
      vertex -11 -10.5792 2.5
      vertex -18.2819 -19.0521 2.5
      vertex -18.2655 -19.1555 2.5
    endloop
  endfacet
  facet normal 0 0 1
    outer loop
      vertex -11 -10.5792 2.5
      vertex -18.3089 -18.951 2.5
      vertex -18.2819 -19.0521 2.5
    endloop
  endfacet
  facet normal 0 0 1
    outer loop
      vertex -11 -10.5792 2.5
      vertex -18.3465 -18.8533 2.5
      vertex -18.3089 -18.951 2.5
    endloop
  endfacet
  facet normal 0 0 1
    outer loop
      vertex -11 -10.5792 2.5
      vertex -18.394 -18.76 2.5
      vertex -18.3465 -18.8533 2.5
    endloop
  endfacet
  facet normal 0 0 1
    outer loop
      vertex -11 -10.5792 2.5
      vertex -18.451 -18.6722 2.5
      vertex -18.394 -18.76 2.5
    endloop
  endfacet
  facet normal 0 0 1
    outer loop
      vertex -11 -10.5792 2.5
      vertex -18.5169 -18.5909 2.5
      vertex -18.451 -18.6722 2.5
    endloop
  endfacet
  facet normal 0 0 1
    outer loop
      vertex -11 -10.5792 2.5
      vertex -18.5909 -18.5169 2.5
      vertex -18.5169 -18.5909 2.5
    endloop
  endfacet
  facet normal 0 0 1
    outer loop
      vertex -11 -10.5792 2.5
      vertex -18.6722 -18.451 2.5
      vertex -18.5909 -18.5169 2.5
    endloop
  endfacet
  facet normal 0 0 1
    outer loop
      vertex -11 -10.5792 2.5
      vertex -18.76 -18.394 2.5
      vertex -18.6722 -18.451 2.5
    endloop
  endfacet
  facet normal 0 0 1
    outer loop
      vertex -11 -10.5792 2.5
      vertex -18.8533 -18.3465 2.5
      vertex -18.76 -18.394 2.5
    endloop
  endfacet
  facet normal 0 0 1
    outer loop
      vertex -11 -10.5792 2.5
      vertex -18.951 -18.3089 2.5
      vertex -18.8533 -18.3465 2.5
    endloop
  endfacet
  facet normal 0 0 1
    outer loop
      vertex -11 -10.5792 2.5
      vertex -19.0521 -18.2819 2.5
      vertex -18.951 -18.3089 2.5
    endloop
  endfacet
  facet normal 0 0 1
    outer loop
      vertex -11 -10.5792 2.5
      vertex -19.1555 -18.2655 2.5
      vertex -19.0521 -18.2819 2.5
    endloop
  endfacet
  facet normal 0 0 1
    outer loop
      vertex -11 -10.5792 2.5
      vertex -19.26 -18.26 2.5
      vertex -19.1555 -18.2655 2.5
    endloop
  endfacet
  facet normal 0 0 1
    outer loop
      vertex -11 -7.56056 2.5
      vertex -19.26 -18.26 2.5
      vertex -11 -10.5792 2.5
    endloop
  endfacet
  facet normal 0 0 1
    outer loop
      vertex -2.80066 51.3207 2.5
      vertex -20.6793 51.3207 2.5
      vertex -11 48.1994 2.5
    endloop
  endfacet
  facet normal 0 0 1
    outer loop
      vertex -21.166 51.6458 2.5
      vertex -2.31402 51.6458 2.5
      vertex -1.74 51.76 2.5
    endloop
  endfacet
  facet normal 0 0 1
    outer loop
      vertex -11 48.1994 2.5
      vertex -20.3542 50.834 2.5
      vertex -20.24 50.26 2.5
    endloop
  endfacet
  facet normal 0 0 1
    outer loop
      vertex -11 48.1994 2.5
      vertex -20.6793 51.3207 2.5
      vertex -20.3542 50.834 2.5
    endloop
  endfacet
  facet normal -0 0 1
    outer loop
      vertex -51.76 53.76 2.5
      vertex -1.74 51.76 2.5
      vertex 51.76 53.76 2.5
    endloop
  endfacet
  facet normal 0 0 1
    outer loop
      vertex -2.31402 51.6458 2.5
      vertex -21.166 51.6458 2.5
      vertex -20.6793 51.3207 2.5
    endloop
  endfacet
  facet normal 0 0 1
    outer loop
      vertex -1.74 51.76 2.5
      vertex -21.74 51.76 2.5
      vertex -21.166 51.6458 2.5
    endloop
  endfacet
  facet normal 0 0 1
    outer loop
      vertex -22.8007 36.3207 2.5
      vertex -26.24 35.26 2.5
      vertex -23.1258 35.834 2.5
    endloop
  endfacet
  facet normal 0 0 1
    outer loop
      vertex -23.1258 50.834 2.5
      vertex -26.24 50.26 2.5
      vertex -23.24 50.26 2.5
    endloop
  endfacet
  facet normal 0 0 1
    outer loop
      vertex -26.3542 50.834 2.5
      vertex -23.1258 50.834 2.5
      vertex -22.8007 51.3207 2.5
    endloop
  endfacet
  facet normal 0 0 1
    outer loop
      vertex -26.6793 51.3207 2.5
      vertex -22.8007 51.3207 2.5
      vertex -22.314 51.6458 2.5
    endloop
  endfacet
  facet normal 0 0 1
    outer loop
      vertex -23.1258 50.834 2.5
      vertex -26.3542 50.834 2.5
      vertex -26.24 50.26 2.5
    endloop
  endfacet
  facet normal 0 0 1
    outer loop
      vertex -22.8007 51.3207 2.5
      vertex -26.6793 51.3207 2.5
      vertex -26.3542 50.834 2.5
    endloop
  endfacet
  facet normal 0 0 1
    outer loop
      vertex -27.166 51.6458 2.5
      vertex -22.314 51.6458 2.5
      vertex -21.74 51.76 2.5
    endloop
  endfacet
  facet normal 0 0 1
    outer loop
      vertex -22.314 51.6458 2.5
      vertex -27.166 51.6458 2.5
      vertex -26.6793 51.3207 2.5
    endloop
  endfacet
  facet normal 0 0 1
    outer loop
      vertex -1.74 51.76 2.5
      vertex -51.76 53.76 2.5
      vertex -21.74 51.76 2.5
    endloop
  endfacet
  facet normal 0 0 1
    outer loop
      vertex -21.74 51.76 2.5
      vertex -27.74 51.76 2.5
      vertex -27.166 51.6458 2.5
    endloop
  endfacet
  facet normal 0 0 1
    outer loop
      vertex -28.8007 36.3207 2.5
      vertex -45.76 35.26 2.5
      vertex -29.1258 35.834 2.5
    endloop
  endfacet
  facet normal 0 0 1
    outer loop
      vertex -29.1258 50.834 2.5
      vertex -45.76 50.26 2.5
      vertex -29.24 50.26 2.5
    endloop
  endfacet
  facet normal 0 0 1
    outer loop
      vertex -45.8742 50.834 2.5
      vertex -29.1258 50.834 2.5
      vertex -28.8007 51.3207 2.5
    endloop
  endfacet
  facet normal 0 0 1
    outer loop
      vertex -46.1993 51.3207 2.5
      vertex -28.8007 51.3207 2.5
      vertex -28.314 51.6458 2.5
    endloop
  endfacet
  facet normal 0 0 1
    outer loop
      vertex -51.76 53.76 2.5
      vertex -28.314 51.6458 2.5
      vertex -27.74 51.76 2.5
    endloop
  endfacet
  facet normal 0 0 1
    outer loop
      vertex -29.1258 50.834 2.5
      vertex -45.8742 50.834 2.5
      vertex -45.76 50.26 2.5
    endloop
  endfacet
  facet normal 0 0 1
    outer loop
      vertex -28.8007 51.3207 2.5
      vertex -46.1993 51.3207 2.5
      vertex -45.8742 50.834 2.5
    endloop
  endfacet
  facet normal 0 0 1
    outer loop
      vertex -21.74 51.76 2.5
      vertex -51.76 53.76 2.5
      vertex -27.74 51.76 2.5
    endloop
  endfacet
  facet normal 0 0 1
    outer loop
      vertex -28.314 51.6458 2.5
      vertex -46.686 51.6458 2.5
      vertex -46.1993 51.3207 2.5
    endloop
  endfacet
  facet normal 0 0 1
    outer loop
      vertex -28.314 51.6458 2.5
      vertex -51.76 53.76 2.5
      vertex -46.686 51.6458 2.5
    endloop
  endfacet
  facet normal 0 0 1
    outer loop
      vertex -53.76 51.76 2.5
      vertex -51.76 53.76 2.5
      vertex -51.9691 53.749 2.5
    endloop
  endfacet
  facet normal -0 0 1
    outer loop
      vertex -53.76 51.76 2.5
      vertex -48.6458 50.834 2.5
      vertex -51.76 53.76 2.5
    endloop
  endfacet
  facet normal 0 0 1
    outer loop
      vertex -48.3207 51.3207 2.5
      vertex -51.76 53.76 2.5
      vertex -48.6458 50.834 2.5
    endloop
  endfacet
  facet normal 0 0 1
    outer loop
      vertex -47.834 51.6458 2.5
      vertex -51.76 53.76 2.5
      vertex -48.3207 51.3207 2.5
    endloop
  endfacet
  facet normal 0 0 1
    outer loop
      vertex -47.26 51.76 2.5
      vertex -51.76 53.76 2.5
      vertex -47.834 51.6458 2.5
    endloop
  endfacet
  facet normal 0 0 1
    outer loop
      vertex -46.686 51.6458 2.5
      vertex -51.76 53.76 2.5
      vertex -47.26 51.76 2.5
    endloop
  endfacet
  facet normal 0 0 1
    outer loop
      vertex 51.76 53.76 2.5
      vertex 53.76 51.76 2.5
      vertex 53.749 51.9691 2.5
    endloop
  endfacet
  facet normal 0 0 1
    outer loop
      vertex 53.76 51.76 2.5
      vertex 53.26 1.5 2.5
      vertex 53.76 -51.76 2.5
    endloop
  endfacet
  facet normal 0 0 1
    outer loop
      vertex 51.76 53.76 2.5
      vertex 53.749 51.9691 2.5
      vertex 53.7163 52.1758 2.5
    endloop
  endfacet
  facet normal -0 0 1
    outer loop
      vertex 53.2545 1.39547 2.5
      vertex 53.76 -51.76 2.5
      vertex 53.26 1.5 2.5
    endloop
  endfacet
  facet normal 0 0 1
    outer loop
      vertex 51.76 53.76 2.5
      vertex 53.7163 52.1758 2.5
      vertex 53.6621 52.378 2.5
    endloop
  endfacet
  facet normal -0 0 1
    outer loop
      vertex 53.2381 1.29209 2.5
      vertex 53.76 -51.76 2.5
      vertex 53.2545 1.39547 2.5
    endloop
  endfacet
  facet normal 0 0 1
    outer loop
      vertex 51.76 53.76 2.5
      vertex 53.6621 52.378 2.5
      vertex 53.5871 52.5735 2.5
    endloop
  endfacet
  facet normal -0 0 1
    outer loop
      vertex 53.2111 1.19098 2.5
      vertex 53.76 -51.76 2.5
      vertex 53.2381 1.29209 2.5
    endloop
  endfacet
  facet normal 0 0 1
    outer loop
      vertex 51.76 53.76 2.5
      vertex 53.5871 52.5735 2.5
      vertex 53.4921 52.76 2.5
    endloop
  endfacet
  facet normal 0 0 1
    outer loop
      vertex 53.76 51.76 2.5
      vertex 53.26 34.5 2.5
      vertex 53.26 1.5 2.5
    endloop
  endfacet
  facet normal 0 0 1
    outer loop
      vertex 51.76 53.76 2.5
      vertex 53.4921 52.76 2.5
      vertex 53.378 52.9356 2.5
    endloop
  endfacet
  facet normal -0 0 1
    outer loop
      vertex 53.1735 1.09326 2.5
      vertex 53.76 -51.76 2.5
      vertex 53.2111 1.19098 2.5
    endloop
  endfacet
  facet normal -0 0 1
    outer loop
      vertex 53.126 1 2.5
      vertex 53.76 -51.76 2.5
      vertex 53.1735 1.09326 2.5
    endloop
  endfacet
  facet normal 0 0 1
    outer loop
      vertex 53.76 51.76 2.5
      vertex 53.2545 34.6045 2.5
      vertex 53.26 34.5 2.5
    endloop
  endfacet
  facet normal 0 0 1
    outer loop
      vertex 51.76 53.76 2.5
      vertex 53.378 52.9356 2.5
      vertex 53.2463 53.0983 2.5
    endloop
  endfacet
  facet normal 0 0 1
    outer loop
      vertex 53.76 51.76 2.5
      vertex 53.2381 34.7079 2.5
      vertex 53.2545 34.6045 2.5
    endloop
  endfacet
  facet normal 0 0 1
    outer loop
      vertex 53.76 51.76 2.5
      vertex 53.2111 34.809 2.5
      vertex 53.2381 34.7079 2.5
    endloop
  endfacet
  facet normal 0 0 1
    outer loop
      vertex 53.76 51.76 2.5
      vertex 53.1735 34.9067 2.5
      vertex 53.2111 34.809 2.5
    endloop
  endfacet
  facet normal 0 0 1
    outer loop
      vertex 53.76 51.76 2.5
      vertex 53.126 35 2.5
      vertex 53.1735 34.9067 2.5
    endloop
  endfacet
  facet normal 0 0 1
    outer loop
      vertex 51.76 53.76 2.5
      vertex 53.2463 53.0983 2.5
      vertex 53.0983 53.2463 2.5
    endloop
  endfacet
  facet normal 0 0 1
    outer loop
      vertex 53.76 51.76 2.5
      vertex 53.069 35.0878 2.5
      vertex 53.126 35 2.5
    endloop
  endfacet
  facet normal 0 0 1
    outer loop
      vertex 53.76 51.76 2.5
      vertex 53.0031 35.1691 2.5
      vertex 53.069 35.0878 2.5
    endloop
  endfacet
  facet normal 0 0 1
    outer loop
      vertex 51.76 53.76 2.5
      vertex 53.0983 53.2463 2.5
      vertex 52.9356 53.378 2.5
    endloop
  endfacet
  facet normal 0 0 1
    outer loop
      vertex 53.76 51.76 2.5
      vertex 52.9291 35.2431 2.5
      vertex 53.0031 35.1691 2.5
    endloop
  endfacet
  facet normal 0 0 1
    outer loop
      vertex 53.76 51.76 2.5
      vertex 52.8478 35.309 2.5
      vertex 52.9291 35.2431 2.5
    endloop
  endfacet
  facet normal 0 0 1
    outer loop
      vertex 51.76 53.76 2.5
      vertex 52.9356 53.378 2.5
      vertex 52.76 53.4921 2.5
    endloop
  endfacet
  facet normal 0 0 1
    outer loop
      vertex 53.76 51.76 2.5
      vertex 52.76 35.366 2.5
      vertex 52.8478 35.309 2.5
    endloop
  endfacet
  facet normal 0 0 1
    outer loop
      vertex 53.76 51.76 2.5
      vertex 52.6667 35.4135 2.5
      vertex 52.76 35.366 2.5
    endloop
  endfacet
  facet normal 0 0 1
    outer loop
      vertex 51.76 53.76 2.5
      vertex 52.76 53.4921 2.5
      vertex 52.5735 53.5871 2.5
    endloop
  endfacet
  facet normal 0 0 1
    outer loop
      vertex 53.76 51.76 2.5
      vertex 52.569 35.4511 2.5
      vertex 52.6667 35.4135 2.5
    endloop
  endfacet
  facet normal 0 0 1
    outer loop
      vertex 53.76 51.76 2.5
      vertex 52.4679 35.4781 2.5
      vertex 52.569 35.4511 2.5
    endloop
  endfacet
  facet normal 0 0 1
    outer loop
      vertex 51.76 53.76 2.5
      vertex 52.5735 53.5871 2.5
      vertex 52.378 53.6621 2.5
    endloop
  endfacet
  facet normal 0 0 1
    outer loop
      vertex 53.76 51.76 2.5
      vertex 52.3645 35.4945 2.5
      vertex 52.4679 35.4781 2.5
    endloop
  endfacet
  facet normal 0 0 1
    outer loop
      vertex 53.76 51.76 2.5
      vertex 52.26 35.5 2.5
      vertex 52.3645 35.4945 2.5
    endloop
  endfacet
  facet normal 0 0 1
    outer loop
      vertex 51.76 53.76 2.5
      vertex 52.378 53.6621 2.5
      vertex 52.1758 53.7163 2.5
    endloop
  endfacet
  facet normal 0 0 1
    outer loop
      vertex 51.76 53.76 2.5
      vertex 52.1758 53.7163 2.5
      vertex 51.9691 53.749 2.5
    endloop
  endfacet
  facet normal 0 0 1
    outer loop
      vertex 53.76 51.76 2.5
      vertex 51.76 53.76 2.5
      vertex 52.26 35.5 2.5
    endloop
  endfacet
  facet normal 0 0 1
    outer loop
      vertex 11 45.1808 2.5
      vertex 51.76 53.76 2.5
      vertex 11 48.1994 2.5
    endloop
  endfacet
  facet normal 0 0 1
    outer loop
      vertex 51.76 53.76 2.5
      vertex 11 45.1808 2.5
      vertex 52.26 35.5 2.5
    endloop
  endfacet
  facet normal 0 0 1
    outer loop
      vertex 11 45.1808 2.5
      vertex 9.26 35.5 2.5
      vertex 52.26 35.5 2.5
    endloop
  endfacet
  facet normal 0 0 1
    outer loop
      vertex 11 45.1808 2.5
      vertex 9.15547 35.4945 2.5
      vertex 9.26 35.5 2.5
    endloop
  endfacet
  facet normal 0 0 1
    outer loop
      vertex 11 45.1808 2.5
      vertex 9.05209 35.4781 2.5
      vertex 9.15547 35.4945 2.5
    endloop
  endfacet
  facet normal 0 0 1
    outer loop
      vertex 11 45.1808 2.5
      vertex 8.95098 35.4511 2.5
      vertex 9.05209 35.4781 2.5
    endloop
  endfacet
  facet normal 0 0 1
    outer loop
      vertex 11 45.1808 2.5
      vertex 8.85326 35.4135 2.5
      vertex 8.95098 35.4511 2.5
    endloop
  endfacet
  facet normal 0 0 1
    outer loop
      vertex 11 45.1808 2.5
      vertex 8.76 35.366 2.5
      vertex 8.85326 35.4135 2.5
    endloop
  endfacet
  facet normal 0 0 1
    outer loop
      vertex 11 45.1808 2.5
      vertex 8.67221 35.309 2.5
      vertex 8.76 35.366 2.5
    endloop
  endfacet
  facet normal -0 0 1
    outer loop
      vertex -0.679341 36.3207 2.5
      vertex 8.67221 35.309 2.5
      vertex 11 45.1808 2.5
    endloop
  endfacet
  facet normal 0 0 1
    outer loop
      vertex 8.67221 35.309 2.5
      vertex -0.679341 36.3207 2.5
      vertex 8.59087 35.2431 2.5
    endloop
  endfacet
  facet normal 0 0 1
    outer loop
      vertex 8.59087 35.2431 2.5
      vertex -0.679341 36.3207 2.5
      vertex 8.51686 35.1691 2.5
    endloop
  endfacet
  facet normal -0 -0 1
    outer loop
      vertex -0.354182 35.834 2.5
      vertex 8.51686 35.1691 2.5
      vertex -0.679341 36.3207 2.5
    endloop
  endfacet
  facet normal 0 0 1
    outer loop
      vertex 8.51686 35.1691 2.5
      vertex -0.354182 35.834 2.5
      vertex 8.45098 35.0878 2.5
    endloop
  endfacet
  facet normal 0 0 1
    outer loop
      vertex 8.45098 35.0878 2.5
      vertex -0.354182 35.834 2.5
      vertex 8.39397 35 2.5
    endloop
  endfacet
  facet normal 0 0 1
    outer loop
      vertex 8.39397 35 2.5
      vertex -0.354182 35.834 2.5
      vertex 8.34645 34.9067 2.5
    endloop
  endfacet
  facet normal -0 0 1
    outer loop
      vertex -0.354182 34.686 2.5
      vertex 8.26 34.5 2.5
      vertex -0.24 35.26 2.5
    endloop
  endfacet
  facet normal 0 0 1
    outer loop
      vertex 8.26548 34.6045 2.5
      vertex -0.24 35.26 2.5
      vertex 8.26 34.5 2.5
    endloop
  endfacet
  facet normal 0 0 1
    outer loop
      vertex 8.28185 34.7079 2.5
      vertex -0.24 35.26 2.5
      vertex 8.26548 34.6045 2.5
    endloop
  endfacet
  facet normal 0 0 1
    outer loop
      vertex 8.34645 34.9067 2.5
      vertex -0.354182 35.834 2.5
      vertex 8.30894 34.809 2.5
    endloop
  endfacet
  facet normal 0 0 1
    outer loop
      vertex 8.30894 34.809 2.5
      vertex -0.24 35.26 2.5
      vertex 8.28185 34.7079 2.5
    endloop
  endfacet
  facet normal -0 -0 1
    outer loop
      vertex -0.24 35.26 2.5
      vertex 8.30894 34.809 2.5
      vertex -0.354182 35.834 2.5
    endloop
  endfacet
  facet normal 0 0 1
    outer loop
      vertex 11 45.1808 2.5
      vertex -1.16598 36.6458 2.5
      vertex -0.679341 36.3207 2.5
    endloop
  endfacet
  facet normal 0 0 1
    outer loop
      vertex 11 45.1808 2.5
      vertex -1.74 36.76 2.5
      vertex -1.16598 36.6458 2.5
    endloop
  endfacet
  facet normal -0 0 1
    outer loop
      vertex -11 45.1808 2.5
      vertex -1.74 36.76 2.5
      vertex 11 45.1808 2.5
    endloop
  endfacet
  facet normal 0 0 1
    outer loop
      vertex -3.12582 35.834 2.5
      vertex -11 45.1808 2.5
      vertex -3.24 35.26 2.5
    endloop
  endfacet
  facet normal 0 0 1
    outer loop
      vertex -2.80066 36.3207 2.5
      vertex -11 45.1808 2.5
      vertex -3.12582 35.834 2.5
    endloop
  endfacet
  facet normal 0 0 1
    outer loop
      vertex -2.31402 36.6458 2.5
      vertex -11 45.1808 2.5
      vertex -2.80066 36.3207 2.5
    endloop
  endfacet
  facet normal 0 0 1
    outer loop
      vertex -1.74 36.76 2.5
      vertex -11 45.1808 2.5
      vertex -2.31402 36.6458 2.5
    endloop
  endfacet
  facet normal -0 0 1
    outer loop
      vertex 53.069 0.912215 2.5
      vertex 53.76 -51.76 2.5
      vertex 53.126 1 2.5
    endloop
  endfacet
  facet normal -0 0 1
    outer loop
      vertex 53.0031 0.83087 2.5
      vertex 53.76 -51.76 2.5
      vertex 53.069 0.912215 2.5
    endloop
  endfacet
  facet normal -0 0 1
    outer loop
      vertex 52.9291 0.756856 2.5
      vertex 53.76 -51.76 2.5
      vertex 53.0031 0.83087 2.5
    endloop
  endfacet
  facet normal -0 0 1
    outer loop
      vertex 52.8478 0.690984 2.5
      vertex 53.76 -51.76 2.5
      vertex 52.9291 0.756856 2.5
    endloop
  endfacet
  facet normal -0 0 1
    outer loop
      vertex 52.76 0.633975 2.5
      vertex 53.76 -51.76 2.5
      vertex 52.8478 0.690984 2.5
    endloop
  endfacet
  facet normal -0 0 1
    outer loop
      vertex 52.6667 0.586455 2.5
      vertex 53.76 -51.76 2.5
      vertex 52.76 0.633975 2.5
    endloop
  endfacet
  facet normal -0 0 1
    outer loop
      vertex 52.569 0.548944 2.5
      vertex 53.76 -51.76 2.5
      vertex 52.6667 0.586455 2.5
    endloop
  endfacet
  facet normal -0 0 1
    outer loop
      vertex 52.4679 0.521852 2.5
      vertex 53.76 -51.76 2.5
      vertex 52.569 0.548944 2.5
    endloop
  endfacet
  facet normal -0 0 1
    outer loop
      vertex 52.3645 0.505479 2.5
      vertex 53.76 -51.76 2.5
      vertex 52.4679 0.521852 2.5
    endloop
  endfacet
  facet normal -0 0 1
    outer loop
      vertex 52.26 0.5 2.5
      vertex 53.76 -51.76 2.5
      vertex 52.3645 0.505479 2.5
    endloop
  endfacet
  facet normal -0 0 1
    outer loop
      vertex 11 -10.5792 2.5
      vertex 53.76 -51.76 2.5
      vertex 52.26 0.5 2.5
    endloop
  endfacet
  facet normal -0 0 1
    outer loop
      vertex 11 -45.1808 2.5
      vertex 53.76 -51.76 2.5
      vertex 11 -10.5792 2.5
    endloop
  endfacet
  facet normal 0 -0 1
    outer loop
      vertex 51.76 -53.76 2.5
      vertex 53.76 -51.76 2.5
      vertex 11 -45.1808 2.5
    endloop
  endfacet
  facet normal 0 0 1
    outer loop
      vertex 53.76 -51.76 2.5
      vertex 51.76 -53.76 2.5
      vertex 53.749 -51.9691 2.5
    endloop
  endfacet
  facet normal 0 0 1
    outer loop
      vertex 53.749 -51.9691 2.5
      vertex 51.76 -53.76 2.5
      vertex 53.7163 -52.1758 2.5
    endloop
  endfacet
  facet normal 0 0 1
    outer loop
      vertex 53.5871 -52.5735 2.5
      vertex 51.76 -53.76 2.5
      vertex 53.4921 -52.76 2.5
    endloop
  endfacet
  facet normal 0 0 1
    outer loop
      vertex 53.4921 -52.76 2.5
      vertex 51.76 -53.76 2.5
      vertex 53.378 -52.9356 2.5
    endloop
  endfacet
  facet normal 0 0 1
    outer loop
      vertex 53.378 -52.9356 2.5
      vertex 51.76 -53.76 2.5
      vertex 53.2463 -53.0983 2.5
    endloop
  endfacet
  facet normal 0 0 1
    outer loop
      vertex 53.2463 -53.0983 2.5
      vertex 51.76 -53.76 2.5
      vertex 53.0983 -53.2463 2.5
    endloop
  endfacet
  facet normal 0 0 1
    outer loop
      vertex 53.0983 -53.2463 2.5
      vertex 51.76 -53.76 2.5
      vertex 52.9356 -53.378 2.5
    endloop
  endfacet
  facet normal 0 0 1
    outer loop
      vertex 52.9356 -53.378 2.5
      vertex 51.76 -53.76 2.5
      vertex 52.76 -53.4921 2.5
    endloop
  endfacet
  facet normal 0 0 1
    outer loop
      vertex 52.76 -53.4921 2.5
      vertex 51.76 -53.76 2.5
      vertex 52.5735 -53.5871 2.5
    endloop
  endfacet
  facet normal 0 0 1
    outer loop
      vertex 52.5735 -53.5871 2.5
      vertex 51.76 -53.76 2.5
      vertex 52.378 -53.6621 2.5
    endloop
  endfacet
  facet normal 0 0 1
    outer loop
      vertex 52.378 -53.6621 2.5
      vertex 51.76 -53.76 2.5
      vertex 52.1758 -53.7163 2.5
    endloop
  endfacet
  facet normal 0 0 1
    outer loop
      vertex 52.1758 -53.7163 2.5
      vertex 51.76 -53.76 2.5
      vertex 51.9691 -53.749 2.5
    endloop
  endfacet
  facet normal 0 0 1
    outer loop
      vertex 11 -10.5792 2.5
      vertex 52.26 0.5 2.5
      vertex 11 -7.56056 2.5
    endloop
  endfacet
  facet normal -0 0 1
    outer loop
      vertex 9.26 0.5 2.5
      vertex 11 -7.56056 2.5
      vertex 52.26 0.5 2.5
    endloop
  endfacet
  facet normal 0 0 1
    outer loop
      vertex 9.15547 0.505479 2.5
      vertex 11 -7.56056 2.5
      vertex 9.26 0.5 2.5
    endloop
  endfacet
  facet normal 0 0 1
    outer loop
      vertex 9.05209 0.521852 2.5
      vertex 11 -7.56056 2.5
      vertex 9.15547 0.505479 2.5
    endloop
  endfacet
  facet normal 0 0 1
    outer loop
      vertex 8.95098 0.548944 2.5
      vertex 11 -7.56056 2.5
      vertex 9.05209 0.521852 2.5
    endloop
  endfacet
  facet normal 0 0 1
    outer loop
      vertex 8.85326 0.586455 2.5
      vertex 11 -7.56056 2.5
      vertex 8.95098 0.548944 2.5
    endloop
  endfacet
  facet normal 0 0 1
    outer loop
      vertex 8.76 0.633975 2.5
      vertex 11 -7.56056 2.5
      vertex 8.85326 0.586455 2.5
    endloop
  endfacet
  facet normal 0 0 1
    outer loop
      vertex 8.67221 0.690984 2.5
      vertex 11 -7.56056 2.5
      vertex 8.76 0.633975 2.5
    endloop
  endfacet
  facet normal 0 0 1
    outer loop
      vertex 8.59087 0.756856 2.5
      vertex 11 -7.56056 2.5
      vertex 8.67221 0.690984 2.5
    endloop
  endfacet
  facet normal 0 0 1
    outer loop
      vertex 8.51686 0.83087 2.5
      vertex 11 -7.56056 2.5
      vertex 8.59087 0.756856 2.5
    endloop
  endfacet
  facet normal 0 0 1
    outer loop
      vertex -11 -7.56056 2.5
      vertex 8.51686 0.83087 2.5
      vertex 8.45098 0.912215 2.5
    endloop
  endfacet
  facet normal 0 0 1
    outer loop
      vertex -11 -7.56056 2.5
      vertex 8.45098 0.912215 2.5
      vertex 8.39397 1 2.5
    endloop
  endfacet
  facet normal 0 0 1
    outer loop
      vertex -11 -7.56056 2.5
      vertex 8.39397 1 2.5
      vertex 8.34645 1.09326 2.5
    endloop
  endfacet
  facet normal 0 0 1
    outer loop
      vertex -11 -7.56056 2.5
      vertex 8.34645 1.09326 2.5
      vertex 8.30894 1.19098 2.5
    endloop
  endfacet
  facet normal 0 0 1
    outer loop
      vertex -11 7.56056 2.5
      vertex 8.26548 1.39547 2.5
      vertex 8.26 1.5 2.5
    endloop
  endfacet
  facet normal 0 0 1
    outer loop
      vertex -11 -7.56056 2.5
      vertex 8.26548 1.39547 2.5
      vertex -11 7.56056 2.5
    endloop
  endfacet
  facet normal 0 0 1
    outer loop
      vertex 8.26548 1.39547 2.5
      vertex -11 -7.56056 2.5
      vertex 8.28185 1.29209 2.5
    endloop
  endfacet
  facet normal 0 0 1
    outer loop
      vertex 8.28185 1.29209 2.5
      vertex -11 -7.56056 2.5
      vertex 8.30894 1.19098 2.5
    endloop
  endfacet
  facet normal 0 0 1
    outer loop
      vertex 8.51686 0.83087 2.5
      vertex -11 -7.56056 2.5
      vertex 11 -7.56056 2.5
    endloop
  endfacet
  facet normal 0 0 1
    outer loop
      vertex 53.6621 -52.378 2.5
      vertex 51.76 -53.76 2.5
      vertex 53.5871 -52.5735 2.5
    endloop
  endfacet
  facet normal 0 0 1
    outer loop
      vertex 53.7163 -52.1758 2.5
      vertex 51.76 -53.76 2.5
      vertex 53.6621 -52.378 2.5
    endloop
  endfacet
  facet normal -0 0 1
    outer loop
      vertex 11 -48.1994 2.5
      vertex 51.76 -53.76 2.5
      vertex 11 -45.1808 2.5
    endloop
  endfacet
  facet normal 0 0 1
    outer loop
      vertex -18.5909 -53.0031 2.5
      vertex 11 -48.1994 2.5
      vertex -11 -48.1994 2.5
    endloop
  endfacet
  facet normal 0 0 1
    outer loop
      vertex -11 -45.1808 2.5
      vertex -18.26 -52.26 2.5
      vertex -11 -48.1994 2.5
    endloop
  endfacet
  facet normal 0 0 1
    outer loop
      vertex -18.2655 -52.3645 2.5
      vertex -11 -48.1994 2.5
      vertex -18.26 -52.26 2.5
    endloop
  endfacet
  facet normal 0 0 1
    outer loop
      vertex -18.2819 -52.4679 2.5
      vertex -11 -48.1994 2.5
      vertex -18.2655 -52.3645 2.5
    endloop
  endfacet
  facet normal 0 0 1
    outer loop
      vertex -18.3089 -52.569 2.5
      vertex -11 -48.1994 2.5
      vertex -18.2819 -52.4679 2.5
    endloop
  endfacet
  facet normal 0 0 1
    outer loop
      vertex -18.3465 -52.6667 2.5
      vertex -11 -48.1994 2.5
      vertex -18.3089 -52.569 2.5
    endloop
  endfacet
  facet normal 0 0 1
    outer loop
      vertex -18.394 -52.76 2.5
      vertex -11 -48.1994 2.5
      vertex -18.3465 -52.6667 2.5
    endloop
  endfacet
  facet normal 0 0 1
    outer loop
      vertex -18.451 -52.8478 2.5
      vertex -11 -48.1994 2.5
      vertex -18.394 -52.76 2.5
    endloop
  endfacet
  facet normal 0 0 1
    outer loop
      vertex -18.5169 -52.9291 2.5
      vertex -11 -48.1994 2.5
      vertex -18.451 -52.8478 2.5
    endloop
  endfacet
  facet normal 0 0 1
    outer loop
      vertex -18.5909 -53.0031 2.5
      vertex -11 -48.1994 2.5
      vertex -18.5169 -52.9291 2.5
    endloop
  endfacet
  facet normal 0 0 1
    outer loop
      vertex 11 -48.1994 2.5
      vertex -18.5909 -53.0031 2.5
      vertex -18.6722 -53.069 2.5
    endloop
  endfacet
  facet normal 0 0 1
    outer loop
      vertex -18.76 -53.126 2.5
      vertex 11 -48.1994 2.5
      vertex -18.6722 -53.069 2.5
    endloop
  endfacet
  facet normal 0 0 1
    outer loop
      vertex -18.8533 -53.1735 2.5
      vertex 11 -48.1994 2.5
      vertex -18.76 -53.126 2.5
    endloop
  endfacet
  facet normal 0 0 1
    outer loop
      vertex -18.951 -53.2111 2.5
      vertex 11 -48.1994 2.5
      vertex -18.8533 -53.1735 2.5
    endloop
  endfacet
  facet normal 0 0 1
    outer loop
      vertex 11 -48.1994 2.5
      vertex -18.951 -53.2111 2.5
      vertex 51.76 -53.76 2.5
    endloop
  endfacet
  facet normal -0 0 1
    outer loop
      vertex -19.0521 -53.2381 2.5
      vertex 51.76 -53.76 2.5
      vertex -18.951 -53.2111 2.5
    endloop
  endfacet
  facet normal -0 0 1
    outer loop
      vertex -19.1555 -53.2545 2.5
      vertex 51.76 -53.76 2.5
      vertex -19.0521 -53.2381 2.5
    endloop
  endfacet
  facet normal -0 0 1
    outer loop
      vertex -19.26 -53.26 2.5
      vertex 51.76 -53.76 2.5
      vertex -19.1555 -53.2545 2.5
    endloop
  endfacet
  facet normal 0 0 1
    outer loop
      vertex -19.26 -53.26 2.5
      vertex -51.76 -53.76 2.5
      vertex 51.76 -53.76 2.5
    endloop
  endfacet
  facet normal -0 0 1
    outer loop
      vertex -52.26 -53.26 2.5
      vertex -51.76 -53.76 2.5
      vertex -19.26 -53.26 2.5
    endloop
  endfacet
  facet normal 0 0 1
    outer loop
      vertex -51.76 -53.76 2.5
      vertex -52.26 -53.26 2.5
      vertex -51.9691 -53.749 2.5
    endloop
  endfacet
  facet normal 0 0 1
    outer loop
      vertex -51.9691 -53.749 2.5
      vertex -52.26 -53.26 2.5
      vertex -52.1758 -53.7163 2.5
    endloop
  endfacet
  facet normal 0 0 1
    outer loop
      vertex -52.378 -53.6621 2.5
      vertex -52.26 -53.26 2.5
      vertex -52.3645 -53.2545 2.5
    endloop
  endfacet
  facet normal 0 0 1
    outer loop
      vertex -52.26 -53.26 2.5
      vertex -52.378 -53.6621 2.5
      vertex -52.1758 -53.7163 2.5
    endloop
  endfacet
  facet normal 0 0 1
    outer loop
      vertex -52.5735 -53.5871 2.5
      vertex -52.3645 -53.2545 2.5
      vertex -52.4679 -53.2381 2.5
    endloop
  endfacet
  facet normal 0 0 1
    outer loop
      vertex -52.5735 -53.5871 2.5
      vertex -52.4679 -53.2381 2.5
      vertex -52.569 -53.2111 2.5
    endloop
  endfacet
  facet normal 0 0 1
    outer loop
      vertex -52.3645 -53.2545 2.5
      vertex -52.5735 -53.5871 2.5
      vertex -52.378 -53.6621 2.5
    endloop
  endfacet
  facet normal 0 0 1
    outer loop
      vertex -52.76 -53.4921 2.5
      vertex -52.569 -53.2111 2.5
      vertex -52.6667 -53.1735 2.5
    endloop
  endfacet
  facet normal 0 0 1
    outer loop
      vertex -52.9356 -53.378 2.5
      vertex -52.6667 -53.1735 2.5
      vertex -52.76 -53.126 2.5
    endloop
  endfacet
  facet normal 0 0 1
    outer loop
      vertex -52.569 -53.2111 2.5
      vertex -52.76 -53.4921 2.5
      vertex -52.5735 -53.5871 2.5
    endloop
  endfacet
  facet normal 0 0 1
    outer loop
      vertex -52.9356 -53.378 2.5
      vertex -52.76 -53.126 2.5
      vertex -52.8478 -53.069 2.5
    endloop
  endfacet
  facet normal 0 0 1
    outer loop
      vertex -53.0983 -53.2463 2.5
      vertex -52.8478 -53.069 2.5
      vertex -52.9291 -53.0031 2.5
    endloop
  endfacet
  facet normal 0 0 1
    outer loop
      vertex -52.6667 -53.1735 2.5
      vertex -52.9356 -53.378 2.5
      vertex -52.76 -53.4921 2.5
    endloop
  endfacet
  facet normal 0 0 1
    outer loop
      vertex -53.0983 -53.2463 2.5
      vertex -52.9291 -53.0031 2.5
      vertex -53.0031 -52.9291 2.5
    endloop
  endfacet
  facet normal 0 0 1
    outer loop
      vertex -53.2463 -53.0983 2.5
      vertex -53.0031 -52.9291 2.5
      vertex -53.069 -52.8478 2.5
    endloop
  endfacet
  facet normal 0 0 1
    outer loop
      vertex -52.8478 -53.069 2.5
      vertex -53.0983 -53.2463 2.5
      vertex -52.9356 -53.378 2.5
    endloop
  endfacet
  facet normal 0 0 1
    outer loop
      vertex -53.378 -52.9356 2.5
      vertex -53.069 -52.8478 2.5
      vertex -53.126 -52.76 2.5
    endloop
  endfacet
  facet normal 0 0 1
    outer loop
      vertex -53.378 -52.9356 2.5
      vertex -53.126 -52.76 2.5
      vertex -53.1735 -52.6667 2.5
    endloop
  endfacet
  facet normal 0 0 1
    outer loop
      vertex -53.4921 -52.76 2.5
      vertex -53.1735 -52.6667 2.5
      vertex -53.2111 -52.569 2.5
    endloop
  endfacet
  facet normal 0 0 1
    outer loop
      vertex -53.5871 -52.5735 2.5
      vertex -53.2111 -52.569 2.5
      vertex -53.2381 -52.4679 2.5
    endloop
  endfacet
  facet normal 0 0 1
    outer loop
      vertex -53.0031 -52.9291 2.5
      vertex -53.2463 -53.0983 2.5
      vertex -53.0983 -53.2463 2.5
    endloop
  endfacet
  facet normal 0 0 1
    outer loop
      vertex -53.5871 -52.5735 2.5
      vertex -53.2381 -52.4679 2.5
      vertex -53.2545 -52.3645 2.5
    endloop
  endfacet
  facet normal 0 0 1
    outer loop
      vertex -53.6621 -52.378 2.5
      vertex -53.2545 -52.3645 2.5
      vertex -53.26 -52.26 2.5
    endloop
  endfacet
  facet normal 0 0 1
    outer loop
      vertex -53.069 -52.8478 2.5
      vertex -53.378 -52.9356 2.5
      vertex -53.2463 -53.0983 2.5
    endloop
  endfacet
  facet normal 0 0 1
    outer loop
      vertex -53.76 -51.76 2.5
      vertex -53.26 -19.26 2.5
      vertex -53.76 51.76 2.5
    endloop
  endfacet
  facet normal 0 0 1
    outer loop
      vertex -53.76 51.76 2.5
      vertex -53.378 52.9356 2.5
      vertex -53.4921 52.76 2.5
    endloop
  endfacet
  facet normal 0 0 1
    outer loop
      vertex -53.26 -19.26 2.5
      vertex -53.76 -51.76 2.5
      vertex -53.26 -52.26 2.5
    endloop
  endfacet
  facet normal 0 0 1
    outer loop
      vertex -53.76 51.76 2.5
      vertex -53.4921 52.76 2.5
      vertex -53.5871 52.5735 2.5
    endloop
  endfacet
  facet normal -0 -0 1
    outer loop
      vertex -53.749 -51.9691 2.5
      vertex -53.26 -52.26 2.5
      vertex -53.76 -51.76 2.5
    endloop
  endfacet
  facet normal 0 0 1
    outer loop
      vertex -53.76 51.76 2.5
      vertex -53.5871 52.5735 2.5
      vertex -53.6621 52.378 2.5
    endloop
  endfacet
  facet normal 0 0 1
    outer loop
      vertex -53.1735 -52.6667 2.5
      vertex -53.4921 -52.76 2.5
      vertex -53.378 -52.9356 2.5
    endloop
  endfacet
  facet normal 0 0 1
    outer loop
      vertex -53.76 51.76 2.5
      vertex -53.6621 52.378 2.5
      vertex -53.7163 52.1758 2.5
    endloop
  endfacet
  facet normal 0 0 1
    outer loop
      vertex -53.2111 -52.569 2.5
      vertex -53.5871 -52.5735 2.5
      vertex -53.4921 -52.76 2.5
    endloop
  endfacet
  facet normal 0 0 1
    outer loop
      vertex -53.76 51.76 2.5
      vertex -53.7163 52.1758 2.5
      vertex -53.749 51.9691 2.5
    endloop
  endfacet
  facet normal 0 0 1
    outer loop
      vertex -53.2545 -52.3645 2.5
      vertex -53.6621 -52.378 2.5
      vertex -53.5871 -52.5735 2.5
    endloop
  endfacet
  facet normal 0 0 1
    outer loop
      vertex -53.26 -52.26 2.5
      vertex -53.7163 -52.1758 2.5
      vertex -53.6621 -52.378 2.5
    endloop
  endfacet
  facet normal 0 0 1
    outer loop
      vertex -53.26 -52.26 2.5
      vertex -53.749 -51.9691 2.5
      vertex -53.7163 -52.1758 2.5
    endloop
  endfacet
  facet normal -0 0 1
    outer loop
      vertex -0.354182 49.686 2.5
      vertex 11 48.1994 2.5
      vertex -0.24 50.26 2.5
    endloop
  endfacet
  facet normal -0 0 1
    outer loop
      vertex -0.679341 49.1993 2.5
      vertex 11 48.1994 2.5
      vertex -0.354182 49.686 2.5
    endloop
  endfacet
  facet normal -0 0 1
    outer loop
      vertex -1.16598 48.8742 2.5
      vertex 11 48.1994 2.5
      vertex -0.679341 49.1993 2.5
    endloop
  endfacet
  facet normal -0 0 1
    outer loop
      vertex -1.74 48.76 2.5
      vertex 11 48.1994 2.5
      vertex -1.16598 48.8742 2.5
    endloop
  endfacet
  facet normal 0 0 1
    outer loop
      vertex -1.74 48.76 2.5
      vertex -11 48.1994 2.5
      vertex 11 48.1994 2.5
    endloop
  endfacet
  facet normal 0 0 1
    outer loop
      vertex -2.31402 48.8742 2.5
      vertex -11 48.1994 2.5
      vertex -1.74 48.76 2.5
    endloop
  endfacet
  facet normal 0 0 1
    outer loop
      vertex -2.80066 49.1993 2.5
      vertex -11 48.1994 2.5
      vertex -2.31402 48.8742 2.5
    endloop
  endfacet
  facet normal 0 0 1
    outer loop
      vertex -3.12582 49.686 2.5
      vertex -11 48.1994 2.5
      vertex -2.80066 49.1993 2.5
    endloop
  endfacet
  facet normal 0 0 1
    outer loop
      vertex -11 48.1994 2.5
      vertex -3.12582 49.686 2.5
      vertex -3.24 50.26 2.5
    endloop
  endfacet
  facet normal 0 0 1
    outer loop
      vertex -0.679341 34.1993 2.5
      vertex 8.26 34.5 2.5
      vertex -0.354182 34.686 2.5
    endloop
  endfacet
  facet normal 0 0 1
    outer loop
      vertex -1.16598 33.8742 2.5
      vertex 8.26 34.5 2.5
      vertex -0.679341 34.1993 2.5
    endloop
  endfacet
  facet normal 0 0 1
    outer loop
      vertex 8.26 34.5 2.5
      vertex -1.16598 33.8742 2.5
      vertex 8.26 10.5792 2.5
    endloop
  endfacet
  facet normal -0 0 1
    outer loop
      vertex -1.74 33.76 2.5
      vertex 8.26 10.5792 2.5
      vertex -1.16598 33.8742 2.5
    endloop
  endfacet
  facet normal 0 0 1
    outer loop
      vertex -11 10.5792 2.5
      vertex -1.74 33.76 2.5
      vertex -2.31402 33.8742 2.5
    endloop
  endfacet
  facet normal 0 0 1
    outer loop
      vertex -11 10.5792 2.5
      vertex -2.31402 33.8742 2.5
      vertex -2.80066 34.1993 2.5
    endloop
  endfacet
  facet normal 0 0 1
    outer loop
      vertex -20.3542 34.686 2.5
      vertex -3.12582 34.686 2.5
      vertex -20.24 35.26 2.5
    endloop
  endfacet
  facet normal 0 0 1
    outer loop
      vertex -20.24 35.26 2.5
      vertex -3.24 35.26 2.5
      vertex -11 45.1808 2.5
    endloop
  endfacet
  facet normal 0 0 1
    outer loop
      vertex -3.24 35.26 2.5
      vertex -20.24 35.26 2.5
      vertex -3.12582 34.686 2.5
    endloop
  endfacet
  facet normal 0 0 1
    outer loop
      vertex -1.74 33.76 2.5
      vertex -11 10.5792 2.5
      vertex 8.26 10.5792 2.5
    endloop
  endfacet
  facet normal 0 0 1
    outer loop
      vertex 50.76 34 2.5
      vertex 51.76 33 2.5
      vertex 51.7545 33.1045 2.5
    endloop
  endfacet
  facet normal 0 0 1
    outer loop
      vertex 51.76 33 2.5
      vertex 50.76 34 2.5
      vertex 51.76 3 2.5
    endloop
  endfacet
  facet normal 0 0 1
    outer loop
      vertex 50.76 34 2.5
      vertex 51.7545 33.1045 2.5
      vertex 51.7381 33.2079 2.5
    endloop
  endfacet
  facet normal 0 0 1
    outer loop
      vertex 50.76 2 2.5
      vertex 51.76 3 2.5
      vertex 50.76 34 2.5
    endloop
  endfacet
  facet normal 0 0 1
    outer loop
      vertex 50.76 34 2.5
      vertex 51.7381 33.2079 2.5
      vertex 51.7111 33.309 2.5
    endloop
  endfacet
  facet normal 0 0 1
    outer loop
      vertex 51.76 3 2.5
      vertex 50.76 2 2.5
      vertex 51.7545 2.89547 2.5
    endloop
  endfacet
  facet normal 0 0 1
    outer loop
      vertex 50.76 34 2.5
      vertex 51.7111 33.309 2.5
      vertex 51.6735 33.4067 2.5
    endloop
  endfacet
  facet normal 0 0 1
    outer loop
      vertex 51.7545 2.89547 2.5
      vertex 50.76 2 2.5
      vertex 51.7381 2.79209 2.5
    endloop
  endfacet
  facet normal 0 0 1
    outer loop
      vertex 50.76 34 2.5
      vertex 51.6735 33.4067 2.5
      vertex 51.626 33.5 2.5
    endloop
  endfacet
  facet normal 0 0 1
    outer loop
      vertex 51.7381 2.79209 2.5
      vertex 50.76 2 2.5
      vertex 51.7111 2.69098 2.5
    endloop
  endfacet
  facet normal 0 0 1
    outer loop
      vertex 50.76 34 2.5
      vertex 51.626 33.5 2.5
      vertex 51.569 33.5878 2.5
    endloop
  endfacet
  facet normal 0 0 1
    outer loop
      vertex 51.7111 2.69098 2.5
      vertex 50.76 2 2.5
      vertex 51.6735 2.59326 2.5
    endloop
  endfacet
  facet normal 0 0 1
    outer loop
      vertex 50.76 34 2.5
      vertex 51.569 33.5878 2.5
      vertex 51.5031 33.6691 2.5
    endloop
  endfacet
  facet normal 0 0 1
    outer loop
      vertex 51.6735 2.59326 2.5
      vertex 50.76 2 2.5
      vertex 51.626 2.5 2.5
    endloop
  endfacet
  facet normal 0 0 1
    outer loop
      vertex 50.76 34 2.5
      vertex 51.5031 33.6691 2.5
      vertex 51.4291 33.7431 2.5
    endloop
  endfacet
  facet normal 0 0 1
    outer loop
      vertex 51.626 2.5 2.5
      vertex 50.76 2 2.5
      vertex 51.569 2.41222 2.5
    endloop
  endfacet
  facet normal 0 0 1
    outer loop
      vertex 50.76 34 2.5
      vertex 51.4291 33.7431 2.5
      vertex 51.3478 33.809 2.5
    endloop
  endfacet
  facet normal 0 0 1
    outer loop
      vertex 51.569 2.41222 2.5
      vertex 50.76 2 2.5
      vertex 51.5031 2.33087 2.5
    endloop
  endfacet
  facet normal 0 0 1
    outer loop
      vertex 50.76 34 2.5
      vertex 51.3478 33.809 2.5
      vertex 51.26 33.866 2.5
    endloop
  endfacet
  facet normal 0 0 1
    outer loop
      vertex 51.5031 2.33087 2.5
      vertex 50.76 2 2.5
      vertex 51.4291 2.25686 2.5
    endloop
  endfacet
  facet normal 0 0 1
    outer loop
      vertex 50.76 34 2.5
      vertex 51.26 33.866 2.5
      vertex 51.1667 33.9135 2.5
    endloop
  endfacet
  facet normal 0 0 1
    outer loop
      vertex 51.4291 2.25686 2.5
      vertex 50.76 2 2.5
      vertex 51.3478 2.19098 2.5
    endloop
  endfacet
  facet normal 0 0 1
    outer loop
      vertex 50.76 34 2.5
      vertex 51.1667 33.9135 2.5
      vertex 51.069 33.9511 2.5
    endloop
  endfacet
  facet normal 0 0 1
    outer loop
      vertex 51.3478 2.19098 2.5
      vertex 50.76 2 2.5
      vertex 51.26 2.13398 2.5
    endloop
  endfacet
  facet normal 0 0 1
    outer loop
      vertex 50.76 34 2.5
      vertex 51.069 33.9511 2.5
      vertex 50.9679 33.9781 2.5
    endloop
  endfacet
  facet normal 0 0 1
    outer loop
      vertex 51.26 2.13398 2.5
      vertex 50.76 2 2.5
      vertex 51.1667 2.08646 2.5
    endloop
  endfacet
  facet normal 0 0 1
    outer loop
      vertex 50.76 34 2.5
      vertex 50.9679 33.9781 2.5
      vertex 50.8645 33.9945 2.5
    endloop
  endfacet
  facet normal 0 0 1
    outer loop
      vertex 51.1667 2.08646 2.5
      vertex 50.76 2 2.5
      vertex 51.069 2.04894 2.5
    endloop
  endfacet
  facet normal 0 0 1
    outer loop
      vertex 51.069 2.04894 2.5
      vertex 50.76 2 2.5
      vertex 50.9679 2.02185 2.5
    endloop
  endfacet
  facet normal 0 0 1
    outer loop
      vertex 50.9679 2.02185 2.5
      vertex 50.76 2 2.5
      vertex 50.8645 2.00548 2.5
    endloop
  endfacet
  facet normal 0 0 1
    outer loop
      vertex 50.76 34 2.5
      vertex 11 10.5792 2.5
      vertex 50.76 2 2.5
    endloop
  endfacet
  facet normal -0 0 1
    outer loop
      vertex 10.76 34 2.5
      vertex 11 10.5792 2.5
      vertex 50.76 34 2.5
    endloop
  endfacet
  facet normal 0 0 1
    outer loop
      vertex 9.76 33 2.5
      vertex 10.76 34 2.5
      vertex 10.6555 33.9945 2.5
    endloop
  endfacet
  facet normal 0 0 1
    outer loop
      vertex 9.76 33 2.5
      vertex 10.6555 33.9945 2.5
      vertex 10.5521 33.9781 2.5
    endloop
  endfacet
  facet normal 0 0 1
    outer loop
      vertex 9.76 33 2.5
      vertex 10.5521 33.9781 2.5
      vertex 10.451 33.9511 2.5
    endloop
  endfacet
  facet normal 0 0 1
    outer loop
      vertex 9.76 33 2.5
      vertex 10.451 33.9511 2.5
      vertex 10.3533 33.9135 2.5
    endloop
  endfacet
  facet normal 0 0 1
    outer loop
      vertex 9.76 33 2.5
      vertex 10.3533 33.9135 2.5
      vertex 10.26 33.866 2.5
    endloop
  endfacet
  facet normal 0 0 1
    outer loop
      vertex 9.76 33 2.5
      vertex 10.26 33.866 2.5
      vertex 10.1722 33.809 2.5
    endloop
  endfacet
  facet normal 0 0 1
    outer loop
      vertex 9.76 33 2.5
      vertex 10.1722 33.809 2.5
      vertex 10.0909 33.7431 2.5
    endloop
  endfacet
  facet normal 0 0 1
    outer loop
      vertex 9.76 33 2.5
      vertex 10.0909 33.7431 2.5
      vertex 10.0169 33.6691 2.5
    endloop
  endfacet
  facet normal 0 0 1
    outer loop
      vertex 9.76 33 2.5
      vertex 10.0169 33.6691 2.5
      vertex 9.95098 33.5878 2.5
    endloop
  endfacet
  facet normal 0 0 1
    outer loop
      vertex 9.76 33 2.5
      vertex 9.95098 33.5878 2.5
      vertex 9.89397 33.5 2.5
    endloop
  endfacet
  facet normal 0 0 1
    outer loop
      vertex 9.76 33 2.5
      vertex 9.89397 33.5 2.5
      vertex 9.84645 33.4067 2.5
    endloop
  endfacet
  facet normal 0 0 1
    outer loop
      vertex 9.76 33 2.5
      vertex 9.84645 33.4067 2.5
      vertex 9.80894 33.309 2.5
    endloop
  endfacet
  facet normal 0 0 1
    outer loop
      vertex 9.76 33 2.5
      vertex 9.80894 33.309 2.5
      vertex 9.78185 33.2079 2.5
    endloop
  endfacet
  facet normal 0 0 1
    outer loop
      vertex 9.76 33 2.5
      vertex 9.78185 33.2079 2.5
      vertex 9.76548 33.1045 2.5
    endloop
  endfacet
  facet normal 0 0 1
    outer loop
      vertex 10.76 34 2.5
      vertex 9.76 33 2.5
      vertex 11 10.5792 2.5
    endloop
  endfacet
  facet normal 0 0 1
    outer loop
      vertex 11 10.5792 2.5
      vertex 9.76 33 2.5
      vertex 9.76 10.5792 2.5
    endloop
  endfacet
  facet normal -0 0 1
    outer loop
      vertex 11 7.56056 2.5
      vertex 50.76 2 2.5
      vertex 11 10.5792 2.5
    endloop
  endfacet
  facet normal 0 0 1
    outer loop
      vertex 11 7.56056 2.5
      vertex 10.76 2 2.5
      vertex 50.76 2 2.5
    endloop
  endfacet
  facet normal -0 0 1
    outer loop
      vertex 9.76 3 2.5
      vertex 10.76 2 2.5
      vertex 11 7.56056 2.5
    endloop
  endfacet
  facet normal 0 0 1
    outer loop
      vertex 10.76 2 2.5
      vertex 9.76 3 2.5
      vertex 10.6555 2.00548 2.5
    endloop
  endfacet
  facet normal 0 0 1
    outer loop
      vertex 10.6555 2.00548 2.5
      vertex 9.76 3 2.5
      vertex 10.5521 2.02185 2.5
    endloop
  endfacet
  facet normal 0 0 1
    outer loop
      vertex 10.5521 2.02185 2.5
      vertex 9.76 3 2.5
      vertex 10.451 2.04894 2.5
    endloop
  endfacet
  facet normal 0 0 1
    outer loop
      vertex 10.451 2.04894 2.5
      vertex 9.76 3 2.5
      vertex 10.3533 2.08646 2.5
    endloop
  endfacet
  facet normal 0 0 1
    outer loop
      vertex 10.3533 2.08646 2.5
      vertex 9.76 3 2.5
      vertex 10.26 2.13398 2.5
    endloop
  endfacet
  facet normal 0 0 1
    outer loop
      vertex 10.26 2.13398 2.5
      vertex 9.76 3 2.5
      vertex 10.1722 2.19098 2.5
    endloop
  endfacet
  facet normal 0 0 1
    outer loop
      vertex 10.1722 2.19098 2.5
      vertex 9.76 3 2.5
      vertex 10.0909 2.25686 2.5
    endloop
  endfacet
  facet normal 0 0 1
    outer loop
      vertex 10.0909 2.25686 2.5
      vertex 9.76 3 2.5
      vertex 10.0169 2.33087 2.5
    endloop
  endfacet
  facet normal 0 0 1
    outer loop
      vertex 10.0169 2.33087 2.5
      vertex 9.76 3 2.5
      vertex 9.95098 2.41222 2.5
    endloop
  endfacet
  facet normal 0 0 1
    outer loop
      vertex 9.95098 2.41222 2.5
      vertex 9.76 3 2.5
      vertex 9.89397 2.5 2.5
    endloop
  endfacet
  facet normal 0 0 1
    outer loop
      vertex 9.89397 2.5 2.5
      vertex 9.76 3 2.5
      vertex 9.84645 2.59326 2.5
    endloop
  endfacet
  facet normal 0 0 1
    outer loop
      vertex 9.84645 2.59326 2.5
      vertex 9.76 3 2.5
      vertex 9.80894 2.69098 2.5
    endloop
  endfacet
  facet normal 0 0 1
    outer loop
      vertex 9.80894 2.69098 2.5
      vertex 9.76 3 2.5
      vertex 9.78185 2.79209 2.5
    endloop
  endfacet
  facet normal 0 0 1
    outer loop
      vertex 9.76 3 2.5
      vertex 11 7.56056 2.5
      vertex 9.76 7.56056 2.5
    endloop
  endfacet
  facet normal 0 0 1
    outer loop
      vertex 9.78185 2.79209 2.5
      vertex 9.76 3 2.5
      vertex 9.76548 2.89547 2.5
    endloop
  endfacet
  facet normal 0 0 1
    outer loop
      vertex -46.394 35.76 2.5
      vertex -46.394 34.76 2.5
      vertex -46.26 35.26 2.5
    endloop
  endfacet
  facet normal 0 0 1
    outer loop
      vertex -46.76 36.126 2.5
      vertex -46.394 34.76 2.5
      vertex -46.394 35.76 2.5
    endloop
  endfacet
  facet normal 0 0 1
    outer loop
      vertex -46.76 36.126 2.5
      vertex -46.76 34.394 2.5
      vertex -46.394 34.76 2.5
    endloop
  endfacet
  facet normal 0 0 1
    outer loop
      vertex -47.26 36.26 2.5
      vertex -46.76 34.394 2.5
      vertex -46.76 36.126 2.5
    endloop
  endfacet
  facet normal 0 0 1
    outer loop
      vertex -47.26 36.26 2.5
      vertex -47.26 34.26 2.5
      vertex -46.76 34.394 2.5
    endloop
  endfacet
  facet normal -0 0 1
    outer loop
      vertex -47.76 36.126 2.5
      vertex -47.26 34.26 2.5
      vertex -47.26 36.26 2.5
    endloop
  endfacet
  facet normal 0 0 1
    outer loop
      vertex -47.76 36.126 2.5
      vertex -47.76 34.394 2.5
      vertex -47.26 34.26 2.5
    endloop
  endfacet
  facet normal -0 0 1
    outer loop
      vertex -48.126 35.76 2.5
      vertex -47.76 34.394 2.5
      vertex -47.76 36.126 2.5
    endloop
  endfacet
  facet normal 0 0 1
    outer loop
      vertex -48.126 35.76 2.5
      vertex -48.126 34.76 2.5
      vertex -47.76 34.394 2.5
    endloop
  endfacet
  facet normal 0 -0 1
    outer loop
      vertex -48.126 34.76 2.5
      vertex -48.126 35.76 2.5
      vertex -48.26 35.26 2.5
    endloop
  endfacet
  facet normal 0 0 1
    outer loop
      vertex -26.874 35.76 2.5
      vertex -26.874 34.76 2.5
      vertex -26.74 35.26 2.5
    endloop
  endfacet
  facet normal 0 0 1
    outer loop
      vertex -27.24 36.126 2.5
      vertex -26.874 34.76 2.5
      vertex -26.874 35.76 2.5
    endloop
  endfacet
  facet normal 0 0 1
    outer loop
      vertex -27.24 36.126 2.5
      vertex -27.24 34.394 2.5
      vertex -26.874 34.76 2.5
    endloop
  endfacet
  facet normal 0 0 1
    outer loop
      vertex -27.74 36.26 2.5
      vertex -27.24 34.394 2.5
      vertex -27.24 36.126 2.5
    endloop
  endfacet
  facet normal 0 0 1
    outer loop
      vertex -27.74 36.26 2.5
      vertex -27.74 34.26 2.5
      vertex -27.24 34.394 2.5
    endloop
  endfacet
  facet normal -0 0 1
    outer loop
      vertex -28.24 36.126 2.5
      vertex -27.74 34.26 2.5
      vertex -27.74 36.26 2.5
    endloop
  endfacet
  facet normal 0 0 1
    outer loop
      vertex -28.24 36.126 2.5
      vertex -28.24 34.394 2.5
      vertex -27.74 34.26 2.5
    endloop
  endfacet
  facet normal -0 0 1
    outer loop
      vertex -28.606 35.76 2.5
      vertex -28.24 34.394 2.5
      vertex -28.24 36.126 2.5
    endloop
  endfacet
  facet normal 0 0 1
    outer loop
      vertex -28.606 35.76 2.5
      vertex -28.606 34.76 2.5
      vertex -28.24 34.394 2.5
    endloop
  endfacet
  facet normal 0 -0 1
    outer loop
      vertex -28.606 34.76 2.5
      vertex -28.606 35.76 2.5
      vertex -28.74 35.26 2.5
    endloop
  endfacet
  facet normal 0 0 1
    outer loop
      vertex -46.394 50.76 2.5
      vertex -46.394 49.76 2.5
      vertex -46.26 50.26 2.5
    endloop
  endfacet
  facet normal 0 0 1
    outer loop
      vertex -46.76 51.126 2.5
      vertex -46.394 49.76 2.5
      vertex -46.394 50.76 2.5
    endloop
  endfacet
  facet normal 0 0 1
    outer loop
      vertex -46.76 51.126 2.5
      vertex -46.76 49.394 2.5
      vertex -46.394 49.76 2.5
    endloop
  endfacet
  facet normal 0 0 1
    outer loop
      vertex -47.26 51.26 2.5
      vertex -46.76 49.394 2.5
      vertex -46.76 51.126 2.5
    endloop
  endfacet
  facet normal 0 0 1
    outer loop
      vertex -47.26 51.26 2.5
      vertex -47.26 49.26 2.5
      vertex -46.76 49.394 2.5
    endloop
  endfacet
  facet normal -0 0 1
    outer loop
      vertex -47.76 51.126 2.5
      vertex -47.26 49.26 2.5
      vertex -47.26 51.26 2.5
    endloop
  endfacet
  facet normal 0 0 1
    outer loop
      vertex -47.76 51.126 2.5
      vertex -47.76 49.394 2.5
      vertex -47.26 49.26 2.5
    endloop
  endfacet
  facet normal -0 0 1
    outer loop
      vertex -48.126 50.76 2.5
      vertex -47.76 49.394 2.5
      vertex -47.76 51.126 2.5
    endloop
  endfacet
  facet normal 0 0 1
    outer loop
      vertex -48.126 50.76 2.5
      vertex -48.126 49.76 2.5
      vertex -47.76 49.394 2.5
    endloop
  endfacet
  facet normal 0 -0 1
    outer loop
      vertex -48.126 49.76 2.5
      vertex -48.126 50.76 2.5
      vertex -48.26 50.26 2.5
    endloop
  endfacet
  facet normal 0 0 1
    outer loop
      vertex -26.874 50.76 2.5
      vertex -26.874 49.76 2.5
      vertex -26.74 50.26 2.5
    endloop
  endfacet
  facet normal 0 0 1
    outer loop
      vertex -27.24 51.126 2.5
      vertex -26.874 49.76 2.5
      vertex -26.874 50.76 2.5
    endloop
  endfacet
  facet normal 0 0 1
    outer loop
      vertex -27.24 51.126 2.5
      vertex -27.24 49.394 2.5
      vertex -26.874 49.76 2.5
    endloop
  endfacet
  facet normal 0 0 1
    outer loop
      vertex -27.74 51.26 2.5
      vertex -27.24 49.394 2.5
      vertex -27.24 51.126 2.5
    endloop
  endfacet
  facet normal 0 0 1
    outer loop
      vertex -27.74 51.26 2.5
      vertex -27.74 49.26 2.5
      vertex -27.24 49.394 2.5
    endloop
  endfacet
  facet normal -0 0 1
    outer loop
      vertex -28.24 51.126 2.5
      vertex -27.74 49.26 2.5
      vertex -27.74 51.26 2.5
    endloop
  endfacet
  facet normal 0 0 1
    outer loop
      vertex -28.24 51.126 2.5
      vertex -28.24 49.394 2.5
      vertex -27.74 49.26 2.5
    endloop
  endfacet
  facet normal -0 0 1
    outer loop
      vertex -28.606 50.76 2.5
      vertex -28.24 49.394 2.5
      vertex -28.24 51.126 2.5
    endloop
  endfacet
  facet normal 0 0 1
    outer loop
      vertex -28.606 50.76 2.5
      vertex -28.606 49.76 2.5
      vertex -28.24 49.394 2.5
    endloop
  endfacet
  facet normal 0 -0 1
    outer loop
      vertex -28.606 49.76 2.5
      vertex -28.606 50.76 2.5
      vertex -28.74 50.26 2.5
    endloop
  endfacet
  facet normal 0 0 1
    outer loop
      vertex -20.874 35.76 2.5
      vertex -20.874 34.76 2.5
      vertex -20.74 35.26 2.5
    endloop
  endfacet
  facet normal 0 0 1
    outer loop
      vertex -21.24 36.126 2.5
      vertex -20.874 34.76 2.5
      vertex -20.874 35.76 2.5
    endloop
  endfacet
  facet normal 0 0 1
    outer loop
      vertex -21.24 36.126 2.5
      vertex -21.24 34.394 2.5
      vertex -20.874 34.76 2.5
    endloop
  endfacet
  facet normal 0 0 1
    outer loop
      vertex -21.74 36.26 2.5
      vertex -21.24 34.394 2.5
      vertex -21.24 36.126 2.5
    endloop
  endfacet
  facet normal 0 0 1
    outer loop
      vertex -21.74 36.26 2.5
      vertex -21.74 34.26 2.5
      vertex -21.24 34.394 2.5
    endloop
  endfacet
  facet normal -0 0 1
    outer loop
      vertex -22.24 36.126 2.5
      vertex -21.74 34.26 2.5
      vertex -21.74 36.26 2.5
    endloop
  endfacet
  facet normal 0 0 1
    outer loop
      vertex -22.24 36.126 2.5
      vertex -22.24 34.394 2.5
      vertex -21.74 34.26 2.5
    endloop
  endfacet
  facet normal -0 0 1
    outer loop
      vertex -22.606 35.76 2.5
      vertex -22.24 34.394 2.5
      vertex -22.24 36.126 2.5
    endloop
  endfacet
  facet normal 0 0 1
    outer loop
      vertex -22.606 35.76 2.5
      vertex -22.606 34.76 2.5
      vertex -22.24 34.394 2.5
    endloop
  endfacet
  facet normal 0 -0 1
    outer loop
      vertex -22.606 34.76 2.5
      vertex -22.606 35.76 2.5
      vertex -22.74 35.26 2.5
    endloop
  endfacet
  facet normal 0 0 1
    outer loop
      vertex -0.873975 35.76 2.5
      vertex -0.873975 34.76 2.5
      vertex -0.74 35.26 2.5
    endloop
  endfacet
  facet normal 0 0 1
    outer loop
      vertex -1.24 36.126 2.5
      vertex -0.873975 34.76 2.5
      vertex -0.873975 35.76 2.5
    endloop
  endfacet
  facet normal 0 0 1
    outer loop
      vertex -1.24 36.126 2.5
      vertex -1.24 34.394 2.5
      vertex -0.873975 34.76 2.5
    endloop
  endfacet
  facet normal 0 0 1
    outer loop
      vertex -1.74 36.26 2.5
      vertex -1.24 34.394 2.5
      vertex -1.24 36.126 2.5
    endloop
  endfacet
  facet normal 0 0 1
    outer loop
      vertex -1.74 36.26 2.5
      vertex -1.74 34.26 2.5
      vertex -1.24 34.394 2.5
    endloop
  endfacet
  facet normal -0 0 1
    outer loop
      vertex -2.24 36.126 2.5
      vertex -1.74 34.26 2.5
      vertex -1.74 36.26 2.5
    endloop
  endfacet
  facet normal 0 0 1
    outer loop
      vertex -2.24 36.126 2.5
      vertex -2.24 34.394 2.5
      vertex -1.74 34.26 2.5
    endloop
  endfacet
  facet normal -0 0 1
    outer loop
      vertex -2.60602 35.76 2.5
      vertex -2.24 34.394 2.5
      vertex -2.24 36.126 2.5
    endloop
  endfacet
  facet normal 0 0 1
    outer loop
      vertex -2.60602 35.76 2.5
      vertex -2.60602 34.76 2.5
      vertex -2.24 34.394 2.5
    endloop
  endfacet
  facet normal 0 -0 1
    outer loop
      vertex -2.60602 34.76 2.5
      vertex -2.60602 35.76 2.5
      vertex -2.74 35.26 2.5
    endloop
  endfacet
  facet normal 0 0 1
    outer loop
      vertex -20.874 50.76 2.5
      vertex -20.874 49.76 2.5
      vertex -20.74 50.26 2.5
    endloop
  endfacet
  facet normal 0 0 1
    outer loop
      vertex -21.24 51.126 2.5
      vertex -20.874 49.76 2.5
      vertex -20.874 50.76 2.5
    endloop
  endfacet
  facet normal 0 0 1
    outer loop
      vertex -21.24 51.126 2.5
      vertex -21.24 49.394 2.5
      vertex -20.874 49.76 2.5
    endloop
  endfacet
  facet normal 0 0 1
    outer loop
      vertex -21.74 51.26 2.5
      vertex -21.24 49.394 2.5
      vertex -21.24 51.126 2.5
    endloop
  endfacet
  facet normal 0 0 1
    outer loop
      vertex -21.74 51.26 2.5
      vertex -21.74 49.26 2.5
      vertex -21.24 49.394 2.5
    endloop
  endfacet
  facet normal -0 0 1
    outer loop
      vertex -22.24 51.126 2.5
      vertex -21.74 49.26 2.5
      vertex -21.74 51.26 2.5
    endloop
  endfacet
  facet normal 0 0 1
    outer loop
      vertex -22.24 51.126 2.5
      vertex -22.24 49.394 2.5
      vertex -21.74 49.26 2.5
    endloop
  endfacet
  facet normal -0 0 1
    outer loop
      vertex -22.606 50.76 2.5
      vertex -22.24 49.394 2.5
      vertex -22.24 51.126 2.5
    endloop
  endfacet
  facet normal 0 0 1
    outer loop
      vertex -22.606 50.76 2.5
      vertex -22.606 49.76 2.5
      vertex -22.24 49.394 2.5
    endloop
  endfacet
  facet normal 0 -0 1
    outer loop
      vertex -22.606 49.76 2.5
      vertex -22.606 50.76 2.5
      vertex -22.74 50.26 2.5
    endloop
  endfacet
  facet normal 0 0 1
    outer loop
      vertex -0.873975 50.76 2.5
      vertex -0.873975 49.76 2.5
      vertex -0.74 50.26 2.5
    endloop
  endfacet
  facet normal 0 0 1
    outer loop
      vertex -1.24 51.126 2.5
      vertex -0.873975 49.76 2.5
      vertex -0.873975 50.76 2.5
    endloop
  endfacet
  facet normal 0 0 1
    outer loop
      vertex -1.24 51.126 2.5
      vertex -1.24 49.394 2.5
      vertex -0.873975 49.76 2.5
    endloop
  endfacet
  facet normal 0 0 1
    outer loop
      vertex -1.74 51.26 2.5
      vertex -1.24 49.394 2.5
      vertex -1.24 51.126 2.5
    endloop
  endfacet
  facet normal 0 0 1
    outer loop
      vertex -1.74 51.26 2.5
      vertex -1.74 49.26 2.5
      vertex -1.24 49.394 2.5
    endloop
  endfacet
  facet normal -0 0 1
    outer loop
      vertex -2.24 51.126 2.5
      vertex -1.74 49.26 2.5
      vertex -1.74 51.26 2.5
    endloop
  endfacet
  facet normal 0 0 1
    outer loop
      vertex -2.24 51.126 2.5
      vertex -2.24 49.394 2.5
      vertex -1.74 49.26 2.5
    endloop
  endfacet
  facet normal -0 0 1
    outer loop
      vertex -2.60602 50.76 2.5
      vertex -2.24 49.394 2.5
      vertex -2.24 51.126 2.5
    endloop
  endfacet
  facet normal 0 0 1
    outer loop
      vertex -2.60602 50.76 2.5
      vertex -2.60602 49.76 2.5
      vertex -2.24 49.394 2.5
    endloop
  endfacet
  facet normal 0 -0 1
    outer loop
      vertex -2.60602 49.76 2.5
      vertex -2.60602 50.76 2.5
      vertex -2.74 50.26 2.5
    endloop
  endfacet
  facet normal 0 0 1
    outer loop
      vertex -20.76 -19.76 2.5
      vertex -19.76 -20.76 2.5
      vertex -19.7655 -20.6555 2.5
    endloop
  endfacet
  facet normal 0 0 1
    outer loop
      vertex -19.76 -20.76 2.5
      vertex -20.76 -19.76 2.5
      vertex -19.76 -50.76 2.5
    endloop
  endfacet
  facet normal 0 0 1
    outer loop
      vertex -20.76 -19.76 2.5
      vertex -19.7655 -20.6555 2.5
      vertex -19.7819 -20.5521 2.5
    endloop
  endfacet
  facet normal 0 0 1
    outer loop
      vertex -20.76 -51.76 2.5
      vertex -19.76 -50.76 2.5
      vertex -20.76 -19.76 2.5
    endloop
  endfacet
  facet normal 0 0 1
    outer loop
      vertex -20.76 -19.76 2.5
      vertex -19.7819 -20.5521 2.5
      vertex -19.8089 -20.451 2.5
    endloop
  endfacet
  facet normal 0 0 1
    outer loop
      vertex -19.76 -50.76 2.5
      vertex -20.76 -51.76 2.5
      vertex -19.7655 -50.8645 2.5
    endloop
  endfacet
  facet normal 0 0 1
    outer loop
      vertex -20.76 -19.76 2.5
      vertex -19.8089 -20.451 2.5
      vertex -19.8465 -20.3533 2.5
    endloop
  endfacet
  facet normal 0 0 1
    outer loop
      vertex -19.7655 -50.8645 2.5
      vertex -20.76 -51.76 2.5
      vertex -19.7819 -50.9679 2.5
    endloop
  endfacet
  facet normal 0 0 1
    outer loop
      vertex -20.76 -19.76 2.5
      vertex -19.8465 -20.3533 2.5
      vertex -19.894 -20.26 2.5
    endloop
  endfacet
  facet normal 0 0 1
    outer loop
      vertex -19.7819 -50.9679 2.5
      vertex -20.76 -51.76 2.5
      vertex -19.8089 -51.069 2.5
    endloop
  endfacet
  facet normal 0 0 1
    outer loop
      vertex -20.76 -19.76 2.5
      vertex -19.894 -20.26 2.5
      vertex -19.951 -20.1722 2.5
    endloop
  endfacet
  facet normal 0 0 1
    outer loop
      vertex -19.8089 -51.069 2.5
      vertex -20.76 -51.76 2.5
      vertex -19.8465 -51.1667 2.5
    endloop
  endfacet
  facet normal 0 0 1
    outer loop
      vertex -20.76 -19.76 2.5
      vertex -19.951 -20.1722 2.5
      vertex -20.0169 -20.0909 2.5
    endloop
  endfacet
  facet normal 0 0 1
    outer loop
      vertex -19.8465 -51.1667 2.5
      vertex -20.76 -51.76 2.5
      vertex -19.894 -51.26 2.5
    endloop
  endfacet
  facet normal 0 0 1
    outer loop
      vertex -20.76 -19.76 2.5
      vertex -20.0169 -20.0909 2.5
      vertex -20.0909 -20.0169 2.5
    endloop
  endfacet
  facet normal 0 0 1
    outer loop
      vertex -19.894 -51.26 2.5
      vertex -20.76 -51.76 2.5
      vertex -19.951 -51.3478 2.5
    endloop
  endfacet
  facet normal 0 0 1
    outer loop
      vertex -20.76 -19.76 2.5
      vertex -20.0909 -20.0169 2.5
      vertex -20.1722 -19.951 2.5
    endloop
  endfacet
  facet normal 0 0 1
    outer loop
      vertex -19.951 -51.3478 2.5
      vertex -20.76 -51.76 2.5
      vertex -20.0169 -51.4291 2.5
    endloop
  endfacet
  facet normal 0 0 1
    outer loop
      vertex -20.76 -19.76 2.5
      vertex -20.1722 -19.951 2.5
      vertex -20.26 -19.894 2.5
    endloop
  endfacet
  facet normal 0 0 1
    outer loop
      vertex -20.0169 -51.4291 2.5
      vertex -20.76 -51.76 2.5
      vertex -20.0909 -51.5031 2.5
    endloop
  endfacet
  facet normal 0 0 1
    outer loop
      vertex -20.76 -19.76 2.5
      vertex -20.26 -19.894 2.5
      vertex -20.3533 -19.8465 2.5
    endloop
  endfacet
  facet normal 0 0 1
    outer loop
      vertex -20.0909 -51.5031 2.5
      vertex -20.76 -51.76 2.5
      vertex -20.1722 -51.569 2.5
    endloop
  endfacet
  facet normal 0 0 1
    outer loop
      vertex -20.76 -19.76 2.5
      vertex -20.3533 -19.8465 2.5
      vertex -20.451 -19.8089 2.5
    endloop
  endfacet
  facet normal 0 0 1
    outer loop
      vertex -20.1722 -51.569 2.5
      vertex -20.76 -51.76 2.5
      vertex -20.26 -51.626 2.5
    endloop
  endfacet
  facet normal 0 0 1
    outer loop
      vertex -20.76 -19.76 2.5
      vertex -20.451 -19.8089 2.5
      vertex -20.5521 -19.7819 2.5
    endloop
  endfacet
  facet normal 0 0 1
    outer loop
      vertex -20.26 -51.626 2.5
      vertex -20.76 -51.76 2.5
      vertex -20.3533 -51.6735 2.5
    endloop
  endfacet
  facet normal 0 0 1
    outer loop
      vertex -20.76 -19.76 2.5
      vertex -20.5521 -19.7819 2.5
      vertex -20.6555 -19.7655 2.5
    endloop
  endfacet
  facet normal 0 0 1
    outer loop
      vertex -20.3533 -51.6735 2.5
      vertex -20.76 -51.76 2.5
      vertex -20.451 -51.7111 2.5
    endloop
  endfacet
  facet normal 0 0 1
    outer loop
      vertex -20.451 -51.7111 2.5
      vertex -20.76 -51.76 2.5
      vertex -20.5521 -51.7381 2.5
    endloop
  endfacet
  facet normal 0 0 1
    outer loop
      vertex -20.5521 -51.7381 2.5
      vertex -20.76 -51.76 2.5
      vertex -20.6555 -51.7545 2.5
    endloop
  endfacet
  facet normal -0 0 1
    outer loop
      vertex -50.76 -19.76 2.5
      vertex -20.76 -51.76 2.5
      vertex -20.76 -19.76 2.5
    endloop
  endfacet
  facet normal 0 0 1
    outer loop
      vertex -50.76 -19.76 2.5
      vertex -50.76 -51.76 2.5
      vertex -20.76 -51.76 2.5
    endloop
  endfacet
  facet normal 0 0 1
    outer loop
      vertex -51.76 -20.76 2.5
      vertex -50.76 -19.76 2.5
      vertex -50.8645 -19.7655 2.5
    endloop
  endfacet
  facet normal 0 0 1
    outer loop
      vertex -50.76 -19.76 2.5
      vertex -51.76 -20.76 2.5
      vertex -50.76 -51.76 2.5
    endloop
  endfacet
  facet normal 0 0 1
    outer loop
      vertex -51.76 -20.76 2.5
      vertex -50.8645 -19.7655 2.5
      vertex -50.9679 -19.7819 2.5
    endloop
  endfacet
  facet normal -0 0 1
    outer loop
      vertex -51.76 -50.76 2.5
      vertex -50.76 -51.76 2.5
      vertex -51.76 -20.76 2.5
    endloop
  endfacet
  facet normal 0 0 1
    outer loop
      vertex -51.76 -20.76 2.5
      vertex -50.9679 -19.7819 2.5
      vertex -51.069 -19.8089 2.5
    endloop
  endfacet
  facet normal 0 0 1
    outer loop
      vertex -50.76 -51.76 2.5
      vertex -51.76 -50.76 2.5
      vertex -50.8645 -51.7545 2.5
    endloop
  endfacet
  facet normal 0 0 1
    outer loop
      vertex -51.76 -20.76 2.5
      vertex -51.069 -19.8089 2.5
      vertex -51.1667 -19.8465 2.5
    endloop
  endfacet
  facet normal 0 0 1
    outer loop
      vertex -50.8645 -51.7545 2.5
      vertex -51.76 -50.76 2.5
      vertex -50.9679 -51.7381 2.5
    endloop
  endfacet
  facet normal 0 0 1
    outer loop
      vertex -51.76 -20.76 2.5
      vertex -51.1667 -19.8465 2.5
      vertex -51.26 -19.894 2.5
    endloop
  endfacet
  facet normal 0 0 1
    outer loop
      vertex -50.9679 -51.7381 2.5
      vertex -51.76 -50.76 2.5
      vertex -51.069 -51.7111 2.5
    endloop
  endfacet
  facet normal 0 0 1
    outer loop
      vertex -51.76 -20.76 2.5
      vertex -51.26 -19.894 2.5
      vertex -51.3478 -19.951 2.5
    endloop
  endfacet
  facet normal 0 0 1
    outer loop
      vertex -51.069 -51.7111 2.5
      vertex -51.76 -50.76 2.5
      vertex -51.1667 -51.6735 2.5
    endloop
  endfacet
  facet normal 0 0 1
    outer loop
      vertex -51.76 -20.76 2.5
      vertex -51.3478 -19.951 2.5
      vertex -51.4291 -20.0169 2.5
    endloop
  endfacet
  facet normal 0 0 1
    outer loop
      vertex -51.1667 -51.6735 2.5
      vertex -51.76 -50.76 2.5
      vertex -51.26 -51.626 2.5
    endloop
  endfacet
  facet normal 0 0 1
    outer loop
      vertex -51.76 -20.76 2.5
      vertex -51.4291 -20.0169 2.5
      vertex -51.5031 -20.0909 2.5
    endloop
  endfacet
  facet normal 0 0 1
    outer loop
      vertex -51.26 -51.626 2.5
      vertex -51.76 -50.76 2.5
      vertex -51.3478 -51.569 2.5
    endloop
  endfacet
  facet normal 0 0 1
    outer loop
      vertex -51.76 -20.76 2.5
      vertex -51.5031 -20.0909 2.5
      vertex -51.569 -20.1722 2.5
    endloop
  endfacet
  facet normal 0 0 1
    outer loop
      vertex -51.3478 -51.569 2.5
      vertex -51.76 -50.76 2.5
      vertex -51.4291 -51.5031 2.5
    endloop
  endfacet
  facet normal 0 0 1
    outer loop
      vertex -51.76 -20.76 2.5
      vertex -51.569 -20.1722 2.5
      vertex -51.626 -20.26 2.5
    endloop
  endfacet
  facet normal 0 0 1
    outer loop
      vertex -51.4291 -51.5031 2.5
      vertex -51.76 -50.76 2.5
      vertex -51.5031 -51.4291 2.5
    endloop
  endfacet
  facet normal 0 0 1
    outer loop
      vertex -51.76 -20.76 2.5
      vertex -51.626 -20.26 2.5
      vertex -51.6735 -20.3533 2.5
    endloop
  endfacet
  facet normal 0 0 1
    outer loop
      vertex -51.5031 -51.4291 2.5
      vertex -51.76 -50.76 2.5
      vertex -51.569 -51.3478 2.5
    endloop
  endfacet
  facet normal 0 0 1
    outer loop
      vertex -51.76 -20.76 2.5
      vertex -51.6735 -20.3533 2.5
      vertex -51.7111 -20.451 2.5
    endloop
  endfacet
  facet normal 0 0 1
    outer loop
      vertex -51.569 -51.3478 2.5
      vertex -51.76 -50.76 2.5
      vertex -51.626 -51.26 2.5
    endloop
  endfacet
  facet normal 0 0 1
    outer loop
      vertex -51.76 -20.76 2.5
      vertex -51.7111 -20.451 2.5
      vertex -51.7381 -20.5521 2.5
    endloop
  endfacet
  facet normal 0 0 1
    outer loop
      vertex -51.626 -51.26 2.5
      vertex -51.76 -50.76 2.5
      vertex -51.6735 -51.1667 2.5
    endloop
  endfacet
  facet normal 0 0 1
    outer loop
      vertex -51.76 -20.76 2.5
      vertex -51.7381 -20.5521 2.5
      vertex -51.7545 -20.6555 2.5
    endloop
  endfacet
  facet normal 0 0 1
    outer loop
      vertex -51.6735 -51.1667 2.5
      vertex -51.76 -50.76 2.5
      vertex -51.7111 -51.069 2.5
    endloop
  endfacet
  facet normal 0 0 1
    outer loop
      vertex -51.7111 -51.069 2.5
      vertex -51.76 -50.76 2.5
      vertex -51.7381 -50.9679 2.5
    endloop
  endfacet
  facet normal 0 0 1
    outer loop
      vertex -51.7381 -50.9679 2.5
      vertex -51.76 -50.76 2.5
      vertex -51.7545 -50.8645 2.5
    endloop
  endfacet
  facet normal 0 0 -1
    outer loop
      vertex 8.26 7.56056 2.5
      vertex 9.76 10.5792 2.5
      vertex 9.76 7.56056 2.5
    endloop
  endfacet
  facet normal -0 0 -1
    outer loop
      vertex 9.76 10.5792 2.5
      vertex 8.26 7.56056 2.5
      vertex 8.26 10.5792 2.5
    endloop
  endfacet
  facet normal -0.998619 -0.0525338 0
    outer loop
      vertex 53.76 51.76 2.5
      vertex 53.749 51.9691 29.5
      vertex 53.749 51.9691 2.5
    endloop
  endfacet
  facet normal -0.998619 -0.0525338 0
    outer loop
      vertex 53.749 51.9691 29.5
      vertex 53.76 51.76 2.5
      vertex 53.76 51.76 29.5
    endloop
  endfacet
  facet normal -0.629171 0.777267 0
    outer loop
      vertex 53.0983 -53.2463 2.5
      vertex 52.9356 -53.378 29.5
      vertex 53.0983 -53.2463 29.5
    endloop
  endfacet
  facet normal -0.629171 0.777267 0
    outer loop
      vertex 52.9356 -53.378 29.5
      vertex 53.0983 -53.2463 2.5
      vertex 52.9356 -53.378 2.5
    endloop
  endfacet
  facet normal -0.258911 0.965901 0
    outer loop
      vertex 52.378 -53.6621 2.5
      vertex 52.1758 -53.7163 29.5
      vertex 52.378 -53.6621 29.5
    endloop
  endfacet
  facet normal -0.258911 0.965901 0
    outer loop
      vertex 52.1758 -53.7163 29.5
      vertex 52.378 -53.6621 2.5
      vertex 52.1758 -53.7163 2.5
    endloop
  endfacet
  facet normal -0.933653 -0.358179 0
    outer loop
      vertex 53.6621 52.378 2.5
      vertex 53.5871 52.5735 29.5
      vertex 53.5871 52.5735 2.5
    endloop
  endfacet
  facet normal -0.933653 -0.358179 0
    outer loop
      vertex 53.5871 52.5735 29.5
      vertex 53.6621 52.378 2.5
      vertex 53.6621 52.378 29.5
    endloop
  endfacet
  facet normal 0.358179 -0.933653 0
    outer loop
      vertex -52.5735 53.5871 2.5
      vertex -52.378 53.6621 29.5
      vertex -52.5735 53.5871 29.5
    endloop
  endfacet
  facet normal 0.358179 -0.933653 0
    outer loop
      vertex -52.378 53.6621 29.5
      vertex -52.5735 53.5871 2.5
      vertex -52.378 53.6621 2.5
    endloop
  endfacet
  facet normal 0.544854 -0.838531 0
    outer loop
      vertex -52.9356 53.378 2.5
      vertex -52.76 53.4921 29.5
      vertex -52.9356 53.378 29.5
    endloop
  endfacet
  facet normal 0.544854 -0.838531 0
    outer loop
      vertex -52.76 53.4921 29.5
      vertex -52.9356 53.378 2.5
      vertex -52.76 53.4921 2.5
    endloop
  endfacet
  facet normal -0.965901 -0.258911 0
    outer loop
      vertex 53.7163 52.1758 2.5
      vertex 53.6621 52.378 29.5
      vertex 53.6621 52.378 2.5
    endloop
  endfacet
  facet normal -0.965901 -0.258911 0
    outer loop
      vertex 53.6621 52.378 29.5
      vertex 53.7163 52.1758 2.5
      vertex 53.7163 52.1758 29.5
    endloop
  endfacet
  facet normal 0.777267 -0.629171 0
    outer loop
      vertex -53.378 52.9356 29.5
      vertex -53.2463 53.0983 2.5
      vertex -53.2463 53.0983 29.5
    endloop
  endfacet
  facet normal 0.777267 -0.629171 0
    outer loop
      vertex -53.2463 53.0983 2.5
      vertex -53.378 52.9356 29.5
      vertex -53.378 52.9356 2.5
    endloop
  endfacet
  facet normal -0.777267 0.629171 0
    outer loop
      vertex 53.2463 -53.0983 2.5
      vertex 53.378 -52.9356 29.5
      vertex 53.378 -52.9356 2.5
    endloop
  endfacet
  facet normal -0.777267 0.629171 0
    outer loop
      vertex 53.378 -52.9356 29.5
      vertex 53.2463 -53.0983 2.5
      vertex 53.2463 -53.0983 29.5
    endloop
  endfacet
  facet normal 0.891058 0.45389 0
    outer loop
      vertex -53.4921 -52.76 29.5
      vertex -53.5871 -52.5735 2.5
      vertex -53.5871 -52.5735 29.5
    endloop
  endfacet
  facet normal 0.891058 0.45389 0
    outer loop
      vertex -53.5871 -52.5735 2.5
      vertex -53.4921 -52.76 29.5
      vertex -53.4921 -52.76 2.5
    endloop
  endfacet
  facet normal -0.258911 -0.965901 0
    outer loop
      vertex 52.1758 53.7163 2.5
      vertex 52.378 53.6621 29.5
      vertex 52.1758 53.7163 29.5
    endloop
  endfacet
  facet normal -0.258911 -0.965901 -0
    outer loop
      vertex 52.378 53.6621 29.5
      vertex 52.1758 53.7163 2.5
      vertex 52.378 53.6621 2.5
    endloop
  endfacet
  facet normal -0.838531 0.544854 0
    outer loop
      vertex 53.378 -52.9356 2.5
      vertex 53.4921 -52.76 29.5
      vertex 53.4921 -52.76 2.5
    endloop
  endfacet
  facet normal -0.838531 0.544854 0
    outer loop
      vertex 53.4921 -52.76 29.5
      vertex 53.378 -52.9356 2.5
      vertex 53.378 -52.9356 29.5
    endloop
  endfacet
  facet normal -0.544854 0.838531 0
    outer loop
      vertex 52.9356 -53.378 2.5
      vertex 52.76 -53.4921 29.5
      vertex 52.9356 -53.378 29.5
    endloop
  endfacet
  facet normal -0.544854 0.838531 0
    outer loop
      vertex 52.76 -53.4921 29.5
      vertex 52.9356 -53.378 2.5
      vertex 52.76 -53.4921 2.5
    endloop
  endfacet
  facet normal -0.891058 -0.45389 0
    outer loop
      vertex 53.5871 52.5735 2.5
      vertex 53.4921 52.76 29.5
      vertex 53.4921 52.76 2.5
    endloop
  endfacet
  facet normal -0.891058 -0.45389 0
    outer loop
      vertex 53.4921 52.76 29.5
      vertex 53.5871 52.5735 2.5
      vertex 53.5871 52.5735 29.5
    endloop
  endfacet
  facet normal 0.156257 -0.987716 0
    outer loop
      vertex -52.1758 53.7163 2.5
      vertex -51.9691 53.749 29.5
      vertex -52.1758 53.7163 29.5
    endloop
  endfacet
  facet normal 0.156257 -0.987716 0
    outer loop
      vertex -51.9691 53.749 29.5
      vertex -52.1758 53.7163 2.5
      vertex -51.9691 53.749 2.5
    endloop
  endfacet
  facet normal 0.891058 -0.45389 0
    outer loop
      vertex -53.5871 52.5735 29.5
      vertex -53.4921 52.76 2.5
      vertex -53.4921 52.76 29.5
    endloop
  endfacet
  facet normal 0.891058 -0.45389 0
    outer loop
      vertex -53.4921 52.76 2.5
      vertex -53.5871 52.5735 29.5
      vertex -53.5871 52.5735 2.5
    endloop
  endfacet
  facet normal -0.707107 0.707107 0
    outer loop
      vertex 53.0983 -53.2463 2.5
      vertex 53.2463 -53.0983 29.5
      vertex 53.2463 -53.0983 2.5
    endloop
  endfacet
  facet normal -0.707107 0.707107 0
    outer loop
      vertex 53.2463 -53.0983 29.5
      vertex 53.0983 -53.2463 2.5
      vertex 53.0983 -53.2463 29.5
    endloop
  endfacet
  facet normal -0.965901 0.258911 0
    outer loop
      vertex 53.6621 -52.378 2.5
      vertex 53.7163 -52.1758 29.5
      vertex 53.7163 -52.1758 2.5
    endloop
  endfacet
  facet normal -0.965901 0.258911 0
    outer loop
      vertex 53.7163 -52.1758 29.5
      vertex 53.6621 -52.378 2.5
      vertex 53.6621 -52.378 29.5
    endloop
  endfacet
  facet normal -0.838531 -0.544854 0
    outer loop
      vertex 53.4921 52.76 2.5
      vertex 53.378 52.9356 29.5
      vertex 53.378 52.9356 2.5
    endloop
  endfacet
  facet normal -0.838531 -0.544854 0
    outer loop
      vertex 53.378 52.9356 29.5
      vertex 53.4921 52.76 2.5
      vertex 53.4921 52.76 29.5
    endloop
  endfacet
  facet normal -0.0525338 0.998619 0
    outer loop
      vertex 51.9691 -53.749 2.5
      vertex 51.76 -53.76 29.5
      vertex 51.9691 -53.749 29.5
    endloop
  endfacet
  facet normal -0.0525338 0.998619 0
    outer loop
      vertex 51.76 -53.76 29.5
      vertex 51.9691 -53.749 2.5
      vertex 51.76 -53.76 2.5
    endloop
  endfacet
  facet normal -0.156257 -0.987716 0
    outer loop
      vertex 51.9691 53.749 2.5
      vertex 52.1758 53.7163 29.5
      vertex 51.9691 53.749 29.5
    endloop
  endfacet
  facet normal -0.156257 -0.987716 -0
    outer loop
      vertex 52.1758 53.7163 29.5
      vertex 51.9691 53.749 2.5
      vertex 52.1758 53.7163 2.5
    endloop
  endfacet
  facet normal 0.933653 -0.358179 0
    outer loop
      vertex -53.6621 52.378 29.5
      vertex -53.5871 52.5735 2.5
      vertex -53.5871 52.5735 29.5
    endloop
  endfacet
  facet normal 0.933653 -0.358179 0
    outer loop
      vertex -53.5871 52.5735 2.5
      vertex -53.6621 52.378 29.5
      vertex -53.6621 52.378 2.5
    endloop
  endfacet
  facet normal -0.987716 0.156257 0
    outer loop
      vertex 53.7163 -52.1758 2.5
      vertex 53.749 -51.9691 29.5
      vertex 53.749 -51.9691 2.5
    endloop
  endfacet
  facet normal -0.987716 0.156257 0
    outer loop
      vertex 53.749 -51.9691 29.5
      vertex 53.7163 -52.1758 2.5
      vertex 53.7163 -52.1758 29.5
    endloop
  endfacet
  facet normal -0.998619 0.0525338 0
    outer loop
      vertex 53.749 -51.9691 2.5
      vertex 53.76 -51.76 29.5
      vertex 53.76 -51.76 2.5
    endloop
  endfacet
  facet normal -0.998619 0.0525338 0
    outer loop
      vertex 53.76 -51.76 29.5
      vertex 53.749 -51.9691 2.5
      vertex 53.749 -51.9691 29.5
    endloop
  endfacet
  facet normal 0.987716 0.156257 0
    outer loop
      vertex -53.7163 -52.1758 29.5
      vertex -53.749 -51.9691 2.5
      vertex -53.749 -51.9691 29.5
    endloop
  endfacet
  facet normal 0.987716 0.156257 0
    outer loop
      vertex -53.749 -51.9691 2.5
      vertex -53.7163 -52.1758 29.5
      vertex -53.7163 -52.1758 2.5
    endloop
  endfacet
  facet normal 0.707107 0.707107 0
    outer loop
      vertex -53.0983 -53.2463 29.5
      vertex -53.2463 -53.0983 2.5
      vertex -53.2463 -53.0983 29.5
    endloop
  endfacet
  facet normal 0.707107 0.707107 0
    outer loop
      vertex -53.2463 -53.0983 2.5
      vertex -53.0983 -53.2463 29.5
      vertex -53.0983 -53.2463 2.5
    endloop
  endfacet
  facet normal 0.707107 -0.707107 0
    outer loop
      vertex -53.2463 53.0983 29.5
      vertex -53.0983 53.2463 2.5
      vertex -53.0983 53.2463 29.5
    endloop
  endfacet
  facet normal 0.707107 -0.707107 0
    outer loop
      vertex -53.0983 53.2463 2.5
      vertex -53.2463 53.0983 29.5
      vertex -53.2463 53.0983 2.5
    endloop
  endfacet
  facet normal -0.987716 -0.156257 0
    outer loop
      vertex 53.749 51.9691 2.5
      vertex 53.7163 52.1758 29.5
      vertex 53.7163 52.1758 2.5
    endloop
  endfacet
  facet normal -0.987716 -0.156257 0
    outer loop
      vertex 53.7163 52.1758 29.5
      vertex 53.749 51.9691 2.5
      vertex 53.749 51.9691 29.5
    endloop
  endfacet
  facet normal 0.258911 0.965901 -0
    outer loop
      vertex -52.1758 -53.7163 2.5
      vertex -52.378 -53.6621 29.5
      vertex -52.1758 -53.7163 29.5
    endloop
  endfacet
  facet normal 0.258911 0.965901 0
    outer loop
      vertex -52.378 -53.6621 29.5
      vertex -52.1758 -53.7163 2.5
      vertex -52.378 -53.6621 2.5
    endloop
  endfacet
  facet normal 0.933653 0.358179 0
    outer loop
      vertex -53.5871 -52.5735 29.5
      vertex -53.6621 -52.378 2.5
      vertex -53.6621 -52.378 29.5
    endloop
  endfacet
  facet normal 0.933653 0.358179 0
    outer loop
      vertex -53.6621 -52.378 2.5
      vertex -53.5871 -52.5735 29.5
      vertex -53.5871 -52.5735 2.5
    endloop
  endfacet
  facet normal 0.0525338 -0.998619 0
    outer loop
      vertex -51.9691 53.749 2.5
      vertex -51.76 53.76 29.5
      vertex -51.9691 53.749 29.5
    endloop
  endfacet
  facet normal 0.0525338 -0.998619 0
    outer loop
      vertex -51.76 53.76 29.5
      vertex -51.9691 53.749 2.5
      vertex -51.76 53.76 2.5
    endloop
  endfacet
  facet normal 0.156257 0.987716 -0
    outer loop
      vertex -51.9691 -53.749 2.5
      vertex -52.1758 -53.7163 29.5
      vertex -51.9691 -53.749 29.5
    endloop
  endfacet
  facet normal 0.156257 0.987716 0
    outer loop
      vertex -52.1758 -53.7163 29.5
      vertex -51.9691 -53.749 2.5
      vertex -52.1758 -53.7163 2.5
    endloop
  endfacet
  facet normal 0.987716 -0.156257 0
    outer loop
      vertex -53.749 51.9691 29.5
      vertex -53.7163 52.1758 2.5
      vertex -53.7163 52.1758 29.5
    endloop
  endfacet
  facet normal 0.987716 -0.156257 0
    outer loop
      vertex -53.7163 52.1758 2.5
      vertex -53.749 51.9691 29.5
      vertex -53.749 51.9691 2.5
    endloop
  endfacet
  facet normal 0.629171 0.777267 -0
    outer loop
      vertex -52.9356 -53.378 2.5
      vertex -53.0983 -53.2463 29.5
      vertex -52.9356 -53.378 29.5
    endloop
  endfacet
  facet normal 0.629171 0.777267 0
    outer loop
      vertex -53.0983 -53.2463 29.5
      vertex -52.9356 -53.378 2.5
      vertex -53.0983 -53.2463 2.5
    endloop
  endfacet
  facet normal -0.544854 -0.838531 0
    outer loop
      vertex 52.76 53.4921 2.5
      vertex 52.9356 53.378 29.5
      vertex 52.76 53.4921 29.5
    endloop
  endfacet
  facet normal -0.544854 -0.838531 -0
    outer loop
      vertex 52.9356 53.378 29.5
      vertex 52.76 53.4921 2.5
      vertex 52.9356 53.378 2.5
    endloop
  endfacet
  facet normal -0.0525338 -0.998619 0
    outer loop
      vertex 51.76 53.76 2.5
      vertex 51.9691 53.749 29.5
      vertex 51.76 53.76 29.5
    endloop
  endfacet
  facet normal -0.0525338 -0.998619 -0
    outer loop
      vertex 51.9691 53.749 29.5
      vertex 51.76 53.76 2.5
      vertex 51.9691 53.749 2.5
    endloop
  endfacet
  facet normal -0.629171 -0.777267 0
    outer loop
      vertex 52.9356 53.378 2.5
      vertex 53.0983 53.2463 29.5
      vertex 52.9356 53.378 29.5
    endloop
  endfacet
  facet normal -0.629171 -0.777267 -0
    outer loop
      vertex 53.0983 53.2463 29.5
      vertex 52.9356 53.378 2.5
      vertex 53.0983 53.2463 2.5
    endloop
  endfacet
  facet normal -0.156257 0.987716 0
    outer loop
      vertex 52.1758 -53.7163 2.5
      vertex 51.9691 -53.749 29.5
      vertex 52.1758 -53.7163 29.5
    endloop
  endfacet
  facet normal -0.156257 0.987716 0
    outer loop
      vertex 51.9691 -53.749 29.5
      vertex 52.1758 -53.7163 2.5
      vertex 51.9691 -53.749 2.5
    endloop
  endfacet
  facet normal -0.45389 0.891058 0
    outer loop
      vertex 52.76 -53.4921 2.5
      vertex 52.5735 -53.5871 29.5
      vertex 52.76 -53.4921 29.5
    endloop
  endfacet
  facet normal -0.45389 0.891058 0
    outer loop
      vertex 52.5735 -53.5871 29.5
      vertex 52.76 -53.4921 2.5
      vertex 52.5735 -53.5871 2.5
    endloop
  endfacet
  facet normal -0.777267 -0.629171 0
    outer loop
      vertex 53.378 52.9356 2.5
      vertex 53.2463 53.0983 29.5
      vertex 53.2463 53.0983 2.5
    endloop
  endfacet
  facet normal -0.777267 -0.629171 0
    outer loop
      vertex 53.2463 53.0983 29.5
      vertex 53.378 52.9356 2.5
      vertex 53.378 52.9356 29.5
    endloop
  endfacet
  facet normal -0.707107 -0.707107 0
    outer loop
      vertex 53.2463 53.0983 2.5
      vertex 53.0983 53.2463 29.5
      vertex 53.0983 53.2463 2.5
    endloop
  endfacet
  facet normal -0.707107 -0.707107 0
    outer loop
      vertex 53.0983 53.2463 29.5
      vertex 53.2463 53.0983 2.5
      vertex 53.2463 53.0983 29.5
    endloop
  endfacet
  facet normal -0.891058 0.45389 0
    outer loop
      vertex 53.4921 -52.76 2.5
      vertex 53.5871 -52.5735 29.5
      vertex 53.5871 -52.5735 2.5
    endloop
  endfacet
  facet normal -0.891058 0.45389 0
    outer loop
      vertex 53.5871 -52.5735 29.5
      vertex 53.4921 -52.76 2.5
      vertex 53.4921 -52.76 29.5
    endloop
  endfacet
  facet normal 0.258911 -0.965901 0
    outer loop
      vertex -52.378 53.6621 2.5
      vertex -52.1758 53.7163 29.5
      vertex -52.378 53.6621 29.5
    endloop
  endfacet
  facet normal 0.258911 -0.965901 0
    outer loop
      vertex -52.1758 53.7163 29.5
      vertex -52.378 53.6621 2.5
      vertex -52.1758 53.7163 2.5
    endloop
  endfacet
  facet normal 0.777267 0.629171 0
    outer loop
      vertex -53.2463 -53.0983 29.5
      vertex -53.378 -52.9356 2.5
      vertex -53.378 -52.9356 29.5
    endloop
  endfacet
  facet normal 0.777267 0.629171 0
    outer loop
      vertex -53.378 -52.9356 2.5
      vertex -53.2463 -53.0983 29.5
      vertex -53.2463 -53.0983 2.5
    endloop
  endfacet
  facet normal 0.838531 0.544854 0
    outer loop
      vertex -53.378 -52.9356 29.5
      vertex -53.4921 -52.76 2.5
      vertex -53.4921 -52.76 29.5
    endloop
  endfacet
  facet normal 0.838531 0.544854 0
    outer loop
      vertex -53.4921 -52.76 2.5
      vertex -53.378 -52.9356 29.5
      vertex -53.378 -52.9356 2.5
    endloop
  endfacet
  facet normal 0.0525338 0.998619 -0
    outer loop
      vertex -51.76 -53.76 2.5
      vertex -51.9691 -53.749 29.5
      vertex -51.76 -53.76 29.5
    endloop
  endfacet
  facet normal 0.0525338 0.998619 0
    outer loop
      vertex -51.9691 -53.749 29.5
      vertex -51.76 -53.76 2.5
      vertex -51.9691 -53.749 2.5
    endloop
  endfacet
  facet normal 0.965901 0.258911 0
    outer loop
      vertex -53.6621 -52.378 29.5
      vertex -53.7163 -52.1758 2.5
      vertex -53.7163 -52.1758 29.5
    endloop
  endfacet
  facet normal 0.965901 0.258911 0
    outer loop
      vertex -53.7163 -52.1758 2.5
      vertex -53.6621 -52.378 29.5
      vertex -53.6621 -52.378 2.5
    endloop
  endfacet
  facet normal 0.544854 0.838531 -0
    outer loop
      vertex -52.76 -53.4921 2.5
      vertex -52.9356 -53.378 29.5
      vertex -52.76 -53.4921 29.5
    endloop
  endfacet
  facet normal 0.544854 0.838531 0
    outer loop
      vertex -52.9356 -53.378 29.5
      vertex -52.76 -53.4921 2.5
      vertex -52.9356 -53.378 2.5
    endloop
  endfacet
  facet normal 0.998619 0.0525338 0
    outer loop
      vertex -53.749 -51.9691 29.5
      vertex -53.76 -51.76 2.5
      vertex -53.76 -51.76 29.5
    endloop
  endfacet
  facet normal 0.998619 0.0525338 0
    outer loop
      vertex -53.76 -51.76 2.5
      vertex -53.749 -51.9691 29.5
      vertex -53.749 -51.9691 2.5
    endloop
  endfacet
  facet normal 0.45389 0.891058 -0
    outer loop
      vertex -52.5735 -53.5871 2.5
      vertex -52.76 -53.4921 29.5
      vertex -52.5735 -53.5871 29.5
    endloop
  endfacet
  facet normal 0.45389 0.891058 0
    outer loop
      vertex -52.76 -53.4921 29.5
      vertex -52.5735 -53.5871 2.5
      vertex -52.76 -53.4921 2.5
    endloop
  endfacet
  facet normal -0.629529 0 -0.776977
    outer loop
      vertex -53.9966 -2 19.9271
      vertex -53.76 2 19.7354
      vertex -53.76 -2 19.7354
    endloop
  endfacet
  facet normal -0.629529 0 -0.776977
    outer loop
      vertex -53.76 2 19.7354
      vertex -53.9966 -2 19.9271
      vertex -53.9966 2 19.9271
    endloop
  endfacet
  facet normal -0.358616 0 -0.933485
    outer loop
      vertex -54.8329 -2 20.3532
      vertex -54.5398 2 20.2406
      vertex -54.5398 -2 20.2406
    endloop
  endfacet
  facet normal -0.358616 0 -0.933485
    outer loop
      vertex -54.5398 2 20.2406
      vertex -54.8329 -2 20.3532
      vertex -54.8329 2 20.3532
    endloop
  endfacet
  facet normal -0.358616 0 0.933485
    outer loop
      vertex -54.8329 2 14.6468
      vertex -54.5398 -2 14.7594
      vertex -54.5398 2 14.7594
    endloop
  endfacet
  facet normal -0.358616 0 0.933485
    outer loop
      vertex -54.5398 -2 14.7594
      vertex -54.8329 2 14.6468
      vertex -54.8329 -2 14.6468
    endloop
  endfacet
  facet normal -0.0522246 0 -0.998635
    outer loop
      vertex -55.76 -2 20.5
      vertex -55.4464 2 20.4836
      vertex -55.4464 -2 20.4836
    endloop
  endfacet
  facet normal -0.0522246 0 -0.998635
    outer loop
      vertex -55.4464 2 20.4836
      vertex -55.76 -2 20.5
      vertex -55.76 2 20.5
    endloop
  endfacet
  facet normal -0.156699 0 -0.987646
    outer loop
      vertex -55.4464 -2 20.4836
      vertex -55.1363 2 20.4344
      vertex -55.1363 -2 20.4344
    endloop
  endfacet
  facet normal -0.156699 0 -0.987646
    outer loop
      vertex -55.1363 2 20.4344
      vertex -55.4464 -2 20.4836
      vertex -55.4464 2 20.4836
    endloop
  endfacet
  facet normal -0.453826 0 -0.891091
    outer loop
      vertex -54.5398 -2 20.2406
      vertex -54.26 2 20.0981
      vertex -54.26 -2 20.0981
    endloop
  endfacet
  facet normal -0.453826 0 -0.891091
    outer loop
      vertex -54.26 2 20.0981
      vertex -54.5398 -2 20.2406
      vertex -54.5398 2 20.2406
    endloop
  endfacet
  facet normal -0.629529 0 0.776977
    outer loop
      vertex -53.9966 2 15.0729
      vertex -53.76 -2 15.2646
      vertex -53.76 2 15.2646
    endloop
  endfacet
  facet normal -0.629529 0 0.776977
    outer loop
      vertex -53.76 -2 15.2646
      vertex -53.9966 2 15.0729
      vertex -53.9966 -2 15.0729
    endloop
  endfacet
  facet normal -0.0522246 0 0.998635
    outer loop
      vertex -55.76 2 14.5
      vertex -55.4464 -2 14.5164
      vertex -55.4464 2 14.5164
    endloop
  endfacet
  facet normal -0.0522246 0 0.998635
    outer loop
      vertex -55.4464 -2 14.5164
      vertex -55.76 2 14.5
      vertex -55.76 -2 14.5
    endloop
  endfacet
  facet normal -0.544518 0 -0.838749
    outer loop
      vertex -54.26 -2 20.0981
      vertex -53.9966 2 19.9271
      vertex -53.9966 -2 19.9271
    endloop
  endfacet
  facet normal -0.544518 0 -0.838749
    outer loop
      vertex -53.9966 2 19.9271
      vertex -54.26 -2 20.0981
      vertex -54.26 2 20.0981
    endloop
  endfacet
  facet normal -0.544518 0 0.838749
    outer loop
      vertex -54.26 2 14.9019
      vertex -53.9966 -2 15.0729
      vertex -53.9966 2 15.0729
    endloop
  endfacet
  facet normal -0.544518 0 0.838749
    outer loop
      vertex -53.9966 -2 15.0729
      vertex -54.26 2 14.9019
      vertex -54.26 -2 14.9019
    endloop
  endfacet
  facet normal -0.453826 0 0.891091
    outer loop
      vertex -54.5398 2 14.7594
      vertex -54.26 -2 14.9019
      vertex -54.26 2 14.9019
    endloop
  endfacet
  facet normal -0.453826 0 0.891091
    outer loop
      vertex -54.26 -2 14.9019
      vertex -54.5398 2 14.7594
      vertex -54.5398 -2 14.7594
    endloop
  endfacet
  facet normal -0.258534 0 -0.966002
    outer loop
      vertex -55.1363 -2 20.4344
      vertex -54.8329 2 20.3532
      vertex -54.8329 -2 20.3532
    endloop
  endfacet
  facet normal -0.258534 0 -0.966002
    outer loop
      vertex -54.8329 2 20.3532
      vertex -55.1363 -2 20.4344
      vertex -55.1363 2 20.4344
    endloop
  endfacet
  facet normal 0 -1 0
    outer loop
      vertex -55.76 2 20.5
      vertex -55.1363 2 20.4344
      vertex -55.4464 2 20.4836
    endloop
  endfacet
  facet normal 0 -1 0
    outer loop
      vertex -55.76 2 20.5
      vertex -54.8329 2 20.3532
      vertex -55.1363 2 20.4344
    endloop
  endfacet
  facet normal 0 -1 0
    outer loop
      vertex -55.76 2 20.5
      vertex -54.5398 2 20.2406
      vertex -54.8329 2 20.3532
    endloop
  endfacet
  facet normal 0 -1 0
    outer loop
      vertex -55.76 2 20.5
      vertex -54.26 2 20.0981
      vertex -54.5398 2 20.2406
    endloop
  endfacet
  facet normal 0 -1 0
    outer loop
      vertex -55.76 2 20.5
      vertex -53.9966 2 19.9271
      vertex -54.26 2 20.0981
    endloop
  endfacet
  facet normal 0 -1 0
    outer loop
      vertex -55.76 2 20.5
      vertex -53.76 2 19.7354
      vertex -53.9966 2 19.9271
    endloop
  endfacet
  facet normal 0 -1 0
    outer loop
      vertex -55.76 2 20.5
      vertex -53.76 2 15.2646
      vertex -53.76 2 19.7354
    endloop
  endfacet
  facet normal 0 -1 0
    outer loop
      vertex -55.76 2 20.5
      vertex -53.9966 2 15.0729
      vertex -53.76 2 15.2646
    endloop
  endfacet
  facet normal 0 -1 0
    outer loop
      vertex -55.76 2 20.5
      vertex -54.26 2 14.9019
      vertex -53.9966 2 15.0729
    endloop
  endfacet
  facet normal 0 -1 0
    outer loop
      vertex -55.76 2 20.5
      vertex -54.5398 2 14.7594
      vertex -54.26 2 14.9019
    endloop
  endfacet
  facet normal 0 -1 0
    outer loop
      vertex -55.76 2 20.5
      vertex -54.8329 2 14.6468
      vertex -54.5398 2 14.7594
    endloop
  endfacet
  facet normal 0 -1 0
    outer loop
      vertex -55.76 2 20.5
      vertex -55.1363 2 14.5656
      vertex -54.8329 2 14.6468
    endloop
  endfacet
  facet normal 0 -1 0
    outer loop
      vertex -55.76 2 20.5
      vertex -55.4464 2 14.5164
      vertex -55.1363 2 14.5656
    endloop
  endfacet
  facet normal -0 -1 0
    outer loop
      vertex -55.4464 2 14.5164
      vertex -55.76 2 20.5
      vertex -55.76 2 14.5
    endloop
  endfacet
  facet normal -0.258534 0 0.966002
    outer loop
      vertex -55.1363 2 14.5656
      vertex -54.8329 -2 14.6468
      vertex -54.8329 2 14.6468
    endloop
  endfacet
  facet normal -0.258534 0 0.966002
    outer loop
      vertex -54.8329 -2 14.6468
      vertex -55.1363 2 14.5656
      vertex -55.1363 -2 14.5656
    endloop
  endfacet
  facet normal 0 1 0
    outer loop
      vertex -55.1363 -2 20.4344
      vertex -55.76 -2 20.5
      vertex -55.4464 -2 20.4836
    endloop
  endfacet
  facet normal 0 1 0
    outer loop
      vertex -54.8329 -2 20.3532
      vertex -55.76 -2 20.5
      vertex -55.1363 -2 20.4344
    endloop
  endfacet
  facet normal 0 1 0
    outer loop
      vertex -54.5398 -2 20.2406
      vertex -55.76 -2 20.5
      vertex -54.8329 -2 20.3532
    endloop
  endfacet
  facet normal 0 1 0
    outer loop
      vertex -54.26 -2 20.0981
      vertex -55.76 -2 20.5
      vertex -54.5398 -2 20.2406
    endloop
  endfacet
  facet normal 0 1 0
    outer loop
      vertex -53.9966 -2 19.9271
      vertex -55.76 -2 20.5
      vertex -54.26 -2 20.0981
    endloop
  endfacet
  facet normal 0 1 0
    outer loop
      vertex -53.76 -2 19.7354
      vertex -55.76 -2 20.5
      vertex -53.9966 -2 19.9271
    endloop
  endfacet
  facet normal 0 1 -0
    outer loop
      vertex -53.76 -2 15.2646
      vertex -55.76 -2 20.5
      vertex -53.76 -2 19.7354
    endloop
  endfacet
  facet normal 0 1 -0
    outer loop
      vertex -53.9966 -2 15.0729
      vertex -55.76 -2 20.5
      vertex -53.76 -2 15.2646
    endloop
  endfacet
  facet normal 0 1 -0
    outer loop
      vertex -54.26 -2 14.9019
      vertex -55.76 -2 20.5
      vertex -53.9966 -2 15.0729
    endloop
  endfacet
  facet normal 0 1 -0
    outer loop
      vertex -54.5398 -2 14.7594
      vertex -55.76 -2 20.5
      vertex -54.26 -2 14.9019
    endloop
  endfacet
  facet normal 0 1 -0
    outer loop
      vertex -54.8329 -2 14.6468
      vertex -55.76 -2 20.5
      vertex -54.5398 -2 14.7594
    endloop
  endfacet
  facet normal 0 1 -0
    outer loop
      vertex -55.1363 -2 14.5656
      vertex -55.76 -2 20.5
      vertex -54.8329 -2 14.6468
    endloop
  endfacet
  facet normal 0 1 -0
    outer loop
      vertex -55.4464 -2 14.5164
      vertex -55.76 -2 20.5
      vertex -55.1363 -2 14.5656
    endloop
  endfacet
  facet normal 0 1 0
    outer loop
      vertex -55.76 -2 20.5
      vertex -55.4464 -2 14.5164
      vertex -55.76 -2 14.5
    endloop
  endfacet
  facet normal -0.156699 0 0.987646
    outer loop
      vertex -55.4464 2 14.5164
      vertex -55.1363 -2 14.5656
      vertex -55.1363 2 14.5656
    endloop
  endfacet
  facet normal -0.156699 0 0.987646
    outer loop
      vertex -55.1363 -2 14.5656
      vertex -55.4464 2 14.5164
      vertex -55.4464 -2 14.5164
    endloop
  endfacet
  facet normal -0.156649 -0.987654 0
    outer loop
      vertex -22.6555 -21.7655 0
      vertex -22.5521 -21.7819 1.7
      vertex -22.6555 -21.7655 1.7
    endloop
  endfacet
  facet normal -0.156649 -0.987654 -0
    outer loop
      vertex -22.5521 -21.7819 1.7
      vertex -22.6555 -21.7655 0
      vertex -22.5521 -21.7819 0
    endloop
  endfacet
  facet normal 0.891156 0.453697 0
    outer loop
      vertex -49.626 -49.26 1.7
      vertex -49.6735 -49.1667 0
      vertex -49.6735 -49.1667 1.7
    endloop
  endfacet
  facet normal 0.891156 0.453697 0
    outer loop
      vertex -49.6735 -49.1667 0
      vertex -49.626 -49.26 1.7
      vertex -49.626 -49.26 0
    endloop
  endfacet
  facet normal -0.453697 0.891156 0
    outer loop
      vertex -22.26 -49.626 0
      vertex -22.3533 -49.6735 1.7
      vertex -22.26 -49.626 1.7
    endloop
  endfacet
  facet normal -0.453697 0.891156 0
    outer loop
      vertex -22.3533 -49.6735 1.7
      vertex -22.26 -49.626 0
      vertex -22.3533 -49.6735 0
    endloop
  endfacet
  facet normal 0.156649 0.987654 -0
    outer loop
      vertex -48.8645 -49.7545 0
      vertex -48.9679 -49.7381 1.7
      vertex -48.8645 -49.7545 1.7
    endloop
  endfacet
  facet normal 0.156649 0.987654 0
    outer loop
      vertex -48.9679 -49.7381 1.7
      vertex -48.8645 -49.7545 0
      vertex -48.9679 -49.7381 0
    endloop
  endfacet
  facet normal -1 0 0
    outer loop
      vertex -21.76 -48.76 0
      vertex -21.76 -22.76 1.7
      vertex -21.76 -22.76 0
    endloop
  endfacet
  facet normal -1 -0 0
    outer loop
      vertex -21.76 -22.76 1.7
      vertex -21.76 -48.76 0
      vertex -21.76 -48.76 1.7
    endloop
  endfacet
  facet normal 0.359171 0.933272 -0
    outer loop
      vertex -49.069 -49.7111 0
      vertex -49.1667 -49.6735 1.7
      vertex -49.069 -49.7111 1.7
    endloop
  endfacet
  facet normal 0.359171 0.933272 0
    outer loop
      vertex -49.1667 -49.6735 1.7
      vertex -49.069 -49.7111 0
      vertex -49.1667 -49.6735 0
    endloop
  endfacet
  facet normal 0.96614 0.25802 0
    outer loop
      vertex -49.7111 -49.069 1.7
      vertex -49.7381 -48.9679 0
      vertex -49.7381 -48.9679 1.7
    endloop
  endfacet
  facet normal 0.96614 0.25802 0
    outer loop
      vertex -49.7381 -48.9679 0
      vertex -49.7111 -49.069 1.7
      vertex -49.7111 -49.069 0
    endloop
  endfacet
  facet normal -0.359171 -0.933272 0
    outer loop
      vertex -22.451 -21.8089 0
      vertex -22.3533 -21.8465 1.7
      vertex -22.451 -21.8089 1.7
    endloop
  endfacet
  facet normal -0.359171 -0.933272 -0
    outer loop
      vertex -22.3533 -21.8465 1.7
      vertex -22.451 -21.8089 0
      vertex -22.3533 -21.8465 0
    endloop
  endfacet
  facet normal 1 -0 0
    outer loop
      vertex -49.76 -48.76 1.7
      vertex -49.76 -22.76 0
      vertex -49.76 -22.76 1.7
    endloop
  endfacet
  facet normal 1 0 0
    outer loop
      vertex -49.76 -22.76 0
      vertex -49.76 -48.76 1.7
      vertex -49.76 -48.76 0
    endloop
  endfacet
  facet normal -0.707107 -0.707107 0
    outer loop
      vertex -22.0169 -22.0909 0
      vertex -22.0909 -22.0169 1.7
      vertex -22.0909 -22.0169 0
    endloop
  endfacet
  facet normal -0.707107 -0.707107 0
    outer loop
      vertex -22.0909 -22.0169 1.7
      vertex -22.0169 -22.0909 0
      vertex -22.0169 -22.0909 1.7
    endloop
  endfacet
  facet normal 0.933272 0.359171 0
    outer loop
      vertex -49.6735 -49.1667 1.7
      vertex -49.7111 -49.069 0
      vertex -49.7111 -49.069 1.7
    endloop
  endfacet
  facet normal 0.933272 0.359171 0
    outer loop
      vertex -49.7111 -49.069 0
      vertex -49.6735 -49.1667 1.7
      vertex -49.6735 -49.1667 0
    endloop
  endfacet
  facet normal -0.987654 0.156649 0
    outer loop
      vertex -21.7819 -48.9679 0
      vertex -21.7655 -48.8645 1.7
      vertex -21.7655 -48.8645 0
    endloop
  endfacet
  facet normal -0.987654 0.156649 0
    outer loop
      vertex -21.7655 -48.8645 1.7
      vertex -21.7819 -48.9679 0
      vertex -21.7819 -48.9679 1.7
    endloop
  endfacet
  facet normal 0.776844 0.629693 0
    outer loop
      vertex -49.5031 -49.4291 1.7
      vertex -49.569 -49.3478 0
      vertex -49.569 -49.3478 1.7
    endloop
  endfacet
  facet normal 0.776844 0.629693 0
    outer loop
      vertex -49.569 -49.3478 0
      vertex -49.5031 -49.4291 1.7
      vertex -49.5031 -49.4291 0
    endloop
  endfacet
  facet normal -0.998618 -0.0525588 0
    outer loop
      vertex -21.76 -22.76 0
      vertex -21.7655 -22.6555 1.7
      vertex -21.7655 -22.6555 0
    endloop
  endfacet
  facet normal -0.998618 -0.0525588 0
    outer loop
      vertex -21.7655 -22.6555 1.7
      vertex -21.76 -22.76 0
      vertex -21.76 -22.76 1.7
    endloop
  endfacet
  facet normal -0.96614 0.25802 0
    outer loop
      vertex -21.8089 -49.069 0
      vertex -21.7819 -48.9679 1.7
      vertex -21.7819 -48.9679 0
    endloop
  endfacet
  facet normal -0.96614 0.25802 0
    outer loop
      vertex -21.7819 -48.9679 1.7
      vertex -21.8089 -49.069 0
      vertex -21.8089 -49.069 1.7
    endloop
  endfacet
  facet normal 0.544518 0.838749 -0
    outer loop
      vertex -49.26 -49.626 0
      vertex -49.3478 -49.569 1.7
      vertex -49.26 -49.626 1.7
    endloop
  endfacet
  facet normal 0.544518 0.838749 0
    outer loop
      vertex -49.3478 -49.569 1.7
      vertex -49.26 -49.626 0
      vertex -49.3478 -49.569 0
    endloop
  endfacet
  facet normal -0.96614 -0.25802 0
    outer loop
      vertex -21.7819 -22.5521 0
      vertex -21.8089 -22.451 1.7
      vertex -21.8089 -22.451 0
    endloop
  endfacet
  facet normal -0.96614 -0.25802 0
    outer loop
      vertex -21.8089 -22.451 1.7
      vertex -21.7819 -22.5521 0
      vertex -21.7819 -22.5521 1.7
    endloop
  endfacet
  facet normal -0.776844 -0.629693 0
    outer loop
      vertex -21.951 -22.1722 0
      vertex -22.0169 -22.0909 1.7
      vertex -22.0169 -22.0909 0
    endloop
  endfacet
  facet normal -0.776844 -0.629693 0
    outer loop
      vertex -22.0169 -22.0909 1.7
      vertex -21.951 -22.1722 0
      vertex -21.951 -22.1722 1.7
    endloop
  endfacet
  facet normal 0.707107 -0.707107 0
    outer loop
      vertex -49.5031 -22.0909 1.7
      vertex -49.4291 -22.0169 0
      vertex -49.4291 -22.0169 1.7
    endloop
  endfacet
  facet normal 0.707107 -0.707107 0
    outer loop
      vertex -49.4291 -22.0169 0
      vertex -49.5031 -22.0909 1.7
      vertex -49.5031 -22.0909 0
    endloop
  endfacet
  facet normal 0 -1 0
    outer loop
      vertex -48.76 -21.76 0
      vertex -22.76 -21.76 1.7
      vertex -48.76 -21.76 1.7
    endloop
  endfacet
  facet normal 0 -1 -0
    outer loop
      vertex -22.76 -21.76 1.7
      vertex -48.76 -21.76 0
      vertex -22.76 -21.76 0
    endloop
  endfacet
  facet normal -0.544518 0.838749 0
    outer loop
      vertex -22.1722 -49.569 0
      vertex -22.26 -49.626 1.7
      vertex -22.1722 -49.569 1.7
    endloop
  endfacet
  facet normal -0.544518 0.838749 0
    outer loop
      vertex -22.26 -49.626 1.7
      vertex -22.1722 -49.569 0
      vertex -22.26 -49.626 0
    endloop
  endfacet
  facet normal -0.629693 0.776844 0
    outer loop
      vertex -22.0909 -49.5031 0
      vertex -22.1722 -49.569 1.7
      vertex -22.0909 -49.5031 1.7
    endloop
  endfacet
  facet normal -0.629693 0.776844 0
    outer loop
      vertex -22.1722 -49.569 1.7
      vertex -22.0909 -49.5031 0
      vertex -22.1722 -49.569 0
    endloop
  endfacet
  facet normal 0 1 -0
    outer loop
      vertex -22.76 -49.76 0
      vertex -48.76 -49.76 1.7
      vertex -22.76 -49.76 1.7
    endloop
  endfacet
  facet normal 0 1 0
    outer loop
      vertex -48.76 -49.76 1.7
      vertex -22.76 -49.76 0
      vertex -48.76 -49.76 0
    endloop
  endfacet
  facet normal 0.707107 0.707107 0
    outer loop
      vertex -49.4291 -49.5031 1.7
      vertex -49.5031 -49.4291 0
      vertex -49.5031 -49.4291 1.7
    endloop
  endfacet
  facet normal 0.707107 0.707107 0
    outer loop
      vertex -49.5031 -49.4291 0
      vertex -49.4291 -49.5031 1.7
      vertex -49.4291 -49.5031 0
    endloop
  endfacet
  facet normal -0.838749 0.544518 0
    outer loop
      vertex -21.951 -49.3478 0
      vertex -21.894 -49.26 1.7
      vertex -21.894 -49.26 0
    endloop
  endfacet
  facet normal -0.838749 0.544518 0
    outer loop
      vertex -21.894 -49.26 1.7
      vertex -21.951 -49.3478 0
      vertex -21.951 -49.3478 1.7
    endloop
  endfacet
  facet normal -0.776844 0.629693 0
    outer loop
      vertex -22.0169 -49.4291 0
      vertex -21.951 -49.3478 1.7
      vertex -21.951 -49.3478 0
    endloop
  endfacet
  facet normal -0.776844 0.629693 0
    outer loop
      vertex -21.951 -49.3478 1.7
      vertex -22.0169 -49.4291 0
      vertex -22.0169 -49.4291 1.7
    endloop
  endfacet
  facet normal -0.707107 0.707107 0
    outer loop
      vertex -22.0169 -49.4291 0
      vertex -22.0909 -49.5031 1.7
      vertex -22.0169 -49.4291 1.7
    endloop
  endfacet
  facet normal -0.707107 0.707107 0
    outer loop
      vertex -22.0909 -49.5031 1.7
      vertex -22.0169 -49.4291 0
      vertex -22.0909 -49.5031 0
    endloop
  endfacet
  facet normal 0 0 -1
    outer loop
      vertex -22.76 -49.76 1.7
      vertex -21.76 -48.76 1.7
      vertex -21.7655 -48.8645 1.7
    endloop
  endfacet
  facet normal -0 0 -1
    outer loop
      vertex -21.76 -48.76 1.7
      vertex -22.76 -49.76 1.7
      vertex -21.76 -22.76 1.7
    endloop
  endfacet
  facet normal 0 0 -1
    outer loop
      vertex -22.76 -49.76 1.7
      vertex -21.7655 -48.8645 1.7
      vertex -21.7819 -48.9679 1.7
    endloop
  endfacet
  facet normal 0 0 -1
    outer loop
      vertex -22.76 -21.76 1.7
      vertex -21.76 -22.76 1.7
      vertex -22.76 -49.76 1.7
    endloop
  endfacet
  facet normal 0 0 -1
    outer loop
      vertex -22.76 -49.76 1.7
      vertex -21.7819 -48.9679 1.7
      vertex -21.8089 -49.069 1.7
    endloop
  endfacet
  facet normal 0 0 -1
    outer loop
      vertex -21.76 -22.76 1.7
      vertex -22.76 -21.76 1.7
      vertex -21.7655 -22.6555 1.7
    endloop
  endfacet
  facet normal 0 0 -1
    outer loop
      vertex -22.76 -49.76 1.7
      vertex -21.8089 -49.069 1.7
      vertex -21.8465 -49.1667 1.7
    endloop
  endfacet
  facet normal 0 0 -1
    outer loop
      vertex -21.7655 -22.6555 1.7
      vertex -22.76 -21.76 1.7
      vertex -21.7819 -22.5521 1.7
    endloop
  endfacet
  facet normal 0 0 -1
    outer loop
      vertex -22.76 -49.76 1.7
      vertex -21.8465 -49.1667 1.7
      vertex -21.894 -49.26 1.7
    endloop
  endfacet
  facet normal 0 0 -1
    outer loop
      vertex -21.7819 -22.5521 1.7
      vertex -22.76 -21.76 1.7
      vertex -21.8089 -22.451 1.7
    endloop
  endfacet
  facet normal 0 0 -1
    outer loop
      vertex -22.76 -49.76 1.7
      vertex -21.894 -49.26 1.7
      vertex -21.951 -49.3478 1.7
    endloop
  endfacet
  facet normal 0 0 -1
    outer loop
      vertex -21.8089 -22.451 1.7
      vertex -22.76 -21.76 1.7
      vertex -21.8465 -22.3533 1.7
    endloop
  endfacet
  facet normal 0 0 -1
    outer loop
      vertex -22.76 -49.76 1.7
      vertex -21.951 -49.3478 1.7
      vertex -22.0169 -49.4291 1.7
    endloop
  endfacet
  facet normal 0 0 -1
    outer loop
      vertex -21.8465 -22.3533 1.7
      vertex -22.76 -21.76 1.7
      vertex -21.894 -22.26 1.7
    endloop
  endfacet
  facet normal 0 0 -1
    outer loop
      vertex -22.76 -49.76 1.7
      vertex -22.0169 -49.4291 1.7
      vertex -22.0909 -49.5031 1.7
    endloop
  endfacet
  facet normal 0 0 -1
    outer loop
      vertex -21.894 -22.26 1.7
      vertex -22.76 -21.76 1.7
      vertex -21.951 -22.1722 1.7
    endloop
  endfacet
  facet normal 0 0 -1
    outer loop
      vertex -22.76 -49.76 1.7
      vertex -22.0909 -49.5031 1.7
      vertex -22.1722 -49.569 1.7
    endloop
  endfacet
  facet normal 0 0 -1
    outer loop
      vertex -21.951 -22.1722 1.7
      vertex -22.76 -21.76 1.7
      vertex -22.0169 -22.0909 1.7
    endloop
  endfacet
  facet normal 0 0 -1
    outer loop
      vertex -22.76 -49.76 1.7
      vertex -22.1722 -49.569 1.7
      vertex -22.26 -49.626 1.7
    endloop
  endfacet
  facet normal 0 0 -1
    outer loop
      vertex -22.0169 -22.0909 1.7
      vertex -22.76 -21.76 1.7
      vertex -22.0909 -22.0169 1.7
    endloop
  endfacet
  facet normal 0 0 -1
    outer loop
      vertex -22.76 -49.76 1.7
      vertex -22.26 -49.626 1.7
      vertex -22.3533 -49.6735 1.7
    endloop
  endfacet
  facet normal 0 0 -1
    outer loop
      vertex -22.0909 -22.0169 1.7
      vertex -22.76 -21.76 1.7
      vertex -22.1722 -21.951 1.7
    endloop
  endfacet
  facet normal 0 0 -1
    outer loop
      vertex -22.76 -49.76 1.7
      vertex -22.3533 -49.6735 1.7
      vertex -22.451 -49.7111 1.7
    endloop
  endfacet
  facet normal 0 0 -1
    outer loop
      vertex -22.1722 -21.951 1.7
      vertex -22.76 -21.76 1.7
      vertex -22.26 -21.894 1.7
    endloop
  endfacet
  facet normal 0 0 -1
    outer loop
      vertex -22.76 -49.76 1.7
      vertex -22.451 -49.7111 1.7
      vertex -22.5521 -49.7381 1.7
    endloop
  endfacet
  facet normal 0 0 -1
    outer loop
      vertex -22.26 -21.894 1.7
      vertex -22.76 -21.76 1.7
      vertex -22.3533 -21.8465 1.7
    endloop
  endfacet
  facet normal 0 0 -1
    outer loop
      vertex -22.76 -49.76 1.7
      vertex -22.5521 -49.7381 1.7
      vertex -22.6555 -49.7545 1.7
    endloop
  endfacet
  facet normal 0 0 -1
    outer loop
      vertex -22.3533 -21.8465 1.7
      vertex -22.76 -21.76 1.7
      vertex -22.451 -21.8089 1.7
    endloop
  endfacet
  facet normal 0 0 -1
    outer loop
      vertex -22.451 -21.8089 1.7
      vertex -22.76 -21.76 1.7
      vertex -22.5521 -21.7819 1.7
    endloop
  endfacet
  facet normal 0 0 -1
    outer loop
      vertex -22.5521 -21.7819 1.7
      vertex -22.76 -21.76 1.7
      vertex -22.6555 -21.7655 1.7
    endloop
  endfacet
  facet normal 0 0 -1
    outer loop
      vertex -48.76 -49.76 1.7
      vertex -22.76 -21.76 1.7
      vertex -22.76 -49.76 1.7
    endloop
  endfacet
  facet normal 0 0 -1
    outer loop
      vertex -48.76 -49.76 1.7
      vertex -48.76 -21.76 1.7
      vertex -22.76 -21.76 1.7
    endloop
  endfacet
  facet normal 0 0 -1
    outer loop
      vertex -49.76 -48.76 1.7
      vertex -48.76 -49.76 1.7
      vertex -48.8645 -49.7545 1.7
    endloop
  endfacet
  facet normal 0 0 -1
    outer loop
      vertex -48.76 -49.76 1.7
      vertex -49.76 -48.76 1.7
      vertex -48.76 -21.76 1.7
    endloop
  endfacet
  facet normal 0 0 -1
    outer loop
      vertex -49.76 -48.76 1.7
      vertex -48.8645 -49.7545 1.7
      vertex -48.9679 -49.7381 1.7
    endloop
  endfacet
  facet normal 0 0 -1
    outer loop
      vertex -49.76 -22.76 1.7
      vertex -48.76 -21.76 1.7
      vertex -49.76 -48.76 1.7
    endloop
  endfacet
  facet normal 0 0 -1
    outer loop
      vertex -49.76 -48.76 1.7
      vertex -48.9679 -49.7381 1.7
      vertex -49.069 -49.7111 1.7
    endloop
  endfacet
  facet normal 0 0 -1
    outer loop
      vertex -48.76 -21.76 1.7
      vertex -49.76 -22.76 1.7
      vertex -48.8645 -21.7655 1.7
    endloop
  endfacet
  facet normal 0 0 -1
    outer loop
      vertex -49.76 -48.76 1.7
      vertex -49.069 -49.7111 1.7
      vertex -49.1667 -49.6735 1.7
    endloop
  endfacet
  facet normal 0 0 -1
    outer loop
      vertex -48.8645 -21.7655 1.7
      vertex -49.76 -22.76 1.7
      vertex -48.9679 -21.7819 1.7
    endloop
  endfacet
  facet normal 0 0 -1
    outer loop
      vertex -49.76 -48.76 1.7
      vertex -49.1667 -49.6735 1.7
      vertex -49.26 -49.626 1.7
    endloop
  endfacet
  facet normal 0 0 -1
    outer loop
      vertex -48.9679 -21.7819 1.7
      vertex -49.76 -22.76 1.7
      vertex -49.069 -21.8089 1.7
    endloop
  endfacet
  facet normal 0 0 -1
    outer loop
      vertex -49.76 -48.76 1.7
      vertex -49.26 -49.626 1.7
      vertex -49.3478 -49.569 1.7
    endloop
  endfacet
  facet normal 0 0 -1
    outer loop
      vertex -49.069 -21.8089 1.7
      vertex -49.76 -22.76 1.7
      vertex -49.1667 -21.8465 1.7
    endloop
  endfacet
  facet normal 0 0 -1
    outer loop
      vertex -49.76 -48.76 1.7
      vertex -49.3478 -49.569 1.7
      vertex -49.4291 -49.5031 1.7
    endloop
  endfacet
  facet normal 0 0 -1
    outer loop
      vertex -49.1667 -21.8465 1.7
      vertex -49.76 -22.76 1.7
      vertex -49.26 -21.894 1.7
    endloop
  endfacet
  facet normal 0 0 -1
    outer loop
      vertex -49.76 -48.76 1.7
      vertex -49.4291 -49.5031 1.7
      vertex -49.5031 -49.4291 1.7
    endloop
  endfacet
  facet normal 0 0 -1
    outer loop
      vertex -49.26 -21.894 1.7
      vertex -49.76 -22.76 1.7
      vertex -49.3478 -21.951 1.7
    endloop
  endfacet
  facet normal 0 0 -1
    outer loop
      vertex -49.76 -48.76 1.7
      vertex -49.5031 -49.4291 1.7
      vertex -49.569 -49.3478 1.7
    endloop
  endfacet
  facet normal 0 0 -1
    outer loop
      vertex -49.3478 -21.951 1.7
      vertex -49.76 -22.76 1.7
      vertex -49.4291 -22.0169 1.7
    endloop
  endfacet
  facet normal 0 0 -1
    outer loop
      vertex -49.76 -48.76 1.7
      vertex -49.569 -49.3478 1.7
      vertex -49.626 -49.26 1.7
    endloop
  endfacet
  facet normal 0 0 -1
    outer loop
      vertex -49.4291 -22.0169 1.7
      vertex -49.76 -22.76 1.7
      vertex -49.5031 -22.0909 1.7
    endloop
  endfacet
  facet normal 0 0 -1
    outer loop
      vertex -49.76 -48.76 1.7
      vertex -49.626 -49.26 1.7
      vertex -49.6735 -49.1667 1.7
    endloop
  endfacet
  facet normal 0 0 -1
    outer loop
      vertex -49.5031 -22.0909 1.7
      vertex -49.76 -22.76 1.7
      vertex -49.569 -22.1722 1.7
    endloop
  endfacet
  facet normal 0 0 -1
    outer loop
      vertex -49.76 -48.76 1.7
      vertex -49.6735 -49.1667 1.7
      vertex -49.7111 -49.069 1.7
    endloop
  endfacet
  facet normal 0 0 -1
    outer loop
      vertex -49.569 -22.1722 1.7
      vertex -49.76 -22.76 1.7
      vertex -49.626 -22.26 1.7
    endloop
  endfacet
  facet normal 0 0 -1
    outer loop
      vertex -49.76 -48.76 1.7
      vertex -49.7111 -49.069 1.7
      vertex -49.7381 -48.9679 1.7
    endloop
  endfacet
  facet normal 0 0 -1
    outer loop
      vertex -49.626 -22.26 1.7
      vertex -49.76 -22.76 1.7
      vertex -49.6735 -22.3533 1.7
    endloop
  endfacet
  facet normal 0 0 -1
    outer loop
      vertex -49.76 -48.76 1.7
      vertex -49.7381 -48.9679 1.7
      vertex -49.7545 -48.8645 1.7
    endloop
  endfacet
  facet normal 0 0 -1
    outer loop
      vertex -49.6735 -22.3533 1.7
      vertex -49.76 -22.76 1.7
      vertex -49.7111 -22.451 1.7
    endloop
  endfacet
  facet normal 0 0 -1
    outer loop
      vertex -49.7111 -22.451 1.7
      vertex -49.76 -22.76 1.7
      vertex -49.7381 -22.5521 1.7
    endloop
  endfacet
  facet normal 0 0 -1
    outer loop
      vertex -49.7381 -22.5521 1.7
      vertex -49.76 -22.76 1.7
      vertex -49.7545 -22.6555 1.7
    endloop
  endfacet
  facet normal -0.987654 -0.156649 0
    outer loop
      vertex -21.7655 -22.6555 0
      vertex -21.7819 -22.5521 1.7
      vertex -21.7819 -22.5521 0
    endloop
  endfacet
  facet normal -0.987654 -0.156649 0
    outer loop
      vertex -21.7819 -22.5521 1.7
      vertex -21.7655 -22.6555 0
      vertex -21.7655 -22.6555 1.7
    endloop
  endfacet
  facet normal -0.838749 -0.544518 0
    outer loop
      vertex -21.894 -22.26 0
      vertex -21.951 -22.1722 1.7
      vertex -21.951 -22.1722 0
    endloop
  endfacet
  facet normal -0.838749 -0.544518 0
    outer loop
      vertex -21.951 -22.1722 1.7
      vertex -21.894 -22.26 0
      vertex -21.894 -22.26 1.7
    endloop
  endfacet
  facet normal 0.156649 -0.987654 0
    outer loop
      vertex -48.9679 -21.7819 0
      vertex -48.8645 -21.7655 1.7
      vertex -48.9679 -21.7819 1.7
    endloop
  endfacet
  facet normal 0.156649 -0.987654 0
    outer loop
      vertex -48.8645 -21.7655 1.7
      vertex -48.9679 -21.7819 0
      vertex -48.8645 -21.7655 0
    endloop
  endfacet
  facet normal 0.96614 -0.25802 0
    outer loop
      vertex -49.7381 -22.5521 1.7
      vertex -49.7111 -22.451 0
      vertex -49.7111 -22.451 1.7
    endloop
  endfacet
  facet normal 0.96614 -0.25802 0
    outer loop
      vertex -49.7111 -22.451 0
      vertex -49.7381 -22.5521 1.7
      vertex -49.7381 -22.5521 0
    endloop
  endfacet
  facet normal -0.891156 0.453697 0
    outer loop
      vertex -21.894 -49.26 0
      vertex -21.8465 -49.1667 1.7
      vertex -21.8465 -49.1667 0
    endloop
  endfacet
  facet normal -0.891156 0.453697 0
    outer loop
      vertex -21.8465 -49.1667 1.7
      vertex -21.894 -49.26 0
      vertex -21.894 -49.26 1.7
    endloop
  endfacet
  facet normal -0.933272 0.359171 0
    outer loop
      vertex -21.8465 -49.1667 0
      vertex -21.8089 -49.069 1.7
      vertex -21.8089 -49.069 0
    endloop
  endfacet
  facet normal -0.933272 0.359171 0
    outer loop
      vertex -21.8089 -49.069 1.7
      vertex -21.8465 -49.1667 0
      vertex -21.8465 -49.1667 1.7
    endloop
  endfacet
  facet normal 0.0525588 0.998618 -0
    outer loop
      vertex -48.76 -49.76 0
      vertex -48.8645 -49.7545 1.7
      vertex -48.76 -49.76 1.7
    endloop
  endfacet
  facet normal 0.0525588 0.998618 0
    outer loop
      vertex -48.8645 -49.7545 1.7
      vertex -48.76 -49.76 0
      vertex -48.8645 -49.7545 0
    endloop
  endfacet
  facet normal -0.891156 -0.453697 0
    outer loop
      vertex -21.8465 -22.3533 0
      vertex -21.894 -22.26 1.7
      vertex -21.894 -22.26 0
    endloop
  endfacet
  facet normal -0.891156 -0.453697 0
    outer loop
      vertex -21.894 -22.26 1.7
      vertex -21.8465 -22.3533 0
      vertex -21.8465 -22.3533 1.7
    endloop
  endfacet
  facet normal -0.156649 0.987654 0
    outer loop
      vertex -22.5521 -49.7381 0
      vertex -22.6555 -49.7545 1.7
      vertex -22.5521 -49.7381 1.7
    endloop
  endfacet
  facet normal -0.156649 0.987654 0
    outer loop
      vertex -22.6555 -49.7545 1.7
      vertex -22.5521 -49.7381 0
      vertex -22.6555 -49.7545 0
    endloop
  endfacet
  facet normal 0.629693 -0.776844 0
    outer loop
      vertex -49.4291 -22.0169 0
      vertex -49.3478 -21.951 1.7
      vertex -49.4291 -22.0169 1.7
    endloop
  endfacet
  facet normal 0.629693 -0.776844 0
    outer loop
      vertex -49.3478 -21.951 1.7
      vertex -49.4291 -22.0169 0
      vertex -49.3478 -21.951 0
    endloop
  endfacet
  facet normal 0.987654 -0.156649 0
    outer loop
      vertex -49.7545 -22.6555 1.7
      vertex -49.7381 -22.5521 0
      vertex -49.7381 -22.5521 1.7
    endloop
  endfacet
  facet normal 0.987654 -0.156649 0
    outer loop
      vertex -49.7381 -22.5521 0
      vertex -49.7545 -22.6555 1.7
      vertex -49.7545 -22.6555 0
    endloop
  endfacet
  facet normal 0.453697 0.891156 -0
    outer loop
      vertex -49.1667 -49.6735 0
      vertex -49.26 -49.626 1.7
      vertex -49.1667 -49.6735 1.7
    endloop
  endfacet
  facet normal 0.453697 0.891156 0
    outer loop
      vertex -49.26 -49.626 1.7
      vertex -49.1667 -49.6735 0
      vertex -49.26 -49.626 0
    endloop
  endfacet
  facet normal -0.453697 -0.891156 0
    outer loop
      vertex -22.3533 -21.8465 0
      vertex -22.26 -21.894 1.7
      vertex -22.3533 -21.8465 1.7
    endloop
  endfacet
  facet normal -0.453697 -0.891156 -0
    outer loop
      vertex -22.26 -21.894 1.7
      vertex -22.3533 -21.8465 0
      vertex -22.26 -21.894 0
    endloop
  endfacet
  facet normal -0.998618 0.0525588 0
    outer loop
      vertex -21.7655 -48.8645 0
      vertex -21.76 -48.76 1.7
      vertex -21.76 -48.76 0
    endloop
  endfacet
  facet normal -0.998618 0.0525588 0
    outer loop
      vertex -21.76 -48.76 1.7
      vertex -21.7655 -48.8645 0
      vertex -21.7655 -48.8645 1.7
    endloop
  endfacet
  facet normal -0.25802 -0.96614 0
    outer loop
      vertex -22.5521 -21.7819 0
      vertex -22.451 -21.8089 1.7
      vertex -22.5521 -21.7819 1.7
    endloop
  endfacet
  facet normal -0.25802 -0.96614 -0
    outer loop
      vertex -22.451 -21.8089 1.7
      vertex -22.5521 -21.7819 0
      vertex -22.451 -21.8089 0
    endloop
  endfacet
  facet normal 0.453697 -0.891156 0
    outer loop
      vertex -49.26 -21.894 0
      vertex -49.1667 -21.8465 1.7
      vertex -49.26 -21.894 1.7
    endloop
  endfacet
  facet normal 0.453697 -0.891156 0
    outer loop
      vertex -49.1667 -21.8465 1.7
      vertex -49.26 -21.894 0
      vertex -49.1667 -21.8465 0
    endloop
  endfacet
  facet normal 0.933272 -0.359171 0
    outer loop
      vertex -49.7111 -22.451 1.7
      vertex -49.6735 -22.3533 0
      vertex -49.6735 -22.3533 1.7
    endloop
  endfacet
  facet normal 0.933272 -0.359171 0
    outer loop
      vertex -49.6735 -22.3533 0
      vertex -49.7111 -22.451 1.7
      vertex -49.7111 -22.451 0
    endloop
  endfacet
  facet normal 0.776844 -0.629693 0
    outer loop
      vertex -49.569 -22.1722 1.7
      vertex -49.5031 -22.0909 0
      vertex -49.5031 -22.0909 1.7
    endloop
  endfacet
  facet normal 0.776844 -0.629693 0
    outer loop
      vertex -49.5031 -22.0909 0
      vertex -49.569 -22.1722 1.7
      vertex -49.569 -22.1722 0
    endloop
  endfacet
  facet normal -0.933272 -0.359171 0
    outer loop
      vertex -21.8089 -22.451 0
      vertex -21.8465 -22.3533 1.7
      vertex -21.8465 -22.3533 0
    endloop
  endfacet
  facet normal -0.933272 -0.359171 0
    outer loop
      vertex -21.8465 -22.3533 1.7
      vertex -21.8089 -22.451 0
      vertex -21.8089 -22.451 1.7
    endloop
  endfacet
  facet normal 0.987654 0.156649 0
    outer loop
      vertex -49.7381 -48.9679 1.7
      vertex -49.7545 -48.8645 0
      vertex -49.7545 -48.8645 1.7
    endloop
  endfacet
  facet normal 0.987654 0.156649 0
    outer loop
      vertex -49.7545 -48.8645 0
      vertex -49.7381 -48.9679 1.7
      vertex -49.7381 -48.9679 0
    endloop
  endfacet
  facet normal 0.998618 0.0525588 0
    outer loop
      vertex -49.7545 -48.8645 1.7
      vertex -49.76 -48.76 0
      vertex -49.76 -48.76 1.7
    endloop
  endfacet
  facet normal 0.998618 0.0525588 0
    outer loop
      vertex -49.76 -48.76 0
      vertex -49.7545 -48.8645 1.7
      vertex -49.7545 -48.8645 0
    endloop
  endfacet
  facet normal 0.25802 0.96614 -0
    outer loop
      vertex -48.9679 -49.7381 0
      vertex -49.069 -49.7111 1.7
      vertex -48.9679 -49.7381 1.7
    endloop
  endfacet
  facet normal 0.25802 0.96614 0
    outer loop
      vertex -49.069 -49.7111 1.7
      vertex -48.9679 -49.7381 0
      vertex -49.069 -49.7111 0
    endloop
  endfacet
  facet normal -0.0525588 0.998618 0
    outer loop
      vertex -22.6555 -49.7545 0
      vertex -22.76 -49.76 1.7
      vertex -22.6555 -49.7545 1.7
    endloop
  endfacet
  facet normal -0.0525588 0.998618 0
    outer loop
      vertex -22.76 -49.76 1.7
      vertex -22.6555 -49.7545 0
      vertex -22.76 -49.76 0
    endloop
  endfacet
  facet normal -0.359171 0.933272 0
    outer loop
      vertex -22.3533 -49.6735 0
      vertex -22.451 -49.7111 1.7
      vertex -22.3533 -49.6735 1.7
    endloop
  endfacet
  facet normal -0.359171 0.933272 0
    outer loop
      vertex -22.451 -49.7111 1.7
      vertex -22.3533 -49.6735 0
      vertex -22.451 -49.7111 0
    endloop
  endfacet
  facet normal 0.998618 -0.0525588 0
    outer loop
      vertex -49.76 -22.76 1.7
      vertex -49.7545 -22.6555 0
      vertex -49.7545 -22.6555 1.7
    endloop
  endfacet
  facet normal 0.998618 -0.0525588 0
    outer loop
      vertex -49.7545 -22.6555 0
      vertex -49.76 -22.76 1.7
      vertex -49.76 -22.76 0
    endloop
  endfacet
  facet normal -0.25802 0.96614 0
    outer loop
      vertex -22.451 -49.7111 0
      vertex -22.5521 -49.7381 1.7
      vertex -22.451 -49.7111 1.7
    endloop
  endfacet
  facet normal -0.25802 0.96614 0
    outer loop
      vertex -22.5521 -49.7381 1.7
      vertex -22.451 -49.7111 0
      vertex -22.5521 -49.7381 0
    endloop
  endfacet
  facet normal -0.0525588 -0.998618 0
    outer loop
      vertex -22.76 -21.76 0
      vertex -22.6555 -21.7655 1.7
      vertex -22.76 -21.76 1.7
    endloop
  endfacet
  facet normal -0.0525588 -0.998618 -0
    outer loop
      vertex -22.6555 -21.7655 1.7
      vertex -22.76 -21.76 0
      vertex -22.6555 -21.7655 0
    endloop
  endfacet
  facet normal 0.544518 -0.838749 0
    outer loop
      vertex -49.3478 -21.951 0
      vertex -49.26 -21.894 1.7
      vertex -49.3478 -21.951 1.7
    endloop
  endfacet
  facet normal 0.544518 -0.838749 0
    outer loop
      vertex -49.26 -21.894 1.7
      vertex -49.3478 -21.951 0
      vertex -49.26 -21.894 0
    endloop
  endfacet
  facet normal -0.544518 -0.838749 0
    outer loop
      vertex -22.26 -21.894 0
      vertex -22.1722 -21.951 1.7
      vertex -22.26 -21.894 1.7
    endloop
  endfacet
  facet normal -0.544518 -0.838749 -0
    outer loop
      vertex -22.1722 -21.951 1.7
      vertex -22.26 -21.894 0
      vertex -22.1722 -21.951 0
    endloop
  endfacet
  facet normal 0.629693 0.776844 -0
    outer loop
      vertex -49.3478 -49.569 0
      vertex -49.4291 -49.5031 1.7
      vertex -49.3478 -49.569 1.7
    endloop
  endfacet
  facet normal 0.629693 0.776844 0
    outer loop
      vertex -49.4291 -49.5031 1.7
      vertex -49.3478 -49.569 0
      vertex -49.4291 -49.5031 0
    endloop
  endfacet
  facet normal 0.891156 -0.453697 0
    outer loop
      vertex -49.6735 -22.3533 1.7
      vertex -49.626 -22.26 0
      vertex -49.626 -22.26 1.7
    endloop
  endfacet
  facet normal 0.891156 -0.453697 0
    outer loop
      vertex -49.626 -22.26 0
      vertex -49.6735 -22.3533 1.7
      vertex -49.6735 -22.3533 0
    endloop
  endfacet
  facet normal 0.838749 0.544518 0
    outer loop
      vertex -49.569 -49.3478 1.7
      vertex -49.626 -49.26 0
      vertex -49.626 -49.26 1.7
    endloop
  endfacet
  facet normal 0.838749 0.544518 0
    outer loop
      vertex -49.626 -49.26 0
      vertex -49.569 -49.3478 1.7
      vertex -49.569 -49.3478 0
    endloop
  endfacet
  facet normal -0.629693 -0.776844 0
    outer loop
      vertex -22.1722 -21.951 0
      vertex -22.0909 -22.0169 1.7
      vertex -22.1722 -21.951 1.7
    endloop
  endfacet
  facet normal -0.629693 -0.776844 -0
    outer loop
      vertex -22.0909 -22.0169 1.7
      vertex -22.1722 -21.951 0
      vertex -22.0909 -22.0169 0
    endloop
  endfacet
  facet normal 0.25802 -0.96614 0
    outer loop
      vertex -49.069 -21.8089 0
      vertex -48.9679 -21.7819 1.7
      vertex -49.069 -21.8089 1.7
    endloop
  endfacet
  facet normal 0.25802 -0.96614 0
    outer loop
      vertex -48.9679 -21.7819 1.7
      vertex -49.069 -21.8089 0
      vertex -48.9679 -21.7819 0
    endloop
  endfacet
  facet normal 0.838749 -0.544518 0
    outer loop
      vertex -49.626 -22.26 1.7
      vertex -49.569 -22.1722 0
      vertex -49.569 -22.1722 1.7
    endloop
  endfacet
  facet normal 0.838749 -0.544518 0
    outer loop
      vertex -49.569 -22.1722 0
      vertex -49.626 -22.26 1.7
      vertex -49.626 -22.26 0
    endloop
  endfacet
  facet normal 0.359171 -0.933272 0
    outer loop
      vertex -49.1667 -21.8465 0
      vertex -49.069 -21.8089 1.7
      vertex -49.1667 -21.8465 1.7
    endloop
  endfacet
  facet normal 0.359171 -0.933272 0
    outer loop
      vertex -49.069 -21.8089 1.7
      vertex -49.1667 -21.8465 0
      vertex -49.069 -21.8089 0
    endloop
  endfacet
  facet normal 0.0525588 -0.998618 0
    outer loop
      vertex -48.8645 -21.7655 0
      vertex -48.76 -21.76 1.7
      vertex -48.8645 -21.7655 1.7
    endloop
  endfacet
  facet normal 0.0525588 -0.998618 0
    outer loop
      vertex -48.76 -21.76 1.7
      vertex -48.8645 -21.7655 0
      vertex -48.76 -21.76 0
    endloop
  endfacet
  facet normal -0.555449 0.831551 0
    outer loop
      vertex -47.834 36.6458 2.5
      vertex -48.3207 36.3207 5.5
      vertex -47.834 36.6458 5.5
    endloop
  endfacet
  facet normal -0.555449 0.831551 0
    outer loop
      vertex -48.3207 36.3207 5.5
      vertex -47.834 36.6458 2.5
      vertex -48.3207 36.3207 2.5
    endloop
  endfacet
  facet normal 0.831551 0.555449 0
    outer loop
      vertex -45.8742 35.834 5.5
      vertex -46.1993 36.3207 2.5
      vertex -46.1993 36.3207 5.5
    endloop
  endfacet
  facet normal 0.831551 0.555449 0
    outer loop
      vertex -46.1993 36.3207 2.5
      vertex -45.8742 35.834 5.5
      vertex -45.8742 35.834 2.5
    endloop
  endfacet
  facet normal 0.980777 0.19513 0
    outer loop
      vertex -45.76 35.26 5.5
      vertex -45.8742 35.834 2.5
      vertex -45.8742 35.834 5.5
    endloop
  endfacet
  facet normal 0.980777 0.19513 0
    outer loop
      vertex -45.8742 35.834 2.5
      vertex -45.76 35.26 5.5
      vertex -45.76 35.26 2.5
    endloop
  endfacet
  facet normal -0.831551 0.555449 0
    outer loop
      vertex -48.6458 35.834 2.5
      vertex -48.3207 36.3207 5.5
      vertex -48.3207 36.3207 2.5
    endloop
  endfacet
  facet normal -0.831551 0.555449 0
    outer loop
      vertex -48.3207 36.3207 5.5
      vertex -48.6458 35.834 2.5
      vertex -48.6458 35.834 5.5
    endloop
  endfacet
  facet normal -0.19513 -0.980777 0
    outer loop
      vertex -47.834 33.8742 2.5
      vertex -47.26 33.76 5.5
      vertex -47.834 33.8742 5.5
    endloop
  endfacet
  facet normal -0.19513 -0.980777 -0
    outer loop
      vertex -47.26 33.76 5.5
      vertex -47.834 33.8742 2.5
      vertex -47.26 33.76 2.5
    endloop
  endfacet
  facet normal 0.19513 -0.980777 0
    outer loop
      vertex -47.26 33.76 2.5
      vertex -46.686 33.8742 5.5
      vertex -47.26 33.76 5.5
    endloop
  endfacet
  facet normal 0.19513 -0.980777 0
    outer loop
      vertex -46.686 33.8742 5.5
      vertex -47.26 33.76 2.5
      vertex -46.686 33.8742 2.5
    endloop
  endfacet
  facet normal 0.555449 -0.831551 0
    outer loop
      vertex -46.686 33.8742 2.5
      vertex -46.1993 34.1993 5.5
      vertex -46.686 33.8742 5.5
    endloop
  endfacet
  facet normal 0.555449 -0.831551 0
    outer loop
      vertex -46.1993 34.1993 5.5
      vertex -46.686 33.8742 2.5
      vertex -46.1993 34.1993 2.5
    endloop
  endfacet
  facet normal 0.831551 -0.555449 0
    outer loop
      vertex -46.1993 34.1993 5.5
      vertex -45.8742 34.686 2.5
      vertex -45.8742 34.686 5.5
    endloop
  endfacet
  facet normal 0.831551 -0.555449 0
    outer loop
      vertex -45.8742 34.686 2.5
      vertex -46.1993 34.1993 5.5
      vertex -46.1993 34.1993 2.5
    endloop
  endfacet
  facet normal -0.980777 0.19513 0
    outer loop
      vertex -48.76 35.26 2.5
      vertex -48.6458 35.834 5.5
      vertex -48.6458 35.834 2.5
    endloop
  endfacet
  facet normal -0.980777 0.19513 0
    outer loop
      vertex -48.6458 35.834 5.5
      vertex -48.76 35.26 2.5
      vertex -48.76 35.26 5.5
    endloop
  endfacet
  facet normal 0.980777 -0.19513 0
    outer loop
      vertex -45.8742 34.686 5.5
      vertex -45.76 35.26 2.5
      vertex -45.76 35.26 5.5
    endloop
  endfacet
  facet normal 0.980777 -0.19513 0
    outer loop
      vertex -45.76 35.26 2.5
      vertex -45.8742 34.686 5.5
      vertex -45.8742 34.686 2.5
    endloop
  endfacet
  facet normal -0.19513 0.980777 0
    outer loop
      vertex -47.26 36.76 2.5
      vertex -47.834 36.6458 5.5
      vertex -47.26 36.76 5.5
    endloop
  endfacet
  facet normal -0.19513 0.980777 0
    outer loop
      vertex -47.834 36.6458 5.5
      vertex -47.26 36.76 2.5
      vertex -47.834 36.6458 2.5
    endloop
  endfacet
  facet normal 0.19513 0.980777 -0
    outer loop
      vertex -46.686 36.6458 2.5
      vertex -47.26 36.76 5.5
      vertex -46.686 36.6458 5.5
    endloop
  endfacet
  facet normal 0.19513 0.980777 0
    outer loop
      vertex -47.26 36.76 5.5
      vertex -46.686 36.6458 2.5
      vertex -47.26 36.76 2.5
    endloop
  endfacet
  facet normal -0.831551 -0.555449 0
    outer loop
      vertex -48.3207 34.1993 2.5
      vertex -48.6458 34.686 5.5
      vertex -48.6458 34.686 2.5
    endloop
  endfacet
  facet normal -0.831551 -0.555449 0
    outer loop
      vertex -48.6458 34.686 5.5
      vertex -48.3207 34.1993 2.5
      vertex -48.3207 34.1993 5.5
    endloop
  endfacet
  facet normal 0 0 1
    outer loop
      vertex -46.26 35.26 5.5
      vertex -45.76 35.26 5.5
      vertex -45.8742 35.834 5.5
    endloop
  endfacet
  facet normal 0 0 1
    outer loop
      vertex -46.394 35.76 5.5
      vertex -45.8742 35.834 5.5
      vertex -46.1993 36.3207 5.5
    endloop
  endfacet
  facet normal 0 0 1
    outer loop
      vertex -45.76 35.26 5.5
      vertex -46.26 35.26 5.5
      vertex -45.8742 34.686 5.5
    endloop
  endfacet
  facet normal -0 0 1
    outer loop
      vertex -46.394 34.76 5.5
      vertex -45.8742 34.686 5.5
      vertex -46.26 35.26 5.5
    endloop
  endfacet
  facet normal 0 0 1
    outer loop
      vertex -45.8742 35.834 5.5
      vertex -46.394 35.76 5.5
      vertex -46.26 35.26 5.5
    endloop
  endfacet
  facet normal 0 0 1
    outer loop
      vertex -46.76 36.126 5.5
      vertex -46.1993 36.3207 5.5
      vertex -46.686 36.6458 5.5
    endloop
  endfacet
  facet normal 0 0 1
    outer loop
      vertex -46.1993 36.3207 5.5
      vertex -46.76 36.126 5.5
      vertex -46.394 35.76 5.5
    endloop
  endfacet
  facet normal 0 0 1
    outer loop
      vertex -47.26 36.26 5.5
      vertex -46.686 36.6458 5.5
      vertex -47.26 36.76 5.5
    endloop
  endfacet
  facet normal 0 0 1
    outer loop
      vertex -46.686 36.6458 5.5
      vertex -47.26 36.26 5.5
      vertex -46.76 36.126 5.5
    endloop
  endfacet
  facet normal -0 0 1
    outer loop
      vertex -47.834 36.6458 5.5
      vertex -47.26 36.26 5.5
      vertex -47.26 36.76 5.5
    endloop
  endfacet
  facet normal 0 0 1
    outer loop
      vertex -47.26 36.26 5.5
      vertex -47.834 36.6458 5.5
      vertex -47.76 36.126 5.5
    endloop
  endfacet
  facet normal -0 0 1
    outer loop
      vertex -48.3207 36.3207 5.5
      vertex -47.76 36.126 5.5
      vertex -47.834 36.6458 5.5
    endloop
  endfacet
  facet normal -0 0 1
    outer loop
      vertex -48.6458 35.834 5.5
      vertex -48.126 35.76 5.5
      vertex -48.3207 36.3207 5.5
    endloop
  endfacet
  facet normal 0 0 1
    outer loop
      vertex -47.76 36.126 5.5
      vertex -48.3207 36.3207 5.5
      vertex -48.126 35.76 5.5
    endloop
  endfacet
  facet normal 0 0 1
    outer loop
      vertex -45.8742 34.686 5.5
      vertex -46.394 34.76 5.5
      vertex -46.1993 34.1993 5.5
    endloop
  endfacet
  facet normal -0 0 1
    outer loop
      vertex -46.76 34.394 5.5
      vertex -46.1993 34.1993 5.5
      vertex -46.394 34.76 5.5
    endloop
  endfacet
  facet normal 0 0 1
    outer loop
      vertex -46.1993 34.1993 5.5
      vertex -46.76 34.394 5.5
      vertex -46.686 33.8742 5.5
    endloop
  endfacet
  facet normal -0 0 1
    outer loop
      vertex -47.26 34.26 5.5
      vertex -46.686 33.8742 5.5
      vertex -46.76 34.394 5.5
    endloop
  endfacet
  facet normal 0 0 1
    outer loop
      vertex -47.26 34.26 5.5
      vertex -47.26 33.76 5.5
      vertex -46.686 33.8742 5.5
    endloop
  endfacet
  facet normal 0 0 1
    outer loop
      vertex -47.834 33.8742 5.5
      vertex -47.26 34.26 5.5
      vertex -47.76 34.394 5.5
    endloop
  endfacet
  facet normal 0 0 1
    outer loop
      vertex -47.26 34.26 5.5
      vertex -47.834 33.8742 5.5
      vertex -47.26 33.76 5.5
    endloop
  endfacet
  facet normal 0 0 1
    outer loop
      vertex -48.3207 34.1993 5.5
      vertex -47.76 34.394 5.5
      vertex -48.126 34.76 5.5
    endloop
  endfacet
  facet normal 0 0 1
    outer loop
      vertex -47.76 34.394 5.5
      vertex -48.3207 34.1993 5.5
      vertex -47.834 33.8742 5.5
    endloop
  endfacet
  facet normal 0 0 1
    outer loop
      vertex -48.6458 34.686 5.5
      vertex -48.126 34.76 5.5
      vertex -48.26 35.26 5.5
    endloop
  endfacet
  facet normal 0 0 1
    outer loop
      vertex -48.126 35.76 5.5
      vertex -48.6458 35.834 5.5
      vertex -48.26 35.26 5.5
    endloop
  endfacet
  facet normal 0 0 1
    outer loop
      vertex -48.76 35.26 5.5
      vertex -48.26 35.26 5.5
      vertex -48.6458 35.834 5.5
    endloop
  endfacet
  facet normal 0 0 1
    outer loop
      vertex -48.126 34.76 5.5
      vertex -48.6458 34.686 5.5
      vertex -48.3207 34.1993 5.5
    endloop
  endfacet
  facet normal 0 0 1
    outer loop
      vertex -48.26 35.26 5.5
      vertex -48.76 35.26 5.5
      vertex -48.6458 34.686 5.5
    endloop
  endfacet
  facet normal 0.555449 0.831551 -0
    outer loop
      vertex -46.1993 36.3207 2.5
      vertex -46.686 36.6458 5.5
      vertex -46.1993 36.3207 5.5
    endloop
  endfacet
  facet normal 0.555449 0.831551 0
    outer loop
      vertex -46.686 36.6458 5.5
      vertex -46.1993 36.3207 2.5
      vertex -46.686 36.6458 2.5
    endloop
  endfacet
  facet normal -0.980777 -0.19513 0
    outer loop
      vertex -48.6458 34.686 2.5
      vertex -48.76 35.26 5.5
      vertex -48.76 35.26 2.5
    endloop
  endfacet
  facet normal -0.980777 -0.19513 0
    outer loop
      vertex -48.76 35.26 5.5
      vertex -48.6458 34.686 2.5
      vertex -48.6458 34.686 5.5
    endloop
  endfacet
  facet normal -0.555449 -0.831551 0
    outer loop
      vertex -48.3207 34.1993 2.5
      vertex -47.834 33.8742 5.5
      vertex -48.3207 34.1993 5.5
    endloop
  endfacet
  facet normal -0.555449 -0.831551 -0
    outer loop
      vertex -47.834 33.8742 5.5
      vertex -48.3207 34.1993 2.5
      vertex -47.834 33.8742 2.5
    endloop
  endfacet
  facet normal 0.965914 0.258865 0
    outer loop
      vertex -48.126 34.76 5.5
      vertex -48.26 35.26 2.5
      vertex -48.26 35.26 5.5
    endloop
  endfacet
  facet normal 0.965914 0.258865 0
    outer loop
      vertex -48.26 35.26 2.5
      vertex -48.126 34.76 5.5
      vertex -48.126 34.76 2.5
    endloop
  endfacet
  facet normal -0.707107 -0.707107 0
    outer loop
      vertex -46.394 35.76 2.5
      vertex -46.76 36.126 5.5
      vertex -46.76 36.126 2.5
    endloop
  endfacet
  facet normal -0.707107 -0.707107 0
    outer loop
      vertex -46.76 36.126 5.5
      vertex -46.394 35.76 2.5
      vertex -46.394 35.76 5.5
    endloop
  endfacet
  facet normal -0.965914 -0.258865 0
    outer loop
      vertex -46.26 35.26 2.5
      vertex -46.394 35.76 5.5
      vertex -46.394 35.76 2.5
    endloop
  endfacet
  facet normal -0.965914 -0.258865 0
    outer loop
      vertex -46.394 35.76 5.5
      vertex -46.26 35.26 2.5
      vertex -46.26 35.26 5.5
    endloop
  endfacet
  facet normal -0.258865 -0.965914 0
    outer loop
      vertex -47.26 36.26 2.5
      vertex -46.76 36.126 5.5
      vertex -47.26 36.26 5.5
    endloop
  endfacet
  facet normal -0.258865 -0.965914 -0
    outer loop
      vertex -46.76 36.126 5.5
      vertex -47.26 36.26 2.5
      vertex -46.76 36.126 2.5
    endloop
  endfacet
  facet normal -0.258865 0.965914 0
    outer loop
      vertex -46.76 34.394 2.5
      vertex -47.26 34.26 5.5
      vertex -46.76 34.394 5.5
    endloop
  endfacet
  facet normal -0.258865 0.965914 0
    outer loop
      vertex -47.26 34.26 5.5
      vertex -46.76 34.394 2.5
      vertex -47.26 34.26 2.5
    endloop
  endfacet
  facet normal -0.965914 0.258865 0
    outer loop
      vertex -46.394 34.76 2.5
      vertex -46.26 35.26 5.5
      vertex -46.26 35.26 2.5
    endloop
  endfacet
  facet normal -0.965914 0.258865 0
    outer loop
      vertex -46.26 35.26 5.5
      vertex -46.394 34.76 2.5
      vertex -46.394 34.76 5.5
    endloop
  endfacet
  facet normal 0.707107 -0.707107 0
    outer loop
      vertex -48.126 35.76 5.5
      vertex -47.76 36.126 2.5
      vertex -47.76 36.126 5.5
    endloop
  endfacet
  facet normal 0.707107 -0.707107 0
    outer loop
      vertex -47.76 36.126 2.5
      vertex -48.126 35.76 5.5
      vertex -48.126 35.76 2.5
    endloop
  endfacet
  facet normal 0.258865 -0.965914 0
    outer loop
      vertex -47.76 36.126 2.5
      vertex -47.26 36.26 5.5
      vertex -47.76 36.126 5.5
    endloop
  endfacet
  facet normal 0.258865 -0.965914 0
    outer loop
      vertex -47.26 36.26 5.5
      vertex -47.76 36.126 2.5
      vertex -47.26 36.26 2.5
    endloop
  endfacet
  facet normal 0.965914 -0.258865 0
    outer loop
      vertex -48.26 35.26 5.5
      vertex -48.126 35.76 2.5
      vertex -48.126 35.76 5.5
    endloop
  endfacet
  facet normal 0.965914 -0.258865 0
    outer loop
      vertex -48.126 35.76 2.5
      vertex -48.26 35.26 5.5
      vertex -48.26 35.26 2.5
    endloop
  endfacet
  facet normal -0.707107 0.707107 0
    outer loop
      vertex -46.76 34.394 2.5
      vertex -46.394 34.76 5.5
      vertex -46.394 34.76 2.5
    endloop
  endfacet
  facet normal -0.707107 0.707107 0
    outer loop
      vertex -46.394 34.76 5.5
      vertex -46.76 34.394 2.5
      vertex -46.76 34.394 5.5
    endloop
  endfacet
  facet normal 0.707107 0.707107 -0
    outer loop
      vertex -47.76 34.394 2.5
      vertex -48.126 34.76 5.5
      vertex -47.76 34.394 5.5
    endloop
  endfacet
  facet normal 0.707107 0.707107 0
    outer loop
      vertex -48.126 34.76 5.5
      vertex -47.76 34.394 2.5
      vertex -48.126 34.76 2.5
    endloop
  endfacet
  facet normal 0.258865 0.965914 -0
    outer loop
      vertex -47.26 34.26 2.5
      vertex -47.76 34.394 5.5
      vertex -47.26 34.26 5.5
    endloop
  endfacet
  facet normal 0.258865 0.965914 0
    outer loop
      vertex -47.76 34.394 5.5
      vertex -47.26 34.26 2.5
      vertex -47.76 34.394 2.5
    endloop
  endfacet
  facet normal -0.555449 0.831551 0
    outer loop
      vertex -47.834 51.6458 2.5
      vertex -48.3207 51.3207 5.5
      vertex -47.834 51.6458 5.5
    endloop
  endfacet
  facet normal -0.555449 0.831551 0
    outer loop
      vertex -48.3207 51.3207 5.5
      vertex -47.834 51.6458 2.5
      vertex -48.3207 51.3207 2.5
    endloop
  endfacet
  facet normal 0.831551 0.555449 0
    outer loop
      vertex -45.8742 50.834 5.5
      vertex -46.1993 51.3207 2.5
      vertex -46.1993 51.3207 5.5
    endloop
  endfacet
  facet normal 0.831551 0.555449 0
    outer loop
      vertex -46.1993 51.3207 2.5
      vertex -45.8742 50.834 5.5
      vertex -45.8742 50.834 2.5
    endloop
  endfacet
  facet normal 0.980777 0.19513 0
    outer loop
      vertex -45.76 50.26 5.5
      vertex -45.8742 50.834 2.5
      vertex -45.8742 50.834 5.5
    endloop
  endfacet
  facet normal 0.980777 0.19513 0
    outer loop
      vertex -45.8742 50.834 2.5
      vertex -45.76 50.26 5.5
      vertex -45.76 50.26 2.5
    endloop
  endfacet
  facet normal -0.831551 0.555449 0
    outer loop
      vertex -48.6458 50.834 2.5
      vertex -48.3207 51.3207 5.5
      vertex -48.3207 51.3207 2.5
    endloop
  endfacet
  facet normal -0.831551 0.555449 0
    outer loop
      vertex -48.3207 51.3207 5.5
      vertex -48.6458 50.834 2.5
      vertex -48.6458 50.834 5.5
    endloop
  endfacet
  facet normal -0.19513 -0.980777 0
    outer loop
      vertex -47.834 48.8742 2.5
      vertex -47.26 48.76 5.5
      vertex -47.834 48.8742 5.5
    endloop
  endfacet
  facet normal -0.19513 -0.980777 -0
    outer loop
      vertex -47.26 48.76 5.5
      vertex -47.834 48.8742 2.5
      vertex -47.26 48.76 2.5
    endloop
  endfacet
  facet normal 0.19513 -0.980777 0
    outer loop
      vertex -47.26 48.76 2.5
      vertex -46.686 48.8742 5.5
      vertex -47.26 48.76 5.5
    endloop
  endfacet
  facet normal 0.19513 -0.980777 0
    outer loop
      vertex -46.686 48.8742 5.5
      vertex -47.26 48.76 2.5
      vertex -46.686 48.8742 2.5
    endloop
  endfacet
  facet normal 0.555449 -0.831551 0
    outer loop
      vertex -46.686 48.8742 2.5
      vertex -46.1993 49.1993 5.5
      vertex -46.686 48.8742 5.5
    endloop
  endfacet
  facet normal 0.555449 -0.831551 0
    outer loop
      vertex -46.1993 49.1993 5.5
      vertex -46.686 48.8742 2.5
      vertex -46.1993 49.1993 2.5
    endloop
  endfacet
  facet normal 0.831551 -0.555449 0
    outer loop
      vertex -46.1993 49.1993 5.5
      vertex -45.8742 49.686 2.5
      vertex -45.8742 49.686 5.5
    endloop
  endfacet
  facet normal 0.831551 -0.555449 0
    outer loop
      vertex -45.8742 49.686 2.5
      vertex -46.1993 49.1993 5.5
      vertex -46.1993 49.1993 2.5
    endloop
  endfacet
  facet normal -0.980777 0.19513 0
    outer loop
      vertex -48.76 50.26 2.5
      vertex -48.6458 50.834 5.5
      vertex -48.6458 50.834 2.5
    endloop
  endfacet
  facet normal -0.980777 0.19513 0
    outer loop
      vertex -48.6458 50.834 5.5
      vertex -48.76 50.26 2.5
      vertex -48.76 50.26 5.5
    endloop
  endfacet
  facet normal 0.980777 -0.19513 0
    outer loop
      vertex -45.8742 49.686 5.5
      vertex -45.76 50.26 2.5
      vertex -45.76 50.26 5.5
    endloop
  endfacet
  facet normal 0.980777 -0.19513 0
    outer loop
      vertex -45.76 50.26 2.5
      vertex -45.8742 49.686 5.5
      vertex -45.8742 49.686 2.5
    endloop
  endfacet
  facet normal -0.19513 0.980777 0
    outer loop
      vertex -47.26 51.76 2.5
      vertex -47.834 51.6458 5.5
      vertex -47.26 51.76 5.5
    endloop
  endfacet
  facet normal -0.19513 0.980777 0
    outer loop
      vertex -47.834 51.6458 5.5
      vertex -47.26 51.76 2.5
      vertex -47.834 51.6458 2.5
    endloop
  endfacet
  facet normal 0.19513 0.980777 -0
    outer loop
      vertex -46.686 51.6458 2.5
      vertex -47.26 51.76 5.5
      vertex -46.686 51.6458 5.5
    endloop
  endfacet
  facet normal 0.19513 0.980777 0
    outer loop
      vertex -47.26 51.76 5.5
      vertex -46.686 51.6458 2.5
      vertex -47.26 51.76 2.5
    endloop
  endfacet
  facet normal -0.831551 -0.555449 0
    outer loop
      vertex -48.3207 49.1993 2.5
      vertex -48.6458 49.686 5.5
      vertex -48.6458 49.686 2.5
    endloop
  endfacet
  facet normal -0.831551 -0.555449 0
    outer loop
      vertex -48.6458 49.686 5.5
      vertex -48.3207 49.1993 2.5
      vertex -48.3207 49.1993 5.5
    endloop
  endfacet
  facet normal 0 0 1
    outer loop
      vertex -46.26 50.26 5.5
      vertex -45.76 50.26 5.5
      vertex -45.8742 50.834 5.5
    endloop
  endfacet
  facet normal 0 0 1
    outer loop
      vertex -46.394 50.76 5.5
      vertex -45.8742 50.834 5.5
      vertex -46.1993 51.3207 5.5
    endloop
  endfacet
  facet normal 0 0 1
    outer loop
      vertex -45.76 50.26 5.5
      vertex -46.26 50.26 5.5
      vertex -45.8742 49.686 5.5
    endloop
  endfacet
  facet normal -0 0 1
    outer loop
      vertex -46.394 49.76 5.5
      vertex -45.8742 49.686 5.5
      vertex -46.26 50.26 5.5
    endloop
  endfacet
  facet normal 0 0 1
    outer loop
      vertex -45.8742 50.834 5.5
      vertex -46.394 50.76 5.5
      vertex -46.26 50.26 5.5
    endloop
  endfacet
  facet normal 0 0 1
    outer loop
      vertex -46.76 51.126 5.5
      vertex -46.1993 51.3207 5.5
      vertex -46.686 51.6458 5.5
    endloop
  endfacet
  facet normal 0 0 1
    outer loop
      vertex -46.1993 51.3207 5.5
      vertex -46.76 51.126 5.5
      vertex -46.394 50.76 5.5
    endloop
  endfacet
  facet normal 0 0 1
    outer loop
      vertex -47.26 51.26 5.5
      vertex -46.686 51.6458 5.5
      vertex -47.26 51.76 5.5
    endloop
  endfacet
  facet normal 0 0 1
    outer loop
      vertex -46.686 51.6458 5.5
      vertex -47.26 51.26 5.5
      vertex -46.76 51.126 5.5
    endloop
  endfacet
  facet normal -0 0 1
    outer loop
      vertex -47.834 51.6458 5.5
      vertex -47.26 51.26 5.5
      vertex -47.26 51.76 5.5
    endloop
  endfacet
  facet normal 0 0 1
    outer loop
      vertex -47.26 51.26 5.5
      vertex -47.834 51.6458 5.5
      vertex -47.76 51.126 5.5
    endloop
  endfacet
  facet normal -0 0 1
    outer loop
      vertex -48.3207 51.3207 5.5
      vertex -47.76 51.126 5.5
      vertex -47.834 51.6458 5.5
    endloop
  endfacet
  facet normal -0 0 1
    outer loop
      vertex -48.6458 50.834 5.5
      vertex -48.126 50.76 5.5
      vertex -48.3207 51.3207 5.5
    endloop
  endfacet
  facet normal 0 0 1
    outer loop
      vertex -47.76 51.126 5.5
      vertex -48.3207 51.3207 5.5
      vertex -48.126 50.76 5.5
    endloop
  endfacet
  facet normal 0 0 1
    outer loop
      vertex -45.8742 49.686 5.5
      vertex -46.394 49.76 5.5
      vertex -46.1993 49.1993 5.5
    endloop
  endfacet
  facet normal -0 0 1
    outer loop
      vertex -46.76 49.394 5.5
      vertex -46.1993 49.1993 5.5
      vertex -46.394 49.76 5.5
    endloop
  endfacet
  facet normal 0 0 1
    outer loop
      vertex -46.1993 49.1993 5.5
      vertex -46.76 49.394 5.5
      vertex -46.686 48.8742 5.5
    endloop
  endfacet
  facet normal -0 0 1
    outer loop
      vertex -47.26 49.26 5.5
      vertex -46.686 48.8742 5.5
      vertex -46.76 49.394 5.5
    endloop
  endfacet
  facet normal 0 0 1
    outer loop
      vertex -47.26 49.26 5.5
      vertex -47.26 48.76 5.5
      vertex -46.686 48.8742 5.5
    endloop
  endfacet
  facet normal 0 0 1
    outer loop
      vertex -47.834 48.8742 5.5
      vertex -47.26 49.26 5.5
      vertex -47.76 49.394 5.5
    endloop
  endfacet
  facet normal 0 0 1
    outer loop
      vertex -47.26 49.26 5.5
      vertex -47.834 48.8742 5.5
      vertex -47.26 48.76 5.5
    endloop
  endfacet
  facet normal 0 0 1
    outer loop
      vertex -48.3207 49.1993 5.5
      vertex -47.76 49.394 5.5
      vertex -48.126 49.76 5.5
    endloop
  endfacet
  facet normal 0 0 1
    outer loop
      vertex -47.76 49.394 5.5
      vertex -48.3207 49.1993 5.5
      vertex -47.834 48.8742 5.5
    endloop
  endfacet
  facet normal 0 0 1
    outer loop
      vertex -48.6458 49.686 5.5
      vertex -48.126 49.76 5.5
      vertex -48.26 50.26 5.5
    endloop
  endfacet
  facet normal 0 0 1
    outer loop
      vertex -48.126 50.76 5.5
      vertex -48.6458 50.834 5.5
      vertex -48.26 50.26 5.5
    endloop
  endfacet
  facet normal 0 0 1
    outer loop
      vertex -48.76 50.26 5.5
      vertex -48.26 50.26 5.5
      vertex -48.6458 50.834 5.5
    endloop
  endfacet
  facet normal 0 0 1
    outer loop
      vertex -48.126 49.76 5.5
      vertex -48.6458 49.686 5.5
      vertex -48.3207 49.1993 5.5
    endloop
  endfacet
  facet normal 0 0 1
    outer loop
      vertex -48.26 50.26 5.5
      vertex -48.76 50.26 5.5
      vertex -48.6458 49.686 5.5
    endloop
  endfacet
  facet normal 0.555449 0.831551 -0
    outer loop
      vertex -46.1993 51.3207 2.5
      vertex -46.686 51.6458 5.5
      vertex -46.1993 51.3207 5.5
    endloop
  endfacet
  facet normal 0.555449 0.831551 0
    outer loop
      vertex -46.686 51.6458 5.5
      vertex -46.1993 51.3207 2.5
      vertex -46.686 51.6458 2.5
    endloop
  endfacet
  facet normal -0.980777 -0.19513 0
    outer loop
      vertex -48.6458 49.686 2.5
      vertex -48.76 50.26 5.5
      vertex -48.76 50.26 2.5
    endloop
  endfacet
  facet normal -0.980777 -0.19513 0
    outer loop
      vertex -48.76 50.26 5.5
      vertex -48.6458 49.686 2.5
      vertex -48.6458 49.686 5.5
    endloop
  endfacet
  facet normal -0.555449 -0.831551 0
    outer loop
      vertex -48.3207 49.1993 2.5
      vertex -47.834 48.8742 5.5
      vertex -48.3207 49.1993 5.5
    endloop
  endfacet
  facet normal -0.555449 -0.831551 -0
    outer loop
      vertex -47.834 48.8742 5.5
      vertex -48.3207 49.1993 2.5
      vertex -47.834 48.8742 2.5
    endloop
  endfacet
  facet normal 0.965914 0.258865 0
    outer loop
      vertex -48.126 49.76 5.5
      vertex -48.26 50.26 2.5
      vertex -48.26 50.26 5.5
    endloop
  endfacet
  facet normal 0.965914 0.258865 0
    outer loop
      vertex -48.26 50.26 2.5
      vertex -48.126 49.76 5.5
      vertex -48.126 49.76 2.5
    endloop
  endfacet
  facet normal -0.707107 -0.707107 0
    outer loop
      vertex -46.394 50.76 2.5
      vertex -46.76 51.126 5.5
      vertex -46.76 51.126 2.5
    endloop
  endfacet
  facet normal -0.707107 -0.707107 0
    outer loop
      vertex -46.76 51.126 5.5
      vertex -46.394 50.76 2.5
      vertex -46.394 50.76 5.5
    endloop
  endfacet
  facet normal -0.965914 -0.258865 0
    outer loop
      vertex -46.26 50.26 2.5
      vertex -46.394 50.76 5.5
      vertex -46.394 50.76 2.5
    endloop
  endfacet
  facet normal -0.965914 -0.258865 0
    outer loop
      vertex -46.394 50.76 5.5
      vertex -46.26 50.26 2.5
      vertex -46.26 50.26 5.5
    endloop
  endfacet
  facet normal -0.258865 -0.965914 0
    outer loop
      vertex -47.26 51.26 2.5
      vertex -46.76 51.126 5.5
      vertex -47.26 51.26 5.5
    endloop
  endfacet
  facet normal -0.258865 -0.965914 -0
    outer loop
      vertex -46.76 51.126 5.5
      vertex -47.26 51.26 2.5
      vertex -46.76 51.126 2.5
    endloop
  endfacet
  facet normal -0.258865 0.965914 0
    outer loop
      vertex -46.76 49.394 2.5
      vertex -47.26 49.26 5.5
      vertex -46.76 49.394 5.5
    endloop
  endfacet
  facet normal -0.258865 0.965914 0
    outer loop
      vertex -47.26 49.26 5.5
      vertex -46.76 49.394 2.5
      vertex -47.26 49.26 2.5
    endloop
  endfacet
  facet normal -0.965914 0.258865 0
    outer loop
      vertex -46.394 49.76 2.5
      vertex -46.26 50.26 5.5
      vertex -46.26 50.26 2.5
    endloop
  endfacet
  facet normal -0.965914 0.258865 0
    outer loop
      vertex -46.26 50.26 5.5
      vertex -46.394 49.76 2.5
      vertex -46.394 49.76 5.5
    endloop
  endfacet
  facet normal 0.707107 -0.707107 0
    outer loop
      vertex -48.126 50.76 5.5
      vertex -47.76 51.126 2.5
      vertex -47.76 51.126 5.5
    endloop
  endfacet
  facet normal 0.707107 -0.707107 0
    outer loop
      vertex -47.76 51.126 2.5
      vertex -48.126 50.76 5.5
      vertex -48.126 50.76 2.5
    endloop
  endfacet
  facet normal 0.258865 -0.965914 0
    outer loop
      vertex -47.76 51.126 2.5
      vertex -47.26 51.26 5.5
      vertex -47.76 51.126 5.5
    endloop
  endfacet
  facet normal 0.258865 -0.965914 0
    outer loop
      vertex -47.26 51.26 5.5
      vertex -47.76 51.126 2.5
      vertex -47.26 51.26 2.5
    endloop
  endfacet
  facet normal 0.965914 -0.258865 0
    outer loop
      vertex -48.26 50.26 5.5
      vertex -48.126 50.76 2.5
      vertex -48.126 50.76 5.5
    endloop
  endfacet
  facet normal 0.965914 -0.258865 0
    outer loop
      vertex -48.126 50.76 2.5
      vertex -48.26 50.26 5.5
      vertex -48.26 50.26 2.5
    endloop
  endfacet
  facet normal -0.707107 0.707107 0
    outer loop
      vertex -46.76 49.394 2.5
      vertex -46.394 49.76 5.5
      vertex -46.394 49.76 2.5
    endloop
  endfacet
  facet normal -0.707107 0.707107 0
    outer loop
      vertex -46.394 49.76 5.5
      vertex -46.76 49.394 2.5
      vertex -46.76 49.394 5.5
    endloop
  endfacet
  facet normal 0.707107 0.707107 -0
    outer loop
      vertex -47.76 49.394 2.5
      vertex -48.126 49.76 5.5
      vertex -47.76 49.394 5.5
    endloop
  endfacet
  facet normal 0.707107 0.707107 0
    outer loop
      vertex -48.126 49.76 5.5
      vertex -47.76 49.394 2.5
      vertex -48.126 49.76 2.5
    endloop
  endfacet
  facet normal 0.258865 0.965914 -0
    outer loop
      vertex -47.26 49.26 2.5
      vertex -47.76 49.394 5.5
      vertex -47.26 49.26 5.5
    endloop
  endfacet
  facet normal 0.258865 0.965914 0
    outer loop
      vertex -47.76 49.394 5.5
      vertex -47.26 49.26 2.5
      vertex -47.76 49.394 2.5
    endloop
  endfacet
  facet normal -0.555449 0.831551 0
    outer loop
      vertex -28.314 36.6458 2.5
      vertex -28.8007 36.3207 5.5
      vertex -28.314 36.6458 5.5
    endloop
  endfacet
  facet normal -0.555449 0.831551 0
    outer loop
      vertex -28.8007 36.3207 5.5
      vertex -28.314 36.6458 2.5
      vertex -28.8007 36.3207 2.5
    endloop
  endfacet
  facet normal 0.831551 0.555449 0
    outer loop
      vertex -26.3542 35.834 5.5
      vertex -26.6793 36.3207 2.5
      vertex -26.6793 36.3207 5.5
    endloop
  endfacet
  facet normal 0.831551 0.555449 0
    outer loop
      vertex -26.6793 36.3207 2.5
      vertex -26.3542 35.834 5.5
      vertex -26.3542 35.834 2.5
    endloop
  endfacet
  facet normal 0.980777 0.19513 0
    outer loop
      vertex -26.24 35.26 5.5
      vertex -26.3542 35.834 2.5
      vertex -26.3542 35.834 5.5
    endloop
  endfacet
  facet normal 0.980777 0.19513 0
    outer loop
      vertex -26.3542 35.834 2.5
      vertex -26.24 35.26 5.5
      vertex -26.24 35.26 2.5
    endloop
  endfacet
  facet normal -0.831551 0.555449 0
    outer loop
      vertex -29.1258 35.834 2.5
      vertex -28.8007 36.3207 5.5
      vertex -28.8007 36.3207 2.5
    endloop
  endfacet
  facet normal -0.831551 0.555449 0
    outer loop
      vertex -28.8007 36.3207 5.5
      vertex -29.1258 35.834 2.5
      vertex -29.1258 35.834 5.5
    endloop
  endfacet
  facet normal -0.19513 -0.980777 0
    outer loop
      vertex -28.314 33.8742 2.5
      vertex -27.74 33.76 5.5
      vertex -28.314 33.8742 5.5
    endloop
  endfacet
  facet normal -0.19513 -0.980777 -0
    outer loop
      vertex -27.74 33.76 5.5
      vertex -28.314 33.8742 2.5
      vertex -27.74 33.76 2.5
    endloop
  endfacet
  facet normal 0.19513 -0.980777 0
    outer loop
      vertex -27.74 33.76 2.5
      vertex -27.166 33.8742 5.5
      vertex -27.74 33.76 5.5
    endloop
  endfacet
  facet normal 0.19513 -0.980777 0
    outer loop
      vertex -27.166 33.8742 5.5
      vertex -27.74 33.76 2.5
      vertex -27.166 33.8742 2.5
    endloop
  endfacet
  facet normal 0.555449 -0.831551 0
    outer loop
      vertex -27.166 33.8742 2.5
      vertex -26.6793 34.1993 5.5
      vertex -27.166 33.8742 5.5
    endloop
  endfacet
  facet normal 0.555449 -0.831551 0
    outer loop
      vertex -26.6793 34.1993 5.5
      vertex -27.166 33.8742 2.5
      vertex -26.6793 34.1993 2.5
    endloop
  endfacet
  facet normal 0.831551 -0.555449 0
    outer loop
      vertex -26.6793 34.1993 5.5
      vertex -26.3542 34.686 2.5
      vertex -26.3542 34.686 5.5
    endloop
  endfacet
  facet normal 0.831551 -0.555449 0
    outer loop
      vertex -26.3542 34.686 2.5
      vertex -26.6793 34.1993 5.5
      vertex -26.6793 34.1993 2.5
    endloop
  endfacet
  facet normal -0.980777 0.19513 0
    outer loop
      vertex -29.24 35.26 2.5
      vertex -29.1258 35.834 5.5
      vertex -29.1258 35.834 2.5
    endloop
  endfacet
  facet normal -0.980777 0.19513 0
    outer loop
      vertex -29.1258 35.834 5.5
      vertex -29.24 35.26 2.5
      vertex -29.24 35.26 5.5
    endloop
  endfacet
  facet normal 0.980777 -0.19513 0
    outer loop
      vertex -26.3542 34.686 5.5
      vertex -26.24 35.26 2.5
      vertex -26.24 35.26 5.5
    endloop
  endfacet
  facet normal 0.980777 -0.19513 0
    outer loop
      vertex -26.24 35.26 2.5
      vertex -26.3542 34.686 5.5
      vertex -26.3542 34.686 2.5
    endloop
  endfacet
  facet normal -0.19513 0.980777 0
    outer loop
      vertex -27.74 36.76 2.5
      vertex -28.314 36.6458 5.5
      vertex -27.74 36.76 5.5
    endloop
  endfacet
  facet normal -0.19513 0.980777 0
    outer loop
      vertex -28.314 36.6458 5.5
      vertex -27.74 36.76 2.5
      vertex -28.314 36.6458 2.5
    endloop
  endfacet
  facet normal 0.19513 0.980777 -0
    outer loop
      vertex -27.166 36.6458 2.5
      vertex -27.74 36.76 5.5
      vertex -27.166 36.6458 5.5
    endloop
  endfacet
  facet normal 0.19513 0.980777 0
    outer loop
      vertex -27.74 36.76 5.5
      vertex -27.166 36.6458 2.5
      vertex -27.74 36.76 2.5
    endloop
  endfacet
  facet normal -0.831551 -0.555449 0
    outer loop
      vertex -28.8007 34.1993 2.5
      vertex -29.1258 34.686 5.5
      vertex -29.1258 34.686 2.5
    endloop
  endfacet
  facet normal -0.831551 -0.555449 0
    outer loop
      vertex -29.1258 34.686 5.5
      vertex -28.8007 34.1993 2.5
      vertex -28.8007 34.1993 5.5
    endloop
  endfacet
  facet normal 0 0 1
    outer loop
      vertex -26.74 35.26 5.5
      vertex -26.24 35.26 5.5
      vertex -26.3542 35.834 5.5
    endloop
  endfacet
  facet normal 0 0 1
    outer loop
      vertex -26.874 35.76 5.5
      vertex -26.3542 35.834 5.5
      vertex -26.6793 36.3207 5.5
    endloop
  endfacet
  facet normal 0 0 1
    outer loop
      vertex -26.24 35.26 5.5
      vertex -26.74 35.26 5.5
      vertex -26.3542 34.686 5.5
    endloop
  endfacet
  facet normal -0 0 1
    outer loop
      vertex -26.874 34.76 5.5
      vertex -26.3542 34.686 5.5
      vertex -26.74 35.26 5.5
    endloop
  endfacet
  facet normal 0 0 1
    outer loop
      vertex -26.3542 35.834 5.5
      vertex -26.874 35.76 5.5
      vertex -26.74 35.26 5.5
    endloop
  endfacet
  facet normal 0 0 1
    outer loop
      vertex -27.24 36.126 5.5
      vertex -26.6793 36.3207 5.5
      vertex -27.166 36.6458 5.5
    endloop
  endfacet
  facet normal 0 0 1
    outer loop
      vertex -26.6793 36.3207 5.5
      vertex -27.24 36.126 5.5
      vertex -26.874 35.76 5.5
    endloop
  endfacet
  facet normal 0 0 1
    outer loop
      vertex -27.74 36.26 5.5
      vertex -27.166 36.6458 5.5
      vertex -27.74 36.76 5.5
    endloop
  endfacet
  facet normal 0 0 1
    outer loop
      vertex -27.166 36.6458 5.5
      vertex -27.74 36.26 5.5
      vertex -27.24 36.126 5.5
    endloop
  endfacet
  facet normal -0 0 1
    outer loop
      vertex -28.314 36.6458 5.5
      vertex -27.74 36.26 5.5
      vertex -27.74 36.76 5.5
    endloop
  endfacet
  facet normal 0 0 1
    outer loop
      vertex -27.74 36.26 5.5
      vertex -28.314 36.6458 5.5
      vertex -28.24 36.126 5.5
    endloop
  endfacet
  facet normal -0 0 1
    outer loop
      vertex -28.8007 36.3207 5.5
      vertex -28.24 36.126 5.5
      vertex -28.314 36.6458 5.5
    endloop
  endfacet
  facet normal -0 0 1
    outer loop
      vertex -29.1258 35.834 5.5
      vertex -28.606 35.76 5.5
      vertex -28.8007 36.3207 5.5
    endloop
  endfacet
  facet normal 0 0 1
    outer loop
      vertex -28.24 36.126 5.5
      vertex -28.8007 36.3207 5.5
      vertex -28.606 35.76 5.5
    endloop
  endfacet
  facet normal 0 0 1
    outer loop
      vertex -26.3542 34.686 5.5
      vertex -26.874 34.76 5.5
      vertex -26.6793 34.1993 5.5
    endloop
  endfacet
  facet normal -0 0 1
    outer loop
      vertex -27.24 34.394 5.5
      vertex -26.6793 34.1993 5.5
      vertex -26.874 34.76 5.5
    endloop
  endfacet
  facet normal 0 0 1
    outer loop
      vertex -26.6793 34.1993 5.5
      vertex -27.24 34.394 5.5
      vertex -27.166 33.8742 5.5
    endloop
  endfacet
  facet normal -0 0 1
    outer loop
      vertex -27.74 34.26 5.5
      vertex -27.166 33.8742 5.5
      vertex -27.24 34.394 5.5
    endloop
  endfacet
  facet normal 0 0 1
    outer loop
      vertex -27.74 34.26 5.5
      vertex -27.74 33.76 5.5
      vertex -27.166 33.8742 5.5
    endloop
  endfacet
  facet normal 0 0 1
    outer loop
      vertex -28.314 33.8742 5.5
      vertex -27.74 34.26 5.5
      vertex -28.24 34.394 5.5
    endloop
  endfacet
  facet normal 0 0 1
    outer loop
      vertex -27.74 34.26 5.5
      vertex -28.314 33.8742 5.5
      vertex -27.74 33.76 5.5
    endloop
  endfacet
  facet normal 0 0 1
    outer loop
      vertex -28.8007 34.1993 5.5
      vertex -28.24 34.394 5.5
      vertex -28.606 34.76 5.5
    endloop
  endfacet
  facet normal 0 0 1
    outer loop
      vertex -28.24 34.394 5.5
      vertex -28.8007 34.1993 5.5
      vertex -28.314 33.8742 5.5
    endloop
  endfacet
  facet normal 0 0 1
    outer loop
      vertex -29.1258 34.686 5.5
      vertex -28.606 34.76 5.5
      vertex -28.74 35.26 5.5
    endloop
  endfacet
  facet normal 0 0 1
    outer loop
      vertex -28.606 35.76 5.5
      vertex -29.1258 35.834 5.5
      vertex -28.74 35.26 5.5
    endloop
  endfacet
  facet normal 0 0 1
    outer loop
      vertex -29.24 35.26 5.5
      vertex -28.74 35.26 5.5
      vertex -29.1258 35.834 5.5
    endloop
  endfacet
  facet normal 0 0 1
    outer loop
      vertex -28.606 34.76 5.5
      vertex -29.1258 34.686 5.5
      vertex -28.8007 34.1993 5.5
    endloop
  endfacet
  facet normal 0 0 1
    outer loop
      vertex -28.74 35.26 5.5
      vertex -29.24 35.26 5.5
      vertex -29.1258 34.686 5.5
    endloop
  endfacet
  facet normal 0.555449 0.831551 -0
    outer loop
      vertex -26.6793 36.3207 2.5
      vertex -27.166 36.6458 5.5
      vertex -26.6793 36.3207 5.5
    endloop
  endfacet
  facet normal 0.555449 0.831551 0
    outer loop
      vertex -27.166 36.6458 5.5
      vertex -26.6793 36.3207 2.5
      vertex -27.166 36.6458 2.5
    endloop
  endfacet
  facet normal -0.980777 -0.19513 0
    outer loop
      vertex -29.1258 34.686 2.5
      vertex -29.24 35.26 5.5
      vertex -29.24 35.26 2.5
    endloop
  endfacet
  facet normal -0.980777 -0.19513 0
    outer loop
      vertex -29.24 35.26 5.5
      vertex -29.1258 34.686 2.5
      vertex -29.1258 34.686 5.5
    endloop
  endfacet
  facet normal -0.555449 -0.831551 0
    outer loop
      vertex -28.8007 34.1993 2.5
      vertex -28.314 33.8742 5.5
      vertex -28.8007 34.1993 5.5
    endloop
  endfacet
  facet normal -0.555449 -0.831551 -0
    outer loop
      vertex -28.314 33.8742 5.5
      vertex -28.8007 34.1993 2.5
      vertex -28.314 33.8742 2.5
    endloop
  endfacet
  facet normal 0.965914 0.258865 0
    outer loop
      vertex -28.606 34.76 5.5
      vertex -28.74 35.26 2.5
      vertex -28.74 35.26 5.5
    endloop
  endfacet
  facet normal 0.965914 0.258865 0
    outer loop
      vertex -28.74 35.26 2.5
      vertex -28.606 34.76 5.5
      vertex -28.606 34.76 2.5
    endloop
  endfacet
  facet normal -0.707107 -0.707107 0
    outer loop
      vertex -26.874 35.76 2.5
      vertex -27.24 36.126 5.5
      vertex -27.24 36.126 2.5
    endloop
  endfacet
  facet normal -0.707107 -0.707107 0
    outer loop
      vertex -27.24 36.126 5.5
      vertex -26.874 35.76 2.5
      vertex -26.874 35.76 5.5
    endloop
  endfacet
  facet normal -0.965914 -0.258865 0
    outer loop
      vertex -26.74 35.26 2.5
      vertex -26.874 35.76 5.5
      vertex -26.874 35.76 2.5
    endloop
  endfacet
  facet normal -0.965914 -0.258865 0
    outer loop
      vertex -26.874 35.76 5.5
      vertex -26.74 35.26 2.5
      vertex -26.74 35.26 5.5
    endloop
  endfacet
  facet normal -0.258865 -0.965914 0
    outer loop
      vertex -27.74 36.26 2.5
      vertex -27.24 36.126 5.5
      vertex -27.74 36.26 5.5
    endloop
  endfacet
  facet normal -0.258865 -0.965914 -0
    outer loop
      vertex -27.24 36.126 5.5
      vertex -27.74 36.26 2.5
      vertex -27.24 36.126 2.5
    endloop
  endfacet
  facet normal -0.258865 0.965914 0
    outer loop
      vertex -27.24 34.394 2.5
      vertex -27.74 34.26 5.5
      vertex -27.24 34.394 5.5
    endloop
  endfacet
  facet normal -0.258865 0.965914 0
    outer loop
      vertex -27.74 34.26 5.5
      vertex -27.24 34.394 2.5
      vertex -27.74 34.26 2.5
    endloop
  endfacet
  facet normal -0.965914 0.258865 0
    outer loop
      vertex -26.874 34.76 2.5
      vertex -26.74 35.26 5.5
      vertex -26.74 35.26 2.5
    endloop
  endfacet
  facet normal -0.965914 0.258865 0
    outer loop
      vertex -26.74 35.26 5.5
      vertex -26.874 34.76 2.5
      vertex -26.874 34.76 5.5
    endloop
  endfacet
  facet normal 0.707107 -0.707107 0
    outer loop
      vertex -28.606 35.76 5.5
      vertex -28.24 36.126 2.5
      vertex -28.24 36.126 5.5
    endloop
  endfacet
  facet normal 0.707107 -0.707107 0
    outer loop
      vertex -28.24 36.126 2.5
      vertex -28.606 35.76 5.5
      vertex -28.606 35.76 2.5
    endloop
  endfacet
  facet normal 0.258865 -0.965914 0
    outer loop
      vertex -28.24 36.126 2.5
      vertex -27.74 36.26 5.5
      vertex -28.24 36.126 5.5
    endloop
  endfacet
  facet normal 0.258865 -0.965914 0
    outer loop
      vertex -27.74 36.26 5.5
      vertex -28.24 36.126 2.5
      vertex -27.74 36.26 2.5
    endloop
  endfacet
  facet normal 0.965914 -0.258865 0
    outer loop
      vertex -28.74 35.26 5.5
      vertex -28.606 35.76 2.5
      vertex -28.606 35.76 5.5
    endloop
  endfacet
  facet normal 0.965914 -0.258865 0
    outer loop
      vertex -28.606 35.76 2.5
      vertex -28.74 35.26 5.5
      vertex -28.74 35.26 2.5
    endloop
  endfacet
  facet normal -0.707107 0.707107 0
    outer loop
      vertex -27.24 34.394 2.5
      vertex -26.874 34.76 5.5
      vertex -26.874 34.76 2.5
    endloop
  endfacet
  facet normal -0.707107 0.707107 0
    outer loop
      vertex -26.874 34.76 5.5
      vertex -27.24 34.394 2.5
      vertex -27.24 34.394 5.5
    endloop
  endfacet
  facet normal 0.707107 0.707107 -0
    outer loop
      vertex -28.24 34.394 2.5
      vertex -28.606 34.76 5.5
      vertex -28.24 34.394 5.5
    endloop
  endfacet
  facet normal 0.707107 0.707107 0
    outer loop
      vertex -28.606 34.76 5.5
      vertex -28.24 34.394 2.5
      vertex -28.606 34.76 2.5
    endloop
  endfacet
  facet normal 0.258865 0.965914 -0
    outer loop
      vertex -27.74 34.26 2.5
      vertex -28.24 34.394 5.5
      vertex -27.74 34.26 5.5
    endloop
  endfacet
  facet normal 0.258865 0.965914 0
    outer loop
      vertex -28.24 34.394 5.5
      vertex -27.74 34.26 2.5
      vertex -28.24 34.394 2.5
    endloop
  endfacet
  facet normal -0.555449 0.831551 0
    outer loop
      vertex -28.314 51.6458 2.5
      vertex -28.8007 51.3207 5.5
      vertex -28.314 51.6458 5.5
    endloop
  endfacet
  facet normal -0.555449 0.831551 0
    outer loop
      vertex -28.8007 51.3207 5.5
      vertex -28.314 51.6458 2.5
      vertex -28.8007 51.3207 2.5
    endloop
  endfacet
  facet normal 0.831551 0.555449 0
    outer loop
      vertex -26.3542 50.834 5.5
      vertex -26.6793 51.3207 2.5
      vertex -26.6793 51.3207 5.5
    endloop
  endfacet
  facet normal 0.831551 0.555449 0
    outer loop
      vertex -26.6793 51.3207 2.5
      vertex -26.3542 50.834 5.5
      vertex -26.3542 50.834 2.5
    endloop
  endfacet
  facet normal 0.980777 0.19513 0
    outer loop
      vertex -26.24 50.26 5.5
      vertex -26.3542 50.834 2.5
      vertex -26.3542 50.834 5.5
    endloop
  endfacet
  facet normal 0.980777 0.19513 0
    outer loop
      vertex -26.3542 50.834 2.5
      vertex -26.24 50.26 5.5
      vertex -26.24 50.26 2.5
    endloop
  endfacet
  facet normal -0.831551 0.555449 0
    outer loop
      vertex -29.1258 50.834 2.5
      vertex -28.8007 51.3207 5.5
      vertex -28.8007 51.3207 2.5
    endloop
  endfacet
  facet normal -0.831551 0.555449 0
    outer loop
      vertex -28.8007 51.3207 5.5
      vertex -29.1258 50.834 2.5
      vertex -29.1258 50.834 5.5
    endloop
  endfacet
  facet normal -0.19513 -0.980777 0
    outer loop
      vertex -28.314 48.8742 2.5
      vertex -27.74 48.76 5.5
      vertex -28.314 48.8742 5.5
    endloop
  endfacet
  facet normal -0.19513 -0.980777 -0
    outer loop
      vertex -27.74 48.76 5.5
      vertex -28.314 48.8742 2.5
      vertex -27.74 48.76 2.5
    endloop
  endfacet
  facet normal 0.19513 -0.980777 0
    outer loop
      vertex -27.74 48.76 2.5
      vertex -27.166 48.8742 5.5
      vertex -27.74 48.76 5.5
    endloop
  endfacet
  facet normal 0.19513 -0.980777 0
    outer loop
      vertex -27.166 48.8742 5.5
      vertex -27.74 48.76 2.5
      vertex -27.166 48.8742 2.5
    endloop
  endfacet
  facet normal 0.555449 -0.831551 0
    outer loop
      vertex -27.166 48.8742 2.5
      vertex -26.6793 49.1993 5.5
      vertex -27.166 48.8742 5.5
    endloop
  endfacet
  facet normal 0.555449 -0.831551 0
    outer loop
      vertex -26.6793 49.1993 5.5
      vertex -27.166 48.8742 2.5
      vertex -26.6793 49.1993 2.5
    endloop
  endfacet
  facet normal 0.831551 -0.555449 0
    outer loop
      vertex -26.6793 49.1993 5.5
      vertex -26.3542 49.686 2.5
      vertex -26.3542 49.686 5.5
    endloop
  endfacet
  facet normal 0.831551 -0.555449 0
    outer loop
      vertex -26.3542 49.686 2.5
      vertex -26.6793 49.1993 5.5
      vertex -26.6793 49.1993 2.5
    endloop
  endfacet
  facet normal -0.980777 0.19513 0
    outer loop
      vertex -29.24 50.26 2.5
      vertex -29.1258 50.834 5.5
      vertex -29.1258 50.834 2.5
    endloop
  endfacet
  facet normal -0.980777 0.19513 0
    outer loop
      vertex -29.1258 50.834 5.5
      vertex -29.24 50.26 2.5
      vertex -29.24 50.26 5.5
    endloop
  endfacet
  facet normal 0.980777 -0.19513 0
    outer loop
      vertex -26.3542 49.686 5.5
      vertex -26.24 50.26 2.5
      vertex -26.24 50.26 5.5
    endloop
  endfacet
  facet normal 0.980777 -0.19513 0
    outer loop
      vertex -26.24 50.26 2.5
      vertex -26.3542 49.686 5.5
      vertex -26.3542 49.686 2.5
    endloop
  endfacet
  facet normal -0.19513 0.980777 0
    outer loop
      vertex -27.74 51.76 2.5
      vertex -28.314 51.6458 5.5
      vertex -27.74 51.76 5.5
    endloop
  endfacet
  facet normal -0.19513 0.980777 0
    outer loop
      vertex -28.314 51.6458 5.5
      vertex -27.74 51.76 2.5
      vertex -28.314 51.6458 2.5
    endloop
  endfacet
  facet normal 0.19513 0.980777 -0
    outer loop
      vertex -27.166 51.6458 2.5
      vertex -27.74 51.76 5.5
      vertex -27.166 51.6458 5.5
    endloop
  endfacet
  facet normal 0.19513 0.980777 0
    outer loop
      vertex -27.74 51.76 5.5
      vertex -27.166 51.6458 2.5
      vertex -27.74 51.76 2.5
    endloop
  endfacet
  facet normal -0.831551 -0.555449 0
    outer loop
      vertex -28.8007 49.1993 2.5
      vertex -29.1258 49.686 5.5
      vertex -29.1258 49.686 2.5
    endloop
  endfacet
  facet normal -0.831551 -0.555449 0
    outer loop
      vertex -29.1258 49.686 5.5
      vertex -28.8007 49.1993 2.5
      vertex -28.8007 49.1993 5.5
    endloop
  endfacet
  facet normal 0 0 1
    outer loop
      vertex -26.74 50.26 5.5
      vertex -26.24 50.26 5.5
      vertex -26.3542 50.834 5.5
    endloop
  endfacet
  facet normal 0 0 1
    outer loop
      vertex -26.874 50.76 5.5
      vertex -26.3542 50.834 5.5
      vertex -26.6793 51.3207 5.5
    endloop
  endfacet
  facet normal 0 0 1
    outer loop
      vertex -26.24 50.26 5.5
      vertex -26.74 50.26 5.5
      vertex -26.3542 49.686 5.5
    endloop
  endfacet
  facet normal -0 0 1
    outer loop
      vertex -26.874 49.76 5.5
      vertex -26.3542 49.686 5.5
      vertex -26.74 50.26 5.5
    endloop
  endfacet
  facet normal 0 0 1
    outer loop
      vertex -26.3542 50.834 5.5
      vertex -26.874 50.76 5.5
      vertex -26.74 50.26 5.5
    endloop
  endfacet
  facet normal 0 0 1
    outer loop
      vertex -27.24 51.126 5.5
      vertex -26.6793 51.3207 5.5
      vertex -27.166 51.6458 5.5
    endloop
  endfacet
  facet normal 0 0 1
    outer loop
      vertex -26.6793 51.3207 5.5
      vertex -27.24 51.126 5.5
      vertex -26.874 50.76 5.5
    endloop
  endfacet
  facet normal 0 0 1
    outer loop
      vertex -27.74 51.26 5.5
      vertex -27.166 51.6458 5.5
      vertex -27.74 51.76 5.5
    endloop
  endfacet
  facet normal 0 0 1
    outer loop
      vertex -27.166 51.6458 5.5
      vertex -27.74 51.26 5.5
      vertex -27.24 51.126 5.5
    endloop
  endfacet
  facet normal -0 0 1
    outer loop
      vertex -28.314 51.6458 5.5
      vertex -27.74 51.26 5.5
      vertex -27.74 51.76 5.5
    endloop
  endfacet
  facet normal 0 0 1
    outer loop
      vertex -27.74 51.26 5.5
      vertex -28.314 51.6458 5.5
      vertex -28.24 51.126 5.5
    endloop
  endfacet
  facet normal -0 0 1
    outer loop
      vertex -28.8007 51.3207 5.5
      vertex -28.24 51.126 5.5
      vertex -28.314 51.6458 5.5
    endloop
  endfacet
  facet normal -0 0 1
    outer loop
      vertex -29.1258 50.834 5.5
      vertex -28.606 50.76 5.5
      vertex -28.8007 51.3207 5.5
    endloop
  endfacet
  facet normal 0 0 1
    outer loop
      vertex -28.24 51.126 5.5
      vertex -28.8007 51.3207 5.5
      vertex -28.606 50.76 5.5
    endloop
  endfacet
  facet normal 0 0 1
    outer loop
      vertex -26.3542 49.686 5.5
      vertex -26.874 49.76 5.5
      vertex -26.6793 49.1993 5.5
    endloop
  endfacet
  facet normal -0 0 1
    outer loop
      vertex -27.24 49.394 5.5
      vertex -26.6793 49.1993 5.5
      vertex -26.874 49.76 5.5
    endloop
  endfacet
  facet normal 0 0 1
    outer loop
      vertex -26.6793 49.1993 5.5
      vertex -27.24 49.394 5.5
      vertex -27.166 48.8742 5.5
    endloop
  endfacet
  facet normal -0 0 1
    outer loop
      vertex -27.74 49.26 5.5
      vertex -27.166 48.8742 5.5
      vertex -27.24 49.394 5.5
    endloop
  endfacet
  facet normal 0 0 1
    outer loop
      vertex -27.74 49.26 5.5
      vertex -27.74 48.76 5.5
      vertex -27.166 48.8742 5.5
    endloop
  endfacet
  facet normal 0 0 1
    outer loop
      vertex -28.314 48.8742 5.5
      vertex -27.74 49.26 5.5
      vertex -28.24 49.394 5.5
    endloop
  endfacet
  facet normal 0 0 1
    outer loop
      vertex -27.74 49.26 5.5
      vertex -28.314 48.8742 5.5
      vertex -27.74 48.76 5.5
    endloop
  endfacet
  facet normal 0 0 1
    outer loop
      vertex -28.8007 49.1993 5.5
      vertex -28.24 49.394 5.5
      vertex -28.606 49.76 5.5
    endloop
  endfacet
  facet normal 0 0 1
    outer loop
      vertex -28.24 49.394 5.5
      vertex -28.8007 49.1993 5.5
      vertex -28.314 48.8742 5.5
    endloop
  endfacet
  facet normal 0 0 1
    outer loop
      vertex -29.1258 49.686 5.5
      vertex -28.606 49.76 5.5
      vertex -28.74 50.26 5.5
    endloop
  endfacet
  facet normal 0 0 1
    outer loop
      vertex -28.606 50.76 5.5
      vertex -29.1258 50.834 5.5
      vertex -28.74 50.26 5.5
    endloop
  endfacet
  facet normal 0 0 1
    outer loop
      vertex -29.24 50.26 5.5
      vertex -28.74 50.26 5.5
      vertex -29.1258 50.834 5.5
    endloop
  endfacet
  facet normal 0 0 1
    outer loop
      vertex -28.606 49.76 5.5
      vertex -29.1258 49.686 5.5
      vertex -28.8007 49.1993 5.5
    endloop
  endfacet
  facet normal 0 0 1
    outer loop
      vertex -28.74 50.26 5.5
      vertex -29.24 50.26 5.5
      vertex -29.1258 49.686 5.5
    endloop
  endfacet
  facet normal 0.555449 0.831551 -0
    outer loop
      vertex -26.6793 51.3207 2.5
      vertex -27.166 51.6458 5.5
      vertex -26.6793 51.3207 5.5
    endloop
  endfacet
  facet normal 0.555449 0.831551 0
    outer loop
      vertex -27.166 51.6458 5.5
      vertex -26.6793 51.3207 2.5
      vertex -27.166 51.6458 2.5
    endloop
  endfacet
  facet normal -0.980777 -0.19513 0
    outer loop
      vertex -29.1258 49.686 2.5
      vertex -29.24 50.26 5.5
      vertex -29.24 50.26 2.5
    endloop
  endfacet
  facet normal -0.980777 -0.19513 0
    outer loop
      vertex -29.24 50.26 5.5
      vertex -29.1258 49.686 2.5
      vertex -29.1258 49.686 5.5
    endloop
  endfacet
  facet normal -0.555449 -0.831551 0
    outer loop
      vertex -28.8007 49.1993 2.5
      vertex -28.314 48.8742 5.5
      vertex -28.8007 49.1993 5.5
    endloop
  endfacet
  facet normal -0.555449 -0.831551 -0
    outer loop
      vertex -28.314 48.8742 5.5
      vertex -28.8007 49.1993 2.5
      vertex -28.314 48.8742 2.5
    endloop
  endfacet
  facet normal 0.965914 0.258865 0
    outer loop
      vertex -28.606 49.76 5.5
      vertex -28.74 50.26 2.5
      vertex -28.74 50.26 5.5
    endloop
  endfacet
  facet normal 0.965914 0.258865 0
    outer loop
      vertex -28.74 50.26 2.5
      vertex -28.606 49.76 5.5
      vertex -28.606 49.76 2.5
    endloop
  endfacet
  facet normal -0.707107 -0.707107 0
    outer loop
      vertex -26.874 50.76 2.5
      vertex -27.24 51.126 5.5
      vertex -27.24 51.126 2.5
    endloop
  endfacet
  facet normal -0.707107 -0.707107 0
    outer loop
      vertex -27.24 51.126 5.5
      vertex -26.874 50.76 2.5
      vertex -26.874 50.76 5.5
    endloop
  endfacet
  facet normal -0.965914 -0.258865 0
    outer loop
      vertex -26.74 50.26 2.5
      vertex -26.874 50.76 5.5
      vertex -26.874 50.76 2.5
    endloop
  endfacet
  facet normal -0.965914 -0.258865 0
    outer loop
      vertex -26.874 50.76 5.5
      vertex -26.74 50.26 2.5
      vertex -26.74 50.26 5.5
    endloop
  endfacet
  facet normal -0.258865 -0.965914 0
    outer loop
      vertex -27.74 51.26 2.5
      vertex -27.24 51.126 5.5
      vertex -27.74 51.26 5.5
    endloop
  endfacet
  facet normal -0.258865 -0.965914 -0
    outer loop
      vertex -27.24 51.126 5.5
      vertex -27.74 51.26 2.5
      vertex -27.24 51.126 2.5
    endloop
  endfacet
  facet normal -0.258865 0.965914 0
    outer loop
      vertex -27.24 49.394 2.5
      vertex -27.74 49.26 5.5
      vertex -27.24 49.394 5.5
    endloop
  endfacet
  facet normal -0.258865 0.965914 0
    outer loop
      vertex -27.74 49.26 5.5
      vertex -27.24 49.394 2.5
      vertex -27.74 49.26 2.5
    endloop
  endfacet
  facet normal -0.965914 0.258865 0
    outer loop
      vertex -26.874 49.76 2.5
      vertex -26.74 50.26 5.5
      vertex -26.74 50.26 2.5
    endloop
  endfacet
  facet normal -0.965914 0.258865 0
    outer loop
      vertex -26.74 50.26 5.5
      vertex -26.874 49.76 2.5
      vertex -26.874 49.76 5.5
    endloop
  endfacet
  facet normal 0.707107 -0.707107 0
    outer loop
      vertex -28.606 50.76 5.5
      vertex -28.24 51.126 2.5
      vertex -28.24 51.126 5.5
    endloop
  endfacet
  facet normal 0.707107 -0.707107 0
    outer loop
      vertex -28.24 51.126 2.5
      vertex -28.606 50.76 5.5
      vertex -28.606 50.76 2.5
    endloop
  endfacet
  facet normal 0.258865 -0.965914 0
    outer loop
      vertex -28.24 51.126 2.5
      vertex -27.74 51.26 5.5
      vertex -28.24 51.126 5.5
    endloop
  endfacet
  facet normal 0.258865 -0.965914 0
    outer loop
      vertex -27.74 51.26 5.5
      vertex -28.24 51.126 2.5
      vertex -27.74 51.26 2.5
    endloop
  endfacet
  facet normal 0.965914 -0.258865 0
    outer loop
      vertex -28.74 50.26 5.5
      vertex -28.606 50.76 2.5
      vertex -28.606 50.76 5.5
    endloop
  endfacet
  facet normal 0.965914 -0.258865 0
    outer loop
      vertex -28.606 50.76 2.5
      vertex -28.74 50.26 5.5
      vertex -28.74 50.26 2.5
    endloop
  endfacet
  facet normal -0.707107 0.707107 0
    outer loop
      vertex -27.24 49.394 2.5
      vertex -26.874 49.76 5.5
      vertex -26.874 49.76 2.5
    endloop
  endfacet
  facet normal -0.707107 0.707107 0
    outer loop
      vertex -26.874 49.76 5.5
      vertex -27.24 49.394 2.5
      vertex -27.24 49.394 5.5
    endloop
  endfacet
  facet normal 0.707107 0.707107 -0
    outer loop
      vertex -28.24 49.394 2.5
      vertex -28.606 49.76 5.5
      vertex -28.24 49.394 5.5
    endloop
  endfacet
  facet normal 0.707107 0.707107 0
    outer loop
      vertex -28.606 49.76 5.5
      vertex -28.24 49.394 2.5
      vertex -28.606 49.76 2.5
    endloop
  endfacet
  facet normal 0.258865 0.965914 -0
    outer loop
      vertex -27.74 49.26 2.5
      vertex -28.24 49.394 5.5
      vertex -27.74 49.26 5.5
    endloop
  endfacet
  facet normal 0.258865 0.965914 0
    outer loop
      vertex -28.24 49.394 5.5
      vertex -27.74 49.26 2.5
      vertex -28.24 49.394 2.5
    endloop
  endfacet
  facet normal -0.555449 0.831551 0
    outer loop
      vertex -22.314 36.6458 2.5
      vertex -22.8007 36.3207 5.5
      vertex -22.314 36.6458 5.5
    endloop
  endfacet
  facet normal -0.555449 0.831551 0
    outer loop
      vertex -22.8007 36.3207 5.5
      vertex -22.314 36.6458 2.5
      vertex -22.8007 36.3207 2.5
    endloop
  endfacet
  facet normal 0.831551 0.555449 0
    outer loop
      vertex -20.3542 35.834 5.5
      vertex -20.6793 36.3207 2.5
      vertex -20.6793 36.3207 5.5
    endloop
  endfacet
  facet normal 0.831551 0.555449 0
    outer loop
      vertex -20.6793 36.3207 2.5
      vertex -20.3542 35.834 5.5
      vertex -20.3542 35.834 2.5
    endloop
  endfacet
  facet normal 0.980777 0.19513 0
    outer loop
      vertex -20.24 35.26 5.5
      vertex -20.3542 35.834 2.5
      vertex -20.3542 35.834 5.5
    endloop
  endfacet
  facet normal 0.980777 0.19513 0
    outer loop
      vertex -20.3542 35.834 2.5
      vertex -20.24 35.26 5.5
      vertex -20.24 35.26 2.5
    endloop
  endfacet
  facet normal -0.831551 0.555449 0
    outer loop
      vertex -23.1258 35.834 2.5
      vertex -22.8007 36.3207 5.5
      vertex -22.8007 36.3207 2.5
    endloop
  endfacet
  facet normal -0.831551 0.555449 0
    outer loop
      vertex -22.8007 36.3207 5.5
      vertex -23.1258 35.834 2.5
      vertex -23.1258 35.834 5.5
    endloop
  endfacet
  facet normal -0.19513 -0.980777 0
    outer loop
      vertex -22.314 33.8742 2.5
      vertex -21.74 33.76 5.5
      vertex -22.314 33.8742 5.5
    endloop
  endfacet
  facet normal -0.19513 -0.980777 -0
    outer loop
      vertex -21.74 33.76 5.5
      vertex -22.314 33.8742 2.5
      vertex -21.74 33.76 2.5
    endloop
  endfacet
  facet normal 0.19513 -0.980777 0
    outer loop
      vertex -21.74 33.76 2.5
      vertex -21.166 33.8742 5.5
      vertex -21.74 33.76 5.5
    endloop
  endfacet
  facet normal 0.19513 -0.980777 0
    outer loop
      vertex -21.166 33.8742 5.5
      vertex -21.74 33.76 2.5
      vertex -21.166 33.8742 2.5
    endloop
  endfacet
  facet normal 0.555449 -0.831551 0
    outer loop
      vertex -21.166 33.8742 2.5
      vertex -20.6793 34.1993 5.5
      vertex -21.166 33.8742 5.5
    endloop
  endfacet
  facet normal 0.555449 -0.831551 0
    outer loop
      vertex -20.6793 34.1993 5.5
      vertex -21.166 33.8742 2.5
      vertex -20.6793 34.1993 2.5
    endloop
  endfacet
  facet normal 0.831551 -0.555449 0
    outer loop
      vertex -20.6793 34.1993 5.5
      vertex -20.3542 34.686 2.5
      vertex -20.3542 34.686 5.5
    endloop
  endfacet
  facet normal 0.831551 -0.555449 0
    outer loop
      vertex -20.3542 34.686 2.5
      vertex -20.6793 34.1993 5.5
      vertex -20.6793 34.1993 2.5
    endloop
  endfacet
  facet normal -0.980777 0.19513 0
    outer loop
      vertex -23.24 35.26 2.5
      vertex -23.1258 35.834 5.5
      vertex -23.1258 35.834 2.5
    endloop
  endfacet
  facet normal -0.980777 0.19513 0
    outer loop
      vertex -23.1258 35.834 5.5
      vertex -23.24 35.26 2.5
      vertex -23.24 35.26 5.5
    endloop
  endfacet
  facet normal 0.980777 -0.19513 0
    outer loop
      vertex -20.3542 34.686 5.5
      vertex -20.24 35.26 2.5
      vertex -20.24 35.26 5.5
    endloop
  endfacet
  facet normal 0.980777 -0.19513 0
    outer loop
      vertex -20.24 35.26 2.5
      vertex -20.3542 34.686 5.5
      vertex -20.3542 34.686 2.5
    endloop
  endfacet
  facet normal -0.19513 0.980777 0
    outer loop
      vertex -21.74 36.76 2.5
      vertex -22.314 36.6458 5.5
      vertex -21.74 36.76 5.5
    endloop
  endfacet
  facet normal -0.19513 0.980777 0
    outer loop
      vertex -22.314 36.6458 5.5
      vertex -21.74 36.76 2.5
      vertex -22.314 36.6458 2.5
    endloop
  endfacet
  facet normal 0.19513 0.980777 -0
    outer loop
      vertex -21.166 36.6458 2.5
      vertex -21.74 36.76 5.5
      vertex -21.166 36.6458 5.5
    endloop
  endfacet
  facet normal 0.19513 0.980777 0
    outer loop
      vertex -21.74 36.76 5.5
      vertex -21.166 36.6458 2.5
      vertex -21.74 36.76 2.5
    endloop
  endfacet
  facet normal -0.831551 -0.555449 0
    outer loop
      vertex -22.8007 34.1993 2.5
      vertex -23.1258 34.686 5.5
      vertex -23.1258 34.686 2.5
    endloop
  endfacet
  facet normal -0.831551 -0.555449 0
    outer loop
      vertex -23.1258 34.686 5.5
      vertex -22.8007 34.1993 2.5
      vertex -22.8007 34.1993 5.5
    endloop
  endfacet
  facet normal 0 0 1
    outer loop
      vertex -20.74 35.26 5.5
      vertex -20.24 35.26 5.5
      vertex -20.3542 35.834 5.5
    endloop
  endfacet
  facet normal 0 0 1
    outer loop
      vertex -20.874 35.76 5.5
      vertex -20.3542 35.834 5.5
      vertex -20.6793 36.3207 5.5
    endloop
  endfacet
  facet normal 0 0 1
    outer loop
      vertex -20.24 35.26 5.5
      vertex -20.74 35.26 5.5
      vertex -20.3542 34.686 5.5
    endloop
  endfacet
  facet normal -0 0 1
    outer loop
      vertex -20.874 34.76 5.5
      vertex -20.3542 34.686 5.5
      vertex -20.74 35.26 5.5
    endloop
  endfacet
  facet normal 0 0 1
    outer loop
      vertex -20.3542 35.834 5.5
      vertex -20.874 35.76 5.5
      vertex -20.74 35.26 5.5
    endloop
  endfacet
  facet normal 0 0 1
    outer loop
      vertex -21.24 36.126 5.5
      vertex -20.6793 36.3207 5.5
      vertex -21.166 36.6458 5.5
    endloop
  endfacet
  facet normal 0 0 1
    outer loop
      vertex -20.6793 36.3207 5.5
      vertex -21.24 36.126 5.5
      vertex -20.874 35.76 5.5
    endloop
  endfacet
  facet normal 0 0 1
    outer loop
      vertex -21.74 36.26 5.5
      vertex -21.166 36.6458 5.5
      vertex -21.74 36.76 5.5
    endloop
  endfacet
  facet normal 0 0 1
    outer loop
      vertex -21.166 36.6458 5.5
      vertex -21.74 36.26 5.5
      vertex -21.24 36.126 5.5
    endloop
  endfacet
  facet normal -0 0 1
    outer loop
      vertex -22.314 36.6458 5.5
      vertex -21.74 36.26 5.5
      vertex -21.74 36.76 5.5
    endloop
  endfacet
  facet normal 0 0 1
    outer loop
      vertex -21.74 36.26 5.5
      vertex -22.314 36.6458 5.5
      vertex -22.24 36.126 5.5
    endloop
  endfacet
  facet normal -0 0 1
    outer loop
      vertex -22.8007 36.3207 5.5
      vertex -22.24 36.126 5.5
      vertex -22.314 36.6458 5.5
    endloop
  endfacet
  facet normal -0 0 1
    outer loop
      vertex -23.1258 35.834 5.5
      vertex -22.606 35.76 5.5
      vertex -22.8007 36.3207 5.5
    endloop
  endfacet
  facet normal 0 0 1
    outer loop
      vertex -22.24 36.126 5.5
      vertex -22.8007 36.3207 5.5
      vertex -22.606 35.76 5.5
    endloop
  endfacet
  facet normal 0 0 1
    outer loop
      vertex -20.3542 34.686 5.5
      vertex -20.874 34.76 5.5
      vertex -20.6793 34.1993 5.5
    endloop
  endfacet
  facet normal -0 0 1
    outer loop
      vertex -21.24 34.394 5.5
      vertex -20.6793 34.1993 5.5
      vertex -20.874 34.76 5.5
    endloop
  endfacet
  facet normal 0 0 1
    outer loop
      vertex -20.6793 34.1993 5.5
      vertex -21.24 34.394 5.5
      vertex -21.166 33.8742 5.5
    endloop
  endfacet
  facet normal -0 0 1
    outer loop
      vertex -21.74 34.26 5.5
      vertex -21.166 33.8742 5.5
      vertex -21.24 34.394 5.5
    endloop
  endfacet
  facet normal 0 0 1
    outer loop
      vertex -21.74 34.26 5.5
      vertex -21.74 33.76 5.5
      vertex -21.166 33.8742 5.5
    endloop
  endfacet
  facet normal 0 0 1
    outer loop
      vertex -22.314 33.8742 5.5
      vertex -21.74 34.26 5.5
      vertex -22.24 34.394 5.5
    endloop
  endfacet
  facet normal 0 0 1
    outer loop
      vertex -21.74 34.26 5.5
      vertex -22.314 33.8742 5.5
      vertex -21.74 33.76 5.5
    endloop
  endfacet
  facet normal 0 0 1
    outer loop
      vertex -22.8007 34.1993 5.5
      vertex -22.24 34.394 5.5
      vertex -22.606 34.76 5.5
    endloop
  endfacet
  facet normal 0 0 1
    outer loop
      vertex -22.24 34.394 5.5
      vertex -22.8007 34.1993 5.5
      vertex -22.314 33.8742 5.5
    endloop
  endfacet
  facet normal 0 0 1
    outer loop
      vertex -23.1258 34.686 5.5
      vertex -22.606 34.76 5.5
      vertex -22.74 35.26 5.5
    endloop
  endfacet
  facet normal 0 0 1
    outer loop
      vertex -22.606 35.76 5.5
      vertex -23.1258 35.834 5.5
      vertex -22.74 35.26 5.5
    endloop
  endfacet
  facet normal 0 0 1
    outer loop
      vertex -23.24 35.26 5.5
      vertex -22.74 35.26 5.5
      vertex -23.1258 35.834 5.5
    endloop
  endfacet
  facet normal 0 0 1
    outer loop
      vertex -22.606 34.76 5.5
      vertex -23.1258 34.686 5.5
      vertex -22.8007 34.1993 5.5
    endloop
  endfacet
  facet normal 0 0 1
    outer loop
      vertex -22.74 35.26 5.5
      vertex -23.24 35.26 5.5
      vertex -23.1258 34.686 5.5
    endloop
  endfacet
  facet normal 0.555449 0.831551 -0
    outer loop
      vertex -20.6793 36.3207 2.5
      vertex -21.166 36.6458 5.5
      vertex -20.6793 36.3207 5.5
    endloop
  endfacet
  facet normal 0.555449 0.831551 0
    outer loop
      vertex -21.166 36.6458 5.5
      vertex -20.6793 36.3207 2.5
      vertex -21.166 36.6458 2.5
    endloop
  endfacet
  facet normal -0.980777 -0.19513 0
    outer loop
      vertex -23.1258 34.686 2.5
      vertex -23.24 35.26 5.5
      vertex -23.24 35.26 2.5
    endloop
  endfacet
  facet normal -0.980777 -0.19513 0
    outer loop
      vertex -23.24 35.26 5.5
      vertex -23.1258 34.686 2.5
      vertex -23.1258 34.686 5.5
    endloop
  endfacet
  facet normal -0.555449 -0.831551 0
    outer loop
      vertex -22.8007 34.1993 2.5
      vertex -22.314 33.8742 5.5
      vertex -22.8007 34.1993 5.5
    endloop
  endfacet
  facet normal -0.555449 -0.831551 -0
    outer loop
      vertex -22.314 33.8742 5.5
      vertex -22.8007 34.1993 2.5
      vertex -22.314 33.8742 2.5
    endloop
  endfacet
  facet normal 0.965914 0.258865 0
    outer loop
      vertex -22.606 34.76 5.5
      vertex -22.74 35.26 2.5
      vertex -22.74 35.26 5.5
    endloop
  endfacet
  facet normal 0.965914 0.258865 0
    outer loop
      vertex -22.74 35.26 2.5
      vertex -22.606 34.76 5.5
      vertex -22.606 34.76 2.5
    endloop
  endfacet
  facet normal -0.707107 -0.707107 0
    outer loop
      vertex -20.874 35.76 2.5
      vertex -21.24 36.126 5.5
      vertex -21.24 36.126 2.5
    endloop
  endfacet
  facet normal -0.707107 -0.707107 0
    outer loop
      vertex -21.24 36.126 5.5
      vertex -20.874 35.76 2.5
      vertex -20.874 35.76 5.5
    endloop
  endfacet
  facet normal -0.965914 -0.258865 0
    outer loop
      vertex -20.74 35.26 2.5
      vertex -20.874 35.76 5.5
      vertex -20.874 35.76 2.5
    endloop
  endfacet
  facet normal -0.965914 -0.258865 0
    outer loop
      vertex -20.874 35.76 5.5
      vertex -20.74 35.26 2.5
      vertex -20.74 35.26 5.5
    endloop
  endfacet
  facet normal -0.258865 -0.965914 0
    outer loop
      vertex -21.74 36.26 2.5
      vertex -21.24 36.126 5.5
      vertex -21.74 36.26 5.5
    endloop
  endfacet
  facet normal -0.258865 -0.965914 -0
    outer loop
      vertex -21.24 36.126 5.5
      vertex -21.74 36.26 2.5
      vertex -21.24 36.126 2.5
    endloop
  endfacet
  facet normal -0.258865 0.965914 0
    outer loop
      vertex -21.24 34.394 2.5
      vertex -21.74 34.26 5.5
      vertex -21.24 34.394 5.5
    endloop
  endfacet
  facet normal -0.258865 0.965914 0
    outer loop
      vertex -21.74 34.26 5.5
      vertex -21.24 34.394 2.5
      vertex -21.74 34.26 2.5
    endloop
  endfacet
  facet normal -0.965914 0.258865 0
    outer loop
      vertex -20.874 34.76 2.5
      vertex -20.74 35.26 5.5
      vertex -20.74 35.26 2.5
    endloop
  endfacet
  facet normal -0.965914 0.258865 0
    outer loop
      vertex -20.74 35.26 5.5
      vertex -20.874 34.76 2.5
      vertex -20.874 34.76 5.5
    endloop
  endfacet
  facet normal 0.707107 -0.707107 0
    outer loop
      vertex -22.606 35.76 5.5
      vertex -22.24 36.126 2.5
      vertex -22.24 36.126 5.5
    endloop
  endfacet
  facet normal 0.707107 -0.707107 0
    outer loop
      vertex -22.24 36.126 2.5
      vertex -22.606 35.76 5.5
      vertex -22.606 35.76 2.5
    endloop
  endfacet
  facet normal 0.258865 -0.965914 0
    outer loop
      vertex -22.24 36.126 2.5
      vertex -21.74 36.26 5.5
      vertex -22.24 36.126 5.5
    endloop
  endfacet
  facet normal 0.258865 -0.965914 0
    outer loop
      vertex -21.74 36.26 5.5
      vertex -22.24 36.126 2.5
      vertex -21.74 36.26 2.5
    endloop
  endfacet
  facet normal 0.965914 -0.258865 0
    outer loop
      vertex -22.74 35.26 5.5
      vertex -22.606 35.76 2.5
      vertex -22.606 35.76 5.5
    endloop
  endfacet
  facet normal 0.965914 -0.258865 0
    outer loop
      vertex -22.606 35.76 2.5
      vertex -22.74 35.26 5.5
      vertex -22.74 35.26 2.5
    endloop
  endfacet
  facet normal -0.707107 0.707107 0
    outer loop
      vertex -21.24 34.394 2.5
      vertex -20.874 34.76 5.5
      vertex -20.874 34.76 2.5
    endloop
  endfacet
  facet normal -0.707107 0.707107 0
    outer loop
      vertex -20.874 34.76 5.5
      vertex -21.24 34.394 2.5
      vertex -21.24 34.394 5.5
    endloop
  endfacet
  facet normal 0.707107 0.707107 -0
    outer loop
      vertex -22.24 34.394 2.5
      vertex -22.606 34.76 5.5
      vertex -22.24 34.394 5.5
    endloop
  endfacet
  facet normal 0.707107 0.707107 0
    outer loop
      vertex -22.606 34.76 5.5
      vertex -22.24 34.394 2.5
      vertex -22.606 34.76 2.5
    endloop
  endfacet
  facet normal 0.258865 0.965914 -0
    outer loop
      vertex -21.74 34.26 2.5
      vertex -22.24 34.394 5.5
      vertex -21.74 34.26 5.5
    endloop
  endfacet
  facet normal 0.258865 0.965914 0
    outer loop
      vertex -22.24 34.394 5.5
      vertex -21.74 34.26 2.5
      vertex -22.24 34.394 2.5
    endloop
  endfacet
  facet normal -0.555449 0.831551 0
    outer loop
      vertex -22.314 51.6458 2.5
      vertex -22.8007 51.3207 5.5
      vertex -22.314 51.6458 5.5
    endloop
  endfacet
  facet normal -0.555449 0.831551 0
    outer loop
      vertex -22.8007 51.3207 5.5
      vertex -22.314 51.6458 2.5
      vertex -22.8007 51.3207 2.5
    endloop
  endfacet
  facet normal 0.831551 0.555449 0
    outer loop
      vertex -20.3542 50.834 5.5
      vertex -20.6793 51.3207 2.5
      vertex -20.6793 51.3207 5.5
    endloop
  endfacet
  facet normal 0.831551 0.555449 0
    outer loop
      vertex -20.6793 51.3207 2.5
      vertex -20.3542 50.834 5.5
      vertex -20.3542 50.834 2.5
    endloop
  endfacet
  facet normal 0.980777 0.19513 0
    outer loop
      vertex -20.24 50.26 5.5
      vertex -20.3542 50.834 2.5
      vertex -20.3542 50.834 5.5
    endloop
  endfacet
  facet normal 0.980777 0.19513 0
    outer loop
      vertex -20.3542 50.834 2.5
      vertex -20.24 50.26 5.5
      vertex -20.24 50.26 2.5
    endloop
  endfacet
  facet normal -0.831551 0.555449 0
    outer loop
      vertex -23.1258 50.834 2.5
      vertex -22.8007 51.3207 5.5
      vertex -22.8007 51.3207 2.5
    endloop
  endfacet
  facet normal -0.831551 0.555449 0
    outer loop
      vertex -22.8007 51.3207 5.5
      vertex -23.1258 50.834 2.5
      vertex -23.1258 50.834 5.5
    endloop
  endfacet
  facet normal -0.19513 -0.980777 0
    outer loop
      vertex -22.314 48.8742 2.5
      vertex -21.74 48.76 5.5
      vertex -22.314 48.8742 5.5
    endloop
  endfacet
  facet normal -0.19513 -0.980777 -0
    outer loop
      vertex -21.74 48.76 5.5
      vertex -22.314 48.8742 2.5
      vertex -21.74 48.76 2.5
    endloop
  endfacet
  facet normal 0.19513 -0.980777 0
    outer loop
      vertex -21.74 48.76 2.5
      vertex -21.166 48.8742 5.5
      vertex -21.74 48.76 5.5
    endloop
  endfacet
  facet normal 0.19513 -0.980777 0
    outer loop
      vertex -21.166 48.8742 5.5
      vertex -21.74 48.76 2.5
      vertex -21.166 48.8742 2.5
    endloop
  endfacet
  facet normal 0.555449 -0.831551 0
    outer loop
      vertex -21.166 48.8742 2.5
      vertex -20.6793 49.1993 5.5
      vertex -21.166 48.8742 5.5
    endloop
  endfacet
  facet normal 0.555449 -0.831551 0
    outer loop
      vertex -20.6793 49.1993 5.5
      vertex -21.166 48.8742 2.5
      vertex -20.6793 49.1993 2.5
    endloop
  endfacet
  facet normal 0.831551 -0.555449 0
    outer loop
      vertex -20.6793 49.1993 5.5
      vertex -20.3542 49.686 2.5
      vertex -20.3542 49.686 5.5
    endloop
  endfacet
  facet normal 0.831551 -0.555449 0
    outer loop
      vertex -20.3542 49.686 2.5
      vertex -20.6793 49.1993 5.5
      vertex -20.6793 49.1993 2.5
    endloop
  endfacet
  facet normal -0.980777 0.19513 0
    outer loop
      vertex -23.24 50.26 2.5
      vertex -23.1258 50.834 5.5
      vertex -23.1258 50.834 2.5
    endloop
  endfacet
  facet normal -0.980777 0.19513 0
    outer loop
      vertex -23.1258 50.834 5.5
      vertex -23.24 50.26 2.5
      vertex -23.24 50.26 5.5
    endloop
  endfacet
  facet normal 0.980777 -0.19513 0
    outer loop
      vertex -20.3542 49.686 5.5
      vertex -20.24 50.26 2.5
      vertex -20.24 50.26 5.5
    endloop
  endfacet
  facet normal 0.980777 -0.19513 0
    outer loop
      vertex -20.24 50.26 2.5
      vertex -20.3542 49.686 5.5
      vertex -20.3542 49.686 2.5
    endloop
  endfacet
  facet normal -0.19513 0.980777 0
    outer loop
      vertex -21.74 51.76 2.5
      vertex -22.314 51.6458 5.5
      vertex -21.74 51.76 5.5
    endloop
  endfacet
  facet normal -0.19513 0.980777 0
    outer loop
      vertex -22.314 51.6458 5.5
      vertex -21.74 51.76 2.5
      vertex -22.314 51.6458 2.5
    endloop
  endfacet
  facet normal 0.19513 0.980777 -0
    outer loop
      vertex -21.166 51.6458 2.5
      vertex -21.74 51.76 5.5
      vertex -21.166 51.6458 5.5
    endloop
  endfacet
  facet normal 0.19513 0.980777 0
    outer loop
      vertex -21.74 51.76 5.5
      vertex -21.166 51.6458 2.5
      vertex -21.74 51.76 2.5
    endloop
  endfacet
  facet normal -0.831551 -0.555449 0
    outer loop
      vertex -22.8007 49.1993 2.5
      vertex -23.1258 49.686 5.5
      vertex -23.1258 49.686 2.5
    endloop
  endfacet
  facet normal -0.831551 -0.555449 0
    outer loop
      vertex -23.1258 49.686 5.5
      vertex -22.8007 49.1993 2.5
      vertex -22.8007 49.1993 5.5
    endloop
  endfacet
  facet normal 0 0 1
    outer loop
      vertex -20.74 50.26 5.5
      vertex -20.24 50.26 5.5
      vertex -20.3542 50.834 5.5
    endloop
  endfacet
  facet normal 0 0 1
    outer loop
      vertex -20.874 50.76 5.5
      vertex -20.3542 50.834 5.5
      vertex -20.6793 51.3207 5.5
    endloop
  endfacet
  facet normal 0 0 1
    outer loop
      vertex -20.24 50.26 5.5
      vertex -20.74 50.26 5.5
      vertex -20.3542 49.686 5.5
    endloop
  endfacet
  facet normal -0 0 1
    outer loop
      vertex -20.874 49.76 5.5
      vertex -20.3542 49.686 5.5
      vertex -20.74 50.26 5.5
    endloop
  endfacet
  facet normal 0 0 1
    outer loop
      vertex -20.3542 50.834 5.5
      vertex -20.874 50.76 5.5
      vertex -20.74 50.26 5.5
    endloop
  endfacet
  facet normal 0 0 1
    outer loop
      vertex -21.24 51.126 5.5
      vertex -20.6793 51.3207 5.5
      vertex -21.166 51.6458 5.5
    endloop
  endfacet
  facet normal 0 0 1
    outer loop
      vertex -20.6793 51.3207 5.5
      vertex -21.24 51.126 5.5
      vertex -20.874 50.76 5.5
    endloop
  endfacet
  facet normal 0 0 1
    outer loop
      vertex -21.74 51.26 5.5
      vertex -21.166 51.6458 5.5
      vertex -21.74 51.76 5.5
    endloop
  endfacet
  facet normal 0 0 1
    outer loop
      vertex -21.166 51.6458 5.5
      vertex -21.74 51.26 5.5
      vertex -21.24 51.126 5.5
    endloop
  endfacet
  facet normal -0 0 1
    outer loop
      vertex -22.314 51.6458 5.5
      vertex -21.74 51.26 5.5
      vertex -21.74 51.76 5.5
    endloop
  endfacet
  facet normal 0 0 1
    outer loop
      vertex -21.74 51.26 5.5
      vertex -22.314 51.6458 5.5
      vertex -22.24 51.126 5.5
    endloop
  endfacet
  facet normal -0 0 1
    outer loop
      vertex -22.8007 51.3207 5.5
      vertex -22.24 51.126 5.5
      vertex -22.314 51.6458 5.5
    endloop
  endfacet
  facet normal -0 0 1
    outer loop
      vertex -23.1258 50.834 5.5
      vertex -22.606 50.76 5.5
      vertex -22.8007 51.3207 5.5
    endloop
  endfacet
  facet normal 0 0 1
    outer loop
      vertex -22.24 51.126 5.5
      vertex -22.8007 51.3207 5.5
      vertex -22.606 50.76 5.5
    endloop
  endfacet
  facet normal 0 0 1
    outer loop
      vertex -20.3542 49.686 5.5
      vertex -20.874 49.76 5.5
      vertex -20.6793 49.1993 5.5
    endloop
  endfacet
  facet normal -0 0 1
    outer loop
      vertex -21.24 49.394 5.5
      vertex -20.6793 49.1993 5.5
      vertex -20.874 49.76 5.5
    endloop
  endfacet
  facet normal 0 0 1
    outer loop
      vertex -20.6793 49.1993 5.5
      vertex -21.24 49.394 5.5
      vertex -21.166 48.8742 5.5
    endloop
  endfacet
  facet normal -0 0 1
    outer loop
      vertex -21.74 49.26 5.5
      vertex -21.166 48.8742 5.5
      vertex -21.24 49.394 5.5
    endloop
  endfacet
  facet normal 0 0 1
    outer loop
      vertex -21.74 49.26 5.5
      vertex -21.74 48.76 5.5
      vertex -21.166 48.8742 5.5
    endloop
  endfacet
  facet normal 0 0 1
    outer loop
      vertex -22.314 48.8742 5.5
      vertex -21.74 49.26 5.5
      vertex -22.24 49.394 5.5
    endloop
  endfacet
  facet normal 0 0 1
    outer loop
      vertex -21.74 49.26 5.5
      vertex -22.314 48.8742 5.5
      vertex -21.74 48.76 5.5
    endloop
  endfacet
  facet normal 0 0 1
    outer loop
      vertex -22.8007 49.1993 5.5
      vertex -22.24 49.394 5.5
      vertex -22.606 49.76 5.5
    endloop
  endfacet
  facet normal 0 0 1
    outer loop
      vertex -22.24 49.394 5.5
      vertex -22.8007 49.1993 5.5
      vertex -22.314 48.8742 5.5
    endloop
  endfacet
  facet normal 0 0 1
    outer loop
      vertex -23.1258 49.686 5.5
      vertex -22.606 49.76 5.5
      vertex -22.74 50.26 5.5
    endloop
  endfacet
  facet normal 0 0 1
    outer loop
      vertex -22.606 50.76 5.5
      vertex -23.1258 50.834 5.5
      vertex -22.74 50.26 5.5
    endloop
  endfacet
  facet normal 0 0 1
    outer loop
      vertex -23.24 50.26 5.5
      vertex -22.74 50.26 5.5
      vertex -23.1258 50.834 5.5
    endloop
  endfacet
  facet normal 0 0 1
    outer loop
      vertex -22.606 49.76 5.5
      vertex -23.1258 49.686 5.5
      vertex -22.8007 49.1993 5.5
    endloop
  endfacet
  facet normal 0 0 1
    outer loop
      vertex -22.74 50.26 5.5
      vertex -23.24 50.26 5.5
      vertex -23.1258 49.686 5.5
    endloop
  endfacet
  facet normal 0.555449 0.831551 -0
    outer loop
      vertex -20.6793 51.3207 2.5
      vertex -21.166 51.6458 5.5
      vertex -20.6793 51.3207 5.5
    endloop
  endfacet
  facet normal 0.555449 0.831551 0
    outer loop
      vertex -21.166 51.6458 5.5
      vertex -20.6793 51.3207 2.5
      vertex -21.166 51.6458 2.5
    endloop
  endfacet
  facet normal -0.980777 -0.19513 0
    outer loop
      vertex -23.1258 49.686 2.5
      vertex -23.24 50.26 5.5
      vertex -23.24 50.26 2.5
    endloop
  endfacet
  facet normal -0.980777 -0.19513 0
    outer loop
      vertex -23.24 50.26 5.5
      vertex -23.1258 49.686 2.5
      vertex -23.1258 49.686 5.5
    endloop
  endfacet
  facet normal -0.555449 -0.831551 0
    outer loop
      vertex -22.8007 49.1993 2.5
      vertex -22.314 48.8742 5.5
      vertex -22.8007 49.1993 5.5
    endloop
  endfacet
  facet normal -0.555449 -0.831551 -0
    outer loop
      vertex -22.314 48.8742 5.5
      vertex -22.8007 49.1993 2.5
      vertex -22.314 48.8742 2.5
    endloop
  endfacet
  facet normal 0.965914 0.258865 0
    outer loop
      vertex -22.606 49.76 5.5
      vertex -22.74 50.26 2.5
      vertex -22.74 50.26 5.5
    endloop
  endfacet
  facet normal 0.965914 0.258865 0
    outer loop
      vertex -22.74 50.26 2.5
      vertex -22.606 49.76 5.5
      vertex -22.606 49.76 2.5
    endloop
  endfacet
  facet normal -0.707107 -0.707107 0
    outer loop
      vertex -20.874 50.76 2.5
      vertex -21.24 51.126 5.5
      vertex -21.24 51.126 2.5
    endloop
  endfacet
  facet normal -0.707107 -0.707107 0
    outer loop
      vertex -21.24 51.126 5.5
      vertex -20.874 50.76 2.5
      vertex -20.874 50.76 5.5
    endloop
  endfacet
  facet normal -0.965914 -0.258865 0
    outer loop
      vertex -20.74 50.26 2.5
      vertex -20.874 50.76 5.5
      vertex -20.874 50.76 2.5
    endloop
  endfacet
  facet normal -0.965914 -0.258865 0
    outer loop
      vertex -20.874 50.76 5.5
      vertex -20.74 50.26 2.5
      vertex -20.74 50.26 5.5
    endloop
  endfacet
  facet normal -0.258865 -0.965914 0
    outer loop
      vertex -21.74 51.26 2.5
      vertex -21.24 51.126 5.5
      vertex -21.74 51.26 5.5
    endloop
  endfacet
  facet normal -0.258865 -0.965914 -0
    outer loop
      vertex -21.24 51.126 5.5
      vertex -21.74 51.26 2.5
      vertex -21.24 51.126 2.5
    endloop
  endfacet
  facet normal -0.258865 0.965914 0
    outer loop
      vertex -21.24 49.394 2.5
      vertex -21.74 49.26 5.5
      vertex -21.24 49.394 5.5
    endloop
  endfacet
  facet normal -0.258865 0.965914 0
    outer loop
      vertex -21.74 49.26 5.5
      vertex -21.24 49.394 2.5
      vertex -21.74 49.26 2.5
    endloop
  endfacet
  facet normal -0.965914 0.258865 0
    outer loop
      vertex -20.874 49.76 2.5
      vertex -20.74 50.26 5.5
      vertex -20.74 50.26 2.5
    endloop
  endfacet
  facet normal -0.965914 0.258865 0
    outer loop
      vertex -20.74 50.26 5.5
      vertex -20.874 49.76 2.5
      vertex -20.874 49.76 5.5
    endloop
  endfacet
  facet normal 0.707107 -0.707107 0
    outer loop
      vertex -22.606 50.76 5.5
      vertex -22.24 51.126 2.5
      vertex -22.24 51.126 5.5
    endloop
  endfacet
  facet normal 0.707107 -0.707107 0
    outer loop
      vertex -22.24 51.126 2.5
      vertex -22.606 50.76 5.5
      vertex -22.606 50.76 2.5
    endloop
  endfacet
  facet normal 0.258865 -0.965914 0
    outer loop
      vertex -22.24 51.126 2.5
      vertex -21.74 51.26 5.5
      vertex -22.24 51.126 5.5
    endloop
  endfacet
  facet normal 0.258865 -0.965914 0
    outer loop
      vertex -21.74 51.26 5.5
      vertex -22.24 51.126 2.5
      vertex -21.74 51.26 2.5
    endloop
  endfacet
  facet normal 0.965914 -0.258865 0
    outer loop
      vertex -22.74 50.26 5.5
      vertex -22.606 50.76 2.5
      vertex -22.606 50.76 5.5
    endloop
  endfacet
  facet normal 0.965914 -0.258865 0
    outer loop
      vertex -22.606 50.76 2.5
      vertex -22.74 50.26 5.5
      vertex -22.74 50.26 2.5
    endloop
  endfacet
  facet normal -0.707107 0.707107 0
    outer loop
      vertex -21.24 49.394 2.5
      vertex -20.874 49.76 5.5
      vertex -20.874 49.76 2.5
    endloop
  endfacet
  facet normal -0.707107 0.707107 0
    outer loop
      vertex -20.874 49.76 5.5
      vertex -21.24 49.394 2.5
      vertex -21.24 49.394 5.5
    endloop
  endfacet
  facet normal 0.707107 0.707107 -0
    outer loop
      vertex -22.24 49.394 2.5
      vertex -22.606 49.76 5.5
      vertex -22.24 49.394 5.5
    endloop
  endfacet
  facet normal 0.707107 0.707107 0
    outer loop
      vertex -22.606 49.76 5.5
      vertex -22.24 49.394 2.5
      vertex -22.606 49.76 2.5
    endloop
  endfacet
  facet normal 0.258865 0.965914 -0
    outer loop
      vertex -21.74 49.26 2.5
      vertex -22.24 49.394 5.5
      vertex -21.74 49.26 5.5
    endloop
  endfacet
  facet normal 0.258865 0.965914 0
    outer loop
      vertex -22.24 49.394 5.5
      vertex -21.74 49.26 2.5
      vertex -22.24 49.394 2.5
    endloop
  endfacet
  facet normal -0.555496 0.831519 0
    outer loop
      vertex -2.31402 36.6458 2.5
      vertex -2.80066 36.3207 5.5
      vertex -2.31402 36.6458 5.5
    endloop
  endfacet
  facet normal -0.555496 0.831519 0
    outer loop
      vertex -2.80066 36.3207 5.5
      vertex -2.31402 36.6458 2.5
      vertex -2.80066 36.3207 2.5
    endloop
  endfacet
  facet normal 0.831504 0.555519 0
    outer loop
      vertex -0.354182 35.834 5.5
      vertex -0.679341 36.3207 2.5
      vertex -0.679341 36.3207 5.5
    endloop
  endfacet
  facet normal 0.831504 0.555519 0
    outer loop
      vertex -0.679341 36.3207 2.5
      vertex -0.354182 35.834 5.5
      vertex -0.354182 35.834 2.5
    endloop
  endfacet
  facet normal 0.980783 0.195101 0
    outer loop
      vertex -0.24 35.26 5.5
      vertex -0.354182 35.834 2.5
      vertex -0.354182 35.834 5.5
    endloop
  endfacet
  facet normal 0.980783 0.195101 0
    outer loop
      vertex -0.354182 35.834 2.5
      vertex -0.24 35.26 5.5
      vertex -0.24 35.26 2.5
    endloop
  endfacet
  facet normal -0.831503 0.55552 0
    outer loop
      vertex -3.12582 35.834 2.5
      vertex -2.80066 36.3207 5.5
      vertex -2.80066 36.3207 2.5
    endloop
  endfacet
  facet normal -0.831503 0.55552 0
    outer loop
      vertex -2.80066 36.3207 5.5
      vertex -3.12582 35.834 2.5
      vertex -3.12582 35.834 5.5
    endloop
  endfacet
  facet normal -0.195124 -0.980779 0
    outer loop
      vertex -2.31402 33.8742 2.5
      vertex -1.74 33.76 5.5
      vertex -2.31402 33.8742 5.5
    endloop
  endfacet
  facet normal -0.195124 -0.980779 -0
    outer loop
      vertex -1.74 33.76 5.5
      vertex -2.31402 33.8742 2.5
      vertex -1.74 33.76 2.5
    endloop
  endfacet
  facet normal 0.195124 -0.980779 0
    outer loop
      vertex -1.74 33.76 2.5
      vertex -1.16598 33.8742 5.5
      vertex -1.74 33.76 5.5
    endloop
  endfacet
  facet normal 0.195124 -0.980779 0
    outer loop
      vertex -1.16598 33.8742 5.5
      vertex -1.74 33.76 2.5
      vertex -1.16598 33.8742 2.5
    endloop
  endfacet
  facet normal 0.555497 -0.831518 0
    outer loop
      vertex -1.16598 33.8742 2.5
      vertex -0.679341 34.1993 5.5
      vertex -1.16598 33.8742 5.5
    endloop
  endfacet
  facet normal 0.555497 -0.831518 0
    outer loop
      vertex -0.679341 34.1993 5.5
      vertex -1.16598 33.8742 2.5
      vertex -0.679341 34.1993 2.5
    endloop
  endfacet
  facet normal 0.831504 -0.555519 0
    outer loop
      vertex -0.679341 34.1993 5.5
      vertex -0.354182 34.686 2.5
      vertex -0.354182 34.686 5.5
    endloop
  endfacet
  facet normal 0.831504 -0.555519 0
    outer loop
      vertex -0.354182 34.686 2.5
      vertex -0.679341 34.1993 5.5
      vertex -0.679341 34.1993 2.5
    endloop
  endfacet
  facet normal -0.980784 0.195097 0
    outer loop
      vertex -3.24 35.26 2.5
      vertex -3.12582 35.834 5.5
      vertex -3.12582 35.834 2.5
    endloop
  endfacet
  facet normal -0.980784 0.195097 0
    outer loop
      vertex -3.12582 35.834 5.5
      vertex -3.24 35.26 2.5
      vertex -3.24 35.26 5.5
    endloop
  endfacet
  facet normal 0.980783 -0.195101 0
    outer loop
      vertex -0.354182 34.686 5.5
      vertex -0.24 35.26 2.5
      vertex -0.24 35.26 5.5
    endloop
  endfacet
  facet normal 0.980783 -0.195101 0
    outer loop
      vertex -0.24 35.26 2.5
      vertex -0.354182 34.686 5.5
      vertex -0.354182 34.686 2.5
    endloop
  endfacet
  facet normal -0.195124 0.980779 0
    outer loop
      vertex -1.74 36.76 2.5
      vertex -2.31402 36.6458 5.5
      vertex -1.74 36.76 5.5
    endloop
  endfacet
  facet normal -0.195124 0.980779 0
    outer loop
      vertex -2.31402 36.6458 5.5
      vertex -1.74 36.76 2.5
      vertex -2.31402 36.6458 2.5
    endloop
  endfacet
  facet normal 0.195124 0.980779 -0
    outer loop
      vertex -1.16598 36.6458 2.5
      vertex -1.74 36.76 5.5
      vertex -1.16598 36.6458 5.5
    endloop
  endfacet
  facet normal 0.195124 0.980779 0
    outer loop
      vertex -1.74 36.76 5.5
      vertex -1.16598 36.6458 2.5
      vertex -1.74 36.76 2.5
    endloop
  endfacet
  facet normal -0.831503 -0.55552 0
    outer loop
      vertex -2.80066 34.1993 2.5
      vertex -3.12582 34.686 5.5
      vertex -3.12582 34.686 2.5
    endloop
  endfacet
  facet normal -0.831503 -0.55552 0
    outer loop
      vertex -3.12582 34.686 5.5
      vertex -2.80066 34.1993 2.5
      vertex -2.80066 34.1993 5.5
    endloop
  endfacet
  facet normal 0 0 1
    outer loop
      vertex -0.74 35.26 5.5
      vertex -0.24 35.26 5.5
      vertex -0.354182 35.834 5.5
    endloop
  endfacet
  facet normal 0 0 1
    outer loop
      vertex -0.873975 35.76 5.5
      vertex -0.354182 35.834 5.5
      vertex -0.679341 36.3207 5.5
    endloop
  endfacet
  facet normal 0 0 1
    outer loop
      vertex -0.24 35.26 5.5
      vertex -0.74 35.26 5.5
      vertex -0.354182 34.686 5.5
    endloop
  endfacet
  facet normal -0 0 1
    outer loop
      vertex -0.873975 34.76 5.5
      vertex -0.354182 34.686 5.5
      vertex -0.74 35.26 5.5
    endloop
  endfacet
  facet normal 0 0 1
    outer loop
      vertex -0.354182 35.834 5.5
      vertex -0.873975 35.76 5.5
      vertex -0.74 35.26 5.5
    endloop
  endfacet
  facet normal 0 0 1
    outer loop
      vertex -1.24 36.126 5.5
      vertex -0.679341 36.3207 5.5
      vertex -1.16598 36.6458 5.5
    endloop
  endfacet
  facet normal 0 0 1
    outer loop
      vertex -0.679341 36.3207 5.5
      vertex -1.24 36.126 5.5
      vertex -0.873975 35.76 5.5
    endloop
  endfacet
  facet normal 0 0 1
    outer loop
      vertex -1.74 36.26 5.5
      vertex -1.16598 36.6458 5.5
      vertex -1.74 36.76 5.5
    endloop
  endfacet
  facet normal 0 0 1
    outer loop
      vertex -1.16598 36.6458 5.5
      vertex -1.74 36.26 5.5
      vertex -1.24 36.126 5.5
    endloop
  endfacet
  facet normal -0 0 1
    outer loop
      vertex -2.31402 36.6458 5.5
      vertex -1.74 36.26 5.5
      vertex -1.74 36.76 5.5
    endloop
  endfacet
  facet normal 0 0 1
    outer loop
      vertex -1.74 36.26 5.5
      vertex -2.31402 36.6458 5.5
      vertex -2.24 36.126 5.5
    endloop
  endfacet
  facet normal -0 0 1
    outer loop
      vertex -2.80066 36.3207 5.5
      vertex -2.24 36.126 5.5
      vertex -2.31402 36.6458 5.5
    endloop
  endfacet
  facet normal -0 0 1
    outer loop
      vertex -3.12582 35.834 5.5
      vertex -2.60602 35.76 5.5
      vertex -2.80066 36.3207 5.5
    endloop
  endfacet
  facet normal 0 0 1
    outer loop
      vertex -2.24 36.126 5.5
      vertex -2.80066 36.3207 5.5
      vertex -2.60602 35.76 5.5
    endloop
  endfacet
  facet normal 0 0 1
    outer loop
      vertex -0.354182 34.686 5.5
      vertex -0.873975 34.76 5.5
      vertex -0.679341 34.1993 5.5
    endloop
  endfacet
  facet normal -0 0 1
    outer loop
      vertex -1.24 34.394 5.5
      vertex -0.679341 34.1993 5.5
      vertex -0.873975 34.76 5.5
    endloop
  endfacet
  facet normal 0 0 1
    outer loop
      vertex -0.679341 34.1993 5.5
      vertex -1.24 34.394 5.5
      vertex -1.16598 33.8742 5.5
    endloop
  endfacet
  facet normal -0 0 1
    outer loop
      vertex -1.74 34.26 5.5
      vertex -1.16598 33.8742 5.5
      vertex -1.24 34.394 5.5
    endloop
  endfacet
  facet normal 0 0 1
    outer loop
      vertex -1.74 34.26 5.5
      vertex -1.74 33.76 5.5
      vertex -1.16598 33.8742 5.5
    endloop
  endfacet
  facet normal 0 0 1
    outer loop
      vertex -2.31402 33.8742 5.5
      vertex -1.74 34.26 5.5
      vertex -2.24 34.394 5.5
    endloop
  endfacet
  facet normal 0 0 1
    outer loop
      vertex -1.74 34.26 5.5
      vertex -2.31402 33.8742 5.5
      vertex -1.74 33.76 5.5
    endloop
  endfacet
  facet normal 0 0 1
    outer loop
      vertex -2.80066 34.1993 5.5
      vertex -2.24 34.394 5.5
      vertex -2.60602 34.76 5.5
    endloop
  endfacet
  facet normal 0 0 1
    outer loop
      vertex -2.24 34.394 5.5
      vertex -2.80066 34.1993 5.5
      vertex -2.31402 33.8742 5.5
    endloop
  endfacet
  facet normal 0 0 1
    outer loop
      vertex -3.12582 34.686 5.5
      vertex -2.60602 34.76 5.5
      vertex -2.74 35.26 5.5
    endloop
  endfacet
  facet normal 0 0 1
    outer loop
      vertex -2.60602 35.76 5.5
      vertex -3.12582 35.834 5.5
      vertex -2.74 35.26 5.5
    endloop
  endfacet
  facet normal 0 0 1
    outer loop
      vertex -3.24 35.26 5.5
      vertex -2.74 35.26 5.5
      vertex -3.12582 35.834 5.5
    endloop
  endfacet
  facet normal 0 0 1
    outer loop
      vertex -2.60602 34.76 5.5
      vertex -3.12582 34.686 5.5
      vertex -2.80066 34.1993 5.5
    endloop
  endfacet
  facet normal 0 0 1
    outer loop
      vertex -2.74 35.26 5.5
      vertex -3.24 35.26 5.5
      vertex -3.12582 34.686 5.5
    endloop
  endfacet
  facet normal 0.555497 0.831518 -0
    outer loop
      vertex -0.679341 36.3207 2.5
      vertex -1.16598 36.6458 5.5
      vertex -0.679341 36.3207 5.5
    endloop
  endfacet
  facet normal 0.555497 0.831518 0
    outer loop
      vertex -1.16598 36.6458 5.5
      vertex -0.679341 36.3207 2.5
      vertex -1.16598 36.6458 2.5
    endloop
  endfacet
  facet normal -0.980784 -0.195097 0
    outer loop
      vertex -3.12582 34.686 2.5
      vertex -3.24 35.26 5.5
      vertex -3.24 35.26 2.5
    endloop
  endfacet
  facet normal -0.980784 -0.195097 0
    outer loop
      vertex -3.24 35.26 5.5
      vertex -3.12582 34.686 2.5
      vertex -3.12582 34.686 5.5
    endloop
  endfacet
  facet normal -0.555496 -0.831519 0
    outer loop
      vertex -2.80066 34.1993 2.5
      vertex -2.31402 33.8742 5.5
      vertex -2.80066 34.1993 5.5
    endloop
  endfacet
  facet normal -0.555496 -0.831519 -0
    outer loop
      vertex -2.31402 33.8742 5.5
      vertex -2.80066 34.1993 2.5
      vertex -2.31402 33.8742 2.5
    endloop
  endfacet
  facet normal 0.965923 0.258829 0
    outer loop
      vertex -2.60602 34.76 5.5
      vertex -2.74 35.26 2.5
      vertex -2.74 35.26 5.5
    endloop
  endfacet
  facet normal 0.965923 0.258829 0
    outer loop
      vertex -2.74 35.26 2.5
      vertex -2.60602 34.76 5.5
      vertex -2.60602 34.76 2.5
    endloop
  endfacet
  facet normal -0.707083 -0.707131 0
    outer loop
      vertex -0.873975 35.76 2.5
      vertex -1.24 36.126 5.5
      vertex -1.24 36.126 2.5
    endloop
  endfacet
  facet normal -0.707083 -0.707131 0
    outer loop
      vertex -1.24 36.126 5.5
      vertex -0.873975 35.76 2.5
      vertex -0.873975 35.76 5.5
    endloop
  endfacet
  facet normal -0.965926 -0.25882 0
    outer loop
      vertex -0.74 35.26 2.5
      vertex -0.873975 35.76 5.5
      vertex -0.873975 35.76 2.5
    endloop
  endfacet
  facet normal -0.965926 -0.25882 0
    outer loop
      vertex -0.873975 35.76 5.5
      vertex -0.74 35.26 2.5
      vertex -0.74 35.26 5.5
    endloop
  endfacet
  facet normal -0.258865 -0.965914 0
    outer loop
      vertex -1.74 36.26 2.5
      vertex -1.24 36.126 5.5
      vertex -1.74 36.26 5.5
    endloop
  endfacet
  facet normal -0.258865 -0.965914 -0
    outer loop
      vertex -1.24 36.126 5.5
      vertex -1.74 36.26 2.5
      vertex -1.24 36.126 2.5
    endloop
  endfacet
  facet normal -0.258865 0.965914 0
    outer loop
      vertex -1.24 34.394 2.5
      vertex -1.74 34.26 5.5
      vertex -1.24 34.394 5.5
    endloop
  endfacet
  facet normal -0.258865 0.965914 0
    outer loop
      vertex -1.74 34.26 5.5
      vertex -1.24 34.394 2.5
      vertex -1.74 34.26 2.5
    endloop
  endfacet
  facet normal -0.965926 0.25882 0
    outer loop
      vertex -0.873975 34.76 2.5
      vertex -0.74 35.26 5.5
      vertex -0.74 35.26 2.5
    endloop
  endfacet
  facet normal -0.965926 0.25882 0
    outer loop
      vertex -0.74 35.26 5.5
      vertex -0.873975 34.76 2.5
      vertex -0.873975 34.76 5.5
    endloop
  endfacet
  facet normal 0.707087 -0.707126 0
    outer loop
      vertex -2.60602 35.76 5.5
      vertex -2.24 36.126 2.5
      vertex -2.24 36.126 5.5
    endloop
  endfacet
  facet normal 0.707087 -0.707126 0
    outer loop
      vertex -2.24 36.126 2.5
      vertex -2.60602 35.76 5.5
      vertex -2.60602 35.76 2.5
    endloop
  endfacet
  facet normal 0.258865 -0.965914 0
    outer loop
      vertex -2.24 36.126 2.5
      vertex -1.74 36.26 5.5
      vertex -2.24 36.126 5.5
    endloop
  endfacet
  facet normal 0.258865 -0.965914 0
    outer loop
      vertex -1.74 36.26 5.5
      vertex -2.24 36.126 2.5
      vertex -1.74 36.26 2.5
    endloop
  endfacet
  facet normal 0.965923 -0.258829 0
    outer loop
      vertex -2.74 35.26 5.5
      vertex -2.60602 35.76 2.5
      vertex -2.60602 35.76 5.5
    endloop
  endfacet
  facet normal 0.965923 -0.258829 0
    outer loop
      vertex -2.60602 35.76 2.5
      vertex -2.74 35.26 5.5
      vertex -2.74 35.26 2.5
    endloop
  endfacet
  facet normal -0.707083 0.707131 0
    outer loop
      vertex -0.873975 34.76 2.5
      vertex -1.24 34.394 5.5
      vertex -0.873975 34.76 5.5
    endloop
  endfacet
  facet normal -0.707083 0.707131 0
    outer loop
      vertex -1.24 34.394 5.5
      vertex -0.873975 34.76 2.5
      vertex -1.24 34.394 2.5
    endloop
  endfacet
  facet normal 0.707087 0.707126 -0
    outer loop
      vertex -2.24 34.394 2.5
      vertex -2.60602 34.76 5.5
      vertex -2.24 34.394 5.5
    endloop
  endfacet
  facet normal 0.707087 0.707126 0
    outer loop
      vertex -2.60602 34.76 5.5
      vertex -2.24 34.394 2.5
      vertex -2.60602 34.76 2.5
    endloop
  endfacet
  facet normal 0.258865 0.965914 -0
    outer loop
      vertex -1.74 34.26 2.5
      vertex -2.24 34.394 5.5
      vertex -1.74 34.26 5.5
    endloop
  endfacet
  facet normal 0.258865 0.965914 0
    outer loop
      vertex -2.24 34.394 5.5
      vertex -1.74 34.26 2.5
      vertex -2.24 34.394 2.5
    endloop
  endfacet
  facet normal -0.555496 0.831519 0
    outer loop
      vertex -2.31402 51.6458 2.5
      vertex -2.80066 51.3207 5.5
      vertex -2.31402 51.6458 5.5
    endloop
  endfacet
  facet normal -0.555496 0.831519 0
    outer loop
      vertex -2.80066 51.3207 5.5
      vertex -2.31402 51.6458 2.5
      vertex -2.80066 51.3207 2.5
    endloop
  endfacet
  facet normal 0.831504 0.555519 0
    outer loop
      vertex -0.354182 50.834 5.5
      vertex -0.679341 51.3207 2.5
      vertex -0.679341 51.3207 5.5
    endloop
  endfacet
  facet normal 0.831504 0.555519 0
    outer loop
      vertex -0.679341 51.3207 2.5
      vertex -0.354182 50.834 5.5
      vertex -0.354182 50.834 2.5
    endloop
  endfacet
  facet normal 0.980783 0.195101 0
    outer loop
      vertex -0.24 50.26 5.5
      vertex -0.354182 50.834 2.5
      vertex -0.354182 50.834 5.5
    endloop
  endfacet
  facet normal 0.980783 0.195101 0
    outer loop
      vertex -0.354182 50.834 2.5
      vertex -0.24 50.26 5.5
      vertex -0.24 50.26 2.5
    endloop
  endfacet
  facet normal -0.831503 0.55552 0
    outer loop
      vertex -3.12582 50.834 2.5
      vertex -2.80066 51.3207 5.5
      vertex -2.80066 51.3207 2.5
    endloop
  endfacet
  facet normal -0.831503 0.55552 0
    outer loop
      vertex -2.80066 51.3207 5.5
      vertex -3.12582 50.834 2.5
      vertex -3.12582 50.834 5.5
    endloop
  endfacet
  facet normal -0.195124 -0.980779 0
    outer loop
      vertex -2.31402 48.8742 2.5
      vertex -1.74 48.76 5.5
      vertex -2.31402 48.8742 5.5
    endloop
  endfacet
  facet normal -0.195124 -0.980779 -0
    outer loop
      vertex -1.74 48.76 5.5
      vertex -2.31402 48.8742 2.5
      vertex -1.74 48.76 2.5
    endloop
  endfacet
  facet normal 0.195124 -0.980779 0
    outer loop
      vertex -1.74 48.76 2.5
      vertex -1.16598 48.8742 5.5
      vertex -1.74 48.76 5.5
    endloop
  endfacet
  facet normal 0.195124 -0.980779 0
    outer loop
      vertex -1.16598 48.8742 5.5
      vertex -1.74 48.76 2.5
      vertex -1.16598 48.8742 2.5
    endloop
  endfacet
  facet normal 0.555497 -0.831518 0
    outer loop
      vertex -1.16598 48.8742 2.5
      vertex -0.679341 49.1993 5.5
      vertex -1.16598 48.8742 5.5
    endloop
  endfacet
  facet normal 0.555497 -0.831518 0
    outer loop
      vertex -0.679341 49.1993 5.5
      vertex -1.16598 48.8742 2.5
      vertex -0.679341 49.1993 2.5
    endloop
  endfacet
  facet normal 0.831504 -0.555519 0
    outer loop
      vertex -0.679341 49.1993 5.5
      vertex -0.354182 49.686 2.5
      vertex -0.354182 49.686 5.5
    endloop
  endfacet
  facet normal 0.831504 -0.555519 0
    outer loop
      vertex -0.354182 49.686 2.5
      vertex -0.679341 49.1993 5.5
      vertex -0.679341 49.1993 2.5
    endloop
  endfacet
  facet normal -0.980784 0.195097 0
    outer loop
      vertex -3.24 50.26 2.5
      vertex -3.12582 50.834 5.5
      vertex -3.12582 50.834 2.5
    endloop
  endfacet
  facet normal -0.980784 0.195097 0
    outer loop
      vertex -3.12582 50.834 5.5
      vertex -3.24 50.26 2.5
      vertex -3.24 50.26 5.5
    endloop
  endfacet
  facet normal 0.980783 -0.195101 0
    outer loop
      vertex -0.354182 49.686 5.5
      vertex -0.24 50.26 2.5
      vertex -0.24 50.26 5.5
    endloop
  endfacet
  facet normal 0.980783 -0.195101 0
    outer loop
      vertex -0.24 50.26 2.5
      vertex -0.354182 49.686 5.5
      vertex -0.354182 49.686 2.5
    endloop
  endfacet
  facet normal -0.195124 0.980779 0
    outer loop
      vertex -1.74 51.76 2.5
      vertex -2.31402 51.6458 5.5
      vertex -1.74 51.76 5.5
    endloop
  endfacet
  facet normal -0.195124 0.980779 0
    outer loop
      vertex -2.31402 51.6458 5.5
      vertex -1.74 51.76 2.5
      vertex -2.31402 51.6458 2.5
    endloop
  endfacet
  facet normal 0.195124 0.980779 -0
    outer loop
      vertex -1.16598 51.6458 2.5
      vertex -1.74 51.76 5.5
      vertex -1.16598 51.6458 5.5
    endloop
  endfacet
  facet normal 0.195124 0.980779 0
    outer loop
      vertex -1.74 51.76 5.5
      vertex -1.16598 51.6458 2.5
      vertex -1.74 51.76 2.5
    endloop
  endfacet
  facet normal -0.831503 -0.55552 0
    outer loop
      vertex -2.80066 49.1993 2.5
      vertex -3.12582 49.686 5.5
      vertex -3.12582 49.686 2.5
    endloop
  endfacet
  facet normal -0.831503 -0.55552 0
    outer loop
      vertex -3.12582 49.686 5.5
      vertex -2.80066 49.1993 2.5
      vertex -2.80066 49.1993 5.5
    endloop
  endfacet
  facet normal 0 0 1
    outer loop
      vertex -0.74 50.26 5.5
      vertex -0.24 50.26 5.5
      vertex -0.354182 50.834 5.5
    endloop
  endfacet
  facet normal 0 0 1
    outer loop
      vertex -0.873975 50.76 5.5
      vertex -0.354182 50.834 5.5
      vertex -0.679341 51.3207 5.5
    endloop
  endfacet
  facet normal 0 0 1
    outer loop
      vertex -0.24 50.26 5.5
      vertex -0.74 50.26 5.5
      vertex -0.354182 49.686 5.5
    endloop
  endfacet
  facet normal -0 0 1
    outer loop
      vertex -0.873975 49.76 5.5
      vertex -0.354182 49.686 5.5
      vertex -0.74 50.26 5.5
    endloop
  endfacet
  facet normal 0 0 1
    outer loop
      vertex -0.354182 50.834 5.5
      vertex -0.873975 50.76 5.5
      vertex -0.74 50.26 5.5
    endloop
  endfacet
  facet normal 0 0 1
    outer loop
      vertex -1.24 51.126 5.5
      vertex -0.679341 51.3207 5.5
      vertex -1.16598 51.6458 5.5
    endloop
  endfacet
  facet normal 0 0 1
    outer loop
      vertex -0.679341 51.3207 5.5
      vertex -1.24 51.126 5.5
      vertex -0.873975 50.76 5.5
    endloop
  endfacet
  facet normal 0 0 1
    outer loop
      vertex -1.74 51.26 5.5
      vertex -1.16598 51.6458 5.5
      vertex -1.74 51.76 5.5
    endloop
  endfacet
  facet normal 0 0 1
    outer loop
      vertex -1.16598 51.6458 5.5
      vertex -1.74 51.26 5.5
      vertex -1.24 51.126 5.5
    endloop
  endfacet
  facet normal -0 0 1
    outer loop
      vertex -2.31402 51.6458 5.5
      vertex -1.74 51.26 5.5
      vertex -1.74 51.76 5.5
    endloop
  endfacet
  facet normal 0 0 1
    outer loop
      vertex -1.74 51.26 5.5
      vertex -2.31402 51.6458 5.5
      vertex -2.24 51.126 5.5
    endloop
  endfacet
  facet normal -0 0 1
    outer loop
      vertex -2.80066 51.3207 5.5
      vertex -2.24 51.126 5.5
      vertex -2.31402 51.6458 5.5
    endloop
  endfacet
  facet normal -0 0 1
    outer loop
      vertex -3.12582 50.834 5.5
      vertex -2.60602 50.76 5.5
      vertex -2.80066 51.3207 5.5
    endloop
  endfacet
  facet normal 0 0 1
    outer loop
      vertex -2.24 51.126 5.5
      vertex -2.80066 51.3207 5.5
      vertex -2.60602 50.76 5.5
    endloop
  endfacet
  facet normal 0 0 1
    outer loop
      vertex -0.354182 49.686 5.5
      vertex -0.873975 49.76 5.5
      vertex -0.679341 49.1993 5.5
    endloop
  endfacet
  facet normal -0 0 1
    outer loop
      vertex -1.24 49.394 5.5
      vertex -0.679341 49.1993 5.5
      vertex -0.873975 49.76 5.5
    endloop
  endfacet
  facet normal 0 0 1
    outer loop
      vertex -0.679341 49.1993 5.5
      vertex -1.24 49.394 5.5
      vertex -1.16598 48.8742 5.5
    endloop
  endfacet
  facet normal -0 0 1
    outer loop
      vertex -1.74 49.26 5.5
      vertex -1.16598 48.8742 5.5
      vertex -1.24 49.394 5.5
    endloop
  endfacet
  facet normal 0 0 1
    outer loop
      vertex -1.74 49.26 5.5
      vertex -1.74 48.76 5.5
      vertex -1.16598 48.8742 5.5
    endloop
  endfacet
  facet normal 0 0 1
    outer loop
      vertex -2.31402 48.8742 5.5
      vertex -1.74 49.26 5.5
      vertex -2.24 49.394 5.5
    endloop
  endfacet
  facet normal 0 0 1
    outer loop
      vertex -1.74 49.26 5.5
      vertex -2.31402 48.8742 5.5
      vertex -1.74 48.76 5.5
    endloop
  endfacet
  facet normal 0 0 1
    outer loop
      vertex -2.80066 49.1993 5.5
      vertex -2.24 49.394 5.5
      vertex -2.60602 49.76 5.5
    endloop
  endfacet
  facet normal 0 0 1
    outer loop
      vertex -2.24 49.394 5.5
      vertex -2.80066 49.1993 5.5
      vertex -2.31402 48.8742 5.5
    endloop
  endfacet
  facet normal 0 0 1
    outer loop
      vertex -3.12582 49.686 5.5
      vertex -2.60602 49.76 5.5
      vertex -2.74 50.26 5.5
    endloop
  endfacet
  facet normal 0 0 1
    outer loop
      vertex -2.60602 50.76 5.5
      vertex -3.12582 50.834 5.5
      vertex -2.74 50.26 5.5
    endloop
  endfacet
  facet normal 0 0 1
    outer loop
      vertex -3.24 50.26 5.5
      vertex -2.74 50.26 5.5
      vertex -3.12582 50.834 5.5
    endloop
  endfacet
  facet normal 0 0 1
    outer loop
      vertex -2.60602 49.76 5.5
      vertex -3.12582 49.686 5.5
      vertex -2.80066 49.1993 5.5
    endloop
  endfacet
  facet normal 0 0 1
    outer loop
      vertex -2.74 50.26 5.5
      vertex -3.24 50.26 5.5
      vertex -3.12582 49.686 5.5
    endloop
  endfacet
  facet normal 0.555497 0.831518 -0
    outer loop
      vertex -0.679341 51.3207 2.5
      vertex -1.16598 51.6458 5.5
      vertex -0.679341 51.3207 5.5
    endloop
  endfacet
  facet normal 0.555497 0.831518 0
    outer loop
      vertex -1.16598 51.6458 5.5
      vertex -0.679341 51.3207 2.5
      vertex -1.16598 51.6458 2.5
    endloop
  endfacet
  facet normal -0.980784 -0.195097 0
    outer loop
      vertex -3.12582 49.686 2.5
      vertex -3.24 50.26 5.5
      vertex -3.24 50.26 2.5
    endloop
  endfacet
  facet normal -0.980784 -0.195097 0
    outer loop
      vertex -3.24 50.26 5.5
      vertex -3.12582 49.686 2.5
      vertex -3.12582 49.686 5.5
    endloop
  endfacet
  facet normal -0.555496 -0.831519 0
    outer loop
      vertex -2.80066 49.1993 2.5
      vertex -2.31402 48.8742 5.5
      vertex -2.80066 49.1993 5.5
    endloop
  endfacet
  facet normal -0.555496 -0.831519 -0
    outer loop
      vertex -2.31402 48.8742 5.5
      vertex -2.80066 49.1993 2.5
      vertex -2.31402 48.8742 2.5
    endloop
  endfacet
  facet normal 0.965923 0.258829 0
    outer loop
      vertex -2.60602 49.76 5.5
      vertex -2.74 50.26 2.5
      vertex -2.74 50.26 5.5
    endloop
  endfacet
  facet normal 0.965923 0.258829 0
    outer loop
      vertex -2.74 50.26 2.5
      vertex -2.60602 49.76 5.5
      vertex -2.60602 49.76 2.5
    endloop
  endfacet
  facet normal -0.707083 -0.707131 0
    outer loop
      vertex -0.873975 50.76 2.5
      vertex -1.24 51.126 5.5
      vertex -1.24 51.126 2.5
    endloop
  endfacet
  facet normal -0.707083 -0.707131 0
    outer loop
      vertex -1.24 51.126 5.5
      vertex -0.873975 50.76 2.5
      vertex -0.873975 50.76 5.5
    endloop
  endfacet
  facet normal -0.965926 -0.25882 0
    outer loop
      vertex -0.74 50.26 2.5
      vertex -0.873975 50.76 5.5
      vertex -0.873975 50.76 2.5
    endloop
  endfacet
  facet normal -0.965926 -0.25882 0
    outer loop
      vertex -0.873975 50.76 5.5
      vertex -0.74 50.26 2.5
      vertex -0.74 50.26 5.5
    endloop
  endfacet
  facet normal -0.258865 -0.965914 0
    outer loop
      vertex -1.74 51.26 2.5
      vertex -1.24 51.126 5.5
      vertex -1.74 51.26 5.5
    endloop
  endfacet
  facet normal -0.258865 -0.965914 -0
    outer loop
      vertex -1.24 51.126 5.5
      vertex -1.74 51.26 2.5
      vertex -1.24 51.126 2.5
    endloop
  endfacet
  facet normal -0.258865 0.965914 0
    outer loop
      vertex -1.24 49.394 2.5
      vertex -1.74 49.26 5.5
      vertex -1.24 49.394 5.5
    endloop
  endfacet
  facet normal -0.258865 0.965914 0
    outer loop
      vertex -1.74 49.26 5.5
      vertex -1.24 49.394 2.5
      vertex -1.74 49.26 2.5
    endloop
  endfacet
  facet normal -0.965926 0.25882 0
    outer loop
      vertex -0.873975 49.76 2.5
      vertex -0.74 50.26 5.5
      vertex -0.74 50.26 2.5
    endloop
  endfacet
  facet normal -0.965926 0.25882 0
    outer loop
      vertex -0.74 50.26 5.5
      vertex -0.873975 49.76 2.5
      vertex -0.873975 49.76 5.5
    endloop
  endfacet
  facet normal 0.707087 -0.707126 0
    outer loop
      vertex -2.60602 50.76 5.5
      vertex -2.24 51.126 2.5
      vertex -2.24 51.126 5.5
    endloop
  endfacet
  facet normal 0.707087 -0.707126 0
    outer loop
      vertex -2.24 51.126 2.5
      vertex -2.60602 50.76 5.5
      vertex -2.60602 50.76 2.5
    endloop
  endfacet
  facet normal 0.258865 -0.965914 0
    outer loop
      vertex -2.24 51.126 2.5
      vertex -1.74 51.26 5.5
      vertex -2.24 51.126 5.5
    endloop
  endfacet
  facet normal 0.258865 -0.965914 0
    outer loop
      vertex -1.74 51.26 5.5
      vertex -2.24 51.126 2.5
      vertex -1.74 51.26 2.5
    endloop
  endfacet
  facet normal 0.965923 -0.258829 0
    outer loop
      vertex -2.74 50.26 5.5
      vertex -2.60602 50.76 2.5
      vertex -2.60602 50.76 5.5
    endloop
  endfacet
  facet normal 0.965923 -0.258829 0
    outer loop
      vertex -2.60602 50.76 2.5
      vertex -2.74 50.26 5.5
      vertex -2.74 50.26 2.5
    endloop
  endfacet
  facet normal -0.707083 0.707131 0
    outer loop
      vertex -0.873975 49.76 2.5
      vertex -1.24 49.394 5.5
      vertex -0.873975 49.76 5.5
    endloop
  endfacet
  facet normal -0.707083 0.707131 0
    outer loop
      vertex -1.24 49.394 5.5
      vertex -0.873975 49.76 2.5
      vertex -1.24 49.394 2.5
    endloop
  endfacet
  facet normal 0.707087 0.707126 -0
    outer loop
      vertex -2.24 49.394 2.5
      vertex -2.60602 49.76 5.5
      vertex -2.24 49.394 5.5
    endloop
  endfacet
  facet normal 0.707087 0.707126 0
    outer loop
      vertex -2.60602 49.76 5.5
      vertex -2.24 49.394 2.5
      vertex -2.60602 49.76 2.5
    endloop
  endfacet
  facet normal 0.258865 0.965914 -0
    outer loop
      vertex -1.74 49.26 2.5
      vertex -2.24 49.394 5.5
      vertex -1.74 49.26 5.5
    endloop
  endfacet
  facet normal 0.258865 0.965914 0
    outer loop
      vertex -2.24 49.394 5.5
      vertex -1.74 49.26 2.5
      vertex -2.24 49.394 2.5
    endloop
  endfacet
  facet normal 0.838749 0.544518 0
    outer loop
      vertex -18.394 -18.76 2.6
      vertex -18.451 -18.6722 2.5
      vertex -18.451 -18.6722 2.6
    endloop
  endfacet
  facet normal 0.838749 0.544518 0
    outer loop
      vertex -18.451 -18.6722 2.5
      vertex -18.394 -18.76 2.6
      vertex -18.394 -18.76 2.5
    endloop
  endfacet
  facet normal -0.933272 0.359171 0
    outer loop
      vertex -53.2111 -18.951 2.5
      vertex -53.1735 -18.8533 2.6
      vertex -53.1735 -18.8533 2.5
    endloop
  endfacet
  facet normal -0.933272 0.359171 0
    outer loop
      vertex -53.1735 -18.8533 2.6
      vertex -53.2111 -18.951 2.5
      vertex -53.2111 -18.951 2.6
    endloop
  endfacet
  facet normal 0.838749 -0.544518 0
    outer loop
      vertex -18.451 -52.8478 2.6
      vertex -18.394 -52.76 2.5
      vertex -18.394 -52.76 2.6
    endloop
  endfacet
  facet normal 0.838749 -0.544518 0
    outer loop
      vertex -18.394 -52.76 2.5
      vertex -18.451 -52.8478 2.6
      vertex -18.451 -52.8478 2.5
    endloop
  endfacet
  facet normal -0.998618 0.0525588 0
    outer loop
      vertex -53.26 -19.26 2.5
      vertex -53.2545 -19.1555 2.6
      vertex -53.2545 -19.1555 2.5
    endloop
  endfacet
  facet normal -0.998618 0.0525588 0
    outer loop
      vertex -53.2545 -19.1555 2.6
      vertex -53.26 -19.26 2.5
      vertex -53.26 -19.26 2.6
    endloop
  endfacet
  facet normal 0.544518 -0.838749 0
    outer loop
      vertex -18.76 -53.126 2.5
      vertex -18.6722 -53.069 2.6
      vertex -18.76 -53.126 2.6
    endloop
  endfacet
  facet normal 0.544518 -0.838749 0
    outer loop
      vertex -18.6722 -53.069 2.6
      vertex -18.76 -53.126 2.5
      vertex -18.6722 -53.069 2.5
    endloop
  endfacet
  facet normal 0.359171 0.933272 -0
    outer loop
      vertex -18.8533 -18.3465 2.5
      vertex -18.951 -18.3089 2.6
      vertex -18.8533 -18.3465 2.6
    endloop
  endfacet
  facet normal 0.359171 0.933272 0
    outer loop
      vertex -18.951 -18.3089 2.6
      vertex -18.8533 -18.3465 2.5
      vertex -18.951 -18.3089 2.5
    endloop
  endfacet
  facet normal -0.707107 0.707107 0
    outer loop
      vertex -53.0031 -18.5909 2.5
      vertex -52.9291 -18.5169 2.6
      vertex -52.9291 -18.5169 2.5
    endloop
  endfacet
  facet normal -0.707107 0.707107 0
    outer loop
      vertex -52.9291 -18.5169 2.6
      vertex -53.0031 -18.5909 2.5
      vertex -53.0031 -18.5909 2.6
    endloop
  endfacet
  facet normal 0 -1 0
    outer loop
      vertex -52.26 -53.26 2.5
      vertex -19.26 -53.26 2.6
      vertex -52.26 -53.26 2.6
    endloop
  endfacet
  facet normal 0 -1 -0
    outer loop
      vertex -19.26 -53.26 2.6
      vertex -52.26 -53.26 2.5
      vertex -19.26 -53.26 2.5
    endloop
  endfacet
  facet normal 0.891156 -0.453697 0
    outer loop
      vertex -18.394 -52.76 2.6
      vertex -18.3465 -52.6667 2.5
      vertex -18.3465 -52.6667 2.6
    endloop
  endfacet
  facet normal 0.891156 -0.453697 0
    outer loop
      vertex -18.3465 -52.6667 2.5
      vertex -18.394 -52.76 2.6
      vertex -18.394 -52.76 2.5
    endloop
  endfacet
  facet normal 1 -0 0
    outer loop
      vertex -18.26 -52.26 2.6
      vertex -18.26 -19.26 2.5
      vertex -18.26 -19.26 2.6
    endloop
  endfacet
  facet normal 1 0 0
    outer loop
      vertex -18.26 -19.26 2.5
      vertex -18.26 -52.26 2.6
      vertex -18.26 -52.26 2.5
    endloop
  endfacet
  facet normal 0.629693 -0.776844 0
    outer loop
      vertex -18.6722 -53.069 2.5
      vertex -18.5909 -53.0031 2.6
      vertex -18.6722 -53.069 2.6
    endloop
  endfacet
  facet normal 0.629693 -0.776844 0
    outer loop
      vertex -18.5909 -53.0031 2.6
      vertex -18.6722 -53.069 2.5
      vertex -18.5909 -53.0031 2.5
    endloop
  endfacet
  facet normal -0.987654 0.156649 0
    outer loop
      vertex -53.2545 -19.1555 2.5
      vertex -53.2381 -19.0521 2.6
      vertex -53.2381 -19.0521 2.5
    endloop
  endfacet
  facet normal -0.987654 0.156649 0
    outer loop
      vertex -53.2381 -19.0521 2.6
      vertex -53.2545 -19.1555 2.5
      vertex -53.2545 -19.1555 2.6
    endloop
  endfacet
  facet normal 0 0 1
    outer loop
      vertex -20.0169 -20.0909 2.6
      vertex -18.26 -19.26 2.6
      vertex -18.2655 -19.1555 2.6
    endloop
  endfacet
  facet normal 0 0 1
    outer loop
      vertex -18.26 -19.26 2.6
      vertex -19.76 -20.76 2.6
      vertex -18.26 -52.26 2.6
    endloop
  endfacet
  facet normal 0 0 1
    outer loop
      vertex -20.0169 -20.0909 2.6
      vertex -18.2655 -19.1555 2.6
      vertex -18.2819 -19.0521 2.6
    endloop
  endfacet
  facet normal -0 0 1
    outer loop
      vertex -19.76 -50.76 2.6
      vertex -18.26 -52.26 2.6
      vertex -19.76 -20.76 2.6
    endloop
  endfacet
  facet normal 0 0 1
    outer loop
      vertex -20.0169 -20.0909 2.6
      vertex -18.2819 -19.0521 2.6
      vertex -18.3089 -18.951 2.6
    endloop
  endfacet
  facet normal -0 0 1
    outer loop
      vertex -19.7655 -50.8645 2.6
      vertex -18.26 -52.26 2.6
      vertex -19.76 -50.76 2.6
    endloop
  endfacet
  facet normal 0 0 1
    outer loop
      vertex -20.0169 -20.0909 2.6
      vertex -18.3089 -18.951 2.6
      vertex -18.3465 -18.8533 2.6
    endloop
  endfacet
  facet normal -0 0 1
    outer loop
      vertex -19.7819 -50.9679 2.6
      vertex -18.26 -52.26 2.6
      vertex -19.7655 -50.8645 2.6
    endloop
  endfacet
  facet normal 0 0 1
    outer loop
      vertex -20.0169 -20.0909 2.6
      vertex -18.3465 -18.8533 2.6
      vertex -18.394 -18.76 2.6
    endloop
  endfacet
  facet normal -0 0 1
    outer loop
      vertex -19.8089 -51.069 2.6
      vertex -18.26 -52.26 2.6
      vertex -19.7819 -50.9679 2.6
    endloop
  endfacet
  facet normal 0 0 1
    outer loop
      vertex -20.0169 -20.0909 2.6
      vertex -18.394 -18.76 2.6
      vertex -18.451 -18.6722 2.6
    endloop
  endfacet
  facet normal -0 0 1
    outer loop
      vertex -19.8465 -51.1667 2.6
      vertex -18.26 -52.26 2.6
      vertex -19.8089 -51.069 2.6
    endloop
  endfacet
  facet normal 0 0 1
    outer loop
      vertex -20.0169 -20.0909 2.6
      vertex -18.451 -18.6722 2.6
      vertex -18.5169 -18.5909 2.6
    endloop
  endfacet
  facet normal -0 0 1
    outer loop
      vertex -19.894 -51.26 2.6
      vertex -18.26 -52.26 2.6
      vertex -19.8465 -51.1667 2.6
    endloop
  endfacet
  facet normal 0 0 1
    outer loop
      vertex -20.0169 -20.0909 2.6
      vertex -18.5169 -18.5909 2.6
      vertex -18.5909 -18.5169 2.6
    endloop
  endfacet
  facet normal -0 0 1
    outer loop
      vertex -19.951 -51.3478 2.6
      vertex -18.26 -52.26 2.6
      vertex -19.894 -51.26 2.6
    endloop
  endfacet
  facet normal 0 0 1
    outer loop
      vertex -20.0169 -20.0909 2.6
      vertex -18.5909 -18.5169 2.6
      vertex -18.6722 -18.451 2.6
    endloop
  endfacet
  facet normal -0 0 1
    outer loop
      vertex -20.0169 -51.4291 2.6
      vertex -18.26 -52.26 2.6
      vertex -19.951 -51.3478 2.6
    endloop
  endfacet
  facet normal 0 0 1
    outer loop
      vertex -20.0169 -20.0909 2.6
      vertex -18.6722 -18.451 2.6
      vertex -18.76 -18.394 2.6
    endloop
  endfacet
  facet normal 0 0 1
    outer loop
      vertex -18.26 -52.26 2.6
      vertex -20.0169 -51.4291 2.6
      vertex -18.2655 -52.3645 2.6
    endloop
  endfacet
  facet normal 0 0 1
    outer loop
      vertex -20.0169 -20.0909 2.6
      vertex -18.76 -18.394 2.6
      vertex -18.8533 -18.3465 2.6
    endloop
  endfacet
  facet normal 0 0 1
    outer loop
      vertex -18.2655 -52.3645 2.6
      vertex -20.0169 -51.4291 2.6
      vertex -18.2819 -52.4679 2.6
    endloop
  endfacet
  facet normal 0 0 1
    outer loop
      vertex -20.0169 -20.0909 2.6
      vertex -18.8533 -18.3465 2.6
      vertex -18.951 -18.3089 2.6
    endloop
  endfacet
  facet normal 0 0 1
    outer loop
      vertex -18.2819 -52.4679 2.6
      vertex -20.0169 -51.4291 2.6
      vertex -18.3089 -52.569 2.6
    endloop
  endfacet
  facet normal 0 0 1
    outer loop
      vertex -20.0169 -20.0909 2.6
      vertex -18.951 -18.3089 2.6
      vertex -19.0521 -18.2819 2.6
    endloop
  endfacet
  facet normal 0 0 1
    outer loop
      vertex -18.3089 -52.569 2.6
      vertex -20.0169 -51.4291 2.6
      vertex -18.3465 -52.6667 2.6
    endloop
  endfacet
  facet normal 0 0 1
    outer loop
      vertex -20.0169 -20.0909 2.6
      vertex -19.0521 -18.2819 2.6
      vertex -19.1555 -18.2655 2.6
    endloop
  endfacet
  facet normal 0 0 1
    outer loop
      vertex -18.3465 -52.6667 2.6
      vertex -20.0169 -51.4291 2.6
      vertex -18.394 -52.76 2.6
    endloop
  endfacet
  facet normal 0 0 1
    outer loop
      vertex -20.0169 -20.0909 2.6
      vertex -19.1555 -18.2655 2.6
      vertex -19.26 -18.26 2.6
    endloop
  endfacet
  facet normal 0 0 1
    outer loop
      vertex -18.394 -52.76 2.6
      vertex -20.0169 -51.4291 2.6
      vertex -18.451 -52.8478 2.6
    endloop
  endfacet
  facet normal 0 0 1
    outer loop
      vertex -18.451 -52.8478 2.6
      vertex -20.0169 -51.4291 2.6
      vertex -18.5169 -52.9291 2.6
    endloop
  endfacet
  facet normal 0 0 1
    outer loop
      vertex -18.26 -19.26 2.6
      vertex -19.7655 -20.6555 2.6
      vertex -19.76 -20.76 2.6
    endloop
  endfacet
  facet normal 0 0 1
    outer loop
      vertex -18.26 -19.26 2.6
      vertex -19.7819 -20.5521 2.6
      vertex -19.7655 -20.6555 2.6
    endloop
  endfacet
  facet normal 0 0 1
    outer loop
      vertex -18.26 -19.26 2.6
      vertex -19.8089 -20.451 2.6
      vertex -19.7819 -20.5521 2.6
    endloop
  endfacet
  facet normal 0 0 1
    outer loop
      vertex -18.26 -19.26 2.6
      vertex -19.8465 -20.3533 2.6
      vertex -19.8089 -20.451 2.6
    endloop
  endfacet
  facet normal 0 0 1
    outer loop
      vertex -18.26 -19.26 2.6
      vertex -19.894 -20.26 2.6
      vertex -19.8465 -20.3533 2.6
    endloop
  endfacet
  facet normal 0 0 1
    outer loop
      vertex -18.26 -19.26 2.6
      vertex -19.951 -20.1722 2.6
      vertex -19.894 -20.26 2.6
    endloop
  endfacet
  facet normal 0 0 1
    outer loop
      vertex -18.26 -19.26 2.6
      vertex -20.0169 -20.0909 2.6
      vertex -19.951 -20.1722 2.6
    endloop
  endfacet
  facet normal 0 0 1
    outer loop
      vertex -19.26 -18.26 2.6
      vertex -20.0909 -20.0169 2.6
      vertex -20.0169 -20.0909 2.6
    endloop
  endfacet
  facet normal 0 0 1
    outer loop
      vertex -19.26 -18.26 2.6
      vertex -20.1722 -19.951 2.6
      vertex -20.0909 -20.0169 2.6
    endloop
  endfacet
  facet normal 0 0 1
    outer loop
      vertex -19.26 -18.26 2.6
      vertex -20.26 -19.894 2.6
      vertex -20.1722 -19.951 2.6
    endloop
  endfacet
  facet normal 0 0 1
    outer loop
      vertex -19.26 -18.26 2.6
      vertex -20.3533 -19.8465 2.6
      vertex -20.26 -19.894 2.6
    endloop
  endfacet
  facet normal 0 0 1
    outer loop
      vertex -19.26 -18.26 2.6
      vertex -20.451 -19.8089 2.6
      vertex -20.3533 -19.8465 2.6
    endloop
  endfacet
  facet normal 0 0 1
    outer loop
      vertex -19.26 -18.26 2.6
      vertex -20.5521 -19.7819 2.6
      vertex -20.451 -19.8089 2.6
    endloop
  endfacet
  facet normal 0 0 1
    outer loop
      vertex -19.26 -18.26 2.6
      vertex -20.6555 -19.7655 2.6
      vertex -20.5521 -19.7819 2.6
    endloop
  endfacet
  facet normal 0 0 1
    outer loop
      vertex -19.26 -18.26 2.6
      vertex -20.76 -19.76 2.6
      vertex -20.6555 -19.7655 2.6
    endloop
  endfacet
  facet normal 0 0 1
    outer loop
      vertex -19.26 -18.26 2.6
      vertex -50.76 -19.76 2.6
      vertex -20.76 -19.76 2.6
    endloop
  endfacet
  facet normal 0 0 1
    outer loop
      vertex -51.7545 -20.6555 2.6
      vertex -53.26 -19.26 2.6
      vertex -51.76 -20.76 2.6
    endloop
  endfacet
  facet normal 0 0 1
    outer loop
      vertex -51.7381 -20.5521 2.6
      vertex -53.26 -19.26 2.6
      vertex -51.7545 -20.6555 2.6
    endloop
  endfacet
  facet normal 0 0 1
    outer loop
      vertex -51.7111 -20.451 2.6
      vertex -53.26 -19.26 2.6
      vertex -51.7381 -20.5521 2.6
    endloop
  endfacet
  facet normal 0 0 1
    outer loop
      vertex -51.6735 -20.3533 2.6
      vertex -53.26 -19.26 2.6
      vertex -51.7111 -20.451 2.6
    endloop
  endfacet
  facet normal 0 0 1
    outer loop
      vertex -51.626 -20.26 2.6
      vertex -53.26 -19.26 2.6
      vertex -51.6735 -20.3533 2.6
    endloop
  endfacet
  facet normal 0 0 1
    outer loop
      vertex -51.569 -20.1722 2.6
      vertex -53.26 -19.26 2.6
      vertex -51.626 -20.26 2.6
    endloop
  endfacet
  facet normal 0 0 1
    outer loop
      vertex -51.5031 -20.0909 2.6
      vertex -53.26 -19.26 2.6
      vertex -51.569 -20.1722 2.6
    endloop
  endfacet
  facet normal -0 0 1
    outer loop
      vertex -53.26 -19.26 2.6
      vertex -51.5031 -20.0909 2.6
      vertex -52.26 -18.26 2.6
    endloop
  endfacet
  facet normal 0 0 1
    outer loop
      vertex -51.4291 -20.0169 2.6
      vertex -52.26 -18.26 2.6
      vertex -51.5031 -20.0909 2.6
    endloop
  endfacet
  facet normal 0 0 1
    outer loop
      vertex -51.3478 -19.951 2.6
      vertex -52.26 -18.26 2.6
      vertex -51.4291 -20.0169 2.6
    endloop
  endfacet
  facet normal 0 0 1
    outer loop
      vertex -51.26 -19.894 2.6
      vertex -52.26 -18.26 2.6
      vertex -51.3478 -19.951 2.6
    endloop
  endfacet
  facet normal 0 0 1
    outer loop
      vertex -51.1667 -19.8465 2.6
      vertex -52.26 -18.26 2.6
      vertex -51.26 -19.894 2.6
    endloop
  endfacet
  facet normal 0 0 1
    outer loop
      vertex -51.069 -19.8089 2.6
      vertex -52.26 -18.26 2.6
      vertex -51.1667 -19.8465 2.6
    endloop
  endfacet
  facet normal 0 0 1
    outer loop
      vertex -50.9679 -19.7819 2.6
      vertex -52.26 -18.26 2.6
      vertex -51.069 -19.8089 2.6
    endloop
  endfacet
  facet normal 0 0 1
    outer loop
      vertex -50.8645 -19.7655 2.6
      vertex -52.26 -18.26 2.6
      vertex -50.9679 -19.7819 2.6
    endloop
  endfacet
  facet normal 0 0 1
    outer loop
      vertex -50.76 -19.76 2.6
      vertex -52.26 -18.26 2.6
      vertex -50.8645 -19.7655 2.6
    endloop
  endfacet
  facet normal -0 0 1
    outer loop
      vertex -52.26 -18.26 2.6
      vertex -50.76 -19.76 2.6
      vertex -19.26 -18.26 2.6
    endloop
  endfacet
  facet normal 0 0 1
    outer loop
      vertex -18.5169 -52.9291 2.6
      vertex -20.0169 -51.4291 2.6
      vertex -18.5909 -53.0031 2.6
    endloop
  endfacet
  facet normal 0 0 1
    outer loop
      vertex -18.5909 -53.0031 2.6
      vertex -20.0169 -51.4291 2.6
      vertex -18.6722 -53.069 2.6
    endloop
  endfacet
  facet normal 0 0 1
    outer loop
      vertex -18.6722 -53.069 2.6
      vertex -20.0169 -51.4291 2.6
      vertex -18.76 -53.126 2.6
    endloop
  endfacet
  facet normal 0 0 1
    outer loop
      vertex -18.76 -53.126 2.6
      vertex -20.0169 -51.4291 2.6
      vertex -18.8533 -53.1735 2.6
    endloop
  endfacet
  facet normal 0 0 1
    outer loop
      vertex -18.8533 -53.1735 2.6
      vertex -20.0169 -51.4291 2.6
      vertex -18.951 -53.2111 2.6
    endloop
  endfacet
  facet normal 0 0 1
    outer loop
      vertex -18.951 -53.2111 2.6
      vertex -20.0169 -51.4291 2.6
      vertex -19.0521 -53.2381 2.6
    endloop
  endfacet
  facet normal 0 0 1
    outer loop
      vertex -19.0521 -53.2381 2.6
      vertex -20.0169 -51.4291 2.6
      vertex -19.1555 -53.2545 2.6
    endloop
  endfacet
  facet normal 0 0 1
    outer loop
      vertex -19.1555 -53.2545 2.6
      vertex -20.0169 -51.4291 2.6
      vertex -19.26 -53.26 2.6
    endloop
  endfacet
  facet normal -0 0 1
    outer loop
      vertex -20.0909 -51.5031 2.6
      vertex -19.26 -53.26 2.6
      vertex -20.0169 -51.4291 2.6
    endloop
  endfacet
  facet normal -0 0 1
    outer loop
      vertex -20.1722 -51.569 2.6
      vertex -19.26 -53.26 2.6
      vertex -20.0909 -51.5031 2.6
    endloop
  endfacet
  facet normal -0 0 1
    outer loop
      vertex -20.26 -51.626 2.6
      vertex -19.26 -53.26 2.6
      vertex -20.1722 -51.569 2.6
    endloop
  endfacet
  facet normal -0 0 1
    outer loop
      vertex -20.3533 -51.6735 2.6
      vertex -19.26 -53.26 2.6
      vertex -20.26 -51.626 2.6
    endloop
  endfacet
  facet normal -0 0 1
    outer loop
      vertex -20.451 -51.7111 2.6
      vertex -19.26 -53.26 2.6
      vertex -20.3533 -51.6735 2.6
    endloop
  endfacet
  facet normal -0 0 1
    outer loop
      vertex -20.5521 -51.7381 2.6
      vertex -19.26 -53.26 2.6
      vertex -20.451 -51.7111 2.6
    endloop
  endfacet
  facet normal -0 0 1
    outer loop
      vertex -20.6555 -51.7545 2.6
      vertex -19.26 -53.26 2.6
      vertex -20.5521 -51.7381 2.6
    endloop
  endfacet
  facet normal -0 0 1
    outer loop
      vertex -20.76 -51.76 2.6
      vertex -19.26 -53.26 2.6
      vertex -20.6555 -51.7545 2.6
    endloop
  endfacet
  facet normal -0 0 1
    outer loop
      vertex -50.76 -51.76 2.6
      vertex -19.26 -53.26 2.6
      vertex -20.76 -51.76 2.6
    endloop
  endfacet
  facet normal 0 0 1
    outer loop
      vertex -50.76 -51.76 2.6
      vertex -52.26 -53.26 2.6
      vertex -19.26 -53.26 2.6
    endloop
  endfacet
  facet normal 0 0 1
    outer loop
      vertex -50.8645 -51.7545 2.6
      vertex -52.26 -53.26 2.6
      vertex -50.76 -51.76 2.6
    endloop
  endfacet
  facet normal 0 0 1
    outer loop
      vertex -50.9679 -51.7381 2.6
      vertex -52.26 -53.26 2.6
      vertex -50.8645 -51.7545 2.6
    endloop
  endfacet
  facet normal 0 0 1
    outer loop
      vertex -51.069 -51.7111 2.6
      vertex -52.26 -53.26 2.6
      vertex -50.9679 -51.7381 2.6
    endloop
  endfacet
  facet normal 0 0 1
    outer loop
      vertex -51.1667 -51.6735 2.6
      vertex -52.26 -53.26 2.6
      vertex -51.069 -51.7111 2.6
    endloop
  endfacet
  facet normal 0 0 1
    outer loop
      vertex -51.26 -51.626 2.6
      vertex -52.26 -53.26 2.6
      vertex -51.1667 -51.6735 2.6
    endloop
  endfacet
  facet normal 0 0 1
    outer loop
      vertex -51.3478 -51.569 2.6
      vertex -52.26 -53.26 2.6
      vertex -51.26 -51.626 2.6
    endloop
  endfacet
  facet normal 0 0 1
    outer loop
      vertex -51.4291 -51.5031 2.6
      vertex -52.26 -53.26 2.6
      vertex -51.3478 -51.569 2.6
    endloop
  endfacet
  facet normal 0 0 1
    outer loop
      vertex -51.5031 -51.4291 2.6
      vertex -52.26 -53.26 2.6
      vertex -51.4291 -51.5031 2.6
    endloop
  endfacet
  facet normal 0 0 1
    outer loop
      vertex -53.26 -52.26 2.6
      vertex -51.5031 -51.4291 2.6
      vertex -51.569 -51.3478 2.6
    endloop
  endfacet
  facet normal 0 0 1
    outer loop
      vertex -53.26 -52.26 2.6
      vertex -51.569 -51.3478 2.6
      vertex -51.626 -51.26 2.6
    endloop
  endfacet
  facet normal 0 0 1
    outer loop
      vertex -53.26 -52.26 2.6
      vertex -51.626 -51.26 2.6
      vertex -51.6735 -51.1667 2.6
    endloop
  endfacet
  facet normal 0 0 1
    outer loop
      vertex -53.26 -52.26 2.6
      vertex -51.6735 -51.1667 2.6
      vertex -51.7111 -51.069 2.6
    endloop
  endfacet
  facet normal 0 0 1
    outer loop
      vertex -53.26 -52.26 2.6
      vertex -51.7111 -51.069 2.6
      vertex -51.7381 -50.9679 2.6
    endloop
  endfacet
  facet normal 0 0 1
    outer loop
      vertex -53.26 -52.26 2.6
      vertex -51.7381 -50.9679 2.6
      vertex -51.7545 -50.8645 2.6
    endloop
  endfacet
  facet normal 0 0 1
    outer loop
      vertex -53.26 -52.26 2.6
      vertex -51.7545 -50.8645 2.6
      vertex -51.76 -50.76 2.6
    endloop
  endfacet
  facet normal 0 0 1
    outer loop
      vertex -51.76 -20.76 2.6
      vertex -53.26 -19.26 2.6
      vertex -51.76 -50.76 2.6
    endloop
  endfacet
  facet normal 0 0 1
    outer loop
      vertex -53.26 -19.26 2.6
      vertex -52.26 -18.26 2.6
      vertex -52.3645 -18.2655 2.6
    endloop
  endfacet
  facet normal 0 0 1
    outer loop
      vertex -53.26 -52.26 2.6
      vertex -51.76 -50.76 2.6
      vertex -53.26 -19.26 2.6
    endloop
  endfacet
  facet normal 0 0 1
    outer loop
      vertex -53.26 -19.26 2.6
      vertex -52.3645 -18.2655 2.6
      vertex -52.4679 -18.2819 2.6
    endloop
  endfacet
  facet normal 0 0 1
    outer loop
      vertex -51.5031 -51.4291 2.6
      vertex -53.26 -52.26 2.6
      vertex -52.26 -53.26 2.6
    endloop
  endfacet
  facet normal 0 0 1
    outer loop
      vertex -53.26 -19.26 2.6
      vertex -52.4679 -18.2819 2.6
      vertex -52.569 -18.3089 2.6
    endloop
  endfacet
  facet normal 0 0 1
    outer loop
      vertex -52.26 -53.26 2.6
      vertex -53.26 -52.26 2.6
      vertex -52.3645 -53.2545 2.6
    endloop
  endfacet
  facet normal 0 0 1
    outer loop
      vertex -53.26 -19.26 2.6
      vertex -52.569 -18.3089 2.6
      vertex -52.6667 -18.3465 2.6
    endloop
  endfacet
  facet normal 0 0 1
    outer loop
      vertex -52.3645 -53.2545 2.6
      vertex -53.26 -52.26 2.6
      vertex -52.4679 -53.2381 2.6
    endloop
  endfacet
  facet normal 0 0 1
    outer loop
      vertex -53.26 -19.26 2.6
      vertex -52.6667 -18.3465 2.6
      vertex -52.76 -18.394 2.6
    endloop
  endfacet
  facet normal 0 0 1
    outer loop
      vertex -52.4679 -53.2381 2.6
      vertex -53.26 -52.26 2.6
      vertex -52.569 -53.2111 2.6
    endloop
  endfacet
  facet normal 0 0 1
    outer loop
      vertex -53.26 -19.26 2.6
      vertex -52.76 -18.394 2.6
      vertex -52.8478 -18.451 2.6
    endloop
  endfacet
  facet normal 0 0 1
    outer loop
      vertex -52.569 -53.2111 2.6
      vertex -53.26 -52.26 2.6
      vertex -52.6667 -53.1735 2.6
    endloop
  endfacet
  facet normal 0 0 1
    outer loop
      vertex -53.26 -19.26 2.6
      vertex -52.8478 -18.451 2.6
      vertex -52.9291 -18.5169 2.6
    endloop
  endfacet
  facet normal 0 0 1
    outer loop
      vertex -52.6667 -53.1735 2.6
      vertex -53.26 -52.26 2.6
      vertex -52.76 -53.126 2.6
    endloop
  endfacet
  facet normal 0 0 1
    outer loop
      vertex -53.26 -19.26 2.6
      vertex -52.9291 -18.5169 2.6
      vertex -53.0031 -18.5909 2.6
    endloop
  endfacet
  facet normal 0 0 1
    outer loop
      vertex -52.76 -53.126 2.6
      vertex -53.26 -52.26 2.6
      vertex -52.8478 -53.069 2.6
    endloop
  endfacet
  facet normal 0 0 1
    outer loop
      vertex -53.26 -19.26 2.6
      vertex -53.0031 -18.5909 2.6
      vertex -53.069 -18.6722 2.6
    endloop
  endfacet
  facet normal 0 0 1
    outer loop
      vertex -52.8478 -53.069 2.6
      vertex -53.26 -52.26 2.6
      vertex -52.9291 -53.0031 2.6
    endloop
  endfacet
  facet normal 0 0 1
    outer loop
      vertex -53.26 -19.26 2.6
      vertex -53.069 -18.6722 2.6
      vertex -53.126 -18.76 2.6
    endloop
  endfacet
  facet normal 0 0 1
    outer loop
      vertex -52.9291 -53.0031 2.6
      vertex -53.26 -52.26 2.6
      vertex -53.0031 -52.9291 2.6
    endloop
  endfacet
  facet normal 0 0 1
    outer loop
      vertex -53.26 -19.26 2.6
      vertex -53.126 -18.76 2.6
      vertex -53.1735 -18.8533 2.6
    endloop
  endfacet
  facet normal 0 0 1
    outer loop
      vertex -53.0031 -52.9291 2.6
      vertex -53.26 -52.26 2.6
      vertex -53.069 -52.8478 2.6
    endloop
  endfacet
  facet normal 0 0 1
    outer loop
      vertex -53.26 -19.26 2.6
      vertex -53.1735 -18.8533 2.6
      vertex -53.2111 -18.951 2.6
    endloop
  endfacet
  facet normal 0 0 1
    outer loop
      vertex -53.069 -52.8478 2.6
      vertex -53.26 -52.26 2.6
      vertex -53.126 -52.76 2.6
    endloop
  endfacet
  facet normal 0 0 1
    outer loop
      vertex -53.26 -19.26 2.6
      vertex -53.2111 -18.951 2.6
      vertex -53.2381 -19.0521 2.6
    endloop
  endfacet
  facet normal 0 0 1
    outer loop
      vertex -53.126 -52.76 2.6
      vertex -53.26 -52.26 2.6
      vertex -53.1735 -52.6667 2.6
    endloop
  endfacet
  facet normal 0 0 1
    outer loop
      vertex -53.26 -19.26 2.6
      vertex -53.2381 -19.0521 2.6
      vertex -53.2545 -19.1555 2.6
    endloop
  endfacet
  facet normal 0 0 1
    outer loop
      vertex -53.1735 -52.6667 2.6
      vertex -53.26 -52.26 2.6
      vertex -53.2111 -52.569 2.6
    endloop
  endfacet
  facet normal 0 0 1
    outer loop
      vertex -53.2111 -52.569 2.6
      vertex -53.26 -52.26 2.6
      vertex -53.2381 -52.4679 2.6
    endloop
  endfacet
  facet normal 0 0 1
    outer loop
      vertex -53.2381 -52.4679 2.6
      vertex -53.26 -52.26 2.6
      vertex -53.2545 -52.3645 2.6
    endloop
  endfacet
  facet normal 0.987654 -0.156649 0
    outer loop
      vertex -18.2819 -52.4679 2.6
      vertex -18.2655 -52.3645 2.5
      vertex -18.2655 -52.3645 2.6
    endloop
  endfacet
  facet normal 0.987654 -0.156649 0
    outer loop
      vertex -18.2655 -52.3645 2.5
      vertex -18.2819 -52.4679 2.6
      vertex -18.2819 -52.4679 2.5
    endloop
  endfacet
  facet normal -0.838749 -0.544518 0
    outer loop
      vertex -53.069 -52.8478 2.5
      vertex -53.126 -52.76 2.6
      vertex -53.126 -52.76 2.5
    endloop
  endfacet
  facet normal -0.838749 -0.544518 0
    outer loop
      vertex -53.126 -52.76 2.6
      vertex -53.069 -52.8478 2.5
      vertex -53.069 -52.8478 2.6
    endloop
  endfacet
  facet normal 0.707107 -0.707107 0
    outer loop
      vertex -18.5909 -53.0031 2.5
      vertex -18.5169 -52.9291 2.6
      vertex -18.5909 -53.0031 2.6
    endloop
  endfacet
  facet normal 0.707107 -0.707107 0
    outer loop
      vertex -18.5169 -52.9291 2.6
      vertex -18.5909 -53.0031 2.5
      vertex -18.5169 -52.9291 2.5
    endloop
  endfacet
  facet normal -0.25802 0.96614 0
    outer loop
      vertex -52.4679 -18.2819 2.5
      vertex -52.569 -18.3089 2.6
      vertex -52.4679 -18.2819 2.6
    endloop
  endfacet
  facet normal -0.25802 0.96614 0
    outer loop
      vertex -52.569 -18.3089 2.6
      vertex -52.4679 -18.2819 2.5
      vertex -52.569 -18.3089 2.5
    endloop
  endfacet
  facet normal -0.933272 -0.359171 0
    outer loop
      vertex -53.1735 -52.6667 2.5
      vertex -53.2111 -52.569 2.6
      vertex -53.2111 -52.569 2.5
    endloop
  endfacet
  facet normal -0.933272 -0.359171 0
    outer loop
      vertex -53.2111 -52.569 2.6
      vertex -53.1735 -52.6667 2.5
      vertex -53.1735 -52.6667 2.6
    endloop
  endfacet
  facet normal 0.25802 0.96614 -0
    outer loop
      vertex -18.951 -18.3089 2.5
      vertex -19.0521 -18.2819 2.6
      vertex -18.951 -18.3089 2.6
    endloop
  endfacet
  facet normal 0.25802 0.96614 0
    outer loop
      vertex -19.0521 -18.2819 2.6
      vertex -18.951 -18.3089 2.5
      vertex -19.0521 -18.2819 2.5
    endloop
  endfacet
  facet normal 0.156649 0.987654 -0
    outer loop
      vertex -19.0521 -18.2819 2.5
      vertex -19.1555 -18.2655 2.6
      vertex -19.0521 -18.2819 2.6
    endloop
  endfacet
  facet normal 0.156649 0.987654 0
    outer loop
      vertex -19.1555 -18.2655 2.6
      vertex -19.0521 -18.2819 2.5
      vertex -19.1555 -18.2655 2.5
    endloop
  endfacet
  facet normal 0.96614 0.25802 0
    outer loop
      vertex -18.2819 -19.0521 2.6
      vertex -18.3089 -18.951 2.5
      vertex -18.3089 -18.951 2.6
    endloop
  endfacet
  facet normal 0.96614 0.25802 0
    outer loop
      vertex -18.3089 -18.951 2.5
      vertex -18.2819 -19.0521 2.6
      vertex -18.2819 -19.0521 2.5
    endloop
  endfacet
  facet normal 0.776844 -0.629693 0
    outer loop
      vertex -18.5169 -52.9291 2.6
      vertex -18.451 -52.8478 2.5
      vertex -18.451 -52.8478 2.6
    endloop
  endfacet
  facet normal 0.776844 -0.629693 0
    outer loop
      vertex -18.451 -52.8478 2.5
      vertex -18.5169 -52.9291 2.6
      vertex -18.5169 -52.9291 2.5
    endloop
  endfacet
  facet normal 0.707107 0.707107 0
    outer loop
      vertex -18.5169 -18.5909 2.6
      vertex -18.5909 -18.5169 2.5
      vertex -18.5909 -18.5169 2.6
    endloop
  endfacet
  facet normal 0.707107 0.707107 0
    outer loop
      vertex -18.5909 -18.5169 2.5
      vertex -18.5169 -18.5909 2.6
      vertex -18.5169 -18.5909 2.5
    endloop
  endfacet
  facet normal 0.96614 -0.25802 0
    outer loop
      vertex -18.3089 -52.569 2.6
      vertex -18.2819 -52.4679 2.5
      vertex -18.2819 -52.4679 2.6
    endloop
  endfacet
  facet normal 0.96614 -0.25802 0
    outer loop
      vertex -18.2819 -52.4679 2.5
      vertex -18.3089 -52.569 2.6
      vertex -18.3089 -52.569 2.5
    endloop
  endfacet
  facet normal 0.998618 -0.0525588 0
    outer loop
      vertex -18.2655 -52.3645 2.6
      vertex -18.26 -52.26 2.5
      vertex -18.26 -52.26 2.6
    endloop
  endfacet
  facet normal 0.998618 -0.0525588 0
    outer loop
      vertex -18.26 -52.26 2.5
      vertex -18.2655 -52.3645 2.6
      vertex -18.2655 -52.3645 2.5
    endloop
  endfacet
  facet normal 0.933272 -0.359171 0
    outer loop
      vertex -18.3465 -52.6667 2.6
      vertex -18.3089 -52.569 2.5
      vertex -18.3089 -52.569 2.6
    endloop
  endfacet
  facet normal 0.933272 -0.359171 0
    outer loop
      vertex -18.3089 -52.569 2.5
      vertex -18.3465 -52.6667 2.6
      vertex -18.3465 -52.6667 2.5
    endloop
  endfacet
  facet normal 0.453697 -0.891156 0
    outer loop
      vertex -18.8533 -53.1735 2.5
      vertex -18.76 -53.126 2.6
      vertex -18.8533 -53.1735 2.6
    endloop
  endfacet
  facet normal 0.453697 -0.891156 0
    outer loop
      vertex -18.76 -53.126 2.6
      vertex -18.8533 -53.1735 2.5
      vertex -18.76 -53.126 2.5
    endloop
  endfacet
  facet normal 0.544518 0.838749 -0
    outer loop
      vertex -18.6722 -18.451 2.5
      vertex -18.76 -18.394 2.6
      vertex -18.6722 -18.451 2.6
    endloop
  endfacet
  facet normal 0.544518 0.838749 0
    outer loop
      vertex -18.76 -18.394 2.6
      vertex -18.6722 -18.451 2.5
      vertex -18.76 -18.394 2.5
    endloop
  endfacet
  facet normal -0.156649 -0.987654 0
    outer loop
      vertex -52.4679 -53.2381 2.5
      vertex -52.3645 -53.2545 2.6
      vertex -52.4679 -53.2381 2.6
    endloop
  endfacet
  facet normal -0.156649 -0.987654 -0
    outer loop
      vertex -52.3645 -53.2545 2.6
      vertex -52.4679 -53.2381 2.5
      vertex -52.3645 -53.2545 2.5
    endloop
  endfacet
  facet normal 0.629693 0.776844 -0
    outer loop
      vertex -18.5909 -18.5169 2.5
      vertex -18.6722 -18.451 2.6
      vertex -18.5909 -18.5169 2.6
    endloop
  endfacet
  facet normal 0.629693 0.776844 0
    outer loop
      vertex -18.6722 -18.451 2.6
      vertex -18.5909 -18.5169 2.5
      vertex -18.6722 -18.451 2.5
    endloop
  endfacet
  facet normal 0.891156 0.453697 0
    outer loop
      vertex -18.3465 -18.8533 2.6
      vertex -18.394 -18.76 2.5
      vertex -18.394 -18.76 2.6
    endloop
  endfacet
  facet normal 0.891156 0.453697 0
    outer loop
      vertex -18.394 -18.76 2.5
      vertex -18.3465 -18.8533 2.6
      vertex -18.3465 -18.8533 2.5
    endloop
  endfacet
  facet normal 0 1 -0
    outer loop
      vertex -19.26 -18.26 2.5
      vertex -52.26 -18.26 2.6
      vertex -19.26 -18.26 2.6
    endloop
  endfacet
  facet normal 0 1 0
    outer loop
      vertex -52.26 -18.26 2.6
      vertex -19.26 -18.26 2.5
      vertex -52.26 -18.26 2.5
    endloop
  endfacet
  facet normal 0.0525588 -0.998618 0
    outer loop
      vertex -19.26 -53.26 2.5
      vertex -19.1555 -53.2545 2.6
      vertex -19.26 -53.26 2.6
    endloop
  endfacet
  facet normal 0.0525588 -0.998618 0
    outer loop
      vertex -19.1555 -53.2545 2.6
      vertex -19.26 -53.26 2.5
      vertex -19.1555 -53.2545 2.5
    endloop
  endfacet
  facet normal -0.453697 0.891156 0
    outer loop
      vertex -52.6667 -18.3465 2.5
      vertex -52.76 -18.394 2.6
      vertex -52.6667 -18.3465 2.6
    endloop
  endfacet
  facet normal -0.453697 0.891156 0
    outer loop
      vertex -52.76 -18.394 2.6
      vertex -52.6667 -18.3465 2.5
      vertex -52.76 -18.394 2.5
    endloop
  endfacet
  facet normal 0.359171 -0.933272 0
    outer loop
      vertex -18.951 -53.2111 2.5
      vertex -18.8533 -53.1735 2.6
      vertex -18.951 -53.2111 2.6
    endloop
  endfacet
  facet normal 0.359171 -0.933272 0
    outer loop
      vertex -18.8533 -53.1735 2.6
      vertex -18.951 -53.2111 2.5
      vertex -18.8533 -53.1735 2.5
    endloop
  endfacet
  facet normal 0.25802 -0.96614 0
    outer loop
      vertex -19.0521 -53.2381 2.5
      vertex -18.951 -53.2111 2.6
      vertex -19.0521 -53.2381 2.6
    endloop
  endfacet
  facet normal 0.25802 -0.96614 0
    outer loop
      vertex -18.951 -53.2111 2.6
      vertex -19.0521 -53.2381 2.5
      vertex -18.951 -53.2111 2.5
    endloop
  endfacet
  facet normal 0.998618 0.0525588 0
    outer loop
      vertex -18.26 -19.26 2.6
      vertex -18.2655 -19.1555 2.5
      vertex -18.2655 -19.1555 2.6
    endloop
  endfacet
  facet normal 0.998618 0.0525588 0
    outer loop
      vertex -18.2655 -19.1555 2.5
      vertex -18.26 -19.26 2.6
      vertex -18.26 -19.26 2.5
    endloop
  endfacet
  facet normal -0.891156 0.453697 0
    outer loop
      vertex -53.1735 -18.8533 2.5
      vertex -53.126 -18.76 2.6
      vertex -53.126 -18.76 2.5
    endloop
  endfacet
  facet normal -0.891156 0.453697 0
    outer loop
      vertex -53.126 -18.76 2.6
      vertex -53.1735 -18.8533 2.5
      vertex -53.1735 -18.8533 2.6
    endloop
  endfacet
  facet normal -1 0 0
    outer loop
      vertex -53.26 -52.26 2.5
      vertex -53.26 -19.26 2.6
      vertex -53.26 -19.26 2.5
    endloop
  endfacet
  facet normal -1 -0 0
    outer loop
      vertex -53.26 -19.26 2.6
      vertex -53.26 -52.26 2.5
      vertex -53.26 -52.26 2.6
    endloop
  endfacet
  facet normal -0.838749 0.544518 0
    outer loop
      vertex -53.126 -18.76 2.5
      vertex -53.069 -18.6722 2.6
      vertex -53.069 -18.6722 2.5
    endloop
  endfacet
  facet normal -0.838749 0.544518 0
    outer loop
      vertex -53.069 -18.6722 2.6
      vertex -53.126 -18.76 2.5
      vertex -53.126 -18.76 2.6
    endloop
  endfacet
  facet normal -0.776844 0.629693 0
    outer loop
      vertex -53.069 -18.6722 2.5
      vertex -53.0031 -18.5909 2.6
      vertex -53.0031 -18.5909 2.5
    endloop
  endfacet
  facet normal -0.776844 0.629693 0
    outer loop
      vertex -53.0031 -18.5909 2.6
      vertex -53.069 -18.6722 2.5
      vertex -53.069 -18.6722 2.6
    endloop
  endfacet
  facet normal -0.544518 0.838749 0
    outer loop
      vertex -52.76 -18.394 2.5
      vertex -52.8478 -18.451 2.6
      vertex -52.76 -18.394 2.6
    endloop
  endfacet
  facet normal -0.544518 0.838749 0
    outer loop
      vertex -52.8478 -18.451 2.6
      vertex -52.76 -18.394 2.5
      vertex -52.8478 -18.451 2.5
    endloop
  endfacet
  facet normal -0.25802 -0.96614 0
    outer loop
      vertex -52.569 -53.2111 2.5
      vertex -52.4679 -53.2381 2.6
      vertex -52.569 -53.2111 2.6
    endloop
  endfacet
  facet normal -0.25802 -0.96614 -0
    outer loop
      vertex -52.4679 -53.2381 2.6
      vertex -52.569 -53.2111 2.5
      vertex -52.4679 -53.2381 2.5
    endloop
  endfacet
  facet normal -0.0525588 -0.998618 0
    outer loop
      vertex -52.3645 -53.2545 2.5
      vertex -52.26 -53.26 2.6
      vertex -52.3645 -53.2545 2.6
    endloop
  endfacet
  facet normal -0.0525588 -0.998618 -0
    outer loop
      vertex -52.26 -53.26 2.6
      vertex -52.3645 -53.2545 2.5
      vertex -52.26 -53.26 2.5
    endloop
  endfacet
  facet normal 0.776844 0.629693 0
    outer loop
      vertex -18.451 -18.6722 2.6
      vertex -18.5169 -18.5909 2.5
      vertex -18.5169 -18.5909 2.6
    endloop
  endfacet
  facet normal 0.776844 0.629693 0
    outer loop
      vertex -18.5169 -18.5909 2.5
      vertex -18.451 -18.6722 2.6
      vertex -18.451 -18.6722 2.5
    endloop
  endfacet
  facet normal -0.629693 0.776844 0
    outer loop
      vertex -52.8478 -18.451 2.5
      vertex -52.9291 -18.5169 2.6
      vertex -52.8478 -18.451 2.6
    endloop
  endfacet
  facet normal -0.629693 0.776844 0
    outer loop
      vertex -52.9291 -18.5169 2.6
      vertex -52.8478 -18.451 2.5
      vertex -52.9291 -18.5169 2.5
    endloop
  endfacet
  facet normal 0.0525588 0.998618 -0
    outer loop
      vertex -19.1555 -18.2655 2.5
      vertex -19.26 -18.26 2.6
      vertex -19.1555 -18.2655 2.6
    endloop
  endfacet
  facet normal 0.0525588 0.998618 0
    outer loop
      vertex -19.26 -18.26 2.6
      vertex -19.1555 -18.2655 2.5
      vertex -19.26 -18.26 2.5
    endloop
  endfacet
  facet normal -0.156649 0.987654 0
    outer loop
      vertex -52.3645 -18.2655 2.5
      vertex -52.4679 -18.2819 2.6
      vertex -52.3645 -18.2655 2.6
    endloop
  endfacet
  facet normal -0.156649 0.987654 0
    outer loop
      vertex -52.4679 -18.2819 2.6
      vertex -52.3645 -18.2655 2.5
      vertex -52.4679 -18.2819 2.5
    endloop
  endfacet
  facet normal -0.987654 -0.156649 0
    outer loop
      vertex -53.2381 -52.4679 2.5
      vertex -53.2545 -52.3645 2.6
      vertex -53.2545 -52.3645 2.5
    endloop
  endfacet
  facet normal -0.987654 -0.156649 0
    outer loop
      vertex -53.2545 -52.3645 2.6
      vertex -53.2381 -52.4679 2.5
      vertex -53.2381 -52.4679 2.6
    endloop
  endfacet
  facet normal -0.707107 -0.707107 0
    outer loop
      vertex -52.9291 -53.0031 2.5
      vertex -53.0031 -52.9291 2.6
      vertex -53.0031 -52.9291 2.5
    endloop
  endfacet
  facet normal -0.707107 -0.707107 0
    outer loop
      vertex -53.0031 -52.9291 2.6
      vertex -52.9291 -53.0031 2.5
      vertex -52.9291 -53.0031 2.6
    endloop
  endfacet
  facet normal 0.987654 0.156649 0
    outer loop
      vertex -18.2655 -19.1555 2.6
      vertex -18.2819 -19.0521 2.5
      vertex -18.2819 -19.0521 2.6
    endloop
  endfacet
  facet normal 0.987654 0.156649 0
    outer loop
      vertex -18.2819 -19.0521 2.5
      vertex -18.2655 -19.1555 2.6
      vertex -18.2655 -19.1555 2.5
    endloop
  endfacet
  facet normal 0.156649 -0.987654 0
    outer loop
      vertex -19.1555 -53.2545 2.5
      vertex -19.0521 -53.2381 2.6
      vertex -19.1555 -53.2545 2.6
    endloop
  endfacet
  facet normal 0.156649 -0.987654 0
    outer loop
      vertex -19.0521 -53.2381 2.6
      vertex -19.1555 -53.2545 2.5
      vertex -19.0521 -53.2381 2.5
    endloop
  endfacet
  facet normal 0.933272 0.359171 0
    outer loop
      vertex -18.3089 -18.951 2.6
      vertex -18.3465 -18.8533 2.5
      vertex -18.3465 -18.8533 2.6
    endloop
  endfacet
  facet normal 0.933272 0.359171 0
    outer loop
      vertex -18.3465 -18.8533 2.5
      vertex -18.3089 -18.951 2.6
      vertex -18.3089 -18.951 2.5
    endloop
  endfacet
  facet normal -0.96614 -0.25802 0
    outer loop
      vertex -53.2111 -52.569 2.5
      vertex -53.2381 -52.4679 2.6
      vertex -53.2381 -52.4679 2.5
    endloop
  endfacet
  facet normal -0.96614 -0.25802 0
    outer loop
      vertex -53.2381 -52.4679 2.6
      vertex -53.2111 -52.569 2.5
      vertex -53.2111 -52.569 2.6
    endloop
  endfacet
  facet normal -0.359171 0.933272 0
    outer loop
      vertex -52.569 -18.3089 2.5
      vertex -52.6667 -18.3465 2.6
      vertex -52.569 -18.3089 2.6
    endloop
  endfacet
  facet normal -0.359171 0.933272 0
    outer loop
      vertex -52.6667 -18.3465 2.6
      vertex -52.569 -18.3089 2.5
      vertex -52.6667 -18.3465 2.5
    endloop
  endfacet
  facet normal -0.0525588 0.998618 0
    outer loop
      vertex -52.26 -18.26 2.5
      vertex -52.3645 -18.2655 2.6
      vertex -52.26 -18.26 2.6
    endloop
  endfacet
  facet normal -0.0525588 0.998618 0
    outer loop
      vertex -52.3645 -18.2655 2.6
      vertex -52.26 -18.26 2.5
      vertex -52.3645 -18.2655 2.5
    endloop
  endfacet
  facet normal -0.96614 0.25802 0
    outer loop
      vertex -53.2381 -19.0521 2.5
      vertex -53.2111 -18.951 2.6
      vertex -53.2111 -18.951 2.5
    endloop
  endfacet
  facet normal -0.96614 0.25802 0
    outer loop
      vertex -53.2111 -18.951 2.6
      vertex -53.2381 -19.0521 2.5
      vertex -53.2381 -19.0521 2.6
    endloop
  endfacet
  facet normal 0.453697 0.891156 -0
    outer loop
      vertex -18.76 -18.394 2.5
      vertex -18.8533 -18.3465 2.6
      vertex -18.76 -18.394 2.6
    endloop
  endfacet
  facet normal 0.453697 0.891156 0
    outer loop
      vertex -18.8533 -18.3465 2.6
      vertex -18.76 -18.394 2.5
      vertex -18.8533 -18.3465 2.5
    endloop
  endfacet
  facet normal -0.998618 -0.0525588 0
    outer loop
      vertex -53.2545 -52.3645 2.5
      vertex -53.26 -52.26 2.6
      vertex -53.26 -52.26 2.5
    endloop
  endfacet
  facet normal -0.998618 -0.0525588 0
    outer loop
      vertex -53.26 -52.26 2.6
      vertex -53.2545 -52.3645 2.5
      vertex -53.2545 -52.3645 2.6
    endloop
  endfacet
  facet normal -0.629693 -0.776844 0
    outer loop
      vertex -52.9291 -53.0031 2.5
      vertex -52.8478 -53.069 2.6
      vertex -52.9291 -53.0031 2.6
    endloop
  endfacet
  facet normal -0.629693 -0.776844 -0
    outer loop
      vertex -52.8478 -53.069 2.6
      vertex -52.9291 -53.0031 2.5
      vertex -52.8478 -53.069 2.5
    endloop
  endfacet
  facet normal -0.359171 -0.933272 0
    outer loop
      vertex -52.6667 -53.1735 2.5
      vertex -52.569 -53.2111 2.6
      vertex -52.6667 -53.1735 2.6
    endloop
  endfacet
  facet normal -0.359171 -0.933272 -0
    outer loop
      vertex -52.569 -53.2111 2.6
      vertex -52.6667 -53.1735 2.5
      vertex -52.569 -53.2111 2.5
    endloop
  endfacet
  facet normal -0.891156 -0.453697 0
    outer loop
      vertex -53.126 -52.76 2.5
      vertex -53.1735 -52.6667 2.6
      vertex -53.1735 -52.6667 2.5
    endloop
  endfacet
  facet normal -0.891156 -0.453697 0
    outer loop
      vertex -53.1735 -52.6667 2.6
      vertex -53.126 -52.76 2.5
      vertex -53.126 -52.76 2.6
    endloop
  endfacet
  facet normal -0.544518 -0.838749 0
    outer loop
      vertex -52.8478 -53.069 2.5
      vertex -52.76 -53.126 2.6
      vertex -52.8478 -53.069 2.6
    endloop
  endfacet
  facet normal -0.544518 -0.838749 -0
    outer loop
      vertex -52.76 -53.126 2.6
      vertex -52.8478 -53.069 2.5
      vertex -52.76 -53.126 2.5
    endloop
  endfacet
  facet normal -0.453697 -0.891156 0
    outer loop
      vertex -52.76 -53.126 2.5
      vertex -52.6667 -53.1735 2.6
      vertex -52.76 -53.126 2.6
    endloop
  endfacet
  facet normal -0.453697 -0.891156 -0
    outer loop
      vertex -52.6667 -53.1735 2.6
      vertex -52.76 -53.126 2.5
      vertex -52.6667 -53.1735 2.5
    endloop
  endfacet
  facet normal -0.776844 -0.629693 0
    outer loop
      vertex -53.0031 -52.9291 2.5
      vertex -53.069 -52.8478 2.6
      vertex -53.069 -52.8478 2.5
    endloop
  endfacet
  facet normal -0.776844 -0.629693 0
    outer loop
      vertex -53.069 -52.8478 2.6
      vertex -53.0031 -52.9291 2.5
      vertex -53.0031 -52.9291 2.6
    endloop
  endfacet
  facet normal 0 1 -0
    outer loop
      vertex -20.76 -51.76 2.5
      vertex -50.76 -51.76 2.6
      vertex -20.76 -51.76 2.6
    endloop
  endfacet
  facet normal 0 1 0
    outer loop
      vertex -50.76 -51.76 2.6
      vertex -20.76 -51.76 2.5
      vertex -50.76 -51.76 2.5
    endloop
  endfacet
  facet normal -0.453697 -0.891156 0
    outer loop
      vertex -20.3533 -19.8465 2.5
      vertex -20.26 -19.894 2.6
      vertex -20.3533 -19.8465 2.6
    endloop
  endfacet
  facet normal -0.453697 -0.891156 -0
    outer loop
      vertex -20.26 -19.894 2.6
      vertex -20.3533 -19.8465 2.5
      vertex -20.26 -19.894 2.5
    endloop
  endfacet
  facet normal 0 -1 0
    outer loop
      vertex -50.76 -19.76 2.5
      vertex -20.76 -19.76 2.6
      vertex -50.76 -19.76 2.6
    endloop
  endfacet
  facet normal 0 -1 -0
    outer loop
      vertex -20.76 -19.76 2.6
      vertex -50.76 -19.76 2.5
      vertex -20.76 -19.76 2.5
    endloop
  endfacet
  facet normal 0.707107 0.707107 0
    outer loop
      vertex -51.4291 -51.5031 2.6
      vertex -51.5031 -51.4291 2.5
      vertex -51.5031 -51.4291 2.6
    endloop
  endfacet
  facet normal 0.707107 0.707107 0
    outer loop
      vertex -51.5031 -51.4291 2.5
      vertex -51.4291 -51.5031 2.6
      vertex -51.4291 -51.5031 2.5
    endloop
  endfacet
  facet normal 0.987654 0.156649 0
    outer loop
      vertex -51.7381 -50.9679 2.6
      vertex -51.7545 -50.8645 2.5
      vertex -51.7545 -50.8645 2.6
    endloop
  endfacet
  facet normal 0.987654 0.156649 0
    outer loop
      vertex -51.7545 -50.8645 2.5
      vertex -51.7381 -50.9679 2.6
      vertex -51.7381 -50.9679 2.5
    endloop
  endfacet
  facet normal -0.0525588 0.998618 0
    outer loop
      vertex -20.6555 -51.7545 2.5
      vertex -20.76 -51.76 2.6
      vertex -20.6555 -51.7545 2.6
    endloop
  endfacet
  facet normal -0.0525588 0.998618 0
    outer loop
      vertex -20.76 -51.76 2.6
      vertex -20.6555 -51.7545 2.5
      vertex -20.76 -51.76 2.5
    endloop
  endfacet
  facet normal -0.891156 0.453697 0
    outer loop
      vertex -19.894 -51.26 2.5
      vertex -19.8465 -51.1667 2.6
      vertex -19.8465 -51.1667 2.5
    endloop
  endfacet
  facet normal -0.891156 0.453697 0
    outer loop
      vertex -19.8465 -51.1667 2.6
      vertex -19.894 -51.26 2.5
      vertex -19.894 -51.26 2.6
    endloop
  endfacet
  facet normal 0.838749 0.544518 0
    outer loop
      vertex -51.569 -51.3478 2.6
      vertex -51.626 -51.26 2.5
      vertex -51.626 -51.26 2.6
    endloop
  endfacet
  facet normal 0.838749 0.544518 0
    outer loop
      vertex -51.626 -51.26 2.5
      vertex -51.569 -51.3478 2.6
      vertex -51.569 -51.3478 2.5
    endloop
  endfacet
  facet normal 0.707107 -0.707107 0
    outer loop
      vertex -51.5031 -20.0909 2.6
      vertex -51.4291 -20.0169 2.5
      vertex -51.4291 -20.0169 2.6
    endloop
  endfacet
  facet normal 0.707107 -0.707107 0
    outer loop
      vertex -51.4291 -20.0169 2.5
      vertex -51.5031 -20.0909 2.6
      vertex -51.5031 -20.0909 2.5
    endloop
  endfacet
  facet normal -0.707107 0.707107 0
    outer loop
      vertex -20.0169 -51.4291 2.5
      vertex -20.0909 -51.5031 2.6
      vertex -20.0169 -51.4291 2.6
    endloop
  endfacet
  facet normal -0.707107 0.707107 0
    outer loop
      vertex -20.0909 -51.5031 2.6
      vertex -20.0169 -51.4291 2.5
      vertex -20.0909 -51.5031 2.5
    endloop
  endfacet
  facet normal 0.987654 -0.156649 0
    outer loop
      vertex -51.7545 -20.6555 2.6
      vertex -51.7381 -20.5521 2.5
      vertex -51.7381 -20.5521 2.6
    endloop
  endfacet
  facet normal 0.987654 -0.156649 0
    outer loop
      vertex -51.7381 -20.5521 2.5
      vertex -51.7545 -20.6555 2.6
      vertex -51.7545 -20.6555 2.5
    endloop
  endfacet
  facet normal -0.156649 0.987654 0
    outer loop
      vertex -20.5521 -51.7381 2.5
      vertex -20.6555 -51.7545 2.6
      vertex -20.5521 -51.7381 2.6
    endloop
  endfacet
  facet normal -0.156649 0.987654 0
    outer loop
      vertex -20.6555 -51.7545 2.6
      vertex -20.5521 -51.7381 2.5
      vertex -20.6555 -51.7545 2.5
    endloop
  endfacet
  facet normal -1 0 0
    outer loop
      vertex -19.76 -50.76 2.5
      vertex -19.76 -20.76 2.6
      vertex -19.76 -20.76 2.5
    endloop
  endfacet
  facet normal -1 -0 0
    outer loop
      vertex -19.76 -20.76 2.6
      vertex -19.76 -50.76 2.5
      vertex -19.76 -50.76 2.6
    endloop
  endfacet
  facet normal -0.25802 0.96614 0
    outer loop
      vertex -20.451 -51.7111 2.5
      vertex -20.5521 -51.7381 2.6
      vertex -20.451 -51.7111 2.6
    endloop
  endfacet
  facet normal -0.25802 0.96614 0
    outer loop
      vertex -20.5521 -51.7381 2.6
      vertex -20.451 -51.7111 2.5
      vertex -20.5521 -51.7381 2.5
    endloop
  endfacet
  facet normal 0.0525588 0.998618 -0
    outer loop
      vertex -50.76 -51.76 2.5
      vertex -50.8645 -51.7545 2.6
      vertex -50.76 -51.76 2.6
    endloop
  endfacet
  facet normal 0.0525588 0.998618 0
    outer loop
      vertex -50.8645 -51.7545 2.6
      vertex -50.76 -51.76 2.5
      vertex -50.8645 -51.7545 2.5
    endloop
  endfacet
  facet normal 0.96614 0.25802 0
    outer loop
      vertex -51.7111 -51.069 2.6
      vertex -51.7381 -50.9679 2.5
      vertex -51.7381 -50.9679 2.6
    endloop
  endfacet
  facet normal 0.96614 0.25802 0
    outer loop
      vertex -51.7381 -50.9679 2.5
      vertex -51.7111 -51.069 2.6
      vertex -51.7111 -51.069 2.5
    endloop
  endfacet
  facet normal -0.629693 -0.776844 0
    outer loop
      vertex -20.1722 -19.951 2.5
      vertex -20.0909 -20.0169 2.6
      vertex -20.1722 -19.951 2.6
    endloop
  endfacet
  facet normal -0.629693 -0.776844 -0
    outer loop
      vertex -20.0909 -20.0169 2.6
      vertex -20.1722 -19.951 2.5
      vertex -20.0909 -20.0169 2.5
    endloop
  endfacet
  facet normal 0.25802 0.96614 -0
    outer loop
      vertex -50.9679 -51.7381 2.5
      vertex -51.069 -51.7111 2.6
      vertex -50.9679 -51.7381 2.6
    endloop
  endfacet
  facet normal 0.25802 0.96614 0
    outer loop
      vertex -51.069 -51.7111 2.6
      vertex -50.9679 -51.7381 2.5
      vertex -51.069 -51.7111 2.5
    endloop
  endfacet
  facet normal 0.933272 0.359171 0
    outer loop
      vertex -51.6735 -51.1667 2.6
      vertex -51.7111 -51.069 2.5
      vertex -51.7111 -51.069 2.6
    endloop
  endfacet
  facet normal 0.933272 0.359171 0
    outer loop
      vertex -51.7111 -51.069 2.5
      vertex -51.6735 -51.1667 2.6
      vertex -51.6735 -51.1667 2.5
    endloop
  endfacet
  facet normal 0.629693 0.776844 -0
    outer loop
      vertex -51.3478 -51.569 2.5
      vertex -51.4291 -51.5031 2.6
      vertex -51.3478 -51.569 2.6
    endloop
  endfacet
  facet normal 0.629693 0.776844 0
    outer loop
      vertex -51.4291 -51.5031 2.6
      vertex -51.3478 -51.569 2.5
      vertex -51.4291 -51.5031 2.5
    endloop
  endfacet
  facet normal 1 -0 0
    outer loop
      vertex -51.76 -50.76 2.6
      vertex -51.76 -20.76 2.5
      vertex -51.76 -20.76 2.6
    endloop
  endfacet
  facet normal 1 0 0
    outer loop
      vertex -51.76 -20.76 2.5
      vertex -51.76 -50.76 2.6
      vertex -51.76 -50.76 2.5
    endloop
  endfacet
  facet normal -0.838749 0.544518 0
    outer loop
      vertex -19.951 -51.3478 2.5
      vertex -19.894 -51.26 2.6
      vertex -19.894 -51.26 2.5
    endloop
  endfacet
  facet normal -0.838749 0.544518 0
    outer loop
      vertex -19.894 -51.26 2.6
      vertex -19.951 -51.3478 2.5
      vertex -19.951 -51.3478 2.6
    endloop
  endfacet
  facet normal 0.156649 0.987654 -0
    outer loop
      vertex -50.8645 -51.7545 2.5
      vertex -50.9679 -51.7381 2.6
      vertex -50.8645 -51.7545 2.6
    endloop
  endfacet
  facet normal 0.156649 0.987654 0
    outer loop
      vertex -50.9679 -51.7381 2.6
      vertex -50.8645 -51.7545 2.5
      vertex -50.9679 -51.7381 2.5
    endloop
  endfacet
  facet normal -0.96614 0.25802 0
    outer loop
      vertex -19.8089 -51.069 2.5
      vertex -19.7819 -50.9679 2.6
      vertex -19.7819 -50.9679 2.5
    endloop
  endfacet
  facet normal -0.96614 0.25802 0
    outer loop
      vertex -19.7819 -50.9679 2.6
      vertex -19.8089 -51.069 2.5
      vertex -19.8089 -51.069 2.6
    endloop
  endfacet
  facet normal 0.544518 0.838749 -0
    outer loop
      vertex -51.26 -51.626 2.5
      vertex -51.3478 -51.569 2.6
      vertex -51.26 -51.626 2.6
    endloop
  endfacet
  facet normal 0.544518 0.838749 0
    outer loop
      vertex -51.3478 -51.569 2.6
      vertex -51.26 -51.626 2.5
      vertex -51.3478 -51.569 2.5
    endloop
  endfacet
  facet normal 0.453697 0.891156 -0
    outer loop
      vertex -51.1667 -51.6735 2.5
      vertex -51.26 -51.626 2.6
      vertex -51.1667 -51.6735 2.6
    endloop
  endfacet
  facet normal 0.453697 0.891156 0
    outer loop
      vertex -51.26 -51.626 2.6
      vertex -51.1667 -51.6735 2.5
      vertex -51.26 -51.626 2.5
    endloop
  endfacet
  facet normal -0.998618 -0.0525588 0
    outer loop
      vertex -19.76 -20.76 2.5
      vertex -19.7655 -20.6555 2.6
      vertex -19.7655 -20.6555 2.5
    endloop
  endfacet
  facet normal -0.998618 -0.0525588 0
    outer loop
      vertex -19.7655 -20.6555 2.6
      vertex -19.76 -20.76 2.5
      vertex -19.76 -20.76 2.6
    endloop
  endfacet
  facet normal -0.987654 -0.156649 0
    outer loop
      vertex -19.7655 -20.6555 2.5
      vertex -19.7819 -20.5521 2.6
      vertex -19.7819 -20.5521 2.5
    endloop
  endfacet
  facet normal -0.987654 -0.156649 0
    outer loop
      vertex -19.7819 -20.5521 2.6
      vertex -19.7655 -20.6555 2.5
      vertex -19.7655 -20.6555 2.6
    endloop
  endfacet
  facet normal -0.96614 -0.25802 0
    outer loop
      vertex -19.7819 -20.5521 2.5
      vertex -19.8089 -20.451 2.6
      vertex -19.8089 -20.451 2.5
    endloop
  endfacet
  facet normal -0.96614 -0.25802 0
    outer loop
      vertex -19.8089 -20.451 2.6
      vertex -19.7819 -20.5521 2.5
      vertex -19.7819 -20.5521 2.6
    endloop
  endfacet
  facet normal -0.0525588 -0.998618 0
    outer loop
      vertex -20.76 -19.76 2.5
      vertex -20.6555 -19.7655 2.6
      vertex -20.76 -19.76 2.6
    endloop
  endfacet
  facet normal -0.0525588 -0.998618 -0
    outer loop
      vertex -20.6555 -19.7655 2.6
      vertex -20.76 -19.76 2.5
      vertex -20.6555 -19.7655 2.5
    endloop
  endfacet
  facet normal -0.544518 -0.838749 0
    outer loop
      vertex -20.26 -19.894 2.5
      vertex -20.1722 -19.951 2.6
      vertex -20.26 -19.894 2.6
    endloop
  endfacet
  facet normal -0.544518 -0.838749 -0
    outer loop
      vertex -20.1722 -19.951 2.6
      vertex -20.26 -19.894 2.5
      vertex -20.1722 -19.951 2.5
    endloop
  endfacet
  facet normal -0.707107 -0.707107 0
    outer loop
      vertex -20.0169 -20.0909 2.5
      vertex -20.0909 -20.0169 2.6
      vertex -20.0909 -20.0169 2.5
    endloop
  endfacet
  facet normal -0.707107 -0.707107 0
    outer loop
      vertex -20.0909 -20.0169 2.6
      vertex -20.0169 -20.0909 2.5
      vertex -20.0169 -20.0909 2.6
    endloop
  endfacet
  facet normal 0.0525588 -0.998618 0
    outer loop
      vertex -50.8645 -19.7655 2.5
      vertex -50.76 -19.76 2.6
      vertex -50.8645 -19.7655 2.6
    endloop
  endfacet
  facet normal 0.0525588 -0.998618 0
    outer loop
      vertex -50.76 -19.76 2.6
      vertex -50.8645 -19.7655 2.5
      vertex -50.76 -19.76 2.5
    endloop
  endfacet
  facet normal -0.156649 -0.987654 0
    outer loop
      vertex -20.6555 -19.7655 2.5
      vertex -20.5521 -19.7819 2.6
      vertex -20.6555 -19.7655 2.6
    endloop
  endfacet
  facet normal -0.156649 -0.987654 -0
    outer loop
      vertex -20.5521 -19.7819 2.6
      vertex -20.6555 -19.7655 2.5
      vertex -20.5521 -19.7819 2.5
    endloop
  endfacet
  facet normal 0.156649 -0.987654 0
    outer loop
      vertex -50.9679 -19.7819 2.5
      vertex -50.8645 -19.7655 2.6
      vertex -50.9679 -19.7819 2.6
    endloop
  endfacet
  facet normal 0.156649 -0.987654 0
    outer loop
      vertex -50.8645 -19.7655 2.6
      vertex -50.9679 -19.7819 2.5
      vertex -50.8645 -19.7655 2.5
    endloop
  endfacet
  facet normal -0.838749 -0.544518 0
    outer loop
      vertex -19.894 -20.26 2.5
      vertex -19.951 -20.1722 2.6
      vertex -19.951 -20.1722 2.5
    endloop
  endfacet
  facet normal -0.838749 -0.544518 0
    outer loop
      vertex -19.951 -20.1722 2.6
      vertex -19.894 -20.26 2.5
      vertex -19.894 -20.26 2.6
    endloop
  endfacet
  facet normal -0.776844 0.629693 0
    outer loop
      vertex -20.0169 -51.4291 2.5
      vertex -19.951 -51.3478 2.6
      vertex -19.951 -51.3478 2.5
    endloop
  endfacet
  facet normal -0.776844 0.629693 0
    outer loop
      vertex -19.951 -51.3478 2.6
      vertex -20.0169 -51.4291 2.5
      vertex -20.0169 -51.4291 2.6
    endloop
  endfacet
  facet normal 0.891156 -0.453697 0
    outer loop
      vertex -51.6735 -20.3533 2.6
      vertex -51.626 -20.26 2.5
      vertex -51.626 -20.26 2.6
    endloop
  endfacet
  facet normal 0.891156 -0.453697 0
    outer loop
      vertex -51.626 -20.26 2.5
      vertex -51.6735 -20.3533 2.6
      vertex -51.6735 -20.3533 2.5
    endloop
  endfacet
  facet normal 0.359171 0.933272 -0
    outer loop
      vertex -51.069 -51.7111 2.5
      vertex -51.1667 -51.6735 2.6
      vertex -51.069 -51.7111 2.6
    endloop
  endfacet
  facet normal 0.359171 0.933272 0
    outer loop
      vertex -51.1667 -51.6735 2.6
      vertex -51.069 -51.7111 2.5
      vertex -51.1667 -51.6735 2.5
    endloop
  endfacet
  facet normal 0.25802 -0.96614 0
    outer loop
      vertex -51.069 -19.8089 2.5
      vertex -50.9679 -19.7819 2.6
      vertex -51.069 -19.8089 2.6
    endloop
  endfacet
  facet normal 0.25802 -0.96614 0
    outer loop
      vertex -50.9679 -19.7819 2.6
      vertex -51.069 -19.8089 2.5
      vertex -50.9679 -19.7819 2.5
    endloop
  endfacet
  facet normal 0.629693 -0.776844 0
    outer loop
      vertex -51.4291 -20.0169 2.5
      vertex -51.3478 -19.951 2.6
      vertex -51.4291 -20.0169 2.6
    endloop
  endfacet
  facet normal 0.629693 -0.776844 0
    outer loop
      vertex -51.3478 -19.951 2.6
      vertex -51.4291 -20.0169 2.5
      vertex -51.3478 -19.951 2.5
    endloop
  endfacet
  facet normal -0.629693 0.776844 0
    outer loop
      vertex -20.0909 -51.5031 2.5
      vertex -20.1722 -51.569 2.6
      vertex -20.0909 -51.5031 2.6
    endloop
  endfacet
  facet normal -0.629693 0.776844 0
    outer loop
      vertex -20.1722 -51.569 2.6
      vertex -20.0909 -51.5031 2.5
      vertex -20.1722 -51.569 2.5
    endloop
  endfacet
  facet normal -0.998618 0.0525588 0
    outer loop
      vertex -19.7655 -50.8645 2.5
      vertex -19.76 -50.76 2.6
      vertex -19.76 -50.76 2.5
    endloop
  endfacet
  facet normal -0.998618 0.0525588 0
    outer loop
      vertex -19.76 -50.76 2.6
      vertex -19.7655 -50.8645 2.5
      vertex -19.7655 -50.8645 2.6
    endloop
  endfacet
  facet normal -0.25802 -0.96614 0
    outer loop
      vertex -20.5521 -19.7819 2.5
      vertex -20.451 -19.8089 2.6
      vertex -20.5521 -19.7819 2.6
    endloop
  endfacet
  facet normal -0.25802 -0.96614 -0
    outer loop
      vertex -20.451 -19.8089 2.6
      vertex -20.5521 -19.7819 2.5
      vertex -20.451 -19.8089 2.5
    endloop
  endfacet
  facet normal 0.998618 0.0525588 0
    outer loop
      vertex -51.7545 -50.8645 2.6
      vertex -51.76 -50.76 2.5
      vertex -51.76 -50.76 2.6
    endloop
  endfacet
  facet normal 0.998618 0.0525588 0
    outer loop
      vertex -51.76 -50.76 2.5
      vertex -51.7545 -50.8645 2.6
      vertex -51.7545 -50.8645 2.5
    endloop
  endfacet
  facet normal -0.453697 0.891156 0
    outer loop
      vertex -20.26 -51.626 2.5
      vertex -20.3533 -51.6735 2.6
      vertex -20.26 -51.626 2.6
    endloop
  endfacet
  facet normal -0.453697 0.891156 0
    outer loop
      vertex -20.3533 -51.6735 2.6
      vertex -20.26 -51.626 2.5
      vertex -20.3533 -51.6735 2.5
    endloop
  endfacet
  facet normal 0.776844 0.629693 0
    outer loop
      vertex -51.5031 -51.4291 2.6
      vertex -51.569 -51.3478 2.5
      vertex -51.569 -51.3478 2.6
    endloop
  endfacet
  facet normal 0.776844 0.629693 0
    outer loop
      vertex -51.569 -51.3478 2.5
      vertex -51.5031 -51.4291 2.6
      vertex -51.5031 -51.4291 2.5
    endloop
  endfacet
  facet normal -0.359171 0.933272 0
    outer loop
      vertex -20.3533 -51.6735 2.5
      vertex -20.451 -51.7111 2.6
      vertex -20.3533 -51.6735 2.6
    endloop
  endfacet
  facet normal -0.359171 0.933272 0
    outer loop
      vertex -20.451 -51.7111 2.6
      vertex -20.3533 -51.6735 2.5
      vertex -20.451 -51.7111 2.5
    endloop
  endfacet
  facet normal 0.891156 0.453697 0
    outer loop
      vertex -51.626 -51.26 2.6
      vertex -51.6735 -51.1667 2.5
      vertex -51.6735 -51.1667 2.6
    endloop
  endfacet
  facet normal 0.891156 0.453697 0
    outer loop
      vertex -51.6735 -51.1667 2.5
      vertex -51.626 -51.26 2.6
      vertex -51.626 -51.26 2.5
    endloop
  endfacet
  facet normal 0.359171 -0.933272 0
    outer loop
      vertex -51.1667 -19.8465 2.5
      vertex -51.069 -19.8089 2.6
      vertex -51.1667 -19.8465 2.6
    endloop
  endfacet
  facet normal 0.359171 -0.933272 0
    outer loop
      vertex -51.069 -19.8089 2.6
      vertex -51.1667 -19.8465 2.5
      vertex -51.069 -19.8089 2.5
    endloop
  endfacet
  facet normal 0.453697 -0.891156 0
    outer loop
      vertex -51.26 -19.894 2.5
      vertex -51.1667 -19.8465 2.6
      vertex -51.26 -19.894 2.6
    endloop
  endfacet
  facet normal 0.453697 -0.891156 0
    outer loop
      vertex -51.1667 -19.8465 2.6
      vertex -51.26 -19.894 2.5
      vertex -51.1667 -19.8465 2.5
    endloop
  endfacet
  facet normal 0.838749 -0.544518 0
    outer loop
      vertex -51.626 -20.26 2.6
      vertex -51.569 -20.1722 2.5
      vertex -51.569 -20.1722 2.6
    endloop
  endfacet
  facet normal 0.838749 -0.544518 0
    outer loop
      vertex -51.569 -20.1722 2.5
      vertex -51.626 -20.26 2.6
      vertex -51.626 -20.26 2.5
    endloop
  endfacet
  facet normal 0.933272 -0.359171 0
    outer loop
      vertex -51.7111 -20.451 2.6
      vertex -51.6735 -20.3533 2.5
      vertex -51.6735 -20.3533 2.6
    endloop
  endfacet
  facet normal 0.933272 -0.359171 0
    outer loop
      vertex -51.6735 -20.3533 2.5
      vertex -51.7111 -20.451 2.6
      vertex -51.7111 -20.451 2.5
    endloop
  endfacet
  facet normal -0.933272 0.359171 0
    outer loop
      vertex -19.8465 -51.1667 2.5
      vertex -19.8089 -51.069 2.6
      vertex -19.8089 -51.069 2.5
    endloop
  endfacet
  facet normal -0.933272 0.359171 0
    outer loop
      vertex -19.8089 -51.069 2.6
      vertex -19.8465 -51.1667 2.5
      vertex -19.8465 -51.1667 2.6
    endloop
  endfacet
  facet normal -0.544518 0.838749 0
    outer loop
      vertex -20.1722 -51.569 2.5
      vertex -20.26 -51.626 2.6
      vertex -20.1722 -51.569 2.6
    endloop
  endfacet
  facet normal -0.544518 0.838749 0
    outer loop
      vertex -20.26 -51.626 2.6
      vertex -20.1722 -51.569 2.5
      vertex -20.26 -51.626 2.5
    endloop
  endfacet
  facet normal -0.987654 0.156649 0
    outer loop
      vertex -19.7819 -50.9679 2.5
      vertex -19.7655 -50.8645 2.6
      vertex -19.7655 -50.8645 2.5
    endloop
  endfacet
  facet normal -0.987654 0.156649 0
    outer loop
      vertex -19.7655 -50.8645 2.6
      vertex -19.7819 -50.9679 2.5
      vertex -19.7819 -50.9679 2.6
    endloop
  endfacet
  facet normal 0.96614 -0.25802 0
    outer loop
      vertex -51.7381 -20.5521 2.6
      vertex -51.7111 -20.451 2.5
      vertex -51.7111 -20.451 2.6
    endloop
  endfacet
  facet normal 0.96614 -0.25802 0
    outer loop
      vertex -51.7111 -20.451 2.5
      vertex -51.7381 -20.5521 2.6
      vertex -51.7381 -20.5521 2.5
    endloop
  endfacet
  facet normal -0.891156 -0.453697 0
    outer loop
      vertex -19.8465 -20.3533 2.5
      vertex -19.894 -20.26 2.6
      vertex -19.894 -20.26 2.5
    endloop
  endfacet
  facet normal -0.891156 -0.453697 0
    outer loop
      vertex -19.894 -20.26 2.6
      vertex -19.8465 -20.3533 2.5
      vertex -19.8465 -20.3533 2.6
    endloop
  endfacet
  facet normal 0.776844 -0.629693 0
    outer loop
      vertex -51.569 -20.1722 2.6
      vertex -51.5031 -20.0909 2.5
      vertex -51.5031 -20.0909 2.6
    endloop
  endfacet
  facet normal 0.776844 -0.629693 0
    outer loop
      vertex -51.5031 -20.0909 2.5
      vertex -51.569 -20.1722 2.6
      vertex -51.569 -20.1722 2.5
    endloop
  endfacet
  facet normal 0.544518 -0.838749 0
    outer loop
      vertex -51.3478 -19.951 2.5
      vertex -51.26 -19.894 2.6
      vertex -51.3478 -19.951 2.6
    endloop
  endfacet
  facet normal 0.544518 -0.838749 0
    outer loop
      vertex -51.26 -19.894 2.6
      vertex -51.3478 -19.951 2.5
      vertex -51.26 -19.894 2.5
    endloop
  endfacet
  facet normal -0.776844 -0.629693 0
    outer loop
      vertex -19.951 -20.1722 2.5
      vertex -20.0169 -20.0909 2.6
      vertex -20.0169 -20.0909 2.5
    endloop
  endfacet
  facet normal -0.776844 -0.629693 0
    outer loop
      vertex -20.0169 -20.0909 2.6
      vertex -19.951 -20.1722 2.5
      vertex -19.951 -20.1722 2.6
    endloop
  endfacet
  facet normal -0.359171 -0.933272 0
    outer loop
      vertex -20.451 -19.8089 2.5
      vertex -20.3533 -19.8465 2.6
      vertex -20.451 -19.8089 2.6
    endloop
  endfacet
  facet normal -0.359171 -0.933272 -0
    outer loop
      vertex -20.3533 -19.8465 2.6
      vertex -20.451 -19.8089 2.5
      vertex -20.3533 -19.8465 2.5
    endloop
  endfacet
  facet normal -0.933272 -0.359171 0
    outer loop
      vertex -19.8089 -20.451 2.5
      vertex -19.8465 -20.3533 2.6
      vertex -19.8465 -20.3533 2.5
    endloop
  endfacet
  facet normal -0.933272 -0.359171 0
    outer loop
      vertex -19.8465 -20.3533 2.6
      vertex -19.8089 -20.451 2.5
      vertex -19.8089 -20.451 2.6
    endloop
  endfacet
  facet normal 0.998618 -0.0525588 0
    outer loop
      vertex -51.76 -20.76 2.6
      vertex -51.7545 -20.6555 2.5
      vertex -51.7545 -20.6555 2.6
    endloop
  endfacet
  facet normal 0.998618 -0.0525588 0
    outer loop
      vertex -51.7545 -20.6555 2.5
      vertex -51.76 -20.76 2.6
      vertex -51.76 -20.76 2.5
    endloop
  endfacet
  facet normal 0.0523587 -0.998628 0
    outer loop
      vertex 52.26 0.5 2.5
      vertex 52.3645 0.505479 2.6
      vertex 52.26 0.5 2.6
    endloop
  endfacet
  facet normal 0.0523587 -0.998628 0
    outer loop
      vertex 52.3645 0.505479 2.6
      vertex 52.26 0.5 2.5
      vertex 52.3645 0.505479 2.5
    endloop
  endfacet
  facet normal -0.933584 -0.358358 0
    outer loop
      vertex 8.34645 1.09326 2.5
      vertex 8.30894 1.19098 2.6
      vertex 8.30894 1.19098 2.5
    endloop
  endfacet
  facet normal -0.933584 -0.358358 0
    outer loop
      vertex 8.30894 1.19098 2.6
      vertex 8.34645 1.09326 2.5
      vertex 8.34645 1.09326 2.6
    endloop
  endfacet
  facet normal 0 -1 0
    outer loop
      vertex 9.26 0.5 2.5
      vertex 52.26 0.5 2.6
      vertex 9.26 0.5 2.6
    endloop
  endfacet
  facet normal 0 -1 -0
    outer loop
      vertex 52.26 0.5 2.6
      vertex 9.26 0.5 2.5
      vertex 52.26 0.5 2.5
    endloop
  endfacet
  facet normal 0 1 -0
    outer loop
      vertex 52.26 35.5 2.5
      vertex 9.26 35.5 2.6
      vertex 52.26 35.5 2.6
    endloop
  endfacet
  facet normal 0 1 0
    outer loop
      vertex 9.26 35.5 2.6
      vertex 52.26 35.5 2.5
      vertex 9.26 35.5 2.5
    endloop
  endfacet
  facet normal -0.156679 0.98765 0
    outer loop
      vertex 9.15547 35.4945 2.5
      vertex 9.05209 35.4781 2.6
      vertex 9.15547 35.4945 2.6
    endloop
  endfacet
  facet normal -0.156679 0.98765 0
    outer loop
      vertex 9.05209 35.4781 2.6
      vertex 9.15547 35.4945 2.5
      vertex 9.05209 35.4781 2.5
    endloop
  endfacet
  facet normal -0.544562 0.838721 0
    outer loop
      vertex 8.76 35.366 2.5
      vertex 8.67221 35.309 2.6
      vertex 8.76 35.366 2.6
    endloop
  endfacet
  facet normal -0.544562 0.838721 0
    outer loop
      vertex 8.67221 35.309 2.6
      vertex 8.76 35.366 2.5
      vertex 8.67221 35.309 2.5
    endloop
  endfacet
  facet normal 1 -0 0
    outer loop
      vertex 53.26 1.5 2.6
      vertex 53.26 34.5 2.5
      vertex 53.26 34.5 2.6
    endloop
  endfacet
  facet normal 1 0 0
    outer loop
      vertex 53.26 34.5 2.5
      vertex 53.26 1.5 2.6
      vertex 53.26 1.5 2.5
    endloop
  endfacet
  facet normal -0.0523437 -0.998629 0
    outer loop
      vertex 9.15547 0.505479 2.5
      vertex 9.26 0.5 2.6
      vertex 9.15547 0.505479 2.6
    endloop
  endfacet
  facet normal -0.0523437 -0.998629 -0
    outer loop
      vertex 9.26 0.5 2.6
      vertex 9.15547 0.505479 2.5
      vertex 9.26 0.5 2.5
    endloop
  endfacet
  facet normal -0.156427 -0.987689 0
    outer loop
      vertex 9.05209 0.521852 2.5
      vertex 9.15547 0.505479 2.6
      vertex 9.05209 0.521852 2.6
    endloop
  endfacet
  facet normal -0.156427 -0.987689 -0
    outer loop
      vertex 9.15547 0.505479 2.6
      vertex 9.05209 0.521852 2.5
      vertex 9.15547 0.505479 2.5
    endloop
  endfacet
  facet normal 0.891156 0.453697 0
    outer loop
      vertex 53.1735 34.9067 2.6
      vertex 53.126 35 2.5
      vertex 53.126 35 2.6
    endloop
  endfacet
  facet normal 0.891156 0.453697 0
    outer loop
      vertex 53.126 35 2.5
      vertex 53.1735 34.9067 2.6
      vertex 53.1735 34.9067 2.5
    endloop
  endfacet
  facet normal 0.891077 -0.453851 0
    outer loop
      vertex 53.126 1 2.6
      vertex 53.1735 1.09326 2.5
      vertex 53.1735 1.09326 2.6
    endloop
  endfacet
  facet normal 0.891077 -0.453851 0
    outer loop
      vertex 53.1735 1.09326 2.5
      vertex 53.126 1 2.6
      vertex 53.126 1 2.5
    endloop
  endfacet
  facet normal 0.453697 0.891156 -0
    outer loop
      vertex 52.76 35.366 2.5
      vertex 52.6667 35.4135 2.6
      vertex 52.76 35.366 2.6
    endloop
  endfacet
  facet normal 0.453697 0.891156 0
    outer loop
      vertex 52.6667 35.4135 2.6
      vertex 52.76 35.366 2.5
      vertex 52.6667 35.4135 2.5
    endloop
  endfacet
  facet normal 0.707107 0.707107 0
    outer loop
      vertex 53.0031 35.1691 2.6
      vertex 52.9291 35.2431 2.5
      vertex 52.9291 35.2431 2.6
    endloop
  endfacet
  facet normal 0.707107 0.707107 0
    outer loop
      vertex 52.9291 35.2431 2.5
      vertex 53.0031 35.1691 2.6
      vertex 53.0031 35.1691 2.5
    endloop
  endfacet
  facet normal -0.998628 0.0523682 0
    outer loop
      vertex 8.26 34.5 2.5
      vertex 8.26548 34.6045 2.6
      vertex 8.26548 34.6045 2.5
    endloop
  endfacet
  facet normal -0.998628 0.0523682 0
    outer loop
      vertex 8.26548 34.6045 2.6
      vertex 8.26 34.5 2.5
      vertex 8.26 34.5 2.6
    endloop
  endfacet
  facet normal 0.0525588 0.998618 -0
    outer loop
      vertex 52.3645 35.4945 2.5
      vertex 52.26 35.5 2.6
      vertex 52.3645 35.4945 2.6
    endloop
  endfacet
  facet normal 0.0525588 0.998618 0
    outer loop
      vertex 52.26 35.5 2.6
      vertex 52.3645 35.4945 2.5
      vertex 52.26 35.5 2.5
    endloop
  endfacet
  facet normal 0.25884 -0.96592 0
    outer loop
      vertex 52.4679 0.521852 2.5
      vertex 52.569 0.548944 2.6
      vertex 52.4679 0.521852 2.6
    endloop
  endfacet
  facet normal 0.25884 -0.96592 0
    outer loop
      vertex 52.569 0.548944 2.6
      vertex 52.4679 0.521852 2.5
      vertex 52.569 0.548944 2.5
    endloop
  endfacet
  facet normal 0.629693 0.776844 -0
    outer loop
      vertex 52.9291 35.2431 2.5
      vertex 52.8478 35.309 2.6
      vertex 52.9291 35.2431 2.6
    endloop
  endfacet
  facet normal 0.629693 0.776844 0
    outer loop
      vertex 52.8478 35.309 2.6
      vertex 52.9291 35.2431 2.5
      vertex 52.8478 35.309 2.5
    endloop
  endfacet
  facet normal -0.987699 0.15637 0
    outer loop
      vertex 8.26548 34.6045 2.5
      vertex 8.28185 34.7079 2.6
      vertex 8.28185 34.7079 2.5
    endloop
  endfacet
  facet normal -0.987699 0.15637 0
    outer loop
      vertex 8.28185 34.7079 2.6
      vertex 8.26548 34.6045 2.5
      vertex 8.26548 34.6045 2.6
    endloop
  endfacet
  facet normal -0.0525438 0.998619 0
    outer loop
      vertex 9.26 35.5 2.5
      vertex 9.15547 35.4945 2.6
      vertex 9.26 35.5 2.6
    endloop
  endfacet
  facet normal -0.0525438 0.998619 0
    outer loop
      vertex 9.15547 35.4945 2.6
      vertex 9.26 35.5 2.5
      vertex 9.15547 35.4945 2.5
    endloop
  endfacet
  facet normal -0.258816 -0.965927 0
    outer loop
      vertex 8.95098 0.548944 2.5
      vertex 9.05209 0.521852 2.6
      vertex 8.95098 0.548944 2.6
    endloop
  endfacet
  facet normal -0.258816 -0.965927 -0
    outer loop
      vertex 9.05209 0.521852 2.6
      vertex 8.95098 0.548944 2.5
      vertex 9.05209 0.521852 2.5
    endloop
  endfacet
  facet normal 0.544518 0.838749 -0
    outer loop
      vertex 52.8478 35.309 2.5
      vertex 52.76 35.366 2.6
      vertex 52.8478 35.309 2.6
    endloop
  endfacet
  facet normal 0.544518 0.838749 0
    outer loop
      vertex 52.76 35.366 2.6
      vertex 52.8478 35.309 2.5
      vertex 52.76 35.366 2.5
    endloop
  endfacet
  facet normal -1 0 0
    outer loop
      vertex 8.26 10.5792 2.5
      vertex 8.26 34.5 2.6
      vertex 8.26 34.5 2.5
    endloop
  endfacet
  facet normal -1 0 0
    outer loop
      vertex 8.26 1.5 2.6
      vertex 8.26 10.5792 2.5
      vertex 8.26 7.56056 2.5
    endloop
  endfacet
  facet normal -1 0 0
    outer loop
      vertex 8.26 1.5 2.6
      vertex 8.26 7.56056 2.5
      vertex 8.26 1.5 2.5
    endloop
  endfacet
  facet normal -1 0 0
    outer loop
      vertex 8.26 10.5792 2.5
      vertex 8.26 1.5 2.6
      vertex 8.26 34.5 2.6
    endloop
  endfacet
  facet normal -0.257996 0.966146 0
    outer loop
      vertex 9.05209 35.4781 2.5
      vertex 8.95098 35.4511 2.6
      vertex 9.05209 35.4781 2.6
    endloop
  endfacet
  facet normal -0.257996 0.966146 0
    outer loop
      vertex 8.95098 35.4511 2.6
      vertex 9.05209 35.4781 2.5
      vertex 8.95098 35.4511 2.5
    endloop
  endfacet
  facet normal 0.25802 0.96614 -0
    outer loop
      vertex 52.569 35.4511 2.5
      vertex 52.4679 35.4781 2.6
      vertex 52.569 35.4511 2.6
    endloop
  endfacet
  facet normal 0.25802 0.96614 0
    outer loop
      vertex 52.4679 35.4781 2.6
      vertex 52.569 35.4511 2.5
      vertex 52.4679 35.4781 2.5
    endloop
  endfacet
  facet normal 0.35843 -0.933556 0
    outer loop
      vertex 52.569 0.548944 2.5
      vertex 52.6667 0.586455 2.6
      vertex 52.569 0.548944 2.6
    endloop
  endfacet
  facet normal 0.35843 -0.933556 0
    outer loop
      vertex 52.6667 0.586455 2.6
      vertex 52.569 0.548944 2.5
      vertex 52.6667 0.586455 2.5
    endloop
  endfacet
  facet normal -0.359107 0.933296 0
    outer loop
      vertex 8.95098 35.4511 2.5
      vertex 8.85326 35.4135 2.6
      vertex 8.95098 35.4511 2.6
    endloop
  endfacet
  facet normal -0.359107 0.933296 0
    outer loop
      vertex 8.85326 35.4135 2.6
      vertex 8.95098 35.4511 2.5
      vertex 8.85326 35.4135 2.5
    endloop
  endfacet
  facet normal 0.96614 0.25802 0
    outer loop
      vertex 53.2381 34.7079 2.6
      vertex 53.2111 34.809 2.5
      vertex 53.2111 34.809 2.6
    endloop
  endfacet
  facet normal 0.96614 0.25802 0
    outer loop
      vertex 53.2111 34.809 2.5
      vertex 53.2381 34.7079 2.6
      vertex 53.2381 34.7079 2.5
    endloop
  endfacet
  facet normal -0.838705 0.544585 0
    outer loop
      vertex 8.39397 35 2.5
      vertex 8.45098 35.0878 2.6
      vertex 8.45098 35.0878 2.5
    endloop
  endfacet
  facet normal -0.838705 0.544585 0
    outer loop
      vertex 8.45098 35.0878 2.6
      vertex 8.39397 35 2.5
      vertex 8.39397 35 2.6
    endloop
  endfacet
  facet normal -0.838663 -0.544651 0
    outer loop
      vertex 8.45098 0.912215 2.5
      vertex 8.39397 1 2.6
      vertex 8.39397 1 2.5
    endloop
  endfacet
  facet normal -0.838663 -0.544651 0
    outer loop
      vertex 8.39397 1 2.6
      vertex 8.45098 0.912215 2.5
      vertex 8.45098 0.912215 2.6
    endloop
  endfacet
  facet normal 0.987654 0.156649 0
    outer loop
      vertex 53.2545 34.6045 2.6
      vertex 53.2381 34.7079 2.5
      vertex 53.2381 34.7079 2.6
    endloop
  endfacet
  facet normal 0.987654 0.156649 0
    outer loop
      vertex 53.2381 34.7079 2.5
      vertex 53.2545 34.6045 2.6
      vertex 53.2545 34.6045 2.5
    endloop
  endfacet
  facet normal -0.544622 -0.838681 0
    outer loop
      vertex 8.67221 0.690984 2.5
      vertex 8.76 0.633975 2.6
      vertex 8.67221 0.690984 2.6
    endloop
  endfacet
  facet normal -0.544622 -0.838681 -0
    outer loop
      vertex 8.76 0.633975 2.6
      vertex 8.67221 0.690984 2.5
      vertex 8.76 0.633975 2.5
    endloop
  endfacet
  facet normal -0.454003 -0.891 0
    outer loop
      vertex 8.76 0.633975 2.5
      vertex 8.85326 0.586455 2.6
      vertex 8.76 0.633975 2.6
    endloop
  endfacet
  facet normal -0.454003 -0.891 -0
    outer loop
      vertex 8.85326 0.586455 2.6
      vertex 8.76 0.633975 2.5
      vertex 8.85326 0.586455 2.5
    endloop
  endfacet
  facet normal -0.776938 0.629578 0
    outer loop
      vertex 8.45098 35.0878 2.5
      vertex 8.51686 35.1691 2.6
      vertex 8.51686 35.1691 2.5
    endloop
  endfacet
  facet normal -0.776938 0.629578 0
    outer loop
      vertex 8.51686 35.1691 2.6
      vertex 8.45098 35.0878 2.5
      vertex 8.45098 35.0878 2.6
    endloop
  endfacet
  facet normal 0.156649 0.987654 -0
    outer loop
      vertex 52.4679 35.4781 2.5
      vertex 52.3645 35.4945 2.6
      vertex 52.4679 35.4781 2.6
    endloop
  endfacet
  facet normal 0.156649 0.987654 0
    outer loop
      vertex 52.3645 35.4945 2.6
      vertex 52.4679 35.4781 2.5
      vertex 52.3645 35.4945 2.5
    endloop
  endfacet
  facet normal 0.707174 -0.70704 0
    outer loop
      vertex 52.9291 0.756856 2.6
      vertex 53.0031 0.83087 2.5
      vertex 53.0031 0.83087 2.6
    endloop
  endfacet
  facet normal 0.707174 -0.70704 0
    outer loop
      vertex 53.0031 0.83087 2.5
      vertex 52.9291 0.756856 2.6
      vertex 52.9291 0.756856 2.5
    endloop
  endfacet
  facet normal 0.966146 -0.257996 0
    outer loop
      vertex 53.2111 1.19098 2.6
      vertex 53.2381 1.29209 2.5
      vertex 53.2381 1.29209 2.6
    endloop
  endfacet
  facet normal 0.966146 -0.257996 0
    outer loop
      vertex 53.2381 1.29209 2.5
      vertex 53.2111 1.19098 2.6
      vertex 53.2111 1.19098 2.5
    endloop
  endfacet
  facet normal 0.359171 0.933272 -0
    outer loop
      vertex 52.6667 35.4135 2.5
      vertex 52.569 35.4511 2.6
      vertex 52.6667 35.4135 2.6
    endloop
  endfacet
  facet normal 0.359171 0.933272 0
    outer loop
      vertex 52.569 35.4511 2.6
      vertex 52.6667 35.4135 2.5
      vertex 52.569 35.4511 2.5
    endloop
  endfacet
  facet normal 0.838749 0.544518 0
    outer loop
      vertex 53.126 35 2.6
      vertex 53.069 35.0878 2.5
      vertex 53.069 35.0878 2.6
    endloop
  endfacet
  facet normal 0.838749 0.544518 0
    outer loop
      vertex 53.069 35.0878 2.5
      vertex 53.126 35 2.6
      vertex 53.126 35 2.5
    endloop
  endfacet
  facet normal 0.933296 -0.359107 0
    outer loop
      vertex 53.1735 1.09326 2.6
      vertex 53.2111 1.19098 2.5
      vertex 53.2111 1.19098 2.6
    endloop
  endfacet
  facet normal 0.933296 -0.359107 0
    outer loop
      vertex 53.2111 1.19098 2.5
      vertex 53.1735 1.09326 2.6
      vertex 53.1735 1.09326 2.5
    endloop
  endfacet
  facet normal 0 0 1
    outer loop
      vertex 51.5031 33.6691 2.6
      vertex 53.26 34.5 2.6
      vertex 53.2545 34.6045 2.6
    endloop
  endfacet
  facet normal 0 0 1
    outer loop
      vertex 53.26 34.5 2.6
      vertex 51.76 33 2.6
      vertex 53.26 1.5 2.6
    endloop
  endfacet
  facet normal 0 0 1
    outer loop
      vertex 51.5031 33.6691 2.6
      vertex 53.2545 34.6045 2.6
      vertex 53.2381 34.7079 2.6
    endloop
  endfacet
  facet normal -0 0 1
    outer loop
      vertex 51.76 3 2.6
      vertex 53.26 1.5 2.6
      vertex 51.76 33 2.6
    endloop
  endfacet
  facet normal 0 0 1
    outer loop
      vertex 51.5031 33.6691 2.6
      vertex 53.2381 34.7079 2.6
      vertex 53.2111 34.809 2.6
    endloop
  endfacet
  facet normal -0 0 1
    outer loop
      vertex 51.7545 2.89547 2.6
      vertex 53.26 1.5 2.6
      vertex 51.76 3 2.6
    endloop
  endfacet
  facet normal 0 0 1
    outer loop
      vertex 51.5031 33.6691 2.6
      vertex 53.2111 34.809 2.6
      vertex 53.1735 34.9067 2.6
    endloop
  endfacet
  facet normal -0 0 1
    outer loop
      vertex 51.7381 2.79209 2.6
      vertex 53.26 1.5 2.6
      vertex 51.7545 2.89547 2.6
    endloop
  endfacet
  facet normal 0 0 1
    outer loop
      vertex 51.5031 33.6691 2.6
      vertex 53.1735 34.9067 2.6
      vertex 53.126 35 2.6
    endloop
  endfacet
  facet normal -0 0 1
    outer loop
      vertex 51.7111 2.69098 2.6
      vertex 53.26 1.5 2.6
      vertex 51.7381 2.79209 2.6
    endloop
  endfacet
  facet normal 0 0 1
    outer loop
      vertex 51.5031 33.6691 2.6
      vertex 53.126 35 2.6
      vertex 53.069 35.0878 2.6
    endloop
  endfacet
  facet normal -0 0 1
    outer loop
      vertex 51.6735 2.59326 2.6
      vertex 53.26 1.5 2.6
      vertex 51.7111 2.69098 2.6
    endloop
  endfacet
  facet normal 0 0 1
    outer loop
      vertex 51.5031 33.6691 2.6
      vertex 53.069 35.0878 2.6
      vertex 53.0031 35.1691 2.6
    endloop
  endfacet
  facet normal -0 0 1
    outer loop
      vertex 51.626 2.5 2.6
      vertex 53.26 1.5 2.6
      vertex 51.6735 2.59326 2.6
    endloop
  endfacet
  facet normal 0 0 1
    outer loop
      vertex 51.5031 33.6691 2.6
      vertex 53.0031 35.1691 2.6
      vertex 52.9291 35.2431 2.6
    endloop
  endfacet
  facet normal -0 0 1
    outer loop
      vertex 51.569 2.41222 2.6
      vertex 53.26 1.5 2.6
      vertex 51.626 2.5 2.6
    endloop
  endfacet
  facet normal 0 0 1
    outer loop
      vertex 51.5031 33.6691 2.6
      vertex 52.9291 35.2431 2.6
      vertex 52.8478 35.309 2.6
    endloop
  endfacet
  facet normal -0 0 1
    outer loop
      vertex 51.5031 2.33087 2.6
      vertex 53.26 1.5 2.6
      vertex 51.569 2.41222 2.6
    endloop
  endfacet
  facet normal 0 0 1
    outer loop
      vertex 51.5031 33.6691 2.6
      vertex 52.8478 35.309 2.6
      vertex 52.76 35.366 2.6
    endloop
  endfacet
  facet normal 0 0 1
    outer loop
      vertex 53.26 1.5 2.6
      vertex 51.5031 2.33087 2.6
      vertex 53.2545 1.39547 2.6
    endloop
  endfacet
  facet normal 0 0 1
    outer loop
      vertex 51.5031 33.6691 2.6
      vertex 52.76 35.366 2.6
      vertex 52.6667 35.4135 2.6
    endloop
  endfacet
  facet normal 0 0 1
    outer loop
      vertex 53.2545 1.39547 2.6
      vertex 51.5031 2.33087 2.6
      vertex 53.2381 1.29209 2.6
    endloop
  endfacet
  facet normal 0 0 1
    outer loop
      vertex 51.5031 33.6691 2.6
      vertex 52.6667 35.4135 2.6
      vertex 52.569 35.4511 2.6
    endloop
  endfacet
  facet normal 0 0 1
    outer loop
      vertex 53.2381 1.29209 2.6
      vertex 51.5031 2.33087 2.6
      vertex 53.2111 1.19098 2.6
    endloop
  endfacet
  facet normal 0 0 1
    outer loop
      vertex 51.5031 33.6691 2.6
      vertex 52.569 35.4511 2.6
      vertex 52.4679 35.4781 2.6
    endloop
  endfacet
  facet normal 0 0 1
    outer loop
      vertex 53.2111 1.19098 2.6
      vertex 51.5031 2.33087 2.6
      vertex 53.1735 1.09326 2.6
    endloop
  endfacet
  facet normal 0 0 1
    outer loop
      vertex 51.5031 33.6691 2.6
      vertex 52.4679 35.4781 2.6
      vertex 52.3645 35.4945 2.6
    endloop
  endfacet
  facet normal 0 0 1
    outer loop
      vertex 53.1735 1.09326 2.6
      vertex 51.5031 2.33087 2.6
      vertex 53.126 1 2.6
    endloop
  endfacet
  facet normal 0 0 1
    outer loop
      vertex 51.5031 33.6691 2.6
      vertex 52.3645 35.4945 2.6
      vertex 52.26 35.5 2.6
    endloop
  endfacet
  facet normal 0 0 1
    outer loop
      vertex 53.126 1 2.6
      vertex 51.5031 2.33087 2.6
      vertex 53.069 0.912215 2.6
    endloop
  endfacet
  facet normal 0 0 1
    outer loop
      vertex 53.069 0.912215 2.6
      vertex 51.5031 2.33087 2.6
      vertex 53.0031 0.83087 2.6
    endloop
  endfacet
  facet normal 0 0 1
    outer loop
      vertex 53.26 34.5 2.6
      vertex 51.7545 33.1045 2.6
      vertex 51.76 33 2.6
    endloop
  endfacet
  facet normal 0 0 1
    outer loop
      vertex 53.26 34.5 2.6
      vertex 51.7381 33.2079 2.6
      vertex 51.7545 33.1045 2.6
    endloop
  endfacet
  facet normal 0 0 1
    outer loop
      vertex 53.26 34.5 2.6
      vertex 51.7111 33.309 2.6
      vertex 51.7381 33.2079 2.6
    endloop
  endfacet
  facet normal 0 0 1
    outer loop
      vertex 53.26 34.5 2.6
      vertex 51.6735 33.4067 2.6
      vertex 51.7111 33.309 2.6
    endloop
  endfacet
  facet normal 0 0 1
    outer loop
      vertex 53.26 34.5 2.6
      vertex 51.626 33.5 2.6
      vertex 51.6735 33.4067 2.6
    endloop
  endfacet
  facet normal 0 0 1
    outer loop
      vertex 53.26 34.5 2.6
      vertex 51.569 33.5878 2.6
      vertex 51.626 33.5 2.6
    endloop
  endfacet
  facet normal 0 0 1
    outer loop
      vertex 53.26 34.5 2.6
      vertex 51.5031 33.6691 2.6
      vertex 51.569 33.5878 2.6
    endloop
  endfacet
  facet normal 0 0 1
    outer loop
      vertex 52.26 35.5 2.6
      vertex 51.4291 33.7431 2.6
      vertex 51.5031 33.6691 2.6
    endloop
  endfacet
  facet normal 0 0 1
    outer loop
      vertex 52.26 35.5 2.6
      vertex 51.3478 33.809 2.6
      vertex 51.4291 33.7431 2.6
    endloop
  endfacet
  facet normal 0 0 1
    outer loop
      vertex 52.26 35.5 2.6
      vertex 51.26 33.866 2.6
      vertex 51.3478 33.809 2.6
    endloop
  endfacet
  facet normal 0 0 1
    outer loop
      vertex 52.26 35.5 2.6
      vertex 51.1667 33.9135 2.6
      vertex 51.26 33.866 2.6
    endloop
  endfacet
  facet normal 0 0 1
    outer loop
      vertex 52.26 35.5 2.6
      vertex 51.069 33.9511 2.6
      vertex 51.1667 33.9135 2.6
    endloop
  endfacet
  facet normal 0 0 1
    outer loop
      vertex 52.26 35.5 2.6
      vertex 50.9679 33.9781 2.6
      vertex 51.069 33.9511 2.6
    endloop
  endfacet
  facet normal 0 0 1
    outer loop
      vertex 52.26 35.5 2.6
      vertex 50.8645 33.9945 2.6
      vertex 50.9679 33.9781 2.6
    endloop
  endfacet
  facet normal 0 0 1
    outer loop
      vertex 52.26 35.5 2.6
      vertex 50.76 34 2.6
      vertex 50.8645 33.9945 2.6
    endloop
  endfacet
  facet normal 0 0 1
    outer loop
      vertex 52.26 35.5 2.6
      vertex 10.76 34 2.6
      vertex 50.76 34 2.6
    endloop
  endfacet
  facet normal 0 0 1
    outer loop
      vertex 9.76548 33.1045 2.6
      vertex 8.26 34.5 2.6
      vertex 9.76 33 2.6
    endloop
  endfacet
  facet normal 0 0 1
    outer loop
      vertex 9.78185 33.2079 2.6
      vertex 8.26 34.5 2.6
      vertex 9.76548 33.1045 2.6
    endloop
  endfacet
  facet normal 0 0 1
    outer loop
      vertex 9.80894 33.309 2.6
      vertex 8.26 34.5 2.6
      vertex 9.78185 33.2079 2.6
    endloop
  endfacet
  facet normal 0 0 1
    outer loop
      vertex 9.84645 33.4067 2.6
      vertex 8.26 34.5 2.6
      vertex 9.80894 33.309 2.6
    endloop
  endfacet
  facet normal 0 0 1
    outer loop
      vertex 9.89397 33.5 2.6
      vertex 8.26 34.5 2.6
      vertex 9.84645 33.4067 2.6
    endloop
  endfacet
  facet normal 0 0 1
    outer loop
      vertex 9.95098 33.5878 2.6
      vertex 8.26 34.5 2.6
      vertex 9.89397 33.5 2.6
    endloop
  endfacet
  facet normal 0 0 1
    outer loop
      vertex 10.0169 33.6691 2.6
      vertex 8.26 34.5 2.6
      vertex 9.95098 33.5878 2.6
    endloop
  endfacet
  facet normal -0 0 1
    outer loop
      vertex 8.26 34.5 2.6
      vertex 10.0169 33.6691 2.6
      vertex 9.26 35.5 2.6
    endloop
  endfacet
  facet normal 0 0 1
    outer loop
      vertex 10.0909 33.7431 2.6
      vertex 9.26 35.5 2.6
      vertex 10.0169 33.6691 2.6
    endloop
  endfacet
  facet normal 0 0 1
    outer loop
      vertex 10.1722 33.809 2.6
      vertex 9.26 35.5 2.6
      vertex 10.0909 33.7431 2.6
    endloop
  endfacet
  facet normal 0 0 1
    outer loop
      vertex 10.26 33.866 2.6
      vertex 9.26 35.5 2.6
      vertex 10.1722 33.809 2.6
    endloop
  endfacet
  facet normal 0 0 1
    outer loop
      vertex 10.3533 33.9135 2.6
      vertex 9.26 35.5 2.6
      vertex 10.26 33.866 2.6
    endloop
  endfacet
  facet normal 0 0 1
    outer loop
      vertex 10.451 33.9511 2.6
      vertex 9.26 35.5 2.6
      vertex 10.3533 33.9135 2.6
    endloop
  endfacet
  facet normal 0 0 1
    outer loop
      vertex 10.5521 33.9781 2.6
      vertex 9.26 35.5 2.6
      vertex 10.451 33.9511 2.6
    endloop
  endfacet
  facet normal 0 0 1
    outer loop
      vertex 10.6555 33.9945 2.6
      vertex 9.26 35.5 2.6
      vertex 10.5521 33.9781 2.6
    endloop
  endfacet
  facet normal 0 0 1
    outer loop
      vertex 10.76 34 2.6
      vertex 9.26 35.5 2.6
      vertex 10.6555 33.9945 2.6
    endloop
  endfacet
  facet normal -0 0 1
    outer loop
      vertex 9.26 35.5 2.6
      vertex 10.76 34 2.6
      vertex 52.26 35.5 2.6
    endloop
  endfacet
  facet normal 0 0 1
    outer loop
      vertex 53.0031 0.83087 2.6
      vertex 51.5031 2.33087 2.6
      vertex 52.9291 0.756856 2.6
    endloop
  endfacet
  facet normal 0 0 1
    outer loop
      vertex 52.9291 0.756856 2.6
      vertex 51.5031 2.33087 2.6
      vertex 52.8478 0.690984 2.6
    endloop
  endfacet
  facet normal 0 0 1
    outer loop
      vertex 52.8478 0.690984 2.6
      vertex 51.5031 2.33087 2.6
      vertex 52.76 0.633975 2.6
    endloop
  endfacet
  facet normal 0 0 1
    outer loop
      vertex 52.76 0.633975 2.6
      vertex 51.5031 2.33087 2.6
      vertex 52.6667 0.586455 2.6
    endloop
  endfacet
  facet normal 0 0 1
    outer loop
      vertex 52.6667 0.586455 2.6
      vertex 51.5031 2.33087 2.6
      vertex 52.569 0.548944 2.6
    endloop
  endfacet
  facet normal 0 0 1
    outer loop
      vertex 52.569 0.548944 2.6
      vertex 51.5031 2.33087 2.6
      vertex 52.4679 0.521852 2.6
    endloop
  endfacet
  facet normal 0 0 1
    outer loop
      vertex 52.4679 0.521852 2.6
      vertex 51.5031 2.33087 2.6
      vertex 52.3645 0.505479 2.6
    endloop
  endfacet
  facet normal 0 0 1
    outer loop
      vertex 52.3645 0.505479 2.6
      vertex 51.5031 2.33087 2.6
      vertex 52.26 0.5 2.6
    endloop
  endfacet
  facet normal -0 0 1
    outer loop
      vertex 51.4291 2.25686 2.6
      vertex 52.26 0.5 2.6
      vertex 51.5031 2.33087 2.6
    endloop
  endfacet
  facet normal -0 0 1
    outer loop
      vertex 51.3478 2.19098 2.6
      vertex 52.26 0.5 2.6
      vertex 51.4291 2.25686 2.6
    endloop
  endfacet
  facet normal -0 0 1
    outer loop
      vertex 51.26 2.13398 2.6
      vertex 52.26 0.5 2.6
      vertex 51.3478 2.19098 2.6
    endloop
  endfacet
  facet normal -0 0 1
    outer loop
      vertex 51.1667 2.08646 2.6
      vertex 52.26 0.5 2.6
      vertex 51.26 2.13398 2.6
    endloop
  endfacet
  facet normal -0 0 1
    outer loop
      vertex 51.069 2.04894 2.6
      vertex 52.26 0.5 2.6
      vertex 51.1667 2.08646 2.6
    endloop
  endfacet
  facet normal -0 0 1
    outer loop
      vertex 50.9679 2.02185 2.6
      vertex 52.26 0.5 2.6
      vertex 51.069 2.04894 2.6
    endloop
  endfacet
  facet normal -0 0 1
    outer loop
      vertex 50.8645 2.00548 2.6
      vertex 52.26 0.5 2.6
      vertex 50.9679 2.02185 2.6
    endloop
  endfacet
  facet normal -0 0 1
    outer loop
      vertex 50.76 2 2.6
      vertex 52.26 0.5 2.6
      vertex 50.8645 2.00548 2.6
    endloop
  endfacet
  facet normal -0 0 1
    outer loop
      vertex 10.76 2 2.6
      vertex 52.26 0.5 2.6
      vertex 50.76 2 2.6
    endloop
  endfacet
  facet normal 0 0 1
    outer loop
      vertex 10.76 2 2.6
      vertex 9.26 0.5 2.6
      vertex 52.26 0.5 2.6
    endloop
  endfacet
  facet normal 0 0 1
    outer loop
      vertex 10.6555 2.00548 2.6
      vertex 9.26 0.5 2.6
      vertex 10.76 2 2.6
    endloop
  endfacet
  facet normal 0 0 1
    outer loop
      vertex 10.5521 2.02185 2.6
      vertex 9.26 0.5 2.6
      vertex 10.6555 2.00548 2.6
    endloop
  endfacet
  facet normal 0 0 1
    outer loop
      vertex 10.451 2.04894 2.6
      vertex 9.26 0.5 2.6
      vertex 10.5521 2.02185 2.6
    endloop
  endfacet
  facet normal 0 0 1
    outer loop
      vertex 10.3533 2.08646 2.6
      vertex 9.26 0.5 2.6
      vertex 10.451 2.04894 2.6
    endloop
  endfacet
  facet normal 0 0 1
    outer loop
      vertex 10.26 2.13398 2.6
      vertex 9.26 0.5 2.6
      vertex 10.3533 2.08646 2.6
    endloop
  endfacet
  facet normal 0 0 1
    outer loop
      vertex 10.1722 2.19098 2.6
      vertex 9.26 0.5 2.6
      vertex 10.26 2.13398 2.6
    endloop
  endfacet
  facet normal 0 0 1
    outer loop
      vertex 10.0909 2.25686 2.6
      vertex 9.26 0.5 2.6
      vertex 10.1722 2.19098 2.6
    endloop
  endfacet
  facet normal 0 0 1
    outer loop
      vertex 10.0169 2.33087 2.6
      vertex 9.26 0.5 2.6
      vertex 10.0909 2.25686 2.6
    endloop
  endfacet
  facet normal 0 0 1
    outer loop
      vertex 8.26 1.5 2.6
      vertex 10.0169 2.33087 2.6
      vertex 9.95098 2.41222 2.6
    endloop
  endfacet
  facet normal 0 0 1
    outer loop
      vertex 8.26 1.5 2.6
      vertex 9.95098 2.41222 2.6
      vertex 9.89397 2.5 2.6
    endloop
  endfacet
  facet normal 0 0 1
    outer loop
      vertex 8.26 1.5 2.6
      vertex 9.89397 2.5 2.6
      vertex 9.84645 2.59326 2.6
    endloop
  endfacet
  facet normal 0 0 1
    outer loop
      vertex 8.26 1.5 2.6
      vertex 9.84645 2.59326 2.6
      vertex 9.80894 2.69098 2.6
    endloop
  endfacet
  facet normal 0 0 1
    outer loop
      vertex 8.26 1.5 2.6
      vertex 9.80894 2.69098 2.6
      vertex 9.78185 2.79209 2.6
    endloop
  endfacet
  facet normal 0 0 1
    outer loop
      vertex 8.26 1.5 2.6
      vertex 9.78185 2.79209 2.6
      vertex 9.76548 2.89547 2.6
    endloop
  endfacet
  facet normal 0 0 1
    outer loop
      vertex 8.26 1.5 2.6
      vertex 9.76548 2.89547 2.6
      vertex 9.76 3 2.6
    endloop
  endfacet
  facet normal 0 0 1
    outer loop
      vertex 9.76 33 2.6
      vertex 8.26 34.5 2.6
      vertex 9.76 3 2.6
    endloop
  endfacet
  facet normal 0 0 1
    outer loop
      vertex 8.26 34.5 2.6
      vertex 9.26 35.5 2.6
      vertex 9.15547 35.4945 2.6
    endloop
  endfacet
  facet normal 0 0 1
    outer loop
      vertex 8.26 1.5 2.6
      vertex 9.76 3 2.6
      vertex 8.26 34.5 2.6
    endloop
  endfacet
  facet normal 0 0 1
    outer loop
      vertex 8.26 34.5 2.6
      vertex 9.15547 35.4945 2.6
      vertex 9.05209 35.4781 2.6
    endloop
  endfacet
  facet normal 0 0 1
    outer loop
      vertex 10.0169 2.33087 2.6
      vertex 8.26 1.5 2.6
      vertex 9.26 0.5 2.6
    endloop
  endfacet
  facet normal 0 0 1
    outer loop
      vertex 8.26 34.5 2.6
      vertex 9.05209 35.4781 2.6
      vertex 8.95098 35.4511 2.6
    endloop
  endfacet
  facet normal 0 0 1
    outer loop
      vertex 9.26 0.5 2.6
      vertex 8.26 1.5 2.6
      vertex 9.15547 0.505479 2.6
    endloop
  endfacet
  facet normal 0 0 1
    outer loop
      vertex 8.26 34.5 2.6
      vertex 8.95098 35.4511 2.6
      vertex 8.85326 35.4135 2.6
    endloop
  endfacet
  facet normal 0 0 1
    outer loop
      vertex 9.15547 0.505479 2.6
      vertex 8.26 1.5 2.6
      vertex 9.05209 0.521852 2.6
    endloop
  endfacet
  facet normal 0 0 1
    outer loop
      vertex 8.26 34.5 2.6
      vertex 8.85326 35.4135 2.6
      vertex 8.76 35.366 2.6
    endloop
  endfacet
  facet normal 0 0 1
    outer loop
      vertex 9.05209 0.521852 2.6
      vertex 8.26 1.5 2.6
      vertex 8.95098 0.548944 2.6
    endloop
  endfacet
  facet normal 0 0 1
    outer loop
      vertex 8.26 34.5 2.6
      vertex 8.76 35.366 2.6
      vertex 8.67221 35.309 2.6
    endloop
  endfacet
  facet normal 0 0 1
    outer loop
      vertex 8.95098 0.548944 2.6
      vertex 8.26 1.5 2.6
      vertex 8.85326 0.586455 2.6
    endloop
  endfacet
  facet normal 0 0 1
    outer loop
      vertex 8.26 34.5 2.6
      vertex 8.67221 35.309 2.6
      vertex 8.59087 35.2431 2.6
    endloop
  endfacet
  facet normal 0 0 1
    outer loop
      vertex 8.85326 0.586455 2.6
      vertex 8.26 1.5 2.6
      vertex 8.76 0.633975 2.6
    endloop
  endfacet
  facet normal 0 0 1
    outer loop
      vertex 8.26 34.5 2.6
      vertex 8.59087 35.2431 2.6
      vertex 8.51686 35.1691 2.6
    endloop
  endfacet
  facet normal 0 0 1
    outer loop
      vertex 8.76 0.633975 2.6
      vertex 8.26 1.5 2.6
      vertex 8.67221 0.690984 2.6
    endloop
  endfacet
  facet normal 0 0 1
    outer loop
      vertex 8.26 34.5 2.6
      vertex 8.51686 35.1691 2.6
      vertex 8.45098 35.0878 2.6
    endloop
  endfacet
  facet normal 0 0 1
    outer loop
      vertex 8.67221 0.690984 2.6
      vertex 8.26 1.5 2.6
      vertex 8.59087 0.756856 2.6
    endloop
  endfacet
  facet normal 0 0 1
    outer loop
      vertex 8.26 34.5 2.6
      vertex 8.45098 35.0878 2.6
      vertex 8.39397 35 2.6
    endloop
  endfacet
  facet normal 0 0 1
    outer loop
      vertex 8.59087 0.756856 2.6
      vertex 8.26 1.5 2.6
      vertex 8.51686 0.83087 2.6
    endloop
  endfacet
  facet normal 0 0 1
    outer loop
      vertex 8.26 34.5 2.6
      vertex 8.39397 35 2.6
      vertex 8.34645 34.9067 2.6
    endloop
  endfacet
  facet normal 0 0 1
    outer loop
      vertex 8.51686 0.83087 2.6
      vertex 8.26 1.5 2.6
      vertex 8.45098 0.912215 2.6
    endloop
  endfacet
  facet normal 0 0 1
    outer loop
      vertex 8.26 34.5 2.6
      vertex 8.34645 34.9067 2.6
      vertex 8.30894 34.809 2.6
    endloop
  endfacet
  facet normal 0 0 1
    outer loop
      vertex 8.45098 0.912215 2.6
      vertex 8.26 1.5 2.6
      vertex 8.39397 1 2.6
    endloop
  endfacet
  facet normal 0 0 1
    outer loop
      vertex 8.26 34.5 2.6
      vertex 8.30894 34.809 2.6
      vertex 8.28185 34.7079 2.6
    endloop
  endfacet
  facet normal 0 0 1
    outer loop
      vertex 8.39397 1 2.6
      vertex 8.26 1.5 2.6
      vertex 8.34645 1.09326 2.6
    endloop
  endfacet
  facet normal 0 0 1
    outer loop
      vertex 8.26 34.5 2.6
      vertex 8.28185 34.7079 2.6
      vertex 8.26548 34.6045 2.6
    endloop
  endfacet
  facet normal 0 0 1
    outer loop
      vertex 8.34645 1.09326 2.6
      vertex 8.26 1.5 2.6
      vertex 8.30894 1.19098 2.6
    endloop
  endfacet
  facet normal 0 0 1
    outer loop
      vertex 8.30894 1.19098 2.6
      vertex 8.26 1.5 2.6
      vertex 8.28185 1.29209 2.6
    endloop
  endfacet
  facet normal 0 0 1
    outer loop
      vertex 8.28185 1.29209 2.6
      vertex 8.26 1.5 2.6
      vertex 8.26548 1.39547 2.6
    endloop
  endfacet
  facet normal 0.776844 0.629693 0
    outer loop
      vertex 53.069 35.0878 2.6
      vertex 53.0031 35.1691 2.5
      vertex 53.0031 35.1691 2.6
    endloop
  endfacet
  facet normal 0.776844 0.629693 0
    outer loop
      vertex 53.0031 35.1691 2.5
      vertex 53.069 35.0878 2.6
      vertex 53.069 35.0878 2.5
    endloop
  endfacet
  facet normal -0.453851 0.891077 0
    outer loop
      vertex 8.85326 35.4135 2.5
      vertex 8.76 35.366 2.6
      vertex 8.85326 35.4135 2.6
    endloop
  endfacet
  facet normal -0.453851 0.891077 0
    outer loop
      vertex 8.76 35.366 2.6
      vertex 8.85326 35.4135 2.5
      vertex 8.76 35.366 2.5
    endloop
  endfacet
  facet normal -0.777108 -0.629367 0
    outer loop
      vertex 8.51686 0.83087 2.5
      vertex 8.45098 0.912215 2.6
      vertex 8.45098 0.912215 2.5
    endloop
  endfacet
  facet normal -0.777108 -0.629367 0
    outer loop
      vertex 8.45098 0.912215 2.6
      vertex 8.51686 0.83087 2.5
      vertex 8.51686 0.83087 2.6
    endloop
  endfacet
  facet normal 0.453849 -0.891079 0
    outer loop
      vertex 52.6667 0.586455 2.5
      vertex 52.76 0.633975 2.6
      vertex 52.6667 0.586455 2.6
    endloop
  endfacet
  facet normal 0.453849 -0.891079 0
    outer loop
      vertex 52.76 0.633975 2.6
      vertex 52.6667 0.586455 2.5
      vertex 52.76 0.633975 2.5
    endloop
  endfacet
  facet normal 0.998619 -0.0525438 0
    outer loop
      vertex 53.2545 1.39547 2.6
      vertex 53.26 1.5 2.5
      vertex 53.26 1.5 2.6
    endloop
  endfacet
  facet normal 0.998619 -0.0525438 0
    outer loop
      vertex 53.26 1.5 2.5
      vertex 53.2545 1.39547 2.6
      vertex 53.2545 1.39547 2.5
    endloop
  endfacet
  facet normal 0.933272 0.359171 0
    outer loop
      vertex 53.2111 34.809 2.6
      vertex 53.1735 34.9067 2.5
      vertex 53.1735 34.9067 2.6
    endloop
  endfacet
  facet normal 0.933272 0.359171 0
    outer loop
      vertex 53.1735 34.9067 2.5
      vertex 53.2111 34.809 2.6
      vertex 53.2111 34.809 2.5
    endloop
  endfacet
  facet normal 0.544579 -0.83871 0
    outer loop
      vertex 52.76 0.633975 2.5
      vertex 52.8478 0.690984 2.6
      vertex 52.76 0.633975 2.6
    endloop
  endfacet
  facet normal 0.544579 -0.83871 0
    outer loop
      vertex 52.8478 0.690984 2.6
      vertex 52.76 0.633975 2.5
      vertex 52.8478 0.690984 2.5
    endloop
  endfacet
  facet normal -0.707126 -0.707088 0
    outer loop
      vertex 8.59087 0.756856 2.5
      vertex 8.51686 0.83087 2.6
      vertex 8.51686 0.83087 2.5
    endloop
  endfacet
  facet normal -0.707126 -0.707088 0
    outer loop
      vertex 8.51686 0.83087 2.6
      vertex 8.59087 0.756856 2.5
      vertex 8.59087 0.756856 2.6
    endloop
  endfacet
  facet normal -0.891079 0.453849 0
    outer loop
      vertex 8.34645 34.9067 2.5
      vertex 8.39397 35 2.6
      vertex 8.39397 35 2.5
    endloop
  endfacet
  facet normal -0.891079 0.453849 0
    outer loop
      vertex 8.39397 35 2.6
      vertex 8.34645 34.9067 2.5
      vertex 8.34645 34.9067 2.6
    endloop
  endfacet
  facet normal 0.98765 -0.156679 0
    outer loop
      vertex 53.2381 1.29209 2.6
      vertex 53.2545 1.39547 2.5
      vertex 53.2545 1.39547 2.6
    endloop
  endfacet
  facet normal 0.98765 -0.156679 0
    outer loop
      vertex 53.2545 1.39547 2.5
      vertex 53.2381 1.29209 2.6
      vertex 53.2381 1.29209 2.5
    endloop
  endfacet
  facet normal -0.358366 -0.933581 0
    outer loop
      vertex 8.85326 0.586455 2.5
      vertex 8.95098 0.548944 2.6
      vertex 8.85326 0.586455 2.6
    endloop
  endfacet
  facet normal -0.358366 -0.933581 -0
    outer loop
      vertex 8.95098 0.548944 2.6
      vertex 8.85326 0.586455 2.5
      vertex 8.95098 0.548944 2.5
    endloop
  endfacet
  facet normal 0.998618 0.0525588 0
    outer loop
      vertex 53.26 34.5 2.6
      vertex 53.2545 34.6045 2.5
      vertex 53.2545 34.6045 2.6
    endloop
  endfacet
  facet normal 0.998618 0.0525588 0
    outer loop
      vertex 53.2545 34.6045 2.5
      vertex 53.26 34.5 2.6
      vertex 53.26 34.5 2.5
    endloop
  endfacet
  facet normal -0.707059 0.707155 0
    outer loop
      vertex 8.51686 35.1691 2.5
      vertex 8.59087 35.2431 2.6
      vertex 8.59087 35.2431 2.5
    endloop
  endfacet
  facet normal -0.707059 0.707155 0
    outer loop
      vertex 8.59087 35.2431 2.6
      vertex 8.51686 35.1691 2.5
      vertex 8.51686 35.1691 2.6
    endloop
  endfacet
  facet normal -0.629344 -0.777126 0
    outer loop
      vertex 8.59087 0.756856 2.5
      vertex 8.67221 0.690984 2.6
      vertex 8.59087 0.756856 2.6
    endloop
  endfacet
  facet normal -0.629344 -0.777126 -0
    outer loop
      vertex 8.67221 0.690984 2.6
      vertex 8.59087 0.756856 2.5
      vertex 8.67221 0.690984 2.5
    endloop
  endfacet
  facet normal -0.629506 0.776996 0
    outer loop
      vertex 8.67221 35.309 2.5
      vertex 8.59087 35.2431 2.6
      vertex 8.67221 35.309 2.6
    endloop
  endfacet
  facet normal -0.629506 0.776996 0
    outer loop
      vertex 8.59087 35.2431 2.6
      vertex 8.67221 35.309 2.5
      vertex 8.59087 35.2431 2.5
    endloop
  endfacet
  facet normal 0.629531 -0.776975 0
    outer loop
      vertex 52.8478 0.690984 2.5
      vertex 52.9291 0.756856 2.6
      vertex 52.8478 0.690984 2.6
    endloop
  endfacet
  facet normal 0.629531 -0.776975 0
    outer loop
      vertex 52.9291 0.756856 2.6
      vertex 52.8478 0.690984 2.5
      vertex 52.9291 0.756856 2.5
    endloop
  endfacet
  facet normal -0.965931 -0.258798 0
    outer loop
      vertex 8.30894 1.19098 2.5
      vertex 8.28185 1.29209 2.6
      vertex 8.28185 1.29209 2.5
    endloop
  endfacet
  facet normal -0.965931 -0.258798 0
    outer loop
      vertex 8.28185 1.29209 2.6
      vertex 8.30894 1.19098 2.5
      vertex 8.30894 1.19098 2.6
    endloop
  endfacet
  facet normal 0.156398 -0.987694 0
    outer loop
      vertex 52.3645 0.505479 2.5
      vertex 52.4679 0.521852 2.6
      vertex 52.3645 0.505479 2.6
    endloop
  endfacet
  facet normal 0.156398 -0.987694 0
    outer loop
      vertex 52.4679 0.521852 2.6
      vertex 52.3645 0.505479 2.5
      vertex 52.4679 0.521852 2.5
    endloop
  endfacet
  facet normal -0.891 -0.454003 0
    outer loop
      vertex 8.39397 1 2.5
      vertex 8.34645 1.09326 2.6
      vertex 8.34645 1.09326 2.5
    endloop
  endfacet
  facet normal -0.891 -0.454003 0
    outer loop
      vertex 8.34645 1.09326 2.6
      vertex 8.39397 1 2.5
      vertex 8.39397 1 2.6
    endloop
  endfacet
  facet normal 0.777015 -0.629483 0
    outer loop
      vertex 53.0031 0.83087 2.6
      vertex 53.069 0.912215 2.5
      vertex 53.069 0.912215 2.6
    endloop
  endfacet
  facet normal 0.777015 -0.629483 0
    outer loop
      vertex 53.069 0.912215 2.5
      vertex 53.0031 0.83087 2.6
      vertex 53.0031 0.83087 2.5
    endloop
  endfacet
  facet normal 0.838707 -0.544584 0
    outer loop
      vertex 53.069 0.912215 2.6
      vertex 53.126 1 2.5
      vertex 53.126 1 2.6
    endloop
  endfacet
  facet normal 0.838707 -0.544584 0
    outer loop
      vertex 53.126 1 2.5
      vertex 53.069 0.912215 2.6
      vertex 53.069 0.912215 2.5
    endloop
  endfacet
  facet normal -0.965925 0.258822 0
    outer loop
      vertex 8.28185 34.7079 2.5
      vertex 8.30894 34.809 2.6
      vertex 8.30894 34.809 2.5
    endloop
  endfacet
  facet normal -0.965925 0.258822 0
    outer loop
      vertex 8.30894 34.809 2.6
      vertex 8.28185 34.7079 2.5
      vertex 8.28185 34.7079 2.6
    endloop
  endfacet
  facet normal -0.987694 -0.156399 0
    outer loop
      vertex 8.28185 1.29209 2.5
      vertex 8.26548 1.39547 2.6
      vertex 8.26548 1.39547 2.5
    endloop
  endfacet
  facet normal -0.987694 -0.156399 0
    outer loop
      vertex 8.26548 1.39547 2.6
      vertex 8.28185 1.29209 2.5
      vertex 8.28185 1.29209 2.6
    endloop
  endfacet
  facet normal -0.998629 -0.0523532 0
    outer loop
      vertex 8.26548 1.39547 2.5
      vertex 8.26 1.5 2.6
      vertex 8.26 1.5 2.5
    endloop
  endfacet
  facet normal -0.998629 -0.0523532 0
    outer loop
      vertex 8.26 1.5 2.6
      vertex 8.26548 1.39547 2.5
      vertex 8.26548 1.39547 2.6
    endloop
  endfacet
  facet normal -0.93356 0.358422 0
    outer loop
      vertex 8.30894 34.809 2.5
      vertex 8.34645 34.9067 2.6
      vertex 8.34645 34.9067 2.5
    endloop
  endfacet
  facet normal -0.93356 0.358422 0
    outer loop
      vertex 8.34645 34.9067 2.6
      vertex 8.30894 34.809 2.5
      vertex 8.30894 34.809 2.6
    endloop
  endfacet
  facet normal -0.707155 0.707059 0
    outer loop
      vertex 51.4291 2.25686 2.5
      vertex 51.5031 2.33087 2.6
      vertex 51.5031 2.33087 2.5
    endloop
  endfacet
  facet normal -0.707155 0.707059 0
    outer loop
      vertex 51.5031 2.33087 2.6
      vertex 51.4291 2.25686 2.5
      vertex 51.4291 2.25686 2.6
    endloop
  endfacet
  facet normal 1 0 0
    outer loop
      vertex 9.76 33 2.6
      vertex 9.76 10.5792 2.5
      vertex 9.76 33 2.5
    endloop
  endfacet
  facet normal 1 -0 0
    outer loop
      vertex 9.76 3 2.6
      vertex 9.76 10.5792 2.5
      vertex 9.76 33 2.6
    endloop
  endfacet
  facet normal 1 0 0
    outer loop
      vertex 9.76 10.5792 2.5
      vertex 9.76 3 2.6
      vertex 9.76 7.56056 2.5
    endloop
  endfacet
  facet normal 1 0 0
    outer loop
      vertex 9.76 7.56056 2.5
      vertex 9.76 3 2.6
      vertex 9.76 3 2.5
    endloop
  endfacet
  facet normal -0.891077 0.453851 0
    outer loop
      vertex 51.626 2.5 2.5
      vertex 51.6735 2.59326 2.6
      vertex 51.6735 2.59326 2.5
    endloop
  endfacet
  facet normal -0.891077 0.453851 0
    outer loop
      vertex 51.6735 2.59326 2.6
      vertex 51.626 2.5 2.5
      vertex 51.626 2.5 2.6
    endloop
  endfacet
  facet normal 0.998629 0.0523532 0
    outer loop
      vertex 9.76548 2.89547 2.6
      vertex 9.76 3 2.5
      vertex 9.76 3 2.6
    endloop
  endfacet
  facet normal 0.998629 0.0523532 0
    outer loop
      vertex 9.76 3 2.5
      vertex 9.76548 2.89547 2.6
      vertex 9.76548 2.89547 2.5
    endloop
  endfacet
  facet normal -0.96614 -0.25802 0
    outer loop
      vertex 51.7381 33.2079 2.5
      vertex 51.7111 33.309 2.6
      vertex 51.7111 33.309 2.5
    endloop
  endfacet
  facet normal -0.96614 -0.25802 0
    outer loop
      vertex 51.7111 33.309 2.6
      vertex 51.7381 33.2079 2.5
      vertex 51.7381 33.2079 2.6
    endloop
  endfacet
  facet normal 0 1 -0
    outer loop
      vertex 50.76 2 2.5
      vertex 10.76 2 2.6
      vertex 50.76 2 2.6
    endloop
  endfacet
  facet normal 0 1 0
    outer loop
      vertex 10.76 2 2.6
      vertex 50.76 2 2.5
      vertex 10.76 2 2.5
    endloop
  endfacet
  facet normal -1 0 0
    outer loop
      vertex 51.76 3 2.5
      vertex 51.76 33 2.6
      vertex 51.76 33 2.5
    endloop
  endfacet
  facet normal -1 -0 0
    outer loop
      vertex 51.76 33 2.6
      vertex 51.76 3 2.5
      vertex 51.76 3 2.6
    endloop
  endfacet
  facet normal -0.544518 -0.838749 0
    outer loop
      vertex 51.26 33.866 2.5
      vertex 51.3478 33.809 2.6
      vertex 51.26 33.866 2.6
    endloop
  endfacet
  facet normal -0.544518 -0.838749 -0
    outer loop
      vertex 51.3478 33.809 2.6
      vertex 51.26 33.866 2.5
      vertex 51.3478 33.809 2.5
    endloop
  endfacet
  facet normal -0.453849 0.891079 0
    outer loop
      vertex 51.26 2.13398 2.5
      vertex 51.1667 2.08646 2.6
      vertex 51.26 2.13398 2.6
    endloop
  endfacet
  facet normal -0.453849 0.891079 0
    outer loop
      vertex 51.1667 2.08646 2.6
      vertex 51.26 2.13398 2.5
      vertex 51.1667 2.08646 2.5
    endloop
  endfacet
  facet normal -0.707107 -0.707107 0
    outer loop
      vertex 51.5031 33.6691 2.5
      vertex 51.4291 33.7431 2.6
      vertex 51.4291 33.7431 2.5
    endloop
  endfacet
  facet normal -0.707107 -0.707107 0
    outer loop
      vertex 51.4291 33.7431 2.6
      vertex 51.5031 33.6691 2.5
      vertex 51.5031 33.6691 2.6
    endloop
  endfacet
  facet normal -0.776844 -0.629693 0
    outer loop
      vertex 51.569 33.5878 2.5
      vertex 51.5031 33.6691 2.6
      vertex 51.5031 33.6691 2.5
    endloop
  endfacet
  facet normal -0.776844 -0.629693 0
    outer loop
      vertex 51.5031 33.6691 2.6
      vertex 51.569 33.5878 2.5
      vertex 51.569 33.5878 2.6
    endloop
  endfacet
  facet normal 0.77694 0.629575 0
    outer loop
      vertex 10.0169 2.33087 2.6
      vertex 9.95098 2.41222 2.5
      vertex 9.95098 2.41222 2.6
    endloop
  endfacet
  facet normal 0.77694 0.629575 0
    outer loop
      vertex 9.95098 2.41222 2.5
      vertex 10.0169 2.33087 2.6
      vertex 10.0169 2.33087 2.5
    endloop
  endfacet
  facet normal 0.965931 0.258798 0
    outer loop
      vertex 9.80894 2.69098 2.6
      vertex 9.78185 2.79209 2.5
      vertex 9.78185 2.79209 2.6
    endloop
  endfacet
  facet normal 0.965931 0.258798 0
    outer loop
      vertex 9.78185 2.79209 2.5
      vertex 9.80894 2.69098 2.6
      vertex 9.80894 2.69098 2.5
    endloop
  endfacet
  facet normal 0.891079 -0.453849 0
    outer loop
      vertex 9.84645 33.4067 2.6
      vertex 9.89397 33.5 2.5
      vertex 9.89397 33.5 2.6
    endloop
  endfacet
  facet normal 0.891079 -0.453849 0
    outer loop
      vertex 9.89397 33.5 2.5
      vertex 9.84645 33.4067 2.6
      vertex 9.84645 33.4067 2.5
    endloop
  endfacet
  facet normal 0.453849 0.891079 -0
    outer loop
      vertex 10.3533 2.08646 2.5
      vertex 10.26 2.13398 2.6
      vertex 10.3533 2.08646 2.6
    endloop
  endfacet
  facet normal 0.453849 0.891079 0
    outer loop
      vertex 10.26 2.13398 2.6
      vertex 10.3533 2.08646 2.5
      vertex 10.26 2.13398 2.5
    endloop
  endfacet
  facet normal -0.629578 0.776938 0
    outer loop
      vertex 51.4291 2.25686 2.5
      vertex 51.3478 2.19098 2.6
      vertex 51.4291 2.25686 2.6
    endloop
  endfacet
  facet normal -0.629578 0.776938 0
    outer loop
      vertex 51.3478 2.19098 2.6
      vertex 51.4291 2.25686 2.5
      vertex 51.3478 2.19098 2.5
    endloop
  endfacet
  facet normal 0.156649 -0.987654 0
    outer loop
      vertex 10.5521 33.9781 2.5
      vertex 10.6555 33.9945 2.6
      vertex 10.5521 33.9781 2.6
    endloop
  endfacet
  facet normal 0.156649 -0.987654 0
    outer loop
      vertex 10.6555 33.9945 2.6
      vertex 10.5521 33.9781 2.5
      vertex 10.6555 33.9945 2.5
    endloop
  endfacet
  facet normal -0.358505 0.933528 0
    outer loop
      vertex 51.1667 2.08646 2.5
      vertex 51.069 2.04894 2.6
      vertex 51.1667 2.08646 2.6
    endloop
  endfacet
  facet normal -0.358505 0.933528 0
    outer loop
      vertex 51.069 2.04894 2.6
      vertex 51.1667 2.08646 2.5
      vertex 51.069 2.04894 2.5
    endloop
  endfacet
  facet normal -0.838749 -0.544518 0
    outer loop
      vertex 51.626 33.5 2.5
      vertex 51.569 33.5878 2.6
      vertex 51.569 33.5878 2.5
    endloop
  endfacet
  facet normal -0.838749 -0.544518 0
    outer loop
      vertex 51.569 33.5878 2.6
      vertex 51.626 33.5 2.5
      vertex 51.626 33.5 2.6
    endloop
  endfacet
  facet normal -0.933272 -0.359171 0
    outer loop
      vertex 51.7111 33.309 2.5
      vertex 51.6735 33.4067 2.6
      vertex 51.6735 33.4067 2.5
    endloop
  endfacet
  facet normal -0.933272 -0.359171 0
    outer loop
      vertex 51.6735 33.4067 2.6
      vertex 51.7111 33.309 2.5
      vertex 51.7111 33.309 2.6
    endloop
  endfacet
  facet normal 0.933584 0.358358 0
    outer loop
      vertex 9.84645 2.59326 2.6
      vertex 9.80894 2.69098 2.5
      vertex 9.80894 2.69098 2.6
    endloop
  endfacet
  facet normal 0.933584 0.358358 0
    outer loop
      vertex 9.80894 2.69098 2.5
      vertex 9.84645 2.59326 2.6
      vertex 9.84645 2.59326 2.5
    endloop
  endfacet
  facet normal 0 -1 0
    outer loop
      vertex 10.76 34 2.5
      vertex 50.76 34 2.6
      vertex 10.76 34 2.6
    endloop
  endfacet
  facet normal 0 -1 -0
    outer loop
      vertex 50.76 34 2.6
      vertex 10.76 34 2.5
      vertex 50.76 34 2.5
    endloop
  endfacet
  facet normal -0.359171 -0.933272 0
    outer loop
      vertex 51.069 33.9511 2.5
      vertex 51.1667 33.9135 2.6
      vertex 51.069 33.9511 2.6
    endloop
  endfacet
  facet normal -0.359171 -0.933272 -0
    outer loop
      vertex 51.1667 33.9135 2.6
      vertex 51.069 33.9511 2.5
      vertex 51.1667 33.9135 2.5
    endloop
  endfacet
  facet normal 0.707155 0.707059 0
    outer loop
      vertex 10.0909 2.25686 2.6
      vertex 10.0169 2.33087 2.5
      vertex 10.0169 2.33087 2.6
    endloop
  endfacet
  facet normal 0.707155 0.707059 0
    outer loop
      vertex 10.0169 2.33087 2.5
      vertex 10.0909 2.25686 2.6
      vertex 10.0909 2.25686 2.5
    endloop
  endfacet
  facet normal 0.0525588 -0.998618 0
    outer loop
      vertex 10.6555 33.9945 2.5
      vertex 10.76 34 2.6
      vertex 10.6555 33.9945 2.6
    endloop
  endfacet
  facet normal 0.0525588 -0.998618 0
    outer loop
      vertex 10.76 34 2.6
      vertex 10.6555 33.9945 2.5
      vertex 10.76 34 2.5
    endloop
  endfacet
  facet normal 0.0523682 0.998628 -0
    outer loop
      vertex 10.76 2 2.5
      vertex 10.6555 2.00548 2.6
      vertex 10.76 2 2.6
    endloop
  endfacet
  facet normal 0.0523682 0.998628 0
    outer loop
      vertex 10.6555 2.00548 2.6
      vertex 10.76 2 2.5
      vertex 10.6555 2.00548 2.5
    endloop
  endfacet
  facet normal 0.838705 -0.544585 0
    outer loop
      vertex 9.89397 33.5 2.6
      vertex 9.95098 33.5878 2.5
      vertex 9.95098 33.5878 2.6
    endloop
  endfacet
  facet normal 0.838705 -0.544585 0
    outer loop
      vertex 9.95098 33.5878 2.5
      vertex 9.89397 33.5 2.6
      vertex 9.89397 33.5 2.5
    endloop
  endfacet
  facet normal 0.25802 -0.96614 0
    outer loop
      vertex 10.451 33.9511 2.5
      vertex 10.5521 33.9781 2.6
      vertex 10.451 33.9511 2.6
    endloop
  endfacet
  facet normal 0.25802 -0.96614 0
    outer loop
      vertex 10.5521 33.9781 2.6
      vertex 10.451 33.9511 2.5
      vertex 10.5521 33.9781 2.5
    endloop
  endfacet
  facet normal -0.998618 -0.0525588 0
    outer loop
      vertex 51.76 33 2.5
      vertex 51.7545 33.1045 2.6
      vertex 51.7545 33.1045 2.5
    endloop
  endfacet
  facet normal -0.998618 -0.0525588 0
    outer loop
      vertex 51.7545 33.1045 2.6
      vertex 51.76 33 2.5
      vertex 51.76 33 2.6
    endloop
  endfacet
  facet normal -0.987654 -0.156649 0
    outer loop
      vertex 51.7545 33.1045 2.5
      vertex 51.7381 33.2079 2.6
      vertex 51.7381 33.2079 2.5
    endloop
  endfacet
  facet normal -0.987654 -0.156649 0
    outer loop
      vertex 51.7381 33.2079 2.6
      vertex 51.7545 33.1045 2.5
      vertex 51.7545 33.1045 2.6
    endloop
  endfacet
  facet normal -0.838692 0.544605 0
    outer loop
      vertex 51.569 2.41222 2.5
      vertex 51.626 2.5 2.6
      vertex 51.626 2.5 2.5
    endloop
  endfacet
  facet normal -0.838692 0.544605 0
    outer loop
      vertex 51.626 2.5 2.6
      vertex 51.569 2.41222 2.5
      vertex 51.569 2.41222 2.6
    endloop
  endfacet
  facet normal -0.544518 0.838749 0
    outer loop
      vertex 51.3478 2.19098 2.5
      vertex 51.26 2.13398 2.6
      vertex 51.3478 2.19098 2.6
    endloop
  endfacet
  facet normal -0.544518 0.838749 0
    outer loop
      vertex 51.26 2.13398 2.6
      vertex 51.3478 2.19098 2.5
      vertex 51.26 2.13398 2.5
    endloop
  endfacet
  facet normal -0.156649 -0.987654 0
    outer loop
      vertex 50.8645 33.9945 2.5
      vertex 50.9679 33.9781 2.6
      vertex 50.8645 33.9945 2.6
    endloop
  endfacet
  facet normal -0.156649 -0.987654 -0
    outer loop
      vertex 50.9679 33.9781 2.6
      vertex 50.8645 33.9945 2.5
      vertex 50.9679 33.9781 2.5
    endloop
  endfacet
  facet normal -0.25802 -0.96614 0
    outer loop
      vertex 50.9679 33.9781 2.5
      vertex 51.069 33.9511 2.6
      vertex 50.9679 33.9781 2.6
    endloop
  endfacet
  facet normal -0.25802 -0.96614 -0
    outer loop
      vertex 51.069 33.9511 2.6
      vertex 50.9679 33.9781 2.5
      vertex 51.069 33.9511 2.5
    endloop
  endfacet
  facet normal 0.629578 0.776938 -0
    outer loop
      vertex 10.1722 2.19098 2.5
      vertex 10.0909 2.25686 2.6
      vertex 10.1722 2.19098 2.6
    endloop
  endfacet
  facet normal 0.629578 0.776938 0
    outer loop
      vertex 10.0909 2.25686 2.6
      vertex 10.1722 2.19098 2.5
      vertex 10.0909 2.25686 2.5
    endloop
  endfacet
  facet normal 0.838649 0.544673 0
    outer loop
      vertex 9.95098 2.41222 2.6
      vertex 9.89397 2.5 2.5
      vertex 9.89397 2.5 2.6
    endloop
  endfacet
  facet normal 0.838649 0.544673 0
    outer loop
      vertex 9.89397 2.5 2.5
      vertex 9.95098 2.41222 2.6
      vertex 9.95098 2.41222 2.5
    endloop
  endfacet
  facet normal 0.258822 0.965925 -0
    outer loop
      vertex 10.5521 2.02185 2.5
      vertex 10.451 2.04894 2.6
      vertex 10.5521 2.02185 2.6
    endloop
  endfacet
  facet normal 0.258822 0.965925 0
    outer loop
      vertex 10.451 2.04894 2.6
      vertex 10.5521 2.02185 2.5
      vertex 10.451 2.04894 2.5
    endloop
  endfacet
  facet normal -0.777034 0.629459 0
    outer loop
      vertex 51.5031 2.33087 2.5
      vertex 51.569 2.41222 2.6
      vertex 51.569 2.41222 2.5
    endloop
  endfacet
  facet normal -0.777034 0.629459 0
    outer loop
      vertex 51.569 2.41222 2.6
      vertex 51.5031 2.33087 2.5
      vertex 51.5031 2.33087 2.6
    endloop
  endfacet
  facet normal -0.453697 -0.891156 0
    outer loop
      vertex 51.1667 33.9135 2.5
      vertex 51.26 33.866 2.6
      vertex 51.1667 33.9135 2.6
    endloop
  endfacet
  facet normal -0.453697 -0.891156 -0
    outer loop
      vertex 51.26 33.866 2.6
      vertex 51.1667 33.9135 2.5
      vertex 51.26 33.866 2.5
    endloop
  endfacet
  facet normal 0.987694 0.156399 0
    outer loop
      vertex 9.78185 2.79209 2.6
      vertex 9.76548 2.89547 2.5
      vertex 9.76548 2.89547 2.6
    endloop
  endfacet
  facet normal 0.987694 0.156399 0
    outer loop
      vertex 9.76548 2.89547 2.5
      vertex 9.78185 2.79209 2.6
      vertex 9.78185 2.79209 2.5
    endloop
  endfacet
  facet normal 0.891 0.454003 0
    outer loop
      vertex 9.89397 2.5 2.6
      vertex 9.84645 2.59326 2.5
      vertex 9.84645 2.59326 2.6
    endloop
  endfacet
  facet normal 0.891 0.454003 0
    outer loop
      vertex 9.84645 2.59326 2.5
      vertex 9.89397 2.5 2.6
      vertex 9.89397 2.5 2.5
    endloop
  endfacet
  facet normal -0.629693 -0.776844 0
    outer loop
      vertex 51.3478 33.809 2.5
      vertex 51.4291 33.7431 2.6
      vertex 51.3478 33.809 2.6
    endloop
  endfacet
  facet normal -0.629693 -0.776844 -0
    outer loop
      vertex 51.4291 33.7431 2.6
      vertex 51.3478 33.809 2.5
      vertex 51.4291 33.7431 2.5
    endloop
  endfacet
  facet normal -0.0523682 0.998628 0
    outer loop
      vertex 50.8645 2.00548 2.5
      vertex 50.76 2 2.6
      vertex 50.8645 2.00548 2.6
    endloop
  endfacet
  facet normal -0.0523682 0.998628 0
    outer loop
      vertex 50.76 2 2.6
      vertex 50.8645 2.00548 2.5
      vertex 50.76 2 2.5
    endloop
  endfacet
  facet normal -0.258822 0.965925 0
    outer loop
      vertex 51.069 2.04894 2.5
      vertex 50.9679 2.02185 2.6
      vertex 51.069 2.04894 2.6
    endloop
  endfacet
  facet normal -0.258822 0.965925 0
    outer loop
      vertex 50.9679 2.02185 2.6
      vertex 51.069 2.04894 2.5
      vertex 50.9679 2.02185 2.5
    endloop
  endfacet
  facet normal 0.544518 -0.838749 0
    outer loop
      vertex 10.1722 33.809 2.5
      vertex 10.26 33.866 2.6
      vertex 10.1722 33.809 2.6
    endloop
  endfacet
  facet normal 0.544518 -0.838749 0
    outer loop
      vertex 10.26 33.866 2.6
      vertex 10.1722 33.809 2.5
      vertex 10.26 33.866 2.5
    endloop
  endfacet
  facet normal 0.707107 -0.707107 0
    outer loop
      vertex 10.0169 33.6691 2.6
      vertex 10.0909 33.7431 2.5
      vertex 10.0909 33.7431 2.6
    endloop
  endfacet
  facet normal 0.707107 -0.707107 0
    outer loop
      vertex 10.0909 33.7431 2.5
      vertex 10.0169 33.6691 2.6
      vertex 10.0169 33.6691 2.5
    endloop
  endfacet
  facet normal 0.15637 0.987699 -0
    outer loop
      vertex 10.6555 2.00548 2.5
      vertex 10.5521 2.02185 2.6
      vertex 10.6555 2.00548 2.6
    endloop
  endfacet
  facet normal 0.15637 0.987699 0
    outer loop
      vertex 10.5521 2.02185 2.6
      vertex 10.6555 2.00548 2.5
      vertex 10.5521 2.02185 2.5
    endloop
  endfacet
  facet normal -0.98765 0.156679 0
    outer loop
      vertex 51.7381 2.79209 2.5
      vertex 51.7545 2.89547 2.6
      vertex 51.7545 2.89547 2.5
    endloop
  endfacet
  facet normal -0.98765 0.156679 0
    outer loop
      vertex 51.7545 2.89547 2.6
      vertex 51.7381 2.79209 2.5
      vertex 51.7381 2.79209 2.6
    endloop
  endfacet
  facet normal 0.358505 0.933528 -0
    outer loop
      vertex 10.451 2.04894 2.5
      vertex 10.3533 2.08646 2.6
      vertex 10.451 2.04894 2.6
    endloop
  endfacet
  facet normal 0.358505 0.933528 0
    outer loop
      vertex 10.3533 2.08646 2.6
      vertex 10.451 2.04894 2.5
      vertex 10.3533 2.08646 2.5
    endloop
  endfacet
  facet normal -0.966146 0.257996 0
    outer loop
      vertex 51.7111 2.69098 2.5
      vertex 51.7381 2.79209 2.6
      vertex 51.7381 2.79209 2.5
    endloop
  endfacet
  facet normal -0.966146 0.257996 0
    outer loop
      vertex 51.7381 2.79209 2.6
      vertex 51.7111 2.69098 2.5
      vertex 51.7111 2.69098 2.6
    endloop
  endfacet
  facet normal -0.15637 0.987699 0
    outer loop
      vertex 50.9679 2.02185 2.5
      vertex 50.8645 2.00548 2.6
      vertex 50.9679 2.02185 2.6
    endloop
  endfacet
  facet normal -0.15637 0.987699 0
    outer loop
      vertex 50.8645 2.00548 2.6
      vertex 50.9679 2.02185 2.5
      vertex 50.8645 2.00548 2.5
    endloop
  endfacet
  facet normal 0.629693 -0.776844 0
    outer loop
      vertex 10.0909 33.7431 2.5
      vertex 10.1722 33.809 2.6
      vertex 10.0909 33.7431 2.6
    endloop
  endfacet
  facet normal 0.629693 -0.776844 0
    outer loop
      vertex 10.1722 33.809 2.6
      vertex 10.0909 33.7431 2.5
      vertex 10.1722 33.809 2.5
    endloop
  endfacet
  facet normal -0.891156 -0.453697 0
    outer loop
      vertex 51.6735 33.4067 2.5
      vertex 51.626 33.5 2.6
      vertex 51.626 33.5 2.5
    endloop
  endfacet
  facet normal -0.891156 -0.453697 0
    outer loop
      vertex 51.626 33.5 2.6
      vertex 51.6735 33.4067 2.5
      vertex 51.6735 33.4067 2.6
    endloop
  endfacet
  facet normal -0.998619 0.0525438 0
    outer loop
      vertex 51.7545 2.89547 2.5
      vertex 51.76 3 2.6
      vertex 51.76 3 2.5
    endloop
  endfacet
  facet normal -0.998619 0.0525438 0
    outer loop
      vertex 51.76 3 2.6
      vertex 51.7545 2.89547 2.5
      vertex 51.7545 2.89547 2.6
    endloop
  endfacet
  facet normal 0.965925 -0.258822 0
    outer loop
      vertex 9.78185 33.2079 2.6
      vertex 9.80894 33.309 2.5
      vertex 9.80894 33.309 2.6
    endloop
  endfacet
  facet normal 0.965925 -0.258822 0
    outer loop
      vertex 9.80894 33.309 2.5
      vertex 9.78185 33.2079 2.6
      vertex 9.78185 33.2079 2.5
    endloop
  endfacet
  facet normal 0.359171 -0.933272 0
    outer loop
      vertex 10.3533 33.9135 2.5
      vertex 10.451 33.9511 2.6
      vertex 10.3533 33.9135 2.6
    endloop
  endfacet
  facet normal 0.359171 -0.933272 0
    outer loop
      vertex 10.451 33.9511 2.6
      vertex 10.3533 33.9135 2.5
      vertex 10.451 33.9511 2.5
    endloop
  endfacet
  facet normal -0.0525588 -0.998618 0
    outer loop
      vertex 50.76 34 2.5
      vertex 50.8645 33.9945 2.6
      vertex 50.76 34 2.6
    endloop
  endfacet
  facet normal -0.0525588 -0.998618 -0
    outer loop
      vertex 50.8645 33.9945 2.6
      vertex 50.76 34 2.5
      vertex 50.8645 33.9945 2.5
    endloop
  endfacet
  facet normal 0.93356 -0.358422 0
    outer loop
      vertex 9.80894 33.309 2.6
      vertex 9.84645 33.4067 2.5
      vertex 9.84645 33.4067 2.6
    endloop
  endfacet
  facet normal 0.93356 -0.358422 0
    outer loop
      vertex 9.84645 33.4067 2.5
      vertex 9.80894 33.309 2.6
      vertex 9.80894 33.309 2.5
    endloop
  endfacet
  facet normal 0.776751 -0.629808 0
    outer loop
      vertex 9.95098 33.5878 2.6
      vertex 10.0169 33.6691 2.5
      vertex 10.0169 33.6691 2.6
    endloop
  endfacet
  facet normal 0.776751 -0.629808 0
    outer loop
      vertex 10.0169 33.6691 2.5
      vertex 9.95098 33.5878 2.6
      vertex 9.95098 33.5878 2.5
    endloop
  endfacet
  facet normal -0.933296 0.359107 0
    outer loop
      vertex 51.6735 2.59326 2.5
      vertex 51.7111 2.69098 2.6
      vertex 51.7111 2.69098 2.5
    endloop
  endfacet
  facet normal -0.933296 0.359107 0
    outer loop
      vertex 51.7111 2.69098 2.6
      vertex 51.6735 2.59326 2.5
      vertex 51.6735 2.59326 2.6
    endloop
  endfacet
  facet normal 0.544518 0.838749 -0
    outer loop
      vertex 10.26 2.13398 2.5
      vertex 10.1722 2.19098 2.6
      vertex 10.26 2.13398 2.6
    endloop
  endfacet
  facet normal 0.544518 0.838749 0
    outer loop
      vertex 10.1722 2.19098 2.6
      vertex 10.26 2.13398 2.5
      vertex 10.1722 2.19098 2.5
    endloop
  endfacet
  facet normal 0.987699 -0.15637 0
    outer loop
      vertex 9.76548 33.1045 2.6
      vertex 9.78185 33.2079 2.5
      vertex 9.78185 33.2079 2.6
    endloop
  endfacet
  facet normal 0.987699 -0.15637 0
    outer loop
      vertex 9.78185 33.2079 2.5
      vertex 9.76548 33.1045 2.6
      vertex 9.76548 33.1045 2.5
    endloop
  endfacet
  facet normal 0.453697 -0.891156 0
    outer loop
      vertex 10.26 33.866 2.5
      vertex 10.3533 33.9135 2.6
      vertex 10.26 33.866 2.6
    endloop
  endfacet
  facet normal 0.453697 -0.891156 0
    outer loop
      vertex 10.3533 33.9135 2.6
      vertex 10.26 33.866 2.5
      vertex 10.3533 33.9135 2.5
    endloop
  endfacet
  facet normal 0.998628 -0.0523682 0
    outer loop
      vertex 9.76 33 2.6
      vertex 9.76548 33.1045 2.5
      vertex 9.76548 33.1045 2.6
    endloop
  endfacet
  facet normal 0.998628 -0.0523682 0
    outer loop
      vertex 9.76548 33.1045 2.5
      vertex 9.76 33 2.6
      vertex 9.76 33 2.5
    endloop
  endfacet
endsolid OpenSCAD_Model
