solid OpenSCAD_Model
  facet normal -0 0 1
    outer loop
      vertex 5.31 0 7
      vertex 23.31 -2 7
      vertex 23.31 0 7
    endloop
  endfacet
  facet normal 0 0 1
    outer loop
      vertex 23.31 -2 7
      vertex 5.31 0 7
      vertex 5.31 -2 7
    endloop
  endfacet
  facet normal -1 0 0
    outer loop
      vertex 5.31 -2 0
      vertex 5.31 0 7
      vertex 5.31 0 0
    endloop
  endfacet
  facet normal -1 -0 0
    outer loop
      vertex 5.31 0 7
      vertex 5.31 -2 0
      vertex 5.31 -2 7
    endloop
  endfacet
  facet normal 0 -1 0
    outer loop
      vertex 5.31 -2 0
      vertex 23.31 -2 7
      vertex 5.31 -2 7
    endloop
  endfacet
  facet normal 0 -1 -0
    outer loop
      vertex 23.31 -2 7
      vertex 5.31 -2 0
      vertex 23.31 -2 0
    endloop
  endfacet
  facet normal 0 0 -1
    outer loop
      vertex 5.31 0 0
      vertex 23.31 0 0
      vertex 23.31 -2 0
    endloop
  endfacet
  facet normal 0 0 -1
    outer loop
      vertex 23.31 0 0
      vertex 21.0815 23.4126 0
      vertex 21.12 24 0
    endloop
  endfacet
  facet normal 0 0 -1
    outer loop
      vertex 23.31 0 0
      vertex 20.9667 22.8353 0
      vertex 21.0815 23.4126 0
    endloop
  endfacet
  facet normal 0 0 -1
    outer loop
      vertex 23.31 0 0
      vertex 20.7775 22.2779 0
      vertex 20.9667 22.8353 0
    endloop
  endfacet
  facet normal 0 0 -1
    outer loop
      vertex 23.31 0 0
      vertex 20.5171 21.75 0
      vertex 20.7775 22.2779 0
    endloop
  endfacet
  facet normal 0 0 -1
    outer loop
      vertex 23.31 0 0
      vertex 20.1901 21.2606 0
      vertex 20.5171 21.75 0
    endloop
  endfacet
  facet normal 0 0 -1
    outer loop
      vertex 23.31 0 0
      vertex 19.802 20.818 0
      vertex 20.1901 21.2606 0
    endloop
  endfacet
  facet normal 0 0 -1
    outer loop
      vertex 23.31 0 0
      vertex 19.3594 20.4299 0
      vertex 19.802 20.818 0
    endloop
  endfacet
  facet normal 0 0 -1
    outer loop
      vertex 23.31 0 0
      vertex 18.87 20.1029 0
      vertex 19.3594 20.4299 0
    endloop
  endfacet
  facet normal 0 0 -1
    outer loop
      vertex 23.31 0 0
      vertex 18.3421 19.8425 0
      vertex 18.87 20.1029 0
    endloop
  endfacet
  facet normal 0 0 -1
    outer loop
      vertex 23.31 0 0
      vertex 17.7847 19.6533 0
      vertex 18.3421 19.8425 0
    endloop
  endfacet
  facet normal 0 0 -1
    outer loop
      vertex 23.31 0 0
      vertex 17.2074 19.5385 0
      vertex 17.7847 19.6533 0
    endloop
  endfacet
  facet normal 0 0 -1
    outer loop
      vertex 23.31 0 0
      vertex 16.62 19.5 0
      vertex 17.2074 19.5385 0
    endloop
  endfacet
  facet normal 0 0 -1
    outer loop
      vertex 23.31 0 0
      vertex 16.0326 19.5385 0
      vertex 16.62 19.5 0
    endloop
  endfacet
  facet normal 0 0 -1
    outer loop
      vertex 23.31 0 0
      vertex 5.31 0 0
      vertex 16.0326 19.5385 0
    endloop
  endfacet
  facet normal -0 0 -1
    outer loop
      vertex 16.0326 19.5385 0
      vertex 5.31 0 0
      vertex 15.4553 19.6533 0
    endloop
  endfacet
  facet normal -0 0 -1
    outer loop
      vertex 15.4553 19.6533 0
      vertex 5.31 0 0
      vertex 14.8979 19.8425 0
    endloop
  endfacet
  facet normal -0 0 -1
    outer loop
      vertex 14.8979 19.8425 0
      vertex 5.31 0 0
      vertex 14.37 20.1029 0
    endloop
  endfacet
  facet normal 0 0 -1
    outer loop
      vertex 0 4 0
      vertex 14.37 20.1029 0
      vertex 5.31 0 0
    endloop
  endfacet
  facet normal -0 0 -1
    outer loop
      vertex 14.37 20.1029 0
      vertex 0 4 0
      vertex 13.8806 20.4299 0
    endloop
  endfacet
  facet normal -0 0 -1
    outer loop
      vertex 13.8806 20.4299 0
      vertex 0 4 0
      vertex 13.438 20.818 0
    endloop
  endfacet
  facet normal -0 0 -1
    outer loop
      vertex 13.438 20.818 0
      vertex 0 4 0
      vertex 13.0499 21.2606 0
    endloop
  endfacet
  facet normal -0 0 -1
    outer loop
      vertex 12.4625 22.2779 0
      vertex 0 4 0
      vertex 12.2733 22.8353 0
    endloop
  endfacet
  facet normal -0 0 -1
    outer loop
      vertex 12.7229 21.75 0
      vertex 0 4 0
      vertex 12.4625 22.2779 0
    endloop
  endfacet
  facet normal -0 0 -1
    outer loop
      vertex 13.0499 21.2606 0
      vertex 0 4 0
      vertex 12.7229 21.75 0
    endloop
  endfacet
  facet normal 0 0 -1
    outer loop
      vertex 5.31 0 0
      vertex 23.31 -2 0
      vertex 5.31 -2 0
    endloop
  endfacet
  facet normal 0 0 -1
    outer loop
      vertex 41.2074 28.4615 0
      vertex 30.6029 40.2389 0
      vertex 30.62 40.5 0
    endloop
  endfacet
  facet normal 0 0 -1
    outer loop
      vertex 38.37 27.8971 0
      vertex 30.5519 39.9824 0
      vertex 30.6029 40.2389 0
    endloop
  endfacet
  facet normal 0 0 -1
    outer loop
      vertex 38.37 27.8971 0
      vertex 30.4678 39.7346 0
      vertex 30.5519 39.9824 0
    endloop
  endfacet
  facet normal 0 0 -1
    outer loop
      vertex 38.37 27.8971 0
      vertex 30.3521 39.5 0
      vertex 30.4678 39.7346 0
    endloop
  endfacet
  facet normal 0 0 -1
    outer loop
      vertex 29.8375 38.9133 0
      vertex 30.87 27.8971 0
      vertex 30.3421 28.1575 0
    endloop
  endfacet
  facet normal 0 0 -1
    outer loop
      vertex 38.37 27.8971 0
      vertex 30.2067 39.2825 0
      vertex 30.3521 39.5 0
    endloop
  endfacet
  facet normal 0 0 -1
    outer loop
      vertex 38.37 27.8971 0
      vertex 30.0342 39.0858 0
      vertex 30.2067 39.2825 0
    endloop
  endfacet
  facet normal 0 0 -1
    outer loop
      vertex 30.87 27.8971 0
      vertex 29.8375 38.9133 0
      vertex 30.0342 39.0858 0
    endloop
  endfacet
  facet normal 0 0 -1
    outer loop
      vertex 29.3854 38.6522 0
      vertex 30.3421 28.1575 0
      vertex 29.7847 28.3467 0
    endloop
  endfacet
  facet normal 0 0 -1
    outer loop
      vertex 30.3421 28.1575 0
      vertex 29.62 38.7679 0
      vertex 29.8375 38.9133 0
    endloop
  endfacet
  facet normal 0 0 -1
    outer loop
      vertex 30.3421 28.1575 0
      vertex 29.3854 38.6522 0
      vertex 29.62 38.7679 0
    endloop
  endfacet
  facet normal 0 0 -1
    outer loop
      vertex 29.1376 38.5681 0
      vertex 29.7847 28.3467 0
      vertex 29.2074 28.4615 0
    endloop
  endfacet
  facet normal 0 0 -1
    outer loop
      vertex 29.7847 28.3467 0
      vertex 29.1376 38.5681 0
      vertex 29.3854 38.6522 0
    endloop
  endfacet
  facet normal 0 0 -1
    outer loop
      vertex 29.2074 28.4615 0
      vertex 28.8811 38.5171 0
      vertex 29.1376 38.5681 0
    endloop
  endfacet
  facet normal 0 0 -1
    outer loop
      vertex 28.62 28.5 0
      vertex 28.8811 38.5171 0
      vertex 29.2074 28.4615 0
    endloop
  endfacet
  facet normal 0 0 -1
    outer loop
      vertex 28.62 28.5 0
      vertex 28.62 38.5 0
      vertex 28.8811 38.5171 0
    endloop
  endfacet
  facet normal 0 0 -1
    outer loop
      vertex 28.62 28.5 0
      vertex 28.3589 38.5171 0
      vertex 28.62 38.5 0
    endloop
  endfacet
  facet normal 0 0 -1
    outer loop
      vertex 28.0326 28.4615 0
      vertex 28.3589 38.5171 0
      vertex 28.62 28.5 0
    endloop
  endfacet
  facet normal -0 0 -1
    outer loop
      vertex 28.3589 38.5171 0
      vertex 28.0326 28.4615 0
      vertex 28.1024 38.5681 0
    endloop
  endfacet
  facet normal 0 0 -1
    outer loop
      vertex 27.4553 28.3467 0
      vertex 28.1024 38.5681 0
      vertex 28.0326 28.4615 0
    endloop
  endfacet
  facet normal -0 0 -1
    outer loop
      vertex 28.1024 38.5681 0
      vertex 27.4553 28.3467 0
      vertex 27.8546 38.6522 0
    endloop
  endfacet
  facet normal 0 0 -1
    outer loop
      vertex 26.8979 28.1575 0
      vertex 27.8546 38.6522 0
      vertex 27.4553 28.3467 0
    endloop
  endfacet
  facet normal -0 0 -1
    outer loop
      vertex 27.8546 38.6522 0
      vertex 26.8979 28.1575 0
      vertex 27.62 38.7679 0
    endloop
  endfacet
  facet normal -0 0 -1
    outer loop
      vertex 27.62 38.7679 0
      vertex 26.8979 28.1575 0
      vertex 27.4025 38.9133 0
    endloop
  endfacet
  facet normal 0 0 -1
    outer loop
      vertex 26.37 27.8971 0
      vertex 27.4025 38.9133 0
      vertex 26.8979 28.1575 0
    endloop
  endfacet
  facet normal -0 0 -1
    outer loop
      vertex 27.4025 38.9133 0
      vertex 26.37 27.8971 0
      vertex 27.2058 39.0858 0
    endloop
  endfacet
  facet normal 0 0 -1
    outer loop
      vertex 18.87 27.8971 0
      vertex 27.2058 39.0858 0
      vertex 26.37 27.8971 0
    endloop
  endfacet
  facet normal -0 0 -1
    outer loop
      vertex 27.2058 39.0858 0
      vertex 18.87 27.8971 0
      vertex 27.0333 39.2825 0
    endloop
  endfacet
  facet normal 0 0 -1
    outer loop
      vertex 18.3421 28.1575 0
      vertex 27.0333 39.2825 0
      vertex 18.87 27.8971 0
    endloop
  endfacet
  facet normal -0 0 -1
    outer loop
      vertex 27.0333 39.2825 0
      vertex 18.3421 28.1575 0
      vertex 26.8879 39.5 0
    endloop
  endfacet
  facet normal 0 0 -1
    outer loop
      vertex 17.7847 28.3467 0
      vertex 26.8879 39.5 0
      vertex 18.3421 28.1575 0
    endloop
  endfacet
  facet normal -0 0 -1
    outer loop
      vertex 26.8879 39.5 0
      vertex 17.7847 28.3467 0
      vertex 26.7722 39.7346 0
    endloop
  endfacet
  facet normal 0 0 -1
    outer loop
      vertex 36.1585 23.4126 0
      vertex 33.0815 23.4126 0
      vertex 33.12 24 0
    endloop
  endfacet
  facet normal 0 0 -1
    outer loop
      vertex 37.438 20.818 0
      vertex 32.9667 22.8353 0
      vertex 33.0815 23.4126 0
    endloop
  endfacet
  facet normal 0 0 -1
    outer loop
      vertex 37.438 20.818 0
      vertex 32.7775 22.2779 0
      vertex 32.9667 22.8353 0
    endloop
  endfacet
  facet normal 0 0 -1
    outer loop
      vertex 37.438 20.818 0
      vertex 32.5171 21.75 0
      vertex 32.7775 22.2779 0
    endloop
  endfacet
  facet normal 0 0 -1
    outer loop
      vertex 37.438 20.818 0
      vertex 32.1901 21.2606 0
      vertex 32.5171 21.75 0
    endloop
  endfacet
  facet normal 0 0 -1
    outer loop
      vertex 37.438 20.818 0
      vertex 31.802 20.818 0
      vertex 32.1901 21.2606 0
    endloop
  endfacet
  facet normal -0 0 -1
    outer loop
      vertex 37.438 20.818 0
      vertex 31.3594 20.4299 0
      vertex 31.802 20.818 0
    endloop
  endfacet
  facet normal 0 0 -1
    outer loop
      vertex 37.8806 20.4299 0
      vertex 31.3594 20.4299 0
      vertex 37.438 20.818 0
    endloop
  endfacet
  facet normal 0 0 -1
    outer loop
      vertex 33.93 0 0
      vertex 30.3421 19.8425 0
      vertex 30.87 20.1029 0
    endloop
  endfacet
  facet normal 0 0 -1
    outer loop
      vertex 33.93 0 0
      vertex 29.7847 19.6533 0
      vertex 30.3421 19.8425 0
    endloop
  endfacet
  facet normal 0 0 -1
    outer loop
      vertex 33.93 0 0
      vertex 29.2074 19.5385 0
      vertex 29.7847 19.6533 0
    endloop
  endfacet
  facet normal 0 0 -1
    outer loop
      vertex 33.93 0 0
      vertex 28.62 19.5 0
      vertex 29.2074 19.5385 0
    endloop
  endfacet
  facet normal 0 0 -1
    outer loop
      vertex 23.31 0 0
      vertex 28.62 19.5 0
      vertex 33.93 0 0
    endloop
  endfacet
  facet normal -0 0 -1
    outer loop
      vertex 28.62 19.5 0
      vertex 23.31 0 0
      vertex 28.0326 19.5385 0
    endloop
  endfacet
  facet normal -0 0 -1
    outer loop
      vertex 28.0326 19.5385 0
      vertex 23.31 0 0
      vertex 27.4553 19.6533 0
    endloop
  endfacet
  facet normal -0 0 -1
    outer loop
      vertex 27.4553 19.6533 0
      vertex 23.31 0 0
      vertex 26.8979 19.8425 0
    endloop
  endfacet
  facet normal -0 0 -1
    outer loop
      vertex 26.8979 19.8425 0
      vertex 23.31 0 0
      vertex 26.37 20.1029 0
    endloop
  endfacet
  facet normal -0 0 -1
    outer loop
      vertex 26.37 20.1029 0
      vertex 23.31 0 0
      vertex 25.8806 20.4299 0
    endloop
  endfacet
  facet normal -0 0 -1
    outer loop
      vertex 25.8806 20.4299 0
      vertex 23.31 0 0
      vertex 25.438 20.818 0
    endloop
  endfacet
  facet normal 0 0 -1
    outer loop
      vertex 21.12 24 0
      vertex 25.438 20.818 0
      vertex 23.31 0 0
    endloop
  endfacet
  facet normal 0 0 -1
    outer loop
      vertex 25.438 20.818 0
      vertex 21.12 24 0
      vertex 25.0499 21.2606 0
    endloop
  endfacet
  facet normal 0 0 -1
    outer loop
      vertex 24.2733 22.8353 0
      vertex 21.12 24 0
      vertex 24.1585 23.4126 0
    endloop
  endfacet
  facet normal 0 0 -1
    outer loop
      vertex 24.4625 22.2779 0
      vertex 21.12 24 0
      vertex 24.2733 22.8353 0
    endloop
  endfacet
  facet normal 0 0 -1
    outer loop
      vertex 24.7229 21.75 0
      vertex 21.12 24 0
      vertex 24.4625 22.2779 0
    endloop
  endfacet
  facet normal 0 0 -1
    outer loop
      vertex 25.0499 21.2606 0
      vertex 21.12 24 0
      vertex 24.7229 21.75 0
    endloop
  endfacet
  facet normal 0 0 -1
    outer loop
      vertex 33.93 0 0
      vertex 51.93 0 0
      vertex 51.93 -2 0
    endloop
  endfacet
  facet normal 0 0 -1
    outer loop
      vertex 51.93 0 0
      vertex 45.0815 23.4126 0
      vertex 45.12 24 0
    endloop
  endfacet
  facet normal 0 0 -1
    outer loop
      vertex 51.93 0 0
      vertex 44.9667 22.8353 0
      vertex 45.0815 23.4126 0
    endloop
  endfacet
  facet normal 0 0 -1
    outer loop
      vertex 51.93 0 0
      vertex 44.7775 22.2779 0
      vertex 44.9667 22.8353 0
    endloop
  endfacet
  facet normal 0 0 -1
    outer loop
      vertex 51.93 0 0
      vertex 44.5171 21.75 0
      vertex 44.7775 22.2779 0
    endloop
  endfacet
  facet normal 0 0 -1
    outer loop
      vertex 51.93 0 0
      vertex 44.1901 21.2606 0
      vertex 44.5171 21.75 0
    endloop
  endfacet
  facet normal 0 0 -1
    outer loop
      vertex 51.93 0 0
      vertex 43.802 20.818 0
      vertex 44.1901 21.2606 0
    endloop
  endfacet
  facet normal 0 0 -1
    outer loop
      vertex 51.93 0 0
      vertex 43.3594 20.4299 0
      vertex 43.802 20.818 0
    endloop
  endfacet
  facet normal 0 0 -1
    outer loop
      vertex 51.93 0 0
      vertex 42.87 20.1029 0
      vertex 43.3594 20.4299 0
    endloop
  endfacet
  facet normal 0 0 -1
    outer loop
      vertex 51.93 0 0
      vertex 42.3421 19.8425 0
      vertex 42.87 20.1029 0
    endloop
  endfacet
  facet normal 0 0 -1
    outer loop
      vertex 51.93 0 0
      vertex 41.7847 19.6533 0
      vertex 42.3421 19.8425 0
    endloop
  endfacet
  facet normal 0 0 -1
    outer loop
      vertex 51.93 0 0
      vertex 41.2074 19.5385 0
      vertex 41.7847 19.6533 0
    endloop
  endfacet
  facet normal 0 0 -1
    outer loop
      vertex 51.93 0 0
      vertex 33.93 0 0
      vertex 41.2074 19.5385 0
    endloop
  endfacet
  facet normal 0 0 -1
    outer loop
      vertex 41.2074 19.5385 0
      vertex 33.93 0 0
      vertex 40.62 19.5 0
    endloop
  endfacet
  facet normal -0 0 -1
    outer loop
      vertex 40.62 19.5 0
      vertex 33.93 0 0
      vertex 40.0326 19.5385 0
    endloop
  endfacet
  facet normal -0 0 -1
    outer loop
      vertex 40.0326 19.5385 0
      vertex 33.93 0 0
      vertex 39.4553 19.6533 0
    endloop
  endfacet
  facet normal -0 0 -1
    outer loop
      vertex 39.4553 19.6533 0
      vertex 33.93 0 0
      vertex 38.8979 19.8425 0
    endloop
  endfacet
  facet normal 0 0 -1
    outer loop
      vertex 30.87 20.1029 0
      vertex 38.8979 19.8425 0
      vertex 33.93 0 0
    endloop
  endfacet
  facet normal 0 0 -1
    outer loop
      vertex 38.8979 19.8425 0
      vertex 30.87 20.1029 0
      vertex 38.37 20.1029 0
    endloop
  endfacet
  facet normal 0 0 -1
    outer loop
      vertex 38.37 20.1029 0
      vertex 30.87 20.1029 0
      vertex 37.8806 20.4299 0
    endloop
  endfacet
  facet normal 0 -0 -1
    outer loop
      vertex 31.3594 20.4299 0
      vertex 37.8806 20.4299 0
      vertex 30.87 20.1029 0
    endloop
  endfacet
  facet normal 0 0 -1
    outer loop
      vertex 33.0815 23.4126 0
      vertex 36.2733 22.8353 0
      vertex 36.4625 22.2779 0
    endloop
  endfacet
  facet normal 0 0 -1
    outer loop
      vertex 33.0815 23.4126 0
      vertex 36.4625 22.2779 0
      vertex 36.7229 21.75 0
    endloop
  endfacet
  facet normal 0 0 -1
    outer loop
      vertex 33.0815 23.4126 0
      vertex 36.7229 21.75 0
      vertex 37.0499 21.2606 0
    endloop
  endfacet
  facet normal 0 0 -1
    outer loop
      vertex 33.0815 23.4126 0
      vertex 37.0499 21.2606 0
      vertex 37.438 20.818 0
    endloop
  endfacet
  facet normal 0 0 -1
    outer loop
      vertex 33.93 0 0
      vertex 51.93 -2 0
      vertex 33.93 -2 0
    endloop
  endfacet
  facet normal 0 0 -1
    outer loop
      vertex 53.24 0 0
      vertex 57.24 4 0
      vertex 57.2058 3.47789 0
    endloop
  endfacet
  facet normal 0 0 -1
    outer loop
      vertex 57.24 4 0
      vertex 45.12 24 0
      vertex 57.24 44 0
    endloop
  endfacet
  facet normal 0 0 -1
    outer loop
      vertex 53.24 0 0
      vertex 57.2058 3.47789 0
      vertex 57.1037 2.96472 0
    endloop
  endfacet
  facet normal 0 0 -1
    outer loop
      vertex 45.0815 24.5874 0
      vertex 57.24 44 0
      vertex 45.12 24 0
    endloop
  endfacet
  facet normal 0 0 -1
    outer loop
      vertex 53.24 0 0
      vertex 57.1037 2.96472 0
      vertex 56.9355 2.46927 0
    endloop
  endfacet
  facet normal 0 0 -1
    outer loop
      vertex 44.9667 25.1647 0
      vertex 57.24 44 0
      vertex 45.0815 24.5874 0
    endloop
  endfacet
  facet normal 0 0 -1
    outer loop
      vertex 53.24 0 0
      vertex 56.9355 2.46927 0
      vertex 56.7041 2 0
    endloop
  endfacet
  facet normal 0 0 -1
    outer loop
      vertex 44.7775 25.7221 0
      vertex 57.24 44 0
      vertex 44.9667 25.1647 0
    endloop
  endfacet
  facet normal 0 0 -1
    outer loop
      vertex 53.24 0 0
      vertex 56.7041 2 0
      vertex 56.4134 1.56495 0
    endloop
  endfacet
  facet normal 0 0 -1
    outer loop
      vertex 44.5171 26.25 0
      vertex 57.24 44 0
      vertex 44.7775 25.7221 0
    endloop
  endfacet
  facet normal 0 0 -1
    outer loop
      vertex 53.24 0 0
      vertex 56.4134 1.56495 0
      vertex 56.0684 1.17157 0
    endloop
  endfacet
  facet normal 0 0 -1
    outer loop
      vertex 44.1901 26.7394 0
      vertex 57.24 44 0
      vertex 44.5171 26.25 0
    endloop
  endfacet
  facet normal 0 0 -1
    outer loop
      vertex 53.24 0 0
      vertex 56.0684 1.17157 0
      vertex 55.675 0.826586 0
    endloop
  endfacet
  facet normal 0 0 -1
    outer loop
      vertex 43.802 27.182 0
      vertex 57.24 44 0
      vertex 44.1901 26.7394 0
    endloop
  endfacet
  facet normal 0 0 -1
    outer loop
      vertex 53.24 0 0
      vertex 55.675 0.826586 0
      vertex 55.24 0.535898 0
    endloop
  endfacet
  facet normal 0 0 -1
    outer loop
      vertex 43.3594 27.5701 0
      vertex 57.24 44 0
      vertex 43.802 27.182 0
    endloop
  endfacet
  facet normal 0 0 -1
    outer loop
      vertex 53.24 0 0
      vertex 55.24 0.535898 0
      vertex 54.7707 0.304482 0
    endloop
  endfacet
  facet normal 0 0 -1
    outer loop
      vertex 42.87 27.8971 0
      vertex 57.24 44 0
      vertex 43.3594 27.5701 0
    endloop
  endfacet
  facet normal 0 0 -1
    outer loop
      vertex 53.24 0 0
      vertex 54.7707 0.304482 0
      vertex 54.2753 0.136296 0
    endloop
  endfacet
  facet normal 0 0 -1
    outer loop
      vertex 42.3421 28.1575 0
      vertex 57.24 44 0
      vertex 42.87 27.8971 0
    endloop
  endfacet
  facet normal 0 0 -1
    outer loop
      vertex 53.24 0 0
      vertex 54.2753 0.136296 0
      vertex 53.7621 0.0342197 0
    endloop
  endfacet
  facet normal 0 0 -1
    outer loop
      vertex 57.24 44 0
      vertex 53.24 48 0
      vertex 57.2058 44.5221 0
    endloop
  endfacet
  facet normal 0 0 -1
    outer loop
      vertex 57.24 4 0
      vertex 53.24 0 0
      vertex 51.93 0 0
    endloop
  endfacet
  facet normal 0 0 -1
    outer loop
      vertex 57.2058 44.5221 0
      vertex 53.24 48 0
      vertex 57.1037 45.0353 0
    endloop
  endfacet
  facet normal -0 0 -1
    outer loop
      vertex 57.24 4 0
      vertex 51.93 0 0
      vertex 45.12 24 0
    endloop
  endfacet
  facet normal 0 0 -1
    outer loop
      vertex 56.9355 45.5307 0
      vertex 53.24 48 0
      vertex 56.7041 46 0
    endloop
  endfacet
  facet normal 0 0 -1
    outer loop
      vertex 56.7041 46 0
      vertex 53.24 48 0
      vertex 56.4134 46.435 0
    endloop
  endfacet
  facet normal 0 0 -1
    outer loop
      vertex 56.4134 46.435 0
      vertex 53.24 48 0
      vertex 56.0684 46.8284 0
    endloop
  endfacet
  facet normal 0 0 -1
    outer loop
      vertex 56.0684 46.8284 0
      vertex 53.24 48 0
      vertex 55.675 47.1734 0
    endloop
  endfacet
  facet normal 0 0 -1
    outer loop
      vertex 55.24 47.4641 0
      vertex 53.24 48 0
      vertex 54.7707 47.6955 0
    endloop
  endfacet
  facet normal 0 0 -1
    outer loop
      vertex 54.7707 47.6955 0
      vertex 53.24 48 0
      vertex 54.2753 47.8637 0
    endloop
  endfacet
  facet normal 0 0 -1
    outer loop
      vertex 54.2753 47.8637 0
      vertex 53.24 48 0
      vertex 53.7621 47.9658 0
    endloop
  endfacet
  facet normal 0 0 -1
    outer loop
      vertex 55.675 47.1734 0
      vertex 53.24 48 0
      vertex 55.24 47.4641 0
    endloop
  endfacet
  facet normal 0 0 -1
    outer loop
      vertex 57.1037 45.0353 0
      vertex 53.24 48 0
      vertex 56.9355 45.5307 0
    endloop
  endfacet
  facet normal -0 0 -1
    outer loop
      vertex 57.24 44 0
      vertex 42.3421 28.1575 0
      vertex 53.24 48 0
    endloop
  endfacet
  facet normal 0 0 -1
    outer loop
      vertex 41.7847 28.3467 0
      vertex 53.24 48 0
      vertex 42.3421 28.1575 0
    endloop
  endfacet
  facet normal 0 0 -1
    outer loop
      vertex 41.2074 28.4615 0
      vertex 53.24 48 0
      vertex 41.7847 28.3467 0
    endloop
  endfacet
  facet normal 0 0 -1
    outer loop
      vertex 30.6029 40.2389 0
      vertex 41.2074 28.4615 0
      vertex 40.62 28.5 0
    endloop
  endfacet
  facet normal 0 0 -1
    outer loop
      vertex 30.6029 40.2389 0
      vertex 40.62 28.5 0
      vertex 40.0326 28.4615 0
    endloop
  endfacet
  facet normal 0 0 -1
    outer loop
      vertex 30.6029 40.2389 0
      vertex 40.0326 28.4615 0
      vertex 39.4553 28.3467 0
    endloop
  endfacet
  facet normal 0 0 -1
    outer loop
      vertex 30.6029 40.2389 0
      vertex 39.4553 28.3467 0
      vertex 38.8979 28.1575 0
    endloop
  endfacet
  facet normal 0 0 -1
    outer loop
      vertex 30.6029 40.2389 0
      vertex 38.8979 28.1575 0
      vertex 38.37 27.8971 0
    endloop
  endfacet
  facet normal 0 0 -1
    outer loop
      vertex 30.87 27.8971 0
      vertex 38.37 27.8971 0
      vertex 37.8806 27.5701 0
    endloop
  endfacet
  facet normal 0 0 -1
    outer loop
      vertex 31.3594 27.5701 0
      vertex 37.8806 27.5701 0
      vertex 37.438 27.182 0
    endloop
  endfacet
  facet normal 0 0 -1
    outer loop
      vertex 31.802 27.182 0
      vertex 37.438 27.182 0
      vertex 37.0499 26.7394 0
    endloop
  endfacet
  facet normal 0 0 -1
    outer loop
      vertex 33.0815 23.4126 0
      vertex 36.1585 23.4126 0
      vertex 36.2733 22.8353 0
    endloop
  endfacet
  facet normal 0 0 -1
    outer loop
      vertex 36.1585 23.4126 0
      vertex 33.12 24 0
      vertex 36.12 24 0
    endloop
  endfacet
  facet normal 0 0 -1
    outer loop
      vertex 36.12 24 0
      vertex 33.12 24 0
      vertex 36.1585 24.5874 0
    endloop
  endfacet
  facet normal 0 0 -1
    outer loop
      vertex 33.0815 24.5874 0
      vertex 36.1585 24.5874 0
      vertex 33.12 24 0
    endloop
  endfacet
  facet normal 0 0 -1
    outer loop
      vertex 36.1585 24.5874 0
      vertex 33.0815 24.5874 0
      vertex 36.2733 25.1647 0
    endloop
  endfacet
  facet normal 0 0 -1
    outer loop
      vertex 32.9667 25.1647 0
      vertex 36.2733 25.1647 0
      vertex 33.0815 24.5874 0
    endloop
  endfacet
  facet normal 0 0 -1
    outer loop
      vertex 36.2733 25.1647 0
      vertex 32.9667 25.1647 0
      vertex 36.4625 25.7221 0
    endloop
  endfacet
  facet normal 0 0 -1
    outer loop
      vertex 32.7775 25.7221 0
      vertex 36.4625 25.7221 0
      vertex 32.9667 25.1647 0
    endloop
  endfacet
  facet normal 0 0 -1
    outer loop
      vertex 36.4625 25.7221 0
      vertex 32.7775 25.7221 0
      vertex 36.7229 26.25 0
    endloop
  endfacet
  facet normal 0 0 -1
    outer loop
      vertex 32.5171 26.25 0
      vertex 36.7229 26.25 0
      vertex 32.7775 25.7221 0
    endloop
  endfacet
  facet normal 0 0 -1
    outer loop
      vertex 36.7229 26.25 0
      vertex 32.5171 26.25 0
      vertex 37.0499 26.7394 0
    endloop
  endfacet
  facet normal 0 0 -1
    outer loop
      vertex 32.1901 26.7394 0
      vertex 37.0499 26.7394 0
      vertex 32.5171 26.25 0
    endloop
  endfacet
  facet normal 0 0 -1
    outer loop
      vertex 31.802 27.182 0
      vertex 37.0499 26.7394 0
      vertex 32.1901 26.7394 0
    endloop
  endfacet
  facet normal 0 0 -1
    outer loop
      vertex 37.438 27.182 0
      vertex 31.802 27.182 0
      vertex 31.3594 27.5701 0
    endloop
  endfacet
  facet normal 0 0 -1
    outer loop
      vertex 37.8806 27.5701 0
      vertex 31.3594 27.5701 0
      vertex 30.87 27.8971 0
    endloop
  endfacet
  facet normal 0 0 -1
    outer loop
      vertex 30.0342 39.0858 0
      vertex 38.37 27.8971 0
      vertex 30.87 27.8971 0
    endloop
  endfacet
  facet normal 0 0 -1
    outer loop
      vertex 41.2074 28.4615 0
      vertex 30.62 40.5 0
      vertex 53.24 48 0
    endloop
  endfacet
  facet normal 0 0 -1
    outer loop
      vertex 30.6029 40.7611 0
      vertex 53.24 48 0
      vertex 30.62 40.5 0
    endloop
  endfacet
  facet normal 0 0 -1
    outer loop
      vertex 30.5519 41.0176 0
      vertex 53.24 48 0
      vertex 30.6029 40.7611 0
    endloop
  endfacet
  facet normal 0 0 -1
    outer loop
      vertex 30.4678 41.2654 0
      vertex 53.24 48 0
      vertex 30.5519 41.0176 0
    endloop
  endfacet
  facet normal 0 0 -1
    outer loop
      vertex 30.3521 41.5 0
      vertex 53.24 48 0
      vertex 30.4678 41.2654 0
    endloop
  endfacet
  facet normal 0 0 -1
    outer loop
      vertex 30.2067 41.7175 0
      vertex 53.24 48 0
      vertex 30.3521 41.5 0
    endloop
  endfacet
  facet normal 0 0 -1
    outer loop
      vertex 30.0342 41.9142 0
      vertex 53.24 48 0
      vertex 30.2067 41.7175 0
    endloop
  endfacet
  facet normal 0 0 -1
    outer loop
      vertex 29.8375 42.0867 0
      vertex 53.24 48 0
      vertex 30.0342 41.9142 0
    endloop
  endfacet
  facet normal 0 0 -1
    outer loop
      vertex 29.62 42.232 0
      vertex 53.24 48 0
      vertex 29.8375 42.0867 0
    endloop
  endfacet
  facet normal 0 0 -1
    outer loop
      vertex 29.3854 42.3478 0
      vertex 53.24 48 0
      vertex 29.62 42.232 0
    endloop
  endfacet
  facet normal 0 0 -1
    outer loop
      vertex 29.1376 42.4319 0
      vertex 53.24 48 0
      vertex 29.3854 42.3478 0
    endloop
  endfacet
  facet normal 0 0 -1
    outer loop
      vertex 28.8811 42.4829 0
      vertex 53.24 48 0
      vertex 29.1376 42.4319 0
    endloop
  endfacet
  facet normal 0 0 -1
    outer loop
      vertex 28.62 42.5 0
      vertex 53.24 48 0
      vertex 28.8811 42.4829 0
    endloop
  endfacet
  facet normal 0 0 -1
    outer loop
      vertex 4 48 0
      vertex 28.62 42.5 0
      vertex 28.3589 42.4829 0
    endloop
  endfacet
  facet normal 0 0 -1
    outer loop
      vertex 4 48 0
      vertex 28.3589 42.4829 0
      vertex 28.1024 42.4319 0
    endloop
  endfacet
  facet normal 0 0 -1
    outer loop
      vertex 18.87 27.8971 0
      vertex 26.37 27.8971 0
      vertex 25.8806 27.5701 0
    endloop
  endfacet
  facet normal 0 0 -1
    outer loop
      vertex 19.3594 27.5701 0
      vertex 25.8806 27.5701 0
      vertex 25.438 27.182 0
    endloop
  endfacet
  facet normal 0 0 -1
    outer loop
      vertex 17.2074 28.4615 0
      vertex 26.7722 39.7346 0
      vertex 17.7847 28.3467 0
    endloop
  endfacet
  facet normal 0 0 -1
    outer loop
      vertex 19.802 27.182 0
      vertex 25.438 27.182 0
      vertex 25.0499 26.7394 0
    endloop
  endfacet
  facet normal 0 0 -1
    outer loop
      vertex 20.1901 26.7394 0
      vertex 25.0499 26.7394 0
      vertex 24.7229 26.25 0
    endloop
  endfacet
  facet normal 0 0 -1
    outer loop
      vertex 20.5171 26.25 0
      vertex 24.7229 26.25 0
      vertex 24.4625 25.7221 0
    endloop
  endfacet
  facet normal 0 0 -1
    outer loop
      vertex 20.7775 25.7221 0
      vertex 24.4625 25.7221 0
      vertex 24.2733 25.1647 0
    endloop
  endfacet
  facet normal 0 0 -1
    outer loop
      vertex 20.9667 25.1647 0
      vertex 24.2733 25.1647 0
      vertex 24.1585 24.5874 0
    endloop
  endfacet
  facet normal 0 0 -1
    outer loop
      vertex 24.1585 23.4126 0
      vertex 21.12 24 0
      vertex 24.12 24 0
    endloop
  endfacet
  facet normal 0 0 -1
    outer loop
      vertex 21.12 24 0
      vertex 24.1585 24.5874 0
      vertex 24.12 24 0
    endloop
  endfacet
  facet normal 0 0 -1
    outer loop
      vertex 21.0815 24.5874 0
      vertex 24.1585 24.5874 0
      vertex 21.12 24 0
    endloop
  endfacet
  facet normal 0 0 -1
    outer loop
      vertex 20.9667 25.1647 0
      vertex 24.1585 24.5874 0
      vertex 21.0815 24.5874 0
    endloop
  endfacet
  facet normal 0 0 -1
    outer loop
      vertex 24.2733 25.1647 0
      vertex 20.9667 25.1647 0
      vertex 20.7775 25.7221 0
    endloop
  endfacet
  facet normal 0 0 -1
    outer loop
      vertex 24.4625 25.7221 0
      vertex 20.7775 25.7221 0
      vertex 20.5171 26.25 0
    endloop
  endfacet
  facet normal 0 0 -1
    outer loop
      vertex 24.7229 26.25 0
      vertex 20.5171 26.25 0
      vertex 20.1901 26.7394 0
    endloop
  endfacet
  facet normal 0 0 -1
    outer loop
      vertex 25.0499 26.7394 0
      vertex 20.1901 26.7394 0
      vertex 19.802 27.182 0
    endloop
  endfacet
  facet normal 0 0 -1
    outer loop
      vertex 25.438 27.182 0
      vertex 19.802 27.182 0
      vertex 19.3594 27.5701 0
    endloop
  endfacet
  facet normal 0 0 -1
    outer loop
      vertex 25.8806 27.5701 0
      vertex 19.3594 27.5701 0
      vertex 18.87 27.8971 0
    endloop
  endfacet
  facet normal -0 0 -1
    outer loop
      vertex 26.7722 39.7346 0
      vertex 17.2074 28.4615 0
      vertex 26.6881 39.9824 0
    endloop
  endfacet
  facet normal 0 0 -1
    outer loop
      vertex 16.62 28.5 0
      vertex 26.6881 39.9824 0
      vertex 17.2074 28.4615 0
    endloop
  endfacet
  facet normal -0 0 -1
    outer loop
      vertex 26.6881 39.9824 0
      vertex 16.62 28.5 0
      vertex 26.6371 40.2389 0
    endloop
  endfacet
  facet normal 0 0 -1
    outer loop
      vertex 16.0326 28.4615 0
      vertex 26.6371 40.2389 0
      vertex 16.62 28.5 0
    endloop
  endfacet
  facet normal -0 0 -1
    outer loop
      vertex 26.6371 40.2389 0
      vertex 16.0326 28.4615 0
      vertex 26.62 40.5 0
    endloop
  endfacet
  facet normal 0 0 -1
    outer loop
      vertex 4 48 0
      vertex 26.62 40.5 0
      vertex 16.0326 28.4615 0
    endloop
  endfacet
  facet normal 0 0 -1
    outer loop
      vertex 26.62 40.5 0
      vertex 4 48 0
      vertex 26.6371 40.7611 0
    endloop
  endfacet
  facet normal 0 0 -1
    outer loop
      vertex 26.6371 40.7611 0
      vertex 4 48 0
      vertex 26.6881 41.0176 0
    endloop
  endfacet
  facet normal 0 0 -1
    outer loop
      vertex 26.6881 41.0176 0
      vertex 4 48 0
      vertex 26.7722 41.2654 0
    endloop
  endfacet
  facet normal 0 0 -1
    outer loop
      vertex 26.7722 41.2654 0
      vertex 4 48 0
      vertex 26.8879 41.5 0
    endloop
  endfacet
  facet normal 0 0 -1
    outer loop
      vertex 4 48 0
      vertex 16.0326 28.4615 0
      vertex 15.4553 28.3467 0
    endloop
  endfacet
  facet normal 0 0 -1
    outer loop
      vertex 4 48 0
      vertex 15.4553 28.3467 0
      vertex 14.8979 28.1575 0
    endloop
  endfacet
  facet normal 0 0 -1
    outer loop
      vertex 26.8879 41.5 0
      vertex 4 48 0
      vertex 27.0333 41.7175 0
    endloop
  endfacet
  facet normal 0 0 -1
    outer loop
      vertex 0 44 0
      vertex 14.8979 28.1575 0
      vertex 14.37 27.8971 0
    endloop
  endfacet
  facet normal 0 0 -1
    outer loop
      vertex 0 44 0
      vertex 14.37 27.8971 0
      vertex 13.8806 27.5701 0
    endloop
  endfacet
  facet normal 0 0 -1
    outer loop
      vertex 0 44 0
      vertex 13.8806 27.5701 0
      vertex 13.438 27.182 0
    endloop
  endfacet
  facet normal -0 0 -1
    outer loop
      vertex 12.2733 22.8353 0
      vertex 0 4 0
      vertex 12.1585 23.4126 0
    endloop
  endfacet
  facet normal -0 0 -1
    outer loop
      vertex 12.1585 23.4126 0
      vertex 0 4 0
      vertex 12.12 24 0
    endloop
  endfacet
  facet normal 0 0 -1
    outer loop
      vertex 0 44 0
      vertex 12.12 24 0
      vertex 0 4 0
    endloop
  endfacet
  facet normal 0 0 -1
    outer loop
      vertex 0 4 0
      vertex 5.31 0 0
      vertex 4 0 0
    endloop
  endfacet
  facet normal 0 0 -1
    outer loop
      vertex 28.62 42.5 0
      vertex 4 48 0
      vertex 53.24 48 0
    endloop
  endfacet
  facet normal 0 0 -1
    outer loop
      vertex 27.8546 42.3478 0
      vertex 4 48 0
      vertex 28.1024 42.4319 0
    endloop
  endfacet
  facet normal 0 0 -1
    outer loop
      vertex 27.62 42.232 0
      vertex 4 48 0
      vertex 27.8546 42.3478 0
    endloop
  endfacet
  facet normal 0 0 -1
    outer loop
      vertex 27.4025 42.0867 0
      vertex 4 48 0
      vertex 27.62 42.232 0
    endloop
  endfacet
  facet normal 0 0 -1
    outer loop
      vertex 27.2058 41.9142 0
      vertex 4 48 0
      vertex 27.4025 42.0867 0
    endloop
  endfacet
  facet normal 0 0 -1
    outer loop
      vertex 27.0333 41.7175 0
      vertex 4 48 0
      vertex 27.2058 41.9142 0
    endloop
  endfacet
  facet normal 0 0 -1
    outer loop
      vertex 0 44 0
      vertex 13.438 27.182 0
      vertex 13.0499 26.7394 0
    endloop
  endfacet
  facet normal 0 0 -1
    outer loop
      vertex 0 44 0
      vertex 13.0499 26.7394 0
      vertex 12.7229 26.25 0
    endloop
  endfacet
  facet normal 0 0 -1
    outer loop
      vertex 0 44 0
      vertex 12.7229 26.25 0
      vertex 12.4625 25.7221 0
    endloop
  endfacet
  facet normal 0 0 -1
    outer loop
      vertex 0 44 0
      vertex 12.4625 25.7221 0
      vertex 12.2733 25.1647 0
    endloop
  endfacet
  facet normal 0 0 -1
    outer loop
      vertex 12.12 24 0
      vertex 0 44 0
      vertex 12.1585 24.5874 0
    endloop
  endfacet
  facet normal 0 0 -1
    outer loop
      vertex 0 4 0
      vertex 4 0 0
      vertex 3.47789 0.0342197 0
    endloop
  endfacet
  facet normal 0 0 -1
    outer loop
      vertex 12.1585 24.5874 0
      vertex 0 44 0
      vertex 12.2733 25.1647 0
    endloop
  endfacet
  facet normal 0 0 -1
    outer loop
      vertex 0 4 0
      vertex 3.47789 0.0342197 0
      vertex 2.96472 0.136296 0
    endloop
  endfacet
  facet normal 0 0 -1
    outer loop
      vertex 14.8979 28.1575 0
      vertex 0 44 0
      vertex 4 48 0
    endloop
  endfacet
  facet normal 0 0 -1
    outer loop
      vertex 0 4 0
      vertex 2.96472 0.136296 0
      vertex 2.46927 0.304482 0
    endloop
  endfacet
  facet normal 0 0 -1
    outer loop
      vertex 4 48 0
      vertex 0 44 0
      vertex 3.47789 47.9658 0
    endloop
  endfacet
  facet normal 0 0 -1
    outer loop
      vertex 0 4 0
      vertex 2.46927 0.304482 0
      vertex 2 0.535898 0
    endloop
  endfacet
  facet normal 0 0 -1
    outer loop
      vertex 3.47789 47.9658 0
      vertex 0 44 0
      vertex 2.96472 47.8637 0
    endloop
  endfacet
  facet normal 0 0 -1
    outer loop
      vertex 0 4 0
      vertex 2 0.535898 0
      vertex 1.56495 0.826586 0
    endloop
  endfacet
  facet normal 0 0 -1
    outer loop
      vertex 2.96472 47.8637 0
      vertex 0 44 0
      vertex 2.46927 47.6955 0
    endloop
  endfacet
  facet normal 0 0 -1
    outer loop
      vertex 0 4 0
      vertex 1.56495 0.826586 0
      vertex 1.17157 1.17157 0
    endloop
  endfacet
  facet normal 0 0 -1
    outer loop
      vertex 2.46927 47.6955 0
      vertex 0 44 0
      vertex 2 47.4641 0
    endloop
  endfacet
  facet normal 0 0 -1
    outer loop
      vertex 0 4 0
      vertex 1.17157 1.17157 0
      vertex 0.826586 1.56495 0
    endloop
  endfacet
  facet normal 0 0 -1
    outer loop
      vertex 2 47.4641 0
      vertex 0 44 0
      vertex 1.56495 47.1734 0
    endloop
  endfacet
  facet normal 0 0 -1
    outer loop
      vertex 0 4 0
      vertex 0.826586 1.56495 0
      vertex 0.535898 2 0
    endloop
  endfacet
  facet normal 0 0 -1
    outer loop
      vertex 1.56495 47.1734 0
      vertex 0 44 0
      vertex 1.17157 46.8284 0
    endloop
  endfacet
  facet normal 0 0 -1
    outer loop
      vertex 0 4 0
      vertex 0.535898 2 0
      vertex 0.304482 2.46927 0
    endloop
  endfacet
  facet normal 0 0 -1
    outer loop
      vertex 1.17157 46.8284 0
      vertex 0 44 0
      vertex 0.826586 46.435 0
    endloop
  endfacet
  facet normal 0 0 -1
    outer loop
      vertex 0 4 0
      vertex 0.304482 2.46927 0
      vertex 0.136296 2.96472 0
    endloop
  endfacet
  facet normal 0 0 -1
    outer loop
      vertex 0.826586 46.435 0
      vertex 0 44 0
      vertex 0.535898 46 0
    endloop
  endfacet
  facet normal 0 0 -1
    outer loop
      vertex 0 4 0
      vertex 0.136296 2.96472 0
      vertex 0.0342197 3.47789 0
    endloop
  endfacet
  facet normal 0 0 -1
    outer loop
      vertex 0.535898 46 0
      vertex 0 44 0
      vertex 0.304482 45.5307 0
    endloop
  endfacet
  facet normal 0 0 -1
    outer loop
      vertex 0.304482 45.5307 0
      vertex 0 44 0
      vertex 0.136296 45.0353 0
    endloop
  endfacet
  facet normal 0 0 -1
    outer loop
      vertex 0.136296 45.0353 0
      vertex 0 44 0
      vertex 0.0342197 44.5221 0
    endloop
  endfacet
  facet normal 1 -0 0
    outer loop
      vertex 23.31 -2 7
      vertex 23.31 0 0
      vertex 23.31 0 7
    endloop
  endfacet
  facet normal 1 0 0
    outer loop
      vertex 23.31 0 0
      vertex 23.31 -2 7
      vertex 23.31 -2 0
    endloop
  endfacet
  facet normal -0 0 1
    outer loop
      vertex 33.93 0 7
      vertex 51.93 -2 7
      vertex 51.93 0 7
    endloop
  endfacet
  facet normal 0 0 1
    outer loop
      vertex 51.93 -2 7
      vertex 33.93 0 7
      vertex 33.93 -2 7
    endloop
  endfacet
  facet normal -1 0 0
    outer loop
      vertex 33.93 -2 0
      vertex 33.93 0 7
      vertex 33.93 0 0
    endloop
  endfacet
  facet normal -1 -0 0
    outer loop
      vertex 33.93 0 7
      vertex 33.93 -2 0
      vertex 33.93 -2 7
    endloop
  endfacet
  facet normal 0 -1 0
    outer loop
      vertex 33.93 -2 0
      vertex 51.93 -2 7
      vertex 33.93 -2 7
    endloop
  endfacet
  facet normal 0 -1 -0
    outer loop
      vertex 51.93 -2 7
      vertex 33.93 -2 0
      vertex 51.93 -2 0
    endloop
  endfacet
  facet normal 1 -0 0
    outer loop
      vertex 51.93 -2 7
      vertex 51.93 0 0
      vertex 51.93 0 7
    endloop
  endfacet
  facet normal 1 0 0
    outer loop
      vertex 51.93 0 0
      vertex 51.93 -2 7
      vertex 51.93 -2 0
    endloop
  endfacet
  facet normal 0.321498 0.94691 -0
    outer loop
      vertex 54.7707 47.6955 0
      vertex 54.2753 47.8637 22.9
      vertex 54.7707 47.6955 22.9
    endloop
  endfacet
  facet normal 0.321498 0.94691 0
    outer loop
      vertex 54.2753 47.8637 22.9
      vertex 54.7707 47.6955 0
      vertex 54.2753 47.8637 0
    endloop
  endfacet
  facet normal -0.980787 0.19508 0
    outer loop
      vertex 0.0342197 44.5221 0
      vertex 0.136296 45.0353 22.9
      vertex 0.136296 45.0353 0
    endloop
  endfacet
  facet normal -0.980787 0.19508 0
    outer loop
      vertex 0.136296 45.0353 22.9
      vertex 0.0342197 44.5221 0
      vertex 0.0342197 44.5221 22.9
    endloop
  endfacet
  facet normal -0.751857 0.659326 0
    outer loop
      vertex 0.826586 46.435 0
      vertex 1.17157 46.8284 22.9
      vertex 1.17157 46.8284 0
    endloop
  endfacet
  facet normal -0.751857 0.659326 0
    outer loop
      vertex 1.17157 46.8284 22.9
      vertex 0.826586 46.435 0
      vertex 0.826586 46.435 22.9
    endloop
  endfacet
  facet normal -0.44226 0.896887 0
    outer loop
      vertex 2.46927 47.6955 0
      vertex 2 47.4641 22.9
      vertex 2.46927 47.6955 22.9
    endloop
  endfacet
  facet normal -0.44226 0.896887 0
    outer loop
      vertex 2 47.4641 22.9
      vertex 2.46927 47.6955 0
      vertex 2 47.4641 0
    endloop
  endfacet
  facet normal -0.896886 0.442262 0
    outer loop
      vertex 0.304482 45.5307 0
      vertex 0.535898 46 22.9
      vertex 0.535898 46 0
    endloop
  endfacet
  facet normal -0.896886 0.442262 0
    outer loop
      vertex 0.535898 46 22.9
      vertex 0.304482 45.5307 0
      vertex 0.304482 45.5307 22.9
    endloop
  endfacet
  facet normal -0.0653634 0.997862 0
    outer loop
      vertex 4 48 0
      vertex 3.47789 47.9658 22.9
      vertex 4 48 22.9
    endloop
  endfacet
  facet normal -0.0653634 0.997862 0
    outer loop
      vertex 3.47789 47.9658 22.9
      vertex 4 48 0
      vertex 3.47789 47.9658 0
    endloop
  endfacet
  facet normal 0.0653646 0.997861 -0
    outer loop
      vertex 53.7621 47.9658 0
      vertex 53.24 48 22.9
      vertex 53.7621 47.9658 22.9
    endloop
  endfacet
  facet normal 0.0653646 0.997861 0
    outer loop
      vertex 53.24 48 22.9
      vertex 53.7621 47.9658 0
      vertex 53.24 48 0
    endloop
  endfacet
  facet normal -0.0654009 -0.997859 0
    outer loop
      vertex 3.47789 0.0342197 0
      vertex 4 0 22.9
      vertex 3.47789 0.0342197 22.9
    endloop
  endfacet
  facet normal -0.0654009 -0.997859 -0
    outer loop
      vertex 4 0 22.9
      vertex 3.47789 0.0342197 0
      vertex 4 0 0
    endloop
  endfacet
  facet normal 0.94692 -0.321469 0
    outer loop
      vertex 56.9355 2.46927 22.9
      vertex 57.1037 2.96472 0
      vertex 57.1037 2.96472 22.9
    endloop
  endfacet
  facet normal 0.94692 -0.321469 0
    outer loop
      vertex 57.1037 2.96472 0
      vertex 56.9355 2.46927 22.9
      vertex 56.9355 2.46927 0
    endloop
  endfacet
  facet normal 1 -0 0
    outer loop
      vertex 57.24 4 22.9
      vertex 57.24 44 0
      vertex 57.24 44 22.9
    endloop
  endfacet
  facet normal 1 0 0
    outer loop
      vertex 57.24 44 0
      vertex 57.24 4 22.9
      vertex 57.24 4 0
    endloop
  endfacet
  facet normal -0.195091 -0.980785 0
    outer loop
      vertex 2.96472 0.136296 0
      vertex 3.47789 0.0342197 22.9
      vertex 2.96472 0.136296 22.9
    endloop
  endfacet
  facet normal -0.195091 -0.980785 -0
    outer loop
      vertex 3.47789 0.0342197 22.9
      vertex 2.96472 0.136296 0
      vertex 3.47789 0.0342197 0
    endloop
  endfacet
  facet normal 0 1 -0
    outer loop
      vertex 53.24 48 0
      vertex 4 48 22.9
      vertex 53.24 48 22.9
    endloop
  endfacet
  facet normal 0 1 0
    outer loop
      vertex 4 48 22.9
      vertex 53.24 48 0
      vertex 4 48 0
    endloop
  endfacet
  facet normal -1 0 0
    outer loop
      vertex 0 4 0
      vertex 0 44 22.9
      vertex 0 44 0
    endloop
  endfacet
  facet normal -1 -0 0
    outer loop
      vertex 0 44 22.9
      vertex 0 4 0
      vertex 0 4 22.9
    endloop
  endfacet
  facet normal 0.831462 -0.555582 0
    outer loop
      vertex 56.4134 1.56495 22.9
      vertex 56.7041 2 0
      vertex 56.7041 2 22.9
    endloop
  endfacet
  facet normal 0.831462 -0.555582 0
    outer loop
      vertex 56.7041 2 0
      vertex 56.4134 1.56495 22.9
      vertex 56.4134 1.56495 0
    endloop
  endfacet
  facet normal 0.55561 -0.831443 0
    outer loop
      vertex 55.24 0.535898 0
      vertex 55.675 0.826586 22.9
      vertex 55.24 0.535898 22.9
    endloop
  endfacet
  facet normal 0.55561 -0.831443 0
    outer loop
      vertex 55.675 0.826586 22.9
      vertex 55.24 0.535898 0
      vertex 55.675 0.826586 0
    endloop
  endfacet
  facet normal -0.997859 0.0654021 0
    outer loop
      vertex 0 44 0
      vertex 0.0342197 44.5221 22.9
      vertex 0.0342197 44.5221 0
    endloop
  endfacet
  facet normal -0.997859 0.0654021 0
    outer loop
      vertex 0.0342197 44.5221 22.9
      vertex 0 44 0
      vertex 0 44 22.9
    endloop
  endfacet
  facet normal -0.751841 -0.659345 0
    outer loop
      vertex 1.17157 1.17157 0
      vertex 0.826586 1.56495 22.9
      vertex 0.826586 1.56495 0
    endloop
  endfacet
  facet normal -0.751841 -0.659345 0
    outer loop
      vertex 0.826586 1.56495 22.9
      vertex 1.17157 1.17157 0
      vertex 1.17157 1.17157 22.9
    endloop
  endfacet
  facet normal 0.751826 -0.659362 0
    outer loop
      vertex 56.0684 1.17157 22.9
      vertex 56.4134 1.56495 0
      vertex 56.4134 1.56495 22.9
    endloop
  endfacet
  facet normal 0.751826 -0.659362 0
    outer loop
      vertex 56.4134 1.56495 0
      vertex 56.0684 1.17157 22.9
      vertex 56.0684 1.17157 0
    endloop
  endfacet
  facet normal -0.831472 -0.555566 0
    outer loop
      vertex 0.826586 1.56495 0
      vertex 0.535898 2 22.9
      vertex 0.535898 2 0
    endloop
  endfacet
  facet normal -0.831472 -0.555566 0
    outer loop
      vertex 0.535898 2 22.9
      vertex 0.826586 1.56495 0
      vertex 0.826586 1.56495 22.9
    endloop
  endfacet
  facet normal -0.946918 0.321474 0
    outer loop
      vertex 0.136296 45.0353 0
      vertex 0.304482 45.5307 22.9
      vertex 0.304482 45.5307 0
    endloop
  endfacet
  facet normal -0.946918 0.321474 0
    outer loop
      vertex 0.304482 45.5307 22.9
      vertex 0.136296 45.0353 0
      vertex 0.136296 45.0353 22.9
    endloop
  endfacet
  facet normal -0.321469 0.94692 0
    outer loop
      vertex 2.96472 47.8637 0
      vertex 2.46927 47.6955 22.9
      vertex 2.96472 47.8637 22.9
    endloop
  endfacet
  facet normal -0.321469 0.94692 0
    outer loop
      vertex 2.46927 47.6955 22.9
      vertex 2.96472 47.8637 0
      vertex 2.46927 47.6955 0
    endloop
  endfacet
  facet normal -0.195135 0.980776 0
    outer loop
      vertex 3.47789 47.9658 0
      vertex 2.96472 47.8637 22.9
      vertex 3.47789 47.9658 22.9
    endloop
  endfacet
  facet normal -0.195135 0.980776 0
    outer loop
      vertex 2.96472 47.8637 22.9
      vertex 3.47789 47.9658 0
      vertex 2.96472 47.8637 0
    endloop
  endfacet
  facet normal 0.659343 0.751842 -0
    outer loop
      vertex 56.0684 46.8284 0
      vertex 55.675 47.1734 22.9
      vertex 56.0684 46.8284 22.9
    endloop
  endfacet
  facet normal 0.659343 0.751842 0
    outer loop
      vertex 55.675 47.1734 22.9
      vertex 56.0684 46.8284 0
      vertex 55.675 47.1734 0
    endloop
  endfacet
  facet normal 0.831432 0.555626 0
    outer loop
      vertex 56.7041 46 22.9
      vertex 56.4134 46.435 0
      vertex 56.4134 46.435 22.9
    endloop
  endfacet
  facet normal 0.831432 0.555626 0
    outer loop
      vertex 56.4134 46.435 0
      vertex 56.7041 46 22.9
      vertex 56.7041 46 0
    endloop
  endfacet
  facet normal 0.0654021 -0.997859 0
    outer loop
      vertex 53.24 0 0
      vertex 53.7621 0.0342197 22.9
      vertex 53.24 0 22.9
    endloop
  endfacet
  facet normal 0.0654021 -0.997859 0
    outer loop
      vertex 53.7621 0.0342197 22.9
      vertex 53.24 0 0
      vertex 53.7621 0.0342197 0
    endloop
  endfacet
  facet normal -0.555582 0.831462 0
    outer loop
      vertex 2 47.4641 0
      vertex 1.56495 47.1734 22.9
      vertex 2 47.4641 22.9
    endloop
  endfacet
  facet normal -0.555582 0.831462 0
    outer loop
      vertex 1.56495 47.1734 22.9
      vertex 2 47.4641 0
      vertex 1.56495 47.1734 0
    endloop
  endfacet
  facet normal -0.896875 -0.442285 0
    outer loop
      vertex 0.535898 2 0
      vertex 0.304482 2.46927 22.9
      vertex 0.304482 2.46927 0
    endloop
  endfacet
  facet normal -0.896875 -0.442285 0
    outer loop
      vertex 0.304482 2.46927 22.9
      vertex 0.535898 2 0
      vertex 0.535898 2 22.9
    endloop
  endfacet
  facet normal -0.831443 0.55561 0
    outer loop
      vertex 0.535898 46 0
      vertex 0.826586 46.435 22.9
      vertex 0.826586 46.435 0
    endloop
  endfacet
  facet normal -0.831443 0.55561 0
    outer loop
      vertex 0.826586 46.435 22.9
      vertex 0.535898 46 0
      vertex 0.535898 46 22.9
    endloop
  endfacet
  facet normal 0.980776 -0.195135 0
    outer loop
      vertex 57.1037 2.96472 22.9
      vertex 57.2058 3.47789 0
      vertex 57.2058 3.47789 22.9
    endloop
  endfacet
  facet normal 0.980776 -0.195135 0
    outer loop
      vertex 57.2058 3.47789 0
      vertex 57.1037 2.96472 22.9
      vertex 57.1037 2.96472 0
    endloop
  endfacet
  facet normal 0.442238 0.896898 -0
    outer loop
      vertex 55.24 47.4641 0
      vertex 54.7707 47.6955 22.9
      vertex 55.24 47.4641 22.9
    endloop
  endfacet
  facet normal 0.442238 0.896898 0
    outer loop
      vertex 54.7707 47.6955 22.9
      vertex 55.24 47.4641 0
      vertex 54.7707 47.6955 0
    endloop
  endfacet
  facet normal -0.321445 -0.946928 0
    outer loop
      vertex 2.46927 0.304482 0
      vertex 2.96472 0.136296 22.9
      vertex 2.46927 0.304482 22.9
    endloop
  endfacet
  facet normal -0.321445 -0.946928 -0
    outer loop
      vertex 2.96472 0.136296 22.9
      vertex 2.46927 0.304482 0
      vertex 2.96472 0.136296 0
    endloop
  endfacet
  facet normal 0.997862 -0.0653634 0
    outer loop
      vertex 57.2058 3.47789 22.9
      vertex 57.24 4 0
      vertex 57.24 4 22.9
    endloop
  endfacet
  facet normal 0.997862 -0.0653634 0
    outer loop
      vertex 57.24 4 0
      vertex 57.2058 3.47789 22.9
      vertex 57.2058 3.47789 0
    endloop
  endfacet
  facet normal -0.997859 -0.0654009 0
    outer loop
      vertex 0.0342197 3.47789 0
      vertex 0 4 22.9
      vertex 0 4 0
    endloop
  endfacet
  facet normal -0.997859 -0.0654009 0
    outer loop
      vertex 0 4 22.9
      vertex 0.0342197 3.47789 0
      vertex 0.0342197 3.47789 22.9
    endloop
  endfacet
  facet normal 0.980779 0.195124 0
    outer loop
      vertex 57.2058 44.5221 22.9
      vertex 57.1037 45.0353 0
      vertex 57.1037 45.0353 22.9
    endloop
  endfacet
  facet normal 0.980779 0.195124 0
    outer loop
      vertex 57.1037 45.0353 0
      vertex 57.2058 44.5221 22.9
      vertex 57.2058 44.5221 0
    endloop
  endfacet
  facet normal 0.321474 -0.946918 0
    outer loop
      vertex 54.2753 0.136296 0
      vertex 54.7707 0.304482 22.9
      vertex 54.2753 0.136296 22.9
    endloop
  endfacet
  facet normal 0.321474 -0.946918 0
    outer loop
      vertex 54.7707 0.304482 22.9
      vertex 54.2753 0.136296 0
      vertex 54.7707 0.304482 0
    endloop
  endfacet
  facet normal 0.195124 0.980779 -0
    outer loop
      vertex 54.2753 47.8637 0
      vertex 53.7621 47.9658 22.9
      vertex 54.2753 47.8637 22.9
    endloop
  endfacet
  facet normal 0.195124 0.980779 0
    outer loop
      vertex 53.7621 47.9658 22.9
      vertex 54.2753 47.8637 0
      vertex 53.7621 47.9658 0
    endloop
  endfacet
  facet normal 0.896887 -0.44226 0
    outer loop
      vertex 56.7041 2 22.9
      vertex 56.9355 2.46927 0
      vertex 56.9355 2.46927 22.9
    endloop
  endfacet
  facet normal 0.896887 -0.44226 0
    outer loop
      vertex 56.9355 2.46927 0
      vertex 56.7041 2 22.9
      vertex 56.7041 2 0
    endloop
  endfacet
  facet normal 0.896898 0.442238 0
    outer loop
      vertex 56.9355 45.5307 22.9
      vertex 56.7041 46 0
      vertex 56.7041 46 22.9
    endloop
  endfacet
  facet normal 0.896898 0.442238 0
    outer loop
      vertex 56.7041 46 0
      vertex 56.9355 45.5307 22.9
      vertex 56.9355 45.5307 0
    endloop
  endfacet
  facet normal 0.555626 0.831432 -0
    outer loop
      vertex 55.675 47.1734 0
      vertex 55.24 47.4641 22.9
      vertex 55.675 47.1734 22.9
    endloop
  endfacet
  facet normal 0.555626 0.831432 0
    outer loop
      vertex 55.24 47.4641 22.9
      vertex 55.675 47.1734 0
      vertex 55.24 47.4641 0
    endloop
  endfacet
  facet normal -0.659345 -0.751841 0
    outer loop
      vertex 1.17157 1.17157 0
      vertex 1.56495 0.826586 22.9
      vertex 1.17157 1.17157 22.9
    endloop
  endfacet
  facet normal -0.659345 -0.751841 -0
    outer loop
      vertex 1.56495 0.826586 22.9
      vertex 1.17157 1.17157 0
      vertex 1.56495 0.826586 0
    endloop
  endfacet
  facet normal -0.659362 0.751826 0
    outer loop
      vertex 1.56495 47.1734 0
      vertex 1.17157 46.8284 22.9
      vertex 1.56495 47.1734 22.9
    endloop
  endfacet
  facet normal -0.659362 0.751826 0
    outer loop
      vertex 1.17157 46.8284 22.9
      vertex 1.56495 47.1734 0
      vertex 1.17157 46.8284 0
    endloop
  endfacet
  facet normal 0.659326 -0.751857 0
    outer loop
      vertex 55.675 0.826586 0
      vertex 56.0684 1.17157 22.9
      vertex 55.675 0.826586 22.9
    endloop
  endfacet
  facet normal 0.659326 -0.751857 0
    outer loop
      vertex 56.0684 1.17157 22.9
      vertex 55.675 0.826586 0
      vertex 56.0684 1.17157 0
    endloop
  endfacet
  facet normal 0.997861 0.0653646 0
    outer loop
      vertex 57.24 44 22.9
      vertex 57.2058 44.5221 0
      vertex 57.2058 44.5221 22.9
    endloop
  endfacet
  facet normal 0.997861 0.0653646 0
    outer loop
      vertex 57.2058 44.5221 0
      vertex 57.24 44 22.9
      vertex 57.24 44 0
    endloop
  endfacet
  facet normal -0.442285 -0.896875 0
    outer loop
      vertex 2 0.535898 0
      vertex 2.46927 0.304482 22.9
      vertex 2 0.535898 22.9
    endloop
  endfacet
  facet normal -0.442285 -0.896875 -0
    outer loop
      vertex 2.46927 0.304482 22.9
      vertex 2 0.535898 0
      vertex 2.46927 0.304482 0
    endloop
  endfacet
  facet normal 0.19508 -0.980787 0
    outer loop
      vertex 53.7621 0.0342197 0
      vertex 54.2753 0.136296 22.9
      vertex 53.7621 0.0342197 22.9
    endloop
  endfacet
  facet normal 0.19508 -0.980787 0
    outer loop
      vertex 54.2753 0.136296 22.9
      vertex 53.7621 0.0342197 0
      vertex 54.2753 0.136296 0
    endloop
  endfacet
  facet normal 0.442262 -0.896886 0
    outer loop
      vertex 54.7707 0.304482 0
      vertex 55.24 0.535898 22.9
      vertex 54.7707 0.304482 22.9
    endloop
  endfacet
  facet normal 0.442262 -0.896886 0
    outer loop
      vertex 55.24 0.535898 22.9
      vertex 54.7707 0.304482 0
      vertex 55.24 0.535898 0
    endloop
  endfacet
  facet normal 0.94691 0.321498 0
    outer loop
      vertex 57.1037 45.0353 22.9
      vertex 56.9355 45.5307 0
      vertex 56.9355 45.5307 22.9
    endloop
  endfacet
  facet normal 0.94691 0.321498 0
    outer loop
      vertex 56.9355 45.5307 0
      vertex 57.1037 45.0353 22.9
      vertex 57.1037 45.0353 0
    endloop
  endfacet
  facet normal 0.751842 0.659343 0
    outer loop
      vertex 56.4134 46.435 22.9
      vertex 56.0684 46.8284 0
      vertex 56.0684 46.8284 22.9
    endloop
  endfacet
  facet normal 0.751842 0.659343 0
    outer loop
      vertex 56.0684 46.8284 0
      vertex 56.4134 46.435 22.9
      vertex 56.4134 46.435 0
    endloop
  endfacet
  facet normal -0.555566 -0.831472 0
    outer loop
      vertex 1.56495 0.826586 0
      vertex 2 0.535898 22.9
      vertex 1.56495 0.826586 22.9
    endloop
  endfacet
  facet normal -0.555566 -0.831472 -0
    outer loop
      vertex 2 0.535898 22.9
      vertex 1.56495 0.826586 0
      vertex 2 0.535898 0
    endloop
  endfacet
  facet normal 0 -1 0
    outer loop
      vertex 23.31 0 0
      vertex 33.93 0 7
      vertex 23.31 0 7
    endloop
  endfacet
  facet normal 0 -1 -0
    outer loop
      vertex 33.93 0 7
      vertex 23.31 0 0
      vertex 33.93 0 0
    endloop
  endfacet
  facet normal 0 -1 0
    outer loop
      vertex 23.31 0 7
      vertex 4 0 22.9
      vertex 5.31 0 7
    endloop
  endfacet
  facet normal 0 -1 0
    outer loop
      vertex 4 0 0
      vertex 5.31 0 7
      vertex 4 0 22.9
    endloop
  endfacet
  facet normal 0 -1 -0
    outer loop
      vertex 5.31 0 7
      vertex 4 0 0
      vertex 5.31 0 0
    endloop
  endfacet
  facet normal 0 -1 0
    outer loop
      vertex 4 0 22.9
      vertex 23.31 0 7
      vertex 53.24 0 22.9
    endloop
  endfacet
  facet normal 0 -1 0
    outer loop
      vertex 33.93 0 7
      vertex 53.24 0 22.9
      vertex 23.31 0 7
    endloop
  endfacet
  facet normal 0 -1 0
    outer loop
      vertex 51.93 0 7
      vertex 53.24 0 22.9
      vertex 33.93 0 7
    endloop
  endfacet
  facet normal 0 -1 0
    outer loop
      vertex 53.24 0 0
      vertex 51.93 0 7
      vertex 51.93 0 0
    endloop
  endfacet
  facet normal 0 -1 0
    outer loop
      vertex 51.93 0 7
      vertex 53.24 0 0
      vertex 53.24 0 22.9
    endloop
  endfacet
  facet normal -0.946928 -0.321445 0
    outer loop
      vertex 0.304482 2.46927 0
      vertex 0.136296 2.96472 22.9
      vertex 0.136296 2.96472 0
    endloop
  endfacet
  facet normal -0.946928 -0.321445 0
    outer loop
      vertex 0.136296 2.96472 22.9
      vertex 0.304482 2.46927 0
      vertex 0.304482 2.46927 22.9
    endloop
  endfacet
  facet normal -0.980785 -0.195091 0
    outer loop
      vertex 0.136296 2.96472 0
      vertex 0.0342197 3.47789 22.9
      vertex 0.0342197 3.47789 0
    endloop
  endfacet
  facet normal -0.980785 -0.195091 0
    outer loop
      vertex 0.0342197 3.47789 22.9
      vertex 0.136296 2.96472 0
      vertex 0.136296 2.96472 22.9
    endloop
  endfacet
  facet normal 0 0 1
    outer loop
      vertex 54.74 45.5 22.9
      vertex 57.24 44 22.9
      vertex 57.2058 44.5221 22.9
    endloop
  endfacet
  facet normal 0 0 1
    outer loop
      vertex 57.24 44 22.9
      vertex 54.74 45.5 22.9
      vertex 57.24 4 22.9
    endloop
  endfacet
  facet normal 0 0 1
    outer loop
      vertex 54.74 45.5 22.9
      vertex 57.2058 44.5221 22.9
      vertex 57.1037 45.0353 22.9
    endloop
  endfacet
  facet normal 0 0 1
    outer loop
      vertex 54.74 2.5 22.9
      vertex 57.24 4 22.9
      vertex 54.74 45.5 22.9
    endloop
  endfacet
  facet normal -0 0 1
    outer loop
      vertex 54.74 45.5 22.9
      vertex 57.1037 45.0353 22.9
      vertex 56.9355 45.5307 22.9
    endloop
  endfacet
  facet normal 0 0 1
    outer loop
      vertex 57.24 4 22.9
      vertex 54.74 2.5 22.9
      vertex 57.2058 3.47789 22.9
    endloop
  endfacet
  facet normal 0 0 1
    outer loop
      vertex 54.74 45.5 22.9
      vertex 56.9355 45.5307 22.9
      vertex 56.7041 46 22.9
    endloop
  endfacet
  facet normal 0 0 1
    outer loop
      vertex 57.2058 3.47789 22.9
      vertex 54.74 2.5 22.9
      vertex 57.1037 2.96472 22.9
    endloop
  endfacet
  facet normal 0 0 1
    outer loop
      vertex 54.74 45.5 22.9
      vertex 56.7041 46 22.9
      vertex 56.4134 46.435 22.9
    endloop
  endfacet
  facet normal 0 0 1
    outer loop
      vertex 57.1037 2.96472 22.9
      vertex 54.74 2.5 22.9
      vertex 56.9355 2.46927 22.9
    endloop
  endfacet
  facet normal 0 0 1
    outer loop
      vertex 54.74 45.5 22.9
      vertex 56.4134 46.435 22.9
      vertex 56.0684 46.8284 22.9
    endloop
  endfacet
  facet normal 0 0 1
    outer loop
      vertex 56.9355 2.46927 22.9
      vertex 54.74 2.5 22.9
      vertex 56.7041 2 22.9
    endloop
  endfacet
  facet normal 0 0 1
    outer loop
      vertex 54.74 45.5 22.9
      vertex 56.0684 46.8284 22.9
      vertex 55.675 47.1734 22.9
    endloop
  endfacet
  facet normal 0 0 1
    outer loop
      vertex 56.7041 2 22.9
      vertex 54.74 2.5 22.9
      vertex 56.4134 1.56495 22.9
    endloop
  endfacet
  facet normal 0 0 1
    outer loop
      vertex 54.74 45.5 22.9
      vertex 55.675 47.1734 22.9
      vertex 55.24 47.4641 22.9
    endloop
  endfacet
  facet normal 0 0 1
    outer loop
      vertex 56.4134 1.56495 22.9
      vertex 54.74 2.5 22.9
      vertex 56.0684 1.17157 22.9
    endloop
  endfacet
  facet normal 0 0 1
    outer loop
      vertex 54.74 45.5 22.9
      vertex 55.24 47.4641 22.9
      vertex 54.7707 47.6955 22.9
    endloop
  endfacet
  facet normal 0 0 1
    outer loop
      vertex 56.0684 1.17157 22.9
      vertex 54.74 2.5 22.9
      vertex 55.675 0.826586 22.9
    endloop
  endfacet
  facet normal 0 0 1
    outer loop
      vertex 55.675 0.826586 22.9
      vertex 54.74 2.5 22.9
      vertex 55.24 0.535898 22.9
    endloop
  endfacet
  facet normal 0 0 1
    outer loop
      vertex 54.2753 47.8637 22.9
      vertex 54.74 45.5 22.9
      vertex 54.7707 47.6955 22.9
    endloop
  endfacet
  facet normal 0 0 1
    outer loop
      vertex 53.7621 47.9658 22.9
      vertex 54.74 45.5 22.9
      vertex 54.2753 47.8637 22.9
    endloop
  endfacet
  facet normal 0 0 1
    outer loop
      vertex 53.24 48 22.9
      vertex 54.74 45.5 22.9
      vertex 53.7621 47.9658 22.9
    endloop
  endfacet
  facet normal -0 0 1
    outer loop
      vertex 4 48 22.9
      vertex 54.74 45.5 22.9
      vertex 53.24 48 22.9
    endloop
  endfacet
  facet normal 0 0 1
    outer loop
      vertex 2.5 45.5 22.9
      vertex 4 48 22.9
      vertex 3.47789 47.9658 22.9
    endloop
  endfacet
  facet normal 0 0 1
    outer loop
      vertex 2.5 45.5 22.9
      vertex 3.47789 47.9658 22.9
      vertex 2.96472 47.8637 22.9
    endloop
  endfacet
  facet normal 0 0 1
    outer loop
      vertex 4 48 22.9
      vertex 2.5 45.5 22.9
      vertex 54.74 45.5 22.9
    endloop
  endfacet
  facet normal -0 0 1
    outer loop
      vertex 2 47.4641 22.9
      vertex 2.5 45.5 22.9
      vertex 2.46927 47.6955 22.9
    endloop
  endfacet
  facet normal -0 0 1
    outer loop
      vertex 2.46927 47.6955 22.9
      vertex 2.5 45.5 22.9
      vertex 2.96472 47.8637 22.9
    endloop
  endfacet
  facet normal 0 0 1
    outer loop
      vertex 55.24 0.535898 22.9
      vertex 54.74 2.5 22.9
      vertex 54.7707 0.304482 22.9
    endloop
  endfacet
  facet normal 0 0 1
    outer loop
      vertex 54.74 2.5 22.9
      vertex 54.2753 0.136296 22.9
      vertex 54.7707 0.304482 22.9
    endloop
  endfacet
  facet normal 0 0 1
    outer loop
      vertex 54.74 2.5 22.9
      vertex 53.7621 0.0342197 22.9
      vertex 54.2753 0.136296 22.9
    endloop
  endfacet
  facet normal 0 0 1
    outer loop
      vertex 54.74 2.5 22.9
      vertex 53.24 0 22.9
      vertex 53.7621 0.0342197 22.9
    endloop
  endfacet
  facet normal 0 0 1
    outer loop
      vertex 54.74 2.5 22.9
      vertex 4 0 22.9
      vertex 53.24 0 22.9
    endloop
  endfacet
  facet normal -0 0 1
    outer loop
      vertex 2.5 2.5 22.9
      vertex 4 0 22.9
      vertex 54.74 2.5 22.9
    endloop
  endfacet
  facet normal 0 0 1
    outer loop
      vertex 4 0 22.9
      vertex 2.5 2.5 22.9
      vertex 3.47789 0.0342197 22.9
    endloop
  endfacet
  facet normal 0 0 1
    outer loop
      vertex 3.47789 0.0342197 22.9
      vertex 2.5 2.5 22.9
      vertex 2.96472 0.136296 22.9
    endloop
  endfacet
  facet normal 0 0 1
    outer loop
      vertex 2.5 2.5 22.9
      vertex 2.46927 0.304482 22.9
      vertex 2.96472 0.136296 22.9
    endloop
  endfacet
  facet normal 0 0 1
    outer loop
      vertex 2.5 45.5 22.9
      vertex 0 44 22.9
      vertex 2.5 2.5 22.9
    endloop
  endfacet
  facet normal -0 0 1
    outer loop
      vertex 1.56495 47.1734 22.9
      vertex 2.5 45.5 22.9
      vertex 2 47.4641 22.9
    endloop
  endfacet
  facet normal -0 0 1
    outer loop
      vertex 0 4 22.9
      vertex 2.5 2.5 22.9
      vertex 0 44 22.9
    endloop
  endfacet
  facet normal -0 0 1
    outer loop
      vertex 1.17157 46.8284 22.9
      vertex 2.5 45.5 22.9
      vertex 1.56495 47.1734 22.9
    endloop
  endfacet
  facet normal -0 -0 1
    outer loop
      vertex 0.0342197 3.47789 22.9
      vertex 2.5 2.5 22.9
      vertex 0 4 22.9
    endloop
  endfacet
  facet normal -0 0 1
    outer loop
      vertex 0.826586 46.435 22.9
      vertex 2.5 45.5 22.9
      vertex 1.17157 46.8284 22.9
    endloop
  endfacet
  facet normal 0 0 1
    outer loop
      vertex 2.5 2.5 22.9
      vertex 2 0.535898 22.9
      vertex 2.46927 0.304482 22.9
    endloop
  endfacet
  facet normal -0 0 1
    outer loop
      vertex 0.535898 46 22.9
      vertex 2.5 45.5 22.9
      vertex 0.826586 46.435 22.9
    endloop
  endfacet
  facet normal 0 0 1
    outer loop
      vertex 2.5 2.5 22.9
      vertex 1.56495 0.826586 22.9
      vertex 2 0.535898 22.9
    endloop
  endfacet
  facet normal -0 0 1
    outer loop
      vertex 0.304482 45.5307 22.9
      vertex 2.5 45.5 22.9
      vertex 0.535898 46 22.9
    endloop
  endfacet
  facet normal 0 0 1
    outer loop
      vertex 2.5 2.5 22.9
      vertex 1.17157 1.17157 22.9
      vertex 1.56495 0.826586 22.9
    endloop
  endfacet
  facet normal 0 0 1
    outer loop
      vertex 0.136296 45.0353 22.9
      vertex 2.5 45.5 22.9
      vertex 0.304482 45.5307 22.9
    endloop
  endfacet
  facet normal 0 0 1
    outer loop
      vertex 2.5 2.5 22.9
      vertex 0.826586 1.56495 22.9
      vertex 1.17157 1.17157 22.9
    endloop
  endfacet
  facet normal 0 0 1
    outer loop
      vertex 0.0342197 44.5221 22.9
      vertex 2.5 45.5 22.9
      vertex 0.136296 45.0353 22.9
    endloop
  endfacet
  facet normal 0 0 1
    outer loop
      vertex 2.5 2.5 22.9
      vertex 0.535898 2 22.9
      vertex 0.826586 1.56495 22.9
    endloop
  endfacet
  facet normal 0 0 1
    outer loop
      vertex 2.5 45.5 22.9
      vertex 0.0342197 44.5221 22.9
      vertex 0 44 22.9
    endloop
  endfacet
  facet normal 0 0 1
    outer loop
      vertex 2.5 2.5 22.9
      vertex 0.304482 2.46927 22.9
      vertex 0.535898 2 22.9
    endloop
  endfacet
  facet normal 0 0 1
    outer loop
      vertex 2.5 2.5 22.9
      vertex 0.136296 2.96472 22.9
      vertex 0.304482 2.46927 22.9
    endloop
  endfacet
  facet normal 0 0 1
    outer loop
      vertex 2.5 2.5 22.9
      vertex 0.0342197 3.47789 22.9
      vertex 0.136296 2.96472 22.9
    endloop
  endfacet
  facet normal -0.980815 -0.19494 0
    outer loop
      vertex 19.5943 24.3916 0.5
      vertex 19.5178 24.7765 2.5
      vertex 19.5178 24.7765 0.5
    endloop
  endfacet
  facet normal -0.980815 -0.19494 0
    outer loop
      vertex 19.5178 24.7765 2.5
      vertex 19.5943 24.3916 0.5
      vertex 19.5943 24.3916 2.5
    endloop
  endfacet
  facet normal -0.997853 -0.0654873 0
    outer loop
      vertex 19.62 24 0.5
      vertex 19.5943 24.3916 2.5
      vertex 19.5943 24.3916 0.5
    endloop
  endfacet
  facet normal -0.997853 -0.0654873 0
    outer loop
      vertex 19.5943 24.3916 2.5
      vertex 19.62 24 0.5
      vertex 19.62 24 2.5
    endloop
  endfacet
  facet normal -0.442211 -0.896911 0
    outer loop
      vertex 17.7681 26.7716 0.5
      vertex 18.12 26.5981 2.5
      vertex 17.7681 26.7716 2.5
    endloop
  endfacet
  facet normal -0.442211 -0.896911 -0
    outer loop
      vertex 18.12 26.5981 2.5
      vertex 17.7681 26.7716 0.5
      vertex 18.12 26.5981 0.5
    endloop
  endfacet
  facet normal -0.321574 -0.946885 0
    outer loop
      vertex 17.3965 26.8978 0.5
      vertex 17.7681 26.7716 2.5
      vertex 17.3965 26.8978 2.5
    endloop
  endfacet
  facet normal -0.321574 -0.946885 -0
    outer loop
      vertex 17.7681 26.7716 2.5
      vertex 17.3965 26.8978 0.5
      vertex 17.7681 26.7716 0.5
    endloop
  endfacet
  facet normal -0.946858 -0.321651 0
    outer loop
      vertex 19.5178 24.7765 0.5
      vertex 19.3916 25.148 2.5
      vertex 19.3916 25.148 0.5
    endloop
  endfacet
  facet normal -0.946858 -0.321651 0
    outer loop
      vertex 19.3916 25.148 2.5
      vertex 19.5178 24.7765 0.5
      vertex 19.5178 24.7765 2.5
    endloop
  endfacet
  facet normal 0.659478 -0.751724 0
    outer loop
      vertex 14.4987 26.1213 0.5
      vertex 14.7937 26.3801 2.5
      vertex 14.4987 26.1213 2.5
    endloop
  endfacet
  facet normal 0.659478 -0.751724 0
    outer loop
      vertex 14.7937 26.3801 2.5
      vertex 14.4987 26.1213 0.5
      vertex 14.7937 26.3801 0.5
    endloop
  endfacet
  facet normal -0.555523 0.831501 0
    outer loop
      vertex 18.4463 21.6199 0.5
      vertex 18.12 21.4019 2.5
      vertex 18.4463 21.6199 2.5
    endloop
  endfacet
  facet normal -0.555523 0.831501 0
    outer loop
      vertex 18.12 21.4019 2.5
      vertex 18.4463 21.6199 0.5
      vertex 18.12 21.4019 0.5
    endloop
  endfacet
  facet normal -0.442211 0.896911 0
    outer loop
      vertex 18.12 21.4019 0.5
      vertex 17.7681 21.2284 2.5
      vertex 18.12 21.4019 2.5
    endloop
  endfacet
  facet normal -0.442211 0.896911 0
    outer loop
      vertex 17.7681 21.2284 2.5
      vertex 18.12 21.4019 0.5
      vertex 17.7681 21.2284 0.5
    endloop
  endfacet
  facet normal 0.997853 -0.0654873 0
    outer loop
      vertex 13.62 24 2.5
      vertex 13.6457 24.3916 0.5
      vertex 13.6457 24.3916 2.5
    endloop
  endfacet
  facet normal 0.997853 -0.0654873 0
    outer loop
      vertex 13.6457 24.3916 0.5
      vertex 13.62 24 2.5
      vertex 13.62 24 0.5
    endloop
  endfacet
  facet normal 0.751724 0.659478 0
    outer loop
      vertex 14.4987 21.8787 2.5
      vertex 14.2399 22.1737 0.5
      vertex 14.2399 22.1737 2.5
    endloop
  endfacet
  facet normal 0.751724 0.659478 0
    outer loop
      vertex 14.2399 22.1737 0.5
      vertex 14.4987 21.8787 2.5
      vertex 14.4987 21.8787 0.5
    endloop
  endfacet
  facet normal 0.896961 -0.44211 0
    outer loop
      vertex 13.8484 25.148 2.5
      vertex 14.0219 25.5 0.5
      vertex 14.0219 25.5 2.5
    endloop
  endfacet
  facet normal 0.896961 -0.44211 0
    outer loop
      vertex 14.0219 25.5 0.5
      vertex 13.8484 25.148 2.5
      vertex 13.8484 25.148 0.5
    endloop
  endfacet
  facet normal 0.321574 0.946885 -0
    outer loop
      vertex 15.8435 21.1022 0.5
      vertex 15.4719 21.2284 2.5
      vertex 15.8435 21.1022 2.5
    endloop
  endfacet
  facet normal 0.321574 0.946885 0
    outer loop
      vertex 15.4719 21.2284 2.5
      vertex 15.8435 21.1022 0.5
      vertex 15.4719 21.2284 0.5
    endloop
  endfacet
  facet normal 0.0654873 -0.997853 0
    outer loop
      vertex 16.2284 26.9743 0.5
      vertex 16.62 27 2.5
      vertex 16.2284 26.9743 2.5
    endloop
  endfacet
  facet normal 0.0654873 -0.997853 0
    outer loop
      vertex 16.62 27 2.5
      vertex 16.2284 26.9743 0.5
      vertex 16.62 27 0.5
    endloop
  endfacet
  facet normal 0.659478 0.751724 -0
    outer loop
      vertex 14.7937 21.6199 0.5
      vertex 14.4987 21.8787 2.5
      vertex 14.7937 21.6199 2.5
    endloop
  endfacet
  facet normal 0.659478 0.751724 0
    outer loop
      vertex 14.4987 21.8787 2.5
      vertex 14.7937 21.6199 0.5
      vertex 14.4987 21.8787 0.5
    endloop
  endfacet
  facet normal 0.751724 -0.659478 0
    outer loop
      vertex 14.2399 25.8263 2.5
      vertex 14.4987 26.1213 0.5
      vertex 14.4987 26.1213 2.5
    endloop
  endfacet
  facet normal 0.751724 -0.659478 0
    outer loop
      vertex 14.4987 26.1213 0.5
      vertex 14.2399 25.8263 2.5
      vertex 14.2399 25.8263 0.5
    endloop
  endfacet
  facet normal -0.19494 0.980815 0
    outer loop
      vertex 17.3965 21.1022 0.5
      vertex 17.0116 21.0257 2.5
      vertex 17.3965 21.1022 2.5
    endloop
  endfacet
  facet normal -0.19494 0.980815 0
    outer loop
      vertex 17.0116 21.0257 2.5
      vertex 17.3965 21.1022 0.5
      vertex 17.0116 21.0257 0.5
    endloop
  endfacet
  facet normal 0.896911 0.442211 0
    outer loop
      vertex 14.0219 22.5 2.5
      vertex 13.8484 22.8519 0.5
      vertex 13.8484 22.8519 2.5
    endloop
  endfacet
  facet normal 0.896911 0.442211 0
    outer loop
      vertex 13.8484 22.8519 0.5
      vertex 14.0219 22.5 2.5
      vertex 14.0219 22.5 0.5
    endloop
  endfacet
  facet normal -0.831501 0.555523 0
    outer loop
      vertex 19.0001 22.1737 0.5
      vertex 19.2181 22.5 2.5
      vertex 19.2181 22.5 0.5
    endloop
  endfacet
  facet normal -0.831501 0.555523 0
    outer loop
      vertex 19.2181 22.5 2.5
      vertex 19.0001 22.1737 0.5
      vertex 19.0001 22.1737 2.5
    endloop
  endfacet
  facet normal -0.0654873 0.997853 0
    outer loop
      vertex 17.0116 21.0257 0.5
      vertex 16.62 21 2.5
      vertex 17.0116 21.0257 2.5
    endloop
  endfacet
  facet normal -0.0654873 0.997853 0
    outer loop
      vertex 16.62 21 2.5
      vertex 17.0116 21.0257 0.5
      vertex 16.62 21 0.5
    endloop
  endfacet
  facet normal 0.442211 -0.896911 0
    outer loop
      vertex 15.12 26.5981 0.5
      vertex 15.4719 26.7716 2.5
      vertex 15.12 26.5981 2.5
    endloop
  endfacet
  facet normal 0.442211 -0.896911 0
    outer loop
      vertex 15.4719 26.7716 2.5
      vertex 15.12 26.5981 0.5
      vertex 15.4719 26.7716 0.5
    endloop
  endfacet
  facet normal -0.997853 0.0654873 0
    outer loop
      vertex 19.5943 23.6084 0.5
      vertex 19.62 24 2.5
      vertex 19.62 24 0.5
    endloop
  endfacet
  facet normal -0.997853 0.0654873 0
    outer loop
      vertex 19.62 24 2.5
      vertex 19.5943 23.6084 0.5
      vertex 19.5943 23.6084 2.5
    endloop
  endfacet
  facet normal -0.659478 -0.751724 0
    outer loop
      vertex 18.4463 26.3801 0.5
      vertex 18.7413 26.1213 2.5
      vertex 18.4463 26.3801 2.5
    endloop
  endfacet
  facet normal -0.659478 -0.751724 -0
    outer loop
      vertex 18.7413 26.1213 2.5
      vertex 18.4463 26.3801 0.5
      vertex 18.7413 26.1213 0.5
    endloop
  endfacet
  facet normal -0.831501 -0.555523 0
    outer loop
      vertex 19.2181 25.5 0.5
      vertex 19.0001 25.8263 2.5
      vertex 19.0001 25.8263 0.5
    endloop
  endfacet
  facet normal -0.831501 -0.555523 0
    outer loop
      vertex 19.0001 25.8263 2.5
      vertex 19.2181 25.5 0.5
      vertex 19.2181 25.5 2.5
    endloop
  endfacet
  facet normal -0.555523 -0.831501 0
    outer loop
      vertex 18.12 26.5981 0.5
      vertex 18.4463 26.3801 2.5
      vertex 18.12 26.5981 2.5
    endloop
  endfacet
  facet normal -0.555523 -0.831501 -0
    outer loop
      vertex 18.4463 26.3801 2.5
      vertex 18.12 26.5981 0.5
      vertex 18.4463 26.3801 0.5
    endloop
  endfacet
  facet normal 0.997853 0.0654873 0
    outer loop
      vertex 13.6457 23.6084 2.5
      vertex 13.62 24 0.5
      vertex 13.62 24 2.5
    endloop
  endfacet
  facet normal 0.997853 0.0654873 0
    outer loop
      vertex 13.62 24 0.5
      vertex 13.6457 23.6084 2.5
      vertex 13.6457 23.6084 0.5
    endloop
  endfacet
  facet normal -0.659478 0.751724 0
    outer loop
      vertex 18.7413 21.8787 0.5
      vertex 18.4463 21.6199 2.5
      vertex 18.7413 21.8787 2.5
    endloop
  endfacet
  facet normal -0.659478 0.751724 0
    outer loop
      vertex 18.4463 21.6199 2.5
      vertex 18.7413 21.8787 0.5
      vertex 18.4463 21.6199 0.5
    endloop
  endfacet
  facet normal -0.321574 0.946885 0
    outer loop
      vertex 17.7681 21.2284 0.5
      vertex 17.3965 21.1022 2.5
      vertex 17.7681 21.2284 2.5
    endloop
  endfacet
  facet normal -0.321574 0.946885 0
    outer loop
      vertex 17.3965 21.1022 2.5
      vertex 17.7681 21.2284 0.5
      vertex 17.3965 21.1022 0.5
    endloop
  endfacet
  facet normal 0.19494 -0.980815 0
    outer loop
      vertex 15.8435 26.8978 0.5
      vertex 16.2284 26.9743 2.5
      vertex 15.8435 26.8978 2.5
    endloop
  endfacet
  facet normal 0.19494 -0.980815 0
    outer loop
      vertex 16.2284 26.9743 2.5
      vertex 15.8435 26.8978 0.5
      vertex 16.2284 26.9743 0.5
    endloop
  endfacet
  facet normal -0.896961 -0.44211 0
    outer loop
      vertex 19.3916 25.148 0.5
      vertex 19.2181 25.5 2.5
      vertex 19.2181 25.5 0.5
    endloop
  endfacet
  facet normal -0.896961 -0.44211 0
    outer loop
      vertex 19.2181 25.5 2.5
      vertex 19.3916 25.148 0.5
      vertex 19.3916 25.148 2.5
    endloop
  endfacet
  facet normal 0.555523 0.831501 -0
    outer loop
      vertex 15.12 21.4019 0.5
      vertex 14.7937 21.6199 2.5
      vertex 15.12 21.4019 2.5
    endloop
  endfacet
  facet normal 0.555523 0.831501 0
    outer loop
      vertex 14.7937 21.6199 2.5
      vertex 15.12 21.4019 0.5
      vertex 14.7937 21.6199 0.5
    endloop
  endfacet
  facet normal 0.980815 -0.19494 0
    outer loop
      vertex 13.6457 24.3916 2.5
      vertex 13.7222 24.7765 0.5
      vertex 13.7222 24.7765 2.5
    endloop
  endfacet
  facet normal 0.980815 -0.19494 0
    outer loop
      vertex 13.7222 24.7765 0.5
      vertex 13.6457 24.3916 2.5
      vertex 13.6457 24.3916 0.5
    endloop
  endfacet
  facet normal -0.946885 0.321574 0
    outer loop
      vertex 19.3916 22.8519 0.5
      vertex 19.5178 23.2235 2.5
      vertex 19.5178 23.2235 0.5
    endloop
  endfacet
  facet normal -0.946885 0.321574 0
    outer loop
      vertex 19.5178 23.2235 2.5
      vertex 19.3916 22.8519 0.5
      vertex 19.3916 22.8519 2.5
    endloop
  endfacet
  facet normal 0.0654873 0.997853 -0
    outer loop
      vertex 16.62 21 0.5
      vertex 16.2284 21.0257 2.5
      vertex 16.62 21 2.5
    endloop
  endfacet
  facet normal 0.0654873 0.997853 0
    outer loop
      vertex 16.2284 21.0257 2.5
      vertex 16.62 21 0.5
      vertex 16.2284 21.0257 0.5
    endloop
  endfacet
  facet normal -0.751724 0.659478 0
    outer loop
      vertex 18.7413 21.8787 0.5
      vertex 19.0001 22.1737 2.5
      vertex 19.0001 22.1737 0.5
    endloop
  endfacet
  facet normal -0.751724 0.659478 0
    outer loop
      vertex 19.0001 22.1737 2.5
      vertex 18.7413 21.8787 0.5
      vertex 18.7413 21.8787 2.5
    endloop
  endfacet
  facet normal 0.980815 0.19494 0
    outer loop
      vertex 13.7222 23.2235 2.5
      vertex 13.6457 23.6084 0.5
      vertex 13.6457 23.6084 2.5
    endloop
  endfacet
  facet normal 0.980815 0.19494 0
    outer loop
      vertex 13.6457 23.6084 0.5
      vertex 13.7222 23.2235 2.5
      vertex 13.7222 23.2235 0.5
    endloop
  endfacet
  facet normal -0.980815 0.19494 0
    outer loop
      vertex 19.5178 23.2235 0.5
      vertex 19.5943 23.6084 2.5
      vertex 19.5943 23.6084 0.5
    endloop
  endfacet
  facet normal -0.980815 0.19494 0
    outer loop
      vertex 19.5943 23.6084 2.5
      vertex 19.5178 23.2235 0.5
      vertex 19.5178 23.2235 2.5
    endloop
  endfacet
  facet normal 0.946885 0.321574 0
    outer loop
      vertex 13.8484 22.8519 2.5
      vertex 13.7222 23.2235 0.5
      vertex 13.7222 23.2235 2.5
    endloop
  endfacet
  facet normal 0.946885 0.321574 0
    outer loop
      vertex 13.7222 23.2235 0.5
      vertex 13.8484 22.8519 2.5
      vertex 13.8484 22.8519 0.5
    endloop
  endfacet
  facet normal 0.19494 0.980815 -0
    outer loop
      vertex 16.2284 21.0257 0.5
      vertex 15.8435 21.1022 2.5
      vertex 16.2284 21.0257 2.5
    endloop
  endfacet
  facet normal 0.19494 0.980815 0
    outer loop
      vertex 15.8435 21.1022 2.5
      vertex 16.2284 21.0257 0.5
      vertex 15.8435 21.1022 0.5
    endloop
  endfacet
  facet normal -0.751724 -0.659478 0
    outer loop
      vertex 19.0001 25.8263 0.5
      vertex 18.7413 26.1213 2.5
      vertex 18.7413 26.1213 0.5
    endloop
  endfacet
  facet normal -0.751724 -0.659478 0
    outer loop
      vertex 18.7413 26.1213 2.5
      vertex 19.0001 25.8263 0.5
      vertex 19.0001 25.8263 2.5
    endloop
  endfacet
  facet normal 0.555523 -0.831501 0
    outer loop
      vertex 14.7937 26.3801 0.5
      vertex 15.12 26.5981 2.5
      vertex 14.7937 26.3801 2.5
    endloop
  endfacet
  facet normal 0.555523 -0.831501 0
    outer loop
      vertex 15.12 26.5981 2.5
      vertex 14.7937 26.3801 0.5
      vertex 15.12 26.5981 0.5
    endloop
  endfacet
  facet normal 0.831501 -0.555523 0
    outer loop
      vertex 14.0219 25.5 2.5
      vertex 14.2399 25.8263 0.5
      vertex 14.2399 25.8263 2.5
    endloop
  endfacet
  facet normal 0.831501 -0.555523 0
    outer loop
      vertex 14.2399 25.8263 0.5
      vertex 14.0219 25.5 2.5
      vertex 14.0219 25.5 0.5
    endloop
  endfacet
  facet normal 0.442211 0.896911 -0
    outer loop
      vertex 15.4719 21.2284 0.5
      vertex 15.12 21.4019 2.5
      vertex 15.4719 21.2284 2.5
    endloop
  endfacet
  facet normal 0.442211 0.896911 0
    outer loop
      vertex 15.12 21.4019 2.5
      vertex 15.4719 21.2284 0.5
      vertex 15.12 21.4019 0.5
    endloop
  endfacet
  facet normal 0.321574 -0.946885 0
    outer loop
      vertex 15.4719 26.7716 0.5
      vertex 15.8435 26.8978 2.5
      vertex 15.4719 26.7716 2.5
    endloop
  endfacet
  facet normal 0.321574 -0.946885 0
    outer loop
      vertex 15.8435 26.8978 2.5
      vertex 15.4719 26.7716 0.5
      vertex 15.8435 26.8978 0.5
    endloop
  endfacet
  facet normal -0.896911 0.442211 0
    outer loop
      vertex 19.2181 22.5 0.5
      vertex 19.3916 22.8519 2.5
      vertex 19.3916 22.8519 0.5
    endloop
  endfacet
  facet normal -0.896911 0.442211 0
    outer loop
      vertex 19.3916 22.8519 2.5
      vertex 19.2181 22.5 0.5
      vertex 19.2181 22.5 2.5
    endloop
  endfacet
  facet normal -0.0654873 -0.997853 0
    outer loop
      vertex 16.62 27 0.5
      vertex 17.0116 26.9743 2.5
      vertex 16.62 27 2.5
    endloop
  endfacet
  facet normal -0.0654873 -0.997853 -0
    outer loop
      vertex 17.0116 26.9743 2.5
      vertex 16.62 27 0.5
      vertex 17.0116 26.9743 0.5
    endloop
  endfacet
  facet normal -0.19494 -0.980815 0
    outer loop
      vertex 17.0116 26.9743 0.5
      vertex 17.3965 26.8978 2.5
      vertex 17.0116 26.9743 2.5
    endloop
  endfacet
  facet normal -0.19494 -0.980815 -0
    outer loop
      vertex 17.3965 26.8978 2.5
      vertex 17.0116 26.9743 0.5
      vertex 17.3965 26.8978 0.5
    endloop
  endfacet
  facet normal 0.831501 0.555523 0
    outer loop
      vertex 14.2399 22.1737 2.5
      vertex 14.0219 22.5 0.5
      vertex 14.0219 22.5 2.5
    endloop
  endfacet
  facet normal 0.831501 0.555523 0
    outer loop
      vertex 14.0219 22.5 0.5
      vertex 14.2399 22.1737 2.5
      vertex 14.2399 22.1737 0.5
    endloop
  endfacet
  facet normal 0.946858 -0.321651 0
    outer loop
      vertex 13.7222 24.7765 2.5
      vertex 13.8484 25.148 0.5
      vertex 13.8484 25.148 2.5
    endloop
  endfacet
  facet normal 0.946858 -0.321651 0
    outer loop
      vertex 13.8484 25.148 0.5
      vertex 13.7222 24.7765 2.5
      vertex 13.7222 24.7765 0.5
    endloop
  endfacet
  facet normal -0.980796 -0.195038 0
    outer loop
      vertex 21.0815 24.5874 0
      vertex 20.9667 25.1647 0.5
      vertex 20.9667 25.1647 0
    endloop
  endfacet
  facet normal -0.980796 -0.195038 0
    outer loop
      vertex 20.9667 25.1647 0.5
      vertex 21.0815 24.5874 0
      vertex 21.0815 24.5874 0.5
    endloop
  endfacet
  facet normal -0.997859 -0.0654027 0
    outer loop
      vertex 21.12 24 0
      vertex 21.0815 24.5874 0.5
      vertex 21.0815 24.5874 0
    endloop
  endfacet
  facet normal -0.997859 -0.0654027 0
    outer loop
      vertex 21.0815 24.5874 0.5
      vertex 21.12 24 0
      vertex 21.12 24 0.5
    endloop
  endfacet
  facet normal -0.997859 0.0654027 0
    outer loop
      vertex 21.0815 23.4126 0
      vertex 21.12 24 0.5
      vertex 21.12 24 0
    endloop
  endfacet
  facet normal -0.997859 0.0654027 0
    outer loop
      vertex 21.12 24 0.5
      vertex 21.0815 23.4126 0
      vertex 21.0815 23.4126 0.5
    endloop
  endfacet
  facet normal -0.442382 -0.896827 0
    outer loop
      vertex 18.3421 28.1575 0
      vertex 18.87 27.8971 0.5
      vertex 18.3421 28.1575 0.5
    endloop
  endfacet
  facet normal -0.442382 -0.896827 -0
    outer loop
      vertex 18.87 27.8971 0.5
      vertex 18.3421 28.1575 0
      vertex 18.87 27.8971 0
    endloop
  endfacet
  facet normal -0.321421 -0.946936 0
    outer loop
      vertex 17.7847 28.3467 0
      vertex 18.3421 28.1575 0.5
      vertex 17.7847 28.3467 0.5
    endloop
  endfacet
  facet normal -0.321421 -0.946936 -0
    outer loop
      vertex 18.3421 28.1575 0.5
      vertex 17.7847 28.3467 0
      vertex 18.3421 28.1575 0
    endloop
  endfacet
  facet normal 0.321421 0.946936 -0
    outer loop
      vertex 15.4553 19.6533 0
      vertex 14.8979 19.8425 0.5
      vertex 15.4553 19.6533 0.5
    endloop
  endfacet
  facet normal 0.321421 0.946936 0
    outer loop
      vertex 14.8979 19.8425 0.5
      vertex 15.4553 19.6533 0
      vertex 14.8979 19.8425 0
    endloop
  endfacet
  facet normal -0.980796 0.195038 0
    outer loop
      vertex 20.9667 22.8353 0
      vertex 21.0815 23.4126 0.5
      vertex 21.0815 23.4126 0
    endloop
  endfacet
  facet normal -0.980796 0.195038 0
    outer loop
      vertex 21.0815 23.4126 0.5
      vertex 20.9667 22.8353 0
      vertex 20.9667 22.8353 0.5
    endloop
  endfacet
  facet normal -0.946936 0.321421 0
    outer loop
      vertex 20.7775 22.2779 0
      vertex 20.9667 22.8353 0.5
      vertex 20.9667 22.8353 0
    endloop
  endfacet
  facet normal -0.946936 0.321421 0
    outer loop
      vertex 20.9667 22.8353 0.5
      vertex 20.7775 22.2779 0
      vertex 20.7775 22.2779 0.5
    endloop
  endfacet
  facet normal -0.442382 0.896827 0
    outer loop
      vertex 18.87 20.1029 0
      vertex 18.3421 19.8425 0.5
      vertex 18.87 20.1029 0.5
    endloop
  endfacet
  facet normal -0.442382 0.896827 0
    outer loop
      vertex 18.3421 19.8425 0.5
      vertex 18.87 20.1029 0
      vertex 18.3421 19.8425 0
    endloop
  endfacet
  facet normal 0.442382 -0.896827 0
    outer loop
      vertex 14.37 27.8971 0
      vertex 14.8979 28.1575 0.5
      vertex 14.37 27.8971 0.5
    endloop
  endfacet
  facet normal 0.442382 -0.896827 0
    outer loop
      vertex 14.8979 28.1575 0.5
      vertex 14.37 27.8971 0
      vertex 14.8979 28.1575 0
    endloop
  endfacet
  facet normal -0.321421 0.946936 0
    outer loop
      vertex 18.3421 19.8425 0
      vertex 17.7847 19.6533 0.5
      vertex 18.3421 19.8425 0.5
    endloop
  endfacet
  facet normal -0.321421 0.946936 0
    outer loop
      vertex 17.7847 19.6533 0.5
      vertex 18.3421 19.8425 0
      vertex 17.7847 19.6533 0
    endloop
  endfacet
  facet normal -0.555562 0.831475 0
    outer loop
      vertex 19.3594 20.4299 0
      vertex 18.87 20.1029 0.5
      vertex 19.3594 20.4299 0.5
    endloop
  endfacet
  facet normal -0.555562 0.831475 0
    outer loop
      vertex 18.87 20.1029 0.5
      vertex 19.3594 20.4299 0
      vertex 18.87 20.1029 0
    endloop
  endfacet
  facet normal 0.980796 0.195038 0
    outer loop
      vertex 12.2733 22.8353 0.5
      vertex 12.1585 23.4126 0
      vertex 12.1585 23.4126 0.5
    endloop
  endfacet
  facet normal 0.980796 0.195038 0
    outer loop
      vertex 12.1585 23.4126 0
      vertex 12.2733 22.8353 0.5
      vertex 12.2733 22.8353 0
    endloop
  endfacet
  facet normal 0.980796 -0.195038 0
    outer loop
      vertex 12.1585 24.5874 0.5
      vertex 12.2733 25.1647 0
      vertex 12.2733 25.1647 0.5
    endloop
  endfacet
  facet normal 0.980796 -0.195038 0
    outer loop
      vertex 12.2733 25.1647 0
      vertex 12.1585 24.5874 0.5
      vertex 12.1585 24.5874 0
    endloop
  endfacet
  facet normal 0.896827 0.442382 0
    outer loop
      vertex 12.7229 21.75 0.5
      vertex 12.4625 22.2779 0
      vertex 12.4625 22.2779 0.5
    endloop
  endfacet
  facet normal 0.896827 0.442382 0
    outer loop
      vertex 12.4625 22.2779 0
      vertex 12.7229 21.75 0.5
      vertex 12.7229 21.75 0
    endloop
  endfacet
  facet normal 0.896827 -0.442382 0
    outer loop
      vertex 12.4625 25.7221 0.5
      vertex 12.7229 26.25 0
      vertex 12.7229 26.25 0.5
    endloop
  endfacet
  facet normal 0.896827 -0.442382 0
    outer loop
      vertex 12.7229 26.25 0
      vertex 12.4625 25.7221 0.5
      vertex 12.4625 25.7221 0
    endloop
  endfacet
  facet normal 0.946936 0.321421 0
    outer loop
      vertex 12.4625 22.2779 0.5
      vertex 12.2733 22.8353 0
      vertex 12.2733 22.8353 0.5
    endloop
  endfacet
  facet normal 0.946936 0.321421 0
    outer loop
      vertex 12.2733 22.8353 0
      vertex 12.4625 22.2779 0.5
      vertex 12.4625 22.2779 0
    endloop
  endfacet
  facet normal 0.997859 -0.0654027 0
    outer loop
      vertex 12.12 24 0.5
      vertex 12.1585 24.5874 0
      vertex 12.1585 24.5874 0.5
    endloop
  endfacet
  facet normal 0.997859 -0.0654027 0
    outer loop
      vertex 12.1585 24.5874 0
      vertex 12.12 24 0.5
      vertex 12.12 24 0
    endloop
  endfacet
  facet normal 0.0654027 -0.997859 0
    outer loop
      vertex 16.0326 28.4615 0
      vertex 16.62 28.5 0.5
      vertex 16.0326 28.4615 0.5
    endloop
  endfacet
  facet normal 0.0654027 -0.997859 0
    outer loop
      vertex 16.62 28.5 0.5
      vertex 16.0326 28.4615 0
      vertex 16.62 28.5 0
    endloop
  endfacet
  facet normal 0.659298 0.751882 -0
    outer loop
      vertex 13.8806 20.4299 0
      vertex 13.438 20.818 0.5
      vertex 13.8806 20.4299 0.5
    endloop
  endfacet
  facet normal 0.659298 0.751882 0
    outer loop
      vertex 13.438 20.818 0.5
      vertex 13.8806 20.4299 0
      vertex 13.438 20.818 0
    endloop
  endfacet
  facet normal 0.751882 -0.659298 0
    outer loop
      vertex 13.0499 26.7394 0.5
      vertex 13.438 27.182 0
      vertex 13.438 27.182 0.5
    endloop
  endfacet
  facet normal 0.751882 -0.659298 0
    outer loop
      vertex 13.438 27.182 0
      vertex 13.0499 26.7394 0.5
      vertex 13.0499 26.7394 0
    endloop
  endfacet
  facet normal -0.831475 0.555562 0
    outer loop
      vertex 20.1901 21.2606 0
      vertex 20.5171 21.75 0.5
      vertex 20.5171 21.75 0
    endloop
  endfacet
  facet normal -0.831475 0.555562 0
    outer loop
      vertex 20.5171 21.75 0.5
      vertex 20.1901 21.2606 0
      vertex 20.1901 21.2606 0.5
    endloop
  endfacet
  facet normal -0.0654027 0.997859 0
    outer loop
      vertex 17.2074 19.5385 0
      vertex 16.62 19.5 0.5
      vertex 17.2074 19.5385 0.5
    endloop
  endfacet
  facet normal -0.0654027 0.997859 0
    outer loop
      vertex 16.62 19.5 0.5
      vertex 17.2074 19.5385 0
      vertex 16.62 19.5 0
    endloop
  endfacet
  facet normal 0.751882 0.659298 0
    outer loop
      vertex 13.438 20.818 0.5
      vertex 13.0499 21.2606 0
      vertex 13.0499 21.2606 0.5
    endloop
  endfacet
  facet normal 0.751882 0.659298 0
    outer loop
      vertex 13.0499 21.2606 0
      vertex 13.438 20.818 0.5
      vertex 13.438 20.818 0
    endloop
  endfacet
  facet normal -0.896827 0.442382 0
    outer loop
      vertex 20.5171 21.75 0
      vertex 20.7775 22.2779 0.5
      vertex 20.7775 22.2779 0
    endloop
  endfacet
  facet normal -0.896827 0.442382 0
    outer loop
      vertex 20.7775 22.2779 0.5
      vertex 20.5171 21.75 0
      vertex 20.5171 21.75 0.5
    endloop
  endfacet
  facet normal 0.997859 0.0654027 0
    outer loop
      vertex 12.1585 23.4126 0.5
      vertex 12.12 24 0
      vertex 12.12 24 0.5
    endloop
  endfacet
  facet normal 0.997859 0.0654027 0
    outer loop
      vertex 12.12 24 0
      vertex 12.1585 23.4126 0.5
      vertex 12.1585 23.4126 0
    endloop
  endfacet
  facet normal -0.946936 -0.321421 0
    outer loop
      vertex 20.9667 25.1647 0
      vertex 20.7775 25.7221 0.5
      vertex 20.7775 25.7221 0
    endloop
  endfacet
  facet normal -0.946936 -0.321421 0
    outer loop
      vertex 20.7775 25.7221 0.5
      vertex 20.9667 25.1647 0
      vertex 20.9667 25.1647 0.5
    endloop
  endfacet
  facet normal 0.659298 -0.751882 0
    outer loop
      vertex 13.438 27.182 0
      vertex 13.8806 27.5701 0.5
      vertex 13.438 27.182 0.5
    endloop
  endfacet
  facet normal 0.659298 -0.751882 0
    outer loop
      vertex 13.8806 27.5701 0.5
      vertex 13.438 27.182 0
      vertex 13.8806 27.5701 0
    endloop
  endfacet
  facet normal 0.321421 -0.946936 0
    outer loop
      vertex 14.8979 28.1575 0
      vertex 15.4553 28.3467 0.5
      vertex 14.8979 28.1575 0.5
    endloop
  endfacet
  facet normal 0.321421 -0.946936 0
    outer loop
      vertex 15.4553 28.3467 0.5
      vertex 14.8979 28.1575 0
      vertex 15.4553 28.3467 0
    endloop
  endfacet
  facet normal -0.555562 -0.831475 0
    outer loop
      vertex 18.87 27.8971 0
      vertex 19.3594 27.5701 0.5
      vertex 18.87 27.8971 0.5
    endloop
  endfacet
  facet normal -0.555562 -0.831475 -0
    outer loop
      vertex 19.3594 27.5701 0.5
      vertex 18.87 27.8971 0
      vertex 19.3594 27.5701 0
    endloop
  endfacet
  facet normal -0.659298 -0.751882 0
    outer loop
      vertex 19.3594 27.5701 0
      vertex 19.802 27.182 0.5
      vertex 19.3594 27.5701 0.5
    endloop
  endfacet
  facet normal -0.659298 -0.751882 -0
    outer loop
      vertex 19.802 27.182 0.5
      vertex 19.3594 27.5701 0
      vertex 19.802 27.182 0
    endloop
  endfacet
  facet normal -0.831475 -0.555562 0
    outer loop
      vertex 20.5171 26.25 0
      vertex 20.1901 26.7394 0.5
      vertex 20.1901 26.7394 0
    endloop
  endfacet
  facet normal -0.831475 -0.555562 0
    outer loop
      vertex 20.1901 26.7394 0.5
      vertex 20.5171 26.25 0
      vertex 20.5171 26.25 0.5
    endloop
  endfacet
  facet normal 0.555562 0.831475 -0
    outer loop
      vertex 14.37 20.1029 0
      vertex 13.8806 20.4299 0.5
      vertex 14.37 20.1029 0.5
    endloop
  endfacet
  facet normal 0.555562 0.831475 0
    outer loop
      vertex 13.8806 20.4299 0.5
      vertex 14.37 20.1029 0
      vertex 13.8806 20.4299 0
    endloop
  endfacet
  facet normal 0.0654027 0.997859 -0
    outer loop
      vertex 16.62 19.5 0
      vertex 16.0326 19.5385 0.5
      vertex 16.62 19.5 0.5
    endloop
  endfacet
  facet normal 0.0654027 0.997859 0
    outer loop
      vertex 16.0326 19.5385 0.5
      vertex 16.62 19.5 0
      vertex 16.0326 19.5385 0
    endloop
  endfacet
  facet normal -0.659298 0.751882 0
    outer loop
      vertex 19.802 20.818 0
      vertex 19.3594 20.4299 0.5
      vertex 19.802 20.818 0.5
    endloop
  endfacet
  facet normal -0.659298 0.751882 0
    outer loop
      vertex 19.3594 20.4299 0.5
      vertex 19.802 20.818 0
      vertex 19.3594 20.4299 0
    endloop
  endfacet
  facet normal -0.896827 -0.442382 0
    outer loop
      vertex 20.7775 25.7221 0
      vertex 20.5171 26.25 0.5
      vertex 20.5171 26.25 0
    endloop
  endfacet
  facet normal -0.896827 -0.442382 0
    outer loop
      vertex 20.5171 26.25 0.5
      vertex 20.7775 25.7221 0
      vertex 20.7775 25.7221 0.5
    endloop
  endfacet
  facet normal -0.195038 0.980796 0
    outer loop
      vertex 17.7847 19.6533 0
      vertex 17.2074 19.5385 0.5
      vertex 17.7847 19.6533 0.5
    endloop
  endfacet
  facet normal -0.195038 0.980796 0
    outer loop
      vertex 17.2074 19.5385 0.5
      vertex 17.7847 19.6533 0
      vertex 17.2074 19.5385 0
    endloop
  endfacet
  facet normal -0.751882 0.659298 0
    outer loop
      vertex 19.802 20.818 0
      vertex 20.1901 21.2606 0.5
      vertex 20.1901 21.2606 0
    endloop
  endfacet
  facet normal -0.751882 0.659298 0
    outer loop
      vertex 20.1901 21.2606 0.5
      vertex 19.802 20.818 0
      vertex 19.802 20.818 0.5
    endloop
  endfacet
  facet normal -0.751882 -0.659298 0
    outer loop
      vertex 20.1901 26.7394 0
      vertex 19.802 27.182 0.5
      vertex 19.802 27.182 0
    endloop
  endfacet
  facet normal -0.751882 -0.659298 0
    outer loop
      vertex 19.802 27.182 0.5
      vertex 20.1901 26.7394 0
      vertex 20.1901 26.7394 0.5
    endloop
  endfacet
  facet normal 0.555562 -0.831475 0
    outer loop
      vertex 13.8806 27.5701 0
      vertex 14.37 27.8971 0.5
      vertex 13.8806 27.5701 0.5
    endloop
  endfacet
  facet normal 0.555562 -0.831475 0
    outer loop
      vertex 14.37 27.8971 0.5
      vertex 13.8806 27.5701 0
      vertex 14.37 27.8971 0
    endloop
  endfacet
  facet normal 0 0 -1
    outer loop
      vertex 19.62 24 0.5
      vertex 21.12 24 0.5
      vertex 21.0815 23.4126 0.5
    endloop
  endfacet
  facet normal 0 0 -1
    outer loop
      vertex 19.5943 23.6084 0.5
      vertex 21.0815 23.4126 0.5
      vertex 20.9667 22.8353 0.5
    endloop
  endfacet
  facet normal 0 0 -1
    outer loop
      vertex 21.12 24 0.5
      vertex 19.62 24 0.5
      vertex 21.0815 24.5874 0.5
    endloop
  endfacet
  facet normal 0 0 -1
    outer loop
      vertex 19.5178 23.2235 0.5
      vertex 20.9667 22.8353 0.5
      vertex 20.7775 22.2779 0.5
    endloop
  endfacet
  facet normal 0 0 -1
    outer loop
      vertex 19.5943 24.3916 0.5
      vertex 21.0815 24.5874 0.5
      vertex 19.62 24 0.5
    endloop
  endfacet
  facet normal 0 0 -1
    outer loop
      vertex 19.3916 22.8519 0.5
      vertex 20.7775 22.2779 0.5
      vertex 20.5171 21.75 0.5
    endloop
  endfacet
  facet normal -0 0 -1
    outer loop
      vertex 21.0815 24.5874 0.5
      vertex 19.5943 24.3916 0.5
      vertex 20.9667 25.1647 0.5
    endloop
  endfacet
  facet normal 0 0 -1
    outer loop
      vertex 19.2181 22.5 0.5
      vertex 20.5171 21.75 0.5
      vertex 20.1901 21.2606 0.5
    endloop
  endfacet
  facet normal 0 0 -1
    outer loop
      vertex 19.5178 24.7765 0.5
      vertex 20.9667 25.1647 0.5
      vertex 19.5943 24.3916 0.5
    endloop
  endfacet
  facet normal 0 0 -1
    outer loop
      vertex 19.0001 22.1737 0.5
      vertex 20.1901 21.2606 0.5
      vertex 19.802 20.818 0.5
    endloop
  endfacet
  facet normal -0 0 -1
    outer loop
      vertex 20.9667 25.1647 0.5
      vertex 19.5178 24.7765 0.5
      vertex 20.7775 25.7221 0.5
    endloop
  endfacet
  facet normal 0 0 -1
    outer loop
      vertex 19.3916 25.148 0.5
      vertex 20.7775 25.7221 0.5
      vertex 19.5178 24.7765 0.5
    endloop
  endfacet
  facet normal 0 0 -1
    outer loop
      vertex 21.0815 23.4126 0.5
      vertex 19.5943 23.6084 0.5
      vertex 19.62 24 0.5
    endloop
  endfacet
  facet normal 0 0 -1
    outer loop
      vertex 20.9667 22.8353 0.5
      vertex 19.5178 23.2235 0.5
      vertex 19.5943 23.6084 0.5
    endloop
  endfacet
  facet normal 0 0 -1
    outer loop
      vertex 20.7775 22.2779 0.5
      vertex 19.3916 22.8519 0.5
      vertex 19.5178 23.2235 0.5
    endloop
  endfacet
  facet normal 0 0 -1
    outer loop
      vertex 18.7413 21.8787 0.5
      vertex 19.802 20.818 0.5
      vertex 19.3594 20.4299 0.5
    endloop
  endfacet
  facet normal 0 0 -1
    outer loop
      vertex 20.5171 21.75 0.5
      vertex 19.2181 22.5 0.5
      vertex 19.3916 22.8519 0.5
    endloop
  endfacet
  facet normal 0 0 -1
    outer loop
      vertex 20.1901 21.2606 0.5
      vertex 19.0001 22.1737 0.5
      vertex 19.2181 22.5 0.5
    endloop
  endfacet
  facet normal 0 0 -1
    outer loop
      vertex 18.4463 21.6199 0.5
      vertex 19.3594 20.4299 0.5
      vertex 18.87 20.1029 0.5
    endloop
  endfacet
  facet normal 0 0 -1
    outer loop
      vertex 19.802 20.818 0.5
      vertex 18.7413 21.8787 0.5
      vertex 19.0001 22.1737 0.5
    endloop
  endfacet
  facet normal 0 0 -1
    outer loop
      vertex 19.3594 20.4299 0.5
      vertex 18.4463 21.6199 0.5
      vertex 18.7413 21.8787 0.5
    endloop
  endfacet
  facet normal 0 0 -1
    outer loop
      vertex 18.12 21.4019 0.5
      vertex 18.87 20.1029 0.5
      vertex 18.3421 19.8425 0.5
    endloop
  endfacet
  facet normal 0 0 -1
    outer loop
      vertex 18.87 20.1029 0.5
      vertex 18.12 21.4019 0.5
      vertex 18.4463 21.6199 0.5
    endloop
  endfacet
  facet normal 0 0 -1
    outer loop
      vertex 17.7681 21.2284 0.5
      vertex 18.3421 19.8425 0.5
      vertex 17.7847 19.6533 0.5
    endloop
  endfacet
  facet normal 0 0 -1
    outer loop
      vertex 18.3421 19.8425 0.5
      vertex 17.7681 21.2284 0.5
      vertex 18.12 21.4019 0.5
    endloop
  endfacet
  facet normal 0 0 -1
    outer loop
      vertex 17.7847 19.6533 0.5
      vertex 17.3965 21.1022 0.5
      vertex 17.7681 21.2284 0.5
    endloop
  endfacet
  facet normal 0 0 -1
    outer loop
      vertex 17.2074 19.5385 0.5
      vertex 17.3965 21.1022 0.5
      vertex 17.7847 19.6533 0.5
    endloop
  endfacet
  facet normal 0 0 -1
    outer loop
      vertex 17.2074 19.5385 0.5
      vertex 17.0116 21.0257 0.5
      vertex 17.3965 21.1022 0.5
    endloop
  endfacet
  facet normal 0 0 -1
    outer loop
      vertex 16.62 19.5 0.5
      vertex 17.0116 21.0257 0.5
      vertex 17.2074 19.5385 0.5
    endloop
  endfacet
  facet normal 0 0 -1
    outer loop
      vertex 16.62 19.5 0.5
      vertex 16.62 21 0.5
      vertex 17.0116 21.0257 0.5
    endloop
  endfacet
  facet normal 0 0 -1
    outer loop
      vertex 16.62 19.5 0.5
      vertex 16.2284 21.0257 0.5
      vertex 16.62 21 0.5
    endloop
  endfacet
  facet normal 0 0 -1
    outer loop
      vertex 16.0326 19.5385 0.5
      vertex 16.2284 21.0257 0.5
      vertex 16.62 19.5 0.5
    endloop
  endfacet
  facet normal 0 0 -1
    outer loop
      vertex 16.0326 19.5385 0.5
      vertex 15.8435 21.1022 0.5
      vertex 16.2284 21.0257 0.5
    endloop
  endfacet
  facet normal 0 0 -1
    outer loop
      vertex 15.4553 19.6533 0.5
      vertex 15.8435 21.1022 0.5
      vertex 16.0326 19.5385 0.5
    endloop
  endfacet
  facet normal -0 0 -1
    outer loop
      vertex 15.8435 21.1022 0.5
      vertex 15.4553 19.6533 0.5
      vertex 15.4719 21.2284 0.5
    endloop
  endfacet
  facet normal 0 0 -1
    outer loop
      vertex 14.8979 19.8425 0.5
      vertex 15.4719 21.2284 0.5
      vertex 15.4553 19.6533 0.5
    endloop
  endfacet
  facet normal -0 0 -1
    outer loop
      vertex 15.4719 21.2284 0.5
      vertex 14.8979 19.8425 0.5
      vertex 15.12 21.4019 0.5
    endloop
  endfacet
  facet normal 0 0 -1
    outer loop
      vertex 14.37 20.1029 0.5
      vertex 15.12 21.4019 0.5
      vertex 14.8979 19.8425 0.5
    endloop
  endfacet
  facet normal -0 0 -1
    outer loop
      vertex 15.12 21.4019 0.5
      vertex 14.37 20.1029 0.5
      vertex 14.7937 21.6199 0.5
    endloop
  endfacet
  facet normal 0 0 -1
    outer loop
      vertex 13.8806 20.4299 0.5
      vertex 14.7937 21.6199 0.5
      vertex 14.37 20.1029 0.5
    endloop
  endfacet
  facet normal -0 0 -1
    outer loop
      vertex 14.7937 21.6199 0.5
      vertex 13.8806 20.4299 0.5
      vertex 14.4987 21.8787 0.5
    endloop
  endfacet
  facet normal 0 0 -1
    outer loop
      vertex 13.438 20.818 0.5
      vertex 14.4987 21.8787 0.5
      vertex 13.8806 20.4299 0.5
    endloop
  endfacet
  facet normal -0 0 -1
    outer loop
      vertex 14.4987 21.8787 0.5
      vertex 13.438 20.818 0.5
      vertex 14.2399 22.1737 0.5
    endloop
  endfacet
  facet normal 0 0 -1
    outer loop
      vertex 13.0499 21.2606 0.5
      vertex 14.2399 22.1737 0.5
      vertex 13.438 20.818 0.5
    endloop
  endfacet
  facet normal -0 0 -1
    outer loop
      vertex 14.2399 22.1737 0.5
      vertex 13.0499 21.2606 0.5
      vertex 14.0219 22.5 0.5
    endloop
  endfacet
  facet normal 0 0 -1
    outer loop
      vertex 12.7229 21.75 0.5
      vertex 14.0219 22.5 0.5
      vertex 13.0499 21.2606 0.5
    endloop
  endfacet
  facet normal 0 0 -1
    outer loop
      vertex 12.4625 22.2779 0.5
      vertex 13.8484 22.8519 0.5
      vertex 12.7229 21.75 0.5
    endloop
  endfacet
  facet normal -0 0 -1
    outer loop
      vertex 14.0219 22.5 0.5
      vertex 12.7229 21.75 0.5
      vertex 13.8484 22.8519 0.5
    endloop
  endfacet
  facet normal -0 0 -1
    outer loop
      vertex 20.7775 25.7221 0.5
      vertex 19.3916 25.148 0.5
      vertex 20.5171 26.25 0.5
    endloop
  endfacet
  facet normal 0 0 -1
    outer loop
      vertex 19.2181 25.5 0.5
      vertex 20.5171 26.25 0.5
      vertex 19.3916 25.148 0.5
    endloop
  endfacet
  facet normal -0 0 -1
    outer loop
      vertex 20.5171 26.25 0.5
      vertex 19.2181 25.5 0.5
      vertex 20.1901 26.7394 0.5
    endloop
  endfacet
  facet normal 0 0 -1
    outer loop
      vertex 19.0001 25.8263 0.5
      vertex 20.1901 26.7394 0.5
      vertex 19.2181 25.5 0.5
    endloop
  endfacet
  facet normal -0 0 -1
    outer loop
      vertex 20.1901 26.7394 0.5
      vertex 19.0001 25.8263 0.5
      vertex 19.802 27.182 0.5
    endloop
  endfacet
  facet normal 0 0 -1
    outer loop
      vertex 18.7413 26.1213 0.5
      vertex 19.802 27.182 0.5
      vertex 19.0001 25.8263 0.5
    endloop
  endfacet
  facet normal -0 0 -1
    outer loop
      vertex 19.802 27.182 0.5
      vertex 18.7413 26.1213 0.5
      vertex 19.3594 27.5701 0.5
    endloop
  endfacet
  facet normal 0 0 -1
    outer loop
      vertex 18.4463 26.3801 0.5
      vertex 19.3594 27.5701 0.5
      vertex 18.7413 26.1213 0.5
    endloop
  endfacet
  facet normal -0 0 -1
    outer loop
      vertex 19.3594 27.5701 0.5
      vertex 18.4463 26.3801 0.5
      vertex 18.87 27.8971 0.5
    endloop
  endfacet
  facet normal 0 0 -1
    outer loop
      vertex 18.12 26.5981 0.5
      vertex 18.87 27.8971 0.5
      vertex 18.4463 26.3801 0.5
    endloop
  endfacet
  facet normal -0 0 -1
    outer loop
      vertex 18.87 27.8971 0.5
      vertex 18.12 26.5981 0.5
      vertex 18.3421 28.1575 0.5
    endloop
  endfacet
  facet normal 0 0 -1
    outer loop
      vertex 17.7681 26.7716 0.5
      vertex 18.3421 28.1575 0.5
      vertex 18.12 26.5981 0.5
    endloop
  endfacet
  facet normal -0 0 -1
    outer loop
      vertex 18.3421 28.1575 0.5
      vertex 17.7681 26.7716 0.5
      vertex 17.7847 28.3467 0.5
    endloop
  endfacet
  facet normal 0 0 -1
    outer loop
      vertex 17.3965 26.8978 0.5
      vertex 17.7847 28.3467 0.5
      vertex 17.7681 26.7716 0.5
    endloop
  endfacet
  facet normal 0 0 -1
    outer loop
      vertex 17.3965 26.8978 0.5
      vertex 17.2074 28.4615 0.5
      vertex 17.7847 28.3467 0.5
    endloop
  endfacet
  facet normal 0 0 -1
    outer loop
      vertex 17.0116 26.9743 0.5
      vertex 17.2074 28.4615 0.5
      vertex 17.3965 26.8978 0.5
    endloop
  endfacet
  facet normal 0 0 -1
    outer loop
      vertex 16.62 27 0.5
      vertex 17.2074 28.4615 0.5
      vertex 17.0116 26.9743 0.5
    endloop
  endfacet
  facet normal 0 0 -1
    outer loop
      vertex 16.62 27 0.5
      vertex 16.62 28.5 0.5
      vertex 17.2074 28.4615 0.5
    endloop
  endfacet
  facet normal 0 0 -1
    outer loop
      vertex 16.2284 26.9743 0.5
      vertex 16.62 28.5 0.5
      vertex 16.62 27 0.5
    endloop
  endfacet
  facet normal 0 0 -1
    outer loop
      vertex 16.2284 26.9743 0.5
      vertex 16.0326 28.4615 0.5
      vertex 16.62 28.5 0.5
    endloop
  endfacet
  facet normal 0 0 -1
    outer loop
      vertex 15.8435 26.8978 0.5
      vertex 16.0326 28.4615 0.5
      vertex 16.2284 26.9743 0.5
    endloop
  endfacet
  facet normal 0 0 -1
    outer loop
      vertex 15.4553 28.3467 0.5
      vertex 15.8435 26.8978 0.5
      vertex 15.4719 26.7716 0.5
    endloop
  endfacet
  facet normal 0 0 -1
    outer loop
      vertex 15.8435 26.8978 0.5
      vertex 15.4553 28.3467 0.5
      vertex 16.0326 28.4615 0.5
    endloop
  endfacet
  facet normal 0 0 -1
    outer loop
      vertex 14.8979 28.1575 0.5
      vertex 15.4719 26.7716 0.5
      vertex 15.12 26.5981 0.5
    endloop
  endfacet
  facet normal 0 0 -1
    outer loop
      vertex 15.4719 26.7716 0.5
      vertex 14.8979 28.1575 0.5
      vertex 15.4553 28.3467 0.5
    endloop
  endfacet
  facet normal 0 0 -1
    outer loop
      vertex 14.37 27.8971 0.5
      vertex 15.12 26.5981 0.5
      vertex 14.7937 26.3801 0.5
    endloop
  endfacet
  facet normal 0 0 -1
    outer loop
      vertex 13.8806 27.5701 0.5
      vertex 14.7937 26.3801 0.5
      vertex 14.4987 26.1213 0.5
    endloop
  endfacet
  facet normal 0 0 -1
    outer loop
      vertex 15.12 26.5981 0.5
      vertex 14.37 27.8971 0.5
      vertex 14.8979 28.1575 0.5
    endloop
  endfacet
  facet normal 0 0 -1
    outer loop
      vertex 13.438 27.182 0.5
      vertex 14.4987 26.1213 0.5
      vertex 14.2399 25.8263 0.5
    endloop
  endfacet
  facet normal 0 0 -1
    outer loop
      vertex 13.0499 26.7394 0.5
      vertex 14.2399 25.8263 0.5
      vertex 14.0219 25.5 0.5
    endloop
  endfacet
  facet normal 0 0 -1
    outer loop
      vertex 14.7937 26.3801 0.5
      vertex 13.8806 27.5701 0.5
      vertex 14.37 27.8971 0.5
    endloop
  endfacet
  facet normal 0 0 -1
    outer loop
      vertex 12.7229 26.25 0.5
      vertex 14.0219 25.5 0.5
      vertex 13.8484 25.148 0.5
    endloop
  endfacet
  facet normal 0 0 -1
    outer loop
      vertex 12.4625 25.7221 0.5
      vertex 13.8484 25.148 0.5
      vertex 13.7222 24.7765 0.5
    endloop
  endfacet
  facet normal 0 0 -1
    outer loop
      vertex 12.2733 25.1647 0.5
      vertex 13.7222 24.7765 0.5
      vertex 13.6457 24.3916 0.5
    endloop
  endfacet
  facet normal 0 0 -1
    outer loop
      vertex 14.4987 26.1213 0.5
      vertex 13.438 27.182 0.5
      vertex 13.8806 27.5701 0.5
    endloop
  endfacet
  facet normal 0 0 -1
    outer loop
      vertex 12.1585 24.5874 0.5
      vertex 13.6457 24.3916 0.5
      vertex 13.62 24 0.5
    endloop
  endfacet
  facet normal -0 0 -1
    outer loop
      vertex 13.8484 22.8519 0.5
      vertex 12.4625 22.2779 0.5
      vertex 13.7222 23.2235 0.5
    endloop
  endfacet
  facet normal 0 0 -1
    outer loop
      vertex 12.2733 22.8353 0.5
      vertex 13.7222 23.2235 0.5
      vertex 12.4625 22.2779 0.5
    endloop
  endfacet
  facet normal 0 0 -1
    outer loop
      vertex 14.2399 25.8263 0.5
      vertex 13.0499 26.7394 0.5
      vertex 13.438 27.182 0.5
    endloop
  endfacet
  facet normal -0 0 -1
    outer loop
      vertex 13.7222 23.2235 0.5
      vertex 12.2733 22.8353 0.5
      vertex 13.6457 23.6084 0.5
    endloop
  endfacet
  facet normal 0 0 -1
    outer loop
      vertex 14.0219 25.5 0.5
      vertex 12.7229 26.25 0.5
      vertex 13.0499 26.7394 0.5
    endloop
  endfacet
  facet normal 0 0 -1
    outer loop
      vertex 12.1585 23.4126 0.5
      vertex 13.6457 23.6084 0.5
      vertex 12.2733 22.8353 0.5
    endloop
  endfacet
  facet normal 0 0 -1
    outer loop
      vertex 13.8484 25.148 0.5
      vertex 12.4625 25.7221 0.5
      vertex 12.7229 26.25 0.5
    endloop
  endfacet
  facet normal -0 0 -1
    outer loop
      vertex 13.6457 23.6084 0.5
      vertex 12.1585 23.4126 0.5
      vertex 13.62 24 0.5
    endloop
  endfacet
  facet normal 0 0 -1
    outer loop
      vertex 13.7222 24.7765 0.5
      vertex 12.2733 25.1647 0.5
      vertex 12.4625 25.7221 0.5
    endloop
  endfacet
  facet normal 0 0 -1
    outer loop
      vertex 12.12 24 0.5
      vertex 13.62 24 0.5
      vertex 12.1585 23.4126 0.5
    endloop
  endfacet
  facet normal 0 0 -1
    outer loop
      vertex 13.6457 24.3916 0.5
      vertex 12.1585 24.5874 0.5
      vertex 12.2733 25.1647 0.5
    endloop
  endfacet
  facet normal 0 0 -1
    outer loop
      vertex 13.62 24 0.5
      vertex 12.12 24 0.5
      vertex 12.1585 24.5874 0.5
    endloop
  endfacet
  facet normal 0.195038 -0.980796 0
    outer loop
      vertex 15.4553 28.3467 0
      vertex 16.0326 28.4615 0.5
      vertex 15.4553 28.3467 0.5
    endloop
  endfacet
  facet normal 0.195038 -0.980796 0
    outer loop
      vertex 16.0326 28.4615 0.5
      vertex 15.4553 28.3467 0
      vertex 16.0326 28.4615 0
    endloop
  endfacet
  facet normal 0.831475 -0.555562 0
    outer loop
      vertex 12.7229 26.25 0.5
      vertex 13.0499 26.7394 0
      vertex 13.0499 26.7394 0.5
    endloop
  endfacet
  facet normal 0.831475 -0.555562 0
    outer loop
      vertex 13.0499 26.7394 0
      vertex 12.7229 26.25 0.5
      vertex 12.7229 26.25 0
    endloop
  endfacet
  facet normal 0.442382 0.896827 -0
    outer loop
      vertex 14.8979 19.8425 0
      vertex 14.37 20.1029 0.5
      vertex 14.8979 19.8425 0.5
    endloop
  endfacet
  facet normal 0.442382 0.896827 0
    outer loop
      vertex 14.37 20.1029 0.5
      vertex 14.8979 19.8425 0
      vertex 14.37 20.1029 0
    endloop
  endfacet
  facet normal 0.195038 0.980796 -0
    outer loop
      vertex 16.0326 19.5385 0
      vertex 15.4553 19.6533 0.5
      vertex 16.0326 19.5385 0.5
    endloop
  endfacet
  facet normal 0.195038 0.980796 0
    outer loop
      vertex 15.4553 19.6533 0.5
      vertex 16.0326 19.5385 0
      vertex 15.4553 19.6533 0
    endloop
  endfacet
  facet normal -0.0654027 -0.997859 0
    outer loop
      vertex 16.62 28.5 0
      vertex 17.2074 28.4615 0.5
      vertex 16.62 28.5 0.5
    endloop
  endfacet
  facet normal -0.0654027 -0.997859 -0
    outer loop
      vertex 17.2074 28.4615 0.5
      vertex 16.62 28.5 0
      vertex 17.2074 28.4615 0
    endloop
  endfacet
  facet normal -0.195038 -0.980796 0
    outer loop
      vertex 17.2074 28.4615 0
      vertex 17.7847 28.3467 0.5
      vertex 17.2074 28.4615 0.5
    endloop
  endfacet
  facet normal -0.195038 -0.980796 -0
    outer loop
      vertex 17.7847 28.3467 0.5
      vertex 17.2074 28.4615 0
      vertex 17.7847 28.3467 0
    endloop
  endfacet
  facet normal 0.831475 0.555562 0
    outer loop
      vertex 13.0499 21.2606 0.5
      vertex 12.7229 21.75 0
      vertex 12.7229 21.75 0.5
    endloop
  endfacet
  facet normal 0.831475 0.555562 0
    outer loop
      vertex 12.7229 21.75 0
      vertex 13.0499 21.2606 0.5
      vertex 13.0499 21.2606 0
    endloop
  endfacet
  facet normal 0.946936 -0.321421 0
    outer loop
      vertex 12.2733 25.1647 0.5
      vertex 12.4625 25.7221 0
      vertex 12.4625 25.7221 0.5
    endloop
  endfacet
  facet normal 0.946936 -0.321421 0
    outer loop
      vertex 12.4625 25.7221 0
      vertex 12.2733 25.1647 0.5
      vertex 12.2733 25.1647 0
    endloop
  endfacet
  facet normal -0.980815 -0.19494 0
    outer loop
      vertex 31.5943 24.3916 0.5
      vertex 31.5178 24.7765 2.5
      vertex 31.5178 24.7765 0.5
    endloop
  endfacet
  facet normal -0.980815 -0.19494 0
    outer loop
      vertex 31.5178 24.7765 2.5
      vertex 31.5943 24.3916 0.5
      vertex 31.5943 24.3916 2.5
    endloop
  endfacet
  facet normal -0.997853 -0.0654873 0
    outer loop
      vertex 31.62 24 0.5
      vertex 31.5943 24.3916 2.5
      vertex 31.5943 24.3916 0.5
    endloop
  endfacet
  facet normal -0.997853 -0.0654873 0
    outer loop
      vertex 31.5943 24.3916 2.5
      vertex 31.62 24 0.5
      vertex 31.62 24 2.5
    endloop
  endfacet
  facet normal -0.442211 -0.896911 0
    outer loop
      vertex 29.7681 26.7716 0.5
      vertex 30.12 26.5981 2.5
      vertex 29.7681 26.7716 2.5
    endloop
  endfacet
  facet normal -0.442211 -0.896911 -0
    outer loop
      vertex 30.12 26.5981 2.5
      vertex 29.7681 26.7716 0.5
      vertex 30.12 26.5981 0.5
    endloop
  endfacet
  facet normal -0.321574 -0.946885 0
    outer loop
      vertex 29.3965 26.8978 0.5
      vertex 29.7681 26.7716 2.5
      vertex 29.3965 26.8978 2.5
    endloop
  endfacet
  facet normal -0.321574 -0.946885 -0
    outer loop
      vertex 29.7681 26.7716 2.5
      vertex 29.3965 26.8978 0.5
      vertex 29.7681 26.7716 0.5
    endloop
  endfacet
  facet normal -0.946858 -0.321651 0
    outer loop
      vertex 31.5178 24.7765 0.5
      vertex 31.3916 25.148 2.5
      vertex 31.3916 25.148 0.5
    endloop
  endfacet
  facet normal -0.946858 -0.321651 0
    outer loop
      vertex 31.3916 25.148 2.5
      vertex 31.5178 24.7765 0.5
      vertex 31.5178 24.7765 2.5
    endloop
  endfacet
  facet normal -0.555523 0.831501 0
    outer loop
      vertex 30.4463 21.6199 0.5
      vertex 30.12 21.4019 2.5
      vertex 30.4463 21.6199 2.5
    endloop
  endfacet
  facet normal -0.555523 0.831501 0
    outer loop
      vertex 30.12 21.4019 2.5
      vertex 30.4463 21.6199 0.5
      vertex 30.12 21.4019 0.5
    endloop
  endfacet
  facet normal -0.442211 0.896911 0
    outer loop
      vertex 30.12 21.4019 0.5
      vertex 29.7681 21.2284 2.5
      vertex 30.12 21.4019 2.5
    endloop
  endfacet
  facet normal -0.442211 0.896911 0
    outer loop
      vertex 29.7681 21.2284 2.5
      vertex 30.12 21.4019 0.5
      vertex 29.7681 21.2284 0.5
    endloop
  endfacet
  facet normal 0.997853 -0.0654873 0
    outer loop
      vertex 25.62 24 2.5
      vertex 25.6457 24.3916 0.5
      vertex 25.6457 24.3916 2.5
    endloop
  endfacet
  facet normal 0.997853 -0.0654873 0
    outer loop
      vertex 25.6457 24.3916 0.5
      vertex 25.62 24 2.5
      vertex 25.62 24 0.5
    endloop
  endfacet
  facet normal 0.751724 0.659478 0
    outer loop
      vertex 26.4987 21.8787 2.5
      vertex 26.2399 22.1737 0.5
      vertex 26.2399 22.1737 2.5
    endloop
  endfacet
  facet normal 0.751724 0.659478 0
    outer loop
      vertex 26.2399 22.1737 0.5
      vertex 26.4987 21.8787 2.5
      vertex 26.4987 21.8787 0.5
    endloop
  endfacet
  facet normal 0.896961 -0.44211 0
    outer loop
      vertex 25.8484 25.148 2.5
      vertex 26.0219 25.5 0.5
      vertex 26.0219 25.5 2.5
    endloop
  endfacet
  facet normal 0.896961 -0.44211 0
    outer loop
      vertex 26.0219 25.5 0.5
      vertex 25.8484 25.148 2.5
      vertex 25.8484 25.148 0.5
    endloop
  endfacet
  facet normal 0.321651 0.946858 -0
    outer loop
      vertex 27.8435 21.1022 0.5
      vertex 27.472 21.2284 2.5
      vertex 27.8435 21.1022 2.5
    endloop
  endfacet
  facet normal 0.321651 0.946858 0
    outer loop
      vertex 27.472 21.2284 2.5
      vertex 27.8435 21.1022 0.5
      vertex 27.472 21.2284 0.5
    endloop
  endfacet
  facet normal 0.0654873 -0.997853 0
    outer loop
      vertex 28.2284 26.9743 0.5
      vertex 28.62 27 2.5
      vertex 28.2284 26.9743 2.5
    endloop
  endfacet
  facet normal 0.0654873 -0.997853 0
    outer loop
      vertex 28.62 27 2.5
      vertex 28.2284 26.9743 0.5
      vertex 28.62 27 0.5
    endloop
  endfacet
  facet normal 0.659478 0.751724 -0
    outer loop
      vertex 26.7937 21.6199 0.5
      vertex 26.4987 21.8787 2.5
      vertex 26.7937 21.6199 2.5
    endloop
  endfacet
  facet normal 0.659478 0.751724 0
    outer loop
      vertex 26.4987 21.8787 2.5
      vertex 26.7937 21.6199 0.5
      vertex 26.4987 21.8787 0.5
    endloop
  endfacet
  facet normal 0.751724 -0.659478 0
    outer loop
      vertex 26.2399 25.8263 2.5
      vertex 26.4987 26.1213 0.5
      vertex 26.4987 26.1213 2.5
    endloop
  endfacet
  facet normal 0.751724 -0.659478 0
    outer loop
      vertex 26.4987 26.1213 0.5
      vertex 26.2399 25.8263 2.5
      vertex 26.2399 25.8263 0.5
    endloop
  endfacet
  facet normal -0.19494 0.980815 0
    outer loop
      vertex 29.3965 21.1022 0.5
      vertex 29.0116 21.0257 2.5
      vertex 29.3965 21.1022 2.5
    endloop
  endfacet
  facet normal -0.19494 0.980815 0
    outer loop
      vertex 29.0116 21.0257 2.5
      vertex 29.3965 21.1022 0.5
      vertex 29.0116 21.0257 0.5
    endloop
  endfacet
  facet normal 0.896911 0.442211 0
    outer loop
      vertex 26.0219 22.5 2.5
      vertex 25.8484 22.8519 0.5
      vertex 25.8484 22.8519 2.5
    endloop
  endfacet
  facet normal 0.896911 0.442211 0
    outer loop
      vertex 25.8484 22.8519 0.5
      vertex 26.0219 22.5 2.5
      vertex 26.0219 22.5 0.5
    endloop
  endfacet
  facet normal -0.831501 0.555523 0
    outer loop
      vertex 31.0001 22.1737 0.5
      vertex 31.2181 22.5 2.5
      vertex 31.2181 22.5 0.5
    endloop
  endfacet
  facet normal -0.831501 0.555523 0
    outer loop
      vertex 31.2181 22.5 2.5
      vertex 31.0001 22.1737 0.5
      vertex 31.0001 22.1737 2.5
    endloop
  endfacet
  facet normal -0.0654873 0.997853 0
    outer loop
      vertex 29.0116 21.0257 0.5
      vertex 28.62 21 2.5
      vertex 29.0116 21.0257 2.5
    endloop
  endfacet
  facet normal -0.0654873 0.997853 0
    outer loop
      vertex 28.62 21 2.5
      vertex 29.0116 21.0257 0.5
      vertex 28.62 21 0.5
    endloop
  endfacet
  facet normal 0.44211 -0.896961 0
    outer loop
      vertex 27.12 26.5981 0.5
      vertex 27.472 26.7716 2.5
      vertex 27.12 26.5981 2.5
    endloop
  endfacet
  facet normal 0.44211 -0.896961 0
    outer loop
      vertex 27.472 26.7716 2.5
      vertex 27.12 26.5981 0.5
      vertex 27.472 26.7716 0.5
    endloop
  endfacet
  facet normal -0.997853 0.0654873 0
    outer loop
      vertex 31.5943 23.6084 0.5
      vertex 31.62 24 2.5
      vertex 31.62 24 0.5
    endloop
  endfacet
  facet normal -0.997853 0.0654873 0
    outer loop
      vertex 31.62 24 2.5
      vertex 31.5943 23.6084 0.5
      vertex 31.5943 23.6084 2.5
    endloop
  endfacet
  facet normal -0.659478 -0.751724 0
    outer loop
      vertex 30.4463 26.3801 0.5
      vertex 30.7413 26.1213 2.5
      vertex 30.4463 26.3801 2.5
    endloop
  endfacet
  facet normal -0.659478 -0.751724 -0
    outer loop
      vertex 30.7413 26.1213 2.5
      vertex 30.4463 26.3801 0.5
      vertex 30.7413 26.1213 0.5
    endloop
  endfacet
  facet normal -0.831501 -0.555523 0
    outer loop
      vertex 31.2181 25.5 0.5
      vertex 31.0001 25.8263 2.5
      vertex 31.0001 25.8263 0.5
    endloop
  endfacet
  facet normal -0.831501 -0.555523 0
    outer loop
      vertex 31.0001 25.8263 2.5
      vertex 31.2181 25.5 0.5
      vertex 31.2181 25.5 2.5
    endloop
  endfacet
  facet normal -0.555523 -0.831501 0
    outer loop
      vertex 30.12 26.5981 0.5
      vertex 30.4463 26.3801 2.5
      vertex 30.12 26.5981 2.5
    endloop
  endfacet
  facet normal -0.555523 -0.831501 -0
    outer loop
      vertex 30.4463 26.3801 2.5
      vertex 30.12 26.5981 0.5
      vertex 30.4463 26.3801 0.5
    endloop
  endfacet
  facet normal 0.997853 0.0654873 0
    outer loop
      vertex 25.6457 23.6084 2.5
      vertex 25.62 24 0.5
      vertex 25.62 24 2.5
    endloop
  endfacet
  facet normal 0.997853 0.0654873 0
    outer loop
      vertex 25.62 24 0.5
      vertex 25.6457 23.6084 2.5
      vertex 25.6457 23.6084 0.5
    endloop
  endfacet
  facet normal -0.659478 0.751724 0
    outer loop
      vertex 30.7413 21.8787 0.5
      vertex 30.4463 21.6199 2.5
      vertex 30.7413 21.8787 2.5
    endloop
  endfacet
  facet normal -0.659478 0.751724 0
    outer loop
      vertex 30.4463 21.6199 2.5
      vertex 30.7413 21.8787 0.5
      vertex 30.4463 21.6199 0.5
    endloop
  endfacet
  facet normal -0.321574 0.946885 0
    outer loop
      vertex 29.7681 21.2284 0.5
      vertex 29.3965 21.1022 2.5
      vertex 29.7681 21.2284 2.5
    endloop
  endfacet
  facet normal -0.321574 0.946885 0
    outer loop
      vertex 29.3965 21.1022 2.5
      vertex 29.7681 21.2284 0.5
      vertex 29.3965 21.1022 0.5
    endloop
  endfacet
  facet normal 0.19494 -0.980815 0
    outer loop
      vertex 27.8435 26.8978 0.5
      vertex 28.2284 26.9743 2.5
      vertex 27.8435 26.8978 2.5
    endloop
  endfacet
  facet normal 0.19494 -0.980815 0
    outer loop
      vertex 28.2284 26.9743 2.5
      vertex 27.8435 26.8978 0.5
      vertex 28.2284 26.9743 0.5
    endloop
  endfacet
  facet normal -0.896961 -0.44211 0
    outer loop
      vertex 31.3916 25.148 0.5
      vertex 31.2181 25.5 2.5
      vertex 31.2181 25.5 0.5
    endloop
  endfacet
  facet normal -0.896961 -0.44211 0
    outer loop
      vertex 31.2181 25.5 2.5
      vertex 31.3916 25.148 0.5
      vertex 31.3916 25.148 2.5
    endloop
  endfacet
  facet normal 0.555523 0.831501 -0
    outer loop
      vertex 27.12 21.4019 0.5
      vertex 26.7937 21.6199 2.5
      vertex 27.12 21.4019 2.5
    endloop
  endfacet
  facet normal 0.555523 0.831501 0
    outer loop
      vertex 26.7937 21.6199 2.5
      vertex 27.12 21.4019 0.5
      vertex 26.7937 21.6199 0.5
    endloop
  endfacet
  facet normal 0.980815 -0.19494 0
    outer loop
      vertex 25.6457 24.3916 2.5
      vertex 25.7222 24.7765 0.5
      vertex 25.7222 24.7765 2.5
    endloop
  endfacet
  facet normal 0.980815 -0.19494 0
    outer loop
      vertex 25.7222 24.7765 0.5
      vertex 25.6457 24.3916 2.5
      vertex 25.6457 24.3916 0.5
    endloop
  endfacet
  facet normal -0.946885 0.321574 0
    outer loop
      vertex 31.3916 22.8519 0.5
      vertex 31.5178 23.2235 2.5
      vertex 31.5178 23.2235 0.5
    endloop
  endfacet
  facet normal -0.946885 0.321574 0
    outer loop
      vertex 31.5178 23.2235 2.5
      vertex 31.3916 22.8519 0.5
      vertex 31.3916 22.8519 2.5
    endloop
  endfacet
  facet normal 0.0654873 0.997853 -0
    outer loop
      vertex 28.62 21 0.5
      vertex 28.2284 21.0257 2.5
      vertex 28.62 21 2.5
    endloop
  endfacet
  facet normal 0.0654873 0.997853 0
    outer loop
      vertex 28.2284 21.0257 2.5
      vertex 28.62 21 0.5
      vertex 28.2284 21.0257 0.5
    endloop
  endfacet
  facet normal -0.751724 0.659478 0
    outer loop
      vertex 30.7413 21.8787 0.5
      vertex 31.0001 22.1737 2.5
      vertex 31.0001 22.1737 0.5
    endloop
  endfacet
  facet normal -0.751724 0.659478 0
    outer loop
      vertex 31.0001 22.1737 2.5
      vertex 30.7413 21.8787 0.5
      vertex 30.7413 21.8787 2.5
    endloop
  endfacet
  facet normal 0.980815 0.19494 0
    outer loop
      vertex 25.7222 23.2235 2.5
      vertex 25.6457 23.6084 0.5
      vertex 25.6457 23.6084 2.5
    endloop
  endfacet
  facet normal 0.980815 0.19494 0
    outer loop
      vertex 25.6457 23.6084 0.5
      vertex 25.7222 23.2235 2.5
      vertex 25.7222 23.2235 0.5
    endloop
  endfacet
  facet normal -0.980815 0.19494 0
    outer loop
      vertex 31.5178 23.2235 0.5
      vertex 31.5943 23.6084 2.5
      vertex 31.5943 23.6084 0.5
    endloop
  endfacet
  facet normal -0.980815 0.19494 0
    outer loop
      vertex 31.5943 23.6084 2.5
      vertex 31.5178 23.2235 0.5
      vertex 31.5178 23.2235 2.5
    endloop
  endfacet
  facet normal 0.946885 0.321574 0
    outer loop
      vertex 25.8484 22.8519 2.5
      vertex 25.7222 23.2235 0.5
      vertex 25.7222 23.2235 2.5
    endloop
  endfacet
  facet normal 0.946885 0.321574 0
    outer loop
      vertex 25.7222 23.2235 0.5
      vertex 25.8484 22.8519 2.5
      vertex 25.8484 22.8519 0.5
    endloop
  endfacet
  facet normal 0.19494 0.980815 -0
    outer loop
      vertex 28.2284 21.0257 0.5
      vertex 27.8435 21.1022 2.5
      vertex 28.2284 21.0257 2.5
    endloop
  endfacet
  facet normal 0.19494 0.980815 0
    outer loop
      vertex 27.8435 21.1022 2.5
      vertex 28.2284 21.0257 0.5
      vertex 27.8435 21.1022 0.5
    endloop
  endfacet
  facet normal -0.751724 -0.659478 0
    outer loop
      vertex 31.0001 25.8263 0.5
      vertex 30.7413 26.1213 2.5
      vertex 30.7413 26.1213 0.5
    endloop
  endfacet
  facet normal -0.751724 -0.659478 0
    outer loop
      vertex 30.7413 26.1213 2.5
      vertex 31.0001 25.8263 0.5
      vertex 31.0001 25.8263 2.5
    endloop
  endfacet
  facet normal 0.555523 -0.831501 0
    outer loop
      vertex 26.7937 26.3801 0.5
      vertex 27.12 26.5981 2.5
      vertex 26.7937 26.3801 2.5
    endloop
  endfacet
  facet normal 0.555523 -0.831501 0
    outer loop
      vertex 27.12 26.5981 2.5
      vertex 26.7937 26.3801 0.5
      vertex 27.12 26.5981 0.5
    endloop
  endfacet
  facet normal 0.831501 -0.555523 0
    outer loop
      vertex 26.0219 25.5 2.5
      vertex 26.2399 25.8263 0.5
      vertex 26.2399 25.8263 2.5
    endloop
  endfacet
  facet normal 0.831501 -0.555523 0
    outer loop
      vertex 26.2399 25.8263 0.5
      vertex 26.0219 25.5 2.5
      vertex 26.0219 25.5 0.5
    endloop
  endfacet
  facet normal 0.44211 0.896961 -0
    outer loop
      vertex 27.472 21.2284 0.5
      vertex 27.12 21.4019 2.5
      vertex 27.472 21.2284 2.5
    endloop
  endfacet
  facet normal 0.44211 0.896961 0
    outer loop
      vertex 27.12 21.4019 2.5
      vertex 27.472 21.2284 0.5
      vertex 27.12 21.4019 0.5
    endloop
  endfacet
  facet normal 0.321651 -0.946858 0
    outer loop
      vertex 27.472 26.7716 0.5
      vertex 27.8435 26.8978 2.5
      vertex 27.472 26.7716 2.5
    endloop
  endfacet
  facet normal 0.321651 -0.946858 0
    outer loop
      vertex 27.8435 26.8978 2.5
      vertex 27.472 26.7716 0.5
      vertex 27.8435 26.8978 0.5
    endloop
  endfacet
  facet normal -0.896911 0.442211 0
    outer loop
      vertex 31.2181 22.5 0.5
      vertex 31.3916 22.8519 2.5
      vertex 31.3916 22.8519 0.5
    endloop
  endfacet
  facet normal -0.896911 0.442211 0
    outer loop
      vertex 31.3916 22.8519 2.5
      vertex 31.2181 22.5 0.5
      vertex 31.2181 22.5 2.5
    endloop
  endfacet
  facet normal -0.0654873 -0.997853 0
    outer loop
      vertex 28.62 27 0.5
      vertex 29.0116 26.9743 2.5
      vertex 28.62 27 2.5
    endloop
  endfacet
  facet normal -0.0654873 -0.997853 -0
    outer loop
      vertex 29.0116 26.9743 2.5
      vertex 28.62 27 0.5
      vertex 29.0116 26.9743 0.5
    endloop
  endfacet
  facet normal 0.659478 -0.751724 0
    outer loop
      vertex 26.4987 26.1213 0.5
      vertex 26.7937 26.3801 2.5
      vertex 26.4987 26.1213 2.5
    endloop
  endfacet
  facet normal 0.659478 -0.751724 0
    outer loop
      vertex 26.7937 26.3801 2.5
      vertex 26.4987 26.1213 0.5
      vertex 26.7937 26.3801 0.5
    endloop
  endfacet
  facet normal -0.19494 -0.980815 0
    outer loop
      vertex 29.0116 26.9743 0.5
      vertex 29.3965 26.8978 2.5
      vertex 29.0116 26.9743 2.5
    endloop
  endfacet
  facet normal -0.19494 -0.980815 -0
    outer loop
      vertex 29.3965 26.8978 2.5
      vertex 29.0116 26.9743 0.5
      vertex 29.3965 26.8978 0.5
    endloop
  endfacet
  facet normal 0.831501 0.555523 0
    outer loop
      vertex 26.2399 22.1737 2.5
      vertex 26.0219 22.5 0.5
      vertex 26.0219 22.5 2.5
    endloop
  endfacet
  facet normal 0.831501 0.555523 0
    outer loop
      vertex 26.0219 22.5 0.5
      vertex 26.2399 22.1737 2.5
      vertex 26.2399 22.1737 0.5
    endloop
  endfacet
  facet normal 0.946858 -0.321651 0
    outer loop
      vertex 25.7222 24.7765 2.5
      vertex 25.8484 25.148 0.5
      vertex 25.8484 25.148 2.5
    endloop
  endfacet
  facet normal 0.946858 -0.321651 0
    outer loop
      vertex 25.8484 25.148 0.5
      vertex 25.7222 24.7765 2.5
      vertex 25.7222 24.7765 0.5
    endloop
  endfacet
  facet normal -0.980796 -0.195038 0
    outer loop
      vertex 33.0815 24.5874 0
      vertex 32.9667 25.1647 0.5
      vertex 32.9667 25.1647 0
    endloop
  endfacet
  facet normal -0.980796 -0.195038 0
    outer loop
      vertex 32.9667 25.1647 0.5
      vertex 33.0815 24.5874 0
      vertex 33.0815 24.5874 0.5
    endloop
  endfacet
  facet normal -0.997859 -0.0654027 0
    outer loop
      vertex 33.12 24 0
      vertex 33.0815 24.5874 0.5
      vertex 33.0815 24.5874 0
    endloop
  endfacet
  facet normal -0.997859 -0.0654027 0
    outer loop
      vertex 33.0815 24.5874 0.5
      vertex 33.12 24 0
      vertex 33.12 24 0.5
    endloop
  endfacet
  facet normal -0.997859 0.0654027 0
    outer loop
      vertex 33.0815 23.4126 0
      vertex 33.12 24 0.5
      vertex 33.12 24 0
    endloop
  endfacet
  facet normal -0.997859 0.0654027 0
    outer loop
      vertex 33.12 24 0.5
      vertex 33.0815 23.4126 0
      vertex 33.0815 23.4126 0.5
    endloop
  endfacet
  facet normal -0.442382 -0.896827 0
    outer loop
      vertex 30.3421 28.1575 0
      vertex 30.87 27.8971 0.5
      vertex 30.3421 28.1575 0.5
    endloop
  endfacet
  facet normal -0.442382 -0.896827 -0
    outer loop
      vertex 30.87 27.8971 0.5
      vertex 30.3421 28.1575 0
      vertex 30.87 27.8971 0
    endloop
  endfacet
  facet normal -0.321421 -0.946936 0
    outer loop
      vertex 29.7847 28.3467 0
      vertex 30.3421 28.1575 0.5
      vertex 29.7847 28.3467 0.5
    endloop
  endfacet
  facet normal -0.321421 -0.946936 -0
    outer loop
      vertex 30.3421 28.1575 0.5
      vertex 29.7847 28.3467 0
      vertex 30.3421 28.1575 0
    endloop
  endfacet
  facet normal 0.321421 0.946936 -0
    outer loop
      vertex 27.4553 19.6533 0
      vertex 26.8979 19.8425 0.5
      vertex 27.4553 19.6533 0.5
    endloop
  endfacet
  facet normal 0.321421 0.946936 0
    outer loop
      vertex 26.8979 19.8425 0.5
      vertex 27.4553 19.6533 0
      vertex 26.8979 19.8425 0
    endloop
  endfacet
  facet normal -0.980796 0.195038 0
    outer loop
      vertex 32.9667 22.8353 0
      vertex 33.0815 23.4126 0.5
      vertex 33.0815 23.4126 0
    endloop
  endfacet
  facet normal -0.980796 0.195038 0
    outer loop
      vertex 33.0815 23.4126 0.5
      vertex 32.9667 22.8353 0
      vertex 32.9667 22.8353 0.5
    endloop
  endfacet
  facet normal -0.946936 0.321421 0
    outer loop
      vertex 32.7775 22.2779 0
      vertex 32.9667 22.8353 0.5
      vertex 32.9667 22.8353 0
    endloop
  endfacet
  facet normal -0.946936 0.321421 0
    outer loop
      vertex 32.9667 22.8353 0.5
      vertex 32.7775 22.2779 0
      vertex 32.7775 22.2779 0.5
    endloop
  endfacet
  facet normal -0.442382 0.896827 0
    outer loop
      vertex 30.87 20.1029 0
      vertex 30.3421 19.8425 0.5
      vertex 30.87 20.1029 0.5
    endloop
  endfacet
  facet normal -0.442382 0.896827 0
    outer loop
      vertex 30.3421 19.8425 0.5
      vertex 30.87 20.1029 0
      vertex 30.3421 19.8425 0
    endloop
  endfacet
  facet normal 0.442382 -0.896827 0
    outer loop
      vertex 26.37 27.8971 0
      vertex 26.8979 28.1575 0.5
      vertex 26.37 27.8971 0.5
    endloop
  endfacet
  facet normal 0.442382 -0.896827 0
    outer loop
      vertex 26.8979 28.1575 0.5
      vertex 26.37 27.8971 0
      vertex 26.8979 28.1575 0
    endloop
  endfacet
  facet normal -0.321421 0.946936 0
    outer loop
      vertex 30.3421 19.8425 0
      vertex 29.7847 19.6533 0.5
      vertex 30.3421 19.8425 0.5
    endloop
  endfacet
  facet normal -0.321421 0.946936 0
    outer loop
      vertex 29.7847 19.6533 0.5
      vertex 30.3421 19.8425 0
      vertex 29.7847 19.6533 0
    endloop
  endfacet
  facet normal -0.555562 0.831475 0
    outer loop
      vertex 31.3594 20.4299 0
      vertex 30.87 20.1029 0.5
      vertex 31.3594 20.4299 0.5
    endloop
  endfacet
  facet normal -0.555562 0.831475 0
    outer loop
      vertex 30.87 20.1029 0.5
      vertex 31.3594 20.4299 0
      vertex 30.87 20.1029 0
    endloop
  endfacet
  facet normal 0.980796 0.195038 0
    outer loop
      vertex 24.2733 22.8353 0.5
      vertex 24.1585 23.4126 0
      vertex 24.1585 23.4126 0.5
    endloop
  endfacet
  facet normal 0.980796 0.195038 0
    outer loop
      vertex 24.1585 23.4126 0
      vertex 24.2733 22.8353 0.5
      vertex 24.2733 22.8353 0
    endloop
  endfacet
  facet normal 0.980796 -0.195038 0
    outer loop
      vertex 24.1585 24.5874 0.5
      vertex 24.2733 25.1647 0
      vertex 24.2733 25.1647 0.5
    endloop
  endfacet
  facet normal 0.980796 -0.195038 0
    outer loop
      vertex 24.2733 25.1647 0
      vertex 24.1585 24.5874 0.5
      vertex 24.1585 24.5874 0
    endloop
  endfacet
  facet normal 0.896827 0.442382 0
    outer loop
      vertex 24.7229 21.75 0.5
      vertex 24.4625 22.2779 0
      vertex 24.4625 22.2779 0.5
    endloop
  endfacet
  facet normal 0.896827 0.442382 0
    outer loop
      vertex 24.4625 22.2779 0
      vertex 24.7229 21.75 0.5
      vertex 24.7229 21.75 0
    endloop
  endfacet
  facet normal 0.896827 -0.442382 0
    outer loop
      vertex 24.4625 25.7221 0.5
      vertex 24.7229 26.25 0
      vertex 24.7229 26.25 0.5
    endloop
  endfacet
  facet normal 0.896827 -0.442382 0
    outer loop
      vertex 24.7229 26.25 0
      vertex 24.4625 25.7221 0.5
      vertex 24.4625 25.7221 0
    endloop
  endfacet
  facet normal 0.946936 0.321421 0
    outer loop
      vertex 24.4625 22.2779 0.5
      vertex 24.2733 22.8353 0
      vertex 24.2733 22.8353 0.5
    endloop
  endfacet
  facet normal 0.946936 0.321421 0
    outer loop
      vertex 24.2733 22.8353 0
      vertex 24.4625 22.2779 0.5
      vertex 24.4625 22.2779 0
    endloop
  endfacet
  facet normal 0.997859 -0.0654027 0
    outer loop
      vertex 24.12 24 0.5
      vertex 24.1585 24.5874 0
      vertex 24.1585 24.5874 0.5
    endloop
  endfacet
  facet normal 0.997859 -0.0654027 0
    outer loop
      vertex 24.1585 24.5874 0
      vertex 24.12 24 0.5
      vertex 24.12 24 0
    endloop
  endfacet
  facet normal 0.0654027 -0.997859 0
    outer loop
      vertex 28.0326 28.4615 0
      vertex 28.62 28.5 0.5
      vertex 28.0326 28.4615 0.5
    endloop
  endfacet
  facet normal 0.0654027 -0.997859 0
    outer loop
      vertex 28.62 28.5 0.5
      vertex 28.0326 28.4615 0
      vertex 28.62 28.5 0
    endloop
  endfacet
  facet normal 0.659298 0.751882 -0
    outer loop
      vertex 25.8806 20.4299 0
      vertex 25.438 20.818 0.5
      vertex 25.8806 20.4299 0.5
    endloop
  endfacet
  facet normal 0.659298 0.751882 0
    outer loop
      vertex 25.438 20.818 0.5
      vertex 25.8806 20.4299 0
      vertex 25.438 20.818 0
    endloop
  endfacet
  facet normal 0.751882 -0.659298 0
    outer loop
      vertex 25.0499 26.7394 0.5
      vertex 25.438 27.182 0
      vertex 25.438 27.182 0.5
    endloop
  endfacet
  facet normal 0.751882 -0.659298 0
    outer loop
      vertex 25.438 27.182 0
      vertex 25.0499 26.7394 0.5
      vertex 25.0499 26.7394 0
    endloop
  endfacet
  facet normal -0.831475 0.555562 0
    outer loop
      vertex 32.1901 21.2606 0
      vertex 32.5171 21.75 0.5
      vertex 32.5171 21.75 0
    endloop
  endfacet
  facet normal -0.831475 0.555562 0
    outer loop
      vertex 32.5171 21.75 0.5
      vertex 32.1901 21.2606 0
      vertex 32.1901 21.2606 0.5
    endloop
  endfacet
  facet normal -0.0654027 0.997859 0
    outer loop
      vertex 29.2074 19.5385 0
      vertex 28.62 19.5 0.5
      vertex 29.2074 19.5385 0.5
    endloop
  endfacet
  facet normal -0.0654027 0.997859 0
    outer loop
      vertex 28.62 19.5 0.5
      vertex 29.2074 19.5385 0
      vertex 28.62 19.5 0
    endloop
  endfacet
  facet normal 0.751882 0.659298 0
    outer loop
      vertex 25.438 20.818 0.5
      vertex 25.0499 21.2606 0
      vertex 25.0499 21.2606 0.5
    endloop
  endfacet
  facet normal 0.751882 0.659298 0
    outer loop
      vertex 25.0499 21.2606 0
      vertex 25.438 20.818 0.5
      vertex 25.438 20.818 0
    endloop
  endfacet
  facet normal -0.896827 0.442382 0
    outer loop
      vertex 32.5171 21.75 0
      vertex 32.7775 22.2779 0.5
      vertex 32.7775 22.2779 0
    endloop
  endfacet
  facet normal -0.896827 0.442382 0
    outer loop
      vertex 32.7775 22.2779 0.5
      vertex 32.5171 21.75 0
      vertex 32.5171 21.75 0.5
    endloop
  endfacet
  facet normal 0.997859 0.0654027 0
    outer loop
      vertex 24.1585 23.4126 0.5
      vertex 24.12 24 0
      vertex 24.12 24 0.5
    endloop
  endfacet
  facet normal 0.997859 0.0654027 0
    outer loop
      vertex 24.12 24 0
      vertex 24.1585 23.4126 0.5
      vertex 24.1585 23.4126 0
    endloop
  endfacet
  facet normal -0.946936 -0.321421 0
    outer loop
      vertex 32.9667 25.1647 0
      vertex 32.7775 25.7221 0.5
      vertex 32.7775 25.7221 0
    endloop
  endfacet
  facet normal -0.946936 -0.321421 0
    outer loop
      vertex 32.7775 25.7221 0.5
      vertex 32.9667 25.1647 0
      vertex 32.9667 25.1647 0.5
    endloop
  endfacet
  facet normal 0.659298 -0.751882 0
    outer loop
      vertex 25.438 27.182 0
      vertex 25.8806 27.5701 0.5
      vertex 25.438 27.182 0.5
    endloop
  endfacet
  facet normal 0.659298 -0.751882 0
    outer loop
      vertex 25.8806 27.5701 0.5
      vertex 25.438 27.182 0
      vertex 25.8806 27.5701 0
    endloop
  endfacet
  facet normal 0.321421 -0.946936 0
    outer loop
      vertex 26.8979 28.1575 0
      vertex 27.4553 28.3467 0.5
      vertex 26.8979 28.1575 0.5
    endloop
  endfacet
  facet normal 0.321421 -0.946936 0
    outer loop
      vertex 27.4553 28.3467 0.5
      vertex 26.8979 28.1575 0
      vertex 27.4553 28.3467 0
    endloop
  endfacet
  facet normal -0.555562 -0.831475 0
    outer loop
      vertex 30.87 27.8971 0
      vertex 31.3594 27.5701 0.5
      vertex 30.87 27.8971 0.5
    endloop
  endfacet
  facet normal -0.555562 -0.831475 -0
    outer loop
      vertex 31.3594 27.5701 0.5
      vertex 30.87 27.8971 0
      vertex 31.3594 27.5701 0
    endloop
  endfacet
  facet normal -0.659298 -0.751882 0
    outer loop
      vertex 31.3594 27.5701 0
      vertex 31.802 27.182 0.5
      vertex 31.3594 27.5701 0.5
    endloop
  endfacet
  facet normal -0.659298 -0.751882 -0
    outer loop
      vertex 31.802 27.182 0.5
      vertex 31.3594 27.5701 0
      vertex 31.802 27.182 0
    endloop
  endfacet
  facet normal -0.831475 -0.555562 0
    outer loop
      vertex 32.5171 26.25 0
      vertex 32.1901 26.7394 0.5
      vertex 32.1901 26.7394 0
    endloop
  endfacet
  facet normal -0.831475 -0.555562 0
    outer loop
      vertex 32.1901 26.7394 0.5
      vertex 32.5171 26.25 0
      vertex 32.5171 26.25 0.5
    endloop
  endfacet
  facet normal 0.555562 0.831475 -0
    outer loop
      vertex 26.37 20.1029 0
      vertex 25.8806 20.4299 0.5
      vertex 26.37 20.1029 0.5
    endloop
  endfacet
  facet normal 0.555562 0.831475 0
    outer loop
      vertex 25.8806 20.4299 0.5
      vertex 26.37 20.1029 0
      vertex 25.8806 20.4299 0
    endloop
  endfacet
  facet normal 0.0654027 0.997859 -0
    outer loop
      vertex 28.62 19.5 0
      vertex 28.0326 19.5385 0.5
      vertex 28.62 19.5 0.5
    endloop
  endfacet
  facet normal 0.0654027 0.997859 0
    outer loop
      vertex 28.0326 19.5385 0.5
      vertex 28.62 19.5 0
      vertex 28.0326 19.5385 0
    endloop
  endfacet
  facet normal -0.659298 0.751882 0
    outer loop
      vertex 31.802 20.818 0
      vertex 31.3594 20.4299 0.5
      vertex 31.802 20.818 0.5
    endloop
  endfacet
  facet normal -0.659298 0.751882 0
    outer loop
      vertex 31.3594 20.4299 0.5
      vertex 31.802 20.818 0
      vertex 31.3594 20.4299 0
    endloop
  endfacet
  facet normal -0.896827 -0.442382 0
    outer loop
      vertex 32.7775 25.7221 0
      vertex 32.5171 26.25 0.5
      vertex 32.5171 26.25 0
    endloop
  endfacet
  facet normal -0.896827 -0.442382 0
    outer loop
      vertex 32.5171 26.25 0.5
      vertex 32.7775 25.7221 0
      vertex 32.7775 25.7221 0.5
    endloop
  endfacet
  facet normal -0.195038 0.980796 0
    outer loop
      vertex 29.7847 19.6533 0
      vertex 29.2074 19.5385 0.5
      vertex 29.7847 19.6533 0.5
    endloop
  endfacet
  facet normal -0.195038 0.980796 0
    outer loop
      vertex 29.2074 19.5385 0.5
      vertex 29.7847 19.6533 0
      vertex 29.2074 19.5385 0
    endloop
  endfacet
  facet normal -0.751882 0.659298 0
    outer loop
      vertex 31.802 20.818 0
      vertex 32.1901 21.2606 0.5
      vertex 32.1901 21.2606 0
    endloop
  endfacet
  facet normal -0.751882 0.659298 0
    outer loop
      vertex 32.1901 21.2606 0.5
      vertex 31.802 20.818 0
      vertex 31.802 20.818 0.5
    endloop
  endfacet
  facet normal -0.751882 -0.659298 0
    outer loop
      vertex 32.1901 26.7394 0
      vertex 31.802 27.182 0.5
      vertex 31.802 27.182 0
    endloop
  endfacet
  facet normal -0.751882 -0.659298 0
    outer loop
      vertex 31.802 27.182 0.5
      vertex 32.1901 26.7394 0
      vertex 32.1901 26.7394 0.5
    endloop
  endfacet
  facet normal 0.555562 -0.831475 0
    outer loop
      vertex 25.8806 27.5701 0
      vertex 26.37 27.8971 0.5
      vertex 25.8806 27.5701 0.5
    endloop
  endfacet
  facet normal 0.555562 -0.831475 0
    outer loop
      vertex 26.37 27.8971 0.5
      vertex 25.8806 27.5701 0
      vertex 26.37 27.8971 0
    endloop
  endfacet
  facet normal 0.195038 -0.980796 0
    outer loop
      vertex 27.4553 28.3467 0
      vertex 28.0326 28.4615 0.5
      vertex 27.4553 28.3467 0.5
    endloop
  endfacet
  facet normal 0.195038 -0.980796 0
    outer loop
      vertex 28.0326 28.4615 0.5
      vertex 27.4553 28.3467 0
      vertex 28.0326 28.4615 0
    endloop
  endfacet
  facet normal 0.831475 -0.555562 0
    outer loop
      vertex 24.7229 26.25 0.5
      vertex 25.0499 26.7394 0
      vertex 25.0499 26.7394 0.5
    endloop
  endfacet
  facet normal 0.831475 -0.555562 0
    outer loop
      vertex 25.0499 26.7394 0
      vertex 24.7229 26.25 0.5
      vertex 24.7229 26.25 0
    endloop
  endfacet
  facet normal 0.442382 0.896827 -0
    outer loop
      vertex 26.8979 19.8425 0
      vertex 26.37 20.1029 0.5
      vertex 26.8979 19.8425 0.5
    endloop
  endfacet
  facet normal 0.442382 0.896827 0
    outer loop
      vertex 26.37 20.1029 0.5
      vertex 26.8979 19.8425 0
      vertex 26.37 20.1029 0
    endloop
  endfacet
  facet normal 0 0 -1
    outer loop
      vertex 31.62 24 0.5
      vertex 33.12 24 0.5
      vertex 33.0815 23.4126 0.5
    endloop
  endfacet
  facet normal 0 0 -1
    outer loop
      vertex 31.5943 23.6084 0.5
      vertex 33.0815 23.4126 0.5
      vertex 32.9667 22.8353 0.5
    endloop
  endfacet
  facet normal 0 0 -1
    outer loop
      vertex 33.12 24 0.5
      vertex 31.62 24 0.5
      vertex 33.0815 24.5874 0.5
    endloop
  endfacet
  facet normal 0 0 -1
    outer loop
      vertex 31.5178 23.2235 0.5
      vertex 32.9667 22.8353 0.5
      vertex 32.7775 22.2779 0.5
    endloop
  endfacet
  facet normal 0 0 -1
    outer loop
      vertex 31.5943 24.3916 0.5
      vertex 33.0815 24.5874 0.5
      vertex 31.62 24 0.5
    endloop
  endfacet
  facet normal 0 0 -1
    outer loop
      vertex 31.3916 22.8519 0.5
      vertex 32.7775 22.2779 0.5
      vertex 32.5171 21.75 0.5
    endloop
  endfacet
  facet normal -0 0 -1
    outer loop
      vertex 33.0815 24.5874 0.5
      vertex 31.5943 24.3916 0.5
      vertex 32.9667 25.1647 0.5
    endloop
  endfacet
  facet normal 0 0 -1
    outer loop
      vertex 31.2181 22.5 0.5
      vertex 32.5171 21.75 0.5
      vertex 32.1901 21.2606 0.5
    endloop
  endfacet
  facet normal 0 0 -1
    outer loop
      vertex 31.5178 24.7765 0.5
      vertex 32.9667 25.1647 0.5
      vertex 31.5943 24.3916 0.5
    endloop
  endfacet
  facet normal 0 0 -1
    outer loop
      vertex 31.0001 22.1737 0.5
      vertex 32.1901 21.2606 0.5
      vertex 31.802 20.818 0.5
    endloop
  endfacet
  facet normal -0 0 -1
    outer loop
      vertex 32.9667 25.1647 0.5
      vertex 31.5178 24.7765 0.5
      vertex 32.7775 25.7221 0.5
    endloop
  endfacet
  facet normal 0 0 -1
    outer loop
      vertex 31.3916 25.148 0.5
      vertex 32.7775 25.7221 0.5
      vertex 31.5178 24.7765 0.5
    endloop
  endfacet
  facet normal 0 0 -1
    outer loop
      vertex 33.0815 23.4126 0.5
      vertex 31.5943 23.6084 0.5
      vertex 31.62 24 0.5
    endloop
  endfacet
  facet normal 0 0 -1
    outer loop
      vertex 32.9667 22.8353 0.5
      vertex 31.5178 23.2235 0.5
      vertex 31.5943 23.6084 0.5
    endloop
  endfacet
  facet normal 0 0 -1
    outer loop
      vertex 32.7775 22.2779 0.5
      vertex 31.3916 22.8519 0.5
      vertex 31.5178 23.2235 0.5
    endloop
  endfacet
  facet normal 0 0 -1
    outer loop
      vertex 30.7413 21.8787 0.5
      vertex 31.802 20.818 0.5
      vertex 31.3594 20.4299 0.5
    endloop
  endfacet
  facet normal 0 0 -1
    outer loop
      vertex 32.5171 21.75 0.5
      vertex 31.2181 22.5 0.5
      vertex 31.3916 22.8519 0.5
    endloop
  endfacet
  facet normal 0 0 -1
    outer loop
      vertex 32.1901 21.2606 0.5
      vertex 31.0001 22.1737 0.5
      vertex 31.2181 22.5 0.5
    endloop
  endfacet
  facet normal 0 0 -1
    outer loop
      vertex 30.4463 21.6199 0.5
      vertex 31.3594 20.4299 0.5
      vertex 30.87 20.1029 0.5
    endloop
  endfacet
  facet normal 0 0 -1
    outer loop
      vertex 31.802 20.818 0.5
      vertex 30.7413 21.8787 0.5
      vertex 31.0001 22.1737 0.5
    endloop
  endfacet
  facet normal 0 0 -1
    outer loop
      vertex 31.3594 20.4299 0.5
      vertex 30.4463 21.6199 0.5
      vertex 30.7413 21.8787 0.5
    endloop
  endfacet
  facet normal 0 0 -1
    outer loop
      vertex 30.12 21.4019 0.5
      vertex 30.87 20.1029 0.5
      vertex 30.3421 19.8425 0.5
    endloop
  endfacet
  facet normal 0 0 -1
    outer loop
      vertex 30.87 20.1029 0.5
      vertex 30.12 21.4019 0.5
      vertex 30.4463 21.6199 0.5
    endloop
  endfacet
  facet normal 0 0 -1
    outer loop
      vertex 29.7681 21.2284 0.5
      vertex 30.3421 19.8425 0.5
      vertex 29.7847 19.6533 0.5
    endloop
  endfacet
  facet normal 0 0 -1
    outer loop
      vertex 30.3421 19.8425 0.5
      vertex 29.7681 21.2284 0.5
      vertex 30.12 21.4019 0.5
    endloop
  endfacet
  facet normal 0 0 -1
    outer loop
      vertex 29.7847 19.6533 0.5
      vertex 29.3965 21.1022 0.5
      vertex 29.7681 21.2284 0.5
    endloop
  endfacet
  facet normal 0 0 -1
    outer loop
      vertex 29.2074 19.5385 0.5
      vertex 29.3965 21.1022 0.5
      vertex 29.7847 19.6533 0.5
    endloop
  endfacet
  facet normal 0 0 -1
    outer loop
      vertex 29.2074 19.5385 0.5
      vertex 29.0116 21.0257 0.5
      vertex 29.3965 21.1022 0.5
    endloop
  endfacet
  facet normal 0 0 -1
    outer loop
      vertex 28.62 19.5 0.5
      vertex 29.0116 21.0257 0.5
      vertex 29.2074 19.5385 0.5
    endloop
  endfacet
  facet normal 0 0 -1
    outer loop
      vertex 28.62 19.5 0.5
      vertex 28.62 21 0.5
      vertex 29.0116 21.0257 0.5
    endloop
  endfacet
  facet normal 0 0 -1
    outer loop
      vertex 28.62 19.5 0.5
      vertex 28.2284 21.0257 0.5
      vertex 28.62 21 0.5
    endloop
  endfacet
  facet normal 0 0 -1
    outer loop
      vertex 28.0326 19.5385 0.5
      vertex 28.2284 21.0257 0.5
      vertex 28.62 19.5 0.5
    endloop
  endfacet
  facet normal 0 0 -1
    outer loop
      vertex 28.0326 19.5385 0.5
      vertex 27.8435 21.1022 0.5
      vertex 28.2284 21.0257 0.5
    endloop
  endfacet
  facet normal 0 0 -1
    outer loop
      vertex 27.4553 19.6533 0.5
      vertex 27.8435 21.1022 0.5
      vertex 28.0326 19.5385 0.5
    endloop
  endfacet
  facet normal -0 0 -1
    outer loop
      vertex 27.8435 21.1022 0.5
      vertex 27.4553 19.6533 0.5
      vertex 27.472 21.2284 0.5
    endloop
  endfacet
  facet normal 0 0 -1
    outer loop
      vertex 26.8979 19.8425 0.5
      vertex 27.472 21.2284 0.5
      vertex 27.4553 19.6533 0.5
    endloop
  endfacet
  facet normal -0 0 -1
    outer loop
      vertex 27.472 21.2284 0.5
      vertex 26.8979 19.8425 0.5
      vertex 27.12 21.4019 0.5
    endloop
  endfacet
  facet normal 0 0 -1
    outer loop
      vertex 26.37 20.1029 0.5
      vertex 27.12 21.4019 0.5
      vertex 26.8979 19.8425 0.5
    endloop
  endfacet
  facet normal -0 0 -1
    outer loop
      vertex 27.12 21.4019 0.5
      vertex 26.37 20.1029 0.5
      vertex 26.7937 21.6199 0.5
    endloop
  endfacet
  facet normal 0 0 -1
    outer loop
      vertex 25.8806 20.4299 0.5
      vertex 26.7937 21.6199 0.5
      vertex 26.37 20.1029 0.5
    endloop
  endfacet
  facet normal -0 0 -1
    outer loop
      vertex 26.7937 21.6199 0.5
      vertex 25.8806 20.4299 0.5
      vertex 26.4987 21.8787 0.5
    endloop
  endfacet
  facet normal 0 0 -1
    outer loop
      vertex 25.438 20.818 0.5
      vertex 26.4987 21.8787 0.5
      vertex 25.8806 20.4299 0.5
    endloop
  endfacet
  facet normal -0 0 -1
    outer loop
      vertex 26.4987 21.8787 0.5
      vertex 25.438 20.818 0.5
      vertex 26.2399 22.1737 0.5
    endloop
  endfacet
  facet normal 0 0 -1
    outer loop
      vertex 25.0499 21.2606 0.5
      vertex 26.2399 22.1737 0.5
      vertex 25.438 20.818 0.5
    endloop
  endfacet
  facet normal -0 0 -1
    outer loop
      vertex 26.2399 22.1737 0.5
      vertex 25.0499 21.2606 0.5
      vertex 26.0219 22.5 0.5
    endloop
  endfacet
  facet normal 0 0 -1
    outer loop
      vertex 24.7229 21.75 0.5
      vertex 26.0219 22.5 0.5
      vertex 25.0499 21.2606 0.5
    endloop
  endfacet
  facet normal 0 0 -1
    outer loop
      vertex 24.4625 22.2779 0.5
      vertex 25.8484 22.8519 0.5
      vertex 24.7229 21.75 0.5
    endloop
  endfacet
  facet normal -0 0 -1
    outer loop
      vertex 26.0219 22.5 0.5
      vertex 24.7229 21.75 0.5
      vertex 25.8484 22.8519 0.5
    endloop
  endfacet
  facet normal -0 0 -1
    outer loop
      vertex 32.7775 25.7221 0.5
      vertex 31.3916 25.148 0.5
      vertex 32.5171 26.25 0.5
    endloop
  endfacet
  facet normal 0 0 -1
    outer loop
      vertex 31.2181 25.5 0.5
      vertex 32.5171 26.25 0.5
      vertex 31.3916 25.148 0.5
    endloop
  endfacet
  facet normal -0 0 -1
    outer loop
      vertex 32.5171 26.25 0.5
      vertex 31.2181 25.5 0.5
      vertex 32.1901 26.7394 0.5
    endloop
  endfacet
  facet normal 0 0 -1
    outer loop
      vertex 31.0001 25.8263 0.5
      vertex 32.1901 26.7394 0.5
      vertex 31.2181 25.5 0.5
    endloop
  endfacet
  facet normal -0 0 -1
    outer loop
      vertex 32.1901 26.7394 0.5
      vertex 31.0001 25.8263 0.5
      vertex 31.802 27.182 0.5
    endloop
  endfacet
  facet normal 0 0 -1
    outer loop
      vertex 30.7413 26.1213 0.5
      vertex 31.802 27.182 0.5
      vertex 31.0001 25.8263 0.5
    endloop
  endfacet
  facet normal -0 0 -1
    outer loop
      vertex 31.802 27.182 0.5
      vertex 30.7413 26.1213 0.5
      vertex 31.3594 27.5701 0.5
    endloop
  endfacet
  facet normal 0 0 -1
    outer loop
      vertex 30.4463 26.3801 0.5
      vertex 31.3594 27.5701 0.5
      vertex 30.7413 26.1213 0.5
    endloop
  endfacet
  facet normal -0 0 -1
    outer loop
      vertex 31.3594 27.5701 0.5
      vertex 30.4463 26.3801 0.5
      vertex 30.87 27.8971 0.5
    endloop
  endfacet
  facet normal 0 0 -1
    outer loop
      vertex 30.12 26.5981 0.5
      vertex 30.87 27.8971 0.5
      vertex 30.4463 26.3801 0.5
    endloop
  endfacet
  facet normal -0 0 -1
    outer loop
      vertex 30.87 27.8971 0.5
      vertex 30.12 26.5981 0.5
      vertex 30.3421 28.1575 0.5
    endloop
  endfacet
  facet normal 0 0 -1
    outer loop
      vertex 29.7681 26.7716 0.5
      vertex 30.3421 28.1575 0.5
      vertex 30.12 26.5981 0.5
    endloop
  endfacet
  facet normal -0 0 -1
    outer loop
      vertex 30.3421 28.1575 0.5
      vertex 29.7681 26.7716 0.5
      vertex 29.7847 28.3467 0.5
    endloop
  endfacet
  facet normal 0 0 -1
    outer loop
      vertex 29.3965 26.8978 0.5
      vertex 29.7847 28.3467 0.5
      vertex 29.7681 26.7716 0.5
    endloop
  endfacet
  facet normal 0 0 -1
    outer loop
      vertex 29.3965 26.8978 0.5
      vertex 29.2074 28.4615 0.5
      vertex 29.7847 28.3467 0.5
    endloop
  endfacet
  facet normal 0 0 -1
    outer loop
      vertex 29.0116 26.9743 0.5
      vertex 29.2074 28.4615 0.5
      vertex 29.3965 26.8978 0.5
    endloop
  endfacet
  facet normal 0 0 -1
    outer loop
      vertex 28.62 27 0.5
      vertex 29.2074 28.4615 0.5
      vertex 29.0116 26.9743 0.5
    endloop
  endfacet
  facet normal 0 0 -1
    outer loop
      vertex 28.62 27 0.5
      vertex 28.62 28.5 0.5
      vertex 29.2074 28.4615 0.5
    endloop
  endfacet
  facet normal 0 0 -1
    outer loop
      vertex 28.2284 26.9743 0.5
      vertex 28.62 28.5 0.5
      vertex 28.62 27 0.5
    endloop
  endfacet
  facet normal 0 0 -1
    outer loop
      vertex 28.2284 26.9743 0.5
      vertex 28.0326 28.4615 0.5
      vertex 28.62 28.5 0.5
    endloop
  endfacet
  facet normal 0 0 -1
    outer loop
      vertex 27.8435 26.8978 0.5
      vertex 28.0326 28.4615 0.5
      vertex 28.2284 26.9743 0.5
    endloop
  endfacet
  facet normal 0 0 -1
    outer loop
      vertex 27.4553 28.3467 0.5
      vertex 27.8435 26.8978 0.5
      vertex 27.472 26.7716 0.5
    endloop
  endfacet
  facet normal 0 0 -1
    outer loop
      vertex 27.8435 26.8978 0.5
      vertex 27.4553 28.3467 0.5
      vertex 28.0326 28.4615 0.5
    endloop
  endfacet
  facet normal 0 0 -1
    outer loop
      vertex 26.8979 28.1575 0.5
      vertex 27.472 26.7716 0.5
      vertex 27.12 26.5981 0.5
    endloop
  endfacet
  facet normal 0 0 -1
    outer loop
      vertex 27.472 26.7716 0.5
      vertex 26.8979 28.1575 0.5
      vertex 27.4553 28.3467 0.5
    endloop
  endfacet
  facet normal 0 0 -1
    outer loop
      vertex 26.37 27.8971 0.5
      vertex 27.12 26.5981 0.5
      vertex 26.7937 26.3801 0.5
    endloop
  endfacet
  facet normal 0 0 -1
    outer loop
      vertex 25.8806 27.5701 0.5
      vertex 26.7937 26.3801 0.5
      vertex 26.4987 26.1213 0.5
    endloop
  endfacet
  facet normal 0 0 -1
    outer loop
      vertex 27.12 26.5981 0.5
      vertex 26.37 27.8971 0.5
      vertex 26.8979 28.1575 0.5
    endloop
  endfacet
  facet normal 0 0 -1
    outer loop
      vertex 25.438 27.182 0.5
      vertex 26.4987 26.1213 0.5
      vertex 26.2399 25.8263 0.5
    endloop
  endfacet
  facet normal 0 0 -1
    outer loop
      vertex 25.0499 26.7394 0.5
      vertex 26.2399 25.8263 0.5
      vertex 26.0219 25.5 0.5
    endloop
  endfacet
  facet normal 0 0 -1
    outer loop
      vertex 26.7937 26.3801 0.5
      vertex 25.8806 27.5701 0.5
      vertex 26.37 27.8971 0.5
    endloop
  endfacet
  facet normal 0 0 -1
    outer loop
      vertex 24.7229 26.25 0.5
      vertex 26.0219 25.5 0.5
      vertex 25.8484 25.148 0.5
    endloop
  endfacet
  facet normal 0 0 -1
    outer loop
      vertex 24.4625 25.7221 0.5
      vertex 25.8484 25.148 0.5
      vertex 25.7222 24.7765 0.5
    endloop
  endfacet
  facet normal 0 0 -1
    outer loop
      vertex 24.2733 25.1647 0.5
      vertex 25.7222 24.7765 0.5
      vertex 25.6457 24.3916 0.5
    endloop
  endfacet
  facet normal 0 0 -1
    outer loop
      vertex 26.4987 26.1213 0.5
      vertex 25.438 27.182 0.5
      vertex 25.8806 27.5701 0.5
    endloop
  endfacet
  facet normal 0 0 -1
    outer loop
      vertex 24.1585 24.5874 0.5
      vertex 25.6457 24.3916 0.5
      vertex 25.62 24 0.5
    endloop
  endfacet
  facet normal -0 0 -1
    outer loop
      vertex 25.8484 22.8519 0.5
      vertex 24.4625 22.2779 0.5
      vertex 25.7222 23.2235 0.5
    endloop
  endfacet
  facet normal 0 0 -1
    outer loop
      vertex 24.2733 22.8353 0.5
      vertex 25.7222 23.2235 0.5
      vertex 24.4625 22.2779 0.5
    endloop
  endfacet
  facet normal 0 0 -1
    outer loop
      vertex 26.2399 25.8263 0.5
      vertex 25.0499 26.7394 0.5
      vertex 25.438 27.182 0.5
    endloop
  endfacet
  facet normal -0 0 -1
    outer loop
      vertex 25.7222 23.2235 0.5
      vertex 24.2733 22.8353 0.5
      vertex 25.6457 23.6084 0.5
    endloop
  endfacet
  facet normal 0 0 -1
    outer loop
      vertex 26.0219 25.5 0.5
      vertex 24.7229 26.25 0.5
      vertex 25.0499 26.7394 0.5
    endloop
  endfacet
  facet normal 0 0 -1
    outer loop
      vertex 24.1585 23.4126 0.5
      vertex 25.6457 23.6084 0.5
      vertex 24.2733 22.8353 0.5
    endloop
  endfacet
  facet normal 0 0 -1
    outer loop
      vertex 25.8484 25.148 0.5
      vertex 24.4625 25.7221 0.5
      vertex 24.7229 26.25 0.5
    endloop
  endfacet
  facet normal -0 0 -1
    outer loop
      vertex 25.6457 23.6084 0.5
      vertex 24.1585 23.4126 0.5
      vertex 25.62 24 0.5
    endloop
  endfacet
  facet normal 0 0 -1
    outer loop
      vertex 25.7222 24.7765 0.5
      vertex 24.2733 25.1647 0.5
      vertex 24.4625 25.7221 0.5
    endloop
  endfacet
  facet normal 0 0 -1
    outer loop
      vertex 24.12 24 0.5
      vertex 25.62 24 0.5
      vertex 24.1585 23.4126 0.5
    endloop
  endfacet
  facet normal 0 0 -1
    outer loop
      vertex 25.6457 24.3916 0.5
      vertex 24.1585 24.5874 0.5
      vertex 24.2733 25.1647 0.5
    endloop
  endfacet
  facet normal 0 0 -1
    outer loop
      vertex 25.62 24 0.5
      vertex 24.12 24 0.5
      vertex 24.1585 24.5874 0.5
    endloop
  endfacet
  facet normal 0.195038 0.980796 -0
    outer loop
      vertex 28.0326 19.5385 0
      vertex 27.4553 19.6533 0.5
      vertex 28.0326 19.5385 0.5
    endloop
  endfacet
  facet normal 0.195038 0.980796 0
    outer loop
      vertex 27.4553 19.6533 0.5
      vertex 28.0326 19.5385 0
      vertex 27.4553 19.6533 0
    endloop
  endfacet
  facet normal -0.0654027 -0.997859 0
    outer loop
      vertex 28.62 28.5 0
      vertex 29.2074 28.4615 0.5
      vertex 28.62 28.5 0.5
    endloop
  endfacet
  facet normal -0.0654027 -0.997859 -0
    outer loop
      vertex 29.2074 28.4615 0.5
      vertex 28.62 28.5 0
      vertex 29.2074 28.4615 0
    endloop
  endfacet
  facet normal -0.195038 -0.980796 0
    outer loop
      vertex 29.2074 28.4615 0
      vertex 29.7847 28.3467 0.5
      vertex 29.2074 28.4615 0.5
    endloop
  endfacet
  facet normal -0.195038 -0.980796 -0
    outer loop
      vertex 29.7847 28.3467 0.5
      vertex 29.2074 28.4615 0
      vertex 29.7847 28.3467 0
    endloop
  endfacet
  facet normal 0.831475 0.555562 0
    outer loop
      vertex 25.0499 21.2606 0.5
      vertex 24.7229 21.75 0
      vertex 24.7229 21.75 0.5
    endloop
  endfacet
  facet normal 0.831475 0.555562 0
    outer loop
      vertex 24.7229 21.75 0
      vertex 25.0499 21.2606 0.5
      vertex 25.0499 21.2606 0
    endloop
  endfacet
  facet normal 0.946936 -0.321421 0
    outer loop
      vertex 24.2733 25.1647 0.5
      vertex 24.4625 25.7221 0
      vertex 24.4625 25.7221 0.5
    endloop
  endfacet
  facet normal 0.946936 -0.321421 0
    outer loop
      vertex 24.4625 25.7221 0
      vertex 24.2733 25.1647 0.5
      vertex 24.2733 25.1647 0
    endloop
  endfacet
  facet normal -0.980815 -0.19494 0
    outer loop
      vertex 43.5943 24.3916 0.5
      vertex 43.5178 24.7765 2.5
      vertex 43.5178 24.7765 0.5
    endloop
  endfacet
  facet normal -0.980815 -0.19494 0
    outer loop
      vertex 43.5178 24.7765 2.5
      vertex 43.5943 24.3916 0.5
      vertex 43.5943 24.3916 2.5
    endloop
  endfacet
  facet normal -0.997853 -0.0654873 0
    outer loop
      vertex 43.62 24 0.5
      vertex 43.5943 24.3916 2.5
      vertex 43.5943 24.3916 0.5
    endloop
  endfacet
  facet normal -0.997853 -0.0654873 0
    outer loop
      vertex 43.5943 24.3916 2.5
      vertex 43.62 24 0.5
      vertex 43.62 24 2.5
    endloop
  endfacet
  facet normal -0.442211 -0.896911 0
    outer loop
      vertex 41.7681 26.7716 0.5
      vertex 42.12 26.5981 2.5
      vertex 41.7681 26.7716 2.5
    endloop
  endfacet
  facet normal -0.442211 -0.896911 -0
    outer loop
      vertex 42.12 26.5981 2.5
      vertex 41.7681 26.7716 0.5
      vertex 42.12 26.5981 0.5
    endloop
  endfacet
  facet normal -0.321574 -0.946885 0
    outer loop
      vertex 41.3965 26.8978 0.5
      vertex 41.7681 26.7716 2.5
      vertex 41.3965 26.8978 2.5
    endloop
  endfacet
  facet normal -0.321574 -0.946885 -0
    outer loop
      vertex 41.7681 26.7716 2.5
      vertex 41.3965 26.8978 0.5
      vertex 41.7681 26.7716 0.5
    endloop
  endfacet
  facet normal -0.946858 -0.321651 0
    outer loop
      vertex 43.5178 24.7765 0.5
      vertex 43.3916 25.148 2.5
      vertex 43.3916 25.148 0.5
    endloop
  endfacet
  facet normal -0.946858 -0.321651 0
    outer loop
      vertex 43.3916 25.148 2.5
      vertex 43.5178 24.7765 0.5
      vertex 43.5178 24.7765 2.5
    endloop
  endfacet
  facet normal -0.555523 0.831501 0
    outer loop
      vertex 42.4463 21.6199 0.5
      vertex 42.12 21.4019 2.5
      vertex 42.4463 21.6199 2.5
    endloop
  endfacet
  facet normal -0.555523 0.831501 0
    outer loop
      vertex 42.12 21.4019 2.5
      vertex 42.4463 21.6199 0.5
      vertex 42.12 21.4019 0.5
    endloop
  endfacet
  facet normal -0.442211 0.896911 0
    outer loop
      vertex 42.12 21.4019 0.5
      vertex 41.7681 21.2284 2.5
      vertex 42.12 21.4019 2.5
    endloop
  endfacet
  facet normal -0.442211 0.896911 0
    outer loop
      vertex 41.7681 21.2284 2.5
      vertex 42.12 21.4019 0.5
      vertex 41.7681 21.2284 0.5
    endloop
  endfacet
  facet normal 0.997853 -0.0654873 0
    outer loop
      vertex 37.62 24 2.5
      vertex 37.6457 24.3916 0.5
      vertex 37.6457 24.3916 2.5
    endloop
  endfacet
  facet normal 0.997853 -0.0654873 0
    outer loop
      vertex 37.6457 24.3916 0.5
      vertex 37.62 24 2.5
      vertex 37.62 24 0.5
    endloop
  endfacet
  facet normal 0.751724 0.659478 0
    outer loop
      vertex 38.4987 21.8787 2.5
      vertex 38.2399 22.1737 0.5
      vertex 38.2399 22.1737 2.5
    endloop
  endfacet
  facet normal 0.751724 0.659478 0
    outer loop
      vertex 38.2399 22.1737 0.5
      vertex 38.4987 21.8787 2.5
      vertex 38.4987 21.8787 0.5
    endloop
  endfacet
  facet normal 0.896961 -0.44211 0
    outer loop
      vertex 37.8484 25.148 2.5
      vertex 38.0219 25.5 0.5
      vertex 38.0219 25.5 2.5
    endloop
  endfacet
  facet normal 0.896961 -0.44211 0
    outer loop
      vertex 38.0219 25.5 0.5
      vertex 37.8484 25.148 2.5
      vertex 37.8484 25.148 0.5
    endloop
  endfacet
  facet normal 0.321651 0.946858 -0
    outer loop
      vertex 39.8435 21.1022 0.5
      vertex 39.472 21.2284 2.5
      vertex 39.8435 21.1022 2.5
    endloop
  endfacet
  facet normal 0.321651 0.946858 0
    outer loop
      vertex 39.472 21.2284 2.5
      vertex 39.8435 21.1022 0.5
      vertex 39.472 21.2284 0.5
    endloop
  endfacet
  facet normal 0.0654873 -0.997853 0
    outer loop
      vertex 40.2284 26.9743 0.5
      vertex 40.62 27 2.5
      vertex 40.2284 26.9743 2.5
    endloop
  endfacet
  facet normal 0.0654873 -0.997853 0
    outer loop
      vertex 40.62 27 2.5
      vertex 40.2284 26.9743 0.5
      vertex 40.62 27 0.5
    endloop
  endfacet
  facet normal 0.659478 0.751724 -0
    outer loop
      vertex 38.7937 21.6199 0.5
      vertex 38.4987 21.8787 2.5
      vertex 38.7937 21.6199 2.5
    endloop
  endfacet
  facet normal 0.659478 0.751724 0
    outer loop
      vertex 38.4987 21.8787 2.5
      vertex 38.7937 21.6199 0.5
      vertex 38.4987 21.8787 0.5
    endloop
  endfacet
  facet normal 0.751724 -0.659478 0
    outer loop
      vertex 38.2399 25.8263 2.5
      vertex 38.4987 26.1213 0.5
      vertex 38.4987 26.1213 2.5
    endloop
  endfacet
  facet normal 0.751724 -0.659478 0
    outer loop
      vertex 38.4987 26.1213 0.5
      vertex 38.2399 25.8263 2.5
      vertex 38.2399 25.8263 0.5
    endloop
  endfacet
  facet normal -0.19494 0.980815 0
    outer loop
      vertex 41.3965 21.1022 0.5
      vertex 41.0116 21.0257 2.5
      vertex 41.3965 21.1022 2.5
    endloop
  endfacet
  facet normal -0.19494 0.980815 0
    outer loop
      vertex 41.0116 21.0257 2.5
      vertex 41.3965 21.1022 0.5
      vertex 41.0116 21.0257 0.5
    endloop
  endfacet
  facet normal 0.896911 0.442211 0
    outer loop
      vertex 38.0219 22.5 2.5
      vertex 37.8484 22.8519 0.5
      vertex 37.8484 22.8519 2.5
    endloop
  endfacet
  facet normal 0.896911 0.442211 0
    outer loop
      vertex 37.8484 22.8519 0.5
      vertex 38.0219 22.5 2.5
      vertex 38.0219 22.5 0.5
    endloop
  endfacet
  facet normal -0.831501 0.555523 0
    outer loop
      vertex 43.0001 22.1737 0.5
      vertex 43.2181 22.5 2.5
      vertex 43.2181 22.5 0.5
    endloop
  endfacet
  facet normal -0.831501 0.555523 0
    outer loop
      vertex 43.2181 22.5 2.5
      vertex 43.0001 22.1737 0.5
      vertex 43.0001 22.1737 2.5
    endloop
  endfacet
  facet normal -0.0654873 0.997853 0
    outer loop
      vertex 41.0116 21.0257 0.5
      vertex 40.62 21 2.5
      vertex 41.0116 21.0257 2.5
    endloop
  endfacet
  facet normal -0.0654873 0.997853 0
    outer loop
      vertex 40.62 21 2.5
      vertex 41.0116 21.0257 0.5
      vertex 40.62 21 0.5
    endloop
  endfacet
  facet normal 0.44211 -0.896961 0
    outer loop
      vertex 39.12 26.5981 0.5
      vertex 39.472 26.7716 2.5
      vertex 39.12 26.5981 2.5
    endloop
  endfacet
  facet normal 0.44211 -0.896961 0
    outer loop
      vertex 39.472 26.7716 2.5
      vertex 39.12 26.5981 0.5
      vertex 39.472 26.7716 0.5
    endloop
  endfacet
  facet normal -0.997853 0.0654873 0
    outer loop
      vertex 43.5943 23.6084 0.5
      vertex 43.62 24 2.5
      vertex 43.62 24 0.5
    endloop
  endfacet
  facet normal -0.997853 0.0654873 0
    outer loop
      vertex 43.62 24 2.5
      vertex 43.5943 23.6084 0.5
      vertex 43.5943 23.6084 2.5
    endloop
  endfacet
  facet normal -0.659478 -0.751724 0
    outer loop
      vertex 42.4463 26.3801 0.5
      vertex 42.7413 26.1213 2.5
      vertex 42.4463 26.3801 2.5
    endloop
  endfacet
  facet normal -0.659478 -0.751724 -0
    outer loop
      vertex 42.7413 26.1213 2.5
      vertex 42.4463 26.3801 0.5
      vertex 42.7413 26.1213 0.5
    endloop
  endfacet
  facet normal -0.831501 -0.555523 0
    outer loop
      vertex 43.2181 25.5 0.5
      vertex 43.0001 25.8263 2.5
      vertex 43.0001 25.8263 0.5
    endloop
  endfacet
  facet normal -0.831501 -0.555523 0
    outer loop
      vertex 43.0001 25.8263 2.5
      vertex 43.2181 25.5 0.5
      vertex 43.2181 25.5 2.5
    endloop
  endfacet
  facet normal -0.555523 -0.831501 0
    outer loop
      vertex 42.12 26.5981 0.5
      vertex 42.4463 26.3801 2.5
      vertex 42.12 26.5981 2.5
    endloop
  endfacet
  facet normal -0.555523 -0.831501 -0
    outer loop
      vertex 42.4463 26.3801 2.5
      vertex 42.12 26.5981 0.5
      vertex 42.4463 26.3801 0.5
    endloop
  endfacet
  facet normal 0.997853 0.0654873 0
    outer loop
      vertex 37.6457 23.6084 2.5
      vertex 37.62 24 0.5
      vertex 37.62 24 2.5
    endloop
  endfacet
  facet normal 0.997853 0.0654873 0
    outer loop
      vertex 37.62 24 0.5
      vertex 37.6457 23.6084 2.5
      vertex 37.6457 23.6084 0.5
    endloop
  endfacet
  facet normal -0.659478 0.751724 0
    outer loop
      vertex 42.7413 21.8787 0.5
      vertex 42.4463 21.6199 2.5
      vertex 42.7413 21.8787 2.5
    endloop
  endfacet
  facet normal -0.659478 0.751724 0
    outer loop
      vertex 42.4463 21.6199 2.5
      vertex 42.7413 21.8787 0.5
      vertex 42.4463 21.6199 0.5
    endloop
  endfacet
  facet normal -0.321574 0.946885 0
    outer loop
      vertex 41.7681 21.2284 0.5
      vertex 41.3965 21.1022 2.5
      vertex 41.7681 21.2284 2.5
    endloop
  endfacet
  facet normal -0.321574 0.946885 0
    outer loop
      vertex 41.3965 21.1022 2.5
      vertex 41.7681 21.2284 0.5
      vertex 41.3965 21.1022 0.5
    endloop
  endfacet
  facet normal 0.19494 -0.980815 0
    outer loop
      vertex 39.8435 26.8978 0.5
      vertex 40.2284 26.9743 2.5
      vertex 39.8435 26.8978 2.5
    endloop
  endfacet
  facet normal 0.19494 -0.980815 0
    outer loop
      vertex 40.2284 26.9743 2.5
      vertex 39.8435 26.8978 0.5
      vertex 40.2284 26.9743 0.5
    endloop
  endfacet
  facet normal -0.896961 -0.44211 0
    outer loop
      vertex 43.3916 25.148 0.5
      vertex 43.2181 25.5 2.5
      vertex 43.2181 25.5 0.5
    endloop
  endfacet
  facet normal -0.896961 -0.44211 0
    outer loop
      vertex 43.2181 25.5 2.5
      vertex 43.3916 25.148 0.5
      vertex 43.3916 25.148 2.5
    endloop
  endfacet
  facet normal 0.555523 0.831501 -0
    outer loop
      vertex 39.12 21.4019 0.5
      vertex 38.7937 21.6199 2.5
      vertex 39.12 21.4019 2.5
    endloop
  endfacet
  facet normal 0.555523 0.831501 0
    outer loop
      vertex 38.7937 21.6199 2.5
      vertex 39.12 21.4019 0.5
      vertex 38.7937 21.6199 0.5
    endloop
  endfacet
  facet normal 0.980815 -0.19494 0
    outer loop
      vertex 37.6457 24.3916 2.5
      vertex 37.7222 24.7765 0.5
      vertex 37.7222 24.7765 2.5
    endloop
  endfacet
  facet normal 0.980815 -0.19494 0
    outer loop
      vertex 37.7222 24.7765 0.5
      vertex 37.6457 24.3916 2.5
      vertex 37.6457 24.3916 0.5
    endloop
  endfacet
  facet normal -0.946885 0.321574 0
    outer loop
      vertex 43.3916 22.8519 0.5
      vertex 43.5178 23.2235 2.5
      vertex 43.5178 23.2235 0.5
    endloop
  endfacet
  facet normal -0.946885 0.321574 0
    outer loop
      vertex 43.5178 23.2235 2.5
      vertex 43.3916 22.8519 0.5
      vertex 43.3916 22.8519 2.5
    endloop
  endfacet
  facet normal 0.0654873 0.997853 -0
    outer loop
      vertex 40.62 21 0.5
      vertex 40.2284 21.0257 2.5
      vertex 40.62 21 2.5
    endloop
  endfacet
  facet normal 0.0654873 0.997853 0
    outer loop
      vertex 40.2284 21.0257 2.5
      vertex 40.62 21 0.5
      vertex 40.2284 21.0257 0.5
    endloop
  endfacet
  facet normal -0.751724 0.659478 0
    outer loop
      vertex 42.7413 21.8787 0.5
      vertex 43.0001 22.1737 2.5
      vertex 43.0001 22.1737 0.5
    endloop
  endfacet
  facet normal -0.751724 0.659478 0
    outer loop
      vertex 43.0001 22.1737 2.5
      vertex 42.7413 21.8787 0.5
      vertex 42.7413 21.8787 2.5
    endloop
  endfacet
  facet normal 0.980815 0.19494 0
    outer loop
      vertex 37.7222 23.2235 2.5
      vertex 37.6457 23.6084 0.5
      vertex 37.6457 23.6084 2.5
    endloop
  endfacet
  facet normal 0.980815 0.19494 0
    outer loop
      vertex 37.6457 23.6084 0.5
      vertex 37.7222 23.2235 2.5
      vertex 37.7222 23.2235 0.5
    endloop
  endfacet
  facet normal -0.980815 0.19494 0
    outer loop
      vertex 43.5178 23.2235 0.5
      vertex 43.5943 23.6084 2.5
      vertex 43.5943 23.6084 0.5
    endloop
  endfacet
  facet normal -0.980815 0.19494 0
    outer loop
      vertex 43.5943 23.6084 2.5
      vertex 43.5178 23.2235 0.5
      vertex 43.5178 23.2235 2.5
    endloop
  endfacet
  facet normal 0.946885 0.321574 0
    outer loop
      vertex 37.8484 22.8519 2.5
      vertex 37.7222 23.2235 0.5
      vertex 37.7222 23.2235 2.5
    endloop
  endfacet
  facet normal 0.946885 0.321574 0
    outer loop
      vertex 37.7222 23.2235 0.5
      vertex 37.8484 22.8519 2.5
      vertex 37.8484 22.8519 0.5
    endloop
  endfacet
  facet normal 0.19494 0.980815 -0
    outer loop
      vertex 40.2284 21.0257 0.5
      vertex 39.8435 21.1022 2.5
      vertex 40.2284 21.0257 2.5
    endloop
  endfacet
  facet normal 0.19494 0.980815 0
    outer loop
      vertex 39.8435 21.1022 2.5
      vertex 40.2284 21.0257 0.5
      vertex 39.8435 21.1022 0.5
    endloop
  endfacet
  facet normal -0.751724 -0.659478 0
    outer loop
      vertex 43.0001 25.8263 0.5
      vertex 42.7413 26.1213 2.5
      vertex 42.7413 26.1213 0.5
    endloop
  endfacet
  facet normal -0.751724 -0.659478 0
    outer loop
      vertex 42.7413 26.1213 2.5
      vertex 43.0001 25.8263 0.5
      vertex 43.0001 25.8263 2.5
    endloop
  endfacet
  facet normal 0.555523 -0.831501 0
    outer loop
      vertex 38.7937 26.3801 0.5
      vertex 39.12 26.5981 2.5
      vertex 38.7937 26.3801 2.5
    endloop
  endfacet
  facet normal 0.555523 -0.831501 0
    outer loop
      vertex 39.12 26.5981 2.5
      vertex 38.7937 26.3801 0.5
      vertex 39.12 26.5981 0.5
    endloop
  endfacet
  facet normal 0.831501 -0.555523 0
    outer loop
      vertex 38.0219 25.5 2.5
      vertex 38.2399 25.8263 0.5
      vertex 38.2399 25.8263 2.5
    endloop
  endfacet
  facet normal 0.831501 -0.555523 0
    outer loop
      vertex 38.2399 25.8263 0.5
      vertex 38.0219 25.5 2.5
      vertex 38.0219 25.5 0.5
    endloop
  endfacet
  facet normal 0.44211 0.896961 -0
    outer loop
      vertex 39.472 21.2284 0.5
      vertex 39.12 21.4019 2.5
      vertex 39.472 21.2284 2.5
    endloop
  endfacet
  facet normal 0.44211 0.896961 0
    outer loop
      vertex 39.12 21.4019 2.5
      vertex 39.472 21.2284 0.5
      vertex 39.12 21.4019 0.5
    endloop
  endfacet
  facet normal 0.321651 -0.946858 0
    outer loop
      vertex 39.472 26.7716 0.5
      vertex 39.8435 26.8978 2.5
      vertex 39.472 26.7716 2.5
    endloop
  endfacet
  facet normal 0.321651 -0.946858 0
    outer loop
      vertex 39.8435 26.8978 2.5
      vertex 39.472 26.7716 0.5
      vertex 39.8435 26.8978 0.5
    endloop
  endfacet
  facet normal -0.896911 0.442211 0
    outer loop
      vertex 43.2181 22.5 0.5
      vertex 43.3916 22.8519 2.5
      vertex 43.3916 22.8519 0.5
    endloop
  endfacet
  facet normal -0.896911 0.442211 0
    outer loop
      vertex 43.3916 22.8519 2.5
      vertex 43.2181 22.5 0.5
      vertex 43.2181 22.5 2.5
    endloop
  endfacet
  facet normal -0.0654873 -0.997853 0
    outer loop
      vertex 40.62 27 0.5
      vertex 41.0116 26.9743 2.5
      vertex 40.62 27 2.5
    endloop
  endfacet
  facet normal -0.0654873 -0.997853 -0
    outer loop
      vertex 41.0116 26.9743 2.5
      vertex 40.62 27 0.5
      vertex 41.0116 26.9743 0.5
    endloop
  endfacet
  facet normal 0.659478 -0.751724 0
    outer loop
      vertex 38.4987 26.1213 0.5
      vertex 38.7937 26.3801 2.5
      vertex 38.4987 26.1213 2.5
    endloop
  endfacet
  facet normal 0.659478 -0.751724 0
    outer loop
      vertex 38.7937 26.3801 2.5
      vertex 38.4987 26.1213 0.5
      vertex 38.7937 26.3801 0.5
    endloop
  endfacet
  facet normal -0.19494 -0.980815 0
    outer loop
      vertex 41.0116 26.9743 0.5
      vertex 41.3965 26.8978 2.5
      vertex 41.0116 26.9743 2.5
    endloop
  endfacet
  facet normal -0.19494 -0.980815 -0
    outer loop
      vertex 41.3965 26.8978 2.5
      vertex 41.0116 26.9743 0.5
      vertex 41.3965 26.8978 0.5
    endloop
  endfacet
  facet normal 0.831501 0.555523 0
    outer loop
      vertex 38.2399 22.1737 2.5
      vertex 38.0219 22.5 0.5
      vertex 38.0219 22.5 2.5
    endloop
  endfacet
  facet normal 0.831501 0.555523 0
    outer loop
      vertex 38.0219 22.5 0.5
      vertex 38.2399 22.1737 2.5
      vertex 38.2399 22.1737 0.5
    endloop
  endfacet
  facet normal 0.946858 -0.321651 0
    outer loop
      vertex 37.7222 24.7765 2.5
      vertex 37.8484 25.148 0.5
      vertex 37.8484 25.148 2.5
    endloop
  endfacet
  facet normal 0.946858 -0.321651 0
    outer loop
      vertex 37.8484 25.148 0.5
      vertex 37.7222 24.7765 2.5
      vertex 37.7222 24.7765 0.5
    endloop
  endfacet
  facet normal -0.980796 -0.195038 0
    outer loop
      vertex 45.0815 24.5874 0
      vertex 44.9667 25.1647 0.5
      vertex 44.9667 25.1647 0
    endloop
  endfacet
  facet normal -0.980796 -0.195038 0
    outer loop
      vertex 44.9667 25.1647 0.5
      vertex 45.0815 24.5874 0
      vertex 45.0815 24.5874 0.5
    endloop
  endfacet
  facet normal -0.997859 -0.0654027 0
    outer loop
      vertex 45.12 24 0
      vertex 45.0815 24.5874 0.5
      vertex 45.0815 24.5874 0
    endloop
  endfacet
  facet normal -0.997859 -0.0654027 0
    outer loop
      vertex 45.0815 24.5874 0.5
      vertex 45.12 24 0
      vertex 45.12 24 0.5
    endloop
  endfacet
  facet normal -0.997859 0.0654027 0
    outer loop
      vertex 45.0815 23.4126 0
      vertex 45.12 24 0.5
      vertex 45.12 24 0
    endloop
  endfacet
  facet normal -0.997859 0.0654027 0
    outer loop
      vertex 45.12 24 0.5
      vertex 45.0815 23.4126 0
      vertex 45.0815 23.4126 0.5
    endloop
  endfacet
  facet normal -0.442382 -0.896827 0
    outer loop
      vertex 42.3421 28.1575 0
      vertex 42.87 27.8971 0.5
      vertex 42.3421 28.1575 0.5
    endloop
  endfacet
  facet normal -0.442382 -0.896827 -0
    outer loop
      vertex 42.87 27.8971 0.5
      vertex 42.3421 28.1575 0
      vertex 42.87 27.8971 0
    endloop
  endfacet
  facet normal -0.321421 -0.946936 0
    outer loop
      vertex 41.7847 28.3467 0
      vertex 42.3421 28.1575 0.5
      vertex 41.7847 28.3467 0.5
    endloop
  endfacet
  facet normal -0.321421 -0.946936 -0
    outer loop
      vertex 42.3421 28.1575 0.5
      vertex 41.7847 28.3467 0
      vertex 42.3421 28.1575 0
    endloop
  endfacet
  facet normal 0.321421 0.946936 -0
    outer loop
      vertex 39.4553 19.6533 0
      vertex 38.8979 19.8425 0.5
      vertex 39.4553 19.6533 0.5
    endloop
  endfacet
  facet normal 0.321421 0.946936 0
    outer loop
      vertex 38.8979 19.8425 0.5
      vertex 39.4553 19.6533 0
      vertex 38.8979 19.8425 0
    endloop
  endfacet
  facet normal -0.980796 0.195038 0
    outer loop
      vertex 44.9667 22.8353 0
      vertex 45.0815 23.4126 0.5
      vertex 45.0815 23.4126 0
    endloop
  endfacet
  facet normal -0.980796 0.195038 0
    outer loop
      vertex 45.0815 23.4126 0.5
      vertex 44.9667 22.8353 0
      vertex 44.9667 22.8353 0.5
    endloop
  endfacet
  facet normal -0.442382 0.896827 0
    outer loop
      vertex 42.87 20.1029 0
      vertex 42.3421 19.8425 0.5
      vertex 42.87 20.1029 0.5
    endloop
  endfacet
  facet normal -0.442382 0.896827 0
    outer loop
      vertex 42.3421 19.8425 0.5
      vertex 42.87 20.1029 0
      vertex 42.3421 19.8425 0
    endloop
  endfacet
  facet normal 0.442382 -0.896827 0
    outer loop
      vertex 38.37 27.8971 0
      vertex 38.8979 28.1575 0.5
      vertex 38.37 27.8971 0.5
    endloop
  endfacet
  facet normal 0.442382 -0.896827 0
    outer loop
      vertex 38.8979 28.1575 0.5
      vertex 38.37 27.8971 0
      vertex 38.8979 28.1575 0
    endloop
  endfacet
  facet normal -0.321421 0.946936 0
    outer loop
      vertex 42.3421 19.8425 0
      vertex 41.7847 19.6533 0.5
      vertex 42.3421 19.8425 0.5
    endloop
  endfacet
  facet normal -0.321421 0.946936 0
    outer loop
      vertex 41.7847 19.6533 0.5
      vertex 42.3421 19.8425 0
      vertex 41.7847 19.6533 0
    endloop
  endfacet
  facet normal -0.555562 0.831475 0
    outer loop
      vertex 43.3594 20.4299 0
      vertex 42.87 20.1029 0.5
      vertex 43.3594 20.4299 0.5
    endloop
  endfacet
  facet normal -0.555562 0.831475 0
    outer loop
      vertex 42.87 20.1029 0.5
      vertex 43.3594 20.4299 0
      vertex 42.87 20.1029 0
    endloop
  endfacet
  facet normal 0.980796 0.195038 0
    outer loop
      vertex 36.2733 22.8353 0.5
      vertex 36.1585 23.4126 0
      vertex 36.1585 23.4126 0.5
    endloop
  endfacet
  facet normal 0.980796 0.195038 0
    outer loop
      vertex 36.1585 23.4126 0
      vertex 36.2733 22.8353 0.5
      vertex 36.2733 22.8353 0
    endloop
  endfacet
  facet normal 0.980796 -0.195038 0
    outer loop
      vertex 36.1585 24.5874 0.5
      vertex 36.2733 25.1647 0
      vertex 36.2733 25.1647 0.5
    endloop
  endfacet
  facet normal 0.980796 -0.195038 0
    outer loop
      vertex 36.2733 25.1647 0
      vertex 36.1585 24.5874 0.5
      vertex 36.1585 24.5874 0
    endloop
  endfacet
  facet normal 0.896827 0.442382 0
    outer loop
      vertex 36.7229 21.75 0.5
      vertex 36.4625 22.2779 0
      vertex 36.4625 22.2779 0.5
    endloop
  endfacet
  facet normal 0.896827 0.442382 0
    outer loop
      vertex 36.4625 22.2779 0
      vertex 36.7229 21.75 0.5
      vertex 36.7229 21.75 0
    endloop
  endfacet
  facet normal 0.896827 -0.442382 0
    outer loop
      vertex 36.4625 25.7221 0.5
      vertex 36.7229 26.25 0
      vertex 36.7229 26.25 0.5
    endloop
  endfacet
  facet normal 0.896827 -0.442382 0
    outer loop
      vertex 36.7229 26.25 0
      vertex 36.4625 25.7221 0.5
      vertex 36.4625 25.7221 0
    endloop
  endfacet
  facet normal 0.946936 0.321421 0
    outer loop
      vertex 36.4625 22.2779 0.5
      vertex 36.2733 22.8353 0
      vertex 36.2733 22.8353 0.5
    endloop
  endfacet
  facet normal 0.946936 0.321421 0
    outer loop
      vertex 36.2733 22.8353 0
      vertex 36.4625 22.2779 0.5
      vertex 36.4625 22.2779 0
    endloop
  endfacet
  facet normal 0.997859 -0.0654027 0
    outer loop
      vertex 36.12 24 0.5
      vertex 36.1585 24.5874 0
      vertex 36.1585 24.5874 0.5
    endloop
  endfacet
  facet normal 0.997859 -0.0654027 0
    outer loop
      vertex 36.1585 24.5874 0
      vertex 36.12 24 0.5
      vertex 36.12 24 0
    endloop
  endfacet
  facet normal 0.0654027 -0.997859 0
    outer loop
      vertex 40.0326 28.4615 0
      vertex 40.62 28.5 0.5
      vertex 40.0326 28.4615 0.5
    endloop
  endfacet
  facet normal 0.0654027 -0.997859 0
    outer loop
      vertex 40.62 28.5 0.5
      vertex 40.0326 28.4615 0
      vertex 40.62 28.5 0
    endloop
  endfacet
  facet normal 0.659298 0.751882 -0
    outer loop
      vertex 37.8806 20.4299 0
      vertex 37.438 20.818 0.5
      vertex 37.8806 20.4299 0.5
    endloop
  endfacet
  facet normal 0.659298 0.751882 0
    outer loop
      vertex 37.438 20.818 0.5
      vertex 37.8806 20.4299 0
      vertex 37.438 20.818 0
    endloop
  endfacet
  facet normal 0.751882 -0.659298 0
    outer loop
      vertex 37.0499 26.7394 0.5
      vertex 37.438 27.182 0
      vertex 37.438 27.182 0.5
    endloop
  endfacet
  facet normal 0.751882 -0.659298 0
    outer loop
      vertex 37.438 27.182 0
      vertex 37.0499 26.7394 0.5
      vertex 37.0499 26.7394 0
    endloop
  endfacet
  facet normal -0.831475 0.555562 0
    outer loop
      vertex 44.1901 21.2606 0
      vertex 44.5171 21.75 0.5
      vertex 44.5171 21.75 0
    endloop
  endfacet
  facet normal -0.831475 0.555562 0
    outer loop
      vertex 44.5171 21.75 0.5
      vertex 44.1901 21.2606 0
      vertex 44.1901 21.2606 0.5
    endloop
  endfacet
  facet normal -0.0654027 0.997859 0
    outer loop
      vertex 41.2074 19.5385 0
      vertex 40.62 19.5 0.5
      vertex 41.2074 19.5385 0.5
    endloop
  endfacet
  facet normal -0.0654027 0.997859 0
    outer loop
      vertex 40.62 19.5 0.5
      vertex 41.2074 19.5385 0
      vertex 40.62 19.5 0
    endloop
  endfacet
  facet normal 0.751882 0.659298 0
    outer loop
      vertex 37.438 20.818 0.5
      vertex 37.0499 21.2606 0
      vertex 37.0499 21.2606 0.5
    endloop
  endfacet
  facet normal 0.751882 0.659298 0
    outer loop
      vertex 37.0499 21.2606 0
      vertex 37.438 20.818 0.5
      vertex 37.438 20.818 0
    endloop
  endfacet
  facet normal -0.896827 0.442382 0
    outer loop
      vertex 44.5171 21.75 0
      vertex 44.7775 22.2779 0.5
      vertex 44.7775 22.2779 0
    endloop
  endfacet
  facet normal -0.896827 0.442382 0
    outer loop
      vertex 44.7775 22.2779 0.5
      vertex 44.5171 21.75 0
      vertex 44.5171 21.75 0.5
    endloop
  endfacet
  facet normal 0.997859 0.0654027 0
    outer loop
      vertex 36.1585 23.4126 0.5
      vertex 36.12 24 0
      vertex 36.12 24 0.5
    endloop
  endfacet
  facet normal 0.997859 0.0654027 0
    outer loop
      vertex 36.12 24 0
      vertex 36.1585 23.4126 0.5
      vertex 36.1585 23.4126 0
    endloop
  endfacet
  facet normal -0.946936 -0.321421 0
    outer loop
      vertex 44.9667 25.1647 0
      vertex 44.7775 25.7221 0.5
      vertex 44.7775 25.7221 0
    endloop
  endfacet
  facet normal -0.946936 -0.321421 0
    outer loop
      vertex 44.7775 25.7221 0.5
      vertex 44.9667 25.1647 0
      vertex 44.9667 25.1647 0.5
    endloop
  endfacet
  facet normal 0.321421 -0.946936 0
    outer loop
      vertex 38.8979 28.1575 0
      vertex 39.4553 28.3467 0.5
      vertex 38.8979 28.1575 0.5
    endloop
  endfacet
  facet normal 0.321421 -0.946936 0
    outer loop
      vertex 39.4553 28.3467 0.5
      vertex 38.8979 28.1575 0
      vertex 39.4553 28.3467 0
    endloop
  endfacet
  facet normal -0.555562 -0.831475 0
    outer loop
      vertex 42.87 27.8971 0
      vertex 43.3594 27.5701 0.5
      vertex 42.87 27.8971 0.5
    endloop
  endfacet
  facet normal -0.555562 -0.831475 -0
    outer loop
      vertex 43.3594 27.5701 0.5
      vertex 42.87 27.8971 0
      vertex 43.3594 27.5701 0
    endloop
  endfacet
  facet normal -0.659298 -0.751882 0
    outer loop
      vertex 43.3594 27.5701 0
      vertex 43.802 27.182 0.5
      vertex 43.3594 27.5701 0.5
    endloop
  endfacet
  facet normal -0.659298 -0.751882 -0
    outer loop
      vertex 43.802 27.182 0.5
      vertex 43.3594 27.5701 0
      vertex 43.802 27.182 0
    endloop
  endfacet
  facet normal -0.831475 -0.555562 0
    outer loop
      vertex 44.5171 26.25 0
      vertex 44.1901 26.7394 0.5
      vertex 44.1901 26.7394 0
    endloop
  endfacet
  facet normal -0.831475 -0.555562 0
    outer loop
      vertex 44.1901 26.7394 0.5
      vertex 44.5171 26.25 0
      vertex 44.5171 26.25 0.5
    endloop
  endfacet
  facet normal 0.555562 0.831475 -0
    outer loop
      vertex 38.37 20.1029 0
      vertex 37.8806 20.4299 0.5
      vertex 38.37 20.1029 0.5
    endloop
  endfacet
  facet normal 0.555562 0.831475 0
    outer loop
      vertex 37.8806 20.4299 0.5
      vertex 38.37 20.1029 0
      vertex 37.8806 20.4299 0
    endloop
  endfacet
  facet normal 0.0654027 0.997859 -0
    outer loop
      vertex 40.62 19.5 0
      vertex 40.0326 19.5385 0.5
      vertex 40.62 19.5 0.5
    endloop
  endfacet
  facet normal 0.0654027 0.997859 0
    outer loop
      vertex 40.0326 19.5385 0.5
      vertex 40.62 19.5 0
      vertex 40.0326 19.5385 0
    endloop
  endfacet
  facet normal -0.659298 0.751882 0
    outer loop
      vertex 43.802 20.818 0
      vertex 43.3594 20.4299 0.5
      vertex 43.802 20.818 0.5
    endloop
  endfacet
  facet normal -0.659298 0.751882 0
    outer loop
      vertex 43.3594 20.4299 0.5
      vertex 43.802 20.818 0
      vertex 43.3594 20.4299 0
    endloop
  endfacet
  facet normal -0.896827 -0.442382 0
    outer loop
      vertex 44.7775 25.7221 0
      vertex 44.5171 26.25 0.5
      vertex 44.5171 26.25 0
    endloop
  endfacet
  facet normal -0.896827 -0.442382 0
    outer loop
      vertex 44.5171 26.25 0.5
      vertex 44.7775 25.7221 0
      vertex 44.7775 25.7221 0.5
    endloop
  endfacet
  facet normal -0.195038 0.980796 0
    outer loop
      vertex 41.7847 19.6533 0
      vertex 41.2074 19.5385 0.5
      vertex 41.7847 19.6533 0.5
    endloop
  endfacet
  facet normal -0.195038 0.980796 0
    outer loop
      vertex 41.2074 19.5385 0.5
      vertex 41.7847 19.6533 0
      vertex 41.2074 19.5385 0
    endloop
  endfacet
  facet normal -0.751882 0.659298 0
    outer loop
      vertex 43.802 20.818 0
      vertex 44.1901 21.2606 0.5
      vertex 44.1901 21.2606 0
    endloop
  endfacet
  facet normal -0.751882 0.659298 0
    outer loop
      vertex 44.1901 21.2606 0.5
      vertex 43.802 20.818 0
      vertex 43.802 20.818 0.5
    endloop
  endfacet
  facet normal 0.195038 0.980796 -0
    outer loop
      vertex 40.0326 19.5385 0
      vertex 39.4553 19.6533 0.5
      vertex 40.0326 19.5385 0.5
    endloop
  endfacet
  facet normal 0.195038 0.980796 0
    outer loop
      vertex 39.4553 19.6533 0.5
      vertex 40.0326 19.5385 0
      vertex 39.4553 19.6533 0
    endloop
  endfacet
  facet normal -0.751882 -0.659298 0
    outer loop
      vertex 44.1901 26.7394 0
      vertex 43.802 27.182 0.5
      vertex 43.802 27.182 0
    endloop
  endfacet
  facet normal -0.751882 -0.659298 0
    outer loop
      vertex 43.802 27.182 0.5
      vertex 44.1901 26.7394 0
      vertex 44.1901 26.7394 0.5
    endloop
  endfacet
  facet normal 0.555562 -0.831475 0
    outer loop
      vertex 37.8806 27.5701 0
      vertex 38.37 27.8971 0.5
      vertex 37.8806 27.5701 0.5
    endloop
  endfacet
  facet normal 0.555562 -0.831475 0
    outer loop
      vertex 38.37 27.8971 0.5
      vertex 37.8806 27.5701 0
      vertex 38.37 27.8971 0
    endloop
  endfacet
  facet normal 0 0 -1
    outer loop
      vertex 43.62 24 0.5
      vertex 45.12 24 0.5
      vertex 45.0815 23.4126 0.5
    endloop
  endfacet
  facet normal 0 0 -1
    outer loop
      vertex 43.5943 23.6084 0.5
      vertex 45.0815 23.4126 0.5
      vertex 44.9667 22.8353 0.5
    endloop
  endfacet
  facet normal 0 0 -1
    outer loop
      vertex 45.12 24 0.5
      vertex 43.62 24 0.5
      vertex 45.0815 24.5874 0.5
    endloop
  endfacet
  facet normal 0 0 -1
    outer loop
      vertex 43.5178 23.2235 0.5
      vertex 44.9667 22.8353 0.5
      vertex 44.7775 22.2779 0.5
    endloop
  endfacet
  facet normal 0 0 -1
    outer loop
      vertex 43.5943 24.3916 0.5
      vertex 45.0815 24.5874 0.5
      vertex 43.62 24 0.5
    endloop
  endfacet
  facet normal 0 0 -1
    outer loop
      vertex 43.3916 22.8519 0.5
      vertex 44.7775 22.2779 0.5
      vertex 44.5171 21.75 0.5
    endloop
  endfacet
  facet normal -0 0 -1
    outer loop
      vertex 45.0815 24.5874 0.5
      vertex 43.5943 24.3916 0.5
      vertex 44.9667 25.1647 0.5
    endloop
  endfacet
  facet normal 0 0 -1
    outer loop
      vertex 43.2181 22.5 0.5
      vertex 44.5171 21.75 0.5
      vertex 44.1901 21.2606 0.5
    endloop
  endfacet
  facet normal 0 0 -1
    outer loop
      vertex 43.5178 24.7765 0.5
      vertex 44.9667 25.1647 0.5
      vertex 43.5943 24.3916 0.5
    endloop
  endfacet
  facet normal 0 0 -1
    outer loop
      vertex 43.0001 22.1737 0.5
      vertex 44.1901 21.2606 0.5
      vertex 43.802 20.818 0.5
    endloop
  endfacet
  facet normal -0 0 -1
    outer loop
      vertex 44.9667 25.1647 0.5
      vertex 43.5178 24.7765 0.5
      vertex 44.7775 25.7221 0.5
    endloop
  endfacet
  facet normal 0 0 -1
    outer loop
      vertex 43.3916 25.148 0.5
      vertex 44.7775 25.7221 0.5
      vertex 43.5178 24.7765 0.5
    endloop
  endfacet
  facet normal 0 0 -1
    outer loop
      vertex 45.0815 23.4126 0.5
      vertex 43.5943 23.6084 0.5
      vertex 43.62 24 0.5
    endloop
  endfacet
  facet normal 0 0 -1
    outer loop
      vertex 44.9667 22.8353 0.5
      vertex 43.5178 23.2235 0.5
      vertex 43.5943 23.6084 0.5
    endloop
  endfacet
  facet normal 0 0 -1
    outer loop
      vertex 44.7775 22.2779 0.5
      vertex 43.3916 22.8519 0.5
      vertex 43.5178 23.2235 0.5
    endloop
  endfacet
  facet normal 0 0 -1
    outer loop
      vertex 42.7413 21.8787 0.5
      vertex 43.802 20.818 0.5
      vertex 43.3594 20.4299 0.5
    endloop
  endfacet
  facet normal 0 0 -1
    outer loop
      vertex 44.5171 21.75 0.5
      vertex 43.2181 22.5 0.5
      vertex 43.3916 22.8519 0.5
    endloop
  endfacet
  facet normal 0 0 -1
    outer loop
      vertex 44.1901 21.2606 0.5
      vertex 43.0001 22.1737 0.5
      vertex 43.2181 22.5 0.5
    endloop
  endfacet
  facet normal 0 0 -1
    outer loop
      vertex 42.4463 21.6199 0.5
      vertex 43.3594 20.4299 0.5
      vertex 42.87 20.1029 0.5
    endloop
  endfacet
  facet normal 0 0 -1
    outer loop
      vertex 43.802 20.818 0.5
      vertex 42.7413 21.8787 0.5
      vertex 43.0001 22.1737 0.5
    endloop
  endfacet
  facet normal 0 0 -1
    outer loop
      vertex 43.3594 20.4299 0.5
      vertex 42.4463 21.6199 0.5
      vertex 42.7413 21.8787 0.5
    endloop
  endfacet
  facet normal 0 0 -1
    outer loop
      vertex 42.12 21.4019 0.5
      vertex 42.87 20.1029 0.5
      vertex 42.3421 19.8425 0.5
    endloop
  endfacet
  facet normal 0 0 -1
    outer loop
      vertex 42.87 20.1029 0.5
      vertex 42.12 21.4019 0.5
      vertex 42.4463 21.6199 0.5
    endloop
  endfacet
  facet normal 0 0 -1
    outer loop
      vertex 41.7681 21.2284 0.5
      vertex 42.3421 19.8425 0.5
      vertex 41.7847 19.6533 0.5
    endloop
  endfacet
  facet normal 0 0 -1
    outer loop
      vertex 42.3421 19.8425 0.5
      vertex 41.7681 21.2284 0.5
      vertex 42.12 21.4019 0.5
    endloop
  endfacet
  facet normal 0 0 -1
    outer loop
      vertex 41.7847 19.6533 0.5
      vertex 41.3965 21.1022 0.5
      vertex 41.7681 21.2284 0.5
    endloop
  endfacet
  facet normal 0 0 -1
    outer loop
      vertex 41.2074 19.5385 0.5
      vertex 41.3965 21.1022 0.5
      vertex 41.7847 19.6533 0.5
    endloop
  endfacet
  facet normal 0 0 -1
    outer loop
      vertex 41.2074 19.5385 0.5
      vertex 41.0116 21.0257 0.5
      vertex 41.3965 21.1022 0.5
    endloop
  endfacet
  facet normal 0 0 -1
    outer loop
      vertex 40.62 19.5 0.5
      vertex 41.0116 21.0257 0.5
      vertex 41.2074 19.5385 0.5
    endloop
  endfacet
  facet normal 0 0 -1
    outer loop
      vertex 40.62 19.5 0.5
      vertex 40.62 21 0.5
      vertex 41.0116 21.0257 0.5
    endloop
  endfacet
  facet normal 0 0 -1
    outer loop
      vertex 40.62 19.5 0.5
      vertex 40.2284 21.0257 0.5
      vertex 40.62 21 0.5
    endloop
  endfacet
  facet normal 0 0 -1
    outer loop
      vertex 40.0326 19.5385 0.5
      vertex 40.2284 21.0257 0.5
      vertex 40.62 19.5 0.5
    endloop
  endfacet
  facet normal 0 0 -1
    outer loop
      vertex 40.0326 19.5385 0.5
      vertex 39.8435 21.1022 0.5
      vertex 40.2284 21.0257 0.5
    endloop
  endfacet
  facet normal 0 0 -1
    outer loop
      vertex 39.4553 19.6533 0.5
      vertex 39.8435 21.1022 0.5
      vertex 40.0326 19.5385 0.5
    endloop
  endfacet
  facet normal -0 0 -1
    outer loop
      vertex 39.8435 21.1022 0.5
      vertex 39.4553 19.6533 0.5
      vertex 39.472 21.2284 0.5
    endloop
  endfacet
  facet normal 0 0 -1
    outer loop
      vertex 38.8979 19.8425 0.5
      vertex 39.472 21.2284 0.5
      vertex 39.4553 19.6533 0.5
    endloop
  endfacet
  facet normal -0 0 -1
    outer loop
      vertex 39.472 21.2284 0.5
      vertex 38.8979 19.8425 0.5
      vertex 39.12 21.4019 0.5
    endloop
  endfacet
  facet normal 0 0 -1
    outer loop
      vertex 38.37 20.1029 0.5
      vertex 39.12 21.4019 0.5
      vertex 38.8979 19.8425 0.5
    endloop
  endfacet
  facet normal -0 0 -1
    outer loop
      vertex 39.12 21.4019 0.5
      vertex 38.37 20.1029 0.5
      vertex 38.7937 21.6199 0.5
    endloop
  endfacet
  facet normal 0 0 -1
    outer loop
      vertex 37.8806 20.4299 0.5
      vertex 38.7937 21.6199 0.5
      vertex 38.37 20.1029 0.5
    endloop
  endfacet
  facet normal -0 0 -1
    outer loop
      vertex 38.7937 21.6199 0.5
      vertex 37.8806 20.4299 0.5
      vertex 38.4987 21.8787 0.5
    endloop
  endfacet
  facet normal 0 0 -1
    outer loop
      vertex 37.438 20.818 0.5
      vertex 38.4987 21.8787 0.5
      vertex 37.8806 20.4299 0.5
    endloop
  endfacet
  facet normal -0 0 -1
    outer loop
      vertex 38.4987 21.8787 0.5
      vertex 37.438 20.818 0.5
      vertex 38.2399 22.1737 0.5
    endloop
  endfacet
  facet normal 0 0 -1
    outer loop
      vertex 37.0499 21.2606 0.5
      vertex 38.2399 22.1737 0.5
      vertex 37.438 20.818 0.5
    endloop
  endfacet
  facet normal -0 0 -1
    outer loop
      vertex 38.2399 22.1737 0.5
      vertex 37.0499 21.2606 0.5
      vertex 38.0219 22.5 0.5
    endloop
  endfacet
  facet normal 0 0 -1
    outer loop
      vertex 36.7229 21.75 0.5
      vertex 38.0219 22.5 0.5
      vertex 37.0499 21.2606 0.5
    endloop
  endfacet
  facet normal 0 0 -1
    outer loop
      vertex 36.4625 22.2779 0.5
      vertex 37.8484 22.8519 0.5
      vertex 36.7229 21.75 0.5
    endloop
  endfacet
  facet normal -0 0 -1
    outer loop
      vertex 38.0219 22.5 0.5
      vertex 36.7229 21.75 0.5
      vertex 37.8484 22.8519 0.5
    endloop
  endfacet
  facet normal -0 0 -1
    outer loop
      vertex 44.7775 25.7221 0.5
      vertex 43.3916 25.148 0.5
      vertex 44.5171 26.25 0.5
    endloop
  endfacet
  facet normal 0 0 -1
    outer loop
      vertex 43.2181 25.5 0.5
      vertex 44.5171 26.25 0.5
      vertex 43.3916 25.148 0.5
    endloop
  endfacet
  facet normal -0 0 -1
    outer loop
      vertex 44.5171 26.25 0.5
      vertex 43.2181 25.5 0.5
      vertex 44.1901 26.7394 0.5
    endloop
  endfacet
  facet normal 0 0 -1
    outer loop
      vertex 43.0001 25.8263 0.5
      vertex 44.1901 26.7394 0.5
      vertex 43.2181 25.5 0.5
    endloop
  endfacet
  facet normal -0 0 -1
    outer loop
      vertex 44.1901 26.7394 0.5
      vertex 43.0001 25.8263 0.5
      vertex 43.802 27.182 0.5
    endloop
  endfacet
  facet normal 0 0 -1
    outer loop
      vertex 42.7413 26.1213 0.5
      vertex 43.802 27.182 0.5
      vertex 43.0001 25.8263 0.5
    endloop
  endfacet
  facet normal -0 0 -1
    outer loop
      vertex 43.802 27.182 0.5
      vertex 42.7413 26.1213 0.5
      vertex 43.3594 27.5701 0.5
    endloop
  endfacet
  facet normal 0 0 -1
    outer loop
      vertex 42.4463 26.3801 0.5
      vertex 43.3594 27.5701 0.5
      vertex 42.7413 26.1213 0.5
    endloop
  endfacet
  facet normal -0 0 -1
    outer loop
      vertex 43.3594 27.5701 0.5
      vertex 42.4463 26.3801 0.5
      vertex 42.87 27.8971 0.5
    endloop
  endfacet
  facet normal 0 0 -1
    outer loop
      vertex 42.12 26.5981 0.5
      vertex 42.87 27.8971 0.5
      vertex 42.4463 26.3801 0.5
    endloop
  endfacet
  facet normal -0 0 -1
    outer loop
      vertex 42.87 27.8971 0.5
      vertex 42.12 26.5981 0.5
      vertex 42.3421 28.1575 0.5
    endloop
  endfacet
  facet normal 0 0 -1
    outer loop
      vertex 41.7681 26.7716 0.5
      vertex 42.3421 28.1575 0.5
      vertex 42.12 26.5981 0.5
    endloop
  endfacet
  facet normal -0 0 -1
    outer loop
      vertex 42.3421 28.1575 0.5
      vertex 41.7681 26.7716 0.5
      vertex 41.7847 28.3467 0.5
    endloop
  endfacet
  facet normal 0 0 -1
    outer loop
      vertex 41.3965 26.8978 0.5
      vertex 41.7847 28.3467 0.5
      vertex 41.7681 26.7716 0.5
    endloop
  endfacet
  facet normal 0 0 -1
    outer loop
      vertex 41.3965 26.8978 0.5
      vertex 41.2074 28.4615 0.5
      vertex 41.7847 28.3467 0.5
    endloop
  endfacet
  facet normal 0 0 -1
    outer loop
      vertex 41.0116 26.9743 0.5
      vertex 41.2074 28.4615 0.5
      vertex 41.3965 26.8978 0.5
    endloop
  endfacet
  facet normal 0 0 -1
    outer loop
      vertex 40.62 27 0.5
      vertex 41.2074 28.4615 0.5
      vertex 41.0116 26.9743 0.5
    endloop
  endfacet
  facet normal 0 0 -1
    outer loop
      vertex 40.62 27 0.5
      vertex 40.62 28.5 0.5
      vertex 41.2074 28.4615 0.5
    endloop
  endfacet
  facet normal 0 0 -1
    outer loop
      vertex 40.2284 26.9743 0.5
      vertex 40.62 28.5 0.5
      vertex 40.62 27 0.5
    endloop
  endfacet
  facet normal 0 0 -1
    outer loop
      vertex 40.2284 26.9743 0.5
      vertex 40.0326 28.4615 0.5
      vertex 40.62 28.5 0.5
    endloop
  endfacet
  facet normal 0 0 -1
    outer loop
      vertex 39.8435 26.8978 0.5
      vertex 40.0326 28.4615 0.5
      vertex 40.2284 26.9743 0.5
    endloop
  endfacet
  facet normal 0 0 -1
    outer loop
      vertex 39.4553 28.3467 0.5
      vertex 39.8435 26.8978 0.5
      vertex 39.472 26.7716 0.5
    endloop
  endfacet
  facet normal 0 0 -1
    outer loop
      vertex 39.8435 26.8978 0.5
      vertex 39.4553 28.3467 0.5
      vertex 40.0326 28.4615 0.5
    endloop
  endfacet
  facet normal 0 0 -1
    outer loop
      vertex 38.8979 28.1575 0.5
      vertex 39.472 26.7716 0.5
      vertex 39.12 26.5981 0.5
    endloop
  endfacet
  facet normal 0 0 -1
    outer loop
      vertex 39.472 26.7716 0.5
      vertex 38.8979 28.1575 0.5
      vertex 39.4553 28.3467 0.5
    endloop
  endfacet
  facet normal 0 0 -1
    outer loop
      vertex 38.37 27.8971 0.5
      vertex 39.12 26.5981 0.5
      vertex 38.7937 26.3801 0.5
    endloop
  endfacet
  facet normal 0 0 -1
    outer loop
      vertex 37.8806 27.5701 0.5
      vertex 38.7937 26.3801 0.5
      vertex 38.4987 26.1213 0.5
    endloop
  endfacet
  facet normal 0 0 -1
    outer loop
      vertex 39.12 26.5981 0.5
      vertex 38.37 27.8971 0.5
      vertex 38.8979 28.1575 0.5
    endloop
  endfacet
  facet normal 0 0 -1
    outer loop
      vertex 37.438 27.182 0.5
      vertex 38.4987 26.1213 0.5
      vertex 38.2399 25.8263 0.5
    endloop
  endfacet
  facet normal 0 0 -1
    outer loop
      vertex 37.0499 26.7394 0.5
      vertex 38.2399 25.8263 0.5
      vertex 38.0219 25.5 0.5
    endloop
  endfacet
  facet normal 0 0 -1
    outer loop
      vertex 38.7937 26.3801 0.5
      vertex 37.8806 27.5701 0.5
      vertex 38.37 27.8971 0.5
    endloop
  endfacet
  facet normal 0 0 -1
    outer loop
      vertex 36.7229 26.25 0.5
      vertex 38.0219 25.5 0.5
      vertex 37.8484 25.148 0.5
    endloop
  endfacet
  facet normal 0 0 -1
    outer loop
      vertex 36.4625 25.7221 0.5
      vertex 37.8484 25.148 0.5
      vertex 37.7222 24.7765 0.5
    endloop
  endfacet
  facet normal 0 0 -1
    outer loop
      vertex 36.2733 25.1647 0.5
      vertex 37.7222 24.7765 0.5
      vertex 37.6457 24.3916 0.5
    endloop
  endfacet
  facet normal 0 0 -1
    outer loop
      vertex 38.4987 26.1213 0.5
      vertex 37.438 27.182 0.5
      vertex 37.8806 27.5701 0.5
    endloop
  endfacet
  facet normal 0 0 -1
    outer loop
      vertex 36.1585 24.5874 0.5
      vertex 37.6457 24.3916 0.5
      vertex 37.62 24 0.5
    endloop
  endfacet
  facet normal -0 0 -1
    outer loop
      vertex 37.8484 22.8519 0.5
      vertex 36.4625 22.2779 0.5
      vertex 37.7222 23.2235 0.5
    endloop
  endfacet
  facet normal 0 0 -1
    outer loop
      vertex 36.2733 22.8353 0.5
      vertex 37.7222 23.2235 0.5
      vertex 36.4625 22.2779 0.5
    endloop
  endfacet
  facet normal 0 0 -1
    outer loop
      vertex 38.2399 25.8263 0.5
      vertex 37.0499 26.7394 0.5
      vertex 37.438 27.182 0.5
    endloop
  endfacet
  facet normal -0 0 -1
    outer loop
      vertex 37.7222 23.2235 0.5
      vertex 36.2733 22.8353 0.5
      vertex 37.6457 23.6084 0.5
    endloop
  endfacet
  facet normal 0 0 -1
    outer loop
      vertex 38.0219 25.5 0.5
      vertex 36.7229 26.25 0.5
      vertex 37.0499 26.7394 0.5
    endloop
  endfacet
  facet normal 0 0 -1
    outer loop
      vertex 36.1585 23.4126 0.5
      vertex 37.6457 23.6084 0.5
      vertex 36.2733 22.8353 0.5
    endloop
  endfacet
  facet normal 0 0 -1
    outer loop
      vertex 37.8484 25.148 0.5
      vertex 36.4625 25.7221 0.5
      vertex 36.7229 26.25 0.5
    endloop
  endfacet
  facet normal -0 0 -1
    outer loop
      vertex 37.6457 23.6084 0.5
      vertex 36.1585 23.4126 0.5
      vertex 37.62 24 0.5
    endloop
  endfacet
  facet normal 0 0 -1
    outer loop
      vertex 37.7222 24.7765 0.5
      vertex 36.2733 25.1647 0.5
      vertex 36.4625 25.7221 0.5
    endloop
  endfacet
  facet normal 0 0 -1
    outer loop
      vertex 36.12 24 0.5
      vertex 37.62 24 0.5
      vertex 36.1585 23.4126 0.5
    endloop
  endfacet
  facet normal 0 0 -1
    outer loop
      vertex 37.6457 24.3916 0.5
      vertex 36.1585 24.5874 0.5
      vertex 36.2733 25.1647 0.5
    endloop
  endfacet
  facet normal 0 0 -1
    outer loop
      vertex 37.62 24 0.5
      vertex 36.12 24 0.5
      vertex 36.1585 24.5874 0.5
    endloop
  endfacet
  facet normal 0.195038 -0.980796 0
    outer loop
      vertex 39.4553 28.3467 0
      vertex 40.0326 28.4615 0.5
      vertex 39.4553 28.3467 0.5
    endloop
  endfacet
  facet normal 0.195038 -0.980796 0
    outer loop
      vertex 40.0326 28.4615 0.5
      vertex 39.4553 28.3467 0
      vertex 40.0326 28.4615 0
    endloop
  endfacet
  facet normal 0.831475 -0.555562 0
    outer loop
      vertex 36.7229 26.25 0.5
      vertex 37.0499 26.7394 0
      vertex 37.0499 26.7394 0.5
    endloop
  endfacet
  facet normal 0.831475 -0.555562 0
    outer loop
      vertex 37.0499 26.7394 0
      vertex 36.7229 26.25 0.5
      vertex 36.7229 26.25 0
    endloop
  endfacet
  facet normal 0.442382 0.896827 -0
    outer loop
      vertex 38.8979 19.8425 0
      vertex 38.37 20.1029 0.5
      vertex 38.8979 19.8425 0.5
    endloop
  endfacet
  facet normal 0.442382 0.896827 0
    outer loop
      vertex 38.37 20.1029 0.5
      vertex 38.8979 19.8425 0
      vertex 38.37 20.1029 0
    endloop
  endfacet
  facet normal -0.946936 0.321421 0
    outer loop
      vertex 44.7775 22.2779 0
      vertex 44.9667 22.8353 0.5
      vertex 44.9667 22.8353 0
    endloop
  endfacet
  facet normal -0.946936 0.321421 0
    outer loop
      vertex 44.9667 22.8353 0.5
      vertex 44.7775 22.2779 0
      vertex 44.7775 22.2779 0.5
    endloop
  endfacet
  facet normal -0.0654027 -0.997859 0
    outer loop
      vertex 40.62 28.5 0
      vertex 41.2074 28.4615 0.5
      vertex 40.62 28.5 0.5
    endloop
  endfacet
  facet normal -0.0654027 -0.997859 -0
    outer loop
      vertex 41.2074 28.4615 0.5
      vertex 40.62 28.5 0
      vertex 41.2074 28.4615 0
    endloop
  endfacet
  facet normal 0.659298 -0.751882 0
    outer loop
      vertex 37.438 27.182 0
      vertex 37.8806 27.5701 0.5
      vertex 37.438 27.182 0.5
    endloop
  endfacet
  facet normal 0.659298 -0.751882 0
    outer loop
      vertex 37.8806 27.5701 0.5
      vertex 37.438 27.182 0
      vertex 37.8806 27.5701 0
    endloop
  endfacet
  facet normal -0.195038 -0.980796 0
    outer loop
      vertex 41.2074 28.4615 0
      vertex 41.7847 28.3467 0.5
      vertex 41.2074 28.4615 0.5
    endloop
  endfacet
  facet normal -0.195038 -0.980796 -0
    outer loop
      vertex 41.7847 28.3467 0.5
      vertex 41.2074 28.4615 0
      vertex 41.7847 28.3467 0
    endloop
  endfacet
  facet normal 0.831475 0.555562 0
    outer loop
      vertex 37.0499 21.2606 0.5
      vertex 36.7229 21.75 0
      vertex 36.7229 21.75 0.5
    endloop
  endfacet
  facet normal 0.831475 0.555562 0
    outer loop
      vertex 36.7229 21.75 0
      vertex 37.0499 21.2606 0.5
      vertex 37.0499 21.2606 0
    endloop
  endfacet
  facet normal 0.946936 -0.321421 0
    outer loop
      vertex 36.2733 25.1647 0.5
      vertex 36.4625 25.7221 0
      vertex 36.4625 25.7221 0.5
    endloop
  endfacet
  facet normal 0.946936 -0.321421 0
    outer loop
      vertex 36.4625 25.7221 0
      vertex 36.2733 25.1647 0.5
      vertex 36.2733 25.1647 0
    endloop
  endfacet
  facet normal 0.321382 0.94695 -0
    outer loop
      vertex 28.1024 38.5681 0
      vertex 27.8546 38.6522 2
      vertex 28.1024 38.5681 2
    endloop
  endfacet
  facet normal 0.321382 0.94695 0
    outer loop
      vertex 27.8546 38.6522 2
      vertex 28.1024 38.5681 0
      vertex 27.8546 38.6522 0
    endloop
  endfacet
  facet normal -0.195013 0.980801 0
    outer loop
      vertex 29.1376 38.5681 0
      vertex 28.8811 38.5171 2
      vertex 29.1376 38.5681 2
    endloop
  endfacet
  facet normal -0.195013 0.980801 0
    outer loop
      vertex 28.8811 38.5171 2
      vertex 29.1376 38.5681 0
      vertex 28.8811 38.5171 0
    endloop
  endfacet
  facet normal -0.980801 -0.195013 0
    outer loop
      vertex 30.6029 40.7611 0
      vertex 30.5519 41.0176 2
      vertex 30.5519 41.0176 0
    endloop
  endfacet
  facet normal -0.980801 -0.195013 0
    outer loop
      vertex 30.5519 41.0176 2
      vertex 30.6029 40.7611 0
      vertex 30.6029 40.7611 2
    endloop
  endfacet
  facet normal -0.997862 -0.0653521 0
    outer loop
      vertex 30.62 40.5 0
      vertex 30.6029 40.7611 2
      vertex 30.6029 40.7611 0
    endloop
  endfacet
  facet normal -0.997862 -0.0653521 0
    outer loop
      vertex 30.6029 40.7611 2
      vertex 30.62 40.5 0
      vertex 30.62 40.5 2
    endloop
  endfacet
  facet normal 0.195013 0.980801 -0
    outer loop
      vertex 28.3589 38.5171 0
      vertex 28.1024 38.5681 2
      vertex 28.3589 38.5171 2
    endloop
  endfacet
  facet normal 0.195013 0.980801 0
    outer loop
      vertex 28.1024 38.5681 2
      vertex 28.3589 38.5171 0
      vertex 28.1024 38.5681 0
    endloop
  endfacet
  facet normal 0.659343 0.751842 -0
    outer loop
      vertex 27.4025 38.9133 0
      vertex 27.2058 39.0858 2
      vertex 27.4025 38.9133 2
    endloop
  endfacet
  facet normal 0.659343 0.751842 0
    outer loop
      vertex 27.2058 39.0858 2
      vertex 27.4025 38.9133 0
      vertex 27.2058 39.0858 0
    endloop
  endfacet
  facet normal 0.321382 -0.94695 0
    outer loop
      vertex 27.8546 42.3478 0
      vertex 28.1024 42.4319 2
      vertex 27.8546 42.3478 2
    endloop
  endfacet
  facet normal 0.321382 -0.94695 0
    outer loop
      vertex 28.1024 42.4319 2
      vertex 27.8546 42.3478 0
      vertex 28.1024 42.4319 0
    endloop
  endfacet
  facet normal -0.195013 -0.980801 0
    outer loop
      vertex 28.8811 42.4829 0
      vertex 29.1376 42.4319 2
      vertex 28.8811 42.4829 2
    endloop
  endfacet
  facet normal -0.195013 -0.980801 -0
    outer loop
      vertex 29.1376 42.4319 2
      vertex 28.8811 42.4829 0
      vertex 29.1376 42.4319 0
    endloop
  endfacet
  facet normal -0.659343 -0.751842 0
    outer loop
      vertex 29.8375 42.0867 0
      vertex 30.0342 41.9142 2
      vertex 29.8375 42.0867 2
    endloop
  endfacet
  facet normal -0.659343 -0.751842 -0
    outer loop
      vertex 30.0342 41.9142 2
      vertex 29.8375 42.0867 0
      vertex 30.0342 41.9142 0
    endloop
  endfacet
  facet normal 0.555494 -0.831521 0
    outer loop
      vertex 27.4025 42.0867 0
      vertex 27.62 42.232 2
      vertex 27.4025 42.0867 2
    endloop
  endfacet
  facet normal 0.555494 -0.831521 0
    outer loop
      vertex 27.62 42.232 2
      vertex 27.4025 42.0867 0
      vertex 27.62 42.232 0
    endloop
  endfacet
  facet normal 0.659343 -0.751842 0
    outer loop
      vertex 27.2058 41.9142 0
      vertex 27.4025 42.0867 2
      vertex 27.2058 41.9142 2
    endloop
  endfacet
  facet normal 0.659343 -0.751842 0
    outer loop
      vertex 27.4025 42.0867 2
      vertex 27.2058 41.9142 0
      vertex 27.4025 42.0867 0
    endloop
  endfacet
  facet normal -0.980801 0.195013 0
    outer loop
      vertex 30.5519 39.9824 0
      vertex 30.6029 40.2389 2
      vertex 30.6029 40.2389 0
    endloop
  endfacet
  facet normal -0.980801 0.195013 0
    outer loop
      vertex 30.6029 40.2389 2
      vertex 30.5519 39.9824 0
      vertex 30.5519 39.9824 2
    endloop
  endfacet
  facet normal -0.659343 0.751842 0
    outer loop
      vertex 30.0342 39.0858 0
      vertex 29.8375 38.9133 2
      vertex 30.0342 39.0858 2
    endloop
  endfacet
  facet normal -0.659343 0.751842 0
    outer loop
      vertex 29.8375 38.9133 2
      vertex 30.0342 39.0858 0
      vertex 29.8375 38.9133 0
    endloop
  endfacet
  facet normal 0.980801 -0.195013 0
    outer loop
      vertex 26.6371 40.7611 2
      vertex 26.6881 41.0176 0
      vertex 26.6881 41.0176 2
    endloop
  endfacet
  facet normal 0.980801 -0.195013 0
    outer loop
      vertex 26.6881 41.0176 0
      vertex 26.6371 40.7611 2
      vertex 26.6371 40.7611 0
    endloop
  endfacet
  facet normal 0.89686 -0.442314 0
    outer loop
      vertex 26.7722 41.2654 2
      vertex 26.8879 41.5 0
      vertex 26.8879 41.5 2
    endloop
  endfacet
  facet normal 0.89686 -0.442314 0
    outer loop
      vertex 26.8879 41.5 0
      vertex 26.7722 41.2654 2
      vertex 26.7722 41.2654 0
    endloop
  endfacet
  facet normal 0.442621 -0.896709 0
    outer loop
      vertex 27.62 42.232 0
      vertex 27.8546 42.3478 2
      vertex 27.62 42.232 2
    endloop
  endfacet
  facet normal 0.442621 -0.896709 0
    outer loop
      vertex 27.8546 42.3478 2
      vertex 27.62 42.232 0
      vertex 27.8546 42.3478 0
    endloop
  endfacet
  facet normal 0.195013 -0.980801 0
    outer loop
      vertex 28.1024 42.4319 0
      vertex 28.3589 42.4829 2
      vertex 28.1024 42.4319 2
    endloop
  endfacet
  facet normal 0.195013 -0.980801 0
    outer loop
      vertex 28.3589 42.4829 2
      vertex 28.1024 42.4319 0
      vertex 28.3589 42.4829 0
    endloop
  endfacet
  facet normal 0.89686 0.442314 0
    outer loop
      vertex 26.8879 39.5 2
      vertex 26.7722 39.7346 0
      vertex 26.7722 39.7346 2
    endloop
  endfacet
  facet normal 0.89686 0.442314 0
    outer loop
      vertex 26.7722 39.7346 0
      vertex 26.8879 39.5 2
      vertex 26.8879 39.5 0
    endloop
  endfacet
  facet normal 0.980801 0.195013 0
    outer loop
      vertex 26.6881 39.9824 2
      vertex 26.6371 40.2389 0
      vertex 26.6371 40.2389 2
    endloop
  endfacet
  facet normal 0.980801 0.195013 0
    outer loop
      vertex 26.6371 40.2389 0
      vertex 26.6881 39.9824 2
      vertex 26.6881 39.9824 0
    endloop
  endfacet
  facet normal -0.831344 0.555758 0
    outer loop
      vertex 30.2067 39.2825 0
      vertex 30.3521 39.5 2
      vertex 30.3521 39.5 0
    endloop
  endfacet
  facet normal -0.831344 0.555758 0
    outer loop
      vertex 30.3521 39.5 2
      vertex 30.2067 39.2825 0
      vertex 30.2067 39.2825 2
    endloop
  endfacet
  facet normal 0.94695 0.321382 0
    outer loop
      vertex 26.7722 39.7346 2
      vertex 26.6881 39.9824 0
      vertex 26.6881 39.9824 2
    endloop
  endfacet
  facet normal 0.94695 0.321382 0
    outer loop
      vertex 26.6881 39.9824 0
      vertex 26.7722 39.7346 2
      vertex 26.7722 39.7346 0
    endloop
  endfacet
  facet normal -0.0653521 -0.997862 0
    outer loop
      vertex 28.62 42.5 0
      vertex 28.8811 42.4829 2
      vertex 28.62 42.5 2
    endloop
  endfacet
  facet normal -0.0653521 -0.997862 -0
    outer loop
      vertex 28.8811 42.4829 2
      vertex 28.62 42.5 0
      vertex 28.8811 42.4829 0
    endloop
  endfacet
  facet normal 0.0653521 -0.997862 0
    outer loop
      vertex 28.3589 42.4829 0
      vertex 28.62 42.5 2
      vertex 28.3589 42.4829 2
    endloop
  endfacet
  facet normal 0.0653521 -0.997862 0
    outer loop
      vertex 28.62 42.5 2
      vertex 28.3589 42.4829 0
      vertex 28.62 42.5 0
    endloop
  endfacet
  facet normal -0.442621 -0.896709 0
    outer loop
      vertex 29.3854 42.3478 0
      vertex 29.62 42.232 2
      vertex 29.3854 42.3478 2
    endloop
  endfacet
  facet normal -0.442621 -0.896709 -0
    outer loop
      vertex 29.62 42.232 2
      vertex 29.3854 42.3478 0
      vertex 29.62 42.232 0
    endloop
  endfacet
  facet normal -0.831344 -0.555758 0
    outer loop
      vertex 30.3521 41.5 0
      vertex 30.2067 41.7175 2
      vertex 30.2067 41.7175 0
    endloop
  endfacet
  facet normal -0.831344 -0.555758 0
    outer loop
      vertex 30.2067 41.7175 2
      vertex 30.3521 41.5 0
      vertex 30.3521 41.5 2
    endloop
  endfacet
  facet normal -0.555494 -0.831521 0
    outer loop
      vertex 29.62 42.232 0
      vertex 29.8375 42.0867 2
      vertex 29.62 42.232 2
    endloop
  endfacet
  facet normal -0.555494 -0.831521 -0
    outer loop
      vertex 29.8375 42.0867 2
      vertex 29.62 42.232 0
      vertex 29.8375 42.0867 0
    endloop
  endfacet
  facet normal 0.997862 -0.0653521 0
    outer loop
      vertex 26.62 40.5 2
      vertex 26.6371 40.7611 0
      vertex 26.6371 40.7611 2
    endloop
  endfacet
  facet normal 0.997862 -0.0653521 0
    outer loop
      vertex 26.6371 40.7611 0
      vertex 26.62 40.5 2
      vertex 26.62 40.5 0
    endloop
  endfacet
  facet normal 0.751842 -0.659343 0
    outer loop
      vertex 27.0333 41.7175 2
      vertex 27.2058 41.9142 0
      vertex 27.2058 41.9142 2
    endloop
  endfacet
  facet normal 0.751842 -0.659343 0
    outer loop
      vertex 27.2058 41.9142 0
      vertex 27.0333 41.7175 2
      vertex 27.0333 41.7175 0
    endloop
  endfacet
  facet normal -0.321382 -0.94695 0
    outer loop
      vertex 29.1376 42.4319 0
      vertex 29.3854 42.3478 2
      vertex 29.1376 42.4319 2
    endloop
  endfacet
  facet normal -0.321382 -0.94695 -0
    outer loop
      vertex 29.3854 42.3478 2
      vertex 29.1376 42.4319 0
      vertex 29.3854 42.3478 0
    endloop
  endfacet
  facet normal -0.997862 0.0653521 0
    outer loop
      vertex 30.6029 40.2389 0
      vertex 30.62 40.5 2
      vertex 30.62 40.5 0
    endloop
  endfacet
  facet normal -0.997862 0.0653521 0
    outer loop
      vertex 30.62 40.5 2
      vertex 30.6029 40.2389 0
      vertex 30.6029 40.2389 2
    endloop
  endfacet
  facet normal -0.89686 -0.442314 0
    outer loop
      vertex 30.4678 41.2654 0
      vertex 30.3521 41.5 2
      vertex 30.3521 41.5 0
    endloop
  endfacet
  facet normal -0.89686 -0.442314 0
    outer loop
      vertex 30.3521 41.5 2
      vertex 30.4678 41.2654 0
      vertex 30.4678 41.2654 2
    endloop
  endfacet
  facet normal 0.831344 0.555758 0
    outer loop
      vertex 27.0333 39.2825 2
      vertex 26.8879 39.5 0
      vertex 26.8879 39.5 2
    endloop
  endfacet
  facet normal 0.831344 0.555758 0
    outer loop
      vertex 26.8879 39.5 0
      vertex 27.0333 39.2825 2
      vertex 27.0333 39.2825 0
    endloop
  endfacet
  facet normal -0.0653521 0.997862 0
    outer loop
      vertex 28.8811 38.5171 0
      vertex 28.62 38.5 2
      vertex 28.8811 38.5171 2
    endloop
  endfacet
  facet normal -0.0653521 0.997862 0
    outer loop
      vertex 28.62 38.5 2
      vertex 28.8811 38.5171 0
      vertex 28.62 38.5 0
    endloop
  endfacet
  facet normal -0.751842 0.659343 0
    outer loop
      vertex 30.0342 39.0858 0
      vertex 30.2067 39.2825 2
      vertex 30.2067 39.2825 0
    endloop
  endfacet
  facet normal -0.751842 0.659343 0
    outer loop
      vertex 30.2067 39.2825 2
      vertex 30.0342 39.0858 0
      vertex 30.0342 39.0858 2
    endloop
  endfacet
  facet normal -0.89686 0.442314 0
    outer loop
      vertex 30.3521 39.5 0
      vertex 30.4678 39.7346 2
      vertex 30.4678 39.7346 0
    endloop
  endfacet
  facet normal -0.89686 0.442314 0
    outer loop
      vertex 30.4678 39.7346 2
      vertex 30.3521 39.5 0
      vertex 30.3521 39.5 2
    endloop
  endfacet
  facet normal -0.555758 0.831344 0
    outer loop
      vertex 29.8375 38.9133 0
      vertex 29.62 38.7679 2
      vertex 29.8375 38.9133 2
    endloop
  endfacet
  facet normal -0.555758 0.831344 0
    outer loop
      vertex 29.62 38.7679 2
      vertex 29.8375 38.9133 0
      vertex 29.62 38.7679 0
    endloop
  endfacet
  facet normal 0.555758 0.831344 -0
    outer loop
      vertex 27.62 38.7679 0
      vertex 27.4025 38.9133 2
      vertex 27.62 38.7679 2
    endloop
  endfacet
  facet normal 0.555758 0.831344 0
    outer loop
      vertex 27.4025 38.9133 2
      vertex 27.62 38.7679 0
      vertex 27.4025 38.9133 0
    endloop
  endfacet
  facet normal 0.751842 0.659343 0
    outer loop
      vertex 27.2058 39.0858 2
      vertex 27.0333 39.2825 0
      vertex 27.0333 39.2825 2
    endloop
  endfacet
  facet normal 0.751842 0.659343 0
    outer loop
      vertex 27.0333 39.2825 0
      vertex 27.2058 39.0858 2
      vertex 27.2058 39.0858 0
    endloop
  endfacet
  facet normal 0.0653521 0.997862 -0
    outer loop
      vertex 28.62 38.5 0
      vertex 28.3589 38.5171 2
      vertex 28.62 38.5 2
    endloop
  endfacet
  facet normal 0.0653521 0.997862 0
    outer loop
      vertex 28.3589 38.5171 2
      vertex 28.62 38.5 0
      vertex 28.3589 38.5171 0
    endloop
  endfacet
  facet normal -0.751842 -0.659343 0
    outer loop
      vertex 30.2067 41.7175 0
      vertex 30.0342 41.9142 2
      vertex 30.0342 41.9142 0
    endloop
  endfacet
  facet normal -0.751842 -0.659343 0
    outer loop
      vertex 30.0342 41.9142 2
      vertex 30.2067 41.7175 0
      vertex 30.2067 41.7175 2
    endloop
  endfacet
  facet normal -0.94695 -0.321382 0
    outer loop
      vertex 30.5519 41.0176 0
      vertex 30.4678 41.2654 2
      vertex 30.4678 41.2654 0
    endloop
  endfacet
  facet normal -0.94695 -0.321382 0
    outer loop
      vertex 30.4678 41.2654 2
      vertex 30.5519 41.0176 0
      vertex 30.5519 41.0176 2
    endloop
  endfacet
  facet normal -0.442314 0.89686 0
    outer loop
      vertex 29.62 38.7679 0
      vertex 29.3854 38.6522 2
      vertex 29.62 38.7679 2
    endloop
  endfacet
  facet normal -0.442314 0.89686 0
    outer loop
      vertex 29.3854 38.6522 2
      vertex 29.62 38.7679 0
      vertex 29.3854 38.6522 0
    endloop
  endfacet
  facet normal -0.94695 0.321382 0
    outer loop
      vertex 30.4678 39.7346 0
      vertex 30.5519 39.9824 2
      vertex 30.5519 39.9824 0
    endloop
  endfacet
  facet normal -0.94695 0.321382 0
    outer loop
      vertex 30.5519 39.9824 2
      vertex 30.4678 39.7346 0
      vertex 30.4678 39.7346 2
    endloop
  endfacet
  facet normal 0.997862 0.0653521 0
    outer loop
      vertex 26.6371 40.2389 2
      vertex 26.62 40.5 0
      vertex 26.62 40.5 2
    endloop
  endfacet
  facet normal 0.997862 0.0653521 0
    outer loop
      vertex 26.62 40.5 0
      vertex 26.6371 40.2389 2
      vertex 26.6371 40.2389 0
    endloop
  endfacet
  facet normal -0.321382 0.94695 0
    outer loop
      vertex 29.3854 38.6522 0
      vertex 29.1376 38.5681 2
      vertex 29.3854 38.6522 2
    endloop
  endfacet
  facet normal -0.321382 0.94695 0
    outer loop
      vertex 29.1376 38.5681 2
      vertex 29.3854 38.6522 0
      vertex 29.1376 38.5681 0
    endloop
  endfacet
  facet normal 0.94695 -0.321382 0
    outer loop
      vertex 26.6881 41.0176 2
      vertex 26.7722 41.2654 0
      vertex 26.7722 41.2654 2
    endloop
  endfacet
  facet normal 0.94695 -0.321382 0
    outer loop
      vertex 26.7722 41.2654 0
      vertex 26.6881 41.0176 2
      vertex 26.6881 41.0176 0
    endloop
  endfacet
  facet normal 0.442314 0.89686 -0
    outer loop
      vertex 27.8546 38.6522 0
      vertex 27.62 38.7679 2
      vertex 27.8546 38.6522 2
    endloop
  endfacet
  facet normal 0.442314 0.89686 0
    outer loop
      vertex 27.62 38.7679 2
      vertex 27.8546 38.6522 0
      vertex 27.62 38.7679 0
    endloop
  endfacet
  facet normal 0.831344 -0.555758 0
    outer loop
      vertex 26.8879 41.5 2
      vertex 27.0333 41.7175 0
      vertex 27.0333 41.7175 2
    endloop
  endfacet
  facet normal 0.831344 -0.555758 0
    outer loop
      vertex 27.0333 41.7175 0
      vertex 26.8879 41.5 2
      vertex 26.8879 41.5 0
    endloop
  endfacet
  facet normal -0.659343 0.751842 0
    outer loop
      vertex 31.4484 37.6716 2
      vertex 31.055 37.3266 2.5
      vertex 31.4484 37.6716 2.5
    endloop
  endfacet
  facet normal -0.659343 0.751842 0
    outer loop
      vertex 31.055 37.3266 2.5
      vertex 31.4484 37.6716 2
      vertex 31.055 37.3266 2
    endloop
  endfacet
  facet normal -0.980779 -0.195124 0
    outer loop
      vertex 32.5858 41.0221 2
      vertex 32.4837 41.5353 2.5
      vertex 32.4837 41.5353 2
    endloop
  endfacet
  facet normal -0.980779 -0.195124 0
    outer loop
      vertex 32.4837 41.5353 2.5
      vertex 32.5858 41.0221 2
      vertex 32.5858 41.0221 2.5
    endloop
  endfacet
  facet normal -0.997861 -0.0653646 0
    outer loop
      vertex 32.62 40.5 2
      vertex 32.5858 41.0221 2.5
      vertex 32.5858 41.0221 2
    endloop
  endfacet
  facet normal -0.997861 -0.0653646 0
    outer loop
      vertex 32.5858 41.0221 2.5
      vertex 32.62 40.5 2
      vertex 32.62 40.5 2.5
    endloop
  endfacet
  facet normal -0.94691 -0.321498 0
    outer loop
      vertex 32.4837 41.5353 2
      vertex 32.3155 42.0307 2.5
      vertex 32.3155 42.0307 2
    endloop
  endfacet
  facet normal -0.94691 -0.321498 0
    outer loop
      vertex 32.3155 42.0307 2.5
      vertex 32.4837 41.5353 2
      vertex 32.4837 41.5353 2.5
    endloop
  endfacet
  facet normal -0.831432 -0.555626 0
    outer loop
      vertex 32.0841 42.5 2
      vertex 31.7934 42.935 2.5
      vertex 31.7934 42.935 2
    endloop
  endfacet
  facet normal -0.831432 -0.555626 0
    outer loop
      vertex 31.7934 42.935 2.5
      vertex 32.0841 42.5 2
      vertex 32.0841 42.5 2.5
    endloop
  endfacet
  facet normal 0.442238 0.896898 -0
    outer loop
      vertex 27.0893 36.8045 2
      vertex 26.62 37.0359 2.5
      vertex 27.0893 36.8045 2.5
    endloop
  endfacet
  facet normal 0.442238 0.896898 0
    outer loop
      vertex 26.62 37.0359 2.5
      vertex 27.0893 36.8045 2
      vertex 26.62 37.0359 2
    endloop
  endfacet
  facet normal -0.980779 0.195124 0
    outer loop
      vertex 32.4837 39.4647 2
      vertex 32.5858 39.9779 2.5
      vertex 32.5858 39.9779 2
    endloop
  endfacet
  facet normal -0.980779 0.195124 0
    outer loop
      vertex 32.5858 39.9779 2.5
      vertex 32.4837 39.4647 2
      vertex 32.4837 39.4647 2.5
    endloop
  endfacet
  facet normal 0.555626 -0.831432 0
    outer loop
      vertex 26.185 43.6734 2
      vertex 26.62 43.9641 2.5
      vertex 26.185 43.6734 2.5
    endloop
  endfacet
  facet normal 0.555626 -0.831432 0
    outer loop
      vertex 26.62 43.9641 2.5
      vertex 26.185 43.6734 2
      vertex 26.62 43.9641 2
    endloop
  endfacet
  facet normal -0.0653646 0.997861 0
    outer loop
      vertex 29.1421 36.5342 2
      vertex 28.62 36.5 2.5
      vertex 29.1421 36.5342 2.5
    endloop
  endfacet
  facet normal -0.0653646 0.997861 0
    outer loop
      vertex 28.62 36.5 2.5
      vertex 29.1421 36.5342 2
      vertex 28.62 36.5 2
    endloop
  endfacet
  facet normal -0.321498 -0.94691 0
    outer loop
      vertex 29.6553 44.3637 2
      vertex 30.1507 44.1955 2.5
      vertex 29.6553 44.3637 2.5
    endloop
  endfacet
  facet normal -0.321498 -0.94691 -0
    outer loop
      vertex 30.1507 44.1955 2.5
      vertex 29.6553 44.3637 2
      vertex 30.1507 44.1955 2
    endloop
  endfacet
  facet normal -0.94691 0.321498 0
    outer loop
      vertex 32.3155 38.9693 2
      vertex 32.4837 39.4647 2.5
      vertex 32.4837 39.4647 2
    endloop
  endfacet
  facet normal -0.94691 0.321498 0
    outer loop
      vertex 32.4837 39.4647 2.5
      vertex 32.3155 38.9693 2
      vertex 32.3155 38.9693 2.5
    endloop
  endfacet
  facet normal -0.442238 0.896898 0
    outer loop
      vertex 30.62 37.0359 2
      vertex 30.1507 36.8045 2.5
      vertex 30.62 37.0359 2.5
    endloop
  endfacet
  facet normal -0.442238 0.896898 0
    outer loop
      vertex 30.1507 36.8045 2.5
      vertex 30.62 37.0359 2
      vertex 30.1507 36.8045 2
    endloop
  endfacet
  facet normal 0.94691 0.321498 0
    outer loop
      vertex 24.9245 38.9693 2.5
      vertex 24.7563 39.4647 2
      vertex 24.7563 39.4647 2.5
    endloop
  endfacet
  facet normal 0.94691 0.321498 0
    outer loop
      vertex 24.7563 39.4647 2
      vertex 24.9245 38.9693 2.5
      vertex 24.9245 38.9693 2
    endloop
  endfacet
  facet normal -0.896898 -0.442238 0
    outer loop
      vertex 32.3155 42.0307 2
      vertex 32.0841 42.5 2.5
      vertex 32.0841 42.5 2
    endloop
  endfacet
  facet normal -0.896898 -0.442238 0
    outer loop
      vertex 32.0841 42.5 2.5
      vertex 32.3155 42.0307 2
      vertex 32.3155 42.0307 2.5
    endloop
  endfacet
  facet normal -0.195124 -0.980779 0
    outer loop
      vertex 29.1421 44.4658 2
      vertex 29.6553 44.3637 2.5
      vertex 29.1421 44.4658 2.5
    endloop
  endfacet
  facet normal -0.195124 -0.980779 -0
    outer loop
      vertex 29.6553 44.3637 2.5
      vertex 29.1421 44.4658 2
      vertex 29.6553 44.3637 2
    endloop
  endfacet
  facet normal -0.555626 -0.831432 0
    outer loop
      vertex 30.62 43.9641 2
      vertex 31.055 43.6734 2.5
      vertex 30.62 43.9641 2.5
    endloop
  endfacet
  facet normal -0.555626 -0.831432 -0
    outer loop
      vertex 31.055 43.6734 2.5
      vertex 30.62 43.9641 2
      vertex 31.055 43.6734 2
    endloop
  endfacet
  facet normal -0.659343 -0.751842 0
    outer loop
      vertex 31.055 43.6734 2
      vertex 31.4484 43.3284 2.5
      vertex 31.055 43.6734 2.5
    endloop
  endfacet
  facet normal -0.659343 -0.751842 -0
    outer loop
      vertex 31.4484 43.3284 2.5
      vertex 31.055 43.6734 2
      vertex 31.4484 43.3284 2
    endloop
  endfacet
  facet normal -0.831432 0.555626 0
    outer loop
      vertex 31.7934 38.065 2
      vertex 32.0841 38.5 2.5
      vertex 32.0841 38.5 2
    endloop
  endfacet
  facet normal -0.831432 0.555626 0
    outer loop
      vertex 32.0841 38.5 2.5
      vertex 31.7934 38.065 2
      vertex 31.7934 38.065 2.5
    endloop
  endfacet
  facet normal 0.896898 0.442238 0
    outer loop
      vertex 25.1559 38.5 2.5
      vertex 24.9245 38.9693 2
      vertex 24.9245 38.9693 2.5
    endloop
  endfacet
  facet normal 0.896898 0.442238 0
    outer loop
      vertex 24.9245 38.9693 2
      vertex 25.1559 38.5 2.5
      vertex 25.1559 38.5 2
    endloop
  endfacet
  facet normal 0.0653646 -0.997861 0
    outer loop
      vertex 28.0979 44.4658 2
      vertex 28.62 44.5 2.5
      vertex 28.0979 44.4658 2.5
    endloop
  endfacet
  facet normal 0.0653646 -0.997861 0
    outer loop
      vertex 28.62 44.5 2.5
      vertex 28.0979 44.4658 2
      vertex 28.62 44.5 2
    endloop
  endfacet
  facet normal 0.751842 -0.659343 0
    outer loop
      vertex 25.4466 42.935 2.5
      vertex 25.7916 43.3284 2
      vertex 25.7916 43.3284 2.5
    endloop
  endfacet
  facet normal 0.751842 -0.659343 0
    outer loop
      vertex 25.7916 43.3284 2
      vertex 25.4466 42.935 2.5
      vertex 25.4466 42.935 2
    endloop
  endfacet
  facet normal 0.321498 0.94691 -0
    outer loop
      vertex 27.5847 36.6363 2
      vertex 27.0893 36.8045 2.5
      vertex 27.5847 36.6363 2.5
    endloop
  endfacet
  facet normal 0.321498 0.94691 0
    outer loop
      vertex 27.0893 36.8045 2.5
      vertex 27.5847 36.6363 2
      vertex 27.0893 36.8045 2
    endloop
  endfacet
  facet normal -0.751842 -0.659343 0
    outer loop
      vertex 31.7934 42.935 2
      vertex 31.4484 43.3284 2.5
      vertex 31.4484 43.3284 2
    endloop
  endfacet
  facet normal -0.751842 -0.659343 0
    outer loop
      vertex 31.4484 43.3284 2.5
      vertex 31.7934 42.935 2
      vertex 31.7934 42.935 2.5
    endloop
  endfacet
  facet normal 0.659343 -0.751842 0
    outer loop
      vertex 25.7916 43.3284 2
      vertex 26.185 43.6734 2.5
      vertex 25.7916 43.3284 2.5
    endloop
  endfacet
  facet normal 0.659343 -0.751842 0
    outer loop
      vertex 26.185 43.6734 2.5
      vertex 25.7916 43.3284 2
      vertex 26.185 43.6734 2
    endloop
  endfacet
  facet normal 0.442238 -0.896898 0
    outer loop
      vertex 26.62 43.9641 2
      vertex 27.0893 44.1955 2.5
      vertex 26.62 43.9641 2.5
    endloop
  endfacet
  facet normal 0.442238 -0.896898 0
    outer loop
      vertex 27.0893 44.1955 2.5
      vertex 26.62 43.9641 2
      vertex 27.0893 44.1955 2
    endloop
  endfacet
  facet normal -0.751842 0.659343 0
    outer loop
      vertex 31.4484 37.6716 2
      vertex 31.7934 38.065 2.5
      vertex 31.7934 38.065 2
    endloop
  endfacet
  facet normal -0.751842 0.659343 0
    outer loop
      vertex 31.7934 38.065 2.5
      vertex 31.4484 37.6716 2
      vertex 31.4484 37.6716 2.5
    endloop
  endfacet
  facet normal -0.195124 0.980779 0
    outer loop
      vertex 29.6553 36.6363 2
      vertex 29.1421 36.5342 2.5
      vertex 29.6553 36.6363 2.5
    endloop
  endfacet
  facet normal -0.195124 0.980779 0
    outer loop
      vertex 29.1421 36.5342 2.5
      vertex 29.6553 36.6363 2
      vertex 29.1421 36.5342 2
    endloop
  endfacet
  facet normal -0.442238 -0.896898 0
    outer loop
      vertex 30.1507 44.1955 2
      vertex 30.62 43.9641 2.5
      vertex 30.1507 44.1955 2.5
    endloop
  endfacet
  facet normal -0.442238 -0.896898 -0
    outer loop
      vertex 30.62 43.9641 2.5
      vertex 30.1507 44.1955 2
      vertex 30.62 43.9641 2
    endloop
  endfacet
  facet normal -0.997861 0.0653646 0
    outer loop
      vertex 32.5858 39.9779 2
      vertex 32.62 40.5 2.5
      vertex 32.62 40.5 2
    endloop
  endfacet
  facet normal -0.997861 0.0653646 0
    outer loop
      vertex 32.62 40.5 2.5
      vertex 32.5858 39.9779 2
      vertex 32.5858 39.9779 2.5
    endloop
  endfacet
  facet normal 0.195124 -0.980779 0
    outer loop
      vertex 27.5847 44.3637 2
      vertex 28.0979 44.4658 2.5
      vertex 27.5847 44.3637 2.5
    endloop
  endfacet
  facet normal 0.195124 -0.980779 0
    outer loop
      vertex 28.0979 44.4658 2.5
      vertex 27.5847 44.3637 2
      vertex 28.0979 44.4658 2
    endloop
  endfacet
  facet normal 0.0653646 0.997861 -0
    outer loop
      vertex 28.62 36.5 2
      vertex 28.0979 36.5342 2.5
      vertex 28.62 36.5 2.5
    endloop
  endfacet
  facet normal 0.0653646 0.997861 0
    outer loop
      vertex 28.0979 36.5342 2.5
      vertex 28.62 36.5 2
      vertex 28.0979 36.5342 2
    endloop
  endfacet
  facet normal 0.321498 -0.94691 0
    outer loop
      vertex 27.0893 44.1955 2
      vertex 27.5847 44.3637 2.5
      vertex 27.0893 44.1955 2.5
    endloop
  endfacet
  facet normal 0.321498 -0.94691 0
    outer loop
      vertex 27.5847 44.3637 2.5
      vertex 27.0893 44.1955 2
      vertex 27.5847 44.3637 2
    endloop
  endfacet
  facet normal 0.751842 0.659343 0
    outer loop
      vertex 25.7916 37.6716 2.5
      vertex 25.4466 38.065 2
      vertex 25.4466 38.065 2.5
    endloop
  endfacet
  facet normal 0.751842 0.659343 0
    outer loop
      vertex 25.4466 38.065 2
      vertex 25.7916 37.6716 2.5
      vertex 25.7916 37.6716 2
    endloop
  endfacet
  facet normal 0.997861 0.0653646 0
    outer loop
      vertex 24.6542 39.9779 2.5
      vertex 24.62 40.5 2
      vertex 24.62 40.5 2.5
    endloop
  endfacet
  facet normal 0.997861 0.0653646 0
    outer loop
      vertex 24.62 40.5 2
      vertex 24.6542 39.9779 2.5
      vertex 24.6542 39.9779 2
    endloop
  endfacet
  facet normal 0.555626 0.831432 -0
    outer loop
      vertex 26.62 37.0359 2
      vertex 26.185 37.3266 2.5
      vertex 26.62 37.0359 2.5
    endloop
  endfacet
  facet normal 0.555626 0.831432 0
    outer loop
      vertex 26.185 37.3266 2.5
      vertex 26.62 37.0359 2
      vertex 26.185 37.3266 2
    endloop
  endfacet
  facet normal -0.321498 0.94691 0
    outer loop
      vertex 30.1507 36.8045 2
      vertex 29.6553 36.6363 2.5
      vertex 30.1507 36.8045 2.5
    endloop
  endfacet
  facet normal -0.321498 0.94691 0
    outer loop
      vertex 29.6553 36.6363 2.5
      vertex 30.1507 36.8045 2
      vertex 29.6553 36.6363 2
    endloop
  endfacet
  facet normal -0.555626 0.831432 0
    outer loop
      vertex 31.055 37.3266 2
      vertex 30.62 37.0359 2.5
      vertex 31.055 37.3266 2.5
    endloop
  endfacet
  facet normal -0.555626 0.831432 0
    outer loop
      vertex 30.62 37.0359 2.5
      vertex 31.055 37.3266 2
      vertex 30.62 37.0359 2
    endloop
  endfacet
  facet normal -0.0653646 -0.997861 0
    outer loop
      vertex 28.62 44.5 2
      vertex 29.1421 44.4658 2.5
      vertex 28.62 44.5 2.5
    endloop
  endfacet
  facet normal -0.0653646 -0.997861 -0
    outer loop
      vertex 29.1421 44.4658 2.5
      vertex 28.62 44.5 2
      vertex 29.1421 44.4658 2
    endloop
  endfacet
  facet normal 0.831432 0.555626 0
    outer loop
      vertex 25.4466 38.065 2.5
      vertex 25.1559 38.5 2
      vertex 25.1559 38.5 2.5
    endloop
  endfacet
  facet normal 0.831432 0.555626 0
    outer loop
      vertex 25.1559 38.5 2
      vertex 25.4466 38.065 2.5
      vertex 25.4466 38.065 2
    endloop
  endfacet
  facet normal 0.94691 -0.321498 0
    outer loop
      vertex 24.7563 41.5353 2.5
      vertex 24.9245 42.0307 2
      vertex 24.9245 42.0307 2.5
    endloop
  endfacet
  facet normal 0.94691 -0.321498 0
    outer loop
      vertex 24.9245 42.0307 2
      vertex 24.7563 41.5353 2.5
      vertex 24.7563 41.5353 2
    endloop
  endfacet
  facet normal -0.896898 0.442238 0
    outer loop
      vertex 32.0841 38.5 2
      vertex 32.3155 38.9693 2.5
      vertex 32.3155 38.9693 2
    endloop
  endfacet
  facet normal -0.896898 0.442238 0
    outer loop
      vertex 32.3155 38.9693 2.5
      vertex 32.0841 38.5 2
      vertex 32.0841 38.5 2.5
    endloop
  endfacet
  facet normal 0.896898 -0.442238 0
    outer loop
      vertex 24.9245 42.0307 2.5
      vertex 25.1559 42.5 2
      vertex 25.1559 42.5 2.5
    endloop
  endfacet
  facet normal 0.896898 -0.442238 0
    outer loop
      vertex 25.1559 42.5 2
      vertex 24.9245 42.0307 2.5
      vertex 24.9245 42.0307 2
    endloop
  endfacet
  facet normal 0.997861 -0.0653646 0
    outer loop
      vertex 24.62 40.5 2.5
      vertex 24.6542 41.0221 2
      vertex 24.6542 41.0221 2.5
    endloop
  endfacet
  facet normal 0.997861 -0.0653646 0
    outer loop
      vertex 24.6542 41.0221 2
      vertex 24.62 40.5 2.5
      vertex 24.62 40.5 2
    endloop
  endfacet
  facet normal 0.980779 -0.195124 0
    outer loop
      vertex 24.6542 41.0221 2.5
      vertex 24.7563 41.5353 2
      vertex 24.7563 41.5353 2.5
    endloop
  endfacet
  facet normal 0.980779 -0.195124 0
    outer loop
      vertex 24.7563 41.5353 2
      vertex 24.6542 41.0221 2.5
      vertex 24.6542 41.0221 2
    endloop
  endfacet
  facet normal 0.195124 0.980779 -0
    outer loop
      vertex 28.0979 36.5342 2
      vertex 27.5847 36.6363 2.5
      vertex 28.0979 36.5342 2.5
    endloop
  endfacet
  facet normal 0.195124 0.980779 0
    outer loop
      vertex 27.5847 36.6363 2.5
      vertex 28.0979 36.5342 2
      vertex 27.5847 36.6363 2
    endloop
  endfacet
  facet normal 0.980779 0.195124 0
    outer loop
      vertex 24.7563 39.4647 2.5
      vertex 24.6542 39.9779 2
      vertex 24.6542 39.9779 2.5
    endloop
  endfacet
  facet normal 0.980779 0.195124 0
    outer loop
      vertex 24.6542 39.9779 2
      vertex 24.7563 39.4647 2.5
      vertex 24.7563 39.4647 2
    endloop
  endfacet
  facet normal 0.659343 0.751842 -0
    outer loop
      vertex 26.185 37.3266 2
      vertex 25.7916 37.6716 2.5
      vertex 26.185 37.3266 2.5
    endloop
  endfacet
  facet normal 0.659343 0.751842 0
    outer loop
      vertex 25.7916 37.6716 2.5
      vertex 26.185 37.3266 2
      vertex 25.7916 37.6716 2
    endloop
  endfacet
  facet normal 0.831432 -0.555626 0
    outer loop
      vertex 25.1559 42.5 2.5
      vertex 25.4466 42.935 2
      vertex 25.4466 42.935 2.5
    endloop
  endfacet
  facet normal 0.831432 -0.555626 0
    outer loop
      vertex 25.4466 42.935 2
      vertex 25.1559 42.5 2.5
      vertex 25.1559 42.5 2
    endloop
  endfacet
  facet normal 0 0 1
    outer loop
      vertex 32.5858 41.0221 2
      vertex 30.6029 40.7611 2
      vertex 30.62 40.5 2
    endloop
  endfacet
  facet normal 0 0 1
    outer loop
      vertex 31.055 43.6734 2
      vertex 30.5519 41.0176 2
      vertex 30.6029 40.7611 2
    endloop
  endfacet
  facet normal 0 0 1
    outer loop
      vertex 31.055 43.6734 2
      vertex 30.4678 41.2654 2
      vertex 30.5519 41.0176 2
    endloop
  endfacet
  facet normal 0 0 1
    outer loop
      vertex 31.055 43.6734 2
      vertex 30.3521 41.5 2
      vertex 30.4678 41.2654 2
    endloop
  endfacet
  facet normal 0 0 1
    outer loop
      vertex 31.055 43.6734 2
      vertex 30.2067 41.7175 2
      vertex 30.3521 41.5 2
    endloop
  endfacet
  facet normal 0 0 1
    outer loop
      vertex 29.62 42.232 2
      vertex 30.62 43.9641 2
      vertex 30.1507 44.1955 2
    endloop
  endfacet
  facet normal 0 0 1
    outer loop
      vertex 31.055 43.6734 2
      vertex 30.0342 41.9142 2
      vertex 30.2067 41.7175 2
    endloop
  endfacet
  facet normal 0 0 1
    outer loop
      vertex 31.055 43.6734 2
      vertex 29.8375 42.0867 2
      vertex 30.0342 41.9142 2
    endloop
  endfacet
  facet normal 0 0 1
    outer loop
      vertex 29.3854 42.3478 2
      vertex 30.1507 44.1955 2
      vertex 29.6553 44.3637 2
    endloop
  endfacet
  facet normal 0 0 1
    outer loop
      vertex 30.62 43.9641 2
      vertex 29.62 42.232 2
      vertex 29.8375 42.0867 2
    endloop
  endfacet
  facet normal 0 0 1
    outer loop
      vertex 30.1507 44.1955 2
      vertex 29.3854 42.3478 2
      vertex 29.62 42.232 2
    endloop
  endfacet
  facet normal 0 0 1
    outer loop
      vertex 29.1376 42.4319 2
      vertex 29.6553 44.3637 2
      vertex 29.1421 44.4658 2
    endloop
  endfacet
  facet normal 0 0 1
    outer loop
      vertex 29.6553 44.3637 2
      vertex 29.1376 42.4319 2
      vertex 29.3854 42.3478 2
    endloop
  endfacet
  facet normal 0 0 1
    outer loop
      vertex 29.1421 44.4658 2
      vertex 28.8811 42.4829 2
      vertex 29.1376 42.4319 2
    endloop
  endfacet
  facet normal 0 0 1
    outer loop
      vertex 28.62 44.5 2
      vertex 28.8811 42.4829 2
      vertex 29.1421 44.4658 2
    endloop
  endfacet
  facet normal 0 0 1
    outer loop
      vertex 28.62 44.5 2
      vertex 28.62 42.5 2
      vertex 28.8811 42.4829 2
    endloop
  endfacet
  facet normal 0 0 1
    outer loop
      vertex 28.62 44.5 2
      vertex 28.3589 42.4829 2
      vertex 28.62 42.5 2
    endloop
  endfacet
  facet normal -0 0 1
    outer loop
      vertex 28.0979 44.4658 2
      vertex 28.3589 42.4829 2
      vertex 28.62 44.5 2
    endloop
  endfacet
  facet normal 0 0 1
    outer loop
      vertex 28.3589 42.4829 2
      vertex 28.0979 44.4658 2
      vertex 28.1024 42.4319 2
    endloop
  endfacet
  facet normal -0 0 1
    outer loop
      vertex 27.5847 44.3637 2
      vertex 28.1024 42.4319 2
      vertex 28.0979 44.4658 2
    endloop
  endfacet
  facet normal 0 0 1
    outer loop
      vertex 28.1024 42.4319 2
      vertex 27.5847 44.3637 2
      vertex 27.8546 42.3478 2
    endloop
  endfacet
  facet normal -0 0 1
    outer loop
      vertex 27.0893 44.1955 2
      vertex 27.8546 42.3478 2
      vertex 27.5847 44.3637 2
    endloop
  endfacet
  facet normal 0 0 1
    outer loop
      vertex 27.8546 42.3478 2
      vertex 27.0893 44.1955 2
      vertex 27.62 42.232 2
    endloop
  endfacet
  facet normal -0 0 1
    outer loop
      vertex 26.62 43.9641 2
      vertex 27.62 42.232 2
      vertex 27.0893 44.1955 2
    endloop
  endfacet
  facet normal 0 0 1
    outer loop
      vertex 27.62 42.232 2
      vertex 26.62 43.9641 2
      vertex 27.4025 42.0867 2
    endloop
  endfacet
  facet normal -0 0 1
    outer loop
      vertex 26.185 43.6734 2
      vertex 27.4025 42.0867 2
      vertex 26.62 43.9641 2
    endloop
  endfacet
  facet normal 0 0 1
    outer loop
      vertex 27.4025 42.0867 2
      vertex 26.185 43.6734 2
      vertex 27.2058 41.9142 2
    endloop
  endfacet
  facet normal -0 0 1
    outer loop
      vertex 25.7916 43.3284 2
      vertex 27.2058 41.9142 2
      vertex 26.185 43.6734 2
    endloop
  endfacet
  facet normal 0 0 1
    outer loop
      vertex 27.2058 41.9142 2
      vertex 25.7916 43.3284 2
      vertex 27.0333 41.7175 2
    endloop
  endfacet
  facet normal -0 0 1
    outer loop
      vertex 25.4466 42.935 2
      vertex 27.0333 41.7175 2
      vertex 25.7916 43.3284 2
    endloop
  endfacet
  facet normal 0 0 1
    outer loop
      vertex 27.0333 41.7175 2
      vertex 25.4466 42.935 2
      vertex 26.8879 41.5 2
    endloop
  endfacet
  facet normal -0 0 1
    outer loop
      vertex 25.1559 42.5 2
      vertex 26.8879 41.5 2
      vertex 25.4466 42.935 2
    endloop
  endfacet
  facet normal 0 0 1
    outer loop
      vertex 26.8879 41.5 2
      vertex 25.1559 42.5 2
      vertex 26.7722 41.2654 2
    endloop
  endfacet
  facet normal -0 0 1
    outer loop
      vertex 24.9245 42.0307 2
      vertex 26.7722 41.2654 2
      vertex 25.1559 42.5 2
    endloop
  endfacet
  facet normal 0 0 1
    outer loop
      vertex 26.62 40.5 2
      vertex 26.185 37.3266 2
      vertex 26.62 37.0359 2
    endloop
  endfacet
  facet normal 0 0 1
    outer loop
      vertex 26.7722 41.2654 2
      vertex 24.9245 42.0307 2
      vertex 26.6881 41.0176 2
    endloop
  endfacet
  facet normal 0 0 1
    outer loop
      vertex 26.62 40.5 2
      vertex 25.7916 37.6716 2
      vertex 26.185 37.3266 2
    endloop
  endfacet
  facet normal -0 0 1
    outer loop
      vertex 24.7563 41.5353 2
      vertex 26.6881 41.0176 2
      vertex 24.9245 42.0307 2
    endloop
  endfacet
  facet normal 0 0 1
    outer loop
      vertex 26.62 40.5 2
      vertex 25.4466 38.065 2
      vertex 25.7916 37.6716 2
    endloop
  endfacet
  facet normal 0 0 1
    outer loop
      vertex 26.6881 41.0176 2
      vertex 24.7563 41.5353 2
      vertex 26.6371 40.7611 2
    endloop
  endfacet
  facet normal 0 0 1
    outer loop
      vertex 26.62 40.5 2
      vertex 25.1559 38.5 2
      vertex 25.4466 38.065 2
    endloop
  endfacet
  facet normal -0 0 1
    outer loop
      vertex 24.6542 41.0221 2
      vertex 26.6371 40.7611 2
      vertex 24.7563 41.5353 2
    endloop
  endfacet
  facet normal 0 0 1
    outer loop
      vertex 26.62 40.5 2
      vertex 24.9245 38.9693 2
      vertex 25.1559 38.5 2
    endloop
  endfacet
  facet normal 0 0 1
    outer loop
      vertex 26.6371 40.7611 2
      vertex 24.6542 41.0221 2
      vertex 26.62 40.5 2
    endloop
  endfacet
  facet normal 0 0 1
    outer loop
      vertex 26.62 40.5 2
      vertex 24.7563 39.4647 2
      vertex 24.9245 38.9693 2
    endloop
  endfacet
  facet normal 0 0 1
    outer loop
      vertex 24.62 40.5 2
      vertex 26.62 40.5 2
      vertex 24.6542 41.0221 2
    endloop
  endfacet
  facet normal 0 0 1
    outer loop
      vertex 26.62 40.5 2
      vertex 24.6542 39.9779 2
      vertex 24.7563 39.4647 2
    endloop
  endfacet
  facet normal 0 0 1
    outer loop
      vertex 26.62 40.5 2
      vertex 24.62 40.5 2
      vertex 24.6542 39.9779 2
    endloop
  endfacet
  facet normal 0 0 1
    outer loop
      vertex 30.62 40.5 2
      vertex 32.62 40.5 2
      vertex 32.5858 41.0221 2
    endloop
  endfacet
  facet normal 0 0 1
    outer loop
      vertex 30.6029 40.7611 2
      vertex 32.5858 41.0221 2
      vertex 32.4837 41.5353 2
    endloop
  endfacet
  facet normal 0 0 1
    outer loop
      vertex 32.62 40.5 2
      vertex 30.62 40.5 2
      vertex 32.5858 39.9779 2
    endloop
  endfacet
  facet normal 0 0 1
    outer loop
      vertex 30.6029 40.7611 2
      vertex 32.4837 41.5353 2
      vertex 32.3155 42.0307 2
    endloop
  endfacet
  facet normal -0 0 1
    outer loop
      vertex 30.6029 40.2389 2
      vertex 32.5858 39.9779 2
      vertex 30.62 40.5 2
    endloop
  endfacet
  facet normal 0 0 1
    outer loop
      vertex 30.6029 40.7611 2
      vertex 32.3155 42.0307 2
      vertex 32.0841 42.5 2
    endloop
  endfacet
  facet normal 0 0 1
    outer loop
      vertex 32.5858 39.9779 2
      vertex 30.6029 40.2389 2
      vertex 32.4837 39.4647 2
    endloop
  endfacet
  facet normal 0 0 1
    outer loop
      vertex 30.6029 40.7611 2
      vertex 32.0841 42.5 2
      vertex 31.7934 42.935 2
    endloop
  endfacet
  facet normal -0 0 1
    outer loop
      vertex 30.5519 39.9824 2
      vertex 32.4837 39.4647 2
      vertex 30.6029 40.2389 2
    endloop
  endfacet
  facet normal 0 0 1
    outer loop
      vertex 30.6029 40.7611 2
      vertex 31.7934 42.935 2
      vertex 31.4484 43.3284 2
    endloop
  endfacet
  facet normal 0 0 1
    outer loop
      vertex 32.4837 39.4647 2
      vertex 30.5519 39.9824 2
      vertex 32.3155 38.9693 2
    endloop
  endfacet
  facet normal 0 0 1
    outer loop
      vertex 30.6029 40.7611 2
      vertex 31.4484 43.3284 2
      vertex 31.055 43.6734 2
    endloop
  endfacet
  facet normal -0 0 1
    outer loop
      vertex 30.4678 39.7346 2
      vertex 32.3155 38.9693 2
      vertex 30.5519 39.9824 2
    endloop
  endfacet
  facet normal 0 0 1
    outer loop
      vertex 29.8375 42.0867 2
      vertex 31.055 43.6734 2
      vertex 30.62 43.9641 2
    endloop
  endfacet
  facet normal 0 0 1
    outer loop
      vertex 32.3155 38.9693 2
      vertex 30.4678 39.7346 2
      vertex 32.0841 38.5 2
    endloop
  endfacet
  facet normal -0 0 1
    outer loop
      vertex 30.3521 39.5 2
      vertex 32.0841 38.5 2
      vertex 30.4678 39.7346 2
    endloop
  endfacet
  facet normal 0 0 1
    outer loop
      vertex 32.0841 38.5 2
      vertex 30.3521 39.5 2
      vertex 31.7934 38.065 2
    endloop
  endfacet
  facet normal -0 0 1
    outer loop
      vertex 30.2067 39.2825 2
      vertex 31.7934 38.065 2
      vertex 30.3521 39.5 2
    endloop
  endfacet
  facet normal 0 0 1
    outer loop
      vertex 31.7934 38.065 2
      vertex 30.2067 39.2825 2
      vertex 31.4484 37.6716 2
    endloop
  endfacet
  facet normal -0 0 1
    outer loop
      vertex 30.0342 39.0858 2
      vertex 31.4484 37.6716 2
      vertex 30.2067 39.2825 2
    endloop
  endfacet
  facet normal 0 0 1
    outer loop
      vertex 31.4484 37.6716 2
      vertex 30.0342 39.0858 2
      vertex 31.055 37.3266 2
    endloop
  endfacet
  facet normal -0 0 1
    outer loop
      vertex 29.8375 38.9133 2
      vertex 31.055 37.3266 2
      vertex 30.0342 39.0858 2
    endloop
  endfacet
  facet normal 0 0 1
    outer loop
      vertex 31.055 37.3266 2
      vertex 29.8375 38.9133 2
      vertex 30.62 37.0359 2
    endloop
  endfacet
  facet normal -0 0 1
    outer loop
      vertex 29.62 38.7679 2
      vertex 30.62 37.0359 2
      vertex 29.8375 38.9133 2
    endloop
  endfacet
  facet normal 0 0 1
    outer loop
      vertex 30.62 37.0359 2
      vertex 29.62 38.7679 2
      vertex 30.1507 36.8045 2
    endloop
  endfacet
  facet normal -0 0 1
    outer loop
      vertex 29.3854 38.6522 2
      vertex 30.1507 36.8045 2
      vertex 29.62 38.7679 2
    endloop
  endfacet
  facet normal 0 0 1
    outer loop
      vertex 30.1507 36.8045 2
      vertex 29.3854 38.6522 2
      vertex 29.6553 36.6363 2
    endloop
  endfacet
  facet normal -0 0 1
    outer loop
      vertex 29.1376 38.5681 2
      vertex 29.6553 36.6363 2
      vertex 29.3854 38.6522 2
    endloop
  endfacet
  facet normal 0 0 1
    outer loop
      vertex 29.6553 36.6363 2
      vertex 29.1376 38.5681 2
      vertex 29.1421 36.5342 2
    endloop
  endfacet
  facet normal -0 0 1
    outer loop
      vertex 28.8811 38.5171 2
      vertex 29.1421 36.5342 2
      vertex 29.1376 38.5681 2
    endloop
  endfacet
  facet normal -0 0 1
    outer loop
      vertex 28.62 38.5 2
      vertex 29.1421 36.5342 2
      vertex 28.8811 38.5171 2
    endloop
  endfacet
  facet normal 0 0 1
    outer loop
      vertex 28.62 38.5 2
      vertex 28.62 36.5 2
      vertex 29.1421 36.5342 2
    endloop
  endfacet
  facet normal 0 0 1
    outer loop
      vertex 28.3589 38.5171 2
      vertex 28.62 36.5 2
      vertex 28.62 38.5 2
    endloop
  endfacet
  facet normal 0 0 1
    outer loop
      vertex 28.0979 36.5342 2
      vertex 28.3589 38.5171 2
      vertex 28.1024 38.5681 2
    endloop
  endfacet
  facet normal 0 0 1
    outer loop
      vertex 28.3589 38.5171 2
      vertex 28.0979 36.5342 2
      vertex 28.62 36.5 2
    endloop
  endfacet
  facet normal 0 0 1
    outer loop
      vertex 27.5847 36.6363 2
      vertex 28.1024 38.5681 2
      vertex 27.8546 38.6522 2
    endloop
  endfacet
  facet normal 0 0 1
    outer loop
      vertex 27.0893 36.8045 2
      vertex 27.8546 38.6522 2
      vertex 27.62 38.7679 2
    endloop
  endfacet
  facet normal 0 0 1
    outer loop
      vertex 28.1024 38.5681 2
      vertex 27.5847 36.6363 2
      vertex 28.0979 36.5342 2
    endloop
  endfacet
  facet normal 0 0 1
    outer loop
      vertex 26.62 37.0359 2
      vertex 27.62 38.7679 2
      vertex 27.4025 38.9133 2
    endloop
  endfacet
  facet normal 0 0 1
    outer loop
      vertex 26.62 37.0359 2
      vertex 27.4025 38.9133 2
      vertex 27.2058 39.0858 2
    endloop
  endfacet
  facet normal 0 0 1
    outer loop
      vertex 27.8546 38.6522 2
      vertex 27.0893 36.8045 2
      vertex 27.5847 36.6363 2
    endloop
  endfacet
  facet normal 0 0 1
    outer loop
      vertex 26.62 37.0359 2
      vertex 27.2058 39.0858 2
      vertex 27.0333 39.2825 2
    endloop
  endfacet
  facet normal 0 0 1
    outer loop
      vertex 26.62 37.0359 2
      vertex 27.0333 39.2825 2
      vertex 26.8879 39.5 2
    endloop
  endfacet
  facet normal 0 0 1
    outer loop
      vertex 26.62 37.0359 2
      vertex 26.8879 39.5 2
      vertex 26.7722 39.7346 2
    endloop
  endfacet
  facet normal 0 0 1
    outer loop
      vertex 26.62 37.0359 2
      vertex 26.7722 39.7346 2
      vertex 26.6881 39.9824 2
    endloop
  endfacet
  facet normal 0 0 1
    outer loop
      vertex 26.62 37.0359 2
      vertex 26.6881 39.9824 2
      vertex 26.6371 40.2389 2
    endloop
  endfacet
  facet normal 0 0 1
    outer loop
      vertex 27.62 38.7679 2
      vertex 26.62 37.0359 2
      vertex 27.0893 36.8045 2
    endloop
  endfacet
  facet normal 0 0 1
    outer loop
      vertex 26.62 37.0359 2
      vertex 26.6371 40.2389 2
      vertex 26.62 40.5 2
    endloop
  endfacet
  facet normal -1 0 0
    outer loop
      vertex 54.74 2.5 2.5
      vertex 54.74 45.5 22.9
      vertex 54.74 45.5 2.5
    endloop
  endfacet
  facet normal -1 -0 0
    outer loop
      vertex 54.74 45.5 22.9
      vertex 54.74 2.5 2.5
      vertex 54.74 2.5 22.9
    endloop
  endfacet
  facet normal 0 0 1
    outer loop
      vertex 16.86 31 2.5
      vertex 10.0307 35.8045 2.5
      vertex 14.7937 26.3801 2.5
    endloop
  endfacet
  facet normal 0 0 1
    outer loop
      vertex 13.62 24 2.5
      vertex 12.4658 9.0221 2.5
      vertex 12.5 8.5 2.5
    endloop
  endfacet
  facet normal -0 0 1
    outer loop
      vertex 9.53528 35.6363 2.5
      vertex 14.7937 26.3801 2.5
      vertex 10.0307 35.8045 2.5
    endloop
  endfacet
  facet normal 0 0 1
    outer loop
      vertex 13.62 24 2.5
      vertex 12.3637 9.53528 2.5
      vertex 12.4658 9.0221 2.5
    endloop
  endfacet
  facet normal 0 0 1
    outer loop
      vertex 14.7937 26.3801 2.5
      vertex 9.53528 35.6363 2.5
      vertex 14.4987 26.1213 2.5
    endloop
  endfacet
  facet normal 0 0 1
    outer loop
      vertex 13.62 24 2.5
      vertex 12.1955 10.0307 2.5
      vertex 12.3637 9.53528 2.5
    endloop
  endfacet
  facet normal -0 0 1
    outer loop
      vertex 9.0221 35.5342 2.5
      vertex 14.4987 26.1213 2.5
      vertex 9.53528 35.6363 2.5
    endloop
  endfacet
  facet normal 0 0 1
    outer loop
      vertex 13.62 24 2.5
      vertex 11.9641 10.5 2.5
      vertex 12.1955 10.0307 2.5
    endloop
  endfacet
  facet normal 0 0 1
    outer loop
      vertex 14.4987 26.1213 2.5
      vertex 9.0221 35.5342 2.5
      vertex 14.2399 25.8263 2.5
    endloop
  endfacet
  facet normal 0 0 1
    outer loop
      vertex 13.62 24 2.5
      vertex 11.6734 10.935 2.5
      vertex 11.9641 10.5 2.5
    endloop
  endfacet
  facet normal -0 0 1
    outer loop
      vertex 8.5 35.5 2.5
      vertex 14.2399 25.8263 2.5
      vertex 9.0221 35.5342 2.5
    endloop
  endfacet
  facet normal 0 0 1
    outer loop
      vertex 13.62 24 2.5
      vertex 11.3284 11.3284 2.5
      vertex 11.6734 10.935 2.5
    endloop
  endfacet
  facet normal 0 0 1
    outer loop
      vertex 14.2399 25.8263 2.5
      vertex 8.5 35.5 2.5
      vertex 14.0219 25.5 2.5
    endloop
  endfacet
  facet normal 0 0 1
    outer loop
      vertex 13.62 24 2.5
      vertex 10.935 11.6734 2.5
      vertex 11.3284 11.3284 2.5
    endloop
  endfacet
  facet normal 0 0 1
    outer loop
      vertex 7.9779 35.5342 2.5
      vertex 14.0219 25.5 2.5
      vertex 8.5 35.5 2.5
    endloop
  endfacet
  facet normal 0 0 1
    outer loop
      vertex 13.62 24 2.5
      vertex 10.5 11.9641 2.5
      vertex 10.935 11.6734 2.5
    endloop
  endfacet
  facet normal 0 0 1
    outer loop
      vertex 14.0219 25.5 2.5
      vertex 7.9779 35.5342 2.5
      vertex 13.8484 25.148 2.5
    endloop
  endfacet
  facet normal 0 0 1
    outer loop
      vertex 13.62 24 2.5
      vertex 10.0307 12.1955 2.5
      vertex 10.5 11.9641 2.5
    endloop
  endfacet
  facet normal 0 0 1
    outer loop
      vertex 7.46472 35.6363 2.5
      vertex 13.8484 25.148 2.5
      vertex 7.9779 35.5342 2.5
    endloop
  endfacet
  facet normal 0 0 1
    outer loop
      vertex 13.62 24 2.5
      vertex 9.53528 12.3637 2.5
      vertex 10.0307 12.1955 2.5
    endloop
  endfacet
  facet normal 0 0 1
    outer loop
      vertex 13.8484 25.148 2.5
      vertex 7.46472 35.6363 2.5
      vertex 13.7222 24.7765 2.5
    endloop
  endfacet
  facet normal 0 0 1
    outer loop
      vertex 13.62 24 2.5
      vertex 9.0221 12.4658 2.5
      vertex 9.53528 12.3637 2.5
    endloop
  endfacet
  facet normal 0 0 1
    outer loop
      vertex 13.7222 24.7765 2.5
      vertex 7.46472 35.6363 2.5
      vertex 13.6457 24.3916 2.5
    endloop
  endfacet
  facet normal 0 0 1
    outer loop
      vertex 13.62 24 2.5
      vertex 8.5 12.5 2.5
      vertex 9.0221 12.4658 2.5
    endloop
  endfacet
  facet normal 0 0 1
    outer loop
      vertex 6.96927 35.8045 2.5
      vertex 13.6457 24.3916 2.5
      vertex 7.46472 35.6363 2.5
    endloop
  endfacet
  facet normal 0 0 1
    outer loop
      vertex 13.62 24 2.5
      vertex 7.9779 12.4658 2.5
      vertex 8.5 12.5 2.5
    endloop
  endfacet
  facet normal 0 0 1
    outer loop
      vertex 13.6457 24.3916 2.5
      vertex 6.96927 35.8045 2.5
      vertex 13.62 24 2.5
    endloop
  endfacet
  facet normal 0 0 1
    outer loop
      vertex 13.62 24 2.5
      vertex 7.46472 12.3637 2.5
      vertex 7.9779 12.4658 2.5
    endloop
  endfacet
  facet normal 0 0 1
    outer loop
      vertex 6.5 36.0359 2.5
      vertex 13.62 24 2.5
      vertex 6.96927 35.8045 2.5
    endloop
  endfacet
  facet normal 0 0 1
    outer loop
      vertex 13.62 24 2.5
      vertex 6.96927 12.1955 2.5
      vertex 7.46472 12.3637 2.5
    endloop
  endfacet
  facet normal 0 0 1
    outer loop
      vertex 6.5 11.9641 2.5
      vertex 13.62 24 2.5
      vertex 6.5 36.0359 2.5
    endloop
  endfacet
  facet normal 0 0 1
    outer loop
      vertex 13.62 24 2.5
      vertex 6.5 11.9641 2.5
      vertex 6.96927 12.1955 2.5
    endloop
  endfacet
  facet normal 0 0 1
    outer loop
      vertex 6.06495 36.3266 2.5
      vertex 6.5 11.9641 2.5
      vertex 6.5 36.0359 2.5
    endloop
  endfacet
  facet normal 0 0 1
    outer loop
      vertex 6.06495 36.3266 2.5
      vertex 6.06495 11.6734 2.5
      vertex 6.5 11.9641 2.5
    endloop
  endfacet
  facet normal 0 0 1
    outer loop
      vertex 5.67157 36.6716 2.5
      vertex 6.06495 11.6734 2.5
      vertex 6.06495 36.3266 2.5
    endloop
  endfacet
  facet normal 0 0 1
    outer loop
      vertex 5.67157 36.6716 2.5
      vertex 5.67157 11.3284 2.5
      vertex 6.06495 11.6734 2.5
    endloop
  endfacet
  facet normal 0 0 1
    outer loop
      vertex 5.32659 37.065 2.5
      vertex 5.67157 11.3284 2.5
      vertex 5.67157 36.6716 2.5
    endloop
  endfacet
  facet normal 0 0 1
    outer loop
      vertex 5.32659 37.065 2.5
      vertex 5.32659 10.935 2.5
      vertex 5.67157 11.3284 2.5
    endloop
  endfacet
  facet normal 0 0 1
    outer loop
      vertex 5.0359 37.5 2.5
      vertex 5.32659 10.935 2.5
      vertex 5.32659 37.065 2.5
    endloop
  endfacet
  facet normal 0 0 1
    outer loop
      vertex 5.0359 37.5 2.5
      vertex 5.0359 10.5 2.5
      vertex 5.32659 10.935 2.5
    endloop
  endfacet
  facet normal 0 0 1
    outer loop
      vertex 4.80448 37.9693 2.5
      vertex 5.0359 10.5 2.5
      vertex 5.0359 37.5 2.5
    endloop
  endfacet
  facet normal 0 0 1
    outer loop
      vertex 4.80448 37.9693 2.5
      vertex 4.80448 10.0307 2.5
      vertex 5.0359 10.5 2.5
    endloop
  endfacet
  facet normal 0 0 1
    outer loop
      vertex 4.6363 38.4647 2.5
      vertex 4.80448 10.0307 2.5
      vertex 4.80448 37.9693 2.5
    endloop
  endfacet
  facet normal 0 0 1
    outer loop
      vertex 4.6363 38.4647 2.5
      vertex 4.6363 9.53528 2.5
      vertex 4.80448 10.0307 2.5
    endloop
  endfacet
  facet normal 0 0 1
    outer loop
      vertex 2.5 45.5 2.5
      vertex 4.6363 38.4647 2.5
      vertex 4.53422 38.9779 2.5
    endloop
  endfacet
  facet normal 0 0 1
    outer loop
      vertex 4.6363 38.4647 2.5
      vertex 2.5 45.5 2.5
      vertex 4.6363 9.53528 2.5
    endloop
  endfacet
  facet normal 0 0 1
    outer loop
      vertex 2.5 45.5 2.5
      vertex 4.53422 38.9779 2.5
      vertex 4.5 39.5 2.5
    endloop
  endfacet
  facet normal 0 0 1
    outer loop
      vertex 2.5 2.5 2.5
      vertex 4.6363 9.53528 2.5
      vertex 2.5 45.5 2.5
    endloop
  endfacet
  facet normal -0 0 1
    outer loop
      vertex 21.1278 29.2322 2.5
      vertex 26.0219 25.5 2.5
      vertex 21.3434 29.4781 2.5
    endloop
  endfacet
  facet normal 0 0 1
    outer loop
      vertex 25.62 24 2.5
      vertex 21.8386 17.3263 2.5
      vertex 21.86 17 2.5
    endloop
  endfacet
  facet normal 0 0 1
    outer loop
      vertex 26.0219 25.5 2.5
      vertex 21.1278 29.2322 2.5
      vertex 25.8484 25.148 2.5
    endloop
  endfacet
  facet normal 0 0 1
    outer loop
      vertex 25.62 24 2.5
      vertex 21.7748 17.647 2.5
      vertex 21.8386 17.3263 2.5
    endloop
  endfacet
  facet normal -0 0 1
    outer loop
      vertex 20.8819 29.0166 2.5
      vertex 25.8484 25.148 2.5
      vertex 21.1278 29.2322 2.5
    endloop
  endfacet
  facet normal 0 0 1
    outer loop
      vertex 25.62 24 2.5
      vertex 21.6697 17.9567 2.5
      vertex 21.7748 17.647 2.5
    endloop
  endfacet
  facet normal 0 0 1
    outer loop
      vertex 19.3916 25.148 2.5
      vertex 25.8484 25.148 2.5
      vertex 20.8819 29.0166 2.5
    endloop
  endfacet
  facet normal 0 0 1
    outer loop
      vertex 25.62 24 2.5
      vertex 21.5251 18.25 2.5
      vertex 21.6697 17.9567 2.5
    endloop
  endfacet
  facet normal 0 0 1
    outer loop
      vertex 25.8484 25.148 2.5
      vertex 19.3916 25.148 2.5
      vertex 25.7222 24.7765 2.5
    endloop
  endfacet
  facet normal 0 0 1
    outer loop
      vertex 25.62 24 2.5
      vertex 21.3434 18.5219 2.5
      vertex 21.5251 18.25 2.5
    endloop
  endfacet
  facet normal 0 -0 1
    outer loop
      vertex 19.5178 24.7765 2.5
      vertex 25.7222 24.7765 2.5
      vertex 19.3916 25.148 2.5
    endloop
  endfacet
  facet normal 0 0 1
    outer loop
      vertex 19.5943 23.6084 2.5
      vertex 25.62 24 2.5
      vertex 19.62 24 2.5
    endloop
  endfacet
  facet normal 0 -0 1
    outer loop
      vertex 19.5943 24.3916 2.5
      vertex 25.6457 24.3916 2.5
      vertex 19.5178 24.7765 2.5
    endloop
  endfacet
  facet normal 0 0 1
    outer loop
      vertex 19.5178 23.2235 2.5
      vertex 25.62 24 2.5
      vertex 19.5943 23.6084 2.5
    endloop
  endfacet
  facet normal 0 0 1
    outer loop
      vertex 19.3916 25.148 2.5
      vertex 20.8819 29.0166 2.5
      vertex 20.61 28.8349 2.5
    endloop
  endfacet
  facet normal 0 0 1
    outer loop
      vertex 25.62 24 2.5
      vertex 21.1278 18.7678 2.5
      vertex 21.3434 18.5219 2.5
    endloop
  endfacet
  facet normal 0 0 1
    outer loop
      vertex 19.3916 25.148 2.5
      vertex 20.61 28.8349 2.5
      vertex 20.3167 28.6903 2.5
    endloop
  endfacet
  facet normal 0 -0 1
    outer loop
      vertex 20.8819 18.9834 2.5
      vertex 25.62 24 2.5
      vertex 19.5178 23.2235 2.5
    endloop
  endfacet
  facet normal 0 0 1
    outer loop
      vertex 19.2181 25.5 2.5
      vertex 20.3167 28.6903 2.5
      vertex 20.007 28.5852 2.5
    endloop
  endfacet
  facet normal 0 0 1
    outer loop
      vertex 25.62 24 2.5
      vertex 20.8819 18.9834 2.5
      vertex 21.1278 18.7678 2.5
    endloop
  endfacet
  facet normal 0 0 1
    outer loop
      vertex 19.0001 25.8263 2.5
      vertex 20.007 28.5852 2.5
      vertex 19.6863 28.5214 2.5
    endloop
  endfacet
  facet normal -0 0 1
    outer loop
      vertex 19.3916 22.8519 2.5
      vertex 20.8819 18.9834 2.5
      vertex 19.5178 23.2235 2.5
    endloop
  endfacet
  facet normal 0 0 1
    outer loop
      vertex 20.8819 18.9834 2.5
      vertex 19.3916 22.8519 2.5
      vertex 20.61 19.1651 2.5
    endloop
  endfacet
  facet normal 0 0 1
    outer loop
      vertex 25.62 24 2.5
      vertex 19.5943 24.3916 2.5
      vertex 19.62 24 2.5
    endloop
  endfacet
  facet normal 0 0 1
    outer loop
      vertex 25.6457 24.3916 2.5
      vertex 19.5943 24.3916 2.5
      vertex 25.62 24 2.5
    endloop
  endfacet
  facet normal 0 0 1
    outer loop
      vertex 25.7222 24.7765 2.5
      vertex 19.5178 24.7765 2.5
      vertex 25.6457 24.3916 2.5
    endloop
  endfacet
  facet normal 0 0 1
    outer loop
      vertex 18.7413 26.1213 2.5
      vertex 19.6863 28.5214 2.5
      vertex 19.36 28.5 2.5
    endloop
  endfacet
  facet normal 0 0 1
    outer loop
      vertex 20.3167 28.6903 2.5
      vertex 19.2181 25.5 2.5
      vertex 19.3916 25.148 2.5
    endloop
  endfacet
  facet normal 0 0 1
    outer loop
      vertex 18.4463 26.3801 2.5
      vertex 19.36 28.5 2.5
      vertex 19.0337 28.5214 2.5
    endloop
  endfacet
  facet normal 0 0 1
    outer loop
      vertex 20.007 28.5852 2.5
      vertex 19.0001 25.8263 2.5
      vertex 19.2181 25.5 2.5
    endloop
  endfacet
  facet normal 0 0 1
    outer loop
      vertex 19.6863 28.5214 2.5
      vertex 18.7413 26.1213 2.5
      vertex 19.0001 25.8263 2.5
    endloop
  endfacet
  facet normal 0 0 1
    outer loop
      vertex 18.12 26.5981 2.5
      vertex 19.0337 28.5214 2.5
      vertex 18.713 28.5852 2.5
    endloop
  endfacet
  facet normal 0 0 1
    outer loop
      vertex 19.36 28.5 2.5
      vertex 18.4463 26.3801 2.5
      vertex 18.7413 26.1213 2.5
    endloop
  endfacet
  facet normal 0 0 1
    outer loop
      vertex 17.7681 26.7716 2.5
      vertex 18.713 28.5852 2.5
      vertex 18.4033 28.6903 2.5
    endloop
  endfacet
  facet normal 0 0 1
    outer loop
      vertex 19.0337 28.5214 2.5
      vertex 18.12 26.5981 2.5
      vertex 18.4463 26.3801 2.5
    endloop
  endfacet
  facet normal 0 0 1
    outer loop
      vertex 17.3965 26.8978 2.5
      vertex 18.4033 28.6903 2.5
      vertex 18.11 28.8349 2.5
    endloop
  endfacet
  facet normal 0 0 1
    outer loop
      vertex 17.0116 26.9743 2.5
      vertex 18.11 28.8349 2.5
      vertex 17.8381 29.0166 2.5
    endloop
  endfacet
  facet normal 0 0 1
    outer loop
      vertex 18.713 28.5852 2.5
      vertex 17.7681 26.7716 2.5
      vertex 18.12 26.5981 2.5
    endloop
  endfacet
  facet normal 0 0 1
    outer loop
      vertex 17.0116 26.9743 2.5
      vertex 17.8381 29.0166 2.5
      vertex 17.5922 29.2322 2.5
    endloop
  endfacet
  facet normal 0 0 1
    outer loop
      vertex 18.4033 28.6903 2.5
      vertex 17.3965 26.8978 2.5
      vertex 17.7681 26.7716 2.5
    endloop
  endfacet
  facet normal 0 0 1
    outer loop
      vertex 16.62 27 2.5
      vertex 17.5922 29.2322 2.5
      vertex 17.3766 29.4781 2.5
    endloop
  endfacet
  facet normal 0 0 1
    outer loop
      vertex 16.2284 26.9743 2.5
      vertex 17.3766 29.4781 2.5
      vertex 17.1949 29.75 2.5
    endloop
  endfacet
  facet normal 0 0 1
    outer loop
      vertex 15.8435 26.8978 2.5
      vertex 17.1949 29.75 2.5
      vertex 17.0503 30.0433 2.5
    endloop
  endfacet
  facet normal 0 0 1
    outer loop
      vertex 18.11 28.8349 2.5
      vertex 17.0116 26.9743 2.5
      vertex 17.3965 26.8978 2.5
    endloop
  endfacet
  facet normal 0 0 1
    outer loop
      vertex 15.4719 26.7716 2.5
      vertex 17.0503 30.0433 2.5
      vertex 16.9452 30.353 2.5
    endloop
  endfacet
  facet normal 0 0 1
    outer loop
      vertex 15.12 26.5981 2.5
      vertex 16.9452 30.353 2.5
      vertex 16.8814 30.6737 2.5
    endloop
  endfacet
  facet normal 0 0 1
    outer loop
      vertex 14.7937 26.3801 2.5
      vertex 16.8814 30.6737 2.5
      vertex 16.86 31 2.5
    endloop
  endfacet
  facet normal 0 0 1
    outer loop
      vertex 17.5922 29.2322 2.5
      vertex 16.62 27 2.5
      vertex 17.0116 26.9743 2.5
    endloop
  endfacet
  facet normal 0 0 1
    outer loop
      vertex 20.61 19.1651 2.5
      vertex 19.3916 22.8519 2.5
      vertex 20.3167 19.3097 2.5
    endloop
  endfacet
  facet normal -0 0 1
    outer loop
      vertex 19.2181 22.5 2.5
      vertex 20.3167 19.3097 2.5
      vertex 19.3916 22.8519 2.5
    endloop
  endfacet
  facet normal 0 0 1
    outer loop
      vertex 20.3167 19.3097 2.5
      vertex 19.2181 22.5 2.5
      vertex 20.007 19.4148 2.5
    endloop
  endfacet
  facet normal -0 0 1
    outer loop
      vertex 19.0001 22.1737 2.5
      vertex 20.007 19.4148 2.5
      vertex 19.2181 22.5 2.5
    endloop
  endfacet
  facet normal 0 0 1
    outer loop
      vertex 20.007 19.4148 2.5
      vertex 19.0001 22.1737 2.5
      vertex 19.6863 19.4786 2.5
    endloop
  endfacet
  facet normal -0 0 1
    outer loop
      vertex 18.7413 21.8787 2.5
      vertex 19.6863 19.4786 2.5
      vertex 19.0001 22.1737 2.5
    endloop
  endfacet
  facet normal 0 0 1
    outer loop
      vertex 19.6863 19.4786 2.5
      vertex 18.7413 21.8787 2.5
      vertex 19.36 19.5 2.5
    endloop
  endfacet
  facet normal -0 0 1
    outer loop
      vertex 18.4463 21.6199 2.5
      vertex 19.36 19.5 2.5
      vertex 18.7413 21.8787 2.5
    endloop
  endfacet
  facet normal 0 0 1
    outer loop
      vertex 19.36 19.5 2.5
      vertex 18.4463 21.6199 2.5
      vertex 19.0337 19.4786 2.5
    endloop
  endfacet
  facet normal -0 0 1
    outer loop
      vertex 18.12 21.4019 2.5
      vertex 19.0337 19.4786 2.5
      vertex 18.4463 21.6199 2.5
    endloop
  endfacet
  facet normal 0 0 1
    outer loop
      vertex 19.0337 19.4786 2.5
      vertex 18.12 21.4019 2.5
      vertex 18.713 19.4148 2.5
    endloop
  endfacet
  facet normal -0 0 1
    outer loop
      vertex 17.7681 21.2284 2.5
      vertex 18.713 19.4148 2.5
      vertex 18.12 21.4019 2.5
    endloop
  endfacet
  facet normal 0 0 1
    outer loop
      vertex 18.713 19.4148 2.5
      vertex 17.7681 21.2284 2.5
      vertex 18.4033 19.3097 2.5
    endloop
  endfacet
  facet normal -0 0 1
    outer loop
      vertex 17.3965 21.1022 2.5
      vertex 18.4033 19.3097 2.5
      vertex 17.7681 21.2284 2.5
    endloop
  endfacet
  facet normal 0 0 1
    outer loop
      vertex 18.4033 19.3097 2.5
      vertex 17.3965 21.1022 2.5
      vertex 18.11 19.1651 2.5
    endloop
  endfacet
  facet normal -0 0 1
    outer loop
      vertex 17.0116 21.0257 2.5
      vertex 18.11 19.1651 2.5
      vertex 17.3965 21.1022 2.5
    endloop
  endfacet
  facet normal 0 0 1
    outer loop
      vertex 18.11 19.1651 2.5
      vertex 17.0116 21.0257 2.5
      vertex 17.8381 18.9834 2.5
    endloop
  endfacet
  facet normal 0 0 1
    outer loop
      vertex 17.8381 18.9834 2.5
      vertex 17.0116 21.0257 2.5
      vertex 17.5922 18.7678 2.5
    endloop
  endfacet
  facet normal -0 0 1
    outer loop
      vertex 16.62 21 2.5
      vertex 17.5922 18.7678 2.5
      vertex 17.0116 21.0257 2.5
    endloop
  endfacet
  facet normal 0 0 1
    outer loop
      vertex 17.5922 18.7678 2.5
      vertex 16.62 21 2.5
      vertex 17.3766 18.5219 2.5
    endloop
  endfacet
  facet normal 0 0 1
    outer loop
      vertex 16.2284 21.0257 2.5
      vertex 17.3766 18.5219 2.5
      vertex 16.62 21 2.5
    endloop
  endfacet
  facet normal 0 0 1
    outer loop
      vertex 17.3766 18.5219 2.5
      vertex 16.2284 21.0257 2.5
      vertex 17.1949 18.25 2.5
    endloop
  endfacet
  facet normal 0 0 1
    outer loop
      vertex 15.8435 21.1022 2.5
      vertex 17.1949 18.25 2.5
      vertex 16.2284 21.0257 2.5
    endloop
  endfacet
  facet normal 0 0 1
    outer loop
      vertex 17.1949 18.25 2.5
      vertex 15.8435 21.1022 2.5
      vertex 17.0503 17.9567 2.5
    endloop
  endfacet
  facet normal 0 0 1
    outer loop
      vertex 15.4719 21.2284 2.5
      vertex 17.0503 17.9567 2.5
      vertex 15.8435 21.1022 2.5
    endloop
  endfacet
  facet normal 0 0 1
    outer loop
      vertex 37.6457 24.3916 2.5
      vertex 31.5943 24.3916 2.5
      vertex 31.62 24 2.5
    endloop
  endfacet
  facet normal 0 0 1
    outer loop
      vertex 35.38 31 2.5
      vertex 31.5178 24.7765 2.5
      vertex 31.5943 24.3916 2.5
    endloop
  endfacet
  facet normal 0 0 1
    outer loop
      vertex 35.5703 31.9567 2.5
      vertex 30.1507 36.8045 2.5
      vertex 35.4652 31.647 2.5
    endloop
  endfacet
  facet normal 0 0 1
    outer loop
      vertex 35.38 31 2.5
      vertex 31.3916 25.148 2.5
      vertex 31.5178 24.7765 2.5
    endloop
  endfacet
  facet normal 0 0 1
    outer loop
      vertex 35.38 31 2.5
      vertex 31.2181 25.5 2.5
      vertex 31.3916 25.148 2.5
    endloop
  endfacet
  facet normal -0 0 1
    outer loop
      vertex 29.6553 36.6363 2.5
      vertex 35.4652 31.647 2.5
      vertex 30.1507 36.8045 2.5
    endloop
  endfacet
  facet normal 0 0 1
    outer loop
      vertex 35.38 31 2.5
      vertex 31.0001 25.8263 2.5
      vertex 31.2181 25.5 2.5
    endloop
  endfacet
  facet normal 0 0 1
    outer loop
      vertex 35.38 31 2.5
      vertex 30.7413 26.1213 2.5
      vertex 31.0001 25.8263 2.5
    endloop
  endfacet
  facet normal 0 0 1
    outer loop
      vertex 35.4652 31.647 2.5
      vertex 29.6553 36.6363 2.5
      vertex 35.4014 31.3263 2.5
    endloop
  endfacet
  facet normal 0 0 1
    outer loop
      vertex 35.38 31 2.5
      vertex 30.4463 26.3801 2.5
      vertex 30.7413 26.1213 2.5
    endloop
  endfacet
  facet normal 0 0 1
    outer loop
      vertex 29.3965 26.8978 2.5
      vertex 35.4014 31.3263 2.5
      vertex 29.6553 36.6363 2.5
    endloop
  endfacet
  facet normal 0 0 1
    outer loop
      vertex 35.38 31 2.5
      vertex 30.12 26.5981 2.5
      vertex 30.4463 26.3801 2.5
    endloop
  endfacet
  facet normal 0 0 1
    outer loop
      vertex 35.38 31 2.5
      vertex 29.7681 26.7716 2.5
      vertex 30.12 26.5981 2.5
    endloop
  endfacet
  facet normal 0 0 1
    outer loop
      vertex 35.4014 31.3263 2.5
      vertex 29.3965 26.8978 2.5
      vertex 35.38 31 2.5
    endloop
  endfacet
  facet normal 0 0 1
    outer loop
      vertex 35.38 31 2.5
      vertex 29.3965 26.8978 2.5
      vertex 29.7681 26.7716 2.5
    endloop
  endfacet
  facet normal -0 0 1
    outer loop
      vertex 29.1421 36.5342 2.5
      vertex 29.3965 26.8978 2.5
      vertex 29.6553 36.6363 2.5
    endloop
  endfacet
  facet normal 0 0 1
    outer loop
      vertex 29.1421 36.5342 2.5
      vertex 29.0116 26.9743 2.5
      vertex 29.3965 26.8978 2.5
    endloop
  endfacet
  facet normal -0 0 1
    outer loop
      vertex 28.62 36.5 2.5
      vertex 29.0116 26.9743 2.5
      vertex 29.1421 36.5342 2.5
    endloop
  endfacet
  facet normal 0 0 1
    outer loop
      vertex 28.62 36.5 2.5
      vertex 28.62 27 2.5
      vertex 29.0116 26.9743 2.5
    endloop
  endfacet
  facet normal 0 0 1
    outer loop
      vertex 28.62 36.5 2.5
      vertex 28.2284 26.9743 2.5
      vertex 28.62 27 2.5
    endloop
  endfacet
  facet normal 0 0 1
    outer loop
      vertex 28.0979 36.5342 2.5
      vertex 28.2284 26.9743 2.5
      vertex 28.62 36.5 2.5
    endloop
  endfacet
  facet normal 0 0 1
    outer loop
      vertex 28.0979 36.5342 2.5
      vertex 27.8435 26.8978 2.5
      vertex 28.2284 26.9743 2.5
    endloop
  endfacet
  facet normal 0 0 1
    outer loop
      vertex 27.5847 36.6363 2.5
      vertex 27.8435 26.8978 2.5
      vertex 28.0979 36.5342 2.5
    endloop
  endfacet
  facet normal -0 0 1
    outer loop
      vertex 21.86 31 2.5
      vertex 27.8435 26.8978 2.5
      vertex 27.5847 36.6363 2.5
    endloop
  endfacet
  facet normal 0 0 1
    outer loop
      vertex 27.8435 26.8978 2.5
      vertex 21.86 31 2.5
      vertex 27.472 26.7716 2.5
    endloop
  endfacet
  facet normal 0 0 1
    outer loop
      vertex 21.86 31 2.5
      vertex 27.5847 36.6363 2.5
      vertex 27.0893 36.8045 2.5
    endloop
  endfacet
  facet normal -0 0 1
    outer loop
      vertex 21.8386 30.6737 2.5
      vertex 27.472 26.7716 2.5
      vertex 21.86 31 2.5
    endloop
  endfacet
  facet normal 0 0 1
    outer loop
      vertex 21.86 31 2.5
      vertex 27.0893 36.8045 2.5
      vertex 26.62 37.0359 2.5
    endloop
  endfacet
  facet normal 0 0 1
    outer loop
      vertex 27.472 26.7716 2.5
      vertex 21.8386 30.6737 2.5
      vertex 27.12 26.5981 2.5
    endloop
  endfacet
  facet normal -0 0 1
    outer loop
      vertex 21.7748 30.353 2.5
      vertex 27.12 26.5981 2.5
      vertex 21.8386 30.6737 2.5
    endloop
  endfacet
  facet normal 0 0 1
    outer loop
      vertex 21.86 31 2.5
      vertex 26.62 37.0359 2.5
      vertex 26.185 37.3266 2.5
    endloop
  endfacet
  facet normal 0 0 1
    outer loop
      vertex 27.12 26.5981 2.5
      vertex 21.7748 30.353 2.5
      vertex 26.7937 26.3801 2.5
    endloop
  endfacet
  facet normal -0 0 1
    outer loop
      vertex 21.6697 30.0433 2.5
      vertex 26.7937 26.3801 2.5
      vertex 21.7748 30.353 2.5
    endloop
  endfacet
  facet normal 0 0 1
    outer loop
      vertex 21.86 31 2.5
      vertex 26.185 37.3266 2.5
      vertex 25.7916 37.6716 2.5
    endloop
  endfacet
  facet normal 0 0 1
    outer loop
      vertex 26.7937 26.3801 2.5
      vertex 21.6697 30.0433 2.5
      vertex 26.4987 26.1213 2.5
    endloop
  endfacet
  facet normal -0 0 1
    outer loop
      vertex 21.5251 29.75 2.5
      vertex 26.4987 26.1213 2.5
      vertex 21.6697 30.0433 2.5
    endloop
  endfacet
  facet normal 0 0 1
    outer loop
      vertex 26.4987 26.1213 2.5
      vertex 21.5251 29.75 2.5
      vertex 26.2399 25.8263 2.5
    endloop
  endfacet
  facet normal 0 0 1
    outer loop
      vertex 21.86 31 2.5
      vertex 25.7916 37.6716 2.5
      vertex 25.4466 38.065 2.5
    endloop
  endfacet
  facet normal 0 0 1
    outer loop
      vertex 42.4463 21.6199 2.5
      vertex 40.3586 17.3263 2.5
      vertex 40.38 17 2.5
    endloop
  endfacet
  facet normal 0 0 1
    outer loop
      vertex 41.0116 21.0257 2.5
      vertex 40.2948 17.647 2.5
      vertex 40.3586 17.3263 2.5
    endloop
  endfacet
  facet normal 0 0 1
    outer loop
      vertex 39.6478 18.7678 2.5
      vertex 40.62 21 2.5
      vertex 40.2284 21.0257 2.5
    endloop
  endfacet
  facet normal 0 0 1
    outer loop
      vertex 41.0116 21.0257 2.5
      vertex 40.1897 17.9567 2.5
      vertex 40.2948 17.647 2.5
    endloop
  endfacet
  facet normal 0 0 1
    outer loop
      vertex 41.0116 21.0257 2.5
      vertex 40.0451 18.25 2.5
      vertex 40.1897 17.9567 2.5
    endloop
  endfacet
  facet normal 0 0 1
    outer loop
      vertex 41.0116 21.0257 2.5
      vertex 39.8634 18.5219 2.5
      vertex 40.0451 18.25 2.5
    endloop
  endfacet
  facet normal 0 0 1
    outer loop
      vertex 39.13 19.1651 2.5
      vertex 40.2284 21.0257 2.5
      vertex 39.8435 21.1022 2.5
    endloop
  endfacet
  facet normal 0 0 1
    outer loop
      vertex 40.62 21 2.5
      vertex 39.6478 18.7678 2.5
      vertex 39.8634 18.5219 2.5
    endloop
  endfacet
  facet normal 0 0 1
    outer loop
      vertex 38.8367 19.3097 2.5
      vertex 39.8435 21.1022 2.5
      vertex 39.472 21.2284 2.5
    endloop
  endfacet
  facet normal 0 0 1
    outer loop
      vertex 40.2284 21.0257 2.5
      vertex 39.4019 18.9834 2.5
      vertex 39.6478 18.7678 2.5
    endloop
  endfacet
  facet normal 0 0 1
    outer loop
      vertex 40.2284 21.0257 2.5
      vertex 39.13 19.1651 2.5
      vertex 39.4019 18.9834 2.5
    endloop
  endfacet
  facet normal 0 0 1
    outer loop
      vertex 38.527 19.4148 2.5
      vertex 39.472 21.2284 2.5
      vertex 39.12 21.4019 2.5
    endloop
  endfacet
  facet normal 0 0 1
    outer loop
      vertex 39.8435 21.1022 2.5
      vertex 38.8367 19.3097 2.5
      vertex 39.13 19.1651 2.5
    endloop
  endfacet
  facet normal 0 0 1
    outer loop
      vertex 38.2063 19.4786 2.5
      vertex 39.12 21.4019 2.5
      vertex 38.7937 21.6199 2.5
    endloop
  endfacet
  facet normal 0 0 1
    outer loop
      vertex 39.472 21.2284 2.5
      vertex 38.527 19.4148 2.5
      vertex 38.8367 19.3097 2.5
    endloop
  endfacet
  facet normal 0 0 1
    outer loop
      vertex 37.88 19.5 2.5
      vertex 38.7937 21.6199 2.5
      vertex 38.4987 21.8787 2.5
    endloop
  endfacet
  facet normal 0 0 1
    outer loop
      vertex 37.5537 19.4786 2.5
      vertex 38.4987 21.8787 2.5
      vertex 38.2399 22.1737 2.5
    endloop
  endfacet
  facet normal 0 0 1
    outer loop
      vertex 39.12 21.4019 2.5
      vertex 38.2063 19.4786 2.5
      vertex 38.527 19.4148 2.5
    endloop
  endfacet
  facet normal 0 0 1
    outer loop
      vertex 37.233 19.4148 2.5
      vertex 38.2399 22.1737 2.5
      vertex 38.0219 22.5 2.5
    endloop
  endfacet
  facet normal 0 0 1
    outer loop
      vertex 38.7937 21.6199 2.5
      vertex 37.88 19.5 2.5
      vertex 38.2063 19.4786 2.5
    endloop
  endfacet
  facet normal 0 0 1
    outer loop
      vertex 36.9233 19.3097 2.5
      vertex 38.0219 22.5 2.5
      vertex 37.8484 22.8519 2.5
    endloop
  endfacet
  facet normal 0 0 1
    outer loop
      vertex 31.3916 22.8519 2.5
      vertex 37.8484 22.8519 2.5
      vertex 37.7222 23.2235 2.5
    endloop
  endfacet
  facet normal 0 0 1
    outer loop
      vertex 31.5178 23.2235 2.5
      vertex 37.7222 23.2235 2.5
      vertex 37.6457 23.6084 2.5
    endloop
  endfacet
  facet normal 0 0 1
    outer loop
      vertex 31.5943 23.6084 2.5
      vertex 37.6457 23.6084 2.5
      vertex 37.62 24 2.5
    endloop
  endfacet
  facet normal 0 0 1
    outer loop
      vertex 38.4987 21.8787 2.5
      vertex 37.5537 19.4786 2.5
      vertex 37.88 19.5 2.5
    endloop
  endfacet
  facet normal 0 0 1
    outer loop
      vertex 36.3581 29.0166 2.5
      vertex 37.8484 25.148 2.5
      vertex 36.63 28.8349 2.5
    endloop
  endfacet
  facet normal 0 0 1
    outer loop
      vertex 31.5943 24.3916 2.5
      vertex 37.8484 25.148 2.5
      vertex 36.3581 29.0166 2.5
    endloop
  endfacet
  facet normal 0 0 1
    outer loop
      vertex 38.2399 22.1737 2.5
      vertex 37.233 19.4148 2.5
      vertex 37.5537 19.4786 2.5
    endloop
  endfacet
  facet normal 0 0 1
    outer loop
      vertex 31.5943 24.3916 2.5
      vertex 37.6457 24.3916 2.5
      vertex 37.7222 24.7765 2.5
    endloop
  endfacet
  facet normal 0 0 1
    outer loop
      vertex 31.5943 23.6084 2.5
      vertex 37.62 24 2.5
      vertex 31.62 24 2.5
    endloop
  endfacet
  facet normal 0 0 1
    outer loop
      vertex 37.6457 24.3916 2.5
      vertex 31.62 24 2.5
      vertex 37.62 24 2.5
    endloop
  endfacet
  facet normal 0 0 1
    outer loop
      vertex 37.6457 23.6084 2.5
      vertex 31.5943 23.6084 2.5
      vertex 31.5178 23.2235 2.5
    endloop
  endfacet
  facet normal 0 0 1
    outer loop
      vertex 37.8484 25.148 2.5
      vertex 31.5943 24.3916 2.5
      vertex 37.7222 24.7765 2.5
    endloop
  endfacet
  facet normal 0 0 1
    outer loop
      vertex 38.0219 22.5 2.5
      vertex 36.9233 19.3097 2.5
      vertex 37.233 19.4148 2.5
    endloop
  endfacet
  facet normal 0 0 1
    outer loop
      vertex 31.5943 24.3916 2.5
      vertex 36.3581 29.0166 2.5
      vertex 36.1122 29.2322 2.5
    endloop
  endfacet
  facet normal 0 0 1
    outer loop
      vertex 31.3916 22.8519 2.5
      vertex 37.7222 23.2235 2.5
      vertex 31.5178 23.2235 2.5
    endloop
  endfacet
  facet normal 0 0 1
    outer loop
      vertex 31.5943 24.3916 2.5
      vertex 36.1122 29.2322 2.5
      vertex 35.8966 29.4781 2.5
    endloop
  endfacet
  facet normal 0 0 1
    outer loop
      vertex 37.8484 22.8519 2.5
      vertex 36.63 19.1651 2.5
      vertex 36.9233 19.3097 2.5
    endloop
  endfacet
  facet normal 0 0 1
    outer loop
      vertex 31.5943 24.3916 2.5
      vertex 35.8966 29.4781 2.5
      vertex 35.7149 29.75 2.5
    endloop
  endfacet
  facet normal 0 0 1
    outer loop
      vertex 37.8484 22.8519 2.5
      vertex 31.3916 22.8519 2.5
      vertex 36.63 19.1651 2.5
    endloop
  endfacet
  facet normal 0 0 1
    outer loop
      vertex 31.5943 24.3916 2.5
      vertex 35.7149 29.75 2.5
      vertex 35.5703 30.0433 2.5
    endloop
  endfacet
  facet normal 0 0 1
    outer loop
      vertex 36.63 19.1651 2.5
      vertex 31.3916 22.8519 2.5
      vertex 36.3581 18.9834 2.5
    endloop
  endfacet
  facet normal 0 0 1
    outer loop
      vertex 31.5943 24.3916 2.5
      vertex 35.5703 30.0433 2.5
      vertex 35.4652 30.353 2.5
    endloop
  endfacet
  facet normal 0 0 1
    outer loop
      vertex 36.3581 18.9834 2.5
      vertex 31.3916 22.8519 2.5
      vertex 36.1122 18.7678 2.5
    endloop
  endfacet
  facet normal 0 0 1
    outer loop
      vertex 31.5943 24.3916 2.5
      vertex 35.4652 30.353 2.5
      vertex 35.4014 30.6737 2.5
    endloop
  endfacet
  facet normal -0 0 1
    outer loop
      vertex 31.2181 22.5 2.5
      vertex 36.1122 18.7678 2.5
      vertex 31.3916 22.8519 2.5
    endloop
  endfacet
  facet normal 0 0 1
    outer loop
      vertex 31.5943 24.3916 2.5
      vertex 35.4014 30.6737 2.5
      vertex 35.38 31 2.5
    endloop
  endfacet
  facet normal 0 0 1
    outer loop
      vertex 36.1122 18.7678 2.5
      vertex 31.2181 22.5 2.5
      vertex 35.8966 18.5219 2.5
    endloop
  endfacet
  facet normal 0 0 1
    outer loop
      vertex 54.74 45.5 2.5
      vertex 52.6037 38.4647 2.5
      vertex 54.74 2.5 2.5
    endloop
  endfacet
  facet normal 0 0 1
    outer loop
      vertex 54.74 2.5 2.5
      vertex 52.7058 9.0221 2.5
      vertex 52.74 8.5 2.5
    endloop
  endfacet
  facet normal -0 0 1
    outer loop
      vertex 52.6037 9.53528 2.5
      vertex 54.74 2.5 2.5
      vertex 52.6037 38.4647 2.5
    endloop
  endfacet
  facet normal 0 0 1
    outer loop
      vertex 54.74 2.5 2.5
      vertex 52.6037 9.53528 2.5
      vertex 52.7058 9.0221 2.5
    endloop
  endfacet
  facet normal -0 0 1
    outer loop
      vertex 52.4355 37.9693 2.5
      vertex 52.6037 9.53528 2.5
      vertex 52.6037 38.4647 2.5
    endloop
  endfacet
  facet normal 0 0 1
    outer loop
      vertex 52.4355 37.9693 2.5
      vertex 52.4355 10.0307 2.5
      vertex 52.6037 9.53528 2.5
    endloop
  endfacet
  facet normal -0 0 1
    outer loop
      vertex 52.2041 37.5 2.5
      vertex 52.4355 10.0307 2.5
      vertex 52.4355 37.9693 2.5
    endloop
  endfacet
  facet normal 0 0 1
    outer loop
      vertex 52.2041 37.5 2.5
      vertex 52.2041 10.5 2.5
      vertex 52.4355 10.0307 2.5
    endloop
  endfacet
  facet normal -0 0 1
    outer loop
      vertex 51.9134 37.065 2.5
      vertex 52.2041 10.5 2.5
      vertex 52.2041 37.5 2.5
    endloop
  endfacet
  facet normal 0 0 1
    outer loop
      vertex 51.9134 37.065 2.5
      vertex 51.9134 10.935 2.5
      vertex 52.2041 10.5 2.5
    endloop
  endfacet
  facet normal -0 0 1
    outer loop
      vertex 51.5684 36.6716 2.5
      vertex 51.9134 10.935 2.5
      vertex 51.9134 37.065 2.5
    endloop
  endfacet
  facet normal 0 0 1
    outer loop
      vertex 51.5684 36.6716 2.5
      vertex 51.5684 11.3284 2.5
      vertex 51.9134 10.935 2.5
    endloop
  endfacet
  facet normal -0 0 1
    outer loop
      vertex 51.175 36.3266 2.5
      vertex 51.5684 11.3284 2.5
      vertex 51.5684 36.6716 2.5
    endloop
  endfacet
  facet normal 0 0 1
    outer loop
      vertex 51.175 36.3266 2.5
      vertex 51.175 11.6734 2.5
      vertex 51.5684 11.3284 2.5
    endloop
  endfacet
  facet normal -0 0 1
    outer loop
      vertex 50.74 36.0359 2.5
      vertex 51.175 11.6734 2.5
      vertex 51.175 36.3266 2.5
    endloop
  endfacet
  facet normal 0 0 1
    outer loop
      vertex 50.74 36.0359 2.5
      vertex 50.74 11.9641 2.5
      vertex 51.175 11.6734 2.5
    endloop
  endfacet
  facet normal 0 0 1
    outer loop
      vertex 43.62 24 2.5
      vertex 50.74 36.0359 2.5
      vertex 50.2707 35.8045 2.5
    endloop
  endfacet
  facet normal 0 0 1
    outer loop
      vertex 50.74 36.0359 2.5
      vertex 43.62 24 2.5
      vertex 50.74 11.9641 2.5
    endloop
  endfacet
  facet normal 0 0 1
    outer loop
      vertex 43.5943 24.3916 2.5
      vertex 50.2707 35.8045 2.5
      vertex 49.7753 35.6363 2.5
    endloop
  endfacet
  facet normal 0 0 1
    outer loop
      vertex 50.74 11.9641 2.5
      vertex 43.62 24 2.5
      vertex 50.2707 12.1955 2.5
    endloop
  endfacet
  facet normal 0 0 1
    outer loop
      vertex 43.3916 25.148 2.5
      vertex 49.7753 35.6363 2.5
      vertex 49.2621 35.5342 2.5
    endloop
  endfacet
  facet normal -0 0 1
    outer loop
      vertex 43.5943 23.6084 2.5
      vertex 50.2707 12.1955 2.5
      vertex 43.62 24 2.5
    endloop
  endfacet
  facet normal 0 0 1
    outer loop
      vertex 43.2181 25.5 2.5
      vertex 49.2621 35.5342 2.5
      vertex 48.74 35.5 2.5
    endloop
  endfacet
  facet normal 0 0 1
    outer loop
      vertex 50.2707 12.1955 2.5
      vertex 43.5943 23.6084 2.5
      vertex 49.7753 12.3637 2.5
    endloop
  endfacet
  facet normal 0 0 1
    outer loop
      vertex 43.0001 25.8263 2.5
      vertex 48.74 35.5 2.5
      vertex 48.2179 35.5342 2.5
    endloop
  endfacet
  facet normal -0 0 1
    outer loop
      vertex 43.5178 23.2235 2.5
      vertex 49.7753 12.3637 2.5
      vertex 43.5943 23.6084 2.5
    endloop
  endfacet
  facet normal 0 0 1
    outer loop
      vertex 42.7413 26.1213 2.5
      vertex 48.2179 35.5342 2.5
      vertex 47.7047 35.6363 2.5
    endloop
  endfacet
  facet normal -0 0 1
    outer loop
      vertex 43.3916 22.8519 2.5
      vertex 49.7753 12.3637 2.5
      vertex 43.5178 23.2235 2.5
    endloop
  endfacet
  facet normal 0 0 1
    outer loop
      vertex 42.4463 26.3801 2.5
      vertex 47.7047 35.6363 2.5
      vertex 47.2093 35.8045 2.5
    endloop
  endfacet
  facet normal 0 0 1
    outer loop
      vertex 49.7753 12.3637 2.5
      vertex 43.3916 22.8519 2.5
      vertex 49.2621 12.4658 2.5
    endloop
  endfacet
  facet normal 0 0 1
    outer loop
      vertex 40.3586 31.3263 2.5
      vertex 47.2093 35.8045 2.5
      vertex 46.74 36.0359 2.5
    endloop
  endfacet
  facet normal -0 0 1
    outer loop
      vertex 43.2181 22.5 2.5
      vertex 49.2621 12.4658 2.5
      vertex 43.3916 22.8519 2.5
    endloop
  endfacet
  facet normal 0 0 1
    outer loop
      vertex 40.2948 31.647 2.5
      vertex 46.74 36.0359 2.5
      vertex 46.305 36.3266 2.5
    endloop
  endfacet
  facet normal 0 0 1
    outer loop
      vertex 49.2621 12.4658 2.5
      vertex 43.2181 22.5 2.5
      vertex 48.74 12.5 2.5
    endloop
  endfacet
  facet normal 0 0 1
    outer loop
      vertex 40.1897 31.9567 2.5
      vertex 46.305 36.3266 2.5
      vertex 45.9116 36.6716 2.5
    endloop
  endfacet
  facet normal -0 0 1
    outer loop
      vertex 43.0001 22.1737 2.5
      vertex 48.74 12.5 2.5
      vertex 43.2181 22.5 2.5
    endloop
  endfacet
  facet normal 0 0 1
    outer loop
      vertex 40.0451 32.25 2.5
      vertex 45.9116 36.6716 2.5
      vertex 45.5666 37.065 2.5
    endloop
  endfacet
  facet normal 0 0 1
    outer loop
      vertex 48.74 12.5 2.5
      vertex 43.0001 22.1737 2.5
      vertex 48.2179 12.4658 2.5
    endloop
  endfacet
  facet normal 0 0 1
    outer loop
      vertex 39.6478 32.7678 2.5
      vertex 45.5666 37.065 2.5
      vertex 45.2759 37.5 2.5
    endloop
  endfacet
  facet normal -0 0 1
    outer loop
      vertex 42.7413 21.8787 2.5
      vertex 48.2179 12.4658 2.5
      vertex 43.0001 22.1737 2.5
    endloop
  endfacet
  facet normal 0 0 1
    outer loop
      vertex 39.4019 32.9834 2.5
      vertex 45.2759 37.5 2.5
      vertex 45.0445 37.9693 2.5
    endloop
  endfacet
  facet normal 0 0 1
    outer loop
      vertex 48.2179 12.4658 2.5
      vertex 42.7413 21.8787 2.5
      vertex 47.7047 12.3637 2.5
    endloop
  endfacet
  facet normal 0 0 1
    outer loop
      vertex 39.13 33.1651 2.5
      vertex 45.0445 37.9693 2.5
      vertex 44.8763 38.4647 2.5
    endloop
  endfacet
  facet normal -0 0 1
    outer loop
      vertex 42.4463 21.6199 2.5
      vertex 47.7047 12.3637 2.5
      vertex 42.7413 21.8787 2.5
    endloop
  endfacet
  facet normal 0 0 1
    outer loop
      vertex 38.8367 33.3097 2.5
      vertex 44.8763 38.4647 2.5
      vertex 44.7742 38.9779 2.5
    endloop
  endfacet
  facet normal 0 0 1
    outer loop
      vertex 47.7047 12.3637 2.5
      vertex 42.4463 21.6199 2.5
      vertex 47.2093 12.1955 2.5
    endloop
  endfacet
  facet normal 0 0 1
    outer loop
      vertex 38.2063 33.4786 2.5
      vertex 44.7742 38.9779 2.5
      vertex 44.74 39.5 2.5
    endloop
  endfacet
  facet normal -0 0 1
    outer loop
      vertex 40.38 17 2.5
      vertex 47.2093 12.1955 2.5
      vertex 42.4463 21.6199 2.5
    endloop
  endfacet
  facet normal 0 0 1
    outer loop
      vertex 52.7058 38.9779 2.5
      vertex 54.74 45.5 2.5
      vertex 52.74 39.5 2.5
    endloop
  endfacet
  facet normal 0 0 1
    outer loop
      vertex 54.74 45.5 2.5
      vertex 52.7058 40.0221 2.5
      vertex 52.74 39.5 2.5
    endloop
  endfacet
  facet normal 0 0 1
    outer loop
      vertex 54.74 45.5 2.5
      vertex 52.6037 40.5353 2.5
      vertex 52.7058 40.0221 2.5
    endloop
  endfacet
  facet normal 0 0 1
    outer loop
      vertex 54.74 45.5 2.5
      vertex 52.4355 41.0307 2.5
      vertex 52.6037 40.5353 2.5
    endloop
  endfacet
  facet normal 0 0 1
    outer loop
      vertex 54.74 45.5 2.5
      vertex 52.2041 41.5 2.5
      vertex 52.4355 41.0307 2.5
    endloop
  endfacet
  facet normal 0 0 1
    outer loop
      vertex 54.74 45.5 2.5
      vertex 51.9134 41.935 2.5
      vertex 52.2041 41.5 2.5
    endloop
  endfacet
  facet normal 0 0 1
    outer loop
      vertex 54.74 45.5 2.5
      vertex 51.5684 42.3284 2.5
      vertex 51.9134 41.935 2.5
    endloop
  endfacet
  facet normal 0 0 1
    outer loop
      vertex 54.74 45.5 2.5
      vertex 51.175 42.6734 2.5
      vertex 51.5684 42.3284 2.5
    endloop
  endfacet
  facet normal 0 0 1
    outer loop
      vertex 54.74 45.5 2.5
      vertex 50.74 42.9641 2.5
      vertex 51.175 42.6734 2.5
    endloop
  endfacet
  facet normal 0 0 1
    outer loop
      vertex 54.74 45.5 2.5
      vertex 50.2707 43.1955 2.5
      vertex 50.74 42.9641 2.5
    endloop
  endfacet
  facet normal 0 0 1
    outer loop
      vertex 54.74 45.5 2.5
      vertex 49.7753 43.3637 2.5
      vertex 50.2707 43.1955 2.5
    endloop
  endfacet
  facet normal 0 0 1
    outer loop
      vertex 54.74 45.5 2.5
      vertex 49.2621 43.4658 2.5
      vertex 49.7753 43.3637 2.5
    endloop
  endfacet
  facet normal 0 0 1
    outer loop
      vertex 54.74 45.5 2.5
      vertex 48.74 43.5 2.5
      vertex 49.2621 43.4658 2.5
    endloop
  endfacet
  facet normal 0 0 1
    outer loop
      vertex 54.74 45.5 2.5
      vertex 48.2179 43.4658 2.5
      vertex 48.74 43.5 2.5
    endloop
  endfacet
  facet normal 0 0 1
    outer loop
      vertex 54.74 45.5 2.5
      vertex 47.7047 43.3637 2.5
      vertex 48.2179 43.4658 2.5
    endloop
  endfacet
  facet normal -0 0 1
    outer loop
      vertex 40.3586 16.6737 2.5
      vertex 47.2093 12.1955 2.5
      vertex 40.38 17 2.5
    endloop
  endfacet
  facet normal 0 0 1
    outer loop
      vertex 32.62 40.5 2.5
      vertex 44.74 39.5 2.5
      vertex 44.7742 40.0221 2.5
    endloop
  endfacet
  facet normal 0 0 1
    outer loop
      vertex 50.2707 35.8045 2.5
      vertex 43.5943 24.3916 2.5
      vertex 43.62 24 2.5
    endloop
  endfacet
  facet normal 0 0 1
    outer loop
      vertex 49.7753 35.6363 2.5
      vertex 43.5178 24.7765 2.5
      vertex 43.5943 24.3916 2.5
    endloop
  endfacet
  facet normal 0 0 1
    outer loop
      vertex 49.7753 35.6363 2.5
      vertex 43.3916 25.148 2.5
      vertex 43.5178 24.7765 2.5
    endloop
  endfacet
  facet normal 0 0 1
    outer loop
      vertex 49.2621 35.5342 2.5
      vertex 43.2181 25.5 2.5
      vertex 43.3916 25.148 2.5
    endloop
  endfacet
  facet normal 0 0 1
    outer loop
      vertex 48.74 35.5 2.5
      vertex 43.0001 25.8263 2.5
      vertex 43.2181 25.5 2.5
    endloop
  endfacet
  facet normal 0 0 1
    outer loop
      vertex 48.2179 35.5342 2.5
      vertex 42.7413 26.1213 2.5
      vertex 43.0001 25.8263 2.5
    endloop
  endfacet
  facet normal 0 0 1
    outer loop
      vertex 47.2093 35.8045 2.5
      vertex 40.3586 31.3263 2.5
      vertex 40.38 31 2.5
    endloop
  endfacet
  facet normal 0 0 1
    outer loop
      vertex 47.2093 35.8045 2.5
      vertex 40.38 31 2.5
      vertex 42.4463 26.3801 2.5
    endloop
  endfacet
  facet normal 0 0 1
    outer loop
      vertex 47.7047 35.6363 2.5
      vertex 42.4463 26.3801 2.5
      vertex 42.7413 26.1213 2.5
    endloop
  endfacet
  facet normal 0 0 1
    outer loop
      vertex 32.5858 41.0221 2.5
      vertex 44.7742 40.0221 2.5
      vertex 44.8763 40.5353 2.5
    endloop
  endfacet
  facet normal -0 0 1
    outer loop
      vertex 40.3586 30.6737 2.5
      vertex 42.4463 26.3801 2.5
      vertex 40.38 31 2.5
    endloop
  endfacet
  facet normal -0 0 1
    outer loop
      vertex 40.2948 30.353 2.5
      vertex 42.12 26.5981 2.5
      vertex 40.3586 30.6737 2.5
    endloop
  endfacet
  facet normal 0 0 1
    outer loop
      vertex 42.12 26.5981 2.5
      vertex 40.2948 30.353 2.5
      vertex 41.7681 26.7716 2.5
    endloop
  endfacet
  facet normal -0 0 1
    outer loop
      vertex 40.1897 30.0433 2.5
      vertex 41.7681 26.7716 2.5
      vertex 40.2948 30.353 2.5
    endloop
  endfacet
  facet normal 0 0 1
    outer loop
      vertex 32.4837 41.5353 2.5
      vertex 44.8763 40.5353 2.5
      vertex 45.0445 41.0307 2.5
    endloop
  endfacet
  facet normal 0 0 1
    outer loop
      vertex 42.4463 26.3801 2.5
      vertex 40.3586 30.6737 2.5
      vertex 42.12 26.5981 2.5
    endloop
  endfacet
  facet normal 0 0 1
    outer loop
      vertex 46.74 36.0359 2.5
      vertex 40.2948 31.647 2.5
      vertex 40.3586 31.3263 2.5
    endloop
  endfacet
  facet normal 0 0 1
    outer loop
      vertex 32.3155 42.0307 2.5
      vertex 45.0445 41.0307 2.5
      vertex 45.2759 41.5 2.5
    endloop
  endfacet
  facet normal 0 0 1
    outer loop
      vertex 46.305 36.3266 2.5
      vertex 40.1897 31.9567 2.5
      vertex 40.2948 31.647 2.5
    endloop
  endfacet
  facet normal 0 0 1
    outer loop
      vertex 45.9116 36.6716 2.5
      vertex 40.0451 32.25 2.5
      vertex 40.1897 31.9567 2.5
    endloop
  endfacet
  facet normal 0 0 1
    outer loop
      vertex 45.5666 37.065 2.5
      vertex 39.8634 32.5219 2.5
      vertex 40.0451 32.25 2.5
    endloop
  endfacet
  facet normal 0 0 1
    outer loop
      vertex 45.5666 37.065 2.5
      vertex 39.6478 32.7678 2.5
      vertex 39.8634 32.5219 2.5
    endloop
  endfacet
  facet normal 0 0 1
    outer loop
      vertex 45.2759 37.5 2.5
      vertex 39.4019 32.9834 2.5
      vertex 39.6478 32.7678 2.5
    endloop
  endfacet
  facet normal 0 0 1
    outer loop
      vertex 32.0841 42.5 2.5
      vertex 45.2759 41.5 2.5
      vertex 45.5666 41.935 2.5
    endloop
  endfacet
  facet normal 0 0 1
    outer loop
      vertex 45.0445 37.9693 2.5
      vertex 39.13 33.1651 2.5
      vertex 39.4019 32.9834 2.5
    endloop
  endfacet
  facet normal 0 0 1
    outer loop
      vertex 44.8763 38.4647 2.5
      vertex 38.8367 33.3097 2.5
      vertex 39.13 33.1651 2.5
    endloop
  endfacet
  facet normal 0 0 1
    outer loop
      vertex 44.7742 38.9779 2.5
      vertex 38.527 33.4148 2.5
      vertex 38.8367 33.3097 2.5
    endloop
  endfacet
  facet normal 0 0 1
    outer loop
      vertex 44.7742 38.9779 2.5
      vertex 38.2063 33.4786 2.5
      vertex 38.527 33.4148 2.5
    endloop
  endfacet
  facet normal 0 0 1
    outer loop
      vertex 44.74 39.5 2.5
      vertex 32.62 40.5 2.5
      vertex 32.5858 39.9779 2.5
    endloop
  endfacet
  facet normal 0 0 1
    outer loop
      vertex 31.7934 42.935 2.5
      vertex 45.5666 41.935 2.5
      vertex 45.9116 42.3284 2.5
    endloop
  endfacet
  facet normal 0 0 1
    outer loop
      vertex 44.74 39.5 2.5
      vertex 32.5858 39.9779 2.5
      vertex 38.2063 33.4786 2.5
    endloop
  endfacet
  facet normal 0 0 1
    outer loop
      vertex 38.2063 33.4786 2.5
      vertex 32.5858 39.9779 2.5
      vertex 37.88 33.5 2.5
    endloop
  endfacet
  facet normal -0 0 1
    outer loop
      vertex 32.4837 39.4647 2.5
      vertex 37.88 33.5 2.5
      vertex 32.5858 39.9779 2.5
    endloop
  endfacet
  facet normal -0 0 1
    outer loop
      vertex 32.3155 38.9693 2.5
      vertex 37.5537 33.4786 2.5
      vertex 32.4837 39.4647 2.5
    endloop
  endfacet
  facet normal 0 0 1
    outer loop
      vertex 37.5537 33.4786 2.5
      vertex 32.3155 38.9693 2.5
      vertex 37.233 33.4148 2.5
    endloop
  endfacet
  facet normal 0 0 1
    outer loop
      vertex 37.233 33.4148 2.5
      vertex 32.3155 38.9693 2.5
      vertex 36.9233 33.3097 2.5
    endloop
  endfacet
  facet normal -0 0 1
    outer loop
      vertex 31.055 37.3266 2.5
      vertex 36.1122 32.7678 2.5
      vertex 31.4484 37.6716 2.5
    endloop
  endfacet
  facet normal 0 0 1
    outer loop
      vertex 36.3581 32.9834 2.5
      vertex 31.4484 37.6716 2.5
      vertex 36.1122 32.7678 2.5
    endloop
  endfacet
  facet normal -0 0 1
    outer loop
      vertex 31.4484 37.6716 2.5
      vertex 36.3581 32.9834 2.5
      vertex 31.7934 38.065 2.5
    endloop
  endfacet
  facet normal 0 0 1
    outer loop
      vertex 36.63 33.1651 2.5
      vertex 31.7934 38.065 2.5
      vertex 36.3581 32.9834 2.5
    endloop
  endfacet
  facet normal -0 0 1
    outer loop
      vertex 31.7934 38.065 2.5
      vertex 36.63 33.1651 2.5
      vertex 32.0841 38.5 2.5
    endloop
  endfacet
  facet normal 0 0 1
    outer loop
      vertex 36.9233 33.3097 2.5
      vertex 32.0841 38.5 2.5
      vertex 36.63 33.1651 2.5
    endloop
  endfacet
  facet normal -0 0 1
    outer loop
      vertex 32.0841 38.5 2.5
      vertex 36.9233 33.3097 2.5
      vertex 32.3155 38.9693 2.5
    endloop
  endfacet
  facet normal 0 0 1
    outer loop
      vertex 37.88 33.5 2.5
      vertex 32.4837 39.4647 2.5
      vertex 37.5537 33.4786 2.5
    endloop
  endfacet
  facet normal 0 0 1
    outer loop
      vertex 31.4484 43.3284 2.5
      vertex 45.9116 42.3284 2.5
      vertex 46.305 42.6734 2.5
    endloop
  endfacet
  facet normal 0 0 1
    outer loop
      vertex 31.055 43.6734 2.5
      vertex 46.305 42.6734 2.5
      vertex 46.74 42.9641 2.5
    endloop
  endfacet
  facet normal 0 0 1
    outer loop
      vertex 30.62 43.9641 2.5
      vertex 46.74 42.9641 2.5
      vertex 47.2093 43.1955 2.5
    endloop
  endfacet
  facet normal 0 0 1
    outer loop
      vertex 30.1507 44.1955 2.5
      vertex 47.2093 43.1955 2.5
      vertex 47.7047 43.3637 2.5
    endloop
  endfacet
  facet normal -0 0 1
    outer loop
      vertex 29.6553 44.3637 2.5
      vertex 47.7047 43.3637 2.5
      vertex 54.74 45.5 2.5
    endloop
  endfacet
  facet normal 0 0 1
    outer loop
      vertex 44.7742 40.0221 2.5
      vertex 32.5858 41.0221 2.5
      vertex 32.62 40.5 2.5
    endloop
  endfacet
  facet normal 0 0 1
    outer loop
      vertex 44.8763 40.5353 2.5
      vertex 32.4837 41.5353 2.5
      vertex 32.5858 41.0221 2.5
    endloop
  endfacet
  facet normal 0 0 1
    outer loop
      vertex 45.0445 41.0307 2.5
      vertex 32.3155 42.0307 2.5
      vertex 32.4837 41.5353 2.5
    endloop
  endfacet
  facet normal 0 0 1
    outer loop
      vertex 45.2759 41.5 2.5
      vertex 32.0841 42.5 2.5
      vertex 32.3155 42.0307 2.5
    endloop
  endfacet
  facet normal 0 0 1
    outer loop
      vertex 45.5666 41.935 2.5
      vertex 31.7934 42.935 2.5
      vertex 32.0841 42.5 2.5
    endloop
  endfacet
  facet normal 0 0 1
    outer loop
      vertex 45.9116 42.3284 2.5
      vertex 31.4484 43.3284 2.5
      vertex 31.7934 42.935 2.5
    endloop
  endfacet
  facet normal 0 0 1
    outer loop
      vertex 46.305 42.6734 2.5
      vertex 31.055 43.6734 2.5
      vertex 31.4484 43.3284 2.5
    endloop
  endfacet
  facet normal 0 0 1
    outer loop
      vertex 46.74 42.9641 2.5
      vertex 30.62 43.9641 2.5
      vertex 31.055 43.6734 2.5
    endloop
  endfacet
  facet normal 0 0 1
    outer loop
      vertex 47.2093 43.1955 2.5
      vertex 30.1507 44.1955 2.5
      vertex 30.62 43.9641 2.5
    endloop
  endfacet
  facet normal 0 0 1
    outer loop
      vertex 47.7047 43.3637 2.5
      vertex 29.6553 44.3637 2.5
      vertex 30.1507 44.1955 2.5
    endloop
  endfacet
  facet normal 0 0 1
    outer loop
      vertex 54.74 45.5 2.5
      vertex 29.1421 44.4658 2.5
      vertex 29.6553 44.3637 2.5
    endloop
  endfacet
  facet normal 0 0 1
    outer loop
      vertex 54.74 45.5 2.5
      vertex 28.62 44.5 2.5
      vertex 29.1421 44.4658 2.5
    endloop
  endfacet
  facet normal 0 0 1
    outer loop
      vertex 12.4658 40.0221 2.5
      vertex 24.62 40.5 2.5
      vertex 24.6542 41.0221 2.5
    endloop
  endfacet
  facet normal 0 0 1
    outer loop
      vertex 12.3637 40.5353 2.5
      vertex 24.6542 41.0221 2.5
      vertex 24.7563 41.5353 2.5
    endloop
  endfacet
  facet normal 0 0 1
    outer loop
      vertex 24.62 40.5 2.5
      vertex 21.8386 31.3263 2.5
      vertex 21.86 31 2.5
    endloop
  endfacet
  facet normal 0 0 1
    outer loop
      vertex 24.62 40.5 2.5
      vertex 21.7748 31.647 2.5
      vertex 21.8386 31.3263 2.5
    endloop
  endfacet
  facet normal 0 0 1
    outer loop
      vertex 24.62 40.5 2.5
      vertex 21.6697 31.9567 2.5
      vertex 21.7748 31.647 2.5
    endloop
  endfacet
  facet normal 0 0 1
    outer loop
      vertex 24.62 40.5 2.5
      vertex 21.5251 32.25 2.5
      vertex 21.6697 31.9567 2.5
    endloop
  endfacet
  facet normal 0 0 1
    outer loop
      vertex 12.1955 41.0307 2.5
      vertex 24.7563 41.5353 2.5
      vertex 24.9245 42.0307 2.5
    endloop
  endfacet
  facet normal 0 0 1
    outer loop
      vertex 24.62 40.5 2.5
      vertex 21.3434 32.5219 2.5
      vertex 21.5251 32.25 2.5
    endloop
  endfacet
  facet normal 0 0 1
    outer loop
      vertex 24.62 40.5 2.5
      vertex 21.1278 32.7678 2.5
      vertex 21.3434 32.5219 2.5
    endloop
  endfacet
  facet normal 0 0 1
    outer loop
      vertex 24.62 40.5 2.5
      vertex 20.8819 32.9834 2.5
      vertex 21.1278 32.7678 2.5
    endloop
  endfacet
  facet normal 0 0 1
    outer loop
      vertex 24.62 40.5 2.5
      vertex 20.61 33.1651 2.5
      vertex 20.8819 32.9834 2.5
    endloop
  endfacet
  facet normal 0 0 1
    outer loop
      vertex 24.62 40.5 2.5
      vertex 20.3167 33.3097 2.5
      vertex 20.61 33.1651 2.5
    endloop
  endfacet
  facet normal 0 0 1
    outer loop
      vertex 11.9641 41.5 2.5
      vertex 24.9245 42.0307 2.5
      vertex 25.1559 42.5 2.5
    endloop
  endfacet
  facet normal 0 0 1
    outer loop
      vertex 24.62 40.5 2.5
      vertex 20.007 33.4148 2.5
      vertex 20.3167 33.3097 2.5
    endloop
  endfacet
  facet normal 0 0 1
    outer loop
      vertex 24.62 40.5 2.5
      vertex 19.6863 33.4786 2.5
      vertex 20.007 33.4148 2.5
    endloop
  endfacet
  facet normal 0 0 1
    outer loop
      vertex 24.62 40.5 2.5
      vertex 19.36 33.5 2.5
      vertex 19.6863 33.4786 2.5
    endloop
  endfacet
  facet normal 0 0 1
    outer loop
      vertex 24.62 40.5 2.5
      vertex 12.5 39.5 2.5
      vertex 19.0337 33.4786 2.5
    endloop
  endfacet
  facet normal 0 0 1
    outer loop
      vertex 11.6734 41.935 2.5
      vertex 25.1559 42.5 2.5
      vertex 25.4466 42.935 2.5
    endloop
  endfacet
  facet normal 0 0 1
    outer loop
      vertex 24.62 40.5 2.5
      vertex 19.0337 33.4786 2.5
      vertex 19.36 33.5 2.5
    endloop
  endfacet
  facet normal -0 0 1
    outer loop
      vertex 12.4658 38.9779 2.5
      vertex 19.0337 33.4786 2.5
      vertex 12.5 39.5 2.5
    endloop
  endfacet
  facet normal 0 0 1
    outer loop
      vertex 19.0337 33.4786 2.5
      vertex 12.4658 38.9779 2.5
      vertex 18.713 33.4148 2.5
    endloop
  endfacet
  facet normal 0 0 1
    outer loop
      vertex 18.713 33.4148 2.5
      vertex 12.4658 38.9779 2.5
      vertex 18.4033 33.3097 2.5
    endloop
  endfacet
  facet normal -0 0 1
    outer loop
      vertex 12.3637 38.4647 2.5
      vertex 18.4033 33.3097 2.5
      vertex 12.4658 38.9779 2.5
    endloop
  endfacet
  facet normal 0 0 1
    outer loop
      vertex 18.4033 33.3097 2.5
      vertex 12.3637 38.4647 2.5
      vertex 18.11 33.1651 2.5
    endloop
  endfacet
  facet normal 0 0 1
    outer loop
      vertex 17.3766 29.4781 2.5
      vertex 16.2284 26.9743 2.5
      vertex 16.62 27 2.5
    endloop
  endfacet
  facet normal 0 0 1
    outer loop
      vertex 17.1949 32.25 2.5
      vertex 11.3284 36.6716 2.5
      vertex 17.0503 31.9567 2.5
    endloop
  endfacet
  facet normal 0 0 1
    outer loop
      vertex 17.1949 29.75 2.5
      vertex 15.8435 26.8978 2.5
      vertex 16.2284 26.9743 2.5
    endloop
  endfacet
  facet normal -0 0 1
    outer loop
      vertex 11.6734 37.065 2.5
      vertex 17.5922 32.7678 2.5
      vertex 11.9641 37.5 2.5
    endloop
  endfacet
  facet normal 0 0 1
    outer loop
      vertex 17.0503 30.0433 2.5
      vertex 15.4719 26.7716 2.5
      vertex 15.8435 26.8978 2.5
    endloop
  endfacet
  facet normal 0 0 1
    outer loop
      vertex 16.9452 30.353 2.5
      vertex 15.12 26.5981 2.5
      vertex 15.4719 26.7716 2.5
    endloop
  endfacet
  facet normal 0 0 1
    outer loop
      vertex 17.8381 32.9834 2.5
      vertex 11.9641 37.5 2.5
      vertex 17.5922 32.7678 2.5
    endloop
  endfacet
  facet normal 0 0 1
    outer loop
      vertex 16.8814 30.6737 2.5
      vertex 14.7937 26.3801 2.5
      vertex 15.12 26.5981 2.5
    endloop
  endfacet
  facet normal -0 0 1
    outer loop
      vertex 10.5 36.0359 2.5
      vertex 16.9452 31.647 2.5
      vertex 10.935 36.3266 2.5
    endloop
  endfacet
  facet normal 0 0 1
    outer loop
      vertex 17.5922 32.7678 2.5
      vertex 11.6734 37.065 2.5
      vertex 17.3766 32.5219 2.5
    endloop
  endfacet
  facet normal 0 0 1
    outer loop
      vertex 17.3766 32.5219 2.5
      vertex 11.6734 37.065 2.5
      vertex 17.1949 32.25 2.5
    endloop
  endfacet
  facet normal -0 0 1
    outer loop
      vertex 11.3284 36.6716 2.5
      vertex 17.1949 32.25 2.5
      vertex 11.6734 37.065 2.5
    endloop
  endfacet
  facet normal -0 0 1
    outer loop
      vertex 10.0307 35.8045 2.5
      vertex 16.8814 31.3263 2.5
      vertex 10.5 36.0359 2.5
    endloop
  endfacet
  facet normal 0 0 1
    outer loop
      vertex 16.9452 31.647 2.5
      vertex 10.5 36.0359 2.5
      vertex 16.8814 31.3263 2.5
    endloop
  endfacet
  facet normal 0 0 1
    outer loop
      vertex 17.0503 31.9567 2.5
      vertex 10.935 36.3266 2.5
      vertex 16.9452 31.647 2.5
    endloop
  endfacet
  facet normal -0 0 1
    outer loop
      vertex 10.935 36.3266 2.5
      vertex 17.0503 31.9567 2.5
      vertex 11.3284 36.6716 2.5
    endloop
  endfacet
  facet normal -0 0 1
    outer loop
      vertex 11.9641 37.5 2.5
      vertex 17.8381 32.9834 2.5
      vertex 12.1955 37.9693 2.5
    endloop
  endfacet
  facet normal 0 0 1
    outer loop
      vertex 18.11 33.1651 2.5
      vertex 12.1955 37.9693 2.5
      vertex 17.8381 32.9834 2.5
    endloop
  endfacet
  facet normal -0 0 1
    outer loop
      vertex 12.1955 37.9693 2.5
      vertex 18.11 33.1651 2.5
      vertex 12.3637 38.4647 2.5
    endloop
  endfacet
  facet normal 0 0 1
    outer loop
      vertex 11.3284 42.3284 2.5
      vertex 25.4466 42.935 2.5
      vertex 25.7916 43.3284 2.5
    endloop
  endfacet
  facet normal 0 0 1
    outer loop
      vertex 10.935 42.6734 2.5
      vertex 25.7916 43.3284 2.5
      vertex 26.185 43.6734 2.5
    endloop
  endfacet
  facet normal 0 0 1
    outer loop
      vertex 10.5 42.9641 2.5
      vertex 26.185 43.6734 2.5
      vertex 26.62 43.9641 2.5
    endloop
  endfacet
  facet normal 0 0 1
    outer loop
      vertex 10.0307 43.1955 2.5
      vertex 26.62 43.9641 2.5
      vertex 27.0893 44.1955 2.5
    endloop
  endfacet
  facet normal 0 0 1
    outer loop
      vertex 9.53528 43.3637 2.5
      vertex 27.0893 44.1955 2.5
      vertex 27.5847 44.3637 2.5
    endloop
  endfacet
  facet normal 0 0 1
    outer loop
      vertex 24.62 40.5 2.5
      vertex 12.4658 40.0221 2.5
      vertex 12.5 39.5 2.5
    endloop
  endfacet
  facet normal 0 0 1
    outer loop
      vertex 24.6542 41.0221 2.5
      vertex 12.3637 40.5353 2.5
      vertex 12.4658 40.0221 2.5
    endloop
  endfacet
  facet normal 0 0 1
    outer loop
      vertex 24.7563 41.5353 2.5
      vertex 12.1955 41.0307 2.5
      vertex 12.3637 40.5353 2.5
    endloop
  endfacet
  facet normal 0 0 1
    outer loop
      vertex 24.9245 42.0307 2.5
      vertex 11.9641 41.5 2.5
      vertex 12.1955 41.0307 2.5
    endloop
  endfacet
  facet normal 0 0 1
    outer loop
      vertex 2.5 45.5 2.5
      vertex 27.5847 44.3637 2.5
      vertex 28.0979 44.4658 2.5
    endloop
  endfacet
  facet normal 0 0 1
    outer loop
      vertex 25.1559 42.5 2.5
      vertex 11.6734 41.935 2.5
      vertex 11.9641 41.5 2.5
    endloop
  endfacet
  facet normal 0 0 1
    outer loop
      vertex 25.4466 42.935 2.5
      vertex 11.3284 42.3284 2.5
      vertex 11.6734 41.935 2.5
    endloop
  endfacet
  facet normal 0 0 1
    outer loop
      vertex 25.7916 43.3284 2.5
      vertex 10.935 42.6734 2.5
      vertex 11.3284 42.3284 2.5
    endloop
  endfacet
  facet normal 0 0 1
    outer loop
      vertex 26.185 43.6734 2.5
      vertex 10.5 42.9641 2.5
      vertex 10.935 42.6734 2.5
    endloop
  endfacet
  facet normal 0 0 1
    outer loop
      vertex 26.62 43.9641 2.5
      vertex 10.0307 43.1955 2.5
      vertex 10.5 42.9641 2.5
    endloop
  endfacet
  facet normal 0 0 1
    outer loop
      vertex 27.0893 44.1955 2.5
      vertex 9.53528 43.3637 2.5
      vertex 10.0307 43.1955 2.5
    endloop
  endfacet
  facet normal 0 0 1
    outer loop
      vertex 2.5 45.5 2.5
      vertex 28.0979 44.4658 2.5
      vertex 28.62 44.5 2.5
    endloop
  endfacet
  facet normal 0 0 1
    outer loop
      vertex 27.5847 44.3637 2.5
      vertex 9.0221 43.4658 2.5
      vertex 9.53528 43.3637 2.5
    endloop
  endfacet
  facet normal 0 0 1
    outer loop
      vertex 27.5847 44.3637 2.5
      vertex 2.5 45.5 2.5
      vertex 9.0221 43.4658 2.5
    endloop
  endfacet
  facet normal 0 0 1
    outer loop
      vertex 4.6363 9.53528 2.5
      vertex 2.5 2.5 2.5
      vertex 4.53422 9.0221 2.5
    endloop
  endfacet
  facet normal 0 0 1
    outer loop
      vertex 4.53422 40.0221 2.5
      vertex 2.5 45.5 2.5
      vertex 4.5 39.5 2.5
    endloop
  endfacet
  facet normal 0 0 1
    outer loop
      vertex 4.6363 40.5353 2.5
      vertex 2.5 45.5 2.5
      vertex 4.53422 40.0221 2.5
    endloop
  endfacet
  facet normal 0 0 1
    outer loop
      vertex 4.80448 41.0307 2.5
      vertex 2.5 45.5 2.5
      vertex 4.6363 40.5353 2.5
    endloop
  endfacet
  facet normal 0 0 1
    outer loop
      vertex 5.0359 41.5 2.5
      vertex 2.5 45.5 2.5
      vertex 4.80448 41.0307 2.5
    endloop
  endfacet
  facet normal 0 0 1
    outer loop
      vertex 5.32659 41.935 2.5
      vertex 2.5 45.5 2.5
      vertex 5.0359 41.5 2.5
    endloop
  endfacet
  facet normal 0 0 1
    outer loop
      vertex 5.67157 42.3284 2.5
      vertex 2.5 45.5 2.5
      vertex 5.32659 41.935 2.5
    endloop
  endfacet
  facet normal 0 0 1
    outer loop
      vertex 6.06495 42.6734 2.5
      vertex 2.5 45.5 2.5
      vertex 5.67157 42.3284 2.5
    endloop
  endfacet
  facet normal 0 0 1
    outer loop
      vertex 6.5 42.9641 2.5
      vertex 2.5 45.5 2.5
      vertex 6.06495 42.6734 2.5
    endloop
  endfacet
  facet normal 0 0 1
    outer loop
      vertex 6.96927 43.1955 2.5
      vertex 2.5 45.5 2.5
      vertex 6.5 42.9641 2.5
    endloop
  endfacet
  facet normal 0 0 1
    outer loop
      vertex 7.46472 43.3637 2.5
      vertex 2.5 45.5 2.5
      vertex 6.96927 43.1955 2.5
    endloop
  endfacet
  facet normal 0 0 1
    outer loop
      vertex 7.9779 43.4658 2.5
      vertex 2.5 45.5 2.5
      vertex 7.46472 43.3637 2.5
    endloop
  endfacet
  facet normal 0 0 1
    outer loop
      vertex 8.5 43.5 2.5
      vertex 2.5 45.5 2.5
      vertex 7.9779 43.4658 2.5
    endloop
  endfacet
  facet normal 0 0 1
    outer loop
      vertex 9.0221 43.4658 2.5
      vertex 2.5 45.5 2.5
      vertex 8.5 43.5 2.5
    endloop
  endfacet
  facet normal -0 0 1
    outer loop
      vertex 2.5 45.5 2.5
      vertex 28.62 44.5 2.5
      vertex 54.74 45.5 2.5
    endloop
  endfacet
  facet normal 0 0 1
    outer loop
      vertex 52.6037 38.4647 2.5
      vertex 54.74 45.5 2.5
      vertex 52.7058 38.9779 2.5
    endloop
  endfacet
  facet normal -0 0 1
    outer loop
      vertex 52.7058 7.9779 2.5
      vertex 54.74 2.5 2.5
      vertex 52.74 8.5 2.5
    endloop
  endfacet
  facet normal -0 0 1
    outer loop
      vertex 52.6037 7.46472 2.5
      vertex 54.74 2.5 2.5
      vertex 52.7058 7.9779 2.5
    endloop
  endfacet
  facet normal -0 0 1
    outer loop
      vertex 52.4355 6.96927 2.5
      vertex 54.74 2.5 2.5
      vertex 52.6037 7.46472 2.5
    endloop
  endfacet
  facet normal -0 0 1
    outer loop
      vertex 52.2041 6.5 2.5
      vertex 54.74 2.5 2.5
      vertex 52.4355 6.96927 2.5
    endloop
  endfacet
  facet normal -0 0 1
    outer loop
      vertex 51.9134 6.06495 2.5
      vertex 54.74 2.5 2.5
      vertex 52.2041 6.5 2.5
    endloop
  endfacet
  facet normal -0 0 1
    outer loop
      vertex 51.5684 5.67157 2.5
      vertex 54.74 2.5 2.5
      vertex 51.9134 6.06495 2.5
    endloop
  endfacet
  facet normal -0 0 1
    outer loop
      vertex 51.175 5.32659 2.5
      vertex 54.74 2.5 2.5
      vertex 51.5684 5.67157 2.5
    endloop
  endfacet
  facet normal -0 0 1
    outer loop
      vertex 50.74 5.0359 2.5
      vertex 54.74 2.5 2.5
      vertex 51.175 5.32659 2.5
    endloop
  endfacet
  facet normal -0 0 1
    outer loop
      vertex 50.2707 4.80448 2.5
      vertex 54.74 2.5 2.5
      vertex 50.74 5.0359 2.5
    endloop
  endfacet
  facet normal -0 0 1
    outer loop
      vertex 49.7753 4.6363 2.5
      vertex 54.74 2.5 2.5
      vertex 50.2707 4.80448 2.5
    endloop
  endfacet
  facet normal -0 0 1
    outer loop
      vertex 49.2621 4.53422 2.5
      vertex 54.74 2.5 2.5
      vertex 49.7753 4.6363 2.5
    endloop
  endfacet
  facet normal -0 0 1
    outer loop
      vertex 48.74 4.5 2.5
      vertex 54.74 2.5 2.5
      vertex 49.2621 4.53422 2.5
    endloop
  endfacet
  facet normal 0 0 1
    outer loop
      vertex 48.2179 4.53422 2.5
      vertex 54.74 2.5 2.5
      vertex 48.74 4.5 2.5
    endloop
  endfacet
  facet normal 0 0 1
    outer loop
      vertex 47.7047 4.6363 2.5
      vertex 54.74 2.5 2.5
      vertex 48.2179 4.53422 2.5
    endloop
  endfacet
  facet normal 0 0 1
    outer loop
      vertex 47.2093 12.1955 2.5
      vertex 40.3586 16.6737 2.5
      vertex 46.74 11.9641 2.5
    endloop
  endfacet
  facet normal -0 0 1
    outer loop
      vertex 40.2948 16.353 2.5
      vertex 46.74 11.9641 2.5
      vertex 40.3586 16.6737 2.5
    endloop
  endfacet
  facet normal -0 0 1
    outer loop
      vertex 40.1897 16.0433 2.5
      vertex 46.305 11.6734 2.5
      vertex 40.2948 16.353 2.5
    endloop
  endfacet
  facet normal 0 0 1
    outer loop
      vertex 46.305 11.6734 2.5
      vertex 40.1897 16.0433 2.5
      vertex 45.9116 11.3284 2.5
    endloop
  endfacet
  facet normal 0 0 1
    outer loop
      vertex 45.9116 11.3284 2.5
      vertex 40.0451 15.75 2.5
      vertex 45.5666 10.935 2.5
    endloop
  endfacet
  facet normal -0 0 1
    outer loop
      vertex 39.8634 15.4781 2.5
      vertex 45.5666 10.935 2.5
      vertex 40.0451 15.75 2.5
    endloop
  endfacet
  facet normal -0 0 1
    outer loop
      vertex 39.6478 15.2322 2.5
      vertex 45.5666 10.935 2.5
      vertex 39.8634 15.4781 2.5
    endloop
  endfacet
  facet normal 0 0 1
    outer loop
      vertex 46.74 11.9641 2.5
      vertex 40.2948 16.353 2.5
      vertex 46.305 11.6734 2.5
    endloop
  endfacet
  facet normal 0 0 1
    outer loop
      vertex 40.3586 17.3263 2.5
      vertex 42.4463 21.6199 2.5
      vertex 42.12 21.4019 2.5
    endloop
  endfacet
  facet normal 0 0 1
    outer loop
      vertex 40.3586 17.3263 2.5
      vertex 42.12 21.4019 2.5
      vertex 41.7681 21.2284 2.5
    endloop
  endfacet
  facet normal 0 0 1
    outer loop
      vertex 45.5666 10.935 2.5
      vertex 39.6478 15.2322 2.5
      vertex 45.2759 10.5 2.5
    endloop
  endfacet
  facet normal 0 0 1
    outer loop
      vertex 40.3586 17.3263 2.5
      vertex 41.7681 21.2284 2.5
      vertex 41.3965 21.1022 2.5
    endloop
  endfacet
  facet normal 0 0 1
    outer loop
      vertex 40.3586 17.3263 2.5
      vertex 41.3965 21.1022 2.5
      vertex 41.0116 21.0257 2.5
    endloop
  endfacet
  facet normal 0 0 1
    outer loop
      vertex 39.8634 18.5219 2.5
      vertex 41.0116 21.0257 2.5
      vertex 40.62 21 2.5
    endloop
  endfacet
  facet normal -0 0 1
    outer loop
      vertex 40.0451 15.75 2.5
      vertex 45.9116 11.3284 2.5
      vertex 40.1897 16.0433 2.5
    endloop
  endfacet
  facet normal -0 0 1
    outer loop
      vertex 39.4019 15.0166 2.5
      vertex 45.2759 10.5 2.5
      vertex 39.6478 15.2322 2.5
    endloop
  endfacet
  facet normal 0 0 1
    outer loop
      vertex 45.2759 10.5 2.5
      vertex 39.4019 15.0166 2.5
      vertex 45.0445 10.0307 2.5
    endloop
  endfacet
  facet normal -0 0 1
    outer loop
      vertex 39.13 14.8349 2.5
      vertex 45.0445 10.0307 2.5
      vertex 39.4019 15.0166 2.5
    endloop
  endfacet
  facet normal 0 0 1
    outer loop
      vertex 45.0445 10.0307 2.5
      vertex 39.13 14.8349 2.5
      vertex 44.8763 9.53528 2.5
    endloop
  endfacet
  facet normal -0 0 1
    outer loop
      vertex 38.8367 14.6903 2.5
      vertex 44.8763 9.53528 2.5
      vertex 39.13 14.8349 2.5
    endloop
  endfacet
  facet normal 0 0 1
    outer loop
      vertex 44.8763 9.53528 2.5
      vertex 38.8367 14.6903 2.5
      vertex 44.7742 9.0221 2.5
    endloop
  endfacet
  facet normal -0 0 1
    outer loop
      vertex 38.527 14.5852 2.5
      vertex 44.7742 9.0221 2.5
      vertex 38.8367 14.6903 2.5
    endloop
  endfacet
  facet normal -0 0 1
    outer loop
      vertex 38.2063 14.5214 2.5
      vertex 44.7742 9.0221 2.5
      vertex 38.527 14.5852 2.5
    endloop
  endfacet
  facet normal 0 0 1
    outer loop
      vertex 44.7742 9.0221 2.5
      vertex 38.2063 14.5214 2.5
      vertex 44.74 8.5 2.5
    endloop
  endfacet
  facet normal -0 0 1
    outer loop
      vertex 37.88 14.5 2.5
      vertex 44.74 8.5 2.5
      vertex 38.2063 14.5214 2.5
    endloop
  endfacet
  facet normal 0 0 1
    outer loop
      vertex 44.74 8.5 2.5
      vertex 37.88 14.5 2.5
      vertex 44.7742 7.9779 2.5
    endloop
  endfacet
  facet normal 0 0 1
    outer loop
      vertex 37.5537 14.5214 2.5
      vertex 44.7742 7.9779 2.5
      vertex 37.88 14.5 2.5
    endloop
  endfacet
  facet normal 0 0 1
    outer loop
      vertex 44.7742 7.9779 2.5
      vertex 37.5537 14.5214 2.5
      vertex 44.8763 7.46472 2.5
    endloop
  endfacet
  facet normal 0 0 1
    outer loop
      vertex 37.233 14.5852 2.5
      vertex 44.8763 7.46472 2.5
      vertex 37.5537 14.5214 2.5
    endloop
  endfacet
  facet normal 0 0 1
    outer loop
      vertex 44.8763 7.46472 2.5
      vertex 37.233 14.5852 2.5
      vertex 45.0445 6.96927 2.5
    endloop
  endfacet
  facet normal 0 0 1
    outer loop
      vertex 36.9233 14.6903 2.5
      vertex 45.0445 6.96927 2.5
      vertex 37.233 14.5852 2.5
    endloop
  endfacet
  facet normal 0 0 1
    outer loop
      vertex 45.0445 6.96927 2.5
      vertex 36.9233 14.6903 2.5
      vertex 45.2759 6.5 2.5
    endloop
  endfacet
  facet normal 0 0 1
    outer loop
      vertex 11.9641 6.5 2.5
      vertex 45.2759 6.5 2.5
      vertex 36.9233 14.6903 2.5
    endloop
  endfacet
  facet normal 0 0 1
    outer loop
      vertex 45.2759 6.5 2.5
      vertex 11.9641 6.5 2.5
      vertex 45.5666 6.06495 2.5
    endloop
  endfacet
  facet normal 0 0 1
    outer loop
      vertex 11.9641 6.5 2.5
      vertex 36.9233 14.6903 2.5
      vertex 36.63 14.8349 2.5
    endloop
  endfacet
  facet normal 0 0 1
    outer loop
      vertex 20.61 14.8349 2.5
      vertex 36.63 14.8349 2.5
      vertex 36.3581 15.0166 2.5
    endloop
  endfacet
  facet normal 0 0 1
    outer loop
      vertex 20.8819 15.0166 2.5
      vertex 36.3581 15.0166 2.5
      vertex 36.1122 15.2322 2.5
    endloop
  endfacet
  facet normal 0 0 1
    outer loop
      vertex 36.1122 32.7678 2.5
      vertex 31.055 37.3266 2.5
      vertex 35.8966 32.5219 2.5
    endloop
  endfacet
  facet normal 0 0 1
    outer loop
      vertex 35.8966 32.5219 2.5
      vertex 31.055 37.3266 2.5
      vertex 35.7149 32.25 2.5
    endloop
  endfacet
  facet normal -0 0 1
    outer loop
      vertex 30.62 37.0359 2.5
      vertex 35.7149 32.25 2.5
      vertex 31.055 37.3266 2.5
    endloop
  endfacet
  facet normal -0 0 1
    outer loop
      vertex 31.0001 22.1737 2.5
      vertex 35.8966 18.5219 2.5
      vertex 31.2181 22.5 2.5
    endloop
  endfacet
  facet normal 0 0 1
    outer loop
      vertex 35.7149 32.25 2.5
      vertex 30.62 37.0359 2.5
      vertex 35.5703 31.9567 2.5
    endloop
  endfacet
  facet normal -0 0 1
    outer loop
      vertex 30.1507 36.8045 2.5
      vertex 35.5703 31.9567 2.5
      vertex 30.62 37.0359 2.5
    endloop
  endfacet
  facet normal 0 0 1
    outer loop
      vertex 35.8966 18.5219 2.5
      vertex 31.0001 22.1737 2.5
      vertex 35.7149 18.25 2.5
    endloop
  endfacet
  facet normal -0 0 1
    outer loop
      vertex 30.7413 21.8787 2.5
      vertex 35.7149 18.25 2.5
      vertex 31.0001 22.1737 2.5
    endloop
  endfacet
  facet normal 0 0 1
    outer loop
      vertex 35.7149 18.25 2.5
      vertex 30.7413 21.8787 2.5
      vertex 35.5703 17.9567 2.5
    endloop
  endfacet
  facet normal -0 0 1
    outer loop
      vertex 30.4463 21.6199 2.5
      vertex 35.5703 17.9567 2.5
      vertex 30.7413 21.8787 2.5
    endloop
  endfacet
  facet normal 0 0 1
    outer loop
      vertex 35.5703 17.9567 2.5
      vertex 30.4463 21.6199 2.5
      vertex 35.4652 17.647 2.5
    endloop
  endfacet
  facet normal -0 0 1
    outer loop
      vertex 30.12 21.4019 2.5
      vertex 35.4652 17.647 2.5
      vertex 30.4463 21.6199 2.5
    endloop
  endfacet
  facet normal 0 0 1
    outer loop
      vertex 35.4652 17.647 2.5
      vertex 30.12 21.4019 2.5
      vertex 35.4014 17.3263 2.5
    endloop
  endfacet
  facet normal -0 0 1
    outer loop
      vertex 29.7681 21.2284 2.5
      vertex 35.4014 17.3263 2.5
      vertex 30.12 21.4019 2.5
    endloop
  endfacet
  facet normal 0 0 1
    outer loop
      vertex 35.4014 17.3263 2.5
      vertex 29.7681 21.2284 2.5
      vertex 35.38 17 2.5
    endloop
  endfacet
  facet normal -0 0 1
    outer loop
      vertex 29.3965 21.1022 2.5
      vertex 35.38 17 2.5
      vertex 29.7681 21.2284 2.5
    endloop
  endfacet
  facet normal 0 0 1
    outer loop
      vertex 35.38 17 2.5
      vertex 29.3965 21.1022 2.5
      vertex 35.4014 16.6737 2.5
    endloop
  endfacet
  facet normal -0 0 1
    outer loop
      vertex 29.0116 21.0257 2.5
      vertex 35.4014 16.6737 2.5
      vertex 29.3965 21.1022 2.5
    endloop
  endfacet
  facet normal 0 0 1
    outer loop
      vertex 35.4014 16.6737 2.5
      vertex 29.0116 21.0257 2.5
      vertex 35.4652 16.353 2.5
    endloop
  endfacet
  facet normal -0 0 1
    outer loop
      vertex 28.62 21 2.5
      vertex 35.4652 16.353 2.5
      vertex 29.0116 21.0257 2.5
    endloop
  endfacet
  facet normal 0 0 1
    outer loop
      vertex 35.4652 16.353 2.5
      vertex 28.62 21 2.5
      vertex 35.5703 16.0433 2.5
    endloop
  endfacet
  facet normal 0 0 1
    outer loop
      vertex 21.6697 16.0433 2.5
      vertex 35.5703 16.0433 2.5
      vertex 28.62 21 2.5
    endloop
  endfacet
  facet normal 0 0 1
    outer loop
      vertex 35.5703 16.0433 2.5
      vertex 21.6697 16.0433 2.5
      vertex 35.7149 15.75 2.5
    endloop
  endfacet
  facet normal 0 0 1
    outer loop
      vertex 21.5251 15.75 2.5
      vertex 35.7149 15.75 2.5
      vertex 21.6697 16.0433 2.5
    endloop
  endfacet
  facet normal 0 0 1
    outer loop
      vertex 35.7149 15.75 2.5
      vertex 21.5251 15.75 2.5
      vertex 35.8966 15.4781 2.5
    endloop
  endfacet
  facet normal 0 0 1
    outer loop
      vertex 21.7748 16.353 2.5
      vertex 28.62 21 2.5
      vertex 28.2284 21.0257 2.5
    endloop
  endfacet
  facet normal 0 0 1
    outer loop
      vertex 35.8966 15.4781 2.5
      vertex 21.3434 15.4781 2.5
      vertex 36.1122 15.2322 2.5
    endloop
  endfacet
  facet normal 0 0 1
    outer loop
      vertex 21.8386 16.6737 2.5
      vertex 28.2284 21.0257 2.5
      vertex 27.8435 21.1022 2.5
    endloop
  endfacet
  facet normal 0 0 1
    outer loop
      vertex 21.86 17 2.5
      vertex 27.8435 21.1022 2.5
      vertex 27.472 21.2284 2.5
    endloop
  endfacet
  facet normal 0 0 1
    outer loop
      vertex 21.86 17 2.5
      vertex 27.472 21.2284 2.5
      vertex 27.12 21.4019 2.5
    endloop
  endfacet
  facet normal 0 0 1
    outer loop
      vertex 21.86 17 2.5
      vertex 27.12 21.4019 2.5
      vertex 26.7937 21.6199 2.5
    endloop
  endfacet
  facet normal 0 0 1
    outer loop
      vertex 21.86 31 2.5
      vertex 25.4466 38.065 2.5
      vertex 25.1559 38.5 2.5
    endloop
  endfacet
  facet normal 0 0 1
    outer loop
      vertex 21.86 31 2.5
      vertex 25.1559 38.5 2.5
      vertex 24.9245 38.9693 2.5
    endloop
  endfacet
  facet normal 0 0 1
    outer loop
      vertex 21.86 31 2.5
      vertex 24.9245 38.9693 2.5
      vertex 24.7563 39.4647 2.5
    endloop
  endfacet
  facet normal 0 0 1
    outer loop
      vertex 21.86 31 2.5
      vertex 24.7563 39.4647 2.5
      vertex 24.6542 39.9779 2.5
    endloop
  endfacet
  facet normal 0 0 1
    outer loop
      vertex 21.86 31 2.5
      vertex 24.6542 39.9779 2.5
      vertex 24.62 40.5 2.5
    endloop
  endfacet
  facet normal -0 0 1
    outer loop
      vertex 21.3434 29.4781 2.5
      vertex 26.2399 25.8263 2.5
      vertex 21.5251 29.75 2.5
    endloop
  endfacet
  facet normal 0 0 1
    outer loop
      vertex 26.2399 25.8263 2.5
      vertex 21.3434 29.4781 2.5
      vertex 26.0219 25.5 2.5
    endloop
  endfacet
  facet normal 0 0 1
    outer loop
      vertex 25.62 24 2.5
      vertex 21.86 17 2.5
      vertex 25.6457 23.6084 2.5
    endloop
  endfacet
  facet normal 0 0 1
    outer loop
      vertex 25.6457 23.6084 2.5
      vertex 21.86 17 2.5
      vertex 25.7222 23.2235 2.5
    endloop
  endfacet
  facet normal 0 0 1
    outer loop
      vertex 25.7222 23.2235 2.5
      vertex 21.86 17 2.5
      vertex 25.8484 22.8519 2.5
    endloop
  endfacet
  facet normal 0 0 1
    outer loop
      vertex 21.86 17 2.5
      vertex 26.0219 22.5 2.5
      vertex 25.8484 22.8519 2.5
    endloop
  endfacet
  facet normal 0 0 1
    outer loop
      vertex 21.86 17 2.5
      vertex 26.2399 22.1737 2.5
      vertex 26.0219 22.5 2.5
    endloop
  endfacet
  facet normal 0 0 1
    outer loop
      vertex 21.86 17 2.5
      vertex 26.4987 21.8787 2.5
      vertex 26.2399 22.1737 2.5
    endloop
  endfacet
  facet normal 0 0 1
    outer loop
      vertex 21.86 17 2.5
      vertex 26.7937 21.6199 2.5
      vertex 26.4987 21.8787 2.5
    endloop
  endfacet
  facet normal 0 0 1
    outer loop
      vertex 27.8435 21.1022 2.5
      vertex 21.86 17 2.5
      vertex 21.8386 16.6737 2.5
    endloop
  endfacet
  facet normal 0 0 1
    outer loop
      vertex 28.2284 21.0257 2.5
      vertex 21.8386 16.6737 2.5
      vertex 21.7748 16.353 2.5
    endloop
  endfacet
  facet normal 0 0 1
    outer loop
      vertex 28.62 21 2.5
      vertex 21.7748 16.353 2.5
      vertex 21.6697 16.0433 2.5
    endloop
  endfacet
  facet normal 0 0 1
    outer loop
      vertex 21.3434 15.4781 2.5
      vertex 35.8966 15.4781 2.5
      vertex 21.5251 15.75 2.5
    endloop
  endfacet
  facet normal 0 0 1
    outer loop
      vertex 21.1278 15.2322 2.5
      vertex 36.1122 15.2322 2.5
      vertex 21.3434 15.4781 2.5
    endloop
  endfacet
  facet normal 0 0 1
    outer loop
      vertex 20.8819 15.0166 2.5
      vertex 36.1122 15.2322 2.5
      vertex 21.1278 15.2322 2.5
    endloop
  endfacet
  facet normal 0 0 1
    outer loop
      vertex 36.3581 15.0166 2.5
      vertex 20.8819 15.0166 2.5
      vertex 20.61 14.8349 2.5
    endloop
  endfacet
  facet normal 0 0 1
    outer loop
      vertex 36.63 14.8349 2.5
      vertex 20.61 14.8349 2.5
      vertex 20.3167 14.6903 2.5
    endloop
  endfacet
  facet normal 0 0 1
    outer loop
      vertex 11.9641 6.5 2.5
      vertex 36.63 14.8349 2.5
      vertex 20.3167 14.6903 2.5
    endloop
  endfacet
  facet normal 0 0 1
    outer loop
      vertex 11.6734 6.06495 2.5
      vertex 45.5666 6.06495 2.5
      vertex 11.9641 6.5 2.5
    endloop
  endfacet
  facet normal 0 0 1
    outer loop
      vertex 45.5666 6.06495 2.5
      vertex 11.6734 6.06495 2.5
      vertex 45.9116 5.67157 2.5
    endloop
  endfacet
  facet normal 0 0 1
    outer loop
      vertex 11.3284 5.67157 2.5
      vertex 45.9116 5.67157 2.5
      vertex 11.6734 6.06495 2.5
    endloop
  endfacet
  facet normal 0 0 1
    outer loop
      vertex 12.1955 6.96927 2.5
      vertex 20.3167 14.6903 2.5
      vertex 20.007 14.5852 2.5
    endloop
  endfacet
  facet normal 0 0 1
    outer loop
      vertex 12.3637 7.46472 2.5
      vertex 20.007 14.5852 2.5
      vertex 19.6863 14.5214 2.5
    endloop
  endfacet
  facet normal 0 0 1
    outer loop
      vertex 12.4658 7.9779 2.5
      vertex 19.6863 14.5214 2.5
      vertex 19.36 14.5 2.5
    endloop
  endfacet
  facet normal 0 0 1
    outer loop
      vertex 12.5 8.5 2.5
      vertex 19.36 14.5 2.5
      vertex 19.0337 14.5214 2.5
    endloop
  endfacet
  facet normal 0 0 1
    outer loop
      vertex 12.5 8.5 2.5
      vertex 19.0337 14.5214 2.5
      vertex 18.713 14.5852 2.5
    endloop
  endfacet
  facet normal 0 0 1
    outer loop
      vertex 12.5 8.5 2.5
      vertex 18.713 14.5852 2.5
      vertex 18.4033 14.6903 2.5
    endloop
  endfacet
  facet normal 0 0 1
    outer loop
      vertex 17.0503 17.9567 2.5
      vertex 15.4719 21.2284 2.5
      vertex 16.9452 17.647 2.5
    endloop
  endfacet
  facet normal 0 0 1
    outer loop
      vertex 15.12 21.4019 2.5
      vertex 16.9452 17.647 2.5
      vertex 15.4719 21.2284 2.5
    endloop
  endfacet
  facet normal 0 0 1
    outer loop
      vertex 16.9452 17.647 2.5
      vertex 15.12 21.4019 2.5
      vertex 16.8814 17.3263 2.5
    endloop
  endfacet
  facet normal 0 0 1
    outer loop
      vertex 14.7937 21.6199 2.5
      vertex 16.8814 17.3263 2.5
      vertex 15.12 21.4019 2.5
    endloop
  endfacet
  facet normal 0 0 1
    outer loop
      vertex 16.8814 17.3263 2.5
      vertex 14.7937 21.6199 2.5
      vertex 16.86 17 2.5
    endloop
  endfacet
  facet normal 0 0 1
    outer loop
      vertex 14.4987 21.8787 2.5
      vertex 16.86 17 2.5
      vertex 14.7937 21.6199 2.5
    endloop
  endfacet
  facet normal 0 0 1
    outer loop
      vertex 16.86 17 2.5
      vertex 14.4987 21.8787 2.5
      vertex 16.8814 16.6737 2.5
    endloop
  endfacet
  facet normal 0 0 1
    outer loop
      vertex 12.5 8.5 2.5
      vertex 16.8814 16.6737 2.5
      vertex 14.4987 21.8787 2.5
    endloop
  endfacet
  facet normal 0 0 1
    outer loop
      vertex 16.8814 16.6737 2.5
      vertex 12.5 8.5 2.5
      vertex 16.9452 16.353 2.5
    endloop
  endfacet
  facet normal 0 0 1
    outer loop
      vertex 12.5 8.5 2.5
      vertex 14.4987 21.8787 2.5
      vertex 14.2399 22.1737 2.5
    endloop
  endfacet
  facet normal 0 0 1
    outer loop
      vertex 12.5 8.5 2.5
      vertex 14.2399 22.1737 2.5
      vertex 14.0219 22.5 2.5
    endloop
  endfacet
  facet normal 0 0 1
    outer loop
      vertex 12.5 8.5 2.5
      vertex 14.0219 22.5 2.5
      vertex 13.8484 22.8519 2.5
    endloop
  endfacet
  facet normal 0 0 1
    outer loop
      vertex 16.8814 31.3263 2.5
      vertex 10.0307 35.8045 2.5
      vertex 16.86 31 2.5
    endloop
  endfacet
  facet normal 0 0 1
    outer loop
      vertex 13.62 24 2.5
      vertex 12.5 8.5 2.5
      vertex 13.6457 23.6084 2.5
    endloop
  endfacet
  facet normal 0 0 1
    outer loop
      vertex 12.5 8.5 2.5
      vertex 13.7222 23.2235 2.5
      vertex 13.6457 23.6084 2.5
    endloop
  endfacet
  facet normal 0 0 1
    outer loop
      vertex 12.5 8.5 2.5
      vertex 13.8484 22.8519 2.5
      vertex 13.7222 23.2235 2.5
    endloop
  endfacet
  facet normal 0 0 1
    outer loop
      vertex 16.9452 16.353 2.5
      vertex 12.5 8.5 2.5
      vertex 17.0503 16.0433 2.5
    endloop
  endfacet
  facet normal 0 0 1
    outer loop
      vertex 12.5 8.5 2.5
      vertex 17.1949 15.75 2.5
      vertex 17.0503 16.0433 2.5
    endloop
  endfacet
  facet normal 0 0 1
    outer loop
      vertex 12.5 8.5 2.5
      vertex 17.3766 15.4781 2.5
      vertex 17.1949 15.75 2.5
    endloop
  endfacet
  facet normal 0 0 1
    outer loop
      vertex 12.5 8.5 2.5
      vertex 17.5922 15.2322 2.5
      vertex 17.3766 15.4781 2.5
    endloop
  endfacet
  facet normal 0 0 1
    outer loop
      vertex 12.5 8.5 2.5
      vertex 17.8381 15.0166 2.5
      vertex 17.5922 15.2322 2.5
    endloop
  endfacet
  facet normal 0 0 1
    outer loop
      vertex 12.5 8.5 2.5
      vertex 18.11 14.8349 2.5
      vertex 17.8381 15.0166 2.5
    endloop
  endfacet
  facet normal 0 0 1
    outer loop
      vertex 12.5 8.5 2.5
      vertex 18.4033 14.6903 2.5
      vertex 18.11 14.8349 2.5
    endloop
  endfacet
  facet normal 0 0 1
    outer loop
      vertex 19.36 14.5 2.5
      vertex 12.5 8.5 2.5
      vertex 12.4658 7.9779 2.5
    endloop
  endfacet
  facet normal 0 0 1
    outer loop
      vertex 19.6863 14.5214 2.5
      vertex 12.4658 7.9779 2.5
      vertex 12.3637 7.46472 2.5
    endloop
  endfacet
  facet normal 0 0 1
    outer loop
      vertex 20.007 14.5852 2.5
      vertex 12.3637 7.46472 2.5
      vertex 12.1955 6.96927 2.5
    endloop
  endfacet
  facet normal 0 0 1
    outer loop
      vertex 20.3167 14.6903 2.5
      vertex 12.1955 6.96927 2.5
      vertex 11.9641 6.5 2.5
    endloop
  endfacet
  facet normal 0 0 1
    outer loop
      vertex 45.9116 5.67157 2.5
      vertex 11.3284 5.67157 2.5
      vertex 46.305 5.32659 2.5
    endloop
  endfacet
  facet normal 0 0 1
    outer loop
      vertex 10.935 5.32659 2.5
      vertex 46.305 5.32659 2.5
      vertex 11.3284 5.67157 2.5
    endloop
  endfacet
  facet normal 0 0 1
    outer loop
      vertex 46.305 5.32659 2.5
      vertex 10.935 5.32659 2.5
      vertex 46.74 5.0359 2.5
    endloop
  endfacet
  facet normal 0 0 1
    outer loop
      vertex 10.5 5.0359 2.5
      vertex 46.74 5.0359 2.5
      vertex 10.935 5.32659 2.5
    endloop
  endfacet
  facet normal 0 0 1
    outer loop
      vertex 46.74 5.0359 2.5
      vertex 10.5 5.0359 2.5
      vertex 47.2093 4.80448 2.5
    endloop
  endfacet
  facet normal 0 0 1
    outer loop
      vertex 10.0307 4.80448 2.5
      vertex 47.2093 4.80448 2.5
      vertex 10.5 5.0359 2.5
    endloop
  endfacet
  facet normal 0 0 1
    outer loop
      vertex 47.2093 4.80448 2.5
      vertex 10.0307 4.80448 2.5
      vertex 47.7047 4.6363 2.5
    endloop
  endfacet
  facet normal 0 0 1
    outer loop
      vertex 9.53528 4.6363 2.5
      vertex 47.7047 4.6363 2.5
      vertex 10.0307 4.80448 2.5
    endloop
  endfacet
  facet normal 0 0 1
    outer loop
      vertex 47.7047 4.6363 2.5
      vertex 9.53528 4.6363 2.5
      vertex 54.74 2.5 2.5
    endloop
  endfacet
  facet normal 0 0 1
    outer loop
      vertex 2.5 2.5 2.5
      vertex 9.53528 4.6363 2.5
      vertex 9.0221 4.53422 2.5
    endloop
  endfacet
  facet normal 0 0 1
    outer loop
      vertex 2.5 2.5 2.5
      vertex 9.0221 4.53422 2.5
      vertex 8.5 4.5 2.5
    endloop
  endfacet
  facet normal 0 0 1
    outer loop
      vertex 9.53528 4.6363 2.5
      vertex 2.5 2.5 2.5
      vertex 54.74 2.5 2.5
    endloop
  endfacet
  facet normal 0 0 1
    outer loop
      vertex 7.9779 4.53422 2.5
      vertex 2.5 2.5 2.5
      vertex 8.5 4.5 2.5
    endloop
  endfacet
  facet normal 0 0 1
    outer loop
      vertex 7.46472 4.6363 2.5
      vertex 2.5 2.5 2.5
      vertex 7.9779 4.53422 2.5
    endloop
  endfacet
  facet normal 0 0 1
    outer loop
      vertex 6.96927 4.80448 2.5
      vertex 2.5 2.5 2.5
      vertex 7.46472 4.6363 2.5
    endloop
  endfacet
  facet normal 0 0 1
    outer loop
      vertex 6.5 5.0359 2.5
      vertex 2.5 2.5 2.5
      vertex 6.96927 4.80448 2.5
    endloop
  endfacet
  facet normal 0 0 1
    outer loop
      vertex 6.06495 5.32659 2.5
      vertex 2.5 2.5 2.5
      vertex 6.5 5.0359 2.5
    endloop
  endfacet
  facet normal 0 0 1
    outer loop
      vertex 5.67157 5.67157 2.5
      vertex 2.5 2.5 2.5
      vertex 6.06495 5.32659 2.5
    endloop
  endfacet
  facet normal 0 0 1
    outer loop
      vertex 5.32659 6.06495 2.5
      vertex 2.5 2.5 2.5
      vertex 5.67157 5.67157 2.5
    endloop
  endfacet
  facet normal 0 0 1
    outer loop
      vertex 5.0359 6.5 2.5
      vertex 2.5 2.5 2.5
      vertex 5.32659 6.06495 2.5
    endloop
  endfacet
  facet normal 0 0 1
    outer loop
      vertex 4.80448 6.96927 2.5
      vertex 2.5 2.5 2.5
      vertex 5.0359 6.5 2.5
    endloop
  endfacet
  facet normal 0 0 1
    outer loop
      vertex 4.6363 7.46472 2.5
      vertex 2.5 2.5 2.5
      vertex 4.80448 6.96927 2.5
    endloop
  endfacet
  facet normal 0 0 1
    outer loop
      vertex 4.53422 7.9779 2.5
      vertex 2.5 2.5 2.5
      vertex 4.6363 7.46472 2.5
    endloop
  endfacet
  facet normal 0 0 1
    outer loop
      vertex 4.5 8.5 2.5
      vertex 2.5 2.5 2.5
      vertex 4.53422 7.9779 2.5
    endloop
  endfacet
  facet normal 0 0 1
    outer loop
      vertex 4.53422 9.0221 2.5
      vertex 2.5 2.5 2.5
      vertex 4.5 8.5 2.5
    endloop
  endfacet
  facet normal 0 0 1
    outer loop
      vertex 41.7681 26.7716 2.5
      vertex 40.1897 30.0433 2.5
      vertex 41.3965 26.8978 2.5
    endloop
  endfacet
  facet normal -0 0 1
    outer loop
      vertex 40.0451 29.75 2.5
      vertex 41.3965 26.8978 2.5
      vertex 40.1897 30.0433 2.5
    endloop
  endfacet
  facet normal 0 0 1
    outer loop
      vertex 41.3965 26.8978 2.5
      vertex 40.0451 29.75 2.5
      vertex 41.0116 26.9743 2.5
    endloop
  endfacet
  facet normal -0 0 1
    outer loop
      vertex 39.8634 29.4781 2.5
      vertex 41.0116 26.9743 2.5
      vertex 40.0451 29.75 2.5
    endloop
  endfacet
  facet normal 0 0 1
    outer loop
      vertex 41.0116 26.9743 2.5
      vertex 39.8634 29.4781 2.5
      vertex 40.62 27 2.5
    endloop
  endfacet
  facet normal -0 0 1
    outer loop
      vertex 39.6478 29.2322 2.5
      vertex 40.62 27 2.5
      vertex 39.8634 29.4781 2.5
    endloop
  endfacet
  facet normal 0 0 1
    outer loop
      vertex 40.62 27 2.5
      vertex 39.6478 29.2322 2.5
      vertex 40.2284 26.9743 2.5
    endloop
  endfacet
  facet normal -0 0 1
    outer loop
      vertex 39.4019 29.0166 2.5
      vertex 40.2284 26.9743 2.5
      vertex 39.6478 29.2322 2.5
    endloop
  endfacet
  facet normal -0 0 1
    outer loop
      vertex 39.13 28.8349 2.5
      vertex 40.2284 26.9743 2.5
      vertex 39.4019 29.0166 2.5
    endloop
  endfacet
  facet normal 0 0 1
    outer loop
      vertex 40.2284 26.9743 2.5
      vertex 39.13 28.8349 2.5
      vertex 39.8435 26.8978 2.5
    endloop
  endfacet
  facet normal -0 0 1
    outer loop
      vertex 38.8367 28.6903 2.5
      vertex 39.8435 26.8978 2.5
      vertex 39.13 28.8349 2.5
    endloop
  endfacet
  facet normal 0 0 1
    outer loop
      vertex 39.8435 26.8978 2.5
      vertex 38.8367 28.6903 2.5
      vertex 39.472 26.7716 2.5
    endloop
  endfacet
  facet normal -0 0 1
    outer loop
      vertex 38.527 28.5852 2.5
      vertex 39.472 26.7716 2.5
      vertex 38.8367 28.6903 2.5
    endloop
  endfacet
  facet normal 0 0 1
    outer loop
      vertex 39.472 26.7716 2.5
      vertex 38.527 28.5852 2.5
      vertex 39.12 26.5981 2.5
    endloop
  endfacet
  facet normal -0 0 1
    outer loop
      vertex 38.2063 28.5214 2.5
      vertex 39.12 26.5981 2.5
      vertex 38.527 28.5852 2.5
    endloop
  endfacet
  facet normal 0 0 1
    outer loop
      vertex 39.12 26.5981 2.5
      vertex 38.2063 28.5214 2.5
      vertex 38.7937 26.3801 2.5
    endloop
  endfacet
  facet normal -0 0 1
    outer loop
      vertex 37.88 28.5 2.5
      vertex 38.7937 26.3801 2.5
      vertex 38.2063 28.5214 2.5
    endloop
  endfacet
  facet normal 0 0 1
    outer loop
      vertex 38.7937 26.3801 2.5
      vertex 37.88 28.5 2.5
      vertex 38.4987 26.1213 2.5
    endloop
  endfacet
  facet normal 0 0 1
    outer loop
      vertex 37.5537 28.5214 2.5
      vertex 38.4987 26.1213 2.5
      vertex 37.88 28.5 2.5
    endloop
  endfacet
  facet normal 0 0 1
    outer loop
      vertex 38.4987 26.1213 2.5
      vertex 37.5537 28.5214 2.5
      vertex 38.2399 25.8263 2.5
    endloop
  endfacet
  facet normal 0 0 1
    outer loop
      vertex 37.233 28.5852 2.5
      vertex 38.2399 25.8263 2.5
      vertex 37.5537 28.5214 2.5
    endloop
  endfacet
  facet normal 0 0 1
    outer loop
      vertex 38.2399 25.8263 2.5
      vertex 37.233 28.5852 2.5
      vertex 38.0219 25.5 2.5
    endloop
  endfacet
  facet normal 0 0 1
    outer loop
      vertex 36.9233 28.6903 2.5
      vertex 38.0219 25.5 2.5
      vertex 37.233 28.5852 2.5
    endloop
  endfacet
  facet normal 0 0 1
    outer loop
      vertex 38.0219 25.5 2.5
      vertex 36.9233 28.6903 2.5
      vertex 37.8484 25.148 2.5
    endloop
  endfacet
  facet normal 0 0 1
    outer loop
      vertex 36.63 28.8349 2.5
      vertex 37.8484 25.148 2.5
      vertex 36.9233 28.6903 2.5
    endloop
  endfacet
  facet normal 0 0 1
    outer loop
      vertex 20.2523 17.1175 2.5
      vertex 20.2523 16.8825 2.5
      vertex 20.26 17 2.5
    endloop
  endfacet
  facet normal 0 0 1
    outer loop
      vertex 20.2293 17.2329 2.5
      vertex 20.2523 16.8825 2.5
      vertex 20.2523 17.1175 2.5
    endloop
  endfacet
  facet normal 0 0 1
    outer loop
      vertex 20.2293 17.2329 2.5
      vertex 20.2293 16.7671 2.5
      vertex 20.2523 16.8825 2.5
    endloop
  endfacet
  facet normal 0 0 1
    outer loop
      vertex 20.1915 17.3444 2.5
      vertex 20.2293 16.7671 2.5
      vertex 20.2293 17.2329 2.5
    endloop
  endfacet
  facet normal 0 0 1
    outer loop
      vertex 20.1915 17.3444 2.5
      vertex 20.1915 16.6556 2.5
      vertex 20.2293 16.7671 2.5
    endloop
  endfacet
  facet normal 0 0 1
    outer loop
      vertex 20.1394 17.45 2.5
      vertex 20.1915 16.6556 2.5
      vertex 20.1915 17.3444 2.5
    endloop
  endfacet
  facet normal 0 0 1
    outer loop
      vertex 20.1394 17.45 2.5
      vertex 20.1394 16.55 2.5
      vertex 20.1915 16.6556 2.5
    endloop
  endfacet
  facet normal 0 0 1
    outer loop
      vertex 20.074 17.5479 2.5
      vertex 20.1394 16.55 2.5
      vertex 20.1394 17.45 2.5
    endloop
  endfacet
  facet normal 0 0 1
    outer loop
      vertex 20.074 17.5479 2.5
      vertex 20.074 16.4521 2.5
      vertex 20.1394 16.55 2.5
    endloop
  endfacet
  facet normal 0 0 1
    outer loop
      vertex 19.9964 17.6364 2.5
      vertex 20.074 16.4521 2.5
      vertex 20.074 17.5479 2.5
    endloop
  endfacet
  facet normal 0 0 1
    outer loop
      vertex 19.9964 17.6364 2.5
      vertex 19.9964 16.3636 2.5
      vertex 20.074 16.4521 2.5
    endloop
  endfacet
  facet normal 0 0 1
    outer loop
      vertex 19.9079 17.714 2.5
      vertex 19.9964 16.3636 2.5
      vertex 19.9964 17.6364 2.5
    endloop
  endfacet
  facet normal 0 0 1
    outer loop
      vertex 19.9079 17.714 2.5
      vertex 19.9079 16.286 2.5
      vertex 19.9964 16.3636 2.5
    endloop
  endfacet
  facet normal 0 0 1
    outer loop
      vertex 19.81 17.7794 2.5
      vertex 19.9079 16.286 2.5
      vertex 19.9079 17.714 2.5
    endloop
  endfacet
  facet normal 0 0 1
    outer loop
      vertex 19.81 17.7794 2.5
      vertex 19.81 16.2206 2.5
      vertex 19.9079 16.286 2.5
    endloop
  endfacet
  facet normal 0 0 1
    outer loop
      vertex 19.7044 17.8315 2.5
      vertex 19.81 16.2206 2.5
      vertex 19.81 17.7794 2.5
    endloop
  endfacet
  facet normal 0 0 1
    outer loop
      vertex 19.7044 17.8315 2.5
      vertex 19.7044 16.1685 2.5
      vertex 19.81 16.2206 2.5
    endloop
  endfacet
  facet normal 0 0 1
    outer loop
      vertex 19.5929 17.8693 2.5
      vertex 19.7044 16.1685 2.5
      vertex 19.7044 17.8315 2.5
    endloop
  endfacet
  facet normal 0 0 1
    outer loop
      vertex 19.5929 17.8693 2.5
      vertex 19.5929 16.1307 2.5
      vertex 19.7044 16.1685 2.5
    endloop
  endfacet
  facet normal 0 0 1
    outer loop
      vertex 19.4775 17.8923 2.5
      vertex 19.5929 16.1307 2.5
      vertex 19.5929 17.8693 2.5
    endloop
  endfacet
  facet normal 0 0 1
    outer loop
      vertex 19.4775 17.8923 2.5
      vertex 19.4775 16.1077 2.5
      vertex 19.5929 16.1307 2.5
    endloop
  endfacet
  facet normal 0 0 1
    outer loop
      vertex 19.36 17.9 2.5
      vertex 19.4775 16.1077 2.5
      vertex 19.4775 17.8923 2.5
    endloop
  endfacet
  facet normal 0 0 1
    outer loop
      vertex 19.36 17.9 2.5
      vertex 19.36 16.1 2.5
      vertex 19.4775 16.1077 2.5
    endloop
  endfacet
  facet normal -0 0 1
    outer loop
      vertex 19.2425 17.8923 2.5
      vertex 19.36 16.1 2.5
      vertex 19.36 17.9 2.5
    endloop
  endfacet
  facet normal 0 0 1
    outer loop
      vertex 19.2425 17.8923 2.5
      vertex 19.2425 16.1077 2.5
      vertex 19.36 16.1 2.5
    endloop
  endfacet
  facet normal -0 0 1
    outer loop
      vertex 19.1271 17.8693 2.5
      vertex 19.2425 16.1077 2.5
      vertex 19.2425 17.8923 2.5
    endloop
  endfacet
  facet normal 0 0 1
    outer loop
      vertex 19.1271 17.8693 2.5
      vertex 19.1271 16.1307 2.5
      vertex 19.2425 16.1077 2.5
    endloop
  endfacet
  facet normal -0 0 1
    outer loop
      vertex 19.0156 17.8315 2.5
      vertex 19.1271 16.1307 2.5
      vertex 19.1271 17.8693 2.5
    endloop
  endfacet
  facet normal 0 0 1
    outer loop
      vertex 19.0156 17.8315 2.5
      vertex 19.0156 16.1685 2.5
      vertex 19.1271 16.1307 2.5
    endloop
  endfacet
  facet normal -0 0 1
    outer loop
      vertex 18.91 17.7794 2.5
      vertex 19.0156 16.1685 2.5
      vertex 19.0156 17.8315 2.5
    endloop
  endfacet
  facet normal 0 0 1
    outer loop
      vertex 18.91 17.7794 2.5
      vertex 18.91 16.2206 2.5
      vertex 19.0156 16.1685 2.5
    endloop
  endfacet
  facet normal -0 0 1
    outer loop
      vertex 18.8121 17.714 2.5
      vertex 18.91 16.2206 2.5
      vertex 18.91 17.7794 2.5
    endloop
  endfacet
  facet normal 0 0 1
    outer loop
      vertex 18.8121 17.714 2.5
      vertex 18.8121 16.286 2.5
      vertex 18.91 16.2206 2.5
    endloop
  endfacet
  facet normal -0 0 1
    outer loop
      vertex 18.7236 17.6364 2.5
      vertex 18.8121 16.286 2.5
      vertex 18.8121 17.714 2.5
    endloop
  endfacet
  facet normal 0 0 1
    outer loop
      vertex 18.7236 17.6364 2.5
      vertex 18.7236 16.3636 2.5
      vertex 18.8121 16.286 2.5
    endloop
  endfacet
  facet normal -0 0 1
    outer loop
      vertex 18.646 17.5479 2.5
      vertex 18.7236 16.3636 2.5
      vertex 18.7236 17.6364 2.5
    endloop
  endfacet
  facet normal 0 0 1
    outer loop
      vertex 18.646 17.5479 2.5
      vertex 18.646 16.4521 2.5
      vertex 18.7236 16.3636 2.5
    endloop
  endfacet
  facet normal -0 0 1
    outer loop
      vertex 18.5806 17.45 2.5
      vertex 18.646 16.4521 2.5
      vertex 18.646 17.5479 2.5
    endloop
  endfacet
  facet normal 0 0 1
    outer loop
      vertex 18.5806 17.45 2.5
      vertex 18.5806 16.55 2.5
      vertex 18.646 16.4521 2.5
    endloop
  endfacet
  facet normal -0 0 1
    outer loop
      vertex 18.5285 17.3444 2.5
      vertex 18.5806 16.55 2.5
      vertex 18.5806 17.45 2.5
    endloop
  endfacet
  facet normal 0 0 1
    outer loop
      vertex 18.5285 17.3444 2.5
      vertex 18.5285 16.6556 2.5
      vertex 18.5806 16.55 2.5
    endloop
  endfacet
  facet normal -0 0 1
    outer loop
      vertex 18.4907 17.2329 2.5
      vertex 18.5285 16.6556 2.5
      vertex 18.5285 17.3444 2.5
    endloop
  endfacet
  facet normal 0 0 1
    outer loop
      vertex 18.4907 17.2329 2.5
      vertex 18.4907 16.7671 2.5
      vertex 18.5285 16.6556 2.5
    endloop
  endfacet
  facet normal -0 0 1
    outer loop
      vertex 18.4677 17.1175 2.5
      vertex 18.4907 16.7671 2.5
      vertex 18.4907 17.2329 2.5
    endloop
  endfacet
  facet normal 0 0 1
    outer loop
      vertex 18.4677 17.1175 2.5
      vertex 18.4677 16.8825 2.5
      vertex 18.4907 16.7671 2.5
    endloop
  endfacet
  facet normal 0 -0 1
    outer loop
      vertex 18.4677 16.8825 2.5
      vertex 18.4677 17.1175 2.5
      vertex 18.46 17 2.5
    endloop
  endfacet
  facet normal 0 0 1
    outer loop
      vertex 38.7723 17.1175 2.5
      vertex 38.7723 16.8825 2.5
      vertex 38.78 17 2.5
    endloop
  endfacet
  facet normal 0 0 1
    outer loop
      vertex 38.7493 17.2329 2.5
      vertex 38.7723 16.8825 2.5
      vertex 38.7723 17.1175 2.5
    endloop
  endfacet
  facet normal 0 0 1
    outer loop
      vertex 38.7493 17.2329 2.5
      vertex 38.7493 16.7671 2.5
      vertex 38.7723 16.8825 2.5
    endloop
  endfacet
  facet normal 0 0 1
    outer loop
      vertex 38.7115 17.3444 2.5
      vertex 38.7493 16.7671 2.5
      vertex 38.7493 17.2329 2.5
    endloop
  endfacet
  facet normal 0 0 1
    outer loop
      vertex 38.7115 17.3444 2.5
      vertex 38.7115 16.6556 2.5
      vertex 38.7493 16.7671 2.5
    endloop
  endfacet
  facet normal 0 0 1
    outer loop
      vertex 38.6594 17.45 2.5
      vertex 38.7115 16.6556 2.5
      vertex 38.7115 17.3444 2.5
    endloop
  endfacet
  facet normal 0 0 1
    outer loop
      vertex 38.6594 17.45 2.5
      vertex 38.6594 16.55 2.5
      vertex 38.7115 16.6556 2.5
    endloop
  endfacet
  facet normal 0 0 1
    outer loop
      vertex 38.594 17.5479 2.5
      vertex 38.6594 16.55 2.5
      vertex 38.6594 17.45 2.5
    endloop
  endfacet
  facet normal 0 0 1
    outer loop
      vertex 38.594 17.5479 2.5
      vertex 38.594 16.4521 2.5
      vertex 38.6594 16.55 2.5
    endloop
  endfacet
  facet normal 0 0 1
    outer loop
      vertex 38.5164 17.6364 2.5
      vertex 38.594 16.4521 2.5
      vertex 38.594 17.5479 2.5
    endloop
  endfacet
  facet normal 0 0 1
    outer loop
      vertex 38.5164 17.6364 2.5
      vertex 38.5164 16.3636 2.5
      vertex 38.594 16.4521 2.5
    endloop
  endfacet
  facet normal 0 0 1
    outer loop
      vertex 38.4279 17.714 2.5
      vertex 38.5164 16.3636 2.5
      vertex 38.5164 17.6364 2.5
    endloop
  endfacet
  facet normal 0 0 1
    outer loop
      vertex 38.4279 17.714 2.5
      vertex 38.4279 16.286 2.5
      vertex 38.5164 16.3636 2.5
    endloop
  endfacet
  facet normal 0 0 1
    outer loop
      vertex 38.33 17.7794 2.5
      vertex 38.4279 16.286 2.5
      vertex 38.4279 17.714 2.5
    endloop
  endfacet
  facet normal 0 0 1
    outer loop
      vertex 38.33 17.7794 2.5
      vertex 38.33 16.2206 2.5
      vertex 38.4279 16.286 2.5
    endloop
  endfacet
  facet normal 0 0 1
    outer loop
      vertex 38.2244 17.8315 2.5
      vertex 38.33 16.2206 2.5
      vertex 38.33 17.7794 2.5
    endloop
  endfacet
  facet normal 0 0 1
    outer loop
      vertex 38.2244 17.8315 2.5
      vertex 38.2244 16.1685 2.5
      vertex 38.33 16.2206 2.5
    endloop
  endfacet
  facet normal 0 0 1
    outer loop
      vertex 38.1129 17.8693 2.5
      vertex 38.2244 16.1685 2.5
      vertex 38.2244 17.8315 2.5
    endloop
  endfacet
  facet normal 0 0 1
    outer loop
      vertex 38.1129 17.8693 2.5
      vertex 38.1129 16.1307 2.5
      vertex 38.2244 16.1685 2.5
    endloop
  endfacet
  facet normal 0 0 1
    outer loop
      vertex 37.9975 17.8923 2.5
      vertex 38.1129 16.1307 2.5
      vertex 38.1129 17.8693 2.5
    endloop
  endfacet
  facet normal 0 0 1
    outer loop
      vertex 37.9975 17.8923 2.5
      vertex 37.9975 16.1077 2.5
      vertex 38.1129 16.1307 2.5
    endloop
  endfacet
  facet normal 0 0 1
    outer loop
      vertex 37.88 17.9 2.5
      vertex 37.9975 16.1077 2.5
      vertex 37.9975 17.8923 2.5
    endloop
  endfacet
  facet normal 0 0 1
    outer loop
      vertex 37.88 17.9 2.5
      vertex 37.88 16.1 2.5
      vertex 37.9975 16.1077 2.5
    endloop
  endfacet
  facet normal -0 0 1
    outer loop
      vertex 37.7625 17.8923 2.5
      vertex 37.88 16.1 2.5
      vertex 37.88 17.9 2.5
    endloop
  endfacet
  facet normal 0 0 1
    outer loop
      vertex 37.7625 17.8923 2.5
      vertex 37.7625 16.1077 2.5
      vertex 37.88 16.1 2.5
    endloop
  endfacet
  facet normal -0 0 1
    outer loop
      vertex 37.6471 17.8693 2.5
      vertex 37.7625 16.1077 2.5
      vertex 37.7625 17.8923 2.5
    endloop
  endfacet
  facet normal 0 0 1
    outer loop
      vertex 37.6471 17.8693 2.5
      vertex 37.6471 16.1307 2.5
      vertex 37.7625 16.1077 2.5
    endloop
  endfacet
  facet normal -0 0 1
    outer loop
      vertex 37.5356 17.8315 2.5
      vertex 37.6471 16.1307 2.5
      vertex 37.6471 17.8693 2.5
    endloop
  endfacet
  facet normal 0 0 1
    outer loop
      vertex 37.5356 17.8315 2.5
      vertex 37.5356 16.1685 2.5
      vertex 37.6471 16.1307 2.5
    endloop
  endfacet
  facet normal -0 0 1
    outer loop
      vertex 37.43 17.7794 2.5
      vertex 37.5356 16.1685 2.5
      vertex 37.5356 17.8315 2.5
    endloop
  endfacet
  facet normal 0 0 1
    outer loop
      vertex 37.43 17.7794 2.5
      vertex 37.43 16.2206 2.5
      vertex 37.5356 16.1685 2.5
    endloop
  endfacet
  facet normal -0 0 1
    outer loop
      vertex 37.3321 17.714 2.5
      vertex 37.43 16.2206 2.5
      vertex 37.43 17.7794 2.5
    endloop
  endfacet
  facet normal 0 0 1
    outer loop
      vertex 37.3321 17.714 2.5
      vertex 37.3321 16.286 2.5
      vertex 37.43 16.2206 2.5
    endloop
  endfacet
  facet normal -0 0 1
    outer loop
      vertex 37.2436 17.6364 2.5
      vertex 37.3321 16.286 2.5
      vertex 37.3321 17.714 2.5
    endloop
  endfacet
  facet normal 0 0 1
    outer loop
      vertex 37.2436 17.6364 2.5
      vertex 37.2436 16.3636 2.5
      vertex 37.3321 16.286 2.5
    endloop
  endfacet
  facet normal -0 0 1
    outer loop
      vertex 37.166 17.5479 2.5
      vertex 37.2436 16.3636 2.5
      vertex 37.2436 17.6364 2.5
    endloop
  endfacet
  facet normal 0 0 1
    outer loop
      vertex 37.166 17.5479 2.5
      vertex 37.166 16.4521 2.5
      vertex 37.2436 16.3636 2.5
    endloop
  endfacet
  facet normal -0 0 1
    outer loop
      vertex 37.1006 17.45 2.5
      vertex 37.166 16.4521 2.5
      vertex 37.166 17.5479 2.5
    endloop
  endfacet
  facet normal 0 0 1
    outer loop
      vertex 37.1006 17.45 2.5
      vertex 37.1006 16.55 2.5
      vertex 37.166 16.4521 2.5
    endloop
  endfacet
  facet normal -0 0 1
    outer loop
      vertex 37.0485 17.3444 2.5
      vertex 37.1006 16.55 2.5
      vertex 37.1006 17.45 2.5
    endloop
  endfacet
  facet normal 0 0 1
    outer loop
      vertex 37.0485 17.3444 2.5
      vertex 37.0485 16.6556 2.5
      vertex 37.1006 16.55 2.5
    endloop
  endfacet
  facet normal -0 0 1
    outer loop
      vertex 37.0107 17.2329 2.5
      vertex 37.0485 16.6556 2.5
      vertex 37.0485 17.3444 2.5
    endloop
  endfacet
  facet normal 0 0 1
    outer loop
      vertex 37.0107 17.2329 2.5
      vertex 37.0107 16.7671 2.5
      vertex 37.0485 16.6556 2.5
    endloop
  endfacet
  facet normal -0 0 1
    outer loop
      vertex 36.9877 17.1175 2.5
      vertex 37.0107 16.7671 2.5
      vertex 37.0107 17.2329 2.5
    endloop
  endfacet
  facet normal 0 0 1
    outer loop
      vertex 36.9877 17.1175 2.5
      vertex 36.9877 16.8825 2.5
      vertex 37.0107 16.7671 2.5
    endloop
  endfacet
  facet normal 0 -0 1
    outer loop
      vertex 36.9877 16.8825 2.5
      vertex 36.9877 17.1175 2.5
      vertex 36.98 17 2.5
    endloop
  endfacet
  facet normal 0 0 1
    outer loop
      vertex 20.2523 31.1175 2.5
      vertex 20.2523 30.8825 2.5
      vertex 20.26 31 2.5
    endloop
  endfacet
  facet normal 0 0 1
    outer loop
      vertex 20.2293 31.2329 2.5
      vertex 20.2523 30.8825 2.5
      vertex 20.2523 31.1175 2.5
    endloop
  endfacet
  facet normal 0 0 1
    outer loop
      vertex 20.2293 31.2329 2.5
      vertex 20.2293 30.7671 2.5
      vertex 20.2523 30.8825 2.5
    endloop
  endfacet
  facet normal 0 0 1
    outer loop
      vertex 20.1915 31.3444 2.5
      vertex 20.2293 30.7671 2.5
      vertex 20.2293 31.2329 2.5
    endloop
  endfacet
  facet normal 0 0 1
    outer loop
      vertex 20.1915 31.3444 2.5
      vertex 20.1915 30.6556 2.5
      vertex 20.2293 30.7671 2.5
    endloop
  endfacet
  facet normal 0 0 1
    outer loop
      vertex 20.1394 31.45 2.5
      vertex 20.1915 30.6556 2.5
      vertex 20.1915 31.3444 2.5
    endloop
  endfacet
  facet normal 0 0 1
    outer loop
      vertex 20.1394 31.45 2.5
      vertex 20.1394 30.55 2.5
      vertex 20.1915 30.6556 2.5
    endloop
  endfacet
  facet normal 0 0 1
    outer loop
      vertex 20.074 31.5479 2.5
      vertex 20.1394 30.55 2.5
      vertex 20.1394 31.45 2.5
    endloop
  endfacet
  facet normal 0 0 1
    outer loop
      vertex 20.074 31.5479 2.5
      vertex 20.074 30.4521 2.5
      vertex 20.1394 30.55 2.5
    endloop
  endfacet
  facet normal 0 0 1
    outer loop
      vertex 19.9964 31.6364 2.5
      vertex 20.074 30.4521 2.5
      vertex 20.074 31.5479 2.5
    endloop
  endfacet
  facet normal 0 0 1
    outer loop
      vertex 19.9964 31.6364 2.5
      vertex 19.9964 30.3636 2.5
      vertex 20.074 30.4521 2.5
    endloop
  endfacet
  facet normal 0 0 1
    outer loop
      vertex 19.9079 31.714 2.5
      vertex 19.9964 30.3636 2.5
      vertex 19.9964 31.6364 2.5
    endloop
  endfacet
  facet normal 0 0 1
    outer loop
      vertex 19.9079 31.714 2.5
      vertex 19.9079 30.286 2.5
      vertex 19.9964 30.3636 2.5
    endloop
  endfacet
  facet normal 0 0 1
    outer loop
      vertex 19.81 31.7794 2.5
      vertex 19.9079 30.286 2.5
      vertex 19.9079 31.714 2.5
    endloop
  endfacet
  facet normal 0 0 1
    outer loop
      vertex 19.81 31.7794 2.5
      vertex 19.81 30.2206 2.5
      vertex 19.9079 30.286 2.5
    endloop
  endfacet
  facet normal 0 0 1
    outer loop
      vertex 19.7044 31.8315 2.5
      vertex 19.81 30.2206 2.5
      vertex 19.81 31.7794 2.5
    endloop
  endfacet
  facet normal 0 0 1
    outer loop
      vertex 19.7044 31.8315 2.5
      vertex 19.7044 30.1685 2.5
      vertex 19.81 30.2206 2.5
    endloop
  endfacet
  facet normal 0 0 1
    outer loop
      vertex 19.5929 31.8693 2.5
      vertex 19.7044 30.1685 2.5
      vertex 19.7044 31.8315 2.5
    endloop
  endfacet
  facet normal 0 0 1
    outer loop
      vertex 19.5929 31.8693 2.5
      vertex 19.5929 30.1307 2.5
      vertex 19.7044 30.1685 2.5
    endloop
  endfacet
  facet normal 0 0 1
    outer loop
      vertex 19.4775 31.8923 2.5
      vertex 19.5929 30.1307 2.5
      vertex 19.5929 31.8693 2.5
    endloop
  endfacet
  facet normal 0 0 1
    outer loop
      vertex 19.4775 31.8923 2.5
      vertex 19.4775 30.1077 2.5
      vertex 19.5929 30.1307 2.5
    endloop
  endfacet
  facet normal 0 0 1
    outer loop
      vertex 19.36 31.9 2.5
      vertex 19.4775 30.1077 2.5
      vertex 19.4775 31.8923 2.5
    endloop
  endfacet
  facet normal 0 0 1
    outer loop
      vertex 19.36 31.9 2.5
      vertex 19.36 30.1 2.5
      vertex 19.4775 30.1077 2.5
    endloop
  endfacet
  facet normal -0 0 1
    outer loop
      vertex 19.2425 31.8923 2.5
      vertex 19.36 30.1 2.5
      vertex 19.36 31.9 2.5
    endloop
  endfacet
  facet normal 0 0 1
    outer loop
      vertex 19.2425 31.8923 2.5
      vertex 19.2425 30.1077 2.5
      vertex 19.36 30.1 2.5
    endloop
  endfacet
  facet normal -0 0 1
    outer loop
      vertex 19.1271 31.8693 2.5
      vertex 19.2425 30.1077 2.5
      vertex 19.2425 31.8923 2.5
    endloop
  endfacet
  facet normal 0 0 1
    outer loop
      vertex 19.1271 31.8693 2.5
      vertex 19.1271 30.1307 2.5
      vertex 19.2425 30.1077 2.5
    endloop
  endfacet
  facet normal -0 0 1
    outer loop
      vertex 19.0156 31.8315 2.5
      vertex 19.1271 30.1307 2.5
      vertex 19.1271 31.8693 2.5
    endloop
  endfacet
  facet normal 0 0 1
    outer loop
      vertex 19.0156 31.8315 2.5
      vertex 19.0156 30.1685 2.5
      vertex 19.1271 30.1307 2.5
    endloop
  endfacet
  facet normal -0 0 1
    outer loop
      vertex 18.91 31.7794 2.5
      vertex 19.0156 30.1685 2.5
      vertex 19.0156 31.8315 2.5
    endloop
  endfacet
  facet normal 0 0 1
    outer loop
      vertex 18.91 31.7794 2.5
      vertex 18.91 30.2206 2.5
      vertex 19.0156 30.1685 2.5
    endloop
  endfacet
  facet normal -0 0 1
    outer loop
      vertex 18.8121 31.714 2.5
      vertex 18.91 30.2206 2.5
      vertex 18.91 31.7794 2.5
    endloop
  endfacet
  facet normal 0 0 1
    outer loop
      vertex 18.8121 31.714 2.5
      vertex 18.8121 30.286 2.5
      vertex 18.91 30.2206 2.5
    endloop
  endfacet
  facet normal -0 0 1
    outer loop
      vertex 18.7236 31.6364 2.5
      vertex 18.8121 30.286 2.5
      vertex 18.8121 31.714 2.5
    endloop
  endfacet
  facet normal 0 0 1
    outer loop
      vertex 18.7236 31.6364 2.5
      vertex 18.7236 30.3636 2.5
      vertex 18.8121 30.286 2.5
    endloop
  endfacet
  facet normal -0 0 1
    outer loop
      vertex 18.646 31.5479 2.5
      vertex 18.7236 30.3636 2.5
      vertex 18.7236 31.6364 2.5
    endloop
  endfacet
  facet normal 0 0 1
    outer loop
      vertex 18.646 31.5479 2.5
      vertex 18.646 30.4521 2.5
      vertex 18.7236 30.3636 2.5
    endloop
  endfacet
  facet normal -0 0 1
    outer loop
      vertex 18.5806 31.45 2.5
      vertex 18.646 30.4521 2.5
      vertex 18.646 31.5479 2.5
    endloop
  endfacet
  facet normal 0 0 1
    outer loop
      vertex 18.5806 31.45 2.5
      vertex 18.5806 30.55 2.5
      vertex 18.646 30.4521 2.5
    endloop
  endfacet
  facet normal -0 0 1
    outer loop
      vertex 18.5285 31.3444 2.5
      vertex 18.5806 30.55 2.5
      vertex 18.5806 31.45 2.5
    endloop
  endfacet
  facet normal 0 0 1
    outer loop
      vertex 18.5285 31.3444 2.5
      vertex 18.5285 30.6556 2.5
      vertex 18.5806 30.55 2.5
    endloop
  endfacet
  facet normal -0 0 1
    outer loop
      vertex 18.4907 31.2329 2.5
      vertex 18.5285 30.6556 2.5
      vertex 18.5285 31.3444 2.5
    endloop
  endfacet
  facet normal 0 0 1
    outer loop
      vertex 18.4907 31.2329 2.5
      vertex 18.4907 30.7671 2.5
      vertex 18.5285 30.6556 2.5
    endloop
  endfacet
  facet normal -0 0 1
    outer loop
      vertex 18.4677 31.1175 2.5
      vertex 18.4907 30.7671 2.5
      vertex 18.4907 31.2329 2.5
    endloop
  endfacet
  facet normal 0 0 1
    outer loop
      vertex 18.4677 31.1175 2.5
      vertex 18.4677 30.8825 2.5
      vertex 18.4907 30.7671 2.5
    endloop
  endfacet
  facet normal 0 -0 1
    outer loop
      vertex 18.4677 30.8825 2.5
      vertex 18.4677 31.1175 2.5
      vertex 18.46 31 2.5
    endloop
  endfacet
  facet normal 0 0 1
    outer loop
      vertex 38.7723 31.1175 2.5
      vertex 38.7723 30.8825 2.5
      vertex 38.78 31 2.5
    endloop
  endfacet
  facet normal 0 0 1
    outer loop
      vertex 38.7493 31.2329 2.5
      vertex 38.7723 30.8825 2.5
      vertex 38.7723 31.1175 2.5
    endloop
  endfacet
  facet normal 0 0 1
    outer loop
      vertex 38.7493 31.2329 2.5
      vertex 38.7493 30.7671 2.5
      vertex 38.7723 30.8825 2.5
    endloop
  endfacet
  facet normal 0 0 1
    outer loop
      vertex 38.7115 31.3444 2.5
      vertex 38.7493 30.7671 2.5
      vertex 38.7493 31.2329 2.5
    endloop
  endfacet
  facet normal 0 0 1
    outer loop
      vertex 38.7115 31.3444 2.5
      vertex 38.7115 30.6556 2.5
      vertex 38.7493 30.7671 2.5
    endloop
  endfacet
  facet normal 0 0 1
    outer loop
      vertex 38.6594 31.45 2.5
      vertex 38.7115 30.6556 2.5
      vertex 38.7115 31.3444 2.5
    endloop
  endfacet
  facet normal 0 0 1
    outer loop
      vertex 38.6594 31.45 2.5
      vertex 38.6594 30.55 2.5
      vertex 38.7115 30.6556 2.5
    endloop
  endfacet
  facet normal 0 0 1
    outer loop
      vertex 38.594 31.5479 2.5
      vertex 38.6594 30.55 2.5
      vertex 38.6594 31.45 2.5
    endloop
  endfacet
  facet normal 0 0 1
    outer loop
      vertex 38.594 31.5479 2.5
      vertex 38.594 30.4521 2.5
      vertex 38.6594 30.55 2.5
    endloop
  endfacet
  facet normal 0 0 1
    outer loop
      vertex 38.5164 31.6364 2.5
      vertex 38.594 30.4521 2.5
      vertex 38.594 31.5479 2.5
    endloop
  endfacet
  facet normal 0 0 1
    outer loop
      vertex 38.5164 31.6364 2.5
      vertex 38.5164 30.3636 2.5
      vertex 38.594 30.4521 2.5
    endloop
  endfacet
  facet normal 0 0 1
    outer loop
      vertex 38.4279 31.714 2.5
      vertex 38.5164 30.3636 2.5
      vertex 38.5164 31.6364 2.5
    endloop
  endfacet
  facet normal 0 0 1
    outer loop
      vertex 38.4279 31.714 2.5
      vertex 38.4279 30.286 2.5
      vertex 38.5164 30.3636 2.5
    endloop
  endfacet
  facet normal 0 0 1
    outer loop
      vertex 38.33 31.7794 2.5
      vertex 38.4279 30.286 2.5
      vertex 38.4279 31.714 2.5
    endloop
  endfacet
  facet normal 0 0 1
    outer loop
      vertex 38.33 31.7794 2.5
      vertex 38.33 30.2206 2.5
      vertex 38.4279 30.286 2.5
    endloop
  endfacet
  facet normal 0 0 1
    outer loop
      vertex 38.2244 31.8315 2.5
      vertex 38.33 30.2206 2.5
      vertex 38.33 31.7794 2.5
    endloop
  endfacet
  facet normal 0 0 1
    outer loop
      vertex 38.2244 31.8315 2.5
      vertex 38.2244 30.1685 2.5
      vertex 38.33 30.2206 2.5
    endloop
  endfacet
  facet normal 0 0 1
    outer loop
      vertex 38.1129 31.8693 2.5
      vertex 38.2244 30.1685 2.5
      vertex 38.2244 31.8315 2.5
    endloop
  endfacet
  facet normal 0 0 1
    outer loop
      vertex 38.1129 31.8693 2.5
      vertex 38.1129 30.1307 2.5
      vertex 38.2244 30.1685 2.5
    endloop
  endfacet
  facet normal 0 0 1
    outer loop
      vertex 37.9975 31.8923 2.5
      vertex 38.1129 30.1307 2.5
      vertex 38.1129 31.8693 2.5
    endloop
  endfacet
  facet normal 0 0 1
    outer loop
      vertex 37.9975 31.8923 2.5
      vertex 37.9975 30.1077 2.5
      vertex 38.1129 30.1307 2.5
    endloop
  endfacet
  facet normal 0 0 1
    outer loop
      vertex 37.88 31.9 2.5
      vertex 37.9975 30.1077 2.5
      vertex 37.9975 31.8923 2.5
    endloop
  endfacet
  facet normal 0 0 1
    outer loop
      vertex 37.88 31.9 2.5
      vertex 37.88 30.1 2.5
      vertex 37.9975 30.1077 2.5
    endloop
  endfacet
  facet normal -0 0 1
    outer loop
      vertex 37.7625 31.8923 2.5
      vertex 37.88 30.1 2.5
      vertex 37.88 31.9 2.5
    endloop
  endfacet
  facet normal 0 0 1
    outer loop
      vertex 37.7625 31.8923 2.5
      vertex 37.7625 30.1077 2.5
      vertex 37.88 30.1 2.5
    endloop
  endfacet
  facet normal -0 0 1
    outer loop
      vertex 37.6471 31.8693 2.5
      vertex 37.7625 30.1077 2.5
      vertex 37.7625 31.8923 2.5
    endloop
  endfacet
  facet normal 0 0 1
    outer loop
      vertex 37.6471 31.8693 2.5
      vertex 37.6471 30.1307 2.5
      vertex 37.7625 30.1077 2.5
    endloop
  endfacet
  facet normal -0 0 1
    outer loop
      vertex 37.5356 31.8315 2.5
      vertex 37.6471 30.1307 2.5
      vertex 37.6471 31.8693 2.5
    endloop
  endfacet
  facet normal 0 0 1
    outer loop
      vertex 37.5356 31.8315 2.5
      vertex 37.5356 30.1685 2.5
      vertex 37.6471 30.1307 2.5
    endloop
  endfacet
  facet normal -0 0 1
    outer loop
      vertex 37.43 31.7794 2.5
      vertex 37.5356 30.1685 2.5
      vertex 37.5356 31.8315 2.5
    endloop
  endfacet
  facet normal 0 0 1
    outer loop
      vertex 37.43 31.7794 2.5
      vertex 37.43 30.2206 2.5
      vertex 37.5356 30.1685 2.5
    endloop
  endfacet
  facet normal -0 0 1
    outer loop
      vertex 37.3321 31.714 2.5
      vertex 37.43 30.2206 2.5
      vertex 37.43 31.7794 2.5
    endloop
  endfacet
  facet normal 0 0 1
    outer loop
      vertex 37.3321 31.714 2.5
      vertex 37.3321 30.286 2.5
      vertex 37.43 30.2206 2.5
    endloop
  endfacet
  facet normal -0 0 1
    outer loop
      vertex 37.2436 31.6364 2.5
      vertex 37.3321 30.286 2.5
      vertex 37.3321 31.714 2.5
    endloop
  endfacet
  facet normal 0 0 1
    outer loop
      vertex 37.2436 31.6364 2.5
      vertex 37.2436 30.3636 2.5
      vertex 37.3321 30.286 2.5
    endloop
  endfacet
  facet normal -0 0 1
    outer loop
      vertex 37.166 31.5479 2.5
      vertex 37.2436 30.3636 2.5
      vertex 37.2436 31.6364 2.5
    endloop
  endfacet
  facet normal 0 0 1
    outer loop
      vertex 37.166 31.5479 2.5
      vertex 37.166 30.4521 2.5
      vertex 37.2436 30.3636 2.5
    endloop
  endfacet
  facet normal -0 0 1
    outer loop
      vertex 37.1006 31.45 2.5
      vertex 37.166 30.4521 2.5
      vertex 37.166 31.5479 2.5
    endloop
  endfacet
  facet normal 0 0 1
    outer loop
      vertex 37.1006 31.45 2.5
      vertex 37.1006 30.55 2.5
      vertex 37.166 30.4521 2.5
    endloop
  endfacet
  facet normal -0 0 1
    outer loop
      vertex 37.0485 31.3444 2.5
      vertex 37.1006 30.55 2.5
      vertex 37.1006 31.45 2.5
    endloop
  endfacet
  facet normal 0 0 1
    outer loop
      vertex 37.0485 31.3444 2.5
      vertex 37.0485 30.6556 2.5
      vertex 37.1006 30.55 2.5
    endloop
  endfacet
  facet normal -0 0 1
    outer loop
      vertex 37.0107 31.2329 2.5
      vertex 37.0485 30.6556 2.5
      vertex 37.0485 31.3444 2.5
    endloop
  endfacet
  facet normal 0 0 1
    outer loop
      vertex 37.0107 31.2329 2.5
      vertex 37.0107 30.7671 2.5
      vertex 37.0485 30.6556 2.5
    endloop
  endfacet
  facet normal -0 0 1
    outer loop
      vertex 36.9877 31.1175 2.5
      vertex 37.0107 30.7671 2.5
      vertex 37.0107 31.2329 2.5
    endloop
  endfacet
  facet normal 0 0 1
    outer loop
      vertex 36.9877 31.1175 2.5
      vertex 36.9877 30.8825 2.5
      vertex 37.0107 30.7671 2.5
    endloop
  endfacet
  facet normal 0 -0 1
    outer loop
      vertex 36.9877 30.8825 2.5
      vertex 36.9877 31.1175 2.5
      vertex 36.98 31 2.5
    endloop
  endfacet
  facet normal 0 0 1
    outer loop
      vertex 10.582 8.7741 2.5
      vertex 10.582 8.2259 2.5
      vertex 10.6 8.5 2.5
    endloop
  endfacet
  facet normal 0 0 1
    outer loop
      vertex 10.5284 9.04352 2.5
      vertex 10.582 8.2259 2.5
      vertex 10.582 8.7741 2.5
    endloop
  endfacet
  facet normal 0 0 1
    outer loop
      vertex 10.5284 9.04352 2.5
      vertex 10.5284 7.95648 2.5
      vertex 10.582 8.2259 2.5
    endloop
  endfacet
  facet normal 0 0 1
    outer loop
      vertex 10.4401 9.30363 2.5
      vertex 10.5284 7.95648 2.5
      vertex 10.5284 9.04352 2.5
    endloop
  endfacet
  facet normal 0 0 1
    outer loop
      vertex 10.4401 9.30363 2.5
      vertex 10.4401 7.69637 2.5
      vertex 10.5284 7.95648 2.5
    endloop
  endfacet
  facet normal 0 0 1
    outer loop
      vertex 10.3187 9.55 2.5
      vertex 10.4401 7.69637 2.5
      vertex 10.4401 9.30363 2.5
    endloop
  endfacet
  facet normal 0 0 1
    outer loop
      vertex 10.3187 9.55 2.5
      vertex 10.3187 7.45 2.5
      vertex 10.4401 7.69637 2.5
    endloop
  endfacet
  facet normal 0 0 1
    outer loop
      vertex 10.166 9.7784 2.5
      vertex 10.3187 7.45 2.5
      vertex 10.3187 9.55 2.5
    endloop
  endfacet
  facet normal 0 0 1
    outer loop
      vertex 10.166 9.7784 2.5
      vertex 10.166 7.2216 2.5
      vertex 10.3187 7.45 2.5
    endloop
  endfacet
  facet normal 0 0 1
    outer loop
      vertex 9.98492 9.98492 2.5
      vertex 10.166 7.2216 2.5
      vertex 10.166 9.7784 2.5
    endloop
  endfacet
  facet normal 0 0 1
    outer loop
      vertex 9.98492 9.98492 2.5
      vertex 9.98492 7.01508 2.5
      vertex 10.166 7.2216 2.5
    endloop
  endfacet
  facet normal 0 0 1
    outer loop
      vertex 9.7784 10.166 2.5
      vertex 9.98492 7.01508 2.5
      vertex 9.98492 9.98492 2.5
    endloop
  endfacet
  facet normal 0 0 1
    outer loop
      vertex 9.7784 10.166 2.5
      vertex 9.7784 6.83396 2.5
      vertex 9.98492 7.01508 2.5
    endloop
  endfacet
  facet normal 0 0 1
    outer loop
      vertex 9.55 10.3187 2.5
      vertex 9.7784 6.83396 2.5
      vertex 9.7784 10.166 2.5
    endloop
  endfacet
  facet normal 0 0 1
    outer loop
      vertex 9.55 10.3187 2.5
      vertex 9.55 6.68135 2.5
      vertex 9.7784 6.83396 2.5
    endloop
  endfacet
  facet normal 0 0 1
    outer loop
      vertex 9.30363 10.4401 2.5
      vertex 9.55 6.68135 2.5
      vertex 9.55 10.3187 2.5
    endloop
  endfacet
  facet normal 0 0 1
    outer loop
      vertex 9.30363 10.4401 2.5
      vertex 9.30363 6.55985 2.5
      vertex 9.55 6.68135 2.5
    endloop
  endfacet
  facet normal 0 0 1
    outer loop
      vertex 9.04352 10.5284 2.5
      vertex 9.30363 6.55985 2.5
      vertex 9.30363 10.4401 2.5
    endloop
  endfacet
  facet normal 0 0 1
    outer loop
      vertex 9.04352 10.5284 2.5
      vertex 9.04352 6.47156 2.5
      vertex 9.30363 6.55985 2.5
    endloop
  endfacet
  facet normal 0 0 1
    outer loop
      vertex 8.7741 10.582 2.5
      vertex 9.04352 6.47156 2.5
      vertex 9.04352 10.5284 2.5
    endloop
  endfacet
  facet normal 0 0 1
    outer loop
      vertex 8.7741 10.582 2.5
      vertex 8.7741 6.41797 2.5
      vertex 9.04352 6.47156 2.5
    endloop
  endfacet
  facet normal 0 0 1
    outer loop
      vertex 8.5 10.6 2.5
      vertex 8.7741 6.41797 2.5
      vertex 8.7741 10.582 2.5
    endloop
  endfacet
  facet normal 0 0 1
    outer loop
      vertex 8.5 10.6 2.5
      vertex 8.5 6.4 2.5
      vertex 8.7741 6.41797 2.5
    endloop
  endfacet
  facet normal -0 0 1
    outer loop
      vertex 8.2259 10.582 2.5
      vertex 8.5 6.4 2.5
      vertex 8.5 10.6 2.5
    endloop
  endfacet
  facet normal 0 0 1
    outer loop
      vertex 8.2259 10.582 2.5
      vertex 8.2259 6.41797 2.5
      vertex 8.5 6.4 2.5
    endloop
  endfacet
  facet normal -0 0 1
    outer loop
      vertex 7.95648 10.5284 2.5
      vertex 8.2259 6.41797 2.5
      vertex 8.2259 10.582 2.5
    endloop
  endfacet
  facet normal 0 0 1
    outer loop
      vertex 7.95648 10.5284 2.5
      vertex 7.95648 6.47156 2.5
      vertex 8.2259 6.41797 2.5
    endloop
  endfacet
  facet normal -0 0 1
    outer loop
      vertex 7.69637 10.4401 2.5
      vertex 7.95648 6.47156 2.5
      vertex 7.95648 10.5284 2.5
    endloop
  endfacet
  facet normal 0 0 1
    outer loop
      vertex 7.69637 10.4401 2.5
      vertex 7.69637 6.55985 2.5
      vertex 7.95648 6.47156 2.5
    endloop
  endfacet
  facet normal -0 0 1
    outer loop
      vertex 7.45 10.3187 2.5
      vertex 7.69637 6.55985 2.5
      vertex 7.69637 10.4401 2.5
    endloop
  endfacet
  facet normal 0 0 1
    outer loop
      vertex 7.45 10.3187 2.5
      vertex 7.45 6.68135 2.5
      vertex 7.69637 6.55985 2.5
    endloop
  endfacet
  facet normal -0 0 1
    outer loop
      vertex 7.2216 10.166 2.5
      vertex 7.45 6.68135 2.5
      vertex 7.45 10.3187 2.5
    endloop
  endfacet
  facet normal 0 0 1
    outer loop
      vertex 7.2216 10.166 2.5
      vertex 7.2216 6.83396 2.5
      vertex 7.45 6.68135 2.5
    endloop
  endfacet
  facet normal -0 0 1
    outer loop
      vertex 7.01508 9.98492 2.5
      vertex 7.2216 6.83396 2.5
      vertex 7.2216 10.166 2.5
    endloop
  endfacet
  facet normal 0 0 1
    outer loop
      vertex 7.01508 9.98492 2.5
      vertex 7.01508 7.01508 2.5
      vertex 7.2216 6.83396 2.5
    endloop
  endfacet
  facet normal -0 0 1
    outer loop
      vertex 6.83396 9.7784 2.5
      vertex 7.01508 7.01508 2.5
      vertex 7.01508 9.98492 2.5
    endloop
  endfacet
  facet normal 0 0 1
    outer loop
      vertex 6.83396 9.7784 2.5
      vertex 6.83396 7.2216 2.5
      vertex 7.01508 7.01508 2.5
    endloop
  endfacet
  facet normal -0 0 1
    outer loop
      vertex 6.68135 9.55 2.5
      vertex 6.83396 7.2216 2.5
      vertex 6.83396 9.7784 2.5
    endloop
  endfacet
  facet normal 0 0 1
    outer loop
      vertex 6.68135 9.55 2.5
      vertex 6.68135 7.45 2.5
      vertex 6.83396 7.2216 2.5
    endloop
  endfacet
  facet normal -0 0 1
    outer loop
      vertex 6.55985 9.30363 2.5
      vertex 6.68135 7.45 2.5
      vertex 6.68135 9.55 2.5
    endloop
  endfacet
  facet normal 0 0 1
    outer loop
      vertex 6.55985 9.30363 2.5
      vertex 6.55985 7.69637 2.5
      vertex 6.68135 7.45 2.5
    endloop
  endfacet
  facet normal -0 0 1
    outer loop
      vertex 6.47156 9.04352 2.5
      vertex 6.55985 7.69637 2.5
      vertex 6.55985 9.30363 2.5
    endloop
  endfacet
  facet normal 0 0 1
    outer loop
      vertex 6.47156 9.04352 2.5
      vertex 6.47156 7.95648 2.5
      vertex 6.55985 7.69637 2.5
    endloop
  endfacet
  facet normal -0 0 1
    outer loop
      vertex 6.41797 8.7741 2.5
      vertex 6.47156 7.95648 2.5
      vertex 6.47156 9.04352 2.5
    endloop
  endfacet
  facet normal 0 0 1
    outer loop
      vertex 6.41797 8.7741 2.5
      vertex 6.41797 8.2259 2.5
      vertex 6.47156 7.95648 2.5
    endloop
  endfacet
  facet normal 0 -0 1
    outer loop
      vertex 6.41797 8.2259 2.5
      vertex 6.41797 8.7741 2.5
      vertex 6.4 8.5 2.5
    endloop
  endfacet
  facet normal 0 0 1
    outer loop
      vertex 10.582 39.7741 2.5
      vertex 10.582 39.2259 2.5
      vertex 10.6 39.5 2.5
    endloop
  endfacet
  facet normal 0 0 1
    outer loop
      vertex 10.5284 40.0435 2.5
      vertex 10.582 39.2259 2.5
      vertex 10.582 39.7741 2.5
    endloop
  endfacet
  facet normal 0 0 1
    outer loop
      vertex 10.5284 40.0435 2.5
      vertex 10.5284 38.9565 2.5
      vertex 10.582 39.2259 2.5
    endloop
  endfacet
  facet normal 0 0 1
    outer loop
      vertex 10.4401 40.3036 2.5
      vertex 10.5284 38.9565 2.5
      vertex 10.5284 40.0435 2.5
    endloop
  endfacet
  facet normal 0 0 1
    outer loop
      vertex 10.4401 40.3036 2.5
      vertex 10.4401 38.6964 2.5
      vertex 10.5284 38.9565 2.5
    endloop
  endfacet
  facet normal 0 0 1
    outer loop
      vertex 10.3187 40.55 2.5
      vertex 10.4401 38.6964 2.5
      vertex 10.4401 40.3036 2.5
    endloop
  endfacet
  facet normal 0 0 1
    outer loop
      vertex 10.3187 40.55 2.5
      vertex 10.3187 38.45 2.5
      vertex 10.4401 38.6964 2.5
    endloop
  endfacet
  facet normal 0 0 1
    outer loop
      vertex 10.166 40.7784 2.5
      vertex 10.3187 38.45 2.5
      vertex 10.3187 40.55 2.5
    endloop
  endfacet
  facet normal 0 0 1
    outer loop
      vertex 10.166 40.7784 2.5
      vertex 10.166 38.2216 2.5
      vertex 10.3187 38.45 2.5
    endloop
  endfacet
  facet normal 0 0 1
    outer loop
      vertex 9.98492 40.9849 2.5
      vertex 10.166 38.2216 2.5
      vertex 10.166 40.7784 2.5
    endloop
  endfacet
  facet normal 0 0 1
    outer loop
      vertex 9.98492 40.9849 2.5
      vertex 9.98492 38.0151 2.5
      vertex 10.166 38.2216 2.5
    endloop
  endfacet
  facet normal 0 0 1
    outer loop
      vertex 9.7784 41.166 2.5
      vertex 9.98492 38.0151 2.5
      vertex 9.98492 40.9849 2.5
    endloop
  endfacet
  facet normal 0 0 1
    outer loop
      vertex 9.7784 41.166 2.5
      vertex 9.7784 37.834 2.5
      vertex 9.98492 38.0151 2.5
    endloop
  endfacet
  facet normal 0 0 1
    outer loop
      vertex 9.55 41.3187 2.5
      vertex 9.7784 37.834 2.5
      vertex 9.7784 41.166 2.5
    endloop
  endfacet
  facet normal 0 0 1
    outer loop
      vertex 9.55 41.3187 2.5
      vertex 9.55 37.6813 2.5
      vertex 9.7784 37.834 2.5
    endloop
  endfacet
  facet normal 0 0 1
    outer loop
      vertex 9.30363 41.4401 2.5
      vertex 9.55 37.6813 2.5
      vertex 9.55 41.3187 2.5
    endloop
  endfacet
  facet normal 0 0 1
    outer loop
      vertex 9.30363 41.4401 2.5
      vertex 9.30363 37.5599 2.5
      vertex 9.55 37.6813 2.5
    endloop
  endfacet
  facet normal 0 0 1
    outer loop
      vertex 9.04352 41.5284 2.5
      vertex 9.30363 37.5599 2.5
      vertex 9.30363 41.4401 2.5
    endloop
  endfacet
  facet normal 0 0 1
    outer loop
      vertex 9.04352 41.5284 2.5
      vertex 9.04352 37.4716 2.5
      vertex 9.30363 37.5599 2.5
    endloop
  endfacet
  facet normal 0 0 1
    outer loop
      vertex 8.7741 41.582 2.5
      vertex 9.04352 37.4716 2.5
      vertex 9.04352 41.5284 2.5
    endloop
  endfacet
  facet normal 0 0 1
    outer loop
      vertex 8.7741 41.582 2.5
      vertex 8.7741 37.418 2.5
      vertex 9.04352 37.4716 2.5
    endloop
  endfacet
  facet normal 0 0 1
    outer loop
      vertex 8.5 41.6 2.5
      vertex 8.7741 37.418 2.5
      vertex 8.7741 41.582 2.5
    endloop
  endfacet
  facet normal 0 0 1
    outer loop
      vertex 8.5 41.6 2.5
      vertex 8.5 37.4 2.5
      vertex 8.7741 37.418 2.5
    endloop
  endfacet
  facet normal -0 0 1
    outer loop
      vertex 8.2259 41.582 2.5
      vertex 8.5 37.4 2.5
      vertex 8.5 41.6 2.5
    endloop
  endfacet
  facet normal 0 0 1
    outer loop
      vertex 8.2259 41.582 2.5
      vertex 8.2259 37.418 2.5
      vertex 8.5 37.4 2.5
    endloop
  endfacet
  facet normal -0 0 1
    outer loop
      vertex 7.95648 41.5284 2.5
      vertex 8.2259 37.418 2.5
      vertex 8.2259 41.582 2.5
    endloop
  endfacet
  facet normal 0 0 1
    outer loop
      vertex 7.95648 41.5284 2.5
      vertex 7.95648 37.4716 2.5
      vertex 8.2259 37.418 2.5
    endloop
  endfacet
  facet normal -0 0 1
    outer loop
      vertex 7.69637 41.4401 2.5
      vertex 7.95648 37.4716 2.5
      vertex 7.95648 41.5284 2.5
    endloop
  endfacet
  facet normal 0 0 1
    outer loop
      vertex 7.69637 41.4401 2.5
      vertex 7.69637 37.5599 2.5
      vertex 7.95648 37.4716 2.5
    endloop
  endfacet
  facet normal -0 0 1
    outer loop
      vertex 7.45 41.3187 2.5
      vertex 7.69637 37.5599 2.5
      vertex 7.69637 41.4401 2.5
    endloop
  endfacet
  facet normal 0 0 1
    outer loop
      vertex 7.45 41.3187 2.5
      vertex 7.45 37.6813 2.5
      vertex 7.69637 37.5599 2.5
    endloop
  endfacet
  facet normal -0 0 1
    outer loop
      vertex 7.2216 41.166 2.5
      vertex 7.45 37.6813 2.5
      vertex 7.45 41.3187 2.5
    endloop
  endfacet
  facet normal 0 0 1
    outer loop
      vertex 7.2216 41.166 2.5
      vertex 7.2216 37.834 2.5
      vertex 7.45 37.6813 2.5
    endloop
  endfacet
  facet normal -0 0 1
    outer loop
      vertex 7.01508 40.9849 2.5
      vertex 7.2216 37.834 2.5
      vertex 7.2216 41.166 2.5
    endloop
  endfacet
  facet normal 0 0 1
    outer loop
      vertex 7.01508 40.9849 2.5
      vertex 7.01508 38.0151 2.5
      vertex 7.2216 37.834 2.5
    endloop
  endfacet
  facet normal -0 0 1
    outer loop
      vertex 6.83396 40.7784 2.5
      vertex 7.01508 38.0151 2.5
      vertex 7.01508 40.9849 2.5
    endloop
  endfacet
  facet normal 0 0 1
    outer loop
      vertex 6.83396 40.7784 2.5
      vertex 6.83396 38.2216 2.5
      vertex 7.01508 38.0151 2.5
    endloop
  endfacet
  facet normal -0 0 1
    outer loop
      vertex 6.68135 40.55 2.5
      vertex 6.83396 38.2216 2.5
      vertex 6.83396 40.7784 2.5
    endloop
  endfacet
  facet normal 0 0 1
    outer loop
      vertex 6.68135 40.55 2.5
      vertex 6.68135 38.45 2.5
      vertex 6.83396 38.2216 2.5
    endloop
  endfacet
  facet normal -0 0 1
    outer loop
      vertex 6.55985 40.3036 2.5
      vertex 6.68135 38.45 2.5
      vertex 6.68135 40.55 2.5
    endloop
  endfacet
  facet normal 0 0 1
    outer loop
      vertex 6.55985 40.3036 2.5
      vertex 6.55985 38.6964 2.5
      vertex 6.68135 38.45 2.5
    endloop
  endfacet
  facet normal -0 0 1
    outer loop
      vertex 6.47156 40.0435 2.5
      vertex 6.55985 38.6964 2.5
      vertex 6.55985 40.3036 2.5
    endloop
  endfacet
  facet normal 0 0 1
    outer loop
      vertex 6.47156 40.0435 2.5
      vertex 6.47156 38.9565 2.5
      vertex 6.55985 38.6964 2.5
    endloop
  endfacet
  facet normal -0 0 1
    outer loop
      vertex 6.41797 39.7741 2.5
      vertex 6.47156 38.9565 2.5
      vertex 6.47156 40.0435 2.5
    endloop
  endfacet
  facet normal 0 0 1
    outer loop
      vertex 6.41797 39.7741 2.5
      vertex 6.41797 39.2259 2.5
      vertex 6.47156 38.9565 2.5
    endloop
  endfacet
  facet normal 0 -0 1
    outer loop
      vertex 6.41797 39.2259 2.5
      vertex 6.41797 39.7741 2.5
      vertex 6.4 39.5 2.5
    endloop
  endfacet
  facet normal 0 0 1
    outer loop
      vertex 50.822 8.7741 2.5
      vertex 50.822 8.2259 2.5
      vertex 50.84 8.5 2.5
    endloop
  endfacet
  facet normal 0 0 1
    outer loop
      vertex 50.7684 9.04352 2.5
      vertex 50.822 8.2259 2.5
      vertex 50.822 8.7741 2.5
    endloop
  endfacet
  facet normal 0 0 1
    outer loop
      vertex 50.7684 9.04352 2.5
      vertex 50.7684 7.95648 2.5
      vertex 50.822 8.2259 2.5
    endloop
  endfacet
  facet normal 0 0 1
    outer loop
      vertex 50.6801 9.30363 2.5
      vertex 50.7684 7.95648 2.5
      vertex 50.7684 9.04352 2.5
    endloop
  endfacet
  facet normal 0 0 1
    outer loop
      vertex 50.6801 9.30363 2.5
      vertex 50.6801 7.69637 2.5
      vertex 50.7684 7.95648 2.5
    endloop
  endfacet
  facet normal 0 0 1
    outer loop
      vertex 50.5587 9.55 2.5
      vertex 50.6801 7.69637 2.5
      vertex 50.6801 9.30363 2.5
    endloop
  endfacet
  facet normal 0 0 1
    outer loop
      vertex 50.5587 9.55 2.5
      vertex 50.5587 7.45 2.5
      vertex 50.6801 7.69637 2.5
    endloop
  endfacet
  facet normal 0 0 1
    outer loop
      vertex 50.406 9.7784 2.5
      vertex 50.5587 7.45 2.5
      vertex 50.5587 9.55 2.5
    endloop
  endfacet
  facet normal 0 0 1
    outer loop
      vertex 50.406 9.7784 2.5
      vertex 50.406 7.2216 2.5
      vertex 50.5587 7.45 2.5
    endloop
  endfacet
  facet normal 0 0 1
    outer loop
      vertex 50.2249 9.98492 2.5
      vertex 50.406 7.2216 2.5
      vertex 50.406 9.7784 2.5
    endloop
  endfacet
  facet normal 0 0 1
    outer loop
      vertex 50.2249 9.98492 2.5
      vertex 50.2249 7.01508 2.5
      vertex 50.406 7.2216 2.5
    endloop
  endfacet
  facet normal 0 0 1
    outer loop
      vertex 50.0184 10.166 2.5
      vertex 50.2249 7.01508 2.5
      vertex 50.2249 9.98492 2.5
    endloop
  endfacet
  facet normal 0 0 1
    outer loop
      vertex 50.0184 10.166 2.5
      vertex 50.0184 6.83396 2.5
      vertex 50.2249 7.01508 2.5
    endloop
  endfacet
  facet normal 0 0 1
    outer loop
      vertex 49.79 10.3187 2.5
      vertex 50.0184 6.83396 2.5
      vertex 50.0184 10.166 2.5
    endloop
  endfacet
  facet normal 0 0 1
    outer loop
      vertex 49.79 10.3187 2.5
      vertex 49.79 6.68135 2.5
      vertex 50.0184 6.83396 2.5
    endloop
  endfacet
  facet normal 0 0 1
    outer loop
      vertex 49.5436 10.4401 2.5
      vertex 49.79 6.68135 2.5
      vertex 49.79 10.3187 2.5
    endloop
  endfacet
  facet normal 0 0 1
    outer loop
      vertex 49.5436 10.4401 2.5
      vertex 49.5436 6.55985 2.5
      vertex 49.79 6.68135 2.5
    endloop
  endfacet
  facet normal 0 0 1
    outer loop
      vertex 49.2835 10.5284 2.5
      vertex 49.5436 6.55985 2.5
      vertex 49.5436 10.4401 2.5
    endloop
  endfacet
  facet normal 0 0 1
    outer loop
      vertex 49.2835 10.5284 2.5
      vertex 49.2835 6.47156 2.5
      vertex 49.5436 6.55985 2.5
    endloop
  endfacet
  facet normal 0 0 1
    outer loop
      vertex 49.0141 10.582 2.5
      vertex 49.2835 6.47156 2.5
      vertex 49.2835 10.5284 2.5
    endloop
  endfacet
  facet normal 0 0 1
    outer loop
      vertex 49.0141 10.582 2.5
      vertex 49.0141 6.41797 2.5
      vertex 49.2835 6.47156 2.5
    endloop
  endfacet
  facet normal 0 0 1
    outer loop
      vertex 48.74 10.6 2.5
      vertex 49.0141 6.41797 2.5
      vertex 49.0141 10.582 2.5
    endloop
  endfacet
  facet normal 0 0 1
    outer loop
      vertex 48.74 10.6 2.5
      vertex 48.74 6.4 2.5
      vertex 49.0141 6.41797 2.5
    endloop
  endfacet
  facet normal -0 0 1
    outer loop
      vertex 48.4659 10.582 2.5
      vertex 48.74 6.4 2.5
      vertex 48.74 10.6 2.5
    endloop
  endfacet
  facet normal 0 0 1
    outer loop
      vertex 48.4659 10.582 2.5
      vertex 48.4659 6.41797 2.5
      vertex 48.74 6.4 2.5
    endloop
  endfacet
  facet normal -0 0 1
    outer loop
      vertex 48.1965 10.5284 2.5
      vertex 48.4659 6.41797 2.5
      vertex 48.4659 10.582 2.5
    endloop
  endfacet
  facet normal 0 0 1
    outer loop
      vertex 48.1965 10.5284 2.5
      vertex 48.1965 6.47156 2.5
      vertex 48.4659 6.41797 2.5
    endloop
  endfacet
  facet normal -0 0 1
    outer loop
      vertex 47.9364 10.4401 2.5
      vertex 48.1965 6.47156 2.5
      vertex 48.1965 10.5284 2.5
    endloop
  endfacet
  facet normal 0 0 1
    outer loop
      vertex 47.9364 10.4401 2.5
      vertex 47.9364 6.55985 2.5
      vertex 48.1965 6.47156 2.5
    endloop
  endfacet
  facet normal -0 0 1
    outer loop
      vertex 47.69 10.3187 2.5
      vertex 47.9364 6.55985 2.5
      vertex 47.9364 10.4401 2.5
    endloop
  endfacet
  facet normal 0 0 1
    outer loop
      vertex 47.69 10.3187 2.5
      vertex 47.69 6.68135 2.5
      vertex 47.9364 6.55985 2.5
    endloop
  endfacet
  facet normal -0 0 1
    outer loop
      vertex 47.4616 10.166 2.5
      vertex 47.69 6.68135 2.5
      vertex 47.69 10.3187 2.5
    endloop
  endfacet
  facet normal 0 0 1
    outer loop
      vertex 47.4616 10.166 2.5
      vertex 47.4616 6.83396 2.5
      vertex 47.69 6.68135 2.5
    endloop
  endfacet
  facet normal -0 0 1
    outer loop
      vertex 47.2551 9.98492 2.5
      vertex 47.4616 6.83396 2.5
      vertex 47.4616 10.166 2.5
    endloop
  endfacet
  facet normal 0 0 1
    outer loop
      vertex 47.2551 9.98492 2.5
      vertex 47.2551 7.01508 2.5
      vertex 47.4616 6.83396 2.5
    endloop
  endfacet
  facet normal -0 0 1
    outer loop
      vertex 47.074 9.7784 2.5
      vertex 47.2551 7.01508 2.5
      vertex 47.2551 9.98492 2.5
    endloop
  endfacet
  facet normal 0 0 1
    outer loop
      vertex 47.074 9.7784 2.5
      vertex 47.074 7.2216 2.5
      vertex 47.2551 7.01508 2.5
    endloop
  endfacet
  facet normal -0 0 1
    outer loop
      vertex 46.9213 9.55 2.5
      vertex 47.074 7.2216 2.5
      vertex 47.074 9.7784 2.5
    endloop
  endfacet
  facet normal 0 0 1
    outer loop
      vertex 46.9213 9.55 2.5
      vertex 46.9213 7.45 2.5
      vertex 47.074 7.2216 2.5
    endloop
  endfacet
  facet normal -0 0 1
    outer loop
      vertex 46.7999 9.30363 2.5
      vertex 46.9213 7.45 2.5
      vertex 46.9213 9.55 2.5
    endloop
  endfacet
  facet normal 0 0 1
    outer loop
      vertex 46.7999 9.30363 2.5
      vertex 46.7999 7.69637 2.5
      vertex 46.9213 7.45 2.5
    endloop
  endfacet
  facet normal -0 0 1
    outer loop
      vertex 46.7116 9.04352 2.5
      vertex 46.7999 7.69637 2.5
      vertex 46.7999 9.30363 2.5
    endloop
  endfacet
  facet normal 0 0 1
    outer loop
      vertex 46.7116 9.04352 2.5
      vertex 46.7116 7.95648 2.5
      vertex 46.7999 7.69637 2.5
    endloop
  endfacet
  facet normal -0 0 1
    outer loop
      vertex 46.658 8.7741 2.5
      vertex 46.7116 7.95648 2.5
      vertex 46.7116 9.04352 2.5
    endloop
  endfacet
  facet normal 0 0 1
    outer loop
      vertex 46.658 8.7741 2.5
      vertex 46.658 8.2259 2.5
      vertex 46.7116 7.95648 2.5
    endloop
  endfacet
  facet normal 0 -0 1
    outer loop
      vertex 46.658 8.2259 2.5
      vertex 46.658 8.7741 2.5
      vertex 46.64 8.5 2.5
    endloop
  endfacet
  facet normal 0 0 1
    outer loop
      vertex 50.822 39.7741 2.5
      vertex 50.822 39.2259 2.5
      vertex 50.84 39.5 2.5
    endloop
  endfacet
  facet normal 0 0 1
    outer loop
      vertex 50.7684 40.0435 2.5
      vertex 50.822 39.2259 2.5
      vertex 50.822 39.7741 2.5
    endloop
  endfacet
  facet normal 0 0 1
    outer loop
      vertex 50.7684 40.0435 2.5
      vertex 50.7684 38.9565 2.5
      vertex 50.822 39.2259 2.5
    endloop
  endfacet
  facet normal 0 0 1
    outer loop
      vertex 50.6801 40.3036 2.5
      vertex 50.7684 38.9565 2.5
      vertex 50.7684 40.0435 2.5
    endloop
  endfacet
  facet normal 0 0 1
    outer loop
      vertex 50.6801 40.3036 2.5
      vertex 50.6801 38.6964 2.5
      vertex 50.7684 38.9565 2.5
    endloop
  endfacet
  facet normal 0 0 1
    outer loop
      vertex 50.5587 40.55 2.5
      vertex 50.6801 38.6964 2.5
      vertex 50.6801 40.3036 2.5
    endloop
  endfacet
  facet normal 0 0 1
    outer loop
      vertex 50.5587 40.55 2.5
      vertex 50.5587 38.45 2.5
      vertex 50.6801 38.6964 2.5
    endloop
  endfacet
  facet normal 0 0 1
    outer loop
      vertex 50.406 40.7784 2.5
      vertex 50.5587 38.45 2.5
      vertex 50.5587 40.55 2.5
    endloop
  endfacet
  facet normal 0 0 1
    outer loop
      vertex 50.406 40.7784 2.5
      vertex 50.406 38.2216 2.5
      vertex 50.5587 38.45 2.5
    endloop
  endfacet
  facet normal 0 0 1
    outer loop
      vertex 50.2249 40.9849 2.5
      vertex 50.406 38.2216 2.5
      vertex 50.406 40.7784 2.5
    endloop
  endfacet
  facet normal 0 0 1
    outer loop
      vertex 50.2249 40.9849 2.5
      vertex 50.2249 38.0151 2.5
      vertex 50.406 38.2216 2.5
    endloop
  endfacet
  facet normal 0 0 1
    outer loop
      vertex 50.0184 41.166 2.5
      vertex 50.2249 38.0151 2.5
      vertex 50.2249 40.9849 2.5
    endloop
  endfacet
  facet normal 0 0 1
    outer loop
      vertex 50.0184 41.166 2.5
      vertex 50.0184 37.834 2.5
      vertex 50.2249 38.0151 2.5
    endloop
  endfacet
  facet normal 0 0 1
    outer loop
      vertex 49.79 41.3187 2.5
      vertex 50.0184 37.834 2.5
      vertex 50.0184 41.166 2.5
    endloop
  endfacet
  facet normal 0 0 1
    outer loop
      vertex 49.79 41.3187 2.5
      vertex 49.79 37.6813 2.5
      vertex 50.0184 37.834 2.5
    endloop
  endfacet
  facet normal 0 0 1
    outer loop
      vertex 49.5436 41.4401 2.5
      vertex 49.79 37.6813 2.5
      vertex 49.79 41.3187 2.5
    endloop
  endfacet
  facet normal 0 0 1
    outer loop
      vertex 49.5436 41.4401 2.5
      vertex 49.5436 37.5599 2.5
      vertex 49.79 37.6813 2.5
    endloop
  endfacet
  facet normal 0 0 1
    outer loop
      vertex 49.2835 41.5284 2.5
      vertex 49.5436 37.5599 2.5
      vertex 49.5436 41.4401 2.5
    endloop
  endfacet
  facet normal 0 0 1
    outer loop
      vertex 49.2835 41.5284 2.5
      vertex 49.2835 37.4716 2.5
      vertex 49.5436 37.5599 2.5
    endloop
  endfacet
  facet normal 0 0 1
    outer loop
      vertex 49.0141 41.582 2.5
      vertex 49.2835 37.4716 2.5
      vertex 49.2835 41.5284 2.5
    endloop
  endfacet
  facet normal 0 0 1
    outer loop
      vertex 49.0141 41.582 2.5
      vertex 49.0141 37.418 2.5
      vertex 49.2835 37.4716 2.5
    endloop
  endfacet
  facet normal 0 0 1
    outer loop
      vertex 48.74 41.6 2.5
      vertex 49.0141 37.418 2.5
      vertex 49.0141 41.582 2.5
    endloop
  endfacet
  facet normal 0 0 1
    outer loop
      vertex 48.74 41.6 2.5
      vertex 48.74 37.4 2.5
      vertex 49.0141 37.418 2.5
    endloop
  endfacet
  facet normal -0 0 1
    outer loop
      vertex 48.4659 41.582 2.5
      vertex 48.74 37.4 2.5
      vertex 48.74 41.6 2.5
    endloop
  endfacet
  facet normal 0 0 1
    outer loop
      vertex 48.4659 41.582 2.5
      vertex 48.4659 37.418 2.5
      vertex 48.74 37.4 2.5
    endloop
  endfacet
  facet normal -0 0 1
    outer loop
      vertex 48.1965 41.5284 2.5
      vertex 48.4659 37.418 2.5
      vertex 48.4659 41.582 2.5
    endloop
  endfacet
  facet normal 0 0 1
    outer loop
      vertex 48.1965 41.5284 2.5
      vertex 48.1965 37.4716 2.5
      vertex 48.4659 37.418 2.5
    endloop
  endfacet
  facet normal -0 0 1
    outer loop
      vertex 47.9364 41.4401 2.5
      vertex 48.1965 37.4716 2.5
      vertex 48.1965 41.5284 2.5
    endloop
  endfacet
  facet normal 0 0 1
    outer loop
      vertex 47.9364 41.4401 2.5
      vertex 47.9364 37.5599 2.5
      vertex 48.1965 37.4716 2.5
    endloop
  endfacet
  facet normal -0 0 1
    outer loop
      vertex 47.69 41.3187 2.5
      vertex 47.9364 37.5599 2.5
      vertex 47.9364 41.4401 2.5
    endloop
  endfacet
  facet normal 0 0 1
    outer loop
      vertex 47.69 41.3187 2.5
      vertex 47.69 37.6813 2.5
      vertex 47.9364 37.5599 2.5
    endloop
  endfacet
  facet normal -0 0 1
    outer loop
      vertex 47.4616 41.166 2.5
      vertex 47.69 37.6813 2.5
      vertex 47.69 41.3187 2.5
    endloop
  endfacet
  facet normal 0 0 1
    outer loop
      vertex 47.4616 41.166 2.5
      vertex 47.4616 37.834 2.5
      vertex 47.69 37.6813 2.5
    endloop
  endfacet
  facet normal -0 0 1
    outer loop
      vertex 47.2551 40.9849 2.5
      vertex 47.4616 37.834 2.5
      vertex 47.4616 41.166 2.5
    endloop
  endfacet
  facet normal 0 0 1
    outer loop
      vertex 47.2551 40.9849 2.5
      vertex 47.2551 38.0151 2.5
      vertex 47.4616 37.834 2.5
    endloop
  endfacet
  facet normal -0 0 1
    outer loop
      vertex 47.074 40.7784 2.5
      vertex 47.2551 38.0151 2.5
      vertex 47.2551 40.9849 2.5
    endloop
  endfacet
  facet normal 0 0 1
    outer loop
      vertex 47.074 40.7784 2.5
      vertex 47.074 38.2216 2.5
      vertex 47.2551 38.0151 2.5
    endloop
  endfacet
  facet normal -0 0 1
    outer loop
      vertex 46.9213 40.55 2.5
      vertex 47.074 38.2216 2.5
      vertex 47.074 40.7784 2.5
    endloop
  endfacet
  facet normal 0 0 1
    outer loop
      vertex 46.9213 40.55 2.5
      vertex 46.9213 38.45 2.5
      vertex 47.074 38.2216 2.5
    endloop
  endfacet
  facet normal -0 0 1
    outer loop
      vertex 46.7999 40.3036 2.5
      vertex 46.9213 38.45 2.5
      vertex 46.9213 40.55 2.5
    endloop
  endfacet
  facet normal 0 0 1
    outer loop
      vertex 46.7999 40.3036 2.5
      vertex 46.7999 38.6964 2.5
      vertex 46.9213 38.45 2.5
    endloop
  endfacet
  facet normal -0 0 1
    outer loop
      vertex 46.7116 40.0435 2.5
      vertex 46.7999 38.6964 2.5
      vertex 46.7999 40.3036 2.5
    endloop
  endfacet
  facet normal 0 0 1
    outer loop
      vertex 46.7116 40.0435 2.5
      vertex 46.7116 38.9565 2.5
      vertex 46.7999 38.6964 2.5
    endloop
  endfacet
  facet normal -0 0 1
    outer loop
      vertex 46.658 39.7741 2.5
      vertex 46.7116 38.9565 2.5
      vertex 46.7116 40.0435 2.5
    endloop
  endfacet
  facet normal 0 0 1
    outer loop
      vertex 46.658 39.7741 2.5
      vertex 46.658 39.2259 2.5
      vertex 46.7116 38.9565 2.5
    endloop
  endfacet
  facet normal 0 -0 1
    outer loop
      vertex 46.658 39.2259 2.5
      vertex 46.658 39.7741 2.5
      vertex 46.64 39.5 2.5
    endloop
  endfacet
  facet normal 1 -0 0
    outer loop
      vertex 2.5 2.5 22.9
      vertex 2.5 45.5 2.5
      vertex 2.5 45.5 22.9
    endloop
  endfacet
  facet normal 1 0 0
    outer loop
      vertex 2.5 45.5 2.5
      vertex 2.5 2.5 22.9
      vertex 2.5 2.5 2.5
    endloop
  endfacet
  facet normal 0 -1 0
    outer loop
      vertex 2.5 45.5 2.5
      vertex 54.74 45.5 22.9
      vertex 2.5 45.5 22.9
    endloop
  endfacet
  facet normal 0 -1 -0
    outer loop
      vertex 54.74 45.5 22.9
      vertex 2.5 45.5 2.5
      vertex 54.74 45.5 2.5
    endloop
  endfacet
  facet normal 0 1 -0
    outer loop
      vertex 54.74 2.5 2.5
      vertex 2.5 2.5 22.9
      vertex 54.74 2.5 22.9
    endloop
  endfacet
  facet normal 0 1 0
    outer loop
      vertex 2.5 2.5 22.9
      vertex 54.74 2.5 2.5
      vertex 2.5 2.5 2.5
    endloop
  endfacet
  facet normal 0.321487 0.946914 -0
    outer loop
      vertex 10.0307 12.1955 2.5
      vertex 9.53528 12.3637 9.5
      vertex 10.0307 12.1955 9.5
    endloop
  endfacet
  facet normal 0.321487 0.946914 0
    outer loop
      vertex 9.53528 12.3637 9.5
      vertex 10.0307 12.1955 2.5
      vertex 9.53528 12.3637 2.5
    endloop
  endfacet
  facet normal 0.980777 0.195131 0
    outer loop
      vertex 12.4658 9.0221 9.5
      vertex 12.3637 9.53528 2.5
      vertex 12.3637 9.53528 9.5
    endloop
  endfacet
  facet normal 0.980777 0.195131 0
    outer loop
      vertex 12.3637 9.53528 2.5
      vertex 12.4658 9.0221 9.5
      vertex 12.4658 9.0221 2.5
    endloop
  endfacet
  facet normal 0.997861 0.0653646 0
    outer loop
      vertex 12.5 8.5 9.5
      vertex 12.4658 9.0221 2.5
      vertex 12.4658 9.0221 9.5
    endloop
  endfacet
  facet normal 0.997861 0.0653646 0
    outer loop
      vertex 12.4658 9.0221 2.5
      vertex 12.5 8.5 9.5
      vertex 12.5 8.5 2.5
    endloop
  endfacet
  facet normal 0.946914 0.321487 0
    outer loop
      vertex 12.3637 9.53528 9.5
      vertex 12.1955 10.0307 2.5
      vertex 12.1955 10.0307 9.5
    endloop
  endfacet
  facet normal 0.946914 0.321487 0
    outer loop
      vertex 12.1955 10.0307 2.5
      vertex 12.3637 9.53528 9.5
      vertex 12.3637 9.53528 2.5
    endloop
  endfacet
  facet normal 0.442238 0.896898 -0
    outer loop
      vertex 10.5 11.9641 2.5
      vertex 10.0307 12.1955 9.5
      vertex 10.5 11.9641 9.5
    endloop
  endfacet
  facet normal 0.442238 0.896898 0
    outer loop
      vertex 10.0307 12.1955 9.5
      vertex 10.5 11.9641 2.5
      vertex 10.0307 12.1955 2.5
    endloop
  endfacet
  facet normal -0.997859 -0.0654027 0
    outer loop
      vertex 4.53422 7.9779 2.5
      vertex 4.5 8.5 9.5
      vertex 4.5 8.5 2.5
    endloop
  endfacet
  facet normal -0.997859 -0.0654027 0
    outer loop
      vertex 4.5 8.5 9.5
      vertex 4.53422 7.9779 2.5
      vertex 4.53422 7.9779 9.5
    endloop
  endfacet
  facet normal 0.896898 0.442238 0
    outer loop
      vertex 12.1955 10.0307 9.5
      vertex 11.9641 10.5 2.5
      vertex 11.9641 10.5 9.5
    endloop
  endfacet
  facet normal 0.896898 0.442238 0
    outer loop
      vertex 11.9641 10.5 2.5
      vertex 12.1955 10.0307 9.5
      vertex 12.1955 10.0307 2.5
    endloop
  endfacet
  facet normal 0.831432 0.555626 0
    outer loop
      vertex 11.9641 10.5 9.5
      vertex 11.6734 10.935 2.5
      vertex 11.6734 10.935 9.5
    endloop
  endfacet
  facet normal 0.831432 0.555626 0
    outer loop
      vertex 11.6734 10.935 2.5
      vertex 11.9641 10.5 9.5
      vertex 11.9641 10.5 2.5
    endloop
  endfacet
  facet normal -0.659362 0.751826 0
    outer loop
      vertex 6.06495 11.6734 2.5
      vertex 5.67157 11.3284 9.5
      vertex 6.06495 11.6734 9.5
    endloop
  endfacet
  facet normal -0.659362 0.751826 0
    outer loop
      vertex 5.67157 11.3284 9.5
      vertex 6.06495 11.6734 2.5
      vertex 5.67157 11.3284 2.5
    endloop
  endfacet
  facet normal 0.751842 0.659343 0
    outer loop
      vertex 11.6734 10.935 9.5
      vertex 11.3284 11.3284 2.5
      vertex 11.3284 11.3284 9.5
    endloop
  endfacet
  facet normal 0.751842 0.659343 0
    outer loop
      vertex 11.3284 11.3284 2.5
      vertex 11.6734 10.935 9.5
      vertex 11.6734 10.935 2.5
    endloop
  endfacet
  facet normal -0.980784 0.195094 0
    outer loop
      vertex 4.53422 9.0221 2.5
      vertex 4.6363 9.53528 9.5
      vertex 4.6363 9.53528 2.5
    endloop
  endfacet
  facet normal -0.980784 0.195094 0
    outer loop
      vertex 4.6363 9.53528 9.5
      vertex 4.53422 9.0221 2.5
      vertex 4.53422 9.0221 9.5
    endloop
  endfacet
  facet normal -0.997859 0.0654027 0
    outer loop
      vertex 4.5 8.5 2.5
      vertex 4.53422 9.0221 9.5
      vertex 4.53422 9.0221 2.5
    endloop
  endfacet
  facet normal -0.997859 0.0654027 0
    outer loop
      vertex 4.53422 9.0221 9.5
      vertex 4.5 8.5 2.5
      vertex 4.5 8.5 9.5
    endloop
  endfacet
  facet normal -0.751845 -0.65934 0
    outer loop
      vertex 5.67157 5.67157 2.5
      vertex 5.32659 6.06495 9.5
      vertex 5.32659 6.06495 2.5
    endloop
  endfacet
  facet normal -0.751845 -0.65934 0
    outer loop
      vertex 5.32659 6.06495 9.5
      vertex 5.67157 5.67157 2.5
      vertex 5.67157 5.67157 9.5
    endloop
  endfacet
  facet normal 0.195094 -0.980784 0
    outer loop
      vertex 9.0221 4.53422 2.5
      vertex 9.53528 4.6363 9.5
      vertex 9.0221 4.53422 9.5
    endloop
  endfacet
  facet normal 0.195094 -0.980784 0
    outer loop
      vertex 9.53528 4.6363 9.5
      vertex 9.0221 4.53422 2.5
      vertex 9.53528 4.6363 2.5
    endloop
  endfacet
  facet normal -0.44226 0.896887 0
    outer loop
      vertex 6.96927 12.1955 2.5
      vertex 6.5 11.9641 9.5
      vertex 6.96927 12.1955 9.5
    endloop
  endfacet
  facet normal -0.44226 0.896887 0
    outer loop
      vertex 6.5 11.9641 9.5
      vertex 6.96927 12.1955 2.5
      vertex 6.5 11.9641 2.5
    endloop
  endfacet
  facet normal -0.321435 -0.946932 0
    outer loop
      vertex 6.96927 4.80448 2.5
      vertex 7.46472 4.6363 9.5
      vertex 6.96927 4.80448 9.5
    endloop
  endfacet
  facet normal -0.321435 -0.946932 -0
    outer loop
      vertex 7.46472 4.6363 9.5
      vertex 6.96927 4.80448 2.5
      vertex 7.46472 4.6363 2.5
    endloop
  endfacet
  facet normal 0.980777 -0.195131 0
    outer loop
      vertex 12.3637 7.46472 9.5
      vertex 12.4658 7.9779 2.5
      vertex 12.4658 7.9779 9.5
    endloop
  endfacet
  facet normal 0.980777 -0.195131 0
    outer loop
      vertex 12.4658 7.9779 2.5
      vertex 12.3637 7.46472 9.5
      vertex 12.3637 7.46472 2.5
    endloop
  endfacet
  facet normal -0.751861 0.659321 0
    outer loop
      vertex 5.32659 10.935 2.5
      vertex 5.67157 11.3284 9.5
      vertex 5.67157 11.3284 2.5
    endloop
  endfacet
  facet normal -0.751861 0.659321 0
    outer loop
      vertex 5.67157 11.3284 9.5
      vertex 5.32659 10.935 2.5
      vertex 5.32659 10.935 9.5
    endloop
  endfacet
  facet normal 0.831462 -0.555582 0
    outer loop
      vertex 11.6734 6.06495 9.5
      vertex 11.9641 6.5 2.5
      vertex 11.9641 6.5 9.5
    endloop
  endfacet
  facet normal 0.831462 -0.555582 0
    outer loop
      vertex 11.9641 6.5 2.5
      vertex 11.6734 6.06495 9.5
      vertex 11.6734 6.06495 2.5
    endloop
  endfacet
  facet normal -0.321469 0.94692 0
    outer loop
      vertex 7.46472 12.3637 2.5
      vertex 6.96927 12.1955 9.5
      vertex 7.46472 12.3637 9.5
    endloop
  endfacet
  facet normal -0.321469 0.94692 0
    outer loop
      vertex 6.96927 12.1955 9.5
      vertex 7.46472 12.3637 2.5
      vertex 6.96927 12.1955 2.5
    endloop
  endfacet
  facet normal -0.980784 -0.195094 0
    outer loop
      vertex 4.6363 7.46472 2.5
      vertex 4.53422 7.9779 9.5
      vertex 4.53422 7.9779 2.5
    endloop
  endfacet
  facet normal -0.980784 -0.195094 0
    outer loop
      vertex 4.53422 7.9779 9.5
      vertex 4.6363 7.46472 2.5
      vertex 4.6363 7.46472 9.5
    endloop
  endfacet
  facet normal -0.195094 -0.980784 0
    outer loop
      vertex 7.46472 4.6363 2.5
      vertex 7.9779 4.53422 9.5
      vertex 7.46472 4.6363 9.5
    endloop
  endfacet
  facet normal -0.195094 -0.980784 -0
    outer loop
      vertex 7.9779 4.53422 9.5
      vertex 7.46472 4.6363 2.5
      vertex 7.9779 4.53422 2.5
    endloop
  endfacet
  facet normal 0.555626 0.831432 -0
    outer loop
      vertex 10.935 11.6734 2.5
      vertex 10.5 11.9641 9.5
      vertex 10.935 11.6734 9.5
    endloop
  endfacet
  facet normal 0.555626 0.831432 0
    outer loop
      vertex 10.5 11.9641 9.5
      vertex 10.935 11.6734 2.5
      vertex 10.5 11.9641 2.5
    endloop
  endfacet
  facet normal 0.94692 -0.321469 0
    outer loop
      vertex 12.1955 6.96927 9.5
      vertex 12.3637 7.46472 2.5
      vertex 12.3637 7.46472 9.5
    endloop
  endfacet
  facet normal 0.94692 -0.321469 0
    outer loop
      vertex 12.3637 7.46472 2.5
      vertex 12.1955 6.96927 9.5
      vertex 12.1955 6.96927 2.5
    endloop
  endfacet
  facet normal 0.0654027 -0.997859 0
    outer loop
      vertex 8.5 4.5 2.5
      vertex 9.0221 4.53422 9.5
      vertex 8.5 4.5 9.5
    endloop
  endfacet
  facet normal 0.0654027 -0.997859 0
    outer loop
      vertex 9.0221 4.53422 9.5
      vertex 8.5 4.5 2.5
      vertex 9.0221 4.53422 2.5
    endloop
  endfacet
  facet normal 0.751826 -0.659362 0
    outer loop
      vertex 11.3284 5.67157 9.5
      vertex 11.6734 6.06495 2.5
      vertex 11.6734 6.06495 9.5
    endloop
  endfacet
  facet normal 0.751826 -0.659362 0
    outer loop
      vertex 11.6734 6.06495 2.5
      vertex 11.3284 5.67157 9.5
      vertex 11.3284 5.67157 2.5
    endloop
  endfacet
  facet normal -0.0653646 0.997861 0
    outer loop
      vertex 8.5 12.5 2.5
      vertex 7.9779 12.4658 9.5
      vertex 8.5 12.5 9.5
    endloop
  endfacet
  facet normal -0.0653646 0.997861 0
    outer loop
      vertex 7.9779 12.4658 9.5
      vertex 8.5 12.5 2.5
      vertex 7.9779 12.4658 2.5
    endloop
  endfacet
  facet normal 0.555613 -0.831441 0
    outer loop
      vertex 10.5 5.0359 2.5
      vertex 10.935 5.32659 9.5
      vertex 10.5 5.0359 9.5
    endloop
  endfacet
  facet normal 0.555613 -0.831441 0
    outer loop
      vertex 10.935 5.32659 9.5
      vertex 10.5 5.0359 2.5
      vertex 10.935 5.32659 2.5
    endloop
  endfacet
  facet normal -0.65934 -0.751845 0
    outer loop
      vertex 5.67157 5.67157 2.5
      vertex 6.06495 5.32659 9.5
      vertex 5.67157 5.67157 9.5
    endloop
  endfacet
  facet normal -0.65934 -0.751845 -0
    outer loop
      vertex 6.06495 5.32659 9.5
      vertex 5.67157 5.67157 2.5
      vertex 6.06495 5.32659 2.5
    endloop
  endfacet
  facet normal 0.659343 0.751842 -0
    outer loop
      vertex 11.3284 11.3284 2.5
      vertex 10.935 11.6734 9.5
      vertex 11.3284 11.3284 9.5
    endloop
  endfacet
  facet normal 0.659343 0.751842 0
    outer loop
      vertex 10.935 11.6734 9.5
      vertex 11.3284 11.3284 2.5
      vertex 10.935 11.6734 2.5
    endloop
  endfacet
  facet normal -0.555569 -0.831471 0
    outer loop
      vertex 6.06495 5.32659 2.5
      vertex 6.5 5.0359 9.5
      vertex 6.06495 5.32659 9.5
    endloop
  endfacet
  facet normal -0.555569 -0.831471 -0
    outer loop
      vertex 6.5 5.0359 9.5
      vertex 6.06495 5.32659 2.5
      vertex 6.5 5.0359 2.5
    endloop
  endfacet
  facet normal -0.896883 0.442268 0
    outer loop
      vertex 4.80448 10.0307 2.5
      vertex 5.0359 10.5 9.5
      vertex 5.0359 10.5 2.5
    endloop
  endfacet
  facet normal -0.896883 0.442268 0
    outer loop
      vertex 5.0359 10.5 9.5
      vertex 4.80448 10.0307 2.5
      vertex 4.80448 10.0307 9.5
    endloop
  endfacet
  facet normal 0.0653646 0.997861 -0
    outer loop
      vertex 9.0221 12.4658 2.5
      vertex 8.5 12.5 9.5
      vertex 9.0221 12.4658 9.5
    endloop
  endfacet
  facet normal 0.0653646 0.997861 0
    outer loop
      vertex 8.5 12.5 9.5
      vertex 9.0221 12.4658 2.5
      vertex 8.5 12.5 2.5
    endloop
  endfacet
  facet normal 0.997861 -0.0653646 0
    outer loop
      vertex 12.4658 7.9779 9.5
      vertex 12.5 8.5 2.5
      vertex 12.5 8.5 9.5
    endloop
  endfacet
  facet normal 0.997861 -0.0653646 0
    outer loop
      vertex 12.5 8.5 2.5
      vertex 12.4658 7.9779 9.5
      vertex 12.4658 7.9779 2.5
    endloop
  endfacet
  facet normal -0.195131 0.980777 0
    outer loop
      vertex 7.9779 12.4658 2.5
      vertex 7.46472 12.3637 9.5
      vertex 7.9779 12.4658 9.5
    endloop
  endfacet
  facet normal -0.195131 0.980777 0
    outer loop
      vertex 7.46472 12.3637 9.5
      vertex 7.9779 12.4658 2.5
      vertex 7.46472 12.3637 2.5
    endloop
  endfacet
  facet normal -0.555582 0.831462 0
    outer loop
      vertex 6.5 11.9641 2.5
      vertex 6.06495 11.6734 9.5
      vertex 6.5 11.9641 9.5
    endloop
  endfacet
  facet normal -0.555582 0.831462 0
    outer loop
      vertex 6.06495 11.6734 9.5
      vertex 6.5 11.9641 2.5
      vertex 6.06495 11.6734 2.5
    endloop
  endfacet
  facet normal -0.0654027 -0.997859 0
    outer loop
      vertex 7.9779 4.53422 2.5
      vertex 8.5 4.5 9.5
      vertex 7.9779 4.53422 9.5
    endloop
  endfacet
  facet normal -0.0654027 -0.997859 -0
    outer loop
      vertex 8.5 4.5 9.5
      vertex 7.9779 4.53422 2.5
      vertex 8.5 4.5 2.5
    endloop
  endfacet
  facet normal 0.896887 -0.44226 0
    outer loop
      vertex 11.9641 6.5 9.5
      vertex 12.1955 6.96927 2.5
      vertex 12.1955 6.96927 9.5
    endloop
  endfacet
  facet normal 0.896887 -0.44226 0
    outer loop
      vertex 12.1955 6.96927 2.5
      vertex 11.9641 6.5 9.5
      vertex 11.9641 6.5 2.5
    endloop
  endfacet
  facet normal -0.946926 0.321452 0
    outer loop
      vertex 4.6363 9.53528 2.5
      vertex 4.80448 10.0307 9.5
      vertex 4.80448 10.0307 2.5
    endloop
  endfacet
  facet normal -0.946926 0.321452 0
    outer loop
      vertex 4.80448 10.0307 9.5
      vertex 4.6363 9.53528 2.5
      vertex 4.6363 9.53528 9.5
    endloop
  endfacet
  facet normal -0.946932 -0.321435 0
    outer loop
      vertex 4.80448 6.96927 2.5
      vertex 4.6363 7.46472 9.5
      vertex 4.6363 7.46472 2.5
    endloop
  endfacet
  facet normal -0.946932 -0.321435 0
    outer loop
      vertex 4.6363 7.46472 9.5
      vertex 4.80448 6.96927 2.5
      vertex 4.80448 6.96927 9.5
    endloop
  endfacet
  facet normal -0.831441 0.555613 0
    outer loop
      vertex 5.0359 10.5 2.5
      vertex 5.32659 10.935 9.5
      vertex 5.32659 10.935 2.5
    endloop
  endfacet
  facet normal -0.831441 0.555613 0
    outer loop
      vertex 5.32659 10.935 9.5
      vertex 5.0359 10.5 2.5
      vertex 5.0359 10.5 9.5
    endloop
  endfacet
  facet normal 0.442268 -0.896883 0
    outer loop
      vertex 10.0307 4.80448 2.5
      vertex 10.5 5.0359 9.5
      vertex 10.0307 4.80448 9.5
    endloop
  endfacet
  facet normal 0.442268 -0.896883 0
    outer loop
      vertex 10.5 5.0359 9.5
      vertex 10.0307 4.80448 2.5
      vertex 10.5 5.0359 2.5
    endloop
  endfacet
  facet normal 0.321452 -0.946926 0
    outer loop
      vertex 9.53528 4.6363 2.5
      vertex 10.0307 4.80448 9.5
      vertex 9.53528 4.6363 9.5
    endloop
  endfacet
  facet normal 0.321452 -0.946926 0
    outer loop
      vertex 10.0307 4.80448 9.5
      vertex 9.53528 4.6363 2.5
      vertex 10.0307 4.80448 2.5
    endloop
  endfacet
  facet normal 0.659321 -0.751861 0
    outer loop
      vertex 10.935 5.32659 2.5
      vertex 11.3284 5.67157 9.5
      vertex 10.935 5.32659 9.5
    endloop
  endfacet
  facet normal 0.659321 -0.751861 0
    outer loop
      vertex 11.3284 5.67157 9.5
      vertex 10.935 5.32659 2.5
      vertex 11.3284 5.67157 2.5
    endloop
  endfacet
  facet normal -0.896871 -0.442291 0
    outer loop
      vertex 5.0359 6.5 2.5
      vertex 4.80448 6.96927 9.5
      vertex 4.80448 6.96927 2.5
    endloop
  endfacet
  facet normal -0.896871 -0.442291 0
    outer loop
      vertex 4.80448 6.96927 9.5
      vertex 5.0359 6.5 2.5
      vertex 5.0359 6.5 9.5
    endloop
  endfacet
  facet normal 0.195131 0.980777 -0
    outer loop
      vertex 9.53528 12.3637 2.5
      vertex 9.0221 12.4658 9.5
      vertex 9.53528 12.3637 9.5
    endloop
  endfacet
  facet normal 0.195131 0.980777 0
    outer loop
      vertex 9.0221 12.4658 9.5
      vertex 9.53528 12.3637 2.5
      vertex 9.0221 12.4658 2.5
    endloop
  endfacet
  facet normal -0.442291 -0.896871 0
    outer loop
      vertex 6.5 5.0359 2.5
      vertex 6.96927 4.80448 9.5
      vertex 6.5 5.0359 9.5
    endloop
  endfacet
  facet normal -0.442291 -0.896871 -0
    outer loop
      vertex 6.96927 4.80448 9.5
      vertex 6.5 5.0359 2.5
      vertex 6.96927 4.80448 2.5
    endloop
  endfacet
  facet normal -0.831471 -0.555569 0
    outer loop
      vertex 5.32659 6.06495 2.5
      vertex 5.0359 6.5 9.5
      vertex 5.0359 6.5 2.5
    endloop
  endfacet
  facet normal -0.831471 -0.555569 0
    outer loop
      vertex 5.0359 6.5 9.5
      vertex 5.32659 6.06495 2.5
      vertex 5.32659 6.06495 9.5
    endloop
  endfacet
  facet normal 0 0 1
    outer loop
      vertex 12.4658 9.0221 9.5
      vertex 12.4658 7.9779 9.5
      vertex 12.5 8.5 9.5
    endloop
  endfacet
  facet normal 0 0 1
    outer loop
      vertex 12.3637 9.53528 9.5
      vertex 12.4658 7.9779 9.5
      vertex 12.4658 9.0221 9.5
    endloop
  endfacet
  facet normal 0 0 1
    outer loop
      vertex 12.3637 9.53528 9.5
      vertex 12.3637 7.46472 9.5
      vertex 12.4658 7.9779 9.5
    endloop
  endfacet
  facet normal 0 0 1
    outer loop
      vertex 12.1955 10.0307 9.5
      vertex 12.3637 7.46472 9.5
      vertex 12.3637 9.53528 9.5
    endloop
  endfacet
  facet normal 0 0 1
    outer loop
      vertex 12.1955 10.0307 9.5
      vertex 12.1955 6.96927 9.5
      vertex 12.3637 7.46472 9.5
    endloop
  endfacet
  facet normal 0 0 1
    outer loop
      vertex 11.9641 10.5 9.5
      vertex 12.1955 6.96927 9.5
      vertex 12.1955 10.0307 9.5
    endloop
  endfacet
  facet normal 0 0 1
    outer loop
      vertex 11.9641 10.5 9.5
      vertex 11.9641 6.5 9.5
      vertex 12.1955 6.96927 9.5
    endloop
  endfacet
  facet normal 0 0 1
    outer loop
      vertex 11.6734 10.935 9.5
      vertex 11.9641 6.5 9.5
      vertex 11.9641 10.5 9.5
    endloop
  endfacet
  facet normal 0 0 1
    outer loop
      vertex 11.6734 10.935 9.5
      vertex 11.6734 6.06495 9.5
      vertex 11.9641 6.5 9.5
    endloop
  endfacet
  facet normal 0 0 1
    outer loop
      vertex 11.3284 11.3284 9.5
      vertex 11.6734 6.06495 9.5
      vertex 11.6734 10.935 9.5
    endloop
  endfacet
  facet normal 0 0 1
    outer loop
      vertex 11.3284 11.3284 9.5
      vertex 11.3284 5.67157 9.5
      vertex 11.6734 6.06495 9.5
    endloop
  endfacet
  facet normal 0 0 1
    outer loop
      vertex 10.935 11.6734 9.5
      vertex 11.3284 5.67157 9.5
      vertex 11.3284 11.3284 9.5
    endloop
  endfacet
  facet normal 0 0 1
    outer loop
      vertex 10.935 11.6734 9.5
      vertex 10.935 5.32659 9.5
      vertex 11.3284 5.67157 9.5
    endloop
  endfacet
  facet normal 0 0 1
    outer loop
      vertex 10.5 11.9641 9.5
      vertex 10.935 5.32659 9.5
      vertex 10.935 11.6734 9.5
    endloop
  endfacet
  facet normal 0 0 1
    outer loop
      vertex 10.5 11.9641 9.5
      vertex 10.5 5.0359 9.5
      vertex 10.935 5.32659 9.5
    endloop
  endfacet
  facet normal 0 0 1
    outer loop
      vertex 10.0307 12.1955 9.5
      vertex 10.5 5.0359 9.5
      vertex 10.5 11.9641 9.5
    endloop
  endfacet
  facet normal 0 0 1
    outer loop
      vertex 10.0307 12.1955 9.5
      vertex 10.0307 4.80448 9.5
      vertex 10.5 5.0359 9.5
    endloop
  endfacet
  facet normal 0 0 1
    outer loop
      vertex 9.53528 12.3637 9.5
      vertex 10.0307 4.80448 9.5
      vertex 10.0307 12.1955 9.5
    endloop
  endfacet
  facet normal 0 0 1
    outer loop
      vertex 9.53528 12.3637 9.5
      vertex 9.53528 4.6363 9.5
      vertex 10.0307 4.80448 9.5
    endloop
  endfacet
  facet normal 0 0 1
    outer loop
      vertex 9.0221 12.4658 9.5
      vertex 9.53528 4.6363 9.5
      vertex 9.53528 12.3637 9.5
    endloop
  endfacet
  facet normal 0 0 1
    outer loop
      vertex 9.0221 12.4658 9.5
      vertex 9.0221 4.53422 9.5
      vertex 9.53528 4.6363 9.5
    endloop
  endfacet
  facet normal 0 0 1
    outer loop
      vertex 8.5 12.5 9.5
      vertex 9.0221 4.53422 9.5
      vertex 9.0221 12.4658 9.5
    endloop
  endfacet
  facet normal 0 0 1
    outer loop
      vertex 8.5 12.5 9.5
      vertex 8.5 4.5 9.5
      vertex 9.0221 4.53422 9.5
    endloop
  endfacet
  facet normal -0 0 1
    outer loop
      vertex 7.9779 12.4658 9.5
      vertex 8.5 4.5 9.5
      vertex 8.5 12.5 9.5
    endloop
  endfacet
  facet normal 0 0 1
    outer loop
      vertex 7.9779 12.4658 9.5
      vertex 7.9779 4.53422 9.5
      vertex 8.5 4.5 9.5
    endloop
  endfacet
  facet normal -0 0 1
    outer loop
      vertex 7.46472 12.3637 9.5
      vertex 7.9779 4.53422 9.5
      vertex 7.9779 12.4658 9.5
    endloop
  endfacet
  facet normal 0 0 1
    outer loop
      vertex 7.46472 12.3637 9.5
      vertex 7.46472 4.6363 9.5
      vertex 7.9779 4.53422 9.5
    endloop
  endfacet
  facet normal -0 0 1
    outer loop
      vertex 6.96927 12.1955 9.5
      vertex 7.46472 4.6363 9.5
      vertex 7.46472 12.3637 9.5
    endloop
  endfacet
  facet normal 0 0 1
    outer loop
      vertex 6.96927 12.1955 9.5
      vertex 6.96927 4.80448 9.5
      vertex 7.46472 4.6363 9.5
    endloop
  endfacet
  facet normal -0 0 1
    outer loop
      vertex 6.5 11.9641 9.5
      vertex 6.96927 4.80448 9.5
      vertex 6.96927 12.1955 9.5
    endloop
  endfacet
  facet normal 0 0 1
    outer loop
      vertex 6.5 11.9641 9.5
      vertex 6.5 5.0359 9.5
      vertex 6.96927 4.80448 9.5
    endloop
  endfacet
  facet normal -0 0 1
    outer loop
      vertex 6.06495 11.6734 9.5
      vertex 6.5 5.0359 9.5
      vertex 6.5 11.9641 9.5
    endloop
  endfacet
  facet normal 0 0 1
    outer loop
      vertex 6.06495 11.6734 9.5
      vertex 6.06495 5.32659 9.5
      vertex 6.5 5.0359 9.5
    endloop
  endfacet
  facet normal -0 0 1
    outer loop
      vertex 5.67157 11.3284 9.5
      vertex 6.06495 5.32659 9.5
      vertex 6.06495 11.6734 9.5
    endloop
  endfacet
  facet normal 0 0 1
    outer loop
      vertex 5.67157 11.3284 9.5
      vertex 5.67157 5.67157 9.5
      vertex 6.06495 5.32659 9.5
    endloop
  endfacet
  facet normal -0 0 1
    outer loop
      vertex 5.32659 10.935 9.5
      vertex 5.67157 5.67157 9.5
      vertex 5.67157 11.3284 9.5
    endloop
  endfacet
  facet normal 0 0 1
    outer loop
      vertex 5.32659 10.935 9.5
      vertex 5.32659 6.06495 9.5
      vertex 5.67157 5.67157 9.5
    endloop
  endfacet
  facet normal -0 0 1
    outer loop
      vertex 5.0359 10.5 9.5
      vertex 5.32659 6.06495 9.5
      vertex 5.32659 10.935 9.5
    endloop
  endfacet
  facet normal 0 0 1
    outer loop
      vertex 5.0359 10.5 9.5
      vertex 5.0359 6.5 9.5
      vertex 5.32659 6.06495 9.5
    endloop
  endfacet
  facet normal -0 0 1
    outer loop
      vertex 4.80448 10.0307 9.5
      vertex 5.0359 6.5 9.5
      vertex 5.0359 10.5 9.5
    endloop
  endfacet
  facet normal 0 0 1
    outer loop
      vertex 4.80448 10.0307 9.5
      vertex 4.80448 6.96927 9.5
      vertex 5.0359 6.5 9.5
    endloop
  endfacet
  facet normal -0 0 1
    outer loop
      vertex 4.6363 9.53528 9.5
      vertex 4.80448 6.96927 9.5
      vertex 4.80448 10.0307 9.5
    endloop
  endfacet
  facet normal 0 0 1
    outer loop
      vertex 4.6363 9.53528 9.5
      vertex 4.6363 7.46472 9.5
      vertex 4.80448 6.96927 9.5
    endloop
  endfacet
  facet normal -0 0 1
    outer loop
      vertex 4.53422 9.0221 9.5
      vertex 4.6363 7.46472 9.5
      vertex 4.6363 9.53528 9.5
    endloop
  endfacet
  facet normal 0 0 1
    outer loop
      vertex 4.53422 9.0221 9.5
      vertex 4.53422 7.9779 9.5
      vertex 4.6363 7.46472 9.5
    endloop
  endfacet
  facet normal 0 -0 1
    outer loop
      vertex 4.53422 7.9779 9.5
      vertex 4.53422 9.0221 9.5
      vertex 4.5 8.5 9.5
    endloop
  endfacet
  facet normal -0.7519 0.659278 0
    outer loop
      vertex 9.98492 7.01508 2.5
      vertex 10.166 7.2216 8
      vertex 10.166 7.2216 2.5
    endloop
  endfacet
  facet normal -0.7519 0.659278 0
    outer loop
      vertex 10.166 7.2216 8
      vertex 9.98492 7.01508 2.5
      vertex 9.98492 7.01508 8
    endloop
  endfacet
  facet normal -0.980779 -0.195122 0
    outer loop
      vertex 10.582 8.7741 2.5
      vertex 10.5284 9.04352 8
      vertex 10.5284 9.04352 2.5
    endloop
  endfacet
  facet normal -0.980779 -0.195122 0
    outer loop
      vertex 10.5284 9.04352 8
      vertex 10.582 8.7741 2.5
      vertex 10.582 8.7741 8
    endloop
  endfacet
  facet normal -0.997851 -0.0655283 0
    outer loop
      vertex 10.6 8.5 2.5
      vertex 10.582 8.7741 8
      vertex 10.582 8.7741 2.5
    endloop
  endfacet
  facet normal -0.997851 -0.0655283 0
    outer loop
      vertex 10.582 8.7741 8
      vertex 10.6 8.5 2.5
      vertex 10.6 8.5 8
    endloop
  endfacet
  facet normal -0.946925 -0.321454 0
    outer loop
      vertex 10.5284 9.04352 2.5
      vertex 10.4401 9.30363 8
      vertex 10.4401 9.30363 2.5
    endloop
  endfacet
  facet normal -0.946925 -0.321454 0
    outer loop
      vertex 10.4401 9.30363 8
      vertex 10.5284 9.04352 2.5
      vertex 10.5284 9.04352 8
    endloop
  endfacet
  facet normal -0.831322 -0.555792 0
    outer loop
      vertex 10.3187 9.55 2.5
      vertex 10.166 9.7784 8
      vertex 10.166 9.7784 2.5
    endloop
  endfacet
  facet normal -0.831322 -0.555792 0
    outer loop
      vertex 10.166 9.7784 8
      vertex 10.3187 9.55 2.5
      vertex 10.3187 9.55 8
    endloop
  endfacet
  facet normal 0.555565 0.831473 -0
    outer loop
      vertex 7.45 6.68135 2.5
      vertex 7.2216 6.83396 8
      vertex 7.45 6.68135 8
    endloop
  endfacet
  facet normal 0.555565 0.831473 0
    outer loop
      vertex 7.2216 6.83396 8
      vertex 7.45 6.68135 2.5
      vertex 7.2216 6.83396 2.5
    endloop
  endfacet
  facet normal -0.195122 -0.980779 0
    outer loop
      vertex 8.7741 10.582 2.5
      vertex 9.04352 10.5284 8
      vertex 8.7741 10.582 8
    endloop
  endfacet
  facet normal -0.195122 -0.980779 -0
    outer loop
      vertex 9.04352 10.5284 8
      vertex 8.7741 10.582 2.5
      vertex 9.04352 10.5284 2.5
    endloop
  endfacet
  facet normal -0.997851 0.0655283 0
    outer loop
      vertex 10.582 8.2259 2.5
      vertex 10.6 8.5 8
      vertex 10.6 8.5 2.5
    endloop
  endfacet
  facet normal -0.997851 0.0655283 0
    outer loop
      vertex 10.6 8.5 8
      vertex 10.582 8.2259 2.5
      vertex 10.582 8.2259 8
    endloop
  endfacet
  facet normal -0.897012 -0.442007 0
    outer loop
      vertex 10.4401 9.30363 2.5
      vertex 10.3187 9.55 8
      vertex 10.3187 9.55 2.5
    endloop
  endfacet
  facet normal -0.897012 -0.442007 0
    outer loop
      vertex 10.3187 9.55 8
      vertex 10.4401 9.30363 2.5
      vertex 10.4401 9.30363 8
    endloop
  endfacet
  facet normal 0.946936 0.321422 0
    outer loop
      vertex 6.55985 7.69637 8
      vertex 6.47156 7.95648 2.5
      vertex 6.47156 7.95648 8
    endloop
  endfacet
  facet normal 0.946936 0.321422 0
    outer loop
      vertex 6.47156 7.95648 2.5
      vertex 6.55985 7.69637 8
      vertex 6.55985 7.69637 2.5
    endloop
  endfacet
  facet normal 0.980786 -0.195087 0
    outer loop
      vertex 6.41797 8.7741 8
      vertex 6.47156 9.04352 2.5
      vertex 6.47156 9.04352 8
    endloop
  endfacet
  facet normal 0.980786 -0.195087 0
    outer loop
      vertex 6.47156 9.04352 2.5
      vertex 6.41797 8.7741 8
      vertex 6.41797 8.7741 2.5
    endloop
  endfacet
  facet normal 0.65936 0.751827 -0
    outer loop
      vertex 7.2216 6.83396 2.5
      vertex 7.01508 7.01508 8
      vertex 7.2216 6.83396 8
    endloop
  endfacet
  facet normal 0.65936 0.751827 0
    outer loop
      vertex 7.01508 7.01508 8
      vertex 7.2216 6.83396 2.5
      vertex 7.01508 7.01508 2.5
    endloop
  endfacet
  facet normal 0.195122 -0.980779 0
    outer loop
      vertex 7.95648 10.5284 2.5
      vertex 8.2259 10.582 8
      vertex 7.95648 10.5284 8
    endloop
  endfacet
  facet normal 0.195122 -0.980779 0
    outer loop
      vertex 8.2259 10.582 8
      vertex 7.95648 10.5284 2.5
      vertex 8.2259 10.582 2.5
    endloop
  endfacet
  facet normal -0.195087 0.980786 0
    outer loop
      vertex 9.04352 6.47156 2.5
      vertex 8.7741 6.41797 8
      vertex 9.04352 6.47156 8
    endloop
  endfacet
  facet normal -0.195087 0.980786 0
    outer loop
      vertex 8.7741 6.41797 8
      vertex 9.04352 6.47156 2.5
      vertex 8.7741 6.41797 2.5
    endloop
  endfacet
  facet normal -0.4423 0.896867 0
    outer loop
      vertex 9.55 6.68135 2.5
      vertex 9.30363 6.55985 8
      vertex 9.55 6.68135 8
    endloop
  endfacet
  facet normal -0.4423 0.896867 0
    outer loop
      vertex 9.30363 6.55985 8
      vertex 9.55 6.68135 2.5
      vertex 9.30363 6.55985 2.5
    endloop
  endfacet
  facet normal 0.831473 -0.555565 0
    outer loop
      vertex 6.68135 9.55 8
      vertex 6.83396 9.7784 2.5
      vertex 6.83396 9.7784 8
    endloop
  endfacet
  facet normal 0.831473 -0.555565 0
    outer loop
      vertex 6.83396 9.7784 2.5
      vertex 6.68135 9.55 8
      vertex 6.68135 9.55 2.5
    endloop
  endfacet
  facet normal -0.555792 -0.831322 0
    outer loop
      vertex 9.55 10.3187 2.5
      vertex 9.7784 10.166 8
      vertex 9.55 10.3187 8
    endloop
  endfacet
  facet normal -0.555792 -0.831322 -0
    outer loop
      vertex 9.7784 10.166 8
      vertex 9.55 10.3187 2.5
      vertex 9.7784 10.166 2.5
    endloop
  endfacet
  facet normal 0 0 -1
    outer loop
      vertex 10.582 8.2259 8
      vertex 10.582 8.7741 8
      vertex 10.6 8.5 8
    endloop
  endfacet
  facet normal 0 0 -1
    outer loop
      vertex 10.5284 7.95648 8
      vertex 10.582 8.7741 8
      vertex 10.582 8.2259 8
    endloop
  endfacet
  facet normal 0 0 -1
    outer loop
      vertex 10.5284 7.95648 8
      vertex 10.5284 9.04352 8
      vertex 10.582 8.7741 8
    endloop
  endfacet
  facet normal 0 0 -1
    outer loop
      vertex 10.4401 7.69637 8
      vertex 10.5284 9.04352 8
      vertex 10.5284 7.95648 8
    endloop
  endfacet
  facet normal 0 0 -1
    outer loop
      vertex 10.4401 7.69637 8
      vertex 10.4401 9.30363 8
      vertex 10.5284 9.04352 8
    endloop
  endfacet
  facet normal 0 0 -1
    outer loop
      vertex 10.3187 7.45 8
      vertex 10.4401 9.30363 8
      vertex 10.4401 7.69637 8
    endloop
  endfacet
  facet normal 0 0 -1
    outer loop
      vertex 10.3187 7.45 8
      vertex 10.3187 9.55 8
      vertex 10.4401 9.30363 8
    endloop
  endfacet
  facet normal 0 0 -1
    outer loop
      vertex 10.166 7.2216 8
      vertex 10.3187 9.55 8
      vertex 10.3187 7.45 8
    endloop
  endfacet
  facet normal 0 0 -1
    outer loop
      vertex 10.166 7.2216 8
      vertex 10.166 9.7784 8
      vertex 10.3187 9.55 8
    endloop
  endfacet
  facet normal 0 0 -1
    outer loop
      vertex 9.98492 7.01508 8
      vertex 10.166 9.7784 8
      vertex 10.166 7.2216 8
    endloop
  endfacet
  facet normal 0 0 -1
    outer loop
      vertex 9.98492 7.01508 8
      vertex 9.98492 9.98492 8
      vertex 10.166 9.7784 8
    endloop
  endfacet
  facet normal 0 0 -1
    outer loop
      vertex 9.7784 6.83396 8
      vertex 9.98492 9.98492 8
      vertex 9.98492 7.01508 8
    endloop
  endfacet
  facet normal 0 0 -1
    outer loop
      vertex 9.7784 6.83396 8
      vertex 9.7784 10.166 8
      vertex 9.98492 9.98492 8
    endloop
  endfacet
  facet normal 0 0 -1
    outer loop
      vertex 9.55 6.68135 8
      vertex 9.7784 10.166 8
      vertex 9.7784 6.83396 8
    endloop
  endfacet
  facet normal 0 0 -1
    outer loop
      vertex 9.55 6.68135 8
      vertex 9.55 10.3187 8
      vertex 9.7784 10.166 8
    endloop
  endfacet
  facet normal 0 0 -1
    outer loop
      vertex 9.30363 6.55985 8
      vertex 9.55 10.3187 8
      vertex 9.55 6.68135 8
    endloop
  endfacet
  facet normal 0 0 -1
    outer loop
      vertex 9.30363 6.55985 8
      vertex 9.30363 10.4401 8
      vertex 9.55 10.3187 8
    endloop
  endfacet
  facet normal 0 0 -1
    outer loop
      vertex 9.04352 6.47156 8
      vertex 9.30363 10.4401 8
      vertex 9.30363 6.55985 8
    endloop
  endfacet
  facet normal 0 0 -1
    outer loop
      vertex 9.04352 6.47156 8
      vertex 9.04352 10.5284 8
      vertex 9.30363 10.4401 8
    endloop
  endfacet
  facet normal 0 0 -1
    outer loop
      vertex 8.7741 6.41797 8
      vertex 9.04352 10.5284 8
      vertex 9.04352 6.47156 8
    endloop
  endfacet
  facet normal 0 0 -1
    outer loop
      vertex 8.7741 6.41797 8
      vertex 8.7741 10.582 8
      vertex 9.04352 10.5284 8
    endloop
  endfacet
  facet normal 0 0 -1
    outer loop
      vertex 8.5 6.4 8
      vertex 8.7741 10.582 8
      vertex 8.7741 6.41797 8
    endloop
  endfacet
  facet normal 0 0 -1
    outer loop
      vertex 8.5 6.4 8
      vertex 8.5 10.6 8
      vertex 8.7741 10.582 8
    endloop
  endfacet
  facet normal 0 0 -1
    outer loop
      vertex 8.2259 6.41797 8
      vertex 8.5 10.6 8
      vertex 8.5 6.4 8
    endloop
  endfacet
  facet normal 0 0 -1
    outer loop
      vertex 8.2259 6.41797 8
      vertex 8.2259 10.582 8
      vertex 8.5 10.6 8
    endloop
  endfacet
  facet normal 0 0 -1
    outer loop
      vertex 7.95648 6.47156 8
      vertex 8.2259 10.582 8
      vertex 8.2259 6.41797 8
    endloop
  endfacet
  facet normal 0 0 -1
    outer loop
      vertex 7.95648 6.47156 8
      vertex 7.95648 10.5284 8
      vertex 8.2259 10.582 8
    endloop
  endfacet
  facet normal 0 0 -1
    outer loop
      vertex 7.69637 6.55985 8
      vertex 7.95648 10.5284 8
      vertex 7.95648 6.47156 8
    endloop
  endfacet
  facet normal 0 0 -1
    outer loop
      vertex 7.69637 6.55985 8
      vertex 7.69637 10.4401 8
      vertex 7.95648 10.5284 8
    endloop
  endfacet
  facet normal 0 0 -1
    outer loop
      vertex 7.45 6.68135 8
      vertex 7.69637 10.4401 8
      vertex 7.69637 6.55985 8
    endloop
  endfacet
  facet normal 0 0 -1
    outer loop
      vertex 7.45 6.68135 8
      vertex 7.45 10.3187 8
      vertex 7.69637 10.4401 8
    endloop
  endfacet
  facet normal 0 0 -1
    outer loop
      vertex 7.2216 6.83396 8
      vertex 7.45 10.3187 8
      vertex 7.45 6.68135 8
    endloop
  endfacet
  facet normal 0 0 -1
    outer loop
      vertex 7.2216 6.83396 8
      vertex 7.2216 10.166 8
      vertex 7.45 10.3187 8
    endloop
  endfacet
  facet normal 0 0 -1
    outer loop
      vertex 7.01508 7.01508 8
      vertex 7.2216 10.166 8
      vertex 7.2216 6.83396 8
    endloop
  endfacet
  facet normal 0 0 -1
    outer loop
      vertex 7.01508 7.01508 8
      vertex 7.01508 9.98492 8
      vertex 7.2216 10.166 8
    endloop
  endfacet
  facet normal 0 0 -1
    outer loop
      vertex 6.83396 7.2216 8
      vertex 7.01508 9.98492 8
      vertex 7.01508 7.01508 8
    endloop
  endfacet
  facet normal 0 0 -1
    outer loop
      vertex 6.83396 7.2216 8
      vertex 6.83396 9.7784 8
      vertex 7.01508 9.98492 8
    endloop
  endfacet
  facet normal 0 0 -1
    outer loop
      vertex 6.68135 7.45 8
      vertex 6.83396 9.7784 8
      vertex 6.83396 7.2216 8
    endloop
  endfacet
  facet normal 0 0 -1
    outer loop
      vertex 6.68135 7.45 8
      vertex 6.68135 9.55 8
      vertex 6.83396 9.7784 8
    endloop
  endfacet
  facet normal 0 0 -1
    outer loop
      vertex 6.55985 7.69637 8
      vertex 6.68135 9.55 8
      vertex 6.68135 7.45 8
    endloop
  endfacet
  facet normal 0 0 -1
    outer loop
      vertex 6.55985 7.69637 8
      vertex 6.55985 9.30363 8
      vertex 6.68135 9.55 8
    endloop
  endfacet
  facet normal 0 0 -1
    outer loop
      vertex 6.47156 7.95648 8
      vertex 6.55985 9.30363 8
      vertex 6.55985 7.69637 8
    endloop
  endfacet
  facet normal 0 0 -1
    outer loop
      vertex 6.47156 7.95648 8
      vertex 6.47156 9.04352 8
      vertex 6.55985 9.30363 8
    endloop
  endfacet
  facet normal 0 0 -1
    outer loop
      vertex 6.41797 8.2259 8
      vertex 6.47156 9.04352 8
      vertex 6.47156 7.95648 8
    endloop
  endfacet
  facet normal 0 0 -1
    outer loop
      vertex 6.41797 8.2259 8
      vertex 6.41797 8.7741 8
      vertex 6.47156 9.04352 8
    endloop
  endfacet
  facet normal 0 -0 -1
    outer loop
      vertex 6.41797 8.7741 8
      vertex 6.41797 8.2259 8
      vertex 6.4 8.5 8
    endloop
  endfacet
  facet normal -0.831322 0.555792 0
    outer loop
      vertex 10.166 7.2216 2.5
      vertex 10.3187 7.45 8
      vertex 10.3187 7.45 2.5
    endloop
  endfacet
  facet normal -0.831322 0.555792 0
    outer loop
      vertex 10.3187 7.45 8
      vertex 10.166 7.2216 2.5
      vertex 10.166 7.2216 8
    endloop
  endfacet
  facet normal -0.442007 -0.897012 0
    outer loop
      vertex 9.30363 10.4401 2.5
      vertex 9.55 10.3187 8
      vertex 9.30363 10.4401 8
    endloop
  endfacet
  facet normal -0.442007 -0.897012 -0
    outer loop
      vertex 9.55 10.3187 8
      vertex 9.30363 10.4401 2.5
      vertex 9.55 10.3187 2.5
    endloop
  endfacet
  facet normal -0.980779 0.195122 0
    outer loop
      vertex 10.5284 7.95648 2.5
      vertex 10.582 8.2259 8
      vertex 10.582 8.2259 2.5
    endloop
  endfacet
  facet normal -0.980779 0.195122 0
    outer loop
      vertex 10.582 8.2259 8
      vertex 10.5284 7.95648 2.5
      vertex 10.5284 7.95648 8
    endloop
  endfacet
  facet normal 0.321454 -0.946925 0
    outer loop
      vertex 7.69637 10.4401 2.5
      vertex 7.95648 10.5284 8
      vertex 7.69637 10.4401 8
    endloop
  endfacet
  facet normal 0.321454 -0.946925 0
    outer loop
      vertex 7.95648 10.5284 8
      vertex 7.69637 10.4401 2.5
      vertex 7.95648 10.5284 2.5
    endloop
  endfacet
  facet normal -0.659278 -0.7519 0
    outer loop
      vertex 9.7784 10.166 2.5
      vertex 9.98492 9.98492 8
      vertex 9.7784 10.166 8
    endloop
  endfacet
  facet normal -0.659278 -0.7519 -0
    outer loop
      vertex 9.98492 9.98492 8
      vertex 9.7784 10.166 2.5
      vertex 9.98492 9.98492 2.5
    endloop
  endfacet
  facet normal 0.442007 -0.897012 0
    outer loop
      vertex 7.45 10.3187 2.5
      vertex 7.69637 10.4401 8
      vertex 7.45 10.3187 8
    endloop
  endfacet
  facet normal 0.442007 -0.897012 0
    outer loop
      vertex 7.69637 10.4401 8
      vertex 7.45 10.3187 2.5
      vertex 7.69637 10.4401 2.5
    endloop
  endfacet
  facet normal 0.555792 -0.831322 0
    outer loop
      vertex 7.2216 10.166 2.5
      vertex 7.45 10.3187 8
      vertex 7.2216 10.166 8
    endloop
  endfacet
  facet normal 0.555792 -0.831322 0
    outer loop
      vertex 7.45 10.3187 8
      vertex 7.2216 10.166 2.5
      vertex 7.45 10.3187 2.5
    endloop
  endfacet
  facet normal -0.65936 0.751827 0
    outer loop
      vertex 9.98492 7.01508 2.5
      vertex 9.7784 6.83396 8
      vertex 9.98492 7.01508 8
    endloop
  endfacet
  facet normal -0.65936 0.751827 0
    outer loop
      vertex 9.7784 6.83396 8
      vertex 9.98492 7.01508 2.5
      vertex 9.7784 6.83396 2.5
    endloop
  endfacet
  facet normal 0.751827 -0.65936 0
    outer loop
      vertex 6.83396 9.7784 8
      vertex 7.01508 9.98492 2.5
      vertex 7.01508 9.98492 8
    endloop
  endfacet
  facet normal 0.751827 -0.65936 0
    outer loop
      vertex 7.01508 9.98492 2.5
      vertex 6.83396 9.7784 8
      vertex 6.83396 9.7784 2.5
    endloop
  endfacet
  facet normal -0.0655283 -0.997851 0
    outer loop
      vertex 8.5 10.6 2.5
      vertex 8.7741 10.582 8
      vertex 8.5 10.6 8
    endloop
  endfacet
  facet normal -0.0655283 -0.997851 -0
    outer loop
      vertex 8.7741 10.582 8
      vertex 8.5 10.6 2.5
      vertex 8.7741 10.582 2.5
    endloop
  endfacet
  facet normal -0.321422 0.946936 0
    outer loop
      vertex 9.30363 6.55985 2.5
      vertex 9.04352 6.47156 8
      vertex 9.30363 6.55985 8
    endloop
  endfacet
  facet normal -0.321422 0.946936 0
    outer loop
      vertex 9.04352 6.47156 8
      vertex 9.30363 6.55985 2.5
      vertex 9.04352 6.47156 2.5
    endloop
  endfacet
  facet normal 0.321422 0.946936 -0
    outer loop
      vertex 7.95648 6.47156 2.5
      vertex 7.69637 6.55985 8
      vertex 7.95648 6.47156 8
    endloop
  endfacet
  facet normal 0.321422 0.946936 0
    outer loop
      vertex 7.69637 6.55985 8
      vertex 7.95648 6.47156 2.5
      vertex 7.69637 6.55985 2.5
    endloop
  endfacet
  facet normal 0.751827 0.65936 0
    outer loop
      vertex 7.01508 7.01508 8
      vertex 6.83396 7.2216 2.5
      vertex 6.83396 7.2216 8
    endloop
  endfacet
  facet normal 0.751827 0.65936 0
    outer loop
      vertex 6.83396 7.2216 2.5
      vertex 7.01508 7.01508 8
      vertex 7.01508 7.01508 2.5
    endloop
  endfacet
  facet normal 0.896867 -0.4423 0
    outer loop
      vertex 6.55985 9.30363 8
      vertex 6.68135 9.55 2.5
      vertex 6.68135 9.55 8
    endloop
  endfacet
  facet normal 0.896867 -0.4423 0
    outer loop
      vertex 6.68135 9.55 2.5
      vertex 6.55985 9.30363 8
      vertex 6.55985 9.30363 2.5
    endloop
  endfacet
  facet normal -0.897012 0.442007 0
    outer loop
      vertex 10.3187 7.45 2.5
      vertex 10.4401 7.69637 8
      vertex 10.4401 7.69637 2.5
    endloop
  endfacet
  facet normal -0.897012 0.442007 0
    outer loop
      vertex 10.4401 7.69637 8
      vertex 10.3187 7.45 2.5
      vertex 10.3187 7.45 8
    endloop
  endfacet
  facet normal 0.0655283 -0.997851 0
    outer loop
      vertex 8.2259 10.582 2.5
      vertex 8.5 10.6 8
      vertex 8.2259 10.582 8
    endloop
  endfacet
  facet normal 0.0655283 -0.997851 0
    outer loop
      vertex 8.5 10.6 8
      vertex 8.2259 10.582 2.5
      vertex 8.5 10.6 2.5
    endloop
  endfacet
  facet normal 0.946936 -0.321422 0
    outer loop
      vertex 6.47156 9.04352 8
      vertex 6.55985 9.30363 2.5
      vertex 6.55985 9.30363 8
    endloop
  endfacet
  facet normal 0.946936 -0.321422 0
    outer loop
      vertex 6.55985 9.30363 2.5
      vertex 6.47156 9.04352 8
      vertex 6.47156 9.04352 2.5
    endloop
  endfacet
  facet normal -0.321454 -0.946925 0
    outer loop
      vertex 9.04352 10.5284 2.5
      vertex 9.30363 10.4401 8
      vertex 9.04352 10.5284 8
    endloop
  endfacet
  facet normal -0.321454 -0.946925 -0
    outer loop
      vertex 9.30363 10.4401 8
      vertex 9.04352 10.5284 2.5
      vertex 9.30363 10.4401 2.5
    endloop
  endfacet
  facet normal -0.946925 0.321454 0
    outer loop
      vertex 10.4401 7.69637 2.5
      vertex 10.5284 7.95648 8
      vertex 10.5284 7.95648 2.5
    endloop
  endfacet
  facet normal -0.946925 0.321454 0
    outer loop
      vertex 10.5284 7.95648 8
      vertex 10.4401 7.69637 2.5
      vertex 10.4401 7.69637 8
    endloop
  endfacet
  facet normal 0.980786 0.195087 0
    outer loop
      vertex 6.47156 7.95648 8
      vertex 6.41797 8.2259 2.5
      vertex 6.41797 8.2259 8
    endloop
  endfacet
  facet normal 0.980786 0.195087 0
    outer loop
      vertex 6.41797 8.2259 2.5
      vertex 6.47156 7.95648 8
      vertex 6.47156 7.95648 2.5
    endloop
  endfacet
  facet normal -0.7519 -0.659278 0
    outer loop
      vertex 10.166 9.7784 2.5
      vertex 9.98492 9.98492 8
      vertex 9.98492 9.98492 2.5
    endloop
  endfacet
  facet normal -0.7519 -0.659278 0
    outer loop
      vertex 9.98492 9.98492 8
      vertex 10.166 9.7784 2.5
      vertex 10.166 9.7784 8
    endloop
  endfacet
  facet normal 0.659278 -0.7519 0
    outer loop
      vertex 7.01508 9.98492 2.5
      vertex 7.2216 10.166 8
      vertex 7.01508 9.98492 8
    endloop
  endfacet
  facet normal 0.659278 -0.7519 0
    outer loop
      vertex 7.2216 10.166 8
      vertex 7.01508 9.98492 2.5
      vertex 7.2216 10.166 2.5
    endloop
  endfacet
  facet normal 0.896867 0.4423 0
    outer loop
      vertex 6.68135 7.45 8
      vertex 6.55985 7.69637 2.5
      vertex 6.55985 7.69637 8
    endloop
  endfacet
  facet normal 0.896867 0.4423 0
    outer loop
      vertex 6.55985 7.69637 2.5
      vertex 6.68135 7.45 8
      vertex 6.68135 7.45 2.5
    endloop
  endfacet
  facet normal -0.0654196 0.997858 0
    outer loop
      vertex 8.7741 6.41797 2.5
      vertex 8.5 6.4 8
      vertex 8.7741 6.41797 8
    endloop
  endfacet
  facet normal -0.0654196 0.997858 0
    outer loop
      vertex 8.5 6.4 8
      vertex 8.7741 6.41797 2.5
      vertex 8.5 6.4 2.5
    endloop
  endfacet
  facet normal 0.0654196 0.997858 -0
    outer loop
      vertex 8.5 6.4 2.5
      vertex 8.2259 6.41797 8
      vertex 8.5 6.4 8
    endloop
  endfacet
  facet normal 0.0654196 0.997858 0
    outer loop
      vertex 8.2259 6.41797 8
      vertex 8.5 6.4 2.5
      vertex 8.2259 6.41797 2.5
    endloop
  endfacet
  facet normal 0.997858 -0.0654196 0
    outer loop
      vertex 6.4 8.5 8
      vertex 6.41797 8.7741 2.5
      vertex 6.41797 8.7741 8
    endloop
  endfacet
  facet normal 0.997858 -0.0654196 0
    outer loop
      vertex 6.41797 8.7741 2.5
      vertex 6.4 8.5 8
      vertex 6.4 8.5 2.5
    endloop
  endfacet
  facet normal 0.831473 0.555565 0
    outer loop
      vertex 6.83396 7.2216 8
      vertex 6.68135 7.45 2.5
      vertex 6.68135 7.45 8
    endloop
  endfacet
  facet normal 0.831473 0.555565 0
    outer loop
      vertex 6.68135 7.45 2.5
      vertex 6.83396 7.2216 8
      vertex 6.83396 7.2216 2.5
    endloop
  endfacet
  facet normal -0.555565 0.831473 0
    outer loop
      vertex 9.7784 6.83396 2.5
      vertex 9.55 6.68135 8
      vertex 9.7784 6.83396 8
    endloop
  endfacet
  facet normal -0.555565 0.831473 0
    outer loop
      vertex 9.55 6.68135 8
      vertex 9.7784 6.83396 2.5
      vertex 9.55 6.68135 2.5
    endloop
  endfacet
  facet normal 0.997858 0.0654196 0
    outer loop
      vertex 6.41797 8.2259 8
      vertex 6.4 8.5 2.5
      vertex 6.4 8.5 8
    endloop
  endfacet
  facet normal 0.997858 0.0654196 0
    outer loop
      vertex 6.4 8.5 2.5
      vertex 6.41797 8.2259 8
      vertex 6.41797 8.2259 2.5
    endloop
  endfacet
  facet normal 0.195087 0.980786 -0
    outer loop
      vertex 8.2259 6.41797 2.5
      vertex 7.95648 6.47156 8
      vertex 8.2259 6.41797 8
    endloop
  endfacet
  facet normal 0.195087 0.980786 0
    outer loop
      vertex 7.95648 6.47156 8
      vertex 8.2259 6.41797 2.5
      vertex 7.95648 6.47156 2.5
    endloop
  endfacet
  facet normal 0.4423 0.896867 -0
    outer loop
      vertex 7.69637 6.55985 2.5
      vertex 7.45 6.68135 8
      vertex 7.69637 6.55985 8
    endloop
  endfacet
  facet normal 0.4423 0.896867 0
    outer loop
      vertex 7.45 6.68135 8
      vertex 7.69637 6.55985 2.5
      vertex 7.45 6.68135 2.5
    endloop
  endfacet
  facet normal 0.321498 0.94691 -0
    outer loop
      vertex 50.2707 12.1955 2.5
      vertex 49.7753 12.3637 9.5
      vertex 50.2707 12.1955 9.5
    endloop
  endfacet
  facet normal 0.321498 0.94691 0
    outer loop
      vertex 49.7753 12.3637 9.5
      vertex 50.2707 12.1955 2.5
      vertex 49.7753 12.3637 2.5
    endloop
  endfacet
  facet normal 0.980777 0.195131 0
    outer loop
      vertex 52.7058 9.0221 9.5
      vertex 52.6037 9.53528 2.5
      vertex 52.6037 9.53528 9.5
    endloop
  endfacet
  facet normal 0.980777 0.195131 0
    outer loop
      vertex 52.6037 9.53528 2.5
      vertex 52.7058 9.0221 9.5
      vertex 52.7058 9.0221 2.5
    endloop
  endfacet
  facet normal 0.997861 0.0653646 0
    outer loop
      vertex 52.74 8.5 9.5
      vertex 52.7058 9.0221 2.5
      vertex 52.7058 9.0221 9.5
    endloop
  endfacet
  facet normal 0.997861 0.0653646 0
    outer loop
      vertex 52.7058 9.0221 2.5
      vertex 52.74 8.5 9.5
      vertex 52.74 8.5 2.5
    endloop
  endfacet
  facet normal 0.946914 0.321487 0
    outer loop
      vertex 52.6037 9.53528 9.5
      vertex 52.4355 10.0307 2.5
      vertex 52.4355 10.0307 9.5
    endloop
  endfacet
  facet normal 0.946914 0.321487 0
    outer loop
      vertex 52.4355 10.0307 2.5
      vertex 52.6037 9.53528 9.5
      vertex 52.6037 9.53528 2.5
    endloop
  endfacet
  facet normal 0.442238 0.896898 -0
    outer loop
      vertex 50.74 11.9641 2.5
      vertex 50.2707 12.1955 9.5
      vertex 50.74 11.9641 9.5
    endloop
  endfacet
  facet normal 0.442238 0.896898 0
    outer loop
      vertex 50.2707 12.1955 9.5
      vertex 50.74 11.9641 2.5
      vertex 50.2707 12.1955 2.5
    endloop
  endfacet
  facet normal -0.997861 -0.0653646 0
    outer loop
      vertex 44.7742 7.9779 2.5
      vertex 44.74 8.5 9.5
      vertex 44.74 8.5 2.5
    endloop
  endfacet
  facet normal -0.997861 -0.0653646 0
    outer loop
      vertex 44.74 8.5 9.5
      vertex 44.7742 7.9779 2.5
      vertex 44.7742 7.9779 9.5
    endloop
  endfacet
  facet normal 0.896898 0.442238 0
    outer loop
      vertex 52.4355 10.0307 9.5
      vertex 52.2041 10.5 2.5
      vertex 52.2041 10.5 9.5
    endloop
  endfacet
  facet normal 0.896898 0.442238 0
    outer loop
      vertex 52.2041 10.5 2.5
      vertex 52.4355 10.0307 9.5
      vertex 52.4355 10.0307 2.5
    endloop
  endfacet
  facet normal 0.831432 0.555626 0
    outer loop
      vertex 52.2041 10.5 9.5
      vertex 51.9134 10.935 2.5
      vertex 51.9134 10.935 9.5
    endloop
  endfacet
  facet normal 0.831432 0.555626 0
    outer loop
      vertex 51.9134 10.935 2.5
      vertex 52.2041 10.5 9.5
      vertex 52.2041 10.5 2.5
    endloop
  endfacet
  facet normal -0.659343 0.751842 0
    outer loop
      vertex 46.305 11.6734 2.5
      vertex 45.9116 11.3284 9.5
      vertex 46.305 11.6734 9.5
    endloop
  endfacet
  facet normal -0.659343 0.751842 0
    outer loop
      vertex 45.9116 11.3284 9.5
      vertex 46.305 11.6734 2.5
      vertex 45.9116 11.3284 2.5
    endloop
  endfacet
  facet normal 0.751842 0.659343 0
    outer loop
      vertex 51.9134 10.935 9.5
      vertex 51.5684 11.3284 2.5
      vertex 51.5684 11.3284 9.5
    endloop
  endfacet
  facet normal 0.751842 0.659343 0
    outer loop
      vertex 51.5684 11.3284 2.5
      vertex 51.9134 10.935 9.5
      vertex 51.9134 10.935 2.5
    endloop
  endfacet
  facet normal -0.980777 0.195131 0
    outer loop
      vertex 44.7742 9.0221 2.5
      vertex 44.8763 9.53528 9.5
      vertex 44.8763 9.53528 2.5
    endloop
  endfacet
  facet normal -0.980777 0.195131 0
    outer loop
      vertex 44.8763 9.53528 9.5
      vertex 44.7742 9.0221 2.5
      vertex 44.7742 9.0221 9.5
    endloop
  endfacet
  facet normal -0.997861 0.0653646 0
    outer loop
      vertex 44.74 8.5 2.5
      vertex 44.7742 9.0221 9.5
      vertex 44.7742 9.0221 2.5
    endloop
  endfacet
  facet normal -0.997861 0.0653646 0
    outer loop
      vertex 44.7742 9.0221 9.5
      vertex 44.74 8.5 2.5
      vertex 44.74 8.5 9.5
    endloop
  endfacet
  facet normal -0.751826 -0.659362 0
    outer loop
      vertex 45.9116 5.67157 2.5
      vertex 45.5666 6.06495 9.5
      vertex 45.5666 6.06495 2.5
    endloop
  endfacet
  facet normal -0.751826 -0.659362 0
    outer loop
      vertex 45.5666 6.06495 9.5
      vertex 45.9116 5.67157 2.5
      vertex 45.9116 5.67157 9.5
    endloop
  endfacet
  facet normal 0.195087 -0.980786 0
    outer loop
      vertex 49.2621 4.53422 2.5
      vertex 49.7753 4.6363 9.5
      vertex 49.2621 4.53422 9.5
    endloop
  endfacet
  facet normal 0.195087 -0.980786 0
    outer loop
      vertex 49.7753 4.6363 9.5
      vertex 49.2621 4.53422 2.5
      vertex 49.7753 4.6363 2.5
    endloop
  endfacet
  facet normal -0.442238 0.896898 0
    outer loop
      vertex 47.2093 12.1955 2.5
      vertex 46.74 11.9641 9.5
      vertex 47.2093 12.1955 9.5
    endloop
  endfacet
  facet normal -0.442238 0.896898 0
    outer loop
      vertex 46.74 11.9641 9.5
      vertex 47.2093 12.1955 2.5
      vertex 46.74 11.9641 2.5
    endloop
  endfacet
  facet normal -0.321464 -0.946922 0
    outer loop
      vertex 47.2093 4.80448 2.5
      vertex 47.7047 4.6363 9.5
      vertex 47.2093 4.80448 9.5
    endloop
  endfacet
  facet normal -0.321464 -0.946922 -0
    outer loop
      vertex 47.7047 4.6363 9.5
      vertex 47.2093 4.80448 2.5
      vertex 47.7047 4.6363 2.5
    endloop
  endfacet
  facet normal 0.980777 -0.195131 0
    outer loop
      vertex 52.6037 7.46472 9.5
      vertex 52.7058 7.9779 2.5
      vertex 52.7058 7.9779 9.5
    endloop
  endfacet
  facet normal 0.980777 -0.195131 0
    outer loop
      vertex 52.7058 7.9779 2.5
      vertex 52.6037 7.46472 9.5
      vertex 52.6037 7.46472 2.5
    endloop
  endfacet
  facet normal -0.751842 0.659343 0
    outer loop
      vertex 45.5666 10.935 2.5
      vertex 45.9116 11.3284 9.5
      vertex 45.9116 11.3284 2.5
    endloop
  endfacet
  facet normal -0.751842 0.659343 0
    outer loop
      vertex 45.9116 11.3284 9.5
      vertex 45.5666 10.935 2.5
      vertex 45.5666 10.935 9.5
    endloop
  endfacet
  facet normal 0.831462 -0.555582 0
    outer loop
      vertex 51.9134 6.06495 9.5
      vertex 52.2041 6.5 2.5
      vertex 52.2041 6.5 9.5
    endloop
  endfacet
  facet normal 0.831462 -0.555582 0
    outer loop
      vertex 52.2041 6.5 2.5
      vertex 51.9134 6.06495 9.5
      vertex 51.9134 6.06495 2.5
    endloop
  endfacet
  facet normal -0.321498 0.94691 0
    outer loop
      vertex 47.7047 12.3637 2.5
      vertex 47.2093 12.1955 9.5
      vertex 47.7047 12.3637 9.5
    endloop
  endfacet
  facet normal -0.321498 0.94691 0
    outer loop
      vertex 47.2093 12.1955 9.5
      vertex 47.7047 12.3637 2.5
      vertex 47.2093 12.1955 2.5
    endloop
  endfacet
  facet normal -0.980777 -0.195131 0
    outer loop
      vertex 44.8763 7.46472 2.5
      vertex 44.7742 7.9779 9.5
      vertex 44.7742 7.9779 2.5
    endloop
  endfacet
  facet normal -0.980777 -0.195131 0
    outer loop
      vertex 44.7742 7.9779 9.5
      vertex 44.8763 7.46472 2.5
      vertex 44.8763 7.46472 9.5
    endloop
  endfacet
  facet normal -0.195087 -0.980786 0
    outer loop
      vertex 47.7047 4.6363 2.5
      vertex 48.2179 4.53422 9.5
      vertex 47.7047 4.6363 9.5
    endloop
  endfacet
  facet normal -0.195087 -0.980786 -0
    outer loop
      vertex 48.2179 4.53422 9.5
      vertex 47.7047 4.6363 2.5
      vertex 48.2179 4.53422 2.5
    endloop
  endfacet
  facet normal 0.555626 0.831432 -0
    outer loop
      vertex 51.175 11.6734 2.5
      vertex 50.74 11.9641 9.5
      vertex 51.175 11.6734 9.5
    endloop
  endfacet
  facet normal 0.555626 0.831432 0
    outer loop
      vertex 50.74 11.9641 9.5
      vertex 51.175 11.6734 2.5
      vertex 50.74 11.9641 2.5
    endloop
  endfacet
  facet normal 0.94692 -0.321469 0
    outer loop
      vertex 52.4355 6.96927 9.5
      vertex 52.6037 7.46472 2.5
      vertex 52.6037 7.46472 9.5
    endloop
  endfacet
  facet normal 0.94692 -0.321469 0
    outer loop
      vertex 52.6037 7.46472 2.5
      vertex 52.4355 6.96927 9.5
      vertex 52.4355 6.96927 2.5
    endloop
  endfacet
  facet normal 0.0654027 -0.997859 0
    outer loop
      vertex 48.74 4.5 2.5
      vertex 49.2621 4.53422 9.5
      vertex 48.74 4.5 9.5
    endloop
  endfacet
  facet normal 0.0654027 -0.997859 0
    outer loop
      vertex 49.2621 4.53422 9.5
      vertex 48.74 4.5 2.5
      vertex 49.2621 4.53422 2.5
    endloop
  endfacet
  facet normal 0.751826 -0.659362 0
    outer loop
      vertex 51.5684 5.67157 9.5
      vertex 51.9134 6.06495 2.5
      vertex 51.9134 6.06495 9.5
    endloop
  endfacet
  facet normal 0.751826 -0.659362 0
    outer loop
      vertex 51.9134 6.06495 2.5
      vertex 51.5684 5.67157 9.5
      vertex 51.5684 5.67157 2.5
    endloop
  endfacet
  facet normal -0.0653646 0.997861 0
    outer loop
      vertex 48.74 12.5 2.5
      vertex 48.2179 12.4658 9.5
      vertex 48.74 12.5 9.5
    endloop
  endfacet
  facet normal -0.0653646 0.997861 0
    outer loop
      vertex 48.2179 12.4658 9.5
      vertex 48.74 12.5 2.5
      vertex 48.2179 12.4658 2.5
    endloop
  endfacet
  facet normal 0.555613 -0.831441 0
    outer loop
      vertex 50.74 5.0359 2.5
      vertex 51.175 5.32659 9.5
      vertex 50.74 5.0359 9.5
    endloop
  endfacet
  facet normal 0.555613 -0.831441 0
    outer loop
      vertex 51.175 5.32659 9.5
      vertex 50.74 5.0359 2.5
      vertex 51.175 5.32659 2.5
    endloop
  endfacet
  facet normal -0.659321 -0.751861 0
    outer loop
      vertex 45.9116 5.67157 2.5
      vertex 46.305 5.32659 9.5
      vertex 45.9116 5.67157 9.5
    endloop
  endfacet
  facet normal -0.659321 -0.751861 -0
    outer loop
      vertex 46.305 5.32659 9.5
      vertex 45.9116 5.67157 2.5
      vertex 46.305 5.32659 2.5
    endloop
  endfacet
  facet normal 0.659343 0.751842 -0
    outer loop
      vertex 51.5684 11.3284 2.5
      vertex 51.175 11.6734 9.5
      vertex 51.5684 11.3284 9.5
    endloop
  endfacet
  facet normal 0.659343 0.751842 0
    outer loop
      vertex 51.175 11.6734 9.5
      vertex 51.5684 11.3284 2.5
      vertex 51.175 11.6734 2.5
    endloop
  endfacet
  facet normal -0.555613 -0.831441 0
    outer loop
      vertex 46.305 5.32659 2.5
      vertex 46.74 5.0359 9.5
      vertex 46.305 5.32659 9.5
    endloop
  endfacet
  facet normal -0.555613 -0.831441 -0
    outer loop
      vertex 46.74 5.0359 9.5
      vertex 46.305 5.32659 2.5
      vertex 46.74 5.0359 2.5
    endloop
  endfacet
  facet normal -0.896898 0.442238 0
    outer loop
      vertex 45.0445 10.0307 2.5
      vertex 45.2759 10.5 9.5
      vertex 45.2759 10.5 2.5
    endloop
  endfacet
  facet normal -0.896898 0.442238 0
    outer loop
      vertex 45.2759 10.5 9.5
      vertex 45.0445 10.0307 2.5
      vertex 45.0445 10.0307 9.5
    endloop
  endfacet
  facet normal 0.0653646 0.997861 -0
    outer loop
      vertex 49.2621 12.4658 2.5
      vertex 48.74 12.5 9.5
      vertex 49.2621 12.4658 9.5
    endloop
  endfacet
  facet normal 0.0653646 0.997861 0
    outer loop
      vertex 48.74 12.5 9.5
      vertex 49.2621 12.4658 2.5
      vertex 48.74 12.5 2.5
    endloop
  endfacet
  facet normal 0.997861 -0.0653646 0
    outer loop
      vertex 52.7058 7.9779 9.5
      vertex 52.74 8.5 2.5
      vertex 52.74 8.5 9.5
    endloop
  endfacet
  facet normal 0.997861 -0.0653646 0
    outer loop
      vertex 52.74 8.5 2.5
      vertex 52.7058 7.9779 9.5
      vertex 52.7058 7.9779 2.5
    endloop
  endfacet
  facet normal -0.195124 0.980779 0
    outer loop
      vertex 48.2179 12.4658 2.5
      vertex 47.7047 12.3637 9.5
      vertex 48.2179 12.4658 9.5
    endloop
  endfacet
  facet normal -0.195124 0.980779 0
    outer loop
      vertex 47.7047 12.3637 9.5
      vertex 48.2179 12.4658 2.5
      vertex 47.7047 12.3637 2.5
    endloop
  endfacet
  facet normal -0.555626 0.831432 0
    outer loop
      vertex 46.74 11.9641 2.5
      vertex 46.305 11.6734 9.5
      vertex 46.74 11.9641 9.5
    endloop
  endfacet
  facet normal -0.555626 0.831432 0
    outer loop
      vertex 46.305 11.6734 9.5
      vertex 46.74 11.9641 2.5
      vertex 46.305 11.6734 2.5
    endloop
  endfacet
  facet normal -0.0654027 -0.997859 0
    outer loop
      vertex 48.2179 4.53422 2.5
      vertex 48.74 4.5 9.5
      vertex 48.2179 4.53422 9.5
    endloop
  endfacet
  facet normal -0.0654027 -0.997859 -0
    outer loop
      vertex 48.74 4.5 9.5
      vertex 48.2179 4.53422 2.5
      vertex 48.74 4.5 2.5
    endloop
  endfacet
  facet normal 0.896887 -0.44226 0
    outer loop
      vertex 52.2041 6.5 9.5
      vertex 52.4355 6.96927 2.5
      vertex 52.4355 6.96927 9.5
    endloop
  endfacet
  facet normal 0.896887 -0.44226 0
    outer loop
      vertex 52.4355 6.96927 2.5
      vertex 52.2041 6.5 9.5
      vertex 52.2041 6.5 2.5
    endloop
  endfacet
  facet normal -0.946914 0.321487 0
    outer loop
      vertex 44.8763 9.53528 2.5
      vertex 45.0445 10.0307 9.5
      vertex 45.0445 10.0307 2.5
    endloop
  endfacet
  facet normal -0.946914 0.321487 0
    outer loop
      vertex 45.0445 10.0307 9.5
      vertex 44.8763 9.53528 2.5
      vertex 44.8763 9.53528 9.5
    endloop
  endfacet
  facet normal -0.94692 -0.321469 0
    outer loop
      vertex 45.0445 6.96927 2.5
      vertex 44.8763 7.46472 9.5
      vertex 44.8763 7.46472 2.5
    endloop
  endfacet
  facet normal -0.94692 -0.321469 0
    outer loop
      vertex 44.8763 7.46472 9.5
      vertex 45.0445 6.96927 2.5
      vertex 45.0445 6.96927 9.5
    endloop
  endfacet
  facet normal -0.831432 0.555626 0
    outer loop
      vertex 45.2759 10.5 2.5
      vertex 45.5666 10.935 9.5
      vertex 45.5666 10.935 2.5
    endloop
  endfacet
  facet normal -0.831432 0.555626 0
    outer loop
      vertex 45.5666 10.935 9.5
      vertex 45.2759 10.5 2.5
      vertex 45.2759 10.5 9.5
    endloop
  endfacet
  facet normal 0.442268 -0.896883 0
    outer loop
      vertex 50.2707 4.80448 2.5
      vertex 50.74 5.0359 9.5
      vertex 50.2707 4.80448 9.5
    endloop
  endfacet
  facet normal 0.442268 -0.896883 0
    outer loop
      vertex 50.74 5.0359 9.5
      vertex 50.2707 4.80448 2.5
      vertex 50.74 5.0359 2.5
    endloop
  endfacet
  facet normal 0.321464 -0.946922 0
    outer loop
      vertex 49.7753 4.6363 2.5
      vertex 50.2707 4.80448 9.5
      vertex 49.7753 4.6363 9.5
    endloop
  endfacet
  facet normal 0.321464 -0.946922 0
    outer loop
      vertex 50.2707 4.80448 9.5
      vertex 49.7753 4.6363 2.5
      vertex 50.2707 4.80448 2.5
    endloop
  endfacet
  facet normal 0.659321 -0.751861 0
    outer loop
      vertex 51.175 5.32659 2.5
      vertex 51.5684 5.67157 9.5
      vertex 51.175 5.32659 9.5
    endloop
  endfacet
  facet normal 0.659321 -0.751861 0
    outer loop
      vertex 51.5684 5.67157 9.5
      vertex 51.175 5.32659 2.5
      vertex 51.5684 5.67157 2.5
    endloop
  endfacet
  facet normal -0.896887 -0.44226 0
    outer loop
      vertex 45.2759 6.5 2.5
      vertex 45.0445 6.96927 9.5
      vertex 45.0445 6.96927 2.5
    endloop
  endfacet
  facet normal -0.896887 -0.44226 0
    outer loop
      vertex 45.0445 6.96927 9.5
      vertex 45.2759 6.5 2.5
      vertex 45.2759 6.5 9.5
    endloop
  endfacet
  facet normal 0.195124 0.980779 -0
    outer loop
      vertex 49.7753 12.3637 2.5
      vertex 49.2621 12.4658 9.5
      vertex 49.7753 12.3637 9.5
    endloop
  endfacet
  facet normal 0.195124 0.980779 0
    outer loop
      vertex 49.2621 12.4658 9.5
      vertex 49.7753 12.3637 2.5
      vertex 49.2621 12.4658 2.5
    endloop
  endfacet
  facet normal -0.442268 -0.896883 0
    outer loop
      vertex 46.74 5.0359 2.5
      vertex 47.2093 4.80448 9.5
      vertex 46.74 5.0359 9.5
    endloop
  endfacet
  facet normal -0.442268 -0.896883 -0
    outer loop
      vertex 47.2093 4.80448 9.5
      vertex 46.74 5.0359 2.5
      vertex 47.2093 4.80448 2.5
    endloop
  endfacet
  facet normal -0.831462 -0.555582 0
    outer loop
      vertex 45.5666 6.06495 2.5
      vertex 45.2759 6.5 9.5
      vertex 45.2759 6.5 2.5
    endloop
  endfacet
  facet normal -0.831462 -0.555582 0
    outer loop
      vertex 45.2759 6.5 9.5
      vertex 45.5666 6.06495 2.5
      vertex 45.5666 6.06495 9.5
    endloop
  endfacet
  facet normal 0 0 1
    outer loop
      vertex 52.7058 9.0221 9.5
      vertex 52.7058 7.9779 9.5
      vertex 52.74 8.5 9.5
    endloop
  endfacet
  facet normal 0 0 1
    outer loop
      vertex 52.6037 9.53528 9.5
      vertex 52.7058 7.9779 9.5
      vertex 52.7058 9.0221 9.5
    endloop
  endfacet
  facet normal 0 0 1
    outer loop
      vertex 52.6037 9.53528 9.5
      vertex 52.6037 7.46472 9.5
      vertex 52.7058 7.9779 9.5
    endloop
  endfacet
  facet normal 0 0 1
    outer loop
      vertex 52.4355 10.0307 9.5
      vertex 52.6037 7.46472 9.5
      vertex 52.6037 9.53528 9.5
    endloop
  endfacet
  facet normal 0 0 1
    outer loop
      vertex 52.4355 10.0307 9.5
      vertex 52.4355 6.96927 9.5
      vertex 52.6037 7.46472 9.5
    endloop
  endfacet
  facet normal 0 0 1
    outer loop
      vertex 52.2041 10.5 9.5
      vertex 52.4355 6.96927 9.5
      vertex 52.4355 10.0307 9.5
    endloop
  endfacet
  facet normal 0 0 1
    outer loop
      vertex 52.2041 10.5 9.5
      vertex 52.2041 6.5 9.5
      vertex 52.4355 6.96927 9.5
    endloop
  endfacet
  facet normal 0 0 1
    outer loop
      vertex 51.9134 10.935 9.5
      vertex 52.2041 6.5 9.5
      vertex 52.2041 10.5 9.5
    endloop
  endfacet
  facet normal 0 0 1
    outer loop
      vertex 51.9134 10.935 9.5
      vertex 51.9134 6.06495 9.5
      vertex 52.2041 6.5 9.5
    endloop
  endfacet
  facet normal 0 0 1
    outer loop
      vertex 51.5684 11.3284 9.5
      vertex 51.9134 6.06495 9.5
      vertex 51.9134 10.935 9.5
    endloop
  endfacet
  facet normal 0 0 1
    outer loop
      vertex 51.5684 11.3284 9.5
      vertex 51.5684 5.67157 9.5
      vertex 51.9134 6.06495 9.5
    endloop
  endfacet
  facet normal 0 0 1
    outer loop
      vertex 51.175 11.6734 9.5
      vertex 51.5684 5.67157 9.5
      vertex 51.5684 11.3284 9.5
    endloop
  endfacet
  facet normal 0 0 1
    outer loop
      vertex 51.175 11.6734 9.5
      vertex 51.175 5.32659 9.5
      vertex 51.5684 5.67157 9.5
    endloop
  endfacet
  facet normal 0 0 1
    outer loop
      vertex 50.74 11.9641 9.5
      vertex 51.175 5.32659 9.5
      vertex 51.175 11.6734 9.5
    endloop
  endfacet
  facet normal 0 0 1
    outer loop
      vertex 50.74 11.9641 9.5
      vertex 50.74 5.0359 9.5
      vertex 51.175 5.32659 9.5
    endloop
  endfacet
  facet normal 0 0 1
    outer loop
      vertex 50.2707 12.1955 9.5
      vertex 50.74 5.0359 9.5
      vertex 50.74 11.9641 9.5
    endloop
  endfacet
  facet normal 0 0 1
    outer loop
      vertex 50.2707 12.1955 9.5
      vertex 50.2707 4.80448 9.5
      vertex 50.74 5.0359 9.5
    endloop
  endfacet
  facet normal 0 0 1
    outer loop
      vertex 49.7753 12.3637 9.5
      vertex 50.2707 4.80448 9.5
      vertex 50.2707 12.1955 9.5
    endloop
  endfacet
  facet normal 0 0 1
    outer loop
      vertex 49.7753 12.3637 9.5
      vertex 49.7753 4.6363 9.5
      vertex 50.2707 4.80448 9.5
    endloop
  endfacet
  facet normal 0 0 1
    outer loop
      vertex 49.2621 12.4658 9.5
      vertex 49.7753 4.6363 9.5
      vertex 49.7753 12.3637 9.5
    endloop
  endfacet
  facet normal 0 0 1
    outer loop
      vertex 49.2621 12.4658 9.5
      vertex 49.2621 4.53422 9.5
      vertex 49.7753 4.6363 9.5
    endloop
  endfacet
  facet normal 0 0 1
    outer loop
      vertex 48.74 12.5 9.5
      vertex 49.2621 4.53422 9.5
      vertex 49.2621 12.4658 9.5
    endloop
  endfacet
  facet normal 0 0 1
    outer loop
      vertex 48.74 12.5 9.5
      vertex 48.74 4.5 9.5
      vertex 49.2621 4.53422 9.5
    endloop
  endfacet
  facet normal -0 0 1
    outer loop
      vertex 48.2179 12.4658 9.5
      vertex 48.74 4.5 9.5
      vertex 48.74 12.5 9.5
    endloop
  endfacet
  facet normal 0 0 1
    outer loop
      vertex 48.2179 12.4658 9.5
      vertex 48.2179 4.53422 9.5
      vertex 48.74 4.5 9.5
    endloop
  endfacet
  facet normal -0 0 1
    outer loop
      vertex 47.7047 12.3637 9.5
      vertex 48.2179 4.53422 9.5
      vertex 48.2179 12.4658 9.5
    endloop
  endfacet
  facet normal 0 0 1
    outer loop
      vertex 47.7047 12.3637 9.5
      vertex 47.7047 4.6363 9.5
      vertex 48.2179 4.53422 9.5
    endloop
  endfacet
  facet normal -0 0 1
    outer loop
      vertex 47.2093 12.1955 9.5
      vertex 47.7047 4.6363 9.5
      vertex 47.7047 12.3637 9.5
    endloop
  endfacet
  facet normal 0 0 1
    outer loop
      vertex 47.2093 12.1955 9.5
      vertex 47.2093 4.80448 9.5
      vertex 47.7047 4.6363 9.5
    endloop
  endfacet
  facet normal -0 0 1
    outer loop
      vertex 46.74 11.9641 9.5
      vertex 47.2093 4.80448 9.5
      vertex 47.2093 12.1955 9.5
    endloop
  endfacet
  facet normal 0 0 1
    outer loop
      vertex 46.74 11.9641 9.5
      vertex 46.74 5.0359 9.5
      vertex 47.2093 4.80448 9.5
    endloop
  endfacet
  facet normal -0 0 1
    outer loop
      vertex 46.305 11.6734 9.5
      vertex 46.74 5.0359 9.5
      vertex 46.74 11.9641 9.5
    endloop
  endfacet
  facet normal 0 0 1
    outer loop
      vertex 46.305 11.6734 9.5
      vertex 46.305 5.32659 9.5
      vertex 46.74 5.0359 9.5
    endloop
  endfacet
  facet normal -0 0 1
    outer loop
      vertex 45.9116 11.3284 9.5
      vertex 46.305 5.32659 9.5
      vertex 46.305 11.6734 9.5
    endloop
  endfacet
  facet normal 0 0 1
    outer loop
      vertex 45.9116 11.3284 9.5
      vertex 45.9116 5.67157 9.5
      vertex 46.305 5.32659 9.5
    endloop
  endfacet
  facet normal -0 0 1
    outer loop
      vertex 45.5666 10.935 9.5
      vertex 45.9116 5.67157 9.5
      vertex 45.9116 11.3284 9.5
    endloop
  endfacet
  facet normal 0 0 1
    outer loop
      vertex 45.5666 10.935 9.5
      vertex 45.5666 6.06495 9.5
      vertex 45.9116 5.67157 9.5
    endloop
  endfacet
  facet normal -0 0 1
    outer loop
      vertex 45.2759 10.5 9.5
      vertex 45.5666 6.06495 9.5
      vertex 45.5666 10.935 9.5
    endloop
  endfacet
  facet normal 0 0 1
    outer loop
      vertex 45.2759 10.5 9.5
      vertex 45.2759 6.5 9.5
      vertex 45.5666 6.06495 9.5
    endloop
  endfacet
  facet normal -0 0 1
    outer loop
      vertex 45.0445 10.0307 9.5
      vertex 45.2759 6.5 9.5
      vertex 45.2759 10.5 9.5
    endloop
  endfacet
  facet normal 0 0 1
    outer loop
      vertex 45.0445 10.0307 9.5
      vertex 45.0445 6.96927 9.5
      vertex 45.2759 6.5 9.5
    endloop
  endfacet
  facet normal -0 0 1
    outer loop
      vertex 44.8763 9.53528 9.5
      vertex 45.0445 6.96927 9.5
      vertex 45.0445 10.0307 9.5
    endloop
  endfacet
  facet normal 0 0 1
    outer loop
      vertex 44.8763 9.53528 9.5
      vertex 44.8763 7.46472 9.5
      vertex 45.0445 6.96927 9.5
    endloop
  endfacet
  facet normal -0 0 1
    outer loop
      vertex 44.7742 9.0221 9.5
      vertex 44.8763 7.46472 9.5
      vertex 44.8763 9.53528 9.5
    endloop
  endfacet
  facet normal 0 0 1
    outer loop
      vertex 44.7742 9.0221 9.5
      vertex 44.7742 7.9779 9.5
      vertex 44.8763 7.46472 9.5
    endloop
  endfacet
  facet normal 0 -0 1
    outer loop
      vertex 44.7742 7.9779 9.5
      vertex 44.7742 9.0221 9.5
      vertex 44.74 8.5 9.5
    endloop
  endfacet
  facet normal -0.751864 0.659319 0
    outer loop
      vertex 50.2249 7.01508 2.5
      vertex 50.406 7.2216 8
      vertex 50.406 7.2216 2.5
    endloop
  endfacet
  facet normal -0.751864 0.659319 0
    outer loop
      vertex 50.406 7.2216 8
      vertex 50.2249 7.01508 2.5
      vertex 50.2249 7.01508 8
    endloop
  endfacet
  facet normal -0.980779 -0.195122 0
    outer loop
      vertex 50.822 8.7741 2.5
      vertex 50.7684 9.04352 8
      vertex 50.7684 9.04352 2.5
    endloop
  endfacet
  facet normal -0.980779 -0.195122 0
    outer loop
      vertex 50.7684 9.04352 8
      vertex 50.822 8.7741 2.5
      vertex 50.822 8.7741 8
    endloop
  endfacet
  facet normal -0.997851 -0.0655283 0
    outer loop
      vertex 50.84 8.5 2.5
      vertex 50.822 8.7741 8
      vertex 50.822 8.7741 2.5
    endloop
  endfacet
  facet normal -0.997851 -0.0655283 0
    outer loop
      vertex 50.822 8.7741 8
      vertex 50.84 8.5 2.5
      vertex 50.84 8.5 8
    endloop
  endfacet
  facet normal -0.946925 -0.321454 0
    outer loop
      vertex 50.7684 9.04352 2.5
      vertex 50.6801 9.30363 8
      vertex 50.6801 9.30363 2.5
    endloop
  endfacet
  facet normal -0.946925 -0.321454 0
    outer loop
      vertex 50.6801 9.30363 8
      vertex 50.7684 9.04352 2.5
      vertex 50.7684 9.04352 8
    endloop
  endfacet
  facet normal -0.831322 -0.555792 0
    outer loop
      vertex 50.5587 9.55 2.5
      vertex 50.406 9.7784 8
      vertex 50.406 9.7784 2.5
    endloop
  endfacet
  facet normal -0.831322 -0.555792 0
    outer loop
      vertex 50.406 9.7784 8
      vertex 50.5587 9.55 2.5
      vertex 50.5587 9.55 8
    endloop
  endfacet
  facet normal 0.555565 0.831473 -0
    outer loop
      vertex 47.69 6.68135 2.5
      vertex 47.4616 6.83396 8
      vertex 47.69 6.68135 8
    endloop
  endfacet
  facet normal 0.555565 0.831473 0
    outer loop
      vertex 47.4616 6.83396 8
      vertex 47.69 6.68135 2.5
      vertex 47.4616 6.83396 2.5
    endloop
  endfacet
  facet normal -0.195136 -0.980776 0
    outer loop
      vertex 49.0141 10.582 2.5
      vertex 49.2835 10.5284 8
      vertex 49.0141 10.582 8
    endloop
  endfacet
  facet normal -0.195136 -0.980776 -0
    outer loop
      vertex 49.2835 10.5284 8
      vertex 49.0141 10.582 2.5
      vertex 49.2835 10.5284 2.5
    endloop
  endfacet
  facet normal -0.997851 0.0655283 0
    outer loop
      vertex 50.822 8.2259 2.5
      vertex 50.84 8.5 8
      vertex 50.84 8.5 2.5
    endloop
  endfacet
  facet normal -0.997851 0.0655283 0
    outer loop
      vertex 50.84 8.5 8
      vertex 50.822 8.2259 2.5
      vertex 50.822 8.2259 8
    endloop
  endfacet
  facet normal -0.897012 -0.442007 0
    outer loop
      vertex 50.6801 9.30363 2.5
      vertex 50.5587 9.55 8
      vertex 50.5587 9.55 2.5
    endloop
  endfacet
  facet normal -0.897012 -0.442007 0
    outer loop
      vertex 50.5587 9.55 8
      vertex 50.6801 9.30363 2.5
      vertex 50.6801 9.30363 8
    endloop
  endfacet
  facet normal 0.946925 0.321454 0
    outer loop
      vertex 46.7999 7.69637 8
      vertex 46.7116 7.95648 2.5
      vertex 46.7116 7.95648 8
    endloop
  endfacet
  facet normal 0.946925 0.321454 0
    outer loop
      vertex 46.7116 7.95648 2.5
      vertex 46.7999 7.69637 8
      vertex 46.7999 7.69637 2.5
    endloop
  endfacet
  facet normal 0.980779 -0.195122 0
    outer loop
      vertex 46.658 8.7741 8
      vertex 46.7116 9.04352 2.5
      vertex 46.7116 9.04352 8
    endloop
  endfacet
  facet normal 0.980779 -0.195122 0
    outer loop
      vertex 46.7116 9.04352 2.5
      vertex 46.658 8.7741 8
      vertex 46.658 8.7741 2.5
    endloop
  endfacet
  facet normal 0.659396 0.751796 -0
    outer loop
      vertex 47.4616 6.83396 2.5
      vertex 47.2551 7.01508 8
      vertex 47.4616 6.83396 8
    endloop
  endfacet
  facet normal 0.659396 0.751796 0
    outer loop
      vertex 47.2551 7.01508 8
      vertex 47.4616 6.83396 2.5
      vertex 47.2551 7.01508 2.5
    endloop
  endfacet
  facet normal 0.195136 -0.980776 0
    outer loop
      vertex 48.1965 10.5284 2.5
      vertex 48.4659 10.582 8
      vertex 48.1965 10.5284 8
    endloop
  endfacet
  facet normal 0.195136 -0.980776 0
    outer loop
      vertex 48.4659 10.582 8
      vertex 48.1965 10.5284 2.5
      vertex 48.4659 10.582 2.5
    endloop
  endfacet
  facet normal -0.195101 0.980783 0
    outer loop
      vertex 49.2835 6.47156 2.5
      vertex 49.0141 6.41797 8
      vertex 49.2835 6.47156 8
    endloop
  endfacet
  facet normal -0.195101 0.980783 0
    outer loop
      vertex 49.0141 6.41797 8
      vertex 49.2835 6.47156 2.5
      vertex 49.0141 6.41797 2.5
    endloop
  endfacet
  facet normal -0.442256 0.896889 0
    outer loop
      vertex 49.79 6.68135 2.5
      vertex 49.5436 6.55985 8
      vertex 49.79 6.68135 8
    endloop
  endfacet
  facet normal -0.442256 0.896889 0
    outer loop
      vertex 49.5436 6.55985 8
      vertex 49.79 6.68135 2.5
      vertex 49.5436 6.55985 2.5
    endloop
  endfacet
  facet normal 0.831322 -0.555792 0
    outer loop
      vertex 46.9213 9.55 8
      vertex 47.074 9.7784 2.5
      vertex 47.074 9.7784 8
    endloop
  endfacet
  facet normal 0.831322 -0.555792 0
    outer loop
      vertex 47.074 9.7784 2.5
      vertex 46.9213 9.55 8
      vertex 46.9213 9.55 2.5
    endloop
  endfacet
  facet normal -0.555792 -0.831322 0
    outer loop
      vertex 49.79 10.3187 2.5
      vertex 50.0184 10.166 8
      vertex 49.79 10.3187 8
    endloop
  endfacet
  facet normal -0.555792 -0.831322 -0
    outer loop
      vertex 50.0184 10.166 8
      vertex 49.79 10.3187 2.5
      vertex 50.0184 10.166 2.5
    endloop
  endfacet
  facet normal 0 0 -1
    outer loop
      vertex 50.822 8.2259 8
      vertex 50.822 8.7741 8
      vertex 50.84 8.5 8
    endloop
  endfacet
  facet normal 0 0 -1
    outer loop
      vertex 50.7684 7.95648 8
      vertex 50.822 8.7741 8
      vertex 50.822 8.2259 8
    endloop
  endfacet
  facet normal 0 0 -1
    outer loop
      vertex 50.7684 7.95648 8
      vertex 50.7684 9.04352 8
      vertex 50.822 8.7741 8
    endloop
  endfacet
  facet normal 0 0 -1
    outer loop
      vertex 50.6801 7.69637 8
      vertex 50.7684 9.04352 8
      vertex 50.7684 7.95648 8
    endloop
  endfacet
  facet normal 0 0 -1
    outer loop
      vertex 50.6801 7.69637 8
      vertex 50.6801 9.30363 8
      vertex 50.7684 9.04352 8
    endloop
  endfacet
  facet normal 0 0 -1
    outer loop
      vertex 50.5587 7.45 8
      vertex 50.6801 9.30363 8
      vertex 50.6801 7.69637 8
    endloop
  endfacet
  facet normal 0 0 -1
    outer loop
      vertex 50.5587 7.45 8
      vertex 50.5587 9.55 8
      vertex 50.6801 9.30363 8
    endloop
  endfacet
  facet normal 0 0 -1
    outer loop
      vertex 50.406 7.2216 8
      vertex 50.5587 9.55 8
      vertex 50.5587 7.45 8
    endloop
  endfacet
  facet normal 0 0 -1
    outer loop
      vertex 50.406 7.2216 8
      vertex 50.406 9.7784 8
      vertex 50.5587 9.55 8
    endloop
  endfacet
  facet normal 0 0 -1
    outer loop
      vertex 50.2249 7.01508 8
      vertex 50.406 9.7784 8
      vertex 50.406 7.2216 8
    endloop
  endfacet
  facet normal 0 0 -1
    outer loop
      vertex 50.2249 7.01508 8
      vertex 50.2249 9.98492 8
      vertex 50.406 9.7784 8
    endloop
  endfacet
  facet normal 0 0 -1
    outer loop
      vertex 50.0184 6.83396 8
      vertex 50.2249 9.98492 8
      vertex 50.2249 7.01508 8
    endloop
  endfacet
  facet normal 0 0 -1
    outer loop
      vertex 50.0184 6.83396 8
      vertex 50.0184 10.166 8
      vertex 50.2249 9.98492 8
    endloop
  endfacet
  facet normal 0 0 -1
    outer loop
      vertex 49.79 6.68135 8
      vertex 50.0184 10.166 8
      vertex 50.0184 6.83396 8
    endloop
  endfacet
  facet normal 0 0 -1
    outer loop
      vertex 49.79 6.68135 8
      vertex 49.79 10.3187 8
      vertex 50.0184 10.166 8
    endloop
  endfacet
  facet normal 0 0 -1
    outer loop
      vertex 49.5436 6.55985 8
      vertex 49.79 10.3187 8
      vertex 49.79 6.68135 8
    endloop
  endfacet
  facet normal 0 0 -1
    outer loop
      vertex 49.5436 6.55985 8
      vertex 49.5436 10.4401 8
      vertex 49.79 10.3187 8
    endloop
  endfacet
  facet normal 0 0 -1
    outer loop
      vertex 49.2835 6.47156 8
      vertex 49.5436 10.4401 8
      vertex 49.5436 6.55985 8
    endloop
  endfacet
  facet normal 0 0 -1
    outer loop
      vertex 49.2835 6.47156 8
      vertex 49.2835 10.5284 8
      vertex 49.5436 10.4401 8
    endloop
  endfacet
  facet normal 0 0 -1
    outer loop
      vertex 49.0141 6.41797 8
      vertex 49.2835 10.5284 8
      vertex 49.2835 6.47156 8
    endloop
  endfacet
  facet normal 0 0 -1
    outer loop
      vertex 49.0141 6.41797 8
      vertex 49.0141 10.582 8
      vertex 49.2835 10.5284 8
    endloop
  endfacet
  facet normal 0 0 -1
    outer loop
      vertex 48.74 6.4 8
      vertex 49.0141 10.582 8
      vertex 49.0141 6.41797 8
    endloop
  endfacet
  facet normal 0 0 -1
    outer loop
      vertex 48.74 6.4 8
      vertex 48.74 10.6 8
      vertex 49.0141 10.582 8
    endloop
  endfacet
  facet normal 0 0 -1
    outer loop
      vertex 48.4659 6.41797 8
      vertex 48.74 10.6 8
      vertex 48.74 6.4 8
    endloop
  endfacet
  facet normal 0 0 -1
    outer loop
      vertex 48.4659 6.41797 8
      vertex 48.4659 10.582 8
      vertex 48.74 10.6 8
    endloop
  endfacet
  facet normal 0 0 -1
    outer loop
      vertex 48.1965 6.47156 8
      vertex 48.4659 10.582 8
      vertex 48.4659 6.41797 8
    endloop
  endfacet
  facet normal 0 0 -1
    outer loop
      vertex 48.1965 6.47156 8
      vertex 48.1965 10.5284 8
      vertex 48.4659 10.582 8
    endloop
  endfacet
  facet normal 0 0 -1
    outer loop
      vertex 47.9364 6.55985 8
      vertex 48.1965 10.5284 8
      vertex 48.1965 6.47156 8
    endloop
  endfacet
  facet normal 0 0 -1
    outer loop
      vertex 47.9364 6.55985 8
      vertex 47.9364 10.4401 8
      vertex 48.1965 10.5284 8
    endloop
  endfacet
  facet normal 0 0 -1
    outer loop
      vertex 47.69 6.68135 8
      vertex 47.9364 10.4401 8
      vertex 47.9364 6.55985 8
    endloop
  endfacet
  facet normal 0 0 -1
    outer loop
      vertex 47.69 6.68135 8
      vertex 47.69 10.3187 8
      vertex 47.9364 10.4401 8
    endloop
  endfacet
  facet normal 0 0 -1
    outer loop
      vertex 47.4616 6.83396 8
      vertex 47.69 10.3187 8
      vertex 47.69 6.68135 8
    endloop
  endfacet
  facet normal 0 0 -1
    outer loop
      vertex 47.4616 6.83396 8
      vertex 47.4616 10.166 8
      vertex 47.69 10.3187 8
    endloop
  endfacet
  facet normal 0 0 -1
    outer loop
      vertex 47.2551 7.01508 8
      vertex 47.4616 10.166 8
      vertex 47.4616 6.83396 8
    endloop
  endfacet
  facet normal 0 0 -1
    outer loop
      vertex 47.2551 7.01508 8
      vertex 47.2551 9.98492 8
      vertex 47.4616 10.166 8
    endloop
  endfacet
  facet normal 0 0 -1
    outer loop
      vertex 47.074 7.2216 8
      vertex 47.2551 9.98492 8
      vertex 47.2551 7.01508 8
    endloop
  endfacet
  facet normal 0 0 -1
    outer loop
      vertex 47.074 7.2216 8
      vertex 47.074 9.7784 8
      vertex 47.2551 9.98492 8
    endloop
  endfacet
  facet normal 0 0 -1
    outer loop
      vertex 46.9213 7.45 8
      vertex 47.074 9.7784 8
      vertex 47.074 7.2216 8
    endloop
  endfacet
  facet normal 0 0 -1
    outer loop
      vertex 46.9213 7.45 8
      vertex 46.9213 9.55 8
      vertex 47.074 9.7784 8
    endloop
  endfacet
  facet normal 0 0 -1
    outer loop
      vertex 46.7999 7.69637 8
      vertex 46.9213 9.55 8
      vertex 46.9213 7.45 8
    endloop
  endfacet
  facet normal 0 0 -1
    outer loop
      vertex 46.7999 7.69637 8
      vertex 46.7999 9.30363 8
      vertex 46.9213 9.55 8
    endloop
  endfacet
  facet normal 0 0 -1
    outer loop
      vertex 46.7116 7.95648 8
      vertex 46.7999 9.30363 8
      vertex 46.7999 7.69637 8
    endloop
  endfacet
  facet normal 0 0 -1
    outer loop
      vertex 46.7116 7.95648 8
      vertex 46.7116 9.04352 8
      vertex 46.7999 9.30363 8
    endloop
  endfacet
  facet normal 0 0 -1
    outer loop
      vertex 46.658 8.2259 8
      vertex 46.7116 9.04352 8
      vertex 46.7116 7.95648 8
    endloop
  endfacet
  facet normal 0 0 -1
    outer loop
      vertex 46.658 8.2259 8
      vertex 46.658 8.7741 8
      vertex 46.7116 9.04352 8
    endloop
  endfacet
  facet normal 0 -0 -1
    outer loop
      vertex 46.658 8.7741 8
      vertex 46.658 8.2259 8
      vertex 46.64 8.5 8
    endloop
  endfacet
  facet normal -0.831322 0.555792 0
    outer loop
      vertex 50.406 7.2216 2.5
      vertex 50.5587 7.45 8
      vertex 50.5587 7.45 2.5
    endloop
  endfacet
  facet normal -0.831322 0.555792 0
    outer loop
      vertex 50.5587 7.45 8
      vertex 50.406 7.2216 2.5
      vertex 50.406 7.2216 8
    endloop
  endfacet
  facet normal -0.441964 -0.897033 0
    outer loop
      vertex 49.5436 10.4401 2.5
      vertex 49.79 10.3187 8
      vertex 49.5436 10.4401 8
    endloop
  endfacet
  facet normal -0.441964 -0.897033 -0
    outer loop
      vertex 49.79 10.3187 8
      vertex 49.5436 10.4401 2.5
      vertex 49.79 10.3187 2.5
    endloop
  endfacet
  facet normal -0.980779 0.195122 0
    outer loop
      vertex 50.7684 7.95648 2.5
      vertex 50.822 8.2259 8
      vertex 50.822 8.2259 2.5
    endloop
  endfacet
  facet normal -0.980779 0.195122 0
    outer loop
      vertex 50.822 8.2259 8
      vertex 50.7684 7.95648 2.5
      vertex 50.7684 7.95648 8
    endloop
  endfacet
  facet normal 0.321465 -0.946921 0
    outer loop
      vertex 47.9364 10.4401 2.5
      vertex 48.1965 10.5284 8
      vertex 47.9364 10.4401 8
    endloop
  endfacet
  facet normal 0.321465 -0.946921 0
    outer loop
      vertex 48.1965 10.5284 8
      vertex 47.9364 10.4401 2.5
      vertex 48.1965 10.5284 2.5
    endloop
  endfacet
  facet normal -0.659314 -0.751868 0
    outer loop
      vertex 50.0184 10.166 2.5
      vertex 50.2249 9.98492 8
      vertex 50.0184 10.166 8
    endloop
  endfacet
  facet normal -0.659314 -0.751868 -0
    outer loop
      vertex 50.2249 9.98492 8
      vertex 50.0184 10.166 2.5
      vertex 50.2249 9.98492 2.5
    endloop
  endfacet
  facet normal 0.441964 -0.897033 0
    outer loop
      vertex 47.69 10.3187 2.5
      vertex 47.9364 10.4401 8
      vertex 47.69 10.3187 8
    endloop
  endfacet
  facet normal 0.441964 -0.897033 0
    outer loop
      vertex 47.9364 10.4401 8
      vertex 47.69 10.3187 2.5
      vertex 47.9364 10.4401 2.5
    endloop
  endfacet
  facet normal 0.555792 -0.831322 0
    outer loop
      vertex 47.4616 10.166 2.5
      vertex 47.69 10.3187 8
      vertex 47.4616 10.166 8
    endloop
  endfacet
  facet normal 0.555792 -0.831322 0
    outer loop
      vertex 47.69 10.3187 8
      vertex 47.4616 10.166 2.5
      vertex 47.69 10.3187 2.5
    endloop
  endfacet
  facet normal -0.659396 0.751796 0
    outer loop
      vertex 50.2249 7.01508 2.5
      vertex 50.0184 6.83396 8
      vertex 50.2249 7.01508 8
    endloop
  endfacet
  facet normal -0.659396 0.751796 0
    outer loop
      vertex 50.0184 6.83396 8
      vertex 50.2249 7.01508 2.5
      vertex 50.0184 6.83396 2.5
    endloop
  endfacet
  facet normal 0.751864 -0.659319 0
    outer loop
      vertex 47.074 9.7784 8
      vertex 47.2551 9.98492 2.5
      vertex 47.2551 9.98492 8
    endloop
  endfacet
  facet normal 0.751864 -0.659319 0
    outer loop
      vertex 47.2551 9.98492 2.5
      vertex 47.074 9.7784 8
      vertex 47.074 9.7784 2.5
    endloop
  endfacet
  facet normal -0.0655283 -0.997851 0
    outer loop
      vertex 48.74 10.6 2.5
      vertex 49.0141 10.582 8
      vertex 48.74 10.6 8
    endloop
  endfacet
  facet normal -0.0655283 -0.997851 -0
    outer loop
      vertex 49.0141 10.582 8
      vertex 48.74 10.6 2.5
      vertex 49.0141 10.582 2.5
    endloop
  endfacet
  facet normal -0.321433 0.946932 0
    outer loop
      vertex 49.5436 6.55985 2.5
      vertex 49.2835 6.47156 8
      vertex 49.5436 6.55985 8
    endloop
  endfacet
  facet normal -0.321433 0.946932 0
    outer loop
      vertex 49.2835 6.47156 8
      vertex 49.5436 6.55985 2.5
      vertex 49.2835 6.47156 2.5
    endloop
  endfacet
  facet normal 0.321433 0.946932 -0
    outer loop
      vertex 48.1965 6.47156 2.5
      vertex 47.9364 6.55985 8
      vertex 48.1965 6.47156 8
    endloop
  endfacet
  facet normal 0.321433 0.946932 0
    outer loop
      vertex 47.9364 6.55985 8
      vertex 48.1965 6.47156 2.5
      vertex 47.9364 6.55985 2.5
    endloop
  endfacet
  facet normal 0.751864 0.659319 0
    outer loop
      vertex 47.2551 7.01508 8
      vertex 47.074 7.2216 2.5
      vertex 47.074 7.2216 8
    endloop
  endfacet
  facet normal 0.751864 0.659319 0
    outer loop
      vertex 47.074 7.2216 2.5
      vertex 47.2551 7.01508 8
      vertex 47.2551 7.01508 2.5
    endloop
  endfacet
  facet normal 0.897012 -0.442007 0
    outer loop
      vertex 46.7999 9.30363 8
      vertex 46.9213 9.55 2.5
      vertex 46.9213 9.55 8
    endloop
  endfacet
  facet normal 0.897012 -0.442007 0
    outer loop
      vertex 46.9213 9.55 2.5
      vertex 46.7999 9.30363 8
      vertex 46.7999 9.30363 2.5
    endloop
  endfacet
  facet normal -0.897012 0.442007 0
    outer loop
      vertex 50.5587 7.45 2.5
      vertex 50.6801 7.69637 8
      vertex 50.6801 7.69637 2.5
    endloop
  endfacet
  facet normal -0.897012 0.442007 0
    outer loop
      vertex 50.6801 7.69637 8
      vertex 50.5587 7.45 2.5
      vertex 50.5587 7.45 8
    endloop
  endfacet
  facet normal 0.0655283 -0.997851 0
    outer loop
      vertex 48.4659 10.582 2.5
      vertex 48.74 10.6 8
      vertex 48.4659 10.582 8
    endloop
  endfacet
  facet normal 0.0655283 -0.997851 0
    outer loop
      vertex 48.74 10.6 8
      vertex 48.4659 10.582 2.5
      vertex 48.74 10.6 2.5
    endloop
  endfacet
  facet normal 0.946925 -0.321454 0
    outer loop
      vertex 46.7116 9.04352 8
      vertex 46.7999 9.30363 2.5
      vertex 46.7999 9.30363 8
    endloop
  endfacet
  facet normal 0.946925 -0.321454 0
    outer loop
      vertex 46.7999 9.30363 2.5
      vertex 46.7116 9.04352 8
      vertex 46.7116 9.04352 2.5
    endloop
  endfacet
  facet normal -0.321465 -0.946921 0
    outer loop
      vertex 49.2835 10.5284 2.5
      vertex 49.5436 10.4401 8
      vertex 49.2835 10.5284 8
    endloop
  endfacet
  facet normal -0.321465 -0.946921 -0
    outer loop
      vertex 49.5436 10.4401 8
      vertex 49.2835 10.5284 2.5
      vertex 49.5436 10.4401 2.5
    endloop
  endfacet
  facet normal -0.946925 0.321454 0
    outer loop
      vertex 50.6801 7.69637 2.5
      vertex 50.7684 7.95648 8
      vertex 50.7684 7.95648 2.5
    endloop
  endfacet
  facet normal -0.946925 0.321454 0
    outer loop
      vertex 50.7684 7.95648 8
      vertex 50.6801 7.69637 2.5
      vertex 50.6801 7.69637 8
    endloop
  endfacet
  facet normal 0.980779 0.195122 0
    outer loop
      vertex 46.7116 7.95648 8
      vertex 46.658 8.2259 2.5
      vertex 46.658 8.2259 8
    endloop
  endfacet
  facet normal 0.980779 0.195122 0
    outer loop
      vertex 46.658 8.2259 2.5
      vertex 46.7116 7.95648 8
      vertex 46.7116 7.95648 2.5
    endloop
  endfacet
  facet normal -0.751864 -0.659319 0
    outer loop
      vertex 50.406 9.7784 2.5
      vertex 50.2249 9.98492 8
      vertex 50.2249 9.98492 2.5
    endloop
  endfacet
  facet normal -0.751864 -0.659319 0
    outer loop
      vertex 50.2249 9.98492 8
      vertex 50.406 9.7784 2.5
      vertex 50.406 9.7784 8
    endloop
  endfacet
  facet normal 0.659314 -0.751868 0
    outer loop
      vertex 47.2551 9.98492 2.5
      vertex 47.4616 10.166 8
      vertex 47.2551 9.98492 8
    endloop
  endfacet
  facet normal 0.659314 -0.751868 0
    outer loop
      vertex 47.4616 10.166 8
      vertex 47.2551 9.98492 2.5
      vertex 47.4616 10.166 2.5
    endloop
  endfacet
  facet normal 0.897012 0.442007 0
    outer loop
      vertex 46.9213 7.45 8
      vertex 46.7999 7.69637 2.5
      vertex 46.7999 7.69637 8
    endloop
  endfacet
  facet normal 0.897012 0.442007 0
    outer loop
      vertex 46.7999 7.69637 2.5
      vertex 46.9213 7.45 8
      vertex 46.9213 7.45 2.5
    endloop
  endfacet
  facet normal -0.0654196 0.997858 0
    outer loop
      vertex 49.0141 6.41797 2.5
      vertex 48.74 6.4 8
      vertex 49.0141 6.41797 8
    endloop
  endfacet
  facet normal -0.0654196 0.997858 0
    outer loop
      vertex 48.74 6.4 8
      vertex 49.0141 6.41797 2.5
      vertex 48.74 6.4 2.5
    endloop
  endfacet
  facet normal 0.0654196 0.997858 -0
    outer loop
      vertex 48.74 6.4 2.5
      vertex 48.4659 6.41797 8
      vertex 48.74 6.4 8
    endloop
  endfacet
  facet normal 0.0654196 0.997858 0
    outer loop
      vertex 48.4659 6.41797 8
      vertex 48.74 6.4 2.5
      vertex 48.4659 6.41797 2.5
    endloop
  endfacet
  facet normal 0.997851 -0.0655283 0
    outer loop
      vertex 46.64 8.5 8
      vertex 46.658 8.7741 2.5
      vertex 46.658 8.7741 8
    endloop
  endfacet
  facet normal 0.997851 -0.0655283 0
    outer loop
      vertex 46.658 8.7741 2.5
      vertex 46.64 8.5 8
      vertex 46.64 8.5 2.5
    endloop
  endfacet
  facet normal 0.831322 0.555792 0
    outer loop
      vertex 47.074 7.2216 8
      vertex 46.9213 7.45 2.5
      vertex 46.9213 7.45 8
    endloop
  endfacet
  facet normal 0.831322 0.555792 0
    outer loop
      vertex 46.9213 7.45 2.5
      vertex 47.074 7.2216 8
      vertex 47.074 7.2216 2.5
    endloop
  endfacet
  facet normal -0.555565 0.831473 0
    outer loop
      vertex 50.0184 6.83396 2.5
      vertex 49.79 6.68135 8
      vertex 50.0184 6.83396 8
    endloop
  endfacet
  facet normal -0.555565 0.831473 0
    outer loop
      vertex 49.79 6.68135 8
      vertex 50.0184 6.83396 2.5
      vertex 49.79 6.68135 2.5
    endloop
  endfacet
  facet normal 0.997851 0.0655283 0
    outer loop
      vertex 46.658 8.2259 8
      vertex 46.64 8.5 2.5
      vertex 46.64 8.5 8
    endloop
  endfacet
  facet normal 0.997851 0.0655283 0
    outer loop
      vertex 46.64 8.5 2.5
      vertex 46.658 8.2259 8
      vertex 46.658 8.2259 2.5
    endloop
  endfacet
  facet normal 0.195101 0.980783 -0
    outer loop
      vertex 48.4659 6.41797 2.5
      vertex 48.1965 6.47156 8
      vertex 48.4659 6.41797 8
    endloop
  endfacet
  facet normal 0.195101 0.980783 0
    outer loop
      vertex 48.1965 6.47156 8
      vertex 48.4659 6.41797 2.5
      vertex 48.1965 6.47156 2.5
    endloop
  endfacet
  facet normal 0.442256 0.896889 -0
    outer loop
      vertex 47.9364 6.55985 2.5
      vertex 47.69 6.68135 8
      vertex 47.9364 6.55985 8
    endloop
  endfacet
  facet normal 0.442256 0.896889 0
    outer loop
      vertex 47.69 6.68135 8
      vertex 47.9364 6.55985 2.5
      vertex 47.69 6.68135 2.5
    endloop
  endfacet
  facet normal 0.321487 0.946914 -0
    outer loop
      vertex 10.0307 43.1955 2.5
      vertex 9.53528 43.3637 9.5
      vertex 10.0307 43.1955 9.5
    endloop
  endfacet
  facet normal 0.321487 0.946914 0
    outer loop
      vertex 9.53528 43.3637 9.5
      vertex 10.0307 43.1955 2.5
      vertex 9.53528 43.3637 2.5
    endloop
  endfacet
  facet normal 0.980779 0.195124 0
    outer loop
      vertex 12.4658 40.0221 9.5
      vertex 12.3637 40.5353 2.5
      vertex 12.3637 40.5353 9.5
    endloop
  endfacet
  facet normal 0.980779 0.195124 0
    outer loop
      vertex 12.3637 40.5353 2.5
      vertex 12.4658 40.0221 9.5
      vertex 12.4658 40.0221 2.5
    endloop
  endfacet
  facet normal 0.997861 0.0653646 0
    outer loop
      vertex 12.5 39.5 9.5
      vertex 12.4658 40.0221 2.5
      vertex 12.4658 40.0221 9.5
    endloop
  endfacet
  facet normal 0.997861 0.0653646 0
    outer loop
      vertex 12.4658 40.0221 2.5
      vertex 12.5 39.5 9.5
      vertex 12.5 39.5 2.5
    endloop
  endfacet
  facet normal 0.94691 0.321498 0
    outer loop
      vertex 12.3637 40.5353 9.5
      vertex 12.1955 41.0307 2.5
      vertex 12.1955 41.0307 9.5
    endloop
  endfacet
  facet normal 0.94691 0.321498 0
    outer loop
      vertex 12.1955 41.0307 2.5
      vertex 12.3637 40.5353 9.5
      vertex 12.3637 40.5353 2.5
    endloop
  endfacet
  facet normal 0.442238 0.896898 -0
    outer loop
      vertex 10.5 42.9641 2.5
      vertex 10.0307 43.1955 9.5
      vertex 10.5 42.9641 9.5
    endloop
  endfacet
  facet normal 0.442238 0.896898 0
    outer loop
      vertex 10.0307 43.1955 9.5
      vertex 10.5 42.9641 2.5
      vertex 10.0307 43.1955 2.5
    endloop
  endfacet
  facet normal -0.997859 -0.0654027 0
    outer loop
      vertex 4.53422 38.9779 2.5
      vertex 4.5 39.5 9.5
      vertex 4.5 39.5 2.5
    endloop
  endfacet
  facet normal -0.997859 -0.0654027 0
    outer loop
      vertex 4.5 39.5 9.5
      vertex 4.53422 38.9779 2.5
      vertex 4.53422 38.9779 9.5
    endloop
  endfacet
  facet normal 0.896898 0.442238 0
    outer loop
      vertex 12.1955 41.0307 9.5
      vertex 11.9641 41.5 2.5
      vertex 11.9641 41.5 9.5
    endloop
  endfacet
  facet normal 0.896898 0.442238 0
    outer loop
      vertex 11.9641 41.5 2.5
      vertex 12.1955 41.0307 9.5
      vertex 12.1955 41.0307 2.5
    endloop
  endfacet
  facet normal 0.831432 0.555626 0
    outer loop
      vertex 11.9641 41.5 9.5
      vertex 11.6734 41.935 2.5
      vertex 11.6734 41.935 9.5
    endloop
  endfacet
  facet normal 0.831432 0.555626 0
    outer loop
      vertex 11.6734 41.935 2.5
      vertex 11.9641 41.5 9.5
      vertex 11.9641 41.5 2.5
    endloop
  endfacet
  facet normal -0.659362 0.751826 0
    outer loop
      vertex 6.06495 42.6734 2.5
      vertex 5.67157 42.3284 9.5
      vertex 6.06495 42.6734 9.5
    endloop
  endfacet
  facet normal -0.659362 0.751826 0
    outer loop
      vertex 5.67157 42.3284 9.5
      vertex 6.06495 42.6734 2.5
      vertex 5.67157 42.3284 2.5
    endloop
  endfacet
  facet normal 0.751842 0.659343 0
    outer loop
      vertex 11.6734 41.935 9.5
      vertex 11.3284 42.3284 2.5
      vertex 11.3284 42.3284 9.5
    endloop
  endfacet
  facet normal 0.751842 0.659343 0
    outer loop
      vertex 11.3284 42.3284 2.5
      vertex 11.6734 41.935 9.5
      vertex 11.6734 41.935 2.5
    endloop
  endfacet
  facet normal -0.980786 0.195087 0
    outer loop
      vertex 4.53422 40.0221 2.5
      vertex 4.6363 40.5353 9.5
      vertex 4.6363 40.5353 2.5
    endloop
  endfacet
  facet normal -0.980786 0.195087 0
    outer loop
      vertex 4.6363 40.5353 9.5
      vertex 4.53422 40.0221 2.5
      vertex 4.53422 40.0221 9.5
    endloop
  endfacet
  facet normal -0.997859 0.0654027 0
    outer loop
      vertex 4.5 39.5 2.5
      vertex 4.53422 40.0221 9.5
      vertex 4.53422 40.0221 2.5
    endloop
  endfacet
  facet normal -0.997859 0.0654027 0
    outer loop
      vertex 4.53422 40.0221 9.5
      vertex 4.5 39.5 2.5
      vertex 4.5 39.5 9.5
    endloop
  endfacet
  facet normal -0.751861 -0.659321 0
    outer loop
      vertex 5.67157 36.6716 2.5
      vertex 5.32659 37.065 9.5
      vertex 5.32659 37.065 2.5
    endloop
  endfacet
  facet normal -0.751861 -0.659321 0
    outer loop
      vertex 5.32659 37.065 9.5
      vertex 5.67157 36.6716 2.5
      vertex 5.67157 36.6716 9.5
    endloop
  endfacet
  facet normal 0.195131 -0.980777 0
    outer loop
      vertex 9.0221 35.5342 2.5
      vertex 9.53528 35.6363 9.5
      vertex 9.0221 35.5342 9.5
    endloop
  endfacet
  facet normal 0.195131 -0.980777 0
    outer loop
      vertex 9.53528 35.6363 9.5
      vertex 9.0221 35.5342 2.5
      vertex 9.53528 35.6363 2.5
    endloop
  endfacet
  facet normal -0.44226 0.896887 0
    outer loop
      vertex 6.96927 43.1955 2.5
      vertex 6.5 42.9641 9.5
      vertex 6.96927 43.1955 9.5
    endloop
  endfacet
  facet normal -0.44226 0.896887 0
    outer loop
      vertex 6.5 42.9641 9.5
      vertex 6.96927 43.1955 2.5
      vertex 6.5 42.9641 2.5
    endloop
  endfacet
  facet normal -0.321469 -0.94692 0
    outer loop
      vertex 6.96927 35.8045 2.5
      vertex 7.46472 35.6363 9.5
      vertex 6.96927 35.8045 9.5
    endloop
  endfacet
  facet normal -0.321469 -0.94692 -0
    outer loop
      vertex 7.46472 35.6363 9.5
      vertex 6.96927 35.8045 2.5
      vertex 7.46472 35.6363 2.5
    endloop
  endfacet
  facet normal 0.980779 -0.195124 0
    outer loop
      vertex 12.3637 38.4647 9.5
      vertex 12.4658 38.9779 2.5
      vertex 12.4658 38.9779 9.5
    endloop
  endfacet
  facet normal 0.980779 -0.195124 0
    outer loop
      vertex 12.4658 38.9779 2.5
      vertex 12.3637 38.4647 9.5
      vertex 12.3637 38.4647 2.5
    endloop
  endfacet
  facet normal -0.751861 0.659321 0
    outer loop
      vertex 5.32659 41.935 2.5
      vertex 5.67157 42.3284 9.5
      vertex 5.67157 42.3284 2.5
    endloop
  endfacet
  facet normal -0.751861 0.659321 0
    outer loop
      vertex 5.67157 42.3284 9.5
      vertex 5.32659 41.935 2.5
      vertex 5.32659 41.935 9.5
    endloop
  endfacet
  facet normal 0.831432 -0.555626 0
    outer loop
      vertex 11.6734 37.065 9.5
      vertex 11.9641 37.5 2.5
      vertex 11.9641 37.5 9.5
    endloop
  endfacet
  facet normal 0.831432 -0.555626 0
    outer loop
      vertex 11.9641 37.5 2.5
      vertex 11.6734 37.065 9.5
      vertex 11.6734 37.065 2.5
    endloop
  endfacet
  facet normal -0.321469 0.94692 0
    outer loop
      vertex 7.46472 43.3637 2.5
      vertex 6.96927 43.1955 9.5
      vertex 7.46472 43.3637 9.5
    endloop
  endfacet
  facet normal -0.321469 0.94692 0
    outer loop
      vertex 6.96927 43.1955 9.5
      vertex 7.46472 43.3637 2.5
      vertex 6.96927 43.1955 2.5
    endloop
  endfacet
  facet normal -0.980786 -0.195087 0
    outer loop
      vertex 4.6363 38.4647 2.5
      vertex 4.53422 38.9779 9.5
      vertex 4.53422 38.9779 2.5
    endloop
  endfacet
  facet normal -0.980786 -0.195087 0
    outer loop
      vertex 4.53422 38.9779 9.5
      vertex 4.6363 38.4647 2.5
      vertex 4.6363 38.4647 9.5
    endloop
  endfacet
  facet normal -0.195131 -0.980777 0
    outer loop
      vertex 7.46472 35.6363 2.5
      vertex 7.9779 35.5342 9.5
      vertex 7.46472 35.6363 9.5
    endloop
  endfacet
  facet normal -0.195131 -0.980777 -0
    outer loop
      vertex 7.9779 35.5342 9.5
      vertex 7.46472 35.6363 2.5
      vertex 7.9779 35.5342 2.5
    endloop
  endfacet
  facet normal 0.555626 0.831432 -0
    outer loop
      vertex 10.935 42.6734 2.5
      vertex 10.5 42.9641 9.5
      vertex 10.935 42.6734 9.5
    endloop
  endfacet
  facet normal 0.555626 0.831432 0
    outer loop
      vertex 10.5 42.9641 9.5
      vertex 10.935 42.6734 2.5
      vertex 10.5 42.9641 2.5
    endloop
  endfacet
  facet normal 0.94691 -0.321498 0
    outer loop
      vertex 12.1955 37.9693 9.5
      vertex 12.3637 38.4647 2.5
      vertex 12.3637 38.4647 9.5
    endloop
  endfacet
  facet normal 0.94691 -0.321498 0
    outer loop
      vertex 12.3637 38.4647 2.5
      vertex 12.1955 37.9693 9.5
      vertex 12.1955 37.9693 2.5
    endloop
  endfacet
  facet normal 0.0653646 -0.997861 0
    outer loop
      vertex 8.5 35.5 2.5
      vertex 9.0221 35.5342 9.5
      vertex 8.5 35.5 9.5
    endloop
  endfacet
  facet normal 0.0653646 -0.997861 0
    outer loop
      vertex 9.0221 35.5342 9.5
      vertex 8.5 35.5 2.5
      vertex 9.0221 35.5342 2.5
    endloop
  endfacet
  facet normal 0.751842 -0.659343 0
    outer loop
      vertex 11.3284 36.6716 9.5
      vertex 11.6734 37.065 2.5
      vertex 11.6734 37.065 9.5
    endloop
  endfacet
  facet normal 0.751842 -0.659343 0
    outer loop
      vertex 11.6734 37.065 2.5
      vertex 11.3284 36.6716 9.5
      vertex 11.3284 36.6716 2.5
    endloop
  endfacet
  facet normal -0.0653646 0.997861 0
    outer loop
      vertex 8.5 43.5 2.5
      vertex 7.9779 43.4658 9.5
      vertex 8.5 43.5 9.5
    endloop
  endfacet
  facet normal -0.0653646 0.997861 0
    outer loop
      vertex 7.9779 43.4658 9.5
      vertex 8.5 43.5 2.5
      vertex 7.9779 43.4658 2.5
    endloop
  endfacet
  facet normal 0.555626 -0.831432 0
    outer loop
      vertex 10.5 36.0359 2.5
      vertex 10.935 36.3266 9.5
      vertex 10.5 36.0359 9.5
    endloop
  endfacet
  facet normal 0.555626 -0.831432 0
    outer loop
      vertex 10.935 36.3266 9.5
      vertex 10.5 36.0359 2.5
      vertex 10.935 36.3266 2.5
    endloop
  endfacet
  facet normal -0.659362 -0.751826 0
    outer loop
      vertex 5.67157 36.6716 2.5
      vertex 6.06495 36.3266 9.5
      vertex 5.67157 36.6716 9.5
    endloop
  endfacet
  facet normal -0.659362 -0.751826 -0
    outer loop
      vertex 6.06495 36.3266 9.5
      vertex 5.67157 36.6716 2.5
      vertex 6.06495 36.3266 2.5
    endloop
  endfacet
  facet normal 0.659343 0.751842 -0
    outer loop
      vertex 11.3284 42.3284 2.5
      vertex 10.935 42.6734 9.5
      vertex 11.3284 42.3284 9.5
    endloop
  endfacet
  facet normal 0.659343 0.751842 0
    outer loop
      vertex 10.935 42.6734 9.5
      vertex 11.3284 42.3284 2.5
      vertex 10.935 42.6734 2.5
    endloop
  endfacet
  facet normal -0.555582 -0.831462 0
    outer loop
      vertex 6.06495 36.3266 2.5
      vertex 6.5 36.0359 9.5
      vertex 6.06495 36.3266 9.5
    endloop
  endfacet
  facet normal -0.555582 -0.831462 -0
    outer loop
      vertex 6.5 36.0359 9.5
      vertex 6.06495 36.3266 2.5
      vertex 6.5 36.0359 2.5
    endloop
  endfacet
  facet normal -0.896883 0.442268 0
    outer loop
      vertex 4.80448 41.0307 2.5
      vertex 5.0359 41.5 9.5
      vertex 5.0359 41.5 2.5
    endloop
  endfacet
  facet normal -0.896883 0.442268 0
    outer loop
      vertex 5.0359 41.5 9.5
      vertex 4.80448 41.0307 2.5
      vertex 4.80448 41.0307 9.5
    endloop
  endfacet
  facet normal 0.0653646 0.997861 -0
    outer loop
      vertex 9.0221 43.4658 2.5
      vertex 8.5 43.5 9.5
      vertex 9.0221 43.4658 9.5
    endloop
  endfacet
  facet normal 0.0653646 0.997861 0
    outer loop
      vertex 8.5 43.5 9.5
      vertex 9.0221 43.4658 2.5
      vertex 8.5 43.5 2.5
    endloop
  endfacet
  facet normal 0.997861 -0.0653646 0
    outer loop
      vertex 12.4658 38.9779 9.5
      vertex 12.5 39.5 2.5
      vertex 12.5 39.5 9.5
    endloop
  endfacet
  facet normal 0.997861 -0.0653646 0
    outer loop
      vertex 12.5 39.5 2.5
      vertex 12.4658 38.9779 9.5
      vertex 12.4658 38.9779 2.5
    endloop
  endfacet
  facet normal -0.195131 0.980777 0
    outer loop
      vertex 7.9779 43.4658 2.5
      vertex 7.46472 43.3637 9.5
      vertex 7.9779 43.4658 9.5
    endloop
  endfacet
  facet normal -0.195131 0.980777 0
    outer loop
      vertex 7.46472 43.3637 9.5
      vertex 7.9779 43.4658 2.5
      vertex 7.46472 43.3637 2.5
    endloop
  endfacet
  facet normal -0.555582 0.831462 0
    outer loop
      vertex 6.5 42.9641 2.5
      vertex 6.06495 42.6734 9.5
      vertex 6.5 42.9641 9.5
    endloop
  endfacet
  facet normal -0.555582 0.831462 0
    outer loop
      vertex 6.06495 42.6734 9.5
      vertex 6.5 42.9641 2.5
      vertex 6.06495 42.6734 2.5
    endloop
  endfacet
  facet normal -0.0653646 -0.997861 0
    outer loop
      vertex 7.9779 35.5342 2.5
      vertex 8.5 35.5 9.5
      vertex 7.9779 35.5342 9.5
    endloop
  endfacet
  facet normal -0.0653646 -0.997861 -0
    outer loop
      vertex 8.5 35.5 9.5
      vertex 7.9779 35.5342 2.5
      vertex 8.5 35.5 2.5
    endloop
  endfacet
  facet normal 0.896898 -0.442238 0
    outer loop
      vertex 11.9641 37.5 9.5
      vertex 12.1955 37.9693 2.5
      vertex 12.1955 37.9693 9.5
    endloop
  endfacet
  facet normal 0.896898 -0.442238 0
    outer loop
      vertex 12.1955 37.9693 2.5
      vertex 11.9641 37.5 9.5
      vertex 11.9641 37.5 2.5
    endloop
  endfacet
  facet normal -0.946922 0.321464 0
    outer loop
      vertex 4.6363 40.5353 2.5
      vertex 4.80448 41.0307 9.5
      vertex 4.80448 41.0307 2.5
    endloop
  endfacet
  facet normal -0.946922 0.321464 0
    outer loop
      vertex 4.80448 41.0307 9.5
      vertex 4.6363 40.5353 2.5
      vertex 4.6363 40.5353 9.5
    endloop
  endfacet
  facet normal -0.946922 -0.321464 0
    outer loop
      vertex 4.80448 37.9693 2.5
      vertex 4.6363 38.4647 9.5
      vertex 4.6363 38.4647 2.5
    endloop
  endfacet
  facet normal -0.946922 -0.321464 0
    outer loop
      vertex 4.6363 38.4647 9.5
      vertex 4.80448 37.9693 2.5
      vertex 4.80448 37.9693 9.5
    endloop
  endfacet
  facet normal -0.831441 0.555613 0
    outer loop
      vertex 5.0359 41.5 2.5
      vertex 5.32659 41.935 9.5
      vertex 5.32659 41.935 2.5
    endloop
  endfacet
  facet normal -0.831441 0.555613 0
    outer loop
      vertex 5.32659 41.935 9.5
      vertex 5.0359 41.5 2.5
      vertex 5.0359 41.5 9.5
    endloop
  endfacet
  facet normal 0.442238 -0.896898 0
    outer loop
      vertex 10.0307 35.8045 2.5
      vertex 10.5 36.0359 9.5
      vertex 10.0307 35.8045 9.5
    endloop
  endfacet
  facet normal 0.442238 -0.896898 0
    outer loop
      vertex 10.5 36.0359 9.5
      vertex 10.0307 35.8045 2.5
      vertex 10.5 36.0359 2.5
    endloop
  endfacet
  facet normal 0.321487 -0.946914 0
    outer loop
      vertex 9.53528 35.6363 2.5
      vertex 10.0307 35.8045 9.5
      vertex 9.53528 35.6363 9.5
    endloop
  endfacet
  facet normal 0.321487 -0.946914 0
    outer loop
      vertex 10.0307 35.8045 9.5
      vertex 9.53528 35.6363 2.5
      vertex 10.0307 35.8045 2.5
    endloop
  endfacet
  facet normal 0.659343 -0.751842 0
    outer loop
      vertex 10.935 36.3266 2.5
      vertex 11.3284 36.6716 9.5
      vertex 10.935 36.3266 9.5
    endloop
  endfacet
  facet normal 0.659343 -0.751842 0
    outer loop
      vertex 11.3284 36.6716 9.5
      vertex 10.935 36.3266 2.5
      vertex 11.3284 36.6716 2.5
    endloop
  endfacet
  facet normal -0.896883 -0.442268 0
    outer loop
      vertex 5.0359 37.5 2.5
      vertex 4.80448 37.9693 9.5
      vertex 4.80448 37.9693 2.5
    endloop
  endfacet
  facet normal -0.896883 -0.442268 0
    outer loop
      vertex 4.80448 37.9693 9.5
      vertex 5.0359 37.5 2.5
      vertex 5.0359 37.5 9.5
    endloop
  endfacet
  facet normal 0.195131 0.980777 -0
    outer loop
      vertex 9.53528 43.3637 2.5
      vertex 9.0221 43.4658 9.5
      vertex 9.53528 43.3637 9.5
    endloop
  endfacet
  facet normal 0.195131 0.980777 0
    outer loop
      vertex 9.0221 43.4658 9.5
      vertex 9.53528 43.3637 2.5
      vertex 9.0221 43.4658 2.5
    endloop
  endfacet
  facet normal -0.44226 -0.896887 0
    outer loop
      vertex 6.5 36.0359 2.5
      vertex 6.96927 35.8045 9.5
      vertex 6.5 36.0359 9.5
    endloop
  endfacet
  facet normal -0.44226 -0.896887 -0
    outer loop
      vertex 6.96927 35.8045 9.5
      vertex 6.5 36.0359 2.5
      vertex 6.96927 35.8045 2.5
    endloop
  endfacet
  facet normal -0.831441 -0.555613 0
    outer loop
      vertex 5.32659 37.065 2.5
      vertex 5.0359 37.5 9.5
      vertex 5.0359 37.5 2.5
    endloop
  endfacet
  facet normal -0.831441 -0.555613 0
    outer loop
      vertex 5.0359 37.5 9.5
      vertex 5.32659 37.065 2.5
      vertex 5.32659 37.065 9.5
    endloop
  endfacet
  facet normal 0 0 1
    outer loop
      vertex 12.4658 40.0221 9.5
      vertex 12.4658 38.9779 9.5
      vertex 12.5 39.5 9.5
    endloop
  endfacet
  facet normal 0 0 1
    outer loop
      vertex 12.3637 40.5353 9.5
      vertex 12.4658 38.9779 9.5
      vertex 12.4658 40.0221 9.5
    endloop
  endfacet
  facet normal 0 0 1
    outer loop
      vertex 12.3637 40.5353 9.5
      vertex 12.3637 38.4647 9.5
      vertex 12.4658 38.9779 9.5
    endloop
  endfacet
  facet normal 0 0 1
    outer loop
      vertex 12.1955 41.0307 9.5
      vertex 12.3637 38.4647 9.5
      vertex 12.3637 40.5353 9.5
    endloop
  endfacet
  facet normal 0 0 1
    outer loop
      vertex 12.1955 41.0307 9.5
      vertex 12.1955 37.9693 9.5
      vertex 12.3637 38.4647 9.5
    endloop
  endfacet
  facet normal 0 0 1
    outer loop
      vertex 11.9641 41.5 9.5
      vertex 12.1955 37.9693 9.5
      vertex 12.1955 41.0307 9.5
    endloop
  endfacet
  facet normal 0 0 1
    outer loop
      vertex 11.9641 41.5 9.5
      vertex 11.9641 37.5 9.5
      vertex 12.1955 37.9693 9.5
    endloop
  endfacet
  facet normal 0 0 1
    outer loop
      vertex 11.6734 41.935 9.5
      vertex 11.9641 37.5 9.5
      vertex 11.9641 41.5 9.5
    endloop
  endfacet
  facet normal 0 0 1
    outer loop
      vertex 11.6734 41.935 9.5
      vertex 11.6734 37.065 9.5
      vertex 11.9641 37.5 9.5
    endloop
  endfacet
  facet normal 0 0 1
    outer loop
      vertex 11.3284 42.3284 9.5
      vertex 11.6734 37.065 9.5
      vertex 11.6734 41.935 9.5
    endloop
  endfacet
  facet normal 0 0 1
    outer loop
      vertex 11.3284 42.3284 9.5
      vertex 11.3284 36.6716 9.5
      vertex 11.6734 37.065 9.5
    endloop
  endfacet
  facet normal 0 0 1
    outer loop
      vertex 10.935 42.6734 9.5
      vertex 11.3284 36.6716 9.5
      vertex 11.3284 42.3284 9.5
    endloop
  endfacet
  facet normal 0 0 1
    outer loop
      vertex 10.935 42.6734 9.5
      vertex 10.935 36.3266 9.5
      vertex 11.3284 36.6716 9.5
    endloop
  endfacet
  facet normal 0 0 1
    outer loop
      vertex 10.5 42.9641 9.5
      vertex 10.935 36.3266 9.5
      vertex 10.935 42.6734 9.5
    endloop
  endfacet
  facet normal 0 0 1
    outer loop
      vertex 10.5 42.9641 9.5
      vertex 10.5 36.0359 9.5
      vertex 10.935 36.3266 9.5
    endloop
  endfacet
  facet normal 0 0 1
    outer loop
      vertex 10.0307 43.1955 9.5
      vertex 10.5 36.0359 9.5
      vertex 10.5 42.9641 9.5
    endloop
  endfacet
  facet normal 0 0 1
    outer loop
      vertex 10.0307 43.1955 9.5
      vertex 10.0307 35.8045 9.5
      vertex 10.5 36.0359 9.5
    endloop
  endfacet
  facet normal 0 0 1
    outer loop
      vertex 9.53528 43.3637 9.5
      vertex 10.0307 35.8045 9.5
      vertex 10.0307 43.1955 9.5
    endloop
  endfacet
  facet normal 0 0 1
    outer loop
      vertex 9.53528 43.3637 9.5
      vertex 9.53528 35.6363 9.5
      vertex 10.0307 35.8045 9.5
    endloop
  endfacet
  facet normal 0 0 1
    outer loop
      vertex 9.0221 43.4658 9.5
      vertex 9.53528 35.6363 9.5
      vertex 9.53528 43.3637 9.5
    endloop
  endfacet
  facet normal 0 0 1
    outer loop
      vertex 9.0221 43.4658 9.5
      vertex 9.0221 35.5342 9.5
      vertex 9.53528 35.6363 9.5
    endloop
  endfacet
  facet normal 0 0 1
    outer loop
      vertex 8.5 43.5 9.5
      vertex 9.0221 35.5342 9.5
      vertex 9.0221 43.4658 9.5
    endloop
  endfacet
  facet normal 0 0 1
    outer loop
      vertex 8.5 43.5 9.5
      vertex 8.5 35.5 9.5
      vertex 9.0221 35.5342 9.5
    endloop
  endfacet
  facet normal -0 0 1
    outer loop
      vertex 7.9779 43.4658 9.5
      vertex 8.5 35.5 9.5
      vertex 8.5 43.5 9.5
    endloop
  endfacet
  facet normal 0 0 1
    outer loop
      vertex 7.9779 43.4658 9.5
      vertex 7.9779 35.5342 9.5
      vertex 8.5 35.5 9.5
    endloop
  endfacet
  facet normal -0 0 1
    outer loop
      vertex 7.46472 43.3637 9.5
      vertex 7.9779 35.5342 9.5
      vertex 7.9779 43.4658 9.5
    endloop
  endfacet
  facet normal 0 0 1
    outer loop
      vertex 7.46472 43.3637 9.5
      vertex 7.46472 35.6363 9.5
      vertex 7.9779 35.5342 9.5
    endloop
  endfacet
  facet normal -0 0 1
    outer loop
      vertex 6.96927 43.1955 9.5
      vertex 7.46472 35.6363 9.5
      vertex 7.46472 43.3637 9.5
    endloop
  endfacet
  facet normal 0 0 1
    outer loop
      vertex 6.96927 43.1955 9.5
      vertex 6.96927 35.8045 9.5
      vertex 7.46472 35.6363 9.5
    endloop
  endfacet
  facet normal -0 0 1
    outer loop
      vertex 6.5 42.9641 9.5
      vertex 6.96927 35.8045 9.5
      vertex 6.96927 43.1955 9.5
    endloop
  endfacet
  facet normal 0 0 1
    outer loop
      vertex 6.5 42.9641 9.5
      vertex 6.5 36.0359 9.5
      vertex 6.96927 35.8045 9.5
    endloop
  endfacet
  facet normal -0 0 1
    outer loop
      vertex 6.06495 42.6734 9.5
      vertex 6.5 36.0359 9.5
      vertex 6.5 42.9641 9.5
    endloop
  endfacet
  facet normal 0 0 1
    outer loop
      vertex 6.06495 42.6734 9.5
      vertex 6.06495 36.3266 9.5
      vertex 6.5 36.0359 9.5
    endloop
  endfacet
  facet normal -0 0 1
    outer loop
      vertex 5.67157 42.3284 9.5
      vertex 6.06495 36.3266 9.5
      vertex 6.06495 42.6734 9.5
    endloop
  endfacet
  facet normal 0 0 1
    outer loop
      vertex 5.67157 42.3284 9.5
      vertex 5.67157 36.6716 9.5
      vertex 6.06495 36.3266 9.5
    endloop
  endfacet
  facet normal -0 0 1
    outer loop
      vertex 5.32659 41.935 9.5
      vertex 5.67157 36.6716 9.5
      vertex 5.67157 42.3284 9.5
    endloop
  endfacet
  facet normal 0 0 1
    outer loop
      vertex 5.32659 41.935 9.5
      vertex 5.32659 37.065 9.5
      vertex 5.67157 36.6716 9.5
    endloop
  endfacet
  facet normal -0 0 1
    outer loop
      vertex 5.0359 41.5 9.5
      vertex 5.32659 37.065 9.5
      vertex 5.32659 41.935 9.5
    endloop
  endfacet
  facet normal 0 0 1
    outer loop
      vertex 5.0359 41.5 9.5
      vertex 5.0359 37.5 9.5
      vertex 5.32659 37.065 9.5
    endloop
  endfacet
  facet normal -0 0 1
    outer loop
      vertex 4.80448 41.0307 9.5
      vertex 5.0359 37.5 9.5
      vertex 5.0359 41.5 9.5
    endloop
  endfacet
  facet normal 0 0 1
    outer loop
      vertex 4.80448 41.0307 9.5
      vertex 4.80448 37.9693 9.5
      vertex 5.0359 37.5 9.5
    endloop
  endfacet
  facet normal -0 0 1
    outer loop
      vertex 4.6363 40.5353 9.5
      vertex 4.80448 37.9693 9.5
      vertex 4.80448 41.0307 9.5
    endloop
  endfacet
  facet normal 0 0 1
    outer loop
      vertex 4.6363 40.5353 9.5
      vertex 4.6363 38.4647 9.5
      vertex 4.80448 37.9693 9.5
    endloop
  endfacet
  facet normal -0 0 1
    outer loop
      vertex 4.53422 40.0221 9.5
      vertex 4.6363 38.4647 9.5
      vertex 4.6363 40.5353 9.5
    endloop
  endfacet
  facet normal 0 0 1
    outer loop
      vertex 4.53422 40.0221 9.5
      vertex 4.53422 38.9779 9.5
      vertex 4.6363 38.4647 9.5
    endloop
  endfacet
  facet normal 0 -0 1
    outer loop
      vertex 4.53422 38.9779 9.5
      vertex 4.53422 40.0221 9.5
      vertex 4.5 39.5 9.5
    endloop
  endfacet
  facet normal -0.751868 0.659314 0
    outer loop
      vertex 9.98492 38.0151 2.5
      vertex 10.166 38.2216 8
      vertex 10.166 38.2216 2.5
    endloop
  endfacet
  facet normal -0.751868 0.659314 0
    outer loop
      vertex 10.166 38.2216 8
      vertex 9.98492 38.0151 2.5
      vertex 9.98492 38.0151 8
    endloop
  endfacet
  facet normal -0.980776 -0.195136 0
    outer loop
      vertex 10.582 39.7741 2.5
      vertex 10.5284 40.0435 8
      vertex 10.5284 40.0435 2.5
    endloop
  endfacet
  facet normal -0.980776 -0.195136 0
    outer loop
      vertex 10.5284 40.0435 8
      vertex 10.582 39.7741 2.5
      vertex 10.582 39.7741 8
    endloop
  endfacet
  facet normal -0.997851 -0.0655283 0
    outer loop
      vertex 10.6 39.5 2.5
      vertex 10.582 39.7741 8
      vertex 10.582 39.7741 2.5
    endloop
  endfacet
  facet normal -0.997851 -0.0655283 0
    outer loop
      vertex 10.582 39.7741 8
      vertex 10.6 39.5 2.5
      vertex 10.6 39.5 8
    endloop
  endfacet
  facet normal -0.946921 -0.321465 0
    outer loop
      vertex 10.5284 40.0435 2.5
      vertex 10.4401 40.3036 8
      vertex 10.4401 40.3036 2.5
    endloop
  endfacet
  facet normal -0.946921 -0.321465 0
    outer loop
      vertex 10.4401 40.3036 8
      vertex 10.5284 40.0435 2.5
      vertex 10.5284 40.0435 8
    endloop
  endfacet
  facet normal -0.831322 -0.555792 0
    outer loop
      vertex 10.3187 40.55 2.5
      vertex 10.166 40.7784 8
      vertex 10.166 40.7784 2.5
    endloop
  endfacet
  facet normal -0.831322 -0.555792 0
    outer loop
      vertex 10.166 40.7784 8
      vertex 10.3187 40.55 2.5
      vertex 10.3187 40.55 8
    endloop
  endfacet
  facet normal 0.555792 0.831322 -0
    outer loop
      vertex 7.45 37.6813 2.5
      vertex 7.2216 37.834 8
      vertex 7.45 37.6813 8
    endloop
  endfacet
  facet normal 0.555792 0.831322 0
    outer loop
      vertex 7.2216 37.834 8
      vertex 7.45 37.6813 2.5
      vertex 7.2216 37.834 2.5
    endloop
  endfacet
  facet normal -0.195122 -0.980779 0
    outer loop
      vertex 8.7741 41.582 2.5
      vertex 9.04352 41.5284 8
      vertex 8.7741 41.582 8
    endloop
  endfacet
  facet normal -0.195122 -0.980779 -0
    outer loop
      vertex 9.04352 41.5284 8
      vertex 8.7741 41.582 2.5
      vertex 9.04352 41.5284 2.5
    endloop
  endfacet
  facet normal -0.997851 0.0655283 0
    outer loop
      vertex 10.582 39.2259 2.5
      vertex 10.6 39.5 8
      vertex 10.6 39.5 2.5
    endloop
  endfacet
  facet normal -0.997851 0.0655283 0
    outer loop
      vertex 10.6 39.5 8
      vertex 10.582 39.2259 2.5
      vertex 10.582 39.2259 8
    endloop
  endfacet
  facet normal -0.897033 -0.441964 0
    outer loop
      vertex 10.4401 40.3036 2.5
      vertex 10.3187 40.55 8
      vertex 10.3187 40.55 2.5
    endloop
  endfacet
  facet normal -0.897033 -0.441964 0
    outer loop
      vertex 10.3187 40.55 8
      vertex 10.4401 40.3036 2.5
      vertex 10.4401 40.3036 8
    endloop
  endfacet
  facet normal 0.946932 0.321433 0
    outer loop
      vertex 6.55985 38.6964 8
      vertex 6.47156 38.9565 2.5
      vertex 6.47156 38.9565 8
    endloop
  endfacet
  facet normal 0.946932 0.321433 0
    outer loop
      vertex 6.47156 38.9565 2.5
      vertex 6.55985 38.6964 8
      vertex 6.55985 38.6964 2.5
    endloop
  endfacet
  facet normal 0.980783 -0.195101 0
    outer loop
      vertex 6.41797 39.7741 8
      vertex 6.47156 40.0435 2.5
      vertex 6.47156 40.0435 8
    endloop
  endfacet
  facet normal 0.980783 -0.195101 0
    outer loop
      vertex 6.47156 40.0435 2.5
      vertex 6.41797 39.7741 8
      vertex 6.41797 39.7741 2.5
    endloop
  endfacet
  facet normal 0.659319 0.751864 -0
    outer loop
      vertex 7.2216 37.834 2.5
      vertex 7.01508 38.0151 8
      vertex 7.2216 37.834 8
    endloop
  endfacet
  facet normal 0.659319 0.751864 0
    outer loop
      vertex 7.01508 38.0151 8
      vertex 7.2216 37.834 2.5
      vertex 7.01508 38.0151 2.5
    endloop
  endfacet
  facet normal 0.195122 -0.980779 0
    outer loop
      vertex 7.95648 41.5284 2.5
      vertex 8.2259 41.582 8
      vertex 7.95648 41.5284 8
    endloop
  endfacet
  facet normal 0.195122 -0.980779 0
    outer loop
      vertex 8.2259 41.582 8
      vertex 7.95648 41.5284 2.5
      vertex 8.2259 41.582 2.5
    endloop
  endfacet
  facet normal -0.195122 0.980779 0
    outer loop
      vertex 9.04352 37.4716 2.5
      vertex 8.7741 37.418 8
      vertex 9.04352 37.4716 8
    endloop
  endfacet
  facet normal -0.195122 0.980779 0
    outer loop
      vertex 8.7741 37.418 8
      vertex 9.04352 37.4716 2.5
      vertex 8.7741 37.418 2.5
    endloop
  endfacet
  facet normal -0.442007 0.897012 0
    outer loop
      vertex 9.55 37.6813 2.5
      vertex 9.30363 37.5599 8
      vertex 9.55 37.6813 8
    endloop
  endfacet
  facet normal -0.442007 0.897012 0
    outer loop
      vertex 9.30363 37.5599 8
      vertex 9.55 37.6813 2.5
      vertex 9.30363 37.5599 2.5
    endloop
  endfacet
  facet normal 0.831473 -0.555565 0
    outer loop
      vertex 6.68135 40.55 8
      vertex 6.83396 40.7784 2.5
      vertex 6.83396 40.7784 8
    endloop
  endfacet
  facet normal 0.831473 -0.555565 0
    outer loop
      vertex 6.83396 40.7784 2.5
      vertex 6.68135 40.55 8
      vertex 6.68135 40.55 2.5
    endloop
  endfacet
  facet normal -0.555792 -0.831322 0
    outer loop
      vertex 9.55 41.3187 2.5
      vertex 9.7784 41.166 8
      vertex 9.55 41.3187 8
    endloop
  endfacet
  facet normal -0.555792 -0.831322 -0
    outer loop
      vertex 9.7784 41.166 8
      vertex 9.55 41.3187 2.5
      vertex 9.7784 41.166 2.5
    endloop
  endfacet
  facet normal 0 0 -1
    outer loop
      vertex 10.582 39.2259 8
      vertex 10.582 39.7741 8
      vertex 10.6 39.5 8
    endloop
  endfacet
  facet normal 0 0 -1
    outer loop
      vertex 10.5284 38.9565 8
      vertex 10.582 39.7741 8
      vertex 10.582 39.2259 8
    endloop
  endfacet
  facet normal 0 0 -1
    outer loop
      vertex 10.5284 38.9565 8
      vertex 10.5284 40.0435 8
      vertex 10.582 39.7741 8
    endloop
  endfacet
  facet normal 0 0 -1
    outer loop
      vertex 10.4401 38.6964 8
      vertex 10.5284 40.0435 8
      vertex 10.5284 38.9565 8
    endloop
  endfacet
  facet normal 0 0 -1
    outer loop
      vertex 10.4401 38.6964 8
      vertex 10.4401 40.3036 8
      vertex 10.5284 40.0435 8
    endloop
  endfacet
  facet normal 0 0 -1
    outer loop
      vertex 10.3187 38.45 8
      vertex 10.4401 40.3036 8
      vertex 10.4401 38.6964 8
    endloop
  endfacet
  facet normal 0 0 -1
    outer loop
      vertex 10.3187 38.45 8
      vertex 10.3187 40.55 8
      vertex 10.4401 40.3036 8
    endloop
  endfacet
  facet normal 0 0 -1
    outer loop
      vertex 10.166 38.2216 8
      vertex 10.3187 40.55 8
      vertex 10.3187 38.45 8
    endloop
  endfacet
  facet normal 0 0 -1
    outer loop
      vertex 10.166 38.2216 8
      vertex 10.166 40.7784 8
      vertex 10.3187 40.55 8
    endloop
  endfacet
  facet normal 0 0 -1
    outer loop
      vertex 9.98492 38.0151 8
      vertex 10.166 40.7784 8
      vertex 10.166 38.2216 8
    endloop
  endfacet
  facet normal 0 0 -1
    outer loop
      vertex 9.98492 38.0151 8
      vertex 9.98492 40.9849 8
      vertex 10.166 40.7784 8
    endloop
  endfacet
  facet normal 0 0 -1
    outer loop
      vertex 9.7784 37.834 8
      vertex 9.98492 40.9849 8
      vertex 9.98492 38.0151 8
    endloop
  endfacet
  facet normal 0 0 -1
    outer loop
      vertex 9.7784 37.834 8
      vertex 9.7784 41.166 8
      vertex 9.98492 40.9849 8
    endloop
  endfacet
  facet normal 0 0 -1
    outer loop
      vertex 9.55 37.6813 8
      vertex 9.7784 41.166 8
      vertex 9.7784 37.834 8
    endloop
  endfacet
  facet normal 0 0 -1
    outer loop
      vertex 9.55 37.6813 8
      vertex 9.55 41.3187 8
      vertex 9.7784 41.166 8
    endloop
  endfacet
  facet normal 0 0 -1
    outer loop
      vertex 9.30363 37.5599 8
      vertex 9.55 41.3187 8
      vertex 9.55 37.6813 8
    endloop
  endfacet
  facet normal 0 0 -1
    outer loop
      vertex 9.30363 37.5599 8
      vertex 9.30363 41.4401 8
      vertex 9.55 41.3187 8
    endloop
  endfacet
  facet normal 0 0 -1
    outer loop
      vertex 9.04352 37.4716 8
      vertex 9.30363 41.4401 8
      vertex 9.30363 37.5599 8
    endloop
  endfacet
  facet normal 0 0 -1
    outer loop
      vertex 9.04352 37.4716 8
      vertex 9.04352 41.5284 8
      vertex 9.30363 41.4401 8
    endloop
  endfacet
  facet normal 0 0 -1
    outer loop
      vertex 8.7741 37.418 8
      vertex 9.04352 41.5284 8
      vertex 9.04352 37.4716 8
    endloop
  endfacet
  facet normal 0 0 -1
    outer loop
      vertex 8.7741 37.418 8
      vertex 8.7741 41.582 8
      vertex 9.04352 41.5284 8
    endloop
  endfacet
  facet normal 0 0 -1
    outer loop
      vertex 8.5 37.4 8
      vertex 8.7741 41.582 8
      vertex 8.7741 37.418 8
    endloop
  endfacet
  facet normal 0 0 -1
    outer loop
      vertex 8.5 37.4 8
      vertex 8.5 41.6 8
      vertex 8.7741 41.582 8
    endloop
  endfacet
  facet normal 0 0 -1
    outer loop
      vertex 8.2259 37.418 8
      vertex 8.5 41.6 8
      vertex 8.5 37.4 8
    endloop
  endfacet
  facet normal 0 0 -1
    outer loop
      vertex 8.2259 37.418 8
      vertex 8.2259 41.582 8
      vertex 8.5 41.6 8
    endloop
  endfacet
  facet normal 0 0 -1
    outer loop
      vertex 7.95648 37.4716 8
      vertex 8.2259 41.582 8
      vertex 8.2259 37.418 8
    endloop
  endfacet
  facet normal 0 0 -1
    outer loop
      vertex 7.95648 37.4716 8
      vertex 7.95648 41.5284 8
      vertex 8.2259 41.582 8
    endloop
  endfacet
  facet normal 0 0 -1
    outer loop
      vertex 7.69637 37.5599 8
      vertex 7.95648 41.5284 8
      vertex 7.95648 37.4716 8
    endloop
  endfacet
  facet normal 0 0 -1
    outer loop
      vertex 7.69637 37.5599 8
      vertex 7.69637 41.4401 8
      vertex 7.95648 41.5284 8
    endloop
  endfacet
  facet normal 0 0 -1
    outer loop
      vertex 7.45 37.6813 8
      vertex 7.69637 41.4401 8
      vertex 7.69637 37.5599 8
    endloop
  endfacet
  facet normal 0 0 -1
    outer loop
      vertex 7.45 37.6813 8
      vertex 7.45 41.3187 8
      vertex 7.69637 41.4401 8
    endloop
  endfacet
  facet normal 0 0 -1
    outer loop
      vertex 7.2216 37.834 8
      vertex 7.45 41.3187 8
      vertex 7.45 37.6813 8
    endloop
  endfacet
  facet normal 0 0 -1
    outer loop
      vertex 7.2216 37.834 8
      vertex 7.2216 41.166 8
      vertex 7.45 41.3187 8
    endloop
  endfacet
  facet normal 0 0 -1
    outer loop
      vertex 7.01508 38.0151 8
      vertex 7.2216 41.166 8
      vertex 7.2216 37.834 8
    endloop
  endfacet
  facet normal 0 0 -1
    outer loop
      vertex 7.01508 38.0151 8
      vertex 7.01508 40.9849 8
      vertex 7.2216 41.166 8
    endloop
  endfacet
  facet normal 0 0 -1
    outer loop
      vertex 6.83396 38.2216 8
      vertex 7.01508 40.9849 8
      vertex 7.01508 38.0151 8
    endloop
  endfacet
  facet normal 0 0 -1
    outer loop
      vertex 6.83396 38.2216 8
      vertex 6.83396 40.7784 8
      vertex 7.01508 40.9849 8
    endloop
  endfacet
  facet normal 0 0 -1
    outer loop
      vertex 6.68135 38.45 8
      vertex 6.83396 40.7784 8
      vertex 6.83396 38.2216 8
    endloop
  endfacet
  facet normal 0 0 -1
    outer loop
      vertex 6.68135 38.45 8
      vertex 6.68135 40.55 8
      vertex 6.83396 40.7784 8
    endloop
  endfacet
  facet normal 0 0 -1
    outer loop
      vertex 6.55985 38.6964 8
      vertex 6.68135 40.55 8
      vertex 6.68135 38.45 8
    endloop
  endfacet
  facet normal 0 0 -1
    outer loop
      vertex 6.55985 38.6964 8
      vertex 6.55985 40.3036 8
      vertex 6.68135 40.55 8
    endloop
  endfacet
  facet normal 0 0 -1
    outer loop
      vertex 6.47156 38.9565 8
      vertex 6.55985 40.3036 8
      vertex 6.55985 38.6964 8
    endloop
  endfacet
  facet normal 0 0 -1
    outer loop
      vertex 6.47156 38.9565 8
      vertex 6.47156 40.0435 8
      vertex 6.55985 40.3036 8
    endloop
  endfacet
  facet normal 0 0 -1
    outer loop
      vertex 6.41797 39.2259 8
      vertex 6.47156 40.0435 8
      vertex 6.47156 38.9565 8
    endloop
  endfacet
  facet normal 0 0 -1
    outer loop
      vertex 6.41797 39.2259 8
      vertex 6.41797 39.7741 8
      vertex 6.47156 40.0435 8
    endloop
  endfacet
  facet normal 0 -0 -1
    outer loop
      vertex 6.41797 39.7741 8
      vertex 6.41797 39.2259 8
      vertex 6.4 39.5 8
    endloop
  endfacet
  facet normal -0.831322 0.555792 0
    outer loop
      vertex 10.166 38.2216 2.5
      vertex 10.3187 38.45 8
      vertex 10.3187 38.45 2.5
    endloop
  endfacet
  facet normal -0.831322 0.555792 0
    outer loop
      vertex 10.3187 38.45 8
      vertex 10.166 38.2216 2.5
      vertex 10.166 38.2216 8
    endloop
  endfacet
  facet normal -0.442007 -0.897012 0
    outer loop
      vertex 9.30363 41.4401 2.5
      vertex 9.55 41.3187 8
      vertex 9.30363 41.4401 8
    endloop
  endfacet
  facet normal -0.442007 -0.897012 -0
    outer loop
      vertex 9.55 41.3187 8
      vertex 9.30363 41.4401 2.5
      vertex 9.55 41.3187 2.5
    endloop
  endfacet
  facet normal -0.980776 0.195136 0
    outer loop
      vertex 10.5284 38.9565 2.5
      vertex 10.582 39.2259 8
      vertex 10.582 39.2259 2.5
    endloop
  endfacet
  facet normal -0.980776 0.195136 0
    outer loop
      vertex 10.582 39.2259 8
      vertex 10.5284 38.9565 2.5
      vertex 10.5284 38.9565 8
    endloop
  endfacet
  facet normal 0.321454 -0.946925 0
    outer loop
      vertex 7.69637 41.4401 2.5
      vertex 7.95648 41.5284 8
      vertex 7.69637 41.4401 8
    endloop
  endfacet
  facet normal 0.321454 -0.946925 0
    outer loop
      vertex 7.95648 41.5284 8
      vertex 7.69637 41.4401 2.5
      vertex 7.95648 41.5284 2.5
    endloop
  endfacet
  facet normal -0.659319 -0.751864 0
    outer loop
      vertex 9.7784 41.166 2.5
      vertex 9.98492 40.9849 8
      vertex 9.7784 41.166 8
    endloop
  endfacet
  facet normal -0.659319 -0.751864 -0
    outer loop
      vertex 9.98492 40.9849 8
      vertex 9.7784 41.166 2.5
      vertex 9.98492 40.9849 2.5
    endloop
  endfacet
  facet normal 0.442007 -0.897012 0
    outer loop
      vertex 7.45 41.3187 2.5
      vertex 7.69637 41.4401 8
      vertex 7.45 41.3187 8
    endloop
  endfacet
  facet normal 0.442007 -0.897012 0
    outer loop
      vertex 7.69637 41.4401 8
      vertex 7.45 41.3187 2.5
      vertex 7.69637 41.4401 2.5
    endloop
  endfacet
  facet normal 0.555792 -0.831322 0
    outer loop
      vertex 7.2216 41.166 2.5
      vertex 7.45 41.3187 8
      vertex 7.2216 41.166 8
    endloop
  endfacet
  facet normal 0.555792 -0.831322 0
    outer loop
      vertex 7.45 41.3187 8
      vertex 7.2216 41.166 2.5
      vertex 7.45 41.3187 2.5
    endloop
  endfacet
  facet normal -0.659319 0.751864 0
    outer loop
      vertex 9.98492 38.0151 2.5
      vertex 9.7784 37.834 8
      vertex 9.98492 38.0151 8
    endloop
  endfacet
  facet normal -0.659319 0.751864 0
    outer loop
      vertex 9.7784 37.834 8
      vertex 9.98492 38.0151 2.5
      vertex 9.7784 37.834 2.5
    endloop
  endfacet
  facet normal 0.751796 -0.659396 0
    outer loop
      vertex 6.83396 40.7784 8
      vertex 7.01508 40.9849 2.5
      vertex 7.01508 40.9849 8
    endloop
  endfacet
  facet normal 0.751796 -0.659396 0
    outer loop
      vertex 7.01508 40.9849 2.5
      vertex 6.83396 40.7784 8
      vertex 6.83396 40.7784 2.5
    endloop
  endfacet
  facet normal -0.0655283 -0.997851 0
    outer loop
      vertex 8.5 41.6 2.5
      vertex 8.7741 41.582 8
      vertex 8.5 41.6 8
    endloop
  endfacet
  facet normal -0.0655283 -0.997851 -0
    outer loop
      vertex 8.7741 41.582 8
      vertex 8.5 41.6 2.5
      vertex 8.7741 41.582 2.5
    endloop
  endfacet
  facet normal -0.321454 0.946925 0
    outer loop
      vertex 9.30363 37.5599 2.5
      vertex 9.04352 37.4716 8
      vertex 9.30363 37.5599 8
    endloop
  endfacet
  facet normal -0.321454 0.946925 0
    outer loop
      vertex 9.04352 37.4716 8
      vertex 9.30363 37.5599 2.5
      vertex 9.04352 37.4716 2.5
    endloop
  endfacet
  facet normal 0.321454 0.946925 -0
    outer loop
      vertex 7.95648 37.4716 2.5
      vertex 7.69637 37.5599 8
      vertex 7.95648 37.4716 8
    endloop
  endfacet
  facet normal 0.321454 0.946925 0
    outer loop
      vertex 7.69637 37.5599 8
      vertex 7.95648 37.4716 2.5
      vertex 7.69637 37.5599 2.5
    endloop
  endfacet
  facet normal 0.751796 0.659396 0
    outer loop
      vertex 7.01508 38.0151 8
      vertex 6.83396 38.2216 2.5
      vertex 6.83396 38.2216 8
    endloop
  endfacet
  facet normal 0.751796 0.659396 0
    outer loop
      vertex 6.83396 38.2216 2.5
      vertex 7.01508 38.0151 8
      vertex 7.01508 38.0151 2.5
    endloop
  endfacet
  facet normal 0.896889 -0.442256 0
    outer loop
      vertex 6.55985 40.3036 8
      vertex 6.68135 40.55 2.5
      vertex 6.68135 40.55 8
    endloop
  endfacet
  facet normal 0.896889 -0.442256 0
    outer loop
      vertex 6.68135 40.55 2.5
      vertex 6.55985 40.3036 8
      vertex 6.55985 40.3036 2.5
    endloop
  endfacet
  facet normal -0.897033 0.441964 0
    outer loop
      vertex 10.3187 38.45 2.5
      vertex 10.4401 38.6964 8
      vertex 10.4401 38.6964 2.5
    endloop
  endfacet
  facet normal -0.897033 0.441964 0
    outer loop
      vertex 10.4401 38.6964 8
      vertex 10.3187 38.45 2.5
      vertex 10.3187 38.45 8
    endloop
  endfacet
  facet normal 0.0655283 -0.997851 0
    outer loop
      vertex 8.2259 41.582 2.5
      vertex 8.5 41.6 8
      vertex 8.2259 41.582 8
    endloop
  endfacet
  facet normal 0.0655283 -0.997851 0
    outer loop
      vertex 8.5 41.6 8
      vertex 8.2259 41.582 2.5
      vertex 8.5 41.6 2.5
    endloop
  endfacet
  facet normal 0.946932 -0.321433 0
    outer loop
      vertex 6.47156 40.0435 8
      vertex 6.55985 40.3036 2.5
      vertex 6.55985 40.3036 8
    endloop
  endfacet
  facet normal 0.946932 -0.321433 0
    outer loop
      vertex 6.55985 40.3036 2.5
      vertex 6.47156 40.0435 8
      vertex 6.47156 40.0435 2.5
    endloop
  endfacet
  facet normal -0.321454 -0.946925 0
    outer loop
      vertex 9.04352 41.5284 2.5
      vertex 9.30363 41.4401 8
      vertex 9.04352 41.5284 8
    endloop
  endfacet
  facet normal -0.321454 -0.946925 -0
    outer loop
      vertex 9.30363 41.4401 8
      vertex 9.04352 41.5284 2.5
      vertex 9.30363 41.4401 2.5
    endloop
  endfacet
  facet normal -0.946921 0.321465 0
    outer loop
      vertex 10.4401 38.6964 2.5
      vertex 10.5284 38.9565 8
      vertex 10.5284 38.9565 2.5
    endloop
  endfacet
  facet normal -0.946921 0.321465 0
    outer loop
      vertex 10.5284 38.9565 8
      vertex 10.4401 38.6964 2.5
      vertex 10.4401 38.6964 8
    endloop
  endfacet
  facet normal 0.980783 0.195101 0
    outer loop
      vertex 6.47156 38.9565 8
      vertex 6.41797 39.2259 2.5
      vertex 6.41797 39.2259 8
    endloop
  endfacet
  facet normal 0.980783 0.195101 0
    outer loop
      vertex 6.41797 39.2259 2.5
      vertex 6.47156 38.9565 8
      vertex 6.47156 38.9565 2.5
    endloop
  endfacet
  facet normal -0.751868 -0.659314 0
    outer loop
      vertex 10.166 40.7784 2.5
      vertex 9.98492 40.9849 8
      vertex 9.98492 40.9849 2.5
    endloop
  endfacet
  facet normal -0.751868 -0.659314 0
    outer loop
      vertex 9.98492 40.9849 8
      vertex 10.166 40.7784 2.5
      vertex 10.166 40.7784 8
    endloop
  endfacet
  facet normal 0.659319 -0.751864 0
    outer loop
      vertex 7.01508 40.9849 2.5
      vertex 7.2216 41.166 8
      vertex 7.01508 40.9849 8
    endloop
  endfacet
  facet normal 0.659319 -0.751864 0
    outer loop
      vertex 7.2216 41.166 8
      vertex 7.01508 40.9849 2.5
      vertex 7.2216 41.166 2.5
    endloop
  endfacet
  facet normal 0.896889 0.442256 0
    outer loop
      vertex 6.68135 38.45 8
      vertex 6.55985 38.6964 2.5
      vertex 6.55985 38.6964 8
    endloop
  endfacet
  facet normal 0.896889 0.442256 0
    outer loop
      vertex 6.55985 38.6964 2.5
      vertex 6.68135 38.45 8
      vertex 6.68135 38.45 2.5
    endloop
  endfacet
  facet normal -0.0655283 0.997851 0
    outer loop
      vertex 8.7741 37.418 2.5
      vertex 8.5 37.4 8
      vertex 8.7741 37.418 8
    endloop
  endfacet
  facet normal -0.0655283 0.997851 0
    outer loop
      vertex 8.5 37.4 8
      vertex 8.7741 37.418 2.5
      vertex 8.5 37.4 2.5
    endloop
  endfacet
  facet normal 0.0655283 0.997851 -0
    outer loop
      vertex 8.5 37.4 2.5
      vertex 8.2259 37.418 8
      vertex 8.5 37.4 8
    endloop
  endfacet
  facet normal 0.0655283 0.997851 0
    outer loop
      vertex 8.2259 37.418 8
      vertex 8.5 37.4 2.5
      vertex 8.2259 37.418 2.5
    endloop
  endfacet
  facet normal 0.997858 -0.0654196 0
    outer loop
      vertex 6.4 39.5 8
      vertex 6.41797 39.7741 2.5
      vertex 6.41797 39.7741 8
    endloop
  endfacet
  facet normal 0.997858 -0.0654196 0
    outer loop
      vertex 6.41797 39.7741 2.5
      vertex 6.4 39.5 8
      vertex 6.4 39.5 2.5
    endloop
  endfacet
  facet normal 0.831473 0.555565 0
    outer loop
      vertex 6.83396 38.2216 8
      vertex 6.68135 38.45 2.5
      vertex 6.68135 38.45 8
    endloop
  endfacet
  facet normal 0.831473 0.555565 0
    outer loop
      vertex 6.68135 38.45 2.5
      vertex 6.83396 38.2216 8
      vertex 6.83396 38.2216 2.5
    endloop
  endfacet
  facet normal -0.555792 0.831322 0
    outer loop
      vertex 9.7784 37.834 2.5
      vertex 9.55 37.6813 8
      vertex 9.7784 37.834 8
    endloop
  endfacet
  facet normal -0.555792 0.831322 0
    outer loop
      vertex 9.55 37.6813 8
      vertex 9.7784 37.834 2.5
      vertex 9.55 37.6813 2.5
    endloop
  endfacet
  facet normal 0.997858 0.0654196 0
    outer loop
      vertex 6.41797 39.2259 8
      vertex 6.4 39.5 2.5
      vertex 6.4 39.5 8
    endloop
  endfacet
  facet normal 0.997858 0.0654196 0
    outer loop
      vertex 6.4 39.5 2.5
      vertex 6.41797 39.2259 8
      vertex 6.41797 39.2259 2.5
    endloop
  endfacet
  facet normal 0.195122 0.980779 -0
    outer loop
      vertex 8.2259 37.418 2.5
      vertex 7.95648 37.4716 8
      vertex 8.2259 37.418 8
    endloop
  endfacet
  facet normal 0.195122 0.980779 0
    outer loop
      vertex 7.95648 37.4716 8
      vertex 8.2259 37.418 2.5
      vertex 7.95648 37.4716 2.5
    endloop
  endfacet
  facet normal 0.442007 0.897012 -0
    outer loop
      vertex 7.69637 37.5599 2.5
      vertex 7.45 37.6813 8
      vertex 7.69637 37.5599 8
    endloop
  endfacet
  facet normal 0.442007 0.897012 0
    outer loop
      vertex 7.45 37.6813 8
      vertex 7.69637 37.5599 2.5
      vertex 7.45 37.6813 2.5
    endloop
  endfacet
  facet normal 0.321498 0.94691 -0
    outer loop
      vertex 50.2707 43.1955 2.5
      vertex 49.7753 43.3637 9.5
      vertex 50.2707 43.1955 9.5
    endloop
  endfacet
  facet normal 0.321498 0.94691 0
    outer loop
      vertex 49.7753 43.3637 9.5
      vertex 50.2707 43.1955 2.5
      vertex 49.7753 43.3637 2.5
    endloop
  endfacet
  facet normal 0.980779 0.195124 0
    outer loop
      vertex 52.7058 40.0221 9.5
      vertex 52.6037 40.5353 2.5
      vertex 52.6037 40.5353 9.5
    endloop
  endfacet
  facet normal 0.980779 0.195124 0
    outer loop
      vertex 52.6037 40.5353 2.5
      vertex 52.7058 40.0221 9.5
      vertex 52.7058 40.0221 2.5
    endloop
  endfacet
  facet normal 0.997861 0.0653646 0
    outer loop
      vertex 52.74 39.5 9.5
      vertex 52.7058 40.0221 2.5
      vertex 52.7058 40.0221 9.5
    endloop
  endfacet
  facet normal 0.997861 0.0653646 0
    outer loop
      vertex 52.7058 40.0221 2.5
      vertex 52.74 39.5 9.5
      vertex 52.74 39.5 2.5
    endloop
  endfacet
  facet normal 0.94691 0.321498 0
    outer loop
      vertex 52.6037 40.5353 9.5
      vertex 52.4355 41.0307 2.5
      vertex 52.4355 41.0307 9.5
    endloop
  endfacet
  facet normal 0.94691 0.321498 0
    outer loop
      vertex 52.4355 41.0307 2.5
      vertex 52.6037 40.5353 9.5
      vertex 52.6037 40.5353 2.5
    endloop
  endfacet
  facet normal 0.442238 0.896898 -0
    outer loop
      vertex 50.74 42.9641 2.5
      vertex 50.2707 43.1955 9.5
      vertex 50.74 42.9641 9.5
    endloop
  endfacet
  facet normal 0.442238 0.896898 0
    outer loop
      vertex 50.2707 43.1955 9.5
      vertex 50.74 42.9641 2.5
      vertex 50.2707 43.1955 2.5
    endloop
  endfacet
  facet normal -0.997861 -0.0653646 0
    outer loop
      vertex 44.7742 38.9779 2.5
      vertex 44.74 39.5 9.5
      vertex 44.74 39.5 2.5
    endloop
  endfacet
  facet normal -0.997861 -0.0653646 0
    outer loop
      vertex 44.74 39.5 9.5
      vertex 44.7742 38.9779 2.5
      vertex 44.7742 38.9779 9.5
    endloop
  endfacet
  facet normal 0.896898 0.442238 0
    outer loop
      vertex 52.4355 41.0307 9.5
      vertex 52.2041 41.5 2.5
      vertex 52.2041 41.5 9.5
    endloop
  endfacet
  facet normal 0.896898 0.442238 0
    outer loop
      vertex 52.2041 41.5 2.5
      vertex 52.4355 41.0307 9.5
      vertex 52.4355 41.0307 2.5
    endloop
  endfacet
  facet normal 0.831432 0.555626 0
    outer loop
      vertex 52.2041 41.5 9.5
      vertex 51.9134 41.935 2.5
      vertex 51.9134 41.935 9.5
    endloop
  endfacet
  facet normal 0.831432 0.555626 0
    outer loop
      vertex 51.9134 41.935 2.5
      vertex 52.2041 41.5 9.5
      vertex 52.2041 41.5 2.5
    endloop
  endfacet
  facet normal -0.659343 0.751842 0
    outer loop
      vertex 46.305 42.6734 2.5
      vertex 45.9116 42.3284 9.5
      vertex 46.305 42.6734 9.5
    endloop
  endfacet
  facet normal -0.659343 0.751842 0
    outer loop
      vertex 45.9116 42.3284 9.5
      vertex 46.305 42.6734 2.5
      vertex 45.9116 42.3284 2.5
    endloop
  endfacet
  facet normal 0.751842 0.659343 0
    outer loop
      vertex 51.9134 41.935 9.5
      vertex 51.5684 42.3284 2.5
      vertex 51.5684 42.3284 9.5
    endloop
  endfacet
  facet normal 0.751842 0.659343 0
    outer loop
      vertex 51.5684 42.3284 2.5
      vertex 51.9134 41.935 9.5
      vertex 51.9134 41.935 2.5
    endloop
  endfacet
  facet normal -0.980779 0.195124 0
    outer loop
      vertex 44.7742 40.0221 2.5
      vertex 44.8763 40.5353 9.5
      vertex 44.8763 40.5353 2.5
    endloop
  endfacet
  facet normal -0.980779 0.195124 0
    outer loop
      vertex 44.8763 40.5353 9.5
      vertex 44.7742 40.0221 2.5
      vertex 44.7742 40.0221 9.5
    endloop
  endfacet
  facet normal -0.997861 0.0653646 0
    outer loop
      vertex 44.74 39.5 2.5
      vertex 44.7742 40.0221 9.5
      vertex 44.7742 40.0221 2.5
    endloop
  endfacet
  facet normal -0.997861 0.0653646 0
    outer loop
      vertex 44.7742 40.0221 9.5
      vertex 44.74 39.5 2.5
      vertex 44.74 39.5 9.5
    endloop
  endfacet
  facet normal -0.751842 -0.659343 0
    outer loop
      vertex 45.9116 36.6716 2.5
      vertex 45.5666 37.065 9.5
      vertex 45.5666 37.065 2.5
    endloop
  endfacet
  facet normal -0.751842 -0.659343 0
    outer loop
      vertex 45.5666 37.065 9.5
      vertex 45.9116 36.6716 2.5
      vertex 45.9116 36.6716 9.5
    endloop
  endfacet
  facet normal 0.195124 -0.980779 0
    outer loop
      vertex 49.2621 35.5342 2.5
      vertex 49.7753 35.6363 9.5
      vertex 49.2621 35.5342 9.5
    endloop
  endfacet
  facet normal 0.195124 -0.980779 0
    outer loop
      vertex 49.7753 35.6363 9.5
      vertex 49.2621 35.5342 2.5
      vertex 49.7753 35.6363 2.5
    endloop
  endfacet
  facet normal -0.442238 0.896898 0
    outer loop
      vertex 47.2093 43.1955 2.5
      vertex 46.74 42.9641 9.5
      vertex 47.2093 43.1955 9.5
    endloop
  endfacet
  facet normal -0.442238 0.896898 0
    outer loop
      vertex 46.74 42.9641 9.5
      vertex 47.2093 43.1955 2.5
      vertex 46.74 42.9641 2.5
    endloop
  endfacet
  facet normal -0.321498 -0.94691 0
    outer loop
      vertex 47.2093 35.8045 2.5
      vertex 47.7047 35.6363 9.5
      vertex 47.2093 35.8045 9.5
    endloop
  endfacet
  facet normal -0.321498 -0.94691 -0
    outer loop
      vertex 47.7047 35.6363 9.5
      vertex 47.2093 35.8045 2.5
      vertex 47.7047 35.6363 2.5
    endloop
  endfacet
  facet normal 0.980779 -0.195124 0
    outer loop
      vertex 52.6037 38.4647 9.5
      vertex 52.7058 38.9779 2.5
      vertex 52.7058 38.9779 9.5
    endloop
  endfacet
  facet normal 0.980779 -0.195124 0
    outer loop
      vertex 52.7058 38.9779 2.5
      vertex 52.6037 38.4647 9.5
      vertex 52.6037 38.4647 2.5
    endloop
  endfacet
  facet normal -0.751842 0.659343 0
    outer loop
      vertex 45.5666 41.935 2.5
      vertex 45.9116 42.3284 9.5
      vertex 45.9116 42.3284 2.5
    endloop
  endfacet
  facet normal -0.751842 0.659343 0
    outer loop
      vertex 45.9116 42.3284 9.5
      vertex 45.5666 41.935 2.5
      vertex 45.5666 41.935 9.5
    endloop
  endfacet
  facet normal 0.831432 -0.555626 0
    outer loop
      vertex 51.9134 37.065 9.5
      vertex 52.2041 37.5 2.5
      vertex 52.2041 37.5 9.5
    endloop
  endfacet
  facet normal 0.831432 -0.555626 0
    outer loop
      vertex 52.2041 37.5 2.5
      vertex 51.9134 37.065 9.5
      vertex 51.9134 37.065 2.5
    endloop
  endfacet
  facet normal -0.321498 0.94691 0
    outer loop
      vertex 47.7047 43.3637 2.5
      vertex 47.2093 43.1955 9.5
      vertex 47.7047 43.3637 9.5
    endloop
  endfacet
  facet normal -0.321498 0.94691 0
    outer loop
      vertex 47.2093 43.1955 9.5
      vertex 47.7047 43.3637 2.5
      vertex 47.2093 43.1955 2.5
    endloop
  endfacet
  facet normal -0.980779 -0.195124 0
    outer loop
      vertex 44.8763 38.4647 2.5
      vertex 44.7742 38.9779 9.5
      vertex 44.7742 38.9779 2.5
    endloop
  endfacet
  facet normal -0.980779 -0.195124 0
    outer loop
      vertex 44.7742 38.9779 9.5
      vertex 44.8763 38.4647 2.5
      vertex 44.8763 38.4647 9.5
    endloop
  endfacet
  facet normal -0.195124 -0.980779 0
    outer loop
      vertex 47.7047 35.6363 2.5
      vertex 48.2179 35.5342 9.5
      vertex 47.7047 35.6363 9.5
    endloop
  endfacet
  facet normal -0.195124 -0.980779 -0
    outer loop
      vertex 48.2179 35.5342 9.5
      vertex 47.7047 35.6363 2.5
      vertex 48.2179 35.5342 2.5
    endloop
  endfacet
  facet normal 0.555626 0.831432 -0
    outer loop
      vertex 51.175 42.6734 2.5
      vertex 50.74 42.9641 9.5
      vertex 51.175 42.6734 9.5
    endloop
  endfacet
  facet normal 0.555626 0.831432 0
    outer loop
      vertex 50.74 42.9641 9.5
      vertex 51.175 42.6734 2.5
      vertex 50.74 42.9641 2.5
    endloop
  endfacet
  facet normal 0.94691 -0.321498 0
    outer loop
      vertex 52.4355 37.9693 9.5
      vertex 52.6037 38.4647 2.5
      vertex 52.6037 38.4647 9.5
    endloop
  endfacet
  facet normal 0.94691 -0.321498 0
    outer loop
      vertex 52.6037 38.4647 2.5
      vertex 52.4355 37.9693 9.5
      vertex 52.4355 37.9693 2.5
    endloop
  endfacet
  facet normal 0.0653646 -0.997861 0
    outer loop
      vertex 48.74 35.5 2.5
      vertex 49.2621 35.5342 9.5
      vertex 48.74 35.5 9.5
    endloop
  endfacet
  facet normal 0.0653646 -0.997861 0
    outer loop
      vertex 49.2621 35.5342 9.5
      vertex 48.74 35.5 2.5
      vertex 49.2621 35.5342 2.5
    endloop
  endfacet
  facet normal 0.751842 -0.659343 0
    outer loop
      vertex 51.5684 36.6716 9.5
      vertex 51.9134 37.065 2.5
      vertex 51.9134 37.065 9.5
    endloop
  endfacet
  facet normal 0.751842 -0.659343 0
    outer loop
      vertex 51.9134 37.065 2.5
      vertex 51.5684 36.6716 9.5
      vertex 51.5684 36.6716 2.5
    endloop
  endfacet
  facet normal -0.0653646 0.997861 0
    outer loop
      vertex 48.74 43.5 2.5
      vertex 48.2179 43.4658 9.5
      vertex 48.74 43.5 9.5
    endloop
  endfacet
  facet normal -0.0653646 0.997861 0
    outer loop
      vertex 48.2179 43.4658 9.5
      vertex 48.74 43.5 2.5
      vertex 48.2179 43.4658 2.5
    endloop
  endfacet
  facet normal 0.555626 -0.831432 0
    outer loop
      vertex 50.74 36.0359 2.5
      vertex 51.175 36.3266 9.5
      vertex 50.74 36.0359 9.5
    endloop
  endfacet
  facet normal 0.555626 -0.831432 0
    outer loop
      vertex 51.175 36.3266 9.5
      vertex 50.74 36.0359 2.5
      vertex 51.175 36.3266 2.5
    endloop
  endfacet
  facet normal -0.659343 -0.751842 0
    outer loop
      vertex 45.9116 36.6716 2.5
      vertex 46.305 36.3266 9.5
      vertex 45.9116 36.6716 9.5
    endloop
  endfacet
  facet normal -0.659343 -0.751842 -0
    outer loop
      vertex 46.305 36.3266 9.5
      vertex 45.9116 36.6716 2.5
      vertex 46.305 36.3266 2.5
    endloop
  endfacet
  facet normal 0.659343 0.751842 -0
    outer loop
      vertex 51.5684 42.3284 2.5
      vertex 51.175 42.6734 9.5
      vertex 51.5684 42.3284 9.5
    endloop
  endfacet
  facet normal 0.659343 0.751842 0
    outer loop
      vertex 51.175 42.6734 9.5
      vertex 51.5684 42.3284 2.5
      vertex 51.175 42.6734 2.5
    endloop
  endfacet
  facet normal -0.555626 -0.831432 0
    outer loop
      vertex 46.305 36.3266 2.5
      vertex 46.74 36.0359 9.5
      vertex 46.305 36.3266 9.5
    endloop
  endfacet
  facet normal -0.555626 -0.831432 -0
    outer loop
      vertex 46.74 36.0359 9.5
      vertex 46.305 36.3266 2.5
      vertex 46.74 36.0359 2.5
    endloop
  endfacet
  facet normal -0.896898 0.442238 0
    outer loop
      vertex 45.0445 41.0307 2.5
      vertex 45.2759 41.5 9.5
      vertex 45.2759 41.5 2.5
    endloop
  endfacet
  facet normal -0.896898 0.442238 0
    outer loop
      vertex 45.2759 41.5 9.5
      vertex 45.0445 41.0307 2.5
      vertex 45.0445 41.0307 9.5
    endloop
  endfacet
  facet normal 0.0653646 0.997861 -0
    outer loop
      vertex 49.2621 43.4658 2.5
      vertex 48.74 43.5 9.5
      vertex 49.2621 43.4658 9.5
    endloop
  endfacet
  facet normal 0.0653646 0.997861 0
    outer loop
      vertex 48.74 43.5 9.5
      vertex 49.2621 43.4658 2.5
      vertex 48.74 43.5 2.5
    endloop
  endfacet
  facet normal 0.997861 -0.0653646 0
    outer loop
      vertex 52.7058 38.9779 9.5
      vertex 52.74 39.5 2.5
      vertex 52.74 39.5 9.5
    endloop
  endfacet
  facet normal 0.997861 -0.0653646 0
    outer loop
      vertex 52.74 39.5 2.5
      vertex 52.7058 38.9779 9.5
      vertex 52.7058 38.9779 2.5
    endloop
  endfacet
  facet normal -0.195124 0.980779 0
    outer loop
      vertex 48.2179 43.4658 2.5
      vertex 47.7047 43.3637 9.5
      vertex 48.2179 43.4658 9.5
    endloop
  endfacet
  facet normal -0.195124 0.980779 0
    outer loop
      vertex 47.7047 43.3637 9.5
      vertex 48.2179 43.4658 2.5
      vertex 47.7047 43.3637 2.5
    endloop
  endfacet
  facet normal -0.555626 0.831432 0
    outer loop
      vertex 46.74 42.9641 2.5
      vertex 46.305 42.6734 9.5
      vertex 46.74 42.9641 9.5
    endloop
  endfacet
  facet normal -0.555626 0.831432 0
    outer loop
      vertex 46.305 42.6734 9.5
      vertex 46.74 42.9641 2.5
      vertex 46.305 42.6734 2.5
    endloop
  endfacet
  facet normal -0.0653646 -0.997861 0
    outer loop
      vertex 48.2179 35.5342 2.5
      vertex 48.74 35.5 9.5
      vertex 48.2179 35.5342 9.5
    endloop
  endfacet
  facet normal -0.0653646 -0.997861 -0
    outer loop
      vertex 48.74 35.5 9.5
      vertex 48.2179 35.5342 2.5
      vertex 48.74 35.5 2.5
    endloop
  endfacet
  facet normal 0.896898 -0.442238 0
    outer loop
      vertex 52.2041 37.5 9.5
      vertex 52.4355 37.9693 2.5
      vertex 52.4355 37.9693 9.5
    endloop
  endfacet
  facet normal 0.896898 -0.442238 0
    outer loop
      vertex 52.4355 37.9693 2.5
      vertex 52.2041 37.5 9.5
      vertex 52.2041 37.5 2.5
    endloop
  endfacet
  facet normal -0.94691 0.321498 0
    outer loop
      vertex 44.8763 40.5353 2.5
      vertex 45.0445 41.0307 9.5
      vertex 45.0445 41.0307 2.5
    endloop
  endfacet
  facet normal -0.94691 0.321498 0
    outer loop
      vertex 45.0445 41.0307 9.5
      vertex 44.8763 40.5353 2.5
      vertex 44.8763 40.5353 9.5
    endloop
  endfacet
  facet normal -0.94691 -0.321498 0
    outer loop
      vertex 45.0445 37.9693 2.5
      vertex 44.8763 38.4647 9.5
      vertex 44.8763 38.4647 2.5
    endloop
  endfacet
  facet normal -0.94691 -0.321498 0
    outer loop
      vertex 44.8763 38.4647 9.5
      vertex 45.0445 37.9693 2.5
      vertex 45.0445 37.9693 9.5
    endloop
  endfacet
  facet normal -0.831432 0.555626 0
    outer loop
      vertex 45.2759 41.5 2.5
      vertex 45.5666 41.935 9.5
      vertex 45.5666 41.935 2.5
    endloop
  endfacet
  facet normal -0.831432 0.555626 0
    outer loop
      vertex 45.5666 41.935 9.5
      vertex 45.2759 41.5 2.5
      vertex 45.2759 41.5 9.5
    endloop
  endfacet
  facet normal 0.442238 -0.896898 0
    outer loop
      vertex 50.2707 35.8045 2.5
      vertex 50.74 36.0359 9.5
      vertex 50.2707 35.8045 9.5
    endloop
  endfacet
  facet normal 0.442238 -0.896898 0
    outer loop
      vertex 50.74 36.0359 9.5
      vertex 50.2707 35.8045 2.5
      vertex 50.74 36.0359 2.5
    endloop
  endfacet
  facet normal 0.321498 -0.94691 0
    outer loop
      vertex 49.7753 35.6363 2.5
      vertex 50.2707 35.8045 9.5
      vertex 49.7753 35.6363 9.5
    endloop
  endfacet
  facet normal 0.321498 -0.94691 0
    outer loop
      vertex 50.2707 35.8045 9.5
      vertex 49.7753 35.6363 2.5
      vertex 50.2707 35.8045 2.5
    endloop
  endfacet
  facet normal 0.659343 -0.751842 0
    outer loop
      vertex 51.175 36.3266 2.5
      vertex 51.5684 36.6716 9.5
      vertex 51.175 36.3266 9.5
    endloop
  endfacet
  facet normal 0.659343 -0.751842 0
    outer loop
      vertex 51.5684 36.6716 9.5
      vertex 51.175 36.3266 2.5
      vertex 51.5684 36.6716 2.5
    endloop
  endfacet
  facet normal -0.896898 -0.442238 0
    outer loop
      vertex 45.2759 37.5 2.5
      vertex 45.0445 37.9693 9.5
      vertex 45.0445 37.9693 2.5
    endloop
  endfacet
  facet normal -0.896898 -0.442238 0
    outer loop
      vertex 45.0445 37.9693 9.5
      vertex 45.2759 37.5 2.5
      vertex 45.2759 37.5 9.5
    endloop
  endfacet
  facet normal 0.195124 0.980779 -0
    outer loop
      vertex 49.7753 43.3637 2.5
      vertex 49.2621 43.4658 9.5
      vertex 49.7753 43.3637 9.5
    endloop
  endfacet
  facet normal 0.195124 0.980779 0
    outer loop
      vertex 49.2621 43.4658 9.5
      vertex 49.7753 43.3637 2.5
      vertex 49.2621 43.4658 2.5
    endloop
  endfacet
  facet normal -0.442238 -0.896898 0
    outer loop
      vertex 46.74 36.0359 2.5
      vertex 47.2093 35.8045 9.5
      vertex 46.74 36.0359 9.5
    endloop
  endfacet
  facet normal -0.442238 -0.896898 -0
    outer loop
      vertex 47.2093 35.8045 9.5
      vertex 46.74 36.0359 2.5
      vertex 47.2093 35.8045 2.5
    endloop
  endfacet
  facet normal -0.831432 -0.555626 0
    outer loop
      vertex 45.5666 37.065 2.5
      vertex 45.2759 37.5 9.5
      vertex 45.2759 37.5 2.5
    endloop
  endfacet
  facet normal -0.831432 -0.555626 0
    outer loop
      vertex 45.2759 37.5 9.5
      vertex 45.5666 37.065 2.5
      vertex 45.5666 37.065 9.5
    endloop
  endfacet
  facet normal 0 0 1
    outer loop
      vertex 52.7058 40.0221 9.5
      vertex 52.7058 38.9779 9.5
      vertex 52.74 39.5 9.5
    endloop
  endfacet
  facet normal 0 0 1
    outer loop
      vertex 52.6037 40.5353 9.5
      vertex 52.7058 38.9779 9.5
      vertex 52.7058 40.0221 9.5
    endloop
  endfacet
  facet normal 0 0 1
    outer loop
      vertex 52.6037 40.5353 9.5
      vertex 52.6037 38.4647 9.5
      vertex 52.7058 38.9779 9.5
    endloop
  endfacet
  facet normal 0 0 1
    outer loop
      vertex 52.4355 41.0307 9.5
      vertex 52.6037 38.4647 9.5
      vertex 52.6037 40.5353 9.5
    endloop
  endfacet
  facet normal 0 0 1
    outer loop
      vertex 52.4355 41.0307 9.5
      vertex 52.4355 37.9693 9.5
      vertex 52.6037 38.4647 9.5
    endloop
  endfacet
  facet normal 0 0 1
    outer loop
      vertex 52.2041 41.5 9.5
      vertex 52.4355 37.9693 9.5
      vertex 52.4355 41.0307 9.5
    endloop
  endfacet
  facet normal 0 0 1
    outer loop
      vertex 52.2041 41.5 9.5
      vertex 52.2041 37.5 9.5
      vertex 52.4355 37.9693 9.5
    endloop
  endfacet
  facet normal 0 0 1
    outer loop
      vertex 51.9134 41.935 9.5
      vertex 52.2041 37.5 9.5
      vertex 52.2041 41.5 9.5
    endloop
  endfacet
  facet normal 0 0 1
    outer loop
      vertex 51.9134 41.935 9.5
      vertex 51.9134 37.065 9.5
      vertex 52.2041 37.5 9.5
    endloop
  endfacet
  facet normal 0 0 1
    outer loop
      vertex 51.5684 42.3284 9.5
      vertex 51.9134 37.065 9.5
      vertex 51.9134 41.935 9.5
    endloop
  endfacet
  facet normal 0 0 1
    outer loop
      vertex 51.5684 42.3284 9.5
      vertex 51.5684 36.6716 9.5
      vertex 51.9134 37.065 9.5
    endloop
  endfacet
  facet normal 0 0 1
    outer loop
      vertex 51.175 42.6734 9.5
      vertex 51.5684 36.6716 9.5
      vertex 51.5684 42.3284 9.5
    endloop
  endfacet
  facet normal 0 0 1
    outer loop
      vertex 51.175 42.6734 9.5
      vertex 51.175 36.3266 9.5
      vertex 51.5684 36.6716 9.5
    endloop
  endfacet
  facet normal 0 0 1
    outer loop
      vertex 50.74 42.9641 9.5
      vertex 51.175 36.3266 9.5
      vertex 51.175 42.6734 9.5
    endloop
  endfacet
  facet normal 0 0 1
    outer loop
      vertex 50.74 42.9641 9.5
      vertex 50.74 36.0359 9.5
      vertex 51.175 36.3266 9.5
    endloop
  endfacet
  facet normal 0 0 1
    outer loop
      vertex 50.2707 43.1955 9.5
      vertex 50.74 36.0359 9.5
      vertex 50.74 42.9641 9.5
    endloop
  endfacet
  facet normal 0 0 1
    outer loop
      vertex 50.2707 43.1955 9.5
      vertex 50.2707 35.8045 9.5
      vertex 50.74 36.0359 9.5
    endloop
  endfacet
  facet normal 0 0 1
    outer loop
      vertex 49.7753 43.3637 9.5
      vertex 50.2707 35.8045 9.5
      vertex 50.2707 43.1955 9.5
    endloop
  endfacet
  facet normal 0 0 1
    outer loop
      vertex 49.7753 43.3637 9.5
      vertex 49.7753 35.6363 9.5
      vertex 50.2707 35.8045 9.5
    endloop
  endfacet
  facet normal 0 0 1
    outer loop
      vertex 49.2621 43.4658 9.5
      vertex 49.7753 35.6363 9.5
      vertex 49.7753 43.3637 9.5
    endloop
  endfacet
  facet normal 0 0 1
    outer loop
      vertex 49.2621 43.4658 9.5
      vertex 49.2621 35.5342 9.5
      vertex 49.7753 35.6363 9.5
    endloop
  endfacet
  facet normal 0 0 1
    outer loop
      vertex 48.74 43.5 9.5
      vertex 49.2621 35.5342 9.5
      vertex 49.2621 43.4658 9.5
    endloop
  endfacet
  facet normal 0 0 1
    outer loop
      vertex 48.74 43.5 9.5
      vertex 48.74 35.5 9.5
      vertex 49.2621 35.5342 9.5
    endloop
  endfacet
  facet normal -0 0 1
    outer loop
      vertex 48.2179 43.4658 9.5
      vertex 48.74 35.5 9.5
      vertex 48.74 43.5 9.5
    endloop
  endfacet
  facet normal 0 0 1
    outer loop
      vertex 48.2179 43.4658 9.5
      vertex 48.2179 35.5342 9.5
      vertex 48.74 35.5 9.5
    endloop
  endfacet
  facet normal -0 0 1
    outer loop
      vertex 47.7047 43.3637 9.5
      vertex 48.2179 35.5342 9.5
      vertex 48.2179 43.4658 9.5
    endloop
  endfacet
  facet normal 0 0 1
    outer loop
      vertex 47.7047 43.3637 9.5
      vertex 47.7047 35.6363 9.5
      vertex 48.2179 35.5342 9.5
    endloop
  endfacet
  facet normal -0 0 1
    outer loop
      vertex 47.2093 43.1955 9.5
      vertex 47.7047 35.6363 9.5
      vertex 47.7047 43.3637 9.5
    endloop
  endfacet
  facet normal 0 0 1
    outer loop
      vertex 47.2093 43.1955 9.5
      vertex 47.2093 35.8045 9.5
      vertex 47.7047 35.6363 9.5
    endloop
  endfacet
  facet normal -0 0 1
    outer loop
      vertex 46.74 42.9641 9.5
      vertex 47.2093 35.8045 9.5
      vertex 47.2093 43.1955 9.5
    endloop
  endfacet
  facet normal 0 0 1
    outer loop
      vertex 46.74 42.9641 9.5
      vertex 46.74 36.0359 9.5
      vertex 47.2093 35.8045 9.5
    endloop
  endfacet
  facet normal -0 0 1
    outer loop
      vertex 46.305 42.6734 9.5
      vertex 46.74 36.0359 9.5
      vertex 46.74 42.9641 9.5
    endloop
  endfacet
  facet normal 0 0 1
    outer loop
      vertex 46.305 42.6734 9.5
      vertex 46.305 36.3266 9.5
      vertex 46.74 36.0359 9.5
    endloop
  endfacet
  facet normal -0 0 1
    outer loop
      vertex 45.9116 42.3284 9.5
      vertex 46.305 36.3266 9.5
      vertex 46.305 42.6734 9.5
    endloop
  endfacet
  facet normal 0 0 1
    outer loop
      vertex 45.9116 42.3284 9.5
      vertex 45.9116 36.6716 9.5
      vertex 46.305 36.3266 9.5
    endloop
  endfacet
  facet normal -0 0 1
    outer loop
      vertex 45.5666 41.935 9.5
      vertex 45.9116 36.6716 9.5
      vertex 45.9116 42.3284 9.5
    endloop
  endfacet
  facet normal 0 0 1
    outer loop
      vertex 45.5666 41.935 9.5
      vertex 45.5666 37.065 9.5
      vertex 45.9116 36.6716 9.5
    endloop
  endfacet
  facet normal -0 0 1
    outer loop
      vertex 45.2759 41.5 9.5
      vertex 45.5666 37.065 9.5
      vertex 45.5666 41.935 9.5
    endloop
  endfacet
  facet normal 0 0 1
    outer loop
      vertex 45.2759 41.5 9.5
      vertex 45.2759 37.5 9.5
      vertex 45.5666 37.065 9.5
    endloop
  endfacet
  facet normal -0 0 1
    outer loop
      vertex 45.0445 41.0307 9.5
      vertex 45.2759 37.5 9.5
      vertex 45.2759 41.5 9.5
    endloop
  endfacet
  facet normal 0 0 1
    outer loop
      vertex 45.0445 41.0307 9.5
      vertex 45.0445 37.9693 9.5
      vertex 45.2759 37.5 9.5
    endloop
  endfacet
  facet normal -0 0 1
    outer loop
      vertex 44.8763 40.5353 9.5
      vertex 45.0445 37.9693 9.5
      vertex 45.0445 41.0307 9.5
    endloop
  endfacet
  facet normal 0 0 1
    outer loop
      vertex 44.8763 40.5353 9.5
      vertex 44.8763 38.4647 9.5
      vertex 45.0445 37.9693 9.5
    endloop
  endfacet
  facet normal -0 0 1
    outer loop
      vertex 44.7742 40.0221 9.5
      vertex 44.8763 38.4647 9.5
      vertex 44.8763 40.5353 9.5
    endloop
  endfacet
  facet normal 0 0 1
    outer loop
      vertex 44.7742 40.0221 9.5
      vertex 44.7742 38.9779 9.5
      vertex 44.8763 38.4647 9.5
    endloop
  endfacet
  facet normal 0 -0 1
    outer loop
      vertex 44.7742 38.9779 9.5
      vertex 44.7742 40.0221 9.5
      vertex 44.74 39.5 9.5
    endloop
  endfacet
  facet normal -0.751832 0.659355 0
    outer loop
      vertex 50.2249 38.0151 2.5
      vertex 50.406 38.2216 8
      vertex 50.406 38.2216 2.5
    endloop
  endfacet
  facet normal -0.751832 0.659355 0
    outer loop
      vertex 50.406 38.2216 8
      vertex 50.2249 38.0151 2.5
      vertex 50.2249 38.0151 8
    endloop
  endfacet
  facet normal -0.980776 -0.195136 0
    outer loop
      vertex 50.822 39.7741 2.5
      vertex 50.7684 40.0435 8
      vertex 50.7684 40.0435 2.5
    endloop
  endfacet
  facet normal -0.980776 -0.195136 0
    outer loop
      vertex 50.7684 40.0435 8
      vertex 50.822 39.7741 2.5
      vertex 50.822 39.7741 8
    endloop
  endfacet
  facet normal -0.997851 -0.0655283 0
    outer loop
      vertex 50.84 39.5 2.5
      vertex 50.822 39.7741 8
      vertex 50.822 39.7741 2.5
    endloop
  endfacet
  facet normal -0.997851 -0.0655283 0
    outer loop
      vertex 50.822 39.7741 8
      vertex 50.84 39.5 2.5
      vertex 50.84 39.5 8
    endloop
  endfacet
  facet normal -0.946921 -0.321465 0
    outer loop
      vertex 50.7684 40.0435 2.5
      vertex 50.6801 40.3036 8
      vertex 50.6801 40.3036 2.5
    endloop
  endfacet
  facet normal -0.946921 -0.321465 0
    outer loop
      vertex 50.6801 40.3036 8
      vertex 50.7684 40.0435 2.5
      vertex 50.7684 40.0435 8
    endloop
  endfacet
  facet normal -0.831322 -0.555792 0
    outer loop
      vertex 50.5587 40.55 2.5
      vertex 50.406 40.7784 8
      vertex 50.406 40.7784 2.5
    endloop
  endfacet
  facet normal -0.831322 -0.555792 0
    outer loop
      vertex 50.406 40.7784 8
      vertex 50.5587 40.55 2.5
      vertex 50.5587 40.55 8
    endloop
  endfacet
  facet normal 0.555792 0.831322 -0
    outer loop
      vertex 47.69 37.6813 2.5
      vertex 47.4616 37.834 8
      vertex 47.69 37.6813 8
    endloop
  endfacet
  facet normal 0.555792 0.831322 0
    outer loop
      vertex 47.4616 37.834 8
      vertex 47.69 37.6813 2.5
      vertex 47.4616 37.834 2.5
    endloop
  endfacet
  facet normal -0.195136 -0.980776 0
    outer loop
      vertex 49.0141 41.582 2.5
      vertex 49.2835 41.5284 8
      vertex 49.0141 41.582 8
    endloop
  endfacet
  facet normal -0.195136 -0.980776 -0
    outer loop
      vertex 49.2835 41.5284 8
      vertex 49.0141 41.582 2.5
      vertex 49.2835 41.5284 2.5
    endloop
  endfacet
  facet normal -0.997851 0.0655283 0
    outer loop
      vertex 50.822 39.2259 2.5
      vertex 50.84 39.5 8
      vertex 50.84 39.5 2.5
    endloop
  endfacet
  facet normal -0.997851 0.0655283 0
    outer loop
      vertex 50.84 39.5 8
      vertex 50.822 39.2259 2.5
      vertex 50.822 39.2259 8
    endloop
  endfacet
  facet normal -0.897033 -0.441964 0
    outer loop
      vertex 50.6801 40.3036 2.5
      vertex 50.5587 40.55 8
      vertex 50.5587 40.55 2.5
    endloop
  endfacet
  facet normal -0.897033 -0.441964 0
    outer loop
      vertex 50.5587 40.55 8
      vertex 50.6801 40.3036 2.5
      vertex 50.6801 40.3036 8
    endloop
  endfacet
  facet normal 0.946921 0.321465 0
    outer loop
      vertex 46.7999 38.6964 8
      vertex 46.7116 38.9565 2.5
      vertex 46.7116 38.9565 8
    endloop
  endfacet
  facet normal 0.946921 0.321465 0
    outer loop
      vertex 46.7116 38.9565 2.5
      vertex 46.7999 38.6964 8
      vertex 46.7999 38.6964 2.5
    endloop
  endfacet
  facet normal 0.980776 -0.195136 0
    outer loop
      vertex 46.658 39.7741 8
      vertex 46.7116 40.0435 2.5
      vertex 46.7116 40.0435 8
    endloop
  endfacet
  facet normal 0.980776 -0.195136 0
    outer loop
      vertex 46.7116 40.0435 2.5
      vertex 46.658 39.7741 8
      vertex 46.658 39.7741 2.5
    endloop
  endfacet
  facet normal 0.659355 0.751832 -0
    outer loop
      vertex 47.4616 37.834 2.5
      vertex 47.2551 38.0151 8
      vertex 47.4616 37.834 8
    endloop
  endfacet
  facet normal 0.659355 0.751832 0
    outer loop
      vertex 47.2551 38.0151 8
      vertex 47.4616 37.834 2.5
      vertex 47.2551 38.0151 2.5
    endloop
  endfacet
  facet normal 0.195136 -0.980776 0
    outer loop
      vertex 48.1965 41.5284 2.5
      vertex 48.4659 41.582 8
      vertex 48.1965 41.5284 8
    endloop
  endfacet
  facet normal 0.195136 -0.980776 0
    outer loop
      vertex 48.4659 41.582 8
      vertex 48.1965 41.5284 2.5
      vertex 48.4659 41.582 2.5
    endloop
  endfacet
  facet normal -0.195136 0.980776 0
    outer loop
      vertex 49.2835 37.4716 2.5
      vertex 49.0141 37.418 8
      vertex 49.2835 37.4716 8
    endloop
  endfacet
  facet normal -0.195136 0.980776 0
    outer loop
      vertex 49.0141 37.418 8
      vertex 49.2835 37.4716 2.5
      vertex 49.0141 37.418 2.5
    endloop
  endfacet
  facet normal -0.441964 0.897033 0
    outer loop
      vertex 49.79 37.6813 2.5
      vertex 49.5436 37.5599 8
      vertex 49.79 37.6813 8
    endloop
  endfacet
  facet normal -0.441964 0.897033 0
    outer loop
      vertex 49.5436 37.5599 8
      vertex 49.79 37.6813 2.5
      vertex 49.5436 37.5599 2.5
    endloop
  endfacet
  facet normal 0.831322 -0.555792 0
    outer loop
      vertex 46.9213 40.55 8
      vertex 47.074 40.7784 2.5
      vertex 47.074 40.7784 8
    endloop
  endfacet
  facet normal 0.831322 -0.555792 0
    outer loop
      vertex 47.074 40.7784 2.5
      vertex 46.9213 40.55 8
      vertex 46.9213 40.55 2.5
    endloop
  endfacet
  facet normal -0.555792 -0.831322 0
    outer loop
      vertex 49.79 41.3187 2.5
      vertex 50.0184 41.166 8
      vertex 49.79 41.3187 8
    endloop
  endfacet
  facet normal -0.555792 -0.831322 -0
    outer loop
      vertex 50.0184 41.166 8
      vertex 49.79 41.3187 2.5
      vertex 50.0184 41.166 2.5
    endloop
  endfacet
  facet normal 0 0 -1
    outer loop
      vertex 50.822 39.2259 8
      vertex 50.822 39.7741 8
      vertex 50.84 39.5 8
    endloop
  endfacet
  facet normal 0 0 -1
    outer loop
      vertex 50.7684 38.9565 8
      vertex 50.822 39.7741 8
      vertex 50.822 39.2259 8
    endloop
  endfacet
  facet normal 0 0 -1
    outer loop
      vertex 50.7684 38.9565 8
      vertex 50.7684 40.0435 8
      vertex 50.822 39.7741 8
    endloop
  endfacet
  facet normal 0 0 -1
    outer loop
      vertex 50.6801 38.6964 8
      vertex 50.7684 40.0435 8
      vertex 50.7684 38.9565 8
    endloop
  endfacet
  facet normal 0 0 -1
    outer loop
      vertex 50.6801 38.6964 8
      vertex 50.6801 40.3036 8
      vertex 50.7684 40.0435 8
    endloop
  endfacet
  facet normal 0 0 -1
    outer loop
      vertex 50.5587 38.45 8
      vertex 50.6801 40.3036 8
      vertex 50.6801 38.6964 8
    endloop
  endfacet
  facet normal 0 0 -1
    outer loop
      vertex 50.5587 38.45 8
      vertex 50.5587 40.55 8
      vertex 50.6801 40.3036 8
    endloop
  endfacet
  facet normal 0 0 -1
    outer loop
      vertex 50.406 38.2216 8
      vertex 50.5587 40.55 8
      vertex 50.5587 38.45 8
    endloop
  endfacet
  facet normal 0 0 -1
    outer loop
      vertex 50.406 38.2216 8
      vertex 50.406 40.7784 8
      vertex 50.5587 40.55 8
    endloop
  endfacet
  facet normal 0 0 -1
    outer loop
      vertex 50.2249 38.0151 8
      vertex 50.406 40.7784 8
      vertex 50.406 38.2216 8
    endloop
  endfacet
  facet normal 0 0 -1
    outer loop
      vertex 50.2249 38.0151 8
      vertex 50.2249 40.9849 8
      vertex 50.406 40.7784 8
    endloop
  endfacet
  facet normal 0 0 -1
    outer loop
      vertex 50.0184 37.834 8
      vertex 50.2249 40.9849 8
      vertex 50.2249 38.0151 8
    endloop
  endfacet
  facet normal 0 0 -1
    outer loop
      vertex 50.0184 37.834 8
      vertex 50.0184 41.166 8
      vertex 50.2249 40.9849 8
    endloop
  endfacet
  facet normal 0 0 -1
    outer loop
      vertex 49.79 37.6813 8
      vertex 50.0184 41.166 8
      vertex 50.0184 37.834 8
    endloop
  endfacet
  facet normal 0 0 -1
    outer loop
      vertex 49.79 37.6813 8
      vertex 49.79 41.3187 8
      vertex 50.0184 41.166 8
    endloop
  endfacet
  facet normal 0 0 -1
    outer loop
      vertex 49.5436 37.5599 8
      vertex 49.79 41.3187 8
      vertex 49.79 37.6813 8
    endloop
  endfacet
  facet normal 0 0 -1
    outer loop
      vertex 49.5436 37.5599 8
      vertex 49.5436 41.4401 8
      vertex 49.79 41.3187 8
    endloop
  endfacet
  facet normal 0 0 -1
    outer loop
      vertex 49.2835 37.4716 8
      vertex 49.5436 41.4401 8
      vertex 49.5436 37.5599 8
    endloop
  endfacet
  facet normal 0 0 -1
    outer loop
      vertex 49.2835 37.4716 8
      vertex 49.2835 41.5284 8
      vertex 49.5436 41.4401 8
    endloop
  endfacet
  facet normal 0 0 -1
    outer loop
      vertex 49.0141 37.418 8
      vertex 49.2835 41.5284 8
      vertex 49.2835 37.4716 8
    endloop
  endfacet
  facet normal 0 0 -1
    outer loop
      vertex 49.0141 37.418 8
      vertex 49.0141 41.582 8
      vertex 49.2835 41.5284 8
    endloop
  endfacet
  facet normal 0 0 -1
    outer loop
      vertex 48.74 37.4 8
      vertex 49.0141 41.582 8
      vertex 49.0141 37.418 8
    endloop
  endfacet
  facet normal 0 0 -1
    outer loop
      vertex 48.74 37.4 8
      vertex 48.74 41.6 8
      vertex 49.0141 41.582 8
    endloop
  endfacet
  facet normal 0 0 -1
    outer loop
      vertex 48.4659 37.418 8
      vertex 48.74 41.6 8
      vertex 48.74 37.4 8
    endloop
  endfacet
  facet normal 0 0 -1
    outer loop
      vertex 48.4659 37.418 8
      vertex 48.4659 41.582 8
      vertex 48.74 41.6 8
    endloop
  endfacet
  facet normal 0 0 -1
    outer loop
      vertex 48.1965 37.4716 8
      vertex 48.4659 41.582 8
      vertex 48.4659 37.418 8
    endloop
  endfacet
  facet normal 0 0 -1
    outer loop
      vertex 48.1965 37.4716 8
      vertex 48.1965 41.5284 8
      vertex 48.4659 41.582 8
    endloop
  endfacet
  facet normal 0 0 -1
    outer loop
      vertex 47.9364 37.5599 8
      vertex 48.1965 41.5284 8
      vertex 48.1965 37.4716 8
    endloop
  endfacet
  facet normal 0 0 -1
    outer loop
      vertex 47.9364 37.5599 8
      vertex 47.9364 41.4401 8
      vertex 48.1965 41.5284 8
    endloop
  endfacet
  facet normal 0 0 -1
    outer loop
      vertex 47.69 37.6813 8
      vertex 47.9364 41.4401 8
      vertex 47.9364 37.5599 8
    endloop
  endfacet
  facet normal 0 0 -1
    outer loop
      vertex 47.69 37.6813 8
      vertex 47.69 41.3187 8
      vertex 47.9364 41.4401 8
    endloop
  endfacet
  facet normal 0 0 -1
    outer loop
      vertex 47.4616 37.834 8
      vertex 47.69 41.3187 8
      vertex 47.69 37.6813 8
    endloop
  endfacet
  facet normal 0 0 -1
    outer loop
      vertex 47.4616 37.834 8
      vertex 47.4616 41.166 8
      vertex 47.69 41.3187 8
    endloop
  endfacet
  facet normal 0 0 -1
    outer loop
      vertex 47.2551 38.0151 8
      vertex 47.4616 41.166 8
      vertex 47.4616 37.834 8
    endloop
  endfacet
  facet normal 0 0 -1
    outer loop
      vertex 47.2551 38.0151 8
      vertex 47.2551 40.9849 8
      vertex 47.4616 41.166 8
    endloop
  endfacet
  facet normal 0 0 -1
    outer loop
      vertex 47.074 38.2216 8
      vertex 47.2551 40.9849 8
      vertex 47.2551 38.0151 8
    endloop
  endfacet
  facet normal 0 0 -1
    outer loop
      vertex 47.074 38.2216 8
      vertex 47.074 40.7784 8
      vertex 47.2551 40.9849 8
    endloop
  endfacet
  facet normal 0 0 -1
    outer loop
      vertex 46.9213 38.45 8
      vertex 47.074 40.7784 8
      vertex 47.074 38.2216 8
    endloop
  endfacet
  facet normal 0 0 -1
    outer loop
      vertex 46.9213 38.45 8
      vertex 46.9213 40.55 8
      vertex 47.074 40.7784 8
    endloop
  endfacet
  facet normal 0 0 -1
    outer loop
      vertex 46.7999 38.6964 8
      vertex 46.9213 40.55 8
      vertex 46.9213 38.45 8
    endloop
  endfacet
  facet normal 0 0 -1
    outer loop
      vertex 46.7999 38.6964 8
      vertex 46.7999 40.3036 8
      vertex 46.9213 40.55 8
    endloop
  endfacet
  facet normal 0 0 -1
    outer loop
      vertex 46.7116 38.9565 8
      vertex 46.7999 40.3036 8
      vertex 46.7999 38.6964 8
    endloop
  endfacet
  facet normal 0 0 -1
    outer loop
      vertex 46.7116 38.9565 8
      vertex 46.7116 40.0435 8
      vertex 46.7999 40.3036 8
    endloop
  endfacet
  facet normal 0 0 -1
    outer loop
      vertex 46.658 39.2259 8
      vertex 46.7116 40.0435 8
      vertex 46.7116 38.9565 8
    endloop
  endfacet
  facet normal 0 0 -1
    outer loop
      vertex 46.658 39.2259 8
      vertex 46.658 39.7741 8
      vertex 46.7116 40.0435 8
    endloop
  endfacet
  facet normal 0 -0 -1
    outer loop
      vertex 46.658 39.7741 8
      vertex 46.658 39.2259 8
      vertex 46.64 39.5 8
    endloop
  endfacet
  facet normal -0.831322 0.555792 0
    outer loop
      vertex 50.406 38.2216 2.5
      vertex 50.5587 38.45 8
      vertex 50.5587 38.45 2.5
    endloop
  endfacet
  facet normal -0.831322 0.555792 0
    outer loop
      vertex 50.5587 38.45 8
      vertex 50.406 38.2216 2.5
      vertex 50.406 38.2216 8
    endloop
  endfacet
  facet normal -0.441964 -0.897033 0
    outer loop
      vertex 49.5436 41.4401 2.5
      vertex 49.79 41.3187 8
      vertex 49.5436 41.4401 8
    endloop
  endfacet
  facet normal -0.441964 -0.897033 -0
    outer loop
      vertex 49.79 41.3187 8
      vertex 49.5436 41.4401 2.5
      vertex 49.79 41.3187 2.5
    endloop
  endfacet
  facet normal -0.980776 0.195136 0
    outer loop
      vertex 50.7684 38.9565 2.5
      vertex 50.822 39.2259 8
      vertex 50.822 39.2259 2.5
    endloop
  endfacet
  facet normal -0.980776 0.195136 0
    outer loop
      vertex 50.822 39.2259 8
      vertex 50.7684 38.9565 2.5
      vertex 50.7684 38.9565 8
    endloop
  endfacet
  facet normal 0.321465 -0.946921 0
    outer loop
      vertex 47.9364 41.4401 2.5
      vertex 48.1965 41.5284 8
      vertex 47.9364 41.4401 8
    endloop
  endfacet
  facet normal 0.321465 -0.946921 0
    outer loop
      vertex 48.1965 41.5284 8
      vertex 47.9364 41.4401 2.5
      vertex 48.1965 41.5284 2.5
    endloop
  endfacet
  facet normal -0.659355 -0.751832 0
    outer loop
      vertex 50.0184 41.166 2.5
      vertex 50.2249 40.9849 8
      vertex 50.0184 41.166 8
    endloop
  endfacet
  facet normal -0.659355 -0.751832 -0
    outer loop
      vertex 50.2249 40.9849 8
      vertex 50.0184 41.166 2.5
      vertex 50.2249 40.9849 2.5
    endloop
  endfacet
  facet normal 0.441964 -0.897033 0
    outer loop
      vertex 47.69 41.3187 2.5
      vertex 47.9364 41.4401 8
      vertex 47.69 41.3187 8
    endloop
  endfacet
  facet normal 0.441964 -0.897033 0
    outer loop
      vertex 47.9364 41.4401 8
      vertex 47.69 41.3187 2.5
      vertex 47.9364 41.4401 2.5
    endloop
  endfacet
  facet normal 0.555792 -0.831322 0
    outer loop
      vertex 47.4616 41.166 2.5
      vertex 47.69 41.3187 8
      vertex 47.4616 41.166 8
    endloop
  endfacet
  facet normal 0.555792 -0.831322 0
    outer loop
      vertex 47.69 41.3187 8
      vertex 47.4616 41.166 2.5
      vertex 47.69 41.3187 2.5
    endloop
  endfacet
  facet normal -0.659355 0.751832 0
    outer loop
      vertex 50.2249 38.0151 2.5
      vertex 50.0184 37.834 8
      vertex 50.2249 38.0151 8
    endloop
  endfacet
  facet normal -0.659355 0.751832 0
    outer loop
      vertex 50.0184 37.834 8
      vertex 50.2249 38.0151 2.5
      vertex 50.0184 37.834 2.5
    endloop
  endfacet
  facet normal 0.751832 -0.659355 0
    outer loop
      vertex 47.074 40.7784 8
      vertex 47.2551 40.9849 2.5
      vertex 47.2551 40.9849 8
    endloop
  endfacet
  facet normal 0.751832 -0.659355 0
    outer loop
      vertex 47.2551 40.9849 2.5
      vertex 47.074 40.7784 8
      vertex 47.074 40.7784 2.5
    endloop
  endfacet
  facet normal -0.0655283 -0.997851 0
    outer loop
      vertex 48.74 41.6 2.5
      vertex 49.0141 41.582 8
      vertex 48.74 41.6 8
    endloop
  endfacet
  facet normal -0.0655283 -0.997851 -0
    outer loop
      vertex 49.0141 41.582 8
      vertex 48.74 41.6 2.5
      vertex 49.0141 41.582 2.5
    endloop
  endfacet
  facet normal -0.321465 0.946921 0
    outer loop
      vertex 49.5436 37.5599 2.5
      vertex 49.2835 37.4716 8
      vertex 49.5436 37.5599 8
    endloop
  endfacet
  facet normal -0.321465 0.946921 0
    outer loop
      vertex 49.2835 37.4716 8
      vertex 49.5436 37.5599 2.5
      vertex 49.2835 37.4716 2.5
    endloop
  endfacet
  facet normal 0.321465 0.946921 -0
    outer loop
      vertex 48.1965 37.4716 2.5
      vertex 47.9364 37.5599 8
      vertex 48.1965 37.4716 8
    endloop
  endfacet
  facet normal 0.321465 0.946921 0
    outer loop
      vertex 47.9364 37.5599 8
      vertex 48.1965 37.4716 2.5
      vertex 47.9364 37.5599 2.5
    endloop
  endfacet
  facet normal 0.751832 0.659355 0
    outer loop
      vertex 47.2551 38.0151 8
      vertex 47.074 38.2216 2.5
      vertex 47.074 38.2216 8
    endloop
  endfacet
  facet normal 0.751832 0.659355 0
    outer loop
      vertex 47.074 38.2216 2.5
      vertex 47.2551 38.0151 8
      vertex 47.2551 38.0151 2.5
    endloop
  endfacet
  facet normal 0.897033 -0.441964 0
    outer loop
      vertex 46.7999 40.3036 8
      vertex 46.9213 40.55 2.5
      vertex 46.9213 40.55 8
    endloop
  endfacet
  facet normal 0.897033 -0.441964 0
    outer loop
      vertex 46.9213 40.55 2.5
      vertex 46.7999 40.3036 8
      vertex 46.7999 40.3036 2.5
    endloop
  endfacet
  facet normal -0.897033 0.441964 0
    outer loop
      vertex 50.5587 38.45 2.5
      vertex 50.6801 38.6964 8
      vertex 50.6801 38.6964 2.5
    endloop
  endfacet
  facet normal -0.897033 0.441964 0
    outer loop
      vertex 50.6801 38.6964 8
      vertex 50.5587 38.45 2.5
      vertex 50.5587 38.45 8
    endloop
  endfacet
  facet normal 0.0655283 -0.997851 0
    outer loop
      vertex 48.4659 41.582 2.5
      vertex 48.74 41.6 8
      vertex 48.4659 41.582 8
    endloop
  endfacet
  facet normal 0.0655283 -0.997851 0
    outer loop
      vertex 48.74 41.6 8
      vertex 48.4659 41.582 2.5
      vertex 48.74 41.6 2.5
    endloop
  endfacet
  facet normal 0.946921 -0.321465 0
    outer loop
      vertex 46.7116 40.0435 8
      vertex 46.7999 40.3036 2.5
      vertex 46.7999 40.3036 8
    endloop
  endfacet
  facet normal 0.946921 -0.321465 0
    outer loop
      vertex 46.7999 40.3036 2.5
      vertex 46.7116 40.0435 8
      vertex 46.7116 40.0435 2.5
    endloop
  endfacet
  facet normal -0.321465 -0.946921 0
    outer loop
      vertex 49.2835 41.5284 2.5
      vertex 49.5436 41.4401 8
      vertex 49.2835 41.5284 8
    endloop
  endfacet
  facet normal -0.321465 -0.946921 -0
    outer loop
      vertex 49.5436 41.4401 8
      vertex 49.2835 41.5284 2.5
      vertex 49.5436 41.4401 2.5
    endloop
  endfacet
  facet normal -0.946921 0.321465 0
    outer loop
      vertex 50.6801 38.6964 2.5
      vertex 50.7684 38.9565 8
      vertex 50.7684 38.9565 2.5
    endloop
  endfacet
  facet normal -0.946921 0.321465 0
    outer loop
      vertex 50.7684 38.9565 8
      vertex 50.6801 38.6964 2.5
      vertex 50.6801 38.6964 8
    endloop
  endfacet
  facet normal 0.980776 0.195136 0
    outer loop
      vertex 46.7116 38.9565 8
      vertex 46.658 39.2259 2.5
      vertex 46.658 39.2259 8
    endloop
  endfacet
  facet normal 0.980776 0.195136 0
    outer loop
      vertex 46.658 39.2259 2.5
      vertex 46.7116 38.9565 8
      vertex 46.7116 38.9565 2.5
    endloop
  endfacet
  facet normal -0.751832 -0.659355 0
    outer loop
      vertex 50.406 40.7784 2.5
      vertex 50.2249 40.9849 8
      vertex 50.2249 40.9849 2.5
    endloop
  endfacet
  facet normal -0.751832 -0.659355 0
    outer loop
      vertex 50.2249 40.9849 8
      vertex 50.406 40.7784 2.5
      vertex 50.406 40.7784 8
    endloop
  endfacet
  facet normal 0.659355 -0.751832 0
    outer loop
      vertex 47.2551 40.9849 2.5
      vertex 47.4616 41.166 8
      vertex 47.2551 40.9849 8
    endloop
  endfacet
  facet normal 0.659355 -0.751832 0
    outer loop
      vertex 47.4616 41.166 8
      vertex 47.2551 40.9849 2.5
      vertex 47.4616 41.166 2.5
    endloop
  endfacet
  facet normal 0.897033 0.441964 0
    outer loop
      vertex 46.9213 38.45 8
      vertex 46.7999 38.6964 2.5
      vertex 46.7999 38.6964 8
    endloop
  endfacet
  facet normal 0.897033 0.441964 0
    outer loop
      vertex 46.7999 38.6964 2.5
      vertex 46.9213 38.45 8
      vertex 46.9213 38.45 2.5
    endloop
  endfacet
  facet normal -0.0655283 0.997851 0
    outer loop
      vertex 49.0141 37.418 2.5
      vertex 48.74 37.4 8
      vertex 49.0141 37.418 8
    endloop
  endfacet
  facet normal -0.0655283 0.997851 0
    outer loop
      vertex 48.74 37.4 8
      vertex 49.0141 37.418 2.5
      vertex 48.74 37.4 2.5
    endloop
  endfacet
  facet normal 0.0655283 0.997851 -0
    outer loop
      vertex 48.74 37.4 2.5
      vertex 48.4659 37.418 8
      vertex 48.74 37.4 8
    endloop
  endfacet
  facet normal 0.0655283 0.997851 0
    outer loop
      vertex 48.4659 37.418 8
      vertex 48.74 37.4 2.5
      vertex 48.4659 37.418 2.5
    endloop
  endfacet
  facet normal 0.997851 -0.0655283 0
    outer loop
      vertex 46.64 39.5 8
      vertex 46.658 39.7741 2.5
      vertex 46.658 39.7741 8
    endloop
  endfacet
  facet normal 0.997851 -0.0655283 0
    outer loop
      vertex 46.658 39.7741 2.5
      vertex 46.64 39.5 8
      vertex 46.64 39.5 2.5
    endloop
  endfacet
  facet normal 0.831322 0.555792 0
    outer loop
      vertex 47.074 38.2216 8
      vertex 46.9213 38.45 2.5
      vertex 46.9213 38.45 8
    endloop
  endfacet
  facet normal 0.831322 0.555792 0
    outer loop
      vertex 46.9213 38.45 2.5
      vertex 47.074 38.2216 8
      vertex 47.074 38.2216 2.5
    endloop
  endfacet
  facet normal -0.555792 0.831322 0
    outer loop
      vertex 50.0184 37.834 2.5
      vertex 49.79 37.6813 8
      vertex 50.0184 37.834 8
    endloop
  endfacet
  facet normal -0.555792 0.831322 0
    outer loop
      vertex 49.79 37.6813 8
      vertex 50.0184 37.834 2.5
      vertex 49.79 37.6813 2.5
    endloop
  endfacet
  facet normal 0.997851 0.0655283 0
    outer loop
      vertex 46.658 39.2259 8
      vertex 46.64 39.5 2.5
      vertex 46.64 39.5 8
    endloop
  endfacet
  facet normal 0.997851 0.0655283 0
    outer loop
      vertex 46.64 39.5 2.5
      vertex 46.658 39.2259 8
      vertex 46.658 39.2259 2.5
    endloop
  endfacet
  facet normal 0.195136 0.980776 -0
    outer loop
      vertex 48.4659 37.418 2.5
      vertex 48.1965 37.4716 8
      vertex 48.4659 37.418 8
    endloop
  endfacet
  facet normal 0.195136 0.980776 0
    outer loop
      vertex 48.1965 37.4716 8
      vertex 48.4659 37.418 2.5
      vertex 48.1965 37.4716 2.5
    endloop
  endfacet
  facet normal 0.441964 0.897033 -0
    outer loop
      vertex 47.9364 37.5599 2.5
      vertex 47.69 37.6813 8
      vertex 47.9364 37.5599 8
    endloop
  endfacet
  facet normal 0.441964 0.897033 0
    outer loop
      vertex 47.69 37.6813 8
      vertex 47.9364 37.5599 2.5
      vertex 47.69 37.6813 2.5
    endloop
  endfacet
  facet normal -0.32136 0.946957 0
    outer loop
      vertex 18.713 19.4148 2.5
      vertex 18.4033 19.3097 5.5
      vertex 18.713 19.4148 5.5
    endloop
  endfacet
  facet normal -0.32136 0.946957 0
    outer loop
      vertex 18.4033 19.3097 5.5
      vertex 18.713 19.4148 2.5
      vertex 18.4033 19.3097 2.5
    endloop
  endfacet
  facet normal 0.98078 0.195116 0
    outer loop
      vertex 21.8386 17.3263 5.5
      vertex 21.7748 17.647 2.5
      vertex 21.7748 17.647 5.5
    endloop
  endfacet
  facet normal 0.98078 0.195116 0
    outer loop
      vertex 21.7748 17.647 2.5
      vertex 21.8386 17.3263 5.5
      vertex 21.8386 17.3263 2.5
    endloop
  endfacet
  facet normal 0.997856 0.0654432 0
    outer loop
      vertex 21.86 17 5.5
      vertex 21.8386 17.3263 2.5
      vertex 21.8386 17.3263 5.5
    endloop
  endfacet
  facet normal 0.997856 0.0654432 0
    outer loop
      vertex 21.8386 17.3263 2.5
      vertex 21.86 17 5.5
      vertex 21.86 17 2.5
    endloop
  endfacet
  facet normal -0.98078 0.195116 0
    outer loop
      vertex 16.8814 17.3263 2.5
      vertex 16.9452 17.647 5.5
      vertex 16.9452 17.647 2.5
    endloop
  endfacet
  facet normal -0.98078 0.195116 0
    outer loop
      vertex 16.9452 17.647 5.5
      vertex 16.8814 17.3263 2.5
      vertex 16.8814 17.3263 5.5
    endloop
  endfacet
  facet normal 0.0654432 0.997856 -0
    outer loop
      vertex 19.6863 19.4786 2.5
      vertex 19.36 19.5 5.5
      vertex 19.6863 19.4786 5.5
    endloop
  endfacet
  facet normal 0.0654432 0.997856 0
    outer loop
      vertex 19.36 19.5 5.5
      vertex 19.6863 19.4786 2.5
      vertex 19.36 19.5 2.5
    endloop
  endfacet
  facet normal -0.896921 0.442191 0
    outer loop
      vertex 17.0503 17.9567 2.5
      vertex 17.1949 18.25 5.5
      vertex 17.1949 18.25 2.5
    endloop
  endfacet
  facet normal -0.896921 0.442191 0
    outer loop
      vertex 17.1949 18.25 5.5
      vertex 17.0503 17.9567 2.5
      vertex 17.0503 17.9567 5.5
    endloop
  endfacet
  facet normal 0.831438 0.555617 0
    outer loop
      vertex 21.5251 18.25 5.5
      vertex 21.3434 18.5219 2.5
      vertex 21.3434 18.5219 5.5
    endloop
  endfacet
  facet normal 0.831438 0.555617 0
    outer loop
      vertex 21.3434 18.5219 2.5
      vertex 21.5251 18.25 5.5
      vertex 21.5251 18.25 2.5
    endloop
  endfacet
  facet normal 0.659262 0.751913 -0
    outer loop
      vertex 21.1278 18.7678 2.5
      vertex 20.8819 18.9834 5.5
      vertex 21.1278 18.7678 5.5
    endloop
  endfacet
  facet normal 0.659262 0.751913 0
    outer loop
      vertex 20.8819 18.9834 5.5
      vertex 21.1278 18.7678 2.5
      vertex 20.8819 18.9834 2.5
    endloop
  endfacet
  facet normal -0.442191 -0.896921 0
    outer loop
      vertex 18.11 14.8349 2.5
      vertex 18.4033 14.6903 5.5
      vertex 18.11 14.8349 5.5
    endloop
  endfacet
  facet normal -0.442191 -0.896921 -0
    outer loop
      vertex 18.4033 14.6903 5.5
      vertex 18.11 14.8349 2.5
      vertex 18.4033 14.6903 2.5
    endloop
  endfacet
  facet normal 0.997856 -0.0654432 0
    outer loop
      vertex 21.8386 16.6737 5.5
      vertex 21.86 17 2.5
      vertex 21.86 17 5.5
    endloop
  endfacet
  facet normal 0.997856 -0.0654432 0
    outer loop
      vertex 21.86 17 2.5
      vertex 21.8386 16.6737 5.5
      vertex 21.8386 16.6737 2.5
    endloop
  endfacet
  facet normal 0.751913 0.659262 0
    outer loop
      vertex 21.3434 18.5219 5.5
      vertex 21.1278 18.7678 2.5
      vertex 21.1278 18.7678 5.5
    endloop
  endfacet
  facet normal 0.751913 0.659262 0
    outer loop
      vertex 21.1278 18.7678 2.5
      vertex 21.3434 18.5219 5.5
      vertex 21.3434 18.5219 2.5
    endloop
  endfacet
  facet normal 0.32136 0.946957 -0
    outer loop
      vertex 20.3167 19.3097 2.5
      vertex 20.007 19.4148 5.5
      vertex 20.3167 19.3097 5.5
    endloop
  endfacet
  facet normal 0.32136 0.946957 0
    outer loop
      vertex 20.007 19.4148 5.5
      vertex 20.3167 19.3097 2.5
      vertex 20.007 19.4148 2.5
    endloop
  endfacet
  facet normal -0.555617 -0.831438 0
    outer loop
      vertex 17.8381 15.0166 2.5
      vertex 18.11 14.8349 5.5
      vertex 17.8381 15.0166 5.5
    endloop
  endfacet
  facet normal -0.555617 -0.831438 -0
    outer loop
      vertex 18.11 14.8349 5.5
      vertex 17.8381 15.0166 2.5
      vertex 18.11 14.8349 2.5
    endloop
  endfacet
  facet normal -0.831438 -0.555617 0
    outer loop
      vertex 17.3766 15.4781 2.5
      vertex 17.1949 15.75 5.5
      vertex 17.1949 15.75 2.5
    endloop
  endfacet
  facet normal -0.831438 -0.555617 0
    outer loop
      vertex 17.1949 15.75 5.5
      vertex 17.3766 15.4781 2.5
      vertex 17.3766 15.4781 5.5
    endloop
  endfacet
  facet normal 0.946957 0.32136 0
    outer loop
      vertex 21.7748 17.647 5.5
      vertex 21.6697 17.9567 2.5
      vertex 21.6697 17.9567 5.5
    endloop
  endfacet
  facet normal 0.946957 0.32136 0
    outer loop
      vertex 21.6697 17.9567 2.5
      vertex 21.7748 17.647 5.5
      vertex 21.7748 17.647 2.5
    endloop
  endfacet
  facet normal 0.0654432 -0.997856 0
    outer loop
      vertex 19.36 14.5 2.5
      vertex 19.6863 14.5214 5.5
      vertex 19.36 14.5 5.5
    endloop
  endfacet
  facet normal 0.0654432 -0.997856 0
    outer loop
      vertex 19.6863 14.5214 5.5
      vertex 19.36 14.5 2.5
      vertex 19.6863 14.5214 2.5
    endloop
  endfacet
  facet normal 0.32136 -0.946957 0
    outer loop
      vertex 20.007 14.5852 2.5
      vertex 20.3167 14.6903 5.5
      vertex 20.007 14.5852 5.5
    endloop
  endfacet
  facet normal 0.32136 -0.946957 0
    outer loop
      vertex 20.3167 14.6903 5.5
      vertex 20.007 14.5852 2.5
      vertex 20.3167 14.6903 2.5
    endloop
  endfacet
  facet normal -0.0654432 -0.997856 0
    outer loop
      vertex 19.0337 14.5214 2.5
      vertex 19.36 14.5 5.5
      vertex 19.0337 14.5214 5.5
    endloop
  endfacet
  facet normal -0.0654432 -0.997856 -0
    outer loop
      vertex 19.36 14.5 5.5
      vertex 19.0337 14.5214 2.5
      vertex 19.36 14.5 2.5
    endloop
  endfacet
  facet normal 0.442191 -0.896921 0
    outer loop
      vertex 20.3167 14.6903 2.5
      vertex 20.61 14.8349 5.5
      vertex 20.3167 14.6903 5.5
    endloop
  endfacet
  facet normal 0.442191 -0.896921 0
    outer loop
      vertex 20.61 14.8349 5.5
      vertex 20.3167 14.6903 2.5
      vertex 20.61 14.8349 2.5
    endloop
  endfacet
  facet normal -0.751913 0.659262 0
    outer loop
      vertex 17.3766 18.5219 2.5
      vertex 17.5922 18.7678 5.5
      vertex 17.5922 18.7678 2.5
    endloop
  endfacet
  facet normal -0.751913 0.659262 0
    outer loop
      vertex 17.5922 18.7678 5.5
      vertex 17.3766 18.5219 2.5
      vertex 17.3766 18.5219 5.5
    endloop
  endfacet
  facet normal 0.442191 0.896921 -0
    outer loop
      vertex 20.61 19.1651 2.5
      vertex 20.3167 19.3097 5.5
      vertex 20.61 19.1651 5.5
    endloop
  endfacet
  facet normal 0.442191 0.896921 0
    outer loop
      vertex 20.3167 19.3097 5.5
      vertex 20.61 19.1651 2.5
      vertex 20.3167 19.3097 2.5
    endloop
  endfacet
  facet normal -0.442191 0.896921 0
    outer loop
      vertex 18.4033 19.3097 2.5
      vertex 18.11 19.1651 5.5
      vertex 18.4033 19.3097 5.5
    endloop
  endfacet
  facet normal -0.442191 0.896921 0
    outer loop
      vertex 18.11 19.1651 5.5
      vertex 18.4033 19.3097 2.5
      vertex 18.11 19.1651 2.5
    endloop
  endfacet
  facet normal 0.751913 -0.659262 0
    outer loop
      vertex 21.1278 15.2322 5.5
      vertex 21.3434 15.4781 2.5
      vertex 21.3434 15.4781 5.5
    endloop
  endfacet
  facet normal 0.751913 -0.659262 0
    outer loop
      vertex 21.3434 15.4781 2.5
      vertex 21.1278 15.2322 5.5
      vertex 21.1278 15.2322 2.5
    endloop
  endfacet
  facet normal -0.195116 -0.98078 0
    outer loop
      vertex 18.713 14.5852 2.5
      vertex 19.0337 14.5214 5.5
      vertex 18.713 14.5852 5.5
    endloop
  endfacet
  facet normal -0.195116 -0.98078 -0
    outer loop
      vertex 19.0337 14.5214 5.5
      vertex 18.713 14.5852 2.5
      vertex 19.0337 14.5214 2.5
    endloop
  endfacet
  facet normal 0.831438 -0.555617 0
    outer loop
      vertex 21.3434 15.4781 5.5
      vertex 21.5251 15.75 2.5
      vertex 21.5251 15.75 5.5
    endloop
  endfacet
  facet normal 0.831438 -0.555617 0
    outer loop
      vertex 21.5251 15.75 2.5
      vertex 21.3434 15.4781 5.5
      vertex 21.3434 15.4781 2.5
    endloop
  endfacet
  facet normal -0.659262 -0.751913 0
    outer loop
      vertex 17.5922 15.2322 2.5
      vertex 17.8381 15.0166 5.5
      vertex 17.5922 15.2322 5.5
    endloop
  endfacet
  facet normal -0.659262 -0.751913 -0
    outer loop
      vertex 17.8381 15.0166 5.5
      vertex 17.5922 15.2322 2.5
      vertex 17.8381 15.0166 2.5
    endloop
  endfacet
  facet normal 0.195116 -0.98078 0
    outer loop
      vertex 19.6863 14.5214 2.5
      vertex 20.007 14.5852 5.5
      vertex 19.6863 14.5214 5.5
    endloop
  endfacet
  facet normal 0.195116 -0.98078 0
    outer loop
      vertex 20.007 14.5852 5.5
      vertex 19.6863 14.5214 2.5
      vertex 20.007 14.5852 2.5
    endloop
  endfacet
  facet normal 0.896921 -0.442191 0
    outer loop
      vertex 21.5251 15.75 5.5
      vertex 21.6697 16.0433 2.5
      vertex 21.6697 16.0433 5.5
    endloop
  endfacet
  facet normal 0.896921 -0.442191 0
    outer loop
      vertex 21.6697 16.0433 2.5
      vertex 21.5251 15.75 5.5
      vertex 21.5251 15.75 2.5
    endloop
  endfacet
  facet normal -0.98078 -0.195116 0
    outer loop
      vertex 16.9452 16.353 2.5
      vertex 16.8814 16.6737 5.5
      vertex 16.8814 16.6737 2.5
    endloop
  endfacet
  facet normal -0.98078 -0.195116 0
    outer loop
      vertex 16.8814 16.6737 5.5
      vertex 16.9452 16.353 2.5
      vertex 16.9452 16.353 5.5
    endloop
  endfacet
  facet normal 0.946957 -0.32136 0
    outer loop
      vertex 21.6697 16.0433 5.5
      vertex 21.7748 16.353 2.5
      vertex 21.7748 16.353 5.5
    endloop
  endfacet
  facet normal 0.946957 -0.32136 0
    outer loop
      vertex 21.7748 16.353 2.5
      vertex 21.6697 16.0433 5.5
      vertex 21.6697 16.0433 2.5
    endloop
  endfacet
  facet normal -0.946957 0.32136 0
    outer loop
      vertex 16.9452 17.647 2.5
      vertex 17.0503 17.9567 5.5
      vertex 17.0503 17.9567 2.5
    endloop
  endfacet
  facet normal -0.946957 0.32136 0
    outer loop
      vertex 17.0503 17.9567 5.5
      vertex 16.9452 17.647 2.5
      vertex 16.9452 17.647 5.5
    endloop
  endfacet
  facet normal -0.0654432 0.997856 0
    outer loop
      vertex 19.36 19.5 2.5
      vertex 19.0337 19.4786 5.5
      vertex 19.36 19.5 5.5
    endloop
  endfacet
  facet normal -0.0654432 0.997856 0
    outer loop
      vertex 19.0337 19.4786 5.5
      vertex 19.36 19.5 2.5
      vertex 19.0337 19.4786 2.5
    endloop
  endfacet
  facet normal -0.896921 -0.442191 0
    outer loop
      vertex 17.1949 15.75 2.5
      vertex 17.0503 16.0433 5.5
      vertex 17.0503 16.0433 2.5
    endloop
  endfacet
  facet normal -0.896921 -0.442191 0
    outer loop
      vertex 17.0503 16.0433 5.5
      vertex 17.1949 15.75 2.5
      vertex 17.1949 15.75 5.5
    endloop
  endfacet
  facet normal -0.946957 -0.32136 0
    outer loop
      vertex 17.0503 16.0433 2.5
      vertex 16.9452 16.353 5.5
      vertex 16.9452 16.353 2.5
    endloop
  endfacet
  facet normal -0.946957 -0.32136 0
    outer loop
      vertex 16.9452 16.353 5.5
      vertex 17.0503 16.0433 2.5
      vertex 17.0503 16.0433 5.5
    endloop
  endfacet
  facet normal 0.555617 0.831438 -0
    outer loop
      vertex 20.8819 18.9834 2.5
      vertex 20.61 19.1651 5.5
      vertex 20.8819 18.9834 5.5
    endloop
  endfacet
  facet normal 0.555617 0.831438 0
    outer loop
      vertex 20.61 19.1651 5.5
      vertex 20.8819 18.9834 2.5
      vertex 20.61 19.1651 2.5
    endloop
  endfacet
  facet normal -0.659262 0.751913 0
    outer loop
      vertex 17.8381 18.9834 2.5
      vertex 17.5922 18.7678 5.5
      vertex 17.8381 18.9834 5.5
    endloop
  endfacet
  facet normal -0.659262 0.751913 0
    outer loop
      vertex 17.5922 18.7678 5.5
      vertex 17.8381 18.9834 2.5
      vertex 17.5922 18.7678 2.5
    endloop
  endfacet
  facet normal -0.555617 0.831438 0
    outer loop
      vertex 18.11 19.1651 2.5
      vertex 17.8381 18.9834 5.5
      vertex 18.11 19.1651 5.5
    endloop
  endfacet
  facet normal -0.555617 0.831438 0
    outer loop
      vertex 17.8381 18.9834 5.5
      vertex 18.11 19.1651 2.5
      vertex 17.8381 18.9834 2.5
    endloop
  endfacet
  facet normal 0.195116 0.98078 -0
    outer loop
      vertex 20.007 19.4148 2.5
      vertex 19.6863 19.4786 5.5
      vertex 20.007 19.4148 5.5
    endloop
  endfacet
  facet normal 0.195116 0.98078 0
    outer loop
      vertex 19.6863 19.4786 5.5
      vertex 20.007 19.4148 2.5
      vertex 19.6863 19.4786 2.5
    endloop
  endfacet
  facet normal 0.98078 -0.195116 0
    outer loop
      vertex 21.7748 16.353 5.5
      vertex 21.8386 16.6737 2.5
      vertex 21.8386 16.6737 5.5
    endloop
  endfacet
  facet normal 0.98078 -0.195116 0
    outer loop
      vertex 21.8386 16.6737 2.5
      vertex 21.7748 16.353 5.5
      vertex 21.7748 16.353 2.5
    endloop
  endfacet
  facet normal 0.659262 -0.751913 0
    outer loop
      vertex 20.8819 15.0166 2.5
      vertex 21.1278 15.2322 5.5
      vertex 20.8819 15.0166 5.5
    endloop
  endfacet
  facet normal 0.659262 -0.751913 0
    outer loop
      vertex 21.1278 15.2322 5.5
      vertex 20.8819 15.0166 2.5
      vertex 21.1278 15.2322 2.5
    endloop
  endfacet
  facet normal -0.997856 -0.0654432 0
    outer loop
      vertex 16.8814 16.6737 2.5
      vertex 16.86 17 5.5
      vertex 16.86 17 2.5
    endloop
  endfacet
  facet normal -0.997856 -0.0654432 0
    outer loop
      vertex 16.86 17 5.5
      vertex 16.8814 16.6737 2.5
      vertex 16.8814 16.6737 5.5
    endloop
  endfacet
  facet normal 0.896921 0.442191 0
    outer loop
      vertex 21.6697 17.9567 5.5
      vertex 21.5251 18.25 2.5
      vertex 21.5251 18.25 5.5
    endloop
  endfacet
  facet normal 0.896921 0.442191 0
    outer loop
      vertex 21.5251 18.25 2.5
      vertex 21.6697 17.9567 5.5
      vertex 21.6697 17.9567 2.5
    endloop
  endfacet
  facet normal 0.555617 -0.831438 0
    outer loop
      vertex 20.61 14.8349 2.5
      vertex 20.8819 15.0166 5.5
      vertex 20.61 14.8349 5.5
    endloop
  endfacet
  facet normal 0.555617 -0.831438 0
    outer loop
      vertex 20.8819 15.0166 5.5
      vertex 20.61 14.8349 2.5
      vertex 20.8819 15.0166 2.5
    endloop
  endfacet
  facet normal -0.195116 0.98078 0
    outer loop
      vertex 19.0337 19.4786 2.5
      vertex 18.713 19.4148 5.5
      vertex 19.0337 19.4786 5.5
    endloop
  endfacet
  facet normal -0.195116 0.98078 0
    outer loop
      vertex 18.713 19.4148 5.5
      vertex 19.0337 19.4786 2.5
      vertex 18.713 19.4148 2.5
    endloop
  endfacet
  facet normal -0.997856 0.0654432 0
    outer loop
      vertex 16.86 17 2.5
      vertex 16.8814 17.3263 5.5
      vertex 16.8814 17.3263 2.5
    endloop
  endfacet
  facet normal -0.997856 0.0654432 0
    outer loop
      vertex 16.8814 17.3263 5.5
      vertex 16.86 17 2.5
      vertex 16.86 17 5.5
    endloop
  endfacet
  facet normal -0.32136 -0.946957 0
    outer loop
      vertex 18.4033 14.6903 2.5
      vertex 18.713 14.5852 5.5
      vertex 18.4033 14.6903 5.5
    endloop
  endfacet
  facet normal -0.32136 -0.946957 -0
    outer loop
      vertex 18.713 14.5852 5.5
      vertex 18.4033 14.6903 2.5
      vertex 18.713 14.5852 2.5
    endloop
  endfacet
  facet normal -0.751913 -0.659262 0
    outer loop
      vertex 17.5922 15.2322 2.5
      vertex 17.3766 15.4781 5.5
      vertex 17.3766 15.4781 2.5
    endloop
  endfacet
  facet normal -0.751913 -0.659262 0
    outer loop
      vertex 17.3766 15.4781 5.5
      vertex 17.5922 15.2322 2.5
      vertex 17.5922 15.2322 5.5
    endloop
  endfacet
  facet normal 0 0 1
    outer loop
      vertex 20.26 17 5.5
      vertex 21.86 17 5.5
      vertex 21.8386 17.3263 5.5
    endloop
  endfacet
  facet normal 0 0 1
    outer loop
      vertex 20.2523 17.1175 5.5
      vertex 21.8386 17.3263 5.5
      vertex 21.7748 17.647 5.5
    endloop
  endfacet
  facet normal 0 0 1
    outer loop
      vertex 21.86 17 5.5
      vertex 20.26 17 5.5
      vertex 21.8386 16.6737 5.5
    endloop
  endfacet
  facet normal 0 0 1
    outer loop
      vertex 20.2293 17.2329 5.5
      vertex 21.7748 17.647 5.5
      vertex 21.6697 17.9567 5.5
    endloop
  endfacet
  facet normal -0 0 1
    outer loop
      vertex 20.2523 16.8825 5.5
      vertex 21.8386 16.6737 5.5
      vertex 20.26 17 5.5
    endloop
  endfacet
  facet normal 0 0 1
    outer loop
      vertex 20.1915 17.3444 5.5
      vertex 21.6697 17.9567 5.5
      vertex 21.5251 18.25 5.5
    endloop
  endfacet
  facet normal 0 0 1
    outer loop
      vertex 21.8386 16.6737 5.5
      vertex 20.2523 16.8825 5.5
      vertex 21.7748 16.353 5.5
    endloop
  endfacet
  facet normal 0 0 1
    outer loop
      vertex 20.1394 17.45 5.5
      vertex 21.5251 18.25 5.5
      vertex 21.3434 18.5219 5.5
    endloop
  endfacet
  facet normal -0 0 1
    outer loop
      vertex 20.2293 16.7671 5.5
      vertex 21.7748 16.353 5.5
      vertex 20.2523 16.8825 5.5
    endloop
  endfacet
  facet normal 0 0 1
    outer loop
      vertex 20.074 17.5479 5.5
      vertex 21.3434 18.5219 5.5
      vertex 21.1278 18.7678 5.5
    endloop
  endfacet
  facet normal 0 0 1
    outer loop
      vertex 21.7748 16.353 5.5
      vertex 20.2293 16.7671 5.5
      vertex 21.6697 16.0433 5.5
    endloop
  endfacet
  facet normal 0 0 1
    outer loop
      vertex 19.9964 17.6364 5.5
      vertex 21.1278 18.7678 5.5
      vertex 20.8819 18.9834 5.5
    endloop
  endfacet
  facet normal -0 0 1
    outer loop
      vertex 20.1915 16.6556 5.5
      vertex 21.6697 16.0433 5.5
      vertex 20.2293 16.7671 5.5
    endloop
  endfacet
  facet normal 0 0 1
    outer loop
      vertex 19.9079 17.714 5.5
      vertex 20.8819 18.9834 5.5
      vertex 20.61 19.1651 5.5
    endloop
  endfacet
  facet normal 0 0 1
    outer loop
      vertex 21.6697 16.0433 5.5
      vertex 20.1915 16.6556 5.5
      vertex 21.5251 15.75 5.5
    endloop
  endfacet
  facet normal 0 0 1
    outer loop
      vertex 19.81 17.7794 5.5
      vertex 20.61 19.1651 5.5
      vertex 20.3167 19.3097 5.5
    endloop
  endfacet
  facet normal -0 0 1
    outer loop
      vertex 20.1394 16.55 5.5
      vertex 21.5251 15.75 5.5
      vertex 20.1915 16.6556 5.5
    endloop
  endfacet
  facet normal 0 0 1
    outer loop
      vertex 21.5251 15.75 5.5
      vertex 20.1394 16.55 5.5
      vertex 21.3434 15.4781 5.5
    endloop
  endfacet
  facet normal 0 0 1
    outer loop
      vertex 21.8386 17.3263 5.5
      vertex 20.2523 17.1175 5.5
      vertex 20.26 17 5.5
    endloop
  endfacet
  facet normal 0 0 1
    outer loop
      vertex 21.7748 17.647 5.5
      vertex 20.2293 17.2329 5.5
      vertex 20.2523 17.1175 5.5
    endloop
  endfacet
  facet normal 0 0 1
    outer loop
      vertex 21.6697 17.9567 5.5
      vertex 20.1915 17.3444 5.5
      vertex 20.2293 17.2329 5.5
    endloop
  endfacet
  facet normal 0 0 1
    outer loop
      vertex 21.5251 18.25 5.5
      vertex 20.1394 17.45 5.5
      vertex 20.1915 17.3444 5.5
    endloop
  endfacet
  facet normal 0 0 1
    outer loop
      vertex 21.3434 18.5219 5.5
      vertex 20.074 17.5479 5.5
      vertex 20.1394 17.45 5.5
    endloop
  endfacet
  facet normal 0 0 1
    outer loop
      vertex 19.7044 17.8315 5.5
      vertex 20.3167 19.3097 5.5
      vertex 20.007 19.4148 5.5
    endloop
  endfacet
  facet normal 0 0 1
    outer loop
      vertex 21.1278 18.7678 5.5
      vertex 19.9964 17.6364 5.5
      vertex 20.074 17.5479 5.5
    endloop
  endfacet
  facet normal 0 0 1
    outer loop
      vertex 20.8819 18.9834 5.5
      vertex 19.9079 17.714 5.5
      vertex 19.9964 17.6364 5.5
    endloop
  endfacet
  facet normal 0 0 1
    outer loop
      vertex 20.61 19.1651 5.5
      vertex 19.81 17.7794 5.5
      vertex 19.9079 17.714 5.5
    endloop
  endfacet
  facet normal 0 0 1
    outer loop
      vertex 20.3167 19.3097 5.5
      vertex 19.7044 17.8315 5.5
      vertex 19.81 17.7794 5.5
    endloop
  endfacet
  facet normal 0 0 1
    outer loop
      vertex 19.5929 17.8693 5.5
      vertex 20.007 19.4148 5.5
      vertex 19.6863 19.4786 5.5
    endloop
  endfacet
  facet normal 0 0 1
    outer loop
      vertex 20.007 19.4148 5.5
      vertex 19.5929 17.8693 5.5
      vertex 19.7044 17.8315 5.5
    endloop
  endfacet
  facet normal 0 0 1
    outer loop
      vertex 19.6863 19.4786 5.5
      vertex 19.4775 17.8923 5.5
      vertex 19.5929 17.8693 5.5
    endloop
  endfacet
  facet normal 0 0 1
    outer loop
      vertex 19.36 19.5 5.5
      vertex 19.4775 17.8923 5.5
      vertex 19.6863 19.4786 5.5
    endloop
  endfacet
  facet normal 0 0 1
    outer loop
      vertex 19.36 19.5 5.5
      vertex 19.36 17.9 5.5
      vertex 19.4775 17.8923 5.5
    endloop
  endfacet
  facet normal 0 0 1
    outer loop
      vertex 19.36 19.5 5.5
      vertex 19.2425 17.8923 5.5
      vertex 19.36 17.9 5.5
    endloop
  endfacet
  facet normal -0 0 1
    outer loop
      vertex 19.0337 19.4786 5.5
      vertex 19.2425 17.8923 5.5
      vertex 19.36 19.5 5.5
    endloop
  endfacet
  facet normal 0 0 1
    outer loop
      vertex 19.2425 17.8923 5.5
      vertex 19.0337 19.4786 5.5
      vertex 19.1271 17.8693 5.5
    endloop
  endfacet
  facet normal -0 0 1
    outer loop
      vertex 18.713 19.4148 5.5
      vertex 19.1271 17.8693 5.5
      vertex 19.0337 19.4786 5.5
    endloop
  endfacet
  facet normal 0 0 1
    outer loop
      vertex 19.1271 17.8693 5.5
      vertex 18.713 19.4148 5.5
      vertex 19.0156 17.8315 5.5
    endloop
  endfacet
  facet normal -0 0 1
    outer loop
      vertex 18.4033 19.3097 5.5
      vertex 19.0156 17.8315 5.5
      vertex 18.713 19.4148 5.5
    endloop
  endfacet
  facet normal 0 0 1
    outer loop
      vertex 19.0156 17.8315 5.5
      vertex 18.4033 19.3097 5.5
      vertex 18.91 17.7794 5.5
    endloop
  endfacet
  facet normal -0 0 1
    outer loop
      vertex 18.11 19.1651 5.5
      vertex 18.91 17.7794 5.5
      vertex 18.4033 19.3097 5.5
    endloop
  endfacet
  facet normal 0 0 1
    outer loop
      vertex 18.91 17.7794 5.5
      vertex 18.11 19.1651 5.5
      vertex 18.8121 17.714 5.5
    endloop
  endfacet
  facet normal -0 0 1
    outer loop
      vertex 17.8381 18.9834 5.5
      vertex 18.8121 17.714 5.5
      vertex 18.11 19.1651 5.5
    endloop
  endfacet
  facet normal 0 0 1
    outer loop
      vertex 18.8121 17.714 5.5
      vertex 17.8381 18.9834 5.5
      vertex 18.7236 17.6364 5.5
    endloop
  endfacet
  facet normal -0 0 1
    outer loop
      vertex 17.5922 18.7678 5.5
      vertex 18.7236 17.6364 5.5
      vertex 17.8381 18.9834 5.5
    endloop
  endfacet
  facet normal 0 0 1
    outer loop
      vertex 18.7236 17.6364 5.5
      vertex 17.5922 18.7678 5.5
      vertex 18.646 17.5479 5.5
    endloop
  endfacet
  facet normal 0 0 1
    outer loop
      vertex 18.646 17.5479 5.5
      vertex 17.3766 18.5219 5.5
      vertex 18.5806 17.45 5.5
    endloop
  endfacet
  facet normal -0 0 1
    outer loop
      vertex 17.3766 18.5219 5.5
      vertex 18.646 17.5479 5.5
      vertex 17.5922 18.7678 5.5
    endloop
  endfacet
  facet normal -0 0 1
    outer loop
      vertex 20.074 16.4521 5.5
      vertex 21.3434 15.4781 5.5
      vertex 20.1394 16.55 5.5
    endloop
  endfacet
  facet normal 0 0 1
    outer loop
      vertex 21.3434 15.4781 5.5
      vertex 20.074 16.4521 5.5
      vertex 21.1278 15.2322 5.5
    endloop
  endfacet
  facet normal -0 0 1
    outer loop
      vertex 19.9964 16.3636 5.5
      vertex 21.1278 15.2322 5.5
      vertex 20.074 16.4521 5.5
    endloop
  endfacet
  facet normal 0 0 1
    outer loop
      vertex 21.1278 15.2322 5.5
      vertex 19.9964 16.3636 5.5
      vertex 20.8819 15.0166 5.5
    endloop
  endfacet
  facet normal -0 0 1
    outer loop
      vertex 19.9079 16.286 5.5
      vertex 20.8819 15.0166 5.5
      vertex 19.9964 16.3636 5.5
    endloop
  endfacet
  facet normal 0 0 1
    outer loop
      vertex 20.8819 15.0166 5.5
      vertex 19.9079 16.286 5.5
      vertex 20.61 14.8349 5.5
    endloop
  endfacet
  facet normal -0 0 1
    outer loop
      vertex 19.81 16.2206 5.5
      vertex 20.61 14.8349 5.5
      vertex 19.9079 16.286 5.5
    endloop
  endfacet
  facet normal 0 0 1
    outer loop
      vertex 20.61 14.8349 5.5
      vertex 19.81 16.2206 5.5
      vertex 20.3167 14.6903 5.5
    endloop
  endfacet
  facet normal -0 0 1
    outer loop
      vertex 19.7044 16.1685 5.5
      vertex 20.3167 14.6903 5.5
      vertex 19.81 16.2206 5.5
    endloop
  endfacet
  facet normal 0 0 1
    outer loop
      vertex 20.3167 14.6903 5.5
      vertex 19.7044 16.1685 5.5
      vertex 20.007 14.5852 5.5
    endloop
  endfacet
  facet normal -0 0 1
    outer loop
      vertex 19.5929 16.1307 5.5
      vertex 20.007 14.5852 5.5
      vertex 19.7044 16.1685 5.5
    endloop
  endfacet
  facet normal 0 0 1
    outer loop
      vertex 20.007 14.5852 5.5
      vertex 19.5929 16.1307 5.5
      vertex 19.6863 14.5214 5.5
    endloop
  endfacet
  facet normal -0 0 1
    outer loop
      vertex 19.4775 16.1077 5.5
      vertex 19.6863 14.5214 5.5
      vertex 19.5929 16.1307 5.5
    endloop
  endfacet
  facet normal -0 0 1
    outer loop
      vertex 19.36 16.1 5.5
      vertex 19.6863 14.5214 5.5
      vertex 19.4775 16.1077 5.5
    endloop
  endfacet
  facet normal 0 0 1
    outer loop
      vertex 19.36 16.1 5.5
      vertex 19.36 14.5 5.5
      vertex 19.6863 14.5214 5.5
    endloop
  endfacet
  facet normal 0 0 1
    outer loop
      vertex 19.2425 16.1077 5.5
      vertex 19.36 14.5 5.5
      vertex 19.36 16.1 5.5
    endloop
  endfacet
  facet normal 0 0 1
    outer loop
      vertex 19.0337 14.5214 5.5
      vertex 19.2425 16.1077 5.5
      vertex 19.1271 16.1307 5.5
    endloop
  endfacet
  facet normal 0 0 1
    outer loop
      vertex 19.2425 16.1077 5.5
      vertex 19.0337 14.5214 5.5
      vertex 19.36 14.5 5.5
    endloop
  endfacet
  facet normal 0 0 1
    outer loop
      vertex 18.713 14.5852 5.5
      vertex 19.1271 16.1307 5.5
      vertex 19.0156 16.1685 5.5
    endloop
  endfacet
  facet normal 0 0 1
    outer loop
      vertex 18.4033 14.6903 5.5
      vertex 19.0156 16.1685 5.5
      vertex 18.91 16.2206 5.5
    endloop
  endfacet
  facet normal 0 0 1
    outer loop
      vertex 18.11 14.8349 5.5
      vertex 18.91 16.2206 5.5
      vertex 18.8121 16.286 5.5
    endloop
  endfacet
  facet normal 0 0 1
    outer loop
      vertex 17.8381 15.0166 5.5
      vertex 18.8121 16.286 5.5
      vertex 18.7236 16.3636 5.5
    endloop
  endfacet
  facet normal 0 0 1
    outer loop
      vertex 19.1271 16.1307 5.5
      vertex 18.713 14.5852 5.5
      vertex 19.0337 14.5214 5.5
    endloop
  endfacet
  facet normal 0 0 1
    outer loop
      vertex 17.5922 15.2322 5.5
      vertex 18.7236 16.3636 5.5
      vertex 18.646 16.4521 5.5
    endloop
  endfacet
  facet normal 0 0 1
    outer loop
      vertex 17.3766 15.4781 5.5
      vertex 18.646 16.4521 5.5
      vertex 18.5806 16.55 5.5
    endloop
  endfacet
  facet normal 0 0 1
    outer loop
      vertex 17.1949 15.75 5.5
      vertex 18.5806 16.55 5.5
      vertex 18.5285 16.6556 5.5
    endloop
  endfacet
  facet normal 0 0 1
    outer loop
      vertex 17.0503 16.0433 5.5
      vertex 18.5285 16.6556 5.5
      vertex 18.4907 16.7671 5.5
    endloop
  endfacet
  facet normal 0 0 1
    outer loop
      vertex 16.9452 16.353 5.5
      vertex 18.4907 16.7671 5.5
      vertex 18.4677 16.8825 5.5
    endloop
  endfacet
  facet normal 0 0 1
    outer loop
      vertex 19.0156 16.1685 5.5
      vertex 18.4033 14.6903 5.5
      vertex 18.713 14.5852 5.5
    endloop
  endfacet
  facet normal 0 0 1
    outer loop
      vertex 16.8814 16.6737 5.5
      vertex 18.4677 16.8825 5.5
      vertex 18.46 17 5.5
    endloop
  endfacet
  facet normal -0 0 1
    outer loop
      vertex 17.1949 18.25 5.5
      vertex 18.5806 17.45 5.5
      vertex 17.3766 18.5219 5.5
    endloop
  endfacet
  facet normal 0 0 1
    outer loop
      vertex 18.5806 17.45 5.5
      vertex 17.1949 18.25 5.5
      vertex 18.5285 17.3444 5.5
    endloop
  endfacet
  facet normal 0 0 1
    outer loop
      vertex 18.91 16.2206 5.5
      vertex 18.11 14.8349 5.5
      vertex 18.4033 14.6903 5.5
    endloop
  endfacet
  facet normal -0 0 1
    outer loop
      vertex 17.0503 17.9567 5.5
      vertex 18.5285 17.3444 5.5
      vertex 17.1949 18.25 5.5
    endloop
  endfacet
  facet normal 0 0 1
    outer loop
      vertex 18.8121 16.286 5.5
      vertex 17.8381 15.0166 5.5
      vertex 18.11 14.8349 5.5
    endloop
  endfacet
  facet normal 0 0 1
    outer loop
      vertex 18.5285 17.3444 5.5
      vertex 17.0503 17.9567 5.5
      vertex 18.4907 17.2329 5.5
    endloop
  endfacet
  facet normal 0 0 1
    outer loop
      vertex 18.7236 16.3636 5.5
      vertex 17.5922 15.2322 5.5
      vertex 17.8381 15.0166 5.5
    endloop
  endfacet
  facet normal -0 0 1
    outer loop
      vertex 16.9452 17.647 5.5
      vertex 18.4907 17.2329 5.5
      vertex 17.0503 17.9567 5.5
    endloop
  endfacet
  facet normal 0 0 1
    outer loop
      vertex 18.646 16.4521 5.5
      vertex 17.3766 15.4781 5.5
      vertex 17.5922 15.2322 5.5
    endloop
  endfacet
  facet normal 0 0 1
    outer loop
      vertex 18.4907 17.2329 5.5
      vertex 16.9452 17.647 5.5
      vertex 18.4677 17.1175 5.5
    endloop
  endfacet
  facet normal 0 0 1
    outer loop
      vertex 18.5806 16.55 5.5
      vertex 17.1949 15.75 5.5
      vertex 17.3766 15.4781 5.5
    endloop
  endfacet
  facet normal -0 0 1
    outer loop
      vertex 16.8814 17.3263 5.5
      vertex 18.4677 17.1175 5.5
      vertex 16.9452 17.647 5.5
    endloop
  endfacet
  facet normal 0 0 1
    outer loop
      vertex 18.5285 16.6556 5.5
      vertex 17.0503 16.0433 5.5
      vertex 17.1949 15.75 5.5
    endloop
  endfacet
  facet normal 0 0 1
    outer loop
      vertex 18.4677 17.1175 5.5
      vertex 16.8814 17.3263 5.5
      vertex 18.46 17 5.5
    endloop
  endfacet
  facet normal 0 0 1
    outer loop
      vertex 18.4907 16.7671 5.5
      vertex 16.9452 16.353 5.5
      vertex 17.0503 16.0433 5.5
    endloop
  endfacet
  facet normal 0 0 1
    outer loop
      vertex 16.86 17 5.5
      vertex 18.46 17 5.5
      vertex 16.8814 17.3263 5.5
    endloop
  endfacet
  facet normal 0 0 1
    outer loop
      vertex 18.4677 16.8825 5.5
      vertex 16.8814 16.6737 5.5
      vertex 16.9452 16.353 5.5
    endloop
  endfacet
  facet normal 0 0 1
    outer loop
      vertex 18.46 17 5.5
      vertex 16.86 17 5.5
      vertex 16.8814 16.6737 5.5
    endloop
  endfacet
  facet normal -0.831438 0.555617 0
    outer loop
      vertex 17.1949 18.25 2.5
      vertex 17.3766 18.5219 5.5
      vertex 17.3766 18.5219 2.5
    endloop
  endfacet
  facet normal -0.831438 0.555617 0
    outer loop
      vertex 17.3766 18.5219 5.5
      vertex 17.1949 18.25 2.5
      vertex 17.1949 18.25 5.5
    endloop
  endfacet
  facet normal -0.321065 -0.947057 0
    outer loop
      vertex 19.5929 17.8693 2.5
      vertex 19.7044 17.8315 5.5
      vertex 19.5929 17.8693 5.5
    endloop
  endfacet
  facet normal -0.321065 -0.947057 -0
    outer loop
      vertex 19.7044 17.8315 5.5
      vertex 19.5929 17.8693 2.5
      vertex 19.7044 17.8315 2.5
    endloop
  endfacet
  facet normal -0.980711 -0.195462 0
    outer loop
      vertex 20.2523 17.1175 2.5
      vertex 20.2293 17.2329 5.5
      vertex 20.2293 17.2329 2.5
    endloop
  endfacet
  facet normal -0.980711 -0.195462 0
    outer loop
      vertex 20.2293 17.2329 5.5
      vertex 20.2523 17.1175 2.5
      vertex 20.2523 17.1175 5.5
    endloop
  endfacet
  facet normal -0.99786 -0.0653917 0
    outer loop
      vertex 20.26 17 2.5
      vertex 20.2523 17.1175 5.5
      vertex 20.2523 17.1175 2.5
    endloop
  endfacet
  facet normal -0.99786 -0.0653917 0
    outer loop
      vertex 20.2523 17.1175 5.5
      vertex 20.26 17 2.5
      vertex 20.26 17 5.5
    endloop
  endfacet
  facet normal -0.947057 -0.321065 0
    outer loop
      vertex 20.2293 17.2329 2.5
      vertex 20.1915 17.3444 5.5
      vertex 20.1915 17.3444 2.5
    endloop
  endfacet
  facet normal -0.947057 -0.321065 0
    outer loop
      vertex 20.1915 17.3444 5.5
      vertex 20.2293 17.2329 2.5
      vertex 20.2293 17.2329 5.5
    endloop
  endfacet
  facet normal -0.442452 -0.896792 0
    outer loop
      vertex 19.7044 17.8315 2.5
      vertex 19.81 17.7794 5.5
      vertex 19.7044 17.8315 5.5
    endloop
  endfacet
  facet normal -0.442452 -0.896792 -0
    outer loop
      vertex 19.81 17.7794 5.5
      vertex 19.7044 17.8315 2.5
      vertex 19.81 17.7794 2.5
    endloop
  endfacet
  facet normal 0.99786 0.0653917 0
    outer loop
      vertex 18.4677 16.8825 5.5
      vertex 18.46 17 2.5
      vertex 18.46 17 5.5
    endloop
  endfacet
  facet normal 0.99786 0.0653917 0
    outer loop
      vertex 18.46 17 2.5
      vertex 18.4677 16.8825 5.5
      vertex 18.4677 16.8825 2.5
    endloop
  endfacet
  facet normal -0.896792 -0.442452 0
    outer loop
      vertex 20.1915 17.3444 2.5
      vertex 20.1394 17.45 5.5
      vertex 20.1394 17.45 2.5
    endloop
  endfacet
  facet normal -0.896792 -0.442452 0
    outer loop
      vertex 20.1394 17.45 5.5
      vertex 20.1915 17.3444 2.5
      vertex 20.1915 17.3444 5.5
    endloop
  endfacet
  facet normal -0.831527 -0.555484 0
    outer loop
      vertex 20.1394 17.45 2.5
      vertex 20.074 17.5479 5.5
      vertex 20.074 17.5479 2.5
    endloop
  endfacet
  facet normal -0.831527 -0.555484 0
    outer loop
      vertex 20.074 17.5479 5.5
      vertex 20.1394 17.45 2.5
      vertex 20.1394 17.45 5.5
    endloop
  endfacet
  facet normal 0.659286 -0.751892 0
    outer loop
      vertex 18.7236 17.6364 2.5
      vertex 18.8121 17.714 5.5
      vertex 18.7236 17.6364 5.5
    endloop
  endfacet
  facet normal 0.659286 -0.751892 0
    outer loop
      vertex 18.8121 17.714 5.5
      vertex 18.7236 17.6364 2.5
      vertex 18.8121 17.714 2.5
    endloop
  endfacet
  facet normal -0.751892 -0.659286 0
    outer loop
      vertex 20.074 17.5479 2.5
      vertex 19.9964 17.6364 5.5
      vertex 19.9964 17.6364 2.5
    endloop
  endfacet
  facet normal -0.751892 -0.659286 0
    outer loop
      vertex 19.9964 17.6364 5.5
      vertex 20.074 17.5479 2.5
      vertex 20.074 17.5479 5.5
    endloop
  endfacet
  facet normal 0.980711 -0.195462 0
    outer loop
      vertex 18.4677 17.1175 5.5
      vertex 18.4907 17.2329 2.5
      vertex 18.4907 17.2329 5.5
    endloop
  endfacet
  facet normal 0.980711 -0.195462 0
    outer loop
      vertex 18.4907 17.2329 2.5
      vertex 18.4677 17.1175 5.5
      vertex 18.4677 17.1175 2.5
    endloop
  endfacet
  facet normal 0.555484 0.831527 -0
    outer loop
      vertex 18.91 16.2206 2.5
      vertex 18.8121 16.286 5.5
      vertex 18.91 16.2206 5.5
    endloop
  endfacet
  facet normal 0.555484 0.831527 0
    outer loop
      vertex 18.8121 16.286 5.5
      vertex 18.91 16.2206 2.5
      vertex 18.8121 16.286 2.5
    endloop
  endfacet
  facet normal 0.99786 -0.0653917 0
    outer loop
      vertex 18.46 17 5.5
      vertex 18.4677 17.1175 2.5
      vertex 18.4677 17.1175 5.5
    endloop
  endfacet
  facet normal 0.99786 -0.0653917 0
    outer loop
      vertex 18.4677 17.1175 2.5
      vertex 18.46 17 5.5
      vertex 18.46 17 2.5
    endloop
  endfacet
  facet normal 0.751892 0.659286 0
    outer loop
      vertex 18.7236 16.3636 5.5
      vertex 18.646 16.4521 2.5
      vertex 18.646 16.4521 5.5
    endloop
  endfacet
  facet normal 0.751892 0.659286 0
    outer loop
      vertex 18.646 16.4521 2.5
      vertex 18.7236 16.3636 5.5
      vertex 18.7236 16.3636 2.5
    endloop
  endfacet
  facet normal -0.555484 -0.831527 0
    outer loop
      vertex 19.81 17.7794 2.5
      vertex 19.9079 17.714 5.5
      vertex 19.81 17.7794 5.5
    endloop
  endfacet
  facet normal -0.555484 -0.831527 -0
    outer loop
      vertex 19.9079 17.714 5.5
      vertex 19.81 17.7794 2.5
      vertex 19.9079 17.714 2.5
    endloop
  endfacet
  facet normal -0.195462 0.980711 0
    outer loop
      vertex 19.5929 16.1307 2.5
      vertex 19.4775 16.1077 5.5
      vertex 19.5929 16.1307 5.5
    endloop
  endfacet
  facet normal -0.195462 0.980711 0
    outer loop
      vertex 19.4775 16.1077 5.5
      vertex 19.5929 16.1307 2.5
      vertex 19.4775 16.1077 2.5
    endloop
  endfacet
  facet normal 0.442452 -0.896792 0
    outer loop
      vertex 18.91 17.7794 2.5
      vertex 19.0156 17.8315 5.5
      vertex 18.91 17.7794 5.5
    endloop
  endfacet
  facet normal 0.442452 -0.896792 0
    outer loop
      vertex 19.0156 17.8315 5.5
      vertex 18.91 17.7794 2.5
      vertex 19.0156 17.8315 2.5
    endloop
  endfacet
  facet normal 0.321065 0.947057 -0
    outer loop
      vertex 19.1271 16.1307 2.5
      vertex 19.0156 16.1685 5.5
      vertex 19.1271 16.1307 5.5
    endloop
  endfacet
  facet normal 0.321065 0.947057 0
    outer loop
      vertex 19.0156 16.1685 5.5
      vertex 19.1271 16.1307 2.5
      vertex 19.0156 16.1685 2.5
    endloop
  endfacet
  facet normal -0.980711 0.195462 0
    outer loop
      vertex 20.2293 16.7671 2.5
      vertex 20.2523 16.8825 5.5
      vertex 20.2523 16.8825 2.5
    endloop
  endfacet
  facet normal -0.980711 0.195462 0
    outer loop
      vertex 20.2523 16.8825 5.5
      vertex 20.2293 16.7671 2.5
      vertex 20.2293 16.7671 5.5
    endloop
  endfacet
  facet normal 0.751892 -0.659286 0
    outer loop
      vertex 18.646 17.5479 5.5
      vertex 18.7236 17.6364 2.5
      vertex 18.7236 17.6364 5.5
    endloop
  endfacet
  facet normal 0.751892 -0.659286 0
    outer loop
      vertex 18.7236 17.6364 2.5
      vertex 18.646 17.5479 5.5
      vertex 18.646 17.5479 2.5
    endloop
  endfacet
  facet normal -0.831527 0.555484 0
    outer loop
      vertex 20.074 16.4521 2.5
      vertex 20.1394 16.55 5.5
      vertex 20.1394 16.55 2.5
    endloop
  endfacet
  facet normal -0.831527 0.555484 0
    outer loop
      vertex 20.1394 16.55 5.5
      vertex 20.074 16.4521 2.5
      vertex 20.074 16.4521 5.5
    endloop
  endfacet
  facet normal 0.321065 -0.947057 0
    outer loop
      vertex 19.0156 17.8315 2.5
      vertex 19.1271 17.8693 5.5
      vertex 19.0156 17.8315 5.5
    endloop
  endfacet
  facet normal 0.321065 -0.947057 0
    outer loop
      vertex 19.1271 17.8693 5.5
      vertex 19.0156 17.8315 2.5
      vertex 19.1271 17.8693 2.5
    endloop
  endfacet
  facet normal 0.980711 0.195462 0
    outer loop
      vertex 18.4907 16.7671 5.5
      vertex 18.4677 16.8825 2.5
      vertex 18.4677 16.8825 5.5
    endloop
  endfacet
  facet normal 0.980711 0.195462 0
    outer loop
      vertex 18.4677 16.8825 2.5
      vertex 18.4907 16.7671 5.5
      vertex 18.4907 16.7671 2.5
    endloop
  endfacet
  facet normal 0.195462 0.980711 -0
    outer loop
      vertex 19.2425 16.1077 2.5
      vertex 19.1271 16.1307 5.5
      vertex 19.2425 16.1077 5.5
    endloop
  endfacet
  facet normal 0.195462 0.980711 0
    outer loop
      vertex 19.1271 16.1307 5.5
      vertex 19.2425 16.1077 2.5
      vertex 19.1271 16.1307 2.5
    endloop
  endfacet
  facet normal -0.947057 0.321065 0
    outer loop
      vertex 20.1915 16.6556 2.5
      vertex 20.2293 16.7671 5.5
      vertex 20.2293 16.7671 2.5
    endloop
  endfacet
  facet normal -0.947057 0.321065 0
    outer loop
      vertex 20.2293 16.7671 5.5
      vertex 20.1915 16.6556 2.5
      vertex 20.1915 16.6556 5.5
    endloop
  endfacet
  facet normal -0.0653917 0.99786 0
    outer loop
      vertex 19.4775 16.1077 2.5
      vertex 19.36 16.1 5.5
      vertex 19.4775 16.1077 5.5
    endloop
  endfacet
  facet normal -0.0653917 0.99786 0
    outer loop
      vertex 19.36 16.1 5.5
      vertex 19.4775 16.1077 2.5
      vertex 19.36 16.1 2.5
    endloop
  endfacet
  facet normal -0.751892 0.659286 0
    outer loop
      vertex 19.9964 16.3636 2.5
      vertex 20.074 16.4521 5.5
      vertex 20.074 16.4521 2.5
    endloop
  endfacet
  facet normal -0.751892 0.659286 0
    outer loop
      vertex 20.074 16.4521 5.5
      vertex 19.9964 16.3636 2.5
      vertex 19.9964 16.3636 5.5
    endloop
  endfacet
  facet normal 0.0653917 -0.99786 0
    outer loop
      vertex 19.2425 17.8923 2.5
      vertex 19.36 17.9 5.5
      vertex 19.2425 17.8923 5.5
    endloop
  endfacet
  facet normal 0.0653917 -0.99786 0
    outer loop
      vertex 19.36 17.9 5.5
      vertex 19.2425 17.8923 2.5
      vertex 19.36 17.9 2.5
    endloop
  endfacet
  facet normal -0.555484 0.831527 0
    outer loop
      vertex 19.9079 16.286 2.5
      vertex 19.81 16.2206 5.5
      vertex 19.9079 16.286 5.5
    endloop
  endfacet
  facet normal -0.555484 0.831527 0
    outer loop
      vertex 19.81 16.2206 5.5
      vertex 19.9079 16.286 2.5
      vertex 19.81 16.2206 2.5
    endloop
  endfacet
  facet normal 0.659286 0.751892 -0
    outer loop
      vertex 18.8121 16.286 2.5
      vertex 18.7236 16.3636 5.5
      vertex 18.8121 16.286 5.5
    endloop
  endfacet
  facet normal 0.659286 0.751892 0
    outer loop
      vertex 18.7236 16.3636 5.5
      vertex 18.8121 16.286 2.5
      vertex 18.7236 16.3636 2.5
    endloop
  endfacet
  facet normal -0.659286 -0.751892 0
    outer loop
      vertex 19.9079 17.714 2.5
      vertex 19.9964 17.6364 5.5
      vertex 19.9079 17.714 5.5
    endloop
  endfacet
  facet normal -0.659286 -0.751892 -0
    outer loop
      vertex 19.9964 17.6364 5.5
      vertex 19.9079 17.714 2.5
      vertex 19.9964 17.6364 2.5
    endloop
  endfacet
  facet normal 0.896792 -0.442452 0
    outer loop
      vertex 18.5285 17.3444 5.5
      vertex 18.5806 17.45 2.5
      vertex 18.5806 17.45 5.5
    endloop
  endfacet
  facet normal 0.896792 -0.442452 0
    outer loop
      vertex 18.5806 17.45 2.5
      vertex 18.5285 17.3444 5.5
      vertex 18.5285 17.3444 2.5
    endloop
  endfacet
  facet normal -0.0653917 -0.99786 0
    outer loop
      vertex 19.36 17.9 2.5
      vertex 19.4775 17.8923 5.5
      vertex 19.36 17.9 5.5
    endloop
  endfacet
  facet normal -0.0653917 -0.99786 -0
    outer loop
      vertex 19.4775 17.8923 5.5
      vertex 19.36 17.9 2.5
      vertex 19.4775 17.8923 2.5
    endloop
  endfacet
  facet normal -0.99786 0.0653917 0
    outer loop
      vertex 20.2523 16.8825 2.5
      vertex 20.26 17 5.5
      vertex 20.26 17 2.5
    endloop
  endfacet
  facet normal -0.99786 0.0653917 0
    outer loop
      vertex 20.26 17 5.5
      vertex 20.2523 16.8825 2.5
      vertex 20.2523 16.8825 5.5
    endloop
  endfacet
  facet normal 0.195462 -0.980711 0
    outer loop
      vertex 19.1271 17.8693 2.5
      vertex 19.2425 17.8923 5.5
      vertex 19.1271 17.8693 5.5
    endloop
  endfacet
  facet normal 0.195462 -0.980711 0
    outer loop
      vertex 19.2425 17.8923 5.5
      vertex 19.1271 17.8693 2.5
      vertex 19.2425 17.8923 2.5
    endloop
  endfacet
  facet normal 0.555484 -0.831527 0
    outer loop
      vertex 18.8121 17.714 2.5
      vertex 18.91 17.7794 5.5
      vertex 18.8121 17.714 5.5
    endloop
  endfacet
  facet normal 0.555484 -0.831527 0
    outer loop
      vertex 18.91 17.7794 5.5
      vertex 18.8121 17.714 2.5
      vertex 18.91 17.7794 2.5
    endloop
  endfacet
  facet normal 0.0653917 0.99786 -0
    outer loop
      vertex 19.36 16.1 2.5
      vertex 19.2425 16.1077 5.5
      vertex 19.36 16.1 5.5
    endloop
  endfacet
  facet normal 0.0653917 0.99786 0
    outer loop
      vertex 19.2425 16.1077 5.5
      vertex 19.36 16.1 2.5
      vertex 19.2425 16.1077 2.5
    endloop
  endfacet
  facet normal -0.896792 0.442452 0
    outer loop
      vertex 20.1394 16.55 2.5
      vertex 20.1915 16.6556 5.5
      vertex 20.1915 16.6556 2.5
    endloop
  endfacet
  facet normal -0.896792 0.442452 0
    outer loop
      vertex 20.1915 16.6556 5.5
      vertex 20.1394 16.55 2.5
      vertex 20.1394 16.55 5.5
    endloop
  endfacet
  facet normal 0.947057 -0.321065 0
    outer loop
      vertex 18.4907 17.2329 5.5
      vertex 18.5285 17.3444 2.5
      vertex 18.5285 17.3444 5.5
    endloop
  endfacet
  facet normal 0.947057 -0.321065 0
    outer loop
      vertex 18.5285 17.3444 2.5
      vertex 18.4907 17.2329 5.5
      vertex 18.4907 17.2329 2.5
    endloop
  endfacet
  facet normal 0.947057 0.321065 0
    outer loop
      vertex 18.5285 16.6556 5.5
      vertex 18.4907 16.7671 2.5
      vertex 18.4907 16.7671 5.5
    endloop
  endfacet
  facet normal 0.947057 0.321065 0
    outer loop
      vertex 18.4907 16.7671 2.5
      vertex 18.5285 16.6556 5.5
      vertex 18.5285 16.6556 2.5
    endloop
  endfacet
  facet normal 0.831527 -0.555484 0
    outer loop
      vertex 18.5806 17.45 5.5
      vertex 18.646 17.5479 2.5
      vertex 18.646 17.5479 5.5
    endloop
  endfacet
  facet normal 0.831527 -0.555484 0
    outer loop
      vertex 18.646 17.5479 2.5
      vertex 18.5806 17.45 5.5
      vertex 18.5806 17.45 2.5
    endloop
  endfacet
  facet normal -0.442452 0.896792 0
    outer loop
      vertex 19.81 16.2206 2.5
      vertex 19.7044 16.1685 5.5
      vertex 19.81 16.2206 5.5
    endloop
  endfacet
  facet normal -0.442452 0.896792 0
    outer loop
      vertex 19.7044 16.1685 5.5
      vertex 19.81 16.2206 2.5
      vertex 19.7044 16.1685 2.5
    endloop
  endfacet
  facet normal -0.321065 0.947057 0
    outer loop
      vertex 19.7044 16.1685 2.5
      vertex 19.5929 16.1307 5.5
      vertex 19.7044 16.1685 5.5
    endloop
  endfacet
  facet normal -0.321065 0.947057 0
    outer loop
      vertex 19.5929 16.1307 5.5
      vertex 19.7044 16.1685 2.5
      vertex 19.5929 16.1307 2.5
    endloop
  endfacet
  facet normal -0.659286 0.751892 0
    outer loop
      vertex 19.9964 16.3636 2.5
      vertex 19.9079 16.286 5.5
      vertex 19.9964 16.3636 5.5
    endloop
  endfacet
  facet normal -0.659286 0.751892 0
    outer loop
      vertex 19.9079 16.286 5.5
      vertex 19.9964 16.3636 2.5
      vertex 19.9079 16.286 2.5
    endloop
  endfacet
  facet normal 0.896792 0.442452 0
    outer loop
      vertex 18.5806 16.55 5.5
      vertex 18.5285 16.6556 2.5
      vertex 18.5285 16.6556 5.5
    endloop
  endfacet
  facet normal 0.896792 0.442452 0
    outer loop
      vertex 18.5285 16.6556 2.5
      vertex 18.5806 16.55 5.5
      vertex 18.5806 16.55 2.5
    endloop
  endfacet
  facet normal -0.195462 -0.980711 0
    outer loop
      vertex 19.4775 17.8923 2.5
      vertex 19.5929 17.8693 5.5
      vertex 19.4775 17.8923 5.5
    endloop
  endfacet
  facet normal -0.195462 -0.980711 -0
    outer loop
      vertex 19.5929 17.8693 5.5
      vertex 19.4775 17.8923 2.5
      vertex 19.5929 17.8693 2.5
    endloop
  endfacet
  facet normal 0.442452 0.896792 -0
    outer loop
      vertex 19.0156 16.1685 2.5
      vertex 18.91 16.2206 5.5
      vertex 19.0156 16.1685 5.5
    endloop
  endfacet
  facet normal 0.442452 0.896792 0
    outer loop
      vertex 18.91 16.2206 5.5
      vertex 19.0156 16.1685 2.5
      vertex 18.91 16.2206 2.5
    endloop
  endfacet
  facet normal 0.831527 0.555484 0
    outer loop
      vertex 18.646 16.4521 5.5
      vertex 18.5806 16.55 2.5
      vertex 18.5806 16.55 5.5
    endloop
  endfacet
  facet normal 0.831527 0.555484 0
    outer loop
      vertex 18.5806 16.55 2.5
      vertex 18.646 16.4521 5.5
      vertex 18.646 16.4521 2.5
    endloop
  endfacet
  facet normal -0.32136 0.946957 0
    outer loop
      vertex 18.713 33.4148 2.5
      vertex 18.4033 33.3097 5.5
      vertex 18.713 33.4148 5.5
    endloop
  endfacet
  facet normal -0.32136 0.946957 0
    outer loop
      vertex 18.4033 33.3097 5.5
      vertex 18.713 33.4148 2.5
      vertex 18.4033 33.3097 2.5
    endloop
  endfacet
  facet normal 0.98078 0.195116 0
    outer loop
      vertex 21.8386 31.3263 5.5
      vertex 21.7748 31.647 2.5
      vertex 21.7748 31.647 5.5
    endloop
  endfacet
  facet normal 0.98078 0.195116 0
    outer loop
      vertex 21.7748 31.647 2.5
      vertex 21.8386 31.3263 5.5
      vertex 21.8386 31.3263 2.5
    endloop
  endfacet
  facet normal 0.997856 0.0654432 0
    outer loop
      vertex 21.86 31 5.5
      vertex 21.8386 31.3263 2.5
      vertex 21.8386 31.3263 5.5
    endloop
  endfacet
  facet normal 0.997856 0.0654432 0
    outer loop
      vertex 21.8386 31.3263 2.5
      vertex 21.86 31 5.5
      vertex 21.86 31 2.5
    endloop
  endfacet
  facet normal -0.98078 0.195116 0
    outer loop
      vertex 16.8814 31.3263 2.5
      vertex 16.9452 31.647 5.5
      vertex 16.9452 31.647 2.5
    endloop
  endfacet
  facet normal -0.98078 0.195116 0
    outer loop
      vertex 16.9452 31.647 5.5
      vertex 16.8814 31.3263 2.5
      vertex 16.8814 31.3263 5.5
    endloop
  endfacet
  facet normal 0.0654432 0.997856 -0
    outer loop
      vertex 19.6863 33.4786 2.5
      vertex 19.36 33.5 5.5
      vertex 19.6863 33.4786 5.5
    endloop
  endfacet
  facet normal 0.0654432 0.997856 0
    outer loop
      vertex 19.36 33.5 5.5
      vertex 19.6863 33.4786 2.5
      vertex 19.36 33.5 2.5
    endloop
  endfacet
  facet normal -0.896921 0.442191 0
    outer loop
      vertex 17.0503 31.9567 2.5
      vertex 17.1949 32.25 5.5
      vertex 17.1949 32.25 2.5
    endloop
  endfacet
  facet normal -0.896921 0.442191 0
    outer loop
      vertex 17.1949 32.25 5.5
      vertex 17.0503 31.9567 2.5
      vertex 17.0503 31.9567 5.5
    endloop
  endfacet
  facet normal 0.831438 0.555617 0
    outer loop
      vertex 21.5251 32.25 5.5
      vertex 21.3434 32.5219 2.5
      vertex 21.3434 32.5219 5.5
    endloop
  endfacet
  facet normal 0.831438 0.555617 0
    outer loop
      vertex 21.3434 32.5219 2.5
      vertex 21.5251 32.25 5.5
      vertex 21.5251 32.25 2.5
    endloop
  endfacet
  facet normal 0.659262 0.751913 -0
    outer loop
      vertex 21.1278 32.7678 2.5
      vertex 20.8819 32.9834 5.5
      vertex 21.1278 32.7678 5.5
    endloop
  endfacet
  facet normal 0.659262 0.751913 0
    outer loop
      vertex 20.8819 32.9834 5.5
      vertex 21.1278 32.7678 2.5
      vertex 20.8819 32.9834 2.5
    endloop
  endfacet
  facet normal -0.442191 -0.896921 0
    outer loop
      vertex 18.11 28.8349 2.5
      vertex 18.4033 28.6903 5.5
      vertex 18.11 28.8349 5.5
    endloop
  endfacet
  facet normal -0.442191 -0.896921 -0
    outer loop
      vertex 18.4033 28.6903 5.5
      vertex 18.11 28.8349 2.5
      vertex 18.4033 28.6903 2.5
    endloop
  endfacet
  facet normal 0.997856 -0.0654432 0
    outer loop
      vertex 21.8386 30.6737 5.5
      vertex 21.86 31 2.5
      vertex 21.86 31 5.5
    endloop
  endfacet
  facet normal 0.997856 -0.0654432 0
    outer loop
      vertex 21.86 31 2.5
      vertex 21.8386 30.6737 5.5
      vertex 21.8386 30.6737 2.5
    endloop
  endfacet
  facet normal 0.751913 0.659262 0
    outer loop
      vertex 21.3434 32.5219 5.5
      vertex 21.1278 32.7678 2.5
      vertex 21.1278 32.7678 5.5
    endloop
  endfacet
  facet normal 0.751913 0.659262 0
    outer loop
      vertex 21.1278 32.7678 2.5
      vertex 21.3434 32.5219 5.5
      vertex 21.3434 32.5219 2.5
    endloop
  endfacet
  facet normal 0.32136 0.946957 -0
    outer loop
      vertex 20.3167 33.3097 2.5
      vertex 20.007 33.4148 5.5
      vertex 20.3167 33.3097 5.5
    endloop
  endfacet
  facet normal 0.32136 0.946957 0
    outer loop
      vertex 20.007 33.4148 5.5
      vertex 20.3167 33.3097 2.5
      vertex 20.007 33.4148 2.5
    endloop
  endfacet
  facet normal -0.555617 -0.831438 0
    outer loop
      vertex 17.8381 29.0166 2.5
      vertex 18.11 28.8349 5.5
      vertex 17.8381 29.0166 5.5
    endloop
  endfacet
  facet normal -0.555617 -0.831438 -0
    outer loop
      vertex 18.11 28.8349 5.5
      vertex 17.8381 29.0166 2.5
      vertex 18.11 28.8349 2.5
    endloop
  endfacet
  facet normal -0.831438 -0.555617 0
    outer loop
      vertex 17.3766 29.4781 2.5
      vertex 17.1949 29.75 5.5
      vertex 17.1949 29.75 2.5
    endloop
  endfacet
  facet normal -0.831438 -0.555617 0
    outer loop
      vertex 17.1949 29.75 5.5
      vertex 17.3766 29.4781 2.5
      vertex 17.3766 29.4781 5.5
    endloop
  endfacet
  facet normal 0.946957 0.32136 0
    outer loop
      vertex 21.7748 31.647 5.5
      vertex 21.6697 31.9567 2.5
      vertex 21.6697 31.9567 5.5
    endloop
  endfacet
  facet normal 0.946957 0.32136 0
    outer loop
      vertex 21.6697 31.9567 2.5
      vertex 21.7748 31.647 5.5
      vertex 21.7748 31.647 2.5
    endloop
  endfacet
  facet normal 0.0654432 -0.997856 0
    outer loop
      vertex 19.36 28.5 2.5
      vertex 19.6863 28.5214 5.5
      vertex 19.36 28.5 5.5
    endloop
  endfacet
  facet normal 0.0654432 -0.997856 0
    outer loop
      vertex 19.6863 28.5214 5.5
      vertex 19.36 28.5 2.5
      vertex 19.6863 28.5214 2.5
    endloop
  endfacet
  facet normal 0.32136 -0.946957 0
    outer loop
      vertex 20.007 28.5852 2.5
      vertex 20.3167 28.6903 5.5
      vertex 20.007 28.5852 5.5
    endloop
  endfacet
  facet normal 0.32136 -0.946957 0
    outer loop
      vertex 20.3167 28.6903 5.5
      vertex 20.007 28.5852 2.5
      vertex 20.3167 28.6903 2.5
    endloop
  endfacet
  facet normal -0.0654432 -0.997856 0
    outer loop
      vertex 19.0337 28.5214 2.5
      vertex 19.36 28.5 5.5
      vertex 19.0337 28.5214 5.5
    endloop
  endfacet
  facet normal -0.0654432 -0.997856 -0
    outer loop
      vertex 19.36 28.5 5.5
      vertex 19.0337 28.5214 2.5
      vertex 19.36 28.5 2.5
    endloop
  endfacet
  facet normal 0.442191 -0.896921 0
    outer loop
      vertex 20.3167 28.6903 2.5
      vertex 20.61 28.8349 5.5
      vertex 20.3167 28.6903 5.5
    endloop
  endfacet
  facet normal 0.442191 -0.896921 0
    outer loop
      vertex 20.61 28.8349 5.5
      vertex 20.3167 28.6903 2.5
      vertex 20.61 28.8349 2.5
    endloop
  endfacet
  facet normal -0.751913 0.659262 0
    outer loop
      vertex 17.3766 32.5219 2.5
      vertex 17.5922 32.7678 5.5
      vertex 17.5922 32.7678 2.5
    endloop
  endfacet
  facet normal -0.751913 0.659262 0
    outer loop
      vertex 17.5922 32.7678 5.5
      vertex 17.3766 32.5219 2.5
      vertex 17.3766 32.5219 5.5
    endloop
  endfacet
  facet normal 0.442191 0.896921 -0
    outer loop
      vertex 20.61 33.1651 2.5
      vertex 20.3167 33.3097 5.5
      vertex 20.61 33.1651 5.5
    endloop
  endfacet
  facet normal 0.442191 0.896921 0
    outer loop
      vertex 20.3167 33.3097 5.5
      vertex 20.61 33.1651 2.5
      vertex 20.3167 33.3097 2.5
    endloop
  endfacet
  facet normal -0.442191 0.896921 0
    outer loop
      vertex 18.4033 33.3097 2.5
      vertex 18.11 33.1651 5.5
      vertex 18.4033 33.3097 5.5
    endloop
  endfacet
  facet normal -0.442191 0.896921 0
    outer loop
      vertex 18.11 33.1651 5.5
      vertex 18.4033 33.3097 2.5
      vertex 18.11 33.1651 2.5
    endloop
  endfacet
  facet normal 0.751913 -0.659262 0
    outer loop
      vertex 21.1278 29.2322 5.5
      vertex 21.3434 29.4781 2.5
      vertex 21.3434 29.4781 5.5
    endloop
  endfacet
  facet normal 0.751913 -0.659262 0
    outer loop
      vertex 21.3434 29.4781 2.5
      vertex 21.1278 29.2322 5.5
      vertex 21.1278 29.2322 2.5
    endloop
  endfacet
  facet normal -0.195116 -0.98078 0
    outer loop
      vertex 18.713 28.5852 2.5
      vertex 19.0337 28.5214 5.5
      vertex 18.713 28.5852 5.5
    endloop
  endfacet
  facet normal -0.195116 -0.98078 -0
    outer loop
      vertex 19.0337 28.5214 5.5
      vertex 18.713 28.5852 2.5
      vertex 19.0337 28.5214 2.5
    endloop
  endfacet
  facet normal 0.831438 -0.555617 0
    outer loop
      vertex 21.3434 29.4781 5.5
      vertex 21.5251 29.75 2.5
      vertex 21.5251 29.75 5.5
    endloop
  endfacet
  facet normal 0.831438 -0.555617 0
    outer loop
      vertex 21.5251 29.75 2.5
      vertex 21.3434 29.4781 5.5
      vertex 21.3434 29.4781 2.5
    endloop
  endfacet
  facet normal -0.659262 -0.751913 0
    outer loop
      vertex 17.5922 29.2322 2.5
      vertex 17.8381 29.0166 5.5
      vertex 17.5922 29.2322 5.5
    endloop
  endfacet
  facet normal -0.659262 -0.751913 -0
    outer loop
      vertex 17.8381 29.0166 5.5
      vertex 17.5922 29.2322 2.5
      vertex 17.8381 29.0166 2.5
    endloop
  endfacet
  facet normal 0.195116 -0.98078 0
    outer loop
      vertex 19.6863 28.5214 2.5
      vertex 20.007 28.5852 5.5
      vertex 19.6863 28.5214 5.5
    endloop
  endfacet
  facet normal 0.195116 -0.98078 0
    outer loop
      vertex 20.007 28.5852 5.5
      vertex 19.6863 28.5214 2.5
      vertex 20.007 28.5852 2.5
    endloop
  endfacet
  facet normal 0.896921 -0.442191 0
    outer loop
      vertex 21.5251 29.75 5.5
      vertex 21.6697 30.0433 2.5
      vertex 21.6697 30.0433 5.5
    endloop
  endfacet
  facet normal 0.896921 -0.442191 0
    outer loop
      vertex 21.6697 30.0433 2.5
      vertex 21.5251 29.75 5.5
      vertex 21.5251 29.75 2.5
    endloop
  endfacet
  facet normal -0.98078 -0.195116 0
    outer loop
      vertex 16.9452 30.353 2.5
      vertex 16.8814 30.6737 5.5
      vertex 16.8814 30.6737 2.5
    endloop
  endfacet
  facet normal -0.98078 -0.195116 0
    outer loop
      vertex 16.8814 30.6737 5.5
      vertex 16.9452 30.353 2.5
      vertex 16.9452 30.353 5.5
    endloop
  endfacet
  facet normal 0.946957 -0.32136 0
    outer loop
      vertex 21.6697 30.0433 5.5
      vertex 21.7748 30.353 2.5
      vertex 21.7748 30.353 5.5
    endloop
  endfacet
  facet normal 0.946957 -0.32136 0
    outer loop
      vertex 21.7748 30.353 2.5
      vertex 21.6697 30.0433 5.5
      vertex 21.6697 30.0433 2.5
    endloop
  endfacet
  facet normal -0.946957 0.32136 0
    outer loop
      vertex 16.9452 31.647 2.5
      vertex 17.0503 31.9567 5.5
      vertex 17.0503 31.9567 2.5
    endloop
  endfacet
  facet normal -0.946957 0.32136 0
    outer loop
      vertex 17.0503 31.9567 5.5
      vertex 16.9452 31.647 2.5
      vertex 16.9452 31.647 5.5
    endloop
  endfacet
  facet normal -0.0654432 0.997856 0
    outer loop
      vertex 19.36 33.5 2.5
      vertex 19.0337 33.4786 5.5
      vertex 19.36 33.5 5.5
    endloop
  endfacet
  facet normal -0.0654432 0.997856 0
    outer loop
      vertex 19.0337 33.4786 5.5
      vertex 19.36 33.5 2.5
      vertex 19.0337 33.4786 2.5
    endloop
  endfacet
  facet normal -0.896921 -0.442191 0
    outer loop
      vertex 17.1949 29.75 2.5
      vertex 17.0503 30.0433 5.5
      vertex 17.0503 30.0433 2.5
    endloop
  endfacet
  facet normal -0.896921 -0.442191 0
    outer loop
      vertex 17.0503 30.0433 5.5
      vertex 17.1949 29.75 2.5
      vertex 17.1949 29.75 5.5
    endloop
  endfacet
  facet normal -0.946957 -0.32136 0
    outer loop
      vertex 17.0503 30.0433 2.5
      vertex 16.9452 30.353 5.5
      vertex 16.9452 30.353 2.5
    endloop
  endfacet
  facet normal -0.946957 -0.32136 0
    outer loop
      vertex 16.9452 30.353 5.5
      vertex 17.0503 30.0433 2.5
      vertex 17.0503 30.0433 5.5
    endloop
  endfacet
  facet normal 0.555617 0.831438 -0
    outer loop
      vertex 20.8819 32.9834 2.5
      vertex 20.61 33.1651 5.5
      vertex 20.8819 32.9834 5.5
    endloop
  endfacet
  facet normal 0.555617 0.831438 0
    outer loop
      vertex 20.61 33.1651 5.5
      vertex 20.8819 32.9834 2.5
      vertex 20.61 33.1651 2.5
    endloop
  endfacet
  facet normal -0.659262 0.751913 0
    outer loop
      vertex 17.8381 32.9834 2.5
      vertex 17.5922 32.7678 5.5
      vertex 17.8381 32.9834 5.5
    endloop
  endfacet
  facet normal -0.659262 0.751913 0
    outer loop
      vertex 17.5922 32.7678 5.5
      vertex 17.8381 32.9834 2.5
      vertex 17.5922 32.7678 2.5
    endloop
  endfacet
  facet normal -0.555617 0.831438 0
    outer loop
      vertex 18.11 33.1651 2.5
      vertex 17.8381 32.9834 5.5
      vertex 18.11 33.1651 5.5
    endloop
  endfacet
  facet normal -0.555617 0.831438 0
    outer loop
      vertex 17.8381 32.9834 5.5
      vertex 18.11 33.1651 2.5
      vertex 17.8381 32.9834 2.5
    endloop
  endfacet
  facet normal 0.195116 0.98078 -0
    outer loop
      vertex 20.007 33.4148 2.5
      vertex 19.6863 33.4786 5.5
      vertex 20.007 33.4148 5.5
    endloop
  endfacet
  facet normal 0.195116 0.98078 0
    outer loop
      vertex 19.6863 33.4786 5.5
      vertex 20.007 33.4148 2.5
      vertex 19.6863 33.4786 2.5
    endloop
  endfacet
  facet normal 0.98078 -0.195116 0
    outer loop
      vertex 21.7748 30.353 5.5
      vertex 21.8386 30.6737 2.5
      vertex 21.8386 30.6737 5.5
    endloop
  endfacet
  facet normal 0.98078 -0.195116 0
    outer loop
      vertex 21.8386 30.6737 2.5
      vertex 21.7748 30.353 5.5
      vertex 21.7748 30.353 2.5
    endloop
  endfacet
  facet normal 0.659262 -0.751913 0
    outer loop
      vertex 20.8819 29.0166 2.5
      vertex 21.1278 29.2322 5.5
      vertex 20.8819 29.0166 5.5
    endloop
  endfacet
  facet normal 0.659262 -0.751913 0
    outer loop
      vertex 21.1278 29.2322 5.5
      vertex 20.8819 29.0166 2.5
      vertex 21.1278 29.2322 2.5
    endloop
  endfacet
  facet normal -0.997856 -0.0654432 0
    outer loop
      vertex 16.8814 30.6737 2.5
      vertex 16.86 31 5.5
      vertex 16.86 31 2.5
    endloop
  endfacet
  facet normal -0.997856 -0.0654432 0
    outer loop
      vertex 16.86 31 5.5
      vertex 16.8814 30.6737 2.5
      vertex 16.8814 30.6737 5.5
    endloop
  endfacet
  facet normal 0.896921 0.442191 0
    outer loop
      vertex 21.6697 31.9567 5.5
      vertex 21.5251 32.25 2.5
      vertex 21.5251 32.25 5.5
    endloop
  endfacet
  facet normal 0.896921 0.442191 0
    outer loop
      vertex 21.5251 32.25 2.5
      vertex 21.6697 31.9567 5.5
      vertex 21.6697 31.9567 2.5
    endloop
  endfacet
  facet normal 0.555617 -0.831438 0
    outer loop
      vertex 20.61 28.8349 2.5
      vertex 20.8819 29.0166 5.5
      vertex 20.61 28.8349 5.5
    endloop
  endfacet
  facet normal 0.555617 -0.831438 0
    outer loop
      vertex 20.8819 29.0166 5.5
      vertex 20.61 28.8349 2.5
      vertex 20.8819 29.0166 2.5
    endloop
  endfacet
  facet normal -0.195116 0.98078 0
    outer loop
      vertex 19.0337 33.4786 2.5
      vertex 18.713 33.4148 5.5
      vertex 19.0337 33.4786 5.5
    endloop
  endfacet
  facet normal -0.195116 0.98078 0
    outer loop
      vertex 18.713 33.4148 5.5
      vertex 19.0337 33.4786 2.5
      vertex 18.713 33.4148 2.5
    endloop
  endfacet
  facet normal -0.997856 0.0654432 0
    outer loop
      vertex 16.86 31 2.5
      vertex 16.8814 31.3263 5.5
      vertex 16.8814 31.3263 2.5
    endloop
  endfacet
  facet normal -0.997856 0.0654432 0
    outer loop
      vertex 16.8814 31.3263 5.5
      vertex 16.86 31 2.5
      vertex 16.86 31 5.5
    endloop
  endfacet
  facet normal -0.32136 -0.946957 0
    outer loop
      vertex 18.4033 28.6903 2.5
      vertex 18.713 28.5852 5.5
      vertex 18.4033 28.6903 5.5
    endloop
  endfacet
  facet normal -0.32136 -0.946957 -0
    outer loop
      vertex 18.713 28.5852 5.5
      vertex 18.4033 28.6903 2.5
      vertex 18.713 28.5852 2.5
    endloop
  endfacet
  facet normal -0.751913 -0.659262 0
    outer loop
      vertex 17.5922 29.2322 2.5
      vertex 17.3766 29.4781 5.5
      vertex 17.3766 29.4781 2.5
    endloop
  endfacet
  facet normal -0.751913 -0.659262 0
    outer loop
      vertex 17.3766 29.4781 5.5
      vertex 17.5922 29.2322 2.5
      vertex 17.5922 29.2322 5.5
    endloop
  endfacet
  facet normal 0 0 1
    outer loop
      vertex 20.26 31 5.5
      vertex 21.86 31 5.5
      vertex 21.8386 31.3263 5.5
    endloop
  endfacet
  facet normal 0 0 1
    outer loop
      vertex 20.2523 31.1175 5.5
      vertex 21.8386 31.3263 5.5
      vertex 21.7748 31.647 5.5
    endloop
  endfacet
  facet normal 0 0 1
    outer loop
      vertex 21.86 31 5.5
      vertex 20.26 31 5.5
      vertex 21.8386 30.6737 5.5
    endloop
  endfacet
  facet normal 0 0 1
    outer loop
      vertex 20.2293 31.2329 5.5
      vertex 21.7748 31.647 5.5
      vertex 21.6697 31.9567 5.5
    endloop
  endfacet
  facet normal -0 0 1
    outer loop
      vertex 20.2523 30.8825 5.5
      vertex 21.8386 30.6737 5.5
      vertex 20.26 31 5.5
    endloop
  endfacet
  facet normal 0 0 1
    outer loop
      vertex 20.1915 31.3444 5.5
      vertex 21.6697 31.9567 5.5
      vertex 21.5251 32.25 5.5
    endloop
  endfacet
  facet normal 0 0 1
    outer loop
      vertex 21.8386 30.6737 5.5
      vertex 20.2523 30.8825 5.5
      vertex 21.7748 30.353 5.5
    endloop
  endfacet
  facet normal 0 0 1
    outer loop
      vertex 20.1394 31.45 5.5
      vertex 21.5251 32.25 5.5
      vertex 21.3434 32.5219 5.5
    endloop
  endfacet
  facet normal -0 0 1
    outer loop
      vertex 20.2293 30.7671 5.5
      vertex 21.7748 30.353 5.5
      vertex 20.2523 30.8825 5.5
    endloop
  endfacet
  facet normal 0 0 1
    outer loop
      vertex 20.074 31.5479 5.5
      vertex 21.3434 32.5219 5.5
      vertex 21.1278 32.7678 5.5
    endloop
  endfacet
  facet normal 0 0 1
    outer loop
      vertex 21.7748 30.353 5.5
      vertex 20.2293 30.7671 5.5
      vertex 21.6697 30.0433 5.5
    endloop
  endfacet
  facet normal 0 0 1
    outer loop
      vertex 19.9964 31.6364 5.5
      vertex 21.1278 32.7678 5.5
      vertex 20.8819 32.9834 5.5
    endloop
  endfacet
  facet normal -0 0 1
    outer loop
      vertex 20.1915 30.6556 5.5
      vertex 21.6697 30.0433 5.5
      vertex 20.2293 30.7671 5.5
    endloop
  endfacet
  facet normal 0 0 1
    outer loop
      vertex 19.9079 31.714 5.5
      vertex 20.8819 32.9834 5.5
      vertex 20.61 33.1651 5.5
    endloop
  endfacet
  facet normal 0 0 1
    outer loop
      vertex 21.6697 30.0433 5.5
      vertex 20.1915 30.6556 5.5
      vertex 21.5251 29.75 5.5
    endloop
  endfacet
  facet normal 0 0 1
    outer loop
      vertex 19.81 31.7794 5.5
      vertex 20.61 33.1651 5.5
      vertex 20.3167 33.3097 5.5
    endloop
  endfacet
  facet normal -0 0 1
    outer loop
      vertex 20.1394 30.55 5.5
      vertex 21.5251 29.75 5.5
      vertex 20.1915 30.6556 5.5
    endloop
  endfacet
  facet normal 0 0 1
    outer loop
      vertex 21.5251 29.75 5.5
      vertex 20.1394 30.55 5.5
      vertex 21.3434 29.4781 5.5
    endloop
  endfacet
  facet normal 0 0 1
    outer loop
      vertex 21.8386 31.3263 5.5
      vertex 20.2523 31.1175 5.5
      vertex 20.26 31 5.5
    endloop
  endfacet
  facet normal 0 0 1
    outer loop
      vertex 21.7748 31.647 5.5
      vertex 20.2293 31.2329 5.5
      vertex 20.2523 31.1175 5.5
    endloop
  endfacet
  facet normal 0 0 1
    outer loop
      vertex 21.6697 31.9567 5.5
      vertex 20.1915 31.3444 5.5
      vertex 20.2293 31.2329 5.5
    endloop
  endfacet
  facet normal 0 0 1
    outer loop
      vertex 21.5251 32.25 5.5
      vertex 20.1394 31.45 5.5
      vertex 20.1915 31.3444 5.5
    endloop
  endfacet
  facet normal 0 0 1
    outer loop
      vertex 21.3434 32.5219 5.5
      vertex 20.074 31.5479 5.5
      vertex 20.1394 31.45 5.5
    endloop
  endfacet
  facet normal 0 0 1
    outer loop
      vertex 19.7044 31.8315 5.5
      vertex 20.3167 33.3097 5.5
      vertex 20.007 33.4148 5.5
    endloop
  endfacet
  facet normal 0 0 1
    outer loop
      vertex 21.1278 32.7678 5.5
      vertex 19.9964 31.6364 5.5
      vertex 20.074 31.5479 5.5
    endloop
  endfacet
  facet normal 0 0 1
    outer loop
      vertex 20.8819 32.9834 5.5
      vertex 19.9079 31.714 5.5
      vertex 19.9964 31.6364 5.5
    endloop
  endfacet
  facet normal 0 0 1
    outer loop
      vertex 20.61 33.1651 5.5
      vertex 19.81 31.7794 5.5
      vertex 19.9079 31.714 5.5
    endloop
  endfacet
  facet normal 0 0 1
    outer loop
      vertex 20.3167 33.3097 5.5
      vertex 19.7044 31.8315 5.5
      vertex 19.81 31.7794 5.5
    endloop
  endfacet
  facet normal 0 0 1
    outer loop
      vertex 19.5929 31.8693 5.5
      vertex 20.007 33.4148 5.5
      vertex 19.6863 33.4786 5.5
    endloop
  endfacet
  facet normal 0 0 1
    outer loop
      vertex 20.007 33.4148 5.5
      vertex 19.5929 31.8693 5.5
      vertex 19.7044 31.8315 5.5
    endloop
  endfacet
  facet normal 0 0 1
    outer loop
      vertex 19.6863 33.4786 5.5
      vertex 19.4775 31.8923 5.5
      vertex 19.5929 31.8693 5.5
    endloop
  endfacet
  facet normal 0 0 1
    outer loop
      vertex 19.36 33.5 5.5
      vertex 19.4775 31.8923 5.5
      vertex 19.6863 33.4786 5.5
    endloop
  endfacet
  facet normal 0 0 1
    outer loop
      vertex 19.36 33.5 5.5
      vertex 19.36 31.9 5.5
      vertex 19.4775 31.8923 5.5
    endloop
  endfacet
  facet normal 0 0 1
    outer loop
      vertex 19.36 33.5 5.5
      vertex 19.2425 31.8923 5.5
      vertex 19.36 31.9 5.5
    endloop
  endfacet
  facet normal -0 0 1
    outer loop
      vertex 19.0337 33.4786 5.5
      vertex 19.2425 31.8923 5.5
      vertex 19.36 33.5 5.5
    endloop
  endfacet
  facet normal 0 0 1
    outer loop
      vertex 19.2425 31.8923 5.5
      vertex 19.0337 33.4786 5.5
      vertex 19.1271 31.8693 5.5
    endloop
  endfacet
  facet normal -0 0 1
    outer loop
      vertex 18.713 33.4148 5.5
      vertex 19.1271 31.8693 5.5
      vertex 19.0337 33.4786 5.5
    endloop
  endfacet
  facet normal 0 0 1
    outer loop
      vertex 19.1271 31.8693 5.5
      vertex 18.713 33.4148 5.5
      vertex 19.0156 31.8315 5.5
    endloop
  endfacet
  facet normal -0 0 1
    outer loop
      vertex 18.4033 33.3097 5.5
      vertex 19.0156 31.8315 5.5
      vertex 18.713 33.4148 5.5
    endloop
  endfacet
  facet normal 0 0 1
    outer loop
      vertex 19.0156 31.8315 5.5
      vertex 18.4033 33.3097 5.5
      vertex 18.91 31.7794 5.5
    endloop
  endfacet
  facet normal -0 0 1
    outer loop
      vertex 18.11 33.1651 5.5
      vertex 18.91 31.7794 5.5
      vertex 18.4033 33.3097 5.5
    endloop
  endfacet
  facet normal 0 0 1
    outer loop
      vertex 18.91 31.7794 5.5
      vertex 18.11 33.1651 5.5
      vertex 18.8121 31.714 5.5
    endloop
  endfacet
  facet normal -0 0 1
    outer loop
      vertex 17.8381 32.9834 5.5
      vertex 18.8121 31.714 5.5
      vertex 18.11 33.1651 5.5
    endloop
  endfacet
  facet normal 0 0 1
    outer loop
      vertex 18.8121 31.714 5.5
      vertex 17.8381 32.9834 5.5
      vertex 18.7236 31.6364 5.5
    endloop
  endfacet
  facet normal -0 0 1
    outer loop
      vertex 17.5922 32.7678 5.5
      vertex 18.7236 31.6364 5.5
      vertex 17.8381 32.9834 5.5
    endloop
  endfacet
  facet normal 0 0 1
    outer loop
      vertex 18.7236 31.6364 5.5
      vertex 17.5922 32.7678 5.5
      vertex 18.646 31.5479 5.5
    endloop
  endfacet
  facet normal 0 0 1
    outer loop
      vertex 18.646 31.5479 5.5
      vertex 17.3766 32.5219 5.5
      vertex 18.5806 31.45 5.5
    endloop
  endfacet
  facet normal -0 0 1
    outer loop
      vertex 17.3766 32.5219 5.5
      vertex 18.646 31.5479 5.5
      vertex 17.5922 32.7678 5.5
    endloop
  endfacet
  facet normal -0 0 1
    outer loop
      vertex 20.074 30.4521 5.5
      vertex 21.3434 29.4781 5.5
      vertex 20.1394 30.55 5.5
    endloop
  endfacet
  facet normal 0 0 1
    outer loop
      vertex 21.3434 29.4781 5.5
      vertex 20.074 30.4521 5.5
      vertex 21.1278 29.2322 5.5
    endloop
  endfacet
  facet normal -0 0 1
    outer loop
      vertex 19.9964 30.3636 5.5
      vertex 21.1278 29.2322 5.5
      vertex 20.074 30.4521 5.5
    endloop
  endfacet
  facet normal 0 0 1
    outer loop
      vertex 21.1278 29.2322 5.5
      vertex 19.9964 30.3636 5.5
      vertex 20.8819 29.0166 5.5
    endloop
  endfacet
  facet normal -0 0 1
    outer loop
      vertex 19.9079 30.286 5.5
      vertex 20.8819 29.0166 5.5
      vertex 19.9964 30.3636 5.5
    endloop
  endfacet
  facet normal 0 0 1
    outer loop
      vertex 20.8819 29.0166 5.5
      vertex 19.9079 30.286 5.5
      vertex 20.61 28.8349 5.5
    endloop
  endfacet
  facet normal -0 0 1
    outer loop
      vertex 19.81 30.2206 5.5
      vertex 20.61 28.8349 5.5
      vertex 19.9079 30.286 5.5
    endloop
  endfacet
  facet normal 0 0 1
    outer loop
      vertex 20.61 28.8349 5.5
      vertex 19.81 30.2206 5.5
      vertex 20.3167 28.6903 5.5
    endloop
  endfacet
  facet normal -0 0 1
    outer loop
      vertex 19.7044 30.1685 5.5
      vertex 20.3167 28.6903 5.5
      vertex 19.81 30.2206 5.5
    endloop
  endfacet
  facet normal 0 0 1
    outer loop
      vertex 20.3167 28.6903 5.5
      vertex 19.7044 30.1685 5.5
      vertex 20.007 28.5852 5.5
    endloop
  endfacet
  facet normal -0 0 1
    outer loop
      vertex 19.5929 30.1307 5.5
      vertex 20.007 28.5852 5.5
      vertex 19.7044 30.1685 5.5
    endloop
  endfacet
  facet normal 0 0 1
    outer loop
      vertex 20.007 28.5852 5.5
      vertex 19.5929 30.1307 5.5
      vertex 19.6863 28.5214 5.5
    endloop
  endfacet
  facet normal -0 0 1
    outer loop
      vertex 19.4775 30.1077 5.5
      vertex 19.6863 28.5214 5.5
      vertex 19.5929 30.1307 5.5
    endloop
  endfacet
  facet normal -0 0 1
    outer loop
      vertex 19.36 30.1 5.5
      vertex 19.6863 28.5214 5.5
      vertex 19.4775 30.1077 5.5
    endloop
  endfacet
  facet normal 0 0 1
    outer loop
      vertex 19.36 30.1 5.5
      vertex 19.36 28.5 5.5
      vertex 19.6863 28.5214 5.5
    endloop
  endfacet
  facet normal 0 0 1
    outer loop
      vertex 19.2425 30.1077 5.5
      vertex 19.36 28.5 5.5
      vertex 19.36 30.1 5.5
    endloop
  endfacet
  facet normal 0 0 1
    outer loop
      vertex 19.0337 28.5214 5.5
      vertex 19.2425 30.1077 5.5
      vertex 19.1271 30.1307 5.5
    endloop
  endfacet
  facet normal 0 0 1
    outer loop
      vertex 19.2425 30.1077 5.5
      vertex 19.0337 28.5214 5.5
      vertex 19.36 28.5 5.5
    endloop
  endfacet
  facet normal 0 0 1
    outer loop
      vertex 18.713 28.5852 5.5
      vertex 19.1271 30.1307 5.5
      vertex 19.0156 30.1685 5.5
    endloop
  endfacet
  facet normal 0 0 1
    outer loop
      vertex 18.4033 28.6903 5.5
      vertex 19.0156 30.1685 5.5
      vertex 18.91 30.2206 5.5
    endloop
  endfacet
  facet normal 0 0 1
    outer loop
      vertex 18.11 28.8349 5.5
      vertex 18.91 30.2206 5.5
      vertex 18.8121 30.286 5.5
    endloop
  endfacet
  facet normal 0 0 1
    outer loop
      vertex 17.8381 29.0166 5.5
      vertex 18.8121 30.286 5.5
      vertex 18.7236 30.3636 5.5
    endloop
  endfacet
  facet normal 0 0 1
    outer loop
      vertex 19.1271 30.1307 5.5
      vertex 18.713 28.5852 5.5
      vertex 19.0337 28.5214 5.5
    endloop
  endfacet
  facet normal 0 0 1
    outer loop
      vertex 17.5922 29.2322 5.5
      vertex 18.7236 30.3636 5.5
      vertex 18.646 30.4521 5.5
    endloop
  endfacet
  facet normal 0 0 1
    outer loop
      vertex 17.3766 29.4781 5.5
      vertex 18.646 30.4521 5.5
      vertex 18.5806 30.55 5.5
    endloop
  endfacet
  facet normal 0 0 1
    outer loop
      vertex 17.1949 29.75 5.5
      vertex 18.5806 30.55 5.5
      vertex 18.5285 30.6556 5.5
    endloop
  endfacet
  facet normal 0 0 1
    outer loop
      vertex 17.0503 30.0433 5.5
      vertex 18.5285 30.6556 5.5
      vertex 18.4907 30.7671 5.5
    endloop
  endfacet
  facet normal 0 0 1
    outer loop
      vertex 16.9452 30.353 5.5
      vertex 18.4907 30.7671 5.5
      vertex 18.4677 30.8825 5.5
    endloop
  endfacet
  facet normal 0 0 1
    outer loop
      vertex 19.0156 30.1685 5.5
      vertex 18.4033 28.6903 5.5
      vertex 18.713 28.5852 5.5
    endloop
  endfacet
  facet normal 0 0 1
    outer loop
      vertex 16.8814 30.6737 5.5
      vertex 18.4677 30.8825 5.5
      vertex 18.46 31 5.5
    endloop
  endfacet
  facet normal -0 0 1
    outer loop
      vertex 17.1949 32.25 5.5
      vertex 18.5806 31.45 5.5
      vertex 17.3766 32.5219 5.5
    endloop
  endfacet
  facet normal 0 0 1
    outer loop
      vertex 18.5806 31.45 5.5
      vertex 17.1949 32.25 5.5
      vertex 18.5285 31.3444 5.5
    endloop
  endfacet
  facet normal 0 0 1
    outer loop
      vertex 18.91 30.2206 5.5
      vertex 18.11 28.8349 5.5
      vertex 18.4033 28.6903 5.5
    endloop
  endfacet
  facet normal -0 0 1
    outer loop
      vertex 17.0503 31.9567 5.5
      vertex 18.5285 31.3444 5.5
      vertex 17.1949 32.25 5.5
    endloop
  endfacet
  facet normal 0 0 1
    outer loop
      vertex 18.8121 30.286 5.5
      vertex 17.8381 29.0166 5.5
      vertex 18.11 28.8349 5.5
    endloop
  endfacet
  facet normal 0 0 1
    outer loop
      vertex 18.5285 31.3444 5.5
      vertex 17.0503 31.9567 5.5
      vertex 18.4907 31.2329 5.5
    endloop
  endfacet
  facet normal 0 0 1
    outer loop
      vertex 18.7236 30.3636 5.5
      vertex 17.5922 29.2322 5.5
      vertex 17.8381 29.0166 5.5
    endloop
  endfacet
  facet normal -0 0 1
    outer loop
      vertex 16.9452 31.647 5.5
      vertex 18.4907 31.2329 5.5
      vertex 17.0503 31.9567 5.5
    endloop
  endfacet
  facet normal 0 0 1
    outer loop
      vertex 18.646 30.4521 5.5
      vertex 17.3766 29.4781 5.5
      vertex 17.5922 29.2322 5.5
    endloop
  endfacet
  facet normal 0 0 1
    outer loop
      vertex 18.4907 31.2329 5.5
      vertex 16.9452 31.647 5.5
      vertex 18.4677 31.1175 5.5
    endloop
  endfacet
  facet normal 0 0 1
    outer loop
      vertex 18.5806 30.55 5.5
      vertex 17.1949 29.75 5.5
      vertex 17.3766 29.4781 5.5
    endloop
  endfacet
  facet normal -0 0 1
    outer loop
      vertex 16.8814 31.3263 5.5
      vertex 18.4677 31.1175 5.5
      vertex 16.9452 31.647 5.5
    endloop
  endfacet
  facet normal 0 0 1
    outer loop
      vertex 18.5285 30.6556 5.5
      vertex 17.0503 30.0433 5.5
      vertex 17.1949 29.75 5.5
    endloop
  endfacet
  facet normal 0 0 1
    outer loop
      vertex 18.4677 31.1175 5.5
      vertex 16.8814 31.3263 5.5
      vertex 18.46 31 5.5
    endloop
  endfacet
  facet normal 0 0 1
    outer loop
      vertex 18.4907 30.7671 5.5
      vertex 16.9452 30.353 5.5
      vertex 17.0503 30.0433 5.5
    endloop
  endfacet
  facet normal 0 0 1
    outer loop
      vertex 16.86 31 5.5
      vertex 18.46 31 5.5
      vertex 16.8814 31.3263 5.5
    endloop
  endfacet
  facet normal 0 0 1
    outer loop
      vertex 18.4677 30.8825 5.5
      vertex 16.8814 30.6737 5.5
      vertex 16.9452 30.353 5.5
    endloop
  endfacet
  facet normal 0 0 1
    outer loop
      vertex 18.46 31 5.5
      vertex 16.86 31 5.5
      vertex 16.8814 30.6737 5.5
    endloop
  endfacet
  facet normal -0.831438 0.555617 0
    outer loop
      vertex 17.1949 32.25 2.5
      vertex 17.3766 32.5219 5.5
      vertex 17.3766 32.5219 2.5
    endloop
  endfacet
  facet normal -0.831438 0.555617 0
    outer loop
      vertex 17.3766 32.5219 5.5
      vertex 17.1949 32.25 2.5
      vertex 17.1949 32.25 5.5
    endloop
  endfacet
  facet normal -0.321065 -0.947057 0
    outer loop
      vertex 19.5929 31.8693 2.5
      vertex 19.7044 31.8315 5.5
      vertex 19.5929 31.8693 5.5
    endloop
  endfacet
  facet normal -0.321065 -0.947057 -0
    outer loop
      vertex 19.7044 31.8315 5.5
      vertex 19.5929 31.8693 2.5
      vertex 19.7044 31.8315 2.5
    endloop
  endfacet
  facet normal -0.980711 -0.195462 0
    outer loop
      vertex 20.2523 31.1175 2.5
      vertex 20.2293 31.2329 5.5
      vertex 20.2293 31.2329 2.5
    endloop
  endfacet
  facet normal -0.980711 -0.195462 0
    outer loop
      vertex 20.2293 31.2329 5.5
      vertex 20.2523 31.1175 2.5
      vertex 20.2523 31.1175 5.5
    endloop
  endfacet
  facet normal -0.99786 -0.0653917 0
    outer loop
      vertex 20.26 31 2.5
      vertex 20.2523 31.1175 5.5
      vertex 20.2523 31.1175 2.5
    endloop
  endfacet
  facet normal -0.99786 -0.0653917 0
    outer loop
      vertex 20.2523 31.1175 5.5
      vertex 20.26 31 2.5
      vertex 20.26 31 5.5
    endloop
  endfacet
  facet normal -0.947057 -0.321065 0
    outer loop
      vertex 20.2293 31.2329 2.5
      vertex 20.1915 31.3444 5.5
      vertex 20.1915 31.3444 2.5
    endloop
  endfacet
  facet normal -0.947057 -0.321065 0
    outer loop
      vertex 20.1915 31.3444 5.5
      vertex 20.2293 31.2329 2.5
      vertex 20.2293 31.2329 5.5
    endloop
  endfacet
  facet normal -0.442452 -0.896792 0
    outer loop
      vertex 19.7044 31.8315 2.5
      vertex 19.81 31.7794 5.5
      vertex 19.7044 31.8315 5.5
    endloop
  endfacet
  facet normal -0.442452 -0.896792 -0
    outer loop
      vertex 19.81 31.7794 5.5
      vertex 19.7044 31.8315 2.5
      vertex 19.81 31.7794 2.5
    endloop
  endfacet
  facet normal 0.99786 0.0653917 0
    outer loop
      vertex 18.4677 30.8825 5.5
      vertex 18.46 31 2.5
      vertex 18.46 31 5.5
    endloop
  endfacet
  facet normal 0.99786 0.0653917 0
    outer loop
      vertex 18.46 31 2.5
      vertex 18.4677 30.8825 5.5
      vertex 18.4677 30.8825 2.5
    endloop
  endfacet
  facet normal -0.896792 -0.442452 0
    outer loop
      vertex 20.1915 31.3444 2.5
      vertex 20.1394 31.45 5.5
      vertex 20.1394 31.45 2.5
    endloop
  endfacet
  facet normal -0.896792 -0.442452 0
    outer loop
      vertex 20.1394 31.45 5.5
      vertex 20.1915 31.3444 2.5
      vertex 20.1915 31.3444 5.5
    endloop
  endfacet
  facet normal -0.831527 -0.555484 0
    outer loop
      vertex 20.1394 31.45 2.5
      vertex 20.074 31.5479 5.5
      vertex 20.074 31.5479 2.5
    endloop
  endfacet
  facet normal -0.831527 -0.555484 0
    outer loop
      vertex 20.074 31.5479 5.5
      vertex 20.1394 31.45 2.5
      vertex 20.1394 31.45 5.5
    endloop
  endfacet
  facet normal 0.659286 -0.751892 0
    outer loop
      vertex 18.7236 31.6364 2.5
      vertex 18.8121 31.714 5.5
      vertex 18.7236 31.6364 5.5
    endloop
  endfacet
  facet normal 0.659286 -0.751892 0
    outer loop
      vertex 18.8121 31.714 5.5
      vertex 18.7236 31.6364 2.5
      vertex 18.8121 31.714 2.5
    endloop
  endfacet
  facet normal -0.751892 -0.659286 0
    outer loop
      vertex 20.074 31.5479 2.5
      vertex 19.9964 31.6364 5.5
      vertex 19.9964 31.6364 2.5
    endloop
  endfacet
  facet normal -0.751892 -0.659286 0
    outer loop
      vertex 19.9964 31.6364 5.5
      vertex 20.074 31.5479 2.5
      vertex 20.074 31.5479 5.5
    endloop
  endfacet
  facet normal 0.980711 -0.195462 0
    outer loop
      vertex 18.4677 31.1175 5.5
      vertex 18.4907 31.2329 2.5
      vertex 18.4907 31.2329 5.5
    endloop
  endfacet
  facet normal 0.980711 -0.195462 0
    outer loop
      vertex 18.4907 31.2329 2.5
      vertex 18.4677 31.1175 5.5
      vertex 18.4677 31.1175 2.5
    endloop
  endfacet
  facet normal 0.555484 0.831527 -0
    outer loop
      vertex 18.91 30.2206 2.5
      vertex 18.8121 30.286 5.5
      vertex 18.91 30.2206 5.5
    endloop
  endfacet
  facet normal 0.555484 0.831527 0
    outer loop
      vertex 18.8121 30.286 5.5
      vertex 18.91 30.2206 2.5
      vertex 18.8121 30.286 2.5
    endloop
  endfacet
  facet normal 0.99786 -0.0653917 0
    outer loop
      vertex 18.46 31 5.5
      vertex 18.4677 31.1175 2.5
      vertex 18.4677 31.1175 5.5
    endloop
  endfacet
  facet normal 0.99786 -0.0653917 0
    outer loop
      vertex 18.4677 31.1175 2.5
      vertex 18.46 31 5.5
      vertex 18.46 31 2.5
    endloop
  endfacet
  facet normal 0.751892 0.659286 0
    outer loop
      vertex 18.7236 30.3636 5.5
      vertex 18.646 30.4521 2.5
      vertex 18.646 30.4521 5.5
    endloop
  endfacet
  facet normal 0.751892 0.659286 0
    outer loop
      vertex 18.646 30.4521 2.5
      vertex 18.7236 30.3636 5.5
      vertex 18.7236 30.3636 2.5
    endloop
  endfacet
  facet normal -0.555484 -0.831527 0
    outer loop
      vertex 19.81 31.7794 2.5
      vertex 19.9079 31.714 5.5
      vertex 19.81 31.7794 5.5
    endloop
  endfacet
  facet normal -0.555484 -0.831527 -0
    outer loop
      vertex 19.9079 31.714 5.5
      vertex 19.81 31.7794 2.5
      vertex 19.9079 31.714 2.5
    endloop
  endfacet
  facet normal -0.195462 0.980711 0
    outer loop
      vertex 19.5929 30.1307 2.5
      vertex 19.4775 30.1077 5.5
      vertex 19.5929 30.1307 5.5
    endloop
  endfacet
  facet normal -0.195462 0.980711 0
    outer loop
      vertex 19.4775 30.1077 5.5
      vertex 19.5929 30.1307 2.5
      vertex 19.4775 30.1077 2.5
    endloop
  endfacet
  facet normal 0.442452 -0.896792 0
    outer loop
      vertex 18.91 31.7794 2.5
      vertex 19.0156 31.8315 5.5
      vertex 18.91 31.7794 5.5
    endloop
  endfacet
  facet normal 0.442452 -0.896792 0
    outer loop
      vertex 19.0156 31.8315 5.5
      vertex 18.91 31.7794 2.5
      vertex 19.0156 31.8315 2.5
    endloop
  endfacet
  facet normal 0.321065 0.947057 -0
    outer loop
      vertex 19.1271 30.1307 2.5
      vertex 19.0156 30.1685 5.5
      vertex 19.1271 30.1307 5.5
    endloop
  endfacet
  facet normal 0.321065 0.947057 0
    outer loop
      vertex 19.0156 30.1685 5.5
      vertex 19.1271 30.1307 2.5
      vertex 19.0156 30.1685 2.5
    endloop
  endfacet
  facet normal -0.980711 0.195462 0
    outer loop
      vertex 20.2293 30.7671 2.5
      vertex 20.2523 30.8825 5.5
      vertex 20.2523 30.8825 2.5
    endloop
  endfacet
  facet normal -0.980711 0.195462 0
    outer loop
      vertex 20.2523 30.8825 5.5
      vertex 20.2293 30.7671 2.5
      vertex 20.2293 30.7671 5.5
    endloop
  endfacet
  facet normal 0.751892 -0.659286 0
    outer loop
      vertex 18.646 31.5479 5.5
      vertex 18.7236 31.6364 2.5
      vertex 18.7236 31.6364 5.5
    endloop
  endfacet
  facet normal 0.751892 -0.659286 0
    outer loop
      vertex 18.7236 31.6364 2.5
      vertex 18.646 31.5479 5.5
      vertex 18.646 31.5479 2.5
    endloop
  endfacet
  facet normal -0.831527 0.555484 0
    outer loop
      vertex 20.074 30.4521 2.5
      vertex 20.1394 30.55 5.5
      vertex 20.1394 30.55 2.5
    endloop
  endfacet
  facet normal -0.831527 0.555484 0
    outer loop
      vertex 20.1394 30.55 5.5
      vertex 20.074 30.4521 2.5
      vertex 20.074 30.4521 5.5
    endloop
  endfacet
  facet normal 0.321065 -0.947057 0
    outer loop
      vertex 19.0156 31.8315 2.5
      vertex 19.1271 31.8693 5.5
      vertex 19.0156 31.8315 5.5
    endloop
  endfacet
  facet normal 0.321065 -0.947057 0
    outer loop
      vertex 19.1271 31.8693 5.5
      vertex 19.0156 31.8315 2.5
      vertex 19.1271 31.8693 2.5
    endloop
  endfacet
  facet normal 0.980711 0.195462 0
    outer loop
      vertex 18.4907 30.7671 5.5
      vertex 18.4677 30.8825 2.5
      vertex 18.4677 30.8825 5.5
    endloop
  endfacet
  facet normal 0.980711 0.195462 0
    outer loop
      vertex 18.4677 30.8825 2.5
      vertex 18.4907 30.7671 5.5
      vertex 18.4907 30.7671 2.5
    endloop
  endfacet
  facet normal 0.195462 0.980711 -0
    outer loop
      vertex 19.2425 30.1077 2.5
      vertex 19.1271 30.1307 5.5
      vertex 19.2425 30.1077 5.5
    endloop
  endfacet
  facet normal 0.195462 0.980711 0
    outer loop
      vertex 19.1271 30.1307 5.5
      vertex 19.2425 30.1077 2.5
      vertex 19.1271 30.1307 2.5
    endloop
  endfacet
  facet normal -0.947057 0.321065 0
    outer loop
      vertex 20.1915 30.6556 2.5
      vertex 20.2293 30.7671 5.5
      vertex 20.2293 30.7671 2.5
    endloop
  endfacet
  facet normal -0.947057 0.321065 0
    outer loop
      vertex 20.2293 30.7671 5.5
      vertex 20.1915 30.6556 2.5
      vertex 20.1915 30.6556 5.5
    endloop
  endfacet
  facet normal -0.0653917 0.99786 0
    outer loop
      vertex 19.4775 30.1077 2.5
      vertex 19.36 30.1 5.5
      vertex 19.4775 30.1077 5.5
    endloop
  endfacet
  facet normal -0.0653917 0.99786 0
    outer loop
      vertex 19.36 30.1 5.5
      vertex 19.4775 30.1077 2.5
      vertex 19.36 30.1 2.5
    endloop
  endfacet
  facet normal -0.751892 0.659286 0
    outer loop
      vertex 19.9964 30.3636 2.5
      vertex 20.074 30.4521 5.5
      vertex 20.074 30.4521 2.5
    endloop
  endfacet
  facet normal -0.751892 0.659286 0
    outer loop
      vertex 20.074 30.4521 5.5
      vertex 19.9964 30.3636 2.5
      vertex 19.9964 30.3636 5.5
    endloop
  endfacet
  facet normal 0.0653917 -0.99786 0
    outer loop
      vertex 19.2425 31.8923 2.5
      vertex 19.36 31.9 5.5
      vertex 19.2425 31.8923 5.5
    endloop
  endfacet
  facet normal 0.0653917 -0.99786 0
    outer loop
      vertex 19.36 31.9 5.5
      vertex 19.2425 31.8923 2.5
      vertex 19.36 31.9 2.5
    endloop
  endfacet
  facet normal -0.555484 0.831527 0
    outer loop
      vertex 19.9079 30.286 2.5
      vertex 19.81 30.2206 5.5
      vertex 19.9079 30.286 5.5
    endloop
  endfacet
  facet normal -0.555484 0.831527 0
    outer loop
      vertex 19.81 30.2206 5.5
      vertex 19.9079 30.286 2.5
      vertex 19.81 30.2206 2.5
    endloop
  endfacet
  facet normal 0.659286 0.751892 -0
    outer loop
      vertex 18.8121 30.286 2.5
      vertex 18.7236 30.3636 5.5
      vertex 18.8121 30.286 5.5
    endloop
  endfacet
  facet normal 0.659286 0.751892 0
    outer loop
      vertex 18.7236 30.3636 5.5
      vertex 18.8121 30.286 2.5
      vertex 18.7236 30.3636 2.5
    endloop
  endfacet
  facet normal -0.659286 -0.751892 0
    outer loop
      vertex 19.9079 31.714 2.5
      vertex 19.9964 31.6364 5.5
      vertex 19.9079 31.714 5.5
    endloop
  endfacet
  facet normal -0.659286 -0.751892 -0
    outer loop
      vertex 19.9964 31.6364 5.5
      vertex 19.9079 31.714 2.5
      vertex 19.9964 31.6364 2.5
    endloop
  endfacet
  facet normal 0.896792 -0.442452 0
    outer loop
      vertex 18.5285 31.3444 5.5
      vertex 18.5806 31.45 2.5
      vertex 18.5806 31.45 5.5
    endloop
  endfacet
  facet normal 0.896792 -0.442452 0
    outer loop
      vertex 18.5806 31.45 2.5
      vertex 18.5285 31.3444 5.5
      vertex 18.5285 31.3444 2.5
    endloop
  endfacet
  facet normal -0.0653917 -0.99786 0
    outer loop
      vertex 19.36 31.9 2.5
      vertex 19.4775 31.8923 5.5
      vertex 19.36 31.9 5.5
    endloop
  endfacet
  facet normal -0.0653917 -0.99786 -0
    outer loop
      vertex 19.4775 31.8923 5.5
      vertex 19.36 31.9 2.5
      vertex 19.4775 31.8923 2.5
    endloop
  endfacet
  facet normal -0.99786 0.0653917 0
    outer loop
      vertex 20.2523 30.8825 2.5
      vertex 20.26 31 5.5
      vertex 20.26 31 2.5
    endloop
  endfacet
  facet normal -0.99786 0.0653917 0
    outer loop
      vertex 20.26 31 5.5
      vertex 20.2523 30.8825 2.5
      vertex 20.2523 30.8825 5.5
    endloop
  endfacet
  facet normal 0.195462 -0.980711 0
    outer loop
      vertex 19.1271 31.8693 2.5
      vertex 19.2425 31.8923 5.5
      vertex 19.1271 31.8693 5.5
    endloop
  endfacet
  facet normal 0.195462 -0.980711 0
    outer loop
      vertex 19.2425 31.8923 5.5
      vertex 19.1271 31.8693 2.5
      vertex 19.2425 31.8923 2.5
    endloop
  endfacet
  facet normal 0.555484 -0.831527 0
    outer loop
      vertex 18.8121 31.714 2.5
      vertex 18.91 31.7794 5.5
      vertex 18.8121 31.714 5.5
    endloop
  endfacet
  facet normal 0.555484 -0.831527 0
    outer loop
      vertex 18.91 31.7794 5.5
      vertex 18.8121 31.714 2.5
      vertex 18.91 31.7794 2.5
    endloop
  endfacet
  facet normal 0.0653917 0.99786 -0
    outer loop
      vertex 19.36 30.1 2.5
      vertex 19.2425 30.1077 5.5
      vertex 19.36 30.1 5.5
    endloop
  endfacet
  facet normal 0.0653917 0.99786 0
    outer loop
      vertex 19.2425 30.1077 5.5
      vertex 19.36 30.1 2.5
      vertex 19.2425 30.1077 2.5
    endloop
  endfacet
  facet normal -0.896792 0.442452 0
    outer loop
      vertex 20.1394 30.55 2.5
      vertex 20.1915 30.6556 5.5
      vertex 20.1915 30.6556 2.5
    endloop
  endfacet
  facet normal -0.896792 0.442452 0
    outer loop
      vertex 20.1915 30.6556 5.5
      vertex 20.1394 30.55 2.5
      vertex 20.1394 30.55 5.5
    endloop
  endfacet
  facet normal 0.947057 -0.321065 0
    outer loop
      vertex 18.4907 31.2329 5.5
      vertex 18.5285 31.3444 2.5
      vertex 18.5285 31.3444 5.5
    endloop
  endfacet
  facet normal 0.947057 -0.321065 0
    outer loop
      vertex 18.5285 31.3444 2.5
      vertex 18.4907 31.2329 5.5
      vertex 18.4907 31.2329 2.5
    endloop
  endfacet
  facet normal 0.947057 0.321065 0
    outer loop
      vertex 18.5285 30.6556 5.5
      vertex 18.4907 30.7671 2.5
      vertex 18.4907 30.7671 5.5
    endloop
  endfacet
  facet normal 0.947057 0.321065 0
    outer loop
      vertex 18.4907 30.7671 2.5
      vertex 18.5285 30.6556 5.5
      vertex 18.5285 30.6556 2.5
    endloop
  endfacet
  facet normal 0.831527 -0.555484 0
    outer loop
      vertex 18.5806 31.45 5.5
      vertex 18.646 31.5479 2.5
      vertex 18.646 31.5479 5.5
    endloop
  endfacet
  facet normal 0.831527 -0.555484 0
    outer loop
      vertex 18.646 31.5479 2.5
      vertex 18.5806 31.45 5.5
      vertex 18.5806 31.45 2.5
    endloop
  endfacet
  facet normal -0.442452 0.896792 0
    outer loop
      vertex 19.81 30.2206 2.5
      vertex 19.7044 30.1685 5.5
      vertex 19.81 30.2206 5.5
    endloop
  endfacet
  facet normal -0.442452 0.896792 0
    outer loop
      vertex 19.7044 30.1685 5.5
      vertex 19.81 30.2206 2.5
      vertex 19.7044 30.1685 2.5
    endloop
  endfacet
  facet normal -0.321065 0.947057 0
    outer loop
      vertex 19.7044 30.1685 2.5
      vertex 19.5929 30.1307 5.5
      vertex 19.7044 30.1685 5.5
    endloop
  endfacet
  facet normal -0.321065 0.947057 0
    outer loop
      vertex 19.5929 30.1307 5.5
      vertex 19.7044 30.1685 2.5
      vertex 19.5929 30.1307 2.5
    endloop
  endfacet
  facet normal -0.659286 0.751892 0
    outer loop
      vertex 19.9964 30.3636 2.5
      vertex 19.9079 30.286 5.5
      vertex 19.9964 30.3636 5.5
    endloop
  endfacet
  facet normal -0.659286 0.751892 0
    outer loop
      vertex 19.9079 30.286 5.5
      vertex 19.9964 30.3636 2.5
      vertex 19.9079 30.286 2.5
    endloop
  endfacet
  facet normal 0.896792 0.442452 0
    outer loop
      vertex 18.5806 30.55 5.5
      vertex 18.5285 30.6556 2.5
      vertex 18.5285 30.6556 5.5
    endloop
  endfacet
  facet normal 0.896792 0.442452 0
    outer loop
      vertex 18.5285 30.6556 2.5
      vertex 18.5806 30.55 5.5
      vertex 18.5806 30.55 2.5
    endloop
  endfacet
  facet normal -0.195462 -0.980711 0
    outer loop
      vertex 19.4775 31.8923 2.5
      vertex 19.5929 31.8693 5.5
      vertex 19.4775 31.8923 5.5
    endloop
  endfacet
  facet normal -0.195462 -0.980711 -0
    outer loop
      vertex 19.5929 31.8693 5.5
      vertex 19.4775 31.8923 2.5
      vertex 19.5929 31.8693 2.5
    endloop
  endfacet
  facet normal 0.442452 0.896792 -0
    outer loop
      vertex 19.0156 30.1685 2.5
      vertex 18.91 30.2206 5.5
      vertex 19.0156 30.1685 5.5
    endloop
  endfacet
  facet normal 0.442452 0.896792 0
    outer loop
      vertex 18.91 30.2206 5.5
      vertex 19.0156 30.1685 2.5
      vertex 18.91 30.2206 2.5
    endloop
  endfacet
  facet normal 0.831527 0.555484 0
    outer loop
      vertex 18.646 30.4521 5.5
      vertex 18.5806 30.55 2.5
      vertex 18.5806 30.55 5.5
    endloop
  endfacet
  facet normal 0.831527 0.555484 0
    outer loop
      vertex 18.5806 30.55 2.5
      vertex 18.646 30.4521 5.5
      vertex 18.646 30.4521 2.5
    endloop
  endfacet
  facet normal -0.32136 0.946957 0
    outer loop
      vertex 37.233 19.4148 2.5
      vertex 36.9233 19.3097 5.5
      vertex 37.233 19.4148 5.5
    endloop
  endfacet
  facet normal -0.32136 0.946957 0
    outer loop
      vertex 36.9233 19.3097 5.5
      vertex 37.233 19.4148 2.5
      vertex 36.9233 19.3097 2.5
    endloop
  endfacet
  facet normal 0.98078 0.195116 0
    outer loop
      vertex 40.3586 17.3263 5.5
      vertex 40.2948 17.647 2.5
      vertex 40.2948 17.647 5.5
    endloop
  endfacet
  facet normal 0.98078 0.195116 0
    outer loop
      vertex 40.2948 17.647 2.5
      vertex 40.3586 17.3263 5.5
      vertex 40.3586 17.3263 2.5
    endloop
  endfacet
  facet normal 0.997856 0.0654432 0
    outer loop
      vertex 40.38 17 5.5
      vertex 40.3586 17.3263 2.5
      vertex 40.3586 17.3263 5.5
    endloop
  endfacet
  facet normal 0.997856 0.0654432 0
    outer loop
      vertex 40.3586 17.3263 2.5
      vertex 40.38 17 5.5
      vertex 40.38 17 2.5
    endloop
  endfacet
  facet normal -0.98078 0.195116 0
    outer loop
      vertex 35.4014 17.3263 2.5
      vertex 35.4652 17.647 5.5
      vertex 35.4652 17.647 2.5
    endloop
  endfacet
  facet normal -0.98078 0.195116 0
    outer loop
      vertex 35.4652 17.647 5.5
      vertex 35.4014 17.3263 2.5
      vertex 35.4014 17.3263 5.5
    endloop
  endfacet
  facet normal 0.0654432 0.997856 -0
    outer loop
      vertex 38.2063 19.4786 2.5
      vertex 37.88 19.5 5.5
      vertex 38.2063 19.4786 5.5
    endloop
  endfacet
  facet normal 0.0654432 0.997856 0
    outer loop
      vertex 37.88 19.5 5.5
      vertex 38.2063 19.4786 2.5
      vertex 37.88 19.5 2.5
    endloop
  endfacet
  facet normal -0.896921 0.442191 0
    outer loop
      vertex 35.5703 17.9567 2.5
      vertex 35.7149 18.25 5.5
      vertex 35.7149 18.25 2.5
    endloop
  endfacet
  facet normal -0.896921 0.442191 0
    outer loop
      vertex 35.7149 18.25 5.5
      vertex 35.5703 17.9567 2.5
      vertex 35.5703 17.9567 5.5
    endloop
  endfacet
  facet normal 0.831438 0.555617 0
    outer loop
      vertex 40.0451 18.25 5.5
      vertex 39.8634 18.5219 2.5
      vertex 39.8634 18.5219 5.5
    endloop
  endfacet
  facet normal 0.831438 0.555617 0
    outer loop
      vertex 39.8634 18.5219 2.5
      vertex 40.0451 18.25 5.5
      vertex 40.0451 18.25 2.5
    endloop
  endfacet
  facet normal 0.659262 0.751913 -0
    outer loop
      vertex 39.6478 18.7678 2.5
      vertex 39.4019 18.9834 5.5
      vertex 39.6478 18.7678 5.5
    endloop
  endfacet
  facet normal 0.659262 0.751913 0
    outer loop
      vertex 39.4019 18.9834 5.5
      vertex 39.6478 18.7678 2.5
      vertex 39.4019 18.9834 2.5
    endloop
  endfacet
  facet normal -0.442191 -0.896921 0
    outer loop
      vertex 36.63 14.8349 2.5
      vertex 36.9233 14.6903 5.5
      vertex 36.63 14.8349 5.5
    endloop
  endfacet
  facet normal -0.442191 -0.896921 -0
    outer loop
      vertex 36.9233 14.6903 5.5
      vertex 36.63 14.8349 2.5
      vertex 36.9233 14.6903 2.5
    endloop
  endfacet
  facet normal 0.997856 -0.0654432 0
    outer loop
      vertex 40.3586 16.6737 5.5
      vertex 40.38 17 2.5
      vertex 40.38 17 5.5
    endloop
  endfacet
  facet normal 0.997856 -0.0654432 0
    outer loop
      vertex 40.38 17 2.5
      vertex 40.3586 16.6737 5.5
      vertex 40.3586 16.6737 2.5
    endloop
  endfacet
  facet normal 0.751913 0.659262 0
    outer loop
      vertex 39.8634 18.5219 5.5
      vertex 39.6478 18.7678 2.5
      vertex 39.6478 18.7678 5.5
    endloop
  endfacet
  facet normal 0.751913 0.659262 0
    outer loop
      vertex 39.6478 18.7678 2.5
      vertex 39.8634 18.5219 5.5
      vertex 39.8634 18.5219 2.5
    endloop
  endfacet
  facet normal 0.32136 0.946957 -0
    outer loop
      vertex 38.8367 19.3097 2.5
      vertex 38.527 19.4148 5.5
      vertex 38.8367 19.3097 5.5
    endloop
  endfacet
  facet normal 0.32136 0.946957 0
    outer loop
      vertex 38.527 19.4148 5.5
      vertex 38.8367 19.3097 2.5
      vertex 38.527 19.4148 2.5
    endloop
  endfacet
  facet normal -0.555617 -0.831438 0
    outer loop
      vertex 36.3581 15.0166 2.5
      vertex 36.63 14.8349 5.5
      vertex 36.3581 15.0166 5.5
    endloop
  endfacet
  facet normal -0.555617 -0.831438 -0
    outer loop
      vertex 36.63 14.8349 5.5
      vertex 36.3581 15.0166 2.5
      vertex 36.63 14.8349 2.5
    endloop
  endfacet
  facet normal -0.831438 -0.555617 0
    outer loop
      vertex 35.8966 15.4781 2.5
      vertex 35.7149 15.75 5.5
      vertex 35.7149 15.75 2.5
    endloop
  endfacet
  facet normal -0.831438 -0.555617 0
    outer loop
      vertex 35.7149 15.75 5.5
      vertex 35.8966 15.4781 2.5
      vertex 35.8966 15.4781 5.5
    endloop
  endfacet
  facet normal 0.946957 0.32136 0
    outer loop
      vertex 40.2948 17.647 5.5
      vertex 40.1897 17.9567 2.5
      vertex 40.1897 17.9567 5.5
    endloop
  endfacet
  facet normal 0.946957 0.32136 0
    outer loop
      vertex 40.1897 17.9567 2.5
      vertex 40.2948 17.647 5.5
      vertex 40.2948 17.647 2.5
    endloop
  endfacet
  facet normal 0.0654432 -0.997856 0
    outer loop
      vertex 37.88 14.5 2.5
      vertex 38.2063 14.5214 5.5
      vertex 37.88 14.5 5.5
    endloop
  endfacet
  facet normal 0.0654432 -0.997856 0
    outer loop
      vertex 38.2063 14.5214 5.5
      vertex 37.88 14.5 2.5
      vertex 38.2063 14.5214 2.5
    endloop
  endfacet
  facet normal 0.32136 -0.946957 0
    outer loop
      vertex 38.527 14.5852 2.5
      vertex 38.8367 14.6903 5.5
      vertex 38.527 14.5852 5.5
    endloop
  endfacet
  facet normal 0.32136 -0.946957 0
    outer loop
      vertex 38.8367 14.6903 5.5
      vertex 38.527 14.5852 2.5
      vertex 38.8367 14.6903 2.5
    endloop
  endfacet
  facet normal -0.0654432 -0.997856 0
    outer loop
      vertex 37.5537 14.5214 2.5
      vertex 37.88 14.5 5.5
      vertex 37.5537 14.5214 5.5
    endloop
  endfacet
  facet normal -0.0654432 -0.997856 -0
    outer loop
      vertex 37.88 14.5 5.5
      vertex 37.5537 14.5214 2.5
      vertex 37.88 14.5 2.5
    endloop
  endfacet
  facet normal 0.442191 -0.896921 0
    outer loop
      vertex 38.8367 14.6903 2.5
      vertex 39.13 14.8349 5.5
      vertex 38.8367 14.6903 5.5
    endloop
  endfacet
  facet normal 0.442191 -0.896921 0
    outer loop
      vertex 39.13 14.8349 5.5
      vertex 38.8367 14.6903 2.5
      vertex 39.13 14.8349 2.5
    endloop
  endfacet
  facet normal -0.751913 0.659262 0
    outer loop
      vertex 35.8966 18.5219 2.5
      vertex 36.1122 18.7678 5.5
      vertex 36.1122 18.7678 2.5
    endloop
  endfacet
  facet normal -0.751913 0.659262 0
    outer loop
      vertex 36.1122 18.7678 5.5
      vertex 35.8966 18.5219 2.5
      vertex 35.8966 18.5219 5.5
    endloop
  endfacet
  facet normal 0.442191 0.896921 -0
    outer loop
      vertex 39.13 19.1651 2.5
      vertex 38.8367 19.3097 5.5
      vertex 39.13 19.1651 5.5
    endloop
  endfacet
  facet normal 0.442191 0.896921 0
    outer loop
      vertex 38.8367 19.3097 5.5
      vertex 39.13 19.1651 2.5
      vertex 38.8367 19.3097 2.5
    endloop
  endfacet
  facet normal -0.442191 0.896921 0
    outer loop
      vertex 36.9233 19.3097 2.5
      vertex 36.63 19.1651 5.5
      vertex 36.9233 19.3097 5.5
    endloop
  endfacet
  facet normal -0.442191 0.896921 0
    outer loop
      vertex 36.63 19.1651 5.5
      vertex 36.9233 19.3097 2.5
      vertex 36.63 19.1651 2.5
    endloop
  endfacet
  facet normal 0.751913 -0.659262 0
    outer loop
      vertex 39.6478 15.2322 5.5
      vertex 39.8634 15.4781 2.5
      vertex 39.8634 15.4781 5.5
    endloop
  endfacet
  facet normal 0.751913 -0.659262 0
    outer loop
      vertex 39.8634 15.4781 2.5
      vertex 39.6478 15.2322 5.5
      vertex 39.6478 15.2322 2.5
    endloop
  endfacet
  facet normal -0.195116 -0.98078 0
    outer loop
      vertex 37.233 14.5852 2.5
      vertex 37.5537 14.5214 5.5
      vertex 37.233 14.5852 5.5
    endloop
  endfacet
  facet normal -0.195116 -0.98078 -0
    outer loop
      vertex 37.5537 14.5214 5.5
      vertex 37.233 14.5852 2.5
      vertex 37.5537 14.5214 2.5
    endloop
  endfacet
  facet normal 0.831438 -0.555617 0
    outer loop
      vertex 39.8634 15.4781 5.5
      vertex 40.0451 15.75 2.5
      vertex 40.0451 15.75 5.5
    endloop
  endfacet
  facet normal 0.831438 -0.555617 0
    outer loop
      vertex 40.0451 15.75 2.5
      vertex 39.8634 15.4781 5.5
      vertex 39.8634 15.4781 2.5
    endloop
  endfacet
  facet normal -0.659262 -0.751913 0
    outer loop
      vertex 36.1122 15.2322 2.5
      vertex 36.3581 15.0166 5.5
      vertex 36.1122 15.2322 5.5
    endloop
  endfacet
  facet normal -0.659262 -0.751913 -0
    outer loop
      vertex 36.3581 15.0166 5.5
      vertex 36.1122 15.2322 2.5
      vertex 36.3581 15.0166 2.5
    endloop
  endfacet
  facet normal 0.195116 -0.98078 0
    outer loop
      vertex 38.2063 14.5214 2.5
      vertex 38.527 14.5852 5.5
      vertex 38.2063 14.5214 5.5
    endloop
  endfacet
  facet normal 0.195116 -0.98078 0
    outer loop
      vertex 38.527 14.5852 5.5
      vertex 38.2063 14.5214 2.5
      vertex 38.527 14.5852 2.5
    endloop
  endfacet
  facet normal 0.896921 -0.442191 0
    outer loop
      vertex 40.0451 15.75 5.5
      vertex 40.1897 16.0433 2.5
      vertex 40.1897 16.0433 5.5
    endloop
  endfacet
  facet normal 0.896921 -0.442191 0
    outer loop
      vertex 40.1897 16.0433 2.5
      vertex 40.0451 15.75 5.5
      vertex 40.0451 15.75 2.5
    endloop
  endfacet
  facet normal -0.98078 -0.195116 0
    outer loop
      vertex 35.4652 16.353 2.5
      vertex 35.4014 16.6737 5.5
      vertex 35.4014 16.6737 2.5
    endloop
  endfacet
  facet normal -0.98078 -0.195116 0
    outer loop
      vertex 35.4014 16.6737 5.5
      vertex 35.4652 16.353 2.5
      vertex 35.4652 16.353 5.5
    endloop
  endfacet
  facet normal 0.946957 -0.32136 0
    outer loop
      vertex 40.1897 16.0433 5.5
      vertex 40.2948 16.353 2.5
      vertex 40.2948 16.353 5.5
    endloop
  endfacet
  facet normal 0.946957 -0.32136 0
    outer loop
      vertex 40.2948 16.353 2.5
      vertex 40.1897 16.0433 5.5
      vertex 40.1897 16.0433 2.5
    endloop
  endfacet
  facet normal -0.946957 0.32136 0
    outer loop
      vertex 35.4652 17.647 2.5
      vertex 35.5703 17.9567 5.5
      vertex 35.5703 17.9567 2.5
    endloop
  endfacet
  facet normal -0.946957 0.32136 0
    outer loop
      vertex 35.5703 17.9567 5.5
      vertex 35.4652 17.647 2.5
      vertex 35.4652 17.647 5.5
    endloop
  endfacet
  facet normal -0.0654432 0.997856 0
    outer loop
      vertex 37.88 19.5 2.5
      vertex 37.5537 19.4786 5.5
      vertex 37.88 19.5 5.5
    endloop
  endfacet
  facet normal -0.0654432 0.997856 0
    outer loop
      vertex 37.5537 19.4786 5.5
      vertex 37.88 19.5 2.5
      vertex 37.5537 19.4786 2.5
    endloop
  endfacet
  facet normal -0.896921 -0.442191 0
    outer loop
      vertex 35.7149 15.75 2.5
      vertex 35.5703 16.0433 5.5
      vertex 35.5703 16.0433 2.5
    endloop
  endfacet
  facet normal -0.896921 -0.442191 0
    outer loop
      vertex 35.5703 16.0433 5.5
      vertex 35.7149 15.75 2.5
      vertex 35.7149 15.75 5.5
    endloop
  endfacet
  facet normal -0.946957 -0.32136 0
    outer loop
      vertex 35.5703 16.0433 2.5
      vertex 35.4652 16.353 5.5
      vertex 35.4652 16.353 2.5
    endloop
  endfacet
  facet normal -0.946957 -0.32136 0
    outer loop
      vertex 35.4652 16.353 5.5
      vertex 35.5703 16.0433 2.5
      vertex 35.5703 16.0433 5.5
    endloop
  endfacet
  facet normal 0.555617 0.831438 -0
    outer loop
      vertex 39.4019 18.9834 2.5
      vertex 39.13 19.1651 5.5
      vertex 39.4019 18.9834 5.5
    endloop
  endfacet
  facet normal 0.555617 0.831438 0
    outer loop
      vertex 39.13 19.1651 5.5
      vertex 39.4019 18.9834 2.5
      vertex 39.13 19.1651 2.5
    endloop
  endfacet
  facet normal -0.659262 0.751913 0
    outer loop
      vertex 36.3581 18.9834 2.5
      vertex 36.1122 18.7678 5.5
      vertex 36.3581 18.9834 5.5
    endloop
  endfacet
  facet normal -0.659262 0.751913 0
    outer loop
      vertex 36.1122 18.7678 5.5
      vertex 36.3581 18.9834 2.5
      vertex 36.1122 18.7678 2.5
    endloop
  endfacet
  facet normal -0.555617 0.831438 0
    outer loop
      vertex 36.63 19.1651 2.5
      vertex 36.3581 18.9834 5.5
      vertex 36.63 19.1651 5.5
    endloop
  endfacet
  facet normal -0.555617 0.831438 0
    outer loop
      vertex 36.3581 18.9834 5.5
      vertex 36.63 19.1651 2.5
      vertex 36.3581 18.9834 2.5
    endloop
  endfacet
  facet normal 0.195116 0.98078 -0
    outer loop
      vertex 38.527 19.4148 2.5
      vertex 38.2063 19.4786 5.5
      vertex 38.527 19.4148 5.5
    endloop
  endfacet
  facet normal 0.195116 0.98078 0
    outer loop
      vertex 38.2063 19.4786 5.5
      vertex 38.527 19.4148 2.5
      vertex 38.2063 19.4786 2.5
    endloop
  endfacet
  facet normal 0.98078 -0.195116 0
    outer loop
      vertex 40.2948 16.353 5.5
      vertex 40.3586 16.6737 2.5
      vertex 40.3586 16.6737 5.5
    endloop
  endfacet
  facet normal 0.98078 -0.195116 0
    outer loop
      vertex 40.3586 16.6737 2.5
      vertex 40.2948 16.353 5.5
      vertex 40.2948 16.353 2.5
    endloop
  endfacet
  facet normal 0.659262 -0.751913 0
    outer loop
      vertex 39.4019 15.0166 2.5
      vertex 39.6478 15.2322 5.5
      vertex 39.4019 15.0166 5.5
    endloop
  endfacet
  facet normal 0.659262 -0.751913 0
    outer loop
      vertex 39.6478 15.2322 5.5
      vertex 39.4019 15.0166 2.5
      vertex 39.6478 15.2322 2.5
    endloop
  endfacet
  facet normal -0.997856 -0.0654432 0
    outer loop
      vertex 35.4014 16.6737 2.5
      vertex 35.38 17 5.5
      vertex 35.38 17 2.5
    endloop
  endfacet
  facet normal -0.997856 -0.0654432 0
    outer loop
      vertex 35.38 17 5.5
      vertex 35.4014 16.6737 2.5
      vertex 35.4014 16.6737 5.5
    endloop
  endfacet
  facet normal 0.896921 0.442191 0
    outer loop
      vertex 40.1897 17.9567 5.5
      vertex 40.0451 18.25 2.5
      vertex 40.0451 18.25 5.5
    endloop
  endfacet
  facet normal 0.896921 0.442191 0
    outer loop
      vertex 40.0451 18.25 2.5
      vertex 40.1897 17.9567 5.5
      vertex 40.1897 17.9567 2.5
    endloop
  endfacet
  facet normal 0.555617 -0.831438 0
    outer loop
      vertex 39.13 14.8349 2.5
      vertex 39.4019 15.0166 5.5
      vertex 39.13 14.8349 5.5
    endloop
  endfacet
  facet normal 0.555617 -0.831438 0
    outer loop
      vertex 39.4019 15.0166 5.5
      vertex 39.13 14.8349 2.5
      vertex 39.4019 15.0166 2.5
    endloop
  endfacet
  facet normal -0.195116 0.98078 0
    outer loop
      vertex 37.5537 19.4786 2.5
      vertex 37.233 19.4148 5.5
      vertex 37.5537 19.4786 5.5
    endloop
  endfacet
  facet normal -0.195116 0.98078 0
    outer loop
      vertex 37.233 19.4148 5.5
      vertex 37.5537 19.4786 2.5
      vertex 37.233 19.4148 2.5
    endloop
  endfacet
  facet normal -0.997856 0.0654432 0
    outer loop
      vertex 35.38 17 2.5
      vertex 35.4014 17.3263 5.5
      vertex 35.4014 17.3263 2.5
    endloop
  endfacet
  facet normal -0.997856 0.0654432 0
    outer loop
      vertex 35.4014 17.3263 5.5
      vertex 35.38 17 2.5
      vertex 35.38 17 5.5
    endloop
  endfacet
  facet normal -0.32136 -0.946957 0
    outer loop
      vertex 36.9233 14.6903 2.5
      vertex 37.233 14.5852 5.5
      vertex 36.9233 14.6903 5.5
    endloop
  endfacet
  facet normal -0.32136 -0.946957 -0
    outer loop
      vertex 37.233 14.5852 5.5
      vertex 36.9233 14.6903 2.5
      vertex 37.233 14.5852 2.5
    endloop
  endfacet
  facet normal -0.751913 -0.659262 0
    outer loop
      vertex 36.1122 15.2322 2.5
      vertex 35.8966 15.4781 5.5
      vertex 35.8966 15.4781 2.5
    endloop
  endfacet
  facet normal -0.751913 -0.659262 0
    outer loop
      vertex 35.8966 15.4781 5.5
      vertex 36.1122 15.2322 2.5
      vertex 36.1122 15.2322 5.5
    endloop
  endfacet
  facet normal 0 0 1
    outer loop
      vertex 38.78 17 5.5
      vertex 40.38 17 5.5
      vertex 40.3586 17.3263 5.5
    endloop
  endfacet
  facet normal 0 0 1
    outer loop
      vertex 38.7723 17.1175 5.5
      vertex 40.3586 17.3263 5.5
      vertex 40.2948 17.647 5.5
    endloop
  endfacet
  facet normal 0 0 1
    outer loop
      vertex 40.38 17 5.5
      vertex 38.78 17 5.5
      vertex 40.3586 16.6737 5.5
    endloop
  endfacet
  facet normal 0 0 1
    outer loop
      vertex 38.7493 17.2329 5.5
      vertex 40.2948 17.647 5.5
      vertex 40.1897 17.9567 5.5
    endloop
  endfacet
  facet normal -0 0 1
    outer loop
      vertex 38.7723 16.8825 5.5
      vertex 40.3586 16.6737 5.5
      vertex 38.78 17 5.5
    endloop
  endfacet
  facet normal 0 0 1
    outer loop
      vertex 38.7115 17.3444 5.5
      vertex 40.1897 17.9567 5.5
      vertex 40.0451 18.25 5.5
    endloop
  endfacet
  facet normal 0 0 1
    outer loop
      vertex 40.3586 16.6737 5.5
      vertex 38.7723 16.8825 5.5
      vertex 40.2948 16.353 5.5
    endloop
  endfacet
  facet normal 0 0 1
    outer loop
      vertex 38.6594 17.45 5.5
      vertex 40.0451 18.25 5.5
      vertex 39.8634 18.5219 5.5
    endloop
  endfacet
  facet normal -0 0 1
    outer loop
      vertex 38.7493 16.7671 5.5
      vertex 40.2948 16.353 5.5
      vertex 38.7723 16.8825 5.5
    endloop
  endfacet
  facet normal 0 0 1
    outer loop
      vertex 38.594 17.5479 5.5
      vertex 39.8634 18.5219 5.5
      vertex 39.6478 18.7678 5.5
    endloop
  endfacet
  facet normal 0 0 1
    outer loop
      vertex 40.2948 16.353 5.5
      vertex 38.7493 16.7671 5.5
      vertex 40.1897 16.0433 5.5
    endloop
  endfacet
  facet normal 0 0 1
    outer loop
      vertex 38.5164 17.6364 5.5
      vertex 39.6478 18.7678 5.5
      vertex 39.4019 18.9834 5.5
    endloop
  endfacet
  facet normal -0 0 1
    outer loop
      vertex 38.7115 16.6556 5.5
      vertex 40.1897 16.0433 5.5
      vertex 38.7493 16.7671 5.5
    endloop
  endfacet
  facet normal 0 0 1
    outer loop
      vertex 38.4279 17.714 5.5
      vertex 39.4019 18.9834 5.5
      vertex 39.13 19.1651 5.5
    endloop
  endfacet
  facet normal 0 0 1
    outer loop
      vertex 40.1897 16.0433 5.5
      vertex 38.7115 16.6556 5.5
      vertex 40.0451 15.75 5.5
    endloop
  endfacet
  facet normal 0 0 1
    outer loop
      vertex 38.33 17.7794 5.5
      vertex 39.13 19.1651 5.5
      vertex 38.8367 19.3097 5.5
    endloop
  endfacet
  facet normal -0 0 1
    outer loop
      vertex 38.6594 16.55 5.5
      vertex 40.0451 15.75 5.5
      vertex 38.7115 16.6556 5.5
    endloop
  endfacet
  facet normal 0 0 1
    outer loop
      vertex 40.0451 15.75 5.5
      vertex 38.6594 16.55 5.5
      vertex 39.8634 15.4781 5.5
    endloop
  endfacet
  facet normal 0 0 1
    outer loop
      vertex 40.3586 17.3263 5.5
      vertex 38.7723 17.1175 5.5
      vertex 38.78 17 5.5
    endloop
  endfacet
  facet normal 0 0 1
    outer loop
      vertex 40.2948 17.647 5.5
      vertex 38.7493 17.2329 5.5
      vertex 38.7723 17.1175 5.5
    endloop
  endfacet
  facet normal 0 0 1
    outer loop
      vertex 40.1897 17.9567 5.5
      vertex 38.7115 17.3444 5.5
      vertex 38.7493 17.2329 5.5
    endloop
  endfacet
  facet normal 0 0 1
    outer loop
      vertex 40.0451 18.25 5.5
      vertex 38.6594 17.45 5.5
      vertex 38.7115 17.3444 5.5
    endloop
  endfacet
  facet normal 0 0 1
    outer loop
      vertex 39.8634 18.5219 5.5
      vertex 38.594 17.5479 5.5
      vertex 38.6594 17.45 5.5
    endloop
  endfacet
  facet normal 0 0 1
    outer loop
      vertex 38.2244 17.8315 5.5
      vertex 38.8367 19.3097 5.5
      vertex 38.527 19.4148 5.5
    endloop
  endfacet
  facet normal 0 0 1
    outer loop
      vertex 39.6478 18.7678 5.5
      vertex 38.5164 17.6364 5.5
      vertex 38.594 17.5479 5.5
    endloop
  endfacet
  facet normal 0 0 1
    outer loop
      vertex 39.4019 18.9834 5.5
      vertex 38.4279 17.714 5.5
      vertex 38.5164 17.6364 5.5
    endloop
  endfacet
  facet normal 0 0 1
    outer loop
      vertex 39.13 19.1651 5.5
      vertex 38.33 17.7794 5.5
      vertex 38.4279 17.714 5.5
    endloop
  endfacet
  facet normal 0 0 1
    outer loop
      vertex 38.8367 19.3097 5.5
      vertex 38.2244 17.8315 5.5
      vertex 38.33 17.7794 5.5
    endloop
  endfacet
  facet normal 0 0 1
    outer loop
      vertex 38.1129 17.8693 5.5
      vertex 38.527 19.4148 5.5
      vertex 38.2063 19.4786 5.5
    endloop
  endfacet
  facet normal 0 0 1
    outer loop
      vertex 38.527 19.4148 5.5
      vertex 38.1129 17.8693 5.5
      vertex 38.2244 17.8315 5.5
    endloop
  endfacet
  facet normal 0 0 1
    outer loop
      vertex 38.2063 19.4786 5.5
      vertex 37.9975 17.8923 5.5
      vertex 38.1129 17.8693 5.5
    endloop
  endfacet
  facet normal 0 0 1
    outer loop
      vertex 37.88 19.5 5.5
      vertex 37.9975 17.8923 5.5
      vertex 38.2063 19.4786 5.5
    endloop
  endfacet
  facet normal 0 0 1
    outer loop
      vertex 37.88 19.5 5.5
      vertex 37.88 17.9 5.5
      vertex 37.9975 17.8923 5.5
    endloop
  endfacet
  facet normal 0 0 1
    outer loop
      vertex 37.88 19.5 5.5
      vertex 37.7625 17.8923 5.5
      vertex 37.88 17.9 5.5
    endloop
  endfacet
  facet normal -0 0 1
    outer loop
      vertex 37.5537 19.4786 5.5
      vertex 37.7625 17.8923 5.5
      vertex 37.88 19.5 5.5
    endloop
  endfacet
  facet normal 0 0 1
    outer loop
      vertex 37.7625 17.8923 5.5
      vertex 37.5537 19.4786 5.5
      vertex 37.6471 17.8693 5.5
    endloop
  endfacet
  facet normal -0 0 1
    outer loop
      vertex 37.233 19.4148 5.5
      vertex 37.6471 17.8693 5.5
      vertex 37.5537 19.4786 5.5
    endloop
  endfacet
  facet normal 0 0 1
    outer loop
      vertex 37.6471 17.8693 5.5
      vertex 37.233 19.4148 5.5
      vertex 37.5356 17.8315 5.5
    endloop
  endfacet
  facet normal -0 0 1
    outer loop
      vertex 36.9233 19.3097 5.5
      vertex 37.5356 17.8315 5.5
      vertex 37.233 19.4148 5.5
    endloop
  endfacet
  facet normal 0 0 1
    outer loop
      vertex 37.5356 17.8315 5.5
      vertex 36.9233 19.3097 5.5
      vertex 37.43 17.7794 5.5
    endloop
  endfacet
  facet normal -0 0 1
    outer loop
      vertex 36.63 19.1651 5.5
      vertex 37.43 17.7794 5.5
      vertex 36.9233 19.3097 5.5
    endloop
  endfacet
  facet normal 0 0 1
    outer loop
      vertex 37.43 17.7794 5.5
      vertex 36.63 19.1651 5.5
      vertex 37.3321 17.714 5.5
    endloop
  endfacet
  facet normal -0 0 1
    outer loop
      vertex 36.3581 18.9834 5.5
      vertex 37.3321 17.714 5.5
      vertex 36.63 19.1651 5.5
    endloop
  endfacet
  facet normal 0 0 1
    outer loop
      vertex 37.3321 17.714 5.5
      vertex 36.3581 18.9834 5.5
      vertex 37.2436 17.6364 5.5
    endloop
  endfacet
  facet normal -0 0 1
    outer loop
      vertex 36.1122 18.7678 5.5
      vertex 37.2436 17.6364 5.5
      vertex 36.3581 18.9834 5.5
    endloop
  endfacet
  facet normal 0 0 1
    outer loop
      vertex 37.2436 17.6364 5.5
      vertex 36.1122 18.7678 5.5
      vertex 37.166 17.5479 5.5
    endloop
  endfacet
  facet normal 0 0 1
    outer loop
      vertex 37.166 17.5479 5.5
      vertex 35.8966 18.5219 5.5
      vertex 37.1006 17.45 5.5
    endloop
  endfacet
  facet normal -0 0 1
    outer loop
      vertex 35.8966 18.5219 5.5
      vertex 37.166 17.5479 5.5
      vertex 36.1122 18.7678 5.5
    endloop
  endfacet
  facet normal -0 0 1
    outer loop
      vertex 38.594 16.4521 5.5
      vertex 39.8634 15.4781 5.5
      vertex 38.6594 16.55 5.5
    endloop
  endfacet
  facet normal 0 0 1
    outer loop
      vertex 39.8634 15.4781 5.5
      vertex 38.594 16.4521 5.5
      vertex 39.6478 15.2322 5.5
    endloop
  endfacet
  facet normal -0 0 1
    outer loop
      vertex 38.5164 16.3636 5.5
      vertex 39.6478 15.2322 5.5
      vertex 38.594 16.4521 5.5
    endloop
  endfacet
  facet normal 0 0 1
    outer loop
      vertex 39.6478 15.2322 5.5
      vertex 38.5164 16.3636 5.5
      vertex 39.4019 15.0166 5.5
    endloop
  endfacet
  facet normal -0 0 1
    outer loop
      vertex 38.4279 16.286 5.5
      vertex 39.4019 15.0166 5.5
      vertex 38.5164 16.3636 5.5
    endloop
  endfacet
  facet normal 0 0 1
    outer loop
      vertex 39.4019 15.0166 5.5
      vertex 38.4279 16.286 5.5
      vertex 39.13 14.8349 5.5
    endloop
  endfacet
  facet normal -0 0 1
    outer loop
      vertex 38.33 16.2206 5.5
      vertex 39.13 14.8349 5.5
      vertex 38.4279 16.286 5.5
    endloop
  endfacet
  facet normal 0 0 1
    outer loop
      vertex 39.13 14.8349 5.5
      vertex 38.33 16.2206 5.5
      vertex 38.8367 14.6903 5.5
    endloop
  endfacet
  facet normal -0 0 1
    outer loop
      vertex 38.2244 16.1685 5.5
      vertex 38.8367 14.6903 5.5
      vertex 38.33 16.2206 5.5
    endloop
  endfacet
  facet normal 0 0 1
    outer loop
      vertex 38.8367 14.6903 5.5
      vertex 38.2244 16.1685 5.5
      vertex 38.527 14.5852 5.5
    endloop
  endfacet
  facet normal -0 0 1
    outer loop
      vertex 38.1129 16.1307 5.5
      vertex 38.527 14.5852 5.5
      vertex 38.2244 16.1685 5.5
    endloop
  endfacet
  facet normal 0 0 1
    outer loop
      vertex 38.527 14.5852 5.5
      vertex 38.1129 16.1307 5.5
      vertex 38.2063 14.5214 5.5
    endloop
  endfacet
  facet normal -0 0 1
    outer loop
      vertex 37.9975 16.1077 5.5
      vertex 38.2063 14.5214 5.5
      vertex 38.1129 16.1307 5.5
    endloop
  endfacet
  facet normal -0 0 1
    outer loop
      vertex 37.88 16.1 5.5
      vertex 38.2063 14.5214 5.5
      vertex 37.9975 16.1077 5.5
    endloop
  endfacet
  facet normal 0 0 1
    outer loop
      vertex 37.88 16.1 5.5
      vertex 37.88 14.5 5.5
      vertex 38.2063 14.5214 5.5
    endloop
  endfacet
  facet normal 0 0 1
    outer loop
      vertex 37.7625 16.1077 5.5
      vertex 37.88 14.5 5.5
      vertex 37.88 16.1 5.5
    endloop
  endfacet
  facet normal 0 0 1
    outer loop
      vertex 37.5537 14.5214 5.5
      vertex 37.7625 16.1077 5.5
      vertex 37.6471 16.1307 5.5
    endloop
  endfacet
  facet normal 0 0 1
    outer loop
      vertex 37.7625 16.1077 5.5
      vertex 37.5537 14.5214 5.5
      vertex 37.88 14.5 5.5
    endloop
  endfacet
  facet normal 0 0 1
    outer loop
      vertex 37.233 14.5852 5.5
      vertex 37.6471 16.1307 5.5
      vertex 37.5356 16.1685 5.5
    endloop
  endfacet
  facet normal 0 0 1
    outer loop
      vertex 36.9233 14.6903 5.5
      vertex 37.5356 16.1685 5.5
      vertex 37.43 16.2206 5.5
    endloop
  endfacet
  facet normal 0 0 1
    outer loop
      vertex 36.63 14.8349 5.5
      vertex 37.43 16.2206 5.5
      vertex 37.3321 16.286 5.5
    endloop
  endfacet
  facet normal 0 0 1
    outer loop
      vertex 36.3581 15.0166 5.5
      vertex 37.3321 16.286 5.5
      vertex 37.2436 16.3636 5.5
    endloop
  endfacet
  facet normal 0 0 1
    outer loop
      vertex 37.6471 16.1307 5.5
      vertex 37.233 14.5852 5.5
      vertex 37.5537 14.5214 5.5
    endloop
  endfacet
  facet normal 0 0 1
    outer loop
      vertex 36.1122 15.2322 5.5
      vertex 37.2436 16.3636 5.5
      vertex 37.166 16.4521 5.5
    endloop
  endfacet
  facet normal 0 0 1
    outer loop
      vertex 35.8966 15.4781 5.5
      vertex 37.166 16.4521 5.5
      vertex 37.1006 16.55 5.5
    endloop
  endfacet
  facet normal 0 0 1
    outer loop
      vertex 35.7149 15.75 5.5
      vertex 37.1006 16.55 5.5
      vertex 37.0485 16.6556 5.5
    endloop
  endfacet
  facet normal 0 0 1
    outer loop
      vertex 35.5703 16.0433 5.5
      vertex 37.0485 16.6556 5.5
      vertex 37.0107 16.7671 5.5
    endloop
  endfacet
  facet normal 0 0 1
    outer loop
      vertex 35.4652 16.353 5.5
      vertex 37.0107 16.7671 5.5
      vertex 36.9877 16.8825 5.5
    endloop
  endfacet
  facet normal 0 0 1
    outer loop
      vertex 37.5356 16.1685 5.5
      vertex 36.9233 14.6903 5.5
      vertex 37.233 14.5852 5.5
    endloop
  endfacet
  facet normal 0 0 1
    outer loop
      vertex 35.4014 16.6737 5.5
      vertex 36.9877 16.8825 5.5
      vertex 36.98 17 5.5
    endloop
  endfacet
  facet normal -0 0 1
    outer loop
      vertex 35.7149 18.25 5.5
      vertex 37.1006 17.45 5.5
      vertex 35.8966 18.5219 5.5
    endloop
  endfacet
  facet normal 0 0 1
    outer loop
      vertex 37.1006 17.45 5.5
      vertex 35.7149 18.25 5.5
      vertex 37.0485 17.3444 5.5
    endloop
  endfacet
  facet normal 0 0 1
    outer loop
      vertex 37.43 16.2206 5.5
      vertex 36.63 14.8349 5.5
      vertex 36.9233 14.6903 5.5
    endloop
  endfacet
  facet normal -0 0 1
    outer loop
      vertex 35.5703 17.9567 5.5
      vertex 37.0485 17.3444 5.5
      vertex 35.7149 18.25 5.5
    endloop
  endfacet
  facet normal 0 0 1
    outer loop
      vertex 37.3321 16.286 5.5
      vertex 36.3581 15.0166 5.5
      vertex 36.63 14.8349 5.5
    endloop
  endfacet
  facet normal 0 0 1
    outer loop
      vertex 37.0485 17.3444 5.5
      vertex 35.5703 17.9567 5.5
      vertex 37.0107 17.2329 5.5
    endloop
  endfacet
  facet normal 0 0 1
    outer loop
      vertex 37.2436 16.3636 5.5
      vertex 36.1122 15.2322 5.5
      vertex 36.3581 15.0166 5.5
    endloop
  endfacet
  facet normal -0 0 1
    outer loop
      vertex 35.4652 17.647 5.5
      vertex 37.0107 17.2329 5.5
      vertex 35.5703 17.9567 5.5
    endloop
  endfacet
  facet normal 0 0 1
    outer loop
      vertex 37.166 16.4521 5.5
      vertex 35.8966 15.4781 5.5
      vertex 36.1122 15.2322 5.5
    endloop
  endfacet
  facet normal 0 0 1
    outer loop
      vertex 37.0107 17.2329 5.5
      vertex 35.4652 17.647 5.5
      vertex 36.9877 17.1175 5.5
    endloop
  endfacet
  facet normal 0 0 1
    outer loop
      vertex 37.1006 16.55 5.5
      vertex 35.7149 15.75 5.5
      vertex 35.8966 15.4781 5.5
    endloop
  endfacet
  facet normal -0 0 1
    outer loop
      vertex 35.4014 17.3263 5.5
      vertex 36.9877 17.1175 5.5
      vertex 35.4652 17.647 5.5
    endloop
  endfacet
  facet normal 0 0 1
    outer loop
      vertex 37.0485 16.6556 5.5
      vertex 35.5703 16.0433 5.5
      vertex 35.7149 15.75 5.5
    endloop
  endfacet
  facet normal 0 0 1
    outer loop
      vertex 36.9877 17.1175 5.5
      vertex 35.4014 17.3263 5.5
      vertex 36.98 17 5.5
    endloop
  endfacet
  facet normal 0 0 1
    outer loop
      vertex 37.0107 16.7671 5.5
      vertex 35.4652 16.353 5.5
      vertex 35.5703 16.0433 5.5
    endloop
  endfacet
  facet normal 0 0 1
    outer loop
      vertex 35.38 17 5.5
      vertex 36.98 17 5.5
      vertex 35.4014 17.3263 5.5
    endloop
  endfacet
  facet normal 0 0 1
    outer loop
      vertex 36.9877 16.8825 5.5
      vertex 35.4014 16.6737 5.5
      vertex 35.4652 16.353 5.5
    endloop
  endfacet
  facet normal 0 0 1
    outer loop
      vertex 36.98 17 5.5
      vertex 35.38 17 5.5
      vertex 35.4014 16.6737 5.5
    endloop
  endfacet
  facet normal -0.831438 0.555617 0
    outer loop
      vertex 35.7149 18.25 2.5
      vertex 35.8966 18.5219 5.5
      vertex 35.8966 18.5219 2.5
    endloop
  endfacet
  facet normal -0.831438 0.555617 0
    outer loop
      vertex 35.8966 18.5219 5.5
      vertex 35.7149 18.25 2.5
      vertex 35.7149 18.25 5.5
    endloop
  endfacet
  facet normal -0.321065 -0.947057 0
    outer loop
      vertex 38.1129 17.8693 2.5
      vertex 38.2244 17.8315 5.5
      vertex 38.1129 17.8693 5.5
    endloop
  endfacet
  facet normal -0.321065 -0.947057 -0
    outer loop
      vertex 38.2244 17.8315 5.5
      vertex 38.1129 17.8693 2.5
      vertex 38.2244 17.8315 2.5
    endloop
  endfacet
  facet normal -0.980711 -0.195462 0
    outer loop
      vertex 38.7723 17.1175 2.5
      vertex 38.7493 17.2329 5.5
      vertex 38.7493 17.2329 2.5
    endloop
  endfacet
  facet normal -0.980711 -0.195462 0
    outer loop
      vertex 38.7493 17.2329 5.5
      vertex 38.7723 17.1175 2.5
      vertex 38.7723 17.1175 5.5
    endloop
  endfacet
  facet normal -0.99786 -0.0653917 0
    outer loop
      vertex 38.78 17 2.5
      vertex 38.7723 17.1175 5.5
      vertex 38.7723 17.1175 2.5
    endloop
  endfacet
  facet normal -0.99786 -0.0653917 0
    outer loop
      vertex 38.7723 17.1175 5.5
      vertex 38.78 17 2.5
      vertex 38.78 17 5.5
    endloop
  endfacet
  facet normal -0.947057 -0.321065 0
    outer loop
      vertex 38.7493 17.2329 2.5
      vertex 38.7115 17.3444 5.5
      vertex 38.7115 17.3444 2.5
    endloop
  endfacet
  facet normal -0.947057 -0.321065 0
    outer loop
      vertex 38.7115 17.3444 5.5
      vertex 38.7493 17.2329 2.5
      vertex 38.7493 17.2329 5.5
    endloop
  endfacet
  facet normal -0.442452 -0.896792 0
    outer loop
      vertex 38.2244 17.8315 2.5
      vertex 38.33 17.7794 5.5
      vertex 38.2244 17.8315 5.5
    endloop
  endfacet
  facet normal -0.442452 -0.896792 -0
    outer loop
      vertex 38.33 17.7794 5.5
      vertex 38.2244 17.8315 2.5
      vertex 38.33 17.7794 2.5
    endloop
  endfacet
  facet normal 0.99786 0.0653917 0
    outer loop
      vertex 36.9877 16.8825 5.5
      vertex 36.98 17 2.5
      vertex 36.98 17 5.5
    endloop
  endfacet
  facet normal 0.99786 0.0653917 0
    outer loop
      vertex 36.98 17 2.5
      vertex 36.9877 16.8825 5.5
      vertex 36.9877 16.8825 2.5
    endloop
  endfacet
  facet normal -0.896792 -0.442452 0
    outer loop
      vertex 38.7115 17.3444 2.5
      vertex 38.6594 17.45 5.5
      vertex 38.6594 17.45 2.5
    endloop
  endfacet
  facet normal -0.896792 -0.442452 0
    outer loop
      vertex 38.6594 17.45 5.5
      vertex 38.7115 17.3444 2.5
      vertex 38.7115 17.3444 5.5
    endloop
  endfacet
  facet normal -0.831527 -0.555484 0
    outer loop
      vertex 38.6594 17.45 2.5
      vertex 38.594 17.5479 5.5
      vertex 38.594 17.5479 2.5
    endloop
  endfacet
  facet normal -0.831527 -0.555484 0
    outer loop
      vertex 38.594 17.5479 5.5
      vertex 38.6594 17.45 2.5
      vertex 38.6594 17.45 5.5
    endloop
  endfacet
  facet normal 0.659286 -0.751892 0
    outer loop
      vertex 37.2436 17.6364 2.5
      vertex 37.3321 17.714 5.5
      vertex 37.2436 17.6364 5.5
    endloop
  endfacet
  facet normal 0.659286 -0.751892 0
    outer loop
      vertex 37.3321 17.714 5.5
      vertex 37.2436 17.6364 2.5
      vertex 37.3321 17.714 2.5
    endloop
  endfacet
  facet normal -0.751892 -0.659286 0
    outer loop
      vertex 38.594 17.5479 2.5
      vertex 38.5164 17.6364 5.5
      vertex 38.5164 17.6364 2.5
    endloop
  endfacet
  facet normal -0.751892 -0.659286 0
    outer loop
      vertex 38.5164 17.6364 5.5
      vertex 38.594 17.5479 2.5
      vertex 38.594 17.5479 5.5
    endloop
  endfacet
  facet normal 0.980711 -0.195462 0
    outer loop
      vertex 36.9877 17.1175 5.5
      vertex 37.0107 17.2329 2.5
      vertex 37.0107 17.2329 5.5
    endloop
  endfacet
  facet normal 0.980711 -0.195462 0
    outer loop
      vertex 37.0107 17.2329 2.5
      vertex 36.9877 17.1175 5.5
      vertex 36.9877 17.1175 2.5
    endloop
  endfacet
  facet normal 0.555484 0.831527 -0
    outer loop
      vertex 37.43 16.2206 2.5
      vertex 37.3321 16.286 5.5
      vertex 37.43 16.2206 5.5
    endloop
  endfacet
  facet normal 0.555484 0.831527 0
    outer loop
      vertex 37.3321 16.286 5.5
      vertex 37.43 16.2206 2.5
      vertex 37.3321 16.286 2.5
    endloop
  endfacet
  facet normal 0.99786 -0.0653917 0
    outer loop
      vertex 36.98 17 5.5
      vertex 36.9877 17.1175 2.5
      vertex 36.9877 17.1175 5.5
    endloop
  endfacet
  facet normal 0.99786 -0.0653917 0
    outer loop
      vertex 36.9877 17.1175 2.5
      vertex 36.98 17 5.5
      vertex 36.98 17 2.5
    endloop
  endfacet
  facet normal 0.751892 0.659286 0
    outer loop
      vertex 37.2436 16.3636 5.5
      vertex 37.166 16.4521 2.5
      vertex 37.166 16.4521 5.5
    endloop
  endfacet
  facet normal 0.751892 0.659286 0
    outer loop
      vertex 37.166 16.4521 2.5
      vertex 37.2436 16.3636 5.5
      vertex 37.2436 16.3636 2.5
    endloop
  endfacet
  facet normal -0.555484 -0.831527 0
    outer loop
      vertex 38.33 17.7794 2.5
      vertex 38.4279 17.714 5.5
      vertex 38.33 17.7794 5.5
    endloop
  endfacet
  facet normal -0.555484 -0.831527 -0
    outer loop
      vertex 38.4279 17.714 5.5
      vertex 38.33 17.7794 2.5
      vertex 38.4279 17.714 2.5
    endloop
  endfacet
  facet normal -0.195462 0.980711 0
    outer loop
      vertex 38.1129 16.1307 2.5
      vertex 37.9975 16.1077 5.5
      vertex 38.1129 16.1307 5.5
    endloop
  endfacet
  facet normal -0.195462 0.980711 0
    outer loop
      vertex 37.9975 16.1077 5.5
      vertex 38.1129 16.1307 2.5
      vertex 37.9975 16.1077 2.5
    endloop
  endfacet
  facet normal 0.442452 -0.896792 0
    outer loop
      vertex 37.43 17.7794 2.5
      vertex 37.5356 17.8315 5.5
      vertex 37.43 17.7794 5.5
    endloop
  endfacet
  facet normal 0.442452 -0.896792 0
    outer loop
      vertex 37.5356 17.8315 5.5
      vertex 37.43 17.7794 2.5
      vertex 37.5356 17.8315 2.5
    endloop
  endfacet
  facet normal 0.321065 0.947057 -0
    outer loop
      vertex 37.6471 16.1307 2.5
      vertex 37.5356 16.1685 5.5
      vertex 37.6471 16.1307 5.5
    endloop
  endfacet
  facet normal 0.321065 0.947057 0
    outer loop
      vertex 37.5356 16.1685 5.5
      vertex 37.6471 16.1307 2.5
      vertex 37.5356 16.1685 2.5
    endloop
  endfacet
  facet normal -0.980711 0.195462 0
    outer loop
      vertex 38.7493 16.7671 2.5
      vertex 38.7723 16.8825 5.5
      vertex 38.7723 16.8825 2.5
    endloop
  endfacet
  facet normal -0.980711 0.195462 0
    outer loop
      vertex 38.7723 16.8825 5.5
      vertex 38.7493 16.7671 2.5
      vertex 38.7493 16.7671 5.5
    endloop
  endfacet
  facet normal 0.751892 -0.659286 0
    outer loop
      vertex 37.166 17.5479 5.5
      vertex 37.2436 17.6364 2.5
      vertex 37.2436 17.6364 5.5
    endloop
  endfacet
  facet normal 0.751892 -0.659286 0
    outer loop
      vertex 37.2436 17.6364 2.5
      vertex 37.166 17.5479 5.5
      vertex 37.166 17.5479 2.5
    endloop
  endfacet
  facet normal -0.831527 0.555484 0
    outer loop
      vertex 38.594 16.4521 2.5
      vertex 38.6594 16.55 5.5
      vertex 38.6594 16.55 2.5
    endloop
  endfacet
  facet normal -0.831527 0.555484 0
    outer loop
      vertex 38.6594 16.55 5.5
      vertex 38.594 16.4521 2.5
      vertex 38.594 16.4521 5.5
    endloop
  endfacet
  facet normal 0.321065 -0.947057 0
    outer loop
      vertex 37.5356 17.8315 2.5
      vertex 37.6471 17.8693 5.5
      vertex 37.5356 17.8315 5.5
    endloop
  endfacet
  facet normal 0.321065 -0.947057 0
    outer loop
      vertex 37.6471 17.8693 5.5
      vertex 37.5356 17.8315 2.5
      vertex 37.6471 17.8693 2.5
    endloop
  endfacet
  facet normal 0.980711 0.195462 0
    outer loop
      vertex 37.0107 16.7671 5.5
      vertex 36.9877 16.8825 2.5
      vertex 36.9877 16.8825 5.5
    endloop
  endfacet
  facet normal 0.980711 0.195462 0
    outer loop
      vertex 36.9877 16.8825 2.5
      vertex 37.0107 16.7671 5.5
      vertex 37.0107 16.7671 2.5
    endloop
  endfacet
  facet normal 0.195462 0.980711 -0
    outer loop
      vertex 37.7625 16.1077 2.5
      vertex 37.6471 16.1307 5.5
      vertex 37.7625 16.1077 5.5
    endloop
  endfacet
  facet normal 0.195462 0.980711 0
    outer loop
      vertex 37.6471 16.1307 5.5
      vertex 37.7625 16.1077 2.5
      vertex 37.6471 16.1307 2.5
    endloop
  endfacet
  facet normal -0.947057 0.321065 0
    outer loop
      vertex 38.7115 16.6556 2.5
      vertex 38.7493 16.7671 5.5
      vertex 38.7493 16.7671 2.5
    endloop
  endfacet
  facet normal -0.947057 0.321065 0
    outer loop
      vertex 38.7493 16.7671 5.5
      vertex 38.7115 16.6556 2.5
      vertex 38.7115 16.6556 5.5
    endloop
  endfacet
  facet normal -0.0653917 0.99786 0
    outer loop
      vertex 37.9975 16.1077 2.5
      vertex 37.88 16.1 5.5
      vertex 37.9975 16.1077 5.5
    endloop
  endfacet
  facet normal -0.0653917 0.99786 0
    outer loop
      vertex 37.88 16.1 5.5
      vertex 37.9975 16.1077 2.5
      vertex 37.88 16.1 2.5
    endloop
  endfacet
  facet normal -0.751892 0.659286 0
    outer loop
      vertex 38.5164 16.3636 2.5
      vertex 38.594 16.4521 5.5
      vertex 38.594 16.4521 2.5
    endloop
  endfacet
  facet normal -0.751892 0.659286 0
    outer loop
      vertex 38.594 16.4521 5.5
      vertex 38.5164 16.3636 2.5
      vertex 38.5164 16.3636 5.5
    endloop
  endfacet
  facet normal 0.0653917 -0.99786 0
    outer loop
      vertex 37.7625 17.8923 2.5
      vertex 37.88 17.9 5.5
      vertex 37.7625 17.8923 5.5
    endloop
  endfacet
  facet normal 0.0653917 -0.99786 0
    outer loop
      vertex 37.88 17.9 5.5
      vertex 37.7625 17.8923 2.5
      vertex 37.88 17.9 2.5
    endloop
  endfacet
  facet normal -0.555484 0.831527 0
    outer loop
      vertex 38.4279 16.286 2.5
      vertex 38.33 16.2206 5.5
      vertex 38.4279 16.286 5.5
    endloop
  endfacet
  facet normal -0.555484 0.831527 0
    outer loop
      vertex 38.33 16.2206 5.5
      vertex 38.4279 16.286 2.5
      vertex 38.33 16.2206 2.5
    endloop
  endfacet
  facet normal 0.659286 0.751892 -0
    outer loop
      vertex 37.3321 16.286 2.5
      vertex 37.2436 16.3636 5.5
      vertex 37.3321 16.286 5.5
    endloop
  endfacet
  facet normal 0.659286 0.751892 0
    outer loop
      vertex 37.2436 16.3636 5.5
      vertex 37.3321 16.286 2.5
      vertex 37.2436 16.3636 2.5
    endloop
  endfacet
  facet normal -0.659286 -0.751892 0
    outer loop
      vertex 38.4279 17.714 2.5
      vertex 38.5164 17.6364 5.5
      vertex 38.4279 17.714 5.5
    endloop
  endfacet
  facet normal -0.659286 -0.751892 -0
    outer loop
      vertex 38.5164 17.6364 5.5
      vertex 38.4279 17.714 2.5
      vertex 38.5164 17.6364 2.5
    endloop
  endfacet
  facet normal 0.896792 -0.442452 0
    outer loop
      vertex 37.0485 17.3444 5.5
      vertex 37.1006 17.45 2.5
      vertex 37.1006 17.45 5.5
    endloop
  endfacet
  facet normal 0.896792 -0.442452 0
    outer loop
      vertex 37.1006 17.45 2.5
      vertex 37.0485 17.3444 5.5
      vertex 37.0485 17.3444 2.5
    endloop
  endfacet
  facet normal -0.0653917 -0.99786 0
    outer loop
      vertex 37.88 17.9 2.5
      vertex 37.9975 17.8923 5.5
      vertex 37.88 17.9 5.5
    endloop
  endfacet
  facet normal -0.0653917 -0.99786 -0
    outer loop
      vertex 37.9975 17.8923 5.5
      vertex 37.88 17.9 2.5
      vertex 37.9975 17.8923 2.5
    endloop
  endfacet
  facet normal -0.99786 0.0653917 0
    outer loop
      vertex 38.7723 16.8825 2.5
      vertex 38.78 17 5.5
      vertex 38.78 17 2.5
    endloop
  endfacet
  facet normal -0.99786 0.0653917 0
    outer loop
      vertex 38.78 17 5.5
      vertex 38.7723 16.8825 2.5
      vertex 38.7723 16.8825 5.5
    endloop
  endfacet
  facet normal 0.195462 -0.980711 0
    outer loop
      vertex 37.6471 17.8693 2.5
      vertex 37.7625 17.8923 5.5
      vertex 37.6471 17.8693 5.5
    endloop
  endfacet
  facet normal 0.195462 -0.980711 0
    outer loop
      vertex 37.7625 17.8923 5.5
      vertex 37.6471 17.8693 2.5
      vertex 37.7625 17.8923 2.5
    endloop
  endfacet
  facet normal 0.555484 -0.831527 0
    outer loop
      vertex 37.3321 17.714 2.5
      vertex 37.43 17.7794 5.5
      vertex 37.3321 17.714 5.5
    endloop
  endfacet
  facet normal 0.555484 -0.831527 0
    outer loop
      vertex 37.43 17.7794 5.5
      vertex 37.3321 17.714 2.5
      vertex 37.43 17.7794 2.5
    endloop
  endfacet
  facet normal 0.0653917 0.99786 -0
    outer loop
      vertex 37.88 16.1 2.5
      vertex 37.7625 16.1077 5.5
      vertex 37.88 16.1 5.5
    endloop
  endfacet
  facet normal 0.0653917 0.99786 0
    outer loop
      vertex 37.7625 16.1077 5.5
      vertex 37.88 16.1 2.5
      vertex 37.7625 16.1077 2.5
    endloop
  endfacet
  facet normal -0.896792 0.442452 0
    outer loop
      vertex 38.6594 16.55 2.5
      vertex 38.7115 16.6556 5.5
      vertex 38.7115 16.6556 2.5
    endloop
  endfacet
  facet normal -0.896792 0.442452 0
    outer loop
      vertex 38.7115 16.6556 5.5
      vertex 38.6594 16.55 2.5
      vertex 38.6594 16.55 5.5
    endloop
  endfacet
  facet normal 0.947057 -0.321065 0
    outer loop
      vertex 37.0107 17.2329 5.5
      vertex 37.0485 17.3444 2.5
      vertex 37.0485 17.3444 5.5
    endloop
  endfacet
  facet normal 0.947057 -0.321065 0
    outer loop
      vertex 37.0485 17.3444 2.5
      vertex 37.0107 17.2329 5.5
      vertex 37.0107 17.2329 2.5
    endloop
  endfacet
  facet normal 0.947057 0.321065 0
    outer loop
      vertex 37.0485 16.6556 5.5
      vertex 37.0107 16.7671 2.5
      vertex 37.0107 16.7671 5.5
    endloop
  endfacet
  facet normal 0.947057 0.321065 0
    outer loop
      vertex 37.0107 16.7671 2.5
      vertex 37.0485 16.6556 5.5
      vertex 37.0485 16.6556 2.5
    endloop
  endfacet
  facet normal 0.831527 -0.555484 0
    outer loop
      vertex 37.1006 17.45 5.5
      vertex 37.166 17.5479 2.5
      vertex 37.166 17.5479 5.5
    endloop
  endfacet
  facet normal 0.831527 -0.555484 0
    outer loop
      vertex 37.166 17.5479 2.5
      vertex 37.1006 17.45 5.5
      vertex 37.1006 17.45 2.5
    endloop
  endfacet
  facet normal -0.442452 0.896792 0
    outer loop
      vertex 38.33 16.2206 2.5
      vertex 38.2244 16.1685 5.5
      vertex 38.33 16.2206 5.5
    endloop
  endfacet
  facet normal -0.442452 0.896792 0
    outer loop
      vertex 38.2244 16.1685 5.5
      vertex 38.33 16.2206 2.5
      vertex 38.2244 16.1685 2.5
    endloop
  endfacet
  facet normal -0.321065 0.947057 0
    outer loop
      vertex 38.2244 16.1685 2.5
      vertex 38.1129 16.1307 5.5
      vertex 38.2244 16.1685 5.5
    endloop
  endfacet
  facet normal -0.321065 0.947057 0
    outer loop
      vertex 38.1129 16.1307 5.5
      vertex 38.2244 16.1685 2.5
      vertex 38.1129 16.1307 2.5
    endloop
  endfacet
  facet normal -0.659286 0.751892 0
    outer loop
      vertex 38.5164 16.3636 2.5
      vertex 38.4279 16.286 5.5
      vertex 38.5164 16.3636 5.5
    endloop
  endfacet
  facet normal -0.659286 0.751892 0
    outer loop
      vertex 38.4279 16.286 5.5
      vertex 38.5164 16.3636 2.5
      vertex 38.4279 16.286 2.5
    endloop
  endfacet
  facet normal 0.896792 0.442452 0
    outer loop
      vertex 37.1006 16.55 5.5
      vertex 37.0485 16.6556 2.5
      vertex 37.0485 16.6556 5.5
    endloop
  endfacet
  facet normal 0.896792 0.442452 0
    outer loop
      vertex 37.0485 16.6556 2.5
      vertex 37.1006 16.55 5.5
      vertex 37.1006 16.55 2.5
    endloop
  endfacet
  facet normal -0.195462 -0.980711 0
    outer loop
      vertex 37.9975 17.8923 2.5
      vertex 38.1129 17.8693 5.5
      vertex 37.9975 17.8923 5.5
    endloop
  endfacet
  facet normal -0.195462 -0.980711 -0
    outer loop
      vertex 38.1129 17.8693 5.5
      vertex 37.9975 17.8923 2.5
      vertex 38.1129 17.8693 2.5
    endloop
  endfacet
  facet normal 0.442452 0.896792 -0
    outer loop
      vertex 37.5356 16.1685 2.5
      vertex 37.43 16.2206 5.5
      vertex 37.5356 16.1685 5.5
    endloop
  endfacet
  facet normal 0.442452 0.896792 0
    outer loop
      vertex 37.43 16.2206 5.5
      vertex 37.5356 16.1685 2.5
      vertex 37.43 16.2206 2.5
    endloop
  endfacet
  facet normal 0.831527 0.555484 0
    outer loop
      vertex 37.166 16.4521 5.5
      vertex 37.1006 16.55 2.5
      vertex 37.1006 16.55 5.5
    endloop
  endfacet
  facet normal 0.831527 0.555484 0
    outer loop
      vertex 37.1006 16.55 2.5
      vertex 37.166 16.4521 5.5
      vertex 37.166 16.4521 2.5
    endloop
  endfacet
  facet normal -0.32136 0.946957 0
    outer loop
      vertex 37.233 33.4148 2.5
      vertex 36.9233 33.3097 5.5
      vertex 37.233 33.4148 5.5
    endloop
  endfacet
  facet normal -0.32136 0.946957 0
    outer loop
      vertex 36.9233 33.3097 5.5
      vertex 37.233 33.4148 2.5
      vertex 36.9233 33.3097 2.5
    endloop
  endfacet
  facet normal 0.98078 0.195116 0
    outer loop
      vertex 40.3586 31.3263 5.5
      vertex 40.2948 31.647 2.5
      vertex 40.2948 31.647 5.5
    endloop
  endfacet
  facet normal 0.98078 0.195116 0
    outer loop
      vertex 40.2948 31.647 2.5
      vertex 40.3586 31.3263 5.5
      vertex 40.3586 31.3263 2.5
    endloop
  endfacet
  facet normal 0.997856 0.0654432 0
    outer loop
      vertex 40.38 31 5.5
      vertex 40.3586 31.3263 2.5
      vertex 40.3586 31.3263 5.5
    endloop
  endfacet
  facet normal 0.997856 0.0654432 0
    outer loop
      vertex 40.3586 31.3263 2.5
      vertex 40.38 31 5.5
      vertex 40.38 31 2.5
    endloop
  endfacet
  facet normal -0.98078 0.195116 0
    outer loop
      vertex 35.4014 31.3263 2.5
      vertex 35.4652 31.647 5.5
      vertex 35.4652 31.647 2.5
    endloop
  endfacet
  facet normal -0.98078 0.195116 0
    outer loop
      vertex 35.4652 31.647 5.5
      vertex 35.4014 31.3263 2.5
      vertex 35.4014 31.3263 5.5
    endloop
  endfacet
  facet normal 0.0654432 0.997856 -0
    outer loop
      vertex 38.2063 33.4786 2.5
      vertex 37.88 33.5 5.5
      vertex 38.2063 33.4786 5.5
    endloop
  endfacet
  facet normal 0.0654432 0.997856 0
    outer loop
      vertex 37.88 33.5 5.5
      vertex 38.2063 33.4786 2.5
      vertex 37.88 33.5 2.5
    endloop
  endfacet
  facet normal -0.896921 0.442191 0
    outer loop
      vertex 35.5703 31.9567 2.5
      vertex 35.7149 32.25 5.5
      vertex 35.7149 32.25 2.5
    endloop
  endfacet
  facet normal -0.896921 0.442191 0
    outer loop
      vertex 35.7149 32.25 5.5
      vertex 35.5703 31.9567 2.5
      vertex 35.5703 31.9567 5.5
    endloop
  endfacet
  facet normal 0.831438 0.555617 0
    outer loop
      vertex 40.0451 32.25 5.5
      vertex 39.8634 32.5219 2.5
      vertex 39.8634 32.5219 5.5
    endloop
  endfacet
  facet normal 0.831438 0.555617 0
    outer loop
      vertex 39.8634 32.5219 2.5
      vertex 40.0451 32.25 5.5
      vertex 40.0451 32.25 2.5
    endloop
  endfacet
  facet normal 0.659262 0.751913 -0
    outer loop
      vertex 39.6478 32.7678 2.5
      vertex 39.4019 32.9834 5.5
      vertex 39.6478 32.7678 5.5
    endloop
  endfacet
  facet normal 0.659262 0.751913 0
    outer loop
      vertex 39.4019 32.9834 5.5
      vertex 39.6478 32.7678 2.5
      vertex 39.4019 32.9834 2.5
    endloop
  endfacet
  facet normal -0.442191 -0.896921 0
    outer loop
      vertex 36.63 28.8349 2.5
      vertex 36.9233 28.6903 5.5
      vertex 36.63 28.8349 5.5
    endloop
  endfacet
  facet normal -0.442191 -0.896921 -0
    outer loop
      vertex 36.9233 28.6903 5.5
      vertex 36.63 28.8349 2.5
      vertex 36.9233 28.6903 2.5
    endloop
  endfacet
  facet normal 0.997856 -0.0654432 0
    outer loop
      vertex 40.3586 30.6737 5.5
      vertex 40.38 31 2.5
      vertex 40.38 31 5.5
    endloop
  endfacet
  facet normal 0.997856 -0.0654432 0
    outer loop
      vertex 40.38 31 2.5
      vertex 40.3586 30.6737 5.5
      vertex 40.3586 30.6737 2.5
    endloop
  endfacet
  facet normal 0.751913 0.659262 0
    outer loop
      vertex 39.8634 32.5219 5.5
      vertex 39.6478 32.7678 2.5
      vertex 39.6478 32.7678 5.5
    endloop
  endfacet
  facet normal 0.751913 0.659262 0
    outer loop
      vertex 39.6478 32.7678 2.5
      vertex 39.8634 32.5219 5.5
      vertex 39.8634 32.5219 2.5
    endloop
  endfacet
  facet normal 0.32136 0.946957 -0
    outer loop
      vertex 38.8367 33.3097 2.5
      vertex 38.527 33.4148 5.5
      vertex 38.8367 33.3097 5.5
    endloop
  endfacet
  facet normal 0.32136 0.946957 0
    outer loop
      vertex 38.527 33.4148 5.5
      vertex 38.8367 33.3097 2.5
      vertex 38.527 33.4148 2.5
    endloop
  endfacet
  facet normal -0.555617 -0.831438 0
    outer loop
      vertex 36.3581 29.0166 2.5
      vertex 36.63 28.8349 5.5
      vertex 36.3581 29.0166 5.5
    endloop
  endfacet
  facet normal -0.555617 -0.831438 -0
    outer loop
      vertex 36.63 28.8349 5.5
      vertex 36.3581 29.0166 2.5
      vertex 36.63 28.8349 2.5
    endloop
  endfacet
  facet normal -0.831438 -0.555617 0
    outer loop
      vertex 35.8966 29.4781 2.5
      vertex 35.7149 29.75 5.5
      vertex 35.7149 29.75 2.5
    endloop
  endfacet
  facet normal -0.831438 -0.555617 0
    outer loop
      vertex 35.7149 29.75 5.5
      vertex 35.8966 29.4781 2.5
      vertex 35.8966 29.4781 5.5
    endloop
  endfacet
  facet normal 0.946957 0.32136 0
    outer loop
      vertex 40.2948 31.647 5.5
      vertex 40.1897 31.9567 2.5
      vertex 40.1897 31.9567 5.5
    endloop
  endfacet
  facet normal 0.946957 0.32136 0
    outer loop
      vertex 40.1897 31.9567 2.5
      vertex 40.2948 31.647 5.5
      vertex 40.2948 31.647 2.5
    endloop
  endfacet
  facet normal 0.0654432 -0.997856 0
    outer loop
      vertex 37.88 28.5 2.5
      vertex 38.2063 28.5214 5.5
      vertex 37.88 28.5 5.5
    endloop
  endfacet
  facet normal 0.0654432 -0.997856 0
    outer loop
      vertex 38.2063 28.5214 5.5
      vertex 37.88 28.5 2.5
      vertex 38.2063 28.5214 2.5
    endloop
  endfacet
  facet normal 0.32136 -0.946957 0
    outer loop
      vertex 38.527 28.5852 2.5
      vertex 38.8367 28.6903 5.5
      vertex 38.527 28.5852 5.5
    endloop
  endfacet
  facet normal 0.32136 -0.946957 0
    outer loop
      vertex 38.8367 28.6903 5.5
      vertex 38.527 28.5852 2.5
      vertex 38.8367 28.6903 2.5
    endloop
  endfacet
  facet normal -0.0654432 -0.997856 0
    outer loop
      vertex 37.5537 28.5214 2.5
      vertex 37.88 28.5 5.5
      vertex 37.5537 28.5214 5.5
    endloop
  endfacet
  facet normal -0.0654432 -0.997856 -0
    outer loop
      vertex 37.88 28.5 5.5
      vertex 37.5537 28.5214 2.5
      vertex 37.88 28.5 2.5
    endloop
  endfacet
  facet normal 0.442191 -0.896921 0
    outer loop
      vertex 38.8367 28.6903 2.5
      vertex 39.13 28.8349 5.5
      vertex 38.8367 28.6903 5.5
    endloop
  endfacet
  facet normal 0.442191 -0.896921 0
    outer loop
      vertex 39.13 28.8349 5.5
      vertex 38.8367 28.6903 2.5
      vertex 39.13 28.8349 2.5
    endloop
  endfacet
  facet normal -0.751913 0.659262 0
    outer loop
      vertex 35.8966 32.5219 2.5
      vertex 36.1122 32.7678 5.5
      vertex 36.1122 32.7678 2.5
    endloop
  endfacet
  facet normal -0.751913 0.659262 0
    outer loop
      vertex 36.1122 32.7678 5.5
      vertex 35.8966 32.5219 2.5
      vertex 35.8966 32.5219 5.5
    endloop
  endfacet
  facet normal 0.442191 0.896921 -0
    outer loop
      vertex 39.13 33.1651 2.5
      vertex 38.8367 33.3097 5.5
      vertex 39.13 33.1651 5.5
    endloop
  endfacet
  facet normal 0.442191 0.896921 0
    outer loop
      vertex 38.8367 33.3097 5.5
      vertex 39.13 33.1651 2.5
      vertex 38.8367 33.3097 2.5
    endloop
  endfacet
  facet normal -0.442191 0.896921 0
    outer loop
      vertex 36.9233 33.3097 2.5
      vertex 36.63 33.1651 5.5
      vertex 36.9233 33.3097 5.5
    endloop
  endfacet
  facet normal -0.442191 0.896921 0
    outer loop
      vertex 36.63 33.1651 5.5
      vertex 36.9233 33.3097 2.5
      vertex 36.63 33.1651 2.5
    endloop
  endfacet
  facet normal 0.751913 -0.659262 0
    outer loop
      vertex 39.6478 29.2322 5.5
      vertex 39.8634 29.4781 2.5
      vertex 39.8634 29.4781 5.5
    endloop
  endfacet
  facet normal 0.751913 -0.659262 0
    outer loop
      vertex 39.8634 29.4781 2.5
      vertex 39.6478 29.2322 5.5
      vertex 39.6478 29.2322 2.5
    endloop
  endfacet
  facet normal -0.195116 -0.98078 0
    outer loop
      vertex 37.233 28.5852 2.5
      vertex 37.5537 28.5214 5.5
      vertex 37.233 28.5852 5.5
    endloop
  endfacet
  facet normal -0.195116 -0.98078 -0
    outer loop
      vertex 37.5537 28.5214 5.5
      vertex 37.233 28.5852 2.5
      vertex 37.5537 28.5214 2.5
    endloop
  endfacet
  facet normal 0.831438 -0.555617 0
    outer loop
      vertex 39.8634 29.4781 5.5
      vertex 40.0451 29.75 2.5
      vertex 40.0451 29.75 5.5
    endloop
  endfacet
  facet normal 0.831438 -0.555617 0
    outer loop
      vertex 40.0451 29.75 2.5
      vertex 39.8634 29.4781 5.5
      vertex 39.8634 29.4781 2.5
    endloop
  endfacet
  facet normal -0.659262 -0.751913 0
    outer loop
      vertex 36.1122 29.2322 2.5
      vertex 36.3581 29.0166 5.5
      vertex 36.1122 29.2322 5.5
    endloop
  endfacet
  facet normal -0.659262 -0.751913 -0
    outer loop
      vertex 36.3581 29.0166 5.5
      vertex 36.1122 29.2322 2.5
      vertex 36.3581 29.0166 2.5
    endloop
  endfacet
  facet normal 0.195116 -0.98078 0
    outer loop
      vertex 38.2063 28.5214 2.5
      vertex 38.527 28.5852 5.5
      vertex 38.2063 28.5214 5.5
    endloop
  endfacet
  facet normal 0.195116 -0.98078 0
    outer loop
      vertex 38.527 28.5852 5.5
      vertex 38.2063 28.5214 2.5
      vertex 38.527 28.5852 2.5
    endloop
  endfacet
  facet normal 0.896921 -0.442191 0
    outer loop
      vertex 40.0451 29.75 5.5
      vertex 40.1897 30.0433 2.5
      vertex 40.1897 30.0433 5.5
    endloop
  endfacet
  facet normal 0.896921 -0.442191 0
    outer loop
      vertex 40.1897 30.0433 2.5
      vertex 40.0451 29.75 5.5
      vertex 40.0451 29.75 2.5
    endloop
  endfacet
  facet normal -0.98078 -0.195116 0
    outer loop
      vertex 35.4652 30.353 2.5
      vertex 35.4014 30.6737 5.5
      vertex 35.4014 30.6737 2.5
    endloop
  endfacet
  facet normal -0.98078 -0.195116 0
    outer loop
      vertex 35.4014 30.6737 5.5
      vertex 35.4652 30.353 2.5
      vertex 35.4652 30.353 5.5
    endloop
  endfacet
  facet normal 0.946957 -0.32136 0
    outer loop
      vertex 40.1897 30.0433 5.5
      vertex 40.2948 30.353 2.5
      vertex 40.2948 30.353 5.5
    endloop
  endfacet
  facet normal 0.946957 -0.32136 0
    outer loop
      vertex 40.2948 30.353 2.5
      vertex 40.1897 30.0433 5.5
      vertex 40.1897 30.0433 2.5
    endloop
  endfacet
  facet normal -0.946957 0.32136 0
    outer loop
      vertex 35.4652 31.647 2.5
      vertex 35.5703 31.9567 5.5
      vertex 35.5703 31.9567 2.5
    endloop
  endfacet
  facet normal -0.946957 0.32136 0
    outer loop
      vertex 35.5703 31.9567 5.5
      vertex 35.4652 31.647 2.5
      vertex 35.4652 31.647 5.5
    endloop
  endfacet
  facet normal -0.0654432 0.997856 0
    outer loop
      vertex 37.88 33.5 2.5
      vertex 37.5537 33.4786 5.5
      vertex 37.88 33.5 5.5
    endloop
  endfacet
  facet normal -0.0654432 0.997856 0
    outer loop
      vertex 37.5537 33.4786 5.5
      vertex 37.88 33.5 2.5
      vertex 37.5537 33.4786 2.5
    endloop
  endfacet
  facet normal -0.896921 -0.442191 0
    outer loop
      vertex 35.7149 29.75 2.5
      vertex 35.5703 30.0433 5.5
      vertex 35.5703 30.0433 2.5
    endloop
  endfacet
  facet normal -0.896921 -0.442191 0
    outer loop
      vertex 35.5703 30.0433 5.5
      vertex 35.7149 29.75 2.5
      vertex 35.7149 29.75 5.5
    endloop
  endfacet
  facet normal -0.946957 -0.32136 0
    outer loop
      vertex 35.5703 30.0433 2.5
      vertex 35.4652 30.353 5.5
      vertex 35.4652 30.353 2.5
    endloop
  endfacet
  facet normal -0.946957 -0.32136 0
    outer loop
      vertex 35.4652 30.353 5.5
      vertex 35.5703 30.0433 2.5
      vertex 35.5703 30.0433 5.5
    endloop
  endfacet
  facet normal 0.555617 0.831438 -0
    outer loop
      vertex 39.4019 32.9834 2.5
      vertex 39.13 33.1651 5.5
      vertex 39.4019 32.9834 5.5
    endloop
  endfacet
  facet normal 0.555617 0.831438 0
    outer loop
      vertex 39.13 33.1651 5.5
      vertex 39.4019 32.9834 2.5
      vertex 39.13 33.1651 2.5
    endloop
  endfacet
  facet normal -0.659262 0.751913 0
    outer loop
      vertex 36.3581 32.9834 2.5
      vertex 36.1122 32.7678 5.5
      vertex 36.3581 32.9834 5.5
    endloop
  endfacet
  facet normal -0.659262 0.751913 0
    outer loop
      vertex 36.1122 32.7678 5.5
      vertex 36.3581 32.9834 2.5
      vertex 36.1122 32.7678 2.5
    endloop
  endfacet
  facet normal -0.555617 0.831438 0
    outer loop
      vertex 36.63 33.1651 2.5
      vertex 36.3581 32.9834 5.5
      vertex 36.63 33.1651 5.5
    endloop
  endfacet
  facet normal -0.555617 0.831438 0
    outer loop
      vertex 36.3581 32.9834 5.5
      vertex 36.63 33.1651 2.5
      vertex 36.3581 32.9834 2.5
    endloop
  endfacet
  facet normal 0.195116 0.98078 -0
    outer loop
      vertex 38.527 33.4148 2.5
      vertex 38.2063 33.4786 5.5
      vertex 38.527 33.4148 5.5
    endloop
  endfacet
  facet normal 0.195116 0.98078 0
    outer loop
      vertex 38.2063 33.4786 5.5
      vertex 38.527 33.4148 2.5
      vertex 38.2063 33.4786 2.5
    endloop
  endfacet
  facet normal 0.98078 -0.195116 0
    outer loop
      vertex 40.2948 30.353 5.5
      vertex 40.3586 30.6737 2.5
      vertex 40.3586 30.6737 5.5
    endloop
  endfacet
  facet normal 0.98078 -0.195116 0
    outer loop
      vertex 40.3586 30.6737 2.5
      vertex 40.2948 30.353 5.5
      vertex 40.2948 30.353 2.5
    endloop
  endfacet
  facet normal 0.659262 -0.751913 0
    outer loop
      vertex 39.4019 29.0166 2.5
      vertex 39.6478 29.2322 5.5
      vertex 39.4019 29.0166 5.5
    endloop
  endfacet
  facet normal 0.659262 -0.751913 0
    outer loop
      vertex 39.6478 29.2322 5.5
      vertex 39.4019 29.0166 2.5
      vertex 39.6478 29.2322 2.5
    endloop
  endfacet
  facet normal -0.997856 -0.0654432 0
    outer loop
      vertex 35.4014 30.6737 2.5
      vertex 35.38 31 5.5
      vertex 35.38 31 2.5
    endloop
  endfacet
  facet normal -0.997856 -0.0654432 0
    outer loop
      vertex 35.38 31 5.5
      vertex 35.4014 30.6737 2.5
      vertex 35.4014 30.6737 5.5
    endloop
  endfacet
  facet normal 0.896921 0.442191 0
    outer loop
      vertex 40.1897 31.9567 5.5
      vertex 40.0451 32.25 2.5
      vertex 40.0451 32.25 5.5
    endloop
  endfacet
  facet normal 0.896921 0.442191 0
    outer loop
      vertex 40.0451 32.25 2.5
      vertex 40.1897 31.9567 5.5
      vertex 40.1897 31.9567 2.5
    endloop
  endfacet
  facet normal 0.555617 -0.831438 0
    outer loop
      vertex 39.13 28.8349 2.5
      vertex 39.4019 29.0166 5.5
      vertex 39.13 28.8349 5.5
    endloop
  endfacet
  facet normal 0.555617 -0.831438 0
    outer loop
      vertex 39.4019 29.0166 5.5
      vertex 39.13 28.8349 2.5
      vertex 39.4019 29.0166 2.5
    endloop
  endfacet
  facet normal -0.195116 0.98078 0
    outer loop
      vertex 37.5537 33.4786 2.5
      vertex 37.233 33.4148 5.5
      vertex 37.5537 33.4786 5.5
    endloop
  endfacet
  facet normal -0.195116 0.98078 0
    outer loop
      vertex 37.233 33.4148 5.5
      vertex 37.5537 33.4786 2.5
      vertex 37.233 33.4148 2.5
    endloop
  endfacet
  facet normal -0.997856 0.0654432 0
    outer loop
      vertex 35.38 31 2.5
      vertex 35.4014 31.3263 5.5
      vertex 35.4014 31.3263 2.5
    endloop
  endfacet
  facet normal -0.997856 0.0654432 0
    outer loop
      vertex 35.4014 31.3263 5.5
      vertex 35.38 31 2.5
      vertex 35.38 31 5.5
    endloop
  endfacet
  facet normal -0.32136 -0.946957 0
    outer loop
      vertex 36.9233 28.6903 2.5
      vertex 37.233 28.5852 5.5
      vertex 36.9233 28.6903 5.5
    endloop
  endfacet
  facet normal -0.32136 -0.946957 -0
    outer loop
      vertex 37.233 28.5852 5.5
      vertex 36.9233 28.6903 2.5
      vertex 37.233 28.5852 2.5
    endloop
  endfacet
  facet normal -0.751913 -0.659262 0
    outer loop
      vertex 36.1122 29.2322 2.5
      vertex 35.8966 29.4781 5.5
      vertex 35.8966 29.4781 2.5
    endloop
  endfacet
  facet normal -0.751913 -0.659262 0
    outer loop
      vertex 35.8966 29.4781 5.5
      vertex 36.1122 29.2322 2.5
      vertex 36.1122 29.2322 5.5
    endloop
  endfacet
  facet normal 0 0 1
    outer loop
      vertex 38.78 31 5.5
      vertex 40.38 31 5.5
      vertex 40.3586 31.3263 5.5
    endloop
  endfacet
  facet normal 0 0 1
    outer loop
      vertex 38.7723 31.1175 5.5
      vertex 40.3586 31.3263 5.5
      vertex 40.2948 31.647 5.5
    endloop
  endfacet
  facet normal 0 0 1
    outer loop
      vertex 40.38 31 5.5
      vertex 38.78 31 5.5
      vertex 40.3586 30.6737 5.5
    endloop
  endfacet
  facet normal 0 0 1
    outer loop
      vertex 38.7493 31.2329 5.5
      vertex 40.2948 31.647 5.5
      vertex 40.1897 31.9567 5.5
    endloop
  endfacet
  facet normal -0 0 1
    outer loop
      vertex 38.7723 30.8825 5.5
      vertex 40.3586 30.6737 5.5
      vertex 38.78 31 5.5
    endloop
  endfacet
  facet normal 0 0 1
    outer loop
      vertex 38.7115 31.3444 5.5
      vertex 40.1897 31.9567 5.5
      vertex 40.0451 32.25 5.5
    endloop
  endfacet
  facet normal 0 0 1
    outer loop
      vertex 40.3586 30.6737 5.5
      vertex 38.7723 30.8825 5.5
      vertex 40.2948 30.353 5.5
    endloop
  endfacet
  facet normal 0 0 1
    outer loop
      vertex 38.6594 31.45 5.5
      vertex 40.0451 32.25 5.5
      vertex 39.8634 32.5219 5.5
    endloop
  endfacet
  facet normal -0 0 1
    outer loop
      vertex 38.7493 30.7671 5.5
      vertex 40.2948 30.353 5.5
      vertex 38.7723 30.8825 5.5
    endloop
  endfacet
  facet normal 0 0 1
    outer loop
      vertex 38.594 31.5479 5.5
      vertex 39.8634 32.5219 5.5
      vertex 39.6478 32.7678 5.5
    endloop
  endfacet
  facet normal 0 0 1
    outer loop
      vertex 40.2948 30.353 5.5
      vertex 38.7493 30.7671 5.5
      vertex 40.1897 30.0433 5.5
    endloop
  endfacet
  facet normal 0 0 1
    outer loop
      vertex 38.5164 31.6364 5.5
      vertex 39.6478 32.7678 5.5
      vertex 39.4019 32.9834 5.5
    endloop
  endfacet
  facet normal -0 0 1
    outer loop
      vertex 38.7115 30.6556 5.5
      vertex 40.1897 30.0433 5.5
      vertex 38.7493 30.7671 5.5
    endloop
  endfacet
  facet normal 0 0 1
    outer loop
      vertex 38.4279 31.714 5.5
      vertex 39.4019 32.9834 5.5
      vertex 39.13 33.1651 5.5
    endloop
  endfacet
  facet normal 0 0 1
    outer loop
      vertex 40.1897 30.0433 5.5
      vertex 38.7115 30.6556 5.5
      vertex 40.0451 29.75 5.5
    endloop
  endfacet
  facet normal 0 0 1
    outer loop
      vertex 38.33 31.7794 5.5
      vertex 39.13 33.1651 5.5
      vertex 38.8367 33.3097 5.5
    endloop
  endfacet
  facet normal -0 0 1
    outer loop
      vertex 38.6594 30.55 5.5
      vertex 40.0451 29.75 5.5
      vertex 38.7115 30.6556 5.5
    endloop
  endfacet
  facet normal 0 0 1
    outer loop
      vertex 40.0451 29.75 5.5
      vertex 38.6594 30.55 5.5
      vertex 39.8634 29.4781 5.5
    endloop
  endfacet
  facet normal 0 0 1
    outer loop
      vertex 40.3586 31.3263 5.5
      vertex 38.7723 31.1175 5.5
      vertex 38.78 31 5.5
    endloop
  endfacet
  facet normal 0 0 1
    outer loop
      vertex 40.2948 31.647 5.5
      vertex 38.7493 31.2329 5.5
      vertex 38.7723 31.1175 5.5
    endloop
  endfacet
  facet normal 0 0 1
    outer loop
      vertex 40.1897 31.9567 5.5
      vertex 38.7115 31.3444 5.5
      vertex 38.7493 31.2329 5.5
    endloop
  endfacet
  facet normal 0 0 1
    outer loop
      vertex 40.0451 32.25 5.5
      vertex 38.6594 31.45 5.5
      vertex 38.7115 31.3444 5.5
    endloop
  endfacet
  facet normal 0 0 1
    outer loop
      vertex 39.8634 32.5219 5.5
      vertex 38.594 31.5479 5.5
      vertex 38.6594 31.45 5.5
    endloop
  endfacet
  facet normal 0 0 1
    outer loop
      vertex 38.2244 31.8315 5.5
      vertex 38.8367 33.3097 5.5
      vertex 38.527 33.4148 5.5
    endloop
  endfacet
  facet normal 0 0 1
    outer loop
      vertex 39.6478 32.7678 5.5
      vertex 38.5164 31.6364 5.5
      vertex 38.594 31.5479 5.5
    endloop
  endfacet
  facet normal 0 0 1
    outer loop
      vertex 39.4019 32.9834 5.5
      vertex 38.4279 31.714 5.5
      vertex 38.5164 31.6364 5.5
    endloop
  endfacet
  facet normal 0 0 1
    outer loop
      vertex 39.13 33.1651 5.5
      vertex 38.33 31.7794 5.5
      vertex 38.4279 31.714 5.5
    endloop
  endfacet
  facet normal 0 0 1
    outer loop
      vertex 38.8367 33.3097 5.5
      vertex 38.2244 31.8315 5.5
      vertex 38.33 31.7794 5.5
    endloop
  endfacet
  facet normal 0 0 1
    outer loop
      vertex 38.1129 31.8693 5.5
      vertex 38.527 33.4148 5.5
      vertex 38.2063 33.4786 5.5
    endloop
  endfacet
  facet normal 0 0 1
    outer loop
      vertex 38.527 33.4148 5.5
      vertex 38.1129 31.8693 5.5
      vertex 38.2244 31.8315 5.5
    endloop
  endfacet
  facet normal 0 0 1
    outer loop
      vertex 38.2063 33.4786 5.5
      vertex 37.9975 31.8923 5.5
      vertex 38.1129 31.8693 5.5
    endloop
  endfacet
  facet normal 0 0 1
    outer loop
      vertex 37.88 33.5 5.5
      vertex 37.9975 31.8923 5.5
      vertex 38.2063 33.4786 5.5
    endloop
  endfacet
  facet normal 0 0 1
    outer loop
      vertex 37.88 33.5 5.5
      vertex 37.88 31.9 5.5
      vertex 37.9975 31.8923 5.5
    endloop
  endfacet
  facet normal 0 0 1
    outer loop
      vertex 37.88 33.5 5.5
      vertex 37.7625 31.8923 5.5
      vertex 37.88 31.9 5.5
    endloop
  endfacet
  facet normal -0 0 1
    outer loop
      vertex 37.5537 33.4786 5.5
      vertex 37.7625 31.8923 5.5
      vertex 37.88 33.5 5.5
    endloop
  endfacet
  facet normal 0 0 1
    outer loop
      vertex 37.7625 31.8923 5.5
      vertex 37.5537 33.4786 5.5
      vertex 37.6471 31.8693 5.5
    endloop
  endfacet
  facet normal -0 0 1
    outer loop
      vertex 37.233 33.4148 5.5
      vertex 37.6471 31.8693 5.5
      vertex 37.5537 33.4786 5.5
    endloop
  endfacet
  facet normal 0 0 1
    outer loop
      vertex 37.6471 31.8693 5.5
      vertex 37.233 33.4148 5.5
      vertex 37.5356 31.8315 5.5
    endloop
  endfacet
  facet normal -0 0 1
    outer loop
      vertex 36.9233 33.3097 5.5
      vertex 37.5356 31.8315 5.5
      vertex 37.233 33.4148 5.5
    endloop
  endfacet
  facet normal 0 0 1
    outer loop
      vertex 37.5356 31.8315 5.5
      vertex 36.9233 33.3097 5.5
      vertex 37.43 31.7794 5.5
    endloop
  endfacet
  facet normal -0 0 1
    outer loop
      vertex 36.63 33.1651 5.5
      vertex 37.43 31.7794 5.5
      vertex 36.9233 33.3097 5.5
    endloop
  endfacet
  facet normal 0 0 1
    outer loop
      vertex 37.43 31.7794 5.5
      vertex 36.63 33.1651 5.5
      vertex 37.3321 31.714 5.5
    endloop
  endfacet
  facet normal -0 0 1
    outer loop
      vertex 36.3581 32.9834 5.5
      vertex 37.3321 31.714 5.5
      vertex 36.63 33.1651 5.5
    endloop
  endfacet
  facet normal 0 0 1
    outer loop
      vertex 37.3321 31.714 5.5
      vertex 36.3581 32.9834 5.5
      vertex 37.2436 31.6364 5.5
    endloop
  endfacet
  facet normal -0 0 1
    outer loop
      vertex 36.1122 32.7678 5.5
      vertex 37.2436 31.6364 5.5
      vertex 36.3581 32.9834 5.5
    endloop
  endfacet
  facet normal 0 0 1
    outer loop
      vertex 37.2436 31.6364 5.5
      vertex 36.1122 32.7678 5.5
      vertex 37.166 31.5479 5.5
    endloop
  endfacet
  facet normal 0 0 1
    outer loop
      vertex 37.166 31.5479 5.5
      vertex 35.8966 32.5219 5.5
      vertex 37.1006 31.45 5.5
    endloop
  endfacet
  facet normal -0 0 1
    outer loop
      vertex 35.8966 32.5219 5.5
      vertex 37.166 31.5479 5.5
      vertex 36.1122 32.7678 5.5
    endloop
  endfacet
  facet normal -0 0 1
    outer loop
      vertex 38.594 30.4521 5.5
      vertex 39.8634 29.4781 5.5
      vertex 38.6594 30.55 5.5
    endloop
  endfacet
  facet normal 0 0 1
    outer loop
      vertex 39.8634 29.4781 5.5
      vertex 38.594 30.4521 5.5
      vertex 39.6478 29.2322 5.5
    endloop
  endfacet
  facet normal -0 0 1
    outer loop
      vertex 38.5164 30.3636 5.5
      vertex 39.6478 29.2322 5.5
      vertex 38.594 30.4521 5.5
    endloop
  endfacet
  facet normal 0 0 1
    outer loop
      vertex 39.6478 29.2322 5.5
      vertex 38.5164 30.3636 5.5
      vertex 39.4019 29.0166 5.5
    endloop
  endfacet
  facet normal -0 0 1
    outer loop
      vertex 38.4279 30.286 5.5
      vertex 39.4019 29.0166 5.5
      vertex 38.5164 30.3636 5.5
    endloop
  endfacet
  facet normal 0 0 1
    outer loop
      vertex 39.4019 29.0166 5.5
      vertex 38.4279 30.286 5.5
      vertex 39.13 28.8349 5.5
    endloop
  endfacet
  facet normal -0 0 1
    outer loop
      vertex 38.33 30.2206 5.5
      vertex 39.13 28.8349 5.5
      vertex 38.4279 30.286 5.5
    endloop
  endfacet
  facet normal 0 0 1
    outer loop
      vertex 39.13 28.8349 5.5
      vertex 38.33 30.2206 5.5
      vertex 38.8367 28.6903 5.5
    endloop
  endfacet
  facet normal -0 0 1
    outer loop
      vertex 38.2244 30.1685 5.5
      vertex 38.8367 28.6903 5.5
      vertex 38.33 30.2206 5.5
    endloop
  endfacet
  facet normal 0 0 1
    outer loop
      vertex 38.8367 28.6903 5.5
      vertex 38.2244 30.1685 5.5
      vertex 38.527 28.5852 5.5
    endloop
  endfacet
  facet normal -0 0 1
    outer loop
      vertex 38.1129 30.1307 5.5
      vertex 38.527 28.5852 5.5
      vertex 38.2244 30.1685 5.5
    endloop
  endfacet
  facet normal 0 0 1
    outer loop
      vertex 38.527 28.5852 5.5
      vertex 38.1129 30.1307 5.5
      vertex 38.2063 28.5214 5.5
    endloop
  endfacet
  facet normal -0 0 1
    outer loop
      vertex 37.9975 30.1077 5.5
      vertex 38.2063 28.5214 5.5
      vertex 38.1129 30.1307 5.5
    endloop
  endfacet
  facet normal -0 0 1
    outer loop
      vertex 37.88 30.1 5.5
      vertex 38.2063 28.5214 5.5
      vertex 37.9975 30.1077 5.5
    endloop
  endfacet
  facet normal 0 0 1
    outer loop
      vertex 37.88 30.1 5.5
      vertex 37.88 28.5 5.5
      vertex 38.2063 28.5214 5.5
    endloop
  endfacet
  facet normal 0 0 1
    outer loop
      vertex 37.7625 30.1077 5.5
      vertex 37.88 28.5 5.5
      vertex 37.88 30.1 5.5
    endloop
  endfacet
  facet normal 0 0 1
    outer loop
      vertex 37.5537 28.5214 5.5
      vertex 37.7625 30.1077 5.5
      vertex 37.6471 30.1307 5.5
    endloop
  endfacet
  facet normal 0 0 1
    outer loop
      vertex 37.7625 30.1077 5.5
      vertex 37.5537 28.5214 5.5
      vertex 37.88 28.5 5.5
    endloop
  endfacet
  facet normal 0 0 1
    outer loop
      vertex 37.233 28.5852 5.5
      vertex 37.6471 30.1307 5.5
      vertex 37.5356 30.1685 5.5
    endloop
  endfacet
  facet normal 0 0 1
    outer loop
      vertex 36.9233 28.6903 5.5
      vertex 37.5356 30.1685 5.5
      vertex 37.43 30.2206 5.5
    endloop
  endfacet
  facet normal 0 0 1
    outer loop
      vertex 36.63 28.8349 5.5
      vertex 37.43 30.2206 5.5
      vertex 37.3321 30.286 5.5
    endloop
  endfacet
  facet normal 0 0 1
    outer loop
      vertex 36.3581 29.0166 5.5
      vertex 37.3321 30.286 5.5
      vertex 37.2436 30.3636 5.5
    endloop
  endfacet
  facet normal 0 0 1
    outer loop
      vertex 37.6471 30.1307 5.5
      vertex 37.233 28.5852 5.5
      vertex 37.5537 28.5214 5.5
    endloop
  endfacet
  facet normal 0 0 1
    outer loop
      vertex 36.1122 29.2322 5.5
      vertex 37.2436 30.3636 5.5
      vertex 37.166 30.4521 5.5
    endloop
  endfacet
  facet normal 0 0 1
    outer loop
      vertex 35.8966 29.4781 5.5
      vertex 37.166 30.4521 5.5
      vertex 37.1006 30.55 5.5
    endloop
  endfacet
  facet normal 0 0 1
    outer loop
      vertex 35.7149 29.75 5.5
      vertex 37.1006 30.55 5.5
      vertex 37.0485 30.6556 5.5
    endloop
  endfacet
  facet normal 0 0 1
    outer loop
      vertex 35.5703 30.0433 5.5
      vertex 37.0485 30.6556 5.5
      vertex 37.0107 30.7671 5.5
    endloop
  endfacet
  facet normal 0 0 1
    outer loop
      vertex 35.4652 30.353 5.5
      vertex 37.0107 30.7671 5.5
      vertex 36.9877 30.8825 5.5
    endloop
  endfacet
  facet normal 0 0 1
    outer loop
      vertex 37.5356 30.1685 5.5
      vertex 36.9233 28.6903 5.5
      vertex 37.233 28.5852 5.5
    endloop
  endfacet
  facet normal 0 0 1
    outer loop
      vertex 35.4014 30.6737 5.5
      vertex 36.9877 30.8825 5.5
      vertex 36.98 31 5.5
    endloop
  endfacet
  facet normal -0 0 1
    outer loop
      vertex 35.7149 32.25 5.5
      vertex 37.1006 31.45 5.5
      vertex 35.8966 32.5219 5.5
    endloop
  endfacet
  facet normal 0 0 1
    outer loop
      vertex 37.1006 31.45 5.5
      vertex 35.7149 32.25 5.5
      vertex 37.0485 31.3444 5.5
    endloop
  endfacet
  facet normal 0 0 1
    outer loop
      vertex 37.43 30.2206 5.5
      vertex 36.63 28.8349 5.5
      vertex 36.9233 28.6903 5.5
    endloop
  endfacet
  facet normal -0 0 1
    outer loop
      vertex 35.5703 31.9567 5.5
      vertex 37.0485 31.3444 5.5
      vertex 35.7149 32.25 5.5
    endloop
  endfacet
  facet normal 0 0 1
    outer loop
      vertex 37.3321 30.286 5.5
      vertex 36.3581 29.0166 5.5
      vertex 36.63 28.8349 5.5
    endloop
  endfacet
  facet normal 0 0 1
    outer loop
      vertex 37.0485 31.3444 5.5
      vertex 35.5703 31.9567 5.5
      vertex 37.0107 31.2329 5.5
    endloop
  endfacet
  facet normal 0 0 1
    outer loop
      vertex 37.2436 30.3636 5.5
      vertex 36.1122 29.2322 5.5
      vertex 36.3581 29.0166 5.5
    endloop
  endfacet
  facet normal -0 0 1
    outer loop
      vertex 35.4652 31.647 5.5
      vertex 37.0107 31.2329 5.5
      vertex 35.5703 31.9567 5.5
    endloop
  endfacet
  facet normal 0 0 1
    outer loop
      vertex 37.166 30.4521 5.5
      vertex 35.8966 29.4781 5.5
      vertex 36.1122 29.2322 5.5
    endloop
  endfacet
  facet normal 0 0 1
    outer loop
      vertex 37.0107 31.2329 5.5
      vertex 35.4652 31.647 5.5
      vertex 36.9877 31.1175 5.5
    endloop
  endfacet
  facet normal 0 0 1
    outer loop
      vertex 37.1006 30.55 5.5
      vertex 35.7149 29.75 5.5
      vertex 35.8966 29.4781 5.5
    endloop
  endfacet
  facet normal -0 0 1
    outer loop
      vertex 35.4014 31.3263 5.5
      vertex 36.9877 31.1175 5.5
      vertex 35.4652 31.647 5.5
    endloop
  endfacet
  facet normal 0 0 1
    outer loop
      vertex 37.0485 30.6556 5.5
      vertex 35.5703 30.0433 5.5
      vertex 35.7149 29.75 5.5
    endloop
  endfacet
  facet normal 0 0 1
    outer loop
      vertex 36.9877 31.1175 5.5
      vertex 35.4014 31.3263 5.5
      vertex 36.98 31 5.5
    endloop
  endfacet
  facet normal 0 0 1
    outer loop
      vertex 37.0107 30.7671 5.5
      vertex 35.4652 30.353 5.5
      vertex 35.5703 30.0433 5.5
    endloop
  endfacet
  facet normal 0 0 1
    outer loop
      vertex 35.38 31 5.5
      vertex 36.98 31 5.5
      vertex 35.4014 31.3263 5.5
    endloop
  endfacet
  facet normal 0 0 1
    outer loop
      vertex 36.9877 30.8825 5.5
      vertex 35.4014 30.6737 5.5
      vertex 35.4652 30.353 5.5
    endloop
  endfacet
  facet normal 0 0 1
    outer loop
      vertex 36.98 31 5.5
      vertex 35.38 31 5.5
      vertex 35.4014 30.6737 5.5
    endloop
  endfacet
  facet normal -0.831438 0.555617 0
    outer loop
      vertex 35.7149 32.25 2.5
      vertex 35.8966 32.5219 5.5
      vertex 35.8966 32.5219 2.5
    endloop
  endfacet
  facet normal -0.831438 0.555617 0
    outer loop
      vertex 35.8966 32.5219 5.5
      vertex 35.7149 32.25 2.5
      vertex 35.7149 32.25 5.5
    endloop
  endfacet
  facet normal -0.321065 -0.947057 0
    outer loop
      vertex 38.1129 31.8693 2.5
      vertex 38.2244 31.8315 5.5
      vertex 38.1129 31.8693 5.5
    endloop
  endfacet
  facet normal -0.321065 -0.947057 -0
    outer loop
      vertex 38.2244 31.8315 5.5
      vertex 38.1129 31.8693 2.5
      vertex 38.2244 31.8315 2.5
    endloop
  endfacet
  facet normal -0.980711 -0.195462 0
    outer loop
      vertex 38.7723 31.1175 2.5
      vertex 38.7493 31.2329 5.5
      vertex 38.7493 31.2329 2.5
    endloop
  endfacet
  facet normal -0.980711 -0.195462 0
    outer loop
      vertex 38.7493 31.2329 5.5
      vertex 38.7723 31.1175 2.5
      vertex 38.7723 31.1175 5.5
    endloop
  endfacet
  facet normal -0.99786 -0.0653917 0
    outer loop
      vertex 38.78 31 2.5
      vertex 38.7723 31.1175 5.5
      vertex 38.7723 31.1175 2.5
    endloop
  endfacet
  facet normal -0.99786 -0.0653917 0
    outer loop
      vertex 38.7723 31.1175 5.5
      vertex 38.78 31 2.5
      vertex 38.78 31 5.5
    endloop
  endfacet
  facet normal -0.947057 -0.321065 0
    outer loop
      vertex 38.7493 31.2329 2.5
      vertex 38.7115 31.3444 5.5
      vertex 38.7115 31.3444 2.5
    endloop
  endfacet
  facet normal -0.947057 -0.321065 0
    outer loop
      vertex 38.7115 31.3444 5.5
      vertex 38.7493 31.2329 2.5
      vertex 38.7493 31.2329 5.5
    endloop
  endfacet
  facet normal -0.442452 -0.896792 0
    outer loop
      vertex 38.2244 31.8315 2.5
      vertex 38.33 31.7794 5.5
      vertex 38.2244 31.8315 5.5
    endloop
  endfacet
  facet normal -0.442452 -0.896792 -0
    outer loop
      vertex 38.33 31.7794 5.5
      vertex 38.2244 31.8315 2.5
      vertex 38.33 31.7794 2.5
    endloop
  endfacet
  facet normal 0.99786 0.0653917 0
    outer loop
      vertex 36.9877 30.8825 5.5
      vertex 36.98 31 2.5
      vertex 36.98 31 5.5
    endloop
  endfacet
  facet normal 0.99786 0.0653917 0
    outer loop
      vertex 36.98 31 2.5
      vertex 36.9877 30.8825 5.5
      vertex 36.9877 30.8825 2.5
    endloop
  endfacet
  facet normal -0.896792 -0.442452 0
    outer loop
      vertex 38.7115 31.3444 2.5
      vertex 38.6594 31.45 5.5
      vertex 38.6594 31.45 2.5
    endloop
  endfacet
  facet normal -0.896792 -0.442452 0
    outer loop
      vertex 38.6594 31.45 5.5
      vertex 38.7115 31.3444 2.5
      vertex 38.7115 31.3444 5.5
    endloop
  endfacet
  facet normal -0.831527 -0.555484 0
    outer loop
      vertex 38.6594 31.45 2.5
      vertex 38.594 31.5479 5.5
      vertex 38.594 31.5479 2.5
    endloop
  endfacet
  facet normal -0.831527 -0.555484 0
    outer loop
      vertex 38.594 31.5479 5.5
      vertex 38.6594 31.45 2.5
      vertex 38.6594 31.45 5.5
    endloop
  endfacet
  facet normal 0.659286 -0.751892 0
    outer loop
      vertex 37.2436 31.6364 2.5
      vertex 37.3321 31.714 5.5
      vertex 37.2436 31.6364 5.5
    endloop
  endfacet
  facet normal 0.659286 -0.751892 0
    outer loop
      vertex 37.3321 31.714 5.5
      vertex 37.2436 31.6364 2.5
      vertex 37.3321 31.714 2.5
    endloop
  endfacet
  facet normal -0.751892 -0.659286 0
    outer loop
      vertex 38.594 31.5479 2.5
      vertex 38.5164 31.6364 5.5
      vertex 38.5164 31.6364 2.5
    endloop
  endfacet
  facet normal -0.751892 -0.659286 0
    outer loop
      vertex 38.5164 31.6364 5.5
      vertex 38.594 31.5479 2.5
      vertex 38.594 31.5479 5.5
    endloop
  endfacet
  facet normal 0.980711 -0.195462 0
    outer loop
      vertex 36.9877 31.1175 5.5
      vertex 37.0107 31.2329 2.5
      vertex 37.0107 31.2329 5.5
    endloop
  endfacet
  facet normal 0.980711 -0.195462 0
    outer loop
      vertex 37.0107 31.2329 2.5
      vertex 36.9877 31.1175 5.5
      vertex 36.9877 31.1175 2.5
    endloop
  endfacet
  facet normal 0.555484 0.831527 -0
    outer loop
      vertex 37.43 30.2206 2.5
      vertex 37.3321 30.286 5.5
      vertex 37.43 30.2206 5.5
    endloop
  endfacet
  facet normal 0.555484 0.831527 0
    outer loop
      vertex 37.3321 30.286 5.5
      vertex 37.43 30.2206 2.5
      vertex 37.3321 30.286 2.5
    endloop
  endfacet
  facet normal 0.99786 -0.0653917 0
    outer loop
      vertex 36.98 31 5.5
      vertex 36.9877 31.1175 2.5
      vertex 36.9877 31.1175 5.5
    endloop
  endfacet
  facet normal 0.99786 -0.0653917 0
    outer loop
      vertex 36.9877 31.1175 2.5
      vertex 36.98 31 5.5
      vertex 36.98 31 2.5
    endloop
  endfacet
  facet normal 0.751892 0.659286 0
    outer loop
      vertex 37.2436 30.3636 5.5
      vertex 37.166 30.4521 2.5
      vertex 37.166 30.4521 5.5
    endloop
  endfacet
  facet normal 0.751892 0.659286 0
    outer loop
      vertex 37.166 30.4521 2.5
      vertex 37.2436 30.3636 5.5
      vertex 37.2436 30.3636 2.5
    endloop
  endfacet
  facet normal -0.555484 -0.831527 0
    outer loop
      vertex 38.33 31.7794 2.5
      vertex 38.4279 31.714 5.5
      vertex 38.33 31.7794 5.5
    endloop
  endfacet
  facet normal -0.555484 -0.831527 -0
    outer loop
      vertex 38.4279 31.714 5.5
      vertex 38.33 31.7794 2.5
      vertex 38.4279 31.714 2.5
    endloop
  endfacet
  facet normal -0.195462 0.980711 0
    outer loop
      vertex 38.1129 30.1307 2.5
      vertex 37.9975 30.1077 5.5
      vertex 38.1129 30.1307 5.5
    endloop
  endfacet
  facet normal -0.195462 0.980711 0
    outer loop
      vertex 37.9975 30.1077 5.5
      vertex 38.1129 30.1307 2.5
      vertex 37.9975 30.1077 2.5
    endloop
  endfacet
  facet normal 0.442452 -0.896792 0
    outer loop
      vertex 37.43 31.7794 2.5
      vertex 37.5356 31.8315 5.5
      vertex 37.43 31.7794 5.5
    endloop
  endfacet
  facet normal 0.442452 -0.896792 0
    outer loop
      vertex 37.5356 31.8315 5.5
      vertex 37.43 31.7794 2.5
      vertex 37.5356 31.8315 2.5
    endloop
  endfacet
  facet normal 0.321065 0.947057 -0
    outer loop
      vertex 37.6471 30.1307 2.5
      vertex 37.5356 30.1685 5.5
      vertex 37.6471 30.1307 5.5
    endloop
  endfacet
  facet normal 0.321065 0.947057 0
    outer loop
      vertex 37.5356 30.1685 5.5
      vertex 37.6471 30.1307 2.5
      vertex 37.5356 30.1685 2.5
    endloop
  endfacet
  facet normal -0.980711 0.195462 0
    outer loop
      vertex 38.7493 30.7671 2.5
      vertex 38.7723 30.8825 5.5
      vertex 38.7723 30.8825 2.5
    endloop
  endfacet
  facet normal -0.980711 0.195462 0
    outer loop
      vertex 38.7723 30.8825 5.5
      vertex 38.7493 30.7671 2.5
      vertex 38.7493 30.7671 5.5
    endloop
  endfacet
  facet normal 0.751892 -0.659286 0
    outer loop
      vertex 37.166 31.5479 5.5
      vertex 37.2436 31.6364 2.5
      vertex 37.2436 31.6364 5.5
    endloop
  endfacet
  facet normal 0.751892 -0.659286 0
    outer loop
      vertex 37.2436 31.6364 2.5
      vertex 37.166 31.5479 5.5
      vertex 37.166 31.5479 2.5
    endloop
  endfacet
  facet normal -0.831527 0.555484 0
    outer loop
      vertex 38.594 30.4521 2.5
      vertex 38.6594 30.55 5.5
      vertex 38.6594 30.55 2.5
    endloop
  endfacet
  facet normal -0.831527 0.555484 0
    outer loop
      vertex 38.6594 30.55 5.5
      vertex 38.594 30.4521 2.5
      vertex 38.594 30.4521 5.5
    endloop
  endfacet
  facet normal 0.321065 -0.947057 0
    outer loop
      vertex 37.5356 31.8315 2.5
      vertex 37.6471 31.8693 5.5
      vertex 37.5356 31.8315 5.5
    endloop
  endfacet
  facet normal 0.321065 -0.947057 0
    outer loop
      vertex 37.6471 31.8693 5.5
      vertex 37.5356 31.8315 2.5
      vertex 37.6471 31.8693 2.5
    endloop
  endfacet
  facet normal 0.980711 0.195462 0
    outer loop
      vertex 37.0107 30.7671 5.5
      vertex 36.9877 30.8825 2.5
      vertex 36.9877 30.8825 5.5
    endloop
  endfacet
  facet normal 0.980711 0.195462 0
    outer loop
      vertex 36.9877 30.8825 2.5
      vertex 37.0107 30.7671 5.5
      vertex 37.0107 30.7671 2.5
    endloop
  endfacet
  facet normal 0.195462 0.980711 -0
    outer loop
      vertex 37.7625 30.1077 2.5
      vertex 37.6471 30.1307 5.5
      vertex 37.7625 30.1077 5.5
    endloop
  endfacet
  facet normal 0.195462 0.980711 0
    outer loop
      vertex 37.6471 30.1307 5.5
      vertex 37.7625 30.1077 2.5
      vertex 37.6471 30.1307 2.5
    endloop
  endfacet
  facet normal -0.947057 0.321065 0
    outer loop
      vertex 38.7115 30.6556 2.5
      vertex 38.7493 30.7671 5.5
      vertex 38.7493 30.7671 2.5
    endloop
  endfacet
  facet normal -0.947057 0.321065 0
    outer loop
      vertex 38.7493 30.7671 5.5
      vertex 38.7115 30.6556 2.5
      vertex 38.7115 30.6556 5.5
    endloop
  endfacet
  facet normal -0.0653917 0.99786 0
    outer loop
      vertex 37.9975 30.1077 2.5
      vertex 37.88 30.1 5.5
      vertex 37.9975 30.1077 5.5
    endloop
  endfacet
  facet normal -0.0653917 0.99786 0
    outer loop
      vertex 37.88 30.1 5.5
      vertex 37.9975 30.1077 2.5
      vertex 37.88 30.1 2.5
    endloop
  endfacet
  facet normal -0.751892 0.659286 0
    outer loop
      vertex 38.5164 30.3636 2.5
      vertex 38.594 30.4521 5.5
      vertex 38.594 30.4521 2.5
    endloop
  endfacet
  facet normal -0.751892 0.659286 0
    outer loop
      vertex 38.594 30.4521 5.5
      vertex 38.5164 30.3636 2.5
      vertex 38.5164 30.3636 5.5
    endloop
  endfacet
  facet normal 0.0653917 -0.99786 0
    outer loop
      vertex 37.7625 31.8923 2.5
      vertex 37.88 31.9 5.5
      vertex 37.7625 31.8923 5.5
    endloop
  endfacet
  facet normal 0.0653917 -0.99786 0
    outer loop
      vertex 37.88 31.9 5.5
      vertex 37.7625 31.8923 2.5
      vertex 37.88 31.9 2.5
    endloop
  endfacet
  facet normal -0.555484 0.831527 0
    outer loop
      vertex 38.4279 30.286 2.5
      vertex 38.33 30.2206 5.5
      vertex 38.4279 30.286 5.5
    endloop
  endfacet
  facet normal -0.555484 0.831527 0
    outer loop
      vertex 38.33 30.2206 5.5
      vertex 38.4279 30.286 2.5
      vertex 38.33 30.2206 2.5
    endloop
  endfacet
  facet normal 0.659286 0.751892 -0
    outer loop
      vertex 37.3321 30.286 2.5
      vertex 37.2436 30.3636 5.5
      vertex 37.3321 30.286 5.5
    endloop
  endfacet
  facet normal 0.659286 0.751892 0
    outer loop
      vertex 37.2436 30.3636 5.5
      vertex 37.3321 30.286 2.5
      vertex 37.2436 30.3636 2.5
    endloop
  endfacet
  facet normal -0.659286 -0.751892 0
    outer loop
      vertex 38.4279 31.714 2.5
      vertex 38.5164 31.6364 5.5
      vertex 38.4279 31.714 5.5
    endloop
  endfacet
  facet normal -0.659286 -0.751892 -0
    outer loop
      vertex 38.5164 31.6364 5.5
      vertex 38.4279 31.714 2.5
      vertex 38.5164 31.6364 2.5
    endloop
  endfacet
  facet normal 0.896792 -0.442452 0
    outer loop
      vertex 37.0485 31.3444 5.5
      vertex 37.1006 31.45 2.5
      vertex 37.1006 31.45 5.5
    endloop
  endfacet
  facet normal 0.896792 -0.442452 0
    outer loop
      vertex 37.1006 31.45 2.5
      vertex 37.0485 31.3444 5.5
      vertex 37.0485 31.3444 2.5
    endloop
  endfacet
  facet normal -0.0653917 -0.99786 0
    outer loop
      vertex 37.88 31.9 2.5
      vertex 37.9975 31.8923 5.5
      vertex 37.88 31.9 5.5
    endloop
  endfacet
  facet normal -0.0653917 -0.99786 -0
    outer loop
      vertex 37.9975 31.8923 5.5
      vertex 37.88 31.9 2.5
      vertex 37.9975 31.8923 2.5
    endloop
  endfacet
  facet normal -0.99786 0.0653917 0
    outer loop
      vertex 38.7723 30.8825 2.5
      vertex 38.78 31 5.5
      vertex 38.78 31 2.5
    endloop
  endfacet
  facet normal -0.99786 0.0653917 0
    outer loop
      vertex 38.78 31 5.5
      vertex 38.7723 30.8825 2.5
      vertex 38.7723 30.8825 5.5
    endloop
  endfacet
  facet normal 0.195462 -0.980711 0
    outer loop
      vertex 37.6471 31.8693 2.5
      vertex 37.7625 31.8923 5.5
      vertex 37.6471 31.8693 5.5
    endloop
  endfacet
  facet normal 0.195462 -0.980711 0
    outer loop
      vertex 37.7625 31.8923 5.5
      vertex 37.6471 31.8693 2.5
      vertex 37.7625 31.8923 2.5
    endloop
  endfacet
  facet normal 0.555484 -0.831527 0
    outer loop
      vertex 37.3321 31.714 2.5
      vertex 37.43 31.7794 5.5
      vertex 37.3321 31.714 5.5
    endloop
  endfacet
  facet normal 0.555484 -0.831527 0
    outer loop
      vertex 37.43 31.7794 5.5
      vertex 37.3321 31.714 2.5
      vertex 37.43 31.7794 2.5
    endloop
  endfacet
  facet normal 0.0653917 0.99786 -0
    outer loop
      vertex 37.88 30.1 2.5
      vertex 37.7625 30.1077 5.5
      vertex 37.88 30.1 5.5
    endloop
  endfacet
  facet normal 0.0653917 0.99786 0
    outer loop
      vertex 37.7625 30.1077 5.5
      vertex 37.88 30.1 2.5
      vertex 37.7625 30.1077 2.5
    endloop
  endfacet
  facet normal -0.896792 0.442452 0
    outer loop
      vertex 38.6594 30.55 2.5
      vertex 38.7115 30.6556 5.5
      vertex 38.7115 30.6556 2.5
    endloop
  endfacet
  facet normal -0.896792 0.442452 0
    outer loop
      vertex 38.7115 30.6556 5.5
      vertex 38.6594 30.55 2.5
      vertex 38.6594 30.55 5.5
    endloop
  endfacet
  facet normal 0.947057 -0.321065 0
    outer loop
      vertex 37.0107 31.2329 5.5
      vertex 37.0485 31.3444 2.5
      vertex 37.0485 31.3444 5.5
    endloop
  endfacet
  facet normal 0.947057 -0.321065 0
    outer loop
      vertex 37.0485 31.3444 2.5
      vertex 37.0107 31.2329 5.5
      vertex 37.0107 31.2329 2.5
    endloop
  endfacet
  facet normal 0.947057 0.321065 0
    outer loop
      vertex 37.0485 30.6556 5.5
      vertex 37.0107 30.7671 2.5
      vertex 37.0107 30.7671 5.5
    endloop
  endfacet
  facet normal 0.947057 0.321065 0
    outer loop
      vertex 37.0107 30.7671 2.5
      vertex 37.0485 30.6556 5.5
      vertex 37.0485 30.6556 2.5
    endloop
  endfacet
  facet normal 0.831527 -0.555484 0
    outer loop
      vertex 37.1006 31.45 5.5
      vertex 37.166 31.5479 2.5
      vertex 37.166 31.5479 5.5
    endloop
  endfacet
  facet normal 0.831527 -0.555484 0
    outer loop
      vertex 37.166 31.5479 2.5
      vertex 37.1006 31.45 5.5
      vertex 37.1006 31.45 2.5
    endloop
  endfacet
  facet normal -0.442452 0.896792 0
    outer loop
      vertex 38.33 30.2206 2.5
      vertex 38.2244 30.1685 5.5
      vertex 38.33 30.2206 5.5
    endloop
  endfacet
  facet normal -0.442452 0.896792 0
    outer loop
      vertex 38.2244 30.1685 5.5
      vertex 38.33 30.2206 2.5
      vertex 38.2244 30.1685 2.5
    endloop
  endfacet
  facet normal -0.321065 0.947057 0
    outer loop
      vertex 38.2244 30.1685 2.5
      vertex 38.1129 30.1307 5.5
      vertex 38.2244 30.1685 5.5
    endloop
  endfacet
  facet normal -0.321065 0.947057 0
    outer loop
      vertex 38.1129 30.1307 5.5
      vertex 38.2244 30.1685 2.5
      vertex 38.1129 30.1307 2.5
    endloop
  endfacet
  facet normal -0.659286 0.751892 0
    outer loop
      vertex 38.5164 30.3636 2.5
      vertex 38.4279 30.286 5.5
      vertex 38.5164 30.3636 5.5
    endloop
  endfacet
  facet normal -0.659286 0.751892 0
    outer loop
      vertex 38.4279 30.286 5.5
      vertex 38.5164 30.3636 2.5
      vertex 38.4279 30.286 2.5
    endloop
  endfacet
  facet normal 0.896792 0.442452 0
    outer loop
      vertex 37.1006 30.55 5.5
      vertex 37.0485 30.6556 2.5
      vertex 37.0485 30.6556 5.5
    endloop
  endfacet
  facet normal 0.896792 0.442452 0
    outer loop
      vertex 37.0485 30.6556 2.5
      vertex 37.1006 30.55 5.5
      vertex 37.1006 30.55 2.5
    endloop
  endfacet
  facet normal -0.195462 -0.980711 0
    outer loop
      vertex 37.9975 31.8923 2.5
      vertex 38.1129 31.8693 5.5
      vertex 37.9975 31.8923 5.5
    endloop
  endfacet
  facet normal -0.195462 -0.980711 -0
    outer loop
      vertex 38.1129 31.8693 5.5
      vertex 37.9975 31.8923 2.5
      vertex 38.1129 31.8693 2.5
    endloop
  endfacet
  facet normal 0.442452 0.896792 -0
    outer loop
      vertex 37.5356 30.1685 2.5
      vertex 37.43 30.2206 5.5
      vertex 37.5356 30.1685 5.5
    endloop
  endfacet
  facet normal 0.442452 0.896792 0
    outer loop
      vertex 37.43 30.2206 5.5
      vertex 37.5356 30.1685 2.5
      vertex 37.43 30.2206 2.5
    endloop
  endfacet
  facet normal 0.831527 0.555484 0
    outer loop
      vertex 37.166 30.4521 5.5
      vertex 37.1006 30.55 2.5
      vertex 37.1006 30.55 5.5
    endloop
  endfacet
  facet normal 0.831527 0.555484 0
    outer loop
      vertex 37.1006 30.55 2.5
      vertex 37.166 30.4521 5.5
      vertex 37.166 30.4521 2.5
    endloop
  endfacet
endsolid OpenSCAD_Model
