solid OpenSCAD_Model
  facet normal -0.750486 -0.660887 0
    outer loop
      vertex 54.0334 107.609 1.4
      vertex 53.9471 107.707 3
      vertex 53.9471 107.707 1.4
    endloop
  endfacet
  facet normal -0.750486 -0.660887 0
    outer loop
      vertex 53.9471 107.707 3
      vertex 54.0334 107.609 1.4
      vertex 54.0334 107.609 3
    endloop
  endfacet
  facet normal -0.659749 0.751486 0
    outer loop
      vertex 53.9471 66.2929 1.4
      vertex 53.8488 66.2066 3
      vertex 53.9471 66.2929 3
    endloop
  endfacet
  facet normal -0.659749 0.751486 0
    outer loop
      vertex 53.8488 66.2066 3
      vertex 53.9471 66.2929 1.4
      vertex 53.8488 66.2066 1.4
    endloop
  endfacet
  facet normal -0.896709 0.442621 0
    outer loop
      vertex 54.106 66.5 1.4
      vertex 54.1639 66.6173 3
      vertex 54.1639 66.6173 1.4
    endloop
  endfacet
  facet normal -0.896709 0.442621 0
    outer loop
      vertex 54.1639 66.6173 3
      vertex 54.106 66.5 1.4
      vertex 54.106 66.5 3
    endloop
  endfacet
  facet normal -0.896258 -0.443533 0
    outer loop
      vertex 54.1639 107.383 1.4
      vertex 54.106 107.5 3
      vertex 54.106 107.5 1.4
    endloop
  endfacet
  facet normal -0.896258 -0.443533 0
    outer loop
      vertex 54.106 107.5 3
      vertex 54.1639 107.383 1.4
      vertex 54.1639 107.383 3
    endloop
  endfacet
  facet normal 0 -1 0
    outer loop
      vertex 4 108 1.4
      vertex 53.24 108 3
      vertex 4 108 3
    endloop
  endfacet
  facet normal 0 -1 -0
    outer loop
      vertex 53.24 108 3
      vertex 4 108 1.4
      vertex 53.24 108 1.4
    endloop
  endfacet
  facet normal -0.442621 0.896709 0
    outer loop
      vertex 53.74 66.134 1.4
      vertex 53.6227 66.0761 3
      vertex 53.74 66.134 3
    endloop
  endfacet
  facet normal -0.442621 0.896709 0
    outer loop
      vertex 53.6227 66.0761 3
      vertex 53.74 66.134 1.4
      vertex 53.6227 66.0761 1.4
    endloop
  endfacet
  facet normal -0.555053 0.831815 0
    outer loop
      vertex 53.8488 66.2066 1.4
      vertex 53.74 66.134 3
      vertex 53.8488 66.2066 3
    endloop
  endfacet
  facet normal -0.555053 0.831815 0
    outer loop
      vertex 53.74 66.134 3
      vertex 53.8488 66.2066 1.4
      vertex 53.74 66.134 1.4
    endloop
  endfacet
  facet normal 0.658261 -0.75279 0
    outer loop
      vertex 3.29289 107.707 1.4
      vertex 3.39124 107.793 3
      vertex 3.29289 107.707 3
    endloop
  endfacet
  facet normal 0.658261 -0.75279 0
    outer loop
      vertex 3.39124 107.793 3
      vertex 3.29289 107.707 1.4
      vertex 3.39124 107.793 1.4
    endloop
  endfacet
  facet normal 0 1 -0
    outer loop
      vertex 53.24 66 1.4
      vertex 4 66 3
      vertex 53.24 66 3
    endloop
  endfacet
  facet normal 0 1 0
    outer loop
      vertex 4 66 3
      vertex 53.24 66 1.4
      vertex 4 66 1.4
    endloop
  endfacet
  facet normal -0.997836 0.0657577 0
    outer loop
      vertex 54.2314 66.8695 1.4
      vertex 54.24 67 3
      vertex 54.24 67 1.4
    endloop
  endfacet
  facet normal -0.997836 0.0657577 0
    outer loop
      vertex 54.24 67 3
      vertex 54.2314 66.8695 1.4
      vertex 54.2314 66.8695 3
    endloop
  endfacet
  facet normal 1 -0 0
    outer loop
      vertex 3 67 3
      vertex 3 107 1.4
      vertex 3 107 3
    endloop
  endfacet
  facet normal 1 0 0
    outer loop
      vertex 3 107 1.4
      vertex 3 67 3
      vertex 3 67 1.4
    endloop
  endfacet
  facet normal -0.0657577 0.997836 0
    outer loop
      vertex 53.3705 66.0086 1.4
      vertex 53.24 66 3
      vertex 53.3705 66.0086 3
    endloop
  endfacet
  facet normal -0.0657577 0.997836 0
    outer loop
      vertex 53.24 66 3
      vertex 53.3705 66.0086 1.4
      vertex 53.24 66 1.4
    endloop
  endfacet
  facet normal 0.443175 -0.896435 0
    outer loop
      vertex 3.5 107.866 1.4
      vertex 3.61732 107.924 3
      vertex 3.5 107.866 3
    endloop
  endfacet
  facet normal 0.443175 -0.896435 0
    outer loop
      vertex 3.61732 107.924 3
      vertex 3.5 107.866 1.4
      vertex 3.61732 107.924 1.4
    endloop
  endfacet
  facet normal 0 0 1
    outer loop
      vertex 53.24 108 1.4
      vertex 54.24 107 1.4
      vertex 54.2314 107.131 1.4
    endloop
  endfacet
  facet normal 0 0 1
    outer loop
      vertex 54.24 107 1.4
      vertex 51.94 105.2 1.4
      vertex 54.24 67 1.4
    endloop
  endfacet
  facet normal 0 0 1
    outer loop
      vertex 53.24 108 1.4
      vertex 54.2314 107.131 1.4
      vertex 54.2059 107.259 1.4
    endloop
  endfacet
  facet normal -0 0 1
    outer loop
      vertex 51.94 68.8 1.4
      vertex 54.24 67 1.4
      vertex 51.94 105.2 1.4
    endloop
  endfacet
  facet normal 0 0 1
    outer loop
      vertex 53.24 108 1.4
      vertex 54.2059 107.259 1.4
      vertex 54.1639 107.383 1.4
    endloop
  endfacet
  facet normal -0 0 1
    outer loop
      vertex 51.9357 68.7347 1.4
      vertex 54.24 67 1.4
      vertex 51.94 68.8 1.4
    endloop
  endfacet
  facet normal 0 0 1
    outer loop
      vertex 53.24 108 1.4
      vertex 54.1639 107.383 1.4
      vertex 54.106 107.5 1.4
    endloop
  endfacet
  facet normal -0 0 1
    outer loop
      vertex 51.923 68.6706 1.4
      vertex 54.24 67 1.4
      vertex 51.9357 68.7347 1.4
    endloop
  endfacet
  facet normal 0 0 1
    outer loop
      vertex 53.24 108 1.4
      vertex 54.106 107.5 1.4
      vertex 54.0334 107.609 1.4
    endloop
  endfacet
  facet normal -0 0 1
    outer loop
      vertex 51.9019 68.6087 1.4
      vertex 54.24 67 1.4
      vertex 51.923 68.6706 1.4
    endloop
  endfacet
  facet normal 0 0 1
    outer loop
      vertex 53.24 108 1.4
      vertex 54.0334 107.609 1.4
      vertex 53.9471 107.707 1.4
    endloop
  endfacet
  facet normal -0 0 1
    outer loop
      vertex 51.873 68.55 1.4
      vertex 54.24 67 1.4
      vertex 51.9019 68.6087 1.4
    endloop
  endfacet
  facet normal 0 0 1
    outer loop
      vertex 53.24 108 1.4
      vertex 53.9471 107.707 1.4
      vertex 53.8488 107.793 1.4
    endloop
  endfacet
  facet normal -0 0 1
    outer loop
      vertex 51.8367 68.4956 1.4
      vertex 54.24 67 1.4
      vertex 51.873 68.55 1.4
    endloop
  endfacet
  facet normal 0 0 1
    outer loop
      vertex 53.24 108 1.4
      vertex 53.8488 107.793 1.4
      vertex 53.74 107.866 1.4
    endloop
  endfacet
  facet normal -0 0 1
    outer loop
      vertex 51.7936 68.4464 1.4
      vertex 54.24 67 1.4
      vertex 51.8367 68.4956 1.4
    endloop
  endfacet
  facet normal 0 0 1
    outer loop
      vertex 53.24 108 1.4
      vertex 53.74 107.866 1.4
      vertex 53.6227 107.924 1.4
    endloop
  endfacet
  facet normal 0 -0 1
    outer loop
      vertex 53.24 66 1.4
      vertex 54.24 67 1.4
      vertex 51.7936 68.4464 1.4
    endloop
  endfacet
  facet normal 0 0 1
    outer loop
      vertex 53.24 108 1.4
      vertex 53.6227 107.924 1.4
      vertex 53.4988 107.966 1.4
    endloop
  endfacet
  facet normal 0 0 1
    outer loop
      vertex 54.24 67 1.4
      vertex 53.24 66 1.4
      vertex 54.2314 66.8695 1.4
    endloop
  endfacet
  facet normal 0 0 1
    outer loop
      vertex 53.24 108 1.4
      vertex 53.4988 107.966 1.4
      vertex 53.3705 107.991 1.4
    endloop
  endfacet
  facet normal 0 0 1
    outer loop
      vertex 54.2314 66.8695 1.4
      vertex 53.24 66 1.4
      vertex 54.2059 66.7412 1.4
    endloop
  endfacet
  facet normal 0 0 1
    outer loop
      vertex 54.24 107 1.4
      vertex 53.24 108 1.4
      vertex 51.7936 105.554 1.4
    endloop
  endfacet
  facet normal 0 0 1
    outer loop
      vertex 54.1639 66.6173 1.4
      vertex 53.24 66 1.4
      vertex 54.106 66.5 1.4
    endloop
  endfacet
  facet normal 0 0 1
    outer loop
      vertex 54.106 66.5 1.4
      vertex 53.24 66 1.4
      vertex 54.0334 66.3912 1.4
    endloop
  endfacet
  facet normal 0 0 1
    outer loop
      vertex 54.24 107 1.4
      vertex 51.9357 105.265 1.4
      vertex 51.94 105.2 1.4
    endloop
  endfacet
  facet normal 0 0 1
    outer loop
      vertex 54.24 107 1.4
      vertex 51.923 105.329 1.4
      vertex 51.9357 105.265 1.4
    endloop
  endfacet
  facet normal 0 0 1
    outer loop
      vertex 54.24 107 1.4
      vertex 51.9019 105.391 1.4
      vertex 51.923 105.329 1.4
    endloop
  endfacet
  facet normal 0 0 1
    outer loop
      vertex 54.24 107 1.4
      vertex 51.873 105.45 1.4
      vertex 51.9019 105.391 1.4
    endloop
  endfacet
  facet normal 0 0 1
    outer loop
      vertex 54.24 107 1.4
      vertex 51.8367 105.504 1.4
      vertex 51.873 105.45 1.4
    endloop
  endfacet
  facet normal 0 0 1
    outer loop
      vertex 54.24 107 1.4
      vertex 51.7936 105.554 1.4
      vertex 51.8367 105.504 1.4
    endloop
  endfacet
  facet normal 0 0 1
    outer loop
      vertex 53.24 108 1.4
      vertex 51.7444 105.597 1.4
      vertex 51.7936 105.554 1.4
    endloop
  endfacet
  facet normal 0 0 1
    outer loop
      vertex 53.24 108 1.4
      vertex 51.69 105.633 1.4
      vertex 51.7444 105.597 1.4
    endloop
  endfacet
  facet normal 0 0 1
    outer loop
      vertex 53.24 108 1.4
      vertex 51.6313 105.662 1.4
      vertex 51.69 105.633 1.4
    endloop
  endfacet
  facet normal 0 0 1
    outer loop
      vertex 53.24 108 1.4
      vertex 51.5694 105.683 1.4
      vertex 51.6313 105.662 1.4
    endloop
  endfacet
  facet normal 0 0 1
    outer loop
      vertex 53.24 108 1.4
      vertex 51.5053 105.696 1.4
      vertex 51.5694 105.683 1.4
    endloop
  endfacet
  facet normal 0 0 1
    outer loop
      vertex 53.24 108 1.4
      vertex 51.44 105.7 1.4
      vertex 51.5053 105.696 1.4
    endloop
  endfacet
  facet normal 0 0 1
    outer loop
      vertex 53.24 108 1.4
      vertex 5.8 105.7 1.4
      vertex 51.44 105.7 1.4
    endloop
  endfacet
  facet normal 0 0 1
    outer loop
      vertex 5.30428 105.265 1.4
      vertex 3 107 1.4
      vertex 5.3 105.2 1.4
    endloop
  endfacet
  facet normal 0 0 1
    outer loop
      vertex 5.31704 105.329 1.4
      vertex 3 107 1.4
      vertex 5.30428 105.265 1.4
    endloop
  endfacet
  facet normal 0 0 1
    outer loop
      vertex 5.33806 105.391 1.4
      vertex 3 107 1.4
      vertex 5.31704 105.329 1.4
    endloop
  endfacet
  facet normal 0 0 1
    outer loop
      vertex 5.36699 105.45 1.4
      vertex 3 107 1.4
      vertex 5.33806 105.391 1.4
    endloop
  endfacet
  facet normal 0 0 1
    outer loop
      vertex 5.40332 105.504 1.4
      vertex 3 107 1.4
      vertex 5.36699 105.45 1.4
    endloop
  endfacet
  facet normal 0 0 1
    outer loop
      vertex 5.44645 105.554 1.4
      vertex 3 107 1.4
      vertex 5.40332 105.504 1.4
    endloop
  endfacet
  facet normal -0 0 1
    outer loop
      vertex 3 107 1.4
      vertex 5.44645 105.554 1.4
      vertex 4 108 1.4
    endloop
  endfacet
  facet normal 0 0 1
    outer loop
      vertex 5.49562 105.597 1.4
      vertex 4 108 1.4
      vertex 5.44645 105.554 1.4
    endloop
  endfacet
  facet normal 0 0 1
    outer loop
      vertex 5.55 105.633 1.4
      vertex 4 108 1.4
      vertex 5.49562 105.597 1.4
    endloop
  endfacet
  facet normal 0 0 1
    outer loop
      vertex 5.60866 105.662 1.4
      vertex 4 108 1.4
      vertex 5.55 105.633 1.4
    endloop
  endfacet
  facet normal 0 0 1
    outer loop
      vertex 5.67059 105.683 1.4
      vertex 4 108 1.4
      vertex 5.60866 105.662 1.4
    endloop
  endfacet
  facet normal 0 0 1
    outer loop
      vertex 5.73474 105.696 1.4
      vertex 4 108 1.4
      vertex 5.67059 105.683 1.4
    endloop
  endfacet
  facet normal 0 0 1
    outer loop
      vertex 5.8 105.7 1.4
      vertex 4 108 1.4
      vertex 5.73474 105.696 1.4
    endloop
  endfacet
  facet normal -0 0 1
    outer loop
      vertex 4 108 1.4
      vertex 5.8 105.7 1.4
      vertex 53.24 108 1.4
    endloop
  endfacet
  facet normal 0 0 1
    outer loop
      vertex 54.0334 66.3912 1.4
      vertex 53.24 66 1.4
      vertex 53.9471 66.2929 1.4
    endloop
  endfacet
  facet normal 0 0 1
    outer loop
      vertex 53.9471 66.2929 1.4
      vertex 53.24 66 1.4
      vertex 53.8488 66.2066 1.4
    endloop
  endfacet
  facet normal 0 0 1
    outer loop
      vertex 53.8488 66.2066 1.4
      vertex 53.24 66 1.4
      vertex 53.74 66.134 1.4
    endloop
  endfacet
  facet normal 0 0 1
    outer loop
      vertex 53.74 66.134 1.4
      vertex 53.24 66 1.4
      vertex 53.6227 66.0761 1.4
    endloop
  endfacet
  facet normal 0 0 1
    outer loop
      vertex 53.4988 66.0341 1.4
      vertex 53.24 66 1.4
      vertex 53.3705 66.0086 1.4
    endloop
  endfacet
  facet normal 0 0 1
    outer loop
      vertex 53.6227 66.0761 1.4
      vertex 53.24 66 1.4
      vertex 53.4988 66.0341 1.4
    endloop
  endfacet
  facet normal 0 0 1
    outer loop
      vertex 54.2059 66.7412 1.4
      vertex 53.24 66 1.4
      vertex 54.1639 66.6173 1.4
    endloop
  endfacet
  facet normal -0 0 1
    outer loop
      vertex 51.7444 68.4033 1.4
      vertex 53.24 66 1.4
      vertex 51.7936 68.4464 1.4
    endloop
  endfacet
  facet normal -0 0 1
    outer loop
      vertex 51.69 68.367 1.4
      vertex 53.24 66 1.4
      vertex 51.7444 68.4033 1.4
    endloop
  endfacet
  facet normal -0 0 1
    outer loop
      vertex 51.6313 68.3381 1.4
      vertex 53.24 66 1.4
      vertex 51.69 68.367 1.4
    endloop
  endfacet
  facet normal -0 0 1
    outer loop
      vertex 51.5694 68.317 1.4
      vertex 53.24 66 1.4
      vertex 51.6313 68.3381 1.4
    endloop
  endfacet
  facet normal -0 0 1
    outer loop
      vertex 51.5053 68.3043 1.4
      vertex 53.24 66 1.4
      vertex 51.5694 68.317 1.4
    endloop
  endfacet
  facet normal -0 0 1
    outer loop
      vertex 51.44 68.3 1.4
      vertex 53.24 66 1.4
      vertex 51.5053 68.3043 1.4
    endloop
  endfacet
  facet normal -0 0 1
    outer loop
      vertex 5.8 68.3 1.4
      vertex 53.24 66 1.4
      vertex 51.44 68.3 1.4
    endloop
  endfacet
  facet normal 0 0 1
    outer loop
      vertex 5.8 68.3 1.4
      vertex 4 66 1.4
      vertex 53.24 66 1.4
    endloop
  endfacet
  facet normal 0 0 1
    outer loop
      vertex 5.73474 68.3043 1.4
      vertex 4 66 1.4
      vertex 5.8 68.3 1.4
    endloop
  endfacet
  facet normal 0 0 1
    outer loop
      vertex 5.67059 68.317 1.4
      vertex 4 66 1.4
      vertex 5.73474 68.3043 1.4
    endloop
  endfacet
  facet normal 0 0 1
    outer loop
      vertex 5.60866 68.3381 1.4
      vertex 4 66 1.4
      vertex 5.67059 68.317 1.4
    endloop
  endfacet
  facet normal 0 0 1
    outer loop
      vertex 5.55 68.367 1.4
      vertex 4 66 1.4
      vertex 5.60866 68.3381 1.4
    endloop
  endfacet
  facet normal 0 0 1
    outer loop
      vertex 5.49562 68.4033 1.4
      vertex 4 66 1.4
      vertex 5.55 68.367 1.4
    endloop
  endfacet
  facet normal 0 0 1
    outer loop
      vertex 5.44645 68.4464 1.4
      vertex 4 66 1.4
      vertex 5.49562 68.4033 1.4
    endloop
  endfacet
  facet normal 0 0 1
    outer loop
      vertex 3 67 1.4
      vertex 5.44645 68.4464 1.4
      vertex 5.40332 68.4956 1.4
    endloop
  endfacet
  facet normal 0 0 1
    outer loop
      vertex 3 67 1.4
      vertex 5.40332 68.4956 1.4
      vertex 5.36699 68.55 1.4
    endloop
  endfacet
  facet normal 0 0 1
    outer loop
      vertex 3 67 1.4
      vertex 5.36699 68.55 1.4
      vertex 5.33806 68.6087 1.4
    endloop
  endfacet
  facet normal 0 0 1
    outer loop
      vertex 3 67 1.4
      vertex 5.33806 68.6087 1.4
      vertex 5.31704 68.6706 1.4
    endloop
  endfacet
  facet normal 0 0 1
    outer loop
      vertex 3 67 1.4
      vertex 5.31704 68.6706 1.4
      vertex 5.30428 68.7347 1.4
    endloop
  endfacet
  facet normal 0 0 1
    outer loop
      vertex 3 67 1.4
      vertex 5.30428 68.7347 1.4
      vertex 5.3 68.8 1.4
    endloop
  endfacet
  facet normal 0 0 1
    outer loop
      vertex 5.3 105.2 1.4
      vertex 3 107 1.4
      vertex 5.3 68.8 1.4
    endloop
  endfacet
  facet normal 0 0 1
    outer loop
      vertex 3 107 1.4
      vertex 4 108 1.4
      vertex 3.86947 107.991 1.4
    endloop
  endfacet
  facet normal 0 0 1
    outer loop
      vertex 3 67 1.4
      vertex 5.3 68.8 1.4
      vertex 3 107 1.4
    endloop
  endfacet
  facet normal 0 0 1
    outer loop
      vertex 3 107 1.4
      vertex 3.86947 107.991 1.4
      vertex 3.74118 107.966 1.4
    endloop
  endfacet
  facet normal 0 0 1
    outer loop
      vertex 5.44645 68.4464 1.4
      vertex 3 67 1.4
      vertex 4 66 1.4
    endloop
  endfacet
  facet normal 0 0 1
    outer loop
      vertex 3 107 1.4
      vertex 3.74118 107.966 1.4
      vertex 3.61732 107.924 1.4
    endloop
  endfacet
  facet normal 0 0 1
    outer loop
      vertex 4 66 1.4
      vertex 3 67 1.4
      vertex 3.86947 66.0086 1.4
    endloop
  endfacet
  facet normal 0 0 1
    outer loop
      vertex 3 107 1.4
      vertex 3.61732 107.924 1.4
      vertex 3.5 107.866 1.4
    endloop
  endfacet
  facet normal 0 0 1
    outer loop
      vertex 3.86947 66.0086 1.4
      vertex 3 67 1.4
      vertex 3.74118 66.0341 1.4
    endloop
  endfacet
  facet normal 0 0 1
    outer loop
      vertex 3 107 1.4
      vertex 3.5 107.866 1.4
      vertex 3.39124 107.793 1.4
    endloop
  endfacet
  facet normal 0 0 1
    outer loop
      vertex 3.74118 66.0341 1.4
      vertex 3 67 1.4
      vertex 3.61732 66.0761 1.4
    endloop
  endfacet
  facet normal 0 0 1
    outer loop
      vertex 3 107 1.4
      vertex 3.39124 107.793 1.4
      vertex 3.29289 107.707 1.4
    endloop
  endfacet
  facet normal 0 0 1
    outer loop
      vertex 3.61732 66.0761 1.4
      vertex 3 67 1.4
      vertex 3.5 66.134 1.4
    endloop
  endfacet
  facet normal 0 0 1
    outer loop
      vertex 3 107 1.4
      vertex 3.29289 107.707 1.4
      vertex 3.20665 107.609 1.4
    endloop
  endfacet
  facet normal 0 0 1
    outer loop
      vertex 3.5 66.134 1.4
      vertex 3 67 1.4
      vertex 3.39124 66.2066 1.4
    endloop
  endfacet
  facet normal 0 0 1
    outer loop
      vertex 3 107 1.4
      vertex 3.20665 107.609 1.4
      vertex 3.13397 107.5 1.4
    endloop
  endfacet
  facet normal 0 0 1
    outer loop
      vertex 3.39124 66.2066 1.4
      vertex 3 67 1.4
      vertex 3.29289 66.2929 1.4
    endloop
  endfacet
  facet normal 0 0 1
    outer loop
      vertex 3 107 1.4
      vertex 3.13397 107.5 1.4
      vertex 3.07612 107.383 1.4
    endloop
  endfacet
  facet normal 0 0 1
    outer loop
      vertex 3.29289 66.2929 1.4
      vertex 3 67 1.4
      vertex 3.20665 66.3912 1.4
    endloop
  endfacet
  facet normal 0 0 1
    outer loop
      vertex 3 107 1.4
      vertex 3.07612 107.383 1.4
      vertex 3.03407 107.259 1.4
    endloop
  endfacet
  facet normal 0 0 1
    outer loop
      vertex 3.20665 66.3912 1.4
      vertex 3 67 1.4
      vertex 3.13397 66.5 1.4
    endloop
  endfacet
  facet normal 0 0 1
    outer loop
      vertex 3 107 1.4
      vertex 3.03407 107.259 1.4
      vertex 3.00855 107.131 1.4
    endloop
  endfacet
  facet normal 0 0 1
    outer loop
      vertex 3.13397 66.5 1.4
      vertex 3 67 1.4
      vertex 3.07612 66.6173 1.4
    endloop
  endfacet
  facet normal 0 0 1
    outer loop
      vertex 3.07612 66.6173 1.4
      vertex 3 67 1.4
      vertex 3.03407 66.7412 1.4
    endloop
  endfacet
  facet normal 0 0 1
    outer loop
      vertex 3.03407 66.7412 1.4
      vertex 3 67 1.4
      vertex 3.00855 66.8695 1.4
    endloop
  endfacet
  facet normal -0.997852 -0.0655078 0
    outer loop
      vertex 54.24 107 1.4
      vertex 54.2314 107.131 3
      vertex 54.2314 107.131 1.4
    endloop
  endfacet
  facet normal -0.997852 -0.0655078 0
    outer loop
      vertex 54.2314 107.131 3
      vertex 54.24 107 1.4
      vertex 54.24 107 3
    endloop
  endfacet
  facet normal -1 0 0
    outer loop
      vertex 54.24 67 1.4
      vertex 54.24 107 3
      vertex 54.24 107 1.4
    endloop
  endfacet
  facet normal -1 -0 0
    outer loop
      vertex 54.24 107 3
      vertex 54.24 67 1.4
      vertex 54.24 67 3
    endloop
  endfacet
  facet normal -0.19494 0.980815 0
    outer loop
      vertex 53.4988 66.0341 1.4
      vertex 53.3705 66.0086 3
      vertex 53.4988 66.0341 3
    endloop
  endfacet
  facet normal -0.19494 0.980815 0
    outer loop
      vertex 53.3705 66.0086 3
      vertex 53.4988 66.0341 1.4
      vertex 53.3705 66.0086 1.4
    endloop
  endfacet
  facet normal -0.751486 0.659749 0
    outer loop
      vertex 53.9471 66.2929 1.4
      vertex 54.0334 66.3912 3
      vertex 54.0334 66.3912 1.4
    endloop
  endfacet
  facet normal -0.751486 0.659749 0
    outer loop
      vertex 54.0334 66.3912 3
      vertex 53.9471 66.2929 1.4
      vertex 53.9471 66.2929 3
    endloop
  endfacet
  facet normal 0.659559 0.751653 -0
    outer loop
      vertex 3.39124 66.2066 1.4
      vertex 3.29289 66.2929 3
      vertex 3.39124 66.2066 3
    endloop
  endfacet
  facet normal 0.659559 0.751653 0
    outer loop
      vertex 3.29289 66.2929 3
      vertex 3.39124 66.2066 1.4
      vertex 3.29289 66.2929 1.4
    endloop
  endfacet
  facet normal -0.832285 -0.554348 0
    outer loop
      vertex 54.106 107.5 1.4
      vertex 54.0334 107.609 3
      vertex 54.0334 107.609 1.4
    endloop
  endfacet
  facet normal -0.832285 -0.554348 0
    outer loop
      vertex 54.0334 107.609 3
      vertex 54.106 107.5 1.4
      vertex 54.106 107.5 3
    endloop
  endfacet
  facet normal 0.0657427 0.997837 -0
    outer loop
      vertex 4 66 1.4
      vertex 3.86947 66.0086 3
      vertex 4 66 3
    endloop
  endfacet
  facet normal 0.0657427 0.997837 0
    outer loop
      vertex 3.86947 66.0086 3
      vertex 4 66 1.4
      vertex 3.86947 66.0086 1.4
    endloop
  endfacet
  facet normal 0.0687864 -0.997631 0
    outer loop
      vertex 3.86947 107.991 1.4
      vertex 4 108 3
      vertex 3.86947 107.991 3
    endloop
  endfacet
  facet normal 0.0687864 -0.997631 0
    outer loop
      vertex 4 108 3
      vertex 3.86947 107.991 1.4
      vertex 4 108 1.4
    endloop
  endfacet
  facet normal 0.44256 0.896739 -0
    outer loop
      vertex 3.61732 66.0761 1.4
      vertex 3.5 66.134 3
      vertex 3.61732 66.0761 3
    endloop
  endfacet
  facet normal 0.44256 0.896739 0
    outer loop
      vertex 3.5 66.134 3
      vertex 3.61732 66.0761 1.4
      vertex 3.5 66.134 1.4
    endloop
  endfacet
  facet normal 0.194955 0.980812 -0
    outer loop
      vertex 3.86947 66.0086 1.4
      vertex 3.74118 66.0341 3
      vertex 3.86947 66.0086 3
    endloop
  endfacet
  facet normal 0.194955 0.980812 0
    outer loop
      vertex 3.74118 66.0341 3
      vertex 3.86947 66.0086 1.4
      vertex 3.74118 66.0341 1.4
    endloop
  endfacet
  facet normal 0.557305 -0.830308 0
    outer loop
      vertex 3.39124 107.793 1.4
      vertex 3.5 107.866 3
      vertex 3.39124 107.793 3
    endloop
  endfacet
  facet normal 0.557305 -0.830308 0
    outer loop
      vertex 3.5 107.866 3
      vertex 3.39124 107.793 1.4
      vertex 3.5 107.866 1.4
    endloop
  endfacet
  facet normal -0.557164 -0.830403 0
    outer loop
      vertex 53.74 107.866 1.4
      vertex 53.8488 107.793 3
      vertex 53.74 107.866 3
    endloop
  endfacet
  facet normal -0.557164 -0.830403 -0
    outer loop
      vertex 53.8488 107.793 3
      vertex 53.74 107.866 1.4
      vertex 53.8488 107.793 1.4
    endloop
  endfacet
  facet normal -0.321039 0.947066 0
    outer loop
      vertex 53.6227 66.0761 1.4
      vertex 53.4988 66.0341 3
      vertex 53.6227 66.0761 3
    endloop
  endfacet
  facet normal -0.321039 0.947066 0
    outer loop
      vertex 53.4988 66.0341 3
      vertex 53.6227 66.0761 1.4
      vertex 53.4988 66.0341 1.4
    endloop
  endfacet
  facet normal 0.555194 0.831721 -0
    outer loop
      vertex 3.5 66.134 1.4
      vertex 3.39124 66.2066 3
      vertex 3.5 66.134 3
    endloop
  endfacet
  facet normal 0.555194 0.831721 0
    outer loop
      vertex 3.39124 66.2066 3
      vertex 3.5 66.134 1.4
      vertex 3.39124 66.2066 1.4
    endloop
  endfacet
  facet normal 0.997877 -0.0651286 0
    outer loop
      vertex 3 107 3
      vertex 3.00855 107.131 1.4
      vertex 3.00855 107.131 3
    endloop
  endfacet
  facet normal 0.997877 -0.0651286 0
    outer loop
      vertex 3.00855 107.131 1.4
      vertex 3 107 3
      vertex 3 107 1.4
    endloop
  endfacet
  facet normal 0.947028 -0.32115 0
    outer loop
      vertex 3.03407 107.259 3
      vertex 3.07612 107.383 1.4
      vertex 3.07612 107.383 3
    endloop
  endfacet
  facet normal 0.947028 -0.32115 0
    outer loop
      vertex 3.07612 107.383 1.4
      vertex 3.03407 107.259 3
      vertex 3.03407 107.259 1.4
    endloop
  endfacet
  facet normal -0.980815 0.19494 0
    outer loop
      vertex 54.2059 66.7412 1.4
      vertex 54.2314 66.8695 3
      vertex 54.2314 66.8695 1.4
    endloop
  endfacet
  facet normal -0.980815 0.19494 0
    outer loop
      vertex 54.2314 66.8695 3
      vertex 54.2059 66.7412 1.4
      vertex 54.2059 66.7412 3
    endloop
  endfacet
  facet normal 0.191273 -0.981537 0
    outer loop
      vertex 3.74118 107.966 1.4
      vertex 3.86947 107.991 3
      vertex 3.74118 107.966 3
    endloop
  endfacet
  facet normal 0.191273 -0.981537 0
    outer loop
      vertex 3.86947 107.991 3
      vertex 3.74118 107.966 1.4
      vertex 3.86947 107.991 1.4
    endloop
  endfacet
  facet normal -0.947066 0.321039 0
    outer loop
      vertex 54.1639 66.6173 1.4
      vertex 54.2059 66.7412 3
      vertex 54.2059 66.7412 1.4
    endloop
  endfacet
  facet normal -0.947066 0.321039 0
    outer loop
      vertex 54.2059 66.7412 3
      vertex 54.1639 66.6173 1.4
      vertex 54.1639 66.6173 3
    endloop
  endfacet
  facet normal -0.65845 -0.752624 0
    outer loop
      vertex 53.8488 107.793 1.4
      vertex 53.9471 107.707 3
      vertex 53.8488 107.793 3
    endloop
  endfacet
  facet normal -0.65845 -0.752624 -0
    outer loop
      vertex 53.9471 107.707 3
      vertex 53.8488 107.793 1.4
      vertex 53.9471 107.707 1.4
    endloop
  endfacet
  facet normal -0.980728 -0.195379 0
    outer loop
      vertex 54.2314 107.131 1.4
      vertex 54.2059 107.259 3
      vertex 54.2059 107.259 1.4
    endloop
  endfacet
  facet normal -0.980728 -0.195379 0
    outer loop
      vertex 54.2059 107.259 3
      vertex 54.2314 107.131 1.4
      vertex 54.2314 107.131 3
    endloop
  endfacet
  facet normal 0.831533 0.555476 0
    outer loop
      vertex 3.20665 66.3912 3
      vertex 3.13397 66.5 1.4
      vertex 3.13397 66.5 3
    endloop
  endfacet
  facet normal 0.831533 0.555476 0
    outer loop
      vertex 3.13397 66.5 1.4
      vertex 3.20665 66.3912 3
      vertex 3.20665 66.3912 1.4
    endloop
  endfacet
  facet normal -0.947145 -0.320807 0
    outer loop
      vertex 54.2059 107.259 1.4
      vertex 54.1639 107.383 3
      vertex 54.1639 107.383 1.4
    endloop
  endfacet
  facet normal -0.947145 -0.320807 0
    outer loop
      vertex 54.1639 107.383 3
      vertex 54.2059 107.259 1.4
      vertex 54.2059 107.259 3
    endloop
  endfacet
  facet normal -0.0688021 -0.99763 0
    outer loop
      vertex 53.24 108 1.4
      vertex 53.3705 107.991 3
      vertex 53.24 108 3
    endloop
  endfacet
  facet normal -0.0688021 -0.99763 -0
    outer loop
      vertex 53.3705 107.991 3
      vertex 53.24 108 1.4
      vertex 53.3705 107.991 1.4
    endloop
  endfacet
  facet normal -0.831815 0.555053 0
    outer loop
      vertex 54.0334 66.3912 1.4
      vertex 54.106 66.5 3
      vertex 54.106 66.5 1.4
    endloop
  endfacet
  facet normal -0.831815 0.555053 0
    outer loop
      vertex 54.106 66.5 3
      vertex 54.0334 66.3912 1.4
      vertex 54.0334 66.3912 3
    endloop
  endfacet
  facet normal -0.443235 -0.896405 0
    outer loop
      vertex 53.6227 107.924 1.4
      vertex 53.74 107.866 3
      vertex 53.6227 107.924 3
    endloop
  endfacet
  facet normal -0.443235 -0.896405 -0
    outer loop
      vertex 53.74 107.866 3
      vertex 53.6227 107.924 1.4
      vertex 53.74 107.866 1.4
    endloop
  endfacet
  facet normal 0.321132 0.947034 -0
    outer loop
      vertex 3.74118 66.0341 1.4
      vertex 3.61732 66.0761 3
      vertex 3.74118 66.0341 3
    endloop
  endfacet
  facet normal 0.321132 0.947034 0
    outer loop
      vertex 3.61732 66.0761 3
      vertex 3.74118 66.0341 1.4
      vertex 3.61732 66.0761 1.4
    endloop
  endfacet
  facet normal -0.321039 -0.947066 0
    outer loop
      vertex 53.4988 107.966 1.4
      vertex 53.6227 107.924 3
      vertex 53.4988 107.966 3
    endloop
  endfacet
  facet normal -0.321039 -0.947066 -0
    outer loop
      vertex 53.6227 107.924 3
      vertex 53.4988 107.966 1.4
      vertex 53.6227 107.924 1.4
    endloop
  endfacet
  facet normal 0.751714 0.659489 0
    outer loop
      vertex 3.29289 66.2929 3
      vertex 3.20665 66.3912 1.4
      vertex 3.20665 66.3912 3
    endloop
  endfacet
  facet normal 0.751714 0.659489 0
    outer loop
      vertex 3.20665 66.3912 1.4
      vertex 3.29289 66.2929 3
      vertex 3.29289 66.2929 1.4
    endloop
  endfacet
  facet normal -0.191259 -0.98154 0
    outer loop
      vertex 53.3705 107.991 1.4
      vertex 53.4988 107.966 3
      vertex 53.3705 107.991 3
    endloop
  endfacet
  facet normal -0.191259 -0.98154 -0
    outer loop
      vertex 53.4988 107.966 3
      vertex 53.3705 107.991 1.4
      vertex 53.4988 107.966 1.4
    endloop
  endfacet
  facet normal 0.832003 -0.554771 0
    outer loop
      vertex 3.13397 107.5 3
      vertex 3.20665 107.609 1.4
      vertex 3.20665 107.609 3
    endloop
  endfacet
  facet normal 0.832003 -0.554771 0
    outer loop
      vertex 3.20665 107.609 1.4
      vertex 3.13397 107.5 3
      vertex 3.13397 107.5 1.4
    endloop
  endfacet
  facet normal 0.980786 0.195087 0
    outer loop
      vertex 3.03407 66.7412 3
      vertex 3.00855 66.8695 1.4
      vertex 3.00855 66.8695 3
    endloop
  endfacet
  facet normal 0.980786 0.195087 0
    outer loop
      vertex 3.00855 66.8695 1.4
      vertex 3.03407 66.7412 3
      vertex 3.03407 66.7412 1.4
    endloop
  endfacet
  facet normal 0.997861 0.0653771 0
    outer loop
      vertex 3.00855 66.8695 3
      vertex 3 67 1.4
      vertex 3 67 3
    endloop
  endfacet
  facet normal 0.997861 0.0653771 0
    outer loop
      vertex 3 67 1.4
      vertex 3.00855 66.8695 3
      vertex 3.00855 66.8695 1.4
    endloop
  endfacet
  facet normal 0.750714 -0.660628 0
    outer loop
      vertex 3.20665 107.609 3
      vertex 3.29289 107.707 1.4
      vertex 3.29289 107.707 3
    endloop
  endfacet
  facet normal 0.750714 -0.660628 0
    outer loop
      vertex 3.29289 107.707 1.4
      vertex 3.20665 107.609 3
      vertex 3.20665 107.609 1.4
    endloop
  endfacet
  facet normal 0.321132 -0.947034 0
    outer loop
      vertex 3.61732 107.924 1.4
      vertex 3.74118 107.966 3
      vertex 3.61732 107.924 3
    endloop
  endfacet
  facet normal 0.321132 -0.947034 0
    outer loop
      vertex 3.74118 107.966 3
      vertex 3.61732 107.924 1.4
      vertex 3.74118 107.966 1.4
    endloop
  endfacet
  facet normal 0.89641 -0.443225 0
    outer loop
      vertex 3.07612 107.383 3
      vertex 3.13397 107.5 1.4
      vertex 3.13397 107.5 3
    endloop
  endfacet
  facet normal 0.89641 -0.443225 0
    outer loop
      vertex 3.13397 107.5 1.4
      vertex 3.07612 107.383 3
      vertex 3.07612 107.383 1.4
    endloop
  endfacet
  facet normal 0.94695 0.321382 0
    outer loop
      vertex 3.07612 66.6173 3
      vertex 3.03407 66.7412 1.4
      vertex 3.03407 66.7412 3
    endloop
  endfacet
  facet normal 0.94695 0.321382 0
    outer loop
      vertex 3.03407 66.7412 1.4
      vertex 3.07612 66.6173 3
      vertex 3.07612 66.6173 1.4
    endloop
  endfacet
  facet normal 0.89686 0.442314 0
    outer loop
      vertex 3.13397 66.5 3
      vertex 3.07612 66.6173 1.4
      vertex 3.07612 66.6173 3
    endloop
  endfacet
  facet normal 0.89686 0.442314 0
    outer loop
      vertex 3.07612 66.6173 1.4
      vertex 3.13397 66.5 3
      vertex 3.13397 66.5 1.4
    endloop
  endfacet
  facet normal 0.980698 -0.195527 0
    outer loop
      vertex 3.00855 107.131 3
      vertex 3.03407 107.259 1.4
      vertex 3.03407 107.259 3
    endloop
  endfacet
  facet normal 0.980698 -0.195527 0
    outer loop
      vertex 3.03407 107.259 1.4
      vertex 3.00855 107.131 3
      vertex 3.00855 107.131 1.4
    endloop
  endfacet
  facet normal 0.321272 0.946987 -0
    outer loop
      vertex 51.6313 105.662 1.4
      vertex 51.5694 105.683 3
      vertex 51.6313 105.662 3
    endloop
  endfacet
  facet normal 0.321272 0.946987 0
    outer loop
      vertex 51.5694 105.683 3
      vertex 51.6313 105.662 1.4
      vertex 51.5694 105.683 1.4
    endloop
  endfacet
  facet normal -0.89698 -0.442072 0
    outer loop
      vertex 5.36699 68.55 1.4
      vertex 5.33806 68.6087 3
      vertex 5.33806 68.6087 1.4
    endloop
  endfacet
  facet normal -0.89698 -0.442072 0
    outer loop
      vertex 5.33806 68.6087 3
      vertex 5.36699 68.55 1.4
      vertex 5.36699 68.55 3
    endloop
  endfacet
  facet normal 0.442932 0.896555 -0
    outer loop
      vertex 51.69 105.633 1.4
      vertex 51.6313 105.662 3
      vertex 51.69 105.633 3
    endloop
  endfacet
  facet normal 0.442932 0.896555 0
    outer loop
      vertex 51.6313 105.662 3
      vertex 51.69 105.633 1.4
      vertex 51.6313 105.662 1.4
    endloop
  endfacet
  facet normal 0 1 -0
    outer loop
      vertex 51.44 105.7 1.4
      vertex 5.8 105.7 3
      vertex 51.44 105.7 3
    endloop
  endfacet
  facet normal 0 1 0
    outer loop
      vertex 5.8 105.7 3
      vertex 51.44 105.7 1.4
      vertex 5.8 105.7 1.4
    endloop
  endfacet
  facet normal 0.551867 0.833932 -0
    outer loop
      vertex 51.7444 105.597 1.4
      vertex 51.69 105.633 3
      vertex 51.7444 105.597 3
    endloop
  endfacet
  facet normal 0.551867 0.833932 0
    outer loop
      vertex 51.69 105.633 3
      vertex 51.7444 105.597 1.4
      vertex 51.69 105.633 1.4
    endloop
  endfacet
  facet normal -0.322503 -0.946569 0
    outer loop
      vertex 5.60866 68.3381 1.4
      vertex 5.67059 68.317 3
      vertex 5.60866 68.3381 3
    endloop
  endfacet
  facet normal -0.322503 -0.946569 -0
    outer loop
      vertex 5.67059 68.317 3
      vertex 5.60866 68.3381 1.4
      vertex 5.67059 68.317 1.4
    endloop
  endfacet
  facet normal -0.829703 0.558206 0
    outer loop
      vertex 5.36699 105.45 1.4
      vertex 5.40332 105.504 3
      vertex 5.40332 105.504 1.4
    endloop
  endfacet
  facet normal -0.829703 0.558206 0
    outer loop
      vertex 5.40332 105.504 3
      vertex 5.36699 105.45 1.4
      vertex 5.36699 105.45 3
    endloop
  endfacet
  facet normal 0.0611411 0.998129 -0
    outer loop
      vertex 51.5053 105.696 1.4
      vertex 51.44 105.7 3
      vertex 51.5053 105.696 3
    endloop
  endfacet
  facet normal 0.0611411 0.998129 0
    outer loop
      vertex 51.44 105.7 3
      vertex 51.5053 105.696 1.4
      vertex 51.44 105.7 1.4
    endloop
  endfacet
  facet normal 0.94668 0.322176 0
    outer loop
      vertex 51.923 105.329 3
      vertex 51.9019 105.391 1.4
      vertex 51.9019 105.391 3
    endloop
  endfacet
  facet normal 0.94668 0.322176 0
    outer loop
      vertex 51.9019 105.391 1.4
      vertex 51.923 105.329 3
      vertex 51.923 105.329 1.4
    endloop
  endfacet
  facet normal 0.0657076 -0.997839 0
    outer loop
      vertex 51.44 68.3 1.4
      vertex 51.5053 68.3043 3
      vertex 51.44 68.3 3
    endloop
  endfacet
  facet normal 0.0657076 -0.997839 0
    outer loop
      vertex 51.5053 68.3043 3
      vertex 51.44 68.3 1.4
      vertex 51.5053 68.3043 1.4
    endloop
  endfacet
  facet normal -1 0 0
    outer loop
      vertex 5.3 68.8 1.4
      vertex 5.3 105.2 3
      vertex 5.3 105.2 1.4
    endloop
  endfacet
  facet normal -1 -0 0
    outer loop
      vertex 5.3 105.2 3
      vertex 5.3 68.8 1.4
      vertex 5.3 68.8 3
    endloop
  endfacet
  facet normal 0 -1 0
    outer loop
      vertex 5.8 68.3 1.4
      vertex 51.44 68.3 3
      vertex 5.8 68.3 3
    endloop
  endfacet
  facet normal 0 -1 -0
    outer loop
      vertex 51.44 68.3 3
      vertex 5.8 68.3 1.4
      vertex 51.44 68.3 1.4
    endloop
  endfacet
  facet normal -0.659165 -0.751998 0
    outer loop
      vertex 5.44645 68.4464 1.4
      vertex 5.49562 68.4033 3
      vertex 5.44645 68.4464 3
    endloop
  endfacet
  facet normal -0.659165 -0.751998 -0
    outer loop
      vertex 5.49562 68.4033 3
      vertex 5.44645 68.4464 1.4
      vertex 5.49562 68.4033 1.4
    endloop
  endfacet
  facet normal -0.555194 -0.831721 0
    outer loop
      vertex 5.49562 68.4033 1.4
      vertex 5.55 68.367 3
      vertex 5.49562 68.4033 3
    endloop
  endfacet
  facet normal -0.555194 -0.831721 -0
    outer loop
      vertex 5.55 68.367 3
      vertex 5.49562 68.4033 1.4
      vertex 5.55 68.367 1.4
    endloop
  endfacet
  facet normal -0.552008 0.833839 0
    outer loop
      vertex 5.55 105.633 1.4
      vertex 5.49562 105.597 3
      vertex 5.55 105.633 3
    endloop
  endfacet
  facet normal -0.552008 0.833839 0
    outer loop
      vertex 5.49562 105.597 3
      vertex 5.55 105.633 1.4
      vertex 5.49562 105.597 1.4
    endloop
  endfacet
  facet normal 1 -0 0
    outer loop
      vertex 51.94 68.8 3
      vertex 51.94 105.2 1.4
      vertex 51.94 105.2 3
    endloop
  endfacet
  facet normal 1 0 0
    outer loop
      vertex 51.94 105.2 1.4
      vertex 51.94 68.8 3
      vertex 51.94 68.8 1.4
    endloop
  endfacet
  facet normal -0.194204 -0.980961 0
    outer loop
      vertex 5.67059 68.317 1.4
      vertex 5.73474 68.3043 3
      vertex 5.67059 68.317 3
    endloop
  endfacet
  facet normal -0.194204 -0.980961 -0
    outer loop
      vertex 5.73474 68.3043 3
      vertex 5.67059 68.317 1.4
      vertex 5.73474 68.3043 1.4
    endloop
  endfacet
  facet normal -0.443175 0.896435 0
    outer loop
      vertex 5.60866 105.662 1.4
      vertex 5.55 105.633 3
      vertex 5.60866 105.662 3
    endloop
  endfacet
  facet normal -0.443175 0.896435 0
    outer loop
      vertex 5.55 105.633 3
      vertex 5.60866 105.662 1.4
      vertex 5.55 105.633 1.4
    endloop
  endfacet
  facet normal -0.441945 -0.897042 0
    outer loop
      vertex 5.55 68.367 1.4
      vertex 5.60866 68.3381 3
      vertex 5.55 68.367 3
    endloop
  endfacet
  facet normal -0.441945 -0.897042 -0
    outer loop
      vertex 5.60866 68.3381 3
      vertex 5.55 68.367 1.4
      vertex 5.60866 68.3381 1.4
    endloop
  endfacet
  facet normal 0.897161 -0.441703 0
    outer loop
      vertex 51.873 68.55 3
      vertex 51.9019 68.6087 1.4
      vertex 51.9019 68.6087 3
    endloop
  endfacet
  facet normal 0.897161 -0.441703 0
    outer loop
      vertex 51.9019 68.6087 1.4
      vertex 51.873 68.55 3
      vertex 51.873 68.55 1.4
    endloop
  endfacet
  facet normal 0.198762 0.980048 -0
    outer loop
      vertex 51.5694 105.683 1.4
      vertex 51.5053 105.696 3
      vertex 51.5694 105.683 3
    endloop
  endfacet
  facet normal 0.198762 0.980048 0
    outer loop
      vertex 51.5053 105.696 3
      vertex 51.5694 105.683 1.4
      vertex 51.5053 105.696 1.4
    endloop
  endfacet
  facet normal 0.752198 -0.658937 0
    outer loop
      vertex 51.7936 68.4464 3
      vertex 51.8367 68.4956 1.4
      vertex 51.8367 68.4956 3
    endloop
  endfacet
  facet normal 0.752198 -0.658937 0
    outer loop
      vertex 51.8367 68.4956 1.4
      vertex 51.7936 68.4464 3
      vertex 51.7936 68.4464 1.4
    endloop
  endfacet
  facet normal -0.980698 0.195527 0
    outer loop
      vertex 5.30428 105.265 1.4
      vertex 5.31704 105.329 3
      vertex 5.31704 105.329 1.4
    endloop
  endfacet
  facet normal -0.980698 0.195527 0
    outer loop
      vertex 5.31704 105.329 3
      vertex 5.30428 105.265 1.4
      vertex 5.30428 105.265 3
    endloop
  endfacet
  facet normal 0.946521 -0.322643 0
    outer loop
      vertex 51.9019 68.6087 3
      vertex 51.923 68.6706 1.4
      vertex 51.923 68.6706 3
    endloop
  endfacet
  facet normal 0.946521 -0.322643 0
    outer loop
      vertex 51.923 68.6706 1.4
      vertex 51.9019 68.6087 3
      vertex 51.9019 68.6087 1.4
    endloop
  endfacet
  facet normal 0.831815 -0.555053 0
    outer loop
      vertex 51.8367 68.4956 3
      vertex 51.873 68.55 1.4
      vertex 51.873 68.55 3
    endloop
  endfacet
  facet normal 0.831815 -0.555053 0
    outer loop
      vertex 51.873 68.55 1.4
      vertex 51.8367 68.4956 3
      vertex 51.8367 68.4956 1.4
    endloop
  endfacet
  facet normal -0.658299 0.752757 0
    outer loop
      vertex 5.49562 105.597 1.4
      vertex 5.44645 105.554 3
      vertex 5.49562 105.597 3
    endloop
  endfacet
  facet normal -0.658299 0.752757 0
    outer loop
      vertex 5.44645 105.554 3
      vertex 5.49562 105.597 1.4
      vertex 5.44645 105.554 1.4
    endloop
  endfacet
  facet normal -0.89787 0.440261 0
    outer loop
      vertex 5.33806 105.391 1.4
      vertex 5.36699 105.45 3
      vertex 5.36699 105.45 1.4
    endloop
  endfacet
  facet normal -0.89787 0.440261 0
    outer loop
      vertex 5.36699 105.45 3
      vertex 5.33806 105.391 1.4
      vertex 5.33806 105.391 3
    endloop
  endfacet
  facet normal 0.980874 0.194642 0
    outer loop
      vertex 51.9357 105.265 3
      vertex 51.923 105.329 1.4
      vertex 51.923 105.329 3
    endloop
  endfacet
  facet normal 0.980874 0.194642 0
    outer loop
      vertex 51.923 105.329 1.4
      vertex 51.9357 105.265 3
      vertex 51.9357 105.265 1.4
    endloop
  endfacet
  facet normal -0.0611785 0.998127 0
    outer loop
      vertex 5.8 105.7 1.4
      vertex 5.73474 105.696 3
      vertex 5.8 105.7 3
    endloop
  endfacet
  facet normal -0.0611785 0.998127 0
    outer loop
      vertex 5.73474 105.696 3
      vertex 5.8 105.7 1.4
      vertex 5.73474 105.696 1.4
    endloop
  endfacet
  facet normal 0.997839 -0.0657076 0
    outer loop
      vertex 51.9357 68.7347 3
      vertex 51.94 68.8 1.4
      vertex 51.94 68.8 3
    endloop
  endfacet
  facet normal 0.997839 -0.0657076 0
    outer loop
      vertex 51.94 68.8 1.4
      vertex 51.9357 68.7347 3
      vertex 51.9357 68.7347 1.4
    endloop
  endfacet
  facet normal -0.831603 -0.55537 0
    outer loop
      vertex 5.40332 68.4956 1.4
      vertex 5.36699 68.55 3
      vertex 5.36699 68.55 1.4
    endloop
  endfacet
  facet normal -0.831603 -0.55537 0
    outer loop
      vertex 5.36699 68.55 3
      vertex 5.40332 68.4956 1.4
      vertex 5.40332 68.4956 3
    endloop
  endfacet
  facet normal 0.555053 -0.831815 0
    outer loop
      vertex 51.69 68.367 1.4
      vertex 51.7444 68.4033 3
      vertex 51.69 68.367 3
    endloop
  endfacet
  facet normal 0.555053 -0.831815 0
    outer loop
      vertex 51.7444 68.4033 3
      vertex 51.69 68.367 1.4
      vertex 51.7444 68.4033 1.4
    endloop
  endfacet
  facet normal 0.829916 0.557888 0
    outer loop
      vertex 51.873 105.45 3
      vertex 51.8367 105.504 1.4
      vertex 51.8367 105.504 3
    endloop
  endfacet
  facet normal 0.829916 0.557888 0
    outer loop
      vertex 51.8367 105.504 1.4
      vertex 51.873 105.45 3
      vertex 51.873 105.45 1.4
    endloop
  endfacet
  facet normal 0.19435 -0.980932 0
    outer loop
      vertex 51.5053 68.3043 1.4
      vertex 51.5694 68.317 3
      vertex 51.5053 68.3043 3
    endloop
  endfacet
  facet normal 0.19435 -0.980932 0
    outer loop
      vertex 51.5694 68.317 3
      vertex 51.5053 68.3043 1.4
      vertex 51.5694 68.317 1.4
    endloop
  endfacet
  facet normal -0.997839 0.0657039 0
    outer loop
      vertex 5.3 105.2 1.4
      vertex 5.30428 105.265 3
      vertex 5.30428 105.265 1.4
    endloop
  endfacet
  facet normal -0.997839 0.0657039 0
    outer loop
      vertex 5.30428 105.265 3
      vertex 5.3 105.2 1.4
      vertex 5.3 105.2 3
    endloop
  endfacet
  facet normal -0.757211 0.65317 0
    outer loop
      vertex 5.40332 105.504 1.4
      vertex 5.44645 105.554 3
      vertex 5.44645 105.554 1.4
    endloop
  endfacet
  facet normal -0.757211 0.65317 0
    outer loop
      vertex 5.44645 105.554 3
      vertex 5.40332 105.504 1.4
      vertex 5.40332 105.504 3
    endloop
  endfacet
  facet normal -0.947052 0.321081 0
    outer loop
      vertex 5.31704 105.329 1.4
      vertex 5.33806 105.391 3
      vertex 5.33806 105.391 1.4
    endloop
  endfacet
  facet normal -0.947052 0.321081 0
    outer loop
      vertex 5.33806 105.391 3
      vertex 5.31704 105.329 1.4
      vertex 5.31704 105.329 3
    endloop
  endfacet
  facet normal -0.946894 -0.321546 0
    outer loop
      vertex 5.33806 68.6087 1.4
      vertex 5.31704 68.6706 3
      vertex 5.31704 68.6706 1.4
    endloop
  endfacet
  facet normal -0.946894 -0.321546 0
    outer loop
      vertex 5.31704 68.6706 3
      vertex 5.33806 68.6087 1.4
      vertex 5.33806 68.6087 3
    endloop
  endfacet
  facet normal 0.89805 0.439893 0
    outer loop
      vertex 51.9019 105.391 3
      vertex 51.873 105.45 1.4
      vertex 51.873 105.45 3
    endloop
  endfacet
  facet normal 0.89805 0.439893 0
    outer loop
      vertex 51.873 105.45 1.4
      vertex 51.9019 105.391 3
      vertex 51.9019 105.391 1.4
    endloop
  endfacet
  facet normal 0.997819 0.0660096 0
    outer loop
      vertex 51.94 105.2 3
      vertex 51.9357 105.265 1.4
      vertex 51.9357 105.265 3
    endloop
  endfacet
  facet normal 0.997819 0.0660096 0
    outer loop
      vertex 51.9357 105.265 1.4
      vertex 51.94 105.2 3
      vertex 51.94 105.2 1.4
    endloop
  endfacet
  facet normal 0.441703 -0.897161 0
    outer loop
      vertex 51.6313 68.3381 1.4
      vertex 51.69 68.367 3
      vertex 51.6313 68.3381 3
    endloop
  endfacet
  facet normal 0.441703 -0.897161 0
    outer loop
      vertex 51.69 68.367 3
      vertex 51.6313 68.3381 1.4
      vertex 51.69 68.367 1.4
    endloop
  endfacet
  facet normal 0.322643 -0.946521 0
    outer loop
      vertex 51.5694 68.317 1.4
      vertex 51.6313 68.3381 3
      vertex 51.5694 68.317 3
    endloop
  endfacet
  facet normal 0.322643 -0.946521 0
    outer loop
      vertex 51.6313 68.3381 3
      vertex 51.5694 68.317 1.4
      vertex 51.6313 68.3381 1.4
    endloop
  endfacet
  facet normal -0.321132 0.947034 0
    outer loop
      vertex 5.67059 105.683 1.4
      vertex 5.60866 105.662 3
      vertex 5.67059 105.683 3
    endloop
  endfacet
  facet normal -0.321132 0.947034 0
    outer loop
      vertex 5.60866 105.662 3
      vertex 5.67059 105.683 1.4
      vertex 5.60866 105.662 1.4
    endloop
  endfacet
  facet normal -0.75197 -0.659197 0
    outer loop
      vertex 5.44645 68.4464 1.4
      vertex 5.40332 68.4956 3
      vertex 5.40332 68.4956 1.4
    endloop
  endfacet
  facet normal -0.75197 -0.659197 0
    outer loop
      vertex 5.40332 68.4956 3
      vertex 5.44645 68.4464 1.4
      vertex 5.44645 68.4464 3
    endloop
  endfacet
  facet normal -0.997859 -0.0654033 0
    outer loop
      vertex 5.30428 68.7347 1.4
      vertex 5.3 68.8 3
      vertex 5.3 68.8 1.4
    endloop
  endfacet
  facet normal -0.997859 -0.0654033 0
    outer loop
      vertex 5.3 68.8 3
      vertex 5.30428 68.7347 1.4
      vertex 5.30428 68.7347 3
    endloop
  endfacet
  facet normal -0.0657477 -0.997836 0
    outer loop
      vertex 5.73474 68.3043 1.4
      vertex 5.8 68.3 3
      vertex 5.73474 68.3043 3
    endloop
  endfacet
  facet normal -0.0657477 -0.997836 -0
    outer loop
      vertex 5.8 68.3 3
      vertex 5.73474 68.3043 1.4
      vertex 5.8 68.3 1.4
    endloop
  endfacet
  facet normal 0.658071 0.752956 -0
    outer loop
      vertex 51.7936 105.554 1.4
      vertex 51.7444 105.597 3
      vertex 51.7936 105.554 3
    endloop
  endfacet
  facet normal 0.658071 0.752956 0
    outer loop
      vertex 51.7444 105.597 3
      vertex 51.7936 105.554 1.4
      vertex 51.7444 105.597 1.4
    endloop
  endfacet
  facet normal -0.198613 0.980078 0
    outer loop
      vertex 5.73474 105.696 1.4
      vertex 5.67059 105.683 3
      vertex 5.73474 105.696 3
    endloop
  endfacet
  facet normal -0.198613 0.980078 0
    outer loop
      vertex 5.67059 105.683 3
      vertex 5.73474 105.696 1.4
      vertex 5.67059 105.683 1.4
    endloop
  endfacet
  facet normal -0.980757 -0.195233 0
    outer loop
      vertex 5.31704 68.6706 1.4
      vertex 5.30428 68.7347 3
      vertex 5.30428 68.7347 1.4
    endloop
  endfacet
  facet normal -0.980757 -0.195233 0
    outer loop
      vertex 5.30428 68.7347 3
      vertex 5.31704 68.6706 1.4
      vertex 5.31704 68.6706 3
    endloop
  endfacet
  facet normal 0.658937 -0.752198 0
    outer loop
      vertex 51.7444 68.4033 1.4
      vertex 51.7936 68.4464 3
      vertex 51.7444 68.4033 3
    endloop
  endfacet
  facet normal 0.658937 -0.752198 0
    outer loop
      vertex 51.7936 68.4464 3
      vertex 51.7444 68.4033 1.4
      vertex 51.7936 68.4464 1.4
    endloop
  endfacet
  facet normal 0.980932 -0.19435 0
    outer loop
      vertex 51.923 68.6706 3
      vertex 51.9357 68.7347 1.4
      vertex 51.9357 68.7347 3
    endloop
  endfacet
  facet normal 0.980932 -0.19435 0
    outer loop
      vertex 51.9357 68.7347 1.4
      vertex 51.923 68.6706 3
      vertex 51.923 68.6706 1.4
    endloop
  endfacet
  facet normal 0.757436 0.65291 0
    outer loop
      vertex 51.8367 105.504 3
      vertex 51.7936 105.554 1.4
      vertex 51.7936 105.554 3
    endloop
  endfacet
  facet normal 0.757436 0.65291 0
    outer loop
      vertex 51.7936 105.554 1.4
      vertex 51.8367 105.504 3
      vertex 51.8367 105.504 1.4
    endloop
  endfacet
  facet normal -0.980819 -0.194922 0
    outer loop
      vertex 10.0863 71.7088 0
      vertex 10.0455 71.9141 1.5
      vertex 10.0455 71.9141 0
    endloop
  endfacet
  facet normal -0.980819 -0.194922 0
    outer loop
      vertex 10.0455 71.9141 1.5
      vertex 10.0863 71.7088 0
      vertex 10.0863 71.7088 1.5
    endloop
  endfacet
  facet normal -0.997854 -0.0654722 0
    outer loop
      vertex 10.1 71.5 0
      vertex 10.0863 71.7088 1.5
      vertex 10.0863 71.7088 0
    endloop
  endfacet
  facet normal -0.997854 -0.0654722 0
    outer loop
      vertex 10.0863 71.7088 1.5
      vertex 10.1 71.5 0
      vertex 10.1 71.5 1.5
    endloop
  endfacet
  facet normal -0.946915 -0.321483 0
    outer loop
      vertex 10.0455 71.9141 0
      vertex 9.97821 72.1123 1.5
      vertex 9.97821 72.1123 0
    endloop
  endfacet
  facet normal -0.946915 -0.321483 0
    outer loop
      vertex 9.97821 72.1123 1.5
      vertex 10.0455 71.9141 0
      vertex 10.0455 71.9141 1.5
    endloop
  endfacet
  facet normal -0.831454 -0.555593 0
    outer loop
      vertex 9.88564 72.3 0
      vertex 9.76937 72.474 1.5
      vertex 9.76937 72.474 0
    endloop
  endfacet
  facet normal -0.831454 -0.555593 0
    outer loop
      vertex 9.76937 72.474 1.5
      vertex 9.88564 72.3 0
      vertex 9.88564 72.3 1.5
    endloop
  endfacet
  facet normal 0.946944 0.321397 0
    outer loop
      vertex 7.02179 70.8877 1.5
      vertex 6.95452 71.0859 0
      vertex 6.95452 71.0859 1.5
    endloop
  endfacet
  facet normal 0.946944 0.321397 0
    outer loop
      vertex 6.95452 71.0859 0
      vertex 7.02179 70.8877 1.5
      vertex 7.02179 70.8877 0
    endloop
  endfacet
  facet normal -0.555318 -0.831638 0
    outer loop
      vertex 9.3 72.8856 0
      vertex 9.47402 72.7694 1.5
      vertex 9.3 72.8856 1.5
    endloop
  endfacet
  facet normal -0.555318 -0.831638 -0
    outer loop
      vertex 9.47402 72.7694 1.5
      vertex 9.3 72.8856 0
      vertex 9.47402 72.7694 0
    endloop
  endfacet
  facet normal -0.980819 0.194922 0
    outer loop
      vertex 10.0455 71.0859 0
      vertex 10.0863 71.2912 1.5
      vertex 10.0863 71.2912 0
    endloop
  endfacet
  facet normal -0.980819 0.194922 0
    outer loop
      vertex 10.0863 71.2912 1.5
      vertex 10.0455 71.0859 0
      vertex 10.0455 71.0859 1.5
    endloop
  endfacet
  facet normal 0.555318 -0.831638 0
    outer loop
      vertex 7.52598 72.7694 0
      vertex 7.7 72.8856 1.5
      vertex 7.52598 72.7694 1.5
    endloop
  endfacet
  facet normal 0.555318 -0.831638 0
    outer loop
      vertex 7.7 72.8856 1.5
      vertex 7.52598 72.7694 0
      vertex 7.7 72.8856 0
    endloop
  endfacet
  facet normal -0.321555 -0.946891 0
    outer loop
      vertex 8.91411 73.0455 0
      vertex 9.11229 72.9782 1.5
      vertex 8.91411 73.0455 1.5
    endloop
  endfacet
  facet normal -0.321555 -0.946891 -0
    outer loop
      vertex 9.11229 72.9782 1.5
      vertex 8.91411 73.0455 0
      vertex 9.11229 72.9782 0
    endloop
  endfacet
  facet normal -0.946915 0.321483 0
    outer loop
      vertex 9.97821 70.8877 0
      vertex 10.0455 71.0859 1.5
      vertex 10.0455 71.0859 0
    endloop
  endfacet
  facet normal -0.946915 0.321483 0
    outer loop
      vertex 10.0455 71.0859 1.5
      vertex 9.97821 70.8877 0
      vertex 9.97821 70.8877 1.5
    endloop
  endfacet
  facet normal -0.44241 0.896813 0
    outer loop
      vertex 9.3 70.1144 0
      vertex 9.11229 70.0218 1.5
      vertex 9.3 70.1144 1.5
    endloop
  endfacet
  facet normal -0.44241 0.896813 0
    outer loop
      vertex 9.11229 70.0218 1.5
      vertex 9.3 70.1144 0
      vertex 9.11229 70.0218 0
    endloop
  endfacet
  facet normal 0.659367 -0.751821 0
    outer loop
      vertex 7.36863 72.6314 0
      vertex 7.52598 72.7694 1.5
      vertex 7.36863 72.6314 1.5
    endloop
  endfacet
  facet normal 0.659367 -0.751821 0
    outer loop
      vertex 7.52598 72.7694 1.5
      vertex 7.36863 72.6314 0
      vertex 7.52598 72.7694 0
    endloop
  endfacet
  facet normal -0.89686 -0.442314 0
    outer loop
      vertex 9.97821 72.1123 0
      vertex 9.88564 72.3 1.5
      vertex 9.88564 72.3 0
    endloop
  endfacet
  facet normal -0.89686 -0.442314 0
    outer loop
      vertex 9.88564 72.3 1.5
      vertex 9.97821 72.1123 0
      vertex 9.97821 72.1123 1.5
    endloop
  endfacet
  facet normal 0.194949 -0.980813 0
    outer loop
      vertex 8.08589 73.0455 0
      vertex 8.29116 73.0863 1.5
      vertex 8.08589 73.0455 1.5
    endloop
  endfacet
  facet normal 0.194949 -0.980813 0
    outer loop
      vertex 8.29116 73.0863 1.5
      vertex 8.08589 73.0455 0
      vertex 8.29116 73.0863 0
    endloop
  endfacet
  facet normal -0.831454 0.555593 0
    outer loop
      vertex 9.76937 70.526 0
      vertex 9.88564 70.7 1.5
      vertex 9.88564 70.7 0
    endloop
  endfacet
  facet normal -0.831454 0.555593 0
    outer loop
      vertex 9.88564 70.7 1.5
      vertex 9.76937 70.526 0
      vertex 9.76937 70.526 1.5
    endloop
  endfacet
  facet normal -0.0654598 0.997855 0
    outer loop
      vertex 8.70884 69.9137 0
      vertex 8.5 69.9 1.5
      vertex 8.70884 69.9137 1.5
    endloop
  endfacet
  facet normal -0.0654598 0.997855 0
    outer loop
      vertex 8.5 69.9 1.5
      vertex 8.70884 69.9137 0
      vertex 8.5 69.9 0
    endloop
  endfacet
  facet normal 0.89686 0.442314 0
    outer loop
      vertex 7.11436 70.7 1.5
      vertex 7.02179 70.8877 0
      vertex 7.02179 70.8877 1.5
    endloop
  endfacet
  facet normal 0.89686 0.442314 0
    outer loop
      vertex 7.02179 70.8877 0
      vertex 7.11436 70.7 1.5
      vertex 7.11436 70.7 0
    endloop
  endfacet
  facet normal -0.44241 -0.896813 0
    outer loop
      vertex 9.11229 72.9782 0
      vertex 9.3 72.8856 1.5
      vertex 9.11229 72.9782 1.5
    endloop
  endfacet
  facet normal -0.44241 -0.896813 -0
    outer loop
      vertex 9.3 72.8856 1.5
      vertex 9.11229 72.9782 0
      vertex 9.3 72.8856 0
    endloop
  endfacet
  facet normal 0.321555 0.946891 -0
    outer loop
      vertex 8.08589 69.9545 0
      vertex 7.88771 70.0218 1.5
      vertex 8.08589 69.9545 1.5
    endloop
  endfacet
  facet normal 0.321555 0.946891 0
    outer loop
      vertex 7.88771 70.0218 1.5
      vertex 8.08589 69.9545 0
      vertex 7.88771 70.0218 0
    endloop
  endfacet
  facet normal 0.44241 -0.896813 0
    outer loop
      vertex 7.7 72.8856 0
      vertex 7.88771 72.9782 1.5
      vertex 7.7 72.8856 1.5
    endloop
  endfacet
  facet normal 0.44241 -0.896813 0
    outer loop
      vertex 7.88771 72.9782 1.5
      vertex 7.7 72.8856 0
      vertex 7.88771 72.9782 0
    endloop
  endfacet
  facet normal 0.44241 0.896813 -0
    outer loop
      vertex 7.88771 70.0218 0
      vertex 7.7 70.1144 1.5
      vertex 7.88771 70.0218 1.5
    endloop
  endfacet
  facet normal 0.44241 0.896813 0
    outer loop
      vertex 7.7 70.1144 1.5
      vertex 7.88771 70.0218 0
      vertex 7.7 70.1144 0
    endloop
  endfacet
  facet normal 0.980791 0.195059 0
    outer loop
      vertex 6.95452 71.0859 1.5
      vertex 6.91369 71.2912 0
      vertex 6.91369 71.2912 1.5
    endloop
  endfacet
  facet normal 0.980791 0.195059 0
    outer loop
      vertex 6.91369 71.2912 0
      vertex 6.95452 71.0859 1.5
      vertex 6.95452 71.0859 0
    endloop
  endfacet
  facet normal 0.555318 0.831638 -0
    outer loop
      vertex 7.7 70.1144 0
      vertex 7.52598 70.2306 1.5
      vertex 7.7 70.1144 1.5
    endloop
  endfacet
  facet normal 0.555318 0.831638 0
    outer loop
      vertex 7.52598 70.2306 1.5
      vertex 7.7 70.1144 0
      vertex 7.52598 70.2306 0
    endloop
  endfacet
  facet normal -0.194949 -0.980813 0
    outer loop
      vertex 8.70884 73.0863 0
      vertex 8.91411 73.0455 1.5
      vertex 8.70884 73.0863 1.5
    endloop
  endfacet
  facet normal -0.194949 -0.980813 -0
    outer loop
      vertex 8.91411 73.0455 1.5
      vertex 8.70884 73.0863 0
      vertex 8.91411 73.0455 0
    endloop
  endfacet
  facet normal -0.194949 0.980813 0
    outer loop
      vertex 8.91411 69.9545 0
      vertex 8.70884 69.9137 1.5
      vertex 8.91411 69.9545 1.5
    endloop
  endfacet
  facet normal -0.194949 0.980813 0
    outer loop
      vertex 8.70884 69.9137 1.5
      vertex 8.91411 69.9545 0
      vertex 8.70884 69.9137 0
    endloop
  endfacet
  facet normal 0.751925 0.659248 0
    outer loop
      vertex 7.36863 70.3686 1.5
      vertex 7.23063 70.526 0
      vertex 7.23063 70.526 1.5
    endloop
  endfacet
  facet normal 0.751925 0.659248 0
    outer loop
      vertex 7.23063 70.526 0
      vertex 7.36863 70.3686 1.5
      vertex 7.36863 70.3686 0
    endloop
  endfacet
  facet normal 0.751925 -0.659248 0
    outer loop
      vertex 7.23063 72.474 1.5
      vertex 7.36863 72.6314 0
      vertex 7.36863 72.6314 1.5
    endloop
  endfacet
  facet normal 0.751925 -0.659248 0
    outer loop
      vertex 7.36863 72.6314 0
      vertex 7.23063 72.474 1.5
      vertex 7.23063 72.474 0
    endloop
  endfacet
  facet normal -0.997854 0.0654722 0
    outer loop
      vertex 10.0863 71.2912 0
      vertex 10.1 71.5 1.5
      vertex 10.1 71.5 0
    endloop
  endfacet
  facet normal -0.997854 0.0654722 0
    outer loop
      vertex 10.1 71.5 1.5
      vertex 10.0863 71.2912 0
      vertex 10.0863 71.2912 1.5
    endloop
  endfacet
  facet normal 0.831454 -0.555593 0
    outer loop
      vertex 7.11436 72.3 1.5
      vertex 7.23063 72.474 0
      vertex 7.23063 72.474 1.5
    endloop
  endfacet
  facet normal 0.831454 -0.555593 0
    outer loop
      vertex 7.23063 72.474 0
      vertex 7.11436 72.3 1.5
      vertex 7.11436 72.3 0
    endloop
  endfacet
  facet normal 0.659367 0.751821 -0
    outer loop
      vertex 7.52598 70.2306 0
      vertex 7.36863 70.3686 1.5
      vertex 7.52598 70.2306 1.5
    endloop
  endfacet
  facet normal 0.659367 0.751821 0
    outer loop
      vertex 7.36863 70.3686 1.5
      vertex 7.52598 70.2306 0
      vertex 7.36863 70.3686 0
    endloop
  endfacet
  facet normal 0.997858 0.0654247 0
    outer loop
      vertex 6.91369 71.2912 1.5
      vertex 6.9 71.5 0
      vertex 6.9 71.5 1.5
    endloop
  endfacet
  facet normal 0.997858 0.0654247 0
    outer loop
      vertex 6.9 71.5 0
      vertex 6.91369 71.2912 1.5
      vertex 6.91369 71.2912 0
    endloop
  endfacet
  facet normal -0.659367 0.751821 0
    outer loop
      vertex 9.63137 70.3686 0
      vertex 9.47402 70.2306 1.5
      vertex 9.63137 70.3686 1.5
    endloop
  endfacet
  facet normal -0.659367 0.751821 0
    outer loop
      vertex 9.47402 70.2306 1.5
      vertex 9.63137 70.3686 0
      vertex 9.47402 70.2306 0
    endloop
  endfacet
  facet normal -0.321555 0.946891 0
    outer loop
      vertex 9.11229 70.0218 0
      vertex 8.91411 69.9545 1.5
      vertex 9.11229 70.0218 1.5
    endloop
  endfacet
  facet normal -0.321555 0.946891 0
    outer loop
      vertex 8.91411 69.9545 1.5
      vertex 9.11229 70.0218 0
      vertex 8.91411 69.9545 0
    endloop
  endfacet
  facet normal -0.555318 0.831638 0
    outer loop
      vertex 9.47402 70.2306 0
      vertex 9.3 70.1144 1.5
      vertex 9.47402 70.2306 1.5
    endloop
  endfacet
  facet normal -0.555318 0.831638 0
    outer loop
      vertex 9.3 70.1144 1.5
      vertex 9.47402 70.2306 0
      vertex 9.3 70.1144 0
    endloop
  endfacet
  facet normal -0.751925 0.659248 0
    outer loop
      vertex 9.63137 70.3686 0
      vertex 9.76937 70.526 1.5
      vertex 9.76937 70.526 0
    endloop
  endfacet
  facet normal -0.751925 0.659248 0
    outer loop
      vertex 9.76937 70.526 1.5
      vertex 9.63137 70.3686 0
      vertex 9.63137 70.3686 1.5
    endloop
  endfacet
  facet normal 0.831454 0.555593 0
    outer loop
      vertex 7.23063 70.526 1.5
      vertex 7.11436 70.7 0
      vertex 7.11436 70.7 1.5
    endloop
  endfacet
  facet normal 0.831454 0.555593 0
    outer loop
      vertex 7.11436 70.7 0
      vertex 7.23063 70.526 1.5
      vertex 7.23063 70.526 0
    endloop
  endfacet
  facet normal 0.0654598 0.997855 -0
    outer loop
      vertex 8.5 69.9 0
      vertex 8.29116 69.9137 1.5
      vertex 8.5 69.9 1.5
    endloop
  endfacet
  facet normal 0.0654598 0.997855 0
    outer loop
      vertex 8.29116 69.9137 1.5
      vertex 8.5 69.9 0
      vertex 8.29116 69.9137 0
    endloop
  endfacet
  facet normal -0.89686 0.442314 0
    outer loop
      vertex 9.88564 70.7 0
      vertex 9.97821 70.8877 1.5
      vertex 9.97821 70.8877 0
    endloop
  endfacet
  facet normal -0.89686 0.442314 0
    outer loop
      vertex 9.97821 70.8877 1.5
      vertex 9.88564 70.7 0
      vertex 9.88564 70.7 1.5
    endloop
  endfacet
  facet normal 0.0654598 -0.997855 0
    outer loop
      vertex 8.29116 73.0863 0
      vertex 8.5 73.1 1.5
      vertex 8.29116 73.0863 1.5
    endloop
  endfacet
  facet normal 0.0654598 -0.997855 0
    outer loop
      vertex 8.5 73.1 1.5
      vertex 8.29116 73.0863 0
      vertex 8.5 73.1 0
    endloop
  endfacet
  facet normal 0.980791 -0.195059 0
    outer loop
      vertex 6.91369 71.7088 1.5
      vertex 6.95452 71.9141 0
      vertex 6.95452 71.9141 1.5
    endloop
  endfacet
  facet normal 0.980791 -0.195059 0
    outer loop
      vertex 6.95452 71.9141 0
      vertex 6.91369 71.7088 1.5
      vertex 6.91369 71.7088 0
    endloop
  endfacet
  facet normal 0.321555 -0.946891 0
    outer loop
      vertex 7.88771 72.9782 0
      vertex 8.08589 73.0455 1.5
      vertex 7.88771 72.9782 1.5
    endloop
  endfacet
  facet normal 0.321555 -0.946891 0
    outer loop
      vertex 8.08589 73.0455 1.5
      vertex 7.88771 72.9782 0
      vertex 8.08589 73.0455 0
    endloop
  endfacet
  facet normal -0.659367 -0.751821 0
    outer loop
      vertex 9.47402 72.7694 0
      vertex 9.63137 72.6314 1.5
      vertex 9.47402 72.7694 1.5
    endloop
  endfacet
  facet normal -0.659367 -0.751821 -0
    outer loop
      vertex 9.63137 72.6314 1.5
      vertex 9.47402 72.7694 0
      vertex 9.63137 72.6314 0
    endloop
  endfacet
  facet normal -0.0654598 -0.997855 0
    outer loop
      vertex 8.5 73.1 0
      vertex 8.70884 73.0863 1.5
      vertex 8.5 73.1 1.5
    endloop
  endfacet
  facet normal -0.0654598 -0.997855 -0
    outer loop
      vertex 8.70884 73.0863 1.5
      vertex 8.5 73.1 0
      vertex 8.70884 73.0863 0
    endloop
  endfacet
  facet normal 0.89686 -0.442314 0
    outer loop
      vertex 7.02179 72.1123 1.5
      vertex 7.11436 72.3 0
      vertex 7.11436 72.3 1.5
    endloop
  endfacet
  facet normal 0.89686 -0.442314 0
    outer loop
      vertex 7.11436 72.3 0
      vertex 7.02179 72.1123 1.5
      vertex 7.02179 72.1123 0
    endloop
  endfacet
  facet normal 0.194949 0.980813 -0
    outer loop
      vertex 8.29116 69.9137 0
      vertex 8.08589 69.9545 1.5
      vertex 8.29116 69.9137 1.5
    endloop
  endfacet
  facet normal 0.194949 0.980813 0
    outer loop
      vertex 8.08589 69.9545 1.5
      vertex 8.29116 69.9137 0
      vertex 8.08589 69.9545 0
    endloop
  endfacet
  facet normal -0.751925 -0.659248 0
    outer loop
      vertex 9.76937 72.474 0
      vertex 9.63137 72.6314 1.5
      vertex 9.63137 72.6314 0
    endloop
  endfacet
  facet normal -0.751925 -0.659248 0
    outer loop
      vertex 9.63137 72.6314 1.5
      vertex 9.76937 72.474 0
      vertex 9.76937 72.474 1.5
    endloop
  endfacet
  facet normal 0.946944 -0.321397 0
    outer loop
      vertex 6.95452 71.9141 1.5
      vertex 7.02179 72.1123 0
      vertex 7.02179 72.1123 1.5
    endloop
  endfacet
  facet normal 0.946944 -0.321397 0
    outer loop
      vertex 7.02179 72.1123 0
      vertex 6.95452 71.9141 1.5
      vertex 6.95452 71.9141 0
    endloop
  endfacet
  facet normal 0.997858 -0.0654247 0
    outer loop
      vertex 6.9 71.5 1.5
      vertex 6.91369 71.7088 0
      vertex 6.91369 71.7088 1.5
    endloop
  endfacet
  facet normal 0.997858 -0.0654247 0
    outer loop
      vertex 6.91369 71.7088 0
      vertex 6.9 71.5 1.5
      vertex 6.9 71.5 0
    endloop
  endfacet
  facet normal -0.980764 -0.195196 0
    outer loop
      vertex 10.0863 102.709 0
      vertex 10.0455 102.914 1.5
      vertex 10.0455 102.914 0
    endloop
  endfacet
  facet normal -0.980764 -0.195196 0
    outer loop
      vertex 10.0455 102.914 1.5
      vertex 10.0863 102.709 0
      vertex 10.0863 102.709 1.5
    endloop
  endfacet
  facet normal -0.997858 -0.0654099 0
    outer loop
      vertex 10.1 102.5 0
      vertex 10.0863 102.709 1.5
      vertex 10.0863 102.709 0
    endloop
  endfacet
  facet normal -0.997858 -0.0654099 0
    outer loop
      vertex 10.0863 102.709 1.5
      vertex 10.1 102.5 0
      vertex 10.1 102.5 1.5
    endloop
  endfacet
  facet normal -0.946816 -0.321774 0
    outer loop
      vertex 10.0455 102.914 0
      vertex 9.97821 103.112 1.5
      vertex 9.97821 103.112 0
    endloop
  endfacet
  facet normal -0.946816 -0.321774 0
    outer loop
      vertex 9.97821 103.112 1.5
      vertex 10.0455 102.914 0
      vertex 10.0455 102.914 1.5
    endloop
  endfacet
  facet normal -0.831454 -0.555593 0
    outer loop
      vertex 9.88564 103.3 0
      vertex 9.76937 103.474 1.5
      vertex 9.76937 103.474 0
    endloop
  endfacet
  facet normal -0.831454 -0.555593 0
    outer loop
      vertex 9.76937 103.474 1.5
      vertex 9.88564 103.3 0
      vertex 9.88564 103.3 1.5
    endloop
  endfacet
  facet normal 0.946846 0.321688 0
    outer loop
      vertex 7.02179 101.888 1.5
      vertex 6.95452 102.086 0
      vertex 6.95452 102.086 1.5
    endloop
  endfacet
  facet normal 0.946846 0.321688 0
    outer loop
      vertex 6.95452 102.086 0
      vertex 7.02179 101.888 1.5
      vertex 7.02179 101.888 0
    endloop
  endfacet
  facet normal -0.557953 -0.829872 0
    outer loop
      vertex 9.3 103.886 0
      vertex 9.47402 103.769 1.5
      vertex 9.3 103.886 1.5
    endloop
  endfacet
  facet normal -0.557953 -0.829872 -0
    outer loop
      vertex 9.47402 103.769 1.5
      vertex 9.3 103.886 0
      vertex 9.47402 103.769 0
    endloop
  endfacet
  facet normal -0.980764 0.195196 0
    outer loop
      vertex 10.0455 102.086 0
      vertex 10.0863 102.291 1.5
      vertex 10.0863 102.291 0
    endloop
  endfacet
  facet normal -0.980764 0.195196 0
    outer loop
      vertex 10.0863 102.291 1.5
      vertex 10.0455 102.086 0
      vertex 10.0455 102.086 1.5
    endloop
  endfacet
  facet normal 0.557953 -0.829872 0
    outer loop
      vertex 7.52598 103.769 0
      vertex 7.7 103.886 1.5
      vertex 7.52598 103.769 1.5
    endloop
  endfacet
  facet normal 0.557953 -0.829872 0
    outer loop
      vertex 7.7 103.886 1.5
      vertex 7.52598 103.769 0
      vertex 7.7 103.886 0
    endloop
  endfacet
  facet normal -0.320269 -0.947327 0
    outer loop
      vertex 8.91411 104.045 0
      vertex 9.11229 103.978 1.5
      vertex 8.91411 104.045 1.5
    endloop
  endfacet
  facet normal -0.320269 -0.947327 -0
    outer loop
      vertex 9.11229 103.978 1.5
      vertex 8.91411 104.045 0
      vertex 9.11229 103.978 0
    endloop
  endfacet
  facet normal -0.946816 0.321774 0
    outer loop
      vertex 9.97821 101.888 0
      vertex 10.0455 102.086 1.5
      vertex 10.0455 102.086 0
    endloop
  endfacet
  facet normal -0.946816 0.321774 0
    outer loop
      vertex 10.0455 102.086 1.5
      vertex 9.97821 101.888 0
      vertex 9.97821 101.888 1.5
    endloop
  endfacet
  facet normal -0.4401 0.897949 0
    outer loop
      vertex 9.3 101.114 0
      vertex 9.11229 101.022 1.5
      vertex 9.3 101.114 1.5
    endloop
  endfacet
  facet normal -0.4401 0.897949 0
    outer loop
      vertex 9.11229 101.022 1.5
      vertex 9.3 101.114 0
      vertex 9.11229 101.022 0
    endloop
  endfacet
  facet normal 0.659367 -0.751821 0
    outer loop
      vertex 7.36863 103.631 0
      vertex 7.52598 103.769 1.5
      vertex 7.36863 103.631 1.5
    endloop
  endfacet
  facet normal 0.659367 -0.751821 0
    outer loop
      vertex 7.52598 103.769 1.5
      vertex 7.36863 103.631 0
      vertex 7.52598 103.769 0
    endloop
  endfacet
  facet normal -0.89714 -0.441746 0
    outer loop
      vertex 9.97821 103.112 0
      vertex 9.88564 103.3 1.5
      vertex 9.88564 103.3 0
    endloop
  endfacet
  facet normal -0.89714 -0.441746 0
    outer loop
      vertex 9.88564 103.3 1.5
      vertex 9.97821 103.112 0
      vertex 9.97821 103.112 1.5
    endloop
  endfacet
  facet normal 0.195868 -0.98063 0
    outer loop
      vertex 8.08589 104.045 0
      vertex 8.29116 104.086 1.5
      vertex 8.08589 104.045 1.5
    endloop
  endfacet
  facet normal 0.195868 -0.98063 0
    outer loop
      vertex 8.29116 104.086 1.5
      vertex 8.08589 104.045 0
      vertex 8.29116 104.086 0
    endloop
  endfacet
  facet normal -0.831454 0.555593 0
    outer loop
      vertex 9.76937 101.526 0
      vertex 9.88564 101.7 1.5
      vertex 9.88564 101.7 0
    endloop
  endfacet
  facet normal -0.831454 0.555593 0
    outer loop
      vertex 9.88564 101.7 1.5
      vertex 9.76937 101.526 0
      vertex 9.76937 101.526 1.5
    endloop
  endfacet
  facet normal -0.0668868 0.997761 0
    outer loop
      vertex 8.70884 100.914 0
      vertex 8.5 100.9 1.5
      vertex 8.70884 100.914 1.5
    endloop
  endfacet
  facet normal -0.0668868 0.997761 0
    outer loop
      vertex 8.5 100.9 1.5
      vertex 8.70884 100.914 0
      vertex 8.5 100.9 0
    endloop
  endfacet
  facet normal 0.89714 0.441746 0
    outer loop
      vertex 7.11436 101.7 1.5
      vertex 7.02179 101.888 0
      vertex 7.02179 101.888 1.5
    endloop
  endfacet
  facet normal 0.89714 0.441746 0
    outer loop
      vertex 7.02179 101.888 0
      vertex 7.11436 101.7 1.5
      vertex 7.11436 101.7 0
    endloop
  endfacet
  facet normal -0.4401 -0.897949 0
    outer loop
      vertex 9.11229 103.978 0
      vertex 9.3 103.886 1.5
      vertex 9.11229 103.978 1.5
    endloop
  endfacet
  facet normal -0.4401 -0.897949 -0
    outer loop
      vertex 9.3 103.886 1.5
      vertex 9.11229 103.978 0
      vertex 9.3 103.886 0
    endloop
  endfacet
  facet normal 0.320269 0.947327 -0
    outer loop
      vertex 8.08589 100.955 0
      vertex 7.88771 101.022 1.5
      vertex 8.08589 100.955 1.5
    endloop
  endfacet
  facet normal 0.320269 0.947327 0
    outer loop
      vertex 7.88771 101.022 1.5
      vertex 8.08589 100.955 0
      vertex 7.88771 101.022 0
    endloop
  endfacet
  facet normal 0.4401 -0.897949 0
    outer loop
      vertex 7.7 103.886 0
      vertex 7.88771 103.978 1.5
      vertex 7.7 103.886 1.5
    endloop
  endfacet
  facet normal 0.4401 -0.897949 0
    outer loop
      vertex 7.88771 103.978 1.5
      vertex 7.7 103.886 0
      vertex 7.88771 103.978 0
    endloop
  endfacet
  facet normal 0.4401 0.897949 -0
    outer loop
      vertex 7.88771 101.022 0
      vertex 7.7 101.114 1.5
      vertex 7.88771 101.022 1.5
    endloop
  endfacet
  facet normal 0.4401 0.897949 0
    outer loop
      vertex 7.7 101.114 1.5
      vertex 7.88771 101.022 0
      vertex 7.7 101.114 0
    endloop
  endfacet
  facet normal 0.980737 0.195334 0
    outer loop
      vertex 6.95452 102.086 1.5
      vertex 6.91369 102.291 0
      vertex 6.91369 102.291 1.5
    endloop
  endfacet
  facet normal 0.980737 0.195334 0
    outer loop
      vertex 6.91369 102.291 0
      vertex 6.95452 102.086 1.5
      vertex 6.95452 102.086 0
    endloop
  endfacet
  facet normal 0.557953 0.829872 -0
    outer loop
      vertex 7.7 101.114 0
      vertex 7.52598 101.231 1.5
      vertex 7.7 101.114 1.5
    endloop
  endfacet
  facet normal 0.557953 0.829872 0
    outer loop
      vertex 7.52598 101.231 1.5
      vertex 7.7 101.114 0
      vertex 7.52598 101.231 0
    endloop
  endfacet
  facet normal -0.195868 -0.98063 0
    outer loop
      vertex 8.70884 104.086 0
      vertex 8.91411 104.045 1.5
      vertex 8.70884 104.086 1.5
    endloop
  endfacet
  facet normal -0.195868 -0.98063 -0
    outer loop
      vertex 8.91411 104.045 1.5
      vertex 8.70884 104.086 0
      vertex 8.91411 104.045 0
    endloop
  endfacet
  facet normal -0.195868 0.98063 0
    outer loop
      vertex 8.91411 100.955 0
      vertex 8.70884 100.914 1.5
      vertex 8.91411 100.955 1.5
    endloop
  endfacet
  facet normal -0.195868 0.98063 0
    outer loop
      vertex 8.70884 100.914 1.5
      vertex 8.91411 100.955 0
      vertex 8.70884 100.914 0
    endloop
  endfacet
  facet normal 0.751093 0.660196 0
    outer loop
      vertex 7.36863 101.369 1.5
      vertex 7.23063 101.526 0
      vertex 7.23063 101.526 1.5
    endloop
  endfacet
  facet normal 0.751093 0.660196 0
    outer loop
      vertex 7.23063 101.526 0
      vertex 7.36863 101.369 1.5
      vertex 7.36863 101.369 0
    endloop
  endfacet
  facet normal 0.751093 -0.660196 0
    outer loop
      vertex 7.23063 103.474 1.5
      vertex 7.36863 103.631 0
      vertex 7.36863 103.631 1.5
    endloop
  endfacet
  facet normal 0.751093 -0.660196 0
    outer loop
      vertex 7.36863 103.631 0
      vertex 7.23063 103.474 1.5
      vertex 7.23063 103.474 0
    endloop
  endfacet
  facet normal -0.997858 0.0654099 0
    outer loop
      vertex 10.0863 102.291 0
      vertex 10.1 102.5 1.5
      vertex 10.1 102.5 0
    endloop
  endfacet
  facet normal -0.997858 0.0654099 0
    outer loop
      vertex 10.1 102.5 1.5
      vertex 10.0863 102.291 0
      vertex 10.0863 102.291 1.5
    endloop
  endfacet
  facet normal 0.831454 -0.555593 0
    outer loop
      vertex 7.11436 103.3 1.5
      vertex 7.23063 103.474 0
      vertex 7.23063 103.474 1.5
    endloop
  endfacet
  facet normal 0.831454 -0.555593 0
    outer loop
      vertex 7.23063 103.474 0
      vertex 7.11436 103.3 1.5
      vertex 7.11436 103.3 0
    endloop
  endfacet
  facet normal 0.659367 0.751821 -0
    outer loop
      vertex 7.52598 101.231 0
      vertex 7.36863 101.369 1.5
      vertex 7.52598 101.231 1.5
    endloop
  endfacet
  facet normal 0.659367 0.751821 0
    outer loop
      vertex 7.36863 101.369 1.5
      vertex 7.52598 101.231 0
      vertex 7.36863 101.369 0
    endloop
  endfacet
  facet normal 0.997862 0.0653623 0
    outer loop
      vertex 6.91369 102.291 1.5
      vertex 6.9 102.5 0
      vertex 6.9 102.5 1.5
    endloop
  endfacet
  facet normal 0.997862 0.0653623 0
    outer loop
      vertex 6.9 102.5 0
      vertex 6.91369 102.291 1.5
      vertex 6.91369 102.291 0
    endloop
  endfacet
  facet normal -0.659367 0.751821 0
    outer loop
      vertex 9.63137 101.369 0
      vertex 9.47402 101.231 1.5
      vertex 9.63137 101.369 1.5
    endloop
  endfacet
  facet normal -0.659367 0.751821 0
    outer loop
      vertex 9.47402 101.231 1.5
      vertex 9.63137 101.369 0
      vertex 9.47402 101.231 0
    endloop
  endfacet
  facet normal -0.320269 0.947327 0
    outer loop
      vertex 9.11229 101.022 0
      vertex 8.91411 100.955 1.5
      vertex 9.11229 101.022 1.5
    endloop
  endfacet
  facet normal -0.320269 0.947327 0
    outer loop
      vertex 8.91411 100.955 1.5
      vertex 9.11229 101.022 0
      vertex 8.91411 100.955 0
    endloop
  endfacet
  facet normal -0.557953 0.829872 0
    outer loop
      vertex 9.47402 101.231 0
      vertex 9.3 101.114 1.5
      vertex 9.47402 101.231 1.5
    endloop
  endfacet
  facet normal -0.557953 0.829872 0
    outer loop
      vertex 9.3 101.114 1.5
      vertex 9.47402 101.231 0
      vertex 9.3 101.114 0
    endloop
  endfacet
  facet normal -0.751093 0.660196 0
    outer loop
      vertex 9.63137 101.369 0
      vertex 9.76937 101.526 1.5
      vertex 9.76937 101.526 0
    endloop
  endfacet
  facet normal -0.751093 0.660196 0
    outer loop
      vertex 9.76937 101.526 1.5
      vertex 9.63137 101.369 0
      vertex 9.63137 101.369 1.5
    endloop
  endfacet
  facet normal 0.831454 0.555593 0
    outer loop
      vertex 7.23063 101.526 1.5
      vertex 7.11436 101.7 0
      vertex 7.11436 101.7 1.5
    endloop
  endfacet
  facet normal 0.831454 0.555593 0
    outer loop
      vertex 7.11436 101.7 0
      vertex 7.23063 101.526 1.5
      vertex 7.23063 101.526 0
    endloop
  endfacet
  facet normal 0.0668868 0.997761 -0
    outer loop
      vertex 8.5 100.9 0
      vertex 8.29116 100.914 1.5
      vertex 8.5 100.9 1.5
    endloop
  endfacet
  facet normal 0.0668868 0.997761 0
    outer loop
      vertex 8.29116 100.914 1.5
      vertex 8.5 100.9 0
      vertex 8.29116 100.914 0
    endloop
  endfacet
  facet normal -0.89714 0.441746 0
    outer loop
      vertex 9.88564 101.7 0
      vertex 9.97821 101.888 1.5
      vertex 9.97821 101.888 0
    endloop
  endfacet
  facet normal -0.89714 0.441746 0
    outer loop
      vertex 9.97821 101.888 1.5
      vertex 9.88564 101.7 0
      vertex 9.88564 101.7 1.5
    endloop
  endfacet
  facet normal 0.0668868 -0.997761 0
    outer loop
      vertex 8.29116 104.086 0
      vertex 8.5 104.1 1.5
      vertex 8.29116 104.086 1.5
    endloop
  endfacet
  facet normal 0.0668868 -0.997761 0
    outer loop
      vertex 8.5 104.1 1.5
      vertex 8.29116 104.086 0
      vertex 8.5 104.1 0
    endloop
  endfacet
  facet normal 0.980737 -0.195334 0
    outer loop
      vertex 6.91369 102.709 1.5
      vertex 6.95452 102.914 0
      vertex 6.95452 102.914 1.5
    endloop
  endfacet
  facet normal 0.980737 -0.195334 0
    outer loop
      vertex 6.95452 102.914 0
      vertex 6.91369 102.709 1.5
      vertex 6.91369 102.709 0
    endloop
  endfacet
  facet normal 0.320269 -0.947327 0
    outer loop
      vertex 7.88771 103.978 0
      vertex 8.08589 104.045 1.5
      vertex 7.88771 103.978 1.5
    endloop
  endfacet
  facet normal 0.320269 -0.947327 0
    outer loop
      vertex 8.08589 104.045 1.5
      vertex 7.88771 103.978 0
      vertex 8.08589 104.045 0
    endloop
  endfacet
  facet normal -0.659367 -0.751821 0
    outer loop
      vertex 9.47402 103.769 0
      vertex 9.63137 103.631 1.5
      vertex 9.47402 103.769 1.5
    endloop
  endfacet
  facet normal -0.659367 -0.751821 -0
    outer loop
      vertex 9.63137 103.631 1.5
      vertex 9.47402 103.769 0
      vertex 9.63137 103.631 0
    endloop
  endfacet
  facet normal -0.0668868 -0.997761 0
    outer loop
      vertex 8.5 104.1 0
      vertex 8.70884 104.086 1.5
      vertex 8.5 104.1 1.5
    endloop
  endfacet
  facet normal -0.0668868 -0.997761 -0
    outer loop
      vertex 8.70884 104.086 1.5
      vertex 8.5 104.1 0
      vertex 8.70884 104.086 0
    endloop
  endfacet
  facet normal 0.89714 -0.441746 0
    outer loop
      vertex 7.02179 103.112 1.5
      vertex 7.11436 103.3 0
      vertex 7.11436 103.3 1.5
    endloop
  endfacet
  facet normal 0.89714 -0.441746 0
    outer loop
      vertex 7.11436 103.3 0
      vertex 7.02179 103.112 1.5
      vertex 7.02179 103.112 0
    endloop
  endfacet
  facet normal 0.195868 0.98063 -0
    outer loop
      vertex 8.29116 100.914 0
      vertex 8.08589 100.955 1.5
      vertex 8.29116 100.914 1.5
    endloop
  endfacet
  facet normal 0.195868 0.98063 0
    outer loop
      vertex 8.08589 100.955 1.5
      vertex 8.29116 100.914 0
      vertex 8.08589 100.955 0
    endloop
  endfacet
  facet normal -0.751093 -0.660196 0
    outer loop
      vertex 9.76937 103.474 0
      vertex 9.63137 103.631 1.5
      vertex 9.63137 103.631 0
    endloop
  endfacet
  facet normal -0.751093 -0.660196 0
    outer loop
      vertex 9.63137 103.631 1.5
      vertex 9.76937 103.474 0
      vertex 9.76937 103.474 1.5
    endloop
  endfacet
  facet normal 0.946846 -0.321688 0
    outer loop
      vertex 6.95452 102.914 1.5
      vertex 7.02179 103.112 0
      vertex 7.02179 103.112 1.5
    endloop
  endfacet
  facet normal 0.946846 -0.321688 0
    outer loop
      vertex 7.02179 103.112 0
      vertex 6.95452 102.914 1.5
      vertex 6.95452 102.914 0
    endloop
  endfacet
  facet normal 0.997862 -0.0653623 0
    outer loop
      vertex 6.9 102.5 1.5
      vertex 6.91369 102.709 0
      vertex 6.91369 102.709 1.5
    endloop
  endfacet
  facet normal 0.997862 -0.0653623 0
    outer loop
      vertex 6.91369 102.709 0
      vertex 6.9 102.5 1.5
      vertex 6.9 102.5 0
    endloop
  endfacet
  facet normal -0.194922 0.980819 0
    outer loop
      vertex 49.1541 69.9545 0
      vertex 48.9488 69.9137 1.5
      vertex 49.1541 69.9545 1.5
    endloop
  endfacet
  facet normal -0.194922 0.980819 0
    outer loop
      vertex 48.9488 69.9137 1.5
      vertex 49.1541 69.9545 0
      vertex 48.9488 69.9137 0
    endloop
  endfacet
  facet normal -0.980819 -0.194922 0
    outer loop
      vertex 50.3263 71.7088 0
      vertex 50.2855 71.9141 1.5
      vertex 50.2855 71.9141 0
    endloop
  endfacet
  facet normal -0.980819 -0.194922 0
    outer loop
      vertex 50.2855 71.9141 1.5
      vertex 50.3263 71.7088 0
      vertex 50.3263 71.7088 1.5
    endloop
  endfacet
  facet normal -0.997854 -0.0654722 0
    outer loop
      vertex 50.34 71.5 0
      vertex 50.3263 71.7088 1.5
      vertex 50.3263 71.7088 0
    endloop
  endfacet
  facet normal -0.997854 -0.0654722 0
    outer loop
      vertex 50.3263 71.7088 1.5
      vertex 50.34 71.5 0
      vertex 50.34 71.5 1.5
    endloop
  endfacet
  facet normal -0.946901 -0.321526 0
    outer loop
      vertex 50.2855 71.9141 0
      vertex 50.2182 72.1123 1.5
      vertex 50.2182 72.1123 0
    endloop
  endfacet
  facet normal -0.946901 -0.321526 0
    outer loop
      vertex 50.2182 72.1123 1.5
      vertex 50.2855 71.9141 0
      vertex 50.2855 71.9141 1.5
    endloop
  endfacet
  facet normal -0.831609 0.555362 0
    outer loop
      vertex 50.0094 70.526 0
      vertex 50.1256 70.7 1.5
      vertex 50.1256 70.7 0
    endloop
  endfacet
  facet normal -0.831609 0.555362 0
    outer loop
      vertex 50.1256 70.7 1.5
      vertex 50.0094 70.526 0
      vertex 50.0094 70.526 1.5
    endloop
  endfacet
  facet normal -0.980819 0.194922 0
    outer loop
      vertex 50.2855 71.0859 0
      vertex 50.3263 71.2912 1.5
      vertex 50.3263 71.2912 0
    endloop
  endfacet
  facet normal -0.980819 0.194922 0
    outer loop
      vertex 50.3263 71.2912 1.5
      vertex 50.2855 71.0859 0
      vertex 50.2855 71.0859 1.5
    endloop
  endfacet
  facet normal -0.555362 -0.831609 0
    outer loop
      vertex 49.54 72.8856 0
      vertex 49.714 72.7694 1.5
      vertex 49.54 72.8856 1.5
    endloop
  endfacet
  facet normal -0.555362 -0.831609 -0
    outer loop
      vertex 49.714 72.7694 1.5
      vertex 49.54 72.8856 0
      vertex 49.714 72.7694 0
    endloop
  endfacet
  facet normal 0.0654722 0.997854 -0
    outer loop
      vertex 48.74 69.9 0
      vertex 48.5312 69.9137 1.5
      vertex 48.74 69.9 1.5
    endloop
  endfacet
  facet normal 0.0654722 0.997854 0
    outer loop
      vertex 48.5312 69.9137 1.5
      vertex 48.74 69.9 0
      vertex 48.5312 69.9137 0
    endloop
  endfacet
  facet normal -0.442429 0.896803 0
    outer loop
      vertex 49.54 70.1144 0
      vertex 49.3523 70.0218 1.5
      vertex 49.54 70.1144 1.5
    endloop
  endfacet
  facet normal -0.442429 0.896803 0
    outer loop
      vertex 49.3523 70.0218 1.5
      vertex 49.54 70.1144 0
      vertex 49.3523 70.0218 0
    endloop
  endfacet
  facet normal -0.946901 0.321526 0
    outer loop
      vertex 50.2182 70.8877 0
      vertex 50.2855 71.0859 1.5
      vertex 50.2855 71.0859 0
    endloop
  endfacet
  facet normal -0.946901 0.321526 0
    outer loop
      vertex 50.2855 71.0859 1.5
      vertex 50.2182 70.8877 0
      vertex 50.2182 70.8877 1.5
    endloop
  endfacet
  facet normal 0.980819 -0.194922 0
    outer loop
      vertex 47.1537 71.7088 1.5
      vertex 47.1945 71.9141 0
      vertex 47.1945 71.9141 1.5
    endloop
  endfacet
  facet normal 0.980819 -0.194922 0
    outer loop
      vertex 47.1945 71.9141 0
      vertex 47.1537 71.7088 1.5
      vertex 47.1537 71.7088 0
    endloop
  endfacet
  facet normal -0.831609 -0.555362 0
    outer loop
      vertex 50.1256 72.3 0
      vertex 50.0094 72.474 1.5
      vertex 50.0094 72.474 0
    endloop
  endfacet
  facet normal -0.831609 -0.555362 0
    outer loop
      vertex 50.0094 72.474 1.5
      vertex 50.1256 72.3 0
      vertex 50.1256 72.3 1.5
    endloop
  endfacet
  facet normal -0.896803 -0.442429 0
    outer loop
      vertex 50.2182 72.1123 0
      vertex 50.1256 72.3 1.5
      vertex 50.1256 72.3 0
    endloop
  endfacet
  facet normal -0.896803 -0.442429 0
    outer loop
      vertex 50.1256 72.3 1.5
      vertex 50.2182 72.1123 0
      vertex 50.2182 72.1123 1.5
    endloop
  endfacet
  facet normal 0.997854 0.0654722 0
    outer loop
      vertex 47.1537 71.2912 1.5
      vertex 47.14 71.5 0
      vertex 47.14 71.5 1.5
    endloop
  endfacet
  facet normal 0.997854 0.0654722 0
    outer loop
      vertex 47.14 71.5 0
      vertex 47.1537 71.2912 1.5
      vertex 47.1537 71.2912 0
    endloop
  endfacet
  facet normal 0.946901 0.321526 0
    outer loop
      vertex 47.2618 70.8877 1.5
      vertex 47.1945 71.0859 0
      vertex 47.1945 71.0859 1.5
    endloop
  endfacet
  facet normal 0.946901 0.321526 0
    outer loop
      vertex 47.1945 71.0859 0
      vertex 47.2618 70.8877 1.5
      vertex 47.2618 70.8877 0
    endloop
  endfacet
  facet normal 0.659248 0.751925 -0
    outer loop
      vertex 47.766 70.2306 0
      vertex 47.6086 70.3686 1.5
      vertex 47.766 70.2306 1.5
    endloop
  endfacet
  facet normal 0.659248 0.751925 0
    outer loop
      vertex 47.6086 70.3686 1.5
      vertex 47.766 70.2306 0
      vertex 47.6086 70.3686 0
    endloop
  endfacet
  facet normal 0.751925 -0.659248 0
    outer loop
      vertex 47.4706 72.474 1.5
      vertex 47.6086 72.6314 0
      vertex 47.6086 72.6314 1.5
    endloop
  endfacet
  facet normal 0.751925 -0.659248 0
    outer loop
      vertex 47.6086 72.6314 0
      vertex 47.4706 72.474 1.5
      vertex 47.4706 72.474 0
    endloop
  endfacet
  facet normal 0.0654722 -0.997854 0
    outer loop
      vertex 48.5312 73.0863 0
      vertex 48.74 73.1 1.5
      vertex 48.5312 73.0863 1.5
    endloop
  endfacet
  facet normal 0.0654722 -0.997854 0
    outer loop
      vertex 48.74 73.1 1.5
      vertex 48.5312 73.0863 0
      vertex 48.74 73.1 0
    endloop
  endfacet
  facet normal -0.896803 0.442429 0
    outer loop
      vertex 50.1256 70.7 0
      vertex 50.2182 70.8877 1.5
      vertex 50.2182 70.8877 0
    endloop
  endfacet
  facet normal -0.896803 0.442429 0
    outer loop
      vertex 50.2182 70.8877 1.5
      vertex 50.1256 70.7 0
      vertex 50.1256 70.7 1.5
    endloop
  endfacet
  facet normal -0.321526 -0.946901 0
    outer loop
      vertex 49.1541 73.0455 0
      vertex 49.3523 72.9782 1.5
      vertex 49.1541 73.0455 1.5
    endloop
  endfacet
  facet normal -0.321526 -0.946901 -0
    outer loop
      vertex 49.3523 72.9782 1.5
      vertex 49.1541 73.0455 0
      vertex 49.3523 72.9782 0
    endloop
  endfacet
  facet normal -0.997854 0.0654722 0
    outer loop
      vertex 50.3263 71.2912 0
      vertex 50.34 71.5 1.5
      vertex 50.34 71.5 0
    endloop
  endfacet
  facet normal -0.997854 0.0654722 0
    outer loop
      vertex 50.34 71.5 1.5
      vertex 50.3263 71.2912 0
      vertex 50.3263 71.2912 1.5
    endloop
  endfacet
  facet normal -0.442429 -0.896803 0
    outer loop
      vertex 49.3523 72.9782 0
      vertex 49.54 72.8856 1.5
      vertex 49.3523 72.9782 1.5
    endloop
  endfacet
  facet normal -0.442429 -0.896803 -0
    outer loop
      vertex 49.54 72.8856 1.5
      vertex 49.3523 72.9782 0
      vertex 49.54 72.8856 0
    endloop
  endfacet
  facet normal 0.555362 -0.831609 0
    outer loop
      vertex 47.766 72.7694 0
      vertex 47.94 72.8856 1.5
      vertex 47.766 72.7694 1.5
    endloop
  endfacet
  facet normal 0.555362 -0.831609 0
    outer loop
      vertex 47.94 72.8856 1.5
      vertex 47.766 72.7694 0
      vertex 47.94 72.8856 0
    endloop
  endfacet
  facet normal -0.194922 -0.980819 0
    outer loop
      vertex 48.9488 73.0863 0
      vertex 49.1541 73.0455 1.5
      vertex 48.9488 73.0863 1.5
    endloop
  endfacet
  facet normal -0.194922 -0.980819 -0
    outer loop
      vertex 49.1541 73.0455 1.5
      vertex 48.9488 73.0863 0
      vertex 49.1541 73.0455 0
    endloop
  endfacet
  facet normal -0.555362 0.831609 0
    outer loop
      vertex 49.714 70.2306 0
      vertex 49.54 70.1144 1.5
      vertex 49.714 70.2306 1.5
    endloop
  endfacet
  facet normal -0.555362 0.831609 0
    outer loop
      vertex 49.54 70.1144 1.5
      vertex 49.714 70.2306 0
      vertex 49.54 70.1144 0
    endloop
  endfacet
  facet normal 0.442429 -0.896803 0
    outer loop
      vertex 47.94 72.8856 0
      vertex 48.1277 72.9782 1.5
      vertex 47.94 72.8856 1.5
    endloop
  endfacet
  facet normal 0.442429 -0.896803 0
    outer loop
      vertex 48.1277 72.9782 1.5
      vertex 47.94 72.8856 0
      vertex 48.1277 72.9782 0
    endloop
  endfacet
  facet normal -0.751925 0.659248 0
    outer loop
      vertex 49.8714 70.3686 0
      vertex 50.0094 70.526 1.5
      vertex 50.0094 70.526 0
    endloop
  endfacet
  facet normal -0.751925 0.659248 0
    outer loop
      vertex 50.0094 70.526 1.5
      vertex 49.8714 70.3686 0
      vertex 49.8714 70.3686 1.5
    endloop
  endfacet
  facet normal 0.321526 -0.946901 0
    outer loop
      vertex 48.1277 72.9782 0
      vertex 48.3259 73.0455 1.5
      vertex 48.1277 72.9782 1.5
    endloop
  endfacet
  facet normal 0.321526 -0.946901 0
    outer loop
      vertex 48.3259 73.0455 1.5
      vertex 48.1277 72.9782 0
      vertex 48.3259 73.0455 0
    endloop
  endfacet
  facet normal 0.442429 0.896803 -0
    outer loop
      vertex 48.1277 70.0218 0
      vertex 47.94 70.1144 1.5
      vertex 48.1277 70.0218 1.5
    endloop
  endfacet
  facet normal 0.442429 0.896803 0
    outer loop
      vertex 47.94 70.1144 1.5
      vertex 48.1277 70.0218 0
      vertex 47.94 70.1144 0
    endloop
  endfacet
  facet normal 0.896803 0.442429 0
    outer loop
      vertex 47.3544 70.7 1.5
      vertex 47.2618 70.8877 0
      vertex 47.2618 70.8877 1.5
    endloop
  endfacet
  facet normal 0.896803 0.442429 0
    outer loop
      vertex 47.2618 70.8877 0
      vertex 47.3544 70.7 1.5
      vertex 47.3544 70.7 0
    endloop
  endfacet
  facet normal -0.751925 -0.659248 0
    outer loop
      vertex 50.0094 72.474 0
      vertex 49.8714 72.6314 1.5
      vertex 49.8714 72.6314 0
    endloop
  endfacet
  facet normal -0.751925 -0.659248 0
    outer loop
      vertex 49.8714 72.6314 1.5
      vertex 50.0094 72.474 0
      vertex 50.0094 72.474 1.5
    endloop
  endfacet
  facet normal 0.896803 -0.442429 0
    outer loop
      vertex 47.2618 72.1123 1.5
      vertex 47.3544 72.3 0
      vertex 47.3544 72.3 1.5
    endloop
  endfacet
  facet normal 0.896803 -0.442429 0
    outer loop
      vertex 47.3544 72.3 0
      vertex 47.2618 72.1123 1.5
      vertex 47.2618 72.1123 0
    endloop
  endfacet
  facet normal 0.321526 0.946901 -0
    outer loop
      vertex 48.3259 69.9545 0
      vertex 48.1277 70.0218 1.5
      vertex 48.3259 69.9545 1.5
    endloop
  endfacet
  facet normal 0.321526 0.946901 0
    outer loop
      vertex 48.1277 70.0218 1.5
      vertex 48.3259 69.9545 0
      vertex 48.1277 70.0218 0
    endloop
  endfacet
  facet normal 0.194922 0.980819 -0
    outer loop
      vertex 48.5312 69.9137 0
      vertex 48.3259 69.9545 1.5
      vertex 48.5312 69.9137 1.5
    endloop
  endfacet
  facet normal 0.194922 0.980819 0
    outer loop
      vertex 48.3259 69.9545 1.5
      vertex 48.5312 69.9137 0
      vertex 48.3259 69.9545 0
    endloop
  endfacet
  facet normal 0.980819 0.194922 0
    outer loop
      vertex 47.1945 71.0859 1.5
      vertex 47.1537 71.2912 0
      vertex 47.1537 71.2912 1.5
    endloop
  endfacet
  facet normal 0.980819 0.194922 0
    outer loop
      vertex 47.1537 71.2912 0
      vertex 47.1945 71.0859 1.5
      vertex 47.1945 71.0859 0
    endloop
  endfacet
  facet normal -0.659248 -0.751925 0
    outer loop
      vertex 49.714 72.7694 0
      vertex 49.8714 72.6314 1.5
      vertex 49.714 72.7694 1.5
    endloop
  endfacet
  facet normal -0.659248 -0.751925 -0
    outer loop
      vertex 49.8714 72.6314 1.5
      vertex 49.714 72.7694 0
      vertex 49.8714 72.6314 0
    endloop
  endfacet
  facet normal -0.0654722 -0.997854 0
    outer loop
      vertex 48.74 73.1 0
      vertex 48.9488 73.0863 1.5
      vertex 48.74 73.1 1.5
    endloop
  endfacet
  facet normal -0.0654722 -0.997854 -0
    outer loop
      vertex 48.9488 73.0863 1.5
      vertex 48.74 73.1 0
      vertex 48.9488 73.0863 0
    endloop
  endfacet
  facet normal 0.194922 -0.980819 0
    outer loop
      vertex 48.3259 73.0455 0
      vertex 48.5312 73.0863 1.5
      vertex 48.3259 73.0455 1.5
    endloop
  endfacet
  facet normal 0.194922 -0.980819 0
    outer loop
      vertex 48.5312 73.0863 1.5
      vertex 48.3259 73.0455 0
      vertex 48.5312 73.0863 0
    endloop
  endfacet
  facet normal 0.555362 0.831609 -0
    outer loop
      vertex 47.94 70.1144 0
      vertex 47.766 70.2306 1.5
      vertex 47.94 70.1144 1.5
    endloop
  endfacet
  facet normal 0.555362 0.831609 0
    outer loop
      vertex 47.766 70.2306 1.5
      vertex 47.94 70.1144 0
      vertex 47.766 70.2306 0
    endloop
  endfacet
  facet normal -0.321526 0.946901 0
    outer loop
      vertex 49.3523 70.0218 0
      vertex 49.1541 69.9545 1.5
      vertex 49.3523 70.0218 1.5
    endloop
  endfacet
  facet normal -0.321526 0.946901 0
    outer loop
      vertex 49.1541 69.9545 1.5
      vertex 49.3523 70.0218 0
      vertex 49.1541 69.9545 0
    endloop
  endfacet
  facet normal -0.0654722 0.997854 0
    outer loop
      vertex 48.9488 69.9137 0
      vertex 48.74 69.9 1.5
      vertex 48.9488 69.9137 1.5
    endloop
  endfacet
  facet normal -0.0654722 0.997854 0
    outer loop
      vertex 48.74 69.9 1.5
      vertex 48.9488 69.9137 0
      vertex 48.74 69.9 0
    endloop
  endfacet
  facet normal 0.997854 -0.0654722 0
    outer loop
      vertex 47.14 71.5 1.5
      vertex 47.1537 71.7088 0
      vertex 47.1537 71.7088 1.5
    endloop
  endfacet
  facet normal 0.997854 -0.0654722 0
    outer loop
      vertex 47.1537 71.7088 0
      vertex 47.14 71.5 1.5
      vertex 47.14 71.5 0
    endloop
  endfacet
  facet normal 0.831609 0.555362 0
    outer loop
      vertex 47.4706 70.526 1.5
      vertex 47.3544 70.7 0
      vertex 47.3544 70.7 1.5
    endloop
  endfacet
  facet normal 0.831609 0.555362 0
    outer loop
      vertex 47.3544 70.7 0
      vertex 47.4706 70.526 1.5
      vertex 47.4706 70.526 0
    endloop
  endfacet
  facet normal 0.946901 -0.321526 0
    outer loop
      vertex 47.1945 71.9141 1.5
      vertex 47.2618 72.1123 0
      vertex 47.2618 72.1123 1.5
    endloop
  endfacet
  facet normal 0.946901 -0.321526 0
    outer loop
      vertex 47.2618 72.1123 0
      vertex 47.1945 71.9141 1.5
      vertex 47.1945 71.9141 0
    endloop
  endfacet
  facet normal 0.659248 -0.751925 0
    outer loop
      vertex 47.6086 72.6314 0
      vertex 47.766 72.7694 1.5
      vertex 47.6086 72.6314 1.5
    endloop
  endfacet
  facet normal 0.659248 -0.751925 0
    outer loop
      vertex 47.766 72.7694 1.5
      vertex 47.6086 72.6314 0
      vertex 47.766 72.7694 0
    endloop
  endfacet
  facet normal 0.751925 0.659248 0
    outer loop
      vertex 47.6086 70.3686 1.5
      vertex 47.4706 70.526 0
      vertex 47.4706 70.526 1.5
    endloop
  endfacet
  facet normal 0.751925 0.659248 0
    outer loop
      vertex 47.4706 70.526 0
      vertex 47.6086 70.3686 1.5
      vertex 47.6086 70.3686 0
    endloop
  endfacet
  facet normal -0.659248 0.751925 0
    outer loop
      vertex 49.8714 70.3686 0
      vertex 49.714 70.2306 1.5
      vertex 49.8714 70.3686 1.5
    endloop
  endfacet
  facet normal -0.659248 0.751925 0
    outer loop
      vertex 49.714 70.2306 1.5
      vertex 49.8714 70.3686 0
      vertex 49.714 70.2306 0
    endloop
  endfacet
  facet normal 0.831609 -0.555362 0
    outer loop
      vertex 47.3544 72.3 1.5
      vertex 47.4706 72.474 0
      vertex 47.4706 72.474 1.5
    endloop
  endfacet
  facet normal 0.831609 -0.555362 0
    outer loop
      vertex 47.4706 72.474 0
      vertex 47.3544 72.3 1.5
      vertex 47.3544 72.3 0
    endloop
  endfacet
  facet normal -0.195841 0.980636 0
    outer loop
      vertex 49.1541 100.955 0
      vertex 48.9488 100.914 1.5
      vertex 49.1541 100.955 1.5
    endloop
  endfacet
  facet normal -0.195841 0.980636 0
    outer loop
      vertex 48.9488 100.914 1.5
      vertex 49.1541 100.955 0
      vertex 48.9488 100.914 0
    endloop
  endfacet
  facet normal -0.980764 -0.195196 0
    outer loop
      vertex 50.3263 102.709 0
      vertex 50.2855 102.914 1.5
      vertex 50.2855 102.914 0
    endloop
  endfacet
  facet normal -0.980764 -0.195196 0
    outer loop
      vertex 50.2855 102.914 1.5
      vertex 50.3263 102.709 0
      vertex 50.3263 102.709 1.5
    endloop
  endfacet
  facet normal -0.997858 -0.0654099 0
    outer loop
      vertex 50.34 102.5 0
      vertex 50.3263 102.709 1.5
      vertex 50.3263 102.709 0
    endloop
  endfacet
  facet normal -0.997858 -0.0654099 0
    outer loop
      vertex 50.3263 102.709 1.5
      vertex 50.34 102.5 0
      vertex 50.34 102.5 1.5
    endloop
  endfacet
  facet normal -0.946802 -0.321817 0
    outer loop
      vertex 50.2855 102.914 0
      vertex 50.2182 103.112 1.5
      vertex 50.2182 103.112 0
    endloop
  endfacet
  facet normal -0.946802 -0.321817 0
    outer loop
      vertex 50.2182 103.112 1.5
      vertex 50.2855 102.914 0
      vertex 50.2855 102.914 1.5
    endloop
  endfacet
  facet normal -0.831609 0.555362 0
    outer loop
      vertex 50.0094 101.526 0
      vertex 50.1256 101.7 1.5
      vertex 50.1256 101.7 0
    endloop
  endfacet
  facet normal -0.831609 0.555362 0
    outer loop
      vertex 50.1256 101.7 1.5
      vertex 50.0094 101.526 0
      vertex 50.0094 101.526 1.5
    endloop
  endfacet
  facet normal -0.980764 0.195196 0
    outer loop
      vertex 50.2855 102.086 0
      vertex 50.3263 102.291 1.5
      vertex 50.3263 102.291 0
    endloop
  endfacet
  facet normal -0.980764 0.195196 0
    outer loop
      vertex 50.3263 102.291 1.5
      vertex 50.2855 102.086 0
      vertex 50.2855 102.086 1.5
    endloop
  endfacet
  facet normal -0.557998 -0.829843 0
    outer loop
      vertex 49.54 103.886 0
      vertex 49.714 103.769 1.5
      vertex 49.54 103.886 1.5
    endloop
  endfacet
  facet normal -0.557998 -0.829843 -0
    outer loop
      vertex 49.714 103.769 1.5
      vertex 49.54 103.886 0
      vertex 49.714 103.769 0
    endloop
  endfacet
  facet normal 0.0668996 0.99776 -0
    outer loop
      vertex 48.74 100.9 0
      vertex 48.5312 100.914 1.5
      vertex 48.74 100.9 1.5
    endloop
  endfacet
  facet normal 0.0668996 0.99776 0
    outer loop
      vertex 48.5312 100.914 1.5
      vertex 48.74 100.9 0
      vertex 48.5312 100.914 0
    endloop
  endfacet
  facet normal -0.440119 0.897939 0
    outer loop
      vertex 49.54 101.114 0
      vertex 49.3523 101.022 1.5
      vertex 49.54 101.114 1.5
    endloop
  endfacet
  facet normal -0.440119 0.897939 0
    outer loop
      vertex 49.3523 101.022 1.5
      vertex 49.54 101.114 0
      vertex 49.3523 101.022 0
    endloop
  endfacet
  facet normal -0.946802 0.321817 0
    outer loop
      vertex 50.2182 101.888 0
      vertex 50.2855 102.086 1.5
      vertex 50.2855 102.086 0
    endloop
  endfacet
  facet normal -0.946802 0.321817 0
    outer loop
      vertex 50.2855 102.086 1.5
      vertex 50.2182 101.888 0
      vertex 50.2182 101.888 1.5
    endloop
  endfacet
  facet normal 0.980764 -0.195196 0
    outer loop
      vertex 47.1537 102.709 1.5
      vertex 47.1945 102.914 0
      vertex 47.1945 102.914 1.5
    endloop
  endfacet
  facet normal 0.980764 -0.195196 0
    outer loop
      vertex 47.1945 102.914 0
      vertex 47.1537 102.709 1.5
      vertex 47.1537 102.709 0
    endloop
  endfacet
  facet normal -0.831609 -0.555362 0
    outer loop
      vertex 50.1256 103.3 0
      vertex 50.0094 103.474 1.5
      vertex 50.0094 103.474 0
    endloop
  endfacet
  facet normal -0.831609 -0.555362 0
    outer loop
      vertex 50.0094 103.474 1.5
      vertex 50.1256 103.3 0
      vertex 50.1256 103.3 1.5
    endloop
  endfacet
  facet normal -0.897083 -0.441861 0
    outer loop
      vertex 50.2182 103.112 0
      vertex 50.1256 103.3 1.5
      vertex 50.1256 103.3 0
    endloop
  endfacet
  facet normal -0.897083 -0.441861 0
    outer loop
      vertex 50.1256 103.3 1.5
      vertex 50.2182 103.112 0
      vertex 50.2182 103.112 1.5
    endloop
  endfacet
  facet normal 0.997858 0.0654099 0
    outer loop
      vertex 47.1537 102.291 1.5
      vertex 47.14 102.5 0
      vertex 47.14 102.5 1.5
    endloop
  endfacet
  facet normal 0.997858 0.0654099 0
    outer loop
      vertex 47.14 102.5 0
      vertex 47.1537 102.291 1.5
      vertex 47.1537 102.291 0
    endloop
  endfacet
  facet normal 0.946802 0.321817 0
    outer loop
      vertex 47.2618 101.888 1.5
      vertex 47.1945 102.086 0
      vertex 47.1945 102.086 1.5
    endloop
  endfacet
  facet normal 0.946802 0.321817 0
    outer loop
      vertex 47.1945 102.086 0
      vertex 47.2618 101.888 1.5
      vertex 47.2618 101.888 0
    endloop
  endfacet
  facet normal 0.659248 0.751925 -0
    outer loop
      vertex 47.766 101.231 0
      vertex 47.6086 101.369 1.5
      vertex 47.766 101.231 1.5
    endloop
  endfacet
  facet normal 0.659248 0.751925 0
    outer loop
      vertex 47.6086 101.369 1.5
      vertex 47.766 101.231 0
      vertex 47.6086 101.369 0
    endloop
  endfacet
  facet normal 0.831609 -0.555362 0
    outer loop
      vertex 47.3544 103.3 1.5
      vertex 47.4706 103.474 0
      vertex 47.4706 103.474 1.5
    endloop
  endfacet
  facet normal 0.831609 -0.555362 0
    outer loop
      vertex 47.4706 103.474 0
      vertex 47.3544 103.3 1.5
      vertex 47.3544 103.3 0
    endloop
  endfacet
  facet normal 0.751093 -0.660196 0
    outer loop
      vertex 47.4706 103.474 1.5
      vertex 47.6086 103.631 0
      vertex 47.6086 103.631 1.5
    endloop
  endfacet
  facet normal 0.751093 -0.660196 0
    outer loop
      vertex 47.6086 103.631 0
      vertex 47.4706 103.474 1.5
      vertex 47.4706 103.474 0
    endloop
  endfacet
  facet normal 0.0668996 -0.99776 0
    outer loop
      vertex 48.5312 104.086 0
      vertex 48.74 104.1 1.5
      vertex 48.5312 104.086 1.5
    endloop
  endfacet
  facet normal 0.0668996 -0.99776 0
    outer loop
      vertex 48.74 104.1 1.5
      vertex 48.5312 104.086 0
      vertex 48.74 104.1 0
    endloop
  endfacet
  facet normal -0.897083 0.441861 0
    outer loop
      vertex 50.1256 101.7 0
      vertex 50.2182 101.888 1.5
      vertex 50.2182 101.888 0
    endloop
  endfacet
  facet normal -0.897083 0.441861 0
    outer loop
      vertex 50.2182 101.888 1.5
      vertex 50.1256 101.7 0
      vertex 50.1256 101.7 1.5
    endloop
  endfacet
  facet normal -0.32024 -0.947336 0
    outer loop
      vertex 49.1541 104.045 0
      vertex 49.3523 103.978 1.5
      vertex 49.1541 104.045 1.5
    endloop
  endfacet
  facet normal -0.32024 -0.947336 -0
    outer loop
      vertex 49.3523 103.978 1.5
      vertex 49.1541 104.045 0
      vertex 49.3523 103.978 0
    endloop
  endfacet
  facet normal -0.997858 0.0654099 0
    outer loop
      vertex 50.3263 102.291 0
      vertex 50.34 102.5 1.5
      vertex 50.34 102.5 0
    endloop
  endfacet
  facet normal -0.997858 0.0654099 0
    outer loop
      vertex 50.34 102.5 1.5
      vertex 50.3263 102.291 0
      vertex 50.3263 102.291 1.5
    endloop
  endfacet
  facet normal -0.440119 -0.897939 0
    outer loop
      vertex 49.3523 103.978 0
      vertex 49.54 103.886 1.5
      vertex 49.3523 103.978 1.5
    endloop
  endfacet
  facet normal -0.440119 -0.897939 -0
    outer loop
      vertex 49.54 103.886 1.5
      vertex 49.3523 103.978 0
      vertex 49.54 103.886 0
    endloop
  endfacet
  facet normal 0.557998 -0.829843 0
    outer loop
      vertex 47.766 103.769 0
      vertex 47.94 103.886 1.5
      vertex 47.766 103.769 1.5
    endloop
  endfacet
  facet normal 0.557998 -0.829843 0
    outer loop
      vertex 47.94 103.886 1.5
      vertex 47.766 103.769 0
      vertex 47.94 103.886 0
    endloop
  endfacet
  facet normal -0.195841 -0.980636 0
    outer loop
      vertex 48.9488 104.086 0
      vertex 49.1541 104.045 1.5
      vertex 48.9488 104.086 1.5
    endloop
  endfacet
  facet normal -0.195841 -0.980636 -0
    outer loop
      vertex 49.1541 104.045 1.5
      vertex 48.9488 104.086 0
      vertex 49.1541 104.045 0
    endloop
  endfacet
  facet normal -0.557998 0.829843 0
    outer loop
      vertex 49.714 101.231 0
      vertex 49.54 101.114 1.5
      vertex 49.714 101.231 1.5
    endloop
  endfacet
  facet normal -0.557998 0.829843 0
    outer loop
      vertex 49.54 101.114 1.5
      vertex 49.714 101.231 0
      vertex 49.54 101.114 0
    endloop
  endfacet
  facet normal 0.440119 -0.897939 0
    outer loop
      vertex 47.94 103.886 0
      vertex 48.1277 103.978 1.5
      vertex 47.94 103.886 1.5
    endloop
  endfacet
  facet normal 0.440119 -0.897939 0
    outer loop
      vertex 48.1277 103.978 1.5
      vertex 47.94 103.886 0
      vertex 48.1277 103.978 0
    endloop
  endfacet
  facet normal -0.751093 0.660196 0
    outer loop
      vertex 49.8714 101.369 0
      vertex 50.0094 101.526 1.5
      vertex 50.0094 101.526 0
    endloop
  endfacet
  facet normal -0.751093 0.660196 0
    outer loop
      vertex 50.0094 101.526 1.5
      vertex 49.8714 101.369 0
      vertex 49.8714 101.369 1.5
    endloop
  endfacet
  facet normal 0.32024 -0.947336 0
    outer loop
      vertex 48.1277 103.978 0
      vertex 48.3259 104.045 1.5
      vertex 48.1277 103.978 1.5
    endloop
  endfacet
  facet normal 0.32024 -0.947336 0
    outer loop
      vertex 48.3259 104.045 1.5
      vertex 48.1277 103.978 0
      vertex 48.3259 104.045 0
    endloop
  endfacet
  facet normal 0.440119 0.897939 -0
    outer loop
      vertex 48.1277 101.022 0
      vertex 47.94 101.114 1.5
      vertex 48.1277 101.022 1.5
    endloop
  endfacet
  facet normal 0.440119 0.897939 0
    outer loop
      vertex 47.94 101.114 1.5
      vertex 48.1277 101.022 0
      vertex 47.94 101.114 0
    endloop
  endfacet
  facet normal 0.897083 0.441861 0
    outer loop
      vertex 47.3544 101.7 1.5
      vertex 47.2618 101.888 0
      vertex 47.2618 101.888 1.5
    endloop
  endfacet
  facet normal 0.897083 0.441861 0
    outer loop
      vertex 47.2618 101.888 0
      vertex 47.3544 101.7 1.5
      vertex 47.3544 101.7 0
    endloop
  endfacet
  facet normal -0.751093 -0.660196 0
    outer loop
      vertex 50.0094 103.474 0
      vertex 49.8714 103.631 1.5
      vertex 49.8714 103.631 0
    endloop
  endfacet
  facet normal -0.751093 -0.660196 0
    outer loop
      vertex 49.8714 103.631 1.5
      vertex 50.0094 103.474 0
      vertex 50.0094 103.474 1.5
    endloop
  endfacet
  facet normal 0.897083 -0.441861 0
    outer loop
      vertex 47.2618 103.112 1.5
      vertex 47.3544 103.3 0
      vertex 47.3544 103.3 1.5
    endloop
  endfacet
  facet normal 0.897083 -0.441861 0
    outer loop
      vertex 47.3544 103.3 0
      vertex 47.2618 103.112 1.5
      vertex 47.2618 103.112 0
    endloop
  endfacet
  facet normal 0.32024 0.947336 -0
    outer loop
      vertex 48.3259 100.955 0
      vertex 48.1277 101.022 1.5
      vertex 48.3259 100.955 1.5
    endloop
  endfacet
  facet normal 0.32024 0.947336 0
    outer loop
      vertex 48.1277 101.022 1.5
      vertex 48.3259 100.955 0
      vertex 48.1277 101.022 0
    endloop
  endfacet
  facet normal 0.195841 0.980636 -0
    outer loop
      vertex 48.5312 100.914 0
      vertex 48.3259 100.955 1.5
      vertex 48.5312 100.914 1.5
    endloop
  endfacet
  facet normal 0.195841 0.980636 0
    outer loop
      vertex 48.3259 100.955 1.5
      vertex 48.5312 100.914 0
      vertex 48.3259 100.955 0
    endloop
  endfacet
  facet normal 0.980764 0.195196 0
    outer loop
      vertex 47.1945 102.086 1.5
      vertex 47.1537 102.291 0
      vertex 47.1537 102.291 1.5
    endloop
  endfacet
  facet normal 0.980764 0.195196 0
    outer loop
      vertex 47.1537 102.291 0
      vertex 47.1945 102.086 1.5
      vertex 47.1945 102.086 0
    endloop
  endfacet
  facet normal -0.659248 -0.751925 0
    outer loop
      vertex 49.714 103.769 0
      vertex 49.8714 103.631 1.5
      vertex 49.714 103.769 1.5
    endloop
  endfacet
  facet normal -0.659248 -0.751925 -0
    outer loop
      vertex 49.8714 103.631 1.5
      vertex 49.714 103.769 0
      vertex 49.8714 103.631 0
    endloop
  endfacet
  facet normal -0.0668996 -0.99776 0
    outer loop
      vertex 48.74 104.1 0
      vertex 48.9488 104.086 1.5
      vertex 48.74 104.1 1.5
    endloop
  endfacet
  facet normal -0.0668996 -0.99776 -0
    outer loop
      vertex 48.9488 104.086 1.5
      vertex 48.74 104.1 0
      vertex 48.9488 104.086 0
    endloop
  endfacet
  facet normal 0.195841 -0.980636 0
    outer loop
      vertex 48.3259 104.045 0
      vertex 48.5312 104.086 1.5
      vertex 48.3259 104.045 1.5
    endloop
  endfacet
  facet normal 0.195841 -0.980636 0
    outer loop
      vertex 48.5312 104.086 1.5
      vertex 48.3259 104.045 0
      vertex 48.5312 104.086 0
    endloop
  endfacet
  facet normal 0.557998 0.829843 -0
    outer loop
      vertex 47.94 101.114 0
      vertex 47.766 101.231 1.5
      vertex 47.94 101.114 1.5
    endloop
  endfacet
  facet normal 0.557998 0.829843 0
    outer loop
      vertex 47.766 101.231 1.5
      vertex 47.94 101.114 0
      vertex 47.766 101.231 0
    endloop
  endfacet
  facet normal -0.32024 0.947336 0
    outer loop
      vertex 49.3523 101.022 0
      vertex 49.1541 100.955 1.5
      vertex 49.3523 101.022 1.5
    endloop
  endfacet
  facet normal -0.32024 0.947336 0
    outer loop
      vertex 49.1541 100.955 1.5
      vertex 49.3523 101.022 0
      vertex 49.1541 100.955 0
    endloop
  endfacet
  facet normal -0.0668996 0.99776 0
    outer loop
      vertex 48.9488 100.914 0
      vertex 48.74 100.9 1.5
      vertex 48.9488 100.914 1.5
    endloop
  endfacet
  facet normal -0.0668996 0.99776 0
    outer loop
      vertex 48.74 100.9 1.5
      vertex 48.9488 100.914 0
      vertex 48.74 100.9 0
    endloop
  endfacet
  facet normal 0.997858 -0.0654099 0
    outer loop
      vertex 47.14 102.5 1.5
      vertex 47.1537 102.709 0
      vertex 47.1537 102.709 1.5
    endloop
  endfacet
  facet normal 0.997858 -0.0654099 0
    outer loop
      vertex 47.1537 102.709 0
      vertex 47.14 102.5 1.5
      vertex 47.14 102.5 0
    endloop
  endfacet
  facet normal 0.831609 0.555362 0
    outer loop
      vertex 47.4706 101.526 1.5
      vertex 47.3544 101.7 0
      vertex 47.3544 101.7 1.5
    endloop
  endfacet
  facet normal 0.831609 0.555362 0
    outer loop
      vertex 47.3544 101.7 0
      vertex 47.4706 101.526 1.5
      vertex 47.4706 101.526 0
    endloop
  endfacet
  facet normal 0.946802 -0.321817 0
    outer loop
      vertex 47.1945 102.914 1.5
      vertex 47.2618 103.112 0
      vertex 47.2618 103.112 1.5
    endloop
  endfacet
  facet normal 0.946802 -0.321817 0
    outer loop
      vertex 47.2618 103.112 0
      vertex 47.1945 102.914 1.5
      vertex 47.1945 102.914 0
    endloop
  endfacet
  facet normal 0.659248 -0.751925 0
    outer loop
      vertex 47.6086 103.631 0
      vertex 47.766 103.769 1.5
      vertex 47.6086 103.631 1.5
    endloop
  endfacet
  facet normal 0.659248 -0.751925 0
    outer loop
      vertex 47.766 103.769 1.5
      vertex 47.6086 103.631 0
      vertex 47.766 103.769 0
    endloop
  endfacet
  facet normal 0.751093 0.660196 0
    outer loop
      vertex 47.6086 101.369 1.5
      vertex 47.4706 101.526 0
      vertex 47.4706 101.526 1.5
    endloop
  endfacet
  facet normal 0.751093 0.660196 0
    outer loop
      vertex 47.4706 101.526 0
      vertex 47.6086 101.369 1.5
      vertex 47.6086 101.369 0
    endloop
  endfacet
  facet normal -0.659248 0.751925 0
    outer loop
      vertex 49.8714 101.369 0
      vertex 49.714 101.231 1.5
      vertex 49.8714 101.369 1.5
    endloop
  endfacet
  facet normal -0.659248 0.751925 0
    outer loop
      vertex 49.714 101.231 1.5
      vertex 49.8714 101.369 0
      vertex 49.714 101.231 0
    endloop
  endfacet
  facet normal 0.321156 0.947026 -0
    outer loop
      vertex 54.7707 110.696 0
      vertex 54.2753 110.864 3
      vertex 54.7707 110.696 3
    endloop
  endfacet
  facet normal 0.321156 0.947026 0
    outer loop
      vertex 54.2753 110.864 3
      vertex 54.7707 110.696 0
      vertex 54.2753 110.864 0
    endloop
  endfacet
  facet normal -0.980773 0.195153 0
    outer loop
      vertex 0.0342197 107.522 0
      vertex 0.136296 108.035 3
      vertex 0.136296 108.035 0
    endloop
  endfacet
  facet normal -0.980773 0.195153 0
    outer loop
      vertex 0.136296 108.035 3
      vertex 0.0342197 107.522 0
      vertex 0.0342197 107.522 3
    endloop
  endfacet
  facet normal -0.751525 0.659705 0
    outer loop
      vertex 0.826586 109.435 0
      vertex 1.17157 109.828 3
      vertex 1.17157 109.828 0
    endloop
  endfacet
  facet normal -0.751525 0.659705 0
    outer loop
      vertex 1.17157 109.828 3
      vertex 0.826586 109.435 0
      vertex 0.826586 109.435 3
    endloop
  endfacet
  facet normal -0.443182 0.896432 0
    outer loop
      vertex 2.46927 110.696 0
      vertex 2 110.464 3
      vertex 2.46927 110.696 3
    endloop
  endfacet
  facet normal -0.443182 0.896432 0
    outer loop
      vertex 2 110.464 3
      vertex 2.46927 110.696 0
      vertex 2 110.464 0
    endloop
  endfacet
  facet normal -0.896774 0.44249 0
    outer loop
      vertex 0.304482 108.531 0
      vertex 0.535898 109 3
      vertex 0.535898 109 0
    endloop
  endfacet
  facet normal -0.896774 0.44249 0
    outer loop
      vertex 0.535898 109 3
      vertex 0.304482 108.531 0
      vertex 0.304482 108.531 3
    endloop
  endfacet
  facet normal -0.0649827 0.997886 0
    outer loop
      vertex 4 111 0
      vertex 3.47789 110.966 3
      vertex 4 111 3
    endloop
  endfacet
  facet normal -0.0649827 0.997886 0
    outer loop
      vertex 3.47789 110.966 3
      vertex 4 111 0
      vertex 3.47789 110.966 0
    endloop
  endfacet
  facet normal 0.064984 0.997886 -0
    outer loop
      vertex 53.7621 110.966 0
      vertex 53.24 111 3
      vertex 53.7621 110.966 3
    endloop
  endfacet
  facet normal 0.064984 0.997886 0
    outer loop
      vertex 53.24 111 3
      vertex 53.7621 110.966 0
      vertex 53.24 111 0
    endloop
  endfacet
  facet normal -0.0653634 -0.997862 0
    outer loop
      vertex 3.47789 63.0342 0
      vertex 4 63 3
      vertex 3.47789 63.0342 3
    endloop
  endfacet
  facet normal -0.0653634 -0.997862 -0
    outer loop
      vertex 4 63 3
      vertex 3.47789 63.0342 0
      vertex 4 63 0
    endloop
  endfacet
  facet normal 0.94691 -0.321498 0
    outer loop
      vertex 56.9355 65.4693 3
      vertex 57.1037 65.9647 0
      vertex 57.1037 65.9647 3
    endloop
  endfacet
  facet normal 0.94691 -0.321498 0
    outer loop
      vertex 57.1037 65.9647 0
      vertex 56.9355 65.4693 3
      vertex 56.9355 65.4693 0
    endloop
  endfacet
  facet normal 1 -0 0
    outer loop
      vertex 57.24 67 3
      vertex 57.24 107 0
      vertex 57.24 107 3
    endloop
  endfacet
  facet normal 1 0 0
    outer loop
      vertex 57.24 107 0
      vertex 57.24 67 3
      vertex 57.24 67 0
    endloop
  endfacet
  facet normal -0.195135 -0.980776 0
    outer loop
      vertex 2.96472 63.1363 0
      vertex 3.47789 63.0342 3
      vertex 2.96472 63.1363 3
    endloop
  endfacet
  facet normal -0.195135 -0.980776 -0
    outer loop
      vertex 3.47789 63.0342 3
      vertex 2.96472 63.1363 0
      vertex 3.47789 63.0342 0
    endloop
  endfacet
  facet normal 0 1 -0
    outer loop
      vertex 53.24 111 0
      vertex 4 111 3
      vertex 53.24 111 3
    endloop
  endfacet
  facet normal 0 1 0
    outer loop
      vertex 4 111 3
      vertex 53.24 111 0
      vertex 4 111 0
    endloop
  endfacet
  facet normal -1 0 0
    outer loop
      vertex 0 67 0
      vertex 0 107 3
      vertex 0 107 0
    endloop
  endfacet
  facet normal -1 -0 0
    outer loop
      vertex 0 107 3
      vertex 0 67 0
      vertex 0 67 3
    endloop
  endfacet
  facet normal 0.831432 -0.555626 0
    outer loop
      vertex 56.4134 64.565 3
      vertex 56.7041 65 0
      vertex 56.7041 65 3
    endloop
  endfacet
  facet normal 0.831432 -0.555626 0
    outer loop
      vertex 56.7041 65 0
      vertex 56.4134 64.565 3
      vertex 56.4134 64.565 0
    endloop
  endfacet
  facet normal 0.555626 -0.831432 0
    outer loop
      vertex 55.24 63.5359 0
      vertex 55.675 63.8266 3
      vertex 55.24 63.5359 3
    endloop
  endfacet
  facet normal 0.555626 -0.831432 0
    outer loop
      vertex 55.675 63.8266 3
      vertex 55.24 63.5359 0
      vertex 55.675 63.8266 0
    endloop
  endfacet
  facet normal -0.997858 0.0654146 0
    outer loop
      vertex 0 107 0
      vertex 0.0342197 107.522 3
      vertex 0.0342197 107.522 0
    endloop
  endfacet
  facet normal -0.997858 0.0654146 0
    outer loop
      vertex 0.0342197 107.522 3
      vertex 0 107 0
      vertex 0 107 3
    endloop
  endfacet
  facet normal 0 -1 0
    outer loop
      vertex 4 63 0
      vertex 53.24 63 3
      vertex 4 63 3
    endloop
  endfacet
  facet normal 0 -1 -0
    outer loop
      vertex 53.24 63 3
      vertex 4 63 0
      vertex 53.24 63 0
    endloop
  endfacet
  facet normal 0.751842 -0.659343 0
    outer loop
      vertex 56.0684 64.1716 3
      vertex 56.4134 64.565 0
      vertex 56.4134 64.565 3
    endloop
  endfacet
  facet normal 0.751842 -0.659343 0
    outer loop
      vertex 56.4134 64.565 0
      vertex 56.0684 64.1716 3
      vertex 56.0684 64.1716 0
    endloop
  endfacet
  facet normal -0.831443 -0.55561 0
    outer loop
      vertex 0.826586 64.565 0
      vertex 0.535898 65 3
      vertex 0.535898 65 0
    endloop
  endfacet
  facet normal -0.831443 -0.55561 0
    outer loop
      vertex 0.535898 65 3
      vertex 0.826586 64.565 0
      vertex 0.826586 64.565 3
    endloop
  endfacet
  facet normal -0.947037 0.321126 0
    outer loop
      vertex 0.136296 108.035 0
      vertex 0.304482 108.531 3
      vertex 0.304482 108.531 0
    endloop
  endfacet
  facet normal -0.947037 0.321126 0
    outer loop
      vertex 0.304482 108.531 3
      vertex 0.136296 108.035 0
      vertex 0.136296 108.035 3
    endloop
  endfacet
  facet normal -0.321126 0.947036 0
    outer loop
      vertex 2.96472 110.864 0
      vertex 2.46927 110.696 3
      vertex 2.96472 110.864 3
    endloop
  endfacet
  facet normal -0.321126 0.947036 0
    outer loop
      vertex 2.46927 110.696 3
      vertex 2.96472 110.864 0
      vertex 2.46927 110.696 0
    endloop
  endfacet
  facet normal -0.194951 0.980813 0
    outer loop
      vertex 3.47789 110.966 0
      vertex 2.96472 110.864 3
      vertex 3.47789 110.966 3
    endloop
  endfacet
  facet normal -0.194951 0.980813 0
    outer loop
      vertex 2.96472 110.864 3
      vertex 3.47789 110.966 0
      vertex 2.96472 110.864 0
    endloop
  endfacet
  facet normal 0.659343 0.751842 -0
    outer loop
      vertex 56.0684 109.828 0
      vertex 55.675 110.173 3
      vertex 56.0684 109.828 3
    endloop
  endfacet
  facet normal 0.659343 0.751842 0
    outer loop
      vertex 55.675 110.173 3
      vertex 56.0684 109.828 0
      vertex 55.675 110.173 0
    endloop
  endfacet
  facet normal 0.831432 0.555626 0
    outer loop
      vertex 56.7041 109 3
      vertex 56.4134 109.435 0
      vertex 56.4134 109.435 3
    endloop
  endfacet
  facet normal 0.831432 0.555626 0
    outer loop
      vertex 56.4134 109.435 0
      vertex 56.7041 109 3
      vertex 56.7041 109 0
    endloop
  endfacet
  facet normal -0.555978 0.831197 0
    outer loop
      vertex 2 110.464 0
      vertex 1.56495 110.173 3
      vertex 2 110.464 3
    endloop
  endfacet
  facet normal -0.555978 0.831197 0
    outer loop
      vertex 1.56495 110.173 3
      vertex 2 110.464 0
      vertex 1.56495 110.173 0
    endloop
  endfacet
  facet normal -0.896886 -0.442262 0
    outer loop
      vertex 0.535898 65 0
      vertex 0.304482 65.4693 3
      vertex 0.304482 65.4693 0
    endloop
  endfacet
  facet normal -0.896886 -0.442262 0
    outer loop
      vertex 0.304482 65.4693 3
      vertex 0.535898 65 0
      vertex 0.535898 65 3
    endloop
  endfacet
  facet normal -0.751857 -0.659326 0
    outer loop
      vertex 1.17157 64.1716 0
      vertex 0.826586 64.565 3
      vertex 0.826586 64.565 0
    endloop
  endfacet
  facet normal -0.751857 -0.659326 0
    outer loop
      vertex 0.826586 64.565 3
      vertex 1.17157 64.1716 0
      vertex 1.17157 64.1716 3
    endloop
  endfacet
  facet normal -0.831443 0.55561 0
    outer loop
      vertex 0.535898 109 0
      vertex 0.826586 109.435 3
      vertex 0.826586 109.435 0
    endloop
  endfacet
  facet normal -0.831443 0.55561 0
    outer loop
      vertex 0.826586 109.435 3
      vertex 0.535898 109 0
      vertex 0.535898 109 3
    endloop
  endfacet
  facet normal 0.980779 -0.195124 0
    outer loop
      vertex 57.1037 65.9647 3
      vertex 57.2058 66.4779 0
      vertex 57.2058 66.4779 3
    endloop
  endfacet
  facet normal 0.980779 -0.195124 0
    outer loop
      vertex 57.2058 66.4779 0
      vertex 57.1037 65.9647 3
      vertex 57.1037 65.9647 0
    endloop
  endfacet
  facet normal 0.443159 0.896443 -0
    outer loop
      vertex 55.24 110.464 0
      vertex 54.7707 110.696 3
      vertex 55.24 110.464 3
    endloop
  endfacet
  facet normal 0.443159 0.896443 0
    outer loop
      vertex 54.7707 110.696 3
      vertex 55.24 110.464 0
      vertex 54.7707 110.696 0
    endloop
  endfacet
  facet normal -0.321469 -0.94692 0
    outer loop
      vertex 2.46927 63.3045 0
      vertex 2.96472 63.1363 3
      vertex 2.46927 63.3045 3
    endloop
  endfacet
  facet normal -0.321469 -0.94692 -0
    outer loop
      vertex 2.96472 63.1363 3
      vertex 2.46927 63.3045 0
      vertex 2.96472 63.1363 0
    endloop
  endfacet
  facet normal 0.997861 -0.0653646 0
    outer loop
      vertex 57.2058 66.4779 3
      vertex 57.24 67 0
      vertex 57.24 67 3
    endloop
  endfacet
  facet normal 0.997861 -0.0653646 0
    outer loop
      vertex 57.24 67 0
      vertex 57.2058 66.4779 3
      vertex 57.2058 66.4779 0
    endloop
  endfacet
  facet normal -0.997859 -0.0654021 0
    outer loop
      vertex 0.0342197 66.4779 0
      vertex 0 67 3
      vertex 0 67 0
    endloop
  endfacet
  facet normal -0.997859 -0.0654021 0
    outer loop
      vertex 0 67 3
      vertex 0.0342197 66.4779 0
      vertex 0.0342197 66.4779 3
    endloop
  endfacet
  facet normal 0.980764 0.195197 0
    outer loop
      vertex 57.2058 107.522 3
      vertex 57.1037 108.035 0
      vertex 57.1037 108.035 3
    endloop
  endfacet
  facet normal 0.980764 0.195197 0
    outer loop
      vertex 57.1037 108.035 0
      vertex 57.2058 107.522 3
      vertex 57.2058 107.522 0
    endloop
  endfacet
  facet normal 0.321498 -0.94691 0
    outer loop
      vertex 54.2753 63.1363 0
      vertex 54.7707 63.3045 3
      vertex 54.2753 63.1363 3
    endloop
  endfacet
  facet normal 0.321498 -0.94691 0
    outer loop
      vertex 54.7707 63.3045 3
      vertex 54.2753 63.1363 0
      vertex 54.7707 63.3045 0
    endloop
  endfacet
  facet normal 0.19494 0.980815 -0
    outer loop
      vertex 54.2753 110.864 0
      vertex 53.7621 110.966 3
      vertex 54.2753 110.864 3
    endloop
  endfacet
  facet normal 0.19494 0.980815 0
    outer loop
      vertex 53.7621 110.966 3
      vertex 54.2753 110.864 0
      vertex 53.7621 110.966 0
    endloop
  endfacet
  facet normal 0.896898 -0.442238 0
    outer loop
      vertex 56.7041 65 3
      vertex 56.9355 65.4693 0
      vertex 56.9355 65.4693 3
    endloop
  endfacet
  facet normal 0.896898 -0.442238 0
    outer loop
      vertex 56.9355 65.4693 0
      vertex 56.7041 65 3
      vertex 56.7041 65 0
    endloop
  endfacet
  facet normal 0.896786 0.442465 0
    outer loop
      vertex 56.9355 108.531 3
      vertex 56.7041 109 0
      vertex 56.7041 109 3
    endloop
  endfacet
  facet normal 0.896786 0.442465 0
    outer loop
      vertex 56.7041 109 0
      vertex 56.9355 108.531 3
      vertex 56.9355 108.531 0
    endloop
  endfacet
  facet normal 0.556022 0.831167 -0
    outer loop
      vertex 55.675 110.173 0
      vertex 55.24 110.464 3
      vertex 55.675 110.173 3
    endloop
  endfacet
  facet normal 0.556022 0.831167 0
    outer loop
      vertex 55.24 110.464 3
      vertex 55.675 110.173 0
      vertex 55.24 110.464 0
    endloop
  endfacet
  facet normal -0.659362 -0.751826 0
    outer loop
      vertex 1.17157 64.1716 0
      vertex 1.56495 63.8266 3
      vertex 1.17157 64.1716 3
    endloop
  endfacet
  facet normal -0.659362 -0.751826 -0
    outer loop
      vertex 1.56495 63.8266 3
      vertex 1.17157 64.1716 0
      vertex 1.56495 63.8266 0
    endloop
  endfacet
  facet normal 0.0653646 -0.997861 0
    outer loop
      vertex 53.24 63 0
      vertex 53.7621 63.0342 3
      vertex 53.24 63 3
    endloop
  endfacet
  facet normal 0.0653646 -0.997861 0
    outer loop
      vertex 53.7621 63.0342 3
      vertex 53.24 63 0
      vertex 53.7621 63.0342 0
    endloop
  endfacet
  facet normal -0.659362 0.751826 0
    outer loop
      vertex 1.56495 110.173 0
      vertex 1.17157 109.828 3
      vertex 1.56495 110.173 3
    endloop
  endfacet
  facet normal -0.659362 0.751826 0
    outer loop
      vertex 1.17157 109.828 3
      vertex 1.56495 110.173 0
      vertex 1.17157 109.828 0
    endloop
  endfacet
  facet normal 0.659343 -0.751842 0
    outer loop
      vertex 55.675 63.8266 0
      vertex 56.0684 64.1716 3
      vertex 55.675 63.8266 3
    endloop
  endfacet
  facet normal 0.659343 -0.751842 0
    outer loop
      vertex 56.0684 64.1716 3
      vertex 55.675 63.8266 0
      vertex 56.0684 64.1716 0
    endloop
  endfacet
  facet normal 0.997861 0.0653771 0
    outer loop
      vertex 57.24 107 3
      vertex 57.2058 107.522 0
      vertex 57.2058 107.522 3
    endloop
  endfacet
  facet normal 0.997861 0.0653771 0
    outer loop
      vertex 57.2058 107.522 0
      vertex 57.24 107 3
      vertex 57.24 107 0
    endloop
  endfacet
  facet normal -0.44226 -0.896887 0
    outer loop
      vertex 2 63.5359 0
      vertex 2.46927 63.3045 3
      vertex 2 63.5359 3
    endloop
  endfacet
  facet normal -0.44226 -0.896887 -0
    outer loop
      vertex 2.46927 63.3045 3
      vertex 2 63.5359 0
      vertex 2.46927 63.3045 0
    endloop
  endfacet
  facet normal 0.195124 -0.980779 0
    outer loop
      vertex 53.7621 63.0342 0
      vertex 54.2753 63.1363 3
      vertex 53.7621 63.0342 3
    endloop
  endfacet
  facet normal 0.195124 -0.980779 0
    outer loop
      vertex 54.2753 63.1363 3
      vertex 53.7621 63.0342 0
      vertex 54.2753 63.1363 0
    endloop
  endfacet
  facet normal 0.442238 -0.896898 0
    outer loop
      vertex 54.7707 63.3045 0
      vertex 55.24 63.5359 3
      vertex 54.7707 63.3045 3
    endloop
  endfacet
  facet normal 0.442238 -0.896898 0
    outer loop
      vertex 55.24 63.5359 3
      vertex 54.7707 63.3045 0
      vertex 55.24 63.5359 0
    endloop
  endfacet
  facet normal 0.947028 0.32115 0
    outer loop
      vertex 57.1037 108.035 3
      vertex 56.9355 108.531 0
      vertex 56.9355 108.531 3
    endloop
  endfacet
  facet normal 0.947028 0.32115 0
    outer loop
      vertex 56.9355 108.531 0
      vertex 57.1037 108.035 3
      vertex 57.1037 108.035 0
    endloop
  endfacet
  facet normal 0.75151 0.659722 0
    outer loop
      vertex 56.4134 109.435 3
      vertex 56.0684 109.828 0
      vertex 56.0684 109.828 3
    endloop
  endfacet
  facet normal 0.75151 0.659722 0
    outer loop
      vertex 56.0684 109.828 0
      vertex 56.4134 109.435 3
      vertex 56.4134 109.435 0
    endloop
  endfacet
  facet normal -0.555582 -0.831462 0
    outer loop
      vertex 1.56495 63.8266 0
      vertex 2 63.5359 3
      vertex 1.56495 63.8266 3
    endloop
  endfacet
  facet normal -0.555582 -0.831462 -0
    outer loop
      vertex 2 63.5359 3
      vertex 1.56495 63.8266 0
      vertex 2 63.5359 0
    endloop
  endfacet
  facet normal -0.946918 -0.321474 0
    outer loop
      vertex 0.304482 65.4693 0
      vertex 0.136296 65.9647 3
      vertex 0.136296 65.9647 0
    endloop
  endfacet
  facet normal -0.946918 -0.321474 0
    outer loop
      vertex 0.136296 65.9647 3
      vertex 0.304482 65.4693 0
      vertex 0.304482 65.4693 3
    endloop
  endfacet
  facet normal -0.980787 -0.19508 0
    outer loop
      vertex 0.136296 65.9647 0
      vertex 0.0342197 66.4779 3
      vertex 0.0342197 66.4779 0
    endloop
  endfacet
  facet normal -0.980787 -0.19508 0
    outer loop
      vertex 0.0342197 66.4779 3
      vertex 0.136296 65.9647 0
      vertex 0.136296 65.9647 3
    endloop
  endfacet
  facet normal 0 0 -1
    outer loop
      vertex 9.88564 72.3 0
      vertex 47.3544 72.3 0
      vertex 9.97821 72.1123 0
    endloop
  endfacet
  facet normal 0 0 -1
    outer loop
      vertex 47.4706 101.526 0
      vertex 10.0863 102.291 0
      vertex 10.1 102.5 0
    endloop
  endfacet
  facet normal 0 0 -1
    outer loop
      vertex 47.3544 72.3 0
      vertex 9.88564 72.3 0
      vertex 47.4706 72.474 0
    endloop
  endfacet
  facet normal 0 0 -1
    outer loop
      vertex 47.4706 101.526 0
      vertex 10.0455 102.086 0
      vertex 10.0863 102.291 0
    endloop
  endfacet
  facet normal 0 0 -1
    outer loop
      vertex 9.76937 72.474 0
      vertex 47.4706 72.474 0
      vertex 9.88564 72.3 0
    endloop
  endfacet
  facet normal 0 0 -1
    outer loop
      vertex 47.4706 101.526 0
      vertex 9.97821 101.888 0
      vertex 10.0455 102.086 0
    endloop
  endfacet
  facet normal 0 0 -1
    outer loop
      vertex 47.4706 72.474 0
      vertex 9.76937 72.474 0
      vertex 47.4706 101.526 0
    endloop
  endfacet
  facet normal 0 0 -1
    outer loop
      vertex 47.4706 101.526 0
      vertex 9.88564 101.7 0
      vertex 9.97821 101.888 0
    endloop
  endfacet
  facet normal 0 0 -1
    outer loop
      vertex 9.76937 101.526 0
      vertex 47.4706 101.526 0
      vertex 9.76937 72.474 0
    endloop
  endfacet
  facet normal 0 0 -1
    outer loop
      vertex 47.4706 101.526 0
      vertex 9.76937 101.526 0
      vertex 9.88564 101.7 0
    endloop
  endfacet
  facet normal 0 0 -1
    outer loop
      vertex 9.63137 72.6314 0
      vertex 9.76937 101.526 0
      vertex 9.76937 72.474 0
    endloop
  endfacet
  facet normal 0 0 -1
    outer loop
      vertex 9.63137 72.6314 0
      vertex 9.63137 101.369 0
      vertex 9.76937 101.526 0
    endloop
  endfacet
  facet normal 0 0 -1
    outer loop
      vertex 9.47402 72.7694 0
      vertex 9.63137 101.369 0
      vertex 9.63137 72.6314 0
    endloop
  endfacet
  facet normal 0 0 -1
    outer loop
      vertex 9.47402 72.7694 0
      vertex 9.47402 101.231 0
      vertex 9.63137 101.369 0
    endloop
  endfacet
  facet normal 0 0 -1
    outer loop
      vertex 9.3 72.8856 0
      vertex 9.47402 101.231 0
      vertex 9.47402 72.7694 0
    endloop
  endfacet
  facet normal 0 0 -1
    outer loop
      vertex 9.3 72.8856 0
      vertex 9.3 101.114 0
      vertex 9.47402 101.231 0
    endloop
  endfacet
  facet normal 0 0 -1
    outer loop
      vertex 9.11229 72.9782 0
      vertex 9.3 101.114 0
      vertex 9.3 72.8856 0
    endloop
  endfacet
  facet normal 0 0 -1
    outer loop
      vertex 9.11229 72.9782 0
      vertex 9.11229 101.022 0
      vertex 9.3 101.114 0
    endloop
  endfacet
  facet normal 0 0 -1
    outer loop
      vertex 8.91411 73.0455 0
      vertex 9.11229 101.022 0
      vertex 9.11229 72.9782 0
    endloop
  endfacet
  facet normal 0 0 -1
    outer loop
      vertex 8.91411 73.0455 0
      vertex 8.91411 100.955 0
      vertex 9.11229 101.022 0
    endloop
  endfacet
  facet normal 0 0 -1
    outer loop
      vertex 8.70884 73.0863 0
      vertex 8.91411 100.955 0
      vertex 8.91411 73.0455 0
    endloop
  endfacet
  facet normal 0 0 -1
    outer loop
      vertex 8.70884 73.0863 0
      vertex 8.70884 100.914 0
      vertex 8.91411 100.955 0
    endloop
  endfacet
  facet normal 0 0 -1
    outer loop
      vertex 8.5 73.1 0
      vertex 8.70884 100.914 0
      vertex 8.70884 73.0863 0
    endloop
  endfacet
  facet normal 0 0 -1
    outer loop
      vertex 8.5 73.1 0
      vertex 8.5 100.9 0
      vertex 8.70884 100.914 0
    endloop
  endfacet
  facet normal 0 0 -1
    outer loop
      vertex 8.29116 73.0863 0
      vertex 8.5 100.9 0
      vertex 8.5 73.1 0
    endloop
  endfacet
  facet normal 0 0 -1
    outer loop
      vertex 8.29116 73.0863 0
      vertex 8.29116 100.914 0
      vertex 8.5 100.9 0
    endloop
  endfacet
  facet normal 0 0 -1
    outer loop
      vertex 8.08589 73.0455 0
      vertex 8.29116 100.914 0
      vertex 8.29116 73.0863 0
    endloop
  endfacet
  facet normal 0 0 -1
    outer loop
      vertex 8.08589 73.0455 0
      vertex 8.08589 100.955 0
      vertex 8.29116 100.914 0
    endloop
  endfacet
  facet normal 0 0 -1
    outer loop
      vertex 7.88771 72.9782 0
      vertex 8.08589 100.955 0
      vertex 8.08589 73.0455 0
    endloop
  endfacet
  facet normal 0 0 -1
    outer loop
      vertex 7.88771 72.9782 0
      vertex 7.88771 101.022 0
      vertex 8.08589 100.955 0
    endloop
  endfacet
  facet normal 0 0 -1
    outer loop
      vertex 7.7 72.8856 0
      vertex 7.88771 101.022 0
      vertex 7.88771 72.9782 0
    endloop
  endfacet
  facet normal 0 0 -1
    outer loop
      vertex 7.7 72.8856 0
      vertex 7.7 101.114 0
      vertex 7.88771 101.022 0
    endloop
  endfacet
  facet normal 0 0 -1
    outer loop
      vertex 7.52598 72.7694 0
      vertex 7.7 101.114 0
      vertex 7.7 72.8856 0
    endloop
  endfacet
  facet normal 0 0 -1
    outer loop
      vertex 7.52598 72.7694 0
      vertex 7.52598 101.231 0
      vertex 7.7 101.114 0
    endloop
  endfacet
  facet normal 0 0 -1
    outer loop
      vertex 7.36863 72.6314 0
      vertex 7.52598 101.231 0
      vertex 7.52598 72.7694 0
    endloop
  endfacet
  facet normal 0 0 -1
    outer loop
      vertex 7.36863 72.6314 0
      vertex 7.36863 101.369 0
      vertex 7.52598 101.231 0
    endloop
  endfacet
  facet normal 0 0 -1
    outer loop
      vertex 7.23063 72.474 0
      vertex 7.36863 101.369 0
      vertex 7.36863 72.6314 0
    endloop
  endfacet
  facet normal 0 0 -1
    outer loop
      vertex 7.23063 72.474 0
      vertex 7.23063 101.526 0
      vertex 7.36863 101.369 0
    endloop
  endfacet
  facet normal 0 0 -1
    outer loop
      vertex 0 67 0
      vertex 7.23063 72.474 0
      vertex 7.11436 72.3 0
    endloop
  endfacet
  facet normal -0 0 -1
    outer loop
      vertex 7.23063 72.474 0
      vertex 0 67 0
      vertex 7.23063 101.526 0
    endloop
  endfacet
  facet normal 0 0 -1
    outer loop
      vertex 0 67 0
      vertex 7.11436 72.3 0
      vertex 7.02179 72.1123 0
    endloop
  endfacet
  facet normal 0 0 -1
    outer loop
      vertex 0 107 0
      vertex 7.23063 101.526 0
      vertex 0 67 0
    endloop
  endfacet
  facet normal 0 0 -1
    outer loop
      vertex 0 67 0
      vertex 7.02179 72.1123 0
      vertex 6.95452 71.9141 0
    endloop
  endfacet
  facet normal 0 0 -1
    outer loop
      vertex 7.23063 101.526 0
      vertex 0 107 0
      vertex 7.11436 101.7 0
    endloop
  endfacet
  facet normal 0 0 -1
    outer loop
      vertex 0 67 0
      vertex 6.95452 71.9141 0
      vertex 6.91369 71.7088 0
    endloop
  endfacet
  facet normal 0 0 -1
    outer loop
      vertex 7.11436 101.7 0
      vertex 0 107 0
      vertex 7.02179 101.888 0
    endloop
  endfacet
  facet normal 0 0 -1
    outer loop
      vertex 0 67 0
      vertex 6.91369 71.7088 0
      vertex 6.9 71.5 0
    endloop
  endfacet
  facet normal 0 0 -1
    outer loop
      vertex 7.02179 101.888 0
      vertex 0 107 0
      vertex 6.95452 102.086 0
    endloop
  endfacet
  facet normal 0 0 -1
    outer loop
      vertex 50.2182 72.1123 0
      vertex 57.24 67 0
      vertex 50.2855 71.9141 0
    endloop
  endfacet
  facet normal 0 0 -1
    outer loop
      vertex 57.24 107 0
      vertex 50.3263 102.291 0
      vertex 50.34 102.5 0
    endloop
  endfacet
  facet normal 0 0 -1
    outer loop
      vertex 50.1256 72.3 0
      vertex 57.24 67 0
      vertex 50.2182 72.1123 0
    endloop
  endfacet
  facet normal 0 0 -1
    outer loop
      vertex 57.24 107 0
      vertex 50.2855 102.086 0
      vertex 50.3263 102.291 0
    endloop
  endfacet
  facet normal 0 0 -1
    outer loop
      vertex 50.0094 72.474 0
      vertex 57.24 67 0
      vertex 50.1256 72.3 0
    endloop
  endfacet
  facet normal 0 0 -1
    outer loop
      vertex 57.24 107 0
      vertex 50.2182 101.888 0
      vertex 50.2855 102.086 0
    endloop
  endfacet
  facet normal 0 0 -1
    outer loop
      vertex 57.24 67 0
      vertex 50.0094 72.474 0
      vertex 57.24 107 0
    endloop
  endfacet
  facet normal 0 0 -1
    outer loop
      vertex 57.24 107 0
      vertex 50.1256 101.7 0
      vertex 50.2182 101.888 0
    endloop
  endfacet
  facet normal 0 0 -1
    outer loop
      vertex 50.0094 101.526 0
      vertex 57.24 107 0
      vertex 50.0094 72.474 0
    endloop
  endfacet
  facet normal 0 0 -1
    outer loop
      vertex 57.24 107 0
      vertex 50.0094 101.526 0
      vertex 50.1256 101.7 0
    endloop
  endfacet
  facet normal 0 0 -1
    outer loop
      vertex 49.8714 72.6314 0
      vertex 50.0094 101.526 0
      vertex 50.0094 72.474 0
    endloop
  endfacet
  facet normal 0 0 -1
    outer loop
      vertex 49.8714 72.6314 0
      vertex 49.8714 101.369 0
      vertex 50.0094 101.526 0
    endloop
  endfacet
  facet normal 0 0 -1
    outer loop
      vertex 49.714 72.7694 0
      vertex 49.8714 101.369 0
      vertex 49.8714 72.6314 0
    endloop
  endfacet
  facet normal 0 0 -1
    outer loop
      vertex 49.714 72.7694 0
      vertex 49.714 101.231 0
      vertex 49.8714 101.369 0
    endloop
  endfacet
  facet normal 0 0 -1
    outer loop
      vertex 49.54 72.8856 0
      vertex 49.714 101.231 0
      vertex 49.714 72.7694 0
    endloop
  endfacet
  facet normal 0 0 -1
    outer loop
      vertex 49.54 72.8856 0
      vertex 49.54 101.114 0
      vertex 49.714 101.231 0
    endloop
  endfacet
  facet normal 0 0 -1
    outer loop
      vertex 49.3523 72.9782 0
      vertex 49.54 101.114 0
      vertex 49.54 72.8856 0
    endloop
  endfacet
  facet normal 0 0 -1
    outer loop
      vertex 49.3523 72.9782 0
      vertex 49.3523 101.022 0
      vertex 49.54 101.114 0
    endloop
  endfacet
  facet normal 0 0 -1
    outer loop
      vertex 49.1541 73.0455 0
      vertex 49.3523 101.022 0
      vertex 49.3523 72.9782 0
    endloop
  endfacet
  facet normal 0 0 -1
    outer loop
      vertex 49.1541 73.0455 0
      vertex 49.1541 100.955 0
      vertex 49.3523 101.022 0
    endloop
  endfacet
  facet normal 0 0 -1
    outer loop
      vertex 48.9488 73.0863 0
      vertex 49.1541 100.955 0
      vertex 49.1541 73.0455 0
    endloop
  endfacet
  facet normal 0 0 -1
    outer loop
      vertex 48.9488 73.0863 0
      vertex 48.9488 100.914 0
      vertex 49.1541 100.955 0
    endloop
  endfacet
  facet normal 0 0 -1
    outer loop
      vertex 48.74 73.1 0
      vertex 48.9488 100.914 0
      vertex 48.9488 73.0863 0
    endloop
  endfacet
  facet normal 0 0 -1
    outer loop
      vertex 48.74 73.1 0
      vertex 48.74 100.9 0
      vertex 48.9488 100.914 0
    endloop
  endfacet
  facet normal 0 0 -1
    outer loop
      vertex 48.5312 73.0863 0
      vertex 48.74 100.9 0
      vertex 48.74 73.1 0
    endloop
  endfacet
  facet normal 0 0 -1
    outer loop
      vertex 48.5312 73.0863 0
      vertex 48.5312 100.914 0
      vertex 48.74 100.9 0
    endloop
  endfacet
  facet normal 0 0 -1
    outer loop
      vertex 48.3259 73.0455 0
      vertex 48.5312 100.914 0
      vertex 48.5312 73.0863 0
    endloop
  endfacet
  facet normal 0 0 -1
    outer loop
      vertex 48.3259 73.0455 0
      vertex 48.3259 100.955 0
      vertex 48.5312 100.914 0
    endloop
  endfacet
  facet normal 0 0 -1
    outer loop
      vertex 48.1277 72.9782 0
      vertex 48.3259 100.955 0
      vertex 48.3259 73.0455 0
    endloop
  endfacet
  facet normal 0 0 -1
    outer loop
      vertex 48.1277 72.9782 0
      vertex 48.1277 101.022 0
      vertex 48.3259 100.955 0
    endloop
  endfacet
  facet normal 0 0 -1
    outer loop
      vertex 47.94 72.8856 0
      vertex 48.1277 101.022 0
      vertex 48.1277 72.9782 0
    endloop
  endfacet
  facet normal 0 0 -1
    outer loop
      vertex 47.94 72.8856 0
      vertex 47.94 101.114 0
      vertex 48.1277 101.022 0
    endloop
  endfacet
  facet normal 0 0 -1
    outer loop
      vertex 47.766 72.7694 0
      vertex 47.94 101.114 0
      vertex 47.94 72.8856 0
    endloop
  endfacet
  facet normal 0 0 -1
    outer loop
      vertex 47.766 72.7694 0
      vertex 47.766 101.231 0
      vertex 47.94 101.114 0
    endloop
  endfacet
  facet normal 0 0 -1
    outer loop
      vertex 47.6086 72.6314 0
      vertex 47.766 101.231 0
      vertex 47.766 72.7694 0
    endloop
  endfacet
  facet normal 0 0 -1
    outer loop
      vertex 47.6086 72.6314 0
      vertex 47.6086 101.369 0
      vertex 47.766 101.231 0
    endloop
  endfacet
  facet normal 0 0 -1
    outer loop
      vertex 47.4706 72.474 0
      vertex 47.6086 101.369 0
      vertex 47.6086 72.6314 0
    endloop
  endfacet
  facet normal 0 0 -1
    outer loop
      vertex 47.4706 72.474 0
      vertex 47.4706 101.526 0
      vertex 47.6086 101.369 0
    endloop
  endfacet
  facet normal 0 0 -1
    outer loop
      vertex 47.1945 71.9141 0
      vertex 10.0455 71.9141 0
      vertex 47.2618 72.1123 0
    endloop
  endfacet
  facet normal 0 0 -1
    outer loop
      vertex 9.97821 72.1123 0
      vertex 47.2618 72.1123 0
      vertex 10.0455 71.9141 0
    endloop
  endfacet
  facet normal 0 0 -1
    outer loop
      vertex 10.0455 71.9141 0
      vertex 47.1945 71.9141 0
      vertex 10.0863 71.7088 0
    endloop
  endfacet
  facet normal 0 0 -1
    outer loop
      vertex 47.2618 72.1123 0
      vertex 9.97821 72.1123 0
      vertex 47.3544 72.3 0
    endloop
  endfacet
  facet normal 0 0 -1
    outer loop
      vertex 47.1537 71.7088 0
      vertex 10.0863 71.7088 0
      vertex 47.1945 71.9141 0
    endloop
  endfacet
  facet normal 0 0 -1
    outer loop
      vertex 47.4706 101.526 0
      vertex 10.1 102.5 0
      vertex 47.3544 101.7 0
    endloop
  endfacet
  facet normal 0 0 -1
    outer loop
      vertex 10.0863 71.7088 0
      vertex 47.1537 71.7088 0
      vertex 10.1 71.5 0
    endloop
  endfacet
  facet normal 0 0 -1
    outer loop
      vertex 47.3544 101.7 0
      vertex 10.1 102.5 0
      vertex 47.2618 101.888 0
    endloop
  endfacet
  facet normal 0 0 -1
    outer loop
      vertex 10.1 71.5 0
      vertex 47.1537 71.7088 0
      vertex 47.14 71.5 0
    endloop
  endfacet
  facet normal 0 0 -1
    outer loop
      vertex 47.2618 101.888 0
      vertex 10.1 102.5 0
      vertex 47.1945 102.086 0
    endloop
  endfacet
  facet normal 0 0 -1
    outer loop
      vertex 53.24 63 0
      vertex 57.24 67 0
      vertex 57.2058 66.4779 0
    endloop
  endfacet
  facet normal 0 0 -1
    outer loop
      vertex 50.3263 71.7088 0
      vertex 57.24 67 0
      vertex 50.34 71.5 0
    endloop
  endfacet
  facet normal 0 0 -1
    outer loop
      vertex 53.24 63 0
      vertex 57.2058 66.4779 0
      vertex 57.1037 65.9647 0
    endloop
  endfacet
  facet normal 0 0 -1
    outer loop
      vertex 50.2855 71.9141 0
      vertex 57.24 67 0
      vertex 50.3263 71.7088 0
    endloop
  endfacet
  facet normal 0 0 -1
    outer loop
      vertex 53.24 63 0
      vertex 57.1037 65.9647 0
      vertex 56.9355 65.4693 0
    endloop
  endfacet
  facet normal 0 0 -1
    outer loop
      vertex 50.3263 102.709 0
      vertex 57.24 107 0
      vertex 50.34 102.5 0
    endloop
  endfacet
  facet normal 0 0 -1
    outer loop
      vertex 53.24 63 0
      vertex 56.9355 65.4693 0
      vertex 56.7041 65 0
    endloop
  endfacet
  facet normal 0 0 -1
    outer loop
      vertex 50.2855 102.914 0
      vertex 57.24 107 0
      vertex 50.3263 102.709 0
    endloop
  endfacet
  facet normal 0 0 -1
    outer loop
      vertex 53.24 63 0
      vertex 56.7041 65 0
      vertex 56.4134 64.565 0
    endloop
  endfacet
  facet normal 0 0 -1
    outer loop
      vertex 50.2182 103.112 0
      vertex 57.24 107 0
      vertex 50.2855 102.914 0
    endloop
  endfacet
  facet normal 0 0 -1
    outer loop
      vertex 53.24 63 0
      vertex 56.4134 64.565 0
      vertex 56.0684 64.1716 0
    endloop
  endfacet
  facet normal 0 0 -1
    outer loop
      vertex 50.1256 103.3 0
      vertex 57.24 107 0
      vertex 50.2182 103.112 0
    endloop
  endfacet
  facet normal 0 0 -1
    outer loop
      vertex 53.24 63 0
      vertex 56.0684 64.1716 0
      vertex 55.675 63.8266 0
    endloop
  endfacet
  facet normal 0 0 -1
    outer loop
      vertex 50.0094 103.474 0
      vertex 57.24 107 0
      vertex 50.1256 103.3 0
    endloop
  endfacet
  facet normal 0 0 -1
    outer loop
      vertex 53.24 63 0
      vertex 55.675 63.8266 0
      vertex 55.24 63.5359 0
    endloop
  endfacet
  facet normal 0 0 -1
    outer loop
      vertex 49.8714 103.631 0
      vertex 57.24 107 0
      vertex 50.0094 103.474 0
    endloop
  endfacet
  facet normal 0 0 -1
    outer loop
      vertex 53.24 63 0
      vertex 55.24 63.5359 0
      vertex 54.7707 63.3045 0
    endloop
  endfacet
  facet normal 0 -0 -1
    outer loop
      vertex 53.24 111 0
      vertex 57.24 107 0
      vertex 49.8714 103.631 0
    endloop
  endfacet
  facet normal 0 0 -1
    outer loop
      vertex 53.24 63 0
      vertex 54.7707 63.3045 0
      vertex 54.2753 63.1363 0
    endloop
  endfacet
  facet normal 0 0 -1
    outer loop
      vertex 57.24 107 0
      vertex 53.24 111 0
      vertex 57.2058 107.522 0
    endloop
  endfacet
  facet normal 0 0 -1
    outer loop
      vertex 53.24 63 0
      vertex 54.2753 63.1363 0
      vertex 53.7621 63.0342 0
    endloop
  endfacet
  facet normal 0 0 -1
    outer loop
      vertex 57.2058 107.522 0
      vertex 53.24 111 0
      vertex 57.1037 108.035 0
    endloop
  endfacet
  facet normal -0 0 -1
    outer loop
      vertex 57.24 67 0
      vertex 53.24 63 0
      vertex 49.8714 70.3686 0
    endloop
  endfacet
  facet normal 0 0 -1
    outer loop
      vertex 57.1037 108.035 0
      vertex 53.24 111 0
      vertex 56.9355 108.531 0
    endloop
  endfacet
  facet normal 0 0 -1
    outer loop
      vertex 56.9355 108.531 0
      vertex 53.24 111 0
      vertex 56.7041 109 0
    endloop
  endfacet
  facet normal 0 0 -1
    outer loop
      vertex 57.24 67 0
      vertex 50.3263 71.2912 0
      vertex 50.34 71.5 0
    endloop
  endfacet
  facet normal 0 0 -1
    outer loop
      vertex 57.24 67 0
      vertex 50.2855 71.0859 0
      vertex 50.3263 71.2912 0
    endloop
  endfacet
  facet normal 0 0 -1
    outer loop
      vertex 57.24 67 0
      vertex 50.2182 70.8877 0
      vertex 50.2855 71.0859 0
    endloop
  endfacet
  facet normal 0 0 -1
    outer loop
      vertex 57.24 67 0
      vertex 50.1256 70.7 0
      vertex 50.2182 70.8877 0
    endloop
  endfacet
  facet normal 0 0 -1
    outer loop
      vertex 57.24 67 0
      vertex 50.0094 70.526 0
      vertex 50.1256 70.7 0
    endloop
  endfacet
  facet normal 0 0 -1
    outer loop
      vertex 57.24 67 0
      vertex 49.8714 70.3686 0
      vertex 50.0094 70.526 0
    endloop
  endfacet
  facet normal 0 0 -1
    outer loop
      vertex 53.24 63 0
      vertex 49.714 70.2306 0
      vertex 49.8714 70.3686 0
    endloop
  endfacet
  facet normal 0 0 -1
    outer loop
      vertex 53.24 63 0
      vertex 49.54 70.1144 0
      vertex 49.714 70.2306 0
    endloop
  endfacet
  facet normal 0 0 -1
    outer loop
      vertex 53.24 63 0
      vertex 49.3523 70.0218 0
      vertex 49.54 70.1144 0
    endloop
  endfacet
  facet normal 0 0 -1
    outer loop
      vertex 53.24 63 0
      vertex 49.1541 69.9545 0
      vertex 49.3523 70.0218 0
    endloop
  endfacet
  facet normal 0 0 -1
    outer loop
      vertex 53.24 63 0
      vertex 48.9488 69.9137 0
      vertex 49.1541 69.9545 0
    endloop
  endfacet
  facet normal 0 0 -1
    outer loop
      vertex 53.24 63 0
      vertex 48.74 69.9 0
      vertex 48.9488 69.9137 0
    endloop
  endfacet
  facet normal 0 0 -1
    outer loop
      vertex 53.24 63 0
      vertex 48.5312 69.9137 0
      vertex 48.74 69.9 0
    endloop
  endfacet
  facet normal 0 0 -1
    outer loop
      vertex 53.24 63 0
      vertex 48.3259 69.9545 0
      vertex 48.5312 69.9137 0
    endloop
  endfacet
  facet normal 0 0 -1
    outer loop
      vertex 53.24 63 0
      vertex 48.1277 70.0218 0
      vertex 48.3259 69.9545 0
    endloop
  endfacet
  facet normal 0 0 -1
    outer loop
      vertex 53.24 63 0
      vertex 47.94 70.1144 0
      vertex 48.1277 70.0218 0
    endloop
  endfacet
  facet normal 0 0 -1
    outer loop
      vertex 53.24 63 0
      vertex 47.766 70.2306 0
      vertex 47.94 70.1144 0
    endloop
  endfacet
  facet normal 0 0 -1
    outer loop
      vertex 53.24 63 0
      vertex 47.6086 70.3686 0
      vertex 47.766 70.2306 0
    endloop
  endfacet
  facet normal 0 0 -1
    outer loop
      vertex 9.63137 70.3686 0
      vertex 47.6086 70.3686 0
      vertex 53.24 63 0
    endloop
  endfacet
  facet normal 0 0 -1
    outer loop
      vertex 47.1945 102.086 0
      vertex 10.1 102.5 0
      vertex 47.1537 102.291 0
    endloop
  endfacet
  facet normal 0 0 -1
    outer loop
      vertex 47.1537 71.2912 0
      vertex 10.1 71.5 0
      vertex 47.14 71.5 0
    endloop
  endfacet
  facet normal 0 0 -1
    outer loop
      vertex 10.0863 71.2912 0
      vertex 47.1537 71.2912 0
      vertex 47.1945 71.0859 0
    endloop
  endfacet
  facet normal 0 0 -1
    outer loop
      vertex 10.0455 71.0859 0
      vertex 47.1945 71.0859 0
      vertex 47.2618 70.8877 0
    endloop
  endfacet
  facet normal 0 0 -1
    outer loop
      vertex 9.97821 70.8877 0
      vertex 47.2618 70.8877 0
      vertex 47.3544 70.7 0
    endloop
  endfacet
  facet normal 0 0 -1
    outer loop
      vertex 9.88564 70.7 0
      vertex 47.3544 70.7 0
      vertex 47.4706 70.526 0
    endloop
  endfacet
  facet normal 0 0 -1
    outer loop
      vertex 47.6086 70.3686 0
      vertex 9.63137 70.3686 0
      vertex 47.4706 70.526 0
    endloop
  endfacet
  facet normal 0 0 -1
    outer loop
      vertex 47.1537 71.2912 0
      vertex 10.0863 71.2912 0
      vertex 10.1 71.5 0
    endloop
  endfacet
  facet normal 0 0 -1
    outer loop
      vertex 47.1945 71.0859 0
      vertex 10.0455 71.0859 0
      vertex 10.0863 71.2912 0
    endloop
  endfacet
  facet normal 0 0 -1
    outer loop
      vertex 47.2618 70.8877 0
      vertex 9.97821 70.8877 0
      vertex 10.0455 71.0859 0
    endloop
  endfacet
  facet normal 0 0 -1
    outer loop
      vertex 47.3544 70.7 0
      vertex 9.88564 70.7 0
      vertex 9.97821 70.8877 0
    endloop
  endfacet
  facet normal 0 0 -1
    outer loop
      vertex 47.4706 70.526 0
      vertex 9.76937 70.526 0
      vertex 9.88564 70.7 0
    endloop
  endfacet
  facet normal -0 0 -1
    outer loop
      vertex 47.4706 70.526 0
      vertex 9.63137 70.3686 0
      vertex 9.76937 70.526 0
    endloop
  endfacet
  facet normal 0 0 -1
    outer loop
      vertex 4 63 0
      vertex 9.63137 70.3686 0
      vertex 53.24 63 0
    endloop
  endfacet
  facet normal 0 0 -1
    outer loop
      vertex 9.63137 70.3686 0
      vertex 4 63 0
      vertex 9.47402 70.2306 0
    endloop
  endfacet
  facet normal 0 0 -1
    outer loop
      vertex 9.47402 70.2306 0
      vertex 4 63 0
      vertex 9.3 70.1144 0
    endloop
  endfacet
  facet normal 0 0 -1
    outer loop
      vertex 9.3 70.1144 0
      vertex 4 63 0
      vertex 9.11229 70.0218 0
    endloop
  endfacet
  facet normal 0 0 -1
    outer loop
      vertex 9.11229 70.0218 0
      vertex 4 63 0
      vertex 8.91411 69.9545 0
    endloop
  endfacet
  facet normal 0 0 -1
    outer loop
      vertex 8.91411 69.9545 0
      vertex 4 63 0
      vertex 8.70884 69.9137 0
    endloop
  endfacet
  facet normal 0 0 -1
    outer loop
      vertex 8.70884 69.9137 0
      vertex 4 63 0
      vertex 8.5 69.9 0
    endloop
  endfacet
  facet normal -0 0 -1
    outer loop
      vertex 6.91369 71.2912 0
      vertex 0 67 0
      vertex 6.9 71.5 0
    endloop
  endfacet
  facet normal -0 0 -1
    outer loop
      vertex 6.95452 71.0859 0
      vertex 0 67 0
      vertex 6.91369 71.2912 0
    endloop
  endfacet
  facet normal -0 0 -1
    outer loop
      vertex 7.02179 70.8877 0
      vertex 0 67 0
      vertex 6.95452 71.0859 0
    endloop
  endfacet
  facet normal -0 0 -1
    outer loop
      vertex 7.11436 70.7 0
      vertex 0 67 0
      vertex 7.02179 70.8877 0
    endloop
  endfacet
  facet normal -0 0 -1
    outer loop
      vertex 7.23063 70.526 0
      vertex 0 67 0
      vertex 7.11436 70.7 0
    endloop
  endfacet
  facet normal -0 0 -1
    outer loop
      vertex 7.36863 70.3686 0
      vertex 0 67 0
      vertex 7.23063 70.526 0
    endloop
  endfacet
  facet normal 0 0 -1
    outer loop
      vertex 0 67 0
      vertex 7.36863 70.3686 0
      vertex 4 63 0
    endloop
  endfacet
  facet normal -0 0 -1
    outer loop
      vertex 7.52598 70.2306 0
      vertex 4 63 0
      vertex 7.36863 70.3686 0
    endloop
  endfacet
  facet normal -0 0 -1
    outer loop
      vertex 7.7 70.1144 0
      vertex 4 63 0
      vertex 7.52598 70.2306 0
    endloop
  endfacet
  facet normal -0 0 -1
    outer loop
      vertex 7.88771 70.0218 0
      vertex 4 63 0
      vertex 7.7 70.1144 0
    endloop
  endfacet
  facet normal -0 0 -1
    outer loop
      vertex 8.08589 69.9545 0
      vertex 4 63 0
      vertex 7.88771 70.0218 0
    endloop
  endfacet
  facet normal -0 0 -1
    outer loop
      vertex 8.29116 69.9137 0
      vertex 4 63 0
      vertex 8.08589 69.9545 0
    endloop
  endfacet
  facet normal -0 0 -1
    outer loop
      vertex 8.5 69.9 0
      vertex 4 63 0
      vertex 8.29116 69.9137 0
    endloop
  endfacet
  facet normal 0 0 -1
    outer loop
      vertex 56.7041 109 0
      vertex 53.24 111 0
      vertex 56.4134 109.435 0
    endloop
  endfacet
  facet normal 0 0 -1
    outer loop
      vertex 56.4134 109.435 0
      vertex 53.24 111 0
      vertex 56.0684 109.828 0
    endloop
  endfacet
  facet normal 0 0 -1
    outer loop
      vertex 56.0684 109.828 0
      vertex 53.24 111 0
      vertex 55.675 110.173 0
    endloop
  endfacet
  facet normal 0 0 -1
    outer loop
      vertex 55.675 110.173 0
      vertex 53.24 111 0
      vertex 55.24 110.464 0
    endloop
  endfacet
  facet normal 0 0 -1
    outer loop
      vertex 55.24 110.464 0
      vertex 53.24 111 0
      vertex 54.7707 110.696 0
    endloop
  endfacet
  facet normal 0 0 -1
    outer loop
      vertex 54.7707 110.696 0
      vertex 53.24 111 0
      vertex 54.2753 110.864 0
    endloop
  endfacet
  facet normal 0 0 -1
    outer loop
      vertex 54.2753 110.864 0
      vertex 53.24 111 0
      vertex 53.7621 110.966 0
    endloop
  endfacet
  facet normal 0 0 -1
    outer loop
      vertex 49.714 103.769 0
      vertex 53.24 111 0
      vertex 49.8714 103.631 0
    endloop
  endfacet
  facet normal 0 0 -1
    outer loop
      vertex 49.54 103.886 0
      vertex 53.24 111 0
      vertex 49.714 103.769 0
    endloop
  endfacet
  facet normal 0 0 -1
    outer loop
      vertex 49.3523 103.978 0
      vertex 53.24 111 0
      vertex 49.54 103.886 0
    endloop
  endfacet
  facet normal 0 0 -1
    outer loop
      vertex 49.1541 104.045 0
      vertex 53.24 111 0
      vertex 49.3523 103.978 0
    endloop
  endfacet
  facet normal 0 0 -1
    outer loop
      vertex 48.9488 104.086 0
      vertex 53.24 111 0
      vertex 49.1541 104.045 0
    endloop
  endfacet
  facet normal 0 0 -1
    outer loop
      vertex 48.74 104.1 0
      vertex 53.24 111 0
      vertex 48.9488 104.086 0
    endloop
  endfacet
  facet normal 0 0 -1
    outer loop
      vertex 48.5312 104.086 0
      vertex 53.24 111 0
      vertex 48.74 104.1 0
    endloop
  endfacet
  facet normal 0 0 -1
    outer loop
      vertex 48.3259 104.045 0
      vertex 53.24 111 0
      vertex 48.5312 104.086 0
    endloop
  endfacet
  facet normal 0 0 -1
    outer loop
      vertex 48.1277 103.978 0
      vertex 53.24 111 0
      vertex 48.3259 104.045 0
    endloop
  endfacet
  facet normal 0 0 -1
    outer loop
      vertex 47.94 103.886 0
      vertex 53.24 111 0
      vertex 48.1277 103.978 0
    endloop
  endfacet
  facet normal 0 0 -1
    outer loop
      vertex 47.766 103.769 0
      vertex 53.24 111 0
      vertex 47.94 103.886 0
    endloop
  endfacet
  facet normal 0 0 -1
    outer loop
      vertex 47.6086 103.631 0
      vertex 53.24 111 0
      vertex 47.766 103.769 0
    endloop
  endfacet
  facet normal 0 0 -1
    outer loop
      vertex 9.63137 103.631 0
      vertex 47.6086 103.631 0
      vertex 47.4706 103.474 0
    endloop
  endfacet
  facet normal 0 0 -1
    outer loop
      vertex 47.1537 102.291 0
      vertex 10.1 102.5 0
      vertex 47.14 102.5 0
    endloop
  endfacet
  facet normal 0 0 -1
    outer loop
      vertex 47.14 102.5 0
      vertex 10.1 102.5 0
      vertex 47.1537 102.709 0
    endloop
  endfacet
  facet normal 0 0 -1
    outer loop
      vertex 10.0863 102.709 0
      vertex 47.1537 102.709 0
      vertex 10.1 102.5 0
    endloop
  endfacet
  facet normal 0 0 -1
    outer loop
      vertex 47.1537 102.709 0
      vertex 10.0863 102.709 0
      vertex 47.1945 102.914 0
    endloop
  endfacet
  facet normal 0 0 -1
    outer loop
      vertex 10.0455 102.914 0
      vertex 47.1945 102.914 0
      vertex 10.0863 102.709 0
    endloop
  endfacet
  facet normal 0 0 -1
    outer loop
      vertex 47.1945 102.914 0
      vertex 10.0455 102.914 0
      vertex 47.2618 103.112 0
    endloop
  endfacet
  facet normal 0 0 -1
    outer loop
      vertex 9.97821 103.112 0
      vertex 47.2618 103.112 0
      vertex 10.0455 102.914 0
    endloop
  endfacet
  facet normal 0 0 -1
    outer loop
      vertex 47.2618 103.112 0
      vertex 9.97821 103.112 0
      vertex 47.3544 103.3 0
    endloop
  endfacet
  facet normal 0 0 -1
    outer loop
      vertex 9.88564 103.3 0
      vertex 47.3544 103.3 0
      vertex 9.97821 103.112 0
    endloop
  endfacet
  facet normal 0 0 -1
    outer loop
      vertex 47.3544 103.3 0
      vertex 9.88564 103.3 0
      vertex 47.4706 103.474 0
    endloop
  endfacet
  facet normal 0 0 -1
    outer loop
      vertex 9.76937 103.474 0
      vertex 47.4706 103.474 0
      vertex 9.88564 103.3 0
    endloop
  endfacet
  facet normal 0 0 -1
    outer loop
      vertex 9.63137 103.631 0
      vertex 47.4706 103.474 0
      vertex 9.76937 103.474 0
    endloop
  endfacet
  facet normal 0 0 -1
    outer loop
      vertex 47.6086 103.631 0
      vertex 9.63137 103.631 0
      vertex 53.24 111 0
    endloop
  endfacet
  facet normal 0 0 -1
    outer loop
      vertex 4 111 0
      vertex 9.63137 103.631 0
      vertex 9.47402 103.769 0
    endloop
  endfacet
  facet normal 0 0 -1
    outer loop
      vertex 4 111 0
      vertex 9.47402 103.769 0
      vertex 9.3 103.886 0
    endloop
  endfacet
  facet normal 0 0 -1
    outer loop
      vertex 4 111 0
      vertex 9.3 103.886 0
      vertex 9.11229 103.978 0
    endloop
  endfacet
  facet normal 0 0 -1
    outer loop
      vertex 4 111 0
      vertex 9.11229 103.978 0
      vertex 8.91411 104.045 0
    endloop
  endfacet
  facet normal 0 0 -1
    outer loop
      vertex 4 111 0
      vertex 8.91411 104.045 0
      vertex 8.70884 104.086 0
    endloop
  endfacet
  facet normal 0 0 -1
    outer loop
      vertex 4 111 0
      vertex 8.70884 104.086 0
      vertex 8.5 104.1 0
    endloop
  endfacet
  facet normal 0 0 -1
    outer loop
      vertex 4 111 0
      vertex 8.5 104.1 0
      vertex 8.29116 104.086 0
    endloop
  endfacet
  facet normal 0 0 -1
    outer loop
      vertex 6.95452 102.086 0
      vertex 0 107 0
      vertex 6.91369 102.291 0
    endloop
  endfacet
  facet normal 0 0 -1
    outer loop
      vertex 9.63137 103.631 0
      vertex 4 111 0
      vertex 53.24 111 0
    endloop
  endfacet
  facet normal 0 0 -1
    outer loop
      vertex 8.08589 104.045 0
      vertex 4 111 0
      vertex 8.29116 104.086 0
    endloop
  endfacet
  facet normal 0 0 -1
    outer loop
      vertex 7.88771 103.978 0
      vertex 4 111 0
      vertex 8.08589 104.045 0
    endloop
  endfacet
  facet normal 0 0 -1
    outer loop
      vertex 7.7 103.886 0
      vertex 4 111 0
      vertex 7.88771 103.978 0
    endloop
  endfacet
  facet normal 0 0 -1
    outer loop
      vertex 7.52598 103.769 0
      vertex 4 111 0
      vertex 7.7 103.886 0
    endloop
  endfacet
  facet normal 0 0 -1
    outer loop
      vertex 7.36863 103.631 0
      vertex 4 111 0
      vertex 7.52598 103.769 0
    endloop
  endfacet
  facet normal 0 0 -1
    outer loop
      vertex 0 107 0
      vertex 7.36863 103.631 0
      vertex 7.23063 103.474 0
    endloop
  endfacet
  facet normal 0 0 -1
    outer loop
      vertex 0 107 0
      vertex 7.23063 103.474 0
      vertex 7.11436 103.3 0
    endloop
  endfacet
  facet normal 0 0 -1
    outer loop
      vertex 0 107 0
      vertex 7.11436 103.3 0
      vertex 7.02179 103.112 0
    endloop
  endfacet
  facet normal 0 0 -1
    outer loop
      vertex 0 107 0
      vertex 7.02179 103.112 0
      vertex 6.95452 102.914 0
    endloop
  endfacet
  facet normal 0 0 -1
    outer loop
      vertex 0 107 0
      vertex 6.95452 102.914 0
      vertex 6.91369 102.709 0
    endloop
  endfacet
  facet normal 0 0 -1
    outer loop
      vertex 6.91369 102.291 0
      vertex 0 107 0
      vertex 6.9 102.5 0
    endloop
  endfacet
  facet normal 0 0 -1
    outer loop
      vertex 0 67 0
      vertex 4 63 0
      vertex 3.47789 63.0342 0
    endloop
  endfacet
  facet normal 0 0 -1
    outer loop
      vertex 6.9 102.5 0
      vertex 0 107 0
      vertex 6.91369 102.709 0
    endloop
  endfacet
  facet normal 0 0 -1
    outer loop
      vertex 0 67 0
      vertex 3.47789 63.0342 0
      vertex 2.96472 63.1363 0
    endloop
  endfacet
  facet normal 0 0 -1
    outer loop
      vertex 7.36863 103.631 0
      vertex 0 107 0
      vertex 4 111 0
    endloop
  endfacet
  facet normal 0 0 -1
    outer loop
      vertex 0 67 0
      vertex 2.96472 63.1363 0
      vertex 2.46927 63.3045 0
    endloop
  endfacet
  facet normal 0 0 -1
    outer loop
      vertex 4 111 0
      vertex 0 107 0
      vertex 3.47789 110.966 0
    endloop
  endfacet
  facet normal 0 0 -1
    outer loop
      vertex 0 67 0
      vertex 2.46927 63.3045 0
      vertex 2 63.5359 0
    endloop
  endfacet
  facet normal 0 0 -1
    outer loop
      vertex 3.47789 110.966 0
      vertex 0 107 0
      vertex 2.96472 110.864 0
    endloop
  endfacet
  facet normal 0 0 -1
    outer loop
      vertex 0 67 0
      vertex 2 63.5359 0
      vertex 1.56495 63.8266 0
    endloop
  endfacet
  facet normal 0 0 -1
    outer loop
      vertex 2.96472 110.864 0
      vertex 0 107 0
      vertex 2.46927 110.696 0
    endloop
  endfacet
  facet normal 0 0 -1
    outer loop
      vertex 0 67 0
      vertex 1.56495 63.8266 0
      vertex 1.17157 64.1716 0
    endloop
  endfacet
  facet normal 0 0 -1
    outer loop
      vertex 2.46927 110.696 0
      vertex 0 107 0
      vertex 2 110.464 0
    endloop
  endfacet
  facet normal 0 0 -1
    outer loop
      vertex 0 67 0
      vertex 1.17157 64.1716 0
      vertex 0.826586 64.565 0
    endloop
  endfacet
  facet normal 0 0 -1
    outer loop
      vertex 2 110.464 0
      vertex 0 107 0
      vertex 1.56495 110.173 0
    endloop
  endfacet
  facet normal 0 0 -1
    outer loop
      vertex 0 67 0
      vertex 0.826586 64.565 0
      vertex 0.535898 65 0
    endloop
  endfacet
  facet normal 0 0 -1
    outer loop
      vertex 1.56495 110.173 0
      vertex 0 107 0
      vertex 1.17157 109.828 0
    endloop
  endfacet
  facet normal 0 0 -1
    outer loop
      vertex 0 67 0
      vertex 0.535898 65 0
      vertex 0.304482 65.4693 0
    endloop
  endfacet
  facet normal 0 0 -1
    outer loop
      vertex 1.17157 109.828 0
      vertex 0 107 0
      vertex 0.826586 109.435 0
    endloop
  endfacet
  facet normal 0 0 -1
    outer loop
      vertex 0 67 0
      vertex 0.304482 65.4693 0
      vertex 0.136296 65.9647 0
    endloop
  endfacet
  facet normal 0 0 -1
    outer loop
      vertex 0.826586 109.435 0
      vertex 0 107 0
      vertex 0.535898 109 0
    endloop
  endfacet
  facet normal 0 0 -1
    outer loop
      vertex 0 67 0
      vertex 0.136296 65.9647 0
      vertex 0.0342197 66.4779 0
    endloop
  endfacet
  facet normal 0 0 -1
    outer loop
      vertex 0.535898 109 0
      vertex 0 107 0
      vertex 0.304482 108.531 0
    endloop
  endfacet
  facet normal 0 0 -1
    outer loop
      vertex 0.304482 108.531 0
      vertex 0 107 0
      vertex 0.136296 108.035 0
    endloop
  endfacet
  facet normal 0 0 -1
    outer loop
      vertex 0.136296 108.035 0
      vertex 0 107 0
      vertex 0.0342197 107.522 0
    endloop
  endfacet
  facet normal 0 0 1
    outer loop
      vertex 54.24 107 3
      vertex 57.24 107 3
      vertex 57.2058 107.522 3
    endloop
  endfacet
  facet normal 0 0 1
    outer loop
      vertex 57.24 107 3
      vertex 54.24 107 3
      vertex 57.24 67 3
    endloop
  endfacet
  facet normal 0 0 1
    outer loop
      vertex 54.2314 107.131 3
      vertex 57.2058 107.522 3
      vertex 57.1037 108.035 3
    endloop
  endfacet
  facet normal 0 0 1
    outer loop
      vertex 54.24 67 3
      vertex 57.24 67 3
      vertex 54.24 107 3
    endloop
  endfacet
  facet normal 0 0 1
    outer loop
      vertex 54.2059 107.259 3
      vertex 57.1037 108.035 3
      vertex 56.9355 108.531 3
    endloop
  endfacet
  facet normal 0 0 1
    outer loop
      vertex 57.24 67 3
      vertex 54.24 67 3
      vertex 57.2058 66.4779 3
    endloop
  endfacet
  facet normal 0 0 1
    outer loop
      vertex 54.1639 107.383 3
      vertex 56.9355 108.531 3
      vertex 56.7041 109 3
    endloop
  endfacet
  facet normal -0 0 1
    outer loop
      vertex 54.2314 66.8695 3
      vertex 57.2058 66.4779 3
      vertex 54.24 67 3
    endloop
  endfacet
  facet normal 0 0 1
    outer loop
      vertex 54.106 107.5 3
      vertex 56.7041 109 3
      vertex 56.4134 109.435 3
    endloop
  endfacet
  facet normal 0 0 1
    outer loop
      vertex 57.2058 66.4779 3
      vertex 54.2314 66.8695 3
      vertex 57.1037 65.9647 3
    endloop
  endfacet
  facet normal 0 0 1
    outer loop
      vertex 54.0334 107.609 3
      vertex 56.4134 109.435 3
      vertex 56.0684 109.828 3
    endloop
  endfacet
  facet normal -0 0 1
    outer loop
      vertex 54.2059 66.7412 3
      vertex 57.1037 65.9647 3
      vertex 54.2314 66.8695 3
    endloop
  endfacet
  facet normal 0 0 1
    outer loop
      vertex 53.9471 107.707 3
      vertex 56.0684 109.828 3
      vertex 55.675 110.173 3
    endloop
  endfacet
  facet normal 0 0 1
    outer loop
      vertex 57.1037 65.9647 3
      vertex 54.2059 66.7412 3
      vertex 56.9355 65.4693 3
    endloop
  endfacet
  facet normal 0 0 1
    outer loop
      vertex 53.8488 107.793 3
      vertex 55.675 110.173 3
      vertex 55.24 110.464 3
    endloop
  endfacet
  facet normal -0 0 1
    outer loop
      vertex 54.1639 66.6173 3
      vertex 56.9355 65.4693 3
      vertex 54.2059 66.7412 3
    endloop
  endfacet
  facet normal 0 0 1
    outer loop
      vertex 53.74 107.866 3
      vertex 55.24 110.464 3
      vertex 54.7707 110.696 3
    endloop
  endfacet
  facet normal 0 0 1
    outer loop
      vertex 56.9355 65.4693 3
      vertex 54.1639 66.6173 3
      vertex 56.7041 65 3
    endloop
  endfacet
  facet normal 0 0 1
    outer loop
      vertex 53.6227 107.924 3
      vertex 54.7707 110.696 3
      vertex 54.2753 110.864 3
    endloop
  endfacet
  facet normal -0 0 1
    outer loop
      vertex 54.106 66.5 3
      vertex 56.7041 65 3
      vertex 54.1639 66.6173 3
    endloop
  endfacet
  facet normal 0 0 1
    outer loop
      vertex 56.7041 65 3
      vertex 54.106 66.5 3
      vertex 56.4134 64.565 3
    endloop
  endfacet
  facet normal 0 0 1
    outer loop
      vertex 57.2058 107.522 3
      vertex 54.2314 107.131 3
      vertex 54.24 107 3
    endloop
  endfacet
  facet normal 0 0 1
    outer loop
      vertex 57.1037 108.035 3
      vertex 54.2059 107.259 3
      vertex 54.2314 107.131 3
    endloop
  endfacet
  facet normal 0 0 1
    outer loop
      vertex 56.9355 108.531 3
      vertex 54.1639 107.383 3
      vertex 54.2059 107.259 3
    endloop
  endfacet
  facet normal 0 0 1
    outer loop
      vertex 56.7041 109 3
      vertex 54.106 107.5 3
      vertex 54.1639 107.383 3
    endloop
  endfacet
  facet normal 0 0 1
    outer loop
      vertex 56.4134 109.435 3
      vertex 54.0334 107.609 3
      vertex 54.106 107.5 3
    endloop
  endfacet
  facet normal 0 0 1
    outer loop
      vertex 56.0684 109.828 3
      vertex 53.9471 107.707 3
      vertex 54.0334 107.609 3
    endloop
  endfacet
  facet normal 0 0 1
    outer loop
      vertex 55.675 110.173 3
      vertex 53.8488 107.793 3
      vertex 53.9471 107.707 3
    endloop
  endfacet
  facet normal 0 0 1
    outer loop
      vertex 53.4988 107.966 3
      vertex 54.2753 110.864 3
      vertex 53.7621 110.966 3
    endloop
  endfacet
  facet normal 0 0 1
    outer loop
      vertex 55.24 110.464 3
      vertex 53.74 107.866 3
      vertex 53.8488 107.793 3
    endloop
  endfacet
  facet normal 0 0 1
    outer loop
      vertex 54.7707 110.696 3
      vertex 53.6227 107.924 3
      vertex 53.74 107.866 3
    endloop
  endfacet
  facet normal 0 0 1
    outer loop
      vertex 54.2753 110.864 3
      vertex 53.4988 107.966 3
      vertex 53.6227 107.924 3
    endloop
  endfacet
  facet normal 0 0 1
    outer loop
      vertex 53.7621 110.966 3
      vertex 53.3705 107.991 3
      vertex 53.4988 107.966 3
    endloop
  endfacet
  facet normal 0 0 1
    outer loop
      vertex 53.24 111 3
      vertex 53.3705 107.991 3
      vertex 53.7621 110.966 3
    endloop
  endfacet
  facet normal 0 0 1
    outer loop
      vertex 53.24 111 3
      vertex 53.24 108 3
      vertex 53.3705 107.991 3
    endloop
  endfacet
  facet normal -0 0 1
    outer loop
      vertex 4 111 3
      vertex 53.24 108 3
      vertex 53.24 111 3
    endloop
  endfacet
  facet normal 0 0 1
    outer loop
      vertex 4 111 3
      vertex 4 108 3
      vertex 53.24 108 3
    endloop
  endfacet
  facet normal 0 0 1
    outer loop
      vertex 4 111 3
      vertex 3.86947 107.991 3
      vertex 4 108 3
    endloop
  endfacet
  facet normal -0 0 1
    outer loop
      vertex 3.47789 110.966 3
      vertex 3.86947 107.991 3
      vertex 4 111 3
    endloop
  endfacet
  facet normal 0 0 1
    outer loop
      vertex 3.86947 107.991 3
      vertex 3.47789 110.966 3
      vertex 3.74118 107.966 3
    endloop
  endfacet
  facet normal -0 0 1
    outer loop
      vertex 2.96472 110.864 3
      vertex 3.74118 107.966 3
      vertex 3.47789 110.966 3
    endloop
  endfacet
  facet normal 0 0 1
    outer loop
      vertex 3.74118 107.966 3
      vertex 2.96472 110.864 3
      vertex 3.61732 107.924 3
    endloop
  endfacet
  facet normal -0 0 1
    outer loop
      vertex 2.46927 110.696 3
      vertex 3.61732 107.924 3
      vertex 2.96472 110.864 3
    endloop
  endfacet
  facet normal 0 0 1
    outer loop
      vertex 3.61732 107.924 3
      vertex 2.46927 110.696 3
      vertex 3.5 107.866 3
    endloop
  endfacet
  facet normal -0 0 1
    outer loop
      vertex 2 110.464 3
      vertex 3.5 107.866 3
      vertex 2.46927 110.696 3
    endloop
  endfacet
  facet normal 0 0 1
    outer loop
      vertex 3.5 107.866 3
      vertex 2 110.464 3
      vertex 3.39124 107.793 3
    endloop
  endfacet
  facet normal -0 0 1
    outer loop
      vertex 1.56495 110.173 3
      vertex 3.39124 107.793 3
      vertex 2 110.464 3
    endloop
  endfacet
  facet normal 0 0 1
    outer loop
      vertex 3.39124 107.793 3
      vertex 1.56495 110.173 3
      vertex 3.29289 107.707 3
    endloop
  endfacet
  facet normal -0 0 1
    outer loop
      vertex 1.17157 109.828 3
      vertex 3.29289 107.707 3
      vertex 1.56495 110.173 3
    endloop
  endfacet
  facet normal 0 0 1
    outer loop
      vertex 3.20665 107.609 3
      vertex 0.826586 109.435 3
      vertex 3.13397 107.5 3
    endloop
  endfacet
  facet normal -0 0 1
    outer loop
      vertex 0.826586 109.435 3
      vertex 3.20665 107.609 3
      vertex 1.17157 109.828 3
    endloop
  endfacet
  facet normal 0 0 1
    outer loop
      vertex 3.29289 107.707 3
      vertex 1.17157 109.828 3
      vertex 3.20665 107.609 3
    endloop
  endfacet
  facet normal -0 0 1
    outer loop
      vertex 54.0334 66.3912 3
      vertex 56.4134 64.565 3
      vertex 54.106 66.5 3
    endloop
  endfacet
  facet normal 0 0 1
    outer loop
      vertex 56.4134 64.565 3
      vertex 54.0334 66.3912 3
      vertex 56.0684 64.1716 3
    endloop
  endfacet
  facet normal -0 0 1
    outer loop
      vertex 53.9471 66.2929 3
      vertex 56.0684 64.1716 3
      vertex 54.0334 66.3912 3
    endloop
  endfacet
  facet normal 0 0 1
    outer loop
      vertex 56.0684 64.1716 3
      vertex 53.9471 66.2929 3
      vertex 55.675 63.8266 3
    endloop
  endfacet
  facet normal -0 0 1
    outer loop
      vertex 53.8488 66.2066 3
      vertex 55.675 63.8266 3
      vertex 53.9471 66.2929 3
    endloop
  endfacet
  facet normal 0 0 1
    outer loop
      vertex 55.675 63.8266 3
      vertex 53.8488 66.2066 3
      vertex 55.24 63.5359 3
    endloop
  endfacet
  facet normal -0 0 1
    outer loop
      vertex 53.74 66.134 3
      vertex 55.24 63.5359 3
      vertex 53.8488 66.2066 3
    endloop
  endfacet
  facet normal 0 0 1
    outer loop
      vertex 55.24 63.5359 3
      vertex 53.74 66.134 3
      vertex 54.7707 63.3045 3
    endloop
  endfacet
  facet normal -0 0 1
    outer loop
      vertex 53.6227 66.0761 3
      vertex 54.7707 63.3045 3
      vertex 53.74 66.134 3
    endloop
  endfacet
  facet normal 0 0 1
    outer loop
      vertex 54.7707 63.3045 3
      vertex 53.6227 66.0761 3
      vertex 54.2753 63.1363 3
    endloop
  endfacet
  facet normal -0 0 1
    outer loop
      vertex 53.4988 66.0341 3
      vertex 54.2753 63.1363 3
      vertex 53.6227 66.0761 3
    endloop
  endfacet
  facet normal 0 0 1
    outer loop
      vertex 54.2753 63.1363 3
      vertex 53.4988 66.0341 3
      vertex 53.7621 63.0342 3
    endloop
  endfacet
  facet normal -0 0 1
    outer loop
      vertex 53.3705 66.0086 3
      vertex 53.7621 63.0342 3
      vertex 53.4988 66.0341 3
    endloop
  endfacet
  facet normal -0 0 1
    outer loop
      vertex 53.24 66 3
      vertex 53.7621 63.0342 3
      vertex 53.3705 66.0086 3
    endloop
  endfacet
  facet normal 0 0 1
    outer loop
      vertex 53.24 66 3
      vertex 53.24 63 3
      vertex 53.7621 63.0342 3
    endloop
  endfacet
  facet normal -0 0 1
    outer loop
      vertex 4 66 3
      vertex 53.24 63 3
      vertex 53.24 66 3
    endloop
  endfacet
  facet normal 0 0 1
    outer loop
      vertex 4 66 3
      vertex 4 63 3
      vertex 53.24 63 3
    endloop
  endfacet
  facet normal 0 0 1
    outer loop
      vertex 3.86947 66.0086 3
      vertex 4 63 3
      vertex 4 66 3
    endloop
  endfacet
  facet normal 0 0 1
    outer loop
      vertex 3.47789 63.0342 3
      vertex 3.86947 66.0086 3
      vertex 3.74118 66.0341 3
    endloop
  endfacet
  facet normal 0 0 1
    outer loop
      vertex 2.96472 63.1363 3
      vertex 3.74118 66.0341 3
      vertex 3.61732 66.0761 3
    endloop
  endfacet
  facet normal 0 0 1
    outer loop
      vertex 2.46927 63.3045 3
      vertex 3.61732 66.0761 3
      vertex 3.5 66.134 3
    endloop
  endfacet
  facet normal 0 0 1
    outer loop
      vertex 3.86947 66.0086 3
      vertex 3.47789 63.0342 3
      vertex 4 63 3
    endloop
  endfacet
  facet normal 0 0 1
    outer loop
      vertex 2 63.5359 3
      vertex 3.5 66.134 3
      vertex 3.39124 66.2066 3
    endloop
  endfacet
  facet normal 0 0 1
    outer loop
      vertex 1.56495 63.8266 3
      vertex 3.39124 66.2066 3
      vertex 3.29289 66.2929 3
    endloop
  endfacet
  facet normal 0 0 1
    outer loop
      vertex 1.17157 64.1716 3
      vertex 3.29289 66.2929 3
      vertex 3.20665 66.3912 3
    endloop
  endfacet
  facet normal 0 0 1
    outer loop
      vertex 0.826586 64.565 3
      vertex 3.20665 66.3912 3
      vertex 3.13397 66.5 3
    endloop
  endfacet
  facet normal 0 0 1
    outer loop
      vertex 0.535898 65 3
      vertex 3.13397 66.5 3
      vertex 3.07612 66.6173 3
    endloop
  endfacet
  facet normal 0 0 1
    outer loop
      vertex 0.304482 65.4693 3
      vertex 3.07612 66.6173 3
      vertex 3.03407 66.7412 3
    endloop
  endfacet
  facet normal 0 0 1
    outer loop
      vertex 0.136296 65.9647 3
      vertex 3.03407 66.7412 3
      vertex 3.00855 66.8695 3
    endloop
  endfacet
  facet normal 0 0 1
    outer loop
      vertex 3.74118 66.0341 3
      vertex 2.96472 63.1363 3
      vertex 3.47789 63.0342 3
    endloop
  endfacet
  facet normal 0 0 1
    outer loop
      vertex 0.0342197 66.4779 3
      vertex 3.00855 66.8695 3
      vertex 3 67 3
    endloop
  endfacet
  facet normal 0 0 1
    outer loop
      vertex 3 107 3
      vertex 0 107 3
      vertex 3 67 3
    endloop
  endfacet
  facet normal -0 0 1
    outer loop
      vertex 0.535898 109 3
      vertex 3.13397 107.5 3
      vertex 0.826586 109.435 3
    endloop
  endfacet
  facet normal 0 0 1
    outer loop
      vertex 0 67 3
      vertex 3 67 3
      vertex 0 107 3
    endloop
  endfacet
  facet normal 0 0 1
    outer loop
      vertex 3.13397 107.5 3
      vertex 0.535898 109 3
      vertex 3.07612 107.383 3
    endloop
  endfacet
  facet normal 0 -0 1
    outer loop
      vertex 0.0342197 66.4779 3
      vertex 3 67 3
      vertex 0 67 3
    endloop
  endfacet
  facet normal -0 0 1
    outer loop
      vertex 0.304482 108.531 3
      vertex 3.07612 107.383 3
      vertex 0.535898 109 3
    endloop
  endfacet
  facet normal 0 0 1
    outer loop
      vertex 3.61732 66.0761 3
      vertex 2.46927 63.3045 3
      vertex 2.96472 63.1363 3
    endloop
  endfacet
  facet normal 0 0 1
    outer loop
      vertex 3.07612 107.383 3
      vertex 0.304482 108.531 3
      vertex 3.03407 107.259 3
    endloop
  endfacet
  facet normal 0 0 1
    outer loop
      vertex 3.5 66.134 3
      vertex 2 63.5359 3
      vertex 2.46927 63.3045 3
    endloop
  endfacet
  facet normal -0 0 1
    outer loop
      vertex 0.136296 108.035 3
      vertex 3.03407 107.259 3
      vertex 0.304482 108.531 3
    endloop
  endfacet
  facet normal 0 0 1
    outer loop
      vertex 3.39124 66.2066 3
      vertex 1.56495 63.8266 3
      vertex 2 63.5359 3
    endloop
  endfacet
  facet normal 0 0 1
    outer loop
      vertex 3.03407 107.259 3
      vertex 0.136296 108.035 3
      vertex 3.00855 107.131 3
    endloop
  endfacet
  facet normal 0 0 1
    outer loop
      vertex 3.29289 66.2929 3
      vertex 1.17157 64.1716 3
      vertex 1.56495 63.8266 3
    endloop
  endfacet
  facet normal -0 0 1
    outer loop
      vertex 0.0342197 107.522 3
      vertex 3.00855 107.131 3
      vertex 0.136296 108.035 3
    endloop
  endfacet
  facet normal 0 0 1
    outer loop
      vertex 3.20665 66.3912 3
      vertex 0.826586 64.565 3
      vertex 1.17157 64.1716 3
    endloop
  endfacet
  facet normal 0 0 1
    outer loop
      vertex 3.00855 107.131 3
      vertex 0.0342197 107.522 3
      vertex 3 107 3
    endloop
  endfacet
  facet normal 0 0 1
    outer loop
      vertex 3.13397 66.5 3
      vertex 0.535898 65 3
      vertex 0.826586 64.565 3
    endloop
  endfacet
  facet normal 0 0 1
    outer loop
      vertex 3 107 3
      vertex 0.0342197 107.522 3
      vertex 0 107 3
    endloop
  endfacet
  facet normal 0 0 1
    outer loop
      vertex 3.07612 66.6173 3
      vertex 0.304482 65.4693 3
      vertex 0.535898 65 3
    endloop
  endfacet
  facet normal 0 0 1
    outer loop
      vertex 3.03407 66.7412 3
      vertex 0.136296 65.9647 3
      vertex 0.304482 65.4693 3
    endloop
  endfacet
  facet normal 0 0 1
    outer loop
      vertex 3.00855 66.8695 3
      vertex 0.0342197 66.4779 3
      vertex 0.136296 65.9647 3
    endloop
  endfacet
  facet normal 0 0 1
    outer loop
      vertex 51.1542 104.914 3
      vertex 51.94 105.2 3
      vertex 51.9357 105.265 3
    endloop
  endfacet
  facet normal 0 0 1
    outer loop
      vertex 51.94 105.2 3
      vertex 51.74 103.5 3
      vertex 51.94 68.8 3
    endloop
  endfacet
  facet normal 0 0 1
    outer loop
      vertex 51.1542 104.914 3
      vertex 51.9357 105.265 3
      vertex 51.923 105.329 3
    endloop
  endfacet
  facet normal -0 0 1
    outer loop
      vertex 51.74 70.5 3
      vertex 51.94 68.8 3
      vertex 51.74 103.5 3
    endloop
  endfacet
  facet normal 0 0 1
    outer loop
      vertex 51.1542 104.914 3
      vertex 51.923 105.329 3
      vertex 51.9019 105.391 3
    endloop
  endfacet
  facet normal -0 0 1
    outer loop
      vertex 51.7229 70.2389 3
      vertex 51.94 68.8 3
      vertex 51.74 70.5 3
    endloop
  endfacet
  facet normal 0 0 1
    outer loop
      vertex 51.1542 104.914 3
      vertex 51.9019 105.391 3
      vertex 51.873 105.45 3
    endloop
  endfacet
  facet normal -0 0 1
    outer loop
      vertex 51.6719 69.9824 3
      vertex 51.94 68.8 3
      vertex 51.7229 70.2389 3
    endloop
  endfacet
  facet normal 0 0 1
    outer loop
      vertex 51.1542 104.914 3
      vertex 51.873 105.45 3
      vertex 51.8367 105.504 3
    endloop
  endfacet
  facet normal -0 0 1
    outer loop
      vertex 51.5878 69.7346 3
      vertex 51.94 68.8 3
      vertex 51.6719 69.9824 3
    endloop
  endfacet
  facet normal 0 0 1
    outer loop
      vertex 51.1542 104.914 3
      vertex 51.8367 105.504 3
      vertex 51.7936 105.554 3
    endloop
  endfacet
  facet normal -0 0 1
    outer loop
      vertex 51.472 69.5 3
      vertex 51.94 68.8 3
      vertex 51.5878 69.7346 3
    endloop
  endfacet
  facet normal 0 0 1
    outer loop
      vertex 51.1542 104.914 3
      vertex 51.7936 105.554 3
      vertex 51.7444 105.597 3
    endloop
  endfacet
  facet normal -0 0 1
    outer loop
      vertex 51.3267 69.2825 3
      vertex 51.94 68.8 3
      vertex 51.472 69.5 3
    endloop
  endfacet
  facet normal -0 0 1
    outer loop
      vertex 51.1542 69.0858 3
      vertex 51.94 68.8 3
      vertex 51.3267 69.2825 3
    endloop
  endfacet
  facet normal 0 0 1
    outer loop
      vertex 51.94 105.2 3
      vertex 51.7229 103.761 3
      vertex 51.74 103.5 3
    endloop
  endfacet
  facet normal 0 0 1
    outer loop
      vertex 51.1542 104.914 3
      vertex 51.7444 105.597 3
      vertex 51.69 105.633 3
    endloop
  endfacet
  facet normal 0 0 1
    outer loop
      vertex 51.94 105.2 3
      vertex 51.6719 104.018 3
      vertex 51.7229 103.761 3
    endloop
  endfacet
  facet normal 0 0 1
    outer loop
      vertex 51.1542 104.914 3
      vertex 51.69 105.633 3
      vertex 51.6313 105.662 3
    endloop
  endfacet
  facet normal 0 0 1
    outer loop
      vertex 51.94 105.2 3
      vertex 51.5878 104.265 3
      vertex 51.6719 104.018 3
    endloop
  endfacet
  facet normal 0 0 1
    outer loop
      vertex 51.1542 104.914 3
      vertex 51.6313 105.662 3
      vertex 51.5694 105.683 3
    endloop
  endfacet
  facet normal 0 0 1
    outer loop
      vertex 51.1542 104.914 3
      vertex 51.5694 105.683 3
      vertex 51.5053 105.696 3
    endloop
  endfacet
  facet normal 0 0 1
    outer loop
      vertex 51.94 105.2 3
      vertex 51.472 104.5 3
      vertex 51.5878 104.265 3
    endloop
  endfacet
  facet normal 0 0 1
    outer loop
      vertex 51.1542 104.914 3
      vertex 51.5053 105.696 3
      vertex 51.44 105.7 3
    endloop
  endfacet
  facet normal 0 0 1
    outer loop
      vertex 51.94 105.2 3
      vertex 51.3267 104.718 3
      vertex 51.472 104.5 3
    endloop
  endfacet
  facet normal 0 0 1
    outer loop
      vertex 51.94 105.2 3
      vertex 51.1542 104.914 3
      vertex 51.3267 104.718 3
    endloop
  endfacet
  facet normal 0 0 1
    outer loop
      vertex 51.44 105.7 3
      vertex 50.9575 105.087 3
      vertex 51.1542 104.914 3
    endloop
  endfacet
  facet normal 0 0 1
    outer loop
      vertex 51.44 105.7 3
      vertex 50.74 105.232 3
      vertex 50.9575 105.087 3
    endloop
  endfacet
  facet normal 0 0 1
    outer loop
      vertex 51.44 105.7 3
      vertex 50.5054 105.348 3
      vertex 50.74 105.232 3
    endloop
  endfacet
  facet normal 0 0 1
    outer loop
      vertex 51.44 105.7 3
      vertex 50.2576 105.432 3
      vertex 50.5054 105.348 3
    endloop
  endfacet
  facet normal 0 0 1
    outer loop
      vertex 51.44 105.7 3
      vertex 50.0011 105.483 3
      vertex 50.2576 105.432 3
    endloop
  endfacet
  facet normal 0 0 1
    outer loop
      vertex 51.44 105.7 3
      vertex 49.74 105.5 3
      vertex 50.0011 105.483 3
    endloop
  endfacet
  facet normal 0 0 1
    outer loop
      vertex 51.44 105.7 3
      vertex 7.5 105.5 3
      vertex 49.74 105.5 3
    endloop
  endfacet
  facet normal -0 0 1
    outer loop
      vertex 5.8 105.7 3
      vertex 7.5 105.5 3
      vertex 51.44 105.7 3
    endloop
  endfacet
  facet normal 0 0 1
    outer loop
      vertex 5.8 105.7 3
      vertex 7.23895 105.483 3
      vertex 7.5 105.5 3
    endloop
  endfacet
  facet normal 0 0 1
    outer loop
      vertex 5.8 105.7 3
      vertex 6.98236 105.432 3
      vertex 7.23895 105.483 3
    endloop
  endfacet
  facet normal 0 0 1
    outer loop
      vertex 5.8 105.7 3
      vertex 6.73463 105.348 3
      vertex 6.98236 105.432 3
    endloop
  endfacet
  facet normal 0 0 1
    outer loop
      vertex 5.8 105.7 3
      vertex 6.5 105.232 3
      vertex 6.73463 105.348 3
    endloop
  endfacet
  facet normal 0 0 1
    outer loop
      vertex 5.8 105.7 3
      vertex 6.28248 105.087 3
      vertex 6.5 105.232 3
    endloop
  endfacet
  facet normal 0 0 1
    outer loop
      vertex 5.8 105.7 3
      vertex 6.08579 104.914 3
      vertex 6.28248 105.087 3
    endloop
  endfacet
  facet normal -0 0 1
    outer loop
      vertex 5.73474 105.696 3
      vertex 6.08579 104.914 3
      vertex 5.8 105.7 3
    endloop
  endfacet
  facet normal 0 0 1
    outer loop
      vertex 6.08579 104.914 3
      vertex 5.3 105.2 3
      vertex 5.91329 104.718 3
    endloop
  endfacet
  facet normal -0 0 1
    outer loop
      vertex 5.67059 105.683 3
      vertex 6.08579 104.914 3
      vertex 5.73474 105.696 3
    endloop
  endfacet
  facet normal -0 0 1
    outer loop
      vertex 5.60866 105.662 3
      vertex 6.08579 104.914 3
      vertex 5.67059 105.683 3
    endloop
  endfacet
  facet normal 0 0 1
    outer loop
      vertex 5.91329 104.718 3
      vertex 5.3 105.2 3
      vertex 5.76795 104.5 3
    endloop
  endfacet
  facet normal -0 0 1
    outer loop
      vertex 5.55 105.633 3
      vertex 6.08579 104.914 3
      vertex 5.60866 105.662 3
    endloop
  endfacet
  facet normal 0 0 1
    outer loop
      vertex 5.76795 104.5 3
      vertex 5.3 105.2 3
      vertex 5.65224 104.265 3
    endloop
  endfacet
  facet normal -0 0 1
    outer loop
      vertex 5.49562 105.597 3
      vertex 6.08579 104.914 3
      vertex 5.55 105.633 3
    endloop
  endfacet
  facet normal 0 0 1
    outer loop
      vertex 5.65224 104.265 3
      vertex 5.3 105.2 3
      vertex 5.56815 104.018 3
    endloop
  endfacet
  facet normal 0 0 1
    outer loop
      vertex 5.56815 104.018 3
      vertex 5.3 105.2 3
      vertex 5.51711 103.761 3
    endloop
  endfacet
  facet normal 0 0 1
    outer loop
      vertex 5.51711 103.761 3
      vertex 5.3 105.2 3
      vertex 5.5 103.5 3
    endloop
  endfacet
  facet normal -0 0 1
    outer loop
      vertex 5.44645 105.554 3
      vertex 6.08579 104.914 3
      vertex 5.49562 105.597 3
    endloop
  endfacet
  facet normal 0 0 1
    outer loop
      vertex 51.94 68.8 3
      vertex 51.1542 69.0858 3
      vertex 51.9357 68.7347 3
    endloop
  endfacet
  facet normal 0 0 1
    outer loop
      vertex 51.9357 68.7347 3
      vertex 51.1542 69.0858 3
      vertex 51.923 68.6706 3
    endloop
  endfacet
  facet normal 0 0 1
    outer loop
      vertex 51.923 68.6706 3
      vertex 51.1542 69.0858 3
      vertex 51.9019 68.6087 3
    endloop
  endfacet
  facet normal 0 0 1
    outer loop
      vertex 51.9019 68.6087 3
      vertex 51.1542 69.0858 3
      vertex 51.873 68.55 3
    endloop
  endfacet
  facet normal 0 0 1
    outer loop
      vertex 51.873 68.55 3
      vertex 51.1542 69.0858 3
      vertex 51.8367 68.4956 3
    endloop
  endfacet
  facet normal 0 0 1
    outer loop
      vertex 51.8367 68.4956 3
      vertex 51.1542 69.0858 3
      vertex 51.7936 68.4464 3
    endloop
  endfacet
  facet normal 0 0 1
    outer loop
      vertex 51.7936 68.4464 3
      vertex 51.1542 69.0858 3
      vertex 51.7444 68.4033 3
    endloop
  endfacet
  facet normal 0 0 1
    outer loop
      vertex 51.7444 68.4033 3
      vertex 51.1542 69.0858 3
      vertex 51.69 68.367 3
    endloop
  endfacet
  facet normal 0 0 1
    outer loop
      vertex 51.69 68.367 3
      vertex 51.1542 69.0858 3
      vertex 51.6313 68.3381 3
    endloop
  endfacet
  facet normal 0 0 1
    outer loop
      vertex 51.6313 68.3381 3
      vertex 51.1542 69.0858 3
      vertex 51.5694 68.317 3
    endloop
  endfacet
  facet normal 0 0 1
    outer loop
      vertex 51.5694 68.317 3
      vertex 51.1542 69.0858 3
      vertex 51.5053 68.3043 3
    endloop
  endfacet
  facet normal 0 0 1
    outer loop
      vertex 51.5053 68.3043 3
      vertex 51.1542 69.0858 3
      vertex 51.44 68.3 3
    endloop
  endfacet
  facet normal -0 0 1
    outer loop
      vertex 50.9575 68.9133 3
      vertex 51.44 68.3 3
      vertex 51.1542 69.0858 3
    endloop
  endfacet
  facet normal -0 0 1
    outer loop
      vertex 50.74 68.768 3
      vertex 51.44 68.3 3
      vertex 50.9575 68.9133 3
    endloop
  endfacet
  facet normal -0 0 1
    outer loop
      vertex 50.5054 68.6522 3
      vertex 51.44 68.3 3
      vertex 50.74 68.768 3
    endloop
  endfacet
  facet normal -0 0 1
    outer loop
      vertex 50.2576 68.5681 3
      vertex 51.44 68.3 3
      vertex 50.5054 68.6522 3
    endloop
  endfacet
  facet normal -0 0 1
    outer loop
      vertex 50.0011 68.5171 3
      vertex 51.44 68.3 3
      vertex 50.2576 68.5681 3
    endloop
  endfacet
  facet normal -0 0 1
    outer loop
      vertex 49.74 68.5 3
      vertex 51.44 68.3 3
      vertex 50.0011 68.5171 3
    endloop
  endfacet
  facet normal -0 0 1
    outer loop
      vertex 7.5 68.5 3
      vertex 51.44 68.3 3
      vertex 49.74 68.5 3
    endloop
  endfacet
  facet normal 0 0 1
    outer loop
      vertex 7.5 68.5 3
      vertex 5.8 68.3 3
      vertex 51.44 68.3 3
    endloop
  endfacet
  facet normal 0 0 1
    outer loop
      vertex 7.23895 68.5171 3
      vertex 5.8 68.3 3
      vertex 7.5 68.5 3
    endloop
  endfacet
  facet normal 0 0 1
    outer loop
      vertex 6.98236 68.5681 3
      vertex 5.8 68.3 3
      vertex 7.23895 68.5171 3
    endloop
  endfacet
  facet normal 0 0 1
    outer loop
      vertex 6.73463 68.6522 3
      vertex 5.8 68.3 3
      vertex 6.98236 68.5681 3
    endloop
  endfacet
  facet normal 0 0 1
    outer loop
      vertex 6.5 68.768 3
      vertex 5.8 68.3 3
      vertex 6.73463 68.6522 3
    endloop
  endfacet
  facet normal 0 0 1
    outer loop
      vertex 6.28248 68.9133 3
      vertex 5.8 68.3 3
      vertex 6.5 68.768 3
    endloop
  endfacet
  facet normal 0 0 1
    outer loop
      vertex 6.08579 69.0858 3
      vertex 5.8 68.3 3
      vertex 6.28248 68.9133 3
    endloop
  endfacet
  facet normal 0 0 1
    outer loop
      vertex 5.3 68.8 3
      vertex 6.08579 69.0858 3
      vertex 5.91329 69.2825 3
    endloop
  endfacet
  facet normal 0 0 1
    outer loop
      vertex 5.3 68.8 3
      vertex 5.91329 69.2825 3
      vertex 5.76795 69.5 3
    endloop
  endfacet
  facet normal 0 -0 1
    outer loop
      vertex 5.30428 68.7347 3
      vertex 6.08579 69.0858 3
      vertex 5.3 68.8 3
    endloop
  endfacet
  facet normal 0 0 1
    outer loop
      vertex 6.08579 69.0858 3
      vertex 5.73474 68.3043 3
      vertex 5.8 68.3 3
    endloop
  endfacet
  facet normal 0 0 1
    outer loop
      vertex 5.3 68.8 3
      vertex 5.76795 69.5 3
      vertex 5.65224 69.7346 3
    endloop
  endfacet
  facet normal 0 0 1
    outer loop
      vertex 6.08579 69.0858 3
      vertex 5.67059 68.317 3
      vertex 5.73474 68.3043 3
    endloop
  endfacet
  facet normal 0 0 1
    outer loop
      vertex 5.3 68.8 3
      vertex 5.65224 69.7346 3
      vertex 5.56815 69.9824 3
    endloop
  endfacet
  facet normal 0 0 1
    outer loop
      vertex 6.08579 69.0858 3
      vertex 5.60866 68.3381 3
      vertex 5.67059 68.317 3
    endloop
  endfacet
  facet normal 0 0 1
    outer loop
      vertex 5.3 68.8 3
      vertex 5.56815 69.9824 3
      vertex 5.51711 70.2389 3
    endloop
  endfacet
  facet normal 0 0 1
    outer loop
      vertex 5.3 68.8 3
      vertex 5.51711 70.2389 3
      vertex 5.5 70.5 3
    endloop
  endfacet
  facet normal 0 0 1
    outer loop
      vertex 6.08579 69.0858 3
      vertex 5.55 68.367 3
      vertex 5.60866 68.3381 3
    endloop
  endfacet
  facet normal 0 0 1
    outer loop
      vertex 5.5 103.5 3
      vertex 5.3 105.2 3
      vertex 5.5 70.5 3
    endloop
  endfacet
  facet normal -0 0 1
    outer loop
      vertex 5.40332 105.504 3
      vertex 6.08579 104.914 3
      vertex 5.44645 105.554 3
    endloop
  endfacet
  facet normal 0 0 1
    outer loop
      vertex 5.3 68.8 3
      vertex 5.5 70.5 3
      vertex 5.3 105.2 3
    endloop
  endfacet
  facet normal -0 0 1
    outer loop
      vertex 5.36699 105.45 3
      vertex 6.08579 104.914 3
      vertex 5.40332 105.504 3
    endloop
  endfacet
  facet normal 0 0 1
    outer loop
      vertex 6.08579 69.0858 3
      vertex 5.49562 68.4033 3
      vertex 5.55 68.367 3
    endloop
  endfacet
  facet normal -0 0 1
    outer loop
      vertex 5.33806 105.391 3
      vertex 6.08579 104.914 3
      vertex 5.36699 105.45 3
    endloop
  endfacet
  facet normal 0 0 1
    outer loop
      vertex 6.08579 69.0858 3
      vertex 5.44645 68.4464 3
      vertex 5.49562 68.4033 3
    endloop
  endfacet
  facet normal -0 0 1
    outer loop
      vertex 5.31704 105.329 3
      vertex 6.08579 104.914 3
      vertex 5.33806 105.391 3
    endloop
  endfacet
  facet normal 0 0 1
    outer loop
      vertex 6.08579 69.0858 3
      vertex 5.40332 68.4956 3
      vertex 5.44645 68.4464 3
    endloop
  endfacet
  facet normal -0 0 1
    outer loop
      vertex 5.30428 105.265 3
      vertex 6.08579 104.914 3
      vertex 5.31704 105.329 3
    endloop
  endfacet
  facet normal 0 0 1
    outer loop
      vertex 6.08579 69.0858 3
      vertex 5.36699 68.55 3
      vertex 5.40332 68.4956 3
    endloop
  endfacet
  facet normal 0 0 1
    outer loop
      vertex 6.08579 104.914 3
      vertex 5.30428 105.265 3
      vertex 5.3 105.2 3
    endloop
  endfacet
  facet normal 0 0 1
    outer loop
      vertex 6.08579 69.0858 3
      vertex 5.33806 68.6087 3
      vertex 5.36699 68.55 3
    endloop
  endfacet
  facet normal 0 0 1
    outer loop
      vertex 6.08579 69.0858 3
      vertex 5.31704 68.6706 3
      vertex 5.33806 68.6087 3
    endloop
  endfacet
  facet normal 0 0 1
    outer loop
      vertex 6.08579 69.0858 3
      vertex 5.30428 68.7347 3
      vertex 5.31704 68.6706 3
    endloop
  endfacet
  facet normal -0.321039 -0.947066 0
    outer loop
      vertex 50.2576 105.432 1.5
      vertex 50.5054 105.348 3
      vertex 50.2576 105.432 3
    endloop
  endfacet
  facet normal -0.321039 -0.947066 -0
    outer loop
      vertex 50.5054 105.348 3
      vertex 50.2576 105.432 1.5
      vertex 50.5054 105.348 1.5
    endloop
  endfacet
  facet normal -0.660421 -0.750895 0
    outer loop
      vertex 50.9575 105.087 1.5
      vertex 51.1542 104.914 3
      vertex 50.9575 105.087 3
    endloop
  endfacet
  facet normal -0.660421 -0.750895 -0
    outer loop
      vertex 51.1542 104.914 3
      vertex 50.9575 105.087 1.5
      vertex 51.1542 104.914 1.5
    endloop
  endfacet
  facet normal -0.0649716 -0.997887 0
    outer loop
      vertex 49.74 105.5 1.5
      vertex 50.0011 105.483 3
      vertex 49.74 105.5 3
    endloop
  endfacet
  facet normal -0.0649716 -0.997887 -0
    outer loop
      vertex 50.0011 105.483 3
      vertex 49.74 105.5 1.5
      vertex 50.0011 105.483 1.5
    endloop
  endfacet
  facet normal -0.659343 0.751842 0
    outer loop
      vertex 51.1542 69.0858 1.5
      vertex 50.9575 68.9133 3
      vertex 51.1542 69.0858 3
    endloop
  endfacet
  facet normal -0.659343 0.751842 0
    outer loop
      vertex 50.9575 68.9133 3
      vertex 51.1542 69.0858 1.5
      vertex 50.9575 68.9133 1.5
    endloop
  endfacet
  facet normal 0.980844 -0.194795 0
    outer loop
      vertex 5.51711 103.761 3
      vertex 5.56815 104.018 1.5
      vertex 5.56815 104.018 3
    endloop
  endfacet
  facet normal 0.980844 -0.194795 0
    outer loop
      vertex 5.56815 104.018 1.5
      vertex 5.51711 103.761 3
      vertex 5.51711 103.761 1.5
    endloop
  endfacet
  facet normal 0 1 -0
    outer loop
      vertex 49.74 68.5 1.5
      vertex 7.5 68.5 3
      vertex 49.74 68.5 3
    endloop
  endfacet
  facet normal 0 1 0
    outer loop
      vertex 7.5 68.5 3
      vertex 49.74 68.5 1.5
      vertex 7.5 68.5 1.5
    endloop
  endfacet
  facet normal 0.896845 0.442344 0
    outer loop
      vertex 5.76795 69.5 3
      vertex 5.65224 69.7346 1.5
      vertex 5.65224 69.7346 3
    endloop
  endfacet
  facet normal 0.896845 0.442344 0
    outer loop
      vertex 5.65224 69.7346 1.5
      vertex 5.76795 69.5 3
      vertex 5.76795 69.5 1.5
    endloop
  endfacet
  facet normal 0 0 1
    outer loop
      vertex 9.88564 101.7 1.5
      vertex 47.3544 101.7 1.5
      vertex 9.97821 101.888 1.5
    endloop
  endfacet
  facet normal 0 0 1
    outer loop
      vertex 47.4706 72.474 1.5
      vertex 10.0863 71.7088 1.5
      vertex 10.1 71.5 1.5
    endloop
  endfacet
  facet normal 0 0 1
    outer loop
      vertex 47.3544 101.7 1.5
      vertex 9.88564 101.7 1.5
      vertex 47.4706 101.526 1.5
    endloop
  endfacet
  facet normal 0 0 1
    outer loop
      vertex 47.4706 72.474 1.5
      vertex 10.0455 71.9141 1.5
      vertex 10.0863 71.7088 1.5
    endloop
  endfacet
  facet normal 0 0 1
    outer loop
      vertex 9.76937 101.526 1.5
      vertex 47.4706 101.526 1.5
      vertex 9.88564 101.7 1.5
    endloop
  endfacet
  facet normal 0 0 1
    outer loop
      vertex 47.4706 72.474 1.5
      vertex 9.97821 72.1123 1.5
      vertex 10.0455 71.9141 1.5
    endloop
  endfacet
  facet normal 0 0 1
    outer loop
      vertex 47.4706 101.526 1.5
      vertex 9.76937 101.526 1.5
      vertex 47.4706 72.474 1.5
    endloop
  endfacet
  facet normal 0 0 1
    outer loop
      vertex 47.4706 72.474 1.5
      vertex 9.88564 72.3 1.5
      vertex 9.97821 72.1123 1.5
    endloop
  endfacet
  facet normal 0 0 1
    outer loop
      vertex 9.76937 72.474 1.5
      vertex 47.4706 72.474 1.5
      vertex 9.76937 101.526 1.5
    endloop
  endfacet
  facet normal 0 0 1
    outer loop
      vertex 47.4706 72.474 1.5
      vertex 9.76937 72.474 1.5
      vertex 9.88564 72.3 1.5
    endloop
  endfacet
  facet normal -0 0 1
    outer loop
      vertex 9.63137 101.369 1.5
      vertex 9.76937 72.474 1.5
      vertex 9.76937 101.526 1.5
    endloop
  endfacet
  facet normal 0 0 1
    outer loop
      vertex 9.63137 101.369 1.5
      vertex 9.63137 72.6314 1.5
      vertex 9.76937 72.474 1.5
    endloop
  endfacet
  facet normal -0 0 1
    outer loop
      vertex 9.47402 101.231 1.5
      vertex 9.63137 72.6314 1.5
      vertex 9.63137 101.369 1.5
    endloop
  endfacet
  facet normal 0 0 1
    outer loop
      vertex 9.47402 101.231 1.5
      vertex 9.47402 72.7694 1.5
      vertex 9.63137 72.6314 1.5
    endloop
  endfacet
  facet normal -0 0 1
    outer loop
      vertex 9.3 101.114 1.5
      vertex 9.47402 72.7694 1.5
      vertex 9.47402 101.231 1.5
    endloop
  endfacet
  facet normal 0 0 1
    outer loop
      vertex 9.3 101.114 1.5
      vertex 9.3 72.8856 1.5
      vertex 9.47402 72.7694 1.5
    endloop
  endfacet
  facet normal -0 0 1
    outer loop
      vertex 9.11229 101.022 1.5
      vertex 9.3 72.8856 1.5
      vertex 9.3 101.114 1.5
    endloop
  endfacet
  facet normal 0 0 1
    outer loop
      vertex 9.11229 101.022 1.5
      vertex 9.11229 72.9782 1.5
      vertex 9.3 72.8856 1.5
    endloop
  endfacet
  facet normal -0 0 1
    outer loop
      vertex 8.91411 100.955 1.5
      vertex 9.11229 72.9782 1.5
      vertex 9.11229 101.022 1.5
    endloop
  endfacet
  facet normal 0 0 1
    outer loop
      vertex 8.91411 100.955 1.5
      vertex 8.91411 73.0455 1.5
      vertex 9.11229 72.9782 1.5
    endloop
  endfacet
  facet normal -0 0 1
    outer loop
      vertex 8.70884 100.914 1.5
      vertex 8.91411 73.0455 1.5
      vertex 8.91411 100.955 1.5
    endloop
  endfacet
  facet normal 0 0 1
    outer loop
      vertex 8.70884 100.914 1.5
      vertex 8.70884 73.0863 1.5
      vertex 8.91411 73.0455 1.5
    endloop
  endfacet
  facet normal -0 0 1
    outer loop
      vertex 8.5 100.9 1.5
      vertex 8.70884 73.0863 1.5
      vertex 8.70884 100.914 1.5
    endloop
  endfacet
  facet normal 0 0 1
    outer loop
      vertex 8.5 100.9 1.5
      vertex 8.5 73.1 1.5
      vertex 8.70884 73.0863 1.5
    endloop
  endfacet
  facet normal 0 0 1
    outer loop
      vertex 8.29116 100.914 1.5
      vertex 8.5 73.1 1.5
      vertex 8.5 100.9 1.5
    endloop
  endfacet
  facet normal 0 0 1
    outer loop
      vertex 8.29116 100.914 1.5
      vertex 8.29116 73.0863 1.5
      vertex 8.5 73.1 1.5
    endloop
  endfacet
  facet normal 0 0 1
    outer loop
      vertex 8.08589 100.955 1.5
      vertex 8.29116 73.0863 1.5
      vertex 8.29116 100.914 1.5
    endloop
  endfacet
  facet normal 0 0 1
    outer loop
      vertex 8.08589 100.955 1.5
      vertex 8.08589 73.0455 1.5
      vertex 8.29116 73.0863 1.5
    endloop
  endfacet
  facet normal 0 0 1
    outer loop
      vertex 7.88771 101.022 1.5
      vertex 8.08589 73.0455 1.5
      vertex 8.08589 100.955 1.5
    endloop
  endfacet
  facet normal 0 0 1
    outer loop
      vertex 7.88771 101.022 1.5
      vertex 7.88771 72.9782 1.5
      vertex 8.08589 73.0455 1.5
    endloop
  endfacet
  facet normal 0 0 1
    outer loop
      vertex 7.7 101.114 1.5
      vertex 7.88771 72.9782 1.5
      vertex 7.88771 101.022 1.5
    endloop
  endfacet
  facet normal 0 0 1
    outer loop
      vertex 7.7 101.114 1.5
      vertex 7.7 72.8856 1.5
      vertex 7.88771 72.9782 1.5
    endloop
  endfacet
  facet normal 0 0 1
    outer loop
      vertex 7.52598 101.231 1.5
      vertex 7.7 72.8856 1.5
      vertex 7.7 101.114 1.5
    endloop
  endfacet
  facet normal 0 0 1
    outer loop
      vertex 7.52598 101.231 1.5
      vertex 7.52598 72.7694 1.5
      vertex 7.7 72.8856 1.5
    endloop
  endfacet
  facet normal 0 0 1
    outer loop
      vertex 7.36863 101.369 1.5
      vertex 7.52598 72.7694 1.5
      vertex 7.52598 101.231 1.5
    endloop
  endfacet
  facet normal 0 0 1
    outer loop
      vertex 7.36863 101.369 1.5
      vertex 7.36863 72.6314 1.5
      vertex 7.52598 72.7694 1.5
    endloop
  endfacet
  facet normal 0 0 1
    outer loop
      vertex 7.23063 101.526 1.5
      vertex 7.36863 72.6314 1.5
      vertex 7.36863 101.369 1.5
    endloop
  endfacet
  facet normal 0 0 1
    outer loop
      vertex 7.23063 101.526 1.5
      vertex 7.23063 72.474 1.5
      vertex 7.36863 72.6314 1.5
    endloop
  endfacet
  facet normal 0 0 1
    outer loop
      vertex 5.5 103.5 1.5
      vertex 7.23063 101.526 1.5
      vertex 7.11436 101.7 1.5
    endloop
  endfacet
  facet normal 0 0 1
    outer loop
      vertex 7.23063 101.526 1.5
      vertex 5.5 103.5 1.5
      vertex 7.23063 72.474 1.5
    endloop
  endfacet
  facet normal 0 0 1
    outer loop
      vertex 5.5 103.5 1.5
      vertex 7.11436 101.7 1.5
      vertex 7.02179 101.888 1.5
    endloop
  endfacet
  facet normal 0 0 1
    outer loop
      vertex 5.5 70.5 1.5
      vertex 7.23063 72.474 1.5
      vertex 5.5 103.5 1.5
    endloop
  endfacet
  facet normal 0 0 1
    outer loop
      vertex 5.5 103.5 1.5
      vertex 7.02179 101.888 1.5
      vertex 6.95452 102.086 1.5
    endloop
  endfacet
  facet normal 0 0 1
    outer loop
      vertex 7.23063 72.474 1.5
      vertex 5.5 70.5 1.5
      vertex 7.11436 72.3 1.5
    endloop
  endfacet
  facet normal 0 0 1
    outer loop
      vertex 5.5 103.5 1.5
      vertex 6.95452 102.086 1.5
      vertex 6.91369 102.291 1.5
    endloop
  endfacet
  facet normal 0 0 1
    outer loop
      vertex 7.11436 72.3 1.5
      vertex 5.5 70.5 1.5
      vertex 7.02179 72.1123 1.5
    endloop
  endfacet
  facet normal 0 0 1
    outer loop
      vertex 5.5 103.5 1.5
      vertex 6.91369 102.291 1.5
      vertex 6.9 102.5 1.5
    endloop
  endfacet
  facet normal 0 0 1
    outer loop
      vertex 7.02179 72.1123 1.5
      vertex 5.5 70.5 1.5
      vertex 6.95452 71.9141 1.5
    endloop
  endfacet
  facet normal 0 0 1
    outer loop
      vertex 50.2182 101.888 1.5
      vertex 51.74 103.5 1.5
      vertex 50.2855 102.086 1.5
    endloop
  endfacet
  facet normal 0 0 1
    outer loop
      vertex 51.74 70.5 1.5
      vertex 50.3263 71.7088 1.5
      vertex 50.34 71.5 1.5
    endloop
  endfacet
  facet normal 0 0 1
    outer loop
      vertex 50.1256 101.7 1.5
      vertex 51.74 103.5 1.5
      vertex 50.2182 101.888 1.5
    endloop
  endfacet
  facet normal 0 0 1
    outer loop
      vertex 51.74 70.5 1.5
      vertex 50.2855 71.9141 1.5
      vertex 50.3263 71.7088 1.5
    endloop
  endfacet
  facet normal 0 0 1
    outer loop
      vertex 50.0094 101.526 1.5
      vertex 51.74 103.5 1.5
      vertex 50.1256 101.7 1.5
    endloop
  endfacet
  facet normal 0 0 1
    outer loop
      vertex 51.74 70.5 1.5
      vertex 50.2182 72.1123 1.5
      vertex 50.2855 71.9141 1.5
    endloop
  endfacet
  facet normal 0 0 1
    outer loop
      vertex 51.74 103.5 1.5
      vertex 50.0094 101.526 1.5
      vertex 51.74 70.5 1.5
    endloop
  endfacet
  facet normal 0 0 1
    outer loop
      vertex 51.74 70.5 1.5
      vertex 50.1256 72.3 1.5
      vertex 50.2182 72.1123 1.5
    endloop
  endfacet
  facet normal -0 0 1
    outer loop
      vertex 50.0094 72.474 1.5
      vertex 51.74 70.5 1.5
      vertex 50.0094 101.526 1.5
    endloop
  endfacet
  facet normal 0 0 1
    outer loop
      vertex 51.74 70.5 1.5
      vertex 50.0094 72.474 1.5
      vertex 50.1256 72.3 1.5
    endloop
  endfacet
  facet normal -0 0 1
    outer loop
      vertex 49.8714 101.369 1.5
      vertex 50.0094 72.474 1.5
      vertex 50.0094 101.526 1.5
    endloop
  endfacet
  facet normal 0 0 1
    outer loop
      vertex 49.8714 101.369 1.5
      vertex 49.8714 72.6314 1.5
      vertex 50.0094 72.474 1.5
    endloop
  endfacet
  facet normal -0 0 1
    outer loop
      vertex 49.714 101.231 1.5
      vertex 49.8714 72.6314 1.5
      vertex 49.8714 101.369 1.5
    endloop
  endfacet
  facet normal 0 0 1
    outer loop
      vertex 49.714 101.231 1.5
      vertex 49.714 72.7694 1.5
      vertex 49.8714 72.6314 1.5
    endloop
  endfacet
  facet normal -0 0 1
    outer loop
      vertex 49.54 101.114 1.5
      vertex 49.714 72.7694 1.5
      vertex 49.714 101.231 1.5
    endloop
  endfacet
  facet normal 0 0 1
    outer loop
      vertex 49.54 101.114 1.5
      vertex 49.54 72.8856 1.5
      vertex 49.714 72.7694 1.5
    endloop
  endfacet
  facet normal -0 0 1
    outer loop
      vertex 49.3523 101.022 1.5
      vertex 49.54 72.8856 1.5
      vertex 49.54 101.114 1.5
    endloop
  endfacet
  facet normal 0 0 1
    outer loop
      vertex 49.3523 101.022 1.5
      vertex 49.3523 72.9782 1.5
      vertex 49.54 72.8856 1.5
    endloop
  endfacet
  facet normal -0 0 1
    outer loop
      vertex 49.1541 100.955 1.5
      vertex 49.3523 72.9782 1.5
      vertex 49.3523 101.022 1.5
    endloop
  endfacet
  facet normal 0 0 1
    outer loop
      vertex 49.1541 100.955 1.5
      vertex 49.1541 73.0455 1.5
      vertex 49.3523 72.9782 1.5
    endloop
  endfacet
  facet normal -0 0 1
    outer loop
      vertex 48.9488 100.914 1.5
      vertex 49.1541 73.0455 1.5
      vertex 49.1541 100.955 1.5
    endloop
  endfacet
  facet normal 0 0 1
    outer loop
      vertex 48.9488 100.914 1.5
      vertex 48.9488 73.0863 1.5
      vertex 49.1541 73.0455 1.5
    endloop
  endfacet
  facet normal -0 0 1
    outer loop
      vertex 48.74 100.9 1.5
      vertex 48.9488 73.0863 1.5
      vertex 48.9488 100.914 1.5
    endloop
  endfacet
  facet normal 0 0 1
    outer loop
      vertex 48.74 100.9 1.5
      vertex 48.74 73.1 1.5
      vertex 48.9488 73.0863 1.5
    endloop
  endfacet
  facet normal 0 0 1
    outer loop
      vertex 48.5312 100.914 1.5
      vertex 48.74 73.1 1.5
      vertex 48.74 100.9 1.5
    endloop
  endfacet
  facet normal 0 0 1
    outer loop
      vertex 48.5312 100.914 1.5
      vertex 48.5312 73.0863 1.5
      vertex 48.74 73.1 1.5
    endloop
  endfacet
  facet normal 0 0 1
    outer loop
      vertex 48.3259 100.955 1.5
      vertex 48.5312 73.0863 1.5
      vertex 48.5312 100.914 1.5
    endloop
  endfacet
  facet normal 0 0 1
    outer loop
      vertex 48.3259 100.955 1.5
      vertex 48.3259 73.0455 1.5
      vertex 48.5312 73.0863 1.5
    endloop
  endfacet
  facet normal 0 0 1
    outer loop
      vertex 48.1277 101.022 1.5
      vertex 48.3259 73.0455 1.5
      vertex 48.3259 100.955 1.5
    endloop
  endfacet
  facet normal 0 0 1
    outer loop
      vertex 48.1277 101.022 1.5
      vertex 48.1277 72.9782 1.5
      vertex 48.3259 73.0455 1.5
    endloop
  endfacet
  facet normal 0 0 1
    outer loop
      vertex 47.94 101.114 1.5
      vertex 48.1277 72.9782 1.5
      vertex 48.1277 101.022 1.5
    endloop
  endfacet
  facet normal 0 0 1
    outer loop
      vertex 47.94 101.114 1.5
      vertex 47.94 72.8856 1.5
      vertex 48.1277 72.9782 1.5
    endloop
  endfacet
  facet normal 0 0 1
    outer loop
      vertex 47.766 101.231 1.5
      vertex 47.94 72.8856 1.5
      vertex 47.94 101.114 1.5
    endloop
  endfacet
  facet normal 0 0 1
    outer loop
      vertex 47.766 101.231 1.5
      vertex 47.766 72.7694 1.5
      vertex 47.94 72.8856 1.5
    endloop
  endfacet
  facet normal 0 0 1
    outer loop
      vertex 47.6086 101.369 1.5
      vertex 47.766 72.7694 1.5
      vertex 47.766 101.231 1.5
    endloop
  endfacet
  facet normal 0 0 1
    outer loop
      vertex 47.6086 101.369 1.5
      vertex 47.6086 72.6314 1.5
      vertex 47.766 72.7694 1.5
    endloop
  endfacet
  facet normal 0 0 1
    outer loop
      vertex 47.4706 101.526 1.5
      vertex 47.6086 72.6314 1.5
      vertex 47.6086 101.369 1.5
    endloop
  endfacet
  facet normal 0 0 1
    outer loop
      vertex 47.4706 101.526 1.5
      vertex 47.4706 72.474 1.5
      vertex 47.6086 72.6314 1.5
    endloop
  endfacet
  facet normal 0 0 1
    outer loop
      vertex 47.1945 102.086 1.5
      vertex 10.0455 102.086 1.5
      vertex 47.2618 101.888 1.5
    endloop
  endfacet
  facet normal 0 0 1
    outer loop
      vertex 9.97821 101.888 1.5
      vertex 47.2618 101.888 1.5
      vertex 10.0455 102.086 1.5
    endloop
  endfacet
  facet normal 0 0 1
    outer loop
      vertex 10.0455 102.086 1.5
      vertex 47.1945 102.086 1.5
      vertex 10.0863 102.291 1.5
    endloop
  endfacet
  facet normal 0 0 1
    outer loop
      vertex 47.2618 101.888 1.5
      vertex 9.97821 101.888 1.5
      vertex 47.3544 101.7 1.5
    endloop
  endfacet
  facet normal 0 0 1
    outer loop
      vertex 47.1537 102.291 1.5
      vertex 10.0863 102.291 1.5
      vertex 47.1945 102.086 1.5
    endloop
  endfacet
  facet normal 0 0 1
    outer loop
      vertex 47.4706 72.474 1.5
      vertex 10.1 71.5 1.5
      vertex 47.3544 72.3 1.5
    endloop
  endfacet
  facet normal 0 0 1
    outer loop
      vertex 10.0863 102.291 1.5
      vertex 47.1537 102.291 1.5
      vertex 10.1 102.5 1.5
    endloop
  endfacet
  facet normal 0 0 1
    outer loop
      vertex 47.3544 72.3 1.5
      vertex 10.1 71.5 1.5
      vertex 47.2618 72.1123 1.5
    endloop
  endfacet
  facet normal -0 0 1
    outer loop
      vertex 10.1 102.5 1.5
      vertex 47.1537 102.291 1.5
      vertex 47.14 102.5 1.5
    endloop
  endfacet
  facet normal 0 0 1
    outer loop
      vertex 47.2618 72.1123 1.5
      vertex 10.1 71.5 1.5
      vertex 47.1945 71.9141 1.5
    endloop
  endfacet
  facet normal 0 0 1
    outer loop
      vertex 50.2182 103.112 1.5
      vertex 51.74 103.5 1.5
      vertex 51.7229 103.761 1.5
    endloop
  endfacet
  facet normal 0 0 1
    outer loop
      vertex 50.3263 102.291 1.5
      vertex 51.74 103.5 1.5
      vertex 50.34 102.5 1.5
    endloop
  endfacet
  facet normal 0 0 1
    outer loop
      vertex 50.1256 103.3 1.5
      vertex 51.7229 103.761 1.5
      vertex 51.6719 104.018 1.5
    endloop
  endfacet
  facet normal 0 0 1
    outer loop
      vertex 50.2855 102.086 1.5
      vertex 51.74 103.5 1.5
      vertex 50.3263 102.291 1.5
    endloop
  endfacet
  facet normal 0 0 1
    outer loop
      vertex 50.1256 103.3 1.5
      vertex 51.6719 104.018 1.5
      vertex 51.5878 104.265 1.5
    endloop
  endfacet
  facet normal -0 0 1
    outer loop
      vertex 50.3263 71.2912 1.5
      vertex 51.74 70.5 1.5
      vertex 50.34 71.5 1.5
    endloop
  endfacet
  facet normal 0 0 1
    outer loop
      vertex 50.0094 103.474 1.5
      vertex 51.5878 104.265 1.5
      vertex 51.472 104.5 1.5
    endloop
  endfacet
  facet normal -0 0 1
    outer loop
      vertex 50.2855 71.0859 1.5
      vertex 51.74 70.5 1.5
      vertex 50.3263 71.2912 1.5
    endloop
  endfacet
  facet normal 0 0 1
    outer loop
      vertex 50.0094 103.474 1.5
      vertex 51.472 104.5 1.5
      vertex 51.3267 104.718 1.5
    endloop
  endfacet
  facet normal -0 0 1
    outer loop
      vertex 50.2182 70.8877 1.5
      vertex 51.74 70.5 1.5
      vertex 50.2855 71.0859 1.5
    endloop
  endfacet
  facet normal 0 0 1
    outer loop
      vertex 49.8714 103.631 1.5
      vertex 51.3267 104.718 1.5
      vertex 51.1542 104.914 1.5
    endloop
  endfacet
  facet normal 0 0 1
    outer loop
      vertex 51.74 70.5 1.5
      vertex 50.2182 70.8877 1.5
      vertex 51.7229 70.2389 1.5
    endloop
  endfacet
  facet normal 0 0 1
    outer loop
      vertex 49.8714 103.631 1.5
      vertex 51.1542 104.914 1.5
      vertex 50.9575 105.087 1.5
    endloop
  endfacet
  facet normal -0 0 1
    outer loop
      vertex 50.1256 70.7 1.5
      vertex 51.7229 70.2389 1.5
      vertex 50.2182 70.8877 1.5
    endloop
  endfacet
  facet normal 0 0 1
    outer loop
      vertex 49.714 103.769 1.5
      vertex 50.9575 105.087 1.5
      vertex 50.74 105.232 1.5
    endloop
  endfacet
  facet normal 0 0 1
    outer loop
      vertex 51.7229 70.2389 1.5
      vertex 50.1256 70.7 1.5
      vertex 51.6719 69.9824 1.5
    endloop
  endfacet
  facet normal 0 0 1
    outer loop
      vertex 49.714 103.769 1.5
      vertex 50.74 105.232 1.5
      vertex 50.5054 105.348 1.5
    endloop
  endfacet
  facet normal 0 0 1
    outer loop
      vertex 51.6719 69.9824 1.5
      vertex 50.1256 70.7 1.5
      vertex 51.5878 69.7346 1.5
    endloop
  endfacet
  facet normal -0 0 1
    outer loop
      vertex 50.0094 70.526 1.5
      vertex 51.5878 69.7346 1.5
      vertex 50.1256 70.7 1.5
    endloop
  endfacet
  facet normal 0 0 1
    outer loop
      vertex 51.74 103.5 1.5
      vertex 50.3263 102.709 1.5
      vertex 50.34 102.5 1.5
    endloop
  endfacet
  facet normal 0 0 1
    outer loop
      vertex 51.74 103.5 1.5
      vertex 50.2855 102.914 1.5
      vertex 50.3263 102.709 1.5
    endloop
  endfacet
  facet normal 0 0 1
    outer loop
      vertex 49.54 103.886 1.5
      vertex 50.5054 105.348 1.5
      vertex 50.2576 105.432 1.5
    endloop
  endfacet
  facet normal 0 0 1
    outer loop
      vertex 51.74 103.5 1.5
      vertex 50.2182 103.112 1.5
      vertex 50.2855 102.914 1.5
    endloop
  endfacet
  facet normal 0 0 1
    outer loop
      vertex 51.7229 103.761 1.5
      vertex 50.1256 103.3 1.5
      vertex 50.2182 103.112 1.5
    endloop
  endfacet
  facet normal 0 0 1
    outer loop
      vertex 51.5878 104.265 1.5
      vertex 50.0094 103.474 1.5
      vertex 50.1256 103.3 1.5
    endloop
  endfacet
  facet normal 0 0 1
    outer loop
      vertex 49.54 103.886 1.5
      vertex 50.2576 105.432 1.5
      vertex 50.0011 105.483 1.5
    endloop
  endfacet
  facet normal 0 0 1
    outer loop
      vertex 51.3267 104.718 1.5
      vertex 49.8714 103.631 1.5
      vertex 50.0094 103.474 1.5
    endloop
  endfacet
  facet normal 0 0 1
    outer loop
      vertex 49.54 103.886 1.5
      vertex 50.0011 105.483 1.5
      vertex 49.74 105.5 1.5
    endloop
  endfacet
  facet normal 0 0 1
    outer loop
      vertex 50.9575 105.087 1.5
      vertex 49.714 103.769 1.5
      vertex 49.8714 103.631 1.5
    endloop
  endfacet
  facet normal 0 0 1
    outer loop
      vertex 50.5054 105.348 1.5
      vertex 49.54 103.886 1.5
      vertex 49.714 103.769 1.5
    endloop
  endfacet
  facet normal 0 0 1
    outer loop
      vertex 49.74 105.5 1.5
      vertex 49.3523 103.978 1.5
      vertex 49.54 103.886 1.5
    endloop
  endfacet
  facet normal 0 0 1
    outer loop
      vertex 49.74 105.5 1.5
      vertex 49.1541 104.045 1.5
      vertex 49.3523 103.978 1.5
    endloop
  endfacet
  facet normal 0 0 1
    outer loop
      vertex 49.74 105.5 1.5
      vertex 48.9488 104.086 1.5
      vertex 49.1541 104.045 1.5
    endloop
  endfacet
  facet normal 0 0 1
    outer loop
      vertex 49.74 105.5 1.5
      vertex 48.74 104.1 1.5
      vertex 48.9488 104.086 1.5
    endloop
  endfacet
  facet normal 0 0 1
    outer loop
      vertex 49.74 105.5 1.5
      vertex 48.5312 104.086 1.5
      vertex 48.74 104.1 1.5
    endloop
  endfacet
  facet normal 0 0 1
    outer loop
      vertex 49.74 105.5 1.5
      vertex 48.3259 104.045 1.5
      vertex 48.5312 104.086 1.5
    endloop
  endfacet
  facet normal 0 0 1
    outer loop
      vertex 49.74 105.5 1.5
      vertex 48.1277 103.978 1.5
      vertex 48.3259 104.045 1.5
    endloop
  endfacet
  facet normal 0 0 1
    outer loop
      vertex 49.74 105.5 1.5
      vertex 47.94 103.886 1.5
      vertex 48.1277 103.978 1.5
    endloop
  endfacet
  facet normal 0 0 1
    outer loop
      vertex 49.74 105.5 1.5
      vertex 47.766 103.769 1.5
      vertex 47.94 103.886 1.5
    endloop
  endfacet
  facet normal 0 0 1
    outer loop
      vertex 47.1945 71.9141 1.5
      vertex 10.1 71.5 1.5
      vertex 47.1537 71.7088 1.5
    endloop
  endfacet
  facet normal 0 0 1
    outer loop
      vertex 47.1537 102.709 1.5
      vertex 10.1 102.5 1.5
      vertex 47.14 102.5 1.5
    endloop
  endfacet
  facet normal 0 0 1
    outer loop
      vertex 10.0863 102.709 1.5
      vertex 47.1537 102.709 1.5
      vertex 47.1945 102.914 1.5
    endloop
  endfacet
  facet normal 0 0 1
    outer loop
      vertex 10.0455 102.914 1.5
      vertex 47.1945 102.914 1.5
      vertex 47.2618 103.112 1.5
    endloop
  endfacet
  facet normal 0 0 1
    outer loop
      vertex 9.97821 103.112 1.5
      vertex 47.2618 103.112 1.5
      vertex 47.3544 103.3 1.5
    endloop
  endfacet
  facet normal 0 0 1
    outer loop
      vertex 9.88564 103.3 1.5
      vertex 47.3544 103.3 1.5
      vertex 47.4706 103.474 1.5
    endloop
  endfacet
  facet normal 0 0 1
    outer loop
      vertex 9.76937 103.474 1.5
      vertex 47.4706 103.474 1.5
      vertex 47.6086 103.631 1.5
    endloop
  endfacet
  facet normal 0 0 1
    outer loop
      vertex 9.63137 103.631 1.5
      vertex 47.6086 103.631 1.5
      vertex 47.766 103.769 1.5
    endloop
  endfacet
  facet normal 0 0 1
    outer loop
      vertex 9.47402 103.769 1.5
      vertex 47.766 103.769 1.5
      vertex 49.74 105.5 1.5
    endloop
  endfacet
  facet normal 0 0 1
    outer loop
      vertex 47.1537 102.709 1.5
      vertex 10.0863 102.709 1.5
      vertex 10.1 102.5 1.5
    endloop
  endfacet
  facet normal 0 0 1
    outer loop
      vertex 47.1945 102.914 1.5
      vertex 10.0455 102.914 1.5
      vertex 10.0863 102.709 1.5
    endloop
  endfacet
  facet normal 0 0 1
    outer loop
      vertex 47.2618 103.112 1.5
      vertex 9.97821 103.112 1.5
      vertex 10.0455 102.914 1.5
    endloop
  endfacet
  facet normal 0 0 1
    outer loop
      vertex 47.3544 103.3 1.5
      vertex 9.88564 103.3 1.5
      vertex 9.97821 103.112 1.5
    endloop
  endfacet
  facet normal 0 0 1
    outer loop
      vertex 47.4706 103.474 1.5
      vertex 9.76937 103.474 1.5
      vertex 9.88564 103.3 1.5
    endloop
  endfacet
  facet normal 0 0 1
    outer loop
      vertex 47.6086 103.631 1.5
      vertex 9.63137 103.631 1.5
      vertex 9.76937 103.474 1.5
    endloop
  endfacet
  facet normal 0 0 1
    outer loop
      vertex 47.766 103.769 1.5
      vertex 9.47402 103.769 1.5
      vertex 9.63137 103.631 1.5
    endloop
  endfacet
  facet normal -0 0 1
    outer loop
      vertex 7.5 105.5 1.5
      vertex 9.47402 103.769 1.5
      vertex 49.74 105.5 1.5
    endloop
  endfacet
  facet normal 0 0 1
    outer loop
      vertex 9.47402 103.769 1.5
      vertex 7.5 105.5 1.5
      vertex 9.3 103.886 1.5
    endloop
  endfacet
  facet normal 0 0 1
    outer loop
      vertex 9.3 103.886 1.5
      vertex 7.5 105.5 1.5
      vertex 9.11229 103.978 1.5
    endloop
  endfacet
  facet normal 0 0 1
    outer loop
      vertex 9.11229 103.978 1.5
      vertex 7.5 105.5 1.5
      vertex 8.91411 104.045 1.5
    endloop
  endfacet
  facet normal 0 0 1
    outer loop
      vertex 8.91411 104.045 1.5
      vertex 7.5 105.5 1.5
      vertex 8.70884 104.086 1.5
    endloop
  endfacet
  facet normal 0 0 1
    outer loop
      vertex 8.70884 104.086 1.5
      vertex 7.5 105.5 1.5
      vertex 8.5 104.1 1.5
    endloop
  endfacet
  facet normal 0 0 1
    outer loop
      vertex 7.5 105.5 1.5
      vertex 8.29116 104.086 1.5
      vertex 8.5 104.1 1.5
    endloop
  endfacet
  facet normal 0 0 1
    outer loop
      vertex 7.5 105.5 1.5
      vertex 8.08589 104.045 1.5
      vertex 8.29116 104.086 1.5
    endloop
  endfacet
  facet normal 0 0 1
    outer loop
      vertex 7.5 105.5 1.5
      vertex 7.88771 103.978 1.5
      vertex 8.08589 104.045 1.5
    endloop
  endfacet
  facet normal 0 0 1
    outer loop
      vertex 7.5 105.5 1.5
      vertex 7.7 103.886 1.5
      vertex 7.88771 103.978 1.5
    endloop
  endfacet
  facet normal -0 0 1
    outer loop
      vertex 7.23895 105.483 1.5
      vertex 7.7 103.886 1.5
      vertex 7.5 105.5 1.5
    endloop
  endfacet
  facet normal -0 0 1
    outer loop
      vertex 6.98236 105.432 1.5
      vertex 7.7 103.886 1.5
      vertex 7.23895 105.483 1.5
    endloop
  endfacet
  facet normal -0 0 1
    outer loop
      vertex 6.73463 105.348 1.5
      vertex 7.7 103.886 1.5
      vertex 6.98236 105.432 1.5
    endloop
  endfacet
  facet normal 0 0 1
    outer loop
      vertex 7.7 103.886 1.5
      vertex 6.73463 105.348 1.5
      vertex 7.52598 103.769 1.5
    endloop
  endfacet
  facet normal -0 0 1
    outer loop
      vertex 6.5 105.232 1.5
      vertex 7.52598 103.769 1.5
      vertex 6.73463 105.348 1.5
    endloop
  endfacet
  facet normal -0 0 1
    outer loop
      vertex 6.28248 105.087 1.5
      vertex 7.52598 103.769 1.5
      vertex 6.5 105.232 1.5
    endloop
  endfacet
  facet normal 0 0 1
    outer loop
      vertex 7.52598 103.769 1.5
      vertex 6.28248 105.087 1.5
      vertex 7.36863 103.631 1.5
    endloop
  endfacet
  facet normal -0 0 1
    outer loop
      vertex 6.08579 104.914 1.5
      vertex 7.36863 103.631 1.5
      vertex 6.28248 105.087 1.5
    endloop
  endfacet
  facet normal -0 0 1
    outer loop
      vertex 5.91329 104.718 1.5
      vertex 7.36863 103.631 1.5
      vertex 6.08579 104.914 1.5
    endloop
  endfacet
  facet normal 0 0 1
    outer loop
      vertex 7.36863 103.631 1.5
      vertex 5.91329 104.718 1.5
      vertex 7.23063 103.474 1.5
    endloop
  endfacet
  facet normal -0 0 1
    outer loop
      vertex 5.65224 104.265 1.5
      vertex 7.23063 103.474 1.5
      vertex 5.76795 104.5 1.5
    endloop
  endfacet
  facet normal -0 0 1
    outer loop
      vertex 5.76795 104.5 1.5
      vertex 7.23063 103.474 1.5
      vertex 5.91329 104.718 1.5
    endloop
  endfacet
  facet normal 0 0 1
    outer loop
      vertex 51.5878 69.7346 1.5
      vertex 50.0094 70.526 1.5
      vertex 51.472 69.5 1.5
    endloop
  endfacet
  facet normal 0 0 1
    outer loop
      vertex 51.472 69.5 1.5
      vertex 50.0094 70.526 1.5
      vertex 51.3267 69.2825 1.5
    endloop
  endfacet
  facet normal -0 0 1
    outer loop
      vertex 49.8714 70.3686 1.5
      vertex 51.3267 69.2825 1.5
      vertex 50.0094 70.526 1.5
    endloop
  endfacet
  facet normal 0 0 1
    outer loop
      vertex 51.3267 69.2825 1.5
      vertex 49.8714 70.3686 1.5
      vertex 51.1542 69.0858 1.5
    endloop
  endfacet
  facet normal 0 0 1
    outer loop
      vertex 51.1542 69.0858 1.5
      vertex 49.8714 70.3686 1.5
      vertex 50.9575 68.9133 1.5
    endloop
  endfacet
  facet normal -0 0 1
    outer loop
      vertex 49.714 70.2306 1.5
      vertex 50.9575 68.9133 1.5
      vertex 49.8714 70.3686 1.5
    endloop
  endfacet
  facet normal 0 0 1
    outer loop
      vertex 50.9575 68.9133 1.5
      vertex 49.714 70.2306 1.5
      vertex 50.74 68.768 1.5
    endloop
  endfacet
  facet normal 0 0 1
    outer loop
      vertex 50.74 68.768 1.5
      vertex 49.714 70.2306 1.5
      vertex 50.5054 68.6522 1.5
    endloop
  endfacet
  facet normal -0 0 1
    outer loop
      vertex 49.54 70.1144 1.5
      vertex 50.5054 68.6522 1.5
      vertex 49.714 70.2306 1.5
    endloop
  endfacet
  facet normal 0 0 1
    outer loop
      vertex 50.5054 68.6522 1.5
      vertex 49.54 70.1144 1.5
      vertex 50.2576 68.5681 1.5
    endloop
  endfacet
  facet normal 0 0 1
    outer loop
      vertex 50.2576 68.5681 1.5
      vertex 49.54 70.1144 1.5
      vertex 50.0011 68.5171 1.5
    endloop
  endfacet
  facet normal 0 0 1
    outer loop
      vertex 50.0011 68.5171 1.5
      vertex 49.54 70.1144 1.5
      vertex 49.74 68.5 1.5
    endloop
  endfacet
  facet normal -0 0 1
    outer loop
      vertex 49.3523 70.0218 1.5
      vertex 49.74 68.5 1.5
      vertex 49.54 70.1144 1.5
    endloop
  endfacet
  facet normal -0 0 1
    outer loop
      vertex 49.1541 69.9545 1.5
      vertex 49.74 68.5 1.5
      vertex 49.3523 70.0218 1.5
    endloop
  endfacet
  facet normal -0 0 1
    outer loop
      vertex 48.9488 69.9137 1.5
      vertex 49.74 68.5 1.5
      vertex 49.1541 69.9545 1.5
    endloop
  endfacet
  facet normal -0 0 1
    outer loop
      vertex 48.74 69.9 1.5
      vertex 49.74 68.5 1.5
      vertex 48.9488 69.9137 1.5
    endloop
  endfacet
  facet normal 0 0 1
    outer loop
      vertex 48.5312 69.9137 1.5
      vertex 49.74 68.5 1.5
      vertex 48.74 69.9 1.5
    endloop
  endfacet
  facet normal 0 0 1
    outer loop
      vertex 48.3259 69.9545 1.5
      vertex 49.74 68.5 1.5
      vertex 48.5312 69.9137 1.5
    endloop
  endfacet
  facet normal 0 0 1
    outer loop
      vertex 48.1277 70.0218 1.5
      vertex 49.74 68.5 1.5
      vertex 48.3259 69.9545 1.5
    endloop
  endfacet
  facet normal 0 0 1
    outer loop
      vertex 47.94 70.1144 1.5
      vertex 49.74 68.5 1.5
      vertex 48.1277 70.0218 1.5
    endloop
  endfacet
  facet normal 0 0 1
    outer loop
      vertex 47.766 70.2306 1.5
      vertex 49.74 68.5 1.5
      vertex 47.94 70.1144 1.5
    endloop
  endfacet
  facet normal 0 0 1
    outer loop
      vertex 47.1537 71.7088 1.5
      vertex 10.1 71.5 1.5
      vertex 47.14 71.5 1.5
    endloop
  endfacet
  facet normal 0 0 1
    outer loop
      vertex 47.14 71.5 1.5
      vertex 10.1 71.5 1.5
      vertex 47.1537 71.2912 1.5
    endloop
  endfacet
  facet normal 0 0 1
    outer loop
      vertex 10.0863 71.2912 1.5
      vertex 47.1537 71.2912 1.5
      vertex 10.1 71.5 1.5
    endloop
  endfacet
  facet normal 0 0 1
    outer loop
      vertex 47.1537 71.2912 1.5
      vertex 10.0863 71.2912 1.5
      vertex 47.1945 71.0859 1.5
    endloop
  endfacet
  facet normal 0 0 1
    outer loop
      vertex 10.0455 71.0859 1.5
      vertex 47.1945 71.0859 1.5
      vertex 10.0863 71.2912 1.5
    endloop
  endfacet
  facet normal 0 0 1
    outer loop
      vertex 47.1945 71.0859 1.5
      vertex 10.0455 71.0859 1.5
      vertex 47.2618 70.8877 1.5
    endloop
  endfacet
  facet normal 0 0 1
    outer loop
      vertex 9.97821 70.8877 1.5
      vertex 47.2618 70.8877 1.5
      vertex 10.0455 71.0859 1.5
    endloop
  endfacet
  facet normal 0 0 1
    outer loop
      vertex 47.2618 70.8877 1.5
      vertex 9.97821 70.8877 1.5
      vertex 47.3544 70.7 1.5
    endloop
  endfacet
  facet normal 0 0 1
    outer loop
      vertex 9.88564 70.7 1.5
      vertex 47.3544 70.7 1.5
      vertex 9.97821 70.8877 1.5
    endloop
  endfacet
  facet normal 0 0 1
    outer loop
      vertex 47.3544 70.7 1.5
      vertex 9.88564 70.7 1.5
      vertex 47.4706 70.526 1.5
    endloop
  endfacet
  facet normal 0 0 1
    outer loop
      vertex 9.76937 70.526 1.5
      vertex 47.4706 70.526 1.5
      vertex 9.88564 70.7 1.5
    endloop
  endfacet
  facet normal 0 0 1
    outer loop
      vertex 47.4706 70.526 1.5
      vertex 9.76937 70.526 1.5
      vertex 47.6086 70.3686 1.5
    endloop
  endfacet
  facet normal 0 0 1
    outer loop
      vertex 9.63137 70.3686 1.5
      vertex 47.6086 70.3686 1.5
      vertex 9.76937 70.526 1.5
    endloop
  endfacet
  facet normal 0 0 1
    outer loop
      vertex 47.6086 70.3686 1.5
      vertex 9.63137 70.3686 1.5
      vertex 47.766 70.2306 1.5
    endloop
  endfacet
  facet normal 0 0 1
    outer loop
      vertex 9.47402 70.2306 1.5
      vertex 47.766 70.2306 1.5
      vertex 9.63137 70.3686 1.5
    endloop
  endfacet
  facet normal 0 0 1
    outer loop
      vertex 47.766 70.2306 1.5
      vertex 9.47402 70.2306 1.5
      vertex 49.74 68.5 1.5
    endloop
  endfacet
  facet normal 0 0 1
    outer loop
      vertex 7.5 68.5 1.5
      vertex 9.47402 70.2306 1.5
      vertex 9.3 70.1144 1.5
    endloop
  endfacet
  facet normal 0 0 1
    outer loop
      vertex 7.5 68.5 1.5
      vertex 9.3 70.1144 1.5
      vertex 9.11229 70.0218 1.5
    endloop
  endfacet
  facet normal 0 0 1
    outer loop
      vertex 7.5 68.5 1.5
      vertex 9.11229 70.0218 1.5
      vertex 8.91411 69.9545 1.5
    endloop
  endfacet
  facet normal 0 0 1
    outer loop
      vertex 7.5 68.5 1.5
      vertex 8.91411 69.9545 1.5
      vertex 8.70884 69.9137 1.5
    endloop
  endfacet
  facet normal 0 0 1
    outer loop
      vertex 7.5 68.5 1.5
      vertex 8.70884 69.9137 1.5
      vertex 8.5 69.9 1.5
    endloop
  endfacet
  facet normal 0 0 1
    outer loop
      vertex 9.47402 70.2306 1.5
      vertex 7.5 68.5 1.5
      vertex 49.74 68.5 1.5
    endloop
  endfacet
  facet normal 0 0 1
    outer loop
      vertex 8.29116 69.9137 1.5
      vertex 7.5 68.5 1.5
      vertex 8.5 69.9 1.5
    endloop
  endfacet
  facet normal 0 0 1
    outer loop
      vertex 8.08589 69.9545 1.5
      vertex 7.5 68.5 1.5
      vertex 8.29116 69.9137 1.5
    endloop
  endfacet
  facet normal 0 0 1
    outer loop
      vertex 7.88771 70.0218 1.5
      vertex 7.5 68.5 1.5
      vertex 8.08589 69.9545 1.5
    endloop
  endfacet
  facet normal 0 0 1
    outer loop
      vertex 7.7 70.1144 1.5
      vertex 7.5 68.5 1.5
      vertex 7.88771 70.0218 1.5
    endloop
  endfacet
  facet normal 0 0 1
    outer loop
      vertex 6.73463 68.6522 1.5
      vertex 7.7 70.1144 1.5
      vertex 7.52598 70.2306 1.5
    endloop
  endfacet
  facet normal 0 0 1
    outer loop
      vertex 6.28248 68.9133 1.5
      vertex 7.52598 70.2306 1.5
      vertex 7.36863 70.3686 1.5
    endloop
  endfacet
  facet normal 0 0 1
    outer loop
      vertex 7.7 70.1144 1.5
      vertex 7.23895 68.5171 1.5
      vertex 7.5 68.5 1.5
    endloop
  endfacet
  facet normal 0 0 1
    outer loop
      vertex 5.91329 69.2825 1.5
      vertex 7.36863 70.3686 1.5
      vertex 7.23063 70.526 1.5
    endloop
  endfacet
  facet normal 0 0 1
    outer loop
      vertex 5.65224 69.7346 1.5
      vertex 7.23063 70.526 1.5
      vertex 7.11436 70.7 1.5
    endloop
  endfacet
  facet normal 0 0 1
    outer loop
      vertex 5.51711 70.2389 1.5
      vertex 7.11436 70.7 1.5
      vertex 7.02179 70.8877 1.5
    endloop
  endfacet
  facet normal 0 0 1
    outer loop
      vertex 7.7 70.1144 1.5
      vertex 6.98236 68.5681 1.5
      vertex 7.23895 68.5171 1.5
    endloop
  endfacet
  facet normal 0 0 1
    outer loop
      vertex 5.5 70.5 1.5
      vertex 7.02179 70.8877 1.5
      vertex 6.95452 71.0859 1.5
    endloop
  endfacet
  facet normal 0 0 1
    outer loop
      vertex 5.5 70.5 1.5
      vertex 6.95452 71.0859 1.5
      vertex 6.91369 71.2912 1.5
    endloop
  endfacet
  facet normal 0 0 1
    outer loop
      vertex 5.5 70.5 1.5
      vertex 6.91369 71.2912 1.5
      vertex 6.9 71.5 1.5
    endloop
  endfacet
  facet normal 0 0 1
    outer loop
      vertex 7.7 70.1144 1.5
      vertex 6.73463 68.6522 1.5
      vertex 6.98236 68.5681 1.5
    endloop
  endfacet
  facet normal 0 0 1
    outer loop
      vertex 6.95452 71.9141 1.5
      vertex 5.5 70.5 1.5
      vertex 6.91369 71.7088 1.5
    endloop
  endfacet
  facet normal 0 0 1
    outer loop
      vertex 7.23063 103.474 1.5
      vertex 5.65224 104.265 1.5
      vertex 7.11436 103.3 1.5
    endloop
  endfacet
  facet normal 0 0 1
    outer loop
      vertex 6.91369 71.7088 1.5
      vertex 5.5 70.5 1.5
      vertex 6.9 71.5 1.5
    endloop
  endfacet
  facet normal -0 0 1
    outer loop
      vertex 5.56815 104.018 1.5
      vertex 7.11436 103.3 1.5
      vertex 5.65224 104.265 1.5
    endloop
  endfacet
  facet normal 0 0 1
    outer loop
      vertex 7.02179 70.8877 1.5
      vertex 5.5 70.5 1.5
      vertex 5.51711 70.2389 1.5
    endloop
  endfacet
  facet normal -0 0 1
    outer loop
      vertex 5.51711 103.761 1.5
      vertex 7.11436 103.3 1.5
      vertex 5.56815 104.018 1.5
    endloop
  endfacet
  facet normal 0 0 1
    outer loop
      vertex 7.52598 70.2306 1.5
      vertex 6.5 68.768 1.5
      vertex 6.73463 68.6522 1.5
    endloop
  endfacet
  facet normal 0 0 1
    outer loop
      vertex 7.11436 103.3 1.5
      vertex 5.51711 103.761 1.5
      vertex 7.02179 103.112 1.5
    endloop
  endfacet
  facet normal 0 0 1
    outer loop
      vertex 7.52598 70.2306 1.5
      vertex 6.28248 68.9133 1.5
      vertex 6.5 68.768 1.5
    endloop
  endfacet
  facet normal -0 0 1
    outer loop
      vertex 5.5 103.5 1.5
      vertex 7.02179 103.112 1.5
      vertex 5.51711 103.761 1.5
    endloop
  endfacet
  facet normal 0 0 1
    outer loop
      vertex 7.36863 70.3686 1.5
      vertex 6.08579 69.0858 1.5
      vertex 6.28248 68.9133 1.5
    endloop
  endfacet
  facet normal 0 0 1
    outer loop
      vertex 7.02179 103.112 1.5
      vertex 5.5 103.5 1.5
      vertex 6.95452 102.914 1.5
    endloop
  endfacet
  facet normal 0 0 1
    outer loop
      vertex 7.36863 70.3686 1.5
      vertex 5.91329 69.2825 1.5
      vertex 6.08579 69.0858 1.5
    endloop
  endfacet
  facet normal 0 0 1
    outer loop
      vertex 6.95452 102.914 1.5
      vertex 5.5 103.5 1.5
      vertex 6.91369 102.709 1.5
    endloop
  endfacet
  facet normal 0 0 1
    outer loop
      vertex 7.23063 70.526 1.5
      vertex 5.76795 69.5 1.5
      vertex 5.91329 69.2825 1.5
    endloop
  endfacet
  facet normal 0 0 1
    outer loop
      vertex 6.91369 102.709 1.5
      vertex 5.5 103.5 1.5
      vertex 6.9 102.5 1.5
    endloop
  endfacet
  facet normal 0 0 1
    outer loop
      vertex 7.23063 70.526 1.5
      vertex 5.65224 69.7346 1.5
      vertex 5.76795 69.5 1.5
    endloop
  endfacet
  facet normal 0 0 1
    outer loop
      vertex 7.11436 70.7 1.5
      vertex 5.56815 69.9824 1.5
      vertex 5.65224 69.7346 1.5
    endloop
  endfacet
  facet normal 0 0 1
    outer loop
      vertex 7.11436 70.7 1.5
      vertex 5.51711 70.2389 1.5
      vertex 5.56815 69.9824 1.5
    endloop
  endfacet
  facet normal 0 -1 0
    outer loop
      vertex 7.5 105.5 1.5
      vertex 49.74 105.5 3
      vertex 7.5 105.5 3
    endloop
  endfacet
  facet normal 0 -1 -0
    outer loop
      vertex 49.74 105.5 3
      vertex 7.5 105.5 1.5
      vertex 49.74 105.5 1.5
    endloop
  endfacet
  facet normal -0.442621 0.896709 0
    outer loop
      vertex 50.74 68.768 1.5
      vertex 50.5054 68.6522 3
      vertex 50.74 68.768 3
    endloop
  endfacet
  facet normal -0.442621 0.896709 0
    outer loop
      vertex 50.5054 68.6522 3
      vertex 50.74 68.768 1.5
      vertex 50.5054 68.6522 1.5
    endloop
  endfacet
  facet normal 0.321121 -0.947038 0
    outer loop
      vertex 6.73463 105.348 1.5
      vertex 6.98236 105.432 3
      vertex 6.73463 105.348 3
    endloop
  endfacet
  facet normal 0.321121 -0.947038 0
    outer loop
      vertex 6.98236 105.432 3
      vertex 6.73463 105.348 1.5
      vertex 6.98236 105.432 1.5
    endloop
  endfacet
  facet normal -0.94695 0.321382 0
    outer loop
      vertex 51.5878 69.7346 1.5
      vertex 51.6719 69.9824 3
      vertex 51.6719 69.9824 1.5
    endloop
  endfacet
  facet normal -0.94695 0.321382 0
    outer loop
      vertex 51.6719 69.9824 3
      vertex 51.5878 69.7346 1.5
      vertex 51.5878 69.7346 3
    endloop
  endfacet
  facet normal -0.750676 -0.660671 0
    outer loop
      vertex 51.3267 104.718 1.5
      vertex 51.1542 104.914 3
      vertex 51.1542 104.914 1.5
    endloop
  endfacet
  facet normal -0.750676 -0.660671 0
    outer loop
      vertex 51.1542 104.914 3
      vertex 51.3267 104.718 1.5
      vertex 51.3267 104.718 3
    endloop
  endfacet
  facet normal -1 0 0
    outer loop
      vertex 51.74 70.5 1.5
      vertex 51.74 103.5 3
      vertex 51.74 103.5 1.5
    endloop
  endfacet
  facet normal -1 -0 0
    outer loop
      vertex 51.74 103.5 3
      vertex 51.74 70.5 1.5
      vertex 51.74 70.5 3
    endloop
  endfacet
  facet normal -0.980873 -0.194648 0
    outer loop
      vertex 51.7229 103.761 1.5
      vertex 51.6719 104.018 3
      vertex 51.6719 104.018 1.5
    endloop
  endfacet
  facet normal -0.980873 -0.194648 0
    outer loop
      vertex 51.6719 104.018 3
      vertex 51.7229 103.761 1.5
      vertex 51.7229 103.761 3
    endloop
  endfacet
  facet normal 0.946644 -0.322281 0
    outer loop
      vertex 5.56815 104.018 3
      vertex 5.65224 104.265 1.5
      vertex 5.65224 104.265 3
    endloop
  endfacet
  facet normal 0.946644 -0.322281 0
    outer loop
      vertex 5.65224 104.265 1.5
      vertex 5.56815 104.018 3
      vertex 5.56815 104.018 1.5
    endloop
  endfacet
  facet normal 0.751842 0.659343 0
    outer loop
      vertex 6.08579 69.0858 3
      vertex 5.91329 69.2825 1.5
      vertex 5.91329 69.2825 3
    endloop
  endfacet
  facet normal 0.751842 0.659343 0
    outer loop
      vertex 5.91329 69.2825 1.5
      vertex 6.08579 69.0858 3
      vertex 6.08579 69.0858 1.5
    endloop
  endfacet
  facet normal -0.831521 0.555494 0
    outer loop
      vertex 51.3267 69.2825 1.5
      vertex 51.472 69.5 3
      vertex 51.472 69.5 1.5
    endloop
  endfacet
  facet normal -0.831521 0.555494 0
    outer loop
      vertex 51.472 69.5 3
      vertex 51.3267 69.2825 1.5
      vertex 51.3267 69.2825 3
    endloop
  endfacet
  facet normal 0.44319 -0.896428 0
    outer loop
      vertex 6.5 105.232 1.5
      vertex 6.73463 105.348 3
      vertex 6.5 105.232 3
    endloop
  endfacet
  facet normal 0.44319 -0.896428 0
    outer loop
      vertex 6.73463 105.348 3
      vertex 6.5 105.232 1.5
      vertex 6.73463 105.348 1.5
    endloop
  endfacet
  facet normal 0.321463 0.946922 -0
    outer loop
      vertex 6.98236 68.5681 1.5
      vertex 6.73463 68.6522 3
      vertex 6.98236 68.5681 3
    endloop
  endfacet
  facet normal 0.321463 0.946922 0
    outer loop
      vertex 6.73463 68.6522 3
      vertex 6.98236 68.5681 1.5
      vertex 6.73463 68.6522 1.5
    endloop
  endfacet
  facet normal 0.555459 0.831544 -0
    outer loop
      vertex 6.5 68.768 1.5
      vertex 6.28248 68.9133 3
      vertex 6.5 68.768 3
    endloop
  endfacet
  facet normal 0.555459 0.831544 0
    outer loop
      vertex 6.28248 68.9133 3
      vertex 6.5 68.768 1.5
      vertex 6.28248 68.9133 1.5
    endloop
  endfacet
  facet normal 0.750676 -0.660671 0
    outer loop
      vertex 5.91329 104.718 3
      vertex 6.08579 104.914 1.5
      vertex 6.08579 104.914 3
    endloop
  endfacet
  facet normal 0.750676 -0.660671 0
    outer loop
      vertex 6.08579 104.914 1.5
      vertex 5.91329 104.718 3
      vertex 5.91329 104.718 1.5
    endloop
  endfacet
  facet normal -0.443235 -0.896405 0
    outer loop
      vertex 50.5054 105.348 1.5
      vertex 50.74 105.232 3
      vertex 50.5054 105.348 3
    endloop
  endfacet
  facet normal -0.443235 -0.896405 -0
    outer loop
      vertex 50.74 105.232 3
      vertex 50.5054 105.348 1.5
      vertex 50.74 105.232 1.5
    endloop
  endfacet
  facet normal 0.064984 -0.997886 0
    outer loop
      vertex 7.23895 105.483 1.5
      vertex 7.5 105.5 3
      vertex 7.23895 105.483 3
    endloop
  endfacet
  facet normal 0.064984 -0.997886 0
    outer loop
      vertex 7.5 105.5 3
      vertex 7.23895 105.483 1.5
      vertex 7.5 105.5 1.5
    endloop
  endfacet
  facet normal 0.946961 0.321348 0
    outer loop
      vertex 5.65224 69.7346 3
      vertex 5.56815 69.9824 1.5
      vertex 5.56815 69.9824 3
    endloop
  endfacet
  facet normal 0.946961 0.321348 0
    outer loop
      vertex 5.56815 69.9824 1.5
      vertex 5.65224 69.7346 3
      vertex 5.65224 69.7346 1.5
    endloop
  endfacet
  facet normal -0.195013 0.980801 0
    outer loop
      vertex 50.2576 68.5681 1.5
      vertex 50.0011 68.5171 3
      vertex 50.2576 68.5681 3
    endloop
  endfacet
  facet normal -0.195013 0.980801 0
    outer loop
      vertex 50.0011 68.5171 3
      vertex 50.2576 68.5681 1.5
      vertex 50.0011 68.5171 1.5
    endloop
  endfacet
  facet normal 0.980771 0.19516 0
    outer loop
      vertex 5.56815 69.9824 3
      vertex 5.51711 70.2389 1.5
      vertex 5.51711 70.2389 3
    endloop
  endfacet
  facet normal 0.980771 0.19516 0
    outer loop
      vertex 5.51711 70.2389 1.5
      vertex 5.56815 69.9824 3
      vertex 5.56815 69.9824 1.5
    endloop
  endfacet
  facet normal 0.194947 0.980814 -0
    outer loop
      vertex 7.23895 68.5171 1.5
      vertex 6.98236 68.5681 3
      vertex 7.23895 68.5171 3
    endloop
  endfacet
  facet normal 0.194947 0.980814 0
    outer loop
      vertex 6.98236 68.5681 3
      vertex 7.23895 68.5171 1.5
      vertex 6.98236 68.5681 1.5
    endloop
  endfacet
  facet normal -0.897008 -0.442015 0
    outer loop
      vertex 51.5878 104.265 1.5
      vertex 51.472 104.5 3
      vertex 51.472 104.5 1.5
    endloop
  endfacet
  facet normal -0.897008 -0.442015 0
    outer loop
      vertex 51.472 104.5 3
      vertex 51.5878 104.265 1.5
      vertex 51.5878 104.265 3
    endloop
  endfacet
  facet normal 0.194947 -0.980814 0
    outer loop
      vertex 6.98236 105.432 1.5
      vertex 7.23895 105.483 3
      vertex 6.98236 105.432 3
    endloop
  endfacet
  facet normal 0.194947 -0.980814 0
    outer loop
      vertex 7.23895 105.483 3
      vertex 6.98236 105.432 1.5
      vertex 7.23895 105.483 1.5
    endloop
  endfacet
  facet normal 1 -0 0
    outer loop
      vertex 5.5 70.5 3
      vertex 5.5 103.5 1.5
      vertex 5.5 103.5 3
    endloop
  endfacet
  facet normal 1 0 0
    outer loop
      vertex 5.5 103.5 1.5
      vertex 5.5 70.5 3
      vertex 5.5 70.5 1.5
    endloop
  endfacet
  facet normal -0.195013 -0.980801 0
    outer loop
      vertex 50.0011 105.483 1.5
      vertex 50.2576 105.432 3
      vertex 50.0011 105.483 3
    endloop
  endfacet
  facet normal -0.195013 -0.980801 -0
    outer loop
      vertex 50.2576 105.432 3
      vertex 50.0011 105.483 1.5
      vertex 50.2576 105.432 1.5
    endloop
  endfacet
  facet normal -0.751842 0.659343 0
    outer loop
      vertex 51.1542 69.0858 1.5
      vertex 51.3267 69.2825 3
      vertex 51.3267 69.2825 1.5
    endloop
  endfacet
  facet normal -0.751842 0.659343 0
    outer loop
      vertex 51.3267 69.2825 3
      vertex 51.1542 69.0858 1.5
      vertex 51.1542 69.0858 3
    endloop
  endfacet
  facet normal -0.997861 -0.0653771 0
    outer loop
      vertex 51.74 103.5 1.5
      vertex 51.7229 103.761 3
      vertex 51.7229 103.761 1.5
    endloop
  endfacet
  facet normal -0.997861 -0.0653771 0
    outer loop
      vertex 51.7229 103.761 3
      vertex 51.74 103.5 1.5
      vertex 51.74 103.5 3
    endloop
  endfacet
  facet normal 0.832039 -0.554718 0
    outer loop
      vertex 5.76795 104.5 3
      vertex 5.91329 104.718 1.5
      vertex 5.91329 104.718 3
    endloop
  endfacet
  facet normal 0.832039 -0.554718 0
    outer loop
      vertex 5.91329 104.718 1.5
      vertex 5.76795 104.5 3
      vertex 5.76795 104.5 1.5
    endloop
  endfacet
  facet normal 0.0653646 0.997861 -0
    outer loop
      vertex 7.5 68.5 1.5
      vertex 7.23895 68.5171 3
      vertex 7.5 68.5 3
    endloop
  endfacet
  facet normal 0.0653646 0.997861 0
    outer loop
      vertex 7.23895 68.5171 3
      vertex 7.5 68.5 1.5
      vertex 7.23895 68.5171 1.5
    endloop
  endfacet
  facet normal 0.897144 -0.441738 0
    outer loop
      vertex 5.65224 104.265 3
      vertex 5.76795 104.5 1.5
      vertex 5.76795 104.5 3
    endloop
  endfacet
  facet normal 0.897144 -0.441738 0
    outer loop
      vertex 5.76795 104.5 1.5
      vertex 5.65224 104.265 3
      vertex 5.65224 104.265 1.5
    endloop
  endfacet
  facet normal -0.5547 -0.83205 0
    outer loop
      vertex 50.74 105.232 1.5
      vertex 50.9575 105.087 3
      vertex 50.74 105.232 3
    endloop
  endfacet
  facet normal -0.5547 -0.83205 -0
    outer loop
      vertex 50.9575 105.087 3
      vertex 50.74 105.232 1.5
      vertex 50.9575 105.087 1.5
    endloop
  endfacet
  facet normal 0.99786 0.0653902 0
    outer loop
      vertex 5.51711 70.2389 3
      vertex 5.5 70.5 1.5
      vertex 5.5 70.5 3
    endloop
  endfacet
  facet normal 0.99786 0.0653902 0
    outer loop
      vertex 5.5 70.5 1.5
      vertex 5.51711 70.2389 3
      vertex 5.51711 70.2389 1.5
    endloop
  endfacet
  facet normal 0.997858 -0.0654151 0
    outer loop
      vertex 5.5 103.5 3
      vertex 5.51711 103.761 1.5
      vertex 5.51711 103.761 3
    endloop
  endfacet
  facet normal 0.997858 -0.0654151 0
    outer loop
      vertex 5.51711 103.761 1.5
      vertex 5.5 103.5 3
      vertex 5.5 103.5 1.5
    endloop
  endfacet
  facet normal -0.896709 0.442621 0
    outer loop
      vertex 51.472 69.5 1.5
      vertex 51.5878 69.7346 3
      vertex 51.5878 69.7346 1.5
    endloop
  endfacet
  facet normal -0.896709 0.442621 0
    outer loop
      vertex 51.5878 69.7346 3
      vertex 51.472 69.5 1.5
      vertex 51.472 69.5 3
    endloop
  endfacet
  facet normal -0.0653521 0.997862 0
    outer loop
      vertex 50.0011 68.5171 1.5
      vertex 49.74 68.5 3
      vertex 50.0011 68.5171 3
    endloop
  endfacet
  facet normal -0.0653521 0.997862 0
    outer loop
      vertex 49.74 68.5 3
      vertex 50.0011 68.5171 1.5
      vertex 49.74 68.5 1.5
    endloop
  endfacet
  facet normal 0.83145 0.5556 0
    outer loop
      vertex 5.91329 69.2825 3
      vertex 5.76795 69.5 1.5
      vertex 5.76795 69.5 3
    endloop
  endfacet
  facet normal 0.83145 0.5556 0
    outer loop
      vertex 5.76795 69.5 1.5
      vertex 5.91329 69.2825 3
      vertex 5.91329 69.2825 1.5
    endloop
  endfacet
  facet normal 0.659362 0.751826 -0
    outer loop
      vertex 6.28248 68.9133 1.5
      vertex 6.08579 69.0858 3
      vertex 6.28248 68.9133 3
    endloop
  endfacet
  facet normal 0.659362 0.751826 0
    outer loop
      vertex 6.08579 69.0858 3
      vertex 6.28248 68.9133 1.5
      vertex 6.08579 69.0858 1.5
    endloop
  endfacet
  facet normal -0.321382 0.94695 0
    outer loop
      vertex 50.5054 68.6522 1.5
      vertex 50.2576 68.5681 3
      vertex 50.5054 68.6522 3
    endloop
  endfacet
  facet normal -0.321382 0.94695 0
    outer loop
      vertex 50.2576 68.5681 3
      vertex 50.5054 68.6522 1.5
      vertex 50.2576 68.5681 1.5
    endloop
  endfacet
  facet normal -0.555494 0.831521 0
    outer loop
      vertex 50.9575 68.9133 1.5
      vertex 50.74 68.768 3
      vertex 50.9575 68.9133 3
    endloop
  endfacet
  facet normal -0.555494 0.831521 0
    outer loop
      vertex 50.74 68.768 3
      vertex 50.9575 68.9133 1.5
      vertex 50.74 68.768 1.5
    endloop
  endfacet
  facet normal -0.832109 -0.554612 0
    outer loop
      vertex 51.472 104.5 1.5
      vertex 51.3267 104.718 3
      vertex 51.3267 104.718 1.5
    endloop
  endfacet
  facet normal -0.832109 -0.554612 0
    outer loop
      vertex 51.3267 104.718 3
      vertex 51.472 104.5 1.5
      vertex 51.472 104.5 3
    endloop
  endfacet
  facet normal -0.946632 -0.322315 0
    outer loop
      vertex 51.6719 104.018 1.5
      vertex 51.5878 104.265 3
      vertex 51.5878 104.265 1.5
    endloop
  endfacet
  facet normal -0.946632 -0.322315 0
    outer loop
      vertex 51.5878 104.265 3
      vertex 51.6719 104.018 1.5
      vertex 51.6719 104.018 3
    endloop
  endfacet
  facet normal -0.980801 0.195013 0
    outer loop
      vertex 51.6719 69.9824 1.5
      vertex 51.7229 70.2389 3
      vertex 51.7229 70.2389 1.5
    endloop
  endfacet
  facet normal -0.980801 0.195013 0
    outer loop
      vertex 51.7229 70.2389 3
      vertex 51.6719 69.9824 1.5
      vertex 51.6719 69.9824 3
    endloop
  endfacet
  facet normal 0.442575 0.896731 -0
    outer loop
      vertex 6.73463 68.6522 1.5
      vertex 6.5 68.768 3
      vertex 6.73463 68.6522 3
    endloop
  endfacet
  facet normal 0.442575 0.896731 0
    outer loop
      vertex 6.5 68.768 3
      vertex 6.73463 68.6522 1.5
      vertex 6.5 68.768 1.5
    endloop
  endfacet
  facet normal -0.997862 0.0653521 0
    outer loop
      vertex 51.7229 70.2389 1.5
      vertex 51.74 70.5 3
      vertex 51.74 70.5 1.5
    endloop
  endfacet
  facet normal -0.997862 0.0653521 0
    outer loop
      vertex 51.74 70.5 3
      vertex 51.7229 70.2389 1.5
      vertex 51.7229 70.2389 3
    endloop
  endfacet
  facet normal 0.66044 -0.750879 0
    outer loop
      vertex 6.08579 104.914 1.5
      vertex 6.28248 105.087 3
      vertex 6.08579 104.914 3
    endloop
  endfacet
  facet normal 0.66044 -0.750879 0
    outer loop
      vertex 6.28248 105.087 3
      vertex 6.08579 104.914 1.5
      vertex 6.28248 105.087 1.5
    endloop
  endfacet
  facet normal 0.554665 -0.832074 0
    outer loop
      vertex 6.28248 105.087 1.5
      vertex 6.5 105.232 3
      vertex 6.28248 105.087 3
    endloop
  endfacet
  facet normal 0.554665 -0.832074 0
    outer loop
      vertex 6.5 105.232 3
      vertex 6.28248 105.087 1.5
      vertex 6.5 105.232 1.5
    endloop
  endfacet
endsolid OpenSCAD_Model
