solid OpenSCAD_Model
  facet normal -0.997874 -0.0651673 0
    outer loop
      vertex 66.22 108 1.4
      vertex 66.2072 108.196 3
      vertex 66.2072 108.196 1.4
    endloop
  endfacet
  facet normal -0.997874 -0.0651673 0
    outer loop
      vertex 66.2072 108.196 3
      vertex 66.22 108 1.4
      vertex 66.22 108 3
    endloop
  endfacet
  facet normal 0.947036 -0.321127 0
    outer loop
      vertex 3.55111 108.388 3
      vertex 3.61418 108.574 1.4
      vertex 3.61418 108.574 3
    endloop
  endfacet
  facet normal 0.947036 -0.321127 0
    outer loop
      vertex 3.61418 108.574 1.4
      vertex 3.55111 108.388 3
      vertex 3.55111 108.388 1.4
    endloop
  endfacet
  facet normal 0.321117 -0.94704 0
    outer loop
      vertex 4.42597 109.386 1.4
      vertex 4.61177 109.449 3
      vertex 4.42597 109.386 3
    endloop
  endfacet
  facet normal 0.321117 -0.94704 0
    outer loop
      vertex 4.61177 109.449 3
      vertex 4.42597 109.386 1.4
      vertex 4.61177 109.449 1.4
    endloop
  endfacet
  facet normal -0.658071 -0.752956 0
    outer loop
      vertex 65.6331 109.19 1.4
      vertex 65.7807 109.061 3
      vertex 65.6331 109.19 3
    endloop
  endfacet
  facet normal -0.658071 -0.752956 -0
    outer loop
      vertex 65.7807 109.061 3
      vertex 65.6331 109.19 1.4
      vertex 65.7807 109.061 1.4
    endloop
  endfacet
  facet normal 0.831241 -0.555912 0
    outer loop
      vertex 3.70096 108.75 3
      vertex 3.80997 108.913 1.4
      vertex 3.80997 108.913 3
    endloop
  endfacet
  facet normal 0.831241 -0.555912 0
    outer loop
      vertex 3.80997 108.913 1.4
      vertex 3.70096 108.75 3
      vertex 3.70096 108.75 1.4
    endloop
  endfacet
  facet normal 1 -0 0
    outer loop
      vertex 3.5 69 3
      vertex 3.5 108 1.4
      vertex 3.5 108 3
    endloop
  endfacet
  facet normal 1 0 0
    outer loop
      vertex 3.5 108 1.4
      vertex 3.5 69 3
      vertex 3.5 69 1.4
    endloop
  endfacet
  facet normal 0.443195 -0.896425 0
    outer loop
      vertex 4.25 109.299 1.4
      vertex 4.42597 109.386 3
      vertex 4.25 109.299 3
    endloop
  endfacet
  facet normal 0.443195 -0.896425 0
    outer loop
      vertex 4.42597 109.386 3
      vertex 4.25 109.299 1.4
      vertex 4.42597 109.386 1.4
    endloop
  endfacet
  facet normal 0.658273 -0.752779 0
    outer loop
      vertex 3.93934 109.061 1.4
      vertex 4.08686 109.19 3
      vertex 3.93934 109.061 3
    endloop
  endfacet
  facet normal 0.658273 -0.752779 0
    outer loop
      vertex 4.08686 109.19 3
      vertex 3.93934 109.061 1.4
      vertex 4.08686 109.19 1.4
    endloop
  endfacet
  facet normal 0.980698 -0.195527 0
    outer loop
      vertex 3.51283 108.196 3
      vertex 3.55111 108.388 1.4
      vertex 3.55111 108.388 3
    endloop
  endfacet
  facet normal 0.980698 -0.195527 0
    outer loop
      vertex 3.55111 108.388 1.4
      vertex 3.51283 108.196 3
      vertex 3.51283 108.196 1.4
    endloop
  endfacet
  facet normal 0.0662518 -0.997803 0
    outer loop
      vertex 4.80421 109.487 1.4
      vertex 5 109.5 3
      vertex 4.80421 109.487 3
    endloop
  endfacet
  facet normal 0.0662518 -0.997803 0
    outer loop
      vertex 5 109.5 3
      vertex 4.80421 109.487 1.4
      vertex 5 109.5 1.4
    endloop
  endfacet
  facet normal -1 0 0
    outer loop
      vertex 66.22 69 1.4
      vertex 66.22 108 3
      vertex 66.22 108 1.4
    endloop
  endfacet
  facet normal -1 -0 0
    outer loop
      vertex 66.22 108 3
      vertex 66.22 69 1.4
      vertex 66.22 69 3
    endloop
  endfacet
  facet normal 0.321574 0.946885 -0
    outer loop
      vertex 4.61177 67.5511 1.4
      vertex 4.42597 67.6142 3
      vertex 4.61177 67.5511 3
    endloop
  endfacet
  facet normal 0.321574 0.946885 0
    outer loop
      vertex 4.42597 67.6142 3
      vertex 4.61177 67.5511 1.4
      vertex 4.42597 67.6142 1.4
    endloop
  endfacet
  facet normal 0 1 -0
    outer loop
      vertex 64.72 67.5 1.4
      vertex 5 67.5 3
      vertex 64.72 67.5 3
    endloop
  endfacet
  facet normal 0 1 0
    outer loop
      vertex 5 67.5 3
      vertex 64.72 67.5 1.4
      vertex 5 67.5 1.4
    endloop
  endfacet
  facet normal 0.997864 -0.0653194 0
    outer loop
      vertex 3.5 108 3
      vertex 3.51283 108.196 1.4
      vertex 3.51283 108.196 3
    endloop
  endfacet
  facet normal 0.997864 -0.0653194 0
    outer loop
      vertex 3.51283 108.196 1.4
      vertex 3.5 108 3
      vertex 3.5 108 1.4
    endloop
  endfacet
  facet normal 0 -1 0
    outer loop
      vertex 5 109.5 1.4
      vertex 64.72 109.5 3
      vertex 5 109.5 3
    endloop
  endfacet
  facet normal 0 -1 -0
    outer loop
      vertex 64.72 109.5 3
      vertex 5 109.5 1.4
      vertex 64.72 109.5 1.4
    endloop
  endfacet
  facet normal -0.753081 -0.657928 0
    outer loop
      vertex 65.91 108.913 1.4
      vertex 65.7807 109.061 3
      vertex 65.7807 109.061 1.4
    endloop
  endfacet
  facet normal -0.753081 -0.657928 0
    outer loop
      vertex 65.7807 109.061 3
      vertex 65.91 108.913 1.4
      vertex 65.91 108.913 3
    endloop
  endfacet
  facet normal -0.193762 -0.981049 0
    outer loop
      vertex 64.9158 109.487 1.4
      vertex 65.1082 109.449 3
      vertex 64.9158 109.487 3
    endloop
  endfacet
  facet normal -0.193762 -0.981049 -0
    outer loop
      vertex 65.1082 109.449 3
      vertex 64.9158 109.487 1.4
      vertex 65.1082 109.449 1.4
    endloop
  endfacet
  facet normal 0.980776 0.195136 0
    outer loop
      vertex 3.55111 68.6118 3
      vertex 3.51283 68.8042 1.4
      vertex 3.51283 68.8042 3
    endloop
  endfacet
  facet normal 0.980776 0.195136 0
    outer loop
      vertex 3.51283 68.8042 1.4
      vertex 3.55111 68.6118 3
      vertex 3.55111 68.6118 1.4
    endloop
  endfacet
  facet normal 0.65914 0.752021 -0
    outer loop
      vertex 4.08686 67.81 1.4
      vertex 3.93934 67.9393 3
      vertex 4.08686 67.81 3
    endloop
  endfacet
  facet normal 0.65914 0.752021 0
    outer loop
      vertex 3.93934 67.9393 3
      vertex 4.08686 67.81 1.4
      vertex 3.93934 67.9393 1.4
    endloop
  endfacet
  facet normal 0.8969 -0.442233 0
    outer loop
      vertex 3.61418 108.574 3
      vertex 3.70096 108.75 1.4
      vertex 3.70096 108.75 3
    endloop
  endfacet
  facet normal 0.8969 -0.442233 0
    outer loop
      vertex 3.70096 108.75 1.4
      vertex 3.61418 108.574 3
      vertex 3.61418 108.574 1.4
    endloop
  endfacet
  facet normal 0.193723 -0.981056 0
    outer loop
      vertex 4.61177 109.449 1.4
      vertex 4.80421 109.487 3
      vertex 4.61177 109.449 3
    endloop
  endfacet
  facet normal 0.193723 -0.981056 0
    outer loop
      vertex 4.80421 109.487 3
      vertex 4.61177 109.449 1.4
      vertex 4.80421 109.487 1.4
    endloop
  endfacet
  facet normal -0.831265 -0.555877 0
    outer loop
      vertex 66.019 108.75 1.4
      vertex 65.91 108.913 3
      vertex 65.91 108.913 1.4
    endloop
  endfacet
  facet normal -0.831265 -0.555877 0
    outer loop
      vertex 65.91 108.913 3
      vertex 66.019 108.75 1.4
      vertex 66.019 108.75 3
    endloop
  endfacet
  facet normal 0.555547 -0.831485 0
    outer loop
      vertex 4.08686 109.19 1.4
      vertex 4.25 109.299 3
      vertex 4.08686 109.19 3
    endloop
  endfacet
  facet normal 0.555547 -0.831485 0
    outer loop
      vertex 4.25 109.299 3
      vertex 4.08686 109.19 1.4
      vertex 4.25 109.299 1.4
    endloop
  endfacet
  facet normal -0.321117 -0.94704 0
    outer loop
      vertex 65.1082 109.449 1.4
      vertex 65.294 109.386 3
      vertex 65.1082 109.449 3
    endloop
  endfacet
  facet normal -0.321117 -0.94704 -0
    outer loop
      vertex 65.294 109.386 3
      vertex 65.1082 109.449 1.4
      vertex 65.294 109.386 1.4
    endloop
  endfacet
  facet normal 0.831399 0.555676 0
    outer loop
      vertex 3.80997 68.0869 3
      vertex 3.70096 68.25 1.4
      vertex 3.70096 68.25 3
    endloop
  endfacet
  facet normal 0.831399 0.555676 0
    outer loop
      vertex 3.70096 68.25 1.4
      vertex 3.80997 68.0869 3
      vertex 3.80997 68.0869 1.4
    endloop
  endfacet
  facet normal 0.442376 0.89683 -0
    outer loop
      vertex 4.42597 67.6142 1.4
      vertex 4.25 67.701 3
      vertex 4.42597 67.6142 3
    endloop
  endfacet
  facet normal 0.442376 0.89683 0
    outer loop
      vertex 4.25 67.701 3
      vertex 4.42597 67.6142 1.4
      vertex 4.25 67.701 1.4
    endloop
  endfacet
  facet normal 0.8969 0.442233 0
    outer loop
      vertex 3.70096 68.25 3
      vertex 3.61418 68.426 1.4
      vertex 3.61418 68.426 3
    endloop
  endfacet
  facet normal 0.8969 0.442233 0
    outer loop
      vertex 3.61418 68.426 1.4
      vertex 3.70096 68.25 3
      vertex 3.70096 68.25 1.4
    endloop
  endfacet
  facet normal -0.0662484 -0.997803 0
    outer loop
      vertex 64.72 109.5 1.4
      vertex 64.9158 109.487 3
      vertex 64.72 109.5 3
    endloop
  endfacet
  facet normal -0.0662484 -0.997803 -0
    outer loop
      vertex 64.9158 109.487 3
      vertex 64.72 109.5 1.4
      vertex 64.9158 109.487 1.4
    endloop
  endfacet
  facet normal 0.0652369 0.99787 -0
    outer loop
      vertex 5 67.5 1.4
      vertex 4.80421 67.5128 3
      vertex 5 67.5 3
    endloop
  endfacet
  facet normal 0.0652369 0.99787 0
    outer loop
      vertex 4.80421 67.5128 3
      vertex 5 67.5 1.4
      vertex 4.80421 67.5128 1.4
    endloop
  endfacet
  facet normal -0.99787 0.0652336 0
    outer loop
      vertex 66.2072 68.8042 1.4
      vertex 66.22 69 3
      vertex 66.22 69 1.4
    endloop
  endfacet
  facet normal -0.99787 0.0652336 0
    outer loop
      vertex 66.22 69 3
      vertex 66.2072 68.8042 1.4
      vertex 66.2072 68.8042 3
    endloop
  endfacet
  facet normal 0.555547 0.831485 -0
    outer loop
      vertex 4.25 67.701 1.4
      vertex 4.08686 67.81 3
      vertex 4.25 67.701 3
    endloop
  endfacet
  facet normal 0.555547 0.831485 0
    outer loop
      vertex 4.08686 67.81 3
      vertex 4.25 67.701 1.4
      vertex 4.08686 67.81 1.4
    endloop
  endfacet
  facet normal -0.89686 -0.442315 0
    outer loop
      vertex 66.1058 108.574 1.4
      vertex 66.019 108.75 3
      vertex 66.019 108.75 1.4
    endloop
  endfacet
  facet normal -0.89686 -0.442315 0
    outer loop
      vertex 66.019 108.75 3
      vertex 66.1058 108.574 1.4
      vertex 66.1058 108.574 3
    endloop
  endfacet
  facet normal -0.442315 0.89686 0
    outer loop
      vertex 65.47 67.701 1.4
      vertex 65.294 67.6142 3
      vertex 65.47 67.701 3
    endloop
  endfacet
  facet normal -0.442315 0.89686 0
    outer loop
      vertex 65.294 67.6142 3
      vertex 65.47 67.701 1.4
      vertex 65.294 67.6142 1.4
    endloop
  endfacet
  facet normal -0.195234 0.980757 0
    outer loop
      vertex 65.1082 67.5511 1.4
      vertex 64.9158 67.5128 3
      vertex 65.1082 67.5511 3
    endloop
  endfacet
  facet normal -0.195234 0.980757 0
    outer loop
      vertex 64.9158 67.5128 3
      vertex 65.1082 67.5511 1.4
      vertex 64.9158 67.5128 1.4
    endloop
  endfacet
  facet normal -0.0652336 0.99787 0
    outer loop
      vertex 64.9158 67.5128 1.4
      vertex 64.72 67.5 3
      vertex 64.9158 67.5128 3
    endloop
  endfacet
  facet normal -0.0652336 0.99787 0
    outer loop
      vertex 64.72 67.5 3
      vertex 64.9158 67.5128 1.4
      vertex 64.72 67.5 1.4
    endloop
  endfacet
  facet normal -0.980757 0.195234 0
    outer loop
      vertex 66.1689 68.6118 1.4
      vertex 66.2072 68.8042 3
      vertex 66.2072 68.8042 1.4
    endloop
  endfacet
  facet normal -0.980757 0.195234 0
    outer loop
      vertex 66.2072 68.8042 3
      vertex 66.1689 68.6118 1.4
      vertex 66.1689 68.6118 3
    endloop
  endfacet
  facet normal -0.980679 -0.195625 0
    outer loop
      vertex 66.2072 108.196 1.4
      vertex 66.1689 108.388 3
      vertex 66.1689 108.388 1.4
    endloop
  endfacet
  facet normal -0.980679 -0.195625 0
    outer loop
      vertex 66.1689 108.388 3
      vertex 66.2072 108.196 1.4
      vertex 66.2072 108.196 3
    endloop
  endfacet
  facet normal -0.752198 0.658937 0
    outer loop
      vertex 65.7807 67.9393 1.4
      vertex 65.91 68.0869 3
      vertex 65.91 68.0869 1.4
    endloop
  endfacet
  facet normal -0.752198 0.658937 0
    outer loop
      vertex 65.91 68.0869 3
      vertex 65.7807 67.9393 1.4
      vertex 65.7807 67.9393 3
    endloop
  endfacet
  facet normal 0.195195 0.980764 -0
    outer loop
      vertex 4.80421 67.5128 1.4
      vertex 4.61177 67.5511 3
      vertex 4.80421 67.5128 3
    endloop
  endfacet
  facet normal 0.195195 0.980764 0
    outer loop
      vertex 4.61177 67.5511 3
      vertex 4.80421 67.5128 1.4
      vertex 4.61177 67.5511 1.4
    endloop
  endfacet
  facet normal -0.94699 -0.321264 0
    outer loop
      vertex 66.1689 108.388 1.4
      vertex 66.1058 108.574 3
      vertex 66.1058 108.574 1.4
    endloop
  endfacet
  facet normal -0.94699 -0.321264 0
    outer loop
      vertex 66.1058 108.574 3
      vertex 66.1689 108.388 1.4
      vertex 66.1689 108.388 3
    endloop
  endfacet
  facet normal 0.752904 -0.65813 0
    outer loop
      vertex 3.80997 108.913 3
      vertex 3.93934 109.061 1.4
      vertex 3.93934 109.061 3
    endloop
  endfacet
  facet normal 0.752904 -0.65813 0
    outer loop
      vertex 3.93934 109.061 1.4
      vertex 3.80997 108.913 3
      vertex 3.80997 108.913 1.4
    endloop
  endfacet
  facet normal 0.946931 0.321437 0
    outer loop
      vertex 3.61418 68.426 3
      vertex 3.55111 68.6118 1.4
      vertex 3.55111 68.6118 3
    endloop
  endfacet
  facet normal 0.946931 0.321437 0
    outer loop
      vertex 3.55111 68.6118 1.4
      vertex 3.61418 68.426 3
      vertex 3.61418 68.426 1.4
    endloop
  endfacet
  facet normal -0.946885 0.321574 0
    outer loop
      vertex 66.1058 68.426 1.4
      vertex 66.1689 68.6118 3
      vertex 66.1689 68.6118 1.4
    endloop
  endfacet
  facet normal -0.946885 0.321574 0
    outer loop
      vertex 66.1689 68.6118 3
      vertex 66.1058 68.426 1.4
      vertex 66.1058 68.426 3
    endloop
  endfacet
  facet normal -0.555641 0.831422 0
    outer loop
      vertex 65.6331 67.81 1.4
      vertex 65.47 67.701 3
      vertex 65.6331 67.81 3
    endloop
  endfacet
  facet normal -0.555641 0.831422 0
    outer loop
      vertex 65.47 67.701 3
      vertex 65.6331 67.81 1.4
      vertex 65.47 67.701 1.4
    endloop
  endfacet
  facet normal -0.658937 0.752198 0
    outer loop
      vertex 65.7807 67.9393 1.4
      vertex 65.6331 67.81 3
      vertex 65.7807 67.9393 3
    endloop
  endfacet
  facet normal -0.658937 0.752198 0
    outer loop
      vertex 65.6331 67.81 3
      vertex 65.7807 67.9393 1.4
      vertex 65.6331 67.81 1.4
    endloop
  endfacet
  facet normal -0.443134 -0.896455 0
    outer loop
      vertex 65.294 109.386 1.4
      vertex 65.47 109.299 3
      vertex 65.294 109.386 3
    endloop
  endfacet
  facet normal -0.443134 -0.896455 -0
    outer loop
      vertex 65.47 109.299 3
      vertex 65.294 109.386 1.4
      vertex 65.47 109.299 1.4
    endloop
  endfacet
  facet normal -0.555641 -0.831422 0
    outer loop
      vertex 65.47 109.299 1.4
      vertex 65.6331 109.19 3
      vertex 65.47 109.299 3
    endloop
  endfacet
  facet normal -0.555641 -0.831422 -0
    outer loop
      vertex 65.6331 109.19 3
      vertex 65.47 109.299 1.4
      vertex 65.6331 109.19 1.4
    endloop
  endfacet
  facet normal 0 0 1
    outer loop
      vertex 63.7736 107.054 1.4
      vertex 66.22 108 1.4
      vertex 66.2072 108.196 1.4
    endloop
  endfacet
  facet normal 0 0 1
    outer loop
      vertex 66.22 108 1.4
      vertex 63.92 106.7 1.4
      vertex 66.22 69 1.4
    endloop
  endfacet
  facet normal 0 0 1
    outer loop
      vertex 63.7736 107.054 1.4
      vertex 66.2072 108.196 1.4
      vertex 66.1689 108.388 1.4
    endloop
  endfacet
  facet normal -0 0 1
    outer loop
      vertex 63.92 70.3 1.4
      vertex 66.22 69 1.4
      vertex 63.92 106.7 1.4
    endloop
  endfacet
  facet normal 0 0 1
    outer loop
      vertex 63.7736 107.054 1.4
      vertex 66.1689 108.388 1.4
      vertex 66.1058 108.574 1.4
    endloop
  endfacet
  facet normal -0 0 1
    outer loop
      vertex 63.9157 70.2347 1.4
      vertex 66.22 69 1.4
      vertex 63.92 70.3 1.4
    endloop
  endfacet
  facet normal 0 0 1
    outer loop
      vertex 63.7736 107.054 1.4
      vertex 66.1058 108.574 1.4
      vertex 66.019 108.75 1.4
    endloop
  endfacet
  facet normal -0 0 1
    outer loop
      vertex 63.903 70.1706 1.4
      vertex 66.22 69 1.4
      vertex 63.9157 70.2347 1.4
    endloop
  endfacet
  facet normal 0 0 1
    outer loop
      vertex 63.7736 107.054 1.4
      vertex 66.019 108.75 1.4
      vertex 65.91 108.913 1.4
    endloop
  endfacet
  facet normal -0 0 1
    outer loop
      vertex 63.8819 70.1087 1.4
      vertex 66.22 69 1.4
      vertex 63.903 70.1706 1.4
    endloop
  endfacet
  facet normal 0 0 1
    outer loop
      vertex 63.7736 107.054 1.4
      vertex 65.91 108.913 1.4
      vertex 65.7807 109.061 1.4
    endloop
  endfacet
  facet normal -0 0 1
    outer loop
      vertex 63.853 70.05 1.4
      vertex 66.22 69 1.4
      vertex 63.8819 70.1087 1.4
    endloop
  endfacet
  facet normal 0 0 1
    outer loop
      vertex 63.7736 107.054 1.4
      vertex 65.7807 109.061 1.4
      vertex 65.6331 109.19 1.4
    endloop
  endfacet
  facet normal -0 0 1
    outer loop
      vertex 63.8167 69.9956 1.4
      vertex 66.22 69 1.4
      vertex 63.853 70.05 1.4
    endloop
  endfacet
  facet normal 0 0 1
    outer loop
      vertex 63.7736 107.054 1.4
      vertex 65.6331 109.19 1.4
      vertex 65.47 109.299 1.4
    endloop
  endfacet
  facet normal -0 0 1
    outer loop
      vertex 63.7736 69.9464 1.4
      vertex 66.22 69 1.4
      vertex 63.8167 69.9956 1.4
    endloop
  endfacet
  facet normal 0 0 1
    outer loop
      vertex 63.7736 107.054 1.4
      vertex 65.47 109.299 1.4
      vertex 65.294 109.386 1.4
    endloop
  endfacet
  facet normal 0 0 1
    outer loop
      vertex 66.22 69 1.4
      vertex 63.7736 69.9464 1.4
      vertex 66.2072 68.8042 1.4
    endloop
  endfacet
  facet normal 0 0 1
    outer loop
      vertex 63.7736 107.054 1.4
      vertex 65.294 109.386 1.4
      vertex 65.1082 109.449 1.4
    endloop
  endfacet
  facet normal 0 0 1
    outer loop
      vertex 66.2072 68.8042 1.4
      vertex 63.7736 69.9464 1.4
      vertex 66.1689 68.6118 1.4
    endloop
  endfacet
  facet normal 0 0 1
    outer loop
      vertex 63.7736 107.054 1.4
      vertex 65.1082 109.449 1.4
      vertex 64.9158 109.487 1.4
    endloop
  endfacet
  facet normal 0 0 1
    outer loop
      vertex 66.1689 68.6118 1.4
      vertex 63.7736 69.9464 1.4
      vertex 66.1058 68.426 1.4
    endloop
  endfacet
  facet normal 0 0 1
    outer loop
      vertex 63.7736 107.054 1.4
      vertex 64.9158 109.487 1.4
      vertex 64.72 109.5 1.4
    endloop
  endfacet
  facet normal 0 0 1
    outer loop
      vertex 66.1058 68.426 1.4
      vertex 63.7736 69.9464 1.4
      vertex 66.019 68.25 1.4
    endloop
  endfacet
  facet normal 0 0 1
    outer loop
      vertex 66.019 68.25 1.4
      vertex 63.7736 69.9464 1.4
      vertex 65.91 68.0869 1.4
    endloop
  endfacet
  facet normal 0 0 1
    outer loop
      vertex 66.22 108 1.4
      vertex 63.9157 106.765 1.4
      vertex 63.92 106.7 1.4
    endloop
  endfacet
  facet normal 0 0 1
    outer loop
      vertex 66.22 108 1.4
      vertex 63.903 106.829 1.4
      vertex 63.9157 106.765 1.4
    endloop
  endfacet
  facet normal 0 0 1
    outer loop
      vertex 66.22 108 1.4
      vertex 63.8819 106.891 1.4
      vertex 63.903 106.829 1.4
    endloop
  endfacet
  facet normal 0 0 1
    outer loop
      vertex 66.22 108 1.4
      vertex 63.853 106.95 1.4
      vertex 63.8819 106.891 1.4
    endloop
  endfacet
  facet normal 0 0 1
    outer loop
      vertex 66.22 108 1.4
      vertex 63.8167 107.004 1.4
      vertex 63.853 106.95 1.4
    endloop
  endfacet
  facet normal 0 0 1
    outer loop
      vertex 66.22 108 1.4
      vertex 63.7736 107.054 1.4
      vertex 63.8167 107.004 1.4
    endloop
  endfacet
  facet normal 0 0 1
    outer loop
      vertex 64.72 109.5 1.4
      vertex 63.7244 107.097 1.4
      vertex 63.7736 107.054 1.4
    endloop
  endfacet
  facet normal 0 0 1
    outer loop
      vertex 64.72 109.5 1.4
      vertex 63.67 107.133 1.4
      vertex 63.7244 107.097 1.4
    endloop
  endfacet
  facet normal 0 0 1
    outer loop
      vertex 64.72 109.5 1.4
      vertex 63.6113 107.162 1.4
      vertex 63.67 107.133 1.4
    endloop
  endfacet
  facet normal 0 0 1
    outer loop
      vertex 64.72 109.5 1.4
      vertex 63.5494 107.183 1.4
      vertex 63.6113 107.162 1.4
    endloop
  endfacet
  facet normal 0 0 1
    outer loop
      vertex 64.72 109.5 1.4
      vertex 63.4853 107.196 1.4
      vertex 63.5494 107.183 1.4
    endloop
  endfacet
  facet normal 0 0 1
    outer loop
      vertex 64.72 109.5 1.4
      vertex 63.42 107.2 1.4
      vertex 63.4853 107.196 1.4
    endloop
  endfacet
  facet normal 0 0 1
    outer loop
      vertex 64.72 109.5 1.4
      vertex 6.3 107.2 1.4
      vertex 63.42 107.2 1.4
    endloop
  endfacet
  facet normal 0 0 1
    outer loop
      vertex 5.80428 106.765 1.4
      vertex 3.5 108 1.4
      vertex 5.8 106.7 1.4
    endloop
  endfacet
  facet normal 0 0 1
    outer loop
      vertex 5.81704 106.829 1.4
      vertex 3.5 108 1.4
      vertex 5.80428 106.765 1.4
    endloop
  endfacet
  facet normal 0 0 1
    outer loop
      vertex 5.83806 106.891 1.4
      vertex 3.5 108 1.4
      vertex 5.81704 106.829 1.4
    endloop
  endfacet
  facet normal 0 0 1
    outer loop
      vertex 5.86699 106.95 1.4
      vertex 3.5 108 1.4
      vertex 5.83806 106.891 1.4
    endloop
  endfacet
  facet normal 0 0 1
    outer loop
      vertex 5.90332 107.004 1.4
      vertex 3.5 108 1.4
      vertex 5.86699 106.95 1.4
    endloop
  endfacet
  facet normal 0 0 1
    outer loop
      vertex 5.94645 107.054 1.4
      vertex 3.5 108 1.4
      vertex 5.90332 107.004 1.4
    endloop
  endfacet
  facet normal -0 0 1
    outer loop
      vertex 3.5 108 1.4
      vertex 5.94645 107.054 1.4
      vertex 5 109.5 1.4
    endloop
  endfacet
  facet normal 0 0 1
    outer loop
      vertex 5.99562 107.097 1.4
      vertex 5 109.5 1.4
      vertex 5.94645 107.054 1.4
    endloop
  endfacet
  facet normal 0 0 1
    outer loop
      vertex 6.05 107.133 1.4
      vertex 5 109.5 1.4
      vertex 5.99562 107.097 1.4
    endloop
  endfacet
  facet normal 0 0 1
    outer loop
      vertex 6.10866 107.162 1.4
      vertex 5 109.5 1.4
      vertex 6.05 107.133 1.4
    endloop
  endfacet
  facet normal 0 0 1
    outer loop
      vertex 6.17059 107.183 1.4
      vertex 5 109.5 1.4
      vertex 6.10866 107.162 1.4
    endloop
  endfacet
  facet normal 0 0 1
    outer loop
      vertex 6.23474 107.196 1.4
      vertex 5 109.5 1.4
      vertex 6.17059 107.183 1.4
    endloop
  endfacet
  facet normal 0 0 1
    outer loop
      vertex 6.3 107.2 1.4
      vertex 5 109.5 1.4
      vertex 6.23474 107.196 1.4
    endloop
  endfacet
  facet normal -0 0 1
    outer loop
      vertex 5 109.5 1.4
      vertex 6.3 107.2 1.4
      vertex 64.72 109.5 1.4
    endloop
  endfacet
  facet normal 0 0 1
    outer loop
      vertex 65.91 68.0869 1.4
      vertex 63.7736 69.9464 1.4
      vertex 65.7807 67.9393 1.4
    endloop
  endfacet
  facet normal 0 0 1
    outer loop
      vertex 65.7807 67.9393 1.4
      vertex 63.7736 69.9464 1.4
      vertex 65.6331 67.81 1.4
    endloop
  endfacet
  facet normal 0 0 1
    outer loop
      vertex 65.6331 67.81 1.4
      vertex 63.7736 69.9464 1.4
      vertex 65.47 67.701 1.4
    endloop
  endfacet
  facet normal 0 0 1
    outer loop
      vertex 65.47 67.701 1.4
      vertex 63.7736 69.9464 1.4
      vertex 65.294 67.6142 1.4
    endloop
  endfacet
  facet normal 0 0 1
    outer loop
      vertex 65.294 67.6142 1.4
      vertex 63.7736 69.9464 1.4
      vertex 65.1082 67.5511 1.4
    endloop
  endfacet
  facet normal 0 0 1
    outer loop
      vertex 65.1082 67.5511 1.4
      vertex 63.7736 69.9464 1.4
      vertex 64.9158 67.5128 1.4
    endloop
  endfacet
  facet normal 0 0 1
    outer loop
      vertex 64.9158 67.5128 1.4
      vertex 63.7736 69.9464 1.4
      vertex 64.72 67.5 1.4
    endloop
  endfacet
  facet normal -0 0 1
    outer loop
      vertex 63.7244 69.9033 1.4
      vertex 64.72 67.5 1.4
      vertex 63.7736 69.9464 1.4
    endloop
  endfacet
  facet normal -0 0 1
    outer loop
      vertex 63.67 69.867 1.4
      vertex 64.72 67.5 1.4
      vertex 63.7244 69.9033 1.4
    endloop
  endfacet
  facet normal -0 0 1
    outer loop
      vertex 63.6113 69.8381 1.4
      vertex 64.72 67.5 1.4
      vertex 63.67 69.867 1.4
    endloop
  endfacet
  facet normal -0 0 1
    outer loop
      vertex 63.5494 69.817 1.4
      vertex 64.72 67.5 1.4
      vertex 63.6113 69.8381 1.4
    endloop
  endfacet
  facet normal -0 0 1
    outer loop
      vertex 63.4853 69.8043 1.4
      vertex 64.72 67.5 1.4
      vertex 63.5494 69.817 1.4
    endloop
  endfacet
  facet normal -0 0 1
    outer loop
      vertex 63.42 69.8 1.4
      vertex 64.72 67.5 1.4
      vertex 63.4853 69.8043 1.4
    endloop
  endfacet
  facet normal -0 0 1
    outer loop
      vertex 6.3 69.8 1.4
      vertex 64.72 67.5 1.4
      vertex 63.42 69.8 1.4
    endloop
  endfacet
  facet normal 0 0 1
    outer loop
      vertex 6.3 69.8 1.4
      vertex 5 67.5 1.4
      vertex 64.72 67.5 1.4
    endloop
  endfacet
  facet normal 0 0 1
    outer loop
      vertex 6.23474 69.8043 1.4
      vertex 5 67.5 1.4
      vertex 6.3 69.8 1.4
    endloop
  endfacet
  facet normal 0 0 1
    outer loop
      vertex 6.17059 69.817 1.4
      vertex 5 67.5 1.4
      vertex 6.23474 69.8043 1.4
    endloop
  endfacet
  facet normal 0 0 1
    outer loop
      vertex 6.10866 69.8381 1.4
      vertex 5 67.5 1.4
      vertex 6.17059 69.817 1.4
    endloop
  endfacet
  facet normal 0 0 1
    outer loop
      vertex 6.05 69.867 1.4
      vertex 5 67.5 1.4
      vertex 6.10866 69.8381 1.4
    endloop
  endfacet
  facet normal 0 0 1
    outer loop
      vertex 5.99562 69.9033 1.4
      vertex 5 67.5 1.4
      vertex 6.05 69.867 1.4
    endloop
  endfacet
  facet normal 0 0 1
    outer loop
      vertex 5.94645 69.9464 1.4
      vertex 5 67.5 1.4
      vertex 5.99562 69.9033 1.4
    endloop
  endfacet
  facet normal 0 0 1
    outer loop
      vertex 3.5 69 1.4
      vertex 5.94645 69.9464 1.4
      vertex 5.90332 69.9956 1.4
    endloop
  endfacet
  facet normal 0 0 1
    outer loop
      vertex 3.5 69 1.4
      vertex 5.90332 69.9956 1.4
      vertex 5.86699 70.05 1.4
    endloop
  endfacet
  facet normal 0 0 1
    outer loop
      vertex 3.5 69 1.4
      vertex 5.86699 70.05 1.4
      vertex 5.83806 70.1087 1.4
    endloop
  endfacet
  facet normal 0 0 1
    outer loop
      vertex 3.5 69 1.4
      vertex 5.83806 70.1087 1.4
      vertex 5.81704 70.1706 1.4
    endloop
  endfacet
  facet normal 0 0 1
    outer loop
      vertex 3.5 69 1.4
      vertex 5.81704 70.1706 1.4
      vertex 5.80428 70.2347 1.4
    endloop
  endfacet
  facet normal 0 0 1
    outer loop
      vertex 3.5 69 1.4
      vertex 5.80428 70.2347 1.4
      vertex 5.8 70.3 1.4
    endloop
  endfacet
  facet normal 0 0 1
    outer loop
      vertex 5.8 106.7 1.4
      vertex 3.5 108 1.4
      vertex 5.8 70.3 1.4
    endloop
  endfacet
  facet normal 0 0 1
    outer loop
      vertex 3.5 108 1.4
      vertex 5 109.5 1.4
      vertex 4.80421 109.487 1.4
    endloop
  endfacet
  facet normal 0 0 1
    outer loop
      vertex 3.5 69 1.4
      vertex 5.8 70.3 1.4
      vertex 3.5 108 1.4
    endloop
  endfacet
  facet normal 0 0 1
    outer loop
      vertex 3.5 108 1.4
      vertex 4.80421 109.487 1.4
      vertex 4.61177 109.449 1.4
    endloop
  endfacet
  facet normal 0 0 1
    outer loop
      vertex 5.94645 69.9464 1.4
      vertex 3.5 69 1.4
      vertex 3.55111 68.6118 1.4
    endloop
  endfacet
  facet normal 0 0 1
    outer loop
      vertex 3.5 108 1.4
      vertex 4.61177 109.449 1.4
      vertex 4.42597 109.386 1.4
    endloop
  endfacet
  facet normal 0 0 1
    outer loop
      vertex 5.94645 69.9464 1.4
      vertex 4.80421 67.5128 1.4
      vertex 5 67.5 1.4
    endloop
  endfacet
  facet normal 0 0 1
    outer loop
      vertex 3.5 108 1.4
      vertex 4.42597 109.386 1.4
      vertex 4.25 109.299 1.4
    endloop
  endfacet
  facet normal 0 0 1
    outer loop
      vertex 5.94645 69.9464 1.4
      vertex 4.61177 67.5511 1.4
      vertex 4.80421 67.5128 1.4
    endloop
  endfacet
  facet normal 0 0 1
    outer loop
      vertex 3.5 108 1.4
      vertex 4.25 109.299 1.4
      vertex 4.08686 109.19 1.4
    endloop
  endfacet
  facet normal 0 0 1
    outer loop
      vertex 5.94645 69.9464 1.4
      vertex 4.42597 67.6142 1.4
      vertex 4.61177 67.5511 1.4
    endloop
  endfacet
  facet normal 0 0 1
    outer loop
      vertex 3.5 108 1.4
      vertex 4.08686 109.19 1.4
      vertex 3.93934 109.061 1.4
    endloop
  endfacet
  facet normal 0 0 1
    outer loop
      vertex 5.94645 69.9464 1.4
      vertex 4.25 67.701 1.4
      vertex 4.42597 67.6142 1.4
    endloop
  endfacet
  facet normal 0 0 1
    outer loop
      vertex 3.5 108 1.4
      vertex 3.93934 109.061 1.4
      vertex 3.80997 108.913 1.4
    endloop
  endfacet
  facet normal 0 0 1
    outer loop
      vertex 5.94645 69.9464 1.4
      vertex 4.08686 67.81 1.4
      vertex 4.25 67.701 1.4
    endloop
  endfacet
  facet normal 0 0 1
    outer loop
      vertex 3.5 108 1.4
      vertex 3.80997 108.913 1.4
      vertex 3.70096 108.75 1.4
    endloop
  endfacet
  facet normal 0 0 1
    outer loop
      vertex 5.94645 69.9464 1.4
      vertex 3.93934 67.9393 1.4
      vertex 4.08686 67.81 1.4
    endloop
  endfacet
  facet normal 0 0 1
    outer loop
      vertex 3.5 108 1.4
      vertex 3.70096 108.75 1.4
      vertex 3.61418 108.574 1.4
    endloop
  endfacet
  facet normal 0 0 1
    outer loop
      vertex 5.94645 69.9464 1.4
      vertex 3.80997 68.0869 1.4
      vertex 3.93934 67.9393 1.4
    endloop
  endfacet
  facet normal 0 0 1
    outer loop
      vertex 3.5 108 1.4
      vertex 3.61418 108.574 1.4
      vertex 3.55111 108.388 1.4
    endloop
  endfacet
  facet normal 0 0 1
    outer loop
      vertex 5.94645 69.9464 1.4
      vertex 3.70096 68.25 1.4
      vertex 3.80997 68.0869 1.4
    endloop
  endfacet
  facet normal 0 0 1
    outer loop
      vertex 3.5 108 1.4
      vertex 3.55111 108.388 1.4
      vertex 3.51283 108.196 1.4
    endloop
  endfacet
  facet normal 0 0 1
    outer loop
      vertex 5.94645 69.9464 1.4
      vertex 3.61418 68.426 1.4
      vertex 3.70096 68.25 1.4
    endloop
  endfacet
  facet normal 0 0 1
    outer loop
      vertex 5.94645 69.9464 1.4
      vertex 3.55111 68.6118 1.4
      vertex 3.61418 68.426 1.4
    endloop
  endfacet
  facet normal 0 0 1
    outer loop
      vertex 3.55111 68.6118 1.4
      vertex 3.5 69 1.4
      vertex 3.51283 68.8042 1.4
    endloop
  endfacet
  facet normal -0.321574 0.946885 0
    outer loop
      vertex 65.294 67.6142 1.4
      vertex 65.1082 67.5511 3
      vertex 65.294 67.6142 3
    endloop
  endfacet
  facet normal -0.321574 0.946885 0
    outer loop
      vertex 65.1082 67.5511 3
      vertex 65.294 67.6142 1.4
      vertex 65.1082 67.5511 1.4
    endloop
  endfacet
  facet normal 0.752021 0.659139 0
    outer loop
      vertex 3.93934 67.9393 3
      vertex 3.80997 68.0869 1.4
      vertex 3.80997 68.0869 3
    endloop
  endfacet
  facet normal 0.752021 0.659139 0
    outer loop
      vertex 3.80997 68.0869 1.4
      vertex 3.93934 67.9393 3
      vertex 3.93934 67.9393 1.4
    endloop
  endfacet
  facet normal -0.89686 0.442315 0
    outer loop
      vertex 66.019 68.25 1.4
      vertex 66.1058 68.426 3
      vertex 66.1058 68.426 1.4
    endloop
  endfacet
  facet normal -0.89686 0.442315 0
    outer loop
      vertex 66.1058 68.426 3
      vertex 66.019 68.25 1.4
      vertex 66.019 68.25 3
    endloop
  endfacet
  facet normal -0.831422 0.555641 0
    outer loop
      vertex 65.91 68.0869 1.4
      vertex 66.019 68.25 3
      vertex 66.019 68.25 1.4
    endloop
  endfacet
  facet normal -0.831422 0.555641 0
    outer loop
      vertex 66.019 68.25 3
      vertex 65.91 68.0869 1.4
      vertex 65.91 68.0869 3
    endloop
  endfacet
  facet normal 0.99786 0.0653858 0
    outer loop
      vertex 3.51283 68.8042 3
      vertex 3.5 69 1.4
      vertex 3.5 69 3
    endloop
  endfacet
  facet normal 0.99786 0.0653858 0
    outer loop
      vertex 3.5 69 1.4
      vertex 3.51283 68.8042 3
      vertex 3.51283 68.8042 1.4
    endloop
  endfacet
  facet normal 0.0611411 0.998129 -0
    outer loop
      vertex 63.4853 107.196 1.4
      vertex 63.42 107.2 3
      vertex 63.4853 107.196 3
    endloop
  endfacet
  facet normal 0.0611411 0.998129 0
    outer loop
      vertex 63.42 107.2 3
      vertex 63.4853 107.196 1.4
      vertex 63.42 107.2 1.4
    endloop
  endfacet
  facet normal -0.980698 0.195527 0
    outer loop
      vertex 5.80428 106.765 1.4
      vertex 5.81704 106.829 3
      vertex 5.81704 106.829 1.4
    endloop
  endfacet
  facet normal -0.980698 0.195527 0
    outer loop
      vertex 5.81704 106.829 3
      vertex 5.80428 106.765 1.4
      vertex 5.80428 106.765 3
    endloop
  endfacet
  facet normal -0.198613 0.980078 0
    outer loop
      vertex 6.23474 107.196 1.4
      vertex 6.17059 107.183 3
      vertex 6.23474 107.196 3
    endloop
  endfacet
  facet normal -0.198613 0.980078 0
    outer loop
      vertex 6.17059 107.183 3
      vertex 6.23474 107.196 1.4
      vertex 6.17059 107.183 1.4
    endloop
  endfacet
  facet normal -0.0611785 0.998127 0
    outer loop
      vertex 6.3 107.2 1.4
      vertex 6.23474 107.196 3
      vertex 6.3 107.2 3
    endloop
  endfacet
  facet normal -0.0611785 0.998127 0
    outer loop
      vertex 6.23474 107.196 3
      vertex 6.3 107.2 1.4
      vertex 6.23474 107.196 1.4
    endloop
  endfacet
  facet normal -0.321132 0.947034 0
    outer loop
      vertex 6.17059 107.183 1.4
      vertex 6.10866 107.162 3
      vertex 6.17059 107.183 3
    endloop
  endfacet
  facet normal -0.321132 0.947034 0
    outer loop
      vertex 6.10866 107.162 3
      vertex 6.17059 107.183 1.4
      vertex 6.10866 107.162 1.4
    endloop
  endfacet
  facet normal -0.658299 0.752757 0
    outer loop
      vertex 5.99562 107.097 1.4
      vertex 5.94645 107.054 3
      vertex 5.99562 107.097 3
    endloop
  endfacet
  facet normal -0.658299 0.752757 0
    outer loop
      vertex 5.94645 107.054 3
      vertex 5.99562 107.097 1.4
      vertex 5.94645 107.054 1.4
    endloop
  endfacet
  facet normal 0.752198 -0.658937 0
    outer loop
      vertex 63.7736 69.9464 3
      vertex 63.8167 69.9956 1.4
      vertex 63.8167 69.9956 3
    endloop
  endfacet
  facet normal 0.752198 -0.658937 0
    outer loop
      vertex 63.8167 69.9956 1.4
      vertex 63.7736 69.9464 3
      vertex 63.7736 69.9464 1.4
    endloop
  endfacet
  facet normal 0.946521 -0.322643 0
    outer loop
      vertex 63.8819 70.1087 3
      vertex 63.903 70.1706 1.4
      vertex 63.903 70.1706 3
    endloop
  endfacet
  facet normal 0.946521 -0.322643 0
    outer loop
      vertex 63.903 70.1706 1.4
      vertex 63.8819 70.1087 3
      vertex 63.8819 70.1087 1.4
    endloop
  endfacet
  facet normal -0.947052 0.321081 0
    outer loop
      vertex 5.81704 106.829 1.4
      vertex 5.83806 106.891 3
      vertex 5.83806 106.891 1.4
    endloop
  endfacet
  facet normal -0.947052 0.321081 0
    outer loop
      vertex 5.83806 106.891 3
      vertex 5.81704 106.829 1.4
      vertex 5.81704 106.829 3
    endloop
  endfacet
  facet normal 0.322643 -0.946521 0
    outer loop
      vertex 63.5494 69.817 1.4
      vertex 63.6113 69.8381 3
      vertex 63.5494 69.817 3
    endloop
  endfacet
  facet normal 0.322643 -0.946521 0
    outer loop
      vertex 63.6113 69.8381 3
      vertex 63.5494 69.817 1.4
      vertex 63.6113 69.8381 1.4
    endloop
  endfacet
  facet normal 0.555053 -0.831815 0
    outer loop
      vertex 63.67 69.867 1.4
      vertex 63.7244 69.9033 3
      vertex 63.67 69.867 3
    endloop
  endfacet
  facet normal 0.555053 -0.831815 0
    outer loop
      vertex 63.7244 69.9033 3
      vertex 63.67 69.867 1.4
      vertex 63.7244 69.9033 1.4
    endloop
  endfacet
  facet normal 0 1 0
    outer loop
      vertex 63.42 107.2 3
      vertex 63.268 107.2 1.5
      vertex 63.268 107.2 3
    endloop
  endfacet
  facet normal 0 1 0
    outer loop
      vertex 63.268 107.2 1.5
      vertex 63.42 107.2 1.4
      vertex 6.45203 107.2 1.5
    endloop
  endfacet
  facet normal 0 1 -0
    outer loop
      vertex 63.42 107.2 1.4
      vertex 63.268 107.2 1.5
      vertex 63.42 107.2 3
    endloop
  endfacet
  facet normal 0 1 -0
    outer loop
      vertex 6.45203 107.2 1.5
      vertex 6.3 107.2 3
      vertex 6.45203 107.2 3
    endloop
  endfacet
  facet normal 0 1 0
    outer loop
      vertex 6.45203 107.2 1.5
      vertex 6.3 107.2 1.4
      vertex 6.3 107.2 3
    endloop
  endfacet
  facet normal 0 1 0
    outer loop
      vertex 6.3 107.2 1.4
      vertex 6.45203 107.2 1.5
      vertex 63.42 107.2 1.4
    endloop
  endfacet
  facet normal -0.831603 -0.55537 0
    outer loop
      vertex 5.90332 69.9956 1.4
      vertex 5.86699 70.05 3
      vertex 5.86699 70.05 1.4
    endloop
  endfacet
  facet normal -0.831603 -0.55537 0
    outer loop
      vertex 5.86699 70.05 3
      vertex 5.90332 69.9956 1.4
      vertex 5.90332 69.9956 3
    endloop
  endfacet
  facet normal 0.980932 -0.19435 0
    outer loop
      vertex 63.903 70.1706 3
      vertex 63.9157 70.2347 1.4
      vertex 63.9157 70.2347 3
    endloop
  endfacet
  facet normal 0.980932 -0.19435 0
    outer loop
      vertex 63.9157 70.2347 1.4
      vertex 63.903 70.1706 3
      vertex 63.903 70.1706 1.4
    endloop
  endfacet
  facet normal -1 0 0
    outer loop
      vertex 5.8 106.7 1.4
      vertex 5.8 106.548 1.5
      vertex 5.8 106.7 3
    endloop
  endfacet
  facet normal -1 0 0
    outer loop
      vertex 5.8 106.7 1.4
      vertex 5.8 70.452 1.5
      vertex 5.8 106.548 1.5
    endloop
  endfacet
  facet normal -1 0 0
    outer loop
      vertex 5.8 70.3 1.4
      vertex 5.8 70.452 1.5
      vertex 5.8 106.7 1.4
    endloop
  endfacet
  facet normal -1 0 0
    outer loop
      vertex 5.8 70.3 3
      vertex 5.8 70.452 1.5
      vertex 5.8 70.3 1.4
    endloop
  endfacet
  facet normal -1 0 0
    outer loop
      vertex 5.8 70.452 1.5
      vertex 5.8 70.3 3
      vertex 5.8 70.452 3
    endloop
  endfacet
  facet normal -1 -0 0
    outer loop
      vertex 5.8 106.7 3
      vertex 5.8 106.548 1.5
      vertex 5.8 106.548 3
    endloop
  endfacet
  facet normal 0.0657076 -0.997839 0
    outer loop
      vertex 63.42 69.8 1.4
      vertex 63.4853 69.8043 3
      vertex 63.42 69.8 3
    endloop
  endfacet
  facet normal 0.0657076 -0.997839 0
    outer loop
      vertex 63.4853 69.8043 3
      vertex 63.42 69.8 1.4
      vertex 63.4853 69.8043 1.4
    endloop
  endfacet
  facet normal 0 -1 0
    outer loop
      vertex 6.3 69.8 3
      vertex 6.45203 69.8 1.5
      vertex 6.45203 69.8 3
    endloop
  endfacet
  facet normal 0 -1 -0
    outer loop
      vertex 6.45203 69.8 1.5
      vertex 6.3 69.8 1.4
      vertex 63.268 69.8 1.5
    endloop
  endfacet
  facet normal 0 -1 0
    outer loop
      vertex 6.3 69.8 1.4
      vertex 6.45203 69.8 1.5
      vertex 6.3 69.8 3
    endloop
  endfacet
  facet normal 0 -1 0
    outer loop
      vertex 63.268 69.8 1.5
      vertex 63.42 69.8 3
      vertex 63.268 69.8 3
    endloop
  endfacet
  facet normal 0 -1 0
    outer loop
      vertex 63.268 69.8 1.5
      vertex 63.42 69.8 1.4
      vertex 63.42 69.8 3
    endloop
  endfacet
  facet normal 0 -1 0
    outer loop
      vertex 63.42 69.8 1.4
      vertex 63.268 69.8 1.5
      vertex 6.3 69.8 1.4
    endloop
  endfacet
  facet normal 1 0 0
    outer loop
      vertex 63.92 70.452 3
      vertex 63.92 70.3 3
      vertex 63.92 70.452 1.5
    endloop
  endfacet
  facet normal 1 0 0
    outer loop
      vertex 63.92 106.548 1.5
      vertex 63.92 106.7 3
      vertex 63.92 106.548 3
    endloop
  endfacet
  facet normal 1 0 0
    outer loop
      vertex 63.92 106.7 3
      vertex 63.92 106.548 1.5
      vertex 63.92 106.7 1.4
    endloop
  endfacet
  facet normal 1 -0 0
    outer loop
      vertex 63.92 70.452 1.5
      vertex 63.92 106.7 1.4
      vertex 63.92 106.548 1.5
    endloop
  endfacet
  facet normal 1 0 0
    outer loop
      vertex 63.92 70.452 1.5
      vertex 63.92 70.3 1.4
      vertex 63.92 106.7 1.4
    endloop
  endfacet
  facet normal 1 0 0
    outer loop
      vertex 63.92 70.3 1.4
      vertex 63.92 70.452 1.5
      vertex 63.92 70.3 3
    endloop
  endfacet
  facet normal -0.322503 -0.946569 0
    outer loop
      vertex 6.10866 69.8381 1.4
      vertex 6.17059 69.817 3
      vertex 6.10866 69.8381 3
    endloop
  endfacet
  facet normal -0.322503 -0.946569 -0
    outer loop
      vertex 6.17059 69.817 3
      vertex 6.10866 69.8381 1.4
      vertex 6.17059 69.817 1.4
    endloop
  endfacet
  facet normal -0.194204 -0.980961 0
    outer loop
      vertex 6.17059 69.817 1.4
      vertex 6.23474 69.8043 3
      vertex 6.17059 69.817 3
    endloop
  endfacet
  facet normal -0.194204 -0.980961 -0
    outer loop
      vertex 6.23474 69.8043 3
      vertex 6.17059 69.817 1.4
      vertex 6.23474 69.8043 1.4
    endloop
  endfacet
  facet normal -0.443175 0.896435 0
    outer loop
      vertex 6.10866 107.162 1.4
      vertex 6.05 107.133 3
      vertex 6.10866 107.162 3
    endloop
  endfacet
  facet normal -0.443175 0.896435 0
    outer loop
      vertex 6.05 107.133 3
      vertex 6.10866 107.162 1.4
      vertex 6.05 107.133 1.4
    endloop
  endfacet
  facet normal 0.321272 0.946987 -0
    outer loop
      vertex 63.6113 107.162 1.4
      vertex 63.5494 107.183 3
      vertex 63.6113 107.162 3
    endloop
  endfacet
  facet normal 0.321272 0.946987 0
    outer loop
      vertex 63.5494 107.183 3
      vertex 63.6113 107.162 1.4
      vertex 63.5494 107.183 1.4
    endloop
  endfacet
  facet normal -0.555194 -0.831721 0
    outer loop
      vertex 5.99562 69.9033 1.4
      vertex 6.05 69.867 3
      vertex 5.99562 69.9033 3
    endloop
  endfacet
  facet normal -0.555194 -0.831721 -0
    outer loop
      vertex 6.05 69.867 3
      vertex 5.99562 69.9033 1.4
      vertex 6.05 69.867 1.4
    endloop
  endfacet
  facet normal -0.89787 0.440261 0
    outer loop
      vertex 5.83806 106.891 1.4
      vertex 5.86699 106.95 3
      vertex 5.86699 106.95 1.4
    endloop
  endfacet
  facet normal -0.89787 0.440261 0
    outer loop
      vertex 5.86699 106.95 3
      vertex 5.83806 106.891 1.4
      vertex 5.83806 106.891 3
    endloop
  endfacet
  facet normal -0.0657477 -0.997836 0
    outer loop
      vertex 6.23474 69.8043 1.4
      vertex 6.3 69.8 3
      vertex 6.23474 69.8043 3
    endloop
  endfacet
  facet normal -0.0657477 -0.997836 -0
    outer loop
      vertex 6.3 69.8 3
      vertex 6.23474 69.8043 1.4
      vertex 6.3 69.8 1.4
    endloop
  endfacet
  facet normal -0.829703 0.558206 0
    outer loop
      vertex 5.86699 106.95 1.4
      vertex 5.90332 107.004 3
      vertex 5.90332 107.004 1.4
    endloop
  endfacet
  facet normal -0.829703 0.558206 0
    outer loop
      vertex 5.90332 107.004 3
      vertex 5.86699 106.95 1.4
      vertex 5.86699 106.95 3
    endloop
  endfacet
  facet normal -0.997839 0.0657039 0
    outer loop
      vertex 5.8 106.7 1.4
      vertex 5.80428 106.765 3
      vertex 5.80428 106.765 1.4
    endloop
  endfacet
  facet normal -0.997839 0.0657039 0
    outer loop
      vertex 5.80428 106.765 3
      vertex 5.8 106.7 1.4
      vertex 5.8 106.7 3
    endloop
  endfacet
  facet normal -0.75197 -0.659197 0
    outer loop
      vertex 5.94645 69.9464 1.4
      vertex 5.90332 69.9956 3
      vertex 5.90332 69.9956 1.4
    endloop
  endfacet
  facet normal -0.75197 -0.659197 0
    outer loop
      vertex 5.90332 69.9956 3
      vertex 5.94645 69.9464 1.4
      vertex 5.94645 69.9464 3
    endloop
  endfacet
  facet normal 0.997839 -0.0657076 0
    outer loop
      vertex 63.9157 70.2347 3
      vertex 63.92 70.3 1.4
      vertex 63.92 70.3 3
    endloop
  endfacet
  facet normal 0.997839 -0.0657076 0
    outer loop
      vertex 63.92 70.3 1.4
      vertex 63.9157 70.2347 3
      vertex 63.9157 70.2347 1.4
    endloop
  endfacet
  facet normal -0.552008 0.833839 0
    outer loop
      vertex 6.05 107.133 1.4
      vertex 5.99562 107.097 3
      vertex 6.05 107.133 3
    endloop
  endfacet
  facet normal -0.552008 0.833839 0
    outer loop
      vertex 5.99562 107.097 3
      vertex 6.05 107.133 1.4
      vertex 5.99562 107.097 1.4
    endloop
  endfacet
  facet normal -0.441945 -0.897042 0
    outer loop
      vertex 6.05 69.867 1.4
      vertex 6.10866 69.8381 3
      vertex 6.05 69.867 3
    endloop
  endfacet
  facet normal -0.441945 -0.897042 -0
    outer loop
      vertex 6.10866 69.8381 3
      vertex 6.05 69.867 1.4
      vertex 6.10866 69.8381 1.4
    endloop
  endfacet
  facet normal 0.89805 0.439893 0
    outer loop
      vertex 63.8819 106.891 3
      vertex 63.853 106.95 1.4
      vertex 63.853 106.95 3
    endloop
  endfacet
  facet normal 0.89805 0.439893 0
    outer loop
      vertex 63.853 106.95 1.4
      vertex 63.8819 106.891 3
      vertex 63.8819 106.891 1.4
    endloop
  endfacet
  facet normal 0.997819 0.0660096 0
    outer loop
      vertex 63.92 106.7 3
      vertex 63.9157 106.765 1.4
      vertex 63.9157 106.765 3
    endloop
  endfacet
  facet normal 0.997819 0.0660096 0
    outer loop
      vertex 63.9157 106.765 1.4
      vertex 63.92 106.7 3
      vertex 63.92 106.7 1.4
    endloop
  endfacet
  facet normal -0.980757 -0.195233 0
    outer loop
      vertex 5.81704 70.1706 1.4
      vertex 5.80428 70.2347 3
      vertex 5.80428 70.2347 1.4
    endloop
  endfacet
  facet normal -0.980757 -0.195233 0
    outer loop
      vertex 5.80428 70.2347 3
      vertex 5.81704 70.1706 1.4
      vertex 5.81704 70.1706 3
    endloop
  endfacet
  facet normal 0.658937 -0.752198 0
    outer loop
      vertex 63.7244 69.9033 1.4
      vertex 63.7736 69.9464 3
      vertex 63.7244 69.9033 3
    endloop
  endfacet
  facet normal 0.658937 -0.752198 0
    outer loop
      vertex 63.7736 69.9464 3
      vertex 63.7244 69.9033 1.4
      vertex 63.7736 69.9464 1.4
    endloop
  endfacet
  facet normal -0.997859 -0.0654033 0
    outer loop
      vertex 5.80428 70.2347 1.4
      vertex 5.8 70.3 3
      vertex 5.8 70.3 1.4
    endloop
  endfacet
  facet normal -0.997859 -0.0654033 0
    outer loop
      vertex 5.8 70.3 3
      vertex 5.80428 70.2347 1.4
      vertex 5.80428 70.2347 3
    endloop
  endfacet
  facet normal 0.831815 -0.555053 0
    outer loop
      vertex 63.8167 69.9956 3
      vertex 63.853 70.05 1.4
      vertex 63.853 70.05 3
    endloop
  endfacet
  facet normal 0.831815 -0.555053 0
    outer loop
      vertex 63.853 70.05 1.4
      vertex 63.8167 69.9956 3
      vertex 63.8167 69.9956 1.4
    endloop
  endfacet
  facet normal -0.946894 -0.321546 0
    outer loop
      vertex 5.83806 70.1087 1.4
      vertex 5.81704 70.1706 3
      vertex 5.81704 70.1706 1.4
    endloop
  endfacet
  facet normal -0.946894 -0.321546 0
    outer loop
      vertex 5.81704 70.1706 3
      vertex 5.83806 70.1087 1.4
      vertex 5.83806 70.1087 3
    endloop
  endfacet
  facet normal -0.89698 -0.442072 0
    outer loop
      vertex 5.86699 70.05 1.4
      vertex 5.83806 70.1087 3
      vertex 5.83806 70.1087 1.4
    endloop
  endfacet
  facet normal -0.89698 -0.442072 0
    outer loop
      vertex 5.83806 70.1087 3
      vertex 5.86699 70.05 1.4
      vertex 5.86699 70.05 3
    endloop
  endfacet
  facet normal -0.757211 0.65317 0
    outer loop
      vertex 5.90332 107.004 1.4
      vertex 5.94645 107.054 3
      vertex 5.94645 107.054 1.4
    endloop
  endfacet
  facet normal -0.757211 0.65317 0
    outer loop
      vertex 5.94645 107.054 3
      vertex 5.90332 107.004 1.4
      vertex 5.90332 107.004 3
    endloop
  endfacet
  facet normal 0.19435 -0.980932 0
    outer loop
      vertex 63.4853 69.8043 1.4
      vertex 63.5494 69.817 3
      vertex 63.4853 69.8043 3
    endloop
  endfacet
  facet normal 0.19435 -0.980932 0
    outer loop
      vertex 63.5494 69.817 3
      vertex 63.4853 69.8043 1.4
      vertex 63.5494 69.817 1.4
    endloop
  endfacet
  facet normal 0.980874 0.194642 0
    outer loop
      vertex 63.9157 106.765 3
      vertex 63.903 106.829 1.4
      vertex 63.903 106.829 3
    endloop
  endfacet
  facet normal 0.980874 0.194642 0
    outer loop
      vertex 63.903 106.829 1.4
      vertex 63.9157 106.765 3
      vertex 63.9157 106.765 1.4
    endloop
  endfacet
  facet normal 0.441703 -0.897161 0
    outer loop
      vertex 63.6113 69.8381 1.4
      vertex 63.67 69.867 3
      vertex 63.6113 69.8381 3
    endloop
  endfacet
  facet normal 0.441703 -0.897161 0
    outer loop
      vertex 63.67 69.867 3
      vertex 63.6113 69.8381 1.4
      vertex 63.67 69.867 1.4
    endloop
  endfacet
  facet normal 0.658071 0.752956 -0
    outer loop
      vertex 63.7736 107.054 1.4
      vertex 63.7244 107.097 3
      vertex 63.7736 107.054 3
    endloop
  endfacet
  facet normal 0.658071 0.752956 0
    outer loop
      vertex 63.7244 107.097 3
      vertex 63.7736 107.054 1.4
      vertex 63.7244 107.097 1.4
    endloop
  endfacet
  facet normal 0.551867 0.833932 -0
    outer loop
      vertex 63.7244 107.097 1.4
      vertex 63.67 107.133 3
      vertex 63.7244 107.097 3
    endloop
  endfacet
  facet normal 0.551867 0.833932 0
    outer loop
      vertex 63.67 107.133 3
      vertex 63.7244 107.097 1.4
      vertex 63.67 107.133 1.4
    endloop
  endfacet
  facet normal 0.94668 0.322176 0
    outer loop
      vertex 63.903 106.829 3
      vertex 63.8819 106.891 1.4
      vertex 63.8819 106.891 3
    endloop
  endfacet
  facet normal 0.94668 0.322176 0
    outer loop
      vertex 63.8819 106.891 1.4
      vertex 63.903 106.829 3
      vertex 63.903 106.829 1.4
    endloop
  endfacet
  facet normal -0.659165 -0.751998 0
    outer loop
      vertex 5.94645 69.9464 1.4
      vertex 5.99562 69.9033 3
      vertex 5.94645 69.9464 3
    endloop
  endfacet
  facet normal -0.659165 -0.751998 -0
    outer loop
      vertex 5.99562 69.9033 3
      vertex 5.94645 69.9464 1.4
      vertex 5.99562 69.9033 1.4
    endloop
  endfacet
  facet normal 0.442932 0.896555 -0
    outer loop
      vertex 63.67 107.133 1.4
      vertex 63.6113 107.162 3
      vertex 63.67 107.133 3
    endloop
  endfacet
  facet normal 0.442932 0.896555 0
    outer loop
      vertex 63.6113 107.162 3
      vertex 63.67 107.133 1.4
      vertex 63.6113 107.162 1.4
    endloop
  endfacet
  facet normal 0.897161 -0.441703 0
    outer loop
      vertex 63.853 70.05 3
      vertex 63.8819 70.1087 1.4
      vertex 63.8819 70.1087 3
    endloop
  endfacet
  facet normal 0.897161 -0.441703 0
    outer loop
      vertex 63.8819 70.1087 1.4
      vertex 63.853 70.05 3
      vertex 63.853 70.05 1.4
    endloop
  endfacet
  facet normal 0.757436 0.65291 0
    outer loop
      vertex 63.8167 107.004 3
      vertex 63.7736 107.054 1.4
      vertex 63.7736 107.054 3
    endloop
  endfacet
  facet normal 0.757436 0.65291 0
    outer loop
      vertex 63.7736 107.054 1.4
      vertex 63.8167 107.004 3
      vertex 63.8167 107.004 1.4
    endloop
  endfacet
  facet normal 0.829916 0.557888 0
    outer loop
      vertex 63.853 106.95 3
      vertex 63.8167 107.004 1.4
      vertex 63.8167 107.004 3
    endloop
  endfacet
  facet normal 0.829916 0.557888 0
    outer loop
      vertex 63.8167 107.004 1.4
      vertex 63.853 106.95 3
      vertex 63.853 106.95 1.4
    endloop
  endfacet
  facet normal 0.198762 0.980048 -0
    outer loop
      vertex 63.5494 107.183 1.4
      vertex 63.4853 107.196 3
      vertex 63.5494 107.183 3
    endloop
  endfacet
  facet normal 0.198762 0.980048 0
    outer loop
      vertex 63.4853 107.196 3
      vertex 63.5494 107.183 1.4
      vertex 63.4853 107.196 1.4
    endloop
  endfacet
  facet normal -0.980819 -0.194922 0
    outer loop
      vertex 11.0863 73.7088 0
      vertex 11.0455 73.9141 1.5
      vertex 11.0455 73.9141 0
    endloop
  endfacet
  facet normal -0.980819 -0.194922 0
    outer loop
      vertex 11.0455 73.9141 1.5
      vertex 11.0863 73.7088 0
      vertex 11.0863 73.7088 1.5
    endloop
  endfacet
  facet normal -0.997854 -0.0654722 0
    outer loop
      vertex 11.1 73.5 0
      vertex 11.0863 73.7088 1.5
      vertex 11.0863 73.7088 0
    endloop
  endfacet
  facet normal -0.997854 -0.0654722 0
    outer loop
      vertex 11.0863 73.7088 1.5
      vertex 11.1 73.5 0
      vertex 11.1 73.5 1.5
    endloop
  endfacet
  facet normal -0.946901 -0.321526 0
    outer loop
      vertex 11.0455 73.9141 0
      vertex 10.9782 74.1123 1.5
      vertex 10.9782 74.1123 0
    endloop
  endfacet
  facet normal -0.946901 -0.321526 0
    outer loop
      vertex 10.9782 74.1123 1.5
      vertex 11.0455 73.9141 0
      vertex 11.0455 73.9141 1.5
    endloop
  endfacet
  facet normal -0.831609 -0.555362 0
    outer loop
      vertex 10.8856 74.3 0
      vertex 10.7694 74.474 1.5
      vertex 10.7694 74.474 0
    endloop
  endfacet
  facet normal -0.831609 -0.555362 0
    outer loop
      vertex 10.7694 74.474 1.5
      vertex 10.8856 74.3 0
      vertex 10.8856 74.3 1.5
    endloop
  endfacet
  facet normal 0.946944 0.321397 0
    outer loop
      vertex 8.02179 72.8877 1.5
      vertex 7.95452 73.0859 0
      vertex 7.95452 73.0859 1.5
    endloop
  endfacet
  facet normal 0.946944 0.321397 0
    outer loop
      vertex 7.95452 73.0859 0
      vertex 8.02179 72.8877 1.5
      vertex 8.02179 72.8877 0
    endloop
  endfacet
  facet normal -0.555362 -0.831609 0
    outer loop
      vertex 10.3 74.8856 0
      vertex 10.474 74.7694 1.5
      vertex 10.3 74.8856 1.5
    endloop
  endfacet
  facet normal -0.555362 -0.831609 -0
    outer loop
      vertex 10.474 74.7694 1.5
      vertex 10.3 74.8856 0
      vertex 10.474 74.7694 0
    endloop
  endfacet
  facet normal -0.980819 0.194922 0
    outer loop
      vertex 11.0455 73.0859 0
      vertex 11.0863 73.2912 1.5
      vertex 11.0863 73.2912 0
    endloop
  endfacet
  facet normal -0.980819 0.194922 0
    outer loop
      vertex 11.0863 73.2912 1.5
      vertex 11.0455 73.0859 0
      vertex 11.0455 73.0859 1.5
    endloop
  endfacet
  facet normal 0.555318 -0.831638 0
    outer loop
      vertex 8.52598 74.7694 0
      vertex 8.7 74.8856 1.5
      vertex 8.52598 74.7694 1.5
    endloop
  endfacet
  facet normal 0.555318 -0.831638 0
    outer loop
      vertex 8.7 74.8856 1.5
      vertex 8.52598 74.7694 0
      vertex 8.7 74.8856 0
    endloop
  endfacet
  facet normal -0.32154 -0.946896 0
    outer loop
      vertex 9.91411 75.0455 0
      vertex 10.1123 74.9782 1.5
      vertex 9.91411 75.0455 1.5
    endloop
  endfacet
  facet normal -0.32154 -0.946896 -0
    outer loop
      vertex 10.1123 74.9782 1.5
      vertex 9.91411 75.0455 0
      vertex 10.1123 74.9782 0
    endloop
  endfacet
  facet normal -0.946901 0.321526 0
    outer loop
      vertex 10.9782 72.8877 0
      vertex 11.0455 73.0859 1.5
      vertex 11.0455 73.0859 0
    endloop
  endfacet
  facet normal -0.946901 0.321526 0
    outer loop
      vertex 11.0455 73.0859 1.5
      vertex 10.9782 72.8877 0
      vertex 10.9782 72.8877 1.5
    endloop
  endfacet
  facet normal -0.442429 0.896803 0
    outer loop
      vertex 10.3 72.1144 0
      vertex 10.1123 72.0218 1.5
      vertex 10.3 72.1144 1.5
    endloop
  endfacet
  facet normal -0.442429 0.896803 0
    outer loop
      vertex 10.1123 72.0218 1.5
      vertex 10.3 72.1144 0
      vertex 10.1123 72.0218 0
    endloop
  endfacet
  facet normal 0.659367 -0.751821 0
    outer loop
      vertex 8.36863 74.6314 0
      vertex 8.52598 74.7694 1.5
      vertex 8.36863 74.6314 1.5
    endloop
  endfacet
  facet normal 0.659367 -0.751821 0
    outer loop
      vertex 8.52598 74.7694 1.5
      vertex 8.36863 74.6314 0
      vertex 8.52598 74.7694 0
    endloop
  endfacet
  facet normal -0.896803 -0.442429 0
    outer loop
      vertex 10.9782 74.1123 0
      vertex 10.8856 74.3 1.5
      vertex 10.8856 74.3 0
    endloop
  endfacet
  facet normal -0.896803 -0.442429 0
    outer loop
      vertex 10.8856 74.3 1.5
      vertex 10.9782 74.1123 0
      vertex 10.9782 74.1123 1.5
    endloop
  endfacet
  facet normal 0.194949 -0.980813 0
    outer loop
      vertex 9.08589 75.0455 0
      vertex 9.29116 75.0863 1.5
      vertex 9.08589 75.0455 1.5
    endloop
  endfacet
  facet normal 0.194949 -0.980813 0
    outer loop
      vertex 9.29116 75.0863 1.5
      vertex 9.08589 75.0455 0
      vertex 9.29116 75.0863 0
    endloop
  endfacet
  facet normal -0.831609 0.555362 0
    outer loop
      vertex 10.7694 72.526 0
      vertex 10.8856 72.7 1.5
      vertex 10.8856 72.7 0
    endloop
  endfacet
  facet normal -0.831609 0.555362 0
    outer loop
      vertex 10.8856 72.7 1.5
      vertex 10.7694 72.526 0
      vertex 10.7694 72.526 1.5
    endloop
  endfacet
  facet normal -0.0654598 0.997855 0
    outer loop
      vertex 9.70884 71.9137 0
      vertex 9.5 71.9 1.5
      vertex 9.70884 71.9137 1.5
    endloop
  endfacet
  facet normal -0.0654598 0.997855 0
    outer loop
      vertex 9.5 71.9 1.5
      vertex 9.70884 71.9137 0
      vertex 9.5 71.9 0
    endloop
  endfacet
  facet normal 0.89686 0.442314 0
    outer loop
      vertex 8.11436 72.7 1.5
      vertex 8.02179 72.8877 0
      vertex 8.02179 72.8877 1.5
    endloop
  endfacet
  facet normal 0.89686 0.442314 0
    outer loop
      vertex 8.02179 72.8877 0
      vertex 8.11436 72.7 1.5
      vertex 8.11436 72.7 0
    endloop
  endfacet
  facet normal -0.442429 -0.896803 0
    outer loop
      vertex 10.1123 74.9782 0
      vertex 10.3 74.8856 1.5
      vertex 10.1123 74.9782 1.5
    endloop
  endfacet
  facet normal -0.442429 -0.896803 -0
    outer loop
      vertex 10.3 74.8856 1.5
      vertex 10.1123 74.9782 0
      vertex 10.3 74.8856 0
    endloop
  endfacet
  facet normal 0.321555 0.946891 -0
    outer loop
      vertex 9.08589 71.9545 0
      vertex 8.88771 72.0218 1.5
      vertex 9.08589 71.9545 1.5
    endloop
  endfacet
  facet normal 0.321555 0.946891 0
    outer loop
      vertex 8.88771 72.0218 1.5
      vertex 9.08589 71.9545 0
      vertex 8.88771 72.0218 0
    endloop
  endfacet
  facet normal 0.44241 -0.896813 0
    outer loop
      vertex 8.7 74.8856 0
      vertex 8.88771 74.9782 1.5
      vertex 8.7 74.8856 1.5
    endloop
  endfacet
  facet normal 0.44241 -0.896813 0
    outer loop
      vertex 8.88771 74.9782 1.5
      vertex 8.7 74.8856 0
      vertex 8.88771 74.9782 0
    endloop
  endfacet
  facet normal 0.44241 0.896813 -0
    outer loop
      vertex 8.88771 72.0218 0
      vertex 8.7 72.1144 1.5
      vertex 8.88771 72.0218 1.5
    endloop
  endfacet
  facet normal 0.44241 0.896813 0
    outer loop
      vertex 8.7 72.1144 1.5
      vertex 8.88771 72.0218 0
      vertex 8.7 72.1144 0
    endloop
  endfacet
  facet normal 0.980791 0.195059 0
    outer loop
      vertex 7.95452 73.0859 1.5
      vertex 7.91369 73.2912 0
      vertex 7.91369 73.2912 1.5
    endloop
  endfacet
  facet normal 0.980791 0.195059 0
    outer loop
      vertex 7.91369 73.2912 0
      vertex 7.95452 73.0859 1.5
      vertex 7.95452 73.0859 0
    endloop
  endfacet
  facet normal 0.555318 0.831638 -0
    outer loop
      vertex 8.7 72.1144 0
      vertex 8.52598 72.2306 1.5
      vertex 8.7 72.1144 1.5
    endloop
  endfacet
  facet normal 0.555318 0.831638 0
    outer loop
      vertex 8.52598 72.2306 1.5
      vertex 8.7 72.1144 0
      vertex 8.52598 72.2306 0
    endloop
  endfacet
  facet normal -0.194949 -0.980813 0
    outer loop
      vertex 9.70884 75.0863 0
      vertex 9.91411 75.0455 1.5
      vertex 9.70884 75.0863 1.5
    endloop
  endfacet
  facet normal -0.194949 -0.980813 -0
    outer loop
      vertex 9.91411 75.0455 1.5
      vertex 9.70884 75.0863 0
      vertex 9.91411 75.0455 0
    endloop
  endfacet
  facet normal -0.194949 0.980813 0
    outer loop
      vertex 9.91411 71.9545 0
      vertex 9.70884 71.9137 1.5
      vertex 9.91411 71.9545 1.5
    endloop
  endfacet
  facet normal -0.194949 0.980813 0
    outer loop
      vertex 9.70884 71.9137 1.5
      vertex 9.91411 71.9545 0
      vertex 9.70884 71.9137 0
    endloop
  endfacet
  facet normal 0.751925 0.659248 0
    outer loop
      vertex 8.36863 72.3686 1.5
      vertex 8.23063 72.526 0
      vertex 8.23063 72.526 1.5
    endloop
  endfacet
  facet normal 0.751925 0.659248 0
    outer loop
      vertex 8.23063 72.526 0
      vertex 8.36863 72.3686 1.5
      vertex 8.36863 72.3686 0
    endloop
  endfacet
  facet normal 0.751925 -0.659248 0
    outer loop
      vertex 8.23063 74.474 1.5
      vertex 8.36863 74.6314 0
      vertex 8.36863 74.6314 1.5
    endloop
  endfacet
  facet normal 0.751925 -0.659248 0
    outer loop
      vertex 8.36863 74.6314 0
      vertex 8.23063 74.474 1.5
      vertex 8.23063 74.474 0
    endloop
  endfacet
  facet normal -0.997854 0.0654722 0
    outer loop
      vertex 11.0863 73.2912 0
      vertex 11.1 73.5 1.5
      vertex 11.1 73.5 0
    endloop
  endfacet
  facet normal -0.997854 0.0654722 0
    outer loop
      vertex 11.1 73.5 1.5
      vertex 11.0863 73.2912 0
      vertex 11.0863 73.2912 1.5
    endloop
  endfacet
  facet normal 0.997858 0.0654247 0
    outer loop
      vertex 7.91369 73.2912 1.5
      vertex 7.9 73.5 0
      vertex 7.9 73.5 1.5
    endloop
  endfacet
  facet normal 0.997858 0.0654247 0
    outer loop
      vertex 7.9 73.5 0
      vertex 7.91369 73.2912 1.5
      vertex 7.91369 73.2912 0
    endloop
  endfacet
  facet normal -0.32154 0.946896 0
    outer loop
      vertex 10.1123 72.0218 0
      vertex 9.91411 71.9545 1.5
      vertex 10.1123 72.0218 1.5
    endloop
  endfacet
  facet normal -0.32154 0.946896 0
    outer loop
      vertex 9.91411 71.9545 1.5
      vertex 10.1123 72.0218 0
      vertex 9.91411 71.9545 0
    endloop
  endfacet
  facet normal -0.555362 0.831609 0
    outer loop
      vertex 10.474 72.2306 0
      vertex 10.3 72.1144 1.5
      vertex 10.474 72.2306 1.5
    endloop
  endfacet
  facet normal -0.555362 0.831609 0
    outer loop
      vertex 10.3 72.1144 1.5
      vertex 10.474 72.2306 0
      vertex 10.3 72.1144 0
    endloop
  endfacet
  facet normal -0.751925 0.659248 0
    outer loop
      vertex 10.6314 72.3686 0
      vertex 10.7694 72.526 1.5
      vertex 10.7694 72.526 0
    endloop
  endfacet
  facet normal -0.751925 0.659248 0
    outer loop
      vertex 10.7694 72.526 1.5
      vertex 10.6314 72.3686 0
      vertex 10.6314 72.3686 1.5
    endloop
  endfacet
  facet normal 0.831454 0.555593 0
    outer loop
      vertex 8.23063 72.526 1.5
      vertex 8.11436 72.7 0
      vertex 8.11436 72.7 1.5
    endloop
  endfacet
  facet normal 0.831454 0.555593 0
    outer loop
      vertex 8.11436 72.7 0
      vertex 8.23063 72.526 1.5
      vertex 8.23063 72.526 0
    endloop
  endfacet
  facet normal -0.659248 0.751925 0
    outer loop
      vertex 10.6314 72.3686 0
      vertex 10.474 72.2306 1.5
      vertex 10.6314 72.3686 1.5
    endloop
  endfacet
  facet normal -0.659248 0.751925 0
    outer loop
      vertex 10.474 72.2306 1.5
      vertex 10.6314 72.3686 0
      vertex 10.474 72.2306 0
    endloop
  endfacet
  facet normal 0.0654598 0.997855 -0
    outer loop
      vertex 9.5 71.9 0
      vertex 9.29116 71.9137 1.5
      vertex 9.5 71.9 1.5
    endloop
  endfacet
  facet normal 0.0654598 0.997855 0
    outer loop
      vertex 9.29116 71.9137 1.5
      vertex 9.5 71.9 0
      vertex 9.29116 71.9137 0
    endloop
  endfacet
  facet normal -0.896803 0.442429 0
    outer loop
      vertex 10.8856 72.7 0
      vertex 10.9782 72.8877 1.5
      vertex 10.9782 72.8877 0
    endloop
  endfacet
  facet normal -0.896803 0.442429 0
    outer loop
      vertex 10.9782 72.8877 1.5
      vertex 10.8856 72.7 0
      vertex 10.8856 72.7 1.5
    endloop
  endfacet
  facet normal 0.0654598 -0.997855 0
    outer loop
      vertex 9.29116 75.0863 0
      vertex 9.5 75.1 1.5
      vertex 9.29116 75.0863 1.5
    endloop
  endfacet
  facet normal 0.0654598 -0.997855 0
    outer loop
      vertex 9.5 75.1 1.5
      vertex 9.29116 75.0863 0
      vertex 9.5 75.1 0
    endloop
  endfacet
  facet normal 0.980791 -0.195059 0
    outer loop
      vertex 7.91369 73.7088 1.5
      vertex 7.95452 73.9141 0
      vertex 7.95452 73.9141 1.5
    endloop
  endfacet
  facet normal 0.980791 -0.195059 0
    outer loop
      vertex 7.95452 73.9141 0
      vertex 7.91369 73.7088 1.5
      vertex 7.91369 73.7088 0
    endloop
  endfacet
  facet normal 0.194949 0.980813 -0
    outer loop
      vertex 9.29116 71.9137 0
      vertex 9.08589 71.9545 1.5
      vertex 9.29116 71.9137 1.5
    endloop
  endfacet
  facet normal 0.194949 0.980813 0
    outer loop
      vertex 9.08589 71.9545 1.5
      vertex 9.29116 71.9137 0
      vertex 9.08589 71.9545 0
    endloop
  endfacet
  facet normal 0.321555 -0.946891 0
    outer loop
      vertex 8.88771 74.9782 0
      vertex 9.08589 75.0455 1.5
      vertex 8.88771 74.9782 1.5
    endloop
  endfacet
  facet normal 0.321555 -0.946891 0
    outer loop
      vertex 9.08589 75.0455 1.5
      vertex 8.88771 74.9782 0
      vertex 9.08589 75.0455 0
    endloop
  endfacet
  facet normal -0.659248 -0.751925 0
    outer loop
      vertex 10.474 74.7694 0
      vertex 10.6314 74.6314 1.5
      vertex 10.474 74.7694 1.5
    endloop
  endfacet
  facet normal -0.659248 -0.751925 -0
    outer loop
      vertex 10.6314 74.6314 1.5
      vertex 10.474 74.7694 0
      vertex 10.6314 74.6314 0
    endloop
  endfacet
  facet normal -0.0654598 -0.997855 0
    outer loop
      vertex 9.5 75.1 0
      vertex 9.70884 75.0863 1.5
      vertex 9.5 75.1 1.5
    endloop
  endfacet
  facet normal -0.0654598 -0.997855 -0
    outer loop
      vertex 9.70884 75.0863 1.5
      vertex 9.5 75.1 0
      vertex 9.70884 75.0863 0
    endloop
  endfacet
  facet normal 0.89686 -0.442314 0
    outer loop
      vertex 8.02179 74.1123 1.5
      vertex 8.11436 74.3 0
      vertex 8.11436 74.3 1.5
    endloop
  endfacet
  facet normal 0.89686 -0.442314 0
    outer loop
      vertex 8.11436 74.3 0
      vertex 8.02179 74.1123 1.5
      vertex 8.02179 74.1123 0
    endloop
  endfacet
  facet normal -0.751925 -0.659248 0
    outer loop
      vertex 10.7694 74.474 0
      vertex 10.6314 74.6314 1.5
      vertex 10.6314 74.6314 0
    endloop
  endfacet
  facet normal -0.751925 -0.659248 0
    outer loop
      vertex 10.6314 74.6314 1.5
      vertex 10.7694 74.474 0
      vertex 10.7694 74.474 1.5
    endloop
  endfacet
  facet normal 0.659367 0.751821 -0
    outer loop
      vertex 8.52598 72.2306 0
      vertex 8.36863 72.3686 1.5
      vertex 8.52598 72.2306 1.5
    endloop
  endfacet
  facet normal 0.659367 0.751821 0
    outer loop
      vertex 8.36863 72.3686 1.5
      vertex 8.52598 72.2306 0
      vertex 8.36863 72.3686 0
    endloop
  endfacet
  facet normal 0.946944 -0.321397 0
    outer loop
      vertex 7.95452 73.9141 1.5
      vertex 8.02179 74.1123 0
      vertex 8.02179 74.1123 1.5
    endloop
  endfacet
  facet normal 0.946944 -0.321397 0
    outer loop
      vertex 8.02179 74.1123 0
      vertex 7.95452 73.9141 1.5
      vertex 7.95452 73.9141 0
    endloop
  endfacet
  facet normal 0.997858 -0.0654247 0
    outer loop
      vertex 7.9 73.5 1.5
      vertex 7.91369 73.7088 0
      vertex 7.91369 73.7088 1.5
    endloop
  endfacet
  facet normal 0.997858 -0.0654247 0
    outer loop
      vertex 7.91369 73.7088 0
      vertex 7.9 73.5 1.5
      vertex 7.9 73.5 0
    endloop
  endfacet
  facet normal 0.831454 -0.555593 0
    outer loop
      vertex 8.11436 74.3 1.5
      vertex 8.23063 74.474 0
      vertex 8.23063 74.474 1.5
    endloop
  endfacet
  facet normal 0.831454 -0.555593 0
    outer loop
      vertex 8.23063 74.474 0
      vertex 8.11436 74.3 1.5
      vertex 8.11436 74.3 0
    endloop
  endfacet
  facet normal -0.980764 -0.195196 0
    outer loop
      vertex 11.0863 103.709 0
      vertex 11.0455 103.914 1.5
      vertex 11.0455 103.914 0
    endloop
  endfacet
  facet normal -0.980764 -0.195196 0
    outer loop
      vertex 11.0455 103.914 1.5
      vertex 11.0863 103.709 0
      vertex 11.0863 103.709 1.5
    endloop
  endfacet
  facet normal -0.997858 -0.0654099 0
    outer loop
      vertex 11.1 103.5 0
      vertex 11.0863 103.709 1.5
      vertex 11.0863 103.709 0
    endloop
  endfacet
  facet normal -0.997858 -0.0654099 0
    outer loop
      vertex 11.0863 103.709 1.5
      vertex 11.1 103.5 0
      vertex 11.1 103.5 1.5
    endloop
  endfacet
  facet normal -0.946802 -0.321817 0
    outer loop
      vertex 11.0455 103.914 0
      vertex 10.9782 104.112 1.5
      vertex 10.9782 104.112 0
    endloop
  endfacet
  facet normal -0.946802 -0.321817 0
    outer loop
      vertex 10.9782 104.112 1.5
      vertex 11.0455 103.914 0
      vertex 11.0455 103.914 1.5
    endloop
  endfacet
  facet normal -0.831609 -0.555362 0
    outer loop
      vertex 10.8856 104.3 0
      vertex 10.7694 104.474 1.5
      vertex 10.7694 104.474 0
    endloop
  endfacet
  facet normal -0.831609 -0.555362 0
    outer loop
      vertex 10.7694 104.474 1.5
      vertex 10.8856 104.3 0
      vertex 10.8856 104.3 1.5
    endloop
  endfacet
  facet normal 0.946846 0.321688 0
    outer loop
      vertex 8.02179 102.888 1.5
      vertex 7.95452 103.086 0
      vertex 7.95452 103.086 1.5
    endloop
  endfacet
  facet normal 0.946846 0.321688 0
    outer loop
      vertex 7.95452 103.086 0
      vertex 8.02179 102.888 1.5
      vertex 8.02179 102.888 0
    endloop
  endfacet
  facet normal -0.557998 -0.829843 0
    outer loop
      vertex 10.3 104.886 0
      vertex 10.474 104.769 1.5
      vertex 10.3 104.886 1.5
    endloop
  endfacet
  facet normal -0.557998 -0.829843 -0
    outer loop
      vertex 10.474 104.769 1.5
      vertex 10.3 104.886 0
      vertex 10.474 104.769 0
    endloop
  endfacet
  facet normal -0.980764 0.195196 0
    outer loop
      vertex 11.0455 103.086 0
      vertex 11.0863 103.291 1.5
      vertex 11.0863 103.291 0
    endloop
  endfacet
  facet normal -0.980764 0.195196 0
    outer loop
      vertex 11.0863 103.291 1.5
      vertex 11.0455 103.086 0
      vertex 11.0455 103.086 1.5
    endloop
  endfacet
  facet normal 0.557953 -0.829872 0
    outer loop
      vertex 8.52598 104.769 0
      vertex 8.7 104.886 1.5
      vertex 8.52598 104.769 1.5
    endloop
  endfacet
  facet normal 0.557953 -0.829872 0
    outer loop
      vertex 8.7 104.886 1.5
      vertex 8.52598 104.769 0
      vertex 8.7 104.886 0
    endloop
  endfacet
  facet normal -0.320254 -0.947332 0
    outer loop
      vertex 9.91411 105.045 0
      vertex 10.1123 104.978 1.5
      vertex 9.91411 105.045 1.5
    endloop
  endfacet
  facet normal -0.320254 -0.947332 -0
    outer loop
      vertex 10.1123 104.978 1.5
      vertex 9.91411 105.045 0
      vertex 10.1123 104.978 0
    endloop
  endfacet
  facet normal -0.946802 0.321817 0
    outer loop
      vertex 10.9782 102.888 0
      vertex 11.0455 103.086 1.5
      vertex 11.0455 103.086 0
    endloop
  endfacet
  facet normal -0.946802 0.321817 0
    outer loop
      vertex 11.0455 103.086 1.5
      vertex 10.9782 102.888 0
      vertex 10.9782 102.888 1.5
    endloop
  endfacet
  facet normal -0.440119 0.897939 0
    outer loop
      vertex 10.3 102.114 0
      vertex 10.1123 102.022 1.5
      vertex 10.3 102.114 1.5
    endloop
  endfacet
  facet normal -0.440119 0.897939 0
    outer loop
      vertex 10.1123 102.022 1.5
      vertex 10.3 102.114 0
      vertex 10.1123 102.022 0
    endloop
  endfacet
  facet normal 0.659367 -0.751821 0
    outer loop
      vertex 8.36863 104.631 0
      vertex 8.52598 104.769 1.5
      vertex 8.36863 104.631 1.5
    endloop
  endfacet
  facet normal 0.659367 -0.751821 0
    outer loop
      vertex 8.52598 104.769 1.5
      vertex 8.36863 104.631 0
      vertex 8.52598 104.769 0
    endloop
  endfacet
  facet normal -0.897083 -0.441861 0
    outer loop
      vertex 10.9782 104.112 0
      vertex 10.8856 104.3 1.5
      vertex 10.8856 104.3 0
    endloop
  endfacet
  facet normal -0.897083 -0.441861 0
    outer loop
      vertex 10.8856 104.3 1.5
      vertex 10.9782 104.112 0
      vertex 10.9782 104.112 1.5
    endloop
  endfacet
  facet normal 0.195868 -0.98063 0
    outer loop
      vertex 9.08589 105.045 0
      vertex 9.29116 105.086 1.5
      vertex 9.08589 105.045 1.5
    endloop
  endfacet
  facet normal 0.195868 -0.98063 0
    outer loop
      vertex 9.29116 105.086 1.5
      vertex 9.08589 105.045 0
      vertex 9.29116 105.086 0
    endloop
  endfacet
  facet normal -0.831609 0.555362 0
    outer loop
      vertex 10.7694 102.526 0
      vertex 10.8856 102.7 1.5
      vertex 10.8856 102.7 0
    endloop
  endfacet
  facet normal -0.831609 0.555362 0
    outer loop
      vertex 10.8856 102.7 1.5
      vertex 10.7694 102.526 0
      vertex 10.7694 102.526 1.5
    endloop
  endfacet
  facet normal -0.0668868 0.997761 0
    outer loop
      vertex 9.70884 101.914 0
      vertex 9.5 101.9 1.5
      vertex 9.70884 101.914 1.5
    endloop
  endfacet
  facet normal -0.0668868 0.997761 0
    outer loop
      vertex 9.5 101.9 1.5
      vertex 9.70884 101.914 0
      vertex 9.5 101.9 0
    endloop
  endfacet
  facet normal 0.89714 0.441746 0
    outer loop
      vertex 8.11436 102.7 1.5
      vertex 8.02179 102.888 0
      vertex 8.02179 102.888 1.5
    endloop
  endfacet
  facet normal 0.89714 0.441746 0
    outer loop
      vertex 8.02179 102.888 0
      vertex 8.11436 102.7 1.5
      vertex 8.11436 102.7 0
    endloop
  endfacet
  facet normal -0.440119 -0.897939 0
    outer loop
      vertex 10.1123 104.978 0
      vertex 10.3 104.886 1.5
      vertex 10.1123 104.978 1.5
    endloop
  endfacet
  facet normal -0.440119 -0.897939 -0
    outer loop
      vertex 10.3 104.886 1.5
      vertex 10.1123 104.978 0
      vertex 10.3 104.886 0
    endloop
  endfacet
  facet normal 0.320269 0.947327 -0
    outer loop
      vertex 9.08589 101.955 0
      vertex 8.88771 102.022 1.5
      vertex 9.08589 101.955 1.5
    endloop
  endfacet
  facet normal 0.320269 0.947327 0
    outer loop
      vertex 8.88771 102.022 1.5
      vertex 9.08589 101.955 0
      vertex 8.88771 102.022 0
    endloop
  endfacet
  facet normal 0.4401 -0.897949 0
    outer loop
      vertex 8.7 104.886 0
      vertex 8.88771 104.978 1.5
      vertex 8.7 104.886 1.5
    endloop
  endfacet
  facet normal 0.4401 -0.897949 0
    outer loop
      vertex 8.88771 104.978 1.5
      vertex 8.7 104.886 0
      vertex 8.88771 104.978 0
    endloop
  endfacet
  facet normal 0.4401 0.897949 -0
    outer loop
      vertex 8.88771 102.022 0
      vertex 8.7 102.114 1.5
      vertex 8.88771 102.022 1.5
    endloop
  endfacet
  facet normal 0.4401 0.897949 0
    outer loop
      vertex 8.7 102.114 1.5
      vertex 8.88771 102.022 0
      vertex 8.7 102.114 0
    endloop
  endfacet
  facet normal 0.980737 0.195334 0
    outer loop
      vertex 7.95452 103.086 1.5
      vertex 7.91369 103.291 0
      vertex 7.91369 103.291 1.5
    endloop
  endfacet
  facet normal 0.980737 0.195334 0
    outer loop
      vertex 7.91369 103.291 0
      vertex 7.95452 103.086 1.5
      vertex 7.95452 103.086 0
    endloop
  endfacet
  facet normal 0.557953 0.829872 -0
    outer loop
      vertex 8.7 102.114 0
      vertex 8.52598 102.231 1.5
      vertex 8.7 102.114 1.5
    endloop
  endfacet
  facet normal 0.557953 0.829872 0
    outer loop
      vertex 8.52598 102.231 1.5
      vertex 8.7 102.114 0
      vertex 8.52598 102.231 0
    endloop
  endfacet
  facet normal -0.195868 -0.98063 0
    outer loop
      vertex 9.70884 105.086 0
      vertex 9.91411 105.045 1.5
      vertex 9.70884 105.086 1.5
    endloop
  endfacet
  facet normal -0.195868 -0.98063 -0
    outer loop
      vertex 9.91411 105.045 1.5
      vertex 9.70884 105.086 0
      vertex 9.91411 105.045 0
    endloop
  endfacet
  facet normal -0.195868 0.98063 0
    outer loop
      vertex 9.91411 101.955 0
      vertex 9.70884 101.914 1.5
      vertex 9.91411 101.955 1.5
    endloop
  endfacet
  facet normal -0.195868 0.98063 0
    outer loop
      vertex 9.70884 101.914 1.5
      vertex 9.91411 101.955 0
      vertex 9.70884 101.914 0
    endloop
  endfacet
  facet normal 0.751093 0.660196 0
    outer loop
      vertex 8.36863 102.369 1.5
      vertex 8.23063 102.526 0
      vertex 8.23063 102.526 1.5
    endloop
  endfacet
  facet normal 0.751093 0.660196 0
    outer loop
      vertex 8.23063 102.526 0
      vertex 8.36863 102.369 1.5
      vertex 8.36863 102.369 0
    endloop
  endfacet
  facet normal 0.751093 -0.660196 0
    outer loop
      vertex 8.23063 104.474 1.5
      vertex 8.36863 104.631 0
      vertex 8.36863 104.631 1.5
    endloop
  endfacet
  facet normal 0.751093 -0.660196 0
    outer loop
      vertex 8.36863 104.631 0
      vertex 8.23063 104.474 1.5
      vertex 8.23063 104.474 0
    endloop
  endfacet
  facet normal -0.997858 0.0654099 0
    outer loop
      vertex 11.0863 103.291 0
      vertex 11.1 103.5 1.5
      vertex 11.1 103.5 0
    endloop
  endfacet
  facet normal -0.997858 0.0654099 0
    outer loop
      vertex 11.1 103.5 1.5
      vertex 11.0863 103.291 0
      vertex 11.0863 103.291 1.5
    endloop
  endfacet
  facet normal 0.831454 -0.555593 0
    outer loop
      vertex 8.11436 104.3 1.5
      vertex 8.23063 104.474 0
      vertex 8.23063 104.474 1.5
    endloop
  endfacet
  facet normal 0.831454 -0.555593 0
    outer loop
      vertex 8.23063 104.474 0
      vertex 8.11436 104.3 1.5
      vertex 8.11436 104.3 0
    endloop
  endfacet
  facet normal 0.997862 0.0653623 0
    outer loop
      vertex 7.91369 103.291 1.5
      vertex 7.9 103.5 0
      vertex 7.9 103.5 1.5
    endloop
  endfacet
  facet normal 0.997862 0.0653623 0
    outer loop
      vertex 7.9 103.5 0
      vertex 7.91369 103.291 1.5
      vertex 7.91369 103.291 0
    endloop
  endfacet
  facet normal -0.659248 0.751925 0
    outer loop
      vertex 10.6314 102.369 0
      vertex 10.474 102.231 1.5
      vertex 10.6314 102.369 1.5
    endloop
  endfacet
  facet normal -0.659248 0.751925 0
    outer loop
      vertex 10.474 102.231 1.5
      vertex 10.6314 102.369 0
      vertex 10.474 102.231 0
    endloop
  endfacet
  facet normal -0.320254 0.947332 0
    outer loop
      vertex 10.1123 102.022 0
      vertex 9.91411 101.955 1.5
      vertex 10.1123 102.022 1.5
    endloop
  endfacet
  facet normal -0.320254 0.947332 0
    outer loop
      vertex 9.91411 101.955 1.5
      vertex 10.1123 102.022 0
      vertex 9.91411 101.955 0
    endloop
  endfacet
  facet normal -0.557998 0.829843 0
    outer loop
      vertex 10.474 102.231 0
      vertex 10.3 102.114 1.5
      vertex 10.474 102.231 1.5
    endloop
  endfacet
  facet normal -0.557998 0.829843 0
    outer loop
      vertex 10.3 102.114 1.5
      vertex 10.474 102.231 0
      vertex 10.3 102.114 0
    endloop
  endfacet
  facet normal -0.751093 0.660196 0
    outer loop
      vertex 10.6314 102.369 0
      vertex 10.7694 102.526 1.5
      vertex 10.7694 102.526 0
    endloop
  endfacet
  facet normal -0.751093 0.660196 0
    outer loop
      vertex 10.7694 102.526 1.5
      vertex 10.6314 102.369 0
      vertex 10.6314 102.369 1.5
    endloop
  endfacet
  facet normal 0.831454 0.555593 0
    outer loop
      vertex 8.23063 102.526 1.5
      vertex 8.11436 102.7 0
      vertex 8.11436 102.7 1.5
    endloop
  endfacet
  facet normal 0.831454 0.555593 0
    outer loop
      vertex 8.11436 102.7 0
      vertex 8.23063 102.526 1.5
      vertex 8.23063 102.526 0
    endloop
  endfacet
  facet normal 0.0668868 0.997761 -0
    outer loop
      vertex 9.5 101.9 0
      vertex 9.29116 101.914 1.5
      vertex 9.5 101.9 1.5
    endloop
  endfacet
  facet normal 0.0668868 0.997761 0
    outer loop
      vertex 9.29116 101.914 1.5
      vertex 9.5 101.9 0
      vertex 9.29116 101.914 0
    endloop
  endfacet
  facet normal -0.897083 0.441861 0
    outer loop
      vertex 10.8856 102.7 0
      vertex 10.9782 102.888 1.5
      vertex 10.9782 102.888 0
    endloop
  endfacet
  facet normal -0.897083 0.441861 0
    outer loop
      vertex 10.9782 102.888 1.5
      vertex 10.8856 102.7 0
      vertex 10.8856 102.7 1.5
    endloop
  endfacet
  facet normal 0.0668868 -0.997761 0
    outer loop
      vertex 9.29116 105.086 0
      vertex 9.5 105.1 1.5
      vertex 9.29116 105.086 1.5
    endloop
  endfacet
  facet normal 0.0668868 -0.997761 0
    outer loop
      vertex 9.5 105.1 1.5
      vertex 9.29116 105.086 0
      vertex 9.5 105.1 0
    endloop
  endfacet
  facet normal 0.980737 -0.195334 0
    outer loop
      vertex 7.91369 103.709 1.5
      vertex 7.95452 103.914 0
      vertex 7.95452 103.914 1.5
    endloop
  endfacet
  facet normal 0.980737 -0.195334 0
    outer loop
      vertex 7.95452 103.914 0
      vertex 7.91369 103.709 1.5
      vertex 7.91369 103.709 0
    endloop
  endfacet
  facet normal 0.320269 -0.947327 0
    outer loop
      vertex 8.88771 104.978 0
      vertex 9.08589 105.045 1.5
      vertex 8.88771 104.978 1.5
    endloop
  endfacet
  facet normal 0.320269 -0.947327 0
    outer loop
      vertex 9.08589 105.045 1.5
      vertex 8.88771 104.978 0
      vertex 9.08589 105.045 0
    endloop
  endfacet
  facet normal -0.659248 -0.751925 0
    outer loop
      vertex 10.474 104.769 0
      vertex 10.6314 104.631 1.5
      vertex 10.474 104.769 1.5
    endloop
  endfacet
  facet normal -0.659248 -0.751925 -0
    outer loop
      vertex 10.6314 104.631 1.5
      vertex 10.474 104.769 0
      vertex 10.6314 104.631 0
    endloop
  endfacet
  facet normal -0.0668868 -0.997761 0
    outer loop
      vertex 9.5 105.1 0
      vertex 9.70884 105.086 1.5
      vertex 9.5 105.1 1.5
    endloop
  endfacet
  facet normal -0.0668868 -0.997761 -0
    outer loop
      vertex 9.70884 105.086 1.5
      vertex 9.5 105.1 0
      vertex 9.70884 105.086 0
    endloop
  endfacet
  facet normal 0.89714 -0.441746 0
    outer loop
      vertex 8.02179 104.112 1.5
      vertex 8.11436 104.3 0
      vertex 8.11436 104.3 1.5
    endloop
  endfacet
  facet normal 0.89714 -0.441746 0
    outer loop
      vertex 8.11436 104.3 0
      vertex 8.02179 104.112 1.5
      vertex 8.02179 104.112 0
    endloop
  endfacet
  facet normal 0.195868 0.98063 -0
    outer loop
      vertex 9.29116 101.914 0
      vertex 9.08589 101.955 1.5
      vertex 9.29116 101.914 1.5
    endloop
  endfacet
  facet normal 0.195868 0.98063 0
    outer loop
      vertex 9.08589 101.955 1.5
      vertex 9.29116 101.914 0
      vertex 9.08589 101.955 0
    endloop
  endfacet
  facet normal -0.751093 -0.660196 0
    outer loop
      vertex 10.7694 104.474 0
      vertex 10.6314 104.631 1.5
      vertex 10.6314 104.631 0
    endloop
  endfacet
  facet normal -0.751093 -0.660196 0
    outer loop
      vertex 10.6314 104.631 1.5
      vertex 10.7694 104.474 0
      vertex 10.7694 104.474 1.5
    endloop
  endfacet
  facet normal 0.659367 0.751821 -0
    outer loop
      vertex 8.52598 102.231 0
      vertex 8.36863 102.369 1.5
      vertex 8.52598 102.231 1.5
    endloop
  endfacet
  facet normal 0.659367 0.751821 0
    outer loop
      vertex 8.36863 102.369 1.5
      vertex 8.52598 102.231 0
      vertex 8.36863 102.369 0
    endloop
  endfacet
  facet normal 0.946846 -0.321688 0
    outer loop
      vertex 7.95452 103.914 1.5
      vertex 8.02179 104.112 0
      vertex 8.02179 104.112 1.5
    endloop
  endfacet
  facet normal 0.946846 -0.321688 0
    outer loop
      vertex 8.02179 104.112 0
      vertex 7.95452 103.914 1.5
      vertex 7.95452 103.914 0
    endloop
  endfacet
  facet normal 0.997862 -0.0653623 0
    outer loop
      vertex 7.9 103.5 1.5
      vertex 7.91369 103.709 0
      vertex 7.91369 103.709 1.5
    endloop
  endfacet
  facet normal 0.997862 -0.0653623 0
    outer loop
      vertex 7.91369 103.709 0
      vertex 7.9 103.5 1.5
      vertex 7.9 103.5 0
    endloop
  endfacet
  facet normal -0.831609 0.555362 0
    outer loop
      vertex 61.4894 72.526 0
      vertex 61.6056 72.7 1.5
      vertex 61.6056 72.7 0
    endloop
  endfacet
  facet normal -0.831609 0.555362 0
    outer loop
      vertex 61.6056 72.7 1.5
      vertex 61.4894 72.526 0
      vertex 61.4894 72.526 1.5
    endloop
  endfacet
  facet normal -0.194922 0.980819 0
    outer loop
      vertex 60.6341 71.9545 0
      vertex 60.4288 71.9137 1.5
      vertex 60.6341 71.9545 1.5
    endloop
  endfacet
  facet normal -0.194922 0.980819 0
    outer loop
      vertex 60.4288 71.9137 1.5
      vertex 60.6341 71.9545 0
      vertex 60.4288 71.9137 0
    endloop
  endfacet
  facet normal -0.980819 -0.194922 0
    outer loop
      vertex 61.8063 73.7088 0
      vertex 61.7655 73.9141 1.5
      vertex 61.7655 73.9141 0
    endloop
  endfacet
  facet normal -0.980819 -0.194922 0
    outer loop
      vertex 61.7655 73.9141 1.5
      vertex 61.8063 73.7088 0
      vertex 61.8063 73.7088 1.5
    endloop
  endfacet
  facet normal -0.997854 -0.0654722 0
    outer loop
      vertex 61.82 73.5 0
      vertex 61.8063 73.7088 1.5
      vertex 61.8063 73.7088 0
    endloop
  endfacet
  facet normal -0.997854 -0.0654722 0
    outer loop
      vertex 61.8063 73.7088 1.5
      vertex 61.82 73.5 0
      vertex 61.82 73.5 1.5
    endloop
  endfacet
  facet normal -0.946901 -0.321526 0
    outer loop
      vertex 61.7655 73.9141 0
      vertex 61.6982 74.1123 1.5
      vertex 61.6982 74.1123 0
    endloop
  endfacet
  facet normal -0.946901 -0.321526 0
    outer loop
      vertex 61.6982 74.1123 1.5
      vertex 61.7655 73.9141 0
      vertex 61.7655 73.9141 1.5
    endloop
  endfacet
  facet normal -0.980819 0.194922 0
    outer loop
      vertex 61.7655 73.0859 0
      vertex 61.8063 73.2912 1.5
      vertex 61.8063 73.2912 0
    endloop
  endfacet
  facet normal -0.980819 0.194922 0
    outer loop
      vertex 61.8063 73.2912 1.5
      vertex 61.7655 73.0859 0
      vertex 61.7655 73.0859 1.5
    endloop
  endfacet
  facet normal -0.659248 0.751925 0
    outer loop
      vertex 61.3514 72.3686 0
      vertex 61.194 72.2306 1.5
      vertex 61.3514 72.3686 1.5
    endloop
  endfacet
  facet normal -0.659248 0.751925 0
    outer loop
      vertex 61.194 72.2306 1.5
      vertex 61.3514 72.3686 0
      vertex 61.194 72.2306 0
    endloop
  endfacet
  facet normal -0.896803 -0.442429 0
    outer loop
      vertex 61.6982 74.1123 0
      vertex 61.6056 74.3 1.5
      vertex 61.6056 74.3 0
    endloop
  endfacet
  facet normal -0.896803 -0.442429 0
    outer loop
      vertex 61.6056 74.3 1.5
      vertex 61.6982 74.1123 0
      vertex 61.6982 74.1123 1.5
    endloop
  endfacet
  facet normal 0.896803 -0.442429 0
    outer loop
      vertex 58.7418 74.1123 1.5
      vertex 58.8344 74.3 0
      vertex 58.8344 74.3 1.5
    endloop
  endfacet
  facet normal 0.896803 -0.442429 0
    outer loop
      vertex 58.8344 74.3 0
      vertex 58.7418 74.1123 1.5
      vertex 58.7418 74.1123 0
    endloop
  endfacet
  facet normal -0.659248 -0.751925 0
    outer loop
      vertex 61.194 74.7694 0
      vertex 61.3514 74.6314 1.5
      vertex 61.194 74.7694 1.5
    endloop
  endfacet
  facet normal -0.659248 -0.751925 -0
    outer loop
      vertex 61.3514 74.6314 1.5
      vertex 61.194 74.7694 0
      vertex 61.3514 74.6314 0
    endloop
  endfacet
  facet normal 0.0654722 0.997854 -0
    outer loop
      vertex 60.22 71.9 0
      vertex 60.0112 71.9137 1.5
      vertex 60.22 71.9 1.5
    endloop
  endfacet
  facet normal 0.0654722 0.997854 0
    outer loop
      vertex 60.0112 71.9137 1.5
      vertex 60.22 71.9 0
      vertex 60.0112 71.9137 0
    endloop
  endfacet
  facet normal 0.442429 0.896803 -0
    outer loop
      vertex 59.6077 72.0218 0
      vertex 59.42 72.1144 1.5
      vertex 59.6077 72.0218 1.5
    endloop
  endfacet
  facet normal 0.442429 0.896803 0
    outer loop
      vertex 59.42 72.1144 1.5
      vertex 59.6077 72.0218 0
      vertex 59.42 72.1144 0
    endloop
  endfacet
  facet normal -0.555362 -0.831609 0
    outer loop
      vertex 61.02 74.8856 0
      vertex 61.194 74.7694 1.5
      vertex 61.02 74.8856 1.5
    endloop
  endfacet
  facet normal -0.555362 -0.831609 -0
    outer loop
      vertex 61.194 74.7694 1.5
      vertex 61.02 74.8856 0
      vertex 61.194 74.7694 0
    endloop
  endfacet
  facet normal -0.321526 0.946901 0
    outer loop
      vertex 60.8323 72.0218 0
      vertex 60.6341 71.9545 1.5
      vertex 60.8323 72.0218 1.5
    endloop
  endfacet
  facet normal -0.321526 0.946901 0
    outer loop
      vertex 60.6341 71.9545 1.5
      vertex 60.8323 72.0218 0
      vertex 60.6341 71.9545 0
    endloop
  endfacet
  facet normal 0.831609 -0.555362 0
    outer loop
      vertex 58.8344 74.3 1.5
      vertex 58.9506 74.474 0
      vertex 58.9506 74.474 1.5
    endloop
  endfacet
  facet normal 0.831609 -0.555362 0
    outer loop
      vertex 58.9506 74.474 0
      vertex 58.8344 74.3 1.5
      vertex 58.8344 74.3 0
    endloop
  endfacet
  facet normal 0.997854 -0.0654722 0
    outer loop
      vertex 58.62 73.5 1.5
      vertex 58.6337 73.7088 0
      vertex 58.6337 73.7088 1.5
    endloop
  endfacet
  facet normal 0.997854 -0.0654722 0
    outer loop
      vertex 58.6337 73.7088 0
      vertex 58.62 73.5 1.5
      vertex 58.62 73.5 0
    endloop
  endfacet
  facet normal 0.555362 -0.831609 0
    outer loop
      vertex 59.246 74.7694 0
      vertex 59.42 74.8856 1.5
      vertex 59.246 74.7694 1.5
    endloop
  endfacet
  facet normal 0.555362 -0.831609 0
    outer loop
      vertex 59.42 74.8856 1.5
      vertex 59.246 74.7694 0
      vertex 59.42 74.8856 0
    endloop
  endfacet
  facet normal 0.659248 0.751925 -0
    outer loop
      vertex 59.246 72.2306 0
      vertex 59.0886 72.3686 1.5
      vertex 59.246 72.2306 1.5
    endloop
  endfacet
  facet normal 0.659248 0.751925 0
    outer loop
      vertex 59.0886 72.3686 1.5
      vertex 59.246 72.2306 0
      vertex 59.0886 72.3686 0
    endloop
  endfacet
  facet normal -0.896803 0.442429 0
    outer loop
      vertex 61.6056 72.7 0
      vertex 61.6982 72.8877 1.5
      vertex 61.6982 72.8877 0
    endloop
  endfacet
  facet normal -0.896803 0.442429 0
    outer loop
      vertex 61.6982 72.8877 1.5
      vertex 61.6056 72.7 0
      vertex 61.6056 72.7 1.5
    endloop
  endfacet
  facet normal -0.751925 -0.659248 0
    outer loop
      vertex 61.4894 74.474 0
      vertex 61.3514 74.6314 1.5
      vertex 61.3514 74.6314 0
    endloop
  endfacet
  facet normal -0.751925 -0.659248 0
    outer loop
      vertex 61.3514 74.6314 1.5
      vertex 61.4894 74.474 0
      vertex 61.4894 74.474 1.5
    endloop
  endfacet
  facet normal -0.751925 0.659248 0
    outer loop
      vertex 61.3514 72.3686 0
      vertex 61.4894 72.526 1.5
      vertex 61.4894 72.526 0
    endloop
  endfacet
  facet normal -0.751925 0.659248 0
    outer loop
      vertex 61.4894 72.526 1.5
      vertex 61.3514 72.3686 0
      vertex 61.3514 72.3686 1.5
    endloop
  endfacet
  facet normal -0.997854 0.0654722 0
    outer loop
      vertex 61.8063 73.2912 0
      vertex 61.82 73.5 1.5
      vertex 61.82 73.5 0
    endloop
  endfacet
  facet normal -0.997854 0.0654722 0
    outer loop
      vertex 61.82 73.5 1.5
      vertex 61.8063 73.2912 0
      vertex 61.8063 73.2912 1.5
    endloop
  endfacet
  facet normal -0.442429 -0.896803 0
    outer loop
      vertex 60.8323 74.9782 0
      vertex 61.02 74.8856 1.5
      vertex 60.8323 74.9782 1.5
    endloop
  endfacet
  facet normal -0.442429 -0.896803 -0
    outer loop
      vertex 61.02 74.8856 1.5
      vertex 60.8323 74.9782 0
      vertex 61.02 74.8856 0
    endloop
  endfacet
  facet normal 0.751925 -0.659248 0
    outer loop
      vertex 58.9506 74.474 1.5
      vertex 59.0886 74.6314 0
      vertex 59.0886 74.6314 1.5
    endloop
  endfacet
  facet normal 0.751925 -0.659248 0
    outer loop
      vertex 59.0886 74.6314 0
      vertex 58.9506 74.474 1.5
      vertex 58.9506 74.474 0
    endloop
  endfacet
  facet normal 0.321526 -0.946901 0
    outer loop
      vertex 59.6077 74.9782 0
      vertex 59.8059 75.0455 1.5
      vertex 59.6077 74.9782 1.5
    endloop
  endfacet
  facet normal 0.321526 -0.946901 0
    outer loop
      vertex 59.8059 75.0455 1.5
      vertex 59.6077 74.9782 0
      vertex 59.8059 75.0455 0
    endloop
  endfacet
  facet normal 0.946901 0.321526 0
    outer loop
      vertex 58.7418 72.8877 1.5
      vertex 58.6745 73.0859 0
      vertex 58.6745 73.0859 1.5
    endloop
  endfacet
  facet normal 0.946901 0.321526 0
    outer loop
      vertex 58.6745 73.0859 0
      vertex 58.7418 72.8877 1.5
      vertex 58.7418 72.8877 0
    endloop
  endfacet
  facet normal -0.946901 0.321526 0
    outer loop
      vertex 61.6982 72.8877 0
      vertex 61.7655 73.0859 1.5
      vertex 61.7655 73.0859 0
    endloop
  endfacet
  facet normal -0.946901 0.321526 0
    outer loop
      vertex 61.7655 73.0859 1.5
      vertex 61.6982 72.8877 0
      vertex 61.6982 72.8877 1.5
    endloop
  endfacet
  facet normal -0.831609 -0.555362 0
    outer loop
      vertex 61.6056 74.3 0
      vertex 61.4894 74.474 1.5
      vertex 61.4894 74.474 0
    endloop
  endfacet
  facet normal -0.831609 -0.555362 0
    outer loop
      vertex 61.4894 74.474 1.5
      vertex 61.6056 74.3 0
      vertex 61.6056 74.3 1.5
    endloop
  endfacet
  facet normal 0.194922 -0.980819 0
    outer loop
      vertex 59.8059 75.0455 0
      vertex 60.0112 75.0863 1.5
      vertex 59.8059 75.0455 1.5
    endloop
  endfacet
  facet normal 0.194922 -0.980819 0
    outer loop
      vertex 60.0112 75.0863 1.5
      vertex 59.8059 75.0455 0
      vertex 60.0112 75.0863 0
    endloop
  endfacet
  facet normal 0.831609 0.555362 0
    outer loop
      vertex 58.9506 72.526 1.5
      vertex 58.8344 72.7 0
      vertex 58.8344 72.7 1.5
    endloop
  endfacet
  facet normal 0.831609 0.555362 0
    outer loop
      vertex 58.8344 72.7 0
      vertex 58.9506 72.526 1.5
      vertex 58.9506 72.526 0
    endloop
  endfacet
  facet normal 0.896803 0.442429 0
    outer loop
      vertex 58.8344 72.7 1.5
      vertex 58.7418 72.8877 0
      vertex 58.7418 72.8877 1.5
    endloop
  endfacet
  facet normal 0.896803 0.442429 0
    outer loop
      vertex 58.7418 72.8877 0
      vertex 58.8344 72.7 1.5
      vertex 58.8344 72.7 0
    endloop
  endfacet
  facet normal -0.555362 0.831609 0
    outer loop
      vertex 61.194 72.2306 0
      vertex 61.02 72.1144 1.5
      vertex 61.194 72.2306 1.5
    endloop
  endfacet
  facet normal -0.555362 0.831609 0
    outer loop
      vertex 61.02 72.1144 1.5
      vertex 61.194 72.2306 0
      vertex 61.02 72.1144 0
    endloop
  endfacet
  facet normal 0.980819 0.194922 0
    outer loop
      vertex 58.6745 73.0859 1.5
      vertex 58.6337 73.2912 0
      vertex 58.6337 73.2912 1.5
    endloop
  endfacet
  facet normal 0.980819 0.194922 0
    outer loop
      vertex 58.6337 73.2912 0
      vertex 58.6745 73.0859 1.5
      vertex 58.6745 73.0859 0
    endloop
  endfacet
  facet normal -0.321526 -0.946901 0
    outer loop
      vertex 60.6341 75.0455 0
      vertex 60.8323 74.9782 1.5
      vertex 60.6341 75.0455 1.5
    endloop
  endfacet
  facet normal -0.321526 -0.946901 -0
    outer loop
      vertex 60.8323 74.9782 1.5
      vertex 60.6341 75.0455 0
      vertex 60.8323 74.9782 0
    endloop
  endfacet
  facet normal -0.0654722 0.997854 0
    outer loop
      vertex 60.4288 71.9137 0
      vertex 60.22 71.9 1.5
      vertex 60.4288 71.9137 1.5
    endloop
  endfacet
  facet normal -0.0654722 0.997854 0
    outer loop
      vertex 60.22 71.9 1.5
      vertex 60.4288 71.9137 0
      vertex 60.22 71.9 0
    endloop
  endfacet
  facet normal -0.194922 -0.980819 0
    outer loop
      vertex 60.4288 75.0863 0
      vertex 60.6341 75.0455 1.5
      vertex 60.4288 75.0863 1.5
    endloop
  endfacet
  facet normal -0.194922 -0.980819 -0
    outer loop
      vertex 60.6341 75.0455 1.5
      vertex 60.4288 75.0863 0
      vertex 60.6341 75.0455 0
    endloop
  endfacet
  facet normal 0.194922 0.980819 -0
    outer loop
      vertex 60.0112 71.9137 0
      vertex 59.8059 71.9545 1.5
      vertex 60.0112 71.9137 1.5
    endloop
  endfacet
  facet normal 0.194922 0.980819 0
    outer loop
      vertex 59.8059 71.9545 1.5
      vertex 60.0112 71.9137 0
      vertex 59.8059 71.9545 0
    endloop
  endfacet
  facet normal 0.442429 -0.896803 0
    outer loop
      vertex 59.42 74.8856 0
      vertex 59.6077 74.9782 1.5
      vertex 59.42 74.8856 1.5
    endloop
  endfacet
  facet normal 0.442429 -0.896803 0
    outer loop
      vertex 59.6077 74.9782 1.5
      vertex 59.42 74.8856 0
      vertex 59.6077 74.9782 0
    endloop
  endfacet
  facet normal 0.946901 -0.321526 0
    outer loop
      vertex 58.6745 73.9141 1.5
      vertex 58.7418 74.1123 0
      vertex 58.7418 74.1123 1.5
    endloop
  endfacet
  facet normal 0.946901 -0.321526 0
    outer loop
      vertex 58.7418 74.1123 0
      vertex 58.6745 73.9141 1.5
      vertex 58.6745 73.9141 0
    endloop
  endfacet
  facet normal 0.659248 -0.751925 0
    outer loop
      vertex 59.0886 74.6314 0
      vertex 59.246 74.7694 1.5
      vertex 59.0886 74.6314 1.5
    endloop
  endfacet
  facet normal 0.659248 -0.751925 0
    outer loop
      vertex 59.246 74.7694 1.5
      vertex 59.0886 74.6314 0
      vertex 59.246 74.7694 0
    endloop
  endfacet
  facet normal 0.751925 0.659248 0
    outer loop
      vertex 59.0886 72.3686 1.5
      vertex 58.9506 72.526 0
      vertex 58.9506 72.526 1.5
    endloop
  endfacet
  facet normal 0.751925 0.659248 0
    outer loop
      vertex 58.9506 72.526 0
      vertex 59.0886 72.3686 1.5
      vertex 59.0886 72.3686 0
    endloop
  endfacet
  facet normal 0.321526 0.946901 -0
    outer loop
      vertex 59.8059 71.9545 0
      vertex 59.6077 72.0218 1.5
      vertex 59.8059 71.9545 1.5
    endloop
  endfacet
  facet normal 0.321526 0.946901 0
    outer loop
      vertex 59.6077 72.0218 1.5
      vertex 59.8059 71.9545 0
      vertex 59.6077 72.0218 0
    endloop
  endfacet
  facet normal -0.442429 0.896803 0
    outer loop
      vertex 61.02 72.1144 0
      vertex 60.8323 72.0218 1.5
      vertex 61.02 72.1144 1.5
    endloop
  endfacet
  facet normal -0.442429 0.896803 0
    outer loop
      vertex 60.8323 72.0218 1.5
      vertex 61.02 72.1144 0
      vertex 60.8323 72.0218 0
    endloop
  endfacet
  facet normal 0.980819 -0.194922 0
    outer loop
      vertex 58.6337 73.7088 1.5
      vertex 58.6745 73.9141 0
      vertex 58.6745 73.9141 1.5
    endloop
  endfacet
  facet normal 0.980819 -0.194922 0
    outer loop
      vertex 58.6745 73.9141 0
      vertex 58.6337 73.7088 1.5
      vertex 58.6337 73.7088 0
    endloop
  endfacet
  facet normal -0.0654722 -0.997854 0
    outer loop
      vertex 60.22 75.1 0
      vertex 60.4288 75.0863 1.5
      vertex 60.22 75.1 1.5
    endloop
  endfacet
  facet normal -0.0654722 -0.997854 -0
    outer loop
      vertex 60.4288 75.0863 1.5
      vertex 60.22 75.1 0
      vertex 60.4288 75.0863 0
    endloop
  endfacet
  facet normal 0.997854 0.0654722 0
    outer loop
      vertex 58.6337 73.2912 1.5
      vertex 58.62 73.5 0
      vertex 58.62 73.5 1.5
    endloop
  endfacet
  facet normal 0.997854 0.0654722 0
    outer loop
      vertex 58.62 73.5 0
      vertex 58.6337 73.2912 1.5
      vertex 58.6337 73.2912 0
    endloop
  endfacet
  facet normal 0.0654722 -0.997854 0
    outer loop
      vertex 60.0112 75.0863 0
      vertex 60.22 75.1 1.5
      vertex 60.0112 75.0863 1.5
    endloop
  endfacet
  facet normal 0.0654722 -0.997854 0
    outer loop
      vertex 60.22 75.1 1.5
      vertex 60.0112 75.0863 0
      vertex 60.22 75.1 0
    endloop
  endfacet
  facet normal 0.555362 0.831609 -0
    outer loop
      vertex 59.42 72.1144 0
      vertex 59.246 72.2306 1.5
      vertex 59.42 72.1144 1.5
    endloop
  endfacet
  facet normal 0.555362 0.831609 0
    outer loop
      vertex 59.246 72.2306 1.5
      vertex 59.42 72.1144 0
      vertex 59.246 72.2306 0
    endloop
  endfacet
  facet normal -0.831609 0.555362 0
    outer loop
      vertex 61.4894 102.526 0
      vertex 61.6056 102.7 1.5
      vertex 61.6056 102.7 0
    endloop
  endfacet
  facet normal -0.831609 0.555362 0
    outer loop
      vertex 61.6056 102.7 1.5
      vertex 61.4894 102.526 0
      vertex 61.4894 102.526 1.5
    endloop
  endfacet
  facet normal -0.195841 0.980636 0
    outer loop
      vertex 60.6341 101.955 0
      vertex 60.4288 101.914 1.5
      vertex 60.6341 101.955 1.5
    endloop
  endfacet
  facet normal -0.195841 0.980636 0
    outer loop
      vertex 60.4288 101.914 1.5
      vertex 60.6341 101.955 0
      vertex 60.4288 101.914 0
    endloop
  endfacet
  facet normal -0.980764 -0.195196 0
    outer loop
      vertex 61.8063 103.709 0
      vertex 61.7655 103.914 1.5
      vertex 61.7655 103.914 0
    endloop
  endfacet
  facet normal -0.980764 -0.195196 0
    outer loop
      vertex 61.7655 103.914 1.5
      vertex 61.8063 103.709 0
      vertex 61.8063 103.709 1.5
    endloop
  endfacet
  facet normal -0.997858 -0.0654099 0
    outer loop
      vertex 61.82 103.5 0
      vertex 61.8063 103.709 1.5
      vertex 61.8063 103.709 0
    endloop
  endfacet
  facet normal -0.997858 -0.0654099 0
    outer loop
      vertex 61.8063 103.709 1.5
      vertex 61.82 103.5 0
      vertex 61.82 103.5 1.5
    endloop
  endfacet
  facet normal -0.946802 -0.321817 0
    outer loop
      vertex 61.7655 103.914 0
      vertex 61.6982 104.112 1.5
      vertex 61.6982 104.112 0
    endloop
  endfacet
  facet normal -0.946802 -0.321817 0
    outer loop
      vertex 61.6982 104.112 1.5
      vertex 61.7655 103.914 0
      vertex 61.7655 103.914 1.5
    endloop
  endfacet
  facet normal -0.980764 0.195196 0
    outer loop
      vertex 61.7655 103.086 0
      vertex 61.8063 103.291 1.5
      vertex 61.8063 103.291 0
    endloop
  endfacet
  facet normal -0.980764 0.195196 0
    outer loop
      vertex 61.8063 103.291 1.5
      vertex 61.7655 103.086 0
      vertex 61.7655 103.086 1.5
    endloop
  endfacet
  facet normal -0.659248 0.751925 0
    outer loop
      vertex 61.3514 102.369 0
      vertex 61.194 102.231 1.5
      vertex 61.3514 102.369 1.5
    endloop
  endfacet
  facet normal -0.659248 0.751925 0
    outer loop
      vertex 61.194 102.231 1.5
      vertex 61.3514 102.369 0
      vertex 61.194 102.231 0
    endloop
  endfacet
  facet normal -0.897083 -0.441861 0
    outer loop
      vertex 61.6982 104.112 0
      vertex 61.6056 104.3 1.5
      vertex 61.6056 104.3 0
    endloop
  endfacet
  facet normal -0.897083 -0.441861 0
    outer loop
      vertex 61.6056 104.3 1.5
      vertex 61.6982 104.112 0
      vertex 61.6982 104.112 1.5
    endloop
  endfacet
  facet normal 0.897083 -0.441861 0
    outer loop
      vertex 58.7418 104.112 1.5
      vertex 58.8344 104.3 0
      vertex 58.8344 104.3 1.5
    endloop
  endfacet
  facet normal 0.897083 -0.441861 0
    outer loop
      vertex 58.8344 104.3 0
      vertex 58.7418 104.112 1.5
      vertex 58.7418 104.112 0
    endloop
  endfacet
  facet normal -0.659248 -0.751925 0
    outer loop
      vertex 61.194 104.769 0
      vertex 61.3514 104.631 1.5
      vertex 61.194 104.769 1.5
    endloop
  endfacet
  facet normal -0.659248 -0.751925 -0
    outer loop
      vertex 61.3514 104.631 1.5
      vertex 61.194 104.769 0
      vertex 61.3514 104.631 0
    endloop
  endfacet
  facet normal 0.0668996 0.99776 -0
    outer loop
      vertex 60.22 101.9 0
      vertex 60.0112 101.914 1.5
      vertex 60.22 101.9 1.5
    endloop
  endfacet
  facet normal 0.0668996 0.99776 0
    outer loop
      vertex 60.0112 101.914 1.5
      vertex 60.22 101.9 0
      vertex 60.0112 101.914 0
    endloop
  endfacet
  facet normal 0.440119 0.897939 -0
    outer loop
      vertex 59.6077 102.022 0
      vertex 59.42 102.114 1.5
      vertex 59.6077 102.022 1.5
    endloop
  endfacet
  facet normal 0.440119 0.897939 0
    outer loop
      vertex 59.42 102.114 1.5
      vertex 59.6077 102.022 0
      vertex 59.42 102.114 0
    endloop
  endfacet
  facet normal -0.557998 -0.829843 0
    outer loop
      vertex 61.02 104.886 0
      vertex 61.194 104.769 1.5
      vertex 61.02 104.886 1.5
    endloop
  endfacet
  facet normal -0.557998 -0.829843 -0
    outer loop
      vertex 61.194 104.769 1.5
      vertex 61.02 104.886 0
      vertex 61.194 104.769 0
    endloop
  endfacet
  facet normal -0.32024 0.947336 0
    outer loop
      vertex 60.8323 102.022 0
      vertex 60.6341 101.955 1.5
      vertex 60.8323 102.022 1.5
    endloop
  endfacet
  facet normal -0.32024 0.947336 0
    outer loop
      vertex 60.6341 101.955 1.5
      vertex 60.8323 102.022 0
      vertex 60.6341 101.955 0
    endloop
  endfacet
  facet normal 0.831609 -0.555362 0
    outer loop
      vertex 58.8344 104.3 1.5
      vertex 58.9506 104.474 0
      vertex 58.9506 104.474 1.5
    endloop
  endfacet
  facet normal 0.831609 -0.555362 0
    outer loop
      vertex 58.9506 104.474 0
      vertex 58.8344 104.3 1.5
      vertex 58.8344 104.3 0
    endloop
  endfacet
  facet normal 0.997858 -0.0654099 0
    outer loop
      vertex 58.62 103.5 1.5
      vertex 58.6337 103.709 0
      vertex 58.6337 103.709 1.5
    endloop
  endfacet
  facet normal 0.997858 -0.0654099 0
    outer loop
      vertex 58.6337 103.709 0
      vertex 58.62 103.5 1.5
      vertex 58.62 103.5 0
    endloop
  endfacet
  facet normal 0.557998 -0.829843 0
    outer loop
      vertex 59.246 104.769 0
      vertex 59.42 104.886 1.5
      vertex 59.246 104.769 1.5
    endloop
  endfacet
  facet normal 0.557998 -0.829843 0
    outer loop
      vertex 59.42 104.886 1.5
      vertex 59.246 104.769 0
      vertex 59.42 104.886 0
    endloop
  endfacet
  facet normal -0.897083 0.441861 0
    outer loop
      vertex 61.6056 102.7 0
      vertex 61.6982 102.888 1.5
      vertex 61.6982 102.888 0
    endloop
  endfacet
  facet normal -0.897083 0.441861 0
    outer loop
      vertex 61.6982 102.888 1.5
      vertex 61.6056 102.7 0
      vertex 61.6056 102.7 1.5
    endloop
  endfacet
  facet normal -0.751093 -0.660196 0
    outer loop
      vertex 61.4894 104.474 0
      vertex 61.3514 104.631 1.5
      vertex 61.3514 104.631 0
    endloop
  endfacet
  facet normal -0.751093 -0.660196 0
    outer loop
      vertex 61.3514 104.631 1.5
      vertex 61.4894 104.474 0
      vertex 61.4894 104.474 1.5
    endloop
  endfacet
  facet normal -0.751093 0.660196 0
    outer loop
      vertex 61.3514 102.369 0
      vertex 61.4894 102.526 1.5
      vertex 61.4894 102.526 0
    endloop
  endfacet
  facet normal -0.751093 0.660196 0
    outer loop
      vertex 61.4894 102.526 1.5
      vertex 61.3514 102.369 0
      vertex 61.3514 102.369 1.5
    endloop
  endfacet
  facet normal -0.997858 0.0654099 0
    outer loop
      vertex 61.8063 103.291 0
      vertex 61.82 103.5 1.5
      vertex 61.82 103.5 0
    endloop
  endfacet
  facet normal -0.997858 0.0654099 0
    outer loop
      vertex 61.82 103.5 1.5
      vertex 61.8063 103.291 0
      vertex 61.8063 103.291 1.5
    endloop
  endfacet
  facet normal -0.440119 -0.897939 0
    outer loop
      vertex 60.8323 104.978 0
      vertex 61.02 104.886 1.5
      vertex 60.8323 104.978 1.5
    endloop
  endfacet
  facet normal -0.440119 -0.897939 -0
    outer loop
      vertex 61.02 104.886 1.5
      vertex 60.8323 104.978 0
      vertex 61.02 104.886 0
    endloop
  endfacet
  facet normal 0.751093 -0.660196 0
    outer loop
      vertex 58.9506 104.474 1.5
      vertex 59.0886 104.631 0
      vertex 59.0886 104.631 1.5
    endloop
  endfacet
  facet normal 0.751093 -0.660196 0
    outer loop
      vertex 59.0886 104.631 0
      vertex 58.9506 104.474 1.5
      vertex 58.9506 104.474 0
    endloop
  endfacet
  facet normal 0.32024 -0.947336 0
    outer loop
      vertex 59.6077 104.978 0
      vertex 59.8059 105.045 1.5
      vertex 59.6077 104.978 1.5
    endloop
  endfacet
  facet normal 0.32024 -0.947336 0
    outer loop
      vertex 59.8059 105.045 1.5
      vertex 59.6077 104.978 0
      vertex 59.8059 105.045 0
    endloop
  endfacet
  facet normal -0.831609 -0.555362 0
    outer loop
      vertex 61.6056 104.3 0
      vertex 61.4894 104.474 1.5
      vertex 61.4894 104.474 0
    endloop
  endfacet
  facet normal -0.831609 -0.555362 0
    outer loop
      vertex 61.4894 104.474 1.5
      vertex 61.6056 104.3 0
      vertex 61.6056 104.3 1.5
    endloop
  endfacet
  facet normal 0.946802 0.321817 0
    outer loop
      vertex 58.7418 102.888 1.5
      vertex 58.6745 103.086 0
      vertex 58.6745 103.086 1.5
    endloop
  endfacet
  facet normal 0.946802 0.321817 0
    outer loop
      vertex 58.6745 103.086 0
      vertex 58.7418 102.888 1.5
      vertex 58.7418 102.888 0
    endloop
  endfacet
  facet normal -0.946802 0.321817 0
    outer loop
      vertex 61.6982 102.888 0
      vertex 61.7655 103.086 1.5
      vertex 61.7655 103.086 0
    endloop
  endfacet
  facet normal -0.946802 0.321817 0
    outer loop
      vertex 61.7655 103.086 1.5
      vertex 61.6982 102.888 0
      vertex 61.6982 102.888 1.5
    endloop
  endfacet
  facet normal 0.195841 -0.980636 0
    outer loop
      vertex 59.8059 105.045 0
      vertex 60.0112 105.086 1.5
      vertex 59.8059 105.045 1.5
    endloop
  endfacet
  facet normal 0.195841 -0.980636 0
    outer loop
      vertex 60.0112 105.086 1.5
      vertex 59.8059 105.045 0
      vertex 60.0112 105.086 0
    endloop
  endfacet
  facet normal 0.831609 0.555362 0
    outer loop
      vertex 58.9506 102.526 1.5
      vertex 58.8344 102.7 0
      vertex 58.8344 102.7 1.5
    endloop
  endfacet
  facet normal 0.831609 0.555362 0
    outer loop
      vertex 58.8344 102.7 0
      vertex 58.9506 102.526 1.5
      vertex 58.9506 102.526 0
    endloop
  endfacet
  facet normal 0.897083 0.441861 0
    outer loop
      vertex 58.8344 102.7 1.5
      vertex 58.7418 102.888 0
      vertex 58.7418 102.888 1.5
    endloop
  endfacet
  facet normal 0.897083 0.441861 0
    outer loop
      vertex 58.7418 102.888 0
      vertex 58.8344 102.7 1.5
      vertex 58.8344 102.7 0
    endloop
  endfacet
  facet normal -0.557998 0.829843 0
    outer loop
      vertex 61.194 102.231 0
      vertex 61.02 102.114 1.5
      vertex 61.194 102.231 1.5
    endloop
  endfacet
  facet normal -0.557998 0.829843 0
    outer loop
      vertex 61.02 102.114 1.5
      vertex 61.194 102.231 0
      vertex 61.02 102.114 0
    endloop
  endfacet
  facet normal 0.980764 0.195196 0
    outer loop
      vertex 58.6745 103.086 1.5
      vertex 58.6337 103.291 0
      vertex 58.6337 103.291 1.5
    endloop
  endfacet
  facet normal 0.980764 0.195196 0
    outer loop
      vertex 58.6337 103.291 0
      vertex 58.6745 103.086 1.5
      vertex 58.6745 103.086 0
    endloop
  endfacet
  facet normal -0.32024 -0.947336 0
    outer loop
      vertex 60.6341 105.045 0
      vertex 60.8323 104.978 1.5
      vertex 60.6341 105.045 1.5
    endloop
  endfacet
  facet normal -0.32024 -0.947336 -0
    outer loop
      vertex 60.8323 104.978 1.5
      vertex 60.6341 105.045 0
      vertex 60.8323 104.978 0
    endloop
  endfacet
  facet normal -0.0668996 0.99776 0
    outer loop
      vertex 60.4288 101.914 0
      vertex 60.22 101.9 1.5
      vertex 60.4288 101.914 1.5
    endloop
  endfacet
  facet normal -0.0668996 0.99776 0
    outer loop
      vertex 60.22 101.9 1.5
      vertex 60.4288 101.914 0
      vertex 60.22 101.9 0
    endloop
  endfacet
  facet normal -0.195841 -0.980636 0
    outer loop
      vertex 60.4288 105.086 0
      vertex 60.6341 105.045 1.5
      vertex 60.4288 105.086 1.5
    endloop
  endfacet
  facet normal -0.195841 -0.980636 -0
    outer loop
      vertex 60.6341 105.045 1.5
      vertex 60.4288 105.086 0
      vertex 60.6341 105.045 0
    endloop
  endfacet
  facet normal 0.195841 0.980636 -0
    outer loop
      vertex 60.0112 101.914 0
      vertex 59.8059 101.955 1.5
      vertex 60.0112 101.914 1.5
    endloop
  endfacet
  facet normal 0.195841 0.980636 0
    outer loop
      vertex 59.8059 101.955 1.5
      vertex 60.0112 101.914 0
      vertex 59.8059 101.955 0
    endloop
  endfacet
  facet normal 0.440119 -0.897939 0
    outer loop
      vertex 59.42 104.886 0
      vertex 59.6077 104.978 1.5
      vertex 59.42 104.886 1.5
    endloop
  endfacet
  facet normal 0.440119 -0.897939 0
    outer loop
      vertex 59.6077 104.978 1.5
      vertex 59.42 104.886 0
      vertex 59.6077 104.978 0
    endloop
  endfacet
  facet normal 0.946802 -0.321817 0
    outer loop
      vertex 58.6745 103.914 1.5
      vertex 58.7418 104.112 0
      vertex 58.7418 104.112 1.5
    endloop
  endfacet
  facet normal 0.946802 -0.321817 0
    outer loop
      vertex 58.7418 104.112 0
      vertex 58.6745 103.914 1.5
      vertex 58.6745 103.914 0
    endloop
  endfacet
  facet normal 0.659248 -0.751925 0
    outer loop
      vertex 59.0886 104.631 0
      vertex 59.246 104.769 1.5
      vertex 59.0886 104.631 1.5
    endloop
  endfacet
  facet normal 0.659248 -0.751925 0
    outer loop
      vertex 59.246 104.769 1.5
      vertex 59.0886 104.631 0
      vertex 59.246 104.769 0
    endloop
  endfacet
  facet normal 0.751093 0.660196 0
    outer loop
      vertex 59.0886 102.369 1.5
      vertex 58.9506 102.526 0
      vertex 58.9506 102.526 1.5
    endloop
  endfacet
  facet normal 0.751093 0.660196 0
    outer loop
      vertex 58.9506 102.526 0
      vertex 59.0886 102.369 1.5
      vertex 59.0886 102.369 0
    endloop
  endfacet
  facet normal 0.32024 0.947336 -0
    outer loop
      vertex 59.8059 101.955 0
      vertex 59.6077 102.022 1.5
      vertex 59.8059 101.955 1.5
    endloop
  endfacet
  facet normal 0.32024 0.947336 0
    outer loop
      vertex 59.6077 102.022 1.5
      vertex 59.8059 101.955 0
      vertex 59.6077 102.022 0
    endloop
  endfacet
  facet normal -0.440119 0.897939 0
    outer loop
      vertex 61.02 102.114 0
      vertex 60.8323 102.022 1.5
      vertex 61.02 102.114 1.5
    endloop
  endfacet
  facet normal -0.440119 0.897939 0
    outer loop
      vertex 60.8323 102.022 1.5
      vertex 61.02 102.114 0
      vertex 60.8323 102.022 0
    endloop
  endfacet
  facet normal 0.980764 -0.195196 0
    outer loop
      vertex 58.6337 103.709 1.5
      vertex 58.6745 103.914 0
      vertex 58.6745 103.914 1.5
    endloop
  endfacet
  facet normal 0.980764 -0.195196 0
    outer loop
      vertex 58.6745 103.914 0
      vertex 58.6337 103.709 1.5
      vertex 58.6337 103.709 0
    endloop
  endfacet
  facet normal 0.659248 0.751925 -0
    outer loop
      vertex 59.246 102.231 0
      vertex 59.0886 102.369 1.5
      vertex 59.246 102.231 1.5
    endloop
  endfacet
  facet normal 0.659248 0.751925 0
    outer loop
      vertex 59.0886 102.369 1.5
      vertex 59.246 102.231 0
      vertex 59.0886 102.369 0
    endloop
  endfacet
  facet normal -0.0668996 -0.99776 0
    outer loop
      vertex 60.22 105.1 0
      vertex 60.4288 105.086 1.5
      vertex 60.22 105.1 1.5
    endloop
  endfacet
  facet normal -0.0668996 -0.99776 -0
    outer loop
      vertex 60.4288 105.086 1.5
      vertex 60.22 105.1 0
      vertex 60.4288 105.086 0
    endloop
  endfacet
  facet normal 0.997858 0.0654099 0
    outer loop
      vertex 58.6337 103.291 1.5
      vertex 58.62 103.5 0
      vertex 58.62 103.5 1.5
    endloop
  endfacet
  facet normal 0.997858 0.0654099 0
    outer loop
      vertex 58.62 103.5 0
      vertex 58.6337 103.291 1.5
      vertex 58.6337 103.291 0
    endloop
  endfacet
  facet normal 0.0668996 -0.99776 0
    outer loop
      vertex 60.0112 105.086 0
      vertex 60.22 105.1 1.5
      vertex 60.0112 105.086 1.5
    endloop
  endfacet
  facet normal 0.0668996 -0.99776 0
    outer loop
      vertex 60.22 105.1 1.5
      vertex 60.0112 105.086 0
      vertex 60.22 105.1 0
    endloop
  endfacet
  facet normal 0.557998 0.829843 -0
    outer loop
      vertex 59.42 102.114 0
      vertex 59.246 102.231 1.5
      vertex 59.42 102.114 1.5
    endloop
  endfacet
  facet normal 0.557998 0.829843 0
    outer loop
      vertex 59.246 102.231 1.5
      vertex 59.42 102.114 0
      vertex 59.246 102.231 0
    endloop
  endfacet
  facet normal 0.555194 0.831721 -0
    outer loop
      vertex 67.7638 111.967 0
      vertex 67.22 112.33 3
      vertex 67.7638 111.967 3
    endloop
  endfacet
  facet normal 0.555194 0.831721 0
    outer loop
      vertex 67.22 112.33 3
      vertex 67.7638 111.967 0
      vertex 67.22 112.33 0
    endloop
  endfacet
  facet normal 0.659424 -0.751771 0
    outer loop
      vertex 67.7638 65.0332 0
      vertex 68.2555 65.4645 3
      vertex 67.7638 65.0332 3
    endloop
  endfacet
  facet normal 0.659424 -0.751771 0
    outer loop
      vertex 68.2555 65.4645 3
      vertex 67.7638 65.0332 0
      vertex 68.2555 65.4645 0
    endloop
  endfacet
  facet normal -0.322493 0.946572 0
    outer loop
      vertex 3.7059 112.83 0
      vertex 3.08658 112.619 3
      vertex 3.7059 112.83 3
    endloop
  endfacet
  facet normal -0.322493 0.946572 0
    outer loop
      vertex 3.08658 112.619 3
      vertex 3.7059 112.83 0
      vertex 3.08658 112.619 0
    endloop
  endfacet
  facet normal 0 0 -1
    outer loop
      vertex 58.7418 74.1123 0
      vertex 10.9782 74.1123 0
      vertex 58.8344 74.3 0
    endloop
  endfacet
  facet normal 0 0 -1
    outer loop
      vertex 58.8344 102.7 0
      vertex 11.0863 103.291 0
      vertex 11.1 103.5 0
    endloop
  endfacet
  facet normal 0 0 -1
    outer loop
      vertex 10.8856 74.3 0
      vertex 58.8344 74.3 0
      vertex 10.9782 74.1123 0
    endloop
  endfacet
  facet normal 0 0 -1
    outer loop
      vertex 58.8344 102.7 0
      vertex 11.0455 103.086 0
      vertex 11.0863 103.291 0
    endloop
  endfacet
  facet normal 0 0 -1
    outer loop
      vertex 58.8344 74.3 0
      vertex 10.8856 74.3 0
      vertex 58.8344 102.7 0
    endloop
  endfacet
  facet normal 0 0 -1
    outer loop
      vertex 58.8344 102.7 0
      vertex 10.9782 102.888 0
      vertex 11.0455 103.086 0
    endloop
  endfacet
  facet normal 0 0 -1
    outer loop
      vertex 10.8856 102.7 0
      vertex 58.8344 102.7 0
      vertex 10.8856 74.3 0
    endloop
  endfacet
  facet normal 0 0 -1
    outer loop
      vertex 58.8344 102.7 0
      vertex 10.8856 102.7 0
      vertex 10.9782 102.888 0
    endloop
  endfacet
  facet normal 0 0 -1
    outer loop
      vertex 10.7694 74.474 0
      vertex 10.8856 102.7 0
      vertex 10.8856 74.3 0
    endloop
  endfacet
  facet normal 0 0 -1
    outer loop
      vertex 10.7694 74.474 0
      vertex 10.7694 102.526 0
      vertex 10.8856 102.7 0
    endloop
  endfacet
  facet normal 0 0 -1
    outer loop
      vertex 10.6314 74.6314 0
      vertex 10.7694 102.526 0
      vertex 10.7694 74.474 0
    endloop
  endfacet
  facet normal 0 0 -1
    outer loop
      vertex 10.6314 74.6314 0
      vertex 10.6314 102.369 0
      vertex 10.7694 102.526 0
    endloop
  endfacet
  facet normal 0 0 -1
    outer loop
      vertex 10.474 74.7694 0
      vertex 10.6314 102.369 0
      vertex 10.6314 74.6314 0
    endloop
  endfacet
  facet normal 0 0 -1
    outer loop
      vertex 10.474 74.7694 0
      vertex 10.474 102.231 0
      vertex 10.6314 102.369 0
    endloop
  endfacet
  facet normal 0 0 -1
    outer loop
      vertex 10.3 74.8856 0
      vertex 10.474 102.231 0
      vertex 10.474 74.7694 0
    endloop
  endfacet
  facet normal 0 0 -1
    outer loop
      vertex 10.3 74.8856 0
      vertex 10.3 102.114 0
      vertex 10.474 102.231 0
    endloop
  endfacet
  facet normal 0 0 -1
    outer loop
      vertex 10.1123 74.9782 0
      vertex 10.3 102.114 0
      vertex 10.3 74.8856 0
    endloop
  endfacet
  facet normal 0 0 -1
    outer loop
      vertex 10.1123 74.9782 0
      vertex 10.1123 102.022 0
      vertex 10.3 102.114 0
    endloop
  endfacet
  facet normal 0 0 -1
    outer loop
      vertex 9.91411 75.0455 0
      vertex 10.1123 102.022 0
      vertex 10.1123 74.9782 0
    endloop
  endfacet
  facet normal 0 0 -1
    outer loop
      vertex 9.91411 75.0455 0
      vertex 9.91411 101.955 0
      vertex 10.1123 102.022 0
    endloop
  endfacet
  facet normal 0 0 -1
    outer loop
      vertex 9.70884 75.0863 0
      vertex 9.91411 101.955 0
      vertex 9.91411 75.0455 0
    endloop
  endfacet
  facet normal 0 0 -1
    outer loop
      vertex 9.70884 75.0863 0
      vertex 9.70884 101.914 0
      vertex 9.91411 101.955 0
    endloop
  endfacet
  facet normal 0 0 -1
    outer loop
      vertex 9.5 75.1 0
      vertex 9.70884 101.914 0
      vertex 9.70884 75.0863 0
    endloop
  endfacet
  facet normal 0 0 -1
    outer loop
      vertex 9.5 75.1 0
      vertex 9.5 101.9 0
      vertex 9.70884 101.914 0
    endloop
  endfacet
  facet normal 0 0 -1
    outer loop
      vertex 9.29116 75.0863 0
      vertex 9.5 101.9 0
      vertex 9.5 75.1 0
    endloop
  endfacet
  facet normal 0 0 -1
    outer loop
      vertex 9.29116 75.0863 0
      vertex 9.29116 101.914 0
      vertex 9.5 101.9 0
    endloop
  endfacet
  facet normal 0 0 -1
    outer loop
      vertex 9.08589 75.0455 0
      vertex 9.29116 101.914 0
      vertex 9.29116 75.0863 0
    endloop
  endfacet
  facet normal 0 0 -1
    outer loop
      vertex 9.08589 75.0455 0
      vertex 9.08589 101.955 0
      vertex 9.29116 101.914 0
    endloop
  endfacet
  facet normal 0 0 -1
    outer loop
      vertex 8.88771 74.9782 0
      vertex 9.08589 101.955 0
      vertex 9.08589 75.0455 0
    endloop
  endfacet
  facet normal 0 0 -1
    outer loop
      vertex 8.88771 74.9782 0
      vertex 8.88771 102.022 0
      vertex 9.08589 101.955 0
    endloop
  endfacet
  facet normal 0 0 -1
    outer loop
      vertex 8.7 74.8856 0
      vertex 8.88771 102.022 0
      vertex 8.88771 74.9782 0
    endloop
  endfacet
  facet normal 0 0 -1
    outer loop
      vertex 8.7 74.8856 0
      vertex 8.7 102.114 0
      vertex 8.88771 102.022 0
    endloop
  endfacet
  facet normal 0 0 -1
    outer loop
      vertex 8.52598 74.7694 0
      vertex 8.7 102.114 0
      vertex 8.7 74.8856 0
    endloop
  endfacet
  facet normal 0 0 -1
    outer loop
      vertex 8.52598 74.7694 0
      vertex 8.52598 102.231 0
      vertex 8.7 102.114 0
    endloop
  endfacet
  facet normal 0 0 -1
    outer loop
      vertex 8.36863 74.6314 0
      vertex 8.52598 102.231 0
      vertex 8.52598 74.7694 0
    endloop
  endfacet
  facet normal 0 0 -1
    outer loop
      vertex 8.36863 74.6314 0
      vertex 8.36863 102.369 0
      vertex 8.52598 102.231 0
    endloop
  endfacet
  facet normal 0 0 -1
    outer loop
      vertex 0 69 0
      vertex 8.36863 74.6314 0
      vertex 8.23063 74.474 0
    endloop
  endfacet
  facet normal -0 0 -1
    outer loop
      vertex 8.36863 74.6314 0
      vertex 0 69 0
      vertex 8.36863 102.369 0
    endloop
  endfacet
  facet normal 0 0 -1
    outer loop
      vertex 0 69 0
      vertex 8.23063 74.474 0
      vertex 8.11436 74.3 0
    endloop
  endfacet
  facet normal 0 0 -1
    outer loop
      vertex 0 108 0
      vertex 8.36863 102.369 0
      vertex 0 69 0
    endloop
  endfacet
  facet normal 0 0 -1
    outer loop
      vertex 0 69 0
      vertex 8.11436 74.3 0
      vertex 8.02179 74.1123 0
    endloop
  endfacet
  facet normal 0 0 -1
    outer loop
      vertex 8.36863 102.369 0
      vertex 0 108 0
      vertex 8.23063 102.526 0
    endloop
  endfacet
  facet normal 0 0 -1
    outer loop
      vertex 0 69 0
      vertex 8.02179 74.1123 0
      vertex 7.95452 73.9141 0
    endloop
  endfacet
  facet normal 0 0 -1
    outer loop
      vertex 8.23063 102.526 0
      vertex 0 108 0
      vertex 8.11436 102.7 0
    endloop
  endfacet
  facet normal 0 0 -1
    outer loop
      vertex 0 69 0
      vertex 7.95452 73.9141 0
      vertex 7.91369 73.7088 0
    endloop
  endfacet
  facet normal 0 0 -1
    outer loop
      vertex 8.11436 102.7 0
      vertex 0 108 0
      vertex 8.02179 102.888 0
    endloop
  endfacet
  facet normal 0 0 -1
    outer loop
      vertex 0 69 0
      vertex 7.91369 73.7088 0
      vertex 7.9 73.5 0
    endloop
  endfacet
  facet normal 0 0 -1
    outer loop
      vertex 8.02179 102.888 0
      vertex 0 108 0
      vertex 7.95452 103.086 0
    endloop
  endfacet
  facet normal 0 0 -1
    outer loop
      vertex 61.6982 74.1123 0
      vertex 69.72 69 0
      vertex 61.7655 73.9141 0
    endloop
  endfacet
  facet normal 0 0 -1
    outer loop
      vertex 69.72 108 0
      vertex 61.8063 103.291 0
      vertex 61.82 103.5 0
    endloop
  endfacet
  facet normal 0 0 -1
    outer loop
      vertex 61.6056 74.3 0
      vertex 69.72 69 0
      vertex 61.6982 74.1123 0
    endloop
  endfacet
  facet normal 0 0 -1
    outer loop
      vertex 69.72 108 0
      vertex 61.7655 103.086 0
      vertex 61.8063 103.291 0
    endloop
  endfacet
  facet normal 0 0 -1
    outer loop
      vertex 61.4894 74.474 0
      vertex 69.72 69 0
      vertex 61.6056 74.3 0
    endloop
  endfacet
  facet normal 0 0 -1
    outer loop
      vertex 69.72 108 0
      vertex 61.6982 102.888 0
      vertex 61.7655 103.086 0
    endloop
  endfacet
  facet normal 0 0 -1
    outer loop
      vertex 61.3514 74.6314 0
      vertex 69.72 69 0
      vertex 61.4894 74.474 0
    endloop
  endfacet
  facet normal 0 0 -1
    outer loop
      vertex 69.72 108 0
      vertex 61.6056 102.7 0
      vertex 61.6982 102.888 0
    endloop
  endfacet
  facet normal 0 0 -1
    outer loop
      vertex 69.72 69 0
      vertex 61.3514 74.6314 0
      vertex 69.72 108 0
    endloop
  endfacet
  facet normal 0 0 -1
    outer loop
      vertex 69.72 108 0
      vertex 61.4894 102.526 0
      vertex 61.6056 102.7 0
    endloop
  endfacet
  facet normal 0 0 -1
    outer loop
      vertex 61.3514 102.369 0
      vertex 69.72 108 0
      vertex 61.3514 74.6314 0
    endloop
  endfacet
  facet normal 0 0 -1
    outer loop
      vertex 69.72 108 0
      vertex 61.3514 102.369 0
      vertex 61.4894 102.526 0
    endloop
  endfacet
  facet normal 0 0 -1
    outer loop
      vertex 61.194 74.7694 0
      vertex 61.3514 102.369 0
      vertex 61.3514 74.6314 0
    endloop
  endfacet
  facet normal 0 0 -1
    outer loop
      vertex 61.194 74.7694 0
      vertex 61.194 102.231 0
      vertex 61.3514 102.369 0
    endloop
  endfacet
  facet normal 0 0 -1
    outer loop
      vertex 61.02 74.8856 0
      vertex 61.194 102.231 0
      vertex 61.194 74.7694 0
    endloop
  endfacet
  facet normal 0 0 -1
    outer loop
      vertex 61.02 74.8856 0
      vertex 61.02 102.114 0
      vertex 61.194 102.231 0
    endloop
  endfacet
  facet normal 0 0 -1
    outer loop
      vertex 60.8323 74.9782 0
      vertex 61.02 102.114 0
      vertex 61.02 74.8856 0
    endloop
  endfacet
  facet normal 0 0 -1
    outer loop
      vertex 60.8323 74.9782 0
      vertex 60.8323 102.022 0
      vertex 61.02 102.114 0
    endloop
  endfacet
  facet normal 0 0 -1
    outer loop
      vertex 60.6341 75.0455 0
      vertex 60.8323 102.022 0
      vertex 60.8323 74.9782 0
    endloop
  endfacet
  facet normal 0 0 -1
    outer loop
      vertex 60.6341 75.0455 0
      vertex 60.6341 101.955 0
      vertex 60.8323 102.022 0
    endloop
  endfacet
  facet normal 0 0 -1
    outer loop
      vertex 60.4288 75.0863 0
      vertex 60.6341 101.955 0
      vertex 60.6341 75.0455 0
    endloop
  endfacet
  facet normal 0 0 -1
    outer loop
      vertex 60.4288 75.0863 0
      vertex 60.4288 101.914 0
      vertex 60.6341 101.955 0
    endloop
  endfacet
  facet normal 0 0 -1
    outer loop
      vertex 60.22 75.1 0
      vertex 60.4288 101.914 0
      vertex 60.4288 75.0863 0
    endloop
  endfacet
  facet normal 0 0 -1
    outer loop
      vertex 60.22 75.1 0
      vertex 60.22 101.9 0
      vertex 60.4288 101.914 0
    endloop
  endfacet
  facet normal 0 0 -1
    outer loop
      vertex 60.0112 75.0863 0
      vertex 60.22 101.9 0
      vertex 60.22 75.1 0
    endloop
  endfacet
  facet normal 0 0 -1
    outer loop
      vertex 60.0112 75.0863 0
      vertex 60.0112 101.914 0
      vertex 60.22 101.9 0
    endloop
  endfacet
  facet normal 0 0 -1
    outer loop
      vertex 59.8059 75.0455 0
      vertex 60.0112 101.914 0
      vertex 60.0112 75.0863 0
    endloop
  endfacet
  facet normal 0 0 -1
    outer loop
      vertex 59.8059 75.0455 0
      vertex 59.8059 101.955 0
      vertex 60.0112 101.914 0
    endloop
  endfacet
  facet normal 0 0 -1
    outer loop
      vertex 59.6077 74.9782 0
      vertex 59.8059 101.955 0
      vertex 59.8059 75.0455 0
    endloop
  endfacet
  facet normal 0 0 -1
    outer loop
      vertex 59.6077 74.9782 0
      vertex 59.6077 102.022 0
      vertex 59.8059 101.955 0
    endloop
  endfacet
  facet normal 0 0 -1
    outer loop
      vertex 59.42 74.8856 0
      vertex 59.6077 102.022 0
      vertex 59.6077 74.9782 0
    endloop
  endfacet
  facet normal 0 0 -1
    outer loop
      vertex 59.42 74.8856 0
      vertex 59.42 102.114 0
      vertex 59.6077 102.022 0
    endloop
  endfacet
  facet normal 0 0 -1
    outer loop
      vertex 59.246 74.7694 0
      vertex 59.42 102.114 0
      vertex 59.42 74.8856 0
    endloop
  endfacet
  facet normal 0 0 -1
    outer loop
      vertex 59.246 74.7694 0
      vertex 59.246 102.231 0
      vertex 59.42 102.114 0
    endloop
  endfacet
  facet normal 0 0 -1
    outer loop
      vertex 59.0886 74.6314 0
      vertex 59.246 102.231 0
      vertex 59.246 74.7694 0
    endloop
  endfacet
  facet normal 0 0 -1
    outer loop
      vertex 59.0886 74.6314 0
      vertex 59.0886 102.369 0
      vertex 59.246 102.231 0
    endloop
  endfacet
  facet normal 0 0 -1
    outer loop
      vertex 58.9506 74.474 0
      vertex 59.0886 102.369 0
      vertex 59.0886 74.6314 0
    endloop
  endfacet
  facet normal 0 0 -1
    outer loop
      vertex 58.9506 74.474 0
      vertex 58.9506 102.526 0
      vertex 59.0886 102.369 0
    endloop
  endfacet
  facet normal 0 0 -1
    outer loop
      vertex 58.8344 74.3 0
      vertex 58.9506 102.526 0
      vertex 58.9506 74.474 0
    endloop
  endfacet
  facet normal 0 0 -1
    outer loop
      vertex 58.8344 74.3 0
      vertex 58.8344 102.7 0
      vertex 58.9506 102.526 0
    endloop
  endfacet
  facet normal 0 0 -1
    outer loop
      vertex 11.0455 73.9141 0
      vertex 58.6745 73.9141 0
      vertex 11.0863 73.7088 0
    endloop
  endfacet
  facet normal 0 0 -1
    outer loop
      vertex 58.6745 73.9141 0
      vertex 11.0455 73.9141 0
      vertex 58.7418 74.1123 0
    endloop
  endfacet
  facet normal 0 0 -1
    outer loop
      vertex 58.6337 73.7088 0
      vertex 11.0863 73.7088 0
      vertex 58.6745 73.9141 0
    endloop
  endfacet
  facet normal 0 0 -1
    outer loop
      vertex 10.9782 74.1123 0
      vertex 58.7418 74.1123 0
      vertex 11.0455 73.9141 0
    endloop
  endfacet
  facet normal 0 0 -1
    outer loop
      vertex 11.0863 73.7088 0
      vertex 58.6337 73.7088 0
      vertex 11.1 73.5 0
    endloop
  endfacet
  facet normal 0 0 -1
    outer loop
      vertex 58.8344 102.7 0
      vertex 11.1 103.5 0
      vertex 58.7418 102.888 0
    endloop
  endfacet
  facet normal 0 0 -1
    outer loop
      vertex 11.1 73.5 0
      vertex 58.6337 73.7088 0
      vertex 58.62 73.5 0
    endloop
  endfacet
  facet normal 0 0 -1
    outer loop
      vertex 58.7418 102.888 0
      vertex 11.1 103.5 0
      vertex 58.6745 103.086 0
    endloop
  endfacet
  facet normal 0 0 -1
    outer loop
      vertex 61.3514 72.3686 0
      vertex 69.72 69 0
      vertex 69.6772 68.3474 0
    endloop
  endfacet
  facet normal 0 0 -1
    outer loop
      vertex 61.8063 73.7088 0
      vertex 69.72 69 0
      vertex 61.82 73.5 0
    endloop
  endfacet
  facet normal 0 0 -1
    outer loop
      vertex 61.3514 72.3686 0
      vertex 69.6772 68.3474 0
      vertex 69.5496 67.7059 0
    endloop
  endfacet
  facet normal 0 0 -1
    outer loop
      vertex 61.7655 73.9141 0
      vertex 69.72 69 0
      vertex 61.8063 73.7088 0
    endloop
  endfacet
  facet normal 0 0 -1
    outer loop
      vertex 61.3514 72.3686 0
      vertex 69.5496 67.7059 0
      vertex 69.3394 67.0866 0
    endloop
  endfacet
  facet normal 0 0 -1
    outer loop
      vertex 61.8063 103.709 0
      vertex 69.72 108 0
      vertex 61.82 103.5 0
    endloop
  endfacet
  facet normal 0 0 -1
    outer loop
      vertex 61.3514 72.3686 0
      vertex 69.3394 67.0866 0
      vertex 69.0501 66.5 0
    endloop
  endfacet
  facet normal 0 0 -1
    outer loop
      vertex 61.7655 103.914 0
      vertex 69.72 108 0
      vertex 61.8063 103.709 0
    endloop
  endfacet
  facet normal 0 0 -1
    outer loop
      vertex 61.3514 72.3686 0
      vertex 69.0501 66.5 0
      vertex 68.6868 65.9562 0
    endloop
  endfacet
  facet normal 0 0 -1
    outer loop
      vertex 61.6982 104.112 0
      vertex 69.72 108 0
      vertex 61.7655 103.914 0
    endloop
  endfacet
  facet normal 0 0 -1
    outer loop
      vertex 61.3514 72.3686 0
      vertex 68.6868 65.9562 0
      vertex 68.2555 65.4645 0
    endloop
  endfacet
  facet normal 0 0 -1
    outer loop
      vertex 61.6056 104.3 0
      vertex 69.72 108 0
      vertex 61.6982 104.112 0
    endloop
  endfacet
  facet normal 0 0 -1
    outer loop
      vertex 61.3514 72.3686 0
      vertex 68.2555 65.4645 0
      vertex 67.7638 65.0332 0
    endloop
  endfacet
  facet normal 0 0 -1
    outer loop
      vertex 61.4894 104.474 0
      vertex 69.72 108 0
      vertex 61.6056 104.3 0
    endloop
  endfacet
  facet normal 0 0 -1
    outer loop
      vertex 61.3514 72.3686 0
      vertex 67.7638 65.0332 0
      vertex 67.22 64.6699 0
    endloop
  endfacet
  facet normal 0 0 -1
    outer loop
      vertex 61.3514 104.631 0
      vertex 69.72 108 0
      vertex 61.4894 104.474 0
    endloop
  endfacet
  facet normal 0 0 -1
    outer loop
      vertex 61.3514 72.3686 0
      vertex 67.22 64.6699 0
      vertex 66.6334 64.3806 0
    endloop
  endfacet
  facet normal -0 0 -1
    outer loop
      vertex 69.72 108 0
      vertex 61.3514 104.631 0
      vertex 69.6772 108.653 0
    endloop
  endfacet
  facet normal 0 0 -1
    outer loop
      vertex 61.3514 72.3686 0
      vertex 66.6334 64.3806 0
      vertex 66.0141 64.1704 0
    endloop
  endfacet
  facet normal -0 0 -1
    outer loop
      vertex 69.6772 108.653 0
      vertex 61.3514 104.631 0
      vertex 69.5496 109.294 0
    endloop
  endfacet
  facet normal 0 0 -1
    outer loop
      vertex 61.3514 72.3686 0
      vertex 66.0141 64.1704 0
      vertex 65.3726 64.0428 0
    endloop
  endfacet
  facet normal -0 0 -1
    outer loop
      vertex 69.5496 109.294 0
      vertex 61.3514 104.631 0
      vertex 69.3394 109.913 0
    endloop
  endfacet
  facet normal 0 0 -1
    outer loop
      vertex 61.3514 72.3686 0
      vertex 65.3726 64.0428 0
      vertex 64.72 64 0
    endloop
  endfacet
  facet normal -0 0 -1
    outer loop
      vertex 69.3394 109.913 0
      vertex 61.3514 104.631 0
      vertex 69.0501 110.5 0
    endloop
  endfacet
  facet normal -0 0 -1
    outer loop
      vertex 69.0501 110.5 0
      vertex 61.3514 104.631 0
      vertex 68.6868 111.044 0
    endloop
  endfacet
  facet normal 0 0 -1
    outer loop
      vertex 69.72 69 0
      vertex 61.8063 73.2912 0
      vertex 61.82 73.5 0
    endloop
  endfacet
  facet normal 0 0 -1
    outer loop
      vertex 69.72 69 0
      vertex 61.7655 73.0859 0
      vertex 61.8063 73.2912 0
    endloop
  endfacet
  facet normal 0 0 -1
    outer loop
      vertex 69.72 69 0
      vertex 61.6982 72.8877 0
      vertex 61.7655 73.0859 0
    endloop
  endfacet
  facet normal 0 0 -1
    outer loop
      vertex 69.72 69 0
      vertex 61.6056 72.7 0
      vertex 61.6982 72.8877 0
    endloop
  endfacet
  facet normal 0 0 -1
    outer loop
      vertex 69.72 69 0
      vertex 61.4894 72.526 0
      vertex 61.6056 72.7 0
    endloop
  endfacet
  facet normal 0 0 -1
    outer loop
      vertex 69.72 69 0
      vertex 61.3514 72.3686 0
      vertex 61.4894 72.526 0
    endloop
  endfacet
  facet normal 0 0 -1
    outer loop
      vertex 64.72 64 0
      vertex 61.194 72.2306 0
      vertex 61.3514 72.3686 0
    endloop
  endfacet
  facet normal 0 0 -1
    outer loop
      vertex 64.72 64 0
      vertex 61.02 72.1144 0
      vertex 61.194 72.2306 0
    endloop
  endfacet
  facet normal 0 0 -1
    outer loop
      vertex 64.72 64 0
      vertex 60.8323 72.0218 0
      vertex 61.02 72.1144 0
    endloop
  endfacet
  facet normal 0 0 -1
    outer loop
      vertex 64.72 64 0
      vertex 60.6341 71.9545 0
      vertex 60.8323 72.0218 0
    endloop
  endfacet
  facet normal 0 0 -1
    outer loop
      vertex 64.72 64 0
      vertex 60.4288 71.9137 0
      vertex 60.6341 71.9545 0
    endloop
  endfacet
  facet normal 0 0 -1
    outer loop
      vertex 64.72 64 0
      vertex 60.22 71.9 0
      vertex 60.4288 71.9137 0
    endloop
  endfacet
  facet normal 0 0 -1
    outer loop
      vertex 64.72 64 0
      vertex 60.0112 71.9137 0
      vertex 60.22 71.9 0
    endloop
  endfacet
  facet normal 0 0 -1
    outer loop
      vertex 64.72 64 0
      vertex 59.8059 71.9545 0
      vertex 60.0112 71.9137 0
    endloop
  endfacet
  facet normal 0 0 -1
    outer loop
      vertex 64.72 64 0
      vertex 59.6077 72.0218 0
      vertex 59.8059 71.9545 0
    endloop
  endfacet
  facet normal 0 0 -1
    outer loop
      vertex 64.72 64 0
      vertex 59.42 72.1144 0
      vertex 59.6077 72.0218 0
    endloop
  endfacet
  facet normal 0 0 -1
    outer loop
      vertex 64.72 64 0
      vertex 59.246 72.2306 0
      vertex 59.42 72.1144 0
    endloop
  endfacet
  facet normal 0 0 -1
    outer loop
      vertex 64.72 64 0
      vertex 59.0886 72.3686 0
      vertex 59.246 72.2306 0
    endloop
  endfacet
  facet normal 0 0 -1
    outer loop
      vertex 10.6314 72.3686 0
      vertex 59.0886 72.3686 0
      vertex 64.72 64 0
    endloop
  endfacet
  facet normal 0 0 -1
    outer loop
      vertex 58.6745 103.086 0
      vertex 11.1 103.5 0
      vertex 58.6337 103.291 0
    endloop
  endfacet
  facet normal 0 0 -1
    outer loop
      vertex 58.6337 73.2912 0
      vertex 11.1 73.5 0
      vertex 58.62 73.5 0
    endloop
  endfacet
  facet normal 0 0 -1
    outer loop
      vertex 11.0863 73.2912 0
      vertex 58.6337 73.2912 0
      vertex 58.6745 73.0859 0
    endloop
  endfacet
  facet normal 0 0 -1
    outer loop
      vertex 11.0455 73.0859 0
      vertex 58.6745 73.0859 0
      vertex 58.7418 72.8877 0
    endloop
  endfacet
  facet normal 0 0 -1
    outer loop
      vertex 10.9782 72.8877 0
      vertex 58.7418 72.8877 0
      vertex 58.8344 72.7 0
    endloop
  endfacet
  facet normal 0 0 -1
    outer loop
      vertex 10.8856 72.7 0
      vertex 58.8344 72.7 0
      vertex 58.9506 72.526 0
    endloop
  endfacet
  facet normal 0 0 -1
    outer loop
      vertex 59.0886 72.3686 0
      vertex 10.6314 72.3686 0
      vertex 58.9506 72.526 0
    endloop
  endfacet
  facet normal 0 0 -1
    outer loop
      vertex 58.6337 73.2912 0
      vertex 11.0863 73.2912 0
      vertex 11.1 73.5 0
    endloop
  endfacet
  facet normal 0 0 -1
    outer loop
      vertex 58.6745 73.0859 0
      vertex 11.0455 73.0859 0
      vertex 11.0863 73.2912 0
    endloop
  endfacet
  facet normal 0 0 -1
    outer loop
      vertex 58.7418 72.8877 0
      vertex 10.9782 72.8877 0
      vertex 11.0455 73.0859 0
    endloop
  endfacet
  facet normal 0 0 -1
    outer loop
      vertex 58.8344 72.7 0
      vertex 10.8856 72.7 0
      vertex 10.9782 72.8877 0
    endloop
  endfacet
  facet normal 0 0 -1
    outer loop
      vertex 58.9506 72.526 0
      vertex 10.7694 72.526 0
      vertex 10.8856 72.7 0
    endloop
  endfacet
  facet normal -0 0 -1
    outer loop
      vertex 58.9506 72.526 0
      vertex 10.6314 72.3686 0
      vertex 10.7694 72.526 0
    endloop
  endfacet
  facet normal 0 0 -1
    outer loop
      vertex 5 64 0
      vertex 10.6314 72.3686 0
      vertex 64.72 64 0
    endloop
  endfacet
  facet normal 0 0 -1
    outer loop
      vertex 10.6314 72.3686 0
      vertex 5 64 0
      vertex 10.474 72.2306 0
    endloop
  endfacet
  facet normal 0 0 -1
    outer loop
      vertex 10.474 72.2306 0
      vertex 5 64 0
      vertex 10.3 72.1144 0
    endloop
  endfacet
  facet normal 0 0 -1
    outer loop
      vertex 10.3 72.1144 0
      vertex 5 64 0
      vertex 10.1123 72.0218 0
    endloop
  endfacet
  facet normal 0 0 -1
    outer loop
      vertex 10.1123 72.0218 0
      vertex 5 64 0
      vertex 9.91411 71.9545 0
    endloop
  endfacet
  facet normal 0 0 -1
    outer loop
      vertex 9.91411 71.9545 0
      vertex 5 64 0
      vertex 9.70884 71.9137 0
    endloop
  endfacet
  facet normal 0 0 -1
    outer loop
      vertex 9.70884 71.9137 0
      vertex 5 64 0
      vertex 9.5 71.9 0
    endloop
  endfacet
  facet normal -0 0 -1
    outer loop
      vertex 7.91369 73.2912 0
      vertex 0 69 0
      vertex 7.9 73.5 0
    endloop
  endfacet
  facet normal -0 0 -1
    outer loop
      vertex 7.95452 73.0859 0
      vertex 0 69 0
      vertex 7.91369 73.2912 0
    endloop
  endfacet
  facet normal -0 0 -1
    outer loop
      vertex 8.02179 72.8877 0
      vertex 0 69 0
      vertex 7.95452 73.0859 0
    endloop
  endfacet
  facet normal -0 0 -1
    outer loop
      vertex 8.11436 72.7 0
      vertex 0 69 0
      vertex 8.02179 72.8877 0
    endloop
  endfacet
  facet normal -0 0 -1
    outer loop
      vertex 8.23063 72.526 0
      vertex 0 69 0
      vertex 8.11436 72.7 0
    endloop
  endfacet
  facet normal -0 0 -1
    outer loop
      vertex 8.36863 72.3686 0
      vertex 0 69 0
      vertex 8.23063 72.526 0
    endloop
  endfacet
  facet normal 0 0 -1
    outer loop
      vertex 0 69 0
      vertex 8.36863 72.3686 0
      vertex 5 64 0
    endloop
  endfacet
  facet normal -0 0 -1
    outer loop
      vertex 8.52598 72.2306 0
      vertex 5 64 0
      vertex 8.36863 72.3686 0
    endloop
  endfacet
  facet normal -0 0 -1
    outer loop
      vertex 8.7 72.1144 0
      vertex 5 64 0
      vertex 8.52598 72.2306 0
    endloop
  endfacet
  facet normal -0 0 -1
    outer loop
      vertex 8.88771 72.0218 0
      vertex 5 64 0
      vertex 8.7 72.1144 0
    endloop
  endfacet
  facet normal -0 0 -1
    outer loop
      vertex 9.08589 71.9545 0
      vertex 5 64 0
      vertex 8.88771 72.0218 0
    endloop
  endfacet
  facet normal -0 0 -1
    outer loop
      vertex 9.29116 71.9137 0
      vertex 5 64 0
      vertex 9.08589 71.9545 0
    endloop
  endfacet
  facet normal -0 0 -1
    outer loop
      vertex 9.5 71.9 0
      vertex 5 64 0
      vertex 9.29116 71.9137 0
    endloop
  endfacet
  facet normal -0 0 -1
    outer loop
      vertex 68.6868 111.044 0
      vertex 61.3514 104.631 0
      vertex 68.2555 111.536 0
    endloop
  endfacet
  facet normal -0 0 -1
    outer loop
      vertex 68.2555 111.536 0
      vertex 61.3514 104.631 0
      vertex 67.7638 111.967 0
    endloop
  endfacet
  facet normal -0 0 -1
    outer loop
      vertex 67.7638 111.967 0
      vertex 61.3514 104.631 0
      vertex 67.22 112.33 0
    endloop
  endfacet
  facet normal -0 0 -1
    outer loop
      vertex 67.22 112.33 0
      vertex 61.3514 104.631 0
      vertex 66.6334 112.619 0
    endloop
  endfacet
  facet normal -0 0 -1
    outer loop
      vertex 66.6334 112.619 0
      vertex 61.3514 104.631 0
      vertex 66.0141 112.83 0
    endloop
  endfacet
  facet normal -0 0 -1
    outer loop
      vertex 66.0141 112.83 0
      vertex 61.3514 104.631 0
      vertex 65.3726 112.957 0
    endloop
  endfacet
  facet normal -0 0 -1
    outer loop
      vertex 65.3726 112.957 0
      vertex 61.3514 104.631 0
      vertex 64.72 113 0
    endloop
  endfacet
  facet normal 0 0 -1
    outer loop
      vertex 61.194 104.769 0
      vertex 64.72 113 0
      vertex 61.3514 104.631 0
    endloop
  endfacet
  facet normal 0 0 -1
    outer loop
      vertex 61.02 104.886 0
      vertex 64.72 113 0
      vertex 61.194 104.769 0
    endloop
  endfacet
  facet normal 0 0 -1
    outer loop
      vertex 60.8323 104.978 0
      vertex 64.72 113 0
      vertex 61.02 104.886 0
    endloop
  endfacet
  facet normal 0 0 -1
    outer loop
      vertex 60.6341 105.045 0
      vertex 64.72 113 0
      vertex 60.8323 104.978 0
    endloop
  endfacet
  facet normal 0 0 -1
    outer loop
      vertex 60.4288 105.086 0
      vertex 64.72 113 0
      vertex 60.6341 105.045 0
    endloop
  endfacet
  facet normal 0 0 -1
    outer loop
      vertex 60.22 105.1 0
      vertex 64.72 113 0
      vertex 60.4288 105.086 0
    endloop
  endfacet
  facet normal 0 0 -1
    outer loop
      vertex 60.0112 105.086 0
      vertex 64.72 113 0
      vertex 60.22 105.1 0
    endloop
  endfacet
  facet normal 0 0 -1
    outer loop
      vertex 59.8059 105.045 0
      vertex 64.72 113 0
      vertex 60.0112 105.086 0
    endloop
  endfacet
  facet normal 0 0 -1
    outer loop
      vertex 59.6077 104.978 0
      vertex 64.72 113 0
      vertex 59.8059 105.045 0
    endloop
  endfacet
  facet normal 0 0 -1
    outer loop
      vertex 59.42 104.886 0
      vertex 64.72 113 0
      vertex 59.6077 104.978 0
    endloop
  endfacet
  facet normal 0 0 -1
    outer loop
      vertex 59.246 104.769 0
      vertex 64.72 113 0
      vertex 59.42 104.886 0
    endloop
  endfacet
  facet normal 0 0 -1
    outer loop
      vertex 59.0886 104.631 0
      vertex 64.72 113 0
      vertex 59.246 104.769 0
    endloop
  endfacet
  facet normal 0 0 -1
    outer loop
      vertex 10.6314 104.631 0
      vertex 59.0886 104.631 0
      vertex 58.9506 104.474 0
    endloop
  endfacet
  facet normal 0 0 -1
    outer loop
      vertex 58.6337 103.291 0
      vertex 11.1 103.5 0
      vertex 58.62 103.5 0
    endloop
  endfacet
  facet normal 0 0 -1
    outer loop
      vertex 58.62 103.5 0
      vertex 11.1 103.5 0
      vertex 58.6337 103.709 0
    endloop
  endfacet
  facet normal 0 0 -1
    outer loop
      vertex 11.0863 103.709 0
      vertex 58.6337 103.709 0
      vertex 11.1 103.5 0
    endloop
  endfacet
  facet normal 0 0 -1
    outer loop
      vertex 58.6337 103.709 0
      vertex 11.0863 103.709 0
      vertex 58.6745 103.914 0
    endloop
  endfacet
  facet normal 0 0 -1
    outer loop
      vertex 11.0455 103.914 0
      vertex 58.6745 103.914 0
      vertex 11.0863 103.709 0
    endloop
  endfacet
  facet normal 0 0 -1
    outer loop
      vertex 58.6745 103.914 0
      vertex 11.0455 103.914 0
      vertex 58.7418 104.112 0
    endloop
  endfacet
  facet normal 0 0 -1
    outer loop
      vertex 10.9782 104.112 0
      vertex 58.7418 104.112 0
      vertex 11.0455 103.914 0
    endloop
  endfacet
  facet normal 0 0 -1
    outer loop
      vertex 58.7418 104.112 0
      vertex 10.9782 104.112 0
      vertex 58.8344 104.3 0
    endloop
  endfacet
  facet normal 0 0 -1
    outer loop
      vertex 10.8856 104.3 0
      vertex 58.8344 104.3 0
      vertex 10.9782 104.112 0
    endloop
  endfacet
  facet normal 0 0 -1
    outer loop
      vertex 58.8344 104.3 0
      vertex 10.8856 104.3 0
      vertex 58.9506 104.474 0
    endloop
  endfacet
  facet normal 0 0 -1
    outer loop
      vertex 10.7694 104.474 0
      vertex 58.9506 104.474 0
      vertex 10.8856 104.3 0
    endloop
  endfacet
  facet normal 0 0 -1
    outer loop
      vertex 10.6314 104.631 0
      vertex 58.9506 104.474 0
      vertex 10.7694 104.474 0
    endloop
  endfacet
  facet normal 0 0 -1
    outer loop
      vertex 59.0886 104.631 0
      vertex 10.6314 104.631 0
      vertex 64.72 113 0
    endloop
  endfacet
  facet normal 0 0 -1
    outer loop
      vertex 5 113 0
      vertex 10.6314 104.631 0
      vertex 10.474 104.769 0
    endloop
  endfacet
  facet normal 0 0 -1
    outer loop
      vertex 5 113 0
      vertex 10.474 104.769 0
      vertex 10.3 104.886 0
    endloop
  endfacet
  facet normal 0 0 -1
    outer loop
      vertex 5 113 0
      vertex 10.3 104.886 0
      vertex 10.1123 104.978 0
    endloop
  endfacet
  facet normal 0 0 -1
    outer loop
      vertex 5 113 0
      vertex 10.1123 104.978 0
      vertex 9.91411 105.045 0
    endloop
  endfacet
  facet normal 0 0 -1
    outer loop
      vertex 5 113 0
      vertex 9.91411 105.045 0
      vertex 9.70884 105.086 0
    endloop
  endfacet
  facet normal 0 0 -1
    outer loop
      vertex 5 113 0
      vertex 9.70884 105.086 0
      vertex 9.5 105.1 0
    endloop
  endfacet
  facet normal 0 0 -1
    outer loop
      vertex 5 113 0
      vertex 9.5 105.1 0
      vertex 9.29116 105.086 0
    endloop
  endfacet
  facet normal 0 0 -1
    outer loop
      vertex 7.95452 103.086 0
      vertex 0 108 0
      vertex 7.91369 103.291 0
    endloop
  endfacet
  facet normal 0 0 -1
    outer loop
      vertex 10.6314 104.631 0
      vertex 5 113 0
      vertex 64.72 113 0
    endloop
  endfacet
  facet normal 0 0 -1
    outer loop
      vertex 9.08589 105.045 0
      vertex 5 113 0
      vertex 9.29116 105.086 0
    endloop
  endfacet
  facet normal 0 0 -1
    outer loop
      vertex 8.88771 104.978 0
      vertex 5 113 0
      vertex 9.08589 105.045 0
    endloop
  endfacet
  facet normal 0 0 -1
    outer loop
      vertex 8.7 104.886 0
      vertex 5 113 0
      vertex 8.88771 104.978 0
    endloop
  endfacet
  facet normal 0 0 -1
    outer loop
      vertex 8.52598 104.769 0
      vertex 5 113 0
      vertex 8.7 104.886 0
    endloop
  endfacet
  facet normal 0 0 -1
    outer loop
      vertex 8.36863 104.631 0
      vertex 5 113 0
      vertex 8.52598 104.769 0
    endloop
  endfacet
  facet normal 0 0 -1
    outer loop
      vertex 0 108 0
      vertex 8.36863 104.631 0
      vertex 8.23063 104.474 0
    endloop
  endfacet
  facet normal 0 0 -1
    outer loop
      vertex 0 108 0
      vertex 8.23063 104.474 0
      vertex 8.11436 104.3 0
    endloop
  endfacet
  facet normal 0 0 -1
    outer loop
      vertex 0 108 0
      vertex 8.11436 104.3 0
      vertex 8.02179 104.112 0
    endloop
  endfacet
  facet normal 0 0 -1
    outer loop
      vertex 0 108 0
      vertex 8.02179 104.112 0
      vertex 7.95452 103.914 0
    endloop
  endfacet
  facet normal 0 0 -1
    outer loop
      vertex 0 108 0
      vertex 7.95452 103.914 0
      vertex 7.91369 103.709 0
    endloop
  endfacet
  facet normal 0 0 -1
    outer loop
      vertex 7.91369 103.291 0
      vertex 0 108 0
      vertex 7.9 103.5 0
    endloop
  endfacet
  facet normal 0 0 -1
    outer loop
      vertex 0 69 0
      vertex 5 64 0
      vertex 4.34737 64.0428 0
    endloop
  endfacet
  facet normal 0 0 -1
    outer loop
      vertex 7.9 103.5 0
      vertex 0 108 0
      vertex 7.91369 103.709 0
    endloop
  endfacet
  facet normal 0 0 -1
    outer loop
      vertex 0 69 0
      vertex 4.34737 64.0428 0
      vertex 3.7059 64.1704 0
    endloop
  endfacet
  facet normal 0 -0 -1
    outer loop
      vertex 1.03323 111.044 0
      vertex 8.36863 104.631 0
      vertex 0 108 0
    endloop
  endfacet
  facet normal 0 0 -1
    outer loop
      vertex 0 69 0
      vertex 3.7059 64.1704 0
      vertex 3.08658 64.3806 0
    endloop
  endfacet
  facet normal 0 0 -1
    outer loop
      vertex 8.36863 104.631 0
      vertex 4.34737 112.957 0
      vertex 5 113 0
    endloop
  endfacet
  facet normal 0 0 -1
    outer loop
      vertex 0 69 0
      vertex 3.08658 64.3806 0
      vertex 2.5 64.6699 0
    endloop
  endfacet
  facet normal 0 0 -1
    outer loop
      vertex 8.36863 104.631 0
      vertex 3.7059 112.83 0
      vertex 4.34737 112.957 0
    endloop
  endfacet
  facet normal 0 0 -1
    outer loop
      vertex 0 69 0
      vertex 2.5 64.6699 0
      vertex 1.95619 65.0332 0
    endloop
  endfacet
  facet normal 0 0 -1
    outer loop
      vertex 8.36863 104.631 0
      vertex 3.08658 112.619 0
      vertex 3.7059 112.83 0
    endloop
  endfacet
  facet normal 0 0 -1
    outer loop
      vertex 0 69 0
      vertex 1.95619 65.0332 0
      vertex 1.46447 65.4645 0
    endloop
  endfacet
  facet normal 0 0 -1
    outer loop
      vertex 8.36863 104.631 0
      vertex 2.5 112.33 0
      vertex 3.08658 112.619 0
    endloop
  endfacet
  facet normal 0 0 -1
    outer loop
      vertex 0 69 0
      vertex 1.46447 65.4645 0
      vertex 1.03323 65.9562 0
    endloop
  endfacet
  facet normal 0 0 -1
    outer loop
      vertex 8.36863 104.631 0
      vertex 1.95619 111.967 0
      vertex 2.5 112.33 0
    endloop
  endfacet
  facet normal 0 0 -1
    outer loop
      vertex 0 69 0
      vertex 1.03323 65.9562 0
      vertex 0.669872 66.5 0
    endloop
  endfacet
  facet normal 0 0 -1
    outer loop
      vertex 8.36863 104.631 0
      vertex 1.46447 111.536 0
      vertex 1.95619 111.967 0
    endloop
  endfacet
  facet normal 0 0 -1
    outer loop
      vertex 0 69 0
      vertex 0.669872 66.5 0
      vertex 0.380602 67.0866 0
    endloop
  endfacet
  facet normal 0 0 -1
    outer loop
      vertex 8.36863 104.631 0
      vertex 1.03323 111.044 0
      vertex 1.46447 111.536 0
    endloop
  endfacet
  facet normal 0 0 -1
    outer loop
      vertex 0 69 0
      vertex 0.380602 67.0866 0
      vertex 0.17037 67.7059 0
    endloop
  endfacet
  facet normal 0 0 -1
    outer loop
      vertex 1.03323 111.044 0
      vertex 0 108 0
      vertex 0.669872 110.5 0
    endloop
  endfacet
  facet normal 0 0 -1
    outer loop
      vertex 0 69 0
      vertex 0.17037 67.7059 0
      vertex 0.0427752 68.3474 0
    endloop
  endfacet
  facet normal 0 0 -1
    outer loop
      vertex 0.669872 110.5 0
      vertex 0 108 0
      vertex 0.380602 109.913 0
    endloop
  endfacet
  facet normal 0 0 -1
    outer loop
      vertex 0.380602 109.913 0
      vertex 0 108 0
      vertex 0.17037 109.294 0
    endloop
  endfacet
  facet normal 0 0 -1
    outer loop
      vertex 0.17037 109.294 0
      vertex 0 108 0
      vertex 0.0427752 108.653 0
    endloop
  endfacet
  facet normal -0.321397 -0.946944 0
    outer loop
      vertex 3.08658 64.3806 0
      vertex 3.7059 64.1704 3
      vertex 3.08658 64.3806 3
    endloop
  endfacet
  facet normal -0.321397 -0.946944 -0
    outer loop
      vertex 3.7059 64.1704 3
      vertex 3.08658 64.3806 0
      vertex 3.7059 64.1704 0
    endloop
  endfacet
  facet normal -0.946926 -0.32145 0
    outer loop
      vertex 0.380602 67.0866 0
      vertex 0.17037 67.7059 3
      vertex 0.17037 67.7059 0
    endloop
  endfacet
  facet normal -0.946926 -0.32145 0
    outer loop
      vertex 0.17037 67.7059 3
      vertex 0.380602 67.0866 0
      vertex 0.380602 67.0866 3
    endloop
  endfacet
  facet normal -0.831562 0.555432 0
    outer loop
      vertex 0.669872 110.5 0
      vertex 1.03323 111.044 3
      vertex 1.03323 111.044 0
    endloop
  endfacet
  facet normal -0.831562 0.555432 0
    outer loop
      vertex 1.03323 111.044 3
      vertex 0.669872 110.5 0
      vertex 0.669872 110.5 3
    endloop
  endfacet
  facet normal 0.321407 -0.946941 0
    outer loop
      vertex 66.0141 64.1704 0
      vertex 66.6334 64.3806 3
      vertex 66.0141 64.1704 3
    endloop
  endfacet
  facet normal 0.321407 -0.946941 0
    outer loop
      vertex 66.6334 64.3806 3
      vertex 66.0141 64.1704 0
      vertex 66.6334 64.3806 0
    endloop
  endfacet
  facet normal -1 0 0
    outer loop
      vertex 0 69 0
      vertex 0 108 3
      vertex 0 108 0
    endloop
  endfacet
  facet normal -1 -0 0
    outer loop
      vertex 0 108 3
      vertex 0 69 0
      vertex 0 69 3
    endloop
  endfacet
  facet normal -0.441957 0.897036 0
    outer loop
      vertex 3.08658 112.619 0
      vertex 2.5 112.33 3
      vertex 3.08658 112.619 3
    endloop
  endfacet
  facet normal -0.441957 0.897036 0
    outer loop
      vertex 2.5 112.33 3
      vertex 3.08658 112.619 0
      vertex 2.5 112.33 0
    endloop
  endfacet
  facet normal 0.322503 0.946569 -0
    outer loop
      vertex 66.6334 112.619 0
      vertex 66.0141 112.83 3
      vertex 66.6334 112.619 3
    endloop
  endfacet
  facet normal 0.322503 0.946569 0
    outer loop
      vertex 66.0141 112.83 3
      vertex 66.6334 112.619 0
      vertex 66.0141 112.83 0
    endloop
  endfacet
  facet normal 1 -0 0
    outer loop
      vertex 69.72 69 3
      vertex 69.72 108 0
      vertex 69.72 108 3
    endloop
  endfacet
  facet normal 1 0 0
    outer loop
      vertex 69.72 108 0
      vertex 69.72 69 3
      vertex 69.72 69 0
    endloop
  endfacet
  facet normal -0.195096 -0.980784 0
    outer loop
      vertex 3.7059 64.1704 0
      vertex 4.34737 64.0428 3
      vertex 3.7059 64.1704 3
    endloop
  endfacet
  facet normal -0.195096 -0.980784 -0
    outer loop
      vertex 4.34737 64.0428 3
      vertex 3.7059 64.1704 0
      vertex 4.34737 64.0428 0
    endloop
  endfacet
  facet normal 0.89698 0.442072 0
    outer loop
      vertex 69.3394 109.913 3
      vertex 69.0501 110.5 0
      vertex 69.0501 110.5 3
    endloop
  endfacet
  facet normal 0.89698 0.442072 0
    outer loop
      vertex 69.0501 110.5 0
      vertex 69.3394 109.913 3
      vertex 69.3394 109.913 0
    endloop
  endfacet
  facet normal 0 -1 0
    outer loop
      vertex 5 64 0
      vertex 64.72 64 3
      vertex 5 64 3
    endloop
  endfacet
  facet normal 0 -1 -0
    outer loop
      vertex 64.72 64 3
      vertex 5 64 0
      vertex 64.72 64 0
    endloop
  endfacet
  facet normal -0.831468 -0.555573 0
    outer loop
      vertex 1.03323 65.9562 0
      vertex 0.669872 66.5 3
      vertex 0.669872 66.5 0
    endloop
  endfacet
  facet normal -0.831468 -0.555573 0
    outer loop
      vertex 0.669872 66.5 3
      vertex 1.03323 65.9562 0
      vertex 1.03323 65.9562 3
    endloop
  endfacet
  facet normal -0.0654402 -0.997856 0
    outer loop
      vertex 4.34737 64.0428 0
      vertex 5 64 3
      vertex 4.34737 64.0428 3
    endloop
  endfacet
  facet normal -0.0654402 -0.997856 -0
    outer loop
      vertex 5 64 3
      vertex 4.34737 64.0428 0
      vertex 5 64 0
    endloop
  endfacet
  facet normal 0.555512 -0.831509 0
    outer loop
      vertex 67.22 64.6699 0
      vertex 67.7638 65.0332 3
      vertex 67.22 64.6699 3
    endloop
  endfacet
  facet normal 0.555512 -0.831509 0
    outer loop
      vertex 67.7638 65.0332 3
      vertex 67.22 64.6699 0
      vertex 67.7638 65.0332 0
    endloop
  endfacet
  facet normal 0 1 -0
    outer loop
      vertex 64.72 113 0
      vertex 5 113 3
      vertex 64.72 113 3
    endloop
  endfacet
  facet normal 0 1 0
    outer loop
      vertex 5 113 3
      vertex 64.72 113 0
      vertex 5 113 0
    endloop
  endfacet
  facet normal -0.659409 -0.751784 0
    outer loop
      vertex 1.46447 65.4645 0
      vertex 1.95619 65.0332 3
      vertex 1.46447 65.4645 3
    endloop
  endfacet
  facet normal -0.659409 -0.751784 -0
    outer loop
      vertex 1.95619 65.0332 3
      vertex 1.46447 65.4645 0
      vertex 1.95619 65.0332 0
    endloop
  endfacet
  facet normal 0.75197 0.659197 0
    outer loop
      vertex 68.6868 111.044 3
      vertex 68.2555 111.536 0
      vertex 68.2555 111.536 3
    endloop
  endfacet
  facet normal 0.75197 0.659197 0
    outer loop
      vertex 68.2555 111.536 0
      vertex 68.6868 111.044 3
      vertex 68.6868 111.044 0
    endloop
  endfacet
  facet normal 0.980786 -0.195087 0
    outer loop
      vertex 69.5496 67.7059 3
      vertex 69.6772 68.3474 0
      vertex 69.6772 68.3474 3
    endloop
  endfacet
  facet normal 0.980786 -0.195087 0
    outer loop
      vertex 69.6772 68.3474 0
      vertex 69.5496 67.7059 3
      vertex 69.5496 67.7059 0
    endloop
  endfacet
  facet normal 0.997856 -0.0654432 0
    outer loop
      vertex 69.6772 68.3474 3
      vertex 69.72 69 0
      vertex 69.72 69 3
    endloop
  endfacet
  facet normal 0.997856 -0.0654432 0
    outer loop
      vertex 69.72 69 0
      vertex 69.6772 68.3474 3
      vertex 69.6772 68.3474 0
    endloop
  endfacet
  facet normal 0.0657477 0.997836 -0
    outer loop
      vertex 65.3726 112.957 0
      vertex 64.72 113 3
      vertex 65.3726 112.957 3
    endloop
  endfacet
  facet normal 0.0657477 0.997836 0
    outer loop
      vertex 64.72 113 3
      vertex 65.3726 112.957 0
      vertex 64.72 113 0
    endloop
  endfacet
  facet normal -0.0657447 0.997836 0
    outer loop
      vertex 5 113 0
      vertex 4.34737 112.957 3
      vertex 5 113 3
    endloop
  endfacet
  facet normal -0.0657447 0.997836 0
    outer loop
      vertex 4.34737 112.957 3
      vertex 5 113 0
      vertex 4.34737 112.957 0
    endloop
  endfacet
  facet normal 0.442314 -0.89686 0
    outer loop
      vertex 66.6334 64.3806 0
      vertex 67.22 64.6699 3
      vertex 66.6334 64.3806 3
    endloop
  endfacet
  facet normal 0.442314 -0.89686 0
    outer loop
      vertex 67.22 64.6699 3
      vertex 66.6334 64.3806 0
      vertex 67.22 64.6699 0
    endloop
  endfacet
  facet normal 0.194204 0.980961 -0
    outer loop
      vertex 66.0141 112.83 0
      vertex 65.3726 112.957 3
      vertex 66.0141 112.83 3
    endloop
  endfacet
  facet normal 0.194204 0.980961 0
    outer loop
      vertex 65.3726 112.957 3
      vertex 66.0141 112.83 0
      vertex 65.3726 112.957 0
    endloop
  endfacet
  facet normal -0.752016 0.659145 0
    outer loop
      vertex 1.03323 111.044 0
      vertex 1.46447 111.536 3
      vertex 1.46447 111.536 0
    endloop
  endfacet
  facet normal -0.752016 0.659145 0
    outer loop
      vertex 1.46447 111.536 3
      vertex 1.03323 111.044 0
      vertex 1.03323 111.044 3
    endloop
  endfacet
  facet normal 0.195087 -0.980786 0
    outer loop
      vertex 65.3726 64.0428 0
      vertex 66.0141 64.1704 3
      vertex 65.3726 64.0428 3
    endloop
  endfacet
  facet normal 0.195087 -0.980786 0
    outer loop
      vertex 66.0141 64.1704 3
      vertex 65.3726 64.0428 0
      vertex 66.0141 64.1704 0
    endloop
  endfacet
  facet normal 0.0654432 -0.997856 0
    outer loop
      vertex 64.72 64 0
      vertex 65.3726 64.0428 3
      vertex 64.72 64 3
    endloop
  endfacet
  facet normal 0.0654432 -0.997856 0
    outer loop
      vertex 65.3726 64.0428 3
      vertex 64.72 64 0
      vertex 65.3726 64.0428 0
    endloop
  endfacet
  facet normal -0.896878 -0.442277 0
    outer loop
      vertex 0.669872 66.5 0
      vertex 0.380602 67.0866 3
      vertex 0.380602 67.0866 0
    endloop
  endfacet
  facet normal -0.896878 -0.442277 0
    outer loop
      vertex 0.380602 67.0866 3
      vertex 0.669872 66.5 0
      vertex 0.669872 66.5 3
    endloop
  endfacet
  facet normal 0.997859 0.0654033 0
    outer loop
      vertex 69.72 108 3
      vertex 69.6772 108.653 0
      vertex 69.6772 108.653 3
    endloop
  endfacet
  facet normal 0.997859 0.0654033 0
    outer loop
      vertex 69.6772 108.653 0
      vertex 69.72 108 3
      vertex 69.72 108 0
    endloop
  endfacet
  facet normal -0.997861 0.0653656 0
    outer loop
      vertex 0 108 0
      vertex 0.0427752 108.653 3
      vertex 0.0427752 108.653 0
    endloop
  endfacet
  facet normal -0.997861 0.0653656 0
    outer loop
      vertex 0.0427752 108.653 3
      vertex 0 108 0
      vertex 0 108 3
    endloop
  endfacet
  facet normal -0.555187 0.831725 0
    outer loop
      vertex 2.5 112.33 0
      vertex 1.95619 111.967 3
      vertex 2.5 112.33 3
    endloop
  endfacet
  facet normal -0.555187 0.831725 0
    outer loop
      vertex 1.95619 111.967 3
      vertex 2.5 112.33 0
      vertex 1.95619 111.967 0
    endloop
  endfacet
  facet normal -0.65915 0.752012 0
    outer loop
      vertex 1.95619 111.967 0
      vertex 1.46447 111.536 3
      vertex 1.95619 111.967 3
    endloop
  endfacet
  facet normal -0.65915 0.752012 0
    outer loop
      vertex 1.46447 111.536 3
      vertex 1.95619 111.967 0
      vertex 1.46447 111.536 0
    endloop
  endfacet
  facet normal -0.194213 0.980959 0
    outer loop
      vertex 4.34737 112.957 0
      vertex 3.7059 112.83 3
      vertex 4.34737 112.957 3
    endloop
  endfacet
  facet normal -0.194213 0.980959 0
    outer loop
      vertex 3.7059 112.83 3
      vertex 4.34737 112.957 0
      vertex 3.7059 112.83 0
    endloop
  endfacet
  facet normal -0.896998 0.442035 0
    outer loop
      vertex 0.380602 109.913 0
      vertex 0.669872 110.5 3
      vertex 0.669872 110.5 0
    endloop
  endfacet
  facet normal -0.896998 0.442035 0
    outer loop
      vertex 0.669872 110.5 3
      vertex 0.380602 109.913 0
      vertex 0.380602 109.913 3
    endloop
  endfacet
  facet normal -0.980787 -0.195079 0
    outer loop
      vertex 0.17037 67.7059 0
      vertex 0.0427752 68.3474 3
      vertex 0.0427752 68.3474 0
    endloop
  endfacet
  facet normal -0.980787 -0.195079 0
    outer loop
      vertex 0.0427752 68.3474 3
      vertex 0.17037 67.7059 0
      vertex 0.17037 67.7059 3
    endloop
  endfacet
  facet normal -0.980758 0.195226 0
    outer loop
      vertex 0.0427752 108.653 0
      vertex 0.17037 109.294 3
      vertex 0.17037 109.294 0
    endloop
  endfacet
  facet normal -0.980758 0.195226 0
    outer loop
      vertex 0.17037 109.294 3
      vertex 0.0427752 108.653 0
      vertex 0.0427752 108.653 3
    endloop
  endfacet
  facet normal 0.946894 0.321546 0
    outer loop
      vertex 69.5496 109.294 3
      vertex 69.3394 109.913 0
      vertex 69.3394 109.913 3
    endloop
  endfacet
  facet normal 0.946894 0.321546 0
    outer loop
      vertex 69.3394 109.913 0
      vertex 69.5496 109.294 3
      vertex 69.5496 109.294 0
    endloop
  endfacet
  facet normal 0.831603 0.55537 0
    outer loop
      vertex 69.0501 110.5 3
      vertex 68.6868 111.044 0
      vertex 68.6868 111.044 3
    endloop
  endfacet
  facet normal 0.831603 0.55537 0
    outer loop
      vertex 68.6868 111.044 0
      vertex 69.0501 110.5 3
      vertex 69.0501 110.5 0
    endloop
  endfacet
  facet normal -0.555504 -0.831514 0
    outer loop
      vertex 1.95619 65.0332 0
      vertex 2.5 64.6699 3
      vertex 1.95619 65.0332 3
    endloop
  endfacet
  facet normal -0.555504 -0.831514 -0
    outer loop
      vertex 2.5 64.6699 3
      vertex 1.95619 65.0332 0
      vertex 2.5 64.6699 0
    endloop
  endfacet
  facet normal 0.980757 0.195233 0
    outer loop
      vertex 69.6772 108.653 3
      vertex 69.5496 109.294 0
      vertex 69.5496 109.294 3
    endloop
  endfacet
  facet normal 0.980757 0.195233 0
    outer loop
      vertex 69.5496 109.294 0
      vertex 69.6772 108.653 3
      vertex 69.6772 108.653 0
    endloop
  endfacet
  facet normal -0.997859 -0.0654055 0
    outer loop
      vertex 0.0427752 68.3474 0
      vertex 0 69 3
      vertex 0 69 0
    endloop
  endfacet
  facet normal -0.997859 -0.0654055 0
    outer loop
      vertex 0 69 3
      vertex 0.0427752 68.3474 0
      vertex 0.0427752 68.3474 3
    endloop
  endfacet
  facet normal -0.751817 -0.659372 0
    outer loop
      vertex 1.46447 65.4645 0
      vertex 1.03323 65.9562 3
      vertex 1.03323 65.9562 0
    endloop
  endfacet
  facet normal -0.751817 -0.659372 0
    outer loop
      vertex 1.03323 65.9562 3
      vertex 1.46447 65.4645 0
      vertex 1.46447 65.4645 3
    endloop
  endfacet
  facet normal 0.831509 -0.555512 0
    outer loop
      vertex 68.6868 65.9562 3
      vertex 69.0501 66.5 0
      vertex 69.0501 66.5 3
    endloop
  endfacet
  facet normal 0.831509 -0.555512 0
    outer loop
      vertex 69.0501 66.5 0
      vertex 68.6868 65.9562 3
      vertex 68.6868 65.9562 0
    endloop
  endfacet
  facet normal 0.89686 -0.442314 0
    outer loop
      vertex 69.0501 66.5 3
      vertex 69.3394 67.0866 0
      vertex 69.3394 67.0866 3
    endloop
  endfacet
  facet normal 0.89686 -0.442314 0
    outer loop
      vertex 69.3394 67.0866 0
      vertex 69.0501 66.5 3
      vertex 69.0501 66.5 0
    endloop
  endfacet
  facet normal 0.751771 -0.659424 0
    outer loop
      vertex 68.2555 65.4645 3
      vertex 68.6868 65.9562 0
      vertex 68.6868 65.9562 3
    endloop
  endfacet
  facet normal 0.751771 -0.659424 0
    outer loop
      vertex 68.6868 65.9562 0
      vertex 68.2555 65.4645 3
      vertex 68.2555 65.4645 0
    endloop
  endfacet
  facet normal 0 0 1
    outer loop
      vertex 66.22 108 3
      vertex 69.72 108 3
      vertex 69.6772 108.653 3
    endloop
  endfacet
  facet normal 0 0 1
    outer loop
      vertex 69.72 108 3
      vertex 66.22 108 3
      vertex 69.72 69 3
    endloop
  endfacet
  facet normal 0 0 1
    outer loop
      vertex 66.2072 108.196 3
      vertex 69.6772 108.653 3
      vertex 69.5496 109.294 3
    endloop
  endfacet
  facet normal 0 0 1
    outer loop
      vertex 66.22 69 3
      vertex 69.72 69 3
      vertex 66.22 108 3
    endloop
  endfacet
  facet normal 0 0 1
    outer loop
      vertex 66.1689 108.388 3
      vertex 69.5496 109.294 3
      vertex 69.3394 109.913 3
    endloop
  endfacet
  facet normal 0 0 1
    outer loop
      vertex 69.72 69 3
      vertex 66.22 69 3
      vertex 69.6772 68.3474 3
    endloop
  endfacet
  facet normal 0 0 1
    outer loop
      vertex 66.1058 108.574 3
      vertex 69.3394 109.913 3
      vertex 69.0501 110.5 3
    endloop
  endfacet
  facet normal -0 0 1
    outer loop
      vertex 66.2072 68.8042 3
      vertex 69.6772 68.3474 3
      vertex 66.22 69 3
    endloop
  endfacet
  facet normal 0 0 1
    outer loop
      vertex 66.019 108.75 3
      vertex 69.0501 110.5 3
      vertex 68.6868 111.044 3
    endloop
  endfacet
  facet normal 0 0 1
    outer loop
      vertex 69.6772 68.3474 3
      vertex 66.2072 68.8042 3
      vertex 69.5496 67.7059 3
    endloop
  endfacet
  facet normal 0 0 1
    outer loop
      vertex 65.91 108.913 3
      vertex 68.6868 111.044 3
      vertex 68.2555 111.536 3
    endloop
  endfacet
  facet normal -0 0 1
    outer loop
      vertex 66.1689 68.6118 3
      vertex 69.5496 67.7059 3
      vertex 66.2072 68.8042 3
    endloop
  endfacet
  facet normal 0 0 1
    outer loop
      vertex 65.7807 109.061 3
      vertex 68.2555 111.536 3
      vertex 67.7638 111.967 3
    endloop
  endfacet
  facet normal 0 0 1
    outer loop
      vertex 69.5496 67.7059 3
      vertex 66.1689 68.6118 3
      vertex 69.3394 67.0866 3
    endloop
  endfacet
  facet normal 0 0 1
    outer loop
      vertex 65.6331 109.19 3
      vertex 67.7638 111.967 3
      vertex 67.22 112.33 3
    endloop
  endfacet
  facet normal -0 0 1
    outer loop
      vertex 66.1058 68.426 3
      vertex 69.3394 67.0866 3
      vertex 66.1689 68.6118 3
    endloop
  endfacet
  facet normal 0 0 1
    outer loop
      vertex 65.47 109.299 3
      vertex 67.22 112.33 3
      vertex 66.6334 112.619 3
    endloop
  endfacet
  facet normal 0 0 1
    outer loop
      vertex 69.3394 67.0866 3
      vertex 66.1058 68.426 3
      vertex 69.0501 66.5 3
    endloop
  endfacet
  facet normal -0 0 1
    outer loop
      vertex 66.019 68.25 3
      vertex 69.0501 66.5 3
      vertex 66.1058 68.426 3
    endloop
  endfacet
  facet normal 0 0 1
    outer loop
      vertex 69.6772 108.653 3
      vertex 66.2072 108.196 3
      vertex 66.22 108 3
    endloop
  endfacet
  facet normal 0 0 1
    outer loop
      vertex 69.5496 109.294 3
      vertex 66.1689 108.388 3
      vertex 66.2072 108.196 3
    endloop
  endfacet
  facet normal 0 0 1
    outer loop
      vertex 69.3394 109.913 3
      vertex 66.1058 108.574 3
      vertex 66.1689 108.388 3
    endloop
  endfacet
  facet normal 0 0 1
    outer loop
      vertex 69.0501 110.5 3
      vertex 66.019 108.75 3
      vertex 66.1058 108.574 3
    endloop
  endfacet
  facet normal 0 0 1
    outer loop
      vertex 65.294 109.386 3
      vertex 66.6334 112.619 3
      vertex 66.0141 112.83 3
    endloop
  endfacet
  facet normal 0 0 1
    outer loop
      vertex 68.6868 111.044 3
      vertex 65.91 108.913 3
      vertex 66.019 108.75 3
    endloop
  endfacet
  facet normal 0 0 1
    outer loop
      vertex 68.2555 111.536 3
      vertex 65.7807 109.061 3
      vertex 65.91 108.913 3
    endloop
  endfacet
  facet normal 0 0 1
    outer loop
      vertex 67.7638 111.967 3
      vertex 65.6331 109.19 3
      vertex 65.7807 109.061 3
    endloop
  endfacet
  facet normal 0 0 1
    outer loop
      vertex 67.22 112.33 3
      vertex 65.47 109.299 3
      vertex 65.6331 109.19 3
    endloop
  endfacet
  facet normal 0 0 1
    outer loop
      vertex 65.1082 109.449 3
      vertex 66.0141 112.83 3
      vertex 65.3726 112.957 3
    endloop
  endfacet
  facet normal 0 0 1
    outer loop
      vertex 66.6334 112.619 3
      vertex 65.294 109.386 3
      vertex 65.47 109.299 3
    endloop
  endfacet
  facet normal 0 0 1
    outer loop
      vertex 66.0141 112.83 3
      vertex 65.1082 109.449 3
      vertex 65.294 109.386 3
    endloop
  endfacet
  facet normal 0 0 1
    outer loop
      vertex 65.3726 112.957 3
      vertex 64.9158 109.487 3
      vertex 65.1082 109.449 3
    endloop
  endfacet
  facet normal 0 0 1
    outer loop
      vertex 64.72 113 3
      vertex 64.9158 109.487 3
      vertex 65.3726 112.957 3
    endloop
  endfacet
  facet normal 0 0 1
    outer loop
      vertex 64.72 113 3
      vertex 64.72 109.5 3
      vertex 64.9158 109.487 3
    endloop
  endfacet
  facet normal -0 0 1
    outer loop
      vertex 5 113 3
      vertex 64.72 109.5 3
      vertex 64.72 113 3
    endloop
  endfacet
  facet normal 0 0 1
    outer loop
      vertex 5 113 3
      vertex 5 109.5 3
      vertex 64.72 109.5 3
    endloop
  endfacet
  facet normal 0 0 1
    outer loop
      vertex 5 113 3
      vertex 4.80421 109.487 3
      vertex 5 109.5 3
    endloop
  endfacet
  facet normal -0 0 1
    outer loop
      vertex 4.34737 112.957 3
      vertex 4.80421 109.487 3
      vertex 5 113 3
    endloop
  endfacet
  facet normal 0 0 1
    outer loop
      vertex 4.80421 109.487 3
      vertex 4.34737 112.957 3
      vertex 4.61177 109.449 3
    endloop
  endfacet
  facet normal -0 0 1
    outer loop
      vertex 3.7059 112.83 3
      vertex 4.61177 109.449 3
      vertex 4.34737 112.957 3
    endloop
  endfacet
  facet normal 0 0 1
    outer loop
      vertex 4.61177 109.449 3
      vertex 3.7059 112.83 3
      vertex 4.42597 109.386 3
    endloop
  endfacet
  facet normal -0 0 1
    outer loop
      vertex 3.08658 112.619 3
      vertex 4.42597 109.386 3
      vertex 3.7059 112.83 3
    endloop
  endfacet
  facet normal 0 0 1
    outer loop
      vertex 4.42597 109.386 3
      vertex 3.08658 112.619 3
      vertex 4.25 109.299 3
    endloop
  endfacet
  facet normal -0 0 1
    outer loop
      vertex 2.5 112.33 3
      vertex 4.25 109.299 3
      vertex 3.08658 112.619 3
    endloop
  endfacet
  facet normal 0 0 1
    outer loop
      vertex 4.25 109.299 3
      vertex 2.5 112.33 3
      vertex 4.08686 109.19 3
    endloop
  endfacet
  facet normal -0 0 1
    outer loop
      vertex 1.95619 111.967 3
      vertex 4.08686 109.19 3
      vertex 2.5 112.33 3
    endloop
  endfacet
  facet normal 0 0 1
    outer loop
      vertex 4.08686 109.19 3
      vertex 1.95619 111.967 3
      vertex 3.93934 109.061 3
    endloop
  endfacet
  facet normal -0 0 1
    outer loop
      vertex 1.46447 111.536 3
      vertex 3.93934 109.061 3
      vertex 1.95619 111.967 3
    endloop
  endfacet
  facet normal 0 0 1
    outer loop
      vertex 3.93934 109.061 3
      vertex 1.46447 111.536 3
      vertex 3.80997 108.913 3
    endloop
  endfacet
  facet normal -0 0 1
    outer loop
      vertex 1.03323 111.044 3
      vertex 3.80997 108.913 3
      vertex 1.46447 111.536 3
    endloop
  endfacet
  facet normal -0 0 1
    outer loop
      vertex 0.669872 110.5 3
      vertex 3.70096 108.75 3
      vertex 1.03323 111.044 3
    endloop
  endfacet
  facet normal 0 0 1
    outer loop
      vertex 3.80997 108.913 3
      vertex 1.03323 111.044 3
      vertex 3.70096 108.75 3
    endloop
  endfacet
  facet normal 0 0 1
    outer loop
      vertex 69.0501 66.5 3
      vertex 66.019 68.25 3
      vertex 68.6868 65.9562 3
    endloop
  endfacet
  facet normal -0 0 1
    outer loop
      vertex 65.91 68.0869 3
      vertex 68.6868 65.9562 3
      vertex 66.019 68.25 3
    endloop
  endfacet
  facet normal 0 0 1
    outer loop
      vertex 68.6868 65.9562 3
      vertex 65.91 68.0869 3
      vertex 68.2555 65.4645 3
    endloop
  endfacet
  facet normal -0 0 1
    outer loop
      vertex 65.7807 67.9393 3
      vertex 68.2555 65.4645 3
      vertex 65.91 68.0869 3
    endloop
  endfacet
  facet normal 0 0 1
    outer loop
      vertex 68.2555 65.4645 3
      vertex 65.7807 67.9393 3
      vertex 67.7638 65.0332 3
    endloop
  endfacet
  facet normal -0 0 1
    outer loop
      vertex 65.6331 67.81 3
      vertex 67.7638 65.0332 3
      vertex 65.7807 67.9393 3
    endloop
  endfacet
  facet normal 0 0 1
    outer loop
      vertex 67.7638 65.0332 3
      vertex 65.6331 67.81 3
      vertex 67.22 64.6699 3
    endloop
  endfacet
  facet normal -0 0 1
    outer loop
      vertex 65.47 67.701 3
      vertex 67.22 64.6699 3
      vertex 65.6331 67.81 3
    endloop
  endfacet
  facet normal 0 0 1
    outer loop
      vertex 67.22 64.6699 3
      vertex 65.47 67.701 3
      vertex 66.6334 64.3806 3
    endloop
  endfacet
  facet normal -0 0 1
    outer loop
      vertex 65.294 67.6142 3
      vertex 66.6334 64.3806 3
      vertex 65.47 67.701 3
    endloop
  endfacet
  facet normal 0 0 1
    outer loop
      vertex 66.6334 64.3806 3
      vertex 65.294 67.6142 3
      vertex 66.0141 64.1704 3
    endloop
  endfacet
  facet normal -0 0 1
    outer loop
      vertex 65.1082 67.5511 3
      vertex 66.0141 64.1704 3
      vertex 65.294 67.6142 3
    endloop
  endfacet
  facet normal 0 0 1
    outer loop
      vertex 66.0141 64.1704 3
      vertex 65.1082 67.5511 3
      vertex 65.3726 64.0428 3
    endloop
  endfacet
  facet normal -0 0 1
    outer loop
      vertex 64.9158 67.5128 3
      vertex 65.3726 64.0428 3
      vertex 65.1082 67.5511 3
    endloop
  endfacet
  facet normal -0 0 1
    outer loop
      vertex 64.72 67.5 3
      vertex 65.3726 64.0428 3
      vertex 64.9158 67.5128 3
    endloop
  endfacet
  facet normal 0 0 1
    outer loop
      vertex 64.72 67.5 3
      vertex 64.72 64 3
      vertex 65.3726 64.0428 3
    endloop
  endfacet
  facet normal -0 0 1
    outer loop
      vertex 5 67.5 3
      vertex 64.72 64 3
      vertex 64.72 67.5 3
    endloop
  endfacet
  facet normal 0 0 1
    outer loop
      vertex 5 67.5 3
      vertex 5 64 3
      vertex 64.72 64 3
    endloop
  endfacet
  facet normal 0 0 1
    outer loop
      vertex 4.80421 67.5128 3
      vertex 5 64 3
      vertex 5 67.5 3
    endloop
  endfacet
  facet normal 0 0 1
    outer loop
      vertex 4.34737 64.0428 3
      vertex 4.80421 67.5128 3
      vertex 4.61177 67.5511 3
    endloop
  endfacet
  facet normal 0 0 1
    outer loop
      vertex 3.7059 64.1704 3
      vertex 4.61177 67.5511 3
      vertex 4.42597 67.6142 3
    endloop
  endfacet
  facet normal 0 0 1
    outer loop
      vertex 4.80421 67.5128 3
      vertex 4.34737 64.0428 3
      vertex 5 64 3
    endloop
  endfacet
  facet normal 0 0 1
    outer loop
      vertex 3.08658 64.3806 3
      vertex 4.42597 67.6142 3
      vertex 4.25 67.701 3
    endloop
  endfacet
  facet normal 0 0 1
    outer loop
      vertex 2.5 64.6699 3
      vertex 4.25 67.701 3
      vertex 4.08686 67.81 3
    endloop
  endfacet
  facet normal 0 0 1
    outer loop
      vertex 1.95619 65.0332 3
      vertex 4.08686 67.81 3
      vertex 3.93934 67.9393 3
    endloop
  endfacet
  facet normal 0 0 1
    outer loop
      vertex 1.46447 65.4645 3
      vertex 3.93934 67.9393 3
      vertex 3.80997 68.0869 3
    endloop
  endfacet
  facet normal 0 0 1
    outer loop
      vertex 4.61177 67.5511 3
      vertex 3.7059 64.1704 3
      vertex 4.34737 64.0428 3
    endloop
  endfacet
  facet normal 0 0 1
    outer loop
      vertex 1.03323 65.9562 3
      vertex 3.80997 68.0869 3
      vertex 3.70096 68.25 3
    endloop
  endfacet
  facet normal 0 0 1
    outer loop
      vertex 0.669872 66.5 3
      vertex 3.70096 68.25 3
      vertex 3.61418 68.426 3
    endloop
  endfacet
  facet normal 0 0 1
    outer loop
      vertex 0.380602 67.0866 3
      vertex 3.61418 68.426 3
      vertex 3.55111 68.6118 3
    endloop
  endfacet
  facet normal 0 0 1
    outer loop
      vertex 0.17037 67.7059 3
      vertex 3.55111 68.6118 3
      vertex 3.51283 68.8042 3
    endloop
  endfacet
  facet normal 0 0 1
    outer loop
      vertex 0.0427752 68.3474 3
      vertex 3.51283 68.8042 3
      vertex 3.5 69 3
    endloop
  endfacet
  facet normal 0 0 1
    outer loop
      vertex 4.42597 67.6142 3
      vertex 3.08658 64.3806 3
      vertex 3.7059 64.1704 3
    endloop
  endfacet
  facet normal 0 0 1
    outer loop
      vertex 3.5 108 3
      vertex 0 108 3
      vertex 3.5 69 3
    endloop
  endfacet
  facet normal 0 0 1
    outer loop
      vertex 3.70096 108.75 3
      vertex 0.669872 110.5 3
      vertex 3.61418 108.574 3
    endloop
  endfacet
  facet normal 0 0 1
    outer loop
      vertex 0 69 3
      vertex 3.5 69 3
      vertex 0 108 3
    endloop
  endfacet
  facet normal -0 0 1
    outer loop
      vertex 0.380602 109.913 3
      vertex 3.61418 108.574 3
      vertex 0.669872 110.5 3
    endloop
  endfacet
  facet normal 0 -0 1
    outer loop
      vertex 0.0427752 68.3474 3
      vertex 3.5 69 3
      vertex 0 69 3
    endloop
  endfacet
  facet normal 0 0 1
    outer loop
      vertex 3.61418 108.574 3
      vertex 0.380602 109.913 3
      vertex 3.55111 108.388 3
    endloop
  endfacet
  facet normal 0 0 1
    outer loop
      vertex 4.25 67.701 3
      vertex 2.5 64.6699 3
      vertex 3.08658 64.3806 3
    endloop
  endfacet
  facet normal -0 0 1
    outer loop
      vertex 0.17037 109.294 3
      vertex 3.55111 108.388 3
      vertex 0.380602 109.913 3
    endloop
  endfacet
  facet normal 0 0 1
    outer loop
      vertex 4.08686 67.81 3
      vertex 1.95619 65.0332 3
      vertex 2.5 64.6699 3
    endloop
  endfacet
  facet normal 0 0 1
    outer loop
      vertex 3.55111 108.388 3
      vertex 0.17037 109.294 3
      vertex 3.51283 108.196 3
    endloop
  endfacet
  facet normal 0 0 1
    outer loop
      vertex 3.93934 67.9393 3
      vertex 1.46447 65.4645 3
      vertex 1.95619 65.0332 3
    endloop
  endfacet
  facet normal -0 0 1
    outer loop
      vertex 0.0427752 108.653 3
      vertex 3.51283 108.196 3
      vertex 0.17037 109.294 3
    endloop
  endfacet
  facet normal 0 0 1
    outer loop
      vertex 3.80997 68.0869 3
      vertex 1.03323 65.9562 3
      vertex 1.46447 65.4645 3
    endloop
  endfacet
  facet normal 0 0 1
    outer loop
      vertex 3.51283 108.196 3
      vertex 0.0427752 108.653 3
      vertex 3.5 108 3
    endloop
  endfacet
  facet normal 0 0 1
    outer loop
      vertex 3.70096 68.25 3
      vertex 0.669872 66.5 3
      vertex 1.03323 65.9562 3
    endloop
  endfacet
  facet normal 0 0 1
    outer loop
      vertex 3.5 108 3
      vertex 0.0427752 108.653 3
      vertex 0 108 3
    endloop
  endfacet
  facet normal 0 0 1
    outer loop
      vertex 3.61418 68.426 3
      vertex 0.380602 67.0866 3
      vertex 0.669872 66.5 3
    endloop
  endfacet
  facet normal 0 0 1
    outer loop
      vertex 3.55111 68.6118 3
      vertex 0.17037 67.7059 3
      vertex 0.380602 67.0866 3
    endloop
  endfacet
  facet normal 0 0 1
    outer loop
      vertex 3.51283 68.8042 3
      vertex 0.0427752 68.3474 3
      vertex 0.17037 67.7059 3
    endloop
  endfacet
  facet normal -0 0 1
    outer loop
      vertex 6.3 107.2 3
      vertex 6.28248 107.087 3
      vertex 6.45203 107.2 3
    endloop
  endfacet
  facet normal -0 0 1
    outer loop
      vertex 6.23474 107.196 3
      vertex 6.28248 107.087 3
      vertex 6.3 107.2 3
    endloop
  endfacet
  facet normal -0 0 1
    outer loop
      vertex 6.17059 107.183 3
      vertex 6.28248 107.087 3
      vertex 6.23474 107.196 3
    endloop
  endfacet
  facet normal -0 0 1
    outer loop
      vertex 6.10866 107.162 3
      vertex 6.28248 107.087 3
      vertex 6.17059 107.183 3
    endloop
  endfacet
  facet normal 0 0 1
    outer loop
      vertex 6.10866 107.162 3
      vertex 6.08579 106.914 3
      vertex 6.28248 107.087 3
    endloop
  endfacet
  facet normal -0 0 1
    outer loop
      vertex 6.05 107.133 3
      vertex 6.08579 106.914 3
      vertex 6.10866 107.162 3
    endloop
  endfacet
  facet normal -0 0 1
    outer loop
      vertex 5.99562 107.097 3
      vertex 6.08579 106.914 3
      vertex 6.05 107.133 3
    endloop
  endfacet
  facet normal -0 0 1
    outer loop
      vertex 5.94645 107.054 3
      vertex 6.08579 106.914 3
      vertex 5.99562 107.097 3
    endloop
  endfacet
  facet normal -0 0 1
    outer loop
      vertex 5.90332 107.004 3
      vertex 6.08579 106.914 3
      vertex 5.94645 107.054 3
    endloop
  endfacet
  facet normal -0 0 1
    outer loop
      vertex 5.86699 106.95 3
      vertex 6.08579 106.914 3
      vertex 5.90332 107.004 3
    endloop
  endfacet
  facet normal 0 0 1
    outer loop
      vertex 5.83806 106.891 3
      vertex 6.08579 106.914 3
      vertex 5.86699 106.95 3
    endloop
  endfacet
  facet normal 0 0 1
    outer loop
      vertex 6.08579 106.914 3
      vertex 5.83806 106.891 3
      vertex 5.91329 106.718 3
    endloop
  endfacet
  facet normal -0 0 1
    outer loop
      vertex 5.81704 106.829 3
      vertex 5.91329 106.718 3
      vertex 5.83806 106.891 3
    endloop
  endfacet
  facet normal -0 0 1
    outer loop
      vertex 5.80428 106.765 3
      vertex 5.91329 106.718 3
      vertex 5.81704 106.829 3
    endloop
  endfacet
  facet normal 0 0 1
    outer loop
      vertex 5.8 106.7 3
      vertex 5.91329 106.718 3
      vertex 5.80428 106.765 3
    endloop
  endfacet
  facet normal 0 0 1
    outer loop
      vertex 5.91329 106.718 3
      vertex 5.8 106.7 3
      vertex 5.8 106.548 3
    endloop
  endfacet
  facet normal 0 0 1
    outer loop
      vertex 6.28248 69.9133 3
      vertex 6.3 69.8 3
      vertex 6.45203 69.8 3
    endloop
  endfacet
  facet normal 0 0 1
    outer loop
      vertex 6.28248 69.9133 3
      vertex 6.23474 69.8043 3
      vertex 6.3 69.8 3
    endloop
  endfacet
  facet normal 0 0 1
    outer loop
      vertex 6.28248 69.9133 3
      vertex 6.17059 69.817 3
      vertex 6.23474 69.8043 3
    endloop
  endfacet
  facet normal 0 0 1
    outer loop
      vertex 6.28248 69.9133 3
      vertex 6.10866 69.8381 3
      vertex 6.17059 69.817 3
    endloop
  endfacet
  facet normal 0 0 1
    outer loop
      vertex 6.08579 70.0858 3
      vertex 6.10866 69.8381 3
      vertex 6.28248 69.9133 3
    endloop
  endfacet
  facet normal 0 0 1
    outer loop
      vertex 6.08579 70.0858 3
      vertex 6.05 69.867 3
      vertex 6.10866 69.8381 3
    endloop
  endfacet
  facet normal 0 0 1
    outer loop
      vertex 6.08579 70.0858 3
      vertex 5.99562 69.9033 3
      vertex 6.05 69.867 3
    endloop
  endfacet
  facet normal 0 0 1
    outer loop
      vertex 6.08579 70.0858 3
      vertex 5.94645 69.9464 3
      vertex 5.99562 69.9033 3
    endloop
  endfacet
  facet normal -0 0 1
    outer loop
      vertex 5.83806 70.1087 3
      vertex 6.08579 70.0858 3
      vertex 5.91329 70.2825 3
    endloop
  endfacet
  facet normal 0 0 1
    outer loop
      vertex 6.08579 70.0858 3
      vertex 5.90332 69.9956 3
      vertex 5.94645 69.9464 3
    endloop
  endfacet
  facet normal 0 0 1
    outer loop
      vertex 6.08579 70.0858 3
      vertex 5.86699 70.05 3
      vertex 5.90332 69.9956 3
    endloop
  endfacet
  facet normal 0 0 1
    outer loop
      vertex 6.08579 70.0858 3
      vertex 5.83806 70.1087 3
      vertex 5.86699 70.05 3
    endloop
  endfacet
  facet normal 0 0 1
    outer loop
      vertex 5.91329 70.2825 3
      vertex 5.81704 70.1706 3
      vertex 5.83806 70.1087 3
    endloop
  endfacet
  facet normal 0 0 1
    outer loop
      vertex 5.91329 70.2825 3
      vertex 5.80428 70.2347 3
      vertex 5.81704 70.1706 3
    endloop
  endfacet
  facet normal -0 0 1
    outer loop
      vertex 5.8 70.3 3
      vertex 5.91329 70.2825 3
      vertex 5.8 70.452 3
    endloop
  endfacet
  facet normal 0 0 1
    outer loop
      vertex 5.91329 70.2825 3
      vertex 5.8 70.3 3
      vertex 5.80428 70.2347 3
    endloop
  endfacet
  facet normal -0 0 1
    outer loop
      vertex 63.8067 106.718 3
      vertex 63.92 106.7 3
      vertex 63.9157 106.765 3
    endloop
  endfacet
  facet normal 0 0 1
    outer loop
      vertex 63.8067 106.718 3
      vertex 63.9157 106.765 3
      vertex 63.903 106.829 3
    endloop
  endfacet
  facet normal 0 0 1
    outer loop
      vertex 63.8067 106.718 3
      vertex 63.903 106.829 3
      vertex 63.8819 106.891 3
    endloop
  endfacet
  facet normal -0 0 1
    outer loop
      vertex 63.6342 106.914 3
      vertex 63.8819 106.891 3
      vertex 63.853 106.95 3
    endloop
  endfacet
  facet normal 0 0 1
    outer loop
      vertex 63.6342 106.914 3
      vertex 63.853 106.95 3
      vertex 63.8167 107.004 3
    endloop
  endfacet
  facet normal 0 0 1
    outer loop
      vertex 63.92 106.7 3
      vertex 63.8067 106.718 3
      vertex 63.92 106.548 3
    endloop
  endfacet
  facet normal 0 0 1
    outer loop
      vertex 63.6342 106.914 3
      vertex 63.8167 107.004 3
      vertex 63.7736 107.054 3
    endloop
  endfacet
  facet normal 0 0 1
    outer loop
      vertex 63.6342 106.914 3
      vertex 63.7736 107.054 3
      vertex 63.7244 107.097 3
    endloop
  endfacet
  facet normal 0 0 1
    outer loop
      vertex 63.6342 106.914 3
      vertex 63.7244 107.097 3
      vertex 63.67 107.133 3
    endloop
  endfacet
  facet normal 0 0 1
    outer loop
      vertex 63.8819 106.891 3
      vertex 63.6342 106.914 3
      vertex 63.8067 106.718 3
    endloop
  endfacet
  facet normal 0 0 1
    outer loop
      vertex 63.6113 107.162 3
      vertex 63.6342 106.914 3
      vertex 63.67 107.133 3
    endloop
  endfacet
  facet normal 0 0 1
    outer loop
      vertex 63.4375 107.087 3
      vertex 63.6113 107.162 3
      vertex 63.5494 107.183 3
    endloop
  endfacet
  facet normal 0 0 1
    outer loop
      vertex 63.4375 107.087 3
      vertex 63.5494 107.183 3
      vertex 63.4853 107.196 3
    endloop
  endfacet
  facet normal 0 0 1
    outer loop
      vertex 63.6113 107.162 3
      vertex 63.4375 107.087 3
      vertex 63.6342 106.914 3
    endloop
  endfacet
  facet normal 0 0 1
    outer loop
      vertex 63.42 107.2 3
      vertex 63.4375 107.087 3
      vertex 63.4853 107.196 3
    endloop
  endfacet
  facet normal 0 0 1
    outer loop
      vertex 63.4375 107.087 3
      vertex 63.42 107.2 3
      vertex 63.268 107.2 3
    endloop
  endfacet
  facet normal 0 0 1
    outer loop
      vertex 63.8067 70.2825 3
      vertex 63.92 70.3 3
      vertex 63.92 70.452 3
    endloop
  endfacet
  facet normal 0 0 1
    outer loop
      vertex 63.92 70.3 3
      vertex 63.8067 70.2825 3
      vertex 63.9157 70.2347 3
    endloop
  endfacet
  facet normal 0 0 1
    outer loop
      vertex 63.9157 70.2347 3
      vertex 63.8067 70.2825 3
      vertex 63.903 70.1706 3
    endloop
  endfacet
  facet normal 0 0 1
    outer loop
      vertex 63.903 70.1706 3
      vertex 63.8067 70.2825 3
      vertex 63.8819 70.1087 3
    endloop
  endfacet
  facet normal 0 0 1
    outer loop
      vertex 63.6342 70.0858 3
      vertex 63.8819 70.1087 3
      vertex 63.8067 70.2825 3
    endloop
  endfacet
  facet normal 0 0 1
    outer loop
      vertex 63.8819 70.1087 3
      vertex 63.6342 70.0858 3
      vertex 63.853 70.05 3
    endloop
  endfacet
  facet normal 0 0 1
    outer loop
      vertex 63.853 70.05 3
      vertex 63.6342 70.0858 3
      vertex 63.8167 69.9956 3
    endloop
  endfacet
  facet normal 0 0 1
    outer loop
      vertex 63.8167 69.9956 3
      vertex 63.6342 70.0858 3
      vertex 63.7736 69.9464 3
    endloop
  endfacet
  facet normal 0 0 1
    outer loop
      vertex 63.7736 69.9464 3
      vertex 63.6342 70.0858 3
      vertex 63.7244 69.9033 3
    endloop
  endfacet
  facet normal 0 0 1
    outer loop
      vertex 63.7244 69.9033 3
      vertex 63.6342 70.0858 3
      vertex 63.67 69.867 3
    endloop
  endfacet
  facet normal 0 0 1
    outer loop
      vertex 63.6342 70.0858 3
      vertex 63.6113 69.8381 3
      vertex 63.67 69.867 3
    endloop
  endfacet
  facet normal -0 0 1
    outer loop
      vertex 63.4375 69.9133 3
      vertex 63.6113 69.8381 3
      vertex 63.6342 70.0858 3
    endloop
  endfacet
  facet normal 0 0 1
    outer loop
      vertex 63.6113 69.8381 3
      vertex 63.4375 69.9133 3
      vertex 63.5494 69.817 3
    endloop
  endfacet
  facet normal 0 0 1
    outer loop
      vertex 63.5494 69.817 3
      vertex 63.4375 69.9133 3
      vertex 63.4853 69.8043 3
    endloop
  endfacet
  facet normal 0 0 1
    outer loop
      vertex 63.4375 69.9133 3
      vertex 63.42 69.8 3
      vertex 63.4853 69.8043 3
    endloop
  endfacet
  facet normal 0 -0 1
    outer loop
      vertex 63.42 69.8 3
      vertex 63.4375 69.9133 3
      vertex 63.268 69.8 3
    endloop
  endfacet
  facet normal -0.946879 0.32159 0
    outer loop
      vertex 0.17037 109.294 0
      vertex 0.380602 109.913 3
      vertex 0.380602 109.913 0
    endloop
  endfacet
  facet normal -0.946879 0.32159 0
    outer loop
      vertex 0.380602 109.913 3
      vertex 0.17037 109.294 0
      vertex 0.17037 109.294 3
    endloop
  endfacet
  facet normal -0.442327 -0.896854 0
    outer loop
      vertex 2.5 64.6699 0
      vertex 3.08658 64.3806 3
      vertex 2.5 64.6699 3
    endloop
  endfacet
  facet normal -0.442327 -0.896854 -0
    outer loop
      vertex 3.08658 64.3806 3
      vertex 2.5 64.6699 0
      vertex 3.08658 64.3806 0
    endloop
  endfacet
  facet normal 0.659165 0.751998 -0
    outer loop
      vertex 68.2555 111.536 0
      vertex 67.7638 111.967 3
      vertex 68.2555 111.536 3
    endloop
  endfacet
  facet normal 0.659165 0.751998 0
    outer loop
      vertex 67.7638 111.967 3
      vertex 68.2555 111.536 0
      vertex 67.7638 111.967 0
    endloop
  endfacet
  facet normal 0.946941 -0.321407 0
    outer loop
      vertex 69.3394 67.0866 3
      vertex 69.5496 67.7059 0
      vertex 69.5496 67.7059 3
    endloop
  endfacet
  facet normal 0.946941 -0.321407 0
    outer loop
      vertex 69.5496 67.7059 0
      vertex 69.3394 67.0866 3
      vertex 69.3394 67.0866 0
    endloop
  endfacet
  facet normal 0.441945 0.897042 -0
    outer loop
      vertex 67.22 112.33 0
      vertex 66.6334 112.619 3
      vertex 67.22 112.33 3
    endloop
  endfacet
  facet normal 0.441945 0.897042 0
    outer loop
      vertex 66.6334 112.619 3
      vertex 67.22 112.33 0
      vertex 66.6334 112.619 0
    endloop
  endfacet
  facet normal -0.751842 0.659343 0
    outer loop
      vertex 63.6342 70.0858 1.5
      vertex 63.8067 70.2825 3
      vertex 63.8067 70.2825 1.5
    endloop
  endfacet
  facet normal -0.751842 0.659343 0
    outer loop
      vertex 63.8067 70.2825 3
      vertex 63.6342 70.0858 1.5
      vertex 63.6342 70.0858 3
    endloop
  endfacet
  facet normal -0.659343 0.751842 0
    outer loop
      vertex 63.6342 70.0858 1.5
      vertex 63.4375 69.9133 3
      vertex 63.6342 70.0858 3
    endloop
  endfacet
  facet normal -0.659343 0.751842 0
    outer loop
      vertex 63.4375 69.9133 3
      vertex 63.6342 70.0858 1.5
      vertex 63.4375 69.9133 1.5
    endloop
  endfacet
  facet normal 0.751842 0.659343 0
    outer loop
      vertex 6.08579 70.0858 3
      vertex 5.91329 70.2825 1.5
      vertex 5.91329 70.2825 3
    endloop
  endfacet
  facet normal 0.751842 0.659343 0
    outer loop
      vertex 5.91329 70.2825 1.5
      vertex 6.08579 70.0858 3
      vertex 6.08579 70.0858 1.5
    endloop
  endfacet
  facet normal 0.659362 0.751826 -0
    outer loop
      vertex 6.28248 69.9133 1.5
      vertex 6.08579 70.0858 3
      vertex 6.28248 69.9133 3
    endloop
  endfacet
  facet normal 0.659362 0.751826 0
    outer loop
      vertex 6.08579 70.0858 3
      vertex 6.28248 69.9133 1.5
      vertex 6.08579 70.0858 1.5
    endloop
  endfacet
  facet normal 0 0 1
    outer loop
      vertex 58.7418 102.888 1.5
      vertex 10.9782 102.888 1.5
      vertex 58.8344 102.7 1.5
    endloop
  endfacet
  facet normal 0 0 1
    outer loop
      vertex 58.8344 74.3 1.5
      vertex 11.0863 73.7088 1.5
      vertex 11.1 73.5 1.5
    endloop
  endfacet
  facet normal 0 0 1
    outer loop
      vertex 10.8856 102.7 1.5
      vertex 58.8344 102.7 1.5
      vertex 10.9782 102.888 1.5
    endloop
  endfacet
  facet normal 0 0 1
    outer loop
      vertex 58.8344 74.3 1.5
      vertex 11.0455 73.9141 1.5
      vertex 11.0863 73.7088 1.5
    endloop
  endfacet
  facet normal 0 0 1
    outer loop
      vertex 58.8344 102.7 1.5
      vertex 10.8856 102.7 1.5
      vertex 58.8344 74.3 1.5
    endloop
  endfacet
  facet normal 0 0 1
    outer loop
      vertex 58.8344 74.3 1.5
      vertex 10.9782 74.1123 1.5
      vertex 11.0455 73.9141 1.5
    endloop
  endfacet
  facet normal 0 0 1
    outer loop
      vertex 10.8856 74.3 1.5
      vertex 58.8344 74.3 1.5
      vertex 10.8856 102.7 1.5
    endloop
  endfacet
  facet normal 0 0 1
    outer loop
      vertex 58.8344 74.3 1.5
      vertex 10.8856 74.3 1.5
      vertex 10.9782 74.1123 1.5
    endloop
  endfacet
  facet normal -0 0 1
    outer loop
      vertex 10.7694 102.526 1.5
      vertex 10.8856 74.3 1.5
      vertex 10.8856 102.7 1.5
    endloop
  endfacet
  facet normal 0 0 1
    outer loop
      vertex 10.7694 102.526 1.5
      vertex 10.7694 74.474 1.5
      vertex 10.8856 74.3 1.5
    endloop
  endfacet
  facet normal -0 0 1
    outer loop
      vertex 10.6314 102.369 1.5
      vertex 10.7694 74.474 1.5
      vertex 10.7694 102.526 1.5
    endloop
  endfacet
  facet normal 0 0 1
    outer loop
      vertex 10.6314 102.369 1.5
      vertex 10.6314 74.6314 1.5
      vertex 10.7694 74.474 1.5
    endloop
  endfacet
  facet normal -0 0 1
    outer loop
      vertex 10.474 102.231 1.5
      vertex 10.6314 74.6314 1.5
      vertex 10.6314 102.369 1.5
    endloop
  endfacet
  facet normal 0 0 1
    outer loop
      vertex 10.474 102.231 1.5
      vertex 10.474 74.7694 1.5
      vertex 10.6314 74.6314 1.5
    endloop
  endfacet
  facet normal -0 0 1
    outer loop
      vertex 10.3 102.114 1.5
      vertex 10.474 74.7694 1.5
      vertex 10.474 102.231 1.5
    endloop
  endfacet
  facet normal 0 0 1
    outer loop
      vertex 10.3 102.114 1.5
      vertex 10.3 74.8856 1.5
      vertex 10.474 74.7694 1.5
    endloop
  endfacet
  facet normal -0 0 1
    outer loop
      vertex 10.1123 102.022 1.5
      vertex 10.3 74.8856 1.5
      vertex 10.3 102.114 1.5
    endloop
  endfacet
  facet normal 0 0 1
    outer loop
      vertex 10.1123 102.022 1.5
      vertex 10.1123 74.9782 1.5
      vertex 10.3 74.8856 1.5
    endloop
  endfacet
  facet normal -0 0 1
    outer loop
      vertex 9.91411 101.955 1.5
      vertex 10.1123 74.9782 1.5
      vertex 10.1123 102.022 1.5
    endloop
  endfacet
  facet normal 0 0 1
    outer loop
      vertex 9.91411 101.955 1.5
      vertex 9.91411 75.0455 1.5
      vertex 10.1123 74.9782 1.5
    endloop
  endfacet
  facet normal -0 0 1
    outer loop
      vertex 9.70884 101.914 1.5
      vertex 9.91411 75.0455 1.5
      vertex 9.91411 101.955 1.5
    endloop
  endfacet
  facet normal 0 0 1
    outer loop
      vertex 9.70884 101.914 1.5
      vertex 9.70884 75.0863 1.5
      vertex 9.91411 75.0455 1.5
    endloop
  endfacet
  facet normal -0 0 1
    outer loop
      vertex 9.5 101.9 1.5
      vertex 9.70884 75.0863 1.5
      vertex 9.70884 101.914 1.5
    endloop
  endfacet
  facet normal 0 0 1
    outer loop
      vertex 9.5 101.9 1.5
      vertex 9.5 75.1 1.5
      vertex 9.70884 75.0863 1.5
    endloop
  endfacet
  facet normal 0 0 1
    outer loop
      vertex 9.29116 101.914 1.5
      vertex 9.5 75.1 1.5
      vertex 9.5 101.9 1.5
    endloop
  endfacet
  facet normal 0 0 1
    outer loop
      vertex 9.29116 101.914 1.5
      vertex 9.29116 75.0863 1.5
      vertex 9.5 75.1 1.5
    endloop
  endfacet
  facet normal 0 0 1
    outer loop
      vertex 9.08589 101.955 1.5
      vertex 9.29116 75.0863 1.5
      vertex 9.29116 101.914 1.5
    endloop
  endfacet
  facet normal 0 0 1
    outer loop
      vertex 9.08589 101.955 1.5
      vertex 9.08589 75.0455 1.5
      vertex 9.29116 75.0863 1.5
    endloop
  endfacet
  facet normal 0 0 1
    outer loop
      vertex 8.88771 102.022 1.5
      vertex 9.08589 75.0455 1.5
      vertex 9.08589 101.955 1.5
    endloop
  endfacet
  facet normal 0 0 1
    outer loop
      vertex 8.88771 102.022 1.5
      vertex 8.88771 74.9782 1.5
      vertex 9.08589 75.0455 1.5
    endloop
  endfacet
  facet normal 0 0 1
    outer loop
      vertex 8.7 102.114 1.5
      vertex 8.88771 74.9782 1.5
      vertex 8.88771 102.022 1.5
    endloop
  endfacet
  facet normal 0 0 1
    outer loop
      vertex 8.7 102.114 1.5
      vertex 8.7 74.8856 1.5
      vertex 8.88771 74.9782 1.5
    endloop
  endfacet
  facet normal 0 0 1
    outer loop
      vertex 8.52598 102.231 1.5
      vertex 8.7 74.8856 1.5
      vertex 8.7 102.114 1.5
    endloop
  endfacet
  facet normal 0 0 1
    outer loop
      vertex 8.52598 102.231 1.5
      vertex 8.52598 74.7694 1.5
      vertex 8.7 74.8856 1.5
    endloop
  endfacet
  facet normal 0 0 1
    outer loop
      vertex 8.36863 102.369 1.5
      vertex 8.52598 74.7694 1.5
      vertex 8.52598 102.231 1.5
    endloop
  endfacet
  facet normal 0 0 1
    outer loop
      vertex 8.36863 102.369 1.5
      vertex 8.36863 74.6314 1.5
      vertex 8.52598 74.7694 1.5
    endloop
  endfacet
  facet normal 0 0 1
    outer loop
      vertex 8.23063 102.526 1.5
      vertex 8.36863 74.6314 1.5
      vertex 8.36863 102.369 1.5
    endloop
  endfacet
  facet normal 0 0 1
    outer loop
      vertex 8.23063 102.526 1.5
      vertex 8.23063 74.474 1.5
      vertex 8.36863 74.6314 1.5
    endloop
  endfacet
  facet normal 0 0 1
    outer loop
      vertex 8.11436 102.7 1.5
      vertex 8.23063 74.474 1.5
      vertex 8.23063 102.526 1.5
    endloop
  endfacet
  facet normal 0 0 1
    outer loop
      vertex 8.11436 102.7 1.5
      vertex 8.11436 74.3 1.5
      vertex 8.23063 74.474 1.5
    endloop
  endfacet
  facet normal 0 0 1
    outer loop
      vertex 5.8 106.548 1.5
      vertex 8.11436 102.7 1.5
      vertex 8.02179 102.888 1.5
    endloop
  endfacet
  facet normal 0 0 1
    outer loop
      vertex 8.11436 102.7 1.5
      vertex 5.8 106.548 1.5
      vertex 8.11436 74.3 1.5
    endloop
  endfacet
  facet normal 0 0 1
    outer loop
      vertex 5.8 106.548 1.5
      vertex 8.02179 102.888 1.5
      vertex 7.95452 103.086 1.5
    endloop
  endfacet
  facet normal 0 0 1
    outer loop
      vertex 5.8 70.452 1.5
      vertex 8.11436 74.3 1.5
      vertex 5.8 106.548 1.5
    endloop
  endfacet
  facet normal 0 0 1
    outer loop
      vertex 5.8 106.548 1.5
      vertex 7.95452 103.086 1.5
      vertex 7.91369 103.291 1.5
    endloop
  endfacet
  facet normal 0 0 1
    outer loop
      vertex 8.11436 74.3 1.5
      vertex 5.8 70.452 1.5
      vertex 8.02179 74.1123 1.5
    endloop
  endfacet
  facet normal 0 0 1
    outer loop
      vertex 5.8 106.548 1.5
      vertex 7.91369 103.291 1.5
      vertex 7.9 103.5 1.5
    endloop
  endfacet
  facet normal 0 0 1
    outer loop
      vertex 8.02179 74.1123 1.5
      vertex 5.8 70.452 1.5
      vertex 7.95452 73.9141 1.5
    endloop
  endfacet
  facet normal 0 0 1
    outer loop
      vertex 61.6982 102.888 1.5
      vertex 63.92 106.548 1.5
      vertex 61.7655 103.086 1.5
    endloop
  endfacet
  facet normal 0 0 1
    outer loop
      vertex 63.92 70.452 1.5
      vertex 61.8063 73.7088 1.5
      vertex 61.82 73.5 1.5
    endloop
  endfacet
  facet normal 0 0 1
    outer loop
      vertex 61.6056 102.7 1.5
      vertex 63.92 106.548 1.5
      vertex 61.6982 102.888 1.5
    endloop
  endfacet
  facet normal 0 0 1
    outer loop
      vertex 63.92 70.452 1.5
      vertex 61.7655 73.9141 1.5
      vertex 61.8063 73.7088 1.5
    endloop
  endfacet
  facet normal 0 0 1
    outer loop
      vertex 63.92 106.548 1.5
      vertex 61.6056 102.7 1.5
      vertex 63.92 70.452 1.5
    endloop
  endfacet
  facet normal 0 0 1
    outer loop
      vertex 63.92 70.452 1.5
      vertex 61.6982 74.1123 1.5
      vertex 61.7655 73.9141 1.5
    endloop
  endfacet
  facet normal -0 0 1
    outer loop
      vertex 61.6056 74.3 1.5
      vertex 63.92 70.452 1.5
      vertex 61.6056 102.7 1.5
    endloop
  endfacet
  facet normal 0 0 1
    outer loop
      vertex 63.92 70.452 1.5
      vertex 61.6056 74.3 1.5
      vertex 61.6982 74.1123 1.5
    endloop
  endfacet
  facet normal -0 0 1
    outer loop
      vertex 61.4894 102.526 1.5
      vertex 61.6056 74.3 1.5
      vertex 61.6056 102.7 1.5
    endloop
  endfacet
  facet normal 0 0 1
    outer loop
      vertex 61.4894 102.526 1.5
      vertex 61.4894 74.474 1.5
      vertex 61.6056 74.3 1.5
    endloop
  endfacet
  facet normal -0 0 1
    outer loop
      vertex 61.3514 102.369 1.5
      vertex 61.4894 74.474 1.5
      vertex 61.4894 102.526 1.5
    endloop
  endfacet
  facet normal 0 0 1
    outer loop
      vertex 61.3514 102.369 1.5
      vertex 61.3514 74.6314 1.5
      vertex 61.4894 74.474 1.5
    endloop
  endfacet
  facet normal -0 0 1
    outer loop
      vertex 61.194 102.231 1.5
      vertex 61.3514 74.6314 1.5
      vertex 61.3514 102.369 1.5
    endloop
  endfacet
  facet normal 0 0 1
    outer loop
      vertex 61.194 102.231 1.5
      vertex 61.194 74.7694 1.5
      vertex 61.3514 74.6314 1.5
    endloop
  endfacet
  facet normal -0 0 1
    outer loop
      vertex 61.02 102.114 1.5
      vertex 61.194 74.7694 1.5
      vertex 61.194 102.231 1.5
    endloop
  endfacet
  facet normal 0 0 1
    outer loop
      vertex 61.02 102.114 1.5
      vertex 61.02 74.8856 1.5
      vertex 61.194 74.7694 1.5
    endloop
  endfacet
  facet normal -0 0 1
    outer loop
      vertex 60.8323 102.022 1.5
      vertex 61.02 74.8856 1.5
      vertex 61.02 102.114 1.5
    endloop
  endfacet
  facet normal 0 0 1
    outer loop
      vertex 60.8323 102.022 1.5
      vertex 60.8323 74.9782 1.5
      vertex 61.02 74.8856 1.5
    endloop
  endfacet
  facet normal -0 0 1
    outer loop
      vertex 60.6341 101.955 1.5
      vertex 60.8323 74.9782 1.5
      vertex 60.8323 102.022 1.5
    endloop
  endfacet
  facet normal 0 0 1
    outer loop
      vertex 60.6341 101.955 1.5
      vertex 60.6341 75.0455 1.5
      vertex 60.8323 74.9782 1.5
    endloop
  endfacet
  facet normal -0 0 1
    outer loop
      vertex 60.4288 101.914 1.5
      vertex 60.6341 75.0455 1.5
      vertex 60.6341 101.955 1.5
    endloop
  endfacet
  facet normal 0 0 1
    outer loop
      vertex 60.4288 101.914 1.5
      vertex 60.4288 75.0863 1.5
      vertex 60.6341 75.0455 1.5
    endloop
  endfacet
  facet normal -0 0 1
    outer loop
      vertex 60.22 101.9 1.5
      vertex 60.4288 75.0863 1.5
      vertex 60.4288 101.914 1.5
    endloop
  endfacet
  facet normal 0 0 1
    outer loop
      vertex 60.22 101.9 1.5
      vertex 60.22 75.1 1.5
      vertex 60.4288 75.0863 1.5
    endloop
  endfacet
  facet normal 0 0 1
    outer loop
      vertex 60.0112 101.914 1.5
      vertex 60.22 75.1 1.5
      vertex 60.22 101.9 1.5
    endloop
  endfacet
  facet normal 0 0 1
    outer loop
      vertex 60.0112 101.914 1.5
      vertex 60.0112 75.0863 1.5
      vertex 60.22 75.1 1.5
    endloop
  endfacet
  facet normal 0 0 1
    outer loop
      vertex 59.8059 101.955 1.5
      vertex 60.0112 75.0863 1.5
      vertex 60.0112 101.914 1.5
    endloop
  endfacet
  facet normal 0 0 1
    outer loop
      vertex 59.8059 101.955 1.5
      vertex 59.8059 75.0455 1.5
      vertex 60.0112 75.0863 1.5
    endloop
  endfacet
  facet normal 0 0 1
    outer loop
      vertex 59.6077 102.022 1.5
      vertex 59.8059 75.0455 1.5
      vertex 59.8059 101.955 1.5
    endloop
  endfacet
  facet normal 0 0 1
    outer loop
      vertex 59.6077 102.022 1.5
      vertex 59.6077 74.9782 1.5
      vertex 59.8059 75.0455 1.5
    endloop
  endfacet
  facet normal 0 0 1
    outer loop
      vertex 59.42 102.114 1.5
      vertex 59.6077 74.9782 1.5
      vertex 59.6077 102.022 1.5
    endloop
  endfacet
  facet normal 0 0 1
    outer loop
      vertex 59.42 102.114 1.5
      vertex 59.42 74.8856 1.5
      vertex 59.6077 74.9782 1.5
    endloop
  endfacet
  facet normal 0 0 1
    outer loop
      vertex 59.246 102.231 1.5
      vertex 59.42 74.8856 1.5
      vertex 59.42 102.114 1.5
    endloop
  endfacet
  facet normal 0 0 1
    outer loop
      vertex 59.246 102.231 1.5
      vertex 59.246 74.7694 1.5
      vertex 59.42 74.8856 1.5
    endloop
  endfacet
  facet normal 0 0 1
    outer loop
      vertex 59.0886 102.369 1.5
      vertex 59.246 74.7694 1.5
      vertex 59.246 102.231 1.5
    endloop
  endfacet
  facet normal 0 0 1
    outer loop
      vertex 59.0886 102.369 1.5
      vertex 59.0886 74.6314 1.5
      vertex 59.246 74.7694 1.5
    endloop
  endfacet
  facet normal 0 0 1
    outer loop
      vertex 58.9506 102.526 1.5
      vertex 59.0886 74.6314 1.5
      vertex 59.0886 102.369 1.5
    endloop
  endfacet
  facet normal 0 0 1
    outer loop
      vertex 58.9506 102.526 1.5
      vertex 58.9506 74.474 1.5
      vertex 59.0886 74.6314 1.5
    endloop
  endfacet
  facet normal 0 0 1
    outer loop
      vertex 58.8344 102.7 1.5
      vertex 58.9506 74.474 1.5
      vertex 58.9506 102.526 1.5
    endloop
  endfacet
  facet normal 0 0 1
    outer loop
      vertex 58.8344 102.7 1.5
      vertex 58.8344 74.3 1.5
      vertex 58.9506 74.474 1.5
    endloop
  endfacet
  facet normal 0 0 1
    outer loop
      vertex 11.0455 103.086 1.5
      vertex 58.6745 103.086 1.5
      vertex 11.0863 103.291 1.5
    endloop
  endfacet
  facet normal 0 0 1
    outer loop
      vertex 58.6745 103.086 1.5
      vertex 11.0455 103.086 1.5
      vertex 58.7418 102.888 1.5
    endloop
  endfacet
  facet normal 0 0 1
    outer loop
      vertex 58.6337 103.291 1.5
      vertex 11.0863 103.291 1.5
      vertex 58.6745 103.086 1.5
    endloop
  endfacet
  facet normal 0 0 1
    outer loop
      vertex 10.9782 102.888 1.5
      vertex 58.7418 102.888 1.5
      vertex 11.0455 103.086 1.5
    endloop
  endfacet
  facet normal 0 0 1
    outer loop
      vertex 11.0863 103.291 1.5
      vertex 58.6337 103.291 1.5
      vertex 11.1 103.5 1.5
    endloop
  endfacet
  facet normal 0 0 1
    outer loop
      vertex 58.8344 74.3 1.5
      vertex 11.1 73.5 1.5
      vertex 58.7418 74.1123 1.5
    endloop
  endfacet
  facet normal -0 0 1
    outer loop
      vertex 11.1 103.5 1.5
      vertex 58.6337 103.291 1.5
      vertex 58.62 103.5 1.5
    endloop
  endfacet
  facet normal 0 0 1
    outer loop
      vertex 58.7418 74.1123 1.5
      vertex 11.1 73.5 1.5
      vertex 58.6745 73.9141 1.5
    endloop
  endfacet
  facet normal 0 0 1
    outer loop
      vertex 61.3514 104.631 1.5
      vertex 63.92 106.548 1.5
      vertex 63.8067 106.718 1.5
    endloop
  endfacet
  facet normal 0 0 1
    outer loop
      vertex 61.8063 103.291 1.5
      vertex 63.92 106.548 1.5
      vertex 61.82 103.5 1.5
    endloop
  endfacet
  facet normal 0 0 1
    outer loop
      vertex 61.3514 104.631 1.5
      vertex 63.8067 106.718 1.5
      vertex 63.6342 106.914 1.5
    endloop
  endfacet
  facet normal 0 0 1
    outer loop
      vertex 61.7655 103.086 1.5
      vertex 63.92 106.548 1.5
      vertex 61.8063 103.291 1.5
    endloop
  endfacet
  facet normal 0 0 1
    outer loop
      vertex 61.3514 104.631 1.5
      vertex 63.6342 106.914 1.5
      vertex 63.4375 107.087 1.5
    endloop
  endfacet
  facet normal -0 0 1
    outer loop
      vertex 61.8063 73.2912 1.5
      vertex 63.92 70.452 1.5
      vertex 61.82 73.5 1.5
    endloop
  endfacet
  facet normal 0 0 1
    outer loop
      vertex 61.3514 104.631 1.5
      vertex 63.4375 107.087 1.5
      vertex 63.268 107.2 1.5
    endloop
  endfacet
  facet normal -0 0 1
    outer loop
      vertex 61.7655 73.0859 1.5
      vertex 63.92 70.452 1.5
      vertex 61.8063 73.2912 1.5
    endloop
  endfacet
  facet normal -0 0 1
    outer loop
      vertex 61.6982 72.8877 1.5
      vertex 63.92 70.452 1.5
      vertex 61.7655 73.0859 1.5
    endloop
  endfacet
  facet normal 0 0 1
    outer loop
      vertex 63.92 106.548 1.5
      vertex 61.8063 103.709 1.5
      vertex 61.82 103.5 1.5
    endloop
  endfacet
  facet normal 0 0 1
    outer loop
      vertex 63.92 106.548 1.5
      vertex 61.7655 103.914 1.5
      vertex 61.8063 103.709 1.5
    endloop
  endfacet
  facet normal 0 0 1
    outer loop
      vertex 63.92 106.548 1.5
      vertex 61.6982 104.112 1.5
      vertex 61.7655 103.914 1.5
    endloop
  endfacet
  facet normal 0 0 1
    outer loop
      vertex 63.92 106.548 1.5
      vertex 61.6056 104.3 1.5
      vertex 61.6982 104.112 1.5
    endloop
  endfacet
  facet normal 0 0 1
    outer loop
      vertex 63.92 106.548 1.5
      vertex 61.4894 104.474 1.5
      vertex 61.6056 104.3 1.5
    endloop
  endfacet
  facet normal 0 0 1
    outer loop
      vertex 63.92 106.548 1.5
      vertex 61.3514 104.631 1.5
      vertex 61.4894 104.474 1.5
    endloop
  endfacet
  facet normal 0 0 1
    outer loop
      vertex 63.268 107.2 1.5
      vertex 61.194 104.769 1.5
      vertex 61.3514 104.631 1.5
    endloop
  endfacet
  facet normal 0 0 1
    outer loop
      vertex 63.268 107.2 1.5
      vertex 61.02 104.886 1.5
      vertex 61.194 104.769 1.5
    endloop
  endfacet
  facet normal 0 0 1
    outer loop
      vertex 63.268 107.2 1.5
      vertex 60.8323 104.978 1.5
      vertex 61.02 104.886 1.5
    endloop
  endfacet
  facet normal 0 0 1
    outer loop
      vertex 63.268 107.2 1.5
      vertex 60.6341 105.045 1.5
      vertex 60.8323 104.978 1.5
    endloop
  endfacet
  facet normal 0 0 1
    outer loop
      vertex 63.268 107.2 1.5
      vertex 60.4288 105.086 1.5
      vertex 60.6341 105.045 1.5
    endloop
  endfacet
  facet normal 0 0 1
    outer loop
      vertex 63.268 107.2 1.5
      vertex 60.22 105.1 1.5
      vertex 60.4288 105.086 1.5
    endloop
  endfacet
  facet normal 0 0 1
    outer loop
      vertex 63.268 107.2 1.5
      vertex 60.0112 105.086 1.5
      vertex 60.22 105.1 1.5
    endloop
  endfacet
  facet normal 0 0 1
    outer loop
      vertex 63.268 107.2 1.5
      vertex 59.8059 105.045 1.5
      vertex 60.0112 105.086 1.5
    endloop
  endfacet
  facet normal 0 0 1
    outer loop
      vertex 63.268 107.2 1.5
      vertex 59.6077 104.978 1.5
      vertex 59.8059 105.045 1.5
    endloop
  endfacet
  facet normal 0 0 1
    outer loop
      vertex 63.268 107.2 1.5
      vertex 59.42 104.886 1.5
      vertex 59.6077 104.978 1.5
    endloop
  endfacet
  facet normal 0 0 1
    outer loop
      vertex 58.6745 73.9141 1.5
      vertex 11.1 73.5 1.5
      vertex 58.6337 73.7088 1.5
    endloop
  endfacet
  facet normal 0 0 1
    outer loop
      vertex 58.6337 103.709 1.5
      vertex 11.1 103.5 1.5
      vertex 58.62 103.5 1.5
    endloop
  endfacet
  facet normal 0 0 1
    outer loop
      vertex 11.0863 103.709 1.5
      vertex 58.6337 103.709 1.5
      vertex 58.6745 103.914 1.5
    endloop
  endfacet
  facet normal 0 0 1
    outer loop
      vertex 11.0455 103.914 1.5
      vertex 58.6745 103.914 1.5
      vertex 58.7418 104.112 1.5
    endloop
  endfacet
  facet normal 0 0 1
    outer loop
      vertex 10.9782 104.112 1.5
      vertex 58.7418 104.112 1.5
      vertex 58.8344 104.3 1.5
    endloop
  endfacet
  facet normal 0 0 1
    outer loop
      vertex 10.8856 104.3 1.5
      vertex 58.8344 104.3 1.5
      vertex 58.9506 104.474 1.5
    endloop
  endfacet
  facet normal 0 0 1
    outer loop
      vertex 10.7694 104.474 1.5
      vertex 58.9506 104.474 1.5
      vertex 59.0886 104.631 1.5
    endloop
  endfacet
  facet normal 0 0 1
    outer loop
      vertex 10.6314 104.631 1.5
      vertex 59.0886 104.631 1.5
      vertex 59.246 104.769 1.5
    endloop
  endfacet
  facet normal 0 0 1
    outer loop
      vertex 10.474 104.769 1.5
      vertex 59.246 104.769 1.5
      vertex 59.42 104.886 1.5
    endloop
  endfacet
  facet normal 0 0 1
    outer loop
      vertex 10.3 104.886 1.5
      vertex 59.42 104.886 1.5
      vertex 63.268 107.2 1.5
    endloop
  endfacet
  facet normal 0 0 1
    outer loop
      vertex 58.6337 103.709 1.5
      vertex 11.0863 103.709 1.5
      vertex 11.1 103.5 1.5
    endloop
  endfacet
  facet normal 0 0 1
    outer loop
      vertex 58.6745 103.914 1.5
      vertex 11.0455 103.914 1.5
      vertex 11.0863 103.709 1.5
    endloop
  endfacet
  facet normal 0 0 1
    outer loop
      vertex 58.7418 104.112 1.5
      vertex 10.9782 104.112 1.5
      vertex 11.0455 103.914 1.5
    endloop
  endfacet
  facet normal 0 0 1
    outer loop
      vertex 58.8344 104.3 1.5
      vertex 10.8856 104.3 1.5
      vertex 10.9782 104.112 1.5
    endloop
  endfacet
  facet normal 0 0 1
    outer loop
      vertex 58.9506 104.474 1.5
      vertex 10.7694 104.474 1.5
      vertex 10.8856 104.3 1.5
    endloop
  endfacet
  facet normal 0 0 1
    outer loop
      vertex 59.0886 104.631 1.5
      vertex 10.6314 104.631 1.5
      vertex 10.7694 104.474 1.5
    endloop
  endfacet
  facet normal 0 0 1
    outer loop
      vertex 59.246 104.769 1.5
      vertex 10.474 104.769 1.5
      vertex 10.6314 104.631 1.5
    endloop
  endfacet
  facet normal 0 0 1
    outer loop
      vertex 59.42 104.886 1.5
      vertex 10.3 104.886 1.5
      vertex 10.474 104.769 1.5
    endloop
  endfacet
  facet normal -0 0 1
    outer loop
      vertex 6.45203 107.2 1.5
      vertex 10.3 104.886 1.5
      vertex 63.268 107.2 1.5
    endloop
  endfacet
  facet normal 0 0 1
    outer loop
      vertex 10.3 104.886 1.5
      vertex 6.45203 107.2 1.5
      vertex 10.1123 104.978 1.5
    endloop
  endfacet
  facet normal 0 0 1
    outer loop
      vertex 10.1123 104.978 1.5
      vertex 6.45203 107.2 1.5
      vertex 9.91411 105.045 1.5
    endloop
  endfacet
  facet normal 0 0 1
    outer loop
      vertex 9.91411 105.045 1.5
      vertex 6.45203 107.2 1.5
      vertex 9.70884 105.086 1.5
    endloop
  endfacet
  facet normal 0 0 1
    outer loop
      vertex 7.91369 73.7088 1.5
      vertex 5.8 70.452 1.5
      vertex 7.9 73.5 1.5
    endloop
  endfacet
  facet normal 0 0 1
    outer loop
      vertex 9.70884 105.086 1.5
      vertex 6.45203 107.2 1.5
      vertex 9.5 105.1 1.5
    endloop
  endfacet
  facet normal 0 0 1
    outer loop
      vertex 6.45203 107.2 1.5
      vertex 9.29116 105.086 1.5
      vertex 9.5 105.1 1.5
    endloop
  endfacet
  facet normal 0 0 1
    outer loop
      vertex 6.45203 107.2 1.5
      vertex 9.08589 105.045 1.5
      vertex 9.29116 105.086 1.5
    endloop
  endfacet
  facet normal 0 0 1
    outer loop
      vertex 6.45203 107.2 1.5
      vertex 8.88771 104.978 1.5
      vertex 9.08589 105.045 1.5
    endloop
  endfacet
  facet normal 0 0 1
    outer loop
      vertex 6.45203 107.2 1.5
      vertex 8.7 104.886 1.5
      vertex 8.88771 104.978 1.5
    endloop
  endfacet
  facet normal 0 0 1
    outer loop
      vertex 6.45203 107.2 1.5
      vertex 8.52598 104.769 1.5
      vertex 8.7 104.886 1.5
    endloop
  endfacet
  facet normal 0 0 1
    outer loop
      vertex 6.45203 107.2 1.5
      vertex 8.36863 104.631 1.5
      vertex 8.52598 104.769 1.5
    endloop
  endfacet
  facet normal -0 0 1
    outer loop
      vertex 6.28248 107.087 1.5
      vertex 8.36863 104.631 1.5
      vertex 6.45203 107.2 1.5
    endloop
  endfacet
  facet normal -0 0 1
    outer loop
      vertex 6.08579 106.914 1.5
      vertex 8.36863 104.631 1.5
      vertex 6.28248 107.087 1.5
    endloop
  endfacet
  facet normal -0 0 1
    outer loop
      vertex 5.91329 106.718 1.5
      vertex 8.36863 104.631 1.5
      vertex 6.08579 106.914 1.5
    endloop
  endfacet
  facet normal -0 0 1
    outer loop
      vertex 5.8 106.548 1.5
      vertex 8.36863 104.631 1.5
      vertex 5.91329 106.718 1.5
    endloop
  endfacet
  facet normal 0 0 1
    outer loop
      vertex 8.02179 104.112 1.5
      vertex 5.8 106.548 1.5
      vertex 7.95452 103.914 1.5
    endloop
  endfacet
  facet normal 0 0 1
    outer loop
      vertex 7.95452 103.914 1.5
      vertex 5.8 106.548 1.5
      vertex 7.91369 103.709 1.5
    endloop
  endfacet
  facet normal 0 0 1
    outer loop
      vertex 7.91369 103.709 1.5
      vertex 5.8 106.548 1.5
      vertex 7.9 103.5 1.5
    endloop
  endfacet
  facet normal 0 0 1
    outer loop
      vertex 8.23063 104.474 1.5
      vertex 5.8 106.548 1.5
      vertex 8.11436 104.3 1.5
    endloop
  endfacet
  facet normal 0 0 1
    outer loop
      vertex 7.95452 73.9141 1.5
      vertex 5.8 70.452 1.5
      vertex 7.91369 73.7088 1.5
    endloop
  endfacet
  facet normal 0 0 1
    outer loop
      vertex 8.11436 104.3 1.5
      vertex 5.8 106.548 1.5
      vertex 8.02179 104.112 1.5
    endloop
  endfacet
  facet normal 0 0 1
    outer loop
      vertex 7.9 73.5 1.5
      vertex 5.8 70.452 1.5
      vertex 6.45203 69.8 1.5
    endloop
  endfacet
  facet normal 0 0 1
    outer loop
      vertex 8.36863 104.631 1.5
      vertex 5.8 106.548 1.5
      vertex 8.23063 104.474 1.5
    endloop
  endfacet
  facet normal 0 0 1
    outer loop
      vertex 6.45203 69.8 1.5
      vertex 5.8 70.452 1.5
      vertex 6.28248 69.9133 1.5
    endloop
  endfacet
  facet normal 0 0 1
    outer loop
      vertex 6.28248 69.9133 1.5
      vertex 5.8 70.452 1.5
      vertex 6.08579 70.0858 1.5
    endloop
  endfacet
  facet normal 0 0 1
    outer loop
      vertex 6.08579 70.0858 1.5
      vertex 5.8 70.452 1.5
      vertex 5.91329 70.2825 1.5
    endloop
  endfacet
  facet normal -0 0 1
    outer loop
      vertex 61.6056 72.7 1.5
      vertex 63.92 70.452 1.5
      vertex 61.6982 72.8877 1.5
    endloop
  endfacet
  facet normal -0 0 1
    outer loop
      vertex 61.4894 72.526 1.5
      vertex 63.92 70.452 1.5
      vertex 61.6056 72.7 1.5
    endloop
  endfacet
  facet normal -0 0 1
    outer loop
      vertex 61.3514 72.3686 1.5
      vertex 63.92 70.452 1.5
      vertex 61.4894 72.526 1.5
    endloop
  endfacet
  facet normal 0 0 1
    outer loop
      vertex 63.92 70.452 1.5
      vertex 61.3514 72.3686 1.5
      vertex 63.8067 70.2825 1.5
    endloop
  endfacet
  facet normal 0 0 1
    outer loop
      vertex 63.8067 70.2825 1.5
      vertex 61.3514 72.3686 1.5
      vertex 63.6342 70.0858 1.5
    endloop
  endfacet
  facet normal 0 0 1
    outer loop
      vertex 63.6342 70.0858 1.5
      vertex 61.3514 72.3686 1.5
      vertex 63.4375 69.9133 1.5
    endloop
  endfacet
  facet normal 0 0 1
    outer loop
      vertex 63.4375 69.9133 1.5
      vertex 61.3514 72.3686 1.5
      vertex 63.268 69.8 1.5
    endloop
  endfacet
  facet normal -0 0 1
    outer loop
      vertex 61.194 72.2306 1.5
      vertex 63.268 69.8 1.5
      vertex 61.3514 72.3686 1.5
    endloop
  endfacet
  facet normal -0 0 1
    outer loop
      vertex 61.02 72.1144 1.5
      vertex 63.268 69.8 1.5
      vertex 61.194 72.2306 1.5
    endloop
  endfacet
  facet normal -0 0 1
    outer loop
      vertex 60.8323 72.0218 1.5
      vertex 63.268 69.8 1.5
      vertex 61.02 72.1144 1.5
    endloop
  endfacet
  facet normal -0 0 1
    outer loop
      vertex 60.6341 71.9545 1.5
      vertex 63.268 69.8 1.5
      vertex 60.8323 72.0218 1.5
    endloop
  endfacet
  facet normal -0 0 1
    outer loop
      vertex 60.4288 71.9137 1.5
      vertex 63.268 69.8 1.5
      vertex 60.6341 71.9545 1.5
    endloop
  endfacet
  facet normal -0 0 1
    outer loop
      vertex 60.22 71.9 1.5
      vertex 63.268 69.8 1.5
      vertex 60.4288 71.9137 1.5
    endloop
  endfacet
  facet normal 0 0 1
    outer loop
      vertex 60.0112 71.9137 1.5
      vertex 63.268 69.8 1.5
      vertex 60.22 71.9 1.5
    endloop
  endfacet
  facet normal 0 0 1
    outer loop
      vertex 59.8059 71.9545 1.5
      vertex 63.268 69.8 1.5
      vertex 60.0112 71.9137 1.5
    endloop
  endfacet
  facet normal 0 0 1
    outer loop
      vertex 59.6077 72.0218 1.5
      vertex 63.268 69.8 1.5
      vertex 59.8059 71.9545 1.5
    endloop
  endfacet
  facet normal 0 0 1
    outer loop
      vertex 59.42 72.1144 1.5
      vertex 63.268 69.8 1.5
      vertex 59.6077 72.0218 1.5
    endloop
  endfacet
  facet normal 0 0 1
    outer loop
      vertex 58.6337 73.7088 1.5
      vertex 11.1 73.5 1.5
      vertex 58.62 73.5 1.5
    endloop
  endfacet
  facet normal 0 0 1
    outer loop
      vertex 58.62 73.5 1.5
      vertex 11.1 73.5 1.5
      vertex 58.6337 73.2912 1.5
    endloop
  endfacet
  facet normal 0 0 1
    outer loop
      vertex 11.0863 73.2912 1.5
      vertex 58.6337 73.2912 1.5
      vertex 11.1 73.5 1.5
    endloop
  endfacet
  facet normal 0 0 1
    outer loop
      vertex 58.6337 73.2912 1.5
      vertex 11.0863 73.2912 1.5
      vertex 58.6745 73.0859 1.5
    endloop
  endfacet
  facet normal 0 0 1
    outer loop
      vertex 11.0455 73.0859 1.5
      vertex 58.6745 73.0859 1.5
      vertex 11.0863 73.2912 1.5
    endloop
  endfacet
  facet normal 0 0 1
    outer loop
      vertex 58.6745 73.0859 1.5
      vertex 11.0455 73.0859 1.5
      vertex 58.7418 72.8877 1.5
    endloop
  endfacet
  facet normal 0 0 1
    outer loop
      vertex 10.9782 72.8877 1.5
      vertex 58.7418 72.8877 1.5
      vertex 11.0455 73.0859 1.5
    endloop
  endfacet
  facet normal 0 0 1
    outer loop
      vertex 58.7418 72.8877 1.5
      vertex 10.9782 72.8877 1.5
      vertex 58.8344 72.7 1.5
    endloop
  endfacet
  facet normal 0 0 1
    outer loop
      vertex 10.8856 72.7 1.5
      vertex 58.8344 72.7 1.5
      vertex 10.9782 72.8877 1.5
    endloop
  endfacet
  facet normal 0 0 1
    outer loop
      vertex 58.8344 72.7 1.5
      vertex 10.8856 72.7 1.5
      vertex 58.9506 72.526 1.5
    endloop
  endfacet
  facet normal 0 0 1
    outer loop
      vertex 10.7694 72.526 1.5
      vertex 58.9506 72.526 1.5
      vertex 10.8856 72.7 1.5
    endloop
  endfacet
  facet normal 0 0 1
    outer loop
      vertex 58.9506 72.526 1.5
      vertex 10.7694 72.526 1.5
      vertex 59.0886 72.3686 1.5
    endloop
  endfacet
  facet normal 0 0 1
    outer loop
      vertex 10.6314 72.3686 1.5
      vertex 59.0886 72.3686 1.5
      vertex 10.7694 72.526 1.5
    endloop
  endfacet
  facet normal 0 0 1
    outer loop
      vertex 59.0886 72.3686 1.5
      vertex 10.6314 72.3686 1.5
      vertex 59.246 72.2306 1.5
    endloop
  endfacet
  facet normal 0 0 1
    outer loop
      vertex 10.474 72.2306 1.5
      vertex 59.246 72.2306 1.5
      vertex 10.6314 72.3686 1.5
    endloop
  endfacet
  facet normal 0 0 1
    outer loop
      vertex 59.246 72.2306 1.5
      vertex 10.474 72.2306 1.5
      vertex 59.42 72.1144 1.5
    endloop
  endfacet
  facet normal 0 0 1
    outer loop
      vertex 10.3 72.1144 1.5
      vertex 59.42 72.1144 1.5
      vertex 10.474 72.2306 1.5
    endloop
  endfacet
  facet normal 0 0 1
    outer loop
      vertex 59.42 72.1144 1.5
      vertex 10.3 72.1144 1.5
      vertex 63.268 69.8 1.5
    endloop
  endfacet
  facet normal 0 0 1
    outer loop
      vertex 6.45203 69.8 1.5
      vertex 10.3 72.1144 1.5
      vertex 10.1123 72.0218 1.5
    endloop
  endfacet
  facet normal 0 0 1
    outer loop
      vertex 6.45203 69.8 1.5
      vertex 10.1123 72.0218 1.5
      vertex 9.91411 71.9545 1.5
    endloop
  endfacet
  facet normal 0 0 1
    outer loop
      vertex 6.45203 69.8 1.5
      vertex 9.91411 71.9545 1.5
      vertex 9.70884 71.9137 1.5
    endloop
  endfacet
  facet normal 0 0 1
    outer loop
      vertex 6.45203 69.8 1.5
      vertex 9.70884 71.9137 1.5
      vertex 9.5 71.9 1.5
    endloop
  endfacet
  facet normal 0 0 1
    outer loop
      vertex 10.3 72.1144 1.5
      vertex 6.45203 69.8 1.5
      vertex 63.268 69.8 1.5
    endloop
  endfacet
  facet normal 0 0 1
    outer loop
      vertex 9.29116 71.9137 1.5
      vertex 6.45203 69.8 1.5
      vertex 9.5 71.9 1.5
    endloop
  endfacet
  facet normal 0 0 1
    outer loop
      vertex 9.08589 71.9545 1.5
      vertex 6.45203 69.8 1.5
      vertex 9.29116 71.9137 1.5
    endloop
  endfacet
  facet normal 0 0 1
    outer loop
      vertex 8.88771 72.0218 1.5
      vertex 6.45203 69.8 1.5
      vertex 9.08589 71.9545 1.5
    endloop
  endfacet
  facet normal 0 0 1
    outer loop
      vertex 8.7 72.1144 1.5
      vertex 6.45203 69.8 1.5
      vertex 8.88771 72.0218 1.5
    endloop
  endfacet
  facet normal 0 0 1
    outer loop
      vertex 8.52598 72.2306 1.5
      vertex 6.45203 69.8 1.5
      vertex 8.7 72.1144 1.5
    endloop
  endfacet
  facet normal 0 0 1
    outer loop
      vertex 8.36863 72.3686 1.5
      vertex 6.45203 69.8 1.5
      vertex 8.52598 72.2306 1.5
    endloop
  endfacet
  facet normal 0 0 1
    outer loop
      vertex 8.23063 72.526 1.5
      vertex 6.45203 69.8 1.5
      vertex 8.36863 72.3686 1.5
    endloop
  endfacet
  facet normal 0 0 1
    outer loop
      vertex 8.11436 72.7 1.5
      vertex 6.45203 69.8 1.5
      vertex 8.23063 72.526 1.5
    endloop
  endfacet
  facet normal 0 0 1
    outer loop
      vertex 8.02179 72.8877 1.5
      vertex 6.45203 69.8 1.5
      vertex 8.11436 72.7 1.5
    endloop
  endfacet
  facet normal 0 0 1
    outer loop
      vertex 7.95452 73.0859 1.5
      vertex 6.45203 69.8 1.5
      vertex 8.02179 72.8877 1.5
    endloop
  endfacet
  facet normal 0 0 1
    outer loop
      vertex 7.91369 73.2912 1.5
      vertex 6.45203 69.8 1.5
      vertex 7.95452 73.0859 1.5
    endloop
  endfacet
  facet normal 0 0 1
    outer loop
      vertex 6.45203 69.8 1.5
      vertex 7.91369 73.2912 1.5
      vertex 7.9 73.5 1.5
    endloop
  endfacet
  facet normal -0.660421 -0.750895 0
    outer loop
      vertex 63.4375 107.087 1.5
      vertex 63.6342 106.914 3
      vertex 63.4375 107.087 3
    endloop
  endfacet
  facet normal -0.660421 -0.750895 -0
    outer loop
      vertex 63.6342 106.914 3
      vertex 63.4375 107.087 1.5
      vertex 63.6342 106.914 1.5
    endloop
  endfacet
  facet normal 0.831393 0.555685 0
    outer loop
      vertex 5.91329 70.2825 3
      vertex 5.8 70.452 1.5
      vertex 5.8 70.452 3
    endloop
  endfacet
  facet normal 0.831393 0.555685 0
    outer loop
      vertex 5.8 70.452 1.5
      vertex 5.91329 70.2825 3
      vertex 5.91329 70.2825 1.5
    endloop
  endfacet
  facet normal 0.750676 -0.660671 0
    outer loop
      vertex 5.91329 106.718 3
      vertex 6.08579 106.914 1.5
      vertex 6.08579 106.914 3
    endloop
  endfacet
  facet normal 0.750676 -0.660671 0
    outer loop
      vertex 6.08579 106.914 1.5
      vertex 5.91329 106.718 3
      vertex 5.91329 106.718 1.5
    endloop
  endfacet
  facet normal 0.66044 -0.750879 0
    outer loop
      vertex 6.08579 106.914 1.5
      vertex 6.28248 107.087 3
      vertex 6.08579 106.914 3
    endloop
  endfacet
  facet normal 0.66044 -0.750879 0
    outer loop
      vertex 6.28248 107.087 3
      vertex 6.08579 106.914 1.5
      vertex 6.28248 107.087 1.5
    endloop
  endfacet
  facet normal 0.554587 -0.832126 0
    outer loop
      vertex 6.28248 107.087 1.5
      vertex 6.45203 107.2 3
      vertex 6.28248 107.087 3
    endloop
  endfacet
  facet normal 0.554587 -0.832126 0
    outer loop
      vertex 6.45203 107.2 3
      vertex 6.28248 107.087 1.5
      vertex 6.45203 107.2 1.5
    endloop
  endfacet
  facet normal -0.832126 -0.554587 0
    outer loop
      vertex 63.92 106.548 1.5
      vertex 63.8067 106.718 3
      vertex 63.8067 106.718 1.5
    endloop
  endfacet
  facet normal -0.832126 -0.554587 0
    outer loop
      vertex 63.8067 106.718 3
      vertex 63.92 106.548 1.5
      vertex 63.92 106.548 3
    endloop
  endfacet
  facet normal 0.555605 0.831446 -0
    outer loop
      vertex 6.45203 69.8 1.5
      vertex 6.28248 69.9133 3
      vertex 6.45203 69.8 3
    endloop
  endfacet
  facet normal 0.555605 0.831446 0
    outer loop
      vertex 6.28248 69.9133 3
      vertex 6.45203 69.8 1.5
      vertex 6.28248 69.9133 1.5
    endloop
  endfacet
  facet normal -0.750676 -0.660671 0
    outer loop
      vertex 63.8067 106.718 1.5
      vertex 63.6342 106.914 3
      vertex 63.6342 106.914 1.5
    endloop
  endfacet
  facet normal -0.750676 -0.660671 0
    outer loop
      vertex 63.6342 106.914 3
      vertex 63.8067 106.718 1.5
      vertex 63.8067 106.718 3
    endloop
  endfacet
  facet normal -0.831371 0.555718 0
    outer loop
      vertex 63.8067 70.2825 1.5
      vertex 63.92 70.452 3
      vertex 63.92 70.452 1.5
    endloop
  endfacet
  facet normal -0.831371 0.555718 0
    outer loop
      vertex 63.92 70.452 3
      vertex 63.8067 70.2825 1.5
      vertex 63.8067 70.2825 3
    endloop
  endfacet
  facet normal -0.5547 -0.83205 0
    outer loop
      vertex 63.268 107.2 1.5
      vertex 63.4375 107.087 3
      vertex 63.268 107.2 3
    endloop
  endfacet
  facet normal -0.5547 -0.83205 -0
    outer loop
      vertex 63.4375 107.087 3
      vertex 63.268 107.2 1.5
      vertex 63.4375 107.087 1.5
    endloop
  endfacet
  facet normal 0.832148 -0.554553 0
    outer loop
      vertex 5.8 106.548 3
      vertex 5.91329 106.718 1.5
      vertex 5.91329 106.718 3
    endloop
  endfacet
  facet normal 0.832148 -0.554553 0
    outer loop
      vertex 5.91329 106.718 1.5
      vertex 5.8 106.548 3
      vertex 5.8 106.548 1.5
    endloop
  endfacet
  facet normal -0.555718 0.831371 0
    outer loop
      vertex 63.4375 69.9133 1.5
      vertex 63.268 69.8 3
      vertex 63.4375 69.9133 3
    endloop
  endfacet
  facet normal -0.555718 0.831371 0
    outer loop
      vertex 63.268 69.8 3
      vertex 63.4375 69.9133 1.5
      vertex 63.268 69.8 1.5
    endloop
  endfacet
endsolid OpenSCAD_Model
