solid OpenSCAD_Model
  facet normal -0.997874 -0.0651673 0
    outer loop
      vertex 66.22 100 1.4
      vertex 66.2072 100.196 3
      vertex 66.2072 100.196 1.4
    endloop
  endfacet
  facet normal -0.997874 -0.0651673 0
    outer loop
      vertex 66.2072 100.196 3
      vertex 66.22 100 1.4
      vertex 66.22 100 3
    endloop
  endfacet
  facet normal 0.947036 -0.321127 0
    outer loop
      vertex 3.55111 100.388 3
      vertex 3.61418 100.574 1.4
      vertex 3.61418 100.574 3
    endloop
  endfacet
  facet normal 0.947036 -0.321127 0
    outer loop
      vertex 3.61418 100.574 1.4
      vertex 3.55111 100.388 3
      vertex 3.55111 100.388 1.4
    endloop
  endfacet
  facet normal 0.321117 -0.94704 0
    outer loop
      vertex 4.42597 101.386 1.4
      vertex 4.61177 101.449 3
      vertex 4.42597 101.386 3
    endloop
  endfacet
  facet normal 0.321117 -0.94704 0
    outer loop
      vertex 4.61177 101.449 3
      vertex 4.42597 101.386 1.4
      vertex 4.61177 101.449 1.4
    endloop
  endfacet
  facet normal -0.658071 -0.752956 0
    outer loop
      vertex 65.6331 101.19 1.4
      vertex 65.7807 101.061 3
      vertex 65.6331 101.19 3
    endloop
  endfacet
  facet normal -0.658071 -0.752956 -0
    outer loop
      vertex 65.7807 101.061 3
      vertex 65.6331 101.19 1.4
      vertex 65.7807 101.061 1.4
    endloop
  endfacet
  facet normal 0.831241 -0.555912 0
    outer loop
      vertex 3.70096 100.75 3
      vertex 3.80997 100.913 1.4
      vertex 3.80997 100.913 3
    endloop
  endfacet
  facet normal 0.831241 -0.555912 0
    outer loop
      vertex 3.80997 100.913 1.4
      vertex 3.70096 100.75 3
      vertex 3.70096 100.75 1.4
    endloop
  endfacet
  facet normal 1 -0 0
    outer loop
      vertex 3.5 65 3
      vertex 3.5 100 1.4
      vertex 3.5 100 3
    endloop
  endfacet
  facet normal 1 0 0
    outer loop
      vertex 3.5 100 1.4
      vertex 3.5 65 3
      vertex 3.5 65 1.4
    endloop
  endfacet
  facet normal 0.443195 -0.896425 0
    outer loop
      vertex 4.25 101.299 1.4
      vertex 4.42597 101.386 3
      vertex 4.25 101.299 3
    endloop
  endfacet
  facet normal 0.443195 -0.896425 0
    outer loop
      vertex 4.42597 101.386 3
      vertex 4.25 101.299 1.4
      vertex 4.42597 101.386 1.4
    endloop
  endfacet
  facet normal 0.658273 -0.752779 0
    outer loop
      vertex 3.93934 101.061 1.4
      vertex 4.08686 101.19 3
      vertex 3.93934 101.061 3
    endloop
  endfacet
  facet normal 0.658273 -0.752779 0
    outer loop
      vertex 4.08686 101.19 3
      vertex 3.93934 101.061 1.4
      vertex 4.08686 101.19 1.4
    endloop
  endfacet
  facet normal 0.980698 -0.195527 0
    outer loop
      vertex 3.51283 100.196 3
      vertex 3.55111 100.388 1.4
      vertex 3.55111 100.388 3
    endloop
  endfacet
  facet normal 0.980698 -0.195527 0
    outer loop
      vertex 3.55111 100.388 1.4
      vertex 3.51283 100.196 3
      vertex 3.51283 100.196 1.4
    endloop
  endfacet
  facet normal 0.0662518 -0.997803 0
    outer loop
      vertex 4.80421 101.487 1.4
      vertex 5 101.5 3
      vertex 4.80421 101.487 3
    endloop
  endfacet
  facet normal 0.0662518 -0.997803 0
    outer loop
      vertex 5 101.5 3
      vertex 4.80421 101.487 1.4
      vertex 5 101.5 1.4
    endloop
  endfacet
  facet normal -1 0 0
    outer loop
      vertex 66.22 65 1.4
      vertex 66.22 100 3
      vertex 66.22 100 1.4
    endloop
  endfacet
  facet normal -1 -0 0
    outer loop
      vertex 66.22 100 3
      vertex 66.22 65 1.4
      vertex 66.22 65 3
    endloop
  endfacet
  facet normal 0.321574 0.946885 -0
    outer loop
      vertex 4.61177 63.5511 1.4
      vertex 4.42597 63.6142 3
      vertex 4.61177 63.5511 3
    endloop
  endfacet
  facet normal 0.321574 0.946885 0
    outer loop
      vertex 4.42597 63.6142 3
      vertex 4.61177 63.5511 1.4
      vertex 4.42597 63.6142 1.4
    endloop
  endfacet
  facet normal 0 1 -0
    outer loop
      vertex 64.72 63.5 1.4
      vertex 5 63.5 3
      vertex 64.72 63.5 3
    endloop
  endfacet
  facet normal 0 1 0
    outer loop
      vertex 5 63.5 3
      vertex 64.72 63.5 1.4
      vertex 5 63.5 1.4
    endloop
  endfacet
  facet normal 0.997864 -0.0653194 0
    outer loop
      vertex 3.5 100 3
      vertex 3.51283 100.196 1.4
      vertex 3.51283 100.196 3
    endloop
  endfacet
  facet normal 0.997864 -0.0653194 0
    outer loop
      vertex 3.51283 100.196 1.4
      vertex 3.5 100 3
      vertex 3.5 100 1.4
    endloop
  endfacet
  facet normal 0 -1 0
    outer loop
      vertex 5 101.5 1.4
      vertex 64.72 101.5 3
      vertex 5 101.5 3
    endloop
  endfacet
  facet normal 0 -1 -0
    outer loop
      vertex 64.72 101.5 3
      vertex 5 101.5 1.4
      vertex 64.72 101.5 1.4
    endloop
  endfacet
  facet normal -0.753081 -0.657928 0
    outer loop
      vertex 65.91 100.913 1.4
      vertex 65.7807 101.061 3
      vertex 65.7807 101.061 1.4
    endloop
  endfacet
  facet normal -0.753081 -0.657928 0
    outer loop
      vertex 65.7807 101.061 3
      vertex 65.91 100.913 1.4
      vertex 65.91 100.913 3
    endloop
  endfacet
  facet normal -0.193762 -0.981049 0
    outer loop
      vertex 64.9158 101.487 1.4
      vertex 65.1082 101.449 3
      vertex 64.9158 101.487 3
    endloop
  endfacet
  facet normal -0.193762 -0.981049 -0
    outer loop
      vertex 65.1082 101.449 3
      vertex 64.9158 101.487 1.4
      vertex 65.1082 101.449 1.4
    endloop
  endfacet
  facet normal 0.980776 0.195136 0
    outer loop
      vertex 3.55111 64.6118 3
      vertex 3.51283 64.8042 1.4
      vertex 3.51283 64.8042 3
    endloop
  endfacet
  facet normal 0.980776 0.195136 0
    outer loop
      vertex 3.51283 64.8042 1.4
      vertex 3.55111 64.6118 3
      vertex 3.55111 64.6118 1.4
    endloop
  endfacet
  facet normal 0.195195 0.980764 -0
    outer loop
      vertex 4.80421 63.5128 1.4
      vertex 4.61177 63.5511 3
      vertex 4.80421 63.5128 3
    endloop
  endfacet
  facet normal 0.195195 0.980764 0
    outer loop
      vertex 4.61177 63.5511 3
      vertex 4.80421 63.5128 1.4
      vertex 4.61177 63.5511 1.4
    endloop
  endfacet
  facet normal 0.65914 0.752021 -0
    outer loop
      vertex 4.08686 63.81 1.4
      vertex 3.93934 63.9393 3
      vertex 4.08686 63.81 3
    endloop
  endfacet
  facet normal 0.65914 0.752021 0
    outer loop
      vertex 3.93934 63.9393 3
      vertex 4.08686 63.81 1.4
      vertex 3.93934 63.9393 1.4
    endloop
  endfacet
  facet normal 0.8969 -0.442233 0
    outer loop
      vertex 3.61418 100.574 3
      vertex 3.70096 100.75 1.4
      vertex 3.70096 100.75 3
    endloop
  endfacet
  facet normal 0.8969 -0.442233 0
    outer loop
      vertex 3.70096 100.75 1.4
      vertex 3.61418 100.574 3
      vertex 3.61418 100.574 1.4
    endloop
  endfacet
  facet normal 0.193723 -0.981056 0
    outer loop
      vertex 4.61177 101.449 1.4
      vertex 4.80421 101.487 3
      vertex 4.61177 101.449 3
    endloop
  endfacet
  facet normal 0.193723 -0.981056 0
    outer loop
      vertex 4.80421 101.487 3
      vertex 4.61177 101.449 1.4
      vertex 4.80421 101.487 1.4
    endloop
  endfacet
  facet normal -0.831265 -0.555877 0
    outer loop
      vertex 66.019 100.75 1.4
      vertex 65.91 100.913 3
      vertex 65.91 100.913 1.4
    endloop
  endfacet
  facet normal -0.831265 -0.555877 0
    outer loop
      vertex 65.91 100.913 3
      vertex 66.019 100.75 1.4
      vertex 66.019 100.75 3
    endloop
  endfacet
  facet normal 0.555547 -0.831485 0
    outer loop
      vertex 4.08686 101.19 1.4
      vertex 4.25 101.299 3
      vertex 4.08686 101.19 3
    endloop
  endfacet
  facet normal 0.555547 -0.831485 0
    outer loop
      vertex 4.25 101.299 3
      vertex 4.08686 101.19 1.4
      vertex 4.25 101.299 1.4
    endloop
  endfacet
  facet normal -0.321117 -0.94704 0
    outer loop
      vertex 65.1082 101.449 1.4
      vertex 65.294 101.386 3
      vertex 65.1082 101.449 3
    endloop
  endfacet
  facet normal -0.321117 -0.94704 -0
    outer loop
      vertex 65.294 101.386 3
      vertex 65.1082 101.449 1.4
      vertex 65.294 101.386 1.4
    endloop
  endfacet
  facet normal 0.831399 0.555676 0
    outer loop
      vertex 3.80997 64.0869 3
      vertex 3.70096 64.25 1.4
      vertex 3.70096 64.25 3
    endloop
  endfacet
  facet normal 0.831399 0.555676 0
    outer loop
      vertex 3.70096 64.25 1.4
      vertex 3.80997 64.0869 3
      vertex 3.80997 64.0869 1.4
    endloop
  endfacet
  facet normal 0.442376 0.89683 -0
    outer loop
      vertex 4.42597 63.6142 1.4
      vertex 4.25 63.701 3
      vertex 4.42597 63.6142 3
    endloop
  endfacet
  facet normal 0.442376 0.89683 0
    outer loop
      vertex 4.25 63.701 3
      vertex 4.42597 63.6142 1.4
      vertex 4.25 63.701 1.4
    endloop
  endfacet
  facet normal 0.8969 0.442233 0
    outer loop
      vertex 3.70096 64.25 3
      vertex 3.61418 64.426 1.4
      vertex 3.61418 64.426 3
    endloop
  endfacet
  facet normal 0.8969 0.442233 0
    outer loop
      vertex 3.61418 64.426 1.4
      vertex 3.70096 64.25 3
      vertex 3.70096 64.25 1.4
    endloop
  endfacet
  facet normal -0.0662484 -0.997803 0
    outer loop
      vertex 64.72 101.5 1.4
      vertex 64.9158 101.487 3
      vertex 64.72 101.5 3
    endloop
  endfacet
  facet normal -0.0662484 -0.997803 -0
    outer loop
      vertex 64.9158 101.487 3
      vertex 64.72 101.5 1.4
      vertex 64.9158 101.487 1.4
    endloop
  endfacet
  facet normal 0.0652369 0.99787 -0
    outer loop
      vertex 5 63.5 1.4
      vertex 4.80421 63.5128 3
      vertex 5 63.5 3
    endloop
  endfacet
  facet normal 0.0652369 0.99787 0
    outer loop
      vertex 4.80421 63.5128 3
      vertex 5 63.5 1.4
      vertex 4.80421 63.5128 1.4
    endloop
  endfacet
  facet normal -0.99787 0.0652336 0
    outer loop
      vertex 66.2072 64.8042 1.4
      vertex 66.22 65 3
      vertex 66.22 65 1.4
    endloop
  endfacet
  facet normal -0.99787 0.0652336 0
    outer loop
      vertex 66.22 65 3
      vertex 66.2072 64.8042 1.4
      vertex 66.2072 64.8042 3
    endloop
  endfacet
  facet normal 0.555547 0.831485 -0
    outer loop
      vertex 4.25 63.701 1.4
      vertex 4.08686 63.81 3
      vertex 4.25 63.701 3
    endloop
  endfacet
  facet normal 0.555547 0.831485 0
    outer loop
      vertex 4.08686 63.81 3
      vertex 4.25 63.701 1.4
      vertex 4.08686 63.81 1.4
    endloop
  endfacet
  facet normal -0.89686 -0.442315 0
    outer loop
      vertex 66.1058 100.574 1.4
      vertex 66.019 100.75 3
      vertex 66.019 100.75 1.4
    endloop
  endfacet
  facet normal -0.89686 -0.442315 0
    outer loop
      vertex 66.019 100.75 3
      vertex 66.1058 100.574 1.4
      vertex 66.1058 100.574 3
    endloop
  endfacet
  facet normal -0.442315 0.89686 0
    outer loop
      vertex 65.47 63.701 1.4
      vertex 65.294 63.6142 3
      vertex 65.47 63.701 3
    endloop
  endfacet
  facet normal -0.442315 0.89686 0
    outer loop
      vertex 65.294 63.6142 3
      vertex 65.47 63.701 1.4
      vertex 65.294 63.6142 1.4
    endloop
  endfacet
  facet normal -0.195234 0.980757 0
    outer loop
      vertex 65.1082 63.5511 1.4
      vertex 64.9158 63.5128 3
      vertex 65.1082 63.5511 3
    endloop
  endfacet
  facet normal -0.195234 0.980757 0
    outer loop
      vertex 64.9158 63.5128 3
      vertex 65.1082 63.5511 1.4
      vertex 64.9158 63.5128 1.4
    endloop
  endfacet
  facet normal -0.0652336 0.99787 0
    outer loop
      vertex 64.9158 63.5128 1.4
      vertex 64.72 63.5 3
      vertex 64.9158 63.5128 3
    endloop
  endfacet
  facet normal -0.0652336 0.99787 0
    outer loop
      vertex 64.72 63.5 3
      vertex 64.9158 63.5128 1.4
      vertex 64.72 63.5 1.4
    endloop
  endfacet
  facet normal -0.980757 0.195234 0
    outer loop
      vertex 66.1689 64.6118 1.4
      vertex 66.2072 64.8042 3
      vertex 66.2072 64.8042 1.4
    endloop
  endfacet
  facet normal -0.980757 0.195234 0
    outer loop
      vertex 66.2072 64.8042 3
      vertex 66.1689 64.6118 1.4
      vertex 66.1689 64.6118 3
    endloop
  endfacet
  facet normal -0.980679 -0.195625 0
    outer loop
      vertex 66.2072 100.196 1.4
      vertex 66.1689 100.388 3
      vertex 66.1689 100.388 1.4
    endloop
  endfacet
  facet normal -0.980679 -0.195625 0
    outer loop
      vertex 66.1689 100.388 3
      vertex 66.2072 100.196 1.4
      vertex 66.2072 100.196 3
    endloop
  endfacet
  facet normal -0.752198 0.658937 0
    outer loop
      vertex 65.7807 63.9393 1.4
      vertex 65.91 64.0869 3
      vertex 65.91 64.0869 1.4
    endloop
  endfacet
  facet normal -0.752198 0.658937 0
    outer loop
      vertex 65.91 64.0869 3
      vertex 65.7807 63.9393 1.4
      vertex 65.7807 63.9393 3
    endloop
  endfacet
  facet normal -0.94699 -0.321264 0
    outer loop
      vertex 66.1689 100.388 1.4
      vertex 66.1058 100.574 3
      vertex 66.1058 100.574 1.4
    endloop
  endfacet
  facet normal -0.94699 -0.321264 0
    outer loop
      vertex 66.1058 100.574 3
      vertex 66.1689 100.388 1.4
      vertex 66.1689 100.388 3
    endloop
  endfacet
  facet normal 0.752904 -0.65813 0
    outer loop
      vertex 3.80997 100.913 3
      vertex 3.93934 101.061 1.4
      vertex 3.93934 101.061 3
    endloop
  endfacet
  facet normal 0.752904 -0.65813 0
    outer loop
      vertex 3.93934 101.061 1.4
      vertex 3.80997 100.913 3
      vertex 3.80997 100.913 1.4
    endloop
  endfacet
  facet normal 0.946931 0.321437 0
    outer loop
      vertex 3.61418 64.426 3
      vertex 3.55111 64.6118 1.4
      vertex 3.55111 64.6118 3
    endloop
  endfacet
  facet normal 0.946931 0.321437 0
    outer loop
      vertex 3.55111 64.6118 1.4
      vertex 3.61418 64.426 3
      vertex 3.61418 64.426 1.4
    endloop
  endfacet
  facet normal -0.946885 0.321574 0
    outer loop
      vertex 66.1058 64.426 1.4
      vertex 66.1689 64.6118 3
      vertex 66.1689 64.6118 1.4
    endloop
  endfacet
  facet normal -0.946885 0.321574 0
    outer loop
      vertex 66.1689 64.6118 3
      vertex 66.1058 64.426 1.4
      vertex 66.1058 64.426 3
    endloop
  endfacet
  facet normal -0.555641 0.831422 0
    outer loop
      vertex 65.6331 63.81 1.4
      vertex 65.47 63.701 3
      vertex 65.6331 63.81 3
    endloop
  endfacet
  facet normal -0.555641 0.831422 0
    outer loop
      vertex 65.47 63.701 3
      vertex 65.6331 63.81 1.4
      vertex 65.47 63.701 1.4
    endloop
  endfacet
  facet normal -0.658937 0.752198 0
    outer loop
      vertex 65.7807 63.9393 1.4
      vertex 65.6331 63.81 3
      vertex 65.7807 63.9393 3
    endloop
  endfacet
  facet normal -0.658937 0.752198 0
    outer loop
      vertex 65.6331 63.81 3
      vertex 65.7807 63.9393 1.4
      vertex 65.6331 63.81 1.4
    endloop
  endfacet
  facet normal -0.443134 -0.896455 0
    outer loop
      vertex 65.294 101.386 1.4
      vertex 65.47 101.299 3
      vertex 65.294 101.386 3
    endloop
  endfacet
  facet normal -0.443134 -0.896455 -0
    outer loop
      vertex 65.47 101.299 3
      vertex 65.294 101.386 1.4
      vertex 65.47 101.299 1.4
    endloop
  endfacet
  facet normal -0.555641 -0.831422 0
    outer loop
      vertex 65.47 101.299 1.4
      vertex 65.6331 101.19 3
      vertex 65.47 101.299 3
    endloop
  endfacet
  facet normal -0.555641 -0.831422 -0
    outer loop
      vertex 65.6331 101.19 3
      vertex 65.47 101.299 1.4
      vertex 65.6331 101.19 1.4
    endloop
  endfacet
  facet normal 0 0 1
    outer loop
      vertex 63.7736 99.0536 1.4
      vertex 66.22 100 1.4
      vertex 66.2072 100.196 1.4
    endloop
  endfacet
  facet normal 0 0 1
    outer loop
      vertex 66.22 100 1.4
      vertex 63.92 98.7 1.4
      vertex 66.22 65 1.4
    endloop
  endfacet
  facet normal 0 0 1
    outer loop
      vertex 63.7736 99.0536 1.4
      vertex 66.2072 100.196 1.4
      vertex 66.1689 100.388 1.4
    endloop
  endfacet
  facet normal -0 0 1
    outer loop
      vertex 63.92 66.3 1.4
      vertex 66.22 65 1.4
      vertex 63.92 98.7 1.4
    endloop
  endfacet
  facet normal 0 0 1
    outer loop
      vertex 63.7736 99.0536 1.4
      vertex 66.1689 100.388 1.4
      vertex 66.1058 100.574 1.4
    endloop
  endfacet
  facet normal -0 0 1
    outer loop
      vertex 63.9157 66.2347 1.4
      vertex 66.22 65 1.4
      vertex 63.92 66.3 1.4
    endloop
  endfacet
  facet normal 0 0 1
    outer loop
      vertex 63.7736 99.0536 1.4
      vertex 66.1058 100.574 1.4
      vertex 66.019 100.75 1.4
    endloop
  endfacet
  facet normal -0 0 1
    outer loop
      vertex 63.903 66.1706 1.4
      vertex 66.22 65 1.4
      vertex 63.9157 66.2347 1.4
    endloop
  endfacet
  facet normal 0 0 1
    outer loop
      vertex 63.7736 99.0536 1.4
      vertex 66.019 100.75 1.4
      vertex 65.91 100.913 1.4
    endloop
  endfacet
  facet normal -0 0 1
    outer loop
      vertex 63.8819 66.1087 1.4
      vertex 66.22 65 1.4
      vertex 63.903 66.1706 1.4
    endloop
  endfacet
  facet normal 0 0 1
    outer loop
      vertex 63.7736 99.0536 1.4
      vertex 65.91 100.913 1.4
      vertex 65.7807 101.061 1.4
    endloop
  endfacet
  facet normal -0 0 1
    outer loop
      vertex 63.853 66.05 1.4
      vertex 66.22 65 1.4
      vertex 63.8819 66.1087 1.4
    endloop
  endfacet
  facet normal 0 0 1
    outer loop
      vertex 63.7736 99.0536 1.4
      vertex 65.7807 101.061 1.4
      vertex 65.6331 101.19 1.4
    endloop
  endfacet
  facet normal -0 0 1
    outer loop
      vertex 63.8167 65.9956 1.4
      vertex 66.22 65 1.4
      vertex 63.853 66.05 1.4
    endloop
  endfacet
  facet normal 0 0 1
    outer loop
      vertex 63.7736 99.0536 1.4
      vertex 65.6331 101.19 1.4
      vertex 65.47 101.299 1.4
    endloop
  endfacet
  facet normal -0 0 1
    outer loop
      vertex 63.7736 65.9464 1.4
      vertex 66.22 65 1.4
      vertex 63.8167 65.9956 1.4
    endloop
  endfacet
  facet normal 0 0 1
    outer loop
      vertex 63.7736 99.0536 1.4
      vertex 65.47 101.299 1.4
      vertex 65.294 101.386 1.4
    endloop
  endfacet
  facet normal 0 0 1
    outer loop
      vertex 66.22 65 1.4
      vertex 63.7736 65.9464 1.4
      vertex 66.2072 64.8042 1.4
    endloop
  endfacet
  facet normal 0 0 1
    outer loop
      vertex 63.7736 99.0536 1.4
      vertex 65.294 101.386 1.4
      vertex 65.1082 101.449 1.4
    endloop
  endfacet
  facet normal 0 0 1
    outer loop
      vertex 66.2072 64.8042 1.4
      vertex 63.7736 65.9464 1.4
      vertex 66.1689 64.6118 1.4
    endloop
  endfacet
  facet normal 0 0 1
    outer loop
      vertex 63.7736 99.0536 1.4
      vertex 65.1082 101.449 1.4
      vertex 64.9158 101.487 1.4
    endloop
  endfacet
  facet normal 0 0 1
    outer loop
      vertex 66.1689 64.6118 1.4
      vertex 63.7736 65.9464 1.4
      vertex 66.1058 64.426 1.4
    endloop
  endfacet
  facet normal 0 0 1
    outer loop
      vertex 63.7736 99.0536 1.4
      vertex 64.9158 101.487 1.4
      vertex 64.72 101.5 1.4
    endloop
  endfacet
  facet normal 0 0 1
    outer loop
      vertex 66.1058 64.426 1.4
      vertex 63.7736 65.9464 1.4
      vertex 66.019 64.25 1.4
    endloop
  endfacet
  facet normal 0 0 1
    outer loop
      vertex 66.019 64.25 1.4
      vertex 63.7736 65.9464 1.4
      vertex 65.91 64.0869 1.4
    endloop
  endfacet
  facet normal 0 0 1
    outer loop
      vertex 66.22 100 1.4
      vertex 63.9157 98.7653 1.4
      vertex 63.92 98.7 1.4
    endloop
  endfacet
  facet normal 0 0 1
    outer loop
      vertex 66.22 100 1.4
      vertex 63.903 98.8294 1.4
      vertex 63.9157 98.7653 1.4
    endloop
  endfacet
  facet normal 0 0 1
    outer loop
      vertex 66.22 100 1.4
      vertex 63.8819 98.8913 1.4
      vertex 63.903 98.8294 1.4
    endloop
  endfacet
  facet normal 0 0 1
    outer loop
      vertex 66.22 100 1.4
      vertex 63.853 98.95 1.4
      vertex 63.8819 98.8913 1.4
    endloop
  endfacet
  facet normal 0 0 1
    outer loop
      vertex 66.22 100 1.4
      vertex 63.8167 99.0044 1.4
      vertex 63.853 98.95 1.4
    endloop
  endfacet
  facet normal 0 0 1
    outer loop
      vertex 66.22 100 1.4
      vertex 63.7736 99.0536 1.4
      vertex 63.8167 99.0044 1.4
    endloop
  endfacet
  facet normal 0 0 1
    outer loop
      vertex 64.72 101.5 1.4
      vertex 63.7244 99.0967 1.4
      vertex 63.7736 99.0536 1.4
    endloop
  endfacet
  facet normal 0 0 1
    outer loop
      vertex 64.72 101.5 1.4
      vertex 63.67 99.133 1.4
      vertex 63.7244 99.0967 1.4
    endloop
  endfacet
  facet normal 0 0 1
    outer loop
      vertex 64.72 101.5 1.4
      vertex 63.6113 99.1619 1.4
      vertex 63.67 99.133 1.4
    endloop
  endfacet
  facet normal 0 0 1
    outer loop
      vertex 64.72 101.5 1.4
      vertex 63.5494 99.183 1.4
      vertex 63.6113 99.1619 1.4
    endloop
  endfacet
  facet normal 0 0 1
    outer loop
      vertex 64.72 101.5 1.4
      vertex 63.4853 99.1957 1.4
      vertex 63.5494 99.183 1.4
    endloop
  endfacet
  facet normal 0 0 1
    outer loop
      vertex 64.72 101.5 1.4
      vertex 63.42 99.2 1.4
      vertex 63.4853 99.1957 1.4
    endloop
  endfacet
  facet normal 0 0 1
    outer loop
      vertex 64.72 101.5 1.4
      vertex 6.3 99.2 1.4
      vertex 63.42 99.2 1.4
    endloop
  endfacet
  facet normal 0 0 1
    outer loop
      vertex 5.80428 98.7653 1.4
      vertex 3.5 100 1.4
      vertex 5.8 98.7 1.4
    endloop
  endfacet
  facet normal 0 0 1
    outer loop
      vertex 5.81704 98.8294 1.4
      vertex 3.5 100 1.4
      vertex 5.80428 98.7653 1.4
    endloop
  endfacet
  facet normal 0 0 1
    outer loop
      vertex 5.83806 98.8913 1.4
      vertex 3.5 100 1.4
      vertex 5.81704 98.8294 1.4
    endloop
  endfacet
  facet normal 0 0 1
    outer loop
      vertex 5.86699 98.95 1.4
      vertex 3.5 100 1.4
      vertex 5.83806 98.8913 1.4
    endloop
  endfacet
  facet normal 0 0 1
    outer loop
      vertex 5.90332 99.0044 1.4
      vertex 3.5 100 1.4
      vertex 5.86699 98.95 1.4
    endloop
  endfacet
  facet normal 0 0 1
    outer loop
      vertex 5.94645 99.0536 1.4
      vertex 3.5 100 1.4
      vertex 5.90332 99.0044 1.4
    endloop
  endfacet
  facet normal -0 0 1
    outer loop
      vertex 3.5 100 1.4
      vertex 5.94645 99.0536 1.4
      vertex 5 101.5 1.4
    endloop
  endfacet
  facet normal 0 0 1
    outer loop
      vertex 5.99562 99.0967 1.4
      vertex 5 101.5 1.4
      vertex 5.94645 99.0536 1.4
    endloop
  endfacet
  facet normal 0 0 1
    outer loop
      vertex 6.05 99.133 1.4
      vertex 5 101.5 1.4
      vertex 5.99562 99.0967 1.4
    endloop
  endfacet
  facet normal 0 0 1
    outer loop
      vertex 6.10866 99.1619 1.4
      vertex 5 101.5 1.4
      vertex 6.05 99.133 1.4
    endloop
  endfacet
  facet normal 0 0 1
    outer loop
      vertex 6.17059 99.183 1.4
      vertex 5 101.5 1.4
      vertex 6.10866 99.1619 1.4
    endloop
  endfacet
  facet normal 0 0 1
    outer loop
      vertex 6.23474 99.1957 1.4
      vertex 5 101.5 1.4
      vertex 6.17059 99.183 1.4
    endloop
  endfacet
  facet normal 0 0 1
    outer loop
      vertex 6.3 99.2 1.4
      vertex 5 101.5 1.4
      vertex 6.23474 99.1957 1.4
    endloop
  endfacet
  facet normal -0 0 1
    outer loop
      vertex 5 101.5 1.4
      vertex 6.3 99.2 1.4
      vertex 64.72 101.5 1.4
    endloop
  endfacet
  facet normal 0 0 1
    outer loop
      vertex 65.91 64.0869 1.4
      vertex 63.7736 65.9464 1.4
      vertex 65.7807 63.9393 1.4
    endloop
  endfacet
  facet normal 0 0 1
    outer loop
      vertex 65.7807 63.9393 1.4
      vertex 63.7736 65.9464 1.4
      vertex 65.6331 63.81 1.4
    endloop
  endfacet
  facet normal 0 0 1
    outer loop
      vertex 65.6331 63.81 1.4
      vertex 63.7736 65.9464 1.4
      vertex 65.47 63.701 1.4
    endloop
  endfacet
  facet normal 0 0 1
    outer loop
      vertex 65.47 63.701 1.4
      vertex 63.7736 65.9464 1.4
      vertex 65.294 63.6142 1.4
    endloop
  endfacet
  facet normal 0 0 1
    outer loop
      vertex 65.294 63.6142 1.4
      vertex 63.7736 65.9464 1.4
      vertex 65.1082 63.5511 1.4
    endloop
  endfacet
  facet normal 0 0 1
    outer loop
      vertex 65.1082 63.5511 1.4
      vertex 63.7736 65.9464 1.4
      vertex 64.9158 63.5128 1.4
    endloop
  endfacet
  facet normal 0 0 1
    outer loop
      vertex 64.9158 63.5128 1.4
      vertex 63.7736 65.9464 1.4
      vertex 64.72 63.5 1.4
    endloop
  endfacet
  facet normal -0 0 1
    outer loop
      vertex 63.7244 65.9033 1.4
      vertex 64.72 63.5 1.4
      vertex 63.7736 65.9464 1.4
    endloop
  endfacet
  facet normal -0 0 1
    outer loop
      vertex 63.67 65.867 1.4
      vertex 64.72 63.5 1.4
      vertex 63.7244 65.9033 1.4
    endloop
  endfacet
  facet normal -0 0 1
    outer loop
      vertex 63.6113 65.8381 1.4
      vertex 64.72 63.5 1.4
      vertex 63.67 65.867 1.4
    endloop
  endfacet
  facet normal -0 0 1
    outer loop
      vertex 63.5494 65.817 1.4
      vertex 64.72 63.5 1.4
      vertex 63.6113 65.8381 1.4
    endloop
  endfacet
  facet normal -0 0 1
    outer loop
      vertex 63.4853 65.8043 1.4
      vertex 64.72 63.5 1.4
      vertex 63.5494 65.817 1.4
    endloop
  endfacet
  facet normal -0 0 1
    outer loop
      vertex 63.42 65.8 1.4
      vertex 64.72 63.5 1.4
      vertex 63.4853 65.8043 1.4
    endloop
  endfacet
  facet normal -0 0 1
    outer loop
      vertex 6.3 65.8 1.4
      vertex 64.72 63.5 1.4
      vertex 63.42 65.8 1.4
    endloop
  endfacet
  facet normal 0 0 1
    outer loop
      vertex 6.3 65.8 1.4
      vertex 5 63.5 1.4
      vertex 64.72 63.5 1.4
    endloop
  endfacet
  facet normal 0 0 1
    outer loop
      vertex 6.23474 65.8043 1.4
      vertex 5 63.5 1.4
      vertex 6.3 65.8 1.4
    endloop
  endfacet
  facet normal 0 0 1
    outer loop
      vertex 6.17059 65.817 1.4
      vertex 5 63.5 1.4
      vertex 6.23474 65.8043 1.4
    endloop
  endfacet
  facet normal 0 0 1
    outer loop
      vertex 6.10866 65.8381 1.4
      vertex 5 63.5 1.4
      vertex 6.17059 65.817 1.4
    endloop
  endfacet
  facet normal 0 0 1
    outer loop
      vertex 6.05 65.867 1.4
      vertex 5 63.5 1.4
      vertex 6.10866 65.8381 1.4
    endloop
  endfacet
  facet normal 0 0 1
    outer loop
      vertex 5.99562 65.9033 1.4
      vertex 5 63.5 1.4
      vertex 6.05 65.867 1.4
    endloop
  endfacet
  facet normal 0 0 1
    outer loop
      vertex 5.94645 65.9464 1.4
      vertex 5 63.5 1.4
      vertex 5.99562 65.9033 1.4
    endloop
  endfacet
  facet normal 0 0 1
    outer loop
      vertex 3.5 65 1.4
      vertex 5.94645 65.9464 1.4
      vertex 5.90332 65.9956 1.4
    endloop
  endfacet
  facet normal 0 0 1
    outer loop
      vertex 3.5 65 1.4
      vertex 5.90332 65.9956 1.4
      vertex 5.86699 66.05 1.4
    endloop
  endfacet
  facet normal 0 0 1
    outer loop
      vertex 3.5 65 1.4
      vertex 5.86699 66.05 1.4
      vertex 5.83806 66.1087 1.4
    endloop
  endfacet
  facet normal 0 0 1
    outer loop
      vertex 3.5 65 1.4
      vertex 5.83806 66.1087 1.4
      vertex 5.81704 66.1706 1.4
    endloop
  endfacet
  facet normal 0 0 1
    outer loop
      vertex 3.5 65 1.4
      vertex 5.81704 66.1706 1.4
      vertex 5.80428 66.2347 1.4
    endloop
  endfacet
  facet normal 0 0 1
    outer loop
      vertex 3.5 65 1.4
      vertex 5.80428 66.2347 1.4
      vertex 5.8 66.3 1.4
    endloop
  endfacet
  facet normal 0 0 1
    outer loop
      vertex 5.8 98.7 1.4
      vertex 3.5 100 1.4
      vertex 5.8 66.3 1.4
    endloop
  endfacet
  facet normal 0 0 1
    outer loop
      vertex 3.5 100 1.4
      vertex 5 101.5 1.4
      vertex 4.80421 101.487 1.4
    endloop
  endfacet
  facet normal 0 0 1
    outer loop
      vertex 3.5 65 1.4
      vertex 5.8 66.3 1.4
      vertex 3.5 100 1.4
    endloop
  endfacet
  facet normal 0 0 1
    outer loop
      vertex 3.5 100 1.4
      vertex 4.80421 101.487 1.4
      vertex 4.61177 101.449 1.4
    endloop
  endfacet
  facet normal 0 0 1
    outer loop
      vertex 5.94645 65.9464 1.4
      vertex 3.5 65 1.4
      vertex 3.55111 64.6118 1.4
    endloop
  endfacet
  facet normal 0 0 1
    outer loop
      vertex 3.5 100 1.4
      vertex 4.61177 101.449 1.4
      vertex 4.42597 101.386 1.4
    endloop
  endfacet
  facet normal 0 0 1
    outer loop
      vertex 5.94645 65.9464 1.4
      vertex 4.80421 63.5128 1.4
      vertex 5 63.5 1.4
    endloop
  endfacet
  facet normal 0 0 1
    outer loop
      vertex 3.5 100 1.4
      vertex 4.42597 101.386 1.4
      vertex 4.25 101.299 1.4
    endloop
  endfacet
  facet normal 0 0 1
    outer loop
      vertex 5.94645 65.9464 1.4
      vertex 4.61177 63.5511 1.4
      vertex 4.80421 63.5128 1.4
    endloop
  endfacet
  facet normal 0 0 1
    outer loop
      vertex 3.5 100 1.4
      vertex 4.25 101.299 1.4
      vertex 4.08686 101.19 1.4
    endloop
  endfacet
  facet normal 0 0 1
    outer loop
      vertex 5.94645 65.9464 1.4
      vertex 4.42597 63.6142 1.4
      vertex 4.61177 63.5511 1.4
    endloop
  endfacet
  facet normal 0 0 1
    outer loop
      vertex 3.5 100 1.4
      vertex 4.08686 101.19 1.4
      vertex 3.93934 101.061 1.4
    endloop
  endfacet
  facet normal 0 0 1
    outer loop
      vertex 5.94645 65.9464 1.4
      vertex 4.25 63.701 1.4
      vertex 4.42597 63.6142 1.4
    endloop
  endfacet
  facet normal 0 0 1
    outer loop
      vertex 3.5 100 1.4
      vertex 3.93934 101.061 1.4
      vertex 3.80997 100.913 1.4
    endloop
  endfacet
  facet normal 0 0 1
    outer loop
      vertex 5.94645 65.9464 1.4
      vertex 4.08686 63.81 1.4
      vertex 4.25 63.701 1.4
    endloop
  endfacet
  facet normal 0 0 1
    outer loop
      vertex 3.5 100 1.4
      vertex 3.80997 100.913 1.4
      vertex 3.70096 100.75 1.4
    endloop
  endfacet
  facet normal 0 0 1
    outer loop
      vertex 5.94645 65.9464 1.4
      vertex 3.93934 63.9393 1.4
      vertex 4.08686 63.81 1.4
    endloop
  endfacet
  facet normal 0 0 1
    outer loop
      vertex 3.5 100 1.4
      vertex 3.70096 100.75 1.4
      vertex 3.61418 100.574 1.4
    endloop
  endfacet
  facet normal 0 0 1
    outer loop
      vertex 5.94645 65.9464 1.4
      vertex 3.80997 64.0869 1.4
      vertex 3.93934 63.9393 1.4
    endloop
  endfacet
  facet normal 0 0 1
    outer loop
      vertex 3.5 100 1.4
      vertex 3.61418 100.574 1.4
      vertex 3.55111 100.388 1.4
    endloop
  endfacet
  facet normal 0 0 1
    outer loop
      vertex 5.94645 65.9464 1.4
      vertex 3.70096 64.25 1.4
      vertex 3.80997 64.0869 1.4
    endloop
  endfacet
  facet normal 0 0 1
    outer loop
      vertex 3.5 100 1.4
      vertex 3.55111 100.388 1.4
      vertex 3.51283 100.196 1.4
    endloop
  endfacet
  facet normal 0 0 1
    outer loop
      vertex 5.94645 65.9464 1.4
      vertex 3.61418 64.426 1.4
      vertex 3.70096 64.25 1.4
    endloop
  endfacet
  facet normal 0 0 1
    outer loop
      vertex 5.94645 65.9464 1.4
      vertex 3.55111 64.6118 1.4
      vertex 3.61418 64.426 1.4
    endloop
  endfacet
  facet normal 0 0 1
    outer loop
      vertex 3.55111 64.6118 1.4
      vertex 3.5 65 1.4
      vertex 3.51283 64.8042 1.4
    endloop
  endfacet
  facet normal -0.321574 0.946885 0
    outer loop
      vertex 65.294 63.6142 1.4
      vertex 65.1082 63.5511 3
      vertex 65.294 63.6142 3
    endloop
  endfacet
  facet normal -0.321574 0.946885 0
    outer loop
      vertex 65.1082 63.5511 3
      vertex 65.294 63.6142 1.4
      vertex 65.1082 63.5511 1.4
    endloop
  endfacet
  facet normal 0.752021 0.659139 0
    outer loop
      vertex 3.93934 63.9393 3
      vertex 3.80997 64.0869 1.4
      vertex 3.80997 64.0869 3
    endloop
  endfacet
  facet normal 0.752021 0.659139 0
    outer loop
      vertex 3.80997 64.0869 1.4
      vertex 3.93934 63.9393 3
      vertex 3.93934 63.9393 1.4
    endloop
  endfacet
  facet normal -0.89686 0.442315 0
    outer loop
      vertex 66.019 64.25 1.4
      vertex 66.1058 64.426 3
      vertex 66.1058 64.426 1.4
    endloop
  endfacet
  facet normal -0.89686 0.442315 0
    outer loop
      vertex 66.1058 64.426 3
      vertex 66.019 64.25 1.4
      vertex 66.019 64.25 3
    endloop
  endfacet
  facet normal -0.831422 0.555641 0
    outer loop
      vertex 65.91 64.0869 1.4
      vertex 66.019 64.25 3
      vertex 66.019 64.25 1.4
    endloop
  endfacet
  facet normal -0.831422 0.555641 0
    outer loop
      vertex 66.019 64.25 3
      vertex 65.91 64.0869 1.4
      vertex 65.91 64.0869 3
    endloop
  endfacet
  facet normal 0.99786 0.0653858 0
    outer loop
      vertex 3.51283 64.8042 3
      vertex 3.5 65 1.4
      vertex 3.5 65 3
    endloop
  endfacet
  facet normal 0.99786 0.0653858 0
    outer loop
      vertex 3.5 65 1.4
      vertex 3.51283 64.8042 3
      vertex 3.51283 64.8042 1.4
    endloop
  endfacet
  facet normal 0.997839 -0.0657076 0
    outer loop
      vertex 63.9157 66.2347 3
      vertex 63.92 66.3 1.4
      vertex 63.92 66.3 3
    endloop
  endfacet
  facet normal 0.997839 -0.0657076 0
    outer loop
      vertex 63.92 66.3 1.4
      vertex 63.9157 66.2347 3
      vertex 63.9157 66.2347 1.4
    endloop
  endfacet
  facet normal -0.980757 0.195233 0
    outer loop
      vertex 5.80428 98.7653 1.4
      vertex 5.81704 98.8294 3
      vertex 5.81704 98.8294 1.4
    endloop
  endfacet
  facet normal -0.980757 0.195233 0
    outer loop
      vertex 5.81704 98.8294 3
      vertex 5.80428 98.7653 1.4
      vertex 5.80428 98.7653 3
    endloop
  endfacet
  facet normal -0.441945 0.897042 0
    outer loop
      vertex 6.10866 99.1619 1.4
      vertex 6.05 99.133 3
      vertex 6.10866 99.1619 3
    endloop
  endfacet
  facet normal -0.441945 0.897042 0
    outer loop
      vertex 6.05 99.133 3
      vertex 6.10866 99.1619 1.4
      vertex 6.05 99.133 1.4
    endloop
  endfacet
  facet normal -1 0 0
    outer loop
      vertex 5.8 98.7 1.4
      vertex 5.8 98.548 1.5
      vertex 5.8 98.7 3
    endloop
  endfacet
  facet normal -1 0 0
    outer loop
      vertex 5.8 98.7 1.4
      vertex 5.8 66.452 1.5
      vertex 5.8 98.548 1.5
    endloop
  endfacet
  facet normal -1 0 0
    outer loop
      vertex 5.8 66.3 1.4
      vertex 5.8 66.452 1.5
      vertex 5.8 98.7 1.4
    endloop
  endfacet
  facet normal -1 0 0
    outer loop
      vertex 5.8 66.3 3
      vertex 5.8 66.452 1.5
      vertex 5.8 66.3 1.4
    endloop
  endfacet
  facet normal -1 0 0
    outer loop
      vertex 5.8 66.452 1.5
      vertex 5.8 66.3 3
      vertex 5.8 66.452 3
    endloop
  endfacet
  facet normal -1 -0 0
    outer loop
      vertex 5.8 98.7 3
      vertex 5.8 98.548 1.5
      vertex 5.8 98.548 3
    endloop
  endfacet
  facet normal -0.980757 -0.195233 0
    outer loop
      vertex 5.81704 66.1706 1.4
      vertex 5.80428 66.2347 3
      vertex 5.80428 66.2347 1.4
    endloop
  endfacet
  facet normal -0.980757 -0.195233 0
    outer loop
      vertex 5.80428 66.2347 3
      vertex 5.81704 66.1706 1.4
      vertex 5.81704 66.1706 3
    endloop
  endfacet
  facet normal -0.946894 0.321546 0
    outer loop
      vertex 5.81704 98.8294 1.4
      vertex 5.83806 98.8913 3
      vertex 5.83806 98.8913 1.4
    endloop
  endfacet
  facet normal -0.946894 0.321546 0
    outer loop
      vertex 5.83806 98.8913 3
      vertex 5.81704 98.8294 1.4
      vertex 5.81704 98.8294 3
    endloop
  endfacet
  facet normal 0.831815 0.555053 0
    outer loop
      vertex 63.853 98.95 3
      vertex 63.8167 99.0044 1.4
      vertex 63.8167 99.0044 3
    endloop
  endfacet
  facet normal 0.831815 0.555053 0
    outer loop
      vertex 63.8167 99.0044 1.4
      vertex 63.853 98.95 3
      vertex 63.853 98.95 1.4
    endloop
  endfacet
  facet normal 0.658937 0.752198 -0
    outer loop
      vertex 63.7736 99.0536 1.4
      vertex 63.7244 99.0967 3
      vertex 63.7736 99.0536 3
    endloop
  endfacet
  facet normal 0.658937 0.752198 0
    outer loop
      vertex 63.7244 99.0967 3
      vertex 63.7736 99.0536 1.4
      vertex 63.7244 99.0967 1.4
    endloop
  endfacet
  facet normal 0.752198 -0.658937 0
    outer loop
      vertex 63.7736 65.9464 3
      vertex 63.8167 65.9956 1.4
      vertex 63.8167 65.9956 3
    endloop
  endfacet
  facet normal 0.752198 -0.658937 0
    outer loop
      vertex 63.8167 65.9956 1.4
      vertex 63.7736 65.9464 3
      vertex 63.7736 65.9464 1.4
    endloop
  endfacet
  facet normal -0.555194 0.831721 0
    outer loop
      vertex 6.05 99.133 1.4
      vertex 5.99562 99.0967 3
      vertex 6.05 99.133 3
    endloop
  endfacet
  facet normal -0.555194 0.831721 0
    outer loop
      vertex 5.99562 99.0967 3
      vertex 6.05 99.133 1.4
      vertex 5.99562 99.0967 1.4
    endloop
  endfacet
  facet normal 0.0657076 0.997839 -0
    outer loop
      vertex 63.4853 99.1957 1.4
      vertex 63.42 99.2 3
      vertex 63.4853 99.1957 3
    endloop
  endfacet
  facet normal 0.0657076 0.997839 0
    outer loop
      vertex 63.42 99.2 3
      vertex 63.4853 99.1957 1.4
      vertex 63.42 99.2 1.4
    endloop
  endfacet
  facet normal -0.997859 -0.0654033 0
    outer loop
      vertex 5.80428 66.2347 1.4
      vertex 5.8 66.3 3
      vertex 5.8 66.3 1.4
    endloop
  endfacet
  facet normal -0.997859 -0.0654033 0
    outer loop
      vertex 5.8 66.3 3
      vertex 5.80428 66.2347 1.4
      vertex 5.80428 66.2347 3
    endloop
  endfacet
  facet normal -0.89698 0.442072 0
    outer loop
      vertex 5.83806 98.8913 1.4
      vertex 5.86699 98.95 3
      vertex 5.86699 98.95 1.4
    endloop
  endfacet
  facet normal -0.89698 0.442072 0
    outer loop
      vertex 5.86699 98.95 3
      vertex 5.83806 98.8913 1.4
      vertex 5.83806 98.8913 3
    endloop
  endfacet
  facet normal 0 -1 0
    outer loop
      vertex 6.3 65.8 3
      vertex 6.45203 65.8 1.5
      vertex 6.45203 65.8 3
    endloop
  endfacet
  facet normal 0 -1 -0
    outer loop
      vertex 6.45203 65.8 1.5
      vertex 6.3 65.8 1.4
      vertex 63.268 65.8 1.5
    endloop
  endfacet
  facet normal 0 -1 0
    outer loop
      vertex 6.3 65.8 1.4
      vertex 6.45203 65.8 1.5
      vertex 6.3 65.8 3
    endloop
  endfacet
  facet normal 0 -1 0
    outer loop
      vertex 63.268 65.8 1.5
      vertex 63.42 65.8 3
      vertex 63.268 65.8 3
    endloop
  endfacet
  facet normal 0 -1 0
    outer loop
      vertex 63.268 65.8 1.5
      vertex 63.42 65.8 1.4
      vertex 63.42 65.8 3
    endloop
  endfacet
  facet normal 0 -1 0
    outer loop
      vertex 63.42 65.8 1.4
      vertex 63.268 65.8 1.5
      vertex 6.3 65.8 1.4
    endloop
  endfacet
  facet normal -0.659165 0.751998 0
    outer loop
      vertex 5.99562 99.0967 1.4
      vertex 5.94645 99.0536 3
      vertex 5.99562 99.0967 3
    endloop
  endfacet
  facet normal -0.659165 0.751998 0
    outer loop
      vertex 5.94645 99.0536 3
      vertex 5.99562 99.0967 1.4
      vertex 5.94645 99.0536 1.4
    endloop
  endfacet
  facet normal 0.19435 -0.980932 0
    outer loop
      vertex 63.4853 65.8043 1.4
      vertex 63.5494 65.817 3
      vertex 63.4853 65.8043 3
    endloop
  endfacet
  facet normal 0.19435 -0.980932 0
    outer loop
      vertex 63.5494 65.817 3
      vertex 63.4853 65.8043 1.4
      vertex 63.5494 65.817 1.4
    endloop
  endfacet
  facet normal -0.997859 0.0654033 0
    outer loop
      vertex 5.8 98.7 1.4
      vertex 5.80428 98.7653 3
      vertex 5.80428 98.7653 1.4
    endloop
  endfacet
  facet normal -0.997859 0.0654033 0
    outer loop
      vertex 5.80428 98.7653 3
      vertex 5.8 98.7 1.4
      vertex 5.8 98.7 3
    endloop
  endfacet
  facet normal -0.194204 -0.980961 0
    outer loop
      vertex 6.17059 65.817 1.4
      vertex 6.23474 65.8043 3
      vertex 6.17059 65.817 3
    endloop
  endfacet
  facet normal -0.194204 -0.980961 -0
    outer loop
      vertex 6.23474 65.8043 3
      vertex 6.17059 65.817 1.4
      vertex 6.23474 65.8043 1.4
    endloop
  endfacet
  facet normal 0 1 0
    outer loop
      vertex 63.42 99.2 3
      vertex 63.268 99.2 1.5
      vertex 63.268 99.2 3
    endloop
  endfacet
  facet normal 0 1 0
    outer loop
      vertex 63.268 99.2 1.5
      vertex 63.42 99.2 1.4
      vertex 6.45203 99.2 1.5
    endloop
  endfacet
  facet normal 0 1 -0
    outer loop
      vertex 63.42 99.2 1.4
      vertex 63.268 99.2 1.5
      vertex 63.42 99.2 3
    endloop
  endfacet
  facet normal 0 1 -0
    outer loop
      vertex 6.45203 99.2 1.5
      vertex 6.3 99.2 3
      vertex 6.45203 99.2 3
    endloop
  endfacet
  facet normal 0 1 0
    outer loop
      vertex 6.45203 99.2 1.5
      vertex 6.3 99.2 1.4
      vertex 6.3 99.2 3
    endloop
  endfacet
  facet normal 0 1 0
    outer loop
      vertex 6.3 99.2 1.4
      vertex 6.45203 99.2 1.5
      vertex 63.42 99.2 1.4
    endloop
  endfacet
  facet normal -0.75197 -0.659197 0
    outer loop
      vertex 5.94645 65.9464 1.4
      vertex 5.90332 65.9956 3
      vertex 5.90332 65.9956 1.4
    endloop
  endfacet
  facet normal -0.75197 -0.659197 0
    outer loop
      vertex 5.90332 65.9956 3
      vertex 5.94645 65.9464 1.4
      vertex 5.94645 65.9464 3
    endloop
  endfacet
  facet normal -0.0657477 0.997836 0
    outer loop
      vertex 6.3 99.2 1.4
      vertex 6.23474 99.1957 3
      vertex 6.3 99.2 3
    endloop
  endfacet
  facet normal -0.0657477 0.997836 0
    outer loop
      vertex 6.23474 99.1957 3
      vertex 6.3 99.2 1.4
      vertex 6.23474 99.1957 1.4
    endloop
  endfacet
  facet normal -0.194204 0.980961 0
    outer loop
      vertex 6.23474 99.1957 1.4
      vertex 6.17059 99.183 3
      vertex 6.23474 99.1957 3
    endloop
  endfacet
  facet normal -0.194204 0.980961 0
    outer loop
      vertex 6.17059 99.183 3
      vertex 6.23474 99.1957 1.4
      vertex 6.17059 99.183 1.4
    endloop
  endfacet
  facet normal 0.555053 -0.831815 0
    outer loop
      vertex 63.67 65.867 1.4
      vertex 63.7244 65.9033 3
      vertex 63.67 65.867 3
    endloop
  endfacet
  facet normal 0.555053 -0.831815 0
    outer loop
      vertex 63.7244 65.9033 3
      vertex 63.67 65.867 1.4
      vertex 63.7244 65.9033 1.4
    endloop
  endfacet
  facet normal 0.946521 -0.322643 0
    outer loop
      vertex 63.8819 66.1087 3
      vertex 63.903 66.1706 1.4
      vertex 63.903 66.1706 3
    endloop
  endfacet
  facet normal 0.946521 -0.322643 0
    outer loop
      vertex 63.903 66.1706 1.4
      vertex 63.8819 66.1087 3
      vertex 63.8819 66.1087 1.4
    endloop
  endfacet
  facet normal 0.752198 0.658937 0
    outer loop
      vertex 63.8167 99.0044 3
      vertex 63.7736 99.0536 1.4
      vertex 63.7736 99.0536 3
    endloop
  endfacet
  facet normal 0.752198 0.658937 0
    outer loop
      vertex 63.7736 99.0536 1.4
      vertex 63.8167 99.0044 3
      vertex 63.8167 99.0044 1.4
    endloop
  endfacet
  facet normal 0.441703 0.897161 -0
    outer loop
      vertex 63.67 99.133 1.4
      vertex 63.6113 99.1619 3
      vertex 63.67 99.133 3
    endloop
  endfacet
  facet normal 0.441703 0.897161 0
    outer loop
      vertex 63.6113 99.1619 3
      vertex 63.67 99.133 1.4
      vertex 63.6113 99.1619 1.4
    endloop
  endfacet
  facet normal 0.19435 0.980932 -0
    outer loop
      vertex 63.5494 99.183 1.4
      vertex 63.4853 99.1957 3
      vertex 63.5494 99.183 3
    endloop
  endfacet
  facet normal 0.19435 0.980932 0
    outer loop
      vertex 63.4853 99.1957 3
      vertex 63.5494 99.183 1.4
      vertex 63.4853 99.1957 1.4
    endloop
  endfacet
  facet normal 0.658937 -0.752198 0
    outer loop
      vertex 63.7244 65.9033 1.4
      vertex 63.7736 65.9464 3
      vertex 63.7244 65.9033 3
    endloop
  endfacet
  facet normal 0.658937 -0.752198 0
    outer loop
      vertex 63.7736 65.9464 3
      vertex 63.7244 65.9033 1.4
      vertex 63.7736 65.9464 1.4
    endloop
  endfacet
  facet normal 0.322643 0.946521 -0
    outer loop
      vertex 63.6113 99.1619 1.4
      vertex 63.5494 99.183 3
      vertex 63.6113 99.1619 3
    endloop
  endfacet
  facet normal 0.322643 0.946521 0
    outer loop
      vertex 63.5494 99.183 3
      vertex 63.6113 99.1619 1.4
      vertex 63.5494 99.183 1.4
    endloop
  endfacet
  facet normal -0.831603 -0.55537 0
    outer loop
      vertex 5.90332 65.9956 1.4
      vertex 5.86699 66.05 3
      vertex 5.86699 66.05 1.4
    endloop
  endfacet
  facet normal -0.831603 -0.55537 0
    outer loop
      vertex 5.86699 66.05 3
      vertex 5.90332 65.9956 1.4
      vertex 5.90332 65.9956 3
    endloop
  endfacet
  facet normal -0.946894 -0.321546 0
    outer loop
      vertex 5.83806 66.1087 1.4
      vertex 5.81704 66.1706 3
      vertex 5.81704 66.1706 1.4
    endloop
  endfacet
  facet normal -0.946894 -0.321546 0
    outer loop
      vertex 5.81704 66.1706 3
      vertex 5.83806 66.1087 1.4
      vertex 5.83806 66.1087 3
    endloop
  endfacet
  facet normal -0.75197 0.659197 0
    outer loop
      vertex 5.90332 99.0044 1.4
      vertex 5.94645 99.0536 3
      vertex 5.94645 99.0536 1.4
    endloop
  endfacet
  facet normal -0.75197 0.659197 0
    outer loop
      vertex 5.94645 99.0536 3
      vertex 5.90332 99.0044 1.4
      vertex 5.90332 99.0044 3
    endloop
  endfacet
  facet normal -0.831603 0.55537 0
    outer loop
      vertex 5.86699 98.95 1.4
      vertex 5.90332 99.0044 3
      vertex 5.90332 99.0044 1.4
    endloop
  endfacet
  facet normal -0.831603 0.55537 0
    outer loop
      vertex 5.90332 99.0044 3
      vertex 5.86699 98.95 1.4
      vertex 5.86699 98.95 3
    endloop
  endfacet
  facet normal 0.946521 0.322643 0
    outer loop
      vertex 63.903 98.8294 3
      vertex 63.8819 98.8913 1.4
      vertex 63.8819 98.8913 3
    endloop
  endfacet
  facet normal 0.946521 0.322643 0
    outer loop
      vertex 63.8819 98.8913 1.4
      vertex 63.903 98.8294 3
      vertex 63.903 98.8294 1.4
    endloop
  endfacet
  facet normal -0.89698 -0.442072 0
    outer loop
      vertex 5.86699 66.05 1.4
      vertex 5.83806 66.1087 3
      vertex 5.83806 66.1087 1.4
    endloop
  endfacet
  facet normal -0.89698 -0.442072 0
    outer loop
      vertex 5.83806 66.1087 3
      vertex 5.86699 66.05 1.4
      vertex 5.86699 66.05 3
    endloop
  endfacet
  facet normal -0.555194 -0.831721 0
    outer loop
      vertex 5.99562 65.9033 1.4
      vertex 6.05 65.867 3
      vertex 5.99562 65.9033 3
    endloop
  endfacet
  facet normal -0.555194 -0.831721 -0
    outer loop
      vertex 6.05 65.867 3
      vertex 5.99562 65.9033 1.4
      vertex 6.05 65.867 1.4
    endloop
  endfacet
  facet normal 1 0 0
    outer loop
      vertex 63.92 66.452 3
      vertex 63.92 66.3 3
      vertex 63.92 66.452 1.5
    endloop
  endfacet
  facet normal 1 0 0
    outer loop
      vertex 63.92 98.548 1.5
      vertex 63.92 98.7 3
      vertex 63.92 98.548 3
    endloop
  endfacet
  facet normal 1 0 0
    outer loop
      vertex 63.92 98.7 3
      vertex 63.92 98.548 1.5
      vertex 63.92 98.7 1.4
    endloop
  endfacet
  facet normal 1 -0 0
    outer loop
      vertex 63.92 66.452 1.5
      vertex 63.92 98.7 1.4
      vertex 63.92 98.548 1.5
    endloop
  endfacet
  facet normal 1 0 0
    outer loop
      vertex 63.92 66.452 1.5
      vertex 63.92 66.3 1.4
      vertex 63.92 98.7 1.4
    endloop
  endfacet
  facet normal 1 0 0
    outer loop
      vertex 63.92 66.3 1.4
      vertex 63.92 66.452 1.5
      vertex 63.92 66.3 3
    endloop
  endfacet
  facet normal 0.322643 -0.946521 0
    outer loop
      vertex 63.5494 65.817 1.4
      vertex 63.6113 65.8381 3
      vertex 63.5494 65.817 3
    endloop
  endfacet
  facet normal 0.322643 -0.946521 0
    outer loop
      vertex 63.6113 65.8381 3
      vertex 63.5494 65.817 1.4
      vertex 63.6113 65.8381 1.4
    endloop
  endfacet
  facet normal -0.441945 -0.897042 0
    outer loop
      vertex 6.05 65.867 1.4
      vertex 6.10866 65.8381 3
      vertex 6.05 65.867 3
    endloop
  endfacet
  facet normal -0.441945 -0.897042 -0
    outer loop
      vertex 6.10866 65.8381 3
      vertex 6.05 65.867 1.4
      vertex 6.10866 65.8381 1.4
    endloop
  endfacet
  facet normal 0.980932 0.19435 0
    outer loop
      vertex 63.9157 98.7653 3
      vertex 63.903 98.8294 1.4
      vertex 63.903 98.8294 3
    endloop
  endfacet
  facet normal 0.980932 0.19435 0
    outer loop
      vertex 63.903 98.8294 1.4
      vertex 63.9157 98.7653 3
      vertex 63.9157 98.7653 1.4
    endloop
  endfacet
  facet normal -0.322503 0.946569 0
    outer loop
      vertex 6.17059 99.183 1.4
      vertex 6.10866 99.1619 3
      vertex 6.17059 99.183 3
    endloop
  endfacet
  facet normal -0.322503 0.946569 0
    outer loop
      vertex 6.10866 99.1619 3
      vertex 6.17059 99.183 1.4
      vertex 6.10866 99.1619 1.4
    endloop
  endfacet
  facet normal 0.0657076 -0.997839 0
    outer loop
      vertex 63.42 65.8 1.4
      vertex 63.4853 65.8043 3
      vertex 63.42 65.8 3
    endloop
  endfacet
  facet normal 0.0657076 -0.997839 0
    outer loop
      vertex 63.4853 65.8043 3
      vertex 63.42 65.8 1.4
      vertex 63.4853 65.8043 1.4
    endloop
  endfacet
  facet normal 0.831815 -0.555053 0
    outer loop
      vertex 63.8167 65.9956 3
      vertex 63.853 66.05 1.4
      vertex 63.853 66.05 3
    endloop
  endfacet
  facet normal 0.831815 -0.555053 0
    outer loop
      vertex 63.853 66.05 1.4
      vertex 63.8167 65.9956 3
      vertex 63.8167 65.9956 1.4
    endloop
  endfacet
  facet normal 0.980932 -0.19435 0
    outer loop
      vertex 63.903 66.1706 3
      vertex 63.9157 66.2347 1.4
      vertex 63.9157 66.2347 3
    endloop
  endfacet
  facet normal 0.980932 -0.19435 0
    outer loop
      vertex 63.9157 66.2347 1.4
      vertex 63.903 66.1706 3
      vertex 63.903 66.1706 1.4
    endloop
  endfacet
  facet normal 0.897161 -0.441703 0
    outer loop
      vertex 63.853 66.05 3
      vertex 63.8819 66.1087 1.4
      vertex 63.8819 66.1087 3
    endloop
  endfacet
  facet normal 0.897161 -0.441703 0
    outer loop
      vertex 63.8819 66.1087 1.4
      vertex 63.853 66.05 3
      vertex 63.853 66.05 1.4
    endloop
  endfacet
  facet normal -0.659165 -0.751998 0
    outer loop
      vertex 5.94645 65.9464 1.4
      vertex 5.99562 65.9033 3
      vertex 5.94645 65.9464 3
    endloop
  endfacet
  facet normal -0.659165 -0.751998 -0
    outer loop
      vertex 5.99562 65.9033 3
      vertex 5.94645 65.9464 1.4
      vertex 5.99562 65.9033 1.4
    endloop
  endfacet
  facet normal 0.897161 0.441703 0
    outer loop
      vertex 63.8819 98.8913 3
      vertex 63.853 98.95 1.4
      vertex 63.853 98.95 3
    endloop
  endfacet
  facet normal 0.897161 0.441703 0
    outer loop
      vertex 63.853 98.95 1.4
      vertex 63.8819 98.8913 3
      vertex 63.8819 98.8913 1.4
    endloop
  endfacet
  facet normal 0.441703 -0.897161 0
    outer loop
      vertex 63.6113 65.8381 1.4
      vertex 63.67 65.867 3
      vertex 63.6113 65.8381 3
    endloop
  endfacet
  facet normal 0.441703 -0.897161 0
    outer loop
      vertex 63.67 65.867 3
      vertex 63.6113 65.8381 1.4
      vertex 63.67 65.867 1.4
    endloop
  endfacet
  facet normal -0.322503 -0.946569 0
    outer loop
      vertex 6.10866 65.8381 1.4
      vertex 6.17059 65.817 3
      vertex 6.10866 65.8381 3
    endloop
  endfacet
  facet normal -0.322503 -0.946569 -0
    outer loop
      vertex 6.17059 65.817 3
      vertex 6.10866 65.8381 1.4
      vertex 6.17059 65.817 1.4
    endloop
  endfacet
  facet normal 0.997839 0.0657076 0
    outer loop
      vertex 63.92 98.7 3
      vertex 63.9157 98.7653 1.4
      vertex 63.9157 98.7653 3
    endloop
  endfacet
  facet normal 0.997839 0.0657076 0
    outer loop
      vertex 63.9157 98.7653 1.4
      vertex 63.92 98.7 3
      vertex 63.92 98.7 1.4
    endloop
  endfacet
  facet normal 0.555053 0.831815 -0
    outer loop
      vertex 63.7244 99.0967 1.4
      vertex 63.67 99.133 3
      vertex 63.7244 99.0967 3
    endloop
  endfacet
  facet normal 0.555053 0.831815 0
    outer loop
      vertex 63.67 99.133 3
      vertex 63.7244 99.0967 1.4
      vertex 63.67 99.133 1.4
    endloop
  endfacet
  facet normal -0.0657477 -0.997836 0
    outer loop
      vertex 6.23474 65.8043 1.4
      vertex 6.3 65.8 3
      vertex 6.23474 65.8043 3
    endloop
  endfacet
  facet normal -0.0657477 -0.997836 -0
    outer loop
      vertex 6.3 65.8 3
      vertex 6.23474 65.8043 1.4
      vertex 6.3 65.8 1.4
    endloop
  endfacet
  facet normal -0.980819 -0.194922 0
    outer loop
      vertex 11.0863 69.7088 0
      vertex 11.0455 69.9141 1.5
      vertex 11.0455 69.9141 0
    endloop
  endfacet
  facet normal -0.980819 -0.194922 0
    outer loop
      vertex 11.0455 69.9141 1.5
      vertex 11.0863 69.7088 0
      vertex 11.0863 69.7088 1.5
    endloop
  endfacet
  facet normal -0.997854 -0.0654722 0
    outer loop
      vertex 11.1 69.5 0
      vertex 11.0863 69.7088 1.5
      vertex 11.0863 69.7088 0
    endloop
  endfacet
  facet normal -0.997854 -0.0654722 0
    outer loop
      vertex 11.0863 69.7088 1.5
      vertex 11.1 69.5 0
      vertex 11.1 69.5 1.5
    endloop
  endfacet
  facet normal -0.946901 -0.321526 0
    outer loop
      vertex 11.0455 69.9141 0
      vertex 10.9782 70.1123 1.5
      vertex 10.9782 70.1123 0
    endloop
  endfacet
  facet normal -0.946901 -0.321526 0
    outer loop
      vertex 10.9782 70.1123 1.5
      vertex 11.0455 69.9141 0
      vertex 11.0455 69.9141 1.5
    endloop
  endfacet
  facet normal -0.831609 -0.555362 0
    outer loop
      vertex 10.8856 70.3 0
      vertex 10.7694 70.474 1.5
      vertex 10.7694 70.474 0
    endloop
  endfacet
  facet normal -0.831609 -0.555362 0
    outer loop
      vertex 10.7694 70.474 1.5
      vertex 10.8856 70.3 0
      vertex 10.8856 70.3 1.5
    endloop
  endfacet
  facet normal 0.946944 0.321397 0
    outer loop
      vertex 8.02179 68.8877 1.5
      vertex 7.95452 69.0859 0
      vertex 7.95452 69.0859 1.5
    endloop
  endfacet
  facet normal 0.946944 0.321397 0
    outer loop
      vertex 7.95452 69.0859 0
      vertex 8.02179 68.8877 1.5
      vertex 8.02179 68.8877 0
    endloop
  endfacet
  facet normal -0.555362 -0.831609 0
    outer loop
      vertex 10.3 70.8856 0
      vertex 10.474 70.7694 1.5
      vertex 10.3 70.8856 1.5
    endloop
  endfacet
  facet normal -0.555362 -0.831609 -0
    outer loop
      vertex 10.474 70.7694 1.5
      vertex 10.3 70.8856 0
      vertex 10.474 70.7694 0
    endloop
  endfacet
  facet normal -0.980819 0.194922 0
    outer loop
      vertex 11.0455 69.0859 0
      vertex 11.0863 69.2912 1.5
      vertex 11.0863 69.2912 0
    endloop
  endfacet
  facet normal -0.980819 0.194922 0
    outer loop
      vertex 11.0863 69.2912 1.5
      vertex 11.0455 69.0859 0
      vertex 11.0455 69.0859 1.5
    endloop
  endfacet
  facet normal 0.555318 -0.831638 0
    outer loop
      vertex 8.52598 70.7694 0
      vertex 8.7 70.8856 1.5
      vertex 8.52598 70.7694 1.5
    endloop
  endfacet
  facet normal 0.555318 -0.831638 0
    outer loop
      vertex 8.7 70.8856 1.5
      vertex 8.52598 70.7694 0
      vertex 8.7 70.8856 0
    endloop
  endfacet
  facet normal -0.32154 -0.946896 0
    outer loop
      vertex 9.91411 71.0455 0
      vertex 10.1123 70.9782 1.5
      vertex 9.91411 71.0455 1.5
    endloop
  endfacet
  facet normal -0.32154 -0.946896 -0
    outer loop
      vertex 10.1123 70.9782 1.5
      vertex 9.91411 71.0455 0
      vertex 10.1123 70.9782 0
    endloop
  endfacet
  facet normal -0.946901 0.321526 0
    outer loop
      vertex 10.9782 68.8877 0
      vertex 11.0455 69.0859 1.5
      vertex 11.0455 69.0859 0
    endloop
  endfacet
  facet normal -0.946901 0.321526 0
    outer loop
      vertex 11.0455 69.0859 1.5
      vertex 10.9782 68.8877 0
      vertex 10.9782 68.8877 1.5
    endloop
  endfacet
  facet normal -0.442429 0.896803 0
    outer loop
      vertex 10.3 68.1144 0
      vertex 10.1123 68.0218 1.5
      vertex 10.3 68.1144 1.5
    endloop
  endfacet
  facet normal -0.442429 0.896803 0
    outer loop
      vertex 10.1123 68.0218 1.5
      vertex 10.3 68.1144 0
      vertex 10.1123 68.0218 0
    endloop
  endfacet
  facet normal 0.659367 -0.751821 0
    outer loop
      vertex 8.36863 70.6314 0
      vertex 8.52598 70.7694 1.5
      vertex 8.36863 70.6314 1.5
    endloop
  endfacet
  facet normal 0.659367 -0.751821 0
    outer loop
      vertex 8.52598 70.7694 1.5
      vertex 8.36863 70.6314 0
      vertex 8.52598 70.7694 0
    endloop
  endfacet
  facet normal -0.896803 -0.442429 0
    outer loop
      vertex 10.9782 70.1123 0
      vertex 10.8856 70.3 1.5
      vertex 10.8856 70.3 0
    endloop
  endfacet
  facet normal -0.896803 -0.442429 0
    outer loop
      vertex 10.8856 70.3 1.5
      vertex 10.9782 70.1123 0
      vertex 10.9782 70.1123 1.5
    endloop
  endfacet
  facet normal 0.194949 -0.980813 0
    outer loop
      vertex 9.08589 71.0455 0
      vertex 9.29116 71.0863 1.5
      vertex 9.08589 71.0455 1.5
    endloop
  endfacet
  facet normal 0.194949 -0.980813 0
    outer loop
      vertex 9.29116 71.0863 1.5
      vertex 9.08589 71.0455 0
      vertex 9.29116 71.0863 0
    endloop
  endfacet
  facet normal -0.831609 0.555362 0
    outer loop
      vertex 10.7694 68.526 0
      vertex 10.8856 68.7 1.5
      vertex 10.8856 68.7 0
    endloop
  endfacet
  facet normal -0.831609 0.555362 0
    outer loop
      vertex 10.8856 68.7 1.5
      vertex 10.7694 68.526 0
      vertex 10.7694 68.526 1.5
    endloop
  endfacet
  facet normal -0.0654598 0.997855 0
    outer loop
      vertex 9.70884 67.9137 0
      vertex 9.5 67.9 1.5
      vertex 9.70884 67.9137 1.5
    endloop
  endfacet
  facet normal -0.0654598 0.997855 0
    outer loop
      vertex 9.5 67.9 1.5
      vertex 9.70884 67.9137 0
      vertex 9.5 67.9 0
    endloop
  endfacet
  facet normal 0.89686 0.442314 0
    outer loop
      vertex 8.11436 68.7 1.5
      vertex 8.02179 68.8877 0
      vertex 8.02179 68.8877 1.5
    endloop
  endfacet
  facet normal 0.89686 0.442314 0
    outer loop
      vertex 8.02179 68.8877 0
      vertex 8.11436 68.7 1.5
      vertex 8.11436 68.7 0
    endloop
  endfacet
  facet normal -0.442429 -0.896803 0
    outer loop
      vertex 10.1123 70.9782 0
      vertex 10.3 70.8856 1.5
      vertex 10.1123 70.9782 1.5
    endloop
  endfacet
  facet normal -0.442429 -0.896803 -0
    outer loop
      vertex 10.3 70.8856 1.5
      vertex 10.1123 70.9782 0
      vertex 10.3 70.8856 0
    endloop
  endfacet
  facet normal 0.321555 0.946891 -0
    outer loop
      vertex 9.08589 67.9545 0
      vertex 8.88771 68.0218 1.5
      vertex 9.08589 67.9545 1.5
    endloop
  endfacet
  facet normal 0.321555 0.946891 0
    outer loop
      vertex 8.88771 68.0218 1.5
      vertex 9.08589 67.9545 0
      vertex 8.88771 68.0218 0
    endloop
  endfacet
  facet normal 0.44241 -0.896813 0
    outer loop
      vertex 8.7 70.8856 0
      vertex 8.88771 70.9782 1.5
      vertex 8.7 70.8856 1.5
    endloop
  endfacet
  facet normal 0.44241 -0.896813 0
    outer loop
      vertex 8.88771 70.9782 1.5
      vertex 8.7 70.8856 0
      vertex 8.88771 70.9782 0
    endloop
  endfacet
  facet normal 0.44241 0.896813 -0
    outer loop
      vertex 8.88771 68.0218 0
      vertex 8.7 68.1144 1.5
      vertex 8.88771 68.0218 1.5
    endloop
  endfacet
  facet normal 0.44241 0.896813 0
    outer loop
      vertex 8.7 68.1144 1.5
      vertex 8.88771 68.0218 0
      vertex 8.7 68.1144 0
    endloop
  endfacet
  facet normal 0.980791 0.195059 0
    outer loop
      vertex 7.95452 69.0859 1.5
      vertex 7.91369 69.2912 0
      vertex 7.91369 69.2912 1.5
    endloop
  endfacet
  facet normal 0.980791 0.195059 0
    outer loop
      vertex 7.91369 69.2912 0
      vertex 7.95452 69.0859 1.5
      vertex 7.95452 69.0859 0
    endloop
  endfacet
  facet normal 0.555318 0.831638 -0
    outer loop
      vertex 8.7 68.1144 0
      vertex 8.52598 68.2306 1.5
      vertex 8.7 68.1144 1.5
    endloop
  endfacet
  facet normal 0.555318 0.831638 0
    outer loop
      vertex 8.52598 68.2306 1.5
      vertex 8.7 68.1144 0
      vertex 8.52598 68.2306 0
    endloop
  endfacet
  facet normal -0.194949 -0.980813 0
    outer loop
      vertex 9.70884 71.0863 0
      vertex 9.91411 71.0455 1.5
      vertex 9.70884 71.0863 1.5
    endloop
  endfacet
  facet normal -0.194949 -0.980813 -0
    outer loop
      vertex 9.91411 71.0455 1.5
      vertex 9.70884 71.0863 0
      vertex 9.91411 71.0455 0
    endloop
  endfacet
  facet normal -0.194949 0.980813 0
    outer loop
      vertex 9.91411 67.9545 0
      vertex 9.70884 67.9137 1.5
      vertex 9.91411 67.9545 1.5
    endloop
  endfacet
  facet normal -0.194949 0.980813 0
    outer loop
      vertex 9.70884 67.9137 1.5
      vertex 9.91411 67.9545 0
      vertex 9.70884 67.9137 0
    endloop
  endfacet
  facet normal 0.751925 0.659248 0
    outer loop
      vertex 8.36863 68.3686 1.5
      vertex 8.23063 68.526 0
      vertex 8.23063 68.526 1.5
    endloop
  endfacet
  facet normal 0.751925 0.659248 0
    outer loop
      vertex 8.23063 68.526 0
      vertex 8.36863 68.3686 1.5
      vertex 8.36863 68.3686 0
    endloop
  endfacet
  facet normal 0.751925 -0.659248 0
    outer loop
      vertex 8.23063 70.474 1.5
      vertex 8.36863 70.6314 0
      vertex 8.36863 70.6314 1.5
    endloop
  endfacet
  facet normal 0.751925 -0.659248 0
    outer loop
      vertex 8.36863 70.6314 0
      vertex 8.23063 70.474 1.5
      vertex 8.23063 70.474 0
    endloop
  endfacet
  facet normal -0.997854 0.0654722 0
    outer loop
      vertex 11.0863 69.2912 0
      vertex 11.1 69.5 1.5
      vertex 11.1 69.5 0
    endloop
  endfacet
  facet normal -0.997854 0.0654722 0
    outer loop
      vertex 11.1 69.5 1.5
      vertex 11.0863 69.2912 0
      vertex 11.0863 69.2912 1.5
    endloop
  endfacet
  facet normal 0.831454 -0.555593 0
    outer loop
      vertex 8.11436 70.3 1.5
      vertex 8.23063 70.474 0
      vertex 8.23063 70.474 1.5
    endloop
  endfacet
  facet normal 0.831454 -0.555593 0
    outer loop
      vertex 8.23063 70.474 0
      vertex 8.11436 70.3 1.5
      vertex 8.11436 70.3 0
    endloop
  endfacet
  facet normal 0.659367 0.751821 -0
    outer loop
      vertex 8.52598 68.2306 0
      vertex 8.36863 68.3686 1.5
      vertex 8.52598 68.2306 1.5
    endloop
  endfacet
  facet normal 0.659367 0.751821 0
    outer loop
      vertex 8.36863 68.3686 1.5
      vertex 8.52598 68.2306 0
      vertex 8.36863 68.3686 0
    endloop
  endfacet
  facet normal 0.997858 0.0654247 0
    outer loop
      vertex 7.91369 69.2912 1.5
      vertex 7.9 69.5 0
      vertex 7.9 69.5 1.5
    endloop
  endfacet
  facet normal 0.997858 0.0654247 0
    outer loop
      vertex 7.9 69.5 0
      vertex 7.91369 69.2912 1.5
      vertex 7.91369 69.2912 0
    endloop
  endfacet
  facet normal -0.659248 0.751925 0
    outer loop
      vertex 10.6314 68.3686 0
      vertex 10.474 68.2306 1.5
      vertex 10.6314 68.3686 1.5
    endloop
  endfacet
  facet normal -0.659248 0.751925 0
    outer loop
      vertex 10.474 68.2306 1.5
      vertex 10.6314 68.3686 0
      vertex 10.474 68.2306 0
    endloop
  endfacet
  facet normal -0.32154 0.946896 0
    outer loop
      vertex 10.1123 68.0218 0
      vertex 9.91411 67.9545 1.5
      vertex 10.1123 68.0218 1.5
    endloop
  endfacet
  facet normal -0.32154 0.946896 0
    outer loop
      vertex 9.91411 67.9545 1.5
      vertex 10.1123 68.0218 0
      vertex 9.91411 67.9545 0
    endloop
  endfacet
  facet normal -0.555362 0.831609 0
    outer loop
      vertex 10.474 68.2306 0
      vertex 10.3 68.1144 1.5
      vertex 10.474 68.2306 1.5
    endloop
  endfacet
  facet normal -0.555362 0.831609 0
    outer loop
      vertex 10.3 68.1144 1.5
      vertex 10.474 68.2306 0
      vertex 10.3 68.1144 0
    endloop
  endfacet
  facet normal -0.751925 0.659248 0
    outer loop
      vertex 10.6314 68.3686 0
      vertex 10.7694 68.526 1.5
      vertex 10.7694 68.526 0
    endloop
  endfacet
  facet normal -0.751925 0.659248 0
    outer loop
      vertex 10.7694 68.526 1.5
      vertex 10.6314 68.3686 0
      vertex 10.6314 68.3686 1.5
    endloop
  endfacet
  facet normal 0.831454 0.555593 0
    outer loop
      vertex 8.23063 68.526 1.5
      vertex 8.11436 68.7 0
      vertex 8.11436 68.7 1.5
    endloop
  endfacet
  facet normal 0.831454 0.555593 0
    outer loop
      vertex 8.11436 68.7 0
      vertex 8.23063 68.526 1.5
      vertex 8.23063 68.526 0
    endloop
  endfacet
  facet normal 0.0654598 0.997855 -0
    outer loop
      vertex 9.5 67.9 0
      vertex 9.29116 67.9137 1.5
      vertex 9.5 67.9 1.5
    endloop
  endfacet
  facet normal 0.0654598 0.997855 0
    outer loop
      vertex 9.29116 67.9137 1.5
      vertex 9.5 67.9 0
      vertex 9.29116 67.9137 0
    endloop
  endfacet
  facet normal -0.896803 0.442429 0
    outer loop
      vertex 10.8856 68.7 0
      vertex 10.9782 68.8877 1.5
      vertex 10.9782 68.8877 0
    endloop
  endfacet
  facet normal -0.896803 0.442429 0
    outer loop
      vertex 10.9782 68.8877 1.5
      vertex 10.8856 68.7 0
      vertex 10.8856 68.7 1.5
    endloop
  endfacet
  facet normal 0.0654598 -0.997855 0
    outer loop
      vertex 9.29116 71.0863 0
      vertex 9.5 71.1 1.5
      vertex 9.29116 71.0863 1.5
    endloop
  endfacet
  facet normal 0.0654598 -0.997855 0
    outer loop
      vertex 9.5 71.1 1.5
      vertex 9.29116 71.0863 0
      vertex 9.5 71.1 0
    endloop
  endfacet
  facet normal 0.980791 -0.195059 0
    outer loop
      vertex 7.91369 69.7088 1.5
      vertex 7.95452 69.9141 0
      vertex 7.95452 69.9141 1.5
    endloop
  endfacet
  facet normal 0.980791 -0.195059 0
    outer loop
      vertex 7.95452 69.9141 0
      vertex 7.91369 69.7088 1.5
      vertex 7.91369 69.7088 0
    endloop
  endfacet
  facet normal 0.321555 -0.946891 0
    outer loop
      vertex 8.88771 70.9782 0
      vertex 9.08589 71.0455 1.5
      vertex 8.88771 70.9782 1.5
    endloop
  endfacet
  facet normal 0.321555 -0.946891 0
    outer loop
      vertex 9.08589 71.0455 1.5
      vertex 8.88771 70.9782 0
      vertex 9.08589 71.0455 0
    endloop
  endfacet
  facet normal -0.659248 -0.751925 0
    outer loop
      vertex 10.474 70.7694 0
      vertex 10.6314 70.6314 1.5
      vertex 10.474 70.7694 1.5
    endloop
  endfacet
  facet normal -0.659248 -0.751925 -0
    outer loop
      vertex 10.6314 70.6314 1.5
      vertex 10.474 70.7694 0
      vertex 10.6314 70.6314 0
    endloop
  endfacet
  facet normal -0.0654598 -0.997855 0
    outer loop
      vertex 9.5 71.1 0
      vertex 9.70884 71.0863 1.5
      vertex 9.5 71.1 1.5
    endloop
  endfacet
  facet normal -0.0654598 -0.997855 -0
    outer loop
      vertex 9.70884 71.0863 1.5
      vertex 9.5 71.1 0
      vertex 9.70884 71.0863 0
    endloop
  endfacet
  facet normal 0.89686 -0.442314 0
    outer loop
      vertex 8.02179 70.1123 1.5
      vertex 8.11436 70.3 0
      vertex 8.11436 70.3 1.5
    endloop
  endfacet
  facet normal 0.89686 -0.442314 0
    outer loop
      vertex 8.11436 70.3 0
      vertex 8.02179 70.1123 1.5
      vertex 8.02179 70.1123 0
    endloop
  endfacet
  facet normal 0.194949 0.980813 -0
    outer loop
      vertex 9.29116 67.9137 0
      vertex 9.08589 67.9545 1.5
      vertex 9.29116 67.9137 1.5
    endloop
  endfacet
  facet normal 0.194949 0.980813 0
    outer loop
      vertex 9.08589 67.9545 1.5
      vertex 9.29116 67.9137 0
      vertex 9.08589 67.9545 0
    endloop
  endfacet
  facet normal -0.751925 -0.659248 0
    outer loop
      vertex 10.7694 70.474 0
      vertex 10.6314 70.6314 1.5
      vertex 10.6314 70.6314 0
    endloop
  endfacet
  facet normal -0.751925 -0.659248 0
    outer loop
      vertex 10.6314 70.6314 1.5
      vertex 10.7694 70.474 0
      vertex 10.7694 70.474 1.5
    endloop
  endfacet
  facet normal 0.946944 -0.321397 0
    outer loop
      vertex 7.95452 69.9141 1.5
      vertex 8.02179 70.1123 0
      vertex 8.02179 70.1123 1.5
    endloop
  endfacet
  facet normal 0.946944 -0.321397 0
    outer loop
      vertex 8.02179 70.1123 0
      vertex 7.95452 69.9141 1.5
      vertex 7.95452 69.9141 0
    endloop
  endfacet
  facet normal 0.997858 -0.0654247 0
    outer loop
      vertex 7.9 69.5 1.5
      vertex 7.91369 69.7088 0
      vertex 7.91369 69.7088 1.5
    endloop
  endfacet
  facet normal 0.997858 -0.0654247 0
    outer loop
      vertex 7.91369 69.7088 0
      vertex 7.9 69.5 1.5
      vertex 7.9 69.5 0
    endloop
  endfacet
  facet normal -0.980819 -0.194922 0
    outer loop
      vertex 11.0863 95.7088 0
      vertex 11.0455 95.9141 1.5
      vertex 11.0455 95.9141 0
    endloop
  endfacet
  facet normal -0.980819 -0.194922 0
    outer loop
      vertex 11.0455 95.9141 1.5
      vertex 11.0863 95.7088 0
      vertex 11.0863 95.7088 1.5
    endloop
  endfacet
  facet normal -0.997854 -0.0654722 0
    outer loop
      vertex 11.1 95.5 0
      vertex 11.0863 95.7088 1.5
      vertex 11.0863 95.7088 0
    endloop
  endfacet
  facet normal -0.997854 -0.0654722 0
    outer loop
      vertex 11.0863 95.7088 1.5
      vertex 11.1 95.5 0
      vertex 11.1 95.5 1.5
    endloop
  endfacet
  facet normal -0.946901 -0.321526 0
    outer loop
      vertex 11.0455 95.9141 0
      vertex 10.9782 96.1123 1.5
      vertex 10.9782 96.1123 0
    endloop
  endfacet
  facet normal -0.946901 -0.321526 0
    outer loop
      vertex 10.9782 96.1123 1.5
      vertex 11.0455 95.9141 0
      vertex 11.0455 95.9141 1.5
    endloop
  endfacet
  facet normal -0.831609 -0.555362 0
    outer loop
      vertex 10.8856 96.3 0
      vertex 10.7694 96.474 1.5
      vertex 10.7694 96.474 0
    endloop
  endfacet
  facet normal -0.831609 -0.555362 0
    outer loop
      vertex 10.7694 96.474 1.5
      vertex 10.8856 96.3 0
      vertex 10.8856 96.3 1.5
    endloop
  endfacet
  facet normal 0.946944 0.321397 0
    outer loop
      vertex 8.02179 94.8877 1.5
      vertex 7.95452 95.0859 0
      vertex 7.95452 95.0859 1.5
    endloop
  endfacet
  facet normal 0.946944 0.321397 0
    outer loop
      vertex 7.95452 95.0859 0
      vertex 8.02179 94.8877 1.5
      vertex 8.02179 94.8877 0
    endloop
  endfacet
  facet normal -0.555362 -0.831609 0
    outer loop
      vertex 10.3 96.8856 0
      vertex 10.474 96.7694 1.5
      vertex 10.3 96.8856 1.5
    endloop
  endfacet
  facet normal -0.555362 -0.831609 -0
    outer loop
      vertex 10.474 96.7694 1.5
      vertex 10.3 96.8856 0
      vertex 10.474 96.7694 0
    endloop
  endfacet
  facet normal -0.980819 0.194922 0
    outer loop
      vertex 11.0455 95.0859 0
      vertex 11.0863 95.2912 1.5
      vertex 11.0863 95.2912 0
    endloop
  endfacet
  facet normal -0.980819 0.194922 0
    outer loop
      vertex 11.0863 95.2912 1.5
      vertex 11.0455 95.0859 0
      vertex 11.0455 95.0859 1.5
    endloop
  endfacet
  facet normal 0.555318 -0.831638 0
    outer loop
      vertex 8.52598 96.7694 0
      vertex 8.7 96.8856 1.5
      vertex 8.52598 96.7694 1.5
    endloop
  endfacet
  facet normal 0.555318 -0.831638 0
    outer loop
      vertex 8.7 96.8856 1.5
      vertex 8.52598 96.7694 0
      vertex 8.7 96.8856 0
    endloop
  endfacet
  facet normal -0.32154 -0.946896 0
    outer loop
      vertex 9.91411 97.0455 0
      vertex 10.1123 96.9782 1.5
      vertex 9.91411 97.0455 1.5
    endloop
  endfacet
  facet normal -0.32154 -0.946896 -0
    outer loop
      vertex 10.1123 96.9782 1.5
      vertex 9.91411 97.0455 0
      vertex 10.1123 96.9782 0
    endloop
  endfacet
  facet normal -0.946901 0.321526 0
    outer loop
      vertex 10.9782 94.8877 0
      vertex 11.0455 95.0859 1.5
      vertex 11.0455 95.0859 0
    endloop
  endfacet
  facet normal -0.946901 0.321526 0
    outer loop
      vertex 11.0455 95.0859 1.5
      vertex 10.9782 94.8877 0
      vertex 10.9782 94.8877 1.5
    endloop
  endfacet
  facet normal -0.442429 0.896803 0
    outer loop
      vertex 10.3 94.1144 0
      vertex 10.1123 94.0218 1.5
      vertex 10.3 94.1144 1.5
    endloop
  endfacet
  facet normal -0.442429 0.896803 0
    outer loop
      vertex 10.1123 94.0218 1.5
      vertex 10.3 94.1144 0
      vertex 10.1123 94.0218 0
    endloop
  endfacet
  facet normal 0.659367 -0.751821 0
    outer loop
      vertex 8.36863 96.6314 0
      vertex 8.52598 96.7694 1.5
      vertex 8.36863 96.6314 1.5
    endloop
  endfacet
  facet normal 0.659367 -0.751821 0
    outer loop
      vertex 8.52598 96.7694 1.5
      vertex 8.36863 96.6314 0
      vertex 8.52598 96.7694 0
    endloop
  endfacet
  facet normal -0.896803 -0.442429 0
    outer loop
      vertex 10.9782 96.1123 0
      vertex 10.8856 96.3 1.5
      vertex 10.8856 96.3 0
    endloop
  endfacet
  facet normal -0.896803 -0.442429 0
    outer loop
      vertex 10.8856 96.3 1.5
      vertex 10.9782 96.1123 0
      vertex 10.9782 96.1123 1.5
    endloop
  endfacet
  facet normal 0.194949 -0.980813 0
    outer loop
      vertex 9.08589 97.0455 0
      vertex 9.29116 97.0863 1.5
      vertex 9.08589 97.0455 1.5
    endloop
  endfacet
  facet normal 0.194949 -0.980813 0
    outer loop
      vertex 9.29116 97.0863 1.5
      vertex 9.08589 97.0455 0
      vertex 9.29116 97.0863 0
    endloop
  endfacet
  facet normal -0.831609 0.555362 0
    outer loop
      vertex 10.7694 94.526 0
      vertex 10.8856 94.7 1.5
      vertex 10.8856 94.7 0
    endloop
  endfacet
  facet normal -0.831609 0.555362 0
    outer loop
      vertex 10.8856 94.7 1.5
      vertex 10.7694 94.526 0
      vertex 10.7694 94.526 1.5
    endloop
  endfacet
  facet normal -0.0654598 0.997855 0
    outer loop
      vertex 9.70884 93.9137 0
      vertex 9.5 93.9 1.5
      vertex 9.70884 93.9137 1.5
    endloop
  endfacet
  facet normal -0.0654598 0.997855 0
    outer loop
      vertex 9.5 93.9 1.5
      vertex 9.70884 93.9137 0
      vertex 9.5 93.9 0
    endloop
  endfacet
  facet normal 0.89686 0.442314 0
    outer loop
      vertex 8.11436 94.7 1.5
      vertex 8.02179 94.8877 0
      vertex 8.02179 94.8877 1.5
    endloop
  endfacet
  facet normal 0.89686 0.442314 0
    outer loop
      vertex 8.02179 94.8877 0
      vertex 8.11436 94.7 1.5
      vertex 8.11436 94.7 0
    endloop
  endfacet
  facet normal -0.442429 -0.896803 0
    outer loop
      vertex 10.1123 96.9782 0
      vertex 10.3 96.8856 1.5
      vertex 10.1123 96.9782 1.5
    endloop
  endfacet
  facet normal -0.442429 -0.896803 -0
    outer loop
      vertex 10.3 96.8856 1.5
      vertex 10.1123 96.9782 0
      vertex 10.3 96.8856 0
    endloop
  endfacet
  facet normal 0.321555 0.946891 -0
    outer loop
      vertex 9.08589 93.9545 0
      vertex 8.88771 94.0218 1.5
      vertex 9.08589 93.9545 1.5
    endloop
  endfacet
  facet normal 0.321555 0.946891 0
    outer loop
      vertex 8.88771 94.0218 1.5
      vertex 9.08589 93.9545 0
      vertex 8.88771 94.0218 0
    endloop
  endfacet
  facet normal 0.44241 -0.896813 0
    outer loop
      vertex 8.7 96.8856 0
      vertex 8.88771 96.9782 1.5
      vertex 8.7 96.8856 1.5
    endloop
  endfacet
  facet normal 0.44241 -0.896813 0
    outer loop
      vertex 8.88771 96.9782 1.5
      vertex 8.7 96.8856 0
      vertex 8.88771 96.9782 0
    endloop
  endfacet
  facet normal 0.44241 0.896813 -0
    outer loop
      vertex 8.88771 94.0218 0
      vertex 8.7 94.1144 1.5
      vertex 8.88771 94.0218 1.5
    endloop
  endfacet
  facet normal 0.44241 0.896813 0
    outer loop
      vertex 8.7 94.1144 1.5
      vertex 8.88771 94.0218 0
      vertex 8.7 94.1144 0
    endloop
  endfacet
  facet normal 0.980791 0.195059 0
    outer loop
      vertex 7.95452 95.0859 1.5
      vertex 7.91369 95.2912 0
      vertex 7.91369 95.2912 1.5
    endloop
  endfacet
  facet normal 0.980791 0.195059 0
    outer loop
      vertex 7.91369 95.2912 0
      vertex 7.95452 95.0859 1.5
      vertex 7.95452 95.0859 0
    endloop
  endfacet
  facet normal 0.555318 0.831638 -0
    outer loop
      vertex 8.7 94.1144 0
      vertex 8.52598 94.2306 1.5
      vertex 8.7 94.1144 1.5
    endloop
  endfacet
  facet normal 0.555318 0.831638 0
    outer loop
      vertex 8.52598 94.2306 1.5
      vertex 8.7 94.1144 0
      vertex 8.52598 94.2306 0
    endloop
  endfacet
  facet normal -0.194949 -0.980813 0
    outer loop
      vertex 9.70884 97.0863 0
      vertex 9.91411 97.0455 1.5
      vertex 9.70884 97.0863 1.5
    endloop
  endfacet
  facet normal -0.194949 -0.980813 -0
    outer loop
      vertex 9.91411 97.0455 1.5
      vertex 9.70884 97.0863 0
      vertex 9.91411 97.0455 0
    endloop
  endfacet
  facet normal -0.194949 0.980813 0
    outer loop
      vertex 9.91411 93.9545 0
      vertex 9.70884 93.9137 1.5
      vertex 9.91411 93.9545 1.5
    endloop
  endfacet
  facet normal -0.194949 0.980813 0
    outer loop
      vertex 9.70884 93.9137 1.5
      vertex 9.91411 93.9545 0
      vertex 9.70884 93.9137 0
    endloop
  endfacet
  facet normal 0.751925 0.659248 0
    outer loop
      vertex 8.36863 94.3686 1.5
      vertex 8.23063 94.526 0
      vertex 8.23063 94.526 1.5
    endloop
  endfacet
  facet normal 0.751925 0.659248 0
    outer loop
      vertex 8.23063 94.526 0
      vertex 8.36863 94.3686 1.5
      vertex 8.36863 94.3686 0
    endloop
  endfacet
  facet normal 0.751925 -0.659248 0
    outer loop
      vertex 8.23063 96.474 1.5
      vertex 8.36863 96.6314 0
      vertex 8.36863 96.6314 1.5
    endloop
  endfacet
  facet normal 0.751925 -0.659248 0
    outer loop
      vertex 8.36863 96.6314 0
      vertex 8.23063 96.474 1.5
      vertex 8.23063 96.474 0
    endloop
  endfacet
  facet normal -0.997854 0.0654722 0
    outer loop
      vertex 11.0863 95.2912 0
      vertex 11.1 95.5 1.5
      vertex 11.1 95.5 0
    endloop
  endfacet
  facet normal -0.997854 0.0654722 0
    outer loop
      vertex 11.1 95.5 1.5
      vertex 11.0863 95.2912 0
      vertex 11.0863 95.2912 1.5
    endloop
  endfacet
  facet normal 0.831454 -0.555593 0
    outer loop
      vertex 8.11436 96.3 1.5
      vertex 8.23063 96.474 0
      vertex 8.23063 96.474 1.5
    endloop
  endfacet
  facet normal 0.831454 -0.555593 0
    outer loop
      vertex 8.23063 96.474 0
      vertex 8.11436 96.3 1.5
      vertex 8.11436 96.3 0
    endloop
  endfacet
  facet normal 0.997858 0.0654247 0
    outer loop
      vertex 7.91369 95.2912 1.5
      vertex 7.9 95.5 0
      vertex 7.9 95.5 1.5
    endloop
  endfacet
  facet normal 0.997858 0.0654247 0
    outer loop
      vertex 7.9 95.5 0
      vertex 7.91369 95.2912 1.5
      vertex 7.91369 95.2912 0
    endloop
  endfacet
  facet normal -0.659248 0.751925 0
    outer loop
      vertex 10.6314 94.3686 0
      vertex 10.474 94.2306 1.5
      vertex 10.6314 94.3686 1.5
    endloop
  endfacet
  facet normal -0.659248 0.751925 0
    outer loop
      vertex 10.474 94.2306 1.5
      vertex 10.6314 94.3686 0
      vertex 10.474 94.2306 0
    endloop
  endfacet
  facet normal -0.32154 0.946896 0
    outer loop
      vertex 10.1123 94.0218 0
      vertex 9.91411 93.9545 1.5
      vertex 10.1123 94.0218 1.5
    endloop
  endfacet
  facet normal -0.32154 0.946896 0
    outer loop
      vertex 9.91411 93.9545 1.5
      vertex 10.1123 94.0218 0
      vertex 9.91411 93.9545 0
    endloop
  endfacet
  facet normal -0.555362 0.831609 0
    outer loop
      vertex 10.474 94.2306 0
      vertex 10.3 94.1144 1.5
      vertex 10.474 94.2306 1.5
    endloop
  endfacet
  facet normal -0.555362 0.831609 0
    outer loop
      vertex 10.3 94.1144 1.5
      vertex 10.474 94.2306 0
      vertex 10.3 94.1144 0
    endloop
  endfacet
  facet normal -0.751925 0.659248 0
    outer loop
      vertex 10.6314 94.3686 0
      vertex 10.7694 94.526 1.5
      vertex 10.7694 94.526 0
    endloop
  endfacet
  facet normal -0.751925 0.659248 0
    outer loop
      vertex 10.7694 94.526 1.5
      vertex 10.6314 94.3686 0
      vertex 10.6314 94.3686 1.5
    endloop
  endfacet
  facet normal 0.831454 0.555593 0
    outer loop
      vertex 8.23063 94.526 1.5
      vertex 8.11436 94.7 0
      vertex 8.11436 94.7 1.5
    endloop
  endfacet
  facet normal 0.831454 0.555593 0
    outer loop
      vertex 8.11436 94.7 0
      vertex 8.23063 94.526 1.5
      vertex 8.23063 94.526 0
    endloop
  endfacet
  facet normal 0.0654598 0.997855 -0
    outer loop
      vertex 9.5 93.9 0
      vertex 9.29116 93.9137 1.5
      vertex 9.5 93.9 1.5
    endloop
  endfacet
  facet normal 0.0654598 0.997855 0
    outer loop
      vertex 9.29116 93.9137 1.5
      vertex 9.5 93.9 0
      vertex 9.29116 93.9137 0
    endloop
  endfacet
  facet normal -0.896803 0.442429 0
    outer loop
      vertex 10.8856 94.7 0
      vertex 10.9782 94.8877 1.5
      vertex 10.9782 94.8877 0
    endloop
  endfacet
  facet normal -0.896803 0.442429 0
    outer loop
      vertex 10.9782 94.8877 1.5
      vertex 10.8856 94.7 0
      vertex 10.8856 94.7 1.5
    endloop
  endfacet
  facet normal 0.0654598 -0.997855 0
    outer loop
      vertex 9.29116 97.0863 0
      vertex 9.5 97.1 1.5
      vertex 9.29116 97.0863 1.5
    endloop
  endfacet
  facet normal 0.0654598 -0.997855 0
    outer loop
      vertex 9.5 97.1 1.5
      vertex 9.29116 97.0863 0
      vertex 9.5 97.1 0
    endloop
  endfacet
  facet normal 0.980791 -0.195059 0
    outer loop
      vertex 7.91369 95.7088 1.5
      vertex 7.95452 95.9141 0
      vertex 7.95452 95.9141 1.5
    endloop
  endfacet
  facet normal 0.980791 -0.195059 0
    outer loop
      vertex 7.95452 95.9141 0
      vertex 7.91369 95.7088 1.5
      vertex 7.91369 95.7088 0
    endloop
  endfacet
  facet normal 0.321555 -0.946891 0
    outer loop
      vertex 8.88771 96.9782 0
      vertex 9.08589 97.0455 1.5
      vertex 8.88771 96.9782 1.5
    endloop
  endfacet
  facet normal 0.321555 -0.946891 0
    outer loop
      vertex 9.08589 97.0455 1.5
      vertex 8.88771 96.9782 0
      vertex 9.08589 97.0455 0
    endloop
  endfacet
  facet normal -0.659248 -0.751925 0
    outer loop
      vertex 10.474 96.7694 0
      vertex 10.6314 96.6314 1.5
      vertex 10.474 96.7694 1.5
    endloop
  endfacet
  facet normal -0.659248 -0.751925 -0
    outer loop
      vertex 10.6314 96.6314 1.5
      vertex 10.474 96.7694 0
      vertex 10.6314 96.6314 0
    endloop
  endfacet
  facet normal -0.0654598 -0.997855 0
    outer loop
      vertex 9.5 97.1 0
      vertex 9.70884 97.0863 1.5
      vertex 9.5 97.1 1.5
    endloop
  endfacet
  facet normal -0.0654598 -0.997855 -0
    outer loop
      vertex 9.70884 97.0863 1.5
      vertex 9.5 97.1 0
      vertex 9.70884 97.0863 0
    endloop
  endfacet
  facet normal 0.89686 -0.442314 0
    outer loop
      vertex 8.02179 96.1123 1.5
      vertex 8.11436 96.3 0
      vertex 8.11436 96.3 1.5
    endloop
  endfacet
  facet normal 0.89686 -0.442314 0
    outer loop
      vertex 8.11436 96.3 0
      vertex 8.02179 96.1123 1.5
      vertex 8.02179 96.1123 0
    endloop
  endfacet
  facet normal 0.194949 0.980813 -0
    outer loop
      vertex 9.29116 93.9137 0
      vertex 9.08589 93.9545 1.5
      vertex 9.29116 93.9137 1.5
    endloop
  endfacet
  facet normal 0.194949 0.980813 0
    outer loop
      vertex 9.08589 93.9545 1.5
      vertex 9.29116 93.9137 0
      vertex 9.08589 93.9545 0
    endloop
  endfacet
  facet normal -0.751925 -0.659248 0
    outer loop
      vertex 10.7694 96.474 0
      vertex 10.6314 96.6314 1.5
      vertex 10.6314 96.6314 0
    endloop
  endfacet
  facet normal -0.751925 -0.659248 0
    outer loop
      vertex 10.6314 96.6314 1.5
      vertex 10.7694 96.474 0
      vertex 10.7694 96.474 1.5
    endloop
  endfacet
  facet normal 0.659367 0.751821 -0
    outer loop
      vertex 8.52598 94.2306 0
      vertex 8.36863 94.3686 1.5
      vertex 8.52598 94.2306 1.5
    endloop
  endfacet
  facet normal 0.659367 0.751821 0
    outer loop
      vertex 8.36863 94.3686 1.5
      vertex 8.52598 94.2306 0
      vertex 8.36863 94.3686 0
    endloop
  endfacet
  facet normal 0.946944 -0.321397 0
    outer loop
      vertex 7.95452 95.9141 1.5
      vertex 8.02179 96.1123 0
      vertex 8.02179 96.1123 1.5
    endloop
  endfacet
  facet normal 0.946944 -0.321397 0
    outer loop
      vertex 8.02179 96.1123 0
      vertex 7.95452 95.9141 1.5
      vertex 7.95452 95.9141 0
    endloop
  endfacet
  facet normal 0.997858 -0.0654247 0
    outer loop
      vertex 7.9 95.5 1.5
      vertex 7.91369 95.7088 0
      vertex 7.91369 95.7088 1.5
    endloop
  endfacet
  facet normal 0.997858 -0.0654247 0
    outer loop
      vertex 7.91369 95.7088 0
      vertex 7.9 95.5 1.5
      vertex 7.9 95.5 0
    endloop
  endfacet
  facet normal -0.831609 0.555362 0
    outer loop
      vertex 61.4894 68.526 0
      vertex 61.6056 68.7 1.5
      vertex 61.6056 68.7 0
    endloop
  endfacet
  facet normal -0.831609 0.555362 0
    outer loop
      vertex 61.6056 68.7 1.5
      vertex 61.4894 68.526 0
      vertex 61.4894 68.526 1.5
    endloop
  endfacet
  facet normal -0.194922 0.980819 0
    outer loop
      vertex 60.6341 67.9545 0
      vertex 60.4288 67.9137 1.5
      vertex 60.6341 67.9545 1.5
    endloop
  endfacet
  facet normal -0.194922 0.980819 0
    outer loop
      vertex 60.4288 67.9137 1.5
      vertex 60.6341 67.9545 0
      vertex 60.4288 67.9137 0
    endloop
  endfacet
  facet normal -0.980819 -0.194922 0
    outer loop
      vertex 61.8063 69.7088 0
      vertex 61.7655 69.9141 1.5
      vertex 61.7655 69.9141 0
    endloop
  endfacet
  facet normal -0.980819 -0.194922 0
    outer loop
      vertex 61.7655 69.9141 1.5
      vertex 61.8063 69.7088 0
      vertex 61.8063 69.7088 1.5
    endloop
  endfacet
  facet normal -0.997854 -0.0654722 0
    outer loop
      vertex 61.82 69.5 0
      vertex 61.8063 69.7088 1.5
      vertex 61.8063 69.7088 0
    endloop
  endfacet
  facet normal -0.997854 -0.0654722 0
    outer loop
      vertex 61.8063 69.7088 1.5
      vertex 61.82 69.5 0
      vertex 61.82 69.5 1.5
    endloop
  endfacet
  facet normal -0.946901 -0.321526 0
    outer loop
      vertex 61.7655 69.9141 0
      vertex 61.6982 70.1123 1.5
      vertex 61.6982 70.1123 0
    endloop
  endfacet
  facet normal -0.946901 -0.321526 0
    outer loop
      vertex 61.6982 70.1123 1.5
      vertex 61.7655 69.9141 0
      vertex 61.7655 69.9141 1.5
    endloop
  endfacet
  facet normal -0.980819 0.194922 0
    outer loop
      vertex 61.7655 69.0859 0
      vertex 61.8063 69.2912 1.5
      vertex 61.8063 69.2912 0
    endloop
  endfacet
  facet normal -0.980819 0.194922 0
    outer loop
      vertex 61.8063 69.2912 1.5
      vertex 61.7655 69.0859 0
      vertex 61.7655 69.0859 1.5
    endloop
  endfacet
  facet normal -0.659248 0.751925 0
    outer loop
      vertex 61.3514 68.3686 0
      vertex 61.194 68.2306 1.5
      vertex 61.3514 68.3686 1.5
    endloop
  endfacet
  facet normal -0.659248 0.751925 0
    outer loop
      vertex 61.194 68.2306 1.5
      vertex 61.3514 68.3686 0
      vertex 61.194 68.2306 0
    endloop
  endfacet
  facet normal -0.896803 -0.442429 0
    outer loop
      vertex 61.6982 70.1123 0
      vertex 61.6056 70.3 1.5
      vertex 61.6056 70.3 0
    endloop
  endfacet
  facet normal -0.896803 -0.442429 0
    outer loop
      vertex 61.6056 70.3 1.5
      vertex 61.6982 70.1123 0
      vertex 61.6982 70.1123 1.5
    endloop
  endfacet
  facet normal 0.896803 -0.442429 0
    outer loop
      vertex 58.7418 70.1123 1.5
      vertex 58.8344 70.3 0
      vertex 58.8344 70.3 1.5
    endloop
  endfacet
  facet normal 0.896803 -0.442429 0
    outer loop
      vertex 58.8344 70.3 0
      vertex 58.7418 70.1123 1.5
      vertex 58.7418 70.1123 0
    endloop
  endfacet
  facet normal -0.659248 -0.751925 0
    outer loop
      vertex 61.194 70.7694 0
      vertex 61.3514 70.6314 1.5
      vertex 61.194 70.7694 1.5
    endloop
  endfacet
  facet normal -0.659248 -0.751925 -0
    outer loop
      vertex 61.3514 70.6314 1.5
      vertex 61.194 70.7694 0
      vertex 61.3514 70.6314 0
    endloop
  endfacet
  facet normal 0.0654722 0.997854 -0
    outer loop
      vertex 60.22 67.9 0
      vertex 60.0112 67.9137 1.5
      vertex 60.22 67.9 1.5
    endloop
  endfacet
  facet normal 0.0654722 0.997854 0
    outer loop
      vertex 60.0112 67.9137 1.5
      vertex 60.22 67.9 0
      vertex 60.0112 67.9137 0
    endloop
  endfacet
  facet normal 0.442429 0.896803 -0
    outer loop
      vertex 59.6077 68.0218 0
      vertex 59.42 68.1144 1.5
      vertex 59.6077 68.0218 1.5
    endloop
  endfacet
  facet normal 0.442429 0.896803 0
    outer loop
      vertex 59.42 68.1144 1.5
      vertex 59.6077 68.0218 0
      vertex 59.42 68.1144 0
    endloop
  endfacet
  facet normal -0.555362 -0.831609 0
    outer loop
      vertex 61.02 70.8856 0
      vertex 61.194 70.7694 1.5
      vertex 61.02 70.8856 1.5
    endloop
  endfacet
  facet normal -0.555362 -0.831609 -0
    outer loop
      vertex 61.194 70.7694 1.5
      vertex 61.02 70.8856 0
      vertex 61.194 70.7694 0
    endloop
  endfacet
  facet normal -0.321526 0.946901 0
    outer loop
      vertex 60.8323 68.0218 0
      vertex 60.6341 67.9545 1.5
      vertex 60.8323 68.0218 1.5
    endloop
  endfacet
  facet normal -0.321526 0.946901 0
    outer loop
      vertex 60.6341 67.9545 1.5
      vertex 60.8323 68.0218 0
      vertex 60.6341 67.9545 0
    endloop
  endfacet
  facet normal 0.831609 -0.555362 0
    outer loop
      vertex 58.8344 70.3 1.5
      vertex 58.9506 70.474 0
      vertex 58.9506 70.474 1.5
    endloop
  endfacet
  facet normal 0.831609 -0.555362 0
    outer loop
      vertex 58.9506 70.474 0
      vertex 58.8344 70.3 1.5
      vertex 58.8344 70.3 0
    endloop
  endfacet
  facet normal 0.997854 -0.0654722 0
    outer loop
      vertex 58.62 69.5 1.5
      vertex 58.6337 69.7088 0
      vertex 58.6337 69.7088 1.5
    endloop
  endfacet
  facet normal 0.997854 -0.0654722 0
    outer loop
      vertex 58.6337 69.7088 0
      vertex 58.62 69.5 1.5
      vertex 58.62 69.5 0
    endloop
  endfacet
  facet normal 0.555362 -0.831609 0
    outer loop
      vertex 59.246 70.7694 0
      vertex 59.42 70.8856 1.5
      vertex 59.246 70.7694 1.5
    endloop
  endfacet
  facet normal 0.555362 -0.831609 0
    outer loop
      vertex 59.42 70.8856 1.5
      vertex 59.246 70.7694 0
      vertex 59.42 70.8856 0
    endloop
  endfacet
  facet normal -0.896803 0.442429 0
    outer loop
      vertex 61.6056 68.7 0
      vertex 61.6982 68.8877 1.5
      vertex 61.6982 68.8877 0
    endloop
  endfacet
  facet normal -0.896803 0.442429 0
    outer loop
      vertex 61.6982 68.8877 1.5
      vertex 61.6056 68.7 0
      vertex 61.6056 68.7 1.5
    endloop
  endfacet
  facet normal -0.751925 -0.659248 0
    outer loop
      vertex 61.4894 70.474 0
      vertex 61.3514 70.6314 1.5
      vertex 61.3514 70.6314 0
    endloop
  endfacet
  facet normal -0.751925 -0.659248 0
    outer loop
      vertex 61.3514 70.6314 1.5
      vertex 61.4894 70.474 0
      vertex 61.4894 70.474 1.5
    endloop
  endfacet
  facet normal -0.751925 0.659248 0
    outer loop
      vertex 61.3514 68.3686 0
      vertex 61.4894 68.526 1.5
      vertex 61.4894 68.526 0
    endloop
  endfacet
  facet normal -0.751925 0.659248 0
    outer loop
      vertex 61.4894 68.526 1.5
      vertex 61.3514 68.3686 0
      vertex 61.3514 68.3686 1.5
    endloop
  endfacet
  facet normal -0.997854 0.0654722 0
    outer loop
      vertex 61.8063 69.2912 0
      vertex 61.82 69.5 1.5
      vertex 61.82 69.5 0
    endloop
  endfacet
  facet normal -0.997854 0.0654722 0
    outer loop
      vertex 61.82 69.5 1.5
      vertex 61.8063 69.2912 0
      vertex 61.8063 69.2912 1.5
    endloop
  endfacet
  facet normal -0.442429 -0.896803 0
    outer loop
      vertex 60.8323 70.9782 0
      vertex 61.02 70.8856 1.5
      vertex 60.8323 70.9782 1.5
    endloop
  endfacet
  facet normal -0.442429 -0.896803 -0
    outer loop
      vertex 61.02 70.8856 1.5
      vertex 60.8323 70.9782 0
      vertex 61.02 70.8856 0
    endloop
  endfacet
  facet normal 0.751925 -0.659248 0
    outer loop
      vertex 58.9506 70.474 1.5
      vertex 59.0886 70.6314 0
      vertex 59.0886 70.6314 1.5
    endloop
  endfacet
  facet normal 0.751925 -0.659248 0
    outer loop
      vertex 59.0886 70.6314 0
      vertex 58.9506 70.474 1.5
      vertex 58.9506 70.474 0
    endloop
  endfacet
  facet normal 0.321526 -0.946901 0
    outer loop
      vertex 59.6077 70.9782 0
      vertex 59.8059 71.0455 1.5
      vertex 59.6077 70.9782 1.5
    endloop
  endfacet
  facet normal 0.321526 -0.946901 0
    outer loop
      vertex 59.8059 71.0455 1.5
      vertex 59.6077 70.9782 0
      vertex 59.8059 71.0455 0
    endloop
  endfacet
  facet normal 0.946901 0.321526 0
    outer loop
      vertex 58.7418 68.8877 1.5
      vertex 58.6745 69.0859 0
      vertex 58.6745 69.0859 1.5
    endloop
  endfacet
  facet normal 0.946901 0.321526 0
    outer loop
      vertex 58.6745 69.0859 0
      vertex 58.7418 68.8877 1.5
      vertex 58.7418 68.8877 0
    endloop
  endfacet
  facet normal -0.946901 0.321526 0
    outer loop
      vertex 61.6982 68.8877 0
      vertex 61.7655 69.0859 1.5
      vertex 61.7655 69.0859 0
    endloop
  endfacet
  facet normal -0.946901 0.321526 0
    outer loop
      vertex 61.7655 69.0859 1.5
      vertex 61.6982 68.8877 0
      vertex 61.6982 68.8877 1.5
    endloop
  endfacet
  facet normal -0.831609 -0.555362 0
    outer loop
      vertex 61.6056 70.3 0
      vertex 61.4894 70.474 1.5
      vertex 61.4894 70.474 0
    endloop
  endfacet
  facet normal -0.831609 -0.555362 0
    outer loop
      vertex 61.4894 70.474 1.5
      vertex 61.6056 70.3 0
      vertex 61.6056 70.3 1.5
    endloop
  endfacet
  facet normal 0.194922 -0.980819 0
    outer loop
      vertex 59.8059 71.0455 0
      vertex 60.0112 71.0863 1.5
      vertex 59.8059 71.0455 1.5
    endloop
  endfacet
  facet normal 0.194922 -0.980819 0
    outer loop
      vertex 60.0112 71.0863 1.5
      vertex 59.8059 71.0455 0
      vertex 60.0112 71.0863 0
    endloop
  endfacet
  facet normal 0.831609 0.555362 0
    outer loop
      vertex 58.9506 68.526 1.5
      vertex 58.8344 68.7 0
      vertex 58.8344 68.7 1.5
    endloop
  endfacet
  facet normal 0.831609 0.555362 0
    outer loop
      vertex 58.8344 68.7 0
      vertex 58.9506 68.526 1.5
      vertex 58.9506 68.526 0
    endloop
  endfacet
  facet normal 0.896803 0.442429 0
    outer loop
      vertex 58.8344 68.7 1.5
      vertex 58.7418 68.8877 0
      vertex 58.7418 68.8877 1.5
    endloop
  endfacet
  facet normal 0.896803 0.442429 0
    outer loop
      vertex 58.7418 68.8877 0
      vertex 58.8344 68.7 1.5
      vertex 58.8344 68.7 0
    endloop
  endfacet
  facet normal -0.555362 0.831609 0
    outer loop
      vertex 61.194 68.2306 0
      vertex 61.02 68.1144 1.5
      vertex 61.194 68.2306 1.5
    endloop
  endfacet
  facet normal -0.555362 0.831609 0
    outer loop
      vertex 61.02 68.1144 1.5
      vertex 61.194 68.2306 0
      vertex 61.02 68.1144 0
    endloop
  endfacet
  facet normal 0.980819 0.194922 0
    outer loop
      vertex 58.6745 69.0859 1.5
      vertex 58.6337 69.2912 0
      vertex 58.6337 69.2912 1.5
    endloop
  endfacet
  facet normal 0.980819 0.194922 0
    outer loop
      vertex 58.6337 69.2912 0
      vertex 58.6745 69.0859 1.5
      vertex 58.6745 69.0859 0
    endloop
  endfacet
  facet normal -0.321526 -0.946901 0
    outer loop
      vertex 60.6341 71.0455 0
      vertex 60.8323 70.9782 1.5
      vertex 60.6341 71.0455 1.5
    endloop
  endfacet
  facet normal -0.321526 -0.946901 -0
    outer loop
      vertex 60.8323 70.9782 1.5
      vertex 60.6341 71.0455 0
      vertex 60.8323 70.9782 0
    endloop
  endfacet
  facet normal -0.0654722 0.997854 0
    outer loop
      vertex 60.4288 67.9137 0
      vertex 60.22 67.9 1.5
      vertex 60.4288 67.9137 1.5
    endloop
  endfacet
  facet normal -0.0654722 0.997854 0
    outer loop
      vertex 60.22 67.9 1.5
      vertex 60.4288 67.9137 0
      vertex 60.22 67.9 0
    endloop
  endfacet
  facet normal -0.194922 -0.980819 0
    outer loop
      vertex 60.4288 71.0863 0
      vertex 60.6341 71.0455 1.5
      vertex 60.4288 71.0863 1.5
    endloop
  endfacet
  facet normal -0.194922 -0.980819 -0
    outer loop
      vertex 60.6341 71.0455 1.5
      vertex 60.4288 71.0863 0
      vertex 60.6341 71.0455 0
    endloop
  endfacet
  facet normal 0.194922 0.980819 -0
    outer loop
      vertex 60.0112 67.9137 0
      vertex 59.8059 67.9545 1.5
      vertex 60.0112 67.9137 1.5
    endloop
  endfacet
  facet normal 0.194922 0.980819 0
    outer loop
      vertex 59.8059 67.9545 1.5
      vertex 60.0112 67.9137 0
      vertex 59.8059 67.9545 0
    endloop
  endfacet
  facet normal 0.442429 -0.896803 0
    outer loop
      vertex 59.42 70.8856 0
      vertex 59.6077 70.9782 1.5
      vertex 59.42 70.8856 1.5
    endloop
  endfacet
  facet normal 0.442429 -0.896803 0
    outer loop
      vertex 59.6077 70.9782 1.5
      vertex 59.42 70.8856 0
      vertex 59.6077 70.9782 0
    endloop
  endfacet
  facet normal 0.946901 -0.321526 0
    outer loop
      vertex 58.6745 69.9141 1.5
      vertex 58.7418 70.1123 0
      vertex 58.7418 70.1123 1.5
    endloop
  endfacet
  facet normal 0.946901 -0.321526 0
    outer loop
      vertex 58.7418 70.1123 0
      vertex 58.6745 69.9141 1.5
      vertex 58.6745 69.9141 0
    endloop
  endfacet
  facet normal 0.659248 -0.751925 0
    outer loop
      vertex 59.0886 70.6314 0
      vertex 59.246 70.7694 1.5
      vertex 59.0886 70.6314 1.5
    endloop
  endfacet
  facet normal 0.659248 -0.751925 0
    outer loop
      vertex 59.246 70.7694 1.5
      vertex 59.0886 70.6314 0
      vertex 59.246 70.7694 0
    endloop
  endfacet
  facet normal 0.751925 0.659248 0
    outer loop
      vertex 59.0886 68.3686 1.5
      vertex 58.9506 68.526 0
      vertex 58.9506 68.526 1.5
    endloop
  endfacet
  facet normal 0.751925 0.659248 0
    outer loop
      vertex 58.9506 68.526 0
      vertex 59.0886 68.3686 1.5
      vertex 59.0886 68.3686 0
    endloop
  endfacet
  facet normal 0.321526 0.946901 -0
    outer loop
      vertex 59.8059 67.9545 0
      vertex 59.6077 68.0218 1.5
      vertex 59.8059 67.9545 1.5
    endloop
  endfacet
  facet normal 0.321526 0.946901 0
    outer loop
      vertex 59.6077 68.0218 1.5
      vertex 59.8059 67.9545 0
      vertex 59.6077 68.0218 0
    endloop
  endfacet
  facet normal -0.442429 0.896803 0
    outer loop
      vertex 61.02 68.1144 0
      vertex 60.8323 68.0218 1.5
      vertex 61.02 68.1144 1.5
    endloop
  endfacet
  facet normal -0.442429 0.896803 0
    outer loop
      vertex 60.8323 68.0218 1.5
      vertex 61.02 68.1144 0
      vertex 60.8323 68.0218 0
    endloop
  endfacet
  facet normal 0.980819 -0.194922 0
    outer loop
      vertex 58.6337 69.7088 1.5
      vertex 58.6745 69.9141 0
      vertex 58.6745 69.9141 1.5
    endloop
  endfacet
  facet normal 0.980819 -0.194922 0
    outer loop
      vertex 58.6745 69.9141 0
      vertex 58.6337 69.7088 1.5
      vertex 58.6337 69.7088 0
    endloop
  endfacet
  facet normal 0.659248 0.751925 -0
    outer loop
      vertex 59.246 68.2306 0
      vertex 59.0886 68.3686 1.5
      vertex 59.246 68.2306 1.5
    endloop
  endfacet
  facet normal 0.659248 0.751925 0
    outer loop
      vertex 59.0886 68.3686 1.5
      vertex 59.246 68.2306 0
      vertex 59.0886 68.3686 0
    endloop
  endfacet
  facet normal -0.0654722 -0.997854 0
    outer loop
      vertex 60.22 71.1 0
      vertex 60.4288 71.0863 1.5
      vertex 60.22 71.1 1.5
    endloop
  endfacet
  facet normal -0.0654722 -0.997854 -0
    outer loop
      vertex 60.4288 71.0863 1.5
      vertex 60.22 71.1 0
      vertex 60.4288 71.0863 0
    endloop
  endfacet
  facet normal 0.997854 0.0654722 0
    outer loop
      vertex 58.6337 69.2912 1.5
      vertex 58.62 69.5 0
      vertex 58.62 69.5 1.5
    endloop
  endfacet
  facet normal 0.997854 0.0654722 0
    outer loop
      vertex 58.62 69.5 0
      vertex 58.6337 69.2912 1.5
      vertex 58.6337 69.2912 0
    endloop
  endfacet
  facet normal 0.0654722 -0.997854 0
    outer loop
      vertex 60.0112 71.0863 0
      vertex 60.22 71.1 1.5
      vertex 60.0112 71.0863 1.5
    endloop
  endfacet
  facet normal 0.0654722 -0.997854 0
    outer loop
      vertex 60.22 71.1 1.5
      vertex 60.0112 71.0863 0
      vertex 60.22 71.1 0
    endloop
  endfacet
  facet normal 0.555362 0.831609 -0
    outer loop
      vertex 59.42 68.1144 0
      vertex 59.246 68.2306 1.5
      vertex 59.42 68.1144 1.5
    endloop
  endfacet
  facet normal 0.555362 0.831609 0
    outer loop
      vertex 59.246 68.2306 1.5
      vertex 59.42 68.1144 0
      vertex 59.246 68.2306 0
    endloop
  endfacet
  facet normal -0.831609 0.555362 0
    outer loop
      vertex 61.4894 94.526 0
      vertex 61.6056 94.7 1.5
      vertex 61.6056 94.7 0
    endloop
  endfacet
  facet normal -0.831609 0.555362 0
    outer loop
      vertex 61.6056 94.7 1.5
      vertex 61.4894 94.526 0
      vertex 61.4894 94.526 1.5
    endloop
  endfacet
  facet normal -0.194922 0.980819 0
    outer loop
      vertex 60.6341 93.9545 0
      vertex 60.4288 93.9137 1.5
      vertex 60.6341 93.9545 1.5
    endloop
  endfacet
  facet normal -0.194922 0.980819 0
    outer loop
      vertex 60.4288 93.9137 1.5
      vertex 60.6341 93.9545 0
      vertex 60.4288 93.9137 0
    endloop
  endfacet
  facet normal -0.980819 -0.194922 0
    outer loop
      vertex 61.8063 95.7088 0
      vertex 61.7655 95.9141 1.5
      vertex 61.7655 95.9141 0
    endloop
  endfacet
  facet normal -0.980819 -0.194922 0
    outer loop
      vertex 61.7655 95.9141 1.5
      vertex 61.8063 95.7088 0
      vertex 61.8063 95.7088 1.5
    endloop
  endfacet
  facet normal -0.997854 -0.0654722 0
    outer loop
      vertex 61.82 95.5 0
      vertex 61.8063 95.7088 1.5
      vertex 61.8063 95.7088 0
    endloop
  endfacet
  facet normal -0.997854 -0.0654722 0
    outer loop
      vertex 61.8063 95.7088 1.5
      vertex 61.82 95.5 0
      vertex 61.82 95.5 1.5
    endloop
  endfacet
  facet normal -0.946901 -0.321526 0
    outer loop
      vertex 61.7655 95.9141 0
      vertex 61.6982 96.1123 1.5
      vertex 61.6982 96.1123 0
    endloop
  endfacet
  facet normal -0.946901 -0.321526 0
    outer loop
      vertex 61.6982 96.1123 1.5
      vertex 61.7655 95.9141 0
      vertex 61.7655 95.9141 1.5
    endloop
  endfacet
  facet normal -0.980819 0.194922 0
    outer loop
      vertex 61.7655 95.0859 0
      vertex 61.8063 95.2912 1.5
      vertex 61.8063 95.2912 0
    endloop
  endfacet
  facet normal -0.980819 0.194922 0
    outer loop
      vertex 61.8063 95.2912 1.5
      vertex 61.7655 95.0859 0
      vertex 61.7655 95.0859 1.5
    endloop
  endfacet
  facet normal -0.659248 0.751925 0
    outer loop
      vertex 61.3514 94.3686 0
      vertex 61.194 94.2306 1.5
      vertex 61.3514 94.3686 1.5
    endloop
  endfacet
  facet normal -0.659248 0.751925 0
    outer loop
      vertex 61.194 94.2306 1.5
      vertex 61.3514 94.3686 0
      vertex 61.194 94.2306 0
    endloop
  endfacet
  facet normal -0.896803 -0.442429 0
    outer loop
      vertex 61.6982 96.1123 0
      vertex 61.6056 96.3 1.5
      vertex 61.6056 96.3 0
    endloop
  endfacet
  facet normal -0.896803 -0.442429 0
    outer loop
      vertex 61.6056 96.3 1.5
      vertex 61.6982 96.1123 0
      vertex 61.6982 96.1123 1.5
    endloop
  endfacet
  facet normal 0.896803 -0.442429 0
    outer loop
      vertex 58.7418 96.1123 1.5
      vertex 58.8344 96.3 0
      vertex 58.8344 96.3 1.5
    endloop
  endfacet
  facet normal 0.896803 -0.442429 0
    outer loop
      vertex 58.8344 96.3 0
      vertex 58.7418 96.1123 1.5
      vertex 58.7418 96.1123 0
    endloop
  endfacet
  facet normal -0.659248 -0.751925 0
    outer loop
      vertex 61.194 96.7694 0
      vertex 61.3514 96.6314 1.5
      vertex 61.194 96.7694 1.5
    endloop
  endfacet
  facet normal -0.659248 -0.751925 -0
    outer loop
      vertex 61.3514 96.6314 1.5
      vertex 61.194 96.7694 0
      vertex 61.3514 96.6314 0
    endloop
  endfacet
  facet normal 0.0654722 0.997854 -0
    outer loop
      vertex 60.22 93.9 0
      vertex 60.0112 93.9137 1.5
      vertex 60.22 93.9 1.5
    endloop
  endfacet
  facet normal 0.0654722 0.997854 0
    outer loop
      vertex 60.0112 93.9137 1.5
      vertex 60.22 93.9 0
      vertex 60.0112 93.9137 0
    endloop
  endfacet
  facet normal 0.442429 0.896803 -0
    outer loop
      vertex 59.6077 94.0218 0
      vertex 59.42 94.1144 1.5
      vertex 59.6077 94.0218 1.5
    endloop
  endfacet
  facet normal 0.442429 0.896803 0
    outer loop
      vertex 59.42 94.1144 1.5
      vertex 59.6077 94.0218 0
      vertex 59.42 94.1144 0
    endloop
  endfacet
  facet normal -0.555362 -0.831609 0
    outer loop
      vertex 61.02 96.8856 0
      vertex 61.194 96.7694 1.5
      vertex 61.02 96.8856 1.5
    endloop
  endfacet
  facet normal -0.555362 -0.831609 -0
    outer loop
      vertex 61.194 96.7694 1.5
      vertex 61.02 96.8856 0
      vertex 61.194 96.7694 0
    endloop
  endfacet
  facet normal -0.321526 0.946901 0
    outer loop
      vertex 60.8323 94.0218 0
      vertex 60.6341 93.9545 1.5
      vertex 60.8323 94.0218 1.5
    endloop
  endfacet
  facet normal -0.321526 0.946901 0
    outer loop
      vertex 60.6341 93.9545 1.5
      vertex 60.8323 94.0218 0
      vertex 60.6341 93.9545 0
    endloop
  endfacet
  facet normal 0.831609 -0.555362 0
    outer loop
      vertex 58.8344 96.3 1.5
      vertex 58.9506 96.474 0
      vertex 58.9506 96.474 1.5
    endloop
  endfacet
  facet normal 0.831609 -0.555362 0
    outer loop
      vertex 58.9506 96.474 0
      vertex 58.8344 96.3 1.5
      vertex 58.8344 96.3 0
    endloop
  endfacet
  facet normal 0.997854 -0.0654722 0
    outer loop
      vertex 58.62 95.5 1.5
      vertex 58.6337 95.7088 0
      vertex 58.6337 95.7088 1.5
    endloop
  endfacet
  facet normal 0.997854 -0.0654722 0
    outer loop
      vertex 58.6337 95.7088 0
      vertex 58.62 95.5 1.5
      vertex 58.62 95.5 0
    endloop
  endfacet
  facet normal 0.555362 -0.831609 0
    outer loop
      vertex 59.246 96.7694 0
      vertex 59.42 96.8856 1.5
      vertex 59.246 96.7694 1.5
    endloop
  endfacet
  facet normal 0.555362 -0.831609 0
    outer loop
      vertex 59.42 96.8856 1.5
      vertex 59.246 96.7694 0
      vertex 59.42 96.8856 0
    endloop
  endfacet
  facet normal 0.659248 0.751925 -0
    outer loop
      vertex 59.246 94.2306 0
      vertex 59.0886 94.3686 1.5
      vertex 59.246 94.2306 1.5
    endloop
  endfacet
  facet normal 0.659248 0.751925 0
    outer loop
      vertex 59.0886 94.3686 1.5
      vertex 59.246 94.2306 0
      vertex 59.0886 94.3686 0
    endloop
  endfacet
  facet normal -0.896803 0.442429 0
    outer loop
      vertex 61.6056 94.7 0
      vertex 61.6982 94.8877 1.5
      vertex 61.6982 94.8877 0
    endloop
  endfacet
  facet normal -0.896803 0.442429 0
    outer loop
      vertex 61.6982 94.8877 1.5
      vertex 61.6056 94.7 0
      vertex 61.6056 94.7 1.5
    endloop
  endfacet
  facet normal -0.751925 -0.659248 0
    outer loop
      vertex 61.4894 96.474 0
      vertex 61.3514 96.6314 1.5
      vertex 61.3514 96.6314 0
    endloop
  endfacet
  facet normal -0.751925 -0.659248 0
    outer loop
      vertex 61.3514 96.6314 1.5
      vertex 61.4894 96.474 0
      vertex 61.4894 96.474 1.5
    endloop
  endfacet
  facet normal -0.751925 0.659248 0
    outer loop
      vertex 61.3514 94.3686 0
      vertex 61.4894 94.526 1.5
      vertex 61.4894 94.526 0
    endloop
  endfacet
  facet normal -0.751925 0.659248 0
    outer loop
      vertex 61.4894 94.526 1.5
      vertex 61.3514 94.3686 0
      vertex 61.3514 94.3686 1.5
    endloop
  endfacet
  facet normal -0.997854 0.0654722 0
    outer loop
      vertex 61.8063 95.2912 0
      vertex 61.82 95.5 1.5
      vertex 61.82 95.5 0
    endloop
  endfacet
  facet normal -0.997854 0.0654722 0
    outer loop
      vertex 61.82 95.5 1.5
      vertex 61.8063 95.2912 0
      vertex 61.8063 95.2912 1.5
    endloop
  endfacet
  facet normal -0.442429 -0.896803 0
    outer loop
      vertex 60.8323 96.9782 0
      vertex 61.02 96.8856 1.5
      vertex 60.8323 96.9782 1.5
    endloop
  endfacet
  facet normal -0.442429 -0.896803 -0
    outer loop
      vertex 61.02 96.8856 1.5
      vertex 60.8323 96.9782 0
      vertex 61.02 96.8856 0
    endloop
  endfacet
  facet normal 0.751925 -0.659248 0
    outer loop
      vertex 58.9506 96.474 1.5
      vertex 59.0886 96.6314 0
      vertex 59.0886 96.6314 1.5
    endloop
  endfacet
  facet normal 0.751925 -0.659248 0
    outer loop
      vertex 59.0886 96.6314 0
      vertex 58.9506 96.474 1.5
      vertex 58.9506 96.474 0
    endloop
  endfacet
  facet normal 0.321526 -0.946901 0
    outer loop
      vertex 59.6077 96.9782 0
      vertex 59.8059 97.0455 1.5
      vertex 59.6077 96.9782 1.5
    endloop
  endfacet
  facet normal 0.321526 -0.946901 0
    outer loop
      vertex 59.8059 97.0455 1.5
      vertex 59.6077 96.9782 0
      vertex 59.8059 97.0455 0
    endloop
  endfacet
  facet normal -0.831609 -0.555362 0
    outer loop
      vertex 61.6056 96.3 0
      vertex 61.4894 96.474 1.5
      vertex 61.4894 96.474 0
    endloop
  endfacet
  facet normal -0.831609 -0.555362 0
    outer loop
      vertex 61.4894 96.474 1.5
      vertex 61.6056 96.3 0
      vertex 61.6056 96.3 1.5
    endloop
  endfacet
  facet normal 0.946901 0.321526 0
    outer loop
      vertex 58.7418 94.8877 1.5
      vertex 58.6745 95.0859 0
      vertex 58.6745 95.0859 1.5
    endloop
  endfacet
  facet normal 0.946901 0.321526 0
    outer loop
      vertex 58.6745 95.0859 0
      vertex 58.7418 94.8877 1.5
      vertex 58.7418 94.8877 0
    endloop
  endfacet
  facet normal -0.946901 0.321526 0
    outer loop
      vertex 61.6982 94.8877 0
      vertex 61.7655 95.0859 1.5
      vertex 61.7655 95.0859 0
    endloop
  endfacet
  facet normal -0.946901 0.321526 0
    outer loop
      vertex 61.7655 95.0859 1.5
      vertex 61.6982 94.8877 0
      vertex 61.6982 94.8877 1.5
    endloop
  endfacet
  facet normal 0.194922 -0.980819 0
    outer loop
      vertex 59.8059 97.0455 0
      vertex 60.0112 97.0863 1.5
      vertex 59.8059 97.0455 1.5
    endloop
  endfacet
  facet normal 0.194922 -0.980819 0
    outer loop
      vertex 60.0112 97.0863 1.5
      vertex 59.8059 97.0455 0
      vertex 60.0112 97.0863 0
    endloop
  endfacet
  facet normal 0.831609 0.555362 0
    outer loop
      vertex 58.9506 94.526 1.5
      vertex 58.8344 94.7 0
      vertex 58.8344 94.7 1.5
    endloop
  endfacet
  facet normal 0.831609 0.555362 0
    outer loop
      vertex 58.8344 94.7 0
      vertex 58.9506 94.526 1.5
      vertex 58.9506 94.526 0
    endloop
  endfacet
  facet normal 0.896803 0.442429 0
    outer loop
      vertex 58.8344 94.7 1.5
      vertex 58.7418 94.8877 0
      vertex 58.7418 94.8877 1.5
    endloop
  endfacet
  facet normal 0.896803 0.442429 0
    outer loop
      vertex 58.7418 94.8877 0
      vertex 58.8344 94.7 1.5
      vertex 58.8344 94.7 0
    endloop
  endfacet
  facet normal -0.555362 0.831609 0
    outer loop
      vertex 61.194 94.2306 0
      vertex 61.02 94.1144 1.5
      vertex 61.194 94.2306 1.5
    endloop
  endfacet
  facet normal -0.555362 0.831609 0
    outer loop
      vertex 61.02 94.1144 1.5
      vertex 61.194 94.2306 0
      vertex 61.02 94.1144 0
    endloop
  endfacet
  facet normal 0.980819 0.194922 0
    outer loop
      vertex 58.6745 95.0859 1.5
      vertex 58.6337 95.2912 0
      vertex 58.6337 95.2912 1.5
    endloop
  endfacet
  facet normal 0.980819 0.194922 0
    outer loop
      vertex 58.6337 95.2912 0
      vertex 58.6745 95.0859 1.5
      vertex 58.6745 95.0859 0
    endloop
  endfacet
  facet normal -0.321526 -0.946901 0
    outer loop
      vertex 60.6341 97.0455 0
      vertex 60.8323 96.9782 1.5
      vertex 60.6341 97.0455 1.5
    endloop
  endfacet
  facet normal -0.321526 -0.946901 -0
    outer loop
      vertex 60.8323 96.9782 1.5
      vertex 60.6341 97.0455 0
      vertex 60.8323 96.9782 0
    endloop
  endfacet
  facet normal -0.0654722 0.997854 0
    outer loop
      vertex 60.4288 93.9137 0
      vertex 60.22 93.9 1.5
      vertex 60.4288 93.9137 1.5
    endloop
  endfacet
  facet normal -0.0654722 0.997854 0
    outer loop
      vertex 60.22 93.9 1.5
      vertex 60.4288 93.9137 0
      vertex 60.22 93.9 0
    endloop
  endfacet
  facet normal -0.194922 -0.980819 0
    outer loop
      vertex 60.4288 97.0863 0
      vertex 60.6341 97.0455 1.5
      vertex 60.4288 97.0863 1.5
    endloop
  endfacet
  facet normal -0.194922 -0.980819 -0
    outer loop
      vertex 60.6341 97.0455 1.5
      vertex 60.4288 97.0863 0
      vertex 60.6341 97.0455 0
    endloop
  endfacet
  facet normal 0.194922 0.980819 -0
    outer loop
      vertex 60.0112 93.9137 0
      vertex 59.8059 93.9545 1.5
      vertex 60.0112 93.9137 1.5
    endloop
  endfacet
  facet normal 0.194922 0.980819 0
    outer loop
      vertex 59.8059 93.9545 1.5
      vertex 60.0112 93.9137 0
      vertex 59.8059 93.9545 0
    endloop
  endfacet
  facet normal 0.442429 -0.896803 0
    outer loop
      vertex 59.42 96.8856 0
      vertex 59.6077 96.9782 1.5
      vertex 59.42 96.8856 1.5
    endloop
  endfacet
  facet normal 0.442429 -0.896803 0
    outer loop
      vertex 59.6077 96.9782 1.5
      vertex 59.42 96.8856 0
      vertex 59.6077 96.9782 0
    endloop
  endfacet
  facet normal 0.946901 -0.321526 0
    outer loop
      vertex 58.6745 95.9141 1.5
      vertex 58.7418 96.1123 0
      vertex 58.7418 96.1123 1.5
    endloop
  endfacet
  facet normal 0.946901 -0.321526 0
    outer loop
      vertex 58.7418 96.1123 0
      vertex 58.6745 95.9141 1.5
      vertex 58.6745 95.9141 0
    endloop
  endfacet
  facet normal 0.659248 -0.751925 0
    outer loop
      vertex 59.0886 96.6314 0
      vertex 59.246 96.7694 1.5
      vertex 59.0886 96.6314 1.5
    endloop
  endfacet
  facet normal 0.659248 -0.751925 0
    outer loop
      vertex 59.246 96.7694 1.5
      vertex 59.0886 96.6314 0
      vertex 59.246 96.7694 0
    endloop
  endfacet
  facet normal 0.751925 0.659248 0
    outer loop
      vertex 59.0886 94.3686 1.5
      vertex 58.9506 94.526 0
      vertex 58.9506 94.526 1.5
    endloop
  endfacet
  facet normal 0.751925 0.659248 0
    outer loop
      vertex 58.9506 94.526 0
      vertex 59.0886 94.3686 1.5
      vertex 59.0886 94.3686 0
    endloop
  endfacet
  facet normal 0.321526 0.946901 -0
    outer loop
      vertex 59.8059 93.9545 0
      vertex 59.6077 94.0218 1.5
      vertex 59.8059 93.9545 1.5
    endloop
  endfacet
  facet normal 0.321526 0.946901 0
    outer loop
      vertex 59.6077 94.0218 1.5
      vertex 59.8059 93.9545 0
      vertex 59.6077 94.0218 0
    endloop
  endfacet
  facet normal -0.442429 0.896803 0
    outer loop
      vertex 61.02 94.1144 0
      vertex 60.8323 94.0218 1.5
      vertex 61.02 94.1144 1.5
    endloop
  endfacet
  facet normal -0.442429 0.896803 0
    outer loop
      vertex 60.8323 94.0218 1.5
      vertex 61.02 94.1144 0
      vertex 60.8323 94.0218 0
    endloop
  endfacet
  facet normal 0.980819 -0.194922 0
    outer loop
      vertex 58.6337 95.7088 1.5
      vertex 58.6745 95.9141 0
      vertex 58.6745 95.9141 1.5
    endloop
  endfacet
  facet normal 0.980819 -0.194922 0
    outer loop
      vertex 58.6745 95.9141 0
      vertex 58.6337 95.7088 1.5
      vertex 58.6337 95.7088 0
    endloop
  endfacet
  facet normal -0.0654722 -0.997854 0
    outer loop
      vertex 60.22 97.1 0
      vertex 60.4288 97.0863 1.5
      vertex 60.22 97.1 1.5
    endloop
  endfacet
  facet normal -0.0654722 -0.997854 -0
    outer loop
      vertex 60.4288 97.0863 1.5
      vertex 60.22 97.1 0
      vertex 60.4288 97.0863 0
    endloop
  endfacet
  facet normal 0.997854 0.0654722 0
    outer loop
      vertex 58.6337 95.2912 1.5
      vertex 58.62 95.5 0
      vertex 58.62 95.5 1.5
    endloop
  endfacet
  facet normal 0.997854 0.0654722 0
    outer loop
      vertex 58.62 95.5 0
      vertex 58.6337 95.2912 1.5
      vertex 58.6337 95.2912 0
    endloop
  endfacet
  facet normal 0.0654722 -0.997854 0
    outer loop
      vertex 60.0112 97.0863 0
      vertex 60.22 97.1 1.5
      vertex 60.0112 97.0863 1.5
    endloop
  endfacet
  facet normal 0.0654722 -0.997854 0
    outer loop
      vertex 60.22 97.1 1.5
      vertex 60.0112 97.0863 0
      vertex 60.22 97.1 0
    endloop
  endfacet
  facet normal 0.555362 0.831609 -0
    outer loop
      vertex 59.42 94.1144 0
      vertex 59.246 94.2306 1.5
      vertex 59.42 94.1144 1.5
    endloop
  endfacet
  facet normal 0.555362 0.831609 0
    outer loop
      vertex 59.246 94.2306 1.5
      vertex 59.42 94.1144 0
      vertex 59.246 94.2306 0
    endloop
  endfacet
  facet normal 0.555194 0.831721 -0
    outer loop
      vertex 67.7638 103.967 0
      vertex 67.22 104.33 3
      vertex 67.7638 103.967 3
    endloop
  endfacet
  facet normal 0.555194 0.831721 0
    outer loop
      vertex 67.22 104.33 3
      vertex 67.7638 103.967 0
      vertex 67.22 104.33 0
    endloop
  endfacet
  facet normal 0.659424 -0.751771 0
    outer loop
      vertex 67.7638 61.0332 0
      vertex 68.2555 61.4645 3
      vertex 67.7638 61.0332 3
    endloop
  endfacet
  facet normal 0.659424 -0.751771 0
    outer loop
      vertex 68.2555 61.4645 3
      vertex 67.7638 61.0332 0
      vertex 68.2555 61.4645 0
    endloop
  endfacet
  facet normal -0.322493 0.946572 0
    outer loop
      vertex 3.7059 104.83 0
      vertex 3.08658 104.619 3
      vertex 3.7059 104.83 3
    endloop
  endfacet
  facet normal -0.322493 0.946572 0
    outer loop
      vertex 3.08658 104.619 3
      vertex 3.7059 104.83 0
      vertex 3.08658 104.619 0
    endloop
  endfacet
  facet normal 0 0 -1
    outer loop
      vertex 58.7418 70.1123 0
      vertex 10.9782 70.1123 0
      vertex 58.8344 70.3 0
    endloop
  endfacet
  facet normal 0 0 -1
    outer loop
      vertex 58.8344 94.7 0
      vertex 11.0863 95.2912 0
      vertex 11.1 95.5 0
    endloop
  endfacet
  facet normal 0 0 -1
    outer loop
      vertex 10.8856 70.3 0
      vertex 58.8344 70.3 0
      vertex 10.9782 70.1123 0
    endloop
  endfacet
  facet normal 0 0 -1
    outer loop
      vertex 58.8344 94.7 0
      vertex 11.0455 95.0859 0
      vertex 11.0863 95.2912 0
    endloop
  endfacet
  facet normal 0 0 -1
    outer loop
      vertex 58.8344 70.3 0
      vertex 10.8856 70.3 0
      vertex 58.8344 94.7 0
    endloop
  endfacet
  facet normal 0 0 -1
    outer loop
      vertex 58.8344 94.7 0
      vertex 10.9782 94.8877 0
      vertex 11.0455 95.0859 0
    endloop
  endfacet
  facet normal 0 0 -1
    outer loop
      vertex 10.8856 94.7 0
      vertex 58.8344 94.7 0
      vertex 10.8856 70.3 0
    endloop
  endfacet
  facet normal 0 0 -1
    outer loop
      vertex 58.8344 94.7 0
      vertex 10.8856 94.7 0
      vertex 10.9782 94.8877 0
    endloop
  endfacet
  facet normal 0 0 -1
    outer loop
      vertex 10.7694 70.474 0
      vertex 10.8856 94.7 0
      vertex 10.8856 70.3 0
    endloop
  endfacet
  facet normal 0 0 -1
    outer loop
      vertex 10.7694 70.474 0
      vertex 10.7694 94.526 0
      vertex 10.8856 94.7 0
    endloop
  endfacet
  facet normal 0 0 -1
    outer loop
      vertex 10.6314 70.6314 0
      vertex 10.7694 94.526 0
      vertex 10.7694 70.474 0
    endloop
  endfacet
  facet normal 0 0 -1
    outer loop
      vertex 10.6314 70.6314 0
      vertex 10.6314 94.3686 0
      vertex 10.7694 94.526 0
    endloop
  endfacet
  facet normal 0 0 -1
    outer loop
      vertex 10.474 70.7694 0
      vertex 10.6314 94.3686 0
      vertex 10.6314 70.6314 0
    endloop
  endfacet
  facet normal 0 0 -1
    outer loop
      vertex 10.474 70.7694 0
      vertex 10.474 94.2306 0
      vertex 10.6314 94.3686 0
    endloop
  endfacet
  facet normal 0 0 -1
    outer loop
      vertex 10.3 70.8856 0
      vertex 10.474 94.2306 0
      vertex 10.474 70.7694 0
    endloop
  endfacet
  facet normal 0 0 -1
    outer loop
      vertex 10.3 70.8856 0
      vertex 10.3 94.1144 0
      vertex 10.474 94.2306 0
    endloop
  endfacet
  facet normal 0 0 -1
    outer loop
      vertex 10.1123 70.9782 0
      vertex 10.3 94.1144 0
      vertex 10.3 70.8856 0
    endloop
  endfacet
  facet normal 0 0 -1
    outer loop
      vertex 10.1123 70.9782 0
      vertex 10.1123 94.0218 0
      vertex 10.3 94.1144 0
    endloop
  endfacet
  facet normal 0 0 -1
    outer loop
      vertex 9.91411 71.0455 0
      vertex 10.1123 94.0218 0
      vertex 10.1123 70.9782 0
    endloop
  endfacet
  facet normal 0 0 -1
    outer loop
      vertex 9.91411 71.0455 0
      vertex 9.91411 93.9545 0
      vertex 10.1123 94.0218 0
    endloop
  endfacet
  facet normal 0 0 -1
    outer loop
      vertex 9.70884 71.0863 0
      vertex 9.91411 93.9545 0
      vertex 9.91411 71.0455 0
    endloop
  endfacet
  facet normal 0 0 -1
    outer loop
      vertex 9.70884 71.0863 0
      vertex 9.70884 93.9137 0
      vertex 9.91411 93.9545 0
    endloop
  endfacet
  facet normal 0 0 -1
    outer loop
      vertex 9.5 71.1 0
      vertex 9.70884 93.9137 0
      vertex 9.70884 71.0863 0
    endloop
  endfacet
  facet normal 0 0 -1
    outer loop
      vertex 9.5 71.1 0
      vertex 9.5 93.9 0
      vertex 9.70884 93.9137 0
    endloop
  endfacet
  facet normal 0 0 -1
    outer loop
      vertex 9.29116 71.0863 0
      vertex 9.5 93.9 0
      vertex 9.5 71.1 0
    endloop
  endfacet
  facet normal 0 0 -1
    outer loop
      vertex 9.29116 71.0863 0
      vertex 9.29116 93.9137 0
      vertex 9.5 93.9 0
    endloop
  endfacet
  facet normal 0 0 -1
    outer loop
      vertex 9.08589 71.0455 0
      vertex 9.29116 93.9137 0
      vertex 9.29116 71.0863 0
    endloop
  endfacet
  facet normal 0 0 -1
    outer loop
      vertex 9.08589 71.0455 0
      vertex 9.08589 93.9545 0
      vertex 9.29116 93.9137 0
    endloop
  endfacet
  facet normal 0 0 -1
    outer loop
      vertex 8.88771 70.9782 0
      vertex 9.08589 93.9545 0
      vertex 9.08589 71.0455 0
    endloop
  endfacet
  facet normal 0 0 -1
    outer loop
      vertex 8.88771 70.9782 0
      vertex 8.88771 94.0218 0
      vertex 9.08589 93.9545 0
    endloop
  endfacet
  facet normal 0 0 -1
    outer loop
      vertex 8.7 70.8856 0
      vertex 8.88771 94.0218 0
      vertex 8.88771 70.9782 0
    endloop
  endfacet
  facet normal 0 0 -1
    outer loop
      vertex 8.7 70.8856 0
      vertex 8.7 94.1144 0
      vertex 8.88771 94.0218 0
    endloop
  endfacet
  facet normal 0 0 -1
    outer loop
      vertex 8.52598 70.7694 0
      vertex 8.7 94.1144 0
      vertex 8.7 70.8856 0
    endloop
  endfacet
  facet normal 0 0 -1
    outer loop
      vertex 8.52598 70.7694 0
      vertex 8.52598 94.2306 0
      vertex 8.7 94.1144 0
    endloop
  endfacet
  facet normal 0 0 -1
    outer loop
      vertex 8.36863 70.6314 0
      vertex 8.52598 94.2306 0
      vertex 8.52598 70.7694 0
    endloop
  endfacet
  facet normal 0 0 -1
    outer loop
      vertex 8.36863 70.6314 0
      vertex 8.36863 94.3686 0
      vertex 8.52598 94.2306 0
    endloop
  endfacet
  facet normal 0 0 -1
    outer loop
      vertex 8.23063 70.474 0
      vertex 8.36863 94.3686 0
      vertex 8.36863 70.6314 0
    endloop
  endfacet
  facet normal 0 0 -1
    outer loop
      vertex 8.23063 70.474 0
      vertex 8.23063 94.526 0
      vertex 8.36863 94.3686 0
    endloop
  endfacet
  facet normal 0 0 -1
    outer loop
      vertex 0 65 0
      vertex 8.23063 70.474 0
      vertex 8.11436 70.3 0
    endloop
  endfacet
  facet normal -0 0 -1
    outer loop
      vertex 8.23063 70.474 0
      vertex 0 65 0
      vertex 8.23063 94.526 0
    endloop
  endfacet
  facet normal 0 0 -1
    outer loop
      vertex 0 65 0
      vertex 8.11436 70.3 0
      vertex 8.02179 70.1123 0
    endloop
  endfacet
  facet normal 0 0 -1
    outer loop
      vertex 0 100 0
      vertex 8.23063 94.526 0
      vertex 0 65 0
    endloop
  endfacet
  facet normal 0 0 -1
    outer loop
      vertex 0 65 0
      vertex 8.02179 70.1123 0
      vertex 7.95452 69.9141 0
    endloop
  endfacet
  facet normal 0 0 -1
    outer loop
      vertex 8.23063 94.526 0
      vertex 0 100 0
      vertex 8.11436 94.7 0
    endloop
  endfacet
  facet normal 0 0 -1
    outer loop
      vertex 0 65 0
      vertex 7.95452 69.9141 0
      vertex 7.91369 69.7088 0
    endloop
  endfacet
  facet normal 0 0 -1
    outer loop
      vertex 8.11436 94.7 0
      vertex 0 100 0
      vertex 8.02179 94.8877 0
    endloop
  endfacet
  facet normal 0 0 -1
    outer loop
      vertex 0 65 0
      vertex 7.91369 69.7088 0
      vertex 7.9 69.5 0
    endloop
  endfacet
  facet normal 0 0 -1
    outer loop
      vertex 8.02179 94.8877 0
      vertex 0 100 0
      vertex 7.95452 95.0859 0
    endloop
  endfacet
  facet normal 0 0 -1
    outer loop
      vertex 61.6982 70.1123 0
      vertex 69.72 65 0
      vertex 61.7655 69.9141 0
    endloop
  endfacet
  facet normal 0 0 -1
    outer loop
      vertex 69.72 100 0
      vertex 61.8063 95.2912 0
      vertex 61.82 95.5 0
    endloop
  endfacet
  facet normal 0 0 -1
    outer loop
      vertex 61.6056 70.3 0
      vertex 69.72 65 0
      vertex 61.6982 70.1123 0
    endloop
  endfacet
  facet normal 0 0 -1
    outer loop
      vertex 69.72 100 0
      vertex 61.7655 95.0859 0
      vertex 61.8063 95.2912 0
    endloop
  endfacet
  facet normal 0 0 -1
    outer loop
      vertex 61.4894 70.474 0
      vertex 69.72 65 0
      vertex 61.6056 70.3 0
    endloop
  endfacet
  facet normal 0 0 -1
    outer loop
      vertex 69.72 100 0
      vertex 61.6982 94.8877 0
      vertex 61.7655 95.0859 0
    endloop
  endfacet
  facet normal 0 0 -1
    outer loop
      vertex 69.72 65 0
      vertex 61.4894 70.474 0
      vertex 69.72 100 0
    endloop
  endfacet
  facet normal 0 0 -1
    outer loop
      vertex 69.72 100 0
      vertex 61.6056 94.7 0
      vertex 61.6982 94.8877 0
    endloop
  endfacet
  facet normal 0 0 -1
    outer loop
      vertex 61.4894 94.526 0
      vertex 69.72 100 0
      vertex 61.4894 70.474 0
    endloop
  endfacet
  facet normal 0 0 -1
    outer loop
      vertex 69.72 100 0
      vertex 61.4894 94.526 0
      vertex 61.6056 94.7 0
    endloop
  endfacet
  facet normal 0 0 -1
    outer loop
      vertex 61.3514 70.6314 0
      vertex 61.4894 94.526 0
      vertex 61.4894 70.474 0
    endloop
  endfacet
  facet normal 0 0 -1
    outer loop
      vertex 61.3514 70.6314 0
      vertex 61.3514 94.3686 0
      vertex 61.4894 94.526 0
    endloop
  endfacet
  facet normal 0 0 -1
    outer loop
      vertex 61.194 70.7694 0
      vertex 61.3514 94.3686 0
      vertex 61.3514 70.6314 0
    endloop
  endfacet
  facet normal 0 0 -1
    outer loop
      vertex 61.194 70.7694 0
      vertex 61.194 94.2306 0
      vertex 61.3514 94.3686 0
    endloop
  endfacet
  facet normal 0 0 -1
    outer loop
      vertex 61.02 70.8856 0
      vertex 61.194 94.2306 0
      vertex 61.194 70.7694 0
    endloop
  endfacet
  facet normal 0 0 -1
    outer loop
      vertex 61.02 70.8856 0
      vertex 61.02 94.1144 0
      vertex 61.194 94.2306 0
    endloop
  endfacet
  facet normal 0 0 -1
    outer loop
      vertex 60.8323 70.9782 0
      vertex 61.02 94.1144 0
      vertex 61.02 70.8856 0
    endloop
  endfacet
  facet normal 0 0 -1
    outer loop
      vertex 60.8323 70.9782 0
      vertex 60.8323 94.0218 0
      vertex 61.02 94.1144 0
    endloop
  endfacet
  facet normal 0 0 -1
    outer loop
      vertex 60.6341 71.0455 0
      vertex 60.8323 94.0218 0
      vertex 60.8323 70.9782 0
    endloop
  endfacet
  facet normal 0 0 -1
    outer loop
      vertex 60.6341 71.0455 0
      vertex 60.6341 93.9545 0
      vertex 60.8323 94.0218 0
    endloop
  endfacet
  facet normal 0 0 -1
    outer loop
      vertex 60.4288 71.0863 0
      vertex 60.6341 93.9545 0
      vertex 60.6341 71.0455 0
    endloop
  endfacet
  facet normal 0 0 -1
    outer loop
      vertex 60.4288 71.0863 0
      vertex 60.4288 93.9137 0
      vertex 60.6341 93.9545 0
    endloop
  endfacet
  facet normal 0 0 -1
    outer loop
      vertex 60.22 71.1 0
      vertex 60.4288 93.9137 0
      vertex 60.4288 71.0863 0
    endloop
  endfacet
  facet normal 0 0 -1
    outer loop
      vertex 60.22 71.1 0
      vertex 60.22 93.9 0
      vertex 60.4288 93.9137 0
    endloop
  endfacet
  facet normal 0 0 -1
    outer loop
      vertex 60.0112 71.0863 0
      vertex 60.22 93.9 0
      vertex 60.22 71.1 0
    endloop
  endfacet
  facet normal 0 0 -1
    outer loop
      vertex 60.0112 71.0863 0
      vertex 60.0112 93.9137 0
      vertex 60.22 93.9 0
    endloop
  endfacet
  facet normal 0 0 -1
    outer loop
      vertex 59.8059 71.0455 0
      vertex 60.0112 93.9137 0
      vertex 60.0112 71.0863 0
    endloop
  endfacet
  facet normal 0 0 -1
    outer loop
      vertex 59.8059 71.0455 0
      vertex 59.8059 93.9545 0
      vertex 60.0112 93.9137 0
    endloop
  endfacet
  facet normal 0 0 -1
    outer loop
      vertex 59.6077 70.9782 0
      vertex 59.8059 93.9545 0
      vertex 59.8059 71.0455 0
    endloop
  endfacet
  facet normal 0 0 -1
    outer loop
      vertex 59.6077 70.9782 0
      vertex 59.6077 94.0218 0
      vertex 59.8059 93.9545 0
    endloop
  endfacet
  facet normal 0 0 -1
    outer loop
      vertex 59.42 70.8856 0
      vertex 59.6077 94.0218 0
      vertex 59.6077 70.9782 0
    endloop
  endfacet
  facet normal 0 0 -1
    outer loop
      vertex 59.42 70.8856 0
      vertex 59.42 94.1144 0
      vertex 59.6077 94.0218 0
    endloop
  endfacet
  facet normal 0 0 -1
    outer loop
      vertex 59.246 70.7694 0
      vertex 59.42 94.1144 0
      vertex 59.42 70.8856 0
    endloop
  endfacet
  facet normal 0 0 -1
    outer loop
      vertex 59.246 70.7694 0
      vertex 59.246 94.2306 0
      vertex 59.42 94.1144 0
    endloop
  endfacet
  facet normal 0 0 -1
    outer loop
      vertex 59.0886 70.6314 0
      vertex 59.246 94.2306 0
      vertex 59.246 70.7694 0
    endloop
  endfacet
  facet normal 0 0 -1
    outer loop
      vertex 59.0886 70.6314 0
      vertex 59.0886 94.3686 0
      vertex 59.246 94.2306 0
    endloop
  endfacet
  facet normal 0 0 -1
    outer loop
      vertex 58.9506 70.474 0
      vertex 59.0886 94.3686 0
      vertex 59.0886 70.6314 0
    endloop
  endfacet
  facet normal 0 0 -1
    outer loop
      vertex 58.9506 70.474 0
      vertex 58.9506 94.526 0
      vertex 59.0886 94.3686 0
    endloop
  endfacet
  facet normal 0 0 -1
    outer loop
      vertex 58.8344 70.3 0
      vertex 58.9506 94.526 0
      vertex 58.9506 70.474 0
    endloop
  endfacet
  facet normal 0 0 -1
    outer loop
      vertex 58.8344 70.3 0
      vertex 58.8344 94.7 0
      vertex 58.9506 94.526 0
    endloop
  endfacet
  facet normal 0 0 -1
    outer loop
      vertex 11.0455 69.9141 0
      vertex 58.6745 69.9141 0
      vertex 11.0863 69.7088 0
    endloop
  endfacet
  facet normal 0 0 -1
    outer loop
      vertex 58.6745 69.9141 0
      vertex 11.0455 69.9141 0
      vertex 58.7418 70.1123 0
    endloop
  endfacet
  facet normal 0 0 -1
    outer loop
      vertex 58.6337 69.7088 0
      vertex 11.0863 69.7088 0
      vertex 58.6745 69.9141 0
    endloop
  endfacet
  facet normal 0 0 -1
    outer loop
      vertex 10.9782 70.1123 0
      vertex 58.7418 70.1123 0
      vertex 11.0455 69.9141 0
    endloop
  endfacet
  facet normal 0 0 -1
    outer loop
      vertex 11.0863 69.7088 0
      vertex 58.6337 69.7088 0
      vertex 11.1 69.5 0
    endloop
  endfacet
  facet normal 0 0 -1
    outer loop
      vertex 58.8344 94.7 0
      vertex 11.1 95.5 0
      vertex 58.7418 94.8877 0
    endloop
  endfacet
  facet normal 0 0 -1
    outer loop
      vertex 11.1 69.5 0
      vertex 58.6337 69.7088 0
      vertex 58.62 69.5 0
    endloop
  endfacet
  facet normal 0 0 -1
    outer loop
      vertex 58.7418 94.8877 0
      vertex 11.1 95.5 0
      vertex 58.6745 95.0859 0
    endloop
  endfacet
  facet normal 0 0 -1
    outer loop
      vertex 61.3514 68.3686 0
      vertex 69.72 65 0
      vertex 69.6772 64.3474 0
    endloop
  endfacet
  facet normal 0 0 -1
    outer loop
      vertex 61.8063 69.7088 0
      vertex 69.72 65 0
      vertex 61.82 69.5 0
    endloop
  endfacet
  facet normal 0 0 -1
    outer loop
      vertex 61.3514 68.3686 0
      vertex 69.6772 64.3474 0
      vertex 69.5496 63.7059 0
    endloop
  endfacet
  facet normal 0 0 -1
    outer loop
      vertex 61.7655 69.9141 0
      vertex 69.72 65 0
      vertex 61.8063 69.7088 0
    endloop
  endfacet
  facet normal 0 0 -1
    outer loop
      vertex 61.3514 68.3686 0
      vertex 69.5496 63.7059 0
      vertex 69.3394 63.0866 0
    endloop
  endfacet
  facet normal 0 0 -1
    outer loop
      vertex 61.8063 95.7088 0
      vertex 69.72 100 0
      vertex 61.82 95.5 0
    endloop
  endfacet
  facet normal 0 0 -1
    outer loop
      vertex 61.3514 68.3686 0
      vertex 69.3394 63.0866 0
      vertex 69.0501 62.5 0
    endloop
  endfacet
  facet normal 0 0 -1
    outer loop
      vertex 61.7655 95.9141 0
      vertex 69.72 100 0
      vertex 61.8063 95.7088 0
    endloop
  endfacet
  facet normal 0 0 -1
    outer loop
      vertex 61.3514 68.3686 0
      vertex 69.0501 62.5 0
      vertex 68.6868 61.9562 0
    endloop
  endfacet
  facet normal 0 0 -1
    outer loop
      vertex 61.6982 96.1123 0
      vertex 69.72 100 0
      vertex 61.7655 95.9141 0
    endloop
  endfacet
  facet normal 0 0 -1
    outer loop
      vertex 61.3514 68.3686 0
      vertex 68.6868 61.9562 0
      vertex 68.2555 61.4645 0
    endloop
  endfacet
  facet normal 0 0 -1
    outer loop
      vertex 61.6056 96.3 0
      vertex 69.72 100 0
      vertex 61.6982 96.1123 0
    endloop
  endfacet
  facet normal 0 0 -1
    outer loop
      vertex 61.3514 68.3686 0
      vertex 68.2555 61.4645 0
      vertex 67.7638 61.0332 0
    endloop
  endfacet
  facet normal 0 0 -1
    outer loop
      vertex 61.4894 96.474 0
      vertex 69.72 100 0
      vertex 61.6056 96.3 0
    endloop
  endfacet
  facet normal 0 0 -1
    outer loop
      vertex 61.3514 68.3686 0
      vertex 67.7638 61.0332 0
      vertex 67.22 60.6699 0
    endloop
  endfacet
  facet normal 0 0 -1
    outer loop
      vertex 61.3514 96.6314 0
      vertex 69.72 100 0
      vertex 61.4894 96.474 0
    endloop
  endfacet
  facet normal 0 0 -1
    outer loop
      vertex 61.3514 68.3686 0
      vertex 67.22 60.6699 0
      vertex 66.6334 60.3806 0
    endloop
  endfacet
  facet normal -0 0 -1
    outer loop
      vertex 69.72 100 0
      vertex 61.3514 96.6314 0
      vertex 69.6772 100.653 0
    endloop
  endfacet
  facet normal 0 0 -1
    outer loop
      vertex 61.3514 68.3686 0
      vertex 66.6334 60.3806 0
      vertex 66.0141 60.1704 0
    endloop
  endfacet
  facet normal -0 0 -1
    outer loop
      vertex 69.6772 100.653 0
      vertex 61.3514 96.6314 0
      vertex 69.5496 101.294 0
    endloop
  endfacet
  facet normal 0 0 -1
    outer loop
      vertex 61.3514 68.3686 0
      vertex 66.0141 60.1704 0
      vertex 65.3726 60.0428 0
    endloop
  endfacet
  facet normal -0 0 -1
    outer loop
      vertex 69.5496 101.294 0
      vertex 61.3514 96.6314 0
      vertex 69.3394 101.913 0
    endloop
  endfacet
  facet normal 0 0 -1
    outer loop
      vertex 61.3514 68.3686 0
      vertex 65.3726 60.0428 0
      vertex 64.72 60 0
    endloop
  endfacet
  facet normal -0 0 -1
    outer loop
      vertex 69.3394 101.913 0
      vertex 61.3514 96.6314 0
      vertex 69.0501 102.5 0
    endloop
  endfacet
  facet normal -0 0 -1
    outer loop
      vertex 69.0501 102.5 0
      vertex 61.3514 96.6314 0
      vertex 68.6868 103.044 0
    endloop
  endfacet
  facet normal 0 0 -1
    outer loop
      vertex 69.72 65 0
      vertex 61.8063 69.2912 0
      vertex 61.82 69.5 0
    endloop
  endfacet
  facet normal 0 0 -1
    outer loop
      vertex 69.72 65 0
      vertex 61.7655 69.0859 0
      vertex 61.8063 69.2912 0
    endloop
  endfacet
  facet normal 0 0 -1
    outer loop
      vertex 69.72 65 0
      vertex 61.6982 68.8877 0
      vertex 61.7655 69.0859 0
    endloop
  endfacet
  facet normal 0 0 -1
    outer loop
      vertex 69.72 65 0
      vertex 61.6056 68.7 0
      vertex 61.6982 68.8877 0
    endloop
  endfacet
  facet normal 0 0 -1
    outer loop
      vertex 69.72 65 0
      vertex 61.4894 68.526 0
      vertex 61.6056 68.7 0
    endloop
  endfacet
  facet normal 0 0 -1
    outer loop
      vertex 69.72 65 0
      vertex 61.3514 68.3686 0
      vertex 61.4894 68.526 0
    endloop
  endfacet
  facet normal 0 0 -1
    outer loop
      vertex 64.72 60 0
      vertex 61.194 68.2306 0
      vertex 61.3514 68.3686 0
    endloop
  endfacet
  facet normal 0 0 -1
    outer loop
      vertex 64.72 60 0
      vertex 61.02 68.1144 0
      vertex 61.194 68.2306 0
    endloop
  endfacet
  facet normal 0 0 -1
    outer loop
      vertex 64.72 60 0
      vertex 60.8323 68.0218 0
      vertex 61.02 68.1144 0
    endloop
  endfacet
  facet normal 0 0 -1
    outer loop
      vertex 64.72 60 0
      vertex 60.6341 67.9545 0
      vertex 60.8323 68.0218 0
    endloop
  endfacet
  facet normal 0 0 -1
    outer loop
      vertex 64.72 60 0
      vertex 60.4288 67.9137 0
      vertex 60.6341 67.9545 0
    endloop
  endfacet
  facet normal 0 0 -1
    outer loop
      vertex 64.72 60 0
      vertex 60.22 67.9 0
      vertex 60.4288 67.9137 0
    endloop
  endfacet
  facet normal 0 0 -1
    outer loop
      vertex 64.72 60 0
      vertex 60.0112 67.9137 0
      vertex 60.22 67.9 0
    endloop
  endfacet
  facet normal 0 0 -1
    outer loop
      vertex 64.72 60 0
      vertex 59.8059 67.9545 0
      vertex 60.0112 67.9137 0
    endloop
  endfacet
  facet normal 0 0 -1
    outer loop
      vertex 64.72 60 0
      vertex 59.6077 68.0218 0
      vertex 59.8059 67.9545 0
    endloop
  endfacet
  facet normal 0 0 -1
    outer loop
      vertex 64.72 60 0
      vertex 59.42 68.1144 0
      vertex 59.6077 68.0218 0
    endloop
  endfacet
  facet normal 0 0 -1
    outer loop
      vertex 64.72 60 0
      vertex 59.246 68.2306 0
      vertex 59.42 68.1144 0
    endloop
  endfacet
  facet normal 0 0 -1
    outer loop
      vertex 64.72 60 0
      vertex 59.0886 68.3686 0
      vertex 59.246 68.2306 0
    endloop
  endfacet
  facet normal 0 0 -1
    outer loop
      vertex 10.6314 68.3686 0
      vertex 59.0886 68.3686 0
      vertex 64.72 60 0
    endloop
  endfacet
  facet normal 0 0 -1
    outer loop
      vertex 58.6745 95.0859 0
      vertex 11.1 95.5 0
      vertex 58.6337 95.2912 0
    endloop
  endfacet
  facet normal 0 0 -1
    outer loop
      vertex 58.6337 69.2912 0
      vertex 11.1 69.5 0
      vertex 58.62 69.5 0
    endloop
  endfacet
  facet normal 0 0 -1
    outer loop
      vertex 11.0863 69.2912 0
      vertex 58.6337 69.2912 0
      vertex 58.6745 69.0859 0
    endloop
  endfacet
  facet normal 0 0 -1
    outer loop
      vertex 11.0455 69.0859 0
      vertex 58.6745 69.0859 0
      vertex 58.7418 68.8877 0
    endloop
  endfacet
  facet normal 0 0 -1
    outer loop
      vertex 10.9782 68.8877 0
      vertex 58.7418 68.8877 0
      vertex 58.8344 68.7 0
    endloop
  endfacet
  facet normal 0 0 -1
    outer loop
      vertex 10.8856 68.7 0
      vertex 58.8344 68.7 0
      vertex 58.9506 68.526 0
    endloop
  endfacet
  facet normal 0 0 -1
    outer loop
      vertex 59.0886 68.3686 0
      vertex 10.6314 68.3686 0
      vertex 58.9506 68.526 0
    endloop
  endfacet
  facet normal 0 0 -1
    outer loop
      vertex 58.6337 69.2912 0
      vertex 11.0863 69.2912 0
      vertex 11.1 69.5 0
    endloop
  endfacet
  facet normal 0 0 -1
    outer loop
      vertex 58.6745 69.0859 0
      vertex 11.0455 69.0859 0
      vertex 11.0863 69.2912 0
    endloop
  endfacet
  facet normal 0 0 -1
    outer loop
      vertex 58.7418 68.8877 0
      vertex 10.9782 68.8877 0
      vertex 11.0455 69.0859 0
    endloop
  endfacet
  facet normal 0 0 -1
    outer loop
      vertex 58.8344 68.7 0
      vertex 10.8856 68.7 0
      vertex 10.9782 68.8877 0
    endloop
  endfacet
  facet normal 0 0 -1
    outer loop
      vertex 58.9506 68.526 0
      vertex 10.7694 68.526 0
      vertex 10.8856 68.7 0
    endloop
  endfacet
  facet normal -0 0 -1
    outer loop
      vertex 58.9506 68.526 0
      vertex 10.6314 68.3686 0
      vertex 10.7694 68.526 0
    endloop
  endfacet
  facet normal 0 0 -1
    outer loop
      vertex 5 60 0
      vertex 10.6314 68.3686 0
      vertex 64.72 60 0
    endloop
  endfacet
  facet normal 0 0 -1
    outer loop
      vertex 10.6314 68.3686 0
      vertex 5 60 0
      vertex 10.474 68.2306 0
    endloop
  endfacet
  facet normal 0 0 -1
    outer loop
      vertex 10.474 68.2306 0
      vertex 5 60 0
      vertex 10.3 68.1144 0
    endloop
  endfacet
  facet normal 0 0 -1
    outer loop
      vertex 10.3 68.1144 0
      vertex 5 60 0
      vertex 10.1123 68.0218 0
    endloop
  endfacet
  facet normal 0 0 -1
    outer loop
      vertex 10.1123 68.0218 0
      vertex 5 60 0
      vertex 9.91411 67.9545 0
    endloop
  endfacet
  facet normal 0 0 -1
    outer loop
      vertex 9.91411 67.9545 0
      vertex 5 60 0
      vertex 9.70884 67.9137 0
    endloop
  endfacet
  facet normal 0 0 -1
    outer loop
      vertex 9.70884 67.9137 0
      vertex 5 60 0
      vertex 9.5 67.9 0
    endloop
  endfacet
  facet normal -0 0 -1
    outer loop
      vertex 7.91369 69.2912 0
      vertex 0 65 0
      vertex 7.9 69.5 0
    endloop
  endfacet
  facet normal -0 0 -1
    outer loop
      vertex 7.95452 69.0859 0
      vertex 0 65 0
      vertex 7.91369 69.2912 0
    endloop
  endfacet
  facet normal -0 0 -1
    outer loop
      vertex 8.02179 68.8877 0
      vertex 0 65 0
      vertex 7.95452 69.0859 0
    endloop
  endfacet
  facet normal -0 0 -1
    outer loop
      vertex 8.11436 68.7 0
      vertex 0 65 0
      vertex 8.02179 68.8877 0
    endloop
  endfacet
  facet normal -0 0 -1
    outer loop
      vertex 8.23063 68.526 0
      vertex 0 65 0
      vertex 8.11436 68.7 0
    endloop
  endfacet
  facet normal -0 0 -1
    outer loop
      vertex 8.36863 68.3686 0
      vertex 0 65 0
      vertex 8.23063 68.526 0
    endloop
  endfacet
  facet normal 0 0 -1
    outer loop
      vertex 0 65 0
      vertex 8.36863 68.3686 0
      vertex 5 60 0
    endloop
  endfacet
  facet normal -0 0 -1
    outer loop
      vertex 8.52598 68.2306 0
      vertex 5 60 0
      vertex 8.36863 68.3686 0
    endloop
  endfacet
  facet normal -0 0 -1
    outer loop
      vertex 8.7 68.1144 0
      vertex 5 60 0
      vertex 8.52598 68.2306 0
    endloop
  endfacet
  facet normal -0 0 -1
    outer loop
      vertex 8.88771 68.0218 0
      vertex 5 60 0
      vertex 8.7 68.1144 0
    endloop
  endfacet
  facet normal -0 0 -1
    outer loop
      vertex 9.08589 67.9545 0
      vertex 5 60 0
      vertex 8.88771 68.0218 0
    endloop
  endfacet
  facet normal -0 0 -1
    outer loop
      vertex 9.29116 67.9137 0
      vertex 5 60 0
      vertex 9.08589 67.9545 0
    endloop
  endfacet
  facet normal -0 0 -1
    outer loop
      vertex 9.5 67.9 0
      vertex 5 60 0
      vertex 9.29116 67.9137 0
    endloop
  endfacet
  facet normal -0 0 -1
    outer loop
      vertex 68.6868 103.044 0
      vertex 61.3514 96.6314 0
      vertex 68.2555 103.536 0
    endloop
  endfacet
  facet normal -0 0 -1
    outer loop
      vertex 68.2555 103.536 0
      vertex 61.3514 96.6314 0
      vertex 67.7638 103.967 0
    endloop
  endfacet
  facet normal -0 0 -1
    outer loop
      vertex 67.7638 103.967 0
      vertex 61.3514 96.6314 0
      vertex 67.22 104.33 0
    endloop
  endfacet
  facet normal -0 0 -1
    outer loop
      vertex 67.22 104.33 0
      vertex 61.3514 96.6314 0
      vertex 66.6334 104.619 0
    endloop
  endfacet
  facet normal -0 0 -1
    outer loop
      vertex 66.6334 104.619 0
      vertex 61.3514 96.6314 0
      vertex 66.0141 104.83 0
    endloop
  endfacet
  facet normal -0 0 -1
    outer loop
      vertex 66.0141 104.83 0
      vertex 61.3514 96.6314 0
      vertex 65.3726 104.957 0
    endloop
  endfacet
  facet normal -0 0 -1
    outer loop
      vertex 65.3726 104.957 0
      vertex 61.3514 96.6314 0
      vertex 64.72 105 0
    endloop
  endfacet
  facet normal 0 0 -1
    outer loop
      vertex 61.194 96.7694 0
      vertex 64.72 105 0
      vertex 61.3514 96.6314 0
    endloop
  endfacet
  facet normal 0 0 -1
    outer loop
      vertex 61.02 96.8856 0
      vertex 64.72 105 0
      vertex 61.194 96.7694 0
    endloop
  endfacet
  facet normal 0 0 -1
    outer loop
      vertex 60.8323 96.9782 0
      vertex 64.72 105 0
      vertex 61.02 96.8856 0
    endloop
  endfacet
  facet normal 0 0 -1
    outer loop
      vertex 60.6341 97.0455 0
      vertex 64.72 105 0
      vertex 60.8323 96.9782 0
    endloop
  endfacet
  facet normal 0 0 -1
    outer loop
      vertex 60.4288 97.0863 0
      vertex 64.72 105 0
      vertex 60.6341 97.0455 0
    endloop
  endfacet
  facet normal 0 0 -1
    outer loop
      vertex 60.22 97.1 0
      vertex 64.72 105 0
      vertex 60.4288 97.0863 0
    endloop
  endfacet
  facet normal 0 0 -1
    outer loop
      vertex 60.0112 97.0863 0
      vertex 64.72 105 0
      vertex 60.22 97.1 0
    endloop
  endfacet
  facet normal 0 0 -1
    outer loop
      vertex 59.8059 97.0455 0
      vertex 64.72 105 0
      vertex 60.0112 97.0863 0
    endloop
  endfacet
  facet normal 0 0 -1
    outer loop
      vertex 59.6077 96.9782 0
      vertex 64.72 105 0
      vertex 59.8059 97.0455 0
    endloop
  endfacet
  facet normal 0 0 -1
    outer loop
      vertex 59.42 96.8856 0
      vertex 64.72 105 0
      vertex 59.6077 96.9782 0
    endloop
  endfacet
  facet normal 0 0 -1
    outer loop
      vertex 59.246 96.7694 0
      vertex 64.72 105 0
      vertex 59.42 96.8856 0
    endloop
  endfacet
  facet normal 0 0 -1
    outer loop
      vertex 59.0886 96.6314 0
      vertex 64.72 105 0
      vertex 59.246 96.7694 0
    endloop
  endfacet
  facet normal 0 0 -1
    outer loop
      vertex 10.6314 96.6314 0
      vertex 59.0886 96.6314 0
      vertex 58.9506 96.474 0
    endloop
  endfacet
  facet normal 0 0 -1
    outer loop
      vertex 58.6337 95.2912 0
      vertex 11.1 95.5 0
      vertex 58.62 95.5 0
    endloop
  endfacet
  facet normal 0 0 -1
    outer loop
      vertex 58.62 95.5 0
      vertex 11.1 95.5 0
      vertex 58.6337 95.7088 0
    endloop
  endfacet
  facet normal 0 0 -1
    outer loop
      vertex 11.0863 95.7088 0
      vertex 58.6337 95.7088 0
      vertex 11.1 95.5 0
    endloop
  endfacet
  facet normal 0 0 -1
    outer loop
      vertex 58.6337 95.7088 0
      vertex 11.0863 95.7088 0
      vertex 58.6745 95.9141 0
    endloop
  endfacet
  facet normal 0 0 -1
    outer loop
      vertex 11.0455 95.9141 0
      vertex 58.6745 95.9141 0
      vertex 11.0863 95.7088 0
    endloop
  endfacet
  facet normal 0 0 -1
    outer loop
      vertex 58.6745 95.9141 0
      vertex 11.0455 95.9141 0
      vertex 58.7418 96.1123 0
    endloop
  endfacet
  facet normal 0 0 -1
    outer loop
      vertex 10.9782 96.1123 0
      vertex 58.7418 96.1123 0
      vertex 11.0455 95.9141 0
    endloop
  endfacet
  facet normal 0 0 -1
    outer loop
      vertex 58.7418 96.1123 0
      vertex 10.9782 96.1123 0
      vertex 58.8344 96.3 0
    endloop
  endfacet
  facet normal 0 0 -1
    outer loop
      vertex 10.8856 96.3 0
      vertex 58.8344 96.3 0
      vertex 10.9782 96.1123 0
    endloop
  endfacet
  facet normal 0 0 -1
    outer loop
      vertex 58.8344 96.3 0
      vertex 10.8856 96.3 0
      vertex 58.9506 96.474 0
    endloop
  endfacet
  facet normal 0 0 -1
    outer loop
      vertex 10.7694 96.474 0
      vertex 58.9506 96.474 0
      vertex 10.8856 96.3 0
    endloop
  endfacet
  facet normal 0 0 -1
    outer loop
      vertex 10.6314 96.6314 0
      vertex 58.9506 96.474 0
      vertex 10.7694 96.474 0
    endloop
  endfacet
  facet normal 0 0 -1
    outer loop
      vertex 59.0886 96.6314 0
      vertex 10.6314 96.6314 0
      vertex 64.72 105 0
    endloop
  endfacet
  facet normal 0 0 -1
    outer loop
      vertex 5 105 0
      vertex 10.6314 96.6314 0
      vertex 10.474 96.7694 0
    endloop
  endfacet
  facet normal 0 0 -1
    outer loop
      vertex 5 105 0
      vertex 10.474 96.7694 0
      vertex 10.3 96.8856 0
    endloop
  endfacet
  facet normal 0 0 -1
    outer loop
      vertex 5 105 0
      vertex 10.3 96.8856 0
      vertex 10.1123 96.9782 0
    endloop
  endfacet
  facet normal 0 0 -1
    outer loop
      vertex 5 105 0
      vertex 10.1123 96.9782 0
      vertex 9.91411 97.0455 0
    endloop
  endfacet
  facet normal 0 0 -1
    outer loop
      vertex 5 105 0
      vertex 9.91411 97.0455 0
      vertex 9.70884 97.0863 0
    endloop
  endfacet
  facet normal 0 0 -1
    outer loop
      vertex 5 105 0
      vertex 9.70884 97.0863 0
      vertex 9.5 97.1 0
    endloop
  endfacet
  facet normal 0 0 -1
    outer loop
      vertex 5 105 0
      vertex 9.5 97.1 0
      vertex 9.29116 97.0863 0
    endloop
  endfacet
  facet normal 0 0 -1
    outer loop
      vertex 7.95452 95.0859 0
      vertex 0 100 0
      vertex 7.91369 95.2912 0
    endloop
  endfacet
  facet normal 0 0 -1
    outer loop
      vertex 10.6314 96.6314 0
      vertex 5 105 0
      vertex 64.72 105 0
    endloop
  endfacet
  facet normal 0 0 -1
    outer loop
      vertex 9.08589 97.0455 0
      vertex 5 105 0
      vertex 9.29116 97.0863 0
    endloop
  endfacet
  facet normal 0 0 -1
    outer loop
      vertex 8.88771 96.9782 0
      vertex 5 105 0
      vertex 9.08589 97.0455 0
    endloop
  endfacet
  facet normal 0 0 -1
    outer loop
      vertex 8.7 96.8856 0
      vertex 5 105 0
      vertex 8.88771 96.9782 0
    endloop
  endfacet
  facet normal 0 0 -1
    outer loop
      vertex 8.52598 96.7694 0
      vertex 5 105 0
      vertex 8.7 96.8856 0
    endloop
  endfacet
  facet normal 0 0 -1
    outer loop
      vertex 8.36863 96.6314 0
      vertex 5 105 0
      vertex 8.52598 96.7694 0
    endloop
  endfacet
  facet normal 0 0 -1
    outer loop
      vertex 0 100 0
      vertex 8.36863 96.6314 0
      vertex 8.23063 96.474 0
    endloop
  endfacet
  facet normal 0 0 -1
    outer loop
      vertex 0 100 0
      vertex 8.23063 96.474 0
      vertex 8.11436 96.3 0
    endloop
  endfacet
  facet normal 0 0 -1
    outer loop
      vertex 0 100 0
      vertex 8.11436 96.3 0
      vertex 8.02179 96.1123 0
    endloop
  endfacet
  facet normal 0 0 -1
    outer loop
      vertex 0 100 0
      vertex 8.02179 96.1123 0
      vertex 7.95452 95.9141 0
    endloop
  endfacet
  facet normal 0 0 -1
    outer loop
      vertex 0 100 0
      vertex 7.95452 95.9141 0
      vertex 7.91369 95.7088 0
    endloop
  endfacet
  facet normal 0 0 -1
    outer loop
      vertex 7.91369 95.2912 0
      vertex 0 100 0
      vertex 7.9 95.5 0
    endloop
  endfacet
  facet normal 0 0 -1
    outer loop
      vertex 0 65 0
      vertex 5 60 0
      vertex 4.34737 60.0428 0
    endloop
  endfacet
  facet normal 0 0 -1
    outer loop
      vertex 7.9 95.5 0
      vertex 0 100 0
      vertex 7.91369 95.7088 0
    endloop
  endfacet
  facet normal 0 0 -1
    outer loop
      vertex 0 65 0
      vertex 4.34737 60.0428 0
      vertex 3.7059 60.1704 0
    endloop
  endfacet
  facet normal 0 -0 -1
    outer loop
      vertex 1.03323 103.044 0
      vertex 8.36863 96.6314 0
      vertex 0 100 0
    endloop
  endfacet
  facet normal 0 0 -1
    outer loop
      vertex 0 65 0
      vertex 3.7059 60.1704 0
      vertex 3.08658 60.3806 0
    endloop
  endfacet
  facet normal 0 0 -1
    outer loop
      vertex 8.36863 96.6314 0
      vertex 4.34737 104.957 0
      vertex 5 105 0
    endloop
  endfacet
  facet normal 0 0 -1
    outer loop
      vertex 0 65 0
      vertex 3.08658 60.3806 0
      vertex 2.5 60.6699 0
    endloop
  endfacet
  facet normal 0 0 -1
    outer loop
      vertex 8.36863 96.6314 0
      vertex 3.7059 104.83 0
      vertex 4.34737 104.957 0
    endloop
  endfacet
  facet normal 0 0 -1
    outer loop
      vertex 0 65 0
      vertex 2.5 60.6699 0
      vertex 1.95619 61.0332 0
    endloop
  endfacet
  facet normal 0 0 -1
    outer loop
      vertex 8.36863 96.6314 0
      vertex 3.08658 104.619 0
      vertex 3.7059 104.83 0
    endloop
  endfacet
  facet normal 0 0 -1
    outer loop
      vertex 0 65 0
      vertex 1.95619 61.0332 0
      vertex 1.46447 61.4645 0
    endloop
  endfacet
  facet normal 0 0 -1
    outer loop
      vertex 8.36863 96.6314 0
      vertex 2.5 104.33 0
      vertex 3.08658 104.619 0
    endloop
  endfacet
  facet normal 0 0 -1
    outer loop
      vertex 0 65 0
      vertex 1.46447 61.4645 0
      vertex 1.03323 61.9562 0
    endloop
  endfacet
  facet normal 0 0 -1
    outer loop
      vertex 8.36863 96.6314 0
      vertex 1.95619 103.967 0
      vertex 2.5 104.33 0
    endloop
  endfacet
  facet normal 0 0 -1
    outer loop
      vertex 0 65 0
      vertex 1.03323 61.9562 0
      vertex 0.669872 62.5 0
    endloop
  endfacet
  facet normal 0 0 -1
    outer loop
      vertex 8.36863 96.6314 0
      vertex 1.46447 103.536 0
      vertex 1.95619 103.967 0
    endloop
  endfacet
  facet normal 0 0 -1
    outer loop
      vertex 0 65 0
      vertex 0.669872 62.5 0
      vertex 0.380602 63.0866 0
    endloop
  endfacet
  facet normal 0 0 -1
    outer loop
      vertex 8.36863 96.6314 0
      vertex 1.03323 103.044 0
      vertex 1.46447 103.536 0
    endloop
  endfacet
  facet normal 0 0 -1
    outer loop
      vertex 0 65 0
      vertex 0.380602 63.0866 0
      vertex 0.17037 63.7059 0
    endloop
  endfacet
  facet normal 0 0 -1
    outer loop
      vertex 1.03323 103.044 0
      vertex 0 100 0
      vertex 0.669872 102.5 0
    endloop
  endfacet
  facet normal 0 0 -1
    outer loop
      vertex 0 65 0
      vertex 0.17037 63.7059 0
      vertex 0.0427752 64.3474 0
    endloop
  endfacet
  facet normal 0 0 -1
    outer loop
      vertex 0.669872 102.5 0
      vertex 0 100 0
      vertex 0.380602 101.913 0
    endloop
  endfacet
  facet normal 0 0 -1
    outer loop
      vertex 0.380602 101.913 0
      vertex 0 100 0
      vertex 0.17037 101.294 0
    endloop
  endfacet
  facet normal 0 0 -1
    outer loop
      vertex 0.17037 101.294 0
      vertex 0 100 0
      vertex 0.0427752 100.653 0
    endloop
  endfacet
  facet normal -0.321397 -0.946944 0
    outer loop
      vertex 3.08658 60.3806 0
      vertex 3.7059 60.1704 3
      vertex 3.08658 60.3806 3
    endloop
  endfacet
  facet normal -0.321397 -0.946944 -0
    outer loop
      vertex 3.7059 60.1704 3
      vertex 3.08658 60.3806 0
      vertex 3.7059 60.1704 0
    endloop
  endfacet
  facet normal -0.946926 -0.32145 0
    outer loop
      vertex 0.380602 63.0866 0
      vertex 0.17037 63.7059 3
      vertex 0.17037 63.7059 0
    endloop
  endfacet
  facet normal -0.946926 -0.32145 0
    outer loop
      vertex 0.17037 63.7059 3
      vertex 0.380602 63.0866 0
      vertex 0.380602 63.0866 3
    endloop
  endfacet
  facet normal -0.831562 0.555432 0
    outer loop
      vertex 0.669872 102.5 0
      vertex 1.03323 103.044 3
      vertex 1.03323 103.044 0
    endloop
  endfacet
  facet normal -0.831562 0.555432 0
    outer loop
      vertex 1.03323 103.044 3
      vertex 0.669872 102.5 0
      vertex 0.669872 102.5 3
    endloop
  endfacet
  facet normal 0.321407 -0.946941 0
    outer loop
      vertex 66.0141 60.1704 0
      vertex 66.6334 60.3806 3
      vertex 66.0141 60.1704 3
    endloop
  endfacet
  facet normal 0.321407 -0.946941 0
    outer loop
      vertex 66.6334 60.3806 3
      vertex 66.0141 60.1704 0
      vertex 66.6334 60.3806 0
    endloop
  endfacet
  facet normal -1 0 0
    outer loop
      vertex 0 65 0
      vertex 0 100 3
      vertex 0 100 0
    endloop
  endfacet
  facet normal -1 -0 0
    outer loop
      vertex 0 100 3
      vertex 0 65 0
      vertex 0 65 3
    endloop
  endfacet
  facet normal -0.441957 0.897036 0
    outer loop
      vertex 3.08658 104.619 0
      vertex 2.5 104.33 3
      vertex 3.08658 104.619 3
    endloop
  endfacet
  facet normal -0.441957 0.897036 0
    outer loop
      vertex 2.5 104.33 3
      vertex 3.08658 104.619 0
      vertex 2.5 104.33 0
    endloop
  endfacet
  facet normal 0.322503 0.946569 -0
    outer loop
      vertex 66.6334 104.619 0
      vertex 66.0141 104.83 3
      vertex 66.6334 104.619 3
    endloop
  endfacet
  facet normal 0.322503 0.946569 0
    outer loop
      vertex 66.0141 104.83 3
      vertex 66.6334 104.619 0
      vertex 66.0141 104.83 0
    endloop
  endfacet
  facet normal 1 -0 0
    outer loop
      vertex 69.72 65 3
      vertex 69.72 100 0
      vertex 69.72 100 3
    endloop
  endfacet
  facet normal 1 0 0
    outer loop
      vertex 69.72 100 0
      vertex 69.72 65 3
      vertex 69.72 65 0
    endloop
  endfacet
  facet normal -0.195096 -0.980784 0
    outer loop
      vertex 3.7059 60.1704 0
      vertex 4.34737 60.0428 3
      vertex 3.7059 60.1704 3
    endloop
  endfacet
  facet normal -0.195096 -0.980784 -0
    outer loop
      vertex 4.34737 60.0428 3
      vertex 3.7059 60.1704 0
      vertex 4.34737 60.0428 0
    endloop
  endfacet
  facet normal 0.89698 0.442072 0
    outer loop
      vertex 69.3394 101.913 3
      vertex 69.0501 102.5 0
      vertex 69.0501 102.5 3
    endloop
  endfacet
  facet normal 0.89698 0.442072 0
    outer loop
      vertex 69.0501 102.5 0
      vertex 69.3394 101.913 3
      vertex 69.3394 101.913 0
    endloop
  endfacet
  facet normal 0 -1 0
    outer loop
      vertex 5 60 0
      vertex 64.72 60 3
      vertex 5 60 3
    endloop
  endfacet
  facet normal 0 -1 -0
    outer loop
      vertex 64.72 60 3
      vertex 5 60 0
      vertex 64.72 60 0
    endloop
  endfacet
  facet normal -0.831468 -0.555573 0
    outer loop
      vertex 1.03323 61.9562 0
      vertex 0.669872 62.5 3
      vertex 0.669872 62.5 0
    endloop
  endfacet
  facet normal -0.831468 -0.555573 0
    outer loop
      vertex 0.669872 62.5 3
      vertex 1.03323 61.9562 0
      vertex 1.03323 61.9562 3
    endloop
  endfacet
  facet normal -0.0654402 -0.997856 0
    outer loop
      vertex 4.34737 60.0428 0
      vertex 5 60 3
      vertex 4.34737 60.0428 3
    endloop
  endfacet
  facet normal -0.0654402 -0.997856 -0
    outer loop
      vertex 5 60 3
      vertex 4.34737 60.0428 0
      vertex 5 60 0
    endloop
  endfacet
  facet normal 0.555512 -0.831509 0
    outer loop
      vertex 67.22 60.6699 0
      vertex 67.7638 61.0332 3
      vertex 67.22 60.6699 3
    endloop
  endfacet
  facet normal 0.555512 -0.831509 0
    outer loop
      vertex 67.7638 61.0332 3
      vertex 67.22 60.6699 0
      vertex 67.7638 61.0332 0
    endloop
  endfacet
  facet normal 0 1 -0
    outer loop
      vertex 64.72 105 0
      vertex 5 105 3
      vertex 64.72 105 3
    endloop
  endfacet
  facet normal 0 1 0
    outer loop
      vertex 5 105 3
      vertex 64.72 105 0
      vertex 5 105 0
    endloop
  endfacet
  facet normal -0.659409 -0.751784 0
    outer loop
      vertex 1.46447 61.4645 0
      vertex 1.95619 61.0332 3
      vertex 1.46447 61.4645 3
    endloop
  endfacet
  facet normal -0.659409 -0.751784 -0
    outer loop
      vertex 1.95619 61.0332 3
      vertex 1.46447 61.4645 0
      vertex 1.95619 61.0332 0
    endloop
  endfacet
  facet normal 0.75197 0.659197 0
    outer loop
      vertex 68.6868 103.044 3
      vertex 68.2555 103.536 0
      vertex 68.2555 103.536 3
    endloop
  endfacet
  facet normal 0.75197 0.659197 0
    outer loop
      vertex 68.2555 103.536 0
      vertex 68.6868 103.044 3
      vertex 68.6868 103.044 0
    endloop
  endfacet
  facet normal 0.980786 -0.195087 0
    outer loop
      vertex 69.5496 63.7059 3
      vertex 69.6772 64.3474 0
      vertex 69.6772 64.3474 3
    endloop
  endfacet
  facet normal 0.980786 -0.195087 0
    outer loop
      vertex 69.6772 64.3474 0
      vertex 69.5496 63.7059 3
      vertex 69.5496 63.7059 0
    endloop
  endfacet
  facet normal 0.997856 -0.0654432 0
    outer loop
      vertex 69.6772 64.3474 3
      vertex 69.72 65 0
      vertex 69.72 65 3
    endloop
  endfacet
  facet normal 0.997856 -0.0654432 0
    outer loop
      vertex 69.72 65 0
      vertex 69.6772 64.3474 3
      vertex 69.6772 64.3474 0
    endloop
  endfacet
  facet normal 0.0657477 0.997836 -0
    outer loop
      vertex 65.3726 104.957 0
      vertex 64.72 105 3
      vertex 65.3726 104.957 3
    endloop
  endfacet
  facet normal 0.0657477 0.997836 0
    outer loop
      vertex 64.72 105 3
      vertex 65.3726 104.957 0
      vertex 64.72 105 0
    endloop
  endfacet
  facet normal -0.0657447 0.997836 0
    outer loop
      vertex 5 105 0
      vertex 4.34737 104.957 3
      vertex 5 105 3
    endloop
  endfacet
  facet normal -0.0657447 0.997836 0
    outer loop
      vertex 4.34737 104.957 3
      vertex 5 105 0
      vertex 4.34737 104.957 0
    endloop
  endfacet
  facet normal 0.442314 -0.89686 0
    outer loop
      vertex 66.6334 60.3806 0
      vertex 67.22 60.6699 3
      vertex 66.6334 60.3806 3
    endloop
  endfacet
  facet normal 0.442314 -0.89686 0
    outer loop
      vertex 67.22 60.6699 3
      vertex 66.6334 60.3806 0
      vertex 67.22 60.6699 0
    endloop
  endfacet
  facet normal 0.194204 0.980961 -0
    outer loop
      vertex 66.0141 104.83 0
      vertex 65.3726 104.957 3
      vertex 66.0141 104.83 3
    endloop
  endfacet
  facet normal 0.194204 0.980961 0
    outer loop
      vertex 65.3726 104.957 3
      vertex 66.0141 104.83 0
      vertex 65.3726 104.957 0
    endloop
  endfacet
  facet normal -0.752016 0.659145 0
    outer loop
      vertex 1.03323 103.044 0
      vertex 1.46447 103.536 3
      vertex 1.46447 103.536 0
    endloop
  endfacet
  facet normal -0.752016 0.659145 0
    outer loop
      vertex 1.46447 103.536 3
      vertex 1.03323 103.044 0
      vertex 1.03323 103.044 3
    endloop
  endfacet
  facet normal 0.195087 -0.980786 0
    outer loop
      vertex 65.3726 60.0428 0
      vertex 66.0141 60.1704 3
      vertex 65.3726 60.0428 3
    endloop
  endfacet
  facet normal 0.195087 -0.980786 0
    outer loop
      vertex 66.0141 60.1704 3
      vertex 65.3726 60.0428 0
      vertex 66.0141 60.1704 0
    endloop
  endfacet
  facet normal 0.0654432 -0.997856 0
    outer loop
      vertex 64.72 60 0
      vertex 65.3726 60.0428 3
      vertex 64.72 60 3
    endloop
  endfacet
  facet normal 0.0654432 -0.997856 0
    outer loop
      vertex 65.3726 60.0428 3
      vertex 64.72 60 0
      vertex 65.3726 60.0428 0
    endloop
  endfacet
  facet normal -0.896878 -0.442277 0
    outer loop
      vertex 0.669872 62.5 0
      vertex 0.380602 63.0866 3
      vertex 0.380602 63.0866 0
    endloop
  endfacet
  facet normal -0.896878 -0.442277 0
    outer loop
      vertex 0.380602 63.0866 3
      vertex 0.669872 62.5 0
      vertex 0.669872 62.5 3
    endloop
  endfacet
  facet normal 0.997859 0.0654033 0
    outer loop
      vertex 69.72 100 3
      vertex 69.6772 100.653 0
      vertex 69.6772 100.653 3
    endloop
  endfacet
  facet normal 0.997859 0.0654033 0
    outer loop
      vertex 69.6772 100.653 0
      vertex 69.72 100 3
      vertex 69.72 100 0
    endloop
  endfacet
  facet normal -0.997861 0.0653656 0
    outer loop
      vertex 0 100 0
      vertex 0.0427752 100.653 3
      vertex 0.0427752 100.653 0
    endloop
  endfacet
  facet normal -0.997861 0.0653656 0
    outer loop
      vertex 0.0427752 100.653 3
      vertex 0 100 0
      vertex 0 100 3
    endloop
  endfacet
  facet normal -0.555187 0.831725 0
    outer loop
      vertex 2.5 104.33 0
      vertex 1.95619 103.967 3
      vertex 2.5 104.33 3
    endloop
  endfacet
  facet normal -0.555187 0.831725 0
    outer loop
      vertex 1.95619 103.967 3
      vertex 2.5 104.33 0
      vertex 1.95619 103.967 0
    endloop
  endfacet
  facet normal -0.65915 0.752012 0
    outer loop
      vertex 1.95619 103.967 0
      vertex 1.46447 103.536 3
      vertex 1.95619 103.967 3
    endloop
  endfacet
  facet normal -0.65915 0.752012 0
    outer loop
      vertex 1.46447 103.536 3
      vertex 1.95619 103.967 0
      vertex 1.46447 103.536 0
    endloop
  endfacet
  facet normal -0.194213 0.980959 0
    outer loop
      vertex 4.34737 104.957 0
      vertex 3.7059 104.83 3
      vertex 4.34737 104.957 3
    endloop
  endfacet
  facet normal -0.194213 0.980959 0
    outer loop
      vertex 3.7059 104.83 3
      vertex 4.34737 104.957 0
      vertex 3.7059 104.83 0
    endloop
  endfacet
  facet normal -0.896998 0.442035 0
    outer loop
      vertex 0.380602 101.913 0
      vertex 0.669872 102.5 3
      vertex 0.669872 102.5 0
    endloop
  endfacet
  facet normal -0.896998 0.442035 0
    outer loop
      vertex 0.669872 102.5 3
      vertex 0.380602 101.913 0
      vertex 0.380602 101.913 3
    endloop
  endfacet
  facet normal -0.980787 -0.195079 0
    outer loop
      vertex 0.17037 63.7059 0
      vertex 0.0427752 64.3474 3
      vertex 0.0427752 64.3474 0
    endloop
  endfacet
  facet normal -0.980787 -0.195079 0
    outer loop
      vertex 0.0427752 64.3474 3
      vertex 0.17037 63.7059 0
      vertex 0.17037 63.7059 3
    endloop
  endfacet
  facet normal -0.980758 0.195226 0
    outer loop
      vertex 0.0427752 100.653 0
      vertex 0.17037 101.294 3
      vertex 0.17037 101.294 0
    endloop
  endfacet
  facet normal -0.980758 0.195226 0
    outer loop
      vertex 0.17037 101.294 3
      vertex 0.0427752 100.653 0
      vertex 0.0427752 100.653 3
    endloop
  endfacet
  facet normal 0.946894 0.321546 0
    outer loop
      vertex 69.5496 101.294 3
      vertex 69.3394 101.913 0
      vertex 69.3394 101.913 3
    endloop
  endfacet
  facet normal 0.946894 0.321546 0
    outer loop
      vertex 69.3394 101.913 0
      vertex 69.5496 101.294 3
      vertex 69.5496 101.294 0
    endloop
  endfacet
  facet normal 0.831603 0.55537 0
    outer loop
      vertex 69.0501 102.5 3
      vertex 68.6868 103.044 0
      vertex 68.6868 103.044 3
    endloop
  endfacet
  facet normal 0.831603 0.55537 0
    outer loop
      vertex 68.6868 103.044 0
      vertex 69.0501 102.5 3
      vertex 69.0501 102.5 0
    endloop
  endfacet
  facet normal -0.555504 -0.831514 0
    outer loop
      vertex 1.95619 61.0332 0
      vertex 2.5 60.6699 3
      vertex 1.95619 61.0332 3
    endloop
  endfacet
  facet normal -0.555504 -0.831514 -0
    outer loop
      vertex 2.5 60.6699 3
      vertex 1.95619 61.0332 0
      vertex 2.5 60.6699 0
    endloop
  endfacet
  facet normal 0.980757 0.195233 0
    outer loop
      vertex 69.6772 100.653 3
      vertex 69.5496 101.294 0
      vertex 69.5496 101.294 3
    endloop
  endfacet
  facet normal 0.980757 0.195233 0
    outer loop
      vertex 69.5496 101.294 0
      vertex 69.6772 100.653 3
      vertex 69.6772 100.653 0
    endloop
  endfacet
  facet normal -0.997859 -0.0654055 0
    outer loop
      vertex 0.0427752 64.3474 0
      vertex 0 65 3
      vertex 0 65 0
    endloop
  endfacet
  facet normal -0.997859 -0.0654055 0
    outer loop
      vertex 0 65 3
      vertex 0.0427752 64.3474 0
      vertex 0.0427752 64.3474 3
    endloop
  endfacet
  facet normal -0.751817 -0.659372 0
    outer loop
      vertex 1.46447 61.4645 0
      vertex 1.03323 61.9562 3
      vertex 1.03323 61.9562 0
    endloop
  endfacet
  facet normal -0.751817 -0.659372 0
    outer loop
      vertex 1.03323 61.9562 3
      vertex 1.46447 61.4645 0
      vertex 1.46447 61.4645 3
    endloop
  endfacet
  facet normal 0.831509 -0.555512 0
    outer loop
      vertex 68.6868 61.9562 3
      vertex 69.0501 62.5 0
      vertex 69.0501 62.5 3
    endloop
  endfacet
  facet normal 0.831509 -0.555512 0
    outer loop
      vertex 69.0501 62.5 0
      vertex 68.6868 61.9562 3
      vertex 68.6868 61.9562 0
    endloop
  endfacet
  facet normal 0.89686 -0.442314 0
    outer loop
      vertex 69.0501 62.5 3
      vertex 69.3394 63.0866 0
      vertex 69.3394 63.0866 3
    endloop
  endfacet
  facet normal 0.89686 -0.442314 0
    outer loop
      vertex 69.3394 63.0866 0
      vertex 69.0501 62.5 3
      vertex 69.0501 62.5 0
    endloop
  endfacet
  facet normal 0.751771 -0.659424 0
    outer loop
      vertex 68.2555 61.4645 3
      vertex 68.6868 61.9562 0
      vertex 68.6868 61.9562 3
    endloop
  endfacet
  facet normal 0.751771 -0.659424 0
    outer loop
      vertex 68.6868 61.9562 0
      vertex 68.2555 61.4645 3
      vertex 68.2555 61.4645 0
    endloop
  endfacet
  facet normal -0.946879 0.32159 0
    outer loop
      vertex 0.17037 101.294 0
      vertex 0.380602 101.913 3
      vertex 0.380602 101.913 0
    endloop
  endfacet
  facet normal -0.946879 0.32159 0
    outer loop
      vertex 0.380602 101.913 3
      vertex 0.17037 101.294 0
      vertex 0.17037 101.294 3
    endloop
  endfacet
  facet normal 0 0 1
    outer loop
      vertex 66.22 100 3
      vertex 69.72 100 3
      vertex 69.6772 100.653 3
    endloop
  endfacet
  facet normal 0 0 1
    outer loop
      vertex 69.72 100 3
      vertex 66.22 100 3
      vertex 69.72 65 3
    endloop
  endfacet
  facet normal 0 0 1
    outer loop
      vertex 66.2072 100.196 3
      vertex 69.6772 100.653 3
      vertex 69.5496 101.294 3
    endloop
  endfacet
  facet normal 0 0 1
    outer loop
      vertex 66.22 65 3
      vertex 69.72 65 3
      vertex 66.22 100 3
    endloop
  endfacet
  facet normal 0 0 1
    outer loop
      vertex 66.1689 100.388 3
      vertex 69.5496 101.294 3
      vertex 69.3394 101.913 3
    endloop
  endfacet
  facet normal 0 0 1
    outer loop
      vertex 69.72 65 3
      vertex 66.22 65 3
      vertex 69.6772 64.3474 3
    endloop
  endfacet
  facet normal 0 0 1
    outer loop
      vertex 66.1058 100.574 3
      vertex 69.3394 101.913 3
      vertex 69.0501 102.5 3
    endloop
  endfacet
  facet normal -0 0 1
    outer loop
      vertex 66.2072 64.8042 3
      vertex 69.6772 64.3474 3
      vertex 66.22 65 3
    endloop
  endfacet
  facet normal 0 0 1
    outer loop
      vertex 66.019 100.75 3
      vertex 69.0501 102.5 3
      vertex 68.6868 103.044 3
    endloop
  endfacet
  facet normal 0 0 1
    outer loop
      vertex 69.6772 64.3474 3
      vertex 66.2072 64.8042 3
      vertex 69.5496 63.7059 3
    endloop
  endfacet
  facet normal 0 0 1
    outer loop
      vertex 65.91 100.913 3
      vertex 68.6868 103.044 3
      vertex 68.2555 103.536 3
    endloop
  endfacet
  facet normal -0 0 1
    outer loop
      vertex 66.1689 64.6118 3
      vertex 69.5496 63.7059 3
      vertex 66.2072 64.8042 3
    endloop
  endfacet
  facet normal 0 0 1
    outer loop
      vertex 65.7807 101.061 3
      vertex 68.2555 103.536 3
      vertex 67.7638 103.967 3
    endloop
  endfacet
  facet normal 0 0 1
    outer loop
      vertex 69.5496 63.7059 3
      vertex 66.1689 64.6118 3
      vertex 69.3394 63.0866 3
    endloop
  endfacet
  facet normal 0 0 1
    outer loop
      vertex 65.6331 101.19 3
      vertex 67.7638 103.967 3
      vertex 67.22 104.33 3
    endloop
  endfacet
  facet normal -0 0 1
    outer loop
      vertex 66.1058 64.426 3
      vertex 69.3394 63.0866 3
      vertex 66.1689 64.6118 3
    endloop
  endfacet
  facet normal 0 0 1
    outer loop
      vertex 65.47 101.299 3
      vertex 67.22 104.33 3
      vertex 66.6334 104.619 3
    endloop
  endfacet
  facet normal 0 0 1
    outer loop
      vertex 69.3394 63.0866 3
      vertex 66.1058 64.426 3
      vertex 69.0501 62.5 3
    endloop
  endfacet
  facet normal -0 0 1
    outer loop
      vertex 66.019 64.25 3
      vertex 69.0501 62.5 3
      vertex 66.1058 64.426 3
    endloop
  endfacet
  facet normal 0 0 1
    outer loop
      vertex 69.6772 100.653 3
      vertex 66.2072 100.196 3
      vertex 66.22 100 3
    endloop
  endfacet
  facet normal 0 0 1
    outer loop
      vertex 69.5496 101.294 3
      vertex 66.1689 100.388 3
      vertex 66.2072 100.196 3
    endloop
  endfacet
  facet normal 0 0 1
    outer loop
      vertex 69.3394 101.913 3
      vertex 66.1058 100.574 3
      vertex 66.1689 100.388 3
    endloop
  endfacet
  facet normal 0 0 1
    outer loop
      vertex 69.0501 102.5 3
      vertex 66.019 100.75 3
      vertex 66.1058 100.574 3
    endloop
  endfacet
  facet normal 0 0 1
    outer loop
      vertex 65.294 101.386 3
      vertex 66.6334 104.619 3
      vertex 66.0141 104.83 3
    endloop
  endfacet
  facet normal 0 0 1
    outer loop
      vertex 68.6868 103.044 3
      vertex 65.91 100.913 3
      vertex 66.019 100.75 3
    endloop
  endfacet
  facet normal 0 0 1
    outer loop
      vertex 68.2555 103.536 3
      vertex 65.7807 101.061 3
      vertex 65.91 100.913 3
    endloop
  endfacet
  facet normal 0 0 1
    outer loop
      vertex 67.7638 103.967 3
      vertex 65.6331 101.19 3
      vertex 65.7807 101.061 3
    endloop
  endfacet
  facet normal 0 0 1
    outer loop
      vertex 67.22 104.33 3
      vertex 65.47 101.299 3
      vertex 65.6331 101.19 3
    endloop
  endfacet
  facet normal 0 0 1
    outer loop
      vertex 65.1082 101.449 3
      vertex 66.0141 104.83 3
      vertex 65.3726 104.957 3
    endloop
  endfacet
  facet normal 0 0 1
    outer loop
      vertex 66.6334 104.619 3
      vertex 65.294 101.386 3
      vertex 65.47 101.299 3
    endloop
  endfacet
  facet normal 0 0 1
    outer loop
      vertex 66.0141 104.83 3
      vertex 65.1082 101.449 3
      vertex 65.294 101.386 3
    endloop
  endfacet
  facet normal 0 0 1
    outer loop
      vertex 65.3726 104.957 3
      vertex 64.9158 101.487 3
      vertex 65.1082 101.449 3
    endloop
  endfacet
  facet normal 0 0 1
    outer loop
      vertex 64.72 105 3
      vertex 64.9158 101.487 3
      vertex 65.3726 104.957 3
    endloop
  endfacet
  facet normal 0 0 1
    outer loop
      vertex 64.72 105 3
      vertex 64.72 101.5 3
      vertex 64.9158 101.487 3
    endloop
  endfacet
  facet normal -0 0 1
    outer loop
      vertex 5 105 3
      vertex 64.72 101.5 3
      vertex 64.72 105 3
    endloop
  endfacet
  facet normal 0 0 1
    outer loop
      vertex 5 105 3
      vertex 5 101.5 3
      vertex 64.72 101.5 3
    endloop
  endfacet
  facet normal 0 0 1
    outer loop
      vertex 5 105 3
      vertex 4.80421 101.487 3
      vertex 5 101.5 3
    endloop
  endfacet
  facet normal -0 0 1
    outer loop
      vertex 4.34737 104.957 3
      vertex 4.80421 101.487 3
      vertex 5 105 3
    endloop
  endfacet
  facet normal 0 0 1
    outer loop
      vertex 4.80421 101.487 3
      vertex 4.34737 104.957 3
      vertex 4.61177 101.449 3
    endloop
  endfacet
  facet normal -0 0 1
    outer loop
      vertex 3.7059 104.83 3
      vertex 4.61177 101.449 3
      vertex 4.34737 104.957 3
    endloop
  endfacet
  facet normal 0 0 1
    outer loop
      vertex 4.61177 101.449 3
      vertex 3.7059 104.83 3
      vertex 4.42597 101.386 3
    endloop
  endfacet
  facet normal -0 0 1
    outer loop
      vertex 3.08658 104.619 3
      vertex 4.42597 101.386 3
      vertex 3.7059 104.83 3
    endloop
  endfacet
  facet normal 0 0 1
    outer loop
      vertex 4.42597 101.386 3
      vertex 3.08658 104.619 3
      vertex 4.25 101.299 3
    endloop
  endfacet
  facet normal -0 0 1
    outer loop
      vertex 2.5 104.33 3
      vertex 4.25 101.299 3
      vertex 3.08658 104.619 3
    endloop
  endfacet
  facet normal 0 0 1
    outer loop
      vertex 4.25 101.299 3
      vertex 2.5 104.33 3
      vertex 4.08686 101.19 3
    endloop
  endfacet
  facet normal -0 0 1
    outer loop
      vertex 1.95619 103.967 3
      vertex 4.08686 101.19 3
      vertex 2.5 104.33 3
    endloop
  endfacet
  facet normal 0 0 1
    outer loop
      vertex 4.08686 101.19 3
      vertex 1.95619 103.967 3
      vertex 3.93934 101.061 3
    endloop
  endfacet
  facet normal -0 0 1
    outer loop
      vertex 1.46447 103.536 3
      vertex 3.93934 101.061 3
      vertex 1.95619 103.967 3
    endloop
  endfacet
  facet normal 0 0 1
    outer loop
      vertex 3.93934 101.061 3
      vertex 1.46447 103.536 3
      vertex 3.80997 100.913 3
    endloop
  endfacet
  facet normal -0 0 1
    outer loop
      vertex 1.03323 103.044 3
      vertex 3.80997 100.913 3
      vertex 1.46447 103.536 3
    endloop
  endfacet
  facet normal -0 0 1
    outer loop
      vertex 0.669872 102.5 3
      vertex 3.70096 100.75 3
      vertex 1.03323 103.044 3
    endloop
  endfacet
  facet normal 0 0 1
    outer loop
      vertex 3.80997 100.913 3
      vertex 1.03323 103.044 3
      vertex 3.70096 100.75 3
    endloop
  endfacet
  facet normal 0 0 1
    outer loop
      vertex 69.0501 62.5 3
      vertex 66.019 64.25 3
      vertex 68.6868 61.9562 3
    endloop
  endfacet
  facet normal -0 0 1
    outer loop
      vertex 65.91 64.0869 3
      vertex 68.6868 61.9562 3
      vertex 66.019 64.25 3
    endloop
  endfacet
  facet normal 0 0 1
    outer loop
      vertex 68.6868 61.9562 3
      vertex 65.91 64.0869 3
      vertex 68.2555 61.4645 3
    endloop
  endfacet
  facet normal -0 0 1
    outer loop
      vertex 65.7807 63.9393 3
      vertex 68.2555 61.4645 3
      vertex 65.91 64.0869 3
    endloop
  endfacet
  facet normal 0 0 1
    outer loop
      vertex 68.2555 61.4645 3
      vertex 65.7807 63.9393 3
      vertex 67.7638 61.0332 3
    endloop
  endfacet
  facet normal -0 0 1
    outer loop
      vertex 65.6331 63.81 3
      vertex 67.7638 61.0332 3
      vertex 65.7807 63.9393 3
    endloop
  endfacet
  facet normal 0 0 1
    outer loop
      vertex 67.7638 61.0332 3
      vertex 65.6331 63.81 3
      vertex 67.22 60.6699 3
    endloop
  endfacet
  facet normal -0 0 1
    outer loop
      vertex 65.47 63.701 3
      vertex 67.22 60.6699 3
      vertex 65.6331 63.81 3
    endloop
  endfacet
  facet normal 0 0 1
    outer loop
      vertex 67.22 60.6699 3
      vertex 65.47 63.701 3
      vertex 66.6334 60.3806 3
    endloop
  endfacet
  facet normal -0 0 1
    outer loop
      vertex 65.294 63.6142 3
      vertex 66.6334 60.3806 3
      vertex 65.47 63.701 3
    endloop
  endfacet
  facet normal 0 0 1
    outer loop
      vertex 66.6334 60.3806 3
      vertex 65.294 63.6142 3
      vertex 66.0141 60.1704 3
    endloop
  endfacet
  facet normal -0 0 1
    outer loop
      vertex 65.1082 63.5511 3
      vertex 66.0141 60.1704 3
      vertex 65.294 63.6142 3
    endloop
  endfacet
  facet normal 0 0 1
    outer loop
      vertex 66.0141 60.1704 3
      vertex 65.1082 63.5511 3
      vertex 65.3726 60.0428 3
    endloop
  endfacet
  facet normal -0 0 1
    outer loop
      vertex 64.9158 63.5128 3
      vertex 65.3726 60.0428 3
      vertex 65.1082 63.5511 3
    endloop
  endfacet
  facet normal -0 0 1
    outer loop
      vertex 64.72 63.5 3
      vertex 65.3726 60.0428 3
      vertex 64.9158 63.5128 3
    endloop
  endfacet
  facet normal 0 0 1
    outer loop
      vertex 64.72 63.5 3
      vertex 64.72 60 3
      vertex 65.3726 60.0428 3
    endloop
  endfacet
  facet normal -0 0 1
    outer loop
      vertex 5 63.5 3
      vertex 64.72 60 3
      vertex 64.72 63.5 3
    endloop
  endfacet
  facet normal 0 0 1
    outer loop
      vertex 5 63.5 3
      vertex 5 60 3
      vertex 64.72 60 3
    endloop
  endfacet
  facet normal 0 0 1
    outer loop
      vertex 4.80421 63.5128 3
      vertex 5 60 3
      vertex 5 63.5 3
    endloop
  endfacet
  facet normal 0 0 1
    outer loop
      vertex 4.34737 60.0428 3
      vertex 4.80421 63.5128 3
      vertex 4.61177 63.5511 3
    endloop
  endfacet
  facet normal 0 0 1
    outer loop
      vertex 3.7059 60.1704 3
      vertex 4.61177 63.5511 3
      vertex 4.42597 63.6142 3
    endloop
  endfacet
  facet normal 0 0 1
    outer loop
      vertex 4.80421 63.5128 3
      vertex 4.34737 60.0428 3
      vertex 5 60 3
    endloop
  endfacet
  facet normal 0 0 1
    outer loop
      vertex 3.08658 60.3806 3
      vertex 4.42597 63.6142 3
      vertex 4.25 63.701 3
    endloop
  endfacet
  facet normal 0 0 1
    outer loop
      vertex 2.5 60.6699 3
      vertex 4.25 63.701 3
      vertex 4.08686 63.81 3
    endloop
  endfacet
  facet normal 0 0 1
    outer loop
      vertex 1.95619 61.0332 3
      vertex 4.08686 63.81 3
      vertex 3.93934 63.9393 3
    endloop
  endfacet
  facet normal 0 0 1
    outer loop
      vertex 1.46447 61.4645 3
      vertex 3.93934 63.9393 3
      vertex 3.80997 64.0869 3
    endloop
  endfacet
  facet normal 0 0 1
    outer loop
      vertex 4.61177 63.5511 3
      vertex 3.7059 60.1704 3
      vertex 4.34737 60.0428 3
    endloop
  endfacet
  facet normal 0 0 1
    outer loop
      vertex 1.03323 61.9562 3
      vertex 3.80997 64.0869 3
      vertex 3.70096 64.25 3
    endloop
  endfacet
  facet normal 0 0 1
    outer loop
      vertex 0.669872 62.5 3
      vertex 3.70096 64.25 3
      vertex 3.61418 64.426 3
    endloop
  endfacet
  facet normal 0 0 1
    outer loop
      vertex 0.380602 63.0866 3
      vertex 3.61418 64.426 3
      vertex 3.55111 64.6118 3
    endloop
  endfacet
  facet normal 0 0 1
    outer loop
      vertex 0.17037 63.7059 3
      vertex 3.55111 64.6118 3
      vertex 3.51283 64.8042 3
    endloop
  endfacet
  facet normal 0 0 1
    outer loop
      vertex 0.0427752 64.3474 3
      vertex 3.51283 64.8042 3
      vertex 3.5 65 3
    endloop
  endfacet
  facet normal 0 0 1
    outer loop
      vertex 4.42597 63.6142 3
      vertex 3.08658 60.3806 3
      vertex 3.7059 60.1704 3
    endloop
  endfacet
  facet normal 0 0 1
    outer loop
      vertex 3.5 100 3
      vertex 0 100 3
      vertex 3.5 65 3
    endloop
  endfacet
  facet normal 0 0 1
    outer loop
      vertex 3.70096 100.75 3
      vertex 0.669872 102.5 3
      vertex 3.61418 100.574 3
    endloop
  endfacet
  facet normal 0 0 1
    outer loop
      vertex 0 65 3
      vertex 3.5 65 3
      vertex 0 100 3
    endloop
  endfacet
  facet normal -0 0 1
    outer loop
      vertex 0.380602 101.913 3
      vertex 3.61418 100.574 3
      vertex 0.669872 102.5 3
    endloop
  endfacet
  facet normal 0 -0 1
    outer loop
      vertex 0.0427752 64.3474 3
      vertex 3.5 65 3
      vertex 0 65 3
    endloop
  endfacet
  facet normal 0 0 1
    outer loop
      vertex 3.61418 100.574 3
      vertex 0.380602 101.913 3
      vertex 3.55111 100.388 3
    endloop
  endfacet
  facet normal 0 0 1
    outer loop
      vertex 4.25 63.701 3
      vertex 2.5 60.6699 3
      vertex 3.08658 60.3806 3
    endloop
  endfacet
  facet normal -0 0 1
    outer loop
      vertex 0.17037 101.294 3
      vertex 3.55111 100.388 3
      vertex 0.380602 101.913 3
    endloop
  endfacet
  facet normal 0 0 1
    outer loop
      vertex 4.08686 63.81 3
      vertex 1.95619 61.0332 3
      vertex 2.5 60.6699 3
    endloop
  endfacet
  facet normal 0 0 1
    outer loop
      vertex 3.55111 100.388 3
      vertex 0.17037 101.294 3
      vertex 3.51283 100.196 3
    endloop
  endfacet
  facet normal 0 0 1
    outer loop
      vertex 3.93934 63.9393 3
      vertex 1.46447 61.4645 3
      vertex 1.95619 61.0332 3
    endloop
  endfacet
  facet normal -0 0 1
    outer loop
      vertex 0.0427752 100.653 3
      vertex 3.51283 100.196 3
      vertex 0.17037 101.294 3
    endloop
  endfacet
  facet normal 0 0 1
    outer loop
      vertex 3.80997 64.0869 3
      vertex 1.03323 61.9562 3
      vertex 1.46447 61.4645 3
    endloop
  endfacet
  facet normal 0 0 1
    outer loop
      vertex 3.51283 100.196 3
      vertex 0.0427752 100.653 3
      vertex 3.5 100 3
    endloop
  endfacet
  facet normal 0 0 1
    outer loop
      vertex 3.70096 64.25 3
      vertex 0.669872 62.5 3
      vertex 1.03323 61.9562 3
    endloop
  endfacet
  facet normal 0 0 1
    outer loop
      vertex 3.5 100 3
      vertex 0.0427752 100.653 3
      vertex 0 100 3
    endloop
  endfacet
  facet normal 0 0 1
    outer loop
      vertex 3.61418 64.426 3
      vertex 0.380602 63.0866 3
      vertex 0.669872 62.5 3
    endloop
  endfacet
  facet normal 0 0 1
    outer loop
      vertex 3.55111 64.6118 3
      vertex 0.17037 63.7059 3
      vertex 0.380602 63.0866 3
    endloop
  endfacet
  facet normal 0 0 1
    outer loop
      vertex 3.51283 64.8042 3
      vertex 0.0427752 64.3474 3
      vertex 0.17037 63.7059 3
    endloop
  endfacet
  facet normal -0 0 1
    outer loop
      vertex 6.3 99.2 3
      vertex 6.28248 99.0867 3
      vertex 6.45203 99.2 3
    endloop
  endfacet
  facet normal -0 0 1
    outer loop
      vertex 6.23474 99.1957 3
      vertex 6.28248 99.0867 3
      vertex 6.3 99.2 3
    endloop
  endfacet
  facet normal -0 0 1
    outer loop
      vertex 6.17059 99.183 3
      vertex 6.28248 99.0867 3
      vertex 6.23474 99.1957 3
    endloop
  endfacet
  facet normal -0 0 1
    outer loop
      vertex 6.10866 99.1619 3
      vertex 6.28248 99.0867 3
      vertex 6.17059 99.183 3
    endloop
  endfacet
  facet normal 0 0 1
    outer loop
      vertex 6.10866 99.1619 3
      vertex 6.08579 98.9142 3
      vertex 6.28248 99.0867 3
    endloop
  endfacet
  facet normal -0 0 1
    outer loop
      vertex 6.05 99.133 3
      vertex 6.08579 98.9142 3
      vertex 6.10866 99.1619 3
    endloop
  endfacet
  facet normal -0 0 1
    outer loop
      vertex 5.99562 99.0967 3
      vertex 6.08579 98.9142 3
      vertex 6.05 99.133 3
    endloop
  endfacet
  facet normal -0 0 1
    outer loop
      vertex 5.94645 99.0536 3
      vertex 6.08579 98.9142 3
      vertex 5.99562 99.0967 3
    endloop
  endfacet
  facet normal -0 0 1
    outer loop
      vertex 5.90332 99.0044 3
      vertex 6.08579 98.9142 3
      vertex 5.94645 99.0536 3
    endloop
  endfacet
  facet normal -0 0 1
    outer loop
      vertex 5.86699 98.95 3
      vertex 6.08579 98.9142 3
      vertex 5.90332 99.0044 3
    endloop
  endfacet
  facet normal 0 0 1
    outer loop
      vertex 5.83806 98.8913 3
      vertex 6.08579 98.9142 3
      vertex 5.86699 98.95 3
    endloop
  endfacet
  facet normal 0 0 1
    outer loop
      vertex 6.08579 98.9142 3
      vertex 5.83806 98.8913 3
      vertex 5.91329 98.7175 3
    endloop
  endfacet
  facet normal -0 0 1
    outer loop
      vertex 5.81704 98.8294 3
      vertex 5.91329 98.7175 3
      vertex 5.83806 98.8913 3
    endloop
  endfacet
  facet normal -0 0 1
    outer loop
      vertex 5.80428 98.7653 3
      vertex 5.91329 98.7175 3
      vertex 5.81704 98.8294 3
    endloop
  endfacet
  facet normal 0 0 1
    outer loop
      vertex 5.8 98.7 3
      vertex 5.91329 98.7175 3
      vertex 5.80428 98.7653 3
    endloop
  endfacet
  facet normal 0 0 1
    outer loop
      vertex 5.91329 98.7175 3
      vertex 5.8 98.7 3
      vertex 5.8 98.548 3
    endloop
  endfacet
  facet normal 0 0 1
    outer loop
      vertex 6.28248 65.9133 3
      vertex 6.3 65.8 3
      vertex 6.45203 65.8 3
    endloop
  endfacet
  facet normal 0 0 1
    outer loop
      vertex 6.28248 65.9133 3
      vertex 6.23474 65.8043 3
      vertex 6.3 65.8 3
    endloop
  endfacet
  facet normal 0 0 1
    outer loop
      vertex 6.28248 65.9133 3
      vertex 6.17059 65.817 3
      vertex 6.23474 65.8043 3
    endloop
  endfacet
  facet normal 0 0 1
    outer loop
      vertex 6.28248 65.9133 3
      vertex 6.10866 65.8381 3
      vertex 6.17059 65.817 3
    endloop
  endfacet
  facet normal 0 0 1
    outer loop
      vertex 6.08579 66.0858 3
      vertex 6.10866 65.8381 3
      vertex 6.28248 65.9133 3
    endloop
  endfacet
  facet normal 0 0 1
    outer loop
      vertex 6.08579 66.0858 3
      vertex 6.05 65.867 3
      vertex 6.10866 65.8381 3
    endloop
  endfacet
  facet normal 0 0 1
    outer loop
      vertex 6.08579 66.0858 3
      vertex 5.99562 65.9033 3
      vertex 6.05 65.867 3
    endloop
  endfacet
  facet normal 0 0 1
    outer loop
      vertex 6.08579 66.0858 3
      vertex 5.94645 65.9464 3
      vertex 5.99562 65.9033 3
    endloop
  endfacet
  facet normal -0 0 1
    outer loop
      vertex 5.83806 66.1087 3
      vertex 6.08579 66.0858 3
      vertex 5.91329 66.2825 3
    endloop
  endfacet
  facet normal 0 0 1
    outer loop
      vertex 6.08579 66.0858 3
      vertex 5.90332 65.9956 3
      vertex 5.94645 65.9464 3
    endloop
  endfacet
  facet normal 0 0 1
    outer loop
      vertex 6.08579 66.0858 3
      vertex 5.86699 66.05 3
      vertex 5.90332 65.9956 3
    endloop
  endfacet
  facet normal 0 0 1
    outer loop
      vertex 6.08579 66.0858 3
      vertex 5.83806 66.1087 3
      vertex 5.86699 66.05 3
    endloop
  endfacet
  facet normal 0 0 1
    outer loop
      vertex 5.91329 66.2825 3
      vertex 5.81704 66.1706 3
      vertex 5.83806 66.1087 3
    endloop
  endfacet
  facet normal 0 0 1
    outer loop
      vertex 5.91329 66.2825 3
      vertex 5.80428 66.2347 3
      vertex 5.81704 66.1706 3
    endloop
  endfacet
  facet normal -0 0 1
    outer loop
      vertex 5.8 66.3 3
      vertex 5.91329 66.2825 3
      vertex 5.8 66.452 3
    endloop
  endfacet
  facet normal 0 0 1
    outer loop
      vertex 5.91329 66.2825 3
      vertex 5.8 66.3 3
      vertex 5.80428 66.2347 3
    endloop
  endfacet
  facet normal 0 0 1
    outer loop
      vertex 63.8067 66.2825 3
      vertex 63.92 66.3 3
      vertex 63.92 66.452 3
    endloop
  endfacet
  facet normal 0 0 1
    outer loop
      vertex 63.92 66.3 3
      vertex 63.8067 66.2825 3
      vertex 63.9157 66.2347 3
    endloop
  endfacet
  facet normal 0 0 1
    outer loop
      vertex 63.9157 66.2347 3
      vertex 63.8067 66.2825 3
      vertex 63.903 66.1706 3
    endloop
  endfacet
  facet normal 0 0 1
    outer loop
      vertex 63.903 66.1706 3
      vertex 63.8067 66.2825 3
      vertex 63.8819 66.1087 3
    endloop
  endfacet
  facet normal 0 0 1
    outer loop
      vertex 63.6342 66.0858 3
      vertex 63.8819 66.1087 3
      vertex 63.8067 66.2825 3
    endloop
  endfacet
  facet normal 0 0 1
    outer loop
      vertex 63.8819 66.1087 3
      vertex 63.6342 66.0858 3
      vertex 63.853 66.05 3
    endloop
  endfacet
  facet normal 0 0 1
    outer loop
      vertex 63.853 66.05 3
      vertex 63.6342 66.0858 3
      vertex 63.8167 65.9956 3
    endloop
  endfacet
  facet normal 0 0 1
    outer loop
      vertex 63.8167 65.9956 3
      vertex 63.6342 66.0858 3
      vertex 63.7736 65.9464 3
    endloop
  endfacet
  facet normal 0 0 1
    outer loop
      vertex 63.7736 65.9464 3
      vertex 63.6342 66.0858 3
      vertex 63.7244 65.9033 3
    endloop
  endfacet
  facet normal 0 0 1
    outer loop
      vertex 63.7244 65.9033 3
      vertex 63.6342 66.0858 3
      vertex 63.67 65.867 3
    endloop
  endfacet
  facet normal 0 0 1
    outer loop
      vertex 63.6342 66.0858 3
      vertex 63.6113 65.8381 3
      vertex 63.67 65.867 3
    endloop
  endfacet
  facet normal -0 0 1
    outer loop
      vertex 63.4375 65.9133 3
      vertex 63.6113 65.8381 3
      vertex 63.6342 66.0858 3
    endloop
  endfacet
  facet normal 0 0 1
    outer loop
      vertex 63.6113 65.8381 3
      vertex 63.4375 65.9133 3
      vertex 63.5494 65.817 3
    endloop
  endfacet
  facet normal 0 0 1
    outer loop
      vertex 63.5494 65.817 3
      vertex 63.4375 65.9133 3
      vertex 63.4853 65.8043 3
    endloop
  endfacet
  facet normal 0 0 1
    outer loop
      vertex 63.4375 65.9133 3
      vertex 63.42 65.8 3
      vertex 63.4853 65.8043 3
    endloop
  endfacet
  facet normal 0 -0 1
    outer loop
      vertex 63.42 65.8 3
      vertex 63.4375 65.9133 3
      vertex 63.268 65.8 3
    endloop
  endfacet
  facet normal -0 0 1
    outer loop
      vertex 63.8067 98.7175 3
      vertex 63.92 98.7 3
      vertex 63.9157 98.7653 3
    endloop
  endfacet
  facet normal 0 0 1
    outer loop
      vertex 63.8067 98.7175 3
      vertex 63.9157 98.7653 3
      vertex 63.903 98.8294 3
    endloop
  endfacet
  facet normal 0 0 1
    outer loop
      vertex 63.8067 98.7175 3
      vertex 63.903 98.8294 3
      vertex 63.8819 98.8913 3
    endloop
  endfacet
  facet normal -0 0 1
    outer loop
      vertex 63.6342 98.9142 3
      vertex 63.8819 98.8913 3
      vertex 63.853 98.95 3
    endloop
  endfacet
  facet normal 0 0 1
    outer loop
      vertex 63.6342 98.9142 3
      vertex 63.853 98.95 3
      vertex 63.8167 99.0044 3
    endloop
  endfacet
  facet normal 0 0 1
    outer loop
      vertex 63.92 98.7 3
      vertex 63.8067 98.7175 3
      vertex 63.92 98.548 3
    endloop
  endfacet
  facet normal 0 0 1
    outer loop
      vertex 63.6342 98.9142 3
      vertex 63.8167 99.0044 3
      vertex 63.7736 99.0536 3
    endloop
  endfacet
  facet normal 0 0 1
    outer loop
      vertex 63.6342 98.9142 3
      vertex 63.7736 99.0536 3
      vertex 63.7244 99.0967 3
    endloop
  endfacet
  facet normal 0 0 1
    outer loop
      vertex 63.6342 98.9142 3
      vertex 63.7244 99.0967 3
      vertex 63.67 99.133 3
    endloop
  endfacet
  facet normal 0 0 1
    outer loop
      vertex 63.8819 98.8913 3
      vertex 63.6342 98.9142 3
      vertex 63.8067 98.7175 3
    endloop
  endfacet
  facet normal 0 0 1
    outer loop
      vertex 63.6113 99.1619 3
      vertex 63.6342 98.9142 3
      vertex 63.67 99.133 3
    endloop
  endfacet
  facet normal 0 0 1
    outer loop
      vertex 63.4375 99.0867 3
      vertex 63.6113 99.1619 3
      vertex 63.5494 99.183 3
    endloop
  endfacet
  facet normal 0 0 1
    outer loop
      vertex 63.4375 99.0867 3
      vertex 63.5494 99.183 3
      vertex 63.4853 99.1957 3
    endloop
  endfacet
  facet normal 0 0 1
    outer loop
      vertex 63.6113 99.1619 3
      vertex 63.4375 99.0867 3
      vertex 63.6342 98.9142 3
    endloop
  endfacet
  facet normal 0 0 1
    outer loop
      vertex 63.42 99.2 3
      vertex 63.4375 99.0867 3
      vertex 63.4853 99.1957 3
    endloop
  endfacet
  facet normal 0 0 1
    outer loop
      vertex 63.4375 99.0867 3
      vertex 63.42 99.2 3
      vertex 63.268 99.2 3
    endloop
  endfacet
  facet normal -0.442327 -0.896854 0
    outer loop
      vertex 2.5 60.6699 0
      vertex 3.08658 60.3806 3
      vertex 2.5 60.6699 3
    endloop
  endfacet
  facet normal -0.442327 -0.896854 -0
    outer loop
      vertex 3.08658 60.3806 3
      vertex 2.5 60.6699 0
      vertex 3.08658 60.3806 0
    endloop
  endfacet
  facet normal 0.659165 0.751998 -0
    outer loop
      vertex 68.2555 103.536 0
      vertex 67.7638 103.967 3
      vertex 68.2555 103.536 3
    endloop
  endfacet
  facet normal 0.659165 0.751998 0
    outer loop
      vertex 67.7638 103.967 3
      vertex 68.2555 103.536 0
      vertex 67.7638 103.967 0
    endloop
  endfacet
  facet normal 0.946941 -0.321407 0
    outer loop
      vertex 69.3394 63.0866 3
      vertex 69.5496 63.7059 0
      vertex 69.5496 63.7059 3
    endloop
  endfacet
  facet normal 0.946941 -0.321407 0
    outer loop
      vertex 69.5496 63.7059 0
      vertex 69.3394 63.0866 3
      vertex 69.3394 63.0866 0
    endloop
  endfacet
  facet normal 0.441945 0.897042 -0
    outer loop
      vertex 67.22 104.33 0
      vertex 66.6334 104.619 3
      vertex 67.22 104.33 3
    endloop
  endfacet
  facet normal 0.441945 0.897042 0
    outer loop
      vertex 66.6334 104.619 3
      vertex 67.22 104.33 0
      vertex 66.6334 104.619 0
    endloop
  endfacet
  facet normal -0.831371 -0.555718 0
    outer loop
      vertex 63.92 98.548 1.5
      vertex 63.8067 98.7175 3
      vertex 63.8067 98.7175 1.5
    endloop
  endfacet
  facet normal -0.831371 -0.555718 0
    outer loop
      vertex 63.8067 98.7175 3
      vertex 63.92 98.548 1.5
      vertex 63.92 98.548 3
    endloop
  endfacet
  facet normal -0.751842 -0.659343 0
    outer loop
      vertex 63.8067 98.7175 1.5
      vertex 63.6342 98.9142 3
      vertex 63.6342 98.9142 1.5
    endloop
  endfacet
  facet normal -0.751842 -0.659343 0
    outer loop
      vertex 63.6342 98.9142 3
      vertex 63.8067 98.7175 1.5
      vertex 63.8067 98.7175 3
    endloop
  endfacet
  facet normal 0.751842 -0.659343 0
    outer loop
      vertex 5.91329 98.7175 3
      vertex 6.08579 98.9142 1.5
      vertex 6.08579 98.9142 3
    endloop
  endfacet
  facet normal 0.751842 -0.659343 0
    outer loop
      vertex 6.08579 98.9142 1.5
      vertex 5.91329 98.7175 3
      vertex 5.91329 98.7175 1.5
    endloop
  endfacet
  facet normal 0.831393 -0.555685 0
    outer loop
      vertex 5.8 98.548 3
      vertex 5.91329 98.7175 1.5
      vertex 5.91329 98.7175 3
    endloop
  endfacet
  facet normal 0.831393 -0.555685 0
    outer loop
      vertex 5.91329 98.7175 1.5
      vertex 5.8 98.548 3
      vertex 5.8 98.548 1.5
    endloop
  endfacet
  facet normal 0.555605 0.831446 -0
    outer loop
      vertex 6.45203 65.8 1.5
      vertex 6.28248 65.9133 3
      vertex 6.45203 65.8 3
    endloop
  endfacet
  facet normal 0.555605 0.831446 0
    outer loop
      vertex 6.28248 65.9133 3
      vertex 6.45203 65.8 1.5
      vertex 6.28248 65.9133 1.5
    endloop
  endfacet
  facet normal 0.659362 -0.751826 0
    outer loop
      vertex 6.08579 98.9142 1.5
      vertex 6.28248 99.0867 3
      vertex 6.08579 98.9142 3
    endloop
  endfacet
  facet normal 0.659362 -0.751826 0
    outer loop
      vertex 6.28248 99.0867 3
      vertex 6.08579 98.9142 1.5
      vertex 6.28248 99.0867 1.5
    endloop
  endfacet
  facet normal -0.659343 -0.751842 0
    outer loop
      vertex 63.4375 99.0867 1.5
      vertex 63.6342 98.9142 3
      vertex 63.4375 99.0867 3
    endloop
  endfacet
  facet normal -0.659343 -0.751842 -0
    outer loop
      vertex 63.6342 98.9142 3
      vertex 63.4375 99.0867 1.5
      vertex 63.6342 98.9142 1.5
    endloop
  endfacet
  facet normal 0.555605 -0.831446 0
    outer loop
      vertex 6.28248 99.0867 1.5
      vertex 6.45203 99.2 3
      vertex 6.28248 99.0867 3
    endloop
  endfacet
  facet normal 0.555605 -0.831446 0
    outer loop
      vertex 6.45203 99.2 3
      vertex 6.28248 99.0867 1.5
      vertex 6.45203 99.2 1.5
    endloop
  endfacet
  facet normal 0.831393 0.555685 0
    outer loop
      vertex 5.91329 66.2825 3
      vertex 5.8 66.452 1.5
      vertex 5.8 66.452 3
    endloop
  endfacet
  facet normal 0.831393 0.555685 0
    outer loop
      vertex 5.8 66.452 1.5
      vertex 5.91329 66.2825 3
      vertex 5.91329 66.2825 1.5
    endloop
  endfacet
  facet normal -0.555718 -0.831371 0
    outer loop
      vertex 63.268 99.2 1.5
      vertex 63.4375 99.0867 3
      vertex 63.268 99.2 3
    endloop
  endfacet
  facet normal -0.555718 -0.831371 -0
    outer loop
      vertex 63.4375 99.0867 3
      vertex 63.268 99.2 1.5
      vertex 63.4375 99.0867 1.5
    endloop
  endfacet
  facet normal -0.659343 0.751842 0
    outer loop
      vertex 63.6342 66.0858 1.5
      vertex 63.4375 65.9133 3
      vertex 63.6342 66.0858 3
    endloop
  endfacet
  facet normal -0.659343 0.751842 0
    outer loop
      vertex 63.4375 65.9133 3
      vertex 63.6342 66.0858 1.5
      vertex 63.4375 65.9133 1.5
    endloop
  endfacet
  facet normal -0.831371 0.555718 0
    outer loop
      vertex 63.8067 66.2825 1.5
      vertex 63.92 66.452 3
      vertex 63.92 66.452 1.5
    endloop
  endfacet
  facet normal -0.831371 0.555718 0
    outer loop
      vertex 63.92 66.452 3
      vertex 63.8067 66.2825 1.5
      vertex 63.8067 66.2825 3
    endloop
  endfacet
  facet normal -0.751842 0.659343 0
    outer loop
      vertex 63.6342 66.0858 1.5
      vertex 63.8067 66.2825 3
      vertex 63.8067 66.2825 1.5
    endloop
  endfacet
  facet normal -0.751842 0.659343 0
    outer loop
      vertex 63.8067 66.2825 3
      vertex 63.6342 66.0858 1.5
      vertex 63.6342 66.0858 3
    endloop
  endfacet
  facet normal 0.659362 0.751826 -0
    outer loop
      vertex 6.28248 65.9133 1.5
      vertex 6.08579 66.0858 3
      vertex 6.28248 65.9133 3
    endloop
  endfacet
  facet normal 0.659362 0.751826 0
    outer loop
      vertex 6.08579 66.0858 3
      vertex 6.28248 65.9133 1.5
      vertex 6.08579 66.0858 1.5
    endloop
  endfacet
  facet normal 0.751842 0.659343 0
    outer loop
      vertex 6.08579 66.0858 3
      vertex 5.91329 66.2825 1.5
      vertex 5.91329 66.2825 3
    endloop
  endfacet
  facet normal 0.751842 0.659343 0
    outer loop
      vertex 5.91329 66.2825 1.5
      vertex 6.08579 66.0858 3
      vertex 6.08579 66.0858 1.5
    endloop
  endfacet
  facet normal -0.555718 0.831371 0
    outer loop
      vertex 63.4375 65.9133 1.5
      vertex 63.268 65.8 3
      vertex 63.4375 65.9133 3
    endloop
  endfacet
  facet normal -0.555718 0.831371 0
    outer loop
      vertex 63.268 65.8 3
      vertex 63.4375 65.9133 1.5
      vertex 63.268 65.8 1.5
    endloop
  endfacet
  facet normal 0 0 1
    outer loop
      vertex 58.7418 94.8877 1.5
      vertex 10.9782 94.8877 1.5
      vertex 58.8344 94.7 1.5
    endloop
  endfacet
  facet normal 0 0 1
    outer loop
      vertex 58.8344 70.3 1.5
      vertex 11.0863 69.7088 1.5
      vertex 11.1 69.5 1.5
    endloop
  endfacet
  facet normal 0 0 1
    outer loop
      vertex 10.8856 94.7 1.5
      vertex 58.8344 94.7 1.5
      vertex 10.9782 94.8877 1.5
    endloop
  endfacet
  facet normal 0 0 1
    outer loop
      vertex 58.8344 70.3 1.5
      vertex 11.0455 69.9141 1.5
      vertex 11.0863 69.7088 1.5
    endloop
  endfacet
  facet normal 0 0 1
    outer loop
      vertex 58.8344 94.7 1.5
      vertex 10.8856 94.7 1.5
      vertex 58.8344 70.3 1.5
    endloop
  endfacet
  facet normal 0 0 1
    outer loop
      vertex 58.8344 70.3 1.5
      vertex 10.9782 70.1123 1.5
      vertex 11.0455 69.9141 1.5
    endloop
  endfacet
  facet normal 0 0 1
    outer loop
      vertex 10.8856 70.3 1.5
      vertex 58.8344 70.3 1.5
      vertex 10.8856 94.7 1.5
    endloop
  endfacet
  facet normal 0 0 1
    outer loop
      vertex 58.8344 70.3 1.5
      vertex 10.8856 70.3 1.5
      vertex 10.9782 70.1123 1.5
    endloop
  endfacet
  facet normal -0 0 1
    outer loop
      vertex 10.7694 94.526 1.5
      vertex 10.8856 70.3 1.5
      vertex 10.8856 94.7 1.5
    endloop
  endfacet
  facet normal 0 0 1
    outer loop
      vertex 10.7694 94.526 1.5
      vertex 10.7694 70.474 1.5
      vertex 10.8856 70.3 1.5
    endloop
  endfacet
  facet normal -0 0 1
    outer loop
      vertex 10.6314 94.3686 1.5
      vertex 10.7694 70.474 1.5
      vertex 10.7694 94.526 1.5
    endloop
  endfacet
  facet normal 0 0 1
    outer loop
      vertex 10.6314 94.3686 1.5
      vertex 10.6314 70.6314 1.5
      vertex 10.7694 70.474 1.5
    endloop
  endfacet
  facet normal -0 0 1
    outer loop
      vertex 10.474 94.2306 1.5
      vertex 10.6314 70.6314 1.5
      vertex 10.6314 94.3686 1.5
    endloop
  endfacet
  facet normal 0 0 1
    outer loop
      vertex 10.474 94.2306 1.5
      vertex 10.474 70.7694 1.5
      vertex 10.6314 70.6314 1.5
    endloop
  endfacet
  facet normal -0 0 1
    outer loop
      vertex 10.3 94.1144 1.5
      vertex 10.474 70.7694 1.5
      vertex 10.474 94.2306 1.5
    endloop
  endfacet
  facet normal 0 0 1
    outer loop
      vertex 10.3 94.1144 1.5
      vertex 10.3 70.8856 1.5
      vertex 10.474 70.7694 1.5
    endloop
  endfacet
  facet normal -0 0 1
    outer loop
      vertex 10.1123 94.0218 1.5
      vertex 10.3 70.8856 1.5
      vertex 10.3 94.1144 1.5
    endloop
  endfacet
  facet normal 0 0 1
    outer loop
      vertex 10.1123 94.0218 1.5
      vertex 10.1123 70.9782 1.5
      vertex 10.3 70.8856 1.5
    endloop
  endfacet
  facet normal -0 0 1
    outer loop
      vertex 9.91411 93.9545 1.5
      vertex 10.1123 70.9782 1.5
      vertex 10.1123 94.0218 1.5
    endloop
  endfacet
  facet normal 0 0 1
    outer loop
      vertex 9.91411 93.9545 1.5
      vertex 9.91411 71.0455 1.5
      vertex 10.1123 70.9782 1.5
    endloop
  endfacet
  facet normal -0 0 1
    outer loop
      vertex 9.70884 93.9137 1.5
      vertex 9.91411 71.0455 1.5
      vertex 9.91411 93.9545 1.5
    endloop
  endfacet
  facet normal 0 0 1
    outer loop
      vertex 9.70884 93.9137 1.5
      vertex 9.70884 71.0863 1.5
      vertex 9.91411 71.0455 1.5
    endloop
  endfacet
  facet normal -0 0 1
    outer loop
      vertex 9.5 93.9 1.5
      vertex 9.70884 71.0863 1.5
      vertex 9.70884 93.9137 1.5
    endloop
  endfacet
  facet normal 0 0 1
    outer loop
      vertex 9.5 93.9 1.5
      vertex 9.5 71.1 1.5
      vertex 9.70884 71.0863 1.5
    endloop
  endfacet
  facet normal 0 0 1
    outer loop
      vertex 9.29116 93.9137 1.5
      vertex 9.5 71.1 1.5
      vertex 9.5 93.9 1.5
    endloop
  endfacet
  facet normal 0 0 1
    outer loop
      vertex 9.29116 93.9137 1.5
      vertex 9.29116 71.0863 1.5
      vertex 9.5 71.1 1.5
    endloop
  endfacet
  facet normal 0 0 1
    outer loop
      vertex 9.08589 93.9545 1.5
      vertex 9.29116 71.0863 1.5
      vertex 9.29116 93.9137 1.5
    endloop
  endfacet
  facet normal 0 0 1
    outer loop
      vertex 9.08589 93.9545 1.5
      vertex 9.08589 71.0455 1.5
      vertex 9.29116 71.0863 1.5
    endloop
  endfacet
  facet normal 0 0 1
    outer loop
      vertex 8.88771 94.0218 1.5
      vertex 9.08589 71.0455 1.5
      vertex 9.08589 93.9545 1.5
    endloop
  endfacet
  facet normal 0 0 1
    outer loop
      vertex 8.88771 94.0218 1.5
      vertex 8.88771 70.9782 1.5
      vertex 9.08589 71.0455 1.5
    endloop
  endfacet
  facet normal 0 0 1
    outer loop
      vertex 8.7 94.1144 1.5
      vertex 8.88771 70.9782 1.5
      vertex 8.88771 94.0218 1.5
    endloop
  endfacet
  facet normal 0 0 1
    outer loop
      vertex 8.7 94.1144 1.5
      vertex 8.7 70.8856 1.5
      vertex 8.88771 70.9782 1.5
    endloop
  endfacet
  facet normal 0 0 1
    outer loop
      vertex 8.52598 94.2306 1.5
      vertex 8.7 70.8856 1.5
      vertex 8.7 94.1144 1.5
    endloop
  endfacet
  facet normal 0 0 1
    outer loop
      vertex 8.52598 94.2306 1.5
      vertex 8.52598 70.7694 1.5
      vertex 8.7 70.8856 1.5
    endloop
  endfacet
  facet normal 0 0 1
    outer loop
      vertex 8.36863 94.3686 1.5
      vertex 8.52598 70.7694 1.5
      vertex 8.52598 94.2306 1.5
    endloop
  endfacet
  facet normal 0 0 1
    outer loop
      vertex 8.36863 94.3686 1.5
      vertex 8.36863 70.6314 1.5
      vertex 8.52598 70.7694 1.5
    endloop
  endfacet
  facet normal 0 0 1
    outer loop
      vertex 8.23063 94.526 1.5
      vertex 8.36863 70.6314 1.5
      vertex 8.36863 94.3686 1.5
    endloop
  endfacet
  facet normal 0 0 1
    outer loop
      vertex 8.23063 94.526 1.5
      vertex 8.23063 70.474 1.5
      vertex 8.36863 70.6314 1.5
    endloop
  endfacet
  facet normal 0 0 1
    outer loop
      vertex 8.11436 94.7 1.5
      vertex 8.23063 70.474 1.5
      vertex 8.23063 94.526 1.5
    endloop
  endfacet
  facet normal 0 0 1
    outer loop
      vertex 8.11436 94.7 1.5
      vertex 8.11436 70.3 1.5
      vertex 8.23063 70.474 1.5
    endloop
  endfacet
  facet normal 0 0 1
    outer loop
      vertex 8.02179 94.8877 1.5
      vertex 8.11436 70.3 1.5
      vertex 8.11436 94.7 1.5
    endloop
  endfacet
  facet normal 0 0 1
    outer loop
      vertex 8.02179 94.8877 1.5
      vertex 8.02179 70.1123 1.5
      vertex 8.11436 70.3 1.5
    endloop
  endfacet
  facet normal 0 0 1
    outer loop
      vertex 5.8 98.548 1.5
      vertex 8.02179 94.8877 1.5
      vertex 7.95452 95.0859 1.5
    endloop
  endfacet
  facet normal 0 0 1
    outer loop
      vertex 8.02179 94.8877 1.5
      vertex 5.8 98.548 1.5
      vertex 8.02179 70.1123 1.5
    endloop
  endfacet
  facet normal 0 0 1
    outer loop
      vertex 5.8 98.548 1.5
      vertex 7.95452 95.0859 1.5
      vertex 7.91369 95.2912 1.5
    endloop
  endfacet
  facet normal 0 0 1
    outer loop
      vertex 5.8 66.452 1.5
      vertex 8.02179 70.1123 1.5
      vertex 5.8 98.548 1.5
    endloop
  endfacet
  facet normal 0 0 1
    outer loop
      vertex 5.8 98.548 1.5
      vertex 7.91369 95.2912 1.5
      vertex 7.9 95.5 1.5
    endloop
  endfacet
  facet normal 0 0 1
    outer loop
      vertex 8.02179 70.1123 1.5
      vertex 5.8 66.452 1.5
      vertex 7.95452 69.9141 1.5
    endloop
  endfacet
  facet normal 0 0 1
    outer loop
      vertex 61.6982 94.8877 1.5
      vertex 63.92 98.548 1.5
      vertex 61.7655 95.0859 1.5
    endloop
  endfacet
  facet normal 0 0 1
    outer loop
      vertex 63.92 66.452 1.5
      vertex 61.8063 69.7088 1.5
      vertex 61.82 69.5 1.5
    endloop
  endfacet
  facet normal 0 0 1
    outer loop
      vertex 63.92 98.548 1.5
      vertex 61.6982 94.8877 1.5
      vertex 63.92 66.452 1.5
    endloop
  endfacet
  facet normal 0 0 1
    outer loop
      vertex 63.92 66.452 1.5
      vertex 61.7655 69.9141 1.5
      vertex 61.8063 69.7088 1.5
    endloop
  endfacet
  facet normal -0 0 1
    outer loop
      vertex 61.6982 70.1123 1.5
      vertex 63.92 66.452 1.5
      vertex 61.6982 94.8877 1.5
    endloop
  endfacet
  facet normal 0 0 1
    outer loop
      vertex 63.92 66.452 1.5
      vertex 61.6982 70.1123 1.5
      vertex 61.7655 69.9141 1.5
    endloop
  endfacet
  facet normal -0 0 1
    outer loop
      vertex 61.6056 94.7 1.5
      vertex 61.6982 70.1123 1.5
      vertex 61.6982 94.8877 1.5
    endloop
  endfacet
  facet normal 0 0 1
    outer loop
      vertex 61.6056 94.7 1.5
      vertex 61.6056 70.3 1.5
      vertex 61.6982 70.1123 1.5
    endloop
  endfacet
  facet normal -0 0 1
    outer loop
      vertex 61.4894 94.526 1.5
      vertex 61.6056 70.3 1.5
      vertex 61.6056 94.7 1.5
    endloop
  endfacet
  facet normal 0 0 1
    outer loop
      vertex 61.4894 94.526 1.5
      vertex 61.4894 70.474 1.5
      vertex 61.6056 70.3 1.5
    endloop
  endfacet
  facet normal -0 0 1
    outer loop
      vertex 61.3514 94.3686 1.5
      vertex 61.4894 70.474 1.5
      vertex 61.4894 94.526 1.5
    endloop
  endfacet
  facet normal 0 0 1
    outer loop
      vertex 61.3514 94.3686 1.5
      vertex 61.3514 70.6314 1.5
      vertex 61.4894 70.474 1.5
    endloop
  endfacet
  facet normal -0 0 1
    outer loop
      vertex 61.194 94.2306 1.5
      vertex 61.3514 70.6314 1.5
      vertex 61.3514 94.3686 1.5
    endloop
  endfacet
  facet normal 0 0 1
    outer loop
      vertex 61.194 94.2306 1.5
      vertex 61.194 70.7694 1.5
      vertex 61.3514 70.6314 1.5
    endloop
  endfacet
  facet normal -0 0 1
    outer loop
      vertex 61.02 94.1144 1.5
      vertex 61.194 70.7694 1.5
      vertex 61.194 94.2306 1.5
    endloop
  endfacet
  facet normal 0 0 1
    outer loop
      vertex 61.02 94.1144 1.5
      vertex 61.02 70.8856 1.5
      vertex 61.194 70.7694 1.5
    endloop
  endfacet
  facet normal -0 0 1
    outer loop
      vertex 60.8323 94.0218 1.5
      vertex 61.02 70.8856 1.5
      vertex 61.02 94.1144 1.5
    endloop
  endfacet
  facet normal 0 0 1
    outer loop
      vertex 60.8323 94.0218 1.5
      vertex 60.8323 70.9782 1.5
      vertex 61.02 70.8856 1.5
    endloop
  endfacet
  facet normal -0 0 1
    outer loop
      vertex 60.6341 93.9545 1.5
      vertex 60.8323 70.9782 1.5
      vertex 60.8323 94.0218 1.5
    endloop
  endfacet
  facet normal 0 0 1
    outer loop
      vertex 60.6341 93.9545 1.5
      vertex 60.6341 71.0455 1.5
      vertex 60.8323 70.9782 1.5
    endloop
  endfacet
  facet normal -0 0 1
    outer loop
      vertex 60.4288 93.9137 1.5
      vertex 60.6341 71.0455 1.5
      vertex 60.6341 93.9545 1.5
    endloop
  endfacet
  facet normal 0 0 1
    outer loop
      vertex 60.4288 93.9137 1.5
      vertex 60.4288 71.0863 1.5
      vertex 60.6341 71.0455 1.5
    endloop
  endfacet
  facet normal -0 0 1
    outer loop
      vertex 60.22 93.9 1.5
      vertex 60.4288 71.0863 1.5
      vertex 60.4288 93.9137 1.5
    endloop
  endfacet
  facet normal 0 0 1
    outer loop
      vertex 60.22 93.9 1.5
      vertex 60.22 71.1 1.5
      vertex 60.4288 71.0863 1.5
    endloop
  endfacet
  facet normal 0 0 1
    outer loop
      vertex 60.0112 93.9137 1.5
      vertex 60.22 71.1 1.5
      vertex 60.22 93.9 1.5
    endloop
  endfacet
  facet normal 0 0 1
    outer loop
      vertex 60.0112 93.9137 1.5
      vertex 60.0112 71.0863 1.5
      vertex 60.22 71.1 1.5
    endloop
  endfacet
  facet normal 0 0 1
    outer loop
      vertex 59.8059 93.9545 1.5
      vertex 60.0112 71.0863 1.5
      vertex 60.0112 93.9137 1.5
    endloop
  endfacet
  facet normal 0 0 1
    outer loop
      vertex 59.8059 93.9545 1.5
      vertex 59.8059 71.0455 1.5
      vertex 60.0112 71.0863 1.5
    endloop
  endfacet
  facet normal 0 0 1
    outer loop
      vertex 59.6077 94.0218 1.5
      vertex 59.8059 71.0455 1.5
      vertex 59.8059 93.9545 1.5
    endloop
  endfacet
  facet normal 0 0 1
    outer loop
      vertex 59.6077 94.0218 1.5
      vertex 59.6077 70.9782 1.5
      vertex 59.8059 71.0455 1.5
    endloop
  endfacet
  facet normal 0 0 1
    outer loop
      vertex 59.42 94.1144 1.5
      vertex 59.6077 70.9782 1.5
      vertex 59.6077 94.0218 1.5
    endloop
  endfacet
  facet normal 0 0 1
    outer loop
      vertex 59.42 94.1144 1.5
      vertex 59.42 70.8856 1.5
      vertex 59.6077 70.9782 1.5
    endloop
  endfacet
  facet normal 0 0 1
    outer loop
      vertex 59.246 94.2306 1.5
      vertex 59.42 70.8856 1.5
      vertex 59.42 94.1144 1.5
    endloop
  endfacet
  facet normal 0 0 1
    outer loop
      vertex 59.246 94.2306 1.5
      vertex 59.246 70.7694 1.5
      vertex 59.42 70.8856 1.5
    endloop
  endfacet
  facet normal 0 0 1
    outer loop
      vertex 59.0886 94.3686 1.5
      vertex 59.246 70.7694 1.5
      vertex 59.246 94.2306 1.5
    endloop
  endfacet
  facet normal 0 0 1
    outer loop
      vertex 59.0886 94.3686 1.5
      vertex 59.0886 70.6314 1.5
      vertex 59.246 70.7694 1.5
    endloop
  endfacet
  facet normal 0 0 1
    outer loop
      vertex 58.9506 94.526 1.5
      vertex 59.0886 70.6314 1.5
      vertex 59.0886 94.3686 1.5
    endloop
  endfacet
  facet normal 0 0 1
    outer loop
      vertex 58.9506 94.526 1.5
      vertex 58.9506 70.474 1.5
      vertex 59.0886 70.6314 1.5
    endloop
  endfacet
  facet normal 0 0 1
    outer loop
      vertex 58.8344 94.7 1.5
      vertex 58.9506 70.474 1.5
      vertex 58.9506 94.526 1.5
    endloop
  endfacet
  facet normal 0 0 1
    outer loop
      vertex 58.8344 94.7 1.5
      vertex 58.8344 70.3 1.5
      vertex 58.9506 70.474 1.5
    endloop
  endfacet
  facet normal 0 0 1
    outer loop
      vertex 11.0455 95.0859 1.5
      vertex 58.6745 95.0859 1.5
      vertex 11.0863 95.2912 1.5
    endloop
  endfacet
  facet normal 0 0 1
    outer loop
      vertex 58.6745 95.0859 1.5
      vertex 11.0455 95.0859 1.5
      vertex 58.7418 94.8877 1.5
    endloop
  endfacet
  facet normal 0 0 1
    outer loop
      vertex 58.6337 95.2912 1.5
      vertex 11.0863 95.2912 1.5
      vertex 58.6745 95.0859 1.5
    endloop
  endfacet
  facet normal 0 0 1
    outer loop
      vertex 10.9782 94.8877 1.5
      vertex 58.7418 94.8877 1.5
      vertex 11.0455 95.0859 1.5
    endloop
  endfacet
  facet normal 0 0 1
    outer loop
      vertex 11.0863 95.2912 1.5
      vertex 58.6337 95.2912 1.5
      vertex 11.1 95.5 1.5
    endloop
  endfacet
  facet normal 0 0 1
    outer loop
      vertex 58.8344 70.3 1.5
      vertex 11.1 69.5 1.5
      vertex 58.7418 70.1123 1.5
    endloop
  endfacet
  facet normal -0 0 1
    outer loop
      vertex 11.1 95.5 1.5
      vertex 58.6337 95.2912 1.5
      vertex 58.62 95.5 1.5
    endloop
  endfacet
  facet normal 0 0 1
    outer loop
      vertex 58.7418 70.1123 1.5
      vertex 11.1 69.5 1.5
      vertex 58.6745 69.9141 1.5
    endloop
  endfacet
  facet normal 0 0 1
    outer loop
      vertex 61.3514 96.6314 1.5
      vertex 63.92 98.548 1.5
      vertex 63.8067 98.7175 1.5
    endloop
  endfacet
  facet normal 0 0 1
    outer loop
      vertex 61.8063 95.2912 1.5
      vertex 63.92 98.548 1.5
      vertex 61.82 95.5 1.5
    endloop
  endfacet
  facet normal 0 0 1
    outer loop
      vertex 61.3514 96.6314 1.5
      vertex 63.8067 98.7175 1.5
      vertex 63.6342 98.9142 1.5
    endloop
  endfacet
  facet normal 0 0 1
    outer loop
      vertex 61.7655 95.0859 1.5
      vertex 63.92 98.548 1.5
      vertex 61.8063 95.2912 1.5
    endloop
  endfacet
  facet normal 0 0 1
    outer loop
      vertex 61.3514 96.6314 1.5
      vertex 63.6342 98.9142 1.5
      vertex 63.4375 99.0867 1.5
    endloop
  endfacet
  facet normal -0 0 1
    outer loop
      vertex 61.8063 69.2912 1.5
      vertex 63.92 66.452 1.5
      vertex 61.82 69.5 1.5
    endloop
  endfacet
  facet normal 0 0 1
    outer loop
      vertex 61.3514 96.6314 1.5
      vertex 63.4375 99.0867 1.5
      vertex 63.268 99.2 1.5
    endloop
  endfacet
  facet normal -0 0 1
    outer loop
      vertex 61.7655 69.0859 1.5
      vertex 63.92 66.452 1.5
      vertex 61.8063 69.2912 1.5
    endloop
  endfacet
  facet normal -0 0 1
    outer loop
      vertex 61.6982 68.8877 1.5
      vertex 63.92 66.452 1.5
      vertex 61.7655 69.0859 1.5
    endloop
  endfacet
  facet normal 0 0 1
    outer loop
      vertex 63.92 98.548 1.5
      vertex 61.8063 95.7088 1.5
      vertex 61.82 95.5 1.5
    endloop
  endfacet
  facet normal 0 0 1
    outer loop
      vertex 63.92 98.548 1.5
      vertex 61.7655 95.9141 1.5
      vertex 61.8063 95.7088 1.5
    endloop
  endfacet
  facet normal 0 0 1
    outer loop
      vertex 63.92 98.548 1.5
      vertex 61.6982 96.1123 1.5
      vertex 61.7655 95.9141 1.5
    endloop
  endfacet
  facet normal 0 0 1
    outer loop
      vertex 63.92 98.548 1.5
      vertex 61.6056 96.3 1.5
      vertex 61.6982 96.1123 1.5
    endloop
  endfacet
  facet normal 0 0 1
    outer loop
      vertex 63.92 98.548 1.5
      vertex 61.4894 96.474 1.5
      vertex 61.6056 96.3 1.5
    endloop
  endfacet
  facet normal 0 0 1
    outer loop
      vertex 63.92 98.548 1.5
      vertex 61.3514 96.6314 1.5
      vertex 61.4894 96.474 1.5
    endloop
  endfacet
  facet normal 0 0 1
    outer loop
      vertex 63.268 99.2 1.5
      vertex 61.194 96.7694 1.5
      vertex 61.3514 96.6314 1.5
    endloop
  endfacet
  facet normal 0 0 1
    outer loop
      vertex 63.268 99.2 1.5
      vertex 61.02 96.8856 1.5
      vertex 61.194 96.7694 1.5
    endloop
  endfacet
  facet normal 0 0 1
    outer loop
      vertex 63.268 99.2 1.5
      vertex 60.8323 96.9782 1.5
      vertex 61.02 96.8856 1.5
    endloop
  endfacet
  facet normal 0 0 1
    outer loop
      vertex 63.268 99.2 1.5
      vertex 60.6341 97.0455 1.5
      vertex 60.8323 96.9782 1.5
    endloop
  endfacet
  facet normal 0 0 1
    outer loop
      vertex 63.268 99.2 1.5
      vertex 60.4288 97.0863 1.5
      vertex 60.6341 97.0455 1.5
    endloop
  endfacet
  facet normal 0 0 1
    outer loop
      vertex 63.268 99.2 1.5
      vertex 60.22 97.1 1.5
      vertex 60.4288 97.0863 1.5
    endloop
  endfacet
  facet normal 0 0 1
    outer loop
      vertex 63.268 99.2 1.5
      vertex 60.0112 97.0863 1.5
      vertex 60.22 97.1 1.5
    endloop
  endfacet
  facet normal 0 0 1
    outer loop
      vertex 63.268 99.2 1.5
      vertex 59.8059 97.0455 1.5
      vertex 60.0112 97.0863 1.5
    endloop
  endfacet
  facet normal 0 0 1
    outer loop
      vertex 63.268 99.2 1.5
      vertex 59.6077 96.9782 1.5
      vertex 59.8059 97.0455 1.5
    endloop
  endfacet
  facet normal 0 0 1
    outer loop
      vertex 63.268 99.2 1.5
      vertex 59.42 96.8856 1.5
      vertex 59.6077 96.9782 1.5
    endloop
  endfacet
  facet normal 0 0 1
    outer loop
      vertex 58.6745 69.9141 1.5
      vertex 11.1 69.5 1.5
      vertex 58.6337 69.7088 1.5
    endloop
  endfacet
  facet normal 0 0 1
    outer loop
      vertex 58.6337 95.7088 1.5
      vertex 11.1 95.5 1.5
      vertex 58.62 95.5 1.5
    endloop
  endfacet
  facet normal 0 0 1
    outer loop
      vertex 11.0863 95.7088 1.5
      vertex 58.6337 95.7088 1.5
      vertex 58.6745 95.9141 1.5
    endloop
  endfacet
  facet normal 0 0 1
    outer loop
      vertex 11.0455 95.9141 1.5
      vertex 58.6745 95.9141 1.5
      vertex 58.7418 96.1123 1.5
    endloop
  endfacet
  facet normal 0 0 1
    outer loop
      vertex 10.9782 96.1123 1.5
      vertex 58.7418 96.1123 1.5
      vertex 58.8344 96.3 1.5
    endloop
  endfacet
  facet normal 0 0 1
    outer loop
      vertex 10.8856 96.3 1.5
      vertex 58.8344 96.3 1.5
      vertex 58.9506 96.474 1.5
    endloop
  endfacet
  facet normal 0 0 1
    outer loop
      vertex 10.7694 96.474 1.5
      vertex 58.9506 96.474 1.5
      vertex 59.0886 96.6314 1.5
    endloop
  endfacet
  facet normal 0 0 1
    outer loop
      vertex 10.6314 96.6314 1.5
      vertex 59.0886 96.6314 1.5
      vertex 59.246 96.7694 1.5
    endloop
  endfacet
  facet normal 0 0 1
    outer loop
      vertex 10.474 96.7694 1.5
      vertex 59.246 96.7694 1.5
      vertex 59.42 96.8856 1.5
    endloop
  endfacet
  facet normal 0 0 1
    outer loop
      vertex 10.3 96.8856 1.5
      vertex 59.42 96.8856 1.5
      vertex 63.268 99.2 1.5
    endloop
  endfacet
  facet normal 0 0 1
    outer loop
      vertex 58.6337 95.7088 1.5
      vertex 11.0863 95.7088 1.5
      vertex 11.1 95.5 1.5
    endloop
  endfacet
  facet normal 0 0 1
    outer loop
      vertex 58.6745 95.9141 1.5
      vertex 11.0455 95.9141 1.5
      vertex 11.0863 95.7088 1.5
    endloop
  endfacet
  facet normal 0 0 1
    outer loop
      vertex 58.7418 96.1123 1.5
      vertex 10.9782 96.1123 1.5
      vertex 11.0455 95.9141 1.5
    endloop
  endfacet
  facet normal 0 0 1
    outer loop
      vertex 58.8344 96.3 1.5
      vertex 10.8856 96.3 1.5
      vertex 10.9782 96.1123 1.5
    endloop
  endfacet
  facet normal 0 0 1
    outer loop
      vertex 58.9506 96.474 1.5
      vertex 10.7694 96.474 1.5
      vertex 10.8856 96.3 1.5
    endloop
  endfacet
  facet normal 0 0 1
    outer loop
      vertex 59.0886 96.6314 1.5
      vertex 10.6314 96.6314 1.5
      vertex 10.7694 96.474 1.5
    endloop
  endfacet
  facet normal 0 0 1
    outer loop
      vertex 59.246 96.7694 1.5
      vertex 10.474 96.7694 1.5
      vertex 10.6314 96.6314 1.5
    endloop
  endfacet
  facet normal 0 0 1
    outer loop
      vertex 59.42 96.8856 1.5
      vertex 10.3 96.8856 1.5
      vertex 10.474 96.7694 1.5
    endloop
  endfacet
  facet normal -0 0 1
    outer loop
      vertex 6.45203 99.2 1.5
      vertex 10.3 96.8856 1.5
      vertex 63.268 99.2 1.5
    endloop
  endfacet
  facet normal 0 0 1
    outer loop
      vertex 10.3 96.8856 1.5
      vertex 6.45203 99.2 1.5
      vertex 10.1123 96.9782 1.5
    endloop
  endfacet
  facet normal 0 0 1
    outer loop
      vertex 10.1123 96.9782 1.5
      vertex 6.45203 99.2 1.5
      vertex 9.91411 97.0455 1.5
    endloop
  endfacet
  facet normal 0 0 1
    outer loop
      vertex 9.91411 97.0455 1.5
      vertex 6.45203 99.2 1.5
      vertex 9.70884 97.0863 1.5
    endloop
  endfacet
  facet normal 0 0 1
    outer loop
      vertex 7.91369 69.7088 1.5
      vertex 5.8 66.452 1.5
      vertex 7.9 69.5 1.5
    endloop
  endfacet
  facet normal 0 0 1
    outer loop
      vertex 9.70884 97.0863 1.5
      vertex 6.45203 99.2 1.5
      vertex 9.5 97.1 1.5
    endloop
  endfacet
  facet normal 0 0 1
    outer loop
      vertex 6.45203 99.2 1.5
      vertex 9.29116 97.0863 1.5
      vertex 9.5 97.1 1.5
    endloop
  endfacet
  facet normal 0 0 1
    outer loop
      vertex 6.45203 99.2 1.5
      vertex 9.08589 97.0455 1.5
      vertex 9.29116 97.0863 1.5
    endloop
  endfacet
  facet normal 0 0 1
    outer loop
      vertex 6.45203 99.2 1.5
      vertex 8.88771 96.9782 1.5
      vertex 9.08589 97.0455 1.5
    endloop
  endfacet
  facet normal 0 0 1
    outer loop
      vertex 6.45203 99.2 1.5
      vertex 8.7 96.8856 1.5
      vertex 8.88771 96.9782 1.5
    endloop
  endfacet
  facet normal 0 0 1
    outer loop
      vertex 6.45203 99.2 1.5
      vertex 8.52598 96.7694 1.5
      vertex 8.7 96.8856 1.5
    endloop
  endfacet
  facet normal 0 0 1
    outer loop
      vertex 6.45203 99.2 1.5
      vertex 8.36863 96.6314 1.5
      vertex 8.52598 96.7694 1.5
    endloop
  endfacet
  facet normal -0 0 1
    outer loop
      vertex 6.28248 99.0867 1.5
      vertex 8.36863 96.6314 1.5
      vertex 6.45203 99.2 1.5
    endloop
  endfacet
  facet normal -0 0 1
    outer loop
      vertex 6.08579 98.9142 1.5
      vertex 8.36863 96.6314 1.5
      vertex 6.28248 99.0867 1.5
    endloop
  endfacet
  facet normal -0 0 1
    outer loop
      vertex 5.91329 98.7175 1.5
      vertex 8.36863 96.6314 1.5
      vertex 6.08579 98.9142 1.5
    endloop
  endfacet
  facet normal -0 0 1
    outer loop
      vertex 5.8 98.548 1.5
      vertex 8.36863 96.6314 1.5
      vertex 5.91329 98.7175 1.5
    endloop
  endfacet
  facet normal 0 0 1
    outer loop
      vertex 8.02179 96.1123 1.5
      vertex 5.8 98.548 1.5
      vertex 7.95452 95.9141 1.5
    endloop
  endfacet
  facet normal 0 0 1
    outer loop
      vertex 7.95452 95.9141 1.5
      vertex 5.8 98.548 1.5
      vertex 7.91369 95.7088 1.5
    endloop
  endfacet
  facet normal 0 0 1
    outer loop
      vertex 7.91369 95.7088 1.5
      vertex 5.8 98.548 1.5
      vertex 7.9 95.5 1.5
    endloop
  endfacet
  facet normal 0 0 1
    outer loop
      vertex 8.23063 96.474 1.5
      vertex 5.8 98.548 1.5
      vertex 8.11436 96.3 1.5
    endloop
  endfacet
  facet normal 0 0 1
    outer loop
      vertex 7.95452 69.9141 1.5
      vertex 5.8 66.452 1.5
      vertex 7.91369 69.7088 1.5
    endloop
  endfacet
  facet normal 0 0 1
    outer loop
      vertex 8.11436 96.3 1.5
      vertex 5.8 98.548 1.5
      vertex 8.02179 96.1123 1.5
    endloop
  endfacet
  facet normal 0 0 1
    outer loop
      vertex 7.9 69.5 1.5
      vertex 5.8 66.452 1.5
      vertex 6.45203 65.8 1.5
    endloop
  endfacet
  facet normal 0 0 1
    outer loop
      vertex 8.36863 96.6314 1.5
      vertex 5.8 98.548 1.5
      vertex 8.23063 96.474 1.5
    endloop
  endfacet
  facet normal 0 0 1
    outer loop
      vertex 6.45203 65.8 1.5
      vertex 5.8 66.452 1.5
      vertex 6.28248 65.9133 1.5
    endloop
  endfacet
  facet normal 0 0 1
    outer loop
      vertex 6.28248 65.9133 1.5
      vertex 5.8 66.452 1.5
      vertex 6.08579 66.0858 1.5
    endloop
  endfacet
  facet normal 0 0 1
    outer loop
      vertex 6.08579 66.0858 1.5
      vertex 5.8 66.452 1.5
      vertex 5.91329 66.2825 1.5
    endloop
  endfacet
  facet normal -0 0 1
    outer loop
      vertex 61.6056 68.7 1.5
      vertex 63.92 66.452 1.5
      vertex 61.6982 68.8877 1.5
    endloop
  endfacet
  facet normal -0 0 1
    outer loop
      vertex 61.4894 68.526 1.5
      vertex 63.92 66.452 1.5
      vertex 61.6056 68.7 1.5
    endloop
  endfacet
  facet normal -0 0 1
    outer loop
      vertex 61.3514 68.3686 1.5
      vertex 63.92 66.452 1.5
      vertex 61.4894 68.526 1.5
    endloop
  endfacet
  facet normal 0 0 1
    outer loop
      vertex 63.92 66.452 1.5
      vertex 61.3514 68.3686 1.5
      vertex 63.8067 66.2825 1.5
    endloop
  endfacet
  facet normal 0 0 1
    outer loop
      vertex 63.8067 66.2825 1.5
      vertex 61.3514 68.3686 1.5
      vertex 63.6342 66.0858 1.5
    endloop
  endfacet
  facet normal 0 0 1
    outer loop
      vertex 63.6342 66.0858 1.5
      vertex 61.3514 68.3686 1.5
      vertex 63.4375 65.9133 1.5
    endloop
  endfacet
  facet normal 0 0 1
    outer loop
      vertex 63.4375 65.9133 1.5
      vertex 61.3514 68.3686 1.5
      vertex 63.268 65.8 1.5
    endloop
  endfacet
  facet normal -0 0 1
    outer loop
      vertex 61.194 68.2306 1.5
      vertex 63.268 65.8 1.5
      vertex 61.3514 68.3686 1.5
    endloop
  endfacet
  facet normal -0 0 1
    outer loop
      vertex 61.02 68.1144 1.5
      vertex 63.268 65.8 1.5
      vertex 61.194 68.2306 1.5
    endloop
  endfacet
  facet normal -0 0 1
    outer loop
      vertex 60.8323 68.0218 1.5
      vertex 63.268 65.8 1.5
      vertex 61.02 68.1144 1.5
    endloop
  endfacet
  facet normal -0 0 1
    outer loop
      vertex 60.6341 67.9545 1.5
      vertex 63.268 65.8 1.5
      vertex 60.8323 68.0218 1.5
    endloop
  endfacet
  facet normal -0 0 1
    outer loop
      vertex 60.4288 67.9137 1.5
      vertex 63.268 65.8 1.5
      vertex 60.6341 67.9545 1.5
    endloop
  endfacet
  facet normal -0 0 1
    outer loop
      vertex 60.22 67.9 1.5
      vertex 63.268 65.8 1.5
      vertex 60.4288 67.9137 1.5
    endloop
  endfacet
  facet normal 0 0 1
    outer loop
      vertex 60.0112 67.9137 1.5
      vertex 63.268 65.8 1.5
      vertex 60.22 67.9 1.5
    endloop
  endfacet
  facet normal 0 0 1
    outer loop
      vertex 59.8059 67.9545 1.5
      vertex 63.268 65.8 1.5
      vertex 60.0112 67.9137 1.5
    endloop
  endfacet
  facet normal 0 0 1
    outer loop
      vertex 59.6077 68.0218 1.5
      vertex 63.268 65.8 1.5
      vertex 59.8059 67.9545 1.5
    endloop
  endfacet
  facet normal 0 0 1
    outer loop
      vertex 59.42 68.1144 1.5
      vertex 63.268 65.8 1.5
      vertex 59.6077 68.0218 1.5
    endloop
  endfacet
  facet normal 0 0 1
    outer loop
      vertex 58.6337 69.7088 1.5
      vertex 11.1 69.5 1.5
      vertex 58.62 69.5 1.5
    endloop
  endfacet
  facet normal 0 0 1
    outer loop
      vertex 58.62 69.5 1.5
      vertex 11.1 69.5 1.5
      vertex 58.6337 69.2912 1.5
    endloop
  endfacet
  facet normal 0 0 1
    outer loop
      vertex 11.0863 69.2912 1.5
      vertex 58.6337 69.2912 1.5
      vertex 11.1 69.5 1.5
    endloop
  endfacet
  facet normal 0 0 1
    outer loop
      vertex 58.6337 69.2912 1.5
      vertex 11.0863 69.2912 1.5
      vertex 58.6745 69.0859 1.5
    endloop
  endfacet
  facet normal 0 0 1
    outer loop
      vertex 11.0455 69.0859 1.5
      vertex 58.6745 69.0859 1.5
      vertex 11.0863 69.2912 1.5
    endloop
  endfacet
  facet normal 0 0 1
    outer loop
      vertex 58.6745 69.0859 1.5
      vertex 11.0455 69.0859 1.5
      vertex 58.7418 68.8877 1.5
    endloop
  endfacet
  facet normal 0 0 1
    outer loop
      vertex 10.9782 68.8877 1.5
      vertex 58.7418 68.8877 1.5
      vertex 11.0455 69.0859 1.5
    endloop
  endfacet
  facet normal 0 0 1
    outer loop
      vertex 58.7418 68.8877 1.5
      vertex 10.9782 68.8877 1.5
      vertex 58.8344 68.7 1.5
    endloop
  endfacet
  facet normal 0 0 1
    outer loop
      vertex 10.8856 68.7 1.5
      vertex 58.8344 68.7 1.5
      vertex 10.9782 68.8877 1.5
    endloop
  endfacet
  facet normal 0 0 1
    outer loop
      vertex 58.8344 68.7 1.5
      vertex 10.8856 68.7 1.5
      vertex 58.9506 68.526 1.5
    endloop
  endfacet
  facet normal 0 0 1
    outer loop
      vertex 10.7694 68.526 1.5
      vertex 58.9506 68.526 1.5
      vertex 10.8856 68.7 1.5
    endloop
  endfacet
  facet normal 0 0 1
    outer loop
      vertex 58.9506 68.526 1.5
      vertex 10.7694 68.526 1.5
      vertex 59.0886 68.3686 1.5
    endloop
  endfacet
  facet normal 0 0 1
    outer loop
      vertex 10.6314 68.3686 1.5
      vertex 59.0886 68.3686 1.5
      vertex 10.7694 68.526 1.5
    endloop
  endfacet
  facet normal 0 0 1
    outer loop
      vertex 59.0886 68.3686 1.5
      vertex 10.6314 68.3686 1.5
      vertex 59.246 68.2306 1.5
    endloop
  endfacet
  facet normal 0 0 1
    outer loop
      vertex 10.474 68.2306 1.5
      vertex 59.246 68.2306 1.5
      vertex 10.6314 68.3686 1.5
    endloop
  endfacet
  facet normal 0 0 1
    outer loop
      vertex 59.246 68.2306 1.5
      vertex 10.474 68.2306 1.5
      vertex 59.42 68.1144 1.5
    endloop
  endfacet
  facet normal 0 0 1
    outer loop
      vertex 10.3 68.1144 1.5
      vertex 59.42 68.1144 1.5
      vertex 10.474 68.2306 1.5
    endloop
  endfacet
  facet normal 0 0 1
    outer loop
      vertex 59.42 68.1144 1.5
      vertex 10.3 68.1144 1.5
      vertex 63.268 65.8 1.5
    endloop
  endfacet
  facet normal 0 0 1
    outer loop
      vertex 6.45203 65.8 1.5
      vertex 10.3 68.1144 1.5
      vertex 10.1123 68.0218 1.5
    endloop
  endfacet
  facet normal 0 0 1
    outer loop
      vertex 6.45203 65.8 1.5
      vertex 10.1123 68.0218 1.5
      vertex 9.91411 67.9545 1.5
    endloop
  endfacet
  facet normal 0 0 1
    outer loop
      vertex 6.45203 65.8 1.5
      vertex 9.91411 67.9545 1.5
      vertex 9.70884 67.9137 1.5
    endloop
  endfacet
  facet normal 0 0 1
    outer loop
      vertex 6.45203 65.8 1.5
      vertex 9.70884 67.9137 1.5
      vertex 9.5 67.9 1.5
    endloop
  endfacet
  facet normal 0 0 1
    outer loop
      vertex 10.3 68.1144 1.5
      vertex 6.45203 65.8 1.5
      vertex 63.268 65.8 1.5
    endloop
  endfacet
  facet normal 0 0 1
    outer loop
      vertex 9.29116 67.9137 1.5
      vertex 6.45203 65.8 1.5
      vertex 9.5 67.9 1.5
    endloop
  endfacet
  facet normal 0 0 1
    outer loop
      vertex 9.08589 67.9545 1.5
      vertex 6.45203 65.8 1.5
      vertex 9.29116 67.9137 1.5
    endloop
  endfacet
  facet normal 0 0 1
    outer loop
      vertex 8.88771 68.0218 1.5
      vertex 6.45203 65.8 1.5
      vertex 9.08589 67.9545 1.5
    endloop
  endfacet
  facet normal 0 0 1
    outer loop
      vertex 8.7 68.1144 1.5
      vertex 6.45203 65.8 1.5
      vertex 8.88771 68.0218 1.5
    endloop
  endfacet
  facet normal 0 0 1
    outer loop
      vertex 8.52598 68.2306 1.5
      vertex 6.45203 65.8 1.5
      vertex 8.7 68.1144 1.5
    endloop
  endfacet
  facet normal 0 0 1
    outer loop
      vertex 8.36863 68.3686 1.5
      vertex 6.45203 65.8 1.5
      vertex 8.52598 68.2306 1.5
    endloop
  endfacet
  facet normal 0 0 1
    outer loop
      vertex 8.23063 68.526 1.5
      vertex 6.45203 65.8 1.5
      vertex 8.36863 68.3686 1.5
    endloop
  endfacet
  facet normal 0 0 1
    outer loop
      vertex 8.11436 68.7 1.5
      vertex 6.45203 65.8 1.5
      vertex 8.23063 68.526 1.5
    endloop
  endfacet
  facet normal 0 0 1
    outer loop
      vertex 8.02179 68.8877 1.5
      vertex 6.45203 65.8 1.5
      vertex 8.11436 68.7 1.5
    endloop
  endfacet
  facet normal 0 0 1
    outer loop
      vertex 7.95452 69.0859 1.5
      vertex 6.45203 65.8 1.5
      vertex 8.02179 68.8877 1.5
    endloop
  endfacet
  facet normal 0 0 1
    outer loop
      vertex 7.91369 69.2912 1.5
      vertex 6.45203 65.8 1.5
      vertex 7.95452 69.0859 1.5
    endloop
  endfacet
  facet normal 0 0 1
    outer loop
      vertex 6.45203 65.8 1.5
      vertex 7.91369 69.2912 1.5
      vertex 7.9 69.5 1.5
    endloop
  endfacet
endsolid OpenSCAD_Model
