solid OpenSCAD_Model
  facet normal 0.442376 0.89683 -0
    outer loop
      vertex 4.42597 66.6142 1.4
      vertex 4.25 66.701 3
      vertex 4.42597 66.6142 3
    endloop
  endfacet
  facet normal 0.442376 0.89683 0
    outer loop
      vertex 4.25 66.701 3
      vertex 4.42597 66.6142 1.4
      vertex 4.25 66.701 1.4
    endloop
  endfacet
  facet normal 0.0652369 0.99787 -0
    outer loop
      vertex 5 66.5 1.4
      vertex 4.80421 66.5128 3
      vertex 5 66.5 3
    endloop
  endfacet
  facet normal 0.0652369 0.99787 0
    outer loop
      vertex 4.80421 66.5128 3
      vertex 5 66.5 1.4
      vertex 4.80421 66.5128 1.4
    endloop
  endfacet
  facet normal -0.980757 0.195234 0
    outer loop
      vertex 72.9489 67.6118 1.4
      vertex 72.9872 67.8042 3
      vertex 72.9872 67.8042 1.4
    endloop
  endfacet
  facet normal -0.980757 0.195234 0
    outer loop
      vertex 72.9872 67.8042 3
      vertex 72.9489 67.6118 1.4
      vertex 72.9489 67.6118 3
    endloop
  endfacet
  facet normal 0.658273 -0.752779 0
    outer loop
      vertex 3.93934 107.061 1.4
      vertex 4.08686 107.19 3
      vertex 3.93934 107.061 3
    endloop
  endfacet
  facet normal 0.658273 -0.752779 0
    outer loop
      vertex 4.08686 107.19 3
      vertex 3.93934 107.061 1.4
      vertex 4.08686 107.19 1.4
    endloop
  endfacet
  facet normal -0.442315 0.89686 0
    outer loop
      vertex 72.25 66.701 1.4
      vertex 72.074 66.6142 3
      vertex 72.25 66.701 3
    endloop
  endfacet
  facet normal -0.442315 0.89686 0
    outer loop
      vertex 72.074 66.6142 3
      vertex 72.25 66.701 1.4
      vertex 72.074 66.6142 1.4
    endloop
  endfacet
  facet normal -0.946885 0.321574 0
    outer loop
      vertex 72.8858 67.426 1.4
      vertex 72.9489 67.6118 3
      vertex 72.9489 67.6118 1.4
    endloop
  endfacet
  facet normal -0.946885 0.321574 0
    outer loop
      vertex 72.9489 67.6118 3
      vertex 72.8858 67.426 1.4
      vertex 72.8858 67.426 3
    endloop
  endfacet
  facet normal -0.831422 0.555641 0
    outer loop
      vertex 72.69 67.0869 1.4
      vertex 72.799 67.25 3
      vertex 72.799 67.25 1.4
    endloop
  endfacet
  facet normal -0.831422 0.555641 0
    outer loop
      vertex 72.799 67.25 3
      vertex 72.69 67.0869 1.4
      vertex 72.69 67.0869 3
    endloop
  endfacet
  facet normal 0 0 1
    outer loop
      vertex 70.5536 105.054 1.4
      vertex 73 106 1.4
      vertex 72.9872 106.196 1.4
    endloop
  endfacet
  facet normal 0 0 1
    outer loop
      vertex 73 106 1.4
      vertex 70.7 104.7 1.4
      vertex 73 68 1.4
    endloop
  endfacet
  facet normal 0 0 1
    outer loop
      vertex 70.5536 105.054 1.4
      vertex 72.9872 106.196 1.4
      vertex 72.9489 106.388 1.4
    endloop
  endfacet
  facet normal -0 0 1
    outer loop
      vertex 70.7 69.3 1.4
      vertex 73 68 1.4
      vertex 70.7 104.7 1.4
    endloop
  endfacet
  facet normal 0 0 1
    outer loop
      vertex 70.5536 105.054 1.4
      vertex 72.9489 106.388 1.4
      vertex 72.8858 106.574 1.4
    endloop
  endfacet
  facet normal -0 0 1
    outer loop
      vertex 70.6957 69.2347 1.4
      vertex 73 68 1.4
      vertex 70.7 69.3 1.4
    endloop
  endfacet
  facet normal 0 0 1
    outer loop
      vertex 70.5536 105.054 1.4
      vertex 72.8858 106.574 1.4
      vertex 72.799 106.75 1.4
    endloop
  endfacet
  facet normal -0 0 1
    outer loop
      vertex 70.683 69.1706 1.4
      vertex 73 68 1.4
      vertex 70.6957 69.2347 1.4
    endloop
  endfacet
  facet normal 0 0 1
    outer loop
      vertex 70.5536 105.054 1.4
      vertex 72.799 106.75 1.4
      vertex 72.69 106.913 1.4
    endloop
  endfacet
  facet normal -0 0 1
    outer loop
      vertex 70.6619 69.1087 1.4
      vertex 73 68 1.4
      vertex 70.683 69.1706 1.4
    endloop
  endfacet
  facet normal 0 0 1
    outer loop
      vertex 70.5536 105.054 1.4
      vertex 72.69 106.913 1.4
      vertex 72.5607 107.061 1.4
    endloop
  endfacet
  facet normal -0 0 1
    outer loop
      vertex 70.633 69.05 1.4
      vertex 73 68 1.4
      vertex 70.6619 69.1087 1.4
    endloop
  endfacet
  facet normal 0 0 1
    outer loop
      vertex 70.5536 105.054 1.4
      vertex 72.5607 107.061 1.4
      vertex 72.4131 107.19 1.4
    endloop
  endfacet
  facet normal -0 0 1
    outer loop
      vertex 70.5967 68.9956 1.4
      vertex 73 68 1.4
      vertex 70.633 69.05 1.4
    endloop
  endfacet
  facet normal 0 0 1
    outer loop
      vertex 70.5536 105.054 1.4
      vertex 72.4131 107.19 1.4
      vertex 72.25 107.299 1.4
    endloop
  endfacet
  facet normal -0 0 1
    outer loop
      vertex 70.5536 68.9464 1.4
      vertex 73 68 1.4
      vertex 70.5967 68.9956 1.4
    endloop
  endfacet
  facet normal 0 0 1
    outer loop
      vertex 70.5536 105.054 1.4
      vertex 72.25 107.299 1.4
      vertex 72.074 107.386 1.4
    endloop
  endfacet
  facet normal 0 0 1
    outer loop
      vertex 73 68 1.4
      vertex 70.5536 68.9464 1.4
      vertex 72.9872 67.8042 1.4
    endloop
  endfacet
  facet normal 0 0 1
    outer loop
      vertex 70.5536 105.054 1.4
      vertex 72.074 107.386 1.4
      vertex 71.8882 107.449 1.4
    endloop
  endfacet
  facet normal 0 0 1
    outer loop
      vertex 72.9872 67.8042 1.4
      vertex 70.5536 68.9464 1.4
      vertex 72.9489 67.6118 1.4
    endloop
  endfacet
  facet normal 0 0 1
    outer loop
      vertex 70.5536 105.054 1.4
      vertex 71.8882 107.449 1.4
      vertex 71.6958 107.487 1.4
    endloop
  endfacet
  facet normal 0 0 1
    outer loop
      vertex 72.9489 67.6118 1.4
      vertex 70.5536 68.9464 1.4
      vertex 72.8858 67.426 1.4
    endloop
  endfacet
  facet normal 0 0 1
    outer loop
      vertex 70.5536 105.054 1.4
      vertex 71.6958 107.487 1.4
      vertex 71.5 107.5 1.4
    endloop
  endfacet
  facet normal 0 0 1
    outer loop
      vertex 72.8858 67.426 1.4
      vertex 70.5536 68.9464 1.4
      vertex 72.799 67.25 1.4
    endloop
  endfacet
  facet normal 0 0 1
    outer loop
      vertex 72.799 67.25 1.4
      vertex 70.5536 68.9464 1.4
      vertex 72.69 67.0869 1.4
    endloop
  endfacet
  facet normal 0 0 1
    outer loop
      vertex 73 106 1.4
      vertex 70.6957 104.765 1.4
      vertex 70.7 104.7 1.4
    endloop
  endfacet
  facet normal 0 0 1
    outer loop
      vertex 73 106 1.4
      vertex 70.683 104.829 1.4
      vertex 70.6957 104.765 1.4
    endloop
  endfacet
  facet normal 0 0 1
    outer loop
      vertex 73 106 1.4
      vertex 70.6619 104.891 1.4
      vertex 70.683 104.829 1.4
    endloop
  endfacet
  facet normal 0 0 1
    outer loop
      vertex 73 106 1.4
      vertex 70.633 104.95 1.4
      vertex 70.6619 104.891 1.4
    endloop
  endfacet
  facet normal 0 0 1
    outer loop
      vertex 73 106 1.4
      vertex 70.5967 105.004 1.4
      vertex 70.633 104.95 1.4
    endloop
  endfacet
  facet normal 0 0 1
    outer loop
      vertex 73 106 1.4
      vertex 70.5536 105.054 1.4
      vertex 70.5967 105.004 1.4
    endloop
  endfacet
  facet normal 0 0 1
    outer loop
      vertex 71.5 107.5 1.4
      vertex 70.5044 105.097 1.4
      vertex 70.5536 105.054 1.4
    endloop
  endfacet
  facet normal 0 0 1
    outer loop
      vertex 71.5 107.5 1.4
      vertex 70.45 105.133 1.4
      vertex 70.5044 105.097 1.4
    endloop
  endfacet
  facet normal 0 0 1
    outer loop
      vertex 71.5 107.5 1.4
      vertex 70.3913 105.162 1.4
      vertex 70.45 105.133 1.4
    endloop
  endfacet
  facet normal 0 0 1
    outer loop
      vertex 71.5 107.5 1.4
      vertex 70.3294 105.183 1.4
      vertex 70.3913 105.162 1.4
    endloop
  endfacet
  facet normal 0 0 1
    outer loop
      vertex 71.5 107.5 1.4
      vertex 70.2653 105.196 1.4
      vertex 70.3294 105.183 1.4
    endloop
  endfacet
  facet normal 0 0 1
    outer loop
      vertex 71.5 107.5 1.4
      vertex 70.2 105.2 1.4
      vertex 70.2653 105.196 1.4
    endloop
  endfacet
  facet normal 0 0 1
    outer loop
      vertex 71.5 107.5 1.4
      vertex 6.3 105.2 1.4
      vertex 70.2 105.2 1.4
    endloop
  endfacet
  facet normal 0 0 1
    outer loop
      vertex 5.80428 104.765 1.4
      vertex 3.5 106 1.4
      vertex 5.8 104.7 1.4
    endloop
  endfacet
  facet normal 0 0 1
    outer loop
      vertex 5.81704 104.829 1.4
      vertex 3.5 106 1.4
      vertex 5.80428 104.765 1.4
    endloop
  endfacet
  facet normal 0 0 1
    outer loop
      vertex 5.83806 104.891 1.4
      vertex 3.5 106 1.4
      vertex 5.81704 104.829 1.4
    endloop
  endfacet
  facet normal 0 0 1
    outer loop
      vertex 5.86699 104.95 1.4
      vertex 3.5 106 1.4
      vertex 5.83806 104.891 1.4
    endloop
  endfacet
  facet normal 0 0 1
    outer loop
      vertex 5.90332 105.004 1.4
      vertex 3.5 106 1.4
      vertex 5.86699 104.95 1.4
    endloop
  endfacet
  facet normal 0 0 1
    outer loop
      vertex 5.94645 105.054 1.4
      vertex 3.5 106 1.4
      vertex 5.90332 105.004 1.4
    endloop
  endfacet
  facet normal -0 0 1
    outer loop
      vertex 3.5 106 1.4
      vertex 5.94645 105.054 1.4
      vertex 5 107.5 1.4
    endloop
  endfacet
  facet normal 0 0 1
    outer loop
      vertex 5.99562 105.097 1.4
      vertex 5 107.5 1.4
      vertex 5.94645 105.054 1.4
    endloop
  endfacet
  facet normal 0 0 1
    outer loop
      vertex 6.05 105.133 1.4
      vertex 5 107.5 1.4
      vertex 5.99562 105.097 1.4
    endloop
  endfacet
  facet normal 0 0 1
    outer loop
      vertex 6.10866 105.162 1.4
      vertex 5 107.5 1.4
      vertex 6.05 105.133 1.4
    endloop
  endfacet
  facet normal 0 0 1
    outer loop
      vertex 6.17059 105.183 1.4
      vertex 5 107.5 1.4
      vertex 6.10866 105.162 1.4
    endloop
  endfacet
  facet normal 0 0 1
    outer loop
      vertex 6.23474 105.196 1.4
      vertex 5 107.5 1.4
      vertex 6.17059 105.183 1.4
    endloop
  endfacet
  facet normal 0 0 1
    outer loop
      vertex 6.3 105.2 1.4
      vertex 5 107.5 1.4
      vertex 6.23474 105.196 1.4
    endloop
  endfacet
  facet normal -0 0 1
    outer loop
      vertex 5 107.5 1.4
      vertex 6.3 105.2 1.4
      vertex 71.5 107.5 1.4
    endloop
  endfacet
  facet normal 0 0 1
    outer loop
      vertex 72.69 67.0869 1.4
      vertex 70.5536 68.9464 1.4
      vertex 72.5607 66.9393 1.4
    endloop
  endfacet
  facet normal 0 0 1
    outer loop
      vertex 72.5607 66.9393 1.4
      vertex 70.5536 68.9464 1.4
      vertex 72.4131 66.81 1.4
    endloop
  endfacet
  facet normal 0 0 1
    outer loop
      vertex 72.4131 66.81 1.4
      vertex 70.5536 68.9464 1.4
      vertex 72.25 66.701 1.4
    endloop
  endfacet
  facet normal 0 0 1
    outer loop
      vertex 72.25 66.701 1.4
      vertex 70.5536 68.9464 1.4
      vertex 72.074 66.6142 1.4
    endloop
  endfacet
  facet normal 0 0 1
    outer loop
      vertex 72.074 66.6142 1.4
      vertex 70.5536 68.9464 1.4
      vertex 71.8882 66.5511 1.4
    endloop
  endfacet
  facet normal 0 0 1
    outer loop
      vertex 71.8882 66.5511 1.4
      vertex 70.5536 68.9464 1.4
      vertex 71.6958 66.5128 1.4
    endloop
  endfacet
  facet normal 0 0 1
    outer loop
      vertex 71.6958 66.5128 1.4
      vertex 70.5536 68.9464 1.4
      vertex 71.5 66.5 1.4
    endloop
  endfacet
  facet normal -0 0 1
    outer loop
      vertex 70.5044 68.9033 1.4
      vertex 71.5 66.5 1.4
      vertex 70.5536 68.9464 1.4
    endloop
  endfacet
  facet normal -0 0 1
    outer loop
      vertex 70.45 68.867 1.4
      vertex 71.5 66.5 1.4
      vertex 70.5044 68.9033 1.4
    endloop
  endfacet
  facet normal -0 0 1
    outer loop
      vertex 70.3913 68.8381 1.4
      vertex 71.5 66.5 1.4
      vertex 70.45 68.867 1.4
    endloop
  endfacet
  facet normal -0 0 1
    outer loop
      vertex 70.3294 68.817 1.4
      vertex 71.5 66.5 1.4
      vertex 70.3913 68.8381 1.4
    endloop
  endfacet
  facet normal -0 0 1
    outer loop
      vertex 70.2653 68.8043 1.4
      vertex 71.5 66.5 1.4
      vertex 70.3294 68.817 1.4
    endloop
  endfacet
  facet normal -0 0 1
    outer loop
      vertex 70.2 68.8 1.4
      vertex 71.5 66.5 1.4
      vertex 70.2653 68.8043 1.4
    endloop
  endfacet
  facet normal -0 0 1
    outer loop
      vertex 6.3 68.8 1.4
      vertex 71.5 66.5 1.4
      vertex 70.2 68.8 1.4
    endloop
  endfacet
  facet normal 0 0 1
    outer loop
      vertex 6.3 68.8 1.4
      vertex 5 66.5 1.4
      vertex 71.5 66.5 1.4
    endloop
  endfacet
  facet normal 0 0 1
    outer loop
      vertex 6.23474 68.8043 1.4
      vertex 5 66.5 1.4
      vertex 6.3 68.8 1.4
    endloop
  endfacet
  facet normal 0 0 1
    outer loop
      vertex 6.17059 68.817 1.4
      vertex 5 66.5 1.4
      vertex 6.23474 68.8043 1.4
    endloop
  endfacet
  facet normal 0 0 1
    outer loop
      vertex 6.10866 68.8381 1.4
      vertex 5 66.5 1.4
      vertex 6.17059 68.817 1.4
    endloop
  endfacet
  facet normal 0 0 1
    outer loop
      vertex 6.05 68.867 1.4
      vertex 5 66.5 1.4
      vertex 6.10866 68.8381 1.4
    endloop
  endfacet
  facet normal 0 0 1
    outer loop
      vertex 5.99562 68.9033 1.4
      vertex 5 66.5 1.4
      vertex 6.05 68.867 1.4
    endloop
  endfacet
  facet normal 0 0 1
    outer loop
      vertex 5.94645 68.9464 1.4
      vertex 5 66.5 1.4
      vertex 5.99562 68.9033 1.4
    endloop
  endfacet
  facet normal 0 0 1
    outer loop
      vertex 3.5 68 1.4
      vertex 5.94645 68.9464 1.4
      vertex 5.90332 68.9956 1.4
    endloop
  endfacet
  facet normal 0 0 1
    outer loop
      vertex 3.5 68 1.4
      vertex 5.90332 68.9956 1.4
      vertex 5.86699 69.05 1.4
    endloop
  endfacet
  facet normal 0 0 1
    outer loop
      vertex 3.5 68 1.4
      vertex 5.86699 69.05 1.4
      vertex 5.83806 69.1087 1.4
    endloop
  endfacet
  facet normal 0 0 1
    outer loop
      vertex 3.5 68 1.4
      vertex 5.83806 69.1087 1.4
      vertex 5.81704 69.1706 1.4
    endloop
  endfacet
  facet normal 0 0 1
    outer loop
      vertex 3.5 68 1.4
      vertex 5.81704 69.1706 1.4
      vertex 5.80428 69.2347 1.4
    endloop
  endfacet
  facet normal 0 0 1
    outer loop
      vertex 3.5 68 1.4
      vertex 5.80428 69.2347 1.4
      vertex 5.8 69.3 1.4
    endloop
  endfacet
  facet normal 0 0 1
    outer loop
      vertex 5.8 104.7 1.4
      vertex 3.5 106 1.4
      vertex 5.8 69.3 1.4
    endloop
  endfacet
  facet normal 0 0 1
    outer loop
      vertex 3.5 106 1.4
      vertex 5 107.5 1.4
      vertex 4.80421 107.487 1.4
    endloop
  endfacet
  facet normal 0 0 1
    outer loop
      vertex 3.5 68 1.4
      vertex 5.8 69.3 1.4
      vertex 3.5 106 1.4
    endloop
  endfacet
  facet normal 0 0 1
    outer loop
      vertex 3.5 106 1.4
      vertex 4.80421 107.487 1.4
      vertex 4.61177 107.449 1.4
    endloop
  endfacet
  facet normal 0 0 1
    outer loop
      vertex 5.94645 68.9464 1.4
      vertex 3.5 68 1.4
      vertex 3.55111 67.6118 1.4
    endloop
  endfacet
  facet normal 0 0 1
    outer loop
      vertex 3.5 106 1.4
      vertex 4.61177 107.449 1.4
      vertex 4.42597 107.386 1.4
    endloop
  endfacet
  facet normal 0 0 1
    outer loop
      vertex 5.94645 68.9464 1.4
      vertex 4.80421 66.5128 1.4
      vertex 5 66.5 1.4
    endloop
  endfacet
  facet normal 0 0 1
    outer loop
      vertex 3.5 106 1.4
      vertex 4.42597 107.386 1.4
      vertex 4.25 107.299 1.4
    endloop
  endfacet
  facet normal 0 0 1
    outer loop
      vertex 5.94645 68.9464 1.4
      vertex 4.61177 66.5511 1.4
      vertex 4.80421 66.5128 1.4
    endloop
  endfacet
  facet normal 0 0 1
    outer loop
      vertex 3.5 106 1.4
      vertex 4.25 107.299 1.4
      vertex 4.08686 107.19 1.4
    endloop
  endfacet
  facet normal 0 0 1
    outer loop
      vertex 5.94645 68.9464 1.4
      vertex 4.42597 66.6142 1.4
      vertex 4.61177 66.5511 1.4
    endloop
  endfacet
  facet normal 0 0 1
    outer loop
      vertex 3.5 106 1.4
      vertex 4.08686 107.19 1.4
      vertex 3.93934 107.061 1.4
    endloop
  endfacet
  facet normal 0 0 1
    outer loop
      vertex 5.94645 68.9464 1.4
      vertex 4.25 66.701 1.4
      vertex 4.42597 66.6142 1.4
    endloop
  endfacet
  facet normal 0 0 1
    outer loop
      vertex 3.5 106 1.4
      vertex 3.93934 107.061 1.4
      vertex 3.80997 106.913 1.4
    endloop
  endfacet
  facet normal 0 0 1
    outer loop
      vertex 5.94645 68.9464 1.4
      vertex 4.08686 66.81 1.4
      vertex 4.25 66.701 1.4
    endloop
  endfacet
  facet normal 0 0 1
    outer loop
      vertex 3.5 106 1.4
      vertex 3.80997 106.913 1.4
      vertex 3.70096 106.75 1.4
    endloop
  endfacet
  facet normal 0 0 1
    outer loop
      vertex 5.94645 68.9464 1.4
      vertex 3.93934 66.9393 1.4
      vertex 4.08686 66.81 1.4
    endloop
  endfacet
  facet normal 0 0 1
    outer loop
      vertex 3.5 106 1.4
      vertex 3.70096 106.75 1.4
      vertex 3.61418 106.574 1.4
    endloop
  endfacet
  facet normal 0 0 1
    outer loop
      vertex 5.94645 68.9464 1.4
      vertex 3.80997 67.0869 1.4
      vertex 3.93934 66.9393 1.4
    endloop
  endfacet
  facet normal 0 0 1
    outer loop
      vertex 3.5 106 1.4
      vertex 3.61418 106.574 1.4
      vertex 3.55111 106.388 1.4
    endloop
  endfacet
  facet normal 0 0 1
    outer loop
      vertex 5.94645 68.9464 1.4
      vertex 3.70096 67.25 1.4
      vertex 3.80997 67.0869 1.4
    endloop
  endfacet
  facet normal 0 0 1
    outer loop
      vertex 3.5 106 1.4
      vertex 3.55111 106.388 1.4
      vertex 3.51283 106.196 1.4
    endloop
  endfacet
  facet normal 0 0 1
    outer loop
      vertex 5.94645 68.9464 1.4
      vertex 3.61418 67.426 1.4
      vertex 3.70096 67.25 1.4
    endloop
  endfacet
  facet normal 0 0 1
    outer loop
      vertex 5.94645 68.9464 1.4
      vertex 3.55111 67.6118 1.4
      vertex 3.61418 67.426 1.4
    endloop
  endfacet
  facet normal 0 0 1
    outer loop
      vertex 3.55111 67.6118 1.4
      vertex 3.5 68 1.4
      vertex 3.51283 67.8042 1.4
    endloop
  endfacet
  facet normal 0.752021 0.659139 0
    outer loop
      vertex 3.93934 66.9393 3
      vertex 3.80997 67.0869 1.4
      vertex 3.80997 67.0869 3
    endloop
  endfacet
  facet normal 0.752021 0.659139 0
    outer loop
      vertex 3.80997 67.0869 1.4
      vertex 3.93934 66.9393 3
      vertex 3.93934 66.9393 1.4
    endloop
  endfacet
  facet normal 0.555547 0.831485 -0
    outer loop
      vertex 4.25 66.701 1.4
      vertex 4.08686 66.81 3
      vertex 4.25 66.701 3
    endloop
  endfacet
  facet normal 0.555547 0.831485 0
    outer loop
      vertex 4.08686 66.81 3
      vertex 4.25 66.701 1.4
      vertex 4.08686 66.81 1.4
    endloop
  endfacet
  facet normal 0 1 -0
    outer loop
      vertex 71.5 66.5 1.4
      vertex 5 66.5 3
      vertex 71.5 66.5 3
    endloop
  endfacet
  facet normal 0 1 0
    outer loop
      vertex 5 66.5 3
      vertex 71.5 66.5 1.4
      vertex 5 66.5 1.4
    endloop
  endfacet
  facet normal -0.658071 -0.752956 0
    outer loop
      vertex 72.4131 107.19 1.4
      vertex 72.5607 107.061 3
      vertex 72.4131 107.19 3
    endloop
  endfacet
  facet normal -0.658071 -0.752956 -0
    outer loop
      vertex 72.5607 107.061 3
      vertex 72.4131 107.19 1.4
      vertex 72.5607 107.061 1.4
    endloop
  endfacet
  facet normal -1 0 0
    outer loop
      vertex 73 68 1.4
      vertex 73 106 3
      vertex 73 106 1.4
    endloop
  endfacet
  facet normal -1 -0 0
    outer loop
      vertex 73 106 3
      vertex 73 68 1.4
      vertex 73 68 3
    endloop
  endfacet
  facet normal 0.947036 -0.321127 0
    outer loop
      vertex 3.55111 106.388 3
      vertex 3.61418 106.574 1.4
      vertex 3.61418 106.574 3
    endloop
  endfacet
  facet normal 0.947036 -0.321127 0
    outer loop
      vertex 3.61418 106.574 1.4
      vertex 3.55111 106.388 3
      vertex 3.55111 106.388 1.4
    endloop
  endfacet
  facet normal 0.980776 0.195136 0
    outer loop
      vertex 3.55111 67.6118 3
      vertex 3.51283 67.8042 1.4
      vertex 3.51283 67.8042 3
    endloop
  endfacet
  facet normal 0.980776 0.195136 0
    outer loop
      vertex 3.51283 67.8042 1.4
      vertex 3.55111 67.6118 3
      vertex 3.55111 67.6118 1.4
    endloop
  endfacet
  facet normal 0.8969 -0.442233 0
    outer loop
      vertex 3.61418 106.574 3
      vertex 3.70096 106.75 1.4
      vertex 3.70096 106.75 3
    endloop
  endfacet
  facet normal 0.8969 -0.442233 0
    outer loop
      vertex 3.70096 106.75 1.4
      vertex 3.61418 106.574 3
      vertex 3.61418 106.574 1.4
    endloop
  endfacet
  facet normal -0.89686 0.442315 0
    outer loop
      vertex 72.799 67.25 1.4
      vertex 72.8858 67.426 3
      vertex 72.8858 67.426 1.4
    endloop
  endfacet
  facet normal -0.89686 0.442315 0
    outer loop
      vertex 72.8858 67.426 3
      vertex 72.799 67.25 1.4
      vertex 72.799 67.25 3
    endloop
  endfacet
  facet normal 0 -1 0
    outer loop
      vertex 5 107.5 1.4
      vertex 71.5 107.5 3
      vertex 5 107.5 3
    endloop
  endfacet
  facet normal 0 -1 -0
    outer loop
      vertex 71.5 107.5 3
      vertex 5 107.5 1.4
      vertex 71.5 107.5 1.4
    endloop
  endfacet
  facet normal 1 -0 0
    outer loop
      vertex 3.5 68 3
      vertex 3.5 106 1.4
      vertex 3.5 106 3
    endloop
  endfacet
  facet normal 1 0 0
    outer loop
      vertex 3.5 106 1.4
      vertex 3.5 68 3
      vertex 3.5 68 1.4
    endloop
  endfacet
  facet normal 0.831399 0.555676 0
    outer loop
      vertex 3.80997 67.0869 3
      vertex 3.70096 67.25 1.4
      vertex 3.70096 67.25 3
    endloop
  endfacet
  facet normal 0.831399 0.555676 0
    outer loop
      vertex 3.70096 67.25 1.4
      vertex 3.80997 67.0869 3
      vertex 3.80997 67.0869 1.4
    endloop
  endfacet
  facet normal 0.980698 -0.195527 0
    outer loop
      vertex 3.51283 106.196 3
      vertex 3.55111 106.388 1.4
      vertex 3.55111 106.388 3
    endloop
  endfacet
  facet normal 0.980698 -0.195527 0
    outer loop
      vertex 3.55111 106.388 1.4
      vertex 3.51283 106.196 3
      vertex 3.51283 106.196 1.4
    endloop
  endfacet
  facet normal -0.555641 0.831422 0
    outer loop
      vertex 72.4131 66.81 1.4
      vertex 72.25 66.701 3
      vertex 72.4131 66.81 3
    endloop
  endfacet
  facet normal -0.555641 0.831422 0
    outer loop
      vertex 72.25 66.701 3
      vertex 72.4131 66.81 1.4
      vertex 72.25 66.701 1.4
    endloop
  endfacet
  facet normal 0.321574 0.946885 -0
    outer loop
      vertex 4.61177 66.5511 1.4
      vertex 4.42597 66.6142 3
      vertex 4.61177 66.5511 3
    endloop
  endfacet
  facet normal 0.321574 0.946885 0
    outer loop
      vertex 4.42597 66.6142 3
      vertex 4.61177 66.5511 1.4
      vertex 4.42597 66.6142 1.4
    endloop
  endfacet
  facet normal -0.99787 0.0652336 0
    outer loop
      vertex 72.9872 67.8042 1.4
      vertex 73 68 3
      vertex 73 68 1.4
    endloop
  endfacet
  facet normal -0.99787 0.0652336 0
    outer loop
      vertex 73 68 3
      vertex 72.9872 67.8042 1.4
      vertex 72.9872 67.8042 3
    endloop
  endfacet
  facet normal -0.831265 -0.555877 0
    outer loop
      vertex 72.799 106.75 1.4
      vertex 72.69 106.913 3
      vertex 72.69 106.913 1.4
    endloop
  endfacet
  facet normal -0.831265 -0.555877 0
    outer loop
      vertex 72.69 106.913 3
      vertex 72.799 106.75 1.4
      vertex 72.799 106.75 3
    endloop
  endfacet
  facet normal -0.752198 0.658937 0
    outer loop
      vertex 72.5607 66.9393 1.4
      vertex 72.69 67.0869 3
      vertex 72.69 67.0869 1.4
    endloop
  endfacet
  facet normal -0.752198 0.658937 0
    outer loop
      vertex 72.69 67.0869 3
      vertex 72.5607 66.9393 1.4
      vertex 72.5607 66.9393 3
    endloop
  endfacet
  facet normal 0.195195 0.980764 -0
    outer loop
      vertex 4.80421 66.5128 1.4
      vertex 4.61177 66.5511 3
      vertex 4.80421 66.5128 3
    endloop
  endfacet
  facet normal 0.195195 0.980764 0
    outer loop
      vertex 4.61177 66.5511 3
      vertex 4.80421 66.5128 1.4
      vertex 4.61177 66.5511 1.4
    endloop
  endfacet
  facet normal -0.89686 -0.442315 0
    outer loop
      vertex 72.8858 106.574 1.4
      vertex 72.799 106.75 3
      vertex 72.799 106.75 1.4
    endloop
  endfacet
  facet normal -0.89686 -0.442315 0
    outer loop
      vertex 72.799 106.75 3
      vertex 72.8858 106.574 1.4
      vertex 72.8858 106.574 3
    endloop
  endfacet
  facet normal -0.94699 -0.321264 0
    outer loop
      vertex 72.9489 106.388 1.4
      vertex 72.8858 106.574 3
      vertex 72.8858 106.574 1.4
    endloop
  endfacet
  facet normal -0.94699 -0.321264 0
    outer loop
      vertex 72.8858 106.574 3
      vertex 72.9489 106.388 1.4
      vertex 72.9489 106.388 3
    endloop
  endfacet
  facet normal 0.946931 0.321437 0
    outer loop
      vertex 3.61418 67.426 3
      vertex 3.55111 67.6118 1.4
      vertex 3.55111 67.6118 3
    endloop
  endfacet
  facet normal 0.946931 0.321437 0
    outer loop
      vertex 3.55111 67.6118 1.4
      vertex 3.61418 67.426 3
      vertex 3.61418 67.426 1.4
    endloop
  endfacet
  facet normal -0.555641 -0.831422 0
    outer loop
      vertex 72.25 107.299 1.4
      vertex 72.4131 107.19 3
      vertex 72.25 107.299 3
    endloop
  endfacet
  facet normal -0.555641 -0.831422 -0
    outer loop
      vertex 72.4131 107.19 3
      vertex 72.25 107.299 1.4
      vertex 72.4131 107.19 1.4
    endloop
  endfacet
  facet normal 0.65914 0.752021 -0
    outer loop
      vertex 4.08686 66.81 1.4
      vertex 3.93934 66.9393 3
      vertex 4.08686 66.81 3
    endloop
  endfacet
  facet normal 0.65914 0.752021 0
    outer loop
      vertex 3.93934 66.9393 3
      vertex 4.08686 66.81 1.4
      vertex 3.93934 66.9393 1.4
    endloop
  endfacet
  facet normal 0.831241 -0.555912 0
    outer loop
      vertex 3.70096 106.75 3
      vertex 3.80997 106.913 1.4
      vertex 3.80997 106.913 3
    endloop
  endfacet
  facet normal 0.831241 -0.555912 0
    outer loop
      vertex 3.80997 106.913 1.4
      vertex 3.70096 106.75 3
      vertex 3.70096 106.75 1.4
    endloop
  endfacet
  facet normal 0.99786 0.0653858 0
    outer loop
      vertex 3.51283 67.8042 3
      vertex 3.5 68 1.4
      vertex 3.5 68 3
    endloop
  endfacet
  facet normal 0.99786 0.0653858 0
    outer loop
      vertex 3.5 68 1.4
      vertex 3.51283 67.8042 3
      vertex 3.51283 67.8042 1.4
    endloop
  endfacet
  facet normal -0.321574 0.946885 0
    outer loop
      vertex 72.074 66.6142 1.4
      vertex 71.8882 66.5511 3
      vertex 72.074 66.6142 3
    endloop
  endfacet
  facet normal -0.321574 0.946885 0
    outer loop
      vertex 71.8882 66.5511 3
      vertex 72.074 66.6142 1.4
      vertex 71.8882 66.5511 1.4
    endloop
  endfacet
  facet normal -0.193762 -0.981049 0
    outer loop
      vertex 71.6958 107.487 1.4
      vertex 71.8882 107.449 3
      vertex 71.6958 107.487 3
    endloop
  endfacet
  facet normal -0.193762 -0.981049 -0
    outer loop
      vertex 71.8882 107.449 3
      vertex 71.6958 107.487 1.4
      vertex 71.8882 107.449 1.4
    endloop
  endfacet
  facet normal -0.321117 -0.94704 0
    outer loop
      vertex 71.8882 107.449 1.4
      vertex 72.074 107.386 3
      vertex 71.8882 107.449 3
    endloop
  endfacet
  facet normal -0.321117 -0.94704 -0
    outer loop
      vertex 72.074 107.386 3
      vertex 71.8882 107.449 1.4
      vertex 72.074 107.386 1.4
    endloop
  endfacet
  facet normal -0.195234 0.980757 0
    outer loop
      vertex 71.8882 66.5511 1.4
      vertex 71.6958 66.5128 3
      vertex 71.8882 66.5511 3
    endloop
  endfacet
  facet normal -0.195234 0.980757 0
    outer loop
      vertex 71.6958 66.5128 3
      vertex 71.8882 66.5511 1.4
      vertex 71.6958 66.5128 1.4
    endloop
  endfacet
  facet normal 0.752904 -0.65813 0
    outer loop
      vertex 3.80997 106.913 3
      vertex 3.93934 107.061 1.4
      vertex 3.93934 107.061 3
    endloop
  endfacet
  facet normal 0.752904 -0.65813 0
    outer loop
      vertex 3.93934 107.061 1.4
      vertex 3.80997 106.913 3
      vertex 3.80997 106.913 1.4
    endloop
  endfacet
  facet normal 0.555547 -0.831485 0
    outer loop
      vertex 4.08686 107.19 1.4
      vertex 4.25 107.299 3
      vertex 4.08686 107.19 3
    endloop
  endfacet
  facet normal 0.555547 -0.831485 0
    outer loop
      vertex 4.25 107.299 3
      vertex 4.08686 107.19 1.4
      vertex 4.25 107.299 1.4
    endloop
  endfacet
  facet normal -0.997874 -0.0651673 0
    outer loop
      vertex 73 106 1.4
      vertex 72.9872 106.196 3
      vertex 72.9872 106.196 1.4
    endloop
  endfacet
  facet normal -0.997874 -0.0651673 0
    outer loop
      vertex 72.9872 106.196 3
      vertex 73 106 1.4
      vertex 73 106 3
    endloop
  endfacet
  facet normal -0.443134 -0.896455 0
    outer loop
      vertex 72.074 107.386 1.4
      vertex 72.25 107.299 3
      vertex 72.074 107.386 3
    endloop
  endfacet
  facet normal -0.443134 -0.896455 -0
    outer loop
      vertex 72.25 107.299 3
      vertex 72.074 107.386 1.4
      vertex 72.25 107.299 1.4
    endloop
  endfacet
  facet normal -0.0652336 0.99787 0
    outer loop
      vertex 71.6958 66.5128 1.4
      vertex 71.5 66.5 3
      vertex 71.6958 66.5128 3
    endloop
  endfacet
  facet normal -0.0652336 0.99787 0
    outer loop
      vertex 71.5 66.5 3
      vertex 71.6958 66.5128 1.4
      vertex 71.5 66.5 1.4
    endloop
  endfacet
  facet normal 0.0662518 -0.997803 0
    outer loop
      vertex 4.80421 107.487 1.4
      vertex 5 107.5 3
      vertex 4.80421 107.487 3
    endloop
  endfacet
  facet normal 0.0662518 -0.997803 0
    outer loop
      vertex 5 107.5 3
      vertex 4.80421 107.487 1.4
      vertex 5 107.5 1.4
    endloop
  endfacet
  facet normal 0.193723 -0.981056 0
    outer loop
      vertex 4.61177 107.449 1.4
      vertex 4.80421 107.487 3
      vertex 4.61177 107.449 3
    endloop
  endfacet
  facet normal 0.193723 -0.981056 0
    outer loop
      vertex 4.80421 107.487 3
      vertex 4.61177 107.449 1.4
      vertex 4.80421 107.487 1.4
    endloop
  endfacet
  facet normal 0.997864 -0.0653194 0
    outer loop
      vertex 3.5 106 3
      vertex 3.51283 106.196 1.4
      vertex 3.51283 106.196 3
    endloop
  endfacet
  facet normal 0.997864 -0.0653194 0
    outer loop
      vertex 3.51283 106.196 1.4
      vertex 3.5 106 3
      vertex 3.5 106 1.4
    endloop
  endfacet
  facet normal 0.443195 -0.896425 0
    outer loop
      vertex 4.25 107.299 1.4
      vertex 4.42597 107.386 3
      vertex 4.25 107.299 3
    endloop
  endfacet
  facet normal 0.443195 -0.896425 0
    outer loop
      vertex 4.42597 107.386 3
      vertex 4.25 107.299 1.4
      vertex 4.42597 107.386 1.4
    endloop
  endfacet
  facet normal 0.321117 -0.94704 0
    outer loop
      vertex 4.42597 107.386 1.4
      vertex 4.61177 107.449 3
      vertex 4.42597 107.386 3
    endloop
  endfacet
  facet normal 0.321117 -0.94704 0
    outer loop
      vertex 4.61177 107.449 3
      vertex 4.42597 107.386 1.4
      vertex 4.61177 107.449 1.4
    endloop
  endfacet
  facet normal -0.658937 0.752198 0
    outer loop
      vertex 72.5607 66.9393 1.4
      vertex 72.4131 66.81 3
      vertex 72.5607 66.9393 3
    endloop
  endfacet
  facet normal -0.658937 0.752198 0
    outer loop
      vertex 72.4131 66.81 3
      vertex 72.5607 66.9393 1.4
      vertex 72.4131 66.81 1.4
    endloop
  endfacet
  facet normal -0.980679 -0.195625 0
    outer loop
      vertex 72.9872 106.196 1.4
      vertex 72.9489 106.388 3
      vertex 72.9489 106.388 1.4
    endloop
  endfacet
  facet normal -0.980679 -0.195625 0
    outer loop
      vertex 72.9489 106.388 3
      vertex 72.9872 106.196 1.4
      vertex 72.9872 106.196 3
    endloop
  endfacet
  facet normal -0.0662484 -0.997803 0
    outer loop
      vertex 71.5 107.5 1.4
      vertex 71.6958 107.487 3
      vertex 71.5 107.5 3
    endloop
  endfacet
  facet normal -0.0662484 -0.997803 -0
    outer loop
      vertex 71.6958 107.487 3
      vertex 71.5 107.5 1.4
      vertex 71.6958 107.487 1.4
    endloop
  endfacet
  facet normal -0.753081 -0.657928 0
    outer loop
      vertex 72.69 106.913 1.4
      vertex 72.5607 107.061 3
      vertex 72.5607 107.061 1.4
    endloop
  endfacet
  facet normal -0.753081 -0.657928 0
    outer loop
      vertex 72.5607 107.061 3
      vertex 72.69 106.913 1.4
      vertex 72.69 106.913 3
    endloop
  endfacet
  facet normal 0.8969 0.442233 0
    outer loop
      vertex 3.70096 67.25 3
      vertex 3.61418 67.426 1.4
      vertex 3.61418 67.426 3
    endloop
  endfacet
  facet normal 0.8969 0.442233 0
    outer loop
      vertex 3.61418 67.426 1.4
      vertex 3.70096 67.25 3
      vertex 3.70096 67.25 1.4
    endloop
  endfacet
  facet normal 0.997819 0.0660096 0
    outer loop
      vertex 70.7 104.7 3
      vertex 70.6957 104.765 1.4
      vertex 70.6957 104.765 3
    endloop
  endfacet
  facet normal 0.997819 0.0660096 0
    outer loop
      vertex 70.6957 104.765 1.4
      vertex 70.7 104.7 3
      vertex 70.7 104.7 1.4
    endloop
  endfacet
  facet normal -0.659165 -0.751998 0
    outer loop
      vertex 5.94645 68.9464 1.4
      vertex 5.99562 68.9033 3
      vertex 5.94645 68.9464 3
    endloop
  endfacet
  facet normal -0.659165 -0.751998 -0
    outer loop
      vertex 5.99562 68.9033 3
      vertex 5.94645 68.9464 1.4
      vertex 5.99562 68.9033 1.4
    endloop
  endfacet
  facet normal -0.829703 0.558206 0
    outer loop
      vertex 5.86699 104.95 1.4
      vertex 5.90332 105.004 3
      vertex 5.90332 105.004 1.4
    endloop
  endfacet
  facet normal -0.829703 0.558206 0
    outer loop
      vertex 5.90332 105.004 3
      vertex 5.86699 104.95 1.4
      vertex 5.86699 104.95 3
    endloop
  endfacet
  facet normal -0.552008 0.833839 0
    outer loop
      vertex 6.05 105.133 1.4
      vertex 5.99562 105.097 3
      vertex 6.05 105.133 3
    endloop
  endfacet
  facet normal -0.552008 0.833839 0
    outer loop
      vertex 5.99562 105.097 3
      vertex 6.05 105.133 1.4
      vertex 5.99562 105.097 1.4
    endloop
  endfacet
  facet normal -1 0 0
    outer loop
      vertex 5.8 104.7 1.4
      vertex 5.8 104.548 1.5
      vertex 5.8 104.7 3
    endloop
  endfacet
  facet normal -1 0 0
    outer loop
      vertex 5.8 104.7 1.4
      vertex 5.8 69.452 1.5
      vertex 5.8 104.548 1.5
    endloop
  endfacet
  facet normal -1 0 0
    outer loop
      vertex 5.8 69.3 1.4
      vertex 5.8 69.452 1.5
      vertex 5.8 104.7 1.4
    endloop
  endfacet
  facet normal -1 0 0
    outer loop
      vertex 5.8 69.3 3
      vertex 5.8 69.452 1.5
      vertex 5.8 69.3 1.4
    endloop
  endfacet
  facet normal -1 0 0
    outer loop
      vertex 5.8 69.452 1.5
      vertex 5.8 69.3 3
      vertex 5.8 69.452 3
    endloop
  endfacet
  facet normal -1 -0 0
    outer loop
      vertex 5.8 104.7 3
      vertex 5.8 104.548 1.5
      vertex 5.8 104.548 3
    endloop
  endfacet
  facet normal -0.0657477 -0.997836 0
    outer loop
      vertex 6.23474 68.8043 1.4
      vertex 6.3 68.8 3
      vertex 6.23474 68.8043 3
    endloop
  endfacet
  facet normal -0.0657477 -0.997836 -0
    outer loop
      vertex 6.3 68.8 3
      vertex 6.23474 68.8043 1.4
      vertex 6.3 68.8 1.4
    endloop
  endfacet
  facet normal 0.0611411 0.998129 -0
    outer loop
      vertex 70.2653 105.196 1.4
      vertex 70.2 105.2 3
      vertex 70.2653 105.196 3
    endloop
  endfacet
  facet normal 0.0611411 0.998129 0
    outer loop
      vertex 70.2 105.2 3
      vertex 70.2653 105.196 1.4
      vertex 70.2 105.2 1.4
    endloop
  endfacet
  facet normal 1 0 0
    outer loop
      vertex 70.7 69.452 3
      vertex 70.7 69.3 3
      vertex 70.7 69.452 1.5
    endloop
  endfacet
  facet normal 1 0 0
    outer loop
      vertex 70.7 104.548 1.5
      vertex 70.7 104.7 3
      vertex 70.7 104.548 3
    endloop
  endfacet
  facet normal 1 0 0
    outer loop
      vertex 70.7 104.7 3
      vertex 70.7 104.548 1.5
      vertex 70.7 104.7 1.4
    endloop
  endfacet
  facet normal 1 -0 0
    outer loop
      vertex 70.7 69.452 1.5
      vertex 70.7 104.7 1.4
      vertex 70.7 104.548 1.5
    endloop
  endfacet
  facet normal 1 0 0
    outer loop
      vertex 70.7 69.452 1.5
      vertex 70.7 69.3 1.4
      vertex 70.7 104.7 1.4
    endloop
  endfacet
  facet normal 1 0 0
    outer loop
      vertex 70.7 69.3 1.4
      vertex 70.7 69.452 1.5
      vertex 70.7 69.3 3
    endloop
  endfacet
  facet normal -0.980757 -0.195233 0
    outer loop
      vertex 5.81704 69.1706 1.4
      vertex 5.80428 69.2347 3
      vertex 5.80428 69.2347 1.4
    endloop
  endfacet
  facet normal -0.980757 -0.195233 0
    outer loop
      vertex 5.80428 69.2347 3
      vertex 5.81704 69.1706 1.4
      vertex 5.81704 69.1706 3
    endloop
  endfacet
  facet normal -0.441945 -0.897042 0
    outer loop
      vertex 6.05 68.867 1.4
      vertex 6.10866 68.8381 3
      vertex 6.05 68.867 3
    endloop
  endfacet
  facet normal -0.441945 -0.897042 -0
    outer loop
      vertex 6.10866 68.8381 3
      vertex 6.05 68.867 1.4
      vertex 6.10866 68.8381 1.4
    endloop
  endfacet
  facet normal -0.194204 -0.980961 0
    outer loop
      vertex 6.17059 68.817 1.4
      vertex 6.23474 68.8043 3
      vertex 6.17059 68.817 3
    endloop
  endfacet
  facet normal -0.194204 -0.980961 -0
    outer loop
      vertex 6.23474 68.8043 3
      vertex 6.17059 68.817 1.4
      vertex 6.23474 68.8043 1.4
    endloop
  endfacet
  facet normal 0.321272 0.946987 -0
    outer loop
      vertex 70.3913 105.162 1.4
      vertex 70.3294 105.183 3
      vertex 70.3913 105.162 3
    endloop
  endfacet
  facet normal 0.321272 0.946987 0
    outer loop
      vertex 70.3294 105.183 3
      vertex 70.3913 105.162 1.4
      vertex 70.3294 105.183 1.4
    endloop
  endfacet
  facet normal -0.443175 0.896435 0
    outer loop
      vertex 6.10866 105.162 1.4
      vertex 6.05 105.133 3
      vertex 6.10866 105.162 3
    endloop
  endfacet
  facet normal -0.443175 0.896435 0
    outer loop
      vertex 6.05 105.133 3
      vertex 6.10866 105.162 1.4
      vertex 6.05 105.133 1.4
    endloop
  endfacet
  facet normal 0.555053 -0.831815 0
    outer loop
      vertex 70.45 68.867 1.4
      vertex 70.5044 68.9033 3
      vertex 70.45 68.867 3
    endloop
  endfacet
  facet normal 0.555053 -0.831815 0
    outer loop
      vertex 70.5044 68.9033 3
      vertex 70.45 68.867 1.4
      vertex 70.5044 68.9033 1.4
    endloop
  endfacet
  facet normal -0.947052 0.321081 0
    outer loop
      vertex 5.81704 104.829 1.4
      vertex 5.83806 104.891 3
      vertex 5.83806 104.891 1.4
    endloop
  endfacet
  facet normal -0.947052 0.321081 0
    outer loop
      vertex 5.83806 104.891 3
      vertex 5.81704 104.829 1.4
      vertex 5.81704 104.829 3
    endloop
  endfacet
  facet normal 0.829916 0.557888 0
    outer loop
      vertex 70.633 104.95 3
      vertex 70.5967 105.004 1.4
      vertex 70.5967 105.004 3
    endloop
  endfacet
  facet normal 0.829916 0.557888 0
    outer loop
      vertex 70.5967 105.004 1.4
      vertex 70.633 104.95 3
      vertex 70.633 104.95 1.4
    endloop
  endfacet
  facet normal -0.89787 0.440261 0
    outer loop
      vertex 5.83806 104.891 1.4
      vertex 5.86699 104.95 3
      vertex 5.86699 104.95 1.4
    endloop
  endfacet
  facet normal -0.89787 0.440261 0
    outer loop
      vertex 5.86699 104.95 3
      vertex 5.83806 104.891 1.4
      vertex 5.83806 104.891 3
    endloop
  endfacet
  facet normal 0.0657076 -0.997839 0
    outer loop
      vertex 70.2 68.8 1.4
      vertex 70.2653 68.8043 3
      vertex 70.2 68.8 3
    endloop
  endfacet
  facet normal 0.0657076 -0.997839 0
    outer loop
      vertex 70.2653 68.8043 3
      vertex 70.2 68.8 1.4
      vertex 70.2653 68.8043 1.4
    endloop
  endfacet
  facet normal 0 1 0
    outer loop
      vertex 70.2 105.2 3
      vertex 70.048 105.2 1.5
      vertex 70.048 105.2 3
    endloop
  endfacet
  facet normal 0 1 0
    outer loop
      vertex 70.048 105.2 1.5
      vertex 70.2 105.2 1.4
      vertex 6.45203 105.2 1.5
    endloop
  endfacet
  facet normal 0 1 -0
    outer loop
      vertex 70.2 105.2 1.4
      vertex 70.048 105.2 1.5
      vertex 70.2 105.2 3
    endloop
  endfacet
  facet normal 0 1 -0
    outer loop
      vertex 6.45203 105.2 1.5
      vertex 6.3 105.2 3
      vertex 6.45203 105.2 3
    endloop
  endfacet
  facet normal 0 1 0
    outer loop
      vertex 6.45203 105.2 1.5
      vertex 6.3 105.2 1.4
      vertex 6.3 105.2 3
    endloop
  endfacet
  facet normal 0 1 0
    outer loop
      vertex 6.3 105.2 1.4
      vertex 6.45203 105.2 1.5
      vertex 70.2 105.2 1.4
    endloop
  endfacet
  facet normal -0.946894 -0.321546 0
    outer loop
      vertex 5.83806 69.1087 1.4
      vertex 5.81704 69.1706 3
      vertex 5.81704 69.1706 1.4
    endloop
  endfacet
  facet normal -0.946894 -0.321546 0
    outer loop
      vertex 5.81704 69.1706 3
      vertex 5.83806 69.1087 1.4
      vertex 5.83806 69.1087 3
    endloop
  endfacet
  facet normal 0.757436 0.65291 0
    outer loop
      vertex 70.5967 105.004 3
      vertex 70.5536 105.054 1.4
      vertex 70.5536 105.054 3
    endloop
  endfacet
  facet normal 0.757436 0.65291 0
    outer loop
      vertex 70.5536 105.054 1.4
      vertex 70.5967 105.004 3
      vertex 70.5967 105.004 1.4
    endloop
  endfacet
  facet normal 0.831815 -0.555053 0
    outer loop
      vertex 70.5967 68.9956 3
      vertex 70.633 69.05 1.4
      vertex 70.633 69.05 3
    endloop
  endfacet
  facet normal 0.831815 -0.555053 0
    outer loop
      vertex 70.633 69.05 1.4
      vertex 70.5967 68.9956 3
      vertex 70.5967 68.9956 1.4
    endloop
  endfacet
  facet normal -0.997839 0.0657039 0
    outer loop
      vertex 5.8 104.7 1.4
      vertex 5.80428 104.765 3
      vertex 5.80428 104.765 1.4
    endloop
  endfacet
  facet normal -0.997839 0.0657039 0
    outer loop
      vertex 5.80428 104.765 3
      vertex 5.8 104.7 1.4
      vertex 5.8 104.7 3
    endloop
  endfacet
  facet normal -0.0611785 0.998127 0
    outer loop
      vertex 6.3 105.2 1.4
      vertex 6.23474 105.196 3
      vertex 6.3 105.2 3
    endloop
  endfacet
  facet normal -0.0611785 0.998127 0
    outer loop
      vertex 6.23474 105.196 3
      vertex 6.3 105.2 1.4
      vertex 6.23474 105.196 1.4
    endloop
  endfacet
  facet normal -0.75197 -0.659197 0
    outer loop
      vertex 5.94645 68.9464 1.4
      vertex 5.90332 68.9956 3
      vertex 5.90332 68.9956 1.4
    endloop
  endfacet
  facet normal -0.75197 -0.659197 0
    outer loop
      vertex 5.90332 68.9956 3
      vertex 5.94645 68.9464 1.4
      vertex 5.94645 68.9464 3
    endloop
  endfacet
  facet normal -0.658299 0.752757 0
    outer loop
      vertex 5.99562 105.097 1.4
      vertex 5.94645 105.054 3
      vertex 5.99562 105.097 3
    endloop
  endfacet
  facet normal -0.658299 0.752757 0
    outer loop
      vertex 5.94645 105.054 3
      vertex 5.99562 105.097 1.4
      vertex 5.94645 105.054 1.4
    endloop
  endfacet
  facet normal 0 -1 0
    outer loop
      vertex 6.3 68.8 3
      vertex 6.45203 68.8 1.5
      vertex 6.45203 68.8 3
    endloop
  endfacet
  facet normal 0 -1 -0
    outer loop
      vertex 6.45203 68.8 1.5
      vertex 6.3 68.8 1.4
      vertex 70.048 68.8 1.5
    endloop
  endfacet
  facet normal 0 -1 0
    outer loop
      vertex 6.3 68.8 1.4
      vertex 6.45203 68.8 1.5
      vertex 6.3 68.8 3
    endloop
  endfacet
  facet normal 0 -1 0
    outer loop
      vertex 70.048 68.8 1.5
      vertex 70.2 68.8 3
      vertex 70.048 68.8 3
    endloop
  endfacet
  facet normal 0 -1 0
    outer loop
      vertex 70.048 68.8 1.5
      vertex 70.2 68.8 1.4
      vertex 70.2 68.8 3
    endloop
  endfacet
  facet normal 0 -1 0
    outer loop
      vertex 70.2 68.8 1.4
      vertex 70.048 68.8 1.5
      vertex 6.3 68.8 1.4
    endloop
  endfacet
  facet normal -0.322503 -0.946569 0
    outer loop
      vertex 6.10866 68.8381 1.4
      vertex 6.17059 68.817 3
      vertex 6.10866 68.8381 3
    endloop
  endfacet
  facet normal -0.322503 -0.946569 -0
    outer loop
      vertex 6.17059 68.817 3
      vertex 6.10866 68.8381 1.4
      vertex 6.17059 68.817 1.4
    endloop
  endfacet
  facet normal -0.997859 -0.0654033 0
    outer loop
      vertex 5.80428 69.2347 1.4
      vertex 5.8 69.3 3
      vertex 5.8 69.3 1.4
    endloop
  endfacet
  facet normal -0.997859 -0.0654033 0
    outer loop
      vertex 5.8 69.3 3
      vertex 5.80428 69.2347 1.4
      vertex 5.80428 69.2347 3
    endloop
  endfacet
  facet normal -0.831603 -0.55537 0
    outer loop
      vertex 5.90332 68.9956 1.4
      vertex 5.86699 69.05 3
      vertex 5.86699 69.05 1.4
    endloop
  endfacet
  facet normal -0.831603 -0.55537 0
    outer loop
      vertex 5.86699 69.05 3
      vertex 5.90332 68.9956 1.4
      vertex 5.90332 68.9956 3
    endloop
  endfacet
  facet normal 0.658071 0.752956 -0
    outer loop
      vertex 70.5536 105.054 1.4
      vertex 70.5044 105.097 3
      vertex 70.5536 105.054 3
    endloop
  endfacet
  facet normal 0.658071 0.752956 0
    outer loop
      vertex 70.5044 105.097 3
      vertex 70.5536 105.054 1.4
      vertex 70.5044 105.097 1.4
    endloop
  endfacet
  facet normal 0.752198 -0.658937 0
    outer loop
      vertex 70.5536 68.9464 3
      vertex 70.5967 68.9956 1.4
      vertex 70.5967 68.9956 3
    endloop
  endfacet
  facet normal 0.752198 -0.658937 0
    outer loop
      vertex 70.5967 68.9956 1.4
      vertex 70.5536 68.9464 3
      vertex 70.5536 68.9464 1.4
    endloop
  endfacet
  facet normal -0.980698 0.195527 0
    outer loop
      vertex 5.80428 104.765 1.4
      vertex 5.81704 104.829 3
      vertex 5.81704 104.829 1.4
    endloop
  endfacet
  facet normal -0.980698 0.195527 0
    outer loop
      vertex 5.81704 104.829 3
      vertex 5.80428 104.765 1.4
      vertex 5.80428 104.765 3
    endloop
  endfacet
  facet normal 0.997839 -0.0657076 0
    outer loop
      vertex 70.6957 69.2347 3
      vertex 70.7 69.3 1.4
      vertex 70.7 69.3 3
    endloop
  endfacet
  facet normal 0.997839 -0.0657076 0
    outer loop
      vertex 70.7 69.3 1.4
      vertex 70.6957 69.2347 3
      vertex 70.6957 69.2347 1.4
    endloop
  endfacet
  facet normal 0.658937 -0.752198 0
    outer loop
      vertex 70.5044 68.9033 1.4
      vertex 70.5536 68.9464 3
      vertex 70.5044 68.9033 3
    endloop
  endfacet
  facet normal 0.658937 -0.752198 0
    outer loop
      vertex 70.5536 68.9464 3
      vertex 70.5044 68.9033 1.4
      vertex 70.5536 68.9464 1.4
    endloop
  endfacet
  facet normal -0.89698 -0.442072 0
    outer loop
      vertex 5.86699 69.05 1.4
      vertex 5.83806 69.1087 3
      vertex 5.83806 69.1087 1.4
    endloop
  endfacet
  facet normal -0.89698 -0.442072 0
    outer loop
      vertex 5.83806 69.1087 3
      vertex 5.86699 69.05 1.4
      vertex 5.86699 69.05 3
    endloop
  endfacet
  facet normal 0.322643 -0.946521 0
    outer loop
      vertex 70.3294 68.817 1.4
      vertex 70.3913 68.8381 3
      vertex 70.3294 68.817 3
    endloop
  endfacet
  facet normal 0.322643 -0.946521 0
    outer loop
      vertex 70.3913 68.8381 3
      vertex 70.3294 68.817 1.4
      vertex 70.3913 68.8381 1.4
    endloop
  endfacet
  facet normal 0.441703 -0.897161 0
    outer loop
      vertex 70.3913 68.8381 1.4
      vertex 70.45 68.867 3
      vertex 70.3913 68.8381 3
    endloop
  endfacet
  facet normal 0.441703 -0.897161 0
    outer loop
      vertex 70.45 68.867 3
      vertex 70.3913 68.8381 1.4
      vertex 70.45 68.867 1.4
    endloop
  endfacet
  facet normal -0.757211 0.65317 0
    outer loop
      vertex 5.90332 105.004 1.4
      vertex 5.94645 105.054 3
      vertex 5.94645 105.054 1.4
    endloop
  endfacet
  facet normal -0.757211 0.65317 0
    outer loop
      vertex 5.94645 105.054 3
      vertex 5.90332 105.004 1.4
      vertex 5.90332 105.004 3
    endloop
  endfacet
  facet normal -0.321132 0.947034 0
    outer loop
      vertex 6.17059 105.183 1.4
      vertex 6.10866 105.162 3
      vertex 6.17059 105.183 3
    endloop
  endfacet
  facet normal -0.321132 0.947034 0
    outer loop
      vertex 6.10866 105.162 3
      vertex 6.17059 105.183 1.4
      vertex 6.10866 105.162 1.4
    endloop
  endfacet
  facet normal -0.198613 0.980078 0
    outer loop
      vertex 6.23474 105.196 1.4
      vertex 6.17059 105.183 3
      vertex 6.23474 105.196 3
    endloop
  endfacet
  facet normal -0.198613 0.980078 0
    outer loop
      vertex 6.17059 105.183 3
      vertex 6.23474 105.196 1.4
      vertex 6.17059 105.183 1.4
    endloop
  endfacet
  facet normal 0.19435 -0.980932 0
    outer loop
      vertex 70.2653 68.8043 1.4
      vertex 70.3294 68.817 3
      vertex 70.2653 68.8043 3
    endloop
  endfacet
  facet normal 0.19435 -0.980932 0
    outer loop
      vertex 70.3294 68.817 3
      vertex 70.2653 68.8043 1.4
      vertex 70.3294 68.817 1.4
    endloop
  endfacet
  facet normal 0.442932 0.896555 -0
    outer loop
      vertex 70.45 105.133 1.4
      vertex 70.3913 105.162 3
      vertex 70.45 105.133 3
    endloop
  endfacet
  facet normal 0.442932 0.896555 0
    outer loop
      vertex 70.3913 105.162 3
      vertex 70.45 105.133 1.4
      vertex 70.3913 105.162 1.4
    endloop
  endfacet
  facet normal 0.89805 0.439893 0
    outer loop
      vertex 70.6619 104.891 3
      vertex 70.633 104.95 1.4
      vertex 70.633 104.95 3
    endloop
  endfacet
  facet normal 0.89805 0.439893 0
    outer loop
      vertex 70.633 104.95 1.4
      vertex 70.6619 104.891 3
      vertex 70.6619 104.891 1.4
    endloop
  endfacet
  facet normal -0.555194 -0.831721 0
    outer loop
      vertex 5.99562 68.9033 1.4
      vertex 6.05 68.867 3
      vertex 5.99562 68.9033 3
    endloop
  endfacet
  facet normal -0.555194 -0.831721 -0
    outer loop
      vertex 6.05 68.867 3
      vertex 5.99562 68.9033 1.4
      vertex 6.05 68.867 1.4
    endloop
  endfacet
  facet normal 0.551867 0.833932 -0
    outer loop
      vertex 70.5044 105.097 1.4
      vertex 70.45 105.133 3
      vertex 70.5044 105.097 3
    endloop
  endfacet
  facet normal 0.551867 0.833932 0
    outer loop
      vertex 70.45 105.133 3
      vertex 70.5044 105.097 1.4
      vertex 70.45 105.133 1.4
    endloop
  endfacet
  facet normal 0.897161 -0.441703 0
    outer loop
      vertex 70.633 69.05 3
      vertex 70.6619 69.1087 1.4
      vertex 70.6619 69.1087 3
    endloop
  endfacet
  facet normal 0.897161 -0.441703 0
    outer loop
      vertex 70.6619 69.1087 1.4
      vertex 70.633 69.05 3
      vertex 70.633 69.05 1.4
    endloop
  endfacet
  facet normal 0.980932 -0.19435 0
    outer loop
      vertex 70.683 69.1706 3
      vertex 70.6957 69.2347 1.4
      vertex 70.6957 69.2347 3
    endloop
  endfacet
  facet normal 0.980932 -0.19435 0
    outer loop
      vertex 70.6957 69.2347 1.4
      vertex 70.683 69.1706 3
      vertex 70.683 69.1706 1.4
    endloop
  endfacet
  facet normal 0.198762 0.980048 -0
    outer loop
      vertex 70.3294 105.183 1.4
      vertex 70.2653 105.196 3
      vertex 70.3294 105.183 3
    endloop
  endfacet
  facet normal 0.198762 0.980048 0
    outer loop
      vertex 70.2653 105.196 3
      vertex 70.3294 105.183 1.4
      vertex 70.2653 105.196 1.4
    endloop
  endfacet
  facet normal 0.94668 0.322176 0
    outer loop
      vertex 70.683 104.829 3
      vertex 70.6619 104.891 1.4
      vertex 70.6619 104.891 3
    endloop
  endfacet
  facet normal 0.94668 0.322176 0
    outer loop
      vertex 70.6619 104.891 1.4
      vertex 70.683 104.829 3
      vertex 70.683 104.829 1.4
    endloop
  endfacet
  facet normal 0.980874 0.194642 0
    outer loop
      vertex 70.6957 104.765 3
      vertex 70.683 104.829 1.4
      vertex 70.683 104.829 3
    endloop
  endfacet
  facet normal 0.980874 0.194642 0
    outer loop
      vertex 70.683 104.829 1.4
      vertex 70.6957 104.765 3
      vertex 70.6957 104.765 1.4
    endloop
  endfacet
  facet normal 0.946521 -0.322643 0
    outer loop
      vertex 70.6619 69.1087 3
      vertex 70.683 69.1706 1.4
      vertex 70.683 69.1706 3
    endloop
  endfacet
  facet normal 0.946521 -0.322643 0
    outer loop
      vertex 70.683 69.1706 1.4
      vertex 70.6619 69.1087 3
      vertex 70.6619 69.1087 1.4
    endloop
  endfacet
  facet normal -0.980819 -0.194922 0
    outer loop
      vertex 11.0863 72.7088 0
      vertex 11.0455 72.9141 1.5
      vertex 11.0455 72.9141 0
    endloop
  endfacet
  facet normal -0.980819 -0.194922 0
    outer loop
      vertex 11.0455 72.9141 1.5
      vertex 11.0863 72.7088 0
      vertex 11.0863 72.7088 1.5
    endloop
  endfacet
  facet normal -0.997854 -0.0654722 0
    outer loop
      vertex 11.1 72.5 0
      vertex 11.0863 72.7088 1.5
      vertex 11.0863 72.7088 0
    endloop
  endfacet
  facet normal -0.997854 -0.0654722 0
    outer loop
      vertex 11.0863 72.7088 1.5
      vertex 11.1 72.5 0
      vertex 11.1 72.5 1.5
    endloop
  endfacet
  facet normal -0.946901 -0.321526 0
    outer loop
      vertex 11.0455 72.9141 0
      vertex 10.9782 73.1123 1.5
      vertex 10.9782 73.1123 0
    endloop
  endfacet
  facet normal -0.946901 -0.321526 0
    outer loop
      vertex 10.9782 73.1123 1.5
      vertex 11.0455 72.9141 0
      vertex 11.0455 72.9141 1.5
    endloop
  endfacet
  facet normal -0.831609 -0.555362 0
    outer loop
      vertex 10.8856 73.3 0
      vertex 10.7694 73.474 1.5
      vertex 10.7694 73.474 0
    endloop
  endfacet
  facet normal -0.831609 -0.555362 0
    outer loop
      vertex 10.7694 73.474 1.5
      vertex 10.8856 73.3 0
      vertex 10.8856 73.3 1.5
    endloop
  endfacet
  facet normal 0.946944 0.321397 0
    outer loop
      vertex 8.02179 71.8877 1.5
      vertex 7.95452 72.0859 0
      vertex 7.95452 72.0859 1.5
    endloop
  endfacet
  facet normal 0.946944 0.321397 0
    outer loop
      vertex 7.95452 72.0859 0
      vertex 8.02179 71.8877 1.5
      vertex 8.02179 71.8877 0
    endloop
  endfacet
  facet normal -0.555362 -0.831609 0
    outer loop
      vertex 10.3 73.8856 0
      vertex 10.474 73.7694 1.5
      vertex 10.3 73.8856 1.5
    endloop
  endfacet
  facet normal -0.555362 -0.831609 -0
    outer loop
      vertex 10.474 73.7694 1.5
      vertex 10.3 73.8856 0
      vertex 10.474 73.7694 0
    endloop
  endfacet
  facet normal -0.980819 0.194922 0
    outer loop
      vertex 11.0455 72.0859 0
      vertex 11.0863 72.2912 1.5
      vertex 11.0863 72.2912 0
    endloop
  endfacet
  facet normal -0.980819 0.194922 0
    outer loop
      vertex 11.0863 72.2912 1.5
      vertex 11.0455 72.0859 0
      vertex 11.0455 72.0859 1.5
    endloop
  endfacet
  facet normal 0.555318 -0.831638 0
    outer loop
      vertex 8.52598 73.7694 0
      vertex 8.7 73.8856 1.5
      vertex 8.52598 73.7694 1.5
    endloop
  endfacet
  facet normal 0.555318 -0.831638 0
    outer loop
      vertex 8.7 73.8856 1.5
      vertex 8.52598 73.7694 0
      vertex 8.7 73.8856 0
    endloop
  endfacet
  facet normal -0.32154 -0.946896 0
    outer loop
      vertex 9.91411 74.0455 0
      vertex 10.1123 73.9782 1.5
      vertex 9.91411 74.0455 1.5
    endloop
  endfacet
  facet normal -0.32154 -0.946896 -0
    outer loop
      vertex 10.1123 73.9782 1.5
      vertex 9.91411 74.0455 0
      vertex 10.1123 73.9782 0
    endloop
  endfacet
  facet normal -0.946901 0.321526 0
    outer loop
      vertex 10.9782 71.8877 0
      vertex 11.0455 72.0859 1.5
      vertex 11.0455 72.0859 0
    endloop
  endfacet
  facet normal -0.946901 0.321526 0
    outer loop
      vertex 11.0455 72.0859 1.5
      vertex 10.9782 71.8877 0
      vertex 10.9782 71.8877 1.5
    endloop
  endfacet
  facet normal -0.442429 0.896803 0
    outer loop
      vertex 10.3 71.1144 0
      vertex 10.1123 71.0218 1.5
      vertex 10.3 71.1144 1.5
    endloop
  endfacet
  facet normal -0.442429 0.896803 0
    outer loop
      vertex 10.1123 71.0218 1.5
      vertex 10.3 71.1144 0
      vertex 10.1123 71.0218 0
    endloop
  endfacet
  facet normal 0.659367 -0.751821 0
    outer loop
      vertex 8.36863 73.6314 0
      vertex 8.52598 73.7694 1.5
      vertex 8.36863 73.6314 1.5
    endloop
  endfacet
  facet normal 0.659367 -0.751821 0
    outer loop
      vertex 8.52598 73.7694 1.5
      vertex 8.36863 73.6314 0
      vertex 8.52598 73.7694 0
    endloop
  endfacet
  facet normal -0.896803 -0.442429 0
    outer loop
      vertex 10.9782 73.1123 0
      vertex 10.8856 73.3 1.5
      vertex 10.8856 73.3 0
    endloop
  endfacet
  facet normal -0.896803 -0.442429 0
    outer loop
      vertex 10.8856 73.3 1.5
      vertex 10.9782 73.1123 0
      vertex 10.9782 73.1123 1.5
    endloop
  endfacet
  facet normal 0.194949 -0.980813 0
    outer loop
      vertex 9.08589 74.0455 0
      vertex 9.29116 74.0863 1.5
      vertex 9.08589 74.0455 1.5
    endloop
  endfacet
  facet normal 0.194949 -0.980813 0
    outer loop
      vertex 9.29116 74.0863 1.5
      vertex 9.08589 74.0455 0
      vertex 9.29116 74.0863 0
    endloop
  endfacet
  facet normal -0.831609 0.555362 0
    outer loop
      vertex 10.7694 71.526 0
      vertex 10.8856 71.7 1.5
      vertex 10.8856 71.7 0
    endloop
  endfacet
  facet normal -0.831609 0.555362 0
    outer loop
      vertex 10.8856 71.7 1.5
      vertex 10.7694 71.526 0
      vertex 10.7694 71.526 1.5
    endloop
  endfacet
  facet normal -0.0654598 0.997855 0
    outer loop
      vertex 9.70884 70.9137 0
      vertex 9.5 70.9 1.5
      vertex 9.70884 70.9137 1.5
    endloop
  endfacet
  facet normal -0.0654598 0.997855 0
    outer loop
      vertex 9.5 70.9 1.5
      vertex 9.70884 70.9137 0
      vertex 9.5 70.9 0
    endloop
  endfacet
  facet normal 0.89686 0.442314 0
    outer loop
      vertex 8.11436 71.7 1.5
      vertex 8.02179 71.8877 0
      vertex 8.02179 71.8877 1.5
    endloop
  endfacet
  facet normal 0.89686 0.442314 0
    outer loop
      vertex 8.02179 71.8877 0
      vertex 8.11436 71.7 1.5
      vertex 8.11436 71.7 0
    endloop
  endfacet
  facet normal -0.442429 -0.896803 0
    outer loop
      vertex 10.1123 73.9782 0
      vertex 10.3 73.8856 1.5
      vertex 10.1123 73.9782 1.5
    endloop
  endfacet
  facet normal -0.442429 -0.896803 -0
    outer loop
      vertex 10.3 73.8856 1.5
      vertex 10.1123 73.9782 0
      vertex 10.3 73.8856 0
    endloop
  endfacet
  facet normal 0.321555 0.946891 -0
    outer loop
      vertex 9.08589 70.9545 0
      vertex 8.88771 71.0218 1.5
      vertex 9.08589 70.9545 1.5
    endloop
  endfacet
  facet normal 0.321555 0.946891 0
    outer loop
      vertex 8.88771 71.0218 1.5
      vertex 9.08589 70.9545 0
      vertex 8.88771 71.0218 0
    endloop
  endfacet
  facet normal 0.44241 -0.896813 0
    outer loop
      vertex 8.7 73.8856 0
      vertex 8.88771 73.9782 1.5
      vertex 8.7 73.8856 1.5
    endloop
  endfacet
  facet normal 0.44241 -0.896813 0
    outer loop
      vertex 8.88771 73.9782 1.5
      vertex 8.7 73.8856 0
      vertex 8.88771 73.9782 0
    endloop
  endfacet
  facet normal 0.44241 0.896813 -0
    outer loop
      vertex 8.88771 71.0218 0
      vertex 8.7 71.1144 1.5
      vertex 8.88771 71.0218 1.5
    endloop
  endfacet
  facet normal 0.44241 0.896813 0
    outer loop
      vertex 8.7 71.1144 1.5
      vertex 8.88771 71.0218 0
      vertex 8.7 71.1144 0
    endloop
  endfacet
  facet normal 0.980791 0.195059 0
    outer loop
      vertex 7.95452 72.0859 1.5
      vertex 7.91369 72.2912 0
      vertex 7.91369 72.2912 1.5
    endloop
  endfacet
  facet normal 0.980791 0.195059 0
    outer loop
      vertex 7.91369 72.2912 0
      vertex 7.95452 72.0859 1.5
      vertex 7.95452 72.0859 0
    endloop
  endfacet
  facet normal 0.555318 0.831638 -0
    outer loop
      vertex 8.7 71.1144 0
      vertex 8.52598 71.2306 1.5
      vertex 8.7 71.1144 1.5
    endloop
  endfacet
  facet normal 0.555318 0.831638 0
    outer loop
      vertex 8.52598 71.2306 1.5
      vertex 8.7 71.1144 0
      vertex 8.52598 71.2306 0
    endloop
  endfacet
  facet normal -0.194949 -0.980813 0
    outer loop
      vertex 9.70884 74.0863 0
      vertex 9.91411 74.0455 1.5
      vertex 9.70884 74.0863 1.5
    endloop
  endfacet
  facet normal -0.194949 -0.980813 -0
    outer loop
      vertex 9.91411 74.0455 1.5
      vertex 9.70884 74.0863 0
      vertex 9.91411 74.0455 0
    endloop
  endfacet
  facet normal -0.194949 0.980813 0
    outer loop
      vertex 9.91411 70.9545 0
      vertex 9.70884 70.9137 1.5
      vertex 9.91411 70.9545 1.5
    endloop
  endfacet
  facet normal -0.194949 0.980813 0
    outer loop
      vertex 9.70884 70.9137 1.5
      vertex 9.91411 70.9545 0
      vertex 9.70884 70.9137 0
    endloop
  endfacet
  facet normal 0.751925 0.659248 0
    outer loop
      vertex 8.36863 71.3686 1.5
      vertex 8.23063 71.526 0
      vertex 8.23063 71.526 1.5
    endloop
  endfacet
  facet normal 0.751925 0.659248 0
    outer loop
      vertex 8.23063 71.526 0
      vertex 8.36863 71.3686 1.5
      vertex 8.36863 71.3686 0
    endloop
  endfacet
  facet normal 0.751925 -0.659248 0
    outer loop
      vertex 8.23063 73.474 1.5
      vertex 8.36863 73.6314 0
      vertex 8.36863 73.6314 1.5
    endloop
  endfacet
  facet normal 0.751925 -0.659248 0
    outer loop
      vertex 8.36863 73.6314 0
      vertex 8.23063 73.474 1.5
      vertex 8.23063 73.474 0
    endloop
  endfacet
  facet normal -0.997854 0.0654722 0
    outer loop
      vertex 11.0863 72.2912 0
      vertex 11.1 72.5 1.5
      vertex 11.1 72.5 0
    endloop
  endfacet
  facet normal -0.997854 0.0654722 0
    outer loop
      vertex 11.1 72.5 1.5
      vertex 11.0863 72.2912 0
      vertex 11.0863 72.2912 1.5
    endloop
  endfacet
  facet normal 0.831454 -0.555593 0
    outer loop
      vertex 8.11436 73.3 1.5
      vertex 8.23063 73.474 0
      vertex 8.23063 73.474 1.5
    endloop
  endfacet
  facet normal 0.831454 -0.555593 0
    outer loop
      vertex 8.23063 73.474 0
      vertex 8.11436 73.3 1.5
      vertex 8.11436 73.3 0
    endloop
  endfacet
  facet normal 0.659367 0.751821 -0
    outer loop
      vertex 8.52598 71.2306 0
      vertex 8.36863 71.3686 1.5
      vertex 8.52598 71.2306 1.5
    endloop
  endfacet
  facet normal 0.659367 0.751821 0
    outer loop
      vertex 8.36863 71.3686 1.5
      vertex 8.52598 71.2306 0
      vertex 8.36863 71.3686 0
    endloop
  endfacet
  facet normal 0.997858 0.0654247 0
    outer loop
      vertex 7.91369 72.2912 1.5
      vertex 7.9 72.5 0
      vertex 7.9 72.5 1.5
    endloop
  endfacet
  facet normal 0.997858 0.0654247 0
    outer loop
      vertex 7.9 72.5 0
      vertex 7.91369 72.2912 1.5
      vertex 7.91369 72.2912 0
    endloop
  endfacet
  facet normal -0.659248 0.751925 0
    outer loop
      vertex 10.6314 71.3686 0
      vertex 10.474 71.2306 1.5
      vertex 10.6314 71.3686 1.5
    endloop
  endfacet
  facet normal -0.659248 0.751925 0
    outer loop
      vertex 10.474 71.2306 1.5
      vertex 10.6314 71.3686 0
      vertex 10.474 71.2306 0
    endloop
  endfacet
  facet normal -0.32154 0.946896 0
    outer loop
      vertex 10.1123 71.0218 0
      vertex 9.91411 70.9545 1.5
      vertex 10.1123 71.0218 1.5
    endloop
  endfacet
  facet normal -0.32154 0.946896 0
    outer loop
      vertex 9.91411 70.9545 1.5
      vertex 10.1123 71.0218 0
      vertex 9.91411 70.9545 0
    endloop
  endfacet
  facet normal -0.555362 0.831609 0
    outer loop
      vertex 10.474 71.2306 0
      vertex 10.3 71.1144 1.5
      vertex 10.474 71.2306 1.5
    endloop
  endfacet
  facet normal -0.555362 0.831609 0
    outer loop
      vertex 10.3 71.1144 1.5
      vertex 10.474 71.2306 0
      vertex 10.3 71.1144 0
    endloop
  endfacet
  facet normal -0.751925 0.659248 0
    outer loop
      vertex 10.6314 71.3686 0
      vertex 10.7694 71.526 1.5
      vertex 10.7694 71.526 0
    endloop
  endfacet
  facet normal -0.751925 0.659248 0
    outer loop
      vertex 10.7694 71.526 1.5
      vertex 10.6314 71.3686 0
      vertex 10.6314 71.3686 1.5
    endloop
  endfacet
  facet normal 0.831454 0.555593 0
    outer loop
      vertex 8.23063 71.526 1.5
      vertex 8.11436 71.7 0
      vertex 8.11436 71.7 1.5
    endloop
  endfacet
  facet normal 0.831454 0.555593 0
    outer loop
      vertex 8.11436 71.7 0
      vertex 8.23063 71.526 1.5
      vertex 8.23063 71.526 0
    endloop
  endfacet
  facet normal 0.0654598 0.997855 -0
    outer loop
      vertex 9.5 70.9 0
      vertex 9.29116 70.9137 1.5
      vertex 9.5 70.9 1.5
    endloop
  endfacet
  facet normal 0.0654598 0.997855 0
    outer loop
      vertex 9.29116 70.9137 1.5
      vertex 9.5 70.9 0
      vertex 9.29116 70.9137 0
    endloop
  endfacet
  facet normal -0.896803 0.442429 0
    outer loop
      vertex 10.8856 71.7 0
      vertex 10.9782 71.8877 1.5
      vertex 10.9782 71.8877 0
    endloop
  endfacet
  facet normal -0.896803 0.442429 0
    outer loop
      vertex 10.9782 71.8877 1.5
      vertex 10.8856 71.7 0
      vertex 10.8856 71.7 1.5
    endloop
  endfacet
  facet normal 0.0654598 -0.997855 0
    outer loop
      vertex 9.29116 74.0863 0
      vertex 9.5 74.1 1.5
      vertex 9.29116 74.0863 1.5
    endloop
  endfacet
  facet normal 0.0654598 -0.997855 0
    outer loop
      vertex 9.5 74.1 1.5
      vertex 9.29116 74.0863 0
      vertex 9.5 74.1 0
    endloop
  endfacet
  facet normal 0.980791 -0.195059 0
    outer loop
      vertex 7.91369 72.7088 1.5
      vertex 7.95452 72.9141 0
      vertex 7.95452 72.9141 1.5
    endloop
  endfacet
  facet normal 0.980791 -0.195059 0
    outer loop
      vertex 7.95452 72.9141 0
      vertex 7.91369 72.7088 1.5
      vertex 7.91369 72.7088 0
    endloop
  endfacet
  facet normal 0.321555 -0.946891 0
    outer loop
      vertex 8.88771 73.9782 0
      vertex 9.08589 74.0455 1.5
      vertex 8.88771 73.9782 1.5
    endloop
  endfacet
  facet normal 0.321555 -0.946891 0
    outer loop
      vertex 9.08589 74.0455 1.5
      vertex 8.88771 73.9782 0
      vertex 9.08589 74.0455 0
    endloop
  endfacet
  facet normal -0.659248 -0.751925 0
    outer loop
      vertex 10.474 73.7694 0
      vertex 10.6314 73.6314 1.5
      vertex 10.474 73.7694 1.5
    endloop
  endfacet
  facet normal -0.659248 -0.751925 -0
    outer loop
      vertex 10.6314 73.6314 1.5
      vertex 10.474 73.7694 0
      vertex 10.6314 73.6314 0
    endloop
  endfacet
  facet normal -0.0654598 -0.997855 0
    outer loop
      vertex 9.5 74.1 0
      vertex 9.70884 74.0863 1.5
      vertex 9.5 74.1 1.5
    endloop
  endfacet
  facet normal -0.0654598 -0.997855 -0
    outer loop
      vertex 9.70884 74.0863 1.5
      vertex 9.5 74.1 0
      vertex 9.70884 74.0863 0
    endloop
  endfacet
  facet normal 0.89686 -0.442314 0
    outer loop
      vertex 8.02179 73.1123 1.5
      vertex 8.11436 73.3 0
      vertex 8.11436 73.3 1.5
    endloop
  endfacet
  facet normal 0.89686 -0.442314 0
    outer loop
      vertex 8.11436 73.3 0
      vertex 8.02179 73.1123 1.5
      vertex 8.02179 73.1123 0
    endloop
  endfacet
  facet normal 0.194949 0.980813 -0
    outer loop
      vertex 9.29116 70.9137 0
      vertex 9.08589 70.9545 1.5
      vertex 9.29116 70.9137 1.5
    endloop
  endfacet
  facet normal 0.194949 0.980813 0
    outer loop
      vertex 9.08589 70.9545 1.5
      vertex 9.29116 70.9137 0
      vertex 9.08589 70.9545 0
    endloop
  endfacet
  facet normal -0.751925 -0.659248 0
    outer loop
      vertex 10.7694 73.474 0
      vertex 10.6314 73.6314 1.5
      vertex 10.6314 73.6314 0
    endloop
  endfacet
  facet normal -0.751925 -0.659248 0
    outer loop
      vertex 10.6314 73.6314 1.5
      vertex 10.7694 73.474 0
      vertex 10.7694 73.474 1.5
    endloop
  endfacet
  facet normal 0.946944 -0.321397 0
    outer loop
      vertex 7.95452 72.9141 1.5
      vertex 8.02179 73.1123 0
      vertex 8.02179 73.1123 1.5
    endloop
  endfacet
  facet normal 0.946944 -0.321397 0
    outer loop
      vertex 8.02179 73.1123 0
      vertex 7.95452 72.9141 1.5
      vertex 7.95452 72.9141 0
    endloop
  endfacet
  facet normal 0.997858 -0.0654247 0
    outer loop
      vertex 7.9 72.5 1.5
      vertex 7.91369 72.7088 0
      vertex 7.91369 72.7088 1.5
    endloop
  endfacet
  facet normal 0.997858 -0.0654247 0
    outer loop
      vertex 7.91369 72.7088 0
      vertex 7.9 72.5 1.5
      vertex 7.9 72.5 0
    endloop
  endfacet
  facet normal -0.980764 -0.195196 0
    outer loop
      vertex 11.0863 101.709 0
      vertex 11.0455 101.914 1.5
      vertex 11.0455 101.914 0
    endloop
  endfacet
  facet normal -0.980764 -0.195196 0
    outer loop
      vertex 11.0455 101.914 1.5
      vertex 11.0863 101.709 0
      vertex 11.0863 101.709 1.5
    endloop
  endfacet
  facet normal -0.997858 -0.0654099 0
    outer loop
      vertex 11.1 101.5 0
      vertex 11.0863 101.709 1.5
      vertex 11.0863 101.709 0
    endloop
  endfacet
  facet normal -0.997858 -0.0654099 0
    outer loop
      vertex 11.0863 101.709 1.5
      vertex 11.1 101.5 0
      vertex 11.1 101.5 1.5
    endloop
  endfacet
  facet normal -0.946802 -0.321817 0
    outer loop
      vertex 11.0455 101.914 0
      vertex 10.9782 102.112 1.5
      vertex 10.9782 102.112 0
    endloop
  endfacet
  facet normal -0.946802 -0.321817 0
    outer loop
      vertex 10.9782 102.112 1.5
      vertex 11.0455 101.914 0
      vertex 11.0455 101.914 1.5
    endloop
  endfacet
  facet normal -0.831609 -0.555362 0
    outer loop
      vertex 10.8856 102.3 0
      vertex 10.7694 102.474 1.5
      vertex 10.7694 102.474 0
    endloop
  endfacet
  facet normal -0.831609 -0.555362 0
    outer loop
      vertex 10.7694 102.474 1.5
      vertex 10.8856 102.3 0
      vertex 10.8856 102.3 1.5
    endloop
  endfacet
  facet normal 0.946846 0.321688 0
    outer loop
      vertex 8.02179 100.888 1.5
      vertex 7.95452 101.086 0
      vertex 7.95452 101.086 1.5
    endloop
  endfacet
  facet normal 0.946846 0.321688 0
    outer loop
      vertex 7.95452 101.086 0
      vertex 8.02179 100.888 1.5
      vertex 8.02179 100.888 0
    endloop
  endfacet
  facet normal -0.557998 -0.829843 0
    outer loop
      vertex 10.3 102.886 0
      vertex 10.474 102.769 1.5
      vertex 10.3 102.886 1.5
    endloop
  endfacet
  facet normal -0.557998 -0.829843 -0
    outer loop
      vertex 10.474 102.769 1.5
      vertex 10.3 102.886 0
      vertex 10.474 102.769 0
    endloop
  endfacet
  facet normal -0.980764 0.195196 0
    outer loop
      vertex 11.0455 101.086 0
      vertex 11.0863 101.291 1.5
      vertex 11.0863 101.291 0
    endloop
  endfacet
  facet normal -0.980764 0.195196 0
    outer loop
      vertex 11.0863 101.291 1.5
      vertex 11.0455 101.086 0
      vertex 11.0455 101.086 1.5
    endloop
  endfacet
  facet normal 0.557953 -0.829872 0
    outer loop
      vertex 8.52598 102.769 0
      vertex 8.7 102.886 1.5
      vertex 8.52598 102.769 1.5
    endloop
  endfacet
  facet normal 0.557953 -0.829872 0
    outer loop
      vertex 8.7 102.886 1.5
      vertex 8.52598 102.769 0
      vertex 8.7 102.886 0
    endloop
  endfacet
  facet normal -0.320254 -0.947332 0
    outer loop
      vertex 9.91411 103.045 0
      vertex 10.1123 102.978 1.5
      vertex 9.91411 103.045 1.5
    endloop
  endfacet
  facet normal -0.320254 -0.947332 -0
    outer loop
      vertex 10.1123 102.978 1.5
      vertex 9.91411 103.045 0
      vertex 10.1123 102.978 0
    endloop
  endfacet
  facet normal -0.946802 0.321817 0
    outer loop
      vertex 10.9782 100.888 0
      vertex 11.0455 101.086 1.5
      vertex 11.0455 101.086 0
    endloop
  endfacet
  facet normal -0.946802 0.321817 0
    outer loop
      vertex 11.0455 101.086 1.5
      vertex 10.9782 100.888 0
      vertex 10.9782 100.888 1.5
    endloop
  endfacet
  facet normal -0.440119 0.897939 0
    outer loop
      vertex 10.3 100.114 0
      vertex 10.1123 100.022 1.5
      vertex 10.3 100.114 1.5
    endloop
  endfacet
  facet normal -0.440119 0.897939 0
    outer loop
      vertex 10.1123 100.022 1.5
      vertex 10.3 100.114 0
      vertex 10.1123 100.022 0
    endloop
  endfacet
  facet normal 0.659367 -0.751821 0
    outer loop
      vertex 8.36863 102.631 0
      vertex 8.52598 102.769 1.5
      vertex 8.36863 102.631 1.5
    endloop
  endfacet
  facet normal 0.659367 -0.751821 0
    outer loop
      vertex 8.52598 102.769 1.5
      vertex 8.36863 102.631 0
      vertex 8.52598 102.769 0
    endloop
  endfacet
  facet normal -0.897083 -0.441861 0
    outer loop
      vertex 10.9782 102.112 0
      vertex 10.8856 102.3 1.5
      vertex 10.8856 102.3 0
    endloop
  endfacet
  facet normal -0.897083 -0.441861 0
    outer loop
      vertex 10.8856 102.3 1.5
      vertex 10.9782 102.112 0
      vertex 10.9782 102.112 1.5
    endloop
  endfacet
  facet normal 0.195868 -0.98063 0
    outer loop
      vertex 9.08589 103.045 0
      vertex 9.29116 103.086 1.5
      vertex 9.08589 103.045 1.5
    endloop
  endfacet
  facet normal 0.195868 -0.98063 0
    outer loop
      vertex 9.29116 103.086 1.5
      vertex 9.08589 103.045 0
      vertex 9.29116 103.086 0
    endloop
  endfacet
  facet normal -0.831609 0.555362 0
    outer loop
      vertex 10.7694 100.526 0
      vertex 10.8856 100.7 1.5
      vertex 10.8856 100.7 0
    endloop
  endfacet
  facet normal -0.831609 0.555362 0
    outer loop
      vertex 10.8856 100.7 1.5
      vertex 10.7694 100.526 0
      vertex 10.7694 100.526 1.5
    endloop
  endfacet
  facet normal -0.0654598 0.997855 0
    outer loop
      vertex 9.70884 99.9137 0
      vertex 9.5 99.9 1.5
      vertex 9.70884 99.9137 1.5
    endloop
  endfacet
  facet normal -0.0654598 0.997855 0
    outer loop
      vertex 9.5 99.9 1.5
      vertex 9.70884 99.9137 0
      vertex 9.5 99.9 0
    endloop
  endfacet
  facet normal 0.89714 0.441746 0
    outer loop
      vertex 8.11436 100.7 1.5
      vertex 8.02179 100.888 0
      vertex 8.02179 100.888 1.5
    endloop
  endfacet
  facet normal 0.89714 0.441746 0
    outer loop
      vertex 8.02179 100.888 0
      vertex 8.11436 100.7 1.5
      vertex 8.11436 100.7 0
    endloop
  endfacet
  facet normal -0.440119 -0.897939 0
    outer loop
      vertex 10.1123 102.978 0
      vertex 10.3 102.886 1.5
      vertex 10.1123 102.978 1.5
    endloop
  endfacet
  facet normal -0.440119 -0.897939 -0
    outer loop
      vertex 10.3 102.886 1.5
      vertex 10.1123 102.978 0
      vertex 10.3 102.886 0
    endloop
  endfacet
  facet normal 0.322411 0.9466 -0
    outer loop
      vertex 9.08589 99.9545 0
      vertex 8.88771 100.022 1.5
      vertex 9.08589 99.9545 1.5
    endloop
  endfacet
  facet normal 0.322411 0.9466 0
    outer loop
      vertex 8.88771 100.022 1.5
      vertex 9.08589 99.9545 0
      vertex 8.88771 100.022 0
    endloop
  endfacet
  facet normal 0.4401 -0.897949 0
    outer loop
      vertex 8.7 102.886 0
      vertex 8.88771 102.978 1.5
      vertex 8.7 102.886 1.5
    endloop
  endfacet
  facet normal 0.4401 -0.897949 0
    outer loop
      vertex 8.88771 102.978 1.5
      vertex 8.7 102.886 0
      vertex 8.88771 102.978 0
    endloop
  endfacet
  facet normal 0.4401 0.897949 -0
    outer loop
      vertex 8.88771 100.022 0
      vertex 8.7 100.114 1.5
      vertex 8.88771 100.022 1.5
    endloop
  endfacet
  facet normal 0.4401 0.897949 0
    outer loop
      vertex 8.7 100.114 1.5
      vertex 8.88771 100.022 0
      vertex 8.7 100.114 0
    endloop
  endfacet
  facet normal 0.980737 0.195334 0
    outer loop
      vertex 7.95452 101.086 1.5
      vertex 7.91369 101.291 0
      vertex 7.91369 101.291 1.5
    endloop
  endfacet
  facet normal 0.980737 0.195334 0
    outer loop
      vertex 7.91369 101.291 0
      vertex 7.95452 101.086 1.5
      vertex 7.95452 101.086 0
    endloop
  endfacet
  facet normal 0.557953 0.829872 -0
    outer loop
      vertex 8.7 100.114 0
      vertex 8.52598 100.231 1.5
      vertex 8.7 100.114 1.5
    endloop
  endfacet
  facet normal 0.557953 0.829872 0
    outer loop
      vertex 8.52598 100.231 1.5
      vertex 8.7 100.114 0
      vertex 8.52598 100.231 0
    endloop
  endfacet
  facet normal -0.195868 -0.98063 0
    outer loop
      vertex 9.70884 103.086 0
      vertex 9.91411 103.045 1.5
      vertex 9.70884 103.086 1.5
    endloop
  endfacet
  facet normal -0.195868 -0.98063 -0
    outer loop
      vertex 9.91411 103.045 1.5
      vertex 9.70884 103.086 0
      vertex 9.91411 103.045 0
    endloop
  endfacet
  facet normal -0.194949 0.980813 0
    outer loop
      vertex 9.91411 99.9545 0
      vertex 9.70884 99.9137 1.5
      vertex 9.91411 99.9545 1.5
    endloop
  endfacet
  facet normal -0.194949 0.980813 0
    outer loop
      vertex 9.70884 99.9137 1.5
      vertex 9.91411 99.9545 0
      vertex 9.70884 99.9137 0
    endloop
  endfacet
  facet normal 0.751093 0.660196 0
    outer loop
      vertex 8.36863 100.369 1.5
      vertex 8.23063 100.526 0
      vertex 8.23063 100.526 1.5
    endloop
  endfacet
  facet normal 0.751093 0.660196 0
    outer loop
      vertex 8.23063 100.526 0
      vertex 8.36863 100.369 1.5
      vertex 8.36863 100.369 0
    endloop
  endfacet
  facet normal 0.751093 -0.660196 0
    outer loop
      vertex 8.23063 102.474 1.5
      vertex 8.36863 102.631 0
      vertex 8.36863 102.631 1.5
    endloop
  endfacet
  facet normal 0.751093 -0.660196 0
    outer loop
      vertex 8.36863 102.631 0
      vertex 8.23063 102.474 1.5
      vertex 8.23063 102.474 0
    endloop
  endfacet
  facet normal -0.997858 0.0654099 0
    outer loop
      vertex 11.0863 101.291 0
      vertex 11.1 101.5 1.5
      vertex 11.1 101.5 0
    endloop
  endfacet
  facet normal -0.997858 0.0654099 0
    outer loop
      vertex 11.1 101.5 1.5
      vertex 11.0863 101.291 0
      vertex 11.0863 101.291 1.5
    endloop
  endfacet
  facet normal 0.831454 -0.555593 0
    outer loop
      vertex 8.11436 102.3 1.5
      vertex 8.23063 102.474 0
      vertex 8.23063 102.474 1.5
    endloop
  endfacet
  facet normal 0.831454 -0.555593 0
    outer loop
      vertex 8.23063 102.474 0
      vertex 8.11436 102.3 1.5
      vertex 8.11436 102.3 0
    endloop
  endfacet
  facet normal 0.997862 0.0653623 0
    outer loop
      vertex 7.91369 101.291 1.5
      vertex 7.9 101.5 0
      vertex 7.9 101.5 1.5
    endloop
  endfacet
  facet normal 0.997862 0.0653623 0
    outer loop
      vertex 7.9 101.5 0
      vertex 7.91369 101.291 1.5
      vertex 7.91369 101.291 0
    endloop
  endfacet
  facet normal -0.659248 0.751925 0
    outer loop
      vertex 10.6314 100.369 0
      vertex 10.474 100.231 1.5
      vertex 10.6314 100.369 1.5
    endloop
  endfacet
  facet normal -0.659248 0.751925 0
    outer loop
      vertex 10.474 100.231 1.5
      vertex 10.6314 100.369 0
      vertex 10.474 100.231 0
    endloop
  endfacet
  facet normal -0.322397 0.946605 0
    outer loop
      vertex 10.1123 100.022 0
      vertex 9.91411 99.9545 1.5
      vertex 10.1123 100.022 1.5
    endloop
  endfacet
  facet normal -0.322397 0.946605 0
    outer loop
      vertex 9.91411 99.9545 1.5
      vertex 10.1123 100.022 0
      vertex 9.91411 99.9545 0
    endloop
  endfacet
  facet normal -0.557998 0.829843 0
    outer loop
      vertex 10.474 100.231 0
      vertex 10.3 100.114 1.5
      vertex 10.474 100.231 1.5
    endloop
  endfacet
  facet normal -0.557998 0.829843 0
    outer loop
      vertex 10.3 100.114 1.5
      vertex 10.474 100.231 0
      vertex 10.3 100.114 0
    endloop
  endfacet
  facet normal -0.751093 0.660196 0
    outer loop
      vertex 10.6314 100.369 0
      vertex 10.7694 100.526 1.5
      vertex 10.7694 100.526 0
    endloop
  endfacet
  facet normal -0.751093 0.660196 0
    outer loop
      vertex 10.7694 100.526 1.5
      vertex 10.6314 100.369 0
      vertex 10.6314 100.369 1.5
    endloop
  endfacet
  facet normal 0.831454 0.555593 0
    outer loop
      vertex 8.23063 100.526 1.5
      vertex 8.11436 100.7 0
      vertex 8.11436 100.7 1.5
    endloop
  endfacet
  facet normal 0.831454 0.555593 0
    outer loop
      vertex 8.11436 100.7 0
      vertex 8.23063 100.526 1.5
      vertex 8.23063 100.526 0
    endloop
  endfacet
  facet normal 0.0654598 0.997855 -0
    outer loop
      vertex 9.5 99.9 0
      vertex 9.29116 99.9137 1.5
      vertex 9.5 99.9 1.5
    endloop
  endfacet
  facet normal 0.0654598 0.997855 0
    outer loop
      vertex 9.29116 99.9137 1.5
      vertex 9.5 99.9 0
      vertex 9.29116 99.9137 0
    endloop
  endfacet
  facet normal -0.897083 0.441861 0
    outer loop
      vertex 10.8856 100.7 0
      vertex 10.9782 100.888 1.5
      vertex 10.9782 100.888 0
    endloop
  endfacet
  facet normal -0.897083 0.441861 0
    outer loop
      vertex 10.9782 100.888 1.5
      vertex 10.8856 100.7 0
      vertex 10.8856 100.7 1.5
    endloop
  endfacet
  facet normal 0.0668868 -0.997761 0
    outer loop
      vertex 9.29116 103.086 0
      vertex 9.5 103.1 1.5
      vertex 9.29116 103.086 1.5
    endloop
  endfacet
  facet normal 0.0668868 -0.997761 0
    outer loop
      vertex 9.5 103.1 1.5
      vertex 9.29116 103.086 0
      vertex 9.5 103.1 0
    endloop
  endfacet
  facet normal 0.980737 -0.195334 0
    outer loop
      vertex 7.91369 101.709 1.5
      vertex 7.95452 101.914 0
      vertex 7.95452 101.914 1.5
    endloop
  endfacet
  facet normal 0.980737 -0.195334 0
    outer loop
      vertex 7.95452 101.914 0
      vertex 7.91369 101.709 1.5
      vertex 7.91369 101.709 0
    endloop
  endfacet
  facet normal 0.320269 -0.947327 0
    outer loop
      vertex 8.88771 102.978 0
      vertex 9.08589 103.045 1.5
      vertex 8.88771 102.978 1.5
    endloop
  endfacet
  facet normal 0.320269 -0.947327 0
    outer loop
      vertex 9.08589 103.045 1.5
      vertex 8.88771 102.978 0
      vertex 9.08589 103.045 0
    endloop
  endfacet
  facet normal -0.659248 -0.751925 0
    outer loop
      vertex 10.474 102.769 0
      vertex 10.6314 102.631 1.5
      vertex 10.474 102.769 1.5
    endloop
  endfacet
  facet normal -0.659248 -0.751925 -0
    outer loop
      vertex 10.6314 102.631 1.5
      vertex 10.474 102.769 0
      vertex 10.6314 102.631 0
    endloop
  endfacet
  facet normal -0.0668868 -0.997761 0
    outer loop
      vertex 9.5 103.1 0
      vertex 9.70884 103.086 1.5
      vertex 9.5 103.1 1.5
    endloop
  endfacet
  facet normal -0.0668868 -0.997761 -0
    outer loop
      vertex 9.70884 103.086 1.5
      vertex 9.5 103.1 0
      vertex 9.70884 103.086 0
    endloop
  endfacet
  facet normal 0.89714 -0.441746 0
    outer loop
      vertex 8.02179 102.112 1.5
      vertex 8.11436 102.3 0
      vertex 8.11436 102.3 1.5
    endloop
  endfacet
  facet normal 0.89714 -0.441746 0
    outer loop
      vertex 8.11436 102.3 0
      vertex 8.02179 102.112 1.5
      vertex 8.02179 102.112 0
    endloop
  endfacet
  facet normal 0.194949 0.980813 -0
    outer loop
      vertex 9.29116 99.9137 0
      vertex 9.08589 99.9545 1.5
      vertex 9.29116 99.9137 1.5
    endloop
  endfacet
  facet normal 0.194949 0.980813 0
    outer loop
      vertex 9.08589 99.9545 1.5
      vertex 9.29116 99.9137 0
      vertex 9.08589 99.9545 0
    endloop
  endfacet
  facet normal -0.751093 -0.660196 0
    outer loop
      vertex 10.7694 102.474 0
      vertex 10.6314 102.631 1.5
      vertex 10.6314 102.631 0
    endloop
  endfacet
  facet normal -0.751093 -0.660196 0
    outer loop
      vertex 10.6314 102.631 1.5
      vertex 10.7694 102.474 0
      vertex 10.7694 102.474 1.5
    endloop
  endfacet
  facet normal 0.659367 0.751821 -0
    outer loop
      vertex 8.52598 100.231 0
      vertex 8.36863 100.369 1.5
      vertex 8.52598 100.231 1.5
    endloop
  endfacet
  facet normal 0.659367 0.751821 0
    outer loop
      vertex 8.36863 100.369 1.5
      vertex 8.52598 100.231 0
      vertex 8.36863 100.369 0
    endloop
  endfacet
  facet normal 0.946846 -0.321688 0
    outer loop
      vertex 7.95452 101.914 1.5
      vertex 8.02179 102.112 0
      vertex 8.02179 102.112 1.5
    endloop
  endfacet
  facet normal 0.946846 -0.321688 0
    outer loop
      vertex 8.02179 102.112 0
      vertex 7.95452 101.914 1.5
      vertex 7.95452 101.914 0
    endloop
  endfacet
  facet normal 0.997862 -0.0653623 0
    outer loop
      vertex 7.9 101.5 1.5
      vertex 7.91369 101.709 0
      vertex 7.91369 101.709 1.5
    endloop
  endfacet
  facet normal 0.997862 -0.0653623 0
    outer loop
      vertex 7.91369 101.709 0
      vertex 7.9 101.5 1.5
      vertex 7.9 101.5 0
    endloop
  endfacet
  facet normal -0.980819 -0.194922 0
    outer loop
      vertex 68.5863 72.7088 0
      vertex 68.5455 72.9141 1.5
      vertex 68.5455 72.9141 0
    endloop
  endfacet
  facet normal -0.980819 -0.194922 0
    outer loop
      vertex 68.5455 72.9141 1.5
      vertex 68.5863 72.7088 0
      vertex 68.5863 72.7088 1.5
    endloop
  endfacet
  facet normal -0.997854 -0.0654722 0
    outer loop
      vertex 68.6 72.5 0
      vertex 68.5863 72.7088 1.5
      vertex 68.5863 72.7088 0
    endloop
  endfacet
  facet normal -0.997854 -0.0654722 0
    outer loop
      vertex 68.5863 72.7088 1.5
      vertex 68.6 72.5 0
      vertex 68.6 72.5 1.5
    endloop
  endfacet
  facet normal -0.946901 -0.321526 0
    outer loop
      vertex 68.5455 72.9141 0
      vertex 68.4782 73.1123 1.5
      vertex 68.4782 73.1123 0
    endloop
  endfacet
  facet normal -0.946901 -0.321526 0
    outer loop
      vertex 68.4782 73.1123 1.5
      vertex 68.5455 72.9141 0
      vertex 68.5455 72.9141 1.5
    endloop
  endfacet
  facet normal -0.831609 -0.555362 0
    outer loop
      vertex 68.3856 73.3 0
      vertex 68.2694 73.474 1.5
      vertex 68.2694 73.474 0
    endloop
  endfacet
  facet normal -0.831609 -0.555362 0
    outer loop
      vertex 68.2694 73.474 1.5
      vertex 68.3856 73.3 0
      vertex 68.3856 73.3 1.5
    endloop
  endfacet
  facet normal 0.946901 0.321526 0
    outer loop
      vertex 65.5218 71.8877 1.5
      vertex 65.4545 72.0859 0
      vertex 65.4545 72.0859 1.5
    endloop
  endfacet
  facet normal 0.946901 0.321526 0
    outer loop
      vertex 65.4545 72.0859 0
      vertex 65.5218 71.8877 1.5
      vertex 65.5218 71.8877 0
    endloop
  endfacet
  facet normal -0.555362 -0.831609 0
    outer loop
      vertex 67.8 73.8856 0
      vertex 67.974 73.7694 1.5
      vertex 67.8 73.8856 1.5
    endloop
  endfacet
  facet normal -0.555362 -0.831609 -0
    outer loop
      vertex 67.974 73.7694 1.5
      vertex 67.8 73.8856 0
      vertex 67.974 73.7694 0
    endloop
  endfacet
  facet normal -0.980819 0.194922 0
    outer loop
      vertex 68.5455 72.0859 0
      vertex 68.5863 72.2912 1.5
      vertex 68.5863 72.2912 0
    endloop
  endfacet
  facet normal -0.980819 0.194922 0
    outer loop
      vertex 68.5863 72.2912 1.5
      vertex 68.5455 72.0859 0
      vertex 68.5455 72.0859 1.5
    endloop
  endfacet
  facet normal 0.555362 -0.831609 0
    outer loop
      vertex 66.026 73.7694 0
      vertex 66.2 73.8856 1.5
      vertex 66.026 73.7694 1.5
    endloop
  endfacet
  facet normal 0.555362 -0.831609 0
    outer loop
      vertex 66.2 73.8856 1.5
      vertex 66.026 73.7694 0
      vertex 66.2 73.8856 0
    endloop
  endfacet
  facet normal -0.321526 -0.946901 0
    outer loop
      vertex 67.4141 74.0455 0
      vertex 67.6123 73.9782 1.5
      vertex 67.4141 74.0455 1.5
    endloop
  endfacet
  facet normal -0.321526 -0.946901 -0
    outer loop
      vertex 67.6123 73.9782 1.5
      vertex 67.4141 74.0455 0
      vertex 67.6123 73.9782 0
    endloop
  endfacet
  facet normal -0.946901 0.321526 0
    outer loop
      vertex 68.4782 71.8877 0
      vertex 68.5455 72.0859 1.5
      vertex 68.5455 72.0859 0
    endloop
  endfacet
  facet normal -0.946901 0.321526 0
    outer loop
      vertex 68.5455 72.0859 1.5
      vertex 68.4782 71.8877 0
      vertex 68.4782 71.8877 1.5
    endloop
  endfacet
  facet normal -0.442429 0.896803 0
    outer loop
      vertex 67.8 71.1144 0
      vertex 67.6123 71.0218 1.5
      vertex 67.8 71.1144 1.5
    endloop
  endfacet
  facet normal -0.442429 0.896803 0
    outer loop
      vertex 67.6123 71.0218 1.5
      vertex 67.8 71.1144 0
      vertex 67.6123 71.0218 0
    endloop
  endfacet
  facet normal 0.659248 -0.751925 0
    outer loop
      vertex 65.8686 73.6314 0
      vertex 66.026 73.7694 1.5
      vertex 65.8686 73.6314 1.5
    endloop
  endfacet
  facet normal 0.659248 -0.751925 0
    outer loop
      vertex 66.026 73.7694 1.5
      vertex 65.8686 73.6314 0
      vertex 66.026 73.7694 0
    endloop
  endfacet
  facet normal -0.896803 -0.442429 0
    outer loop
      vertex 68.4782 73.1123 0
      vertex 68.3856 73.3 1.5
      vertex 68.3856 73.3 0
    endloop
  endfacet
  facet normal -0.896803 -0.442429 0
    outer loop
      vertex 68.3856 73.3 1.5
      vertex 68.4782 73.1123 0
      vertex 68.4782 73.1123 1.5
    endloop
  endfacet
  facet normal 0.194922 -0.980819 0
    outer loop
      vertex 66.5859 74.0455 0
      vertex 66.7912 74.0863 1.5
      vertex 66.5859 74.0455 1.5
    endloop
  endfacet
  facet normal 0.194922 -0.980819 0
    outer loop
      vertex 66.7912 74.0863 1.5
      vertex 66.5859 74.0455 0
      vertex 66.7912 74.0863 0
    endloop
  endfacet
  facet normal -0.831609 0.555362 0
    outer loop
      vertex 68.2694 71.526 0
      vertex 68.3856 71.7 1.5
      vertex 68.3856 71.7 0
    endloop
  endfacet
  facet normal -0.831609 0.555362 0
    outer loop
      vertex 68.3856 71.7 1.5
      vertex 68.2694 71.526 0
      vertex 68.2694 71.526 1.5
    endloop
  endfacet
  facet normal -0.0654722 0.997854 0
    outer loop
      vertex 67.2088 70.9137 0
      vertex 67 70.9 1.5
      vertex 67.2088 70.9137 1.5
    endloop
  endfacet
  facet normal -0.0654722 0.997854 0
    outer loop
      vertex 67 70.9 1.5
      vertex 67.2088 70.9137 0
      vertex 67 70.9 0
    endloop
  endfacet
  facet normal 0.896803 0.442429 0
    outer loop
      vertex 65.6144 71.7 1.5
      vertex 65.5218 71.8877 0
      vertex 65.5218 71.8877 1.5
    endloop
  endfacet
  facet normal 0.896803 0.442429 0
    outer loop
      vertex 65.5218 71.8877 0
      vertex 65.6144 71.7 1.5
      vertex 65.6144 71.7 0
    endloop
  endfacet
  facet normal -0.442429 -0.896803 0
    outer loop
      vertex 67.6123 73.9782 0
      vertex 67.8 73.8856 1.5
      vertex 67.6123 73.9782 1.5
    endloop
  endfacet
  facet normal -0.442429 -0.896803 -0
    outer loop
      vertex 67.8 73.8856 1.5
      vertex 67.6123 73.9782 0
      vertex 67.8 73.8856 0
    endloop
  endfacet
  facet normal 0.321526 0.946901 -0
    outer loop
      vertex 66.5859 70.9545 0
      vertex 66.3877 71.0218 1.5
      vertex 66.5859 70.9545 1.5
    endloop
  endfacet
  facet normal 0.321526 0.946901 0
    outer loop
      vertex 66.3877 71.0218 1.5
      vertex 66.5859 70.9545 0
      vertex 66.3877 71.0218 0
    endloop
  endfacet
  facet normal 0.442429 -0.896803 0
    outer loop
      vertex 66.2 73.8856 0
      vertex 66.3877 73.9782 1.5
      vertex 66.2 73.8856 1.5
    endloop
  endfacet
  facet normal 0.442429 -0.896803 0
    outer loop
      vertex 66.3877 73.9782 1.5
      vertex 66.2 73.8856 0
      vertex 66.3877 73.9782 0
    endloop
  endfacet
  facet normal 0.442429 0.896803 -0
    outer loop
      vertex 66.3877 71.0218 0
      vertex 66.2 71.1144 1.5
      vertex 66.3877 71.0218 1.5
    endloop
  endfacet
  facet normal 0.442429 0.896803 0
    outer loop
      vertex 66.2 71.1144 1.5
      vertex 66.3877 71.0218 0
      vertex 66.2 71.1144 0
    endloop
  endfacet
  facet normal 0.980819 0.194922 0
    outer loop
      vertex 65.4545 72.0859 1.5
      vertex 65.4137 72.2912 0
      vertex 65.4137 72.2912 1.5
    endloop
  endfacet
  facet normal 0.980819 0.194922 0
    outer loop
      vertex 65.4137 72.2912 0
      vertex 65.4545 72.0859 1.5
      vertex 65.4545 72.0859 0
    endloop
  endfacet
  facet normal 0.555362 0.831609 -0
    outer loop
      vertex 66.2 71.1144 0
      vertex 66.026 71.2306 1.5
      vertex 66.2 71.1144 1.5
    endloop
  endfacet
  facet normal 0.555362 0.831609 0
    outer loop
      vertex 66.026 71.2306 1.5
      vertex 66.2 71.1144 0
      vertex 66.026 71.2306 0
    endloop
  endfacet
  facet normal -0.194922 -0.980819 0
    outer loop
      vertex 67.2088 74.0863 0
      vertex 67.4141 74.0455 1.5
      vertex 67.2088 74.0863 1.5
    endloop
  endfacet
  facet normal -0.194922 -0.980819 -0
    outer loop
      vertex 67.4141 74.0455 1.5
      vertex 67.2088 74.0863 0
      vertex 67.4141 74.0455 0
    endloop
  endfacet
  facet normal -0.194922 0.980819 0
    outer loop
      vertex 67.4141 70.9545 0
      vertex 67.2088 70.9137 1.5
      vertex 67.4141 70.9545 1.5
    endloop
  endfacet
  facet normal -0.194922 0.980819 0
    outer loop
      vertex 67.2088 70.9137 1.5
      vertex 67.4141 70.9545 0
      vertex 67.2088 70.9137 0
    endloop
  endfacet
  facet normal 0.751925 0.659248 0
    outer loop
      vertex 65.8686 71.3686 1.5
      vertex 65.7306 71.526 0
      vertex 65.7306 71.526 1.5
    endloop
  endfacet
  facet normal 0.751925 0.659248 0
    outer loop
      vertex 65.7306 71.526 0
      vertex 65.8686 71.3686 1.5
      vertex 65.8686 71.3686 0
    endloop
  endfacet
  facet normal 0.751925 -0.659248 0
    outer loop
      vertex 65.7306 73.474 1.5
      vertex 65.8686 73.6314 0
      vertex 65.8686 73.6314 1.5
    endloop
  endfacet
  facet normal 0.751925 -0.659248 0
    outer loop
      vertex 65.8686 73.6314 0
      vertex 65.7306 73.474 1.5
      vertex 65.7306 73.474 0
    endloop
  endfacet
  facet normal -0.997854 0.0654722 0
    outer loop
      vertex 68.5863 72.2912 0
      vertex 68.6 72.5 1.5
      vertex 68.6 72.5 0
    endloop
  endfacet
  facet normal -0.997854 0.0654722 0
    outer loop
      vertex 68.6 72.5 1.5
      vertex 68.5863 72.2912 0
      vertex 68.5863 72.2912 1.5
    endloop
  endfacet
  facet normal 0.997854 0.0654722 0
    outer loop
      vertex 65.4137 72.2912 1.5
      vertex 65.4 72.5 0
      vertex 65.4 72.5 1.5
    endloop
  endfacet
  facet normal 0.997854 0.0654722 0
    outer loop
      vertex 65.4 72.5 0
      vertex 65.4137 72.2912 1.5
      vertex 65.4137 72.2912 0
    endloop
  endfacet
  facet normal -0.321526 0.946901 0
    outer loop
      vertex 67.6123 71.0218 0
      vertex 67.4141 70.9545 1.5
      vertex 67.6123 71.0218 1.5
    endloop
  endfacet
  facet normal -0.321526 0.946901 0
    outer loop
      vertex 67.4141 70.9545 1.5
      vertex 67.6123 71.0218 0
      vertex 67.4141 70.9545 0
    endloop
  endfacet
  facet normal -0.555362 0.831609 0
    outer loop
      vertex 67.974 71.2306 0
      vertex 67.8 71.1144 1.5
      vertex 67.974 71.2306 1.5
    endloop
  endfacet
  facet normal -0.555362 0.831609 0
    outer loop
      vertex 67.8 71.1144 1.5
      vertex 67.974 71.2306 0
      vertex 67.8 71.1144 0
    endloop
  endfacet
  facet normal -0.751925 0.659248 0
    outer loop
      vertex 68.1314 71.3686 0
      vertex 68.2694 71.526 1.5
      vertex 68.2694 71.526 0
    endloop
  endfacet
  facet normal -0.751925 0.659248 0
    outer loop
      vertex 68.2694 71.526 1.5
      vertex 68.1314 71.3686 0
      vertex 68.1314 71.3686 1.5
    endloop
  endfacet
  facet normal 0.831609 0.555362 0
    outer loop
      vertex 65.7306 71.526 1.5
      vertex 65.6144 71.7 0
      vertex 65.6144 71.7 1.5
    endloop
  endfacet
  facet normal 0.831609 0.555362 0
    outer loop
      vertex 65.6144 71.7 0
      vertex 65.7306 71.526 1.5
      vertex 65.7306 71.526 0
    endloop
  endfacet
  facet normal -0.659248 0.751925 0
    outer loop
      vertex 68.1314 71.3686 0
      vertex 67.974 71.2306 1.5
      vertex 68.1314 71.3686 1.5
    endloop
  endfacet
  facet normal -0.659248 0.751925 0
    outer loop
      vertex 67.974 71.2306 1.5
      vertex 68.1314 71.3686 0
      vertex 67.974 71.2306 0
    endloop
  endfacet
  facet normal 0.0654722 0.997854 -0
    outer loop
      vertex 67 70.9 0
      vertex 66.7912 70.9137 1.5
      vertex 67 70.9 1.5
    endloop
  endfacet
  facet normal 0.0654722 0.997854 0
    outer loop
      vertex 66.7912 70.9137 1.5
      vertex 67 70.9 0
      vertex 66.7912 70.9137 0
    endloop
  endfacet
  facet normal -0.896803 0.442429 0
    outer loop
      vertex 68.3856 71.7 0
      vertex 68.4782 71.8877 1.5
      vertex 68.4782 71.8877 0
    endloop
  endfacet
  facet normal -0.896803 0.442429 0
    outer loop
      vertex 68.4782 71.8877 1.5
      vertex 68.3856 71.7 0
      vertex 68.3856 71.7 1.5
    endloop
  endfacet
  facet normal 0.0654722 -0.997854 0
    outer loop
      vertex 66.7912 74.0863 0
      vertex 67 74.1 1.5
      vertex 66.7912 74.0863 1.5
    endloop
  endfacet
  facet normal 0.0654722 -0.997854 0
    outer loop
      vertex 67 74.1 1.5
      vertex 66.7912 74.0863 0
      vertex 67 74.1 0
    endloop
  endfacet
  facet normal 0.980819 -0.194922 0
    outer loop
      vertex 65.4137 72.7088 1.5
      vertex 65.4545 72.9141 0
      vertex 65.4545 72.9141 1.5
    endloop
  endfacet
  facet normal 0.980819 -0.194922 0
    outer loop
      vertex 65.4545 72.9141 0
      vertex 65.4137 72.7088 1.5
      vertex 65.4137 72.7088 0
    endloop
  endfacet
  facet normal 0.194922 0.980819 -0
    outer loop
      vertex 66.7912 70.9137 0
      vertex 66.5859 70.9545 1.5
      vertex 66.7912 70.9137 1.5
    endloop
  endfacet
  facet normal 0.194922 0.980819 0
    outer loop
      vertex 66.5859 70.9545 1.5
      vertex 66.7912 70.9137 0
      vertex 66.5859 70.9545 0
    endloop
  endfacet
  facet normal 0.321526 -0.946901 0
    outer loop
      vertex 66.3877 73.9782 0
      vertex 66.5859 74.0455 1.5
      vertex 66.3877 73.9782 1.5
    endloop
  endfacet
  facet normal 0.321526 -0.946901 0
    outer loop
      vertex 66.5859 74.0455 1.5
      vertex 66.3877 73.9782 0
      vertex 66.5859 74.0455 0
    endloop
  endfacet
  facet normal -0.659248 -0.751925 0
    outer loop
      vertex 67.974 73.7694 0
      vertex 68.1314 73.6314 1.5
      vertex 67.974 73.7694 1.5
    endloop
  endfacet
  facet normal -0.659248 -0.751925 -0
    outer loop
      vertex 68.1314 73.6314 1.5
      vertex 67.974 73.7694 0
      vertex 68.1314 73.6314 0
    endloop
  endfacet
  facet normal -0.0654722 -0.997854 0
    outer loop
      vertex 67 74.1 0
      vertex 67.2088 74.0863 1.5
      vertex 67 74.1 1.5
    endloop
  endfacet
  facet normal -0.0654722 -0.997854 -0
    outer loop
      vertex 67.2088 74.0863 1.5
      vertex 67 74.1 0
      vertex 67.2088 74.0863 0
    endloop
  endfacet
  facet normal 0.896803 -0.442429 0
    outer loop
      vertex 65.5218 73.1123 1.5
      vertex 65.6144 73.3 0
      vertex 65.6144 73.3 1.5
    endloop
  endfacet
  facet normal 0.896803 -0.442429 0
    outer loop
      vertex 65.6144 73.3 0
      vertex 65.5218 73.1123 1.5
      vertex 65.5218 73.1123 0
    endloop
  endfacet
  facet normal -0.751925 -0.659248 0
    outer loop
      vertex 68.2694 73.474 0
      vertex 68.1314 73.6314 1.5
      vertex 68.1314 73.6314 0
    endloop
  endfacet
  facet normal -0.751925 -0.659248 0
    outer loop
      vertex 68.1314 73.6314 1.5
      vertex 68.2694 73.474 0
      vertex 68.2694 73.474 1.5
    endloop
  endfacet
  facet normal 0.659248 0.751925 -0
    outer loop
      vertex 66.026 71.2306 0
      vertex 65.8686 71.3686 1.5
      vertex 66.026 71.2306 1.5
    endloop
  endfacet
  facet normal 0.659248 0.751925 0
    outer loop
      vertex 65.8686 71.3686 1.5
      vertex 66.026 71.2306 0
      vertex 65.8686 71.3686 0
    endloop
  endfacet
  facet normal 0.946901 -0.321526 0
    outer loop
      vertex 65.4545 72.9141 1.5
      vertex 65.5218 73.1123 0
      vertex 65.5218 73.1123 1.5
    endloop
  endfacet
  facet normal 0.946901 -0.321526 0
    outer loop
      vertex 65.5218 73.1123 0
      vertex 65.4545 72.9141 1.5
      vertex 65.4545 72.9141 0
    endloop
  endfacet
  facet normal 0.997854 -0.0654722 0
    outer loop
      vertex 65.4 72.5 1.5
      vertex 65.4137 72.7088 0
      vertex 65.4137 72.7088 1.5
    endloop
  endfacet
  facet normal 0.997854 -0.0654722 0
    outer loop
      vertex 65.4137 72.7088 0
      vertex 65.4 72.5 1.5
      vertex 65.4 72.5 0
    endloop
  endfacet
  facet normal 0.831609 -0.555362 0
    outer loop
      vertex 65.6144 73.3 1.5
      vertex 65.7306 73.474 0
      vertex 65.7306 73.474 1.5
    endloop
  endfacet
  facet normal 0.831609 -0.555362 0
    outer loop
      vertex 65.7306 73.474 0
      vertex 65.6144 73.3 1.5
      vertex 65.6144 73.3 0
    endloop
  endfacet
  facet normal -0.980764 -0.195196 0
    outer loop
      vertex 68.5863 101.709 0
      vertex 68.5455 101.914 1.5
      vertex 68.5455 101.914 0
    endloop
  endfacet
  facet normal -0.980764 -0.195196 0
    outer loop
      vertex 68.5455 101.914 1.5
      vertex 68.5863 101.709 0
      vertex 68.5863 101.709 1.5
    endloop
  endfacet
  facet normal -0.997858 -0.0654099 0
    outer loop
      vertex 68.6 101.5 0
      vertex 68.5863 101.709 1.5
      vertex 68.5863 101.709 0
    endloop
  endfacet
  facet normal -0.997858 -0.0654099 0
    outer loop
      vertex 68.5863 101.709 1.5
      vertex 68.6 101.5 0
      vertex 68.6 101.5 1.5
    endloop
  endfacet
  facet normal -0.946802 -0.321817 0
    outer loop
      vertex 68.5455 101.914 0
      vertex 68.4782 102.112 1.5
      vertex 68.4782 102.112 0
    endloop
  endfacet
  facet normal -0.946802 -0.321817 0
    outer loop
      vertex 68.4782 102.112 1.5
      vertex 68.5455 101.914 0
      vertex 68.5455 101.914 1.5
    endloop
  endfacet
  facet normal -0.831609 -0.555362 0
    outer loop
      vertex 68.3856 102.3 0
      vertex 68.2694 102.474 1.5
      vertex 68.2694 102.474 0
    endloop
  endfacet
  facet normal -0.831609 -0.555362 0
    outer loop
      vertex 68.2694 102.474 1.5
      vertex 68.3856 102.3 0
      vertex 68.3856 102.3 1.5
    endloop
  endfacet
  facet normal 0.946802 0.321817 0
    outer loop
      vertex 65.5218 100.888 1.5
      vertex 65.4545 101.086 0
      vertex 65.4545 101.086 1.5
    endloop
  endfacet
  facet normal 0.946802 0.321817 0
    outer loop
      vertex 65.4545 101.086 0
      vertex 65.5218 100.888 1.5
      vertex 65.5218 100.888 0
    endloop
  endfacet
  facet normal -0.557998 -0.829843 0
    outer loop
      vertex 67.8 102.886 0
      vertex 67.974 102.769 1.5
      vertex 67.8 102.886 1.5
    endloop
  endfacet
  facet normal -0.557998 -0.829843 -0
    outer loop
      vertex 67.974 102.769 1.5
      vertex 67.8 102.886 0
      vertex 67.974 102.769 0
    endloop
  endfacet
  facet normal -0.980764 0.195196 0
    outer loop
      vertex 68.5455 101.086 0
      vertex 68.5863 101.291 1.5
      vertex 68.5863 101.291 0
    endloop
  endfacet
  facet normal -0.980764 0.195196 0
    outer loop
      vertex 68.5863 101.291 1.5
      vertex 68.5455 101.086 0
      vertex 68.5455 101.086 1.5
    endloop
  endfacet
  facet normal 0.557998 -0.829843 0
    outer loop
      vertex 66.026 102.769 0
      vertex 66.2 102.886 1.5
      vertex 66.026 102.769 1.5
    endloop
  endfacet
  facet normal 0.557998 -0.829843 0
    outer loop
      vertex 66.2 102.886 1.5
      vertex 66.026 102.769 0
      vertex 66.2 102.886 0
    endloop
  endfacet
  facet normal -0.32024 -0.947336 0
    outer loop
      vertex 67.4141 103.045 0
      vertex 67.6123 102.978 1.5
      vertex 67.4141 103.045 1.5
    endloop
  endfacet
  facet normal -0.32024 -0.947336 -0
    outer loop
      vertex 67.6123 102.978 1.5
      vertex 67.4141 103.045 0
      vertex 67.6123 102.978 0
    endloop
  endfacet
  facet normal -0.946802 0.321817 0
    outer loop
      vertex 68.4782 100.888 0
      vertex 68.5455 101.086 1.5
      vertex 68.5455 101.086 0
    endloop
  endfacet
  facet normal -0.946802 0.321817 0
    outer loop
      vertex 68.5455 101.086 1.5
      vertex 68.4782 100.888 0
      vertex 68.4782 100.888 1.5
    endloop
  endfacet
  facet normal -0.440119 0.897939 0
    outer loop
      vertex 67.8 100.114 0
      vertex 67.6123 100.022 1.5
      vertex 67.8 100.114 1.5
    endloop
  endfacet
  facet normal -0.440119 0.897939 0
    outer loop
      vertex 67.6123 100.022 1.5
      vertex 67.8 100.114 0
      vertex 67.6123 100.022 0
    endloop
  endfacet
  facet normal 0.659248 -0.751925 0
    outer loop
      vertex 65.8686 102.631 0
      vertex 66.026 102.769 1.5
      vertex 65.8686 102.631 1.5
    endloop
  endfacet
  facet normal 0.659248 -0.751925 0
    outer loop
      vertex 66.026 102.769 1.5
      vertex 65.8686 102.631 0
      vertex 66.026 102.769 0
    endloop
  endfacet
  facet normal -0.897083 -0.441861 0
    outer loop
      vertex 68.4782 102.112 0
      vertex 68.3856 102.3 1.5
      vertex 68.3856 102.3 0
    endloop
  endfacet
  facet normal -0.897083 -0.441861 0
    outer loop
      vertex 68.3856 102.3 1.5
      vertex 68.4782 102.112 0
      vertex 68.4782 102.112 1.5
    endloop
  endfacet
  facet normal 0.195841 -0.980636 0
    outer loop
      vertex 66.5859 103.045 0
      vertex 66.7912 103.086 1.5
      vertex 66.5859 103.045 1.5
    endloop
  endfacet
  facet normal 0.195841 -0.980636 0
    outer loop
      vertex 66.7912 103.086 1.5
      vertex 66.5859 103.045 0
      vertex 66.7912 103.086 0
    endloop
  endfacet
  facet normal -0.831609 0.555362 0
    outer loop
      vertex 68.2694 100.526 0
      vertex 68.3856 100.7 1.5
      vertex 68.3856 100.7 0
    endloop
  endfacet
  facet normal -0.831609 0.555362 0
    outer loop
      vertex 68.3856 100.7 1.5
      vertex 68.2694 100.526 0
      vertex 68.2694 100.526 1.5
    endloop
  endfacet
  facet normal -0.0654722 0.997854 0
    outer loop
      vertex 67.2088 99.9137 0
      vertex 67 99.9 1.5
      vertex 67.2088 99.9137 1.5
    endloop
  endfacet
  facet normal -0.0654722 0.997854 0
    outer loop
      vertex 67 99.9 1.5
      vertex 67.2088 99.9137 0
      vertex 67 99.9 0
    endloop
  endfacet
  facet normal 0.897083 0.441861 0
    outer loop
      vertex 65.6144 100.7 1.5
      vertex 65.5218 100.888 0
      vertex 65.5218 100.888 1.5
    endloop
  endfacet
  facet normal 0.897083 0.441861 0
    outer loop
      vertex 65.5218 100.888 0
      vertex 65.6144 100.7 1.5
      vertex 65.6144 100.7 0
    endloop
  endfacet
  facet normal -0.440119 -0.897939 0
    outer loop
      vertex 67.6123 102.978 0
      vertex 67.8 102.886 1.5
      vertex 67.6123 102.978 1.5
    endloop
  endfacet
  facet normal -0.440119 -0.897939 -0
    outer loop
      vertex 67.8 102.886 1.5
      vertex 67.6123 102.978 0
      vertex 67.8 102.886 0
    endloop
  endfacet
  facet normal 0.322382 0.94661 -0
    outer loop
      vertex 66.5859 99.9545 0
      vertex 66.3877 100.022 1.5
      vertex 66.5859 99.9545 1.5
    endloop
  endfacet
  facet normal 0.322382 0.94661 0
    outer loop
      vertex 66.3877 100.022 1.5
      vertex 66.5859 99.9545 0
      vertex 66.3877 100.022 0
    endloop
  endfacet
  facet normal 0.440119 -0.897939 0
    outer loop
      vertex 66.2 102.886 0
      vertex 66.3877 102.978 1.5
      vertex 66.2 102.886 1.5
    endloop
  endfacet
  facet normal 0.440119 -0.897939 0
    outer loop
      vertex 66.3877 102.978 1.5
      vertex 66.2 102.886 0
      vertex 66.3877 102.978 0
    endloop
  endfacet
  facet normal 0.440119 0.897939 -0
    outer loop
      vertex 66.3877 100.022 0
      vertex 66.2 100.114 1.5
      vertex 66.3877 100.022 1.5
    endloop
  endfacet
  facet normal 0.440119 0.897939 0
    outer loop
      vertex 66.2 100.114 1.5
      vertex 66.3877 100.022 0
      vertex 66.2 100.114 0
    endloop
  endfacet
  facet normal 0.980764 0.195196 0
    outer loop
      vertex 65.4545 101.086 1.5
      vertex 65.4137 101.291 0
      vertex 65.4137 101.291 1.5
    endloop
  endfacet
  facet normal 0.980764 0.195196 0
    outer loop
      vertex 65.4137 101.291 0
      vertex 65.4545 101.086 1.5
      vertex 65.4545 101.086 0
    endloop
  endfacet
  facet normal 0.557998 0.829843 -0
    outer loop
      vertex 66.2 100.114 0
      vertex 66.026 100.231 1.5
      vertex 66.2 100.114 1.5
    endloop
  endfacet
  facet normal 0.557998 0.829843 0
    outer loop
      vertex 66.026 100.231 1.5
      vertex 66.2 100.114 0
      vertex 66.026 100.231 0
    endloop
  endfacet
  facet normal -0.195841 -0.980636 0
    outer loop
      vertex 67.2088 103.086 0
      vertex 67.4141 103.045 1.5
      vertex 67.2088 103.086 1.5
    endloop
  endfacet
  facet normal -0.195841 -0.980636 -0
    outer loop
      vertex 67.4141 103.045 1.5
      vertex 67.2088 103.086 0
      vertex 67.4141 103.045 0
    endloop
  endfacet
  facet normal -0.194922 0.980819 0
    outer loop
      vertex 67.4141 99.9545 0
      vertex 67.2088 99.9137 1.5
      vertex 67.4141 99.9545 1.5
    endloop
  endfacet
  facet normal -0.194922 0.980819 0
    outer loop
      vertex 67.2088 99.9137 1.5
      vertex 67.4141 99.9545 0
      vertex 67.2088 99.9137 0
    endloop
  endfacet
  facet normal 0.751093 0.660196 0
    outer loop
      vertex 65.8686 100.369 1.5
      vertex 65.7306 100.526 0
      vertex 65.7306 100.526 1.5
    endloop
  endfacet
  facet normal 0.751093 0.660196 0
    outer loop
      vertex 65.7306 100.526 0
      vertex 65.8686 100.369 1.5
      vertex 65.8686 100.369 0
    endloop
  endfacet
  facet normal 0.751093 -0.660196 0
    outer loop
      vertex 65.7306 102.474 1.5
      vertex 65.8686 102.631 0
      vertex 65.8686 102.631 1.5
    endloop
  endfacet
  facet normal 0.751093 -0.660196 0
    outer loop
      vertex 65.8686 102.631 0
      vertex 65.7306 102.474 1.5
      vertex 65.7306 102.474 0
    endloop
  endfacet
  facet normal -0.997858 0.0654099 0
    outer loop
      vertex 68.5863 101.291 0
      vertex 68.6 101.5 1.5
      vertex 68.6 101.5 0
    endloop
  endfacet
  facet normal -0.997858 0.0654099 0
    outer loop
      vertex 68.6 101.5 1.5
      vertex 68.5863 101.291 0
      vertex 68.5863 101.291 1.5
    endloop
  endfacet
  facet normal 0.997858 0.0654099 0
    outer loop
      vertex 65.4137 101.291 1.5
      vertex 65.4 101.5 0
      vertex 65.4 101.5 1.5
    endloop
  endfacet
  facet normal 0.997858 0.0654099 0
    outer loop
      vertex 65.4 101.5 0
      vertex 65.4137 101.291 1.5
      vertex 65.4137 101.291 0
    endloop
  endfacet
  facet normal -0.659248 0.751925 0
    outer loop
      vertex 68.1314 100.369 0
      vertex 67.974 100.231 1.5
      vertex 68.1314 100.369 1.5
    endloop
  endfacet
  facet normal -0.659248 0.751925 0
    outer loop
      vertex 67.974 100.231 1.5
      vertex 68.1314 100.369 0
      vertex 67.974 100.231 0
    endloop
  endfacet
  facet normal -0.322382 0.94661 0
    outer loop
      vertex 67.6123 100.022 0
      vertex 67.4141 99.9545 1.5
      vertex 67.6123 100.022 1.5
    endloop
  endfacet
  facet normal -0.322382 0.94661 0
    outer loop
      vertex 67.4141 99.9545 1.5
      vertex 67.6123 100.022 0
      vertex 67.4141 99.9545 0
    endloop
  endfacet
  facet normal -0.557998 0.829843 0
    outer loop
      vertex 67.974 100.231 0
      vertex 67.8 100.114 1.5
      vertex 67.974 100.231 1.5
    endloop
  endfacet
  facet normal -0.557998 0.829843 0
    outer loop
      vertex 67.8 100.114 1.5
      vertex 67.974 100.231 0
      vertex 67.8 100.114 0
    endloop
  endfacet
  facet normal -0.751093 0.660196 0
    outer loop
      vertex 68.1314 100.369 0
      vertex 68.2694 100.526 1.5
      vertex 68.2694 100.526 0
    endloop
  endfacet
  facet normal -0.751093 0.660196 0
    outer loop
      vertex 68.2694 100.526 1.5
      vertex 68.1314 100.369 0
      vertex 68.1314 100.369 1.5
    endloop
  endfacet
  facet normal 0.831609 0.555362 0
    outer loop
      vertex 65.7306 100.526 1.5
      vertex 65.6144 100.7 0
      vertex 65.6144 100.7 1.5
    endloop
  endfacet
  facet normal 0.831609 0.555362 0
    outer loop
      vertex 65.6144 100.7 0
      vertex 65.7306 100.526 1.5
      vertex 65.7306 100.526 0
    endloop
  endfacet
  facet normal 0.0654722 0.997854 -0
    outer loop
      vertex 67 99.9 0
      vertex 66.7912 99.9137 1.5
      vertex 67 99.9 1.5
    endloop
  endfacet
  facet normal 0.0654722 0.997854 0
    outer loop
      vertex 66.7912 99.9137 1.5
      vertex 67 99.9 0
      vertex 66.7912 99.9137 0
    endloop
  endfacet
  facet normal -0.897083 0.441861 0
    outer loop
      vertex 68.3856 100.7 0
      vertex 68.4782 100.888 1.5
      vertex 68.4782 100.888 0
    endloop
  endfacet
  facet normal -0.897083 0.441861 0
    outer loop
      vertex 68.4782 100.888 1.5
      vertex 68.3856 100.7 0
      vertex 68.3856 100.7 1.5
    endloop
  endfacet
  facet normal 0.0668996 -0.99776 0
    outer loop
      vertex 66.7912 103.086 0
      vertex 67 103.1 1.5
      vertex 66.7912 103.086 1.5
    endloop
  endfacet
  facet normal 0.0668996 -0.99776 0
    outer loop
      vertex 67 103.1 1.5
      vertex 66.7912 103.086 0
      vertex 67 103.1 0
    endloop
  endfacet
  facet normal 0.980764 -0.195196 0
    outer loop
      vertex 65.4137 101.709 1.5
      vertex 65.4545 101.914 0
      vertex 65.4545 101.914 1.5
    endloop
  endfacet
  facet normal 0.980764 -0.195196 0
    outer loop
      vertex 65.4545 101.914 0
      vertex 65.4137 101.709 1.5
      vertex 65.4137 101.709 0
    endloop
  endfacet
  facet normal 0.32024 -0.947336 0
    outer loop
      vertex 66.3877 102.978 0
      vertex 66.5859 103.045 1.5
      vertex 66.3877 102.978 1.5
    endloop
  endfacet
  facet normal 0.32024 -0.947336 0
    outer loop
      vertex 66.5859 103.045 1.5
      vertex 66.3877 102.978 0
      vertex 66.5859 103.045 0
    endloop
  endfacet
  facet normal -0.659248 -0.751925 0
    outer loop
      vertex 67.974 102.769 0
      vertex 68.1314 102.631 1.5
      vertex 67.974 102.769 1.5
    endloop
  endfacet
  facet normal -0.659248 -0.751925 -0
    outer loop
      vertex 68.1314 102.631 1.5
      vertex 67.974 102.769 0
      vertex 68.1314 102.631 0
    endloop
  endfacet
  facet normal -0.0668996 -0.99776 0
    outer loop
      vertex 67 103.1 0
      vertex 67.2088 103.086 1.5
      vertex 67 103.1 1.5
    endloop
  endfacet
  facet normal -0.0668996 -0.99776 -0
    outer loop
      vertex 67.2088 103.086 1.5
      vertex 67 103.1 0
      vertex 67.2088 103.086 0
    endloop
  endfacet
  facet normal 0.897083 -0.441861 0
    outer loop
      vertex 65.5218 102.112 1.5
      vertex 65.6144 102.3 0
      vertex 65.6144 102.3 1.5
    endloop
  endfacet
  facet normal 0.897083 -0.441861 0
    outer loop
      vertex 65.6144 102.3 0
      vertex 65.5218 102.112 1.5
      vertex 65.5218 102.112 0
    endloop
  endfacet
  facet normal 0.194922 0.980819 -0
    outer loop
      vertex 66.7912 99.9137 0
      vertex 66.5859 99.9545 1.5
      vertex 66.7912 99.9137 1.5
    endloop
  endfacet
  facet normal 0.194922 0.980819 0
    outer loop
      vertex 66.5859 99.9545 1.5
      vertex 66.7912 99.9137 0
      vertex 66.5859 99.9545 0
    endloop
  endfacet
  facet normal -0.751093 -0.660196 0
    outer loop
      vertex 68.2694 102.474 0
      vertex 68.1314 102.631 1.5
      vertex 68.1314 102.631 0
    endloop
  endfacet
  facet normal -0.751093 -0.660196 0
    outer loop
      vertex 68.1314 102.631 1.5
      vertex 68.2694 102.474 0
      vertex 68.2694 102.474 1.5
    endloop
  endfacet
  facet normal 0.659248 0.751925 -0
    outer loop
      vertex 66.026 100.231 0
      vertex 65.8686 100.369 1.5
      vertex 66.026 100.231 1.5
    endloop
  endfacet
  facet normal 0.659248 0.751925 0
    outer loop
      vertex 65.8686 100.369 1.5
      vertex 66.026 100.231 0
      vertex 65.8686 100.369 0
    endloop
  endfacet
  facet normal 0.946802 -0.321817 0
    outer loop
      vertex 65.4545 101.914 1.5
      vertex 65.5218 102.112 0
      vertex 65.5218 102.112 1.5
    endloop
  endfacet
  facet normal 0.946802 -0.321817 0
    outer loop
      vertex 65.5218 102.112 0
      vertex 65.4545 101.914 1.5
      vertex 65.4545 101.914 0
    endloop
  endfacet
  facet normal 0.997858 -0.0654099 0
    outer loop
      vertex 65.4 101.5 1.5
      vertex 65.4137 101.709 0
      vertex 65.4137 101.709 1.5
    endloop
  endfacet
  facet normal 0.997858 -0.0654099 0
    outer loop
      vertex 65.4137 101.709 0
      vertex 65.4 101.5 1.5
      vertex 65.4 101.5 0
    endloop
  endfacet
  facet normal 0.831609 -0.555362 0
    outer loop
      vertex 65.6144 102.3 1.5
      vertex 65.7306 102.474 0
      vertex 65.7306 102.474 1.5
    endloop
  endfacet
  facet normal 0.831609 -0.555362 0
    outer loop
      vertex 65.7306 102.474 0
      vertex 65.6144 102.3 1.5
      vertex 65.6144 102.3 0
    endloop
  endfacet
  facet normal 0.831603 0.55537 0
    outer loop
      vertex 75.8301 108.5 3
      vertex 75.4668 109.044 0
      vertex 75.4668 109.044 3
    endloop
  endfacet
  facet normal 0.831603 0.55537 0
    outer loop
      vertex 75.4668 109.044 0
      vertex 75.8301 108.5 3
      vertex 75.8301 108.5 0
    endloop
  endfacet
  facet normal 0.0657477 0.997836 -0
    outer loop
      vertex 72.1526 110.957 0
      vertex 71.5 111 3
      vertex 72.1526 110.957 3
    endloop
  endfacet
  facet normal 0.0657477 0.997836 0
    outer loop
      vertex 71.5 111 3
      vertex 72.1526 110.957 0
      vertex 71.5 111 0
    endloop
  endfacet
  facet normal 0.946941 -0.321407 0
    outer loop
      vertex 76.1194 66.0866 3
      vertex 76.3296 66.7059 0
      vertex 76.3296 66.7059 3
    endloop
  endfacet
  facet normal 0.946941 -0.321407 0
    outer loop
      vertex 76.3296 66.7059 0
      vertex 76.1194 66.0866 3
      vertex 76.1194 66.0866 0
    endloop
  endfacet
  facet normal -1 0 0
    outer loop
      vertex 0 68 0
      vertex 0 106 3
      vertex 0 106 0
    endloop
  endfacet
  facet normal -1 -0 0
    outer loop
      vertex 0 106 3
      vertex 0 68 0
      vertex 0 68 3
    endloop
  endfacet
  facet normal 0.659165 0.751998 -0
    outer loop
      vertex 75.0355 109.536 0
      vertex 74.5438 109.967 3
      vertex 75.0355 109.536 3
    endloop
  endfacet
  facet normal 0.659165 0.751998 0
    outer loop
      vertex 74.5438 109.967 3
      vertex 75.0355 109.536 0
      vertex 74.5438 109.967 0
    endloop
  endfacet
  facet normal 0.321407 -0.946941 0
    outer loop
      vertex 72.7941 63.1704 0
      vertex 73.4134 63.3806 3
      vertex 72.7941 63.1704 3
    endloop
  endfacet
  facet normal 0.321407 -0.946941 0
    outer loop
      vertex 73.4134 63.3806 3
      vertex 72.7941 63.1704 0
      vertex 73.4134 63.3806 0
    endloop
  endfacet
  facet normal -0.195096 -0.980784 0
    outer loop
      vertex 3.7059 63.1704 0
      vertex 4.34737 63.0428 3
      vertex 3.7059 63.1704 3
    endloop
  endfacet
  facet normal -0.195096 -0.980784 -0
    outer loop
      vertex 4.34737 63.0428 3
      vertex 3.7059 63.1704 0
      vertex 4.34737 63.0428 0
    endloop
  endfacet
  facet normal 1 -0 0
    outer loop
      vertex 76.5 68 3
      vertex 76.5 106 0
      vertex 76.5 106 3
    endloop
  endfacet
  facet normal 1 0 0
    outer loop
      vertex 76.5 106 0
      vertex 76.5 68 3
      vertex 76.5 68 0
    endloop
  endfacet
  facet normal -0.997859 -0.0654055 0
    outer loop
      vertex 0.0427752 67.3474 0
      vertex 0 68 3
      vertex 0 68 0
    endloop
  endfacet
  facet normal -0.997859 -0.0654055 0
    outer loop
      vertex 0 68 3
      vertex 0.0427752 67.3474 0
      vertex 0.0427752 67.3474 3
    endloop
  endfacet
  facet normal 0 -1 0
    outer loop
      vertex 5 63 0
      vertex 71.5 63 3
      vertex 5 63 3
    endloop
  endfacet
  facet normal 0 -1 -0
    outer loop
      vertex 71.5 63 3
      vertex 5 63 0
      vertex 71.5 63 0
    endloop
  endfacet
  facet normal 0.89686 -0.442314 0
    outer loop
      vertex 75.8301 65.5 3
      vertex 76.1194 66.0866 0
      vertex 76.1194 66.0866 3
    endloop
  endfacet
  facet normal 0.89686 -0.442314 0
    outer loop
      vertex 76.1194 66.0866 0
      vertex 75.8301 65.5 3
      vertex 75.8301 65.5 0
    endloop
  endfacet
  facet normal 0.751771 -0.659424 0
    outer loop
      vertex 75.0355 64.4645 3
      vertex 75.4668 64.9562 0
      vertex 75.4668 64.9562 3
    endloop
  endfacet
  facet normal 0.751771 -0.659424 0
    outer loop
      vertex 75.4668 64.9562 0
      vertex 75.0355 64.4645 3
      vertex 75.0355 64.4645 0
    endloop
  endfacet
  facet normal 0.442314 -0.89686 0
    outer loop
      vertex 73.4134 63.3806 0
      vertex 74 63.6699 3
      vertex 73.4134 63.3806 3
    endloop
  endfacet
  facet normal 0.442314 -0.89686 0
    outer loop
      vertex 74 63.6699 3
      vertex 73.4134 63.3806 0
      vertex 74 63.6699 0
    endloop
  endfacet
  facet normal 0.441945 0.897042 -0
    outer loop
      vertex 74 110.33 0
      vertex 73.4134 110.619 3
      vertex 74 110.33 3
    endloop
  endfacet
  facet normal 0.441945 0.897042 0
    outer loop
      vertex 73.4134 110.619 3
      vertex 74 110.33 0
      vertex 73.4134 110.619 0
    endloop
  endfacet
  facet normal 0.997859 0.0654033 0
    outer loop
      vertex 76.5 106 3
      vertex 76.4572 106.653 0
      vertex 76.4572 106.653 3
    endloop
  endfacet
  facet normal 0.997859 0.0654033 0
    outer loop
      vertex 76.4572 106.653 0
      vertex 76.5 106 3
      vertex 76.5 106 0
    endloop
  endfacet
  facet normal -0.997861 0.0653656 0
    outer loop
      vertex 0 106 0
      vertex 0.0427752 106.653 3
      vertex 0.0427752 106.653 0
    endloop
  endfacet
  facet normal -0.997861 0.0653656 0
    outer loop
      vertex 0.0427752 106.653 3
      vertex 0 106 0
      vertex 0 106 3
    endloop
  endfacet
  facet normal -0.946879 0.32159 0
    outer loop
      vertex 0.17037 107.294 0
      vertex 0.380602 107.913 3
      vertex 0.380602 107.913 0
    endloop
  endfacet
  facet normal -0.946879 0.32159 0
    outer loop
      vertex 0.380602 107.913 3
      vertex 0.17037 107.294 0
      vertex 0.17037 107.294 3
    endloop
  endfacet
  facet normal 0.555194 0.831721 -0
    outer loop
      vertex 74.5438 109.967 0
      vertex 74 110.33 3
      vertex 74.5438 109.967 3
    endloop
  endfacet
  facet normal 0.555194 0.831721 0
    outer loop
      vertex 74 110.33 3
      vertex 74.5438 109.967 0
      vertex 74 110.33 0
    endloop
  endfacet
  facet normal 0 1 -0
    outer loop
      vertex 71.5 111 0
      vertex 5 111 3
      vertex 71.5 111 3
    endloop
  endfacet
  facet normal 0 1 0
    outer loop
      vertex 5 111 3
      vertex 71.5 111 0
      vertex 5 111 0
    endloop
  endfacet
  facet normal 0.195087 -0.980786 0
    outer loop
      vertex 72.1526 63.0428 0
      vertex 72.7941 63.1704 3
      vertex 72.1526 63.0428 3
    endloop
  endfacet
  facet normal 0.195087 -0.980786 0
    outer loop
      vertex 72.7941 63.1704 3
      vertex 72.1526 63.0428 0
      vertex 72.7941 63.1704 0
    endloop
  endfacet
  facet normal 0.980786 -0.195087 0
    outer loop
      vertex 76.3296 66.7059 3
      vertex 76.4572 67.3474 0
      vertex 76.4572 67.3474 3
    endloop
  endfacet
  facet normal 0.980786 -0.195087 0
    outer loop
      vertex 76.4572 67.3474 0
      vertex 76.3296 66.7059 3
      vertex 76.3296 66.7059 0
    endloop
  endfacet
  facet normal -0.896878 -0.442277 0
    outer loop
      vertex 0.669872 65.5 0
      vertex 0.380602 66.0866 3
      vertex 0.380602 66.0866 0
    endloop
  endfacet
  facet normal -0.896878 -0.442277 0
    outer loop
      vertex 0.380602 66.0866 3
      vertex 0.669872 65.5 0
      vertex 0.669872 65.5 3
    endloop
  endfacet
  facet normal -0.752016 0.659145 0
    outer loop
      vertex 1.03323 109.044 0
      vertex 1.46447 109.536 3
      vertex 1.46447 109.536 0
    endloop
  endfacet
  facet normal -0.752016 0.659145 0
    outer loop
      vertex 1.46447 109.536 3
      vertex 1.03323 109.044 0
      vertex 1.03323 109.044 3
    endloop
  endfacet
  facet normal 0.75197 0.659197 0
    outer loop
      vertex 75.4668 109.044 3
      vertex 75.0355 109.536 0
      vertex 75.0355 109.536 3
    endloop
  endfacet
  facet normal 0.75197 0.659197 0
    outer loop
      vertex 75.0355 109.536 0
      vertex 75.4668 109.044 3
      vertex 75.4668 109.044 0
    endloop
  endfacet
  facet normal -0.555187 0.831725 0
    outer loop
      vertex 2.5 110.33 0
      vertex 1.95619 109.967 3
      vertex 2.5 110.33 3
    endloop
  endfacet
  facet normal -0.555187 0.831725 0
    outer loop
      vertex 1.95619 109.967 3
      vertex 2.5 110.33 0
      vertex 1.95619 109.967 0
    endloop
  endfacet
  facet normal 0.89698 0.442072 0
    outer loop
      vertex 76.1194 107.913 3
      vertex 75.8301 108.5 0
      vertex 75.8301 108.5 3
    endloop
  endfacet
  facet normal 0.89698 0.442072 0
    outer loop
      vertex 75.8301 108.5 0
      vertex 76.1194 107.913 3
      vertex 76.1194 107.913 0
    endloop
  endfacet
  facet normal -0.0654402 -0.997856 0
    outer loop
      vertex 4.34737 63.0428 0
      vertex 5 63 3
      vertex 4.34737 63.0428 3
    endloop
  endfacet
  facet normal -0.0654402 -0.997856 -0
    outer loop
      vertex 5 63 3
      vertex 4.34737 63.0428 0
      vertex 5 63 0
    endloop
  endfacet
  facet normal -0.322493 0.946572 0
    outer loop
      vertex 3.7059 110.83 0
      vertex 3.08658 110.619 3
      vertex 3.7059 110.83 3
    endloop
  endfacet
  facet normal -0.322493 0.946572 0
    outer loop
      vertex 3.08658 110.619 3
      vertex 3.7059 110.83 0
      vertex 3.08658 110.619 0
    endloop
  endfacet
  facet normal -0.442327 -0.896854 0
    outer loop
      vertex 2.5 63.6699 0
      vertex 3.08658 63.3806 3
      vertex 2.5 63.6699 3
    endloop
  endfacet
  facet normal -0.442327 -0.896854 -0
    outer loop
      vertex 3.08658 63.3806 3
      vertex 2.5 63.6699 0
      vertex 3.08658 63.3806 0
    endloop
  endfacet
  facet normal 0.997856 -0.0654432 0
    outer loop
      vertex 76.4572 67.3474 3
      vertex 76.5 68 0
      vertex 76.5 68 3
    endloop
  endfacet
  facet normal 0.997856 -0.0654432 0
    outer loop
      vertex 76.5 68 0
      vertex 76.4572 67.3474 3
      vertex 76.4572 67.3474 0
    endloop
  endfacet
  facet normal -0.65915 0.752012 0
    outer loop
      vertex 1.95619 109.967 0
      vertex 1.46447 109.536 3
      vertex 1.95619 109.967 3
    endloop
  endfacet
  facet normal -0.65915 0.752012 0
    outer loop
      vertex 1.46447 109.536 3
      vertex 1.95619 109.967 0
      vertex 1.46447 109.536 0
    endloop
  endfacet
  facet normal 0.0654432 -0.997856 0
    outer loop
      vertex 71.5 63 0
      vertex 72.1526 63.0428 3
      vertex 71.5 63 3
    endloop
  endfacet
  facet normal 0.0654432 -0.997856 0
    outer loop
      vertex 72.1526 63.0428 3
      vertex 71.5 63 0
      vertex 72.1526 63.0428 0
    endloop
  endfacet
  facet normal -0.980787 -0.195079 0
    outer loop
      vertex 0.17037 66.7059 0
      vertex 0.0427752 67.3474 3
      vertex 0.0427752 67.3474 0
    endloop
  endfacet
  facet normal -0.980787 -0.195079 0
    outer loop
      vertex 0.0427752 67.3474 3
      vertex 0.17037 66.7059 0
      vertex 0.17037 66.7059 3
    endloop
  endfacet
  facet normal -0.831468 -0.555573 0
    outer loop
      vertex 1.03323 64.9562 0
      vertex 0.669872 65.5 3
      vertex 0.669872 65.5 0
    endloop
  endfacet
  facet normal -0.831468 -0.555573 0
    outer loop
      vertex 0.669872 65.5 3
      vertex 1.03323 64.9562 0
      vertex 1.03323 64.9562 3
    endloop
  endfacet
  facet normal -0.896998 0.442035 0
    outer loop
      vertex 0.380602 107.913 0
      vertex 0.669872 108.5 3
      vertex 0.669872 108.5 0
    endloop
  endfacet
  facet normal -0.896998 0.442035 0
    outer loop
      vertex 0.669872 108.5 3
      vertex 0.380602 107.913 0
      vertex 0.380602 107.913 3
    endloop
  endfacet
  facet normal 0.322503 0.946569 -0
    outer loop
      vertex 73.4134 110.619 0
      vertex 72.7941 110.83 3
      vertex 73.4134 110.619 3
    endloop
  endfacet
  facet normal 0.322503 0.946569 0
    outer loop
      vertex 72.7941 110.83 3
      vertex 73.4134 110.619 0
      vertex 72.7941 110.83 0
    endloop
  endfacet
  facet normal -0.946926 -0.32145 0
    outer loop
      vertex 0.380602 66.0866 0
      vertex 0.17037 66.7059 3
      vertex 0.17037 66.7059 0
    endloop
  endfacet
  facet normal -0.946926 -0.32145 0
    outer loop
      vertex 0.17037 66.7059 3
      vertex 0.380602 66.0866 0
      vertex 0.380602 66.0866 3
    endloop
  endfacet
  facet normal 0 0 -1
    outer loop
      vertex 10.9782 73.1123 0
      vertex 65.5218 73.1123 0
      vertex 11.0455 72.9141 0
    endloop
  endfacet
  facet normal 0 0 -1
    outer loop
      vertex 65.5218 100.888 0
      vertex 11.0863 101.291 0
      vertex 11.1 101.5 0
    endloop
  endfacet
  facet normal 0 0 -1
    outer loop
      vertex 65.5218 73.1123 0
      vertex 10.9782 73.1123 0
      vertex 65.5218 100.888 0
    endloop
  endfacet
  facet normal 0 0 -1
    outer loop
      vertex 65.5218 100.888 0
      vertex 11.0455 101.086 0
      vertex 11.0863 101.291 0
    endloop
  endfacet
  facet normal 0 0 -1
    outer loop
      vertex 10.9782 100.888 0
      vertex 65.5218 100.888 0
      vertex 10.9782 73.1123 0
    endloop
  endfacet
  facet normal 0 0 -1
    outer loop
      vertex 65.5218 100.888 0
      vertex 10.9782 100.888 0
      vertex 11.0455 101.086 0
    endloop
  endfacet
  facet normal 0 0 -1
    outer loop
      vertex 10.8856 73.3 0
      vertex 10.9782 100.888 0
      vertex 10.9782 73.1123 0
    endloop
  endfacet
  facet normal 0 0 -1
    outer loop
      vertex 10.8856 73.3 0
      vertex 10.8856 100.7 0
      vertex 10.9782 100.888 0
    endloop
  endfacet
  facet normal 0 0 -1
    outer loop
      vertex 10.7694 73.474 0
      vertex 10.8856 100.7 0
      vertex 10.8856 73.3 0
    endloop
  endfacet
  facet normal 0 0 -1
    outer loop
      vertex 10.7694 73.474 0
      vertex 10.7694 100.526 0
      vertex 10.8856 100.7 0
    endloop
  endfacet
  facet normal 0 0 -1
    outer loop
      vertex 10.6314 73.6314 0
      vertex 10.7694 100.526 0
      vertex 10.7694 73.474 0
    endloop
  endfacet
  facet normal 0 0 -1
    outer loop
      vertex 10.6314 73.6314 0
      vertex 10.6314 100.369 0
      vertex 10.7694 100.526 0
    endloop
  endfacet
  facet normal 0 0 -1
    outer loop
      vertex 10.474 73.7694 0
      vertex 10.6314 100.369 0
      vertex 10.6314 73.6314 0
    endloop
  endfacet
  facet normal 0 0 -1
    outer loop
      vertex 10.474 73.7694 0
      vertex 10.474 100.231 0
      vertex 10.6314 100.369 0
    endloop
  endfacet
  facet normal 0 0 -1
    outer loop
      vertex 10.3 73.8856 0
      vertex 10.474 100.231 0
      vertex 10.474 73.7694 0
    endloop
  endfacet
  facet normal 0 0 -1
    outer loop
      vertex 10.3 73.8856 0
      vertex 10.3 100.114 0
      vertex 10.474 100.231 0
    endloop
  endfacet
  facet normal 0 0 -1
    outer loop
      vertex 10.1123 73.9782 0
      vertex 10.3 100.114 0
      vertex 10.3 73.8856 0
    endloop
  endfacet
  facet normal 0 0 -1
    outer loop
      vertex 10.1123 73.9782 0
      vertex 10.1123 100.022 0
      vertex 10.3 100.114 0
    endloop
  endfacet
  facet normal 0 0 -1
    outer loop
      vertex 9.91411 74.0455 0
      vertex 10.1123 100.022 0
      vertex 10.1123 73.9782 0
    endloop
  endfacet
  facet normal 0 0 -1
    outer loop
      vertex 9.91411 74.0455 0
      vertex 9.91411 99.9545 0
      vertex 10.1123 100.022 0
    endloop
  endfacet
  facet normal 0 0 -1
    outer loop
      vertex 9.70884 74.0863 0
      vertex 9.91411 99.9545 0
      vertex 9.91411 74.0455 0
    endloop
  endfacet
  facet normal 0 0 -1
    outer loop
      vertex 9.70884 74.0863 0
      vertex 9.70884 99.9137 0
      vertex 9.91411 99.9545 0
    endloop
  endfacet
  facet normal 0 0 -1
    outer loop
      vertex 9.5 74.1 0
      vertex 9.70884 99.9137 0
      vertex 9.70884 74.0863 0
    endloop
  endfacet
  facet normal 0 0 -1
    outer loop
      vertex 9.5 74.1 0
      vertex 9.5 99.9 0
      vertex 9.70884 99.9137 0
    endloop
  endfacet
  facet normal 0 0 -1
    outer loop
      vertex 9.29116 74.0863 0
      vertex 9.5 99.9 0
      vertex 9.5 74.1 0
    endloop
  endfacet
  facet normal 0 0 -1
    outer loop
      vertex 9.29116 74.0863 0
      vertex 9.29116 99.9137 0
      vertex 9.5 99.9 0
    endloop
  endfacet
  facet normal 0 0 -1
    outer loop
      vertex 9.08589 74.0455 0
      vertex 9.29116 99.9137 0
      vertex 9.29116 74.0863 0
    endloop
  endfacet
  facet normal 0 0 -1
    outer loop
      vertex 9.08589 74.0455 0
      vertex 9.08589 99.9545 0
      vertex 9.29116 99.9137 0
    endloop
  endfacet
  facet normal 0 0 -1
    outer loop
      vertex 8.88771 73.9782 0
      vertex 9.08589 99.9545 0
      vertex 9.08589 74.0455 0
    endloop
  endfacet
  facet normal 0 0 -1
    outer loop
      vertex 8.88771 73.9782 0
      vertex 8.88771 100.022 0
      vertex 9.08589 99.9545 0
    endloop
  endfacet
  facet normal 0 0 -1
    outer loop
      vertex 8.7 73.8856 0
      vertex 8.88771 100.022 0
      vertex 8.88771 73.9782 0
    endloop
  endfacet
  facet normal 0 0 -1
    outer loop
      vertex 8.7 73.8856 0
      vertex 8.7 100.114 0
      vertex 8.88771 100.022 0
    endloop
  endfacet
  facet normal 0 0 -1
    outer loop
      vertex 8.52598 73.7694 0
      vertex 8.7 100.114 0
      vertex 8.7 73.8856 0
    endloop
  endfacet
  facet normal 0 0 -1
    outer loop
      vertex 8.52598 73.7694 0
      vertex 8.52598 100.231 0
      vertex 8.7 100.114 0
    endloop
  endfacet
  facet normal 0 0 -1
    outer loop
      vertex 8.36863 73.6314 0
      vertex 8.52598 100.231 0
      vertex 8.52598 73.7694 0
    endloop
  endfacet
  facet normal 0 0 -1
    outer loop
      vertex 8.36863 73.6314 0
      vertex 8.36863 100.369 0
      vertex 8.52598 100.231 0
    endloop
  endfacet
  facet normal 0 0 -1
    outer loop
      vertex 0 68 0
      vertex 8.36863 73.6314 0
      vertex 8.23063 73.474 0
    endloop
  endfacet
  facet normal -0 0 -1
    outer loop
      vertex 8.36863 73.6314 0
      vertex 0 68 0
      vertex 8.36863 100.369 0
    endloop
  endfacet
  facet normal 0 0 -1
    outer loop
      vertex 0 68 0
      vertex 8.23063 73.474 0
      vertex 8.11436 73.3 0
    endloop
  endfacet
  facet normal 0 0 -1
    outer loop
      vertex 0 106 0
      vertex 8.36863 100.369 0
      vertex 0 68 0
    endloop
  endfacet
  facet normal 0 0 -1
    outer loop
      vertex 0 68 0
      vertex 8.11436 73.3 0
      vertex 8.02179 73.1123 0
    endloop
  endfacet
  facet normal 0 0 -1
    outer loop
      vertex 8.36863 100.369 0
      vertex 0 106 0
      vertex 8.23063 100.526 0
    endloop
  endfacet
  facet normal 0 0 -1
    outer loop
      vertex 0 68 0
      vertex 8.02179 73.1123 0
      vertex 7.95452 72.9141 0
    endloop
  endfacet
  facet normal 0 0 -1
    outer loop
      vertex 8.23063 100.526 0
      vertex 0 106 0
      vertex 8.11436 100.7 0
    endloop
  endfacet
  facet normal 0 0 -1
    outer loop
      vertex 0 68 0
      vertex 7.95452 72.9141 0
      vertex 7.91369 72.7088 0
    endloop
  endfacet
  facet normal 0 0 -1
    outer loop
      vertex 8.11436 100.7 0
      vertex 0 106 0
      vertex 8.02179 100.888 0
    endloop
  endfacet
  facet normal 0 0 -1
    outer loop
      vertex 0 68 0
      vertex 7.91369 72.7088 0
      vertex 7.9 72.5 0
    endloop
  endfacet
  facet normal 0 0 -1
    outer loop
      vertex 8.02179 100.888 0
      vertex 0 106 0
      vertex 7.95452 101.086 0
    endloop
  endfacet
  facet normal 0 0 -1
    outer loop
      vertex 68.4782 73.1123 0
      vertex 76.5 68 0
      vertex 68.5455 72.9141 0
    endloop
  endfacet
  facet normal 0 0 -1
    outer loop
      vertex 76.5 106 0
      vertex 68.5863 101.291 0
      vertex 68.6 101.5 0
    endloop
  endfacet
  facet normal 0 0 -1
    outer loop
      vertex 68.3856 73.3 0
      vertex 76.5 68 0
      vertex 68.4782 73.1123 0
    endloop
  endfacet
  facet normal 0 0 -1
    outer loop
      vertex 76.5 106 0
      vertex 68.5455 101.086 0
      vertex 68.5863 101.291 0
    endloop
  endfacet
  facet normal 0 0 -1
    outer loop
      vertex 68.2694 73.474 0
      vertex 76.5 68 0
      vertex 68.3856 73.3 0
    endloop
  endfacet
  facet normal 0 0 -1
    outer loop
      vertex 76.5 106 0
      vertex 68.4782 100.888 0
      vertex 68.5455 101.086 0
    endloop
  endfacet
  facet normal 0 0 -1
    outer loop
      vertex 68.1314 73.6314 0
      vertex 76.5 68 0
      vertex 68.2694 73.474 0
    endloop
  endfacet
  facet normal 0 0 -1
    outer loop
      vertex 76.5 106 0
      vertex 68.3856 100.7 0
      vertex 68.4782 100.888 0
    endloop
  endfacet
  facet normal 0 0 -1
    outer loop
      vertex 76.5 68 0
      vertex 68.1314 73.6314 0
      vertex 76.5 106 0
    endloop
  endfacet
  facet normal 0 0 -1
    outer loop
      vertex 76.5 106 0
      vertex 68.2694 100.526 0
      vertex 68.3856 100.7 0
    endloop
  endfacet
  facet normal 0 0 -1
    outer loop
      vertex 68.1314 100.369 0
      vertex 76.5 106 0
      vertex 68.1314 73.6314 0
    endloop
  endfacet
  facet normal 0 0 -1
    outer loop
      vertex 76.5 106 0
      vertex 68.1314 100.369 0
      vertex 68.2694 100.526 0
    endloop
  endfacet
  facet normal 0 0 -1
    outer loop
      vertex 67.974 73.7694 0
      vertex 68.1314 100.369 0
      vertex 68.1314 73.6314 0
    endloop
  endfacet
  facet normal 0 0 -1
    outer loop
      vertex 67.974 73.7694 0
      vertex 67.974 100.231 0
      vertex 68.1314 100.369 0
    endloop
  endfacet
  facet normal 0 0 -1
    outer loop
      vertex 67.8 73.8856 0
      vertex 67.974 100.231 0
      vertex 67.974 73.7694 0
    endloop
  endfacet
  facet normal 0 0 -1
    outer loop
      vertex 67.8 73.8856 0
      vertex 67.8 100.114 0
      vertex 67.974 100.231 0
    endloop
  endfacet
  facet normal 0 0 -1
    outer loop
      vertex 67.6123 73.9782 0
      vertex 67.8 100.114 0
      vertex 67.8 73.8856 0
    endloop
  endfacet
  facet normal 0 0 -1
    outer loop
      vertex 67.6123 73.9782 0
      vertex 67.6123 100.022 0
      vertex 67.8 100.114 0
    endloop
  endfacet
  facet normal 0 0 -1
    outer loop
      vertex 67.4141 74.0455 0
      vertex 67.6123 100.022 0
      vertex 67.6123 73.9782 0
    endloop
  endfacet
  facet normal 0 0 -1
    outer loop
      vertex 67.4141 74.0455 0
      vertex 67.4141 99.9545 0
      vertex 67.6123 100.022 0
    endloop
  endfacet
  facet normal 0 0 -1
    outer loop
      vertex 67.2088 74.0863 0
      vertex 67.4141 99.9545 0
      vertex 67.4141 74.0455 0
    endloop
  endfacet
  facet normal 0 0 -1
    outer loop
      vertex 67.2088 74.0863 0
      vertex 67.2088 99.9137 0
      vertex 67.4141 99.9545 0
    endloop
  endfacet
  facet normal 0 0 -1
    outer loop
      vertex 67 74.1 0
      vertex 67.2088 99.9137 0
      vertex 67.2088 74.0863 0
    endloop
  endfacet
  facet normal 0 0 -1
    outer loop
      vertex 67 74.1 0
      vertex 67 99.9 0
      vertex 67.2088 99.9137 0
    endloop
  endfacet
  facet normal 0 0 -1
    outer loop
      vertex 66.7912 74.0863 0
      vertex 67 99.9 0
      vertex 67 74.1 0
    endloop
  endfacet
  facet normal 0 0 -1
    outer loop
      vertex 66.7912 74.0863 0
      vertex 66.7912 99.9137 0
      vertex 67 99.9 0
    endloop
  endfacet
  facet normal 0 0 -1
    outer loop
      vertex 66.5859 74.0455 0
      vertex 66.7912 99.9137 0
      vertex 66.7912 74.0863 0
    endloop
  endfacet
  facet normal 0 0 -1
    outer loop
      vertex 66.5859 74.0455 0
      vertex 66.5859 99.9545 0
      vertex 66.7912 99.9137 0
    endloop
  endfacet
  facet normal 0 0 -1
    outer loop
      vertex 66.3877 73.9782 0
      vertex 66.5859 99.9545 0
      vertex 66.5859 74.0455 0
    endloop
  endfacet
  facet normal 0 0 -1
    outer loop
      vertex 66.3877 73.9782 0
      vertex 66.3877 100.022 0
      vertex 66.5859 99.9545 0
    endloop
  endfacet
  facet normal 0 0 -1
    outer loop
      vertex 66.2 73.8856 0
      vertex 66.3877 100.022 0
      vertex 66.3877 73.9782 0
    endloop
  endfacet
  facet normal 0 0 -1
    outer loop
      vertex 66.2 73.8856 0
      vertex 66.2 100.114 0
      vertex 66.3877 100.022 0
    endloop
  endfacet
  facet normal 0 0 -1
    outer loop
      vertex 66.026 73.7694 0
      vertex 66.2 100.114 0
      vertex 66.2 73.8856 0
    endloop
  endfacet
  facet normal 0 0 -1
    outer loop
      vertex 66.026 73.7694 0
      vertex 66.026 100.231 0
      vertex 66.2 100.114 0
    endloop
  endfacet
  facet normal 0 0 -1
    outer loop
      vertex 65.8686 73.6314 0
      vertex 66.026 100.231 0
      vertex 66.026 73.7694 0
    endloop
  endfacet
  facet normal 0 0 -1
    outer loop
      vertex 65.8686 73.6314 0
      vertex 65.8686 100.369 0
      vertex 66.026 100.231 0
    endloop
  endfacet
  facet normal 0 0 -1
    outer loop
      vertex 65.7306 73.474 0
      vertex 65.8686 100.369 0
      vertex 65.8686 73.6314 0
    endloop
  endfacet
  facet normal 0 0 -1
    outer loop
      vertex 65.7306 73.474 0
      vertex 65.7306 100.526 0
      vertex 65.8686 100.369 0
    endloop
  endfacet
  facet normal 0 0 -1
    outer loop
      vertex 65.6144 73.3 0
      vertex 65.7306 100.526 0
      vertex 65.7306 73.474 0
    endloop
  endfacet
  facet normal 0 0 -1
    outer loop
      vertex 65.6144 73.3 0
      vertex 65.6144 100.7 0
      vertex 65.7306 100.526 0
    endloop
  endfacet
  facet normal 0 0 -1
    outer loop
      vertex 65.5218 73.1123 0
      vertex 65.6144 100.7 0
      vertex 65.6144 73.3 0
    endloop
  endfacet
  facet normal 0 0 -1
    outer loop
      vertex 65.5218 73.1123 0
      vertex 65.5218 100.888 0
      vertex 65.6144 100.7 0
    endloop
  endfacet
  facet normal 0 0 -1
    outer loop
      vertex 65.4137 72.7088 0
      vertex 11.0863 72.7088 0
      vertex 65.4545 72.9141 0
    endloop
  endfacet
  facet normal 0 0 -1
    outer loop
      vertex 11.0455 72.9141 0
      vertex 65.4545 72.9141 0
      vertex 11.0863 72.7088 0
    endloop
  endfacet
  facet normal 0 0 -1
    outer loop
      vertex 11.0863 72.7088 0
      vertex 65.4137 72.7088 0
      vertex 11.1 72.5 0
    endloop
  endfacet
  facet normal 0 0 -1
    outer loop
      vertex 65.4545 72.9141 0
      vertex 11.0455 72.9141 0
      vertex 65.5218 73.1123 0
    endloop
  endfacet
  facet normal 0 0 -1
    outer loop
      vertex 11.1 72.5 0
      vertex 65.4137 72.7088 0
      vertex 65.4 72.5 0
    endloop
  endfacet
  facet normal 0 0 -1
    outer loop
      vertex 65.5218 100.888 0
      vertex 11.1 101.5 0
      vertex 65.4545 101.086 0
    endloop
  endfacet
  facet normal 0 0 -1
    outer loop
      vertex 68.1314 71.3686 0
      vertex 76.5 68 0
      vertex 76.4572 67.3474 0
    endloop
  endfacet
  facet normal 0 0 -1
    outer loop
      vertex 68.5863 72.7088 0
      vertex 76.5 68 0
      vertex 68.6 72.5 0
    endloop
  endfacet
  facet normal 0 0 -1
    outer loop
      vertex 68.1314 71.3686 0
      vertex 76.4572 67.3474 0
      vertex 76.3296 66.7059 0
    endloop
  endfacet
  facet normal 0 0 -1
    outer loop
      vertex 68.5455 72.9141 0
      vertex 76.5 68 0
      vertex 68.5863 72.7088 0
    endloop
  endfacet
  facet normal 0 0 -1
    outer loop
      vertex 68.1314 71.3686 0
      vertex 76.3296 66.7059 0
      vertex 76.1194 66.0866 0
    endloop
  endfacet
  facet normal 0 0 -1
    outer loop
      vertex 68.5863 101.709 0
      vertex 76.5 106 0
      vertex 68.6 101.5 0
    endloop
  endfacet
  facet normal 0 0 -1
    outer loop
      vertex 68.1314 71.3686 0
      vertex 76.1194 66.0866 0
      vertex 75.8301 65.5 0
    endloop
  endfacet
  facet normal 0 0 -1
    outer loop
      vertex 68.5455 101.914 0
      vertex 76.5 106 0
      vertex 68.5863 101.709 0
    endloop
  endfacet
  facet normal 0 0 -1
    outer loop
      vertex 68.1314 71.3686 0
      vertex 75.8301 65.5 0
      vertex 75.4668 64.9562 0
    endloop
  endfacet
  facet normal 0 0 -1
    outer loop
      vertex 68.4782 102.112 0
      vertex 76.5 106 0
      vertex 68.5455 101.914 0
    endloop
  endfacet
  facet normal 0 0 -1
    outer loop
      vertex 68.1314 71.3686 0
      vertex 75.4668 64.9562 0
      vertex 75.0355 64.4645 0
    endloop
  endfacet
  facet normal 0 0 -1
    outer loop
      vertex 68.3856 102.3 0
      vertex 76.5 106 0
      vertex 68.4782 102.112 0
    endloop
  endfacet
  facet normal 0 0 -1
    outer loop
      vertex 68.1314 71.3686 0
      vertex 75.0355 64.4645 0
      vertex 74.5438 64.0332 0
    endloop
  endfacet
  facet normal 0 0 -1
    outer loop
      vertex 68.2694 102.474 0
      vertex 76.5 106 0
      vertex 68.3856 102.3 0
    endloop
  endfacet
  facet normal 0 0 -1
    outer loop
      vertex 68.1314 71.3686 0
      vertex 74.5438 64.0332 0
      vertex 74 63.6699 0
    endloop
  endfacet
  facet normal 0 0 -1
    outer loop
      vertex 68.1314 102.631 0
      vertex 76.5 106 0
      vertex 68.2694 102.474 0
    endloop
  endfacet
  facet normal 0 0 -1
    outer loop
      vertex 68.1314 71.3686 0
      vertex 74 63.6699 0
      vertex 73.4134 63.3806 0
    endloop
  endfacet
  facet normal -0 0 -1
    outer loop
      vertex 76.5 106 0
      vertex 68.1314 102.631 0
      vertex 76.4572 106.653 0
    endloop
  endfacet
  facet normal 0 0 -1
    outer loop
      vertex 68.1314 71.3686 0
      vertex 73.4134 63.3806 0
      vertex 72.7941 63.1704 0
    endloop
  endfacet
  facet normal -0 0 -1
    outer loop
      vertex 76.4572 106.653 0
      vertex 68.1314 102.631 0
      vertex 76.3296 107.294 0
    endloop
  endfacet
  facet normal 0 0 -1
    outer loop
      vertex 68.1314 71.3686 0
      vertex 72.7941 63.1704 0
      vertex 72.1526 63.0428 0
    endloop
  endfacet
  facet normal -0 0 -1
    outer loop
      vertex 76.3296 107.294 0
      vertex 68.1314 102.631 0
      vertex 76.1194 107.913 0
    endloop
  endfacet
  facet normal 0 0 -1
    outer loop
      vertex 68.1314 71.3686 0
      vertex 72.1526 63.0428 0
      vertex 71.5 63 0
    endloop
  endfacet
  facet normal -0 0 -1
    outer loop
      vertex 76.1194 107.913 0
      vertex 68.1314 102.631 0
      vertex 75.8301 108.5 0
    endloop
  endfacet
  facet normal -0 0 -1
    outer loop
      vertex 75.8301 108.5 0
      vertex 68.1314 102.631 0
      vertex 75.4668 109.044 0
    endloop
  endfacet
  facet normal 0 0 -1
    outer loop
      vertex 76.5 68 0
      vertex 68.5863 72.2912 0
      vertex 68.6 72.5 0
    endloop
  endfacet
  facet normal 0 0 -1
    outer loop
      vertex 76.5 68 0
      vertex 68.5455 72.0859 0
      vertex 68.5863 72.2912 0
    endloop
  endfacet
  facet normal 0 0 -1
    outer loop
      vertex 76.5 68 0
      vertex 68.4782 71.8877 0
      vertex 68.5455 72.0859 0
    endloop
  endfacet
  facet normal 0 0 -1
    outer loop
      vertex 76.5 68 0
      vertex 68.3856 71.7 0
      vertex 68.4782 71.8877 0
    endloop
  endfacet
  facet normal 0 0 -1
    outer loop
      vertex 76.5 68 0
      vertex 68.2694 71.526 0
      vertex 68.3856 71.7 0
    endloop
  endfacet
  facet normal 0 0 -1
    outer loop
      vertex 76.5 68 0
      vertex 68.1314 71.3686 0
      vertex 68.2694 71.526 0
    endloop
  endfacet
  facet normal 0 0 -1
    outer loop
      vertex 71.5 63 0
      vertex 67.974 71.2306 0
      vertex 68.1314 71.3686 0
    endloop
  endfacet
  facet normal 0 0 -1
    outer loop
      vertex 71.5 63 0
      vertex 67.8 71.1144 0
      vertex 67.974 71.2306 0
    endloop
  endfacet
  facet normal 0 0 -1
    outer loop
      vertex 71.5 63 0
      vertex 67.6123 71.0218 0
      vertex 67.8 71.1144 0
    endloop
  endfacet
  facet normal 0 0 -1
    outer loop
      vertex 71.5 63 0
      vertex 67.4141 70.9545 0
      vertex 67.6123 71.0218 0
    endloop
  endfacet
  facet normal 0 0 -1
    outer loop
      vertex 71.5 63 0
      vertex 67.2088 70.9137 0
      vertex 67.4141 70.9545 0
    endloop
  endfacet
  facet normal 0 0 -1
    outer loop
      vertex 71.5 63 0
      vertex 67 70.9 0
      vertex 67.2088 70.9137 0
    endloop
  endfacet
  facet normal 0 0 -1
    outer loop
      vertex 71.5 63 0
      vertex 66.7912 70.9137 0
      vertex 67 70.9 0
    endloop
  endfacet
  facet normal 0 0 -1
    outer loop
      vertex 71.5 63 0
      vertex 66.5859 70.9545 0
      vertex 66.7912 70.9137 0
    endloop
  endfacet
  facet normal 0 0 -1
    outer loop
      vertex 71.5 63 0
      vertex 66.3877 71.0218 0
      vertex 66.5859 70.9545 0
    endloop
  endfacet
  facet normal 0 0 -1
    outer loop
      vertex 71.5 63 0
      vertex 66.2 71.1144 0
      vertex 66.3877 71.0218 0
    endloop
  endfacet
  facet normal 0 0 -1
    outer loop
      vertex 71.5 63 0
      vertex 66.026 71.2306 0
      vertex 66.2 71.1144 0
    endloop
  endfacet
  facet normal 0 0 -1
    outer loop
      vertex 71.5 63 0
      vertex 65.8686 71.3686 0
      vertex 66.026 71.2306 0
    endloop
  endfacet
  facet normal 0 0 -1
    outer loop
      vertex 10.6314 71.3686 0
      vertex 65.8686 71.3686 0
      vertex 71.5 63 0
    endloop
  endfacet
  facet normal 0 0 -1
    outer loop
      vertex 65.4545 101.086 0
      vertex 11.1 101.5 0
      vertex 65.4137 101.291 0
    endloop
  endfacet
  facet normal 0 0 -1
    outer loop
      vertex 65.4137 72.2912 0
      vertex 11.1 72.5 0
      vertex 65.4 72.5 0
    endloop
  endfacet
  facet normal 0 0 -1
    outer loop
      vertex 11.0863 72.2912 0
      vertex 65.4137 72.2912 0
      vertex 65.4545 72.0859 0
    endloop
  endfacet
  facet normal 0 0 -1
    outer loop
      vertex 11.0455 72.0859 0
      vertex 65.4545 72.0859 0
      vertex 65.5218 71.8877 0
    endloop
  endfacet
  facet normal 0 0 -1
    outer loop
      vertex 10.9782 71.8877 0
      vertex 65.5218 71.8877 0
      vertex 65.6144 71.7 0
    endloop
  endfacet
  facet normal 0 0 -1
    outer loop
      vertex 10.8856 71.7 0
      vertex 65.6144 71.7 0
      vertex 65.7306 71.526 0
    endloop
  endfacet
  facet normal 0 0 -1
    outer loop
      vertex 65.8686 71.3686 0
      vertex 10.6314 71.3686 0
      vertex 65.7306 71.526 0
    endloop
  endfacet
  facet normal 0 0 -1
    outer loop
      vertex 65.4137 72.2912 0
      vertex 11.0863 72.2912 0
      vertex 11.1 72.5 0
    endloop
  endfacet
  facet normal 0 0 -1
    outer loop
      vertex 65.4545 72.0859 0
      vertex 11.0455 72.0859 0
      vertex 11.0863 72.2912 0
    endloop
  endfacet
  facet normal 0 0 -1
    outer loop
      vertex 65.5218 71.8877 0
      vertex 10.9782 71.8877 0
      vertex 11.0455 72.0859 0
    endloop
  endfacet
  facet normal 0 0 -1
    outer loop
      vertex 65.6144 71.7 0
      vertex 10.8856 71.7 0
      vertex 10.9782 71.8877 0
    endloop
  endfacet
  facet normal 0 0 -1
    outer loop
      vertex 65.7306 71.526 0
      vertex 10.7694 71.526 0
      vertex 10.8856 71.7 0
    endloop
  endfacet
  facet normal -0 0 -1
    outer loop
      vertex 65.7306 71.526 0
      vertex 10.6314 71.3686 0
      vertex 10.7694 71.526 0
    endloop
  endfacet
  facet normal 0 0 -1
    outer loop
      vertex 5 63 0
      vertex 10.6314 71.3686 0
      vertex 71.5 63 0
    endloop
  endfacet
  facet normal 0 0 -1
    outer loop
      vertex 10.6314 71.3686 0
      vertex 5 63 0
      vertex 10.474 71.2306 0
    endloop
  endfacet
  facet normal 0 0 -1
    outer loop
      vertex 10.474 71.2306 0
      vertex 5 63 0
      vertex 10.3 71.1144 0
    endloop
  endfacet
  facet normal 0 0 -1
    outer loop
      vertex 10.3 71.1144 0
      vertex 5 63 0
      vertex 10.1123 71.0218 0
    endloop
  endfacet
  facet normal 0 0 -1
    outer loop
      vertex 10.1123 71.0218 0
      vertex 5 63 0
      vertex 9.91411 70.9545 0
    endloop
  endfacet
  facet normal 0 0 -1
    outer loop
      vertex 9.91411 70.9545 0
      vertex 5 63 0
      vertex 9.70884 70.9137 0
    endloop
  endfacet
  facet normal 0 0 -1
    outer loop
      vertex 9.70884 70.9137 0
      vertex 5 63 0
      vertex 9.5 70.9 0
    endloop
  endfacet
  facet normal -0 0 -1
    outer loop
      vertex 7.91369 72.2912 0
      vertex 0 68 0
      vertex 7.9 72.5 0
    endloop
  endfacet
  facet normal -0 0 -1
    outer loop
      vertex 7.95452 72.0859 0
      vertex 0 68 0
      vertex 7.91369 72.2912 0
    endloop
  endfacet
  facet normal -0 0 -1
    outer loop
      vertex 8.02179 71.8877 0
      vertex 0 68 0
      vertex 7.95452 72.0859 0
    endloop
  endfacet
  facet normal -0 0 -1
    outer loop
      vertex 8.11436 71.7 0
      vertex 0 68 0
      vertex 8.02179 71.8877 0
    endloop
  endfacet
  facet normal -0 0 -1
    outer loop
      vertex 8.23063 71.526 0
      vertex 0 68 0
      vertex 8.11436 71.7 0
    endloop
  endfacet
  facet normal -0 0 -1
    outer loop
      vertex 8.36863 71.3686 0
      vertex 0 68 0
      vertex 8.23063 71.526 0
    endloop
  endfacet
  facet normal 0 0 -1
    outer loop
      vertex 0 68 0
      vertex 8.36863 71.3686 0
      vertex 5 63 0
    endloop
  endfacet
  facet normal -0 0 -1
    outer loop
      vertex 8.52598 71.2306 0
      vertex 5 63 0
      vertex 8.36863 71.3686 0
    endloop
  endfacet
  facet normal -0 0 -1
    outer loop
      vertex 8.7 71.1144 0
      vertex 5 63 0
      vertex 8.52598 71.2306 0
    endloop
  endfacet
  facet normal -0 0 -1
    outer loop
      vertex 8.88771 71.0218 0
      vertex 5 63 0
      vertex 8.7 71.1144 0
    endloop
  endfacet
  facet normal -0 0 -1
    outer loop
      vertex 9.08589 70.9545 0
      vertex 5 63 0
      vertex 8.88771 71.0218 0
    endloop
  endfacet
  facet normal -0 0 -1
    outer loop
      vertex 9.29116 70.9137 0
      vertex 5 63 0
      vertex 9.08589 70.9545 0
    endloop
  endfacet
  facet normal -0 0 -1
    outer loop
      vertex 9.5 70.9 0
      vertex 5 63 0
      vertex 9.29116 70.9137 0
    endloop
  endfacet
  facet normal -0 0 -1
    outer loop
      vertex 75.4668 109.044 0
      vertex 68.1314 102.631 0
      vertex 75.0355 109.536 0
    endloop
  endfacet
  facet normal -0 0 -1
    outer loop
      vertex 75.0355 109.536 0
      vertex 68.1314 102.631 0
      vertex 74.5438 109.967 0
    endloop
  endfacet
  facet normal -0 0 -1
    outer loop
      vertex 74.5438 109.967 0
      vertex 68.1314 102.631 0
      vertex 74 110.33 0
    endloop
  endfacet
  facet normal -0 0 -1
    outer loop
      vertex 74 110.33 0
      vertex 68.1314 102.631 0
      vertex 73.4134 110.619 0
    endloop
  endfacet
  facet normal -0 0 -1
    outer loop
      vertex 73.4134 110.619 0
      vertex 68.1314 102.631 0
      vertex 72.7941 110.83 0
    endloop
  endfacet
  facet normal -0 0 -1
    outer loop
      vertex 72.7941 110.83 0
      vertex 68.1314 102.631 0
      vertex 72.1526 110.957 0
    endloop
  endfacet
  facet normal -0 0 -1
    outer loop
      vertex 72.1526 110.957 0
      vertex 68.1314 102.631 0
      vertex 71.5 111 0
    endloop
  endfacet
  facet normal 0 0 -1
    outer loop
      vertex 67.974 102.769 0
      vertex 71.5 111 0
      vertex 68.1314 102.631 0
    endloop
  endfacet
  facet normal 0 0 -1
    outer loop
      vertex 67.8 102.886 0
      vertex 71.5 111 0
      vertex 67.974 102.769 0
    endloop
  endfacet
  facet normal 0 0 -1
    outer loop
      vertex 67.6123 102.978 0
      vertex 71.5 111 0
      vertex 67.8 102.886 0
    endloop
  endfacet
  facet normal 0 0 -1
    outer loop
      vertex 67.4141 103.045 0
      vertex 71.5 111 0
      vertex 67.6123 102.978 0
    endloop
  endfacet
  facet normal 0 0 -1
    outer loop
      vertex 67.2088 103.086 0
      vertex 71.5 111 0
      vertex 67.4141 103.045 0
    endloop
  endfacet
  facet normal 0 0 -1
    outer loop
      vertex 67 103.1 0
      vertex 71.5 111 0
      vertex 67.2088 103.086 0
    endloop
  endfacet
  facet normal 0 0 -1
    outer loop
      vertex 66.7912 103.086 0
      vertex 71.5 111 0
      vertex 67 103.1 0
    endloop
  endfacet
  facet normal 0 0 -1
    outer loop
      vertex 66.5859 103.045 0
      vertex 71.5 111 0
      vertex 66.7912 103.086 0
    endloop
  endfacet
  facet normal 0 0 -1
    outer loop
      vertex 66.3877 102.978 0
      vertex 71.5 111 0
      vertex 66.5859 103.045 0
    endloop
  endfacet
  facet normal 0 0 -1
    outer loop
      vertex 66.2 102.886 0
      vertex 71.5 111 0
      vertex 66.3877 102.978 0
    endloop
  endfacet
  facet normal 0 0 -1
    outer loop
      vertex 66.026 102.769 0
      vertex 71.5 111 0
      vertex 66.2 102.886 0
    endloop
  endfacet
  facet normal 0 0 -1
    outer loop
      vertex 65.8686 102.631 0
      vertex 71.5 111 0
      vertex 66.026 102.769 0
    endloop
  endfacet
  facet normal 0 0 -1
    outer loop
      vertex 10.6314 102.631 0
      vertex 65.8686 102.631 0
      vertex 65.7306 102.474 0
    endloop
  endfacet
  facet normal 0 0 -1
    outer loop
      vertex 65.4137 101.291 0
      vertex 11.1 101.5 0
      vertex 65.4 101.5 0
    endloop
  endfacet
  facet normal 0 0 -1
    outer loop
      vertex 65.4 101.5 0
      vertex 11.1 101.5 0
      vertex 65.4137 101.709 0
    endloop
  endfacet
  facet normal 0 0 -1
    outer loop
      vertex 11.0863 101.709 0
      vertex 65.4137 101.709 0
      vertex 11.1 101.5 0
    endloop
  endfacet
  facet normal 0 0 -1
    outer loop
      vertex 65.4137 101.709 0
      vertex 11.0863 101.709 0
      vertex 65.4545 101.914 0
    endloop
  endfacet
  facet normal 0 0 -1
    outer loop
      vertex 11.0455 101.914 0
      vertex 65.4545 101.914 0
      vertex 11.0863 101.709 0
    endloop
  endfacet
  facet normal 0 0 -1
    outer loop
      vertex 65.4545 101.914 0
      vertex 11.0455 101.914 0
      vertex 65.5218 102.112 0
    endloop
  endfacet
  facet normal 0 0 -1
    outer loop
      vertex 10.9782 102.112 0
      vertex 65.5218 102.112 0
      vertex 11.0455 101.914 0
    endloop
  endfacet
  facet normal 0 0 -1
    outer loop
      vertex 65.5218 102.112 0
      vertex 10.9782 102.112 0
      vertex 65.6144 102.3 0
    endloop
  endfacet
  facet normal 0 0 -1
    outer loop
      vertex 10.8856 102.3 0
      vertex 65.6144 102.3 0
      vertex 10.9782 102.112 0
    endloop
  endfacet
  facet normal 0 0 -1
    outer loop
      vertex 65.6144 102.3 0
      vertex 10.8856 102.3 0
      vertex 65.7306 102.474 0
    endloop
  endfacet
  facet normal 0 0 -1
    outer loop
      vertex 10.7694 102.474 0
      vertex 65.7306 102.474 0
      vertex 10.8856 102.3 0
    endloop
  endfacet
  facet normal 0 0 -1
    outer loop
      vertex 10.6314 102.631 0
      vertex 65.7306 102.474 0
      vertex 10.7694 102.474 0
    endloop
  endfacet
  facet normal 0 0 -1
    outer loop
      vertex 65.8686 102.631 0
      vertex 10.6314 102.631 0
      vertex 71.5 111 0
    endloop
  endfacet
  facet normal 0 0 -1
    outer loop
      vertex 5 111 0
      vertex 10.6314 102.631 0
      vertex 10.474 102.769 0
    endloop
  endfacet
  facet normal 0 0 -1
    outer loop
      vertex 5 111 0
      vertex 10.474 102.769 0
      vertex 10.3 102.886 0
    endloop
  endfacet
  facet normal 0 0 -1
    outer loop
      vertex 5 111 0
      vertex 10.3 102.886 0
      vertex 10.1123 102.978 0
    endloop
  endfacet
  facet normal 0 0 -1
    outer loop
      vertex 5 111 0
      vertex 10.1123 102.978 0
      vertex 9.91411 103.045 0
    endloop
  endfacet
  facet normal 0 0 -1
    outer loop
      vertex 5 111 0
      vertex 9.91411 103.045 0
      vertex 9.70884 103.086 0
    endloop
  endfacet
  facet normal 0 0 -1
    outer loop
      vertex 5 111 0
      vertex 9.70884 103.086 0
      vertex 9.5 103.1 0
    endloop
  endfacet
  facet normal 0 0 -1
    outer loop
      vertex 5 111 0
      vertex 9.5 103.1 0
      vertex 9.29116 103.086 0
    endloop
  endfacet
  facet normal 0 0 -1
    outer loop
      vertex 7.95452 101.086 0
      vertex 0 106 0
      vertex 7.91369 101.291 0
    endloop
  endfacet
  facet normal 0 0 -1
    outer loop
      vertex 10.6314 102.631 0
      vertex 5 111 0
      vertex 71.5 111 0
    endloop
  endfacet
  facet normal 0 0 -1
    outer loop
      vertex 9.08589 103.045 0
      vertex 5 111 0
      vertex 9.29116 103.086 0
    endloop
  endfacet
  facet normal 0 0 -1
    outer loop
      vertex 8.88771 102.978 0
      vertex 5 111 0
      vertex 9.08589 103.045 0
    endloop
  endfacet
  facet normal 0 0 -1
    outer loop
      vertex 8.7 102.886 0
      vertex 5 111 0
      vertex 8.88771 102.978 0
    endloop
  endfacet
  facet normal 0 0 -1
    outer loop
      vertex 8.52598 102.769 0
      vertex 5 111 0
      vertex 8.7 102.886 0
    endloop
  endfacet
  facet normal 0 0 -1
    outer loop
      vertex 8.36863 102.631 0
      vertex 5 111 0
      vertex 8.52598 102.769 0
    endloop
  endfacet
  facet normal 0 0 -1
    outer loop
      vertex 0 106 0
      vertex 8.36863 102.631 0
      vertex 8.23063 102.474 0
    endloop
  endfacet
  facet normal 0 0 -1
    outer loop
      vertex 0 106 0
      vertex 8.23063 102.474 0
      vertex 8.11436 102.3 0
    endloop
  endfacet
  facet normal 0 0 -1
    outer loop
      vertex 0 106 0
      vertex 8.11436 102.3 0
      vertex 8.02179 102.112 0
    endloop
  endfacet
  facet normal 0 0 -1
    outer loop
      vertex 0 106 0
      vertex 8.02179 102.112 0
      vertex 7.95452 101.914 0
    endloop
  endfacet
  facet normal 0 0 -1
    outer loop
      vertex 0 106 0
      vertex 7.95452 101.914 0
      vertex 7.91369 101.709 0
    endloop
  endfacet
  facet normal 0 0 -1
    outer loop
      vertex 7.91369 101.291 0
      vertex 0 106 0
      vertex 7.9 101.5 0
    endloop
  endfacet
  facet normal 0 0 -1
    outer loop
      vertex 0 68 0
      vertex 5 63 0
      vertex 4.34737 63.0428 0
    endloop
  endfacet
  facet normal 0 0 -1
    outer loop
      vertex 7.9 101.5 0
      vertex 0 106 0
      vertex 7.91369 101.709 0
    endloop
  endfacet
  facet normal 0 0 -1
    outer loop
      vertex 0 68 0
      vertex 4.34737 63.0428 0
      vertex 3.7059 63.1704 0
    endloop
  endfacet
  facet normal 0 -0 -1
    outer loop
      vertex 1.03323 109.044 0
      vertex 8.36863 102.631 0
      vertex 0 106 0
    endloop
  endfacet
  facet normal 0 0 -1
    outer loop
      vertex 0 68 0
      vertex 3.7059 63.1704 0
      vertex 3.08658 63.3806 0
    endloop
  endfacet
  facet normal 0 0 -1
    outer loop
      vertex 8.36863 102.631 0
      vertex 4.34737 110.957 0
      vertex 5 111 0
    endloop
  endfacet
  facet normal 0 0 -1
    outer loop
      vertex 0 68 0
      vertex 3.08658 63.3806 0
      vertex 2.5 63.6699 0
    endloop
  endfacet
  facet normal 0 0 -1
    outer loop
      vertex 8.36863 102.631 0
      vertex 3.7059 110.83 0
      vertex 4.34737 110.957 0
    endloop
  endfacet
  facet normal 0 0 -1
    outer loop
      vertex 0 68 0
      vertex 2.5 63.6699 0
      vertex 1.95619 64.0332 0
    endloop
  endfacet
  facet normal 0 0 -1
    outer loop
      vertex 8.36863 102.631 0
      vertex 3.08658 110.619 0
      vertex 3.7059 110.83 0
    endloop
  endfacet
  facet normal 0 0 -1
    outer loop
      vertex 0 68 0
      vertex 1.95619 64.0332 0
      vertex 1.46447 64.4645 0
    endloop
  endfacet
  facet normal 0 0 -1
    outer loop
      vertex 8.36863 102.631 0
      vertex 2.5 110.33 0
      vertex 3.08658 110.619 0
    endloop
  endfacet
  facet normal 0 0 -1
    outer loop
      vertex 0 68 0
      vertex 1.46447 64.4645 0
      vertex 1.03323 64.9562 0
    endloop
  endfacet
  facet normal 0 0 -1
    outer loop
      vertex 8.36863 102.631 0
      vertex 1.95619 109.967 0
      vertex 2.5 110.33 0
    endloop
  endfacet
  facet normal 0 0 -1
    outer loop
      vertex 0 68 0
      vertex 1.03323 64.9562 0
      vertex 0.669872 65.5 0
    endloop
  endfacet
  facet normal 0 0 -1
    outer loop
      vertex 8.36863 102.631 0
      vertex 1.46447 109.536 0
      vertex 1.95619 109.967 0
    endloop
  endfacet
  facet normal 0 0 -1
    outer loop
      vertex 0 68 0
      vertex 0.669872 65.5 0
      vertex 0.380602 66.0866 0
    endloop
  endfacet
  facet normal 0 0 -1
    outer loop
      vertex 8.36863 102.631 0
      vertex 1.03323 109.044 0
      vertex 1.46447 109.536 0
    endloop
  endfacet
  facet normal 0 0 -1
    outer loop
      vertex 0 68 0
      vertex 0.380602 66.0866 0
      vertex 0.17037 66.7059 0
    endloop
  endfacet
  facet normal 0 0 -1
    outer loop
      vertex 1.03323 109.044 0
      vertex 0 106 0
      vertex 0.669872 108.5 0
    endloop
  endfacet
  facet normal 0 0 -1
    outer loop
      vertex 0 68 0
      vertex 0.17037 66.7059 0
      vertex 0.0427752 67.3474 0
    endloop
  endfacet
  facet normal 0 0 -1
    outer loop
      vertex 0.669872 108.5 0
      vertex 0 106 0
      vertex 0.380602 107.913 0
    endloop
  endfacet
  facet normal 0 0 -1
    outer loop
      vertex 0.380602 107.913 0
      vertex 0 106 0
      vertex 0.17037 107.294 0
    endloop
  endfacet
  facet normal 0 0 -1
    outer loop
      vertex 0.17037 107.294 0
      vertex 0 106 0
      vertex 0.0427752 106.653 0
    endloop
  endfacet
  facet normal 0.980757 0.195233 0
    outer loop
      vertex 76.4572 106.653 3
      vertex 76.3296 107.294 0
      vertex 76.3296 107.294 3
    endloop
  endfacet
  facet normal 0.980757 0.195233 0
    outer loop
      vertex 76.3296 107.294 0
      vertex 76.4572 106.653 3
      vertex 76.4572 106.653 0
    endloop
  endfacet
  facet normal 0.946894 0.321546 0
    outer loop
      vertex 76.3296 107.294 3
      vertex 76.1194 107.913 0
      vertex 76.1194 107.913 3
    endloop
  endfacet
  facet normal 0.946894 0.321546 0
    outer loop
      vertex 76.1194 107.913 0
      vertex 76.3296 107.294 3
      vertex 76.3296 107.294 0
    endloop
  endfacet
  facet normal -0.980758 0.195226 0
    outer loop
      vertex 0.0427752 106.653 0
      vertex 0.17037 107.294 3
      vertex 0.17037 107.294 0
    endloop
  endfacet
  facet normal -0.980758 0.195226 0
    outer loop
      vertex 0.17037 107.294 3
      vertex 0.0427752 106.653 0
      vertex 0.0427752 106.653 3
    endloop
  endfacet
  facet normal -0.831562 0.555432 0
    outer loop
      vertex 0.669872 108.5 0
      vertex 1.03323 109.044 3
      vertex 1.03323 109.044 0
    endloop
  endfacet
  facet normal -0.831562 0.555432 0
    outer loop
      vertex 1.03323 109.044 3
      vertex 0.669872 108.5 0
      vertex 0.669872 108.5 3
    endloop
  endfacet
  facet normal 0.659424 -0.751771 0
    outer loop
      vertex 74.5438 64.0332 0
      vertex 75.0355 64.4645 3
      vertex 74.5438 64.0332 3
    endloop
  endfacet
  facet normal 0.659424 -0.751771 0
    outer loop
      vertex 75.0355 64.4645 3
      vertex 74.5438 64.0332 0
      vertex 75.0355 64.4645 0
    endloop
  endfacet
  facet normal -0.194213 0.980959 0
    outer loop
      vertex 4.34737 110.957 0
      vertex 3.7059 110.83 3
      vertex 4.34737 110.957 3
    endloop
  endfacet
  facet normal -0.194213 0.980959 0
    outer loop
      vertex 3.7059 110.83 3
      vertex 4.34737 110.957 0
      vertex 3.7059 110.83 0
    endloop
  endfacet
  facet normal 0.194204 0.980961 -0
    outer loop
      vertex 72.7941 110.83 0
      vertex 72.1526 110.957 3
      vertex 72.7941 110.83 3
    endloop
  endfacet
  facet normal 0.194204 0.980961 0
    outer loop
      vertex 72.1526 110.957 3
      vertex 72.7941 110.83 0
      vertex 72.1526 110.957 0
    endloop
  endfacet
  facet normal -0.441957 0.897036 0
    outer loop
      vertex 3.08658 110.619 0
      vertex 2.5 110.33 3
      vertex 3.08658 110.619 3
    endloop
  endfacet
  facet normal -0.441957 0.897036 0
    outer loop
      vertex 2.5 110.33 3
      vertex 3.08658 110.619 0
      vertex 2.5 110.33 0
    endloop
  endfacet
  facet normal -0.555504 -0.831514 0
    outer loop
      vertex 1.95619 64.0332 0
      vertex 2.5 63.6699 3
      vertex 1.95619 64.0332 3
    endloop
  endfacet
  facet normal -0.555504 -0.831514 -0
    outer loop
      vertex 2.5 63.6699 3
      vertex 1.95619 64.0332 0
      vertex 2.5 63.6699 0
    endloop
  endfacet
  facet normal 0.831509 -0.555512 0
    outer loop
      vertex 75.4668 64.9562 3
      vertex 75.8301 65.5 0
      vertex 75.8301 65.5 3
    endloop
  endfacet
  facet normal 0.831509 -0.555512 0
    outer loop
      vertex 75.8301 65.5 0
      vertex 75.4668 64.9562 3
      vertex 75.4668 64.9562 0
    endloop
  endfacet
  facet normal 0.555512 -0.831509 0
    outer loop
      vertex 74 63.6699 0
      vertex 74.5438 64.0332 3
      vertex 74 63.6699 3
    endloop
  endfacet
  facet normal 0.555512 -0.831509 0
    outer loop
      vertex 74.5438 64.0332 3
      vertex 74 63.6699 0
      vertex 74.5438 64.0332 0
    endloop
  endfacet
  facet normal -0.0657447 0.997836 0
    outer loop
      vertex 5 111 0
      vertex 4.34737 110.957 3
      vertex 5 111 3
    endloop
  endfacet
  facet normal -0.0657447 0.997836 0
    outer loop
      vertex 4.34737 110.957 3
      vertex 5 111 0
      vertex 4.34737 110.957 0
    endloop
  endfacet
  facet normal -0.321397 -0.946944 0
    outer loop
      vertex 3.08658 63.3806 0
      vertex 3.7059 63.1704 3
      vertex 3.08658 63.3806 3
    endloop
  endfacet
  facet normal -0.321397 -0.946944 -0
    outer loop
      vertex 3.7059 63.1704 3
      vertex 3.08658 63.3806 0
      vertex 3.7059 63.1704 0
    endloop
  endfacet
  facet normal -0.659409 -0.751784 0
    outer loop
      vertex 1.46447 64.4645 0
      vertex 1.95619 64.0332 3
      vertex 1.46447 64.4645 3
    endloop
  endfacet
  facet normal -0.659409 -0.751784 -0
    outer loop
      vertex 1.95619 64.0332 3
      vertex 1.46447 64.4645 0
      vertex 1.95619 64.0332 0
    endloop
  endfacet
  facet normal -0.751817 -0.659372 0
    outer loop
      vertex 1.46447 64.4645 0
      vertex 1.03323 64.9562 3
      vertex 1.03323 64.9562 0
    endloop
  endfacet
  facet normal -0.751817 -0.659372 0
    outer loop
      vertex 1.03323 64.9562 3
      vertex 1.46447 64.4645 0
      vertex 1.46447 64.4645 3
    endloop
  endfacet
  facet normal 0 0 1
    outer loop
      vertex 73 106 3
      vertex 76.5 106 3
      vertex 76.4572 106.653 3
    endloop
  endfacet
  facet normal 0 0 1
    outer loop
      vertex 76.5 106 3
      vertex 73 106 3
      vertex 76.5 68 3
    endloop
  endfacet
  facet normal 0 0 1
    outer loop
      vertex 72.9872 106.196 3
      vertex 76.4572 106.653 3
      vertex 76.3296 107.294 3
    endloop
  endfacet
  facet normal 0 0 1
    outer loop
      vertex 73 68 3
      vertex 76.5 68 3
      vertex 73 106 3
    endloop
  endfacet
  facet normal 0 0 1
    outer loop
      vertex 72.9489 106.388 3
      vertex 76.3296 107.294 3
      vertex 76.1194 107.913 3
    endloop
  endfacet
  facet normal 0 0 1
    outer loop
      vertex 76.5 68 3
      vertex 73 68 3
      vertex 76.4572 67.3474 3
    endloop
  endfacet
  facet normal 0 0 1
    outer loop
      vertex 72.8858 106.574 3
      vertex 76.1194 107.913 3
      vertex 75.8301 108.5 3
    endloop
  endfacet
  facet normal -0 0 1
    outer loop
      vertex 72.9872 67.8042 3
      vertex 76.4572 67.3474 3
      vertex 73 68 3
    endloop
  endfacet
  facet normal 0 0 1
    outer loop
      vertex 72.799 106.75 3
      vertex 75.8301 108.5 3
      vertex 75.4668 109.044 3
    endloop
  endfacet
  facet normal 0 0 1
    outer loop
      vertex 76.4572 67.3474 3
      vertex 72.9872 67.8042 3
      vertex 76.3296 66.7059 3
    endloop
  endfacet
  facet normal 0 0 1
    outer loop
      vertex 72.69 106.913 3
      vertex 75.4668 109.044 3
      vertex 75.0355 109.536 3
    endloop
  endfacet
  facet normal -0 0 1
    outer loop
      vertex 72.9489 67.6118 3
      vertex 76.3296 66.7059 3
      vertex 72.9872 67.8042 3
    endloop
  endfacet
  facet normal 0 0 1
    outer loop
      vertex 72.5607 107.061 3
      vertex 75.0355 109.536 3
      vertex 74.5438 109.967 3
    endloop
  endfacet
  facet normal 0 0 1
    outer loop
      vertex 76.3296 66.7059 3
      vertex 72.9489 67.6118 3
      vertex 76.1194 66.0866 3
    endloop
  endfacet
  facet normal 0 0 1
    outer loop
      vertex 72.4131 107.19 3
      vertex 74.5438 109.967 3
      vertex 74 110.33 3
    endloop
  endfacet
  facet normal -0 0 1
    outer loop
      vertex 72.8858 67.426 3
      vertex 76.1194 66.0866 3
      vertex 72.9489 67.6118 3
    endloop
  endfacet
  facet normal 0 0 1
    outer loop
      vertex 72.25 107.299 3
      vertex 74 110.33 3
      vertex 73.4134 110.619 3
    endloop
  endfacet
  facet normal 0 0 1
    outer loop
      vertex 76.1194 66.0866 3
      vertex 72.8858 67.426 3
      vertex 75.8301 65.5 3
    endloop
  endfacet
  facet normal -0 0 1
    outer loop
      vertex 72.799 67.25 3
      vertex 75.8301 65.5 3
      vertex 72.8858 67.426 3
    endloop
  endfacet
  facet normal 0 0 1
    outer loop
      vertex 76.4572 106.653 3
      vertex 72.9872 106.196 3
      vertex 73 106 3
    endloop
  endfacet
  facet normal 0 0 1
    outer loop
      vertex 76.3296 107.294 3
      vertex 72.9489 106.388 3
      vertex 72.9872 106.196 3
    endloop
  endfacet
  facet normal 0 0 1
    outer loop
      vertex 76.1194 107.913 3
      vertex 72.8858 106.574 3
      vertex 72.9489 106.388 3
    endloop
  endfacet
  facet normal 0 0 1
    outer loop
      vertex 75.8301 108.5 3
      vertex 72.799 106.75 3
      vertex 72.8858 106.574 3
    endloop
  endfacet
  facet normal 0 0 1
    outer loop
      vertex 72.074 107.386 3
      vertex 73.4134 110.619 3
      vertex 72.7941 110.83 3
    endloop
  endfacet
  facet normal 0 0 1
    outer loop
      vertex 75.4668 109.044 3
      vertex 72.69 106.913 3
      vertex 72.799 106.75 3
    endloop
  endfacet
  facet normal 0 0 1
    outer loop
      vertex 75.0355 109.536 3
      vertex 72.5607 107.061 3
      vertex 72.69 106.913 3
    endloop
  endfacet
  facet normal 0 0 1
    outer loop
      vertex 74.5438 109.967 3
      vertex 72.4131 107.19 3
      vertex 72.5607 107.061 3
    endloop
  endfacet
  facet normal 0 0 1
    outer loop
      vertex 74 110.33 3
      vertex 72.25 107.299 3
      vertex 72.4131 107.19 3
    endloop
  endfacet
  facet normal 0 0 1
    outer loop
      vertex 71.8882 107.449 3
      vertex 72.7941 110.83 3
      vertex 72.1526 110.957 3
    endloop
  endfacet
  facet normal 0 0 1
    outer loop
      vertex 73.4134 110.619 3
      vertex 72.074 107.386 3
      vertex 72.25 107.299 3
    endloop
  endfacet
  facet normal 0 0 1
    outer loop
      vertex 72.7941 110.83 3
      vertex 71.8882 107.449 3
      vertex 72.074 107.386 3
    endloop
  endfacet
  facet normal 0 0 1
    outer loop
      vertex 72.1526 110.957 3
      vertex 71.6958 107.487 3
      vertex 71.8882 107.449 3
    endloop
  endfacet
  facet normal 0 0 1
    outer loop
      vertex 71.5 111 3
      vertex 71.6958 107.487 3
      vertex 72.1526 110.957 3
    endloop
  endfacet
  facet normal 0 0 1
    outer loop
      vertex 71.5 111 3
      vertex 71.5 107.5 3
      vertex 71.6958 107.487 3
    endloop
  endfacet
  facet normal -0 0 1
    outer loop
      vertex 5 111 3
      vertex 71.5 107.5 3
      vertex 71.5 111 3
    endloop
  endfacet
  facet normal 0 0 1
    outer loop
      vertex 5 111 3
      vertex 5 107.5 3
      vertex 71.5 107.5 3
    endloop
  endfacet
  facet normal 0 0 1
    outer loop
      vertex 5 111 3
      vertex 4.80421 107.487 3
      vertex 5 107.5 3
    endloop
  endfacet
  facet normal -0 0 1
    outer loop
      vertex 4.34737 110.957 3
      vertex 4.80421 107.487 3
      vertex 5 111 3
    endloop
  endfacet
  facet normal 0 0 1
    outer loop
      vertex 4.80421 107.487 3
      vertex 4.34737 110.957 3
      vertex 4.61177 107.449 3
    endloop
  endfacet
  facet normal -0 0 1
    outer loop
      vertex 3.7059 110.83 3
      vertex 4.61177 107.449 3
      vertex 4.34737 110.957 3
    endloop
  endfacet
  facet normal 0 0 1
    outer loop
      vertex 4.61177 107.449 3
      vertex 3.7059 110.83 3
      vertex 4.42597 107.386 3
    endloop
  endfacet
  facet normal -0 0 1
    outer loop
      vertex 3.08658 110.619 3
      vertex 4.42597 107.386 3
      vertex 3.7059 110.83 3
    endloop
  endfacet
  facet normal 0 0 1
    outer loop
      vertex 4.42597 107.386 3
      vertex 3.08658 110.619 3
      vertex 4.25 107.299 3
    endloop
  endfacet
  facet normal -0 0 1
    outer loop
      vertex 2.5 110.33 3
      vertex 4.25 107.299 3
      vertex 3.08658 110.619 3
    endloop
  endfacet
  facet normal 0 0 1
    outer loop
      vertex 4.25 107.299 3
      vertex 2.5 110.33 3
      vertex 4.08686 107.19 3
    endloop
  endfacet
  facet normal -0 0 1
    outer loop
      vertex 1.95619 109.967 3
      vertex 4.08686 107.19 3
      vertex 2.5 110.33 3
    endloop
  endfacet
  facet normal 0 0 1
    outer loop
      vertex 4.08686 107.19 3
      vertex 1.95619 109.967 3
      vertex 3.93934 107.061 3
    endloop
  endfacet
  facet normal -0 0 1
    outer loop
      vertex 1.46447 109.536 3
      vertex 3.93934 107.061 3
      vertex 1.95619 109.967 3
    endloop
  endfacet
  facet normal 0 0 1
    outer loop
      vertex 3.93934 107.061 3
      vertex 1.46447 109.536 3
      vertex 3.80997 106.913 3
    endloop
  endfacet
  facet normal -0 0 1
    outer loop
      vertex 1.03323 109.044 3
      vertex 3.80997 106.913 3
      vertex 1.46447 109.536 3
    endloop
  endfacet
  facet normal -0 0 1
    outer loop
      vertex 0.669872 108.5 3
      vertex 3.70096 106.75 3
      vertex 1.03323 109.044 3
    endloop
  endfacet
  facet normal 0 0 1
    outer loop
      vertex 3.80997 106.913 3
      vertex 1.03323 109.044 3
      vertex 3.70096 106.75 3
    endloop
  endfacet
  facet normal 0 0 1
    outer loop
      vertex 75.8301 65.5 3
      vertex 72.799 67.25 3
      vertex 75.4668 64.9562 3
    endloop
  endfacet
  facet normal -0 0 1
    outer loop
      vertex 72.69 67.0869 3
      vertex 75.4668 64.9562 3
      vertex 72.799 67.25 3
    endloop
  endfacet
  facet normal 0 0 1
    outer loop
      vertex 75.4668 64.9562 3
      vertex 72.69 67.0869 3
      vertex 75.0355 64.4645 3
    endloop
  endfacet
  facet normal -0 0 1
    outer loop
      vertex 72.5607 66.9393 3
      vertex 75.0355 64.4645 3
      vertex 72.69 67.0869 3
    endloop
  endfacet
  facet normal 0 0 1
    outer loop
      vertex 75.0355 64.4645 3
      vertex 72.5607 66.9393 3
      vertex 74.5438 64.0332 3
    endloop
  endfacet
  facet normal -0 0 1
    outer loop
      vertex 72.4131 66.81 3
      vertex 74.5438 64.0332 3
      vertex 72.5607 66.9393 3
    endloop
  endfacet
  facet normal 0 0 1
    outer loop
      vertex 74.5438 64.0332 3
      vertex 72.4131 66.81 3
      vertex 74 63.6699 3
    endloop
  endfacet
  facet normal -0 0 1
    outer loop
      vertex 72.25 66.701 3
      vertex 74 63.6699 3
      vertex 72.4131 66.81 3
    endloop
  endfacet
  facet normal 0 0 1
    outer loop
      vertex 74 63.6699 3
      vertex 72.25 66.701 3
      vertex 73.4134 63.3806 3
    endloop
  endfacet
  facet normal -0 0 1
    outer loop
      vertex 72.074 66.6142 3
      vertex 73.4134 63.3806 3
      vertex 72.25 66.701 3
    endloop
  endfacet
  facet normal 0 0 1
    outer loop
      vertex 73.4134 63.3806 3
      vertex 72.074 66.6142 3
      vertex 72.7941 63.1704 3
    endloop
  endfacet
  facet normal -0 0 1
    outer loop
      vertex 71.8882 66.5511 3
      vertex 72.7941 63.1704 3
      vertex 72.074 66.6142 3
    endloop
  endfacet
  facet normal 0 0 1
    outer loop
      vertex 72.7941 63.1704 3
      vertex 71.8882 66.5511 3
      vertex 72.1526 63.0428 3
    endloop
  endfacet
  facet normal -0 0 1
    outer loop
      vertex 71.6958 66.5128 3
      vertex 72.1526 63.0428 3
      vertex 71.8882 66.5511 3
    endloop
  endfacet
  facet normal -0 0 1
    outer loop
      vertex 71.5 66.5 3
      vertex 72.1526 63.0428 3
      vertex 71.6958 66.5128 3
    endloop
  endfacet
  facet normal 0 0 1
    outer loop
      vertex 71.5 66.5 3
      vertex 71.5 63 3
      vertex 72.1526 63.0428 3
    endloop
  endfacet
  facet normal -0 0 1
    outer loop
      vertex 5 66.5 3
      vertex 71.5 63 3
      vertex 71.5 66.5 3
    endloop
  endfacet
  facet normal 0 0 1
    outer loop
      vertex 5 66.5 3
      vertex 5 63 3
      vertex 71.5 63 3
    endloop
  endfacet
  facet normal 0 0 1
    outer loop
      vertex 4.80421 66.5128 3
      vertex 5 63 3
      vertex 5 66.5 3
    endloop
  endfacet
  facet normal 0 0 1
    outer loop
      vertex 4.34737 63.0428 3
      vertex 4.80421 66.5128 3
      vertex 4.61177 66.5511 3
    endloop
  endfacet
  facet normal 0 0 1
    outer loop
      vertex 3.7059 63.1704 3
      vertex 4.61177 66.5511 3
      vertex 4.42597 66.6142 3
    endloop
  endfacet
  facet normal 0 0 1
    outer loop
      vertex 4.80421 66.5128 3
      vertex 4.34737 63.0428 3
      vertex 5 63 3
    endloop
  endfacet
  facet normal 0 0 1
    outer loop
      vertex 3.08658 63.3806 3
      vertex 4.42597 66.6142 3
      vertex 4.25 66.701 3
    endloop
  endfacet
  facet normal 0 0 1
    outer loop
      vertex 2.5 63.6699 3
      vertex 4.25 66.701 3
      vertex 4.08686 66.81 3
    endloop
  endfacet
  facet normal 0 0 1
    outer loop
      vertex 1.95619 64.0332 3
      vertex 4.08686 66.81 3
      vertex 3.93934 66.9393 3
    endloop
  endfacet
  facet normal 0 0 1
    outer loop
      vertex 1.46447 64.4645 3
      vertex 3.93934 66.9393 3
      vertex 3.80997 67.0869 3
    endloop
  endfacet
  facet normal 0 0 1
    outer loop
      vertex 4.61177 66.5511 3
      vertex 3.7059 63.1704 3
      vertex 4.34737 63.0428 3
    endloop
  endfacet
  facet normal 0 0 1
    outer loop
      vertex 1.03323 64.9562 3
      vertex 3.80997 67.0869 3
      vertex 3.70096 67.25 3
    endloop
  endfacet
  facet normal 0 0 1
    outer loop
      vertex 0.669872 65.5 3
      vertex 3.70096 67.25 3
      vertex 3.61418 67.426 3
    endloop
  endfacet
  facet normal 0 0 1
    outer loop
      vertex 0.380602 66.0866 3
      vertex 3.61418 67.426 3
      vertex 3.55111 67.6118 3
    endloop
  endfacet
  facet normal 0 0 1
    outer loop
      vertex 0.17037 66.7059 3
      vertex 3.55111 67.6118 3
      vertex 3.51283 67.8042 3
    endloop
  endfacet
  facet normal 0 0 1
    outer loop
      vertex 0.0427752 67.3474 3
      vertex 3.51283 67.8042 3
      vertex 3.5 68 3
    endloop
  endfacet
  facet normal 0 0 1
    outer loop
      vertex 4.42597 66.6142 3
      vertex 3.08658 63.3806 3
      vertex 3.7059 63.1704 3
    endloop
  endfacet
  facet normal 0 0 1
    outer loop
      vertex 3.5 106 3
      vertex 0 106 3
      vertex 3.5 68 3
    endloop
  endfacet
  facet normal 0 0 1
    outer loop
      vertex 3.70096 106.75 3
      vertex 0.669872 108.5 3
      vertex 3.61418 106.574 3
    endloop
  endfacet
  facet normal 0 0 1
    outer loop
      vertex 0 68 3
      vertex 3.5 68 3
      vertex 0 106 3
    endloop
  endfacet
  facet normal -0 0 1
    outer loop
      vertex 0.380602 107.913 3
      vertex 3.61418 106.574 3
      vertex 0.669872 108.5 3
    endloop
  endfacet
  facet normal 0 -0 1
    outer loop
      vertex 0.0427752 67.3474 3
      vertex 3.5 68 3
      vertex 0 68 3
    endloop
  endfacet
  facet normal 0 0 1
    outer loop
      vertex 3.61418 106.574 3
      vertex 0.380602 107.913 3
      vertex 3.55111 106.388 3
    endloop
  endfacet
  facet normal 0 0 1
    outer loop
      vertex 4.25 66.701 3
      vertex 2.5 63.6699 3
      vertex 3.08658 63.3806 3
    endloop
  endfacet
  facet normal -0 0 1
    outer loop
      vertex 0.17037 107.294 3
      vertex 3.55111 106.388 3
      vertex 0.380602 107.913 3
    endloop
  endfacet
  facet normal 0 0 1
    outer loop
      vertex 4.08686 66.81 3
      vertex 1.95619 64.0332 3
      vertex 2.5 63.6699 3
    endloop
  endfacet
  facet normal 0 0 1
    outer loop
      vertex 3.55111 106.388 3
      vertex 0.17037 107.294 3
      vertex 3.51283 106.196 3
    endloop
  endfacet
  facet normal 0 0 1
    outer loop
      vertex 3.93934 66.9393 3
      vertex 1.46447 64.4645 3
      vertex 1.95619 64.0332 3
    endloop
  endfacet
  facet normal -0 0 1
    outer loop
      vertex 0.0427752 106.653 3
      vertex 3.51283 106.196 3
      vertex 0.17037 107.294 3
    endloop
  endfacet
  facet normal 0 0 1
    outer loop
      vertex 3.80997 67.0869 3
      vertex 1.03323 64.9562 3
      vertex 1.46447 64.4645 3
    endloop
  endfacet
  facet normal 0 0 1
    outer loop
      vertex 3.51283 106.196 3
      vertex 0.0427752 106.653 3
      vertex 3.5 106 3
    endloop
  endfacet
  facet normal 0 0 1
    outer loop
      vertex 3.70096 67.25 3
      vertex 0.669872 65.5 3
      vertex 1.03323 64.9562 3
    endloop
  endfacet
  facet normal 0 0 1
    outer loop
      vertex 3.5 106 3
      vertex 0.0427752 106.653 3
      vertex 0 106 3
    endloop
  endfacet
  facet normal 0 0 1
    outer loop
      vertex 3.61418 67.426 3
      vertex 0.380602 66.0866 3
      vertex 0.669872 65.5 3
    endloop
  endfacet
  facet normal 0 0 1
    outer loop
      vertex 3.55111 67.6118 3
      vertex 0.17037 66.7059 3
      vertex 0.380602 66.0866 3
    endloop
  endfacet
  facet normal 0 0 1
    outer loop
      vertex 3.51283 67.8042 3
      vertex 0.0427752 67.3474 3
      vertex 0.17037 66.7059 3
    endloop
  endfacet
  facet normal -0 0 1
    outer loop
      vertex 6.3 105.2 3
      vertex 6.28248 105.087 3
      vertex 6.45203 105.2 3
    endloop
  endfacet
  facet normal -0 0 1
    outer loop
      vertex 6.23474 105.196 3
      vertex 6.28248 105.087 3
      vertex 6.3 105.2 3
    endloop
  endfacet
  facet normal -0 0 1
    outer loop
      vertex 6.17059 105.183 3
      vertex 6.28248 105.087 3
      vertex 6.23474 105.196 3
    endloop
  endfacet
  facet normal -0 0 1
    outer loop
      vertex 6.10866 105.162 3
      vertex 6.28248 105.087 3
      vertex 6.17059 105.183 3
    endloop
  endfacet
  facet normal 0 0 1
    outer loop
      vertex 6.10866 105.162 3
      vertex 6.08579 104.914 3
      vertex 6.28248 105.087 3
    endloop
  endfacet
  facet normal -0 0 1
    outer loop
      vertex 6.05 105.133 3
      vertex 6.08579 104.914 3
      vertex 6.10866 105.162 3
    endloop
  endfacet
  facet normal -0 0 1
    outer loop
      vertex 5.99562 105.097 3
      vertex 6.08579 104.914 3
      vertex 6.05 105.133 3
    endloop
  endfacet
  facet normal -0 0 1
    outer loop
      vertex 5.94645 105.054 3
      vertex 6.08579 104.914 3
      vertex 5.99562 105.097 3
    endloop
  endfacet
  facet normal -0 0 1
    outer loop
      vertex 5.90332 105.004 3
      vertex 6.08579 104.914 3
      vertex 5.94645 105.054 3
    endloop
  endfacet
  facet normal -0 0 1
    outer loop
      vertex 5.86699 104.95 3
      vertex 6.08579 104.914 3
      vertex 5.90332 105.004 3
    endloop
  endfacet
  facet normal 0 0 1
    outer loop
      vertex 5.83806 104.891 3
      vertex 6.08579 104.914 3
      vertex 5.86699 104.95 3
    endloop
  endfacet
  facet normal 0 0 1
    outer loop
      vertex 6.08579 104.914 3
      vertex 5.83806 104.891 3
      vertex 5.91329 104.718 3
    endloop
  endfacet
  facet normal -0 0 1
    outer loop
      vertex 5.81704 104.829 3
      vertex 5.91329 104.718 3
      vertex 5.83806 104.891 3
    endloop
  endfacet
  facet normal -0 0 1
    outer loop
      vertex 5.80428 104.765 3
      vertex 5.91329 104.718 3
      vertex 5.81704 104.829 3
    endloop
  endfacet
  facet normal 0 0 1
    outer loop
      vertex 5.8 104.7 3
      vertex 5.91329 104.718 3
      vertex 5.80428 104.765 3
    endloop
  endfacet
  facet normal 0 0 1
    outer loop
      vertex 5.91329 104.718 3
      vertex 5.8 104.7 3
      vertex 5.8 104.548 3
    endloop
  endfacet
  facet normal 0 0 1
    outer loop
      vertex 6.28248 68.9133 3
      vertex 6.3 68.8 3
      vertex 6.45203 68.8 3
    endloop
  endfacet
  facet normal 0 0 1
    outer loop
      vertex 6.28248 68.9133 3
      vertex 6.23474 68.8043 3
      vertex 6.3 68.8 3
    endloop
  endfacet
  facet normal 0 0 1
    outer loop
      vertex 6.28248 68.9133 3
      vertex 6.17059 68.817 3
      vertex 6.23474 68.8043 3
    endloop
  endfacet
  facet normal 0 0 1
    outer loop
      vertex 6.28248 68.9133 3
      vertex 6.10866 68.8381 3
      vertex 6.17059 68.817 3
    endloop
  endfacet
  facet normal 0 0 1
    outer loop
      vertex 6.08579 69.0858 3
      vertex 6.10866 68.8381 3
      vertex 6.28248 68.9133 3
    endloop
  endfacet
  facet normal 0 0 1
    outer loop
      vertex 6.08579 69.0858 3
      vertex 6.05 68.867 3
      vertex 6.10866 68.8381 3
    endloop
  endfacet
  facet normal 0 0 1
    outer loop
      vertex 6.08579 69.0858 3
      vertex 5.99562 68.9033 3
      vertex 6.05 68.867 3
    endloop
  endfacet
  facet normal 0 0 1
    outer loop
      vertex 6.08579 69.0858 3
      vertex 5.94645 68.9464 3
      vertex 5.99562 68.9033 3
    endloop
  endfacet
  facet normal -0 0 1
    outer loop
      vertex 5.83806 69.1087 3
      vertex 6.08579 69.0858 3
      vertex 5.91329 69.2825 3
    endloop
  endfacet
  facet normal 0 0 1
    outer loop
      vertex 6.08579 69.0858 3
      vertex 5.90332 68.9956 3
      vertex 5.94645 68.9464 3
    endloop
  endfacet
  facet normal 0 0 1
    outer loop
      vertex 6.08579 69.0858 3
      vertex 5.86699 69.05 3
      vertex 5.90332 68.9956 3
    endloop
  endfacet
  facet normal 0 0 1
    outer loop
      vertex 6.08579 69.0858 3
      vertex 5.83806 69.1087 3
      vertex 5.86699 69.05 3
    endloop
  endfacet
  facet normal 0 0 1
    outer loop
      vertex 5.91329 69.2825 3
      vertex 5.81704 69.1706 3
      vertex 5.83806 69.1087 3
    endloop
  endfacet
  facet normal 0 0 1
    outer loop
      vertex 5.91329 69.2825 3
      vertex 5.80428 69.2347 3
      vertex 5.81704 69.1706 3
    endloop
  endfacet
  facet normal -0 0 1
    outer loop
      vertex 5.8 69.3 3
      vertex 5.91329 69.2825 3
      vertex 5.8 69.452 3
    endloop
  endfacet
  facet normal 0 0 1
    outer loop
      vertex 5.91329 69.2825 3
      vertex 5.8 69.3 3
      vertex 5.80428 69.2347 3
    endloop
  endfacet
  facet normal -0 0 1
    outer loop
      vertex 70.5867 104.718 3
      vertex 70.7 104.7 3
      vertex 70.6957 104.765 3
    endloop
  endfacet
  facet normal 0 0 1
    outer loop
      vertex 70.5867 104.718 3
      vertex 70.6957 104.765 3
      vertex 70.683 104.829 3
    endloop
  endfacet
  facet normal 0 0 1
    outer loop
      vertex 70.5867 104.718 3
      vertex 70.683 104.829 3
      vertex 70.6619 104.891 3
    endloop
  endfacet
  facet normal -0 0 1
    outer loop
      vertex 70.4142 104.914 3
      vertex 70.6619 104.891 3
      vertex 70.633 104.95 3
    endloop
  endfacet
  facet normal 0 0 1
    outer loop
      vertex 70.4142 104.914 3
      vertex 70.633 104.95 3
      vertex 70.5967 105.004 3
    endloop
  endfacet
  facet normal 0 0 1
    outer loop
      vertex 70.7 104.7 3
      vertex 70.5867 104.718 3
      vertex 70.7 104.548 3
    endloop
  endfacet
  facet normal 0 0 1
    outer loop
      vertex 70.4142 104.914 3
      vertex 70.5967 105.004 3
      vertex 70.5536 105.054 3
    endloop
  endfacet
  facet normal 0 0 1
    outer loop
      vertex 70.4142 104.914 3
      vertex 70.5536 105.054 3
      vertex 70.5044 105.097 3
    endloop
  endfacet
  facet normal 0 0 1
    outer loop
      vertex 70.4142 104.914 3
      vertex 70.5044 105.097 3
      vertex 70.45 105.133 3
    endloop
  endfacet
  facet normal 0 0 1
    outer loop
      vertex 70.6619 104.891 3
      vertex 70.4142 104.914 3
      vertex 70.5867 104.718 3
    endloop
  endfacet
  facet normal 0 0 1
    outer loop
      vertex 70.3913 105.162 3
      vertex 70.4142 104.914 3
      vertex 70.45 105.133 3
    endloop
  endfacet
  facet normal 0 0 1
    outer loop
      vertex 70.2175 105.087 3
      vertex 70.3913 105.162 3
      vertex 70.3294 105.183 3
    endloop
  endfacet
  facet normal 0 0 1
    outer loop
      vertex 70.2175 105.087 3
      vertex 70.3294 105.183 3
      vertex 70.2653 105.196 3
    endloop
  endfacet
  facet normal 0 0 1
    outer loop
      vertex 70.3913 105.162 3
      vertex 70.2175 105.087 3
      vertex 70.4142 104.914 3
    endloop
  endfacet
  facet normal 0 0 1
    outer loop
      vertex 70.2 105.2 3
      vertex 70.2175 105.087 3
      vertex 70.2653 105.196 3
    endloop
  endfacet
  facet normal 0 0 1
    outer loop
      vertex 70.2175 105.087 3
      vertex 70.2 105.2 3
      vertex 70.048 105.2 3
    endloop
  endfacet
  facet normal 0 0 1
    outer loop
      vertex 70.5867 69.2825 3
      vertex 70.7 69.3 3
      vertex 70.7 69.452 3
    endloop
  endfacet
  facet normal 0 0 1
    outer loop
      vertex 70.7 69.3 3
      vertex 70.5867 69.2825 3
      vertex 70.6957 69.2347 3
    endloop
  endfacet
  facet normal 0 0 1
    outer loop
      vertex 70.6957 69.2347 3
      vertex 70.5867 69.2825 3
      vertex 70.683 69.1706 3
    endloop
  endfacet
  facet normal 0 0 1
    outer loop
      vertex 70.683 69.1706 3
      vertex 70.5867 69.2825 3
      vertex 70.6619 69.1087 3
    endloop
  endfacet
  facet normal 0 0 1
    outer loop
      vertex 70.4142 69.0858 3
      vertex 70.6619 69.1087 3
      vertex 70.5867 69.2825 3
    endloop
  endfacet
  facet normal 0 0 1
    outer loop
      vertex 70.6619 69.1087 3
      vertex 70.4142 69.0858 3
      vertex 70.633 69.05 3
    endloop
  endfacet
  facet normal 0 0 1
    outer loop
      vertex 70.633 69.05 3
      vertex 70.4142 69.0858 3
      vertex 70.5967 68.9956 3
    endloop
  endfacet
  facet normal 0 0 1
    outer loop
      vertex 70.5967 68.9956 3
      vertex 70.4142 69.0858 3
      vertex 70.5536 68.9464 3
    endloop
  endfacet
  facet normal 0 0 1
    outer loop
      vertex 70.5536 68.9464 3
      vertex 70.4142 69.0858 3
      vertex 70.5044 68.9033 3
    endloop
  endfacet
  facet normal 0 0 1
    outer loop
      vertex 70.5044 68.9033 3
      vertex 70.4142 69.0858 3
      vertex 70.45 68.867 3
    endloop
  endfacet
  facet normal 0 0 1
    outer loop
      vertex 70.4142 69.0858 3
      vertex 70.3913 68.8381 3
      vertex 70.45 68.867 3
    endloop
  endfacet
  facet normal -0 0 1
    outer loop
      vertex 70.2175 68.9133 3
      vertex 70.3913 68.8381 3
      vertex 70.4142 69.0858 3
    endloop
  endfacet
  facet normal 0 0 1
    outer loop
      vertex 70.3913 68.8381 3
      vertex 70.2175 68.9133 3
      vertex 70.3294 68.817 3
    endloop
  endfacet
  facet normal 0 0 1
    outer loop
      vertex 70.3294 68.817 3
      vertex 70.2175 68.9133 3
      vertex 70.2653 68.8043 3
    endloop
  endfacet
  facet normal 0 0 1
    outer loop
      vertex 70.2175 68.9133 3
      vertex 70.2 68.8 3
      vertex 70.2653 68.8043 3
    endloop
  endfacet
  facet normal 0 -0 1
    outer loop
      vertex 70.2 68.8 3
      vertex 70.2175 68.9133 3
      vertex 70.048 68.8 3
    endloop
  endfacet
  facet normal 0.66044 -0.750879 0
    outer loop
      vertex 6.08579 104.914 1.5
      vertex 6.28248 105.087 3
      vertex 6.08579 104.914 3
    endloop
  endfacet
  facet normal 0.66044 -0.750879 0
    outer loop
      vertex 6.28248 105.087 3
      vertex 6.08579 104.914 1.5
      vertex 6.28248 105.087 1.5
    endloop
  endfacet
  facet normal -0.5547 -0.83205 0
    outer loop
      vertex 70.048 105.2 1.5
      vertex 70.2175 105.087 3
      vertex 70.048 105.2 3
    endloop
  endfacet
  facet normal -0.5547 -0.83205 -0
    outer loop
      vertex 70.2175 105.087 3
      vertex 70.048 105.2 1.5
      vertex 70.2175 105.087 1.5
    endloop
  endfacet
  facet normal 0.750676 -0.660671 0
    outer loop
      vertex 5.91329 104.718 3
      vertex 6.08579 104.914 1.5
      vertex 6.08579 104.914 3
    endloop
  endfacet
  facet normal 0.750676 -0.660671 0
    outer loop
      vertex 6.08579 104.914 1.5
      vertex 5.91329 104.718 3
      vertex 5.91329 104.718 1.5
    endloop
  endfacet
  facet normal -0.555718 0.831371 0
    outer loop
      vertex 70.2175 68.9133 1.5
      vertex 70.048 68.8 3
      vertex 70.2175 68.9133 3
    endloop
  endfacet
  facet normal -0.555718 0.831371 0
    outer loop
      vertex 70.048 68.8 3
      vertex 70.2175 68.9133 1.5
      vertex 70.048 68.8 1.5
    endloop
  endfacet
  facet normal 0.831393 0.555685 0
    outer loop
      vertex 5.91329 69.2825 3
      vertex 5.8 69.452 1.5
      vertex 5.8 69.452 3
    endloop
  endfacet
  facet normal 0.831393 0.555685 0
    outer loop
      vertex 5.8 69.452 1.5
      vertex 5.91329 69.2825 3
      vertex 5.91329 69.2825 1.5
    endloop
  endfacet
  facet normal 0.751842 0.659343 0
    outer loop
      vertex 6.08579 69.0858 3
      vertex 5.91329 69.2825 1.5
      vertex 5.91329 69.2825 3
    endloop
  endfacet
  facet normal 0.751842 0.659343 0
    outer loop
      vertex 5.91329 69.2825 1.5
      vertex 6.08579 69.0858 3
      vertex 6.08579 69.0858 1.5
    endloop
  endfacet
  facet normal 0.659362 0.751826 -0
    outer loop
      vertex 6.28248 68.9133 1.5
      vertex 6.08579 69.0858 3
      vertex 6.28248 68.9133 3
    endloop
  endfacet
  facet normal 0.659362 0.751826 0
    outer loop
      vertex 6.08579 69.0858 3
      vertex 6.28248 68.9133 1.5
      vertex 6.08579 69.0858 1.5
    endloop
  endfacet
  facet normal -0.832126 -0.554587 0
    outer loop
      vertex 70.7 104.548 1.5
      vertex 70.5867 104.718 3
      vertex 70.5867 104.718 1.5
    endloop
  endfacet
  facet normal -0.832126 -0.554587 0
    outer loop
      vertex 70.5867 104.718 3
      vertex 70.7 104.548 1.5
      vertex 70.7 104.548 3
    endloop
  endfacet
  facet normal 0.554587 -0.832126 0
    outer loop
      vertex 6.28248 105.087 1.5
      vertex 6.45203 105.2 3
      vertex 6.28248 105.087 3
    endloop
  endfacet
  facet normal 0.554587 -0.832126 0
    outer loop
      vertex 6.45203 105.2 3
      vertex 6.28248 105.087 1.5
      vertex 6.45203 105.2 1.5
    endloop
  endfacet
  facet normal -0.750676 -0.660671 0
    outer loop
      vertex 70.5867 104.718 1.5
      vertex 70.4142 104.914 3
      vertex 70.4142 104.914 1.5
    endloop
  endfacet
  facet normal -0.750676 -0.660671 0
    outer loop
      vertex 70.4142 104.914 3
      vertex 70.5867 104.718 1.5
      vertex 70.5867 104.718 3
    endloop
  endfacet
  facet normal 0.555605 0.831446 -0
    outer loop
      vertex 6.45203 68.8 1.5
      vertex 6.28248 68.9133 3
      vertex 6.45203 68.8 3
    endloop
  endfacet
  facet normal 0.555605 0.831446 0
    outer loop
      vertex 6.28248 68.9133 3
      vertex 6.45203 68.8 1.5
      vertex 6.28248 68.9133 1.5
    endloop
  endfacet
  facet normal -0.659343 0.751842 0
    outer loop
      vertex 70.4142 69.0858 1.5
      vertex 70.2175 68.9133 3
      vertex 70.4142 69.0858 3
    endloop
  endfacet
  facet normal -0.659343 0.751842 0
    outer loop
      vertex 70.2175 68.9133 3
      vertex 70.4142 69.0858 1.5
      vertex 70.2175 68.9133 1.5
    endloop
  endfacet
  facet normal 0.832148 -0.554553 0
    outer loop
      vertex 5.8 104.548 3
      vertex 5.91329 104.718 1.5
      vertex 5.91329 104.718 3
    endloop
  endfacet
  facet normal 0.832148 -0.554553 0
    outer loop
      vertex 5.91329 104.718 1.5
      vertex 5.8 104.548 3
      vertex 5.8 104.548 1.5
    endloop
  endfacet
  facet normal -0.751842 0.659343 0
    outer loop
      vertex 70.4142 69.0858 1.5
      vertex 70.5867 69.2825 3
      vertex 70.5867 69.2825 1.5
    endloop
  endfacet
  facet normal -0.751842 0.659343 0
    outer loop
      vertex 70.5867 69.2825 3
      vertex 70.4142 69.0858 1.5
      vertex 70.4142 69.0858 3
    endloop
  endfacet
  facet normal -0.831371 0.555718 0
    outer loop
      vertex 70.5867 69.2825 1.5
      vertex 70.7 69.452 3
      vertex 70.7 69.452 1.5
    endloop
  endfacet
  facet normal -0.831371 0.555718 0
    outer loop
      vertex 70.7 69.452 3
      vertex 70.5867 69.2825 1.5
      vertex 70.5867 69.2825 3
    endloop
  endfacet
  facet normal -0.660421 -0.750895 0
    outer loop
      vertex 70.2175 105.087 1.5
      vertex 70.4142 104.914 3
      vertex 70.2175 105.087 3
    endloop
  endfacet
  facet normal -0.660421 -0.750895 -0
    outer loop
      vertex 70.4142 104.914 3
      vertex 70.2175 105.087 1.5
      vertex 70.4142 104.914 1.5
    endloop
  endfacet
  facet normal 0 0 1
    outer loop
      vertex 10.9782 100.888 1.5
      vertex 65.5218 100.888 1.5
      vertex 11.0455 101.086 1.5
    endloop
  endfacet
  facet normal 0 0 1
    outer loop
      vertex 65.5218 73.1123 1.5
      vertex 11.0863 72.7088 1.5
      vertex 11.1 72.5 1.5
    endloop
  endfacet
  facet normal 0 0 1
    outer loop
      vertex 65.5218 100.888 1.5
      vertex 10.9782 100.888 1.5
      vertex 65.5218 73.1123 1.5
    endloop
  endfacet
  facet normal 0 0 1
    outer loop
      vertex 65.5218 73.1123 1.5
      vertex 11.0455 72.9141 1.5
      vertex 11.0863 72.7088 1.5
    endloop
  endfacet
  facet normal 0 0 1
    outer loop
      vertex 10.9782 73.1123 1.5
      vertex 65.5218 73.1123 1.5
      vertex 10.9782 100.888 1.5
    endloop
  endfacet
  facet normal 0 0 1
    outer loop
      vertex 65.5218 73.1123 1.5
      vertex 10.9782 73.1123 1.5
      vertex 11.0455 72.9141 1.5
    endloop
  endfacet
  facet normal -0 0 1
    outer loop
      vertex 10.8856 100.7 1.5
      vertex 10.9782 73.1123 1.5
      vertex 10.9782 100.888 1.5
    endloop
  endfacet
  facet normal 0 0 1
    outer loop
      vertex 10.8856 100.7 1.5
      vertex 10.8856 73.3 1.5
      vertex 10.9782 73.1123 1.5
    endloop
  endfacet
  facet normal -0 0 1
    outer loop
      vertex 10.7694 100.526 1.5
      vertex 10.8856 73.3 1.5
      vertex 10.8856 100.7 1.5
    endloop
  endfacet
  facet normal 0 0 1
    outer loop
      vertex 10.7694 100.526 1.5
      vertex 10.7694 73.474 1.5
      vertex 10.8856 73.3 1.5
    endloop
  endfacet
  facet normal -0 0 1
    outer loop
      vertex 10.6314 100.369 1.5
      vertex 10.7694 73.474 1.5
      vertex 10.7694 100.526 1.5
    endloop
  endfacet
  facet normal 0 0 1
    outer loop
      vertex 10.6314 100.369 1.5
      vertex 10.6314 73.6314 1.5
      vertex 10.7694 73.474 1.5
    endloop
  endfacet
  facet normal -0 0 1
    outer loop
      vertex 10.474 100.231 1.5
      vertex 10.6314 73.6314 1.5
      vertex 10.6314 100.369 1.5
    endloop
  endfacet
  facet normal 0 0 1
    outer loop
      vertex 10.474 100.231 1.5
      vertex 10.474 73.7694 1.5
      vertex 10.6314 73.6314 1.5
    endloop
  endfacet
  facet normal -0 0 1
    outer loop
      vertex 10.3 100.114 1.5
      vertex 10.474 73.7694 1.5
      vertex 10.474 100.231 1.5
    endloop
  endfacet
  facet normal 0 0 1
    outer loop
      vertex 10.3 100.114 1.5
      vertex 10.3 73.8856 1.5
      vertex 10.474 73.7694 1.5
    endloop
  endfacet
  facet normal -0 0 1
    outer loop
      vertex 10.1123 100.022 1.5
      vertex 10.3 73.8856 1.5
      vertex 10.3 100.114 1.5
    endloop
  endfacet
  facet normal 0 0 1
    outer loop
      vertex 10.1123 100.022 1.5
      vertex 10.1123 73.9782 1.5
      vertex 10.3 73.8856 1.5
    endloop
  endfacet
  facet normal -0 0 1
    outer loop
      vertex 9.91411 99.9545 1.5
      vertex 10.1123 73.9782 1.5
      vertex 10.1123 100.022 1.5
    endloop
  endfacet
  facet normal 0 0 1
    outer loop
      vertex 9.91411 99.9545 1.5
      vertex 9.91411 74.0455 1.5
      vertex 10.1123 73.9782 1.5
    endloop
  endfacet
  facet normal -0 0 1
    outer loop
      vertex 9.70884 99.9137 1.5
      vertex 9.91411 74.0455 1.5
      vertex 9.91411 99.9545 1.5
    endloop
  endfacet
  facet normal 0 0 1
    outer loop
      vertex 9.70884 99.9137 1.5
      vertex 9.70884 74.0863 1.5
      vertex 9.91411 74.0455 1.5
    endloop
  endfacet
  facet normal -0 0 1
    outer loop
      vertex 9.5 99.9 1.5
      vertex 9.70884 74.0863 1.5
      vertex 9.70884 99.9137 1.5
    endloop
  endfacet
  facet normal 0 0 1
    outer loop
      vertex 9.5 99.9 1.5
      vertex 9.5 74.1 1.5
      vertex 9.70884 74.0863 1.5
    endloop
  endfacet
  facet normal 0 0 1
    outer loop
      vertex 9.29116 99.9137 1.5
      vertex 9.5 74.1 1.5
      vertex 9.5 99.9 1.5
    endloop
  endfacet
  facet normal 0 0 1
    outer loop
      vertex 9.29116 99.9137 1.5
      vertex 9.29116 74.0863 1.5
      vertex 9.5 74.1 1.5
    endloop
  endfacet
  facet normal 0 0 1
    outer loop
      vertex 9.08589 99.9545 1.5
      vertex 9.29116 74.0863 1.5
      vertex 9.29116 99.9137 1.5
    endloop
  endfacet
  facet normal 0 0 1
    outer loop
      vertex 9.08589 99.9545 1.5
      vertex 9.08589 74.0455 1.5
      vertex 9.29116 74.0863 1.5
    endloop
  endfacet
  facet normal 0 0 1
    outer loop
      vertex 8.88771 100.022 1.5
      vertex 9.08589 74.0455 1.5
      vertex 9.08589 99.9545 1.5
    endloop
  endfacet
  facet normal 0 0 1
    outer loop
      vertex 8.88771 100.022 1.5
      vertex 8.88771 73.9782 1.5
      vertex 9.08589 74.0455 1.5
    endloop
  endfacet
  facet normal 0 0 1
    outer loop
      vertex 8.7 100.114 1.5
      vertex 8.88771 73.9782 1.5
      vertex 8.88771 100.022 1.5
    endloop
  endfacet
  facet normal 0 0 1
    outer loop
      vertex 8.7 100.114 1.5
      vertex 8.7 73.8856 1.5
      vertex 8.88771 73.9782 1.5
    endloop
  endfacet
  facet normal 0 0 1
    outer loop
      vertex 8.52598 100.231 1.5
      vertex 8.7 73.8856 1.5
      vertex 8.7 100.114 1.5
    endloop
  endfacet
  facet normal 0 0 1
    outer loop
      vertex 8.52598 100.231 1.5
      vertex 8.52598 73.7694 1.5
      vertex 8.7 73.8856 1.5
    endloop
  endfacet
  facet normal 0 0 1
    outer loop
      vertex 8.36863 100.369 1.5
      vertex 8.52598 73.7694 1.5
      vertex 8.52598 100.231 1.5
    endloop
  endfacet
  facet normal 0 0 1
    outer loop
      vertex 8.36863 100.369 1.5
      vertex 8.36863 73.6314 1.5
      vertex 8.52598 73.7694 1.5
    endloop
  endfacet
  facet normal 0 0 1
    outer loop
      vertex 8.23063 100.526 1.5
      vertex 8.36863 73.6314 1.5
      vertex 8.36863 100.369 1.5
    endloop
  endfacet
  facet normal 0 0 1
    outer loop
      vertex 8.23063 100.526 1.5
      vertex 8.23063 73.474 1.5
      vertex 8.36863 73.6314 1.5
    endloop
  endfacet
  facet normal 0 0 1
    outer loop
      vertex 8.11436 100.7 1.5
      vertex 8.23063 73.474 1.5
      vertex 8.23063 100.526 1.5
    endloop
  endfacet
  facet normal 0 0 1
    outer loop
      vertex 8.11436 100.7 1.5
      vertex 8.11436 73.3 1.5
      vertex 8.23063 73.474 1.5
    endloop
  endfacet
  facet normal 0 0 1
    outer loop
      vertex 5.8 104.548 1.5
      vertex 8.11436 100.7 1.5
      vertex 8.02179 100.888 1.5
    endloop
  endfacet
  facet normal 0 0 1
    outer loop
      vertex 8.11436 100.7 1.5
      vertex 5.8 104.548 1.5
      vertex 8.11436 73.3 1.5
    endloop
  endfacet
  facet normal 0 0 1
    outer loop
      vertex 5.8 104.548 1.5
      vertex 8.02179 100.888 1.5
      vertex 7.95452 101.086 1.5
    endloop
  endfacet
  facet normal 0 0 1
    outer loop
      vertex 5.8 69.452 1.5
      vertex 8.11436 73.3 1.5
      vertex 5.8 104.548 1.5
    endloop
  endfacet
  facet normal 0 0 1
    outer loop
      vertex 5.8 104.548 1.5
      vertex 7.95452 101.086 1.5
      vertex 7.91369 101.291 1.5
    endloop
  endfacet
  facet normal 0 0 1
    outer loop
      vertex 8.11436 73.3 1.5
      vertex 5.8 69.452 1.5
      vertex 8.02179 73.1123 1.5
    endloop
  endfacet
  facet normal 0 0 1
    outer loop
      vertex 5.8 104.548 1.5
      vertex 7.91369 101.291 1.5
      vertex 7.9 101.5 1.5
    endloop
  endfacet
  facet normal 0 0 1
    outer loop
      vertex 8.02179 73.1123 1.5
      vertex 5.8 69.452 1.5
      vertex 7.95452 72.9141 1.5
    endloop
  endfacet
  facet normal 0 0 1
    outer loop
      vertex 68.4782 100.888 1.5
      vertex 70.7 104.548 1.5
      vertex 68.5455 101.086 1.5
    endloop
  endfacet
  facet normal 0 0 1
    outer loop
      vertex 70.7 69.452 1.5
      vertex 68.5863 72.7088 1.5
      vertex 68.6 72.5 1.5
    endloop
  endfacet
  facet normal 0 0 1
    outer loop
      vertex 68.3856 100.7 1.5
      vertex 70.7 104.548 1.5
      vertex 68.4782 100.888 1.5
    endloop
  endfacet
  facet normal 0 0 1
    outer loop
      vertex 70.7 69.452 1.5
      vertex 68.5455 72.9141 1.5
      vertex 68.5863 72.7088 1.5
    endloop
  endfacet
  facet normal 0 0 1
    outer loop
      vertex 70.7 104.548 1.5
      vertex 68.3856 100.7 1.5
      vertex 70.7 69.452 1.5
    endloop
  endfacet
  facet normal 0 0 1
    outer loop
      vertex 70.7 69.452 1.5
      vertex 68.4782 73.1123 1.5
      vertex 68.5455 72.9141 1.5
    endloop
  endfacet
  facet normal -0 0 1
    outer loop
      vertex 68.3856 73.3 1.5
      vertex 70.7 69.452 1.5
      vertex 68.3856 100.7 1.5
    endloop
  endfacet
  facet normal 0 0 1
    outer loop
      vertex 70.7 69.452 1.5
      vertex 68.3856 73.3 1.5
      vertex 68.4782 73.1123 1.5
    endloop
  endfacet
  facet normal -0 0 1
    outer loop
      vertex 68.2694 100.526 1.5
      vertex 68.3856 73.3 1.5
      vertex 68.3856 100.7 1.5
    endloop
  endfacet
  facet normal 0 0 1
    outer loop
      vertex 68.2694 100.526 1.5
      vertex 68.2694 73.474 1.5
      vertex 68.3856 73.3 1.5
    endloop
  endfacet
  facet normal -0 0 1
    outer loop
      vertex 68.1314 100.369 1.5
      vertex 68.2694 73.474 1.5
      vertex 68.2694 100.526 1.5
    endloop
  endfacet
  facet normal 0 0 1
    outer loop
      vertex 68.1314 100.369 1.5
      vertex 68.1314 73.6314 1.5
      vertex 68.2694 73.474 1.5
    endloop
  endfacet
  facet normal -0 0 1
    outer loop
      vertex 67.974 100.231 1.5
      vertex 68.1314 73.6314 1.5
      vertex 68.1314 100.369 1.5
    endloop
  endfacet
  facet normal 0 0 1
    outer loop
      vertex 67.974 100.231 1.5
      vertex 67.974 73.7694 1.5
      vertex 68.1314 73.6314 1.5
    endloop
  endfacet
  facet normal -0 0 1
    outer loop
      vertex 67.8 100.114 1.5
      vertex 67.974 73.7694 1.5
      vertex 67.974 100.231 1.5
    endloop
  endfacet
  facet normal 0 0 1
    outer loop
      vertex 67.8 100.114 1.5
      vertex 67.8 73.8856 1.5
      vertex 67.974 73.7694 1.5
    endloop
  endfacet
  facet normal -0 0 1
    outer loop
      vertex 67.6123 100.022 1.5
      vertex 67.8 73.8856 1.5
      vertex 67.8 100.114 1.5
    endloop
  endfacet
  facet normal 0 0 1
    outer loop
      vertex 67.6123 100.022 1.5
      vertex 67.6123 73.9782 1.5
      vertex 67.8 73.8856 1.5
    endloop
  endfacet
  facet normal -0 0 1
    outer loop
      vertex 67.4141 99.9545 1.5
      vertex 67.6123 73.9782 1.5
      vertex 67.6123 100.022 1.5
    endloop
  endfacet
  facet normal 0 0 1
    outer loop
      vertex 67.4141 99.9545 1.5
      vertex 67.4141 74.0455 1.5
      vertex 67.6123 73.9782 1.5
    endloop
  endfacet
  facet normal -0 0 1
    outer loop
      vertex 67.2088 99.9137 1.5
      vertex 67.4141 74.0455 1.5
      vertex 67.4141 99.9545 1.5
    endloop
  endfacet
  facet normal 0 0 1
    outer loop
      vertex 67.2088 99.9137 1.5
      vertex 67.2088 74.0863 1.5
      vertex 67.4141 74.0455 1.5
    endloop
  endfacet
  facet normal -0 0 1
    outer loop
      vertex 67 99.9 1.5
      vertex 67.2088 74.0863 1.5
      vertex 67.2088 99.9137 1.5
    endloop
  endfacet
  facet normal 0 0 1
    outer loop
      vertex 67 99.9 1.5
      vertex 67 74.1 1.5
      vertex 67.2088 74.0863 1.5
    endloop
  endfacet
  facet normal 0 0 1
    outer loop
      vertex 66.7912 99.9137 1.5
      vertex 67 74.1 1.5
      vertex 67 99.9 1.5
    endloop
  endfacet
  facet normal 0 0 1
    outer loop
      vertex 66.7912 99.9137 1.5
      vertex 66.7912 74.0863 1.5
      vertex 67 74.1 1.5
    endloop
  endfacet
  facet normal 0 0 1
    outer loop
      vertex 66.5859 99.9545 1.5
      vertex 66.7912 74.0863 1.5
      vertex 66.7912 99.9137 1.5
    endloop
  endfacet
  facet normal 0 0 1
    outer loop
      vertex 66.5859 99.9545 1.5
      vertex 66.5859 74.0455 1.5
      vertex 66.7912 74.0863 1.5
    endloop
  endfacet
  facet normal 0 0 1
    outer loop
      vertex 66.3877 100.022 1.5
      vertex 66.5859 74.0455 1.5
      vertex 66.5859 99.9545 1.5
    endloop
  endfacet
  facet normal 0 0 1
    outer loop
      vertex 66.3877 100.022 1.5
      vertex 66.3877 73.9782 1.5
      vertex 66.5859 74.0455 1.5
    endloop
  endfacet
  facet normal 0 0 1
    outer loop
      vertex 66.2 100.114 1.5
      vertex 66.3877 73.9782 1.5
      vertex 66.3877 100.022 1.5
    endloop
  endfacet
  facet normal 0 0 1
    outer loop
      vertex 66.2 100.114 1.5
      vertex 66.2 73.8856 1.5
      vertex 66.3877 73.9782 1.5
    endloop
  endfacet
  facet normal 0 0 1
    outer loop
      vertex 66.026 100.231 1.5
      vertex 66.2 73.8856 1.5
      vertex 66.2 100.114 1.5
    endloop
  endfacet
  facet normal 0 0 1
    outer loop
      vertex 66.026 100.231 1.5
      vertex 66.026 73.7694 1.5
      vertex 66.2 73.8856 1.5
    endloop
  endfacet
  facet normal 0 0 1
    outer loop
      vertex 65.8686 100.369 1.5
      vertex 66.026 73.7694 1.5
      vertex 66.026 100.231 1.5
    endloop
  endfacet
  facet normal 0 0 1
    outer loop
      vertex 65.8686 100.369 1.5
      vertex 65.8686 73.6314 1.5
      vertex 66.026 73.7694 1.5
    endloop
  endfacet
  facet normal 0 0 1
    outer loop
      vertex 65.7306 100.526 1.5
      vertex 65.8686 73.6314 1.5
      vertex 65.8686 100.369 1.5
    endloop
  endfacet
  facet normal 0 0 1
    outer loop
      vertex 65.7306 100.526 1.5
      vertex 65.7306 73.474 1.5
      vertex 65.8686 73.6314 1.5
    endloop
  endfacet
  facet normal 0 0 1
    outer loop
      vertex 65.6144 100.7 1.5
      vertex 65.7306 73.474 1.5
      vertex 65.7306 100.526 1.5
    endloop
  endfacet
  facet normal 0 0 1
    outer loop
      vertex 65.6144 100.7 1.5
      vertex 65.6144 73.3 1.5
      vertex 65.7306 73.474 1.5
    endloop
  endfacet
  facet normal 0 0 1
    outer loop
      vertex 65.5218 100.888 1.5
      vertex 65.6144 73.3 1.5
      vertex 65.6144 100.7 1.5
    endloop
  endfacet
  facet normal 0 0 1
    outer loop
      vertex 65.5218 100.888 1.5
      vertex 65.5218 73.1123 1.5
      vertex 65.6144 73.3 1.5
    endloop
  endfacet
  facet normal 0 0 1
    outer loop
      vertex 65.4137 101.291 1.5
      vertex 11.0863 101.291 1.5
      vertex 65.4545 101.086 1.5
    endloop
  endfacet
  facet normal 0 0 1
    outer loop
      vertex 11.0455 101.086 1.5
      vertex 65.4545 101.086 1.5
      vertex 11.0863 101.291 1.5
    endloop
  endfacet
  facet normal 0 0 1
    outer loop
      vertex 11.0863 101.291 1.5
      vertex 65.4137 101.291 1.5
      vertex 11.1 101.5 1.5
    endloop
  endfacet
  facet normal 0 0 1
    outer loop
      vertex 65.4545 101.086 1.5
      vertex 11.0455 101.086 1.5
      vertex 65.5218 100.888 1.5
    endloop
  endfacet
  facet normal -0 0 1
    outer loop
      vertex 11.1 101.5 1.5
      vertex 65.4137 101.291 1.5
      vertex 65.4 101.5 1.5
    endloop
  endfacet
  facet normal 0 0 1
    outer loop
      vertex 65.5218 73.1123 1.5
      vertex 11.1 72.5 1.5
      vertex 65.4545 72.9141 1.5
    endloop
  endfacet
  facet normal 0 0 1
    outer loop
      vertex 68.1314 102.631 1.5
      vertex 70.7 104.548 1.5
      vertex 70.5867 104.718 1.5
    endloop
  endfacet
  facet normal 0 0 1
    outer loop
      vertex 68.5863 101.291 1.5
      vertex 70.7 104.548 1.5
      vertex 68.6 101.5 1.5
    endloop
  endfacet
  facet normal 0 0 1
    outer loop
      vertex 68.1314 102.631 1.5
      vertex 70.5867 104.718 1.5
      vertex 70.4142 104.914 1.5
    endloop
  endfacet
  facet normal 0 0 1
    outer loop
      vertex 68.5455 101.086 1.5
      vertex 70.7 104.548 1.5
      vertex 68.5863 101.291 1.5
    endloop
  endfacet
  facet normal 0 0 1
    outer loop
      vertex 68.1314 102.631 1.5
      vertex 70.4142 104.914 1.5
      vertex 70.2175 105.087 1.5
    endloop
  endfacet
  facet normal -0 0 1
    outer loop
      vertex 68.5863 72.2912 1.5
      vertex 70.7 69.452 1.5
      vertex 68.6 72.5 1.5
    endloop
  endfacet
  facet normal 0 0 1
    outer loop
      vertex 68.1314 102.631 1.5
      vertex 70.2175 105.087 1.5
      vertex 70.048 105.2 1.5
    endloop
  endfacet
  facet normal -0 0 1
    outer loop
      vertex 68.5455 72.0859 1.5
      vertex 70.7 69.452 1.5
      vertex 68.5863 72.2912 1.5
    endloop
  endfacet
  facet normal -0 0 1
    outer loop
      vertex 68.4782 71.8877 1.5
      vertex 70.7 69.452 1.5
      vertex 68.5455 72.0859 1.5
    endloop
  endfacet
  facet normal 0 0 1
    outer loop
      vertex 70.7 104.548 1.5
      vertex 68.5863 101.709 1.5
      vertex 68.6 101.5 1.5
    endloop
  endfacet
  facet normal 0 0 1
    outer loop
      vertex 70.7 104.548 1.5
      vertex 68.5455 101.914 1.5
      vertex 68.5863 101.709 1.5
    endloop
  endfacet
  facet normal 0 0 1
    outer loop
      vertex 70.7 104.548 1.5
      vertex 68.4782 102.112 1.5
      vertex 68.5455 101.914 1.5
    endloop
  endfacet
  facet normal 0 0 1
    outer loop
      vertex 70.7 104.548 1.5
      vertex 68.3856 102.3 1.5
      vertex 68.4782 102.112 1.5
    endloop
  endfacet
  facet normal 0 0 1
    outer loop
      vertex 70.7 104.548 1.5
      vertex 68.2694 102.474 1.5
      vertex 68.3856 102.3 1.5
    endloop
  endfacet
  facet normal 0 0 1
    outer loop
      vertex 70.7 104.548 1.5
      vertex 68.1314 102.631 1.5
      vertex 68.2694 102.474 1.5
    endloop
  endfacet
  facet normal 0 0 1
    outer loop
      vertex 70.048 105.2 1.5
      vertex 67.974 102.769 1.5
      vertex 68.1314 102.631 1.5
    endloop
  endfacet
  facet normal 0 0 1
    outer loop
      vertex 70.048 105.2 1.5
      vertex 67.8 102.886 1.5
      vertex 67.974 102.769 1.5
    endloop
  endfacet
  facet normal 0 0 1
    outer loop
      vertex 70.048 105.2 1.5
      vertex 67.6123 102.978 1.5
      vertex 67.8 102.886 1.5
    endloop
  endfacet
  facet normal 0 0 1
    outer loop
      vertex 70.048 105.2 1.5
      vertex 67.4141 103.045 1.5
      vertex 67.6123 102.978 1.5
    endloop
  endfacet
  facet normal 0 0 1
    outer loop
      vertex 70.048 105.2 1.5
      vertex 67.2088 103.086 1.5
      vertex 67.4141 103.045 1.5
    endloop
  endfacet
  facet normal 0 0 1
    outer loop
      vertex 70.048 105.2 1.5
      vertex 67 103.1 1.5
      vertex 67.2088 103.086 1.5
    endloop
  endfacet
  facet normal 0 0 1
    outer loop
      vertex 70.048 105.2 1.5
      vertex 66.7912 103.086 1.5
      vertex 67 103.1 1.5
    endloop
  endfacet
  facet normal 0 0 1
    outer loop
      vertex 70.048 105.2 1.5
      vertex 66.5859 103.045 1.5
      vertex 66.7912 103.086 1.5
    endloop
  endfacet
  facet normal 0 0 1
    outer loop
      vertex 70.048 105.2 1.5
      vertex 66.3877 102.978 1.5
      vertex 66.5859 103.045 1.5
    endloop
  endfacet
  facet normal 0 0 1
    outer loop
      vertex 70.048 105.2 1.5
      vertex 66.2 102.886 1.5
      vertex 66.3877 102.978 1.5
    endloop
  endfacet
  facet normal 0 0 1
    outer loop
      vertex 65.4545 72.9141 1.5
      vertex 11.1 72.5 1.5
      vertex 65.4137 72.7088 1.5
    endloop
  endfacet
  facet normal 0 0 1
    outer loop
      vertex 65.4137 101.709 1.5
      vertex 11.1 101.5 1.5
      vertex 65.4 101.5 1.5
    endloop
  endfacet
  facet normal 0 0 1
    outer loop
      vertex 11.0863 101.709 1.5
      vertex 65.4137 101.709 1.5
      vertex 65.4545 101.914 1.5
    endloop
  endfacet
  facet normal 0 0 1
    outer loop
      vertex 11.0455 101.914 1.5
      vertex 65.4545 101.914 1.5
      vertex 65.5218 102.112 1.5
    endloop
  endfacet
  facet normal 0 0 1
    outer loop
      vertex 10.9782 102.112 1.5
      vertex 65.5218 102.112 1.5
      vertex 65.6144 102.3 1.5
    endloop
  endfacet
  facet normal 0 0 1
    outer loop
      vertex 10.8856 102.3 1.5
      vertex 65.6144 102.3 1.5
      vertex 65.7306 102.474 1.5
    endloop
  endfacet
  facet normal 0 0 1
    outer loop
      vertex 10.7694 102.474 1.5
      vertex 65.7306 102.474 1.5
      vertex 65.8686 102.631 1.5
    endloop
  endfacet
  facet normal 0 0 1
    outer loop
      vertex 10.6314 102.631 1.5
      vertex 65.8686 102.631 1.5
      vertex 66.026 102.769 1.5
    endloop
  endfacet
  facet normal 0 0 1
    outer loop
      vertex 10.474 102.769 1.5
      vertex 66.026 102.769 1.5
      vertex 66.2 102.886 1.5
    endloop
  endfacet
  facet normal 0 0 1
    outer loop
      vertex 10.3 102.886 1.5
      vertex 66.2 102.886 1.5
      vertex 70.048 105.2 1.5
    endloop
  endfacet
  facet normal 0 0 1
    outer loop
      vertex 65.4137 101.709 1.5
      vertex 11.0863 101.709 1.5
      vertex 11.1 101.5 1.5
    endloop
  endfacet
  facet normal 0 0 1
    outer loop
      vertex 65.4545 101.914 1.5
      vertex 11.0455 101.914 1.5
      vertex 11.0863 101.709 1.5
    endloop
  endfacet
  facet normal 0 0 1
    outer loop
      vertex 65.5218 102.112 1.5
      vertex 10.9782 102.112 1.5
      vertex 11.0455 101.914 1.5
    endloop
  endfacet
  facet normal 0 0 1
    outer loop
      vertex 65.6144 102.3 1.5
      vertex 10.8856 102.3 1.5
      vertex 10.9782 102.112 1.5
    endloop
  endfacet
  facet normal 0 0 1
    outer loop
      vertex 65.7306 102.474 1.5
      vertex 10.7694 102.474 1.5
      vertex 10.8856 102.3 1.5
    endloop
  endfacet
  facet normal 0 0 1
    outer loop
      vertex 65.8686 102.631 1.5
      vertex 10.6314 102.631 1.5
      vertex 10.7694 102.474 1.5
    endloop
  endfacet
  facet normal 0 0 1
    outer loop
      vertex 66.026 102.769 1.5
      vertex 10.474 102.769 1.5
      vertex 10.6314 102.631 1.5
    endloop
  endfacet
  facet normal 0 0 1
    outer loop
      vertex 66.2 102.886 1.5
      vertex 10.3 102.886 1.5
      vertex 10.474 102.769 1.5
    endloop
  endfacet
  facet normal -0 0 1
    outer loop
      vertex 6.45203 105.2 1.5
      vertex 10.3 102.886 1.5
      vertex 70.048 105.2 1.5
    endloop
  endfacet
  facet normal 0 0 1
    outer loop
      vertex 10.3 102.886 1.5
      vertex 6.45203 105.2 1.5
      vertex 10.1123 102.978 1.5
    endloop
  endfacet
  facet normal 0 0 1
    outer loop
      vertex 10.1123 102.978 1.5
      vertex 6.45203 105.2 1.5
      vertex 9.91411 103.045 1.5
    endloop
  endfacet
  facet normal 0 0 1
    outer loop
      vertex 9.91411 103.045 1.5
      vertex 6.45203 105.2 1.5
      vertex 9.70884 103.086 1.5
    endloop
  endfacet
  facet normal 0 0 1
    outer loop
      vertex 7.91369 72.7088 1.5
      vertex 5.8 69.452 1.5
      vertex 7.9 72.5 1.5
    endloop
  endfacet
  facet normal 0 0 1
    outer loop
      vertex 9.70884 103.086 1.5
      vertex 6.45203 105.2 1.5
      vertex 9.5 103.1 1.5
    endloop
  endfacet
  facet normal 0 0 1
    outer loop
      vertex 6.45203 105.2 1.5
      vertex 9.29116 103.086 1.5
      vertex 9.5 103.1 1.5
    endloop
  endfacet
  facet normal 0 0 1
    outer loop
      vertex 6.45203 105.2 1.5
      vertex 9.08589 103.045 1.5
      vertex 9.29116 103.086 1.5
    endloop
  endfacet
  facet normal 0 0 1
    outer loop
      vertex 6.45203 105.2 1.5
      vertex 8.88771 102.978 1.5
      vertex 9.08589 103.045 1.5
    endloop
  endfacet
  facet normal 0 0 1
    outer loop
      vertex 6.45203 105.2 1.5
      vertex 8.7 102.886 1.5
      vertex 8.88771 102.978 1.5
    endloop
  endfacet
  facet normal 0 0 1
    outer loop
      vertex 6.45203 105.2 1.5
      vertex 8.52598 102.769 1.5
      vertex 8.7 102.886 1.5
    endloop
  endfacet
  facet normal 0 0 1
    outer loop
      vertex 6.45203 105.2 1.5
      vertex 8.36863 102.631 1.5
      vertex 8.52598 102.769 1.5
    endloop
  endfacet
  facet normal -0 0 1
    outer loop
      vertex 6.28248 105.087 1.5
      vertex 8.36863 102.631 1.5
      vertex 6.45203 105.2 1.5
    endloop
  endfacet
  facet normal -0 0 1
    outer loop
      vertex 6.08579 104.914 1.5
      vertex 8.36863 102.631 1.5
      vertex 6.28248 105.087 1.5
    endloop
  endfacet
  facet normal -0 0 1
    outer loop
      vertex 5.91329 104.718 1.5
      vertex 8.36863 102.631 1.5
      vertex 6.08579 104.914 1.5
    endloop
  endfacet
  facet normal -0 0 1
    outer loop
      vertex 5.8 104.548 1.5
      vertex 8.36863 102.631 1.5
      vertex 5.91329 104.718 1.5
    endloop
  endfacet
  facet normal 0 0 1
    outer loop
      vertex 8.02179 102.112 1.5
      vertex 5.8 104.548 1.5
      vertex 7.95452 101.914 1.5
    endloop
  endfacet
  facet normal 0 0 1
    outer loop
      vertex 7.95452 101.914 1.5
      vertex 5.8 104.548 1.5
      vertex 7.91369 101.709 1.5
    endloop
  endfacet
  facet normal 0 0 1
    outer loop
      vertex 7.91369 101.709 1.5
      vertex 5.8 104.548 1.5
      vertex 7.9 101.5 1.5
    endloop
  endfacet
  facet normal 0 0 1
    outer loop
      vertex 8.23063 102.474 1.5
      vertex 5.8 104.548 1.5
      vertex 8.11436 102.3 1.5
    endloop
  endfacet
  facet normal 0 0 1
    outer loop
      vertex 7.95452 72.9141 1.5
      vertex 5.8 69.452 1.5
      vertex 7.91369 72.7088 1.5
    endloop
  endfacet
  facet normal 0 0 1
    outer loop
      vertex 8.11436 102.3 1.5
      vertex 5.8 104.548 1.5
      vertex 8.02179 102.112 1.5
    endloop
  endfacet
  facet normal 0 0 1
    outer loop
      vertex 7.9 72.5 1.5
      vertex 5.8 69.452 1.5
      vertex 6.45203 68.8 1.5
    endloop
  endfacet
  facet normal 0 0 1
    outer loop
      vertex 8.36863 102.631 1.5
      vertex 5.8 104.548 1.5
      vertex 8.23063 102.474 1.5
    endloop
  endfacet
  facet normal 0 0 1
    outer loop
      vertex 6.45203 68.8 1.5
      vertex 5.8 69.452 1.5
      vertex 6.28248 68.9133 1.5
    endloop
  endfacet
  facet normal 0 0 1
    outer loop
      vertex 6.28248 68.9133 1.5
      vertex 5.8 69.452 1.5
      vertex 6.08579 69.0858 1.5
    endloop
  endfacet
  facet normal 0 0 1
    outer loop
      vertex 6.08579 69.0858 1.5
      vertex 5.8 69.452 1.5
      vertex 5.91329 69.2825 1.5
    endloop
  endfacet
  facet normal -0 0 1
    outer loop
      vertex 68.3856 71.7 1.5
      vertex 70.7 69.452 1.5
      vertex 68.4782 71.8877 1.5
    endloop
  endfacet
  facet normal -0 0 1
    outer loop
      vertex 68.2694 71.526 1.5
      vertex 70.7 69.452 1.5
      vertex 68.3856 71.7 1.5
    endloop
  endfacet
  facet normal -0 0 1
    outer loop
      vertex 68.1314 71.3686 1.5
      vertex 70.7 69.452 1.5
      vertex 68.2694 71.526 1.5
    endloop
  endfacet
  facet normal 0 0 1
    outer loop
      vertex 70.7 69.452 1.5
      vertex 68.1314 71.3686 1.5
      vertex 70.5867 69.2825 1.5
    endloop
  endfacet
  facet normal 0 0 1
    outer loop
      vertex 70.5867 69.2825 1.5
      vertex 68.1314 71.3686 1.5
      vertex 70.4142 69.0858 1.5
    endloop
  endfacet
  facet normal 0 0 1
    outer loop
      vertex 70.4142 69.0858 1.5
      vertex 68.1314 71.3686 1.5
      vertex 70.2175 68.9133 1.5
    endloop
  endfacet
  facet normal 0 0 1
    outer loop
      vertex 70.2175 68.9133 1.5
      vertex 68.1314 71.3686 1.5
      vertex 70.048 68.8 1.5
    endloop
  endfacet
  facet normal -0 0 1
    outer loop
      vertex 67.974 71.2306 1.5
      vertex 70.048 68.8 1.5
      vertex 68.1314 71.3686 1.5
    endloop
  endfacet
  facet normal -0 0 1
    outer loop
      vertex 67.8 71.1144 1.5
      vertex 70.048 68.8 1.5
      vertex 67.974 71.2306 1.5
    endloop
  endfacet
  facet normal -0 0 1
    outer loop
      vertex 67.6123 71.0218 1.5
      vertex 70.048 68.8 1.5
      vertex 67.8 71.1144 1.5
    endloop
  endfacet
  facet normal -0 0 1
    outer loop
      vertex 67.4141 70.9545 1.5
      vertex 70.048 68.8 1.5
      vertex 67.6123 71.0218 1.5
    endloop
  endfacet
  facet normal -0 0 1
    outer loop
      vertex 67.2088 70.9137 1.5
      vertex 70.048 68.8 1.5
      vertex 67.4141 70.9545 1.5
    endloop
  endfacet
  facet normal -0 0 1
    outer loop
      vertex 67 70.9 1.5
      vertex 70.048 68.8 1.5
      vertex 67.2088 70.9137 1.5
    endloop
  endfacet
  facet normal 0 0 1
    outer loop
      vertex 66.7912 70.9137 1.5
      vertex 70.048 68.8 1.5
      vertex 67 70.9 1.5
    endloop
  endfacet
  facet normal 0 0 1
    outer loop
      vertex 66.5859 70.9545 1.5
      vertex 70.048 68.8 1.5
      vertex 66.7912 70.9137 1.5
    endloop
  endfacet
  facet normal 0 0 1
    outer loop
      vertex 66.3877 71.0218 1.5
      vertex 70.048 68.8 1.5
      vertex 66.5859 70.9545 1.5
    endloop
  endfacet
  facet normal 0 0 1
    outer loop
      vertex 66.2 71.1144 1.5
      vertex 70.048 68.8 1.5
      vertex 66.3877 71.0218 1.5
    endloop
  endfacet
  facet normal 0 0 1
    outer loop
      vertex 65.4137 72.7088 1.5
      vertex 11.1 72.5 1.5
      vertex 65.4 72.5 1.5
    endloop
  endfacet
  facet normal 0 0 1
    outer loop
      vertex 65.4 72.5 1.5
      vertex 11.1 72.5 1.5
      vertex 65.4137 72.2912 1.5
    endloop
  endfacet
  facet normal 0 0 1
    outer loop
      vertex 11.0863 72.2912 1.5
      vertex 65.4137 72.2912 1.5
      vertex 11.1 72.5 1.5
    endloop
  endfacet
  facet normal 0 0 1
    outer loop
      vertex 65.4137 72.2912 1.5
      vertex 11.0863 72.2912 1.5
      vertex 65.4545 72.0859 1.5
    endloop
  endfacet
  facet normal 0 0 1
    outer loop
      vertex 11.0455 72.0859 1.5
      vertex 65.4545 72.0859 1.5
      vertex 11.0863 72.2912 1.5
    endloop
  endfacet
  facet normal 0 0 1
    outer loop
      vertex 65.4545 72.0859 1.5
      vertex 11.0455 72.0859 1.5
      vertex 65.5218 71.8877 1.5
    endloop
  endfacet
  facet normal 0 0 1
    outer loop
      vertex 10.9782 71.8877 1.5
      vertex 65.5218 71.8877 1.5
      vertex 11.0455 72.0859 1.5
    endloop
  endfacet
  facet normal 0 0 1
    outer loop
      vertex 65.5218 71.8877 1.5
      vertex 10.9782 71.8877 1.5
      vertex 65.6144 71.7 1.5
    endloop
  endfacet
  facet normal 0 0 1
    outer loop
      vertex 10.8856 71.7 1.5
      vertex 65.6144 71.7 1.5
      vertex 10.9782 71.8877 1.5
    endloop
  endfacet
  facet normal 0 0 1
    outer loop
      vertex 65.6144 71.7 1.5
      vertex 10.8856 71.7 1.5
      vertex 65.7306 71.526 1.5
    endloop
  endfacet
  facet normal 0 0 1
    outer loop
      vertex 10.7694 71.526 1.5
      vertex 65.7306 71.526 1.5
      vertex 10.8856 71.7 1.5
    endloop
  endfacet
  facet normal 0 0 1
    outer loop
      vertex 65.7306 71.526 1.5
      vertex 10.7694 71.526 1.5
      vertex 65.8686 71.3686 1.5
    endloop
  endfacet
  facet normal 0 0 1
    outer loop
      vertex 10.6314 71.3686 1.5
      vertex 65.8686 71.3686 1.5
      vertex 10.7694 71.526 1.5
    endloop
  endfacet
  facet normal 0 0 1
    outer loop
      vertex 65.8686 71.3686 1.5
      vertex 10.6314 71.3686 1.5
      vertex 66.026 71.2306 1.5
    endloop
  endfacet
  facet normal 0 0 1
    outer loop
      vertex 10.474 71.2306 1.5
      vertex 66.026 71.2306 1.5
      vertex 10.6314 71.3686 1.5
    endloop
  endfacet
  facet normal 0 0 1
    outer loop
      vertex 66.026 71.2306 1.5
      vertex 10.474 71.2306 1.5
      vertex 66.2 71.1144 1.5
    endloop
  endfacet
  facet normal 0 0 1
    outer loop
      vertex 10.3 71.1144 1.5
      vertex 66.2 71.1144 1.5
      vertex 10.474 71.2306 1.5
    endloop
  endfacet
  facet normal 0 0 1
    outer loop
      vertex 66.2 71.1144 1.5
      vertex 10.3 71.1144 1.5
      vertex 70.048 68.8 1.5
    endloop
  endfacet
  facet normal 0 0 1
    outer loop
      vertex 6.45203 68.8 1.5
      vertex 10.3 71.1144 1.5
      vertex 10.1123 71.0218 1.5
    endloop
  endfacet
  facet normal 0 0 1
    outer loop
      vertex 6.45203 68.8 1.5
      vertex 10.1123 71.0218 1.5
      vertex 9.91411 70.9545 1.5
    endloop
  endfacet
  facet normal 0 0 1
    outer loop
      vertex 6.45203 68.8 1.5
      vertex 9.91411 70.9545 1.5
      vertex 9.70884 70.9137 1.5
    endloop
  endfacet
  facet normal 0 0 1
    outer loop
      vertex 6.45203 68.8 1.5
      vertex 9.70884 70.9137 1.5
      vertex 9.5 70.9 1.5
    endloop
  endfacet
  facet normal 0 0 1
    outer loop
      vertex 10.3 71.1144 1.5
      vertex 6.45203 68.8 1.5
      vertex 70.048 68.8 1.5
    endloop
  endfacet
  facet normal 0 0 1
    outer loop
      vertex 9.29116 70.9137 1.5
      vertex 6.45203 68.8 1.5
      vertex 9.5 70.9 1.5
    endloop
  endfacet
  facet normal 0 0 1
    outer loop
      vertex 9.08589 70.9545 1.5
      vertex 6.45203 68.8 1.5
      vertex 9.29116 70.9137 1.5
    endloop
  endfacet
  facet normal 0 0 1
    outer loop
      vertex 8.88771 71.0218 1.5
      vertex 6.45203 68.8 1.5
      vertex 9.08589 70.9545 1.5
    endloop
  endfacet
  facet normal 0 0 1
    outer loop
      vertex 8.7 71.1144 1.5
      vertex 6.45203 68.8 1.5
      vertex 8.88771 71.0218 1.5
    endloop
  endfacet
  facet normal 0 0 1
    outer loop
      vertex 8.52598 71.2306 1.5
      vertex 6.45203 68.8 1.5
      vertex 8.7 71.1144 1.5
    endloop
  endfacet
  facet normal 0 0 1
    outer loop
      vertex 8.36863 71.3686 1.5
      vertex 6.45203 68.8 1.5
      vertex 8.52598 71.2306 1.5
    endloop
  endfacet
  facet normal 0 0 1
    outer loop
      vertex 8.23063 71.526 1.5
      vertex 6.45203 68.8 1.5
      vertex 8.36863 71.3686 1.5
    endloop
  endfacet
  facet normal 0 0 1
    outer loop
      vertex 8.11436 71.7 1.5
      vertex 6.45203 68.8 1.5
      vertex 8.23063 71.526 1.5
    endloop
  endfacet
  facet normal 0 0 1
    outer loop
      vertex 8.02179 71.8877 1.5
      vertex 6.45203 68.8 1.5
      vertex 8.11436 71.7 1.5
    endloop
  endfacet
  facet normal 0 0 1
    outer loop
      vertex 7.95452 72.0859 1.5
      vertex 6.45203 68.8 1.5
      vertex 8.02179 71.8877 1.5
    endloop
  endfacet
  facet normal 0 0 1
    outer loop
      vertex 7.91369 72.2912 1.5
      vertex 6.45203 68.8 1.5
      vertex 7.95452 72.0859 1.5
    endloop
  endfacet
  facet normal 0 0 1
    outer loop
      vertex 6.45203 68.8 1.5
      vertex 7.91369 72.2912 1.5
      vertex 7.9 72.5 1.5
    endloop
  endfacet
endsolid OpenSCAD_Model
