solid OpenSCAD_Model
  facet normal -0.321117 -0.94704 0
    outer loop
      vertex 72.3882 121.449 1.4
      vertex 72.574 121.386 3
      vertex 72.3882 121.449 3
    endloop
  endfacet
  facet normal -0.321117 -0.94704 -0
    outer loop
      vertex 72.574 121.386 3
      vertex 72.3882 121.449 1.4
      vertex 72.574 121.386 1.4
    endloop
  endfacet
  facet normal -0.89686 0.442315 0
    outer loop
      vertex 73.299 74.25 1.4
      vertex 73.3858 74.426 3
      vertex 73.3858 74.426 1.4
    endloop
  endfacet
  facet normal -0.89686 0.442315 0
    outer loop
      vertex 73.3858 74.426 3
      vertex 73.299 74.25 1.4
      vertex 73.299 74.25 3
    endloop
  endfacet
  facet normal 0.831399 0.555676 0
    outer loop
      vertex 3.80997 74.0869 3
      vertex 3.70096 74.25 1.4
      vertex 3.70096 74.25 3
    endloop
  endfacet
  facet normal 0.831399 0.555676 0
    outer loop
      vertex 3.70096 74.25 1.4
      vertex 3.80997 74.0869 3
      vertex 3.80997 74.0869 1.4
    endloop
  endfacet
  facet normal 0.946931 0.321437 0
    outer loop
      vertex 3.61418 74.426 3
      vertex 3.55111 74.6118 1.4
      vertex 3.55111 74.6118 3
    endloop
  endfacet
  facet normal 0.946931 0.321437 0
    outer loop
      vertex 3.55111 74.6118 1.4
      vertex 3.61418 74.426 3
      vertex 3.61418 74.426 1.4
    endloop
  endfacet
  facet normal -0.89686 -0.442315 0
    outer loop
      vertex 73.3858 120.574 1.4
      vertex 73.299 120.75 3
      vertex 73.299 120.75 1.4
    endloop
  endfacet
  facet normal -0.89686 -0.442315 0
    outer loop
      vertex 73.299 120.75 3
      vertex 73.3858 120.574 1.4
      vertex 73.3858 120.574 3
    endloop
  endfacet
  facet normal 0 1 -0
    outer loop
      vertex 72 73.5 1.4
      vertex 5 73.5 3
      vertex 72 73.5 3
    endloop
  endfacet
  facet normal 0 1 0
    outer loop
      vertex 5 73.5 3
      vertex 72 73.5 1.4
      vertex 5 73.5 1.4
    endloop
  endfacet
  facet normal 1 -0 0
    outer loop
      vertex 3.5 75 3
      vertex 3.5 120 1.4
      vertex 3.5 120 3
    endloop
  endfacet
  facet normal 1 0 0
    outer loop
      vertex 3.5 120 1.4
      vertex 3.5 75 3
      vertex 3.5 75 1.4
    endloop
  endfacet
  facet normal 0.8969 -0.442233 0
    outer loop
      vertex 3.61418 120.574 3
      vertex 3.70096 120.75 1.4
      vertex 3.70096 120.75 3
    endloop
  endfacet
  facet normal 0.8969 -0.442233 0
    outer loop
      vertex 3.70096 120.75 1.4
      vertex 3.61418 120.574 3
      vertex 3.61418 120.574 1.4
    endloop
  endfacet
  facet normal -0.193762 -0.981049 0
    outer loop
      vertex 72.1958 121.487 1.4
      vertex 72.3882 121.449 3
      vertex 72.1958 121.487 3
    endloop
  endfacet
  facet normal -0.193762 -0.981049 -0
    outer loop
      vertex 72.3882 121.449 3
      vertex 72.1958 121.487 1.4
      vertex 72.3882 121.449 1.4
    endloop
  endfacet
  facet normal 0.980776 0.195136 0
    outer loop
      vertex 3.55111 74.6118 3
      vertex 3.51283 74.8042 1.4
      vertex 3.51283 74.8042 3
    endloop
  endfacet
  facet normal 0.980776 0.195136 0
    outer loop
      vertex 3.51283 74.8042 1.4
      vertex 3.55111 74.6118 3
      vertex 3.55111 74.6118 1.4
    endloop
  endfacet
  facet normal -0.980757 0.195234 0
    outer loop
      vertex 73.4489 74.6118 1.4
      vertex 73.4872 74.8042 3
      vertex 73.4872 74.8042 1.4
    endloop
  endfacet
  facet normal -0.980757 0.195234 0
    outer loop
      vertex 73.4872 74.8042 3
      vertex 73.4489 74.6118 1.4
      vertex 73.4489 74.6118 3
    endloop
  endfacet
  facet normal 0 -1 0
    outer loop
      vertex 5 121.5 1.4
      vertex 72 121.5 3
      vertex 5 121.5 3
    endloop
  endfacet
  facet normal 0 -1 -0
    outer loop
      vertex 72 121.5 3
      vertex 5 121.5 1.4
      vertex 72 121.5 1.4
    endloop
  endfacet
  facet normal -1 0 0
    outer loop
      vertex 73.5 75 1.4
      vertex 73.5 120 3
      vertex 73.5 120 1.4
    endloop
  endfacet
  facet normal -1 -0 0
    outer loop
      vertex 73.5 120 3
      vertex 73.5 75 1.4
      vertex 73.5 75 3
    endloop
  endfacet
  facet normal -0.442315 0.89686 0
    outer loop
      vertex 72.75 73.701 1.4
      vertex 72.574 73.6142 3
      vertex 72.75 73.701 3
    endloop
  endfacet
  facet normal -0.442315 0.89686 0
    outer loop
      vertex 72.574 73.6142 3
      vertex 72.75 73.701 1.4
      vertex 72.574 73.6142 1.4
    endloop
  endfacet
  facet normal -0.321574 0.946885 0
    outer loop
      vertex 72.574 73.6142 1.4
      vertex 72.3882 73.5511 3
      vertex 72.574 73.6142 3
    endloop
  endfacet
  facet normal -0.321574 0.946885 0
    outer loop
      vertex 72.3882 73.5511 3
      vertex 72.574 73.6142 1.4
      vertex 72.3882 73.5511 1.4
    endloop
  endfacet
  facet normal 0.997864 -0.0653194 0
    outer loop
      vertex 3.5 120 3
      vertex 3.51283 120.196 1.4
      vertex 3.51283 120.196 3
    endloop
  endfacet
  facet normal 0.997864 -0.0653194 0
    outer loop
      vertex 3.51283 120.196 1.4
      vertex 3.5 120 3
      vertex 3.5 120 1.4
    endloop
  endfacet
  facet normal 0.831241 -0.555912 0
    outer loop
      vertex 3.70096 120.75 3
      vertex 3.80997 120.913 1.4
      vertex 3.80997 120.913 3
    endloop
  endfacet
  facet normal 0.831241 -0.555912 0
    outer loop
      vertex 3.80997 120.913 1.4
      vertex 3.70096 120.75 3
      vertex 3.70096 120.75 1.4
    endloop
  endfacet
  facet normal 0.99786 0.0653858 0
    outer loop
      vertex 3.51283 74.8042 3
      vertex 3.5 75 1.4
      vertex 3.5 75 3
    endloop
  endfacet
  facet normal 0.99786 0.0653858 0
    outer loop
      vertex 3.5 75 1.4
      vertex 3.51283 74.8042 3
      vertex 3.51283 74.8042 1.4
    endloop
  endfacet
  facet normal -0.658071 -0.752956 0
    outer loop
      vertex 72.9131 121.19 1.4
      vertex 73.0607 121.061 3
      vertex 72.9131 121.19 3
    endloop
  endfacet
  facet normal -0.658071 -0.752956 -0
    outer loop
      vertex 73.0607 121.061 3
      vertex 72.9131 121.19 1.4
      vertex 73.0607 121.061 1.4
    endloop
  endfacet
  facet normal -0.195234 0.980757 0
    outer loop
      vertex 72.3882 73.5511 1.4
      vertex 72.1958 73.5128 3
      vertex 72.3882 73.5511 3
    endloop
  endfacet
  facet normal -0.195234 0.980757 0
    outer loop
      vertex 72.1958 73.5128 3
      vertex 72.3882 73.5511 1.4
      vertex 72.1958 73.5128 1.4
    endloop
  endfacet
  facet normal -0.752198 0.658937 0
    outer loop
      vertex 73.0607 73.9393 1.4
      vertex 73.19 74.0869 3
      vertex 73.19 74.0869 1.4
    endloop
  endfacet
  facet normal -0.752198 0.658937 0
    outer loop
      vertex 73.19 74.0869 3
      vertex 73.0607 73.9393 1.4
      vertex 73.0607 73.9393 3
    endloop
  endfacet
  facet normal -0.831265 -0.555877 0
    outer loop
      vertex 73.299 120.75 1.4
      vertex 73.19 120.913 3
      vertex 73.19 120.913 1.4
    endloop
  endfacet
  facet normal -0.831265 -0.555877 0
    outer loop
      vertex 73.19 120.913 3
      vertex 73.299 120.75 1.4
      vertex 73.299 120.75 3
    endloop
  endfacet
  facet normal 0.193723 -0.981056 0
    outer loop
      vertex 4.61177 121.449 1.4
      vertex 4.80421 121.487 3
      vertex 4.61177 121.449 3
    endloop
  endfacet
  facet normal 0.193723 -0.981056 0
    outer loop
      vertex 4.80421 121.487 3
      vertex 4.61177 121.449 1.4
      vertex 4.80421 121.487 1.4
    endloop
  endfacet
  facet normal 0.752904 -0.65813 0
    outer loop
      vertex 3.80997 120.913 3
      vertex 3.93934 121.061 1.4
      vertex 3.93934 121.061 3
    endloop
  endfacet
  facet normal 0.752904 -0.65813 0
    outer loop
      vertex 3.93934 121.061 1.4
      vertex 3.80997 120.913 3
      vertex 3.80997 120.913 1.4
    endloop
  endfacet
  facet normal -0.0662484 -0.997803 0
    outer loop
      vertex 72 121.5 1.4
      vertex 72.1958 121.487 3
      vertex 72 121.5 3
    endloop
  endfacet
  facet normal -0.0662484 -0.997803 -0
    outer loop
      vertex 72.1958 121.487 3
      vertex 72 121.5 1.4
      vertex 72.1958 121.487 1.4
    endloop
  endfacet
  facet normal 0.947036 -0.321127 0
    outer loop
      vertex 3.55111 120.388 3
      vertex 3.61418 120.574 1.4
      vertex 3.61418 120.574 3
    endloop
  endfacet
  facet normal 0.947036 -0.321127 0
    outer loop
      vertex 3.61418 120.574 1.4
      vertex 3.55111 120.388 3
      vertex 3.55111 120.388 1.4
    endloop
  endfacet
  facet normal 0.980698 -0.195527 0
    outer loop
      vertex 3.51283 120.196 3
      vertex 3.55111 120.388 1.4
      vertex 3.55111 120.388 3
    endloop
  endfacet
  facet normal 0.980698 -0.195527 0
    outer loop
      vertex 3.55111 120.388 1.4
      vertex 3.51283 120.196 3
      vertex 3.51283 120.196 1.4
    endloop
  endfacet
  facet normal -0.99787 0.0652336 0
    outer loop
      vertex 73.4872 74.8042 1.4
      vertex 73.5 75 3
      vertex 73.5 75 1.4
    endloop
  endfacet
  facet normal -0.99787 0.0652336 0
    outer loop
      vertex 73.5 75 3
      vertex 73.4872 74.8042 1.4
      vertex 73.4872 74.8042 3
    endloop
  endfacet
  facet normal -0.0652336 0.99787 0
    outer loop
      vertex 72.1958 73.5128 1.4
      vertex 72 73.5 3
      vertex 72.1958 73.5128 3
    endloop
  endfacet
  facet normal -0.0652336 0.99787 0
    outer loop
      vertex 72 73.5 3
      vertex 72.1958 73.5128 1.4
      vertex 72 73.5 1.4
    endloop
  endfacet
  facet normal -0.443134 -0.896455 0
    outer loop
      vertex 72.574 121.386 1.4
      vertex 72.75 121.299 3
      vertex 72.574 121.386 3
    endloop
  endfacet
  facet normal -0.443134 -0.896455 -0
    outer loop
      vertex 72.75 121.299 3
      vertex 72.574 121.386 1.4
      vertex 72.75 121.299 1.4
    endloop
  endfacet
  facet normal 0 0 1
    outer loop
      vertex 71.0536 119.054 1.4
      vertex 73.5 120 1.4
      vertex 73.4872 120.196 1.4
    endloop
  endfacet
  facet normal 0 0 1
    outer loop
      vertex 73.5 120 1.4
      vertex 71.2 118.7 1.4
      vertex 73.5 75 1.4
    endloop
  endfacet
  facet normal 0 0 1
    outer loop
      vertex 71.0536 119.054 1.4
      vertex 73.4872 120.196 1.4
      vertex 73.4489 120.388 1.4
    endloop
  endfacet
  facet normal -0 0 1
    outer loop
      vertex 71.2 76.3 1.4
      vertex 73.5 75 1.4
      vertex 71.2 118.7 1.4
    endloop
  endfacet
  facet normal 0 0 1
    outer loop
      vertex 71.0536 119.054 1.4
      vertex 73.4489 120.388 1.4
      vertex 73.3858 120.574 1.4
    endloop
  endfacet
  facet normal -0 0 1
    outer loop
      vertex 71.1957 76.2347 1.4
      vertex 73.5 75 1.4
      vertex 71.2 76.3 1.4
    endloop
  endfacet
  facet normal 0 0 1
    outer loop
      vertex 71.0536 119.054 1.4
      vertex 73.3858 120.574 1.4
      vertex 73.299 120.75 1.4
    endloop
  endfacet
  facet normal -0 0 1
    outer loop
      vertex 71.183 76.1706 1.4
      vertex 73.5 75 1.4
      vertex 71.1957 76.2347 1.4
    endloop
  endfacet
  facet normal 0 0 1
    outer loop
      vertex 71.0536 119.054 1.4
      vertex 73.299 120.75 1.4
      vertex 73.19 120.913 1.4
    endloop
  endfacet
  facet normal -0 0 1
    outer loop
      vertex 71.1619 76.1087 1.4
      vertex 73.5 75 1.4
      vertex 71.183 76.1706 1.4
    endloop
  endfacet
  facet normal 0 0 1
    outer loop
      vertex 71.0536 119.054 1.4
      vertex 73.19 120.913 1.4
      vertex 73.0607 121.061 1.4
    endloop
  endfacet
  facet normal -0 0 1
    outer loop
      vertex 71.133 76.05 1.4
      vertex 73.5 75 1.4
      vertex 71.1619 76.1087 1.4
    endloop
  endfacet
  facet normal 0 0 1
    outer loop
      vertex 71.0536 119.054 1.4
      vertex 73.0607 121.061 1.4
      vertex 72.9131 121.19 1.4
    endloop
  endfacet
  facet normal -0 0 1
    outer loop
      vertex 71.0967 75.9956 1.4
      vertex 73.5 75 1.4
      vertex 71.133 76.05 1.4
    endloop
  endfacet
  facet normal 0 0 1
    outer loop
      vertex 71.0536 119.054 1.4
      vertex 72.9131 121.19 1.4
      vertex 72.75 121.299 1.4
    endloop
  endfacet
  facet normal -0 0 1
    outer loop
      vertex 71.0536 75.9464 1.4
      vertex 73.5 75 1.4
      vertex 71.0967 75.9956 1.4
    endloop
  endfacet
  facet normal 0 0 1
    outer loop
      vertex 71.0536 119.054 1.4
      vertex 72.75 121.299 1.4
      vertex 72.574 121.386 1.4
    endloop
  endfacet
  facet normal 0 0 1
    outer loop
      vertex 73.5 75 1.4
      vertex 71.0536 75.9464 1.4
      vertex 73.4872 74.8042 1.4
    endloop
  endfacet
  facet normal 0 0 1
    outer loop
      vertex 71.0536 119.054 1.4
      vertex 72.574 121.386 1.4
      vertex 72.3882 121.449 1.4
    endloop
  endfacet
  facet normal 0 0 1
    outer loop
      vertex 73.4872 74.8042 1.4
      vertex 71.0536 75.9464 1.4
      vertex 73.4489 74.6118 1.4
    endloop
  endfacet
  facet normal 0 0 1
    outer loop
      vertex 71.0536 119.054 1.4
      vertex 72.3882 121.449 1.4
      vertex 72.1958 121.487 1.4
    endloop
  endfacet
  facet normal 0 0 1
    outer loop
      vertex 73.4489 74.6118 1.4
      vertex 71.0536 75.9464 1.4
      vertex 73.3858 74.426 1.4
    endloop
  endfacet
  facet normal 0 0 1
    outer loop
      vertex 71.0536 119.054 1.4
      vertex 72.1958 121.487 1.4
      vertex 72 121.5 1.4
    endloop
  endfacet
  facet normal 0 0 1
    outer loop
      vertex 73.3858 74.426 1.4
      vertex 71.0536 75.9464 1.4
      vertex 73.299 74.25 1.4
    endloop
  endfacet
  facet normal 0 0 1
    outer loop
      vertex 73.299 74.25 1.4
      vertex 71.0536 75.9464 1.4
      vertex 73.19 74.0869 1.4
    endloop
  endfacet
  facet normal 0 0 1
    outer loop
      vertex 73.5 120 1.4
      vertex 71.1957 118.765 1.4
      vertex 71.2 118.7 1.4
    endloop
  endfacet
  facet normal 0 0 1
    outer loop
      vertex 73.5 120 1.4
      vertex 71.183 118.829 1.4
      vertex 71.1957 118.765 1.4
    endloop
  endfacet
  facet normal 0 0 1
    outer loop
      vertex 73.5 120 1.4
      vertex 71.1619 118.891 1.4
      vertex 71.183 118.829 1.4
    endloop
  endfacet
  facet normal 0 0 1
    outer loop
      vertex 73.5 120 1.4
      vertex 71.133 118.95 1.4
      vertex 71.1619 118.891 1.4
    endloop
  endfacet
  facet normal 0 0 1
    outer loop
      vertex 73.5 120 1.4
      vertex 71.0967 119.004 1.4
      vertex 71.133 118.95 1.4
    endloop
  endfacet
  facet normal 0 0 1
    outer loop
      vertex 73.5 120 1.4
      vertex 71.0536 119.054 1.4
      vertex 71.0967 119.004 1.4
    endloop
  endfacet
  facet normal 0 0 1
    outer loop
      vertex 72 121.5 1.4
      vertex 71.0044 119.097 1.4
      vertex 71.0536 119.054 1.4
    endloop
  endfacet
  facet normal 0 0 1
    outer loop
      vertex 72 121.5 1.4
      vertex 70.95 119.133 1.4
      vertex 71.0044 119.097 1.4
    endloop
  endfacet
  facet normal 0 0 1
    outer loop
      vertex 72 121.5 1.4
      vertex 70.8913 119.162 1.4
      vertex 70.95 119.133 1.4
    endloop
  endfacet
  facet normal 0 0 1
    outer loop
      vertex 72 121.5 1.4
      vertex 70.8294 119.183 1.4
      vertex 70.8913 119.162 1.4
    endloop
  endfacet
  facet normal 0 0 1
    outer loop
      vertex 72 121.5 1.4
      vertex 70.7653 119.196 1.4
      vertex 70.8294 119.183 1.4
    endloop
  endfacet
  facet normal 0 0 1
    outer loop
      vertex 72 121.5 1.4
      vertex 70.7 119.2 1.4
      vertex 70.7653 119.196 1.4
    endloop
  endfacet
  facet normal 0 0 1
    outer loop
      vertex 72 121.5 1.4
      vertex 6.3 119.2 1.4
      vertex 70.7 119.2 1.4
    endloop
  endfacet
  facet normal 0 0 1
    outer loop
      vertex 5.80428 118.765 1.4
      vertex 3.5 120 1.4
      vertex 5.8 118.7 1.4
    endloop
  endfacet
  facet normal 0 0 1
    outer loop
      vertex 5.81704 118.829 1.4
      vertex 3.5 120 1.4
      vertex 5.80428 118.765 1.4
    endloop
  endfacet
  facet normal 0 0 1
    outer loop
      vertex 5.83806 118.891 1.4
      vertex 3.5 120 1.4
      vertex 5.81704 118.829 1.4
    endloop
  endfacet
  facet normal 0 0 1
    outer loop
      vertex 5.86699 118.95 1.4
      vertex 3.5 120 1.4
      vertex 5.83806 118.891 1.4
    endloop
  endfacet
  facet normal 0 0 1
    outer loop
      vertex 5.90332 119.004 1.4
      vertex 3.5 120 1.4
      vertex 5.86699 118.95 1.4
    endloop
  endfacet
  facet normal 0 0 1
    outer loop
      vertex 5.94645 119.054 1.4
      vertex 3.5 120 1.4
      vertex 5.90332 119.004 1.4
    endloop
  endfacet
  facet normal -0 0 1
    outer loop
      vertex 3.5 120 1.4
      vertex 5.94645 119.054 1.4
      vertex 5 121.5 1.4
    endloop
  endfacet
  facet normal 0 0 1
    outer loop
      vertex 5.99562 119.097 1.4
      vertex 5 121.5 1.4
      vertex 5.94645 119.054 1.4
    endloop
  endfacet
  facet normal 0 0 1
    outer loop
      vertex 6.05 119.133 1.4
      vertex 5 121.5 1.4
      vertex 5.99562 119.097 1.4
    endloop
  endfacet
  facet normal 0 0 1
    outer loop
      vertex 6.10866 119.162 1.4
      vertex 5 121.5 1.4
      vertex 6.05 119.133 1.4
    endloop
  endfacet
  facet normal 0 0 1
    outer loop
      vertex 6.17059 119.183 1.4
      vertex 5 121.5 1.4
      vertex 6.10866 119.162 1.4
    endloop
  endfacet
  facet normal 0 0 1
    outer loop
      vertex 6.23474 119.196 1.4
      vertex 5 121.5 1.4
      vertex 6.17059 119.183 1.4
    endloop
  endfacet
  facet normal 0 0 1
    outer loop
      vertex 6.3 119.2 1.4
      vertex 5 121.5 1.4
      vertex 6.23474 119.196 1.4
    endloop
  endfacet
  facet normal -0 0 1
    outer loop
      vertex 5 121.5 1.4
      vertex 6.3 119.2 1.4
      vertex 72 121.5 1.4
    endloop
  endfacet
  facet normal 0 0 1
    outer loop
      vertex 73.19 74.0869 1.4
      vertex 71.0536 75.9464 1.4
      vertex 73.0607 73.9393 1.4
    endloop
  endfacet
  facet normal 0 0 1
    outer loop
      vertex 73.0607 73.9393 1.4
      vertex 71.0536 75.9464 1.4
      vertex 72.9131 73.81 1.4
    endloop
  endfacet
  facet normal 0 0 1
    outer loop
      vertex 72.9131 73.81 1.4
      vertex 71.0536 75.9464 1.4
      vertex 72.75 73.701 1.4
    endloop
  endfacet
  facet normal 0 0 1
    outer loop
      vertex 72.75 73.701 1.4
      vertex 71.0536 75.9464 1.4
      vertex 72.574 73.6142 1.4
    endloop
  endfacet
  facet normal 0 0 1
    outer loop
      vertex 72.574 73.6142 1.4
      vertex 71.0536 75.9464 1.4
      vertex 72.3882 73.5511 1.4
    endloop
  endfacet
  facet normal 0 0 1
    outer loop
      vertex 72.3882 73.5511 1.4
      vertex 71.0536 75.9464 1.4
      vertex 72.1958 73.5128 1.4
    endloop
  endfacet
  facet normal 0 0 1
    outer loop
      vertex 72.1958 73.5128 1.4
      vertex 71.0536 75.9464 1.4
      vertex 72 73.5 1.4
    endloop
  endfacet
  facet normal -0 0 1
    outer loop
      vertex 71.0044 75.9033 1.4
      vertex 72 73.5 1.4
      vertex 71.0536 75.9464 1.4
    endloop
  endfacet
  facet normal -0 0 1
    outer loop
      vertex 70.95 75.867 1.4
      vertex 72 73.5 1.4
      vertex 71.0044 75.9033 1.4
    endloop
  endfacet
  facet normal -0 0 1
    outer loop
      vertex 70.8913 75.8381 1.4
      vertex 72 73.5 1.4
      vertex 70.95 75.867 1.4
    endloop
  endfacet
  facet normal -0 0 1
    outer loop
      vertex 70.8294 75.817 1.4
      vertex 72 73.5 1.4
      vertex 70.8913 75.8381 1.4
    endloop
  endfacet
  facet normal -0 0 1
    outer loop
      vertex 70.7653 75.8043 1.4
      vertex 72 73.5 1.4
      vertex 70.8294 75.817 1.4
    endloop
  endfacet
  facet normal -0 0 1
    outer loop
      vertex 70.7 75.8 1.4
      vertex 72 73.5 1.4
      vertex 70.7653 75.8043 1.4
    endloop
  endfacet
  facet normal -0 0 1
    outer loop
      vertex 6.3 75.8 1.4
      vertex 72 73.5 1.4
      vertex 70.7 75.8 1.4
    endloop
  endfacet
  facet normal 0 0 1
    outer loop
      vertex 6.3 75.8 1.4
      vertex 5 73.5 1.4
      vertex 72 73.5 1.4
    endloop
  endfacet
  facet normal 0 0 1
    outer loop
      vertex 6.23474 75.8043 1.4
      vertex 5 73.5 1.4
      vertex 6.3 75.8 1.4
    endloop
  endfacet
  facet normal 0 0 1
    outer loop
      vertex 6.17059 75.817 1.4
      vertex 5 73.5 1.4
      vertex 6.23474 75.8043 1.4
    endloop
  endfacet
  facet normal 0 0 1
    outer loop
      vertex 6.10866 75.8381 1.4
      vertex 5 73.5 1.4
      vertex 6.17059 75.817 1.4
    endloop
  endfacet
  facet normal 0 0 1
    outer loop
      vertex 6.05 75.867 1.4
      vertex 5 73.5 1.4
      vertex 6.10866 75.8381 1.4
    endloop
  endfacet
  facet normal 0 0 1
    outer loop
      vertex 5.99562 75.9033 1.4
      vertex 5 73.5 1.4
      vertex 6.05 75.867 1.4
    endloop
  endfacet
  facet normal 0 0 1
    outer loop
      vertex 5.94645 75.9464 1.4
      vertex 5 73.5 1.4
      vertex 5.99562 75.9033 1.4
    endloop
  endfacet
  facet normal 0 0 1
    outer loop
      vertex 3.5 75 1.4
      vertex 5.94645 75.9464 1.4
      vertex 5.90332 75.9956 1.4
    endloop
  endfacet
  facet normal 0 0 1
    outer loop
      vertex 3.5 75 1.4
      vertex 5.90332 75.9956 1.4
      vertex 5.86699 76.05 1.4
    endloop
  endfacet
  facet normal 0 0 1
    outer loop
      vertex 3.5 75 1.4
      vertex 5.86699 76.05 1.4
      vertex 5.83806 76.1087 1.4
    endloop
  endfacet
  facet normal 0 0 1
    outer loop
      vertex 3.5 75 1.4
      vertex 5.83806 76.1087 1.4
      vertex 5.81704 76.1706 1.4
    endloop
  endfacet
  facet normal 0 0 1
    outer loop
      vertex 3.5 75 1.4
      vertex 5.81704 76.1706 1.4
      vertex 5.80428 76.2347 1.4
    endloop
  endfacet
  facet normal 0 0 1
    outer loop
      vertex 3.5 75 1.4
      vertex 5.80428 76.2347 1.4
      vertex 5.8 76.3 1.4
    endloop
  endfacet
  facet normal 0 0 1
    outer loop
      vertex 5.8 118.7 1.4
      vertex 3.5 120 1.4
      vertex 5.8 76.3 1.4
    endloop
  endfacet
  facet normal 0 0 1
    outer loop
      vertex 3.5 120 1.4
      vertex 5 121.5 1.4
      vertex 4.80421 121.487 1.4
    endloop
  endfacet
  facet normal 0 0 1
    outer loop
      vertex 3.5 75 1.4
      vertex 5.8 76.3 1.4
      vertex 3.5 120 1.4
    endloop
  endfacet
  facet normal 0 0 1
    outer loop
      vertex 3.5 120 1.4
      vertex 4.80421 121.487 1.4
      vertex 4.61177 121.449 1.4
    endloop
  endfacet
  facet normal 0 0 1
    outer loop
      vertex 5.94645 75.9464 1.4
      vertex 3.5 75 1.4
      vertex 3.55111 74.6118 1.4
    endloop
  endfacet
  facet normal 0 0 1
    outer loop
      vertex 3.5 120 1.4
      vertex 4.61177 121.449 1.4
      vertex 4.42597 121.386 1.4
    endloop
  endfacet
  facet normal 0 0 1
    outer loop
      vertex 5.94645 75.9464 1.4
      vertex 4.80421 73.5128 1.4
      vertex 5 73.5 1.4
    endloop
  endfacet
  facet normal 0 0 1
    outer loop
      vertex 3.5 120 1.4
      vertex 4.42597 121.386 1.4
      vertex 4.25 121.299 1.4
    endloop
  endfacet
  facet normal 0 0 1
    outer loop
      vertex 5.94645 75.9464 1.4
      vertex 4.61177 73.5511 1.4
      vertex 4.80421 73.5128 1.4
    endloop
  endfacet
  facet normal 0 0 1
    outer loop
      vertex 3.5 120 1.4
      vertex 4.25 121.299 1.4
      vertex 4.08686 121.19 1.4
    endloop
  endfacet
  facet normal 0 0 1
    outer loop
      vertex 5.94645 75.9464 1.4
      vertex 4.42597 73.6142 1.4
      vertex 4.61177 73.5511 1.4
    endloop
  endfacet
  facet normal 0 0 1
    outer loop
      vertex 3.5 120 1.4
      vertex 4.08686 121.19 1.4
      vertex 3.93934 121.061 1.4
    endloop
  endfacet
  facet normal 0 0 1
    outer loop
      vertex 5.94645 75.9464 1.4
      vertex 4.25 73.701 1.4
      vertex 4.42597 73.6142 1.4
    endloop
  endfacet
  facet normal 0 0 1
    outer loop
      vertex 3.5 120 1.4
      vertex 3.93934 121.061 1.4
      vertex 3.80997 120.913 1.4
    endloop
  endfacet
  facet normal 0 0 1
    outer loop
      vertex 5.94645 75.9464 1.4
      vertex 4.08686 73.81 1.4
      vertex 4.25 73.701 1.4
    endloop
  endfacet
  facet normal 0 0 1
    outer loop
      vertex 3.5 120 1.4
      vertex 3.80997 120.913 1.4
      vertex 3.70096 120.75 1.4
    endloop
  endfacet
  facet normal 0 0 1
    outer loop
      vertex 5.94645 75.9464 1.4
      vertex 3.93934 73.9393 1.4
      vertex 4.08686 73.81 1.4
    endloop
  endfacet
  facet normal 0 0 1
    outer loop
      vertex 3.5 120 1.4
      vertex 3.70096 120.75 1.4
      vertex 3.61418 120.574 1.4
    endloop
  endfacet
  facet normal 0 0 1
    outer loop
      vertex 5.94645 75.9464 1.4
      vertex 3.80997 74.0869 1.4
      vertex 3.93934 73.9393 1.4
    endloop
  endfacet
  facet normal 0 0 1
    outer loop
      vertex 3.5 120 1.4
      vertex 3.61418 120.574 1.4
      vertex 3.55111 120.388 1.4
    endloop
  endfacet
  facet normal 0 0 1
    outer loop
      vertex 5.94645 75.9464 1.4
      vertex 3.70096 74.25 1.4
      vertex 3.80997 74.0869 1.4
    endloop
  endfacet
  facet normal 0 0 1
    outer loop
      vertex 3.5 120 1.4
      vertex 3.55111 120.388 1.4
      vertex 3.51283 120.196 1.4
    endloop
  endfacet
  facet normal 0 0 1
    outer loop
      vertex 5.94645 75.9464 1.4
      vertex 3.61418 74.426 1.4
      vertex 3.70096 74.25 1.4
    endloop
  endfacet
  facet normal 0 0 1
    outer loop
      vertex 5.94645 75.9464 1.4
      vertex 3.55111 74.6118 1.4
      vertex 3.61418 74.426 1.4
    endloop
  endfacet
  facet normal 0 0 1
    outer loop
      vertex 3.55111 74.6118 1.4
      vertex 3.5 75 1.4
      vertex 3.51283 74.8042 1.4
    endloop
  endfacet
  facet normal -0.980679 -0.195625 0
    outer loop
      vertex 73.4872 120.196 1.4
      vertex 73.4489 120.388 3
      vertex 73.4489 120.388 1.4
    endloop
  endfacet
  facet normal -0.980679 -0.195625 0
    outer loop
      vertex 73.4489 120.388 3
      vertex 73.4872 120.196 1.4
      vertex 73.4872 120.196 3
    endloop
  endfacet
  facet normal 0.555547 -0.831485 0
    outer loop
      vertex 4.08686 121.19 1.4
      vertex 4.25 121.299 3
      vertex 4.08686 121.19 3
    endloop
  endfacet
  facet normal 0.555547 -0.831485 0
    outer loop
      vertex 4.25 121.299 3
      vertex 4.08686 121.19 1.4
      vertex 4.25 121.299 1.4
    endloop
  endfacet
  facet normal 0.195195 0.980764 -0
    outer loop
      vertex 4.80421 73.5128 1.4
      vertex 4.61177 73.5511 3
      vertex 4.80421 73.5128 3
    endloop
  endfacet
  facet normal 0.195195 0.980764 0
    outer loop
      vertex 4.61177 73.5511 3
      vertex 4.80421 73.5128 1.4
      vertex 4.61177 73.5511 1.4
    endloop
  endfacet
  facet normal 0.65914 0.752021 -0
    outer loop
      vertex 4.08686 73.81 1.4
      vertex 3.93934 73.9393 3
      vertex 4.08686 73.81 3
    endloop
  endfacet
  facet normal 0.65914 0.752021 0
    outer loop
      vertex 3.93934 73.9393 3
      vertex 4.08686 73.81 1.4
      vertex 3.93934 73.9393 1.4
    endloop
  endfacet
  facet normal 0.442376 0.89683 -0
    outer loop
      vertex 4.42597 73.6142 1.4
      vertex 4.25 73.701 3
      vertex 4.42597 73.6142 3
    endloop
  endfacet
  facet normal 0.442376 0.89683 0
    outer loop
      vertex 4.25 73.701 3
      vertex 4.42597 73.6142 1.4
      vertex 4.25 73.701 1.4
    endloop
  endfacet
  facet normal -0.753081 -0.657928 0
    outer loop
      vertex 73.19 120.913 1.4
      vertex 73.0607 121.061 3
      vertex 73.0607 121.061 1.4
    endloop
  endfacet
  facet normal -0.753081 -0.657928 0
    outer loop
      vertex 73.0607 121.061 3
      vertex 73.19 120.913 1.4
      vertex 73.19 120.913 3
    endloop
  endfacet
  facet normal 0.0662518 -0.997803 0
    outer loop
      vertex 4.80421 121.487 1.4
      vertex 5 121.5 3
      vertex 4.80421 121.487 3
    endloop
  endfacet
  facet normal 0.0662518 -0.997803 0
    outer loop
      vertex 5 121.5 3
      vertex 4.80421 121.487 1.4
      vertex 5 121.5 1.4
    endloop
  endfacet
  facet normal 0.321574 0.946885 -0
    outer loop
      vertex 4.61177 73.5511 1.4
      vertex 4.42597 73.6142 3
      vertex 4.61177 73.5511 3
    endloop
  endfacet
  facet normal 0.321574 0.946885 0
    outer loop
      vertex 4.42597 73.6142 3
      vertex 4.61177 73.5511 1.4
      vertex 4.42597 73.6142 1.4
    endloop
  endfacet
  facet normal -0.831422 0.555641 0
    outer loop
      vertex 73.19 74.0869 1.4
      vertex 73.299 74.25 3
      vertex 73.299 74.25 1.4
    endloop
  endfacet
  facet normal -0.831422 0.555641 0
    outer loop
      vertex 73.299 74.25 3
      vertex 73.19 74.0869 1.4
      vertex 73.19 74.0869 3
    endloop
  endfacet
  facet normal -0.555641 0.831422 0
    outer loop
      vertex 72.9131 73.81 1.4
      vertex 72.75 73.701 3
      vertex 72.9131 73.81 3
    endloop
  endfacet
  facet normal -0.555641 0.831422 0
    outer loop
      vertex 72.75 73.701 3
      vertex 72.9131 73.81 1.4
      vertex 72.75 73.701 1.4
    endloop
  endfacet
  facet normal -0.94699 -0.321264 0
    outer loop
      vertex 73.4489 120.388 1.4
      vertex 73.3858 120.574 3
      vertex 73.3858 120.574 1.4
    endloop
  endfacet
  facet normal -0.94699 -0.321264 0
    outer loop
      vertex 73.3858 120.574 3
      vertex 73.4489 120.388 1.4
      vertex 73.4489 120.388 3
    endloop
  endfacet
  facet normal -0.555641 -0.831422 0
    outer loop
      vertex 72.75 121.299 1.4
      vertex 72.9131 121.19 3
      vertex 72.75 121.299 3
    endloop
  endfacet
  facet normal -0.555641 -0.831422 -0
    outer loop
      vertex 72.9131 121.19 3
      vertex 72.75 121.299 1.4
      vertex 72.9131 121.19 1.4
    endloop
  endfacet
  facet normal 0.443195 -0.896425 0
    outer loop
      vertex 4.25 121.299 1.4
      vertex 4.42597 121.386 3
      vertex 4.25 121.299 3
    endloop
  endfacet
  facet normal 0.443195 -0.896425 0
    outer loop
      vertex 4.42597 121.386 3
      vertex 4.25 121.299 1.4
      vertex 4.42597 121.386 1.4
    endloop
  endfacet
  facet normal 0.321117 -0.94704 0
    outer loop
      vertex 4.42597 121.386 1.4
      vertex 4.61177 121.449 3
      vertex 4.42597 121.386 3
    endloop
  endfacet
  facet normal 0.321117 -0.94704 0
    outer loop
      vertex 4.61177 121.449 3
      vertex 4.42597 121.386 1.4
      vertex 4.61177 121.449 1.4
    endloop
  endfacet
  facet normal -0.946885 0.321574 0
    outer loop
      vertex 73.3858 74.426 1.4
      vertex 73.4489 74.6118 3
      vertex 73.4489 74.6118 1.4
    endloop
  endfacet
  facet normal -0.946885 0.321574 0
    outer loop
      vertex 73.4489 74.6118 3
      vertex 73.3858 74.426 1.4
      vertex 73.3858 74.426 3
    endloop
  endfacet
  facet normal 0.658273 -0.752779 0
    outer loop
      vertex 3.93934 121.061 1.4
      vertex 4.08686 121.19 3
      vertex 3.93934 121.061 3
    endloop
  endfacet
  facet normal 0.658273 -0.752779 0
    outer loop
      vertex 4.08686 121.19 3
      vertex 3.93934 121.061 1.4
      vertex 4.08686 121.19 1.4
    endloop
  endfacet
  facet normal 0.555547 0.831485 -0
    outer loop
      vertex 4.25 73.701 1.4
      vertex 4.08686 73.81 3
      vertex 4.25 73.701 3
    endloop
  endfacet
  facet normal 0.555547 0.831485 0
    outer loop
      vertex 4.08686 73.81 3
      vertex 4.25 73.701 1.4
      vertex 4.08686 73.81 1.4
    endloop
  endfacet
  facet normal 0.0652369 0.99787 -0
    outer loop
      vertex 5 73.5 1.4
      vertex 4.80421 73.5128 3
      vertex 5 73.5 3
    endloop
  endfacet
  facet normal 0.0652369 0.99787 0
    outer loop
      vertex 4.80421 73.5128 3
      vertex 5 73.5 1.4
      vertex 4.80421 73.5128 1.4
    endloop
  endfacet
  facet normal -0.997874 -0.0651673 0
    outer loop
      vertex 73.5 120 1.4
      vertex 73.4872 120.196 3
      vertex 73.4872 120.196 1.4
    endloop
  endfacet
  facet normal -0.997874 -0.0651673 0
    outer loop
      vertex 73.4872 120.196 3
      vertex 73.5 120 1.4
      vertex 73.5 120 3
    endloop
  endfacet
  facet normal 0.8969 0.442233 0
    outer loop
      vertex 3.70096 74.25 3
      vertex 3.61418 74.426 1.4
      vertex 3.61418 74.426 3
    endloop
  endfacet
  facet normal 0.8969 0.442233 0
    outer loop
      vertex 3.61418 74.426 1.4
      vertex 3.70096 74.25 3
      vertex 3.70096 74.25 1.4
    endloop
  endfacet
  facet normal -0.658937 0.752198 0
    outer loop
      vertex 73.0607 73.9393 1.4
      vertex 72.9131 73.81 3
      vertex 73.0607 73.9393 3
    endloop
  endfacet
  facet normal -0.658937 0.752198 0
    outer loop
      vertex 72.9131 73.81 3
      vertex 73.0607 73.9393 1.4
      vertex 72.9131 73.81 1.4
    endloop
  endfacet
  facet normal 0.752021 0.659139 0
    outer loop
      vertex 3.93934 73.9393 3
      vertex 3.80997 74.0869 1.4
      vertex 3.80997 74.0869 3
    endloop
  endfacet
  facet normal 0.752021 0.659139 0
    outer loop
      vertex 3.80997 74.0869 1.4
      vertex 3.93934 73.9393 3
      vertex 3.93934 73.9393 1.4
    endloop
  endfacet
  facet normal -0.947052 0.321081 0
    outer loop
      vertex 5.81704 118.829 1.4
      vertex 5.83806 118.891 3
      vertex 5.83806 118.891 1.4
    endloop
  endfacet
  facet normal -0.947052 0.321081 0
    outer loop
      vertex 5.83806 118.891 3
      vertex 5.81704 118.829 1.4
      vertex 5.81704 118.829 3
    endloop
  endfacet
  facet normal 0.441703 -0.897161 0
    outer loop
      vertex 70.8913 75.8381 1.4
      vertex 70.95 75.867 3
      vertex 70.8913 75.8381 3
    endloop
  endfacet
  facet normal 0.441703 -0.897161 0
    outer loop
      vertex 70.95 75.867 3
      vertex 70.8913 75.8381 1.4
      vertex 70.95 75.867 1.4
    endloop
  endfacet
  facet normal 0.658071 0.752956 -0
    outer loop
      vertex 71.0536 119.054 1.4
      vertex 71.0044 119.097 3
      vertex 71.0536 119.054 3
    endloop
  endfacet
  facet normal 0.658071 0.752956 0
    outer loop
      vertex 71.0044 119.097 3
      vertex 71.0536 119.054 1.4
      vertex 71.0044 119.097 1.4
    endloop
  endfacet
  facet normal -0.997859 -0.0654033 0
    outer loop
      vertex 5.80428 76.2347 1.4
      vertex 5.8 76.3 3
      vertex 5.8 76.3 1.4
    endloop
  endfacet
  facet normal -0.997859 -0.0654033 0
    outer loop
      vertex 5.8 76.3 3
      vertex 5.80428 76.2347 1.4
      vertex 5.80428 76.2347 3
    endloop
  endfacet
  facet normal 0.89805 0.439893 0
    outer loop
      vertex 71.1619 118.891 3
      vertex 71.133 118.95 1.4
      vertex 71.133 118.95 3
    endloop
  endfacet
  facet normal 0.89805 0.439893 0
    outer loop
      vertex 71.133 118.95 1.4
      vertex 71.1619 118.891 3
      vertex 71.1619 118.891 1.4
    endloop
  endfacet
  facet normal 0.321272 0.946987 -0
    outer loop
      vertex 70.8913 119.162 1.4
      vertex 70.8294 119.183 3
      vertex 70.8913 119.162 3
    endloop
  endfacet
  facet normal 0.321272 0.946987 0
    outer loop
      vertex 70.8294 119.183 3
      vertex 70.8913 119.162 1.4
      vertex 70.8294 119.183 1.4
    endloop
  endfacet
  facet normal 0 -1 0
    outer loop
      vertex 6.3 75.8 3
      vertex 6.45203 75.8 1.5
      vertex 6.45203 75.8 3
    endloop
  endfacet
  facet normal 0 -1 -0
    outer loop
      vertex 6.45203 75.8 1.5
      vertex 6.3 75.8 1.4
      vertex 70.548 75.8 1.5
    endloop
  endfacet
  facet normal 0 -1 0
    outer loop
      vertex 6.3 75.8 1.4
      vertex 6.45203 75.8 1.5
      vertex 6.3 75.8 3
    endloop
  endfacet
  facet normal 0 -1 0
    outer loop
      vertex 70.548 75.8 1.5
      vertex 70.7 75.8 3
      vertex 70.548 75.8 3
    endloop
  endfacet
  facet normal 0 -1 0
    outer loop
      vertex 70.548 75.8 1.5
      vertex 70.7 75.8 1.4
      vertex 70.7 75.8 3
    endloop
  endfacet
  facet normal 0 -1 0
    outer loop
      vertex 70.7 75.8 1.4
      vertex 70.548 75.8 1.5
      vertex 6.3 75.8 1.4
    endloop
  endfacet
  facet normal 0.757436 0.65291 0
    outer loop
      vertex 71.0967 119.004 3
      vertex 71.0536 119.054 1.4
      vertex 71.0536 119.054 3
    endloop
  endfacet
  facet normal 0.757436 0.65291 0
    outer loop
      vertex 71.0536 119.054 1.4
      vertex 71.0967 119.004 3
      vertex 71.0967 119.004 1.4
    endloop
  endfacet
  facet normal 0.0611411 0.998129 -0
    outer loop
      vertex 70.7653 119.196 1.4
      vertex 70.7 119.2 3
      vertex 70.7653 119.196 3
    endloop
  endfacet
  facet normal 0.0611411 0.998129 0
    outer loop
      vertex 70.7 119.2 3
      vertex 70.7653 119.196 1.4
      vertex 70.7 119.2 1.4
    endloop
  endfacet
  facet normal -0.831603 -0.55537 0
    outer loop
      vertex 5.90332 75.9956 1.4
      vertex 5.86699 76.05 3
      vertex 5.86699 76.05 1.4
    endloop
  endfacet
  facet normal -0.831603 -0.55537 0
    outer loop
      vertex 5.86699 76.05 3
      vertex 5.90332 75.9956 1.4
      vertex 5.90332 75.9956 3
    endloop
  endfacet
  facet normal 0.897161 -0.441703 0
    outer loop
      vertex 71.133 76.05 3
      vertex 71.1619 76.1087 1.4
      vertex 71.1619 76.1087 3
    endloop
  endfacet
  facet normal 0.897161 -0.441703 0
    outer loop
      vertex 71.1619 76.1087 1.4
      vertex 71.133 76.05 3
      vertex 71.133 76.05 1.4
    endloop
  endfacet
  facet normal -0.75197 -0.659197 0
    outer loop
      vertex 5.94645 75.9464 1.4
      vertex 5.90332 75.9956 3
      vertex 5.90332 75.9956 1.4
    endloop
  endfacet
  facet normal -0.75197 -0.659197 0
    outer loop
      vertex 5.90332 75.9956 3
      vertex 5.94645 75.9464 1.4
      vertex 5.94645 75.9464 3
    endloop
  endfacet
  facet normal -0.194204 -0.980961 0
    outer loop
      vertex 6.17059 75.817 1.4
      vertex 6.23474 75.8043 3
      vertex 6.17059 75.817 3
    endloop
  endfacet
  facet normal -0.194204 -0.980961 -0
    outer loop
      vertex 6.23474 75.8043 3
      vertex 6.17059 75.817 1.4
      vertex 6.23474 75.8043 1.4
    endloop
  endfacet
  facet normal 0.980932 -0.19435 0
    outer loop
      vertex 71.183 76.1706 3
      vertex 71.1957 76.2347 1.4
      vertex 71.1957 76.2347 3
    endloop
  endfacet
  facet normal 0.980932 -0.19435 0
    outer loop
      vertex 71.1957 76.2347 1.4
      vertex 71.183 76.1706 3
      vertex 71.183 76.1706 1.4
    endloop
  endfacet
  facet normal 0 1 0
    outer loop
      vertex 70.7 119.2 3
      vertex 70.548 119.2 1.5
      vertex 70.548 119.2 3
    endloop
  endfacet
  facet normal 0 1 0
    outer loop
      vertex 70.548 119.2 1.5
      vertex 70.7 119.2 1.4
      vertex 6.45203 119.2 1.5
    endloop
  endfacet
  facet normal 0 1 -0
    outer loop
      vertex 70.7 119.2 1.4
      vertex 70.548 119.2 1.5
      vertex 70.7 119.2 3
    endloop
  endfacet
  facet normal 0 1 -0
    outer loop
      vertex 6.45203 119.2 1.5
      vertex 6.3 119.2 3
      vertex 6.45203 119.2 3
    endloop
  endfacet
  facet normal 0 1 0
    outer loop
      vertex 6.45203 119.2 1.5
      vertex 6.3 119.2 1.4
      vertex 6.3 119.2 3
    endloop
  endfacet
  facet normal 0 1 0
    outer loop
      vertex 6.3 119.2 1.4
      vertex 6.45203 119.2 1.5
      vertex 70.7 119.2 1.4
    endloop
  endfacet
  facet normal 0.19435 -0.980932 0
    outer loop
      vertex 70.7653 75.8043 1.4
      vertex 70.8294 75.817 3
      vertex 70.7653 75.8043 3
    endloop
  endfacet
  facet normal 0.19435 -0.980932 0
    outer loop
      vertex 70.8294 75.817 3
      vertex 70.7653 75.8043 1.4
      vertex 70.8294 75.817 1.4
    endloop
  endfacet
  facet normal -0.997839 0.0657039 0
    outer loop
      vertex 5.8 118.7 1.4
      vertex 5.80428 118.765 3
      vertex 5.80428 118.765 1.4
    endloop
  endfacet
  facet normal -0.997839 0.0657039 0
    outer loop
      vertex 5.80428 118.765 3
      vertex 5.8 118.7 1.4
      vertex 5.8 118.7 3
    endloop
  endfacet
  facet normal -0.659165 -0.751998 0
    outer loop
      vertex 5.94645 75.9464 1.4
      vertex 5.99562 75.9033 3
      vertex 5.94645 75.9464 3
    endloop
  endfacet
  facet normal -0.659165 -0.751998 -0
    outer loop
      vertex 5.99562 75.9033 3
      vertex 5.94645 75.9464 1.4
      vertex 5.99562 75.9033 1.4
    endloop
  endfacet
  facet normal 0.997819 0.0660096 0
    outer loop
      vertex 71.2 118.7 3
      vertex 71.1957 118.765 1.4
      vertex 71.1957 118.765 3
    endloop
  endfacet
  facet normal 0.997819 0.0660096 0
    outer loop
      vertex 71.1957 118.765 1.4
      vertex 71.2 118.7 3
      vertex 71.2 118.7 1.4
    endloop
  endfacet
  facet normal -0.552008 0.833839 0
    outer loop
      vertex 6.05 119.133 1.4
      vertex 5.99562 119.097 3
      vertex 6.05 119.133 3
    endloop
  endfacet
  facet normal -0.552008 0.833839 0
    outer loop
      vertex 5.99562 119.097 3
      vertex 6.05 119.133 1.4
      vertex 5.99562 119.097 1.4
    endloop
  endfacet
  facet normal 0.980874 0.194642 0
    outer loop
      vertex 71.1957 118.765 3
      vertex 71.183 118.829 1.4
      vertex 71.183 118.829 3
    endloop
  endfacet
  facet normal 0.980874 0.194642 0
    outer loop
      vertex 71.183 118.829 1.4
      vertex 71.1957 118.765 3
      vertex 71.1957 118.765 1.4
    endloop
  endfacet
  facet normal -1 0 0
    outer loop
      vertex 5.8 118.7 1.4
      vertex 5.8 118.548 1.5
      vertex 5.8 118.7 3
    endloop
  endfacet
  facet normal -1 0 0
    outer loop
      vertex 5.8 118.7 1.4
      vertex 5.8 76.452 1.5
      vertex 5.8 118.548 1.5
    endloop
  endfacet
  facet normal -1 0 0
    outer loop
      vertex 5.8 76.3 1.4
      vertex 5.8 76.452 1.5
      vertex 5.8 118.7 1.4
    endloop
  endfacet
  facet normal -1 0 0
    outer loop
      vertex 5.8 76.3 3
      vertex 5.8 76.452 1.5
      vertex 5.8 76.3 1.4
    endloop
  endfacet
  facet normal -1 0 0
    outer loop
      vertex 5.8 76.452 1.5
      vertex 5.8 76.3 3
      vertex 5.8 76.452 3
    endloop
  endfacet
  facet normal -1 -0 0
    outer loop
      vertex 5.8 118.7 3
      vertex 5.8 118.548 1.5
      vertex 5.8 118.548 3
    endloop
  endfacet
  facet normal -0.658299 0.752757 0
    outer loop
      vertex 5.99562 119.097 1.4
      vertex 5.94645 119.054 3
      vertex 5.99562 119.097 3
    endloop
  endfacet
  facet normal -0.658299 0.752757 0
    outer loop
      vertex 5.94645 119.054 3
      vertex 5.99562 119.097 1.4
      vertex 5.94645 119.054 1.4
    endloop
  endfacet
  facet normal -0.829703 0.558206 0
    outer loop
      vertex 5.86699 118.95 1.4
      vertex 5.90332 119.004 3
      vertex 5.90332 119.004 1.4
    endloop
  endfacet
  facet normal -0.829703 0.558206 0
    outer loop
      vertex 5.90332 119.004 3
      vertex 5.86699 118.95 1.4
      vertex 5.86699 118.95 3
    endloop
  endfacet
  facet normal 1 0 0
    outer loop
      vertex 71.2 76.452 3
      vertex 71.2 76.3 3
      vertex 71.2 76.452 1.5
    endloop
  endfacet
  facet normal 1 0 0
    outer loop
      vertex 71.2 118.548 1.5
      vertex 71.2 118.7 3
      vertex 71.2 118.548 3
    endloop
  endfacet
  facet normal 1 0 0
    outer loop
      vertex 71.2 118.7 3
      vertex 71.2 118.548 1.5
      vertex 71.2 118.7 1.4
    endloop
  endfacet
  facet normal 1 -0 0
    outer loop
      vertex 71.2 76.452 1.5
      vertex 71.2 118.7 1.4
      vertex 71.2 118.548 1.5
    endloop
  endfacet
  facet normal 1 0 0
    outer loop
      vertex 71.2 76.452 1.5
      vertex 71.2 76.3 1.4
      vertex 71.2 118.7 1.4
    endloop
  endfacet
  facet normal 1 0 0
    outer loop
      vertex 71.2 76.3 1.4
      vertex 71.2 76.452 1.5
      vertex 71.2 76.3 3
    endloop
  endfacet
  facet normal 0.551867 0.833932 -0
    outer loop
      vertex 71.0044 119.097 1.4
      vertex 70.95 119.133 3
      vertex 71.0044 119.097 3
    endloop
  endfacet
  facet normal 0.551867 0.833932 0
    outer loop
      vertex 70.95 119.133 3
      vertex 71.0044 119.097 1.4
      vertex 70.95 119.133 1.4
    endloop
  endfacet
  facet normal -0.441945 -0.897042 0
    outer loop
      vertex 6.05 75.867 1.4
      vertex 6.10866 75.8381 3
      vertex 6.05 75.867 3
    endloop
  endfacet
  facet normal -0.441945 -0.897042 -0
    outer loop
      vertex 6.10866 75.8381 3
      vertex 6.05 75.867 1.4
      vertex 6.10866 75.8381 1.4
    endloop
  endfacet
  facet normal 0.555053 -0.831815 0
    outer loop
      vertex 70.95 75.867 1.4
      vertex 71.0044 75.9033 3
      vertex 70.95 75.867 3
    endloop
  endfacet
  facet normal 0.555053 -0.831815 0
    outer loop
      vertex 71.0044 75.9033 3
      vertex 70.95 75.867 1.4
      vertex 71.0044 75.9033 1.4
    endloop
  endfacet
  facet normal -0.321132 0.947034 0
    outer loop
      vertex 6.17059 119.183 1.4
      vertex 6.10866 119.162 3
      vertex 6.17059 119.183 3
    endloop
  endfacet
  facet normal -0.321132 0.947034 0
    outer loop
      vertex 6.10866 119.162 3
      vertex 6.17059 119.183 1.4
      vertex 6.10866 119.162 1.4
    endloop
  endfacet
  facet normal -0.980757 -0.195233 0
    outer loop
      vertex 5.81704 76.1706 1.4
      vertex 5.80428 76.2347 3
      vertex 5.80428 76.2347 1.4
    endloop
  endfacet
  facet normal -0.980757 -0.195233 0
    outer loop
      vertex 5.80428 76.2347 3
      vertex 5.81704 76.1706 1.4
      vertex 5.81704 76.1706 3
    endloop
  endfacet
  facet normal 0.829916 0.557888 0
    outer loop
      vertex 71.133 118.95 3
      vertex 71.0967 119.004 1.4
      vertex 71.0967 119.004 3
    endloop
  endfacet
  facet normal 0.829916 0.557888 0
    outer loop
      vertex 71.0967 119.004 1.4
      vertex 71.133 118.95 3
      vertex 71.133 118.95 1.4
    endloop
  endfacet
  facet normal -0.322503 -0.946569 0
    outer loop
      vertex 6.10866 75.8381 1.4
      vertex 6.17059 75.817 3
      vertex 6.10866 75.8381 3
    endloop
  endfacet
  facet normal -0.322503 -0.946569 -0
    outer loop
      vertex 6.17059 75.817 3
      vertex 6.10866 75.8381 1.4
      vertex 6.17059 75.817 1.4
    endloop
  endfacet
  facet normal 0.0657076 -0.997839 0
    outer loop
      vertex 70.7 75.8 1.4
      vertex 70.7653 75.8043 3
      vertex 70.7 75.8 3
    endloop
  endfacet
  facet normal 0.0657076 -0.997839 0
    outer loop
      vertex 70.7653 75.8043 3
      vertex 70.7 75.8 1.4
      vertex 70.7653 75.8043 1.4
    endloop
  endfacet
  facet normal -0.0611785 0.998127 0
    outer loop
      vertex 6.3 119.2 1.4
      vertex 6.23474 119.196 3
      vertex 6.3 119.2 3
    endloop
  endfacet
  facet normal -0.0611785 0.998127 0
    outer loop
      vertex 6.23474 119.196 3
      vertex 6.3 119.2 1.4
      vertex 6.23474 119.196 1.4
    endloop
  endfacet
  facet normal -0.555194 -0.831721 0
    outer loop
      vertex 5.99562 75.9033 1.4
      vertex 6.05 75.867 3
      vertex 5.99562 75.9033 3
    endloop
  endfacet
  facet normal -0.555194 -0.831721 -0
    outer loop
      vertex 6.05 75.867 3
      vertex 5.99562 75.9033 1.4
      vertex 6.05 75.867 1.4
    endloop
  endfacet
  facet normal -0.757211 0.65317 0
    outer loop
      vertex 5.90332 119.004 1.4
      vertex 5.94645 119.054 3
      vertex 5.94645 119.054 1.4
    endloop
  endfacet
  facet normal -0.757211 0.65317 0
    outer loop
      vertex 5.94645 119.054 3
      vertex 5.90332 119.004 1.4
      vertex 5.90332 119.004 3
    endloop
  endfacet
  facet normal -0.89787 0.440261 0
    outer loop
      vertex 5.83806 118.891 1.4
      vertex 5.86699 118.95 3
      vertex 5.86699 118.95 1.4
    endloop
  endfacet
  facet normal -0.89787 0.440261 0
    outer loop
      vertex 5.86699 118.95 3
      vertex 5.83806 118.891 1.4
      vertex 5.83806 118.891 3
    endloop
  endfacet
  facet normal -0.443175 0.896435 0
    outer loop
      vertex 6.10866 119.162 1.4
      vertex 6.05 119.133 3
      vertex 6.10866 119.162 3
    endloop
  endfacet
  facet normal -0.443175 0.896435 0
    outer loop
      vertex 6.05 119.133 3
      vertex 6.10866 119.162 1.4
      vertex 6.05 119.133 1.4
    endloop
  endfacet
  facet normal 0.442932 0.896555 -0
    outer loop
      vertex 70.95 119.133 1.4
      vertex 70.8913 119.162 3
      vertex 70.95 119.133 3
    endloop
  endfacet
  facet normal 0.442932 0.896555 0
    outer loop
      vertex 70.8913 119.162 3
      vertex 70.95 119.133 1.4
      vertex 70.8913 119.162 1.4
    endloop
  endfacet
  facet normal 0.997839 -0.0657076 0
    outer loop
      vertex 71.1957 76.2347 3
      vertex 71.2 76.3 1.4
      vertex 71.2 76.3 3
    endloop
  endfacet
  facet normal 0.997839 -0.0657076 0
    outer loop
      vertex 71.2 76.3 1.4
      vertex 71.1957 76.2347 3
      vertex 71.1957 76.2347 1.4
    endloop
  endfacet
  facet normal -0.89698 -0.442072 0
    outer loop
      vertex 5.86699 76.05 1.4
      vertex 5.83806 76.1087 3
      vertex 5.83806 76.1087 1.4
    endloop
  endfacet
  facet normal -0.89698 -0.442072 0
    outer loop
      vertex 5.83806 76.1087 3
      vertex 5.86699 76.05 1.4
      vertex 5.86699 76.05 3
    endloop
  endfacet
  facet normal 0.322643 -0.946521 0
    outer loop
      vertex 70.8294 75.817 1.4
      vertex 70.8913 75.8381 3
      vertex 70.8294 75.817 3
    endloop
  endfacet
  facet normal 0.322643 -0.946521 0
    outer loop
      vertex 70.8913 75.8381 3
      vertex 70.8294 75.817 1.4
      vertex 70.8913 75.8381 1.4
    endloop
  endfacet
  facet normal -0.0657477 -0.997836 0
    outer loop
      vertex 6.23474 75.8043 1.4
      vertex 6.3 75.8 3
      vertex 6.23474 75.8043 3
    endloop
  endfacet
  facet normal -0.0657477 -0.997836 -0
    outer loop
      vertex 6.3 75.8 3
      vertex 6.23474 75.8043 1.4
      vertex 6.3 75.8 1.4
    endloop
  endfacet
  facet normal 0.94668 0.322176 0
    outer loop
      vertex 71.183 118.829 3
      vertex 71.1619 118.891 1.4
      vertex 71.1619 118.891 3
    endloop
  endfacet
  facet normal 0.94668 0.322176 0
    outer loop
      vertex 71.1619 118.891 1.4
      vertex 71.183 118.829 3
      vertex 71.183 118.829 1.4
    endloop
  endfacet
  facet normal -0.198613 0.980078 0
    outer loop
      vertex 6.23474 119.196 1.4
      vertex 6.17059 119.183 3
      vertex 6.23474 119.196 3
    endloop
  endfacet
  facet normal -0.198613 0.980078 0
    outer loop
      vertex 6.17059 119.183 3
      vertex 6.23474 119.196 1.4
      vertex 6.17059 119.183 1.4
    endloop
  endfacet
  facet normal 0.658937 -0.752198 0
    outer loop
      vertex 71.0044 75.9033 1.4
      vertex 71.0536 75.9464 3
      vertex 71.0044 75.9033 3
    endloop
  endfacet
  facet normal 0.658937 -0.752198 0
    outer loop
      vertex 71.0536 75.9464 3
      vertex 71.0044 75.9033 1.4
      vertex 71.0536 75.9464 1.4
    endloop
  endfacet
  facet normal 0.198762 0.980048 -0
    outer loop
      vertex 70.8294 119.183 1.4
      vertex 70.7653 119.196 3
      vertex 70.8294 119.183 3
    endloop
  endfacet
  facet normal 0.198762 0.980048 0
    outer loop
      vertex 70.7653 119.196 3
      vertex 70.8294 119.183 1.4
      vertex 70.7653 119.196 1.4
    endloop
  endfacet
  facet normal 0.752198 -0.658937 0
    outer loop
      vertex 71.0536 75.9464 3
      vertex 71.0967 75.9956 1.4
      vertex 71.0967 75.9956 3
    endloop
  endfacet
  facet normal 0.752198 -0.658937 0
    outer loop
      vertex 71.0967 75.9956 1.4
      vertex 71.0536 75.9464 3
      vertex 71.0536 75.9464 1.4
    endloop
  endfacet
  facet normal -0.946894 -0.321546 0
    outer loop
      vertex 5.83806 76.1087 1.4
      vertex 5.81704 76.1706 3
      vertex 5.81704 76.1706 1.4
    endloop
  endfacet
  facet normal -0.946894 -0.321546 0
    outer loop
      vertex 5.81704 76.1706 3
      vertex 5.83806 76.1087 1.4
      vertex 5.83806 76.1087 3
    endloop
  endfacet
  facet normal 0.946521 -0.322643 0
    outer loop
      vertex 71.1619 76.1087 3
      vertex 71.183 76.1706 1.4
      vertex 71.183 76.1706 3
    endloop
  endfacet
  facet normal 0.946521 -0.322643 0
    outer loop
      vertex 71.183 76.1706 1.4
      vertex 71.1619 76.1087 3
      vertex 71.1619 76.1087 1.4
    endloop
  endfacet
  facet normal -0.980698 0.195527 0
    outer loop
      vertex 5.80428 118.765 1.4
      vertex 5.81704 118.829 3
      vertex 5.81704 118.829 1.4
    endloop
  endfacet
  facet normal -0.980698 0.195527 0
    outer loop
      vertex 5.81704 118.829 3
      vertex 5.80428 118.765 1.4
      vertex 5.80428 118.765 3
    endloop
  endfacet
  facet normal 0.831815 -0.555053 0
    outer loop
      vertex 71.0967 75.9956 3
      vertex 71.133 76.05 1.4
      vertex 71.133 76.05 3
    endloop
  endfacet
  facet normal 0.831815 -0.555053 0
    outer loop
      vertex 71.133 76.05 1.4
      vertex 71.0967 75.9956 3
      vertex 71.0967 75.9956 1.4
    endloop
  endfacet
  facet normal -0.980819 -0.194922 0
    outer loop
      vertex 11.0863 79.7088 0
      vertex 11.0455 79.9141 1.5
      vertex 11.0455 79.9141 0
    endloop
  endfacet
  facet normal -0.980819 -0.194922 0
    outer loop
      vertex 11.0455 79.9141 1.5
      vertex 11.0863 79.7088 0
      vertex 11.0863 79.7088 1.5
    endloop
  endfacet
  facet normal -0.997854 -0.0654722 0
    outer loop
      vertex 11.1 79.5 0
      vertex 11.0863 79.7088 1.5
      vertex 11.0863 79.7088 0
    endloop
  endfacet
  facet normal -0.997854 -0.0654722 0
    outer loop
      vertex 11.0863 79.7088 1.5
      vertex 11.1 79.5 0
      vertex 11.1 79.5 1.5
    endloop
  endfacet
  facet normal -0.946901 -0.321526 0
    outer loop
      vertex 11.0455 79.9141 0
      vertex 10.9782 80.1123 1.5
      vertex 10.9782 80.1123 0
    endloop
  endfacet
  facet normal -0.946901 -0.321526 0
    outer loop
      vertex 10.9782 80.1123 1.5
      vertex 11.0455 79.9141 0
      vertex 11.0455 79.9141 1.5
    endloop
  endfacet
  facet normal -0.831609 -0.555362 0
    outer loop
      vertex 10.8856 80.3 0
      vertex 10.7694 80.474 1.5
      vertex 10.7694 80.474 0
    endloop
  endfacet
  facet normal -0.831609 -0.555362 0
    outer loop
      vertex 10.7694 80.474 1.5
      vertex 10.8856 80.3 0
      vertex 10.8856 80.3 1.5
    endloop
  endfacet
  facet normal 0.946944 0.321397 0
    outer loop
      vertex 8.02179 78.8877 1.5
      vertex 7.95452 79.0859 0
      vertex 7.95452 79.0859 1.5
    endloop
  endfacet
  facet normal 0.946944 0.321397 0
    outer loop
      vertex 7.95452 79.0859 0
      vertex 8.02179 78.8877 1.5
      vertex 8.02179 78.8877 0
    endloop
  endfacet
  facet normal -0.555362 -0.831609 0
    outer loop
      vertex 10.3 80.8856 0
      vertex 10.474 80.7694 1.5
      vertex 10.3 80.8856 1.5
    endloop
  endfacet
  facet normal -0.555362 -0.831609 -0
    outer loop
      vertex 10.474 80.7694 1.5
      vertex 10.3 80.8856 0
      vertex 10.474 80.7694 0
    endloop
  endfacet
  facet normal -0.980819 0.194922 0
    outer loop
      vertex 11.0455 79.0859 0
      vertex 11.0863 79.2912 1.5
      vertex 11.0863 79.2912 0
    endloop
  endfacet
  facet normal -0.980819 0.194922 0
    outer loop
      vertex 11.0863 79.2912 1.5
      vertex 11.0455 79.0859 0
      vertex 11.0455 79.0859 1.5
    endloop
  endfacet
  facet normal 0.555318 -0.831638 0
    outer loop
      vertex 8.52598 80.7694 0
      vertex 8.7 80.8856 1.5
      vertex 8.52598 80.7694 1.5
    endloop
  endfacet
  facet normal 0.555318 -0.831638 0
    outer loop
      vertex 8.7 80.8856 1.5
      vertex 8.52598 80.7694 0
      vertex 8.7 80.8856 0
    endloop
  endfacet
  facet normal -0.32154 -0.946896 0
    outer loop
      vertex 9.91411 81.0455 0
      vertex 10.1123 80.9782 1.5
      vertex 9.91411 81.0455 1.5
    endloop
  endfacet
  facet normal -0.32154 -0.946896 -0
    outer loop
      vertex 10.1123 80.9782 1.5
      vertex 9.91411 81.0455 0
      vertex 10.1123 80.9782 0
    endloop
  endfacet
  facet normal -0.946901 0.321526 0
    outer loop
      vertex 10.9782 78.8877 0
      vertex 11.0455 79.0859 1.5
      vertex 11.0455 79.0859 0
    endloop
  endfacet
  facet normal -0.946901 0.321526 0
    outer loop
      vertex 11.0455 79.0859 1.5
      vertex 10.9782 78.8877 0
      vertex 10.9782 78.8877 1.5
    endloop
  endfacet
  facet normal -0.442429 0.896803 0
    outer loop
      vertex 10.3 78.1144 0
      vertex 10.1123 78.0218 1.5
      vertex 10.3 78.1144 1.5
    endloop
  endfacet
  facet normal -0.442429 0.896803 0
    outer loop
      vertex 10.1123 78.0218 1.5
      vertex 10.3 78.1144 0
      vertex 10.1123 78.0218 0
    endloop
  endfacet
  facet normal 0.659367 -0.751821 0
    outer loop
      vertex 8.36863 80.6314 0
      vertex 8.52598 80.7694 1.5
      vertex 8.36863 80.6314 1.5
    endloop
  endfacet
  facet normal 0.659367 -0.751821 0
    outer loop
      vertex 8.52598 80.7694 1.5
      vertex 8.36863 80.6314 0
      vertex 8.52598 80.7694 0
    endloop
  endfacet
  facet normal -0.896803 -0.442429 0
    outer loop
      vertex 10.9782 80.1123 0
      vertex 10.8856 80.3 1.5
      vertex 10.8856 80.3 0
    endloop
  endfacet
  facet normal -0.896803 -0.442429 0
    outer loop
      vertex 10.8856 80.3 1.5
      vertex 10.9782 80.1123 0
      vertex 10.9782 80.1123 1.5
    endloop
  endfacet
  facet normal 0.194949 -0.980813 0
    outer loop
      vertex 9.08589 81.0455 0
      vertex 9.29116 81.0863 1.5
      vertex 9.08589 81.0455 1.5
    endloop
  endfacet
  facet normal 0.194949 -0.980813 0
    outer loop
      vertex 9.29116 81.0863 1.5
      vertex 9.08589 81.0455 0
      vertex 9.29116 81.0863 0
    endloop
  endfacet
  facet normal -0.831609 0.555362 0
    outer loop
      vertex 10.7694 78.526 0
      vertex 10.8856 78.7 1.5
      vertex 10.8856 78.7 0
    endloop
  endfacet
  facet normal -0.831609 0.555362 0
    outer loop
      vertex 10.8856 78.7 1.5
      vertex 10.7694 78.526 0
      vertex 10.7694 78.526 1.5
    endloop
  endfacet
  facet normal -0.0654598 0.997855 0
    outer loop
      vertex 9.70884 77.9137 0
      vertex 9.5 77.9 1.5
      vertex 9.70884 77.9137 1.5
    endloop
  endfacet
  facet normal -0.0654598 0.997855 0
    outer loop
      vertex 9.5 77.9 1.5
      vertex 9.70884 77.9137 0
      vertex 9.5 77.9 0
    endloop
  endfacet
  facet normal 0.89686 0.442314 0
    outer loop
      vertex 8.11436 78.7 1.5
      vertex 8.02179 78.8877 0
      vertex 8.02179 78.8877 1.5
    endloop
  endfacet
  facet normal 0.89686 0.442314 0
    outer loop
      vertex 8.02179 78.8877 0
      vertex 8.11436 78.7 1.5
      vertex 8.11436 78.7 0
    endloop
  endfacet
  facet normal -0.442429 -0.896803 0
    outer loop
      vertex 10.1123 80.9782 0
      vertex 10.3 80.8856 1.5
      vertex 10.1123 80.9782 1.5
    endloop
  endfacet
  facet normal -0.442429 -0.896803 -0
    outer loop
      vertex 10.3 80.8856 1.5
      vertex 10.1123 80.9782 0
      vertex 10.3 80.8856 0
    endloop
  endfacet
  facet normal 0.321555 0.946891 -0
    outer loop
      vertex 9.08589 77.9545 0
      vertex 8.88771 78.0218 1.5
      vertex 9.08589 77.9545 1.5
    endloop
  endfacet
  facet normal 0.321555 0.946891 0
    outer loop
      vertex 8.88771 78.0218 1.5
      vertex 9.08589 77.9545 0
      vertex 8.88771 78.0218 0
    endloop
  endfacet
  facet normal 0.44241 -0.896813 0
    outer loop
      vertex 8.7 80.8856 0
      vertex 8.88771 80.9782 1.5
      vertex 8.7 80.8856 1.5
    endloop
  endfacet
  facet normal 0.44241 -0.896813 0
    outer loop
      vertex 8.88771 80.9782 1.5
      vertex 8.7 80.8856 0
      vertex 8.88771 80.9782 0
    endloop
  endfacet
  facet normal 0.44241 0.896813 -0
    outer loop
      vertex 8.88771 78.0218 0
      vertex 8.7 78.1144 1.5
      vertex 8.88771 78.0218 1.5
    endloop
  endfacet
  facet normal 0.44241 0.896813 0
    outer loop
      vertex 8.7 78.1144 1.5
      vertex 8.88771 78.0218 0
      vertex 8.7 78.1144 0
    endloop
  endfacet
  facet normal 0.980791 0.195059 0
    outer loop
      vertex 7.95452 79.0859 1.5
      vertex 7.91369 79.2912 0
      vertex 7.91369 79.2912 1.5
    endloop
  endfacet
  facet normal 0.980791 0.195059 0
    outer loop
      vertex 7.91369 79.2912 0
      vertex 7.95452 79.0859 1.5
      vertex 7.95452 79.0859 0
    endloop
  endfacet
  facet normal 0.555318 0.831638 -0
    outer loop
      vertex 8.7 78.1144 0
      vertex 8.52598 78.2306 1.5
      vertex 8.7 78.1144 1.5
    endloop
  endfacet
  facet normal 0.555318 0.831638 0
    outer loop
      vertex 8.52598 78.2306 1.5
      vertex 8.7 78.1144 0
      vertex 8.52598 78.2306 0
    endloop
  endfacet
  facet normal -0.194949 -0.980813 0
    outer loop
      vertex 9.70884 81.0863 0
      vertex 9.91411 81.0455 1.5
      vertex 9.70884 81.0863 1.5
    endloop
  endfacet
  facet normal -0.194949 -0.980813 -0
    outer loop
      vertex 9.91411 81.0455 1.5
      vertex 9.70884 81.0863 0
      vertex 9.91411 81.0455 0
    endloop
  endfacet
  facet normal -0.194949 0.980813 0
    outer loop
      vertex 9.91411 77.9545 0
      vertex 9.70884 77.9137 1.5
      vertex 9.91411 77.9545 1.5
    endloop
  endfacet
  facet normal -0.194949 0.980813 0
    outer loop
      vertex 9.70884 77.9137 1.5
      vertex 9.91411 77.9545 0
      vertex 9.70884 77.9137 0
    endloop
  endfacet
  facet normal 0.751925 0.659248 0
    outer loop
      vertex 8.36863 78.3686 1.5
      vertex 8.23063 78.526 0
      vertex 8.23063 78.526 1.5
    endloop
  endfacet
  facet normal 0.751925 0.659248 0
    outer loop
      vertex 8.23063 78.526 0
      vertex 8.36863 78.3686 1.5
      vertex 8.36863 78.3686 0
    endloop
  endfacet
  facet normal 0.751925 -0.659248 0
    outer loop
      vertex 8.23063 80.474 1.5
      vertex 8.36863 80.6314 0
      vertex 8.36863 80.6314 1.5
    endloop
  endfacet
  facet normal 0.751925 -0.659248 0
    outer loop
      vertex 8.36863 80.6314 0
      vertex 8.23063 80.474 1.5
      vertex 8.23063 80.474 0
    endloop
  endfacet
  facet normal -0.997854 0.0654722 0
    outer loop
      vertex 11.0863 79.2912 0
      vertex 11.1 79.5 1.5
      vertex 11.1 79.5 0
    endloop
  endfacet
  facet normal -0.997854 0.0654722 0
    outer loop
      vertex 11.1 79.5 1.5
      vertex 11.0863 79.2912 0
      vertex 11.0863 79.2912 1.5
    endloop
  endfacet
  facet normal 0.831454 -0.555593 0
    outer loop
      vertex 8.11436 80.3 1.5
      vertex 8.23063 80.474 0
      vertex 8.23063 80.474 1.5
    endloop
  endfacet
  facet normal 0.831454 -0.555593 0
    outer loop
      vertex 8.23063 80.474 0
      vertex 8.11436 80.3 1.5
      vertex 8.11436 80.3 0
    endloop
  endfacet
  facet normal 0.659367 0.751821 -0
    outer loop
      vertex 8.52598 78.2306 0
      vertex 8.36863 78.3686 1.5
      vertex 8.52598 78.2306 1.5
    endloop
  endfacet
  facet normal 0.659367 0.751821 0
    outer loop
      vertex 8.36863 78.3686 1.5
      vertex 8.52598 78.2306 0
      vertex 8.36863 78.3686 0
    endloop
  endfacet
  facet normal 0.997858 0.0654247 0
    outer loop
      vertex 7.91369 79.2912 1.5
      vertex 7.9 79.5 0
      vertex 7.9 79.5 1.5
    endloop
  endfacet
  facet normal 0.997858 0.0654247 0
    outer loop
      vertex 7.9 79.5 0
      vertex 7.91369 79.2912 1.5
      vertex 7.91369 79.2912 0
    endloop
  endfacet
  facet normal -0.659248 0.751925 0
    outer loop
      vertex 10.6314 78.3686 0
      vertex 10.474 78.2306 1.5
      vertex 10.6314 78.3686 1.5
    endloop
  endfacet
  facet normal -0.659248 0.751925 0
    outer loop
      vertex 10.474 78.2306 1.5
      vertex 10.6314 78.3686 0
      vertex 10.474 78.2306 0
    endloop
  endfacet
  facet normal -0.32154 0.946896 0
    outer loop
      vertex 10.1123 78.0218 0
      vertex 9.91411 77.9545 1.5
      vertex 10.1123 78.0218 1.5
    endloop
  endfacet
  facet normal -0.32154 0.946896 0
    outer loop
      vertex 9.91411 77.9545 1.5
      vertex 10.1123 78.0218 0
      vertex 9.91411 77.9545 0
    endloop
  endfacet
  facet normal -0.555362 0.831609 0
    outer loop
      vertex 10.474 78.2306 0
      vertex 10.3 78.1144 1.5
      vertex 10.474 78.2306 1.5
    endloop
  endfacet
  facet normal -0.555362 0.831609 0
    outer loop
      vertex 10.3 78.1144 1.5
      vertex 10.474 78.2306 0
      vertex 10.3 78.1144 0
    endloop
  endfacet
  facet normal -0.751925 0.659248 0
    outer loop
      vertex 10.6314 78.3686 0
      vertex 10.7694 78.526 1.5
      vertex 10.7694 78.526 0
    endloop
  endfacet
  facet normal -0.751925 0.659248 0
    outer loop
      vertex 10.7694 78.526 1.5
      vertex 10.6314 78.3686 0
      vertex 10.6314 78.3686 1.5
    endloop
  endfacet
  facet normal 0.831454 0.555593 0
    outer loop
      vertex 8.23063 78.526 1.5
      vertex 8.11436 78.7 0
      vertex 8.11436 78.7 1.5
    endloop
  endfacet
  facet normal 0.831454 0.555593 0
    outer loop
      vertex 8.11436 78.7 0
      vertex 8.23063 78.526 1.5
      vertex 8.23063 78.526 0
    endloop
  endfacet
  facet normal 0.0654598 0.997855 -0
    outer loop
      vertex 9.5 77.9 0
      vertex 9.29116 77.9137 1.5
      vertex 9.5 77.9 1.5
    endloop
  endfacet
  facet normal 0.0654598 0.997855 0
    outer loop
      vertex 9.29116 77.9137 1.5
      vertex 9.5 77.9 0
      vertex 9.29116 77.9137 0
    endloop
  endfacet
  facet normal -0.896803 0.442429 0
    outer loop
      vertex 10.8856 78.7 0
      vertex 10.9782 78.8877 1.5
      vertex 10.9782 78.8877 0
    endloop
  endfacet
  facet normal -0.896803 0.442429 0
    outer loop
      vertex 10.9782 78.8877 1.5
      vertex 10.8856 78.7 0
      vertex 10.8856 78.7 1.5
    endloop
  endfacet
  facet normal 0.0654598 -0.997855 0
    outer loop
      vertex 9.29116 81.0863 0
      vertex 9.5 81.1 1.5
      vertex 9.29116 81.0863 1.5
    endloop
  endfacet
  facet normal 0.0654598 -0.997855 0
    outer loop
      vertex 9.5 81.1 1.5
      vertex 9.29116 81.0863 0
      vertex 9.5 81.1 0
    endloop
  endfacet
  facet normal 0.980791 -0.195059 0
    outer loop
      vertex 7.91369 79.7088 1.5
      vertex 7.95452 79.9141 0
      vertex 7.95452 79.9141 1.5
    endloop
  endfacet
  facet normal 0.980791 -0.195059 0
    outer loop
      vertex 7.95452 79.9141 0
      vertex 7.91369 79.7088 1.5
      vertex 7.91369 79.7088 0
    endloop
  endfacet
  facet normal 0.321555 -0.946891 0
    outer loop
      vertex 8.88771 80.9782 0
      vertex 9.08589 81.0455 1.5
      vertex 8.88771 80.9782 1.5
    endloop
  endfacet
  facet normal 0.321555 -0.946891 0
    outer loop
      vertex 9.08589 81.0455 1.5
      vertex 8.88771 80.9782 0
      vertex 9.08589 81.0455 0
    endloop
  endfacet
  facet normal -0.659248 -0.751925 0
    outer loop
      vertex 10.474 80.7694 0
      vertex 10.6314 80.6314 1.5
      vertex 10.474 80.7694 1.5
    endloop
  endfacet
  facet normal -0.659248 -0.751925 -0
    outer loop
      vertex 10.6314 80.6314 1.5
      vertex 10.474 80.7694 0
      vertex 10.6314 80.6314 0
    endloop
  endfacet
  facet normal -0.0654598 -0.997855 0
    outer loop
      vertex 9.5 81.1 0
      vertex 9.70884 81.0863 1.5
      vertex 9.5 81.1 1.5
    endloop
  endfacet
  facet normal -0.0654598 -0.997855 -0
    outer loop
      vertex 9.70884 81.0863 1.5
      vertex 9.5 81.1 0
      vertex 9.70884 81.0863 0
    endloop
  endfacet
  facet normal 0.89686 -0.442314 0
    outer loop
      vertex 8.02179 80.1123 1.5
      vertex 8.11436 80.3 0
      vertex 8.11436 80.3 1.5
    endloop
  endfacet
  facet normal 0.89686 -0.442314 0
    outer loop
      vertex 8.11436 80.3 0
      vertex 8.02179 80.1123 1.5
      vertex 8.02179 80.1123 0
    endloop
  endfacet
  facet normal 0.194949 0.980813 -0
    outer loop
      vertex 9.29116 77.9137 0
      vertex 9.08589 77.9545 1.5
      vertex 9.29116 77.9137 1.5
    endloop
  endfacet
  facet normal 0.194949 0.980813 0
    outer loop
      vertex 9.08589 77.9545 1.5
      vertex 9.29116 77.9137 0
      vertex 9.08589 77.9545 0
    endloop
  endfacet
  facet normal -0.751925 -0.659248 0
    outer loop
      vertex 10.7694 80.474 0
      vertex 10.6314 80.6314 1.5
      vertex 10.6314 80.6314 0
    endloop
  endfacet
  facet normal -0.751925 -0.659248 0
    outer loop
      vertex 10.6314 80.6314 1.5
      vertex 10.7694 80.474 0
      vertex 10.7694 80.474 1.5
    endloop
  endfacet
  facet normal 0.946944 -0.321397 0
    outer loop
      vertex 7.95452 79.9141 1.5
      vertex 8.02179 80.1123 0
      vertex 8.02179 80.1123 1.5
    endloop
  endfacet
  facet normal 0.946944 -0.321397 0
    outer loop
      vertex 8.02179 80.1123 0
      vertex 7.95452 79.9141 1.5
      vertex 7.95452 79.9141 0
    endloop
  endfacet
  facet normal 0.997858 -0.0654247 0
    outer loop
      vertex 7.9 79.5 1.5
      vertex 7.91369 79.7088 0
      vertex 7.91369 79.7088 1.5
    endloop
  endfacet
  facet normal 0.997858 -0.0654247 0
    outer loop
      vertex 7.91369 79.7088 0
      vertex 7.9 79.5 1.5
      vertex 7.9 79.5 0
    endloop
  endfacet
  facet normal -0.980764 -0.195196 0
    outer loop
      vertex 11.0863 115.709 0
      vertex 11.0455 115.914 1.5
      vertex 11.0455 115.914 0
    endloop
  endfacet
  facet normal -0.980764 -0.195196 0
    outer loop
      vertex 11.0455 115.914 1.5
      vertex 11.0863 115.709 0
      vertex 11.0863 115.709 1.5
    endloop
  endfacet
  facet normal -0.997858 -0.0654099 0
    outer loop
      vertex 11.1 115.5 0
      vertex 11.0863 115.709 1.5
      vertex 11.0863 115.709 0
    endloop
  endfacet
  facet normal -0.997858 -0.0654099 0
    outer loop
      vertex 11.0863 115.709 1.5
      vertex 11.1 115.5 0
      vertex 11.1 115.5 1.5
    endloop
  endfacet
  facet normal -0.946802 -0.321817 0
    outer loop
      vertex 11.0455 115.914 0
      vertex 10.9782 116.112 1.5
      vertex 10.9782 116.112 0
    endloop
  endfacet
  facet normal -0.946802 -0.321817 0
    outer loop
      vertex 10.9782 116.112 1.5
      vertex 11.0455 115.914 0
      vertex 11.0455 115.914 1.5
    endloop
  endfacet
  facet normal -0.831609 -0.555362 0
    outer loop
      vertex 10.8856 116.3 0
      vertex 10.7694 116.474 1.5
      vertex 10.7694 116.474 0
    endloop
  endfacet
  facet normal -0.831609 -0.555362 0
    outer loop
      vertex 10.7694 116.474 1.5
      vertex 10.8856 116.3 0
      vertex 10.8856 116.3 1.5
    endloop
  endfacet
  facet normal 0.946846 0.321688 0
    outer loop
      vertex 8.02179 114.888 1.5
      vertex 7.95452 115.086 0
      vertex 7.95452 115.086 1.5
    endloop
  endfacet
  facet normal 0.946846 0.321688 0
    outer loop
      vertex 7.95452 115.086 0
      vertex 8.02179 114.888 1.5
      vertex 8.02179 114.888 0
    endloop
  endfacet
  facet normal -0.557998 -0.829843 0
    outer loop
      vertex 10.3 116.886 0
      vertex 10.474 116.769 1.5
      vertex 10.3 116.886 1.5
    endloop
  endfacet
  facet normal -0.557998 -0.829843 -0
    outer loop
      vertex 10.474 116.769 1.5
      vertex 10.3 116.886 0
      vertex 10.474 116.769 0
    endloop
  endfacet
  facet normal -0.980764 0.195196 0
    outer loop
      vertex 11.0455 115.086 0
      vertex 11.0863 115.291 1.5
      vertex 11.0863 115.291 0
    endloop
  endfacet
  facet normal -0.980764 0.195196 0
    outer loop
      vertex 11.0863 115.291 1.5
      vertex 11.0455 115.086 0
      vertex 11.0455 115.086 1.5
    endloop
  endfacet
  facet normal 0.557953 -0.829872 0
    outer loop
      vertex 8.52598 116.769 0
      vertex 8.7 116.886 1.5
      vertex 8.52598 116.769 1.5
    endloop
  endfacet
  facet normal 0.557953 -0.829872 0
    outer loop
      vertex 8.7 116.886 1.5
      vertex 8.52598 116.769 0
      vertex 8.7 116.886 0
    endloop
  endfacet
  facet normal -0.320254 -0.947332 0
    outer loop
      vertex 9.91411 117.045 0
      vertex 10.1123 116.978 1.5
      vertex 9.91411 117.045 1.5
    endloop
  endfacet
  facet normal -0.320254 -0.947332 -0
    outer loop
      vertex 10.1123 116.978 1.5
      vertex 9.91411 117.045 0
      vertex 10.1123 116.978 0
    endloop
  endfacet
  facet normal -0.946802 0.321817 0
    outer loop
      vertex 10.9782 114.888 0
      vertex 11.0455 115.086 1.5
      vertex 11.0455 115.086 0
    endloop
  endfacet
  facet normal -0.946802 0.321817 0
    outer loop
      vertex 11.0455 115.086 1.5
      vertex 10.9782 114.888 0
      vertex 10.9782 114.888 1.5
    endloop
  endfacet
  facet normal -0.440119 0.897939 0
    outer loop
      vertex 10.3 114.114 0
      vertex 10.1123 114.022 1.5
      vertex 10.3 114.114 1.5
    endloop
  endfacet
  facet normal -0.440119 0.897939 0
    outer loop
      vertex 10.1123 114.022 1.5
      vertex 10.3 114.114 0
      vertex 10.1123 114.022 0
    endloop
  endfacet
  facet normal 0.659367 -0.751821 0
    outer loop
      vertex 8.36863 116.631 0
      vertex 8.52598 116.769 1.5
      vertex 8.36863 116.631 1.5
    endloop
  endfacet
  facet normal 0.659367 -0.751821 0
    outer loop
      vertex 8.52598 116.769 1.5
      vertex 8.36863 116.631 0
      vertex 8.52598 116.769 0
    endloop
  endfacet
  facet normal -0.897083 -0.441861 0
    outer loop
      vertex 10.9782 116.112 0
      vertex 10.8856 116.3 1.5
      vertex 10.8856 116.3 0
    endloop
  endfacet
  facet normal -0.897083 -0.441861 0
    outer loop
      vertex 10.8856 116.3 1.5
      vertex 10.9782 116.112 0
      vertex 10.9782 116.112 1.5
    endloop
  endfacet
  facet normal 0.195868 -0.98063 0
    outer loop
      vertex 9.08589 117.045 0
      vertex 9.29116 117.086 1.5
      vertex 9.08589 117.045 1.5
    endloop
  endfacet
  facet normal 0.195868 -0.98063 0
    outer loop
      vertex 9.29116 117.086 1.5
      vertex 9.08589 117.045 0
      vertex 9.29116 117.086 0
    endloop
  endfacet
  facet normal -0.831609 0.555362 0
    outer loop
      vertex 10.7694 114.526 0
      vertex 10.8856 114.7 1.5
      vertex 10.8856 114.7 0
    endloop
  endfacet
  facet normal -0.831609 0.555362 0
    outer loop
      vertex 10.8856 114.7 1.5
      vertex 10.7694 114.526 0
      vertex 10.7694 114.526 1.5
    endloop
  endfacet
  facet normal -0.0668868 0.997761 0
    outer loop
      vertex 9.70884 113.914 0
      vertex 9.5 113.9 1.5
      vertex 9.70884 113.914 1.5
    endloop
  endfacet
  facet normal -0.0668868 0.997761 0
    outer loop
      vertex 9.5 113.9 1.5
      vertex 9.70884 113.914 0
      vertex 9.5 113.9 0
    endloop
  endfacet
  facet normal 0.89714 0.441746 0
    outer loop
      vertex 8.11436 114.7 1.5
      vertex 8.02179 114.888 0
      vertex 8.02179 114.888 1.5
    endloop
  endfacet
  facet normal 0.89714 0.441746 0
    outer loop
      vertex 8.02179 114.888 0
      vertex 8.11436 114.7 1.5
      vertex 8.11436 114.7 0
    endloop
  endfacet
  facet normal -0.440119 -0.897939 0
    outer loop
      vertex 10.1123 116.978 0
      vertex 10.3 116.886 1.5
      vertex 10.1123 116.978 1.5
    endloop
  endfacet
  facet normal -0.440119 -0.897939 -0
    outer loop
      vertex 10.3 116.886 1.5
      vertex 10.1123 116.978 0
      vertex 10.3 116.886 0
    endloop
  endfacet
  facet normal 0.320269 0.947327 -0
    outer loop
      vertex 9.08589 113.955 0
      vertex 8.88771 114.022 1.5
      vertex 9.08589 113.955 1.5
    endloop
  endfacet
  facet normal 0.320269 0.947327 0
    outer loop
      vertex 8.88771 114.022 1.5
      vertex 9.08589 113.955 0
      vertex 8.88771 114.022 0
    endloop
  endfacet
  facet normal 0.4401 -0.897949 0
    outer loop
      vertex 8.7 116.886 0
      vertex 8.88771 116.978 1.5
      vertex 8.7 116.886 1.5
    endloop
  endfacet
  facet normal 0.4401 -0.897949 0
    outer loop
      vertex 8.88771 116.978 1.5
      vertex 8.7 116.886 0
      vertex 8.88771 116.978 0
    endloop
  endfacet
  facet normal 0.4401 0.897949 -0
    outer loop
      vertex 8.88771 114.022 0
      vertex 8.7 114.114 1.5
      vertex 8.88771 114.022 1.5
    endloop
  endfacet
  facet normal 0.4401 0.897949 0
    outer loop
      vertex 8.7 114.114 1.5
      vertex 8.88771 114.022 0
      vertex 8.7 114.114 0
    endloop
  endfacet
  facet normal 0.980737 0.195334 0
    outer loop
      vertex 7.95452 115.086 1.5
      vertex 7.91369 115.291 0
      vertex 7.91369 115.291 1.5
    endloop
  endfacet
  facet normal 0.980737 0.195334 0
    outer loop
      vertex 7.91369 115.291 0
      vertex 7.95452 115.086 1.5
      vertex 7.95452 115.086 0
    endloop
  endfacet
  facet normal 0.557953 0.829872 -0
    outer loop
      vertex 8.7 114.114 0
      vertex 8.52598 114.231 1.5
      vertex 8.7 114.114 1.5
    endloop
  endfacet
  facet normal 0.557953 0.829872 0
    outer loop
      vertex 8.52598 114.231 1.5
      vertex 8.7 114.114 0
      vertex 8.52598 114.231 0
    endloop
  endfacet
  facet normal -0.195868 -0.98063 0
    outer loop
      vertex 9.70884 117.086 0
      vertex 9.91411 117.045 1.5
      vertex 9.70884 117.086 1.5
    endloop
  endfacet
  facet normal -0.195868 -0.98063 -0
    outer loop
      vertex 9.91411 117.045 1.5
      vertex 9.70884 117.086 0
      vertex 9.91411 117.045 0
    endloop
  endfacet
  facet normal -0.195868 0.98063 0
    outer loop
      vertex 9.91411 113.955 0
      vertex 9.70884 113.914 1.5
      vertex 9.91411 113.955 1.5
    endloop
  endfacet
  facet normal -0.195868 0.98063 0
    outer loop
      vertex 9.70884 113.914 1.5
      vertex 9.91411 113.955 0
      vertex 9.70884 113.914 0
    endloop
  endfacet
  facet normal 0.751093 0.660196 0
    outer loop
      vertex 8.36863 114.369 1.5
      vertex 8.23063 114.526 0
      vertex 8.23063 114.526 1.5
    endloop
  endfacet
  facet normal 0.751093 0.660196 0
    outer loop
      vertex 8.23063 114.526 0
      vertex 8.36863 114.369 1.5
      vertex 8.36863 114.369 0
    endloop
  endfacet
  facet normal 0.751093 -0.660196 0
    outer loop
      vertex 8.23063 116.474 1.5
      vertex 8.36863 116.631 0
      vertex 8.36863 116.631 1.5
    endloop
  endfacet
  facet normal 0.751093 -0.660196 0
    outer loop
      vertex 8.36863 116.631 0
      vertex 8.23063 116.474 1.5
      vertex 8.23063 116.474 0
    endloop
  endfacet
  facet normal -0.997858 0.0654099 0
    outer loop
      vertex 11.0863 115.291 0
      vertex 11.1 115.5 1.5
      vertex 11.1 115.5 0
    endloop
  endfacet
  facet normal -0.997858 0.0654099 0
    outer loop
      vertex 11.1 115.5 1.5
      vertex 11.0863 115.291 0
      vertex 11.0863 115.291 1.5
    endloop
  endfacet
  facet normal 0.831454 -0.555593 0
    outer loop
      vertex 8.11436 116.3 1.5
      vertex 8.23063 116.474 0
      vertex 8.23063 116.474 1.5
    endloop
  endfacet
  facet normal 0.831454 -0.555593 0
    outer loop
      vertex 8.23063 116.474 0
      vertex 8.11436 116.3 1.5
      vertex 8.11436 116.3 0
    endloop
  endfacet
  facet normal 0.997862 0.0653623 0
    outer loop
      vertex 7.91369 115.291 1.5
      vertex 7.9 115.5 0
      vertex 7.9 115.5 1.5
    endloop
  endfacet
  facet normal 0.997862 0.0653623 0
    outer loop
      vertex 7.9 115.5 0
      vertex 7.91369 115.291 1.5
      vertex 7.91369 115.291 0
    endloop
  endfacet
  facet normal -0.659248 0.751925 0
    outer loop
      vertex 10.6314 114.369 0
      vertex 10.474 114.231 1.5
      vertex 10.6314 114.369 1.5
    endloop
  endfacet
  facet normal -0.659248 0.751925 0
    outer loop
      vertex 10.474 114.231 1.5
      vertex 10.6314 114.369 0
      vertex 10.474 114.231 0
    endloop
  endfacet
  facet normal -0.320254 0.947332 0
    outer loop
      vertex 10.1123 114.022 0
      vertex 9.91411 113.955 1.5
      vertex 10.1123 114.022 1.5
    endloop
  endfacet
  facet normal -0.320254 0.947332 0
    outer loop
      vertex 9.91411 113.955 1.5
      vertex 10.1123 114.022 0
      vertex 9.91411 113.955 0
    endloop
  endfacet
  facet normal -0.557998 0.829843 0
    outer loop
      vertex 10.474 114.231 0
      vertex 10.3 114.114 1.5
      vertex 10.474 114.231 1.5
    endloop
  endfacet
  facet normal -0.557998 0.829843 0
    outer loop
      vertex 10.3 114.114 1.5
      vertex 10.474 114.231 0
      vertex 10.3 114.114 0
    endloop
  endfacet
  facet normal -0.751093 0.660196 0
    outer loop
      vertex 10.6314 114.369 0
      vertex 10.7694 114.526 1.5
      vertex 10.7694 114.526 0
    endloop
  endfacet
  facet normal -0.751093 0.660196 0
    outer loop
      vertex 10.7694 114.526 1.5
      vertex 10.6314 114.369 0
      vertex 10.6314 114.369 1.5
    endloop
  endfacet
  facet normal 0.831454 0.555593 0
    outer loop
      vertex 8.23063 114.526 1.5
      vertex 8.11436 114.7 0
      vertex 8.11436 114.7 1.5
    endloop
  endfacet
  facet normal 0.831454 0.555593 0
    outer loop
      vertex 8.11436 114.7 0
      vertex 8.23063 114.526 1.5
      vertex 8.23063 114.526 0
    endloop
  endfacet
  facet normal 0.0668868 0.997761 -0
    outer loop
      vertex 9.5 113.9 0
      vertex 9.29116 113.914 1.5
      vertex 9.5 113.9 1.5
    endloop
  endfacet
  facet normal 0.0668868 0.997761 0
    outer loop
      vertex 9.29116 113.914 1.5
      vertex 9.5 113.9 0
      vertex 9.29116 113.914 0
    endloop
  endfacet
  facet normal -0.897083 0.441861 0
    outer loop
      vertex 10.8856 114.7 0
      vertex 10.9782 114.888 1.5
      vertex 10.9782 114.888 0
    endloop
  endfacet
  facet normal -0.897083 0.441861 0
    outer loop
      vertex 10.9782 114.888 1.5
      vertex 10.8856 114.7 0
      vertex 10.8856 114.7 1.5
    endloop
  endfacet
  facet normal 0.0668868 -0.997761 0
    outer loop
      vertex 9.29116 117.086 0
      vertex 9.5 117.1 1.5
      vertex 9.29116 117.086 1.5
    endloop
  endfacet
  facet normal 0.0668868 -0.997761 0
    outer loop
      vertex 9.5 117.1 1.5
      vertex 9.29116 117.086 0
      vertex 9.5 117.1 0
    endloop
  endfacet
  facet normal 0.980737 -0.195334 0
    outer loop
      vertex 7.91369 115.709 1.5
      vertex 7.95452 115.914 0
      vertex 7.95452 115.914 1.5
    endloop
  endfacet
  facet normal 0.980737 -0.195334 0
    outer loop
      vertex 7.95452 115.914 0
      vertex 7.91369 115.709 1.5
      vertex 7.91369 115.709 0
    endloop
  endfacet
  facet normal 0.320269 -0.947327 0
    outer loop
      vertex 8.88771 116.978 0
      vertex 9.08589 117.045 1.5
      vertex 8.88771 116.978 1.5
    endloop
  endfacet
  facet normal 0.320269 -0.947327 0
    outer loop
      vertex 9.08589 117.045 1.5
      vertex 8.88771 116.978 0
      vertex 9.08589 117.045 0
    endloop
  endfacet
  facet normal -0.659248 -0.751925 0
    outer loop
      vertex 10.474 116.769 0
      vertex 10.6314 116.631 1.5
      vertex 10.474 116.769 1.5
    endloop
  endfacet
  facet normal -0.659248 -0.751925 -0
    outer loop
      vertex 10.6314 116.631 1.5
      vertex 10.474 116.769 0
      vertex 10.6314 116.631 0
    endloop
  endfacet
  facet normal -0.0668868 -0.997761 0
    outer loop
      vertex 9.5 117.1 0
      vertex 9.70884 117.086 1.5
      vertex 9.5 117.1 1.5
    endloop
  endfacet
  facet normal -0.0668868 -0.997761 -0
    outer loop
      vertex 9.70884 117.086 1.5
      vertex 9.5 117.1 0
      vertex 9.70884 117.086 0
    endloop
  endfacet
  facet normal 0.89714 -0.441746 0
    outer loop
      vertex 8.02179 116.112 1.5
      vertex 8.11436 116.3 0
      vertex 8.11436 116.3 1.5
    endloop
  endfacet
  facet normal 0.89714 -0.441746 0
    outer loop
      vertex 8.11436 116.3 0
      vertex 8.02179 116.112 1.5
      vertex 8.02179 116.112 0
    endloop
  endfacet
  facet normal 0.195868 0.98063 -0
    outer loop
      vertex 9.29116 113.914 0
      vertex 9.08589 113.955 1.5
      vertex 9.29116 113.914 1.5
    endloop
  endfacet
  facet normal 0.195868 0.98063 0
    outer loop
      vertex 9.08589 113.955 1.5
      vertex 9.29116 113.914 0
      vertex 9.08589 113.955 0
    endloop
  endfacet
  facet normal -0.751093 -0.660196 0
    outer loop
      vertex 10.7694 116.474 0
      vertex 10.6314 116.631 1.5
      vertex 10.6314 116.631 0
    endloop
  endfacet
  facet normal -0.751093 -0.660196 0
    outer loop
      vertex 10.6314 116.631 1.5
      vertex 10.7694 116.474 0
      vertex 10.7694 116.474 1.5
    endloop
  endfacet
  facet normal 0.659367 0.751821 -0
    outer loop
      vertex 8.52598 114.231 0
      vertex 8.36863 114.369 1.5
      vertex 8.52598 114.231 1.5
    endloop
  endfacet
  facet normal 0.659367 0.751821 0
    outer loop
      vertex 8.36863 114.369 1.5
      vertex 8.52598 114.231 0
      vertex 8.36863 114.369 0
    endloop
  endfacet
  facet normal 0.946846 -0.321688 0
    outer loop
      vertex 7.95452 115.914 1.5
      vertex 8.02179 116.112 0
      vertex 8.02179 116.112 1.5
    endloop
  endfacet
  facet normal 0.946846 -0.321688 0
    outer loop
      vertex 8.02179 116.112 0
      vertex 7.95452 115.914 1.5
      vertex 7.95452 115.914 0
    endloop
  endfacet
  facet normal 0.997862 -0.0653623 0
    outer loop
      vertex 7.9 115.5 1.5
      vertex 7.91369 115.709 0
      vertex 7.91369 115.709 1.5
    endloop
  endfacet
  facet normal 0.997862 -0.0653623 0
    outer loop
      vertex 7.91369 115.709 0
      vertex 7.9 115.5 1.5
      vertex 7.9 115.5 0
    endloop
  endfacet
  facet normal -0.980819 -0.194922 0
    outer loop
      vertex 69.0863 79.7088 0
      vertex 69.0455 79.9141 1.5
      vertex 69.0455 79.9141 0
    endloop
  endfacet
  facet normal -0.980819 -0.194922 0
    outer loop
      vertex 69.0455 79.9141 1.5
      vertex 69.0863 79.7088 0
      vertex 69.0863 79.7088 1.5
    endloop
  endfacet
  facet normal -0.997854 -0.0654722 0
    outer loop
      vertex 69.1 79.5 0
      vertex 69.0863 79.7088 1.5
      vertex 69.0863 79.7088 0
    endloop
  endfacet
  facet normal -0.997854 -0.0654722 0
    outer loop
      vertex 69.0863 79.7088 1.5
      vertex 69.1 79.5 0
      vertex 69.1 79.5 1.5
    endloop
  endfacet
  facet normal -0.946901 -0.321526 0
    outer loop
      vertex 69.0455 79.9141 0
      vertex 68.9782 80.1123 1.5
      vertex 68.9782 80.1123 0
    endloop
  endfacet
  facet normal -0.946901 -0.321526 0
    outer loop
      vertex 68.9782 80.1123 1.5
      vertex 69.0455 79.9141 0
      vertex 69.0455 79.9141 1.5
    endloop
  endfacet
  facet normal -0.831609 -0.555362 0
    outer loop
      vertex 68.8856 80.3 0
      vertex 68.7694 80.474 1.5
      vertex 68.7694 80.474 0
    endloop
  endfacet
  facet normal -0.831609 -0.555362 0
    outer loop
      vertex 68.7694 80.474 1.5
      vertex 68.8856 80.3 0
      vertex 68.8856 80.3 1.5
    endloop
  endfacet
  facet normal 0.946901 0.321526 0
    outer loop
      vertex 66.0218 78.8877 1.5
      vertex 65.9545 79.0859 0
      vertex 65.9545 79.0859 1.5
    endloop
  endfacet
  facet normal 0.946901 0.321526 0
    outer loop
      vertex 65.9545 79.0859 0
      vertex 66.0218 78.8877 1.5
      vertex 66.0218 78.8877 0
    endloop
  endfacet
  facet normal -0.555362 -0.831609 0
    outer loop
      vertex 68.3 80.8856 0
      vertex 68.474 80.7694 1.5
      vertex 68.3 80.8856 1.5
    endloop
  endfacet
  facet normal -0.555362 -0.831609 -0
    outer loop
      vertex 68.474 80.7694 1.5
      vertex 68.3 80.8856 0
      vertex 68.474 80.7694 0
    endloop
  endfacet
  facet normal -0.980819 0.194922 0
    outer loop
      vertex 69.0455 79.0859 0
      vertex 69.0863 79.2912 1.5
      vertex 69.0863 79.2912 0
    endloop
  endfacet
  facet normal -0.980819 0.194922 0
    outer loop
      vertex 69.0863 79.2912 1.5
      vertex 69.0455 79.0859 0
      vertex 69.0455 79.0859 1.5
    endloop
  endfacet
  facet normal 0.555362 -0.831609 0
    outer loop
      vertex 66.526 80.7694 0
      vertex 66.7 80.8856 1.5
      vertex 66.526 80.7694 1.5
    endloop
  endfacet
  facet normal 0.555362 -0.831609 0
    outer loop
      vertex 66.7 80.8856 1.5
      vertex 66.526 80.7694 0
      vertex 66.7 80.8856 0
    endloop
  endfacet
  facet normal -0.321526 -0.946901 0
    outer loop
      vertex 67.9141 81.0455 0
      vertex 68.1123 80.9782 1.5
      vertex 67.9141 81.0455 1.5
    endloop
  endfacet
  facet normal -0.321526 -0.946901 -0
    outer loop
      vertex 68.1123 80.9782 1.5
      vertex 67.9141 81.0455 0
      vertex 68.1123 80.9782 0
    endloop
  endfacet
  facet normal -0.946901 0.321526 0
    outer loop
      vertex 68.9782 78.8877 0
      vertex 69.0455 79.0859 1.5
      vertex 69.0455 79.0859 0
    endloop
  endfacet
  facet normal -0.946901 0.321526 0
    outer loop
      vertex 69.0455 79.0859 1.5
      vertex 68.9782 78.8877 0
      vertex 68.9782 78.8877 1.5
    endloop
  endfacet
  facet normal -0.442429 0.896803 0
    outer loop
      vertex 68.3 78.1144 0
      vertex 68.1123 78.0218 1.5
      vertex 68.3 78.1144 1.5
    endloop
  endfacet
  facet normal -0.442429 0.896803 0
    outer loop
      vertex 68.1123 78.0218 1.5
      vertex 68.3 78.1144 0
      vertex 68.1123 78.0218 0
    endloop
  endfacet
  facet normal 0.659248 -0.751925 0
    outer loop
      vertex 66.3686 80.6314 0
      vertex 66.526 80.7694 1.5
      vertex 66.3686 80.6314 1.5
    endloop
  endfacet
  facet normal 0.659248 -0.751925 0
    outer loop
      vertex 66.526 80.7694 1.5
      vertex 66.3686 80.6314 0
      vertex 66.526 80.7694 0
    endloop
  endfacet
  facet normal -0.896803 -0.442429 0
    outer loop
      vertex 68.9782 80.1123 0
      vertex 68.8856 80.3 1.5
      vertex 68.8856 80.3 0
    endloop
  endfacet
  facet normal -0.896803 -0.442429 0
    outer loop
      vertex 68.8856 80.3 1.5
      vertex 68.9782 80.1123 0
      vertex 68.9782 80.1123 1.5
    endloop
  endfacet
  facet normal 0.194922 -0.980819 0
    outer loop
      vertex 67.0859 81.0455 0
      vertex 67.2912 81.0863 1.5
      vertex 67.0859 81.0455 1.5
    endloop
  endfacet
  facet normal 0.194922 -0.980819 0
    outer loop
      vertex 67.2912 81.0863 1.5
      vertex 67.0859 81.0455 0
      vertex 67.2912 81.0863 0
    endloop
  endfacet
  facet normal -0.831609 0.555362 0
    outer loop
      vertex 68.7694 78.526 0
      vertex 68.8856 78.7 1.5
      vertex 68.8856 78.7 0
    endloop
  endfacet
  facet normal -0.831609 0.555362 0
    outer loop
      vertex 68.8856 78.7 1.5
      vertex 68.7694 78.526 0
      vertex 68.7694 78.526 1.5
    endloop
  endfacet
  facet normal -0.0654722 0.997854 0
    outer loop
      vertex 67.7088 77.9137 0
      vertex 67.5 77.9 1.5
      vertex 67.7088 77.9137 1.5
    endloop
  endfacet
  facet normal -0.0654722 0.997854 0
    outer loop
      vertex 67.5 77.9 1.5
      vertex 67.7088 77.9137 0
      vertex 67.5 77.9 0
    endloop
  endfacet
  facet normal 0.896803 0.442429 0
    outer loop
      vertex 66.1144 78.7 1.5
      vertex 66.0218 78.8877 0
      vertex 66.0218 78.8877 1.5
    endloop
  endfacet
  facet normal 0.896803 0.442429 0
    outer loop
      vertex 66.0218 78.8877 0
      vertex 66.1144 78.7 1.5
      vertex 66.1144 78.7 0
    endloop
  endfacet
  facet normal -0.442429 -0.896803 0
    outer loop
      vertex 68.1123 80.9782 0
      vertex 68.3 80.8856 1.5
      vertex 68.1123 80.9782 1.5
    endloop
  endfacet
  facet normal -0.442429 -0.896803 -0
    outer loop
      vertex 68.3 80.8856 1.5
      vertex 68.1123 80.9782 0
      vertex 68.3 80.8856 0
    endloop
  endfacet
  facet normal 0.321526 0.946901 -0
    outer loop
      vertex 67.0859 77.9545 0
      vertex 66.8877 78.0218 1.5
      vertex 67.0859 77.9545 1.5
    endloop
  endfacet
  facet normal 0.321526 0.946901 0
    outer loop
      vertex 66.8877 78.0218 1.5
      vertex 67.0859 77.9545 0
      vertex 66.8877 78.0218 0
    endloop
  endfacet
  facet normal 0.442429 -0.896803 0
    outer loop
      vertex 66.7 80.8856 0
      vertex 66.8877 80.9782 1.5
      vertex 66.7 80.8856 1.5
    endloop
  endfacet
  facet normal 0.442429 -0.896803 0
    outer loop
      vertex 66.8877 80.9782 1.5
      vertex 66.7 80.8856 0
      vertex 66.8877 80.9782 0
    endloop
  endfacet
  facet normal 0.442429 0.896803 -0
    outer loop
      vertex 66.8877 78.0218 0
      vertex 66.7 78.1144 1.5
      vertex 66.8877 78.0218 1.5
    endloop
  endfacet
  facet normal 0.442429 0.896803 0
    outer loop
      vertex 66.7 78.1144 1.5
      vertex 66.8877 78.0218 0
      vertex 66.7 78.1144 0
    endloop
  endfacet
  facet normal 0.980819 0.194922 0
    outer loop
      vertex 65.9545 79.0859 1.5
      vertex 65.9137 79.2912 0
      vertex 65.9137 79.2912 1.5
    endloop
  endfacet
  facet normal 0.980819 0.194922 0
    outer loop
      vertex 65.9137 79.2912 0
      vertex 65.9545 79.0859 1.5
      vertex 65.9545 79.0859 0
    endloop
  endfacet
  facet normal 0.555362 0.831609 -0
    outer loop
      vertex 66.7 78.1144 0
      vertex 66.526 78.2306 1.5
      vertex 66.7 78.1144 1.5
    endloop
  endfacet
  facet normal 0.555362 0.831609 0
    outer loop
      vertex 66.526 78.2306 1.5
      vertex 66.7 78.1144 0
      vertex 66.526 78.2306 0
    endloop
  endfacet
  facet normal -0.194922 -0.980819 0
    outer loop
      vertex 67.7088 81.0863 0
      vertex 67.9141 81.0455 1.5
      vertex 67.7088 81.0863 1.5
    endloop
  endfacet
  facet normal -0.194922 -0.980819 -0
    outer loop
      vertex 67.9141 81.0455 1.5
      vertex 67.7088 81.0863 0
      vertex 67.9141 81.0455 0
    endloop
  endfacet
  facet normal -0.194922 0.980819 0
    outer loop
      vertex 67.9141 77.9545 0
      vertex 67.7088 77.9137 1.5
      vertex 67.9141 77.9545 1.5
    endloop
  endfacet
  facet normal -0.194922 0.980819 0
    outer loop
      vertex 67.7088 77.9137 1.5
      vertex 67.9141 77.9545 0
      vertex 67.7088 77.9137 0
    endloop
  endfacet
  facet normal 0.751925 0.659248 0
    outer loop
      vertex 66.3686 78.3686 1.5
      vertex 66.2306 78.526 0
      vertex 66.2306 78.526 1.5
    endloop
  endfacet
  facet normal 0.751925 0.659248 0
    outer loop
      vertex 66.2306 78.526 0
      vertex 66.3686 78.3686 1.5
      vertex 66.3686 78.3686 0
    endloop
  endfacet
  facet normal 0.751925 -0.659248 0
    outer loop
      vertex 66.2306 80.474 1.5
      vertex 66.3686 80.6314 0
      vertex 66.3686 80.6314 1.5
    endloop
  endfacet
  facet normal 0.751925 -0.659248 0
    outer loop
      vertex 66.3686 80.6314 0
      vertex 66.2306 80.474 1.5
      vertex 66.2306 80.474 0
    endloop
  endfacet
  facet normal -0.997854 0.0654722 0
    outer loop
      vertex 69.0863 79.2912 0
      vertex 69.1 79.5 1.5
      vertex 69.1 79.5 0
    endloop
  endfacet
  facet normal -0.997854 0.0654722 0
    outer loop
      vertex 69.1 79.5 1.5
      vertex 69.0863 79.2912 0
      vertex 69.0863 79.2912 1.5
    endloop
  endfacet
  facet normal 0.831609 -0.555362 0
    outer loop
      vertex 66.1144 80.3 1.5
      vertex 66.2306 80.474 0
      vertex 66.2306 80.474 1.5
    endloop
  endfacet
  facet normal 0.831609 -0.555362 0
    outer loop
      vertex 66.2306 80.474 0
      vertex 66.1144 80.3 1.5
      vertex 66.1144 80.3 0
    endloop
  endfacet
  facet normal 0.997854 0.0654722 0
    outer loop
      vertex 65.9137 79.2912 1.5
      vertex 65.9 79.5 0
      vertex 65.9 79.5 1.5
    endloop
  endfacet
  facet normal 0.997854 0.0654722 0
    outer loop
      vertex 65.9 79.5 0
      vertex 65.9137 79.2912 1.5
      vertex 65.9137 79.2912 0
    endloop
  endfacet
  facet normal -0.659248 0.751925 0
    outer loop
      vertex 68.6314 78.3686 0
      vertex 68.474 78.2306 1.5
      vertex 68.6314 78.3686 1.5
    endloop
  endfacet
  facet normal -0.659248 0.751925 0
    outer loop
      vertex 68.474 78.2306 1.5
      vertex 68.6314 78.3686 0
      vertex 68.474 78.2306 0
    endloop
  endfacet
  facet normal -0.321526 0.946901 0
    outer loop
      vertex 68.1123 78.0218 0
      vertex 67.9141 77.9545 1.5
      vertex 68.1123 78.0218 1.5
    endloop
  endfacet
  facet normal -0.321526 0.946901 0
    outer loop
      vertex 67.9141 77.9545 1.5
      vertex 68.1123 78.0218 0
      vertex 67.9141 77.9545 0
    endloop
  endfacet
  facet normal -0.555362 0.831609 0
    outer loop
      vertex 68.474 78.2306 0
      vertex 68.3 78.1144 1.5
      vertex 68.474 78.2306 1.5
    endloop
  endfacet
  facet normal -0.555362 0.831609 0
    outer loop
      vertex 68.3 78.1144 1.5
      vertex 68.474 78.2306 0
      vertex 68.3 78.1144 0
    endloop
  endfacet
  facet normal -0.751925 0.659248 0
    outer loop
      vertex 68.6314 78.3686 0
      vertex 68.7694 78.526 1.5
      vertex 68.7694 78.526 0
    endloop
  endfacet
  facet normal -0.751925 0.659248 0
    outer loop
      vertex 68.7694 78.526 1.5
      vertex 68.6314 78.3686 0
      vertex 68.6314 78.3686 1.5
    endloop
  endfacet
  facet normal 0.831609 0.555362 0
    outer loop
      vertex 66.2306 78.526 1.5
      vertex 66.1144 78.7 0
      vertex 66.1144 78.7 1.5
    endloop
  endfacet
  facet normal 0.831609 0.555362 0
    outer loop
      vertex 66.1144 78.7 0
      vertex 66.2306 78.526 1.5
      vertex 66.2306 78.526 0
    endloop
  endfacet
  facet normal 0.0654722 0.997854 -0
    outer loop
      vertex 67.5 77.9 0
      vertex 67.2912 77.9137 1.5
      vertex 67.5 77.9 1.5
    endloop
  endfacet
  facet normal 0.0654722 0.997854 0
    outer loop
      vertex 67.2912 77.9137 1.5
      vertex 67.5 77.9 0
      vertex 67.2912 77.9137 0
    endloop
  endfacet
  facet normal -0.896803 0.442429 0
    outer loop
      vertex 68.8856 78.7 0
      vertex 68.9782 78.8877 1.5
      vertex 68.9782 78.8877 0
    endloop
  endfacet
  facet normal -0.896803 0.442429 0
    outer loop
      vertex 68.9782 78.8877 1.5
      vertex 68.8856 78.7 0
      vertex 68.8856 78.7 1.5
    endloop
  endfacet
  facet normal 0.0654722 -0.997854 0
    outer loop
      vertex 67.2912 81.0863 0
      vertex 67.5 81.1 1.5
      vertex 67.2912 81.0863 1.5
    endloop
  endfacet
  facet normal 0.0654722 -0.997854 0
    outer loop
      vertex 67.5 81.1 1.5
      vertex 67.2912 81.0863 0
      vertex 67.5 81.1 0
    endloop
  endfacet
  facet normal 0.980819 -0.194922 0
    outer loop
      vertex 65.9137 79.7088 1.5
      vertex 65.9545 79.9141 0
      vertex 65.9545 79.9141 1.5
    endloop
  endfacet
  facet normal 0.980819 -0.194922 0
    outer loop
      vertex 65.9545 79.9141 0
      vertex 65.9137 79.7088 1.5
      vertex 65.9137 79.7088 0
    endloop
  endfacet
  facet normal 0.321526 -0.946901 0
    outer loop
      vertex 66.8877 80.9782 0
      vertex 67.0859 81.0455 1.5
      vertex 66.8877 80.9782 1.5
    endloop
  endfacet
  facet normal 0.321526 -0.946901 0
    outer loop
      vertex 67.0859 81.0455 1.5
      vertex 66.8877 80.9782 0
      vertex 67.0859 81.0455 0
    endloop
  endfacet
  facet normal -0.659248 -0.751925 0
    outer loop
      vertex 68.474 80.7694 0
      vertex 68.6314 80.6314 1.5
      vertex 68.474 80.7694 1.5
    endloop
  endfacet
  facet normal -0.659248 -0.751925 -0
    outer loop
      vertex 68.6314 80.6314 1.5
      vertex 68.474 80.7694 0
      vertex 68.6314 80.6314 0
    endloop
  endfacet
  facet normal -0.0654722 -0.997854 0
    outer loop
      vertex 67.5 81.1 0
      vertex 67.7088 81.0863 1.5
      vertex 67.5 81.1 1.5
    endloop
  endfacet
  facet normal -0.0654722 -0.997854 -0
    outer loop
      vertex 67.7088 81.0863 1.5
      vertex 67.5 81.1 0
      vertex 67.7088 81.0863 0
    endloop
  endfacet
  facet normal 0.896803 -0.442429 0
    outer loop
      vertex 66.0218 80.1123 1.5
      vertex 66.1144 80.3 0
      vertex 66.1144 80.3 1.5
    endloop
  endfacet
  facet normal 0.896803 -0.442429 0
    outer loop
      vertex 66.1144 80.3 0
      vertex 66.0218 80.1123 1.5
      vertex 66.0218 80.1123 0
    endloop
  endfacet
  facet normal 0.194922 0.980819 -0
    outer loop
      vertex 67.2912 77.9137 0
      vertex 67.0859 77.9545 1.5
      vertex 67.2912 77.9137 1.5
    endloop
  endfacet
  facet normal 0.194922 0.980819 0
    outer loop
      vertex 67.0859 77.9545 1.5
      vertex 67.2912 77.9137 0
      vertex 67.0859 77.9545 0
    endloop
  endfacet
  facet normal -0.751925 -0.659248 0
    outer loop
      vertex 68.7694 80.474 0
      vertex 68.6314 80.6314 1.5
      vertex 68.6314 80.6314 0
    endloop
  endfacet
  facet normal -0.751925 -0.659248 0
    outer loop
      vertex 68.6314 80.6314 1.5
      vertex 68.7694 80.474 0
      vertex 68.7694 80.474 1.5
    endloop
  endfacet
  facet normal 0.659248 0.751925 -0
    outer loop
      vertex 66.526 78.2306 0
      vertex 66.3686 78.3686 1.5
      vertex 66.526 78.2306 1.5
    endloop
  endfacet
  facet normal 0.659248 0.751925 0
    outer loop
      vertex 66.3686 78.3686 1.5
      vertex 66.526 78.2306 0
      vertex 66.3686 78.3686 0
    endloop
  endfacet
  facet normal 0.946901 -0.321526 0
    outer loop
      vertex 65.9545 79.9141 1.5
      vertex 66.0218 80.1123 0
      vertex 66.0218 80.1123 1.5
    endloop
  endfacet
  facet normal 0.946901 -0.321526 0
    outer loop
      vertex 66.0218 80.1123 0
      vertex 65.9545 79.9141 1.5
      vertex 65.9545 79.9141 0
    endloop
  endfacet
  facet normal 0.997854 -0.0654722 0
    outer loop
      vertex 65.9 79.5 1.5
      vertex 65.9137 79.7088 0
      vertex 65.9137 79.7088 1.5
    endloop
  endfacet
  facet normal 0.997854 -0.0654722 0
    outer loop
      vertex 65.9137 79.7088 0
      vertex 65.9 79.5 1.5
      vertex 65.9 79.5 0
    endloop
  endfacet
  facet normal -0.980764 -0.195196 0
    outer loop
      vertex 69.0863 115.709 0
      vertex 69.0455 115.914 1.5
      vertex 69.0455 115.914 0
    endloop
  endfacet
  facet normal -0.980764 -0.195196 0
    outer loop
      vertex 69.0455 115.914 1.5
      vertex 69.0863 115.709 0
      vertex 69.0863 115.709 1.5
    endloop
  endfacet
  facet normal -0.997858 -0.0654099 0
    outer loop
      vertex 69.1 115.5 0
      vertex 69.0863 115.709 1.5
      vertex 69.0863 115.709 0
    endloop
  endfacet
  facet normal -0.997858 -0.0654099 0
    outer loop
      vertex 69.0863 115.709 1.5
      vertex 69.1 115.5 0
      vertex 69.1 115.5 1.5
    endloop
  endfacet
  facet normal -0.946802 -0.321817 0
    outer loop
      vertex 69.0455 115.914 0
      vertex 68.9782 116.112 1.5
      vertex 68.9782 116.112 0
    endloop
  endfacet
  facet normal -0.946802 -0.321817 0
    outer loop
      vertex 68.9782 116.112 1.5
      vertex 69.0455 115.914 0
      vertex 69.0455 115.914 1.5
    endloop
  endfacet
  facet normal -0.831609 -0.555362 0
    outer loop
      vertex 68.8856 116.3 0
      vertex 68.7694 116.474 1.5
      vertex 68.7694 116.474 0
    endloop
  endfacet
  facet normal -0.831609 -0.555362 0
    outer loop
      vertex 68.7694 116.474 1.5
      vertex 68.8856 116.3 0
      vertex 68.8856 116.3 1.5
    endloop
  endfacet
  facet normal 0.946802 0.321817 0
    outer loop
      vertex 66.0218 114.888 1.5
      vertex 65.9545 115.086 0
      vertex 65.9545 115.086 1.5
    endloop
  endfacet
  facet normal 0.946802 0.321817 0
    outer loop
      vertex 65.9545 115.086 0
      vertex 66.0218 114.888 1.5
      vertex 66.0218 114.888 0
    endloop
  endfacet
  facet normal -0.557998 -0.829843 0
    outer loop
      vertex 68.3 116.886 0
      vertex 68.474 116.769 1.5
      vertex 68.3 116.886 1.5
    endloop
  endfacet
  facet normal -0.557998 -0.829843 -0
    outer loop
      vertex 68.474 116.769 1.5
      vertex 68.3 116.886 0
      vertex 68.474 116.769 0
    endloop
  endfacet
  facet normal -0.980764 0.195196 0
    outer loop
      vertex 69.0455 115.086 0
      vertex 69.0863 115.291 1.5
      vertex 69.0863 115.291 0
    endloop
  endfacet
  facet normal -0.980764 0.195196 0
    outer loop
      vertex 69.0863 115.291 1.5
      vertex 69.0455 115.086 0
      vertex 69.0455 115.086 1.5
    endloop
  endfacet
  facet normal 0.557998 -0.829843 0
    outer loop
      vertex 66.526 116.769 0
      vertex 66.7 116.886 1.5
      vertex 66.526 116.769 1.5
    endloop
  endfacet
  facet normal 0.557998 -0.829843 0
    outer loop
      vertex 66.7 116.886 1.5
      vertex 66.526 116.769 0
      vertex 66.7 116.886 0
    endloop
  endfacet
  facet normal -0.32024 -0.947336 0
    outer loop
      vertex 67.9141 117.045 0
      vertex 68.1123 116.978 1.5
      vertex 67.9141 117.045 1.5
    endloop
  endfacet
  facet normal -0.32024 -0.947336 -0
    outer loop
      vertex 68.1123 116.978 1.5
      vertex 67.9141 117.045 0
      vertex 68.1123 116.978 0
    endloop
  endfacet
  facet normal -0.946802 0.321817 0
    outer loop
      vertex 68.9782 114.888 0
      vertex 69.0455 115.086 1.5
      vertex 69.0455 115.086 0
    endloop
  endfacet
  facet normal -0.946802 0.321817 0
    outer loop
      vertex 69.0455 115.086 1.5
      vertex 68.9782 114.888 0
      vertex 68.9782 114.888 1.5
    endloop
  endfacet
  facet normal -0.440119 0.897939 0
    outer loop
      vertex 68.3 114.114 0
      vertex 68.1123 114.022 1.5
      vertex 68.3 114.114 1.5
    endloop
  endfacet
  facet normal -0.440119 0.897939 0
    outer loop
      vertex 68.1123 114.022 1.5
      vertex 68.3 114.114 0
      vertex 68.1123 114.022 0
    endloop
  endfacet
  facet normal 0.659248 -0.751925 0
    outer loop
      vertex 66.3686 116.631 0
      vertex 66.526 116.769 1.5
      vertex 66.3686 116.631 1.5
    endloop
  endfacet
  facet normal 0.659248 -0.751925 0
    outer loop
      vertex 66.526 116.769 1.5
      vertex 66.3686 116.631 0
      vertex 66.526 116.769 0
    endloop
  endfacet
  facet normal -0.897083 -0.441861 0
    outer loop
      vertex 68.9782 116.112 0
      vertex 68.8856 116.3 1.5
      vertex 68.8856 116.3 0
    endloop
  endfacet
  facet normal -0.897083 -0.441861 0
    outer loop
      vertex 68.8856 116.3 1.5
      vertex 68.9782 116.112 0
      vertex 68.9782 116.112 1.5
    endloop
  endfacet
  facet normal 0.195841 -0.980636 0
    outer loop
      vertex 67.0859 117.045 0
      vertex 67.2912 117.086 1.5
      vertex 67.0859 117.045 1.5
    endloop
  endfacet
  facet normal 0.195841 -0.980636 0
    outer loop
      vertex 67.2912 117.086 1.5
      vertex 67.0859 117.045 0
      vertex 67.2912 117.086 0
    endloop
  endfacet
  facet normal -0.831609 0.555362 0
    outer loop
      vertex 68.7694 114.526 0
      vertex 68.8856 114.7 1.5
      vertex 68.8856 114.7 0
    endloop
  endfacet
  facet normal -0.831609 0.555362 0
    outer loop
      vertex 68.8856 114.7 1.5
      vertex 68.7694 114.526 0
      vertex 68.7694 114.526 1.5
    endloop
  endfacet
  facet normal -0.0668996 0.99776 0
    outer loop
      vertex 67.7088 113.914 0
      vertex 67.5 113.9 1.5
      vertex 67.7088 113.914 1.5
    endloop
  endfacet
  facet normal -0.0668996 0.99776 0
    outer loop
      vertex 67.5 113.9 1.5
      vertex 67.7088 113.914 0
      vertex 67.5 113.9 0
    endloop
  endfacet
  facet normal 0.897083 0.441861 0
    outer loop
      vertex 66.1144 114.7 1.5
      vertex 66.0218 114.888 0
      vertex 66.0218 114.888 1.5
    endloop
  endfacet
  facet normal 0.897083 0.441861 0
    outer loop
      vertex 66.0218 114.888 0
      vertex 66.1144 114.7 1.5
      vertex 66.1144 114.7 0
    endloop
  endfacet
  facet normal -0.440119 -0.897939 0
    outer loop
      vertex 68.1123 116.978 0
      vertex 68.3 116.886 1.5
      vertex 68.1123 116.978 1.5
    endloop
  endfacet
  facet normal -0.440119 -0.897939 -0
    outer loop
      vertex 68.3 116.886 1.5
      vertex 68.1123 116.978 0
      vertex 68.3 116.886 0
    endloop
  endfacet
  facet normal 0.32024 0.947336 -0
    outer loop
      vertex 67.0859 113.955 0
      vertex 66.8877 114.022 1.5
      vertex 67.0859 113.955 1.5
    endloop
  endfacet
  facet normal 0.32024 0.947336 0
    outer loop
      vertex 66.8877 114.022 1.5
      vertex 67.0859 113.955 0
      vertex 66.8877 114.022 0
    endloop
  endfacet
  facet normal 0.440119 -0.897939 0
    outer loop
      vertex 66.7 116.886 0
      vertex 66.8877 116.978 1.5
      vertex 66.7 116.886 1.5
    endloop
  endfacet
  facet normal 0.440119 -0.897939 0
    outer loop
      vertex 66.8877 116.978 1.5
      vertex 66.7 116.886 0
      vertex 66.8877 116.978 0
    endloop
  endfacet
  facet normal 0.440119 0.897939 -0
    outer loop
      vertex 66.8877 114.022 0
      vertex 66.7 114.114 1.5
      vertex 66.8877 114.022 1.5
    endloop
  endfacet
  facet normal 0.440119 0.897939 0
    outer loop
      vertex 66.7 114.114 1.5
      vertex 66.8877 114.022 0
      vertex 66.7 114.114 0
    endloop
  endfacet
  facet normal 0.980764 0.195196 0
    outer loop
      vertex 65.9545 115.086 1.5
      vertex 65.9137 115.291 0
      vertex 65.9137 115.291 1.5
    endloop
  endfacet
  facet normal 0.980764 0.195196 0
    outer loop
      vertex 65.9137 115.291 0
      vertex 65.9545 115.086 1.5
      vertex 65.9545 115.086 0
    endloop
  endfacet
  facet normal 0.557998 0.829843 -0
    outer loop
      vertex 66.7 114.114 0
      vertex 66.526 114.231 1.5
      vertex 66.7 114.114 1.5
    endloop
  endfacet
  facet normal 0.557998 0.829843 0
    outer loop
      vertex 66.526 114.231 1.5
      vertex 66.7 114.114 0
      vertex 66.526 114.231 0
    endloop
  endfacet
  facet normal -0.195841 -0.980636 0
    outer loop
      vertex 67.7088 117.086 0
      vertex 67.9141 117.045 1.5
      vertex 67.7088 117.086 1.5
    endloop
  endfacet
  facet normal -0.195841 -0.980636 -0
    outer loop
      vertex 67.9141 117.045 1.5
      vertex 67.7088 117.086 0
      vertex 67.9141 117.045 0
    endloop
  endfacet
  facet normal -0.195841 0.980636 0
    outer loop
      vertex 67.9141 113.955 0
      vertex 67.7088 113.914 1.5
      vertex 67.9141 113.955 1.5
    endloop
  endfacet
  facet normal -0.195841 0.980636 0
    outer loop
      vertex 67.7088 113.914 1.5
      vertex 67.9141 113.955 0
      vertex 67.7088 113.914 0
    endloop
  endfacet
  facet normal 0.751093 0.660196 0
    outer loop
      vertex 66.3686 114.369 1.5
      vertex 66.2306 114.526 0
      vertex 66.2306 114.526 1.5
    endloop
  endfacet
  facet normal 0.751093 0.660196 0
    outer loop
      vertex 66.2306 114.526 0
      vertex 66.3686 114.369 1.5
      vertex 66.3686 114.369 0
    endloop
  endfacet
  facet normal 0.751093 -0.660196 0
    outer loop
      vertex 66.2306 116.474 1.5
      vertex 66.3686 116.631 0
      vertex 66.3686 116.631 1.5
    endloop
  endfacet
  facet normal 0.751093 -0.660196 0
    outer loop
      vertex 66.3686 116.631 0
      vertex 66.2306 116.474 1.5
      vertex 66.2306 116.474 0
    endloop
  endfacet
  facet normal -0.997858 0.0654099 0
    outer loop
      vertex 69.0863 115.291 0
      vertex 69.1 115.5 1.5
      vertex 69.1 115.5 0
    endloop
  endfacet
  facet normal -0.997858 0.0654099 0
    outer loop
      vertex 69.1 115.5 1.5
      vertex 69.0863 115.291 0
      vertex 69.0863 115.291 1.5
    endloop
  endfacet
  facet normal 0.831609 -0.555362 0
    outer loop
      vertex 66.1144 116.3 1.5
      vertex 66.2306 116.474 0
      vertex 66.2306 116.474 1.5
    endloop
  endfacet
  facet normal 0.831609 -0.555362 0
    outer loop
      vertex 66.2306 116.474 0
      vertex 66.1144 116.3 1.5
      vertex 66.1144 116.3 0
    endloop
  endfacet
  facet normal 0.659248 0.751925 -0
    outer loop
      vertex 66.526 114.231 0
      vertex 66.3686 114.369 1.5
      vertex 66.526 114.231 1.5
    endloop
  endfacet
  facet normal 0.659248 0.751925 0
    outer loop
      vertex 66.3686 114.369 1.5
      vertex 66.526 114.231 0
      vertex 66.3686 114.369 0
    endloop
  endfacet
  facet normal 0.997858 0.0654099 0
    outer loop
      vertex 65.9137 115.291 1.5
      vertex 65.9 115.5 0
      vertex 65.9 115.5 1.5
    endloop
  endfacet
  facet normal 0.997858 0.0654099 0
    outer loop
      vertex 65.9 115.5 0
      vertex 65.9137 115.291 1.5
      vertex 65.9137 115.291 0
    endloop
  endfacet
  facet normal -0.659248 0.751925 0
    outer loop
      vertex 68.6314 114.369 0
      vertex 68.474 114.231 1.5
      vertex 68.6314 114.369 1.5
    endloop
  endfacet
  facet normal -0.659248 0.751925 0
    outer loop
      vertex 68.474 114.231 1.5
      vertex 68.6314 114.369 0
      vertex 68.474 114.231 0
    endloop
  endfacet
  facet normal -0.32024 0.947336 0
    outer loop
      vertex 68.1123 114.022 0
      vertex 67.9141 113.955 1.5
      vertex 68.1123 114.022 1.5
    endloop
  endfacet
  facet normal -0.32024 0.947336 0
    outer loop
      vertex 67.9141 113.955 1.5
      vertex 68.1123 114.022 0
      vertex 67.9141 113.955 0
    endloop
  endfacet
  facet normal -0.557998 0.829843 0
    outer loop
      vertex 68.474 114.231 0
      vertex 68.3 114.114 1.5
      vertex 68.474 114.231 1.5
    endloop
  endfacet
  facet normal -0.557998 0.829843 0
    outer loop
      vertex 68.3 114.114 1.5
      vertex 68.474 114.231 0
      vertex 68.3 114.114 0
    endloop
  endfacet
  facet normal -0.751093 0.660196 0
    outer loop
      vertex 68.6314 114.369 0
      vertex 68.7694 114.526 1.5
      vertex 68.7694 114.526 0
    endloop
  endfacet
  facet normal -0.751093 0.660196 0
    outer loop
      vertex 68.7694 114.526 1.5
      vertex 68.6314 114.369 0
      vertex 68.6314 114.369 1.5
    endloop
  endfacet
  facet normal 0.831609 0.555362 0
    outer loop
      vertex 66.2306 114.526 1.5
      vertex 66.1144 114.7 0
      vertex 66.1144 114.7 1.5
    endloop
  endfacet
  facet normal 0.831609 0.555362 0
    outer loop
      vertex 66.1144 114.7 0
      vertex 66.2306 114.526 1.5
      vertex 66.2306 114.526 0
    endloop
  endfacet
  facet normal 0.0668996 0.99776 -0
    outer loop
      vertex 67.5 113.9 0
      vertex 67.2912 113.914 1.5
      vertex 67.5 113.9 1.5
    endloop
  endfacet
  facet normal 0.0668996 0.99776 0
    outer loop
      vertex 67.2912 113.914 1.5
      vertex 67.5 113.9 0
      vertex 67.2912 113.914 0
    endloop
  endfacet
  facet normal -0.897083 0.441861 0
    outer loop
      vertex 68.8856 114.7 0
      vertex 68.9782 114.888 1.5
      vertex 68.9782 114.888 0
    endloop
  endfacet
  facet normal -0.897083 0.441861 0
    outer loop
      vertex 68.9782 114.888 1.5
      vertex 68.8856 114.7 0
      vertex 68.8856 114.7 1.5
    endloop
  endfacet
  facet normal 0.0668996 -0.99776 0
    outer loop
      vertex 67.2912 117.086 0
      vertex 67.5 117.1 1.5
      vertex 67.2912 117.086 1.5
    endloop
  endfacet
  facet normal 0.0668996 -0.99776 0
    outer loop
      vertex 67.5 117.1 1.5
      vertex 67.2912 117.086 0
      vertex 67.5 117.1 0
    endloop
  endfacet
  facet normal 0.980764 -0.195196 0
    outer loop
      vertex 65.9137 115.709 1.5
      vertex 65.9545 115.914 0
      vertex 65.9545 115.914 1.5
    endloop
  endfacet
  facet normal 0.980764 -0.195196 0
    outer loop
      vertex 65.9545 115.914 0
      vertex 65.9137 115.709 1.5
      vertex 65.9137 115.709 0
    endloop
  endfacet
  facet normal 0.32024 -0.947336 0
    outer loop
      vertex 66.8877 116.978 0
      vertex 67.0859 117.045 1.5
      vertex 66.8877 116.978 1.5
    endloop
  endfacet
  facet normal 0.32024 -0.947336 0
    outer loop
      vertex 67.0859 117.045 1.5
      vertex 66.8877 116.978 0
      vertex 67.0859 117.045 0
    endloop
  endfacet
  facet normal -0.659248 -0.751925 0
    outer loop
      vertex 68.474 116.769 0
      vertex 68.6314 116.631 1.5
      vertex 68.474 116.769 1.5
    endloop
  endfacet
  facet normal -0.659248 -0.751925 -0
    outer loop
      vertex 68.6314 116.631 1.5
      vertex 68.474 116.769 0
      vertex 68.6314 116.631 0
    endloop
  endfacet
  facet normal -0.0668996 -0.99776 0
    outer loop
      vertex 67.5 117.1 0
      vertex 67.7088 117.086 1.5
      vertex 67.5 117.1 1.5
    endloop
  endfacet
  facet normal -0.0668996 -0.99776 -0
    outer loop
      vertex 67.7088 117.086 1.5
      vertex 67.5 117.1 0
      vertex 67.7088 117.086 0
    endloop
  endfacet
  facet normal 0.897083 -0.441861 0
    outer loop
      vertex 66.0218 116.112 1.5
      vertex 66.1144 116.3 0
      vertex 66.1144 116.3 1.5
    endloop
  endfacet
  facet normal 0.897083 -0.441861 0
    outer loop
      vertex 66.1144 116.3 0
      vertex 66.0218 116.112 1.5
      vertex 66.0218 116.112 0
    endloop
  endfacet
  facet normal 0.195841 0.980636 -0
    outer loop
      vertex 67.2912 113.914 0
      vertex 67.0859 113.955 1.5
      vertex 67.2912 113.914 1.5
    endloop
  endfacet
  facet normal 0.195841 0.980636 0
    outer loop
      vertex 67.0859 113.955 1.5
      vertex 67.2912 113.914 0
      vertex 67.0859 113.955 0
    endloop
  endfacet
  facet normal -0.751093 -0.660196 0
    outer loop
      vertex 68.7694 116.474 0
      vertex 68.6314 116.631 1.5
      vertex 68.6314 116.631 0
    endloop
  endfacet
  facet normal -0.751093 -0.660196 0
    outer loop
      vertex 68.6314 116.631 1.5
      vertex 68.7694 116.474 0
      vertex 68.7694 116.474 1.5
    endloop
  endfacet
  facet normal 0.946802 -0.321817 0
    outer loop
      vertex 65.9545 115.914 1.5
      vertex 66.0218 116.112 0
      vertex 66.0218 116.112 1.5
    endloop
  endfacet
  facet normal 0.946802 -0.321817 0
    outer loop
      vertex 66.0218 116.112 0
      vertex 65.9545 115.914 1.5
      vertex 65.9545 115.914 0
    endloop
  endfacet
  facet normal 0.997858 -0.0654099 0
    outer loop
      vertex 65.9 115.5 1.5
      vertex 65.9137 115.709 0
      vertex 65.9137 115.709 1.5
    endloop
  endfacet
  facet normal 0.997858 -0.0654099 0
    outer loop
      vertex 65.9137 115.709 0
      vertex 65.9 115.5 1.5
      vertex 65.9 115.5 0
    endloop
  endfacet
  facet normal 0.0654432 -0.997856 0
    outer loop
      vertex 72 70 0
      vertex 72.6526 70.0428 3
      vertex 72 70 3
    endloop
  endfacet
  facet normal 0.0654432 -0.997856 0
    outer loop
      vertex 72.6526 70.0428 3
      vertex 72 70 0
      vertex 72.6526 70.0428 0
    endloop
  endfacet
  facet normal -0.659409 -0.751784 0
    outer loop
      vertex 1.46447 71.4645 0
      vertex 1.95619 71.0332 3
      vertex 1.46447 71.4645 3
    endloop
  endfacet
  facet normal -0.659409 -0.751784 -0
    outer loop
      vertex 1.95619 71.0332 3
      vertex 1.46447 71.4645 0
      vertex 1.95619 71.0332 0
    endloop
  endfacet
  facet normal -1 0 0
    outer loop
      vertex 0 75 0
      vertex 0 120 3
      vertex 0 120 0
    endloop
  endfacet
  facet normal -1 -0 0
    outer loop
      vertex 0 120 3
      vertex 0 75 0
      vertex 0 75 3
    endloop
  endfacet
  facet normal -0.946879 0.32159 0
    outer loop
      vertex 0.17037 121.294 0
      vertex 0.380602 121.913 3
      vertex 0.380602 121.913 0
    endloop
  endfacet
  facet normal -0.946879 0.32159 0
    outer loop
      vertex 0.380602 121.913 3
      vertex 0.17037 121.294 0
      vertex 0.17037 121.294 3
    endloop
  endfacet
  facet normal -0.321397 -0.946944 0
    outer loop
      vertex 3.08658 70.3806 0
      vertex 3.7059 70.1704 3
      vertex 3.08658 70.3806 3
    endloop
  endfacet
  facet normal -0.321397 -0.946944 -0
    outer loop
      vertex 3.7059 70.1704 3
      vertex 3.08658 70.3806 0
      vertex 3.7059 70.1704 0
    endloop
  endfacet
  facet normal -0.980758 0.195226 0
    outer loop
      vertex 0.0427752 120.653 0
      vertex 0.17037 121.294 3
      vertex 0.17037 121.294 0
    endloop
  endfacet
  facet normal -0.980758 0.195226 0
    outer loop
      vertex 0.17037 121.294 3
      vertex 0.0427752 120.653 0
      vertex 0.0427752 120.653 3
    endloop
  endfacet
  facet normal 0 -1 0
    outer loop
      vertex 5 70 0
      vertex 72 70 3
      vertex 5 70 3
    endloop
  endfacet
  facet normal 0 -1 -0
    outer loop
      vertex 72 70 3
      vertex 5 70 0
      vertex 72 70 0
    endloop
  endfacet
  facet normal -0.0654402 -0.997856 0
    outer loop
      vertex 4.34737 70.0428 0
      vertex 5 70 3
      vertex 4.34737 70.0428 3
    endloop
  endfacet
  facet normal -0.0654402 -0.997856 -0
    outer loop
      vertex 5 70 3
      vertex 4.34737 70.0428 0
      vertex 5 70 0
    endloop
  endfacet
  facet normal 0.89686 -0.442314 0
    outer loop
      vertex 76.3301 72.5 3
      vertex 76.6194 73.0866 0
      vertex 76.6194 73.0866 3
    endloop
  endfacet
  facet normal 0.89686 -0.442314 0
    outer loop
      vertex 76.6194 73.0866 0
      vertex 76.3301 72.5 3
      vertex 76.3301 72.5 0
    endloop
  endfacet
  facet normal 0 1 -0
    outer loop
      vertex 72 125 0
      vertex 5 125 3
      vertex 72 125 3
    endloop
  endfacet
  facet normal 0 1 0
    outer loop
      vertex 5 125 3
      vertex 72 125 0
      vertex 5 125 0
    endloop
  endfacet
  facet normal 0.75197 0.659197 0
    outer loop
      vertex 75.9668 123.044 3
      vertex 75.5355 123.536 0
      vertex 75.5355 123.536 3
    endloop
  endfacet
  facet normal 0.75197 0.659197 0
    outer loop
      vertex 75.5355 123.536 0
      vertex 75.9668 123.044 3
      vertex 75.9668 123.044 0
    endloop
  endfacet
  facet normal -0.65915 0.752012 0
    outer loop
      vertex 1.95619 123.967 0
      vertex 1.46447 123.536 3
      vertex 1.95619 123.967 3
    endloop
  endfacet
  facet normal -0.65915 0.752012 0
    outer loop
      vertex 1.46447 123.536 3
      vertex 1.95619 123.967 0
      vertex 1.46447 123.536 0
    endloop
  endfacet
  facet normal -0.831562 0.555432 0
    outer loop
      vertex 0.669872 122.5 0
      vertex 1.03323 123.044 3
      vertex 1.03323 123.044 0
    endloop
  endfacet
  facet normal -0.831562 0.555432 0
    outer loop
      vertex 1.03323 123.044 3
      vertex 0.669872 122.5 0
      vertex 0.669872 122.5 3
    endloop
  endfacet
  facet normal -0.195096 -0.980784 0
    outer loop
      vertex 3.7059 70.1704 0
      vertex 4.34737 70.0428 3
      vertex 3.7059 70.1704 3
    endloop
  endfacet
  facet normal -0.195096 -0.980784 -0
    outer loop
      vertex 4.34737 70.0428 3
      vertex 3.7059 70.1704 0
      vertex 4.34737 70.0428 0
    endloop
  endfacet
  facet normal 0.659165 0.751998 -0
    outer loop
      vertex 75.5355 123.536 0
      vertex 75.0438 123.967 3
      vertex 75.5355 123.536 3
    endloop
  endfacet
  facet normal 0.659165 0.751998 0
    outer loop
      vertex 75.0438 123.967 3
      vertex 75.5355 123.536 0
      vertex 75.0438 123.967 0
    endloop
  endfacet
  facet normal 0.441945 0.897042 -0
    outer loop
      vertex 74.5 124.33 0
      vertex 73.9134 124.619 3
      vertex 74.5 124.33 3
    endloop
  endfacet
  facet normal 0.441945 0.897042 0
    outer loop
      vertex 73.9134 124.619 3
      vertex 74.5 124.33 0
      vertex 73.9134 124.619 0
    endloop
  endfacet
  facet normal -0.896998 0.442035 0
    outer loop
      vertex 0.380602 121.913 0
      vertex 0.669872 122.5 3
      vertex 0.669872 122.5 0
    endloop
  endfacet
  facet normal -0.896998 0.442035 0
    outer loop
      vertex 0.669872 122.5 3
      vertex 0.380602 121.913 0
      vertex 0.380602 121.913 3
    endloop
  endfacet
  facet normal 0.442314 -0.89686 0
    outer loop
      vertex 73.9134 70.3806 0
      vertex 74.5 70.6699 3
      vertex 73.9134 70.3806 3
    endloop
  endfacet
  facet normal 0.442314 -0.89686 0
    outer loop
      vertex 74.5 70.6699 3
      vertex 73.9134 70.3806 0
      vertex 74.5 70.6699 0
    endloop
  endfacet
  facet normal 0.322503 0.946569 -0
    outer loop
      vertex 73.9134 124.619 0
      vertex 73.2941 124.83 3
      vertex 73.9134 124.619 3
    endloop
  endfacet
  facet normal 0.322503 0.946569 0
    outer loop
      vertex 73.2941 124.83 3
      vertex 73.9134 124.619 0
      vertex 73.2941 124.83 0
    endloop
  endfacet
  facet normal -0.555504 -0.831514 0
    outer loop
      vertex 1.95619 71.0332 0
      vertex 2.5 70.6699 3
      vertex 1.95619 71.0332 3
    endloop
  endfacet
  facet normal -0.555504 -0.831514 -0
    outer loop
      vertex 2.5 70.6699 3
      vertex 1.95619 71.0332 0
      vertex 2.5 70.6699 0
    endloop
  endfacet
  facet normal -0.194213 0.980959 0
    outer loop
      vertex 4.34737 124.957 0
      vertex 3.7059 124.83 3
      vertex 4.34737 124.957 3
    endloop
  endfacet
  facet normal -0.194213 0.980959 0
    outer loop
      vertex 3.7059 124.83 3
      vertex 4.34737 124.957 0
      vertex 3.7059 124.83 0
    endloop
  endfacet
  facet normal -0.555187 0.831725 0
    outer loop
      vertex 2.5 124.33 0
      vertex 1.95619 123.967 3
      vertex 2.5 124.33 3
    endloop
  endfacet
  facet normal -0.555187 0.831725 0
    outer loop
      vertex 1.95619 123.967 3
      vertex 2.5 124.33 0
      vertex 1.95619 123.967 0
    endloop
  endfacet
  facet normal 0.751771 -0.659424 0
    outer loop
      vertex 75.5355 71.4645 3
      vertex 75.9668 71.9562 0
      vertex 75.9668 71.9562 3
    endloop
  endfacet
  facet normal 0.751771 -0.659424 0
    outer loop
      vertex 75.9668 71.9562 0
      vertex 75.5355 71.4645 3
      vertex 75.5355 71.4645 0
    endloop
  endfacet
  facet normal 0.195087 -0.980786 0
    outer loop
      vertex 72.6526 70.0428 0
      vertex 73.2941 70.1704 3
      vertex 72.6526 70.0428 3
    endloop
  endfacet
  facet normal 0.195087 -0.980786 0
    outer loop
      vertex 73.2941 70.1704 3
      vertex 72.6526 70.0428 0
      vertex 73.2941 70.1704 0
    endloop
  endfacet
  facet normal -0.322493 0.946572 0
    outer loop
      vertex 3.7059 124.83 0
      vertex 3.08658 124.619 3
      vertex 3.7059 124.83 3
    endloop
  endfacet
  facet normal -0.322493 0.946572 0
    outer loop
      vertex 3.08658 124.619 3
      vertex 3.7059 124.83 0
      vertex 3.08658 124.619 0
    endloop
  endfacet
  facet normal -0.442327 -0.896854 0
    outer loop
      vertex 2.5 70.6699 0
      vertex 3.08658 70.3806 3
      vertex 2.5 70.6699 3
    endloop
  endfacet
  facet normal -0.442327 -0.896854 -0
    outer loop
      vertex 3.08658 70.3806 3
      vertex 2.5 70.6699 0
      vertex 3.08658 70.3806 0
    endloop
  endfacet
  facet normal 1 -0 0
    outer loop
      vertex 77 75 3
      vertex 77 120 0
      vertex 77 120 3
    endloop
  endfacet
  facet normal 1 0 0
    outer loop
      vertex 77 120 0
      vertex 77 75 3
      vertex 77 75 0
    endloop
  endfacet
  facet normal 0.831603 0.55537 0
    outer loop
      vertex 76.3301 122.5 3
      vertex 75.9668 123.044 0
      vertex 75.9668 123.044 3
    endloop
  endfacet
  facet normal 0.831603 0.55537 0
    outer loop
      vertex 75.9668 123.044 0
      vertex 76.3301 122.5 3
      vertex 76.3301 122.5 0
    endloop
  endfacet
  facet normal -0.980787 -0.195079 0
    outer loop
      vertex 0.17037 73.7059 0
      vertex 0.0427752 74.3474 3
      vertex 0.0427752 74.3474 0
    endloop
  endfacet
  facet normal -0.980787 -0.195079 0
    outer loop
      vertex 0.0427752 74.3474 3
      vertex 0.17037 73.7059 0
      vertex 0.17037 73.7059 3
    endloop
  endfacet
  facet normal -0.831468 -0.555573 0
    outer loop
      vertex 1.03323 71.9562 0
      vertex 0.669872 72.5 3
      vertex 0.669872 72.5 0
    endloop
  endfacet
  facet normal -0.831468 -0.555573 0
    outer loop
      vertex 0.669872 72.5 3
      vertex 1.03323 71.9562 0
      vertex 1.03323 71.9562 3
    endloop
  endfacet
  facet normal 0.659424 -0.751771 0
    outer loop
      vertex 75.0438 71.0332 0
      vertex 75.5355 71.4645 3
      vertex 75.0438 71.0332 3
    endloop
  endfacet
  facet normal 0.659424 -0.751771 0
    outer loop
      vertex 75.5355 71.4645 3
      vertex 75.0438 71.0332 0
      vertex 75.5355 71.4645 0
    endloop
  endfacet
  facet normal -0.0657447 0.997836 0
    outer loop
      vertex 5 125 0
      vertex 4.34737 124.957 3
      vertex 5 125 3
    endloop
  endfacet
  facet normal -0.0657447 0.997836 0
    outer loop
      vertex 4.34737 124.957 3
      vertex 5 125 0
      vertex 4.34737 124.957 0
    endloop
  endfacet
  facet normal 0.946941 -0.321407 0
    outer loop
      vertex 76.6194 73.0866 3
      vertex 76.8296 73.7059 0
      vertex 76.8296 73.7059 3
    endloop
  endfacet
  facet normal 0.946941 -0.321407 0
    outer loop
      vertex 76.8296 73.7059 0
      vertex 76.6194 73.0866 3
      vertex 76.6194 73.0866 0
    endloop
  endfacet
  facet normal 0.555194 0.831721 -0
    outer loop
      vertex 75.0438 123.967 0
      vertex 74.5 124.33 3
      vertex 75.0438 123.967 3
    endloop
  endfacet
  facet normal 0.555194 0.831721 0
    outer loop
      vertex 74.5 124.33 3
      vertex 75.0438 123.967 0
      vertex 74.5 124.33 0
    endloop
  endfacet
  facet normal -0.441957 0.897036 0
    outer loop
      vertex 3.08658 124.619 0
      vertex 2.5 124.33 3
      vertex 3.08658 124.619 3
    endloop
  endfacet
  facet normal -0.441957 0.897036 0
    outer loop
      vertex 2.5 124.33 3
      vertex 3.08658 124.619 0
      vertex 2.5 124.33 0
    endloop
  endfacet
  facet normal 0.0657477 0.997836 -0
    outer loop
      vertex 72.6526 124.957 0
      vertex 72 125 3
      vertex 72.6526 124.957 3
    endloop
  endfacet
  facet normal 0.0657477 0.997836 0
    outer loop
      vertex 72 125 3
      vertex 72.6526 124.957 0
      vertex 72 125 0
    endloop
  endfacet
  facet normal 0.89698 0.442072 0
    outer loop
      vertex 76.6194 121.913 3
      vertex 76.3301 122.5 0
      vertex 76.3301 122.5 3
    endloop
  endfacet
  facet normal 0.89698 0.442072 0
    outer loop
      vertex 76.3301 122.5 0
      vertex 76.6194 121.913 3
      vertex 76.6194 121.913 0
    endloop
  endfacet
  facet normal 0.997859 0.0654033 0
    outer loop
      vertex 77 120 3
      vertex 76.9572 120.653 0
      vertex 76.9572 120.653 3
    endloop
  endfacet
  facet normal 0.997859 0.0654033 0
    outer loop
      vertex 76.9572 120.653 0
      vertex 77 120 3
      vertex 77 120 0
    endloop
  endfacet
  facet normal 0 0 1
    outer loop
      vertex 73.5 120 3
      vertex 77 120 3
      vertex 76.9572 120.653 3
    endloop
  endfacet
  facet normal 0 0 1
    outer loop
      vertex 77 120 3
      vertex 73.5 120 3
      vertex 77 75 3
    endloop
  endfacet
  facet normal 0 0 1
    outer loop
      vertex 73.4872 120.196 3
      vertex 76.9572 120.653 3
      vertex 76.8296 121.294 3
    endloop
  endfacet
  facet normal 0 0 1
    outer loop
      vertex 73.5 75 3
      vertex 77 75 3
      vertex 73.5 120 3
    endloop
  endfacet
  facet normal 0 0 1
    outer loop
      vertex 73.4489 120.388 3
      vertex 76.8296 121.294 3
      vertex 76.6194 121.913 3
    endloop
  endfacet
  facet normal 0 0 1
    outer loop
      vertex 77 75 3
      vertex 73.5 75 3
      vertex 76.9572 74.3474 3
    endloop
  endfacet
  facet normal 0 0 1
    outer loop
      vertex 73.3858 120.574 3
      vertex 76.6194 121.913 3
      vertex 76.3301 122.5 3
    endloop
  endfacet
  facet normal -0 0 1
    outer loop
      vertex 73.4872 74.8042 3
      vertex 76.9572 74.3474 3
      vertex 73.5 75 3
    endloop
  endfacet
  facet normal 0 0 1
    outer loop
      vertex 73.299 120.75 3
      vertex 76.3301 122.5 3
      vertex 75.9668 123.044 3
    endloop
  endfacet
  facet normal 0 0 1
    outer loop
      vertex 76.9572 74.3474 3
      vertex 73.4872 74.8042 3
      vertex 76.8296 73.7059 3
    endloop
  endfacet
  facet normal 0 0 1
    outer loop
      vertex 73.19 120.913 3
      vertex 75.9668 123.044 3
      vertex 75.5355 123.536 3
    endloop
  endfacet
  facet normal -0 0 1
    outer loop
      vertex 73.4489 74.6118 3
      vertex 76.8296 73.7059 3
      vertex 73.4872 74.8042 3
    endloop
  endfacet
  facet normal 0 0 1
    outer loop
      vertex 73.0607 121.061 3
      vertex 75.5355 123.536 3
      vertex 75.0438 123.967 3
    endloop
  endfacet
  facet normal 0 0 1
    outer loop
      vertex 76.8296 73.7059 3
      vertex 73.4489 74.6118 3
      vertex 76.6194 73.0866 3
    endloop
  endfacet
  facet normal 0 0 1
    outer loop
      vertex 72.9131 121.19 3
      vertex 75.0438 123.967 3
      vertex 74.5 124.33 3
    endloop
  endfacet
  facet normal -0 0 1
    outer loop
      vertex 73.3858 74.426 3
      vertex 76.6194 73.0866 3
      vertex 73.4489 74.6118 3
    endloop
  endfacet
  facet normal 0 0 1
    outer loop
      vertex 72.75 121.299 3
      vertex 74.5 124.33 3
      vertex 73.9134 124.619 3
    endloop
  endfacet
  facet normal 0 0 1
    outer loop
      vertex 76.6194 73.0866 3
      vertex 73.3858 74.426 3
      vertex 76.3301 72.5 3
    endloop
  endfacet
  facet normal -0 0 1
    outer loop
      vertex 73.299 74.25 3
      vertex 76.3301 72.5 3
      vertex 73.3858 74.426 3
    endloop
  endfacet
  facet normal 0 0 1
    outer loop
      vertex 76.9572 120.653 3
      vertex 73.4872 120.196 3
      vertex 73.5 120 3
    endloop
  endfacet
  facet normal 0 0 1
    outer loop
      vertex 76.8296 121.294 3
      vertex 73.4489 120.388 3
      vertex 73.4872 120.196 3
    endloop
  endfacet
  facet normal 0 0 1
    outer loop
      vertex 76.6194 121.913 3
      vertex 73.3858 120.574 3
      vertex 73.4489 120.388 3
    endloop
  endfacet
  facet normal 0 0 1
    outer loop
      vertex 76.3301 122.5 3
      vertex 73.299 120.75 3
      vertex 73.3858 120.574 3
    endloop
  endfacet
  facet normal 0 0 1
    outer loop
      vertex 72.574 121.386 3
      vertex 73.9134 124.619 3
      vertex 73.2941 124.83 3
    endloop
  endfacet
  facet normal 0 0 1
    outer loop
      vertex 75.9668 123.044 3
      vertex 73.19 120.913 3
      vertex 73.299 120.75 3
    endloop
  endfacet
  facet normal 0 0 1
    outer loop
      vertex 75.5355 123.536 3
      vertex 73.0607 121.061 3
      vertex 73.19 120.913 3
    endloop
  endfacet
  facet normal 0 0 1
    outer loop
      vertex 75.0438 123.967 3
      vertex 72.9131 121.19 3
      vertex 73.0607 121.061 3
    endloop
  endfacet
  facet normal 0 0 1
    outer loop
      vertex 74.5 124.33 3
      vertex 72.75 121.299 3
      vertex 72.9131 121.19 3
    endloop
  endfacet
  facet normal 0 0 1
    outer loop
      vertex 72.3882 121.449 3
      vertex 73.2941 124.83 3
      vertex 72.6526 124.957 3
    endloop
  endfacet
  facet normal 0 0 1
    outer loop
      vertex 73.9134 124.619 3
      vertex 72.574 121.386 3
      vertex 72.75 121.299 3
    endloop
  endfacet
  facet normal 0 0 1
    outer loop
      vertex 73.2941 124.83 3
      vertex 72.3882 121.449 3
      vertex 72.574 121.386 3
    endloop
  endfacet
  facet normal 0 0 1
    outer loop
      vertex 72.6526 124.957 3
      vertex 72.1958 121.487 3
      vertex 72.3882 121.449 3
    endloop
  endfacet
  facet normal 0 0 1
    outer loop
      vertex 72 125 3
      vertex 72.1958 121.487 3
      vertex 72.6526 124.957 3
    endloop
  endfacet
  facet normal 0 0 1
    outer loop
      vertex 72 125 3
      vertex 72 121.5 3
      vertex 72.1958 121.487 3
    endloop
  endfacet
  facet normal -0 0 1
    outer loop
      vertex 5 125 3
      vertex 72 121.5 3
      vertex 72 125 3
    endloop
  endfacet
  facet normal 0 0 1
    outer loop
      vertex 5 125 3
      vertex 5 121.5 3
      vertex 72 121.5 3
    endloop
  endfacet
  facet normal 0 0 1
    outer loop
      vertex 5 125 3
      vertex 4.80421 121.487 3
      vertex 5 121.5 3
    endloop
  endfacet
  facet normal -0 0 1
    outer loop
      vertex 4.34737 124.957 3
      vertex 4.80421 121.487 3
      vertex 5 125 3
    endloop
  endfacet
  facet normal 0 0 1
    outer loop
      vertex 4.80421 121.487 3
      vertex 4.34737 124.957 3
      vertex 4.61177 121.449 3
    endloop
  endfacet
  facet normal -0 0 1
    outer loop
      vertex 3.7059 124.83 3
      vertex 4.61177 121.449 3
      vertex 4.34737 124.957 3
    endloop
  endfacet
  facet normal 0 0 1
    outer loop
      vertex 4.61177 121.449 3
      vertex 3.7059 124.83 3
      vertex 4.42597 121.386 3
    endloop
  endfacet
  facet normal -0 0 1
    outer loop
      vertex 3.08658 124.619 3
      vertex 4.42597 121.386 3
      vertex 3.7059 124.83 3
    endloop
  endfacet
  facet normal 0 0 1
    outer loop
      vertex 4.42597 121.386 3
      vertex 3.08658 124.619 3
      vertex 4.25 121.299 3
    endloop
  endfacet
  facet normal -0 0 1
    outer loop
      vertex 2.5 124.33 3
      vertex 4.25 121.299 3
      vertex 3.08658 124.619 3
    endloop
  endfacet
  facet normal 0 0 1
    outer loop
      vertex 4.25 121.299 3
      vertex 2.5 124.33 3
      vertex 4.08686 121.19 3
    endloop
  endfacet
  facet normal -0 0 1
    outer loop
      vertex 1.95619 123.967 3
      vertex 4.08686 121.19 3
      vertex 2.5 124.33 3
    endloop
  endfacet
  facet normal 0 0 1
    outer loop
      vertex 4.08686 121.19 3
      vertex 1.95619 123.967 3
      vertex 3.93934 121.061 3
    endloop
  endfacet
  facet normal -0 0 1
    outer loop
      vertex 1.46447 123.536 3
      vertex 3.93934 121.061 3
      vertex 1.95619 123.967 3
    endloop
  endfacet
  facet normal 0 0 1
    outer loop
      vertex 3.93934 121.061 3
      vertex 1.46447 123.536 3
      vertex 3.80997 120.913 3
    endloop
  endfacet
  facet normal -0 0 1
    outer loop
      vertex 1.03323 123.044 3
      vertex 3.80997 120.913 3
      vertex 1.46447 123.536 3
    endloop
  endfacet
  facet normal -0 0 1
    outer loop
      vertex 0.669872 122.5 3
      vertex 3.70096 120.75 3
      vertex 1.03323 123.044 3
    endloop
  endfacet
  facet normal 0 0 1
    outer loop
      vertex 3.80997 120.913 3
      vertex 1.03323 123.044 3
      vertex 3.70096 120.75 3
    endloop
  endfacet
  facet normal 0 0 1
    outer loop
      vertex 76.3301 72.5 3
      vertex 73.299 74.25 3
      vertex 75.9668 71.9562 3
    endloop
  endfacet
  facet normal -0 0 1
    outer loop
      vertex 73.19 74.0869 3
      vertex 75.9668 71.9562 3
      vertex 73.299 74.25 3
    endloop
  endfacet
  facet normal 0 0 1
    outer loop
      vertex 75.9668 71.9562 3
      vertex 73.19 74.0869 3
      vertex 75.5355 71.4645 3
    endloop
  endfacet
  facet normal -0 0 1
    outer loop
      vertex 73.0607 73.9393 3
      vertex 75.5355 71.4645 3
      vertex 73.19 74.0869 3
    endloop
  endfacet
  facet normal 0 0 1
    outer loop
      vertex 75.5355 71.4645 3
      vertex 73.0607 73.9393 3
      vertex 75.0438 71.0332 3
    endloop
  endfacet
  facet normal -0 0 1
    outer loop
      vertex 72.9131 73.81 3
      vertex 75.0438 71.0332 3
      vertex 73.0607 73.9393 3
    endloop
  endfacet
  facet normal 0 0 1
    outer loop
      vertex 75.0438 71.0332 3
      vertex 72.9131 73.81 3
      vertex 74.5 70.6699 3
    endloop
  endfacet
  facet normal -0 0 1
    outer loop
      vertex 72.75 73.701 3
      vertex 74.5 70.6699 3
      vertex 72.9131 73.81 3
    endloop
  endfacet
  facet normal 0 0 1
    outer loop
      vertex 74.5 70.6699 3
      vertex 72.75 73.701 3
      vertex 73.9134 70.3806 3
    endloop
  endfacet
  facet normal -0 0 1
    outer loop
      vertex 72.574 73.6142 3
      vertex 73.9134 70.3806 3
      vertex 72.75 73.701 3
    endloop
  endfacet
  facet normal 0 0 1
    outer loop
      vertex 73.9134 70.3806 3
      vertex 72.574 73.6142 3
      vertex 73.2941 70.1704 3
    endloop
  endfacet
  facet normal -0 0 1
    outer loop
      vertex 72.3882 73.5511 3
      vertex 73.2941 70.1704 3
      vertex 72.574 73.6142 3
    endloop
  endfacet
  facet normal 0 0 1
    outer loop
      vertex 73.2941 70.1704 3
      vertex 72.3882 73.5511 3
      vertex 72.6526 70.0428 3
    endloop
  endfacet
  facet normal -0 0 1
    outer loop
      vertex 72.1958 73.5128 3
      vertex 72.6526 70.0428 3
      vertex 72.3882 73.5511 3
    endloop
  endfacet
  facet normal -0 0 1
    outer loop
      vertex 72 73.5 3
      vertex 72.6526 70.0428 3
      vertex 72.1958 73.5128 3
    endloop
  endfacet
  facet normal 0 0 1
    outer loop
      vertex 72 73.5 3
      vertex 72 70 3
      vertex 72.6526 70.0428 3
    endloop
  endfacet
  facet normal -0 0 1
    outer loop
      vertex 5 73.5 3
      vertex 72 70 3
      vertex 72 73.5 3
    endloop
  endfacet
  facet normal 0 0 1
    outer loop
      vertex 5 73.5 3
      vertex 5 70 3
      vertex 72 70 3
    endloop
  endfacet
  facet normal 0 0 1
    outer loop
      vertex 4.80421 73.5128 3
      vertex 5 70 3
      vertex 5 73.5 3
    endloop
  endfacet
  facet normal 0 0 1
    outer loop
      vertex 4.34737 70.0428 3
      vertex 4.80421 73.5128 3
      vertex 4.61177 73.5511 3
    endloop
  endfacet
  facet normal 0 0 1
    outer loop
      vertex 3.7059 70.1704 3
      vertex 4.61177 73.5511 3
      vertex 4.42597 73.6142 3
    endloop
  endfacet
  facet normal 0 0 1
    outer loop
      vertex 4.80421 73.5128 3
      vertex 4.34737 70.0428 3
      vertex 5 70 3
    endloop
  endfacet
  facet normal 0 0 1
    outer loop
      vertex 3.08658 70.3806 3
      vertex 4.42597 73.6142 3
      vertex 4.25 73.701 3
    endloop
  endfacet
  facet normal 0 0 1
    outer loop
      vertex 2.5 70.6699 3
      vertex 4.25 73.701 3
      vertex 4.08686 73.81 3
    endloop
  endfacet
  facet normal 0 0 1
    outer loop
      vertex 1.95619 71.0332 3
      vertex 4.08686 73.81 3
      vertex 3.93934 73.9393 3
    endloop
  endfacet
  facet normal 0 0 1
    outer loop
      vertex 1.46447 71.4645 3
      vertex 3.93934 73.9393 3
      vertex 3.80997 74.0869 3
    endloop
  endfacet
  facet normal 0 0 1
    outer loop
      vertex 4.61177 73.5511 3
      vertex 3.7059 70.1704 3
      vertex 4.34737 70.0428 3
    endloop
  endfacet
  facet normal 0 0 1
    outer loop
      vertex 1.03323 71.9562 3
      vertex 3.80997 74.0869 3
      vertex 3.70096 74.25 3
    endloop
  endfacet
  facet normal 0 0 1
    outer loop
      vertex 0.669872 72.5 3
      vertex 3.70096 74.25 3
      vertex 3.61418 74.426 3
    endloop
  endfacet
  facet normal 0 0 1
    outer loop
      vertex 0.380602 73.0866 3
      vertex 3.61418 74.426 3
      vertex 3.55111 74.6118 3
    endloop
  endfacet
  facet normal 0 0 1
    outer loop
      vertex 0.17037 73.7059 3
      vertex 3.55111 74.6118 3
      vertex 3.51283 74.8042 3
    endloop
  endfacet
  facet normal 0 0 1
    outer loop
      vertex 0.0427752 74.3474 3
      vertex 3.51283 74.8042 3
      vertex 3.5 75 3
    endloop
  endfacet
  facet normal 0 0 1
    outer loop
      vertex 4.42597 73.6142 3
      vertex 3.08658 70.3806 3
      vertex 3.7059 70.1704 3
    endloop
  endfacet
  facet normal 0 0 1
    outer loop
      vertex 3.5 120 3
      vertex 0 120 3
      vertex 3.5 75 3
    endloop
  endfacet
  facet normal 0 0 1
    outer loop
      vertex 3.70096 120.75 3
      vertex 0.669872 122.5 3
      vertex 3.61418 120.574 3
    endloop
  endfacet
  facet normal 0 0 1
    outer loop
      vertex 0 75 3
      vertex 3.5 75 3
      vertex 0 120 3
    endloop
  endfacet
  facet normal -0 0 1
    outer loop
      vertex 0.380602 121.913 3
      vertex 3.61418 120.574 3
      vertex 0.669872 122.5 3
    endloop
  endfacet
  facet normal 0 -0 1
    outer loop
      vertex 0.0427752 74.3474 3
      vertex 3.5 75 3
      vertex 0 75 3
    endloop
  endfacet
  facet normal 0 0 1
    outer loop
      vertex 3.61418 120.574 3
      vertex 0.380602 121.913 3
      vertex 3.55111 120.388 3
    endloop
  endfacet
  facet normal 0 0 1
    outer loop
      vertex 4.25 73.701 3
      vertex 2.5 70.6699 3
      vertex 3.08658 70.3806 3
    endloop
  endfacet
  facet normal -0 0 1
    outer loop
      vertex 0.17037 121.294 3
      vertex 3.55111 120.388 3
      vertex 0.380602 121.913 3
    endloop
  endfacet
  facet normal 0 0 1
    outer loop
      vertex 4.08686 73.81 3
      vertex 1.95619 71.0332 3
      vertex 2.5 70.6699 3
    endloop
  endfacet
  facet normal 0 0 1
    outer loop
      vertex 3.55111 120.388 3
      vertex 0.17037 121.294 3
      vertex 3.51283 120.196 3
    endloop
  endfacet
  facet normal 0 0 1
    outer loop
      vertex 3.93934 73.9393 3
      vertex 1.46447 71.4645 3
      vertex 1.95619 71.0332 3
    endloop
  endfacet
  facet normal -0 0 1
    outer loop
      vertex 0.0427752 120.653 3
      vertex 3.51283 120.196 3
      vertex 0.17037 121.294 3
    endloop
  endfacet
  facet normal 0 0 1
    outer loop
      vertex 3.80997 74.0869 3
      vertex 1.03323 71.9562 3
      vertex 1.46447 71.4645 3
    endloop
  endfacet
  facet normal 0 0 1
    outer loop
      vertex 3.51283 120.196 3
      vertex 0.0427752 120.653 3
      vertex 3.5 120 3
    endloop
  endfacet
  facet normal 0 0 1
    outer loop
      vertex 3.70096 74.25 3
      vertex 0.669872 72.5 3
      vertex 1.03323 71.9562 3
    endloop
  endfacet
  facet normal 0 0 1
    outer loop
      vertex 3.5 120 3
      vertex 0.0427752 120.653 3
      vertex 0 120 3
    endloop
  endfacet
  facet normal 0 0 1
    outer loop
      vertex 3.61418 74.426 3
      vertex 0.380602 73.0866 3
      vertex 0.669872 72.5 3
    endloop
  endfacet
  facet normal 0 0 1
    outer loop
      vertex 3.55111 74.6118 3
      vertex 0.17037 73.7059 3
      vertex 0.380602 73.0866 3
    endloop
  endfacet
  facet normal 0 0 1
    outer loop
      vertex 3.51283 74.8042 3
      vertex 0.0427752 74.3474 3
      vertex 0.17037 73.7059 3
    endloop
  endfacet
  facet normal 0 0 1
    outer loop
      vertex 6.28248 75.9133 3
      vertex 6.3 75.8 3
      vertex 6.45203 75.8 3
    endloop
  endfacet
  facet normal 0 0 1
    outer loop
      vertex 6.28248 75.9133 3
      vertex 6.23474 75.8043 3
      vertex 6.3 75.8 3
    endloop
  endfacet
  facet normal 0 0 1
    outer loop
      vertex 6.28248 75.9133 3
      vertex 6.17059 75.817 3
      vertex 6.23474 75.8043 3
    endloop
  endfacet
  facet normal 0 0 1
    outer loop
      vertex 6.28248 75.9133 3
      vertex 6.10866 75.8381 3
      vertex 6.17059 75.817 3
    endloop
  endfacet
  facet normal 0 0 1
    outer loop
      vertex 6.08579 76.0858 3
      vertex 6.10866 75.8381 3
      vertex 6.28248 75.9133 3
    endloop
  endfacet
  facet normal 0 0 1
    outer loop
      vertex 6.08579 76.0858 3
      vertex 6.05 75.867 3
      vertex 6.10866 75.8381 3
    endloop
  endfacet
  facet normal 0 0 1
    outer loop
      vertex 6.08579 76.0858 3
      vertex 5.99562 75.9033 3
      vertex 6.05 75.867 3
    endloop
  endfacet
  facet normal 0 0 1
    outer loop
      vertex 6.08579 76.0858 3
      vertex 5.94645 75.9464 3
      vertex 5.99562 75.9033 3
    endloop
  endfacet
  facet normal -0 0 1
    outer loop
      vertex 5.83806 76.1087 3
      vertex 6.08579 76.0858 3
      vertex 5.91329 76.2825 3
    endloop
  endfacet
  facet normal 0 0 1
    outer loop
      vertex 6.08579 76.0858 3
      vertex 5.90332 75.9956 3
      vertex 5.94645 75.9464 3
    endloop
  endfacet
  facet normal 0 0 1
    outer loop
      vertex 6.08579 76.0858 3
      vertex 5.86699 76.05 3
      vertex 5.90332 75.9956 3
    endloop
  endfacet
  facet normal 0 0 1
    outer loop
      vertex 6.08579 76.0858 3
      vertex 5.83806 76.1087 3
      vertex 5.86699 76.05 3
    endloop
  endfacet
  facet normal 0 0 1
    outer loop
      vertex 5.91329 76.2825 3
      vertex 5.81704 76.1706 3
      vertex 5.83806 76.1087 3
    endloop
  endfacet
  facet normal 0 0 1
    outer loop
      vertex 5.91329 76.2825 3
      vertex 5.80428 76.2347 3
      vertex 5.81704 76.1706 3
    endloop
  endfacet
  facet normal -0 0 1
    outer loop
      vertex 5.8 76.3 3
      vertex 5.91329 76.2825 3
      vertex 5.8 76.452 3
    endloop
  endfacet
  facet normal 0 0 1
    outer loop
      vertex 5.91329 76.2825 3
      vertex 5.8 76.3 3
      vertex 5.80428 76.2347 3
    endloop
  endfacet
  facet normal -0 0 1
    outer loop
      vertex 6.3 119.2 3
      vertex 6.28248 119.087 3
      vertex 6.45203 119.2 3
    endloop
  endfacet
  facet normal -0 0 1
    outer loop
      vertex 6.23474 119.196 3
      vertex 6.28248 119.087 3
      vertex 6.3 119.2 3
    endloop
  endfacet
  facet normal -0 0 1
    outer loop
      vertex 6.17059 119.183 3
      vertex 6.28248 119.087 3
      vertex 6.23474 119.196 3
    endloop
  endfacet
  facet normal -0 0 1
    outer loop
      vertex 6.10866 119.162 3
      vertex 6.28248 119.087 3
      vertex 6.17059 119.183 3
    endloop
  endfacet
  facet normal 0 0 1
    outer loop
      vertex 6.10866 119.162 3
      vertex 6.08579 118.914 3
      vertex 6.28248 119.087 3
    endloop
  endfacet
  facet normal -0 0 1
    outer loop
      vertex 6.05 119.133 3
      vertex 6.08579 118.914 3
      vertex 6.10866 119.162 3
    endloop
  endfacet
  facet normal -0 0 1
    outer loop
      vertex 5.99562 119.097 3
      vertex 6.08579 118.914 3
      vertex 6.05 119.133 3
    endloop
  endfacet
  facet normal -0 0 1
    outer loop
      vertex 5.94645 119.054 3
      vertex 6.08579 118.914 3
      vertex 5.99562 119.097 3
    endloop
  endfacet
  facet normal -0 0 1
    outer loop
      vertex 5.90332 119.004 3
      vertex 6.08579 118.914 3
      vertex 5.94645 119.054 3
    endloop
  endfacet
  facet normal -0 0 1
    outer loop
      vertex 5.86699 118.95 3
      vertex 6.08579 118.914 3
      vertex 5.90332 119.004 3
    endloop
  endfacet
  facet normal 0 0 1
    outer loop
      vertex 5.83806 118.891 3
      vertex 6.08579 118.914 3
      vertex 5.86699 118.95 3
    endloop
  endfacet
  facet normal 0 0 1
    outer loop
      vertex 6.08579 118.914 3
      vertex 5.83806 118.891 3
      vertex 5.91329 118.718 3
    endloop
  endfacet
  facet normal -0 0 1
    outer loop
      vertex 5.81704 118.829 3
      vertex 5.91329 118.718 3
      vertex 5.83806 118.891 3
    endloop
  endfacet
  facet normal -0 0 1
    outer loop
      vertex 5.80428 118.765 3
      vertex 5.91329 118.718 3
      vertex 5.81704 118.829 3
    endloop
  endfacet
  facet normal 0 0 1
    outer loop
      vertex 5.8 118.7 3
      vertex 5.91329 118.718 3
      vertex 5.80428 118.765 3
    endloop
  endfacet
  facet normal 0 0 1
    outer loop
      vertex 5.91329 118.718 3
      vertex 5.8 118.7 3
      vertex 5.8 118.548 3
    endloop
  endfacet
  facet normal -0 0 1
    outer loop
      vertex 71.0867 118.718 3
      vertex 71.2 118.7 3
      vertex 71.1957 118.765 3
    endloop
  endfacet
  facet normal 0 0 1
    outer loop
      vertex 71.0867 118.718 3
      vertex 71.1957 118.765 3
      vertex 71.183 118.829 3
    endloop
  endfacet
  facet normal 0 0 1
    outer loop
      vertex 71.0867 118.718 3
      vertex 71.183 118.829 3
      vertex 71.1619 118.891 3
    endloop
  endfacet
  facet normal -0 0 1
    outer loop
      vertex 70.9142 118.914 3
      vertex 71.1619 118.891 3
      vertex 71.133 118.95 3
    endloop
  endfacet
  facet normal 0 0 1
    outer loop
      vertex 70.9142 118.914 3
      vertex 71.133 118.95 3
      vertex 71.0967 119.004 3
    endloop
  endfacet
  facet normal 0 0 1
    outer loop
      vertex 71.2 118.7 3
      vertex 71.0867 118.718 3
      vertex 71.2 118.548 3
    endloop
  endfacet
  facet normal 0 0 1
    outer loop
      vertex 70.9142 118.914 3
      vertex 71.0967 119.004 3
      vertex 71.0536 119.054 3
    endloop
  endfacet
  facet normal 0 0 1
    outer loop
      vertex 70.9142 118.914 3
      vertex 71.0536 119.054 3
      vertex 71.0044 119.097 3
    endloop
  endfacet
  facet normal 0 0 1
    outer loop
      vertex 70.9142 118.914 3
      vertex 71.0044 119.097 3
      vertex 70.95 119.133 3
    endloop
  endfacet
  facet normal 0 0 1
    outer loop
      vertex 71.1619 118.891 3
      vertex 70.9142 118.914 3
      vertex 71.0867 118.718 3
    endloop
  endfacet
  facet normal 0 0 1
    outer loop
      vertex 70.8913 119.162 3
      vertex 70.9142 118.914 3
      vertex 70.95 119.133 3
    endloop
  endfacet
  facet normal 0 0 1
    outer loop
      vertex 70.7175 119.087 3
      vertex 70.8913 119.162 3
      vertex 70.8294 119.183 3
    endloop
  endfacet
  facet normal 0 0 1
    outer loop
      vertex 70.7175 119.087 3
      vertex 70.8294 119.183 3
      vertex 70.7653 119.196 3
    endloop
  endfacet
  facet normal 0 0 1
    outer loop
      vertex 70.8913 119.162 3
      vertex 70.7175 119.087 3
      vertex 70.9142 118.914 3
    endloop
  endfacet
  facet normal 0 0 1
    outer loop
      vertex 70.7 119.2 3
      vertex 70.7175 119.087 3
      vertex 70.7653 119.196 3
    endloop
  endfacet
  facet normal 0 0 1
    outer loop
      vertex 70.7175 119.087 3
      vertex 70.7 119.2 3
      vertex 70.548 119.2 3
    endloop
  endfacet
  facet normal 0 0 1
    outer loop
      vertex 71.0867 76.2825 3
      vertex 71.2 76.3 3
      vertex 71.2 76.452 3
    endloop
  endfacet
  facet normal 0 0 1
    outer loop
      vertex 71.2 76.3 3
      vertex 71.0867 76.2825 3
      vertex 71.1957 76.2347 3
    endloop
  endfacet
  facet normal 0 0 1
    outer loop
      vertex 71.1957 76.2347 3
      vertex 71.0867 76.2825 3
      vertex 71.183 76.1706 3
    endloop
  endfacet
  facet normal 0 0 1
    outer loop
      vertex 71.183 76.1706 3
      vertex 71.0867 76.2825 3
      vertex 71.1619 76.1087 3
    endloop
  endfacet
  facet normal 0 0 1
    outer loop
      vertex 70.9142 76.0858 3
      vertex 71.1619 76.1087 3
      vertex 71.0867 76.2825 3
    endloop
  endfacet
  facet normal 0 0 1
    outer loop
      vertex 71.1619 76.1087 3
      vertex 70.9142 76.0858 3
      vertex 71.133 76.05 3
    endloop
  endfacet
  facet normal 0 0 1
    outer loop
      vertex 71.133 76.05 3
      vertex 70.9142 76.0858 3
      vertex 71.0967 75.9956 3
    endloop
  endfacet
  facet normal 0 0 1
    outer loop
      vertex 71.0967 75.9956 3
      vertex 70.9142 76.0858 3
      vertex 71.0536 75.9464 3
    endloop
  endfacet
  facet normal 0 0 1
    outer loop
      vertex 71.0536 75.9464 3
      vertex 70.9142 76.0858 3
      vertex 71.0044 75.9033 3
    endloop
  endfacet
  facet normal 0 0 1
    outer loop
      vertex 71.0044 75.9033 3
      vertex 70.9142 76.0858 3
      vertex 70.95 75.867 3
    endloop
  endfacet
  facet normal 0 0 1
    outer loop
      vertex 70.9142 76.0858 3
      vertex 70.8913 75.8381 3
      vertex 70.95 75.867 3
    endloop
  endfacet
  facet normal -0 0 1
    outer loop
      vertex 70.7175 75.9133 3
      vertex 70.8913 75.8381 3
      vertex 70.9142 76.0858 3
    endloop
  endfacet
  facet normal 0 0 1
    outer loop
      vertex 70.8913 75.8381 3
      vertex 70.7175 75.9133 3
      vertex 70.8294 75.817 3
    endloop
  endfacet
  facet normal 0 0 1
    outer loop
      vertex 70.8294 75.817 3
      vertex 70.7175 75.9133 3
      vertex 70.7653 75.8043 3
    endloop
  endfacet
  facet normal 0 0 1
    outer loop
      vertex 70.7175 75.9133 3
      vertex 70.7 75.8 3
      vertex 70.7653 75.8043 3
    endloop
  endfacet
  facet normal 0 -0 1
    outer loop
      vertex 70.7 75.8 3
      vertex 70.7175 75.9133 3
      vertex 70.548 75.8 3
    endloop
  endfacet
  facet normal 0.980786 -0.195087 0
    outer loop
      vertex 76.8296 73.7059 3
      vertex 76.9572 74.3474 0
      vertex 76.9572 74.3474 3
    endloop
  endfacet
  facet normal 0.980786 -0.195087 0
    outer loop
      vertex 76.9572 74.3474 0
      vertex 76.8296 73.7059 3
      vertex 76.8296 73.7059 0
    endloop
  endfacet
  facet normal 0.997856 -0.0654432 0
    outer loop
      vertex 76.9572 74.3474 3
      vertex 77 75 0
      vertex 77 75 3
    endloop
  endfacet
  facet normal 0.997856 -0.0654432 0
    outer loop
      vertex 77 75 0
      vertex 76.9572 74.3474 3
      vertex 76.9572 74.3474 0
    endloop
  endfacet
  facet normal 0.321407 -0.946941 0
    outer loop
      vertex 73.2941 70.1704 0
      vertex 73.9134 70.3806 3
      vertex 73.2941 70.1704 3
    endloop
  endfacet
  facet normal 0.321407 -0.946941 0
    outer loop
      vertex 73.9134 70.3806 3
      vertex 73.2941 70.1704 0
      vertex 73.9134 70.3806 0
    endloop
  endfacet
  facet normal 0.980757 0.195233 0
    outer loop
      vertex 76.9572 120.653 3
      vertex 76.8296 121.294 0
      vertex 76.8296 121.294 3
    endloop
  endfacet
  facet normal 0.980757 0.195233 0
    outer loop
      vertex 76.8296 121.294 0
      vertex 76.9572 120.653 3
      vertex 76.9572 120.653 0
    endloop
  endfacet
  facet normal 0 0 -1
    outer loop
      vertex 66.0218 80.1123 0
      vertex 10.9782 80.1123 0
      vertex 66.1144 80.3 0
    endloop
  endfacet
  facet normal 0 0 -1
    outer loop
      vertex 66.1144 114.7 0
      vertex 11.0863 115.291 0
      vertex 11.1 115.5 0
    endloop
  endfacet
  facet normal 0 0 -1
    outer loop
      vertex 10.8856 80.3 0
      vertex 66.1144 80.3 0
      vertex 10.9782 80.1123 0
    endloop
  endfacet
  facet normal 0 0 -1
    outer loop
      vertex 66.1144 114.7 0
      vertex 11.0455 115.086 0
      vertex 11.0863 115.291 0
    endloop
  endfacet
  facet normal 0 0 -1
    outer loop
      vertex 66.1144 80.3 0
      vertex 10.8856 80.3 0
      vertex 66.1144 114.7 0
    endloop
  endfacet
  facet normal 0 0 -1
    outer loop
      vertex 66.1144 114.7 0
      vertex 10.9782 114.888 0
      vertex 11.0455 115.086 0
    endloop
  endfacet
  facet normal 0 0 -1
    outer loop
      vertex 10.8856 114.7 0
      vertex 66.1144 114.7 0
      vertex 10.8856 80.3 0
    endloop
  endfacet
  facet normal 0 0 -1
    outer loop
      vertex 66.1144 114.7 0
      vertex 10.8856 114.7 0
      vertex 10.9782 114.888 0
    endloop
  endfacet
  facet normal 0 0 -1
    outer loop
      vertex 10.7694 80.474 0
      vertex 10.8856 114.7 0
      vertex 10.8856 80.3 0
    endloop
  endfacet
  facet normal 0 0 -1
    outer loop
      vertex 10.7694 80.474 0
      vertex 10.7694 114.526 0
      vertex 10.8856 114.7 0
    endloop
  endfacet
  facet normal 0 0 -1
    outer loop
      vertex 10.6314 80.6314 0
      vertex 10.7694 114.526 0
      vertex 10.7694 80.474 0
    endloop
  endfacet
  facet normal 0 0 -1
    outer loop
      vertex 10.6314 80.6314 0
      vertex 10.6314 114.369 0
      vertex 10.7694 114.526 0
    endloop
  endfacet
  facet normal 0 0 -1
    outer loop
      vertex 10.474 80.7694 0
      vertex 10.6314 114.369 0
      vertex 10.6314 80.6314 0
    endloop
  endfacet
  facet normal 0 0 -1
    outer loop
      vertex 10.474 80.7694 0
      vertex 10.474 114.231 0
      vertex 10.6314 114.369 0
    endloop
  endfacet
  facet normal 0 0 -1
    outer loop
      vertex 10.3 80.8856 0
      vertex 10.474 114.231 0
      vertex 10.474 80.7694 0
    endloop
  endfacet
  facet normal 0 0 -1
    outer loop
      vertex 10.3 80.8856 0
      vertex 10.3 114.114 0
      vertex 10.474 114.231 0
    endloop
  endfacet
  facet normal 0 0 -1
    outer loop
      vertex 10.1123 80.9782 0
      vertex 10.3 114.114 0
      vertex 10.3 80.8856 0
    endloop
  endfacet
  facet normal 0 0 -1
    outer loop
      vertex 10.1123 80.9782 0
      vertex 10.1123 114.022 0
      vertex 10.3 114.114 0
    endloop
  endfacet
  facet normal 0 0 -1
    outer loop
      vertex 9.91411 81.0455 0
      vertex 10.1123 114.022 0
      vertex 10.1123 80.9782 0
    endloop
  endfacet
  facet normal 0 0 -1
    outer loop
      vertex 9.91411 81.0455 0
      vertex 9.91411 113.955 0
      vertex 10.1123 114.022 0
    endloop
  endfacet
  facet normal 0 0 -1
    outer loop
      vertex 9.70884 81.0863 0
      vertex 9.91411 113.955 0
      vertex 9.91411 81.0455 0
    endloop
  endfacet
  facet normal 0 0 -1
    outer loop
      vertex 9.70884 81.0863 0
      vertex 9.70884 113.914 0
      vertex 9.91411 113.955 0
    endloop
  endfacet
  facet normal 0 0 -1
    outer loop
      vertex 9.5 81.1 0
      vertex 9.70884 113.914 0
      vertex 9.70884 81.0863 0
    endloop
  endfacet
  facet normal 0 0 -1
    outer loop
      vertex 9.5 81.1 0
      vertex 9.5 113.9 0
      vertex 9.70884 113.914 0
    endloop
  endfacet
  facet normal 0 0 -1
    outer loop
      vertex 9.29116 81.0863 0
      vertex 9.5 113.9 0
      vertex 9.5 81.1 0
    endloop
  endfacet
  facet normal 0 0 -1
    outer loop
      vertex 9.29116 81.0863 0
      vertex 9.29116 113.914 0
      vertex 9.5 113.9 0
    endloop
  endfacet
  facet normal 0 0 -1
    outer loop
      vertex 9.08589 81.0455 0
      vertex 9.29116 113.914 0
      vertex 9.29116 81.0863 0
    endloop
  endfacet
  facet normal 0 0 -1
    outer loop
      vertex 9.08589 81.0455 0
      vertex 9.08589 113.955 0
      vertex 9.29116 113.914 0
    endloop
  endfacet
  facet normal 0 0 -1
    outer loop
      vertex 8.88771 80.9782 0
      vertex 9.08589 113.955 0
      vertex 9.08589 81.0455 0
    endloop
  endfacet
  facet normal 0 0 -1
    outer loop
      vertex 8.88771 80.9782 0
      vertex 8.88771 114.022 0
      vertex 9.08589 113.955 0
    endloop
  endfacet
  facet normal 0 0 -1
    outer loop
      vertex 8.7 80.8856 0
      vertex 8.88771 114.022 0
      vertex 8.88771 80.9782 0
    endloop
  endfacet
  facet normal 0 0 -1
    outer loop
      vertex 8.7 80.8856 0
      vertex 8.7 114.114 0
      vertex 8.88771 114.022 0
    endloop
  endfacet
  facet normal 0 0 -1
    outer loop
      vertex 8.52598 80.7694 0
      vertex 8.7 114.114 0
      vertex 8.7 80.8856 0
    endloop
  endfacet
  facet normal 0 0 -1
    outer loop
      vertex 8.52598 80.7694 0
      vertex 8.52598 114.231 0
      vertex 8.7 114.114 0
    endloop
  endfacet
  facet normal 0 0 -1
    outer loop
      vertex 8.36863 80.6314 0
      vertex 8.52598 114.231 0
      vertex 8.52598 80.7694 0
    endloop
  endfacet
  facet normal 0 0 -1
    outer loop
      vertex 8.36863 80.6314 0
      vertex 8.36863 114.369 0
      vertex 8.52598 114.231 0
    endloop
  endfacet
  facet normal 0 0 -1
    outer loop
      vertex 0 75 0
      vertex 8.36863 80.6314 0
      vertex 8.23063 80.474 0
    endloop
  endfacet
  facet normal -0 0 -1
    outer loop
      vertex 8.36863 80.6314 0
      vertex 0 75 0
      vertex 8.36863 114.369 0
    endloop
  endfacet
  facet normal 0 0 -1
    outer loop
      vertex 0 75 0
      vertex 8.23063 80.474 0
      vertex 8.11436 80.3 0
    endloop
  endfacet
  facet normal 0 0 -1
    outer loop
      vertex 0 120 0
      vertex 8.36863 114.369 0
      vertex 0 75 0
    endloop
  endfacet
  facet normal 0 0 -1
    outer loop
      vertex 0 75 0
      vertex 8.11436 80.3 0
      vertex 8.02179 80.1123 0
    endloop
  endfacet
  facet normal 0 0 -1
    outer loop
      vertex 8.36863 114.369 0
      vertex 0 120 0
      vertex 8.23063 114.526 0
    endloop
  endfacet
  facet normal 0 0 -1
    outer loop
      vertex 0 75 0
      vertex 8.02179 80.1123 0
      vertex 7.95452 79.9141 0
    endloop
  endfacet
  facet normal 0 0 -1
    outer loop
      vertex 8.23063 114.526 0
      vertex 0 120 0
      vertex 8.11436 114.7 0
    endloop
  endfacet
  facet normal 0 0 -1
    outer loop
      vertex 0 75 0
      vertex 7.95452 79.9141 0
      vertex 7.91369 79.7088 0
    endloop
  endfacet
  facet normal 0 0 -1
    outer loop
      vertex 8.11436 114.7 0
      vertex 0 120 0
      vertex 8.02179 114.888 0
    endloop
  endfacet
  facet normal 0 0 -1
    outer loop
      vertex 0 75 0
      vertex 7.91369 79.7088 0
      vertex 7.9 79.5 0
    endloop
  endfacet
  facet normal 0 0 -1
    outer loop
      vertex 8.02179 114.888 0
      vertex 0 120 0
      vertex 7.95452 115.086 0
    endloop
  endfacet
  facet normal 0 0 -1
    outer loop
      vertex 68.9782 80.1123 0
      vertex 77 75 0
      vertex 69.0455 79.9141 0
    endloop
  endfacet
  facet normal 0 0 -1
    outer loop
      vertex 77 120 0
      vertex 69.0863 115.291 0
      vertex 69.1 115.5 0
    endloop
  endfacet
  facet normal 0 0 -1
    outer loop
      vertex 68.8856 80.3 0
      vertex 77 75 0
      vertex 68.9782 80.1123 0
    endloop
  endfacet
  facet normal 0 0 -1
    outer loop
      vertex 77 120 0
      vertex 69.0455 115.086 0
      vertex 69.0863 115.291 0
    endloop
  endfacet
  facet normal 0 0 -1
    outer loop
      vertex 68.7694 80.474 0
      vertex 77 75 0
      vertex 68.8856 80.3 0
    endloop
  endfacet
  facet normal 0 0 -1
    outer loop
      vertex 77 120 0
      vertex 68.9782 114.888 0
      vertex 69.0455 115.086 0
    endloop
  endfacet
  facet normal 0 0 -1
    outer loop
      vertex 68.6314 80.6314 0
      vertex 77 75 0
      vertex 68.7694 80.474 0
    endloop
  endfacet
  facet normal 0 0 -1
    outer loop
      vertex 77 120 0
      vertex 68.8856 114.7 0
      vertex 68.9782 114.888 0
    endloop
  endfacet
  facet normal 0 0 -1
    outer loop
      vertex 77 75 0
      vertex 68.6314 80.6314 0
      vertex 77 120 0
    endloop
  endfacet
  facet normal 0 0 -1
    outer loop
      vertex 77 120 0
      vertex 68.7694 114.526 0
      vertex 68.8856 114.7 0
    endloop
  endfacet
  facet normal 0 0 -1
    outer loop
      vertex 68.6314 114.369 0
      vertex 77 120 0
      vertex 68.6314 80.6314 0
    endloop
  endfacet
  facet normal 0 0 -1
    outer loop
      vertex 77 120 0
      vertex 68.6314 114.369 0
      vertex 68.7694 114.526 0
    endloop
  endfacet
  facet normal 0 0 -1
    outer loop
      vertex 68.474 80.7694 0
      vertex 68.6314 114.369 0
      vertex 68.6314 80.6314 0
    endloop
  endfacet
  facet normal 0 0 -1
    outer loop
      vertex 68.474 80.7694 0
      vertex 68.474 114.231 0
      vertex 68.6314 114.369 0
    endloop
  endfacet
  facet normal 0 0 -1
    outer loop
      vertex 68.3 80.8856 0
      vertex 68.474 114.231 0
      vertex 68.474 80.7694 0
    endloop
  endfacet
  facet normal 0 0 -1
    outer loop
      vertex 68.3 80.8856 0
      vertex 68.3 114.114 0
      vertex 68.474 114.231 0
    endloop
  endfacet
  facet normal 0 0 -1
    outer loop
      vertex 68.1123 80.9782 0
      vertex 68.3 114.114 0
      vertex 68.3 80.8856 0
    endloop
  endfacet
  facet normal 0 0 -1
    outer loop
      vertex 68.1123 80.9782 0
      vertex 68.1123 114.022 0
      vertex 68.3 114.114 0
    endloop
  endfacet
  facet normal 0 0 -1
    outer loop
      vertex 67.9141 81.0455 0
      vertex 68.1123 114.022 0
      vertex 68.1123 80.9782 0
    endloop
  endfacet
  facet normal 0 0 -1
    outer loop
      vertex 67.9141 81.0455 0
      vertex 67.9141 113.955 0
      vertex 68.1123 114.022 0
    endloop
  endfacet
  facet normal 0 0 -1
    outer loop
      vertex 67.7088 81.0863 0
      vertex 67.9141 113.955 0
      vertex 67.9141 81.0455 0
    endloop
  endfacet
  facet normal 0 0 -1
    outer loop
      vertex 67.7088 81.0863 0
      vertex 67.7088 113.914 0
      vertex 67.9141 113.955 0
    endloop
  endfacet
  facet normal 0 0 -1
    outer loop
      vertex 67.5 81.1 0
      vertex 67.7088 113.914 0
      vertex 67.7088 81.0863 0
    endloop
  endfacet
  facet normal 0 0 -1
    outer loop
      vertex 67.5 81.1 0
      vertex 67.5 113.9 0
      vertex 67.7088 113.914 0
    endloop
  endfacet
  facet normal 0 0 -1
    outer loop
      vertex 67.2912 81.0863 0
      vertex 67.5 113.9 0
      vertex 67.5 81.1 0
    endloop
  endfacet
  facet normal 0 0 -1
    outer loop
      vertex 67.2912 81.0863 0
      vertex 67.2912 113.914 0
      vertex 67.5 113.9 0
    endloop
  endfacet
  facet normal 0 0 -1
    outer loop
      vertex 67.0859 81.0455 0
      vertex 67.2912 113.914 0
      vertex 67.2912 81.0863 0
    endloop
  endfacet
  facet normal 0 0 -1
    outer loop
      vertex 67.0859 81.0455 0
      vertex 67.0859 113.955 0
      vertex 67.2912 113.914 0
    endloop
  endfacet
  facet normal 0 0 -1
    outer loop
      vertex 66.8877 80.9782 0
      vertex 67.0859 113.955 0
      vertex 67.0859 81.0455 0
    endloop
  endfacet
  facet normal 0 0 -1
    outer loop
      vertex 66.8877 80.9782 0
      vertex 66.8877 114.022 0
      vertex 67.0859 113.955 0
    endloop
  endfacet
  facet normal 0 0 -1
    outer loop
      vertex 66.7 80.8856 0
      vertex 66.8877 114.022 0
      vertex 66.8877 80.9782 0
    endloop
  endfacet
  facet normal 0 0 -1
    outer loop
      vertex 66.7 80.8856 0
      vertex 66.7 114.114 0
      vertex 66.8877 114.022 0
    endloop
  endfacet
  facet normal 0 0 -1
    outer loop
      vertex 66.526 80.7694 0
      vertex 66.7 114.114 0
      vertex 66.7 80.8856 0
    endloop
  endfacet
  facet normal 0 0 -1
    outer loop
      vertex 66.526 80.7694 0
      vertex 66.526 114.231 0
      vertex 66.7 114.114 0
    endloop
  endfacet
  facet normal 0 0 -1
    outer loop
      vertex 66.3686 80.6314 0
      vertex 66.526 114.231 0
      vertex 66.526 80.7694 0
    endloop
  endfacet
  facet normal 0 0 -1
    outer loop
      vertex 66.3686 80.6314 0
      vertex 66.3686 114.369 0
      vertex 66.526 114.231 0
    endloop
  endfacet
  facet normal 0 0 -1
    outer loop
      vertex 66.2306 80.474 0
      vertex 66.3686 114.369 0
      vertex 66.3686 80.6314 0
    endloop
  endfacet
  facet normal 0 0 -1
    outer loop
      vertex 66.2306 80.474 0
      vertex 66.2306 114.526 0
      vertex 66.3686 114.369 0
    endloop
  endfacet
  facet normal 0 0 -1
    outer loop
      vertex 66.1144 80.3 0
      vertex 66.2306 114.526 0
      vertex 66.2306 80.474 0
    endloop
  endfacet
  facet normal 0 0 -1
    outer loop
      vertex 66.1144 80.3 0
      vertex 66.1144 114.7 0
      vertex 66.2306 114.526 0
    endloop
  endfacet
  facet normal 0 0 -1
    outer loop
      vertex 11.0455 79.9141 0
      vertex 65.9545 79.9141 0
      vertex 11.0863 79.7088 0
    endloop
  endfacet
  facet normal 0 0 -1
    outer loop
      vertex 65.9545 79.9141 0
      vertex 11.0455 79.9141 0
      vertex 66.0218 80.1123 0
    endloop
  endfacet
  facet normal 0 0 -1
    outer loop
      vertex 65.9137 79.7088 0
      vertex 11.0863 79.7088 0
      vertex 65.9545 79.9141 0
    endloop
  endfacet
  facet normal 0 0 -1
    outer loop
      vertex 10.9782 80.1123 0
      vertex 66.0218 80.1123 0
      vertex 11.0455 79.9141 0
    endloop
  endfacet
  facet normal 0 0 -1
    outer loop
      vertex 11.0863 79.7088 0
      vertex 65.9137 79.7088 0
      vertex 11.1 79.5 0
    endloop
  endfacet
  facet normal 0 0 -1
    outer loop
      vertex 66.1144 114.7 0
      vertex 11.1 115.5 0
      vertex 66.0218 114.888 0
    endloop
  endfacet
  facet normal 0 0 -1
    outer loop
      vertex 11.1 79.5 0
      vertex 65.9137 79.7088 0
      vertex 65.9 79.5 0
    endloop
  endfacet
  facet normal 0 0 -1
    outer loop
      vertex 66.0218 114.888 0
      vertex 11.1 115.5 0
      vertex 65.9545 115.086 0
    endloop
  endfacet
  facet normal 0 0 -1
    outer loop
      vertex 68.6314 78.3686 0
      vertex 77 75 0
      vertex 76.9572 74.3474 0
    endloop
  endfacet
  facet normal 0 0 -1
    outer loop
      vertex 69.0863 79.7088 0
      vertex 77 75 0
      vertex 69.1 79.5 0
    endloop
  endfacet
  facet normal 0 0 -1
    outer loop
      vertex 68.6314 78.3686 0
      vertex 76.9572 74.3474 0
      vertex 76.8296 73.7059 0
    endloop
  endfacet
  facet normal 0 0 -1
    outer loop
      vertex 69.0455 79.9141 0
      vertex 77 75 0
      vertex 69.0863 79.7088 0
    endloop
  endfacet
  facet normal 0 0 -1
    outer loop
      vertex 68.6314 78.3686 0
      vertex 76.8296 73.7059 0
      vertex 76.6194 73.0866 0
    endloop
  endfacet
  facet normal 0 0 -1
    outer loop
      vertex 69.0863 115.709 0
      vertex 77 120 0
      vertex 69.1 115.5 0
    endloop
  endfacet
  facet normal 0 0 -1
    outer loop
      vertex 68.6314 78.3686 0
      vertex 76.6194 73.0866 0
      vertex 76.3301 72.5 0
    endloop
  endfacet
  facet normal 0 0 -1
    outer loop
      vertex 69.0455 115.914 0
      vertex 77 120 0
      vertex 69.0863 115.709 0
    endloop
  endfacet
  facet normal 0 0 -1
    outer loop
      vertex 68.6314 78.3686 0
      vertex 76.3301 72.5 0
      vertex 75.9668 71.9562 0
    endloop
  endfacet
  facet normal 0 0 -1
    outer loop
      vertex 68.9782 116.112 0
      vertex 77 120 0
      vertex 69.0455 115.914 0
    endloop
  endfacet
  facet normal 0 0 -1
    outer loop
      vertex 68.6314 78.3686 0
      vertex 75.9668 71.9562 0
      vertex 75.5355 71.4645 0
    endloop
  endfacet
  facet normal 0 0 -1
    outer loop
      vertex 68.8856 116.3 0
      vertex 77 120 0
      vertex 68.9782 116.112 0
    endloop
  endfacet
  facet normal 0 0 -1
    outer loop
      vertex 68.6314 78.3686 0
      vertex 75.5355 71.4645 0
      vertex 75.0438 71.0332 0
    endloop
  endfacet
  facet normal 0 0 -1
    outer loop
      vertex 68.7694 116.474 0
      vertex 77 120 0
      vertex 68.8856 116.3 0
    endloop
  endfacet
  facet normal 0 0 -1
    outer loop
      vertex 68.6314 78.3686 0
      vertex 75.0438 71.0332 0
      vertex 74.5 70.6699 0
    endloop
  endfacet
  facet normal 0 0 -1
    outer loop
      vertex 68.6314 116.631 0
      vertex 77 120 0
      vertex 68.7694 116.474 0
    endloop
  endfacet
  facet normal 0 0 -1
    outer loop
      vertex 68.6314 78.3686 0
      vertex 74.5 70.6699 0
      vertex 73.9134 70.3806 0
    endloop
  endfacet
  facet normal -0 0 -1
    outer loop
      vertex 77 120 0
      vertex 68.6314 116.631 0
      vertex 76.9572 120.653 0
    endloop
  endfacet
  facet normal 0 0 -1
    outer loop
      vertex 68.6314 78.3686 0
      vertex 73.9134 70.3806 0
      vertex 73.2941 70.1704 0
    endloop
  endfacet
  facet normal -0 0 -1
    outer loop
      vertex 76.9572 120.653 0
      vertex 68.6314 116.631 0
      vertex 76.8296 121.294 0
    endloop
  endfacet
  facet normal 0 0 -1
    outer loop
      vertex 68.6314 78.3686 0
      vertex 73.2941 70.1704 0
      vertex 72.6526 70.0428 0
    endloop
  endfacet
  facet normal -0 0 -1
    outer loop
      vertex 76.8296 121.294 0
      vertex 68.6314 116.631 0
      vertex 76.6194 121.913 0
    endloop
  endfacet
  facet normal 0 0 -1
    outer loop
      vertex 68.6314 78.3686 0
      vertex 72.6526 70.0428 0
      vertex 72 70 0
    endloop
  endfacet
  facet normal -0 0 -1
    outer loop
      vertex 76.6194 121.913 0
      vertex 68.6314 116.631 0
      vertex 76.3301 122.5 0
    endloop
  endfacet
  facet normal -0 0 -1
    outer loop
      vertex 76.3301 122.5 0
      vertex 68.6314 116.631 0
      vertex 75.9668 123.044 0
    endloop
  endfacet
  facet normal 0 0 -1
    outer loop
      vertex 77 75 0
      vertex 69.0863 79.2912 0
      vertex 69.1 79.5 0
    endloop
  endfacet
  facet normal 0 0 -1
    outer loop
      vertex 77 75 0
      vertex 69.0455 79.0859 0
      vertex 69.0863 79.2912 0
    endloop
  endfacet
  facet normal 0 0 -1
    outer loop
      vertex 77 75 0
      vertex 68.9782 78.8877 0
      vertex 69.0455 79.0859 0
    endloop
  endfacet
  facet normal 0 0 -1
    outer loop
      vertex 77 75 0
      vertex 68.8856 78.7 0
      vertex 68.9782 78.8877 0
    endloop
  endfacet
  facet normal 0 0 -1
    outer loop
      vertex 77 75 0
      vertex 68.7694 78.526 0
      vertex 68.8856 78.7 0
    endloop
  endfacet
  facet normal 0 0 -1
    outer loop
      vertex 77 75 0
      vertex 68.6314 78.3686 0
      vertex 68.7694 78.526 0
    endloop
  endfacet
  facet normal 0 0 -1
    outer loop
      vertex 72 70 0
      vertex 68.474 78.2306 0
      vertex 68.6314 78.3686 0
    endloop
  endfacet
  facet normal 0 0 -1
    outer loop
      vertex 72 70 0
      vertex 68.3 78.1144 0
      vertex 68.474 78.2306 0
    endloop
  endfacet
  facet normal 0 0 -1
    outer loop
      vertex 72 70 0
      vertex 68.1123 78.0218 0
      vertex 68.3 78.1144 0
    endloop
  endfacet
  facet normal 0 0 -1
    outer loop
      vertex 72 70 0
      vertex 67.9141 77.9545 0
      vertex 68.1123 78.0218 0
    endloop
  endfacet
  facet normal 0 0 -1
    outer loop
      vertex 72 70 0
      vertex 67.7088 77.9137 0
      vertex 67.9141 77.9545 0
    endloop
  endfacet
  facet normal 0 0 -1
    outer loop
      vertex 72 70 0
      vertex 67.5 77.9 0
      vertex 67.7088 77.9137 0
    endloop
  endfacet
  facet normal 0 0 -1
    outer loop
      vertex 72 70 0
      vertex 67.2912 77.9137 0
      vertex 67.5 77.9 0
    endloop
  endfacet
  facet normal 0 0 -1
    outer loop
      vertex 72 70 0
      vertex 67.0859 77.9545 0
      vertex 67.2912 77.9137 0
    endloop
  endfacet
  facet normal 0 0 -1
    outer loop
      vertex 72 70 0
      vertex 66.8877 78.0218 0
      vertex 67.0859 77.9545 0
    endloop
  endfacet
  facet normal 0 0 -1
    outer loop
      vertex 72 70 0
      vertex 66.7 78.1144 0
      vertex 66.8877 78.0218 0
    endloop
  endfacet
  facet normal 0 0 -1
    outer loop
      vertex 72 70 0
      vertex 66.526 78.2306 0
      vertex 66.7 78.1144 0
    endloop
  endfacet
  facet normal 0 0 -1
    outer loop
      vertex 72 70 0
      vertex 66.3686 78.3686 0
      vertex 66.526 78.2306 0
    endloop
  endfacet
  facet normal 0 0 -1
    outer loop
      vertex 10.6314 78.3686 0
      vertex 66.3686 78.3686 0
      vertex 72 70 0
    endloop
  endfacet
  facet normal 0 0 -1
    outer loop
      vertex 65.9545 115.086 0
      vertex 11.1 115.5 0
      vertex 65.9137 115.291 0
    endloop
  endfacet
  facet normal 0 0 -1
    outer loop
      vertex 65.9137 79.2912 0
      vertex 11.1 79.5 0
      vertex 65.9 79.5 0
    endloop
  endfacet
  facet normal 0 0 -1
    outer loop
      vertex 11.0863 79.2912 0
      vertex 65.9137 79.2912 0
      vertex 65.9545 79.0859 0
    endloop
  endfacet
  facet normal 0 0 -1
    outer loop
      vertex 11.0455 79.0859 0
      vertex 65.9545 79.0859 0
      vertex 66.0218 78.8877 0
    endloop
  endfacet
  facet normal 0 0 -1
    outer loop
      vertex 10.9782 78.8877 0
      vertex 66.0218 78.8877 0
      vertex 66.1144 78.7 0
    endloop
  endfacet
  facet normal 0 0 -1
    outer loop
      vertex 10.8856 78.7 0
      vertex 66.1144 78.7 0
      vertex 66.2306 78.526 0
    endloop
  endfacet
  facet normal 0 0 -1
    outer loop
      vertex 66.3686 78.3686 0
      vertex 10.6314 78.3686 0
      vertex 66.2306 78.526 0
    endloop
  endfacet
  facet normal 0 0 -1
    outer loop
      vertex 65.9137 79.2912 0
      vertex 11.0863 79.2912 0
      vertex 11.1 79.5 0
    endloop
  endfacet
  facet normal 0 0 -1
    outer loop
      vertex 65.9545 79.0859 0
      vertex 11.0455 79.0859 0
      vertex 11.0863 79.2912 0
    endloop
  endfacet
  facet normal 0 0 -1
    outer loop
      vertex 66.0218 78.8877 0
      vertex 10.9782 78.8877 0
      vertex 11.0455 79.0859 0
    endloop
  endfacet
  facet normal 0 0 -1
    outer loop
      vertex 66.1144 78.7 0
      vertex 10.8856 78.7 0
      vertex 10.9782 78.8877 0
    endloop
  endfacet
  facet normal 0 0 -1
    outer loop
      vertex 66.2306 78.526 0
      vertex 10.7694 78.526 0
      vertex 10.8856 78.7 0
    endloop
  endfacet
  facet normal -0 0 -1
    outer loop
      vertex 66.2306 78.526 0
      vertex 10.6314 78.3686 0
      vertex 10.7694 78.526 0
    endloop
  endfacet
  facet normal 0 0 -1
    outer loop
      vertex 5 70 0
      vertex 10.6314 78.3686 0
      vertex 72 70 0
    endloop
  endfacet
  facet normal 0 0 -1
    outer loop
      vertex 10.6314 78.3686 0
      vertex 5 70 0
      vertex 10.474 78.2306 0
    endloop
  endfacet
  facet normal 0 0 -1
    outer loop
      vertex 10.474 78.2306 0
      vertex 5 70 0
      vertex 10.3 78.1144 0
    endloop
  endfacet
  facet normal 0 0 -1
    outer loop
      vertex 10.3 78.1144 0
      vertex 5 70 0
      vertex 10.1123 78.0218 0
    endloop
  endfacet
  facet normal 0 0 -1
    outer loop
      vertex 10.1123 78.0218 0
      vertex 5 70 0
      vertex 9.91411 77.9545 0
    endloop
  endfacet
  facet normal 0 0 -1
    outer loop
      vertex 9.91411 77.9545 0
      vertex 5 70 0
      vertex 9.70884 77.9137 0
    endloop
  endfacet
  facet normal 0 0 -1
    outer loop
      vertex 9.70884 77.9137 0
      vertex 5 70 0
      vertex 9.5 77.9 0
    endloop
  endfacet
  facet normal -0 0 -1
    outer loop
      vertex 7.91369 79.2912 0
      vertex 0 75 0
      vertex 7.9 79.5 0
    endloop
  endfacet
  facet normal -0 0 -1
    outer loop
      vertex 7.95452 79.0859 0
      vertex 0 75 0
      vertex 7.91369 79.2912 0
    endloop
  endfacet
  facet normal -0 0 -1
    outer loop
      vertex 8.02179 78.8877 0
      vertex 0 75 0
      vertex 7.95452 79.0859 0
    endloop
  endfacet
  facet normal -0 0 -1
    outer loop
      vertex 8.11436 78.7 0
      vertex 0 75 0
      vertex 8.02179 78.8877 0
    endloop
  endfacet
  facet normal -0 0 -1
    outer loop
      vertex 8.23063 78.526 0
      vertex 0 75 0
      vertex 8.11436 78.7 0
    endloop
  endfacet
  facet normal -0 0 -1
    outer loop
      vertex 8.36863 78.3686 0
      vertex 0 75 0
      vertex 8.23063 78.526 0
    endloop
  endfacet
  facet normal 0 0 -1
    outer loop
      vertex 0 75 0
      vertex 8.36863 78.3686 0
      vertex 5 70 0
    endloop
  endfacet
  facet normal -0 0 -1
    outer loop
      vertex 8.52598 78.2306 0
      vertex 5 70 0
      vertex 8.36863 78.3686 0
    endloop
  endfacet
  facet normal -0 0 -1
    outer loop
      vertex 8.7 78.1144 0
      vertex 5 70 0
      vertex 8.52598 78.2306 0
    endloop
  endfacet
  facet normal -0 0 -1
    outer loop
      vertex 8.88771 78.0218 0
      vertex 5 70 0
      vertex 8.7 78.1144 0
    endloop
  endfacet
  facet normal -0 0 -1
    outer loop
      vertex 9.08589 77.9545 0
      vertex 5 70 0
      vertex 8.88771 78.0218 0
    endloop
  endfacet
  facet normal -0 0 -1
    outer loop
      vertex 9.29116 77.9137 0
      vertex 5 70 0
      vertex 9.08589 77.9545 0
    endloop
  endfacet
  facet normal -0 0 -1
    outer loop
      vertex 9.5 77.9 0
      vertex 5 70 0
      vertex 9.29116 77.9137 0
    endloop
  endfacet
  facet normal -0 0 -1
    outer loop
      vertex 75.9668 123.044 0
      vertex 68.6314 116.631 0
      vertex 75.5355 123.536 0
    endloop
  endfacet
  facet normal -0 0 -1
    outer loop
      vertex 75.5355 123.536 0
      vertex 68.6314 116.631 0
      vertex 75.0438 123.967 0
    endloop
  endfacet
  facet normal -0 0 -1
    outer loop
      vertex 75.0438 123.967 0
      vertex 68.6314 116.631 0
      vertex 74.5 124.33 0
    endloop
  endfacet
  facet normal -0 0 -1
    outer loop
      vertex 74.5 124.33 0
      vertex 68.6314 116.631 0
      vertex 73.9134 124.619 0
    endloop
  endfacet
  facet normal -0 0 -1
    outer loop
      vertex 73.9134 124.619 0
      vertex 68.6314 116.631 0
      vertex 73.2941 124.83 0
    endloop
  endfacet
  facet normal -0 0 -1
    outer loop
      vertex 73.2941 124.83 0
      vertex 68.6314 116.631 0
      vertex 72.6526 124.957 0
    endloop
  endfacet
  facet normal -0 0 -1
    outer loop
      vertex 72.6526 124.957 0
      vertex 68.6314 116.631 0
      vertex 72 125 0
    endloop
  endfacet
  facet normal 0 0 -1
    outer loop
      vertex 68.474 116.769 0
      vertex 72 125 0
      vertex 68.6314 116.631 0
    endloop
  endfacet
  facet normal 0 0 -1
    outer loop
      vertex 68.3 116.886 0
      vertex 72 125 0
      vertex 68.474 116.769 0
    endloop
  endfacet
  facet normal 0 0 -1
    outer loop
      vertex 68.1123 116.978 0
      vertex 72 125 0
      vertex 68.3 116.886 0
    endloop
  endfacet
  facet normal 0 0 -1
    outer loop
      vertex 67.9141 117.045 0
      vertex 72 125 0
      vertex 68.1123 116.978 0
    endloop
  endfacet
  facet normal 0 0 -1
    outer loop
      vertex 67.7088 117.086 0
      vertex 72 125 0
      vertex 67.9141 117.045 0
    endloop
  endfacet
  facet normal 0 0 -1
    outer loop
      vertex 67.5 117.1 0
      vertex 72 125 0
      vertex 67.7088 117.086 0
    endloop
  endfacet
  facet normal 0 0 -1
    outer loop
      vertex 67.2912 117.086 0
      vertex 72 125 0
      vertex 67.5 117.1 0
    endloop
  endfacet
  facet normal 0 0 -1
    outer loop
      vertex 67.0859 117.045 0
      vertex 72 125 0
      vertex 67.2912 117.086 0
    endloop
  endfacet
  facet normal 0 0 -1
    outer loop
      vertex 66.8877 116.978 0
      vertex 72 125 0
      vertex 67.0859 117.045 0
    endloop
  endfacet
  facet normal 0 0 -1
    outer loop
      vertex 66.7 116.886 0
      vertex 72 125 0
      vertex 66.8877 116.978 0
    endloop
  endfacet
  facet normal 0 0 -1
    outer loop
      vertex 66.526 116.769 0
      vertex 72 125 0
      vertex 66.7 116.886 0
    endloop
  endfacet
  facet normal 0 0 -1
    outer loop
      vertex 66.3686 116.631 0
      vertex 72 125 0
      vertex 66.526 116.769 0
    endloop
  endfacet
  facet normal 0 0 -1
    outer loop
      vertex 10.6314 116.631 0
      vertex 66.3686 116.631 0
      vertex 66.2306 116.474 0
    endloop
  endfacet
  facet normal 0 0 -1
    outer loop
      vertex 65.9137 115.291 0
      vertex 11.1 115.5 0
      vertex 65.9 115.5 0
    endloop
  endfacet
  facet normal 0 0 -1
    outer loop
      vertex 65.9 115.5 0
      vertex 11.1 115.5 0
      vertex 65.9137 115.709 0
    endloop
  endfacet
  facet normal 0 0 -1
    outer loop
      vertex 11.0863 115.709 0
      vertex 65.9137 115.709 0
      vertex 11.1 115.5 0
    endloop
  endfacet
  facet normal 0 0 -1
    outer loop
      vertex 65.9137 115.709 0
      vertex 11.0863 115.709 0
      vertex 65.9545 115.914 0
    endloop
  endfacet
  facet normal 0 0 -1
    outer loop
      vertex 11.0455 115.914 0
      vertex 65.9545 115.914 0
      vertex 11.0863 115.709 0
    endloop
  endfacet
  facet normal 0 0 -1
    outer loop
      vertex 65.9545 115.914 0
      vertex 11.0455 115.914 0
      vertex 66.0218 116.112 0
    endloop
  endfacet
  facet normal 0 0 -1
    outer loop
      vertex 10.9782 116.112 0
      vertex 66.0218 116.112 0
      vertex 11.0455 115.914 0
    endloop
  endfacet
  facet normal 0 0 -1
    outer loop
      vertex 66.0218 116.112 0
      vertex 10.9782 116.112 0
      vertex 66.1144 116.3 0
    endloop
  endfacet
  facet normal 0 0 -1
    outer loop
      vertex 10.8856 116.3 0
      vertex 66.1144 116.3 0
      vertex 10.9782 116.112 0
    endloop
  endfacet
  facet normal 0 0 -1
    outer loop
      vertex 66.1144 116.3 0
      vertex 10.8856 116.3 0
      vertex 66.2306 116.474 0
    endloop
  endfacet
  facet normal 0 0 -1
    outer loop
      vertex 10.7694 116.474 0
      vertex 66.2306 116.474 0
      vertex 10.8856 116.3 0
    endloop
  endfacet
  facet normal 0 0 -1
    outer loop
      vertex 10.6314 116.631 0
      vertex 66.2306 116.474 0
      vertex 10.7694 116.474 0
    endloop
  endfacet
  facet normal 0 0 -1
    outer loop
      vertex 66.3686 116.631 0
      vertex 10.6314 116.631 0
      vertex 72 125 0
    endloop
  endfacet
  facet normal 0 0 -1
    outer loop
      vertex 5 125 0
      vertex 10.6314 116.631 0
      vertex 10.474 116.769 0
    endloop
  endfacet
  facet normal 0 0 -1
    outer loop
      vertex 5 125 0
      vertex 10.474 116.769 0
      vertex 10.3 116.886 0
    endloop
  endfacet
  facet normal 0 0 -1
    outer loop
      vertex 5 125 0
      vertex 10.3 116.886 0
      vertex 10.1123 116.978 0
    endloop
  endfacet
  facet normal 0 0 -1
    outer loop
      vertex 5 125 0
      vertex 10.1123 116.978 0
      vertex 9.91411 117.045 0
    endloop
  endfacet
  facet normal 0 0 -1
    outer loop
      vertex 5 125 0
      vertex 9.91411 117.045 0
      vertex 9.70884 117.086 0
    endloop
  endfacet
  facet normal 0 0 -1
    outer loop
      vertex 5 125 0
      vertex 9.70884 117.086 0
      vertex 9.5 117.1 0
    endloop
  endfacet
  facet normal 0 0 -1
    outer loop
      vertex 5 125 0
      vertex 9.5 117.1 0
      vertex 9.29116 117.086 0
    endloop
  endfacet
  facet normal 0 0 -1
    outer loop
      vertex 10.6314 116.631 0
      vertex 5 125 0
      vertex 72 125 0
    endloop
  endfacet
  facet normal 0 0 -1
    outer loop
      vertex 9.08589 117.045 0
      vertex 5 125 0
      vertex 9.29116 117.086 0
    endloop
  endfacet
  facet normal 0 0 -1
    outer loop
      vertex 8.88771 116.978 0
      vertex 5 125 0
      vertex 9.08589 117.045 0
    endloop
  endfacet
  facet normal 0 0 -1
    outer loop
      vertex 8.7 116.886 0
      vertex 5 125 0
      vertex 8.88771 116.978 0
    endloop
  endfacet
  facet normal 0 0 -1
    outer loop
      vertex 8.52598 116.769 0
      vertex 5 125 0
      vertex 8.7 116.886 0
    endloop
  endfacet
  facet normal 0 0 -1
    outer loop
      vertex 8.36863 116.631 0
      vertex 5 125 0
      vertex 8.52598 116.769 0
    endloop
  endfacet
  facet normal 0 0 -1
    outer loop
      vertex 0 120 0
      vertex 8.36863 116.631 0
      vertex 8.23063 116.474 0
    endloop
  endfacet
  facet normal 0 0 -1
    outer loop
      vertex 0 120 0
      vertex 8.23063 116.474 0
      vertex 8.11436 116.3 0
    endloop
  endfacet
  facet normal 0 0 -1
    outer loop
      vertex 0 120 0
      vertex 8.11436 116.3 0
      vertex 8.02179 116.112 0
    endloop
  endfacet
  facet normal 0 0 -1
    outer loop
      vertex 0 120 0
      vertex 8.02179 116.112 0
      vertex 7.95452 115.914 0
    endloop
  endfacet
  facet normal 0 0 -1
    outer loop
      vertex 0 120 0
      vertex 7.95452 115.914 0
      vertex 7.91369 115.709 0
    endloop
  endfacet
  facet normal 0 0 -1
    outer loop
      vertex 0 120 0
      vertex 7.91369 115.709 0
      vertex 7.9 115.5 0
    endloop
  endfacet
  facet normal 0 0 -1
    outer loop
      vertex 7.95452 115.086 0
      vertex 0 120 0
      vertex 7.91369 115.291 0
    endloop
  endfacet
  facet normal 0 0 -1
    outer loop
      vertex 0 75 0
      vertex 5 70 0
      vertex 4.34737 70.0428 0
    endloop
  endfacet
  facet normal 0 0 -1
    outer loop
      vertex 7.91369 115.291 0
      vertex 0 120 0
      vertex 7.9 115.5 0
    endloop
  endfacet
  facet normal 0 0 -1
    outer loop
      vertex 0 75 0
      vertex 4.34737 70.0428 0
      vertex 3.7059 70.1704 0
    endloop
  endfacet
  facet normal 0 -0 -1
    outer loop
      vertex 1.03323 123.044 0
      vertex 8.36863 116.631 0
      vertex 0 120 0
    endloop
  endfacet
  facet normal 0 0 -1
    outer loop
      vertex 0 75 0
      vertex 3.7059 70.1704 0
      vertex 3.08658 70.3806 0
    endloop
  endfacet
  facet normal 0 0 -1
    outer loop
      vertex 8.36863 116.631 0
      vertex 4.34737 124.957 0
      vertex 5 125 0
    endloop
  endfacet
  facet normal 0 0 -1
    outer loop
      vertex 0 75 0
      vertex 3.08658 70.3806 0
      vertex 2.5 70.6699 0
    endloop
  endfacet
  facet normal 0 0 -1
    outer loop
      vertex 8.36863 116.631 0
      vertex 3.7059 124.83 0
      vertex 4.34737 124.957 0
    endloop
  endfacet
  facet normal 0 0 -1
    outer loop
      vertex 0 75 0
      vertex 2.5 70.6699 0
      vertex 1.95619 71.0332 0
    endloop
  endfacet
  facet normal 0 0 -1
    outer loop
      vertex 8.36863 116.631 0
      vertex 3.08658 124.619 0
      vertex 3.7059 124.83 0
    endloop
  endfacet
  facet normal 0 0 -1
    outer loop
      vertex 0 75 0
      vertex 1.95619 71.0332 0
      vertex 1.46447 71.4645 0
    endloop
  endfacet
  facet normal 0 0 -1
    outer loop
      vertex 8.36863 116.631 0
      vertex 2.5 124.33 0
      vertex 3.08658 124.619 0
    endloop
  endfacet
  facet normal 0 0 -1
    outer loop
      vertex 0 75 0
      vertex 1.46447 71.4645 0
      vertex 1.03323 71.9562 0
    endloop
  endfacet
  facet normal 0 0 -1
    outer loop
      vertex 8.36863 116.631 0
      vertex 1.95619 123.967 0
      vertex 2.5 124.33 0
    endloop
  endfacet
  facet normal 0 0 -1
    outer loop
      vertex 0 75 0
      vertex 1.03323 71.9562 0
      vertex 0.669872 72.5 0
    endloop
  endfacet
  facet normal 0 0 -1
    outer loop
      vertex 8.36863 116.631 0
      vertex 1.46447 123.536 0
      vertex 1.95619 123.967 0
    endloop
  endfacet
  facet normal 0 0 -1
    outer loop
      vertex 0 75 0
      vertex 0.669872 72.5 0
      vertex 0.380602 73.0866 0
    endloop
  endfacet
  facet normal 0 0 -1
    outer loop
      vertex 8.36863 116.631 0
      vertex 1.03323 123.044 0
      vertex 1.46447 123.536 0
    endloop
  endfacet
  facet normal 0 0 -1
    outer loop
      vertex 0 75 0
      vertex 0.380602 73.0866 0
      vertex 0.17037 73.7059 0
    endloop
  endfacet
  facet normal 0 0 -1
    outer loop
      vertex 1.03323 123.044 0
      vertex 0 120 0
      vertex 0.669872 122.5 0
    endloop
  endfacet
  facet normal 0 0 -1
    outer loop
      vertex 0 75 0
      vertex 0.17037 73.7059 0
      vertex 0.0427752 74.3474 0
    endloop
  endfacet
  facet normal 0 0 -1
    outer loop
      vertex 0.669872 122.5 0
      vertex 0 120 0
      vertex 0.380602 121.913 0
    endloop
  endfacet
  facet normal 0 0 -1
    outer loop
      vertex 0.380602 121.913 0
      vertex 0 120 0
      vertex 0.17037 121.294 0
    endloop
  endfacet
  facet normal 0 0 -1
    outer loop
      vertex 0.17037 121.294 0
      vertex 0 120 0
      vertex 0.0427752 120.653 0
    endloop
  endfacet
  facet normal 0.194204 0.980961 -0
    outer loop
      vertex 73.2941 124.83 0
      vertex 72.6526 124.957 3
      vertex 73.2941 124.83 3
    endloop
  endfacet
  facet normal 0.194204 0.980961 0
    outer loop
      vertex 72.6526 124.957 3
      vertex 73.2941 124.83 0
      vertex 72.6526 124.957 0
    endloop
  endfacet
  facet normal -0.896878 -0.442277 0
    outer loop
      vertex 0.669872 72.5 0
      vertex 0.380602 73.0866 3
      vertex 0.380602 73.0866 0
    endloop
  endfacet
  facet normal -0.896878 -0.442277 0
    outer loop
      vertex 0.380602 73.0866 3
      vertex 0.669872 72.5 0
      vertex 0.669872 72.5 3
    endloop
  endfacet
  facet normal -0.997861 0.0653656 0
    outer loop
      vertex 0 120 0
      vertex 0.0427752 120.653 3
      vertex 0.0427752 120.653 0
    endloop
  endfacet
  facet normal -0.997861 0.0653656 0
    outer loop
      vertex 0.0427752 120.653 3
      vertex 0 120 0
      vertex 0 120 3
    endloop
  endfacet
  facet normal -0.752016 0.659145 0
    outer loop
      vertex 1.03323 123.044 0
      vertex 1.46447 123.536 3
      vertex 1.46447 123.536 0
    endloop
  endfacet
  facet normal -0.752016 0.659145 0
    outer loop
      vertex 1.46447 123.536 3
      vertex 1.03323 123.044 0
      vertex 1.03323 123.044 3
    endloop
  endfacet
  facet normal -0.751817 -0.659372 0
    outer loop
      vertex 1.46447 71.4645 0
      vertex 1.03323 71.9562 3
      vertex 1.03323 71.9562 0
    endloop
  endfacet
  facet normal -0.751817 -0.659372 0
    outer loop
      vertex 1.03323 71.9562 3
      vertex 1.46447 71.4645 0
      vertex 1.46447 71.4645 3
    endloop
  endfacet
  facet normal -0.946926 -0.32145 0
    outer loop
      vertex 0.380602 73.0866 0
      vertex 0.17037 73.7059 3
      vertex 0.17037 73.7059 0
    endloop
  endfacet
  facet normal -0.946926 -0.32145 0
    outer loop
      vertex 0.17037 73.7059 3
      vertex 0.380602 73.0866 0
      vertex 0.380602 73.0866 3
    endloop
  endfacet
  facet normal 0.555512 -0.831509 0
    outer loop
      vertex 74.5 70.6699 0
      vertex 75.0438 71.0332 3
      vertex 74.5 70.6699 3
    endloop
  endfacet
  facet normal 0.555512 -0.831509 0
    outer loop
      vertex 75.0438 71.0332 3
      vertex 74.5 70.6699 0
      vertex 75.0438 71.0332 0
    endloop
  endfacet
  facet normal -0.997859 -0.0654055 0
    outer loop
      vertex 0.0427752 74.3474 0
      vertex 0 75 3
      vertex 0 75 0
    endloop
  endfacet
  facet normal -0.997859 -0.0654055 0
    outer loop
      vertex 0 75 3
      vertex 0.0427752 74.3474 0
      vertex 0.0427752 74.3474 3
    endloop
  endfacet
  facet normal 0.831509 -0.555512 0
    outer loop
      vertex 75.9668 71.9562 3
      vertex 76.3301 72.5 0
      vertex 76.3301 72.5 3
    endloop
  endfacet
  facet normal 0.831509 -0.555512 0
    outer loop
      vertex 76.3301 72.5 0
      vertex 75.9668 71.9562 3
      vertex 75.9668 71.9562 0
    endloop
  endfacet
  facet normal 0.946894 0.321546 0
    outer loop
      vertex 76.8296 121.294 3
      vertex 76.6194 121.913 0
      vertex 76.6194 121.913 3
    endloop
  endfacet
  facet normal 0.946894 0.321546 0
    outer loop
      vertex 76.6194 121.913 0
      vertex 76.8296 121.294 3
      vertex 76.8296 121.294 0
    endloop
  endfacet
  facet normal -0.555718 0.831371 0
    outer loop
      vertex 70.7175 75.9133 1.5
      vertex 70.548 75.8 3
      vertex 70.7175 75.9133 3
    endloop
  endfacet
  facet normal -0.555718 0.831371 0
    outer loop
      vertex 70.548 75.8 3
      vertex 70.7175 75.9133 1.5
      vertex 70.548 75.8 1.5
    endloop
  endfacet
  facet normal 0.750676 -0.660671 0
    outer loop
      vertex 5.91329 118.718 3
      vertex 6.08579 118.914 1.5
      vertex 6.08579 118.914 3
    endloop
  endfacet
  facet normal 0.750676 -0.660671 0
    outer loop
      vertex 6.08579 118.914 1.5
      vertex 5.91329 118.718 3
      vertex 5.91329 118.718 1.5
    endloop
  endfacet
  facet normal 0 0 1
    outer loop
      vertex 66.0218 114.888 1.5
      vertex 10.9782 114.888 1.5
      vertex 66.1144 114.7 1.5
    endloop
  endfacet
  facet normal 0 0 1
    outer loop
      vertex 66.1144 80.3 1.5
      vertex 11.0863 79.7088 1.5
      vertex 11.1 79.5 1.5
    endloop
  endfacet
  facet normal 0 0 1
    outer loop
      vertex 10.8856 114.7 1.5
      vertex 66.1144 114.7 1.5
      vertex 10.9782 114.888 1.5
    endloop
  endfacet
  facet normal 0 0 1
    outer loop
      vertex 66.1144 80.3 1.5
      vertex 11.0455 79.9141 1.5
      vertex 11.0863 79.7088 1.5
    endloop
  endfacet
  facet normal 0 0 1
    outer loop
      vertex 66.1144 114.7 1.5
      vertex 10.8856 114.7 1.5
      vertex 66.1144 80.3 1.5
    endloop
  endfacet
  facet normal 0 0 1
    outer loop
      vertex 66.1144 80.3 1.5
      vertex 10.9782 80.1123 1.5
      vertex 11.0455 79.9141 1.5
    endloop
  endfacet
  facet normal 0 0 1
    outer loop
      vertex 10.8856 80.3 1.5
      vertex 66.1144 80.3 1.5
      vertex 10.8856 114.7 1.5
    endloop
  endfacet
  facet normal 0 0 1
    outer loop
      vertex 66.1144 80.3 1.5
      vertex 10.8856 80.3 1.5
      vertex 10.9782 80.1123 1.5
    endloop
  endfacet
  facet normal -0 0 1
    outer loop
      vertex 10.7694 114.526 1.5
      vertex 10.8856 80.3 1.5
      vertex 10.8856 114.7 1.5
    endloop
  endfacet
  facet normal 0 0 1
    outer loop
      vertex 10.7694 114.526 1.5
      vertex 10.7694 80.474 1.5
      vertex 10.8856 80.3 1.5
    endloop
  endfacet
  facet normal -0 0 1
    outer loop
      vertex 10.6314 114.369 1.5
      vertex 10.7694 80.474 1.5
      vertex 10.7694 114.526 1.5
    endloop
  endfacet
  facet normal 0 0 1
    outer loop
      vertex 10.6314 114.369 1.5
      vertex 10.6314 80.6314 1.5
      vertex 10.7694 80.474 1.5
    endloop
  endfacet
  facet normal -0 0 1
    outer loop
      vertex 10.474 114.231 1.5
      vertex 10.6314 80.6314 1.5
      vertex 10.6314 114.369 1.5
    endloop
  endfacet
  facet normal 0 0 1
    outer loop
      vertex 10.474 114.231 1.5
      vertex 10.474 80.7694 1.5
      vertex 10.6314 80.6314 1.5
    endloop
  endfacet
  facet normal -0 0 1
    outer loop
      vertex 10.3 114.114 1.5
      vertex 10.474 80.7694 1.5
      vertex 10.474 114.231 1.5
    endloop
  endfacet
  facet normal 0 0 1
    outer loop
      vertex 10.3 114.114 1.5
      vertex 10.3 80.8856 1.5
      vertex 10.474 80.7694 1.5
    endloop
  endfacet
  facet normal -0 0 1
    outer loop
      vertex 10.1123 114.022 1.5
      vertex 10.3 80.8856 1.5
      vertex 10.3 114.114 1.5
    endloop
  endfacet
  facet normal 0 0 1
    outer loop
      vertex 10.1123 114.022 1.5
      vertex 10.1123 80.9782 1.5
      vertex 10.3 80.8856 1.5
    endloop
  endfacet
  facet normal -0 0 1
    outer loop
      vertex 9.91411 113.955 1.5
      vertex 10.1123 80.9782 1.5
      vertex 10.1123 114.022 1.5
    endloop
  endfacet
  facet normal 0 0 1
    outer loop
      vertex 9.91411 113.955 1.5
      vertex 9.91411 81.0455 1.5
      vertex 10.1123 80.9782 1.5
    endloop
  endfacet
  facet normal -0 0 1
    outer loop
      vertex 9.70884 113.914 1.5
      vertex 9.91411 81.0455 1.5
      vertex 9.91411 113.955 1.5
    endloop
  endfacet
  facet normal 0 0 1
    outer loop
      vertex 9.70884 113.914 1.5
      vertex 9.70884 81.0863 1.5
      vertex 9.91411 81.0455 1.5
    endloop
  endfacet
  facet normal -0 0 1
    outer loop
      vertex 9.5 113.9 1.5
      vertex 9.70884 81.0863 1.5
      vertex 9.70884 113.914 1.5
    endloop
  endfacet
  facet normal 0 0 1
    outer loop
      vertex 9.5 113.9 1.5
      vertex 9.5 81.1 1.5
      vertex 9.70884 81.0863 1.5
    endloop
  endfacet
  facet normal 0 0 1
    outer loop
      vertex 9.29116 113.914 1.5
      vertex 9.5 81.1 1.5
      vertex 9.5 113.9 1.5
    endloop
  endfacet
  facet normal 0 0 1
    outer loop
      vertex 9.29116 113.914 1.5
      vertex 9.29116 81.0863 1.5
      vertex 9.5 81.1 1.5
    endloop
  endfacet
  facet normal 0 0 1
    outer loop
      vertex 9.08589 113.955 1.5
      vertex 9.29116 81.0863 1.5
      vertex 9.29116 113.914 1.5
    endloop
  endfacet
  facet normal 0 0 1
    outer loop
      vertex 9.08589 113.955 1.5
      vertex 9.08589 81.0455 1.5
      vertex 9.29116 81.0863 1.5
    endloop
  endfacet
  facet normal 0 0 1
    outer loop
      vertex 8.88771 114.022 1.5
      vertex 9.08589 81.0455 1.5
      vertex 9.08589 113.955 1.5
    endloop
  endfacet
  facet normal 0 0 1
    outer loop
      vertex 8.88771 114.022 1.5
      vertex 8.88771 80.9782 1.5
      vertex 9.08589 81.0455 1.5
    endloop
  endfacet
  facet normal 0 0 1
    outer loop
      vertex 8.7 114.114 1.5
      vertex 8.88771 80.9782 1.5
      vertex 8.88771 114.022 1.5
    endloop
  endfacet
  facet normal 0 0 1
    outer loop
      vertex 8.7 114.114 1.5
      vertex 8.7 80.8856 1.5
      vertex 8.88771 80.9782 1.5
    endloop
  endfacet
  facet normal 0 0 1
    outer loop
      vertex 8.52598 114.231 1.5
      vertex 8.7 80.8856 1.5
      vertex 8.7 114.114 1.5
    endloop
  endfacet
  facet normal 0 0 1
    outer loop
      vertex 8.52598 114.231 1.5
      vertex 8.52598 80.7694 1.5
      vertex 8.7 80.8856 1.5
    endloop
  endfacet
  facet normal 0 0 1
    outer loop
      vertex 8.36863 114.369 1.5
      vertex 8.52598 80.7694 1.5
      vertex 8.52598 114.231 1.5
    endloop
  endfacet
  facet normal 0 0 1
    outer loop
      vertex 8.36863 114.369 1.5
      vertex 8.36863 80.6314 1.5
      vertex 8.52598 80.7694 1.5
    endloop
  endfacet
  facet normal 0 0 1
    outer loop
      vertex 8.23063 114.526 1.5
      vertex 8.36863 80.6314 1.5
      vertex 8.36863 114.369 1.5
    endloop
  endfacet
  facet normal 0 0 1
    outer loop
      vertex 8.23063 114.526 1.5
      vertex 8.23063 80.474 1.5
      vertex 8.36863 80.6314 1.5
    endloop
  endfacet
  facet normal 0 0 1
    outer loop
      vertex 8.11436 114.7 1.5
      vertex 8.23063 80.474 1.5
      vertex 8.23063 114.526 1.5
    endloop
  endfacet
  facet normal 0 0 1
    outer loop
      vertex 8.11436 114.7 1.5
      vertex 8.11436 80.3 1.5
      vertex 8.23063 80.474 1.5
    endloop
  endfacet
  facet normal 0 0 1
    outer loop
      vertex 5.8 118.548 1.5
      vertex 8.11436 114.7 1.5
      vertex 8.02179 114.888 1.5
    endloop
  endfacet
  facet normal 0 0 1
    outer loop
      vertex 8.11436 114.7 1.5
      vertex 5.8 118.548 1.5
      vertex 8.11436 80.3 1.5
    endloop
  endfacet
  facet normal 0 0 1
    outer loop
      vertex 5.8 118.548 1.5
      vertex 8.02179 114.888 1.5
      vertex 7.95452 115.086 1.5
    endloop
  endfacet
  facet normal 0 0 1
    outer loop
      vertex 5.8 76.452 1.5
      vertex 8.11436 80.3 1.5
      vertex 5.8 118.548 1.5
    endloop
  endfacet
  facet normal 0 0 1
    outer loop
      vertex 5.8 118.548 1.5
      vertex 7.95452 115.086 1.5
      vertex 7.91369 115.291 1.5
    endloop
  endfacet
  facet normal 0 0 1
    outer loop
      vertex 8.11436 80.3 1.5
      vertex 5.8 76.452 1.5
      vertex 8.02179 80.1123 1.5
    endloop
  endfacet
  facet normal 0 0 1
    outer loop
      vertex 5.8 118.548 1.5
      vertex 7.91369 115.291 1.5
      vertex 7.9 115.5 1.5
    endloop
  endfacet
  facet normal 0 0 1
    outer loop
      vertex 8.02179 80.1123 1.5
      vertex 5.8 76.452 1.5
      vertex 7.95452 79.9141 1.5
    endloop
  endfacet
  facet normal 0 0 1
    outer loop
      vertex 68.9782 114.888 1.5
      vertex 71.2 118.548 1.5
      vertex 69.0455 115.086 1.5
    endloop
  endfacet
  facet normal 0 0 1
    outer loop
      vertex 71.2 76.452 1.5
      vertex 69.0863 79.7088 1.5
      vertex 69.1 79.5 1.5
    endloop
  endfacet
  facet normal 0 0 1
    outer loop
      vertex 68.8856 114.7 1.5
      vertex 71.2 118.548 1.5
      vertex 68.9782 114.888 1.5
    endloop
  endfacet
  facet normal 0 0 1
    outer loop
      vertex 71.2 76.452 1.5
      vertex 69.0455 79.9141 1.5
      vertex 69.0863 79.7088 1.5
    endloop
  endfacet
  facet normal 0 0 1
    outer loop
      vertex 71.2 118.548 1.5
      vertex 68.8856 114.7 1.5
      vertex 71.2 76.452 1.5
    endloop
  endfacet
  facet normal 0 0 1
    outer loop
      vertex 71.2 76.452 1.5
      vertex 68.9782 80.1123 1.5
      vertex 69.0455 79.9141 1.5
    endloop
  endfacet
  facet normal -0 0 1
    outer loop
      vertex 68.8856 80.3 1.5
      vertex 71.2 76.452 1.5
      vertex 68.8856 114.7 1.5
    endloop
  endfacet
  facet normal 0 0 1
    outer loop
      vertex 71.2 76.452 1.5
      vertex 68.8856 80.3 1.5
      vertex 68.9782 80.1123 1.5
    endloop
  endfacet
  facet normal -0 0 1
    outer loop
      vertex 68.7694 114.526 1.5
      vertex 68.8856 80.3 1.5
      vertex 68.8856 114.7 1.5
    endloop
  endfacet
  facet normal 0 0 1
    outer loop
      vertex 68.7694 114.526 1.5
      vertex 68.7694 80.474 1.5
      vertex 68.8856 80.3 1.5
    endloop
  endfacet
  facet normal -0 0 1
    outer loop
      vertex 68.6314 114.369 1.5
      vertex 68.7694 80.474 1.5
      vertex 68.7694 114.526 1.5
    endloop
  endfacet
  facet normal 0 0 1
    outer loop
      vertex 68.6314 114.369 1.5
      vertex 68.6314 80.6314 1.5
      vertex 68.7694 80.474 1.5
    endloop
  endfacet
  facet normal -0 0 1
    outer loop
      vertex 68.474 114.231 1.5
      vertex 68.6314 80.6314 1.5
      vertex 68.6314 114.369 1.5
    endloop
  endfacet
  facet normal 0 0 1
    outer loop
      vertex 68.474 114.231 1.5
      vertex 68.474 80.7694 1.5
      vertex 68.6314 80.6314 1.5
    endloop
  endfacet
  facet normal -0 0 1
    outer loop
      vertex 68.3 114.114 1.5
      vertex 68.474 80.7694 1.5
      vertex 68.474 114.231 1.5
    endloop
  endfacet
  facet normal 0 0 1
    outer loop
      vertex 68.3 114.114 1.5
      vertex 68.3 80.8856 1.5
      vertex 68.474 80.7694 1.5
    endloop
  endfacet
  facet normal -0 0 1
    outer loop
      vertex 68.1123 114.022 1.5
      vertex 68.3 80.8856 1.5
      vertex 68.3 114.114 1.5
    endloop
  endfacet
  facet normal 0 0 1
    outer loop
      vertex 68.1123 114.022 1.5
      vertex 68.1123 80.9782 1.5
      vertex 68.3 80.8856 1.5
    endloop
  endfacet
  facet normal -0 0 1
    outer loop
      vertex 67.9141 113.955 1.5
      vertex 68.1123 80.9782 1.5
      vertex 68.1123 114.022 1.5
    endloop
  endfacet
  facet normal 0 0 1
    outer loop
      vertex 67.9141 113.955 1.5
      vertex 67.9141 81.0455 1.5
      vertex 68.1123 80.9782 1.5
    endloop
  endfacet
  facet normal -0 0 1
    outer loop
      vertex 67.7088 113.914 1.5
      vertex 67.9141 81.0455 1.5
      vertex 67.9141 113.955 1.5
    endloop
  endfacet
  facet normal 0 0 1
    outer loop
      vertex 67.7088 113.914 1.5
      vertex 67.7088 81.0863 1.5
      vertex 67.9141 81.0455 1.5
    endloop
  endfacet
  facet normal -0 0 1
    outer loop
      vertex 67.5 113.9 1.5
      vertex 67.7088 81.0863 1.5
      vertex 67.7088 113.914 1.5
    endloop
  endfacet
  facet normal 0 0 1
    outer loop
      vertex 67.5 113.9 1.5
      vertex 67.5 81.1 1.5
      vertex 67.7088 81.0863 1.5
    endloop
  endfacet
  facet normal 0 0 1
    outer loop
      vertex 67.2912 113.914 1.5
      vertex 67.5 81.1 1.5
      vertex 67.5 113.9 1.5
    endloop
  endfacet
  facet normal 0 0 1
    outer loop
      vertex 67.2912 113.914 1.5
      vertex 67.2912 81.0863 1.5
      vertex 67.5 81.1 1.5
    endloop
  endfacet
  facet normal 0 0 1
    outer loop
      vertex 67.0859 113.955 1.5
      vertex 67.2912 81.0863 1.5
      vertex 67.2912 113.914 1.5
    endloop
  endfacet
  facet normal 0 0 1
    outer loop
      vertex 67.0859 113.955 1.5
      vertex 67.0859 81.0455 1.5
      vertex 67.2912 81.0863 1.5
    endloop
  endfacet
  facet normal 0 0 1
    outer loop
      vertex 66.8877 114.022 1.5
      vertex 67.0859 81.0455 1.5
      vertex 67.0859 113.955 1.5
    endloop
  endfacet
  facet normal 0 0 1
    outer loop
      vertex 66.8877 114.022 1.5
      vertex 66.8877 80.9782 1.5
      vertex 67.0859 81.0455 1.5
    endloop
  endfacet
  facet normal 0 0 1
    outer loop
      vertex 66.7 114.114 1.5
      vertex 66.8877 80.9782 1.5
      vertex 66.8877 114.022 1.5
    endloop
  endfacet
  facet normal 0 0 1
    outer loop
      vertex 66.7 114.114 1.5
      vertex 66.7 80.8856 1.5
      vertex 66.8877 80.9782 1.5
    endloop
  endfacet
  facet normal 0 0 1
    outer loop
      vertex 66.526 114.231 1.5
      vertex 66.7 80.8856 1.5
      vertex 66.7 114.114 1.5
    endloop
  endfacet
  facet normal 0 0 1
    outer loop
      vertex 66.526 114.231 1.5
      vertex 66.526 80.7694 1.5
      vertex 66.7 80.8856 1.5
    endloop
  endfacet
  facet normal 0 0 1
    outer loop
      vertex 66.3686 114.369 1.5
      vertex 66.526 80.7694 1.5
      vertex 66.526 114.231 1.5
    endloop
  endfacet
  facet normal 0 0 1
    outer loop
      vertex 66.3686 114.369 1.5
      vertex 66.3686 80.6314 1.5
      vertex 66.526 80.7694 1.5
    endloop
  endfacet
  facet normal 0 0 1
    outer loop
      vertex 66.2306 114.526 1.5
      vertex 66.3686 80.6314 1.5
      vertex 66.3686 114.369 1.5
    endloop
  endfacet
  facet normal 0 0 1
    outer loop
      vertex 66.2306 114.526 1.5
      vertex 66.2306 80.474 1.5
      vertex 66.3686 80.6314 1.5
    endloop
  endfacet
  facet normal 0 0 1
    outer loop
      vertex 66.1144 114.7 1.5
      vertex 66.2306 80.474 1.5
      vertex 66.2306 114.526 1.5
    endloop
  endfacet
  facet normal 0 0 1
    outer loop
      vertex 66.1144 114.7 1.5
      vertex 66.1144 80.3 1.5
      vertex 66.2306 80.474 1.5
    endloop
  endfacet
  facet normal 0 0 1
    outer loop
      vertex 11.0455 115.086 1.5
      vertex 65.9545 115.086 1.5
      vertex 11.0863 115.291 1.5
    endloop
  endfacet
  facet normal 0 0 1
    outer loop
      vertex 65.9545 115.086 1.5
      vertex 11.0455 115.086 1.5
      vertex 66.0218 114.888 1.5
    endloop
  endfacet
  facet normal 0 0 1
    outer loop
      vertex 65.9137 115.291 1.5
      vertex 11.0863 115.291 1.5
      vertex 65.9545 115.086 1.5
    endloop
  endfacet
  facet normal 0 0 1
    outer loop
      vertex 10.9782 114.888 1.5
      vertex 66.0218 114.888 1.5
      vertex 11.0455 115.086 1.5
    endloop
  endfacet
  facet normal 0 0 1
    outer loop
      vertex 11.0863 115.291 1.5
      vertex 65.9137 115.291 1.5
      vertex 11.1 115.5 1.5
    endloop
  endfacet
  facet normal 0 0 1
    outer loop
      vertex 66.1144 80.3 1.5
      vertex 11.1 79.5 1.5
      vertex 66.0218 80.1123 1.5
    endloop
  endfacet
  facet normal -0 0 1
    outer loop
      vertex 11.1 115.5 1.5
      vertex 65.9137 115.291 1.5
      vertex 65.9 115.5 1.5
    endloop
  endfacet
  facet normal 0 0 1
    outer loop
      vertex 66.0218 80.1123 1.5
      vertex 11.1 79.5 1.5
      vertex 65.9545 79.9141 1.5
    endloop
  endfacet
  facet normal 0 0 1
    outer loop
      vertex 68.6314 116.631 1.5
      vertex 71.2 118.548 1.5
      vertex 71.0867 118.718 1.5
    endloop
  endfacet
  facet normal 0 0 1
    outer loop
      vertex 69.0863 115.291 1.5
      vertex 71.2 118.548 1.5
      vertex 69.1 115.5 1.5
    endloop
  endfacet
  facet normal 0 0 1
    outer loop
      vertex 68.6314 116.631 1.5
      vertex 71.0867 118.718 1.5
      vertex 70.9142 118.914 1.5
    endloop
  endfacet
  facet normal 0 0 1
    outer loop
      vertex 69.0455 115.086 1.5
      vertex 71.2 118.548 1.5
      vertex 69.0863 115.291 1.5
    endloop
  endfacet
  facet normal 0 0 1
    outer loop
      vertex 68.6314 116.631 1.5
      vertex 70.9142 118.914 1.5
      vertex 70.7175 119.087 1.5
    endloop
  endfacet
  facet normal -0 0 1
    outer loop
      vertex 69.0863 79.2912 1.5
      vertex 71.2 76.452 1.5
      vertex 69.1 79.5 1.5
    endloop
  endfacet
  facet normal 0 0 1
    outer loop
      vertex 68.6314 116.631 1.5
      vertex 70.7175 119.087 1.5
      vertex 70.548 119.2 1.5
    endloop
  endfacet
  facet normal -0 0 1
    outer loop
      vertex 69.0455 79.0859 1.5
      vertex 71.2 76.452 1.5
      vertex 69.0863 79.2912 1.5
    endloop
  endfacet
  facet normal -0 0 1
    outer loop
      vertex 68.9782 78.8877 1.5
      vertex 71.2 76.452 1.5
      vertex 69.0455 79.0859 1.5
    endloop
  endfacet
  facet normal 0 0 1
    outer loop
      vertex 71.2 118.548 1.5
      vertex 69.0863 115.709 1.5
      vertex 69.1 115.5 1.5
    endloop
  endfacet
  facet normal 0 0 1
    outer loop
      vertex 71.2 118.548 1.5
      vertex 69.0455 115.914 1.5
      vertex 69.0863 115.709 1.5
    endloop
  endfacet
  facet normal 0 0 1
    outer loop
      vertex 71.2 118.548 1.5
      vertex 68.9782 116.112 1.5
      vertex 69.0455 115.914 1.5
    endloop
  endfacet
  facet normal 0 0 1
    outer loop
      vertex 71.2 118.548 1.5
      vertex 68.8856 116.3 1.5
      vertex 68.9782 116.112 1.5
    endloop
  endfacet
  facet normal 0 0 1
    outer loop
      vertex 71.2 118.548 1.5
      vertex 68.7694 116.474 1.5
      vertex 68.8856 116.3 1.5
    endloop
  endfacet
  facet normal 0 0 1
    outer loop
      vertex 71.2 118.548 1.5
      vertex 68.6314 116.631 1.5
      vertex 68.7694 116.474 1.5
    endloop
  endfacet
  facet normal 0 0 1
    outer loop
      vertex 70.548 119.2 1.5
      vertex 68.474 116.769 1.5
      vertex 68.6314 116.631 1.5
    endloop
  endfacet
  facet normal 0 0 1
    outer loop
      vertex 70.548 119.2 1.5
      vertex 68.3 116.886 1.5
      vertex 68.474 116.769 1.5
    endloop
  endfacet
  facet normal 0 0 1
    outer loop
      vertex 70.548 119.2 1.5
      vertex 68.1123 116.978 1.5
      vertex 68.3 116.886 1.5
    endloop
  endfacet
  facet normal 0 0 1
    outer loop
      vertex 70.548 119.2 1.5
      vertex 67.9141 117.045 1.5
      vertex 68.1123 116.978 1.5
    endloop
  endfacet
  facet normal 0 0 1
    outer loop
      vertex 70.548 119.2 1.5
      vertex 67.7088 117.086 1.5
      vertex 67.9141 117.045 1.5
    endloop
  endfacet
  facet normal 0 0 1
    outer loop
      vertex 70.548 119.2 1.5
      vertex 67.5 117.1 1.5
      vertex 67.7088 117.086 1.5
    endloop
  endfacet
  facet normal 0 0 1
    outer loop
      vertex 70.548 119.2 1.5
      vertex 67.2912 117.086 1.5
      vertex 67.5 117.1 1.5
    endloop
  endfacet
  facet normal 0 0 1
    outer loop
      vertex 70.548 119.2 1.5
      vertex 67.0859 117.045 1.5
      vertex 67.2912 117.086 1.5
    endloop
  endfacet
  facet normal 0 0 1
    outer loop
      vertex 70.548 119.2 1.5
      vertex 66.8877 116.978 1.5
      vertex 67.0859 117.045 1.5
    endloop
  endfacet
  facet normal 0 0 1
    outer loop
      vertex 70.548 119.2 1.5
      vertex 66.7 116.886 1.5
      vertex 66.8877 116.978 1.5
    endloop
  endfacet
  facet normal 0 0 1
    outer loop
      vertex 65.9545 79.9141 1.5
      vertex 11.1 79.5 1.5
      vertex 65.9137 79.7088 1.5
    endloop
  endfacet
  facet normal 0 0 1
    outer loop
      vertex 65.9137 115.709 1.5
      vertex 11.1 115.5 1.5
      vertex 65.9 115.5 1.5
    endloop
  endfacet
  facet normal 0 0 1
    outer loop
      vertex 11.0863 115.709 1.5
      vertex 65.9137 115.709 1.5
      vertex 65.9545 115.914 1.5
    endloop
  endfacet
  facet normal 0 0 1
    outer loop
      vertex 11.0455 115.914 1.5
      vertex 65.9545 115.914 1.5
      vertex 66.0218 116.112 1.5
    endloop
  endfacet
  facet normal 0 0 1
    outer loop
      vertex 10.9782 116.112 1.5
      vertex 66.0218 116.112 1.5
      vertex 66.1144 116.3 1.5
    endloop
  endfacet
  facet normal 0 0 1
    outer loop
      vertex 10.8856 116.3 1.5
      vertex 66.1144 116.3 1.5
      vertex 66.2306 116.474 1.5
    endloop
  endfacet
  facet normal 0 0 1
    outer loop
      vertex 10.7694 116.474 1.5
      vertex 66.2306 116.474 1.5
      vertex 66.3686 116.631 1.5
    endloop
  endfacet
  facet normal 0 0 1
    outer loop
      vertex 10.6314 116.631 1.5
      vertex 66.3686 116.631 1.5
      vertex 66.526 116.769 1.5
    endloop
  endfacet
  facet normal 0 0 1
    outer loop
      vertex 10.474 116.769 1.5
      vertex 66.526 116.769 1.5
      vertex 66.7 116.886 1.5
    endloop
  endfacet
  facet normal 0 0 1
    outer loop
      vertex 10.3 116.886 1.5
      vertex 66.7 116.886 1.5
      vertex 70.548 119.2 1.5
    endloop
  endfacet
  facet normal 0 0 1
    outer loop
      vertex 65.9137 115.709 1.5
      vertex 11.0863 115.709 1.5
      vertex 11.1 115.5 1.5
    endloop
  endfacet
  facet normal 0 0 1
    outer loop
      vertex 65.9545 115.914 1.5
      vertex 11.0455 115.914 1.5
      vertex 11.0863 115.709 1.5
    endloop
  endfacet
  facet normal 0 0 1
    outer loop
      vertex 66.0218 116.112 1.5
      vertex 10.9782 116.112 1.5
      vertex 11.0455 115.914 1.5
    endloop
  endfacet
  facet normal 0 0 1
    outer loop
      vertex 66.1144 116.3 1.5
      vertex 10.8856 116.3 1.5
      vertex 10.9782 116.112 1.5
    endloop
  endfacet
  facet normal 0 0 1
    outer loop
      vertex 66.2306 116.474 1.5
      vertex 10.7694 116.474 1.5
      vertex 10.8856 116.3 1.5
    endloop
  endfacet
  facet normal 0 0 1
    outer loop
      vertex 66.3686 116.631 1.5
      vertex 10.6314 116.631 1.5
      vertex 10.7694 116.474 1.5
    endloop
  endfacet
  facet normal 0 0 1
    outer loop
      vertex 66.526 116.769 1.5
      vertex 10.474 116.769 1.5
      vertex 10.6314 116.631 1.5
    endloop
  endfacet
  facet normal 0 0 1
    outer loop
      vertex 66.7 116.886 1.5
      vertex 10.3 116.886 1.5
      vertex 10.474 116.769 1.5
    endloop
  endfacet
  facet normal -0 0 1
    outer loop
      vertex 6.45203 119.2 1.5
      vertex 10.3 116.886 1.5
      vertex 70.548 119.2 1.5
    endloop
  endfacet
  facet normal 0 0 1
    outer loop
      vertex 10.3 116.886 1.5
      vertex 6.45203 119.2 1.5
      vertex 10.1123 116.978 1.5
    endloop
  endfacet
  facet normal 0 0 1
    outer loop
      vertex 10.1123 116.978 1.5
      vertex 6.45203 119.2 1.5
      vertex 9.91411 117.045 1.5
    endloop
  endfacet
  facet normal 0 0 1
    outer loop
      vertex 9.91411 117.045 1.5
      vertex 6.45203 119.2 1.5
      vertex 9.70884 117.086 1.5
    endloop
  endfacet
  facet normal 0 0 1
    outer loop
      vertex 7.91369 79.7088 1.5
      vertex 5.8 76.452 1.5
      vertex 7.9 79.5 1.5
    endloop
  endfacet
  facet normal 0 0 1
    outer loop
      vertex 9.70884 117.086 1.5
      vertex 6.45203 119.2 1.5
      vertex 9.5 117.1 1.5
    endloop
  endfacet
  facet normal 0 0 1
    outer loop
      vertex 6.45203 119.2 1.5
      vertex 9.29116 117.086 1.5
      vertex 9.5 117.1 1.5
    endloop
  endfacet
  facet normal 0 0 1
    outer loop
      vertex 6.45203 119.2 1.5
      vertex 9.08589 117.045 1.5
      vertex 9.29116 117.086 1.5
    endloop
  endfacet
  facet normal 0 0 1
    outer loop
      vertex 6.45203 119.2 1.5
      vertex 8.88771 116.978 1.5
      vertex 9.08589 117.045 1.5
    endloop
  endfacet
  facet normal 0 0 1
    outer loop
      vertex 6.45203 119.2 1.5
      vertex 8.7 116.886 1.5
      vertex 8.88771 116.978 1.5
    endloop
  endfacet
  facet normal 0 0 1
    outer loop
      vertex 6.45203 119.2 1.5
      vertex 8.52598 116.769 1.5
      vertex 8.7 116.886 1.5
    endloop
  endfacet
  facet normal 0 0 1
    outer loop
      vertex 6.45203 119.2 1.5
      vertex 8.36863 116.631 1.5
      vertex 8.52598 116.769 1.5
    endloop
  endfacet
  facet normal -0 0 1
    outer loop
      vertex 6.28248 119.087 1.5
      vertex 8.36863 116.631 1.5
      vertex 6.45203 119.2 1.5
    endloop
  endfacet
  facet normal -0 0 1
    outer loop
      vertex 6.08579 118.914 1.5
      vertex 8.36863 116.631 1.5
      vertex 6.28248 119.087 1.5
    endloop
  endfacet
  facet normal -0 0 1
    outer loop
      vertex 5.91329 118.718 1.5
      vertex 8.36863 116.631 1.5
      vertex 6.08579 118.914 1.5
    endloop
  endfacet
  facet normal -0 0 1
    outer loop
      vertex 5.8 118.548 1.5
      vertex 8.36863 116.631 1.5
      vertex 5.91329 118.718 1.5
    endloop
  endfacet
  facet normal 0 0 1
    outer loop
      vertex 8.02179 116.112 1.5
      vertex 5.8 118.548 1.5
      vertex 7.95452 115.914 1.5
    endloop
  endfacet
  facet normal 0 0 1
    outer loop
      vertex 7.95452 115.914 1.5
      vertex 5.8 118.548 1.5
      vertex 7.91369 115.709 1.5
    endloop
  endfacet
  facet normal 0 0 1
    outer loop
      vertex 7.91369 115.709 1.5
      vertex 5.8 118.548 1.5
      vertex 7.9 115.5 1.5
    endloop
  endfacet
  facet normal 0 0 1
    outer loop
      vertex 8.23063 116.474 1.5
      vertex 5.8 118.548 1.5
      vertex 8.11436 116.3 1.5
    endloop
  endfacet
  facet normal 0 0 1
    outer loop
      vertex 7.95452 79.9141 1.5
      vertex 5.8 76.452 1.5
      vertex 7.91369 79.7088 1.5
    endloop
  endfacet
  facet normal 0 0 1
    outer loop
      vertex 8.11436 116.3 1.5
      vertex 5.8 118.548 1.5
      vertex 8.02179 116.112 1.5
    endloop
  endfacet
  facet normal 0 0 1
    outer loop
      vertex 7.9 79.5 1.5
      vertex 5.8 76.452 1.5
      vertex 6.45203 75.8 1.5
    endloop
  endfacet
  facet normal 0 0 1
    outer loop
      vertex 8.36863 116.631 1.5
      vertex 5.8 118.548 1.5
      vertex 8.23063 116.474 1.5
    endloop
  endfacet
  facet normal 0 0 1
    outer loop
      vertex 6.45203 75.8 1.5
      vertex 5.8 76.452 1.5
      vertex 6.28248 75.9133 1.5
    endloop
  endfacet
  facet normal 0 0 1
    outer loop
      vertex 6.28248 75.9133 1.5
      vertex 5.8 76.452 1.5
      vertex 6.08579 76.0858 1.5
    endloop
  endfacet
  facet normal 0 0 1
    outer loop
      vertex 6.08579 76.0858 1.5
      vertex 5.8 76.452 1.5
      vertex 5.91329 76.2825 1.5
    endloop
  endfacet
  facet normal -0 0 1
    outer loop
      vertex 68.8856 78.7 1.5
      vertex 71.2 76.452 1.5
      vertex 68.9782 78.8877 1.5
    endloop
  endfacet
  facet normal -0 0 1
    outer loop
      vertex 68.7694 78.526 1.5
      vertex 71.2 76.452 1.5
      vertex 68.8856 78.7 1.5
    endloop
  endfacet
  facet normal -0 0 1
    outer loop
      vertex 68.6314 78.3686 1.5
      vertex 71.2 76.452 1.5
      vertex 68.7694 78.526 1.5
    endloop
  endfacet
  facet normal 0 0 1
    outer loop
      vertex 71.2 76.452 1.5
      vertex 68.6314 78.3686 1.5
      vertex 71.0867 76.2825 1.5
    endloop
  endfacet
  facet normal 0 0 1
    outer loop
      vertex 71.0867 76.2825 1.5
      vertex 68.6314 78.3686 1.5
      vertex 70.9142 76.0858 1.5
    endloop
  endfacet
  facet normal 0 0 1
    outer loop
      vertex 70.9142 76.0858 1.5
      vertex 68.6314 78.3686 1.5
      vertex 70.7175 75.9133 1.5
    endloop
  endfacet
  facet normal 0 0 1
    outer loop
      vertex 70.7175 75.9133 1.5
      vertex 68.6314 78.3686 1.5
      vertex 70.548 75.8 1.5
    endloop
  endfacet
  facet normal -0 0 1
    outer loop
      vertex 68.474 78.2306 1.5
      vertex 70.548 75.8 1.5
      vertex 68.6314 78.3686 1.5
    endloop
  endfacet
  facet normal -0 0 1
    outer loop
      vertex 68.3 78.1144 1.5
      vertex 70.548 75.8 1.5
      vertex 68.474 78.2306 1.5
    endloop
  endfacet
  facet normal -0 0 1
    outer loop
      vertex 68.1123 78.0218 1.5
      vertex 70.548 75.8 1.5
      vertex 68.3 78.1144 1.5
    endloop
  endfacet
  facet normal -0 0 1
    outer loop
      vertex 67.9141 77.9545 1.5
      vertex 70.548 75.8 1.5
      vertex 68.1123 78.0218 1.5
    endloop
  endfacet
  facet normal -0 0 1
    outer loop
      vertex 67.7088 77.9137 1.5
      vertex 70.548 75.8 1.5
      vertex 67.9141 77.9545 1.5
    endloop
  endfacet
  facet normal -0 0 1
    outer loop
      vertex 67.5 77.9 1.5
      vertex 70.548 75.8 1.5
      vertex 67.7088 77.9137 1.5
    endloop
  endfacet
  facet normal 0 0 1
    outer loop
      vertex 67.2912 77.9137 1.5
      vertex 70.548 75.8 1.5
      vertex 67.5 77.9 1.5
    endloop
  endfacet
  facet normal 0 0 1
    outer loop
      vertex 67.0859 77.9545 1.5
      vertex 70.548 75.8 1.5
      vertex 67.2912 77.9137 1.5
    endloop
  endfacet
  facet normal 0 0 1
    outer loop
      vertex 66.8877 78.0218 1.5
      vertex 70.548 75.8 1.5
      vertex 67.0859 77.9545 1.5
    endloop
  endfacet
  facet normal 0 0 1
    outer loop
      vertex 66.7 78.1144 1.5
      vertex 70.548 75.8 1.5
      vertex 66.8877 78.0218 1.5
    endloop
  endfacet
  facet normal 0 0 1
    outer loop
      vertex 65.9137 79.7088 1.5
      vertex 11.1 79.5 1.5
      vertex 65.9 79.5 1.5
    endloop
  endfacet
  facet normal 0 0 1
    outer loop
      vertex 65.9 79.5 1.5
      vertex 11.1 79.5 1.5
      vertex 65.9137 79.2912 1.5
    endloop
  endfacet
  facet normal 0 0 1
    outer loop
      vertex 11.0863 79.2912 1.5
      vertex 65.9137 79.2912 1.5
      vertex 11.1 79.5 1.5
    endloop
  endfacet
  facet normal 0 0 1
    outer loop
      vertex 65.9137 79.2912 1.5
      vertex 11.0863 79.2912 1.5
      vertex 65.9545 79.0859 1.5
    endloop
  endfacet
  facet normal 0 0 1
    outer loop
      vertex 11.0455 79.0859 1.5
      vertex 65.9545 79.0859 1.5
      vertex 11.0863 79.2912 1.5
    endloop
  endfacet
  facet normal 0 0 1
    outer loop
      vertex 65.9545 79.0859 1.5
      vertex 11.0455 79.0859 1.5
      vertex 66.0218 78.8877 1.5
    endloop
  endfacet
  facet normal 0 0 1
    outer loop
      vertex 10.9782 78.8877 1.5
      vertex 66.0218 78.8877 1.5
      vertex 11.0455 79.0859 1.5
    endloop
  endfacet
  facet normal 0 0 1
    outer loop
      vertex 66.0218 78.8877 1.5
      vertex 10.9782 78.8877 1.5
      vertex 66.1144 78.7 1.5
    endloop
  endfacet
  facet normal 0 0 1
    outer loop
      vertex 10.8856 78.7 1.5
      vertex 66.1144 78.7 1.5
      vertex 10.9782 78.8877 1.5
    endloop
  endfacet
  facet normal 0 0 1
    outer loop
      vertex 66.1144 78.7 1.5
      vertex 10.8856 78.7 1.5
      vertex 66.2306 78.526 1.5
    endloop
  endfacet
  facet normal 0 0 1
    outer loop
      vertex 10.7694 78.526 1.5
      vertex 66.2306 78.526 1.5
      vertex 10.8856 78.7 1.5
    endloop
  endfacet
  facet normal 0 0 1
    outer loop
      vertex 66.2306 78.526 1.5
      vertex 10.7694 78.526 1.5
      vertex 66.3686 78.3686 1.5
    endloop
  endfacet
  facet normal 0 0 1
    outer loop
      vertex 10.6314 78.3686 1.5
      vertex 66.3686 78.3686 1.5
      vertex 10.7694 78.526 1.5
    endloop
  endfacet
  facet normal 0 0 1
    outer loop
      vertex 66.3686 78.3686 1.5
      vertex 10.6314 78.3686 1.5
      vertex 66.526 78.2306 1.5
    endloop
  endfacet
  facet normal 0 0 1
    outer loop
      vertex 10.474 78.2306 1.5
      vertex 66.526 78.2306 1.5
      vertex 10.6314 78.3686 1.5
    endloop
  endfacet
  facet normal 0 0 1
    outer loop
      vertex 66.526 78.2306 1.5
      vertex 10.474 78.2306 1.5
      vertex 66.7 78.1144 1.5
    endloop
  endfacet
  facet normal 0 0 1
    outer loop
      vertex 10.3 78.1144 1.5
      vertex 66.7 78.1144 1.5
      vertex 10.474 78.2306 1.5
    endloop
  endfacet
  facet normal 0 0 1
    outer loop
      vertex 66.7 78.1144 1.5
      vertex 10.3 78.1144 1.5
      vertex 70.548 75.8 1.5
    endloop
  endfacet
  facet normal 0 0 1
    outer loop
      vertex 6.45203 75.8 1.5
      vertex 10.3 78.1144 1.5
      vertex 10.1123 78.0218 1.5
    endloop
  endfacet
  facet normal 0 0 1
    outer loop
      vertex 6.45203 75.8 1.5
      vertex 10.1123 78.0218 1.5
      vertex 9.91411 77.9545 1.5
    endloop
  endfacet
  facet normal 0 0 1
    outer loop
      vertex 6.45203 75.8 1.5
      vertex 9.91411 77.9545 1.5
      vertex 9.70884 77.9137 1.5
    endloop
  endfacet
  facet normal 0 0 1
    outer loop
      vertex 6.45203 75.8 1.5
      vertex 9.70884 77.9137 1.5
      vertex 9.5 77.9 1.5
    endloop
  endfacet
  facet normal 0 0 1
    outer loop
      vertex 10.3 78.1144 1.5
      vertex 6.45203 75.8 1.5
      vertex 70.548 75.8 1.5
    endloop
  endfacet
  facet normal 0 0 1
    outer loop
      vertex 9.29116 77.9137 1.5
      vertex 6.45203 75.8 1.5
      vertex 9.5 77.9 1.5
    endloop
  endfacet
  facet normal 0 0 1
    outer loop
      vertex 9.08589 77.9545 1.5
      vertex 6.45203 75.8 1.5
      vertex 9.29116 77.9137 1.5
    endloop
  endfacet
  facet normal 0 0 1
    outer loop
      vertex 8.88771 78.0218 1.5
      vertex 6.45203 75.8 1.5
      vertex 9.08589 77.9545 1.5
    endloop
  endfacet
  facet normal 0 0 1
    outer loop
      vertex 8.7 78.1144 1.5
      vertex 6.45203 75.8 1.5
      vertex 8.88771 78.0218 1.5
    endloop
  endfacet
  facet normal 0 0 1
    outer loop
      vertex 8.52598 78.2306 1.5
      vertex 6.45203 75.8 1.5
      vertex 8.7 78.1144 1.5
    endloop
  endfacet
  facet normal 0 0 1
    outer loop
      vertex 8.36863 78.3686 1.5
      vertex 6.45203 75.8 1.5
      vertex 8.52598 78.2306 1.5
    endloop
  endfacet
  facet normal 0 0 1
    outer loop
      vertex 8.23063 78.526 1.5
      vertex 6.45203 75.8 1.5
      vertex 8.36863 78.3686 1.5
    endloop
  endfacet
  facet normal 0 0 1
    outer loop
      vertex 8.11436 78.7 1.5
      vertex 6.45203 75.8 1.5
      vertex 8.23063 78.526 1.5
    endloop
  endfacet
  facet normal 0 0 1
    outer loop
      vertex 8.02179 78.8877 1.5
      vertex 6.45203 75.8 1.5
      vertex 8.11436 78.7 1.5
    endloop
  endfacet
  facet normal 0 0 1
    outer loop
      vertex 7.95452 79.0859 1.5
      vertex 6.45203 75.8 1.5
      vertex 8.02179 78.8877 1.5
    endloop
  endfacet
  facet normal 0 0 1
    outer loop
      vertex 7.91369 79.2912 1.5
      vertex 6.45203 75.8 1.5
      vertex 7.95452 79.0859 1.5
    endloop
  endfacet
  facet normal 0 0 1
    outer loop
      vertex 6.45203 75.8 1.5
      vertex 7.91369 79.2912 1.5
      vertex 7.9 79.5 1.5
    endloop
  endfacet
  facet normal -0.831371 0.555718 0
    outer loop
      vertex 71.0867 76.2825 1.5
      vertex 71.2 76.452 3
      vertex 71.2 76.452 1.5
    endloop
  endfacet
  facet normal -0.831371 0.555718 0
    outer loop
      vertex 71.2 76.452 3
      vertex 71.0867 76.2825 1.5
      vertex 71.0867 76.2825 3
    endloop
  endfacet
  facet normal 0.66044 -0.750879 0
    outer loop
      vertex 6.08579 118.914 1.5
      vertex 6.28248 119.087 3
      vertex 6.08579 118.914 3
    endloop
  endfacet
  facet normal 0.66044 -0.750879 0
    outer loop
      vertex 6.28248 119.087 3
      vertex 6.08579 118.914 1.5
      vertex 6.28248 119.087 1.5
    endloop
  endfacet
  facet normal -0.750676 -0.660671 0
    outer loop
      vertex 71.0867 118.718 1.5
      vertex 70.9142 118.914 3
      vertex 70.9142 118.914 1.5
    endloop
  endfacet
  facet normal -0.750676 -0.660671 0
    outer loop
      vertex 70.9142 118.914 3
      vertex 71.0867 118.718 1.5
      vertex 71.0867 118.718 3
    endloop
  endfacet
  facet normal -0.660421 -0.750895 0
    outer loop
      vertex 70.7175 119.087 1.5
      vertex 70.9142 118.914 3
      vertex 70.7175 119.087 3
    endloop
  endfacet
  facet normal -0.660421 -0.750895 -0
    outer loop
      vertex 70.9142 118.914 3
      vertex 70.7175 119.087 1.5
      vertex 70.9142 118.914 1.5
    endloop
  endfacet
  facet normal 0.659362 0.751826 -0
    outer loop
      vertex 6.28248 75.9133 1.5
      vertex 6.08579 76.0858 3
      vertex 6.28248 75.9133 3
    endloop
  endfacet
  facet normal 0.659362 0.751826 0
    outer loop
      vertex 6.08579 76.0858 3
      vertex 6.28248 75.9133 1.5
      vertex 6.08579 76.0858 1.5
    endloop
  endfacet
  facet normal -0.659343 0.751842 0
    outer loop
      vertex 70.9142 76.0858 1.5
      vertex 70.7175 75.9133 3
      vertex 70.9142 76.0858 3
    endloop
  endfacet
  facet normal -0.659343 0.751842 0
    outer loop
      vertex 70.7175 75.9133 3
      vertex 70.9142 76.0858 1.5
      vertex 70.7175 75.9133 1.5
    endloop
  endfacet
  facet normal -0.832126 -0.554587 0
    outer loop
      vertex 71.2 118.548 1.5
      vertex 71.0867 118.718 3
      vertex 71.0867 118.718 1.5
    endloop
  endfacet
  facet normal -0.832126 -0.554587 0
    outer loop
      vertex 71.0867 118.718 3
      vertex 71.2 118.548 1.5
      vertex 71.2 118.548 3
    endloop
  endfacet
  facet normal -0.5547 -0.83205 0
    outer loop
      vertex 70.548 119.2 1.5
      vertex 70.7175 119.087 3
      vertex 70.548 119.2 3
    endloop
  endfacet
  facet normal -0.5547 -0.83205 -0
    outer loop
      vertex 70.7175 119.087 3
      vertex 70.548 119.2 1.5
      vertex 70.7175 119.087 1.5
    endloop
  endfacet
  facet normal -0.751842 0.659343 0
    outer loop
      vertex 70.9142 76.0858 1.5
      vertex 71.0867 76.2825 3
      vertex 71.0867 76.2825 1.5
    endloop
  endfacet
  facet normal -0.751842 0.659343 0
    outer loop
      vertex 71.0867 76.2825 3
      vertex 70.9142 76.0858 1.5
      vertex 70.9142 76.0858 3
    endloop
  endfacet
  facet normal 0.751842 0.659343 0
    outer loop
      vertex 6.08579 76.0858 3
      vertex 5.91329 76.2825 1.5
      vertex 5.91329 76.2825 3
    endloop
  endfacet
  facet normal 0.751842 0.659343 0
    outer loop
      vertex 5.91329 76.2825 1.5
      vertex 6.08579 76.0858 3
      vertex 6.08579 76.0858 1.5
    endloop
  endfacet
  facet normal 0.554587 -0.832126 0
    outer loop
      vertex 6.28248 119.087 1.5
      vertex 6.45203 119.2 3
      vertex 6.28248 119.087 3
    endloop
  endfacet
  facet normal 0.554587 -0.832126 0
    outer loop
      vertex 6.45203 119.2 3
      vertex 6.28248 119.087 1.5
      vertex 6.45203 119.2 1.5
    endloop
  endfacet
  facet normal 0.555605 0.831446 -0
    outer loop
      vertex 6.45203 75.8 1.5
      vertex 6.28248 75.9133 3
      vertex 6.45203 75.8 3
    endloop
  endfacet
  facet normal 0.555605 0.831446 0
    outer loop
      vertex 6.28248 75.9133 3
      vertex 6.45203 75.8 1.5
      vertex 6.28248 75.9133 1.5
    endloop
  endfacet
  facet normal 0.832148 -0.554553 0
    outer loop
      vertex 5.8 118.548 3
      vertex 5.91329 118.718 1.5
      vertex 5.91329 118.718 3
    endloop
  endfacet
  facet normal 0.832148 -0.554553 0
    outer loop
      vertex 5.91329 118.718 1.5
      vertex 5.8 118.548 3
      vertex 5.8 118.548 1.5
    endloop
  endfacet
  facet normal 0.831393 0.555685 0
    outer loop
      vertex 5.91329 76.2825 3
      vertex 5.8 76.452 1.5
      vertex 5.8 76.452 3
    endloop
  endfacet
  facet normal 0.831393 0.555685 0
    outer loop
      vertex 5.8 76.452 1.5
      vertex 5.91329 76.2825 3
      vertex 5.91329 76.2825 1.5
    endloop
  endfacet
endsolid OpenSCAD_Model
