=== DAWN CAPTURE 2026-07-26 04:22:06 UTC ===
TIIS
TIME_SYNCED INTERLEAV
SY
TI
TI
T
T
TIME
ISYNC_NOT_FOUND first4=01476486
SYNC_NOT_FOUND first4=B11FA90F
SYNC_LOST phase=27 consecutive=3 cached_off=1
PHASE_RESULT 27 HF-FLRC-325-255 pktSize=255 rx=0 unique=0 lost=100 per=100.0 rssi_avg=0 rssi_min=0 crc_err=0 garbage=3 tx_lat=0.00000 tx_lon=0.00000 sats=0 fix=0 utc=0 tx_fw=none rx_fw=unknown
PHASE_GUARD 500
LORA_CFG path=0 bw=0x05 sf=7
PHASE_START 28 LF-LoRa-SF7-32 pktSize=32
SYNC_NOT_FOUND first4=4F215DE9
SYNC_LOST phase=28 consecutive=3 cached_off=0
SYNC_NOT_FOUND first4=6B2C97FC
SYNC_NOT_FOUND first4=F0FA0F15
SYNC_OFFSET phase=28 off=0 prev=-1
TIME_DIFF gps_utc=1785039824 laptop_utc=1785039824 offset=0
LORA_RAW: 165 90 66 36 0 0 0 0 0 0 0 0 0 0 0 208 139 101
PKT rx=1 seq=2 rssi=-29 phase=28 rx_ms=6246460 tx_lat=0.00000 tx_lon=0.00000 sats=0 fix=0 utc=1785039824 tx_fw=unknown
SYNC_NOT_FOUND first4=B2F20176
INTERLEAVE_ON phases=56 cycle=2550s
TIM
TIME_SYNCED utc=1785039849 offset=1785033578
TI
TI
TIME_SYNCED utc=1785039882 offset=1785033578
TIME
SYSYTISYNSYTITISYN
TITIS
TIME_SYNINTES
PaPHASE_START 8 HF-LoRa-SF12-32 pktSize=32
TPH.0000PHASTIME_SYNCED utc=1785039930 offset=1785033578
TI
SY
TI
TI
T
TIINT
TI
TIM
TINT
TI
TIMEI
STI
SY
T
TI
S
TINTERL
TIME_SYNCED utc=1785040077 offset=1785033578
INTERLEAVE_ON phases=56 cycle=7350s
SYNC_
T
TI
TIN
TIM
TIME
TIN
TIME_S
TIINTERLEAVE_ON phases=56 cycle=8100s
TI
TINTTI
TI
TI
T
TI
T
SYNC_NOT_FOUND first4=A53B39AB
TIME_SYNCEDI
TINT
TIME_SYNINTE
TI
TI
I
TI
TI
T
TI
TI
T
TITI
TINTTIME
ST
TI
TIN
TIT
TIME_SYNCED utc=1785040486 offset=1785033578
INTERLEAVE_ON phases=56 cycle=15000s
TI
SYTT
TIINTERLEAVE_ON phases=56 cycle=15600s
SSS
TIME_INTER
SY
TI
TI
TIME_TIM
ST
TI
T
TIME_SYNCED
IAAPAPP_CAPPAPPAPPAP
T
T
TIM
TI
TIME_S
SYN
TSYTI
TI
TI
TI
TI
TIINTERLET
TINSYN
T
IS
S
STIME_SYNCED
TIM
TI
TI
TISY
SYSY
TIME_SYTIME_SY
SY
SYNC
TIME_SYNCED utc=1785040725 offset=1785033578
INTERLEAVE_ON phases=56 cycle=18600s
T
TI
TIME_
TI
TI
S
TI
T
TITI
SYNC_NOT_FOUND first4=7F4FD7E5
SYNC_NOT_FOUND first4=7A4B6B52
SYNC_NOT_FOUND first4=5BAC5914
TIME_SY
SY
T
TINSY
TIITIME_SYNCED utc=1785040809 offset=1785033578
SYNCSY
I
TIME_SYNCED utc=1785040876 offset=1785033578
INTERLEAVE_ON phases=56 cycle=21450s
T
TI
TI
TIM
SY
TTIME
INTERLEAVE_ON phases=56 cycle=21750s
TIMI
TIN
TI
TI
TIM
TIME_SYNCED utc=1785040972 offset=1785033578
INTERLEAVE_ON phases=56 cycle=23250s
T
TIIT
TIME_S
TIM
T
TIM
TIME
TI
T
TI
TIME_SYNCEINTERL
T
TI
TI
TIME_
TIME_SYNCED utc=1785041080 offset=1785033578
TIME_SYNCINTERLE
TIMT
TI
S
TI
TI
TINTI
TII
TI
T
S
T
SSYNC_NOT_FOUND first4=7AAB10D6
T
TI
TI
IN
I
TI
TI
TIME_SYNCED utc=1785041247 offset=1785033578
TIME_SINTERLE
T
TI
TINTIME_S
TINTISY
T
TITIME_S
TI
TI
TI
TIME_SYNCED utc=1785041367 offset=1785033578
TI
TIME_
SY
TIME_SY
TIME_SYNCEINTERLT
TIME_SYNCED utc=1785041
S
TISYNC_NOT_FOUND first4=191E6033
SYSYSYNC_NSYNSYNC_
IN
T
TI
ITIME_SYNCED utc=1785041441 offset=1785033578
SYNCTI
TI
TI
TI
TIME_IN
T
TIME_SYNINTERLT
S
T
TI
TI
S
TIME_SYNCINTERLSYSYS
SYSYTIME
TII
TIN
TIME_SYNCED uINTER
T
T
T
TI
TSY
TI
TI
TI
TI
TI
TTIM
S
TIM
TIME_INTTI
SYSY
INTERLEAVE_ON phases=56 cycle=36450s
TIME_SYINTERLSSYSTISS
TIT
TIM
S
TI
TIN
TI
I
TIT
TI
TI
TI
T
TINTERLEAT
TI
TIME_SYNI
SYN
T
TIME_SYNCED utc=1785041842 offset=1785033578
INTERLEAVE_ON phases=56 cycle=38700s
APP_CRC_FAIL exp=D020 got=C41B seq=21 syncOff=1
APP_CRC_FAIL exp=D020 got=C41B seq=22 syncOff=1
SYNC_NOT_FOUND first4=D000154B
APP_CRC_FAIL exp=D020 got=C41B seq=23 syncOff=1
APP_CRC_FAIL exp=D020 got=C41B seq=24 syncOff=1
APP_CRC_FAIL exp=D020 got=C41B seq=25 syncOff=1
APP_CRC_FAIL exp=D020 got=C41B seq=26 syncOff=1
APP_CRC_FAIL exp=D020 got=C41B seq=27 syncOff=1
APP_CRC_FAIL exp=D020 got=C41B seq=28 syncOff=1
APP_CRC_FAIL exp=D020 got=C41B seq=29 syncOff=1
APP_CRC_FAIL exp=D020 got=C41B seq=30 syncOff=1
APP_CRC_FAIL exp=D020 got=C41B seq=31 syncOff=1
APP_CRC_FAIL exp=D020 got=C41B seq=32 syncOff=1
APP_CRC_FAIL exp=D020 got=C41B seq=33 syncOff=1
APP_CRC_FAIL exp=D020 got=C41B seq=34 syncOff=1
APP_CRC_FAIL exp=D020 got=C41B seq=35 syncOff=1
APP_CRC_FAIL exp=D020 got=C41B seq=36 syncOff=1
APP_CRC_FAIL exp=D020 got=C41B seq=37 syncOff=1
APP_CRC_FAIL exp=D020 got=C41B seq=38 syncOff=1
APP_CRC_FAIL exp=D020 got=C41B seq=39 syncOff=1
APP_CRC_FAIL exp=D020 got=C41B seq=40 syncOff=1
APP_CRC_FAIL exp=D020 got=C41B seq=41 syncOff=1
APP_CRC_FAIL exp=D020 got=C41B seq=42 syncOff=1
APP_CRC_FAIL exp=D020 got=C41B seq=43 syncOff=1
APP_CRC_FAIL exp=D020 got=C41B seq=44 syncOff=1
APP_CRC_FAIL exp=D020 got=C41B seq=45 syncOff=1
APP_CRC_FAIL exp=D020 got=C41B seq=46 syncOff=1
APP_CRC_FAIL exp=D020 got=C41B seq=47 syncOff=1
APP_CRC_FAIL exp=D020 got=C41B seq=48 syncOff=1
APP_CRC_FAIL exp=D020 got=C41B seq=49 syncOff=1
APP_CRC_FAIL exp=D020 got=C41B seq=50 syncOff=1
APP_CRC_FAIL exp=D020 got=C41B seq=51 syncOff=1
SYNC_NOT_FOUND first4=D00E4B95
APP_CRC_FAIL exp=D020 got=C41B seq=52 syncOff=1
APP_CRC_FAIL exp=D020 got=C41B seq=53 syncOff=1
APP_CRC_FAIL exp=D020 got=C41B seq=54 syncOff=1
APP_CRC_FAIL exp=D020 got=C41B seq=55 syncOff=1
APP_CRC_FAIL exp=D020 got=C41B seq=56 syncOff=1
APP_CRC_FAIL exp=D020 got=C41B seq=57 syncOff=1
APP_CRC_FAIL exp=D020 got=C41B seq=58 syncOff=1
APP_CRC_FAIL exp=D020 got=C41B seq=59 syncOff=1
APP_CRC_FAIL exp=D020 got=C41B seq=60 syncOff=1
APP_CRC_FAIL exp=D020 got=C41B seq=61 syncOff=1
APP_CRC_FAIL exp=D020 got=C41B seq=62 syncOff=1
APP_CRC_FAIL exp=D020 got=C41B seq=63 syncOff=1
SYNC_NOT_FOUND first4=D04F6B59
APP_CRC_FAIL exp=D020 got=C41B seq=64 syncOff=1
APP_CRC_FAIL exp=D020 got=C41B seq=65 syncOff=1
SYNC_NOT_FOUND first4=D04B52C4
APP_CRC_FAIL exp=D020 got=C41B seq=66 syncOff=1
APP_CRC_FAIL exp=D020 got=C41B seq=67 syncOff=1
APP_CRC_FAIL exp=D020 got=C41B seq=68 syncOff=1
APP_CRC_FAIL exp=D020 got=C41B seq=69 syncOff=1
APP_CRC_FAIL exp=D020 got=C41B seq=70 syncOff=1
APP_CRC_FAIL exp=D020 got=C41B seq=71 syncOff=1
APP_CRC_FAIL exp=D020 got=C41B seq=72 syncOff=1
APP_CRC_FAIL exp=D020 got=C41B seq=73 syncOff=1
APP_CRC_FAIL exp=D020 got=C41B seq=74 syncOff=1
APP_CRC_FAIL exp=4020 got=473E seq=0 syncOff=1
APP_CRC_FAIL exp=4020 got=473E seq=1 syncOff=1
APP_CRC_FAIL exp=4020 got=473E seq=2 syncOff=1
APP_CRC_FAIL exp=4020 got=473E seq=3 syncOff=1
APP_CRC_FAIL exp=4020 got=473E seq=4 syncOff=1
APP_CRC_FAIL exp=4020 got=473E seq=5 syncOff=1
APP_CRC_FAIL exp=4020 got=473E seq=6 syncOff=1
APP_CRC_FAIL exp=4020 got=473E seq=7 syncOff=1
APP_CRC_FAIL exp=4020 got=473E seq=8 syncOff=1
APP_CRC_FAIL exp=4020 got=473E seq=9 syncOff=1
APP_CRC_FAIL exp=4020 got=473E seq=10 syncOff=1
APP_CRC_FAIL exp=4020 got=473E seq=11 syncOff=1
APP_CRC_FAIL exp=4020 got=473E seq=12 syncOff=1
APP_CRC_FAIL exp=4020 got=473E seq=13 syncOff=1
APP_CRC_FAIL exp=4020 got=473E seq=14 syncOff=1
APP_CRC_FAIL exp=4020 got=473E seq=15 syncOff=1
APP_CRC_FAIL exp=4020 got=473E seq=16 syncOff=1
APP_CRC_FAIL exp=4020 got=473E seq=17 syncOff=1
APP_CRC_FAIL exp=4020 got=473E seq=18 syncOff=1
APP_CRC_FAIL exp=4000 got=473E seq=19 syncOff=1
TIN
S
T
INTERLEAVE_ON phases=56 cycle=39300s
T
TSYN
TINTIME
TINTI
TI
T
TIME_STATS min=-2000ms max=1000ms avg=-91ms corrections=0
I
TIME_
T
TI
TI
TIME_SYNCED utINTERLTI
TIME_SYNCED utc=1785041979 offset=1785033577
S
SYN
T
T
TIM0 tx_lon=0.00000 sats=0 fix=0 utc=0 tx_fw=none rx_fw=unknown
TINTS
TIME_SYNINTERLTIM
TI
TIME_SINTERLETI
T
TI
TIME
TS
TIME_INTERLS
SYNC_NOT_FOUND first4=1258A255
TI
T
TIIAPAAPAPP_APP_CRCAPAPP_APP_CRC_FAIL exp=9520 got=13EF seq=70 syncOff=1
TISYN
T
SYTIM
TIM
TIITSY
TI
TIM
TIN
S
TI
TIM
TI
T
TI
S
TI
TI
TI
TI
TIN
TIN
S
SYTIM
TIME_SSY
TT
TIM
TI
T
TI
TI
T
TI
T
TIME_SYNINTERLEAVE
TI
TIM
S
TI
TI
TINTERL
T
SYNC_NOT_FOUND first4=9D3C4C25
TIN
TIME_SYNINTERLSY
TI
TITI
TIN
TI
IN
TI
TINAAPP_CRC_FAIL exp=7A20 got=7A0B seq=14 syncOff=1
T
SYNCSYNC_NOT
TINT
S
SYNCSY
TIN
TI
TIN
T
TIME_SYNINTERLESY
T
TIME_SY
TIM
T
TIME_S
TSYNC_
T
TITI
TI
TI
S
TIME_SYNCEDINTERLEAV
TIME_SYNCED utc=1785042738 offset=1785033577
INTERLEAVE_ON phases=56 cycle=55350s
SYNC_NOT_FOUND first4=83D8A75D
TIME_IS
T
SY
TIN
TI
TIME_SYNCED utc=1785042830 offset=1785033578
INTERLEAVE_ON phases=56 cycle=57450s
TI
TINTERL
TIME_S
TI
TI
TI
TI
TI
TIMTIME
SYNC_NOT_FOUND first4=51034069
TIME_STATS min=-2000ms max=1000ms avg=-91ms corrections=0
T
TIME_SYNCED utc=1785042892 offset=1785033578
INTERLEAVE_ON phases=56 cycle=59100s
TI
T
TIME_IN
TIME_SYNCED utc=1785042956 offset=1785033578
SY
TIME
S
TI
TI
TIME_SYNCED utc=1785042989 offset=1785033578
TI
T
TI
TI
TI
T
TT
TIN
TI
TIME
TINS
TI
TINT
S
TINTE
TI
TIME_SYNINTERL
TIN
TIME_SYNCED utc=1785043130 offset=1785033577
INTERLEAVE_ON phases=56 cycle=62850s
T
TI
T
TI
TIME_SYNCED utc=1785043139 offset=1785033578
TI
TIM
TT
TIM
TI
SY
TIME_SYI
T
TI
TIME_STATS min=-2000ms max=1000ms avg=-91ms corrections=0
TISY
TIME_SYNCED utc=1785043218 offset=1785033577
TIN
SYNC_NOT_FOUND first4=FE8F1A59
T
S
SY
SYN
S
TIME_SYNINTERLE
TIME_SYNCED utc=1785043297 offset=1785033577
TIME_
TI
TISYNC_NO
TIME_S
TI
T
TISSTIME_SYNCED utc=1785043321 offset=17SY
SYNC
SY
TINSY
TSYNCSS
TIN
TI
SY
TIM
SYN
TIME_SYNINTERL
SY
SYST
TIITI
TIN
TI
TI
TI
TI
T
TI
T
T
T
SYNC_NOT_FOUND first4=08E4F88D
TIME_SYNINTERL
SY
TIN
TI
TI
TIME_SYNCINTERLESTI
TII
TI
TINS
SYNC_NOT_FOUND first4=94A1D56E
S
T
TIINTERLSYTI
T
TIME_SYNINTERL
I
TI
T
T
TIME_SYNCED utc=1785043732 offset=1785033578
T
TIM
TI
TIME_SYNINTERL
TIN
TIME_SYNCI
TITI
TIME_SYNCED utc=1785043802 offset=1785033578
INTERLEAVE_ON phases=56 cycle=75450s
SYNC_NOT_FOUND first4=66FB9DCC
SYNC_NOT_FOUND first4=00467BCF
TIME_SYNCED utc=1785043804 offset=1785033578
T
SYNSY
TISYNC_NOT_FOUND first4=34DAA599
SYNC_NOT_FOUND first4=0027D6A8
TIME_SYNCED utc=1785043822 offset=1785033577
TIME_SYNCED utc=1785043835 offset=1785033577
TIME_
TIME_SYNCED utc=1785043838 offset=1785033577
T
TIME_SYNCED utc=1785043847 offset=1785033577
INTERLEAVE_ON phases=56 cycle=76050s
TSYTISYNS
T
T
T
TIME_
TIN
TTIM
TI
TI
TI
SYN
S
TIME_SYNCED utc=1785043981 offset=1785033577
TI
S
I
TI
TIM
TIME_SYNCED utc=1785044025 offset=1785033577
TIME_SYNCED utc=1785044034 offset=1785033577
INTERLEAVE_ON phases=56 cycle=79200s
TI
TI
TIME_SYINTE
T
TI
TIME_INTERL
TINTERLEAVE_ON phases=56 cycle=81000s
TINTERLEA
TIM
TIM
TI
T
TI
STIM
T
SYNCT
T
TIM
SYN
TI
TII
TIM
TI
TIM
T
TIME
TIN
TIN
TIME_SYNI
TIME_S
T
T
SY
TIAAAPAAAAAAAAAAAAAAAAPAASAPP_CRC_FAIL exp=4020 got=473E seq=21 syncOff=1
TISYNC_NOT_FOUND f
TINT
SY
TI
T
TINTERLEAVESY
TIME_SYNCED utc=1785044319 offset=1785033578
INTERLEAVE_ON phases=56 cycle=84300s
APP_CRC_FAIL exp=4220 got=BA19 seq=52 syncOff=1
APP_CRC_FAIL exp=4220 got=BA19 seq=53 syncOff=1
APP_CRC_FAIL exp=4220 got=BA19 seq=54 syncOff=1
APP_CRC_FAIL exp=4220 got=BA19 seq=55 syncOff=1
T
TINTERLETIME_SYNCE
T
SYNTI
TIME_
SY
TIME_SYNINTE
SYNC_OFFSET phase=55 off=1 prev=-1
APP_CRC_FAIL exp=D020 got=C41B seq=0 syncOff=1
APP_CRC_FAIL exp=D020 got=C41B seq=1 syncOff=1
APP_CRC_FAIL exp=D020 got=C41B seq=2 syncOff=1
APP_CRC_FAIL exp=D020 got=C41B seq=3 syncOff=1
APP_CRC_FAIL exp=D020 got=C41B seq=4 syncOff=1
APP_CRC_FAIL exp=D020 got=C41B seq=5 syncOff=1
APP_CRC_FAIL exp=D020 got=C41B seq=6 syncOff=1
APP_CRC_FAIL exp=D020 got=C41B seq=7 syncOff=1
APP_CRC_FAIL exp=D020 got=C41B seq=8 syncOff=1
APP_CRC_FAIL exp=D020 got=C41B seq=9 syncOff=1
APP_CRC_FAIL exp=D020 got=C41B seq=10 syncOff=1
APP_CRC_FAIL exp=D020 got=C41B seq=11 syncOff=1
APP_CRC_FAIL exp=D020 got=C41B seq=12 syncOff=1
APP_CRC_FAIL exp=D020 got=C41B seq=13 syncOff=1
APP_CRC_FAIL exp=D020 got=C41B seq=14 syncOff=1
APP_CRC_FAIL exp=D020 got=C41B seq=15 syncOff=1
APP_CRC_FAIL exp=D020 got=C41B seq=16 syncOff=1
APP_CRC_FAIL exp=D020 got=C41B seq=17 syncOff=1
APP_CRC_FAIL exp=D020 got=C41B seq=18 syncOff=1
APP_CRC_FAIL exp=D020 got=C41B seq=19 syncOff=1
APP_CRC_FAIL exp=D020 got=C41B seq=20 syncOff=1
APP_CRC_FAIL exp=D020 got=C41B seq=21 syncOff=1
APP_CRC_FAIL exp=D020 got=C41B seq=22 syncOff=1
APP_CRC_FAIL exp=D020 got=C41B seq=23 syncOff=1
APP_CRC_FAIL exp=D020 got=C41B seq=24 syncOff=1
APP_CRC_FAIL exp=D020 got=C41B seq=25 syncOff=1
APP_CRC_FAIL exp=D020 got=C41B seq=26 syncOff=1
APP_CRC_FAIL exp=D020 got=C41B seq=27 syncOff=1
APP_CRC_FAIL exp=D020 got=C41B seq=28 syncOff=1
APP_CRC_FAIL exp=D020 got=C41B seq=29 syncOff=1
SYNC_NOT_FOUND first4=D01E4F5F
APP_CRC_FAIL exp=D020 got=C41B seq=30 syncOff=1
APP_CRC_FAIL exp=D020 got=C41B seq=31 syncOff=1
APP_CRC_FAIL exp=D020 got=C41B seq=32 syncOff=1
APP_CRC_FAIL exp=D020 got=C41B seq=33 syncOff=1
APP_CRC_FAIL exp=D020 got=C41B seq=34 syncOff=1
APP_CRC_FAIL exp=D020 got=C41B seq=35 syncOff=1
APP_CRC_FAIL exp=D020 got=C41B seq=36 syncOff=1
APP_CRC_FAIL exp=D020 got=C41B seq=37 syncOff=1
APP_CRC_FAIL exp=D020 got=C41B seq=38 syncOff=1
APP_CRC_FAIL exp=D020 got=C41B seq=39 syncOff=1
APP_CRC_FAIL exp=D020 got=C41B seq=40 syncOff=1
APP_CRC_FAIL exp=D020 got=C41B seq=41 syncOff=1
APP_CRC_FAIL exp=D020 got=C41B seq=42 syncOff=1
APP_CRC_FAIL exp=D020 got=C41B seq=43 syncOff=1
APP_CRC_FAIL exp=D020 got=C41B seq=44 syncOff=1
APP_CRC_FAIL exp=D020 got=C41B seq=45 syncOff=1
APP_CRC_FAIL exp=D020 got=C41B seq=46 syncOff=1
APP_CRC_FAIL exp=D020 got=C41B seq=47 syncOff=1
APP_CRC_FAIL exp=D020 got=C41B seq=48 syncOff=1
APP_CRC_FAIL exp=D020 got=C41B seq=49 syncOff=1
APP_CRC_FAIL exp=D020 got=C41B seq=50 syncOff=1
APP_CRC_FAIL exp=D020 got=C41B seq=51 syncOff=1
APP_CRC_FAIL exp=D020 got=C41B seq=52 syncOff=1
APP_CRC_FAIL exp=D020 got=C41B seq=53 syncOff=1
APP_CRC_FAIL exp=D000 got=C41B seq=54 syncOff=1
APP_CRC_FAIL exp=D020 got=C41B seq=55 syncOff=1
APP_CRC_FAIL exp=D020 got=C41B seq=56 syncOff=1
APP_CRC_FAIL exp=D020 got=C41B seq=57 syncOff=1
T
TI
T
TI
TIME_SYNCED utc=1785044455 offset=1785033577
T
T
AAPAPP_CAPP_AAPAPPAPP_APAPAPAPAPAPAPP_CRC_FAIL exp=D020 got=C41B seq=38 syncOff=1
TIME_SYNCINTERLE
TI
TI
IT
SYNC_NOT_FOUND first4=EECAD3C0
TINTERLEAVE_ON phases=56 cycle=88950s
TIN
S
SYN
TINTTITI
TIME_SYNCED utc=1785044571 offset=1785033577
TIM
TI
T
TI
TIME_SYINTERLE
TIME_SYNCED utc=1785044633 offset=1785033577
T
TIME_SYINTTI
TIME_S
TI
TIM
TI
T
S
TITI
SY
TI
SY
TI
INTERLEAVE_ON phases=56 cycle=92100s
TINTE
TISY
TI
TIM
TIME_SYNCED utc=1785044766 offset=1785033577
INTERLEAVE_ON phases=56 cycle=92850s
APP_CRC_FAIL exp=D020 got=C41B seq=40 syncOff=1
APP_CRC_FAIL exp=D020 got=C41B seq=41 syncOff=1
APP_CRC_FAIL exp=D020 got=C41B seq=42 syncOff=1
APP_CRC_FAIL exp=D020 got=C41B seq=43 syncOff=1
APP_CRC_FAIL exp=D020 got=C41B seq=44 syncOff=1
APP_CRC_FAIL exp=D020 got=C41B seq=45 syncOff=1
APP_CRC_FAIL exp=D020 got=C41B seq=46 syncOff=1
APP_CRC_FAIL exp=D020 got=C41B seq=47 syncOff=1
APP_CRC_FAIL exp=D020 got=C41B seq=48 syncOff=1
APP_CRC_FAIL exp=D020 got=C41B seq=49 syncOff=1
APP_CRC_FAIL exp=D020 got=C41B seq=50 syncOff=1
APP_CRC_FAIL exp=D020 got=C41B seq=51 syncOff=1
APP_CRC_FAIL exp=D020 got=C41B seq=52 syncOff=1
APP_CRC_FAIL exp=D020 got=C41B seq=53 syncOff=1
APP_CRC_FAIL exp=D020 got=C41B seq=54 syncOff=1
APP_CRC_FAIL exp=D020 got=C41B seq=55 syncOff=1
APP_CRC_FAIL exp=D020 got=C41B seq=56 syncOff=1
APP_CRC_FAIL exp=D020 got=C41B seq=57 syncOff=1
APP_CRC_FAIL exp=D020 got=C41B seq=58 syncOff=1
APP_CRC_FAIL exp=D020 got=C41B seq=59 syncOff=1
APP_CRC_FAIL exp=D020 got=C41B seq=60 syncOff=1
APP_CRC_FAIL exp=D020 got=C41B seq=61 syncOff=1
APP_CRC_FAIL exp=D020 got=C41B seq=62 syncOff=1
APP_CRC_FAIL exp=D020 got=C41B seq=63 syncOff=1
APP_CRC_FAIL exp=D020 got=C41B seq=64 syncOff=1
APP_CRC_FAIL exp=D020 got=C41B seq=65 syncOff=1
APP_CRC_FAIL exp=D020 got=C41B seq=66 syncOff=1
APP_CRC_FAIL exp=D020 got=C41B seq=67 syncOff=1
APP_CRC_FAIL exp=D020 got=C41B seq=68 syncOff=1
APP_CRC_FAIL exp=D020 got=C41B seq=69 syncOff=1
APP_CRC_FAIL exp=D020 got=C41B seq=70 syncOff=1
APP_CRC_FAIL exp=D020 got=C41B seq=71 syncOff=1
APP_CRC_FAIL exp=D020 got=C41B seq=72 syncOff=1
APP_CRC_FAIL exp=D020 got=C41B seq=73 syncOff=1
APP_CRC_FAIL exp=D020 got=C41B seq=74 syncOff=1
TINTERL
TINTERLEAVE_ON phasesTI
TI
TIN
STI
TIME_SYNCED utc=1785044841 offset=1785033577
INTERLEAVE_ON phases=56 cycle=94500s
SYNC_OFFSET phase=55 off=1 prev=-1
APP_CRC_FAIL exp=D020 got=C41B seq=0 syncOff=1
APP_CRC_FAIL exp=D020 got=C41B seq=1 syncOff=1
APP_CRC_FAIL exp=D020 got=C41B seq=2 syncOff=1
APP_CRC_FAIL exp=D020 got=C41B seq=3 syncOff=1
APP_CRC_FAIL exp=D020 got=C41B seq=4 syncOff=1
APP_CRC_FAIL exp=D020 got=C41B seq=5 syncOff=1
APP_CRC_FAIL exp=D020 got=C41B seq=6 syncOff=1
APP_CRC_FAIL exp=D020 got=C41B seq=7 syncOff=1
APP_CRC_FAIL exp=D020 got=C41B seq=8 syncOff=1
APP_CRC_FAIL exp=D020 got=C41B seq=9 syncOff=1
APP_CRC_FAIL exp=D020 got=C41B seq=10 syncOff=1
APP_CRC_FAIL exp=D020 got=C41B seq=11 syncOff=1
APP_CRC_FAIL exp=D020 got=C41B seq=12 syncOff=1
APP_CRC_FAIL exp=D020 got=C41B seq=13 syncOff=1
APP_CRC_FAIL exp=D020 got=C41B seq=14 syncOff=1
APP_CRC_FAIL exp=D020 got=C41B seq=15 syncOff=1
APP_CRC_FAIL exp=D020 got=C41B seq=16 syncOff=1
APP_CRC_FAIL exp=D020 got=C41B seq=17 syncOff=1
APP_CRC_FAIL exp=D020 got=C41B seq=18 syncOff=1
APP_CRC_FAIL exp=D020 got=C41B seq=19 syncOff=1
APP_CRC_FAIL exp=D020 got=C41B seq=20 syncOff=1
APP_CRC_FAIL exp=D020 got=C41B seq=21 syncOff=1
APP_CRC_FAIL exp=D020 got=C41B seq=22 syncOff=1
APP_CRC_FAIL exp=D020 got=C41B seq=23 syncOff=1
APP_CRC_FAIL exp=D020 got=C41B seq=24 syncOff=1
APP_CRC_FAIL exp=D020 got=C41B seq=25 syncOff=1
APP_CRC_FAIL exp=D020 got=C41B seq=26 syncOff=1
APP_CRC_FAIL exp=D020 got=C41B seq=27 syncOff=1
APP_CRC_FAIL exp=D020 got=C41B seq=28 syncOff=1
APP_CRC_FAIL exp=D020 got=C41B seq=29 syncOff=1
APP_CRC_FAIL exp=D020 got=C41B seq=30 syncOff=1
APP_CRC_FAIL exp=D020 got=C41B seq=31 syncOff=1
APP_CRC_FAIL exp=D020 got=C41B seq=32 syncOff=1
APP_CRC_FAIL exp=D020 got=C41B seq=33 syncOff=1
APP_CRC_FAIL exp=D020 got=C41B seq=34 syncOff=1
APP_CRC_FAIL exp=D020 got=C41B seq=35 syncOff=1
APP_CRC_FAIL exp=D020 got=C41B seq=36 syncOff=1
APP_CRC_FAIL exp=D020 got=C41B seq=37 syncOff=1
APP_CRC_FAIL exp=D020 got=C41B seq=38 syncOff=1
APP_CRC_FAIL exp=D020 got=C41B seq=39 syncOff=1
APP_CRC_FAIL exp=D020 got=C41B seq=40 syncOff=1
APP_CRC_FAIL exp=D020 got=C41B seq=41 syncOff=1
APP_CRC_FAIL exp=D020 got=C41B seq=42 syncOff=1
APP_CRC_FAIL exp=D020 got=C41B seq=43 syncOff=1
SYNC_NOT_FOUND first4=D04F43C6
APP_CRC_FAIL exp=D020 got=C41B seq=44 syncOff=1
TIMI
TISY
TINS
I
SY
TIME_SYNCED utc=1785044876 offset=1785033577
TINTERLET
TIME_SYNCED utc=1785044889 offset=1785033578
T
TINSY
TIM
TIME_SIN
TI
TTIME_SYNCED
TIME_SYNCED utc=178504493
TI
TI
TIME
TIME
TI
TITI
TT
SYNC_OFFSET phase=55 off=1 prev=-1
APP_CRC_FAIL exp=D020 got=C41B seq=0 syncOff=1
APP_CRC_FAIL exp=D020 got=C41B seq=1 syncOff=1
APP_CRC_FAIL exp=D020 got=C41B seq=2 syncOff=1
APP_CRC_FAIL exp=D020 got=C41B seq=3 syncOff=1
APP_CRC_FAIL exp=D020 got=C41B seq=4 syncOff=1
APP_CRC_FAIL exp=D020 got=C41B seq=5 syncOff=1
APP_CRC_FAIL exp=D020 got=C41B seq=6 syncOff=1
APP_CRC_FAIL exp=D020 got=C41B seq=7 syncOff=1
APP_CRC_FAIL exp=D020 got=C41B seq=8 syncOff=1
APP_CRC_FAIL exp=D020 got=C41B seq=9 syncOff=1
APP_CRC_FAIL exp=D020 got=C41B seq=10 syncOff=1
APP_CRC_FAIL exp=D020 got=C41B seq=11 syncOff=1
APP_CRC_FAIL exp=D020 got=C41B seq=12 syncOff=1
APP_CRC_FAIL exp=D020 got=C41B seq=13 syncOff=1
APP_CRC_FAIL exp=D020 got=C41B seq=14 syncOff=1
APP_CRC_FAIL exp=D020 got=C41B seq=15 syncOff=1
APP_CRC_FAIL exp=D020 got=C41B seq=16 syncOff=1
APP_CRC_FAIL exp=D020 got=C41B seq=17 syncOff=1
APP_CRC_FAIL exp=D020 got=C41B seq=18 syncOff=1
APP_CRC_FAIL exp=D020 got=C41B seq=19 syncOff=1
APP_CRC_FAIL exp=D020 got=C41B seq=20 syncOff=1
APP_CRC_FAIL exp=D020 got=C41B seq=21 syncOff=1
APP_CRC_FAIL exp=D020 got=C41B seq=22 syncOff=1
APP_CRC_FAIL exp=D020 got=C41B seq=23 syncOff=1
APP_CRC_FAIL exp=D020 got=C41B seq=24 syncOff=1
APP_CRC_FAIL exp=D020 got=C41B seq=25 syncOff=1
APP_CRC_FAIL exp=D020 got=C41B seq=26 syncOff=1
APP_CRC_FAIL exp=D020 got=C41B seq=27 syncOff=1
APP_CRC_FAIL exp=D020 got=C41B seq=28 syncOff=1
APP_CRC_FAIL exp=D020 got=C41B seq=29 syncOff=1
APP_CRC_FAIL exp=D020 got=C41B seq=30 syncOff=1
APP_CRC_FAIL exp=D020 got=C41B seq=31 syncOff=1
APP_CRC_FAIL exp=D020 got=C41B seq=32 syncOff=1
APP_CRC_FAIL exp=D020 got=C41B seq=33 syncOff=1
APP_CRC_FAIL exp=D000 got=C41B seq=34 syncOff=1
APP_CRC_FAIL exp=D020 got=C41B seq=35 syncOff=1
APP_CRC_FAIL exp=D020 got=C41B seq=36 syncOff=1
APP_CRC_FAIL exp=D020 got=C41B seq=37 syncOff=1
APP_CRC_FAIL exp=D020 got=C41B seq=38 syncOff=1
APP_CRC_FAIL exp=D020 got=C41B seq=39 syncOff=1
APP_CRC_FAIL exp=D020 got=C41B seq=40 syncOff=1
APP_CRC_FAIL exp=D020 got=C41B seq=41 syncOff=1
APP_CRC_FAIL exp=D020 got=C41B seq=42 syncOff=1
APP_CRC_FAIL exp=D020 got=C41B seq=43 syncOff=1
APP_CRC_FAIL exp=D020 got=C41B seq=44 syncOff=1
APP_CRC_FAIL exp=D020 got=C41B seq=45 syncOff=1
APP_CRC_FAIL exp=D020 got=C41B seq=46 syncOff=1
APP_CRC_FAIL exp=D020 got=C41B seq=47 syncOff=1
APP_CRC_FAIL exp=D020 got=C41B seq=48 syncOff=1
APP_CRC_FAIL exp=D020 got=C41B seq=49 syncOff=1
APP_CRC_FAIL exp=D020 got=C41B seq=50 syncOff=1
APP_CRC_FAIL exp=D020 got=C41B seq=51 syncOff=1
APP_CRC_FAIL exp=D020 got=C41B seq=52 syncOff=1
APP_CRC_FAIL exp=D020 got=C41B seq=53 syncOff=1
APP_CRC_FAIL exp=D020 got=C41B seq=54 syncOff=1
APP_CRC_FAIL exp=D020 got=C41B seq=55 syncOff=1
APP_CRC_FAIL exp=D020 got=C41B seq=56 syncOff=1
APP_CRC_FAIL exp=D020 got=C41B seq=57 syncOff=1
I
TTIM
TIN
TIME_SYNCIN
T
S
TIME
I
T
TIME_SYNCED utINTERLT
TI
SY
TI
T
TI
TI
TIME_SYNCED utc=1785045143 offset=1785033577
INTERLEAVE_ON phases=56 cycle=99900s
APP_CRC_FAIL exp=D0D0 got=C41B seq=61 syncOff=0
APP_CRC_FAIL exp=D0D0 got=C41B seq=62 syncOff=0
APP_CRC_FAIL exp=D0D0 got=C41B seq=63 syncOff=0
APP_CRC_FAIL exp=D0D0 got=C41B seq=64 syncOff=0
APP_CRC_FAIL exp=D0D0 got=C41B seq=65 syncOff=0
APP_CRC_FAIL exp=D0D0 got=C41B seq=66 syncOff=0
APP_CRC_FAIL exp=D0D0 got=C41B seq=67 syncOff=0
APP_CRC_FAIL exp=D0D0 got=C41B seq=68 syncOff=0
APP_CRC_FAIL exp=D0D0 got=C41B seq=69 syncOff=0
TIN
SYN
TIME_SYN
TII
TIME_SYNINTERLSTI
SSTIME_SYNCE
SYNTIS
I
TI
TI
TIME_I
TI
TINTERLEAVE_ON phases=56 cycle=102450s
TI
TI
TI
SYNC_NOTI
TI
TIME_SYNCINTERL
TIME_SY
TI
T
TIT
TSYT
TINTERLSYNC
T
TIM
I
TIMI
S
T
T
TISY
TI
TIMI
TIM
TIME_SY
TIME_SYNCED uINTE
ITIME
SY
TIN
TTI
TI
TI
TI
TIME_SYNCED utc=1785045564 offset=1785033577
I
TI
T
T
I
TI
TIME_SYNINTERLEAV
TIN
TI
TIME_SYNCINT
TI
SYTST
TIME_T
T
SYTSY
TI
TIME_S
TI
TI
TIINTERLTIME
TIM
TI
TI
TI
TIME
TITIM
SSTIME
TI
S
TIME_SYNINTERLE
TIME_SYNCEINTET
I
SYNC_NOSYN
SYNSY
S
STISYNC_NOTI
TIME_ITI
T
TI
T
TIM
TISYNC_NOT_FS
TIME_DIFTITIME_TIMETIME_DTITIME_DIFF gps_utc=1785045822 laptop_utc=1785045823 offset=-1
TI
TI
TI
T
TI
TIME_SYNCED utc=1785045893 offset=1785033577
INTERLEAVE_ON phases=56 cycle=114150s
APP_CRC_FAIL exp=C0C0 got=A4FE seq=61 syncOff=0
APP_CRC_FAIL exp=C0C0 got=A4FE seq=62 syncOff=0
APP_CRC_FAIL exp=C0C0 got=A4FE seq=63 syncOff=0
APP_CRC_FAIL exp=C0C0 got=A4FE seq=64 syncOff=0
APP_CRC_FAIL exp=C0C0 got=A4FE seq=65 syncOff=0
APP_CRC_FAIL exp=C0C0 got=A4FE seq=66 syncOff=0
APP_CRC_FAIL exp=C0C0 got=A4FE seq=67 syncOff=0
APP_CRC_FAIL exp=C0C0 got=A4FE seq=68 syncOff=0
APP_CRC_FAIL exp=C0C0 got=A4FE seq=69 syncOff=0
APP_CRC_FAIL exp=C0C0 got=A4FE seq=70 syncOff=0
APP_CRC_FAIL exp=C0C0 got=A4FE seq=71 syncOff=0
APP_CRC_FAIL exp=C0C0 got=A4FE seq=72 syncOff=0
APP_CRC_FAIL exp=C0C0 got=A4FE seq=73 syncOff=0
APP_CRC_FAIL exp=C0C0 got=A4FE seq=74 syncOff=0
SYNC_NOT_FOUND first4=57F0F3D5
APP_CRC_FAIL exp=4242 got=BA19 seq=0 syncOff=0
APP_CRC_FAIL exp=4242 got=BA19 seq=1 syncOff=0
APP_CRC_FAIL exp=4242 got=BA19 seq=2 syncOff=0
APP_CRC_FAIL exp=4242 got=BA19 seq=3 syncOff=0
SYNC_OFFSET phase=55 off=12 prev=0
APP_CRC_FAIL exp=0000 got=4862 seq=4 syncOff=12
SYNC_OFFSET phase=55 off=1 prev=12
APP_CRC_FAIL exp=4200 got=BA19 seq=5 syncOff=1
APP_CRC_FAIL exp=4220 got=BA19 seq=6 syncOff=1
APP_CRC_FAIL exp=4220 got=BA19 seq=7 syncOff=1
APP_CRC_FAIL exp=4220 got=BA19 seq=8 syncOff=1
APP_CRC_FAIL exp=4220 got=BA19 seq=9 syncOff=1
APP_CRC_FAIL exp=4220 got=BA19 seq=10 syncOff=1
APP_CRC_FAIL exp=4220 got=BA19 seq=11 syncOff=1
SYNC_NOT_FOUND first4=420BC340
APP_CRC_FAIL exp=4220 got=BA19 seq=12 syncOff=1
APP_CRC_FAIL exp=4220 got=BA19 seq=13 syncOff=1
APP_CRC_FAIL exp=4220 got=BA19 seq=14 syncOff=1
APP_CRC_FAIL exp=4220 got=BA19 seq=15 syncOff=1
APP_CRC_FAIL exp=4220 got=BA19 seq=16 syncOff=1
APP_CRC_FAIL exp=4220 got=BA19 seq=17 syncOff=1
APP_CRC_FAIL exp=4220 got=BA19 seq=18 syncOff=1
APP_CRC_FAIL exp=4220 got=BA19 seq=19 syncOff=1
APP_CRC_FAIL exp=4220 got=BA19 seq=20 syncOff=1
APP_CRC_FAIL exp=4220 got=BA19 seq=21 syncOff=1
APP_CRC_FAIL exp=4220 got=BA19 seq=22 syncOff=1
APP_CRC_FAIL exp=4220 got=BA19 seq=23 syncOff=1
APP_CRC_FAIL exp=4220 got=BA19 seq=24 syncOff=1
APP_CRC_FAIL exp=4220 got=BA19 seq=25 syncOff=1
APP_CRC_FAIL exp=4220 got=BA19 seq=26 syncOff=1
APP_CRC_FAIL exp=4220 got=BA19 seq=27 syncOff=1
APP_CRC_FAIL exp=4220 got=BA19 seq=28 syncOff=1
APP_CRC_FAIL exp=4220 got=BA19 seq=29 syncOff=1
TII
SY
TIN
TIME_SYNCED INTERL
TI
TI
TINSY
T
TIM
TI
TIM
TTIME_SYNCED utc=1785046001 offset=1785033577
TINTI
TINTSYN
TI
TI
T
SY
TI
TIN
SYT
TI
T
TIME_SYNCED utc=1785046139 offset=1785033577
INTERLEAVE_ON phases=56 cycle=118800s
TIME_I
TI
TI
T
TI
TS
T
I
T
TIME_SYINTE
SSY
TINTERLEAV
T
TIM
TIM
TI
TII
TI
T
TIME_SYINTETI
T
ST
TIM
TI
TINTTIM
TIME
TI
SY
T
TI
TI
TIME_I
S
T
TIME
SYT
TISYN
TIMTI
S
TII
TIME_SINTERLEAVE_ON phases=
SYNC
S
TINTERLE
TIME
STI
TI
TIMEINTERLAPP_CRCAPP_
TI
TI
TINTERLT
TIME
TI
TI
TI
TIM
TITIM
TIN
TI
TINTERLETIM
TIME_SYNCED utc=1785046495 offset=1785033577
INTERLEAVE_ON phases=56 cycle=124500s
APP_CRC_FAIL exp=4020 got=473E seq=49 syncOff=1
APP_CRC_FAIL exp=4020 got=473E seq=50 syncOff=1
APP_CRC_FAIL exp=4020 got=473E seq=51 syncOff=1
APP_CRC_FAIL exp=4020 got=473E seq=52 syncOff=1
APP_CRC_FAIL exp=4020 got=473E seq=53 syncOff=1
SYNC_NOT_FOUND first4=4041A3E0
APP_CRC_FAIL exp=4020 got=473E seq=54 syncOff=1
APP_CRC_FAIL exp=4020 got=473E seq=55 syncOff=1
APP_CRC_FAIL exp=4020 got=473E seq=56 syncOff=1
APP_CRC_FAIL exp=4020 got=473E seq=57 syncOff=1
APP_CRC_FAIL exp=4020 got=473E seq=58 syncOff=1
APP_CRC_FAIL exp=4020 got=473E seq=59 syncOff=1
APP_CRC_FAIL exp=4020 got=473E seq=60 syncOff=1
APP_CRC_FAIL exp=4020 got=473E seq=61 syncOff=1
APP_CRC_FAIL exp=4020 got=473E seq=62 syncOff=1
APP_CRC_FAIL exp=4020 got=473E seq=63 syncOff=1
APP_CRC_FAIL exp=4020 got=473E seq=64 syncOff=1
APP_CRC_FAIL exp=4020 got=473E seq=65 syncOff=1
APP_CRC_FAIL exp=4020 got=473E seq=66 syncOff=1
APP_CRC_FAIL exp=4020 got=473E seq=67 syncOff=1
APP_CRC_FAIL exp=4020 got=473E seq=68 syncOff=1
APP_CRC_FAIL exp=4020 got=473E seq=69 syncOff=1
APP_CRC_FAIL exp=4020 got=473E seq=70 syncOff=1
APP_CRC_FAIL exp=4020 got=473E seq=71 syncOff=1
APP_CRC_FAIL exp=4020 got=473E seq=72 syncOff=1
APP_CRC_FAIL exp=4020 got=473E seq=73 syncOff=1
APP_CRC_FAIL exp=4020 got=473E seq=74 syncOff=1
TINSYS
TI
TIME_SYNCED utc=1785046525 offset=1785033577
TIME_
T
T
TIME_SYNCED utc=1785046538 offset=1785033576
SY
TISYNTIM
TIME_S
TINTIM
SYTISYNC_NO
TIME_INTERL
TISY
I
TIN
T
TIN
I
SSY
T
TIME
TI
T
T
TIME_SYNINTERLE
T
TI
TI
TI
SYTI
T
SYS
TIME_SYNCED utc=1785046732 offset=1785033576
TI
T
TI
TIME_SYINTERLEAVTI
T
SYTISY
TIAAAAAAAAAAAAPP_CRC_FAIL exp=B020 got=B06D seq=32 syncOff=1
APP_CRC_FAIL exp=6720 got=67AF seq=33 syncOff=1
TI
TINSYNTIMS
TI
TS
TIME_SYNCED utc=1785046832 offset=1785033577
TI
TI
TINT
TIN
TI
TINTI
TI
TTI
STI
S
TIME_
TIME_
TI
TIM
TIME_S
TIM
TI
SY
T
TIME_SYNCEINTETI
TINTI
TINTI
TIN
T
TIME_SYNTI
TIM
T
TIMSYNC
TIN
TI
TI
TINT
TIME_SYNCED utc=1785047095 offset=1785033576
INTERLEAVE_ON phases=56 cycle=134700s
APP_CRC_FAIL exp=9520 got=13EF seq=0 syncOff=1
APP_CRC_FAIL exp=9520 got=13EF seq=1 syncOff=1
APP_CRC_FAIL exp=9520 got=13EF seq=2 syncOff=1
APP_CRC_FAIL exp=9520 got=13EF seq=3 syncOff=1
SYNC_NOT_FOUND first4=95011CBB
APP_CRC_FAIL exp=9520 got=13EF seq=5 syncOff=1
APP_CRC_FAIL exp=9520 got=13EF seq=6 syncOff=1
APP_CRC_FAIL exp=9520 got=13EF seq=7 syncOff=1
APP_CRC_FAIL exp=9520 got=13EF seq=8 syncOff=1
APP_CRC_FAIL exp=9520 got=13EF seq=9 syncOff=1
APP_CRC_FAIL exp=9520 got=13EF seq=10 syncOff=1
APP_CRC_FAIL exp=9520 got=13EF seq=11 syncOff=1
APP_CRC_FAIL exp=9520 got=13EF seq=12 syncOff=1
APP_CRC_FAIL exp=9520 got=13EF seq=13 syncOff=1
APP_CRC_FAIL exp=9520 got=13EF seq=14 syncOff=1
APP_CRC_FAIL exp=9520 got=13EF seq=15 syncOff=1
APP_CRC_FAIL exp=9520 got=13EF seq=16 syncOff=1
APP_CRC_FAIL exp=9520 got=13EF seq=17 syncOff=1
APP_CRC_FAIL exp=9520 got=13EF seq=18 syncOff=1
APP_CRC_FAIL exp=9520 got=13EF seq=19 syncOff=1
APP_CRC_FAIL exp=9520 got=13EF seq=20 syncOff=1
APP_CRC_FAIL exp=9520 got=13EF seq=21 syncOff=1
APP_CRC_FAIL exp=9520 got=13EF seq=22 syncOff=1
APP_CRC_FAIL exp=9520 got=13EF seq=23 syncOff=1
APP_CRC_FAIL exp=9520 got=13EF seq=24 syncOff=1
APP_CRC_FAIL exp=9520 got=13EF seq=25 syncOff=1
APP_CRC_FAIL exp=9520 got=13EF seq=26 syncOff=1
APP_CRC_FAIL exp=9520 got=13EF seq=27 syncOff=1
TIM
TIME_SYINT
TI
TIME_I
TIME_
TIN
TIM
TI
T
SY
TI
TINTER
TI
TI
TIME_SYNCED uIN
TSYNC
TIME_SYNCED utc=1785047271 offset=1785033576
IT
I
INS
ATIME_SINAAPPAPAAPP_C
TIME_INTERLEA
TIISY
S
TIME_SYNCED utc=1785047419 offset=1785033577
I
SY
TIME_SYNCED utc=1785047439 offset=1785033577
T
TIME_SYNCED utc=1785047445 offset=1785033577
S
SYNC_NT
T
TIM
SY
TIN
TINT
TI
TI
TIME_SYNCTI
TI
TIME_SYNCED utc=1785047546 offset=1785033576
INTERLEAVE_ON phases=56 cycle=143550s
APP_CRC_FAIL exp=9520 got=13EF seq=22 syncOff=1
APP_CRC_FAIL exp=9520 got=13EF seq=23 syncOff=1
APP_CRC_FAIL exp=9520 got=13EF seq=24 syncOff=1
APP_CRC_FAIL exp=9520 got=13EF seq=25 syncOff=1
APP_CRC_FAIL exp=9520 got=13EF seq=26 syncOff=1
APP_CRC_FAIL exp=9520 got=13EF seq=27 syncOff=1
APP_CRC_FAIL exp=9520 got=13EF seq=28 syncOff=1
APP_CRC_FAIL exp=9520 got=13EF seq=29 syncOff=1
APP_CRC_FAIL exp=9520 got=13EF seq=30 syncOff=1
APP_CRC_FAIL exp=9520 got=13EF seq=31 syncOff=1
APP_CRC_FAIL exp=9520 got=13EF seq=32 syncOff=1
APP_CRC_FAIL exp=9520 got=13EF seq=33 syncOff=1
APP_CRC_FAIL exp=9520 got=13EF seq=34 syncOff=1
APP_CRC_FAIL exp=9520 got=13EF seq=35 syncOff=1
APP_CRC_FAIL exp=9520 got=13EF seq=36 syncOff=1
SYNC_NOT_FOUND first4=9551B4D9
APP_CRC_FAIL exp=9500 got=13EF seq=37 syncOff=1
APP_CRC_FAIL exp=9520 got=13EF seq=38 syncOff=1
APP_CRC_FAIL exp=9520 got=13EF seq=39 syncOff=1
APP_CRC_FAIL exp=9520 got=13EF seq=40 syncOff=1
APP_CRC_FAIL exp=9520 got=13EF seq=41 syncOff=1
APP_CRC_FAIL exp=9520 got=13EF seq=42 syncOff=1
APP_CRC_FAIL exp=9520 got=13EF seq=43 syncOff=1
APP_CRC_FAIL exp=9520 got=13EF seq=44 syncOff=1
APP_CRC_FAIL exp=9520 got=13EF seq=45 syncOff=1
APP_CRC_FAIL exp=9520 got=13EF seq=46 syncOff=1
APP_CRC_FAIL exp=9520 got=13EF seq=47 syncOff=1
APP_CRC_FAIL exp=9520 got=13EF seq=48 syncOff=1
APP_CRC_FAIL exp=9520 got=13EF seq=49 syncOff=1
APP_CRC_FAIL exp=9520 got=13EF seq=50 syncOff=1
APP_CRC_FAIL exp=9520 got=13EF seq=51 syncOff=1
APP_CRC_FAIL exp=9520 got=13EF seq=52 syncOff=1
APP_CRC_FAIL exp=9520 got=13EF seq=53 syncOff=1
APP_CRC_FAIL exp=9520 got=13EF seq=54 syncOff=1
APP_CRC_FAIL exp=9520 got=13EF seq=55 syncOff=1
APP_CRC_FAIL exp=9520 got=13EF seq=56 syncOff=1
APP_CRC_FAIL exp=9520 got=13EF seq=57 syncOff=1
APP_CRC_FAIL exp=9520 got=13EF seq=58 syncOff=1
APP_CRC_FAIL exp=9520 got=13EF seq=59 syncOff=1
APP_CRC_FAIL exp=9520 got=13EF seq=60 syncOff=1
APP_CRC_FAIL exp=9520 got=13EF seq=61 syncOff=1
APP_CRC_FAIL exp=9520 got=13EF seq=62 syncOff=1
APP_CRC_FAIL exp=9520 got=13EF seq=63 syncOff=1
APP_CRC_FAIL exp=9520 got=13EF seq=64 syncOff=1
APP_CRC_FAIL exp=9520 got=13EF seq=65 syncOff=1
TINTET
SYNSYTSYNC_NSSYNC_SYNC_NOT_FOSYSYSYSYSYNSYN
T
T
TIME_SYNCI
TIM
TIM
TTI
TIME_S
TI
T
TIME_SYNINTERLT
TI
TIME_SYNINTE
T
TIME_SYNINTER
TIMEI
TINSYSY
SY
TSYNC_NOT_FOUND first4=5013EC7E
TI
TI
TIME_S
TIME_
TI
TI
T
TIN
TIN
I
T
TITIME_SYN
TINTIME_SYNCED utc=1785047833 offset=1785033576
T
TIME_SYNCED utc=1785047847 offset=1785033576
INTERLEAVE_ON phases=56 cycle=148800s
APP_CRC_FAIL exp=9520 got=13EF seq=73 syncOff=1
APP_CRC_FAIL exp=9520 got=13EF seq=74 syncOff=1
TIME_SYNISY
S
T
T
TINTERLEAVE_ON phases=56 cycle=149700s
TIT
TIN
TIME_SYNCED INTERLEAVE_T
TI
TIM
TIM
T
ST
TIME_SYNCED utc=1785048002 offset=178503SYN
SY
TINSSSYN
TITISY
T
TI
TIS
TIME_STIM
TISYN
TI
I
TI
TIME_SYNCED utc=1785048080 offset=1785033577
TI
T
T
T
TI
TIME
TI
TIN
TITI
SYT
TI
TIME
T
SYNC_NOT
TIME_SYNINTESY
T
TIM
TIME_SYNINTI
TI
TI
TIME_SYNC
S
ISYNC_NOT_FOUN
TI
TI
TIN
TINTTI
TI
TI
T
TIME
TITI
TI
TIM
TII
TIN
TIME_SITSYSY
TI
TITIME_SYNCED utc=1785048330 offset=1785033576
T
TI
TI
T
TIM
SYNC_NOT_FOUND first4=E5ABD656
TIME_SYNINTE
TI
TIME_I
TIN
S
SY
T
TINSYNC_N
TIM
TIME_SYNINTERLT
TIME_INTERTIME
TI
TI
TIM
TIME_I
TIME_SYNINTERL
TIME_SYIN
A
TISYSYSYTISYS
TI
TIME_SYNCED IN
TI
TIME_SYNCEDI
TIN
TI
T
TIINT
TI
S
TSY
TI
SYS
TINTERLTI
STI
SY
TI
TIISYNC_NSYT
TIME_SYINTERLEAV
TIME_S
TI
TIME_SYNCEINTE
TIN
TINTI
T
TIME_SYNCED utc=1785048844 offset=1785033576
T
T
T
TI
TI
SYTI
TIST
SYNC_NOT_FOUND first4=B9B4F9A3
TIME_SYS
TIME
TINTER
S
TIMEINTERL
TISY
TIM
IAPAAAAPP_CRC_FAIL exp=D020 got=C41B seq=36 syncOff=1
TIME_SYNCED INTERLTI
TI
T
TIME_SYNCED utc=1785048983 offset=1785033576
TIME_SYNCED utc=1785048987 offset=1785033576
T
TI
TSY
TIME_SYNCED utc=1785049023 offset=1785033576
INTERLEAVE_ON phases=56 cycle=170700s
TI
TIMSYN
TI
SY
TIME_SYINTE
TIME_SYINTETISYNC_NOT
TINTIME
TI
TI
TIINTIME_SYNCED utc=1785049095 offset=1785033576
TIME
TIN
IN
TIM
SY
TINTERLTI
TI
TINTIME_
SYN
TIM
TIME
TISYNC
INTERLEAVE_ON phases=56 cycle=174900s
TIMINTERLSYTI
TIM
TIME_S
INTERLEAVE_ON phases=56 cycle=175950s
TIME_SYNCED utc=1785049276 offset=1785033576
TIME_SYNCED utc=178
TIME
TIME
TI
T
TI
T
TI
TI
TIAPP_APP_CRC_FAIL exp=4020 got=473E seq=43 syncOff=1
AAAAPP_CRC_FAIL exp=4020 got=473E seq=47 syncOff=1
APP_CRC_FAIL exp=4020 got=473E seq=48 syncOff=1
AAPP_CRC_FAIL exp=4020 got=473E seq=55 syncOff=1
AAPP_CRC_FAIL exp=4020 got=473E seq=58 syncOff=1
TI
TSYNC_NO
TIN
STIMTIME
TIM
TIN
TIN
TIME
SY
TIM
TIME_SYNIN
TIT
TIM
TIM
TI
T
TIME_SYNCED utc=1785049445 offset=1785033576
TI
SYNCTIM
TISYN
TI
T
SYTIME
TIME_SYN
TIINTERLETI
TISYSYSY
TIISYNC_NOT_FOUND first4=12D3DA94
TIME_INTERLET
TINT
T
TIM
TTIM
TI
TIN
SYN
TTI
TIME_SYNCED utc=1785049616 offset=1785033576
SY
TIME_SYNCED utc=1785049648 offset=1785033576
INTERLEAVE_ON phases=56 cycle=182250s
APP_CRC_FAIL exp=4B20 got=4B46 seq=9 syncOff=1
SYNC_NOT_FOUND first4=466B6E6F
SYNC_OFFSET phase=55 off=0 prev=1
TIME_DIFF gps_utc=1785049648 laptop_utc=1785049648 offset=0
TIME_DIFF gps_utc=1785049648 laptop_utc=1785049648 offset=0
TIME_DIFF gps_utc=1785049648 laptop_utc=1785049648 offset=0
SYNC_NOT_FOUND first4=54206A04
TIME_DIFF gps_utc=1785049648 laptop_utc=1785049648 offset=0
TIME_DIFF gps_utc=1785049648 laptop_utc=1785049648 offset=0
TIME_DIFF gps_utc=1785049648 laptop_utc=1785049648 offset=0
TIME_DIFF gps_utc=1785049648 laptop_utc=1785049648 offset=0
TIME_DIFF gps_utc=1785049648 laptop_utc=1785049648 offset=0
TIME_DIFF gps_utc=1785049648 laptop_utc=1785049648 offset=0
TIME_DIFF gps_utc=1785049648 laptop_utc=1785049648 offset=0
TIME_DIFF gps_utc=1785049648 laptop_utc=1785049648 offset=0
TIME_DIFF gps_utc=1785049648 laptop_utc=1785049648 offset=0
TIME_DIFF gps_utc=1785049648 laptop_utc=1785049648 offset=0
TIME_DIFF gps_utc=1785049648 laptop_utc=1785049648 offset=0
TIME_DIFF gps_utc=1785049648 laptop_utc=1785049648 offset=0
TIME_DIFF gps_utc=1785049648 laptop_utc=1785049648 offset=0
TIME_DIFF gps_utc=1785049648 laptop_utc=1785049648 offset=0
TIME_DIFF gps_utc=1785049648 laptop_utc=1785049648 offset=0
TIME_DIFF gps_utc=1785049648 laptop_utc=1785049648 offset=0
TIME_DIFF gps_utc=1785049648 laptop_utc=1785049648 offset=0
TIME_DIFF gps_utc=1785049648 laptop_utc=1785049648 offset=0
TIME_DIFF gps_utc=1785049648 laptop_utc=1785049648 offset=0
TIME_DIFF gps_utc=1785049648 laptop_utc=1785049648 offset=0
TIME_DIFF gps_utc=1785049648 laptop_utc=1785049648 offset=0
TIME_DIFF gps_utc=1785049648 laptop_utc=1785049648 offset=0
TIME_DIFF gps_utc=1785049648 laptop_utc=1785049648 offset=0
TIME_DIFF gps_utc=1785049648 laptop_utc=1785049648 offset=0
TIME_DIFF gps_utc=1785049648 laptop_utc=1785049648 offset=0
SYSYNCS
T
T
TTIME_SYNCED utc=1785049712 offset=1785033576
S
T
TI
TI
T
T
T
TIMEINTE
TINTERL
SY
TTIM
TIME_SYNCED utc=1785049797 offset=1785033576
INTERLEAVE_ON phases=56 cycle=184800s
APP_CRC_FAIL exp=9595 got=13EF seq=66 syncOff=0
APP_CRC_FAIL exp=9595 got=13EF seq=67 syncOff=0
APP_CRC_FAIL exp=9595 got=13EF seq=68 syncOff=0
APP_CRC_FAIL exp=9595 got=13EF seq=69 syncOff=0
APP_CRC_FAIL exp=9595 got=13EF seq=70 syncOff=0
APP_CRC_FAIL exp=9595 got=13EF seq=71 syncOff=0
APP_CRC_FAIL exp=9595 got=13EF seq=72 syncOff=0
APP_CRC_FAIL exp=9595 got=13EF seq=73 syncOff=0
APP_CRC_FAIL exp=9595 got=13EF seq=74 syncOff=0
TIME_DIFF gps_utc=1785049798 laptop_utc=1785049798 offset=0
TIME_DIFF gps_utc=1785049798 laptop_utc=1785049798 offset=0
TIME_DIFF gps_utc=1785049798 laptop_utc=1785049798 offset=0
TIME_DIFF gps_utc=1785049798 laptop_utc=1785049798 offset=0
TIME_DIFF gps_utc=1785049798 laptop_utc=1785049798 offset=0
TIME_DIFF gps_utc=1785049798 laptop_utc=1785049798 offset=0
TIME_DIFF gps_utc=1785049798 laptop_utc=1785049798 offset=0
TIME_DIFF gps_utc=1785049798 laptop_utc=1785049798 offset=0
TIME_DIFF gps_utc=1785049798 laptop_utc=1785049798 offset=0
TIME_DIFF gps_utc=1785049798 laptop_utc=1785049798 offset=0
TIME_DIFF gps_utc=1785049798 laptop_utc=1785049798 offset=0
TIME_DIFF gps_utc=1785049798 laptop_utc=1785049798 offset=0
TIME_DIFF gps_utc=1785049798 laptop_utc=1785049798 offset=0
TIME_DIFF gps_utc=1785049798 laptop_utc=1785049798 offset=0
TIME_DIFF gps_utc=1785049798 laptop_utc=1785049798 offset=0
TIME_DIFF gps_utc=1785049798 laptop_utc=1785049798 offset=0
TIME_DIFF gps_utc=1785049798 laptop_utc=1785049798 offset=0
TIME_DIFF gps_utc=1785049798 laptop_utc=1785049798 offset=0
TIME_DIFF gps_utc=1785049798 laptop_utc=1785049798 offset=0
TIME_DIFF gps_utc=1785049798 laptop_utc=1785049798 offset=0
TIME_DIFF gps_utc=1785049798 laptop_utc=1785049798 offset=0
TIME_DIFF gps_utc=1785049798 laptop_utc=1785049798 offset=0
TIME_DIFF gps_utc=1785049798 laptop_utc=1785049798 offset=0
TIME_DIFF gps_utc=1785049798 laptop_utc=1785049798 offset=0
SYNC_NOT_FOUND first4=B1807589
TIME_DIFF gps_utc=1785049798 laptop_utc=1785049798 offset=0
TIME_DIFF gps_utc=1785049798 laptop_utc=1785049798 offset=0
TIME_DIFF gps_utc=1785049798 laptop_utc=1785049798 offset=0
TIME_DIFF gps_utc=1785049798 laptop_utc=1785049798 offset=0
TIME_DIFF gps_utc=1785049798 laptop_utc=1785049798 offset=0
TIME_DIFF gps_utc=1785049798 laptop_utc=1785049798 offset=0
TIME_DIFF gps_utc=1785049798 laptop_utc=1785049798 offset=0
TIME_DIFF gps_utc=1785049798 laptop_utc=1785049798 offset=0
TIME_DIFF gps_utc=1785049798 laptop_utc=1785049798 offset=0
TIME_DIFF gps_utc=1785049798 laptop_utc=1785049798 offset=0
TIME_DIFF gps_utc=1785049798 laptop_utc=1785049798 offset=0
TIME_DIFF gps_utc=1785049798 laptop_utc=1785049798 offset=0
TIME_DIFF gps_utc=1785049798 laptop_utc=1785049798 offset=0
TIME_DIFF gps_utc=1785049798 laptop_utc=1785049798 offset=0
TIME_DIFF gps_utc=1785049798 laptop_utc=1785049798 offset=0
TIME_DIFF gps_utc=1785049798 laptop_utc=1785049798 offset=0
TIME_DIFF gps_utc=1785049798 laptop_utc=1785049798 offset=0
TIME_DIFF gps_utc=1785049798 laptop_utc=1785049798 offset=0
TIME_DIFF gps_utc=1785049798 laptop_utc=1785049798 offset=0
TIME_DIFF gps_utc=1785049798 laptop_utc=1785049798 offset=0
TIME_DIFF gps_utc=1785049798 laptop_utc=1785049798 offset=0
TIME_DIFF gps_utc=1785049798 laptop_utc=1785049798 offset=0
TIME_DIFF gps_utc=1785049798 laptop_utc=1785049798 offset=0
TIME_DIFF gps_utc=1785049798 laptop_utc=1785049799 offset=-1
TIME_DIFF gps_utc=1785049798 laptop_utc=1785049799 offset=-1
TIME_DIFF gps_utc=1785049798 laptop_utc=1785049799 offset=-1
TIME_DIFF gps_utc=1785049799 laptop_utc=1785049799 offset=0
TIME_S
TI
SY
TI
TINTE
TIM
T
TII
SY
TIM
TIME_SYNCED utc=1785049883 offset=1785033576
TI
TI
TIME_SYNC_NTIMSYNC_SSTI
SSY
TSY
SYS
SYN
TIME_SYINTERLSYTI
TIM
TITIM
TINTERLEAVE_ON phases=56 cycle=188850s
TI
TIN
TITIM
T
TIM
TIM
TTI
TIMSYNC_NOT_FOUND first4=A97A1687
TIME_SYNINTERL
TI
TISYTI
T
T
T
TSYNCSYN
TINTTIM
SY
TINTSSYTIME_SYNCED
TIME_SYNCED utc=1785050120 offset=1785033576
INTERLEAVE_ON phases=56 cycle=190650s
TIMI
TIME_SYNCED utc=1785050137 offset=1785033576
IN
TIME_I
TI
APP_CRC_FAIL exp=C0C0 got=A4FE seq=29 syncOff=0
IT
TI
TI
TI
TINTI
TIME_S
TIM
T
TIME_SY
TIM
T
TIME_SYNCED u
TIME_S
TIN
TITI
TIN
TIN
T
TIN
SY
SYNC
TI
T
TIMI
TI
TI
S
TI
TIS
TI
I
TS
TIN
TINTERLEAVE_ON phases=56 cycle=197700s
S
TIME_I
TIME_SYNCEI
TI
TIME
TI
TI
TIM
TINTI
TIME_S
TI
TI
TIME_SITIM
TI
TIME_SYNCED utc=1785050547 offset=1785033576
INTERLEAVE_ON phases=56 cycle=198900s
APP_CRC_FAIL exp=8585 got=E3A5 seq=64 syncOff=0
APP_CRC_FAIL exp=8585 got=E3A5 seq=65 syncOff=0
APP_CRC_FAIL exp=8585 got=E3A5 seq=66 syncOff=0
APP_CRC_FAIL exp=8585 got=E3A5 seq=67 syncOff=0
APP_CRC_FAIL exp=8585 got=E3A5 seq=68 syncOff=0
APP_CRC_FAIL exp=8585 got=E3A5 seq=69 syncOff=0
APP_CRC_FAIL exp=8585 got=E3A5 seq=70 syncOff=0
APP_CRC_FAIL exp=8585 got=E3A5 seq=71 syncOff=0
APP_CRC_FAIL exp=8585 got=E3A5 seq=72 syncOff=0
APP_CRC_FAIL exp=8585 got=E3A5 seq=73 syncOff=0
APP_CRC_FAIL exp=8585 got=E3A5 seq=74 syncOff=0
TIME_DIFF gps_utc=1785050548 laptop_utc=1785050548 offset=0
TIME_DIFF gps_utc=1785050548 laptop_utc=1785050548 offset=0
TIME_DIFF gps_utc=1785050548 laptop_utc=1785050548 offset=0
TIME_DIFF gps_utc=1785050548 laptop_utc=1785050548 offset=0
TIME_DIFF gps_utc=1785050548 laptop_utc=1785050548 offset=0
TIME_DIFF gps_utc=1785050548 laptop_utc=1785050548 offset=0
TIME_DIFF gps_utc=1785050548 laptop_utc=1785050548 offset=0
TIME_DIFF gps_utc=1785050548 laptop_utc=1785050548 offset=0
TIME_DIFF gps_utc=1785050548 laptop_utc=1785050548 offset=0
TINTETIME
TI
TISY
TIM
T
T
SY
TI
TIM
SYNC_NOT
TI
TI
SYNCAPP_CAPPAPPAPPAPP_CRAPAPP_APPAPP_CRC_FAIL exp=D0D0 got=C41B seq=15 syncOff=0
TI
TI
TINTERLTI
TIM
TIM
TI
SST
SYSYTITI
TT
TIME_SYNCED utc=1785050702 offset=1785033576
INTERLEAVE_ON phases=56 cycle=201450s
SYNC_NOT_FOUND first4=1D974F59
SYNC_NOT_FOUND first4=970F78B6
SYNC_NOT_FOUND first4=05AFF069
SY
TIN
TI
TI
S
TIMSYNSYNTIMTI
T
TI
TI
TI
TIN
TIME_SYI
SY
TINTTI
TINTERLS
SY
TIN
TI
SYSS
SY
SYT
TIME_SYNCED utc=1785050928 offset=1785033576
IT
TIME
TIME_SYNINT
INTERL
AAPAPP_CRC_FAIL exp=9595 got=13EF seq=70 syncOff=0
TIS
INTERLEAVE_ON phases=56 cycle=208200s
TINSY
TIMSY
TI
TI
TI
TINTSYNC
TIME_S
TI
TIME_SYNITIME_S
T
TTI
TI
TI
T
TIME_
TI
SY
T
TI
TIMSSY
TIME_SYNCSYN
T
SYTI
T
T
TI
TIME_SYNCED utc=1785051243 offset=1785033576
TIME_SYNI
TI
TI
TIN
TSYNC_N
SYN
TINTI
SYN
TIN
TIME_S
T
SYN
T
T
S
TIMS
TI
S
TIME_SYNINTERLSTSY
TIME_INTERLEAVE_ON phases=56 cycle=213600s
TIME_SYN
TIME_SYNCED utc=1785051397 offset=1785033575
INTERLEAVE_ON phases=56 cycle=214050s
TI
T
T
T
TI
TIME_SYNCED utc=1785051453 offset=1785033576
INTERLEAVE_ON phases=56 cycle=215100s
TIN
TIME_I
TIN
SYNC
TIME_SYNCEINTERL
T
TI
TI
SY
TII
TIME_SYNCED utc=1785051603 offset=1785033576
INTERLEAVE_ON phases=56 cycle=218400s
T
TISSY
TIME_SYNCED utc=1785051618 offset=1785033576
INTERLEAVE_ON phases=56 cycle=218700s
TI
TI
TIN
TI
TIME_SYNCED utc=1785051685 offTIME
TINTI
TI
TI
TI
TIM
TI
S
TI
TI
SYT
TI
T
TI
T
TIME_S
TI
TIM
TI
SSYNC_NST
T
T
TIME_SYNCED utc=1785051841 offset=1785033576
INTERLEAVE_ON phases=56 cycle=223050s
TINTTIMESS
SYNC_TIME_
TI
SY
TIME_SYNCED utc=1785051916 offset=1785033576
TIS
TIME_SYNCINTE
TIME_SYNCED utc=1785052000 offset=1785033575
INTERLEAVE_ON phases=56 cycle=226500s
TI
TIME_SYINTE
TIINTTI
TINT
TI
TIM
TIN
T
T
TISSY
TIM
T
TIM
TI
TI
TIME_
TIME
TIME_SYNINTER
S
TIN
T
TI
T
TTI
TIN
T
SYNTIME_SSYNC_SYNSYNC_SYNC
TISY
TIMI
TIME_S
TISYNC_N
SYNC_NO
T
TITI
TIME_SYSYN
TIM
TIME_SYNINTTI
TIME_SYNINTETI
TI
TIS
TI
TIM
TITIM
TISYNCSY
TIM
TI
TIS
TIME_SYNCED uI
T
TIME_SYNINT
TIME_SYINTERLE
TIME
TT
TINTIME_
ITSYN
TI
SYNC_SY
TINTERL
TI
STIME_S
T
TI
T
TIMEINTERLST
TSYN
TINTERLEAVE_ON phases=56 cycle=237600s
TT
I
TI
TI
TIME_STT
TIME
TIME_T
SSYNC
T
TIMEINTER
TIAAAAAAAAPP_CRC_FAIL exp=4220 got=BA19 seq=37 syncOff=1
APP_CRC_FAIL exp=4220 got=BA19 seq=38 syncOff=1
APP_CRC_FAIL exp=4220 got=BA19 seq=39 syncOff=1
APP_CRC_FAIL exp=4220 gAPP_CRC_FAIL exp=4220 got=BA19 seq=42 syncOff=1
APP_CRC_FAIL exp=4220 got=BA19 seq=43 syncOff=1
APP_CRC_FAIL exp=4220 got=BA19 seq=44 syncOff=1
APP_CAPP_CRAPP_CRC_FAIL exp=4220 got=BA19 seq=47 syncOff=1
APP_CRC_FAIL exp=4220 got=BA19 seq=48 syncOff=1
APP_CRC_FAIL exp=4220 got=BA19 seq=49 syncOff=1
APP_CRC_FAIL exp=4220 got=BA19 seq=51 syncOff=1
APP_CRC_FAIL exp=4220 got=BA19 seq=52 syncOff=1
APP_CRC_FAIL exp=4220 got=BA19 seq=53 syncOff=1
TI
SYS
TIIN
SYN
TTIME_SYNCED utc=1785052690 offset=1785033575
TI
TI
TIM
TI
TI
ITI
SYTIME_SYNCED u
TI
T
TIM
TINTERLET
TIME_
TIME_
SYSYN
TINS
SY
TI
TITIME_SYNCED utc=1785052818 offset=1785033575
SYNC_NOT_FOUND first4=4B86A7BC
S
TI
TI
TIM
SYNC_NOTI
TIMI
TI
IT
TIM
T
TI
SYSYNC_NO
T
TI
TINTE
SY
TIME_SYNCED utc=1785052922 offset=1785033575
TIME_SYS
TI
SY
TITSY
TIS
I
TIN
TI
TI
TIM
TTI
T
T
TIME_SYNCED utc=1785053060 offset=1785033575
TII
S
TIM
TIME
T
SY
TI
TIME_SYNITISYN
TISS
TISYS
TSY
TIN
S
TIM
TI
T
T
T
TIM
TIMSYNC_
T
TI
T
T
TI
TIME_SYNCED utc=1785053153 offset=1785033575
TIME_SYNCED
SY
T
TIT
TI
TIM
TI
TIN
S
TITIM
T
TIM
TII
S
TI
TIM
TINTERLET
TIM
T
TIME_
TIN
TIME_SYNCED utc=1785053355 offset=1785033576
TI
TIME
TI
TI
TIMES
TINTERLEAVE_ON phases=56 cycle=250800s
TINTETIM
T
TINSYNC_N
INTERLESYN
T
TI
TIM
TI
TI
TINT
SYN
I
TISSY
SY
TI
T
TIME_
S
T
TIN
T
TIN
TIME_SYNCINTERL
TIMEI
STI
TI
SYSYNC
SY
SYN
SY
SY
T
T
INTERLEAVE_ON phases=56 cycle=256650s
TTIME_SYNCED utc=1785053728 offset=1785033575
TIME_SYNCED uINT
TIIN
TIM
TS
IN
TIN
TI
TIM
T
TIME
IN
TIME_SYNCED utc=1785053813 offset=1785033575
TII
S
SYNC_NO
TIME_SYNCED utc=1785053835 offset=1785033575
TIME_SYNI
T
TISYNC
TIME_S
T
TIM
TIN
TI
TI
STISYN
TTI
TIME_STI
TIME_SYNINTERLTIME_
TI
TIME_SYNCED utc=1785053955 offset=1785033575
T
TI
TI
TIME_
T
TI
S
SYNC_NO
TITI
T
TISY
ITI
SYNSTIME_S
TI
TIME_SYNCED utc=1785054069 offset=1785033575
TIN
TIME
TIME_SYNCED utc=1785054084 offset=1785033575
TI
T
TIME_SYN
T
TITI
TI
TIME_SYNCINTES
TISSS
TIME_SYNCEINTE
TIT
ITIME_SYNCED utc=1785054201 offset=1785033575
TIME_INTE
T
TIINTI
T
TIME_INTERL
TI
TIM
TINTI
TINSYNTIM
TI
TII
SY
SS
TINTST
TIN
T
TI
TTI
TIS
T
TI
TIME_SYI
TIME_SY
TITISYT
TINT
TIM
SSYNC_SY
T
SYN
SY
T
TI
TINTERLS
TIM
TIMTI
T
TIST
T
T
T
TIME_SY
TI
T
TIME_SYNCED utc=1785054574 offset=1785033575
TI
SY
TIN
TIME_SYNCED utc=1785054630 offset=1785033575
TIME_SYNCED utc=1785054631 offset=1785033575
TIME_SYNCED utc=1785054633 offset=1785033575
TIME_SYNCED utc=1785054646 offset=1785033575
INTERLEAVE_ON phases=56 cycle=273450s
TIMTIME_SYNCED utc=1785054647 offset=1785033575
INTERLEAVE_ON phases=56 cycle=273600s
TI
T
TSY
TI
T
TIME
TIM
SY
TI
TIME_
T
T
TIM
TI
TITTI
TIM
T
SYTIME_
TINTERL
TIME_SYNCED utc=1785054757 offset=1785033575
INTERLEAVE_ON phases=56 cycle=275250s
TIME_SI
T
TINSYN
TI
TIME_S
STIMSY
INTERLEAVE_ON phases=56 cycle=276000s
S
I
TISYN
T
TI
TINTERLEAVTIME_
I
ISYSSYNSYSYTISY
T
SYNC_N
SY
TIME_SINTERLEAVE
TI
TIM
SYN
TIIN
TIM
TIME_
TIM
T
TINT
TI
TIME_INTERLEAVET
TIM
TISTI
TT
TIME_SYNCED INTERL
TIME_SYNCED utc=1785055058 offset=1785033575
INTERLEAVE_ON phases=56 cycle=280950s
TIME_SYNCED utc=1785055058 offset=1785033575
SYSYSYTISY
SYNC_
S
SYTI
TI
TI
TI
T
TIME_S
SY
TI
TIME_
TII
SYSYN
SYNSYTIME
TIM
TIME_SYNCED utc=1785055181 offset=1785033575
TINTIM
SY
TISYN
TIME_SYNCEI
TI
TIM
T
TIME_SYNCED utc=1785055232 offset=1785033575
TIN
SYNCSYTI
TINSYNC_NOT_FOUND firstSSYN
TINAPP_CRC_FAIL exp=9520 got=13EF seq=40 syncOff=1
SYTI
TI
TI
TIME
TIME
TI
TI
TTI
T
T
T
TIN
TIME_SYNCED utc=1785055358 offset=1785033574
INTERLEAVE_ON phases=56 cycle=285600s
TIME_INTERL
TI
TIME_SYNCED utc=1785055387 offset=1785033575
TIN
T
SYNT
S
TITITI
TI
T
SY
TIITI
S
TIME_SYNCED utc=1785055468 offset=1785033574
I
SYN
SYTIM
SYSSYTI
SYNC_NOT
SYSYNC_NOT_FOUND first4=0F199EF0
TINSYNC_NOT_FOUND first4=30EE78AB
TIME_SYNCED utc=1785055549 offset=1785033575
I
T
TIMEI
TII
T
TI
TIME_SYNCED utc=1785055618 offset=1785033575
TISY
TIME_SYNCINTERLTIM
ST
S
TIME_SYNINTERLEAVTI
TIM
SYS
TI
TI
TIME_SY
TIME_SYNCEDTIM
TIME_SYNCI
TI
T
SYTI
TI
TINT
T
TIME_S
TI
T
T
TISS
TIME_SYNINTERLT
INTERLEAVE_ON phases=56 cycle=292800s
TINT
SYN
TINT
S
TIME_SYNINTESYSSSSSYNC_NOT_FOUND first4=9E001007
STS
T
SYN
T
T
T
TIME
SYNC_NOT_FOUND first4=0A869E79
TINTERLEAVE_ON phases=56 cycle=29SYNC_NOT_FOUND first4=807CE003
TIN
TIITIME_SYNCED utc=1785055865 offset=1785033574
INTERLEAVE_ON phases=56 cycle=294900s
TIME_SYNCED utc=1785055886 offset=1785033574
INTERLEAVE_ON phases=56 cycle=295050s
TI
SY
T
TI
TIME_SYNCED utc=1785055904 offset=1785033575
TIM
TI
TIM
T
T
TIIS
TI
SYNC_NOT_FOUND first4=EC566ACF
TIME_SYNCED utc=1785055958 offset=1785033574
SYNC_NOT_FOUND first4=01E199E5
TIN
INTERLEAVE_ON phases=56 cycle=296700s
TI
TIME_SYNCED utc=1785055980 offset=1785033574
TI
INTERLEAVE_ON phases=56 cycle=296850s
TI
TII
TIMS
SYNC_NOT_FOUND first4=426AC0EA
TI
TTIME_
INTERLEAVE_ON phases=56 cycle=298050s
TIME_SYNCED utc=1785056058 offset=1785033575
INTERLEAVE_ON phases=56 cycle=298350s
TIME_SYNCED utc=1785056058 offset=1785033574
TI
TIME_SYNCED utc=1785056073 offset=1785033574
I
SY
SYNC
T
TIN
TII
SYSY
TIME_SYNCED utc=1785056125 offset=1785033575
SY
T
SYNC_N
TI
TIME
TIM
TIN
SYTIM
TIME_SY
TI
INTERLEAVE_ON phases=56 cycle=301050s
T
TI
TI
T
TIME_SYNCED utc=1785056210 offset=1785033574
T
TIM
TIME_SYNCED utc=1785056216 offset=1785033574
TIME_SYNCED utc=1785056218 offset=1785033574
TSYTIME_SYNCED utc=1785056220 offset=1785033574
SY
TIME_SYNINTETIME_SYNCSYN
TITI
TIM
SYNC_NOT_FOUND first4=6942EDAE
TIME_SYNCED utc=1785056247 offset=1785033575
TII
SYNC_NOT_FOUND first4=5BA17A3A
SYNC_NOT_FOUND first4=864BFFC1
TIINTERLEAVE_ON phases=56 cycle=302100s
TITIME_SYNCED utc=1785056279 offset=1785033575
TINTERLEAVE_ON phases=56 cycle=302550s
SYTIME_SYNCED utc=1785056295 offset=1785033575
TIME_SYNCED utc=1785056297 offset=1785033575
S
TINTERLEAVE_ON phases=56 cycle=3028
TITIME_
T
TIT
TI
TIME_SYNCED utc=1785056
TIM
TI
TIME
TIME_SYNCED utc=1785056359 offset=1785033575
TIME_SYNCED utc=1785056368 offset=1785033575
S
SSYT
TIME_
TIMEINTAAAAPAAPP_CRAPSYNC_NOT_FOUND firstAPAPP_CRC_FAIL exp=C020 got=A4FE seq=70 syncOff=1
AAAAPPAAPP_CRC_FAIL exp=4220 got=BA19 seq=3 syncOff=1
APP_AAPP_AAPP_CRC_FAIL exp=4220 got=BA19 seq=11 syncOff=1
AAAAAAPP_CRC_FAIL exp=4220 got=BA19 seq=22 syncOff=1
T
SY
TINTERLEAVE_ON phases=56 cycle=304950s
INTERLEAVE_ON phases=56 cycle=305250s
TIIN
T
I
TIME_SYNCED utc=1785056506 offset=1785033574
I
TII
SYTIME_SYNCED utc=1785056519 offset=1785033575
S
TS
TIME_SYNCED utc=1785056538 offset=1785033575
INTERLEAVE_ON phases=56 cycle=307050s
TIME_SYNCED utc=1785056579 offset=1785033575
TINTERLEAVE_ON phases=56 cycle=308550s
TIME_SYNCED utc=1785056609 offset=1785033575
TIAAPPAAPP_CRC_FAIL exp=9520 got=13EF seq=6 syncOff=1
APP_CRC_FAIL exp=9520 got=13EF seq=7 syncOff=1
APP_CRC_FAIL exp=9520 got=13EF seq=8 syncOff=1
APPAPP_CRC_FAIL exp=9520 got=13EF seq=11 syncOff=1
APP_CRC_FAIL exp=9520 got=13EF seq=12 syncOff=1
APP_CRC_FAIL exp=9520 got=13EF seq=13 syncOff=1
APAPAPAPAPP_CRCAAPP_CRC_FAIL exp=9520 got=13EF seq=20 syncOff=1
AAAAAPP_CRC_FAIL exp=9520 got=13EF seq=27 syncOff=1
TI
T
TI
T
TIME_SYNCED utc=1785056636 offset=1785033575
T
TIME_SYNCED utc=1785056638 offset=1785033575
INTERLEAVE_ON phases=56 cycle=309600s
TIME_SYNCED utc=1785056652 offset=1785033575
TI
TITI
TINTTI
TIME_SYNCED utc=1785056683 offset=1785033574
TS
TIME
TIME_SYNCED utc=1785056689 offset=1785033574
SYNC_NOT_FOUND first4=2956A691
SYNC_NOT_FOUND first4=20694320
TIME_SYNCED utc=1785056691 offset=1785033575
TSSSYNC_NOT_FOUND first4=C1167F22
TISYNC_NOT_FOUND first4=9A569666
S
TI
TI
TIST
TIME_SYNCED utc=1785056736 offset=1785033575
SYTI
ISYNC_NOT_FOUND first4=7498709F
TIME_SYNCED utc=1785056754 offset=1785033575
TIME_SYNCED utc=1785056759 offset=1785033574
INTERLEAVE_ON phases=56 cycle=311550s
TIME_SYNCED utc=1785056765 offset=1785033574
INTERLEAVE_ON phases=56 cycle=311700s
SYNC_OFFSET phase=55 off=1 prev=-1
APP_CRC_FAIL exp=D020 got=C41B seq=0 syncOff=1
APP_CRC_FAIL exp=D020 got=C41B seq=1 syncOff=1
APP_CRC_FAIL exp=D020 got=C41B seq=2 syncOff=1
APP_CRC_FAIL exp=D020 got=C41B seq=3 syncOff=1
APP_CRC_FAIL exp=D020 got=C41B seq=4 syncOff=1
APP_CRC_FAIL exp=D020 got=C41B seq=5 syncOff=1
APP_CRC_FAIL exp=D020 got=C41B seq=6 syncOff=1
APP_CRC_FAIL exp=D020 got=C41B seq=7 syncOff=1
APP_CRC_FAIL exp=D020 got=C41B seq=8 syncOff=1
APP_CRC_FAIL exp=D020 got=C41B seq=9 syncOff=1
APP_CRC_FAIL exp=D020 got=C41B seq=10 syncOff=1
APP_CRC_FAIL exp=D020 got=C41B seq=11 syncOff=1
APP_CRC_FAIL exp=D020 got=C41B seq=12 syncOff=1
APP_CRC_FAIL exp=D020 got=C41B seq=13 syncOff=1
APP_CRC_FAIL exp=D020 got=C41B seq=14 syncOff=1
APP_CRC_FAIL exp=D020 got=C41B seq=15 syncOff=1
APP_CRC_FAIL exp=D020 got=C41B seq=16 syncOff=1
APP_CRC_FAIL exp=D020 got=C41B seq=17 syncOff=1
APP_CRC_FAIL exp=D020 got=C41B seq=18 syncOff=1
APP_CRC_FAIL exp=D020 got=C41B seq=19 syncOff=1
APP_CRC_FAIL exp=D020 got=C41B seq=20 syncOff=1
APP_CRC_FAIL exp=D020 got=C41B seq=21 syncOff=1
SYNC_NOT_FOUND first4=D06748F3
APP_CRC_FAIL exp=D020 got=C41B seq=22 syncOff=1
APP_CRC_FAIL exp=D020 got=C41B seq=23 syncOff=1
APP_CRC_FAIL exp=D020 got=C41B seq=24 syncOff=1
APP_CRC_FAIL exp=D020 got=C41B seq=25 syncOff=1
APP_CRC_FAIL exp=D020 got=C41B seq=26 syncOff=1
APP_CRC_FAIL exp=D020 got=C41B seq=27 syncOff=1
APP_CRC_FAIL exp=D020 got=C41B seq=28 syncOff=1
APP_CRC_FAIL exp=D020 got=C41B seq=29 syncOff=1
APP_CRC_FAIL exp=D020 got=C41B seq=30 syncOff=1
APP_CRC_FAIL exp=D020 got=C41B seq=31 syncOff=1
APP_CRC_FAIL exp=D020 got=C41B seq=32 syncOff=1
APP_CRC_FAIL exp=D020 got=C41B seq=33 syncOff=1
APP_CRC_FAIL exp=D020 got=C41B seq=34 syncOff=1
APP_CRC_FAIL exp=D020 got=C41B seq=35 syncOff=1
APP_CRC_FAIL exp=D020 got=C41B seq=36 syncOff=1
APP_CRC_FAIL exp=D020 got=C41B seq=37 syncOff=1
APP_CRC_FAIL exp=D020 got=C41B seq=38 syncOff=1
APP_CRC_FAIL exp=D020 got=C41B seq=39 syncOff=1
APP_CRC_FAIL exp=D020 got=C41B seq=40 syncOff=1
APP_CRC_FAIL exp=D020 got=C41B seq=41 syncOff=1
APP_CRC_FAIL exp=D020 got=C41B seq=42 syncOff=1
APP_CRC_FAIL exp=D020 got=C41B seq=43 syncOff=1
APP_CRC_FAIL exp=D020 got=C41B seq=44 syncOff=1
APP_CRC_FAIL exp=D020 got=C41B seq=45 syncOff=1
APP_CRC_FAIL exp=D020 got=C41B seq=46 syncOff=1
APP_CRC_FAIL exp=D020 got=C41B seq=47 syncOff=1
APP_CRC_FAIL exp=D020 got=C41B seq=48 syncOff=1
APP_CRC_FAIL exp=D020 got=C41B seq=49 syncOff=1
APP_CRC_FAIL exp=D020 got=C41B seq=50 syncOff=1
APP_CRC_FAIL exp=D020 got=C41B seq=51 syncOff=1
APP_CRC_FAIL exp=D020 got=C41B seq=52 syncOff=1
APP_CRC_FAIL exp=D020 got=C41B seq=53 syncOff=1
APP_CRC_FAIL exp=D020 got=C41B seq=54 syncOff=1
APP_CRC_FAIL exp=D020 got=C41B seq=55 syncOff=1
APP_CRC_FAIL exp=D020 got=C41B seq=56 syncOff=1
APP_CRC_FAIL exp=D020 got=C41B seq=57 syncOff=1
APP_CRC_FAIL exp=D020 got=C41B seq=58 syncOff=1
APP_CRC_FAIL exp=D020 got=C41B seq=59 syncOff=1
APP_CRC_FAIL exp=D020 got=C41B seq=60 syncOff=1
APP_CRC_FAIL exp=D020 got=C41B seq=61 syncOff=1
APP_CRC_FAIL exp=D020 got=C41B seq=62 syncOff=1
APP_CRC_FAIL exp=D020 got=C41B seq=63 syncOff=1
APP_CRC_FAIL exp=D020 got=C41B seq=64 syncOff=1
APP_CRC_FAIL exp=D020 got=C41B seq=65 syncOff=1
APP_CRC_FAIL exp=D020 got=C41B seq=66 syncOff=1
APP_CRC_FAIL exp=D020 got=C41B seq=67 syncOff=1
APP_CRC_FAIL exp=D020 got=C41B seq=68 syncOff=1
APP_CRC_FAIL exp=D020 got=C41B seq=69 syncOff=1
APP_CRC_FAIL exp=D020 got=C41B seq=70 syncOff=1
APP_CRC_FAIL exp=D020 got=C41B seq=71 syncOff=1
APP_CRC_FAIL exp=D020 got=C41B seq=72 syncOff=1
APP_CRC_FAIL exp=D020 got=C41B seq=73 syncOff=1
APP_CRC_FAIL exp=D020 got=C41B seq=74 syncOff=1
APP_CRC_FAIL exp=4020 got=473E seq=0 syncOff=1
APP_CRC_FAIL exp=4020 got=473E seq=1 syncOff=1
APP_CRC_FAIL exp=4020 got=473E seq=2 syncOff=1
APP_CRC_FAIL exp=4020 got=473E seq=3 syncOff=1
APP_CRC_FAIL exp=4020 got=473E seq=4 syncOff=1
APP_CRC_FAIL exp=4020 got=473E seq=5 syncOff=1
APP_CRC_FAIL exp=4020 got=473E seq=6 syncOff=1
APP_CRC_FAIL exp=4020 got=473E seq=7 syncOff=1
APP_CRC_FAIL exp=4020 got=473E seq=8 syncOff=1
APP_CRC_FAIL exp=4020 got=473E seq=9 syncOff=1
APP_CRC_FAIL exp=4020 got=473E seq=10 syncOff=1
APP_CRC_FAIL exp=4020 got=473E seq=11 syncOff=1
APP_CRC_FAIL exp=4020 got=473E seq=12 syncOff=1
APP_CRC_FAIL exp=4020 got=473E seq=13 syncOff=1
APP_CRC_FAIL exp=4020 got=473E seq=14 syncOff=1
APP_CRC_FAIL exp=4020 got=473E seq=15 syncOff=1
APP_CRC_FAIL exp=4020 got=473E seq=16 syncOff=1
APP_CRC_FAIL exp=4020 got=473E seq=17 syncOff=1
APP_CRC_FAIL exp=4020 got=473E seq=18 syncOff=1
APP_CRC_FAIL exp=4020 got=473E seq=19 syncOff=1
APP_CRC_FAIL exp=4020 got=473E seq=20 syncOff=1
APP_CRC_FAIL exp=4020 got=473E seq=21 syncOff=1
APP_CRC_FAIL exp=4020 got=473E seq=22 syncOff=1
APP_CRC_FAIL exp=4020 got=473E seq=23 syncOff=1
APP_CRC_FAIL exp=4020 got=473E seq=24 syncOff=1
APP_CRC_FAIL exp=4020 got=473E seq=25 syncOff=1
APP_CRC_FAIL exp=4020 got=473E seq=26 syncOff=1
APP_CRC_FAIL exp=4020 got=473E seq=27 syncOff=1
APP_CRC_FAIL exp=4020 got=473E seq=28 syncOff=1
APP_CRC_FAIL exp=4020 got=473E seq=29 syncOff=1
APP_CRC_FAIL exp=4020 got=473E seq=30 syncOff=1
SYNC_NOT_FOUND first4=404A42C2
APP_CRC_FAIL exp=4020 got=473E seq=31 syncOff=1
APP_CRC_FAIL exp=4020 got=473E seq=32 syncOff=1
APP_CRC_FAIL exp=4020 got=473E seq=33 syncOff=1
APP_CRC_FAIL exp=4020 got=473E seq=34 syncOff=1
APP_CRC_FAIL exp=4020 got=473E seq=35 syncOff=1
APP_CRC_FAIL exp=4020 got=473E seq=36 syncOff=1
APP_CRC_FAIL exp=4020 got=473E seq=37 syncOff=1
APP_CRC_FAIL exp=4020 got=473E seq=38 syncOff=1
APP_CRC_FAIL exp=4020 got=473E seq=39 syncOff=1
APP_CRC_FAIL exp=4020 got=473E seq=40 syncOff=1
APP_CRC_FAIL exp=4020 got=473E seq=41 syncOff=1
APP_CRC_FAIL exp=4020 got=473E seq=42 syncOff=1
SYNC_NOT_FOUND first4=40BC1CF2
APP_CRC_FAIL exp=4020 got=473E seq=43 syncOff=1
APP_CRC_FAIL exp=4020 got=473E seq=44 syncOff=1
APP_CRC_FAIL exp=4020 got=473E seq=45 syncOff=1
APP_CRC_FAIL exp=4020 got=473E seq=46 syncOff=1
APP_CRC_FAIL exp=4020 got=473E seq=47 syncOff=1
APP_CRC_FAIL exp=4020 got=473E seq=48 syncOff=1
APP_CRC_FAIL exp=4020 got=473E seq=49 syncOff=1
APP_CRC_FAIL exp=4020 got=473E seq=50 syncOff=1
APP_CRC_FAIL exp=4020 got=473E seq=51 syncOff=1
APP_CRC_FAIL exp=4020 got=473E seq=52 syncOff=1
APP_CRC_FAIL exp=4020 got=473E seq=53 syncOff=1
APP_CRC_FAIL exp=4020 got=473E seq=54 syncOff=1
APP_CRC_FAIL exp=4020 got=473E seq=55 syncOff=1
APP_CRC_FAIL exp=4020 got=473E seq=56 syncOff=1
APP_CRC_FAIL exp=4020 got=473E seq=57 syncOff=1
APP_CRC_FAIL exp=4020 got=473E seq=58 syncOff=1
APP_CRC_FAIL exp=4020 got=473E seq=59 syncOff=1
APP_CRC_FAIL exp=4020 got=473E seq=60 syncOff=1
APP_CRC_FAIL exp=4020 got=473E seq=61 syncOff=1
APP_CRC_FAIL exp=4020 got=473E seq=62 syncOff=1
APP_CRC_FAIL exp=4020 got=473E seq=63 syncOff=1
APP_CRC_FAIL exp=4020 got=473E seq=64 syncOff=1
APP_CRC_FAIL exp=4020 got=473E seq=65 syncOff=1
APP_CRC_FAIL exp=4020 got=473E seq=66 syncOff=1
APP_CRC_FAIL exp=4020 got=473E seq=67 syncOff=1
APP_CRC_FAIL exp=4020 got=473E seq=68 syncOff=1
APP_CRC_FAIL exp=4020 got=473E seq=69 syncOff=1
APP_CRC_FAIL exp=4020 got=473E seq=70 syncOff=1
APP_CRC_FAIL exp=4020 got=473E seq=71 syncOff=1
APP_CRC_FAIL exp=4020 got=473E seq=72 syncOff=1
APP_CRC_FAIL exp=4020 got=473E seq=73 syncOff=1
APP_CRC_FAIL exp=4020 got=473E seq=74 syncOff=1
APP_CRC_FAIL exp=9520 got=13EF seq=0 syncOff=1
APP_CRC_FAIL exp=9520 got=13EF seq=1 syncOff=1
APP_CRC_FAIL exp=9520 got=13EF seq=2 syncOff=1
APP_CRC_FAIL exp=9520 got=13EF seq=3 syncOff=1
APP_CRC_FAIL exp=9520 got=13EF seq=4 syncOff=1
APP_CRC_FAIL exp=9520 got=13EF seq=5 syncOff=1
APP_CRC_FAIL exp=9520 got=13EF seq=6 syncOff=1
APP_CRC_FAIL exp=9520 got=13EF seq=7 syncOff=1
APP_CRC_FAIL exp=9520 got=13EF seq=8 syncOff=1
APP_CRC_FAIL exp=9520 got=13EF seq=9 syncOff=1
APP_CRC_FAIL exp=9520 got=13EF seq=10 syncOff=1
APP_CRC_FAIL exp=9520 got=13EF seq=11 syncOff=1
APP_CRC_FAIL exp=9520 got=13EF seq=12 syncOff=1
APP_CRC_FAIL exp=9520 got=13EF seq=13 syncOff=1
APP_CRC_FAIL exp=9520 got=13EF seq=14 syncOff=1
APP_CRC_FAIL exp=9520 got=13EF seq=15 syncOff=1
APP_CRC_FAIL exp=9520 got=13EF seq=16 syncOff=1
APP_CRC_FAIL exp=9520 got=13EF seq=17 syncOff=1
APP_CRC_FAIL exp=9520 got=13EF seq=18 syncOff=1
APP_CRC_FAIL exp=9520 got=13EF seq=19 syncOff=1
APP_CRC_FAIL exp=9520 got=13EF seq=20 syncOff=1
APP_CRC_FAIL exp=9520 got=13EF seq=21 syncOff=1
APP_CRC_FAIL exp=9520 got=13EF seq=22 syncOff=1
APP_CRC_FAIL exp=9520 got=13EF seq=23 syncOff=1
APP_CRC_FAIL exp=9520 got=13EF seq=24 syncOff=1
APP_CRC_FAIL exp=9520 got=13EF seq=25 syncOff=1
APP_CRC_FAIL exp=9520 got=13EF seq=26 syncOff=1
APP_CRC_FAIL exp=9520 got=13EF seq=27 syncOff=1
APP_CRC_FAIL exp=9520 got=13EF seq=28 syncOff=1
APP_CRC_FAIL exp=9520 got=13EF seq=29 syncOff=1
APP_CRC_FAIL exp=9520 got=13EF seq=30 syncOff=1
APP_CRC_FAIL exp=9520 got=13EF seq=31 syncOff=1
APP_CRC_FAIL exp=9520 got=13EF seq=32 syncOff=1
APP_CRC_FAIL exp=9520 got=13EF seq=33 syncOff=1
APP_CRC_FAIL exp=9520 got=13EF seq=34 syncOff=1
APP_CRC_FAIL exp=9520 got=13EF seq=35 syncOff=1
APP_CRC_FAIL exp=9520 got=13EF seq=36 syncOff=1
APP_CRC_FAIL exp=9520 got=13EF seq=37 syncOff=1
APP_CRC_FAIL exp=9520 got=13EF seq=38 syncOff=1
APP_CRC_FAIL exp=9520 got=13EF seq=39 syncOff=1
APP_CRC_FAIL exp=9520 got=13EF seq=40 syncOff=1
APP_CRC_FAIL exp=9520 got=13EF seq=41 syncOff=1
APP_CRC_FAIL exp=9520 got=13EF seq=42 syncOff=1
APP_CRC_FAIL exp=9520 got=13EF seq=43 syncOff=1
APP_CRC_FAIL exp=9520 got=13EF seq=44 syncOff=1
APP_CRC_FAIL exp=9520 got=13EF seq=45 syncOff=1
APP_CRC_FAIL exp=9520 got=13EF seq=46 syncOff=1
APP_CRC_FAIL exp=9520 got=13EF seq=47 syncOff=1
APP_CRC_FAIL exp=9520 got=13EF seq=48 syncOff=1
APP_CRC_FAIL exp=9520 got=13EF seq=49 syncOff=1
APP_CRC_FAIL exp=9520 got=13EF seq=50 syncOff=1
APP_CRC_FAIL exp=9520 got=13EF seq=51 syncOff=1
APP_CRC_FAIL exp=9520 got=13EF seq=52 syncOff=1
SYNC_NOT_FOUND first4=95E4A132
APP_CRC_FAIL exp=9520 got=13EF seq=54 syncOff=1
APP_CRC_FAIL exp=9520 got=13EF seq=55 syncOff=1
APP_CRC_FAIL exp=9520 got=13EF seq=56 syncOff=1
APP_CRC_FAIL exp=9520 got=13EF seq=57 syncOff=1
APP_CRC_FAIL exp=9520 got=13EF seq=58 syncOff=1
APP_CRC_FAIL exp=9520 got=13EF seq=59 syncOff=1
APP_CRC_FAIL exp=9520 got=13EF seq=60 syncOff=1
APP_CRC_FAIL exp=9520 got=13EF seq=61 syncOff=1
APP_CRC_FAIL exp=9520 got=13EF seq=62 syncOff=1
APP_CRC_FAIL exp=9520 got=13EF seq=63 syncOff=1
APP_CRC_FAIL exp=9520 got=13EF seq=64 syncOff=1
APP_CRC_FAIL exp=9500 got=13EF seq=65 syncOff=1
APP_CRC_FAIL exp=9520 got=13EF seq=66 syncOff=1
APP_CRC_FAIL exp=9520 got=13EF seq=67 syncOff=1
APP_CRC_FAIL exp=9520 got=13EF seq=68 syncOff=1
APP_CRC_FAIL exp=9520 got=13EF seq=69 syncOff=1
SYNC_NOT_FOUND first4=9551ED2D
APP_CRC_FAIL exp=9520 got=13EF seq=70 syncOff=1
APP_CRC_FAIL exp=9520 got=13EF seq=71 syncOff=1
APP_CRC_FAIL exp=9520 got=13EF seq=72 syncOff=1
APP_CRC_FAIL exp=9520 got=13EF seq=73 syncOff=1
APP_CRC_FAIL exp=9520 got=13EF seq=74 syncOff=1
APP_CRC_FAIL exp=2720 got=2756 seq=0 syncOff=1
APP_CRC_FAIL exp=F020 got=F094 seq=1 syncOff=1
APP_CRC_FAIL exp=9820 got=98F3 seq=2 syncOff=1
APP_CRC_FAIL exp=4F20 got=4F31 seq=3 syncOff=1
APP_CRC_FAIL exp=4820 got=483D seq=4 syncOff=1
APP_CRC_FAIL exp=9F20 got=9FFF seq=5 syncOff=1
APP_CRC_FAIL exp=F720 got=F798 seq=6 syncOff=1
APP_CRC_FAIL exp=2020 got=205A seq=7 syncOff=1
APP_CRC_FAIL exp=F920 got=F980 seq=8 syncOff=1
APP_CRC_FAIL exp=2E20 got=2E42 seq=9 syncOff=1
APP_CRC_FAIL exp=4620 got=4625 seq=10 syncOff=1
SYNC_NOT_FOUND first4=255657F7
APP_CRC_FAIL exp=9620 got=96EB seq=12 syncOff=1
APP_CRC_FAIL exp=4120 got=4129 seq=13 syncOff=1
APP_CRC_FAIL exp=2920 got=294E seq=14 syncOff=1
APP_CRC_FAIL exp=FE20 got=FE8C seq=15 syncOff=1
SYNC_NOT_FOUND first4=8CA07BA2
APP_CRC_FAIL exp=8A20 got=8ADB seq=16 syncOff=1
APP_CRC_FAIL exp=5D20 got=5D19 seq=17 syncOff=1
APP_CRC_FAIL exp=3520 got=357E seq=18 syncOff=1
APP_CRC_FAIL exp=E220 got=E2BC seq=19 syncOff=1
APP_CRC_FAIL exp=E520 got=E5B0 seq=20 syncOff=1
APP_CRC_FAIL exp=3220 got=3272 seq=21 syncOff=1
APP_CRC_FAIL exp=5A20 got=5A15 seq=22 syncOff=1
APP_CRC_FAIL exp=8D20 got=8DD7 seq=23 syncOff=1
APP_CRC_FAIL exp=5420 got=540D seq=24 syncOff=1
APP_CRC_FAIL exp=8320 got=83CF seq=25 syncOff=1
APP_CRC_FAIL exp=EB20 got=EBA8 seq=26 syncOff=1
APP_CRC_FAIL exp=3C20 got=3C6A seq=27 syncOff=1
APP_CRC_FAIL exp=3B20 got=3B66 seq=28 syncOff=1
APP_CRC_FAIL exp=EC20 got=ECA4 seq=29 syncOff=1
APP_CRC_FAIL exp=8420 got=84C3 seq=30 syncOff=1
APP_CRC_FAIL exp=5320 got=5301 seq=31 syncOff=1
APP_CRC_FAIL exp=6C00 got=6C6D seq=32 syncOff=1
APP_CRC_FAIL exp=BB20 got=BBAF seq=33 syncOff=1
APP_CRC_FAIL exp=D320 got=D3C8 seq=34 syncOff=1
APP_CRC_FAIL exp=0420 got=040A seq=35 syncOff=1
APP_CRC_FAIL exp=0320 got=0306 seq=36 syncOff=1
APP_CRC_FAIL exp=D420 got=D4C4 seq=37 syncOff=1
APP_CRC_FAIL exp=BC20 got=BCA3 seq=38 syncOff=1
APP_CRC_FAIL exp=6B20 got=6B61 seq=39 syncOff=1
APP_CRC_FAIL exp=B220 got=B2BB seq=40 syncOff=1
APP_CRC_FAIL exp=6520 got=6579 seq=41 syncOff=1
APP_CRC_FAIL exp=0D20 got=0D1E seq=42 syncOff=1
APP_CRC_FAIL exp=DA20 got=DADC seq=43 syncOff=1
APP_CRC_FAIL exp=DD20 got=DDD0 seq=44 syncOff=1
APP_CRC_FAIL exp=0A20 got=0A12 seq=45 syncOff=1
APP_CRC_FAIL exp=6220 got=6275 seq=46 syncOff=1
APP_CRC_FAIL exp=B520 got=B5B7 seq=47 syncOff=1
APP_CRC_FAIL exp=C120 got=C1E0 seq=48 syncOff=1
APP_CRC_FAIL exp=1620 got=1622 seq=49 syncOff=1
APP_CRC_FAIL exp=6520 got=658B seq=50 syncOff=1
APP_CRC_FAIL exp=B220 got=B249 seq=51 syncOff=1
APP_CRC_FAIL exp=B520 got=B545 seq=52 syncOff=1
APP_CRC_FAIL exp=6220 got=6287 seq=53 syncOff=1
APP_CRC_FAIL exp=0A20 got=0AE0 seq=54 syncOff=1
APP_CRC_FAIL exp=DD20 got=DD22 seq=55 syncOff=1
APP_CRC_FAIL exp=0420 got=04F8 seq=56 syncOff=1
APP_CRC_FAIL exp=D320 got=D33A seq=57 syncOff=1
APP_CRC_FAIL exp=BB20 got=BB5D seq=58 syncOff=1
APP_CRC_FAIL exp=6C20 got=6C9F seq=59 syncOff=1
APP_CRC_FAIL exp=6B20 got=6B93 seq=60 syncOff=1
APP_CRC_FAIL exp=BC20 got=BC51 seq=61 syncOff=1
APP_CRC_FAIL exp=D420 got=D436 seq=62 syncOff=1
APP_CRC_FAIL exp=0320 got=03F4 seq=63 syncOff=1
APP_CRC_FAIL exp=AA20 got=AAEE seq=64 syncOff=1
APP_CRC_FAIL exp=7D20 got=7D2C seq=65 syncOff=1
APP_CRC_FAIL exp=1520 got=154B seq=66 syncOff=1
APP_CRC_FAIL exp=C220 got=C289 seq=67 syncOff=1
APP_CRC_FAIL exp=C520 got=C585 seq=68 syncOff=1
APP_CRC_FAIL exp=1220 got=1247 seq=69 syncOff=1
TIME_DIFF gps_utc=1785056773 laptop_utc=1785056772 offset=1
APP_CRC_FAIL exp=AD20 got=ADE2 seq=71 syncOff=1
APP_CRC_FAIL exp=7420 got=7438 seq=72 syncOff=1
APP_CRC_FAIL exp=A320 got=A3FA seq=73 syncOff=1
APP_CRC_FAIL exp=CB20 got=CB9D seq=74 syncOff=1
TIME_SYNCED utc=1785056776 offset=1785033574
SYNC_NOT_FOUND first4=9D5D3CCF
TIME_SYNCED utc=1785056787 offset=1785033575
TI
TIME
TIME_SYNCED utc=1785056797 offset=1785033575
TITIME_SYNCED utc=1785056811 offset=1785033575
TIME_SYNCED utc=1785056813 offset=1785033575
TIN
T
T
SYNCSYNC_NOT_TIME_SSSYSSYSYNSYNC_NOT_FOUND first4=CC451BBF
TI
TINTE
TIME_S
TIME_SYNCED utc=1785056914 offset=1785033574
INTERLEAVE_ON phases=56 cycle=314250s
SYNC_NOT_FOUND first4=5A5D116C
SYNC_OFFSET phase=55 off=1 prev=-1
APP_CRC_FAIL exp=D020 got=C41B seq=0 syncOff=1
APP_CRC_FAIL exp=D000 got=C41B seq=1 syncOff=1
APP_CRC_FAIL exp=D020 got=C41B seq=2 syncOff=1
APP_CRC_FAIL exp=D020 got=C41B seq=3 syncOff=1
APP_CRC_FAIL exp=D020 got=C41B seq=4 syncOff=1
APP_CRC_FAIL exp=D000 got=C41B seq=5 syncOff=1
APP_CRC_FAIL exp=D020 got=C41B seq=6 syncOff=1
APP_CRC_FAIL exp=D020 got=C41B seq=7 syncOff=1
APP_CRC_FAIL exp=D020 got=C41B seq=8 syncOff=1
SYNC_OFFSET phase=55 off=13 prev=1
APP_CRC_FAIL exp=0000 got=A486 seq=9 syncOff=13
SYNC_OFFSET phase=55 off=1 prev=13
APP_CRC_FAIL exp=D020 got=C41B seq=10 syncOff=1
APP_CRC_FAIL exp=D020 got=C41B seq=11 syncOff=1
APP_CRC_FAIL exp=D020 got=C41B seq=12 syncOff=1
SYNC_NOT_FOUND first4=D00C4B12
APP_CRC_FAIL exp=D020 got=C41B seq=13 syncOff=1
APP_CRC_FAIL exp=D020 got=C41B seq=14 syncOff=1
APP_CRC_FAIL exp=D020 got=C41B seq=15 syncOff=1
APP_CRC_FAIL exp=D020 got=C41B seq=16 syncOff=1
SYNC_NOT_FOUND first4=D04F0F52
APP_CRC_FAIL exp=D020 got=C41B seq=17 syncOff=1
APP_CRC_FAIL exp=D020 got=C41B seq=18 syncOff=1
APP_CRC_FAIL exp=D020 got=C41B seq=19 syncOff=1
APP_CRC_FAIL exp=D020 got=C41B seq=20 syncOff=1
APP_CRC_FAIL exp=D020 got=C41B seq=21 syncOff=1
APP_CRC_FAIL exp=D020 got=C41B seq=22 syncOff=1
APP_CRC_FAIL exp=D020 got=C41B seq=23 syncOff=1
APP_CRC_FAIL exp=D020 got=C41B seq=24 syncOff=1
APP_CRC_FAIL exp=D020 got=C41B seq=25 syncOff=1
APP_CRC_FAIL exp=D020 got=C41B seq=26 syncOff=1
APP_CRC_FAIL exp=D020 got=C41B seq=27 syncOff=1
APP_CRC_FAIL exp=D020 got=C41B seq=28 syncOff=1
APP_CRC_FAIL exp=D020 got=C41B seq=29 syncOff=1
APP_CRC_FAIL exp=D020 got=C41B seq=30 syncOff=1
APP_CRC_FAIL exp=D020 got=C41B seq=31 syncOff=1
APP_CRC_FAIL exp=D020 got=C41B seq=32 syncOff=1
APP_CRC_FAIL exp=D020 got=C41B seq=33 syncOff=1
APP_CRC_FAIL exp=D020 got=C41B seq=34 syncOff=1
APP_CRC_FAIL exp=D000 got=C41B seq=35 syncOff=1
APP_CRC_FAIL exp=D000 got=C41B seq=36 syncOff=1
APP_CRC_FAIL exp=D020 got=C41B seq=37 syncOff=1
APP_CRC_FAIL exp=D020 got=C41B seq=38 syncOff=1
APP_CRC_FAIL exp=D020 got=C41B seq=39 syncOff=1
APP_CRC_FAIL exp=D020 got=C41B seq=40 syncOff=1
APP_CRC_FAIL exp=D020 got=C41B seq=41 syncOff=1
APP_CRC_FAIL exp=D020 got=C41B seq=42 syncOff=1
APP_CRC_FAIL exp=D020 got=C41B seq=43 syncOff=1
APP_CRC_FAIL exp=D020 got=C41B seq=44 syncOff=1
APP_CRC_FAIL exp=D020 got=C41B seq=45 syncOff=1
APP_CRC_FAIL exp=D020 got=C41B seq=46 syncOff=1
APP_CRC_FAIL exp=D020 got=C41B seq=47 syncOff=1
APP_CRC_FAIL exp=D000 got=C41B seq=48 syncOff=1
APP_CRC_FAIL exp=D020 got=C41B seq=49 syncOff=1
APP_CRC_FAIL exp=D020 got=C41B seq=50 syncOff=1
APP_CRC_FAIL exp=D020 got=C41B seq=51 syncOff=1
APP_CRC_FAIL exp=D020 got=C41B seq=52 syncOff=1
APP_CRC_FAIL exp=D020 got=C41B seq=53 syncOff=1
APP_CRC_FAIL exp=D020 got=C41B seq=54 syncOff=1
APP_CRC_FAIL exp=D020 got=C41B seq=55 syncOff=1
APP_CRC_FAIL exp=D020 got=C41B seq=56 syncOff=1
APP_CRC_FAIL exp=D020 got=C41B seq=57 syncOff=1
APP_CRC_FAIL exp=D020 got=C41B seq=58 syncOff=1
APP_CRC_FAIL exp=D020 got=C41B seq=59 syncOff=1
APP_CRC_FAIL exp=D020 got=C41B seq=60 syncOff=1
APP_CRC_FAIL exp=D020 got=C41B seq=61 syncOff=1
APP_CRC_FAIL exp=D020 got=C41B seq=62 syncOff=1
APP_CRC_FAIL exp=D020 got=C41B seq=63 syncOff=1
APP_CRC_FAIL exp=D020 got=C41B seq=64 syncOff=1
APP_CRC_FAIL exp=D020 got=C41B seq=65 syncOff=1
APP_CRC_FAIL exp=D020 got=C41B seq=66 syncOff=1
APP_CRC_FAIL exp=D020 got=C41B seq=67 syncOff=1
APP_CRC_FAIL exp=D020 got=C41B seq=68 syncOff=1
APP_CRC_FAIL exp=D020 got=C41B seq=69 syncOff=1
APP_CRC_FAIL exp=D020 got=C41B seq=70 syncOff=1
APP_CRC_FAIL exp=D020 got=C41B seq=71 syncOff=1
APP_CRC_FAIL exp=D020 got=C41B seq=72 syncOff=1
APP_CRC_FAIL exp=D020 got=C41B seq=73 syncOff=1
APP_CRC_FAIL exp=D020 got=C41B seq=74 syncOff=1
APP_CRC_FAIL exp=4020 got=473E seq=0 syncOff=1
APP_CRC_FAIL exp=4020 got=473E seq=1 syncOff=1
APP_CRC_FAIL exp=4020 got=473E seq=2 syncOff=1
APP_CRC_FAIL exp=4020 got=473E seq=3 syncOff=1
APP_CRC_FAIL exp=4020 got=473E seq=4 syncOff=1
APP_CRC_FAIL exp=4020 got=473E seq=5 syncOff=1
APP_CRC_FAIL exp=4020 got=473E seq=6 syncOff=1
APP_CRC_FAIL exp=4020 got=473E seq=7 syncOff=1
APP_CRC_FAIL exp=4000 got=473E seq=8 syncOff=1
APP_CRC_FAIL exp=4020 got=473E seq=9 syncOff=1
APP_CRC_FAIL exp=4020 got=473E seq=10 syncOff=1
APP_CRC_FAIL exp=4020 got=473E seq=11 syncOff=1
APP_CRC_FAIL exp=4020 got=473E seq=12 syncOff=1
APP_CRC_FAIL exp=4020 got=473E seq=13 syncOff=1
APP_CRC_FAIL exp=4020 got=473E seq=14 syncOff=1
APP_CRC_FAIL exp=4020 got=473E seq=15 syncOff=1
APP_CRC_FAIL exp=4020 got=473E seq=16 syncOff=1
APP_CRC_FAIL exp=4020 got=473E seq=17 syncOff=1
APP_CRC_FAIL exp=4020 got=473E seq=18 syncOff=1
APP_CRC_FAIL exp=4020 got=473E seq=19 syncOff=1
APP_CRC_FAIL exp=4020 got=473E seq=20 syncOff=1
APP_CRC_FAIL exp=4000 got=473E seq=21 syncOff=1
APP_CRC_FAIL exp=4020 got=473E seq=22 syncOff=1
APP_CRC_FAIL exp=4020 got=473E seq=23 syncOff=1
APP_CRC_FAIL exp=4020 got=473E seq=24 syncOff=1
APP_CRC_FAIL exp=4020 got=473E seq=25 syncOff=1
APP_CRC_FAIL exp=4020 got=473E seq=26 syncOff=1
APP_CRC_FAIL exp=4020 got=473E seq=27 syncOff=1
APP_CRC_FAIL exp=4020 got=473E seq=28 syncOff=1
APP_CRC_FAIL exp=4020 got=473E seq=29 syncOff=1
APP_CRC_FAIL exp=4020 got=473E seq=30 syncOff=1
APP_CRC_FAIL exp=4020 got=473E seq=31 syncOff=1
APP_CRC_FAIL exp=4020 got=473E seq=32 syncOff=1
APP_CRC_FAIL exp=4020 got=473E seq=33 syncOff=1
APP_CRC_FAIL exp=4020 got=473E seq=34 syncOff=1
APP_CRC_FAIL exp=4020 got=473E seq=35 syncOff=1
APP_CRC_FAIL exp=4020 got=473E seq=36 syncOff=1
APP_CRC_FAIL exp=4020 got=473E seq=37 syncOff=1
APP_CRC_FAIL exp=4020 got=473E seq=38 syncOff=1
APP_CRC_FAIL exp=4020 got=473E seq=39 syncOff=1
APP_CRC_FAIL exp=4020 got=473E seq=40 syncOff=1
APP_CRC_FAIL exp=4020 got=473E seq=41 syncOff=1
APP_CRC_FAIL exp=4020 got=473E seq=42 syncOff=1
APP_CRC_FAIL exp=4020 got=473E seq=43 syncOff=1
APP_CRC_FAIL exp=4020 got=473E seq=44 syncOff=1
APP_CRC_FAIL exp=4020 got=473E seq=45 syncOff=1
APP_CRC_FAIL exp=4020 got=473E seq=46 syncOff=1
APP_CRC_FAIL exp=4020 got=473E seq=47 syncOff=1
APP_CRC_FAIL exp=4020 got=473E seq=48 syncOff=1
APP_CRC_FAIL exp=4020 got=473E seq=49 syncOff=1
APP_CRC_FAIL exp=4020 got=473E seq=50 syncOff=1
APP_CRC_FAIL exp=4020 got=473E seq=51 syncOff=1
APP_CRC_FAIL exp=4020 got=473E seq=52 syncOff=1
APP_CRC_FAIL exp=4020 got=473E seq=53 syncOff=1
APP_CRC_FAIL exp=4020 got=473E seq=54 syncOff=1
APP_CRC_FAIL exp=4020 got=473E seq=55 syncOff=1
APP_CRC_FAIL exp=4020 got=473E seq=56 syncOff=1
APP_CRC_FAIL exp=4020 got=473E seq=57 syncOff=1
APP_CRC_FAIL exp=4020 got=473E seq=58 syncOff=1
APP_CRC_FAIL exp=4020 got=473E seq=59 syncOff=1
APP_CRC_FAIL exp=4020 got=473E seq=60 syncOff=1
APP_CRC_FAIL exp=4020 got=473E seq=61 syncOff=1
APP_CRC_FAIL exp=4020 got=473E seq=62 syncOff=1
SYNC_NOT_FOUND first4=4077F774
APP_CRC_FAIL exp=4020 got=473E seq=63 syncOff=1
APP_CRC_FAIL exp=4020 got=473E seq=64 syncOff=1
APP_CRC_FAIL exp=4020 got=473E seq=65 syncOff=1
APP_CRC_FAIL exp=4020 got=473E seq=66 syncOff=1
APP_CRC_FAIL exp=4020 got=473E seq=67 syncOff=1
APP_CRC_FAIL exp=4020 got=473E seq=68 syncOff=1
APP_CRC_FAIL exp=4020 got=473E seq=69 syncOff=1
APP_CRC_FAIL exp=4020 got=473E seq=70 syncOff=1
APP_CRC_FAIL exp=4020 got=473E seq=71 syncOff=1
APP_CRC_FAIL exp=4020 got=473E seq=72 syncOff=1
APP_CRC_FAIL exp=4020 got=473E seq=73 syncOff=1
APP_CRC_FAIL exp=4020 got=473E seq=74 syncOff=1
APP_CRC_FAIL exp=9520 got=13EF seq=0 syncOff=1
APP_CRC_FAIL exp=9520 got=13EF seq=1 syncOff=1
APP_CRC_FAIL exp=9520 got=13EF seq=2 syncOff=1
APP_CRC_FAIL exp=9520 got=13EF seq=3 syncOff=1
APP_CRC_FAIL exp=9520 got=13EF seq=4 syncOff=1
APP_CRC_FAIL exp=9520 got=13EF seq=5 syncOff=1
APP_CRC_FAIL exp=9520 got=13EF seq=6 syncOff=1
APP_CRC_FAIL exp=9520 got=13EF seq=7 syncOff=1
APP_CRC_FAIL exp=9520 got=13EF seq=8 syncOff=1
APP_CRC_FAIL exp=9520 got=13EF seq=9 syncOff=1
APP_CRC_FAIL exp=9520 got=13EF seq=10 syncOff=1
APP_CRC_FAIL exp=9520 got=13EF seq=11 syncOff=1
APP_CRC_FAIL exp=9520 got=13EF seq=12 syncOff=1
APP_CRC_FAIL exp=9520 got=13EF seq=13 syncOff=1
APP_CRC_FAIL exp=9520 got=13EF seq=14 syncOff=1
APP_CRC_FAIL exp=9520 got=13EF seq=15 syncOff=1
SYNC_NOT_FOUND first4=95A388A2
APP_CRC_FAIL exp=9520 got=13EF seq=16 syncOff=1
APP_CRC_FAIL exp=9520 got=13EF seq=17 syncOff=1
APP_CRC_FAIL exp=9520 got=13EF seq=18 syncOff=1
APP_CRC_FAIL exp=9520 got=13EF seq=19 syncOff=1
APP_CRC_FAIL exp=9520 got=13EF seq=20 syncOff=1
APP_CRC_FAIL exp=9520 got=13EF seq=21 syncOff=1
APP_CRC_FAIL exp=9520 got=13EF seq=22 syncOff=1
APP_CRC_FAIL exp=9520 got=13EF seq=23 syncOff=1
APP_CRC_FAIL exp=9520 got=13EF seq=24 syncOff=1
APP_CRC_FAIL exp=9520 got=13EF seq=25 syncOff=1
APP_CRC_FAIL exp=9500 got=13EF seq=26 syncOff=1
APP_CRC_FAIL exp=9520 got=13EF seq=27 syncOff=1
APP_CRC_FAIL exp=9500 got=13EF seq=28 syncOff=1
APP_CRC_FAIL exp=9520 got=13EF seq=29 syncOff=1
APP_CRC_FAIL exp=9520 got=13EF seq=30 syncOff=1
APP_CRC_FAIL exp=9520 got=13EF seq=31 syncOff=1
APP_CRC_FAIL exp=9520 got=13EF seq=32 syncOff=1
APP_CRC_FAIL exp=9500 got=13EF seq=33 syncOff=1
APP_CRC_FAIL exp=9520 got=13EF seq=34 syncOff=1
APP_CRC_FAIL exp=9520 got=13EF seq=35 syncOff=1
APP_CRC_FAIL exp=9520 got=13EF seq=36 syncOff=1
APP_CRC_FAIL exp=9520 got=13EF seq=37 syncOff=1
APP_CRC_FAIL exp=9520 got=13EF seq=38 syncOff=1
APP_CRC_FAIL exp=9520 got=13EF seq=39 syncOff=1
APP_CRC_FAIL exp=9520 got=13EF seq=40 syncOff=1
APP_CRC_FAIL exp=9520 got=13EF seq=41 syncOff=1
APP_CRC_FAIL exp=9520 got=13EF seq=42 syncOff=1
APP_CRC_FAIL exp=9520 got=13EF seq=43 syncOff=1
APP_CRC_FAIL exp=9520 got=13EF seq=44 syncOff=1
APP_CRC_FAIL exp=9520 got=13EF seq=45 syncOff=1
APP_CRC_FAIL exp=9520 got=13EF seq=46 syncOff=1
APP_CRC_FAIL exp=9520 got=13EF seq=47 syncOff=1
APP_CRC_FAIL exp=9520 got=13EF seq=48 syncOff=1
APP_CRC_FAIL exp=9520 got=13EF seq=49 syncOff=1
APP_CRC_FAIL exp=9520 got=13EF seq=50 syncOff=1
APP_CRC_FAIL exp=9520 got=13EF seq=51 syncOff=1
APP_CRC_FAIL exp=9520 got=13EF seq=52 syncOff=1
APP_CRC_FAIL exp=9520 got=13EF seq=53 syncOff=1
APP_CRC_FAIL exp=9520 got=13EF seq=54 syncOff=1
APP_CRC_FAIL exp=9520 got=13EF seq=55 syncOff=1
APP_CRC_FAIL exp=9520 got=13EF seq=56 syncOff=1
APP_CRC_FAIL exp=9520 got=13EF seq=57 syncOff=1
APP_CRC_FAIL exp=9520 got=13EF seq=58 syncOff=1
APP_CRC_FAIL exp=9520 got=13EF seq=59 syncOff=1
APP_CRC_FAIL exp=9520 got=13EF seq=60 syncOff=1
APP_CRC_FAIL exp=9520 got=13EF seq=61 syncOff=1
APP_CRC_FAIL exp=9520 got=13EF seq=62 syncOff=1
APP_CRC_FAIL exp=9520 got=13EF seq=63 syncOff=1
APP_CRC_FAIL exp=9520 got=13EF seq=64 syncOff=1
APP_CRC_FAIL exp=9500 got=13EF seq=65 syncOff=1
APP_CRC_FAIL exp=9520 got=13EF seq=66 syncOff=1
APP_CRC_FAIL exp=9520 got=13EF seq=67 syncOff=1
APP_CRC_FAIL exp=9520 got=13EF seq=68 syncOff=1
APP_CRC_FAIL exp=9520 got=13EF seq=69 syncOff=1
APP_CRC_FAIL exp=9520 got=13EF seq=70 syncOff=1
APP_CRC_FAIL exp=9520 got=13EF seq=71 syncOff=1
APP_CRC_FAIL exp=9520 got=13EF seq=72 syncOff=1
APP_CRC_FAIL exp=9500 got=13EF seq=73 syncOff=1
APP_CRC_FAIL exp=9520 got=13EF seq=74 syncOff=1
APP_CRC_FAIL exp=3B20 got=3BEE seq=0 syncOff=1
APP_CRC_FAIL exp=EC20 got=EC2C seq=1 syncOff=1
APP_CRC_FAIL exp=8420 got=844B seq=2 syncOff=1
APP_CRC_FAIL exp=5320 got=5389 seq=3 syncOff=1
APP_CRC_FAIL exp=5420 got=5485 seq=4 syncOff=1
APP_CRC_FAIL exp=8320 got=8347 seq=5 syncOff=1
TIME_DIFF gps_utc=1785056922 laptop_utc=1785056921 offset=1
APP_CRC_FAIL exp=3C20 got=3CE2 seq=7 syncOff=1
APP_CRC_FAIL exp=E520 got=E538 seq=8 syncOff=1
APP_CRC_FAIL exp=3220 got=32FA seq=9 syncOff=1
APP_CRC_FAIL exp=5A20 got=5A9D seq=10 syncOff=1
APP_CRC_FAIL exp=8D20 got=8D5F seq=11 syncOff=1
APP_CRC_FAIL exp=8A20 got=8A53 seq=12 syncOff=1
APP_CRC_FAIL exp=5D20 got=5D91 seq=13 syncOff=1
APP_CRC_FAIL exp=3500 got=35F6 seq=14 syncOff=1
APP_CRC_FAIL exp=E220 got=E234 seq=15 syncOff=1
APP_CRC_FAIL exp=9620 got=9663 seq=16 syncOff=1
APP_CRC_FAIL exp=4120 got=41A1 seq=17 syncOff=1
APP_CRC_FAIL exp=2920 got=29C6 seq=18 syncOff=1
APP_CRC_FAIL exp=FE20 got=FE04 seq=19 syncOff=1
APP_CRC_FAIL exp=F920 got=F908 seq=20 syncOff=1
APP_CRC_FAIL exp=2E20 got=2ECA seq=21 syncOff=1
APP_CRC_FAIL exp=4620 got=46AD seq=22 syncOff=1
APP_CRC_FAIL exp=9120 got=916F seq=23 syncOff=1
APP_CRC_FAIL exp=4820 got=48B5 seq=24 syncOff=1
APP_CRC_FAIL exp=9F20 got=9F77 seq=25 syncOff=1
APP_CRC_FAIL exp=F720 got=F710 seq=26 syncOff=1
APP_CRC_FAIL exp=2020 got=20D2 seq=27 syncOff=1
APP_CRC_FAIL exp=2720 got=27DE seq=28 syncOff=1
APP_CRC_FAIL exp=F020 got=F01C seq=29 syncOff=1
APP_CRC_FAIL exp=9820 got=987B seq=30 syncOff=1
APP_CRC_FAIL exp=4F20 got=4FB9 seq=31 syncOff=1
APP_CRC_FAIL exp=7020 got=70D5 seq=32 syncOff=1
APP_CRC_FAIL exp=A720 got=A717 seq=33 syncOff=1
APP_CRC_FAIL exp=CF20 got=CF70 seq=34 syncOff=1
APP_CRC_FAIL exp=1820 got=18B2 seq=35 syncOff=1
APP_CRC_FAIL exp=1F20 got=1FBE seq=36 syncOff=1
APP_CRC_FAIL exp=C820 got=C87C seq=37 syncOff=1
APP_CRC_FAIL exp=A020 got=A01B seq=38 syncOff=1
APP_CRC_FAIL exp=7720 got=77D9 seq=39 syncOff=1
APP_CRC_FAIL exp=AE20 got=AE03 seq=40 syncOff=1
APP_CRC_FAIL exp=7920 got=79C1 seq=41 syncOff=1
APP_CRC_FAIL exp=1120 got=11A6 seq=42 syncOff=1
APP_CRC_FAIL exp=C620 got=C664 seq=43 syncOff=1
APP_CRC_FAIL exp=C120 got=C168 seq=44 syncOff=1
APP_CRC_FAIL exp=1620 got=16AA seq=45 syncOff=1
APP_CRC_FAIL exp=7E20 got=7ECD seq=46 syncOff=1
APP_CRC_FAIL exp=A920 got=A90F seq=47 syncOff=1
APP_CRC_FAIL exp=DD20 got=DD58 seq=48 syncOff=1
APP_CRC_FAIL exp=0A20 got=0A9A seq=49 syncOff=1
APP_CRC_FAIL exp=6220 got=62FD seq=50 syncOff=1
APP_CRC_FAIL exp=AE20 got=AEF1 seq=51 syncOff=1
APP_CRC_FAIL exp=A920 got=A9FD seq=52 syncOff=1
APP_CRC_FAIL exp=7E20 got=7E3F seq=53 syncOff=1
APP_CRC_FAIL exp=1620 got=1658 seq=54 syncOff=1
APP_CRC_FAIL exp=C120 got=C19A seq=55 syncOff=1
APP_CRC_FAIL exp=1820 got=1840 seq=56 syncOff=1
APP_CRC_FAIL exp=CF00 got=CF82 seq=57 syncOff=1
APP_CRC_FAIL exp=A720 got=A7E5 seq=58 syncOff=1
APP_CRC_FAIL exp=7020 got=7027 seq=59 syncOff=1
APP_CRC_FAIL exp=7720 got=772B seq=60 syncOff=1
APP_CRC_FAIL exp=A020 got=A0E9 seq=61 syncOff=1
APP_CRC_FAIL exp=C820 got=C88E seq=62 syncOff=1
APP_CRC_FAIL exp=1F20 got=1F4C seq=63 syncOff=1
APP_CRC_FAIL exp=B620 got=B656 seq=64 syncOff=1
APP_CRC_FAIL exp=6120 got=6194 seq=65 syncOff=1
APP_CRC_FAIL exp=0920 got=09F3 seq=66 syncOff=1
APP_CRC_FAIL exp=DE20 got=DE31 seq=67 syncOff=1
APP_CRC_FAIL exp=D920 got=D93D seq=68 syncOff=1
APP_CRC_FAIL exp=0E20 got=0EFF seq=69 syncOff=1
APP_CRC_FAIL exp=6620 got=6698 seq=70 syncOff=1
APP_CRC_FAIL exp=B120 got=B15A seq=71 syncOff=1
APP_CRC_FAIL exp=6820 got=6880 seq=72 syncOff=1
APP_CRC_FAIL exp=BF20 got=BF42 seq=73 syncOff=1
APP_CRC_FAIL exp=D700 got=D725 seq=74 syncOff=1
TIME_SYNCED utc=1785056925 offset=1785033574
TIME_STATS min=-2000ms max=1000ms avg=-87ms corrections=0
TIME_SYNCED utc=1785056935 offset=1785033574
TIME_SYNCED utc=1785056945 offset=1785033574
SYNC_NOT_FOUND first4=257D9D92
TIME_SYNCED utc=1785056956 offset=1785033575
TIME_SYNCED utc=1785056966 offset=1785033575
SYNC_NOT_FOUND first4=3FAF9C03
SYNC_NOT_FOUND first4=0450D0CA
SYNC_LOST phase=55 consecutive=3 cached_off=1
SYNC_NOT_FOUND first4=02F57052
TIME_SYNCED utc=1785056976 offset=1785033574
SYNC_NOT_FOUND first4=C728DE5B
SYNC_NOT_FOUND first4=A4952574
SYNC_NOT_FOUND first4=3D8AA17F
SYNC_NOT_FOUND first4=71E56510
SYNC_NOT_FOUND first4=7A352D8D
SYNC_NOT_FOUND first4=2E3C87AD
SYNC_NOT_FOUND first4=06F0F0F0
SYNC_NOT_FOUND first4=53A46283
SYNC_NOT_FOUND first4=774CDDBF
TIME_STATS min=-2000ms max=1000ms avg=-87ms corrections=0
TIME_SYNCED utc=1785056987 offset=1785033574
SYNC_NOT_FOUND first4=E6161303
SYNC_NOT_FOUND first4=66DD136C
SYNC_OFFSET phase=55 off=1 prev=-1
APP_CRC_FAIL exp=C220 got=02F6 seq=0 syncOff=1
APP_CRC_FAIL exp=C220 got=02F6 seq=1 syncOff=1
APP_CRC_FAIL exp=C220 got=02F6 seq=2 syncOff=1
APP_CRC_FAIL exp=C220 got=02F6 seq=3 syncOff=1
APP_CRC_FAIL exp=C220 got=02F6 seq=4 syncOff=1
APP_CRC_FAIL exp=C220 got=02F6 seq=5 syncOff=1
APP_CRC_FAIL exp=C220 got=02F6 seq=6 syncOff=1
APP_CRC_FAIL exp=C220 got=02F6 seq=7 syncOff=1
APP_CRC_FAIL exp=C220 got=02F6 seq=8 syncOff=1
APP_CRC_FAIL exp=C220 got=02F6 seq=9 syncOff=1
APP_CRC_FAIL exp=C220 got=02F6 seq=10 syncOff=1
APP_CRC_FAIL exp=C220 got=02F6 seq=11 syncOff=1
APP_CRC_FAIL exp=C220 got=02F6 seq=12 syncOff=1
APP_CRC_FAIL exp=C220 got=02F6 seq=13 syncOff=1
APP_CRC_FAIL exp=C220 got=02F6 seq=14 syncOff=1
APP_CRC_FAIL exp=C220 got=02F6 seq=15 syncOff=1
APP_CRC_FAIL exp=C220 got=02F6 seq=16 syncOff=1
APP_CRC_FAIL exp=C220 got=02F6 seq=17 syncOff=1
APP_CRC_FAIL exp=C220 got=02F6 seq=18 syncOff=1
APP_CRC_FAIL exp=C220 got=02F6 seq=19 syncOff=1
APP_CRC_FAIL exp=C220 got=02F6 seq=20 syncOff=1
APP_CRC_FAIL exp=C220 got=02F6 seq=21 syncOff=1
APP_CRC_FAIL exp=C220 got=02F6 seq=22 syncOff=1
APP_CRC_FAIL exp=C220 got=02F6 seq=23 syncOff=1
APP_CRC_FAIL exp=C220 got=02F6 seq=24 syncOff=1
APP_CRC_FAIL exp=C220 got=02F6 seq=25 syncOff=1
APP_CRC_FAIL exp=C220 got=02F6 seq=26 syncOff=1
APP_CRC_FAIL exp=C220 got=02F6 seq=27 syncOff=1
APP_CRC_FAIL exp=C220 got=02F6 seq=28 syncOff=1
APP_CRC_FAIL exp=C220 got=02F6 seq=29 syncOff=1
APP_CRC_FAIL exp=C200 got=02F6 seq=30 syncOff=1
APP_CRC_FAIL exp=C200 got=02F6 seq=31 syncOff=1
APP_CRC_FAIL exp=C200 got=02F6 seq=32 syncOff=1
APP_CRC_FAIL exp=C220 got=02F6 seq=33 syncOff=1
APP_CRC_FAIL exp=C220 got=02F6 seq=34 syncOff=1
APP_CRC_FAIL exp=C220 got=02F6 seq=35 syncOff=1
APP_CRC_FAIL exp=C220 got=02F6 seq=36 syncOff=1
APP_CRC_FAIL exp=C220 got=02F6 seq=37 syncOff=1
APP_CRC_FAIL exp=C220 got=02F6 seq=38 syncOff=1
APP_CRC_FAIL exp=C220 got=02F6 seq=39 syncOff=1
APP_CRC_FAIL exp=C220 got=02F6 seq=40 syncOff=1
APP_CRC_FAIL exp=C220 got=02F6 seq=41 syncOff=1
APP_CRC_FAIL exp=C220 got=02F6 seq=42 syncOff=1
APP_CRC_FAIL exp=C220 got=02F6 seq=43 syncOff=1
APP_CRC_FAIL exp=C220 got=02F6 seq=44 syncOff=1
APP_CRC_FAIL exp=C220 got=02F6 seq=45 syncOff=1
APP_CRC_FAIL exp=C220 got=02F6 seq=46 syncOff=1
APP_CRC_FAIL exp=C220 got=02F6 seq=47 syncOff=1
APP_CRC_FAIL exp=C220 got=02F6 seq=48 syncOff=1
APP_CRC_FAIL exp=C220 got=02F6 seq=49 syncOff=1
APP_CRC_FAIL exp=C220 got=02F6 seq=50 syncOff=1
APP_CRC_FAIL exp=C220 got=02F6 seq=51 syncOff=1
APP_CRC_FAIL exp=C220 got=02F6 seq=52 syncOff=1
APP_CRC_FAIL exp=C220 got=02F6 seq=53 syncOff=1
APP_CRC_FAIL exp=C220 got=02F6 seq=54 syncOff=1
APP_CRC_FAIL exp=C220 got=02F6 seq=55 syncOff=1
APP_CRC_FAIL exp=C220 got=02F6 seq=56 syncOff=1
APP_CRC_FAIL exp=C220 got=02F6 seq=57 syncOff=1
APP_CRC_FAIL exp=C220 got=02F6 seq=58 syncOff=1
APP_CRC_FAIL exp=C220 got=02F6 seq=59 syncOff=1
APP_CRC_FAIL exp=C220 got=02F6 seq=60 syncOff=1
APP_CRC_FAIL exp=C220 got=02F6 seq=61 syncOff=1
APP_CRC_FAIL exp=C220 got=02F6 seq=62 syncOff=1
APP_CRC_FAIL exp=C220 got=02F6 seq=63 syncOff=1
APP_CRC_FAIL exp=C220 got=02F6 seq=64 syncOff=1
APP_CRC_FAIL exp=C220 got=02F6 seq=65 syncOff=1
APP_CRC_FAIL exp=C220 got=02F6 seq=66 syncOff=1
APP_CRC_FAIL exp=C220 got=02F6 seq=67 syncOff=1
APP_CRC_FAIL exp=C220 got=02F6 seq=68 syncOff=1
APP_CRC_FAIL exp=C220 got=02F6 seq=69 syncOff=1
APP_CRC_FAIL exp=C220 got=02F6 seq=70 syncOff=1
APP_CRC_FAIL exp=C220 got=02F6 seq=71 syncOff=1
APP_CRC_FAIL exp=C220 got=02F6 seq=72 syncOff=1
APP_CRC_FAIL exp=C220 got=02F6 seq=73 syncOff=1
APP_CRC_FAIL exp=C220 got=02F6 seq=74 syncOff=1
APP_CRC_FAIL exp=4020 got=473E seq=0 syncOff=1
APP_CRC_FAIL exp=4020 got=473E seq=1 syncOff=1
APP_CRC_FAIL exp=4020 got=473E seq=2 syncOff=1
APP_CRC_FAIL exp=4020 got=473E seq=3 syncOff=1
APP_CRC_FAIL exp=4020 got=473E seq=4 syncOff=1
APP_CRC_FAIL exp=4020 got=473E seq=5 syncOff=1
APP_CRC_FAIL exp=4020 got=473E seq=6 syncOff=1
APP_CRC_FAIL exp=4020 got=473E seq=7 syncOff=1
APP_CRC_FAIL exp=4020 got=473E seq=8 syncOff=1
APP_CRC_FAIL exp=4020 got=473E seq=9 syncOff=1
APP_CRC_FAIL exp=4020 got=473E seq=10 syncOff=1
APP_CRC_FAIL exp=4020 got=473E seq=11 syncOff=1
APP_CRC_FAIL exp=4020 got=473E seq=12 syncOff=1
APP_CRC_FAIL exp=4020 got=473E seq=13 syncOff=1
APP_CRC_FAIL exp=4020 got=473E seq=14 syncOff=1
APP_CRC_FAIL exp=4020 got=473E seq=15 syncOff=1
APP_CRC_FAIL exp=4020 got=473E seq=16 syncOff=1
APP_CRC_FAIL exp=4020 got=473E seq=17 syncOff=1
APP_CRC_FAIL exp=4020 got=473E seq=18 syncOff=1
APP_CRC_FAIL exp=4020 got=473E seq=19 syncOff=1
APP_CRC_FAIL exp=4020 got=473E seq=20 syncOff=1
APP_CRC_FAIL exp=4020 got=473E seq=21 syncOff=1
APP_CRC_FAIL exp=4020 got=473E seq=22 syncOff=1
APP_CRC_FAIL exp=4020 got=473E seq=23 syncOff=1
APP_CRC_FAIL exp=4020 got=473E seq=24 syncOff=1
APP_CRC_FAIL exp=4020 got=473E seq=25 syncOff=1
APP_CRC_FAIL exp=4020 got=473E seq=26 syncOff=1
SYNC_NOT_FOUND first4=40EA43D2
APP_CRC_FAIL exp=4020 got=473E seq=27 syncOff=1
APP_CRC_FAIL exp=4020 got=473E seq=28 syncOff=1
APP_CRC_FAIL exp=4020 got=473E seq=29 syncOff=1
APP_CRC_FAIL exp=4020 got=473E seq=30 syncOff=1
APP_CRC_FAIL exp=4020 got=473E seq=31 syncOff=1
APP_CRC_FAIL exp=4020 got=473E seq=32 syncOff=1
APP_CRC_FAIL exp=4020 got=473E seq=33 syncOff=1
APP_CRC_FAIL exp=4020 got=473E seq=34 syncOff=1
APP_CRC_FAIL exp=4020 got=473E seq=35 syncOff=1
APP_CRC_FAIL exp=4020 got=473E seq=36 syncOff=1
APP_CRC_FAIL exp=4020 got=473E seq=37 syncOff=1
APP_CRC_FAIL exp=4020 got=473E seq=38 syncOff=1
APP_CRC_FAIL exp=4020 got=473E seq=39 syncOff=1
APP_CRC_FAIL exp=4020 got=473E seq=40 syncOff=1
APP_CRC_FAIL exp=4020 got=473E seq=41 syncOff=1
APP_CRC_FAIL exp=4020 got=473E seq=42 syncOff=1
APP_CRC_FAIL exp=4020 got=473E seq=43 syncOff=1
APP_CRC_FAIL exp=4020 got=473E seq=44 syncOff=1
APP_CRC_FAIL exp=4020 got=473E seq=45 syncOff=1
APP_CRC_FAIL exp=4020 got=473E seq=46 syncOff=1
APP_CRC_FAIL exp=4020 got=473E seq=47 syncOff=1
APP_CRC_FAIL exp=4020 got=473E seq=48 syncOff=1
APP_CRC_FAIL exp=4020 got=473E seq=49 syncOff=1
APP_CRC_FAIL exp=4020 got=473E seq=50 syncOff=1
APP_CRC_FAIL exp=4020 got=473E seq=51 syncOff=1
APP_CRC_FAIL exp=4020 got=473E seq=52 syncOff=1
APP_CRC_FAIL exp=4020 got=473E seq=53 syncOff=1
APP_CRC_FAIL exp=4020 got=473E seq=54 syncOff=1
APP_CRC_FAIL exp=4020 got=473E seq=55 syncOff=1
APP_CRC_FAIL exp=4020 got=473E seq=56 syncOff=1
SYNC_NOT_FOUND first4=4007426E
APP_CRC_FAIL exp=4020 got=473E seq=57 syncOff=1
APP_CRC_FAIL exp=4020 got=473E seq=58 syncOff=1
APP_CRC_FAIL exp=4020 got=473E seq=59 syncOff=1
APP_CRC_FAIL exp=4020 got=473E seq=60 syncOff=1
APP_CRC_FAIL exp=4020 got=473E seq=61 syncOff=1
APP_CRC_FAIL exp=4020 got=473E seq=62 syncOff=1
APP_CRC_FAIL exp=4020 got=473E seq=63 syncOff=1
APP_CRC_FAIL exp=4020 got=473E seq=64 syncOff=1
APP_CRC_FAIL exp=4020 got=473E seq=65 syncOff=1
APP_CRC_FAIL exp=4020 got=473E seq=66 syncOff=1
APP_CRC_FAIL exp=4020 got=473E seq=67 syncOff=1
APP_CRC_FAIL exp=4020 got=473E seq=68 syncOff=1
APP_CRC_FAIL exp=4020 got=473E seq=69 syncOff=1
APP_CRC_FAIL exp=4020 got=473E seq=70 syncOff=1
APP_CRC_FAIL exp=4020 got=473E seq=71 syncOff=1
APP_CRC_FAIL exp=4020 got=473E seq=72 syncOff=1
APP_CRC_FAIL exp=4020 got=473E seq=73 syncOff=1
APP_CRC_FAIL exp=4020 got=473E seq=74 syncOff=1
APP_CRC_FAIL exp=9520 got=13EF seq=0 syncOff=1
APP_CRC_FAIL exp=9520 got=13EF seq=1 syncOff=1
APP_CRC_FAIL exp=9520 got=13EF seq=2 syncOff=1
APP_CRC_FAIL exp=9520 got=13EF seq=3 syncOff=1
APP_CRC_FAIL exp=9520 got=13EF seq=4 syncOff=1
APP_CRC_FAIL exp=9520 got=13EF seq=5 syncOff=1
APP_CRC_FAIL exp=9520 got=13EF seq=6 syncOff=1
APP_CRC_FAIL exp=9520 got=13EF seq=7 syncOff=1
APP_CRC_FAIL exp=9520 got=13EF seq=8 syncOff=1
APP_CRC_FAIL exp=9520 got=13EF seq=9 syncOff=1
APP_CRC_FAIL exp=9520 got=13EF seq=10 syncOff=1
APP_CRC_FAIL exp=9520 got=13EF seq=11 syncOff=1
APP_CRC_FAIL exp=9520 got=13EF seq=12 syncOff=1
APP_CRC_FAIL exp=9520 got=13EF seq=13 syncOff=1
APP_CRC_FAIL exp=9520 got=13EF seq=14 syncOff=1
APP_CRC_FAIL exp=9520 got=13EF seq=15 syncOff=1
APP_CRC_FAIL exp=9520 got=13EF seq=16 syncOff=1
APP_CRC_FAIL exp=9520 got=13EF seq=17 syncOff=1
APP_CRC_FAIL exp=9520 got=13EF seq=18 syncOff=1
APP_CRC_FAIL exp=9520 got=13EF seq=19 syncOff=1
APP_CRC_FAIL exp=9520 got=13EF seq=20 syncOff=1
APP_CRC_FAIL exp=9520 got=13EF seq=21 syncOff=1
APP_CRC_FAIL exp=9520 got=13EF seq=22 syncOff=1
APP_CRC_FAIL exp=9520 got=13EF seq=23 syncOff=1
APP_CRC_FAIL exp=9520 got=13EF seq=24 syncOff=1
APP_CRC_FAIL exp=9520 got=13EF seq=25 syncOff=1
APP_CRC_FAIL exp=9520 got=13EF seq=26 syncOff=1
APP_CRC_FAIL exp=9500 got=13EF seq=27 syncOff=1
APP_CRC_FAIL exp=9520 got=13EF seq=28 syncOff=1
APP_CRC_FAIL exp=9520 got=13EF seq=29 syncOff=1
APP_CRC_FAIL exp=9520 got=13EF seq=30 syncOff=1
APP_CRC_FAIL exp=9520 got=13EF seq=31 syncOff=1
APP_CRC_FAIL exp=9520 got=13EF seq=32 syncOff=1
APP_CRC_FAIL exp=9520 got=13EF seq=33 syncOff=1
APP_CRC_FAIL exp=9520 got=13EF seq=34 syncOff=1
APP_CRC_FAIL exp=9520 got=13EF seq=35 syncOff=1
APP_CRC_FAIL exp=9520 got=13EF seq=36 syncOff=1
APP_CRC_FAIL exp=9520 got=13EF seq=37 syncOff=1
APP_CRC_FAIL exp=9520 got=13EF seq=38 syncOff=1
APP_CRC_FAIL exp=9520 got=13EF seq=39 syncOff=1
APP_CRC_FAIL exp=9520 got=13EF seq=40 syncOff=1
APP_CRC_FAIL exp=9520 got=13EF seq=41 syncOff=1
APP_CRC_FAIL exp=9520 got=13EF seq=42 syncOff=1
APP_CRC_FAIL exp=9520 got=13EF seq=43 syncOff=1
APP_CRC_FAIL exp=9520 got=13EF seq=44 syncOff=1
APP_CRC_FAIL exp=9520 got=13EF seq=45 syncOff=1
APP_CRC_FAIL exp=9520 got=13EF seq=46 syncOff=1
APP_CRC_FAIL exp=9520 got=13EF seq=47 syncOff=1
APP_CRC_FAIL exp=9520 got=13EF seq=48 syncOff=1
APP_CRC_FAIL exp=9520 got=13EF seq=49 syncOff=1
APP_CRC_FAIL exp=9520 got=13EF seq=50 syncOff=1
APP_CRC_FAIL exp=9520 got=13EF seq=51 syncOff=1
APP_CRC_FAIL exp=9520 got=13EF seq=52 syncOff=1
APP_CRC_FAIL exp=9520 got=13EF seq=53 syncOff=1
APP_CRC_FAIL exp=9520 got=13EF seq=54 syncOff=1
APP_CRC_FAIL exp=9520 got=13EF seq=55 syncOff=1
APP_CRC_FAIL exp=9520 got=13EF seq=56 syncOff=1
APP_CRC_FAIL exp=9520 got=13EF seq=57 syncOff=1
APP_CRC_FAIL exp=9520 got=13EF seq=58 syncOff=1
APP_CRC_FAIL exp=9520 got=13EF seq=59 syncOff=1
APP_CRC_FAIL exp=9520 got=13EF seq=60 syncOff=1
APP_CRC_FAIL exp=9520 got=13EF seq=61 syncOff=1
APP_CRC_FAIL exp=9520 got=13EF seq=62 syncOff=1
APP_CRC_FAIL exp=9520 got=13EF seq=63 syncOff=1
APP_CRC_FAIL exp=9520 got=13EF seq=64 syncOff=1
APP_CRC_FAIL exp=9520 got=13EF seq=65 syncOff=1
APP_CRC_FAIL exp=9520 got=13EF seq=66 syncOff=1
APP_CRC_FAIL exp=9520 got=13EF seq=67 syncOff=1
APP_CRC_FAIL exp=9520 got=13EF seq=68 syncOff=1
APP_CRC_FAIL exp=9520 got=13EF seq=69 syncOff=1
APP_CRC_FAIL exp=9520 got=13EF seq=70 syncOff=1
APP_CRC_FAIL exp=9520 got=13EF seq=71 syncOff=1
APP_CRC_FAIL exp=9520 got=13EF seq=72 syncOff=1
APP_CRC_FAIL exp=9520 got=13EF seq=73 syncOff=1
APP_CRC_FAIL exp=9520 got=13EF seq=74 syncOff=1
APP_CRC_FAIL exp=F120 got=F1C6 seq=0 syncOff=1
TIME_SYNCED utc=1785056998 offset=1785033575
APP_CRC_FAIL exp=2620 got=2604 seq=1 syncOff=1
APP_CRC_FAIL exp=4E20 got=4E63 seq=2 syncOff=1
APP_CRC_FAIL exp=9920 got=99A1 seq=3 syncOff=1
APP_CRC_FAIL exp=9E20 got=9EAD seq=4 syncOff=1
APP_CRC_FAIL exp=4920 got=496F seq=5 syncOff=1
APP_CRC_FAIL exp=2120 got=2108 seq=6 syncOff=1
APP_CRC_FAIL exp=F620 got=F6CA seq=7 syncOff=1
SYNC_NOT_FOUND first4=CA4890EB
APP_CRC_FAIL exp=F820 got=F8D2 seq=9 syncOff=1
APP_CRC_FAIL exp=9020 got=90B5 seq=10 syncOff=1
APP_CRC_FAIL exp=4720 got=4777 seq=11 syncOff=1
APP_CRC_FAIL exp=4020 got=407B seq=12 syncOff=1
APP_CRC_FAIL exp=9720 got=97B9 seq=13 syncOff=1
APP_CRC_FAIL exp=FF20 got=FFDE seq=14 syncOff=1
APP_CRC_FAIL exp=2820 got=281C seq=15 syncOff=1
APP_CRC_FAIL exp=5C20 got=5C4B seq=16 syncOff=1
APP_CRC_FAIL exp=8B20 got=8B89 seq=17 syncOff=1
APP_CRC_FAIL exp=E320 got=E3EE seq=18 syncOff=1
APP_CRC_FAIL exp=3420 got=342C seq=19 syncOff=1
TIME_DIFF gps_utc=1785056998 laptop_utc=1785056999 offset=-1
APP_CRC_FAIL exp=E420 got=E4E2 seq=21 syncOff=1
APP_CRC_FAIL exp=8C20 got=8C85 seq=22 syncOff=1
APP_CRC_FAIL exp=5B00 got=5B47 seq=23 syncOff=1
APP_CRC_FAIL exp=8220 got=829D seq=24 syncOff=1
APP_CRC_FAIL exp=5520 got=555F seq=25 syncOff=1
APP_CRC_FAIL exp=3D20 got=3D38 seq=26 syncOff=1
APP_CRC_FAIL exp=EA20 got=EAFA seq=27 syncOff=1
APP_CRC_FAIL exp=ED20 got=EDF6 seq=28 syncOff=1
APP_CRC_FAIL exp=3A20 got=3A34 seq=29 syncOff=1
APP_CRC_FAIL exp=5220 got=5253 seq=30 syncOff=1
APP_CRC_FAIL exp=8520 got=8591 seq=31 syncOff=1
APP_CRC_FAIL exp=BA20 got=BAFD seq=32 syncOff=1
APP_CRC_FAIL exp=6D20 got=6D3F seq=33 syncOff=1
APP_CRC_FAIL exp=0520 got=0558 seq=34 syncOff=1
APP_CRC_FAIL exp=D220 got=D29A seq=35 syncOff=1
APP_CRC_FAIL exp=D520 got=D596 seq=36 syncOff=1
APP_CRC_FAIL exp=0220 got=0254 seq=37 syncOff=1
APP_CRC_FAIL exp=6A20 got=6A33 seq=38 syncOff=1
APP_CRC_FAIL exp=BD20 got=BDF1 seq=39 syncOff=1
APP_CRC_FAIL exp=6420 got=642B seq=40 syncOff=1
APP_CRC_FAIL exp=B320 got=B3E9 seq=41 syncOff=1
APP_CRC_FAIL exp=DB20 got=DB8E seq=42 syncOff=1
APP_CRC_FAIL exp=0C20 got=0C4C seq=43 syncOff=1
APP_CRC_FAIL exp=0B20 got=0B40 seq=44 syncOff=1
APP_CRC_FAIL exp=DC20 got=DC82 seq=45 syncOff=1
APP_CRC_FAIL exp=B420 got=B4E5 seq=46 syncOff=1
APP_CRC_FAIL exp=6320 got=6327 seq=47 syncOff=1
APP_CRC_FAIL exp=1720 got=1770 seq=48 syncOff=1
APP_CRC_FAIL exp=C020 got=C0B2 seq=49 syncOff=1
APP_CRC_FAIL exp=B320 got=B31B seq=50 syncOff=1
APP_CRC_FAIL exp=6420 got=64D9 seq=51 syncOff=1
APP_CRC_FAIL exp=6320 got=63D5 seq=52 syncOff=1
APP_CRC_FAIL exp=B420 got=B417 seq=53 syncOff=1
APP_CRC_FAIL exp=DC20 got=DC70 seq=54 syncOff=1
APP_CRC_FAIL exp=0B20 got=0BB2 seq=55 syncOff=1
APP_CRC_FAIL exp=D220 got=D268 seq=56 syncOff=1
APP_CRC_FAIL exp=0520 got=05AA seq=57 syncOff=1
APP_CRC_FAIL exp=6D20 got=6DCD seq=58 syncOff=1
APP_CRC_FAIL exp=BA20 got=BA0F seq=59 syncOff=1
APP_CRC_FAIL exp=BD20 got=BD03 seq=60 syncOff=1
APP_CRC_FAIL exp=6A20 got=6AC1 seq=61 syncOff=1
APP_CRC_FAIL exp=0220 got=02A6 seq=62 syncOff=1
APP_CRC_FAIL exp=D520 got=D564 seq=63 syncOff=1
APP_CRC_FAIL exp=7C20 got=7C7E seq=64 syncOff=1
APP_CRC_FAIL exp=AB20 got=ABBC seq=65 syncOff=1
APP_CRC_FAIL exp=C320 got=C3DB seq=66 syncOff=1
APP_CRC_FAIL exp=1420 got=1419 seq=67 syncOff=1
APP_CRC_FAIL exp=1320 got=1315 seq=68 syncOff=1
APP_CRC_FAIL exp=C420 got=C4D7 seq=69 syncOff=1
APP_CRC_FAIL exp=AC20 got=ACB0 seq=70 syncOff=1
APP_CRC_FAIL exp=7B20 got=7B72 seq=71 syncOff=1
APP_CRC_FAIL exp=A220 got=A2A8 seq=72 syncOff=1
APP_CRC_FAIL exp=7520 got=756A seq=73 syncOff=1
APP_CRC_FAIL exp=1D20 got=1D0D seq=74 syncOff=1
SYNC_NOT_FOUND first4=0D466ECF
SYNC_NOT_FOUND first4=44966ACF
SYNC_NOT_FOUND first4=B0E268F0
SYNC_LOST phase=55 consecutive=3 cached_off=1
SYNC_NOT_FOUND first4=AC166ACF
SYNC_NOT_FOUND first4=26E974D1
SYNC_NOT_FOUND first4=80C1EB2E
SYNC_NOT_FOUND first4=98166BCF
SYNC_NOT_FOUND first4=F689F4C1
SYNC_NOT_FOUND first4=3D766ACF
SYNC_NOT_FOUND first4=32B41A43
SYNC_NOT_FOUND first4=689E7F22
SYNC_NOT_FOUND first4=32019532
SYNC_NOT_FOUND first4=AC4C067C
SYNC_NOT_FOUND first4=3247E032
SYNC_NOT_FOUND first4=48066ACD
SYNC_NOT_FOUND first4=0DBE6AF2
SYNC_NOT_FOUND first4=6069AB30
SYNC_NOT_FOUND first4=15EA7D35
SYNC_NOT_FOUND first4=E8020550
SYNC_NOT_FOUND first4=65C1809D
SYNC_NOT_FOUND first4=B14E19FC
TIME_SYNCED utc=1785057009 offset=1785033575
SYNC_NOT_FOUND first4=ACE66585
SYNC_NOT_FOUND first4=E8E66168
SYNC_NOT_FOUND first4=4CCB2312
SYNC_NOT_FOUND first4=CCE6585F
SYNC_NOT_FOUND first4=48414A2F
SYNC_NOT_FOUND first4=2C507467
SYNC_NOT_FOUND first4=00BA9867
SYNC_NOT_FOUND first4=81D5D290
SYNC_NOT_FOUND first4=0037202B
SYNC_NOT_FOUND first4=86FBEAE9
SYNC_NOT_FOUND first4=0099987A
SYNC_NOT_FOUND first4=762A777A
SYNC_NOT_FOUND first4=697A7CED
SYNC_NOT_FOUND first4=3CF9B4C3
SYNC_NOT_FOUND first4=4CE28978
SYNC_NOT_FOUND first4=20FE9E66
SYNC_NOT_FOUND first4=296785DF
SYNC_NOT_FOUND first4=D6E5F4F1
TIME_SYNCED utc=1785057019 offset=1785033574
SYNC_NOT_FOUND first4=F586CE7C
SYNC_NOT_FOUND first4=087E9666
SYNC_NOT_FOUND first4=04E5347D
SYNC_NOT_FOUND first4=370B31FD
SYNC_NOT_FOUND first4=76366493
TIME_SYNCED utc=1785057030 offset=1785033574
SYNC_NOT_FOUND first4=3FE220AA
SYNC_NOT_FOUND first4=615D5C7D
TIME_SYNCED utc=1785057041 offset=1785033575
SYNC_NOT_FOUND first4=EA1A213E
TIME_STATS min=-2000ms max=1000ms avg=-87ms corrections=0
SYNC_NOT_FOUND first4=984AC4A5
SYNC_NOT_FOUND first4=18863315
SYNC_NOT_FOUND first4=755B5FCA
SYNC_NOT_FOUND first4=94DEB468
SYNC_NOT_FOUND first4=EAF515CD
TIME_SYNCED utc=1785057051 offset=1785033575
SYNC_NOT_FOUND first4=89CAC607
SYNC_NOT_FOUND first4=C8C7BF78
TIME_SYNCED utc=1785057061 offset=1785033574
SYNC_NOT_FOUND first4=015D196E
SYNC_NOT_FOUND first4=F3DD116C
SYNC_NOT_FOUND first4=D2DD116C
SYNC_OFFSET phase=55 off=1 prev=-1
APP_CRC_FAIL exp=C020 got=A4FE seq=0 syncOff=1
APP_CRC_FAIL exp=C020 got=A4FE seq=1 syncOff=1
APP_CRC_FAIL exp=C020 got=A4FE seq=2 syncOff=1
APP_CRC_FAIL exp=C020 got=A4FE seq=3 syncOff=1
APP_CRC_FAIL exp=C020 got=A4FE seq=4 syncOff=1
APP_CRC_FAIL exp=C020 got=A4FE seq=5 syncOff=1
APP_CRC_FAIL exp=C000 got=A4FE seq=6 syncOff=1
APP_CRC_FAIL exp=C020 got=A4FE seq=7 syncOff=1
APP_CRC_FAIL exp=C020 got=A4FE seq=8 syncOff=1
APP_CRC_FAIL exp=C020 got=A4FE seq=9 syncOff=1
APP_CRC_FAIL exp=C020 got=A4FE seq=10 syncOff=1
APP_CRC_FAIL exp=C020 got=A4FE seq=11 syncOff=1
APP_CRC_FAIL exp=C020 got=A4FE seq=12 syncOff=1
APP_CRC_FAIL exp=C020 got=A4FE seq=13 syncOff=1
APP_CRC_FAIL exp=C020 got=A4FE seq=14 syncOff=1
APP_CRC_FAIL exp=C020 got=A4FE seq=15 syncOff=1
APP_CRC_FAIL exp=C020 got=A4FE seq=16 syncOff=1
APP_CRC_FAIL exp=C020 got=A4FE seq=17 syncOff=1
APP_CRC_FAIL exp=C020 got=A4FE seq=18 syncOff=1
APP_CRC_FAIL exp=C020 got=A4FE seq=19 syncOff=1
APP_CRC_FAIL exp=C020 got=A4FE seq=20 syncOff=1
APP_CRC_FAIL exp=C020 got=A4FE seq=21 syncOff=1
APP_CRC_FAIL exp=C020 got=A4FE seq=22 syncOff=1
APP_CRC_FAIL exp=C020 got=A4FE seq=23 syncOff=1
APP_CRC_FAIL exp=C020 got=A4FE seq=24 syncOff=1
APP_CRC_FAIL exp=C020 got=A4FE seq=25 syncOff=1
APP_CRC_FAIL exp=C020 got=A4FE seq=26 syncOff=1
APP_CRC_FAIL exp=C020 got=A4FE seq=27 syncOff=1
APP_CRC_FAIL exp=C020 got=A4FE seq=28 syncOff=1
APP_CRC_FAIL exp=C020 got=A4FE seq=29 syncOff=1
APP_CRC_FAIL exp=C020 got=A4FE seq=30 syncOff=1
APP_CRC_FAIL exp=C020 got=A4FE seq=31 syncOff=1
APP_CRC_FAIL exp=C020 got=A4FE seq=32 syncOff=1
APP_CRC_FAIL exp=C020 got=A4FE seq=33 syncOff=1
APP_CRC_FAIL exp=C020 got=A4FE seq=34 syncOff=1
APP_CRC_FAIL exp=C020 got=A4FE seq=35 syncOff=1
APP_CRC_FAIL exp=C020 got=A4FE seq=36 syncOff=1
APP_CRC_FAIL exp=C020 got=A4FE seq=37 syncOff=1
APP_CRC_FAIL exp=C020 got=A4FE seq=38 syncOff=1
APP_CRC_FAIL exp=C020 got=A4FE seq=39 syncOff=1
APP_CRC_FAIL exp=C020 got=A4FE seq=40 syncOff=1
APP_CRC_FAIL exp=C020 got=A4FE seq=41 syncOff=1
APP_CRC_FAIL exp=C020 got=A4FE seq=42 syncOff=1
APP_CRC_FAIL exp=C020 got=A4FE seq=43 syncOff=1
APP_CRC_FAIL exp=C020 got=A4FE seq=44 syncOff=1
APP_CRC_FAIL exp=C020 got=A4FE seq=45 syncOff=1
APP_CRC_FAIL exp=C020 got=A4FE seq=46 syncOff=1
SYNC_NOT_FOUND first4=C00A4D12
APP_CRC_FAIL exp=C020 got=A4FE seq=47 syncOff=1
APP_CRC_FAIL exp=C020 got=A4FE seq=48 syncOff=1
APP_CRC_FAIL exp=C020 got=A4FE seq=49 syncOff=1
APP_CRC_FAIL exp=C020 got=A4FE seq=50 syncOff=1
APP_CRC_FAIL exp=C020 got=A4FE seq=51 syncOff=1
APP_CRC_FAIL exp=C020 got=A4FE seq=52 syncOff=1
APP_CRC_FAIL exp=C020 got=A4FE seq=53 syncOff=1
APP_CRC_FAIL exp=C020 got=A4FE seq=54 syncOff=1
APP_CRC_FAIL exp=C020 got=A4FE seq=55 syncOff=1
APP_CRC_FAIL exp=C020 got=A4FE seq=56 syncOff=1
APP_CRC_FAIL exp=C020 got=A4FE seq=57 syncOff=1
APP_CRC_FAIL exp=C020 got=A4FE seq=58 syncOff=1
APP_CRC_FAIL exp=C020 got=A4FE seq=59 syncOff=1
APP_CRC_FAIL exp=C020 got=A4FE seq=60 syncOff=1
APP_CRC_FAIL exp=C020 got=A4FE seq=61 syncOff=1
APP_CRC_FAIL exp=C020 got=A4FE seq=62 syncOff=1
APP_CRC_FAIL exp=C020 got=A4FE seq=63 syncOff=1
APP_CRC_FAIL exp=C020 got=A4FE seq=64 syncOff=1
APP_CRC_FAIL exp=C000 got=A4FE seq=65 syncOff=1
APP_CRC_FAIL exp=C000 got=A4FE seq=66 syncOff=1
APP_CRC_FAIL exp=C020 got=A4FE seq=67 syncOff=1
APP_CRC_FAIL exp=C020 got=A4FE seq=68 syncOff=1
APP_CRC_FAIL exp=C020 got=A4FE seq=69 syncOff=1
APP_CRC_FAIL exp=C020 got=A4FE seq=70 syncOff=1
APP_CRC_FAIL exp=C020 got=A4FE seq=71 syncOff=1
APP_CRC_FAIL exp=C020 got=A4FE seq=72 syncOff=1
APP_CRC_FAIL exp=C020 got=A4FE seq=73 syncOff=1
APP_CRC_FAIL exp=C020 got=A4FE seq=74 syncOff=1
APP_CRC_FAIL exp=4220 got=BA19 seq=0 syncOff=1
APP_CRC_FAIL exp=4220 got=BA19 seq=1 syncOff=1
APP_CRC_FAIL exp=4220 got=BA19 seq=2 syncOff=1
SYNC_OFFSET phase=55 off=13 prev=1
APP_CRC_FAIL exp=0000 got=66C2 seq=3 syncOff=13
SYNC_OFFSET phase=55 off=1 prev=13
APP_CRC_FAIL exp=4220 got=BA19 seq=4 syncOff=1
APP_CRC_FAIL exp=4220 got=BA19 seq=5 syncOff=1
APP_CRC_FAIL exp=4220 got=BA19 seq=6 syncOff=1
APP_CRC_FAIL exp=4220 got=BA19 seq=7 syncOff=1
APP_CRC_FAIL exp=4220 got=BA19 seq=8 syncOff=1
APP_CRC_FAIL exp=4220 got=BA19 seq=9 syncOff=1
APP_CRC_FAIL exp=4220 got=BA19 seq=10 syncOff=1
APP_CRC_FAIL exp=4220 got=BA19 seq=11 syncOff=1
APP_CRC_FAIL exp=4220 got=BA19 seq=12 syncOff=1
APP_CRC_FAIL exp=4220 got=BA19 seq=13 syncOff=1
APP_CRC_FAIL exp=4220 got=BA19 seq=14 syncOff=1
APP_CRC_FAIL exp=4220 got=BA19 seq=15 syncOff=1
APP_CRC_FAIL exp=4220 got=BA19 seq=16 syncOff=1
APP_CRC_FAIL exp=4220 got=BA19 seq=17 syncOff=1
APP_CRC_FAIL exp=4220 got=BA19 seq=18 syncOff=1
APP_CRC_FAIL exp=4220 got=BA19 seq=19 syncOff=1
APP_CRC_FAIL exp=4220 got=BA19 seq=20 syncOff=1
APP_CRC_FAIL exp=4220 got=BA19 seq=21 syncOff=1
APP_CRC_FAIL exp=4220 got=BA19 seq=22 syncOff=1
APP_CRC_FAIL exp=4220 got=BA19 seq=23 syncOff=1
APP_CRC_FAIL exp=4220 got=BA19 seq=24 syncOff=1
APP_CRC_FAIL exp=4220 got=BA19 seq=25 syncOff=1
APP_CRC_FAIL exp=4220 got=BA19 seq=26 syncOff=1
APP_CRC_FAIL exp=4220 got=BA19 seq=27 syncOff=1
APP_CRC_FAIL exp=4220 got=BA19 seq=28 syncOff=1
APP_CRC_FAIL exp=4220 got=BA19 seq=29 syncOff=1
APP_CRC_FAIL exp=4220 got=BA19 seq=30 syncOff=1
APP_CRC_FAIL exp=4220 got=BA19 seq=31 syncOff=1
APP_CRC_FAIL exp=4220 got=BA19 seq=32 syncOff=1
APP_CRC_FAIL exp=4220 got=BA19 seq=33 syncOff=1
APP_CRC_FAIL exp=4220 got=BA19 seq=34 syncOff=1
APP_CRC_FAIL exp=4220 got=BA19 seq=35 syncOff=1
APP_CRC_FAIL exp=4220 got=BA19 seq=36 syncOff=1
APP_CRC_FAIL exp=4220 got=BA19 seq=37 syncOff=1
APP_CRC_FAIL exp=4220 got=BA19 seq=38 syncOff=1
APP_CRC_FAIL exp=4220 got=BA19 seq=39 syncOff=1
APP_CRC_FAIL exp=4220 got=BA19 seq=40 syncOff=1
APP_CRC_FAIL exp=4220 got=BA19 seq=41 syncOff=1
APP_CRC_FAIL exp=4220 got=BA19 seq=42 syncOff=1
APP_CRC_FAIL exp=4220 got=BA19 seq=43 syncOff=1
APP_CRC_FAIL exp=4220 got=BA19 seq=44 syncOff=1
APP_CRC_FAIL exp=4220 got=BA19 seq=45 syncOff=1
APP_CRC_FAIL exp=4200 got=BA19 seq=46 syncOff=1
APP_CRC_FAIL exp=4220 got=BA19 seq=47 syncOff=1
APP_CRC_FAIL exp=4220 got=BA19 seq=48 syncOff=1
APP_CRC_FAIL exp=4220 got=BA19 seq=49 syncOff=1
APP_CRC_FAIL exp=4220 got=BA19 seq=50 syncOff=1
APP_CRC_FAIL exp=4220 got=BA19 seq=51 syncOff=1
APP_CRC_FAIL exp=4220 got=BA19 seq=52 syncOff=1
APP_CRC_FAIL exp=4220 got=BA19 seq=53 syncOff=1
APP_CRC_FAIL exp=4220 got=BA19 seq=54 syncOff=1
APP_CRC_FAIL exp=4220 got=BA19 seq=55 syncOff=1
APP_CRC_FAIL exp=4220 got=BA19 seq=56 syncOff=1
APP_CRC_FAIL exp=4220 got=BA19 seq=57 syncOff=1
APP_CRC_FAIL exp=4220 got=BA19 seq=58 syncOff=1
APP_CRC_FAIL exp=4220 got=BA19 seq=59 syncOff=1
APP_CRC_FAIL exp=4220 got=BA19 seq=60 syncOff=1
APP_CRC_FAIL exp=4220 got=BA19 seq=61 syncOff=1
APP_CRC_FAIL exp=4220 got=BA19 seq=62 syncOff=1
APP_CRC_FAIL exp=4220 got=BA19 seq=63 syncOff=1
APP_CRC_FAIL exp=4220 got=BA19 seq=64 syncOff=1
APP_CRC_FAIL exp=4220 got=BA19 seq=65 syncOff=1
APP_CRC_FAIL exp=4220 got=BA19 seq=66 syncOff=1
APP_CRC_FAIL exp=4220 got=BA19 seq=67 syncOff=1
APP_CRC_FAIL exp=4220 got=BA19 seq=68 syncOff=1
APP_CRC_FAIL exp=4220 got=BA19 seq=69 syncOff=1
APP_CRC_FAIL exp=4220 got=BA19 seq=70 syncOff=1
APP_CRC_FAIL exp=4220 got=BA19 seq=71 syncOff=1
APP_CRC_FAIL exp=4220 got=BA19 seq=72 syncOff=1
APP_CRC_FAIL exp=4220 got=BA19 seq=73 syncOff=1
APP_CRC_FAIL exp=4220 got=BA19 seq=74 syncOff=1
APP_CRC_FAIL exp=9520 got=13EF seq=0 syncOff=1
APP_CRC_FAIL exp=9520 got=13EF seq=1 syncOff=1
APP_CRC_FAIL exp=9520 got=13EF seq=2 syncOff=1
APP_CRC_FAIL exp=9520 got=13EF seq=3 syncOff=1
APP_CRC_FAIL exp=9520 got=13EF seq=4 syncOff=1
APP_CRC_FAIL exp=9520 got=13EF seq=5 syncOff=1
APP_CRC_FAIL exp=9520 got=13EF seq=6 syncOff=1
APP_CRC_FAIL exp=9520 got=13EF seq=7 syncOff=1
APP_CRC_FAIL exp=9520 got=13EF seq=8 syncOff=1
APP_CRC_FAIL exp=9520 got=13EF seq=9 syncOff=1
APP_CRC_FAIL exp=9520 got=13EF seq=10 syncOff=1
APP_CRC_FAIL exp=9520 got=13EF seq=11 syncOff=1
APP_CRC_FAIL exp=9520 got=13EF seq=12 syncOff=1
APP_CRC_FAIL exp=9520 got=13EF seq=13 syncOff=1
APP_CRC_FAIL exp=9520 got=13EF seq=14 syncOff=1
APP_CRC_FAIL exp=9520 got=13EF seq=15 syncOff=1
APP_CRC_FAIL exp=9520 got=13EF seq=16 syncOff=1
APP_CRC_FAIL exp=9520 got=13EF seq=17 syncOff=1
APP_CRC_FAIL exp=9520 got=13EF seq=18 syncOff=1
APP_CRC_FAIL exp=9520 got=13EF seq=19 syncOff=1
APP_CRC_FAIL exp=9520 got=13EF seq=20 syncOff=1
APP_CRC_FAIL exp=9520 got=13EF seq=21 syncOff=1
APP_CRC_FAIL exp=9520 got=13EF seq=22 syncOff=1
APP_CRC_FAIL exp=9520 got=13EF seq=23 syncOff=1
APP_CRC_FAIL exp=9520 got=13EF seq=24 syncOff=1
APP_CRC_FAIL exp=9520 got=13EF seq=25 syncOff=1
APP_CRC_FAIL exp=9520 got=13EF seq=26 syncOff=1
APP_CRC_FAIL exp=9520 got=13EF seq=27 syncOff=1
APP_CRC_FAIL exp=9520 got=13EF seq=28 syncOff=1
APP_CRC_FAIL exp=9520 got=13EF seq=29 syncOff=1
APP_CRC_FAIL exp=9520 got=13EF seq=30 syncOff=1
APP_CRC_FAIL exp=9520 got=13EF seq=31 syncOff=1
APP_CRC_FAIL exp=9520 got=13EF seq=32 syncOff=1
APP_CRC_FAIL exp=9520 got=13EF seq=33 syncOff=1
APP_CRC_FAIL exp=9520 got=13EF seq=34 syncOff=1
APP_CRC_FAIL exp=9520 got=13EF seq=35 syncOff=1
APP_CRC_FAIL exp=9520 got=13EF seq=36 syncOff=1
APP_CRC_FAIL exp=9520 got=13EF seq=37 syncOff=1
APP_CRC_FAIL exp=9520 got=13EF seq=38 syncOff=1
APP_CRC_FAIL exp=9520 got=13EF seq=39 syncOff=1
APP_CRC_FAIL exp=9520 got=13EF seq=40 syncOff=1
APP_CRC_FAIL exp=9520 got=13EF seq=41 syncOff=1
APP_CRC_FAIL exp=9520 got=13EF seq=42 syncOff=1
APP_CRC_FAIL exp=9520 got=13EF seq=43 syncOff=1
APP_CRC_FAIL exp=9520 got=13EF seq=44 syncOff=1
APP_CRC_FAIL exp=9520 got=13EF seq=45 syncOff=1
APP_CRC_FAIL exp=9520 got=13EF seq=46 syncOff=1
APP_CRC_FAIL exp=9520 got=13EF seq=47 syncOff=1
APP_CRC_FAIL exp=9520 got=13EF seq=48 syncOff=1
APP_CRC_FAIL exp=9520 got=13EF seq=49 syncOff=1
APP_CRC_FAIL exp=9520 got=13EF seq=50 syncOff=1
APP_CRC_FAIL exp=9520 got=13EF seq=51 syncOff=1
APP_CRC_FAIL exp=9520 got=13EF seq=52 syncOff=1
APP_CRC_FAIL exp=9520 got=13EF seq=53 syncOff=1
APP_CRC_FAIL exp=9520 got=13EF seq=54 syncOff=1
APP_CRC_FAIL exp=9520 got=13EF seq=55 syncOff=1
APP_CRC_FAIL exp=9520 got=13EF seq=56 syncOff=1
APP_CRC_FAIL exp=9520 got=13EF seq=57 syncOff=1
APP_CRC_FAIL exp=9520 got=13EF seq=58 syncOff=1
APP_CRC_FAIL exp=9520 got=13EF seq=59 syncOff=1
APP_CRC_FAIL exp=9520 got=13EF seq=60 syncOff=1
APP_CRC_FAIL exp=9520 got=13EF seq=61 syncOff=1
APP_CRC_FAIL exp=9520 got=13EF seq=62 syncOff=1
APP_CRC_FAIL exp=9520 got=13EF seq=63 syncOff=1
APP_CRC_FAIL exp=9520 got=13EF seq=64 syncOff=1
APP_CRC_FAIL exp=9520 got=13EF seq=65 syncOff=1
APP_CRC_FAIL exp=9520 got=13EF seq=66 syncOff=1
APP_CRC_FAIL exp=9520 got=13EF seq=67 syncOff=1
APP_CRC_FAIL exp=9520 got=13EF seq=68 syncOff=1
APP_CRC_FAIL exp=9520 got=13EF seq=69 syncOff=1
APP_CRC_FAIL exp=9500 got=13EF seq=70 syncOff=1
APP_CRC_FAIL exp=9520 got=13EF seq=71 syncOff=1
APP_CRC_FAIL exp=9520 got=13EF seq=72 syncOff=1
APP_CRC_FAIL exp=9520 got=13EF seq=73 syncOff=1
APP_CRC_FAIL exp=9520 got=13EF seq=74 syncOff=1
APP_CRC_FAIL exp=A320 got=A3F6 seq=0 syncOff=1
TIME_SYNCED utc=1785057072 offset=1785033575
APP_CRC_FAIL exp=7420 got=7434 seq=1 syncOff=1
APP_CRC_FAIL exp=1C20 got=1C53 seq=2 syncOff=1
APP_CRC_FAIL exp=CB20 got=CB91 seq=3 syncOff=1
APP_CRC_FAIL exp=CC20 got=CC9D seq=4 syncOff=1
APP_CRC_FAIL exp=1B20 got=1B5F seq=5 syncOff=1
APP_CRC_FAIL exp=7320 got=7338 seq=6 syncOff=1
APP_CRC_FAIL exp=A420 got=A4FA seq=7 syncOff=1
TIME_DIFF gps_utc=1785057072 laptop_utc=1785057072 offset=0
APP_CRC_FAIL exp=AA20 got=AAE2 seq=9 syncOff=1
APP_CRC_FAIL exp=C220 got=C285 seq=10 syncOff=1
APP_CRC_FAIL exp=1520 got=1547 seq=11 syncOff=1
APP_CRC_FAIL exp=1220 got=124B seq=12 syncOff=1
APP_CRC_FAIL exp=C520 got=C589 seq=13 syncOff=1
APP_CRC_FAIL exp=AD20 got=ADEE seq=14 syncOff=1
APP_CRC_FAIL exp=7A20 got=7A2C seq=15 syncOff=1
APP_CRC_FAIL exp=0E20 got=0E7B seq=16 syncOff=1
APP_CRC_FAIL exp=D920 got=D9B9 seq=17 syncOff=1
APP_CRC_FAIL exp=B120 got=B1DE seq=18 syncOff=1
APP_CRC_FAIL exp=6620 got=661C seq=19 syncOff=1
APP_CRC_FAIL exp=6120 got=6110 seq=20 syncOff=1
APP_CRC_FAIL exp=B620 got=B6D2 seq=21 syncOff=1
APP_CRC_FAIL exp=DE20 got=DEB5 seq=22 syncOff=1
APP_CRC_FAIL exp=0920 got=0977 seq=23 syncOff=1
APP_CRC_FAIL exp=D020 got=D0AD seq=24 syncOff=1
APP_CRC_FAIL exp=0720 got=076F seq=25 syncOff=1
APP_CRC_FAIL exp=6F20 got=6F08 seq=26 syncOff=1
APP_CRC_FAIL exp=B820 got=B8CA seq=27 syncOff=1
APP_CRC_FAIL exp=BF20 got=BFC6 seq=28 syncOff=1
APP_CRC_FAIL exp=6820 got=6804 seq=29 syncOff=1
APP_CRC_FAIL exp=0020 got=0063 seq=30 syncOff=1
APP_CRC_FAIL exp=D720 got=D7A1 seq=31 syncOff=1
APP_CRC_FAIL exp=E820 got=E8CD seq=32 syncOff=1
APP_CRC_FAIL exp=3F20 got=3F0F seq=33 syncOff=1
APP_CRC_FAIL exp=5720 got=5768 seq=34 syncOff=1
APP_CRC_FAIL exp=8020 got=80AA seq=35 syncOff=1
APP_CRC_FAIL exp=8720 got=87A6 seq=36 syncOff=1
APP_CRC_FAIL exp=5020 got=5064 seq=37 syncOff=1
APP_CRC_FAIL exp=3800 got=3803 seq=38 syncOff=1
APP_CRC_FAIL exp=EF20 got=EFC1 seq=39 syncOff=1
APP_CRC_FAIL exp=3620 got=361B seq=40 syncOff=1
APP_CRC_FAIL exp=E120 got=E1D9 seq=41 syncOff=1
APP_CRC_FAIL exp=8920 got=89BE seq=42 syncOff=1
APP_CRC_FAIL exp=5E20 got=5E7C seq=43 syncOff=1
APP_CRC_FAIL exp=5920 got=5970 seq=44 syncOff=1
APP_CRC_FAIL exp=8E20 got=8EB2 seq=45 syncOff=1
APP_CRC_FAIL exp=E620 got=E6D5 seq=46 syncOff=1
APP_CRC_FAIL exp=3120 got=3117 seq=47 syncOff=1
APP_CRC_FAIL exp=4520 got=4540 seq=48 syncOff=1
APP_CRC_FAIL exp=9220 got=9282 seq=49 syncOff=1
APP_CRC_FAIL exp=E120 got=E12B seq=50 syncOff=1
APP_CRC_FAIL exp=3620 got=36E9 seq=51 syncOff=1
APP_CRC_FAIL exp=3120 got=31E5 seq=52 syncOff=1
APP_CRC_FAIL exp=E620 got=E627 seq=53 syncOff=1
APP_CRC_FAIL exp=8E20 got=8E40 seq=54 syncOff=1
APP_CRC_FAIL exp=5920 got=5982 seq=55 syncOff=1
APP_CRC_FAIL exp=8020 got=8058 seq=56 syncOff=1
APP_CRC_FAIL exp=5720 got=579A seq=57 syncOff=1
APP_CRC_FAIL exp=3F20 got=3FFD seq=58 syncOff=1
APP_CRC_FAIL exp=E820 got=E83F seq=59 syncOff=1
APP_CRC_FAIL exp=EF20 got=EF33 seq=60 syncOff=1
APP_CRC_FAIL exp=3820 got=38F1 seq=61 syncOff=1
APP_CRC_FAIL exp=5020 got=5096 seq=62 syncOff=1
APP_CRC_FAIL exp=8720 got=8754 seq=63 syncOff=1
APP_CRC_FAIL exp=2E20 got=2E4E seq=64 syncOff=1
APP_CRC_FAIL exp=F920 got=F98C seq=65 syncOff=1
APP_CRC_FAIL exp=9120 got=91EB seq=66 syncOff=1
APP_CRC_FAIL exp=4620 got=4629 seq=67 syncOff=1
APP_CRC_FAIL exp=4120 got=4125 seq=68 syncOff=1
APP_CRC_FAIL exp=9620 got=96E7 seq=69 syncOff=1
APP_CRC_FAIL exp=FE00 got=FE80 seq=70 syncOff=1
APP_CRC_FAIL exp=2920 got=2942 seq=71 syncOff=1
APP_CRC_FAIL exp=F020 got=F098 seq=72 syncOff=1
APP_CRC_FAIL exp=2720 got=275A seq=73 syncOff=1
APP_CRC_FAIL exp=4F20 got=4F3D seq=74 syncOff=1
TIME_SYNCED utc=1785057082 offset=1785033574
SYNC_NOT_FOUND first4=3DF35515
SYNC_NOT_FOUND first4=00C2E62A
TIME_SYNCED utc=1785057093 offset=1785033575
SYNC_NOT_FOUND first4=43FFECC2
SYNC_LOST phase=55 consecutive=3 cached_off=1
TIME_SYNCED utc=1785057104 offset=1785033575
TIME_STATS min=-2000ms max=1000ms avg=-87ms corrections=0
TIME_SYNCED utc=1785057114 offset=1785033574
SYNC_NOT_FOUND first4=2DFFCF51
TIME_SYNCED utc=1785057125 offset=1785033575
SYNC_NOT_FOUND first4=C41D3033
SYNC_NOT_FOUND first4=7FF98FCA
SYNC_NOT_FOUND first4=E9354034
SYNC_NOT_FOUND first4=00127C42
TIME_SYNCED utc=1785057135 offset=1785033575
SYNC_NOT_FOUND first4=FA689FE5
SYNC_NOT_FOUND first4=59DD116E
SYNC_NOT_FOUND first4=3A42EDAE
SYNC_NOT_FOUND first4=66E16ED2
SYNC_OFFSET phase=55 off=1 prev=-1
APP_CRC_FAIL exp=D220 got=6213 seq=0 syncOff=1
APP_CRC_FAIL exp=D220 got=6213 seq=1 syncOff=1
APP_CRC_FAIL exp=D220 got=6213 seq=2 syncOff=1
APP_CRC_FAIL exp=D220 got=6213 seq=3 syncOff=1
APP_CRC_FAIL exp=D220 got=6213 seq=4 syncOff=1
APP_CRC_FAIL exp=D220 got=6213 seq=5 syncOff=1
APP_CRC_FAIL exp=D220 got=6213 seq=6 syncOff=1
APP_CRC_FAIL exp=D220 got=6213 seq=7 syncOff=1
APP_CRC_FAIL exp=D220 got=6213 seq=8 syncOff=1
APP_CRC_FAIL exp=D220 got=6213 seq=9 syncOff=1
APP_CRC_FAIL exp=D220 got=6213 seq=10 syncOff=1
APP_CRC_FAIL exp=D220 got=6213 seq=11 syncOff=1
APP_CRC_FAIL exp=D220 got=6213 seq=12 syncOff=1
APP_CRC_FAIL exp=D220 got=6213 seq=13 syncOff=1
APP_CRC_FAIL exp=D220 got=6213 seq=14 syncOff=1
APP_CRC_FAIL exp=D220 got=6213 seq=15 syncOff=1
APP_CRC_FAIL exp=D220 got=6213 seq=16 syncOff=1
APP_CRC_FAIL exp=D220 got=6213 seq=17 syncOff=1
APP_CRC_FAIL exp=D220 got=6213 seq=18 syncOff=1
APP_CRC_FAIL exp=D220 got=6213 seq=19 syncOff=1
APP_CRC_FAIL exp=D220 got=6213 seq=20 syncOff=1
APP_CRC_FAIL exp=D220 got=6213 seq=21 syncOff=1
APP_CRC_FAIL exp=D220 got=6213 seq=22 syncOff=1
APP_CRC_FAIL exp=D220 got=6213 seq=23 syncOff=1
APP_CRC_FAIL exp=D220 got=6213 seq=24 syncOff=1
APP_CRC_FAIL exp=D220 got=6213 seq=25 syncOff=1
APP_CRC_FAIL exp=D220 got=6213 seq=26 syncOff=1
APP_CRC_FAIL exp=D200 got=6213 seq=27 syncOff=1
APP_CRC_FAIL exp=D220 got=6213 seq=28 syncOff=1
APP_CRC_FAIL exp=D220 got=6213 seq=29 syncOff=1
APP_CRC_FAIL exp=D220 got=6213 seq=30 syncOff=1
APP_CRC_FAIL exp=D220 got=6213 seq=31 syncOff=1
APP_CRC_FAIL exp=D220 got=6213 seq=32 syncOff=1
APP_CRC_FAIL exp=D220 got=6213 seq=33 syncOff=1
APP_CRC_FAIL exp=D220 got=6213 seq=34 syncOff=1
APP_CRC_FAIL exp=D220 got=6213 seq=35 syncOff=1
APP_CRC_FAIL exp=D220 got=6213 seq=36 syncOff=1
APP_CRC_FAIL exp=D220 got=6213 seq=37 syncOff=1
APP_CRC_FAIL exp=D220 got=6213 seq=38 syncOff=1
APP_CRC_FAIL exp=D220 got=6213 seq=39 syncOff=1
APP_CRC_FAIL exp=D220 got=6213 seq=40 syncOff=1
APP_CRC_FAIL exp=D220 got=6213 seq=41 syncOff=1
APP_CRC_FAIL exp=D220 got=6213 seq=42 syncOff=1
APP_CRC_FAIL exp=D220 got=6213 seq=43 syncOff=1
APP_CRC_FAIL exp=D220 got=6213 seq=44 syncOff=1
APP_CRC_FAIL exp=D220 got=6213 seq=45 syncOff=1
APP_CRC_FAIL exp=D220 got=6213 seq=46 syncOff=1
APP_CRC_FAIL exp=D220 got=6213 seq=47 syncOff=1
APP_CRC_FAIL exp=D220 got=6213 seq=48 syncOff=1
APP_CRC_FAIL exp=D220 got=6213 seq=49 syncOff=1
APP_CRC_FAIL exp=D220 got=6213 seq=50 syncOff=1
APP_CRC_FAIL exp=D220 got=6213 seq=51 syncOff=1
APP_CRC_FAIL exp=D220 got=6213 seq=52 syncOff=1
APP_CRC_FAIL exp=D220 got=6213 seq=53 syncOff=1
APP_CRC_FAIL exp=D220 got=6213 seq=54 syncOff=1
APP_CRC_FAIL exp=D220 got=6213 seq=55 syncOff=1
APP_CRC_FAIL exp=D220 got=6213 seq=56 syncOff=1
APP_CRC_FAIL exp=D220 got=6213 seq=57 syncOff=1
APP_CRC_FAIL exp=D220 got=6213 seq=58 syncOff=1
APP_CRC_FAIL exp=D220 got=6213 seq=59 syncOff=1
APP_CRC_FAIL exp=D220 got=6213 seq=60 syncOff=1
APP_CRC_FAIL exp=D220 got=6213 seq=61 syncOff=1
APP_CRC_FAIL exp=D220 got=6213 seq=62 syncOff=1
APP_CRC_FAIL exp=D220 got=6213 seq=63 syncOff=1
APP_CRC_FAIL exp=D220 got=6213 seq=64 syncOff=1
APP_CRC_FAIL exp=D220 got=6213 seq=65 syncOff=1
APP_CRC_FAIL exp=D220 got=6213 seq=66 syncOff=1
APP_CRC_FAIL exp=D220 got=6213 seq=67 syncOff=1
APP_CRC_FAIL exp=D220 got=6213 seq=68 syncOff=1
APP_CRC_FAIL exp=D220 got=6213 seq=69 syncOff=1
APP_CRC_FAIL exp=D220 got=6213 seq=70 syncOff=1
APP_CRC_FAIL exp=D220 got=6213 seq=71 syncOff=1
APP_CRC_FAIL exp=D220 got=6213 seq=72 syncOff=1
APP_CRC_FAIL exp=D220 got=6213 seq=73 syncOff=1
APP_CRC_FAIL exp=D220 got=6213 seq=74 syncOff=1
APP_CRC_FAIL exp=4020 got=473E seq=0 syncOff=1
APP_CRC_FAIL exp=4020 got=473E seq=1 syncOff=1
APP_CRC_FAIL exp=4020 got=473E seq=2 syncOff=1
APP_CRC_FAIL exp=4020 got=473E seq=3 syncOff=1
APP_CRC_FAIL exp=4020 got=473E seq=4 syncOff=1
APP_CRC_FAIL exp=4020 got=473E seq=5 syncOff=1
APP_CRC_FAIL exp=4020 got=473E seq=6 syncOff=1
APP_CRC_FAIL exp=4020 got=473E seq=7 syncOff=1
APP_CRC_FAIL exp=4020 got=473E seq=8 syncOff=1
APP_CRC_FAIL exp=4020 got=473E seq=9 syncOff=1
APP_CRC_FAIL exp=4020 got=473E seq=10 syncOff=1
APP_CRC_FAIL exp=4020 got=473E seq=11 syncOff=1
APP_CRC_FAIL exp=4020 got=473E seq=12 syncOff=1
APP_CRC_FAIL exp=4020 got=473E seq=13 syncOff=1
APP_CRC_FAIL exp=4020 got=473E seq=14 syncOff=1
APP_CRC_FAIL exp=4020 got=473E seq=15 syncOff=1
APP_CRC_FAIL exp=4020 got=473E seq=16 syncOff=1
APP_CRC_FAIL exp=4020 got=473E seq=17 syncOff=1
APP_CRC_FAIL exp=4020 got=473E seq=18 syncOff=1
APP_CRC_FAIL exp=4020 got=473E seq=19 syncOff=1
APP_CRC_FAIL exp=4020 got=473E seq=20 syncOff=1
APP_CRC_FAIL exp=4020 got=473E seq=21 syncOff=1
APP_CRC_FAIL exp=4020 got=473E seq=22 syncOff=1
APP_CRC_FAIL exp=4020 got=473E seq=23 syncOff=1
APP_CRC_FAIL exp=4020 got=473E seq=24 syncOff=1
APP_CRC_FAIL exp=4020 got=473E seq=25 syncOff=1
APP_CRC_FAIL exp=4020 got=473E seq=26 syncOff=1
APP_CRC_FAIL exp=4020 got=473E seq=27 syncOff=1
APP_CRC_FAIL exp=4020 got=473E seq=28 syncOff=1
APP_CRC_FAIL exp=4020 got=473E seq=29 syncOff=1
APP_CRC_FAIL exp=4020 got=473E seq=30 syncOff=1
APP_CRC_FAIL exp=4020 got=473E seq=31 syncOff=1
APP_CRC_FAIL exp=4020 got=473E seq=32 syncOff=1
APP_CRC_FAIL exp=4020 got=473E seq=33 syncOff=1
APP_CRC_FAIL exp=4020 got=473E seq=34 syncOff=1
APP_CRC_FAIL exp=4020 got=473E seq=35 syncOff=1
APP_CRC_FAIL exp=4020 got=473E seq=36 syncOff=1
APP_CRC_FAIL exp=4020 got=473E seq=37 syncOff=1
APP_CRC_FAIL exp=4020 got=473E seq=38 syncOff=1
APP_CRC_FAIL exp=4020 got=473E seq=39 syncOff=1
APP_CRC_FAIL exp=4020 got=473E seq=40 syncOff=1
APP_CRC_FAIL exp=4020 got=473E seq=41 syncOff=1
SYNC_NOT_FOUND first4=400FC3C6
APP_CRC_FAIL exp=4020 got=473E seq=42 syncOff=1
APP_CRC_FAIL exp=4020 got=473E seq=43 syncOff=1
APP_CRC_FAIL exp=4020 got=473E seq=44 syncOff=1
APP_CRC_FAIL exp=4020 got=473E seq=45 syncOff=1
APP_CRC_FAIL exp=4020 got=473E seq=46 syncOff=1
APP_CRC_FAIL exp=4020 got=473E seq=47 syncOff=1
APP_CRC_FAIL exp=4020 got=473E seq=48 syncOff=1
APP_CRC_FAIL exp=4020 got=473E seq=49 syncOff=1
APP_CRC_FAIL exp=4020 got=473E seq=50 syncOff=1
APP_CRC_FAIL exp=4020 got=473E seq=51 syncOff=1
APP_CRC_FAIL exp=4020 got=473E seq=52 syncOff=1
APP_CRC_FAIL exp=4020 got=473E seq=53 syncOff=1
APP_CRC_FAIL exp=4020 got=473E seq=54 syncOff=1
APP_CRC_FAIL exp=4020 got=473E seq=55 syncOff=1
APP_CRC_FAIL exp=4020 got=473E seq=56 syncOff=1
APP_CRC_FAIL exp=4020 got=473E seq=57 syncOff=1
APP_CRC_FAIL exp=4020 got=473E seq=58 syncOff=1
APP_CRC_FAIL exp=4020 got=473E seq=59 syncOff=1
TIME_SYNCED utc=1785057145 offset=1785033575
APP_CRC_FAIL exp=4020 got=473E seq=60 syncOff=1
APP_CRC_FAIL exp=4020 got=473E seq=61 syncOff=1
APP_CRC_FAIL exp=4020 got=473E seq=62 syncOff=1
APP_CRC_FAIL exp=4020 got=473E seq=63 syncOff=1
APP_CRC_FAIL exp=4020 got=473E seq=64 syncOff=1
APP_CRC_FAIL exp=4020 got=473E seq=65 syncOff=1
APP_CRC_FAIL exp=4020 got=473E seq=66 syncOff=1
APP_CRC_FAIL exp=4020 got=473E seq=67 syncOff=1
APP_CRC_FAIL exp=4020 got=473E seq=68 syncOff=1
APP_CRC_FAIL exp=4020 got=473E seq=69 syncOff=1
APP_CRC_FAIL exp=4020 got=473E seq=70 syncOff=1
SYNC_NOT_FOUND first4=404194A0
APP_CRC_FAIL exp=4020 got=473E seq=71 syncOff=1
APP_CRC_FAIL exp=4020 got=473E seq=72 syncOff=1
APP_CRC_FAIL exp=4020 got=473E seq=73 syncOff=1
APP_CRC_FAIL exp=4020 got=473E seq=74 syncOff=1
APP_CRC_FAIL exp=9520 got=13EF seq=0 syncOff=1
APP_CRC_FAIL exp=9520 got=13EF seq=1 syncOff=1
APP_CRC_FAIL exp=9520 got=13EF seq=2 syncOff=1
APP_CRC_FAIL exp=9520 got=13EF seq=3 syncOff=1
APP_CRC_FAIL exp=9520 got=13EF seq=4 syncOff=1
APP_CRC_FAIL exp=9520 got=13EF seq=5 syncOff=1
APP_CRC_FAIL exp=9520 got=13EF seq=6 syncOff=1
APP_CRC_FAIL exp=9520 got=13EF seq=7 syncOff=1
APP_CRC_FAIL exp=9520 got=13EF seq=8 syncOff=1
APP_CRC_FAIL exp=9520 got=13EF seq=9 syncOff=1
SYNC_NOT_FOUND first4=95441438
APP_CRC_FAIL exp=9520 got=13EF seq=11 syncOff=1
APP_CRC_FAIL exp=9520 got=13EF seq=12 syncOff=1
APP_CRC_FAIL exp=9520 got=13EF seq=13 syncOff=1
APP_CRC_FAIL exp=9520 got=13EF seq=14 syncOff=1
APP_CRC_FAIL exp=9520 got=13EF seq=15 syncOff=1
APP_CRC_FAIL exp=9520 got=13EF seq=16 syncOff=1
APP_CRC_FAIL exp=9520 got=13EF seq=17 syncOff=1
APP_CRC_FAIL exp=9520 got=13EF seq=18 syncOff=1
APP_CRC_FAIL exp=9520 got=13EF seq=19 syncOff=1
APP_CRC_FAIL exp=9520 got=13EF seq=20 syncOff=1
APP_CRC_FAIL exp=9520 got=13EF seq=21 syncOff=1
APP_CRC_FAIL exp=9520 got=13EF seq=22 syncOff=1
APP_CRC_FAIL exp=9520 got=13EF seq=23 syncOff=1
APP_CRC_FAIL exp=9520 got=13EF seq=24 syncOff=1
APP_CRC_FAIL exp=9520 got=13EF seq=25 syncOff=1
APP_CRC_FAIL exp=9520 got=13EF seq=26 syncOff=1
APP_CRC_FAIL exp=9520 got=13EF seq=27 syncOff=1
APP_CRC_FAIL exp=9520 got=13EF seq=28 syncOff=1
APP_CRC_FAIL exp=9520 got=13EF seq=29 syncOff=1
APP_CRC_FAIL exp=9520 got=13EF seq=30 syncOff=1
APP_CRC_FAIL exp=9520 got=13EF seq=31 syncOff=1
APP_CRC_FAIL exp=9520 got=13EF seq=32 syncOff=1
APP_CRC_FAIL exp=9520 got=13EF seq=33 syncOff=1
APP_CRC_FAIL exp=9520 got=13EF seq=34 syncOff=1
APP_CRC_FAIL exp=9520 got=13EF seq=35 syncOff=1
APP_CRC_FAIL exp=9520 got=13EF seq=36 syncOff=1
APP_CRC_FAIL exp=9520 got=13EF seq=37 syncOff=1
APP_CRC_FAIL exp=9520 got=13EF seq=38 syncOff=1
APP_CRC_FAIL exp=9520 got=13EF seq=39 syncOff=1
APP_CRC_FAIL exp=9500 got=13EF seq=40 syncOff=1
APP_CRC_FAIL exp=9520 got=13EF seq=41 syncOff=1
APP_CRC_FAIL exp=9520 got=13EF seq=42 syncOff=1
APP_CRC_FAIL exp=9520 got=13EF seq=43 syncOff=1
APP_CRC_FAIL exp=9520 got=13EF seq=44 syncOff=1
APP_CRC_FAIL exp=9520 got=13EF seq=45 syncOff=1
APP_CRC_FAIL exp=9520 got=13EF seq=46 syncOff=1
APP_CRC_FAIL exp=9520 got=13EF seq=47 syncOff=1
APP_CRC_FAIL exp=9520 got=13EF seq=48 syncOff=1
APP_CRC_FAIL exp=9520 got=13EF seq=49 syncOff=1
APP_CRC_FAIL exp=9520 got=13EF seq=50 syncOff=1
APP_CRC_FAIL exp=9520 got=13EF seq=51 syncOff=1
APP_CRC_FAIL exp=9520 got=13EF seq=52 syncOff=1
APP_CRC_FAIL exp=9520 got=13EF seq=53 syncOff=1
APP_CRC_FAIL exp=9520 got=13EF seq=54 syncOff=1
APP_CRC_FAIL exp=9520 got=13EF seq=55 syncOff=1
APP_CRC_FAIL exp=9520 got=13EF seq=56 syncOff=1
APP_CRC_FAIL exp=9520 got=13EF seq=57 syncOff=1
APP_CRC_FAIL exp=9500 got=13EF seq=58 syncOff=1
APP_CRC_FAIL exp=9520 got=13EF seq=59 syncOff=1
APP_CRC_FAIL exp=9520 got=13EF seq=60 syncOff=1
APP_CRC_FAIL exp=9520 got=13EF seq=61 syncOff=1
APP_CRC_FAIL exp=9520 got=13EF seq=62 syncOff=1
APP_CRC_FAIL exp=9520 got=13EF seq=63 syncOff=1
APP_CRC_FAIL exp=9520 got=13EF seq=64 syncOff=1
APP_CRC_FAIL exp=9500 got=13EF seq=65 syncOff=1
APP_CRC_FAIL exp=9520 got=13EF seq=66 syncOff=1
APP_CRC_FAIL exp=9520 got=13EF seq=67 syncOff=1
APP_CRC_FAIL exp=9520 got=13EF seq=68 syncOff=1
APP_CRC_FAIL exp=9520 got=13EF seq=69 syncOff=1
APP_CRC_FAIL exp=9520 got=13EF seq=70 syncOff=1
APP_CRC_FAIL exp=9500 got=13EF seq=71 syncOff=1
APP_CRC_FAIL exp=9520 got=13EF seq=72 syncOff=1
APP_CRC_FAIL exp=9520 got=13EF seq=73 syncOff=1
APP_CRC_FAIL exp=9520 got=13EF seq=74 syncOff=1
APP_CRC_FAIL exp=8C20 got=8CBC seq=0 syncOff=1
APP_CRC_FAIL exp=5B20 got=5B7E seq=1 syncOff=1
APP_CRC_FAIL exp=3320 got=3319 seq=2 syncOff=1
APP_CRC_FAIL exp=E420 got=E4DB seq=3 syncOff=1
APP_CRC_FAIL exp=E320 got=E3D7 seq=4 syncOff=1
APP_CRC_FAIL exp=3420 got=3415 seq=5 syncOff=1
APP_CRC_FAIL exp=5C20 got=5C72 seq=6 syncOff=1
APP_CRC_FAIL exp=8B20 got=8BB0 seq=7 syncOff=1
APP_CRC_FAIL exp=5220 got=526A seq=8 syncOff=1
APP_CRC_FAIL exp=8520 got=85A8 seq=9 syncOff=1
APP_CRC_FAIL exp=ED20 got=EDCF seq=10 syncOff=1
APP_CRC_FAIL exp=3A20 got=3A0D seq=11 syncOff=1
APP_CRC_FAIL exp=3D20 got=3D01 seq=12 syncOff=1
APP_CRC_FAIL exp=EA20 got=EAC3 seq=13 syncOff=1
APP_CRC_FAIL exp=8220 got=82A4 seq=14 syncOff=1
APP_CRC_FAIL exp=5520 got=5566 seq=15 syncOff=1
APP_CRC_FAIL exp=2120 got=2131 seq=16 syncOff=1
APP_CRC_FAIL exp=F620 got=F6F3 seq=17 syncOff=1
APP_CRC_FAIL exp=9E20 got=9E94 seq=18 syncOff=1
APP_CRC_FAIL exp=4920 got=4956 seq=19 syncOff=1
APP_CRC_FAIL exp=4E20 got=4E5A seq=20 syncOff=1
APP_CRC_FAIL exp=9920 got=9998 seq=21 syncOff=1
APP_CRC_FAIL exp=F120 got=F1FF seq=22 syncOff=1
APP_CRC_FAIL exp=2620 got=263D seq=23 syncOff=1
APP_CRC_FAIL exp=FF20 got=FFE7 seq=24 syncOff=1
APP_CRC_FAIL exp=2820 got=2825 seq=25 syncOff=1
APP_CRC_FAIL exp=4020 got=4042 seq=26 syncOff=1
APP_CRC_FAIL exp=9720 got=9780 seq=27 syncOff=1
APP_CRC_FAIL exp=9000 got=908C seq=28 syncOff=1
APP_CRC_FAIL exp=4720 got=474E seq=29 syncOff=1
APP_CRC_FAIL exp=2F20 got=2F29 seq=30 syncOff=1
APP_CRC_FAIL exp=F820 got=F8EB seq=31 syncOff=1
APP_CRC_FAIL exp=C720 got=C787 seq=32 syncOff=1
APP_CRC_FAIL exp=1020 got=1045 seq=33 syncOff=1
APP_CRC_FAIL exp=7820 got=7822 seq=34 syncOff=1
APP_CRC_FAIL exp=AF20 got=AFE0 seq=35 syncOff=1
APP_CRC_FAIL exp=A820 got=A8EC seq=36 syncOff=1
APP_CRC_FAIL exp=7F20 got=7F2E seq=37 syncOff=1
APP_CRC_FAIL exp=1720 got=1749 seq=38 syncOff=1
APP_CRC_FAIL exp=C020 got=C08B seq=39 syncOff=1
APP_CRC_FAIL exp=1920 got=1951 seq=40 syncOff=1
APP_CRC_FAIL exp=CE20 got=CE93 seq=41 syncOff=1
APP_CRC_FAIL exp=A620 got=A6F4 seq=42 syncOff=1
APP_CRC_FAIL exp=7120 got=7136 seq=43 syncOff=1
APP_CRC_FAIL exp=7620 got=763A seq=44 syncOff=1
APP_CRC_FAIL exp=A120 got=A1F8 seq=45 syncOff=1
SYNC_NOT_FOUND first4=F8953E3C
APP_CRC_FAIL exp=C920 got=C99F seq=46 syncOff=1
APP_CRC_FAIL exp=1E20 got=1E5D seq=47 syncOff=1
APP_CRC_FAIL exp=6A20 got=6A0A seq=48 syncOff=1
APP_CRC_FAIL exp=BD20 got=BDC8 seq=49 syncOff=1
APP_CRC_FAIL exp=CE20 got=CE61 seq=50 syncOff=1
APP_CRC_FAIL exp=1920 got=19A3 seq=51 syncOff=1
APP_CRC_FAIL exp=1E20 got=1EAF seq=52 syncOff=1
APP_CRC_FAIL exp=C920 got=C96D seq=53 syncOff=1
APP_CRC_FAIL exp=A120 got=A10A seq=54 syncOff=1
APP_CRC_FAIL exp=7600 got=76C8 seq=55 syncOff=1
APP_CRC_FAIL exp=AF20 got=AF12 seq=56 syncOff=1
APP_CRC_FAIL exp=7820 got=78D0 seq=57 syncOff=1
APP_CRC_FAIL exp=1020 got=10B7 seq=58 syncOff=1
APP_CRC_FAIL exp=C720 got=C775 seq=59 syncOff=1
APP_CRC_FAIL exp=C020 got=C079 seq=60 syncOff=1
APP_CRC_FAIL exp=1720 got=17BB seq=61 syncOff=1
APP_CRC_FAIL exp=7F20 got=7FDC seq=62 syncOff=1
APP_CRC_FAIL exp=A820 got=A81E seq=63 syncOff=1
APP_CRC_FAIL exp=0120 got=0104 seq=64 syncOff=1
SYNC_NOT_FOUND first4=0412B664
APP_CRC_FAIL exp=D620 got=D6C6 seq=65 syncOff=1
APP_CRC_FAIL exp=BE20 got=BEA1 seq=66 syncOff=1
APP_CRC_FAIL exp=6920 got=6963 seq=67 syncOff=1
APP_CRC_FAIL exp=6E20 got=6E6F seq=68 syncOff=1
APP_CRC_FAIL exp=B920 got=B9AD seq=69 syncOff=1
APP_CRC_FAIL exp=D120 got=D1CA seq=70 syncOff=1
APP_CRC_FAIL exp=0620 got=0608 seq=71 syncOff=1
APP_CRC_FAIL exp=DF20 got=DFD2 seq=72 syncOff=1
APP_CRC_FAIL exp=0820 got=0810 seq=73 syncOff=1
APP_CRC_FAIL exp=6020 got=6077 seq=74 syncOff=1
SYNC_NOT_FOUND first4=77A1AF3F
SYNC_NOT_FOUND first4=B4B6650C
SYNC_NOT_FOUND first4=ED9A0345
SYNC_LOST phase=55 consecutive=3 cached_off=1
SYNC_NOT_FOUND first4=369E542F
SYNC_NOT_FOUND first4=B0C26033
SYNC_NOT_FOUND first4=A06180CF
SYNC_NOT_FOUND first4=F1F3299F
SYNC_NOT_FOUND first4=4768B359
SYNC_NOT_FOUND first4=FF419FC4
SYNC_NOT_FOUND first4=C4F305A0
SYNC_NOT_FOUND first4=0C227FCF
SYNC_NOT_FOUND first4=A2B58430
TIME_SYNCED utc=1785057156 offset=1785033575
SYNC_NOT_FOUND first4=CA9E7F22
SYNC_NOT_FOUND first4=69B5E115
SYNC_NOT_FOUND first4=5B95E966
SYNC_NOT_FOUND first4=06501D95
SYNC_NOT_FOUND first4=CB6797EF
SYNC_NOT_FOUND first4=17702603
SYNC_NOT_FOUND first4=CC661E00
SYNC_NOT_FOUND first4=0D6999E5
SYNC_NOT_FOUND first4=2727F8DE
SYNC_NOT_FOUND first4=525EAFE1
SYNC_NOT_FOUND first4=0BDE825E
SYNC_NOT_FOUND first4=C3187AAA
SYNC_NOT_FOUND first4=34F69666
SYNC_NOT_FOUND first4=C3FACFF0
SYNC_NOT_FOUND first4=7F759E78
SYNC_NOT_FOUND first4=00582850
SYNC_NOT_FOUND first4=000A2304
SYNC_NOT_FOUND first4=F4C99996
TIME_STATS min=-2000ms max=1000ms avg=-87ms corrections=0
TIME_SYNCED utc=1785057166 offset=1785033574
SYNC_NOT_FOUND first4=405E5999
SYNC_NOT_FOUND first4=1CE856C6
SYNC_NOT_FOUND first4=F04C0EB1
SYNC_NOT_FOUND first4=A56D20F4
SYNC_NOT_FOUND first4=996AF8C9
TIME_SYNCED utc=1785057176 offset=1785033574
SYNC_NOT_FOUND first4=337C5184
SYNC_NOT_FOUND first4=A9A90175
SYNC_NOT_FOUND first4=D69B4AED
TIME_SYNCED utc=1785057187 offset=1785033575
SYNC_NOT_FOUND first4=EC716B2B
TIME_SYNCED utc=1785057197 offset=1785033574
SYNC_NOT_FOUND first4=72DEBD68
SYNC_NOT_FOUND first4=A4FABF08
TIME_SYNCED utc=1785057208 offset=1785033574
SYNC_NOT_FOUND first4=C4BA133E
SYNC_NOT_FOUND first4=7EA9FC61
SYNC_NOT_FOUND first4=225D116C
SYNC_NOT_FOUND first4=8DDD136C
SYNC_NOT_FOUND first4=4CDD136C
SYNC_OFFSET phase=55 off=1 prev=-1
APP_CRC_FAIL exp=D020 got=C41B seq=0 syncOff=1
APP_CRC_FAIL exp=D020 got=C41B seq=1 syncOff=1
APP_CRC_FAIL exp=D020 got=C41B seq=2 syncOff=1
APP_CRC_FAIL exp=D020 got=C41B seq=3 syncOff=1
APP_CRC_FAIL exp=D020 got=C41B seq=4 syncOff=1
APP_CRC_FAIL exp=D020 got=C41B seq=5 syncOff=1
APP_CRC_FAIL exp=D020 got=C41B seq=6 syncOff=1
APP_CRC_FAIL exp=D020 got=C41B seq=7 syncOff=1
APP_CRC_FAIL exp=D020 got=C41B seq=8 syncOff=1
APP_CRC_FAIL exp=D020 got=C41B seq=9 syncOff=1
APP_CRC_FAIL exp=D020 got=C41B seq=10 syncOff=1
APP_CRC_FAIL exp=D020 got=C41B seq=11 syncOff=1
APP_CRC_FAIL exp=D020 got=C41B seq=12 syncOff=1
APP_CRC_FAIL exp=D020 got=C41B seq=13 syncOff=1
APP_CRC_FAIL exp=D020 got=C41B seq=14 syncOff=1
APP_CRC_FAIL exp=D020 got=C41B seq=15 syncOff=1
APP_CRC_FAIL exp=D020 got=C41B seq=16 syncOff=1
APP_CRC_FAIL exp=D020 got=C41B seq=17 syncOff=1
APP_CRC_FAIL exp=D020 got=C41B seq=18 syncOff=1
APP_CRC_FAIL exp=D020 got=C41B seq=19 syncOff=1
APP_CRC_FAIL exp=D020 got=C41B seq=20 syncOff=1
APP_CRC_FAIL exp=D020 got=C41B seq=21 syncOff=1
APP_CRC_FAIL exp=D020 got=C41B seq=22 syncOff=1
APP_CRC_FAIL exp=D020 got=C41B seq=23 syncOff=1
APP_CRC_FAIL exp=D020 got=C41B seq=24 syncOff=1
APP_CRC_FAIL exp=D020 got=C41B seq=25 syncOff=1
APP_CRC_FAIL exp=D020 got=C41B seq=26 syncOff=1
APP_CRC_FAIL exp=D020 got=C41B seq=27 syncOff=1
APP_CRC_FAIL exp=D000 got=C41B seq=28 syncOff=1
APP_CRC_FAIL exp=D020 got=C41B seq=29 syncOff=1
APP_CRC_FAIL exp=D020 got=C41B seq=30 syncOff=1
APP_CRC_FAIL exp=D020 got=C41B seq=31 syncOff=1
APP_CRC_FAIL exp=D020 got=C41B seq=32 syncOff=1
APP_CRC_FAIL exp=D020 got=C41B seq=33 syncOff=1
APP_CRC_FAIL exp=D020 got=C41B seq=34 syncOff=1
APP_CRC_FAIL exp=D020 got=C41B seq=35 syncOff=1
APP_CRC_FAIL exp=D020 got=C41B seq=36 syncOff=1
APP_CRC_FAIL exp=D020 got=C41B seq=37 syncOff=1
APP_CRC_FAIL exp=D020 got=C41B seq=38 syncOff=1
APP_CRC_FAIL exp=D020 got=C41B seq=39 syncOff=1
SYNC_NOT_FOUND first4=D05B54E4
APP_CRC_FAIL exp=D020 got=C41B seq=40 syncOff=1
APP_CRC_FAIL exp=D020 got=C41B seq=41 syncOff=1
APP_CRC_FAIL exp=D020 got=C41B seq=42 syncOff=1
APP_CRC_FAIL exp=D020 got=C41B seq=43 syncOff=1
APP_CRC_FAIL exp=D020 got=C41B seq=44 syncOff=1
APP_CRC_FAIL exp=D020 got=C41B seq=45 syncOff=1
APP_CRC_FAIL exp=D020 got=C41B seq=46 syncOff=1
APP_CRC_FAIL exp=D020 got=C41B seq=47 syncOff=1
APP_CRC_FAIL exp=D020 got=C41B seq=48 syncOff=1
APP_CRC_FAIL exp=D020 got=C41B seq=49 syncOff=1
APP_CRC_FAIL exp=D020 got=C41B seq=50 syncOff=1
APP_CRC_FAIL exp=D020 got=C41B seq=51 syncOff=1
APP_CRC_FAIL exp=D020 got=C41B seq=52 syncOff=1
APP_CRC_FAIL exp=D020 got=C41B seq=53 syncOff=1
APP_CRC_FAIL exp=D020 got=C41B seq=54 syncOff=1
APP_CRC_FAIL exp=D020 got=C41B seq=55 syncOff=1
APP_CRC_FAIL exp=D020 got=C41B seq=56 syncOff=1
APP_CRC_FAIL exp=D020 got=C41B seq=57 syncOff=1
APP_CRC_FAIL exp=D020 got=C41B seq=58 syncOff=1
APP_CRC_FAIL exp=D020 got=C41B seq=59 syncOff=1
APP_CRC_FAIL exp=D020 got=C41B seq=60 syncOff=1
APP_CRC_FAIL exp=D020 got=C41B seq=61 syncOff=1
SYNC_NOT_FOUND first4=D03A8405
APP_CRC_FAIL exp=D020 got=C41B seq=62 syncOff=1
APP_CRC_FAIL exp=D020 got=C41B seq=63 syncOff=1
APP_CRC_FAIL exp=D020 got=C41B seq=64 syncOff=1
APP_CRC_FAIL exp=D020 got=C41B seq=65 syncOff=1
APP_CRC_FAIL exp=D020 got=C41B seq=66 syncOff=1
APP_CRC_FAIL exp=D020 got=C41B seq=67 syncOff=1
APP_CRC_FAIL exp=D020 got=C41B seq=68 syncOff=1
APP_CRC_FAIL exp=D020 got=C41B seq=69 syncOff=1
APP_CRC_FAIL exp=D020 got=C41B seq=70 syncOff=1
APP_CRC_FAIL exp=D020 got=C41B seq=71 syncOff=1
APP_CRC_FAIL exp=D020 got=C41B seq=72 syncOff=1
APP_CRC_FAIL exp=D020 got=C41B seq=73 syncOff=1
APP_CRC_FAIL exp=D020 got=C41B seq=74 syncOff=1
APP_CRC_FAIL exp=4020 got=473E seq=0 syncOff=1
APP_CRC_FAIL exp=4020 got=473E seq=1 syncOff=1
APP_CRC_FAIL exp=4020 got=473E seq=2 syncOff=1
APP_CRC_FAIL exp=4020 got=473E seq=3 syncOff=1
APP_CRC_FAIL exp=4020 got=473E seq=4 syncOff=1
APP_CRC_FAIL exp=4020 got=473E seq=5 syncOff=1
APP_CRC_FAIL exp=4020 got=473E seq=6 syncOff=1
APP_CRC_FAIL exp=4020 got=473E seq=7 syncOff=1
APP_CRC_FAIL exp=4020 got=473E seq=8 syncOff=1
APP_CRC_FAIL exp=4020 got=473E seq=9 syncOff=1
APP_CRC_FAIL exp=4020 got=473E seq=10 syncOff=1
SYNC_NOT_FOUND first4=40769134
APP_CRC_FAIL exp=4020 got=473E seq=12 syncOff=1
APP_CRC_FAIL exp=4020 got=473E seq=13 syncOff=1
APP_CRC_FAIL exp=4020 got=473E seq=14 syncOff=1
APP_CRC_FAIL exp=4020 got=473E seq=15 syncOff=1
APP_CRC_FAIL exp=4020 got=473E seq=16 syncOff=1
APP_CRC_FAIL exp=4020 got=473E seq=17 syncOff=1
APP_CRC_FAIL exp=4020 got=473E seq=18 syncOff=1
APP_CRC_FAIL exp=4020 got=473E seq=19 syncOff=1
APP_CRC_FAIL exp=4020 got=473E seq=20 syncOff=1
APP_CRC_FAIL exp=4020 got=473E seq=21 syncOff=1
APP_CRC_FAIL exp=4020 got=473E seq=22 syncOff=1
APP_CRC_FAIL exp=4020 got=473E seq=23 syncOff=1
APP_CRC_FAIL exp=4020 got=473E seq=24 syncOff=1
APP_CRC_FAIL exp=4020 got=473E seq=25 syncOff=1
TIME_SYNCED utc=1785057218 offset=1785033574
APP_CRC_FAIL exp=4020 got=473E seq=26 syncOff=1
APP_CRC_FAIL exp=4020 got=473E seq=27 syncOff=1
APP_CRC_FAIL exp=4020 got=473E seq=28 syncOff=1
APP_CRC_FAIL exp=4020 got=473E seq=29 syncOff=1
APP_CRC_FAIL exp=4020 got=473E seq=30 syncOff=1
APP_CRC_FAIL exp=4020 got=473E seq=31 syncOff=1
APP_CRC_FAIL exp=4020 got=473E seq=32 syncOff=1
APP_CRC_FAIL exp=4020 got=473E seq=33 syncOff=1
APP_CRC_FAIL exp=4020 got=473E seq=34 syncOff=1
APP_CRC_FAIL exp=4020 got=473E seq=35 syncOff=1
APP_CRC_FAIL exp=4020 got=473E seq=36 syncOff=1
APP_CRC_FAIL exp=4020 got=473E seq=37 syncOff=1
APP_CRC_FAIL exp=4020 got=473E seq=38 syncOff=1
APP_CRC_FAIL exp=4020 got=473E seq=39 syncOff=1
APP_CRC_FAIL exp=4020 got=473E seq=40 syncOff=1
APP_CRC_FAIL exp=4020 got=473E seq=41 syncOff=1
APP_CRC_FAIL exp=4020 got=473E seq=42 syncOff=1
APP_CRC_FAIL exp=4020 got=473E seq=43 syncOff=1
APP_CRC_FAIL exp=4020 got=473E seq=44 syncOff=1
APP_CRC_FAIL exp=4020 got=473E seq=45 syncOff=1
APP_CRC_FAIL exp=4020 got=473E seq=46 syncOff=1
APP_CRC_FAIL exp=4020 got=473E seq=47 syncOff=1
APP_CRC_FAIL exp=4020 got=473E seq=48 syncOff=1
APP_CRC_FAIL exp=4020 got=473E seq=49 syncOff=1
APP_CRC_FAIL exp=4020 got=473E seq=50 syncOff=1
APP_CRC_FAIL exp=4020 got=473E seq=51 syncOff=1
APP_CRC_FAIL exp=4020 got=473E seq=52 syncOff=1
APP_CRC_FAIL exp=4020 got=473E seq=53 syncOff=1
APP_CRC_FAIL exp=4020 got=473E seq=54 syncOff=1
APP_CRC_FAIL exp=4020 got=473E seq=55 syncOff=1
SYNC_NOT_FOUND first4=405E43F3
APP_CRC_FAIL exp=4020 got=473E seq=56 syncOff=1
APP_CRC_FAIL exp=4020 got=473E seq=57 syncOff=1
APP_CRC_FAIL exp=4020 got=473E seq=58 syncOff=1
APP_CRC_FAIL exp=4020 got=473E seq=59 syncOff=1
APP_CRC_FAIL exp=4020 got=473E seq=60 syncOff=1
APP_CRC_FAIL exp=4020 got=473E seq=61 syncOff=1
APP_CRC_FAIL exp=4020 got=473E seq=62 syncOff=1
APP_CRC_FAIL exp=4020 got=473E seq=63 syncOff=1
APP_CRC_FAIL exp=4020 got=473E seq=64 syncOff=1
APP_CRC_FAIL exp=4000 got=473E seq=65 syncOff=1
APP_CRC_FAIL exp=4020 got=473E seq=66 syncOff=1
APP_CRC_FAIL exp=4020 got=473E seq=67 syncOff=1
APP_CRC_FAIL exp=4020 got=473E seq=68 syncOff=1
APP_CRC_FAIL exp=4020 got=473E seq=69 syncOff=1
APP_CRC_FAIL exp=4020 got=473E seq=70 syncOff=1
APP_CRC_FAIL exp=4020 got=473E seq=71 syncOff=1
APP_CRC_FAIL exp=4020 got=473E seq=72 syncOff=1
APP_CRC_FAIL exp=4020 got=473E seq=73 syncOff=1
APP_CRC_FAIL exp=4020 got=473E seq=74 syncOff=1
APP_CRC_FAIL exp=9520 got=13EF seq=0 syncOff=1
APP_CRC_FAIL exp=9520 got=13EF seq=1 syncOff=1
APP_CRC_FAIL exp=9520 got=13EF seq=2 syncOff=1
APP_CRC_FAIL exp=9520 got=13EF seq=3 syncOff=1
APP_CRC_FAIL exp=9520 got=13EF seq=4 syncOff=1
APP_CRC_FAIL exp=9520 got=13EF seq=5 syncOff=1
APP_CRC_FAIL exp=9520 got=13EF seq=6 syncOff=1
APP_CRC_FAIL exp=9520 got=13EF seq=7 syncOff=1
APP_CRC_FAIL exp=9520 got=13EF seq=8 syncOff=1
APP_CRC_FAIL exp=9520 got=13EF seq=9 syncOff=1
APP_CRC_FAIL exp=9520 got=13EF seq=10 syncOff=1
APP_CRC_FAIL exp=9520 got=13EF seq=11 syncOff=1
APP_CRC_FAIL exp=9520 got=13EF seq=12 syncOff=1
APP_CRC_FAIL exp=9520 got=13EF seq=13 syncOff=1
SYNC_NOT_FOUND first4=953988B8
APP_CRC_FAIL exp=9520 got=13EF seq=14 syncOff=1
APP_CRC_FAIL exp=9520 got=13EF seq=15 syncOff=1
APP_CRC_FAIL exp=9520 got=13EF seq=16 syncOff=1
APP_CRC_FAIL exp=9500 got=13EF seq=17 syncOff=1
APP_CRC_FAIL exp=9520 got=13EF seq=18 syncOff=1
APP_CRC_FAIL exp=9520 got=13EF seq=19 syncOff=1
APP_CRC_FAIL exp=9520 got=13EF seq=20 syncOff=1
APP_CRC_FAIL exp=9500 got=13EF seq=21 syncOff=1
SYNC_NOT_FOUND first4=956CC01F
APP_CRC_FAIL exp=9520 got=13EF seq=23 syncOff=1
APP_CRC_FAIL exp=9520 got=13EF seq=24 syncOff=1
SYNC_NOT_FOUND first4=95E62D44
APP_CRC_FAIL exp=9520 got=13EF seq=25 syncOff=1
APP_CRC_FAIL exp=9520 got=13EF seq=26 syncOff=1
APP_CRC_FAIL exp=9520 got=13EF seq=27 syncOff=1
APP_CRC_FAIL exp=9520 got=13EF seq=28 syncOff=1
APP_CRC_FAIL exp=9520 got=13EF seq=29 syncOff=1
APP_CRC_FAIL exp=9520 got=13EF seq=30 syncOff=1
APP_CRC_FAIL exp=9520 got=13EF seq=31 syncOff=1
APP_CRC_FAIL exp=9520 got=13EF seq=32 syncOff=1
APP_CRC_FAIL exp=9520 got=13EF seq=33 syncOff=1
APP_CRC_FAIL exp=9520 got=13EF seq=34 syncOff=1
APP_CRC_FAIL exp=9520 got=13EF seq=35 syncOff=1
APP_CRC_FAIL exp=9520 got=13EF seq=36 syncOff=1
APP_CRC_FAIL exp=9520 got=13EF seq=37 syncOff=1
APP_CRC_FAIL exp=9520 got=13EF seq=38 syncOff=1
APP_CRC_FAIL exp=9520 got=13EF seq=39 syncOff=1
APP_CRC_FAIL exp=9520 got=13EF seq=40 syncOff=1
APP_CRC_FAIL exp=9520 got=13EF seq=41 syncOff=1
APP_CRC_FAIL exp=9520 got=13EF seq=42 syncOff=1
APP_CRC_FAIL exp=9520 got=13EF seq=43 syncOff=1
APP_CRC_FAIL exp=9500 got=13EF seq=44 syncOff=1
APP_CRC_FAIL exp=9520 got=13EF seq=45 syncOff=1
SYNC_NOT_FOUND first4=95C6DBA0
APP_CRC_FAIL exp=9520 got=13EF seq=46 syncOff=1
APP_CRC_FAIL exp=9520 got=13EF seq=47 syncOff=1
APP_CRC_FAIL exp=9520 got=13EF seq=48 syncOff=1
APP_CRC_FAIL exp=9520 got=13EF seq=49 syncOff=1
APP_CRC_FAIL exp=9520 got=13EF seq=50 syncOff=1
APP_CRC_FAIL exp=9520 got=13EF seq=51 syncOff=1
APP_CRC_FAIL exp=9520 got=13EF seq=52 syncOff=1
APP_CRC_FAIL exp=9520 got=13EF seq=53 syncOff=1
APP_CRC_FAIL exp=9520 got=13EF seq=54 syncOff=1
APP_CRC_FAIL exp=9520 got=13EF seq=55 syncOff=1
APP_CRC_FAIL exp=9520 got=13EF seq=56 syncOff=1
APP_CRC_FAIL exp=9520 got=13EF seq=57 syncOff=1
APP_CRC_FAIL exp=9520 got=13EF seq=58 syncOff=1
APP_CRC_FAIL exp=9520 got=13EF seq=59 syncOff=1
APP_CRC_FAIL exp=9520 got=13EF seq=60 syncOff=1
APP_CRC_FAIL exp=9520 got=13EF seq=61 syncOff=1
APP_CRC_FAIL exp=9520 got=13EF seq=62 syncOff=1
APP_CRC_FAIL exp=9520 got=13EF seq=63 syncOff=1
APP_CRC_FAIL exp=9520 got=13EF seq=64 syncOff=1
APP_CRC_FAIL exp=9520 got=13EF seq=65 syncOff=1
APP_CRC_FAIL exp=9520 got=13EF seq=66 syncOff=1
APP_CRC_FAIL exp=9520 got=13EF seq=67 syncOff=1
APP_CRC_FAIL exp=9520 got=13EF seq=68 syncOff=1
APP_CRC_FAIL exp=9520 got=13EF seq=69 syncOff=1
APP_CRC_FAIL exp=9520 got=13EF seq=70 syncOff=1
APP_CRC_FAIL exp=9520 got=13EF seq=71 syncOff=1
APP_CRC_FAIL exp=9520 got=13EF seq=72 syncOff=1
APP_CRC_FAIL exp=9520 got=13EF seq=73 syncOff=1
APP_CRC_FAIL exp=9500 got=13EF seq=74 syncOff=1
SYNC_NOT_FOUND first4=951381D6
SYNC_NOT_FOUND first4=D1B8F065
SYNC_NOT_FOUND first4=8649CFC1
SYNC_LOST phase=55 consecutive=3 cached_off=1
SYNC_OFFSET phase=55 off=1 prev=-1
APP_CRC_FAIL exp=BB20 got=BBDB seq=0 syncOff=1
APP_CRC_FAIL exp=6C20 got=6C19 seq=1 syncOff=1
APP_CRC_FAIL exp=0420 got=047E seq=2 syncOff=1
APP_CRC_FAIL exp=D321 got=D3BC seq=3 syncOff=1
APP_CRC_FAIL exp=D420 got=D4B0 seq=4 syncOff=1
APP_CRC_FAIL exp=0320 got=0372 seq=5 syncOff=1
APP_CRC_FAIL exp=6B20 got=6B15 seq=6 syncOff=1
APP_CRC_FAIL exp=BC20 got=BCD7 seq=7 syncOff=1
APP_CRC_FAIL exp=6520 got=650D seq=8 syncOff=1
APP_CRC_FAIL exp=B220 got=B2CF seq=9 syncOff=1
APP_CRC_FAIL exp=DA20 got=DAA8 seq=10 syncOff=1
APP_CRC_FAIL exp=0D20 got=0D6A seq=11 syncOff=1
APP_CRC_FAIL exp=0A20 got=0A66 seq=12 syncOff=1
APP_CRC_FAIL exp=DD20 got=DDA4 seq=13 syncOff=1
APP_CRC_FAIL exp=B520 got=B5C3 seq=14 syncOff=1
APP_CRC_FAIL exp=6220 got=6201 seq=15 syncOff=1
APP_CRC_FAIL exp=1620 got=1656 seq=16 syncOff=1
APP_CRC_FAIL exp=C120 got=C194 seq=17 syncOff=1
APP_CRC_FAIL exp=A920 got=A9F3 seq=18 syncOff=1
APP_CRC_FAIL exp=7E20 got=7E31 seq=19 syncOff=1
APP_CRC_FAIL exp=7900 got=793D seq=20 syncOff=1
APP_CRC_FAIL exp=AE20 got=AEFF seq=21 syncOff=1
APP_CRC_FAIL exp=C620 got=C698 seq=22 syncOff=1
APP_CRC_FAIL exp=1120 got=115A seq=23 syncOff=1
APP_CRC_FAIL exp=C820 got=C880 seq=24 syncOff=1
APP_CRC_FAIL exp=1F20 got=1F42 seq=25 syncOff=1
APP_CRC_FAIL exp=7720 got=7725 seq=26 syncOff=1
SYNC_NOT_FOUND first4=2556F521
APP_CRC_FAIL exp=A020 got=A0E7 seq=27 syncOff=1
APP_CRC_FAIL exp=A720 got=A7EB seq=28 syncOff=1
APP_CRC_FAIL exp=7000 got=7029 seq=29 syncOff=1
APP_CRC_FAIL exp=1820 got=184E seq=30 syncOff=1
APP_CRC_FAIL exp=CF20 got=CF8C seq=31 syncOff=1
APP_CRC_FAIL exp=F020 got=F0E0 seq=32 syncOff=1
APP_CRC_FAIL exp=2720 got=2722 seq=33 syncOff=1
APP_CRC_FAIL exp=4F20 got=4F45 seq=34 syncOff=1
APP_CRC_FAIL exp=9820 got=9887 seq=35 syncOff=1
APP_CRC_FAIL exp=9F20 got=9F8B seq=36 syncOff=1
APP_CRC_FAIL exp=4820 got=4849 seq=37 syncOff=1
APP_CRC_FAIL exp=2020 got=202E seq=38 syncOff=1
APP_CRC_FAIL exp=F720 got=F7EC seq=39 syncOff=1
APP_CRC_FAIL exp=2E20 got=2E36 seq=40 syncOff=1
APP_CRC_FAIL exp=F920 got=F9F4 seq=41 syncOff=1
APP_CRC_FAIL exp=9120 got=9193 seq=42 syncOff=1
APP_CRC_FAIL exp=4620 got=4651 seq=43 syncOff=1
APP_CRC_FAIL exp=4120 got=415D seq=44 syncOff=1
APP_CRC_FAIL exp=9600 got=969F seq=45 syncOff=1
APP_CRC_FAIL exp=FE20 got=FEF8 seq=46 syncOff=1
APP_CRC_FAIL exp=2920 got=293A seq=47 syncOff=1
APP_CRC_FAIL exp=5D20 got=5D6D seq=48 syncOff=1
APP_CRC_FAIL exp=8A00 got=8AAF seq=49 syncOff=1
APP_CRC_FAIL exp=F920 got=F906 seq=50 syncOff=1
APP_CRC_FAIL exp=2E20 got=2EC4 seq=51 syncOff=1
APP_CRC_FAIL exp=2920 got=29C8 seq=52 syncOff=1
APP_CRC_FAIL exp=FE20 got=FE0A seq=53 syncOff=1
APP_CRC_FAIL exp=9620 got=966D seq=54 syncOff=1
APP_CRC_FAIL exp=4120 got=41AF seq=55 syncOff=1
APP_CRC_FAIL exp=9820 got=9875 seq=56 syncOff=1
APP_CRC_FAIL exp=4F20 got=4FB7 seq=57 syncOff=1
APP_CRC_FAIL exp=2720 got=27D0 seq=58 syncOff=1
APP_CRC_FAIL exp=F020 got=F012 seq=59 syncOff=1
APP_CRC_FAIL exp=F720 got=F71E seq=60 syncOff=1
APP_CRC_FAIL exp=2020 got=20DC seq=61 syncOff=1
APP_CRC_FAIL exp=4820 got=48BB seq=62 syncOff=1
APP_CRC_FAIL exp=9F20 got=9F79 seq=63 syncOff=1
APP_CRC_FAIL exp=3620 got=3663 seq=64 syncOff=1
APP_CRC_FAIL exp=E120 got=E1A1 seq=65 syncOff=1
APP_CRC_FAIL exp=8920 got=89C6 seq=66 syncOff=1
APP_CRC_FAIL exp=5E20 got=5E04 seq=67 syncOff=1
APP_CRC_FAIL exp=5920 got=5908 seq=68 syncOff=1
APP_CRC_FAIL exp=8E20 got=8ECA seq=69 syncOff=1
APP_CRC_FAIL exp=E620 got=E6AD seq=70 syncOff=1
APP_CRC_FAIL exp=3120 got=316F seq=71 syncOff=1
APP_CRC_FAIL exp=E820 got=E8B5 seq=72 syncOff=1
APP_CRC_FAIL exp=3F20 got=3F77 seq=73 syncOff=1
APP_CRC_FAIL exp=5720 got=5710 seq=74 syncOff=1
SYNC_NOT_FOUND first4=106C2083
TIME_STATS min=-2000ms max=1000ms avg=-87ms corrections=0
TIME_SYNCED utc=1785057228 offset=1785033574
SYNC_NOT_FOUND first4=65CB1D8D
SYNC_NOT_FOUND first4=0F5200DA
SYNC_LOST phase=55 consecutive=3 cached_off=1
SYNC_NOT_FOUND first4=37D40FDE
TIME_SYNCED utc=1785057239 offset=1785033574
SYNC_NOT_FOUND first4=ABA6B55F
TIME_SYNCED utc=1785057250 offset=1785033575
SYNC_NOT_FOUND first4=A337C9ED
TIME_SYNCED utc=1785057261 offset=1785033575
SYNC_NOT_FOUND first4=D321989A
SYNC_NOT_FOUND first4=2AAA174A
TIME_SYNCED utc=1785057271 offset=1785033575
SYNC_NOT_FOUND first4=D1CAF015
SYNC_NOT_FOUND first4=6C4A40A3
SYNC_NOT_FOUND first4=95DEB468
SYNC_NOT_FOUND first4=A5293F16
SYNC_NOT_FOUND first4=CA6BF4CE
SYNC_NOT_FOUND first4=D2C8B04C
SYNC_NOT_FOUND first4=388A8813
TIME_SYNCED utc=1785057282 offset=1785033575
SYNC_NOT_FOUND first4=B60888BC
SYNC_NOT_FOUND first4=CA5FD722
SYNC_NOT_FOUND first4=7C3564C0
TIME_STATS min=-2000ms max=1000ms avg=-87ms corrections=0
SYNC_NOT_FOUND first4=74E68F7D
SYNC_NOT_FOUND first4=E5DD116C
SYNC_NOT_FOUND first4=8142EDAE
SYNC_NOT_FOUND first4=6442EDAE
SYNC_NOT_FOUND first4=FFDD116E
SYNC_NOT_FOUND first4=215D136C
SYNC_OFFSET phase=55 off=1 prev=-1
APP_CRC_FAIL exp=C020 got=A4FE seq=0 syncOff=1
TIME_SYNCED utc=1785057292 offset=1785033575
APP_CRC_FAIL exp=C020 got=B911 seq=1 syncOff=1
SYNC_NOT_FOUND first4=C0C0C0C0
SYNC_OFFSET phase=55 off=0 prev=1
APP_CRC_FAIL exp=C0C0 got=A4FE seq=3 syncOff=0
APP_CRC_FAIL exp=C0C0 got=A4FE seq=4 syncOff=0
APP_CRC_FAIL exp=C0C0 got=A4FE seq=5 syncOff=0
APP_CRC_FAIL exp=C0C0 got=A4FE seq=6 syncOff=0
APP_CRC_FAIL exp=C0C0 got=A4FE seq=7 syncOff=0
APP_CRC_FAIL exp=C0C0 got=A4FE seq=8 syncOff=0
APP_CRC_FAIL exp=C0C0 got=A4FE seq=9 syncOff=0
APP_CRC_FAIL exp=C0C0 got=A4FE seq=10 syncOff=0
APP_CRC_FAIL exp=C0C0 got=A4FE seq=11 syncOff=0
APP_CRC_FAIL exp=C0C0 got=A4FE seq=12 syncOff=0
APP_CRC_FAIL exp=C0C0 got=A4FE seq=13 syncOff=0
APP_CRC_FAIL exp=C0C0 got=A4FE seq=14 syncOff=0
APP_CRC_FAIL exp=C0C0 got=A4FE seq=15 syncOff=0
APP_CRC_FAIL exp=C0C0 got=A4FE seq=16 syncOff=0
APP_CRC_FAIL exp=C0C0 got=A4FE seq=17 syncOff=0
APP_CRC_FAIL exp=C0C0 got=A4FE seq=18 syncOff=0
APP_CRC_FAIL exp=C0C0 got=A4FE seq=19 syncOff=0
APP_CRC_FAIL exp=C0C0 got=A4FE seq=20 syncOff=0
APP_CRC_FAIL exp=C0C0 got=A4FE seq=21 syncOff=0
APP_CRC_FAIL exp=C0C0 got=A4FE seq=22 syncOff=0
APP_CRC_FAIL exp=C0C0 got=A4FE seq=23 syncOff=0
APP_CRC_FAIL exp=C0C0 got=A4FE seq=24 syncOff=0
APP_CRC_FAIL exp=C0C0 got=A4FE seq=25 syncOff=0
APP_CRC_FAIL exp=C0C0 got=A4FE seq=26 syncOff=0
APP_CRC_FAIL exp=C0C0 got=A4FE seq=27 syncOff=0
APP_CRC_FAIL exp=C0C0 got=A4FE seq=28 syncOff=0
APP_CRC_FAIL exp=C0C0 got=A4FE seq=29 syncOff=0
APP_CRC_FAIL exp=C0C0 got=A4FE seq=30 syncOff=0
APP_CRC_FAIL exp=C0C0 got=A4FE seq=31 syncOff=0
APP_CRC_FAIL exp=C0C0 got=A4FE seq=32 syncOff=0
APP_CRC_FAIL exp=C0C0 got=A4FE seq=33 syncOff=0
APP_CRC_FAIL exp=C0C0 got=A4FE seq=34 syncOff=0
APP_CRC_FAIL exp=C0C0 got=A4FE seq=35 syncOff=0
APP_CRC_FAIL exp=C0C0 got=A4FE seq=36 syncOff=0
APP_CRC_FAIL exp=C0C0 got=A4FE seq=37 syncOff=0
APP_CRC_FAIL exp=C0C0 got=A4FE seq=38 syncOff=0
APP_CRC_FAIL exp=C0C0 got=A4FE seq=39 syncOff=0
APP_CRC_FAIL exp=C0C0 got=A4FE seq=40 syncOff=0
APP_CRC_FAIL exp=C0C0 got=A4FE seq=41 syncOff=0
APP_CRC_FAIL exp=C0C0 got=A4FE seq=42 syncOff=0
APP_CRC_FAIL exp=C0C0 got=A4FE seq=43 syncOff=0
APP_CRC_FAIL exp=C0C0 got=A4FE seq=44 syncOff=0
APP_CRC_FAIL exp=C0C0 got=A4FE seq=45 syncOff=0
APP_CRC_FAIL exp=C0C0 got=A4FE seq=46 syncOff=0
APP_CRC_FAIL exp=C0C0 got=A4FE seq=47 syncOff=0
APP_CRC_FAIL exp=C0C0 got=A4FE seq=48 syncOff=0
APP_CRC_FAIL exp=C0C0 got=A4FE seq=49 syncOff=0
APP_CRC_FAIL exp=C0C0 got=A4FE seq=50 syncOff=0
APP_CRC_FAIL exp=C0C0 got=A4FE seq=51 syncOff=0
APP_CRC_FAIL exp=C0C0 got=A4FE seq=52 syncOff=0
APP_CRC_FAIL exp=C0C0 got=A4FE seq=53 syncOff=0
APP_CRC_FAIL exp=C0C0 got=A4FE seq=54 syncOff=0
APP_CRC_FAIL exp=C0C0 got=A4FE seq=55 syncOff=0
APP_CRC_FAIL exp=C0C0 got=A4FE seq=56 syncOff=0
APP_CRC_FAIL exp=C0C0 got=A4FE seq=57 syncOff=0
APP_CRC_FAIL exp=C0C0 got=A4FE seq=58 syncOff=0
APP_CRC_FAIL exp=C0C0 got=A4FE seq=59 syncOff=0
APP_CRC_FAIL exp=C0C0 got=A4FE seq=60 syncOff=0
APP_CRC_FAIL exp=C0C0 got=A4FE seq=61 syncOff=0
APP_CRC_FAIL exp=C0C0 got=A4FE seq=62 syncOff=0
APP_CRC_FAIL exp=C0C0 got=A4FE seq=63 syncOff=0
APP_CRC_FAIL exp=C0C0 got=A4FE seq=64 syncOff=0
APP_CRC_FAIL exp=C0C0 got=A4FE seq=65 syncOff=0
APP_CRC_FAIL exp=C0C0 got=A4FE seq=66 syncOff=0
APP_CRC_FAIL exp=C0C0 got=A4FE seq=67 syncOff=0
APP_CRC_FAIL exp=C0C0 got=A4FE seq=68 syncOff=0
APP_CRC_FAIL exp=C0C0 got=A4FE seq=69 syncOff=0
APP_CRC_FAIL exp=C0C0 got=A4FE seq=70 syncOff=0
APP_CRC_FAIL exp=C0C0 got=A4FE seq=71 syncOff=0
APP_CRC_FAIL exp=C0C0 got=A4FE seq=72 syncOff=0
APP_CRC_FAIL exp=C0C0 got=A4FE seq=73 syncOff=0
APP_CRC_FAIL exp=C0C0 got=A4FE seq=74 syncOff=0
APP_CRC_FAIL exp=4040 got=473E seq=0 syncOff=0
APP_CRC_FAIL exp=4040 got=473E seq=1 syncOff=0
APP_CRC_FAIL exp=4040 got=473E seq=2 syncOff=0
APP_CRC_FAIL exp=4040 got=473E seq=3 syncOff=0
APP_CRC_FAIL exp=4040 got=473E seq=4 syncOff=0
APP_CRC_FAIL exp=4040 got=473E seq=5 syncOff=0
APP_CRC_FAIL exp=4040 got=473E seq=6 syncOff=0
APP_CRC_FAIL exp=4040 got=473E seq=7 syncOff=0
APP_CRC_FAIL exp=4040 got=473E seq=8 syncOff=0
APP_CRC_FAIL exp=4040 got=473E seq=9 syncOff=0
APP_CRC_FAIL exp=4040 got=473E seq=10 syncOff=0
APP_CRC_FAIL exp=4040 got=473E seq=11 syncOff=0
APP_CRC_FAIL exp=4040 got=473E seq=12 syncOff=0
APP_CRC_FAIL exp=4040 got=473E seq=13 syncOff=0
APP_CRC_FAIL exp=4040 got=473E seq=14 syncOff=0
APP_CRC_FAIL exp=4040 got=473E seq=15 syncOff=0
APP_CRC_FAIL exp=4040 got=473E seq=16 syncOff=0
APP_CRC_FAIL exp=4040 got=473E seq=17 syncOff=0
APP_CRC_FAIL exp=4040 got=473E seq=18 syncOff=0
APP_CRC_FAIL exp=4040 got=473E seq=19 syncOff=0
APP_CRC_FAIL exp=4040 got=473E seq=20 syncOff=0
APP_CRC_FAIL exp=4040 got=473E seq=21 syncOff=0
APP_CRC_FAIL exp=4040 got=473E seq=22 syncOff=0
APP_CRC_FAIL exp=4040 got=473E seq=23 syncOff=0
APP_CRC_FAIL exp=4040 got=473E seq=24 syncOff=0
APP_CRC_FAIL exp=4040 got=473E seq=25 syncOff=0
APP_CRC_FAIL exp=4040 got=473E seq=26 syncOff=0
APP_CRC_FAIL exp=4040 got=473E seq=27 syncOff=0
APP_CRC_FAIL exp=4040 got=473E seq=28 syncOff=0
APP_CRC_FAIL exp=4040 got=473E seq=29 syncOff=0
APP_CRC_FAIL exp=4040 got=473E seq=30 syncOff=0
APP_CRC_FAIL exp=4040 got=473E seq=31 syncOff=0
APP_CRC_FAIL exp=4040 got=473E seq=32 syncOff=0
APP_CRC_FAIL exp=4040 got=473E seq=33 syncOff=0
APP_CRC_FAIL exp=4040 got=473E seq=34 syncOff=0
APP_CRC_FAIL exp=4040 got=473E seq=35 syncOff=0
APP_CRC_FAIL exp=4040 got=473E seq=36 syncOff=0
APP_CRC_FAIL exp=4040 got=473E seq=37 syncOff=0
APP_CRC_FAIL exp=4040 got=473E seq=38 syncOff=0
APP_CRC_FAIL exp=4040 got=473E seq=39 syncOff=0
APP_CRC_FAIL exp=4040 got=473E seq=40 syncOff=0
APP_CRC_FAIL exp=4040 got=473E seq=41 syncOff=0
APP_CRC_FAIL exp=4040 got=473E seq=42 syncOff=0
APP_CRC_FAIL exp=4040 got=473E seq=43 syncOff=0
APP_CRC_FAIL exp=4040 got=473E seq=44 syncOff=0
APP_CRC_FAIL exp=4040 got=473E seq=45 syncOff=0
APP_CRC_FAIL exp=4040 got=473E seq=46 syncOff=0
APP_CRC_FAIL exp=4040 got=473E seq=47 syncOff=0
APP_CRC_FAIL exp=4040 got=473E seq=48 syncOff=0
APP_CRC_FAIL exp=4040 got=473E seq=49 syncOff=0
APP_CRC_FAIL exp=4040 got=473E seq=50 syncOff=0
APP_CRC_FAIL exp=4040 got=473E seq=51 syncOff=0
APP_CRC_FAIL exp=4040 got=473E seq=52 syncOff=0
APP_CRC_FAIL exp=4040 got=473E seq=53 syncOff=0
APP_CRC_FAIL exp=4040 got=473E seq=54 syncOff=0
SYNC_NOT_FOUND first4=BEC2143D
APP_CRC_FAIL exp=4040 got=473E seq=55 syncOff=0
APP_CRC_FAIL exp=4040 got=473E seq=56 syncOff=0
APP_CRC_FAIL exp=4040 got=473E seq=57 syncOff=0
APP_CRC_FAIL exp=4040 got=473E seq=58 syncOff=0
APP_CRC_FAIL exp=4040 got=473E seq=59 syncOff=0
APP_CRC_FAIL exp=4040 got=473E seq=60 syncOff=0
APP_CRC_FAIL exp=4040 got=473E seq=61 syncOff=0
APP_CRC_FAIL exp=4040 got=473E seq=62 syncOff=0
APP_CRC_FAIL exp=4040 got=473E seq=63 syncOff=0
APP_CRC_FAIL exp=4040 got=473E seq=64 syncOff=0
APP_CRC_FAIL exp=4040 got=473E seq=65 syncOff=0
APP_CRC_FAIL exp=4040 got=473E seq=66 syncOff=0
APP_CRC_FAIL exp=4040 got=473E seq=67 syncOff=0
APP_CRC_FAIL exp=4040 got=473E seq=68 syncOff=0
APP_CRC_FAIL exp=4040 got=473E seq=69 syncOff=0
APP_CRC_FAIL exp=4040 got=473E seq=70 syncOff=0
APP_CRC_FAIL exp=4040 got=473E seq=71 syncOff=0
APP_CRC_FAIL exp=4040 got=473E seq=72 syncOff=0
APP_CRC_FAIL exp=4040 got=473E seq=73 syncOff=0
APP_CRC_FAIL exp=4040 got=473E seq=74 syncOff=0
SYNC_NOT_FOUND first4=442D1E6C
APP_CRC_FAIL exp=9595 got=13EF seq=0 syncOff=0
APP_CRC_FAIL exp=9595 got=13EF seq=1 syncOff=0
APP_CRC_FAIL exp=9595 got=13EF seq=2 syncOff=0
APP_CRC_FAIL exp=9595 got=13EF seq=3 syncOff=0
APP_CRC_FAIL exp=9595 got=13EF seq=4 syncOff=0
APP_CRC_FAIL exp=9595 got=13EF seq=5 syncOff=0
APP_CRC_FAIL exp=9595 got=13EF seq=6 syncOff=0
APP_CRC_FAIL exp=9595 got=13EF seq=7 syncOff=0
APP_CRC_FAIL exp=9595 got=13EF seq=8 syncOff=0
APP_CRC_FAIL exp=9595 got=13EF seq=9 syncOff=0
APP_CRC_FAIL exp=9595 got=13EF seq=10 syncOff=0
APP_CRC_FAIL exp=9595 got=13EF seq=11 syncOff=0
APP_CRC_FAIL exp=9595 got=13EF seq=12 syncOff=0
APP_CRC_FAIL exp=9595 got=13EF seq=13 syncOff=0
APP_CRC_FAIL exp=9595 got=13EF seq=14 syncOff=0
APP_CRC_FAIL exp=9595 got=13EF seq=15 syncOff=0
APP_CRC_FAIL exp=9595 got=13EF seq=16 syncOff=0
APP_CRC_FAIL exp=9595 got=13EF seq=17 syncOff=0
APP_CRC_FAIL exp=9595 got=13EF seq=18 syncOff=0
APP_CRC_FAIL exp=9595 got=13EF seq=19 syncOff=0
APP_CRC_FAIL exp=9595 got=13EF seq=20 syncOff=0
APP_CRC_FAIL exp=9595 got=13EF seq=21 syncOff=0
APP_CRC_FAIL exp=9595 got=13EF seq=22 syncOff=0
APP_CRC_FAIL exp=9595 got=13EF seq=23 syncOff=0
APP_CRC_FAIL exp=9595 got=13EF seq=24 syncOff=0
APP_CRC_FAIL exp=9595 got=13EF seq=25 syncOff=0
APP_CRC_FAIL exp=9595 got=13EF seq=26 syncOff=0
APP_CRC_FAIL exp=9595 got=13EF seq=27 syncOff=0
APP_CRC_FAIL exp=9595 got=13EF seq=28 syncOff=0
APP_CRC_FAIL exp=9595 got=13EF seq=29 syncOff=0
APP_CRC_FAIL exp=9595 got=13EF seq=30 syncOff=0
APP_CRC_FAIL exp=9595 got=13EF seq=31 syncOff=0
APP_CRC_FAIL exp=9595 got=13EF seq=32 syncOff=0
APP_CRC_FAIL exp=9595 got=13EF seq=33 syncOff=0
SYNC_NOT_FOUND first4=4FF58BDA
APP_CRC_FAIL exp=9595 got=13EF seq=34 syncOff=0
APP_CRC_FAIL exp=9595 got=13EF seq=35 syncOff=0
APP_CRC_FAIL exp=9595 got=13EF seq=36 syncOff=0
APP_CRC_FAIL exp=9595 got=13EF seq=37 syncOff=0
APP_CRC_FAIL exp=9595 got=13EF seq=38 syncOff=0
APP_CRC_FAIL exp=9595 got=13EF seq=39 syncOff=0
APP_CRC_FAIL exp=9595 got=13EF seq=40 syncOff=0
APP_CRC_FAIL exp=9595 got=13EF seq=41 syncOff=0
APP_CRC_FAIL exp=9595 got=13EF seq=42 syncOff=0
APP_CRC_FAIL exp=9595 got=13EF seq=43 syncOff=0
APP_CRC_FAIL exp=9595 got=13EF seq=44 syncOff=0
APP_CRC_FAIL exp=9595 got=13EF seq=45 syncOff=0
APP_CRC_FAIL exp=9595 got=13EF seq=46 syncOff=0
APP_CRC_FAIL exp=9595 got=13EF seq=47 syncOff=0
APP_CRC_FAIL exp=9595 got=13EF seq=48 syncOff=0
APP_CRC_FAIL exp=9595 got=13EF seq=49 syncOff=0
APP_CRC_FAIL exp=9595 got=13EF seq=50 syncOff=0
APP_CRC_FAIL exp=9595 got=13EF seq=51 syncOff=0
APP_CRC_FAIL exp=9595 got=13EF seq=52 syncOff=0
APP_CRC_FAIL exp=9595 got=13EF seq=53 syncOff=0
APP_CRC_FAIL exp=9595 got=13EF seq=54 syncOff=0
APP_CRC_FAIL exp=9595 got=13EF seq=55 syncOff=0
APP_CRC_FAIL exp=9595 got=13EF seq=56 syncOff=0
APP_CRC_FAIL exp=9595 got=13EF seq=57 syncOff=0
APP_CRC_FAIL exp=9595 got=13EF seq=58 syncOff=0
APP_CRC_FAIL exp=9595 got=13EF seq=59 syncOff=0
APP_CRC_FAIL exp=9595 got=13EF seq=60 syncOff=0
APP_CRC_FAIL exp=9595 got=13EF seq=61 syncOff=0
APP_CRC_FAIL exp=9595 got=13EF seq=62 syncOff=0
APP_CRC_FAIL exp=9595 got=13EF seq=63 syncOff=0
APP_CRC_FAIL exp=9595 got=13EF seq=64 syncOff=0
APP_CRC_FAIL exp=9595 got=13EF seq=65 syncOff=0
APP_CRC_FAIL exp=9595 got=13EF seq=66 syncOff=0
APP_CRC_FAIL exp=9595 got=13EF seq=67 syncOff=0
SYNC_NOT_FOUND first4=DED22B2A
APP_CRC_FAIL exp=9595 got=13EF seq=68 syncOff=0
APP_CRC_FAIL exp=9595 got=13EF seq=69 syncOff=0
APP_CRC_FAIL exp=9595 got=13EF seq=70 syncOff=0
APP_CRC_FAIL exp=9595 got=13EF seq=71 syncOff=0
APP_CRC_FAIL exp=9595 got=13EF seq=72 syncOff=0
APP_CRC_FAIL exp=9595 got=13EF seq=73 syncOff=0
APP_CRC_FAIL exp=9595 got=13EF seq=74 syncOff=0
TIME_DIFF gps_utc=1785057298 laptop_utc=1785057298 offset=0
TIME_DIFF gps_utc=1785057298 laptop_utc=1785057298 offset=0
TIME_DIFF gps_utc=1785057298 laptop_utc=1785057298 offset=0
TIME_DIFF gps_utc=1785057298 laptop_utc=1785057298 offset=0
TIME_DIFF gps_utc=1785057298 laptop_utc=1785057298 offset=0
TIME_DIFF gps_utc=1785057298 laptop_utc=1785057298 offset=0
TIME_DIFF gps_utc=1785057298 laptop_utc=1785057298 offset=0
TIME_DIFF gps_utc=1785057298 laptop_utc=1785057298 offset=0
TIME_DIFF gps_utc=1785057298 laptop_utc=1785057298 offset=0
TIME_DIFF gps_utc=1785057298 laptop_utc=1785057298 offset=0
TIME_DIFF gps_utc=1785057298 laptop_utc=1785057298 offset=0
TIME_DIFF gps_utc=1785057298 laptop_utc=1785057298 offset=0
TIME_DIFF gps_utc=1785057298 laptop_utc=1785057298 offset=0
TIME_DIFF gps_utc=1785057298 laptop_utc=1785057298 offset=0
TIME_DIFF gps_utc=1785057298 laptop_utc=1785057298 offset=0
TIME_DIFF gps_utc=1785057298 laptop_utc=1785057299 offset=-1
TIME_DIFF gps_utc=1785057298 laptop_utc=1785057299 offset=-1
TIME_DIFF gps_utc=1785057298 laptop_utc=1785057299 offset=-1
TIME_DIFF gps_utc=1785057298 laptop_utc=1785057299 offset=-1
TIME_DIFF gps_utc=1785057298 laptop_utc=1785057299 offset=-1
TIME_DIFF gps_utc=1785057298 laptop_utc=1785057299 offset=-1
TIME_DIFF gps_utc=1785057298 laptop_utc=1785057299 offset=-1
TIME_DIFF gps_utc=1785057298 laptop_utc=1785057299 offset=-1
TIME_DIFF gps_utc=1785057298 laptop_utc=1785057299 offset=-1
TIME_DIFF gps_utc=1785057298 laptop_utc=1785057299 offset=-1
TIME_DIFF gps_utc=1785057298 laptop_utc=1785057299 offset=-1
TIME_DIFF gps_utc=1785057298 laptop_utc=1785057299 offset=-1
TIME_DIFF gps_utc=1785057298 laptop_utc=1785057299 offset=-1
TIME_DIFF gps_utc=1785057298 laptop_utc=1785057299 offset=-1
TIME_DIFF gps_utc=1785057298 laptop_utc=1785057299 offset=-1
TIME_DIFF gps_utc=1785057298 laptop_utc=1785057299 offset=-1
TIME_DIFF gps_utc=1785057298 laptop_utc=1785057299 offset=-1
TIME_DIFF gps_utc=1785057298 laptop_utc=1785057299 offset=-1
TIME_DIFF gps_utc=1785057298 laptop_utc=1785057299 offset=-1
TIME_DIFF gps_utc=1785057298 laptop_utc=1785057299 offset=-1
TIME_DIFF gps_utc=1785057298 laptop_utc=1785057299 offset=-1
TIME_DIFF gps_utc=1785057298 laptop_utc=1785057299 offset=-1
TIME_DIFF gps_utc=1785057298 laptop_utc=1785057299 offset=-1
TIME_DIFF gps_utc=1785057298 laptop_utc=1785057299 offset=-1
TIME_DIFF gps_utc=1785057298 laptop_utc=1785057299 offset=-1
TIME_DIFF gps_utc=1785057298 laptop_utc=1785057299 offset=-1
TIME_DIFF gps_utc=1785057298 laptop_utc=1785057299 offset=-1
TIME_DIFF gps_utc=1785057298 laptop_utc=1785057299 offset=-1
TIME_DIFF gps_utc=1785057298 laptop_utc=1785057299 offset=-1
TIME_DIFF gps_utc=1785057298 laptop_utc=1785057299 offset=-1
TIME_DIFF gps_utc=1785057298 laptop_utc=1785057299 offset=-1
TIME_DIFF gps_utc=1785057298 laptop_utc=1785057299 offset=-1
TIME_DIFF gps_utc=1785057298 laptop_utc=1785057299 offset=-1
TIME_DIFF gps_utc=1785057298 laptop_utc=1785057299 offset=-1
TIME_DIFF gps_utc=1785057298 laptop_utc=1785057299 offset=-1
TIME_DIFF gps_utc=1785057299 laptop_utc=1785057299 offset=0
TIME_DIFF gps_utc=1785057299 laptop_utc=1785057299 offset=0
TIME_DIFF gps_utc=1785057299 laptop_utc=1785057299 offset=0
TIME_DIFF gps_utc=1785057299 laptop_utc=1785057299 offset=0
TIME_DIFF gps_utc=1785057299 laptop_utc=1785057299 offset=0
TIME_DIFF gps_utc=1785057299 laptop_utc=1785057299 offset=0
TIME_DIFF gps_utc=1785057299 laptop_utc=1785057299 offset=0
TIME_DIFF gps_utc=1785057299 laptop_utc=1785057299 offset=0
TIME_DIFF gps_utc=1785057299 laptop_utc=1785057299 offset=0
TIME_DIFF gps_utc=1785057299 laptop_utc=1785057299 offset=0
TIME_DIFF gps_utc=1785057299 laptop_utc=1785057299 offset=0
TIME_DIFF gps_utc=1785057299 laptop_utc=1785057299 offset=0
TIME_DIFF gps_utc=1785057299 laptop_utc=1785057299 offset=0
TIME_DIFF gps_utc=1785057299 laptop_utc=1785057299 offset=0
TIME_DIFF gps_utc=1785057299 laptop_utc=1785057299 offset=0
TIME_DIFF gps_utc=1785057299 laptop_utc=1785057300 offset=-1
TIME_DIFF gps_utc=1785057299 laptop_utc=1785057300 offset=-1
SYNC_NOT_FOUND first4=F1D4BAA3
TIME_DIFF gps_utc=1785057299 laptop_utc=1785057300 offset=-1
TIME_DIFF gps_utc=1785057299 laptop_utc=1785057300 offset=-1
TIME_DIFF gps_utc=1785057299 laptop_utc=1785057300 offset=-1
TIME_DIFF gps_utc=1785057299 laptop_utc=1785057300 offset=-1
TIME_DIFF gps_utc=1785057299 laptop_utc=1785057300 offset=-1
TIME_DIFF gps_utc=1785057299 laptop_utc=1785057300 offset=-1
TIME_DIFF gps_utc=1785057299 laptop_utc=1785057300 offset=-1
TIME_DIFF gps_utc=1785057299 laptop_utc=1785057300 offset=-1
SYNC_NOT_FOUND first4=F3466BC0
SYNC_NOT_FOUND first4=B9843419
SYNC_NOT_FOUND first4=559FCC86
SYNC_LOST phase=55 consecutive=3 cached_off=0
SYNC_NOT_FOUND first4=55EACFE6
TIME_SYNCED utc=1785057302 offset=1785033574
SYNC_NOT_FOUND first4=561A0AD6
SYNC_NOT_FOUND first4=F321A2CB
SYNC_NOT_FOUND first4=6540E982
SYNC_NOT_FOUND first4=594654C2
SYNC_NOT_FOUND first4=466BCFE6
SYNC_NOT_FOUND first4=6033F9EF
SYNC_NOT_FOUND first4=8432A683
SYNC_NOT_FOUND first4=3DAACBA5
SYNC_NOT_FOUND first4=3CE1A4EC
SYNC_NOT_FOUND first4=1AF35E14
SYNC_NOT_FOUND first4=D696679A
SYNC_NOT_FOUND first4=5E6669FA
SYNC_NOT_FOUND first4=0545E499
SYNC_NOT_FOUND first4=0DCB9FC5
SYNC_NOT_FOUND first4=4F2F52BC
SYNC_NOT_FOUND first4=1CF1E0F1
TIME_SYNCED utc=1785057312 offset=1785033574
SYNC_NOT_FOUND first4=661E8002
SYNC_NOT_FOUND first4=4999A7A8
SYNC_NOT_FOUND first4=F68F67E7
SYNC_NOT_FOUND first4=4CB89B1E
SYNC_NOT_FOUND first4=AEBC08DA
SYNC_NOT_FOUND first4=2C0D63FA
SYNC_NOT_FOUND first4=08FB86A9
SYNC_NOT_FOUND first4=50DB8A17
TIME_SYNCED utc=1785057323 offset=1785033574
SYNC_NOT_FOUND first4=CC4DCA0B
SYNC_NOT_FOUND first4=7D000C00
SYNC_NOT_FOUND first4=1D3D2332
SYNC_NOT_FOUND first4=F9B4A55B
TIME_SYNCED utc=1785057333 offset=1785033574
SYNC_NOT_FOUND first4=86196639
SYNC_NOT_FOUND first4=74ADA07F
SYNC_NOT_FOUND first4=BDE39AE6
SYNC_NOT_FOUND first4=3FBE426D
SYNC_NOT_FOUND first4=48D72C07
TIME_SYNCED utc=1785057344 offset=1785033574
SYNC_NOT_FOUND first4=E978BA01
TIME_STATS min=-2000ms max=1000ms avg=-88ms corrections=0
SYNC_NOT_FOUND first4=B8C77EE9
SYNC_NOT_FOUND first4=D6BC6843
SYNC_NOT_FOUND first4=41C76D77
SYNC_NOT_FOUND first4=EE30A179
SYNC_NOT_FOUND first4=4DBDF894
SYNC_NOT_FOUND first4=C83008CF
SYNC_NOT_FOUND first4=0E769001
SYNC_NOT_FOUND first4=A191D01B
TIME_SYNCED utc=1785057355 offset=1785033575
SYNC_NOT_FOUND first4=DA06B9AC
SYNC_NOT_FOUND first4=668B2386
SYNC_NOT_FOUND first4=79639D71
SYNC_NOT_FOUND first4=42ED8E13
SYNC_NOT_FOUND first4=DD116C1B
TIME_SYNCED utc=1785057365 offset=1785033575
SYNC_NOT_FOUND first4=7B74D21E
SYNC_OFFSET phase=55 off=0 prev=-1
APP_CRC_FAIL exp=D0D0 got=C41B seq=0 syncOff=0
APP_CRC_FAIL exp=D0D0 got=C41B seq=1 syncOff=0
APP_CRC_FAIL exp=D0D0 got=C41B seq=2 syncOff=0
APP_CRC_FAIL exp=D0D0 got=C41B seq=3 syncOff=0
APP_CRC_FAIL exp=D0D0 got=C41B seq=4 syncOff=0
APP_CRC_FAIL exp=D0D0 got=C41B seq=5 syncOff=0
APP_CRC_FAIL exp=D0D0 got=C41B seq=6 syncOff=0
APP_CRC_FAIL exp=D0D0 got=C41B seq=7 syncOff=0
APP_CRC_FAIL exp=D0D0 got=C41B seq=8 syncOff=0
APP_CRC_FAIL exp=D0D0 got=C41B seq=9 syncOff=0
APP_CRC_FAIL exp=D0D0 got=C41B seq=10 syncOff=0
APP_CRC_FAIL exp=D0D0 got=C41B seq=11 syncOff=0
APP_CRC_FAIL exp=D0D0 got=C41B seq=12 syncOff=0
APP_CRC_FAIL exp=D0D0 got=C41B seq=13 syncOff=0
APP_CRC_FAIL exp=D0D0 got=C41B seq=14 syncOff=0
APP_CRC_FAIL exp=D0D0 got=C41B seq=15 syncOff=0
APP_CRC_FAIL exp=D0D0 got=C41B seq=16 syncOff=0
APP_CRC_FAIL exp=D0D0 got=C41B seq=17 syncOff=0
SYNC_NOT_FOUND first4=46830FC9
APP_CRC_FAIL exp=D0D0 got=C41B seq=18 syncOff=0
APP_CRC_FAIL exp=D0D0 got=C41B seq=19 syncOff=0
APP_CRC_FAIL exp=D0D0 got=C41B seq=20 syncOff=0
APP_CRC_FAIL exp=D0D0 got=C41B seq=21 syncOff=0
APP_CRC_FAIL exp=D0D0 got=C41B seq=22 syncOff=0
APP_CRC_FAIL exp=D0D0 got=C41B seq=23 syncOff=0
APP_CRC_FAIL exp=D0D0 got=C41B seq=24 syncOff=0
APP_CRC_FAIL exp=D0D0 got=C41B seq=25 syncOff=0
APP_CRC_FAIL exp=D0D0 got=C41B seq=26 syncOff=0
APP_CRC_FAIL exp=D0D0 got=C41B seq=27 syncOff=0
APP_CRC_FAIL exp=D0D0 got=C41B seq=28 syncOff=0
APP_CRC_FAIL exp=D0D0 got=C41B seq=29 syncOff=0
APP_CRC_FAIL exp=D0D0 got=C41B seq=30 syncOff=0
SYNC_NOT_FOUND first4=73C4B494
APP_CRC_FAIL exp=D0D0 got=C41B seq=31 syncOff=0
APP_CRC_FAIL exp=D0D0 got=C41B seq=32 syncOff=0
APP_CRC_FAIL exp=D0D0 got=C41B seq=33 syncOff=0
APP_CRC_FAIL exp=D0D0 got=C41B seq=34 syncOff=0
APP_CRC_FAIL exp=D0D0 got=C41B seq=35 syncOff=0
APP_CRC_FAIL exp=D0D0 got=C41B seq=36 syncOff=0
APP_CRC_FAIL exp=D0D0 got=C41B seq=37 syncOff=0
APP_CRC_FAIL exp=D0D0 got=C41B seq=38 syncOff=0
APP_CRC_FAIL exp=D0D0 got=C41B seq=39 syncOff=0
APP_CRC_FAIL exp=D0D0 got=C41B seq=40 syncOff=0
APP_CRC_FAIL exp=D0D0 got=C41B seq=41 syncOff=0
APP_CRC_FAIL exp=D0D0 got=C41B seq=42 syncOff=0
APP_CRC_FAIL exp=D0D0 got=C41B seq=43 syncOff=0
APP_CRC_FAIL exp=D0D0 got=C41B seq=44 syncOff=0
APP_CRC_FAIL exp=D0D0 got=C41B seq=45 syncOff=0
APP_CRC_FAIL exp=D0D0 got=C41B seq=46 syncOff=0
APP_CRC_FAIL exp=D0D0 got=C41B seq=47 syncOff=0
APP_CRC_FAIL exp=D0D0 got=C41B seq=48 syncOff=0
APP_CRC_FAIL exp=D0D0 got=C41B seq=49 syncOff=0
APP_CRC_FAIL exp=D0D0 got=C41B seq=50 syncOff=0
APP_CRC_FAIL exp=D0D0 got=C41B seq=51 syncOff=0
SYNC_NOT_FOUND first4=5F52C6D2
APP_CRC_FAIL exp=D0D0 got=C41B seq=52 syncOff=0
APP_CRC_FAIL exp=D0D0 got=C41B seq=53 syncOff=0
APP_CRC_FAIL exp=D0D0 got=C41B seq=54 syncOff=0
APP_CRC_FAIL exp=D0D0 got=C41B seq=55 syncOff=0
APP_CRC_FAIL exp=D0D0 got=C41B seq=56 syncOff=0
APP_CRC_FAIL exp=D0D0 got=C41B seq=57 syncOff=0
APP_CRC_FAIL exp=D0D0 got=C41B seq=58 syncOff=0
APP_CRC_FAIL exp=D0D0 got=C41B seq=59 syncOff=0
APP_CRC_FAIL exp=D0D0 got=C41B seq=60 syncOff=0
APP_CRC_FAIL exp=D0D0 got=C41B seq=61 syncOff=0
APP_CRC_FAIL exp=D0D0 got=C41B seq=62 syncOff=0
APP_CRC_FAIL exp=D0D0 got=C41B seq=63 syncOff=0
APP_CRC_FAIL exp=D0D0 got=C41B seq=64 syncOff=0
APP_CRC_FAIL exp=D0D0 got=C41B seq=65 syncOff=0
APP_CRC_FAIL exp=D0D0 got=C41B seq=66 syncOff=0
APP_CRC_FAIL exp=D0D0 got=C41B seq=67 syncOff=0
APP_CRC_FAIL exp=D0D0 got=C41B seq=68 syncOff=0
APP_CRC_FAIL exp=D0D0 got=C41B seq=69 syncOff=0
APP_CRC_FAIL exp=D0D0 got=C41B seq=70 syncOff=0
APP_CRC_FAIL exp=D0D0 got=C41B seq=71 syncOff=0
APP_CRC_FAIL exp=D0D0 got=C41B seq=72 syncOff=0
APP_CRC_FAIL exp=D0D0 got=C41B seq=73 syncOff=0
APP_CRC_FAIL exp=D0D0 got=C41B seq=74 syncOff=0
APP_CRC_FAIL exp=4242 got=BA19 seq=0 syncOff=0
APP_CRC_FAIL exp=4242 got=BA19 seq=1 syncOff=0
APP_CRC_FAIL exp=4242 got=BA19 seq=2 syncOff=0
APP_CRC_FAIL exp=4242 got=BA19 seq=3 syncOff=0
APP_CRC_FAIL exp=4242 got=BA19 seq=4 syncOff=0
APP_CRC_FAIL exp=4242 got=BA19 seq=5 syncOff=0
APP_CRC_FAIL exp=4242 got=BA19 seq=6 syncOff=0
APP_CRC_FAIL exp=4242 got=BA19 seq=7 syncOff=0
APP_CRC_FAIL exp=4242 got=BA19 seq=8 syncOff=0
APP_CRC_FAIL exp=4242 got=BA19 seq=9 syncOff=0
APP_CRC_FAIL exp=4242 got=BA19 seq=10 syncOff=0
APP_CRC_FAIL exp=4242 got=BA19 seq=11 syncOff=0
APP_CRC_FAIL exp=4242 got=BA19 seq=12 syncOff=0
APP_CRC_FAIL exp=4242 got=BA19 seq=13 syncOff=0
APP_CRC_FAIL exp=4242 got=BA19 seq=14 syncOff=0
APP_CRC_FAIL exp=4242 got=BA19 seq=15 syncOff=0
APP_CRC_FAIL exp=4242 got=BA19 seq=16 syncOff=0
APP_CRC_FAIL exp=4242 got=BA19 seq=17 syncOff=0
APP_CRC_FAIL exp=4242 got=BA19 seq=18 syncOff=0
APP_CRC_FAIL exp=4242 got=BA19 seq=19 syncOff=0
APP_CRC_FAIL exp=4242 got=BA19 seq=20 syncOff=0
APP_CRC_FAIL exp=4242 got=BA19 seq=21 syncOff=0
APP_CRC_FAIL exp=4242 got=BA19 seq=22 syncOff=0
APP_CRC_FAIL exp=4242 got=BA19 seq=23 syncOff=0
APP_CRC_FAIL exp=4242 got=BA19 seq=24 syncOff=0
APP_CRC_FAIL exp=4242 got=BA19 seq=25 syncOff=0
APP_CRC_FAIL exp=4242 got=BA19 seq=26 syncOff=0
APP_CRC_FAIL exp=4242 got=BA19 seq=27 syncOff=0
APP_CRC_FAIL exp=4242 got=BA19 seq=28 syncOff=0
APP_CRC_FAIL exp=4242 got=BA19 seq=29 syncOff=0
APP_CRC_FAIL exp=4242 got=BA19 seq=30 syncOff=0
APP_CRC_FAIL exp=4242 got=BA19 seq=31 syncOff=0
APP_CRC_FAIL exp=4242 got=BA19 seq=32 syncOff=0
APP_CRC_FAIL exp=4242 got=BA19 seq=33 syncOff=0
APP_CRC_FAIL exp=4242 got=BA19 seq=34 syncOff=0
APP_CRC_FAIL exp=4242 got=BA19 seq=35 syncOff=0
APP_CRC_FAIL exp=4242 got=BA19 seq=36 syncOff=0
APP_CRC_FAIL exp=4242 got=BA19 seq=37 syncOff=0
APP_CRC_FAIL exp=4242 got=BA19 seq=38 syncOff=0
APP_CRC_FAIL exp=4242 got=BA19 seq=39 syncOff=0
APP_CRC_FAIL exp=4242 got=BA19 seq=40 syncOff=0
APP_CRC_FAIL exp=4242 got=BA19 seq=41 syncOff=0
APP_CRC_FAIL exp=4242 got=BA19 seq=42 syncOff=0
APP_CRC_FAIL exp=4242 got=BA19 seq=43 syncOff=0
APP_CRC_FAIL exp=4242 got=BA19 seq=44 syncOff=0
APP_CRC_FAIL exp=4242 got=BA19 seq=45 syncOff=0
APP_CRC_FAIL exp=4242 got=BA19 seq=46 syncOff=0
APP_CRC_FAIL exp=4242 got=BA19 seq=47 syncOff=0
APP_CRC_FAIL exp=4242 got=BA19 seq=48 syncOff=0
APP_CRC_FAIL exp=4242 got=BA19 seq=49 syncOff=0
APP_CRC_FAIL exp=4242 got=BA19 seq=50 syncOff=0
APP_CRC_FAIL exp=4242 got=BA19 seq=51 syncOff=0
APP_CRC_FAIL exp=4242 got=BA19 seq=52 syncOff=0
APP_CRC_FAIL exp=4242 got=BA19 seq=53 syncOff=0
APP_CRC_FAIL exp=4242 got=BA19 seq=54 syncOff=0
APP_CRC_FAIL exp=4242 got=BA19 seq=55 syncOff=0
APP_CRC_FAIL exp=4242 got=BA19 seq=56 syncOff=0
APP_CRC_FAIL exp=4242 got=BA19 seq=57 syncOff=0
APP_CRC_FAIL exp=4242 got=BA19 seq=58 syncOff=0
APP_CRC_FAIL exp=4242 got=BA19 seq=59 syncOff=0
APP_CRC_FAIL exp=4242 got=BA19 seq=60 syncOff=0
APP_CRC_FAIL exp=4242 got=BA19 seq=61 syncOff=0
APP_CRC_FAIL exp=4242 got=BA19 seq=62 syncOff=0
APP_CRC_FAIL exp=4242 got=BA19 seq=63 syncOff=0
APP_CRC_FAIL exp=4242 got=BA19 seq=64 syncOff=0
APP_CRC_FAIL exp=4242 got=BA19 seq=65 syncOff=0
APP_CRC_FAIL exp=4242 got=BA19 seq=66 syncOff=0
APP_CRC_FAIL exp=4242 got=BA19 seq=67 syncOff=0
APP_CRC_FAIL exp=4242 got=BA19 seq=68 syncOff=0
APP_CRC_FAIL exp=4242 got=BA19 seq=69 syncOff=0
APP_CRC_FAIL exp=4242 got=BA19 seq=70 syncOff=0
APP_CRC_FAIL exp=4242 got=BA19 seq=71 syncOff=0
APP_CRC_FAIL exp=4242 got=BA19 seq=72 syncOff=0
APP_CRC_FAIL exp=4242 got=BA19 seq=73 syncOff=0
APP_CRC_FAIL exp=4242 got=BA19 seq=74 syncOff=0
APP_CRC_FAIL exp=9595 got=13EF seq=0 syncOff=0
APP_CRC_FAIL exp=9595 got=13EF seq=1 syncOff=0
APP_CRC_FAIL exp=9595 got=13EF seq=2 syncOff=0
APP_CRC_FAIL exp=9595 got=13EF seq=3 syncOff=0
APP_CRC_FAIL exp=9595 got=13EF seq=4 syncOff=0
APP_CRC_FAIL exp=9595 got=13EF seq=5 syncOff=0
APP_CRC_FAIL exp=9595 got=13EF seq=6 syncOff=0
APP_CRC_FAIL exp=9595 got=13EF seq=7 syncOff=0
APP_CRC_FAIL exp=9595 got=13EF seq=8 syncOff=0
APP_CRC_FAIL exp=9595 got=13EF seq=9 syncOff=0
APP_CRC_FAIL exp=9595 got=13EF seq=10 syncOff=0
APP_CRC_FAIL exp=9595 got=13EF seq=11 syncOff=0
APP_CRC_FAIL exp=9595 got=13EF seq=12 syncOff=0
APP_CRC_FAIL exp=9595 got=13EF seq=13 syncOff=0
APP_CRC_FAIL exp=9595 got=13EF seq=14 syncOff=0
APP_CRC_FAIL exp=9595 got=13EF seq=15 syncOff=0
APP_CRC_FAIL exp=9595 got=13EF seq=16 syncOff=0
APP_CRC_FAIL exp=9595 got=13EF seq=17 syncOff=0
APP_CRC_FAIL exp=9595 got=13EF seq=18 syncOff=0
APP_CRC_FAIL exp=9595 got=13EF seq=19 syncOff=0
APP_CRC_FAIL exp=9595 got=13EF seq=20 syncOff=0
APP_CRC_FAIL exp=9595 got=13EF seq=21 syncOff=0
APP_CRC_FAIL exp=9595 got=13EF seq=22 syncOff=0
APP_CRC_FAIL exp=9595 got=13EF seq=23 syncOff=0
APP_CRC_FAIL exp=9595 got=13EF seq=24 syncOff=0
APP_CRC_FAIL exp=9595 got=13EF seq=25 syncOff=0
APP_CRC_FAIL exp=9595 got=13EF seq=26 syncOff=0
APP_CRC_FAIL exp=9595 got=13EF seq=27 syncOff=0
APP_CRC_FAIL exp=9595 got=13EF seq=28 syncOff=0
APP_CRC_FAIL exp=9595 got=13EF seq=29 syncOff=0
APP_CRC_FAIL exp=9595 got=13EF seq=30 syncOff=0
APP_CRC_FAIL exp=9595 got=13EF seq=31 syncOff=0
APP_CRC_FAIL exp=9595 got=13EF seq=32 syncOff=0
APP_CRC_FAIL exp=9595 got=13EF seq=33 syncOff=0
APP_CRC_FAIL exp=9595 got=13EF seq=34 syncOff=0
APP_CRC_FAIL exp=9595 got=13EF seq=35 syncOff=0
APP_CRC_FAIL exp=9595 got=13EF seq=36 syncOff=0
APP_CRC_FAIL exp=9595 got=13EF seq=37 syncOff=0
APP_CRC_FAIL exp=9595 got=13EF seq=38 syncOff=0
APP_CRC_FAIL exp=9595 got=13EF seq=39 syncOff=0
APP_CRC_FAIL exp=9595 got=13EF seq=40 syncOff=0
APP_CRC_FAIL exp=9595 got=13EF seq=41 syncOff=0
APP_CRC_FAIL exp=9595 got=13EF seq=42 syncOff=0
APP_CRC_FAIL exp=9595 got=13EF seq=43 syncOff=0
APP_CRC_FAIL exp=9595 got=13EF seq=44 syncOff=0
APP_CRC_FAIL exp=9595 got=13EF seq=45 syncOff=0
APP_CRC_FAIL exp=9595 got=13EF seq=46 syncOff=0
APP_CRC_FAIL exp=9595 got=13EF seq=47 syncOff=0
APP_CRC_FAIL exp=9595 got=13EF seq=48 syncOff=0
SYNC_NOT_FOUND first4=8EDE33F2
APP_CRC_FAIL exp=9595 got=13EF seq=49 syncOff=0
APP_CRC_FAIL exp=9595 got=13EF seq=50 syncOff=0
APP_CRC_FAIL exp=9595 got=13EF seq=51 syncOff=0
SYNC_NOT_FOUND first4=194BCF67
APP_CRC_FAIL exp=9595 got=13EF seq=52 syncOff=0
APP_CRC_FAIL exp=9595 got=13EF seq=53 syncOff=0
APP_CRC_FAIL exp=9595 got=13EF seq=54 syncOff=0
APP_CRC_FAIL exp=9595 got=13EF seq=55 syncOff=0
APP_CRC_FAIL exp=9595 got=13EF seq=56 syncOff=0
APP_CRC_FAIL exp=9595 got=13EF seq=57 syncOff=0
APP_CRC_FAIL exp=9595 got=13EF seq=58 syncOff=0
APP_CRC_FAIL exp=9595 got=13EF seq=59 syncOff=0
APP_CRC_FAIL exp=9595 got=13EF seq=60 syncOff=0
APP_CRC_FAIL exp=9595 got=13EF seq=61 syncOff=0
APP_CRC_FAIL exp=9595 got=13EF seq=62 syncOff=0
APP_CRC_FAIL exp=9595 got=13EF seq=63 syncOff=0
APP_CRC_FAIL exp=9595 got=13EF seq=64 syncOff=0
APP_CRC_FAIL exp=9595 got=13EF seq=65 syncOff=0
APP_CRC_FAIL exp=9595 got=13EF seq=66 syncOff=0
APP_CRC_FAIL exp=9595 got=13EF seq=67 syncOff=0
APP_CRC_FAIL exp=9595 got=13EF seq=68 syncOff=0
APP_CRC_FAIL exp=9595 got=13EF seq=69 syncOff=0
APP_CRC_FAIL exp=9595 got=13EF seq=70 syncOff=0
APP_CRC_FAIL exp=9595 got=13EF seq=71 syncOff=0
APP_CRC_FAIL exp=9595 got=13EF seq=72 syncOff=0
APP_CRC_FAIL exp=9595 got=13EF seq=73 syncOff=0
APP_CRC_FAIL exp=9595 got=13EF seq=74 syncOff=0
SYNC_NOT_FOUND first4=81CBE687
TIME_DIFF gps_utc=1785057372 laptop_utc=1785057372 offset=0
TIME_DIFF gps_utc=1785057372 laptop_utc=1785057372 offset=0
TIME_DIFF gps_utc=1785057372 laptop_utc=1785057372 offset=0
TIME_DIFF gps_utc=1785057372 laptop_utc=1785057372 offset=0
TIME_DIFF gps_utc=1785057372 laptop_utc=1785057372 offset=0
TIME_DIFF gps_utc=1785057372 laptop_utc=1785057372 offset=0
TIME_DIFF gps_utc=1785057372 laptop_utc=1785057372 offset=0
TIME_DIFF gps_utc=1785057372 laptop_utc=1785057372 offset=0
TIME_DIFF gps_utc=1785057372 laptop_utc=1785057372 offset=0
TIME_DIFF gps_utc=1785057372 laptop_utc=1785057372 offset=0
SYNC_NOT_FOUND first4=404ABFD2
TIME_DIFF gps_utc=1785057372 laptop_utc=1785057372 offset=0
TIME_DIFF gps_utc=1785057372 laptop_utc=1785057372 offset=0
TIME_DIFF gps_utc=1785057372 laptop_utc=1785057372 offset=0
TIME_DIFF gps_utc=1785057372 laptop_utc=1785057373 offset=-1
TIME_DIFF gps_utc=1785057372 laptop_utc=1785057373 offset=-1
TIME_DIFF gps_utc=1785057372 laptop_utc=1785057373 offset=-1
TIME_DIFF gps_utc=1785057372 laptop_utc=1785057373 offset=-1
TIME_DIFF gps_utc=1785057372 laptop_utc=1785057373 offset=-1
TIME_DIFF gps_utc=1785057372 laptop_utc=1785057373 offset=-1
TIME_DIFF gps_utc=1785057372 laptop_utc=1785057373 offset=-1
TIME_DIFF gps_utc=1785057372 laptop_utc=1785057373 offset=-1
TIME_DIFF gps_utc=1785057372 laptop_utc=1785057373 offset=-1
TIME_DIFF gps_utc=1785057372 laptop_utc=1785057373 offset=-1
TIME_DIFF gps_utc=1785057372 laptop_utc=1785057373 offset=-1
TIME_DIFF gps_utc=1785057372 laptop_utc=1785057373 offset=-1
TIME_DIFF gps_utc=1785057372 laptop_utc=1785057373 offset=-1
TIME_DIFF gps_utc=1785057372 laptop_utc=1785057373 offset=-1
TIME_DIFF gps_utc=1785057372 laptop_utc=1785057373 offset=-1
TIME_DIFF gps_utc=1785057372 laptop_utc=1785057373 offset=-1
TIME_DIFF gps_utc=1785057372 laptop_utc=1785057373 offset=-1
TIME_DIFF gps_utc=1785057372 laptop_utc=1785057373 offset=-1
TIME_DIFF gps_utc=1785057372 laptop_utc=1785057373 offset=-1
TIME_DIFF gps_utc=1785057372 laptop_utc=1785057373 offset=-1
TIME_DIFF gps_utc=1785057372 laptop_utc=1785057373 offset=-1
TIME_DIFF gps_utc=1785057372 laptop_utc=1785057373 offset=-1
TIME_DIFF gps_utc=1785057372 laptop_utc=1785057373 offset=-1
TIME_DIFF gps_utc=1785057372 laptop_utc=1785057373 offset=-1
TIME_DIFF gps_utc=1785057372 laptop_utc=1785057373 offset=-1
TIME_DIFF gps_utc=1785057372 laptop_utc=1785057373 offset=-1
TIME_DIFF gps_utc=1785057372 laptop_utc=1785057373 offset=-1
TIME_DIFF gps_utc=1785057372 laptop_utc=1785057373 offset=-1
TIME_DIFF gps_utc=1785057372 laptop_utc=1785057373 offset=-1
TIME_DIFF gps_utc=1785057372 laptop_utc=1785057373 offset=-1
TIME_DIFF gps_utc=1785057372 laptop_utc=1785057373 offset=-1
TIME_DIFF gps_utc=1785057372 laptop_utc=1785057373 offset=-1
TIME_DIFF gps_utc=1785057372 laptop_utc=1785057373 offset=-1
TIME_DIFF gps_utc=1785057372 laptop_utc=1785057373 offset=-1
TIME_DIFF gps_utc=1785057372 laptop_utc=1785057373 offset=-1
TIME_DIFF gps_utc=1785057372 laptop_utc=1785057373 offset=-1
TIME_DIFF gps_utc=1785057373 laptop_utc=1785057373 offset=0
TIME_DIFF gps_utc=1785057373 laptop_utc=1785057373 offset=0
TIME_DIFF gps_utc=1785057373 laptop_utc=1785057373 offset=0
TIME_DIFF gps_utc=1785057373 laptop_utc=1785057373 offset=0
TIME_DIFF gps_utc=1785057373 laptop_utc=1785057373 offset=0
TIME_DIFF gps_utc=1785057373 laptop_utc=1785057373 offset=0
TIME_DIFF gps_utc=1785057373 laptop_utc=1785057373 offset=0
TIME_DIFF gps_utc=1785057373 laptop_utc=1785057373 offset=0
TIME_DIFF gps_utc=1785057373 laptop_utc=1785057373 offset=0
TIME_DIFF gps_utc=1785057373 laptop_utc=1785057373 offset=0
TIME_DIFF gps_utc=1785057373 laptop_utc=1785057373 offset=0
TIME_DIFF gps_utc=1785057373 laptop_utc=1785057373 offset=0
TIME_DIFF gps_utc=1785057373 laptop_utc=1785057373 offset=0
TIME_DIFF gps_utc=1785057373 laptop_utc=1785057373 offset=0
TIME_DIFF gps_utc=1785057373 laptop_utc=1785057374 offset=-1
TIME_DIFF gps_utc=1785057373 laptop_utc=1785057374 offset=-1
TIME_DIFF gps_utc=1785057373 laptop_utc=1785057374 offset=-1
TIME_DIFF gps_utc=1785057373 laptop_utc=1785057374 offset=-1
TIME_DIFF gps_utc=1785057373 laptop_utc=1785057374 offset=-1
TIME_DIFF gps_utc=1785057373 laptop_utc=1785057374 offset=-1
TIME_DIFF gps_utc=1785057373 laptop_utc=1785057374 offset=-1
TIME_DIFF gps_utc=1785057373 laptop_utc=1785057374 offset=-1
TIME_DIFF gps_utc=1785057373 laptop_utc=1785057374 offset=-1
TIME_DIFF gps_utc=1785057373 laptop_utc=1785057374 offset=-1
TIME_DIFF gps_utc=1785057373 laptop_utc=1785057374 offset=-1
TIME_SYNCED utc=1785057375 offset=1785033574
SYNC_NOT_FOUND first4=B3221681
SYNC_NOT_FOUND first4=90A0890E
TIME_SYNCED utc=1785057385 offset=1785033574
SYNC_NOT_FOUND first4=3FF50979
TIME_SYNCED utc=1785057406 offset=1785033574
TIME_STATS min=-2000ms max=1000ms avg=-89ms corrections=0
SYNC_NOT_FOUND first4=2C94ACEC
SYNC_NOT_FOUND first4=4B523E37
TIME_SYNCED utc=1785057416 offset=1785033574
SYNC_NOT_FOUND first4=4AC532F2
SYNC_NOT_FOUND first4=5C86897E
SYNC_NOT_FOUND first4=371B21AB
SYNC_NOT_FOUND first4=1EA89E42
TIME_SYNCED utc=1785057427 offset=1785033574
SYNC_NOT_FOUND first4=34FDD13B
SYNC_NOT_FOUND first4=C5F38FF9
SYNC_NOT_FOUND first4=5E003DF3
SYNC_NOT_FOUND first4=7497A4C2
SYNC_NOT_FOUND first4=9D4530C7
SYNC_NOT_FOUND first4=5FDE07A8
TIME_SYNCED utc=1785057438 offset=1785033575
SYNC_NOT_FOUND first4=FA540976
SYNC_NOT_FOUND first4=DD116E1B
SYNC_NOT_FOUND first4=42EDAE1A
SYNC_NOT_FOUND first4=5D136C1B
SYNC_OFFSET phase=55 off=0 prev=-1
APP_CRC_FAIL exp=D0D0 got=C41B seq=0 syncOff=0
APP_CRC_FAIL exp=D0D0 got=C41B seq=1 syncOff=0
APP_CRC_FAIL exp=D0D0 got=C41B seq=2 syncOff=0
APP_CRC_FAIL exp=D0D0 got=C41B seq=3 syncOff=0
APP_CRC_FAIL exp=D0D0 got=C41B seq=4 syncOff=0
APP_CRC_FAIL exp=D0D0 got=C41B seq=5 syncOff=0
APP_CRC_FAIL exp=D0D0 got=C41B seq=6 syncOff=0
APP_CRC_FAIL exp=D0D0 got=C41B seq=7 syncOff=0
APP_CRC_FAIL exp=D0D0 got=C41B seq=8 syncOff=0
APP_CRC_FAIL exp=D0D0 got=C41B seq=9 syncOff=0
APP_CRC_FAIL exp=D0D0 got=C41B seq=10 syncOff=0
APP_CRC_FAIL exp=D0D0 got=C41B seq=11 syncOff=0
APP_CRC_FAIL exp=D0D0 got=C41B seq=12 syncOff=0
APP_CRC_FAIL exp=D0D0 got=C41B seq=13 syncOff=0
APP_CRC_FAIL exp=D0D0 got=C41B seq=14 syncOff=0
APP_CRC_FAIL exp=D0D0 got=C41B seq=15 syncOff=0
APP_CRC_FAIL exp=D0D0 got=C41B seq=16 syncOff=0
APP_CRC_FAIL exp=D0D0 got=C41B seq=17 syncOff=0
APP_CRC_FAIL exp=D0D0 got=C41B seq=18 syncOff=0
APP_CRC_FAIL exp=D0D0 got=C41B seq=19 syncOff=0
APP_CRC_FAIL exp=D0D0 got=C41B seq=20 syncOff=0
SYNC_NOT_FOUND first4=821247F0
APP_CRC_FAIL exp=D0D0 got=C41B seq=21 syncOff=0
APP_CRC_FAIL exp=D0D0 got=C41B seq=22 syncOff=0
APP_CRC_FAIL exp=D0D0 got=C41B seq=23 syncOff=0
APP_CRC_FAIL exp=D0D0 got=C41B seq=24 syncOff=0
APP_CRC_FAIL exp=D0D0 got=C41B seq=25 syncOff=0
APP_CRC_FAIL exp=D0D0 got=C41B seq=26 syncOff=0
APP_CRC_FAIL exp=D0D0 got=C41B seq=27 syncOff=0
APP_CRC_FAIL exp=D0D0 got=C41B seq=28 syncOff=0
APP_CRC_FAIL exp=D0D0 got=C41B seq=29 syncOff=0
APP_CRC_FAIL exp=D0D0 got=C41B seq=30 syncOff=0
APP_CRC_FAIL exp=D0D0 got=C41B seq=31 syncOff=0
SYNC_NOT_FOUND first4=0E435B49
SYNC_NOT_FOUND first4=12729D69
APP_CRC_FAIL exp=D0D0 got=C41B seq=33 syncOff=0
APP_CRC_FAIL exp=D0D0 got=C41B seq=34 syncOff=0
APP_CRC_FAIL exp=D0D0 got=C41B seq=35 syncOff=0
APP_CRC_FAIL exp=D0D0 got=C41B seq=36 syncOff=0
APP_CRC_FAIL exp=D0D0 got=C41B seq=37 syncOff=0
APP_CRC_FAIL exp=D0D0 got=C41B seq=38 syncOff=0
APP_CRC_FAIL exp=D0D0 got=C41B seq=39 syncOff=0
APP_CRC_FAIL exp=D0D0 got=C41B seq=40 syncOff=0
APP_CRC_FAIL exp=D0D0 got=C41B seq=41 syncOff=0
APP_CRC_FAIL exp=D0D0 got=C41B seq=42 syncOff=0
APP_CRC_FAIL exp=D0D0 got=C41B seq=43 syncOff=0
APP_CRC_FAIL exp=D0D0 got=C41B seq=44 syncOff=0
SYNC_NOT_FOUND first4=4A203DA8
APP_CRC_FAIL exp=D0D0 got=C41B seq=45 syncOff=0
APP_CRC_FAIL exp=D0D0 got=C41B seq=46 syncOff=0
APP_CRC_FAIL exp=D0D0 got=C41B seq=47 syncOff=0
APP_CRC_FAIL exp=D0D0 got=C41B seq=48 syncOff=0
APP_CRC_FAIL exp=D0D0 got=C41B seq=49 syncOff=0
APP_CRC_FAIL exp=D0D0 got=C41B seq=50 syncOff=0
APP_CRC_FAIL exp=D0D0 got=C41B seq=51 syncOff=0
APP_CRC_FAIL exp=D0D0 got=C41B seq=52 syncOff=0
APP_CRC_FAIL exp=D0D0 got=C41B seq=53 syncOff=0
APP_CRC_FAIL exp=D0D0 got=C41B seq=54 syncOff=0
APP_CRC_FAIL exp=D0D0 got=C41B seq=55 syncOff=0
APP_CRC_FAIL exp=D0D0 got=C41B seq=56 syncOff=0
APP_CRC_FAIL exp=D0D0 got=C41B seq=57 syncOff=0
APP_CRC_FAIL exp=D0D0 got=C41B seq=58 syncOff=0
APP_CRC_FAIL exp=D0D0 got=C41B seq=59 syncOff=0
SYNC_NOT_FOUND first4=4DFA19AB
APP_CRC_FAIL exp=D0D0 got=C41B seq=60 syncOff=0
APP_CRC_FAIL exp=D0D0 got=C41B seq=61 syncOff=0
APP_CRC_FAIL exp=D0D0 got=C41B seq=62 syncOff=0
APP_CRC_FAIL exp=D0D0 got=C41B seq=63 syncOff=0
APP_CRC_FAIL exp=D0D0 got=C41B seq=64 syncOff=0
APP_CRC_FAIL exp=D0D0 got=C41B seq=65 syncOff=0
APP_CRC_FAIL exp=D0D0 got=C41B seq=66 syncOff=0
APP_CRC_FAIL exp=D0D0 got=C41B seq=67 syncOff=0
APP_CRC_FAIL exp=D0D0 got=C41B seq=68 syncOff=0
APP_CRC_FAIL exp=D0D0 got=C41B seq=69 syncOff=0
APP_CRC_FAIL exp=D0D0 got=C41B seq=70 syncOff=0
APP_CRC_FAIL exp=D0D0 got=C41B seq=71 syncOff=0
APP_CRC_FAIL exp=D0D0 got=C41B seq=72 syncOff=0
APP_CRC_FAIL exp=D0D0 got=C41B seq=73 syncOff=0
APP_CRC_FAIL exp=D0D0 got=C41B seq=74 syncOff=0
APP_CRC_FAIL exp=4040 got=473E seq=0 syncOff=0
APP_CRC_FAIL exp=4040 got=473E seq=1 syncOff=0
APP_CRC_FAIL exp=4040 got=473E seq=2 syncOff=0
APP_CRC_FAIL exp=4040 got=473E seq=3 syncOff=0
APP_CRC_FAIL exp=4040 got=473E seq=4 syncOff=0
APP_CRC_FAIL exp=4040 got=473E seq=5 syncOff=0
APP_CRC_FAIL exp=4040 got=473E seq=6 syncOff=0
APP_CRC_FAIL exp=4040 got=473E seq=7 syncOff=0
APP_CRC_FAIL exp=4040 got=473E seq=8 syncOff=0
APP_CRC_FAIL exp=4040 got=473E seq=9 syncOff=0
APP_CRC_FAIL exp=4040 got=473E seq=10 syncOff=0
APP_CRC_FAIL exp=4040 got=473E seq=11 syncOff=0
APP_CRC_FAIL exp=4040 got=473E seq=12 syncOff=0
APP_CRC_FAIL exp=4040 got=473E seq=13 syncOff=0
APP_CRC_FAIL exp=4040 got=473E seq=14 syncOff=0
APP_CRC_FAIL exp=4040 got=473E seq=15 syncOff=0
APP_CRC_FAIL exp=4040 got=473E seq=16 syncOff=0
APP_CRC_FAIL exp=4040 got=473E seq=17 syncOff=0
APP_CRC_FAIL exp=4040 got=473E seq=18 syncOff=0
APP_CRC_FAIL exp=4040 got=473E seq=19 syncOff=0
APP_CRC_FAIL exp=4040 got=473E seq=20 syncOff=0
APP_CRC_FAIL exp=4040 got=473E seq=21 syncOff=0
APP_CRC_FAIL exp=4040 got=473E seq=22 syncOff=0
APP_CRC_FAIL exp=4040 got=473E seq=23 syncOff=0
APP_CRC_FAIL exp=4040 got=473E seq=24 syncOff=0
APP_CRC_FAIL exp=4040 got=473E seq=25 syncOff=0
APP_CRC_FAIL exp=4040 got=473E seq=26 syncOff=0
APP_CRC_FAIL exp=4040 got=473E seq=27 syncOff=0
APP_CRC_FAIL exp=4040 got=473E seq=28 syncOff=0
APP_CRC_FAIL exp=4040 got=473E seq=29 syncOff=0
APP_CRC_FAIL exp=4040 got=473E seq=30 syncOff=0
APP_CRC_FAIL exp=4040 got=473E seq=31 syncOff=0
APP_CRC_FAIL exp=4040 got=473E seq=32 syncOff=0
APP_CRC_FAIL exp=4040 got=473E seq=33 syncOff=0
APP_CRC_FAIL exp=4040 got=473E seq=34 syncOff=0
APP_CRC_FAIL exp=4040 got=473E seq=35 syncOff=0
APP_CRC_FAIL exp=4040 got=473E seq=36 syncOff=0
APP_CRC_FAIL exp=4040 got=473E seq=37 syncOff=0
APP_CRC_FAIL exp=4040 got=473E seq=38 syncOff=0
APP_CRC_FAIL exp=4040 got=473E seq=39 syncOff=0
APP_CRC_FAIL exp=4040 got=473E seq=40 syncOff=0
APP_CRC_FAIL exp=4040 got=473E seq=41 syncOff=0
APP_CRC_FAIL exp=4040 got=473E seq=42 syncOff=0
APP_CRC_FAIL exp=4040 got=473E seq=43 syncOff=0
APP_CRC_FAIL exp=4040 got=473E seq=44 syncOff=0
SYNC_NOT_FOUND first4=1E923614
APP_CRC_FAIL exp=4040 got=473E seq=46 syncOff=0
APP_CRC_FAIL exp=4040 got=473E seq=47 syncOff=0
APP_CRC_FAIL exp=4040 got=473E seq=48 syncOff=0
APP_CRC_FAIL exp=4040 got=473E seq=49 syncOff=0
APP_CRC_FAIL exp=4040 got=473E seq=50 syncOff=0
APP_CRC_FAIL exp=4040 got=473E seq=51 syncOff=0
APP_CRC_FAIL exp=4040 got=473E seq=52 syncOff=0
APP_CRC_FAIL exp=4040 got=473E seq=53 syncOff=0
APP_CRC_FAIL exp=4040 got=473E seq=54 syncOff=0
APP_CRC_FAIL exp=4040 got=473E seq=55 syncOff=0
APP_CRC_FAIL exp=4040 got=473E seq=56 syncOff=0
APP_CRC_FAIL exp=4040 got=473E seq=57 syncOff=0
APP_CRC_FAIL exp=4040 got=473E seq=58 syncOff=0
APP_CRC_FAIL exp=4040 got=473E seq=59 syncOff=0
APP_CRC_FAIL exp=4040 got=473E seq=60 syncOff=0
APP_CRC_FAIL exp=4040 got=473E seq=61 syncOff=0
APP_CRC_FAIL exp=4040 got=473E seq=62 syncOff=0
APP_CRC_FAIL exp=4040 got=473E seq=63 syncOff=0
APP_CRC_FAIL exp=4040 got=473E seq=64 syncOff=0
APP_CRC_FAIL exp=4040 got=473E seq=65 syncOff=0
APP_CRC_FAIL exp=4040 got=473E seq=66 syncOff=0
APP_CRC_FAIL exp=4040 got=473E seq=67 syncOff=0
APP_CRC_FAIL exp=4040 got=473E seq=68 syncOff=0
APP_CRC_FAIL exp=4040 got=473E seq=69 syncOff=0
APP_CRC_FAIL exp=4040 got=473E seq=70 syncOff=0
APP_CRC_FAIL exp=4040 got=473E seq=71 syncOff=0
APP_CRC_FAIL exp=4040 got=473E seq=72 syncOff=0
APP_CRC_FAIL exp=4040 got=473E seq=73 syncOff=0
APP_CRC_FAIL exp=4040 got=473E seq=74 syncOff=0
APP_CRC_FAIL exp=9595 got=13EF seq=0 syncOff=0
APP_CRC_FAIL exp=9595 got=13EF seq=1 syncOff=0
APP_CRC_FAIL exp=9595 got=13EF seq=2 syncOff=0
APP_CRC_FAIL exp=9595 got=13EF seq=3 syncOff=0
APP_CRC_FAIL exp=9595 got=13EF seq=4 syncOff=0
APP_CRC_FAIL exp=9595 got=13EF seq=5 syncOff=0
APP_CRC_FAIL exp=9595 got=13EF seq=6 syncOff=0
APP_CRC_FAIL exp=9595 got=13EF seq=7 syncOff=0
APP_CRC_FAIL exp=9595 got=13EF seq=8 syncOff=0
APP_CRC_FAIL exp=9595 got=13EF seq=9 syncOff=0
APP_CRC_FAIL exp=9595 got=13EF seq=10 syncOff=0
APP_CRC_FAIL exp=9595 got=13EF seq=11 syncOff=0
APP_CRC_FAIL exp=9595 got=13EF seq=12 syncOff=0
APP_CRC_FAIL exp=9595 got=13EF seq=13 syncOff=0
APP_CRC_FAIL exp=9595 got=13EF seq=14 syncOff=0
APP_CRC_FAIL exp=9595 got=13EF seq=15 syncOff=0
APP_CRC_FAIL exp=9595 got=13EF seq=16 syncOff=0
APP_CRC_FAIL exp=9595 got=13EF seq=17 syncOff=0
APP_CRC_FAIL exp=9595 got=13EF seq=18 syncOff=0
APP_CRC_FAIL exp=9595 got=13EF seq=19 syncOff=0
APP_CRC_FAIL exp=9595 got=13EF seq=20 syncOff=0
APP_CRC_FAIL exp=9595 got=13EF seq=21 syncOff=0
APP_CRC_FAIL exp=9595 got=13EF seq=22 syncOff=0
APP_CRC_FAIL exp=9595 got=13EF seq=23 syncOff=0
APP_CRC_FAIL exp=9595 got=13EF seq=24 syncOff=0
APP_CRC_FAIL exp=9595 got=13EF seq=25 syncOff=0
APP_CRC_FAIL exp=9595 got=13EF seq=26 syncOff=0
APP_CRC_FAIL exp=9595 got=13EF seq=27 syncOff=0
APP_CRC_FAIL exp=9595 got=13EF seq=28 syncOff=0
APP_CRC_FAIL exp=9595 got=13EF seq=29 syncOff=0
APP_CRC_FAIL exp=9595 got=13EF seq=30 syncOff=0
APP_CRC_FAIL exp=9595 got=13EF seq=31 syncOff=0
APP_CRC_FAIL exp=9595 got=13EF seq=32 syncOff=0
APP_CRC_FAIL exp=9595 got=13EF seq=33 syncOff=0
APP_CRC_FAIL exp=9595 got=13EF seq=34 syncOff=0
APP_CRC_FAIL exp=9595 got=13EF seq=35 syncOff=0
APP_CRC_FAIL exp=9595 got=13EF seq=36 syncOff=0
APP_CRC_FAIL exp=9595 got=13EF seq=37 syncOff=0
APP_CRC_FAIL exp=9595 got=13EF seq=38 syncOff=0
APP_CRC_FAIL exp=9595 got=13EF seq=39 syncOff=0
APP_CRC_FAIL exp=9595 got=13EF seq=40 syncOff=0
APP_CRC_FAIL exp=9595 got=13EF seq=41 syncOff=0
APP_CRC_FAIL exp=9595 got=13EF seq=42 syncOff=0
APP_CRC_FAIL exp=9595 got=13EF seq=43 syncOff=0
APP_CRC_FAIL exp=9595 got=13EF seq=44 syncOff=0
APP_CRC_FAIL exp=9595 got=13EF seq=45 syncOff=0
APP_CRC_FAIL exp=9595 got=13EF seq=46 syncOff=0
APP_CRC_FAIL exp=9595 got=13EF seq=47 syncOff=0
APP_CRC_FAIL exp=9595 got=13EF seq=48 syncOff=0
APP_CRC_FAIL exp=9595 got=13EF seq=49 syncOff=0
APP_CRC_FAIL exp=9595 got=13EF seq=50 syncOff=0
APP_CRC_FAIL exp=9595 got=13EF seq=51 syncOff=0
APP_CRC_FAIL exp=9595 got=13EF seq=52 syncOff=0
APP_CRC_FAIL exp=9595 got=13EF seq=53 syncOff=0
APP_CRC_FAIL exp=9595 got=13EF seq=54 syncOff=0
APP_CRC_FAIL exp=9595 got=13EF seq=55 syncOff=0
APP_CRC_FAIL exp=9595 got=13EF seq=56 syncOff=0
APP_CRC_FAIL exp=9595 got=13EF seq=57 syncOff=0
APP_CRC_FAIL exp=9595 got=13EF seq=58 syncOff=0
APP_CRC_FAIL exp=9595 got=13EF seq=59 syncOff=0
APP_CRC_FAIL exp=9595 got=13EF seq=60 syncOff=0
APP_CRC_FAIL exp=9595 got=13EF seq=61 syncOff=0
APP_CRC_FAIL exp=9595 got=13EF seq=62 syncOff=0
APP_CRC_FAIL exp=9595 got=13EF seq=63 syncOff=0
APP_CRC_FAIL exp=9595 got=13EF seq=64 syncOff=0
APP_CRC_FAIL exp=9595 got=13EF seq=65 syncOff=0
APP_CRC_FAIL exp=9595 got=13EF seq=66 syncOff=0
APP_CRC_FAIL exp=9595 got=13EF seq=67 syncOff=0
APP_CRC_FAIL exp=9595 got=13EF seq=68 syncOff=0
APP_CRC_FAIL exp=9595 got=13EF seq=69 syncOff=0
APP_CRC_FAIL exp=9595 got=13EF seq=70 syncOff=0
APP_CRC_FAIL exp=9595 got=13EF seq=71 syncOff=0
SYNC_NOT_FOUND first4=7A042499
APP_CRC_FAIL exp=9595 got=13EF seq=72 syncOff=0
APP_CRC_FAIL exp=9595 got=13EF seq=73 syncOff=0
APP_CRC_FAIL exp=9595 got=13EF seq=74 syncOff=0
TIME_DIFF gps_utc=1785057448 laptop_utc=1785057448 offset=0
TIME_DIFF gps_utc=1785057448 laptop_utc=1785057448 offset=0
TIME_DIFF gps_utc=1785057448 laptop_utc=1785057448 offset=0
TIME_DIFF gps_utc=1785057448 laptop_utc=1785057448 offset=0
TIME_DIFF gps_utc=1785057448 laptop_utc=1785057448 offset=0
TIME_DIFF gps_utc=1785057448 laptop_utc=1785057448 offset=0
TIME_DIFF gps_utc=1785057448 laptop_utc=1785057448 offset=0
TIME_DIFF gps_utc=1785057448 laptop_utc=1785057448 offset=0
SYNC_NOT_FOUND first4=C2D39A83
TIME_DIFF gps_utc=1785057448 laptop_utc=1785057448 offset=0
TIME_DIFF gps_utc=1785057448 laptop_utc=1785057448 offset=0
TIME_DIFF gps_utc=1785057448 laptop_utc=1785057448 offset=0
TIME_DIFF gps_utc=1785057448 laptop_utc=1785057448 offset=0
TIME_SYNCED utc=1785057448 offset=1785033575
TIME_DIFF gps_utc=1785057448 laptop_utc=1785057449 offset=-1
TIME_DIFF gps_utc=1785057448 laptop_utc=1785057449 offset=-1
TIME_DIFF gps_utc=1785057448 laptop_utc=1785057449 offset=-1
TIME_DIFF gps_utc=1785057448 laptop_utc=1785057449 offset=-1
TIME_DIFF gps_utc=1785057448 laptop_utc=1785057449 offset=-1
TIME_DIFF gps_utc=1785057448 laptop_utc=1785057449 offset=-1
TIME_DIFF gps_utc=1785057448 laptop_utc=1785057449 offset=-1
TIME_DIFF gps_utc=1785057448 laptop_utc=1785057449 offset=-1
TIME_DIFF gps_utc=1785057448 laptop_utc=1785057449 offset=-1
TIME_DIFF gps_utc=1785057448 laptop_utc=1785057449 offset=-1
TIME_DIFF gps_utc=1785057448 laptop_utc=1785057449 offset=-1
TIME_DIFF gps_utc=1785057448 laptop_utc=1785057449 offset=-1
TIME_DIFF gps_utc=1785057448 laptop_utc=1785057449 offset=-1
TIME_DIFF gps_utc=1785057448 laptop_utc=1785057449 offset=-1
TIME_DIFF gps_utc=1785057448 laptop_utc=1785057449 offset=-1
TIME_DIFF gps_utc=1785057448 laptop_utc=1785057449 offset=-1
TIME_DIFF gps_utc=1785057448 laptop_utc=1785057449 offset=-1
TIME_DIFF gps_utc=1785057448 laptop_utc=1785057449 offset=-1
TIME_DIFF gps_utc=1785057448 laptop_utc=1785057449 offset=-1
TIME_DIFF gps_utc=1785057448 laptop_utc=1785057449 offset=-1
TIME_DIFF gps_utc=1785057448 laptop_utc=1785057449 offset=-1
TIME_DIFF gps_utc=1785057448 laptop_utc=1785057449 offset=-1
TIME_DIFF gps_utc=1785057448 laptop_utc=1785057449 offset=-1
TIME_DIFF gps_utc=1785057448 laptop_utc=1785057449 offset=-1
TIME_DIFF gps_utc=1785057448 laptop_utc=1785057449 offset=-1
TIME_DIFF gps_utc=1785057448 laptop_utc=1785057449 offset=-1
TIME_DIFF gps_utc=1785057448 laptop_utc=1785057449 offset=-1
TIME_DIFF gps_utc=1785057448 laptop_utc=1785057449 offset=-1
TIME_DIFF gps_utc=1785057448 laptop_utc=1785057449 offset=-1
TIME_DIFF gps_utc=1785057448 laptop_utc=1785057449 offset=-1
TIME_DIFF gps_utc=1785057448 laptop_utc=1785057449 offset=-1
TIME_DIFF gps_utc=1785057448 laptop_utc=1785057449 offset=-1
TIME_DIFF gps_utc=1785057448 laptop_utc=1785057449 offset=-1
TIME_DIFF gps_utc=1785057448 laptop_utc=1785057449 offset=-1
TIME_DIFF gps_utc=1785057448 laptop_utc=1785057449 offset=-1
TIME_DIFF gps_utc=1785057448 laptop_utc=1785057449 offset=-1
TIME_DIFF gps_utc=1785057448 laptop_utc=1785057449 offset=-1
TIME_DIFF gps_utc=1785057449 laptop_utc=1785057449 offset=0
TIME_DIFF gps_utc=1785057449 laptop_utc=1785057449 offset=0
TIME_DIFF gps_utc=1785057449 laptop_utc=1785057449 offset=0
TIME_DIFF gps_utc=1785057449 laptop_utc=1785057449 offset=0
TIME_DIFF gps_utc=1785057449 laptop_utc=1785057449 offset=0
TIME_DIFF gps_utc=1785057449 laptop_utc=1785057449 offset=0
TIME_DIFF gps_utc=1785057449 laptop_utc=1785057449 offset=0
TIME_DIFF gps_utc=1785057449 laptop_utc=1785057449 offset=0
TIME_DIFF gps_utc=1785057449 laptop_utc=1785057449 offset=0
TIME_DIFF gps_utc=1785057449 laptop_utc=1785057449 offset=0
TIME_DIFF gps_utc=1785057449 laptop_utc=1785057449 offset=0
TIME_DIFF gps_utc=1785057449 laptop_utc=1785057449 offset=0
TIME_DIFF gps_utc=1785057449 laptop_utc=1785057449 offset=0
TIME_DIFF gps_utc=1785057449 laptop_utc=1785057450 offset=-1
TIME_DIFF gps_utc=1785057449 laptop_utc=1785057450 offset=-1
TIME_DIFF gps_utc=1785057449 laptop_utc=1785057450 offset=-1
TIME_DIFF gps_utc=1785057449 laptop_utc=1785057450 offset=-1
TIME_DIFF gps_utc=1785057449 laptop_utc=1785057450 offset=-1
TIME_DIFF gps_utc=1785057449 laptop_utc=1785057450 offset=-1
TIME_DIFF gps_utc=1785057449 laptop_utc=1785057450 offset=-1
TIME_DIFF gps_utc=1785057449 laptop_utc=1785057450 offset=-1
TIME_DIFF gps_utc=1785057449 laptop_utc=1785057450 offset=-1
TIME_DIFF gps_utc=1785057449 laptop_utc=1785057450 offset=-1
TIME_DIFF gps_utc=1785057449 laptop_utc=1785057450 offset=-1
TIME_DIFF gps_utc=1785057449 laptop_utc=1785057450 offset=-1
SYNC_NOT_FOUND first4=0A6ACC59
SYNC_NOT_FOUND first4=959D32A6
SYNC_NOT_FOUND first4=567ACFE6
SYNC_LOST phase=55 consecutive=3 cached_off=0
SYNC_NOT_FOUND first4=9A62E419
SYNC_NOT_FOUND first4=A1950BE9
SYNC_NOT_FOUND first4=166BCFE6
SYNC_NOT_FOUND first4=9A62C559
SYNC_NOT_FOUND first4=AA6ACD66
SYNC_NOT_FOUND first4=D4F7785E
SYNC_NOT_FOUND first4=39053BAC
SYNC_NOT_FOUND first4=4C067C2C
SYNC_NOT_FOUND first4=9522B421
SYNC_NOT_FOUND first4=01056553
SYNC_NOT_FOUND first4=166ACFE6
SYNC_NOT_FOUND first4=0D598334
SYNC_NOT_FOUND first4=0188CA99
SYNC_NOT_FOUND first4=E8B3E97C
SYNC_NOT_FOUND first4=2849544B
SYNC_NOT_FOUND first4=3952A91A
SYNC_NOT_FOUND first4=6665D356
TIME_SYNCED utc=1785057458 offset=1785033574
SYNC_NOT_FOUND first4=5999615F
SYNC_NOT_FOUND first4=996669E8
SYNC_NOT_FOUND first4=521E9710
SYNC_NOT_FOUND first4=FE59996A
SYNC_NOT_FOUND first4=81696679
SYNC_NOT_FOUND first4=48000ED9
SYNC_NOT_FOUND first4=2C50AF79
SYNC_NOT_FOUND first4=6199E5EA
SYNC_NOT_FOUND first4=E806A0A1
SYNC_NOT_FOUND first4=A7998685
SYNC_NOT_FOUND first4=E329ACBA
SYNC_NOT_FOUND first4=3CCFD353
SYNC_NOT_FOUND first4=77536316
SYNC_NOT_FOUND first4=B11FED7F
SYNC_NOT_FOUND first4=E1B12076
TIME_STATS min=-2000ms max=1000ms avg=-89ms corrections=0
SYNC_NOT_FOUND first4=C017071B
SYNC_NOT_FOUND first4=08E68AF4
SYNC_NOT_FOUND first4=3F2CCCB0
SYNC_NOT_FOUND first4=79FD7A3C
SYNC_NOT_FOUND first4=2900AE30
SYNC_NOT_FOUND first4=5A9878F5
SYNC_NOT_FOUND first4=872167D9
SYNC_NOT_FOUND first4=BAFB79A3
TIME_SYNCED utc=1785057469 offset=1785033574
SYNC_NOT_FOUND first4=799E1FAF
SYNC_NOT_FOUND first4=87869E61
SYNC_NOT_FOUND first4=DA181A5E
SYNC_NOT_FOUND first4=BDE407DD
TIME_SYNCED utc=1785057479 offset=1785033574
SYNC_NOT_FOUND first4=04EEBCA1
SYNC_NOT_FOUND first4=271C1791
TIME_SYNCED utc=1785057490 offset=1785033574
SYNC_NOT_FOUND first4=9A81007C
SYNC_NOT_FOUND first4=4A40ABC2
SYNC_NOT_FOUND first4=4AD52D00
SYNC_NOT_FOUND first4=FDA62481
TIME_SYNCED utc=1785057501 offset=1785033574
SYNC_NOT_FOUND first4=D65EE782
SYNC_NOT_FOUND first4=710219E8
SYNC_NOT_FOUND first4=E6798105
SYNC_NOT_FOUND first4=F53CE6CC
TIME_SYNCED utc=1785057511 offset=1785033574
SYNC_NOT_FOUND first4=4D22E2D6
SYNC_NOT_FOUND first4=5D116E19
SYNC_NOT_FOUND first4=56A611EC
SYNC_NOT_FOUND first4=42EDAE12
SYNC_NOT_FOUND first4=DD116C1B
SYNC_NOT_FOUND first4=DD116E19
SYNC_OFFSET phase=55 off=0 prev=-1
APP_CRC_FAIL exp=D0D0 got=C41B seq=0 syncOff=0
APP_CRC_FAIL exp=D0D0 got=C41B seq=1 syncOff=0
APP_CRC_FAIL exp=D0D0 got=C41B seq=2 syncOff=0
APP_CRC_FAIL exp=D0D0 got=C41B seq=3 syncOff=0
APP_CRC_FAIL exp=D0D0 got=C41B seq=4 syncOff=0
APP_CRC_FAIL exp=D0D0 got=C41B seq=5 syncOff=0
APP_CRC_FAIL exp=D0D0 got=C41B seq=6 syncOff=0
APP_CRC_FAIL exp=D0D0 got=C41B seq=7 syncOff=0
APP_CRC_FAIL exp=D0D0 got=C41B seq=8 syncOff=0
APP_CRC_FAIL exp=D0D0 got=C41B seq=9 syncOff=0
APP_CRC_FAIL exp=D0D0 got=C41B seq=10 syncOff=0
APP_CRC_FAIL exp=D0D0 got=C41B seq=11 syncOff=0
APP_CRC_FAIL exp=D0D0 got=C41B seq=12 syncOff=0
APP_CRC_FAIL exp=D0D0 got=C41B seq=13 syncOff=0
APP_CRC_FAIL exp=D0D0 got=C41B seq=14 syncOff=0
APP_CRC_FAIL exp=D0D0 got=C41B seq=15 syncOff=0
APP_CRC_FAIL exp=D0D0 got=C41B seq=16 syncOff=0
APP_CRC_FAIL exp=D0D0 got=C41B seq=17 syncOff=0
APP_CRC_FAIL exp=D0D0 got=C41B seq=18 syncOff=0
APP_CRC_FAIL exp=D0D0 got=C41B seq=19 syncOff=0
APP_CRC_FAIL exp=D0D0 got=C41B seq=20 syncOff=0
APP_CRC_FAIL exp=D0D0 got=C41B seq=21 syncOff=0
APP_CRC_FAIL exp=D0D0 got=C41B seq=22 syncOff=0
APP_CRC_FAIL exp=D0D0 got=C41B seq=23 syncOff=0
APP_CRC_FAIL exp=D0D0 got=C41B seq=24 syncOff=0
APP_CRC_FAIL exp=D0D0 got=C41B seq=25 syncOff=0
APP_CRC_FAIL exp=D0D0 got=C41B seq=26 syncOff=0
APP_CRC_FAIL exp=D0D0 got=C41B seq=27 syncOff=0
APP_CRC_FAIL exp=D0D0 got=C41B seq=28 syncOff=0
APP_CRC_FAIL exp=D0D0 got=C41B seq=29 syncOff=0
APP_CRC_FAIL exp=D0D0 got=C41B seq=30 syncOff=0
SYNC_NOT_FOUND first4=4BC3C6D2
APP_CRC_FAIL exp=D0D0 got=C41B seq=31 syncOff=0
APP_CRC_FAIL exp=D0D0 got=C41B seq=32 syncOff=0
APP_CRC_FAIL exp=D0D0 got=C41B seq=33 syncOff=0
APP_CRC_FAIL exp=D0D0 got=C41B seq=34 syncOff=0
APP_CRC_FAIL exp=D0D0 got=C41B seq=35 syncOff=0
APP_CRC_FAIL exp=D0D0 got=C41B seq=36 syncOff=0
APP_CRC_FAIL exp=D0D0 got=C41B seq=37 syncOff=0
APP_CRC_FAIL exp=D0D0 got=C41B seq=38 syncOff=0
APP_CRC_FAIL exp=D0D0 got=C41B seq=39 syncOff=0
APP_CRC_FAIL exp=D0D0 got=C41B seq=40 syncOff=0
APP_CRC_FAIL exp=D0D0 got=C41B seq=41 syncOff=0
APP_CRC_FAIL exp=D0D0 got=C41B seq=42 syncOff=0
APP_CRC_FAIL exp=D0D0 got=C41B seq=43 syncOff=0
APP_CRC_FAIL exp=D0D0 got=C41B seq=44 syncOff=0
APP_CRC_FAIL exp=D0D0 got=C41B seq=45 syncOff=0
APP_CRC_FAIL exp=D0D0 got=C41B seq=46 syncOff=0
APP_CRC_FAIL exp=D0D0 got=C41B seq=47 syncOff=0
APP_CRC_FAIL exp=D0D0 got=C41B seq=48 syncOff=0
APP_CRC_FAIL exp=D0D0 got=C41B seq=49 syncOff=0
APP_CRC_FAIL exp=D0D0 got=C41B seq=50 syncOff=0
APP_CRC_FAIL exp=D0D0 got=C41B seq=51 syncOff=0
APP_CRC_FAIL exp=D0D0 got=C41B seq=52 syncOff=0
APP_CRC_FAIL exp=D0D0 got=C41B seq=53 syncOff=0
APP_CRC_FAIL exp=D0D0 got=C41B seq=54 syncOff=0
APP_CRC_FAIL exp=D0D0 got=C41B seq=55 syncOff=0
APP_CRC_FAIL exp=D0D0 got=C41B seq=56 syncOff=0
APP_CRC_FAIL exp=D0D0 got=C41B seq=57 syncOff=0
APP_CRC_FAIL exp=D0D0 got=C41B seq=58 syncOff=0
SYNC_NOT_FOUND first4=4E4B57E9
APP_CRC_FAIL exp=D0D0 got=C41B seq=59 syncOff=0
APP_CRC_FAIL exp=D0D0 got=C41B seq=60 syncOff=0
APP_CRC_FAIL exp=D0D0 got=C41B seq=61 syncOff=0
APP_CRC_FAIL exp=D0D0 got=C41B seq=62 syncOff=0
APP_CRC_FAIL exp=D0D0 got=C41B seq=63 syncOff=0
APP_CRC_FAIL exp=D0D0 got=C41B seq=64 syncOff=0
APP_CRC_FAIL exp=D0D0 got=C41B seq=65 syncOff=0
APP_CRC_FAIL exp=D0D0 got=C41B seq=66 syncOff=0
APP_CRC_FAIL exp=D0D0 got=C41B seq=67 syncOff=0
APP_CRC_FAIL exp=D0D0 got=C41B seq=68 syncOff=0
APP_CRC_FAIL exp=D0D0 got=C41B seq=69 syncOff=0
APP_CRC_FAIL exp=D0D0 got=C41B seq=70 syncOff=0
APP_CRC_FAIL exp=D0D0 got=C41B seq=71 syncOff=0
APP_CRC_FAIL exp=D0D0 got=C41B seq=72 syncOff=0
APP_CRC_FAIL exp=D0D0 got=C41B seq=73 syncOff=0
APP_CRC_FAIL exp=D0D0 got=C41B seq=74 syncOff=0
APP_CRC_FAIL exp=4040 got=473E seq=0 syncOff=0
APP_CRC_FAIL exp=4040 got=473E seq=1 syncOff=0
APP_CRC_FAIL exp=4040 got=473E seq=2 syncOff=0
APP_CRC_FAIL exp=4040 got=473E seq=3 syncOff=0
APP_CRC_FAIL exp=4040 got=473E seq=4 syncOff=0
APP_CRC_FAIL exp=4040 got=473E seq=5 syncOff=0
APP_CRC_FAIL exp=4040 got=473E seq=6 syncOff=0
APP_CRC_FAIL exp=4040 got=473E seq=7 syncOff=0
APP_CRC_FAIL exp=4040 got=473E seq=8 syncOff=0
APP_CRC_FAIL exp=4040 got=473E seq=9 syncOff=0
APP_CRC_FAIL exp=4040 got=473E seq=10 syncOff=0
APP_CRC_FAIL exp=4040 got=473E seq=11 syncOff=0
APP_CRC_FAIL exp=4040 got=473E seq=12 syncOff=0
APP_CRC_FAIL exp=4040 got=473E seq=13 syncOff=0
APP_CRC_FAIL exp=4040 got=473E seq=14 syncOff=0
APP_CRC_FAIL exp=4040 got=473E seq=15 syncOff=0
APP_CRC_FAIL exp=4040 got=473E seq=16 syncOff=0
APP_CRC_FAIL exp=4040 got=473E seq=17 syncOff=0
APP_CRC_FAIL exp=4040 got=473E seq=18 syncOff=0
APP_CRC_FAIL exp=4040 got=473E seq=19 syncOff=0
APP_CRC_FAIL exp=4040 got=473E seq=20 syncOff=0
APP_CRC_FAIL exp=4040 got=473E seq=21 syncOff=0
APP_CRC_FAIL exp=4040 got=473E seq=22 syncOff=0
APP_CRC_FAIL exp=4040 got=473E seq=23 syncOff=0
APP_CRC_FAIL exp=4040 got=473E seq=24 syncOff=0
APP_CRC_FAIL exp=4040 got=473E seq=25 syncOff=0
APP_CRC_FAIL exp=4040 got=473E seq=26 syncOff=0
APP_CRC_FAIL exp=4040 got=473E seq=27 syncOff=0
APP_CRC_FAIL exp=4040 got=473E seq=28 syncOff=0
APP_CRC_FAIL exp=4040 got=473E seq=29 syncOff=0
APP_CRC_FAIL exp=4040 got=473E seq=30 syncOff=0
APP_CRC_FAIL exp=4040 got=473E seq=31 syncOff=0
APP_CRC_FAIL exp=4040 got=473E seq=32 syncOff=0
APP_CRC_FAIL exp=4040 got=473E seq=33 syncOff=0
APP_CRC_FAIL exp=4040 got=473E seq=34 syncOff=0
APP_CRC_FAIL exp=4040 got=473E seq=35 syncOff=0
APP_CRC_FAIL exp=4040 got=473E seq=36 syncOff=0
APP_CRC_FAIL exp=4040 got=473E seq=37 syncOff=0
APP_CRC_FAIL exp=4040 got=473E seq=38 syncOff=0
APP_CRC_FAIL exp=4040 got=473E seq=39 syncOff=0
APP_CRC_FAIL exp=4040 got=473E seq=40 syncOff=0
APP_CRC_FAIL exp=4040 got=473E seq=41 syncOff=0
APP_CRC_FAIL exp=4040 got=473E seq=42 syncOff=0
APP_CRC_FAIL exp=4040 got=473E seq=43 syncOff=0
APP_CRC_FAIL exp=4040 got=473E seq=44 syncOff=0
APP_CRC_FAIL exp=4040 got=473E seq=45 syncOff=0
APP_CRC_FAIL exp=4040 got=473E seq=46 syncOff=0
APP_CRC_FAIL exp=4040 got=473E seq=47 syncOff=0
APP_CRC_FAIL exp=4040 got=473E seq=48 syncOff=0
APP_CRC_FAIL exp=4040 got=473E seq=49 syncOff=0
APP_CRC_FAIL exp=4040 got=473E seq=50 syncOff=0
APP_CRC_FAIL exp=4040 got=473E seq=51 syncOff=0
APP_CRC_FAIL exp=4040 got=473E seq=52 syncOff=0
APP_CRC_FAIL exp=4040 got=473E seq=53 syncOff=0
APP_CRC_FAIL exp=4040 got=473E seq=54 syncOff=0
APP_CRC_FAIL exp=4040 got=473E seq=55 syncOff=0
APP_CRC_FAIL exp=4040 got=473E seq=56 syncOff=0
APP_CRC_FAIL exp=4040 got=473E seq=57 syncOff=0
APP_CRC_FAIL exp=4040 got=473E seq=58 syncOff=0
APP_CRC_FAIL exp=4040 got=473E seq=59 syncOff=0
APP_CRC_FAIL exp=4040 got=473E seq=60 syncOff=0
APP_CRC_FAIL exp=4040 got=473E seq=61 syncOff=0
APP_CRC_FAIL exp=4040 got=473E seq=62 syncOff=0
APP_CRC_FAIL exp=4040 got=473E seq=63 syncOff=0
APP_CRC_FAIL exp=4040 got=473E seq=64 syncOff=0
APP_CRC_FAIL exp=4040 got=473E seq=65 syncOff=0
APP_CRC_FAIL exp=4040 got=473E seq=66 syncOff=0
APP_CRC_FAIL exp=4040 got=473E seq=67 syncOff=0
APP_CRC_FAIL exp=4040 got=473E seq=68 syncOff=0
APP_CRC_FAIL exp=4040 got=473E seq=69 syncOff=0
APP_CRC_FAIL exp=4040 got=473E seq=70 syncOff=0
APP_CRC_FAIL exp=4040 got=473E seq=71 syncOff=0
APP_CRC_FAIL exp=4040 got=473E seq=72 syncOff=0
APP_CRC_FAIL exp=4040 got=473E seq=73 syncOff=0
APP_CRC_FAIL exp=4040 got=473E seq=74 syncOff=0
APP_CRC_FAIL exp=9595 got=13EF seq=0 syncOff=0
APP_CRC_FAIL exp=9595 got=13EF seq=1 syncOff=0
APP_CRC_FAIL exp=9595 got=13EF seq=2 syncOff=0
APP_CRC_FAIL exp=9595 got=13EF seq=3 syncOff=0
APP_CRC_FAIL exp=9595 got=13EF seq=4 syncOff=0
APP_CRC_FAIL exp=9595 got=13EF seq=5 syncOff=0
APP_CRC_FAIL exp=9595 got=13EF seq=6 syncOff=0
APP_CRC_FAIL exp=9595 got=13EF seq=7 syncOff=0
APP_CRC_FAIL exp=9595 got=13EF seq=8 syncOff=0
APP_CRC_FAIL exp=9595 got=13EF seq=9 syncOff=0
APP_CRC_FAIL exp=9595 got=13EF seq=10 syncOff=0
APP_CRC_FAIL exp=9595 got=13EF seq=11 syncOff=0
APP_CRC_FAIL exp=9595 got=13EF seq=12 syncOff=0
APP_CRC_FAIL exp=9595 got=13EF seq=13 syncOff=0
APP_CRC_FAIL exp=9595 got=13EF seq=14 syncOff=0
APP_CRC_FAIL exp=9595 got=13EF seq=15 syncOff=0
APP_CRC_FAIL exp=9595 got=13EF seq=16 syncOff=0
APP_CRC_FAIL exp=9595 got=13EF seq=17 syncOff=0
APP_CRC_FAIL exp=9595 got=13EF seq=18 syncOff=0
APP_CRC_FAIL exp=9595 got=13EF seq=19 syncOff=0
APP_CRC_FAIL exp=9595 got=13EF seq=20 syncOff=0
APP_CRC_FAIL exp=9595 got=13EF seq=21 syncOff=0
APP_CRC_FAIL exp=9595 got=13EF seq=22 syncOff=0
APP_CRC_FAIL exp=9595 got=13EF seq=23 syncOff=0
APP_CRC_FAIL exp=9595 got=13EF seq=24 syncOff=0
APP_CRC_FAIL exp=9595 got=13EF seq=25 syncOff=0
APP_CRC_FAIL exp=9595 got=13EF seq=26 syncOff=0
APP_CRC_FAIL exp=9595 got=13EF seq=27 syncOff=0
APP_CRC_FAIL exp=9595 got=13EF seq=28 syncOff=0
APP_CRC_FAIL exp=9595 got=13EF seq=29 syncOff=0
APP_CRC_FAIL exp=9595 got=13EF seq=30 syncOff=0
APP_CRC_FAIL exp=9595 got=13EF seq=31 syncOff=0
APP_CRC_FAIL exp=9595 got=13EF seq=32 syncOff=0
APP_CRC_FAIL exp=9595 got=13EF seq=33 syncOff=0
APP_CRC_FAIL exp=9595 got=13EF seq=34 syncOff=0
APP_CRC_FAIL exp=9595 got=13EF seq=35 syncOff=0
APP_CRC_FAIL exp=9595 got=13EF seq=36 syncOff=0
APP_CRC_FAIL exp=9595 got=13EF seq=37 syncOff=0
APP_CRC_FAIL exp=9595 got=13EF seq=38 syncOff=0
APP_CRC_FAIL exp=9595 got=13EF seq=39 syncOff=0
APP_CRC_FAIL exp=9595 got=13EF seq=40 syncOff=0
APP_CRC_FAIL exp=9595 got=13EF seq=41 syncOff=0
APP_CRC_FAIL exp=9595 got=13EF seq=42 syncOff=0
APP_CRC_FAIL exp=9595 got=13EF seq=43 syncOff=0
APP_CRC_FAIL exp=9595 got=13EF seq=44 syncOff=0
APP_CRC_FAIL exp=9595 got=13EF seq=45 syncOff=0
APP_CRC_FAIL exp=9595 got=13EF seq=46 syncOff=0
APP_CRC_FAIL exp=9595 got=13EF seq=47 syncOff=0
APP_CRC_FAIL exp=9595 got=13EF seq=48 syncOff=0
APP_CRC_FAIL exp=9595 got=13EF seq=49 syncOff=0
APP_CRC_FAIL exp=9595 got=13EF seq=50 syncOff=0
APP_CRC_FAIL exp=9595 got=13EF seq=51 syncOff=0
APP_CRC_FAIL exp=9595 got=13EF seq=52 syncOff=0
APP_CRC_FAIL exp=9595 got=13EF seq=53 syncOff=0
APP_CRC_FAIL exp=9595 got=13EF seq=54 syncOff=0
APP_CRC_FAIL exp=9595 got=13EF seq=55 syncOff=0
APP_CRC_FAIL exp=9595 got=13EF seq=56 syncOff=0
APP_CRC_FAIL exp=9595 got=13EF seq=57 syncOff=0
APP_CRC_FAIL exp=9595 got=13EF seq=58 syncOff=0
APP_CRC_FAIL exp=9595 got=13EF seq=59 syncOff=0
APP_CRC_FAIL exp=9595 got=13EF seq=60 syncOff=0
APP_CRC_FAIL exp=9595 got=13EF seq=61 syncOff=0
APP_CRC_FAIL exp=9595 got=13EF seq=62 syncOff=0
APP_CRC_FAIL exp=9595 got=13EF seq=63 syncOff=0
APP_CRC_FAIL exp=9595 got=13EF seq=64 syncOff=0
APP_CRC_FAIL exp=9595 got=13EF seq=65 syncOff=0
APP_CRC_FAIL exp=9595 got=13EF seq=66 syncOff=0
APP_CRC_FAIL exp=9595 got=13EF seq=67 syncOff=0
APP_CRC_FAIL exp=9595 got=13EF seq=68 syncOff=0
APP_CRC_FAIL exp=9595 got=13EF seq=69 syncOff=0
APP_CRC_FAIL exp=9595 got=13EF seq=70 syncOff=0
APP_CRC_FAIL exp=9595 got=13EF seq=71 syncOff=0
APP_CRC_FAIL exp=9595 got=13EF seq=72 syncOff=0
APP_CRC_FAIL exp=9595 got=13EF seq=73 syncOff=0
APP_CRC_FAIL exp=9595 got=13EF seq=74 syncOff=0
TIME_DIFF gps_utc=1785057522 laptop_utc=1785057521 offset=1
TIME_SYNCED utc=1785057522 offset=1785033575
TIME_DIFF gps_utc=1785057522 laptop_utc=1785057522 offset=0
TIME_DIFF gps_utc=1785057522 laptop_utc=1785057522 offset=0
TIME_DIFF gps_utc=1785057522 laptop_utc=1785057522 offset=0
TIME_DIFF gps_utc=1785057522 laptop_utc=1785057522 offset=0
TIME_DIFF gps_utc=1785057522 laptop_utc=1785057522 offset=0
TIME_DIFF gps_utc=1785057522 laptop_utc=1785057522 offset=0
TIME_DIFF gps_utc=1785057522 laptop_utc=1785057522 offset=0
TIME_DIFF gps_utc=1785057522 laptop_utc=1785057522 offset=0
TIME_DIFF gps_utc=1785057522 laptop_utc=1785057522 offset=0
TIME_DIFF gps_utc=1785057522 laptop_utc=1785057522 offset=0
TIME_DIFF gps_utc=1785057522 laptop_utc=1785057522 offset=0
TIME_DIFF gps_utc=1785057522 laptop_utc=1785057523 offset=-1
TIME_DIFF gps_utc=1785057522 laptop_utc=1785057523 offset=-1
TIME_DIFF gps_utc=1785057522 laptop_utc=1785057523 offset=-1
TIME_DIFF gps_utc=1785057522 laptop_utc=1785057523 offset=-1
TIME_DIFF gps_utc=1785057522 laptop_utc=1785057523 offset=-1
TIME_DIFF gps_utc=1785057522 laptop_utc=1785057523 offset=-1
TIME_DIFF gps_utc=1785057522 laptop_utc=1785057523 offset=-1
TIME_DIFF gps_utc=1785057522 laptop_utc=1785057523 offset=-1
TIME_DIFF gps_utc=1785057522 laptop_utc=1785057523 offset=-1
TIME_DIFF gps_utc=1785057522 laptop_utc=1785057523 offset=-1
TIME_DIFF gps_utc=1785057522 laptop_utc=1785057523 offset=-1
TIME_DIFF gps_utc=1785057522 laptop_utc=1785057523 offset=-1
TIME_DIFF gps_utc=1785057522 laptop_utc=1785057523 offset=-1
TIME_DIFF gps_utc=1785057522 laptop_utc=1785057523 offset=-1
TIME_DIFF gps_utc=1785057522 laptop_utc=1785057523 offset=-1
TIME_DIFF gps_utc=1785057522 laptop_utc=1785057523 offset=-1
TIME_DIFF gps_utc=1785057522 laptop_utc=1785057523 offset=-1
TIME_DIFF gps_utc=1785057522 laptop_utc=1785057523 offset=-1
TIME_DIFF gps_utc=1785057522 laptop_utc=1785057523 offset=-1
TIME_DIFF gps_utc=1785057522 laptop_utc=1785057523 offset=-1
TIME_DIFF gps_utc=1785057522 laptop_utc=1785057523 offset=-1
TIME_DIFF gps_utc=1785057522 laptop_utc=1785057523 offset=-1
TIME_DIFF gps_utc=1785057522 laptop_utc=1785057523 offset=-1
TIME_DIFF gps_utc=1785057522 laptop_utc=1785057523 offset=-1
TIME_DIFF gps_utc=1785057522 laptop_utc=1785057523 offset=-1
TIME_DIFF gps_utc=1785057522 laptop_utc=1785057523 offset=-1
TIME_DIFF gps_utc=1785057522 laptop_utc=1785057523 offset=-1
TIME_DIFF gps_utc=1785057522 laptop_utc=1785057523 offset=-1
TIME_DIFF gps_utc=1785057522 laptop_utc=1785057523 offset=-1
TIME_DIFF gps_utc=1785057522 laptop_utc=1785057523 offset=-1
TIME_DIFF gps_utc=1785057522 laptop_utc=1785057523 offset=-1
TIME_DIFF gps_utc=1785057522 laptop_utc=1785057523 offset=-1
TIME_DIFF gps_utc=1785057522 laptop_utc=1785057523 offset=-1
TIME_DIFF gps_utc=1785057522 laptop_utc=1785057523 offset=-1
TIME_DIFF gps_utc=1785057522 laptop_utc=1785057523 offset=-1
TIME_DIFF gps_utc=1785057522 laptop_utc=1785057523 offset=-1
TIME_DIFF gps_utc=1785057522 laptop_utc=1785057523 offset=-1
TIME_DIFF gps_utc=1785057522 laptop_utc=1785057523 offset=-1
TIME_DIFF gps_utc=1785057523 laptop_utc=1785057523 offset=0
TIME_DIFF gps_utc=1785057523 laptop_utc=1785057523 offset=0
TIME_DIFF gps_utc=1785057523 laptop_utc=1785057523 offset=0
TIME_DIFF gps_utc=1785057523 laptop_utc=1785057523 offset=0
TIME_DIFF gps_utc=1785057523 laptop_utc=1785057523 offset=0
TIME_DIFF gps_utc=1785057523 laptop_utc=1785057523 offset=0
TIME_DIFF gps_utc=1785057523 laptop_utc=1785057523 offset=0
TIME_DIFF gps_utc=1785057523 laptop_utc=1785057523 offset=0
TIME_DIFF gps_utc=1785057523 laptop_utc=1785057523 offset=0
TIME_DIFF gps_utc=1785057523 laptop_utc=1785057523 offset=0
TIME_DIFF gps_utc=1785057523 laptop_utc=1785057523 offset=0
TIME_DIFF gps_utc=1785057523 laptop_utc=1785057523 offset=0
TIME_DIFF gps_utc=1785057523 laptop_utc=1785057524 offset=-1
TIME_DIFF gps_utc=1785057523 laptop_utc=1785057524 offset=-1
TIME_DIFF gps_utc=1785057523 laptop_utc=1785057524 offset=-1
TIME_DIFF gps_utc=1785057523 laptop_utc=1785057524 offset=-1
TIME_DIFF gps_utc=1785057523 laptop_utc=1785057524 offset=-1
SYNC_NOT_FOUND first4=5A7E1D3E
TIME_DIFF gps_utc=1785057523 laptop_utc=1785057524 offset=-1
TIME_DIFF gps_utc=1785057523 laptop_utc=1785057524 offset=-1
TIME_DIFF gps_utc=1785057523 laptop_utc=1785057524 offset=-1
TIME_DIFF gps_utc=1785057523 laptop_utc=1785057524 offset=-1
TIME_DIFF gps_utc=1785057523 laptop_utc=1785057524 offset=-1
TIME_DIFF gps_utc=1785057523 laptop_utc=1785057524 offset=-1
TIME_DIFF gps_utc=1785057523 laptop_utc=1785057524 offset=-1
TIME_DIFF gps_utc=1785057523 laptop_utc=1785057524 offset=-1
TIME_STATS min=-2000ms max=1000ms avg=-90ms corrections=0
TIME_SYNCED utc=1785057532 offset=1785033574
SYNC_NOT_FOUND first4=010F8077
TIME_SYNCED utc=1785057542 offset=1785033574
SYNC_NOT_FOUND first4=D0DA8DE7
SYNC_NOT_FOUND first4=C1E4C05D
SYNC_LOST phase=55 consecutive=3 cached_off=0
TIME_SYNCED utc=1785057553 offset=1785033575
SYNC_NOT_FOUND first4=A5515822
TIME_SYNCED utc=1785057563 offset=1785033574
SYNC_NOT_FOUND first4=D498E14D
SYNC_NOT_FOUND first4=85A7A587
TIME_SYNCED utc=1785057574 offset=1785033575
SYNC_NOT_FOUND first4=0E691954
SYNC_NOT_FOUND first4=4C1290D9
SYNC_NOT_FOUND first4=6E4BB9AA
SYNC_NOT_FOUND first4=05A7A165
SYNC_NOT_FOUND first4=83A1D094
TIME_SYNCED utc=1785057584 offset=1785033574
TIME_STATS min=-2000ms max=1000ms avg=-90ms corrections=0
SYNC_NOT_FOUND first4=DD136C1B
SYNC_NOT_FOUND first4=DD136C1B
SYNC_NOT_FOUND first4=611E8133
SYNC_NOT_FOUND first4=42EDAE13
SYNC_NOT_FOUND first4=42EDAE13
SYNC_OFFSET phase=55 off=0 prev=-1
APP_CRC_FAIL exp=D0D0 got=C41B seq=0 syncOff=0
APP_CRC_FAIL exp=D0D0 got=C41B seq=1 syncOff=0
APP_CRC_FAIL exp=D0D0 got=C41B seq=2 syncOff=0
APP_CRC_FAIL exp=D0D0 got=C41B seq=3 syncOff=0
APP_CRC_FAIL exp=D0D0 got=C41B seq=4 syncOff=0
APP_CRC_FAIL exp=D0D0 got=C41B seq=5 syncOff=0
APP_CRC_FAIL exp=D0D0 got=C41B seq=6 syncOff=0
APP_CRC_FAIL exp=D0D0 got=C41B seq=7 syncOff=0
APP_CRC_FAIL exp=D0D0 got=C41B seq=8 syncOff=0
APP_CRC_FAIL exp=D0D0 got=C41B seq=9 syncOff=0
APP_CRC_FAIL exp=D0D0 got=C41B seq=10 syncOff=0
APP_CRC_FAIL exp=D0D0 got=C41B seq=11 syncOff=0
APP_CRC_FAIL exp=D0D0 got=C41B seq=12 syncOff=0
APP_CRC_FAIL exp=D0D0 got=C41B seq=13 syncOff=0
APP_CRC_FAIL exp=D0D0 got=C41B seq=14 syncOff=0
APP_CRC_FAIL exp=D0D0 got=C41B seq=15 syncOff=0
APP_CRC_FAIL exp=D0D0 got=C41B seq=16 syncOff=0
APP_CRC_FAIL exp=D0D0 got=C41B seq=17 syncOff=0
APP_CRC_FAIL exp=D0D0 got=C41B seq=18 syncOff=0
APP_CRC_FAIL exp=D0D0 got=C41B seq=19 syncOff=0
APP_CRC_FAIL exp=D0D0 got=C41B seq=20 syncOff=0
APP_CRC_FAIL exp=D0D0 got=C41B seq=21 syncOff=0
APP_CRC_FAIL exp=D0D0 got=C41B seq=22 syncOff=0
APP_CRC_FAIL exp=D0D0 got=C41B seq=23 syncOff=0
APP_CRC_FAIL exp=D0D0 got=C41B seq=24 syncOff=0
APP_CRC_FAIL exp=D0D0 got=C41B seq=25 syncOff=0
APP_CRC_FAIL exp=D0D0 got=C41B seq=26 syncOff=0
APP_CRC_FAIL exp=D0D0 got=C41B seq=27 syncOff=0
APP_CRC_FAIL exp=D0D0 got=C41B seq=28 syncOff=0
APP_CRC_FAIL exp=D0D0 got=C41B seq=29 syncOff=0
APP_CRC_FAIL exp=D0D0 got=C41B seq=30 syncOff=0
APP_CRC_FAIL exp=D0D0 got=C41B seq=31 syncOff=0
APP_CRC_FAIL exp=D0D0 got=C41B seq=32 syncOff=0
APP_CRC_FAIL exp=D0D0 got=C41B seq=33 syncOff=0
APP_CRC_FAIL exp=D0D0 got=C41B seq=34 syncOff=0
APP_CRC_FAIL exp=D0D0 got=C41B seq=35 syncOff=0
APP_CRC_FAIL exp=D0D0 got=C41B seq=36 syncOff=0
APP_CRC_FAIL exp=D0D0 got=C41B seq=37 syncOff=0
APP_CRC_FAIL exp=D0D0 got=C41B seq=38 syncOff=0
APP_CRC_FAIL exp=D0D0 got=C41B seq=39 syncOff=0
APP_CRC_FAIL exp=D0D0 got=C41B seq=40 syncOff=0
APP_CRC_FAIL exp=D0D0 got=C41B seq=41 syncOff=0
APP_CRC_FAIL exp=D0D0 got=C41B seq=42 syncOff=0
APP_CRC_FAIL exp=D0D0 got=C41B seq=43 syncOff=0
APP_CRC_FAIL exp=D0D0 got=C41B seq=44 syncOff=0
APP_CRC_FAIL exp=D0D0 got=C41B seq=45 syncOff=0
APP_CRC_FAIL exp=D0D0 got=C41B seq=46 syncOff=0
APP_CRC_FAIL exp=D0D0 got=C41B seq=47 syncOff=0
APP_CRC_FAIL exp=D0D0 got=C41B seq=48 syncOff=0
APP_CRC_FAIL exp=D0D0 got=C41B seq=49 syncOff=0
APP_CRC_FAIL exp=D0D0 got=C41B seq=50 syncOff=0
APP_CRC_FAIL exp=D0D0 got=C41B seq=51 syncOff=0
APP_CRC_FAIL exp=D0D0 got=C41B seq=52 syncOff=0
APP_CRC_FAIL exp=D0D0 got=C41B seq=53 syncOff=0
APP_CRC_FAIL exp=D0D0 got=C41B seq=54 syncOff=0
APP_CRC_FAIL exp=D0D0 got=C41B seq=55 syncOff=0
APP_CRC_FAIL exp=D0D0 got=C41B seq=56 syncOff=0
APP_CRC_FAIL exp=D0D0 got=C41B seq=57 syncOff=0
APP_CRC_FAIL exp=D0D0 got=C41B seq=58 syncOff=0
APP_CRC_FAIL exp=D0D0 got=C41B seq=59 syncOff=0
APP_CRC_FAIL exp=D0D0 got=C41B seq=60 syncOff=0
APP_CRC_FAIL exp=D0D0 got=C41B seq=61 syncOff=0
APP_CRC_FAIL exp=D0D0 got=C41B seq=62 syncOff=0
APP_CRC_FAIL exp=D0D0 got=C41B seq=63 syncOff=0
APP_CRC_FAIL exp=D0D0 got=C41B seq=64 syncOff=0
APP_CRC_FAIL exp=D0D0 got=C41B seq=65 syncOff=0
APP_CRC_FAIL exp=D0D0 got=C41B seq=66 syncOff=0
APP_CRC_FAIL exp=D0D0 got=C41B seq=67 syncOff=0
APP_CRC_FAIL exp=D0D0 got=C41B seq=68 syncOff=0
APP_CRC_FAIL exp=D0D0 got=C41B seq=69 syncOff=0
APP_CRC_FAIL exp=D0D0 got=C41B seq=70 syncOff=0
APP_CRC_FAIL exp=D0D0 got=C41B seq=71 syncOff=0
APP_CRC_FAIL exp=D0D0 got=C41B seq=72 syncOff=0
APP_CRC_FAIL exp=D0D0 got=C41B seq=73 syncOff=0
APP_CRC_FAIL exp=D0D0 got=C41B seq=74 syncOff=0
APP_CRC_FAIL exp=4040 got=473E seq=0 syncOff=0
APP_CRC_FAIL exp=4040 got=473E seq=1 syncOff=0
APP_CRC_FAIL exp=4040 got=473E seq=2 syncOff=0
APP_CRC_FAIL exp=4040 got=473E seq=3 syncOff=0
APP_CRC_FAIL exp=4040 got=473E seq=4 syncOff=0
APP_CRC_FAIL exp=4040 got=473E seq=5 syncOff=0
APP_CRC_FAIL exp=4040 got=473E seq=6 syncOff=0
APP_CRC_FAIL exp=4040 got=473E seq=7 syncOff=0
APP_CRC_FAIL exp=4040 got=473E seq=8 syncOff=0
APP_CRC_FAIL exp=4040 got=473E seq=9 syncOff=0
APP_CRC_FAIL exp=4040 got=473E seq=10 syncOff=0
APP_CRC_FAIL exp=4040 got=473E seq=11 syncOff=0
APP_CRC_FAIL exp=4040 got=473E seq=12 syncOff=0
APP_CRC_FAIL exp=4040 got=473E seq=13 syncOff=0
APP_CRC_FAIL exp=4040 got=473E seq=14 syncOff=0
APP_CRC_FAIL exp=4040 got=473E seq=15 syncOff=0
APP_CRC_FAIL exp=4040 got=473E seq=16 syncOff=0
APP_CRC_FAIL exp=4040 got=473E seq=17 syncOff=0
APP_CRC_FAIL exp=4040 got=473E seq=18 syncOff=0
APP_CRC_FAIL exp=4040 got=473E seq=19 syncOff=0
APP_CRC_FAIL exp=4040 got=473E seq=20 syncOff=0
APP_CRC_FAIL exp=4040 got=473E seq=21 syncOff=0
APP_CRC_FAIL exp=4040 got=473E seq=22 syncOff=0
APP_CRC_FAIL exp=4040 got=473E seq=23 syncOff=0
APP_CRC_FAIL exp=4040 got=473E seq=24 syncOff=0
APP_CRC_FAIL exp=4040 got=473E seq=25 syncOff=0
APP_CRC_FAIL exp=4040 got=473E seq=26 syncOff=0
APP_CRC_FAIL exp=4040 got=473E seq=27 syncOff=0
APP_CRC_FAIL exp=4040 got=473E seq=28 syncOff=0
APP_CRC_FAIL exp=4040 got=473E seq=29 syncOff=0
APP_CRC_FAIL exp=4040 got=473E seq=30 syncOff=0
APP_CRC_FAIL exp=4040 got=473E seq=31 syncOff=0
APP_CRC_FAIL exp=4040 got=473E seq=32 syncOff=0
APP_CRC_FAIL exp=4040 got=473E seq=33 syncOff=0
TIME_SYNCED utc=1785057594 offset=1785033574
APP_CRC_FAIL exp=4040 got=473E seq=34 syncOff=0
APP_CRC_FAIL exp=4040 got=473E seq=35 syncOff=0
APP_CRC_FAIL exp=4040 got=473E seq=36 syncOff=0
APP_CRC_FAIL exp=4040 got=473E seq=37 syncOff=0
APP_CRC_FAIL exp=4040 got=473E seq=38 syncOff=0
APP_CRC_FAIL exp=4040 got=473E seq=39 syncOff=0
APP_CRC_FAIL exp=4040 got=473E seq=40 syncOff=0
APP_CRC_FAIL exp=4040 got=473E seq=41 syncOff=0
APP_CRC_FAIL exp=4040 got=473E seq=42 syncOff=0
APP_CRC_FAIL exp=4040 got=473E seq=43 syncOff=0
APP_CRC_FAIL exp=4040 got=473E seq=44 syncOff=0
APP_CRC_FAIL exp=4040 got=473E seq=45 syncOff=0
APP_CRC_FAIL exp=4040 got=473E seq=46 syncOff=0
APP_CRC_FAIL exp=4040 got=473E seq=47 syncOff=0
APP_CRC_FAIL exp=4040 got=473E seq=48 syncOff=0
APP_CRC_FAIL exp=4040 got=473E seq=49 syncOff=0
APP_CRC_FAIL exp=4040 got=473E seq=50 syncOff=0
APP_CRC_FAIL exp=4040 got=473E seq=51 syncOff=0
APP_CRC_FAIL exp=4040 got=473E seq=52 syncOff=0
APP_CRC_FAIL exp=4040 got=473E seq=53 syncOff=0
APP_CRC_FAIL exp=4040 got=473E seq=54 syncOff=0
APP_CRC_FAIL exp=4040 got=473E seq=55 syncOff=0
APP_CRC_FAIL exp=4040 got=473E seq=56 syncOff=0
APP_CRC_FAIL exp=4040 got=473E seq=57 syncOff=0
APP_CRC_FAIL exp=4040 got=473E seq=58 syncOff=0
APP_CRC_FAIL exp=4040 got=473E seq=59 syncOff=0
APP_CRC_FAIL exp=4040 got=473E seq=60 syncOff=0
APP_CRC_FAIL exp=4040 got=473E seq=61 syncOff=0
APP_CRC_FAIL exp=4040 got=473E seq=62 syncOff=0
APP_CRC_FAIL exp=4040 got=473E seq=63 syncOff=0
APP_CRC_FAIL exp=4040 got=473E seq=64 syncOff=0
APP_CRC_FAIL exp=4040 got=473E seq=65 syncOff=0
APP_CRC_FAIL exp=4040 got=473E seq=66 syncOff=0
APP_CRC_FAIL exp=4040 got=473E seq=67 syncOff=0
APP_CRC_FAIL exp=4040 got=473E seq=68 syncOff=0
APP_CRC_FAIL exp=4040 got=473E seq=69 syncOff=0
APP_CRC_FAIL exp=4040 got=473E seq=70 syncOff=0
APP_CRC_FAIL exp=4040 got=473E seq=71 syncOff=0
APP_CRC_FAIL exp=4040 got=473E seq=72 syncOff=0
SYNC_NOT_FOUND first4=0AD2D596
APP_CRC_FAIL exp=4040 got=473E seq=73 syncOff=0
APP_CRC_FAIL exp=4040 got=473E seq=74 syncOff=0
APP_CRC_FAIL exp=9595 got=13EF seq=0 syncOff=0
APP_CRC_FAIL exp=9595 got=13EF seq=1 syncOff=0
APP_CRC_FAIL exp=9595 got=13EF seq=2 syncOff=0
APP_CRC_FAIL exp=9595 got=13EF seq=3 syncOff=0
APP_CRC_FAIL exp=9595 got=13EF seq=4 syncOff=0
APP_CRC_FAIL exp=9595 got=13EF seq=5 syncOff=0
APP_CRC_FAIL exp=9595 got=13EF seq=6 syncOff=0
APP_CRC_FAIL exp=9595 got=13EF seq=7 syncOff=0
APP_CRC_FAIL exp=9595 got=13EF seq=8 syncOff=0
APP_CRC_FAIL exp=9595 got=13EF seq=9 syncOff=0
APP_CRC_FAIL exp=9595 got=13EF seq=10 syncOff=0
APP_CRC_FAIL exp=9595 got=13EF seq=11 syncOff=0
APP_CRC_FAIL exp=9595 got=13EF seq=12 syncOff=0
APP_CRC_FAIL exp=9595 got=13EF seq=13 syncOff=0
APP_CRC_FAIL exp=9595 got=13EF seq=14 syncOff=0
APP_CRC_FAIL exp=9595 got=13EF seq=15 syncOff=0
APP_CRC_FAIL exp=9595 got=13EF seq=16 syncOff=0
APP_CRC_FAIL exp=9595 got=13EF seq=17 syncOff=0
APP_CRC_FAIL exp=9595 got=13EF seq=18 syncOff=0
APP_CRC_FAIL exp=9595 got=13EF seq=19 syncOff=0
APP_CRC_FAIL exp=9595 got=13EF seq=20 syncOff=0
APP_CRC_FAIL exp=9595 got=13EF seq=21 syncOff=0
APP_CRC_FAIL exp=9595 got=13EF seq=22 syncOff=0
APP_CRC_FAIL exp=9595 got=13EF seq=23 syncOff=0
APP_CRC_FAIL exp=9595 got=13EF seq=24 syncOff=0
APP_CRC_FAIL exp=9595 got=13EF seq=25 syncOff=0
APP_CRC_FAIL exp=9595 got=13EF seq=26 syncOff=0
APP_CRC_FAIL exp=9595 got=13EF seq=27 syncOff=0
APP_CRC_FAIL exp=9595 got=13EF seq=28 syncOff=0
APP_CRC_FAIL exp=9595 got=13EF seq=29 syncOff=0
APP_CRC_FAIL exp=9595 got=13EF seq=30 syncOff=0
APP_CRC_FAIL exp=9595 got=13EF seq=31 syncOff=0
APP_CRC_FAIL exp=9595 got=13EF seq=32 syncOff=0
APP_CRC_FAIL exp=9595 got=13EF seq=33 syncOff=0
APP_CRC_FAIL exp=9595 got=13EF seq=34 syncOff=0
APP_CRC_FAIL exp=9595 got=13EF seq=35 syncOff=0
APP_CRC_FAIL exp=9595 got=13EF seq=36 syncOff=0
APP_CRC_FAIL exp=9595 got=13EF seq=37 syncOff=0
APP_CRC_FAIL exp=9595 got=13EF seq=38 syncOff=0
APP_CRC_FAIL exp=9595 got=13EF seq=39 syncOff=0
APP_CRC_FAIL exp=9595 got=13EF seq=40 syncOff=0
APP_CRC_FAIL exp=9595 got=13EF seq=41 syncOff=0
APP_CRC_FAIL exp=9595 got=13EF seq=42 syncOff=0
APP_CRC_FAIL exp=9595 got=13EF seq=43 syncOff=0
APP_CRC_FAIL exp=9595 got=13EF seq=44 syncOff=0
APP_CRC_FAIL exp=9595 got=13EF seq=45 syncOff=0
APP_CRC_FAIL exp=9595 got=13EF seq=46 syncOff=0
APP_CRC_FAIL exp=9595 got=13EF seq=47 syncOff=0
APP_CRC_FAIL exp=9595 got=13EF seq=48 syncOff=0
APP_CRC_FAIL exp=9595 got=13EF seq=49 syncOff=0
APP_CRC_FAIL exp=9595 got=13EF seq=50 syncOff=0
APP_CRC_FAIL exp=9595 got=13EF seq=51 syncOff=0
APP_CRC_FAIL exp=9595 got=13EF seq=52 syncOff=0
APP_CRC_FAIL exp=9595 got=13EF seq=53 syncOff=0
APP_CRC_FAIL exp=9595 got=13EF seq=54 syncOff=0
APP_CRC_FAIL exp=9595 got=13EF seq=55 syncOff=0
APP_CRC_FAIL exp=9595 got=13EF seq=56 syncOff=0
APP_CRC_FAIL exp=9595 got=13EF seq=57 syncOff=0
APP_CRC_FAIL exp=9595 got=13EF seq=58 syncOff=0
APP_CRC_FAIL exp=9595 got=13EF seq=59 syncOff=0
APP_CRC_FAIL exp=9595 got=13EF seq=60 syncOff=0
APP_CRC_FAIL exp=9595 got=13EF seq=61 syncOff=0
APP_CRC_FAIL exp=9595 got=13EF seq=62 syncOff=0
APP_CRC_FAIL exp=9595 got=13EF seq=63 syncOff=0
APP_CRC_FAIL exp=9595 got=13EF seq=64 syncOff=0
APP_CRC_FAIL exp=9595 got=13EF seq=65 syncOff=0
SYNC_NOT_FOUND first4=8D531C84
APP_CRC_FAIL exp=9595 got=13EF seq=67 syncOff=0
APP_CRC_FAIL exp=9595 got=13EF seq=68 syncOff=0
APP_CRC_FAIL exp=9595 got=13EF seq=69 syncOff=0
APP_CRC_FAIL exp=9595 got=13EF seq=70 syncOff=0
APP_CRC_FAIL exp=9595 got=13EF seq=71 syncOff=0
APP_CRC_FAIL exp=9595 got=13EF seq=72 syncOff=0
APP_CRC_FAIL exp=9595 got=13EF seq=73 syncOff=0
APP_CRC_FAIL exp=9595 got=13EF seq=74 syncOff=0
TIME_DIFF gps_utc=1785057598 laptop_utc=1785057597 offset=1
TIME_DIFF gps_utc=1785057598 laptop_utc=1785057597 offset=1
TIME_DIFF gps_utc=1785057598 laptop_utc=1785057597 offset=1
TIME_DIFF gps_utc=1785057598 laptop_utc=1785057597 offset=1
TIME_DIFF gps_utc=1785057598 laptop_utc=1785057597 offset=1
TIME_DIFF gps_utc=1785057598 laptop_utc=1785057597 offset=1
TIME_DIFF gps_utc=1785057598 laptop_utc=1785057597 offset=1
TIME_DIFF gps_utc=1785057598 laptop_utc=1785057597 offset=1
TIME_DIFF gps_utc=1785057598 laptop_utc=1785057597 offset=1
TIME_DIFF gps_utc=1785057598 laptop_utc=1785057597 offset=1
TIME_DIFF gps_utc=1785057598 laptop_utc=1785057598 offset=0
TIME_DIFF gps_utc=1785057598 laptop_utc=1785057598 offset=0
TIME_DIFF gps_utc=1785057598 laptop_utc=1785057598 offset=0
TIME_DIFF gps_utc=1785057598 laptop_utc=1785057598 offset=0
TIME_DIFF gps_utc=1785057598 laptop_utc=1785057598 offset=0
TIME_DIFF gps_utc=1785057598 laptop_utc=1785057598 offset=0
TIME_DIFF gps_utc=1785057598 laptop_utc=1785057598 offset=0
TIME_DIFF gps_utc=1785057598 laptop_utc=1785057598 offset=0
TIME_DIFF gps_utc=1785057598 laptop_utc=1785057598 offset=0
TIME_DIFF gps_utc=1785057598 laptop_utc=1785057598 offset=0
TIME_DIFF gps_utc=1785057598 laptop_utc=1785057598 offset=0
TIME_DIFF gps_utc=1785057598 laptop_utc=1785057598 offset=0
TIME_DIFF gps_utc=1785057598 laptop_utc=1785057598 offset=0
TIME_DIFF gps_utc=1785057598 laptop_utc=1785057598 offset=0
TIME_DIFF gps_utc=1785057598 laptop_utc=1785057598 offset=0
TIME_DIFF gps_utc=1785057598 laptop_utc=1785057598 offset=0
TIME_DIFF gps_utc=1785057598 laptop_utc=1785057598 offset=0
TIME_DIFF gps_utc=1785057598 laptop_utc=1785057598 offset=0
TIME_DIFF gps_utc=1785057598 laptop_utc=1785057598 offset=0
TIME_DIFF gps_utc=1785057598 laptop_utc=1785057598 offset=0
TIME_DIFF gps_utc=1785057598 laptop_utc=1785057598 offset=0
TIME_DIFF gps_utc=1785057598 laptop_utc=1785057598 offset=0
TIME_DIFF gps_utc=1785057598 laptop_utc=1785057598 offset=0
TIME_DIFF gps_utc=1785057598 laptop_utc=1785057598 offset=0
TIME_DIFF gps_utc=1785057598 laptop_utc=1785057598 offset=0
TIME_DIFF gps_utc=1785057598 laptop_utc=1785057598 offset=0
TIME_DIFF gps_utc=1785057598 laptop_utc=1785057598 offset=0
TIME_DIFF gps_utc=1785057598 laptop_utc=1785057598 offset=0
TIME_DIFF gps_utc=1785057598 laptop_utc=1785057598 offset=0
TIME_DIFF gps_utc=1785057598 laptop_utc=1785057598 offset=0
TIME_DIFF gps_utc=1785057598 laptop_utc=1785057598 offset=0
TIME_DIFF gps_utc=1785057598 laptop_utc=1785057598 offset=0
TIME_DIFF gps_utc=1785057598 laptop_utc=1785057598 offset=0
TIME_DIFF gps_utc=1785057598 laptop_utc=1785057598 offset=0
TIME_DIFF gps_utc=1785057598 laptop_utc=1785057598 offset=0
TIME_DIFF gps_utc=1785057598 laptop_utc=1785057598 offset=0
TIME_DIFF gps_utc=1785057598 laptop_utc=1785057598 offset=0
TIME_DIFF gps_utc=1785057598 laptop_utc=1785057598 offset=0
TIME_DIFF gps_utc=1785057598 laptop_utc=1785057598 offset=0
TIME_DIFF gps_utc=1785057598 laptop_utc=1785057598 offset=0
TIME_DIFF gps_utc=1785057599 laptop_utc=1785057598 offset=1
TIME_DIFF gps_utc=1785057599 laptop_utc=1785057598 offset=1
TIME_DIFF gps_utc=1785057599 laptop_utc=1785057598 offset=1
SYNC_NOT_FOUND first4=C9AA9573
TIME_DIFF gps_utc=1785057599 laptop_utc=1785057598 offset=1
TIME_DIFF gps_utc=1785057599 laptop_utc=1785057598 offset=1
TIME_DIFF gps_utc=1785057599 laptop_utc=1785057598 offset=1
TIME_DIFF gps_utc=1785057599 laptop_utc=1785057598 offset=1
TIME_DIFF gps_utc=1785057599 laptop_utc=1785057598 offset=1
TIME_DIFF gps_utc=1785057599 laptop_utc=1785057598 offset=1
TIME_DIFF gps_utc=1785057599 laptop_utc=1785057598 offset=1
TIME_DIFF gps_utc=1785057599 laptop_utc=1785057598 offset=1
TIME_DIFF gps_utc=1785057599 laptop_utc=1785057599 offset=0
TIME_DIFF gps_utc=1785057599 laptop_utc=1785057599 offset=0
TIME_DIFF gps_utc=1785057599 laptop_utc=1785057599 offset=0
TIME_DIFF gps_utc=1785057599 laptop_utc=1785057599 offset=0
SYNC_NOT_FOUND first4=74D2517F
TIME_DIFF gps_utc=1785057599 laptop_utc=1785057599 offset=0
TIME_DIFF gps_utc=1785057599 laptop_utc=1785057599 offset=0
TIME_DIFF gps_utc=1785057599 laptop_utc=1785057599 offset=0
TIME_DIFF gps_utc=1785057599 laptop_utc=1785057599 offset=0
TIME_DIFF gps_utc=1785057599 laptop_utc=1785057599 offset=0
TIME_DIFF gps_utc=1785057599 laptop_utc=1785057599 offset=0
TIME_DIFF gps_utc=1785057599 laptop_utc=1785057599 offset=0
TIME_DIFF gps_utc=1785057599 laptop_utc=1785057599 offset=0
TIME_DIFF gps_utc=1785057599 laptop_utc=1785057599 offset=0
TIME_DIFF gps_utc=1785057599 laptop_utc=1785057599 offset=0
SYNC_NOT_FOUND first4=9D6ACFE6
SYNC_NOT_FOUND first4=6897C0A1
SYNC_NOT_FOUND first4=61177741
SYNC_LOST phase=55 consecutive=3 cached_off=0
SYNC_NOT_FOUND first4=69F4CA47
SYNC_NOT_FOUND first4=0180DD66
SYNC_NOT_FOUND first4=246B7C0A
TIME_SYNCED utc=1785057605 offset=1785033574
SYNC_NOT_FOUND first4=D62F5E82
SYNC_NOT_FOUND first4=943299FC
SYNC_NOT_FOUND first4=241A2CB8
SYNC_NOT_FOUND first4=99952BE6
SYNC_NOT_FOUND first4=D99A5EAF
SYNC_NOT_FOUND first4=D0457A7A
SYNC_NOT_FOUND first4=7286FED5
SYNC_NOT_FOUND first4=A254FD00
SYNC_NOT_FOUND first4=9E199A7A
SYNC_NOT_FOUND first4=757E15E9
SYNC_NOT_FOUND first4=204287A8
SYNC_NOT_FOUND first4=19987E80
SYNC_NOT_FOUND first4=5611FC02
SYNC_NOT_FOUND first4=02A41A66
SYNC_NOT_FOUND first4=D1D6D21A
SYNC_NOT_FOUND first4=6A3EA30F
SYNC_NOT_FOUND first4=B34005FD
SYNC_NOT_FOUND first4=0AD8B681
SYNC_NOT_FOUND first4=7A599868
SYNC_NOT_FOUND first4=96665A5F
SYNC_NOT_FOUND first4=6D43DD4F
SYNC_NOT_FOUND first4=6199A5AA
SYNC_NOT_FOUND first4=5E66597A
TIME_SYNCED utc=1785057616 offset=1785033575
SYNC_NOT_FOUND first4=FE974E00
SYNC_NOT_FOUND first4=787999E9
SYNC_NOT_FOUND first4=6765A144
SYNC_NOT_FOUND first4=F9666585
SYNC_NOT_FOUND first4=56661A15
TIME_SYNCED utc=1785057626 offset=1785033574
SYNC_NOT_FOUND first4=E849D1ED
SYNC_NOT_FOUND first4=6665941A
SYNC_NOT_FOUND first4=04AD13FA
SYNC_NOT_FOUND first4=1BC21C1B
SYNC_NOT_FOUND first4=F44DDD52
SYNC_NOT_FOUND first4=D90700E0
SYNC_NOT_FOUND first4=D2978F72
TIME_SYNCED utc=1785057636 offset=1785033574
SYNC_NOT_FOUND first4=E5CE021A
TIME_STATS min=-2000ms max=1000ms avg=-90ms corrections=0
TIME_SYNCED utc=1785057646 offset=1785033574
SYNC_NOT_FOUND first4=4A44BD2C
SYNC_NOT_FOUND first4=34F97CB3
SYNC_NOT_FOUND first4=765F8962
SYNC_NOT_FOUND first4=86026A6B
SYNC_NOT_FOUND first4=8941F8AF
TIME_SYNCED utc=1785057657 offset=1785033575
SYNC_NOT_FOUND first4=EC0FE97C
SYNC_NOT_FOUND first4=6883CE3B
SYNC_NOT_FOUND first4=B4192895
SYNC_NOT_FOUND first4=45A5A5A5
SYNC_NOT_FOUND first4=4B76A15F
SYNC_NOT_FOUND first4=021F7B63
SYNC_NOT_FOUND first4=42EDAE1A
SYNC_NOT_FOUND first4=56A691E4
SYNC_OFFSET phase=55 off=0 prev=-1
APP_CRC_FAIL exp=C0C0 got=A4FE seq=0 syncOff=0
APP_CRC_FAIL exp=C0C0 got=A4FE seq=1 syncOff=0
APP_CRC_FAIL exp=C0C0 got=A4FE seq=2 syncOff=0
APP_CRC_FAIL exp=C0C0 got=A4FE seq=3 syncOff=0
APP_CRC_FAIL exp=C0C0 got=A4FE seq=4 syncOff=0
APP_CRC_FAIL exp=C0C0 got=A4FE seq=5 syncOff=0
APP_CRC_FAIL exp=C0C0 got=A4FE seq=6 syncOff=0
APP_CRC_FAIL exp=C0C0 got=A4FE seq=7 syncOff=0
APP_CRC_FAIL exp=C0C0 got=A4FE seq=8 syncOff=0
APP_CRC_FAIL exp=C0C0 got=A4FE seq=9 syncOff=0
APP_CRC_FAIL exp=C0C0 got=A4FE seq=10 syncOff=0
APP_CRC_FAIL exp=C0C0 got=A4FE seq=11 syncOff=0
APP_CRC_FAIL exp=C0C0 got=A4FE seq=12 syncOff=0
APP_CRC_FAIL exp=C0C0 got=A4FE seq=13 syncOff=0
APP_CRC_FAIL exp=C0C0 got=A4FE seq=14 syncOff=0
APP_CRC_FAIL exp=C0C0 got=A4FE seq=15 syncOff=0
APP_CRC_FAIL exp=C0C0 got=A4FE seq=16 syncOff=0
APP_CRC_FAIL exp=C0C0 got=A4FE seq=17 syncOff=0
APP_CRC_FAIL exp=C0C0 got=A4FE seq=18 syncOff=0
APP_CRC_FAIL exp=C0C0 got=A4FE seq=19 syncOff=0
APP_CRC_FAIL exp=C0C0 got=A4FE seq=20 syncOff=0
APP_CRC_FAIL exp=C0C0 got=A4FE seq=21 syncOff=0
APP_CRC_FAIL exp=C0C0 got=A4FE seq=22 syncOff=0
APP_CRC_FAIL exp=C0C0 got=A4FE seq=23 syncOff=0
APP_CRC_FAIL exp=C0C0 got=A4FE seq=24 syncOff=0
APP_CRC_FAIL exp=C0C0 got=A4FE seq=25 syncOff=0
APP_CRC_FAIL exp=C0C0 got=A4FE seq=26 syncOff=0
APP_CRC_FAIL exp=C0C0 got=A4FE seq=27 syncOff=0
APP_CRC_FAIL exp=C0C0 got=A4FE seq=28 syncOff=0
APP_CRC_FAIL exp=C0C0 got=A4FE seq=29 syncOff=0
APP_CRC_FAIL exp=C0C0 got=A4FE seq=30 syncOff=0
APP_CRC_FAIL exp=C0C0 got=A4FE seq=31 syncOff=0
APP_CRC_FAIL exp=C0C0 got=A4FE seq=32 syncOff=0
APP_CRC_FAIL exp=C0C0 got=A4FE seq=33 syncOff=0
APP_CRC_FAIL exp=C0C0 got=A4FE seq=34 syncOff=0
SYNC_NOT_FOUND first4=560B9ECD
APP_CRC_FAIL exp=C0C0 got=A4FE seq=35 syncOff=0
APP_CRC_FAIL exp=C0C0 got=A4FE seq=36 syncOff=0
APP_CRC_FAIL exp=C0C0 got=A4FE seq=37 syncOff=0
APP_CRC_FAIL exp=C0C0 got=A4FE seq=38 syncOff=0
SYNC_NOT_FOUND first4=46BD0A5C
APP_CRC_FAIL exp=C0C0 got=A4FE seq=39 syncOff=0
APP_CRC_FAIL exp=C0C0 got=A4FE seq=40 syncOff=0
APP_CRC_FAIL exp=C0C0 got=A4FE seq=41 syncOff=0
APP_CRC_FAIL exp=C0C0 got=A4FE seq=42 syncOff=0
APP_CRC_FAIL exp=C0C0 got=A4FE seq=43 syncOff=0
APP_CRC_FAIL exp=C0C0 got=A4FE seq=44 syncOff=0
APP_CRC_FAIL exp=C0C0 got=A4FE seq=45 syncOff=0
APP_CRC_FAIL exp=C0C0 got=A4FE seq=46 syncOff=0
APP_CRC_FAIL exp=C0C0 got=A4FE seq=47 syncOff=0
APP_CRC_FAIL exp=C0C0 got=A4FE seq=48 syncOff=0
APP_CRC_FAIL exp=C0C0 got=A4FE seq=49 syncOff=0
APP_CRC_FAIL exp=C0C0 got=A4FE seq=50 syncOff=0
SYNC_NOT_FOUND first4=3F9C33DE
APP_CRC_FAIL exp=C0C0 got=A4FE seq=51 syncOff=0
APP_CRC_FAIL exp=C0C0 got=A4FE seq=52 syncOff=0
APP_CRC_FAIL exp=C0C0 got=A4FE seq=53 syncOff=0
APP_CRC_FAIL exp=C0C0 got=A4FE seq=54 syncOff=0
APP_CRC_FAIL exp=C0C0 got=A4FE seq=55 syncOff=0
APP_CRC_FAIL exp=C0C0 got=A4FE seq=56 syncOff=0
APP_CRC_FAIL exp=C0C0 got=A4FE seq=57 syncOff=0
APP_CRC_FAIL exp=C0C0 got=A4FE seq=58 syncOff=0
APP_CRC_FAIL exp=C0C0 got=A4FE seq=59 syncOff=0
TIME_SYNCED utc=1785057667 offset=1785033575
APP_CRC_FAIL exp=C0C0 got=A4FE seq=60 syncOff=0
APP_CRC_FAIL exp=C0C0 got=A4FE seq=61 syncOff=0
APP_CRC_FAIL exp=C0C0 got=A4FE seq=62 syncOff=0
APP_CRC_FAIL exp=C0C0 got=A4FE seq=63 syncOff=0
APP_CRC_FAIL exp=C0C0 got=A4FE seq=64 syncOff=0
APP_CRC_FAIL exp=C0C0 got=A4FE seq=65 syncOff=0
APP_CRC_FAIL exp=C0C0 got=A4FE seq=66 syncOff=0
APP_CRC_FAIL exp=C0C0 got=A4FE seq=67 syncOff=0
APP_CRC_FAIL exp=C0C0 got=A4FE seq=68 syncOff=0
APP_CRC_FAIL exp=C0C0 got=A4FE seq=69 syncOff=0
APP_CRC_FAIL exp=C0C0 got=A4FE seq=70 syncOff=0
APP_CRC_FAIL exp=C0C0 got=A4FE seq=71 syncOff=0
APP_CRC_FAIL exp=C0C0 got=A4FE seq=72 syncOff=0
APP_CRC_FAIL exp=C0C0 got=A4FE seq=73 syncOff=0
APP_CRC_FAIL exp=C0C0 got=A4FE seq=74 syncOff=0
SYNC_NOT_FOUND first4=5CA135CA
APP_CRC_FAIL exp=4242 got=BA19 seq=0 syncOff=0
APP_CRC_FAIL exp=4242 got=BA19 seq=1 syncOff=0
APP_CRC_FAIL exp=4242 got=BA19 seq=2 syncOff=0
APP_CRC_FAIL exp=4242 got=BA19 seq=3 syncOff=0
APP_CRC_FAIL exp=4242 got=BA19 seq=4 syncOff=0
APP_CRC_FAIL exp=4242 got=BA19 seq=5 syncOff=0
APP_CRC_FAIL exp=4242 got=BA19 seq=6 syncOff=0
APP_CRC_FAIL exp=4242 got=BA19 seq=7 syncOff=0
APP_CRC_FAIL exp=4242 got=BA19 seq=8 syncOff=0
APP_CRC_FAIL exp=4242 got=BA19 seq=9 syncOff=0
APP_CRC_FAIL exp=4242 got=BA19 seq=10 syncOff=0
APP_CRC_FAIL exp=4242 got=BA19 seq=11 syncOff=0
APP_CRC_FAIL exp=4242 got=BA19 seq=12 syncOff=0
APP_CRC_FAIL exp=4242 got=BA19 seq=13 syncOff=0
APP_CRC_FAIL exp=4242 got=BA19 seq=14 syncOff=0
APP_CRC_FAIL exp=4242 got=BA19 seq=15 syncOff=0
APP_CRC_FAIL exp=4242 got=BA19 seq=16 syncOff=0
APP_CRC_FAIL exp=4242 got=BA19 seq=17 syncOff=0
APP_CRC_FAIL exp=4242 got=BA19 seq=18 syncOff=0
APP_CRC_FAIL exp=4242 got=BA19 seq=19 syncOff=0
APP_CRC_FAIL exp=4242 got=BA19 seq=20 syncOff=0
APP_CRC_FAIL exp=4242 got=BA19 seq=21 syncOff=0
APP_CRC_FAIL exp=4242 got=BA19 seq=22 syncOff=0
APP_CRC_FAIL exp=4242 got=BA19 seq=23 syncOff=0
APP_CRC_FAIL exp=4242 got=BA19 seq=24 syncOff=0
APP_CRC_FAIL exp=4242 got=BA19 seq=25 syncOff=0
APP_CRC_FAIL exp=4242 got=BA19 seq=26 syncOff=0
APP_CRC_FAIL exp=4242 got=BA19 seq=27 syncOff=0
APP_CRC_FAIL exp=4242 got=BA19 seq=28 syncOff=0
APP_CRC_FAIL exp=4242 got=BA19 seq=29 syncOff=0
APP_CRC_FAIL exp=4242 got=BA19 seq=30 syncOff=0
APP_CRC_FAIL exp=4242 got=BA19 seq=31 syncOff=0
APP_CRC_FAIL exp=4242 got=BA19 seq=32 syncOff=0
APP_CRC_FAIL exp=4242 got=BA19 seq=33 syncOff=0
APP_CRC_FAIL exp=4242 got=BA19 seq=34 syncOff=0
APP_CRC_FAIL exp=4242 got=BA19 seq=35 syncOff=0
APP_CRC_FAIL exp=4242 got=BA19 seq=36 syncOff=0
APP_CRC_FAIL exp=4242 got=BA19 seq=37 syncOff=0
APP_CRC_FAIL exp=4242 got=BA19 seq=38 syncOff=0
APP_CRC_FAIL exp=4242 got=BA19 seq=39 syncOff=0
APP_CRC_FAIL exp=4242 got=BA19 seq=40 syncOff=0
APP_CRC_FAIL exp=4242 got=BA19 seq=41 syncOff=0
APP_CRC_FAIL exp=4242 got=BA19 seq=42 syncOff=0
APP_CRC_FAIL exp=4242 got=BA19 seq=43 syncOff=0
APP_CRC_FAIL exp=4242 got=BA19 seq=44 syncOff=0
APP_CRC_FAIL exp=4242 got=BA19 seq=45 syncOff=0
APP_CRC_FAIL exp=4242 got=BA19 seq=46 syncOff=0
SYNC_NOT_FOUND first4=7800ABA1
APP_CRC_FAIL exp=4242 got=BA19 seq=47 syncOff=0
APP_CRC_FAIL exp=4242 got=BA19 seq=48 syncOff=0
APP_CRC_FAIL exp=4242 got=BA19 seq=49 syncOff=0
APP_CRC_FAIL exp=4242 got=BA19 seq=50 syncOff=0
APP_CRC_FAIL exp=4242 got=BA19 seq=51 syncOff=0
APP_CRC_FAIL exp=4242 got=BA19 seq=52 syncOff=0
APP_CRC_FAIL exp=4242 got=BA19 seq=53 syncOff=0
APP_CRC_FAIL exp=4242 got=BA19 seq=54 syncOff=0
APP_CRC_FAIL exp=4242 got=BA19 seq=55 syncOff=0
APP_CRC_FAIL exp=4242 got=BA19 seq=56 syncOff=0
APP_CRC_FAIL exp=4242 got=BA19 seq=57 syncOff=0
APP_CRC_FAIL exp=4242 got=BA19 seq=58 syncOff=0
APP_CRC_FAIL exp=4242 got=BA19 seq=59 syncOff=0
APP_CRC_FAIL exp=4242 got=BA19 seq=60 syncOff=0
APP_CRC_FAIL exp=4242 got=BA19 seq=61 syncOff=0
APP_CRC_FAIL exp=4242 got=BA19 seq=62 syncOff=0
APP_CRC_FAIL exp=4242 got=BA19 seq=63 syncOff=0
APP_CRC_FAIL exp=4242 got=BA19 seq=64 syncOff=0
APP_CRC_FAIL exp=4242 got=BA19 seq=65 syncOff=0
APP_CRC_FAIL exp=4242 got=BA19 seq=66 syncOff=0
APP_CRC_FAIL exp=4242 got=BA19 seq=67 syncOff=0
APP_CRC_FAIL exp=4242 got=BA19 seq=68 syncOff=0
APP_CRC_FAIL exp=4242 got=BA19 seq=69 syncOff=0
SYNC_NOT_FOUND first4=A4E8D366
APP_CRC_FAIL exp=4242 got=BA19 seq=70 syncOff=0
APP_CRC_FAIL exp=4242 got=BA19 seq=71 syncOff=0
APP_CRC_FAIL exp=4242 got=BA19 seq=72 syncOff=0
APP_CRC_FAIL exp=4242 got=BA19 seq=73 syncOff=0
APP_CRC_FAIL exp=4242 got=BA19 seq=74 syncOff=0
APP_CRC_FAIL exp=9595 got=13EF seq=0 syncOff=0
APP_CRC_FAIL exp=9595 got=13EF seq=1 syncOff=0
APP_CRC_FAIL exp=9595 got=13EF seq=2 syncOff=0
APP_CRC_FAIL exp=9595 got=13EF seq=3 syncOff=0
APP_CRC_FAIL exp=9595 got=13EF seq=4 syncOff=0
APP_CRC_FAIL exp=9595 got=13EF seq=5 syncOff=0
APP_CRC_FAIL exp=9595 got=13EF seq=6 syncOff=0
APP_CRC_FAIL exp=9595 got=13EF seq=7 syncOff=0
APP_CRC_FAIL exp=9595 got=13EF seq=8 syncOff=0
APP_CRC_FAIL exp=9595 got=13EF seq=9 syncOff=0
APP_CRC_FAIL exp=9595 got=13EF seq=10 syncOff=0
APP_CRC_FAIL exp=9595 got=13EF seq=11 syncOff=0
APP_CRC_FAIL exp=9595 got=13EF seq=12 syncOff=0
APP_CRC_FAIL exp=9595 got=13EF seq=13 syncOff=0
APP_CRC_FAIL exp=9595 got=13EF seq=14 syncOff=0
APP_CRC_FAIL exp=9595 got=13EF seq=15 syncOff=0
APP_CRC_FAIL exp=9595 got=13EF seq=16 syncOff=0
APP_CRC_FAIL exp=9595 got=13EF seq=17 syncOff=0
APP_CRC_FAIL exp=9595 got=13EF seq=18 syncOff=0
APP_CRC_FAIL exp=9595 got=13EF seq=19 syncOff=0
APP_CRC_FAIL exp=9595 got=13EF seq=20 syncOff=0
APP_CRC_FAIL exp=9595 got=13EF seq=21 syncOff=0
APP_CRC_FAIL exp=9595 got=13EF seq=22 syncOff=0
APP_CRC_FAIL exp=9595 got=13EF seq=23 syncOff=0
APP_CRC_FAIL exp=9595 got=13EF seq=24 syncOff=0
APP_CRC_FAIL exp=9595 got=13EF seq=25 syncOff=0
APP_CRC_FAIL exp=9595 got=13EF seq=26 syncOff=0
APP_CRC_FAIL exp=9595 got=13EF seq=27 syncOff=0
APP_CRC_FAIL exp=9595 got=13EF seq=28 syncOff=0
APP_CRC_FAIL exp=9595 got=13EF seq=29 syncOff=0
APP_CRC_FAIL exp=9595 got=13EF seq=30 syncOff=0
APP_CRC_FAIL exp=9595 got=13EF seq=31 syncOff=0
APP_CRC_FAIL exp=9595 got=13EF seq=32 syncOff=0
APP_CRC_FAIL exp=9595 got=13EF seq=33 syncOff=0
APP_CRC_FAIL exp=9595 got=13EF seq=34 syncOff=0
APP_CRC_FAIL exp=9595 got=13EF seq=35 syncOff=0
APP_CRC_FAIL exp=9595 got=13EF seq=36 syncOff=0
APP_CRC_FAIL exp=9595 got=13EF seq=37 syncOff=0
APP_CRC_FAIL exp=9595 got=13EF seq=38 syncOff=0
APP_CRC_FAIL exp=9595 got=13EF seq=39 syncOff=0
APP_CRC_FAIL exp=9595 got=13EF seq=40 syncOff=0
SYNC_NOT_FOUND first4=4F858C0B
APP_CRC_FAIL exp=9595 got=13EF seq=41 syncOff=0
APP_CRC_FAIL exp=9595 got=13EF seq=42 syncOff=0
APP_CRC_FAIL exp=9595 got=13EF seq=43 syncOff=0
APP_CRC_FAIL exp=9595 got=13EF seq=44 syncOff=0
APP_CRC_FAIL exp=9595 got=13EF seq=45 syncOff=0
APP_CRC_FAIL exp=9595 got=13EF seq=46 syncOff=0
APP_CRC_FAIL exp=9595 got=13EF seq=47 syncOff=0
APP_CRC_FAIL exp=9595 got=13EF seq=48 syncOff=0
APP_CRC_FAIL exp=9595 got=13EF seq=49 syncOff=0
APP_CRC_FAIL exp=9595 got=13EF seq=50 syncOff=0
APP_CRC_FAIL exp=9595 got=13EF seq=51 syncOff=0
APP_CRC_FAIL exp=9595 got=13EF seq=52 syncOff=0
APP_CRC_FAIL exp=9595 got=13EF seq=53 syncOff=0
APP_CRC_FAIL exp=9595 got=13EF seq=54 syncOff=0
APP_CRC_FAIL exp=9595 got=13EF seq=55 syncOff=0
APP_CRC_FAIL exp=9595 got=13EF seq=56 syncOff=0
APP_CRC_FAIL exp=9595 got=13EF seq=57 syncOff=0
APP_CRC_FAIL exp=9595 got=13EF seq=58 syncOff=0
APP_CRC_FAIL exp=9595 got=13EF seq=59 syncOff=0
APP_CRC_FAIL exp=9595 got=13EF seq=60 syncOff=0
APP_CRC_FAIL exp=9595 got=13EF seq=61 syncOff=0
APP_CRC_FAIL exp=9595 got=13EF seq=62 syncOff=0
APP_CRC_FAIL exp=9595 got=13EF seq=63 syncOff=0
APP_CRC_FAIL exp=9595 got=13EF seq=64 syncOff=0
APP_CRC_FAIL exp=9595 got=13EF seq=65 syncOff=0
APP_CRC_FAIL exp=9595 got=13EF seq=66 syncOff=0
APP_CRC_FAIL exp=9595 got=13EF seq=67 syncOff=0
APP_CRC_FAIL exp=9595 got=13EF seq=68 syncOff=0
APP_CRC_FAIL exp=9595 got=13EF seq=69 syncOff=0
APP_CRC_FAIL exp=9595 got=13EF seq=70 syncOff=0
APP_CRC_FAIL exp=9595 got=13EF seq=71 syncOff=0
APP_CRC_FAIL exp=9595 got=13EF seq=72 syncOff=0
APP_CRC_FAIL exp=9595 got=13EF seq=73 syncOff=0
APP_CRC_FAIL exp=9595 got=13EF seq=74 syncOff=0
TIME_DIFF gps_utc=1785057672 laptop_utc=1785057672 offset=0
TIME_DIFF gps_utc=1785057672 laptop_utc=1785057672 offset=0
TIME_DIFF gps_utc=1785057672 laptop_utc=1785057672 offset=0
TIME_DIFF gps_utc=1785057672 laptop_utc=1785057672 offset=0
TIME_DIFF gps_utc=1785057672 laptop_utc=1785057672 offset=0
TIME_DIFF gps_utc=1785057672 laptop_utc=1785057672 offset=0
TIME_DIFF gps_utc=1785057672 laptop_utc=1785057672 offset=0
TIME_DIFF gps_utc=1785057672 laptop_utc=1785057672 offset=0
TIME_DIFF gps_utc=1785057672 laptop_utc=1785057673 offset=-1
TIME_DIFF gps_utc=1785057672 laptop_utc=1785057673 offset=-1
TIME_DIFF gps_utc=1785057672 laptop_utc=1785057673 offset=-1
TIME_DIFF gps_utc=1785057672 laptop_utc=1785057673 offset=-1
TIME_DIFF gps_utc=1785057672 laptop_utc=1785057673 offset=-1
TIME_DIFF gps_utc=1785057672 laptop_utc=1785057673 offset=-1
TIME_DIFF gps_utc=1785057672 laptop_utc=1785057673 offset=-1
TIME_DIFF gps_utc=1785057672 laptop_utc=1785057673 offset=-1
TIME_DIFF gps_utc=1785057672 laptop_utc=1785057673 offset=-1
TIME_DIFF gps_utc=1785057672 laptop_utc=1785057673 offset=-1
TIME_DIFF gps_utc=1785057672 laptop_utc=1785057673 offset=-1
TIME_DIFF gps_utc=1785057672 laptop_utc=1785057673 offset=-1
TIME_DIFF gps_utc=1785057672 laptop_utc=1785057673 offset=-1
TIME_DIFF gps_utc=1785057672 laptop_utc=1785057673 offset=-1
TIME_DIFF gps_utc=1785057672 laptop_utc=1785057673 offset=-1
TIME_DIFF gps_utc=1785057672 laptop_utc=1785057673 offset=-1
TIME_DIFF gps_utc=1785057672 laptop_utc=1785057673 offset=-1
TIME_DIFF gps_utc=1785057672 laptop_utc=1785057673 offset=-1
TIME_DIFF gps_utc=1785057672 laptop_utc=1785057673 offset=-1
TIME_DIFF gps_utc=1785057672 laptop_utc=1785057673 offset=-1
TIME_DIFF gps_utc=1785057672 laptop_utc=1785057673 offset=-1
TIME_DIFF gps_utc=1785057672 laptop_utc=1785057673 offset=-1
TIME_DIFF gps_utc=1785057672 laptop_utc=1785057673 offset=-1
TIME_DIFF gps_utc=1785057672 laptop_utc=1785057673 offset=-1
TIME_DIFF gps_utc=1785057672 laptop_utc=1785057673 offset=-1
TIME_DIFF gps_utc=1785057672 laptop_utc=1785057673 offset=-1
TIME_DIFF gps_utc=1785057672 laptop_utc=1785057673 offset=-1
TIME_DIFF gps_utc=1785057672 laptop_utc=1785057673 offset=-1
TIME_DIFF gps_utc=1785057672 laptop_utc=1785057673 offset=-1
TIME_DIFF gps_utc=1785057672 laptop_utc=1785057673 offset=-1
TIME_DIFF gps_utc=1785057672 laptop_utc=1785057673 offset=-1
TIME_DIFF gps_utc=1785057672 laptop_utc=1785057673 offset=-1
TIME_DIFF gps_utc=1785057672 laptop_utc=1785057673 offset=-1
TIME_DIFF gps_utc=1785057672 laptop_utc=1785057673 offset=-1
TIME_DIFF gps_utc=1785057672 laptop_utc=1785057673 offset=-1
TIME_DIFF gps_utc=1785057672 laptop_utc=1785057673 offset=-1
TIME_DIFF gps_utc=1785057672 laptop_utc=1785057673 offset=-1
TIME_DIFF gps_utc=1785057672 laptop_utc=1785057673 offset=-1
TIME_DIFF gps_utc=1785057672 laptop_utc=1785057673 offset=-1
TIME_DIFF gps_utc=1785057672 laptop_utc=1785057673 offset=-1
TIME_DIFF gps_utc=1785057672 laptop_utc=1785057673 offset=-1
TIME_DIFF gps_utc=1785057672 laptop_utc=1785057673 offset=-1
TIME_DIFF gps_utc=1785057673 laptop_utc=1785057673 offset=0
TIME_DIFF gps_utc=1785057673 laptop_utc=1785057673 offset=0
TIME_DIFF gps_utc=1785057673 laptop_utc=1785057673 offset=0
TIME_DIFF gps_utc=1785057673 laptop_utc=1785057673 offset=0
TIME_DIFF gps_utc=1785057673 laptop_utc=1785057673 offset=0
TIME_DIFF gps_utc=1785057673 laptop_utc=1785057673 offset=0
TIME_DIFF gps_utc=1785057673 laptop_utc=1785057673 offset=0
TIME_DIFF gps_utc=1785057673 laptop_utc=1785057673 offset=0
TIME_DIFF gps_utc=1785057673 laptop_utc=1785057673 offset=0
TIME_DIFF gps_utc=1785057673 laptop_utc=1785057673 offset=0
TIME_DIFF gps_utc=1785057673 laptop_utc=1785057673 offset=0
TIME_DIFF gps_utc=1785057673 laptop_utc=1785057674 offset=-1
TIME_DIFF gps_utc=1785057673 laptop_utc=1785057674 offset=-1
TIME_DIFF gps_utc=1785057673 laptop_utc=1785057674 offset=-1
TIME_DIFF gps_utc=1785057673 laptop_utc=1785057674 offset=-1
TIME_DIFF gps_utc=1785057673 laptop_utc=1785057674 offset=-1
TIME_DIFF gps_utc=1785057673 laptop_utc=1785057674 offset=-1
TIME_DIFF gps_utc=1785057673 laptop_utc=1785057674 offset=-1
TIME_DIFF gps_utc=1785057673 laptop_utc=1785057674 offset=-1
TIME_DIFF gps_utc=1785057673 laptop_utc=1785057674 offset=-1
TIME_DIFF gps_utc=1785057673 laptop_utc=1785057674 offset=-1
TIME_DIFF gps_utc=1785057673 laptop_utc=1785057674 offset=-1
TIME_DIFF gps_utc=1785057673 laptop_utc=1785057674 offset=-1
TIME_DIFF gps_utc=1785057673 laptop_utc=1785057674 offset=-1
TIME_DIFF gps_utc=1785057673 laptop_utc=1785057674 offset=-1
TIME_SYNCED utc=1785057677 offset=1785033574
SYNC_NOT_FOUND first4=F47F63A0
TIME_SYNCED utc=1785057688 offset=1785033574
SYNC_NOT_FOUND first4=D632ED15
TIME_SYNCED utc=1785057699 offset=1785033574
SYNC_NOT_FOUND first4=61683F46
SYNC_LOST phase=55 consecutive=3 cached_off=0
TIME_STATS min=-2000ms max=1000ms avg=-90ms corrections=0
TIME_SYNCED utc=1785057709 offset=1785033574
SYNC_NOT_FOUND first4=2145C3C7
SYNC_NOT_FOUND first4=7690C8D9
TIME_SYNCED utc=1785057720 offset=1785033575
TIME_SYNCED utc=1785057730 offset=1785033575
SYNC_NOT_FOUND first4=E8800DC0
SYNC_NOT_FOUND first4=14D24091
SYNC_NOT_FOUND first4=BA2C514B
SYNC_NOT_FOUND first4=84476C0A
TIME_SYNCED utc=1785057740 offset=1785033574
SYNC_NOT_FOUND first4=8314F22E
SYNC_NOT_FOUND first4=3476E31C
SYNC_NOT_FOUND first4=5304E99F
SYNC_OFFSET phase=55 off=0 prev=-1
APP_CRC_FAIL exp=D0D0 got=C41B seq=0 syncOff=0
APP_CRC_FAIL exp=D0D0 got=C41B seq=1 syncOff=0
APP_CRC_FAIL exp=D0D0 got=C41B seq=2 syncOff=0
APP_CRC_FAIL exp=D0D0 got=C41B seq=3 syncOff=0
APP_CRC_FAIL exp=D0D0 got=C41B seq=4 syncOff=0
APP_CRC_FAIL exp=D0D0 got=C41B seq=5 syncOff=0
APP_CRC_FAIL exp=D0D0 got=C41B seq=6 syncOff=0
APP_CRC_FAIL exp=D0D0 got=C41B seq=7 syncOff=0
APP_CRC_FAIL exp=D0D0 got=C41B seq=8 syncOff=0
APP_CRC_FAIL exp=D0D0 got=C41B seq=9 syncOff=0
APP_CRC_FAIL exp=D0D0 got=C41B seq=10 syncOff=0
APP_CRC_FAIL exp=D0D0 got=C41B seq=11 syncOff=0
APP_CRC_FAIL exp=D0D0 got=C41B seq=12 syncOff=0
APP_CRC_FAIL exp=D0D0 got=C41B seq=13 syncOff=0
APP_CRC_FAIL exp=D0D0 got=C41B seq=14 syncOff=0
APP_CRC_FAIL exp=D0D0 got=C41B seq=15 syncOff=0
APP_CRC_FAIL exp=D0D0 got=C41B seq=16 syncOff=0
APP_CRC_FAIL exp=D0D0 got=C41B seq=17 syncOff=0
APP_CRC_FAIL exp=D0D0 got=C41B seq=18 syncOff=0
APP_CRC_FAIL exp=D0D0 got=C41B seq=19 syncOff=0
APP_CRC_FAIL exp=D0D0 got=C41B seq=20 syncOff=0
APP_CRC_FAIL exp=D0D0 got=C41B seq=21 syncOff=0
APP_CRC_FAIL exp=D0D0 got=C41B seq=22 syncOff=0
APP_CRC_FAIL exp=D0D0 got=C41B seq=23 syncOff=0
APP_CRC_FAIL exp=D0D0 got=C41B seq=24 syncOff=0
APP_CRC_FAIL exp=D0D0 got=C41B seq=25 syncOff=0
APP_CRC_FAIL exp=D0D0 got=C41B seq=26 syncOff=0
APP_CRC_FAIL exp=D0D0 got=C41B seq=27 syncOff=0
SYNC_NOT_FOUND first4=4E6300C3
APP_CRC_FAIL exp=D0D0 got=C41B seq=28 syncOff=0
APP_CRC_FAIL exp=D0D0 got=C41B seq=29 syncOff=0
APP_CRC_FAIL exp=D0D0 got=C41B seq=30 syncOff=0
APP_CRC_FAIL exp=D0D0 got=C41B seq=31 syncOff=0
APP_CRC_FAIL exp=D0D0 got=C41B seq=32 syncOff=0
APP_CRC_FAIL exp=D0D0 got=C41B seq=33 syncOff=0
APP_CRC_FAIL exp=D0D0 got=C41B seq=34 syncOff=0
APP_CRC_FAIL exp=D0D0 got=C41B seq=35 syncOff=0
APP_CRC_FAIL exp=D0D0 got=C41B seq=36 syncOff=0
APP_CRC_FAIL exp=D0D0 got=C41B seq=37 syncOff=0
APP_CRC_FAIL exp=D0D0 got=C41B seq=38 syncOff=0
APP_CRC_FAIL exp=D0D0 got=C41B seq=39 syncOff=0
APP_CRC_FAIL exp=D0D0 got=C41B seq=40 syncOff=0
APP_CRC_FAIL exp=D0D0 got=C41B seq=41 syncOff=0
APP_CRC_FAIL exp=D0D0 got=C41B seq=42 syncOff=0
APP_CRC_FAIL exp=D0D0 got=C41B seq=43 syncOff=0
APP_CRC_FAIL exp=D0D0 got=C41B seq=44 syncOff=0
APP_CRC_FAIL exp=D0D0 got=C41B seq=45 syncOff=0
APP_CRC_FAIL exp=D0D0 got=C41B seq=46 syncOff=0
APP_CRC_FAIL exp=D0D0 got=C41B seq=47 syncOff=0
APP_CRC_FAIL exp=D0D0 got=C41B seq=48 syncOff=0
APP_CRC_FAIL exp=D0D0 got=C41B seq=49 syncOff=0
APP_CRC_FAIL exp=D0D0 got=C41B seq=50 syncOff=0
APP_CRC_FAIL exp=D0D0 got=C41B seq=51 syncOff=0
APP_CRC_FAIL exp=D0D0 got=C41B seq=52 syncOff=0
APP_CRC_FAIL exp=D0D0 got=C41B seq=53 syncOff=0
APP_CRC_FAIL exp=D0D0 got=C41B seq=54 syncOff=0
APP_CRC_FAIL exp=D0D0 got=C41B seq=55 syncOff=0
APP_CRC_FAIL exp=D0D0 got=C41B seq=56 syncOff=0
APP_CRC_FAIL exp=D0D0 got=C41B seq=57 syncOff=0
APP_CRC_FAIL exp=D0D0 got=C41B seq=58 syncOff=0
APP_CRC_FAIL exp=D0D0 got=C41B seq=59 syncOff=0
APP_CRC_FAIL exp=D0D0 got=C41B seq=60 syncOff=0
APP_CRC_FAIL exp=D0D0 got=C41B seq=61 syncOff=0
APP_CRC_FAIL exp=D0D0 got=C41B seq=62 syncOff=0
APP_CRC_FAIL exp=D0D0 got=C41B seq=63 syncOff=0
APP_CRC_FAIL exp=D0D0 got=C41B seq=64 syncOff=0
APP_CRC_FAIL exp=D0D0 got=C41B seq=65 syncOff=0
APP_CRC_FAIL exp=D0D0 got=C41B seq=66 syncOff=0
APP_CRC_FAIL exp=D0D0 got=C41B seq=67 syncOff=0
APP_CRC_FAIL exp=D0D0 got=C41B seq=68 syncOff=0
APP_CRC_FAIL exp=D0D0 got=C41B seq=69 syncOff=0
APP_CRC_FAIL exp=D0D0 got=C41B seq=70 syncOff=0
APP_CRC_FAIL exp=D0D0 got=C41B seq=71 syncOff=0
APP_CRC_FAIL exp=D0D0 got=C41B seq=72 syncOff=0
APP_CRC_FAIL exp=D0D0 got=C41B seq=73 syncOff=0
APP_CRC_FAIL exp=D0D0 got=C41B seq=74 syncOff=0
SYNC_NOT_FOUND first4=DACBCAD2
APP_CRC_FAIL exp=4040 got=473E seq=0 syncOff=0
APP_CRC_FAIL exp=4040 got=473E seq=1 syncOff=0
APP_CRC_FAIL exp=4040 got=473E seq=2 syncOff=0
APP_CRC_FAIL exp=4040 got=473E seq=3 syncOff=0
APP_CRC_FAIL exp=4040 got=473E seq=4 syncOff=0
APP_CRC_FAIL exp=4040 got=473E seq=5 syncOff=0
APP_CRC_FAIL exp=4040 got=473E seq=6 syncOff=0
APP_CRC_FAIL exp=4040 got=473E seq=7 syncOff=0
APP_CRC_FAIL exp=4040 got=473E seq=8 syncOff=0
APP_CRC_FAIL exp=4040 got=473E seq=9 syncOff=0
APP_CRC_FAIL exp=4040 got=473E seq=10 syncOff=0
APP_CRC_FAIL exp=4040 got=473E seq=11 syncOff=0
APP_CRC_FAIL exp=4040 got=473E seq=12 syncOff=0
APP_CRC_FAIL exp=4040 got=473E seq=13 syncOff=0
APP_CRC_FAIL exp=4040 got=473E seq=14 syncOff=0
APP_CRC_FAIL exp=4040 got=473E seq=15 syncOff=0
APP_CRC_FAIL exp=4040 got=473E seq=16 syncOff=0
APP_CRC_FAIL exp=4040 got=473E seq=17 syncOff=0
APP_CRC_FAIL exp=4040 got=473E seq=18 syncOff=0
APP_CRC_FAIL exp=4040 got=473E seq=19 syncOff=0
APP_CRC_FAIL exp=4040 got=473E seq=20 syncOff=0
APP_CRC_FAIL exp=4040 got=473E seq=21 syncOff=0
APP_CRC_FAIL exp=4040 got=473E seq=22 syncOff=0
APP_CRC_FAIL exp=4040 got=473E seq=23 syncOff=0
APP_CRC_FAIL exp=4040 got=473E seq=24 syncOff=0
APP_CRC_FAIL exp=4040 got=473E seq=25 syncOff=0
APP_CRC_FAIL exp=4040 got=473E seq=26 syncOff=0
APP_CRC_FAIL exp=4040 got=473E seq=27 syncOff=0
APP_CRC_FAIL exp=4040 got=473E seq=28 syncOff=0
APP_CRC_FAIL exp=4040 got=473E seq=29 syncOff=0
APP_CRC_FAIL exp=4040 got=473E seq=30 syncOff=0
APP_CRC_FAIL exp=4040 got=473E seq=31 syncOff=0
APP_CRC_FAIL exp=4040 got=473E seq=32 syncOff=0
APP_CRC_FAIL exp=4040 got=473E seq=33 syncOff=0
APP_CRC_FAIL exp=4040 got=473E seq=34 syncOff=0
APP_CRC_FAIL exp=4040 got=473E seq=35 syncOff=0
APP_CRC_FAIL exp=4040 got=473E seq=36 syncOff=0
APP_CRC_FAIL exp=4040 got=473E seq=37 syncOff=0
APP_CRC_FAIL exp=4040 got=473E seq=38 syncOff=0
APP_CRC_FAIL exp=4040 got=473E seq=39 syncOff=0
APP_CRC_FAIL exp=4040 got=473E seq=40 syncOff=0
APP_CRC_FAIL exp=4040 got=473E seq=41 syncOff=0
APP_CRC_FAIL exp=4040 got=473E seq=42 syncOff=0
APP_CRC_FAIL exp=4040 got=473E seq=43 syncOff=0
APP_CRC_FAIL exp=4040 got=473E seq=44 syncOff=0
APP_CRC_FAIL exp=4040 got=473E seq=45 syncOff=0
APP_CRC_FAIL exp=4040 got=473E seq=46 syncOff=0
APP_CRC_FAIL exp=4040 got=473E seq=47 syncOff=0
APP_CRC_FAIL exp=4040 got=473E seq=48 syncOff=0
APP_CRC_FAIL exp=4040 got=473E seq=49 syncOff=0
APP_CRC_FAIL exp=4040 got=473E seq=50 syncOff=0
APP_CRC_FAIL exp=4040 got=473E seq=51 syncOff=0
APP_CRC_FAIL exp=4040 got=473E seq=52 syncOff=0
APP_CRC_FAIL exp=4040 got=473E seq=53 syncOff=0
APP_CRC_FAIL exp=4040 got=473E seq=54 syncOff=0
APP_CRC_FAIL exp=4040 got=473E seq=55 syncOff=0
APP_CRC_FAIL exp=4040 got=473E seq=56 syncOff=0
APP_CRC_FAIL exp=4040 got=473E seq=57 syncOff=0
APP_CRC_FAIL exp=4040 got=473E seq=58 syncOff=0
APP_CRC_FAIL exp=4040 got=473E seq=59 syncOff=0
APP_CRC_FAIL exp=4040 got=473E seq=60 syncOff=0
APP_CRC_FAIL exp=4040 got=473E seq=61 syncOff=0
APP_CRC_FAIL exp=4040 got=473E seq=62 syncOff=0
APP_CRC_FAIL exp=4040 got=473E seq=63 syncOff=0
APP_CRC_FAIL exp=4040 got=473E seq=64 syncOff=0
APP_CRC_FAIL exp=4040 got=473E seq=65 syncOff=0
APP_CRC_FAIL exp=4040 got=473E seq=66 syncOff=0
APP_CRC_FAIL exp=4040 got=473E seq=67 syncOff=0
APP_CRC_FAIL exp=4040 got=473E seq=68 syncOff=0
APP_CRC_FAIL exp=4040 got=473E seq=69 syncOff=0
APP_CRC_FAIL exp=4040 got=473E seq=70 syncOff=0
APP_CRC_FAIL exp=4040 got=473E seq=71 syncOff=0
APP_CRC_FAIL exp=4040 got=473E seq=72 syncOff=0
APP_CRC_FAIL exp=4040 got=473E seq=73 syncOff=0
APP_CRC_FAIL exp=4040 got=473E seq=74 syncOff=0
APP_CRC_FAIL exp=9595 got=13EF seq=0 syncOff=0
APP_CRC_FAIL exp=9595 got=13EF seq=1 syncOff=0
APP_CRC_FAIL exp=9595 got=13EF seq=2 syncOff=0
APP_CRC_FAIL exp=9595 got=13EF seq=3 syncOff=0
APP_CRC_FAIL exp=9595 got=13EF seq=4 syncOff=0
APP_CRC_FAIL exp=9595 got=13EF seq=5 syncOff=0
APP_CRC_FAIL exp=9595 got=13EF seq=6 syncOff=0
APP_CRC_FAIL exp=9595 got=13EF seq=7 syncOff=0
APP_CRC_FAIL exp=9595 got=13EF seq=8 syncOff=0
APP_CRC_FAIL exp=9595 got=13EF seq=9 syncOff=0
APP_CRC_FAIL exp=9595 got=13EF seq=10 syncOff=0
APP_CRC_FAIL exp=9595 got=13EF seq=11 syncOff=0
APP_CRC_FAIL exp=9595 got=13EF seq=12 syncOff=0
APP_CRC_FAIL exp=9595 got=13EF seq=13 syncOff=0
APP_CRC_FAIL exp=9595 got=13EF seq=14 syncOff=0
APP_CRC_FAIL exp=9595 got=13EF seq=15 syncOff=0
APP_CRC_FAIL exp=9595 got=13EF seq=16 syncOff=0
APP_CRC_FAIL exp=9595 got=13EF seq=17 syncOff=0
APP_CRC_FAIL exp=9595 got=13EF seq=18 syncOff=0
APP_CRC_FAIL exp=9595 got=13EF seq=19 syncOff=0
APP_CRC_FAIL exp=9595 got=13EF seq=20 syncOff=0
APP_CRC_FAIL exp=9595 got=13EF seq=21 syncOff=0
APP_CRC_FAIL exp=9595 got=13EF seq=22 syncOff=0
APP_CRC_FAIL exp=9595 got=13EF seq=23 syncOff=0
APP_CRC_FAIL exp=9595 got=13EF seq=24 syncOff=0
APP_CRC_FAIL exp=9595 got=13EF seq=25 syncOff=0
APP_CRC_FAIL exp=9595 got=13EF seq=26 syncOff=0
APP_CRC_FAIL exp=9595 got=13EF seq=27 syncOff=0
APP_CRC_FAIL exp=9595 got=13EF seq=28 syncOff=0
APP_CRC_FAIL exp=9595 got=13EF seq=29 syncOff=0
APP_CRC_FAIL exp=9595 got=13EF seq=30 syncOff=0
APP_CRC_FAIL exp=9595 got=13EF seq=31 syncOff=0
APP_CRC_FAIL exp=9595 got=13EF seq=32 syncOff=0
APP_CRC_FAIL exp=9595 got=13EF seq=33 syncOff=0
APP_CRC_FAIL exp=9595 got=13EF seq=34 syncOff=0
APP_CRC_FAIL exp=9595 got=13EF seq=35 syncOff=0
SYNC_NOT_FOUND first4=5C302CB3
APP_CRC_FAIL exp=9595 got=13EF seq=36 syncOff=0
APP_CRC_FAIL exp=9595 got=13EF seq=37 syncOff=0
APP_CRC_FAIL exp=9595 got=13EF seq=38 syncOff=0
APP_CRC_FAIL exp=9595 got=13EF seq=39 syncOff=0
APP_CRC_FAIL exp=9595 got=13EF seq=40 syncOff=0
APP_CRC_FAIL exp=9595 got=13EF seq=41 syncOff=0
APP_CRC_FAIL exp=9595 got=13EF seq=42 syncOff=0
APP_CRC_FAIL exp=9595 got=13EF seq=43 syncOff=0
APP_CRC_FAIL exp=9595 got=13EF seq=44 syncOff=0
APP_CRC_FAIL exp=9595 got=13EF seq=45 syncOff=0
APP_CRC_FAIL exp=9595 got=13EF seq=46 syncOff=0
APP_CRC_FAIL exp=9595 got=13EF seq=47 syncOff=0
APP_CRC_FAIL exp=9595 got=13EF seq=48 syncOff=0
APP_CRC_FAIL exp=9595 got=13EF seq=49 syncOff=0
APP_CRC_FAIL exp=9595 got=13EF seq=50 syncOff=0
APP_CRC_FAIL exp=9595 got=13EF seq=51 syncOff=0
APP_CRC_FAIL exp=9595 got=13EF seq=52 syncOff=0
APP_CRC_FAIL exp=9595 got=13EF seq=53 syncOff=0
APP_CRC_FAIL exp=9595 got=13EF seq=54 syncOff=0
APP_CRC_FAIL exp=9595 got=13EF seq=55 syncOff=0
APP_CRC_FAIL exp=9595 got=13EF seq=56 syncOff=0
APP_CRC_FAIL exp=9595 got=13EF seq=57 syncOff=0
APP_CRC_FAIL exp=9595 got=13EF seq=58 syncOff=0
APP_CRC_FAIL exp=9595 got=13EF seq=59 syncOff=0
APP_CRC_FAIL exp=9595 got=13EF seq=60 syncOff=0
APP_CRC_FAIL exp=9595 got=13EF seq=61 syncOff=0
APP_CRC_FAIL exp=9595 got=13EF seq=62 syncOff=0
APP_CRC_FAIL exp=9595 got=13EF seq=63 syncOff=0
APP_CRC_FAIL exp=9595 got=13EF seq=64 syncOff=0
APP_CRC_FAIL exp=9595 got=13EF seq=65 syncOff=0
APP_CRC_FAIL exp=9595 got=13EF seq=66 syncOff=0
APP_CRC_FAIL exp=9595 got=13EF seq=67 syncOff=0
APP_CRC_FAIL exp=9595 got=13EF seq=68 syncOff=0
APP_CRC_FAIL exp=9595 got=13EF seq=69 syncOff=0
APP_CRC_FAIL exp=9595 got=13EF seq=70 syncOff=0
APP_CRC_FAIL exp=9595 got=13EF seq=71 syncOff=0
APP_CRC_FAIL exp=9595 got=13EF seq=72 syncOff=0
APP_CRC_FAIL exp=9595 got=13EF seq=73 syncOff=0
APP_CRC_FAIL exp=9595 got=13EF seq=74 syncOff=0
TIME_DIFF gps_utc=1785057748 laptop_utc=1785057747 offset=1
TIME_DIFF gps_utc=1785057748 laptop_utc=1785057747 offset=1
TIME_DIFF gps_utc=1785057748 laptop_utc=1785057747 offset=1
TIME_DIFF gps_utc=1785057748 laptop_utc=1785057747 offset=1
TIME_DIFF gps_utc=1785057748 laptop_utc=1785057747 offset=1
TIME_DIFF gps_utc=1785057748 laptop_utc=1785057747 offset=1
TIME_DIFF gps_utc=1785057748 laptop_utc=1785057748 offset=0
TIME_DIFF gps_utc=1785057748 laptop_utc=1785057748 offset=0
TIME_DIFF gps_utc=1785057748 laptop_utc=1785057748 offset=0
TIME_DIFF gps_utc=1785057748 laptop_utc=1785057748 offset=0
TIME_DIFF gps_utc=1785057748 laptop_utc=1785057748 offset=0
TIME_DIFF gps_utc=1785057748 laptop_utc=1785057748 offset=0
TIME_DIFF gps_utc=1785057748 laptop_utc=1785057748 offset=0
TIME_DIFF gps_utc=1785057748 laptop_utc=1785057748 offset=0
TIME_DIFF gps_utc=1785057748 laptop_utc=1785057748 offset=0
TIME_DIFF gps_utc=1785057748 laptop_utc=1785057748 offset=0
TIME_DIFF gps_utc=1785057748 laptop_utc=1785057748 offset=0
TIME_DIFF gps_utc=1785057748 laptop_utc=1785057748 offset=0
TIME_DIFF gps_utc=1785057748 laptop_utc=1785057748 offset=0
TIME_DIFF gps_utc=1785057748 laptop_utc=1785057748 offset=0
TIME_DIFF gps_utc=1785057748 laptop_utc=1785057748 offset=0
TIME_DIFF gps_utc=1785057748 laptop_utc=1785057748 offset=0
TIME_DIFF gps_utc=1785057748 laptop_utc=1785057748 offset=0
TIME_DIFF gps_utc=1785057748 laptop_utc=1785057748 offset=0
TIME_DIFF gps_utc=1785057748 laptop_utc=1785057748 offset=0
TIME_DIFF gps_utc=1785057748 laptop_utc=1785057748 offset=0
TIME_DIFF gps_utc=1785057748 laptop_utc=1785057748 offset=0
TIME_DIFF gps_utc=1785057748 laptop_utc=1785057748 offset=0
TIME_DIFF gps_utc=1785057748 laptop_utc=1785057748 offset=0
TIME_DIFF gps_utc=1785057748 laptop_utc=1785057748 offset=0
TIME_DIFF gps_utc=1785057748 laptop_utc=1785057748 offset=0
TIME_DIFF gps_utc=1785057748 laptop_utc=1785057748 offset=0
TIME_DIFF gps_utc=1785057748 laptop_utc=1785057748 offset=0
TIME_DIFF gps_utc=1785057748 laptop_utc=1785057748 offset=0
TIME_DIFF gps_utc=1785057748 laptop_utc=1785057748 offset=0
TIME_DIFF gps_utc=1785057748 laptop_utc=1785057748 offset=0
TIME_DIFF gps_utc=1785057748 laptop_utc=1785057748 offset=0
TIME_DIFF gps_utc=1785057748 laptop_utc=1785057748 offset=0
TIME_DIFF gps_utc=1785057748 laptop_utc=1785057748 offset=0
TIME_DIFF gps_utc=1785057748 laptop_utc=1785057748 offset=0
TIME_DIFF gps_utc=1785057748 laptop_utc=1785057748 offset=0
TIME_DIFF gps_utc=1785057748 laptop_utc=1785057748 offset=0
TIME_DIFF gps_utc=1785057748 laptop_utc=1785057748 offset=0
TIME_DIFF gps_utc=1785057748 laptop_utc=1785057748 offset=0
TIME_DIFF gps_utc=1785057748 laptop_utc=1785057748 offset=0
TIME_DIFF gps_utc=1785057748 laptop_utc=1785057748 offset=0
TIME_DIFF gps_utc=1785057748 laptop_utc=1785057748 offset=0
TIME_DIFF gps_utc=1785057748 laptop_utc=1785057748 offset=0
TIME_DIFF gps_utc=1785057748 laptop_utc=1785057748 offset=0
TIME_DIFF gps_utc=1785057748 laptop_utc=1785057748 offset=0
TIME_DIFF gps_utc=1785057749 laptop_utc=1785057748 offset=1
TIME_DIFF gps_utc=1785057749 laptop_utc=1785057748 offset=1
TIME_DIFF gps_utc=1785057749 laptop_utc=1785057748 offset=1
TIME_DIFF gps_utc=1785057749 laptop_utc=1785057748 offset=1
TIME_DIFF gps_utc=1785057749 laptop_utc=1785057748 offset=1
TIME_DIFF gps_utc=1785057749 laptop_utc=1785057748 offset=1
TIME_DIFF gps_utc=1785057749 laptop_utc=1785057748 offset=1
TIME_DIFF gps_utc=1785057749 laptop_utc=1785057748 offset=1
TIME_DIFF gps_utc=1785057749 laptop_utc=1785057748 offset=1
TIME_DIFF gps_utc=1785057749 laptop_utc=1785057748 offset=1
TIME_DIFF gps_utc=1785057749 laptop_utc=1785057749 offset=0
TIME_DIFF gps_utc=1785057749 laptop_utc=1785057749 offset=0
TIME_DIFF gps_utc=1785057749 laptop_utc=1785057749 offset=0
TIME_DIFF gps_utc=1785057749 laptop_utc=1785057749 offset=0
TIME_DIFF gps_utc=1785057749 laptop_utc=1785057749 offset=0
TIME_DIFF gps_utc=1785057749 laptop_utc=1785057749 offset=0
TIME_DIFF gps_utc=1785057749 laptop_utc=1785057749 offset=0
TIME_DIFF gps_utc=1785057749 laptop_utc=1785057749 offset=0
TIME_DIFF gps_utc=1785057749 laptop_utc=1785057749 offset=0
TIME_DIFF gps_utc=1785057749 laptop_utc=1785057749 offset=0
TIME_DIFF gps_utc=1785057749 laptop_utc=1785057749 offset=0
TIME_DIFF gps_utc=1785057749 laptop_utc=1785057749 offset=0
TIME_DIFF gps_utc=1785057749 laptop_utc=1785057749 offset=0
TIME_DIFF gps_utc=1785057749 laptop_utc=1785057749 offset=0
TIME_DIFF gps_utc=1785057749 laptop_utc=1785057749 offset=0
SYNC_NOT_FOUND first4=62943D66
TIME_SYNCED utc=1785057751 offset=1785033574
SYNC_NOT_FOUND first4=E032A612
SYNC_NOT_FOUND first4=4CA1ABC3
SYNC_LOST phase=55 consecutive=3 cached_off=0
SYNC_NOT_FOUND first4=05953287
SYNC_NOT_FOUND first4=59984CFE
SYNC_NOT_FOUND first4=9F4D59AF
SYNC_NOT_FOUND first4=602F5E80
SYNC_NOT_FOUND first4=5E54CF98
SYNC_NOT_FOUND first4=559532A6
SYNC_NOT_FOUND first4=EAAF21E1
SYNC_NOT_FOUND first4=4490BD1E
SYNC_NOT_FOUND first4=405FD2A8
SYNC_NOT_FOUND first4=F99987A8
SYNC_NOT_FOUND first4=69E661A1
SYNC_NOT_FOUND first4=6999A5AA
SYNC_NOT_FOUND first4=95E9E671
TIME_SYNCED utc=1785057761 offset=1785033574
SYNC_NOT_FOUND first4=A667EAAD
SYNC_NOT_FOUND first4=552BAE18
SYNC_NOT_FOUND first4=19E17405
SYNC_NOT_FOUND first4=E2405B80
SYNC_NOT_FOUND first4=C4D1FD86
SYNC_NOT_FOUND first4=F5A59996
SYNC_NOT_FOUND first4=F9986857
SYNC_NOT_FOUND first4=699984A0
SYNC_NOT_FOUND first4=61998780
SYNC_NOT_FOUND first4=620BFF79
TIME_STATS min=-2000ms max=1000ms avg=-90ms corrections=0
SYNC_NOT_FOUND first4=9C609686
SYNC_NOT_FOUND first4=56A50182
SYNC_NOT_FOUND first4=786661E8
SYNC_NOT_FOUND first4=9D74E330
SYNC_NOT_FOUND first4=FF8619A6
SYNC_NOT_FOUND first4=6CC95759
SYNC_NOT_FOUND first4=1BF06999
SYNC_NOT_FOUND first4=FAAF1934
TIME_SYNCED utc=1785057772 offset=1785033574
SYNC_NOT_FOUND first4=629EF85F
SYNC_NOT_FOUND first4=0EA5820A
TIME_SYNCED utc=1785057783 offset=1785033574
SYNC_NOT_FOUND first4=80A5A66A
SYNC_NOT_FOUND first4=891DD714
SYNC_NOT_FOUND first4=150B978F
TIME_SYNCED utc=1785057793 offset=1785033574
SYNC_NOT_FOUND first4=8A02A878
SYNC_NOT_FOUND first4=685A1785
SYNC_NOT_FOUND first4=70C089D3
SYNC_NOT_FOUND first4=DEBC6843
SYNC_NOT_FOUND first4=E8F0C04E
TIME_SYNCED utc=1785057804 offset=1785033575
SYNC_NOT_FOUND first4=D58F000E
SYNC_NOT_FOUND first4=357382B0
SYNC_NOT_FOUND first4=FB0EFCFC
SYNC_NOT_FOUND first4=A03700A8
SYNC_NOT_FOUND first4=5653F14D
SYNC_NOT_FOUND first4=D707E8C4
SYNC_NOT_FOUND first4=A787ACAD
SYNC_NOT_FOUND first4=45A5A5A5
SYNC_NOT_FOUND first4=F5094260
TIME_SYNCED utc=1785057814 offset=1785033574
SYNC_NOT_FOUND first4=DD116C19
SYNC_OFFSET phase=55 off=0 prev=-1
APP_CRC_FAIL exp=D0D0 got=C41B seq=0 syncOff=0
APP_CRC_FAIL exp=D0D0 got=C41B seq=1 syncOff=0
APP_CRC_FAIL exp=D0D0 got=C41B seq=2 syncOff=0
APP_CRC_FAIL exp=D0D0 got=C41B seq=3 syncOff=0
APP_CRC_FAIL exp=D0D0 got=C41B seq=4 syncOff=0
APP_CRC_FAIL exp=D0D0 got=C41B seq=5 syncOff=0
APP_CRC_FAIL exp=D0D0 got=C41B seq=6 syncOff=0
APP_CRC_FAIL exp=D0D0 got=C41B seq=7 syncOff=0
APP_CRC_FAIL exp=D0D0 got=C41B seq=8 syncOff=0
APP_CRC_FAIL exp=D0D0 got=C41B seq=9 syncOff=0
APP_CRC_FAIL exp=D0D0 got=C41B seq=10 syncOff=0
APP_CRC_FAIL exp=D0D0 got=C41B seq=11 syncOff=0
APP_CRC_FAIL exp=D0D0 got=C41B seq=12 syncOff=0
APP_CRC_FAIL exp=D0D0 got=C41B seq=13 syncOff=0
APP_CRC_FAIL exp=D0D0 got=C41B seq=14 syncOff=0
APP_CRC_FAIL exp=D0D0 got=C41B seq=15 syncOff=0
APP_CRC_FAIL exp=D0D0 got=C41B seq=16 syncOff=0
APP_CRC_FAIL exp=D0D0 got=C41B seq=17 syncOff=0
APP_CRC_FAIL exp=D0D0 got=C41B seq=18 syncOff=0
APP_CRC_FAIL exp=D0D0 got=C41B seq=19 syncOff=0
APP_CRC_FAIL exp=D0D0 got=C41B seq=20 syncOff=0
APP_CRC_FAIL exp=D0D0 got=C41B seq=21 syncOff=0
APP_CRC_FAIL exp=D0D0 got=C41B seq=22 syncOff=0
APP_CRC_FAIL exp=D0D0 got=C41B seq=23 syncOff=0
APP_CRC_FAIL exp=D0D0 got=C41B seq=24 syncOff=0
APP_CRC_FAIL exp=D0D0 got=C41B seq=25 syncOff=0
APP_CRC_FAIL exp=D0D0 got=C41B seq=26 syncOff=0
APP_CRC_FAIL exp=D0D0 got=C41B seq=27 syncOff=0
APP_CRC_FAIL exp=D0D0 got=C41B seq=28 syncOff=0
APP_CRC_FAIL exp=D0D0 got=C41B seq=29 syncOff=0
APP_CRC_FAIL exp=D0D0 got=C41B seq=30 syncOff=0
APP_CRC_FAIL exp=D0D0 got=C41B seq=31 syncOff=0
APP_CRC_FAIL exp=D0D0 got=C41B seq=32 syncOff=0
APP_CRC_FAIL exp=D0D0 got=C41B seq=33 syncOff=0
APP_CRC_FAIL exp=D0D0 got=C41B seq=34 syncOff=0
APP_CRC_FAIL exp=D0D0 got=C41B seq=35 syncOff=0
APP_CRC_FAIL exp=D0D0 got=C41B seq=36 syncOff=0
APP_CRC_FAIL exp=D0D0 got=C41B seq=37 syncOff=0
APP_CRC_FAIL exp=D0D0 got=C41B seq=38 syncOff=0
APP_CRC_FAIL exp=D0D0 got=C41B seq=39 syncOff=0
APP_CRC_FAIL exp=D0D0 got=C41B seq=40 syncOff=0
APP_CRC_FAIL exp=D0D0 got=C41B seq=41 syncOff=0
APP_CRC_FAIL exp=D0D0 got=C41B seq=42 syncOff=0
APP_CRC_FAIL exp=D0D0 got=C41B seq=43 syncOff=0
APP_CRC_FAIL exp=D0D0 got=C41B seq=44 syncOff=0
APP_CRC_FAIL exp=D0D0 got=C41B seq=45 syncOff=0
APP_CRC_FAIL exp=D0D0 got=C41B seq=46 syncOff=0
APP_CRC_FAIL exp=D0D0 got=C41B seq=47 syncOff=0
APP_CRC_FAIL exp=D0D0 got=C41B seq=48 syncOff=0
APP_CRC_FAIL exp=D0D0 got=C41B seq=49 syncOff=0
APP_CRC_FAIL exp=D0D0 got=C41B seq=50 syncOff=0
APP_CRC_FAIL exp=D0D0 got=C41B seq=51 syncOff=0
APP_CRC_FAIL exp=D0D0 got=C41B seq=52 syncOff=0
APP_CRC_FAIL exp=D0D0 got=C41B seq=53 syncOff=0
APP_CRC_FAIL exp=D0D0 got=C41B seq=54 syncOff=0
APP_CRC_FAIL exp=D0D0 got=C41B seq=55 syncOff=0
APP_CRC_FAIL exp=D0D0 got=C41B seq=56 syncOff=0
APP_CRC_FAIL exp=D0D0 got=C41B seq=57 syncOff=0
APP_CRC_FAIL exp=D0D0 got=C41B seq=58 syncOff=0
APP_CRC_FAIL exp=D0D0 got=C41B seq=59 syncOff=0
APP_CRC_FAIL exp=D0D0 got=C41B seq=60 syncOff=0
APP_CRC_FAIL exp=D0D0 got=C41B seq=61 syncOff=0
APP_CRC_FAIL exp=D0D0 got=C41B seq=62 syncOff=0
APP_CRC_FAIL exp=D0D0 got=C41B seq=63 syncOff=0
APP_CRC_FAIL exp=D0D0 got=C41B seq=64 syncOff=0
APP_CRC_FAIL exp=D0D0 got=C41B seq=65 syncOff=0
APP_CRC_FAIL exp=D0D0 got=C41B seq=66 syncOff=0
APP_CRC_FAIL exp=D0D0 got=C41B seq=67 syncOff=0
APP_CRC_FAIL exp=D0D0 got=C41B seq=68 syncOff=0
APP_CRC_FAIL exp=D0D0 got=C41B seq=69 syncOff=0
APP_CRC_FAIL exp=D0D0 got=C41B seq=70 syncOff=0
APP_CRC_FAIL exp=D0D0 got=C41B seq=71 syncOff=0
APP_CRC_FAIL exp=D0D0 got=C41B seq=72 syncOff=0
APP_CRC_FAIL exp=D0D0 got=C41B seq=73 syncOff=0
APP_CRC_FAIL exp=D0D0 got=C41B seq=74 syncOff=0
SYNC_NOT_FOUND first4=0E7F1B49
SYNC_NOT_FOUND first4=9E9B5AF0
APP_CRC_FAIL exp=4040 got=473E seq=0 syncOff=0
APP_CRC_FAIL exp=4040 got=473E seq=1 syncOff=0
APP_CRC_FAIL exp=4040 got=473E seq=2 syncOff=0
APP_CRC_FAIL exp=4040 got=473E seq=3 syncOff=0
APP_CRC_FAIL exp=4040 got=473E seq=4 syncOff=0
APP_CRC_FAIL exp=4040 got=473E seq=5 syncOff=0
APP_CRC_FAIL exp=4040 got=473E seq=6 syncOff=0
APP_CRC_FAIL exp=4040 got=473E seq=7 syncOff=0
APP_CRC_FAIL exp=4040 got=473E seq=8 syncOff=0
APP_CRC_FAIL exp=4040 got=473E seq=9 syncOff=0
APP_CRC_FAIL exp=4040 got=473E seq=10 syncOff=0
APP_CRC_FAIL exp=4040 got=473E seq=11 syncOff=0
APP_CRC_FAIL exp=4040 got=473E seq=12 syncOff=0
APP_CRC_FAIL exp=4040 got=473E seq=13 syncOff=0
APP_CRC_FAIL exp=4040 got=473E seq=14 syncOff=0
APP_CRC_FAIL exp=4040 got=473E seq=15 syncOff=0
APP_CRC_FAIL exp=4040 got=473E seq=16 syncOff=0
APP_CRC_FAIL exp=4040 got=473E seq=17 syncOff=0
APP_CRC_FAIL exp=4040 got=473E seq=18 syncOff=0
APP_CRC_FAIL exp=4040 got=473E seq=19 syncOff=0
APP_CRC_FAIL exp=4040 got=473E seq=20 syncOff=0
APP_CRC_FAIL exp=4040 got=473E seq=21 syncOff=0
APP_CRC_FAIL exp=4040 got=473E seq=22 syncOff=0
APP_CRC_FAIL exp=4040 got=473E seq=23 syncOff=0
APP_CRC_FAIL exp=4040 got=473E seq=24 syncOff=0
SYNC_NOT_FOUND first4=E42953D5
APP_CRC_FAIL exp=4040 got=473E seq=25 syncOff=0
APP_CRC_FAIL exp=4040 got=473E seq=26 syncOff=0
APP_CRC_FAIL exp=4040 got=473E seq=27 syncOff=0
APP_CRC_FAIL exp=4040 got=473E seq=28 syncOff=0
APP_CRC_FAIL exp=4040 got=473E seq=29 syncOff=0
APP_CRC_FAIL exp=4040 got=473E seq=30 syncOff=0
APP_CRC_FAIL exp=4040 got=473E seq=31 syncOff=0
APP_CRC_FAIL exp=4040 got=473E seq=32 syncOff=0
APP_CRC_FAIL exp=4040 got=473E seq=33 syncOff=0
APP_CRC_FAIL exp=4040 got=473E seq=34 syncOff=0
APP_CRC_FAIL exp=4040 got=473E seq=35 syncOff=0
APP_CRC_FAIL exp=4040 got=473E seq=36 syncOff=0
APP_CRC_FAIL exp=4040 got=473E seq=37 syncOff=0
APP_CRC_FAIL exp=4040 got=473E seq=38 syncOff=0
APP_CRC_FAIL exp=4040 got=473E seq=39 syncOff=0
APP_CRC_FAIL exp=4040 got=473E seq=40 syncOff=0
APP_CRC_FAIL exp=4040 got=473E seq=41 syncOff=0
APP_CRC_FAIL exp=4040 got=473E seq=42 syncOff=0
APP_CRC_FAIL exp=4040 got=473E seq=43 syncOff=0
APP_CRC_FAIL exp=4040 got=473E seq=44 syncOff=0
APP_CRC_FAIL exp=4040 got=473E seq=45 syncOff=0
APP_CRC_FAIL exp=4040 got=473E seq=46 syncOff=0
APP_CRC_FAIL exp=4040 got=473E seq=47 syncOff=0
APP_CRC_FAIL exp=4040 got=473E seq=48 syncOff=0
APP_CRC_FAIL exp=4040 got=473E seq=49 syncOff=0
APP_CRC_FAIL exp=4040 got=473E seq=50 syncOff=0
APP_CRC_FAIL exp=4040 got=473E seq=51 syncOff=0
APP_CRC_FAIL exp=4040 got=473E seq=52 syncOff=0
APP_CRC_FAIL exp=4040 got=473E seq=53 syncOff=0
APP_CRC_FAIL exp=4040 got=473E seq=54 syncOff=0
APP_CRC_FAIL exp=4040 got=473E seq=55 syncOff=0
APP_CRC_FAIL exp=4040 got=473E seq=56 syncOff=0
APP_CRC_FAIL exp=4040 got=473E seq=57 syncOff=0
APP_CRC_FAIL exp=4040 got=473E seq=58 syncOff=0
APP_CRC_FAIL exp=4040 got=473E seq=59 syncOff=0
APP_CRC_FAIL exp=4040 got=473E seq=60 syncOff=0
APP_CRC_FAIL exp=4040 got=473E seq=61 syncOff=0
APP_CRC_FAIL exp=4040 got=473E seq=62 syncOff=0
APP_CRC_FAIL exp=4040 got=473E seq=63 syncOff=0
APP_CRC_FAIL exp=4040 got=473E seq=64 syncOff=0
APP_CRC_FAIL exp=4040 got=473E seq=65 syncOff=0
APP_CRC_FAIL exp=4040 got=473E seq=66 syncOff=0
APP_CRC_FAIL exp=4040 got=473E seq=67 syncOff=0
APP_CRC_FAIL exp=4040 got=473E seq=68 syncOff=0
APP_CRC_FAIL exp=4040 got=473E seq=69 syncOff=0
APP_CRC_FAIL exp=4040 got=473E seq=70 syncOff=0
APP_CRC_FAIL exp=4040 got=473E seq=71 syncOff=0
APP_CRC_FAIL exp=4040 got=473E seq=72 syncOff=0
APP_CRC_FAIL exp=4040 got=473E seq=73 syncOff=0
APP_CRC_FAIL exp=4040 got=473E seq=74 syncOff=0
APP_CRC_FAIL exp=9595 got=13EF seq=0 syncOff=0
APP_CRC_FAIL exp=9595 got=13EF seq=1 syncOff=0
APP_CRC_FAIL exp=9595 got=13EF seq=2 syncOff=0
APP_CRC_FAIL exp=9595 got=13EF seq=3 syncOff=0
APP_CRC_FAIL exp=9595 got=13EF seq=4 syncOff=0
APP_CRC_FAIL exp=9595 got=13EF seq=5 syncOff=0
APP_CRC_FAIL exp=9595 got=13EF seq=6 syncOff=0
APP_CRC_FAIL exp=9595 got=13EF seq=7 syncOff=0
APP_CRC_FAIL exp=9595 got=13EF seq=8 syncOff=0
APP_CRC_FAIL exp=9595 got=13EF seq=9 syncOff=0
APP_CRC_FAIL exp=9595 got=13EF seq=10 syncOff=0
APP_CRC_FAIL exp=9595 got=13EF seq=11 syncOff=0
APP_CRC_FAIL exp=9595 got=13EF seq=12 syncOff=0
APP_CRC_FAIL exp=9595 got=13EF seq=13 syncOff=0
APP_CRC_FAIL exp=9595 got=13EF seq=14 syncOff=0
APP_CRC_FAIL exp=9595 got=13EF seq=15 syncOff=0
APP_CRC_FAIL exp=9595 got=13EF seq=16 syncOff=0
APP_CRC_FAIL exp=9595 got=13EF seq=17 syncOff=0
APP_CRC_FAIL exp=9595 got=13EF seq=18 syncOff=0
APP_CRC_FAIL exp=9595 got=13EF seq=19 syncOff=0
APP_CRC_FAIL exp=9595 got=13EF seq=20 syncOff=0
APP_CRC_FAIL exp=9595 got=13EF seq=21 syncOff=0
APP_CRC_FAIL exp=9595 got=13EF seq=22 syncOff=0
APP_CRC_FAIL exp=9595 got=13EF seq=23 syncOff=0
APP_CRC_FAIL exp=9595 got=13EF seq=24 syncOff=0
APP_CRC_FAIL exp=9595 got=13EF seq=25 syncOff=0
SYNC_NOT_FOUND first4=03404B94
APP_CRC_FAIL exp=9595 got=13EF seq=26 syncOff=0
APP_CRC_FAIL exp=9595 got=13EF seq=27 syncOff=0
APP_CRC_FAIL exp=9595 got=13EF seq=28 syncOff=0
APP_CRC_FAIL exp=9595 got=13EF seq=29 syncOff=0
APP_CRC_FAIL exp=9595 got=13EF seq=30 syncOff=0
APP_CRC_FAIL exp=9595 got=13EF seq=31 syncOff=0
APP_CRC_FAIL exp=9595 got=13EF seq=32 syncOff=0
APP_CRC_FAIL exp=9595 got=13EF seq=33 syncOff=0
APP_CRC_FAIL exp=9595 got=13EF seq=34 syncOff=0
APP_CRC_FAIL exp=9595 got=13EF seq=35 syncOff=0
APP_CRC_FAIL exp=9595 got=13EF seq=36 syncOff=0
APP_CRC_FAIL exp=9595 got=13EF seq=37 syncOff=0
APP_CRC_FAIL exp=9595 got=13EF seq=38 syncOff=0
APP_CRC_FAIL exp=9595 got=13EF seq=39 syncOff=0
APP_CRC_FAIL exp=9595 got=13EF seq=40 syncOff=0
APP_CRC_FAIL exp=9595 got=13EF seq=41 syncOff=0
APP_CRC_FAIL exp=9595 got=13EF seq=42 syncOff=0
APP_CRC_FAIL exp=9595 got=13EF seq=43 syncOff=0
APP_CRC_FAIL exp=9595 got=13EF seq=44 syncOff=0
APP_CRC_FAIL exp=9595 got=13EF seq=45 syncOff=0
APP_CRC_FAIL exp=9595 got=13EF seq=46 syncOff=0
APP_CRC_FAIL exp=9595 got=13EF seq=47 syncOff=0
APP_CRC_FAIL exp=9595 got=13EF seq=48 syncOff=0
APP_CRC_FAIL exp=9595 got=13EF seq=49 syncOff=0
APP_CRC_FAIL exp=9595 got=13EF seq=50 syncOff=0
APP_CRC_FAIL exp=9595 got=13EF seq=51 syncOff=0
APP_CRC_FAIL exp=9595 got=13EF seq=52 syncOff=0
APP_CRC_FAIL exp=9595 got=13EF seq=53 syncOff=0
APP_CRC_FAIL exp=9595 got=13EF seq=54 syncOff=0
APP_CRC_FAIL exp=9595 got=13EF seq=55 syncOff=0
APP_CRC_FAIL exp=9595 got=13EF seq=56 syncOff=0
APP_CRC_FAIL exp=9595 got=13EF seq=57 syncOff=0
APP_CRC_FAIL exp=9595 got=13EF seq=58 syncOff=0
APP_CRC_FAIL exp=9595 got=13EF seq=59 syncOff=0
APP_CRC_FAIL exp=9595 got=13EF seq=60 syncOff=0
APP_CRC_FAIL exp=9595 got=13EF seq=61 syncOff=0
APP_CRC_FAIL exp=9595 got=13EF seq=62 syncOff=0
APP_CRC_FAIL exp=9595 got=13EF seq=63 syncOff=0
APP_CRC_FAIL exp=9595 got=13EF seq=64 syncOff=0
APP_CRC_FAIL exp=9595 got=13EF seq=65 syncOff=0
APP_CRC_FAIL exp=9595 got=13EF seq=66 syncOff=0
APP_CRC_FAIL exp=9595 got=13EF seq=67 syncOff=0
APP_CRC_FAIL exp=9595 got=13EF seq=68 syncOff=0
APP_CRC_FAIL exp=9595 got=13EF seq=69 syncOff=0
APP_CRC_FAIL exp=9595 got=13EF seq=70 syncOff=0
APP_CRC_FAIL exp=9595 got=13EF seq=71 syncOff=0
APP_CRC_FAIL exp=9595 got=13EF seq=72 syncOff=0
APP_CRC_FAIL exp=9595 got=13EF seq=73 syncOff=0
APP_CRC_FAIL exp=9595 got=13EF seq=74 syncOff=0
TIME_DIFF gps_utc=1785057822 laptop_utc=1785057821 offset=1
TIME_DIFF gps_utc=1785057822 laptop_utc=1785057821 offset=1
TIME_DIFF gps_utc=1785057822 laptop_utc=1785057821 offset=1
TIME_DIFF gps_utc=1785057822 laptop_utc=1785057821 offset=1
TIME_DIFF gps_utc=1785057822 laptop_utc=1785057822 offset=0
TIME_DIFF gps_utc=1785057822 laptop_utc=1785057822 offset=0
TIME_DIFF gps_utc=1785057822 laptop_utc=1785057822 offset=0
TIME_DIFF gps_utc=1785057822 laptop_utc=1785057822 offset=0
TIME_DIFF gps_utc=1785057822 laptop_utc=1785057822 offset=0
TIME_DIFF gps_utc=1785057822 laptop_utc=1785057822 offset=0
TIME_DIFF gps_utc=1785057822 laptop_utc=1785057822 offset=0
TIME_DIFF gps_utc=1785057822 laptop_utc=1785057822 offset=0
TIME_DIFF gps_utc=1785057822 laptop_utc=1785057822 offset=0
TIME_DIFF gps_utc=1785057822 laptop_utc=1785057822 offset=0
TIME_DIFF gps_utc=1785057822 laptop_utc=1785057822 offset=0
TIME_DIFF gps_utc=1785057822 laptop_utc=1785057822 offset=0
TIME_DIFF gps_utc=1785057822 laptop_utc=1785057822 offset=0
TIME_DIFF gps_utc=1785057822 laptop_utc=1785057822 offset=0
TIME_DIFF gps_utc=1785057822 laptop_utc=1785057822 offset=0
TIME_DIFF gps_utc=1785057822 laptop_utc=1785057822 offset=0
TIME_DIFF gps_utc=1785057822 laptop_utc=1785057822 offset=0
TIME_DIFF gps_utc=1785057822 laptop_utc=1785057822 offset=0
TIME_DIFF gps_utc=1785057822 laptop_utc=1785057822 offset=0
TIME_DIFF gps_utc=1785057822 laptop_utc=1785057822 offset=0
TIME_DIFF gps_utc=1785057822 laptop_utc=1785057822 offset=0
TIME_DIFF gps_utc=1785057822 laptop_utc=1785057822 offset=0
TIME_DIFF gps_utc=1785057822 laptop_utc=1785057822 offset=0
TIME_DIFF gps_utc=1785057822 laptop_utc=1785057822 offset=0
TIME_DIFF gps_utc=1785057822 laptop_utc=1785057822 offset=0
TIME_DIFF gps_utc=1785057822 laptop_utc=1785057822 offset=0
TIME_DIFF gps_utc=1785057822 laptop_utc=1785057822 offset=0
TIME_DIFF gps_utc=1785057822 laptop_utc=1785057822 offset=0
TIME_DIFF gps_utc=1785057822 laptop_utc=1785057822 offset=0
TIME_DIFF gps_utc=1785057822 laptop_utc=1785057822 offset=0
TIME_DIFF gps_utc=1785057822 laptop_utc=1785057822 offset=0
TIME_DIFF gps_utc=1785057822 laptop_utc=1785057822 offset=0
SYNC_NOT_FOUND first4=4333A157
TIME_DIFF gps_utc=1785057822 laptop_utc=1785057822 offset=0
TIME_DIFF gps_utc=1785057822 laptop_utc=1785057822 offset=0
TIME_DIFF gps_utc=1785057822 laptop_utc=1785057822 offset=0
TIME_DIFF gps_utc=1785057822 laptop_utc=1785057822 offset=0
TIME_DIFF gps_utc=1785057822 laptop_utc=1785057822 offset=0
TIME_DIFF gps_utc=1785057822 laptop_utc=1785057822 offset=0
TIME_DIFF gps_utc=1785057822 laptop_utc=1785057822 offset=0
TIME_DIFF gps_utc=1785057822 laptop_utc=1785057822 offset=0
TIME_DIFF gps_utc=1785057822 laptop_utc=1785057822 offset=0
TIME_DIFF gps_utc=1785057822 laptop_utc=1785057822 offset=0
TIME_DIFF gps_utc=1785057822 laptop_utc=1785057822 offset=0
TIME_DIFF gps_utc=1785057822 laptop_utc=1785057822 offset=0
TIME_DIFF gps_utc=1785057822 laptop_utc=1785057822 offset=0
TIME_DIFF gps_utc=1785057822 laptop_utc=1785057822 offset=0
TIME_DIFF gps_utc=1785057823 laptop_utc=1785057822 offset=1
TIME_DIFF gps_utc=1785057823 laptop_utc=1785057822 offset=1
TIME_DIFF gps_utc=1785057823 laptop_utc=1785057822 offset=1
TIME_DIFF gps_utc=1785057823 laptop_utc=1785057822 offset=1
TIME_DIFF gps_utc=1785057823 laptop_utc=1785057822 offset=1
TIME_DIFF gps_utc=1785057823 laptop_utc=1785057822 offset=1
TIME_DIFF gps_utc=1785057823 laptop_utc=1785057822 offset=1
TIME_DIFF gps_utc=1785057823 laptop_utc=1785057822 offset=1
TIME_DIFF gps_utc=1785057823 laptop_utc=1785057822 offset=1
TIME_DIFF gps_utc=1785057823 laptop_utc=1785057823 offset=0
TIME_DIFF gps_utc=1785057823 laptop_utc=1785057823 offset=0
TIME_DIFF gps_utc=1785057823 laptop_utc=1785057823 offset=0
TIME_DIFF gps_utc=1785057823 laptop_utc=1785057823 offset=0
TIME_DIFF gps_utc=1785057823 laptop_utc=1785057823 offset=0
TIME_DIFF gps_utc=1785057823 laptop_utc=1785057823 offset=0
TIME_DIFF gps_utc=1785057823 laptop_utc=1785057823 offset=0
TIME_DIFF gps_utc=1785057823 laptop_utc=1785057823 offset=0
TIME_DIFF gps_utc=1785057823 laptop_utc=1785057823 offset=0
TIME_DIFF gps_utc=1785057823 laptop_utc=1785057823 offset=0
TIME_DIFF gps_utc=1785057823 laptop_utc=1785057823 offset=0
TIME_DIFF gps_utc=1785057823 laptop_utc=1785057823 offset=0
TIME_DIFF gps_utc=1785057823 laptop_utc=1785057823 offset=0
TIME_DIFF gps_utc=1785057823 laptop_utc=1785057823 offset=0
TIME_DIFF gps_utc=1785057823 laptop_utc=1785057823 offset=0
TIME_DIFF gps_utc=1785057823 laptop_utc=1785057823 offset=0
TIME_SYNCED utc=1785057824 offset=1785033574
TIME_STATS min=-2000ms max=1000ms avg=-90ms corrections=0
SYNC_NOT_FOUND first4=C5AC418B
TIME_SYNCED utc=1785057835 offset=1785033574
SYNC_NOT_FOUND first4=8B643F13
TIME_SYNCED utc=1785057845 offset=1785033574
SYNC_NOT_FOUND first4=5FBE6C36
SYNC_LOST phase=55 consecutive=3 cached_off=0
TIME_SYNCED utc=1785057856 offset=1785033574
SYNC_NOT_FOUND first4=5DE6C7AE
TIME_SYNCED utc=1785057867 offset=1785033574
SYNC_NOT_FOUND first4=ADC9EFF5
SYNC_NOT_FOUND first4=DEB46943
SYNC_NOT_FOUND first4=C06EB03F
SYNC_NOT_FOUND first4=0B933C3F
SYNC_NOT_FOUND first4=0F0065F2
TIME_SYNCED utc=1785057877 offset=1785033574
SYNC_NOT_FOUND first4=3C87AD6D
SYNC_NOT_FOUND first4=3E87AD2D
SYNC_NOT_FOUND first4=382FAD2D
SYNC_NOT_FOUND first4=3A87AD25
SYNC_NOT_FOUND first4=C066AA51
SYNC_NOT_FOUND first4=3E872D25
SYNC_NOT_FOUND first4=7A96AD2D
SYNC_NOT_FOUND first4=A66F7EE9
SYNC_NOT_FOUND first4=03F855A5
SYNC_NOT_FOUND first4=C06FBA55
SYNC_NOT_FOUND first4=83D955E5
SYNC_NOT_FOUND first4=85669A51
SYNC_NOT_FOUND first4=3A87AD2D
SYNC_NOT_FOUND first4=C06F9AD5
SYNC_NOT_FOUND first4=C0269A11
SYNC_NOT_FOUND first4=CF00364A
SYNC_NOT_FOUND first4=C06FAA53
SYNC_NOT_FOUND first4=87F955A5
SYNC_NOT_FOUND first4=3E872525
SYNC_NOT_FOUND first4=630F113F
SYNC_NOT_FOUND first4=6A96D370
TIME_STATS min=-2000ms max=1000ms avg=-90ms corrections=0
TIME_SYNCED utc=1785057887 offset=1785033574
SYNC_NOT_FOUND first4=AE124F7E
SYNC_NOT_FOUND first4=881B7026
SYNC_NOT_FOUND first4=F53F1B9B
SYNC_NOT_FOUND first4=F53F1BBB
SYNC_NOT_FOUND first4=42EDAE12
SYNC_NOT_FOUND first4=5D116E19
SYNC_NOT_FOUND first4=55BF1BBB
SYNC_OFFSET phase=55 off=0 prev=-1
APP_CRC_FAIL exp=D0D0 got=C41B seq=0 syncOff=0
APP_CRC_FAIL exp=D0D0 got=C41B seq=1 syncOff=0
APP_CRC_FAIL exp=D0D0 got=C41B seq=2 syncOff=0
APP_CRC_FAIL exp=D0D0 got=C41B seq=3 syncOff=0
APP_CRC_FAIL exp=D0D0 got=C41B seq=4 syncOff=0
APP_CRC_FAIL exp=D0D0 got=C41B seq=5 syncOff=0
APP_CRC_FAIL exp=D0D0 got=C41B seq=6 syncOff=0
APP_CRC_FAIL exp=D0D0 got=C41B seq=7 syncOff=0
APP_CRC_FAIL exp=D0D0 got=C41B seq=8 syncOff=0
APP_CRC_FAIL exp=D0D0 got=C41B seq=9 syncOff=0
APP_CRC_FAIL exp=D0D0 got=C41B seq=10 syncOff=0
APP_CRC_FAIL exp=D0D0 got=C41B seq=11 syncOff=0
APP_CRC_FAIL exp=D0D0 got=C41B seq=12 syncOff=0
SYNC_NOT_FOUND first4=7D41040B
APP_CRC_FAIL exp=D0D0 got=C41B seq=13 syncOff=0
APP_CRC_FAIL exp=D0D0 got=C41B seq=14 syncOff=0
APP_CRC_FAIL exp=D0D0 got=C41B seq=15 syncOff=0
APP_CRC_FAIL exp=D0D0 got=C41B seq=16 syncOff=0
APP_CRC_FAIL exp=D0D0 got=C41B seq=17 syncOff=0
APP_CRC_FAIL exp=D0D0 got=C41B seq=18 syncOff=0
APP_CRC_FAIL exp=D0D0 got=C41B seq=19 syncOff=0
APP_CRC_FAIL exp=D0D0 got=C41B seq=20 syncOff=0
SYNC_NOT_FOUND first4=4E52E4B6
APP_CRC_FAIL exp=D0D0 got=C41B seq=21 syncOff=0
APP_CRC_FAIL exp=D0D0 got=C41B seq=22 syncOff=0
APP_CRC_FAIL exp=D0D0 got=C41B seq=23 syncOff=0
APP_CRC_FAIL exp=D0D0 got=C41B seq=24 syncOff=0
APP_CRC_FAIL exp=D0D0 got=C41B seq=25 syncOff=0
APP_CRC_FAIL exp=D0D0 got=C41B seq=26 syncOff=0
APP_CRC_FAIL exp=D0D0 got=C41B seq=27 syncOff=0
APP_CRC_FAIL exp=D0D0 got=C41B seq=28 syncOff=0
APP_CRC_FAIL exp=D0D0 got=C41B seq=29 syncOff=0
APP_CRC_FAIL exp=D0D0 got=C41B seq=30 syncOff=0
APP_CRC_FAIL exp=D0D0 got=C41B seq=31 syncOff=0
APP_CRC_FAIL exp=D0D0 got=C41B seq=32 syncOff=0
APP_CRC_FAIL exp=D0D0 got=C41B seq=33 syncOff=0
APP_CRC_FAIL exp=D0D0 got=C41B seq=34 syncOff=0
APP_CRC_FAIL exp=D0D0 got=C41B seq=35 syncOff=0
APP_CRC_FAIL exp=D0D0 got=C41B seq=36 syncOff=0
APP_CRC_FAIL exp=D0D0 got=C41B seq=37 syncOff=0
SYNC_NOT_FOUND first4=D3B4EF2D
APP_CRC_FAIL exp=D0D0 got=C41B seq=38 syncOff=0
APP_CRC_FAIL exp=D0D0 got=C41B seq=39 syncOff=0
APP_CRC_FAIL exp=D0D0 got=C41B seq=40 syncOff=0
APP_CRC_FAIL exp=D0D0 got=C41B seq=41 syncOff=0
APP_CRC_FAIL exp=D0D0 got=C41B seq=42 syncOff=0
APP_CRC_FAIL exp=D0D0 got=C41B seq=43 syncOff=0
APP_CRC_FAIL exp=D0D0 got=C41B seq=44 syncOff=0
APP_CRC_FAIL exp=D0D0 got=C41B seq=45 syncOff=0
APP_CRC_FAIL exp=D0D0 got=C41B seq=46 syncOff=0
APP_CRC_FAIL exp=D0D0 got=C41B seq=47 syncOff=0
APP_CRC_FAIL exp=D0D0 got=C41B seq=48 syncOff=0
APP_CRC_FAIL exp=D0D0 got=C41B seq=49 syncOff=0
APP_CRC_FAIL exp=D0D0 got=C41B seq=50 syncOff=0
APP_CRC_FAIL exp=D0D0 got=C41B seq=51 syncOff=0
APP_CRC_FAIL exp=D0D0 got=C41B seq=52 syncOff=0
APP_CRC_FAIL exp=D0D0 got=C41B seq=53 syncOff=0
APP_CRC_FAIL exp=D0D0 got=C41B seq=54 syncOff=0
APP_CRC_FAIL exp=D0D0 got=C41B seq=55 syncOff=0
APP_CRC_FAIL exp=D0D0 got=C41B seq=56 syncOff=0
APP_CRC_FAIL exp=D0D0 got=C41B seq=57 syncOff=0
APP_CRC_FAIL exp=D0D0 got=C41B seq=58 syncOff=0
APP_CRC_FAIL exp=D0D0 got=C41B seq=59 syncOff=0
APP_CRC_FAIL exp=D0D0 got=C41B seq=60 syncOff=0
APP_CRC_FAIL exp=D0D0 got=C41B seq=61 syncOff=0
APP_CRC_FAIL exp=D0D0 got=C41B seq=62 syncOff=0
APP_CRC_FAIL exp=D0D0 got=C41B seq=63 syncOff=0
APP_CRC_FAIL exp=D0D0 got=C41B seq=64 syncOff=0
APP_CRC_FAIL exp=D0D0 got=C41B seq=65 syncOff=0
APP_CRC_FAIL exp=D0D0 got=C41B seq=66 syncOff=0
APP_CRC_FAIL exp=D0D0 got=C41B seq=67 syncOff=0
APP_CRC_FAIL exp=D0D0 got=C41B seq=68 syncOff=0
APP_CRC_FAIL exp=D0D0 got=C41B seq=69 syncOff=0
APP_CRC_FAIL exp=D0D0 got=C41B seq=70 syncOff=0
APP_CRC_FAIL exp=D0D0 got=C41B seq=71 syncOff=0
APP_CRC_FAIL exp=D0D0 got=C41B seq=72 syncOff=0
APP_CRC_FAIL exp=D0D0 got=C41B seq=73 syncOff=0
APP_CRC_FAIL exp=D0D0 got=C41B seq=74 syncOff=0
APP_CRC_FAIL exp=4040 got=473E seq=0 syncOff=0
APP_CRC_FAIL exp=4040 got=473E seq=1 syncOff=0
APP_CRC_FAIL exp=4040 got=473E seq=2 syncOff=0
APP_CRC_FAIL exp=4040 got=473E seq=3 syncOff=0
APP_CRC_FAIL exp=4040 got=473E seq=4 syncOff=0
APP_CRC_FAIL exp=4040 got=473E seq=5 syncOff=0
APP_CRC_FAIL exp=4040 got=473E seq=6 syncOff=0
APP_CRC_FAIL exp=4040 got=473E seq=7 syncOff=0
APP_CRC_FAIL exp=4040 got=473E seq=8 syncOff=0
APP_CRC_FAIL exp=4040 got=473E seq=9 syncOff=0
APP_CRC_FAIL exp=4040 got=473E seq=10 syncOff=0
APP_CRC_FAIL exp=4040 got=473E seq=11 syncOff=0
APP_CRC_FAIL exp=4040 got=473E seq=12 syncOff=0
APP_CRC_FAIL exp=4040 got=473E seq=13 syncOff=0
APP_CRC_FAIL exp=4040 got=473E seq=14 syncOff=0
APP_CRC_FAIL exp=4040 got=473E seq=15 syncOff=0
APP_CRC_FAIL exp=4040 got=473E seq=16 syncOff=0
APP_CRC_FAIL exp=4040 got=473E seq=17 syncOff=0
APP_CRC_FAIL exp=4040 got=473E seq=18 syncOff=0
APP_CRC_FAIL exp=4040 got=473E seq=19 syncOff=0
APP_CRC_FAIL exp=4040 got=473E seq=20 syncOff=0
APP_CRC_FAIL exp=4040 got=473E seq=21 syncOff=0
APP_CRC_FAIL exp=4040 got=473E seq=22 syncOff=0
APP_CRC_FAIL exp=4040 got=473E seq=23 syncOff=0
APP_CRC_FAIL exp=4040 got=473E seq=24 syncOff=0
APP_CRC_FAIL exp=4040 got=473E seq=25 syncOff=0
APP_CRC_FAIL exp=4040 got=473E seq=26 syncOff=0
APP_CRC_FAIL exp=4040 got=473E seq=27 syncOff=0
APP_CRC_FAIL exp=4040 got=473E seq=28 syncOff=0
SYNC_NOT_FOUND first4=0E729BC4
APP_CRC_FAIL exp=4040 got=473E seq=29 syncOff=0
APP_CRC_FAIL exp=4040 got=473E seq=30 syncOff=0
APP_CRC_FAIL exp=4040 got=473E seq=31 syncOff=0
APP_CRC_FAIL exp=4040 got=473E seq=32 syncOff=0
APP_CRC_FAIL exp=4040 got=473E seq=33 syncOff=0
APP_CRC_FAIL exp=4040 got=473E seq=34 syncOff=0
APP_CRC_FAIL exp=4040 got=473E seq=35 syncOff=0
APP_CRC_FAIL exp=4040 got=473E seq=36 syncOff=0
APP_CRC_FAIL exp=4040 got=473E seq=37 syncOff=0
APP_CRC_FAIL exp=4040 got=473E seq=38 syncOff=0
APP_CRC_FAIL exp=4040 got=473E seq=39 syncOff=0
APP_CRC_FAIL exp=4040 got=473E seq=40 syncOff=0
APP_CRC_FAIL exp=4040 got=473E seq=41 syncOff=0
APP_CRC_FAIL exp=4040 got=473E seq=42 syncOff=0
APP_CRC_FAIL exp=4040 got=473E seq=43 syncOff=0
APP_CRC_FAIL exp=4040 got=473E seq=44 syncOff=0
APP_CRC_FAIL exp=4040 got=473E seq=45 syncOff=0
APP_CRC_FAIL exp=4040 got=473E seq=46 syncOff=0
APP_CRC_FAIL exp=4040 got=473E seq=47 syncOff=0
APP_CRC_FAIL exp=4040 got=473E seq=48 syncOff=0
APP_CRC_FAIL exp=4040 got=473E seq=49 syncOff=0
APP_CRC_FAIL exp=4040 got=473E seq=50 syncOff=0
APP_CRC_FAIL exp=4040 got=473E seq=51 syncOff=0
APP_CRC_FAIL exp=4040 got=473E seq=52 syncOff=0
APP_CRC_FAIL exp=4040 got=473E seq=53 syncOff=0
APP_CRC_FAIL exp=4040 got=473E seq=54 syncOff=0
APP_CRC_FAIL exp=4040 got=473E seq=55 syncOff=0
APP_CRC_FAIL exp=4040 got=473E seq=56 syncOff=0
APP_CRC_FAIL exp=4040 got=473E seq=57 syncOff=0
APP_CRC_FAIL exp=4040 got=473E seq=58 syncOff=0
APP_CRC_FAIL exp=4040 got=473E seq=59 syncOff=0
APP_CRC_FAIL exp=4040 got=473E seq=60 syncOff=0
APP_CRC_FAIL exp=4040 got=473E seq=61 syncOff=0
APP_CRC_FAIL exp=4040 got=473E seq=62 syncOff=0
APP_CRC_FAIL exp=4040 got=473E seq=63 syncOff=0
APP_CRC_FAIL exp=4040 got=473E seq=64 syncOff=0
APP_CRC_FAIL exp=4040 got=473E seq=65 syncOff=0
APP_CRC_FAIL exp=4040 got=473E seq=66 syncOff=0
APP_CRC_FAIL exp=4040 got=473E seq=67 syncOff=0
APP_CRC_FAIL exp=4040 got=473E seq=68 syncOff=0
APP_CRC_FAIL exp=4040 got=473E seq=69 syncOff=0
APP_CRC_FAIL exp=4040 got=473E seq=70 syncOff=0
APP_CRC_FAIL exp=4040 got=473E seq=71 syncOff=0
APP_CRC_FAIL exp=4040 got=473E seq=72 syncOff=0
APP_CRC_FAIL exp=4040 got=473E seq=73 syncOff=0
APP_CRC_FAIL exp=4040 got=473E seq=74 syncOff=0
APP_CRC_FAIL exp=9595 got=13EF seq=0 syncOff=0
APP_CRC_FAIL exp=9595 got=13EF seq=1 syncOff=0
APP_CRC_FAIL exp=9595 got=13EF seq=2 syncOff=0
APP_CRC_FAIL exp=9595 got=13EF seq=3 syncOff=0
APP_CRC_FAIL exp=9595 got=13EF seq=4 syncOff=0
APP_CRC_FAIL exp=9595 got=13EF seq=5 syncOff=0
APP_CRC_FAIL exp=9595 got=13EF seq=6 syncOff=0
APP_CRC_FAIL exp=9595 got=13EF seq=7 syncOff=0
APP_CRC_FAIL exp=9595 got=13EF seq=8 syncOff=0
APP_CRC_FAIL exp=9595 got=13EF seq=9 syncOff=0
APP_CRC_FAIL exp=9595 got=13EF seq=10 syncOff=0
APP_CRC_FAIL exp=9595 got=13EF seq=11 syncOff=0
APP_CRC_FAIL exp=9595 got=13EF seq=12 syncOff=0
APP_CRC_FAIL exp=9595 got=13EF seq=13 syncOff=0
APP_CRC_FAIL exp=9595 got=13EF seq=14 syncOff=0
APP_CRC_FAIL exp=9595 got=13EF seq=15 syncOff=0
APP_CRC_FAIL exp=9595 got=13EF seq=16 syncOff=0
APP_CRC_FAIL exp=9595 got=13EF seq=17 syncOff=0
APP_CRC_FAIL exp=9595 got=13EF seq=18 syncOff=0
APP_CRC_FAIL exp=9595 got=13EF seq=19 syncOff=0
APP_CRC_FAIL exp=9595 got=13EF seq=20 syncOff=0
APP_CRC_FAIL exp=9595 got=13EF seq=21 syncOff=0
APP_CRC_FAIL exp=9595 got=13EF seq=22 syncOff=0
APP_CRC_FAIL exp=9595 got=13EF seq=23 syncOff=0
APP_CRC_FAIL exp=9595 got=13EF seq=24 syncOff=0
APP_CRC_FAIL exp=9595 got=13EF seq=25 syncOff=0
APP_CRC_FAIL exp=9595 got=13EF seq=26 syncOff=0
APP_CRC_FAIL exp=9595 got=13EF seq=27 syncOff=0
APP_CRC_FAIL exp=9595 got=13EF seq=28 syncOff=0
APP_CRC_FAIL exp=9595 got=13EF seq=29 syncOff=0
APP_CRC_FAIL exp=9595 got=13EF seq=30 syncOff=0
APP_CRC_FAIL exp=9595 got=13EF seq=31 syncOff=0
APP_CRC_FAIL exp=9595 got=13EF seq=32 syncOff=0
APP_CRC_FAIL exp=9595 got=13EF seq=33 syncOff=0
SYNC_NOT_FOUND first4=7DFB523A
APP_CRC_FAIL exp=9595 got=13EF seq=34 syncOff=0
APP_CRC_FAIL exp=9595 got=13EF seq=35 syncOff=0
APP_CRC_FAIL exp=9595 got=13EF seq=36 syncOff=0
APP_CRC_FAIL exp=9595 got=13EF seq=37 syncOff=0
APP_CRC_FAIL exp=9595 got=13EF seq=38 syncOff=0
APP_CRC_FAIL exp=9595 got=13EF seq=39 syncOff=0
APP_CRC_FAIL exp=9595 got=13EF seq=40 syncOff=0
APP_CRC_FAIL exp=9595 got=13EF seq=41 syncOff=0
APP_CRC_FAIL exp=9595 got=13EF seq=42 syncOff=0
APP_CRC_FAIL exp=9595 got=13EF seq=43 syncOff=0
APP_CRC_FAIL exp=9595 got=13EF seq=44 syncOff=0
APP_CRC_FAIL exp=9595 got=13EF seq=45 syncOff=0
APP_CRC_FAIL exp=9595 got=13EF seq=46 syncOff=0
APP_CRC_FAIL exp=9595 got=13EF seq=47 syncOff=0
APP_CRC_FAIL exp=9595 got=13EF seq=48 syncOff=0
APP_CRC_FAIL exp=9595 got=13EF seq=49 syncOff=0
APP_CRC_FAIL exp=9595 got=13EF seq=50 syncOff=0
APP_CRC_FAIL exp=9595 got=13EF seq=51 syncOff=0
APP_CRC_FAIL exp=9595 got=13EF seq=52 syncOff=0
APP_CRC_FAIL exp=9595 got=13EF seq=53 syncOff=0
APP_CRC_FAIL exp=9595 got=13EF seq=54 syncOff=0
APP_CRC_FAIL exp=9595 got=13EF seq=55 syncOff=0
APP_CRC_FAIL exp=9595 got=13EF seq=56 syncOff=0
APP_CRC_FAIL exp=9595 got=13EF seq=57 syncOff=0
APP_CRC_FAIL exp=9595 got=13EF seq=58 syncOff=0
APP_CRC_FAIL exp=9595 got=13EF seq=59 syncOff=0
APP_CRC_FAIL exp=9595 got=13EF seq=60 syncOff=0
APP_CRC_FAIL exp=9595 got=13EF seq=61 syncOff=0
APP_CRC_FAIL exp=9595 got=13EF seq=62 syncOff=0
APP_CRC_FAIL exp=9595 got=13EF seq=63 syncOff=0
APP_CRC_FAIL exp=9595 got=13EF seq=64 syncOff=0
APP_CRC_FAIL exp=9595 got=13EF seq=65 syncOff=0
APP_CRC_FAIL exp=9595 got=13EF seq=66 syncOff=0
APP_CRC_FAIL exp=9595 got=13EF seq=67 syncOff=0
APP_CRC_FAIL exp=9595 got=13EF seq=68 syncOff=0
APP_CRC_FAIL exp=9595 got=13EF seq=69 syncOff=0
APP_CRC_FAIL exp=9595 got=13EF seq=70 syncOff=0
APP_CRC_FAIL exp=9595 got=13EF seq=71 syncOff=0
APP_CRC_FAIL exp=9595 got=13EF seq=72 syncOff=0
APP_CRC_FAIL exp=9595 got=13EF seq=73 syncOff=0
APP_CRC_FAIL exp=9595 got=13EF seq=74 syncOff=0
TIME_DIFF gps_utc=1785057898 laptop_utc=1785057897 offset=1
TIME_SYNCED utc=1785057898 offset=1785033575
TIME_DIFF gps_utc=1785057898 laptop_utc=1785057898 offset=0
SYNC_NOT_FOUND first4=F26AAA83
TIME_DIFF gps_utc=1785057898 laptop_utc=1785057899 offset=-1
TIME_DIFF gps_utc=1785057898 laptop_utc=1785057899 offset=-1
TIME_DIFF gps_utc=1785057898 laptop_utc=1785057899 offset=-1
TIME_DIFF gps_utc=1785057898 laptop_utc=1785057899 offset=-1
TIME_DIFF gps_utc=1785057898 laptop_utc=1785057899 offset=-1
TIME_DIFF gps_utc=1785057898 laptop_utc=1785057899 offset=-1
TIME_DIFF gps_utc=1785057898 laptop_utc=1785057899 offset=-1
TIME_DIFF gps_utc=1785057898 laptop_utc=1785057899 offset=-1
TIME_DIFF gps_utc=1785057898 laptop_utc=1785057899 offset=-1
TIME_DIFF gps_utc=1785057898 laptop_utc=1785057899 offset=-1
TIME_DIFF gps_utc=1785057898 laptop_utc=1785057899 offset=-1
TIME_DIFF gps_utc=1785057898 laptop_utc=1785057899 offset=-1
TIME_DIFF gps_utc=1785057898 laptop_utc=1785057899 offset=-1
TIME_DIFF gps_utc=1785057898 laptop_utc=1785057899 offset=-1
TIME_DIFF gps_utc=1785057898 laptop_utc=1785057899 offset=-1
TIME_DIFF gps_utc=1785057898 laptop_utc=1785057899 offset=-1
TIME_DIFF gps_utc=1785057898 laptop_utc=1785057899 offset=-1
TIME_DIFF gps_utc=1785057898 laptop_utc=1785057899 offset=-1
TIME_DIFF gps_utc=1785057898 laptop_utc=1785057899 offset=-1
TIME_DIFF gps_utc=1785057898 laptop_utc=1785057899 offset=-1
TIME_DIFF gps_utc=1785057898 laptop_utc=1785057899 offset=-1
TIME_DIFF gps_utc=1785057898 laptop_utc=1785057899 offset=-1
TIME_DIFF gps_utc=1785057898 laptop_utc=1785057899 offset=-1
TIME_DIFF gps_utc=1785057898 laptop_utc=1785057899 offset=-1
TIME_DIFF gps_utc=1785057898 laptop_utc=1785057899 offset=-1
TIME_DIFF gps_utc=1785057898 laptop_utc=1785057899 offset=-1
TIME_DIFF gps_utc=1785057898 laptop_utc=1785057899 offset=-1
TIME_DIFF gps_utc=1785057898 laptop_utc=1785057899 offset=-1
TIME_DIFF gps_utc=1785057898 laptop_utc=1785057899 offset=-1
TIME_DIFF gps_utc=1785057898 laptop_utc=1785057899 offset=-1
TIME_DIFF gps_utc=1785057898 laptop_utc=1785057899 offset=-1
TIME_DIFF gps_utc=1785057898 laptop_utc=1785057899 offset=-1
TIME_DIFF gps_utc=1785057898 laptop_utc=1785057899 offset=-1
TIME_DIFF gps_utc=1785057898 laptop_utc=1785057899 offset=-1
TIME_DIFF gps_utc=1785057898 laptop_utc=1785057899 offset=-1
TIME_DIFF gps_utc=1785057898 laptop_utc=1785057899 offset=-1
TIME_DIFF gps_utc=1785057898 laptop_utc=1785057899 offset=-1
TIME_DIFF gps_utc=1785057898 laptop_utc=1785057899 offset=-1
TIME_DIFF gps_utc=1785057898 laptop_utc=1785057899 offset=-1
TIME_DIFF gps_utc=1785057898 laptop_utc=1785057899 offset=-1
TIME_DIFF gps_utc=1785057898 laptop_utc=1785057899 offset=-1
TIME_DIFF gps_utc=1785057898 laptop_utc=1785057899 offset=-1
TIME_DIFF gps_utc=1785057898 laptop_utc=1785057899 offset=-1
TIME_DIFF gps_utc=1785057898 laptop_utc=1785057899 offset=-1
TIME_DIFF gps_utc=1785057898 laptop_utc=1785057899 offset=-1
TIME_DIFF gps_utc=1785057898 laptop_utc=1785057899 offset=-1
TIME_DIFF gps_utc=1785057898 laptop_utc=1785057899 offset=-1
TIME_DIFF gps_utc=1785057899 laptop_utc=1785057899 offset=0
TIME_DIFF gps_utc=1785057899 laptop_utc=1785057899 offset=0
TIME_DIFF gps_utc=1785057899 laptop_utc=1785057899 offset=0
TIME_DIFF gps_utc=1785057899 laptop_utc=1785057899 offset=0
TIME_DIFF gps_utc=1785057899 laptop_utc=1785057899 offset=0
TIME_DIFF gps_utc=1785057899 laptop_utc=1785057899 offset=0
TIME_DIFF gps_utc=1785057899 laptop_utc=1785057899 offset=0
TIME_DIFF gps_utc=1785057899 laptop_utc=1785057899 offset=0
TIME_DIFF gps_utc=1785057899 laptop_utc=1785057900 offset=-1
TIME_DIFF gps_utc=1785057899 laptop_utc=1785057900 offset=-1
TIME_DIFF gps_utc=1785057899 laptop_utc=1785057900 offset=-1
TIME_DIFF gps_utc=1785057899 laptop_utc=1785057900 offset=-1
TIME_DIFF gps_utc=1785057899 laptop_utc=1785057900 offset=-1
TIME_DIFF gps_utc=1785057899 laptop_utc=1785057900 offset=-1
TIME_DIFF gps_utc=1785057899 laptop_utc=1785057900 offset=-1
TIME_DIFF gps_utc=1785057899 laptop_utc=1785057900 offset=-1
TIME_DIFF gps_utc=1785057899 laptop_utc=1785057900 offset=-1
TIME_DIFF gps_utc=1785057899 laptop_utc=1785057900 offset=-1
TIME_DIFF gps_utc=1785057899 laptop_utc=1785057900 offset=-1
SYNC_NOT_FOUND first4=40568B25
TIME_DIFF gps_utc=1785057899 laptop_utc=1785057900 offset=-1
TIME_DIFF gps_utc=1785057899 laptop_utc=1785057900 offset=-1
TIME_DIFF gps_utc=1785057899 laptop_utc=1785057900 offset=-1
TIME_DIFF gps_utc=1785057899 laptop_utc=1785057900 offset=-1
TIME_DIFF gps_utc=1785057899 laptop_utc=1785057900 offset=-1
TIME_DIFF gps_utc=1785057899 laptop_utc=1785057900 offset=-1
SYNC_NOT_FOUND first4=045FCD79
SYNC_NOT_FOUND first4=E19532A6
SYNC_NOT_FOUND first4=667FCBE6
SYNC_LOST phase=55 consecutive=3 cached_off=0
SYNC_NOT_FOUND first4=D65F2299
SYNC_NOT_FOUND first4=9E7F224E
SYNC_NOT_FOUND first4=82CA9943
SYNC_NOT_FOUND first4=15853286
SYNC_NOT_FOUND first4=998532A6
SYNC_NOT_FOUND first4=435E7B52
SYNC_NOT_FOUND first4=33598B32
SYNC_NOT_FOUND first4=3E6ACFE7
SYNC_NOT_FOUND first4=5D970FF9
TIME_SYNCED utc=1785057909 offset=1785033575
SYNC_NOT_FOUND first4=7E002FFD
SYNC_NOT_FOUND first4=0CC89066
SYNC_NOT_FOUND first4=7AA27A05
SYNC_NOT_FOUND first4=DE599961
SYNC_NOT_FOUND first4=E6787FAF
SYNC_NOT_FOUND first4=4278A8B1
SYNC_NOT_FOUND first4=276199E5
SYNC_NOT_FOUND first4=A5CE3B70
SYNC_NOT_FOUND first4=8569666D
SYNC_NOT_FOUND first4=47AC8AC1
SYNC_NOT_FOUND first4=C1BF4AF3
SYNC_NOT_FOUND first4=E69EA0AF
SYNC_NOT_FOUND first4=4A72FDC9
SYNC_NOT_FOUND first4=77EB6C0C
SYNC_NOT_FOUND first4=E99987E0
SYNC_NOT_FOUND first4=453DD2B0
SYNC_NOT_FOUND first4=0A805DFB
SYNC_NOT_FOUND first4=66661600
SYNC_NOT_FOUND first4=CF469F6F
SYNC_NOT_FOUND first4=999A5FAF
SYNC_NOT_FOUND first4=6797EAF4
SYNC_NOT_FOUND first4=C5D61491
SYNC_NOT_FOUND first4=FA599868
SYNC_NOT_FOUND first4=87999697
SYNC_NOT_FOUND first4=0A4083D3
TIME_SYNCED utc=1785057919 offset=1785033574
SYNC_NOT_FOUND first4=13D5DC5E
SYNC_NOT_FOUND first4=4836ADD4
SYNC_NOT_FOUND first4=E186982F
SYNC_NOT_FOUND first4=E84A35D3
TIME_SYNCED utc=1785057929 offset=1785033574
SYNC_NOT_FOUND first4=9A54F4B1
SYNC_NOT_FOUND first4=F56B48C2
SYNC_NOT_FOUND first4=D2C17C8E
SYNC_NOT_FOUND first4=B127C002
SYNC_NOT_FOUND first4=E99A6666
SYNC_NOT_FOUND first4=1B41D07B
TIME_SYNCED utc=1785057940 offset=1785033575
SYNC_NOT_FOUND first4=3A0C935D
TIME_STATS min=-2000ms max=1000ms avg=-91ms corrections=0
SYNC_NOT_FOUND first4=D6BC6843
SYNC_NOT_FOUND first4=4C92494C
SYNC_NOT_FOUND first4=E9DA9F7E
TIME_SYNCED utc=1785057950 offset=1785033574
SYNC_NOT_FOUND first4=B10183C2
SYNC_NOT_FOUND first4=49B9E741
SYNC_NOT_FOUND first4=FBD1B1F5
SYNC_NOT_FOUND first4=C94A2792
SYNC_NOT_FOUND first4=E5757954
TIME_SYNCED utc=1785057961 offset=1785033574
SYNC_NOT_FOUND first4=02DCD18C
SYNC_NOT_FOUND first4=05A5A5A5
SYNC_NOT_FOUND first4=5D136C1B
SYNC_OFFSET phase=55 off=0 prev=-1
APP_CRC_FAIL exp=D0D0 got=C41B seq=0 syncOff=0
APP_CRC_FAIL exp=D0D0 got=C41B seq=1 syncOff=0
APP_CRC_FAIL exp=D0D0 got=C41B seq=2 syncOff=0
APP_CRC_FAIL exp=D0D0 got=C41B seq=3 syncOff=0
APP_CRC_FAIL exp=D0D0 got=C41B seq=4 syncOff=0
APP_CRC_FAIL exp=D0D0 got=C41B seq=5 syncOff=0
APP_CRC_FAIL exp=D0D0 got=C41B seq=6 syncOff=0
APP_CRC_FAIL exp=D0D0 got=C41B seq=7 syncOff=0
APP_CRC_FAIL exp=D0D0 got=C41B seq=8 syncOff=0
APP_CRC_FAIL exp=D0D0 got=C41B seq=9 syncOff=0
APP_CRC_FAIL exp=D0D0 got=C41B seq=10 syncOff=0
APP_CRC_FAIL exp=D0D0 got=C41B seq=11 syncOff=0
APP_CRC_FAIL exp=D0D0 got=C41B seq=12 syncOff=0
APP_CRC_FAIL exp=D0D0 got=C41B seq=13 syncOff=0
APP_CRC_FAIL exp=D0D0 got=C41B seq=14 syncOff=0
APP_CRC_FAIL exp=D0D0 got=C41B seq=15 syncOff=0
APP_CRC_FAIL exp=D0D0 got=C41B seq=16 syncOff=0
APP_CRC_FAIL exp=D0D0 got=C41B seq=17 syncOff=0
APP_CRC_FAIL exp=D0D0 got=C41B seq=18 syncOff=0
APP_CRC_FAIL exp=D0D0 got=C41B seq=19 syncOff=0
APP_CRC_FAIL exp=D0D0 got=C41B seq=20 syncOff=0
APP_CRC_FAIL exp=D0D0 got=C41B seq=21 syncOff=0
APP_CRC_FAIL exp=D0D0 got=C41B seq=22 syncOff=0
APP_CRC_FAIL exp=D0D0 got=C41B seq=23 syncOff=0
APP_CRC_FAIL exp=D0D0 got=C41B seq=24 syncOff=0
APP_CRC_FAIL exp=D0D0 got=C41B seq=25 syncOff=0
APP_CRC_FAIL exp=D0D0 got=C41B seq=26 syncOff=0
APP_CRC_FAIL exp=D0D0 got=C41B seq=27 syncOff=0
APP_CRC_FAIL exp=D0D0 got=C41B seq=28 syncOff=0
APP_CRC_FAIL exp=D0D0 got=C41B seq=29 syncOff=0
APP_CRC_FAIL exp=D0D0 got=C41B seq=30 syncOff=0
APP_CRC_FAIL exp=D0D0 got=C41B seq=31 syncOff=0
APP_CRC_FAIL exp=D0D0 got=C41B seq=32 syncOff=0
APP_CRC_FAIL exp=D0D0 got=C41B seq=33 syncOff=0
APP_CRC_FAIL exp=D0D0 got=C41B seq=34 syncOff=0
APP_CRC_FAIL exp=D0D0 got=C41B seq=35 syncOff=0
APP_CRC_FAIL exp=D0D0 got=C41B seq=36 syncOff=0
APP_CRC_FAIL exp=D0D0 got=C41B seq=37 syncOff=0
APP_CRC_FAIL exp=D0D0 got=C41B seq=38 syncOff=0
APP_CRC_FAIL exp=D0D0 got=C41B seq=39 syncOff=0
APP_CRC_FAIL exp=D0D0 got=C41B seq=40 syncOff=0
APP_CRC_FAIL exp=D0D0 got=C41B seq=41 syncOff=0
APP_CRC_FAIL exp=D0D0 got=C41B seq=42 syncOff=0
APP_CRC_FAIL exp=D0D0 got=C41B seq=43 syncOff=0
APP_CRC_FAIL exp=D0D0 got=C41B seq=44 syncOff=0
APP_CRC_FAIL exp=D0D0 got=C41B seq=45 syncOff=0
APP_CRC_FAIL exp=D0D0 got=C41B seq=46 syncOff=0
APP_CRC_FAIL exp=D0D0 got=C41B seq=47 syncOff=0
APP_CRC_FAIL exp=D0D0 got=C41B seq=48 syncOff=0
APP_CRC_FAIL exp=D0D0 got=C41B seq=49 syncOff=0
APP_CRC_FAIL exp=D0D0 got=C41B seq=50 syncOff=0
APP_CRC_FAIL exp=D0D0 got=C41B seq=51 syncOff=0
APP_CRC_FAIL exp=D0D0 got=C41B seq=52 syncOff=0
APP_CRC_FAIL exp=D0D0 got=C41B seq=53 syncOff=0
APP_CRC_FAIL exp=D0D0 got=C41B seq=54 syncOff=0
APP_CRC_FAIL exp=D0D0 got=C41B seq=55 syncOff=0
APP_CRC_FAIL exp=D0D0 got=C41B seq=56 syncOff=0
APP_CRC_FAIL exp=D0D0 got=C41B seq=57 syncOff=0
APP_CRC_FAIL exp=D0D0 got=C41B seq=58 syncOff=0
APP_CRC_FAIL exp=D0D0 got=C41B seq=59 syncOff=0
APP_CRC_FAIL exp=D0D0 got=C41B seq=60 syncOff=0
APP_CRC_FAIL exp=D0D0 got=C41B seq=61 syncOff=0
APP_CRC_FAIL exp=D0D0 got=C41B seq=62 syncOff=0
APP_CRC_FAIL exp=D0D0 got=C41B seq=63 syncOff=0
APP_CRC_FAIL exp=D0D0 got=C41B seq=64 syncOff=0
APP_CRC_FAIL exp=D0D0 got=C41B seq=65 syncOff=0
APP_CRC_FAIL exp=D0D0 got=C41B seq=66 syncOff=0
APP_CRC_FAIL exp=D0D0 got=C41B seq=67 syncOff=0
APP_CRC_FAIL exp=D0D0 got=C41B seq=68 syncOff=0
APP_CRC_FAIL exp=D0D0 got=C41B seq=69 syncOff=0
APP_CRC_FAIL exp=D0D0 got=C41B seq=70 syncOff=0
APP_CRC_FAIL exp=D0D0 got=C41B seq=71 syncOff=0
APP_CRC_FAIL exp=D0D0 got=C41B seq=72 syncOff=0
APP_CRC_FAIL exp=D0D0 got=C41B seq=73 syncOff=0
APP_CRC_FAIL exp=D0D0 got=C41B seq=74 syncOff=0
APP_CRC_FAIL exp=4242 got=BA19 seq=0 syncOff=0
APP_CRC_FAIL exp=4242 got=BA19 seq=1 syncOff=0
APP_CRC_FAIL exp=4242 got=BA19 seq=2 syncOff=0
APP_CRC_FAIL exp=4242 got=BA19 seq=3 syncOff=0
APP_CRC_FAIL exp=4242 got=BA19 seq=4 syncOff=0
APP_CRC_FAIL exp=4242 got=BA19 seq=5 syncOff=0
APP_CRC_FAIL exp=4242 got=BA19 seq=6 syncOff=0
APP_CRC_FAIL exp=4242 got=BA19 seq=7 syncOff=0
APP_CRC_FAIL exp=4242 got=BA19 seq=8 syncOff=0
APP_CRC_FAIL exp=4242 got=BA19 seq=9 syncOff=0
APP_CRC_FAIL exp=4242 got=BA19 seq=10 syncOff=0
APP_CRC_FAIL exp=4242 got=BA19 seq=11 syncOff=0
APP_CRC_FAIL exp=4242 got=BA19 seq=12 syncOff=0
APP_CRC_FAIL exp=4242 got=BA19 seq=13 syncOff=0
APP_CRC_FAIL exp=4242 got=BA19 seq=14 syncOff=0
APP_CRC_FAIL exp=4242 got=BA19 seq=15 syncOff=0
APP_CRC_FAIL exp=4242 got=BA19 seq=16 syncOff=0
APP_CRC_FAIL exp=4242 got=BA19 seq=17 syncOff=0
SYNC_NOT_FOUND first4=0F4B42C0
APP_CRC_FAIL exp=4242 got=BA19 seq=18 syncOff=0
APP_CRC_FAIL exp=4242 got=BA19 seq=19 syncOff=0
APP_CRC_FAIL exp=4242 got=BA19 seq=20 syncOff=0
APP_CRC_FAIL exp=4242 got=BA19 seq=21 syncOff=0
APP_CRC_FAIL exp=4242 got=BA19 seq=22 syncOff=0
APP_CRC_FAIL exp=4242 got=BA19 seq=23 syncOff=0
APP_CRC_FAIL exp=4242 got=BA19 seq=24 syncOff=0
APP_CRC_FAIL exp=4242 got=BA19 seq=25 syncOff=0
APP_CRC_FAIL exp=4242 got=BA19 seq=26 syncOff=0
APP_CRC_FAIL exp=4242 got=BA19 seq=27 syncOff=0
APP_CRC_FAIL exp=4242 got=BA19 seq=28 syncOff=0
APP_CRC_FAIL exp=4242 got=BA19 seq=29 syncOff=0
APP_CRC_FAIL exp=4242 got=BA19 seq=30 syncOff=0
APP_CRC_FAIL exp=4242 got=BA19 seq=31 syncOff=0
APP_CRC_FAIL exp=4242 got=BA19 seq=32 syncOff=0
APP_CRC_FAIL exp=4242 got=BA19 seq=33 syncOff=0
APP_CRC_FAIL exp=4242 got=BA19 seq=34 syncOff=0
APP_CRC_FAIL exp=4242 got=BA19 seq=35 syncOff=0
APP_CRC_FAIL exp=4242 got=BA19 seq=36 syncOff=0
SYNC_NOT_FOUND first4=CC77C23C
APP_CRC_FAIL exp=4242 got=BA19 seq=37 syncOff=0
APP_CRC_FAIL exp=4242 got=BA19 seq=38 syncOff=0
APP_CRC_FAIL exp=4242 got=BA19 seq=39 syncOff=0
APP_CRC_FAIL exp=4242 got=BA19 seq=40 syncOff=0
APP_CRC_FAIL exp=4242 got=BA19 seq=41 syncOff=0
APP_CRC_FAIL exp=4242 got=BA19 seq=42 syncOff=0
APP_CRC_FAIL exp=4242 got=BA19 seq=43 syncOff=0
APP_CRC_FAIL exp=4242 got=BA19 seq=44 syncOff=0
APP_CRC_FAIL exp=4242 got=BA19 seq=45 syncOff=0
APP_CRC_FAIL exp=4242 got=BA19 seq=46 syncOff=0
APP_CRC_FAIL exp=4242 got=BA19 seq=47 syncOff=0
APP_CRC_FAIL exp=4242 got=BA19 seq=48 syncOff=0
SYNC_NOT_FOUND first4=6B0C13C5
APP_CRC_FAIL exp=4242 got=BA19 seq=49 syncOff=0
APP_CRC_FAIL exp=4242 got=BA19 seq=50 syncOff=0
APP_CRC_FAIL exp=4242 got=BA19 seq=51 syncOff=0
APP_CRC_FAIL exp=4242 got=BA19 seq=52 syncOff=0
APP_CRC_FAIL exp=4242 got=BA19 seq=53 syncOff=0
APP_CRC_FAIL exp=4242 got=BA19 seq=54 syncOff=0
APP_CRC_FAIL exp=4242 got=BA19 seq=55 syncOff=0
APP_CRC_FAIL exp=4242 got=BA19 seq=56 syncOff=0
APP_CRC_FAIL exp=4242 got=BA19 seq=57 syncOff=0
APP_CRC_FAIL exp=4242 got=BA19 seq=58 syncOff=0
APP_CRC_FAIL exp=4242 got=BA19 seq=59 syncOff=0
APP_CRC_FAIL exp=4242 got=BA19 seq=60 syncOff=0
APP_CRC_FAIL exp=4242 got=BA19 seq=61 syncOff=0
APP_CRC_FAIL exp=4242 got=BA19 seq=62 syncOff=0
APP_CRC_FAIL exp=4242 got=BA19 seq=63 syncOff=0
APP_CRC_FAIL exp=4242 got=BA19 seq=64 syncOff=0
APP_CRC_FAIL exp=4242 got=BA19 seq=65 syncOff=0
SYNC_NOT_FOUND first4=40285092
APP_CRC_FAIL exp=4242 got=BA19 seq=66 syncOff=0
APP_CRC_FAIL exp=4242 got=BA19 seq=67 syncOff=0
APP_CRC_FAIL exp=4242 got=BA19 seq=68 syncOff=0
APP_CRC_FAIL exp=4242 got=BA19 seq=69 syncOff=0
APP_CRC_FAIL exp=4242 got=BA19 seq=70 syncOff=0
APP_CRC_FAIL exp=4242 got=BA19 seq=71 syncOff=0
APP_CRC_FAIL exp=4242 got=BA19 seq=72 syncOff=0
APP_CRC_FAIL exp=4242 got=BA19 seq=73 syncOff=0
APP_CRC_FAIL exp=4242 got=BA19 seq=74 syncOff=0
APP_CRC_FAIL exp=9595 got=13EF seq=0 syncOff=0
APP_CRC_FAIL exp=9595 got=13EF seq=1 syncOff=0
APP_CRC_FAIL exp=9595 got=13EF seq=2 syncOff=0
APP_CRC_FAIL exp=9595 got=13EF seq=3 syncOff=0
APP_CRC_FAIL exp=9595 got=13EF seq=4 syncOff=0
APP_CRC_FAIL exp=9595 got=13EF seq=5 syncOff=0
APP_CRC_FAIL exp=9595 got=13EF seq=6 syncOff=0
APP_CRC_FAIL exp=9595 got=13EF seq=7 syncOff=0
APP_CRC_FAIL exp=9595 got=13EF seq=8 syncOff=0
APP_CRC_FAIL exp=9595 got=13EF seq=9 syncOff=0
APP_CRC_FAIL exp=9595 got=13EF seq=10 syncOff=0
APP_CRC_FAIL exp=9595 got=13EF seq=11 syncOff=0
APP_CRC_FAIL exp=9595 got=13EF seq=12 syncOff=0
APP_CRC_FAIL exp=9595 got=13EF seq=13 syncOff=0
APP_CRC_FAIL exp=9595 got=13EF seq=14 syncOff=0
APP_CRC_FAIL exp=9595 got=13EF seq=15 syncOff=0
APP_CRC_FAIL exp=9595 got=13EF seq=16 syncOff=0
APP_CRC_FAIL exp=9595 got=13EF seq=17 syncOff=0
APP_CRC_FAIL exp=9595 got=13EF seq=18 syncOff=0
APP_CRC_FAIL exp=9595 got=13EF seq=19 syncOff=0
APP_CRC_FAIL exp=9595 got=13EF seq=20 syncOff=0
APP_CRC_FAIL exp=9595 got=13EF seq=21 syncOff=0
APP_CRC_FAIL exp=9595 got=13EF seq=22 syncOff=0
APP_CRC_FAIL exp=9595 got=13EF seq=23 syncOff=0
APP_CRC_FAIL exp=9595 got=13EF seq=24 syncOff=0
APP_CRC_FAIL exp=9595 got=13EF seq=25 syncOff=0
APP_CRC_FAIL exp=9595 got=13EF seq=26 syncOff=0
APP_CRC_FAIL exp=9595 got=13EF seq=27 syncOff=0
APP_CRC_FAIL exp=9595 got=13EF seq=28 syncOff=0
APP_CRC_FAIL exp=9595 got=13EF seq=29 syncOff=0
APP_CRC_FAIL exp=9595 got=13EF seq=30 syncOff=0
APP_CRC_FAIL exp=9595 got=13EF seq=31 syncOff=0
APP_CRC_FAIL exp=9595 got=13EF seq=32 syncOff=0
APP_CRC_FAIL exp=9595 got=13EF seq=33 syncOff=0
APP_CRC_FAIL exp=9595 got=13EF seq=34 syncOff=0
APP_CRC_FAIL exp=9595 got=13EF seq=35 syncOff=0
APP_CRC_FAIL exp=9595 got=13EF seq=36 syncOff=0
APP_CRC_FAIL exp=9595 got=13EF seq=37 syncOff=0
APP_CRC_FAIL exp=9595 got=13EF seq=38 syncOff=0
APP_CRC_FAIL exp=9595 got=13EF seq=39 syncOff=0
APP_CRC_FAIL exp=9595 got=13EF seq=40 syncOff=0
APP_CRC_FAIL exp=9595 got=13EF seq=41 syncOff=0
APP_CRC_FAIL exp=9595 got=13EF seq=42 syncOff=0
APP_CRC_FAIL exp=9595 got=13EF seq=43 syncOff=0
APP_CRC_FAIL exp=9595 got=13EF seq=44 syncOff=0
APP_CRC_FAIL exp=9595 got=13EF seq=45 syncOff=0
SYNC_NOT_FOUND first4=1B15D8CC
APP_CRC_FAIL exp=9595 got=13EF seq=46 syncOff=0
APP_CRC_FAIL exp=9595 got=13EF seq=47 syncOff=0
APP_CRC_FAIL exp=9595 got=13EF seq=48 syncOff=0
APP_CRC_FAIL exp=9595 got=13EF seq=49 syncOff=0
APP_CRC_FAIL exp=9595 got=13EF seq=50 syncOff=0
APP_CRC_FAIL exp=9595 got=13EF seq=51 syncOff=0
SYNC_NOT_FOUND first4=40A1D2B2
APP_CRC_FAIL exp=9595 got=13EF seq=52 syncOff=0
APP_CRC_FAIL exp=9595 got=13EF seq=53 syncOff=0
APP_CRC_FAIL exp=9595 got=13EF seq=54 syncOff=0
APP_CRC_FAIL exp=9595 got=13EF seq=55 syncOff=0
APP_CRC_FAIL exp=9595 got=13EF seq=56 syncOff=0
APP_CRC_FAIL exp=9595 got=13EF seq=57 syncOff=0
APP_CRC_FAIL exp=9595 got=13EF seq=58 syncOff=0
APP_CRC_FAIL exp=9595 got=13EF seq=59 syncOff=0
APP_CRC_FAIL exp=9595 got=13EF seq=60 syncOff=0
APP_CRC_FAIL exp=9595 got=13EF seq=61 syncOff=0
APP_CRC_FAIL exp=9595 got=13EF seq=62 syncOff=0
APP_CRC_FAIL exp=9595 got=13EF seq=63 syncOff=0
APP_CRC_FAIL exp=9595 got=13EF seq=64 syncOff=0
APP_CRC_FAIL exp=9595 got=13EF seq=65 syncOff=0
APP_CRC_FAIL exp=9595 got=13EF seq=66 syncOff=0
APP_CRC_FAIL exp=9595 got=13EF seq=67 syncOff=0
APP_CRC_FAIL exp=9595 got=13EF seq=68 syncOff=0
APP_CRC_FAIL exp=9595 got=13EF seq=69 syncOff=0
APP_CRC_FAIL exp=9595 got=13EF seq=70 syncOff=0
APP_CRC_FAIL exp=9595 got=13EF seq=71 syncOff=0
APP_CRC_FAIL exp=9595 got=13EF seq=72 syncOff=0
TIME_SYNCED utc=1785057971 offset=1785033574
APP_CRC_FAIL exp=9595 got=13EF seq=73 syncOff=0
APP_CRC_FAIL exp=9595 got=13EF seq=74 syncOff=0
TIME_DIFF gps_utc=1785057972 laptop_utc=1785057972 offset=0
TIME_DIFF gps_utc=1785057972 laptop_utc=1785057972 offset=0
TIME_DIFF gps_utc=1785057972 laptop_utc=1785057972 offset=0
TIME_DIFF gps_utc=1785057972 laptop_utc=1785057972 offset=0
TIME_DIFF gps_utc=1785057972 laptop_utc=1785057972 offset=0
TIME_DIFF gps_utc=1785057972 laptop_utc=1785057972 offset=0
TIME_DIFF gps_utc=1785057972 laptop_utc=1785057972 offset=0
TIME_DIFF gps_utc=1785057972 laptop_utc=1785057972 offset=0
TIME_DIFF gps_utc=1785057972 laptop_utc=1785057972 offset=0
TIME_DIFF gps_utc=1785057972 laptop_utc=1785057972 offset=0
TIME_DIFF gps_utc=1785057972 laptop_utc=1785057972 offset=0
TIME_DIFF gps_utc=1785057972 laptop_utc=1785057972 offset=0
TIME_DIFF gps_utc=1785057972 laptop_utc=1785057972 offset=0
TIME_DIFF gps_utc=1785057972 laptop_utc=1785057972 offset=0
TIME_DIFF gps_utc=1785057972 laptop_utc=1785057972 offset=0
TIME_DIFF gps_utc=1785057972 laptop_utc=1785057972 offset=0
TIME_DIFF gps_utc=1785057972 laptop_utc=1785057972 offset=0
TIME_DIFF gps_utc=1785057972 laptop_utc=1785057972 offset=0
TIME_DIFF gps_utc=1785057972 laptop_utc=1785057972 offset=0
TIME_DIFF gps_utc=1785057972 laptop_utc=1785057972 offset=0
TIME_DIFF gps_utc=1785057972 laptop_utc=1785057972 offset=0
TIME_DIFF gps_utc=1785057972 laptop_utc=1785057972 offset=0
TIME_DIFF gps_utc=1785057972 laptop_utc=1785057972 offset=0
TIME_DIFF gps_utc=1785057972 laptop_utc=1785057972 offset=0
TIME_DIFF gps_utc=1785057972 laptop_utc=1785057972 offset=0
TIME_DIFF gps_utc=1785057972 laptop_utc=1785057972 offset=0
TIME_DIFF gps_utc=1785057972 laptop_utc=1785057972 offset=0
TIME_DIFF gps_utc=1785057972 laptop_utc=1785057972 offset=0
TIME_DIFF gps_utc=1785057972 laptop_utc=1785057972 offset=0
TIME_DIFF gps_utc=1785057972 laptop_utc=1785057972 offset=0
TIME_DIFF gps_utc=1785057972 laptop_utc=1785057972 offset=0
TIME_DIFF gps_utc=1785057972 laptop_utc=1785057972 offset=0
TIME_DIFF gps_utc=1785057972 laptop_utc=1785057972 offset=0
TIME_DIFF gps_utc=1785057972 laptop_utc=1785057972 offset=0
TIME_DIFF gps_utc=1785057972 laptop_utc=1785057972 offset=0
TIME_DIFF gps_utc=1785057972 laptop_utc=1785057972 offset=0
TIME_DIFF gps_utc=1785057972 laptop_utc=1785057972 offset=0
TIME_DIFF gps_utc=1785057972 laptop_utc=1785057972 offset=0
SYNC_NOT_FOUND first4=B6A45694
TIME_DIFF gps_utc=1785057972 laptop_utc=1785057972 offset=0
TIME_DIFF gps_utc=1785057972 laptop_utc=1785057972 offset=0
TIME_DIFF gps_utc=1785057972 laptop_utc=1785057972 offset=0
TIME_DIFF gps_utc=1785057972 laptop_utc=1785057972 offset=0
TIME_DIFF gps_utc=1785057972 laptop_utc=1785057972 offset=0
TIME_DIFF gps_utc=1785057972 laptop_utc=1785057972 offset=0
TIME_DIFF gps_utc=1785057972 laptop_utc=1785057972 offset=0
TIME_DIFF gps_utc=1785057972 laptop_utc=1785057972 offset=0
TIME_DIFF gps_utc=1785057972 laptop_utc=1785057972 offset=0
TIME_DIFF gps_utc=1785057972 laptop_utc=1785057972 offset=0
TIME_DIFF gps_utc=1785057972 laptop_utc=1785057972 offset=0
TIME_DIFF gps_utc=1785057972 laptop_utc=1785057972 offset=0
TIME_DIFF gps_utc=1785057973 laptop_utc=1785057972 offset=1
TIME_DIFF gps_utc=1785057973 laptop_utc=1785057972 offset=1
TIME_DIFF gps_utc=1785057973 laptop_utc=1785057972 offset=1
TIME_DIFF gps_utc=1785057973 laptop_utc=1785057972 offset=1
TIME_DIFF gps_utc=1785057973 laptop_utc=1785057972 offset=1
TIME_DIFF gps_utc=1785057973 laptop_utc=1785057972 offset=1
TIME_DIFF gps_utc=1785057973 laptop_utc=1785057972 offset=1
TIME_DIFF gps_utc=1785057973 laptop_utc=1785057973 offset=0
TIME_DIFF gps_utc=1785057973 laptop_utc=1785057973 offset=0
TIME_DIFF gps_utc=1785057973 laptop_utc=1785057973 offset=0
TIME_DIFF gps_utc=1785057973 laptop_utc=1785057973 offset=0
TIME_DIFF gps_utc=1785057973 laptop_utc=1785057973 offset=0
TIME_DIFF gps_utc=1785057973 laptop_utc=1785057973 offset=0
TIME_DIFF gps_utc=1785057973 laptop_utc=1785057973 offset=0
TIME_DIFF gps_utc=1785057973 laptop_utc=1785057973 offset=0
TIME_DIFF gps_utc=1785057973 laptop_utc=1785057973 offset=0
TIME_DIFF gps_utc=1785057973 laptop_utc=1785057973 offset=0
TIME_DIFF gps_utc=1785057973 laptop_utc=1785057973 offset=0
TIME_DIFF gps_utc=1785057973 laptop_utc=1785057973 offset=0
TIME_DIFF gps_utc=1785057973 laptop_utc=1785057973 offset=0
TIME_DIFF gps_utc=1785057973 laptop_utc=1785057973 offset=0
TIME_DIFF gps_utc=1785057973 laptop_utc=1785057973 offset=0
TIME_DIFF gps_utc=1785057973 laptop_utc=1785057973 offset=0
TIME_DIFF gps_utc=1785057973 laptop_utc=1785057973 offset=0
TIME_DIFF gps_utc=1785057973 laptop_utc=1785057973 offset=0
SYNC_NOT_FOUND first4=B1AD30B1
SYNC_NOT_FOUND first4=2AFF704C
TIME_SYNCED utc=1785057982 offset=1785033574
SYNC_NOT_FOUND first4=AF7871E3
SYNC_LOST phase=55 consecutive=3 cached_off=0
SYNC_NOT_FOUND first4=2448B0D3
TIME_SYNCED utc=1785057993 offset=1785033575
SYNC_NOT_FOUND first4=D0EF521B
SYNC_NOT_FOUND first4=08291218
SYNC_NOT_FOUND first4=71D45601
TIME_SYNCED utc=1785058003 offset=1785033575
TIME_STATS min=-2000ms max=1000ms avg=-90ms corrections=0
SYNC_NOT_FOUND first4=C58AFC63
SYNC_NOT_FOUND first4=55267817
SYNC_NOT_FOUND first4=8F5F869B
SYNC_NOT_FOUND first4=0F9FDE6F
TIME_SYNCED utc=1785058013 offset=1785033574
SYNC_NOT_FOUND first4=1CE92986
SYNC_NOT_FOUND first4=906A9960
SYNC_NOT_FOUND first4=7C2F1DDC
SYNC_NOT_FOUND first4=52A63F38
SYNC_NOT_FOUND first4=B8769190
SYNC_NOT_FOUND first4=0AE43693
SYNC_NOT_FOUND first4=077684BE
TIME_SYNCED utc=1785058023 offset=1785033574
SYNC_NOT_FOUND first4=E5CF5ED3
SYNC_NOT_FOUND first4=2DBD4300
SYNC_NOT_FOUND first4=DEB46843
SYNC_NOT_FOUND first4=076C8598
SYNC_NOT_FOUND first4=2307B30C
SYNC_NOT_FOUND first4=5E4BED2C
SYNC_NOT_FOUND first4=04B50470
SYNC_NOT_FOUND first4=68288085
SYNC_NOT_FOUND first4=68F41109
SYNC_NOT_FOUND first4=14DC844C
SYNC_NOT_FOUND first4=436DE2BC
SYNC_NOT_FOUND first4=484DE350
TIME_SYNCED utc=1785058034 offset=1785033575
SYNC_NOT_FOUND first4=B10980BB
SYNC_NOT_FOUND first4=460DD7A7
SYNC_NOT_FOUND first4=979FF822
SYNC_NOT_FOUND first4=3C0AA828
SYNC_NOT_FOUND first4=DD136C1B
SYNC_OFFSET phase=55 off=0 prev=-1
APP_CRC_FAIL exp=D0D0 got=C41B seq=0 syncOff=0
APP_CRC_FAIL exp=D0D0 got=C41B seq=1 syncOff=0
APP_CRC_FAIL exp=D0D0 got=C41B seq=2 syncOff=0
APP_CRC_FAIL exp=D0D0 got=C41B seq=3 syncOff=0
APP_CRC_FAIL exp=D0D0 got=C41B seq=4 syncOff=0
APP_CRC_FAIL exp=D0D0 got=C41B seq=5 syncOff=0
APP_CRC_FAIL exp=D0D0 got=C41B seq=6 syncOff=0
APP_CRC_FAIL exp=D0D0 got=C41B seq=7 syncOff=0
APP_CRC_FAIL exp=D0D0 got=C41B seq=8 syncOff=0
APP_CRC_FAIL exp=D0D0 got=C41B seq=9 syncOff=0
APP_CRC_FAIL exp=D0D0 got=C41B seq=10 syncOff=0
APP_CRC_FAIL exp=D0D0 got=C41B seq=11 syncOff=0
APP_CRC_FAIL exp=D0D0 got=C41B seq=12 syncOff=0
APP_CRC_FAIL exp=D0D0 got=C41B seq=13 syncOff=0
APP_CRC_FAIL exp=D0D0 got=C41B seq=14 syncOff=0
APP_CRC_FAIL exp=D0D0 got=C41B seq=15 syncOff=0
APP_CRC_FAIL exp=D0D0 got=C41B seq=16 syncOff=0
APP_CRC_FAIL exp=D0D0 got=C41B seq=17 syncOff=0
APP_CRC_FAIL exp=D0D0 got=C41B seq=18 syncOff=0
APP_CRC_FAIL exp=D0D0 got=C41B seq=19 syncOff=0
APP_CRC_FAIL exp=D0D0 got=C41B seq=20 syncOff=0
APP_CRC_FAIL exp=D0D0 got=C41B seq=21 syncOff=0
APP_CRC_FAIL exp=D0D0 got=C41B seq=22 syncOff=0
APP_CRC_FAIL exp=D0D0 got=C41B seq=23 syncOff=0
APP_CRC_FAIL exp=D0D0 got=C41B seq=24 syncOff=0
APP_CRC_FAIL exp=D0D0 got=C41B seq=25 syncOff=0
APP_CRC_FAIL exp=D0D0 got=C41B seq=26 syncOff=0
APP_CRC_FAIL exp=D0D0 got=C41B seq=27 syncOff=0
APP_CRC_FAIL exp=D0D0 got=C41B seq=28 syncOff=0
APP_CRC_FAIL exp=D0D0 got=C41B seq=29 syncOff=0
APP_CRC_FAIL exp=D0D0 got=C41B seq=30 syncOff=0
APP_CRC_FAIL exp=D0D0 got=C41B seq=31 syncOff=0
APP_CRC_FAIL exp=D0D0 got=C41B seq=32 syncOff=0
APP_CRC_FAIL exp=D0D0 got=C41B seq=33 syncOff=0
APP_CRC_FAIL exp=D0D0 got=C41B seq=34 syncOff=0
APP_CRC_FAIL exp=D0D0 got=C41B seq=35 syncOff=0
APP_CRC_FAIL exp=D0D0 got=C41B seq=36 syncOff=0
APP_CRC_FAIL exp=D0D0 got=C41B seq=37 syncOff=0
APP_CRC_FAIL exp=D0D0 got=C41B seq=38 syncOff=0
APP_CRC_FAIL exp=D0D0 got=C41B seq=39 syncOff=0
APP_CRC_FAIL exp=D0D0 got=C41B seq=40 syncOff=0
APP_CRC_FAIL exp=D0D0 got=C41B seq=41 syncOff=0
APP_CRC_FAIL exp=D0D0 got=C41B seq=42 syncOff=0
APP_CRC_FAIL exp=D0D0 got=C41B seq=43 syncOff=0
APP_CRC_FAIL exp=D0D0 got=C41B seq=44 syncOff=0
APP_CRC_FAIL exp=D0D0 got=C41B seq=45 syncOff=0
APP_CRC_FAIL exp=D0D0 got=C41B seq=46 syncOff=0
APP_CRC_FAIL exp=D0D0 got=C41B seq=47 syncOff=0
APP_CRC_FAIL exp=D0D0 got=C41B seq=48 syncOff=0
APP_CRC_FAIL exp=D0D0 got=C41B seq=49 syncOff=0
APP_CRC_FAIL exp=D0D0 got=C41B seq=50 syncOff=0
APP_CRC_FAIL exp=D0D0 got=C41B seq=51 syncOff=0
APP_CRC_FAIL exp=D0D0 got=C41B seq=52 syncOff=0
APP_CRC_FAIL exp=D0D0 got=C41B seq=53 syncOff=0
APP_CRC_FAIL exp=D0D0 got=C41B seq=54 syncOff=0
APP_CRC_FAIL exp=D0D0 got=C41B seq=55 syncOff=0
APP_CRC_FAIL exp=D0D0 got=C41B seq=56 syncOff=0
APP_CRC_FAIL exp=D0D0 got=C41B seq=57 syncOff=0
APP_CRC_FAIL exp=D0D0 got=C41B seq=58 syncOff=0
APP_CRC_FAIL exp=D0D0 got=C41B seq=59 syncOff=0
APP_CRC_FAIL exp=D0D0 got=C41B seq=60 syncOff=0
APP_CRC_FAIL exp=D0D0 got=C41B seq=61 syncOff=0
APP_CRC_FAIL exp=D0D0 got=C41B seq=62 syncOff=0
APP_CRC_FAIL exp=D0D0 got=C41B seq=63 syncOff=0
APP_CRC_FAIL exp=D0D0 got=C41B seq=64 syncOff=0
APP_CRC_FAIL exp=D0D0 got=C41B seq=65 syncOff=0
APP_CRC_FAIL exp=D0D0 got=C41B seq=66 syncOff=0
SYNC_NOT_FOUND first4=CE0B4E55
APP_CRC_FAIL exp=D0D0 got=C41B seq=67 syncOff=0
APP_CRC_FAIL exp=D0D0 got=C41B seq=68 syncOff=0
APP_CRC_FAIL exp=D0D0 got=C41B seq=69 syncOff=0
APP_CRC_FAIL exp=D0D0 got=C41B seq=70 syncOff=0
APP_CRC_FAIL exp=D0D0 got=C41B seq=71 syncOff=0
APP_CRC_FAIL exp=D0D0 got=C41B seq=72 syncOff=0
APP_CRC_FAIL exp=D0D0 got=C41B seq=73 syncOff=0
APP_CRC_FAIL exp=D0D0 got=C41B seq=74 syncOff=0
SYNC_NOT_FOUND first4=BA1386B5
APP_CRC_FAIL exp=4040 got=473E seq=0 syncOff=0
TIME_SYNCED utc=1785058044 offset=1785033574
APP_CRC_FAIL exp=4040 got=473E seq=1 syncOff=0
APP_CRC_FAIL exp=4040 got=473E seq=2 syncOff=0
APP_CRC_FAIL exp=4040 got=473E seq=3 syncOff=0
APP_CRC_FAIL exp=4040 got=473E seq=4 syncOff=0
APP_CRC_FAIL exp=4040 got=473E seq=5 syncOff=0
APP_CRC_FAIL exp=4040 got=473E seq=6 syncOff=0
APP_CRC_FAIL exp=4040 got=473E seq=7 syncOff=0
APP_CRC_FAIL exp=4040 got=473E seq=8 syncOff=0
APP_CRC_FAIL exp=4040 got=473E seq=9 syncOff=0
APP_CRC_FAIL exp=4040 got=473E seq=10 syncOff=0
APP_CRC_FAIL exp=4040 got=473E seq=11 syncOff=0
APP_CRC_FAIL exp=4040 got=473E seq=12 syncOff=0
APP_CRC_FAIL exp=4040 got=473E seq=13 syncOff=0
APP_CRC_FAIL exp=4040 got=473E seq=14 syncOff=0
APP_CRC_FAIL exp=4040 got=473E seq=15 syncOff=0
APP_CRC_FAIL exp=4040 got=473E seq=16 syncOff=0
APP_CRC_FAIL exp=4040 got=473E seq=17 syncOff=0
APP_CRC_FAIL exp=4040 got=473E seq=18 syncOff=0
APP_CRC_FAIL exp=4040 got=473E seq=19 syncOff=0
APP_CRC_FAIL exp=4040 got=473E seq=20 syncOff=0
APP_CRC_FAIL exp=4040 got=473E seq=21 syncOff=0
APP_CRC_FAIL exp=4040 got=473E seq=22 syncOff=0
APP_CRC_FAIL exp=4040 got=473E seq=23 syncOff=0
APP_CRC_FAIL exp=4040 got=473E seq=24 syncOff=0
APP_CRC_FAIL exp=4040 got=473E seq=25 syncOff=0
APP_CRC_FAIL exp=4040 got=473E seq=26 syncOff=0
APP_CRC_FAIL exp=4040 got=473E seq=27 syncOff=0
APP_CRC_FAIL exp=4040 got=473E seq=28 syncOff=0
APP_CRC_FAIL exp=4040 got=473E seq=29 syncOff=0
APP_CRC_FAIL exp=4040 got=473E seq=30 syncOff=0
APP_CRC_FAIL exp=4040 got=473E seq=31 syncOff=0
APP_CRC_FAIL exp=4040 got=473E seq=32 syncOff=0
APP_CRC_FAIL exp=4040 got=473E seq=33 syncOff=0
APP_CRC_FAIL exp=4040 got=473E seq=34 syncOff=0
APP_CRC_FAIL exp=4040 got=473E seq=35 syncOff=0
APP_CRC_FAIL exp=4040 got=473E seq=36 syncOff=0
APP_CRC_FAIL exp=4040 got=473E seq=37 syncOff=0
APP_CRC_FAIL exp=4040 got=473E seq=38 syncOff=0
APP_CRC_FAIL exp=4040 got=473E seq=39 syncOff=0
APP_CRC_FAIL exp=4040 got=473E seq=40 syncOff=0
APP_CRC_FAIL exp=4040 got=473E seq=41 syncOff=0
APP_CRC_FAIL exp=4040 got=473E seq=42 syncOff=0
APP_CRC_FAIL exp=4040 got=473E seq=43 syncOff=0
APP_CRC_FAIL exp=4040 got=473E seq=44 syncOff=0
APP_CRC_FAIL exp=4040 got=473E seq=45 syncOff=0
APP_CRC_FAIL exp=4040 got=473E seq=46 syncOff=0
APP_CRC_FAIL exp=4040 got=473E seq=47 syncOff=0
APP_CRC_FAIL exp=4040 got=473E seq=48 syncOff=0
APP_CRC_FAIL exp=4040 got=473E seq=49 syncOff=0
APP_CRC_FAIL exp=4040 got=473E seq=50 syncOff=0
APP_CRC_FAIL exp=4040 got=473E seq=51 syncOff=0
APP_CRC_FAIL exp=4040 got=473E seq=52 syncOff=0
APP_CRC_FAIL exp=4040 got=473E seq=53 syncOff=0
APP_CRC_FAIL exp=4040 got=473E seq=54 syncOff=0
APP_CRC_FAIL exp=4040 got=473E seq=55 syncOff=0
APP_CRC_FAIL exp=4040 got=473E seq=56 syncOff=0
APP_CRC_FAIL exp=4040 got=473E seq=57 syncOff=0
APP_CRC_FAIL exp=4040 got=473E seq=58 syncOff=0
APP_CRC_FAIL exp=4040 got=473E seq=59 syncOff=0
APP_CRC_FAIL exp=4040 got=473E seq=60 syncOff=0
APP_CRC_FAIL exp=4040 got=473E seq=61 syncOff=0
APP_CRC_FAIL exp=4040 got=473E seq=62 syncOff=0
APP_CRC_FAIL exp=4040 got=473E seq=63 syncOff=0
APP_CRC_FAIL exp=4040 got=473E seq=64 syncOff=0
APP_CRC_FAIL exp=4040 got=473E seq=65 syncOff=0
APP_CRC_FAIL exp=4040 got=473E seq=66 syncOff=0
APP_CRC_FAIL exp=4040 got=473E seq=67 syncOff=0
APP_CRC_FAIL exp=4040 got=473E seq=68 syncOff=0
APP_CRC_FAIL exp=4040 got=473E seq=69 syncOff=0
APP_CRC_FAIL exp=4040 got=473E seq=70 syncOff=0
APP_CRC_FAIL exp=4040 got=473E seq=71 syncOff=0
APP_CRC_FAIL exp=4040 got=473E seq=72 syncOff=0
APP_CRC_FAIL exp=4040 got=473E seq=73 syncOff=0
APP_CRC_FAIL exp=4040 got=473E seq=74 syncOff=0
APP_CRC_FAIL exp=9595 got=13EF seq=0 syncOff=0
APP_CRC_FAIL exp=9595 got=13EF seq=1 syncOff=0
APP_CRC_FAIL exp=9595 got=13EF seq=2 syncOff=0
APP_CRC_FAIL exp=9595 got=13EF seq=3 syncOff=0
APP_CRC_FAIL exp=9595 got=13EF seq=4 syncOff=0
APP_CRC_FAIL exp=9595 got=13EF seq=5 syncOff=0
APP_CRC_FAIL exp=9595 got=13EF seq=6 syncOff=0
APP_CRC_FAIL exp=9595 got=13EF seq=7 syncOff=0
APP_CRC_FAIL exp=9595 got=13EF seq=8 syncOff=0
APP_CRC_FAIL exp=9595 got=13EF seq=9 syncOff=0
APP_CRC_FAIL exp=9595 got=13EF seq=10 syncOff=0
APP_CRC_FAIL exp=9595 got=13EF seq=11 syncOff=0
APP_CRC_FAIL exp=9595 got=13EF seq=12 syncOff=0
APP_CRC_FAIL exp=9595 got=13EF seq=13 syncOff=0
APP_CRC_FAIL exp=9595 got=13EF seq=14 syncOff=0
APP_CRC_FAIL exp=9595 got=13EF seq=15 syncOff=0
APP_CRC_FAIL exp=9595 got=13EF seq=16 syncOff=0
APP_CRC_FAIL exp=9595 got=13EF seq=17 syncOff=0
APP_CRC_FAIL exp=9595 got=13EF seq=18 syncOff=0
APP_CRC_FAIL exp=9595 got=13EF seq=19 syncOff=0
APP_CRC_FAIL exp=9595 got=13EF seq=20 syncOff=0
APP_CRC_FAIL exp=9595 got=13EF seq=21 syncOff=0
APP_CRC_FAIL exp=9595 got=13EF seq=22 syncOff=0
APP_CRC_FAIL exp=9595 got=13EF seq=23 syncOff=0
APP_CRC_FAIL exp=9595 got=13EF seq=24 syncOff=0
APP_CRC_FAIL exp=9595 got=13EF seq=25 syncOff=0
APP_CRC_FAIL exp=9595 got=13EF seq=26 syncOff=0
APP_CRC_FAIL exp=9595 got=13EF seq=27 syncOff=0
APP_CRC_FAIL exp=9595 got=13EF seq=28 syncOff=0
APP_CRC_FAIL exp=9595 got=13EF seq=29 syncOff=0
APP_CRC_FAIL exp=9595 got=13EF seq=30 syncOff=0
APP_CRC_FAIL exp=9595 got=13EF seq=31 syncOff=0
APP_CRC_FAIL exp=9595 got=13EF seq=32 syncOff=0
APP_CRC_FAIL exp=9595 got=13EF seq=33 syncOff=0
APP_CRC_FAIL exp=9595 got=13EF seq=34 syncOff=0
APP_CRC_FAIL exp=9595 got=13EF seq=35 syncOff=0
APP_CRC_FAIL exp=9595 got=13EF seq=36 syncOff=0
APP_CRC_FAIL exp=9595 got=13EF seq=37 syncOff=0
APP_CRC_FAIL exp=9595 got=13EF seq=38 syncOff=0
APP_CRC_FAIL exp=9595 got=13EF seq=39 syncOff=0
APP_CRC_FAIL exp=9595 got=13EF seq=40 syncOff=0
APP_CRC_FAIL exp=9595 got=13EF seq=41 syncOff=0
APP_CRC_FAIL exp=9595 got=13EF seq=42 syncOff=0
APP_CRC_FAIL exp=9595 got=13EF seq=43 syncOff=0
APP_CRC_FAIL exp=9595 got=13EF seq=44 syncOff=0
APP_CRC_FAIL exp=9595 got=13EF seq=45 syncOff=0
APP_CRC_FAIL exp=9595 got=13EF seq=46 syncOff=0
APP_CRC_FAIL exp=9595 got=13EF seq=47 syncOff=0
APP_CRC_FAIL exp=9595 got=13EF seq=48 syncOff=0
APP_CRC_FAIL exp=9595 got=13EF seq=49 syncOff=0
APP_CRC_FAIL exp=9595 got=13EF seq=50 syncOff=0
APP_CRC_FAIL exp=9595 got=13EF seq=51 syncOff=0
APP_CRC_FAIL exp=9595 got=13EF seq=52 syncOff=0
APP_CRC_FAIL exp=9595 got=13EF seq=53 syncOff=0
APP_CRC_FAIL exp=9595 got=13EF seq=54 syncOff=0
APP_CRC_FAIL exp=9595 got=13EF seq=55 syncOff=0
APP_CRC_FAIL exp=9595 got=13EF seq=56 syncOff=0
APP_CRC_FAIL exp=9595 got=13EF seq=57 syncOff=0
APP_CRC_FAIL exp=9595 got=13EF seq=58 syncOff=0
APP_CRC_FAIL exp=9595 got=13EF seq=59 syncOff=0
APP_CRC_FAIL exp=9595 got=13EF seq=60 syncOff=0
APP_CRC_FAIL exp=9595 got=13EF seq=61 syncOff=0
APP_CRC_FAIL exp=9595 got=13EF seq=62 syncOff=0
APP_CRC_FAIL exp=9595 got=13EF seq=63 syncOff=0
APP_CRC_FAIL exp=9595 got=13EF seq=64 syncOff=0
APP_CRC_FAIL exp=9595 got=13EF seq=65 syncOff=0
APP_CRC_FAIL exp=9595 got=13EF seq=66 syncOff=0
APP_CRC_FAIL exp=9595 got=13EF seq=67 syncOff=0
APP_CRC_FAIL exp=9595 got=13EF seq=68 syncOff=0
APP_CRC_FAIL exp=9595 got=13EF seq=69 syncOff=0
APP_CRC_FAIL exp=9595 got=13EF seq=70 syncOff=0
APP_CRC_FAIL exp=9595 got=13EF seq=71 syncOff=0
APP_CRC_FAIL exp=9595 got=13EF seq=72 syncOff=0
APP_CRC_FAIL exp=9595 got=13EF seq=73 syncOff=0
APP_CRC_FAIL exp=9595 got=13EF seq=74 syncOff=0
TIME_DIFF gps_utc=1785058048 laptop_utc=1785058048 offset=0
TIME_DIFF gps_utc=1785058048 laptop_utc=1785058048 offset=0
TIME_DIFF gps_utc=1785058048 laptop_utc=1785058048 offset=0
TIME_DIFF gps_utc=1785058048 laptop_utc=1785058048 offset=0
TIME_DIFF gps_utc=1785058048 laptop_utc=1785058048 offset=0
TIME_DIFF gps_utc=1785058048 laptop_utc=1785058048 offset=0
TIME_DIFF gps_utc=1785058048 laptop_utc=1785058048 offset=0
TIME_DIFF gps_utc=1785058048 laptop_utc=1785058048 offset=0
TIME_DIFF gps_utc=1785058048 laptop_utc=1785058048 offset=0
TIME_DIFF gps_utc=1785058048 laptop_utc=1785058048 offset=0
TIME_DIFF gps_utc=1785058048 laptop_utc=1785058048 offset=0
TIME_DIFF gps_utc=1785058048 laptop_utc=1785058048 offset=0
TIME_DIFF gps_utc=1785058048 laptop_utc=1785058048 offset=0
TIME_DIFF gps_utc=1785058048 laptop_utc=1785058048 offset=0
TIME_DIFF gps_utc=1785058048 laptop_utc=1785058048 offset=0
TIME_DIFF gps_utc=1785058048 laptop_utc=1785058048 offset=0
TIME_DIFF gps_utc=1785058048 laptop_utc=1785058048 offset=0
TIME_DIFF gps_utc=1785058048 laptop_utc=1785058048 offset=0
TIME_DIFF gps_utc=1785058048 laptop_utc=1785058048 offset=0
TIME_DIFF gps_utc=1785058048 laptop_utc=1785058048 offset=0
TIME_DIFF gps_utc=1785058048 laptop_utc=1785058048 offset=0
TIME_DIFF gps_utc=1785058048 laptop_utc=1785058048 offset=0
TIME_DIFF gps_utc=1785058048 laptop_utc=1785058048 offset=0
TIME_DIFF gps_utc=1785058048 laptop_utc=1785058048 offset=0
TIME_DIFF gps_utc=1785058048 laptop_utc=1785058048 offset=0
TIME_DIFF gps_utc=1785058048 laptop_utc=1785058048 offset=0
TIME_DIFF gps_utc=1785058048 laptop_utc=1785058048 offset=0
TIME_DIFF gps_utc=1785058048 laptop_utc=1785058048 offset=0
TIME_DIFF gps_utc=1785058048 laptop_utc=1785058048 offset=0
TIME_DIFF gps_utc=1785058048 laptop_utc=1785058048 offset=0
TIME_DIFF gps_utc=1785058048 laptop_utc=1785058048 offset=0
TIME_DIFF gps_utc=1785058048 laptop_utc=1785058048 offset=0
TIME_DIFF gps_utc=1785058048 laptop_utc=1785058048 offset=0
TIME_DIFF gps_utc=1785058048 laptop_utc=1785058048 offset=0
TIME_DIFF gps_utc=1785058048 laptop_utc=1785058048 offset=0
TIME_DIFF gps_utc=1785058048 laptop_utc=1785058048 offset=0
TIME_DIFF gps_utc=1785058048 laptop_utc=1785058048 offset=0
TIME_DIFF gps_utc=1785058048 laptop_utc=1785058048 offset=0
TIME_DIFF gps_utc=1785058048 laptop_utc=1785058048 offset=0
TIME_DIFF gps_utc=1785058048 laptop_utc=1785058048 offset=0
TIME_DIFF gps_utc=1785058048 laptop_utc=1785058048 offset=0
TIME_DIFF gps_utc=1785058048 laptop_utc=1785058048 offset=0
TIME_DIFF gps_utc=1785058048 laptop_utc=1785058048 offset=0
TIME_DIFF gps_utc=1785058048 laptop_utc=1785058048 offset=0
TIME_DIFF gps_utc=1785058048 laptop_utc=1785058048 offset=0
TIME_DIFF gps_utc=1785058048 laptop_utc=1785058048 offset=0
TIME_DIFF gps_utc=1785058048 laptop_utc=1785058048 offset=0
SYNC_NOT_FOUND first4=581E8BE7
TIME_DIFF gps_utc=1785058048 laptop_utc=1785058048 offset=0
TIME_DIFF gps_utc=1785058048 laptop_utc=1785058048 offset=0
TIME_DIFF gps_utc=1785058048 laptop_utc=1785058048 offset=0
TIME_DIFF gps_utc=1785058049 laptop_utc=1785058048 offset=1
TIME_DIFF gps_utc=1785058049 laptop_utc=1785058048 offset=1
TIME_DIFF gps_utc=1785058049 laptop_utc=1785058048 offset=1
TIME_DIFF gps_utc=1785058049 laptop_utc=1785058048 offset=1
TIME_DIFF gps_utc=1785058049 laptop_utc=1785058048 offset=1
TIME_DIFF gps_utc=1785058049 laptop_utc=1785058048 offset=1
TIME_DIFF gps_utc=1785058049 laptop_utc=1785058049 offset=0
TIME_DIFF gps_utc=1785058049 laptop_utc=1785058049 offset=0
TIME_DIFF gps_utc=1785058049 laptop_utc=1785058049 offset=0
TIME_DIFF gps_utc=1785058049 laptop_utc=1785058049 offset=0
TIME_DIFF gps_utc=1785058049 laptop_utc=1785058049 offset=0
TIME_DIFF gps_utc=1785058049 laptop_utc=1785058049 offset=0
TIME_DIFF gps_utc=1785058049 laptop_utc=1785058049 offset=0
TIME_DIFF gps_utc=1785058049 laptop_utc=1785058049 offset=0
TIME_DIFF gps_utc=1785058049 laptop_utc=1785058049 offset=0
TIME_DIFF gps_utc=1785058049 laptop_utc=1785058049 offset=0
TIME_DIFF gps_utc=1785058049 laptop_utc=1785058049 offset=0
TIME_DIFF gps_utc=1785058049 laptop_utc=1785058049 offset=0
TIME_DIFF gps_utc=1785058049 laptop_utc=1785058049 offset=0
TIME_DIFF gps_utc=1785058049 laptop_utc=1785058049 offset=0
SYNC_NOT_FOUND first4=548DD25F
TIME_DIFF gps_utc=1785058049 laptop_utc=1785058049 offset=0
TIME_DIFF gps_utc=1785058049 laptop_utc=1785058049 offset=0
TIME_DIFF gps_utc=1785058049 laptop_utc=1785058049 offset=0
TIME_DIFF gps_utc=1785058049 laptop_utc=1785058049 offset=0
TIME_DIFF gps_utc=1785058049 laptop_utc=1785058049 offset=0
SYNC_NOT_FOUND first4=4C067D35
SYNC_NOT_FOUND first4=7A9EB35E
SYNC_NOT_FOUND first4=E80C21A2
SYNC_LOST phase=55 consecutive=3 cached_off=0
SYNC_NOT_FOUND first4=AB3339AB
SYNC_NOT_FOUND first4=6E7581B6
TIME_SYNCED utc=1785058054 offset=1785033574
SYNC_NOT_FOUND first4=166BCBA6
SYNC_NOT_FOUND first4=9AAC2180
SYNC_NOT_FOUND first4=F32F7C65
SYNC_NOT_FOUND first4=659D23A6
SYNC_NOT_FOUND first4=D86833F9
SYNC_NOT_FOUND first4=D9953287
SYNC_NOT_FOUND first4=E66697EA
SYNC_NOT_FOUND first4=066697AA
SYNC_NOT_FOUND first4=7A599868
SYNC_NOT_FOUND first4=00F2F526
SYNC_NOT_FOUND first4=402C04C6
SYNC_NOT_FOUND first4=743650D9
SYNC_NOT_FOUND first4=9E599868
SYNC_NOT_FOUND first4=8A6ED999
SYNC_NOT_FOUND first4=E6678144
SYNC_NOT_FOUND first4=7A7999E9
SYNC_NOT_FOUND first4=42956D1E
SYNC_NOT_FOUND first4=E1A661A1
SYNC_NOT_FOUND first4=AA3FC3C5
TIME_SYNCED utc=1785058064 offset=1785033574
SYNC_NOT_FOUND first4=DA2EA855
SYNC_NOT_FOUND first4=D1F6D179
TIME_STATS min=-2000ms max=1000ms avg=-90ms corrections=0
SYNC_NOT_FOUND first4=401E2C6D
SYNC_NOT_FOUND first4=FA9E6658
SYNC_NOT_FOUND first4=96A9E25C
SYNC_NOT_FOUND first4=FE599A68
SYNC_NOT_FOUND first4=235DFA0E
SYNC_NOT_FOUND first4=680872C2
SYNC_NOT_FOUND first4=99866666
SYNC_NOT_FOUND first4=1A94D2CC
SYNC_NOT_FOUND first4=A23830FE
SYNC_NOT_FOUND first4=CFE9696A
TIME_SYNCED utc=1785058075 offset=1785033574
SYNC_NOT_FOUND first4=74D118E1
SYNC_NOT_FOUND first4=D9999999
TIME_SYNCED utc=1785058086 offset=1785033574
SYNC_NOT_FOUND first4=48B424F2
SYNC_NOT_FOUND first4=6B1D846C
SYNC_NOT_FOUND first4=56381AD9
TIME_SYNCED utc=1785058096 offset=1785033574
SYNC_NOT_FOUND first4=F2DE4320
SYNC_NOT_FOUND first4=81DD8EE4
SYNC_NOT_FOUND first4=D272097B
SYNC_NOT_FOUND first4=DEBC6841
SYNC_NOT_FOUND first4=C7D88AD1
SYNC_NOT_FOUND first4=37B6C1D1
TIME_SYNCED utc=1785058107 offset=1785033574
SYNC_NOT_FOUND first4=3DAE33FC
SYNC_NOT_FOUND first4=7A4B48DE
SYNC_NOT_FOUND first4=2516168F
SYNC_NOT_FOUND first4=C9C9FC84
SYNC_NOT_FOUND first4=BC36EA15
SYNC_NOT_FOUND first4=42ED8E1B
SYNC_NOT_FOUND first4=54238E1A
SYNC_OFFSET phase=55 off=0 prev=-1
APP_CRC_FAIL exp=D0D0 got=C41B seq=0 syncOff=0
APP_CRC_FAIL exp=D0D0 got=C41B seq=1 syncOff=0
APP_CRC_FAIL exp=D0D0 got=C41B seq=2 syncOff=0
APP_CRC_FAIL exp=D0D0 got=C41B seq=3 syncOff=0
APP_CRC_FAIL exp=D0D0 got=C41B seq=4 syncOff=0
APP_CRC_FAIL exp=D0D0 got=C41B seq=5 syncOff=0
APP_CRC_FAIL exp=D0D0 got=C41B seq=6 syncOff=0
APP_CRC_FAIL exp=D0D0 got=C41B seq=7 syncOff=0
APP_CRC_FAIL exp=D0D0 got=C41B seq=8 syncOff=0
APP_CRC_FAIL exp=D0D0 got=C41B seq=9 syncOff=0
APP_CRC_FAIL exp=D0D0 got=C41B seq=10 syncOff=0
APP_CRC_FAIL exp=D0D0 got=C41B seq=11 syncOff=0
APP_CRC_FAIL exp=D0D0 got=C41B seq=12 syncOff=0
APP_CRC_FAIL exp=D0D0 got=C41B seq=13 syncOff=0
APP_CRC_FAIL exp=D0D0 got=C41B seq=14 syncOff=0
APP_CRC_FAIL exp=D0D0 got=C41B seq=15 syncOff=0
APP_CRC_FAIL exp=D0D0 got=C41B seq=16 syncOff=0
APP_CRC_FAIL exp=D0D0 got=C41B seq=17 syncOff=0
APP_CRC_FAIL exp=D0D0 got=C41B seq=18 syncOff=0
APP_CRC_FAIL exp=D0D0 got=C41B seq=19 syncOff=0
APP_CRC_FAIL exp=D0D0 got=C41B seq=20 syncOff=0
APP_CRC_FAIL exp=D0D0 got=C41B seq=21 syncOff=0
APP_CRC_FAIL exp=D0D0 got=C41B seq=22 syncOff=0
APP_CRC_FAIL exp=D0D0 got=C41B seq=23 syncOff=0
APP_CRC_FAIL exp=D0D0 got=C41B seq=24 syncOff=0
APP_CRC_FAIL exp=D0D0 got=C41B seq=25 syncOff=0
APP_CRC_FAIL exp=D0D0 got=C41B seq=26 syncOff=0
APP_CRC_FAIL exp=D0D0 got=C41B seq=27 syncOff=0
APP_CRC_FAIL exp=D0D0 got=C41B seq=28 syncOff=0
APP_CRC_FAIL exp=D0D0 got=C41B seq=29 syncOff=0
APP_CRC_FAIL exp=D0D0 got=C41B seq=30 syncOff=0
APP_CRC_FAIL exp=D0D0 got=C41B seq=31 syncOff=0
APP_CRC_FAIL exp=D0D0 got=C41B seq=32 syncOff=0
APP_CRC_FAIL exp=D0D0 got=C41B seq=33 syncOff=0
APP_CRC_FAIL exp=D0D0 got=C41B seq=34 syncOff=0
APP_CRC_FAIL exp=D0D0 got=C41B seq=35 syncOff=0
APP_CRC_FAIL exp=D0D0 got=C41B seq=36 syncOff=0
APP_CRC_FAIL exp=D0D0 got=C41B seq=37 syncOff=0
APP_CRC_FAIL exp=D0D0 got=C41B seq=38 syncOff=0
APP_CRC_FAIL exp=D0D0 got=C41B seq=39 syncOff=0
APP_CRC_FAIL exp=D0D0 got=C41B seq=40 syncOff=0
APP_CRC_FAIL exp=D0D0 got=C41B seq=41 syncOff=0
APP_CRC_FAIL exp=D0D0 got=C41B seq=42 syncOff=0
APP_CRC_FAIL exp=D0D0 got=C41B seq=43 syncOff=0
APP_CRC_FAIL exp=D0D0 got=C41B seq=44 syncOff=0
APP_CRC_FAIL exp=D0D0 got=C41B seq=45 syncOff=0
APP_CRC_FAIL exp=D0D0 got=C41B seq=46 syncOff=0
APP_CRC_FAIL exp=D0D0 got=C41B seq=47 syncOff=0
APP_CRC_FAIL exp=D0D0 got=C41B seq=48 syncOff=0
APP_CRC_FAIL exp=D0D0 got=C41B seq=49 syncOff=0
APP_CRC_FAIL exp=D0D0 got=C41B seq=50 syncOff=0
APP_CRC_FAIL exp=D0D0 got=C41B seq=51 syncOff=0
APP_CRC_FAIL exp=D0D0 got=C41B seq=52 syncOff=0
APP_CRC_FAIL exp=D0D0 got=C41B seq=53 syncOff=0
APP_CRC_FAIL exp=D0D0 got=C41B seq=54 syncOff=0
APP_CRC_FAIL exp=D0D0 got=C41B seq=55 syncOff=0
APP_CRC_FAIL exp=D0D0 got=C41B seq=56 syncOff=0
APP_CRC_FAIL exp=D0D0 got=C41B seq=57 syncOff=0
APP_CRC_FAIL exp=D0D0 got=C41B seq=58 syncOff=0
APP_CRC_FAIL exp=D0D0 got=C41B seq=59 syncOff=0
APP_CRC_FAIL exp=D0D0 got=C41B seq=60 syncOff=0
APP_CRC_FAIL exp=D0D0 got=C41B seq=61 syncOff=0
APP_CRC_FAIL exp=D0D0 got=C41B seq=62 syncOff=0
APP_CRC_FAIL exp=D0D0 got=C41B seq=63 syncOff=0
APP_CRC_FAIL exp=D0D0 got=C41B seq=64 syncOff=0
APP_CRC_FAIL exp=D0D0 got=C41B seq=65 syncOff=0
APP_CRC_FAIL exp=D0D0 got=C41B seq=66 syncOff=0
APP_CRC_FAIL exp=D0D0 got=C41B seq=67 syncOff=0
APP_CRC_FAIL exp=D0D0 got=C41B seq=68 syncOff=0
APP_CRC_FAIL exp=D0D0 got=C41B seq=69 syncOff=0
APP_CRC_FAIL exp=D0D0 got=C41B seq=70 syncOff=0
APP_CRC_FAIL exp=D0D0 got=C41B seq=71 syncOff=0
APP_CRC_FAIL exp=D0D0 got=C41B seq=72 syncOff=0
APP_CRC_FAIL exp=D0D0 got=C41B seq=73 syncOff=0
APP_CRC_FAIL exp=D0D0 got=C41B seq=74 syncOff=0
APP_CRC_FAIL exp=4040 got=473E seq=0 syncOff=0
TIME_SYNCED utc=1785058118 offset=1785033574
APP_CRC_FAIL exp=4040 got=473E seq=1 syncOff=0
APP_CRC_FAIL exp=4040 got=473E seq=2 syncOff=0
APP_CRC_FAIL exp=4040 got=473E seq=3 syncOff=0
APP_CRC_FAIL exp=4040 got=473E seq=4 syncOff=0
APP_CRC_FAIL exp=4040 got=473E seq=5 syncOff=0
APP_CRC_FAIL exp=4040 got=473E seq=6 syncOff=0
APP_CRC_FAIL exp=4040 got=473E seq=7 syncOff=0
APP_CRC_FAIL exp=4040 got=473E seq=8 syncOff=0
APP_CRC_FAIL exp=4040 got=473E seq=9 syncOff=0
APP_CRC_FAIL exp=4040 got=473E seq=10 syncOff=0
APP_CRC_FAIL exp=4040 got=473E seq=11 syncOff=0
APP_CRC_FAIL exp=4040 got=473E seq=12 syncOff=0
APP_CRC_FAIL exp=4040 got=473E seq=13 syncOff=0
APP_CRC_FAIL exp=4040 got=473E seq=14 syncOff=0
APP_CRC_FAIL exp=4040 got=473E seq=15 syncOff=0
APP_CRC_FAIL exp=4040 got=473E seq=16 syncOff=0
APP_CRC_FAIL exp=4040 got=473E seq=17 syncOff=0
APP_CRC_FAIL exp=4040 got=473E seq=18 syncOff=0
APP_CRC_FAIL exp=4040 got=473E seq=19 syncOff=0
APP_CRC_FAIL exp=4040 got=473E seq=20 syncOff=0
APP_CRC_FAIL exp=4040 got=473E seq=21 syncOff=0
APP_CRC_FAIL exp=4040 got=473E seq=22 syncOff=0
APP_CRC_FAIL exp=4040 got=473E seq=23 syncOff=0
APP_CRC_FAIL exp=4040 got=473E seq=24 syncOff=0
APP_CRC_FAIL exp=4040 got=473E seq=25 syncOff=0
APP_CRC_FAIL exp=4040 got=473E seq=26 syncOff=0
APP_CRC_FAIL exp=4040 got=473E seq=27 syncOff=0
SYNC_NOT_FOUND first4=AD4F1B0F
APP_CRC_FAIL exp=4040 got=473E seq=28 syncOff=0
APP_CRC_FAIL exp=4040 got=473E seq=29 syncOff=0
APP_CRC_FAIL exp=4040 got=473E seq=30 syncOff=0
APP_CRC_FAIL exp=4040 got=473E seq=31 syncOff=0
APP_CRC_FAIL exp=4040 got=473E seq=32 syncOff=0
APP_CRC_FAIL exp=4040 got=473E seq=33 syncOff=0
APP_CRC_FAIL exp=4040 got=473E seq=34 syncOff=0
APP_CRC_FAIL exp=4040 got=473E seq=35 syncOff=0
APP_CRC_FAIL exp=4040 got=473E seq=36 syncOff=0
APP_CRC_FAIL exp=4040 got=473E seq=37 syncOff=0
APP_CRC_FAIL exp=4040 got=473E seq=38 syncOff=0
APP_CRC_FAIL exp=4040 got=473E seq=39 syncOff=0
APP_CRC_FAIL exp=4040 got=473E seq=40 syncOff=0
APP_CRC_FAIL exp=4040 got=473E seq=41 syncOff=0
APP_CRC_FAIL exp=4040 got=473E seq=42 syncOff=0
APP_CRC_FAIL exp=4040 got=473E seq=43 syncOff=0
APP_CRC_FAIL exp=4040 got=473E seq=44 syncOff=0
APP_CRC_FAIL exp=4040 got=473E seq=45 syncOff=0
APP_CRC_FAIL exp=4040 got=473E seq=46 syncOff=0
APP_CRC_FAIL exp=4040 got=473E seq=47 syncOff=0
APP_CRC_FAIL exp=4040 got=473E seq=48 syncOff=0
APP_CRC_FAIL exp=4040 got=473E seq=49 syncOff=0
APP_CRC_FAIL exp=4040 got=473E seq=50 syncOff=0
APP_CRC_FAIL exp=4040 got=473E seq=51 syncOff=0
APP_CRC_FAIL exp=4040 got=473E seq=52 syncOff=0
APP_CRC_FAIL exp=4040 got=473E seq=53 syncOff=0
APP_CRC_FAIL exp=4040 got=473E seq=54 syncOff=0
APP_CRC_FAIL exp=4040 got=473E seq=55 syncOff=0
APP_CRC_FAIL exp=4040 got=473E seq=56 syncOff=0
APP_CRC_FAIL exp=4040 got=473E seq=57 syncOff=0
APP_CRC_FAIL exp=4040 got=473E seq=58 syncOff=0
APP_CRC_FAIL exp=4040 got=473E seq=59 syncOff=0
APP_CRC_FAIL exp=4040 got=473E seq=60 syncOff=0
APP_CRC_FAIL exp=4040 got=473E seq=61 syncOff=0
APP_CRC_FAIL exp=4040 got=473E seq=62 syncOff=0
APP_CRC_FAIL exp=4040 got=473E seq=63 syncOff=0
APP_CRC_FAIL exp=4040 got=473E seq=64 syncOff=0
APP_CRC_FAIL exp=4040 got=473E seq=65 syncOff=0
APP_CRC_FAIL exp=4040 got=473E seq=66 syncOff=0
APP_CRC_FAIL exp=4040 got=473E seq=67 syncOff=0
APP_CRC_FAIL exp=4040 got=473E seq=68 syncOff=0
APP_CRC_FAIL exp=4040 got=473E seq=69 syncOff=0
APP_CRC_FAIL exp=4040 got=473E seq=70 syncOff=0
APP_CRC_FAIL exp=4040 got=473E seq=71 syncOff=0
APP_CRC_FAIL exp=4040 got=473E seq=72 syncOff=0
APP_CRC_FAIL exp=4040 got=473E seq=73 syncOff=0
APP_CRC_FAIL exp=4040 got=473E seq=74 syncOff=0
APP_CRC_FAIL exp=9595 got=13EF seq=0 syncOff=0
APP_CRC_FAIL exp=9595 got=13EF seq=1 syncOff=0
APP_CRC_FAIL exp=9595 got=13EF seq=2 syncOff=0
APP_CRC_FAIL exp=9595 got=13EF seq=3 syncOff=0
APP_CRC_FAIL exp=9595 got=13EF seq=4 syncOff=0
APP_CRC_FAIL exp=9595 got=13EF seq=5 syncOff=0
APP_CRC_FAIL exp=9595 got=13EF seq=6 syncOff=0
APP_CRC_FAIL exp=9595 got=13EF seq=7 syncOff=0
APP_CRC_FAIL exp=9595 got=13EF seq=8 syncOff=0
APP_CRC_FAIL exp=9595 got=13EF seq=9 syncOff=0
APP_CRC_FAIL exp=9595 got=13EF seq=10 syncOff=0
APP_CRC_FAIL exp=9595 got=13EF seq=11 syncOff=0
APP_CRC_FAIL exp=9595 got=13EF seq=12 syncOff=0
APP_CRC_FAIL exp=9595 got=13EF seq=13 syncOff=0
APP_CRC_FAIL exp=9595 got=13EF seq=14 syncOff=0
APP_CRC_FAIL exp=9595 got=13EF seq=15 syncOff=0
APP_CRC_FAIL exp=9595 got=13EF seq=16 syncOff=0
APP_CRC_FAIL exp=9595 got=13EF seq=17 syncOff=0
APP_CRC_FAIL exp=9595 got=13EF seq=18 syncOff=0
APP_CRC_FAIL exp=9595 got=13EF seq=19 syncOff=0
APP_CRC_FAIL exp=9595 got=13EF seq=20 syncOff=0
APP_CRC_FAIL exp=9595 got=13EF seq=21 syncOff=0
APP_CRC_FAIL exp=9595 got=13EF seq=22 syncOff=0
APP_CRC_FAIL exp=9595 got=13EF seq=23 syncOff=0
APP_CRC_FAIL exp=9595 got=13EF seq=24 syncOff=0
APP_CRC_FAIL exp=9595 got=13EF seq=25 syncOff=0
APP_CRC_FAIL exp=9595 got=13EF seq=26 syncOff=0
APP_CRC_FAIL exp=9595 got=13EF seq=27 syncOff=0
APP_CRC_FAIL exp=9595 got=13EF seq=28 syncOff=0
APP_CRC_FAIL exp=9595 got=13EF seq=29 syncOff=0
APP_CRC_FAIL exp=9595 got=13EF seq=30 syncOff=0
APP_CRC_FAIL exp=9595 got=13EF seq=31 syncOff=0
APP_CRC_FAIL exp=9595 got=13EF seq=32 syncOff=0
APP_CRC_FAIL exp=9595 got=13EF seq=33 syncOff=0
APP_CRC_FAIL exp=9595 got=13EF seq=34 syncOff=0
APP_CRC_FAIL exp=9595 got=13EF seq=35 syncOff=0
APP_CRC_FAIL exp=9595 got=13EF seq=36 syncOff=0
APP_CRC_FAIL exp=9595 got=13EF seq=37 syncOff=0
APP_CRC_FAIL exp=9595 got=13EF seq=38 syncOff=0
APP_CRC_FAIL exp=9595 got=13EF seq=39 syncOff=0
APP_CRC_FAIL exp=9595 got=13EF seq=40 syncOff=0
APP_CRC_FAIL exp=9595 got=13EF seq=41 syncOff=0
APP_CRC_FAIL exp=9595 got=13EF seq=42 syncOff=0
APP_CRC_FAIL exp=9595 got=13EF seq=43 syncOff=0
APP_CRC_FAIL exp=9595 got=13EF seq=44 syncOff=0
APP_CRC_FAIL exp=9595 got=13EF seq=45 syncOff=0
APP_CRC_FAIL exp=9595 got=13EF seq=46 syncOff=0
APP_CRC_FAIL exp=9595 got=13EF seq=47 syncOff=0
APP_CRC_FAIL exp=9595 got=13EF seq=48 syncOff=0
APP_CRC_FAIL exp=9595 got=13EF seq=49 syncOff=0
APP_CRC_FAIL exp=9595 got=13EF seq=50 syncOff=0
APP_CRC_FAIL exp=9595 got=13EF seq=51 syncOff=0
APP_CRC_FAIL exp=9595 got=13EF seq=52 syncOff=0
APP_CRC_FAIL exp=9595 got=13EF seq=53 syncOff=0
APP_CRC_FAIL exp=9595 got=13EF seq=54 syncOff=0
APP_CRC_FAIL exp=9595 got=13EF seq=55 syncOff=0
APP_CRC_FAIL exp=9595 got=13EF seq=56 syncOff=0
APP_CRC_FAIL exp=9595 got=13EF seq=57 syncOff=0
APP_CRC_FAIL exp=9595 got=13EF seq=58 syncOff=0
APP_CRC_FAIL exp=9595 got=13EF seq=59 syncOff=0
APP_CRC_FAIL exp=9595 got=13EF seq=60 syncOff=0
APP_CRC_FAIL exp=9595 got=13EF seq=61 syncOff=0
APP_CRC_FAIL exp=9595 got=13EF seq=62 syncOff=0
APP_CRC_FAIL exp=9595 got=13EF seq=63 syncOff=0
APP_CRC_FAIL exp=9595 got=13EF seq=64 syncOff=0
APP_CRC_FAIL exp=9595 got=13EF seq=65 syncOff=0
APP_CRC_FAIL exp=9595 got=13EF seq=66 syncOff=0
APP_CRC_FAIL exp=9595 got=13EF seq=67 syncOff=0
APP_CRC_FAIL exp=9595 got=13EF seq=68 syncOff=0
APP_CRC_FAIL exp=9595 got=13EF seq=69 syncOff=0
APP_CRC_FAIL exp=9595 got=13EF seq=70 syncOff=0
SYNC_NOT_FOUND first4=35AB6221
APP_CRC_FAIL exp=9595 got=13EF seq=71 syncOff=0
APP_CRC_FAIL exp=9595 got=13EF seq=72 syncOff=0
APP_CRC_FAIL exp=9595 got=13EF seq=73 syncOff=0
APP_CRC_FAIL exp=9595 got=13EF seq=74 syncOff=0
TIME_DIFF gps_utc=1785058122 laptop_utc=1785058122 offset=0
TIME_DIFF gps_utc=1785058122 laptop_utc=1785058122 offset=0
TIME_DIFF gps_utc=1785058122 laptop_utc=1785058122 offset=0
TIME_DIFF gps_utc=1785058122 laptop_utc=1785058122 offset=0
TIME_DIFF gps_utc=1785058122 laptop_utc=1785058122 offset=0
TIME_DIFF gps_utc=1785058122 laptop_utc=1785058122 offset=0
TIME_DIFF gps_utc=1785058122 laptop_utc=1785058122 offset=0
TIME_DIFF gps_utc=1785058122 laptop_utc=1785058122 offset=0
TIME_DIFF gps_utc=1785058122 laptop_utc=1785058122 offset=0
TIME_DIFF gps_utc=1785058122 laptop_utc=1785058122 offset=0
TIME_DIFF gps_utc=1785058122 laptop_utc=1785058122 offset=0
TIME_DIFF gps_utc=1785058122 laptop_utc=1785058122 offset=0
TIME_DIFF gps_utc=1785058122 laptop_utc=1785058122 offset=0
TIME_DIFF gps_utc=1785058122 laptop_utc=1785058122 offset=0
TIME_DIFF gps_utc=1785058122 laptop_utc=1785058122 offset=0
TIME_DIFF gps_utc=1785058122 laptop_utc=1785058122 offset=0
TIME_DIFF gps_utc=1785058122 laptop_utc=1785058122 offset=0
TIME_DIFF gps_utc=1785058122 laptop_utc=1785058122 offset=0
TIME_DIFF gps_utc=1785058122 laptop_utc=1785058122 offset=0
TIME_DIFF gps_utc=1785058122 laptop_utc=1785058122 offset=0
TIME_DIFF gps_utc=1785058122 laptop_utc=1785058122 offset=0
TIME_DIFF gps_utc=1785058122 laptop_utc=1785058122 offset=0
TIME_DIFF gps_utc=1785058122 laptop_utc=1785058122 offset=0
TIME_DIFF gps_utc=1785058122 laptop_utc=1785058122 offset=0
TIME_DIFF gps_utc=1785058122 laptop_utc=1785058122 offset=0
TIME_DIFF gps_utc=1785058122 laptop_utc=1785058122 offset=0
TIME_DIFF gps_utc=1785058122 laptop_utc=1785058122 offset=0
TIME_DIFF gps_utc=1785058122 laptop_utc=1785058122 offset=0
TIME_DIFF gps_utc=1785058122 laptop_utc=1785058122 offset=0
TIME_DIFF gps_utc=1785058122 laptop_utc=1785058122 offset=0
TIME_DIFF gps_utc=1785058122 laptop_utc=1785058122 offset=0
TIME_DIFF gps_utc=1785058122 laptop_utc=1785058122 offset=0
TIME_DIFF gps_utc=1785058122 laptop_utc=1785058122 offset=0
TIME_DIFF gps_utc=1785058122 laptop_utc=1785058122 offset=0
TIME_DIFF gps_utc=1785058122 laptop_utc=1785058122 offset=0
TIME_DIFF gps_utc=1785058122 laptop_utc=1785058122 offset=0
TIME_DIFF gps_utc=1785058122 laptop_utc=1785058122 offset=0
TIME_DIFF gps_utc=1785058122 laptop_utc=1785058122 offset=0
TIME_DIFF gps_utc=1785058122 laptop_utc=1785058122 offset=0
TIME_DIFF gps_utc=1785058122 laptop_utc=1785058122 offset=0
TIME_DIFF gps_utc=1785058122 laptop_utc=1785058122 offset=0
TIME_DIFF gps_utc=1785058122 laptop_utc=1785058122 offset=0
TIME_DIFF gps_utc=1785058122 laptop_utc=1785058122 offset=0
TIME_DIFF gps_utc=1785058122 laptop_utc=1785058122 offset=0
TIME_DIFF gps_utc=1785058122 laptop_utc=1785058122 offset=0
TIME_DIFF gps_utc=1785058122 laptop_utc=1785058122 offset=0
TIME_DIFF gps_utc=1785058122 laptop_utc=1785058122 offset=0
TIME_DIFF gps_utc=1785058122 laptop_utc=1785058122 offset=0
TIME_DIFF gps_utc=1785058122 laptop_utc=1785058122 offset=0
TIME_DIFF gps_utc=1785058122 laptop_utc=1785058122 offset=0
TIME_DIFF gps_utc=1785058123 laptop_utc=1785058122 offset=1
TIME_DIFF gps_utc=1785058123 laptop_utc=1785058122 offset=1
TIME_DIFF gps_utc=1785058123 laptop_utc=1785058122 offset=1
TIME_DIFF gps_utc=1785058123 laptop_utc=1785058122 offset=1
TIME_DIFF gps_utc=1785058123 laptop_utc=1785058122 offset=1
TIME_DIFF gps_utc=1785058123 laptop_utc=1785058123 offset=0
TIME_DIFF gps_utc=1785058123 laptop_utc=1785058123 offset=0
TIME_DIFF gps_utc=1785058123 laptop_utc=1785058123 offset=0
TIME_DIFF gps_utc=1785058123 laptop_utc=1785058123 offset=0
TIME_DIFF gps_utc=1785058123 laptop_utc=1785058123 offset=0
TIME_DIFF gps_utc=1785058123 laptop_utc=1785058123 offset=0
TIME_DIFF gps_utc=1785058123 laptop_utc=1785058123 offset=0
TIME_DIFF gps_utc=1785058123 laptop_utc=1785058123 offset=0
TIME_DIFF gps_utc=1785058123 laptop_utc=1785058123 offset=0
TIME_DIFF gps_utc=1785058123 laptop_utc=1785058123 offset=0
TIME_DIFF gps_utc=1785058123 laptop_utc=1785058123 offset=0
TIME_DIFF gps_utc=1785058123 laptop_utc=1785058123 offset=0
TIME_DIFF gps_utc=1785058123 laptop_utc=1785058123 offset=0
TIME_DIFF gps_utc=1785058123 laptop_utc=1785058123 offset=0
TIME_DIFF gps_utc=1785058123 laptop_utc=1785058123 offset=0
TIME_DIFF gps_utc=1785058123 laptop_utc=1785058123 offset=0
TIME_DIFF gps_utc=1785058123 laptop_utc=1785058123 offset=0
TIME_DIFF gps_utc=1785058123 laptop_utc=1785058123 offset=0
TIME_DIFF gps_utc=1785058123 laptop_utc=1785058123 offset=0
TIME_DIFF gps_utc=1785058123 laptop_utc=1785058123 offset=0
TIME_STATS min=-2000ms max=1000ms avg=-90ms corrections=0
TIME_SYNCED utc=1785058128 offset=1785033574
TIME_SYNCED utc=1785058138 offset=1785033574
TIME_SYNCED utc=1785058148 offset=1785033574
SYNC_NOT_FOUND first4=69E59D94
TIME_SYNCED utc=1785058158 offset=1785033574
SYNC_NOT_FOUND first4=B55DE00A
TIME_SYNCED utc=1785058169 offset=1785033574
SYNC_NOT_FOUND first4=78DB41C1
SYNC_LOST phase=55 consecutive=3 cached_off=0
SYNC_NOT_FOUND first4=D1B53455
SYNC_NOT_FOUND first4=773C62BC
SYNC_NOT_FOUND first4=A142A541
SYNC_NOT_FOUND first4=FD0F253B
SYNC_NOT_FOUND first4=046F81FD
TIME_SYNCED utc=1785058179 offset=1785033574
SYNC_NOT_FOUND first4=A4F871B9
SYNC_NOT_FOUND first4=29479AFA
SYNC_NOT_FOUND first4=F83B9644
SYNC_NOT_FOUND first4=3F9246CD
TIME_STATS min=-2000ms max=1000ms avg=-90ms corrections=0
SYNC_NOT_FOUND first4=1DA8683B
SYNC_NOT_FOUND first4=15A5A5A5
SYNC_NOT_FOUND first4=248C8F89
SYNC_NOT_FOUND first4=696C5F1A
TIME_SYNCED utc=1785058189 offset=1785033574
SYNC_OFFSET phase=55 off=0 prev=-1
APP_CRC_FAIL exp=D0D0 got=C41B seq=0 syncOff=0
APP_CRC_FAIL exp=D0D0 got=C41B seq=1 syncOff=0
APP_CRC_FAIL exp=D0D0 got=C41B seq=2 syncOff=0
APP_CRC_FAIL exp=D0D0 got=C41B seq=3 syncOff=0
APP_CRC_FAIL exp=D0D0 got=C41B seq=4 syncOff=0
APP_CRC_FAIL exp=D0D0 got=C41B seq=5 syncOff=0
APP_CRC_FAIL exp=D0D0 got=C41B seq=6 syncOff=0
APP_CRC_FAIL exp=D0D0 got=C41B seq=7 syncOff=0
APP_CRC_FAIL exp=D0D0 got=C41B seq=8 syncOff=0
APP_CRC_FAIL exp=D0D0 got=C41B seq=9 syncOff=0
APP_CRC_FAIL exp=D0D0 got=C41B seq=10 syncOff=0
SYNC_NOT_FOUND first4=4372C507
APP_CRC_FAIL exp=D0D0 got=C41B seq=12 syncOff=0
APP_CRC_FAIL exp=D0D0 got=C41B seq=13 syncOff=0
APP_CRC_FAIL exp=D0D0 got=C41B seq=14 syncOff=0
APP_CRC_FAIL exp=D0D0 got=C41B seq=15 syncOff=0
APP_CRC_FAIL exp=D0D0 got=C41B seq=16 syncOff=0
APP_CRC_FAIL exp=D0D0 got=C41B seq=17 syncOff=0
APP_CRC_FAIL exp=D0D0 got=C41B seq=18 syncOff=0
APP_CRC_FAIL exp=D0D0 got=C41B seq=19 syncOff=0
APP_CRC_FAIL exp=D0D0 got=C41B seq=20 syncOff=0
APP_CRC_FAIL exp=D0D0 got=C41B seq=21 syncOff=0
APP_CRC_FAIL exp=D0D0 got=C41B seq=22 syncOff=0
APP_CRC_FAIL exp=D0D0 got=C41B seq=23 syncOff=0
APP_CRC_FAIL exp=D0D0 got=C41B seq=24 syncOff=0
SYNC_NOT_FOUND first4=7EAAA405
APP_CRC_FAIL exp=D0D0 got=C41B seq=25 syncOff=0
APP_CRC_FAIL exp=D0D0 got=C41B seq=26 syncOff=0
APP_CRC_FAIL exp=D0D0 got=C41B seq=27 syncOff=0
APP_CRC_FAIL exp=D0D0 got=C41B seq=28 syncOff=0
APP_CRC_FAIL exp=D0D0 got=C41B seq=29 syncOff=0
APP_CRC_FAIL exp=D0D0 got=C41B seq=30 syncOff=0
APP_CRC_FAIL exp=D0D0 got=C41B seq=31 syncOff=0
APP_CRC_FAIL exp=D0D0 got=C41B seq=32 syncOff=0
APP_CRC_FAIL exp=D0D0 got=C41B seq=33 syncOff=0
APP_CRC_FAIL exp=D0D0 got=C41B seq=34 syncOff=0
APP_CRC_FAIL exp=D0D0 got=C41B seq=35 syncOff=0
APP_CRC_FAIL exp=D0D0 got=C41B seq=36 syncOff=0
APP_CRC_FAIL exp=D0D0 got=C41B seq=37 syncOff=0
APP_CRC_FAIL exp=D0D0 got=C41B seq=38 syncOff=0
APP_CRC_FAIL exp=D0D0 got=C41B seq=39 syncOff=0
APP_CRC_FAIL exp=D0D0 got=C41B seq=40 syncOff=0
APP_CRC_FAIL exp=D0D0 got=C41B seq=41 syncOff=0
APP_CRC_FAIL exp=D0D0 got=C41B seq=42 syncOff=0
APP_CRC_FAIL exp=D0D0 got=C41B seq=43 syncOff=0
APP_CRC_FAIL exp=D0D0 got=C41B seq=44 syncOff=0
APP_CRC_FAIL exp=D0D0 got=C41B seq=45 syncOff=0
APP_CRC_FAIL exp=D0D0 got=C41B seq=46 syncOff=0
APP_CRC_FAIL exp=D0D0 got=C41B seq=47 syncOff=0
APP_CRC_FAIL exp=D0D0 got=C41B seq=48 syncOff=0
APP_CRC_FAIL exp=D0D0 got=C41B seq=49 syncOff=0
SYNC_NOT_FOUND first4=0E4B1BE2
APP_CRC_FAIL exp=D0D0 got=C41B seq=50 syncOff=0
APP_CRC_FAIL exp=D0D0 got=C41B seq=51 syncOff=0
APP_CRC_FAIL exp=D0D0 got=C41B seq=52 syncOff=0
APP_CRC_FAIL exp=D0D0 got=C41B seq=53 syncOff=0
APP_CRC_FAIL exp=D0D0 got=C41B seq=54 syncOff=0
APP_CRC_FAIL exp=D0D0 got=C41B seq=55 syncOff=0
APP_CRC_FAIL exp=D0D0 got=C41B seq=56 syncOff=0
APP_CRC_FAIL exp=D0D0 got=C41B seq=57 syncOff=0
APP_CRC_FAIL exp=D0D0 got=C41B seq=58 syncOff=0
APP_CRC_FAIL exp=D0D0 got=C41B seq=59 syncOff=0
APP_CRC_FAIL exp=D0D0 got=C41B seq=60 syncOff=0
APP_CRC_FAIL exp=D0D0 got=C41B seq=61 syncOff=0
APP_CRC_FAIL exp=D0D0 got=C41B seq=62 syncOff=0
APP_CRC_FAIL exp=D0D0 got=C41B seq=63 syncOff=0
APP_CRC_FAIL exp=D0D0 got=C41B seq=64 syncOff=0
APP_CRC_FAIL exp=D0D0 got=C41B seq=65 syncOff=0
APP_CRC_FAIL exp=D0D0 got=C41B seq=66 syncOff=0
APP_CRC_FAIL exp=D0D0 got=C41B seq=67 syncOff=0
APP_CRC_FAIL exp=D0D0 got=C41B seq=68 syncOff=0
APP_CRC_FAIL exp=D0D0 got=C41B seq=69 syncOff=0
APP_CRC_FAIL exp=D0D0 got=C41B seq=70 syncOff=0
SYNC_NOT_FOUND first4=43D2EF89
APP_CRC_FAIL exp=D0D0 got=C41B seq=71 syncOff=0
APP_CRC_FAIL exp=D0D0 got=C41B seq=72 syncOff=0
APP_CRC_FAIL exp=D0D0 got=C41B seq=73 syncOff=0
APP_CRC_FAIL exp=D0D0 got=C41B seq=74 syncOff=0
APP_CRC_FAIL exp=4040 got=473E seq=0 syncOff=0
APP_CRC_FAIL exp=4040 got=473E seq=1 syncOff=0
APP_CRC_FAIL exp=4040 got=473E seq=2 syncOff=0
APP_CRC_FAIL exp=4040 got=473E seq=3 syncOff=0
APP_CRC_FAIL exp=4040 got=473E seq=4 syncOff=0
APP_CRC_FAIL exp=4040 got=473E seq=5 syncOff=0
APP_CRC_FAIL exp=4040 got=473E seq=6 syncOff=0
APP_CRC_FAIL exp=4040 got=473E seq=7 syncOff=0
APP_CRC_FAIL exp=4040 got=473E seq=8 syncOff=0
APP_CRC_FAIL exp=4040 got=473E seq=9 syncOff=0
APP_CRC_FAIL exp=4040 got=473E seq=10 syncOff=0
APP_CRC_FAIL exp=4040 got=473E seq=11 syncOff=0
APP_CRC_FAIL exp=4040 got=473E seq=12 syncOff=0
APP_CRC_FAIL exp=4040 got=473E seq=13 syncOff=0
APP_CRC_FAIL exp=4040 got=473E seq=14 syncOff=0
APP_CRC_FAIL exp=4040 got=473E seq=15 syncOff=0
APP_CRC_FAIL exp=4040 got=473E seq=16 syncOff=0
APP_CRC_FAIL exp=4040 got=473E seq=17 syncOff=0
APP_CRC_FAIL exp=4040 got=473E seq=18 syncOff=0
APP_CRC_FAIL exp=4040 got=473E seq=19 syncOff=0
APP_CRC_FAIL exp=4040 got=473E seq=20 syncOff=0
APP_CRC_FAIL exp=4040 got=473E seq=21 syncOff=0
APP_CRC_FAIL exp=4040 got=473E seq=22 syncOff=0
APP_CRC_FAIL exp=4040 got=473E seq=23 syncOff=0
APP_CRC_FAIL exp=4040 got=473E seq=24 syncOff=0
APP_CRC_FAIL exp=4040 got=473E seq=25 syncOff=0
APP_CRC_FAIL exp=4040 got=473E seq=26 syncOff=0
APP_CRC_FAIL exp=4040 got=473E seq=27 syncOff=0
APP_CRC_FAIL exp=4040 got=473E seq=28 syncOff=0
APP_CRC_FAIL exp=4040 got=473E seq=29 syncOff=0
APP_CRC_FAIL exp=4040 got=473E seq=30 syncOff=0
APP_CRC_FAIL exp=4040 got=473E seq=31 syncOff=0
APP_CRC_FAIL exp=4040 got=473E seq=32 syncOff=0
APP_CRC_FAIL exp=4040 got=473E seq=33 syncOff=0
APP_CRC_FAIL exp=4040 got=473E seq=34 syncOff=0
APP_CRC_FAIL exp=4040 got=473E seq=35 syncOff=0
APP_CRC_FAIL exp=4040 got=473E seq=36 syncOff=0
APP_CRC_FAIL exp=4040 got=473E seq=37 syncOff=0
APP_CRC_FAIL exp=4040 got=473E seq=38 syncOff=0
APP_CRC_FAIL exp=4040 got=473E seq=39 syncOff=0
APP_CRC_FAIL exp=4040 got=473E seq=40 syncOff=0
APP_CRC_FAIL exp=4040 got=473E seq=41 syncOff=0
APP_CRC_FAIL exp=4040 got=473E seq=42 syncOff=0
APP_CRC_FAIL exp=4040 got=473E seq=43 syncOff=0
APP_CRC_FAIL exp=4040 got=473E seq=44 syncOff=0
APP_CRC_FAIL exp=4040 got=473E seq=45 syncOff=0
APP_CRC_FAIL exp=4040 got=473E seq=46 syncOff=0
APP_CRC_FAIL exp=4040 got=473E seq=47 syncOff=0
APP_CRC_FAIL exp=4040 got=473E seq=48 syncOff=0
APP_CRC_FAIL exp=4040 got=473E seq=49 syncOff=0
APP_CRC_FAIL exp=4040 got=473E seq=50 syncOff=0
APP_CRC_FAIL exp=4040 got=473E seq=51 syncOff=0
APP_CRC_FAIL exp=4040 got=473E seq=52 syncOff=0
APP_CRC_FAIL exp=4040 got=473E seq=53 syncOff=0
APP_CRC_FAIL exp=4040 got=473E seq=54 syncOff=0
APP_CRC_FAIL exp=4040 got=473E seq=55 syncOff=0
APP_CRC_FAIL exp=4040 got=473E seq=56 syncOff=0
APP_CRC_FAIL exp=4040 got=473E seq=57 syncOff=0
APP_CRC_FAIL exp=4040 got=473E seq=58 syncOff=0
APP_CRC_FAIL exp=4040 got=473E seq=59 syncOff=0
APP_CRC_FAIL exp=4040 got=473E seq=60 syncOff=0
APP_CRC_FAIL exp=4040 got=473E seq=61 syncOff=0
APP_CRC_FAIL exp=4040 got=473E seq=62 syncOff=0
APP_CRC_FAIL exp=4040 got=473E seq=63 syncOff=0
APP_CRC_FAIL exp=4040 got=473E seq=64 syncOff=0
APP_CRC_FAIL exp=4040 got=473E seq=65 syncOff=0
APP_CRC_FAIL exp=4040 got=473E seq=66 syncOff=0
APP_CRC_FAIL exp=4040 got=473E seq=67 syncOff=0
APP_CRC_FAIL exp=4040 got=473E seq=68 syncOff=0
APP_CRC_FAIL exp=4040 got=473E seq=69 syncOff=0
APP_CRC_FAIL exp=4040 got=473E seq=70 syncOff=0
APP_CRC_FAIL exp=4040 got=473E seq=71 syncOff=0
APP_CRC_FAIL exp=4040 got=473E seq=72 syncOff=0
APP_CRC_FAIL exp=4040 got=473E seq=73 syncOff=0
APP_CRC_FAIL exp=4040 got=473E seq=74 syncOff=0
APP_CRC_FAIL exp=9595 got=13EF seq=0 syncOff=0
APP_CRC_FAIL exp=9595 got=13EF seq=1 syncOff=0
APP_CRC_FAIL exp=9595 got=13EF seq=2 syncOff=0
APP_CRC_FAIL exp=9595 got=13EF seq=3 syncOff=0
APP_CRC_FAIL exp=9595 got=13EF seq=4 syncOff=0
APP_CRC_FAIL exp=9595 got=13EF seq=5 syncOff=0
APP_CRC_FAIL exp=9595 got=13EF seq=6 syncOff=0
APP_CRC_FAIL exp=9595 got=13EF seq=7 syncOff=0
APP_CRC_FAIL exp=9595 got=13EF seq=8 syncOff=0
APP_CRC_FAIL exp=9595 got=13EF seq=9 syncOff=0
APP_CRC_FAIL exp=9595 got=13EF seq=10 syncOff=0
APP_CRC_FAIL exp=9595 got=13EF seq=11 syncOff=0
APP_CRC_FAIL exp=9595 got=13EF seq=12 syncOff=0
APP_CRC_FAIL exp=9595 got=13EF seq=13 syncOff=0
APP_CRC_FAIL exp=9595 got=13EF seq=14 syncOff=0
APP_CRC_FAIL exp=9595 got=13EF seq=15 syncOff=0
APP_CRC_FAIL exp=9595 got=13EF seq=16 syncOff=0
APP_CRC_FAIL exp=9595 got=13EF seq=17 syncOff=0
APP_CRC_FAIL exp=9595 got=13EF seq=18 syncOff=0
APP_CRC_FAIL exp=9595 got=13EF seq=19 syncOff=0
APP_CRC_FAIL exp=9595 got=13EF seq=20 syncOff=0
APP_CRC_FAIL exp=9595 got=13EF seq=21 syncOff=0
APP_CRC_FAIL exp=9595 got=13EF seq=22 syncOff=0
APP_CRC_FAIL exp=9595 got=13EF seq=23 syncOff=0
APP_CRC_FAIL exp=9595 got=13EF seq=24 syncOff=0
APP_CRC_FAIL exp=9595 got=13EF seq=25 syncOff=0
APP_CRC_FAIL exp=9595 got=13EF seq=26 syncOff=0
APP_CRC_FAIL exp=9595 got=13EF seq=27 syncOff=0
APP_CRC_FAIL exp=9595 got=13EF seq=28 syncOff=0
APP_CRC_FAIL exp=9595 got=13EF seq=29 syncOff=0
APP_CRC_FAIL exp=9595 got=13EF seq=30 syncOff=0
APP_CRC_FAIL exp=9595 got=13EF seq=31 syncOff=0
APP_CRC_FAIL exp=9595 got=13EF seq=32 syncOff=0
APP_CRC_FAIL exp=9595 got=13EF seq=33 syncOff=0
APP_CRC_FAIL exp=9595 got=13EF seq=34 syncOff=0
APP_CRC_FAIL exp=9595 got=13EF seq=35 syncOff=0
APP_CRC_FAIL exp=9595 got=13EF seq=36 syncOff=0
APP_CRC_FAIL exp=9595 got=13EF seq=37 syncOff=0
APP_CRC_FAIL exp=9595 got=13EF seq=38 syncOff=0
APP_CRC_FAIL exp=9595 got=13EF seq=39 syncOff=0
APP_CRC_FAIL exp=9595 got=13EF seq=40 syncOff=0
APP_CRC_FAIL exp=9595 got=13EF seq=41 syncOff=0
APP_CRC_FAIL exp=9595 got=13EF seq=42 syncOff=0
APP_CRC_FAIL exp=9595 got=13EF seq=43 syncOff=0
APP_CRC_FAIL exp=9595 got=13EF seq=44 syncOff=0
APP_CRC_FAIL exp=9595 got=13EF seq=45 syncOff=0
APP_CRC_FAIL exp=9595 got=13EF seq=46 syncOff=0
APP_CRC_FAIL exp=9595 got=13EF seq=47 syncOff=0
APP_CRC_FAIL exp=9595 got=13EF seq=48 syncOff=0
APP_CRC_FAIL exp=9595 got=13EF seq=49 syncOff=0
APP_CRC_FAIL exp=9595 got=13EF seq=50 syncOff=0
APP_CRC_FAIL exp=9595 got=13EF seq=51 syncOff=0
SYNC_NOT_FOUND first4=4393B588
SYNC_NOT_FOUND first4=4BEE5F11
APP_CRC_FAIL exp=9595 got=13EF seq=53 syncOff=0
APP_CRC_FAIL exp=9595 got=13EF seq=54 syncOff=0
APP_CRC_FAIL exp=9595 got=13EF seq=55 syncOff=0
APP_CRC_FAIL exp=9595 got=13EF seq=56 syncOff=0
APP_CRC_FAIL exp=9595 got=13EF seq=57 syncOff=0
APP_CRC_FAIL exp=9595 got=13EF seq=58 syncOff=0
APP_CRC_FAIL exp=9595 got=13EF seq=59 syncOff=0
APP_CRC_FAIL exp=9595 got=13EF seq=60 syncOff=0
APP_CRC_FAIL exp=9595 got=13EF seq=61 syncOff=0
APP_CRC_FAIL exp=9595 got=13EF seq=62 syncOff=0
APP_CRC_FAIL exp=9595 got=13EF seq=63 syncOff=0
APP_CRC_FAIL exp=9595 got=13EF seq=64 syncOff=0
APP_CRC_FAIL exp=9595 got=13EF seq=65 syncOff=0
APP_CRC_FAIL exp=9595 got=13EF seq=66 syncOff=0
APP_CRC_FAIL exp=9595 got=13EF seq=67 syncOff=0
APP_CRC_FAIL exp=9595 got=13EF seq=68 syncOff=0
APP_CRC_FAIL exp=9595 got=13EF seq=69 syncOff=0
APP_CRC_FAIL exp=9595 got=13EF seq=70 syncOff=0
APP_CRC_FAIL exp=9595 got=13EF seq=71 syncOff=0
APP_CRC_FAIL exp=9595 got=13EF seq=72 syncOff=0
APP_CRC_FAIL exp=9595 got=13EF seq=73 syncOff=0
APP_CRC_FAIL exp=9595 got=13EF seq=74 syncOff=0
TIME_DIFF gps_utc=1785058198 laptop_utc=1785058198 offset=0
TIME_DIFF gps_utc=1785058198 laptop_utc=1785058198 offset=0
TIME_DIFF gps_utc=1785058198 laptop_utc=1785058198 offset=0
TIME_DIFF gps_utc=1785058198 laptop_utc=1785058198 offset=0
TIME_DIFF gps_utc=1785058198 laptop_utc=1785058198 offset=0
TIME_DIFF gps_utc=1785058198 laptop_utc=1785058198 offset=0
TIME_DIFF gps_utc=1785058198 laptop_utc=1785058198 offset=0
TIME_DIFF gps_utc=1785058198 laptop_utc=1785058198 offset=0
TIME_DIFF gps_utc=1785058198 laptop_utc=1785058198 offset=0
TIME_DIFF gps_utc=1785058198 laptop_utc=1785058198 offset=0
TIME_DIFF gps_utc=1785058198 laptop_utc=1785058198 offset=0
TIME_DIFF gps_utc=1785058198 laptop_utc=1785058198 offset=0
TIME_DIFF gps_utc=1785058198 laptop_utc=1785058198 offset=0
TIME_DIFF gps_utc=1785058198 laptop_utc=1785058198 offset=0
TIME_DIFF gps_utc=1785058198 laptop_utc=1785058198 offset=0
TIME_DIFF gps_utc=1785058198 laptop_utc=1785058198 offset=0
TIME_DIFF gps_utc=1785058198 laptop_utc=1785058198 offset=0
TIME_DIFF gps_utc=1785058198 laptop_utc=1785058198 offset=0
TIME_DIFF gps_utc=1785058198 laptop_utc=1785058198 offset=0
TIME_DIFF gps_utc=1785058198 laptop_utc=1785058198 offset=0
TIME_DIFF gps_utc=1785058198 laptop_utc=1785058198 offset=0
TIME_DIFF gps_utc=1785058198 laptop_utc=1785058198 offset=0
TIME_DIFF gps_utc=1785058198 laptop_utc=1785058198 offset=0
TIME_DIFF gps_utc=1785058198 laptop_utc=1785058198 offset=0
TIME_DIFF gps_utc=1785058198 laptop_utc=1785058198 offset=0
TIME_DIFF gps_utc=1785058198 laptop_utc=1785058198 offset=0
TIME_DIFF gps_utc=1785058198 laptop_utc=1785058198 offset=0
TIME_DIFF gps_utc=1785058198 laptop_utc=1785058198 offset=0
TIME_DIFF gps_utc=1785058198 laptop_utc=1785058198 offset=0
TIME_DIFF gps_utc=1785058198 laptop_utc=1785058198 offset=0
TIME_DIFF gps_utc=1785058198 laptop_utc=1785058198 offset=0
TIME_DIFF gps_utc=1785058198 laptop_utc=1785058198 offset=0
TIME_DIFF gps_utc=1785058198 laptop_utc=1785058198 offset=0
TIME_DIFF gps_utc=1785058198 laptop_utc=1785058198 offset=0
TIME_DIFF gps_utc=1785058198 laptop_utc=1785058198 offset=0
TIME_DIFF gps_utc=1785058198 laptop_utc=1785058198 offset=0
TIME_DIFF gps_utc=1785058198 laptop_utc=1785058198 offset=0
TIME_DIFF gps_utc=1785058198 laptop_utc=1785058198 offset=0
TIME_DIFF gps_utc=1785058198 laptop_utc=1785058198 offset=0
TIME_DIFF gps_utc=1785058198 laptop_utc=1785058198 offset=0
TIME_DIFF gps_utc=1785058198 laptop_utc=1785058198 offset=0
TIME_DIFF gps_utc=1785058198 laptop_utc=1785058198 offset=0
TIME_DIFF gps_utc=1785058198 laptop_utc=1785058198 offset=0
TIME_DIFF gps_utc=1785058198 laptop_utc=1785058198 offset=0
TIME_DIFF gps_utc=1785058198 laptop_utc=1785058198 offset=0
TIME_DIFF gps_utc=1785058198 laptop_utc=1785058198 offset=0
TIME_DIFF gps_utc=1785058198 laptop_utc=1785058198 offset=0
TIME_DIFF gps_utc=1785058198 laptop_utc=1785058198 offset=0
TIME_DIFF gps_utc=1785058198 laptop_utc=1785058198 offset=0
TIME_DIFF gps_utc=1785058198 laptop_utc=1785058198 offset=0
TIME_DIFF gps_utc=1785058199 laptop_utc=1785058198 offset=1
TIME_DIFF gps_utc=1785058199 laptop_utc=1785058198 offset=1
TIME_DIFF gps_utc=1785058199 laptop_utc=1785058198 offset=1
TIME_DIFF gps_utc=1785058199 laptop_utc=1785058198 offset=1
TIME_DIFF gps_utc=1785058199 laptop_utc=1785058198 offset=1
TIME_DIFF gps_utc=1785058199 laptop_utc=1785058199 offset=0
TIME_DIFF gps_utc=1785058199 laptop_utc=1785058199 offset=0
TIME_DIFF gps_utc=1785058199 laptop_utc=1785058199 offset=0
TIME_DIFF gps_utc=1785058199 laptop_utc=1785058199 offset=0
TIME_DIFF gps_utc=1785058199 laptop_utc=1785058199 offset=0
TIME_DIFF gps_utc=1785058199 laptop_utc=1785058199 offset=0
TIME_DIFF gps_utc=1785058199 laptop_utc=1785058199 offset=0
TIME_DIFF gps_utc=1785058199 laptop_utc=1785058199 offset=0
TIME_DIFF gps_utc=1785058199 laptop_utc=1785058199 offset=0
TIME_DIFF gps_utc=1785058199 laptop_utc=1785058199 offset=0
TIME_DIFF gps_utc=1785058199 laptop_utc=1785058199 offset=0
TIME_DIFF gps_utc=1785058199 laptop_utc=1785058199 offset=0
TIME_DIFF gps_utc=1785058199 laptop_utc=1785058199 offset=0
TIME_DIFF gps_utc=1785058199 laptop_utc=1785058199 offset=0
TIME_DIFF gps_utc=1785058199 laptop_utc=1785058199 offset=0
TIME_DIFF gps_utc=1785058199 laptop_utc=1785058199 offset=0
TIME_DIFF gps_utc=1785058199 laptop_utc=1785058199 offset=0
TIME_DIFF gps_utc=1785058199 laptop_utc=1785058199 offset=0
TIME_DIFF gps_utc=1785058199 laptop_utc=1785058199 offset=0
TIME_DIFF gps_utc=1785058199 laptop_utc=1785058199 offset=0
SYNC_NOT_FOUND first4=566ACD7A
TIME_SYNCED utc=1785058200 offset=1785033574
SYNC_NOT_FOUND first4=9980CD67
SYNC_NOT_FOUND first4=7E7F5299
SYNC_LOST phase=55 consecutive=3 cached_off=0
SYNC_NOT_FOUND first4=6AB017AD
SYNC_NOT_FOUND first4=7CC37429
SYNC_NOT_FOUND first4=E50C0654
SYNC_NOT_FOUND first4=56033E9F
SYNC_NOT_FOUND first4=9533E612
SYNC_NOT_FOUND first4=B7219536
SYNC_NOT_FOUND first4=68597D4A
SYNC_NOT_FOUND first4=FE540F99
SYNC_NOT_FOUND first4=D7A599A6
SYNC_NOT_FOUND first4=0BC97B4C
SYNC_NOT_FOUND first4=626BE9E5
SYNC_NOT_FOUND first4=77975267
TIME_SYNCED utc=1785058210 offset=1785033574
SYNC_NOT_FOUND first4=F9986815
SYNC_NOT_FOUND first4=299986A0
SYNC_NOT_FOUND first4=BE799969
SYNC_NOT_FOUND first4=6A1A6679
SYNC_NOT_FOUND first4=A042727F
SYNC_NOT_FOUND first4=7226AA7E
SYNC_NOT_FOUND first4=5D960619
SYNC_NOT_FOUND first4=0ED505A5
SYNC_NOT_FOUND first4=E5999E95
SYNC_NOT_FOUND first4=566695AA
SYNC_NOT_FOUND first4=05E8E0EA
SYNC_NOT_FOUND first4=BFE151FE
SYNC_NOT_FOUND first4=6999A7A8
SYNC_NOT_FOUND first4=669EE0AF
SYNC_NOT_FOUND first4=70332981
SYNC_NOT_FOUND first4=79BFB405
SYNC_NOT_FOUND first4=0C1CBA17
TIME_SYNCED utc=1785058220 offset=1785033574
SYNC_NOT_FOUND first4=EF730104
TIME_SYNCED utc=1785058230 offset=1785033574
TIME_SYNCED utc=1785058240 offset=1785033574
SYNC_NOT_FOUND first4=07408251
TIME_STATS min=-2000ms max=1000ms avg=-90ms corrections=0
SYNC_NOT_FOUND first4=4AC53AF4
SYNC_NOT_FOUND first4=91C6F12F
TIME_SYNCED utc=1785058251 offset=1785033574
SYNC_NOT_FOUND first4=B6A77912
SYNC_NOT_FOUND first4=4BDD430B
SYNC_NOT_FOUND first4=45CE4124
TIME_SYNCED utc=1785058262 offset=1785033575
SYNC_NOT_FOUND first4=84607874
SYNC_NOT_FOUND first4=42EDAE12
SYNC_NOT_FOUND first4=62BAB8AF
SYNC_NOT_FOUND first4=56A691EC
SYNC_NOT_FOUND first4=42ED9E1B
SYNC_NOT_FOUND first4=42ED8E1B
SYNC_OFFSET phase=55 off=0 prev=-1
APP_CRC_FAIL exp=D0D0 got=C41B seq=0 syncOff=0
APP_CRC_FAIL exp=D0D0 got=C41B seq=1 syncOff=0
APP_CRC_FAIL exp=D0D0 got=C41B seq=2 syncOff=0
APP_CRC_FAIL exp=D0D0 got=C41B seq=3 syncOff=0
APP_CRC_FAIL exp=D0D0 got=C41B seq=4 syncOff=0
APP_CRC_FAIL exp=D0D0 got=C41B seq=5 syncOff=0
APP_CRC_FAIL exp=D0D0 got=C41B seq=6 syncOff=0
APP_CRC_FAIL exp=D0D0 got=C41B seq=7 syncOff=0
APP_CRC_FAIL exp=D0D0 got=C41B seq=8 syncOff=0
APP_CRC_FAIL exp=D0D0 got=C41B seq=9 syncOff=0
APP_CRC_FAIL exp=D0D0 got=C41B seq=10 syncOff=0
APP_CRC_FAIL exp=D0D0 got=C41B seq=11 syncOff=0
SYNC_NOT_FOUND first4=0DFB1D4F
APP_CRC_FAIL exp=D0D0 got=C41B seq=12 syncOff=0
APP_CRC_FAIL exp=D0D0 got=C41B seq=13 syncOff=0
APP_CRC_FAIL exp=D0D0 got=C41B seq=14 syncOff=0
APP_CRC_FAIL exp=D0D0 got=C41B seq=15 syncOff=0
APP_CRC_FAIL exp=D0D0 got=C41B seq=16 syncOff=0
APP_CRC_FAIL exp=D0D0 got=C41B seq=17 syncOff=0
APP_CRC_FAIL exp=D0D0 got=C41B seq=18 syncOff=0
APP_CRC_FAIL exp=D0D0 got=C41B seq=19 syncOff=0
APP_CRC_FAIL exp=D0D0 got=C41B seq=20 syncOff=0
APP_CRC_FAIL exp=D0D0 got=C41B seq=21 syncOff=0
APP_CRC_FAIL exp=D0D0 got=C41B seq=22 syncOff=0
APP_CRC_FAIL exp=D0D0 got=C41B seq=23 syncOff=0
APP_CRC_FAIL exp=D0D0 got=C41B seq=24 syncOff=0
APP_CRC_FAIL exp=D0D0 got=C41B seq=25 syncOff=0
APP_CRC_FAIL exp=D0D0 got=C41B seq=26 syncOff=0
APP_CRC_FAIL exp=D0D0 got=C41B seq=27 syncOff=0
APP_CRC_FAIL exp=D0D0 got=C41B seq=28 syncOff=0
APP_CRC_FAIL exp=D0D0 got=C41B seq=29 syncOff=0
APP_CRC_FAIL exp=D0D0 got=C41B seq=30 syncOff=0
APP_CRC_FAIL exp=D0D0 got=C41B seq=31 syncOff=0
APP_CRC_FAIL exp=D0D0 got=C41B seq=32 syncOff=0
APP_CRC_FAIL exp=D0D0 got=C41B seq=33 syncOff=0
APP_CRC_FAIL exp=D0D0 got=C41B seq=34 syncOff=0
APP_CRC_FAIL exp=D0D0 got=C41B seq=35 syncOff=0
APP_CRC_FAIL exp=D0D0 got=C41B seq=36 syncOff=0
APP_CRC_FAIL exp=D0D0 got=C41B seq=37 syncOff=0
APP_CRC_FAIL exp=D0D0 got=C41B seq=38 syncOff=0
APP_CRC_FAIL exp=D0D0 got=C41B seq=39 syncOff=0
APP_CRC_FAIL exp=D0D0 got=C41B seq=40 syncOff=0
APP_CRC_FAIL exp=D0D0 got=C41B seq=41 syncOff=0
APP_CRC_FAIL exp=D0D0 got=C41B seq=42 syncOff=0
APP_CRC_FAIL exp=D0D0 got=C41B seq=43 syncOff=0
APP_CRC_FAIL exp=D0D0 got=C41B seq=44 syncOff=0
APP_CRC_FAIL exp=D0D0 got=C41B seq=45 syncOff=0
APP_CRC_FAIL exp=D0D0 got=C41B seq=46 syncOff=0
APP_CRC_FAIL exp=D0D0 got=C41B seq=47 syncOff=0
SYNC_NOT_FOUND first4=0F4B55C9
APP_CRC_FAIL exp=D0D0 got=C41B seq=48 syncOff=0
APP_CRC_FAIL exp=D0D0 got=C41B seq=49 syncOff=0
SYNC_NOT_FOUND first4=6C4B1B49
APP_CRC_FAIL exp=D0D0 got=C41B seq=50 syncOff=0
APP_CRC_FAIL exp=D0D0 got=C41B seq=51 syncOff=0
APP_CRC_FAIL exp=D0D0 got=C41B seq=52 syncOff=0
APP_CRC_FAIL exp=D0D0 got=C41B seq=53 syncOff=0
APP_CRC_FAIL exp=D0D0 got=C41B seq=54 syncOff=0
APP_CRC_FAIL exp=D0D0 got=C41B seq=55 syncOff=0
APP_CRC_FAIL exp=D0D0 got=C41B seq=56 syncOff=0
APP_CRC_FAIL exp=D0D0 got=C41B seq=57 syncOff=0
APP_CRC_FAIL exp=D0D0 got=C41B seq=58 syncOff=0
APP_CRC_FAIL exp=D0D0 got=C41B seq=59 syncOff=0
APP_CRC_FAIL exp=D0D0 got=C41B seq=60 syncOff=0
APP_CRC_FAIL exp=D0D0 got=C41B seq=61 syncOff=0
APP_CRC_FAIL exp=D0D0 got=C41B seq=62 syncOff=0
APP_CRC_FAIL exp=D0D0 got=C41B seq=63 syncOff=0
APP_CRC_FAIL exp=D0D0 got=C41B seq=64 syncOff=0
APP_CRC_FAIL exp=D0D0 got=C41B seq=65 syncOff=0
APP_CRC_FAIL exp=D0D0 got=C41B seq=66 syncOff=0
APP_CRC_FAIL exp=D0D0 got=C41B seq=67 syncOff=0
SYNC_NOT_FOUND first4=0F8B1BCA
APP_CRC_FAIL exp=D0D0 got=C41B seq=68 syncOff=0
APP_CRC_FAIL exp=D0D0 got=C41B seq=69 syncOff=0
APP_CRC_FAIL exp=D0D0 got=C41B seq=70 syncOff=0
APP_CRC_FAIL exp=D0D0 got=C41B seq=71 syncOff=0
APP_CRC_FAIL exp=D0D0 got=C41B seq=72 syncOff=0
APP_CRC_FAIL exp=D0D0 got=C41B seq=73 syncOff=0
APP_CRC_FAIL exp=D0D0 got=C41B seq=74 syncOff=0
APP_CRC_FAIL exp=4040 got=473E seq=0 syncOff=0
APP_CRC_FAIL exp=4040 got=473E seq=1 syncOff=0
APP_CRC_FAIL exp=4040 got=473E seq=2 syncOff=0
APP_CRC_FAIL exp=4040 got=473E seq=3 syncOff=0
APP_CRC_FAIL exp=4040 got=473E seq=4 syncOff=0
APP_CRC_FAIL exp=4040 got=473E seq=5 syncOff=0
APP_CRC_FAIL exp=4040 got=473E seq=6 syncOff=0
APP_CRC_FAIL exp=4040 got=473E seq=7 syncOff=0
APP_CRC_FAIL exp=4040 got=473E seq=8 syncOff=0
APP_CRC_FAIL exp=4040 got=473E seq=9 syncOff=0
APP_CRC_FAIL exp=4040 got=473E seq=10 syncOff=0
APP_CRC_FAIL exp=4040 got=473E seq=11 syncOff=0
APP_CRC_FAIL exp=4040 got=473E seq=12 syncOff=0
APP_CRC_FAIL exp=4040 got=473E seq=13 syncOff=0
SYNC_NOT_FOUND first4=CDECA423
APP_CRC_FAIL exp=4040 got=473E seq=15 syncOff=0
APP_CRC_FAIL exp=4040 got=473E seq=16 syncOff=0
APP_CRC_FAIL exp=4040 got=473E seq=17 syncOff=0
APP_CRC_FAIL exp=4040 got=473E seq=18 syncOff=0
APP_CRC_FAIL exp=4040 got=473E seq=19 syncOff=0
APP_CRC_FAIL exp=4040 got=473E seq=20 syncOff=0
APP_CRC_FAIL exp=4040 got=473E seq=21 syncOff=0
SYNC_NOT_FOUND first4=399D9346
APP_CRC_FAIL exp=4040 got=473E seq=22 syncOff=0
APP_CRC_FAIL exp=4040 got=473E seq=23 syncOff=0
APP_CRC_FAIL exp=4040 got=473E seq=24 syncOff=0
APP_CRC_FAIL exp=4040 got=473E seq=25 syncOff=0
APP_CRC_FAIL exp=4040 got=473E seq=26 syncOff=0
APP_CRC_FAIL exp=4040 got=473E seq=27 syncOff=0
APP_CRC_FAIL exp=4040 got=473E seq=28 syncOff=0
APP_CRC_FAIL exp=4040 got=473E seq=29 syncOff=0
APP_CRC_FAIL exp=4040 got=473E seq=30 syncOff=0
APP_CRC_FAIL exp=4040 got=473E seq=31 syncOff=0
APP_CRC_FAIL exp=4040 got=473E seq=32 syncOff=0
APP_CRC_FAIL exp=4040 got=473E seq=33 syncOff=0
APP_CRC_FAIL exp=4040 got=473E seq=34 syncOff=0
APP_CRC_FAIL exp=4040 got=473E seq=35 syncOff=0
APP_CRC_FAIL exp=4040 got=473E seq=36 syncOff=0
APP_CRC_FAIL exp=4040 got=473E seq=37 syncOff=0
APP_CRC_FAIL exp=4040 got=473E seq=38 syncOff=0
APP_CRC_FAIL exp=4040 got=473E seq=39 syncOff=0
APP_CRC_FAIL exp=4040 got=473E seq=40 syncOff=0
APP_CRC_FAIL exp=4040 got=473E seq=41 syncOff=0
APP_CRC_FAIL exp=4040 got=473E seq=42 syncOff=0
APP_CRC_FAIL exp=4040 got=473E seq=43 syncOff=0
APP_CRC_FAIL exp=4040 got=473E seq=44 syncOff=0
APP_CRC_FAIL exp=4040 got=473E seq=45 syncOff=0
APP_CRC_FAIL exp=4040 got=473E seq=46 syncOff=0
APP_CRC_FAIL exp=4040 got=473E seq=47 syncOff=0
APP_CRC_FAIL exp=4040 got=473E seq=48 syncOff=0
APP_CRC_FAIL exp=4040 got=473E seq=49 syncOff=0
APP_CRC_FAIL exp=4040 got=473E seq=50 syncOff=0
APP_CRC_FAIL exp=4040 got=473E seq=51 syncOff=0
APP_CRC_FAIL exp=4040 got=473E seq=52 syncOff=0
APP_CRC_FAIL exp=4040 got=473E seq=53 syncOff=0
APP_CRC_FAIL exp=4040 got=473E seq=54 syncOff=0
APP_CRC_FAIL exp=4040 got=473E seq=55 syncOff=0
APP_CRC_FAIL exp=4040 got=473E seq=56 syncOff=0
APP_CRC_FAIL exp=4040 got=473E seq=57 syncOff=0
APP_CRC_FAIL exp=4040 got=473E seq=58 syncOff=0
APP_CRC_FAIL exp=4040 got=473E seq=59 syncOff=0
APP_CRC_FAIL exp=4040 got=473E seq=60 syncOff=0
APP_CRC_FAIL exp=4040 got=473E seq=61 syncOff=0
APP_CRC_FAIL exp=4040 got=473E seq=62 syncOff=0
APP_CRC_FAIL exp=4040 got=473E seq=63 syncOff=0
APP_CRC_FAIL exp=4040 got=473E seq=64 syncOff=0
APP_CRC_FAIL exp=4040 got=473E seq=65 syncOff=0
APP_CRC_FAIL exp=4040 got=473E seq=66 syncOff=0
APP_CRC_FAIL exp=4040 got=473E seq=67 syncOff=0
APP_CRC_FAIL exp=4040 got=473E seq=68 syncOff=0
APP_CRC_FAIL exp=4040 got=473E seq=69 syncOff=0
APP_CRC_FAIL exp=4040 got=473E seq=70 syncOff=0
APP_CRC_FAIL exp=4040 got=473E seq=71 syncOff=0
APP_CRC_FAIL exp=4040 got=473E seq=72 syncOff=0
APP_CRC_FAIL exp=4040 got=473E seq=73 syncOff=0
APP_CRC_FAIL exp=4040 got=473E seq=74 syncOff=0
APP_CRC_FAIL exp=9595 got=13EF seq=0 syncOff=0
APP_CRC_FAIL exp=9595 got=13EF seq=1 syncOff=0
APP_CRC_FAIL exp=9595 got=13EF seq=2 syncOff=0
APP_CRC_FAIL exp=9595 got=13EF seq=3 syncOff=0
APP_CRC_FAIL exp=9595 got=13EF seq=4 syncOff=0
APP_CRC_FAIL exp=9595 got=13EF seq=5 syncOff=0
APP_CRC_FAIL exp=9595 got=13EF seq=6 syncOff=0
APP_CRC_FAIL exp=9595 got=13EF seq=7 syncOff=0
APP_CRC_FAIL exp=9595 got=13EF seq=8 syncOff=0
APP_CRC_FAIL exp=9595 got=13EF seq=9 syncOff=0
APP_CRC_FAIL exp=9595 got=13EF seq=10 syncOff=0
APP_CRC_FAIL exp=9595 got=13EF seq=11 syncOff=0
APP_CRC_FAIL exp=9595 got=13EF seq=12 syncOff=0
APP_CRC_FAIL exp=9595 got=13EF seq=13 syncOff=0
APP_CRC_FAIL exp=9595 got=13EF seq=14 syncOff=0
APP_CRC_FAIL exp=9595 got=13EF seq=15 syncOff=0
APP_CRC_FAIL exp=9595 got=13EF seq=16 syncOff=0
APP_CRC_FAIL exp=9595 got=13EF seq=17 syncOff=0
APP_CRC_FAIL exp=9595 got=13EF seq=18 syncOff=0
APP_CRC_FAIL exp=9595 got=13EF seq=19 syncOff=0
APP_CRC_FAIL exp=9595 got=13EF seq=20 syncOff=0
APP_CRC_FAIL exp=9595 got=13EF seq=21 syncOff=0
APP_CRC_FAIL exp=9595 got=13EF seq=22 syncOff=0
APP_CRC_FAIL exp=9595 got=13EF seq=23 syncOff=0
APP_CRC_FAIL exp=9595 got=13EF seq=24 syncOff=0
APP_CRC_FAIL exp=9595 got=13EF seq=25 syncOff=0
APP_CRC_FAIL exp=9595 got=13EF seq=26 syncOff=0
APP_CRC_FAIL exp=9595 got=13EF seq=27 syncOff=0
SYNC_NOT_FOUND first4=2E0FAAF1
APP_CRC_FAIL exp=9595 got=13EF seq=28 syncOff=0
APP_CRC_FAIL exp=9595 got=13EF seq=29 syncOff=0
APP_CRC_FAIL exp=9595 got=13EF seq=30 syncOff=0
APP_CRC_FAIL exp=9595 got=13EF seq=31 syncOff=0
APP_CRC_FAIL exp=9595 got=13EF seq=32 syncOff=0
APP_CRC_FAIL exp=9595 got=13EF seq=33 syncOff=0
APP_CRC_FAIL exp=9595 got=13EF seq=34 syncOff=0
APP_CRC_FAIL exp=9595 got=13EF seq=35 syncOff=0
APP_CRC_FAIL exp=9595 got=13EF seq=36 syncOff=0
APP_CRC_FAIL exp=9595 got=13EF seq=37 syncOff=0
APP_CRC_FAIL exp=9595 got=13EF seq=38 syncOff=0
APP_CRC_FAIL exp=9595 got=13EF seq=39 syncOff=0
APP_CRC_FAIL exp=9595 got=13EF seq=40 syncOff=0
APP_CRC_FAIL exp=9595 got=13EF seq=41 syncOff=0
APP_CRC_FAIL exp=9595 got=13EF seq=42 syncOff=0
APP_CRC_FAIL exp=9595 got=13EF seq=43 syncOff=0
APP_CRC_FAIL exp=9595 got=13EF seq=44 syncOff=0
APP_CRC_FAIL exp=9595 got=13EF seq=45 syncOff=0
APP_CRC_FAIL exp=9595 got=13EF seq=46 syncOff=0
APP_CRC_FAIL exp=9595 got=13EF seq=47 syncOff=0
APP_CRC_FAIL exp=9595 got=13EF seq=48 syncOff=0
APP_CRC_FAIL exp=9595 got=13EF seq=49 syncOff=0
APP_CRC_FAIL exp=9595 got=13EF seq=50 syncOff=0
APP_CRC_FAIL exp=9595 got=13EF seq=51 syncOff=0
APP_CRC_FAIL exp=9595 got=13EF seq=52 syncOff=0
APP_CRC_FAIL exp=9595 got=13EF seq=53 syncOff=0
APP_CRC_FAIL exp=9595 got=13EF seq=54 syncOff=0
APP_CRC_FAIL exp=9595 got=13EF seq=55 syncOff=0
APP_CRC_FAIL exp=9595 got=13EF seq=56 syncOff=0
APP_CRC_FAIL exp=9595 got=13EF seq=57 syncOff=0
APP_CRC_FAIL exp=9595 got=13EF seq=58 syncOff=0
APP_CRC_FAIL exp=9595 got=13EF seq=59 syncOff=0
APP_CRC_FAIL exp=9595 got=13EF seq=60 syncOff=0
APP_CRC_FAIL exp=9595 got=13EF seq=61 syncOff=0
APP_CRC_FAIL exp=9595 got=13EF seq=62 syncOff=0
APP_CRC_FAIL exp=9595 got=13EF seq=63 syncOff=0
APP_CRC_FAIL exp=9595 got=13EF seq=64 syncOff=0
APP_CRC_FAIL exp=9595 got=13EF seq=65 syncOff=0
APP_CRC_FAIL exp=9595 got=13EF seq=66 syncOff=0
APP_CRC_FAIL exp=9595 got=13EF seq=67 syncOff=0
APP_CRC_FAIL exp=9595 got=13EF seq=68 syncOff=0
APP_CRC_FAIL exp=9595 got=13EF seq=69 syncOff=0
APP_CRC_FAIL exp=9595 got=13EF seq=70 syncOff=0
APP_CRC_FAIL exp=9595 got=13EF seq=71 syncOff=0
APP_CRC_FAIL exp=9595 got=13EF seq=72 syncOff=0
APP_CRC_FAIL exp=9595 got=13EF seq=73 syncOff=0
APP_CRC_FAIL exp=9595 got=13EF seq=74 syncOff=0
TIME_DIFF gps_utc=1785058272 laptop_utc=1785058273 offset=-1
TIME_SYNCED utc=1785058272 offset=1785033574
TIME_DIFF gps_utc=1785058272 laptop_utc=1785058272 offset=0
TIME_DIFF gps_utc=1785058272 laptop_utc=1785058272 offset=0
TIME_DIFF gps_utc=1785058272 laptop_utc=1785058272 offset=0
TIME_DIFF gps_utc=1785058272 laptop_utc=1785058272 offset=0
TIME_DIFF gps_utc=1785058272 laptop_utc=1785058272 offset=0
TIME_DIFF gps_utc=1785058272 laptop_utc=1785058272 offset=0
TIME_DIFF gps_utc=1785058272 laptop_utc=1785058272 offset=0
TIME_DIFF gps_utc=1785058272 laptop_utc=1785058272 offset=0
TIME_DIFF gps_utc=1785058272 laptop_utc=1785058272 offset=0
TIME_DIFF gps_utc=1785058272 laptop_utc=1785058272 offset=0
TIME_DIFF gps_utc=1785058272 laptop_utc=1785058272 offset=0
TIME_DIFF gps_utc=1785058272 laptop_utc=1785058272 offset=0
TIME_DIFF gps_utc=1785058272 laptop_utc=1785058272 offset=0
TIME_DIFF gps_utc=1785058272 laptop_utc=1785058272 offset=0
TIME_DIFF gps_utc=1785058272 laptop_utc=1785058272 offset=0
TIME_DIFF gps_utc=1785058272 laptop_utc=1785058272 offset=0
TIME_DIFF gps_utc=1785058272 laptop_utc=1785058272 offset=0
TIME_DIFF gps_utc=1785058272 laptop_utc=1785058272 offset=0
TIME_DIFF gps_utc=1785058272 laptop_utc=1785058272 offset=0
TIME_DIFF gps_utc=1785058272 laptop_utc=1785058272 offset=0
TIME_DIFF gps_utc=1785058272 laptop_utc=1785058272 offset=0
TIME_DIFF gps_utc=1785058272 laptop_utc=1785058272 offset=0
TIME_DIFF gps_utc=1785058272 laptop_utc=1785058272 offset=0
TIME_DIFF gps_utc=1785058272 laptop_utc=1785058272 offset=0
TIME_DIFF gps_utc=1785058272 laptop_utc=1785058272 offset=0
TIME_DIFF gps_utc=1785058272 laptop_utc=1785058272 offset=0
TIME_DIFF gps_utc=1785058272 laptop_utc=1785058272 offset=0
TIME_DIFF gps_utc=1785058272 laptop_utc=1785058272 offset=0
TIME_DIFF gps_utc=1785058272 laptop_utc=1785058272 offset=0
TIME_DIFF gps_utc=1785058272 laptop_utc=1785058272 offset=0
TIME_DIFF gps_utc=1785058272 laptop_utc=1785058272 offset=0
TIME_DIFF gps_utc=1785058272 laptop_utc=1785058272 offset=0
TIME_DIFF gps_utc=1785058272 laptop_utc=1785058272 offset=0
TIME_DIFF gps_utc=1785058272 laptop_utc=1785058272 offset=0
TIME_DIFF gps_utc=1785058272 laptop_utc=1785058272 offset=0
TIME_DIFF gps_utc=1785058272 laptop_utc=1785058272 offset=0
TIME_DIFF gps_utc=1785058272 laptop_utc=1785058272 offset=0
TIME_DIFF gps_utc=1785058272 laptop_utc=1785058272 offset=0
TIME_DIFF gps_utc=1785058272 laptop_utc=1785058272 offset=0
TIME_DIFF gps_utc=1785058272 laptop_utc=1785058272 offset=0
TIME_DIFF gps_utc=1785058272 laptop_utc=1785058272 offset=0
TIME_DIFF gps_utc=1785058272 laptop_utc=1785058272 offset=0
TIME_DIFF gps_utc=1785058272 laptop_utc=1785058272 offset=0
TIME_DIFF gps_utc=1785058272 laptop_utc=1785058272 offset=0
TIME_DIFF gps_utc=1785058272 laptop_utc=1785058272 offset=0
TIME_DIFF gps_utc=1785058272 laptop_utc=1785058272 offset=0
TIME_DIFF gps_utc=1785058272 laptop_utc=1785058272 offset=0
TIME_DIFF gps_utc=1785058272 laptop_utc=1785058272 offset=0
SYNC_NOT_FOUND first4=1F5DE808
TIME_DIFF gps_utc=1785058272 laptop_utc=1785058272 offset=0
TIME_DIFF gps_utc=1785058273 laptop_utc=1785058272 offset=1
TIME_DIFF gps_utc=1785058273 laptop_utc=1785058272 offset=1
TIME_DIFF gps_utc=1785058273 laptop_utc=1785058272 offset=1
TIME_DIFF gps_utc=1785058273 laptop_utc=1785058272 offset=1
TIME_DIFF gps_utc=1785058273 laptop_utc=1785058273 offset=0
TIME_DIFF gps_utc=1785058273 laptop_utc=1785058273 offset=0
TIME_DIFF gps_utc=1785058273 laptop_utc=1785058273 offset=0
TIME_DIFF gps_utc=1785058273 laptop_utc=1785058273 offset=0
TIME_DIFF gps_utc=1785058273 laptop_utc=1785058273 offset=0
TIME_DIFF gps_utc=1785058273 laptop_utc=1785058273 offset=0
TIME_DIFF gps_utc=1785058273 laptop_utc=1785058273 offset=0
TIME_DIFF gps_utc=1785058273 laptop_utc=1785058273 offset=0
TIME_DIFF gps_utc=1785058273 laptop_utc=1785058273 offset=0
TIME_DIFF gps_utc=1785058273 laptop_utc=1785058273 offset=0
TIME_DIFF gps_utc=1785058273 laptop_utc=1785058273 offset=0
TIME_DIFF gps_utc=1785058273 laptop_utc=1785058273 offset=0
TIME_DIFF gps_utc=1785058273 laptop_utc=1785058273 offset=0
TIME_DIFF gps_utc=1785058273 laptop_utc=1785058273 offset=0
TIME_DIFF gps_utc=1785058273 laptop_utc=1785058273 offset=0
TIME_DIFF gps_utc=1785058273 laptop_utc=1785058273 offset=0
TIME_DIFF gps_utc=1785058273 laptop_utc=1785058273 offset=0
TIME_DIFF gps_utc=1785058273 laptop_utc=1785058273 offset=0
TIME_DIFF gps_utc=1785058273 laptop_utc=1785058273 offset=0
TIME_DIFF gps_utc=1785058273 laptop_utc=1785058273 offset=0
TIME_DIFF gps_utc=1785058273 laptop_utc=1785058273 offset=0
TIME_SYNCED utc=1785058282 offset=1785033574
SYNC_NOT_FOUND first4=253BD57E
TIME_SYNCED utc=1785058293 offset=1785033574
TIME_SYNCED utc=1785058303 offset=1785033574
TIME_STATS min=-2000ms max=1000ms avg=-90ms corrections=0
TIME_SYNCED utc=1785058313 offset=1785033574
SYNC_NOT_FOUND first4=D0126C09
SYNC_NOT_FOUND first4=A5A5E1E1
SYNC_LOST phase=55 consecutive=3 cached_off=0
TIME_SYNCED utc=1785058324 offset=1785033574
SYNC_NOT_FOUND first4=D6BC6A10
SYNC_NOT_FOUND first4=FC26E9C7
SYNC_NOT_FOUND first4=E9E25F87
SYNC_NOT_FOUND first4=FD6A11F8
TIME_SYNCED utc=1785058334 offset=1785033574
SYNC_NOT_FOUND first4=4D5F5086
SYNC_NOT_FOUND first4=8E2ADA02
SYNC_NOT_FOUND first4=05A5A5A5
SYNC_NOT_FOUND first4=8A75AA55
SYNC_NOT_FOUND first4=C4714FF4
SYNC_OFFSET phase=55 off=0 prev=-1
APP_CRC_FAIL exp=D0D0 got=C41B seq=0 syncOff=0
APP_CRC_FAIL exp=D0D0 got=C41B seq=1 syncOff=0
APP_CRC_FAIL exp=D0D0 got=C41B seq=2 syncOff=0
APP_CRC_FAIL exp=D0D0 got=C41B seq=3 syncOff=0
APP_CRC_FAIL exp=D0D0 got=C41B seq=4 syncOff=0
APP_CRC_FAIL exp=D0D0 got=C41B seq=5 syncOff=0
APP_CRC_FAIL exp=D0D0 got=C41B seq=6 syncOff=0
APP_CRC_FAIL exp=D0D0 got=C41B seq=7 syncOff=0
APP_CRC_FAIL exp=D0D0 got=C41B seq=8 syncOff=0
APP_CRC_FAIL exp=D0D0 got=C41B seq=9 syncOff=0
APP_CRC_FAIL exp=D0D0 got=C41B seq=10 syncOff=0
APP_CRC_FAIL exp=D0D0 got=C41B seq=11 syncOff=0
APP_CRC_FAIL exp=D0D0 got=C41B seq=12 syncOff=0
APP_CRC_FAIL exp=D0D0 got=C41B seq=13 syncOff=0
APP_CRC_FAIL exp=D0D0 got=C41B seq=14 syncOff=0
APP_CRC_FAIL exp=D0D0 got=C41B seq=15 syncOff=0
APP_CRC_FAIL exp=D0D0 got=C41B seq=16 syncOff=0
APP_CRC_FAIL exp=D0D0 got=C41B seq=17 syncOff=0
APP_CRC_FAIL exp=D0D0 got=C41B seq=18 syncOff=0
APP_CRC_FAIL exp=D0D0 got=C41B seq=19 syncOff=0
APP_CRC_FAIL exp=D0D0 got=C41B seq=20 syncOff=0
APP_CRC_FAIL exp=D0D0 got=C41B seq=21 syncOff=0
APP_CRC_FAIL exp=D0D0 got=C41B seq=22 syncOff=0
APP_CRC_FAIL exp=D0D0 got=C41B seq=23 syncOff=0
APP_CRC_FAIL exp=D0D0 got=C41B seq=24 syncOff=0
APP_CRC_FAIL exp=D0D0 got=C41B seq=25 syncOff=0
APP_CRC_FAIL exp=D0D0 got=C41B seq=26 syncOff=0
APP_CRC_FAIL exp=D0D0 got=C41B seq=27 syncOff=0
APP_CRC_FAIL exp=D0D0 got=C41B seq=28 syncOff=0
APP_CRC_FAIL exp=D0D0 got=C41B seq=29 syncOff=0
APP_CRC_FAIL exp=D0D0 got=C41B seq=30 syncOff=0
APP_CRC_FAIL exp=D0D0 got=C41B seq=31 syncOff=0
APP_CRC_FAIL exp=D0D0 got=C41B seq=32 syncOff=0
APP_CRC_FAIL exp=D0D0 got=C41B seq=33 syncOff=0
APP_CRC_FAIL exp=D0D0 got=C41B seq=34 syncOff=0
APP_CRC_FAIL exp=D0D0 got=C41B seq=35 syncOff=0
APP_CRC_FAIL exp=D0D0 got=C41B seq=36 syncOff=0
APP_CRC_FAIL exp=D0D0 got=C41B seq=37 syncOff=0
APP_CRC_FAIL exp=D0D0 got=C41B seq=38 syncOff=0
APP_CRC_FAIL exp=D0D0 got=C41B seq=39 syncOff=0
APP_CRC_FAIL exp=D0D0 got=C41B seq=40 syncOff=0
APP_CRC_FAIL exp=D0D0 got=C41B seq=41 syncOff=0
APP_CRC_FAIL exp=D0D0 got=C41B seq=42 syncOff=0
APP_CRC_FAIL exp=D0D0 got=C41B seq=43 syncOff=0
APP_CRC_FAIL exp=D0D0 got=C41B seq=44 syncOff=0
APP_CRC_FAIL exp=D0D0 got=C41B seq=45 syncOff=0
APP_CRC_FAIL exp=D0D0 got=C41B seq=46 syncOff=0
APP_CRC_FAIL exp=D0D0 got=C41B seq=47 syncOff=0
APP_CRC_FAIL exp=D0D0 got=C41B seq=48 syncOff=0
APP_CRC_FAIL exp=D0D0 got=C41B seq=49 syncOff=0
APP_CRC_FAIL exp=D0D0 got=C41B seq=50 syncOff=0
APP_CRC_FAIL exp=D0D0 got=C41B seq=51 syncOff=0
APP_CRC_FAIL exp=D0D0 got=C41B seq=52 syncOff=0
APP_CRC_FAIL exp=D0D0 got=C41B seq=53 syncOff=0
APP_CRC_FAIL exp=D0D0 got=C41B seq=54 syncOff=0
APP_CRC_FAIL exp=D0D0 got=C41B seq=55 syncOff=0
APP_CRC_FAIL exp=D0D0 got=C41B seq=56 syncOff=0
APP_CRC_FAIL exp=D0D0 got=C41B seq=57 syncOff=0
APP_CRC_FAIL exp=D0D0 got=C41B seq=58 syncOff=0
APP_CRC_FAIL exp=D0D0 got=C41B seq=59 syncOff=0
APP_CRC_FAIL exp=D0D0 got=C41B seq=60 syncOff=0
APP_CRC_FAIL exp=D0D0 got=C41B seq=61 syncOff=0
APP_CRC_FAIL exp=D0D0 got=C41B seq=62 syncOff=0
APP_CRC_FAIL exp=D0D0 got=C41B seq=63 syncOff=0
APP_CRC_FAIL exp=D0D0 got=C41B seq=64 syncOff=0
APP_CRC_FAIL exp=D0D0 got=C41B seq=65 syncOff=0
APP_CRC_FAIL exp=D0D0 got=C41B seq=66 syncOff=0
APP_CRC_FAIL exp=D0D0 got=C41B seq=67 syncOff=0
APP_CRC_FAIL exp=D0D0 got=C41B seq=68 syncOff=0
APP_CRC_FAIL exp=D0D0 got=C41B seq=69 syncOff=0
APP_CRC_FAIL exp=D0D0 got=C41B seq=70 syncOff=0
APP_CRC_FAIL exp=D0D0 got=C41B seq=71 syncOff=0
APP_CRC_FAIL exp=D0D0 got=C41B seq=72 syncOff=0
APP_CRC_FAIL exp=D0D0 got=C41B seq=73 syncOff=0
APP_CRC_FAIL exp=D0D0 got=C41B seq=74 syncOff=0
APP_CRC_FAIL exp=4040 got=473E seq=0 syncOff=0
APP_CRC_FAIL exp=4040 got=473E seq=1 syncOff=0
APP_CRC_FAIL exp=4040 got=473E seq=2 syncOff=0
APP_CRC_FAIL exp=4040 got=473E seq=3 syncOff=0
APP_CRC_FAIL exp=4040 got=473E seq=4 syncOff=0
APP_CRC_FAIL exp=4040 got=473E seq=5 syncOff=0
APP_CRC_FAIL exp=4040 got=473E seq=6 syncOff=0
APP_CRC_FAIL exp=4040 got=473E seq=7 syncOff=0
APP_CRC_FAIL exp=4040 got=473E seq=8 syncOff=0
APP_CRC_FAIL exp=4040 got=473E seq=9 syncOff=0
APP_CRC_FAIL exp=4040 got=473E seq=10 syncOff=0
TIME_SYNCED utc=1785058344 offset=1785033574
APP_CRC_FAIL exp=4040 got=473E seq=11 syncOff=0
APP_CRC_FAIL exp=4040 got=473E seq=12 syncOff=0
APP_CRC_FAIL exp=4040 got=473E seq=13 syncOff=0
APP_CRC_FAIL exp=4040 got=473E seq=14 syncOff=0
APP_CRC_FAIL exp=4040 got=473E seq=15 syncOff=0
APP_CRC_FAIL exp=4040 got=473E seq=16 syncOff=0
APP_CRC_FAIL exp=4040 got=473E seq=17 syncOff=0
APP_CRC_FAIL exp=4040 got=473E seq=18 syncOff=0
APP_CRC_FAIL exp=4040 got=473E seq=19 syncOff=0
APP_CRC_FAIL exp=4040 got=473E seq=20 syncOff=0
APP_CRC_FAIL exp=4040 got=473E seq=21 syncOff=0
APP_CRC_FAIL exp=4040 got=473E seq=22 syncOff=0
APP_CRC_FAIL exp=4040 got=473E seq=23 syncOff=0
APP_CRC_FAIL exp=4040 got=473E seq=24 syncOff=0
APP_CRC_FAIL exp=4040 got=473E seq=25 syncOff=0
APP_CRC_FAIL exp=4040 got=473E seq=26 syncOff=0
APP_CRC_FAIL exp=4040 got=473E seq=27 syncOff=0
APP_CRC_FAIL exp=4040 got=473E seq=28 syncOff=0
APP_CRC_FAIL exp=4040 got=473E seq=29 syncOff=0
APP_CRC_FAIL exp=4040 got=473E seq=30 syncOff=0
APP_CRC_FAIL exp=4040 got=473E seq=31 syncOff=0
APP_CRC_FAIL exp=4040 got=473E seq=32 syncOff=0
APP_CRC_FAIL exp=4040 got=473E seq=33 syncOff=0
APP_CRC_FAIL exp=4040 got=473E seq=34 syncOff=0
APP_CRC_FAIL exp=4040 got=473E seq=35 syncOff=0
APP_CRC_FAIL exp=4040 got=473E seq=36 syncOff=0
APP_CRC_FAIL exp=4040 got=473E seq=37 syncOff=0
APP_CRC_FAIL exp=4040 got=473E seq=38 syncOff=0
APP_CRC_FAIL exp=4040 got=473E seq=39 syncOff=0
APP_CRC_FAIL exp=4040 got=473E seq=40 syncOff=0
APP_CRC_FAIL exp=4040 got=473E seq=41 syncOff=0
APP_CRC_FAIL exp=4040 got=473E seq=42 syncOff=0
APP_CRC_FAIL exp=4040 got=473E seq=43 syncOff=0
APP_CRC_FAIL exp=4040 got=473E seq=44 syncOff=0
APP_CRC_FAIL exp=4040 got=473E seq=45 syncOff=0
APP_CRC_FAIL exp=4040 got=473E seq=46 syncOff=0
APP_CRC_FAIL exp=4040 got=473E seq=47 syncOff=0
APP_CRC_FAIL exp=4040 got=473E seq=48 syncOff=0
APP_CRC_FAIL exp=4040 got=473E seq=49 syncOff=0
APP_CRC_FAIL exp=4040 got=473E seq=50 syncOff=0
APP_CRC_FAIL exp=4040 got=473E seq=51 syncOff=0
APP_CRC_FAIL exp=4040 got=473E seq=52 syncOff=0
APP_CRC_FAIL exp=4040 got=473E seq=53 syncOff=0
APP_CRC_FAIL exp=4040 got=473E seq=54 syncOff=0
APP_CRC_FAIL exp=4040 got=473E seq=55 syncOff=0
APP_CRC_FAIL exp=4040 got=473E seq=56 syncOff=0
APP_CRC_FAIL exp=4040 got=473E seq=57 syncOff=0
APP_CRC_FAIL exp=4040 got=473E seq=58 syncOff=0
APP_CRC_FAIL exp=4040 got=473E seq=59 syncOff=0
APP_CRC_FAIL exp=4040 got=473E seq=60 syncOff=0
APP_CRC_FAIL exp=4040 got=473E seq=61 syncOff=0
APP_CRC_FAIL exp=4040 got=473E seq=62 syncOff=0
APP_CRC_FAIL exp=4040 got=473E seq=63 syncOff=0
APP_CRC_FAIL exp=4040 got=473E seq=64 syncOff=0
APP_CRC_FAIL exp=4040 got=473E seq=65 syncOff=0
APP_CRC_FAIL exp=4040 got=473E seq=66 syncOff=0
APP_CRC_FAIL exp=4040 got=473E seq=67 syncOff=0
APP_CRC_FAIL exp=4040 got=473E seq=68 syncOff=0
APP_CRC_FAIL exp=4040 got=473E seq=69 syncOff=0
APP_CRC_FAIL exp=4040 got=473E seq=70 syncOff=0
APP_CRC_FAIL exp=4040 got=473E seq=71 syncOff=0
APP_CRC_FAIL exp=4040 got=473E seq=72 syncOff=0
APP_CRC_FAIL exp=4040 got=473E seq=73 syncOff=0
APP_CRC_FAIL exp=4040 got=473E seq=74 syncOff=0
APP_CRC_FAIL exp=9595 got=13EF seq=0 syncOff=0
APP_CRC_FAIL exp=9595 got=13EF seq=1 syncOff=0
APP_CRC_FAIL exp=9595 got=13EF seq=2 syncOff=0
APP_CRC_FAIL exp=9595 got=13EF seq=3 syncOff=0
APP_CRC_FAIL exp=9595 got=13EF seq=4 syncOff=0
APP_CRC_FAIL exp=9595 got=13EF seq=5 syncOff=0
APP_CRC_FAIL exp=9595 got=13EF seq=6 syncOff=0
APP_CRC_FAIL exp=9595 got=13EF seq=7 syncOff=0
APP_CRC_FAIL exp=9595 got=13EF seq=8 syncOff=0
APP_CRC_FAIL exp=9595 got=13EF seq=9 syncOff=0
APP_CRC_FAIL exp=9595 got=13EF seq=10 syncOff=0
APP_CRC_FAIL exp=9595 got=13EF seq=11 syncOff=0
APP_CRC_FAIL exp=9595 got=13EF seq=12 syncOff=0
APP_CRC_FAIL exp=9595 got=13EF seq=13 syncOff=0
APP_CRC_FAIL exp=9595 got=13EF seq=14 syncOff=0
APP_CRC_FAIL exp=9595 got=13EF seq=15 syncOff=0
APP_CRC_FAIL exp=9595 got=13EF seq=16 syncOff=0
APP_CRC_FAIL exp=9595 got=13EF seq=17 syncOff=0
APP_CRC_FAIL exp=9595 got=13EF seq=18 syncOff=0
APP_CRC_FAIL exp=9595 got=13EF seq=19 syncOff=0
SYNC_NOT_FOUND first4=8B91D83F
APP_CRC_FAIL exp=9595 got=13EF seq=20 syncOff=0
APP_CRC_FAIL exp=9595 got=13EF seq=21 syncOff=0
APP_CRC_FAIL exp=9595 got=13EF seq=22 syncOff=0
APP_CRC_FAIL exp=9595 got=13EF seq=23 syncOff=0
APP_CRC_FAIL exp=9595 got=13EF seq=24 syncOff=0
APP_CRC_FAIL exp=9595 got=13EF seq=25 syncOff=0
APP_CRC_FAIL exp=9595 got=13EF seq=26 syncOff=0
APP_CRC_FAIL exp=9595 got=13EF seq=27 syncOff=0
APP_CRC_FAIL exp=9595 got=13EF seq=28 syncOff=0
APP_CRC_FAIL exp=9595 got=13EF seq=29 syncOff=0
APP_CRC_FAIL exp=9595 got=13EF seq=30 syncOff=0
APP_CRC_FAIL exp=9595 got=13EF seq=31 syncOff=0
APP_CRC_FAIL exp=9595 got=13EF seq=32 syncOff=0
APP_CRC_FAIL exp=9595 got=13EF seq=33 syncOff=0
APP_CRC_FAIL exp=9595 got=13EF seq=34 syncOff=0
APP_CRC_FAIL exp=9595 got=13EF seq=35 syncOff=0
APP_CRC_FAIL exp=9595 got=13EF seq=36 syncOff=0
APP_CRC_FAIL exp=9595 got=13EF seq=37 syncOff=0
APP_CRC_FAIL exp=9595 got=13EF seq=38 syncOff=0
APP_CRC_FAIL exp=9595 got=13EF seq=39 syncOff=0
APP_CRC_FAIL exp=9595 got=13EF seq=40 syncOff=0
APP_CRC_FAIL exp=9595 got=13EF seq=41 syncOff=0
APP_CRC_FAIL exp=9595 got=13EF seq=42 syncOff=0
APP_CRC_FAIL exp=9595 got=13EF seq=43 syncOff=0
APP_CRC_FAIL exp=9595 got=13EF seq=44 syncOff=0
APP_CRC_FAIL exp=9595 got=13EF seq=45 syncOff=0
APP_CRC_FAIL exp=9595 got=13EF seq=46 syncOff=0
APP_CRC_FAIL exp=9595 got=13EF seq=47 syncOff=0
APP_CRC_FAIL exp=9595 got=13EF seq=48 syncOff=0
APP_CRC_FAIL exp=9595 got=13EF seq=49 syncOff=0
APP_CRC_FAIL exp=9595 got=13EF seq=50 syncOff=0
APP_CRC_FAIL exp=9595 got=13EF seq=51 syncOff=0
APP_CRC_FAIL exp=9595 got=13EF seq=52 syncOff=0
APP_CRC_FAIL exp=9595 got=13EF seq=53 syncOff=0
APP_CRC_FAIL exp=9595 got=13EF seq=54 syncOff=0
APP_CRC_FAIL exp=9595 got=13EF seq=55 syncOff=0
APP_CRC_FAIL exp=9595 got=13EF seq=56 syncOff=0
APP_CRC_FAIL exp=9595 got=13EF seq=57 syncOff=0
APP_CRC_FAIL exp=9595 got=13EF seq=58 syncOff=0
APP_CRC_FAIL exp=9595 got=13EF seq=59 syncOff=0
SYNC_NOT_FOUND first4=8DEAE36B
APP_CRC_FAIL exp=9595 got=13EF seq=60 syncOff=0
APP_CRC_FAIL exp=9595 got=13EF seq=61 syncOff=0
APP_CRC_FAIL exp=9595 got=13EF seq=62 syncOff=0
APP_CRC_FAIL exp=9595 got=13EF seq=63 syncOff=0
APP_CRC_FAIL exp=9595 got=13EF seq=64 syncOff=0
APP_CRC_FAIL exp=9595 got=13EF seq=65 syncOff=0
APP_CRC_FAIL exp=9595 got=13EF seq=66 syncOff=0
APP_CRC_FAIL exp=9595 got=13EF seq=67 syncOff=0
APP_CRC_FAIL exp=9595 got=13EF seq=68 syncOff=0
APP_CRC_FAIL exp=9595 got=13EF seq=69 syncOff=0
APP_CRC_FAIL exp=9595 got=13EF seq=70 syncOff=0
APP_CRC_FAIL exp=9595 got=13EF seq=71 syncOff=0
APP_CRC_FAIL exp=9595 got=13EF seq=72 syncOff=0
APP_CRC_FAIL exp=9595 got=13EF seq=73 syncOff=0
APP_CRC_FAIL exp=9595 got=13EF seq=74 syncOff=0
TIME_DIFF gps_utc=1785058348 laptop_utc=1785058348 offset=0
TIME_DIFF gps_utc=1785058348 laptop_utc=1785058348 offset=0
TIME_DIFF gps_utc=1785058348 laptop_utc=1785058348 offset=0
TIME_DIFF gps_utc=1785058348 laptop_utc=1785058348 offset=0
TIME_DIFF gps_utc=1785058348 laptop_utc=1785058348 offset=0
TIME_DIFF gps_utc=1785058348 laptop_utc=1785058348 offset=0
TIME_DIFF gps_utc=1785058348 laptop_utc=1785058348 offset=0
TIME_DIFF gps_utc=1785058348 laptop_utc=1785058348 offset=0
TIME_DIFF gps_utc=1785058348 laptop_utc=1785058348 offset=0
TIME_DIFF gps_utc=1785058348 laptop_utc=1785058348 offset=0
TIME_DIFF gps_utc=1785058348 laptop_utc=1785058348 offset=0
TIME_DIFF gps_utc=1785058348 laptop_utc=1785058348 offset=0
TIME_DIFF gps_utc=1785058348 laptop_utc=1785058348 offset=0
TIME_DIFF gps_utc=1785058348 laptop_utc=1785058348 offset=0
TIME_DIFF gps_utc=1785058348 laptop_utc=1785058348 offset=0
TIME_DIFF gps_utc=1785058348 laptop_utc=1785058348 offset=0
TIME_DIFF gps_utc=1785058348 laptop_utc=1785058348 offset=0
TIME_DIFF gps_utc=1785058348 laptop_utc=1785058348 offset=0
TIME_DIFF gps_utc=1785058348 laptop_utc=1785058348 offset=0
TIME_DIFF gps_utc=1785058348 laptop_utc=1785058348 offset=0
TIME_DIFF gps_utc=1785058348 laptop_utc=1785058348 offset=0
TIME_DIFF gps_utc=1785058348 laptop_utc=1785058348 offset=0
TIME_DIFF gps_utc=1785058348 laptop_utc=1785058348 offset=0
TIME_DIFF gps_utc=1785058348 laptop_utc=1785058348 offset=0
SYNC_NOT_FOUND first4=2DAA9A44
TIME_DIFF gps_utc=1785058348 laptop_utc=1785058348 offset=0
TIME_DIFF gps_utc=1785058348 laptop_utc=1785058348 offset=0
TIME_DIFF gps_utc=1785058348 laptop_utc=1785058348 offset=0
TIME_DIFF gps_utc=1785058348 laptop_utc=1785058348 offset=0
TIME_DIFF gps_utc=1785058348 laptop_utc=1785058348 offset=0
TIME_DIFF gps_utc=1785058348 laptop_utc=1785058348 offset=0
TIME_DIFF gps_utc=1785058348 laptop_utc=1785058348 offset=0
TIME_DIFF gps_utc=1785058348 laptop_utc=1785058348 offset=0
TIME_DIFF gps_utc=1785058348 laptop_utc=1785058348 offset=0
TIME_DIFF gps_utc=1785058348 laptop_utc=1785058348 offset=0
TIME_DIFF gps_utc=1785058348 laptop_utc=1785058348 offset=0
TIME_DIFF gps_utc=1785058348 laptop_utc=1785058348 offset=0
TIME_DIFF gps_utc=1785058348 laptop_utc=1785058348 offset=0
TIME_DIFF gps_utc=1785058348 laptop_utc=1785058348 offset=0
TIME_DIFF gps_utc=1785058348 laptop_utc=1785058348 offset=0
TIME_DIFF gps_utc=1785058348 laptop_utc=1785058348 offset=0
TIME_DIFF gps_utc=1785058348 laptop_utc=1785058348 offset=0
TIME_DIFF gps_utc=1785058348 laptop_utc=1785058348 offset=0
TIME_DIFF gps_utc=1785058348 laptop_utc=1785058348 offset=0
TIME_DIFF gps_utc=1785058348 laptop_utc=1785058348 offset=0
TIME_DIFF gps_utc=1785058348 laptop_utc=1785058348 offset=0
TIME_DIFF gps_utc=1785058348 laptop_utc=1785058348 offset=0
TIME_DIFF gps_utc=1785058348 laptop_utc=1785058348 offset=0
TIME_DIFF gps_utc=1785058348 laptop_utc=1785058348 offset=0
TIME_DIFF gps_utc=1785058348 laptop_utc=1785058348 offset=0
TIME_DIFF gps_utc=1785058348 laptop_utc=1785058348 offset=0
TIME_DIFF gps_utc=1785058348 laptop_utc=1785058348 offset=0
TIME_DIFF gps_utc=1785058349 laptop_utc=1785058348 offset=1
TIME_DIFF gps_utc=1785058349 laptop_utc=1785058348 offset=1
TIME_DIFF gps_utc=1785058349 laptop_utc=1785058349 offset=0
TIME_DIFF gps_utc=1785058349 laptop_utc=1785058349 offset=0
TIME_DIFF gps_utc=1785058349 laptop_utc=1785058349 offset=0
TIME_DIFF gps_utc=1785058349 laptop_utc=1785058349 offset=0
TIME_DIFF gps_utc=1785058349 laptop_utc=1785058349 offset=0
TIME_DIFF gps_utc=1785058349 laptop_utc=1785058349 offset=0
TIME_DIFF gps_utc=1785058349 laptop_utc=1785058349 offset=0
TIME_DIFF gps_utc=1785058349 laptop_utc=1785058349 offset=0
TIME_DIFF gps_utc=1785058349 laptop_utc=1785058349 offset=0
TIME_DIFF gps_utc=1785058349 laptop_utc=1785058349 offset=0
TIME_DIFF gps_utc=1785058349 laptop_utc=1785058349 offset=0
TIME_DIFF gps_utc=1785058349 laptop_utc=1785058349 offset=0
TIME_DIFF gps_utc=1785058349 laptop_utc=1785058349 offset=0
TIME_DIFF gps_utc=1785058349 laptop_utc=1785058349 offset=0
TIME_DIFF gps_utc=1785058349 laptop_utc=1785058349 offset=0
TIME_DIFF gps_utc=1785058349 laptop_utc=1785058349 offset=0
TIME_DIFF gps_utc=1785058349 laptop_utc=1785058349 offset=0
TIME_DIFF gps_utc=1785058349 laptop_utc=1785058349 offset=0
TIME_DIFF gps_utc=1785058349 laptop_utc=1785058349 offset=0
TIME_DIFF gps_utc=1785058349 laptop_utc=1785058349 offset=0
TIME_DIFF gps_utc=1785058349 laptop_utc=1785058349 offset=0
TIME_DIFF gps_utc=1785058349 laptop_utc=1785058349 offset=0
SYNC_NOT_FOUND first4=167B2018
SYNC_NOT_FOUND first4=31D65AC1
SYNC_NOT_FOUND first4=D8690C06
SYNC_LOST phase=55 consecutive=3 cached_off=0
SYNC_NOT_FOUND first4=B5CDF54A
SYNC_NOT_FOUND first4=1D71DE02
SYNC_NOT_FOUND first4=16CDB5E9
SYNC_NOT_FOUND first4=9FB3567D
TIME_SYNCED utc=1785058354 offset=1785033574
SYNC_NOT_FOUND first4=01AAC21A
SYNC_NOT_FOUND first4=7C1F8257
SYNC_NOT_FOUND first4=E033598B
SYNC_NOT_FOUND first4=7A9E270E
SYNC_NOT_FOUND first4=25B41BAA
SYNC_NOT_FOUND first4=D207A0F0
SYNC_NOT_FOUND first4=02B39999
SYNC_NOT_FOUND first4=70AFC706
SYNC_NOT_FOUND first4=18667A65
SYNC_NOT_FOUND first4=D5E1E669
SYNC_NOT_FOUND first4=D8666695
SYNC_NOT_FOUND first4=47082178
SYNC_NOT_FOUND first4=969E665A
SYNC_NOT_FOUND first4=014B81DC
SYNC_NOT_FOUND first4=A97D279B
SYNC_NOT_FOUND first4=5E599868
SYNC_NOT_FOUND first4=11EC9E66
SYNC_NOT_FOUND first4=67857D43
SYNC_NOT_FOUND first4=00B60E9F
SYNC_NOT_FOUND first4=5E599E7A
SYNC_NOT_FOUND first4=4988F634
TIME_SYNCED utc=1785058364 offset=1785033574
SYNC_NOT_FOUND first4=5D680005
SYNC_NOT_FOUND first4=6665A555
SYNC_NOT_FOUND first4=00A5C64F
SYNC_NOT_FOUND first4=AB6E5221
TIME_STATS min=-2000ms max=1000ms avg=-89ms corrections=0
SYNC_NOT_FOUND first4=5C1BD7FE
SYNC_NOT_FOUND first4=3B52CCCC
TIME_SYNCED utc=1785058375 offset=1785033574
SYNC_NOT_FOUND first4=939551C9
TIME_SYNCED utc=1785058386 offset=1785033575
SYNC_NOT_FOUND first4=680BC05F
SYNC_NOT_FOUND first4=841E7A18
SYNC_NOT_FOUND first4=B4711EB7
TIME_SYNCED utc=1785058396 offset=1785033574
SYNC_NOT_FOUND first4=59437DAE
SYNC_NOT_FOUND first4=6E221E39
SYNC_NOT_FOUND first4=3CF59D5F
SYNC_NOT_FOUND first4=BD258287
SYNC_NOT_FOUND first4=14ACE718
SYNC_NOT_FOUND first4=ED97ECF1
TIME_SYNCED utc=1785058406 offset=1785033574
SYNC_NOT_FOUND first4=19F305DC
SYNC_NOT_FOUND first4=BFDB81EE
SYNC_NOT_FOUND first4=D2E95154
SYNC_NOT_FOUND first4=B5A5A5A5
SYNC_NOT_FOUND first4=06E9EA16
SYNC_NOT_FOUND first4=2516168F
SYNC_NOT_FOUND first4=E5A5A5A5
SYNC_NOT_FOUND first4=56A691E4
SYNC_NOT_FOUND first4=42ED8E13
SYNC_NOT_FOUND first4=42EDAE13
SYNC_OFFSET phase=55 off=0 prev=-1
APP_CRC_FAIL exp=D0D0 got=C41B seq=0 syncOff=0
APP_CRC_FAIL exp=D0D0 got=C41B seq=1 syncOff=0
APP_CRC_FAIL exp=D0D0 got=C41B seq=2 syncOff=0
APP_CRC_FAIL exp=D0D0 got=C41B seq=3 syncOff=0
APP_CRC_FAIL exp=D0D0 got=C41B seq=4 syncOff=0
APP_CRC_FAIL exp=D0D0 got=C41B seq=5 syncOff=0
APP_CRC_FAIL exp=D0D0 got=C41B seq=6 syncOff=0
APP_CRC_FAIL exp=D0D0 got=C41B seq=7 syncOff=0
APP_CRC_FAIL exp=D0D0 got=C41B seq=8 syncOff=0
APP_CRC_FAIL exp=D0D0 got=C41B seq=9 syncOff=0
APP_CRC_FAIL exp=D0D0 got=C41B seq=10 syncOff=0
SYNC_NOT_FOUND first4=0E52C12C
APP_CRC_FAIL exp=D0D0 got=C41B seq=12 syncOff=0
APP_CRC_FAIL exp=D0D0 got=C41B seq=13 syncOff=0
APP_CRC_FAIL exp=D0D0 got=C41B seq=14 syncOff=0
APP_CRC_FAIL exp=D0D0 got=C41B seq=15 syncOff=0
APP_CRC_FAIL exp=D0D0 got=C41B seq=16 syncOff=0
SYNC_NOT_FOUND first4=2713DED2
APP_CRC_FAIL exp=D0D0 got=C41B seq=17 syncOff=0
APP_CRC_FAIL exp=D0D0 got=C41B seq=18 syncOff=0
APP_CRC_FAIL exp=D0D0 got=C41B seq=19 syncOff=0
APP_CRC_FAIL exp=D0D0 got=C41B seq=20 syncOff=0
APP_CRC_FAIL exp=D0D0 got=C41B seq=21 syncOff=0
APP_CRC_FAIL exp=D0D0 got=C41B seq=22 syncOff=0
APP_CRC_FAIL exp=D0D0 got=C41B seq=23 syncOff=0
APP_CRC_FAIL exp=D0D0 got=C41B seq=24 syncOff=0
APP_CRC_FAIL exp=D0D0 got=C41B seq=25 syncOff=0
APP_CRC_FAIL exp=D0D0 got=C41B seq=26 syncOff=0
APP_CRC_FAIL exp=D0D0 got=C41B seq=27 syncOff=0
APP_CRC_FAIL exp=D0D0 got=C41B seq=28 syncOff=0
APP_CRC_FAIL exp=D0D0 got=C41B seq=29 syncOff=0
APP_CRC_FAIL exp=D0D0 got=C41B seq=30 syncOff=0
APP_CRC_FAIL exp=D0D0 got=C41B seq=31 syncOff=0
APP_CRC_FAIL exp=D0D0 got=C41B seq=32 syncOff=0
APP_CRC_FAIL exp=D0D0 got=C41B seq=33 syncOff=0
APP_CRC_FAIL exp=D0D0 got=C41B seq=34 syncOff=0
APP_CRC_FAIL exp=D0D0 got=C41B seq=35 syncOff=0
TIME_SYNCED utc=1785058416 offset=1785033574
APP_CRC_FAIL exp=D0D0 got=C41B seq=36 syncOff=0
APP_CRC_FAIL exp=D0D0 got=C41B seq=37 syncOff=0
APP_CRC_FAIL exp=D0D0 got=C41B seq=38 syncOff=0
APP_CRC_FAIL exp=D0D0 got=C41B seq=39 syncOff=0
APP_CRC_FAIL exp=D0D0 got=C41B seq=40 syncOff=0
APP_CRC_FAIL exp=D0D0 got=C41B seq=41 syncOff=0
APP_CRC_FAIL exp=D0D0 got=C41B seq=42 syncOff=0
APP_CRC_FAIL exp=D0D0 got=C41B seq=43 syncOff=0
APP_CRC_FAIL exp=D0D0 got=C41B seq=44 syncOff=0
APP_CRC_FAIL exp=D0D0 got=C41B seq=45 syncOff=0
APP_CRC_FAIL exp=D0D0 got=C41B seq=46 syncOff=0
APP_CRC_FAIL exp=D0D0 got=C41B seq=47 syncOff=0
APP_CRC_FAIL exp=D0D0 got=C41B seq=48 syncOff=0
APP_CRC_FAIL exp=D0D0 got=C41B seq=49 syncOff=0
APP_CRC_FAIL exp=D0D0 got=C41B seq=50 syncOff=0
APP_CRC_FAIL exp=D0D0 got=C41B seq=51 syncOff=0
APP_CRC_FAIL exp=D0D0 got=C41B seq=52 syncOff=0
SYNC_NOT_FOUND first4=44AC17FD
APP_CRC_FAIL exp=D0D0 got=C41B seq=53 syncOff=0
APP_CRC_FAIL exp=D0D0 got=C41B seq=54 syncOff=0
APP_CRC_FAIL exp=D0D0 got=C41B seq=55 syncOff=0
APP_CRC_FAIL exp=D0D0 got=C41B seq=56 syncOff=0
APP_CRC_FAIL exp=D0D0 got=C41B seq=57 syncOff=0
APP_CRC_FAIL exp=D0D0 got=C41B seq=58 syncOff=0
APP_CRC_FAIL exp=D0D0 got=C41B seq=59 syncOff=0
APP_CRC_FAIL exp=D0D0 got=C41B seq=60 syncOff=0
APP_CRC_FAIL exp=D0D0 got=C41B seq=61 syncOff=0
APP_CRC_FAIL exp=D0D0 got=C41B seq=62 syncOff=0
APP_CRC_FAIL exp=D0D0 got=C41B seq=63 syncOff=0
APP_CRC_FAIL exp=D0D0 got=C41B seq=64 syncOff=0
APP_CRC_FAIL exp=D0D0 got=C41B seq=65 syncOff=0
APP_CRC_FAIL exp=D0D0 got=C41B seq=66 syncOff=0
APP_CRC_FAIL exp=D0D0 got=C41B seq=67 syncOff=0
APP_CRC_FAIL exp=D0D0 got=C41B seq=68 syncOff=0
APP_CRC_FAIL exp=D0D0 got=C41B seq=69 syncOff=0
SYNC_NOT_FOUND first4=76FA8457
APP_CRC_FAIL exp=D0D0 got=C41B seq=70 syncOff=0
APP_CRC_FAIL exp=D0D0 got=C41B seq=71 syncOff=0
SYNC_NOT_FOUND first4=57C002BE
APP_CRC_FAIL exp=D0D0 got=C41B seq=72 syncOff=0
APP_CRC_FAIL exp=D0D0 got=C41B seq=73 syncOff=0
APP_CRC_FAIL exp=D0D0 got=C41B seq=74 syncOff=0
APP_CRC_FAIL exp=4040 got=473E seq=0 syncOff=0
APP_CRC_FAIL exp=4040 got=473E seq=1 syncOff=0
APP_CRC_FAIL exp=4040 got=473E seq=2 syncOff=0
APP_CRC_FAIL exp=4040 got=473E seq=3 syncOff=0
APP_CRC_FAIL exp=4040 got=473E seq=4 syncOff=0
APP_CRC_FAIL exp=4040 got=473E seq=5 syncOff=0
APP_CRC_FAIL exp=4040 got=473E seq=6 syncOff=0
APP_CRC_FAIL exp=4040 got=473E seq=7 syncOff=0
APP_CRC_FAIL exp=4040 got=473E seq=8 syncOff=0
APP_CRC_FAIL exp=4040 got=473E seq=9 syncOff=0
APP_CRC_FAIL exp=4040 got=473E seq=10 syncOff=0
APP_CRC_FAIL exp=4040 got=473E seq=11 syncOff=0
APP_CRC_FAIL exp=4040 got=473E seq=12 syncOff=0
APP_CRC_FAIL exp=4040 got=473E seq=13 syncOff=0
APP_CRC_FAIL exp=4040 got=473E seq=14 syncOff=0
APP_CRC_FAIL exp=4040 got=473E seq=15 syncOff=0
APP_CRC_FAIL exp=4040 got=473E seq=16 syncOff=0
APP_CRC_FAIL exp=4040 got=473E seq=17 syncOff=0
APP_CRC_FAIL exp=4040 got=473E seq=18 syncOff=0
APP_CRC_FAIL exp=4040 got=473E seq=19 syncOff=0
APP_CRC_FAIL exp=4040 got=473E seq=20 syncOff=0
APP_CRC_FAIL exp=4040 got=473E seq=21 syncOff=0
SYNC_NOT_FOUND first4=7EA518A8
APP_CRC_FAIL exp=4040 got=473E seq=22 syncOff=0
APP_CRC_FAIL exp=4040 got=473E seq=23 syncOff=0
APP_CRC_FAIL exp=4040 got=473E seq=24 syncOff=0
APP_CRC_FAIL exp=4040 got=473E seq=25 syncOff=0
APP_CRC_FAIL exp=4040 got=473E seq=26 syncOff=0
APP_CRC_FAIL exp=4040 got=473E seq=27 syncOff=0
APP_CRC_FAIL exp=4040 got=473E seq=28 syncOff=0
APP_CRC_FAIL exp=4040 got=473E seq=29 syncOff=0
APP_CRC_FAIL exp=4040 got=473E seq=30 syncOff=0
APP_CRC_FAIL exp=4040 got=473E seq=31 syncOff=0
APP_CRC_FAIL exp=4040 got=473E seq=32 syncOff=0
APP_CRC_FAIL exp=4040 got=473E seq=33 syncOff=0
APP_CRC_FAIL exp=4040 got=473E seq=34 syncOff=0
APP_CRC_FAIL exp=4040 got=473E seq=35 syncOff=0
APP_CRC_FAIL exp=4040 got=473E seq=36 syncOff=0
APP_CRC_FAIL exp=4040 got=473E seq=37 syncOff=0
APP_CRC_FAIL exp=4040 got=473E seq=38 syncOff=0
APP_CRC_FAIL exp=4040 got=473E seq=39 syncOff=0
APP_CRC_FAIL exp=4040 got=473E seq=40 syncOff=0
APP_CRC_FAIL exp=4040 got=473E seq=41 syncOff=0
APP_CRC_FAIL exp=4040 got=473E seq=42 syncOff=0
APP_CRC_FAIL exp=4040 got=473E seq=43 syncOff=0
APP_CRC_FAIL exp=4040 got=473E seq=44 syncOff=0
APP_CRC_FAIL exp=4040 got=473E seq=45 syncOff=0
APP_CRC_FAIL exp=4040 got=473E seq=46 syncOff=0
APP_CRC_FAIL exp=4040 got=473E seq=47 syncOff=0
APP_CRC_FAIL exp=4040 got=473E seq=48 syncOff=0
APP_CRC_FAIL exp=4040 got=473E seq=49 syncOff=0
APP_CRC_FAIL exp=4040 got=473E seq=50 syncOff=0
APP_CRC_FAIL exp=4040 got=473E seq=51 syncOff=0
APP_CRC_FAIL exp=4040 got=473E seq=52 syncOff=0
APP_CRC_FAIL exp=4040 got=473E seq=53 syncOff=0
SYNC_NOT_FOUND first4=C282E351
APP_CRC_FAIL exp=4040 got=473E seq=54 syncOff=0
APP_CRC_FAIL exp=4040 got=473E seq=55 syncOff=0
APP_CRC_FAIL exp=4040 got=473E seq=56 syncOff=0
APP_CRC_FAIL exp=4040 got=473E seq=57 syncOff=0
APP_CRC_FAIL exp=4040 got=473E seq=58 syncOff=0
APP_CRC_FAIL exp=4040 got=473E seq=59 syncOff=0
APP_CRC_FAIL exp=4040 got=473E seq=60 syncOff=0
APP_CRC_FAIL exp=4040 got=473E seq=61 syncOff=0
APP_CRC_FAIL exp=4040 got=473E seq=62 syncOff=0
APP_CRC_FAIL exp=4040 got=473E seq=63 syncOff=0
APP_CRC_FAIL exp=4040 got=473E seq=64 syncOff=0
APP_CRC_FAIL exp=4040 got=473E seq=65 syncOff=0
APP_CRC_FAIL exp=4040 got=473E seq=66 syncOff=0
APP_CRC_FAIL exp=4040 got=473E seq=67 syncOff=0
APP_CRC_FAIL exp=4040 got=473E seq=68 syncOff=0
APP_CRC_FAIL exp=4040 got=473E seq=69 syncOff=0
APP_CRC_FAIL exp=4040 got=473E seq=70 syncOff=0
APP_CRC_FAIL exp=4040 got=473E seq=71 syncOff=0
APP_CRC_FAIL exp=4040 got=473E seq=72 syncOff=0
APP_CRC_FAIL exp=4040 got=473E seq=73 syncOff=0
APP_CRC_FAIL exp=4040 got=473E seq=74 syncOff=0
APP_CRC_FAIL exp=9595 got=13EF seq=0 syncOff=0
APP_CRC_FAIL exp=9595 got=13EF seq=1 syncOff=0
APP_CRC_FAIL exp=9595 got=13EF seq=2 syncOff=0
APP_CRC_FAIL exp=9595 got=13EF seq=3 syncOff=0
APP_CRC_FAIL exp=9595 got=13EF seq=4 syncOff=0
APP_CRC_FAIL exp=9595 got=13EF seq=5 syncOff=0
APP_CRC_FAIL exp=9595 got=13EF seq=6 syncOff=0
APP_CRC_FAIL exp=9595 got=13EF seq=7 syncOff=0
APP_CRC_FAIL exp=9595 got=13EF seq=8 syncOff=0
APP_CRC_FAIL exp=9595 got=13EF seq=9 syncOff=0
APP_CRC_FAIL exp=9595 got=13EF seq=10 syncOff=0
APP_CRC_FAIL exp=9595 got=13EF seq=11 syncOff=0
APP_CRC_FAIL exp=9595 got=13EF seq=12 syncOff=0
APP_CRC_FAIL exp=9595 got=13EF seq=13 syncOff=0
APP_CRC_FAIL exp=9595 got=13EF seq=14 syncOff=0
APP_CRC_FAIL exp=9595 got=13EF seq=15 syncOff=0
APP_CRC_FAIL exp=9595 got=13EF seq=16 syncOff=0
APP_CRC_FAIL exp=9595 got=13EF seq=17 syncOff=0
APP_CRC_FAIL exp=9595 got=13EF seq=18 syncOff=0
APP_CRC_FAIL exp=9595 got=13EF seq=19 syncOff=0
APP_CRC_FAIL exp=9595 got=13EF seq=20 syncOff=0
APP_CRC_FAIL exp=9595 got=13EF seq=21 syncOff=0
APP_CRC_FAIL exp=9595 got=13EF seq=22 syncOff=0
APP_CRC_FAIL exp=9595 got=13EF seq=23 syncOff=0
APP_CRC_FAIL exp=9595 got=13EF seq=24 syncOff=0
APP_CRC_FAIL exp=9595 got=13EF seq=25 syncOff=0
APP_CRC_FAIL exp=9595 got=13EF seq=26 syncOff=0
APP_CRC_FAIL exp=9595 got=13EF seq=27 syncOff=0
APP_CRC_FAIL exp=9595 got=13EF seq=28 syncOff=0
APP_CRC_FAIL exp=9595 got=13EF seq=29 syncOff=0
APP_CRC_FAIL exp=9595 got=13EF seq=30 syncOff=0
APP_CRC_FAIL exp=9595 got=13EF seq=31 syncOff=0
APP_CRC_FAIL exp=9595 got=13EF seq=32 syncOff=0
APP_CRC_FAIL exp=9595 got=13EF seq=33 syncOff=0
APP_CRC_FAIL exp=9595 got=13EF seq=34 syncOff=0
APP_CRC_FAIL exp=9595 got=13EF seq=35 syncOff=0
APP_CRC_FAIL exp=9595 got=13EF seq=36 syncOff=0
APP_CRC_FAIL exp=9595 got=13EF seq=37 syncOff=0
SYNC_NOT_FOUND first4=0D831256
APP_CRC_FAIL exp=9595 got=13EF seq=38 syncOff=0
SYNC_NOT_FOUND first4=A408F017
APP_CRC_FAIL exp=9595 got=13EF seq=39 syncOff=0
APP_CRC_FAIL exp=9595 got=13EF seq=40 syncOff=0
APP_CRC_FAIL exp=9595 got=13EF seq=41 syncOff=0
APP_CRC_FAIL exp=9595 got=13EF seq=42 syncOff=0
APP_CRC_FAIL exp=9595 got=13EF seq=43 syncOff=0
APP_CRC_FAIL exp=9595 got=13EF seq=44 syncOff=0
APP_CRC_FAIL exp=9595 got=13EF seq=45 syncOff=0
APP_CRC_FAIL exp=9595 got=13EF seq=46 syncOff=0
APP_CRC_FAIL exp=9595 got=13EF seq=47 syncOff=0
APP_CRC_FAIL exp=9595 got=13EF seq=48 syncOff=0
APP_CRC_FAIL exp=9595 got=13EF seq=49 syncOff=0
APP_CRC_FAIL exp=9595 got=13EF seq=50 syncOff=0
APP_CRC_FAIL exp=9595 got=13EF seq=51 syncOff=0
APP_CRC_FAIL exp=9595 got=13EF seq=52 syncOff=0
APP_CRC_FAIL exp=9595 got=13EF seq=53 syncOff=0
APP_CRC_FAIL exp=9595 got=13EF seq=54 syncOff=0
APP_CRC_FAIL exp=9595 got=13EF seq=55 syncOff=0
APP_CRC_FAIL exp=9595 got=13EF seq=56 syncOff=0
APP_CRC_FAIL exp=9595 got=13EF seq=57 syncOff=0
APP_CRC_FAIL exp=9595 got=13EF seq=58 syncOff=0
APP_CRC_FAIL exp=9595 got=13EF seq=59 syncOff=0
APP_CRC_FAIL exp=9595 got=13EF seq=60 syncOff=0
APP_CRC_FAIL exp=9595 got=13EF seq=61 syncOff=0
APP_CRC_FAIL exp=9595 got=13EF seq=62 syncOff=0
APP_CRC_FAIL exp=9595 got=13EF seq=63 syncOff=0
APP_CRC_FAIL exp=9595 got=13EF seq=64 syncOff=0
APP_CRC_FAIL exp=9595 got=13EF seq=65 syncOff=0
APP_CRC_FAIL exp=9595 got=13EF seq=66 syncOff=0
APP_CRC_FAIL exp=9595 got=13EF seq=67 syncOff=0
APP_CRC_FAIL exp=9595 got=13EF seq=68 syncOff=0
APP_CRC_FAIL exp=9595 got=13EF seq=69 syncOff=0
APP_CRC_FAIL exp=9595 got=13EF seq=70 syncOff=0
APP_CRC_FAIL exp=9595 got=13EF seq=71 syncOff=0
APP_CRC_FAIL exp=9595 got=13EF seq=72 syncOff=0
APP_CRC_FAIL exp=9595 got=13EF seq=73 syncOff=0
APP_CRC_FAIL exp=9595 got=13EF seq=74 syncOff=0
SYNC_NOT_FOUND first4=FE488C46
TIME_DIFF gps_utc=1785058422 laptop_utc=1785058422 offset=0
TIME_DIFF gps_utc=1785058422 laptop_utc=1785058422 offset=0
TIME_DIFF gps_utc=1785058422 laptop_utc=1785058422 offset=0
TIME_DIFF gps_utc=1785058422 laptop_utc=1785058422 offset=0
TIME_DIFF gps_utc=1785058422 laptop_utc=1785058422 offset=0
TIME_DIFF gps_utc=1785058422 laptop_utc=1785058422 offset=0
TIME_DIFF gps_utc=1785058422 laptop_utc=1785058422 offset=0
TIME_DIFF gps_utc=1785058422 laptop_utc=1785058422 offset=0
TIME_DIFF gps_utc=1785058422 laptop_utc=1785058422 offset=0
TIME_DIFF gps_utc=1785058422 laptop_utc=1785058422 offset=0
TIME_DIFF gps_utc=1785058422 laptop_utc=1785058422 offset=0
TIME_DIFF gps_utc=1785058422 laptop_utc=1785058422 offset=0
TIME_DIFF gps_utc=1785058422 laptop_utc=1785058422 offset=0
TIME_DIFF gps_utc=1785058422 laptop_utc=1785058422 offset=0
TIME_DIFF gps_utc=1785058422 laptop_utc=1785058422 offset=0
TIME_DIFF gps_utc=1785058422 laptop_utc=1785058422 offset=0
TIME_DIFF gps_utc=1785058422 laptop_utc=1785058422 offset=0
TIME_DIFF gps_utc=1785058422 laptop_utc=1785058422 offset=0
TIME_DIFF gps_utc=1785058422 laptop_utc=1785058422 offset=0
TIME_DIFF gps_utc=1785058422 laptop_utc=1785058422 offset=0
TIME_DIFF gps_utc=1785058422 laptop_utc=1785058422 offset=0
TIME_DIFF gps_utc=1785058422 laptop_utc=1785058422 offset=0
TIME_DIFF gps_utc=1785058422 laptop_utc=1785058422 offset=0
TIME_DIFF gps_utc=1785058422 laptop_utc=1785058422 offset=0
TIME_DIFF gps_utc=1785058422 laptop_utc=1785058422 offset=0
TIME_DIFF gps_utc=1785058422 laptop_utc=1785058422 offset=0
TIME_DIFF gps_utc=1785058422 laptop_utc=1785058422 offset=0
TIME_DIFF gps_utc=1785058422 laptop_utc=1785058422 offset=0
TIME_DIFF gps_utc=1785058422 laptop_utc=1785058422 offset=0
TIME_DIFF gps_utc=1785058422 laptop_utc=1785058422 offset=0
TIME_DIFF gps_utc=1785058422 laptop_utc=1785058422 offset=0
TIME_DIFF gps_utc=1785058422 laptop_utc=1785058422 offset=0
TIME_DIFF gps_utc=1785058422 laptop_utc=1785058422 offset=0
TIME_DIFF gps_utc=1785058422 laptop_utc=1785058422 offset=0
TIME_DIFF gps_utc=1785058422 laptop_utc=1785058422 offset=0
SYNC_NOT_FOUND first4=35FC2AC0
TIME_DIFF gps_utc=1785058422 laptop_utc=1785058422 offset=0
TIME_DIFF gps_utc=1785058422 laptop_utc=1785058422 offset=0
TIME_DIFF gps_utc=1785058422 laptop_utc=1785058422 offset=0
TIME_DIFF gps_utc=1785058422 laptop_utc=1785058422 offset=0
TIME_DIFF gps_utc=1785058422 laptop_utc=1785058422 offset=0
TIME_DIFF gps_utc=1785058422 laptop_utc=1785058422 offset=0
TIME_DIFF gps_utc=1785058422 laptop_utc=1785058422 offset=0
SYNC_NOT_FOUND first4=5E71BC57
TIME_DIFF gps_utc=1785058422 laptop_utc=1785058422 offset=0
TIME_DIFF gps_utc=1785058422 laptop_utc=1785058422 offset=0
TIME_DIFF gps_utc=1785058422 laptop_utc=1785058422 offset=0
TIME_DIFF gps_utc=1785058422 laptop_utc=1785058422 offset=0
TIME_DIFF gps_utc=1785058422 laptop_utc=1785058422 offset=0
TIME_DIFF gps_utc=1785058422 laptop_utc=1785058422 offset=0
TIME_DIFF gps_utc=1785058422 laptop_utc=1785058422 offset=0
SYNC_NOT_FOUND first4=4023F4E8
TIME_DIFF gps_utc=1785058422 laptop_utc=1785058422 offset=0
TIME_DIFF gps_utc=1785058423 laptop_utc=1785058422 offset=1
TIME_DIFF gps_utc=1785058423 laptop_utc=1785058422 offset=1
TIME_DIFF gps_utc=1785058423 laptop_utc=1785058423 offset=0
TIME_DIFF gps_utc=1785058423 laptop_utc=1785058423 offset=0
TIME_DIFF gps_utc=1785058423 laptop_utc=1785058423 offset=0
TIME_DIFF gps_utc=1785058423 laptop_utc=1785058423 offset=0
TIME_DIFF gps_utc=1785058423 laptop_utc=1785058423 offset=0
TIME_DIFF gps_utc=1785058423 laptop_utc=1785058423 offset=0
TIME_DIFF gps_utc=1785058423 laptop_utc=1785058423 offset=0
TIME_DIFF gps_utc=1785058423 laptop_utc=1785058423 offset=0
TIME_DIFF gps_utc=1785058423 laptop_utc=1785058423 offset=0
TIME_DIFF gps_utc=1785058423 laptop_utc=1785058423 offset=0
TIME_DIFF gps_utc=1785058423 laptop_utc=1785058423 offset=0
TIME_DIFF gps_utc=1785058423 laptop_utc=1785058423 offset=0
TIME_DIFF gps_utc=1785058423 laptop_utc=1785058423 offset=0
TIME_DIFF gps_utc=1785058423 laptop_utc=1785058423 offset=0
TIME_DIFF gps_utc=1785058423 laptop_utc=1785058423 offset=0
TIME_DIFF gps_utc=1785058423 laptop_utc=1785058423 offset=0
TIME_DIFF gps_utc=1785058423 laptop_utc=1785058423 offset=0
TIME_DIFF gps_utc=1785058423 laptop_utc=1785058423 offset=0
TIME_DIFF gps_utc=1785058423 laptop_utc=1785058423 offset=0
TIME_DIFF gps_utc=1785058423 laptop_utc=1785058423 offset=0
TIME_DIFF gps_utc=1785058423 laptop_utc=1785058423 offset=0
TIME_DIFF gps_utc=1785058423 laptop_utc=1785058423 offset=0
TIME_DIFF gps_utc=1785058423 laptop_utc=1785058423 offset=0
SYNC_NOT_FOUND first4=1BA7163D
TIME_STATS min=-2000ms max=1000ms avg=-89ms corrections=0
TIME_SYNCED utc=1785058427 offset=1785033574
TIME_SYNCED utc=1785058437 offset=1785033574
TIME_SYNCED utc=1785058447 offset=1785033574
SYNC_NOT_FOUND first4=BBED50BB
TIME_SYNCED utc=1785058458 offset=1785033574
SYNC_NOT_FOUND first4=975DB57D
SYNC_LOST phase=55 consecutive=3 cached_off=0
TIME_SYNCED utc=1785058469 offset=1785033574
SYNC_NOT_FOUND first4=CABE4292
SYNC_NOT_FOUND first4=CDCDC781
SYNC_NOT_FOUND first4=DEBC6843
SYNC_NOT_FOUND first4=35B52C3E
SYNC_NOT_FOUND first4=B4047ECB
SYNC_NOT_FOUND first4=39E355E5
SYNC_NOT_FOUND first4=5D6DDBF6
SYNC_NOT_FOUND first4=7E43EA2B
TIME_SYNCED utc=1785058480 offset=1785033574
SYNC_NOT_FOUND first4=D0571674
SYNC_NOT_FOUND first4=24B2CB2C
SYNC_NOT_FOUND first4=FDE21B64
SYNC_NOT_FOUND first4=A9358BB8
TIME_STATS min=-2000ms max=1000ms avg=-89ms corrections=0
SYNC_NOT_FOUND first4=25A5A5A5
SYNC_NOT_FOUND first4=FD566848
SYNC_NOT_FOUND first4=BA90CDCD
SYNC_NOT_FOUND first4=56A693EC
TIME_SYNCED utc=1785058490 offset=1785033574
SYNC_NOT_FOUND first4=5D136C1B
SYNC_NOT_FOUND first4=42EDAE12
SYNC_NOT_FOUND first4=5D136C1B
SYNC_NOT_FOUND first4=7F508BB6
SYNC_OFFSET phase=55 off=0 prev=-1
APP_CRC_FAIL exp=D0D0 got=C41B seq=0 syncOff=0
APP_CRC_FAIL exp=D0D0 got=C41B seq=1 syncOff=0
APP_CRC_FAIL exp=D0D0 got=C41B seq=2 syncOff=0
APP_CRC_FAIL exp=D0D0 got=C41B seq=3 syncOff=0
APP_CRC_FAIL exp=D0D0 got=C41B seq=4 syncOff=0
APP_CRC_FAIL exp=D0D0 got=C41B seq=5 syncOff=0
APP_CRC_FAIL exp=D0D0 got=C41B seq=6 syncOff=0
APP_CRC_FAIL exp=D0D0 got=C41B seq=7 syncOff=0
APP_CRC_FAIL exp=D0D0 got=C41B seq=8 syncOff=0
APP_CRC_FAIL exp=D0D0 got=C41B seq=9 syncOff=0
APP_CRC_FAIL exp=D0D0 got=C41B seq=10 syncOff=0
APP_CRC_FAIL exp=D0D0 got=C41B seq=11 syncOff=0
APP_CRC_FAIL exp=D0D0 got=C41B seq=12 syncOff=0
APP_CRC_FAIL exp=D0D0 got=C41B seq=13 syncOff=0
APP_CRC_FAIL exp=D0D0 got=C41B seq=14 syncOff=0
APP_CRC_FAIL exp=D0D0 got=C41B seq=15 syncOff=0
APP_CRC_FAIL exp=D0D0 got=C41B seq=16 syncOff=0
APP_CRC_FAIL exp=D0D0 got=C41B seq=17 syncOff=0
APP_CRC_FAIL exp=D0D0 got=C41B seq=18 syncOff=0
APP_CRC_FAIL exp=D0D0 got=C41B seq=19 syncOff=0
APP_CRC_FAIL exp=D0D0 got=C41B seq=20 syncOff=0
SYNC_NOT_FOUND first4=4DA357CB
APP_CRC_FAIL exp=D0D0 got=C41B seq=21 syncOff=0
APP_CRC_FAIL exp=D0D0 got=C41B seq=22 syncOff=0
APP_CRC_FAIL exp=D0D0 got=C41B seq=23 syncOff=0
APP_CRC_FAIL exp=D0D0 got=C41B seq=24 syncOff=0
APP_CRC_FAIL exp=D0D0 got=C41B seq=25 syncOff=0
APP_CRC_FAIL exp=D0D0 got=C41B seq=26 syncOff=0
APP_CRC_FAIL exp=D0D0 got=C41B seq=27 syncOff=0
APP_CRC_FAIL exp=D0D0 got=C41B seq=28 syncOff=0
APP_CRC_FAIL exp=D0D0 got=C41B seq=29 syncOff=0
APP_CRC_FAIL exp=D0D0 got=C41B seq=30 syncOff=0
APP_CRC_FAIL exp=D0D0 got=C41B seq=31 syncOff=0
APP_CRC_FAIL exp=D0D0 got=C41B seq=32 syncOff=0
APP_CRC_FAIL exp=D0D0 got=C41B seq=33 syncOff=0
APP_CRC_FAIL exp=D0D0 got=C41B seq=34 syncOff=0
APP_CRC_FAIL exp=D0D0 got=C41B seq=35 syncOff=0
APP_CRC_FAIL exp=D0D0 got=C41B seq=36 syncOff=0
APP_CRC_FAIL exp=D0D0 got=C41B seq=37 syncOff=0
APP_CRC_FAIL exp=D0D0 got=C41B seq=38 syncOff=0
APP_CRC_FAIL exp=D0D0 got=C41B seq=39 syncOff=0
APP_CRC_FAIL exp=D0D0 got=C41B seq=40 syncOff=0
APP_CRC_FAIL exp=D0D0 got=C41B seq=41 syncOff=0
APP_CRC_FAIL exp=D0D0 got=C41B seq=42 syncOff=0
APP_CRC_FAIL exp=D0D0 got=C41B seq=43 syncOff=0
APP_CRC_FAIL exp=D0D0 got=C41B seq=44 syncOff=0
APP_CRC_FAIL exp=D0D0 got=C41B seq=45 syncOff=0
APP_CRC_FAIL exp=D0D0 got=C41B seq=46 syncOff=0
APP_CRC_FAIL exp=D0D0 got=C41B seq=47 syncOff=0
APP_CRC_FAIL exp=D0D0 got=C41B seq=48 syncOff=0
APP_CRC_FAIL exp=D0D0 got=C41B seq=49 syncOff=0
APP_CRC_FAIL exp=D0D0 got=C41B seq=50 syncOff=0
APP_CRC_FAIL exp=D0D0 got=C41B seq=51 syncOff=0
APP_CRC_FAIL exp=D0D0 got=C41B seq=52 syncOff=0
APP_CRC_FAIL exp=D0D0 got=C41B seq=53 syncOff=0
APP_CRC_FAIL exp=D0D0 got=C41B seq=54 syncOff=0
APP_CRC_FAIL exp=D0D0 got=C41B seq=55 syncOff=0
APP_CRC_FAIL exp=D0D0 got=C41B seq=56 syncOff=0
APP_CRC_FAIL exp=D0D0 got=C41B seq=57 syncOff=0
APP_CRC_FAIL exp=D0D0 got=C41B seq=58 syncOff=0
APP_CRC_FAIL exp=D0D0 got=C41B seq=59 syncOff=0
APP_CRC_FAIL exp=D0D0 got=C41B seq=60 syncOff=0
APP_CRC_FAIL exp=D0D0 got=C41B seq=61 syncOff=0
APP_CRC_FAIL exp=D0D0 got=C41B seq=62 syncOff=0
APP_CRC_FAIL exp=D0D0 got=C41B seq=63 syncOff=0
SYNC_NOT_FOUND first4=0352C6D2
APP_CRC_FAIL exp=D0D0 got=C41B seq=64 syncOff=0
APP_CRC_FAIL exp=D0D0 got=C41B seq=65 syncOff=0
APP_CRC_FAIL exp=D0D0 got=C41B seq=66 syncOff=0
APP_CRC_FAIL exp=D0D0 got=C41B seq=67 syncOff=0
APP_CRC_FAIL exp=D0D0 got=C41B seq=68 syncOff=0
APP_CRC_FAIL exp=D0D0 got=C41B seq=69 syncOff=0
APP_CRC_FAIL exp=D0D0 got=C41B seq=70 syncOff=0
APP_CRC_FAIL exp=D0D0 got=C41B seq=71 syncOff=0
APP_CRC_FAIL exp=D0D0 got=C41B seq=72 syncOff=0
APP_CRC_FAIL exp=D0D0 got=C41B seq=73 syncOff=0
APP_CRC_FAIL exp=D0D0 got=C41B seq=74 syncOff=0
APP_CRC_FAIL exp=4242 got=BA19 seq=0 syncOff=0
APP_CRC_FAIL exp=4242 got=BA19 seq=1 syncOff=0
APP_CRC_FAIL exp=4242 got=BA19 seq=2 syncOff=0
APP_CRC_FAIL exp=4242 got=BA19 seq=3 syncOff=0
APP_CRC_FAIL exp=4242 got=BA19 seq=4 syncOff=0
APP_CRC_FAIL exp=4242 got=BA19 seq=5 syncOff=0
APP_CRC_FAIL exp=4242 got=BA19 seq=6 syncOff=0
APP_CRC_FAIL exp=4242 got=BA19 seq=7 syncOff=0
APP_CRC_FAIL exp=4242 got=BA19 seq=8 syncOff=0
APP_CRC_FAIL exp=4242 got=BA19 seq=9 syncOff=0
APP_CRC_FAIL exp=4242 got=BA19 seq=10 syncOff=0
APP_CRC_FAIL exp=4242 got=BA19 seq=11 syncOff=0
APP_CRC_FAIL exp=4242 got=BA19 seq=12 syncOff=0
APP_CRC_FAIL exp=4242 got=BA19 seq=13 syncOff=0
APP_CRC_FAIL exp=4242 got=BA19 seq=14 syncOff=0
APP_CRC_FAIL exp=4242 got=BA19 seq=15 syncOff=0
APP_CRC_FAIL exp=4242 got=BA19 seq=16 syncOff=0
APP_CRC_FAIL exp=4242 got=BA19 seq=17 syncOff=0
APP_CRC_FAIL exp=4242 got=BA19 seq=18 syncOff=0
SYNC_NOT_FOUND first4=B1091C5F
APP_CRC_FAIL exp=4242 got=BA19 seq=19 syncOff=0
APP_CRC_FAIL exp=4242 got=BA19 seq=20 syncOff=0
APP_CRC_FAIL exp=4242 got=BA19 seq=21 syncOff=0
SYNC_NOT_FOUND first4=5A43966B
APP_CRC_FAIL exp=4242 got=BA19 seq=22 syncOff=0
APP_CRC_FAIL exp=4242 got=BA19 seq=23 syncOff=0
APP_CRC_FAIL exp=4242 got=BA19 seq=24 syncOff=0
APP_CRC_FAIL exp=4242 got=BA19 seq=25 syncOff=0
APP_CRC_FAIL exp=4242 got=BA19 seq=26 syncOff=0
APP_CRC_FAIL exp=4242 got=BA19 seq=27 syncOff=0
APP_CRC_FAIL exp=4242 got=BA19 seq=28 syncOff=0
APP_CRC_FAIL exp=4242 got=BA19 seq=29 syncOff=0
APP_CRC_FAIL exp=4242 got=BA19 seq=30 syncOff=0
APP_CRC_FAIL exp=4242 got=BA19 seq=31 syncOff=0
APP_CRC_FAIL exp=4242 got=BA19 seq=32 syncOff=0
APP_CRC_FAIL exp=4242 got=BA19 seq=33 syncOff=0
APP_CRC_FAIL exp=4242 got=BA19 seq=34 syncOff=0
APP_CRC_FAIL exp=4242 got=BA19 seq=35 syncOff=0
APP_CRC_FAIL exp=4242 got=BA19 seq=36 syncOff=0
APP_CRC_FAIL exp=4242 got=BA19 seq=37 syncOff=0
APP_CRC_FAIL exp=4242 got=BA19 seq=38 syncOff=0
APP_CRC_FAIL exp=4242 got=BA19 seq=39 syncOff=0
APP_CRC_FAIL exp=4242 got=BA19 seq=40 syncOff=0
APP_CRC_FAIL exp=4242 got=BA19 seq=41 syncOff=0
APP_CRC_FAIL exp=4242 got=BA19 seq=42 syncOff=0
APP_CRC_FAIL exp=4242 got=BA19 seq=43 syncOff=0
APP_CRC_FAIL exp=4242 got=BA19 seq=44 syncOff=0
APP_CRC_FAIL exp=4242 got=BA19 seq=45 syncOff=0
APP_CRC_FAIL exp=4242 got=BA19 seq=46 syncOff=0
APP_CRC_FAIL exp=4242 got=BA19 seq=47 syncOff=0
APP_CRC_FAIL exp=4242 got=BA19 seq=48 syncOff=0
APP_CRC_FAIL exp=4242 got=BA19 seq=49 syncOff=0
APP_CRC_FAIL exp=4242 got=BA19 seq=50 syncOff=0
APP_CRC_FAIL exp=4242 got=BA19 seq=51 syncOff=0
APP_CRC_FAIL exp=4242 got=BA19 seq=52 syncOff=0
APP_CRC_FAIL exp=4242 got=BA19 seq=53 syncOff=0
APP_CRC_FAIL exp=4242 got=BA19 seq=54 syncOff=0
APP_CRC_FAIL exp=4242 got=BA19 seq=55 syncOff=0
APP_CRC_FAIL exp=4242 got=BA19 seq=56 syncOff=0
APP_CRC_FAIL exp=4242 got=BA19 seq=57 syncOff=0
APP_CRC_FAIL exp=4242 got=BA19 seq=58 syncOff=0
APP_CRC_FAIL exp=4242 got=BA19 seq=59 syncOff=0
APP_CRC_FAIL exp=4242 got=BA19 seq=60 syncOff=0
APP_CRC_FAIL exp=4242 got=BA19 seq=61 syncOff=0
APP_CRC_FAIL exp=4242 got=BA19 seq=62 syncOff=0
APP_CRC_FAIL exp=4242 got=BA19 seq=63 syncOff=0
APP_CRC_FAIL exp=4242 got=BA19 seq=64 syncOff=0
APP_CRC_FAIL exp=4242 got=BA19 seq=65 syncOff=0
APP_CRC_FAIL exp=4242 got=BA19 seq=66 syncOff=0
APP_CRC_FAIL exp=4242 got=BA19 seq=67 syncOff=0
APP_CRC_FAIL exp=4242 got=BA19 seq=68 syncOff=0
APP_CRC_FAIL exp=4242 got=BA19 seq=69 syncOff=0
APP_CRC_FAIL exp=4242 got=BA19 seq=70 syncOff=0
APP_CRC_FAIL exp=4242 got=BA19 seq=71 syncOff=0
APP_CRC_FAIL exp=4242 got=BA19 seq=72 syncOff=0
APP_CRC_FAIL exp=4242 got=BA19 seq=73 syncOff=0
APP_CRC_FAIL exp=4242 got=BA19 seq=74 syncOff=0
APP_CRC_FAIL exp=9595 got=13EF seq=0 syncOff=0
APP_CRC_FAIL exp=9595 got=13EF seq=1 syncOff=0
APP_CRC_FAIL exp=9595 got=13EF seq=2 syncOff=0
APP_CRC_FAIL exp=9595 got=13EF seq=3 syncOff=0
APP_CRC_FAIL exp=9595 got=13EF seq=4 syncOff=0
APP_CRC_FAIL exp=9595 got=13EF seq=5 syncOff=0
APP_CRC_FAIL exp=9595 got=13EF seq=6 syncOff=0
APP_CRC_FAIL exp=9595 got=13EF seq=7 syncOff=0
APP_CRC_FAIL exp=9595 got=13EF seq=8 syncOff=0
APP_CRC_FAIL exp=9595 got=13EF seq=9 syncOff=0
APP_CRC_FAIL exp=9595 got=13EF seq=10 syncOff=0
APP_CRC_FAIL exp=9595 got=13EF seq=11 syncOff=0
APP_CRC_FAIL exp=9595 got=13EF seq=12 syncOff=0
APP_CRC_FAIL exp=9595 got=13EF seq=13 syncOff=0
APP_CRC_FAIL exp=9595 got=13EF seq=14 syncOff=0
APP_CRC_FAIL exp=9595 got=13EF seq=15 syncOff=0
APP_CRC_FAIL exp=9595 got=13EF seq=16 syncOff=0
APP_CRC_FAIL exp=9595 got=13EF seq=17 syncOff=0
APP_CRC_FAIL exp=9595 got=13EF seq=18 syncOff=0
APP_CRC_FAIL exp=9595 got=13EF seq=19 syncOff=0
APP_CRC_FAIL exp=9595 got=13EF seq=20 syncOff=0
APP_CRC_FAIL exp=9595 got=13EF seq=21 syncOff=0
APP_CRC_FAIL exp=9595 got=13EF seq=22 syncOff=0
APP_CRC_FAIL exp=9595 got=13EF seq=23 syncOff=0
APP_CRC_FAIL exp=9595 got=13EF seq=24 syncOff=0
APP_CRC_FAIL exp=9595 got=13EF seq=25 syncOff=0
APP_CRC_FAIL exp=9595 got=13EF seq=26 syncOff=0
APP_CRC_FAIL exp=9595 got=13EF seq=27 syncOff=0
APP_CRC_FAIL exp=9595 got=13EF seq=28 syncOff=0
APP_CRC_FAIL exp=9595 got=13EF seq=29 syncOff=0
APP_CRC_FAIL exp=9595 got=13EF seq=30 syncOff=0
APP_CRC_FAIL exp=9595 got=13EF seq=31 syncOff=0
APP_CRC_FAIL exp=9595 got=13EF seq=32 syncOff=0
APP_CRC_FAIL exp=9595 got=13EF seq=33 syncOff=0
APP_CRC_FAIL exp=9595 got=13EF seq=34 syncOff=0
APP_CRC_FAIL exp=9595 got=13EF seq=35 syncOff=0
APP_CRC_FAIL exp=9595 got=13EF seq=36 syncOff=0
APP_CRC_FAIL exp=9595 got=13EF seq=37 syncOff=0
APP_CRC_FAIL exp=9595 got=13EF seq=38 syncOff=0
APP_CRC_FAIL exp=9595 got=13EF seq=39 syncOff=0
APP_CRC_FAIL exp=9595 got=13EF seq=40 syncOff=0
APP_CRC_FAIL exp=9595 got=13EF seq=41 syncOff=0
APP_CRC_FAIL exp=9595 got=13EF seq=42 syncOff=0
APP_CRC_FAIL exp=9595 got=13EF seq=43 syncOff=0
APP_CRC_FAIL exp=9595 got=13EF seq=44 syncOff=0
APP_CRC_FAIL exp=9595 got=13EF seq=45 syncOff=0
APP_CRC_FAIL exp=9595 got=13EF seq=46 syncOff=0
APP_CRC_FAIL exp=9595 got=13EF seq=47 syncOff=0
APP_CRC_FAIL exp=9595 got=13EF seq=48 syncOff=0
APP_CRC_FAIL exp=9595 got=13EF seq=49 syncOff=0
APP_CRC_FAIL exp=9595 got=13EF seq=50 syncOff=0
SYNC_NOT_FOUND first4=5E270F6B
APP_CRC_FAIL exp=9595 got=13EF seq=51 syncOff=0
APP_CRC_FAIL exp=9595 got=13EF seq=52 syncOff=0
APP_CRC_FAIL exp=9595 got=13EF seq=53 syncOff=0
APP_CRC_FAIL exp=9595 got=13EF seq=54 syncOff=0
APP_CRC_FAIL exp=9595 got=13EF seq=55 syncOff=0
APP_CRC_FAIL exp=9595 got=13EF seq=56 syncOff=0
APP_CRC_FAIL exp=9595 got=13EF seq=57 syncOff=0
APP_CRC_FAIL exp=9595 got=13EF seq=58 syncOff=0
APP_CRC_FAIL exp=9595 got=13EF seq=59 syncOff=0
APP_CRC_FAIL exp=9595 got=13EF seq=60 syncOff=0
APP_CRC_FAIL exp=9595 got=13EF seq=61 syncOff=0
APP_CRC_FAIL exp=9595 got=13EF seq=62 syncOff=0
APP_CRC_FAIL exp=9595 got=13EF seq=63 syncOff=0
APP_CRC_FAIL exp=9595 got=13EF seq=64 syncOff=0
APP_CRC_FAIL exp=9595 got=13EF seq=65 syncOff=0
APP_CRC_FAIL exp=9595 got=13EF seq=66 syncOff=0
APP_CRC_FAIL exp=9595 got=13EF seq=67 syncOff=0
APP_CRC_FAIL exp=9595 got=13EF seq=68 syncOff=0
APP_CRC_FAIL exp=9595 got=13EF seq=69 syncOff=0
APP_CRC_FAIL exp=9595 got=13EF seq=70 syncOff=0
APP_CRC_FAIL exp=9595 got=13EF seq=71 syncOff=0
APP_CRC_FAIL exp=9595 got=13EF seq=72 syncOff=0
APP_CRC_FAIL exp=9595 got=13EF seq=73 syncOff=0
APP_CRC_FAIL exp=9595 got=13EF seq=74 syncOff=0
TIME_DIFF gps_utc=1785058498 laptop_utc=1785058498 offset=0
TIME_DIFF gps_utc=1785058498 laptop_utc=1785058498 offset=0
TIME_DIFF gps_utc=1785058498 laptop_utc=1785058498 offset=0
TIME_DIFF gps_utc=1785058498 laptop_utc=1785058498 offset=0
TIME_DIFF gps_utc=1785058498 laptop_utc=1785058498 offset=0
TIME_DIFF gps_utc=1785058498 laptop_utc=1785058498 offset=0
TIME_DIFF gps_utc=1785058498 laptop_utc=1785058498 offset=0
TIME_DIFF gps_utc=1785058498 laptop_utc=1785058498 offset=0
TIME_DIFF gps_utc=1785058498 laptop_utc=1785058498 offset=0
TIME_DIFF gps_utc=1785058498 laptop_utc=1785058498 offset=0
TIME_DIFF gps_utc=1785058498 laptop_utc=1785058498 offset=0
TIME_DIFF gps_utc=1785058498 laptop_utc=1785058498 offset=0
TIME_DIFF gps_utc=1785058498 laptop_utc=1785058498 offset=0
TIME_DIFF gps_utc=1785058498 laptop_utc=1785058498 offset=0
TIME_DIFF gps_utc=1785058498 laptop_utc=1785058498 offset=0
TIME_DIFF gps_utc=1785058498 laptop_utc=1785058498 offset=0
TIME_DIFF gps_utc=1785058498 laptop_utc=1785058498 offset=0
TIME_DIFF gps_utc=1785058498 laptop_utc=1785058498 offset=0
TIME_DIFF gps_utc=1785058498 laptop_utc=1785058498 offset=0
TIME_DIFF gps_utc=1785058498 laptop_utc=1785058498 offset=0
TIME_DIFF gps_utc=1785058498 laptop_utc=1785058498 offset=0
TIME_DIFF gps_utc=1785058498 laptop_utc=1785058498 offset=0
TIME_DIFF gps_utc=1785058498 laptop_utc=1785058498 offset=0
TIME_DIFF gps_utc=1785058498 laptop_utc=1785058498 offset=0
TIME_DIFF gps_utc=1785058498 laptop_utc=1785058498 offset=0
TIME_DIFF gps_utc=1785058498 laptop_utc=1785058498 offset=0
TIME_DIFF gps_utc=1785058498 laptop_utc=1785058498 offset=0
TIME_DIFF gps_utc=1785058498 laptop_utc=1785058498 offset=0
TIME_DIFF gps_utc=1785058498 laptop_utc=1785058498 offset=0
TIME_DIFF gps_utc=1785058498 laptop_utc=1785058498 offset=0
TIME_DIFF gps_utc=1785058498 laptop_utc=1785058498 offset=0
TIME_DIFF gps_utc=1785058498 laptop_utc=1785058498 offset=0
TIME_DIFF gps_utc=1785058498 laptop_utc=1785058498 offset=0
TIME_DIFF gps_utc=1785058498 laptop_utc=1785058498 offset=0
TIME_DIFF gps_utc=1785058498 laptop_utc=1785058498 offset=0
TIME_DIFF gps_utc=1785058498 laptop_utc=1785058498 offset=0
TIME_DIFF gps_utc=1785058498 laptop_utc=1785058498 offset=0
TIME_DIFF gps_utc=1785058498 laptop_utc=1785058498 offset=0
TIME_DIFF gps_utc=1785058498 laptop_utc=1785058498 offset=0
TIME_DIFF gps_utc=1785058498 laptop_utc=1785058498 offset=0
TIME_DIFF gps_utc=1785058498 laptop_utc=1785058498 offset=0
TIME_DIFF gps_utc=1785058498 laptop_utc=1785058498 offset=0
TIME_DIFF gps_utc=1785058498 laptop_utc=1785058498 offset=0
TIME_DIFF gps_utc=1785058498 laptop_utc=1785058498 offset=0
TIME_DIFF gps_utc=1785058498 laptop_utc=1785058498 offset=0
TIME_DIFF gps_utc=1785058498 laptop_utc=1785058498 offset=0
TIME_DIFF gps_utc=1785058498 laptop_utc=1785058498 offset=0
TIME_DIFF gps_utc=1785058498 laptop_utc=1785058498 offset=0
TIME_DIFF gps_utc=1785058498 laptop_utc=1785058498 offset=0
TIME_DIFF gps_utc=1785058498 laptop_utc=1785058498 offset=0
TIME_DIFF gps_utc=1785058499 laptop_utc=1785058498 offset=1
TIME_DIFF gps_utc=1785058499 laptop_utc=1785058498 offset=1
TIME_DIFF gps_utc=1785058499 laptop_utc=1785058499 offset=0
TIME_DIFF gps_utc=1785058499 laptop_utc=1785058499 offset=0
TIME_DIFF gps_utc=1785058499 laptop_utc=1785058499 offset=0
TIME_DIFF gps_utc=1785058499 laptop_utc=1785058499 offset=0
TIME_DIFF gps_utc=1785058499 laptop_utc=1785058499 offset=0
TIME_DIFF gps_utc=1785058499 laptop_utc=1785058499 offset=0
TIME_DIFF gps_utc=1785058499 laptop_utc=1785058499 offset=0
TIME_DIFF gps_utc=1785058499 laptop_utc=1785058499 offset=0
TIME_DIFF gps_utc=1785058499 laptop_utc=1785058499 offset=0
TIME_DIFF gps_utc=1785058499 laptop_utc=1785058499 offset=0
TIME_DIFF gps_utc=1785058499 laptop_utc=1785058499 offset=0
TIME_DIFF gps_utc=1785058499 laptop_utc=1785058499 offset=0
TIME_DIFF gps_utc=1785058499 laptop_utc=1785058499 offset=0
TIME_DIFF gps_utc=1785058499 laptop_utc=1785058499 offset=0
TIME_DIFF gps_utc=1785058499 laptop_utc=1785058499 offset=0
TIME_DIFF gps_utc=1785058499 laptop_utc=1785058499 offset=0
TIME_DIFF gps_utc=1785058499 laptop_utc=1785058499 offset=0
TIME_DIFF gps_utc=1785058499 laptop_utc=1785058499 offset=0
TIME_DIFF gps_utc=1785058499 laptop_utc=1785058499 offset=0
TIME_DIFF gps_utc=1785058499 laptop_utc=1785058499 offset=0
TIME_DIFF gps_utc=1785058499 laptop_utc=1785058499 offset=0
TIME_DIFF gps_utc=1785058499 laptop_utc=1785058499 offset=0
TIME_DIFF gps_utc=1785058499 laptop_utc=1785058499 offset=0
SYNC_NOT_FOUND first4=079A0CFE
TIME_SYNCED utc=1785058500 offset=1785033574
SYNC_NOT_FOUND first4=566BCFE6
SYNC_NOT_FOUND first4=367BCFA6
SYNC_LOST phase=55 consecutive=3 cached_off=0
SYNC_NOT_FOUND first4=F967BCA8
SYNC_NOT_FOUND first4=999523A6
SYNC_NOT_FOUND first4=50A79439
SYNC_NOT_FOUND first4=94C16999
SYNC_NOT_FOUND first4=07999E9F
SYNC_NOT_FOUND first4=7B97A90A
TIME_SYNCED utc=1785058510 offset=1785033574
SYNC_NOT_FOUND first4=E1998680
SYNC_NOT_FOUND first4=E0596835
SYNC_NOT_FOUND first4=613D5818
SYNC_NOT_FOUND first4=739FA5FF
SYNC_NOT_FOUND first4=CB968450
SYNC_NOT_FOUND first4=04AB9E15
SYNC_NOT_FOUND first4=A5A9E666
SYNC_NOT_FOUND first4=B86661E0
SYNC_NOT_FOUND first4=087DFA7A
SYNC_NOT_FOUND first4=C55A7EDB
SYNC_NOT_FOUND first4=7D3E1108
SYNC_NOT_FOUND first4=CCF95072
SYNC_NOT_FOUND first4=FB6D570D
SYNC_NOT_FOUND first4=57C7DB7F
TIME_SYNCED utc=1785058521 offset=1785033574
SYNC_NOT_FOUND first4=4C118924
SYNC_NOT_FOUND first4=7A5638A4
SYNC_NOT_FOUND first4=69A65986
SYNC_NOT_FOUND first4=3F33EB8C
TIME_SYNCED utc=1785058531 offset=1785033574
TIME_SYNCED utc=1785058541 offset=1785033574
SYNC_NOT_FOUND first4=5CBF9DD8
SYNC_NOT_FOUND first4=843081D3
TIME_STATS min=-2000ms max=1000ms avg=-89ms corrections=0
SYNC_NOT_FOUND first4=2C4AC3D5
SYNC_NOT_FOUND first4=B580BC32
TIME_SYNCED utc=1785058552 offset=1785033574
SYNC_NOT_FOUND first4=E47E6D95
SYNC_NOT_FOUND first4=94F081CE
SYNC_NOT_FOUND first4=ADDE177E
SYNC_NOT_FOUND first4=1B164850
SYNC_NOT_FOUND first4=C3D30F9A
SYNC_NOT_FOUND first4=1234DFF6
TIME_SYNCED utc=1785058563 offset=1785033574
SYNC_NOT_FOUND first4=5D136C1B
SYNC_NOT_FOUND first4=5D136C1B
SYNC_NOT_FOUND first4=5D136C1B
SYNC_NOT_FOUND first4=52A692EC
SYNC_OFFSET phase=55 off=0 prev=-1
APP_CRC_FAIL exp=D0D0 got=C41B seq=0 syncOff=0
APP_CRC_FAIL exp=D0D0 got=C41B seq=1 syncOff=0
APP_CRC_FAIL exp=D0D0 got=C41B seq=2 syncOff=0
APP_CRC_FAIL exp=D0D0 got=C41B seq=3 syncOff=0
APP_CRC_FAIL exp=D0D0 got=C41B seq=4 syncOff=0
APP_CRC_FAIL exp=D0D0 got=C41B seq=5 syncOff=0
APP_CRC_FAIL exp=D0D0 got=C41B seq=6 syncOff=0
APP_CRC_FAIL exp=D0D0 got=C41B seq=7 syncOff=0
APP_CRC_FAIL exp=D0D0 got=C41B seq=8 syncOff=0
APP_CRC_FAIL exp=D0D0 got=C41B seq=9 syncOff=0
APP_CRC_FAIL exp=D0D0 got=C41B seq=10 syncOff=0
APP_CRC_FAIL exp=D0D0 got=C41B seq=11 syncOff=0
APP_CRC_FAIL exp=D0D0 got=C41B seq=12 syncOff=0
APP_CRC_FAIL exp=D0D0 got=C41B seq=13 syncOff=0
APP_CRC_FAIL exp=D0D0 got=C41B seq=14 syncOff=0
APP_CRC_FAIL exp=D0D0 got=C41B seq=15 syncOff=0
APP_CRC_FAIL exp=D0D0 got=C41B seq=16 syncOff=0
APP_CRC_FAIL exp=D0D0 got=C41B seq=17 syncOff=0
APP_CRC_FAIL exp=D0D0 got=C41B seq=18 syncOff=0
APP_CRC_FAIL exp=D0D0 got=C41B seq=19 syncOff=0
APP_CRC_FAIL exp=D0D0 got=C41B seq=20 syncOff=0
APP_CRC_FAIL exp=D0D0 got=C41B seq=21 syncOff=0
APP_CRC_FAIL exp=D0D0 got=C41B seq=22 syncOff=0
APP_CRC_FAIL exp=D0D0 got=C41B seq=23 syncOff=0
APP_CRC_FAIL exp=D0D0 got=C41B seq=24 syncOff=0
APP_CRC_FAIL exp=D0D0 got=C41B seq=25 syncOff=0
APP_CRC_FAIL exp=D0D0 got=C41B seq=26 syncOff=0
APP_CRC_FAIL exp=D0D0 got=C41B seq=27 syncOff=0
APP_CRC_FAIL exp=D0D0 got=C41B seq=28 syncOff=0
APP_CRC_FAIL exp=D0D0 got=C41B seq=29 syncOff=0
APP_CRC_FAIL exp=D0D0 got=C41B seq=30 syncOff=0
APP_CRC_FAIL exp=D0D0 got=C41B seq=31 syncOff=0
APP_CRC_FAIL exp=D0D0 got=C41B seq=32 syncOff=0
APP_CRC_FAIL exp=D0D0 got=C41B seq=33 syncOff=0
APP_CRC_FAIL exp=D0D0 got=C41B seq=34 syncOff=0
APP_CRC_FAIL exp=D0D0 got=C41B seq=35 syncOff=0
APP_CRC_FAIL exp=D0D0 got=C41B seq=36 syncOff=0
APP_CRC_FAIL exp=D0D0 got=C41B seq=37 syncOff=0
APP_CRC_FAIL exp=D0D0 got=C41B seq=38 syncOff=0
APP_CRC_FAIL exp=D0D0 got=C41B seq=39 syncOff=0
SYNC_NOT_FOUND first4=0D4491B0
APP_CRC_FAIL exp=D0D0 got=C41B seq=40 syncOff=0
APP_CRC_FAIL exp=D0D0 got=C41B seq=41 syncOff=0
APP_CRC_FAIL exp=D0D0 got=C41B seq=42 syncOff=0
APP_CRC_FAIL exp=D0D0 got=C41B seq=43 syncOff=0
APP_CRC_FAIL exp=D0D0 got=C41B seq=44 syncOff=0
APP_CRC_FAIL exp=D0D0 got=C41B seq=45 syncOff=0
APP_CRC_FAIL exp=D0D0 got=C41B seq=46 syncOff=0
APP_CRC_FAIL exp=D0D0 got=C41B seq=47 syncOff=0
APP_CRC_FAIL exp=D0D0 got=C41B seq=48 syncOff=0
APP_CRC_FAIL exp=D0D0 got=C41B seq=49 syncOff=0
APP_CRC_FAIL exp=D0D0 got=C41B seq=50 syncOff=0
APP_CRC_FAIL exp=D0D0 got=C41B seq=51 syncOff=0
APP_CRC_FAIL exp=D0D0 got=C41B seq=52 syncOff=0
APP_CRC_FAIL exp=D0D0 got=C41B seq=53 syncOff=0
APP_CRC_FAIL exp=D0D0 got=C41B seq=54 syncOff=0
APP_CRC_FAIL exp=D0D0 got=C41B seq=55 syncOff=0
APP_CRC_FAIL exp=D0D0 got=C41B seq=56 syncOff=0
APP_CRC_FAIL exp=D0D0 got=C41B seq=57 syncOff=0
APP_CRC_FAIL exp=D0D0 got=C41B seq=58 syncOff=0
APP_CRC_FAIL exp=D0D0 got=C41B seq=59 syncOff=0
APP_CRC_FAIL exp=D0D0 got=C41B seq=60 syncOff=0
APP_CRC_FAIL exp=D0D0 got=C41B seq=61 syncOff=0
SYNC_NOT_FOUND first4=0F43D7F2
APP_CRC_FAIL exp=D0D0 got=C41B seq=62 syncOff=0
APP_CRC_FAIL exp=D0D0 got=C41B seq=63 syncOff=0
APP_CRC_FAIL exp=D0D0 got=C41B seq=64 syncOff=0
APP_CRC_FAIL exp=D0D0 got=C41B seq=65 syncOff=0
APP_CRC_FAIL exp=D0D0 got=C41B seq=66 syncOff=0
APP_CRC_FAIL exp=D0D0 got=C41B seq=67 syncOff=0
APP_CRC_FAIL exp=D0D0 got=C41B seq=68 syncOff=0
APP_CRC_FAIL exp=D0D0 got=C41B seq=69 syncOff=0
APP_CRC_FAIL exp=D0D0 got=C41B seq=70 syncOff=0
APP_CRC_FAIL exp=D0D0 got=C41B seq=71 syncOff=0
APP_CRC_FAIL exp=D0D0 got=C41B seq=72 syncOff=0
APP_CRC_FAIL exp=D0D0 got=C41B seq=73 syncOff=0
APP_CRC_FAIL exp=D0D0 got=C41B seq=74 syncOff=0
APP_CRC_FAIL exp=4040 got=473E seq=0 syncOff=0
APP_CRC_FAIL exp=4040 got=473E seq=1 syncOff=0
APP_CRC_FAIL exp=4040 got=473E seq=2 syncOff=0
APP_CRC_FAIL exp=4040 got=473E seq=3 syncOff=0
APP_CRC_FAIL exp=4040 got=473E seq=4 syncOff=0
APP_CRC_FAIL exp=4040 got=473E seq=5 syncOff=0
APP_CRC_FAIL exp=4040 got=473E seq=6 syncOff=0
APP_CRC_FAIL exp=4040 got=473E seq=7 syncOff=0
APP_CRC_FAIL exp=4040 got=473E seq=8 syncOff=0
APP_CRC_FAIL exp=4040 got=473E seq=9 syncOff=0
APP_CRC_FAIL exp=4040 got=473E seq=10 syncOff=0
APP_CRC_FAIL exp=4040 got=473E seq=11 syncOff=0
APP_CRC_FAIL exp=4040 got=473E seq=12 syncOff=0
APP_CRC_FAIL exp=4040 got=473E seq=13 syncOff=0
APP_CRC_FAIL exp=4040 got=473E seq=14 syncOff=0
APP_CRC_FAIL exp=4040 got=473E seq=15 syncOff=0
APP_CRC_FAIL exp=4040 got=473E seq=16 syncOff=0
APP_CRC_FAIL exp=4040 got=473E seq=17 syncOff=0
APP_CRC_FAIL exp=4040 got=473E seq=18 syncOff=0
APP_CRC_FAIL exp=4040 got=473E seq=19 syncOff=0
APP_CRC_FAIL exp=4040 got=473E seq=20 syncOff=0
APP_CRC_FAIL exp=4040 got=473E seq=21 syncOff=0
APP_CRC_FAIL exp=4040 got=473E seq=22 syncOff=0
APP_CRC_FAIL exp=4040 got=473E seq=23 syncOff=0
APP_CRC_FAIL exp=4040 got=473E seq=24 syncOff=0
APP_CRC_FAIL exp=4040 got=473E seq=25 syncOff=0
APP_CRC_FAIL exp=4040 got=473E seq=26 syncOff=0
APP_CRC_FAIL exp=4040 got=473E seq=27 syncOff=0
APP_CRC_FAIL exp=4040 got=473E seq=28 syncOff=0
APP_CRC_FAIL exp=4040 got=473E seq=29 syncOff=0
APP_CRC_FAIL exp=4040 got=473E seq=30 syncOff=0
APP_CRC_FAIL exp=4040 got=473E seq=31 syncOff=0
APP_CRC_FAIL exp=4040 got=473E seq=32 syncOff=0
APP_CRC_FAIL exp=4040 got=473E seq=33 syncOff=0
APP_CRC_FAIL exp=4040 got=473E seq=34 syncOff=0
APP_CRC_FAIL exp=4040 got=473E seq=35 syncOff=0
APP_CRC_FAIL exp=4040 got=473E seq=36 syncOff=0
APP_CRC_FAIL exp=4040 got=473E seq=37 syncOff=0
APP_CRC_FAIL exp=4040 got=473E seq=38 syncOff=0
APP_CRC_FAIL exp=4040 got=473E seq=39 syncOff=0
APP_CRC_FAIL exp=4040 got=473E seq=40 syncOff=0
APP_CRC_FAIL exp=4040 got=473E seq=41 syncOff=0
APP_CRC_FAIL exp=4040 got=473E seq=42 syncOff=0
SYNC_NOT_FOUND first4=4DA6A07F
APP_CRC_FAIL exp=4040 got=473E seq=43 syncOff=0
APP_CRC_FAIL exp=4040 got=473E seq=44 syncOff=0
APP_CRC_FAIL exp=4040 got=473E seq=45 syncOff=0
APP_CRC_FAIL exp=4040 got=473E seq=46 syncOff=0
APP_CRC_FAIL exp=4040 got=473E seq=47 syncOff=0
APP_CRC_FAIL exp=4040 got=473E seq=48 syncOff=0
APP_CRC_FAIL exp=4040 got=473E seq=49 syncOff=0
APP_CRC_FAIL exp=4040 got=473E seq=50 syncOff=0
APP_CRC_FAIL exp=4040 got=473E seq=51 syncOff=0
APP_CRC_FAIL exp=4040 got=473E seq=52 syncOff=0
APP_CRC_FAIL exp=4040 got=473E seq=53 syncOff=0
APP_CRC_FAIL exp=4040 got=473E seq=54 syncOff=0
APP_CRC_FAIL exp=4040 got=473E seq=55 syncOff=0
APP_CRC_FAIL exp=4040 got=473E seq=56 syncOff=0
APP_CRC_FAIL exp=4040 got=473E seq=57 syncOff=0
APP_CRC_FAIL exp=4040 got=473E seq=58 syncOff=0
APP_CRC_FAIL exp=4040 got=473E seq=59 syncOff=0
APP_CRC_FAIL exp=4040 got=473E seq=60 syncOff=0
APP_CRC_FAIL exp=4040 got=473E seq=61 syncOff=0
APP_CRC_FAIL exp=4040 got=473E seq=62 syncOff=0
APP_CRC_FAIL exp=4040 got=473E seq=63 syncOff=0
APP_CRC_FAIL exp=4040 got=473E seq=64 syncOff=0
APP_CRC_FAIL exp=4040 got=473E seq=65 syncOff=0
APP_CRC_FAIL exp=4040 got=473E seq=66 syncOff=0
APP_CRC_FAIL exp=4040 got=473E seq=67 syncOff=0
APP_CRC_FAIL exp=4040 got=473E seq=68 syncOff=0
APP_CRC_FAIL exp=4040 got=473E seq=69 syncOff=0
APP_CRC_FAIL exp=4040 got=473E seq=70 syncOff=0
APP_CRC_FAIL exp=4040 got=473E seq=71 syncOff=0
APP_CRC_FAIL exp=4040 got=473E seq=72 syncOff=0
APP_CRC_FAIL exp=4040 got=473E seq=73 syncOff=0
APP_CRC_FAIL exp=4040 got=473E seq=74 syncOff=0
APP_CRC_FAIL exp=9595 got=13EF seq=0 syncOff=0
APP_CRC_FAIL exp=9595 got=13EF seq=1 syncOff=0
APP_CRC_FAIL exp=9595 got=13EF seq=2 syncOff=0
APP_CRC_FAIL exp=9595 got=13EF seq=3 syncOff=0
APP_CRC_FAIL exp=9595 got=13EF seq=4 syncOff=0
APP_CRC_FAIL exp=9595 got=13EF seq=5 syncOff=0
APP_CRC_FAIL exp=9595 got=13EF seq=6 syncOff=0
APP_CRC_FAIL exp=9595 got=13EF seq=7 syncOff=0
APP_CRC_FAIL exp=9595 got=13EF seq=8 syncOff=0
APP_CRC_FAIL exp=9595 got=13EF seq=9 syncOff=0
APP_CRC_FAIL exp=9595 got=13EF seq=10 syncOff=0
APP_CRC_FAIL exp=9595 got=13EF seq=11 syncOff=0
APP_CRC_FAIL exp=9595 got=13EF seq=12 syncOff=0
APP_CRC_FAIL exp=9595 got=13EF seq=13 syncOff=0
APP_CRC_FAIL exp=9595 got=13EF seq=14 syncOff=0
APP_CRC_FAIL exp=9595 got=13EF seq=15 syncOff=0
APP_CRC_FAIL exp=9595 got=13EF seq=16 syncOff=0
APP_CRC_FAIL exp=9595 got=13EF seq=17 syncOff=0
APP_CRC_FAIL exp=9595 got=13EF seq=18 syncOff=0
APP_CRC_FAIL exp=9595 got=13EF seq=19 syncOff=0
APP_CRC_FAIL exp=9595 got=13EF seq=20 syncOff=0
APP_CRC_FAIL exp=9595 got=13EF seq=21 syncOff=0
APP_CRC_FAIL exp=9595 got=13EF seq=22 syncOff=0
APP_CRC_FAIL exp=9595 got=13EF seq=23 syncOff=0
APP_CRC_FAIL exp=9595 got=13EF seq=24 syncOff=0
APP_CRC_FAIL exp=9595 got=13EF seq=25 syncOff=0
APP_CRC_FAIL exp=9595 got=13EF seq=26 syncOff=0
APP_CRC_FAIL exp=9595 got=13EF seq=27 syncOff=0
APP_CRC_FAIL exp=9595 got=13EF seq=28 syncOff=0
APP_CRC_FAIL exp=9595 got=13EF seq=29 syncOff=0
APP_CRC_FAIL exp=9595 got=13EF seq=30 syncOff=0
APP_CRC_FAIL exp=9595 got=13EF seq=31 syncOff=0
APP_CRC_FAIL exp=9595 got=13EF seq=32 syncOff=0
APP_CRC_FAIL exp=9595 got=13EF seq=33 syncOff=0
APP_CRC_FAIL exp=9595 got=13EF seq=34 syncOff=0
APP_CRC_FAIL exp=9595 got=13EF seq=35 syncOff=0
APP_CRC_FAIL exp=9595 got=13EF seq=36 syncOff=0
APP_CRC_FAIL exp=9595 got=13EF seq=37 syncOff=0
APP_CRC_FAIL exp=9595 got=13EF seq=38 syncOff=0
APP_CRC_FAIL exp=9595 got=13EF seq=39 syncOff=0
APP_CRC_FAIL exp=9595 got=13EF seq=40 syncOff=0
APP_CRC_FAIL exp=9595 got=13EF seq=41 syncOff=0
APP_CRC_FAIL exp=9595 got=13EF seq=42 syncOff=0
APP_CRC_FAIL exp=9595 got=13EF seq=43 syncOff=0
APP_CRC_FAIL exp=9595 got=13EF seq=44 syncOff=0
SYNC_NOT_FOUND first4=184BDF63
APP_CRC_FAIL exp=9595 got=13EF seq=45 syncOff=0
APP_CRC_FAIL exp=9595 got=13EF seq=46 syncOff=0
APP_CRC_FAIL exp=9595 got=13EF seq=47 syncOff=0
APP_CRC_FAIL exp=9595 got=13EF seq=48 syncOff=0
APP_CRC_FAIL exp=9595 got=13EF seq=49 syncOff=0
APP_CRC_FAIL exp=9595 got=13EF seq=50 syncOff=0
APP_CRC_FAIL exp=9595 got=13EF seq=51 syncOff=0
APP_CRC_FAIL exp=9595 got=13EF seq=52 syncOff=0
APP_CRC_FAIL exp=9595 got=13EF seq=53 syncOff=0
APP_CRC_FAIL exp=9595 got=13EF seq=54 syncOff=0
APP_CRC_FAIL exp=9595 got=13EF seq=55 syncOff=0
APP_CRC_FAIL exp=9595 got=13EF seq=56 syncOff=0
APP_CRC_FAIL exp=9595 got=13EF seq=57 syncOff=0
APP_CRC_FAIL exp=9595 got=13EF seq=58 syncOff=0
APP_CRC_FAIL exp=9595 got=13EF seq=59 syncOff=0
APP_CRC_FAIL exp=9595 got=13EF seq=60 syncOff=0
APP_CRC_FAIL exp=9595 got=13EF seq=61 syncOff=0
APP_CRC_FAIL exp=9595 got=13EF seq=62 syncOff=0
APP_CRC_FAIL exp=9595 got=13EF seq=63 syncOff=0
APP_CRC_FAIL exp=9595 got=13EF seq=64 syncOff=0
APP_CRC_FAIL exp=9595 got=13EF seq=65 syncOff=0
APP_CRC_FAIL exp=9595 got=13EF seq=66 syncOff=0
APP_CRC_FAIL exp=9595 got=13EF seq=67 syncOff=0
APP_CRC_FAIL exp=9595 got=13EF seq=68 syncOff=0
APP_CRC_FAIL exp=9595 got=13EF seq=69 syncOff=0
APP_CRC_FAIL exp=9595 got=13EF seq=70 syncOff=0
APP_CRC_FAIL exp=9595 got=13EF seq=71 syncOff=0
APP_CRC_FAIL exp=9595 got=13EF seq=72 syncOff=0
APP_CRC_FAIL exp=9595 got=13EF seq=73 syncOff=0
APP_CRC_FAIL exp=9595 got=13EF seq=74 syncOff=0
TIME_DIFF gps_utc=1785058572 laptop_utc=1785058572 offset=0
TIME_DIFF gps_utc=1785058572 laptop_utc=1785058572 offset=0
TIME_DIFF gps_utc=1785058572 laptop_utc=1785058572 offset=0
TIME_DIFF gps_utc=1785058572 laptop_utc=1785058572 offset=0
TIME_DIFF gps_utc=1785058572 laptop_utc=1785058572 offset=0
TIME_DIFF gps_utc=1785058572 laptop_utc=1785058572 offset=0
TIME_DIFF gps_utc=1785058572 laptop_utc=1785058572 offset=0
TIME_DIFF gps_utc=1785058572 laptop_utc=1785058572 offset=0
TIME_DIFF gps_utc=1785058572 laptop_utc=1785058572 offset=0
TIME_DIFF gps_utc=1785058572 laptop_utc=1785058572 offset=0
TIME_DIFF gps_utc=1785058572 laptop_utc=1785058572 offset=0
TIME_DIFF gps_utc=1785058572 laptop_utc=1785058572 offset=0
TIME_DIFF gps_utc=1785058572 laptop_utc=1785058572 offset=0
TIME_DIFF gps_utc=1785058572 laptop_utc=1785058572 offset=0
TIME_DIFF gps_utc=1785058572 laptop_utc=1785058572 offset=0
TIME_DIFF gps_utc=1785058572 laptop_utc=1785058572 offset=0
TIME_DIFF gps_utc=1785058572 laptop_utc=1785058572 offset=0
TIME_DIFF gps_utc=1785058572 laptop_utc=1785058572 offset=0
TIME_DIFF gps_utc=1785058572 laptop_utc=1785058572 offset=0
TIME_DIFF gps_utc=1785058572 laptop_utc=1785058572 offset=0
TIME_DIFF gps_utc=1785058572 laptop_utc=1785058572 offset=0
TIME_DIFF gps_utc=1785058572 laptop_utc=1785058572 offset=0
TIME_DIFF gps_utc=1785058572 laptop_utc=1785058572 offset=0
TIME_DIFF gps_utc=1785058572 laptop_utc=1785058572 offset=0
TIME_DIFF gps_utc=1785058572 laptop_utc=1785058572 offset=0
TIME_DIFF gps_utc=1785058572 laptop_utc=1785058572 offset=0
TIME_DIFF gps_utc=1785058572 laptop_utc=1785058572 offset=0
TIME_DIFF gps_utc=1785058572 laptop_utc=1785058572 offset=0
TIME_DIFF gps_utc=1785058572 laptop_utc=1785058572 offset=0
TIME_DIFF gps_utc=1785058572 laptop_utc=1785058572 offset=0
TIME_DIFF gps_utc=1785058572 laptop_utc=1785058572 offset=0
TIME_DIFF gps_utc=1785058572 laptop_utc=1785058572 offset=0
TIME_DIFF gps_utc=1785058572 laptop_utc=1785058572 offset=0
TIME_DIFF gps_utc=1785058572 laptop_utc=1785058572 offset=0
TIME_DIFF gps_utc=1785058572 laptop_utc=1785058572 offset=0
TIME_DIFF gps_utc=1785058572 laptop_utc=1785058572 offset=0
TIME_DIFF gps_utc=1785058572 laptop_utc=1785058572 offset=0
TIME_DIFF gps_utc=1785058572 laptop_utc=1785058572 offset=0
TIME_DIFF gps_utc=1785058572 laptop_utc=1785058572 offset=0
TIME_DIFF gps_utc=1785058572 laptop_utc=1785058572 offset=0
TIME_DIFF gps_utc=1785058572 laptop_utc=1785058572 offset=0
TIME_DIFF gps_utc=1785058572 laptop_utc=1785058572 offset=0
TIME_DIFF gps_utc=1785058572 laptop_utc=1785058572 offset=0
TIME_DIFF gps_utc=1785058572 laptop_utc=1785058572 offset=0
TIME_DIFF gps_utc=1785058572 laptop_utc=1785058572 offset=0
TIME_DIFF gps_utc=1785058572 laptop_utc=1785058572 offset=0
TIME_DIFF gps_utc=1785058572 laptop_utc=1785058572 offset=0
TIME_DIFF gps_utc=1785058572 laptop_utc=1785058572 offset=0
TIME_DIFF gps_utc=1785058572 laptop_utc=1785058572 offset=0
TIME_DIFF gps_utc=1785058572 laptop_utc=1785058572 offset=0
TIME_DIFF gps_utc=1785058572 laptop_utc=1785058572 offset=0
TIME_DIFF gps_utc=1785058573 laptop_utc=1785058573 offset=0
TIME_DIFF gps_utc=1785058573 laptop_utc=1785058573 offset=0
TIME_SYNCED utc=1785058573 offset=1785033574
TIME_DIFF gps_utc=1785058573 laptop_utc=1785058573 offset=0
TIME_DIFF gps_utc=1785058573 laptop_utc=1785058573 offset=0
TIME_DIFF gps_utc=1785058573 laptop_utc=1785058573 offset=0
TIME_DIFF gps_utc=1785058573 laptop_utc=1785058573 offset=0
TIME_DIFF gps_utc=1785058573 laptop_utc=1785058573 offset=0
TIME_DIFF gps_utc=1785058573 laptop_utc=1785058573 offset=0
TIME_DIFF gps_utc=1785058573 laptop_utc=1785058573 offset=0
TIME_DIFF gps_utc=1785058573 laptop_utc=1785058573 offset=0
TIME_DIFF gps_utc=1785058573 laptop_utc=1785058573 offset=0
TIME_DIFF gps_utc=1785058573 laptop_utc=1785058573 offset=0
TIME_DIFF gps_utc=1785058573 laptop_utc=1785058573 offset=0
TIME_DIFF gps_utc=1785058573 laptop_utc=1785058573 offset=0
TIME_DIFF gps_utc=1785058573 laptop_utc=1785058573 offset=0
TIME_DIFF gps_utc=1785058573 laptop_utc=1785058573 offset=0
TIME_DIFF gps_utc=1785058573 laptop_utc=1785058573 offset=0
TIME_DIFF gps_utc=1785058573 laptop_utc=1785058573 offset=0
TIME_DIFF gps_utc=1785058573 laptop_utc=1785058573 offset=0
TIME_DIFF gps_utc=1785058573 laptop_utc=1785058573 offset=0
TIME_DIFF gps_utc=1785058573 laptop_utc=1785058573 offset=0
TIME_DIFF gps_utc=1785058573 laptop_utc=1785058573 offset=0
TIME_DIFF gps_utc=1785058573 laptop_utc=1785058573 offset=0
TIME_DIFF gps_utc=1785058573 laptop_utc=1785058573 offset=0
TIME_SYNCED utc=1785058583 offset=1785033574
SYNC_NOT_FOUND first4=5BE0F0FE
TIME_SYNCED utc=1785058593 offset=1785033574
SYNC_NOT_FOUND first4=58152174
SYNC_NOT_FOUND first4=85E3731D
SYNC_LOST phase=55 consecutive=3 cached_off=0
SYNC_NOT_FOUND first4=E290D373
TIME_SYNCED utc=1785058603 offset=1785033574
TIME_STATS min=-2000ms max=1000ms avg=-89ms corrections=0
SYNC_NOT_FOUND first4=FC203E56
TIME_SYNCED utc=1785058614 offset=1785033574
SYNC_NOT_FOUND first4=A437AB7C
SYNC_NOT_FOUND first4=20E78CC1
SYNC_NOT_FOUND first4=2354E089
SYNC_NOT_FOUND first4=F01D48E9
SYNC_NOT_FOUND first4=3D55CF10
TIME_SYNCED utc=1785058625 offset=1785033574
TIME_SYNCED utc=1785058635 offset=1785033574
SYNC_NOT_FOUND first4=A55EC77F
SYNC_NOT_FOUND first4=CAB03AA1
TIME_SYNCED utc=1785058646 offset=1785033574
TIME_SYNCED utc=1785058656 offset=1785033574
TIME_SYNCED utc=1785058666 offset=1785033574
TIME_STATS min=-2000ms max=1000ms avg=-89ms corrections=0
SYNC_NOT_FOUND first4=7A42DB99
TIME_SYNCED utc=1785058676 offset=1785033574
SYNC_NOT_FOUND first4=48BB32A2
TIME_SYNCED utc=1785058686 offset=1785033574
SYNC_NOT_FOUND first4=9019D669
SYNC_NOT_FOUND first4=DC717DD4
TIME_SYNCED utc=1785058697 offset=1785033574
TIME_SYNCED utc=1785058707 offset=1785033574
SYNC_NOT_FOUND first4=9F82039C
SYNC_NOT_FOUND first4=7C5BD3FC
TIME_SYNCED utc=1785058717 offset=1785033574
TIME_STATS min=-2000ms max=1000ms avg=-89ms corrections=0
SYNC_NOT_FOUND first4=A3F8292B
TIME_SYNCED utc=1785058727 offset=1785033574
SYNC_NOT_FOUND first4=08012208
SYNC_NOT_FOUND first4=F64E480B
TIME_SYNCED utc=1785058738 offset=1785033574
TIME_SYNCED utc=1785058748 offset=1785033574
SYNC_NOT_FOUND first4=579DB939
TIME_SYNCED utc=1785058758 offset=1785033574
TIME_SYNCED utc=1785058768 offset=1785033574
SYNC_NOT_FOUND first4=1A9F0156
TIME_SYNCED utc=1785058779 offset=1785033574
SYNC_NOT_FOUND first4=DDB240DE
TIME_STATS min=-2000ms max=1000ms avg=-89ms corrections=0
TIME_SYNCED utc=1785058790 offset=1785033574
TIME_SYNCED utc=1785058800 offset=1785033574
TIME_SYNCED utc=1785058810 offset=1785033574
TIME_SYNCED utc=1785058820 offset=1785033574
SYNC_NOT_FOUND first4=E249E196
SYNC_NOT_FOUND first4=DCC685F3
TIME_SYNCED utc=1785058830 offset=1785033574
SYNC_NOT_FOUND first4=A762810E
TIME_SYNCED utc=1785058841 offset=1785033574
TIME_STATS min=-2000ms max=1000ms avg=-89ms corrections=0
SYNC_NOT_FOUND first4=38106E11
TIME_SYNCED utc=1785058851 offset=1785033574
SYNC_NOT_FOUND first4=A75B5575
TIME_SYNCED utc=1785058861 offset=1785033574
SYNC_NOT_FOUND first4=9779E308
TIME_SYNCED utc=1785058872 offset=1785033574
SYNC_NOT_FOUND first4=3D79E7F1
TIME_SYNCED utc=1785058882 offset=1785033574
TIME_SYNCED utc=1785058892 offset=1785033574
TIME_SYNCED utc=1785058902 offset=1785033574
SYNC_NOT_FOUND first4=AD8AC664
TIME_STATS min=-2000ms max=1000ms avg=-89ms corrections=0
SYNC_NOT_FOUND first4=7DE4DF4E
SYNC_NOT_FOUND first4=3E0477CD
SYNC_NOT_FOUND first4=FEFEB03B
SYNC_NOT_FOUND first4=0D1AC5D5
SYNC_NOT_FOUND first4=FCA77E54
TIME_SYNCED utc=1785058912 offset=1785033574
TIME_SYNCED utc=1785058922 offset=1785033574
TIME_SYNCED utc=1785058932 offset=1785033574
SYNC_NOT_FOUND first4=CDFA9729
TIME_SYNCED utc=1785058943 offset=1785033574
TIME_SYNCED utc=1785058953 offset=1785033574
TIME_SYNCED utc=1785058963 offset=1785033574
SYNC_NOT_FOUND first4=E45CE677
TIME_STATS min=-2000ms max=1000ms avg=-89ms corrections=0
SYNC_NOT_FOUND first4=E4A38D54
SYNC_NOT_FOUND first4=9E06A0EE
SYNC_NOT_FOUND first4=63E58166
SYNC_NOT_FOUND first4=B9194319
TIME_SYNCED utc=1785058973 offset=1785033574
SYNC_NOT_FOUND first4=0721DEA3
SYNC_NOT_FOUND first4=E8016FC3
TIME_SYNCED utc=1785058984 offset=1785033574
TIME_SYNCED utc=1785058994 offset=1785033574
SYNC_NOT_FOUND first4=770A492F
SYNC_NOT_FOUND first4=ADBB9D48
SYNC_NOT_FOUND first4=29A776E1
TIME_SYNCED utc=1785059005 offset=1785033574
TIME_SYNCED utc=1785059015 offset=1785033574
SYNC_NOT_FOUND first4=AF239411
SYNC_NOT_FOUND first4=0A993E23
TIME_SYNCED utc=1785059026 offset=1785033574
TIME_STATS min=-2000ms max=1000ms avg=-89ms corrections=0
SYNC_NOT_FOUND first4=A64D5FE4
SYNC_NOT_FOUND first4=D24D69C8
SYNC_NOT_FOUND first4=ABF14086
TIME_SYNCED utc=1785059036 offset=1785033574
SYNC_NOT_FOUND first4=17827979
SYNC_NOT_FOUND first4=F3C0A296
TIME_SYNCED utc=1785059047 offset=1785033574
TIME_SYNCED utc=1785059057 offset=1785033574
SYNC_NOT_FOUND first4=4B18C8A3
SYNC_NOT_FOUND first4=7B8575A5
TIME_SYNCED utc=1785059068 offset=1785033574
TIME_SYNCED utc=1785059078 offset=1785033574
SYNC_NOT_FOUND first4=6E90F9A0
TIME_STATS min=-2000ms max=1000ms avg=-89ms corrections=0
SYNC_NOT_FOUND first4=600B86A1
TIME_SYNCED utc=1785059088 offset=1785033573
SYNC_NOT_FOUND first4=4F761E06
SYNC_NOT_FOUND first4=C686DA8D
SYNC_NOT_FOUND first4=CC0B9068
TIME_SYNCED utc=1785059099 offset=1785033574
SYNC_NOT_FOUND first4=E9DFB2B0
TIME_SYNCED utc=1785059109 offset=1785033574
SYNC_NOT_FOUND first4=53FD2100
SYNC_NOT_FOUND first4=FD4DFDDD
TIME_SYNCED utc=1785059119 offset=1785033573
SYNC_NOT_FOUND first4=DE3D0EEC
SYNC_NOT_FOUND first4=8AE31E35
TIME_SYNCED utc=1785059130 offset=1785033574
SYNC_NOT_FOUND first4=47E07934
TIME_SYNCED utc=1785059141 offset=1785033574
SYNC_NOT_FOUND first4=5AA7618B
TIME_STATS min=-2000ms max=1000ms avg=-89ms corrections=0
TIME_SYNCED utc=1785059151 offset=1785033574
TIME_SYNCED utc=1785059161 offset=1785033574
SYNC_NOT_FOUND first4=CF0679BC
TIME_SYNCED utc=1785059172 offset=1785033574
TIME_SYNCED utc=1785059182 offset=1785033574
SYNC_NOT_FOUND first4=999D9BBB
SYNC_NOT_FOUND first4=2044F3FD
TIME_SYNCED utc=1785059192 offset=1785033574
TIME_SYNCED utc=1785059202 offset=1785033574
TIME_STATS min=-2000ms max=1000ms avg=-89ms corrections=0
SYNC_NOT_FOUND first4=233CEB04
TIME_SYNCED utc=1785059213 offset=1785033574
SYNC_NOT_FOUND first4=47CF1BB3
TIME_SYNCED utc=1785059224 offset=1785033574
SYNC_NOT_FOUND first4=8922E1EA
TIME_SYNCED utc=1785059234 offset=1785033574
TIME_SYNCED utc=1785059244 offset=1785033574
SYNC_NOT_FOUND first4=2A5725D3
TIME_SYNCED utc=1785059254 offset=1785033574
TIME_SYNCED utc=1785059264 offset=1785033574
SYNC_NOT_FOUND first4=79B3B903
TIME_STATS min=-2000ms max=1000ms avg=-89ms corrections=0
SYNC_NOT_FOUND first4=43358A42
TIME_SYNCED utc=1785059275 offset=1785033574
TIME_SYNCED utc=1785059285 offset=1785033574
SYNC_NOT_FOUND first4=09AA09CA
TIME_SYNCED utc=1785059296 offset=1785033574
TIME_SYNCED utc=1785059306 offset=1785033574
TIME_SYNCED utc=1785059316 offset=1785033574
SYNC_NOT_FOUND first4=9853F378
TIME_STATS min=-2000ms max=1000ms avg=-89ms corrections=0
TIME_SYNCED utc=1785059326 offset=1785033574
TIME_SYNCED utc=1785059336 offset=1785033574
TIME_SYNCED utc=1785059346 offset=1785033574
SYNC_NOT_FOUND first4=0CF5D0EB
SYNC_NOT_FOUND first4=6782C184
SYNC_NOT_FOUND first4=55BE736E
SYNC_NOT_FOUND first4=FA5C467E
TIME_SYNCED utc=1785059356 offset=1785033574
SYNC_NOT_FOUND first4=FC1A6478
TIME_SYNCED utc=1785059367 offset=1785033574
TIME_SYNCED utc=1785059377 offset=1785033574
SYNC_NOT_FOUND first4=BFD6BF68
SYNC_NOT_FOUND first4=C557B768
TIME_STATS min=-2000ms max=1000ms avg=-89ms corrections=0
TIME_SYNCED utc=1785059387 offset=1785033574
TIME_SYNINTERL
S
TIME_SYI
SYN
TIME_
TI
INTERLEAVE_ON phases=56 cycle=315900s
