APP_CRC_FAIL exp=7E7A got=B281 seq=13 syncOff=0 pSz=128
APP_CRC_FAIL exp=7E4C got=BF89 seq=14 syncOff=0 pSz=128
APP_CRC_FAIL exp=7E7A got=4B6E seq=15 syncOff=0 pSz=128
APP_CRC_FAIL exp=7E4C got=CDD9 seq=16 syncOff=0 pSz=128
APP_CRC_FAIL exp=7E7A got=0699 seq=17 syncOff=0 pSz=128
APP_CRC_FAIL exp=7E4C got=0B91 seq=18 syncOff=0 pSz=128
APP_CRC_FAIL exp=7E4C got=34B3 seq=19 syncOff=0 pSz=128
APP_CRC_FAIL exp=7E7A got=1B78 seq=20 syncOff=0 pSz=128
APP_CRC_FAIL exp=7E4C got=EF9F seq=21 syncOff=0 pSz=128
APP_CRC_FAIL exp=7E7A got=E297 seq=22 syncOff=0 pSz=128
APP_CRC_FAIL exp=7E4C got=1670 seq=23 syncOff=0 pSz=128
APP_CRC_FAIL exp=7E4C got=2F58 seq=24 syncOff=0 pSz=128
APP_CRC_FAIL exp=7E7A got=DBBF seq=25 syncOff=0 pSz=128
APP_CRC_FAIL exp=7E7A got=D6B7 seq=26 syncOff=0 pSz=128
APP_CRC_FAIL exp=7E4C got=2250 seq=27 syncOff=0 pSz=128
APP_CRC_FAIL exp=7E4C got=CCA7 seq=28 syncOff=0 pSz=128
APP_CRC_FAIL exp=7E4C got=3840 seq=29 syncOff=0 pSz=128
APP_CRC_FAIL exp=7E4C got=54F3 seq=30 syncOff=0 pSz=128
APP_CRC_FAIL exp=7E4C got=A014 seq=31 syncOff=0 pSz=128
APP_CRC_FAIL exp=7E4C got=49BC seq=32 syncOff=0 pSz=128
APP_CRC_FAIL exp=7E7A got=BD5B seq=33 syncOff=0 pSz=128
APP_CRC_FAIL exp=7E7A got=B053 seq=34 syncOff=0 pSz=128
APP_CRC_FAIL exp=7E4C got=44B4 seq=35 syncOff=0 pSz=128
APP_CRC_FAIL exp=7E4C got=AA43 seq=36 syncOff=0 pSz=128
APP_CRC_FAIL exp=7E4C got=0DC1 seq=37 syncOff=0 pSz=128
APP_CRC_FAIL exp=7E4C got=00C9 seq=38 syncOff=0 pSz=128
APP_CRC_FAIL exp=7E7A got=F42E seq=39 syncOff=0 pSz=128
APP_CRC_FAIL exp=7E4C got=CD06 seq=40 syncOff=0 pSz=128
APP_CRC_FAIL exp=7E7A got=39E1 seq=41 syncOff=0 pSz=128
APP_CRC_FAIL exp=7E4C got=34E9 seq=42 syncOff=0 pSz=128
APP_CRC_FAIL exp=7E7A got=C00E seq=43 syncOff=0 pSz=128
APP_CRC_FAIL exp=7E7A got=2EF9 seq=44 syncOff=0 pSz=128
APP_CRC_FAIL exp=7E4C got=DA1E seq=45 syncOff=0 pSz=128
APP_CRC_FAIL exp=7E4C got=3CBE seq=46 syncOff=0 pSz=128
APP_CRC_FAIL exp=7E7A got=C859 seq=47 syncOff=0 pSz=128
APP_CRC_FAIL exp=7E7A got=4EEE seq=48 syncOff=0 pSz=128
APP_CRC_FAIL exp=7E7A got=BA09 seq=49 syncOff=0 pSz=128
APP_CRC_FAIL exp=7E4C got=763D seq=50 syncOff=0 pSz=128
APP_CRC_FAIL exp=7E4C got=82DA seq=51 syncOff=0 pSz=128
APP_CRC_FAIL exp=7E4C got=6C2D seq=52 syncOff=0 pSz=128
APP_CRC_FAIL exp=7E7A got=CBD3 seq=53 syncOff=0 pSz=128
APP_CRC_FAIL exp=7E4C got=C6DB seq=54 syncOff=0 pSz=128
APP_CRC_FAIL exp=7E4C got=323C seq=55 syncOff=0 pSz=128
APP_CRC_FAIL exp=7E4C got=0B14 seq=56 syncOff=0 pSz=128
APP_CRC_FAIL exp=7E4C got=FFF3 seq=57 syncOff=0 pSz=128
APP_CRC_FAIL exp=7E7A got=F2FB seq=58 syncOff=0 pSz=128
APP_CRC_FAIL exp=7E7A got=061C seq=59 syncOff=0 pSz=128
APP_CRC_FAIL exp=7E7A got=E8EB seq=60 syncOff=0 pSz=128
APP_CRC_FAIL exp=7E7A got=1C0C seq=61 syncOff=0 pSz=128
APP_CRC_FAIL exp=7E4C got=1104 seq=62 syncOff=0 pSz=128
APP_CRC_FAIL exp=7E7A got=EB33 seq=63 syncOff=0 pSz=128
APP_CRC_FAIL exp=7E7A got=DCA5 seq=64 syncOff=0 pSz=128
APP_CRC_FAIL exp=7E4C got=2842 seq=65 syncOff=0 pSz=128
APP_CRC_FAIL exp=7E7A got=254A seq=66 syncOff=0 pSz=128
APP_CRC_FAIL exp=7E7A got=D1AD seq=67 syncOff=0 pSz=128
APP_CRC_FAIL exp=7E4C got=3F5A seq=68 syncOff=0 pSz=128
APP_CRC_FAIL exp=7E4C got=CBBD seq=69 syncOff=0 pSz=128
APP_CRC_FAIL exp=7E7A got=C865 seq=70 syncOff=0 pSz=128
APP_CRC_FAIL exp=7E7A got=3C82 seq=71 syncOff=0 pSz=128
APP_CRC_FAIL exp=7E4C got=05AA seq=72 syncOff=0 pSz=128
APP_CRC_FAIL exp=7E7A got=F14D seq=73 syncOff=0 pSz=128
APP_CRC_FAIL exp=7E4C got=FC45 seq=74 syncOff=0 pSz=128
APP_CRC_FAIL exp=7E4C got=08A2 seq=75 syncOff=0 pSz=128
APP_CRC_FAIL exp=7E4C got=E655 seq=76 syncOff=0 pSz=128
APP_CRC_FAIL exp=7E7A got=12B2 seq=77 syncOff=0 pSz=128
APP_CRC_FAIL exp=7E4C got=1FBA seq=78 syncOff=0 pSz=128
APP_CRC_FAIL exp=7E7A got=EB5D seq=79 syncOff=0 pSz=128
APP_CRC_FAIL exp=7E7A got=ACD6 seq=80 syncOff=0 pSz=128
APP_CRC_FAIL exp=7E4C got=5831 seq=81 syncOff=0 pSz=128
APP_CRC_FAIL exp=7E7A got=5539 seq=82 syncOff=0 pSz=128
APP_CRC_FAIL exp=7E7A got=60E2 seq=83 syncOff=0 pSz=128
PHASE_RESULT 10 HF-FLRC-325-128 pktSize=128 rx=0 unique=0 lost=100 per=100.0 rssi_avg=-46 rssi_min=-46 crc_err=84 garbage=0 tx_lat=0.00000 tx_lon=0.00000 sats=0 fix=0 utc=0 tx_fw=none rx_fw=unknown
PHASE_GUARD 500
PHASE_START 11 HF-FLRC-325-255 pktSize=255
PHASE_RESULT 11 HF-FLRC-325-255 pktSize=255 rx=0 unique=0 lost=100 per=100.0 rssi_avg=0 rssi_min=0 crc_err=0 garbage=0 tx_lat=0.00000 tx_lon=0.00000 sats=0 fix=0 utc=0 tx_fw=none rx_fw=unknown
PHASE_GUARD 500
PHASE_START 12 HF-FLRC-650-32 pktSize=32
SYNC_OFFSET phase=12 off=0 prev=-1
APP_CRC_FAIL exp=1E18 got=05D1 seq=0 syncOff=0 pSz=32
APP_CRC_FAIL exp=1E18 got=EEF2 seq=1 syncOff=0 pSz=32
SYNC_NOT_FOUND first4=2033E6F5
SYNC_NOT_FOUND first4=34656A0D
SYNC_NOT_FOUND first4=6B6E6F77
SYNC_LOST phase=12 consecutive=3 cached_off=0
SYNC_OFFSET phase=12 off=0 prev=-1
APP_CRC_FAIL exp=1E18 got=88B2 seq=6 syncOff=0 pSz=32
SYNC_NOT_FOUND first4=1033E6F5
SYNC_NOT_FOUND first4=34656A0D
SYNC_NOT_FOUND first4=6B6E6F77
SYNC_LOST phase=12 consecutive=3 cached_off=0
SYNC_OFFSET phase=12 off=0 prev=-1
APP_CRC_FAIL exp=1E18 got=016A seq=11 syncOff=0 pSz=32
SYNC_NOT_FOUND first4=2033E6F5
SYNC_NOT_FOUND first4=34656A0D
SYNC_NOT_FOUND first4=6B6E6F77
SYNC_LOST phase=12 consecutive=3 cached_off=0
SYNC_OFFSET phase=12 off=0 prev=-1
APP_CRC_FAIL exp=1E18 got=81C4 seq=16 syncOff=0 pSz=32
SYNC_NOT_FOUND first4=1033E6F5
SYNC_NOT_FOUND first4=34656A0D
SYNC_NOT_FOUND first4=6B6E6F77
SYNC_LOST phase=12 consecutive=3 cached_off=0
SYNC_OFFSET phase=12 off=0 prev=-1
APP_CRC_FAIL exp=1E18 got=A8C5 seq=21 syncOff=0 pSz=32
APP_CRC_FAIL exp=1E18 got=8581 seq=22 syncOff=0 pSz=32
APP_CRC_FAIL exp=1E18 got=6EA2 seq=23 syncOff=0 pSz=32
APP_CRC_FAIL exp=1E18 got=F6F6 seq=24 syncOff=0 pSz=32
APP_CRC_FAIL exp=1E18 got=1DD5 seq=25 syncOff=0 pSz=32
APP_CRC_FAIL exp=1E18 got=3091 seq=26 syncOff=0 pSz=32
APP_CRC_FAIL exp=1E18 got=DBB2 seq=27 syncOff=0 pSz=32
APP_CRC_FAIL exp=1E18 got=6A19 seq=28 syncOff=0 pSz=32
APP_CRC_FAIL exp=1E18 got=56D1 seq=29 syncOff=0 pSz=32
APP_CRC_FAIL exp=1E18 got=7B95 seq=30 syncOff=0 pSz=32
APP_CRC_FAIL exp=1E18 got=90B6 seq=31 syncOff=0 pSz=32
APP_CRC_FAIL exp=1E18 got=FCE0 seq=32 syncOff=0 pSz=32
APP_CRC_FAIL exp=1E18 got=17C3 seq=33 syncOff=0 pSz=32
APP_CRC_FAIL exp=1E18 got=3A87 seq=34 syncOff=0 pSz=32
APP_CRC_FAIL exp=1E18 got=D1A4 seq=35 syncOff=0 pSz=32
APP_CRC_FAIL exp=1E18 got=600F seq=36 syncOff=0 pSz=32
APP_CRC_FAIL exp=1E18 got=8B2C seq=37 syncOff=0 pSz=32
APP_CRC_FAIL exp=1E18 got=A668 seq=38 syncOff=0 pSz=32
APP_CRC_FAIL exp=1E18 got=4D4B seq=39 syncOff=0 pSz=32
APP_CRC_FAIL exp=1E18 got=D51F seq=40 syncOff=0 pSz=32
APP_CRC_FAIL exp=1E18 got=3E3C seq=41 syncOff=0 pSz=32
APP_CRC_FAIL exp=1E18 got=1378 seq=42 syncOff=0 pSz=32
APP_CRC_FAIL exp=1E18 got=2FB0 seq=43 syncOff=0 pSz=32
APP_CRC_FAIL exp=1E18 got=9E1B seq=44 syncOff=0 pSz=32
APP_CRC_FAIL exp=1E18 got=7538 seq=45 syncOff=0 pSz=32
APP_CRC_FAIL exp=1E18 got=88E8 seq=46 syncOff=0 pSz=32
APP_CRC_FAIL exp=1E18 got=63CB seq=47 syncOff=0 pSz=32
APP_CRC_FAIL exp=1E18 got=A861 seq=48 syncOff=0 pSz=32
APP_CRC_FAIL exp=1E18 got=CE0B seq=49 syncOff=0 pSz=32
APP_CRC_FAIL exp=1E18 got=E34F seq=50 syncOff=0 pSz=32
APP_CRC_FAIL exp=1E18 got=086C seq=51 syncOff=0 pSz=32
APP_CRC_FAIL exp=1E18 got=5AE2 seq=52 syncOff=0 pSz=32
APP_CRC_FAIL exp=1E18 got=B1C1 seq=53 syncOff=0 pSz=32
APP_CRC_FAIL exp=1E18 got=9C85 seq=54 syncOff=0 pSz=32
APP_CRC_FAIL exp=1E18 got=77A6 seq=55 syncOff=0 pSz=32
APP_CRC_FAIL exp=1E18 got=855F seq=56 syncOff=0 pSz=32
APP_CRC_FAIL exp=1E18 got=6E7C seq=57 syncOff=0 pSz=32
APP_CRC_FAIL exp=1E18 got=4338 seq=58 syncOff=0 pSz=32
APP_CRC_FAIL exp=1E18 got=A81B seq=59 syncOff=0 pSz=32
APP_CRC_FAIL exp=1E18 got=EDB8 seq=60 syncOff=0 pSz=32
APP_CRC_FAIL exp=1E18 got=069B seq=61 syncOff=0 pSz=32
APP_CRC_FAIL exp=1E18 got=2BDF seq=62 syncOff=0 pSz=32
APP_CRC_FAIL exp=1E18 got=C24D seq=63 syncOff=0 pSz=32
APP_CRC_FAIL exp=1E18 got=F1C2 seq=64 syncOff=0 pSz=32
APP_CRC_FAIL exp=1E18 got=1AE1 seq=65 syncOff=0 pSz=32
APP_CRC_FAIL exp=1E18 got=37A5 seq=66 syncOff=0 pSz=32
APP_CRC_FAIL exp=1E18 got=61C0 seq=67 syncOff=0 pSz=32
APP_CRC_FAIL exp=1E18 got=D06B seq=68 syncOff=0 pSz=32
APP_CRC_FAIL exp=1E18 got=3B48 seq=69 syncOff=0 pSz=32
APP_CRC_FAIL exp=1E18 got=C1E7 seq=70 syncOff=0 pSz=32
APP_CRC_FAIL exp=1E18 got=2AC4 seq=71 syncOff=0 pSz=32
APP_CRC_FAIL exp=1E18 got=B290 seq=72 syncOff=0 pSz=32
APP_CRC_FAIL exp=1E18 got=D198 seq=73 syncOff=0 pSz=32
APP_CRC_FAIL exp=1E18 got=FCDC seq=74 syncOff=0 pSz=32
APP_CRC_FAIL exp=1E18 got=17FF seq=75 syncOff=0 pSz=32
APP_CRC_FAIL exp=1E18 got=A654 seq=76 syncOff=0 pSz=32
APP_CRC_FAIL exp=1E18 got=4D77 seq=77 syncOff=0 pSz=32
APP_CRC_FAIL exp=1E18 got=6033 seq=78 syncOff=0 pSz=32
APP_CRC_FAIL exp=1E18 got=8B10 seq=79 syncOff=0 pSz=32
APP_CRC_FAIL exp=1E18 got=FDFC seq=80 syncOff=0 pSz=32
APP_CRC_FAIL exp=1E18 got=16DF seq=81 syncOff=0 pSz=32
APP_CRC_FAIL exp=1E18 got=3B9B seq=82 syncOff=0 pSz=32
APP_CRC_FAIL exp=1E18 got=1E0C seq=83 syncOff=0 pSz=32
SYNC_NOT_FOUND first4=08D14A18
PHASE_RESULT 12 HF-FLRC-650-32 pktSize=32 rx=0 unique=0 lost=100 per=100.0 rssi_avg=-46 rssi_min=-46 crc_err=68 garbage=13 tx_lat=0.00000 tx_lon=0.00000 sats=0 fix=0 utc=0 tx_fw=none rx_fw=unknown
PHASE_GUARD 500
PHASE_START 13 HF-FLRC-650-64 pktSize=64
SYNC_OFFSET phase=13 off=0 prev=-1
APP_CRC_FAIL exp=3E31 got=30A0 seq=0 syncOff=0 pSz=64
APP_CRC_FAIL exp=3E31 got=8840 seq=1 syncOff=0 pSz=64
SYNC_NOT_FOUND first4=4032E6F5
SYNC_NOT_FOUND first4=34656A0E
SYNC_NOT_FOUND first4=6B6E6F77
SYNC_LOST phase=13 consecutive=3 cached_off=0
SYNC_OFFSET phase=13 off=32 prev=-1
SYNC_OOB gpsOff=36 crcLen=58 readLen=72 — skipping
SYNC_OFFSET phase=13 off=24 prev=32
SYNC_OOB gpsOff=28 crcLen=58 readLen=72 — skipping
SYNC_OFFSET phase=13 off=16 prev=24
SYNC_OOB gpsOff=20 crcLen=58 readLen=72 — skipping
SYNC_OFFSET phase=13 off=8 prev=16
APP_CRC_FAIL exp=3E31 got=1FE5 seq=9 syncOff=8 pSz=64
SYNC_OFFSET phase=13 off=0 prev=8
APP_CRC_FAIL exp=3E31 got=724A seq=10 syncOff=0 pSz=64
SYNC_NOT_FOUND first4=3032E6F5
SYNC_NOT_FOUND first4=34656A0E
SYNC_NOT_FOUND first4=6B6E6F77
SYNC_LOST phase=13 consecutive=3 cached_off=0
SYNC_OFFSET phase=13 off=32 prev=-1
SYNC_OOB gpsOff=36 crcLen=58 readLen=72 — skipping
SYNC_OFFSET phase=13 off=24 prev=32
SYNC_OOB gpsOff=28 crcLen=58 readLen=72 — skipping
SYNC_OFFSET phase=13 off=16 prev=24
SYNC_OOB gpsOff=20 crcLen=58 readLen=72 — skipping
SYNC_OFFSET phase=13 off=8 prev=16
APP_CRC_FAIL exp=3E31 got=DA84 seq=18 syncOff=8 pSz=64
SYNC_OFFSET phase=13 off=0 prev=8
APP_CRC_FAIL exp=3E31 got=2388 seq=19 syncOff=0 pSz=64
APP_CRC_FAIL exp=3E31 got=394B seq=20 syncOff=0 pSz=64
APP_CRC_FAIL exp=3E31 got=81AB seq=21 syncOff=0 pSz=64
APP_CRC_FAIL exp=3E31 got=58AA seq=22 syncOff=0 pSz=64
APP_CRC_FAIL exp=3E31 got=52C8 seq=23 syncOff=0 pSz=64
APP_CRC_FAIL exp=3E31 got=DFAE seq=24 syncOff=0 pSz=64
APP_CRC_FAIL exp=3E31 got=674E seq=25 syncOff=0 pSz=64
APP_CRC_FAIL exp=3E31 got=BE4F seq=26 syncOff=0 pSz=64
APP_CRC_FAIL exp=3E31 got=06AF seq=27 syncOff=0 pSz=64
APP_CRC_FAIL exp=3E31 got=1C6C seq=28 syncOff=0 pSz=64
APP_CRC_FAIL exp=3E31 got=A48C seq=29 syncOff=0 pSz=64
APP_CRC_FAIL exp=3E31 got=7D8D seq=30 syncOff=0 pSz=64
APP_CRC_FAIL exp=3E31 got=C56D seq=31 syncOff=0 pSz=64
APP_CRC_FAIL exp=3E31 got=09B6 seq=32 syncOff=0 pSz=64
APP_CRC_FAIL exp=3E31 got=B156 seq=33 syncOff=0 pSz=64
APP_CRC_FAIL exp=3E31 got=6857 seq=34 syncOff=0 pSz=64
APP_CRC_FAIL exp=3E31 got=D0B7 seq=35 syncOff=0 pSz=64
APP_CRC_FAIL exp=3E31 got=9D2D seq=36 syncOff=0 pSz=64
APP_CRC_FAIL exp=3E31 got=25CD seq=37 syncOff=0 pSz=64
APP_CRC_FAIL exp=3E31 got=FCCC seq=38 syncOff=0 pSz=64
APP_CRC_FAIL exp=3E31 got=442C seq=39 syncOff=0 pSz=64
APP_CRC_FAIL exp=3E31 got=C94A seq=40 syncOff=0 pSz=64
APP_CRC_FAIL exp=3E31 got=71AA seq=41 syncOff=0 pSz=64
APP_CRC_FAIL exp=3E31 got=A8AB seq=42 syncOff=0 pSz=64
APP_CRC_FAIL exp=3E31 got=C7BE seq=43 syncOff=0 pSz=64
APP_CRC_FAIL exp=3E31 got=DD7D seq=44 syncOff=0 pSz=64
APP_CRC_FAIL exp=3E31 got=659D seq=45 syncOff=0 pSz=64
APP_CRC_FAIL exp=3E31 got=EBC5 seq=46 syncOff=0 pSz=64
APP_CRC_FAIL exp=3E31 got=5325 seq=47 syncOff=0 pSz=64
APP_CRC_FAIL exp=3E31 got=E128 seq=48 syncOff=0 pSz=64
APP_CRC_FAIL exp=3E31 got=59C8 seq=49 syncOff=0 pSz=64
APP_CRC_FAIL exp=3E31 got=80C9 seq=50 syncOff=0 pSz=64
APP_CRC_FAIL exp=3E31 got=3829 seq=51 syncOff=0 pSz=64
APP_CRC_FAIL exp=3E31 got=EF08 seq=52 syncOff=0 pSz=64
APP_CRC_FAIL exp=3E31 got=57E8 seq=53 syncOff=0 pSz=64
APP_CRC_FAIL exp=3E31 got=8EE9 seq=54 syncOff=0 pSz=64
APP_CRC_FAIL exp=3E31 got=3609 seq=55 syncOff=0 pSz=64
APP_CRC_FAIL exp=3E31 got=15DD seq=56 syncOff=0 pSz=64
APP_CRC_FAIL exp=3E31 got=AD3D seq=57 syncOff=0 pSz=64
APP_CRC_FAIL exp=3E31 got=743C seq=58 syncOff=0 pSz=64
APP_CRC_FAIL exp=3E31 got=146F seq=59 syncOff=0 pSz=64
APP_CRC_FAIL exp=3E31 got=0EAC seq=60 syncOff=0 pSz=64
APP_CRC_FAIL exp=3E31 got=B64C seq=61 syncOff=0 pSz=64
APP_CRC_FAIL exp=3E31 got=6F4D seq=62 syncOff=0 pSz=64
APP_CRC_FAIL exp=3E31 got=345A seq=63 syncOff=0 pSz=64
APP_CRC_FAIL exp=3E31 got=052D seq=64 syncOff=0 pSz=64
APP_CRC_FAIL exp=3E31 got=BDCD seq=65 syncOff=0 pSz=64
APP_CRC_FAIL exp=3E31 got=64CC seq=66 syncOff=0 pSz=64
APP_CRC_FAIL exp=3E31 got=37B1 seq=67 syncOff=0 pSz=64
APP_CRC_FAIL exp=3E31 got=2D72 seq=68 syncOff=0 pSz=64
APP_CRC_FAIL exp=3E31 got=9592 seq=69 syncOff=0 pSz=64
APP_CRC_FAIL exp=3E31 got=3091 seq=70 syncOff=0 pSz=64
APP_CRC_FAIL exp=3E31 got=8871 seq=71 syncOff=0 pSz=64
APP_CRC_FAIL exp=3E31 got=0517 seq=72 syncOff=0 pSz=64
APP_CRC_FAIL exp=3E31 got=BDF7 seq=73 syncOff=0 pSz=64
APP_CRC_FAIL exp=3E31 got=64F6 seq=74 syncOff=0 pSz=64
APP_CRC_FAIL exp=3E31 got=DC16 seq=75 syncOff=0 pSz=64
APP_CRC_FAIL exp=3E31 got=C6D5 seq=76 syncOff=0 pSz=64
APP_CRC_FAIL exp=3E31 got=7E35 seq=77 syncOff=0 pSz=64
APP_CRC_FAIL exp=3E31 got=A734 seq=78 syncOff=0 pSz=64
APP_CRC_FAIL exp=3E31 got=31F0 seq=79 syncOff=0 pSz=64
APP_CRC_FAIL exp=3E31 got=83FD seq=80 syncOff=0 pSz=64
APP_CRC_FAIL exp=3E31 got=3B1D seq=81 syncOff=0 pSz=64
APP_CRC_FAIL exp=3E31 got=E21C seq=82 syncOff=0 pSz=64
APP_CRC_FAIL exp=3E31 got=0DA5 seq=83 syncOff=0 pSz=64
PHASE_RESULT 13 HF-FLRC-650-64 pktSize=64 rx=0 unique=0 lost=100 per=100.0 rssi_avg=-46 rssi_min=-46 crc_err=70 garbage=12 tx_lat=0.00000 tx_lon=0.00000 sats=0 fix=0 utc=0 tx_fw=none rx_fw=unknown
PHASE_GUARD 500
PHASE_START 14 HF-FLRC-650-128 pktSize=128
SYNC_OFFSET phase=14 off=0 prev=-1
APP_CRC_FAIL exp=7E7A got=B43F seq=0 syncOff=0 pSz=128
APP_CRC_FAIL exp=7E4C got=40D8 seq=1 syncOff=0 pSz=128
SYNC_NOT_FOUND first4=1031E6F5
SYNC_NOT_FOUND first4=34656A0F
SYNC_NOT_FOUND first4=6B6E6F77
SYNC_LOST phase=14 consecutive=3 cached_off=0
SYNC_OFFSET phase=14 off=96 prev=-1
SYNC_OOB gpsOff=100 crcLen=122 readLen=136 — skipping
SYNC_OFFSET phase=14 off=88 prev=96
SYNC_OOB gpsOff=92 crcLen=122 readLen=136 — skipping
SYNC_OFFSET phase=14 off=80 prev=88
SYNC_OOB gpsOff=84 crcLen=122 readLen=136 — skipping
SYNC_OFFSET phase=14 off=72 prev=80
SYNC_OOB gpsOff=76 crcLen=122 readLen=136 — skipping
SYNC_OFFSET phase=14 off=64 prev=72
SYNC_OOB gpsOff=68 crcLen=122 readLen=136 — skipping
SYNC_OFFSET phase=14 off=56 prev=64
SYNC_OOB gpsOff=60 crcLen=122 readLen=136 — skipping
SYNC_OFFSET phase=14 off=48 prev=56
SYNC_OOB gpsOff=52 crcLen=122 readLen=136 — skipping
SYNC_OFFSET phase=14 off=40 prev=48
SYNC_OOB gpsOff=44 crcLen=122 readLen=136 — skipping
SYNC_OFFSET phase=14 off=32 prev=40
SYNC_OOB gpsOff=36 crcLen=122 readLen=136 — skipping
SYNC_OFFSET phase=14 off=24 prev=32
SYNC_OOB gpsOff=28 crcLen=122 readLen=136 — skipping
SYNC_OFFSET phase=14 off=16 prev=24
SYNC_OOB gpsOff=20 crcLen=122 readLen=136 — skipping
SYNC_OFFSET phase=14 off=8 prev=16
APP_CRC_FAIL exp=7E4C got=9DC4 seq=17 syncOff=8 pSz=128
SYNC_OFFSET phase=14 off=0 prev=8
APP_CRC_FAIL exp=7E7A got=90CC seq=18 syncOff=0 pSz=128
APP_CRC_FAIL exp=7E7A got=AFEE seq=19 syncOff=0 pSz=128
APP_CRC_FAIL exp=7E7A got=E2A6 seq=20 syncOff=0 pSz=128
APP_CRC_FAIL exp=7E4C got=1641 seq=21 syncOff=0 pSz=128
APP_CRC_FAIL exp=7E7A got=1B49 seq=22 syncOff=0 pSz=128
APP_CRC_FAIL exp=7E7A got=4C11 seq=23 syncOff=0 pSz=128
APP_CRC_FAIL exp=7E7A got=7539 seq=24 syncOff=0 pSz=128
APP_CRC_FAIL exp=7E4C got=81DE seq=25 syncOff=0 pSz=128
APP_CRC_FAIL exp=7E4C got=8CD6 seq=26 syncOff=0 pSz=128
APP_CRC_FAIL exp=7E4C got=7831 seq=27 syncOff=0 pSz=128
APP_CRC_FAIL exp=7E4C got=96C6 seq=28 syncOff=0 pSz=128
APP_CRC_FAIL exp=7E4C got=6221 seq=29 syncOff=0 pSz=128
APP_CRC_FAIL exp=7E4C got=CDB8 seq=30 syncOff=0 pSz=128
APP_CRC_FAIL exp=7E4C got=395F seq=31 syncOff=0 pSz=128
APP_CRC_FAIL exp=7E7A got=D0F7 seq=32 syncOff=0 pSz=128
APP_CRC_FAIL exp=7E7A got=2410 seq=33 syncOff=0 pSz=128
APP_CRC_FAIL exp=7E7A got=7A7D seq=34 syncOff=0 pSz=128
APP_CRC_FAIL exp=7E7A got=8E9A seq=35 syncOff=0 pSz=128
APP_CRC_FAIL exp=7E4C got=606D seq=36 syncOff=0 pSz=128
APP_CRC_FAIL exp=7E4C got=948A seq=37 syncOff=0 pSz=128
APP_CRC_FAIL exp=7E4C got=9982 seq=38 syncOff=0 pSz=128
APP_CRC_FAIL exp=7E4C got=6D65 seq=39 syncOff=0 pSz=128
APP_CRC_FAIL exp=7E7A got=544D seq=40 syncOff=0 pSz=128
APP_CRC_FAIL exp=7E4C got=A0AA seq=41 syncOff=0 pSz=128
APP_CRC_FAIL exp=7E4C got=ADA2 seq=42 syncOff=0 pSz=128
APP_CRC_FAIL exp=7E7A got=5945 seq=43 syncOff=0 pSz=128
APP_CRC_FAIL exp=7E4C got=B7B2 seq=44 syncOff=0 pSz=128
APP_CRC_FAIL exp=7E7A got=4355 seq=45 syncOff=0 pSz=128
APP_CRC_FAIL exp=7E7A got=4E5D seq=46 syncOff=0 pSz=128
APP_CRC_FAIL exp=7E4C got=BABA seq=47 syncOff=0 pSz=128
APP_CRC_FAIL exp=7E4C got=3C0D seq=48 syncOff=0 pSz=128
APP_CRC_FAIL exp=7E4C got=C8EA seq=49 syncOff=0 pSz=128
APP_CRC_FAIL exp=7E4C got=C5E2 seq=50 syncOff=0 pSz=128
APP_CRC_FAIL exp=7E4C got=3105 seq=51 syncOff=0 pSz=128
APP_CRC_FAIL exp=7E7A got=B205 seq=52 syncOff=0 pSz=128
APP_CRC_FAIL exp=7E7A got=46E2 seq=53 syncOff=0 pSz=128
APP_CRC_FAIL exp=7E7A got=4BEA seq=54 syncOff=0 pSz=128
APP_CRC_FAIL exp=7E7A got=BF0D seq=55 syncOff=0 pSz=128
APP_CRC_FAIL exp=7E7A got=8625 seq=56 syncOff=0 pSz=128
APP_CRC_FAIL exp=7E4C got=72C2 seq=57 syncOff=0 pSz=128
APP_CRC_FAIL exp=7E4C got=7FCA seq=58 syncOff=0 pSz=128
APP_CRC_FAIL exp=7E7A got=8B2D seq=59 syncOff=0 pSz=128
APP_CRC_FAIL exp=7E4C got=4F4E seq=60 syncOff=0 pSz=128
APP_CRC_FAIL exp=7E4C got=BBA9 seq=61 syncOff=0 pSz=128
APP_CRC_FAIL exp=7E4C got=B6A1 seq=62 syncOff=0 pSz=128
APP_CRC_FAIL exp=7E7A got=4246 seq=63 syncOff=0 pSz=128
APP_CRC_FAIL exp=7E7A got=75D0 seq=64 syncOff=0 pSz=128
APP_CRC_FAIL exp=7E4C got=8137 seq=65 syncOff=0 pSz=128
APP_CRC_FAIL exp=7E4C got=8C3F seq=66 syncOff=0 pSz=128
APP_CRC_FAIL exp=7E7A got=78D8 seq=67 syncOff=0 pSz=128
APP_CRC_FAIL exp=7E7A got=962F seq=68 syncOff=0 pSz=128
APP_CRC_FAIL exp=7E7A got=62C8 seq=69 syncOff=0 pSz=128
APP_CRC_FAIL exp=7E7A got=6FC0 seq=70 syncOff=0 pSz=128
APP_CRC_FAIL exp=7E7A got=9B27 seq=71 syncOff=0 pSz=128
APP_CRC_FAIL exp=7E4C got=A20F seq=72 syncOff=0 pSz=128
APP_CRC_FAIL exp=7E4C got=311E seq=73 syncOff=0 pSz=128
APP_CRC_FAIL exp=7E4C got=3C16 seq=74 syncOff=0 pSz=128
APP_CRC_FAIL exp=7E4C got=C8F1 seq=75 syncOff=0 pSz=128
APP_CRC_FAIL exp=7E7A got=41F0 seq=76 syncOff=0 pSz=128
APP_CRC_FAIL exp=7E4C got=B517 seq=77 syncOff=0 pSz=128
APP_CRC_FAIL exp=7E4C got=B81F seq=78 syncOff=0 pSz=128
APP_CRC_FAIL exp=7E7A got=4CF8 seq=79 syncOff=0 pSz=128
APP_CRC_FAIL exp=7E7A got=CA4F seq=80 syncOff=0 pSz=128
APP_CRC_FAIL exp=7E4C got=3EA8 seq=81 syncOff=0 pSz=128
APP_CRC_FAIL exp=7E4C got=33A0 seq=82 syncOff=0 pSz=128
APP_CRC_FAIL exp=7E4C got=A0B1 seq=83 syncOff=0 pSz=128
PHASE_RESULT 14 HF-FLRC-650-128 pktSize=128 rx=0 unique=0 lost=100 per=100.0 rssi_avg=-46 rssi_min=-46 crc_err=69 garbage=14 tx_lat=0.00000 tx_lon=0.00000 sats=0 fix=0 utc=0 tx_fw=none rx_fw=unknown
PHASE_GUARD 500
PHASE_START 15 HF-FLRC-650-255 pktSize=255
PHASE_RESULT 15 HF-FLRC-650-255 pktSize=255 rx=0 unique=0 lost=100 per=100.0 rssi_avg=0 rssi_min=0 crc_err=0 garbage=0 tx_lat=0.00000 tx_lon=0.00000 sats=0 fix=0 utc=0 tx_fw=none rx_fw=unknown
PHASE_GUARD 500
PHASE_START 16 HF-FLRC-1300-32 pktSize=32
SYNC_OFFSET phase=16 off=0 prev=-1
APP_CRC_FAIL exp=1E18 got=3517 seq=0 syncOff=0 pSz=32
APP_CRC_FAIL exp=1E18 got=DE34 seq=1 syncOff=0 pSz=32
SYNC_NOT_FOUND first4=B030E6F5
SYNC_NOT_FOUND first4=34656A11
SYNC_NOT_FOUND first4=6B6E6F77
SYNC_LOST phase=16 consecutive=3 cached_off=0
SYNC_OFFSET phase=16 off=0 prev=-1
APP_CRC_FAIL exp=1E18 got=6F9F seq=6 syncOff=0 pSz=32
SYNC_NOT_FOUND first4=B030E6F5
SYNC_NOT_FOUND first4=34656A11
SYNC_NOT_FOUND first4=6B6E6F77
SYNC_LOST phase=16 consecutive=3 cached_off=0
SYNC_OFFSET phase=16 off=0 prev=-1
APP_CRC_FAIL exp=1E18 got=FF18 seq=11 syncOff=0 pSz=32
SYNC_NOT_FOUND first4=B030E6F5
SYNC_NOT_FOUND first4=34656A11
SYNC_NOT_FOUND first4=6B6E6F77
SYNC_LOST phase=16 consecutive=3 cached_off=0
SYNC_OFFSET phase=16 off=0 prev=-1
APP_CRC_FAIL exp=1E18 got=C792 seq=16 syncOff=0 pSz=32
SYNC_NOT_FOUND first4=7030E6F5
SYNC_NOT_FOUND first4=34656A11
SYNC_NOT_FOUND first4=6B6E6F77
SYNC_LOST phase=16 consecutive=3 cached_off=0
SYNC_OFFSET phase=16 off=0 prev=-1
APP_CRC_FAIL exp=1E18 got=E019 seq=21 syncOff=0 pSz=32
APP_CRC_FAIL exp=1E18 got=CD5D seq=22 syncOff=0 pSz=32
APP_CRC_FAIL exp=1E18 got=267E seq=23 syncOff=0 pSz=32
APP_CRC_FAIL exp=1E18 got=BE2A seq=24 syncOff=0 pSz=32
APP_CRC_FAIL exp=1E18 got=5509 seq=25 syncOff=0 pSz=32
APP_CRC_FAIL exp=1E18 got=AFA6 seq=26 syncOff=0 pSz=32
APP_CRC_FAIL exp=1E18 got=4485 seq=27 syncOff=0 pSz=32
APP_CRC_FAIL exp=1E18 got=F52E seq=28 syncOff=0 pSz=32
APP_CRC_FAIL exp=1E18 got=A34B seq=29 syncOff=0 pSz=32
APP_CRC_FAIL exp=1E18 got=8E0F seq=30 syncOff=0 pSz=32
APP_CRC_FAIL exp=1E18 got=652C seq=31 syncOff=0 pSz=32
APP_CRC_FAIL exp=1E18 got=097A seq=32 syncOff=0 pSz=32
APP_CRC_FAIL exp=1E18 got=E259 seq=33 syncOff=0 pSz=32
APP_CRC_FAIL exp=1E18 got=CF1D seq=34 syncOff=0 pSz=32
APP_CRC_FAIL exp=1E18 got=243E seq=35 syncOff=0 pSz=32
APP_CRC_FAIL exp=1E18 got=28D3 seq=36 syncOff=0 pSz=32
APP_CRC_FAIL exp=1E18 got=C3F0 seq=37 syncOff=0 pSz=32
APP_CRC_FAIL exp=1E18 got=EEB4 seq=38 syncOff=0 pSz=32
APP_CRC_FAIL exp=1E18 got=0597 seq=39 syncOff=0 pSz=32
APP_CRC_FAIL exp=1E18 got=9DC3 seq=40 syncOff=0 pSz=32
APP_CRC_FAIL exp=1E18 got=76E0 seq=41 syncOff=0 pSz=32
APP_CRC_FAIL exp=1E18 got=5BA4 seq=42 syncOff=0 pSz=32
APP_CRC_FAIL exp=1E18 got=B087 seq=43 syncOff=0 pSz=32
APP_CRC_FAIL exp=1E18 got=012C seq=44 syncOff=0 pSz=32
APP_CRC_FAIL exp=1E18 got=EA0F seq=45 syncOff=0 pSz=32
APP_CRC_FAIL exp=1E18 got=10A0 seq=46 syncOff=0 pSz=32
APP_CRC_FAIL exp=1E18 got=FB83 seq=47 syncOff=0 pSz=32
APP_CRC_FAIL exp=1E18 got=3029 seq=48 syncOff=0 pSz=32
APP_CRC_FAIL exp=1E18 got=98F7 seq=49 syncOff=0 pSz=32
APP_CRC_FAIL exp=1E18 got=B5B3 seq=50 syncOff=0 pSz=32
APP_CRC_FAIL exp=1E18 got=5E90 seq=51 syncOff=0 pSz=32
APP_CRC_FAIL exp=1E18 got=0C1E seq=52 syncOff=0 pSz=32
APP_CRC_FAIL exp=1E18 got=E73D seq=53 syncOff=0 pSz=32
APP_CRC_FAIL exp=1E18 got=CA79 seq=54 syncOff=0 pSz=32
APP_CRC_FAIL exp=1E18 got=215A seq=55 syncOff=0 pSz=32
APP_CRC_FAIL exp=1E18 got=B90E seq=56 syncOff=0 pSz=32
APP_CRC_FAIL exp=1E18 got=522D seq=57 syncOff=0 pSz=32
APP_CRC_FAIL exp=1E18 got=7F69 seq=58 syncOff=0 pSz=32
APP_CRC_FAIL exp=1E18 got=944A seq=59 syncOff=0 pSz=32
APP_CRC_FAIL exp=1E18 got=25E1 seq=60 syncOff=0 pSz=32
APP_CRC_FAIL exp=1E18 got=CEC2 seq=61 syncOff=0 pSz=32
APP_CRC_FAIL exp=1E18 got=E386 seq=62 syncOff=0 pSz=32
APP_CRC_FAIL exp=1E18 got=08A5 seq=63 syncOff=0 pSz=32
APP_CRC_FAIL exp=1E18 got=3B2A seq=64 syncOff=0 pSz=32
APP_CRC_FAIL exp=1E18 got=D009 seq=65 syncOff=0 pSz=32
APP_CRC_FAIL exp=1E18 got=FD4D seq=66 syncOff=0 pSz=32
APP_CRC_FAIL exp=1E18 got=7249 seq=67 syncOff=0 pSz=32
APP_CRC_FAIL exp=1E18 got=C3E2 seq=68 syncOff=0 pSz=32
APP_CRC_FAIL exp=1E18 got=9587 seq=69 syncOff=0 pSz=32
APP_CRC_FAIL exp=1E18 got=B8C3 seq=70 syncOff=0 pSz=32
APP_CRC_FAIL exp=1E18 got=53E0 seq=71 syncOff=0 pSz=32
APP_CRC_FAIL exp=1E18 got=CBB4 seq=72 syncOff=0 pSz=32
APP_CRC_FAIL exp=1E18 got=2097 seq=73 syncOff=0 pSz=32
APP_CRC_FAIL exp=1E18 got=0DD3 seq=74 syncOff=0 pSz=32
APP_CRC_FAIL exp=1E18 got=E6F0 seq=75 syncOff=0 pSz=32
APP_CRC_FAIL exp=1E18 got=2618 seq=76 syncOff=0 pSz=32
APP_CRC_FAIL exp=1E18 got=CD3B seq=77 syncOff=0 pSz=32
APP_CRC_FAIL exp=1E18 got=E07F seq=78 syncOff=0 pSz=32
APP_CRC_FAIL exp=1E18 got=DCB7 seq=79 syncOff=0 pSz=32
APP_CRC_FAIL exp=1E18 got=171D seq=80 syncOff=0 pSz=32
APP_CRC_FAIL exp=1E18 got=FC3E seq=81 syncOff=0 pSz=32
APP_CRC_FAIL exp=1E18 got=D17A seq=82 syncOff=0 pSz=32
APP_CRC_FAIL exp=1E18 got=CE51 seq=83 syncOff=0 pSz=32
PHASE_RESULT 16 HF-FLRC-1300-32 pktSize=32 rx=0 unique=0 lost=100 per=100.0 rssi_avg=-46 rssi_min=-46 crc_err=68 garbage=12 tx_lat=0.00000 tx_lon=0.00000 sats=0 fix=0 utc=0 tx_fw=none rx_fw=unknown
PHASE_GUARD 500
PHASE_START 17 HF-FLRC-1300-64 pktSize=64
SYNC_OFFSET phase=17 off=0 prev=-1
APP_CRC_FAIL exp=3E31 got=7989 seq=0 syncOff=0 pSz=64
APP_CRC_FAIL exp=3E31 got=C169 seq=1 syncOff=0 pSz=64
SYNC_NOT_FOUND first4=B02FE6F5
SYNC_NOT_FOUND first4=34656A12
SYNC_NOT_FOUND first4=6B6E6F77
SYNC_LOST phase=17 consecutive=3 cached_off=0
SYNC_OFFSET phase=17 off=32 prev=-1
SYNC_OOB gpsOff=36 crcLen=58 readLen=72 — skipping
SYNC_OOB gpsOff=36 crcLen=58 readLen=72 — skipping
SYNC_OFFSET phase=17 off=24 prev=32
SYNC_OOB gpsOff=28 crcLen=58 readLen=72 — skipping
SYNC_OFFSET phase=17 off=16 prev=24
SYNC_OOB gpsOff=20 crcLen=58 readLen=72 — skipping
SYNC_OFFSET phase=17 off=8 prev=16
APP_CRC_FAIL exp=3E31 got=B8C7 seq=11 syncOff=8 pSz=64
SYNC_OFFSET phase=17 off=0 prev=8
APP_CRC_FAIL exp=3E31 got=5BEF seq=12 syncOff=0 pSz=64
SYNC_NOT_FOUND first4=902FE6F5
SYNC_NOT_FOUND first4=34656A12
SYNC_NOT_FOUND first4=6B6E6F77
SYNC_LOST phase=17 consecutive=3 cached_off=0
SYNC_OFFSET phase=17 off=32 prev=-1
SYNC_OOB gpsOff=36 crcLen=58 readLen=72 — skipping
SYNC_OFFSET phase=17 off=24 prev=32
SYNC_OOB gpsOff=28 crcLen=58 readLen=72 — skipping
SYNC_OFFSET phase=17 off=16 prev=24
SYNC_OOB gpsOff=20 crcLen=58 readLen=72 — skipping
SYNC_OFFSET phase=17 off=8 prev=16
APP_CRC_FAIL exp=3E31 got=A2B7 seq=20 syncOff=8 pSz=64
SYNC_OFFSET phase=17 off=0 prev=8
APP_CRC_FAIL exp=3E31 got=1A57 seq=21 syncOff=0 pSz=64
SYNC_NOT_FOUND first4=902FE6F5
SYNC_NOT_FOUND first4=34656A12
SYNC_NOT_FOUND first4=6B6E6F77
SYNC_LOST phase=17 consecutive=3 cached_off=0
SYNC_OFFSET phase=17 off=32 prev=-1
SYNC_OOB gpsOff=36 crcLen=58 readLen=72 — skipping
SYNC_OFFSET phase=17 off=24 prev=32
SYNC_OOB gpsOff=28 crcLen=58 readLen=72 — skipping
SYNC_OFFSET phase=17 off=16 prev=24
SYNC_OOB gpsOff=20 crcLen=58 readLen=72 — skipping
SYNC_OFFSET phase=17 off=8 prev=16
APP_CRC_FAIL exp=3E31 got=8DF2 seq=29 syncOff=8 pSz=64
SYNC_OFFSET phase=17 off=0 prev=8
APP_CRC_FAIL exp=3E31 got=54F3 seq=30 syncOff=0 pSz=64
APP_CRC_FAIL exp=3E31 got=EC13 seq=31 syncOff=0 pSz=64
APP_CRC_FAIL exp=3E31 got=20C8 seq=32 syncOff=0 pSz=64
APP_CRC_FAIL exp=3E31 got=9828 seq=33 syncOff=0 pSz=64
APP_CRC_FAIL exp=3E31 got=4129 seq=34 syncOff=0 pSz=64
APP_CRC_FAIL exp=3E31 got=F9C9 seq=35 syncOff=0 pSz=64
APP_CRC_FAIL exp=3E31 got=E30A seq=36 syncOff=0 pSz=64
APP_CRC_FAIL exp=3E31 got=5BEA seq=37 syncOff=0 pSz=64
APP_CRC_FAIL exp=3E31 got=82EB seq=38 syncOff=0 pSz=64
APP_CRC_FAIL exp=3E31 got=6D52 seq=39 syncOff=0 pSz=64
APP_CRC_FAIL exp=3E31 got=E034 seq=40 syncOff=0 pSz=64
APP_CRC_FAIL exp=3E31 got=58D4 seq=41 syncOff=0 pSz=64
APP_CRC_FAIL exp=3E31 got=C233 seq=42 syncOff=0 pSz=64
APP_CRC_FAIL exp=3E31 got=7AD3 seq=43 syncOff=0 pSz=64
APP_CRC_FAIL exp=3E31 got=6010 seq=44 syncOff=0 pSz=64
APP_CRC_FAIL exp=3E31 got=D8F0 seq=45 syncOff=0 pSz=64
APP_CRC_FAIL exp=3E31 got=01F1 seq=46 syncOff=0 pSz=64
APP_CRC_FAIL exp=3E31 got=B911 seq=47 syncOff=0 pSz=64
APP_CRC_FAIL exp=3E31 got=0B1C seq=48 syncOff=0 pSz=64
APP_CRC_FAIL exp=3E31 got=336A seq=49 syncOff=0 pSz=64
APP_CRC_FAIL exp=3E31 got=EA6B seq=50 syncOff=0 pSz=64
APP_CRC_FAIL exp=3E31 got=528B seq=51 syncOff=0 pSz=64
APP_CRC_FAIL exp=3E31 got=85AA seq=52 syncOff=0 pSz=64
APP_CRC_FAIL exp=3E31 got=3D4A seq=53 syncOff=0 pSz=64
APP_CRC_FAIL exp=3E31 got=E44B seq=54 syncOff=0 pSz=64
APP_CRC_FAIL exp=3E31 got=5CAB seq=55 syncOff=0 pSz=64
APP_CRC_FAIL exp=3E31 got=D1CD seq=56 syncOff=0 pSz=64
APP_CRC_FAIL exp=3E31 got=692D seq=57 syncOff=0 pSz=64
APP_CRC_FAIL exp=3E31 got=B02C seq=58 syncOff=0 pSz=64
APP_CRC_FAIL exp=3E31 got=5F95 seq=59 syncOff=0 pSz=64
APP_CRC_FAIL exp=3E31 got=4556 seq=60 syncOff=0 pSz=64
APP_CRC_FAIL exp=3E31 got=FDB6 seq=61 syncOff=0 pSz=64
APP_CRC_FAIL exp=3E31 got=24B7 seq=62 syncOff=0 pSz=64
APP_CRC_FAIL exp=3E31 got=9C57 seq=63 syncOff=0 pSz=64
APP_CRC_FAIL exp=3E31 got=AD20 seq=64 syncOff=0 pSz=64
APP_CRC_FAIL exp=3E31 got=15C0 seq=65 syncOff=0 pSz=64
APP_CRC_FAIL exp=3E31 got=CCC1 seq=66 syncOff=0 pSz=64
APP_CRC_FAIL exp=3E31 got=B97B seq=67 syncOff=0 pSz=64
APP_CRC_FAIL exp=3E31 got=A3B8 seq=68 syncOff=0 pSz=64
APP_CRC_FAIL exp=3E31 got=1B58 seq=69 syncOff=0 pSz=64
APP_CRC_FAIL exp=3E31 got=C259 seq=70 syncOff=0 pSz=64
APP_CRC_FAIL exp=3E31 got=7AB9 seq=71 syncOff=0 pSz=64
APP_CRC_FAIL exp=3E31 got=F7DF seq=72 syncOff=0 pSz=64
APP_CRC_FAIL exp=3E31 got=4F3F seq=73 syncOff=0 pSz=64
APP_CRC_FAIL exp=3E31 got=963E seq=74 syncOff=0 pSz=64
APP_CRC_FAIL exp=3E31 got=2EDE seq=75 syncOff=0 pSz=64
APP_CRC_FAIL exp=3E31 got=6344 seq=76 syncOff=0 pSz=64
APP_CRC_FAIL exp=3E31 got=DBA4 seq=77 syncOff=0 pSz=64
APP_CRC_FAIL exp=3E31 got=02A5 seq=78 syncOff=0 pSz=64
APP_CRC_FAIL exp=3E31 got=ED1C seq=79 syncOff=0 pSz=64
APP_CRC_FAIL exp=3E31 got=5F11 seq=80 syncOff=0 pSz=64
APP_CRC_FAIL exp=3E31 got=E7F1 seq=81 syncOff=0 pSz=64
APP_CRC_FAIL exp=3E31 got=3EF0 seq=82 syncOff=0 pSz=64
APP_CRC_FAIL exp=3E31 got=8610 seq=83 syncOff=0 pSz=64
PHASE_RESULT 17 HF-FLRC-1300-64 pktSize=64 rx=0 unique=0 lost=100 per=100.0 rssi_avg=-46 rssi_min=-46 crc_err=61 garbage=19 tx_lat=0.00000 tx_lon=0.00000 sats=0 fix=0 utc=0 tx_fw=none rx_fw=unknown
PHASE_GUARD 500
PHASE_START 18 HF-FLRC-1300-128 pktSize=128
SYNC_OFFSET phase=18 off=0 prev=-1
APP_CRC_FAIL exp=7E4C got=C24A seq=0 syncOff=0 pSz=128
APP_CRC_FAIL exp=7E4C got=36AD seq=1 syncOff=0 pSz=128
SYNC_NOT_FOUND first4=202FE6F5
SYNC_NOT_FOUND first4=34656A13
SYNC_NOT_FOUND first4=34656A13
SYNC_LOST phase=18 consecutive=3 cached_off=0
SYNC_NOT_FOUND first4=6B6E6F77
SYNC_OFFSET phase=18 off=96 prev=-1
SYNC_OOB gpsOff=100 crcLen=122 readLen=136 — skipping
SYNC_OFFSET phase=18 off=88 prev=96
SYNC_OOB gpsOff=92 crcLen=122 readLen=136 — skipping
SYNC_OFFSET phase=18 off=80 prev=88
SYNC_OOB gpsOff=84 crcLen=122 readLen=136 — skipping
SYNC_OFFSET phase=18 off=72 prev=80
SYNC_OOB gpsOff=76 crcLen=122 readLen=136 — skipping
SYNC_OFFSET phase=18 off=64 prev=72
SYNC_OOB gpsOff=68 crcLen=122 readLen=136 — skipping
SYNC_OFFSET phase=18 off=56 prev=64
SYNC_OOB gpsOff=60 crcLen=122 readLen=136 — skipping
SYNC_OFFSET phase=18 off=48 prev=56
SYNC_OOB gpsOff=52 crcLen=122 readLen=136 — skipping
SYNC_OFFSET phase=18 off=40 prev=48
SYNC_OOB gpsOff=44 crcLen=122 readLen=136 — skipping
SYNC_OFFSET phase=18 off=32 prev=40
SYNC_OOB gpsOff=36 crcLen=122 readLen=136 — skipping
SYNC_OFFSET phase=18 off=24 prev=32
SYNC_OOB gpsOff=28 crcLen=122 readLen=136 — skipping
SYNC_OFFSET phase=18 off=16 prev=24
SYNC_OOB gpsOff=20 crcLen=122 readLen=136 — skipping
SYNC_OFFSET phase=18 off=8 prev=16
APP_CRC_FAIL exp=7E4C got=135E seq=19 syncOff=8 pSz=128
SYNC_OFFSET phase=18 off=0 prev=8
APP_CRC_FAIL exp=7E4C got=FDA9 seq=20 syncOff=0 pSz=128
APP_CRC_FAIL exp=7E7A got=094E seq=21 syncOff=0 pSz=128
APP_CRC_FAIL exp=7E7A got=0446 seq=22 syncOff=0 pSz=128
APP_CRC_FAIL exp=7E4C got=319D seq=23 syncOff=0 pSz=128
APP_CRC_FAIL exp=7E4C got=08B5 seq=24 syncOff=0 pSz=128
APP_CRC_FAIL exp=7E7A got=FC52 seq=25 syncOff=0 pSz=128
APP_CRC_FAIL exp=7E4C got=F15A seq=26 syncOff=0 pSz=128
APP_CRC_FAIL exp=7E7A got=05BD seq=27 syncOff=0 pSz=128
APP_CRC_FAIL exp=7E7A got=EB4A seq=28 syncOff=0 pSz=128
APP_CRC_FAIL exp=7E7A got=1FAD seq=29 syncOff=0 pSz=128
APP_CRC_FAIL exp=7E4C got=12A5 seq=30 syncOff=0 pSz=128
APP_CRC_FAIL exp=7E7A got=E642 seq=31 syncOff=0 pSz=128
APP_CRC_FAIL exp=7E7A got=0FEA seq=32 syncOff=0 pSz=128
APP_CRC_FAIL exp=7E4C got=FB0D seq=33 syncOff=0 pSz=128
APP_CRC_FAIL exp=7E4C got=F605 seq=34 syncOff=0 pSz=128
APP_CRC_FAIL exp=7E7A got=02E2 seq=35 syncOff=0 pSz=128
APP_CRC_FAIL exp=7E7A got=EC15 seq=36 syncOff=0 pSz=128
APP_CRC_FAIL exp=7E7A got=18F2 seq=37 syncOff=0 pSz=128
APP_CRC_FAIL exp=7E4C got=15FA seq=38 syncOff=0 pSz=128
APP_CRC_FAIL exp=7E7A got=E11D seq=39 syncOff=0 pSz=128
APP_CRC_FAIL exp=7E4C got=1909 seq=40 syncOff=0 pSz=128
APP_CRC_FAIL exp=7E4C got=EDEE seq=41 syncOff=0 pSz=128
APP_CRC_FAIL exp=7E4C got=E0E6 seq=42 syncOff=0 pSz=128
APP_CRC_FAIL exp=7E4C got=1401 seq=43 syncOff=0 pSz=128
APP_CRC_FAIL exp=7E7A got=FAF6 seq=44 syncOff=0 pSz=128
APP_CRC_FAIL exp=7E7A got=0E11 seq=45 syncOff=0 pSz=128
APP_CRC_FAIL exp=7E7A got=0319 seq=46 syncOff=0 pSz=128
APP_CRC_FAIL exp=7E7A got=F7FE seq=47 syncOff=0 pSz=128
APP_CRC_FAIL exp=7E4C got=7149 seq=48 syncOff=0 pSz=128
APP_CRC_FAIL exp=7E7A got=85AE seq=49 syncOff=0 pSz=128
APP_CRC_FAIL exp=7E4C got=88A6 seq=50 syncOff=0 pSz=128
APP_CRC_FAIL exp=7E4C got=7C41 seq=51 syncOff=0 pSz=128
APP_CRC_FAIL exp=7E7A got=C1AF seq=52 syncOff=0 pSz=128
APP_CRC_FAIL exp=7E4C got=3548 seq=53 syncOff=0 pSz=128
APP_CRC_FAIL exp=7E7A got=3840 seq=54 syncOff=0 pSz=128
APP_CRC_FAIL exp=7E4C got=CCA7 seq=55 syncOff=0 pSz=128
APP_CRC_FAIL exp=7E4C got=F58F seq=56 syncOff=0 pSz=128
APP_CRC_FAIL exp=7E4C got=0168 seq=57 syncOff=0 pSz=128
APP_CRC_FAIL exp=7E4C got=0C60 seq=58 syncOff=0 pSz=128
APP_CRC_FAIL exp=7E4C got=F887 seq=59 syncOff=0 pSz=128
APP_CRC_FAIL exp=7E4C got=3CE4 seq=60 syncOff=0 pSz=128
APP_CRC_FAIL exp=7E7A got=C803 seq=61 syncOff=0 pSz=128
APP_CRC_FAIL exp=7E4C got=C50B seq=62 syncOff=0 pSz=128
APP_CRC_FAIL exp=7E4C got=31EC seq=63 syncOff=0 pSz=128
APP_CRC_FAIL exp=7E4C got=067A seq=64 syncOff=0 pSz=128
APP_CRC_FAIL exp=7E4C got=F29D seq=65 syncOff=0 pSz=128
APP_CRC_FAIL exp=7E4C got=FF95 seq=66 syncOff=0 pSz=128
APP_CRC_FAIL exp=7E4C got=0B72 seq=67 syncOff=0 pSz=128
APP_CRC_FAIL exp=7E7A got=E585 seq=68 syncOff=0 pSz=128
APP_CRC_FAIL exp=7E7A got=1162 seq=69 syncOff=0 pSz=128
APP_CRC_FAIL exp=7E7A got=4F0F seq=70 syncOff=0 pSz=128
APP_CRC_FAIL exp=7E4C got=BBE8 seq=71 syncOff=0 pSz=128
APP_CRC_FAIL exp=7E4C got=82C0 seq=72 syncOff=0 pSz=128
APP_CRC_FAIL exp=7E4C got=7627 seq=73 syncOff=0 pSz=128
APP_CRC_FAIL exp=7E4C got=7B2F seq=74 syncOff=0 pSz=128
APP_CRC_FAIL exp=7E7A got=8FC8 seq=75 syncOff=0 pSz=128
APP_CRC_FAIL exp=7E7A got=8CDA seq=76 syncOff=0 pSz=128
APP_CRC_FAIL exp=7E4C got=783D seq=77 syncOff=0 pSz=128
APP_CRC_FAIL exp=7E7A got=7535 seq=78 syncOff=0 pSz=128
APP_CRC_FAIL exp=7E7A got=81D2 seq=79 syncOff=0 pSz=128
APP_CRC_FAIL exp=7E7A got=6093 seq=80 syncOff=0 pSz=128
APP_CRC_FAIL exp=7E7A got=9474 seq=81 syncOff=0 pSz=128
APP_CRC_FAIL exp=7E4C got=997C seq=82 syncOff=0 pSz=128
APP_CRC_FAIL exp=7E4C got=6D9B seq=83 syncOff=0 pSz=128
PHASE_RESULT 18 HF-FLRC-1300-128 pktSize=128 rx=0 unique=0 lost=100 per=100.0 rssi_avg=-47 rssi_min=-47 crc_err=67 garbage=15 tx_lat=0.00000 tx_lon=0.00000 sats=0 fix=0 utc=0 tx_fw=none rx_fw=unknown
PHASE_GUARD 500
PHASE_START 19 HF-FLRC-1300-255 pktSize=255
PHASE_RESULT 19 HF-FLRC-1300-255 pktSize=255 rx=0 unique=0 lost=100 per=100.0 rssi_avg=0 rssi_min=0 crc_err=0 garbage=0 tx_lat=0.00000 tx_lon=0.00000 sats=0 fix=0 utc=0 tx_fw=none rx_fw=unknown
PHASE_GUARD 500
PHASE_START 20 HF-FLRC-2600-32 pktSize=32
SYNC_OFFSET phase=20 off=0 prev=-1
APP_CRC_FAIL exp=1E18 got=8017 seq=0 syncOff=0 pSz=32
APP_CRC_FAIL exp=1E18 got=6B34 seq=1 syncOff=0 pSz=32
SYNC_NOT_FOUND first4=802EE6F5
SYNC_NOT_FOUND first4=34656A15
SYNC_NOT_FOUND first4=6B6E6F77
SYNC_LOST phase=20 consecutive=3 cached_off=0
SYNC_OFFSET phase=20 off=0 prev=-1
APP_CRC_FAIL exp=1E18 got=DA9F seq=6 syncOff=0 pSz=32
SYNC_NOT_FOUND first4=802EE6F5
SYNC_NOT_FOUND first4=34656A15
SYNC_NOT_FOUND first4=6B6E6F77
SYNC_LOST phase=20 consecutive=3 cached_off=0
SYNC_OFFSET phase=20 off=0 prev=-1
APP_CRC_FAIL exp=1E18 got=84AC seq=11 syncOff=0 pSz=32
SYNC_NOT_FOUND first4=802EE6F5
SYNC_NOT_FOUND first4=34656A15
SYNC_NOT_FOUND first4=6B6E6F77
SYNC_LOST phase=20 consecutive=3 cached_off=0
SYNC_OFFSET phase=20 off=0 prev=-1
APP_CRC_FAIL exp=1E1C got=6BCD seq=16 syncOff=0 pSz=32
SYNC_NOT_FOUND first4=702EE6F5
SYNC_NOT_FOUND first4=34656A15
SYNC_NOT_FOUND first4=6B6E6F77
SYNC_LOST phase=20 consecutive=3 cached_off=0
SYNC_OFFSET phase=20 off=0 prev=-1
APP_CRC_FAIL exp=1E18 got=B2FD seq=21 syncOff=0 pSz=32
APP_CRC_FAIL exp=1E18 got=9FB9 seq=22 syncOff=0 pSz=32
APP_CRC_FAIL exp=1E18 got=749A seq=23 syncOff=0 pSz=32
APP_CRC_FAIL exp=1E18 got=ECCE seq=24 syncOff=0 pSz=32
APP_CRC_FAIL exp=1E18 got=07ED seq=25 syncOff=0 pSz=32
APP_CRC_FAIL exp=1E18 got=2AA9 seq=26 syncOff=0 pSz=32
APP_CRC_FAIL exp=1E18 got=C18A seq=27 syncOff=0 pSz=32
APP_CRC_FAIL exp=1E18 got=7021 seq=28 syncOff=0 pSz=32
APP_CRC_FAIL exp=1E18 got=9B02 seq=29 syncOff=0 pSz=32
APP_CRC_FAIL exp=1E18 got=B646 seq=30 syncOff=0 pSz=32
APP_CRC_FAIL exp=1E18 got=5D65 seq=31 syncOff=0 pSz=32
APP_CRC_FAIL exp=1E18 got=3133 seq=32 syncOff=0 pSz=32
APP_CRC_FAIL exp=1E18 got=DA10 seq=33 syncOff=0 pSz=32
APP_CRC_FAIL exp=1E18 got=F754 seq=34 syncOff=0 pSz=32
APP_CRC_FAIL exp=1E18 got=1C77 seq=35 syncOff=0 pSz=32
APP_CRC_FAIL exp=1E18 got=ADDC seq=36 syncOff=0 pSz=32
APP_CRC_FAIL exp=1E18 got=46FF seq=37 syncOff=0 pSz=32
APP_CRC_FAIL exp=1E18 got=6BBB seq=38 syncOff=0 pSz=32
APP_CRC_FAIL exp=1E18 got=8098 seq=39 syncOff=0 pSz=32
APP_CRC_FAIL exp=1E18 got=18CC seq=40 syncOff=0 pSz=32
APP_CRC_FAIL exp=1E18 got=F3EF seq=41 syncOff=0 pSz=32
APP_CRC_FAIL exp=1E18 got=DEAB seq=42 syncOff=0 pSz=32
APP_CRC_FAIL exp=1E18 got=3588 seq=43 syncOff=0 pSz=32
APP_CRC_FAIL exp=1E18 got=8423 seq=44 syncOff=0 pSz=32
APP_CRC_FAIL exp=1E18 got=6F00 seq=45 syncOff=0 pSz=32
APP_CRC_FAIL exp=1E18 got=CF0D seq=46 syncOff=0 pSz=32
APP_CRC_FAIL exp=1E18 got=242E seq=47 syncOff=0 pSz=32
APP_CRC_FAIL exp=1E18 got=EF84 seq=48 syncOff=0 pSz=32
APP_CRC_FAIL exp=1E18 got=04A7 seq=49 syncOff=0 pSz=32
APP_CRC_FAIL exp=1E18 got=94A5 seq=50 syncOff=0 pSz=32
APP_CRC_FAIL exp=1E18 got=7F86 seq=51 syncOff=0 pSz=32
APP_CRC_FAIL exp=1E18 got=2D08 seq=52 syncOff=0 pSz=32
APP_CRC_FAIL exp=1E18 got=C62B seq=53 syncOff=0 pSz=32
APP_CRC_FAIL exp=1E18 got=EB6F seq=54 syncOff=0 pSz=32
APP_CRC_FAIL exp=1E18 got=004C seq=55 syncOff=0 pSz=32
APP_CRC_FAIL exp=1E18 got=9818 seq=56 syncOff=0 pSz=32
APP_CRC_FAIL exp=1E18 got=733B seq=57 syncOff=0 pSz=32
APP_CRC_FAIL exp=1E18 got=5E7F seq=58 syncOff=0 pSz=32
APP_CRC_FAIL exp=1E18 got=B55C seq=59 syncOff=0 pSz=32
APP_CRC_FAIL exp=1E18 got=04F7 seq=60 syncOff=0 pSz=32
APP_CRC_FAIL exp=1E18 got=EFD4 seq=61 syncOff=0 pSz=32
APP_CRC_FAIL exp=1E18 got=C290 seq=62 syncOff=0 pSz=32
APP_CRC_FAIL exp=1E18 got=29B3 seq=63 syncOff=0 pSz=32
APP_CRC_FAIL exp=1E18 got=1A3C seq=64 syncOff=0 pSz=32
APP_CRC_FAIL exp=1E18 got=F11F seq=65 syncOff=0 pSz=32
APP_CRC_FAIL exp=1E18 got=DC5B seq=66 syncOff=0 pSz=32
APP_CRC_FAIL exp=1E18 got=3778 seq=67 syncOff=0 pSz=32
APP_CRC_FAIL exp=1E18 got=86D3 seq=68 syncOff=0 pSz=32
APP_CRC_FAIL exp=1E18 got=6DF0 seq=69 syncOff=0 pSz=32
APP_CRC_FAIL exp=1E18 got=40B4 seq=70 syncOff=0 pSz=32
APP_CRC_FAIL exp=1E18 got=AB97 seq=71 syncOff=0 pSz=32
APP_CRC_FAIL exp=1E18 got=33C3 seq=72 syncOff=0 pSz=32
APP_CRC_FAIL exp=1E18 got=D8E0 seq=73 syncOff=0 pSz=32
APP_CRC_FAIL exp=1E18 got=F5A4 seq=74 syncOff=0 pSz=32
APP_CRC_FAIL exp=1E18 got=1E87 seq=75 syncOff=0 pSz=32
APP_CRC_FAIL exp=1E18 got=AF2C seq=76 syncOff=0 pSz=32
APP_CRC_FAIL exp=1E18 got=440F seq=77 syncOff=0 pSz=32
APP_CRC_FAIL exp=1E18 got=694B seq=78 syncOff=0 pSz=32
APP_CRC_FAIL exp=1E18 got=8268 seq=79 syncOff=0 pSz=32
APP_CRC_FAIL exp=1E18 got=F484 seq=80 syncOff=0 pSz=32
APP_CRC_FAIL exp=1E18 got=1FA7 seq=81 syncOff=0 pSz=32
APP_CRC_FAIL exp=1E18 got=32E3 seq=82 syncOff=0 pSz=32
APP_CRC_FAIL exp=1E18 got=D9C0 seq=83 syncOff=0 pSz=32
PHASE_RESULT 20 HF-FLRC-2600-32 pktSize=32 rx=0 unique=0 lost=100 per=100.0 rssi_avg=-46 rssi_min=-46 crc_err=68 garbage=12 tx_lat=0.00000 tx_lon=0.00000 sats=0 fix=0 utc=0 tx_fw=none rx_fw=unknown
PHASE_GUARD 500
PHASE_START 21 HF-FLRC-2600-64 pktSize=64
SYNC_OFFSET phase=21 off=0 prev=-1
APP_CRC_FAIL exp=3E31 got=A9E9 seq=0 syncOff=0 pSz=64
APP_CRC_FAIL exp=3E31 got=B5E5 seq=1 syncOff=0 pSz=64
SYNC_NOT_FOUND first4=602EE6F5
SYNC_NOT_FOUND first4=34656A16
SYNC_NOT_FOUND first4=6B6E6F77
SYNC_LOST phase=21 consecutive=3 cached_off=0
SYNC_OFFSET phase=21 off=32 prev=-1
SYNC_OOB gpsOff=36 crcLen=58 readLen=72 — skipping
SYNC_OFFSET phase=21 off=24 prev=32
SYNC_OOB gpsOff=28 crcLen=58 readLen=72 — skipping
SYNC_OFFSET phase=21 off=16 prev=24
SYNC_OOB gpsOff=20 crcLen=58 readLen=72 — skipping
SYNC_OFFSET phase=21 off=8 prev=16
APP_CRC_FAIL exp=3E31 got=5FAD seq=10 syncOff=8 pSz=64
SYNC_OFFSET phase=21 off=0 prev=8
APP_CRC_FAIL exp=3E31 got=E74D seq=11 syncOff=0 pSz=64
SYNC_NOT_FOUND first4=602EE6F5
SYNC_NOT_FOUND first4=34656A16
SYNC_NOT_FOUND first4=6B6E6F77
SYNC_LOST phase=21 consecutive=3 cached_off=0
SYNC_OFFSET phase=21 off=32 prev=-1
SYNC_OOB gpsOff=36 crcLen=58 readLen=72 — skipping
SYNC_OFFSET phase=21 off=24 prev=32
SYNC_OOB gpsOff=28 crcLen=58 readLen=72 — skipping
SYNC_OFFSET phase=21 off=16 prev=24
SYNC_OOB gpsOff=20 crcLen=58 readLen=72 — skipping
SYNC_OFFSET phase=21 off=8 prev=16
APP_CRC_FAIL exp=3E31 got=F784 seq=19 syncOff=8 pSz=64
SYNC_OFFSET phase=21 off=0 prev=8
APP_CRC_FAIL exp=3E31 got=35F4 seq=20 syncOff=0 pSz=64
SYNC_NOT_FOUND first4=502EE6F5
SYNC_NOT_FOUND first4=34656A16
SYNC_NOT_FOUND first4=6B6E6F77
SYNC_LOST phase=21 consecutive=3 cached_off=0
SYNC_OFFSET phase=21 off=32 prev=-1
SYNC_OOB gpsOff=36 crcLen=58 readLen=72 — skipping
SYNC_OFFSET phase=21 off=24 prev=32
SYNC_OOB gpsOff=28 crcLen=58 readLen=72 — skipping
SYNC_OFFSET phase=21 off=16 prev=24
SYNC_OOB gpsOff=20 crcLen=58 readLen=72 — skipping
SYNC_OFFSET phase=21 off=8 prev=16
APP_CRC_FAIL exp=3E31 got=8309 seq=28 syncOff=8 pSz=64
SYNC_OFFSET phase=21 off=0 prev=8
APP_CRC_FAIL exp=3E31 got=3BE9 seq=29 syncOff=0 pSz=64
APP_CRC_FAIL exp=3E31 got=1B03 seq=30 syncOff=0 pSz=64
APP_CRC_FAIL exp=3E31 got=A3E3 seq=31 syncOff=0 pSz=64
APP_CRC_FAIL exp=3E31 got=6F38 seq=32 syncOff=0 pSz=64
APP_CRC_FAIL exp=3E31 got=D7D8 seq=33 syncOff=0 pSz=64
APP_CRC_FAIL exp=3E31 got=0ED9 seq=34 syncOff=0 pSz=64
APP_CRC_FAIL exp=3E31 got=B639 seq=35 syncOff=0 pSz=64
APP_CRC_FAIL exp=3E31 got=7449 seq=36 syncOff=0 pSz=64
APP_CRC_FAIL exp=3E31 got=CCA9 seq=37 syncOff=0 pSz=64
APP_CRC_FAIL exp=3E31 got=15A8 seq=38 syncOff=0 pSz=64
APP_CRC_FAIL exp=3E31 got=AD48 seq=39 syncOff=0 pSz=64
APP_CRC_FAIL exp=3E31 got=9480 seq=40 syncOff=0 pSz=64
APP_CRC_FAIL exp=3E31 got=2C60 seq=41 syncOff=0 pSz=64
APP_CRC_FAIL exp=3E31 got=F561 seq=42 syncOff=0 pSz=64
APP_CRC_FAIL exp=3E31 got=4D81 seq=43 syncOff=0 pSz=64
APP_CRC_FAIL exp=3E31 got=5742 seq=44 syncOff=0 pSz=64
APP_CRC_FAIL exp=3E31 got=EFA2 seq=45 syncOff=0 pSz=64
APP_CRC_FAIL exp=3E31 got=CF48 seq=46 syncOff=0 pSz=64
APP_CRC_FAIL exp=3E31 got=77A8 seq=47 syncOff=0 pSz=64
APP_CRC_FAIL exp=3E31 got=C5A5 seq=48 syncOff=0 pSz=64
APP_CRC_FAIL exp=3E31 got=7D45 seq=49 syncOff=0 pSz=64
APP_CRC_FAIL exp=3E31 got=D846 seq=50 syncOff=0 pSz=64
APP_CRC_FAIL exp=3E3A got=60A6 seq=51 syncOff=0 pSz=64
APP_CRC_FAIL exp=3E31 got=7A65 seq=52 syncOff=0 pSz=64
APP_CRC_FAIL exp=3E31 got=0F67 seq=53 syncOff=0 pSz=64
APP_CRC_FAIL exp=3E31 got=D666 seq=54 syncOff=0 pSz=64
APP_CRC_FAIL exp=3E31 got=6E86 seq=55 syncOff=0 pSz=64
APP_CRC_FAIL exp=3E31 got=4DE1 seq=56 syncOff=0 pSz=64
APP_CRC_FAIL exp=3E31 got=F501 seq=57 syncOff=0 pSz=64
APP_CRC_FAIL exp=3E31 got=2C00 seq=58 syncOff=0 pSz=64
APP_CRC_FAIL exp=3B79 got=94E0 seq=59 syncOff=0 pSz=64
APP_CRC_FAIL exp=3E31 got=8E23 seq=60 syncOff=0 pSz=64
APP_CRC_FAIL exp=3E31 got=36C3 seq=61 syncOff=0 pSz=64
APP_CRC_FAIL exp=3E31 got=EFC2 seq=62 syncOff=0 pSz=64
APP_CRC_FAIL exp=3E31 got=5722 seq=63 syncOff=0 pSz=64
APP_CRC_FAIL exp=3E31 got=6655 seq=64 syncOff=0 pSz=64
APP_CRC_FAIL exp=3E3D got=DEB5 seq=65 syncOff=0 pSz=64
APP_CRC_FAIL exp=3E39 got=07B4 seq=66 syncOff=0 pSz=64
APP_CRC_FAIL exp=3E31 got=30BE seq=67 syncOff=0 pSz=64
APP_CRC_FAIL exp=3E3A got=2A7D seq=68 syncOff=0 pSz=64
APP_CRC_FAIL exp=3E31 got=929D seq=69 syncOff=0 pSz=64
APP_CRC_FAIL exp=3E31 got=4B9C seq=70 syncOff=0 pSz=64
APP_CRC_FAIL exp=3E31 got=F37C seq=71 syncOff=0 pSz=64
APP_CRC_FAIL exp=3E31 got=7E1A seq=72 syncOff=0 pSz=64
APP_CRC_FAIL exp=3E39 got=C6FA seq=73 syncOff=0 pSz=64
APP_CRC_FAIL exp=3E31 got=1FFB seq=74 syncOff=0 pSz=64
APP_CRC_FAIL exp=3E31 got=A71B seq=75 syncOff=0 pSz=64
APP_CRC_FAIL exp=3E31 got=BDD8 seq=76 syncOff=0 pSz=64
APP_CRC_FAIL exp=3E31 got=8AD2 seq=77 syncOff=0 pSz=64
APP_CRC_FAIL exp=3E3D got=53D3 seq=78 syncOff=0 pSz=64
APP_CRC_FAIL exp=3E31 got=EB33 seq=79 syncOff=0 pSz=64
APP_CRC_FAIL exp=3E31 got=593E seq=80 syncOff=0 pSz=64
APP_CRC_FAIL exp=3E31 got=E1DE seq=81 syncOff=0 pSz=64
APP_CRC_FAIL exp=3E31 got=38DF seq=82 syncOff=0 pSz=64
APP_CRC_FAIL exp=3E31 got=2E3E seq=83 syncOff=0 pSz=64
PHASE_RESULT 21 HF-FLRC-2600-64 pktSize=64 rx=0 unique=0 lost=100 per=100.0 rssi_avg=-46 rssi_min=-46 crc_err=62 garbage=18 tx_lat=0.00000 tx_lon=0.00000 sats=0 fix=0 utc=0 tx_fw=none rx_fw=unknown
PHASE_GUARD 500
PHASE_START 22 HF-FLRC-2600-128 pktSize=128
SYNC_OFFSET phase=22 off=0 prev=-1
APP_CRC_FAIL exp=7E4C got=5D0E seq=0 syncOff=0 pSz=128
APP_CRC_FAIL exp=7E4C got=353E seq=1 syncOff=0 pSz=128
SYNC_NOT_FOUND first4=F02DE6F5
SYNC_NOT_FOUND first4=34656A17
TIME_STATS min=3000ms max=4000ms avg=3200ms corrections=0
SYNC_NOT_FOUND first4=34656A17
SYNC_LOST phase=22 consecutive=3 cached_off=0
SYNC_NOT_FOUND first4=6B6E6F77
SYNC_OFFSET phase=22 off=96 prev=-1
SYNC_OOB gpsOff=100 crcLen=122 readLen=136 — skipping
SYNC_OFFSET phase=22 off=88 prev=96
SYNC_OOB gpsOff=92 crcLen=122 readLen=136 — skipping
SYNC_OFFSET phase=22 off=80 prev=88
SYNC_OOB gpsOff=84 crcLen=122 readLen=136 — skipping
SYNC_OFFSET phase=22 off=72 prev=80
SYNC_OOB gpsOff=76 crcLen=122 readLen=136 — skipping
SYNC_OFFSET phase=22 off=64 prev=72
SYNC_OOB gpsOff=68 crcLen=122 readLen=136 — skipping
SYNC_OFFSET phase=22 off=56 prev=64
SYNC_OOB gpsOff=60 crcLen=122 readLen=136 — skipping
SYNC_OFFSET phase=22 off=48 prev=56
SYNC_OOB gpsOff=52 crcLen=122 readLen=136 — skipping
SYNC_OFFSET phase=22 off=40 prev=48
SYNC_OOB gpsOff=44 crcLen=122 readLen=136 — skipping
SYNC_OFFSET phase=22 off=32 prev=40
SYNC_OOB gpsOff=36 crcLen=122 readLen=136 — skipping
SYNC_OFFSET phase=22 off=24 prev=32
SYNC_OOB gpsOff=28 crcLen=122 readLen=136 — skipping
SYNC_OFFSET phase=22 off=16 prev=24
SYNC_OOB gpsOff=20 crcLen=122 readLen=136 — skipping
SYNC_OFFSET phase=22 off=8 prev=16
APP_CRC_FAIL exp=7E4C got=73FC seq=20 syncOff=8 pSz=128
SYNC_OFFSET phase=22 off=0 prev=8
APP_CRC_FAIL exp=7E7A got=871B seq=21 syncOff=0 pSz=128
APP_CRC_FAIL exp=7E4C got=8A13 seq=22 syncOff=0 pSz=128
APP_CRC_FAIL exp=7E4C got=7EF4 seq=23 syncOff=0 pSz=128
APP_CRC_FAIL exp=7E4C got=47DC seq=24 syncOff=0 pSz=128
APP_CRC_FAIL exp=7E4C got=B33B seq=25 syncOff=0 pSz=128
APP_CRC_FAIL exp=7E7A got=0764 seq=26 syncOff=0 pSz=128
APP_CRC_FAIL exp=7E4C got=F383 seq=27 syncOff=0 pSz=128
APP_CRC_FAIL exp=7E4C got=1D74 seq=28 syncOff=0 pSz=128
APP_CRC_FAIL exp=7E4C got=50C4 seq=29 syncOff=0 pSz=128
APP_CRC_FAIL exp=7E4C got=5DCC seq=30 syncOff=0 pSz=128
APP_CRC_FAIL exp=7E4C got=A92B seq=31 syncOff=0 pSz=128
APP_CRC_FAIL exp=7E4C got=4083 seq=32 syncOff=0 pSz=128
APP_CRC_FAIL exp=7E4C got=B464 seq=33 syncOff=0 pSz=128
APP_CRC_FAIL exp=7E4C got=B96C seq=34 syncOff=0 pSz=128
APP_CRC_FAIL exp=7E4C got=4D8B seq=35 syncOff=0 pSz=128
APP_CRC_FAIL exp=7E4C got=A37C seq=36 syncOff=0 pSz=128
APP_CRC_FAIL exp=7E4C got=579B seq=37 syncOff=0 pSz=128
APP_CRC_FAIL exp=7E4C got=5A93 seq=38 syncOff=0 pSz=128
APP_CRC_FAIL exp=7E4C got=AE74 seq=39 syncOff=0 pSz=128
APP_CRC_FAIL exp=7E7A got=975C seq=40 syncOff=0 pSz=128
APP_CRC_FAIL exp=7E7A got=63BB seq=41 syncOff=0 pSz=128
APP_CRC_FAIL exp=7E7A got=6EB3 seq=42 syncOff=0 pSz=128
APP_CRC_FAIL exp=7E4C got=9A54 seq=43 syncOff=0 pSz=128
APP_CRC_FAIL exp=7E7A got=74A3 seq=44 syncOff=0 pSz=128
APP_CRC_FAIL exp=7E7A got=8044 seq=45 syncOff=0 pSz=128
APP_CRC_FAIL exp=7E4C got=4C70 seq=46 syncOff=0 pSz=128
APP_CRC_FAIL exp=7FE3 got=B897 seq=47 syncOff=0 pSz=128
APP_CRC_FAIL exp=7E7A got=3E20 seq=48 syncOff=0 pSz=128
APP_CRC_FAIL exp=7E7A got=CAC7 seq=49 syncOff=0 pSz=128
APP_CRC_FAIL exp=7E4C got=C7CF seq=50 syncOff=0 pSz=128
APP_CRC_FAIL exp=7527 got=3328 seq=51 syncOff=0 pSz=128
APP_CRC_FAIL exp=7E7A got=D11D seq=52 syncOff=0 pSz=128
APP_CRC_FAIL exp=7E7A got=25FA seq=53 syncOff=0 pSz=128
APP_CRC_FAIL exp=7E7A got=28F2 seq=54 syncOff=0 pSz=128
APP_CRC_FAIL exp=7E7A got=DC15 seq=55 syncOff=0 pSz=128
APP_CRC_FAIL exp=7E4C got=0442 seq=56 syncOff=0 pSz=128
APP_CRC_FAIL exp=7E7A got=F0A5 seq=57 syncOff=0 pSz=128
APP_CRC_FAIL exp=7E7A got=FDAD seq=58 syncOff=0 pSz=128
APP_CRC_FAIL exp=7E7A got=BB50 seq=59 syncOff=0 pSz=128
APP_CRC_FAIL exp=7E7A got=55A7 seq=60 syncOff=0 pSz=128
APP_CRC_FAIL exp=7E7A got=A140 seq=61 syncOff=0 pSz=128
APP_CRC_FAIL exp=7E4C got=AC48 seq=62 syncOff=0 pSz=128
APP_CRC_FAIL exp=7E7A got=8D43 seq=63 syncOff=0 pSz=128
APP_CRC_FAIL exp=7E4C got=BAD5 seq=64 syncOff=0 pSz=128
APP_CRC_FAIL exp=7E4C got=4E32 seq=65 syncOff=0 pSz=128
APP_CRC_FAIL exp=7E7A got=433A seq=66 syncOff=0 pSz=128
PHASE_RESULT 22 HF-FLRC-2600-128 pktSize=128 rx=0 unique=0 lost=100 per=100.0 rssi_avg=-46 rssi_min=-46 crc_err=49 garbage=15 tx_lat=0.00000 tx_lon=0.00000 sats=0 fix=0 utc=0 tx_fw=none rx_fw=unknown
PHASE_GUARD 500
PHASE_START 23 HF-FLRC-2600-255 pktSize=255
PHASE_RESULT 23 HF-FLRC-2600-255 pktSize=255 rx=0 unique=0 lost=100 per=100.0 rssi_avg=0 rssi_min=0 crc_err=0 garbage=0 tx_lat=0.00000 tx_lon=0.00000 sats=0 fix=0 utc=0 tx_fw=none rx_fw=unknown
PHASE_GUARD 1000
LORA_CFG path=1 bw=0x0F sf=12 freq=2440.0
PHASE_START 24 HF-LoRa-SF12-32 pktSize=32
SYNC_OFFSET phase=24 off=0 prev=-1
APP_CRC_FAIL exp=1E1F got=8170 seq=0 syncOff=0 pSz=32
PHASE_RESULT 24 HF-LoRa-SF12-32 pktSize=32 rx=0 unique=0 lost=2 per=100.0 rssi_avg=-16 rssi_min=-16 crc_err=1 garbage=0 tx_lat=0.00000 tx_lon=0.00000 sats=0 fix=0 utc=0 tx_fw=none rx_fw=unknown
PHASE_GUARD 500
LORA_CFG path=1 bw=0x0F sf=12 freq=2440.0
PHASE_START 25 HF-LoRa-SF12-64 pktSize=64
SYNC_OFFSET phase=25 off=0 prev=-1
APP_CRC_FAIL exp=3E3F got=3BB1 seq=0 syncOff=0 pSz=64
PHASE_RESULT 25 HF-LoRa-SF12-64 pktSize=64 rx=0 unique=0 lost=1 per=100.0 rssi_avg=-16 rssi_min=-16 crc_err=1 garbage=0 tx_lat=0.00000 tx_lon=0.00000 sats=0 fix=0 utc=0 tx_fw=none rx_fw=unknown
PHASE_GUARD 500
LORA_CFG path=1 bw=0x0F sf=12 freq=2440.0
PHASE_START 26 HF-LoRa-SF12-128 pktSize=128
SYNC_OFFSET phase=26 off=0 prev=-1
APP_CRC_FAIL exp=7E7F got=2189 seq=0 syncOff=0 pSz=128
PHASE_RESULT 26 HF-LoRa-SF12-128 pktSize=128 rx=0 unique=0 lost=1 per=100.0 rssi_avg=-16 rssi_min=-16 crc_err=1 garbage=0 tx_lat=0.00000 tx_lon=0.00000 sats=0 fix=0 utc=0 tx_fw=none rx_fw=unknown
PHASE_GUARD 500
LORA_CFG path=1 bw=0x0F sf=12 freq=2440.0
PHASE_START 27 HF-LoRa-SF12-255 pktSize=255
PHASE_RESULT 27 HF-LoRa-SF12-255 pktSize=255 rx=0 unique=0 lost=1 per=100.0 rssi_avg=0 rssi_min=0 crc_err=0 garbage=0 tx_lat=0.00000 tx_lon=0.00000 sats=0 fix=0 utc=0 tx_fw=none rx_fw=unknown
PHASE_GUARD 1000
LORA_CFG path=0 bw=0x05 sf=7 freq=868.0
PHASE_START 28 LF-LoRa-SF7-32 pktSize=32
SYNC_OFFSET phase=28 off=0 prev=-1
APP_CRC_FAIL exp=1E1F got=EB2D seq=6 syncOff=0 pSz=32
APP_CRC_FAIL exp=1E1F got=02BF seq=7 syncOff=0 pSz=32
APP_CRC_FAIL exp=1E1F got=6C52 seq=8 syncOff=0 pSz=32
APP_CRC_FAIL exp=1E1F got=FFE6 seq=9 syncOff=0 pSz=32
SYNC_NOT_FOUND first4=87CAA002
APP_CRC_FAIL exp=1E1F got=76BB seq=10 syncOff=0 pSz=32
APP_CRC_FAIL exp=1E1F got=4D0C seq=11 syncOff=0 pSz=32
APP_CRC_FAIL exp=1E1F got=2B4C seq=12 syncOff=0 pSz=32
APP_CRC_FAIL exp=1E1F got=3ED4 seq=13 syncOff=0 pSz=32
APP_CRC_FAIL exp=1E1F got=1390 seq=14 syncOff=0 pSz=32
SYNC_NOT_FOUND first4=81A3C415
APP_CRC_FAIL exp=1E1F got=E9B8 seq=15 syncOff=0 pSz=32
PHASE_RESULT 28 LF-LoRa-SF7-32 pktSize=32 rx=0 unique=0 lost=20 per=100.0 rssi_avg=-30 rssi_min=-30 crc_err=10 garbage=2 tx_lat=0.00000 tx_lon=0.00000 sats=0 fix=0 utc=0 tx_fw=none rx_fw=unknown
PHASE_GUARD 500
LORA_CFG path=0 bw=0x05 sf=7 freq=868.0
PHASE_START 29 LF-LoRa-SF7-64 pktSize=64
SYNC_OFFSET phase=29 off=0 prev=-1
TIME_DIFF gps_utc=1785017565 laptop_utc=1785017562 offset=3
LORA_RAW: 165 90 66 36 224 83 116 19 96 51 230 245 6 0 1 221 52 101
PKT rx=1 seq=17 rssi=-29 phase=29 rx_ms=105238 tx_lat=32.63908 tx_lon=-16.94629 sats=6 fix=1 utc=1785017565 tx_fw=unknown
BER seq=17 bits=264 errs=0 ber=0.00e+00
APP_CRC_FAIL exp=3E3F got=EF89 seq=0 syncOff=0 pSz=64
SYNC_NOT_FOUND first4=9DA3F4F0
APP_CRC_FAIL exp=3E3F got=5769 seq=1 syncOff=0 pSz=64
APP_CRC_FAIL exp=3E3F got=60F1 seq=2 syncOff=0 pSz=64
APP_CRC_FAIL exp=3E3F got=8F48 seq=3 syncOff=0 pSz=64
APP_CRC_FAIL exp=3E3F got=6A4C seq=4 syncOff=0 pSz=64
APP_CRC_FAIL exp=3E3F got=E6A5 seq=5 syncOff=0 pSz=64
SYNC_NOT_FOUND first4=9DA3F4F0
APP_CRC_FAIL exp=3E3F got=C64F seq=6 syncOff=0 pSz=64
APP_CRC_FAIL exp=3E3F got=9D58 seq=7 syncOff=0 pSz=64
APP_CRC_FAIL exp=3E3F got=CC72 seq=8 syncOff=0 pSz=64
PHASE_RESULT 29 LF-LoRa-SF7-64 pktSize=64 rx=1 unique=1 lost=19 per=95.0 rssi_avg=-29 rssi_min=-30 crc_err=9 garbage=2 tx_lat=32.63908 tx_lon=-16.94629 sats=6 fix=1 utc=1785017565 tx_fw=unknown rx_fw=unknown
PHASE_GUARD 500
LORA_CFG path=0 bw=0x05 sf=7 freq=868.0
PHASE_START 30 LF-LoRa-SF7-128 pktSize=128
SYNC_OFFSET phase=30 off=0 prev=-1
TIME_DIFF gps_utc=1785017568 laptop_utc=1785017565 offset=3
LORA_RAW: 165 90 66 36 224 83 116 19 32 51 230 245 6 0 1 224 52 101
PKT rx=1 seq=9 rssi=-29 phase=30 rx_ms=108315 tx_lat=32.63908 tx_lon=-16.94630 sats=6 fix=1 utc=1785017568 tx_fw=unknown
BER seq=9 bits=776 errs=0 ber=0.00e+00
TIME_DIFF gps_utc=1785017568 laptop_utc=1785017565 offset=3
PKT rx=2 seq=10 rssi=-30 phase=30 rx_ms=108622 tx_lat=32.63908 tx_lon=-16.94631 sats=6 fix=1 utc=1785017568 tx_fw=unknown
BER seq=10 bits=776 errs=0 ber=0.00e+00
TIME_DIFF gps_utc=1785017569 laptop_utc=1785017565 offset=4
PKT rx=3 seq=11 rssi=-29 phase=30 rx_ms=108940 tx_lat=32.63908 tx_lon=-16.94631 sats=7 fix=1 utc=1785017569 tx_fw=unknown
BER seq=11 bits=776 errs=0 ber=0.00e+00
APP_CRC_FAIL exp=7E7F got=5F6E seq=0 syncOff=0 pSz=128
SYNC_NOT_FOUND first4=8752BBD3
APP_CRC_FAIL exp=7E7F got=400F seq=1 syncOff=0 pSz=128
SYNC_NOT_FOUND first4=258E31E2
APP_CRC_FAIL exp=7E7F got=4D07 seq=2 syncOff=0 pSz=128
SYNC_NOT_FOUND first4=8752BCD3
APP_CRC_FAIL exp=7E7F got=793A seq=3 syncOff=0 pSz=128
SYNC_NOT_FOUND first4=8752EBD3
APP_CRC_FAIL exp=7E7F got=97CD seq=4 syncOff=0 pSz=128
PHASE_RESULT 30 LF-LoRa-SF7-128 pktSize=128 rx=3 unique=3 lost=10 per=76.9 rssi_avg=-30 rssi_min=-30 crc_err=5 garbage=4 tx_lat=32.63908 tx_lon=-16.94631 sats=7 fix=1 utc=1785017569 tx_fw=unknown rx_fw=unknown
PHASE_GUARD 500
LORA_CFG path=0 bw=0x05 sf=7 freq=868.0
PHASE_START 31 LF-LoRa-SF7-255 pktSize=255
SYNC_OFFSET phase=31 off=0 prev=-1
TIME_DIFF gps_utc=1785017573 laptop_utc=1785017570 offset=3
LORA_RAW: 165 90 66 36 160 84 116 19 224 49 230 245 7 0 1 229 52 101
PKT rx=1 seq=5 rssi=-30 phase=31 rx_ms=113475 tx_lat=32.63910 tx_lon=-16.94633 sats=7 fix=1 utc=1785017573 tx_fw=unknown
BER seq=5 bits=1792 errs=0 ber=0.00e+00
TIME_DIFF gps_utc=1785017574 laptop_utc=1785017571 offset=3
PKT rx=2 seq=6 rssi=-30 phase=31 rx_ms=114081 tx_lat=32.63909 tx_lon=-16.94633 sats=7 fix=1 utc=1785017574 tx_fw=unknown
BER seq=6 bits=1792 errs=0 ber=0.00e+00
PHASE_RESULT 31 LF-LoRa-SF7-255 pktSize=255 rx=2 unique=2 lost=5 per=71.4 rssi_avg=-30 rssi_min=-30 crc_err=0 garbage=0 tx_lat=32.63909 tx_lon=-16.94633 sats=7 fix=1 utc=1785017574 tx_fw=unknown rx_fw=unknown
PHASE_GUARD 500
LORA_CFG path=0 bw=0x05 sf=9 freq=868.0
PHASE_START 32 LF-LoRa-SF9-32 pktSize=32
SYNC_OFFSET phase=32 off=0 prev=-1
TIME_DIFF gps_utc=1785017577 laptop_utc=1785017574 offset=3
LORA_RAW: 165 90 66 36 224 83 116 19 144 50 230 245 7 0 1 233 52 101
PKT rx=1 seq=5 rssi=-27 phase=32 rx_ms=117704 tx_lat=32.63908 tx_lon=-16.94632 sats=7 fix=1 utc=1785017577 tx_fw=unknown
BER seq=5 bits=8 errs=0 ber=0.00e+00
APP_CRC_FAIL exp=1E1F got=0864 seq=0 syncOff=0 pSz=32
SYNC_NOT_FOUND first4=B52EC897
APP_CRC_FAIL exp=1E1F got=4F0A seq=1 syncOff=0 pSz=32
SYNC_NOT_FOUND first4=AE226889
APP_CRC_FAIL exp=1E1F got=7B8D seq=2 syncOff=0 pSz=32
PHASE_RESULT 32 LF-LoRa-SF9-32 pktSize=32 rx=1 unique=1 lost=6 per=85.7 rssi_avg=-27 rssi_min=-28 crc_err=3 garbage=2 tx_lat=32.63908 tx_lon=-16.94632 sats=7 fix=1 utc=1785017577 tx_fw=unknown rx_fw=unknown
PHASE_GUARD 500
LORA_CFG path=0 bw=0x05 sf=9 freq=868.0
PHASE_START 33 LF-LoRa-SF9-64 pktSize=64
SYNC_OFFSET phase=33 off=0 prev=-1
APP_CRC_FAIL exp=3E3F got=B210 seq=0 syncOff=0 pSz=64
PHASE_RESULT 33 LF-LoRa-SF9-64 pktSize=64 rx=0 unique=0 lost=3 per=100.0 rssi_avg=-28 rssi_min=-28 crc_err=1 garbage=0 tx_lat=0.00000 tx_lon=0.00000 sats=0 fix=0 utc=0 tx_fw=none rx_fw=unknown
PHASE_GUARD 500
LORA_CFG path=0 bw=0x05 sf=9 freq=868.0
PHASE_START 34 LF-LoRa-SF9-128 pktSize=128
SYNC_OFFSET phase=34 off=0 prev=-1
APP_CRC_FAIL exp=7E7F got=93B4 seq=0 syncOff=0 pSz=128
PHASE_RESULT 34 LF-LoRa-SF9-128 pktSize=128 rx=0 unique=0 lost=1 per=100.0 rssi_avg=-28 rssi_min=-28 crc_err=1 garbage=0 tx_lat=0.00000 tx_lon=0.00000 sats=0 fix=0 utc=0 tx_fw=none rx_fw=unknown
PHASE_GUARD 500
LORA_CFG path=0 bw=0x05 sf=9 freq=868.0
PHASE_START 35 LF-LoRa-SF9-255 pktSize=255
PHASE_RESULT 35 LF-LoRa-SF9-255 pktSize=255 rx=0 unique=0 lost=1 per=100.0 rssi_avg=0 rssi_min=0 crc_err=0 garbage=0 tx_lat=0.00000 tx_lon=0.00000 sats=0 fix=0 utc=0 tx_fw=none rx_fw=unknown
PHASE_GUARD 500
LORA_CFG path=0 bw=0x05 sf=12 freq=868.0
PHASE_START 36 LF-LoRa-SF12-32 pktSize=32
TIME_STATS min=3000ms max=4000ms avg=3166ms corrections=0
PHASE_RESULT 36 LF-LoRa-SF12-32 pktSize=32 rx=0 unique=0 lost=1 per=100.0 rssi_avg=0 rssi_min=0 crc_err=0 garbage=0 tx_lat=0.00000 tx_lon=0.00000 sats=0 fix=0 utc=0 tx_fw=none rx_fw=unknown
PHASE_GUARD 500
LORA_CFG path=0 bw=0x05 sf=12 freq=868.0
PHASE_START 37 LF-LoRa-SF12-SKIP SKIP pktSize=64
PHASE_RESULT 37 LF-LoRa-SF12-SKIP pktSize=64 rx=0 unique=0 lost=0 per=0.0 rssi_avg=0 rssi_min=0 crc_err=0 garbage=0 tx_lat=0.00000 tx_lon=0.00000 sats=0 fix=0 utc=0 tx_fw=none rx_fw=unknown
PHASE_GUARD 500
LORA_CFG path=0 bw=0x05 sf=12 freq=868.0
PHASE_START 38 LF-LoRa-SF12-SKIP SKIP pktSize=128
PHASE_RESULT 38 LF-LoRa-SF12-SKIP pktSize=128 rx=0 unique=0 lost=0 per=0.0 rssi_avg=0 rssi_min=0 crc_err=0 garbage=0 tx_lat=0.00000 tx_lon=0.00000 sats=0 fix=0 utc=0 tx_fw=none rx_fw=unknown
PHASE_GUARD 500
LORA_CFG path=0 bw=0x05 sf=12 freq=868.0
PHASE_START 39 LF-LoRa-SF12-SKIP SKIP pktSize=255
PHASE_RESULT 39 LF-LoRa-SF12-SKIP pktSize=255 rx=0 unique=0 lost=0 per=0.0 rssi_avg=0 rssi_min=0 crc_err=0 garbage=0 tx_lat=0.00000 tx_lon=0.00000 sats=0 fix=0 utc=0 tx_fw=none rx_fw=unknown
PHASE_GUARD 1000
PHASE_START 40 LF-FLRC-325-32 pktSize=32
SYNC_OFFSET phase=40 off=0 prev=-1
TIME_DIFF gps_utc=1785017610 laptop_utc=1785017607 offset=3
FLRC_RAW32: 165 90 66 36 0 85 116 19 160 47 230 245 6 0 1 10 53 101 106 40 0 76 117 110 107 110 111 119 110 29 203 47
PKT rx=1 seq=76 rssi=-43 phase=40 rx_ms=150169 tx_lat=32.63910 tx_lon=-16.94639 sats=6 fix=1 utc=1785017610 tx_fw=unknown
BER seq=76 bits=8 errs=0 ber=0.00e+00
TIME_DIFF gps_utc=1785017610 laptop_utc=1785017607 offset=3
PKT rx=2 seq=77 rssi=-43 phase=40 rx_ms=150357 tx_lat=32.63910 tx_lon=-16.94639 sats=6 fix=1 utc=1785017610 tx_fw=unknown
BER seq=77 bits=8 errs=0 ber=0.00e+00
SYNC_NOT_FOUND first4=B02FE6F5
SYNC_NOT_FOUND first4=35656A29
SYNC_NOT_FOUND first4=6B6E6F77
SYNC_LOST phase=40 consecutive=3 cached_off=0
SYNC_OFFSET phase=40 off=0 prev=-1
APP_CRC_FAIL exp=1E18 got=1A48 seq=4 syncOff=0 pSz=32
SYNC_NOT_FOUND first4=B02FE6F5
SYNC_NOT_FOUND first4=35656A29
SYNC_NOT_FOUND first4=6B6E6F77
SYNC_LOST phase=40 consecutive=3 cached_off=0
SYNC_OFFSET phase=40 off=0 prev=-1
APP_CRC_FAIL exp=1E18 got=FB8C seq=9 syncOff=0 pSz=32
SYNC_NOT_FOUND first4=D02FE6F5
SYNC_NOT_FOUND first4=35656A29
SYNC_NOT_FOUND first4=6B6E6F77
SYNC_LOST phase=40 consecutive=3 cached_off=0
SYNC_OFFSET phase=40 off=0 prev=-1
APP_CRC_FAIL exp=1E18 got=9DCC seq=14 syncOff=0 pSz=32
SYNC_NOT_FOUND first4=E02FE6F5
SYNC_NOT_FOUND first4=35656A29
SYNC_NOT_FOUND first4=6B6E6F77
SYNC_LOST phase=40 consecutive=3 cached_off=0
SYNC_OFFSET phase=40 off=0 prev=-1
APP_CRC_FAIL exp=1E18 got=C046 seq=19 syncOff=0 pSz=32
SYNC_NOT_FOUND first4=F02FE6F5
SYNC_NOT_FOUND first4=35656A29
SYNC_NOT_FOUND first4=6B6E6F77
SYNC_LOST phase=40 consecutive=3 cached_off=0
SYNC_OFFSET phase=40 off=0 prev=-1
APP_CRC_FAIL exp=1E18 got=C4FD seq=24 syncOff=0 pSz=32
SYNC_NOT_FOUND first4=F02FE6F5
SYNC_NOT_FOUND first4=35656A29
SYNC_NOT_FOUND first4=6B6E6F77
SYNC_LOST phase=40 consecutive=3 cached_off=0
SYNC_OFFSET phase=40 off=0 prev=-1
APP_CRC_FAIL exp=1E18 got=FE68 seq=29 syncOff=0 pSz=32
APP_CRC_FAIL exp=1E18 got=D32C seq=30 syncOff=0 pSz=32
APP_CRC_FAIL exp=1E18 got=380F seq=31 syncOff=0 pSz=32
APP_CRC_FAIL exp=1E18 got=5459 seq=32 syncOff=0 pSz=32
APP_CRC_FAIL exp=1E18 got=BF7A seq=33 syncOff=0 pSz=32
APP_CRC_FAIL exp=1E18 got=5C8A seq=34 syncOff=0 pSz=32
APP_CRC_FAIL exp=1E18 got=B7A9 seq=35 syncOff=0 pSz=32
APP_CRC_FAIL exp=1E18 got=0602 seq=36 syncOff=0 pSz=32
APP_CRC_FAIL exp=1E18 got=ED21 seq=37 syncOff=0 pSz=32
APP_CRC_FAIL exp=1E18 got=C065 seq=38 syncOff=0 pSz=32
APP_CRC_FAIL exp=1E18 got=FCAD seq=39 syncOff=0 pSz=32
APP_CRC_FAIL exp=1E18 got=64F9 seq=40 syncOff=0 pSz=32
APP_CRC_FAIL exp=1E18 got=8FDA seq=41 syncOff=0 pSz=32
APP_CRC_FAIL exp=1E18 got=A29E seq=42 syncOff=0 pSz=32
APP_CRC_FAIL exp=1E18 got=49BD seq=43 syncOff=0 pSz=32
APP_CRC_FAIL exp=1E18 got=F816 seq=44 syncOff=0 pSz=32
APP_CRC_FAIL exp=1E18 got=1335 seq=45 syncOff=0 pSz=32
APP_CRC_FAIL exp=1E18 got=3E71 seq=46 syncOff=0 pSz=32
APP_CRC_FAIL exp=1E18 got=D552 seq=47 syncOff=0 pSz=32
APP_CRC_FAIL exp=1E18 got=1EF8 seq=48 syncOff=0 pSz=32
APP_CRC_FAIL exp=1E18 got=F5DB seq=49 syncOff=0 pSz=32
APP_CRC_FAIL exp=1E18 got=D89F seq=50 syncOff=0 pSz=32
APP_CRC_FAIL exp=1E18 got=4B2B seq=51 syncOff=0 pSz=32
APP_CRC_FAIL exp=1E18 got=4577 seq=52 syncOff=0 pSz=32
APP_CRC_FAIL exp=1E18 got=AE54 seq=53 syncOff=0 pSz=32
APP_CRC_FAIL exp=1E18 got=8310 seq=54 syncOff=0 pSz=32
APP_CRC_FAIL exp=1E18 got=6833 seq=55 syncOff=0 pSz=32
APP_CRC_FAIL exp=1E18 got=046F seq=56 syncOff=0 pSz=32
APP_CRC_FAIL exp=1E18 got=EF4C seq=57 syncOff=0 pSz=32
APP_CRC_FAIL exp=1E18 got=C208 seq=58 syncOff=0 pSz=32
APP_CRC_FAIL exp=1E18 got=FEC0 seq=59 syncOff=0 pSz=32
APP_CRC_FAIL exp=1E18 got=4F6B seq=60 syncOff=0 pSz=32
APP_CRC_FAIL exp=1E18 got=A448 seq=61 syncOff=0 pSz=32
APP_CRC_FAIL exp=1E18 got=344A seq=62 syncOff=0 pSz=32
APP_CRC_FAIL exp=1E18 got=DF69 seq=63 syncOff=0 pSz=32
APP_CRC_FAIL exp=1E18 got=ECE6 seq=64 syncOff=0 pSz=32
APP_CRC_FAIL exp=1E18 got=07C5 seq=65 syncOff=0 pSz=32
APP_CRC_FAIL exp=1E18 got=5C11 seq=66 syncOff=0 pSz=32
APP_CRC_FAIL exp=1E18 got=B732 seq=67 syncOff=0 pSz=32
APP_CRC_FAIL exp=1E18 got=0699 seq=68 syncOff=0 pSz=32
APP_CRC_FAIL exp=1E18 got=230E seq=69 syncOff=0 pSz=32
APP_CRC_FAIL exp=1E18 got=0E4A seq=70 syncOff=0 pSz=32
APP_CRC_FAIL exp=1E18 got=E569 seq=71 syncOff=0 pSz=32
APP_CRC_FAIL exp=1E18 got=B389 seq=72 syncOff=0 pSz=32
APP_CRC_FAIL exp=1E18 got=58AA seq=73 syncOff=0 pSz=32
APP_CRC_FAIL exp=1E18 got=75EE seq=74 syncOff=0 pSz=32
APP_CRC_FAIL exp=1E18 got=9ECD seq=75 syncOff=0 pSz=32
APP_CRC_FAIL exp=1E18 got=2F66 seq=76 syncOff=0 pSz=32
APP_CRC_FAIL exp=1E18 got=C445 seq=77 syncOff=0 pSz=32
APP_CRC_FAIL exp=1E18 got=E901 seq=78 syncOff=0 pSz=32
APP_CRC_FAIL exp=1E18 got=D778 seq=79 syncOff=0 pSz=32
APP_CRC_FAIL exp=1E18 got=1CD2 seq=80 syncOff=0 pSz=32
APP_CRC_FAIL exp=1E18 got=F7F1 seq=81 syncOff=0 pSz=32
APP_CRC_FAIL exp=1E18 got=240E seq=82 syncOff=0 pSz=32
APP_CRC_FAIL exp=1E18 got=CF2D seq=83 syncOff=0 pSz=32
PHASE_RESULT 40 LF-FLRC-325-32 pktSize=32 rx=2 unique=2 lost=98 per=98.0 rssi_avg=-43 rssi_min=-43 crc_err=60 garbage=18 tx_lat=32.63910 tx_lon=-16.94639 sats=6 fix=1 utc=1785017610 tx_fw=unknown rx_fw=unknown
PHASE_GUARD 500
PHASE_START 41 LF-FLRC-325-64 pktSize=64
SYNC_OFFSET phase=41 off=0 prev=-1
APP_CRC_FAIL exp=3E31 got=92F9 seq=0 syncOff=0 pSz=64
APP_CRC_FAIL exp=3E31 got=2A19 seq=1 syncOff=0 pSz=64
SYNC_NOT_FOUND first4=2031E6F5
SYNC_NOT_FOUND first4=35656A2A
SYNC_NOT_FOUND first4=6B6E6F77
SYNC_LOST phase=41 consecutive=3 cached_off=0
SYNC_OFFSET phase=41 off=32 prev=-1
SYNC_OOB gpsOff=36 crcLen=58 readLen=72 — skipping
SYNC_OFFSET phase=41 off=24 prev=32
SYNC_OOB gpsOff=28 crcLen=58 readLen=72 — skipping
SYNC_OFFSET phase=41 off=16 prev=24
SYNC_OOB gpsOff=20 crcLen=58 readLen=72 — skipping
SYNC_OFFSET phase=41 off=8 prev=16
APP_CRC_FAIL exp=3E31 got=BDBC seq=9 syncOff=8 pSz=64
SYNC_OFFSET phase=41 off=0 prev=8
APP_CRC_FAIL exp=3E31 got=64BD seq=10 syncOff=0 pSz=64
APP_CRC_FAIL exp=3E31 got=DC5D seq=11 syncOff=0 pSz=64
APP_CRC_FAIL exp=3E31 got=C69E seq=12 syncOff=0 pSz=64
APP_CRC_FAIL exp=3E31 got=2927 seq=13 syncOff=0 pSz=64
APP_CRC_FAIL exp=3E31 got=F026 seq=14 syncOff=0 pSz=64
APP_CRC_FAIL exp=3E31 got=48C6 seq=15 syncOff=0 pSz=64
APP_CRC_FAIL exp=3E31 got=96D6 seq=16 syncOff=0 pSz=64
APP_CRC_FAIL exp=3E31 got=2E36 seq=17 syncOff=0 pSz=64
APP_CRC_FAIL exp=3E31 got=B130 seq=18 syncOff=0 pSz=64
APP_CRC_FAIL exp=3E31 got=F03B seq=19 syncOff=0 pSz=64
APP_CRC_FAIL exp=3E31 got=EAF8 seq=20 syncOff=0 pSz=64
APP_CRC_FAIL exp=3E31 got=5218 seq=21 syncOff=0 pSz=64
APP_CRC_FAIL exp=3E31 got=8B19 seq=22 syncOff=0 pSz=64
APP_CRC_FAIL exp=3E31 got=BC9A seq=23 syncOff=0 pSz=64
APP_CRC_FAIL exp=3E31 got=31FC seq=24 syncOff=0 pSz=64
APP_CRC_FAIL exp=3E31 got=891C seq=25 syncOff=0 pSz=64
APP_CRC_FAIL exp=3E31 got=0744 seq=26 syncOff=0 pSz=64
APP_CRC_FAIL exp=3E31 got=BFA4 seq=27 syncOff=0 pSz=64
APP_CRC_FAIL exp=3E31 got=A567 seq=28 syncOff=0 pSz=64
APP_CRC_FAIL exp=3E31 got=E46C seq=29 syncOff=0 pSz=64
APP_CRC_FAIL exp=3E31 got=3D6D seq=30 syncOff=0 pSz=64
APP_CRC_FAIL exp=3E31 got=858D seq=31 syncOff=0 pSz=64
APP_CRC_FAIL exp=3E31 got=4956 seq=32 syncOff=0 pSz=64
APP_CRC_FAIL exp=3E31 got=97A8 seq=33 syncOff=0 pSz=64
APP_CRC_FAIL exp=3E31 got=4EA9 seq=34 syncOff=0 pSz=64
APP_CRC_FAIL exp=3E31 got=F649 seq=35 syncOff=0 pSz=64
APP_CRC_FAIL exp=3E31 got=BBD3 seq=36 syncOff=0 pSz=64
APP_CRC_FAIL exp=3E31 got=0333 seq=37 syncOff=0 pSz=64
APP_CRC_FAIL exp=3E31 got=DA32 seq=38 syncOff=0 pSz=64
APP_CRC_FAIL exp=3E31 got=6D94 seq=39 syncOff=0 pSz=64
APP_CRC_FAIL exp=3E31 got=E0F2 seq=40 syncOff=0 pSz=64
APP_CRC_FAIL exp=3E31 got=5812 seq=41 syncOff=0 pSz=64
APP_CRC_FAIL exp=3E31 got=8113 seq=42 syncOff=0 pSz=64
APP_CRC_FAIL exp=3E31 got=39F3 seq=43 syncOff=0 pSz=64
APP_CRC_FAIL exp=3E31 got=2330 seq=44 syncOff=0 pSz=64
APP_CRC_FAIL exp=3E31 got=9BD0 seq=45 syncOff=0 pSz=64
APP_CRC_FAIL exp=3E31 got=1588 seq=46 syncOff=0 pSz=64
APP_CRC_FAIL exp=3E31 got=AD68 seq=47 syncOff=0 pSz=64
APP_CRC_FAIL exp=3E31 got=1F65 seq=48 syncOff=0 pSz=64
APP_CRC_FAIL exp=3E31 got=A785 seq=49 syncOff=0 pSz=64
APP_CRC_FAIL exp=3E31 got=7E84 seq=50 syncOff=0 pSz=64
APP_CRC_FAIL exp=3E31 got=0B86 seq=51 syncOff=0 pSz=64
APP_CRC_FAIL exp=3E31 got=1145 seq=52 syncOff=0 pSz=64
APP_CRC_FAIL exp=3E31 got=A9A5 seq=53 syncOff=0 pSz=64
APP_CRC_FAIL exp=3E31 got=70A4 seq=54 syncOff=0 pSz=64
APP_CRC_FAIL exp=3E31 got=C844 seq=55 syncOff=0 pSz=64
APP_CRC_FAIL exp=3E31 got=4522 seq=56 syncOff=0 pSz=64
APP_CRC_FAIL exp=3E31 got=FDC2 seq=57 syncOff=0 pSz=64
APP_CRC_FAIL exp=3E31 got=24C3 seq=58 syncOff=0 pSz=64
APP_CRC_FAIL exp=3E31 got=9C23 seq=59 syncOff=0 pSz=64
APP_CRC_FAIL exp=3E31 got=86E0 seq=60 syncOff=0 pSz=64
APP_CRC_FAIL exp=3E31 got=3E00 seq=61 syncOff=0 pSz=64
APP_CRC_FAIL exp=3E31 got=E701 seq=62 syncOff=0 pSz=64
APP_CRC_FAIL exp=3E31 got=A9FF seq=63 syncOff=0 pSz=64
APP_CRC_FAIL exp=3E31 got=9888 seq=64 syncOff=0 pSz=64
APP_CRC_FAIL exp=3E31 got=2068 seq=65 syncOff=0 pSz=64
APP_CRC_FAIL exp=3E31 got=F969 seq=66 syncOff=0 pSz=64
APP_CRC_FAIL exp=3E31 got=4189 seq=67 syncOff=0 pSz=64
APP_CRC_FAIL exp=3E31 got=5B4A seq=68 syncOff=0 pSz=64
APP_CRC_FAIL exp=3E31 got=E3AA seq=69 syncOff=0 pSz=64
APP_CRC_FAIL exp=3E31 got=3AAB seq=70 syncOff=0 pSz=64
APP_CRC_FAIL exp=3E31 got=824B seq=71 syncOff=0 pSz=64
APP_CRC_FAIL exp=3E31 got=0F2D seq=72 syncOff=0 pSz=64
APP_CRC_FAIL exp=3E31 got=E094 seq=73 syncOff=0 pSz=64
APP_CRC_FAIL exp=3E31 got=3995 seq=74 syncOff=0 pSz=64
APP_CRC_FAIL exp=3E31 got=8175 seq=75 syncOff=0 pSz=64
APP_CRC_FAIL exp=3E31 got=3AF1 seq=76 syncOff=0 pSz=64
APP_CRC_FAIL exp=3E31 got=8211 seq=77 syncOff=0 pSz=64
APP_CRC_FAIL exp=3E31 got=5B10 seq=78 syncOff=0 pSz=64
APP_CRC_FAIL exp=3E31 got=4D42 seq=79 syncOff=0 pSz=64
APP_CRC_FAIL exp=3E31 got=FF4F seq=80 syncOff=0 pSz=64
APP_CRC_FAIL exp=3E31 got=47AF seq=81 syncOff=0 pSz=64
APP_CRC_FAIL exp=3E31 got=9EAE seq=82 syncOff=0 pSz=64
APP_CRC_FAIL exp=3E31 got=264E seq=83 syncOff=0 pSz=64
PHASE_RESULT 41 LF-FLRC-325-64 pktSize=64 rx=0 unique=0 lost=100 per=100.0 rssi_avg=-43 rssi_min=-44 crc_err=77 garbage=6 tx_lat=0.00000 tx_lon=0.00000 sats=0 fix=0 utc=0 tx_fw=none rx_fw=unknown
PHASE_GUARD 500
PHASE_START 42 LF-FLRC-325-128 pktSize=128
SYNC_OFFSET phase=42 off=0 prev=-1
APP_CRC_FAIL exp=7E4C got=3AD6 seq=0 syncOff=0 pSz=128
APP_CRC_FAIL exp=7E7A got=CE31 seq=1 syncOff=0 pSz=128
APP_CRC_FAIL exp=7E4C got=C339 seq=2 syncOff=0 pSz=128
APP_CRC_FAIL exp=7E7A got=37DE seq=3 syncOff=0 pSz=128
APP_CRC_FAIL exp=7E7A got=5ED2 seq=4 syncOff=0 pSz=128
APP_CRC_FAIL exp=7E4C got=AA35 seq=5 syncOff=0 pSz=128
APP_CRC_FAIL exp=7E7A got=A73D seq=6 syncOff=0 pSz=128
APP_CRC_FAIL exp=7E4C got=53DA seq=7 syncOff=0 pSz=128
APP_CRC_FAIL exp=7E7A got=6AF2 seq=8 syncOff=0 pSz=128
APP_CRC_FAIL exp=7E7A got=9E15 seq=9 syncOff=0 pSz=128
APP_CRC_FAIL exp=7E4C got=931D seq=10 syncOff=0 pSz=128
APP_CRC_FAIL exp=7E4C got=67FA seq=11 syncOff=0 pSz=128
APP_CRC_FAIL exp=7E4C got=890D seq=12 syncOff=0 pSz=128
APP_CRC_FAIL exp=7E4C got=2E8F seq=13 syncOff=0 pSz=128
APP_CRC_FAIL exp=7E7A got=2387 seq=14 syncOff=0 pSz=128
APP_CRC_FAIL exp=7E7A got=D760 seq=15 syncOff=0 pSz=128
APP_CRC_FAIL exp=7E7A got=51D7 seq=16 syncOff=0 pSz=128
APP_CRC_FAIL exp=7E4C got=A530 seq=17 syncOff=0 pSz=128
APP_CRC_FAIL exp=7E7A got=63FD seq=18 syncOff=0 pSz=128
APP_CRC_FAIL exp=7E4C got=971A seq=19 syncOff=0 pSz=128
APP_CRC_FAIL exp=7E7A got=79ED seq=20 syncOff=0 pSz=128
APP_CRC_FAIL exp=7E7A got=8D0A seq=21 syncOff=0 pSz=128
APP_CRC_FAIL exp=7E4C got=8002 seq=22 syncOff=0 pSz=128
APP_CRC_FAIL exp=7E4C got=3987 seq=23 syncOff=0 pSz=128
APP_CRC_FAIL exp=7E4C got=00AF seq=24 syncOff=0 pSz=128
APP_CRC_FAIL exp=7E4C got=F448 seq=25 syncOff=0 pSz=128
APP_CRC_FAIL exp=7E4C got=F940 seq=26 syncOff=0 pSz=128
APP_CRC_FAIL exp=7E4C got=0DA7 seq=27 syncOff=0 pSz=128
APP_CRC_FAIL exp=7E4C got=E350 seq=28 syncOff=0 pSz=128
APP_CRC_FAIL exp=7E7A got=17B7 seq=29 syncOff=0 pSz=128
APP_CRC_FAIL exp=7E4C got=DB83 seq=30 syncOff=0 pSz=128
APP_CRC_FAIL exp=7E4C got=2F64 seq=31 syncOff=0 pSz=128
APP_CRC_FAIL exp=7E4C got=C6CC seq=32 syncOff=0 pSz=128
APP_CRC_FAIL exp=7E4C got=322B seq=33 syncOff=0 pSz=128
APP_CRC_FAIL exp=7E7A got=81A3 seq=34 syncOff=0 pSz=128
APP_CRC_FAIL exp=7E4C got=7544 seq=35 syncOff=0 pSz=128
APP_CRC_FAIL exp=7E4C got=9BB3 seq=36 syncOff=0 pSz=128
APP_CRC_FAIL exp=7E4C got=6F54 seq=37 syncOff=0 pSz=128
APP_CRC_FAIL exp=7E7A got=625C seq=38 syncOff=0 pSz=128
APP_CRC_FAIL exp=7E7A got=96BB seq=39 syncOff=0 pSz=128
APP_CRC_FAIL exp=7E4C got=0D02 seq=40 syncOff=0 pSz=128
APP_CRC_FAIL exp=7E7A got=F9E5 seq=41 syncOff=0 pSz=128
APP_CRC_FAIL exp=7E4C got=F4ED seq=42 syncOff=0 pSz=128
APP_CRC_FAIL exp=7E7A got=0ADD seq=43 syncOff=0 pSz=128
APP_CRC_FAIL exp=7E4C got=E42A seq=44 syncOff=0 pSz=128
APP_CRC_FAIL exp=7E7A got=10CD seq=45 syncOff=0 pSz=128
APP_CRC_FAIL exp=7E7A got=DCF9 seq=46 syncOff=0 pSz=128
APP_CRC_FAIL exp=7E4C got=281E seq=47 syncOff=0 pSz=128
APP_CRC_FAIL exp=7E7A got=AEA9 seq=48 syncOff=0 pSz=128
APP_CRC_FAIL exp=7E7A got=5A4E seq=49 syncOff=0 pSz=128
APP_CRC_FAIL exp=7E4C got=F18C seq=50 syncOff=0 pSz=128
APP_CRC_FAIL exp=7E7A got=056B seq=51 syncOff=0 pSz=128
APP_CRC_FAIL exp=7E7A got=A7F2 seq=52 syncOff=0 pSz=128
APP_CRC_FAIL exp=7E7A got=5315 seq=53 syncOff=0 pSz=128
APP_CRC_FAIL exp=7E4C got=5E1D seq=54 syncOff=0 pSz=128
APP_CRC_FAIL exp=7E7A got=AAFA seq=55 syncOff=0 pSz=128
APP_CRC_FAIL exp=7E4C got=C0B7 seq=56 syncOff=0 pSz=128
APP_CRC_FAIL exp=7E7A got=3450 seq=57 syncOff=0 pSz=128
APP_CRC_FAIL exp=7E7A got=3958 seq=58 syncOff=0 pSz=128
APP_CRC_FAIL exp=7E7A got=CDBF seq=59 syncOff=0 pSz=128
APP_CRC_FAIL exp=7E7A got=C8E0 seq=60 syncOff=0 pSz=128
APP_CRC_FAIL exp=7E7A got=3C07 seq=61 syncOff=0 pSz=128
APP_CRC_FAIL exp=7E7A got=310F seq=62 syncOff=0 pSz=128
APP_CRC_FAIL exp=7E7A got=04D4 seq=63 syncOff=0 pSz=128
APP_CRC_FAIL exp=7E4C got=3342 seq=64 syncOff=0 pSz=128
APP_CRC_FAIL exp=7E7A got=C7A5 seq=65 syncOff=0 pSz=128
APP_CRC_FAIL exp=7E7A got=CAAD seq=66 syncOff=0 pSz=128
APP_CRC_FAIL exp=7E4C got=309A seq=67 syncOff=0 pSz=128
APP_CRC_FAIL exp=7E4C got=DE6D seq=68 syncOff=0 pSz=128
APP_CRC_FAIL exp=7E4C got=2A8A seq=69 syncOff=0 pSz=128
APP_CRC_FAIL exp=7E4C got=CA67 seq=70 syncOff=0 pSz=128
APP_CRC_FAIL exp=7E4C got=3E80 seq=71 syncOff=0 pSz=128
APP_CRC_FAIL exp=7E4C got=07A8 seq=72 syncOff=0 pSz=128
APP_CRC_FAIL exp=7E7A got=6116 seq=73 syncOff=0 pSz=128
APP_CRC_FAIL exp=7E4C got=6C1E seq=74 syncOff=0 pSz=128
APP_CRC_FAIL exp=7E4C got=98F9 seq=75 syncOff=0 pSz=128
APP_CRC_FAIL exp=7E4C got=760E seq=76 syncOff=0 pSz=128
APP_CRC_FAIL exp=7E7A got=82E9 seq=77 syncOff=0 pSz=128
APP_CRC_FAIL exp=7E7A got=8FE1 seq=78 syncOff=0 pSz=128
APP_CRC_FAIL exp=7E4C got=7B06 seq=79 syncOff=0 pSz=128
APP_CRC_FAIL exp=7E4C got=B0D3 seq=80 syncOff=0 pSz=128
APP_CRC_FAIL exp=7E7A got=4434 seq=81 syncOff=0 pSz=128
APP_CRC_FAIL exp=7E4C got=493C seq=82 syncOff=0 pSz=128
APP_CRC_FAIL exp=7E7A got=EEBE seq=83 syncOff=0 pSz=128
PHASE_RESULT 42 LF-FLRC-325-128 pktSize=128 rx=0 unique=0 lost=100 per=100.0 rssi_avg=-43 rssi_min=-43 crc_err=84 garbage=0 tx_lat=0.00000 tx_lon=0.00000 sats=0 fix=0 utc=0 tx_fw=none rx_fw=unknown
PHASE_GUARD 500
PHASE_START 43 LF-FLRC-325-255 pktSize=255
PHASE_RESULT 43 LF-FLRC-325-255 pktSize=255 rx=0 unique=0 lost=100 per=100.0 rssi_avg=0 rssi_min=0 crc_err=0 garbage=0 tx_lat=0.00000 tx_lon=0.00000 sats=0 fix=0 utc=0 tx_fw=none rx_fw=unknown
PHASE_GUARD 500
PHASE_START 44 LF-FLRC-650-32 pktSize=32
SYNC_OFFSET phase=44 off=0 prev=-1
APP_CRC_FAIL exp=1E18 got=A2EA seq=0 syncOff=0 pSz=32
APP_CRC_FAIL exp=1E18 got=49C9 seq=1 syncOff=0 pSz=32
SYNC_NOT_FOUND first4=D035E6F5
SYNC_NOT_FOUND first4=35656A2D
SYNC_NOT_FOUND first4=6B6E6F77
SYNC_LOST phase=44 consecutive=3 cached_off=0
SYNC_OFFSET phase=44 off=0 prev=-1
APP_CRC_FAIL exp=1E18 got=2F89 seq=6 syncOff=0 pSz=32
SYNC_NOT_FOUND first4=E035E6F5
SYNC_NOT_FOUND first4=35656A2D
SYNC_NOT_FOUND first4=6B6E6F77
SYNC_LOST phase=44 consecutive=3 cached_off=0
SYNC_OFFSET phase=44 off=0 prev=-1
APP_CRC_FAIL exp=1E18 got=71BA seq=11 syncOff=0 pSz=32
SYNC_NOT_FOUND first4=E035E6F5
SYNC_NOT_FOUND first4=35656A2D
SYNC_NOT_FOUND first4=6B6E6F77
SYNC_LOST phase=44 consecutive=3 cached_off=0
SYNC_OFFSET phase=44 off=0 prev=-1
APP_CRC_FAIL exp=1E18 got=9BB9 seq=16 syncOff=0 pSz=32
SYNC_NOT_FOUND first4=F035E6F5
SYNC_NOT_FOUND first4=35656A2D
SYNC_NOT_FOUND first4=6B6E6F77
SYNC_LOST phase=44 consecutive=3 cached_off=0
SYNC_OFFSET phase=44 off=0 prev=-1
APP_CRC_FAIL exp=1E18 got=E764 seq=21 syncOff=0 pSz=32
APP_CRC_FAIL exp=1E18 got=CA20 seq=22 syncOff=0 pSz=32
APP_CRC_FAIL exp=1E18 got=2103 seq=23 syncOff=0 pSz=32
APP_CRC_FAIL exp=1E18 got=B957 seq=24 syncOff=0 pSz=32
APP_CRC_FAIL exp=1E18 got=5274 seq=25 syncOff=0 pSz=32
APP_CRC_FAIL exp=1E18 got=7F30 seq=26 syncOff=0 pSz=32
APP_CRC_FAIL exp=1E18 got=9413 seq=27 syncOff=0 pSz=32
APP_CRC_FAIL exp=1E18 got=25B8 seq=28 syncOff=0 pSz=32
APP_CRC_FAIL exp=1E18 got=1970 seq=29 syncOff=0 pSz=32
APP_CRC_FAIL exp=1E18 got=3434 seq=30 syncOff=0 pSz=32
APP_CRC_FAIL exp=1E18 got=DF17 seq=31 syncOff=0 pSz=32
APP_CRC_FAIL exp=1E18 got=B341 seq=32 syncOff=0 pSz=32
APP_CRC_FAIL exp=1E18 got=5862 seq=33 syncOff=0 pSz=32
APP_CRC_FAIL exp=1E18 got=7526 seq=34 syncOff=0 pSz=32
APP_CRC_FAIL exp=1E18 got=9E05 seq=35 syncOff=0 pSz=32
APP_CRC_FAIL exp=1E18 got=1FA1 seq=36 syncOff=0 pSz=32
APP_CRC_FAIL exp=1E18 got=F482 seq=37 syncOff=0 pSz=32
APP_CRC_FAIL exp=1E18 got=D9C6 seq=38 syncOff=0 pSz=32
APP_CRC_FAIL exp=1E18 got=32E5 seq=39 syncOff=0 pSz=32
APP_CRC_FAIL exp=1E18 got=AAB1 seq=40 syncOff=0 pSz=32
APP_CRC_FAIL exp=1E18 got=4192 seq=41 syncOff=0 pSz=32
APP_CRC_FAIL exp=1E18 got=6CD6 seq=42 syncOff=0 pSz=32
APP_CRC_FAIL exp=1E18 got=8544 seq=43 syncOff=0 pSz=32
APP_CRC_FAIL exp=1E18 got=34EF seq=44 syncOff=0 pSz=32
APP_CRC_FAIL exp=1E18 got=DFCC seq=45 syncOff=0 pSz=32
APP_CRC_FAIL exp=1E18 got=F288 seq=46 syncOff=0 pSz=32
APP_CRC_FAIL exp=1E18 got=19AB seq=47 syncOff=0 pSz=32
APP_CRC_FAIL exp=1E18 got=D201 seq=48 syncOff=0 pSz=32
APP_CRC_FAIL exp=1E18 got=3922 seq=49 syncOff=0 pSz=32
APP_CRC_FAIL exp=1E18 got=1466 seq=50 syncOff=0 pSz=32
APP_CRC_FAIL exp=1E18 got=A097 seq=51 syncOff=0 pSz=32
APP_CRC_FAIL exp=1E18 got=113C seq=52 syncOff=0 pSz=32
APP_CRC_FAIL exp=1E18 got=FA1F seq=53 syncOff=0 pSz=32
APP_CRC_FAIL exp=1E18 got=D75B seq=54 syncOff=0 pSz=32
APP_CRC_FAIL exp=1E18 got=3C78 seq=55 syncOff=0 pSz=32
APP_CRC_FAIL exp=1E18 got=196A seq=56 syncOff=0 pSz=32
APP_CRC_FAIL exp=1E18 got=F249 seq=57 syncOff=0 pSz=32
APP_CRC_FAIL exp=1E18 got=DF0D seq=58 syncOff=0 pSz=32
APP_CRC_FAIL exp=1E18 got=342E seq=59 syncOff=0 pSz=32
APP_CRC_FAIL exp=1E18 got=8585 seq=60 syncOff=0 pSz=32
APP_CRC_FAIL exp=1E18 got=6EA6 seq=61 syncOff=0 pSz=32
APP_CRC_FAIL exp=1E18 got=43E2 seq=62 syncOff=0 pSz=32
APP_CRC_FAIL exp=1E18 got=5529 seq=63 syncOff=0 pSz=32
APP_CRC_FAIL exp=1E18 got=66A6 seq=64 syncOff=0 pSz=32
APP_CRC_FAIL exp=1E18 got=8D85 seq=65 syncOff=0 pSz=32
APP_CRC_FAIL exp=1E18 got=A0C1 seq=66 syncOff=0 pSz=32
APP_CRC_FAIL exp=1E18 got=4BE2 seq=67 syncOff=0 pSz=32
APP_CRC_FAIL exp=1E18 got=FA49 seq=68 syncOff=0 pSz=32
APP_CRC_FAIL exp=1E18 got=116A seq=69 syncOff=0 pSz=32
APP_CRC_FAIL exp=1E18 got=3C2E seq=70 syncOff=0 pSz=32
APP_CRC_FAIL exp=1E18 got=D70D seq=71 syncOff=0 pSz=32
APP_CRC_FAIL exp=1E18 got=4F59 seq=72 syncOff=0 pSz=32
APP_CRC_FAIL exp=1E18 got=A47A seq=73 syncOff=0 pSz=32
APP_CRC_FAIL exp=1E18 got=893E seq=74 syncOff=0 pSz=32
APP_CRC_FAIL exp=1E18 got=621D seq=75 syncOff=0 pSz=32
APP_CRC_FAIL exp=1E18 got=D3B6 seq=76 syncOff=0 pSz=32
APP_CRC_FAIL exp=1E18 got=3895 seq=77 syncOff=0 pSz=32
APP_CRC_FAIL exp=1E18 got=15D1 seq=78 syncOff=0 pSz=32
APP_CRC_FAIL exp=1E18 got=FEF2 seq=79 syncOff=0 pSz=32
APP_CRC_FAIL exp=1E18 got=3558 seq=80 syncOff=0 pSz=32
APP_CRC_FAIL exp=1E18 got=DE7B seq=81 syncOff=0 pSz=32
APP_CRC_FAIL exp=1E18 got=F33F seq=82 syncOff=0 pSz=32
APP_CRC_FAIL exp=1E18 got=181C seq=83 syncOff=0 pSz=32
PHASE_RESULT 44 LF-FLRC-650-32 pktSize=32 rx=0 unique=0 lost=100 per=100.0 rssi_avg=-43 rssi_min=-44 crc_err=68 garbage=12 tx_lat=0.00000 tx_lon=0.00000 sats=0 fix=0 utc=0 tx_fw=none rx_fw=unknown
PHASE_GUARD 500
PHASE_START 45 LF-FLRC-650-64 pktSize=64
SYNC_OFFSET phase=45 off=0 prev=-1
APP_CRC_FAIL exp=3E31 got=3A3F seq=0 syncOff=0 pSz=64
APP_CRC_FAIL exp=3E31 got=82DF seq=1 syncOff=0 pSz=64
SYNC_NOT_FOUND first4=7036E6F5
SYNC_NOT_FOUND first4=35656A2E
SYNC_NOT_FOUND first4=6B6E6F77
SYNC_LOST phase=45 consecutive=3 cached_off=0
SYNC_OFFSET phase=45 off=32 prev=-1
SYNC_OOB gpsOff=36 crcLen=58 readLen=72 — skipping
SYNC_OFFSET phase=45 off=24 prev=32
SYNC_OOB gpsOff=28 crcLen=58 readLen=72 — skipping
SYNC_OFFSET phase=45 off=16 prev=24
SYNC_OOB gpsOff=20 crcLen=58 readLen=72 — skipping
SYNC_OFFSET phase=45 off=8 prev=16
APP_CRC_FAIL exp=3E3D got=157A seq=9 syncOff=8 pSz=64
SYNC_OFFSET phase=45 off=0 prev=8
APP_CRC_FAIL exp=3E31 got=CC7B seq=10 syncOff=0 pSz=64
SYNC_NOT_FOUND first4=7036E6F5
SYNC_NOT_FOUND first4=35656A2E
SYNC_NOT_FOUND first4=6B6E6F77
SYNC_LOST phase=45 consecutive=3 cached_off=0
SYNC_OFFSET phase=45 off=32 prev=-1
SYNC_OOB gpsOff=36 crcLen=58 readLen=72 — skipping
SYNC_OFFSET phase=45 off=24 prev=32
SYNC_OOB gpsOff=28 crcLen=58 readLen=72 — skipping
SYNC_OFFSET phase=45 off=16 prev=24
SYNC_OOB gpsOff=20 crcLen=58 readLen=72 — skipping
SYNC_OFFSET phase=45 off=8 prev=16
APP_CRC_FAIL exp=3E31 got=22B2 seq=18 syncOff=8 pSz=64
SYNC_OFFSET phase=45 off=0 prev=8
APP_CRC_FAIL exp=3E31 got=8E04 seq=19 syncOff=0 pSz=64
APP_CRC_FAIL exp=3E31 got=94C7 seq=20 syncOff=0 pSz=64
APP_CRC_FAIL exp=3E31 got=2C27 seq=21 syncOff=0 pSz=64
APP_CRC_FAIL exp=3E31 got=E170 seq=22 syncOff=0 pSz=64
APP_CRC_FAIL exp=3E31 got=5990 seq=23 syncOff=0 pSz=64
APP_CRC_FAIL exp=3E31 got=D4F6 seq=24 syncOff=0 pSz=64
APP_CRC_FAIL exp=3E31 got=6C16 seq=25 syncOff=0 pSz=64
APP_CRC_FAIL exp=3E31 got=9B33 seq=26 syncOff=0 pSz=64
APP_CRC_FAIL exp=3E31 got=23D3 seq=27 syncOff=0 pSz=64
APP_CRC_FAIL exp=3E31 got=3910 seq=28 syncOff=0 pSz=64
APP_CRC_FAIL exp=3E31 got=81F0 seq=29 syncOff=0 pSz=64
APP_CRC_FAIL exp=3E31 got=58F1 seq=30 syncOff=0 pSz=64
APP_CRC_FAIL exp=3E31 got=E011 seq=31 syncOff=0 pSz=64
APP_CRC_FAIL exp=3E31 got=2CCA seq=32 syncOff=0 pSz=64
APP_CRC_FAIL exp=3E31 got=942A seq=33 syncOff=0 pSz=64
APP_CRC_FAIL exp=3E31 got=4D2B seq=34 syncOff=0 pSz=64
APP_CRC_FAIL exp=3E31 got=F5CB seq=35 syncOff=0 pSz=64
APP_CRC_FAIL exp=3E31 got=41BA seq=36 syncOff=0 pSz=64
APP_CRC_FAIL exp=3E31 got=F95A seq=37 syncOff=0 pSz=64
APP_CRC_FAIL exp=3E31 got=205B seq=38 syncOff=0 pSz=64
APP_CRC_FAIL exp=3E31 got=98BB seq=39 syncOff=0 pSz=64
APP_CRC_FAIL exp=3E31 got=15DD seq=40 syncOff=0 pSz=64
APP_CRC_FAIL exp=3E31 got=AD3D seq=41 syncOff=0 pSz=64
APP_CRC_FAIL exp=3E31 got=743C seq=42 syncOff=0 pSz=64
APP_CRC_FAIL exp=3E31 got=CCDC seq=43 syncOff=0 pSz=64
APP_CRC_FAIL exp=3E31 got=D61F seq=44 syncOff=0 pSz=64
APP_CRC_FAIL exp=3E31 got=6EFF seq=45 syncOff=0 pSz=64
APP_CRC_FAIL exp=3E31 got=E0A7 seq=46 syncOff=0 pSz=64
APP_CRC_FAIL exp=3E31 got=5847 seq=47 syncOff=0 pSz=64
APP_CRC_FAIL exp=3E31 got=EA4A seq=48 syncOff=0 pSz=64
APP_CRC_FAIL exp=3E31 got=52AA seq=49 syncOff=0 pSz=64
APP_CRC_FAIL exp=3E31 got=8BAB seq=50 syncOff=0 pSz=64
APP_CRC_FAIL exp=3E31 got=FEA9 seq=51 syncOff=0 pSz=64
APP_CRC_FAIL exp=3E31 got=3CD9 seq=52 syncOff=0 pSz=64
APP_CRC_FAIL exp=3E31 got=8439 seq=53 syncOff=0 pSz=64
APP_CRC_FAIL exp=3E31 got=5D38 seq=54 syncOff=0 pSz=64
APP_CRC_FAIL exp=3E31 got=E5D8 seq=55 syncOff=0 pSz=64
APP_CRC_FAIL exp=3E31 got=8B49 seq=56 syncOff=0 pSz=64
APP_CRC_FAIL exp=3E31 got=33A9 seq=57 syncOff=0 pSz=64
APP_CRC_FAIL exp=3E31 got=EAA8 seq=58 syncOff=0 pSz=64
APP_CRC_FAIL exp=3E31 got=5248 seq=59 syncOff=0 pSz=64
APP_CRC_FAIL exp=3E31 got=488B seq=60 syncOff=0 pSz=64
APP_CRC_FAIL exp=3E31 got=F06B seq=61 syncOff=0 pSz=64
APP_CRC_FAIL exp=3E31 got=296A seq=62 syncOff=0 pSz=64
APP_CRC_FAIL exp=3E31 got=918A seq=63 syncOff=0 pSz=64
APP_CRC_FAIL exp=3E31 got=A0FD seq=64 syncOff=0 pSz=64
APP_CRC_FAIL exp=3E31 got=181D seq=65 syncOff=0 pSz=64
APP_CRC_FAIL exp=3E31 got=C11C seq=66 syncOff=0 pSz=64
APP_CRC_FAIL exp=3E31 got=79FC seq=67 syncOff=0 pSz=64
APP_CRC_FAIL exp=3E31 got=633F seq=68 syncOff=0 pSz=64
APP_CRC_FAIL exp=3E31 got=DBDF seq=69 syncOff=0 pSz=64
APP_CRC_FAIL exp=3E31 got=02DE seq=70 syncOff=0 pSz=64
APP_CRC_FAIL exp=3E31 got=BA3E seq=71 syncOff=0 pSz=64
APP_CRC_FAIL exp=3E31 got=CEB3 seq=72 syncOff=0 pSz=64
APP_CRC_FAIL exp=3E31 got=7653 seq=73 syncOff=0 pSz=64
APP_CRC_FAIL exp=3E31 got=AF52 seq=74 syncOff=0 pSz=64
APP_CRC_FAIL exp=3E31 got=17B2 seq=75 syncOff=0 pSz=64
APP_CRC_FAIL exp=3E31 got=0D71 seq=76 syncOff=0 pSz=64
APP_CRC_FAIL exp=3E31 got=B591 seq=77 syncOff=0 pSz=64
APP_CRC_FAIL exp=3E31 got=6C90 seq=78 syncOff=0 pSz=64
APP_CRC_FAIL exp=3E31 got=D470 seq=79 syncOff=0 pSz=64
APP_CRC_FAIL exp=3E31 got=667D seq=80 syncOff=0 pSz=64
APP_CRC_FAIL exp=3E31 got=DE9D seq=81 syncOff=0 pSz=64
APP_CRC_FAIL exp=3E31 got=50C5 seq=82 syncOff=0 pSz=64
APP_CRC_FAIL exp=3E31 got=E825 seq=83 syncOff=0 pSz=64
PHASE_RESULT 45 LF-FLRC-650-64 pktSize=64 rx=0 unique=0 lost=100 per=100.0 rssi_avg=-43 rssi_min=-43 crc_err=70 garbage=12 tx_lat=0.00000 tx_lon=0.00000 sats=0 fix=0 utc=0 tx_fw=none rx_fw=unknown
PHASE_GUARD 500
PHASE_START 46 LF-FLRC-650-128 pktSize=128
SYNC_OFFSET phase=46 off=0 prev=-1
APP_CRC_FAIL exp=7E7A got=9F55 seq=0 syncOff=0 pSz=128
APP_CRC_FAIL exp=7E4C got=6BB2 seq=1 syncOff=0 pSz=128
SYNC_NOT_FOUND first4=0037E6F5
SYNC_NOT_FOUND first4=35656A2F
SYNC_NOT_FOUND first4=6B6E6F77
SYNC_LOST phase=46 consecutive=3 cached_off=0
SYNC_OFFSET phase=46 off=96 prev=-1
SYNC_OOB gpsOff=100 crcLen=122 readLen=136 — skipping
SYNC_OFFSET phase=46 off=88 prev=96
SYNC_OOB gpsOff=92 crcLen=122 readLen=136 — skipping
SYNC_OFFSET phase=46 off=80 prev=88
SYNC_OOB gpsOff=84 crcLen=122 readLen=136 — skipping
SYNC_OFFSET phase=46 off=72 prev=80
SYNC_OOB gpsOff=76 crcLen=122 readLen=136 — skipping
SYNC_OFFSET phase=46 off=64 prev=72
SYNC_OOB gpsOff=68 crcLen=122 readLen=136 — skipping
SYNC_OFFSET phase=46 off=56 prev=64
SYNC_OOB gpsOff=60 crcLen=122 readLen=136 — skipping
SYNC_OFFSET phase=46 off=48 prev=56
SYNC_OOB gpsOff=52 crcLen=122 readLen=136 — skipping
SYNC_OFFSET phase=46 off=40 prev=48
SYNC_OOB gpsOff=44 crcLen=122 readLen=136 — skipping
SYNC_OFFSET phase=46 off=32 prev=40
SYNC_OOB gpsOff=36 crcLen=122 readLen=136 — skipping
SYNC_OFFSET phase=46 off=24 prev=32
SYNC_OOB gpsOff=28 crcLen=122 readLen=136 — skipping
SYNC_OFFSET phase=46 off=16 prev=24
SYNC_OOB gpsOff=20 crcLen=122 readLen=136 — skipping
SYNC_OFFSET phase=46 off=8 prev=16
APP_CRC_FAIL exp=7E7A got=39C8 seq=17 syncOff=8 pSz=128
SYNC_OFFSET phase=46 off=0 prev=8
APP_CRC_FAIL exp=7E4C got=FF05 seq=18 syncOff=0 pSz=128
APP_CRC_FAIL exp=7E4C got=0BE2 seq=19 syncOff=0 pSz=128
APP_CRC_FAIL exp=7E7A got=E515 seq=20 syncOff=0 pSz=128
APP_CRC_FAIL exp=7E4C got=11F2 seq=21 syncOff=0 pSz=128
APP_CRC_FAIL exp=7E4C got=1CFA seq=22 syncOff=0 pSz=128
APP_CRC_FAIL exp=7E4C got=7A44 seq=23 syncOff=0 pSz=128
APP_CRC_FAIL exp=7E4C got=436C seq=24 syncOff=0 pSz=128
APP_CRC_FAIL exp=7E4C got=B78B seq=25 syncOff=0 pSz=128
APP_CRC_FAIL exp=7E4C got=BA83 seq=26 syncOff=0 pSz=128
APP_CRC_FAIL exp=7E4C got=4E64 seq=27 syncOff=0 pSz=128
APP_CRC_FAIL exp=7E4C got=A093 seq=28 syncOff=0 pSz=128
APP_CRC_FAIL exp=7E4C got=5474 seq=29 syncOff=0 pSz=128
APP_CRC_FAIL exp=7E4C got=597C seq=30 syncOff=0 pSz=128
APP_CRC_FAIL exp=7E4C got=AD9B seq=31 syncOff=0 pSz=128
APP_CRC_FAIL exp=7E4C got=4433 seq=32 syncOff=0 pSz=128
APP_CRC_FAIL exp=7E4C got=B0D4 seq=33 syncOff=0 pSz=128
APP_CRC_FAIL exp=7E4C got=BDDC seq=34 syncOff=0 pSz=128
APP_CRC_FAIL exp=7E7A got=493B seq=35 syncOff=0 pSz=128
APP_CRC_FAIL exp=7E4C got=A7CC seq=36 syncOff=0 pSz=128
APP_CRC_FAIL exp=7E4C got=532B seq=37 syncOff=0 pSz=128
APP_CRC_FAIL exp=7E4C got=5E23 seq=38 syncOff=0 pSz=128
APP_CRC_FAIL exp=7E4C got=AAC4 seq=39 syncOff=0 pSz=128
APP_CRC_FAIL exp=7E4C got=93EC seq=40 syncOff=0 pSz=128
APP_CRC_FAIL exp=7E4C got=670B seq=41 syncOff=0 pSz=128
APP_CRC_FAIL exp=7E7A got=6A03 seq=42 syncOff=0 pSz=128
APP_CRC_FAIL exp=7E7A got=F912 seq=43 syncOff=0 pSz=128
APP_CRC_FAIL exp=7E4C got=17E5 seq=44 syncOff=0 pSz=128
APP_CRC_FAIL exp=7E7A got=E302 seq=45 syncOff=0 pSz=128
APP_CRC_FAIL exp=7E7A got=EE0A seq=46 syncOff=0 pSz=128
APP_CRC_FAIL exp=7E7A got=1AED seq=47 syncOff=0 pSz=128
APP_CRC_FAIL exp=7E7A got=9C5A seq=48 syncOff=0 pSz=128
APP_CRC_FAIL exp=7E7A got=68BD seq=49 syncOff=0 pSz=128
APP_CRC_FAIL exp=7E4C got=A489 seq=50 syncOff=0 pSz=128
APP_CRC_FAIL exp=7E4C got=506E seq=51 syncOff=0 pSz=128
APP_CRC_FAIL exp=7E7A got=F2F7 seq=52 syncOff=0 pSz=128
APP_CRC_FAIL exp=7E4C got=EDB8 seq=53 syncOff=0 pSz=128
APP_CRC_FAIL exp=7E4C got=E0B0 seq=54 syncOff=0 pSz=128
APP_CRC_FAIL exp=7E7A got=1457 seq=55 syncOff=0 pSz=128
APP_CRC_FAIL exp=7E7A got=7E1A seq=56 syncOff=0 pSz=128
APP_CRC_FAIL exp=7E4C got=8AFD seq=57 syncOff=0 pSz=128
APP_CRC_FAIL exp=7E4C got=87F5 seq=58 syncOff=0 pSz=128
APP_CRC_FAIL exp=7E7A got=7312 seq=59 syncOff=0 pSz=128
APP_CRC_FAIL exp=7E4C got=9DE5 seq=60 syncOff=0 pSz=128
APP_CRC_FAIL exp=7E7A got=6902 seq=61 syncOff=0 pSz=128
APP_CRC_FAIL exp=7E4C got=640A seq=62 syncOff=0 pSz=128
APP_CRC_FAIL exp=7E4C got=90ED seq=63 syncOff=0 pSz=128
APP_CRC_FAIL exp=7E4C got=A77B seq=64 syncOff=0 pSz=128
APP_CRC_FAIL exp=7E4C got=539C seq=65 syncOff=0 pSz=128
APP_CRC_FAIL exp=7E7A got=5E94 seq=66 syncOff=0 pSz=128
APP_CRC_FAIL exp=7E4C got=AA73 seq=67 syncOff=0 pSz=128
APP_CRC_FAIL exp=7E4C got=4484 seq=68 syncOff=0 pSz=128
APP_CRC_FAIL exp=7E7A got=B063 seq=69 syncOff=0 pSz=128
APP_CRC_FAIL exp=7E7A got=7C57 seq=70 syncOff=0 pSz=128
APP_CRC_FAIL exp=7E4C got=88B0 seq=71 syncOff=0 pSz=128
APP_CRC_FAIL exp=7E4C got=B198 seq=72 syncOff=0 pSz=128
APP_CRC_FAIL exp=7E4C got=457F seq=73 syncOff=0 pSz=128
APP_CRC_FAIL exp=7E4C got=4877 seq=74 syncOff=0 pSz=128
APP_CRC_FAIL exp=7E4C got=BC90 seq=75 syncOff=0 pSz=128
APP_CRC_FAIL exp=7E4C got=5267 seq=76 syncOff=0 pSz=128
APP_CRC_FAIL exp=7E7A got=A680 seq=77 syncOff=0 pSz=128
APP_CRC_FAIL exp=7E4C got=AB88 seq=78 syncOff=0 pSz=128
APP_CRC_FAIL exp=7E7A got=5F6F seq=79 syncOff=0 pSz=128
APP_CRC_FAIL exp=7E4C got=D9D8 seq=80 syncOff=0 pSz=128
APP_CRC_FAIL exp=7E4C got=2D3F seq=81 syncOff=0 pSz=128
APP_CRC_FAIL exp=7E7A got=2037 seq=82 syncOff=0 pSz=128
APP_CRC_FAIL exp=7E7A got=D4D0 seq=83 syncOff=0 pSz=128
PHASE_RESULT 46 LF-FLRC-650-128 pktSize=128 rx=0 unique=0 lost=100 per=100.0 rssi_avg=-42 rssi_min=-42 crc_err=69 garbage=14 tx_lat=0.00000 tx_lon=0.00000 sats=0 fix=0 utc=0 tx_fw=none rx_fw=unknown
PHASE_GUARD 500
PHASE_START 47 LF-FLRC-650-255 pktSize=255
PHASE_RESULT 47 LF-FLRC-650-255 pktSize=255 rx=0 unique=0 lost=100 per=100.0 rssi_avg=0 rssi_min=0 crc_err=0 garbage=0 tx_lat=0.00000 tx_lon=0.00000 sats=0 fix=0 utc=0 tx_fw=none rx_fw=unknown
PHASE_GUARD 500
PHASE_START 48 LF-FLRC-1300-32 pktSize=32
SYNC_OFFSET phase=48 off=0 prev=-1
APP_CRC_FAIL exp=1E18 got=AB6C seq=0 syncOff=0 pSz=32
APP_CRC_FAIL exp=1E18 got=404F seq=1 syncOff=0 pSz=32
SYNC_NOT_FOUND first4=3037E6F5
SYNC_NOT_FOUND first4=35656A31
SYNC_NOT_FOUND first4=6B6E6F77
SYNC_LOST phase=48 consecutive=3 cached_off=0
SYNC_OFFSET phase=48 off=0 prev=-1
APP_CRC_FAIL exp=1E18 got=B219 seq=6 syncOff=0 pSz=32
SYNC_NOT_FOUND first4=3037E6F5
SYNC_NOT_FOUND first4=35656A31
SYNC_NOT_FOUND first4=6B6E6F77
SYNC_LOST phase=48 consecutive=3 cached_off=0
SYNC_OFFSET phase=48 off=0 prev=-1
APP_CRC_FAIL exp=1E18 got=8687 seq=11 syncOff=0 pSz=32
SYNC_NOT_FOUND first4=1037E6F5
SYNC_NOT_FOUND first4=35656A31
SYNC_NOT_FOUND first4=6B6E6F77
SYNC_LOST phase=48 consecutive=3 cached_off=0
SYNC_OFFSET phase=48 off=0 prev=-1
APP_CRC_FAIL exp=1E18 got=D1C2 seq=16 syncOff=0 pSz=32
SYNC_NOT_FOUND first4=1037E6F5
SYNC_NOT_FOUND first4=35656A31
SYNC_NOT_FOUND first4=6B6E6F77
SYNC_LOST phase=48 consecutive=3 cached_off=0
SYNC_OFFSET phase=48 off=0 prev=-1
APP_CRC_FAIL exp=1E18 got=B5B4 seq=21 syncOff=0 pSz=32
APP_CRC_FAIL exp=1E18 got=98F0 seq=22 syncOff=0 pSz=32
APP_CRC_FAIL exp=1E18 got=73D3 seq=23 syncOff=0 pSz=32
APP_CRC_FAIL exp=1E18 got=EB87 seq=24 syncOff=0 pSz=32
APP_CRC_FAIL exp=1E18 got=00A4 seq=25 syncOff=0 pSz=32
APP_CRC_FAIL exp=1E18 got=2DE0 seq=26 syncOff=0 pSz=32
APP_CRC_FAIL exp=1E18 got=C6C3 seq=27 syncOff=0 pSz=32
APP_CRC_FAIL exp=1E18 got=7768 seq=28 syncOff=0 pSz=32
APP_CRC_FAIL exp=1E18 got=F199 seq=29 syncOff=0 pSz=32
APP_CRC_FAIL exp=1E18 got=DCDD seq=30 syncOff=0 pSz=32
APP_CRC_FAIL exp=1E18 got=37FE seq=31 syncOff=0 pSz=32
APP_CRC_FAIL exp=1E18 got=5BA8 seq=32 syncOff=0 pSz=32
APP_CRC_FAIL exp=1E18 got=B08B seq=33 syncOff=0 pSz=32
APP_CRC_FAIL exp=1E18 got=9DCF seq=34 syncOff=0 pSz=32
APP_CRC_FAIL exp=1E18 got=76EC seq=35 syncOff=0 pSz=32
APP_CRC_FAIL exp=1E18 got=B4B5 seq=36 syncOff=0 pSz=32
APP_CRC_FAIL exp=1E18 got=5F96 seq=37 syncOff=0 pSz=32
APP_CRC_FAIL exp=1E18 got=72D2 seq=38 syncOff=0 pSz=32
APP_CRC_FAIL exp=1E18 got=99F1 seq=39 syncOff=0 pSz=32
APP_CRC_FAIL exp=1E18 got=01A5 seq=40 syncOff=0 pSz=32
APP_CRC_FAIL exp=1E18 got=EA86 seq=41 syncOff=0 pSz=32
APP_CRC_FAIL exp=1E18 got=C7C2 seq=42 syncOff=0 pSz=32
APP_CRC_FAIL exp=1E18 got=FB0A seq=43 syncOff=0 pSz=32
APP_CRC_FAIL exp=1E18 got=4AA1 seq=44 syncOff=0 pSz=32
APP_CRC_FAIL exp=1E18 got=A182 seq=45 syncOff=0 pSz=32
APP_CRC_FAIL exp=1E18 got=8CC6 seq=46 syncOff=0 pSz=32
APP_CRC_FAIL exp=1E18 got=67E5 seq=47 syncOff=0 pSz=32
APP_CRC_FAIL exp=1E18 got=AC4F seq=48 syncOff=0 pSz=32
APP_CRC_FAIL exp=1E18 got=476C seq=49 syncOff=0 pSz=32
APP_CRC_FAIL exp=1E18 got=6A28 seq=50 syncOff=0 pSz=32
APP_CRC_FAIL exp=1E18 got=F99C seq=51 syncOff=0 pSz=32
APP_CRC_FAIL exp=1E18 got=4837 seq=52 syncOff=0 pSz=32
APP_CRC_FAIL exp=1E18 got=A314 seq=53 syncOff=0 pSz=32
APP_CRC_FAIL exp=1E18 got=8E50 seq=54 syncOff=0 pSz=32
APP_CRC_FAIL exp=1E18 got=6573 seq=55 syncOff=0 pSz=32
APP_CRC_FAIL exp=1E18 got=FD27 seq=56 syncOff=0 pSz=32
APP_CRC_FAIL exp=1E18 got=1604 seq=57 syncOff=0 pSz=32
APP_CRC_FAIL exp=1E18 got=3B40 seq=58 syncOff=0 pSz=32
APP_CRC_FAIL exp=1E18 got=D063 seq=59 syncOff=0 pSz=32
APP_CRC_FAIL exp=1E18 got=61C8 seq=60 syncOff=0 pSz=32
APP_CRC_FAIL exp=1E18 got=8AEB seq=61 syncOff=0 pSz=32
APP_CRC_FAIL exp=1E18 got=A7AF seq=62 syncOff=0 pSz=32
APP_CRC_FAIL exp=1E18 got=4C8C seq=63 syncOff=0 pSz=32
APP_CRC_FAIL exp=1E18 got=7F03 seq=64 syncOff=0 pSz=32
APP_CRC_FAIL exp=1E18 got=9420 seq=65 syncOff=0 pSz=32
APP_CRC_FAIL exp=1E18 got=B964 seq=66 syncOff=0 pSz=32
APP_CRC_FAIL exp=1E18 got=5247 seq=67 syncOff=0 pSz=32
APP_CRC_FAIL exp=1E18 got=E3EC seq=68 syncOff=0 pSz=32
APP_CRC_FAIL exp=1E18 got=08CF seq=69 syncOff=0 pSz=32
APP_CRC_FAIL exp=1E18 got=258B seq=70 syncOff=0 pSz=32
APP_CRC_FAIL exp=1E18 got=CEA8 seq=71 syncOff=0 pSz=32
APP_CRC_FAIL exp=1E18 got=56FC seq=72 syncOff=0 pSz=32
APP_CRC_FAIL exp=1E18 got=BDDF seq=73 syncOff=0 pSz=32
APP_CRC_FAIL exp=1E18 got=909B seq=74 syncOff=0 pSz=32
APP_CRC_FAIL exp=1E18 got=7BB8 seq=75 syncOff=0 pSz=32
APP_CRC_FAIL exp=1E18 got=CA13 seq=76 syncOff=0 pSz=32
APP_CRC_FAIL exp=1E18 got=2130 seq=77 syncOff=0 pSz=32
APP_CRC_FAIL exp=1E18 got=0C74 seq=78 syncOff=0 pSz=32
APP_CRC_FAIL exp=1E18 got=E757 seq=79 syncOff=0 pSz=32
APP_CRC_FAIL exp=1E18 got=2CFD seq=80 syncOff=0 pSz=32
APP_CRC_FAIL exp=1E18 got=C7DE seq=81 syncOff=0 pSz=32
APP_CRC_FAIL exp=1E18 got=EA9A seq=82 syncOff=0 pSz=32
APP_CRC_FAIL exp=1E18 got=01B9 seq=83 syncOff=0 pSz=32
PHASE_RESULT 48 LF-FLRC-1300-32 pktSize=32 rx=0 unique=0 lost=100 per=100.0 rssi_avg=-43 rssi_min=-43 crc_err=68 garbage=12 tx_lat=0.00000 tx_lon=0.00000 sats=0 fix=0 utc=0 tx_fw=none rx_fw=unknown
PHASE_GUARD 500
PHASE_START 49 LF-FLRC-1300-64 pktSize=64
SYNC_OFFSET phase=49 off=0 prev=-1
APP_CRC_FAIL exp=3E31 got=843C seq=0 syncOff=0 pSz=64
APP_CRC_FAIL exp=3E31 got=3CDC seq=1 syncOff=0 pSz=64
SYNC_NOT_FOUND first4=A036E6F5
SYNC_NOT_FOUND first4=35656A32
SYNC_NOT_FOUND first4=6B6E6F77
SYNC_LOST phase=49 consecutive=3 cached_off=0
SYNC_OFFSET phase=49 off=32 prev=-1
SYNC_OOB gpsOff=36 crcLen=58 readLen=72 — skipping
SYNC_OOB gpsOff=36 crcLen=58 readLen=72 — skipping
SYNC_OFFSET phase=49 off=24 prev=32
SYNC_OOB gpsOff=28 crcLen=58 readLen=72 — skipping
SYNC_OFFSET phase=49 off=16 prev=24
SYNC_OOB gpsOff=20 crcLen=58 readLen=72 — skipping
SYNC_OFFSET phase=49 off=8 prev=16
APP_CRC_FAIL exp=3E31 got=DECE seq=11 syncOff=8 pSz=64
SYNC_OFFSET phase=49 off=0 prev=8
APP_CRC_FAIL exp=3E31 got=C40D seq=12 syncOff=0 pSz=64
SYNC_NOT_FOUND first4=A036E6F5
SYNC_NOT_FOUND first4=35656A32
SYNC_NOT_FOUND first4=6B6E6F77
SYNC_LOST phase=49 consecutive=3 cached_off=0
SYNC_OFFSET phase=49 off=32 prev=-1
SYNC_OOB gpsOff=36 crcLen=58 readLen=72 — skipping
SYNC_OFFSET phase=49 off=24 prev=32
SYNC_OOB gpsOff=28 crcLen=58 readLen=72 — skipping
SYNC_OFFSET phase=49 off=16 prev=24
SYNC_OOB gpsOff=20 crcLen=58 readLen=72 — skipping
SYNC_OFFSET phase=49 off=8 prev=16
APP_CRC_FAIL exp=3E31 got=2AC4 seq=20 syncOff=8 pSz=64
SYNC_OFFSET phase=49 off=0 prev=8
APP_CRC_FAIL exp=3E31 got=9224 seq=21 syncOff=0 pSz=64
SYNC_NOT_FOUND first4=A036E6F5
SYNC_NOT_FOUND first4=35656A32
SYNC_NOT_FOUND first4=6B6E6F77
SYNC_LOST phase=49 consecutive=3 cached_off=0
SYNC_OFFSET phase=49 off=32 prev=-1
SYNC_OOB gpsOff=36 crcLen=58 readLen=72 — skipping
SYNC_OFFSET phase=49 off=24 prev=32
SYNC_OOB gpsOff=28 crcLen=58 readLen=72 — skipping
SYNC_OFFSET phase=49 off=16 prev=24
SYNC_OOB gpsOff=20 crcLen=58 readLen=72 — skipping
SYNC_OFFSET phase=49 off=8 prev=16
APP_CRC_FAIL exp=3E31 got=AB33 seq=29 syncOff=8 pSz=64
SYNC_OFFSET phase=49 off=0 prev=8
APP_CRC_FAIL exp=3E31 got=7232 seq=30 syncOff=0 pSz=64
APP_CRC_FAIL exp=3E31 got=CAD2 seq=31 syncOff=0 pSz=64
APP_CRC_FAIL exp=3E31 got=0609 seq=32 syncOff=0 pSz=64
APP_CRC_FAIL exp=3E31 got=BEE9 seq=33 syncOff=0 pSz=64
APP_CRC_FAIL exp=3E31 got=67E8 seq=34 syncOff=0 pSz=64
APP_CRC_FAIL exp=3E31 got=DF08 seq=35 syncOff=0 pSz=64
APP_CRC_FAIL exp=3E31 got=EBEF seq=36 syncOff=0 pSz=64
APP_CRC_FAIL exp=3E31 got=530F seq=37 syncOff=0 pSz=64
APP_CRC_FAIL exp=3E31 got=8A0E seq=38 syncOff=0 pSz=64
APP_CRC_FAIL exp=3E31 got=32EE seq=39 syncOff=0 pSz=64
APP_CRC_FAIL exp=3E31 got=BF88 seq=40 syncOff=0 pSz=64
APP_CRC_FAIL exp=3E31 got=0768 seq=41 syncOff=0 pSz=64
APP_CRC_FAIL exp=3E31 got=DE69 seq=42 syncOff=0 pSz=64
APP_CRC_FAIL exp=3E31 got=6689 seq=43 syncOff=0 pSz=64
APP_CRC_FAIL exp=3E31 got=7C4A seq=44 syncOff=0 pSz=64
APP_CRC_FAIL exp=3E31 got=C4AA seq=45 syncOff=0 pSz=64
APP_CRC_FAIL exp=3E31 got=1DAB seq=46 syncOff=0 pSz=64
APP_CRC_FAIL exp=3E31 got=A54B seq=47 syncOff=0 pSz=64
APP_CRC_FAIL exp=3E31 got=1746 seq=48 syncOff=0 pSz=64
APP_CRC_FAIL exp=3E31 got=AFA6 seq=49 syncOff=0 pSz=64
APP_CRC_FAIL exp=3E31 got=76A7 seq=50 syncOff=0 pSz=64
APP_CRC_FAIL exp=3E31 got=03A5 seq=51 syncOff=0 pSz=64
APP_CRC_FAIL exp=3E31 got=1966 seq=52 syncOff=0 pSz=64
APP_CRC_FAIL exp=3E31 got=A186 seq=53 syncOff=0 pSz=64
APP_CRC_FAIL exp=3E31 got=7887 seq=54 syncOff=0 pSz=64
APP_CRC_FAIL exp=3E31 got=C067 seq=55 syncOff=0 pSz=64
APP_CRC_FAIL exp=3E31 got=4D01 seq=56 syncOff=0 pSz=64
APP_CRC_FAIL exp=3E31 got=F5E1 seq=57 syncOff=0 pSz=64
APP_CRC_FAIL exp=3E31 got=2CE0 seq=58 syncOff=0 pSz=64
APP_CRC_FAIL exp=3E31 got=9400 seq=59 syncOff=0 pSz=64
APP_CRC_FAIL exp=3E31 got=8EC3 seq=60 syncOff=0 pSz=64
APP_CRC_FAIL exp=3E31 got=3623 seq=61 syncOff=0 pSz=64
APP_CRC_FAIL exp=3E31 got=EF22 seq=62 syncOff=0 pSz=64
APP_CRC_FAIL exp=3E31 got=5837 seq=63 syncOff=0 pSz=64
APP_CRC_FAIL exp=3E31 got=6940 seq=64 syncOff=0 pSz=64
APP_CRC_FAIL exp=3E31 got=D1A0 seq=65 syncOff=0 pSz=64
APP_CRC_FAIL exp=3E31 got=08A1 seq=66 syncOff=0 pSz=64
APP_CRC_FAIL exp=3E31 got=B041 seq=67 syncOff=0 pSz=64
APP_CRC_FAIL exp=3E31 got=AA82 seq=68 syncOff=0 pSz=64
APP_CRC_FAIL exp=3E31 got=1262 seq=69 syncOff=0 pSz=64
APP_CRC_FAIL exp=3E31 got=CB63 seq=70 syncOff=0 pSz=64
APP_CRC_FAIL exp=3E31 got=7383 seq=71 syncOff=0 pSz=64
APP_CRC_FAIL exp=3E31 got=FEE5 seq=72 syncOff=0 pSz=64
APP_CRC_FAIL exp=3E31 got=49F0 seq=73 syncOff=0 pSz=64
APP_CRC_FAIL exp=3E31 got=90F1 seq=74 syncOff=0 pSz=64
APP_CRC_FAIL exp=3E31 got=2811 seq=75 syncOff=0 pSz=64
APP_CRC_FAIL exp=3E31 got=32D2 seq=76 syncOff=0 pSz=64
APP_CRC_FAIL exp=3E31 got=8A32 seq=77 syncOff=0 pSz=64
APP_CRC_FAIL exp=3E31 got=5333 seq=78 syncOff=0 pSz=64
APP_CRC_FAIL exp=3E31 got=4A94 seq=79 syncOff=0 pSz=64
APP_CRC_FAIL exp=3E31 got=F899 seq=80 syncOff=0 pSz=64
APP_CRC_FAIL exp=3E31 got=4079 seq=81 syncOff=0 pSz=64
APP_CRC_FAIL exp=3E31 got=9978 seq=82 syncOff=0 pSz=64
APP_CRC_FAIL exp=3E31 got=2198 seq=83 syncOff=0 pSz=64
PHASE_RESULT 49 LF-FLRC-1300-64 pktSize=64 rx=0 unique=0 lost=100 per=100.0 rssi_avg=-43 rssi_min=-43 crc_err=61 garbage=19 tx_lat=0.00000 tx_lon=0.00000 sats=0 fix=0 utc=0 tx_fw=none rx_fw=unknown
PHASE_GUARD 500
PHASE_START 50 LF-FLRC-1300-128 pktSize=128
SYNC_OFFSET phase=50 off=0 prev=-1
APP_CRC_FAIL exp=7E7A got=2705 seq=0 syncOff=0 pSz=128
APP_CRC_FAIL exp=7E4C got=D3E2 seq=1 syncOff=0 pSz=128
SYNC_NOT_FOUND first4=4036E6F5
SYNC_NOT_FOUND first4=35656A33
SYNC_NOT_FOUND first4=35656A33
SYNC_LOST phase=50 consecutive=3 cached_off=0
SYNC_NOT_FOUND first4=6B6E6F77
SYNC_OFFSET phase=50 off=96 prev=-1
SYNC_OOB gpsOff=100 crcLen=122 readLen=136 — skipping
SYNC_OFFSET phase=50 off=88 prev=96
SYNC_OOB gpsOff=92 crcLen=122 readLen=136 — skipping
SYNC_OFFSET phase=50 off=80 prev=88
SYNC_OOB gpsOff=84 crcLen=122 readLen=136 — skipping
SYNC_OFFSET phase=50 off=72 prev=80
SYNC_OOB gpsOff=76 crcLen=122 readLen=136 — skipping
SYNC_OFFSET phase=50 off=64 prev=72
SYNC_OOB gpsOff=68 crcLen=122 readLen=136 — skipping
SYNC_OFFSET phase=50 off=56 prev=64
SYNC_OOB gpsOff=60 crcLen=122 readLen=136 — skipping
SYNC_OFFSET phase=50 off=48 prev=56
SYNC_OOB gpsOff=52 crcLen=122 readLen=136 — skipping
SYNC_OFFSET phase=50 off=40 prev=48
SYNC_OOB gpsOff=44 crcLen=122 readLen=136 — skipping
SYNC_OFFSET phase=50 off=32 prev=40
SYNC_OOB gpsOff=36 crcLen=122 readLen=136 — skipping
SYNC_OFFSET phase=50 off=24 prev=32
SYNC_OOB gpsOff=28 crcLen=122 readLen=136 — skipping
SYNC_OFFSET phase=50 off=16 prev=24
SYNC_OOB gpsOff=20 crcLen=122 readLen=136 — skipping
SYNC_OFFSET phase=50 off=8 prev=16
APP_CRC_FAIL exp=7E4C got=4050 seq=19 syncOff=8 pSz=128
SYNC_OFFSET phase=50 off=0 prev=8
APP_CRC_FAIL exp=7E4C got=AEA7 seq=20 syncOff=0 pSz=128
APP_CRC_FAIL exp=7E4C got=5A40 seq=21 syncOff=0 pSz=128
APP_CRC_FAIL exp=7E7A got=5748 seq=22 syncOff=0 pSz=128
APP_CRC_FAIL exp=7E4C got=A3AF seq=23 syncOff=0 pSz=128
APP_CRC_FAIL exp=7E4C got=9A87 seq=24 syncOff=0 pSz=128
APP_CRC_FAIL exp=7E4C got=6E60 seq=25 syncOff=0 pSz=128
APP_CRC_FAIL exp=7E4C got=A919 seq=26 syncOff=0 pSz=128
APP_CRC_FAIL exp=7E7A got=5DFE seq=27 syncOff=0 pSz=128
APP_CRC_FAIL exp=7E4C got=B309 seq=28 syncOff=0 pSz=128
APP_CRC_FAIL exp=7E4C got=47EE seq=29 syncOff=0 pSz=128
APP_CRC_FAIL exp=7E4C got=4AE6 seq=30 syncOff=0 pSz=128
APP_CRC_FAIL exp=7E4C got=BE01 seq=31 syncOff=0 pSz=128
APP_CRC_FAIL exp=7E4C got=57A9 seq=32 syncOff=0 pSz=128
APP_CRC_FAIL exp=7E4C got=A34E seq=33 syncOff=0 pSz=128
APP_CRC_FAIL exp=7E4C got=6F7A seq=34 syncOff=0 pSz=128
APP_CRC_FAIL exp=7E4C got=9B9D seq=35 syncOff=0 pSz=128
APP_CRC_FAIL exp=7E4C got=756A seq=36 syncOff=0 pSz=128
APP_CRC_FAIL exp=7E7A got=818D seq=37 syncOff=0 pSz=128
APP_CRC_FAIL exp=7E4C got=8C85 seq=38 syncOff=0 pSz=128
APP_CRC_FAIL exp=7E4C got=7862 seq=39 syncOff=0 pSz=128
APP_CRC_FAIL exp=7E4C got=01A3 seq=40 syncOff=0 pSz=128
APP_CRC_FAIL exp=7E4C got=F544 seq=41 syncOff=0 pSz=128
APP_CRC_FAIL exp=7E4C got=F84C seq=42 syncOff=0 pSz=128
APP_CRC_FAIL exp=7E4C got=5FCE seq=43 syncOff=0 pSz=128
APP_CRC_FAIL exp=7E4C got=B139 seq=44 syncOff=0 pSz=128
APP_CRC_FAIL exp=7E7A got=45DE seq=45 syncOff=0 pSz=128
APP_CRC_FAIL exp=7E7A got=89EA seq=46 syncOff=0 pSz=128
APP_CRC_FAIL exp=7E4C got=7D0D seq=47 syncOff=0 pSz=128
APP_CRC_FAIL exp=7E4C got=FBBA seq=48 syncOff=0 pSz=128
APP_CRC_FAIL exp=7E4C got=0F5D seq=49 syncOff=0 pSz=128
APP_CRC_FAIL exp=7E7A got=0255 seq=50 syncOff=0 pSz=128
APP_CRC_FAIL exp=7E4C got=BADC seq=51 syncOff=0 pSz=128
APP_CRC_FAIL exp=7E4C got=542B seq=52 syncOff=0 pSz=128
APP_CRC_FAIL exp=7E4C got=2C92 seq=53 syncOff=0 pSz=128
APP_CRC_FAIL exp=7E7A got=219A seq=54 syncOff=0 pSz=128
APP_CRC_FAIL exp=7E4C got=D57D seq=55 syncOff=0 pSz=128
APP_CRC_FAIL exp=7E4C got=EC55 seq=56 syncOff=0 pSz=128
APP_CRC_FAIL exp=7E4C got=18B2 seq=57 syncOff=0 pSz=128
APP_CRC_FAIL exp=7E7A got=15BA seq=58 syncOff=0 pSz=128
APP_CRC_FAIL exp=7E4C got=E15D seq=59 syncOff=0 pSz=128
APP_CRC_FAIL exp=7E4C got=CE96 seq=60 syncOff=0 pSz=128
APP_CRC_FAIL exp=7E4C got=3A71 seq=61 syncOff=0 pSz=128
APP_CRC_FAIL exp=7E4C got=3779 seq=62 syncOff=0 pSz=128
APP_CRC_FAIL exp=7E7A got=02A2 seq=63 syncOff=0 pSz=128
APP_CRC_FAIL exp=7E4C got=3534 seq=64 syncOff=0 pSz=128
APP_CRC_FAIL exp=7E4C got=C1D3 seq=65 syncOff=0 pSz=128
APP_CRC_FAIL exp=7E4C got=CCDB seq=66 syncOff=0 pSz=128
APP_CRC_FAIL exp=7E4C got=383C seq=67 syncOff=0 pSz=128
APP_CRC_FAIL exp=7E4C got=D6CB seq=68 syncOff=0 pSz=128
APP_CRC_FAIL exp=7E4C got=222C seq=69 syncOff=0 pSz=128
APP_CRC_FAIL exp=7E4C got=EE18 seq=70 syncOff=0 pSz=128
APP_CRC_FAIL exp=7E4C got=1AFF seq=71 syncOff=0 pSz=128
APP_CRC_FAIL exp=7E4C got=23D7 seq=72 syncOff=0 pSz=128
APP_CRC_FAIL exp=7E7A got=D730 seq=73 syncOff=0 pSz=128
APP_CRC_FAIL exp=7E7A got=DA38 seq=74 syncOff=0 pSz=128
APP_CRC_FAIL exp=7E4C got=2EDF seq=75 syncOff=0 pSz=128
APP_CRC_FAIL exp=7527 got=ECF1 seq=76 syncOff=0 pSz=128
APP_CRC_FAIL exp=7E7A got=1816 seq=77 syncOff=0 pSz=128
APP_CRC_FAIL exp=7E7A got=151E seq=78 syncOff=0 pSz=128
APP_CRC_FAIL exp=7E7A got=E1F9 seq=79 syncOff=0 pSz=128
APP_CRC_FAIL exp=7E4C got=F517 seq=80 syncOff=0 pSz=128
APP_CRC_FAIL exp=7E4C got=01F0 seq=81 syncOff=0 pSz=128
APP_CRC_FAIL exp=7E4C got=0CF8 seq=82 syncOff=0 pSz=128
APP_CRC_FAIL exp=7E4C got=F6CF seq=83 syncOff=0 pSz=128
PHASE_RESULT 50 LF-FLRC-1300-128 pktSize=128 rx=0 unique=0 lost=100 per=100.0 rssi_avg=-43 rssi_min=-43 crc_err=67 garbage=15 tx_lat=0.00000 tx_lon=0.00000 sats=0 fix=0 utc=0 tx_fw=none rx_fw=unknown
PHASE_GUARD 500
PHASE_START 51 LF-FLRC-1300-255 pktSize=255
PHASE_RESULT 51 LF-FLRC-1300-255 pktSize=255 rx=0 unique=0 lost=100 per=100.0 rssi_avg=0 rssi_min=0 crc_err=0 garbage=0 tx_lat=0.00000 tx_lon=0.00000 sats=0 fix=0 utc=0 tx_fw=none rx_fw=unknown
PHASE_GUARD 500
PHASE_START 52 LF-FLRC-2600-32 pktSize=32
SYNC_OFFSET phase=52 off=0 prev=-1
APP_CRC_FAIL exp=1E18 got=AC4C seq=0 syncOff=0 pSz=32
APP_CRC_FAIL exp=1E18 got=476F seq=1 syncOff=0 pSz=32
SYNC_NOT_FOUND first4=E033E6F5
SYNC_NOT_FOUND first4=35656A35
SYNC_NOT_FOUND first4=6B6E6F77
SYNC_LOST phase=52 consecutive=3 cached_off=0
SYNC_OFFSET phase=52 off=0 prev=-1
APP_CRC_FAIL exp=1E18 got=212F seq=6 syncOff=0 pSz=32
SYNC_NOT_FOUND first4=D033E6F5
SYNC_NOT_FOUND first4=35656A35
SYNC_NOT_FOUND first4=6B6E6F77
SYNC_LOST phase=52 consecutive=3 cached_off=0
SYNC_OFFSET phase=52 off=0 prev=-1
APP_CRC_FAIL exp=1E18 got=7F1C seq=11 syncOff=0 pSz=32
SYNC_NOT_FOUND first4=D033E6F5
SYNC_NOT_FOUND first4=35656A35
SYNC_NOT_FOUND first4=6B6E6F77
SYNC_LOST phase=52 consecutive=3 cached_off=0
SYNC_OFFSET phase=52 off=0 prev=-1
APP_CRC_FAIL exp=1E18 got=D6E2 seq=16 syncOff=0 pSz=32
SYNC_NOT_FOUND first4=C033E6F5
SYNC_NOT_FOUND first4=35656A35
SYNC_NOT_FOUND first4=6B6E6F77
SYNC_LOST phase=52 consecutive=3 cached_off=0
SYNC_OFFSET phase=52 off=0 prev=-1
APP_CRC_FAIL exp=1E18 got=0D63 seq=21 syncOff=0 pSz=32
APP_CRC_FAIL exp=1E18 got=2027 seq=22 syncOff=0 pSz=32
APP_CRC_FAIL exp=1E18 got=A1A9 seq=23 syncOff=0 pSz=32
APP_CRC_FAIL exp=1E18 got=39FD seq=24 syncOff=0 pSz=32
APP_CRC_FAIL exp=1E18 got=D2DE seq=25 syncOff=0 pSz=32
APP_CRC_FAIL exp=1E18 got=FF9A seq=26 syncOff=0 pSz=32
APP_CRC_FAIL exp=1E18 got=14B9 seq=27 syncOff=0 pSz=32
APP_CRC_FAIL exp=1E18 got=A512 seq=28 syncOff=0 pSz=32
APP_CRC_FAIL exp=1E18 got=4E31 seq=29 syncOff=0 pSz=32
APP_CRC_FAIL exp=1E1C got=6375 seq=30 syncOff=0 pSz=32
APP_CRC_FAIL exp=1E18 got=8856 seq=31 syncOff=0 pSz=32
APP_CRC_FAIL exp=1E18 got=E400 seq=32 syncOff=0 pSz=32
APP_CRC_FAIL exp=1E18 got=0F23 seq=33 syncOff=0 pSz=32
APP_CRC_FAIL exp=1E18 got=2267 seq=34 syncOff=0 pSz=32
APP_CRC_FAIL exp=1E18 got=C944 seq=35 syncOff=0 pSz=32
APP_CRC_FAIL exp=1E18 got=0B1D seq=36 syncOff=0 pSz=32
APP_CRC_FAIL exp=1E18 got=E03E seq=37 syncOff=0 pSz=32
APP_CRC_FAIL exp=1E18 got=CD7A seq=38 syncOff=0 pSz=32
APP_CRC_FAIL exp=1E18 got=233B seq=39 syncOff=0 pSz=32
APP_CRC_FAIL exp=1E18 got=BB6F seq=40 syncOff=0 pSz=32
APP_CRC_FAIL exp=1E18 got=504C seq=41 syncOff=0 pSz=32
APP_CRC_FAIL exp=1E18 got=7D08 seq=42 syncOff=0 pSz=32
APP_CRC_FAIL exp=1E18 got=C63A seq=43 syncOff=0 pSz=32
APP_CRC_FAIL exp=1E18 got=7791 seq=44 syncOff=0 pSz=32
APP_CRC_FAIL exp=1E18 got=9CB2 seq=45 syncOff=0 pSz=32
APP_CRC_FAIL exp=1E18 got=0E01 seq=46 syncOff=0 pSz=32
APP_CRC_FAIL exp=1E18 got=E522 seq=47 syncOff=0 pSz=32
APP_CRC_FAIL exp=1E18 got=2E88 seq=48 syncOff=0 pSz=32
APP_CRC_FAIL exp=1E18 got=C5AB seq=49 syncOff=0 pSz=32
APP_CRC_FAIL exp=1E18 got=E8EF seq=50 syncOff=0 pSz=32
APP_CRC_FAIL exp=1E18 got=1294 seq=51 syncOff=0 pSz=32
APP_CRC_FAIL exp=1E18 got=A33F seq=52 syncOff=0 pSz=32
APP_CRC_FAIL exp=1E18 got=F55A seq=53 syncOff=0 pSz=32
APP_CRC_FAIL exp=1E18 got=D81E seq=54 syncOff=0 pSz=32
APP_CRC_FAIL exp=1E18 got=333D seq=55 syncOff=0 pSz=32
APP_CRC_FAIL exp=1E18 got=AB69 seq=56 syncOff=0 pSz=32
APP_CRC_FAIL exp=1E18 got=404A seq=57 syncOff=0 pSz=32
APP_CRC_FAIL exp=1E18 got=6D0E seq=58 syncOff=0 pSz=32
APP_CRC_FAIL exp=1E18 got=123B seq=59 syncOff=0 pSz=32
APP_CRC_FAIL exp=1E18 got=A390 seq=60 syncOff=0 pSz=32
APP_CRC_FAIL exp=1E18 got=48B3 seq=61 syncOff=0 pSz=32
APP_CRC_FAIL exp=1E18 got=65F7 seq=62 syncOff=0 pSz=32
APP_CRC_FAIL exp=1E18 got=8ED4 seq=63 syncOff=0 pSz=32
APP_CRC_FAIL exp=1E18 got=BD5B seq=64 syncOff=0 pSz=32
APP_CRC_FAIL exp=1E18 got=5678 seq=65 syncOff=0 pSz=32
APP_CRC_FAIL exp=1E18 got=7B3C seq=66 syncOff=0 pSz=32
APP_CRC_FAIL exp=1E18 got=408B seq=67 syncOff=0 pSz=32
APP_CRC_FAIL exp=1E18 got=F120 seq=68 syncOff=0 pSz=32
APP_CRC_FAIL exp=1E18 got=1A03 seq=69 syncOff=0 pSz=32
APP_CRC_FAIL exp=1E18 got=3747 seq=70 syncOff=0 pSz=32
APP_CRC_FAIL exp=1E18 got=DC64 seq=71 syncOff=0 pSz=32
APP_CRC_FAIL exp=1E18 got=4430 seq=72 syncOff=0 pSz=32
APP_CRC_FAIL exp=1E18 got=0B0A seq=73 syncOff=0 pSz=32
APP_CRC_FAIL exp=1E18 got=264E seq=74 syncOff=0 pSz=32
APP_CRC_FAIL exp=1E18 got=CD6D seq=75 syncOff=0 pSz=32
APP_CRC_FAIL exp=1E18 got=7CC6 seq=76 syncOff=0 pSz=32
APP_CRC_FAIL exp=1E18 got=97E5 seq=77 syncOff=0 pSz=32
APP_CRC_FAIL exp=1E18 got=BAA1 seq=78 syncOff=0 pSz=32
APP_CRC_FAIL exp=1E18 got=ECC4 seq=79 syncOff=0 pSz=32
APP_CRC_FAIL exp=1E18 got=276E seq=80 syncOff=0 pSz=32
APP_CRC_FAIL exp=1E18 got=CC4D seq=81 syncOff=0 pSz=32
APP_CRC_FAIL exp=1E18 got=E109 seq=82 syncOff=0 pSz=32
APP_CRC_FAIL exp=1E18 got=089B seq=83 syncOff=0 pSz=32
PHASE_RESULT 52 LF-FLRC-2600-32 pktSize=32 rx=0 unique=0 lost=100 per=100.0 rssi_avg=-43 rssi_min=-43 crc_err=68 garbage=12 tx_lat=0.00000 tx_lon=0.00000 sats=0 fix=0 utc=0 tx_fw=none rx_fw=unknown
PHASE_GUARD 500
PHASE_START 53 LF-FLRC-2600-64 pktSize=64
SYNC_OFFSET phase=53 off=0 prev=-1
APP_CRC_FAIL exp=3E31 got=2B94 seq=0 syncOff=0 pSz=64
APP_CRC_FAIL exp=3E31 got=3798 seq=1 syncOff=0 pSz=64
SYNC_NOT_FOUND first4=7032E6F5
SYNC_NOT_FOUND first4=35656A36
SYNC_NOT_FOUND first4=6B6E6F77
SYNC_LOST phase=53 consecutive=3 cached_off=0
SYNC_OFFSET phase=53 off=32 prev=-1
SYNC_OOB gpsOff=36 crcLen=58 readLen=72 — skipping
SYNC_OFFSET phase=53 off=24 prev=32
SYNC_OOB gpsOff=28 crcLen=58 readLen=72 — skipping
SYNC_OFFSET phase=53 off=16 prev=24
SYNC_OOB gpsOff=20 crcLen=58 readLen=72 — skipping
SYNC_OFFSET phase=53 off=8 prev=16
APP_CRC_FAIL exp=3E31 got=523A seq=10 syncOff=8 pSz=64
SYNC_OFFSET phase=53 off=0 prev=8
APP_CRC_FAIL exp=3E31 got=EADA seq=11 syncOff=0 pSz=64
SYNC_NOT_FOUND first4=6032E6F5
SYNC_NOT_FOUND first4=35656A36
SYNC_NOT_FOUND first4=6B6E6F77
SYNC_LOST phase=53 consecutive=3 cached_off=0
SYNC_OFFSET phase=53 off=32 prev=-1
SYNC_OOB gpsOff=36 crcLen=58 readLen=72 — skipping
SYNC_OFFSET phase=53 off=24 prev=32
SYNC_OOB gpsOff=28 crcLen=58 readLen=72 — skipping
SYNC_OFFSET phase=53 off=16 prev=24
SYNC_OOB gpsOff=20 crcLen=58 readLen=72 — skipping
SYNC_OFFSET phase=53 off=8 prev=16
APP_CRC_FAIL exp=3E31 got=AAA1 seq=19 syncOff=8 pSz=64
SYNC_OFFSET phase=53 off=0 prev=8
APP_CRC_FAIL exp=3E31 got=B062 seq=20 syncOff=0 pSz=64
SYNC_NOT_FOUND first4=4032E6F5
SYNC_NOT_FOUND first4=35656A36
SYNC_NOT_FOUND first4=6B6E6F77
SYNC_LOST phase=53 consecutive=3 cached_off=0
SYNC_OFFSET phase=53 off=32 prev=-1
SYNC_OOB gpsOff=36 crcLen=58 readLen=72 — skipping
SYNC_OFFSET phase=53 off=24 prev=32
SYNC_OOB gpsOff=28 crcLen=58 readLen=72 — skipping
SYNC_OFFSET phase=53 off=16 prev=24
SYNC_OOB gpsOff=20 crcLen=58 readLen=72 — skipping
SYNC_OFFSET phase=53 off=8 prev=16
APP_CRC_FAIL exp=3E31 got=322E seq=28 syncOff=8 pSz=64
SYNC_OFFSET phase=53 off=0 prev=8
APP_CRC_FAIL exp=3E31 got=8ACE seq=29 syncOff=0 pSz=64
APP_CRC_FAIL exp=3E31 got=53CF seq=30 syncOff=0 pSz=64
APP_CRC_FAIL exp=3E31 got=EB2F seq=31 syncOff=0 pSz=64
APP_CRC_FAIL exp=3E31 got=27F4 seq=32 syncOff=0 pSz=64
APP_CRC_FAIL exp=3E31 got=9F14 seq=33 syncOff=0 pSz=64
APP_CRC_FAIL exp=3E31 got=4615 seq=34 syncOff=0 pSz=64
APP_CRC_FAIL exp=3E31 got=FEF5 seq=35 syncOff=0 pSz=64
APP_CRC_FAIL exp=3E31 got=4A84 seq=36 syncOff=0 pSz=64
APP_CRC_FAIL exp=3E31 got=F264 seq=37 syncOff=0 pSz=64
APP_CRC_FAIL exp=3E31 got=2B65 seq=38 syncOff=0 pSz=64
APP_CRC_FAIL exp=3E31 got=C4DC seq=39 syncOff=0 pSz=64
APP_CRC_FAIL exp=3E31 got=49BA seq=40 syncOff=0 pSz=64
APP_CRC_FAIL exp=3E31 got=F15A seq=41 syncOff=0 pSz=64
APP_CRC_FAIL exp=3E31 got=285B seq=42 syncOff=0 pSz=64
APP_CRC_FAIL exp=3E31 got=BBE0 seq=43 syncOff=0 pSz=64
APP_CRC_FAIL exp=3E31 got=A123 seq=44 syncOff=0 pSz=64
APP_CRC_FAIL exp=3E31 got=19C3 seq=45 syncOff=0 pSz=64
APP_CRC_FAIL exp=3E31 got=6EC3 seq=46 syncOff=0 pSz=64
APP_CRC_FAIL exp=3E31 got=D623 seq=47 syncOff=0 pSz=64
APP_CRC_FAIL exp=3E31 got=642E seq=48 syncOff=0 pSz=64
APP_CRC_FAIL exp=3E31 got=DCCE seq=49 syncOff=0 pSz=64
APP_CRC_FAIL exp=3E31 got=05CF seq=50 syncOff=0 pSz=64
APP_CRC_FAIL exp=3E31 got=70CD seq=51 syncOff=0 pSz=64
APP_CRC_FAIL exp=3E31 got=6A0E seq=52 syncOff=0 pSz=64
APP_CRC_FAIL exp=3E31 got=85B7 seq=53 syncOff=0 pSz=64
APP_CRC_FAIL exp=3E31 got=5CB6 seq=54 syncOff=0 pSz=64
APP_CRC_FAIL exp=3E31 got=E456 seq=55 syncOff=0 pSz=64
APP_CRC_FAIL exp=3E31 got=C782 seq=56 syncOff=0 pSz=64
APP_CRC_FAIL exp=3E31 got=7F62 seq=57 syncOff=0 pSz=64
APP_CRC_FAIL exp=3E31 got=A663 seq=58 syncOff=0 pSz=64
APP_CRC_FAIL exp=3E31 got=1E83 seq=59 syncOff=0 pSz=64
APP_CRC_FAIL exp=3E31 got=0440 seq=60 syncOff=0 pSz=64
APP_CRC_FAIL exp=3E31 got=BCA0 seq=61 syncOff=0 pSz=64
APP_CRC_FAIL exp=3E31 got=65A1 seq=62 syncOff=0 pSz=64
APP_CRC_FAIL exp=3E31 got=9FF1 seq=63 syncOff=0 pSz=64
APP_CRC_FAIL exp=3E31 got=AE86 seq=64 syncOff=0 pSz=64
APP_CRC_FAIL exp=3E31 got=1666 seq=65 syncOff=0 pSz=64
APP_CRC_FAIL exp=3E31 got=CF67 seq=66 syncOff=0 pSz=64
APP_CRC_FAIL exp=3E31 got=7787 seq=67 syncOff=0 pSz=64
APP_CRC_FAIL exp=3E31 got=6D44 seq=68 syncOff=0 pSz=64
APP_CRC_FAIL exp=3E31 got=2C4F seq=69 syncOff=0 pSz=64
APP_CRC_FAIL exp=3E31 got=F54E seq=70 syncOff=0 pSz=64
APP_CRC_FAIL exp=3E31 got=4DAE seq=71 syncOff=0 pSz=64
APP_CRC_FAIL exp=3E39 got=C0C8 seq=72 syncOff=0 pSz=64
APP_CRC_FAIL exp=3E31 got=7828 seq=73 syncOff=0 pSz=64
APP_CRC_FAIL exp=3E31 got=A129 seq=74 syncOff=0 pSz=64
APP_CRC_FAIL exp=3E31 got=19C9 seq=75 syncOff=0 pSz=64
APP_CRC_FAIL exp=3E31 got=5453 seq=76 syncOff=0 pSz=64
APP_CRC_FAIL exp=3E31 got=ECB3 seq=77 syncOff=0 pSz=64
APP_CRC_FAIL exp=3E31 got=35B2 seq=78 syncOff=0 pSz=64
APP_CRC_FAIL exp=3E31 got=8D52 seq=79 syncOff=0 pSz=64
APP_CRC_FAIL exp=3E31 got=3F5F seq=80 syncOff=0 pSz=64
APP_CRC_FAIL exp=3E31 got=87BF seq=81 syncOff=0 pSz=64
APP_CRC_FAIL exp=3E31 got=5EBE seq=82 syncOff=0 pSz=64
APP_CRC_FAIL exp=3E31 got=3EED seq=83 syncOff=0 pSz=64
PHASE_RESULT 53 LF-FLRC-2600-64 pktSize=64 rx=0 unique=0 lost=100 per=100.0 rssi_avg=-43 rssi_min=-43 crc_err=62 garbage=18 tx_lat=0.00000 tx_lon=0.00000 sats=0 fix=0 utc=0 tx_fw=none rx_fw=unknown
PHASE_GUARD 500
PHASE_START 54 LF-FLRC-2600-128 pktSize=128
SYNC_OFFSET phase=54 off=0 prev=-1
APP_CRC_FAIL exp=7E4C got=A17B seq=0 syncOff=0 pSz=128
APP_CRC_FAIL exp=7E7A got=C94B seq=1 syncOff=0 pSz=128
SYNC_NOT_FOUND first4=3031E6F5
SYNC_NOT_FOUND first4=35656A37
SYNC_NOT_FOUND first4=35656A37
SYNC_LOST phase=54 consecutive=3 cached_off=0
SYNC_NOT_FOUND first4=6B6E6F77
SYNC_OFFSET phase=54 off=96 prev=-1
SYNC_OOB gpsOff=100 crcLen=122 readLen=136 — skipping
SYNC_OFFSET phase=54 off=88 prev=96
SYNC_OOB gpsOff=92 crcLen=122 readLen=136 — skipping
SYNC_OFFSET phase=54 off=80 prev=88
SYNC_OOB gpsOff=84 crcLen=122 readLen=136 — skipping
SYNC_OFFSET phase=54 off=72 prev=80
SYNC_OOB gpsOff=76 crcLen=122 readLen=136 — skipping
SYNC_OFFSET phase=54 off=64 prev=72
SYNC_OOB gpsOff=68 crcLen=122 readLen=136 — skipping
SYNC_OFFSET phase=54 off=56 prev=64
SYNC_OOB gpsOff=60 crcLen=122 readLen=136 — skipping
SYNC_OFFSET phase=54 off=48 prev=56
SYNC_OOB gpsOff=52 crcLen=122 readLen=136 — skipping
SYNC_OFFSET phase=54 off=40 prev=48
SYNC_OOB gpsOff=44 crcLen=122 readLen=136 — skipping
SYNC_OFFSET phase=54 off=32 prev=40
SYNC_OOB gpsOff=36 crcLen=122 readLen=136 — skipping
SYNC_OFFSET phase=54 off=24 prev=32
SYNC_OOB gpsOff=28 crcLen=122 readLen=136 — skipping
SYNC_OFFSET phase=54 off=16 prev=24
SYNC_OOB gpsOff=20 crcLen=122 readLen=136 — skipping
SYNC_OFFSET phase=54 off=8 prev=16
APP_CRC_FAIL exp=7E4C got=885E seq=20 syncOff=8 pSz=128
SYNC_OFFSET phase=54 off=0 prev=8
APP_CRC_FAIL exp=7E4C got=7CB9 seq=21 syncOff=0 pSz=128
APP_CRC_FAIL exp=7E4C got=71B1 seq=22 syncOff=0 pSz=128
APP_CRC_FAIL exp=7E4C got=446A seq=23 syncOff=0 pSz=128
APP_CRC_FAIL exp=7E4C got=7D42 seq=24 syncOff=0 pSz=128
APP_CRC_FAIL exp=7E4C got=89A5 seq=25 syncOff=0 pSz=128
APP_CRC_FAIL exp=7E4C got=84AD seq=26 syncOff=0 pSz=128
APP_CRC_FAIL exp=7E4C got=704A seq=27 syncOff=0 pSz=128
APP_CRC_FAIL exp=7E7A got=9EBD seq=28 syncOff=0 pSz=128
APP_CRC_FAIL exp=7E4C got=6A5A seq=29 syncOff=0 pSz=128
APP_CRC_FAIL exp=7E4C got=7D0E seq=30 syncOff=0 pSz=128
APP_CRC_FAIL exp=7E4C got=89E9 seq=31 syncOff=0 pSz=128
APP_CRC_FAIL exp=7E4C got=6041 seq=32 syncOff=0 pSz=128
APP_CRC_FAIL exp=7E4C got=94A6 seq=33 syncOff=0 pSz=128
APP_CRC_FAIL exp=7E7A got=99AE seq=34 syncOff=0 pSz=128
APP_CRC_FAIL exp=7E4C got=6D49 seq=35 syncOff=0 pSz=128
APP_CRC_FAIL exp=7E7A got=4282 seq=36 syncOff=0 pSz=128
APP_CRC_FAIL exp=7E4C got=B665 seq=37 syncOff=0 pSz=128
APP_CRC_FAIL exp=7E7A got=BB6D seq=38 syncOff=0 pSz=128
APP_CRC_FAIL exp=7E4C got=4F8A seq=39 syncOff=0 pSz=128
APP_CRC_FAIL exp=7E4C got=A34E seq=40 syncOff=0 pSz=128
APP_CRC_FAIL exp=7E4C got=57A9 seq=41 syncOff=0 pSz=128
APP_CRC_FAIL exp=7E7A got=5AA1 seq=42 syncOff=0 pSz=128
APP_CRC_FAIL exp=7E4C got=AE46 seq=43 syncOff=0 pSz=128
APP_CRC_FAIL exp=7E4C got=40B1 seq=44 syncOff=0 pSz=128
APP_CRC_FAIL exp=7E4C got=B456 seq=45 syncOff=0 pSz=128
APP_CRC_FAIL exp=7E7A got=EA3B seq=46 syncOff=0 pSz=128
APP_CRC_FAIL exp=7E4C got=1EDC seq=47 syncOff=0 pSz=128
APP_CRC_FAIL exp=7E4C got=986B seq=48 syncOff=0 pSz=128
APP_CRC_FAIL exp=7E4C got=6C8C seq=49 syncOff=0 pSz=128
APP_CRC_FAIL exp=7E4C got=6184 seq=50 syncOff=0 pSz=128
APP_CRC_FAIL exp=7E4C got=9563 seq=51 syncOff=0 pSz=128
APP_CRC_FAIL exp=7E4C got=37FA seq=52 syncOff=0 pSz=128
APP_CRC_FAIL exp=7E4C got=C31D seq=53 syncOff=0 pSz=128
APP_CRC_FAIL exp=7E4C got=CE15 seq=54 syncOff=0 pSz=128
APP_CRC_FAIL exp=7E4C got=3AF2 seq=55 syncOff=0 pSz=128
APP_CRC_FAIL exp=7E7A got=0D0A seq=56 syncOff=0 pSz=128
APP_CRC_FAIL exp=7E4C got=F9ED seq=57 syncOff=0 pSz=128
APP_CRC_FAIL exp=7E4C got=F4E5 seq=58 syncOff=0 pSz=128
APP_CRC_FAIL exp=7E4C got=0002 seq=59 syncOff=0 pSz=128
APP_CRC_FAIL exp=7E4C got=EEF5 seq=60 syncOff=0 pSz=128
APP_CRC_FAIL exp=7E4C got=1A12 seq=61 syncOff=0 pSz=128
APP_CRC_FAIL exp=7E4C got=171A seq=62 syncOff=0 pSz=128
APP_CRC_FAIL exp=7E4C got=E3FD seq=63 syncOff=0 pSz=128
APP_CRC_FAIL exp=7E4C got=D46B seq=64 syncOff=0 pSz=128
APP_CRC_FAIL exp=7E4C got=208C seq=65 syncOff=0 pSz=128
APP_CRC_FAIL exp=7E7A got=2D84 seq=66 syncOff=0 pSz=128
TIME_STATS min=3000ms max=4000ms avg=3142ms corrections=0
PHASE_RESULT 54 LF-FLRC-2600-128 pktSize=128 rx=0 unique=0 lost=100 per=100.0 rssi_avg=-42 rssi_min=-42 crc_err=49 garbage=15 tx_lat=0.00000 tx_lon=0.00000 sats=0 fix=0 utc=0 tx_fw=none rx_fw=unknown
PHASE_GUARD 500
PHASE_START 55 LF-FLRC-2600-255 pktSize=255
PHASE_RESULT 55 LF-FLRC-2600-255 pktSize=255 rx=0 unique=0 lost=100 per=100.0 rssi_avg=0 rssi_min=0 crc_err=0 garbage=0 tx_lat=0.00000 tx_lon=0.00000 sats=0 fix=0 utc=0 tx_fw=none rx_fw=unknown
PHASE_GUARD 1000
PHASE_START 56 CH-2412-FLRC1300-64 pktSize=64
SYNC_OFFSET phase=56 off=0 prev=-1
PHASE_SYNC old=56 new=57 (from TX packet)
TIME_DIFF gps_utc=1785017658 laptop_utc=1785017655 offset=3
FLRC_RAW32: 165 90 66 36 192 85 116 19 240 46 230 245 5 0 1 58 53 101 106 57 0 0 117 110 107 110 111 119 110 29 30 31
PKT rx=1 seq=0 rssi=-46 phase=56 rx_ms=198450 tx_lat=32.63912 tx_lon=-16.94641 sats=5 fix=1 utc=1785017658 tx_fw=unknown
BER seq=0 bits=264 errs=0 ber=0.00e+00
PHASE_RESULT 57 CH-2417-FLRC1300-64 pktSize=64 rx=1 unique=1 lost=99 per=99.0 rssi_avg=-46 rssi_min=-46 crc_err=0 garbage=0 tx_lat=32.63912 tx_lon=-16.94641 sats=5 fix=1 utc=1785017658 tx_fw=unknown rx_fw=unknown
PHASE_GUARD 500
PHASE_START 56 CH-2412-FLRC1300-64 pktSize=64
PHASE_SYNC old=56 new=57 (from TX packet)
TIME_DIFF gps_utc=1785017658 laptop_utc=1785017655 offset=3
FLRC_RAW32: 165 90 66 36 192 85 116 19 224 46 230 245 5 0 1 58 53 101 106 57 0 14 117 110 107 110 111 119 110 29 30 31
PKT rx=1 seq=14 rssi=-46 phase=56 rx_ms=198725 tx_lat=32.63912 tx_lon=-16.94641 sats=5 fix=1 utc=1785017658 tx_fw=unknown
BER seq=14 bits=264 errs=0 ber=0.00e+00
PHASE_RESULT 57 CH-2417-FLRC1300-64 pktSize=64 rx=1 unique=1 lost=99 per=99.0 rssi_avg=-46 rssi_min=-46 crc_err=0 garbage=0 tx_lat=32.63912 tx_lon=-16.94641 sats=5 fix=1 utc=1785017658 tx_fw=unknown rx_fw=unknown
PHASE_GUARD 500
PHASE_START 56 CH-2412-FLRC1300-64 pktSize=64
PHASE_SYNC old=56 new=57 (from TX packet)
TIME_DIFF gps_utc=1785017659 laptop_utc=1785017655 offset=4
FLRC_RAW32: 165 90 66 36 224 85 116 19 208 46 230 245 5 0 1 59 53 101 106 57 0 23 117 110 107 110 111 119 110 29 30 31
PKT rx=1 seq=23 rssi=-46 phase=56 rx_ms=198994 tx_lat=32.63913 tx_lon=-16.94641 sats=5 fix=1 utc=1785017659 tx_fw=unknown
BER seq=23 bits=264 errs=0 ber=0.00e+00
PHASE_RESULT 57 CH-2417-FLRC1300-64 pktSize=64 rx=1 unique=1 lost=99 per=99.0 rssi_avg=-46 rssi_min=-46 crc_err=0 garbage=0 tx_lat=32.63913 tx_lon=-16.94641 sats=5 fix=1 utc=1785017659 tx_fw=unknown rx_fw=unknown
PHASE_GUARD 500
PHASE_START 56 CH-2412-FLRC1300-64 pktSize=64
PHASE_SYNC old=56 new=57 (from TX packet)
TIME_DIFF gps_utc=1785017659 laptop_utc=1785017656 offset=3
FLRC_RAW32: 165 90 66 36 224 85 116 19 192 46 230 245 5 0 1 59 53 101 106 57 0 32 117 110 107 110 111 119 110 29 30 31
PKT rx=1 seq=32 rssi=-46 phase=56 rx_ms=199265 tx_lat=32.63913 tx_lon=-16.94641 sats=5 fix=1 utc=1785017659 tx_fw=unknown
BER seq=32 bits=264 errs=0 ber=0.00e+00
PHASE_RESULT 57 CH-2417-FLRC1300-64 pktSize=64 rx=1 unique=1 lost=99 per=99.0 rssi_avg=-46 rssi_min=-46 crc_err=0 garbage=0 tx_lat=32.63913 tx_lon=-16.94641 sats=5 fix=1 utc=1785017659 tx_fw=unknown rx_fw=unknown
PHASE_GUARD 500
PHASE_START 56 CH-2412-FLRC1300-64 pktSize=64
PHASE_SYNC old=56 new=57 (from TX packet)
TIME_DIFF gps_utc=1785017659 laptop_utc=1785017656 offset=3
FLRC_RAW32: 165 90 66 36 32 86 116 19 144 46 230 245 5 0 1 59 53 101 106 57 0 41 117 110 107 110 111 119 110 29 30 31
PKT rx=1 seq=41 rssi=-46 phase=56 rx_ms=199535 tx_lat=32.63913 tx_lon=-16.94642 sats=5 fix=1 utc=1785017659 tx_fw=unknown
BER seq=41 bits=264 errs=0 ber=0.00e+00
PHASE_RESULT 57 CH-2417-FLRC1300-64 pktSize=64 rx=1 unique=1 lost=99 per=99.0 rssi_avg=-46 rssi_min=-46 crc_err=0 garbage=0 tx_lat=32.63913 tx_lon=-16.94642 sats=5 fix=1 utc=1785017659 tx_fw=unknown rx_fw=unknown
PHASE_GUARD 500
PHASE_START 56 CH-2412-FLRC1300-64 pktSize=64
PHASE_SYNC old=56 new=57 (from TX packet)
TIME_DIFF gps_utc=1785017659 laptop_utc=1785017656 offset=3
FLRC_RAW32: 165 90 66 36 32 86 116 19 128 46 230 245 5 0 1 59 53 101 106 57 0 50 117 110 107 110 111 119 110 29 30 31
PKT rx=1 seq=50 rssi=-46 phase=56 rx_ms=199804 tx_lat=32.63913 tx_lon=-16.94642 sats=5 fix=1 utc=1785017659 tx_fw=unknown
BER seq=50 bits=264 errs=0 ber=0.00e+00
PHASE_RESULT 57 CH-2417-FLRC1300-64 pktSize=64 rx=1 unique=1 lost=99 per=99.0 rssi_avg=-46 rssi_min=-46 crc_err=0 garbage=0 tx_lat=32.63913 tx_lon=-16.94642 sats=5 fix=1 utc=1785017659 tx_fw=unknown rx_fw=unknown
PHASE_GUARD 500
PHASE_START 56 CH-2412-FLRC1300-64 pktSize=64
PHASE_SYNC old=56 new=57 (from TX packet)
TIME_DIFF gps_utc=1785017660 laptop_utc=1785017657 offset=3
FLRC_RAW32: 165 90 66 36 64 86 116 19 112 46 230 245 5 0 1 60 53 101 106 57 0 59 117 110 107 110 111 119 110 29 30 31
PKT rx=1 seq=59 rssi=-46 phase=56 rx_ms=200075 tx_lat=32.63914 tx_lon=-16.94642 sats=5 fix=1 utc=1785017660 tx_fw=unknown
BER seq=59 bits=264 errs=0 ber=0.00e+00
PHASE_RESULT 57 CH-2417-FLRC1300-64 pktSize=64 rx=1 unique=1 lost=99 per=99.0 rssi_avg=-46 rssi_min=-46 crc_err=0 garbage=0 tx_lat=32.63914 tx_lon=-16.94642 sats=5 fix=1 utc=1785017660 tx_fw=unknown rx_fw=unknown
PHASE_GUARD 500
PHASE_START 56 CH-2412-FLRC1300-64 pktSize=64
PHASE_SYNC old=56 new=57 (from TX packet)
TIME_DIFF gps_utc=1785017660 laptop_utc=1785017657 offset=3
FLRC_RAW32: 165 90 66 36 64 86 116 19 96 46 230 245 5 0 1 60 53 101 106 57 0 69 117 110 107 110 111 119 110 29 30 31
PKT rx=1 seq=69 rssi=-46 phase=56 rx_ms=200374 tx_lat=32.63914 tx_lon=-16.94642 sats=5 fix=1 utc=1785017660 tx_fw=unknown
BER seq=69 bits=264 errs=0 ber=0.00e+00
PHASE_RESULT 57 CH-2417-FLRC1300-64 pktSize=64 rx=1 unique=1 lost=99 per=99.0 rssi_avg=-46 rssi_min=-46 crc_err=0 garbage=0 tx_lat=32.63914 tx_lon=-16.94642 sats=5 fix=1 utc=1785017660 tx_fw=unknown rx_fw=unknown
PHASE_GUARD 500
PHASE_START 56 CH-2412-FLRC1300-64 pktSize=64
PHASE_SYNC old=56 new=57 (from TX packet)
TIME_DIFF gps_utc=1785017660 laptop_utc=1785017657 offset=3
FLRC_RAW32: 165 90 66 36 128 86 116 19 32 46 230 245 5 0 1 60 53 101 106 57 0 78 117 110 107 110 111 119 110 29 30 31
PKT rx=1 seq=78 rssi=-46 phase=56 rx_ms=200647 tx_lat=32.63914 tx_lon=-16.94643 sats=5 fix=1 utc=1785017660 tx_fw=unknown
BER seq=78 bits=264 errs=0 ber=0.00e+00
PHASE_RESULT 57 CH-2417-FLRC1300-64 pktSize=64 rx=1 unique=1 lost=99 per=99.0 rssi_avg=-46 rssi_min=-46 crc_err=0 garbage=0 tx_lat=32.63914 tx_lon=-16.94643 sats=5 fix=1 utc=1785017660 tx_fw=unknown rx_fw=unknown
PHASE_GUARD 500
PHASE_START 56 CH-2412-FLRC1300-64 pktSize=64
PHASE_RESULT 56 CH-2412-FLRC1300-64 pktSize=64 rx=0 unique=0 lost=100 per=100.0 rssi_avg=0 rssi_min=0 crc_err=0 garbage=0 tx_lat=0.00000 tx_lon=0.00000 sats=0 fix=0 utc=0 tx_fw=none rx_fw=unknown
PHASE_GUARD 500
PHASE_START 57 CH-2417-FLRC1300-64 pktSize=64
SYNC_OFFSET phase=57 off=0 prev=-1
PHASE_SYNC old=57 new=58 (from TX packet)
TIME_DIFF gps_utc=1785017661 laptop_utc=1785017658 offset=3
FLRC_RAW32: 165 90 66 36 160 86 116 19 240 45 230 245 5 0 1 61 53 101 106 58 0 0 117 110 107 110 111 119 110 29 30 31
PKT rx=1 seq=0 rssi=-46 phase=57 rx_ms=201454 tx_lat=32.63914 tx_lon=-16.94643 sats=5 fix=1 utc=1785017661 tx_fw=unknown
BER seq=0 bits=264 errs=0 ber=0.00e+00
PHASE_RESULT 58 CH-2422-FLRC1300-64 pktSize=64 rx=1 unique=1 lost=99 per=99.0 rssi_avg=-46 rssi_min=-46 crc_err=0 garbage=0 tx_lat=32.63914 tx_lon=-16.94643 sats=5 fix=1 utc=1785017661 tx_fw=unknown rx_fw=unknown
PHASE_GUARD 500
PHASE_START 57 CH-2417-FLRC1300-64 pktSize=64
PHASE_SYNC old=57 new=58 (from TX packet)
TIME_DIFF gps_utc=1785017661 laptop_utc=1785017658 offset=3
FLRC_RAW32: 165 90 66 36 192 86 116 19 192 45 230 245 5 0 1 61 53 101 106 58 0 14 117 110 107 110 111 119 110 29 30 31
PKT rx=1 seq=14 rssi=-46 phase=57 rx_ms=201729 tx_lat=32.63915 tx_lon=-16.94644 sats=5 fix=1 utc=1785017661 tx_fw=unknown
BER seq=14 bits=264 errs=0 ber=0.00e+00
PHASE_RESULT 58 CH-2422-FLRC1300-64 pktSize=64 rx=1 unique=1 lost=99 per=99.0 rssi_avg=-46 rssi_min=-46 crc_err=0 garbage=0 tx_lat=32.63915 tx_lon=-16.94644 sats=5 fix=1 utc=1785017661 tx_fw=unknown rx_fw=unknown
PHASE_GUARD 500
PHASE_START 57 CH-2417-FLRC1300-64 pktSize=64
PHASE_SYNC old=57 new=58 (from TX packet)
TIME_DIFF gps_utc=1785017662 laptop_utc=1785017658 offset=4
FLRC_RAW32: 165 90 66 36 192 86 116 19 192 45 230 245 5 0 1 62 53 101 106 58 0 23 117 110 107 110 111 119 110 29 30 31
PKT rx=1 seq=23 rssi=-46 phase=57 rx_ms=202000 tx_lat=32.63915 tx_lon=-16.94644 sats=5 fix=1 utc=1785017662 tx_fw=unknown
BER seq=23 bits=264 errs=0 ber=0.00e+00
PHASE_RESULT 58 CH-2422-FLRC1300-64 pktSize=64 rx=1 unique=1 lost=99 per=99.0 rssi_avg=-46 rssi_min=-46 crc_err=0 garbage=0 tx_lat=32.63915 tx_lon=-16.94644 sats=5 fix=1 utc=1785017662 tx_fw=unknown rx_fw=unknown
PHASE_GUARD 500
PHASE_START 57 CH-2417-FLRC1300-64 pktSize=64
PHASE_SYNC old=57 new=58 (from TX packet)
TIME_DIFF gps_utc=1785017662 laptop_utc=1785017659 offset=3
FLRC_RAW32: 165 90 66 36 192 86 116 19 176 45 230 245 5 0 1 62 53 101 106 58 0 32 117 110 107 110 111 119 110 29 30 31
PKT rx=1 seq=32 rssi=-46 phase=57 rx_ms=202270 tx_lat=32.63915 tx_lon=-16.94644 sats=5 fix=1 utc=1785017662 tx_fw=unknown
BER seq=32 bits=264 errs=0 ber=0.00e+00
PHASE_RESULT 58 CH-2422-FLRC1300-64 pktSize=64 rx=1 unique=1 lost=99 per=99.0 rssi_avg=-46 rssi_min=-46 crc_err=0 garbage=0 tx_lat=32.63915 tx_lon=-16.94644 sats=5 fix=1 utc=1785017662 tx_fw=unknown rx_fw=unknown
PHASE_GUARD 500
PHASE_START 57 CH-2417-FLRC1300-64 pktSize=64
PHASE_SYNC old=57 new=58 (from TX packet)
TIME_DIFF gps_utc=1785017662 laptop_utc=1785017659 offset=3
FLRC_RAW32: 165 90 66 36 224 86 116 19 160 45 230 245 5 0 1 62 53 101 106 58 0 41 117 110 107 110 111 119 110 29 30 31
PKT rx=1 seq=41 rssi=-46 phase=57 rx_ms=202539 tx_lat=32.63915 tx_lon=-16.94644 sats=5 fix=1 utc=1785017662 tx_fw=unknown
BER seq=41 bits=264 errs=0 ber=0.00e+00
PHASE_RESULT 58 CH-2422-FLRC1300-64 pktSize=64 rx=1 unique=1 lost=99 per=99.0 rssi_avg=-46 rssi_min=-46 crc_err=0 garbage=0 tx_lat=32.63915 tx_lon=-16.94644 sats=5 fix=1 utc=1785017662 tx_fw=unknown rx_fw=unknown
PHASE_GUARD 500
PHASE_START 57 CH-2417-FLRC1300-64 pktSize=64
PHASE_SYNC old=57 new=58 (from TX packet)
TIME_DIFF gps_utc=1785017662 laptop_utc=1785017659 offset=3
FLRC_RAW32: 165 90 66 36 224 86 116 19 144 45 230 245 5 0 1 62 53 101 106 58 0 50 117 110 107 110 111 119 110 29 30 31
PKT rx=1 seq=50 rssi=-46 phase=57 rx_ms=202810 tx_lat=32.63915 tx_lon=-16.94644 sats=5 fix=1 utc=1785017662 tx_fw=unknown
BER seq=50 bits=264 errs=0 ber=0.00e+00
PHASE_RESULT 58 CH-2422-FLRC1300-64 pktSize=64 rx=1 unique=1 lost=99 per=99.0 rssi_avg=-46 rssi_min=-46 crc_err=0 garbage=0 tx_lat=32.63915 tx_lon=-16.94644 sats=5 fix=1 utc=1785017662 tx_fw=unknown rx_fw=unknown
PHASE_GUARD 500
PHASE_START 57 CH-2417-FLRC1300-64 pktSize=64
PHASE_SYNC old=57 new=58 (from TX packet)
TIME_DIFF gps_utc=1785017663 laptop_utc=1785017660 offset=3
FLRC_RAW32: 165 90 66 36 0 87 116 19 128 45 230 245 5 0 1 63 53 101 106 58 0 59 117 110 107 110 111 119 110 29 30 31
PKT rx=1 seq=59 rssi=-46 phase=57 rx_ms=203080 tx_lat=32.63916 tx_lon=-16.94645 sats=5 fix=1 utc=1785017663 tx_fw=unknown
BER seq=59 bits=264 errs=0 ber=0.00e+00
PHASE_RESULT 58 CH-2422-FLRC1300-64 pktSize=64 rx=1 unique=1 lost=99 per=99.0 rssi_avg=-46 rssi_min=-46 crc_err=0 garbage=0 tx_lat=32.63916 tx_lon=-16.94645 sats=5 fix=1 utc=1785017663 tx_fw=unknown rx_fw=unknown
PHASE_GUARD 500
PHASE_START 57 CH-2417-FLRC1300-64 pktSize=64
PHASE_SYNC old=57 new=58 (from TX packet)
TIME_DIFF gps_utc=1785017663 laptop_utc=1785017660 offset=3
FLRC_RAW32: 165 90 66 36 0 87 116 19 128 45 230 245 5 0 1 63 53 101 106 58 0 68 117 110 107 110 111 119 110 29 30 31
PKT rx=1 seq=68 rssi=-46 phase=57 rx_ms=203350 tx_lat=32.63916 tx_lon=-16.94645 sats=5 fix=1 utc=1785017663 tx_fw=unknown
BER seq=68 bits=264 errs=0 ber=0.00e+00
PHASE_RESULT 58 CH-2422-FLRC1300-64 pktSize=64 rx=1 unique=1 lost=99 per=99.0 rssi_avg=-46 rssi_min=-46 crc_err=0 garbage=0 tx_lat=32.63916 tx_lon=-16.94645 sats=5 fix=1 utc=1785017663 tx_fw=unknown rx_fw=unknown
PHASE_GUARD 500
PHASE_START 57 CH-2417-FLRC1300-64 pktSize=64
PHASE_SYNC old=57 new=58 (from TX packet)
TIME_DIFF gps_utc=1785017663 laptop_utc=1785017660 offset=3
FLRC_RAW32: 165 90 66 36 0 87 116 19 96 45 230 245 5 0 1 63 53 101 106 58 0 77 117 110 107 110 111 119 110 29 30 31
PKT rx=1 seq=77 rssi=-46 phase=57 rx_ms=203619 tx_lat=32.63916 tx_lon=-16.94645 sats=5 fix=1 utc=1785017663 tx_fw=unknown
BER seq=77 bits=264 errs=0 ber=0.00e+00
PHASE_RESULT 58 CH-2422-FLRC1300-64 pktSize=64 rx=1 unique=1 lost=99 per=99.0 rssi_avg=-46 rssi_min=-46 crc_err=0 garbage=0 tx_lat=32.63916 tx_lon=-16.94645 sats=5 fix=1 utc=1785017663 tx_fw=unknown rx_fw=unknown
PHASE_GUARD 500
PHASE_START 57 CH-2417-FLRC1300-64 pktSize=64
PHASE_RESULT 57 CH-2417-FLRC1300-64 pktSize=64 rx=0 unique=0 lost=100 per=100.0 rssi_avg=0 rssi_min=0 crc_err=0 garbage=0 tx_lat=0.00000 tx_lon=0.00000 sats=0 fix=0 utc=0 tx_fw=none rx_fw=unknown
PHASE_GUARD 500
PHASE_START 58 CH-2422-FLRC1300-64 pktSize=64
SYNC_OFFSET phase=58 off=0 prev=-1
PHASE_SYNC old=58 new=59 (from TX packet)
TIME_DIFF gps_utc=1785017664 laptop_utc=1785017661 offset=3
FLRC_RAW32: 165 90 66 36 64 87 116 19 48 45 230 245 5 0 1 64 53 101 106 59 0 0 117 110 107 110 111 119 110 29 30 31
PKT rx=1 seq=0 rssi=-46 phase=58 rx_ms=204448 tx_lat=32.63916 tx_lon=-16.94645 sats=5 fix=1 utc=1785017664 tx_fw=unknown
BER seq=0 bits=264 errs=0 ber=0.00e+00
PHASE_RESULT 59 CH-2427-FLRC1300-64 pktSize=64 rx=1 unique=1 lost=99 per=99.0 rssi_avg=-46 rssi_min=-46 crc_err=0 garbage=0 tx_lat=32.63916 tx_lon=-16.94645 sats=5 fix=1 utc=1785017664 tx_fw=unknown rx_fw=unknown
PHASE_GUARD 500
PHASE_START 58 CH-2422-FLRC1300-64 pktSize=64
PHASE_SYNC old=58 new=59 (from TX packet)
TIME_DIFF gps_utc=1785017664 laptop_utc=1785017661 offset=3
FLRC_RAW32: 165 90 66 36 96 87 116 19 240 44 230 245 5 0 1 64 53 101 106 59 0 14 117 110 107 110 111 119 110 29 30 31
PKT rx=1 seq=14 rssi=-46 phase=58 rx_ms=204724 tx_lat=32.63916 tx_lon=-16.94646 sats=5 fix=1 utc=1785017664 tx_fw=unknown
BER seq=14 bits=264 errs=0 ber=0.00e+00
PHASE_RESULT 59 CH-2427-FLRC1300-64 pktSize=64 rx=1 unique=1 lost=99 per=99.0 rssi_avg=-46 rssi_min=-46 crc_err=0 garbage=0 tx_lat=32.63916 tx_lon=-16.94646 sats=5 fix=1 utc=1785017664 tx_fw=unknown rx_fw=unknown
PHASE_GUARD 500
PHASE_START 58 CH-2422-FLRC1300-64 pktSize=64
PHASE_SYNC old=58 new=59 (from TX packet)
TIME_DIFF gps_utc=1785017665 laptop_utc=1785017661 offset=4
FLRC_RAW32: 165 90 66 36 96 87 116 19 224 44 230 245 5 0 1 65 53 101 106 59 0 23 117 110 107 110 111 119 110 29 30 31
PKT rx=1 seq=23 rssi=-46 phase=58 rx_ms=204994 tx_lat=32.63916 tx_lon=-16.94646 sats=5 fix=1 utc=1785017665 tx_fw=unknown
BER seq=23 bits=264 errs=0 ber=0.00e+00
PHASE_RESULT 59 CH-2427-FLRC1300-64 pktSize=64 rx=1 unique=1 lost=99 per=99.0 rssi_avg=-46 rssi_min=-46 crc_err=0 garbage=0 tx_lat=32.63916 tx_lon=-16.94646 sats=5 fix=1 utc=1785017665 tx_fw=unknown rx_fw=unknown
PHASE_GUARD 500
PHASE_START 58 CH-2422-FLRC1300-64 pktSize=64
PHASE_SYNC old=58 new=59 (from TX packet)
TIME_DIFF gps_utc=1785017665 laptop_utc=1785017662 offset=3
FLRC_RAW32: 165 90 66 36 96 87 116 19 208 44 230 245 5 0 1 65 53 101 106 59 0 32 117 110 107 110 111 119 110 29 30 31
PKT rx=1 seq=32 rssi=-46 phase=58 rx_ms=205263 tx_lat=32.63916 tx_lon=-16.94646 sats=5 fix=1 utc=1785017665 tx_fw=unknown
BER seq=32 bits=264 errs=0 ber=0.00e+00
PHASE_RESULT 59 CH-2427-FLRC1300-64 pktSize=64 rx=1 unique=1 lost=99 per=99.0 rssi_avg=-46 rssi_min=-46 crc_err=0 garbage=0 tx_lat=32.63916 tx_lon=-16.94646 sats=5 fix=1 utc=1785017665 tx_fw=unknown rx_fw=unknown
PHASE_GUARD 500
PHASE_START 58 CH-2422-FLRC1300-64 pktSize=64
PHASE_SYNC old=58 new=59 (from TX packet)
TIME_DIFF gps_utc=1785017665 laptop_utc=1785017662 offset=3
FLRC_RAW32: 165 90 66 36 128 87 116 19 160 44 230 245 5 0 1 65 53 101 106 59 0 41 117 110 107 110 111 119 110 29 30 31
PKT rx=1 seq=41 rssi=-46 phase=58 rx_ms=205533 tx_lat=32.63917 tx_lon=-16.94647 sats=5 fix=1 utc=1785017665 tx_fw=unknown
BER seq=41 bits=264 errs=0 ber=0.00e+00
PHASE_RESULT 59 CH-2427-FLRC1300-64 pktSize=64 rx=1 unique=1 lost=99 per=99.0 rssi_avg=-46 rssi_min=-46 crc_err=0 garbage=0 tx_lat=32.63917 tx_lon=-16.94647 sats=5 fix=1 utc=1785017665 tx_fw=unknown rx_fw=unknown
PHASE_GUARD 500
PHASE_START 58 CH-2422-FLRC1300-64 pktSize=64
PHASE_SYNC old=58 new=59 (from TX packet)
TIME_DIFF gps_utc=1785017665 laptop_utc=1785017662 offset=3
FLRC_RAW32: 165 90 66 36 160 87 116 19 160 44 230 245 5 0 1 65 53 101 106 59 0 50 117 110 107 110 111 119 110 29 30 31
PKT rx=1 seq=50 rssi=-46 phase=58 rx_ms=205804 tx_lat=32.63917 tx_lon=-16.94647 sats=5 fix=1 utc=1785017665 tx_fw=unknown
BER seq=50 bits=264 errs=0 ber=0.00e+00
PHASE_RESULT 59 CH-2427-FLRC1300-64 pktSize=64 rx=1 unique=1 lost=99 per=99.0 rssi_avg=-46 rssi_min=-46 crc_err=0 garbage=0 tx_lat=32.63917 tx_lon=-16.94647 sats=5 fix=1 utc=1785017665 tx_fw=unknown rx_fw=unknown
PHASE_GUARD 500
PHASE_START 58 CH-2422-FLRC1300-64 pktSize=64
PHASE_SYNC old=58 new=59 (from TX packet)
TIME_DIFF gps_utc=1785017666 laptop_utc=1785017663 offset=3
FLRC_RAW32: 165 90 66 36 160 87 116 19 144 44 230 245 5 0 1 66 53 101 106 59 0 59 117 110 107 110 111 119 110 29 30 31
PKT rx=1 seq=59 rssi=-46 phase=58 rx_ms=206074 tx_lat=32.63917 tx_lon=-16.94647 sats=5 fix=1 utc=1785017666 tx_fw=unknown
BER seq=59 bits=264 errs=0 ber=0.00e+00
PHASE_RESULT 59 CH-2427-FLRC1300-64 pktSize=64 rx=1 unique=1 lost=99 per=99.0 rssi_avg=-46 rssi_min=-46 crc_err=0 garbage=0 tx_lat=32.63917 tx_lon=-16.94647 sats=5 fix=1 utc=1785017666 tx_fw=unknown rx_fw=unknown
PHASE_GUARD 500
PHASE_START 58 CH-2422-FLRC1300-64 pktSize=64
PHASE_SYNC old=58 new=59 (from TX packet)
TIME_DIFF gps_utc=1785017666 laptop_utc=1785017663 offset=3
FLRC_RAW32: 165 90 66 36 160 87 116 19 112 44 230 245 5 0 1 66 53 101 106 59 0 68 117 110 107 110 111 119 110 29 30 31
PKT rx=1 seq=68 rssi=-46 phase=58 rx_ms=206344 tx_lat=32.63917 tx_lon=-16.94647 sats=5 fix=1 utc=1785017666 tx_fw=unknown
BER seq=68 bits=264 errs=0 ber=0.00e+00
PHASE_RESULT 59 CH-2427-FLRC1300-64 pktSize=64 rx=1 unique=1 lost=99 per=99.0 rssi_avg=-46 rssi_min=-46 crc_err=0 garbage=0 tx_lat=32.63917 tx_lon=-16.94647 sats=5 fix=1 utc=1785017666 tx_fw=unknown rx_fw=unknown
PHASE_GUARD 500
PHASE_START 58 CH-2422-FLRC1300-64 pktSize=64
PHASE_SYNC old=58 new=59 (from TX packet)
TIME_DIFF gps_utc=1785017666 laptop_utc=1785017663 offset=3
FLRC_RAW32: 165 90 66 36 192 87 116 19 96 44 230 245 5 0 1 66 53 101 106 59 0 77 117 110 107 110 111 119 110 29 30 31
PKT rx=1 seq=77 rssi=-46 phase=58 rx_ms=206614 tx_lat=32.63918 tx_lon=-16.94647 sats=5 fix=1 utc=1785017666 tx_fw=unknown
BER seq=77 bits=264 errs=0 ber=0.00e+00
PHASE_RESULT 59 CH-2427-FLRC1300-64 pktSize=64 rx=1 unique=1 lost=99 per=99.0 rssi_avg=-46 rssi_min=-46 crc_err=0 garbage=0 tx_lat=32.63918 tx_lon=-16.94647 sats=5 fix=1 utc=1785017666 tx_fw=unknown rx_fw=unknown
PHASE_GUARD 500
PHASE_START 58 CH-2422-FLRC1300-64 pktSize=64
PHASE_RESULT 58 CH-2422-FLRC1300-64 pktSize=64 rx=0 unique=0 lost=100 per=100.0 rssi_avg=0 rssi_min=0 crc_err=0 garbage=0 tx_lat=0.00000 tx_lon=0.00000 sats=0 fix=0 utc=0 tx_fw=none rx_fw=unknown
PHASE_GUARD 500
PHASE_START 59 CH-2427-FLRC1300-64 pktSize=64
SYNC_OFFSET phase=59 off=0 prev=-1
PHASE_SYNC old=59 new=60 (from TX packet)
TIME_DIFF gps_utc=1785017667 laptop_utc=1785017664 offset=3
FLRC_RAW32: 165 90 66 36 0 88 116 19 48 44 230 245 5 0 1 67 53 101 106 60 0 0 117 110 107 110 111 119 110 29 30 31
PKT rx=1 seq=0 rssi=-46 phase=59 rx_ms=207453 tx_lat=32.63918 tx_lon=-16.94648 sats=5 fix=1 utc=1785017667 tx_fw=unknown
BER seq=0 bits=264 errs=0 ber=0.00e+00
PHASE_RESULT 60 CH-2432-FLRC1300-64 pktSize=64 rx=1 unique=1 lost=99 per=99.0 rssi_avg=-46 rssi_min=-46 crc_err=0 garbage=0 tx_lat=32.63918 tx_lon=-16.94648 sats=5 fix=1 utc=1785017667 tx_fw=unknown rx_fw=unknown
PHASE_GUARD 500
PHASE_START 59 CH-2427-FLRC1300-64 pktSize=64
PHASE_SYNC old=59 new=60 (from TX packet)
TIME_DIFF gps_utc=1785017667 laptop_utc=1785017664 offset=3
FLRC_RAW32: 165 90 66 36 0 88 116 19 32 44 230 245 5 0 1 67 53 101 106 60 0 14 117 110 107 110 111 119 110 29 30 31
PKT rx=1 seq=14 rssi=-46 phase=59 rx_ms=207728 tx_lat=32.63918 tx_lon=-16.94648 sats=5 fix=1 utc=1785017667 tx_fw=unknown
BER seq=14 bits=264 errs=0 ber=0.00e+00
PHASE_RESULT 60 CH-2432-FLRC1300-64 pktSize=64 rx=1 unique=1 lost=99 per=99.0 rssi_avg=-46 rssi_min=-46 crc_err=0 garbage=0 tx_lat=32.63918 tx_lon=-16.94648 sats=5 fix=1 utc=1785017667 tx_fw=unknown rx_fw=unknown
PHASE_GUARD 500
PHASE_START 59 CH-2427-FLRC1300-64 pktSize=64
PHASE_SYNC old=59 new=60 (from TX packet)
TIME_DIFF gps_utc=1785017668 laptop_utc=1785017664 offset=4
FLRC_RAW32: 165 90 66 36 32 88 116 19 16 44 230 245 5 0 1 68 53 101 106 60 0 23 117 110 107 110 111 119 110 29 30 31
PKT rx=1 seq=23 rssi=-46 phase=59 rx_ms=207999 tx_lat=32.63918 tx_lon=-16.94648 sats=5 fix=1 utc=1785017668 tx_fw=unknown
BER seq=23 bits=264 errs=0 ber=0.00e+00
PHASE_RESULT 60 CH-2432-FLRC1300-64 pktSize=64 rx=1 unique=1 lost=99 per=99.0 rssi_avg=-46 rssi_min=-46 crc_err=0 garbage=0 tx_lat=32.63918 tx_lon=-16.94648 sats=5 fix=1 utc=1785017668 tx_fw=unknown rx_fw=unknown
PHASE_GUARD 500
PHASE_START 59 CH-2427-FLRC1300-64 pktSize=64
PHASE_SYNC old=59 new=60 (from TX packet)
TIME_DIFF gps_utc=1785017668 laptop_utc=1785017665 offset=3
FLRC_RAW32: 165 90 66 36 32 88 116 19 16 44 230 245 5 0 1 68 53 101 106 60 0 32 117 110 107 110 111 119 110 29 30 31
PKT rx=1 seq=32 rssi=-46 phase=59 rx_ms=208268 tx_lat=32.63918 tx_lon=-16.94648 sats=5 fix=1 utc=1785017668 tx_fw=unknown
BER seq=32 bits=264 errs=0 ber=0.00e+00
PHASE_RESULT 60 CH-2432-FLRC1300-64 pktSize=64 rx=1 unique=1 lost=99 per=99.0 rssi_avg=-46 rssi_min=-46 crc_err=0 garbage=0 tx_lat=32.63918 tx_lon=-16.94648 sats=5 fix=1 utc=1785017668 tx_fw=unknown rx_fw=unknown
PHASE_GUARD 500
PHASE_START 59 CH-2427-FLRC1300-64 pktSize=64
PHASE_SYNC old=59 new=60 (from TX packet)
TIME_DIFF gps_utc=1785017668 laptop_utc=1785017665 offset=3
FLRC_RAW32: 165 90 66 36 32 88 116 19 0 44 230 245 5 0 1 68 53 101 106 60 0 41 117 110 107 110 111 119 110 29 30 31
PKT rx=1 seq=41 rssi=-46 phase=59 rx_ms=208539 tx_lat=32.63918 tx_lon=-16.94648 sats=5 fix=1 utc=1785017668 tx_fw=unknown
BER seq=41 bits=264 errs=0 ber=0.00e+00
PHASE_RESULT 60 CH-2432-FLRC1300-64 pktSize=64 rx=1 unique=1 lost=99 per=99.0 rssi_avg=-46 rssi_min=-46 crc_err=0 garbage=0 tx_lat=32.63918 tx_lon=-16.94648 sats=5 fix=1 utc=1785017668 tx_fw=unknown rx_fw=unknown
PHASE_GUARD 500
PHASE_START 59 CH-2427-FLRC1300-64 pktSize=64
PHASE_SYNC old=59 new=60 (from TX packet)
TIME_DIFF gps_utc=1785017668 laptop_utc=1785017665 offset=3
FLRC_RAW32: 165 90 66 36 64 88 116 19 240 43 230 245 5 0 1 68 53 101 106 60 0 50 117 110 107 110 111 119 110 29 30 31
PKT rx=1 seq=50 rssi=-46 phase=59 rx_ms=208808 tx_lat=32.63919 tx_lon=-16.94649 sats=5 fix=1 utc=1785017668 tx_fw=unknown
BER seq=50 bits=264 errs=0 ber=0.00e+00
PHASE_RESULT 60 CH-2432-FLRC1300-64 pktSize=64 rx=1 unique=1 lost=99 per=99.0 rssi_avg=-46 rssi_min=-46 crc_err=0 garbage=0 tx_lat=32.63919 tx_lon=-16.94649 sats=5 fix=1 utc=1785017668 tx_fw=unknown rx_fw=unknown
PHASE_GUARD 500
PHASE_START 59 CH-2427-FLRC1300-64 pktSize=64
PHASE_SYNC old=59 new=60 (from TX packet)
TIME_DIFF gps_utc=1785017669 laptop_utc=1785017666 offset=3
FLRC_RAW32: 165 90 66 36 64 88 116 19 240 43 230 245 5 0 1 69 53 101 106 60 0 59 117 110 107 110 111 119 110 29 30 31
PKT rx=1 seq=59 rssi=-46 phase=59 rx_ms=209079 tx_lat=32.63919 tx_lon=-16.94649 sats=5 fix=1 utc=1785017669 tx_fw=unknown
BER seq=59 bits=264 errs=0 ber=0.00e+00
PHASE_RESULT 60 CH-2432-FLRC1300-64 pktSize=64 rx=1 unique=1 lost=99 per=99.0 rssi_avg=-46 rssi_min=-46 crc_err=0 garbage=0 tx_lat=32.63919 tx_lon=-16.94649 sats=5 fix=1 utc=1785017669 tx_fw=unknown rx_fw=unknown
PHASE_GUARD 500
PHASE_START 59 CH-2427-FLRC1300-64 pktSize=64
PHASE_SYNC old=59 new=60 (from TX packet)
TIME_DIFF gps_utc=1785017669 laptop_utc=1785017666 offset=3
FLRC_RAW32: 165 90 66 36 64 88 116 19 240 43 230 245 5 0 1 69 53 101 106 60 0 68 117 110 107 110 111 119 110 29 30 31
PKT rx=1 seq=68 rssi=-46 phase=59 rx_ms=209349 tx_lat=32.63919 tx_lon=-16.94649 sats=5 fix=1 utc=1785017669 tx_fw=unknown
BER seq=68 bits=264 errs=0 ber=0.00e+00
PHASE_RESULT 60 CH-2432-FLRC1300-64 pktSize=64 rx=1 unique=1 lost=99 per=99.0 rssi_avg=-46 rssi_min=-46 crc_err=0 garbage=0 tx_lat=32.63919 tx_lon=-16.94649 sats=5 fix=1 utc=1785017669 tx_fw=unknown rx_fw=unknown
PHASE_GUARD 500
PHASE_START 59 CH-2427-FLRC1300-64 pktSize=64
PHASE_SYNC old=59 new=60 (from TX packet)
TIME_DIFF gps_utc=1785017669 laptop_utc=1785017666 offset=3
FLRC_RAW32: 165 90 66 36 64 88 116 19 192 43 230 245 5 0 1 69 53 101 106 60 0 77 117 110 107 110 111 119 110 29 30 31
PKT rx=1 seq=77 rssi=-46 phase=59 rx_ms=209618 tx_lat=32.63919 tx_lon=-16.94649 sats=5 fix=1 utc=1785017669 tx_fw=unknown
BER seq=77 bits=264 errs=0 ber=0.00e+00
PHASE_RESULT 60 CH-2432-FLRC1300-64 pktSize=64 rx=1 unique=1 lost=99 per=99.0 rssi_avg=-46 rssi_min=-46 crc_err=0 garbage=0 tx_lat=32.63919 tx_lon=-16.94649 sats=5 fix=1 utc=1785017669 tx_fw=unknown rx_fw=unknown
PHASE_GUARD 500
PHASE_START 59 CH-2427-FLRC1300-64 pktSize=64
PHASE_RESULT 59 CH-2427-FLRC1300-64 pktSize=64 rx=0 unique=0 lost=100 per=100.0 rssi_avg=0 rssi_min=0 crc_err=0 garbage=0 tx_lat=0.00000 tx_lon=0.00000 sats=0 fix=0 utc=0 tx_fw=none rx_fw=unknown
PHASE_GUARD 500
PHASE_START 60 CH-2432-FLRC1300-64 pktSize=64
SYNC_OFFSET phase=60 off=0 prev=-1
PHASE_SYNC old=60 new=61 (from TX packet)
TIME_DIFF gps_utc=1785017670 laptop_utc=1785017667 offset=3
FLRC_RAW32: 165 90 66 36 128 88 116 19 160 43 230 245 5 0 1 70 53 101 106 61 0 0 117 110 107 110 111 119 110 29 30 31
PKT rx=1 seq=0 rssi=-46 phase=60 rx_ms=210457 tx_lat=32.63919 tx_lon=-16.94649 sats=5 fix=1 utc=1785017670 tx_fw=unknown
BER seq=0 bits=264 errs=0 ber=0.00e+00
PHASE_RESULT 61 CH-2437-FLRC1300-64 pktSize=64 rx=1 unique=1 lost=99 per=99.0 rssi_avg=-46 rssi_min=-46 crc_err=0 garbage=0 tx_lat=32.63919 tx_lon=-16.94649 sats=5 fix=1 utc=1785017670 tx_fw=unknown rx_fw=unknown
PHASE_GUARD 500
PHASE_START 60 CH-2432-FLRC1300-64 pktSize=64
PHASE_SYNC old=60 new=61 (from TX packet)
TIME_DIFF gps_utc=1785017670 laptop_utc=1785017667 offset=3
FLRC_RAW32: 165 90 66 36 160 88 116 19 144 43 230 245 5 0 1 70 53 101 106 61 0 14 117 110 107 110 111 119 110 29 30 31
PKT rx=1 seq=14 rssi=-46 phase=60 rx_ms=210732 tx_lat=32.63920 tx_lon=-16.94650 sats=5 fix=1 utc=1785017670 tx_fw=unknown
BER seq=14 bits=264 errs=0 ber=0.00e+00
PHASE_RESULT 61 CH-2437-FLRC1300-64 pktSize=64 rx=1 unique=1 lost=99 per=99.0 rssi_avg=-46 rssi_min=-46 crc_err=0 garbage=0 tx_lat=32.63920 tx_lon=-16.94650 sats=5 fix=1 utc=1785017670 tx_fw=unknown rx_fw=unknown
PHASE_GUARD 500
PHASE_START 60 CH-2432-FLRC1300-64 pktSize=64
PHASE_SYNC old=60 new=61 (from TX packet)
TIME_DIFF gps_utc=1785017671 laptop_utc=1785017667 offset=4
FLRC_RAW32: 165 90 66 36 160 88 116 19 144 43 230 245 5 0 1 71 53 101 106 61 0 23 117 110 107 110 111 119 110 29 30 31
PKT rx=1 seq=23 rssi=-46 phase=60 rx_ms=211002 tx_lat=32.63920 tx_lon=-16.94650 sats=5 fix=1 utc=1785017671 tx_fw=unknown
BER seq=23 bits=264 errs=0 ber=0.00e+00
PHASE_RESULT 61 CH-2437-FLRC1300-64 pktSize=64 rx=1 unique=1 lost=99 per=99.0 rssi_avg=-46 rssi_min=-46 crc_err=0 garbage=0 tx_lat=32.63920 tx_lon=-16.94650 sats=5 fix=1 utc=1785017671 tx_fw=unknown rx_fw=unknown
PHASE_GUARD 500
PHASE_START 60 CH-2432-FLRC1300-64 pktSize=64
PHASE_SYNC old=60 new=61 (from TX packet)
TIME_DIFF gps_utc=1785017671 laptop_utc=1785017668 offset=3
FLRC_RAW32: 165 90 66 36 160 88 116 19 160 43 230 245 5 0 1 71 53 101 106 61 0 32 117 110 107 110 111 119 110 29 30 31
PKT rx=1 seq=32 rssi=-46 phase=60 rx_ms=211272 tx_lat=32.63920 tx_lon=-16.94649 sats=5 fix=1 utc=1785017671 tx_fw=unknown
BER seq=32 bits=264 errs=0 ber=0.00e+00
PHASE_RESULT 61 CH-2437-FLRC1300-64 pktSize=64 rx=1 unique=1 lost=99 per=99.0 rssi_avg=-46 rssi_min=-46 crc_err=0 garbage=0 tx_lat=32.63920 tx_lon=-16.94649 sats=5 fix=1 utc=1785017671 tx_fw=unknown rx_fw=unknown
PHASE_GUARD 500
PHASE_START 60 CH-2432-FLRC1300-64 pktSize=64
PHASE_SYNC old=60 new=61 (from TX packet)
TIME_DIFF gps_utc=1785017671 laptop_utc=1785017668 offset=3
FLRC_RAW32: 165 90 66 36 160 88 116 19 144 43 230 245 5 0 1 71 53 101 106 61 0 41 117 110 107 110 111 119 110 29 30 31
PKT rx=1 seq=41 rssi=-46 phase=60 rx_ms=211543 tx_lat=32.63920 tx_lon=-16.94650 sats=5 fix=1 utc=1785017671 tx_fw=unknown
BER seq=41 bits=264 errs=0 ber=0.00e+00
PHASE_RESULT 61 CH-2437-FLRC1300-64 pktSize=64 rx=1 unique=1 lost=99 per=99.0 rssi_avg=-46 rssi_min=-46 crc_err=0 garbage=0 tx_lat=32.63920 tx_lon=-16.94650 sats=5 fix=1 utc=1785017671 tx_fw=unknown rx_fw=unknown
PHASE_GUARD 500
PHASE_START 60 CH-2432-FLRC1300-64 pktSize=64
PHASE_SYNC old=60 new=61 (from TX packet)
TIME_DIFF gps_utc=1785017671 laptop_utc=1785017668 offset=3
FLRC_RAW32: 165 90 66 36 224 88 116 19 112 43 230 245 5 0 1 71 53 101 106 61 0 50 117 110 107 110 111 119 110 29 30 31
PKT rx=1 seq=50 rssi=-46 phase=60 rx_ms=211812 tx_lat=32.63920 tx_lon=-16.94650 sats=5 fix=1 utc=1785017671 tx_fw=unknown
BER seq=50 bits=264 errs=0 ber=0.00e+00
PHASE_RESULT 61 CH-2437-FLRC1300-64 pktSize=64 rx=1 unique=1 lost=99 per=99.0 rssi_avg=-46 rssi_min=-46 crc_err=0 garbage=0 tx_lat=32.63920 tx_lon=-16.94650 sats=5 fix=1 utc=1785017671 tx_fw=unknown rx_fw=unknown
PHASE_GUARD 500
PHASE_START 60 CH-2432-FLRC1300-64 pktSize=64
PHASE_SYNC old=60 new=61 (from TX packet)
TIME_DIFF gps_utc=1785017672 laptop_utc=1785017669 offset=3
FLRC_RAW32: 165 90 66 36 224 88 116 19 96 43 230 245 5 0 1 72 53 101 106 61 0 59 117 110 107 110 111 119 110 29 30 31
PKT rx=1 seq=59 rssi=-46 phase=60 rx_ms=212083 tx_lat=32.63920 tx_lon=-16.94650 sats=5 fix=1 utc=1785017672 tx_fw=unknown
BER seq=59 bits=264 errs=0 ber=0.00e+00
PHASE_RESULT 61 CH-2437-FLRC1300-64 pktSize=64 rx=1 unique=1 lost=99 per=99.0 rssi_avg=-46 rssi_min=-46 crc_err=0 garbage=0 tx_lat=32.63920 tx_lon=-16.94650 sats=5 fix=1 utc=1785017672 tx_fw=unknown rx_fw=unknown
PHASE_GUARD 500
PHASE_START 60 CH-2432-FLRC1300-64 pktSize=64
PHASE_SYNC old=60 new=61 (from TX packet)
TIME_DIFF gps_utc=1785017672 laptop_utc=1785017669 offset=3
FLRC_RAW32: 165 90 66 36 224 88 116 19 96 43 230 245 5 0 1 72 53 101 106 61 0 68 117 110 107 110 111 119 110 29 30 31
PKT rx=1 seq=68 rssi=-46 phase=60 rx_ms=212353 tx_lat=32.63920 tx_lon=-16.94650 sats=5 fix=1 utc=1785017672 tx_fw=unknown
BER seq=68 bits=264 errs=0 ber=0.00e+00
PHASE_RESULT 61 CH-2437-FLRC1300-64 pktSize=64 rx=1 unique=1 lost=99 per=99.0 rssi_avg=-46 rssi_min=-46 crc_err=0 garbage=0 tx_lat=32.63920 tx_lon=-16.94650 sats=5 fix=1 utc=1785017672 tx_fw=unknown rx_fw=unknown
PHASE_GUARD 500
PHASE_START 60 CH-2432-FLRC1300-64 pktSize=64
PHASE_SYNC old=60 new=61 (from TX packet)
TIME_DIFF gps_utc=1785017672 laptop_utc=1785017669 offset=3
FLRC_RAW32: 165 90 66 36 224 88 116 19 80 43 230 245 5 0 1 72 53 101 106 61 0 77 117 110 107 110 111 119 110 29 30 31
PKT rx=1 seq=77 rssi=-46 phase=60 rx_ms=212622 tx_lat=32.63920 tx_lon=-16.94650 sats=5 fix=1 utc=1785017672 tx_fw=unknown
BER seq=77 bits=264 errs=0 ber=0.00e+00
PHASE_RESULT 61 CH-2437-FLRC1300-64 pktSize=64 rx=1 unique=1 lost=99 per=99.0 rssi_avg=-46 rssi_min=-46 crc_err=0 garbage=0 tx_lat=32.63920 tx_lon=-16.94650 sats=5 fix=1 utc=1785017672 tx_fw=unknown rx_fw=unknown
PHASE_GUARD 500
PHASE_START 60 CH-2432-FLRC1300-64 pktSize=64
PHASE_RESULT 60 CH-2432-FLRC1300-64 pktSize=64 rx=0 unique=0 lost=100 per=100.0 rssi_avg=0 rssi_min=0 crc_err=0 garbage=0 tx_lat=0.00000 tx_lon=0.00000 sats=0 fix=0 utc=0 tx_fw=none rx_fw=unknown
PHASE_GUARD 500
PHASE_START 61 CH-2437-FLRC1300-64 pktSize=64
SYNC_OFFSET phase=61 off=0 prev=-1
PHASE_SYNC old=61 new=62 (from TX packet)
TIME_DIFF gps_utc=1785017673 laptop_utc=1785017670 offset=3
FLRC_RAW32: 165 90 66 36 0 89 116 19 64 43 230 245 5 0 1 73 53 101 106 62 0 0 117 110 107 110 111 119 110 29 30 31
PKT rx=1 seq=0 rssi=-46 phase=61 rx_ms=213461 tx_lat=32.63921 tx_lon=-16.94650 sats=5 fix=1 utc=1785017673 tx_fw=unknown
BER seq=0 bits=264 errs=0 ber=0.00e+00
PHASE_RESULT 62 CH-2442-FLRC1300-64 pktSize=64 rx=1 unique=1 lost=99 per=99.0 rssi_avg=-46 rssi_min=-46 crc_err=0 garbage=0 tx_lat=32.63921 tx_lon=-16.94650 sats=5 fix=1 utc=1785017673 tx_fw=unknown rx_fw=unknown
PHASE_GUARD 500
PHASE_START 61 CH-2437-FLRC1300-64 pktSize=64
PHASE_SYNC old=61 new=62 (from TX packet)
TIME_DIFF gps_utc=1785017673 laptop_utc=1785017670 offset=3
FLRC_RAW32: 165 90 66 36 0 89 116 19 80 43 230 245 5 0 1 73 53 101 106 62 0 14 117 110 107 110 111 119 110 29 30 31
PKT rx=1 seq=14 rssi=-46 phase=61 rx_ms=213737 tx_lat=32.63921 tx_lon=-16.94650 sats=5 fix=1 utc=1785017673 tx_fw=unknown
BER seq=14 bits=264 errs=0 ber=0.00e+00
PHASE_RESULT 62 CH-2442-FLRC1300-64 pktSize=64 rx=1 unique=1 lost=99 per=99.0 rssi_avg=-46 rssi_min=-46 crc_err=0 garbage=0 tx_lat=32.63921 tx_lon=-16.94650 sats=5 fix=1 utc=1785017673 tx_fw=unknown rx_fw=unknown
PHASE_GUARD 500
PHASE_START 61 CH-2437-FLRC1300-64 pktSize=64
PHASE_SYNC old=61 new=62 (from TX packet)
TIME_DIFF gps_utc=1785017674 laptop_utc=1785017670 offset=4
FLRC_RAW32: 165 90 66 36 0 89 116 19 80 43 230 245 5 0 1 74 53 101 106 62 0 23 117 110 107 110 111 119 110 29 30 31
PKT rx=1 seq=23 rssi=-46 phase=61 rx_ms=214007 tx_lat=32.63921 tx_lon=-16.94650 sats=5 fix=1 utc=1785017674 tx_fw=unknown
BER seq=23 bits=264 errs=0 ber=0.00e+00
PHASE_RESULT 62 CH-2442-FLRC1300-64 pktSize=64 rx=1 unique=1 lost=99 per=99.0 rssi_avg=-46 rssi_min=-46 crc_err=0 garbage=0 tx_lat=32.63921 tx_lon=-16.94650 sats=5 fix=1 utc=1785017674 tx_fw=unknown rx_fw=unknown
PHASE_GUARD 500
PHASE_START 61 CH-2437-FLRC1300-64 pktSize=64
PHASE_SYNC old=61 new=62 (from TX packet)
TIME_DIFF gps_utc=1785017674 laptop_utc=1785017671 offset=3
FLRC_RAW32: 165 90 66 36 224 88 116 19 80 43 230 245 5 0 1 74 53 101 106 62 0 32 117 110 107 110 111 119 110 29 30 31
PKT rx=1 seq=32 rssi=-46 phase=61 rx_ms=214277 tx_lat=32.63920 tx_lon=-16.94650 sats=5 fix=1 utc=1785017674 tx_fw=unknown
BER seq=32 bits=264 errs=0 ber=0.00e+00
PHASE_RESULT 62 CH-2442-FLRC1300-64 pktSize=64 rx=1 unique=1 lost=99 per=99.0 rssi_avg=-46 rssi_min=-46 crc_err=0 garbage=0 tx_lat=32.63920 tx_lon=-16.94650 sats=5 fix=1 utc=1785017674 tx_fw=unknown rx_fw=unknown
PHASE_GUARD 500
PHASE_START 61 CH-2437-FLRC1300-64 pktSize=64
PHASE_SYNC old=61 new=62 (from TX packet)
TIME_DIFF gps_utc=1785017674 laptop_utc=1785017671 offset=3
FLRC_RAW32: 165 90 66 36 0 89 116 19 80 43 230 245 5 0 1 74 53 101 106 62 0 41 117 110 107 110 111 119 110 29 30 31
PKT rx=1 seq=41 rssi=-46 phase=61 rx_ms=214547 tx_lat=32.63921 tx_lon=-16.94650 sats=5 fix=1 utc=1785017674 tx_fw=unknown
BER seq=41 bits=264 errs=0 ber=0.00e+00
PHASE_RESULT 62 CH-2442-FLRC1300-64 pktSize=64 rx=1 unique=1 lost=99 per=99.0 rssi_avg=-46 rssi_min=-46 crc_err=0 garbage=0 tx_lat=32.63921 tx_lon=-16.94650 sats=5 fix=1 utc=1785017674 tx_fw=unknown rx_fw=unknown
PHASE_GUARD 500
PHASE_START 61 CH-2437-FLRC1300-64 pktSize=64
PHASE_SYNC old=61 new=62 (from TX packet)
TIME_DIFF gps_utc=1785017674 laptop_utc=1785017671 offset=3
FLRC_RAW32: 165 90 66 36 0 89 116 19 80 43 230 245 5 0 1 74 53 101 106 62 0 50 117 110 107 110 111 119 110 29 30 31
PKT rx=1 seq=50 rssi=-46 phase=61 rx_ms=214818 tx_lat=32.63921 tx_lon=-16.94650 sats=5 fix=1 utc=1785017674 tx_fw=unknown
BER seq=50 bits=264 errs=0 ber=0.00e+00
PHASE_RESULT 62 CH-2442-FLRC1300-64 pktSize=64 rx=1 unique=1 lost=99 per=99.0 rssi_avg=-46 rssi_min=-46 crc_err=0 garbage=0 tx_lat=32.63921 tx_lon=-16.94650 sats=5 fix=1 utc=1785017674 tx_fw=unknown rx_fw=unknown
PHASE_GUARD 500
PHASE_START 61 CH-2437-FLRC1300-64 pktSize=64
PHASE_SYNC old=61 new=62 (from TX packet)
TIME_DIFF gps_utc=1785017675 laptop_utc=1785017672 offset=3
FLRC_RAW32: 165 90 66 36 0 89 116 19 64 43 230 245 5 0 1 75 53 101 106 62 0 59 117 110 107 110 111 119 110 29 30 31
PKT rx=1 seq=59 rssi=-46 phase=61 rx_ms=215087 tx_lat=32.63921 tx_lon=-16.94650 sats=5 fix=1 utc=1785017675 tx_fw=unknown
BER seq=59 bits=264 errs=0 ber=0.00e+00
PHASE_RESULT 62 CH-2442-FLRC1300-64 pktSize=64 rx=1 unique=1 lost=99 per=99.0 rssi_avg=-46 rssi_min=-46 crc_err=0 garbage=0 tx_lat=32.63921 tx_lon=-16.94650 sats=5 fix=1 utc=1785017675 tx_fw=unknown rx_fw=unknown
PHASE_GUARD 500
PHASE_START 61 CH-2437-FLRC1300-64 pktSize=64
PHASE_SYNC old=61 new=62 (from TX packet)
TIME_DIFF gps_utc=1785017675 laptop_utc=1785017672 offset=3
FLRC_RAW32: 165 90 66 36 0 89 116 19 80 43 230 245 5 0 1 75 53 101 106 62 0 68 117 110 107 110 111 119 110 29 30 31
PKT rx=1 seq=68 rssi=-46 phase=61 rx_ms=215357 tx_lat=32.63921 tx_lon=-16.94650 sats=5 fix=1 utc=1785017675 tx_fw=unknown
BER seq=68 bits=264 errs=0 ber=0.00e+00
PHASE_RESULT 62 CH-2442-FLRC1300-64 pktSize=64 rx=1 unique=1 lost=99 per=99.0 rssi_avg=-46 rssi_min=-46 crc_err=0 garbage=0 tx_lat=32.63921 tx_lon=-16.94650 sats=5 fix=1 utc=1785017675 tx_fw=unknown rx_fw=unknown
PHASE_GUARD 500
PHASE_START 61 CH-2437-FLRC1300-64 pktSize=64
PHASE_SYNC old=61 new=62 (from TX packet)
TIME_DIFF gps_utc=1785017675 laptop_utc=1785017672 offset=3
FLRC_RAW32: 165 90 66 36 0 89 116 19 80 43 230 245 5 0 1 75 53 101 106 62 0 77 117 110 107 110 111 119 110 29 30 31
PKT rx=1 seq=77 rssi=-46 phase=61 rx_ms=215627 tx_lat=32.63921 tx_lon=-16.94650 sats=5 fix=1 utc=1785017675 tx_fw=unknown
BER seq=77 bits=264 errs=0 ber=0.00e+00
PHASE_RESULT 62 CH-2442-FLRC1300-64 pktSize=64 rx=1 unique=1 lost=99 per=99.0 rssi_avg=-46 rssi_min=-46 crc_err=0 garbage=0 tx_lat=32.63921 tx_lon=-16.94650 sats=5 fix=1 utc=1785017675 tx_fw=unknown rx_fw=unknown
PHASE_GUARD 500
PHASE_START 61 CH-2437-FLRC1300-64 pktSize=64
PHASE_RESULT 61 CH-2437-FLRC1300-64 pktSize=64 rx=0 unique=0 lost=100 per=100.0 rssi_avg=0 rssi_min=0 crc_err=0 garbage=0 tx_lat=0.00000 tx_lon=0.00000 sats=0 fix=0 utc=0 tx_fw=none rx_fw=unknown
PHASE_GUARD 500
PHASE_START 62 CH-2442-FLRC1300-64 pktSize=64
SYNC_OFFSET phase=62 off=0 prev=-1
PHASE_SYNC old=62 new=63 (from TX packet)
TIME_DIFF gps_utc=1785017676 laptop_utc=1785017673 offset=3
FLRC_RAW32: 165 90 66 36 0 89 116 19 64 43 230 245 5 0 1 76 53 101 106 63 0 0 117 110 107 110 111 119 110 29 30 31
PKT rx=1 seq=0 rssi=-46 phase=62 rx_ms=216446 tx_lat=32.63921 tx_lon=-16.94650 sats=5 fix=1 utc=1785017676 tx_fw=unknown
BER seq=0 bits=264 errs=0 ber=0.00e+00
PHASE_RESULT 63 CH-2447-FLRC1300-64 pktSize=64 rx=1 unique=1 lost=99 per=99.0 rssi_avg=-46 rssi_min=-46 crc_err=0 garbage=0 tx_lat=32.63921 tx_lon=-16.94650 sats=5 fix=1 utc=1785017676 tx_fw=unknown rx_fw=unknown
PHASE_GUARD 500
PHASE_START 62 CH-2442-FLRC1300-64 pktSize=64
PHASE_SYNC old=62 new=63 (from TX packet)
TIME_DIFF gps_utc=1785017676 laptop_utc=1785017673 offset=3
FLRC_RAW32: 165 90 66 36 0 89 116 19 64 43 230 245 5 0 1 76 53 101 106 63 0 14 117 110 107 110 111 119 110 29 30 31
PKT rx=1 seq=14 rssi=-46 phase=62 rx_ms=216721 tx_lat=32.63921 tx_lon=-16.94650 sats=5 fix=1 utc=1785017676 tx_fw=unknown
BER seq=14 bits=264 errs=0 ber=0.00e+00
PHASE_RESULT 63 CH-2447-FLRC1300-64 pktSize=64 rx=1 unique=1 lost=99 per=99.0 rssi_avg=-46 rssi_min=-46 crc_err=0 garbage=0 tx_lat=32.63921 tx_lon=-16.94650 sats=5 fix=1 utc=1785017676 tx_fw=unknown rx_fw=unknown
PHASE_GUARD 500
PHASE_START 62 CH-2442-FLRC1300-64 pktSize=64
PHASE_SYNC old=62 new=63 (from TX packet)
TIME_DIFF gps_utc=1785017677 laptop_utc=1785017673 offset=4
FLRC_RAW32: 165 90 66 36 0 89 116 19 64 43 230 245 5 0 1 77 53 101 106 63 0 23 117 110 107 110 111 119 110 29 30 31
PKT rx=1 seq=23 rssi=-46 phase=62 rx_ms=216991 tx_lat=32.63921 tx_lon=-16.94650 sats=5 fix=1 utc=1785017677 tx_fw=unknown
BER seq=23 bits=264 errs=0 ber=0.00e+00
PHASE_RESULT 63 CH-2447-FLRC1300-64 pktSize=64 rx=1 unique=1 lost=99 per=99.0 rssi_avg=-46 rssi_min=-46 crc_err=0 garbage=0 tx_lat=32.63921 tx_lon=-16.94650 sats=5 fix=1 utc=1785017677 tx_fw=unknown rx_fw=unknown
PHASE_GUARD 500
PHASE_START 62 CH-2442-FLRC1300-64 pktSize=64
PHASE_SYNC old=62 new=63 (from TX packet)
TIME_DIFF gps_utc=1785017677 laptop_utc=1785017674 offset=3
FLRC_RAW32: 165 90 66 36 0 89 116 19 80 43 230 245 5 0 1 77 53 101 106 63 0 32 117 110 107 110 111 119 110 29 30 31
PKT rx=1 seq=32 rssi=-46 phase=62 rx_ms=217261 tx_lat=32.63921 tx_lon=-16.94650 sats=5 fix=1 utc=1785017677 tx_fw=unknown
BER seq=32 bits=264 errs=0 ber=0.00e+00
PHASE_RESULT 63 CH-2447-FLRC1300-64 pktSize=64 rx=1 unique=1 lost=99 per=99.0 rssi_avg=-46 rssi_min=-46 crc_err=0 garbage=0 tx_lat=32.63921 tx_lon=-16.94650 sats=5 fix=1 utc=1785017677 tx_fw=unknown rx_fw=unknown
PHASE_GUARD 500
PHASE_START 62 CH-2442-FLRC1300-64 pktSize=64
PHASE_SYNC old=62 new=63 (from TX packet)
TIME_DIFF gps_utc=1785017677 laptop_utc=1785017674 offset=3
FLRC_RAW32: 165 90 66 36 0 89 116 19 80 43 230 245 5 0 1 77 53 101 106 63 0 41 117 110 107 110 111 119 110 29 30 31
PKT rx=1 seq=41 rssi=-46 phase=62 rx_ms=217532 tx_lat=32.63921 tx_lon=-16.94650 sats=5 fix=1 utc=1785017677 tx_fw=unknown
BER seq=41 bits=264 errs=0 ber=0.00e+00
PHASE_RESULT 63 CH-2447-FLRC1300-64 pktSize=64 rx=1 unique=1 lost=99 per=99.0 rssi_avg=-46 rssi_min=-46 crc_err=0 garbage=0 tx_lat=32.63921 tx_lon=-16.94650 sats=5 fix=1 utc=1785017677 tx_fw=unknown rx_fw=unknown
PHASE_GUARD 500
PHASE_START 62 CH-2442-FLRC1300-64 pktSize=64
PHASE_SYNC old=62 new=63 (from TX packet)
TIME_DIFF gps_utc=1785017677 laptop_utc=1785017674 offset=3
FLRC_RAW32: 165 90 66 36 0 89 116 19 80 43 230 245 5 0 1 77 53 101 106 63 0 50 117 110 107 110 111 119 110 29 30 31
PKT rx=1 seq=50 rssi=-46 phase=62 rx_ms=217802 tx_lat=32.63921 tx_lon=-16.94650 sats=5 fix=1 utc=1785017677 tx_fw=unknown
BER seq=50 bits=264 errs=0 ber=0.00e+00
PHASE_RESULT 63 CH-2447-FLRC1300-64 pktSize=64 rx=1 unique=1 lost=99 per=99.0 rssi_avg=-46 rssi_min=-46 crc_err=0 garbage=0 tx_lat=32.63921 tx_lon=-16.94650 sats=5 fix=1 utc=1785017677 tx_fw=unknown rx_fw=unknown
PHASE_GUARD 500
PHASE_START 62 CH-2442-FLRC1300-64 pktSize=64
PHASE_SYNC old=62 new=63 (from TX packet)
TIME_DIFF gps_utc=1785017678 laptop_utc=1785017675 offset=3
FLRC_RAW32: 165 90 66 36 0 89 116 19 80 43 230 245 5 0 1 78 53 101 106 63 0 59 117 110 107 110 111 119 110 29 30 31
PKT rx=1 seq=59 rssi=-46 phase=62 rx_ms=218072 tx_lat=32.63921 tx_lon=-16.94650 sats=5 fix=1 utc=1785017678 tx_fw=unknown
BER seq=59 bits=264 errs=0 ber=0.00e+00
PHASE_RESULT 63 CH-2447-FLRC1300-64 pktSize=64 rx=1 unique=1 lost=99 per=99.0 rssi_avg=-46 rssi_min=-46 crc_err=0 garbage=0 tx_lat=32.63921 tx_lon=-16.94650 sats=5 fix=1 utc=1785017678 tx_fw=unknown rx_fw=unknown
PHASE_GUARD 500
PHASE_START 62 CH-2442-FLRC1300-64 pktSize=64
PHASE_SYNC old=62 new=63 (from TX packet)
TIME_DIFF gps_utc=1785017678 laptop_utc=1785017675 offset=3
FLRC_RAW32: 165 90 66 36 0 89 116 19 80 43 230 245 5 0 1 78 53 101 106 63 0 68 117 110 107 110 111 119 110 29 30 31
PKT rx=1 seq=68 rssi=-46 phase=62 rx_ms=218341 tx_lat=32.63921 tx_lon=-16.94650 sats=5 fix=1 utc=1785017678 tx_fw=unknown
BER seq=68 bits=264 errs=0 ber=0.00e+00
PHASE_RESULT 63 CH-2447-FLRC1300-64 pktSize=64 rx=1 unique=1 lost=99 per=99.0 rssi_avg=-46 rssi_min=-46 crc_err=0 garbage=0 tx_lat=32.63921 tx_lon=-16.94650 sats=5 fix=1 utc=1785017678 tx_fw=unknown rx_fw=unknown
PHASE_GUARD 500
PHASE_START 62 CH-2442-FLRC1300-64 pktSize=64
PHASE_SYNC old=62 new=63 (from TX packet)
TIME_DIFF gps_utc=1785017678 laptop_utc=1785017675 offset=3
FLRC_RAW32: 165 90 66 36 0 89 116 19 96 43 230 245 5 0 1 78 53 101 106 63 0 77 117 110 107 110 111 119 110 29 30 31
PKT rx=1 seq=77 rssi=-46 phase=62 rx_ms=218612 tx_lat=32.63921 tx_lon=-16.94650 sats=5 fix=1 utc=1785017678 tx_fw=unknown
BER seq=77 bits=264 errs=0 ber=0.00e+00
PHASE_RESULT 63 CH-2447-FLRC1300-64 pktSize=64 rx=1 unique=1 lost=99 per=99.0 rssi_avg=-46 rssi_min=-46 crc_err=0 garbage=0 tx_lat=32.63921 tx_lon=-16.94650 sats=5 fix=1 utc=1785017678 tx_fw=unknown rx_fw=unknown
PHASE_GUARD 500
PHASE_START 62 CH-2442-FLRC1300-64 pktSize=64
PHASE_RESULT 62 CH-2442-FLRC1300-64 pktSize=64 rx=0 unique=0 lost=100 per=100.0 rssi_avg=0 rssi_min=0 crc_err=0 garbage=0 tx_lat=0.00000 tx_lon=0.00000 sats=0 fix=0 utc=0 tx_fw=none rx_fw=unknown
PHASE_GUARD 500
PHASE_START 63 CH-2447-FLRC1300-64 pktSize=64
SYNC_OFFSET phase=63 off=0 prev=-1
PHASE_SYNC old=63 new=64 (from TX packet)
TIME_DIFF gps_utc=1785017679 laptop_utc=1785017676 offset=3
FLRC_RAW32: 165 90 66 36 0 89 116 19 96 43 230 245 5 0 1 79 53 101 106 64 0 0 117 110 107 110 111 119 110 29 30 31
PKT rx=1 seq=0 rssi=-46 phase=63 rx_ms=219441 tx_lat=32.63921 tx_lon=-16.94650 sats=5 fix=1 utc=1785017679 tx_fw=unknown
BER seq=0 bits=264 errs=0 ber=0.00e+00
PHASE_RESULT 64 CH-2452-FLRC1300-64 pktSize=64 rx=1 unique=1 lost=99 per=99.0 rssi_avg=-46 rssi_min=-46 crc_err=0 garbage=0 tx_lat=32.63921 tx_lon=-16.94650 sats=5 fix=1 utc=1785017679 tx_fw=unknown rx_fw=unknown
PHASE_GUARD 500
PHASE_START 63 CH-2447-FLRC1300-64 pktSize=64
PHASE_SYNC old=63 new=64 (from TX packet)
TIME_DIFF gps_utc=1785017679 laptop_utc=1785017676 offset=3
FLRC_RAW32: 165 90 66 36 0 89 116 19 80 43 230 245 5 0 1 79 53 101 106 64 0 14 117 110 107 110 111 119 110 29 30 31
PKT rx=1 seq=14 rssi=-46 phase=63 rx_ms=219716 tx_lat=32.63921 tx_lon=-16.94650 sats=5 fix=1 utc=1785017679 tx_fw=unknown
BER seq=14 bits=264 errs=0 ber=0.00e+00
PHASE_RESULT 64 CH-2452-FLRC1300-64 pktSize=64 rx=1 unique=1 lost=99 per=99.0 rssi_avg=-46 rssi_min=-46 crc_err=0 garbage=0 tx_lat=32.63921 tx_lon=-16.94650 sats=5 fix=1 utc=1785017679 tx_fw=unknown rx_fw=unknown
PHASE_GUARD 500
PHASE_START 63 CH-2447-FLRC1300-64 pktSize=64
PHASE_SYNC old=63 new=64 (from TX packet)
TIME_DIFF gps_utc=1785017680 laptop_utc=1785017676 offset=4
FLRC_RAW32: 165 90 66 36 0 89 116 19 80 43 230 245 5 0 1 80 53 101 106 64 0 23 117 110 107 110 111 119 110 29 30 31
PKT rx=1 seq=23 rssi=-46 phase=63 rx_ms=219986 tx_lat=32.63921 tx_lon=-16.94650 sats=5 fix=1 utc=1785017680 tx_fw=unknown
BER seq=23 bits=264 errs=0 ber=0.00e+00
PHASE_RESULT 64 CH-2452-FLRC1300-64 pktSize=64 rx=1 unique=1 lost=99 per=99.0 rssi_avg=-46 rssi_min=-46 crc_err=0 garbage=0 tx_lat=32.63921 tx_lon=-16.94650 sats=5 fix=1 utc=1785017680 tx_fw=unknown rx_fw=unknown
PHASE_GUARD 500
PHASE_START 63 CH-2447-FLRC1300-64 pktSize=64
PHASE_SYNC old=63 new=64 (from TX packet)
TIME_DIFF gps_utc=1785017680 laptop_utc=1785017677 offset=3
FLRC_RAW32: 165 90 66 36 0 89 116 19 96 43 230 245 5 0 1 80 53 101 106 64 0 32 117 110 107 110 111 119 110 29 30 31
PKT rx=1 seq=32 rssi=-46 phase=63 rx_ms=220256 tx_lat=32.63921 tx_lon=-16.94650 sats=5 fix=1 utc=1785017680 tx_fw=unknown
BER seq=32 bits=264 errs=0 ber=0.00e+00
PHASE_RESULT 64 CH-2452-FLRC1300-64 pktSize=64 rx=1 unique=1 lost=99 per=99.0 rssi_avg=-46 rssi_min=-46 crc_err=0 garbage=0 tx_lat=32.63921 tx_lon=-16.94650 sats=5 fix=1 utc=1785017680 tx_fw=unknown rx_fw=unknown
PHASE_GUARD 500
PHASE_START 63 CH-2447-FLRC1300-64 pktSize=64
PHASE_SYNC old=63 new=64 (from TX packet)
TIME_DIFF gps_utc=1785017680 laptop_utc=1785017677 offset=3
FLRC_RAW32: 165 90 66 36 0 89 116 19 96 43 230 245 5 0 1 80 53 101 106 64 0 41 117 110 107 110 111 119 110 29 30 31
PKT rx=1 seq=41 rssi=-46 phase=63 rx_ms=220526 tx_lat=32.63921 tx_lon=-16.94650 sats=5 fix=1 utc=1785017680 tx_fw=unknown
BER seq=41 bits=264 errs=0 ber=0.00e+00
PHASE_RESULT 64 CH-2452-FLRC1300-64 pktSize=64 rx=1 unique=1 lost=99 per=99.0 rssi_avg=-46 rssi_min=-46 crc_err=0 garbage=0 tx_lat=32.63921 tx_lon=-16.94650 sats=5 fix=1 utc=1785017680 tx_fw=unknown rx_fw=unknown
PHASE_GUARD 500
PHASE_START 63 CH-2447-FLRC1300-64 pktSize=64
PHASE_SYNC old=63 new=64 (from TX packet)
TIME_DIFF gps_utc=1785017680 laptop_utc=1785017677 offset=3
FLRC_RAW32: 165 90 66 36 0 89 116 19 96 43 230 245 5 0 1 80 53 101 106 64 0 50 117 110 107 110 111 119 110 29 30 31
PKT rx=1 seq=50 rssi=-46 phase=63 rx_ms=220796 tx_lat=32.63921 tx_lon=-16.94650 sats=5 fix=1 utc=1785017680 tx_fw=unknown
BER seq=50 bits=264 errs=0 ber=0.00e+00
PHASE_RESULT 64 CH-2452-FLRC1300-64 pktSize=64 rx=1 unique=1 lost=99 per=99.0 rssi_avg=-46 rssi_min=-46 crc_err=0 garbage=0 tx_lat=32.63921 tx_lon=-16.94650 sats=5 fix=1 utc=1785017680 tx_fw=unknown rx_fw=unknown
PHASE_GUARD 500
PHASE_START 63 CH-2447-FLRC1300-64 pktSize=64
PHASE_SYNC old=63 new=64 (from TX packet)
TIME_DIFF gps_utc=1785017681 laptop_utc=1785017678 offset=3
FLRC_RAW32: 165 90 66 36 0 89 116 19 96 43 230 245 5 0 1 81 53 101 106 64 0 59 117 110 107 110 111 119 110 29 30 31
PKT rx=1 seq=59 rssi=-46 phase=63 rx_ms=221067 tx_lat=32.63921 tx_lon=-16.94650 sats=5 fix=1 utc=1785017681 tx_fw=unknown
BER seq=59 bits=264 errs=0 ber=0.00e+00
PHASE_RESULT 64 CH-2452-FLRC1300-64 pktSize=64 rx=1 unique=1 lost=99 per=99.0 rssi_avg=-46 rssi_min=-46 crc_err=0 garbage=0 tx_lat=32.63921 tx_lon=-16.94650 sats=5 fix=1 utc=1785017681 tx_fw=unknown rx_fw=unknown
PHASE_GUARD 500
PHASE_START 63 CH-2447-FLRC1300-64 pktSize=64
PHASE_SYNC old=63 new=64 (from TX packet)
TIME_DIFF gps_utc=1785017681 laptop_utc=1785017678 offset=3
FLRC_RAW32: 165 90 66 36 0 89 116 19 96 43 230 245 5 0 1 81 53 101 106 64 0 68 117 110 107 110 111 119 110 29 30 31
PKT rx=1 seq=68 rssi=-46 phase=63 rx_ms=221336 tx_lat=32.63921 tx_lon=-16.94650 sats=5 fix=1 utc=1785017681 tx_fw=unknown
BER seq=68 bits=264 errs=0 ber=0.00e+00
PHASE_RESULT 64 CH-2452-FLRC1300-64 pktSize=64 rx=1 unique=1 lost=99 per=99.0 rssi_avg=-46 rssi_min=-46 crc_err=0 garbage=0 tx_lat=32.63921 tx_lon=-16.94650 sats=5 fix=1 utc=1785017681 tx_fw=unknown rx_fw=unknown
PHASE_GUARD 500
PHASE_START 63 CH-2447-FLRC1300-64 pktSize=64
PHASE_SYNC old=63 new=64 (from TX packet)
TIME_DIFF gps_utc=1785017681 laptop_utc=1785017678 offset=3
FLRC_RAW32: 165 90 66 36 0 89 116 19 144 43 230 245 5 0 1 81 53 101 106 64 0 77 117 110 107 110 111 119 110 29 30 31
PKT rx=1 seq=77 rssi=-46 phase=63 rx_ms=221606 tx_lat=32.63921 tx_lon=-16.94650 sats=5 fix=1 utc=1785017681 tx_fw=unknown
BER seq=77 bits=264 errs=0 ber=0.00e+00
PHASE_RESULT 64 CH-2452-FLRC1300-64 pktSize=64 rx=1 unique=1 lost=99 per=99.0 rssi_avg=-46 rssi_min=-46 crc_err=0 garbage=0 tx_lat=32.63921 tx_lon=-16.94650 sats=5 fix=1 utc=1785017681 tx_fw=unknown rx_fw=unknown
PHASE_GUARD 500
PHASE_START 63 CH-2447-FLRC1300-64 pktSize=64
PHASE_RESULT 63 CH-2447-FLRC1300-64 pktSize=64 rx=0 unique=0 lost=100 per=100.0 rssi_avg=0 rssi_min=0 crc_err=0 garbage=0 tx_lat=0.00000 tx_lon=0.00000 sats=0 fix=0 utc=0 tx_fw=none rx_fw=unknown
PHASE_GUARD 500
PHASE_START 64 CH-2452-FLRC1300-64 pktSize=64
PHASE_SYNC old=64 new=65 (from TX packet)
TIME_DIFF gps_utc=1785017682 laptop_utc=1785017679 offset=3
FLRC_RAW32: 165 90 66 36 0 89 116 19 160 43 230 245 5 0 1 82 53 101 106 65 0 0 117 110 107 110 111 119 110 29 30 31
PKT rx=1 seq=0 rssi=-46 phase=64 rx_ms=222454 tx_lat=32.63921 tx_lon=-16.94649 sats=5 fix=1 utc=1785017682 tx_fw=unknown
BER seq=0 bits=264 errs=0 ber=0.00e+00
PHASE_RESULT 65 CH-2457-FLRC1300-64 pktSize=64 rx=1 unique=1 lost=99 per=99.0 rssi_avg=-46 rssi_min=-46 crc_err=0 garbage=0 tx_lat=32.63921 tx_lon=-16.94649 sats=5 fix=1 utc=1785017682 tx_fw=unknown rx_fw=unknown
PHASE_GUARD 500
PHASE_START 64 CH-2452-FLRC1300-64 pktSize=64
PHASE_SYNC old=64 new=65 (from TX packet)
TIME_DIFF gps_utc=1785017682 laptop_utc=1785017679 offset=3
FLRC_RAW32: 165 90 66 36 0 89 116 19 144 43 230 245 5 0 1 82 53 101 106 65 0 14 117 110 107 110 111 119 110 29 30 31
PKT rx=1 seq=14 rssi=-46 phase=64 rx_ms=222738 tx_lat=32.63921 tx_lon=-16.94650 sats=5 fix=1 utc=1785017682 tx_fw=unknown
BER seq=14 bits=264 errs=0 ber=0.00e+00
PHASE_RESULT 65 CH-2457-FLRC1300-64 pktSize=64 rx=1 unique=1 lost=99 per=99.0 rssi_avg=-46 rssi_min=-46 crc_err=0 garbage=0 tx_lat=32.63921 tx_lon=-16.94650 sats=5 fix=1 utc=1785017682 tx_fw=unknown rx_fw=unknown
PHASE_GUARD 500
PHASE_START 64 CH-2452-FLRC1300-64 pktSize=64
PHASE_SYNC old=64 new=65 (from TX packet)
TIME_DIFF gps_utc=1785017683 laptop_utc=1785017680 offset=3
FLRC_RAW32: 165 90 66 36 0 89 116 19 144 43 230 245 5 0 1 83 53 101 106 65 0 24 117 110 107 110 111 119 110 29 30 31
PKT rx=1 seq=24 rssi=-46 phase=64 rx_ms=223032 tx_lat=32.63921 tx_lon=-16.94650 sats=5 fix=1 utc=1785017683 tx_fw=unknown
BER seq=24 bits=264 errs=0 ber=0.00e+00
PHASE_RESULT 65 CH-2457-FLRC1300-64 pktSize=64 rx=1 unique=1 lost=99 per=99.0 rssi_avg=-46 rssi_min=-46 crc_err=0 garbage=0 tx_lat=32.63921 tx_lon=-16.94650 sats=5 fix=1 utc=1785017683 tx_fw=unknown rx_fw=unknown
PHASE_GUARD 500
PHASE_START 64 CH-2452-FLRC1300-64 pktSize=64
PHASE_SYNC old=64 new=65 (from TX packet)
TIME_DIFF gps_utc=1785017683 laptop_utc=1785017680 offset=3
FLRC_RAW32: 165 90 66 36 0 89 116 19 112 43 230 245 5 0 1 83 53 101 106 65 0 33 117 110 107 110 111 119 110 29 30 31
PKT rx=1 seq=33 rssi=-46 phase=64 rx_ms=223302 tx_lat=32.63921 tx_lon=-16.94650 sats=5 fix=1 utc=1785017683 tx_fw=unknown
BER seq=33 bits=264 errs=0 ber=0.00e+00
PHASE_RESULT 65 CH-2457-FLRC1300-64 pktSize=64 rx=1 unique=1 lost=99 per=99.0 rssi_avg=-46 rssi_min=-46 crc_err=0 garbage=0 tx_lat=32.63921 tx_lon=-16.94650 sats=5 fix=1 utc=1785017683 tx_fw=unknown rx_fw=unknown
PHASE_GUARD 500
PHASE_START 64 CH-2452-FLRC1300-64 pktSize=64
PHASE_SYNC old=64 new=65 (from TX packet)
TIME_DIFF gps_utc=1785017683 laptop_utc=1785017680 offset=3
FLRC_RAW32: 165 90 66 36 0 89 116 19 144 43 230 245 5 0 1 83 53 101 106 65 0 42 117 110 107 110 111 119 110 29 30 31
PKT rx=1 seq=42 rssi=-46 phase=64 rx_ms=223572 tx_lat=32.63921 tx_lon=-16.94650 sats=5 fix=1 utc=1785017683 tx_fw=unknown
BER seq=42 bits=264 errs=0 ber=0.00e+00
PHASE_RESULT 65 CH-2457-FLRC1300-64 pktSize=64 rx=1 unique=1 lost=99 per=99.0 rssi_avg=-46 rssi_min=-46 crc_err=0 garbage=0 tx_lat=32.63921 tx_lon=-16.94650 sats=5 fix=1 utc=1785017683 tx_fw=unknown rx_fw=unknown
PHASE_GUARD 500
PHASE_START 64 CH-2452-FLRC1300-64 pktSize=64
PHASE_SYNC old=64 new=65 (from TX packet)
TIME_DIFF gps_utc=1785017684 laptop_utc=1785017680 offset=4
FLRC_RAW32: 165 90 66 36 0 89 116 19 144 43 230 245 5 0 1 84 53 101 106 65 0 51 117 110 107 110 111 119 110 29 30 31
PKT rx=1 seq=51 rssi=-46 phase=64 rx_ms=223843 tx_lat=32.63921 tx_lon=-16.94650 sats=5 fix=1 utc=1785017684 tx_fw=unknown
BER seq=51 bits=264 errs=0 ber=0.00e+00
PHASE_RESULT 65 CH-2457-FLRC1300-64 pktSize=64 rx=1 unique=1 lost=99 per=99.0 rssi_avg=-46 rssi_min=-46 crc_err=0 garbage=0 tx_lat=32.63921 tx_lon=-16.94650 sats=5 fix=1 utc=1785017684 tx_fw=unknown rx_fw=unknown
PHASE_GUARD 500
PHASE_START 64 CH-2452-FLRC1300-64 pktSize=64
PHASE_SYNC old=64 new=65 (from TX packet)
TIME_DIFF gps_utc=1785017684 laptop_utc=1785017681 offset=3
FLRC_RAW32: 165 90 66 36 0 89 116 19 112 43 230 245 5 0 1 84 53 101 106 65 0 60 117 110 107 110 111 119 110 29 30 31
PKT rx=1 seq=60 rssi=-46 phase=64 rx_ms=224112 tx_lat=32.63921 tx_lon=-16.94650 sats=5 fix=1 utc=1785017684 tx_fw=unknown
BER seq=60 bits=264 errs=0 ber=0.00e+00
PHASE_RESULT 65 CH-2457-FLRC1300-64 pktSize=64 rx=1 unique=1 lost=99 per=99.0 rssi_avg=-46 rssi_min=-46 crc_err=0 garbage=0 tx_lat=32.63921 tx_lon=-16.94650 sats=5 fix=1 utc=1785017684 tx_fw=unknown rx_fw=unknown
PHASE_GUARD 500
PHASE_START 64 CH-2452-FLRC1300-64 pktSize=64
PHASE_SYNC old=64 new=65 (from TX packet)
TIME_DIFF gps_utc=1785017684 laptop_utc=1785017681 offset=3
FLRC_RAW32: 165 90 66 36 32 89 116 19 112 43 230 245 5 0 1 84 53 101 106 65 0 69 117 110 107 110 111 119 110 29 30 31
PKT rx=1 seq=69 rssi=-46 phase=64 rx_ms=224382 tx_lat=32.63921 tx_lon=-16.94650 sats=5 fix=1 utc=1785017684 tx_fw=unknown
BER seq=69 bits=264 errs=0 ber=0.00e+00
PHASE_RESULT 65 CH-2457-FLRC1300-64 pktSize=64 rx=1 unique=1 lost=99 per=99.0 rssi_avg=-46 rssi_min=-46 crc_err=0 garbage=0 tx_lat=32.63921 tx_lon=-16.94650 sats=5 fix=1 utc=1785017684 tx_fw=unknown rx_fw=unknown
PHASE_GUARD 500
PHASE_START 64 CH-2452-FLRC1300-64 pktSize=64
PHASE_SYNC old=64 new=65 (from TX packet)
TIME_DIFF gps_utc=1785017684 laptop_utc=1785017681 offset=3
FLRC_RAW32: 165 90 66 36 32 89 116 19 112 43 230 245 5 0 1 84 53 101 106 65 0 78 117 110 107 110 111 119 110 29 30 31
PKT rx=1 seq=78 rssi=-46 phase=64 rx_ms=224652 tx_lat=32.63921 tx_lon=-16.94650 sats=5 fix=1 utc=1785017684 tx_fw=unknown
BER seq=78 bits=264 errs=0 ber=0.00e+00
PHASE_RESULT 65 CH-2457-FLRC1300-64 pktSize=64 rx=1 unique=1 lost=99 per=99.0 rssi_avg=-46 rssi_min=-46 crc_err=0 garbage=0 tx_lat=32.63921 tx_lon=-16.94650 sats=5 fix=1 utc=1785017684 tx_fw=unknown rx_fw=unknown
PHASE_GUARD 500
PHASE_START 64 CH-2452-FLRC1300-64 pktSize=64
PHASE_RESULT 64 CH-2452-FLRC1300-64 pktSize=64 rx=0 unique=0 lost=100 per=100.0 rssi_avg=0 rssi_min=0 crc_err=0 garbage=0 tx_lat=0.00000 tx_lon=0.00000 sats=0 fix=0 utc=0 tx_fw=none rx_fw=unknown
PHASE_GUARD 500
PHASE_START 65 CH-2457-FLRC1300-64 pktSize=64
PHASE_SYNC old=65 new=66 (from TX packet)
TIME_DIFF gps_utc=1785017685 laptop_utc=1785017682 offset=3
FLRC_RAW32: 165 90 66 36 32 89 116 19 112 43 230 245 5 0 1 85 53 101 106 66 0 0 117 110 107 110 111 119 110 29 30 31
PKT rx=1 seq=0 rssi=-46 phase=65 rx_ms=225450 tx_lat=32.63921 tx_lon=-16.94650 sats=5 fix=1 utc=1785017685 tx_fw=unknown
BER seq=0 bits=264 errs=0 ber=0.00e+00
PHASE_RESULT 66 CH-2462-FLRC1300-64 pktSize=64 rx=1 unique=1 lost=99 per=99.0 rssi_avg=-46 rssi_min=-46 crc_err=0 garbage=0 tx_lat=32.63921 tx_lon=-16.94650 sats=5 fix=1 utc=1785017685 tx_fw=unknown rx_fw=unknown
PHASE_GUARD 500
PHASE_START 65 CH-2457-FLRC1300-64 pktSize=64
PHASE_SYNC old=65 new=66 (from TX packet)
TIME_DIFF gps_utc=1785017685 laptop_utc=1785017682 offset=3
FLRC_RAW32: 165 90 66 36 32 89 116 19 112 43 230 245 5 0 1 85 53 101 106 66 0 14 117 110 107 110 111 119 110 29 30 31
PKT rx=1 seq=14 rssi=-46 phase=65 rx_ms=225727 tx_lat=32.63921 tx_lon=-16.94650 sats=5 fix=1 utc=1785017685 tx_fw=unknown
BER seq=14 bits=264 errs=0 ber=0.00e+00
PHASE_RESULT 66 CH-2462-FLRC1300-64 pktSize=64 rx=1 unique=1 lost=99 per=99.0 rssi_avg=-46 rssi_min=-46 crc_err=0 garbage=0 tx_lat=32.63921 tx_lon=-16.94650 sats=5 fix=1 utc=1785017685 tx_fw=unknown rx_fw=unknown
PHASE_GUARD 500
PHASE_START 65 CH-2457-FLRC1300-64 pktSize=64
PHASE_SYNC old=65 new=66 (from TX packet)
TIME_DIFF gps_utc=1785017686 laptop_utc=1785017682 offset=4
FLRC_RAW32: 165 90 66 36 32 89 116 19 96 43 230 245 5 0 1 86 53 101 106 66 0 23 117 110 107 110 111 119 110 29 30 31
PKT rx=1 seq=23 rssi=-46 phase=65 rx_ms=225998 tx_lat=32.63921 tx_lon=-16.94650 sats=5 fix=1 utc=1785017686 tx_fw=unknown
BER seq=23 bits=264 errs=0 ber=0.00e+00
PHASE_RESULT 66 CH-2462-FLRC1300-64 pktSize=64 rx=1 unique=1 lost=99 per=99.0 rssi_avg=-46 rssi_min=-46 crc_err=0 garbage=0 tx_lat=32.63921 tx_lon=-16.94650 sats=5 fix=1 utc=1785017686 tx_fw=unknown rx_fw=unknown
PHASE_GUARD 500
PHASE_START 65 CH-2457-FLRC1300-64 pktSize=64
PHASE_SYNC old=65 new=66 (from TX packet)
TIME_DIFF gps_utc=1785017686 laptop_utc=1785017683 offset=3
FLRC_RAW32: 165 90 66 36 32 89 116 19 112 43 230 245 5 0 1 86 53 101 106 66 0 32 117 110 107 110 111 119 110 29 30 31
PKT rx=1 seq=32 rssi=-46 phase=65 rx_ms=226273 tx_lat=32.63921 tx_lon=-16.94650 sats=5 fix=1 utc=1785017686 tx_fw=unknown
BER seq=32 bits=264 errs=0 ber=0.00e+00
PHASE_RESULT 66 CH-2462-FLRC1300-64 pktSize=64 rx=1 unique=1 lost=99 per=99.0 rssi_avg=-46 rssi_min=-46 crc_err=0 garbage=0 tx_lat=32.63921 tx_lon=-16.94650 sats=5 fix=1 utc=1785017686 tx_fw=unknown rx_fw=unknown
PHASE_GUARD 500
PHASE_START 65 CH-2457-FLRC1300-64 pktSize=64
PHASE_SYNC old=65 new=66 (from TX packet)
TIME_DIFF gps_utc=1785017686 laptop_utc=1785017683 offset=3
FLRC_RAW32: 165 90 66 36 32 89 116 19 96 43 230 245 5 0 1 86 53 101 106 66 0 42 117 110 107 110 111 119 110 29 30 31
PKT rx=1 seq=42 rssi=-46 phase=65 rx_ms=226567 tx_lat=32.63921 tx_lon=-16.94650 sats=5 fix=1 utc=1785017686 tx_fw=unknown
BER seq=42 bits=264 errs=0 ber=0.00e+00
PHASE_RESULT 66 CH-2462-FLRC1300-64 pktSize=64 rx=1 unique=1 lost=99 per=99.0 rssi_avg=-46 rssi_min=-46 crc_err=0 garbage=0 tx_lat=32.63921 tx_lon=-16.94650 sats=5 fix=1 utc=1785017686 tx_fw=unknown rx_fw=unknown
PHASE_GUARD 500
PHASE_START 65 CH-2457-FLRC1300-64 pktSize=64
PHASE_SYNC old=65 new=66 (from TX packet)
TIME_DIFF gps_utc=1785017687 laptop_utc=1785017683 offset=4
FLRC_RAW32: 165 90 66 36 64 89 116 19 96 43 230 245 6 0 1 87 53 101 106 66 0 51 117 110 107 110 111 119 110 29 30 31
PKT rx=1 seq=51 rssi=-46 phase=65 rx_ms=226837 tx_lat=32.63921 tx_lon=-16.94650 sats=6 fix=1 utc=1785017687 tx_fw=unknown
BER seq=51 bits=264 errs=0 ber=0.00e+00
PHASE_RESULT 66 CH-2462-FLRC1300-64 pktSize=64 rx=1 unique=1 lost=99 per=99.0 rssi_avg=-46 rssi_min=-46 crc_err=0 garbage=0 tx_lat=32.63921 tx_lon=-16.94650 sats=6 fix=1 utc=1785017687 tx_fw=unknown rx_fw=unknown
PHASE_GUARD 500
PHASE_START 65 CH-2457-FLRC1300-64 pktSize=64
PHASE_SYNC old=65 new=66 (from TX packet)
TIME_DIFF gps_utc=1785017687 laptop_utc=1785017684 offset=3
FLRC_RAW32: 165 90 66 36 64 89 116 19 80 43 230 245 6 0 1 87 53 101 106 66 0 60 117 110 107 110 111 119 110 29 30 31
PKT rx=1 seq=60 rssi=-46 phase=65 rx_ms=227108 tx_lat=32.63921 tx_lon=-16.94650 sats=6 fix=1 utc=1785017687 tx_fw=unknown
BER seq=60 bits=264 errs=0 ber=0.00e+00
PHASE_RESULT 66 CH-2462-FLRC1300-64 pktSize=64 rx=1 unique=1 lost=99 per=99.0 rssi_avg=-46 rssi_min=-46 crc_err=0 garbage=0 tx_lat=32.63921 tx_lon=-16.94650 sats=6 fix=1 utc=1785017687 tx_fw=unknown rx_fw=unknown
PHASE_GUARD 500
PHASE_START 65 CH-2457-FLRC1300-64 pktSize=64
PHASE_SYNC old=65 new=66 (from TX packet)
TIME_DIFF gps_utc=1785017687 laptop_utc=1785017684 offset=3
FLRC_RAW32: 165 90 66 36 64 89 116 19 96 43 230 245 6 0 1 87 53 101 106 66 0 69 117 110 107 110 111 119 110 29 30 31
PKT rx=1 seq=69 rssi=-46 phase=65 rx_ms=227377 tx_lat=32.63921 tx_lon=-16.94650 sats=6 fix=1 utc=1785017687 tx_fw=unknown
BER seq=69 bits=264 errs=0 ber=0.00e+00
PHASE_RESULT 66 CH-2462-FLRC1300-64 pktSize=64 rx=1 unique=1 lost=99 per=99.0 rssi_avg=-46 rssi_min=-46 crc_err=0 garbage=0 tx_lat=32.63921 tx_lon=-16.94650 sats=6 fix=1 utc=1785017687 tx_fw=unknown rx_fw=unknown
PHASE_GUARD 500
PHASE_START 65 CH-2457-FLRC1300-64 pktSize=64
PHASE_SYNC old=65 new=66 (from TX packet)
TIME_DIFF gps_utc=1785017687 laptop_utc=1785017684 offset=3
FLRC_RAW32: 165 90 66 36 64 89 116 19 96 43 230 245 6 0 1 87 53 101 106 66 0 78 117 110 107 110 111 119 110 29 30 31
PKT rx=1 seq=78 rssi=-46 phase=65 rx_ms=227648 tx_lat=32.63921 tx_lon=-16.94650 sats=6 fix=1 utc=1785017687 tx_fw=unknown
BER seq=78 bits=264 errs=0 ber=0.00e+00
PHASE_RESULT 66 CH-2462-FLRC1300-64 pktSize=64 rx=1 unique=1 lost=99 per=99.0 rssi_avg=-46 rssi_min=-46 crc_err=0 garbage=0 tx_lat=32.63921 tx_lon=-16.94650 sats=6 fix=1 utc=1785017687 tx_fw=unknown rx_fw=unknown
PHASE_GUARD 500
PHASE_START 65 CH-2457-FLRC1300-64 pktSize=64
PHASE_RESULT 65 CH-2457-FLRC1300-64 pktSize=64 rx=0 unique=0 lost=100 per=100.0 rssi_avg=0 rssi_min=0 crc_err=0 garbage=0 tx_lat=0.00000 tx_lon=0.00000 sats=0 fix=0 utc=0 tx_fw=none rx_fw=unknown
PHASE_GUARD 500
PHASE_START 66 CH-2462-FLRC1300-64 pktSize=64
PHASE_SYNC old=66 new=67 (from TX packet)
TIME_DIFF gps_utc=1785017688 laptop_utc=1785017685 offset=3
FLRC_RAW32: 165 90 66 36 64 89 116 19 96 43 230 245 6 0 1 88 53 101 106 67 0 0 117 110 107 110 111 119 110 29 30 31
PKT rx=1 seq=0 rssi=-46 phase=66 rx_ms=228455 tx_lat=32.63921 tx_lon=-16.94650 sats=6 fix=1 utc=1785017688 tx_fw=unknown
BER seq=0 bits=264 errs=0 ber=0.00e+00
PHASE_RESULT 67 CH-2467-FLRC1300-64 pktSize=64 rx=1 unique=1 lost=99 per=99.0 rssi_avg=-46 rssi_min=-46 crc_err=0 garbage=0 tx_lat=32.63921 tx_lon=-16.94650 sats=6 fix=1 utc=1785017688 tx_fw=unknown rx_fw=unknown
PHASE_GUARD 500
PHASE_START 66 CH-2462-FLRC1300-64 pktSize=64
PHASE_SYNC old=66 new=67 (from TX packet)
TIME_DIFF gps_utc=1785017688 laptop_utc=1785017685 offset=3
FLRC_RAW32: 165 90 66 36 64 89 116 19 96 43 230 245 6 0 1 88 53 101 106 67 0 14 117 110 107 110 111 119 110 29 30 31
PKT rx=1 seq=14 rssi=-46 phase=66 rx_ms=228734 tx_lat=32.63921 tx_lon=-16.94650 sats=6 fix=1 utc=1785017688 tx_fw=unknown
BER seq=14 bits=264 errs=0 ber=0.00e+00
PHASE_RESULT 67 CH-2467-FLRC1300-64 pktSize=64 rx=1 unique=1 lost=99 per=99.0 rssi_avg=-46 rssi_min=-46 crc_err=0 garbage=0 tx_lat=32.63921 tx_lon=-16.94650 sats=6 fix=1 utc=1785017688 tx_fw=unknown rx_fw=unknown
PHASE_GUARD 500
PHASE_START 66 CH-2462-FLRC1300-64 pktSize=64
PHASE_SYNC old=66 new=67 (from TX packet)
TIME_DIFF gps_utc=1785017689 laptop_utc=1785017685 offset=4
FLRC_RAW32: 165 90 66 36 96 89 116 19 80 43 230 245 6 0 1 89 53 101 106 67 0 23 117 110 107 110 111 119 110 29 30 31
PKT rx=1 seq=23 rssi=-46 phase=66 rx_ms=229003 tx_lat=32.63922 tx_lon=-16.94650 sats=6 fix=1 utc=1785017689 tx_fw=unknown
BER seq=23 bits=264 errs=0 ber=0.00e+00
PHASE_RESULT 67 CH-2467-FLRC1300-64 pktSize=64 rx=1 unique=1 lost=99 per=99.0 rssi_avg=-46 rssi_min=-46 crc_err=0 garbage=0 tx_lat=32.63922 tx_lon=-16.94650 sats=6 fix=1 utc=1785017689 tx_fw=unknown rx_fw=unknown
PHASE_GUARD 500
PHASE_START 66 CH-2462-FLRC1300-64 pktSize=64
PHASE_SYNC old=66 new=67 (from TX packet)
TIME_DIFF gps_utc=1785017689 laptop_utc=1785017686 offset=3
FLRC_RAW32: 165 90 66 36 96 89 116 19 80 43 230 245 6 0 1 89 53 101 106 67 0 32 117 110 107 110 111 119 110 29 30 31
PKT rx=1 seq=32 rssi=-46 phase=66 rx_ms=229273 tx_lat=32.63922 tx_lon=-16.94650 sats=6 fix=1 utc=1785017689 tx_fw=unknown
BER seq=32 bits=264 errs=0 ber=0.00e+00
PHASE_RESULT 67 CH-2467-FLRC1300-64 pktSize=64 rx=1 unique=1 lost=99 per=99.0 rssi_avg=-46 rssi_min=-46 crc_err=0 garbage=0 tx_lat=32.63922 tx_lon=-16.94650 sats=6 fix=1 utc=1785017689 tx_fw=unknown rx_fw=unknown
PHASE_GUARD 500
PHASE_START 66 CH-2462-FLRC1300-64 pktSize=64
PHASE_SYNC old=66 new=67 (from TX packet)
TIME_DIFF gps_utc=1785017689 laptop_utc=1785017686 offset=3
FLRC_RAW32: 165 90 66 36 96 89 116 19 80 43 230 245 6 0 1 89 53 101 106 67 0 41 117 110 107 110 111 119 110 29 30 31
PKT rx=1 seq=41 rssi=-46 phase=66 rx_ms=229544 tx_lat=32.63922 tx_lon=-16.94650 sats=6 fix=1 utc=1785017689 tx_fw=unknown
BER seq=41 bits=264 errs=0 ber=0.00e+00
PHASE_RESULT 67 CH-2467-FLRC1300-64 pktSize=64 rx=1 unique=1 lost=99 per=99.0 rssi_avg=-46 rssi_min=-46 crc_err=0 garbage=0 tx_lat=32.63922 tx_lon=-16.94650 sats=6 fix=1 utc=1785017689 tx_fw=unknown rx_fw=unknown
PHASE_GUARD 500
PHASE_START 66 CH-2462-FLRC1300-64 pktSize=64
PHASE_SYNC old=66 new=67 (from TX packet)
TIME_DIFF gps_utc=1785017689 laptop_utc=1785017686 offset=3
FLRC_RAW32: 165 90 66 36 96 89 116 19 80 43 230 245 6 0 1 89 53 101 106 67 0 50 117 110 107 110 111 119 110 29 30 31
PKT rx=1 seq=50 rssi=-46 phase=66 rx_ms=229814 tx_lat=32.63922 tx_lon=-16.94650 sats=6 fix=1 utc=1785017689 tx_fw=unknown
BER seq=50 bits=264 errs=0 ber=0.00e+00
PHASE_RESULT 67 CH-2467-FLRC1300-64 pktSize=64 rx=1 unique=1 lost=99 per=99.0 rssi_avg=-46 rssi_min=-46 crc_err=0 garbage=0 tx_lat=32.63922 tx_lon=-16.94650 sats=6 fix=1 utc=1785017689 tx_fw=unknown rx_fw=unknown
PHASE_GUARD 500
PHASE_START 66 CH-2462-FLRC1300-64 pktSize=64
PHASE_SYNC old=66 new=67 (from TX packet)
TIME_DIFF gps_utc=1785017690 laptop_utc=1785017687 offset=3
FLRC_RAW32: 165 90 66 36 64 89 116 19 96 43 230 245 6 0 1 90 53 101 106 67 0 59 117 110 107 110 111 119 110 29 30 31
PKT rx=1 seq=59 rssi=-46 phase=66 rx_ms=230084 tx_lat=32.63921 tx_lon=-16.94650 sats=6 fix=1 utc=1785017690 tx_fw=unknown
BER seq=59 bits=264 errs=0 ber=0.00e+00
PHASE_RESULT 67 CH-2467-FLRC1300-64 pktSize=64 rx=1 unique=1 lost=99 per=99.0 rssi_avg=-46 rssi_min=-46 crc_err=0 garbage=0 tx_lat=32.63921 tx_lon=-16.94650 sats=6 fix=1 utc=1785017690 tx_fw=unknown rx_fw=unknown
PHASE_GUARD 500
PHASE_START 66 CH-2462-FLRC1300-64 pktSize=64
PHASE_SYNC old=66 new=67 (from TX packet)
TIME_DIFF gps_utc=1785017690 laptop_utc=1785017687 offset=3
FLRC_RAW32: 165 90 66 36 64 89 116 19 112 43 230 245 6 0 1 90 53 101 106 67 0 68 117 110 107 110 111 119 110 29 30 31
PKT rx=1 seq=68 rssi=-46 phase=66 rx_ms=230353 tx_lat=32.63921 tx_lon=-16.94650 sats=6 fix=1 utc=1785017690 tx_fw=unknown
BER seq=68 bits=264 errs=0 ber=0.00e+00
PHASE_RESULT 67 CH-2467-FLRC1300-64 pktSize=64 rx=1 unique=1 lost=99 per=99.0 rssi_avg=-46 rssi_min=-46 crc_err=0 garbage=0 tx_lat=32.63921 tx_lon=-16.94650 sats=6 fix=1 utc=1785017690 tx_fw=unknown rx_fw=unknown
PHASE_GUARD 500
PHASE_START 66 CH-2462-FLRC1300-64 pktSize=64
PHASE_SYNC old=66 new=67 (from TX packet)
TIME_DIFF gps_utc=1785017690 laptop_utc=1785017687 offset=3
FLRC_RAW32: 165 90 66 36 64 89 116 19 112 43 230 245 6 0 1 90 53 101 106 67 0 77 117 110 107 110 111 119 110 29 30 31
PKT rx=1 seq=77 rssi=-46 phase=66 rx_ms=230624 tx_lat=32.63921 tx_lon=-16.94650 sats=6 fix=1 utc=1785017690 tx_fw=unknown
BER seq=77 bits=264 errs=0 ber=0.00e+00
PHASE_RESULT 67 CH-2467-FLRC1300-64 pktSize=64 rx=1 unique=1 lost=99 per=99.0 rssi_avg=-46 rssi_min=-46 crc_err=0 garbage=0 tx_lat=32.63921 tx_lon=-16.94650 sats=6 fix=1 utc=1785017690 tx_fw=unknown rx_fw=unknown
PHASE_GUARD 500
PHASE_START 66 CH-2462-FLRC1300-64 pktSize=64
PHASE_RESULT 66 CH-2462-FLRC1300-64 pktSize=64 rx=0 unique=0 lost=100 per=100.0 rssi_avg=0 rssi_min=0 crc_err=0 garbage=0 tx_lat=0.00000 tx_lon=0.00000 sats=0 fix=0 utc=0 tx_fw=none rx_fw=unknown
PHASE_GUARD 500
PHASE_START 67 CH-2467-FLRC1300-64 pktSize=64
PHASE_SYNC old=67 new=68 (from TX packet)
TIME_DIFF gps_utc=1785017691 laptop_utc=1785017688 offset=3
FLRC_RAW32: 165 90 66 36 64 89 116 19 144 43 230 245 6 0 1 91 53 101 106 68 0 0 117 110 107 110 111 119 110 29 30 31
PKT rx=1 seq=0 rssi=-46 phase=67 rx_ms=231460 tx_lat=32.63921 tx_lon=-16.94650 sats=6 fix=1 utc=1785017691 tx_fw=unknown
BER seq=0 bits=264 errs=0 ber=0.00e+00
PHASE_RESULT 68 CH-2472-FLRC1300-64 pktSize=64 rx=1 unique=1 lost=99 per=99.0 rssi_avg=-46 rssi_min=-46 crc_err=0 garbage=0 tx_lat=32.63921 tx_lon=-16.94650 sats=6 fix=1 utc=1785017691 tx_fw=unknown rx_fw=unknown
PHASE_GUARD 500
PHASE_START 67 CH-2467-FLRC1300-64 pktSize=64
PHASE_SYNC old=67 new=68 (from TX packet)
TIME_DIFF gps_utc=1785017691 laptop_utc=1785017688 offset=3
FLRC_RAW32: 165 90 66 36 32 89 116 19 160 43 230 245 6 0 1 91 53 101 106 68 0 14 117 110 107 110 111 119 110 29 30 31
PKT rx=1 seq=14 rssi=-46 phase=67 rx_ms=231739 tx_lat=32.63921 tx_lon=-16.94649 sats=6 fix=1 utc=1785017691 tx_fw=unknown
BER seq=14 bits=264 errs=0 ber=0.00e+00
PHASE_RESULT 68 CH-2472-FLRC1300-64 pktSize=64 rx=1 unique=1 lost=99 per=99.0 rssi_avg=-46 rssi_min=-46 crc_err=0 garbage=0 tx_lat=32.63921 tx_lon=-16.94649 sats=6 fix=1 utc=1785017691 tx_fw=unknown rx_fw=unknown
PHASE_GUARD 500
PHASE_START 67 CH-2467-FLRC1300-64 pktSize=64
PHASE_SYNC old=67 new=68 (from TX packet)
TIME_DIFF gps_utc=1785017692 laptop_utc=1785017688 offset=4
FLRC_RAW32: 165 90 66 36 64 89 116 19 144 43 230 245 6 0 1 92 53 101 106 68 0 23 117 110 107 110 111 119 110 29 30 31
PKT rx=1 seq=23 rssi=-46 phase=67 rx_ms=232009 tx_lat=32.63921 tx_lon=-16.94650 sats=6 fix=1 utc=1785017692 tx_fw=unknown
BER seq=23 bits=264 errs=0 ber=0.00e+00
PHASE_RESULT 68 CH-2472-FLRC1300-64 pktSize=64 rx=1 unique=1 lost=99 per=99.0 rssi_avg=-46 rssi_min=-46 crc_err=0 garbage=0 tx_lat=32.63921 tx_lon=-16.94650 sats=6 fix=1 utc=1785017692 tx_fw=unknown rx_fw=unknown
PHASE_GUARD 500
PHASE_START 67 CH-2467-FLRC1300-64 pktSize=64
PHASE_SYNC old=67 new=68 (from TX packet)
TIME_DIFF gps_utc=1785017692 laptop_utc=1785017689 offset=3
FLRC_RAW32: 165 90 66 36 64 89 116 19 144 43 230 245 6 0 1 92 53 101 106 68 0 32 117 110 107 110 111 119 110 29 30 31
PKT rx=1 seq=32 rssi=-46 phase=67 rx_ms=232278 tx_lat=32.63921 tx_lon=-16.94650 sats=6 fix=1 utc=1785017692 tx_fw=unknown
BER seq=32 bits=264 errs=0 ber=0.00e+00
PHASE_RESULT 68 CH-2472-FLRC1300-64 pktSize=64 rx=1 unique=1 lost=99 per=99.0 rssi_avg=-46 rssi_min=-46 crc_err=0 garbage=0 tx_lat=32.63921 tx_lon=-16.94650 sats=6 fix=1 utc=1785017692 tx_fw=unknown rx_fw=unknown
PHASE_GUARD 500
PHASE_START 67 CH-2467-FLRC1300-64 pktSize=64
PHASE_SYNC old=67 new=68 (from TX packet)
TIME_DIFF gps_utc=1785017692 laptop_utc=1785017689 offset=3
FLRC_RAW32: 165 90 66 36 64 89 116 19 144 43 230 245 6 0 1 92 53 101 106 68 0 41 117 110 107 110 111 119 110 29 30 31
PKT rx=1 seq=41 rssi=-46 phase=67 rx_ms=232548 tx_lat=32.63921 tx_lon=-16.94650 sats=6 fix=1 utc=1785017692 tx_fw=unknown
BER seq=41 bits=264 errs=0 ber=0.00e+00
PHASE_RESULT 68 CH-2472-FLRC1300-64 pktSize=64 rx=1 unique=1 lost=99 per=99.0 rssi_avg=-46 rssi_min=-46 crc_err=0 garbage=0 tx_lat=32.63921 tx_lon=-16.94650 sats=6 fix=1 utc=1785017692 tx_fw=unknown rx_fw=unknown
PHASE_GUARD 500
PHASE_START 67 CH-2467-FLRC1300-64 pktSize=64
PHASE_SYNC old=67 new=68 (from TX packet)
TIME_DIFF gps_utc=1785017692 laptop_utc=1785017689 offset=3
FLRC_RAW32: 165 90 66 36 32 89 116 19 160 43 230 245 6 0 1 92 53 101 106 68 0 50 117 110 107 110 111 119 110 29 30 31
PKT rx=1 seq=50 rssi=-46 phase=67 rx_ms=232819 tx_lat=32.63921 tx_lon=-16.94649 sats=6 fix=1 utc=1785017692 tx_fw=unknown
BER seq=50 bits=264 errs=0 ber=0.00e+00
PHASE_RESULT 68 CH-2472-FLRC1300-64 pktSize=64 rx=1 unique=1 lost=99 per=99.0 rssi_avg=-46 rssi_min=-46 crc_err=0 garbage=0 tx_lat=32.63921 tx_lon=-16.94649 sats=6 fix=1 utc=1785017692 tx_fw=unknown rx_fw=unknown
PHASE_GUARD 500
PHASE_START 67 CH-2467-FLRC1300-64 pktSize=64
PHASE_SYNC old=67 new=68 (from TX packet)
TIME_DIFF gps_utc=1785017693 laptop_utc=1785017690 offset=3
FLRC_RAW32: 165 90 66 36 64 89 116 19 160 43 230 245 6 0 1 93 53 101 106 68 0 59 117 110 107 110 111 119 110 29 30 31
PKT rx=1 seq=59 rssi=-46 phase=67 rx_ms=233088 tx_lat=32.63921 tx_lon=-16.94649 sats=6 fix=1 utc=1785017693 tx_fw=unknown
BER seq=59 bits=264 errs=0 ber=0.00e+00
PHASE_RESULT 68 CH-2472-FLRC1300-64 pktSize=64 rx=1 unique=1 lost=99 per=99.0 rssi_avg=-46 rssi_min=-46 crc_err=0 garbage=0 tx_lat=32.63921 tx_lon=-16.94649 sats=6 fix=1 utc=1785017693 tx_fw=unknown rx_fw=unknown
PHASE_GUARD 500
PHASE_START 67 CH-2467-FLRC1300-64 pktSize=64
PHASE_RESULT 67 CH-2467-FLRC1300-64 pktSize=64 rx=0 unique=0 lost=100 per=100.0 rssi_avg=0 rssi_min=0 crc_err=0 garbage=0 tx_lat=0.00000 tx_lon=0.00000 sats=0 fix=0 utc=0 tx_fw=none rx_fw=unknown
PHASE_GUARD 500
PHASE_START 68 CH-2472-FLRC1300-64 pktSize=64
PHASE_SYNC old=68 new=69 (from TX packet)
TIME_DIFF gps_utc=1785017694 laptop_utc=1785017691 offset=3
FLRC_RAW32: 165 90 66 36 64 89 116 19 160 43 230 245 6 0 1 94 53 101 106 69 0 0 117 110 107 110 111 119 110 29 30 31
PKT rx=1 seq=0 rssi=-46 phase=68 rx_ms=234456 tx_lat=32.63921 tx_lon=-16.94649 sats=6 fix=1 utc=1785017694 tx_fw=unknown
BER seq=0 bits=264 errs=0 ber=0.00e+00
PHASE_RESULT 69 CH-863-FLRC1300-64 pktSize=64 rx=1 unique=1 lost=99 per=99.0 rssi_avg=-46 rssi_min=-46 crc_err=0 garbage=0 tx_lat=32.63921 tx_lon=-16.94649 sats=6 fix=1 utc=1785017694 tx_fw=unknown rx_fw=unknown
PHASE_GUARD 1000
PHASE_START 68 CH-2472-FLRC1300-64 pktSize=64
PHASE_SYNC old=68 new=69 (from TX packet)
TIME_DIFF gps_utc=1785017694 laptop_utc=1785017691 offset=3
FLRC_RAW32: 165 90 66 36 32 89 116 19 192 43 230 245 6 0 1 94 53 101 106 69 0 14 117 110 107 110 111 119 110 29 30 31
PKT rx=1 seq=14 rssi=-46 phase=68 rx_ms=234733 tx_lat=32.63921 tx_lon=-16.94649 sats=6 fix=1 utc=1785017694 tx_fw=unknown
BER seq=14 bits=264 errs=0 ber=0.00e+00
PHASE_RESULT 69 CH-863-FLRC1300-64 pktSize=64 rx=1 unique=1 lost=99 per=99.0 rssi_avg=-46 rssi_min=-46 crc_err=0 garbage=0 tx_lat=32.63921 tx_lon=-16.94649 sats=6 fix=1 utc=1785017694 tx_fw=unknown rx_fw=unknown
PHASE_GUARD 1000
PHASE_START 68 CH-2472-FLRC1300-64 pktSize=64
PHASE_SYNC old=68 new=69 (from TX packet)
TIME_DIFF gps_utc=1785017695 laptop_utc=1785017691 offset=4
FLRC_RAW32: 165 90 66 36 32 89 116 19 240 43 230 245 6 0 1 95 53 101 106 69 0 23 117 110 107 110 111 119 110 29 30 31
PKT rx=1 seq=23 rssi=-46 phase=68 rx_ms=235003 tx_lat=32.63921 tx_lon=-16.94649 sats=6 fix=1 utc=1785017695 tx_fw=unknown
BER seq=23 bits=264 errs=0 ber=0.00e+00
PHASE_RESULT 69 CH-863-FLRC1300-64 pktSize=64 rx=1 unique=1 lost=99 per=99.0 rssi_avg=-46 rssi_min=-46 crc_err=0 garbage=0 tx_lat=32.63921 tx_lon=-16.94649 sats=6 fix=1 utc=1785017695 tx_fw=unknown rx_fw=unknown
PHASE_GUARD 1000
PHASE_START 68 CH-2472-FLRC1300-64 pktSize=64
PHASE_SYNC old=68 new=69 (from TX packet)
TIME_DIFF gps_utc=1785017695 laptop_utc=1785017692 offset=3
FLRC_RAW32: 165 90 66 36 32 89 116 19 240 43 230 245 6 0 1 95 53 101 106 69 0 32 117 110 107 110 111 119 110 29 30 31
PKT rx=1 seq=32 rssi=-46 phase=68 rx_ms=235273 tx_lat=32.63921 tx_lon=-16.94649 sats=6 fix=1 utc=1785017695 tx_fw=unknown
BER seq=32 bits=264 errs=0 ber=0.00e+00
PHASE_RESULT 69 CH-863-FLRC1300-64 pktSize=64 rx=1 unique=1 lost=99 per=99.0 rssi_avg=-46 rssi_min=-46 crc_err=0 garbage=0 tx_lat=32.63921 tx_lon=-16.94649 sats=6 fix=1 utc=1785017695 tx_fw=unknown rx_fw=unknown
PHASE_GUARD 1000
PHASE_START 68 CH-2472-FLRC1300-64 pktSize=64
PHASE_SYNC old=68 new=69 (from TX packet)
TIME_DIFF gps_utc=1785017695 laptop_utc=1785017692 offset=3
FLRC_RAW32: 165 90 66 36 32 89 116 19 240 43 230 245 6 0 1 95 53 101 106 69 0 41 117 110 107 110 111 119 110 29 30 31
PKT rx=1 seq=41 rssi=-46 phase=68 rx_ms=235543 tx_lat=32.63921 tx_lon=-16.94649 sats=6 fix=1 utc=1785017695 tx_fw=unknown
BER seq=41 bits=264 errs=0 ber=0.00e+00
PHASE_RESULT 69 CH-863-FLRC1300-64 pktSize=64 rx=1 unique=1 lost=99 per=99.0 rssi_avg=-46 rssi_min=-46 crc_err=0 garbage=0 tx_lat=32.63921 tx_lon=-16.94649 sats=6 fix=1 utc=1785017695 tx_fw=unknown rx_fw=unknown
PHASE_GUARD 1000
PHASE_START 68 CH-2472-FLRC1300-64 pktSize=64
PHASE_SYNC old=68 new=69 (from TX packet)
TIME_DIFF gps_utc=1785017695 laptop_utc=1785017692 offset=3
FLRC_RAW32: 165 90 66 36 32 89 116 19 240 43 230 245 6 0 1 95 53 101 106 69 0 50 117 110 107 110 111 119 110 29 30 31
PKT rx=1 seq=50 rssi=-46 phase=68 rx_ms=235814 tx_lat=32.63921 tx_lon=-16.94649 sats=6 fix=1 utc=1785017695 tx_fw=unknown
BER seq=50 bits=264 errs=0 ber=0.00e+00
PHASE_RESULT 69 CH-863-FLRC1300-64 pktSize=64 rx=1 unique=1 lost=99 per=99.0 rssi_avg=-46 rssi_min=-46 crc_err=0 garbage=0 tx_lat=32.63921 tx_lon=-16.94649 sats=6 fix=1 utc=1785017695 tx_fw=unknown rx_fw=unknown
PHASE_GUARD 1000
PHASE_START 68 CH-2472-FLRC1300-64 pktSize=64
PHASE_SYNC old=68 new=69 (from TX packet)
TIME_DIFF gps_utc=1785017696 laptop_utc=1785017693 offset=3
FLRC_RAW32: 165 90 66 36 32 89 116 19 240 43 230 245 6 0 1 96 53 101 106 69 0 59 117 110 107 110 111 119 110 29 30 31
PKT rx=1 seq=59 rssi=-46 phase=68 rx_ms=236083 tx_lat=32.63921 tx_lon=-16.94649 sats=6 fix=1 utc=1785017696 tx_fw=unknown
BER seq=59 bits=264 errs=0 ber=0.00e+00
PHASE_RESULT 69 CH-863-FLRC1300-64 pktSize=64 rx=1 unique=1 lost=99 per=99.0 rssi_avg=-46 rssi_min=-46 crc_err=0 garbage=0 tx_lat=32.63921 tx_lon=-16.94649 sats=6 fix=1 utc=1785017696 tx_fw=unknown rx_fw=unknown
PHASE_GUARD 1000
PHASE_START 68 CH-2472-FLRC1300-64 pktSize=64
PHASE_SYNC old=68 new=69 (from TX packet)
TIME_DIFF gps_utc=1785017696 laptop_utc=1785017693 offset=3
FLRC_RAW32: 165 90 66 36 32 89 116 19 192 43 230 245 6 0 1 96 53 101 106 69 0 68 117 110 107 110 111 119 110 29 30 31
PKT rx=1 seq=68 rssi=-46 phase=68 rx_ms=236353 tx_lat=32.63921 tx_lon=-16.94649 sats=6 fix=1 utc=1785017696 tx_fw=unknown
BER seq=68 bits=264 errs=0 ber=0.00e+00
PHASE_RESULT 69 CH-863-FLRC1300-64 pktSize=64 rx=1 unique=1 lost=99 per=99.0 rssi_avg=-46 rssi_min=-46 crc_err=0 garbage=0 tx_lat=32.63921 tx_lon=-16.94649 sats=6 fix=1 utc=1785017696 tx_fw=unknown rx_fw=unknown
PHASE_GUARD 1000
PHASE_START 68 CH-2472-FLRC1300-64 pktSize=64
PHASE_SYNC old=68 new=69 (from TX packet)
TIME_DIFF gps_utc=1785017696 laptop_utc=1785017693 offset=3
FLRC_RAW32: 165 90 66 36 32 89 116 19 192 43 230 245 6 0 1 96 53 101 106 69 0 77 117 110 107 110 111 119 110 29 30 31
PKT rx=1 seq=77 rssi=-46 phase=68 rx_ms=236624 tx_lat=32.63921 tx_lon=-16.94649 sats=6 fix=1 utc=1785017696 tx_fw=unknown
BER seq=77 bits=264 errs=0 ber=0.00e+00
PHASE_RESULT 69 CH-863-FLRC1300-64 pktSize=64 rx=1 unique=1 lost=99 per=99.0 rssi_avg=-46 rssi_min=-46 crc_err=0 garbage=0 tx_lat=32.63921 tx_lon=-16.94649 sats=6 fix=1 utc=1785017696 tx_fw=unknown rx_fw=unknown
PHASE_GUARD 1000
PHASE_START 68 CH-2472-FLRC1300-64 pktSize=64
PHASE_RESULT 68 CH-2472-FLRC1300-64 pktSize=64 rx=0 unique=0 lost=100 per=100.0 rssi_avg=0 rssi_min=0 crc_err=0 garbage=0 tx_lat=0.00000 tx_lon=0.00000 sats=0 fix=0 utc=0 tx_fw=none rx_fw=unknown
PHASE_GUARD 1000
PHASE_START 69 CH-863-FLRC1300-64 pktSize=64
PHASE_SYNC old=69 new=70 (from TX packet)
TIME_DIFF gps_utc=1785017697 laptop_utc=1785017694 offset=3
FLRC_RAW32: 165 90 66 36 32 89 116 19 0 44 230 245 6 0 1 97 53 101 106 70 0 0 117 110 107 110 111 119 110 29 30 31
PKT rx=1 seq=0 rssi=-43 phase=69 rx_ms=237460 tx_lat=32.63921 tx_lon=-16.94648 sats=6 fix=1 utc=1785017697 tx_fw=unknown
BER seq=0 bits=264 errs=0 ber=0.00e+00
PHASE_RESULT 70 CH-864-FLRC1300-64 pktSize=64 rx=1 unique=1 lost=99 per=99.0 rssi_avg=-43 rssi_min=-43 crc_err=0 garbage=0 tx_lat=32.63921 tx_lon=-16.94648 sats=6 fix=1 utc=1785017697 tx_fw=unknown rx_fw=unknown
PHASE_GUARD 500
PHASE_START 69 CH-863-FLRC1300-64 pktSize=64
PHASE_SYNC old=69 new=70 (from TX packet)
TIME_DIFF gps_utc=1785017697 laptop_utc=1785017694 offset=3
FLRC_RAW32: 165 90 66 36 0 89 116 19 16 44 230 245 6 0 1 97 53 101 106 70 0 14 117 110 107 110 111 119 110 29 30 31
PKT rx=1 seq=14 rssi=-42 phase=69 rx_ms=237738 tx_lat=32.63921 tx_lon=-16.94648 sats=6 fix=1 utc=1785017697 tx_fw=unknown
BER seq=14 bits=264 errs=0 ber=0.00e+00
PHASE_RESULT 70 CH-864-FLRC1300-64 pktSize=64 rx=1 unique=1 lost=99 per=99.0 rssi_avg=-42 rssi_min=-42 crc_err=0 garbage=0 tx_lat=32.63921 tx_lon=-16.94648 sats=6 fix=1 utc=1785017697 tx_fw=unknown rx_fw=unknown
PHASE_GUARD 500
PHASE_START 69 CH-863-FLRC1300-64 pktSize=64
PHASE_SYNC old=69 new=70 (from TX packet)
TIME_DIFF gps_utc=1785017698 laptop_utc=1785017694 offset=4
FLRC_RAW32: 165 90 66 36 0 89 116 19 16 44 230 245 6 0 1 98 53 101 106 70 0 23 117 110 107 110 111 119 110 29 30 31
PKT rx=1 seq=23 rssi=-43 phase=69 rx_ms=238009 tx_lat=32.63921 tx_lon=-16.94648 sats=6 fix=1 utc=1785017698 tx_fw=unknown
BER seq=23 bits=264 errs=0 ber=0.00e+00
PHASE_RESULT 70 CH-864-FLRC1300-64 pktSize=64 rx=1 unique=1 lost=99 per=99.0 rssi_avg=-43 rssi_min=-43 crc_err=0 garbage=0 tx_lat=32.63921 tx_lon=-16.94648 sats=6 fix=1 utc=1785017698 tx_fw=unknown rx_fw=unknown
PHASE_GUARD 500
PHASE_START 69 CH-863-FLRC1300-64 pktSize=64
PHASE_SYNC old=69 new=70 (from TX packet)
TIME_DIFF gps_utc=1785017698 laptop_utc=1785017695 offset=3
FLRC_RAW32: 165 90 66 36 0 89 116 19 32 44 230 245 6 0 1 98 53 101 106 70 0 32 117 110 107 110 111 119 110 29 30 31
PKT rx=1 seq=32 rssi=-43 phase=69 rx_ms=238278 tx_lat=32.63921 tx_lon=-16.94648 sats=6 fix=1 utc=1785017698 tx_fw=unknown
BER seq=32 bits=264 errs=0 ber=0.00e+00
PHASE_RESULT 70 CH-864-FLRC1300-64 pktSize=64 rx=1 unique=1 lost=99 per=99.0 rssi_avg=-43 rssi_min=-43 crc_err=0 garbage=0 tx_lat=32.63921 tx_lon=-16.94648 sats=6 fix=1 utc=1785017698 tx_fw=unknown rx_fw=unknown
PHASE_GUARD 500
PHASE_START 69 CH-863-FLRC1300-64 pktSize=64
PHASE_SYNC old=69 new=70 (from TX packet)
TIME_DIFF gps_utc=1785017698 laptop_utc=1785017695 offset=3
FLRC_RAW32: 165 90 66 36 224 88 116 19 48 44 230 245 6 0 1 98 53 101 106 70 0 41 117 110 107 110 111 119 110 29 30 31
PKT rx=1 seq=41 rssi=-43 phase=69 rx_ms=238549 tx_lat=32.63920 tx_lon=-16.94648 sats=6 fix=1 utc=1785017698 tx_fw=unknown
BER seq=41 bits=264 errs=0 ber=0.00e+00
PHASE_RESULT 70 CH-864-FLRC1300-64 pktSize=64 rx=1 unique=1 lost=99 per=99.0 rssi_avg=-43 rssi_min=-43 crc_err=0 garbage=0 tx_lat=32.63920 tx_lon=-16.94648 sats=6 fix=1 utc=1785017698 tx_fw=unknown rx_fw=unknown
PHASE_GUARD 500
PHASE_START 69 CH-863-FLRC1300-64 pktSize=64
PHASE_SYNC old=69 new=70 (from TX packet)
TIME_DIFF gps_utc=1785017698 laptop_utc=1785017695 offset=3
FLRC_RAW32: 165 90 66 36 224 88 116 19 80 44 230 245 6 0 1 98 53 101 106 70 0 50 117 110 107 110 111 119 110 29 30 31
PKT rx=1 seq=50 rssi=-42 phase=69 rx_ms=238818 tx_lat=32.63920 tx_lon=-16.94648 sats=6 fix=1 utc=1785017698 tx_fw=unknown
BER seq=50 bits=264 errs=0 ber=0.00e+00
PHASE_RESULT 70 CH-864-FLRC1300-64 pktSize=64 rx=1 unique=1 lost=99 per=99.0 rssi_avg=-42 rssi_min=-42 crc_err=0 garbage=0 tx_lat=32.63920 tx_lon=-16.94648 sats=6 fix=1 utc=1785017698 tx_fw=unknown rx_fw=unknown
PHASE_GUARD 500
PHASE_START 69 CH-863-FLRC1300-64 pktSize=64
PHASE_SYNC old=69 new=70 (from TX packet)
TIME_DIFF gps_utc=1785017699 laptop_utc=1785017696 offset=3
FLRC_RAW32: 165 90 66 36 224 88 116 19 96 44 230 245 6 0 1 99 53 101 106 70 0 59 117 110 107 110 111 119 110 29 30 31
PKT rx=1 seq=59 rssi=-43 phase=69 rx_ms=239089 tx_lat=32.63920 tx_lon=-16.94647 sats=6 fix=1 utc=1785017699 tx_fw=unknown
BER seq=59 bits=264 errs=0 ber=0.00e+00
PHASE_RESULT 70 CH-864-FLRC1300-64 pktSize=64 rx=1 unique=1 lost=99 per=99.0 rssi_avg=-43 rssi_min=-43 crc_err=0 garbage=0 tx_lat=32.63920 tx_lon=-16.94647 sats=6 fix=1 utc=1785017699 tx_fw=unknown rx_fw=unknown
PHASE_GUARD 500
PHASE_START 69 CH-863-FLRC1300-64 pktSize=64
PHASE_SYNC old=69 new=70 (from TX packet)
TIME_DIFF gps_utc=1785017699 laptop_utc=1785017696 offset=3
FLRC_RAW32: 165 90 66 36 224 88 116 19 96 44 230 245 6 0 1 99 53 101 106 70 0 68 117 110 107 110 111 119 110 29 30 31
PKT rx=1 seq=68 rssi=-42 phase=69 rx_ms=239358 tx_lat=32.63920 tx_lon=-16.94647 sats=6 fix=1 utc=1785017699 tx_fw=unknown
BER seq=68 bits=264 errs=0 ber=0.00e+00
PHASE_RESULT 70 CH-864-FLRC1300-64 pktSize=64 rx=1 unique=1 lost=99 per=99.0 rssi_avg=-42 rssi_min=-42 crc_err=0 garbage=0 tx_lat=32.63920 tx_lon=-16.94647 sats=6 fix=1 utc=1785017699 tx_fw=unknown rx_fw=unknown
PHASE_GUARD 500
PHASE_START 69 CH-863-FLRC1300-64 pktSize=64
PHASE_SYNC old=69 new=70 (from TX packet)
TIME_DIFF gps_utc=1785017699 laptop_utc=1785017696 offset=3
FLRC_RAW32: 165 90 66 36 160 88 116 19 128 44 230 245 6 0 1 99 53 101 106 70 0 77 117 110 107 110 111 119 110 29 30 31
PKT rx=1 seq=77 rssi=-43 phase=69 rx_ms=239629 tx_lat=32.63920 tx_lon=-16.94647 sats=6 fix=1 utc=1785017699 tx_fw=unknown
BER seq=77 bits=264 errs=0 ber=0.00e+00
PHASE_RESULT 70 CH-864-FLRC1300-64 pktSize=64 rx=1 unique=1 lost=99 per=99.0 rssi_avg=-43 rssi_min=-43 crc_err=0 garbage=0 tx_lat=32.63920 tx_lon=-16.94647 sats=6 fix=1 utc=1785017699 tx_fw=unknown rx_fw=unknown
PHASE_GUARD 500
PHASE_START 69 CH-863-FLRC1300-64 pktSize=64
PHASE_RESULT 69 CH-863-FLRC1300-64 pktSize=64 rx=0 unique=0 lost=100 per=100.0 rssi_avg=0 rssi_min=0 crc_err=0 garbage=0 tx_lat=0.00000 tx_lon=0.00000 sats=0 fix=0 utc=0 tx_fw=none rx_fw=unknown
PHASE_GUARD 500
PHASE_START 70 CH-864-FLRC1300-64 pktSize=64
PHASE_SYNC old=70 new=71 (from TX packet)
TIME_DIFF gps_utc=1785017700 laptop_utc=1785017697 offset=3
FLRC_RAW32: 165 90 66 36 128 88 116 19 160 44 230 245 6 0 1 100 53 101 106 71 0 0 117 110 107 110 111 119 110 29 30 31
PKT rx=1 seq=0 rssi=-42 phase=70 rx_ms=240455 tx_lat=32.63919 tx_lon=-16.94647 sats=6 fix=1 utc=1785017700 tx_fw=unknown
BER seq=0 bits=264 errs=0 ber=0.00e+00
PHASE_RESULT 71 CH-865-FLRC1300-64 pktSize=64 rx=1 unique=1 lost=99 per=99.0 rssi_avg=-42 rssi_min=-42 crc_err=0 garbage=0 tx_lat=32.63919 tx_lon=-16.94647 sats=6 fix=1 utc=1785017700 tx_fw=unknown rx_fw=unknown
PHASE_GUARD 500
PHASE_START 70 CH-864-FLRC1300-64 pktSize=64
PHASE_SYNC old=70 new=71 (from TX packet)
TIME_DIFF gps_utc=1785017700 laptop_utc=1785017697 offset=3
FLRC_RAW32: 165 90 66 36 128 88 116 19 192 44 230 245 6 0 1 100 53 101 106 71 0 14 117 110 107 110 111 119 110 29 30 31
PKT rx=1 seq=14 rssi=-42 phase=70 rx_ms=240734 tx_lat=32.63919 tx_lon=-16.94646 sats=6 fix=1 utc=1785017700 tx_fw=unknown
BER seq=14 bits=264 errs=0 ber=0.00e+00
PHASE_RESULT 71 CH-865-FLRC1300-64 pktSize=64 rx=1 unique=1 lost=99 per=99.0 rssi_avg=-42 rssi_min=-42 crc_err=0 garbage=0 tx_lat=32.63919 tx_lon=-16.94646 sats=6 fix=1 utc=1785017700 tx_fw=unknown rx_fw=unknown
PHASE_GUARD 500
PHASE_START 70 CH-864-FLRC1300-64 pktSize=64
PHASE_SYNC old=70 new=71 (from TX packet)
TIME_DIFF gps_utc=1785017701 laptop_utc=1785017697 offset=4
FLRC_RAW32: 165 90 66 36 128 88 116 19 192 44 230 245 6 0 1 101 53 101 106 71 0 23 117 110 107 110 111 119 110 29 30 31
PKT rx=1 seq=23 rssi=-43 phase=70 rx_ms=241004 tx_lat=32.63919 tx_lon=-16.94646 sats=6 fix=1 utc=1785017701 tx_fw=unknown
BER seq=23 bits=264 errs=0 ber=0.00e+00
PHASE_RESULT 71 CH-865-FLRC1300-64 pktSize=64 rx=1 unique=1 lost=99 per=99.0 rssi_avg=-43 rssi_min=-43 crc_err=0 garbage=0 tx_lat=32.63919 tx_lon=-16.94646 sats=6 fix=1 utc=1785017701 tx_fw=unknown rx_fw=unknown
PHASE_GUARD 500
PHASE_START 70 CH-864-FLRC1300-64 pktSize=64
PHASE_SYNC old=70 new=71 (from TX packet)
TIME_DIFF gps_utc=1785017701 laptop_utc=1785017698 offset=3
FLRC_RAW32: 165 90 66 36 128 88 116 19 160 44 230 245 6 0 1 101 53 101 106 71 0 32 117 110 107 110 111 119 110 29 30 31
PKT rx=1 seq=32 rssi=-43 phase=70 rx_ms=241273 tx_lat=32.63919 tx_lon=-16.94647 sats=6 fix=1 utc=1785017701 tx_fw=unknown
BER seq=32 bits=264 errs=0 ber=0.00e+00
PHASE_RESULT 71 CH-865-FLRC1300-64 pktSize=64 rx=1 unique=1 lost=99 per=99.0 rssi_avg=-43 rssi_min=-43 crc_err=0 garbage=0 tx_lat=32.63919 tx_lon=-16.94647 sats=6 fix=1 utc=1785017701 tx_fw=unknown rx_fw=unknown
PHASE_GUARD 500
PHASE_START 70 CH-864-FLRC1300-64 pktSize=64
PHASE_SYNC old=70 new=71 (from TX packet)
TIME_DIFF gps_utc=1785017701 laptop_utc=1785017698 offset=3
FLRC_RAW32: 165 90 66 36 128 88 116 19 192 44 230 245 6 0 1 101 53 101 106 71 0 41 117 110 107 110 111 119 110 29 30 31
PKT rx=1 seq=41 rssi=-43 phase=70 rx_ms=241544 tx_lat=32.63919 tx_lon=-16.94646 sats=6 fix=1 utc=1785017701 tx_fw=unknown
BER seq=41 bits=264 errs=0 ber=0.00e+00
PHASE_RESULT 71 CH-865-FLRC1300-64 pktSize=64 rx=1 unique=1 lost=99 per=99.0 rssi_avg=-43 rssi_min=-43 crc_err=0 garbage=0 tx_lat=32.63919 tx_lon=-16.94646 sats=6 fix=1 utc=1785017701 tx_fw=unknown rx_fw=unknown
PHASE_GUARD 500
PHASE_START 70 CH-864-FLRC1300-64 pktSize=64
PHASE_SYNC old=70 new=71 (from TX packet)
TIME_DIFF gps_utc=1785017701 laptop_utc=1785017698 offset=3
FLRC_RAW32: 165 90 66 36 64 88 116 19 224 44 230 245 6 0 1 101 53 101 106 71 0 50 117 110 107 110 111 119 110 29 30 31
PKT rx=1 seq=50 rssi=-43 phase=70 rx_ms=241813 tx_lat=32.63919 tx_lon=-16.94646 sats=6 fix=1 utc=1785017701 tx_fw=unknown
BER seq=50 bits=264 errs=0 ber=0.00e+00
PHASE_RESULT 71 CH-865-FLRC1300-64 pktSize=64 rx=1 unique=1 lost=99 per=99.0 rssi_avg=-43 rssi_min=-43 crc_err=0 garbage=0 tx_lat=32.63919 tx_lon=-16.94646 sats=6 fix=1 utc=1785017701 tx_fw=unknown rx_fw=unknown
PHASE_GUARD 500
PHASE_START 70 CH-864-FLRC1300-64 pktSize=64
PHASE_SYNC old=70 new=71 (from TX packet)
TIME_DIFF gps_utc=1785017702 laptop_utc=1785017699 offset=3
FLRC_RAW32: 165 90 66 36 64 88 116 19 240 44 230 245 6 0 1 102 53 101 106 71 0 59 117 110 107 110 111 119 110 29 30 31
PKT rx=1 seq=59 rssi=-43 phase=70 rx_ms=242083 tx_lat=32.63919 tx_lon=-16.94646 sats=6 fix=1 utc=1785017702 tx_fw=unknown
BER seq=59 bits=264 errs=0 ber=0.00e+00
PHASE_RESULT 71 CH-865-FLRC1300-64 pktSize=64 rx=1 unique=1 lost=99 per=99.0 rssi_avg=-43 rssi_min=-43 crc_err=0 garbage=0 tx_lat=32.63919 tx_lon=-16.94646 sats=6 fix=1 utc=1785017702 tx_fw=unknown rx_fw=unknown
PHASE_GUARD 500
PHASE_START 70 CH-864-FLRC1300-64 pktSize=64
PHASE_SYNC old=70 new=71 (from TX packet)
TIME_DIFF gps_utc=1785017702 laptop_utc=1785017699 offset=3
FLRC_RAW32: 165 90 66 36 64 88 116 19 32 45 230 245 6 0 1 102 53 101 106 71 0 68 117 110 107 110 111 119 110 29 30 31
PKT rx=1 seq=68 rssi=-42 phase=70 rx_ms=242353 tx_lat=32.63919 tx_lon=-16.94646 sats=6 fix=1 utc=1785017702 tx_fw=unknown
BER seq=68 bits=264 errs=0 ber=0.00e+00
PHASE_RESULT 71 CH-865-FLRC1300-64 pktSize=64 rx=1 unique=1 lost=99 per=99.0 rssi_avg=-42 rssi_min=-42 crc_err=0 garbage=0 tx_lat=32.63919 tx_lon=-16.94646 sats=6 fix=1 utc=1785017702 tx_fw=unknown rx_fw=unknown
PHASE_GUARD 500
PHASE_START 70 CH-864-FLRC1300-64 pktSize=64
PHASE_SYNC old=70 new=71 (from TX packet)
TIME_DIFF gps_utc=1785017702 laptop_utc=1785017699 offset=3
FLRC_RAW32: 165 90 66 36 32 88 116 19 48 45 230 245 6 0 1 102 53 101 106 71 0 77 117 110 107 110 111 119 110 29 30 31
PKT rx=1 seq=77 rssi=-43 phase=70 rx_ms=242624 tx_lat=32.63918 tx_lon=-16.94645 sats=6 fix=1 utc=1785017702 tx_fw=unknown
BER seq=77 bits=264 errs=0 ber=0.00e+00
PHASE_RESULT 71 CH-865-FLRC1300-64 pktSize=64 rx=1 unique=1 lost=99 per=99.0 rssi_avg=-43 rssi_min=-43 crc_err=0 garbage=0 tx_lat=32.63918 tx_lon=-16.94645 sats=6 fix=1 utc=1785017702 tx_fw=unknown rx_fw=unknown
PHASE_GUARD 500
PHASE_START 70 CH-864-FLRC1300-64 pktSize=64
PHASE_RESULT 70 CH-864-FLRC1300-64 pktSize=64 rx=0 unique=0 lost=100 per=100.0 rssi_avg=0 rssi_min=0 crc_err=0 garbage=0 tx_lat=0.00000 tx_lon=0.00000 sats=0 fix=0 utc=0 tx_fw=none rx_fw=unknown
PHASE_GUARD 500
PHASE_START 71 CH-865-FLRC1300-64 pktSize=64
PHASE_SYNC old=71 new=72 (from TX packet)
TIME_DIFF gps_utc=1785017703 laptop_utc=1785017700 offset=3
FLRC_RAW32: 165 90 66 36 0 88 116 19 96 45 230 245 6 0 1 103 53 101 106 72 0 0 117 110 107 110 111 119 110 29 30 31
PKT rx=1 seq=0 rssi=-43 phase=71 rx_ms=243460 tx_lat=32.63918 tx_lon=-16.94645 sats=6 fix=1 utc=1785017703 tx_fw=unknown
BER seq=0 bits=264 errs=0 ber=0.00e+00
PHASE_RESULT 72 CH-866-FLRC1300-64 pktSize=64 rx=1 unique=1 lost=99 per=99.0 rssi_avg=-43 rssi_min=-43 crc_err=0 garbage=0 tx_lat=32.63918 tx_lon=-16.94645 sats=6 fix=1 utc=1785017703 tx_fw=unknown rx_fw=unknown
PHASE_GUARD 500
PHASE_START 71 CH-865-FLRC1300-64 pktSize=64
PHASE_SYNC old=71 new=72 (from TX packet)
TIME_DIFF gps_utc=1785017703 laptop_utc=1785017700 offset=3
FLRC_RAW32: 165 90 66 36 0 88 116 19 128 45 230 245 6 0 1 103 53 101 106 72 0 14 117 110 107 110 111 119 110 29 30 31
PKT rx=1 seq=14 rssi=-43 phase=71 rx_ms=243738 tx_lat=32.63918 tx_lon=-16.94645 sats=6 fix=1 utc=1785017703 tx_fw=unknown
BER seq=14 bits=264 errs=0 ber=0.00e+00
PHASE_RESULT 72 CH-866-FLRC1300-64 pktSize=64 rx=1 unique=1 lost=99 per=99.0 rssi_avg=-43 rssi_min=-43 crc_err=0 garbage=0 tx_lat=32.63918 tx_lon=-16.94645 sats=6 fix=1 utc=1785017703 tx_fw=unknown rx_fw=unknown
PHASE_GUARD 500
PHASE_START 71 CH-865-FLRC1300-64 pktSize=64
PHASE_SYNC old=71 new=72 (from TX packet)
TIME_DIFF gps_utc=1785017704 laptop_utc=1785017700 offset=4
FLRC_RAW32: 165 90 66 36 0 88 116 19 128 45 230 245 6 0 1 104 53 101 106 72 0 23 117 110 107 110 111 119 110 29 30 31
PKT rx=1 seq=23 rssi=-43 phase=71 rx_ms=244008 tx_lat=32.63918 tx_lon=-16.94645 sats=6 fix=1 utc=1785017704 tx_fw=unknown
BER seq=23 bits=264 errs=0 ber=0.00e+00
PHASE_RESULT 72 CH-866-FLRC1300-64 pktSize=64 rx=1 unique=1 lost=99 per=99.0 rssi_avg=-43 rssi_min=-43 crc_err=0 garbage=0 tx_lat=32.63918 tx_lon=-16.94645 sats=6 fix=1 utc=1785017704 tx_fw=unknown rx_fw=unknown
PHASE_GUARD 500
PHASE_START 71 CH-865-FLRC1300-64 pktSize=64
PHASE_SYNC old=71 new=72 (from TX packet)
TIME_DIFF gps_utc=1785017704 laptop_utc=1785017701 offset=3
FLRC_RAW32: 165 90 66 36 0 88 116 19 144 45 230 245 6 0 1 104 53 101 106 72 0 32 117 110 107 110 111 119 110 29 30 31
PKT rx=1 seq=32 rssi=-43 phase=71 rx_ms=244278 tx_lat=32.63918 tx_lon=-16.94644 sats=6 fix=1 utc=1785017704 tx_fw=unknown
BER seq=32 bits=264 errs=0 ber=0.00e+00
PHASE_RESULT 72 CH-866-FLRC1300-64 pktSize=64 rx=1 unique=1 lost=99 per=99.0 rssi_avg=-43 rssi_min=-43 crc_err=0 garbage=0 tx_lat=32.63918 tx_lon=-16.94644 sats=6 fix=1 utc=1785017704 tx_fw=unknown rx_fw=unknown
PHASE_GUARD 500
PHASE_START 71 CH-865-FLRC1300-64 pktSize=64
PHASE_SYNC old=71 new=72 (from TX packet)
TIME_DIFF gps_utc=1785017704 laptop_utc=1785017701 offset=3
FLRC_RAW32: 165 90 66 36 192 87 116 19 160 45 230 245 6 0 1 104 53 101 106 72 0 41 117 110 107 110 111 119 110 29 30 31
PKT rx=1 seq=41 rssi=-43 phase=71 rx_ms=244548 tx_lat=32.63918 tx_lon=-16.94644 sats=6 fix=1 utc=1785017704 tx_fw=unknown
BER seq=41 bits=264 errs=0 ber=0.00e+00
PHASE_RESULT 72 CH-866-FLRC1300-64 pktSize=64 rx=1 unique=1 lost=99 per=99.0 rssi_avg=-43 rssi_min=-43 crc_err=0 garbage=0 tx_lat=32.63918 tx_lon=-16.94644 sats=6 fix=1 utc=1785017704 tx_fw=unknown rx_fw=unknown
PHASE_GUARD 500
PHASE_START 71 CH-865-FLRC1300-64 pktSize=64
PHASE_SYNC old=71 new=72 (from TX packet)
TIME_DIFF gps_utc=1785017704 laptop_utc=1785017701 offset=3
FLRC_RAW32: 165 90 66 36 192 87 116 19 160 45 230 245 6 0 1 104 53 101 106 72 0 50 117 110 107 110 111 119 110 29 30 31
PKT rx=1 seq=50 rssi=-42 phase=71 rx_ms=244819 tx_lat=32.63918 tx_lon=-16.94644 sats=6 fix=1 utc=1785017704 tx_fw=unknown
BER seq=50 bits=264 errs=0 ber=0.00e+00
PHASE_RESULT 72 CH-866-FLRC1300-64 pktSize=64 rx=1 unique=1 lost=99 per=99.0 rssi_avg=-42 rssi_min=-42 crc_err=0 garbage=0 tx_lat=32.63918 tx_lon=-16.94644 sats=6 fix=1 utc=1785017704 tx_fw=unknown rx_fw=unknown
PHASE_GUARD 500
PHASE_START 71 CH-865-FLRC1300-64 pktSize=64
PHASE_SYNC old=71 new=72 (from TX packet)
TIME_DIFF gps_utc=1785017705 laptop_utc=1785017702 offset=3
FLRC_RAW32: 165 90 66 36 192 87 116 19 176 45 230 245 6 0 1 105 53 101 106 72 0 59 117 110 107 110 111 119 110 29 30 31
PKT rx=1 seq=59 rssi=-43 phase=71 rx_ms=245089 tx_lat=32.63918 tx_lon=-16.94644 sats=6 fix=1 utc=1785017705 tx_fw=unknown
BER seq=59 bits=264 errs=0 ber=0.00e+00
PHASE_RESULT 72 CH-866-FLRC1300-64 pktSize=64 rx=1 unique=1 lost=99 per=99.0 rssi_avg=-43 rssi_min=-43 crc_err=0 garbage=0 tx_lat=32.63918 tx_lon=-16.94644 sats=6 fix=1 utc=1785017705 tx_fw=unknown rx_fw=unknown
PHASE_GUARD 500
PHASE_START 71 CH-865-FLRC1300-64 pktSize=64
PHASE_SYNC old=71 new=72 (from TX packet)
TIME_DIFF gps_utc=1785017705 laptop_utc=1785017702 offset=3
FLRC_RAW32: 165 90 66 36 192 87 116 19 224 45 230 245 6 0 1 105 53 101 106 72 0 68 117 110 107 110 111 119 110 29 30 31
PKT rx=1 seq=68 rssi=-42 phase=71 rx_ms=245358 tx_lat=32.63918 tx_lon=-16.94644 sats=6 fix=1 utc=1785017705 tx_fw=unknown
BER seq=68 bits=264 errs=0 ber=0.00e+00
PHASE_RESULT 72 CH-866-FLRC1300-64 pktSize=64 rx=1 unique=1 lost=99 per=99.0 rssi_avg=-42 rssi_min=-42 crc_err=0 garbage=0 tx_lat=32.63918 tx_lon=-16.94644 sats=6 fix=1 utc=1785017705 tx_fw=unknown rx_fw=unknown
PHASE_GUARD 500
PHASE_START 71 CH-865-FLRC1300-64 pktSize=64
PHASE_SYNC old=71 new=72 (from TX packet)
TIME_DIFF gps_utc=1785017705 laptop_utc=1785017702 offset=3
FLRC_RAW32: 165 90 66 36 160 87 116 19 224 45 230 245 6 0 1 105 53 101 106 72 0 77 117 110 107 110 111 119 110 29 30 31
PKT rx=1 seq=77 rssi=-42 phase=71 rx_ms=245628 tx_lat=32.63917 tx_lon=-16.94644 sats=6 fix=1 utc=1785017705 tx_fw=unknown
BER seq=77 bits=264 errs=0 ber=0.00e+00
PHASE_RESULT 72 CH-866-FLRC1300-64 pktSize=64 rx=1 unique=1 lost=99 per=99.0 rssi_avg=-42 rssi_min=-42 crc_err=0 garbage=0 tx_lat=32.63917 tx_lon=-16.94644 sats=6 fix=1 utc=1785017705 tx_fw=unknown rx_fw=unknown
PHASE_GUARD 500
PHASE_START 71 CH-865-FLRC1300-64 pktSize=64
PHASE_RESULT 71 CH-865-FLRC1300-64 pktSize=64 rx=0 unique=0 lost=100 per=100.0 rssi_avg=0 rssi_min=0 crc_err=0 garbage=0 tx_lat=0.00000 tx_lon=0.00000 sats=0 fix=0 utc=0 tx_fw=none rx_fw=unknown
PHASE_GUARD 500
PHASE_START 72 CH-866-FLRC1300-64 pktSize=64
PHASE_SYNC old=72 new=73 (from TX packet)
TIME_DIFF gps_utc=1785017706 laptop_utc=1785017703 offset=3
FLRC_RAW32: 165 90 66 36 160 87 116 19 0 46 230 245 6 0 1 106 53 101 106 73 0 0 117 110 107 110 111 119 110 29 30 31
PKT rx=1 seq=0 rssi=-43 phase=72 rx_ms=246464 tx_lat=32.63917 tx_lon=-16.94643 sats=6 fix=1 utc=1785017706 tx_fw=unknown
BER seq=0 bits=264 errs=0 ber=0.00e+00
PHASE_RESULT 73 CH-867-FLRC1300-64 pktSize=64 rx=1 unique=1 lost=99 per=99.0 rssi_avg=-43 rssi_min=-43 crc_err=0 garbage=0 tx_lat=32.63917 tx_lon=-16.94643 sats=6 fix=1 utc=1785017706 tx_fw=unknown rx_fw=unknown
PHASE_GUARD 500
PHASE_START 72 CH-866-FLRC1300-64 pktSize=64
PHASE_SYNC old=72 new=73 (from TX packet)
TIME_DIFF gps_utc=1785017706 laptop_utc=1785017703 offset=3
FLRC_RAW32: 165 90 66 36 128 87 116 19 32 46 230 245 6 0 1 106 53 101 106 73 0 14 117 110 107 110 111 119 110 29 30 31
PKT rx=1 seq=14 rssi=-42 phase=72 rx_ms=246743 tx_lat=32.63917 tx_lon=-16.94643 sats=6 fix=1 utc=1785017706 tx_fw=unknown
BER seq=14 bits=264 errs=0 ber=0.00e+00
PHASE_RESULT 73 CH-867-FLRC1300-64 pktSize=64 rx=1 unique=1 lost=99 per=99.0 rssi_avg=-42 rssi_min=-42 crc_err=0 garbage=0 tx_lat=32.63917 tx_lon=-16.94643 sats=6 fix=1 utc=1785017706 tx_fw=unknown rx_fw=unknown
PHASE_GUARD 500
PHASE_START 72 CH-866-FLRC1300-64 pktSize=64
PHASE_SYNC old=72 new=73 (from TX packet)
TIME_DIFF gps_utc=1785017707 laptop_utc=1785017704 offset=3
FLRC_RAW32: 165 90 66 36 128 87 116 19 80 46 230 245 7 0 1 107 53 101 106 73 0 23 117 110 107 110 111 119 110 29 30 31
PKT rx=1 seq=23 rssi=-42 phase=72 rx_ms=247014 tx_lat=32.63917 tx_lon=-16.94642 sats=7 fix=1 utc=1785017707 tx_fw=unknown
BER seq=23 bits=264 errs=0 ber=0.00e+00
PHASE_RESULT 73 CH-867-FLRC1300-64 pktSize=64 rx=1 unique=1 lost=99 per=99.0 rssi_avg=-42 rssi_min=-42 crc_err=0 garbage=0 tx_lat=32.63917 tx_lon=-16.94642 sats=7 fix=1 utc=1785017707 tx_fw=unknown rx_fw=unknown
PHASE_GUARD 500
PHASE_START 72 CH-866-FLRC1300-64 pktSize=64
PHASE_SYNC old=72 new=73 (from TX packet)
TIME_DIFF gps_utc=1785017707 laptop_utc=1785017704 offset=3
FLRC_RAW32: 165 90 66 36 128 87 116 19 32 46 230 245 7 0 1 107 53 101 106 73 0 32 117 110 107 110 111 119 110 29 30 31
PKT rx=1 seq=32 rssi=-42 phase=72 rx_ms=247283 tx_lat=32.63917 tx_lon=-16.94643 sats=7 fix=1 utc=1785017707 tx_fw=unknown
BER seq=32 bits=264 errs=0 ber=0.00e+00
PHASE_RESULT 73 CH-867-FLRC1300-64 pktSize=64 rx=1 unique=1 lost=99 per=99.0 rssi_avg=-42 rssi_min=-42 crc_err=0 garbage=0 tx_lat=32.63917 tx_lon=-16.94643 sats=7 fix=1 utc=1785017707 tx_fw=unknown rx_fw=unknown
PHASE_GUARD 500
PHASE_START 72 CH-866-FLRC1300-64 pktSize=64
PHASE_SYNC old=72 new=73 (from TX packet)
TIME_DIFF gps_utc=1785017707 laptop_utc=1785017704 offset=3
FLRC_RAW32: 165 90 66 36 128 87 116 19 80 46 230 245 7 0 1 107 53 101 106 73 0 41 117 110 107 110 111 119 110 29 30 31
PKT rx=1 seq=41 rssi=-42 phase=72 rx_ms=247553 tx_lat=32.63917 tx_lon=-16.94642 sats=7 fix=1 utc=1785017707 tx_fw=unknown
BER seq=41 bits=264 errs=0 ber=0.00e+00
PHASE_RESULT 73 CH-867-FLRC1300-64 pktSize=64 rx=1 unique=1 lost=99 per=99.0 rssi_avg=-42 rssi_min=-42 crc_err=0 garbage=0 tx_lat=32.63917 tx_lon=-16.94642 sats=7 fix=1 utc=1785017707 tx_fw=unknown rx_fw=unknown
PHASE_GUARD 500
PHASE_START 72 CH-866-FLRC1300-64 pktSize=64
PHASE_SYNC old=72 new=73 (from TX packet)
TIME_DIFF gps_utc=1785017707 laptop_utc=1785017704 offset=3
FLRC_RAW32: 165 90 66 36 128 87 116 19 96 46 230 245 7 0 1 107 53 101 106 73 0 50 117 110 107 110 111 119 110 29 30 31
PKT rx=1 seq=50 rssi=-42 phase=72 rx_ms=247824 tx_lat=32.63917 tx_lon=-16.94642 sats=7 fix=1 utc=1785017707 tx_fw=unknown
BER seq=50 bits=264 errs=0 ber=0.00e+00
PHASE_RESULT 73 CH-867-FLRC1300-64 pktSize=64 rx=1 unique=1 lost=99 per=99.0 rssi_avg=-42 rssi_min=-42 crc_err=0 garbage=0 tx_lat=32.63917 tx_lon=-16.94642 sats=7 fix=1 utc=1785017707 tx_fw=unknown rx_fw=unknown
PHASE_GUARD 500
PHASE_START 72 CH-866-FLRC1300-64 pktSize=64
PHASE_SYNC old=72 new=73 (from TX packet)
TIME_DIFF gps_utc=1785017708 laptop_utc=1785017705 offset=3
FLRC_RAW32: 165 90 66 36 96 87 116 19 112 46 230 245 7 0 1 108 53 101 106 73 0 59 117 110 107 110 111 119 110 29 30 31
PKT rx=1 seq=59 rssi=-42 phase=72 rx_ms=248093 tx_lat=32.63916 tx_lon=-16.94642 sats=7 fix=1 utc=1785017708 tx_fw=unknown
BER seq=59 bits=264 errs=0 ber=0.00e+00
PHASE_RESULT 73 CH-867-FLRC1300-64 pktSize=64 rx=1 unique=1 lost=99 per=99.0 rssi_avg=-42 rssi_min=-42 crc_err=0 garbage=0 tx_lat=32.63916 tx_lon=-16.94642 sats=7 fix=1 utc=1785017708 tx_fw=unknown rx_fw=unknown
PHASE_GUARD 500
PHASE_START 72 CH-866-FLRC1300-64 pktSize=64
PHASE_SYNC old=72 new=73 (from TX packet)
TIME_DIFF gps_utc=1785017708 laptop_utc=1785017705 offset=3
FLRC_RAW32: 165 90 66 36 96 87 116 19 128 46 230 245 7 0 1 108 53 101 106 73 0 68 117 110 107 110 111 119 110 29 30 31
PKT rx=1 seq=68 rssi=-43 phase=72 rx_ms=248363 tx_lat=32.63916 tx_lon=-16.94642 sats=7 fix=1 utc=1785017708 tx_fw=unknown
BER seq=68 bits=264 errs=0 ber=0.00e+00
PHASE_RESULT 73 CH-867-FLRC1300-64 pktSize=64 rx=1 unique=1 lost=99 per=99.0 rssi_avg=-43 rssi_min=-43 crc_err=0 garbage=0 tx_lat=32.63916 tx_lon=-16.94642 sats=7 fix=1 utc=1785017708 tx_fw=unknown rx_fw=unknown
PHASE_GUARD 500
PHASE_START 72 CH-866-FLRC1300-64 pktSize=64
PHASE_SYNC old=72 new=73 (from TX packet)
TIME_DIFF gps_utc=1785017708 laptop_utc=1785017705 offset=3
FLRC_RAW32: 165 90 66 36 96 87 116 19 144 46 230 245 7 0 1 108 53 101 106 73 0 77 117 110 107 110 111 119 110 29 30 31
PKT rx=1 seq=77 rssi=-42 phase=72 rx_ms=248633 tx_lat=32.63916 tx_lon=-16.94642 sats=7 fix=1 utc=1785017708 tx_fw=unknown
BER seq=77 bits=264 errs=0 ber=0.00e+00
PHASE_RESULT 73 CH-867-FLRC1300-64 pktSize=64 rx=1 unique=1 lost=99 per=99.0 rssi_avg=-42 rssi_min=-42 crc_err=0 garbage=0 tx_lat=32.63916 tx_lon=-16.94642 sats=7 fix=1 utc=1785017708 tx_fw=unknown rx_fw=unknown
PHASE_GUARD 500
PHASE_START 72 CH-866-FLRC1300-64 pktSize=64
PHASE_RESULT 72 CH-866-FLRC1300-64 pktSize=64 rx=0 unique=0 lost=100 per=100.0 rssi_avg=0 rssi_min=0 crc_err=0 garbage=0 tx_lat=0.00000 tx_lon=0.00000 sats=0 fix=0 utc=0 tx_fw=none rx_fw=unknown
PHASE_GUARD 500
PHASE_START 73 CH-867-FLRC1300-64 pktSize=64
PHASE_SYNC old=73 new=74 (from TX packet)
TIME_DIFF gps_utc=1785017709 laptop_utc=1785017706 offset=3
FLRC_RAW32: 165 90 66 36 64 87 116 19 192 46 230 245 7 0 1 109 53 101 106 74 0 0 117 110 107 110 111 119 110 29 30 31
PKT rx=1 seq=0 rssi=-43 phase=73 rx_ms=249459 tx_lat=32.63916 tx_lon=-16.94641 sats=7 fix=1 utc=1785017709 tx_fw=unknown
BER seq=0 bits=264 errs=0 ber=0.00e+00
PHASE_RESULT 74 CH-868-FLRC1300-64 pktSize=64 rx=1 unique=1 lost=99 per=99.0 rssi_avg=-43 rssi_min=-43 crc_err=0 garbage=0 tx_lat=32.63916 tx_lon=-16.94641 sats=7 fix=1 utc=1785017709 tx_fw=unknown rx_fw=unknown
PHASE_GUARD 500
PHASE_START 73 CH-867-FLRC1300-64 pktSize=64
PHASE_SYNC old=73 new=74 (from TX packet)
TIME_DIFF gps_utc=1785017709 laptop_utc=1785017706 offset=3
FLRC_RAW32: 165 90 66 36 0 87 116 19 208 46 230 245 7 0 1 109 53 101 106 74 0 14 117 110 107 110 111 119 110 29 30 31
PKT rx=1 seq=14 rssi=-42 phase=73 rx_ms=249737 tx_lat=32.63916 tx_lon=-16.94641 sats=7 fix=1 utc=1785017709 tx_fw=unknown
BER seq=14 bits=264 errs=0 ber=0.00e+00
PHASE_RESULT 74 CH-868-FLRC1300-64 pktSize=64 rx=1 unique=1 lost=99 per=99.0 rssi_avg=-42 rssi_min=-42 crc_err=0 garbage=0 tx_lat=32.63916 tx_lon=-16.94641 sats=7 fix=1 utc=1785017709 tx_fw=unknown rx_fw=unknown
PHASE_GUARD 500
PHASE_START 73 CH-867-FLRC1300-64 pktSize=64
PHASE_SYNC old=73 new=74 (from TX packet)
TIME_DIFF gps_utc=1785017710 laptop_utc=1785017706 offset=4
FLRC_RAW32: 165 90 66 36 0 87 116 19 224 46 230 245 7 0 1 110 53 101 106 74 0 23 117 110 107 110 111 119 110 29 30 31
PKT rx=1 seq=23 rssi=-43 phase=73 rx_ms=250007 tx_lat=32.63916 tx_lon=-16.94641 sats=7 fix=1 utc=1785017710 tx_fw=unknown
BER seq=23 bits=264 errs=0 ber=0.00e+00
PHASE_RESULT 74 CH-868-FLRC1300-64 pktSize=64 rx=1 unique=1 lost=99 per=99.0 rssi_avg=-43 rssi_min=-43 crc_err=0 garbage=0 tx_lat=32.63916 tx_lon=-16.94641 sats=7 fix=1 utc=1785017710 tx_fw=unknown rx_fw=unknown
PHASE_GUARD 500
PHASE_START 73 CH-867-FLRC1300-64 pktSize=64
PHASE_SYNC old=73 new=74 (from TX packet)
TIME_DIFF gps_utc=1785017710 laptop_utc=1785017707 offset=3
FLRC_RAW32: 165 90 66 36 0 87 116 19 240 46 230 245 7 0 1 110 53 101 106 74 0 32 117 110 107 110 111 119 110 29 30 31
PKT rx=1 seq=32 rssi=-43 phase=73 rx_ms=250277 tx_lat=32.63916 tx_lon=-16.94641 sats=7 fix=1 utc=1785017710 tx_fw=unknown
BER seq=32 bits=264 errs=0 ber=0.00e+00
PHASE_RESULT 74 CH-868-FLRC1300-64 pktSize=64 rx=1 unique=1 lost=99 per=99.0 rssi_avg=-43 rssi_min=-43 crc_err=0 garbage=0 tx_lat=32.63916 tx_lon=-16.94641 sats=7 fix=1 utc=1785017710 tx_fw=unknown rx_fw=unknown
PHASE_GUARD 500
PHASE_START 73 CH-867-FLRC1300-64 pktSize=64
PHASE_SYNC old=73 new=74 (from TX packet)
TIME_DIFF gps_utc=1785017710 laptop_utc=1785017707 offset=3
FLRC_RAW32: 165 90 66 36 224 86 116 19 16 47 230 245 7 0 1 110 53 101 106 74 0 41 117 110 107 110 111 119 110 29 30 31
PKT rx=1 seq=41 rssi=-42 phase=73 rx_ms=250547 tx_lat=32.63915 tx_lon=-16.94641 sats=7 fix=1 utc=1785017710 tx_fw=unknown
BER seq=41 bits=264 errs=0 ber=0.00e+00
PHASE_RESULT 74 CH-868-FLRC1300-64 pktSize=64 rx=1 unique=1 lost=99 per=99.0 rssi_avg=-42 rssi_min=-42 crc_err=0 garbage=0 tx_lat=32.63915 tx_lon=-16.94641 sats=7 fix=1 utc=1785017710 tx_fw=unknown rx_fw=unknown
PHASE_GUARD 500
PHASE_START 73 CH-867-FLRC1300-64 pktSize=64
PHASE_SYNC old=73 new=74 (from TX packet)
TIME_DIFF gps_utc=1785017710 laptop_utc=1785017707 offset=3
FLRC_RAW32: 165 90 66 36 224 86 116 19 16 47 230 245 7 0 1 110 53 101 106 74 0 50 117 110 107 110 111 119 110 29 30 31
PKT rx=1 seq=50 rssi=-42 phase=73 rx_ms=250817 tx_lat=32.63915 tx_lon=-16.94641 sats=7 fix=1 utc=1785017710 tx_fw=unknown
BER seq=50 bits=264 errs=0 ber=0.00e+00
PHASE_RESULT 74 CH-868-FLRC1300-64 pktSize=64 rx=1 unique=1 lost=99 per=99.0 rssi_avg=-42 rssi_min=-42 crc_err=0 garbage=0 tx_lat=32.63915 tx_lon=-16.94641 sats=7 fix=1 utc=1785017710 tx_fw=unknown rx_fw=unknown
PHASE_GUARD 500
PHASE_START 73 CH-867-FLRC1300-64 pktSize=64
PHASE_SYNC old=73 new=74 (from TX packet)
TIME_DIFF gps_utc=1785017711 laptop_utc=1785017708 offset=3
FLRC_RAW32: 165 90 66 36 224 86 116 19 16 47 230 245 7 0 1 111 53 101 106 74 0 59 117 110 107 110 111 119 110 29 30 31
PKT rx=1 seq=59 rssi=-43 phase=73 rx_ms=251087 tx_lat=32.63915 tx_lon=-16.94641 sats=7 fix=1 utc=1785017711 tx_fw=unknown
BER seq=59 bits=264 errs=0 ber=0.00e+00
PHASE_RESULT 74 CH-868-FLRC1300-64 pktSize=64 rx=1 unique=1 lost=99 per=99.0 rssi_avg=-43 rssi_min=-43 crc_err=0 garbage=0 tx_lat=32.63915 tx_lon=-16.94641 sats=7 fix=1 utc=1785017711 tx_fw=unknown rx_fw=unknown
PHASE_GUARD 500
PHASE_START 73 CH-867-FLRC1300-64 pktSize=64
PHASE_SYNC old=73 new=74 (from TX packet)
TIME_DIFF gps_utc=1785017711 laptop_utc=1785017708 offset=3
FLRC_RAW32: 165 90 66 36 192 86 116 19 48 47 230 245 7 0 1 111 53 101 106 74 0 68 117 110 107 110 111 119 110 29 30 31
PKT rx=1 seq=68 rssi=-43 phase=73 rx_ms=251357 tx_lat=32.63915 tx_lon=-16.94640 sats=7 fix=1 utc=1785017711 tx_fw=unknown
BER seq=68 bits=264 errs=0 ber=0.00e+00
PHASE_RESULT 74 CH-868-FLRC1300-64 pktSize=64 rx=1 unique=1 lost=99 per=99.0 rssi_avg=-43 rssi_min=-43 crc_err=0 garbage=0 tx_lat=32.63915 tx_lon=-16.94640 sats=7 fix=1 utc=1785017711 tx_fw=unknown rx_fw=unknown
PHASE_GUARD 500
PHASE_START 73 CH-867-FLRC1300-64 pktSize=64
PHASE_SYNC old=73 new=74 (from TX packet)
TIME_DIFF gps_utc=1785017711 laptop_utc=1785017708 offset=3
FLRC_RAW32: 165 90 66 36 192 86 116 19 48 47 230 245 7 0 1 111 53 101 106 74 0 77 117 110 107 110 111 119 110 29 30 31
PKT rx=1 seq=77 rssi=-43 phase=73 rx_ms=251628 tx_lat=32.63915 tx_lon=-16.94640 sats=7 fix=1 utc=1785017711 tx_fw=unknown
BER seq=77 bits=264 errs=0 ber=0.00e+00
PHASE_RESULT 74 CH-868-FLRC1300-64 pktSize=64 rx=1 unique=1 lost=99 per=99.0 rssi_avg=-43 rssi_min=-43 crc_err=0 garbage=0 tx_lat=32.63915 tx_lon=-16.94640 sats=7 fix=1 utc=1785017711 tx_fw=unknown rx_fw=unknown
PHASE_GUARD 500
PHASE_START 73 CH-867-FLRC1300-64 pktSize=64
PHASE_RESULT 73 CH-867-FLRC1300-64 pktSize=64 rx=0 unique=0 lost=100 per=100.0 rssi_avg=0 rssi_min=0 crc_err=0 garbage=0 tx_lat=0.00000 tx_lon=0.00000 sats=0 fix=0 utc=0 tx_fw=none rx_fw=unknown
PHASE_GUARD 500
PHASE_START 74 CH-868-FLRC1300-64 pktSize=64
PHASE_SYNC old=74 new=75 (from TX packet)
TIME_DIFF gps_utc=1785017712 laptop_utc=1785017709 offset=3
FLRC_RAW32: 165 90 66 36 160 86 116 19 128 47 230 245 7 0 1 112 53 101 106 75 0 0 117 110 107 110 111 119 110 29 30 31
PKT rx=1 seq=0 rssi=-43 phase=74 rx_ms=252464 tx_lat=32.63914 tx_lon=-16.94639 sats=7 fix=1 utc=1785017712 tx_fw=unknown
BER seq=0 bits=264 errs=0 ber=0.00e+00
PHASE_RESULT 75 CH-869-FLRC1300-64 pktSize=64 rx=1 unique=1 lost=99 per=99.0 rssi_avg=-43 rssi_min=-43 crc_err=0 garbage=0 tx_lat=32.63914 tx_lon=-16.94639 sats=7 fix=1 utc=1785017712 tx_fw=unknown rx_fw=unknown
PHASE_GUARD 500
PHASE_START 74 CH-868-FLRC1300-64 pktSize=64
PHASE_SYNC old=74 new=75 (from TX packet)
TIME_DIFF gps_utc=1785017712 laptop_utc=1785017709 offset=3
FLRC_RAW32: 165 90 66 36 160 86 116 19 128 47 230 245 7 0 1 112 53 101 106 75 0 14 117 110 107 110 111 119 110 29 30 31
PKT rx=1 seq=14 rssi=-43 phase=74 rx_ms=252743 tx_lat=32.63914 tx_lon=-16.94639 sats=7 fix=1 utc=1785017712 tx_fw=unknown
BER seq=14 bits=264 errs=0 ber=0.00e+00
PHASE_RESULT 75 CH-869-FLRC1300-64 pktSize=64 rx=1 unique=1 lost=99 per=99.0 rssi_avg=-43 rssi_min=-43 crc_err=0 garbage=0 tx_lat=32.63914 tx_lon=-16.94639 sats=7 fix=1 utc=1785017712 tx_fw=unknown rx_fw=unknown
PHASE_GUARD 500
PHASE_START 74 CH-868-FLRC1300-64 pktSize=64
PHASE_SYNC old=74 new=75 (from TX packet)
TIME_DIFF gps_utc=1785017713 laptop_utc=1785017710 offset=3
FLRC_RAW32: 165 90 66 36 160 86 116 19 128 47 230 245 7 0 1 113 53 101 106 75 0 23 117 110 107 110 111 119 110 29 30 31
PKT rx=1 seq=23 rssi=-43 phase=74 rx_ms=253014 tx_lat=32.63914 tx_lon=-16.94639 sats=7 fix=1 utc=1785017713 tx_fw=unknown
BER seq=23 bits=264 errs=0 ber=0.00e+00
PHASE_RESULT 75 CH-869-FLRC1300-64 pktSize=64 rx=1 unique=1 lost=99 per=99.0 rssi_avg=-43 rssi_min=-43 crc_err=0 garbage=0 tx_lat=32.63914 tx_lon=-16.94639 sats=7 fix=1 utc=1785017713 tx_fw=unknown rx_fw=unknown
PHASE_GUARD 500
PHASE_START 74 CH-868-FLRC1300-64 pktSize=64
PHASE_SYNC old=74 new=75 (from TX packet)
TIME_DIFF gps_utc=1785017713 laptop_utc=1785017710 offset=3
FLRC_RAW32: 165 90 66 36 160 86 116 19 80 47 230 245 7 0 1 113 53 101 106 75 0 32 117 110 107 110 111 119 110 29 30 31
PKT rx=1 seq=32 rssi=-43 phase=74 rx_ms=253284 tx_lat=32.63914 tx_lon=-16.94640 sats=7 fix=1 utc=1785017713 tx_fw=unknown
BER seq=32 bits=264 errs=0 ber=0.00e+00
PHASE_RESULT 75 CH-869-FLRC1300-64 pktSize=64 rx=1 unique=1 lost=99 per=99.0 rssi_avg=-43 rssi_min=-43 crc_err=0 garbage=0 tx_lat=32.63914 tx_lon=-16.94640 sats=7 fix=1 utc=1785017713 tx_fw=unknown rx_fw=unknown
PHASE_GUARD 500
PHASE_START 74 CH-868-FLRC1300-64 pktSize=64
PHASE_SYNC old=74 new=75 (from TX packet)
TIME_DIFF gps_utc=1785017713 laptop_utc=1785017710 offset=3
FLRC_RAW32: 165 90 66 36 160 86 116 19 128 47 230 245 7 0 1 113 53 101 106 75 0 41 117 110 107 110 111 119 110 29 30 31
PKT rx=1 seq=41 rssi=-43 phase=74 rx_ms=253554 tx_lat=32.63914 tx_lon=-16.94639 sats=7 fix=1 utc=1785017713 tx_fw=unknown
BER seq=41 bits=264 errs=0 ber=0.00e+00
PHASE_RESULT 75 CH-869-FLRC1300-64 pktSize=64 rx=1 unique=1 lost=99 per=99.0 rssi_avg=-43 rssi_min=-43 crc_err=0 garbage=0 tx_lat=32.63914 tx_lon=-16.94639 sats=7 fix=1 utc=1785017713 tx_fw=unknown rx_fw=unknown
PHASE_GUARD 500
PHASE_START 74 CH-868-FLRC1300-64 pktSize=64
PHASE_SYNC old=74 new=75 (from TX packet)
TIME_DIFF gps_utc=1785017713 laptop_utc=1785017710 offset=3
FLRC_RAW32: 165 90 66 36 128 86 116 19 144 47 230 245 7 0 1 113 53 101 106 75 0 50 117 110 107 110 111 119 110 29 30 31
PKT rx=1 seq=50 rssi=-43 phase=74 rx_ms=253824 tx_lat=32.63914 tx_lon=-16.94639 sats=7 fix=1 utc=1785017713 tx_fw=unknown
BER seq=50 bits=264 errs=0 ber=0.00e+00
PHASE_RESULT 75 CH-869-FLRC1300-64 pktSize=64 rx=1 unique=1 lost=99 per=99.0 rssi_avg=-43 rssi_min=-43 crc_err=0 garbage=0 tx_lat=32.63914 tx_lon=-16.94639 sats=7 fix=1 utc=1785017713 tx_fw=unknown rx_fw=unknown
PHASE_GUARD 500
PHASE_START 74 CH-868-FLRC1300-64 pktSize=64
PHASE_SYNC old=74 new=75 (from TX packet)
TIME_DIFF gps_utc=1785017714 laptop_utc=1785017711 offset=3
FLRC_RAW32: 165 90 66 36 160 86 116 19 80 47 230 245 7 0 1 114 53 101 106 75 0 59 117 110 107 110 111 119 110 29 30 31
PKT rx=1 seq=59 rssi=-43 phase=74 rx_ms=254093 tx_lat=32.63914 tx_lon=-16.94640 sats=7 fix=1 utc=1785017714 tx_fw=unknown
BER seq=59 bits=264 errs=0 ber=0.00e+00
PHASE_RESULT 75 CH-869-FLRC1300-64 pktSize=64 rx=1 unique=1 lost=99 per=99.0 rssi_avg=-43 rssi_min=-43 crc_err=0 garbage=0 tx_lat=32.63914 tx_lon=-16.94640 sats=7 fix=1 utc=1785017714 tx_fw=unknown rx_fw=unknown
PHASE_GUARD 500
PHASE_START 74 CH-868-FLRC1300-64 pktSize=64
PHASE_SYNC old=74 new=75 (from TX packet)
TIME_DIFF gps_utc=1785017714 laptop_utc=1785017711 offset=3
FLRC_RAW32: 165 90 66 36 160 86 116 19 80 47 230 245 7 0 1 114 53 101 106 75 0 68 117 110 107 110 111 119 110 29 30 31
PKT rx=1 seq=68 rssi=-43 phase=74 rx_ms=254363 tx_lat=32.63914 tx_lon=-16.94640 sats=7 fix=1 utc=1785017714 tx_fw=unknown
BER seq=68 bits=264 errs=0 ber=0.00e+00
PHASE_RESULT 75 CH-869-FLRC1300-64 pktSize=64 rx=1 unique=1 lost=99 per=99.0 rssi_avg=-43 rssi_min=-43 crc_err=0 garbage=0 tx_lat=32.63914 tx_lon=-16.94640 sats=7 fix=1 utc=1785017714 tx_fw=unknown rx_fw=unknown
PHASE_GUARD 500
PHASE_START 74 CH-868-FLRC1300-64 pktSize=64
TIME_STATS min=3000ms max=4000ms avg=3109ms corrections=0
PHASE_SYNC old=74 new=75 (from TX packet)
TIME_DIFF gps_utc=1785017714 laptop_utc=1785017711 offset=3
FLRC_RAW32: 165 90 66 36 160 86 116 19 80 47 230 245 7 0 1 114 53 101 106 75 0 77 117 110 107 110 111 119 110 29 30 31
PKT rx=1 seq=77 rssi=-42 phase=74 rx_ms=254637 tx_lat=32.63914 tx_lon=-16.94640 sats=7 fix=1 utc=1785017714 tx_fw=unknown
BER seq=77 bits=264 errs=0 ber=0.00e+00
PHASE_RESULT 75 CH-869-FLRC1300-64 pktSize=64 rx=1 unique=1 lost=99 per=99.0 rssi_avg=-42 rssi_min=-42 crc_err=0 garbage=0 tx_lat=32.63914 tx_lon=-16.94640 sats=7 fix=1 utc=1785017714 tx_fw=unknown rx_fw=unknown
PHASE_GUARD 500
PHASE_START 74 CH-868-FLRC1300-64 pktSize=64
PHASE_RESULT 74 CH-868-FLRC1300-64 pktSize=64 rx=0 unique=0 lost=100 per=100.0 rssi_avg=0 rssi_min=0 crc_err=0 garbage=0 tx_lat=0.00000 tx_lon=0.00000 sats=0 fix=0 utc=0 tx_fw=none rx_fw=unknown
PHASE_GUARD 500
PHASE_START 75 CH-869-FLRC1300-64 pktSize=64
PHASE_SYNC old=75 new=76 (from TX packet)
TIME_DIFF gps_utc=1785017715 laptop_utc=1785017712 offset=3
FLRC_RAW32: 165 90 66 36 160 86 116 19 128 47 230 245 7 0 1 115 53 101 106 76 0 0 117 110 107 110 111 119 110 29 30 31
PKT rx=1 seq=0 rssi=-43 phase=75 rx_ms=255460 tx_lat=32.63914 tx_lon=-16.94639 sats=7 fix=1 utc=1785017715 tx_fw=unknown
BER seq=0 bits=264 errs=0 ber=0.00e+00
PHASE_RESULT 76 CH-870-FLRC1300-64 pktSize=64 rx=1 unique=1 lost=99 per=99.0 rssi_avg=-43 rssi_min=-43 crc_err=0 garbage=0 tx_lat=32.63914 tx_lon=-16.94639 sats=7 fix=1 utc=1785017715 tx_fw=unknown rx_fw=unknown
PHASE_GUARD 500
PHASE_START 75 CH-869-FLRC1300-64 pktSize=64
PHASE_SYNC old=75 new=76 (from TX packet)
TIME_DIFF gps_utc=1785017715 laptop_utc=1785017712 offset=3
FLRC_RAW32: 165 90 66 36 160 86 116 19 80 47 230 245 7 0 1 115 53 101 106 76 0 14 117 110 107 110 111 119 110 29 30 31
PKT rx=1 seq=14 rssi=-42 phase=75 rx_ms=255739 tx_lat=32.63914 tx_lon=-16.94640 sats=7 fix=1 utc=1785017715 tx_fw=unknown
BER seq=14 bits=264 errs=0 ber=0.00e+00
PHASE_RESULT 76 CH-870-FLRC1300-64 pktSize=64 rx=1 unique=1 lost=99 per=99.0 rssi_avg=-42 rssi_min=-42 crc_err=0 garbage=0 tx_lat=32.63914 tx_lon=-16.94640 sats=7 fix=1 utc=1785017715 tx_fw=unknown rx_fw=unknown
PHASE_GUARD 500
PHASE_START 75 CH-869-FLRC1300-64 pktSize=64
PHASE_SYNC old=75 new=76 (from TX packet)
TIME_DIFF gps_utc=1785017716 laptop_utc=1785017712 offset=4
FLRC_RAW32: 165 90 66 36 160 86 116 19 80 47 230 245 7 0 1 116 53 101 106 76 0 23 117 110 107 110 111 119 110 29 30 31
PKT rx=1 seq=23 rssi=-42 phase=75 rx_ms=256009 tx_lat=32.63914 tx_lon=-16.94640 sats=7 fix=1 utc=1785017716 tx_fw=unknown
BER seq=23 bits=264 errs=0 ber=0.00e+00
PHASE_RESULT 76 CH-870-FLRC1300-64 pktSize=64 rx=1 unique=1 lost=99 per=99.0 rssi_avg=-42 rssi_min=-42 crc_err=0 garbage=0 tx_lat=32.63914 tx_lon=-16.94640 sats=7 fix=1 utc=1785017716 tx_fw=unknown rx_fw=unknown
PHASE_GUARD 500
PHASE_START 75 CH-869-FLRC1300-64 pktSize=64
PHASE_SYNC old=75 new=76 (from TX packet)
TIME_DIFF gps_utc=1785017716 laptop_utc=1785017713 offset=3
FLRC_RAW32: 165 90 66 36 160 86 116 19 128 47 230 245 7 0 1 116 53 101 106 76 0 32 117 110 107 110 111 119 110 29 30 31
PKT rx=1 seq=32 rssi=-43 phase=75 rx_ms=256278 tx_lat=32.63914 tx_lon=-16.94639 sats=7 fix=1 utc=1785017716 tx_fw=unknown
BER seq=32 bits=264 errs=0 ber=0.00e+00
PHASE_RESULT 76 CH-870-FLRC1300-64 pktSize=64 rx=1 unique=1 lost=99 per=99.0 rssi_avg=-43 rssi_min=-43 crc_err=0 garbage=0 tx_lat=32.63914 tx_lon=-16.94639 sats=7 fix=1 utc=1785017716 tx_fw=unknown rx_fw=unknown
PHASE_GUARD 500
PHASE_START 75 CH-869-FLRC1300-64 pktSize=64
PHASE_SYNC old=75 new=76 (from TX packet)
TIME_DIFF gps_utc=1785017716 laptop_utc=1785017713 offset=3
FLRC_RAW32: 165 90 66 36 128 86 116 19 144 47 230 245 7 0 1 116 53 101 106 76 0 41 117 110 107 110 111 119 110 29 30 31
PKT rx=1 seq=41 rssi=-43 phase=75 rx_ms=256549 tx_lat=32.63914 tx_lon=-16.94639 sats=7 fix=1 utc=1785017716 tx_fw=unknown
BER seq=41 bits=264 errs=0 ber=0.00e+00
PHASE_RESULT 76 CH-870-FLRC1300-64 pktSize=64 rx=1 unique=1 lost=99 per=99.0 rssi_avg=-43 rssi_min=-43 crc_err=0 garbage=0 tx_lat=32.63914 tx_lon=-16.94639 sats=7 fix=1 utc=1785017716 tx_fw=unknown rx_fw=unknown
PHASE_GUARD 500
PHASE_START 75 CH-869-FLRC1300-64 pktSize=64
PHASE_SYNC old=75 new=76 (from TX packet)
TIME_DIFF gps_utc=1785017716 laptop_utc=1785017713 offset=3
FLRC_RAW32: 165 90 66 36 128 86 116 19 128 47 230 245 7 0 1 116 53 101 106 76 0 50 117 110 107 110 111 119 110 29 30 31
PKT rx=1 seq=50 rssi=-42 phase=75 rx_ms=256818 tx_lat=32.63914 tx_lon=-16.94639 sats=7 fix=1 utc=1785017716 tx_fw=unknown
BER seq=50 bits=264 errs=0 ber=0.00e+00
PHASE_RESULT 76 CH-870-FLRC1300-64 pktSize=64 rx=1 unique=1 lost=99 per=99.0 rssi_avg=-42 rssi_min=-42 crc_err=0 garbage=0 tx_lat=32.63914 tx_lon=-16.94639 sats=7 fix=1 utc=1785017716 tx_fw=unknown rx_fw=unknown
PHASE_GUARD 500
PHASE_START 75 CH-869-FLRC1300-64 pktSize=64
PHASE_SYNC old=75 new=76 (from TX packet)
TIME_DIFF gps_utc=1785017717 laptop_utc=1785017714 offset=3
FLRC_RAW32: 165 90 66 36 128 86 116 19 128 47 230 245 7 0 1 117 53 101 106 76 0 59 117 110 107 110 111 119 110 29 30 31
PKT rx=1 seq=59 rssi=-43 phase=75 rx_ms=257088 tx_lat=32.63914 tx_lon=-16.94639 sats=7 fix=1 utc=1785017717 tx_fw=unknown
BER seq=59 bits=264 errs=0 ber=0.00e+00
PHASE_RESULT 76 CH-870-FLRC1300-64 pktSize=64 rx=1 unique=1 lost=99 per=99.0 rssi_avg=-43 rssi_min=-43 crc_err=0 garbage=0 tx_lat=32.63914 tx_lon=-16.94639 sats=7 fix=1 utc=1785017717 tx_fw=unknown rx_fw=unknown
PHASE_GUARD 500
PHASE_START 75 CH-869-FLRC1300-64 pktSize=64
PHASE_SYNC old=75 new=76 (from TX packet)
TIME_DIFF gps_utc=1785017717 laptop_utc=1785017714 offset=3
FLRC_RAW32: 165 90 66 36 128 86 116 19 160 47 230 245 7 0 1 117 53 101 106 76 0 68 117 110 107 110 111 119 110 29 30 31
PKT rx=1 seq=68 rssi=-43 phase=75 rx_ms=257359 tx_lat=32.63914 tx_lon=-16.94639 sats=7 fix=1 utc=1785017717 tx_fw=unknown
BER seq=68 bits=264 errs=0 ber=0.00e+00
PHASE_RESULT 76 CH-870-FLRC1300-64 pktSize=64 rx=1 unique=1 lost=99 per=99.0 rssi_avg=-43 rssi_min=-43 crc_err=0 garbage=0 tx_lat=32.63914 tx_lon=-16.94639 sats=7 fix=1 utc=1785017717 tx_fw=unknown rx_fw=unknown
PHASE_GUARD 500
PHASE_START 75 CH-869-FLRC1300-64 pktSize=64
PHASE_SYNC old=75 new=76 (from TX packet)
TIME_DIFF gps_utc=1785017717 laptop_utc=1785017714 offset=3
FLRC_RAW32: 165 90 66 36 64 86 116 19 176 47 230 245 7 0 1 117 53 101 106 76 0 77 117 110 107 110 111 119 110 29 30 31
PKT rx=1 seq=77 rssi=-42 phase=75 rx_ms=257628 tx_lat=32.63914 tx_lon=-16.94639 sats=7 fix=1 utc=1785017717 tx_fw=unknown
BER seq=77 bits=264 errs=0 ber=0.00e+00
PHASE_RESULT 76 CH-870-FLRC1300-64 pktSize=64 rx=1 unique=1 lost=99 per=99.0 rssi_avg=-42 rssi_min=-42 crc_err=0 garbage=0 tx_lat=32.63914 tx_lon=-16.94639 sats=7 fix=1 utc=1785017717 tx_fw=unknown rx_fw=unknown
PHASE_GUARD 500
PHASE_START 75 CH-869-FLRC1300-64 pktSize=64
PHASE_RESULT 75 CH-869-FLRC1300-64 pktSize=64 rx=0 unique=0 lost=100 per=100.0 rssi_avg=0 rssi_min=0 crc_err=0 garbage=0 tx_lat=0.00000 tx_lon=0.00000 sats=0 fix=0 utc=0 tx_fw=none rx_fw=unknown
PHASE_GUARD 500
PHASE_START 76 CH-870-FLRC1300-64 pktSize=64
PHASE_RESULT 76 CH-870-FLRC1300-64 pktSize=64 rx=0 unique=0 lost=100 per=100.0 rssi_avg=0 rssi_min=0 crc_err=0 garbage=0 tx_lat=0.00000 tx_lon=0.00000 sats=0 fix=0 utc=0 tx_fw=none rx_fw=unknown
PHASE_GUARD 1000
LORA_CFG path=1 bw=0x0F sf=7 freq=2440.0
PHASE_START 0 HF-LoRa-SF7-32 pktSize=32
SYNC_OFFSET phase=0 off=0 prev=-1
APP_CRC_FAIL exp=1E1F got=C073 seq=10 syncOff=0 pSz=32
APP_CRC_FAIL exp=1E1F got=9374 seq=11 syncOff=0 pSz=32
APP_CRC_FAIL exp=1E1F got=22DF seq=12 syncOff=0 pSz=32
SYNC_NOT_FOUND first4=9B63FE53
APP_CRC_FAIL exp=1E1F got=C9FC seq=13 syncOff=0 pSz=32
SYNC_NOT_FOUND first4=9A5A07AB
APP_CRC_FAIL exp=1E1F got=59FE seq=14 syncOff=0 pSz=32
APP_CRC_FAIL exp=1E1F got=BA11 seq=0 syncOff=0 pSz=32
APP_CRC_FAIL exp=1E1F got=5132 seq=1 syncOff=0 pSz=32
APP_CRC_FAIL exp=1E1F got=B2C2 seq=2 syncOff=0 pSz=32
APP_CRC_FAIL exp=1E1F got=59E1 seq=3 syncOff=0 pSz=32
APP_CRC_FAIL exp=1E1F got=3FA1 seq=4 syncOff=0 pSz=32
APP_CRC_FAIL exp=1E1F got=C738 seq=5 syncOff=0 pSz=32
SYNC_NOT_FOUND first4=1275B873
APP_CRC_FAIL exp=1E1F got=ACE3 seq=6 syncOff=0 pSz=32
SYNC_NOT_FOUND first4=31A1A4B6
PHASE_RESULT 0 HF-LoRa-SF7-32 pktSize=32 rx=0 unique=0 lost=20 per=100.0 rssi_avg=-25 rssi_min=-25 crc_err=12 garbage=4 tx_lat=0.00000 tx_lon=0.00000 sats=0 fix=0 utc=0 tx_fw=none rx_fw=unknown
PHASE_GUARD 500
LORA_CFG path=1 bw=0x0F sf=7 freq=2440.0
PHASE_START 1 HF-LoRa-SF7-64 pktSize=64
APP_CRC_FAIL exp=3E3F got=B4E0 seq=9 syncOff=0 pSz=64
APP_CRC_FAIL exp=3E3F got=43D3 seq=10 syncOff=0 pSz=64
APP_CRC_FAIL exp=3E3F got=8886 seq=11 syncOff=0 pSz=64
APP_CRC_FAIL exp=3E3F got=F1AD seq=12 syncOff=0 pSz=64
SYNC_NOT_FOUND first4=1375E871
APP_CRC_FAIL exp=3E3F got=C3D8 seq=13 syncOff=0 pSz=64
APP_CRC_FAIL exp=3E3F got=0C6C seq=14 syncOff=0 pSz=64
APP_CRC_FAIL exp=3E3F got=95D4 seq=15 syncOff=0 pSz=64
SYNC_NOT_FOUND first4=DE015C33
APP_CRC_FAIL exp=3E3F got=C963 seq=0 syncOff=0 pSz=64
SYNC_NOT_FOUND first4=8752BCD3
APP_CRC_FAIL exp=3E3F got=7183 seq=1 syncOff=0 pSz=64
SYNC_NOT_FOUND first4=8792BCD2
SYNC_NOT_FOUND first4=FC72E0E9
APP_CRC_FAIL exp=3E3F got=2FAB seq=2 syncOff=0 pSz=64
SYNC_NOT_FOUND first4=8752BCD3
APP_CRC_FAIL exp=3E3F got=A352 seq=3 syncOff=0 pSz=64
SYNC_NOT_FOUND first4=13759879
APP_CRC_FAIL exp=3E3F got=A49B seq=4 syncOff=0 pSz=64
PHASE_RESULT 1 HF-LoRa-SF7-64 pktSize=64 rx=0 unique=0 lost=20 per=100.0 rssi_avg=-25 rssi_min=-25 crc_err=12 garbage=7 tx_lat=0.00000 tx_lon=0.00000 sats=0 fix=0 utc=0 tx_fw=none rx_fw=unknown
PHASE_GUARD 500
LORA_CFG path=1 bw=0x0F sf=7 freq=2440.0
PHASE_START 2 HF-LoRa-SF7-128 pktSize=128
APP_CRC_FAIL exp=7E7F got=AE2D seq=6 syncOff=0 pSz=128
SYNC_NOT_FOUND first4=147AE69C
APP_CRC_FAIL exp=7E7F got=233B seq=7 syncOff=0 pSz=128
SYNC_NOT_FOUND first4=8795B1B2
APP_CRC_FAIL exp=7E7F got=B882 seq=8 syncOff=0 pSz=128
SYNC_NOT_FOUND first4=8752BBD3
APP_CRC_FAIL exp=7E7F got=59B9 seq=9 syncOff=0 pSz=128
SYNC_NOT_FOUND first4=14DAD69C
APP_CRC_FAIL exp=7E7F got=6022 seq=10 syncOff=0 pSz=128
SYNC_NOT_FOUND first4=8792BFD2
APP_CRC_FAIL exp=7E7F got=2A45 seq=11 syncOff=0 pSz=128
SYNC_NOT_FOUND first4=879BBBD0
APP_CRC_FAIL exp=7E7F got=3A29 seq=12 syncOff=0 pSz=128
SYNC_NOT_FOUND first4=8752BCD3
APP_CRC_FAIL exp=7E7F got=CECE seq=13 syncOff=0 pSz=128
SYNC_NOT_FOUND first4=2F4A3CAA
APP_CRC_FAIL exp=7E7F got=BE17 seq=14 syncOff=0 pSz=128
PHASE_RESULT 2 HF-LoRa-SF7-128 pktSize=128 rx=0 unique=0 lost=20 per=100.0 rssi_avg=-25 rssi_min=-26 crc_err=9 garbage=8 tx_lat=0.00000 tx_lon=0.00000 sats=0 fix=0 utc=0 tx_fw=none rx_fw=unknown
PHASE_GUARD 500
LORA_CFG path=1 bw=0x0F sf=7 freq=2440.0
PHASE_START 3 HF-LoRa-SF7-255 pktSize=255
TIME_DIFF gps_utc=1785017727 laptop_utc=1785017724 offset=3
LORA_RAW: 165 90 66 36 224 89 116 19 64 42 230 245 7 0 1 127 53 101
PKT rx=1 seq=16 rssi=-24 phase=3 rx_ms=267237 tx_lat=32.63923 tx_lon=-16.94653 sats=7 fix=1 utc=1785017727 tx_fw=unknown
BER seq=16 bits=1792 errs=0 ber=0.00e+00
TIME_DIFF gps_utc=1785017727 laptop_utc=1785017724 offset=3
PKT rx=2 seq=17 rssi=-25 phase=3 rx_ms=267415 tx_lat=32.63923 tx_lon=-16.94653 sats=8 fix=1 utc=1785017727 tx_fw=unknown
BER seq=17 bits=1792 errs=0 ber=0.00e+00
PHASE_RESULT 3 HF-LoRa-SF7-255 pktSize=255 rx=2 unique=2 lost=18 per=90.0 rssi_avg=-25 rssi_min=-25 crc_err=0 garbage=0 tx_lat=32.63923 tx_lon=-16.94653 sats=8 fix=1 utc=1785017727 tx_fw=unknown rx_fw=unknown
PHASE_GUARD 500
LORA_CFG path=1 bw=0x0F sf=9 freq=2440.0
PHASE_START 4 HF-LoRa-SF9-32 pktSize=32
SYNC_NOT_FOUND first4=A5231897
APP_CRC_FAIL exp=1E1F got=99A8 seq=6 syncOff=0 pSz=32
APP_CRC_FAIL exp=1E1F got=1854 seq=7 syncOff=0 pSz=32
APP_CRC_FAIL exp=1E1F got=B07D seq=8 syncOff=0 pSz=32
APP_CRC_FAIL exp=1E1F got=9E8F seq=9 syncOff=0 pSz=32
SYNC_NOT_FOUND first4=AE2E0889
APP_CRC_FAIL exp=1E1F got=0E8D seq=10 syncOff=0 pSz=32
SYNC_NOT_FOUND first4=F53D0B40
APP_CRC_FAIL exp=1E1F got=E5AE seq=11 syncOff=0 pSz=32
SYNC_NOT_FOUND first4=AE2E0889
APP_CRC_FAIL exp=1E1F got=3F2E seq=12 syncOff=0 pSz=32
SYNC_NOT_FOUND first4=AE2E68D9
APP_CRC_FAIL exp=1E1F got=4AA8 seq=13 syncOff=0 pSz=32
SYNC_NOT_FOUND first4=AE200889
APP_CRC_FAIL exp=1E1F got=7424 seq=14 syncOff=0 pSz=32
SYNC_NOT_FOUND first4=AE2E6889
APP_CRC_FAIL exp=1E1F got=EE44 seq=15 syncOff=0 pSz=32
PHASE_RESULT 4 HF-LoRa-SF9-32 pktSize=32 rx=0 unique=0 lost=20 per=100.0 rssi_avg=-22 rssi_min=-22 crc_err=10 garbage=7 tx_lat=0.00000 tx_lon=0.00000 sats=0 fix=0 utc=0 tx_fw=none rx_fw=unknown
PHASE_GUARD 500
LORA_CFG path=1 bw=0x0F sf=9 freq=2440.0
PHASE_START 5 HF-LoRa-SF9-64 pktSize=64
TIME_DIFF gps_utc=1785017733 laptop_utc=1785017730 offset=3
LORA_RAW: 165 90 66 36 224 90 116 19 96 41 230 245 5 0 1 133 53 101
PKT rx=1 seq=17 rssi=-22 phase=5 rx_ms=273347 tx_lat=32.63926 tx_lon=-16.94655 sats=5 fix=1 utc=1785017733 tx_fw=unknown
BER seq=17 bits=264 errs=0 ber=0.00e+00
APP_CRC_FAIL exp=3E3F got=7830 seq=0 syncOff=0 pSz=64
APP_CRC_FAIL exp=3E3F got=C0D0 seq=1 syncOff=0 pSz=64
APP_CRC_FAIL exp=3E3F got=836A seq=2 syncOff=0 pSz=64
APP_CRC_FAIL exp=3E3F got=3B8A seq=3 syncOff=0 pSz=64
APP_CRC_FAIL exp=3E3F got=7610 seq=4 syncOff=0 pSz=64
APP_CRC_FAIL exp=3E3F got=80CA seq=5 syncOff=0 pSz=64
APP_CRC_FAIL exp=3E3F got=A020 seq=6 syncOff=0 pSz=64
APP_CRC_FAIL exp=3E3F got=9D9A seq=7 syncOff=0 pSz=64
APP_CRC_FAIL exp=3E3F got=5844 seq=8 syncOff=0 pSz=64
PHASE_RESULT 5 HF-LoRa-SF9-64 pktSize=64 rx=1 unique=1 lost=19 per=95.0 rssi_avg=-22 rssi_min=-22 crc_err=9 garbage=0 tx_lat=32.63926 tx_lon=-16.94655 sats=5 fix=1 utc=1785017733 tx_fw=unknown rx_fw=unknown
PHASE_GUARD 500
LORA_CFG path=1 bw=0x0F sf=9 freq=2440.0
PHASE_START 6 HF-LoRa-SF9-128 pktSize=128
TIME_DIFF gps_utc=1785017737 laptop_utc=1785017734 offset=3
LORA_RAW: 165 90 66 36 128 90 116 19 0 42 230 245 5 0 1 137 53 101
PKT rx=1 seq=9 rssi=-21 phase=6 rx_ms=277352 tx_lat=32.63924 tx_lon=-16.94654 sats=5 fix=1 utc=1785017737 tx_fw=unknown
BER seq=9 bits=776 errs=0 ber=0.00e+00
TIME_DIFF gps_utc=1785017737 laptop_utc=1785017734 offset=3
PKT rx=2 seq=10 rssi=-22 phase=6 rx_ms=277682 tx_lat=32.63924 tx_lon=-16.94653 sats=5 fix=1 utc=1785017737 tx_fw=unknown
BER seq=10 bits=776 errs=0 ber=0.00e+00
TIME_DIFF gps_utc=1785017738 laptop_utc=1785017735 offset=3
PKT rx=3 seq=11 rssi=-22 phase=6 rx_ms=278018 tx_lat=32.63924 tx_lon=-16.94653 sats=5 fix=1 utc=1785017738 tx_fw=unknown
BER seq=11 bits=776 errs=0 ber=0.00e+00
APP_CRC_FAIL exp=7E7F got=E957 seq=0 syncOff=0 pSz=128
APP_CRC_FAIL exp=7E7F got=B7CE seq=1 syncOff=0 pSz=128
APP_CRC_FAIL exp=7E7F got=70B7 seq=2 syncOff=0 pSz=128
APP_CRC_FAIL exp=7E7F got=AF22 seq=3 syncOff=0 pSz=128
PHASE_RESULT 6 HF-LoRa-SF9-128 pktSize=128 rx=3 unique=3 lost=10 per=76.9 rssi_avg=-22 rssi_min=-22 crc_err=4 garbage=0 tx_lat=32.63924 tx_lon=-16.94653 sats=5 fix=1 utc=1785017738 tx_fw=unknown rx_fw=unknown
PHASE_GUARD 500
LORA_CFG path=1 bw=0x0F sf=9 freq=2440.0
PHASE_START 7 HF-LoRa-SF9-255 pktSize=255
PHASE_RESULT 7 HF-LoRa-SF9-255 pktSize=255 rx=0 unique=0 lost=6 per=100.0 rssi_avg=0 rssi_min=0 crc_err=0 garbage=0 tx_lat=0.00000 tx_lon=0.00000 sats=0 fix=0 utc=0 tx_fw=none rx_fw=unknown
PHASE_GUARD 1000
PHASE_START 8 HF-FLRC-325-32 pktSize=32
APP_CRC_FAIL exp=1E18 got=0B73 seq=0 syncOff=0 pSz=32
APP_CRC_FAIL exp=1E18 got=E050 seq=1 syncOff=0 pSz=32
APP_CRC_FAIL exp=1E18 got=CD14 seq=2 syncOff=0 pSz=32
SYNC_NOT_FOUND first4=102BE6F5
SYNC_NOT_FOUND first4=35656A09
SYNC_NOT_FOUND first4=6B6E6F77
SYNC_LOST phase=8 consecutive=3 cached_off=0
SYNC_OFFSET phase=8 off=0 prev=-1
APP_CRC_FAIL exp=1E18 got=D075 seq=7 syncOff=0 pSz=32
SYNC_NOT_FOUND first4=302BE6F5
SYNC_NOT_FOUND first4=35656A09
SYNC_NOT_FOUND first4=6B6E6F77
SYNC_LOST phase=8 consecutive=3 cached_off=0
SYNC_OFFSET phase=8 off=0 prev=-1
APP_CRC_FAIL exp=1E18 got=D67F seq=12 syncOff=0 pSz=32
APP_CRC_FAIL exp=1E18 got=7EA1 seq=13 syncOff=0 pSz=32
APP_CRC_FAIL exp=1E18 got=53E5 seq=14 syncOff=0 pSz=32
APP_CRC_FAIL exp=1E18 got=B8C6 seq=15 syncOff=0 pSz=32
APP_CRC_FAIL exp=1E18 got=CE2A seq=16 syncOff=0 pSz=32
APP_CRC_FAIL exp=1E18 got=C62C seq=17 syncOff=0 pSz=32
APP_CRC_FAIL exp=1E18 got=EB68 seq=18 syncOff=0 pSz=32
APP_CRC_FAIL exp=1E18 got=004B seq=19 syncOff=0 pSz=32
APP_CRC_FAIL exp=1E18 got=B1E0 seq=20 syncOff=0 pSz=32
APP_CRC_FAIL exp=1E18 got=5AC3 seq=21 syncOff=0 pSz=32
APP_CRC_FAIL exp=1E18 got=7787 seq=22 syncOff=0 pSz=32
APP_CRC_FAIL exp=1E18 got=9CA4 seq=23 syncOff=0 pSz=32
APP_CRC_FAIL exp=1E18 got=04F0 seq=24 syncOff=0 pSz=32
APP_CRC_FAIL exp=1E18 got=EFD3 seq=25 syncOff=0 pSz=32
APP_CRC_FAIL exp=1E18 got=C297 seq=26 syncOff=0 pSz=32
APP_CRC_FAIL exp=1E18 got=29B4 seq=27 syncOff=0 pSz=32
APP_CRC_FAIL exp=1E18 got=981F seq=28 syncOff=0 pSz=32
APP_CRC_FAIL exp=1E18 got=A4D7 seq=29 syncOff=0 pSz=32
APP_CRC_FAIL exp=1E18 got=8993 seq=30 syncOff=0 pSz=32
APP_CRC_FAIL exp=1E18 got=62B0 seq=31 syncOff=0 pSz=32
APP_CRC_FAIL exp=1E18 got=0EE6 seq=32 syncOff=0 pSz=32
APP_CRC_FAIL exp=1E18 got=5883 seq=33 syncOff=0 pSz=32
APP_CRC_FAIL exp=1E18 got=75C7 seq=34 syncOff=0 pSz=32
APP_CRC_FAIL exp=1E18 got=9EE4 seq=35 syncOff=0 pSz=32
APP_CRC_FAIL exp=1E18 got=A8B5 seq=36 syncOff=0 pSz=32
APP_CRC_FAIL exp=1E18 got=4396 seq=37 syncOff=0 pSz=32
APP_CRC_FAIL exp=1E18 got=6ED2 seq=38 syncOff=0 pSz=32
APP_CRC_FAIL exp=1E18 got=8093 seq=39 syncOff=0 pSz=32
APP_CRC_FAIL exp=1E18 got=18C7 seq=40 syncOff=0 pSz=32
APP_CRC_FAIL exp=1E18 got=F3E4 seq=41 syncOff=0 pSz=32
APP_CRC_FAIL exp=1E18 got=DEA0 seq=42 syncOff=0 pSz=32
APP_CRC_FAIL exp=1E18 got=3583 seq=43 syncOff=0 pSz=32
APP_CRC_FAIL exp=1E18 got=8428 seq=44 syncOff=0 pSz=32
APP_CRC_FAIL exp=1E18 got=6F0B seq=45 syncOff=0 pSz=32
APP_CRC_FAIL exp=1E18 got=C0D7 seq=46 syncOff=0 pSz=32
APP_CRC_FAIL exp=1E18 got=2BF4 seq=47 syncOff=0 pSz=32
APP_CRC_FAIL exp=1E18 got=E05E seq=48 syncOff=0 pSz=32
APP_CRC_FAIL exp=1E18 got=0B7D seq=49 syncOff=0 pSz=32
APP_CRC_FAIL exp=1E18 got=2639 seq=50 syncOff=0 pSz=32
APP_CRC_FAIL exp=1E18 got=63E6 seq=51 syncOff=0 pSz=32
APP_CRC_FAIL exp=1E18 got=D24D seq=52 syncOff=0 pSz=32
APP_CRC_FAIL exp=1E18 got=396E seq=53 syncOff=0 pSz=32
APP_CRC_FAIL exp=1E18 got=142A seq=54 syncOff=0 pSz=32
APP_CRC_FAIL exp=1E18 got=FF09 seq=55 syncOff=0 pSz=32
APP_CRC_FAIL exp=1E18 got=675D seq=56 syncOff=0 pSz=32
APP_CRC_FAIL exp=1E18 got=8C7E seq=57 syncOff=0 pSz=32
APP_CRC_FAIL exp=1E18 got=A13A seq=58 syncOff=0 pSz=32
APP_CRC_FAIL exp=1E18 got=C881 seq=59 syncOff=0 pSz=32
APP_CRC_FAIL exp=1E18 got=792A seq=60 syncOff=0 pSz=32
APP_CRC_FAIL exp=1E18 got=9209 seq=61 syncOff=0 pSz=32
APP_CRC_FAIL exp=1E18 got=BF4D seq=62 syncOff=0 pSz=32
APP_CRC_FAIL exp=1E18 got=8385 seq=63 syncOff=0 pSz=32
APP_CRC_FAIL exp=1E18 got=B00A seq=64 syncOff=0 pSz=32
APP_CRC_FAIL exp=1E18 got=5B29 seq=65 syncOff=0 pSz=32
APP_CRC_FAIL exp=1E18 got=766D seq=66 syncOff=0 pSz=32
APP_CRC_FAIL exp=1E18 got=9D4E seq=67 syncOff=0 pSz=32
APP_CRC_FAIL exp=1E18 got=2CE5 seq=68 syncOff=0 pSz=32
APP_CRC_FAIL exp=1E18 got=C7C6 seq=69 syncOff=0 pSz=32
APP_CRC_FAIL exp=1E18 got=EA82 seq=70 syncOff=0 pSz=32
APP_CRC_FAIL exp=1E18 got=01A1 seq=71 syncOff=0 pSz=32
APP_CRC_FAIL exp=1E18 got=99F5 seq=72 syncOff=0 pSz=32
APP_CRC_FAIL exp=1E18 got=CF90 seq=73 syncOff=0 pSz=32
APP_CRC_FAIL exp=1E18 got=E2D4 seq=74 syncOff=0 pSz=32
APP_CRC_FAIL exp=1E18 got=09F7 seq=75 syncOff=0 pSz=32
APP_CRC_FAIL exp=1E18 got=76E8 seq=76 syncOff=0 pSz=32
APP_CRC_FAIL exp=1E18 got=9DCB seq=77 syncOff=0 pSz=32
APP_CRC_FAIL exp=1E18 got=B08F seq=78 syncOff=0 pSz=32
APP_CRC_FAIL exp=1E18 got=5BAC seq=79 syncOff=0 pSz=32
APP_CRC_FAIL exp=1E18 got=9006 seq=80 syncOff=0 pSz=32
APP_CRC_FAIL exp=1E18 got=7B25 seq=81 syncOff=0 pSz=32
APP_CRC_FAIL exp=1E18 got=5661 seq=82 syncOff=0 pSz=32
APP_CRC_FAIL exp=1E18 got=BD42 seq=83 syncOff=0 pSz=32
PHASE_RESULT 8 HF-FLRC-325-32 pktSize=32 rx=0 unique=0 lost=100 per=100.0 rssi_avg=-46 rssi_min=-46 crc_err=76 garbage=6 tx_lat=0.00000 tx_lon=0.00000 sats=0 fix=0 utc=0 tx_fw=none rx_fw=unknown
PHASE_GUARD 500
PHASE_START 9 HF-FLRC-325-64 pktSize=64
APP_CRC_FAIL exp=3E31 got=1261 seq=0 syncOff=0 pSz=64
APP_CRC_FAIL exp=3E31 got=AA81 seq=1 syncOff=0 pSz=64
APP_CRC_FAIL exp=3E31 got=7380 seq=2 syncOff=0 pSz=64
APP_CRC_FAIL exp=3E31 got=CB60 seq=3 syncOff=0 pSz=64
APP_CRC_FAIL exp=3E31 got=D1A3 seq=4 syncOff=0 pSz=64
APP_CRC_FAIL exp=3E31 got=90A8 seq=5 syncOff=0 pSz=64
APP_CRC_FAIL exp=3E31 got=49A9 seq=6 syncOff=0 pSz=64
APP_CRC_FAIL exp=3E31 got=F149 seq=7 syncOff=0 pSz=64
APP_CRC_FAIL exp=3E31 got=7C2F seq=8 syncOff=0 pSz=64
APP_CRC_FAIL exp=3E31 got=3D24 seq=9 syncOff=0 pSz=64
APP_CRC_FAIL exp=3E31 got=E425 seq=10 syncOff=0 pSz=64
APP_CRC_FAIL exp=3E31 got=5CC5 seq=11 syncOff=0 pSz=64
APP_CRC_FAIL exp=3E31 got=4606 seq=12 syncOff=0 pSz=64
APP_CRC_FAIL exp=3E31 got=FEE6 seq=13 syncOff=0 pSz=64
APP_CRC_FAIL exp=3E31 got=27E7 seq=14 syncOff=0 pSz=64
APP_CRC_FAIL exp=3E31 got=9F07 seq=15 syncOff=0 pSz=64
APP_CRC_FAIL exp=3E31 got=2709 seq=16 syncOff=0 pSz=64
APP_CRC_FAIL exp=3E31 got=520B seq=17 syncOff=0 pSz=64
APP_CRC_FAIL exp=3E31 got=8B0A seq=18 syncOff=0 pSz=64
APP_CRC_FAIL exp=3E31 got=4A97 seq=19 syncOff=0 pSz=64
APP_CRC_FAIL exp=3E31 got=5054 seq=20 syncOff=0 pSz=64
APP_CRC_FAIL exp=3E31 got=E8B4 seq=21 syncOff=0 pSz=64
APP_CRC_FAIL exp=3E31 got=31B5 seq=22 syncOff=0 pSz=64
APP_CRC_FAIL exp=3E31 got=8955 seq=23 syncOff=0 pSz=64
APP_CRC_FAIL exp=3E31 got=0433 seq=24 syncOff=0 pSz=64
APP_CRC_FAIL exp=3E31 got=BCD3 seq=25 syncOff=0 pSz=64
APP_CRC_FAIL exp=3E31 got=1CAF seq=26 syncOff=0 pSz=64
APP_CRC_FAIL exp=3E31 got=A44F seq=27 syncOff=0 pSz=64
APP_CRC_FAIL exp=3E31 got=BE8C seq=28 syncOff=0 pSz=64
APP_CRC_FAIL exp=3E31 got=066C seq=29 syncOff=0 pSz=64
APP_CRC_FAIL exp=3E31 got=DF6D seq=30 syncOff=0 pSz=64
APP_CRC_FAIL exp=3E31 got=678D seq=31 syncOff=0 pSz=64
APP_CRC_FAIL exp=3E31 got=AB56 seq=32 syncOff=0 pSz=64
APP_CRC_FAIL exp=3E31 got=13B6 seq=33 syncOff=0 pSz=64
APP_CRC_FAIL exp=3E31 got=CAB7 seq=34 syncOff=0 pSz=64
APP_CRC_FAIL exp=3E31 got=7257 seq=35 syncOff=0 pSz=64
APP_CRC_FAIL exp=3E31 got=11E9 seq=36 syncOff=0 pSz=64
APP_CRC_FAIL exp=3E31 got=A909 seq=37 syncOff=0 pSz=64
APP_CRC_FAIL exp=3E31 got=7008 seq=38 syncOff=0 pSz=64
APP_CRC_FAIL exp=3E31 got=B195 seq=39 syncOff=0 pSz=64
APP_CRC_FAIL exp=3E31 got=3CF3 seq=40 syncOff=0 pSz=64
APP_CRC_FAIL exp=3E31 got=8413 seq=41 syncOff=0 pSz=64
APP_CRC_FAIL exp=3E31 got=5D12 seq=42 syncOff=0 pSz=64
APP_CRC_FAIL exp=3E31 got=161A seq=43 syncOff=0 pSz=64
APP_CRC_FAIL exp=3E31 got=0CD9 seq=44 syncOff=0 pSz=64
APP_CRC_FAIL exp=3E31 got=B439 seq=45 syncOff=0 pSz=64
APP_CRC_FAIL exp=3E31 got=94D3 seq=46 syncOff=0 pSz=64
APP_CRC_FAIL exp=3E31 got=2C33 seq=47 syncOff=0 pSz=64
APP_CRC_FAIL exp=3E31 got=9E3E seq=48 syncOff=0 pSz=64
APP_CRC_FAIL exp=3E31 got=26DE seq=49 syncOff=0 pSz=64
APP_CRC_FAIL exp=3E31 got=B9D8 seq=50 syncOff=0 pSz=64
APP_CRC_FAIL exp=3E31 got=0138 seq=51 syncOff=0 pSz=64
APP_CRC_FAIL exp=3E31 got=1BFB seq=52 syncOff=0 pSz=64
APP_CRC_FAIL exp=3E31 got=A31B seq=53 syncOff=0 pSz=64
APP_CRC_FAIL exp=3E31 got=7A1A seq=54 syncOff=0 pSz=64
APP_CRC_FAIL exp=3E31 got=C2FA seq=55 syncOff=0 pSz=64
APP_CRC_FAIL exp=3E31 got=459F seq=56 syncOff=0 pSz=64
APP_CRC_FAIL exp=3E31 got=FD7F seq=57 syncOff=0 pSz=64
APP_CRC_FAIL exp=3E31 got=247E seq=58 syncOff=0 pSz=64
APP_CRC_FAIL exp=3E31 got=E5E3 seq=59 syncOff=0 pSz=64
APP_CRC_FAIL exp=3E31 got=FF20 seq=60 syncOff=0 pSz=64
APP_CRC_FAIL exp=3E31 got=47C0 seq=61 syncOff=0 pSz=64
APP_CRC_FAIL exp=3E31 got=9EC1 seq=62 syncOff=0 pSz=64
APP_CRC_FAIL exp=3E31 got=2621 seq=63 syncOff=0 pSz=64
APP_CRC_FAIL exp=3E31 got=1756 seq=64 syncOff=0 pSz=64
APP_CRC_FAIL exp=3E31 got=AFB6 seq=65 syncOff=0 pSz=64
APP_CRC_FAIL exp=3E31 got=76B7 seq=66 syncOff=0 pSz=64
APP_CRC_FAIL exp=3E31 got=CE57 seq=67 syncOff=0 pSz=64
APP_CRC_FAIL exp=3E31 got=D494 seq=68 syncOff=0 pSz=64
APP_CRC_FAIL exp=3E31 got=1509 seq=69 syncOff=0 pSz=64
APP_CRC_FAIL exp=3E31 got=CC08 seq=70 syncOff=0 pSz=64
APP_CRC_FAIL exp=3E31 got=74E8 seq=71 syncOff=0 pSz=64
APP_CRC_FAIL exp=3E31 got=F98E seq=72 syncOff=0 pSz=64
APP_CRC_FAIL exp=3E31 got=3813 seq=73 syncOff=0 pSz=64
APP_CRC_FAIL exp=3E31 got=E112 seq=74 syncOff=0 pSz=64
APP_CRC_FAIL exp=3E31 got=59F2 seq=75 syncOff=0 pSz=64
APP_CRC_FAIL exp=3E31 got=9477 seq=76 syncOff=0 pSz=64
APP_CRC_FAIL exp=3E31 got=2C97 seq=77 syncOff=0 pSz=64
APP_CRC_FAIL exp=3E31 got=F596 seq=78 syncOff=0 pSz=64
APP_CRC_FAIL exp=3E31 got=4D76 seq=79 syncOff=0 pSz=64
APP_CRC_FAIL exp=3E31 got=FF7B seq=80 syncOff=0 pSz=64
APP_CRC_FAIL exp=3E31 got=479B seq=81 syncOff=0 pSz=64
APP_CRC_FAIL exp=3E31 got=9E9A seq=82 syncOff=0 pSz=64
APP_CRC_FAIL exp=3E31 got=7123 seq=83 syncOff=0 pSz=64
PHASE_RESULT 9 HF-FLRC-325-64 pktSize=64 rx=0 unique=0 lost=100 per=100.0 rssi_avg=-46 rssi_min=-46 crc_err=84 garbage=0 tx_lat=0.00000 tx_lon=0.00000 sats=0 fix=0 utc=0 tx_fw=none rx_fw=unknown
PHASE_GUARD 500
PHASE_START 10 HF-FLRC-325-128 pktSize=128
APP_CRC_FAIL exp=7E4C got=DCA1 seq=0 syncOff=0 pSz=128
APP_CRC_FAIL exp=7E4C got=2846 seq=1 syncOff=0 pSz=128
APP_CRC_FAIL exp=7E7A got=254E seq=2 syncOff=0 pSz=128
APP_CRC_FAIL exp=7E7A got=D1A9 seq=3 syncOff=0 pSz=128
APP_CRC_FAIL exp=7E4C got=3F5E seq=4 syncOff=0 pSz=128
APP_CRC_FAIL exp=7E7A got=7374 seq=5 syncOff=0 pSz=128
APP_CRC_FAIL exp=7E4C got=7E7C seq=6 syncOff=0 pSz=128
APP_CRC_FAIL exp=7E7A got=8A9B seq=7 syncOff=0 pSz=128
APP_CRC_FAIL exp=7E4C got=B3B3 seq=8 syncOff=0 pSz=128
APP_CRC_FAIL exp=7E7A got=4754 seq=9 syncOff=0 pSz=128
APP_CRC_FAIL exp=7E7A got=A1F4 seq=10 syncOff=0 pSz=128
APP_CRC_FAIL exp=7E4C got=5513 seq=11 syncOff=0 pSz=128
APP_CRC_FAIL exp=7E4C got=BBE4 seq=12 syncOff=0 pSz=128
APP_CRC_FAIL exp=7E4C got=4F03 seq=13 syncOff=0 pSz=128
APP_CRC_FAIL exp=7E4C got=420B seq=14 syncOff=0 pSz=128
APP_CRC_FAIL exp=7E4C got=B6EC seq=15 syncOff=0 pSz=128
APP_CRC_FAIL exp=7E7A got=633E seq=16 syncOff=0 pSz=128
APP_CRC_FAIL exp=7E7A got=97D9 seq=17 syncOff=0 pSz=128
APP_CRC_FAIL exp=7E4C got=F726 seq=18 syncOff=0 pSz=128
APP_CRC_FAIL exp=7E4C got=03C1 seq=19 syncOff=0 pSz=128
APP_CRC_FAIL exp=7E7A got=BE53 seq=20 syncOff=0 pSz=128
APP_CRC_FAIL exp=7E7A got=4AB4 seq=21 syncOff=0 pSz=128
APP_CRC_FAIL exp=7E7A got=47BC seq=22 syncOff=0 pSz=128
APP_CRC_FAIL exp=7E4C got=AFD9 seq=23 syncOff=0 pSz=128
APP_CRC_FAIL exp=7E4C got=96F1 seq=24 syncOff=0 pSz=128
APP_CRC_FAIL exp=7E4C got=6216 seq=25 syncOff=0 pSz=128
APP_CRC_FAIL exp=7E7A got=6F1E seq=26 syncOff=0 pSz=128
APP_CRC_FAIL exp=7E7A got=7051 seq=27 syncOff=0 pSz=128
APP_CRC_FAIL exp=7E4C got=9EA6 seq=28 syncOff=0 pSz=128
APP_CRC_FAIL exp=7E7A got=6A41 seq=29 syncOff=0 pSz=128
APP_CRC_FAIL exp=7E7A got=A675 seq=30 syncOff=0 pSz=128
APP_CRC_FAIL exp=7E4C got=5292 seq=31 syncOff=0 pSz=128
APP_CRC_FAIL exp=7E4C got=BB3A seq=32 syncOff=0 pSz=128
APP_CRC_FAIL exp=7E7A got=4FDD seq=33 syncOff=0 pSz=128
APP_CRC_FAIL exp=7E4C got=42D5 seq=34 syncOff=0 pSz=128
APP_CRC_FAIL exp=7E4C got=B632 seq=35 syncOff=0 pSz=128
APP_CRC_FAIL exp=7E4C got=58C5 seq=36 syncOff=0 pSz=128
APP_CRC_FAIL exp=7E4C got=FF47 seq=37 syncOff=0 pSz=128
APP_CRC_FAIL exp=7E4C got=F24F seq=38 syncOff=0 pSz=128
APP_CRC_FAIL exp=7E4C got=06A8 seq=39 syncOff=0 pSz=128
APP_CRC_FAIL exp=7E7A got=3F80 seq=40 syncOff=0 pSz=128
APP_CRC_FAIL exp=7E7A got=CB67 seq=41 syncOff=0 pSz=128
APP_CRC_FAIL exp=7E7A got=C66F seq=42 syncOff=0 pSz=128
APP_CRC_FAIL exp=7E7A got=DF6D seq=43 syncOff=0 pSz=128
APP_CRC_FAIL exp=7E4C got=319A seq=44 syncOff=0 pSz=128
APP_CRC_FAIL exp=7E4C got=C57D seq=45 syncOff=0 pSz=128
APP_CRC_FAIL exp=7E4C got=C875 seq=46 syncOff=0 pSz=128
APP_CRC_FAIL exp=7E4C got=D177 seq=47 syncOff=0 pSz=128
APP_CRC_FAIL exp=7E7A got=57C0 seq=48 syncOff=0 pSz=128
APP_CRC_FAIL exp=7E7A got=A327 seq=49 syncOff=0 pSz=128
APP_CRC_FAIL exp=7E7A got=AE2F seq=50 syncOff=0 pSz=128
APP_CRC_FAIL exp=7E7A got=910D seq=51 syncOff=0 pSz=128
APP_CRC_FAIL exp=7E7A got=7FFA seq=52 syncOff=0 pSz=128
APP_CRC_FAIL exp=7E4C got=D878 seq=53 syncOff=0 pSz=128
APP_CRC_FAIL exp=7E4C got=D570 seq=54 syncOff=0 pSz=128
APP_CRC_FAIL exp=7E7A got=2197 seq=55 syncOff=0 pSz=128
APP_CRC_FAIL exp=7E7A got=18BF seq=56 syncOff=0 pSz=128
APP_CRC_FAIL exp=7E4C got=BF3D seq=57 syncOff=0 pSz=128
APP_CRC_FAIL exp=7E7A got=B235 seq=58 syncOff=0 pSz=128
APP_CRC_FAIL exp=7E7A got=46D2 seq=59 syncOff=0 pSz=128
APP_CRC_FAIL exp=7E4C got=A825 seq=60 syncOff=0 pSz=128
APP_CRC_FAIL exp=7E7A got=5CC2 seq=61 syncOff=0 pSz=128
APP_CRC_FAIL exp=7E7A got=51CA seq=62 syncOff=0 pSz=128
APP_CRC_FAIL exp=7E4C got=A52D seq=63 syncOff=0 pSz=128
APP_CRC_FAIL exp=7E4C got=92BB seq=64 syncOff=0 pSz=128
APP_CRC_FAIL exp=7E4C got=665C seq=65 syncOff=0 pSz=128
APP_CRC_FAIL exp=7E4C got=6B54 seq=66 syncOff=0 pSz=128
APP_CRC_FAIL exp=7E4C got=9FB3 seq=67 syncOff=0 pSz=128
APP_CRC_FAIL exp=7E4C got=2221 seq=68 syncOff=0 pSz=128
APP_CRC_FAIL exp=7E4C got=D6C6 seq=69 syncOff=0 pSz=128
APP_CRC_FAIL exp=7E4C got=F15A seq=70 syncOff=0 pSz=128
APP_CRC_FAIL exp=7E4C got=05BD seq=71 syncOff=0 pSz=128
APP_CRC_FAIL exp=7E7A got=3C95 seq=72 syncOff=0 pSz=128
APP_CRC_FAIL exp=7E7A got=E2E6 seq=73 syncOff=0 pSz=128
APP_CRC_FAIL exp=7E7A got=EFEE seq=74 syncOff=0 pSz=128
APP_CRC_FAIL exp=7E7A got=1B09 seq=75 syncOff=0 pSz=128
APP_CRC_FAIL exp=7E7A got=F5FE seq=76 syncOff=0 pSz=128
APP_CRC_FAIL exp=7E7A got=0119 seq=77 syncOff=0 pSz=128
APP_CRC_FAIL exp=7E7A got=0C11 seq=78 syncOff=0 pSz=128
APP_CRC_FAIL exp=7E7A got=F8F6 seq=79 syncOff=0 pSz=128
APP_CRC_FAIL exp=7E7A got=7E41 seq=80 syncOff=0 pSz=128
APP_CRC_FAIL exp=7E4C got=8AA6 seq=81 syncOff=0 pSz=128
APP_CRC_FAIL exp=7E4C got=87AE seq=82 syncOff=0 pSz=128
APP_CRC_FAIL exp=7E7A got=202C seq=83 syncOff=0 pSz=128
PHASE_RESULT 10 HF-FLRC-325-128 pktSize=128 rx=0 unique=0 lost=100 per=100.0 rssi_avg=-46 rssi_min=-46 crc_err=84 garbage=0 tx_lat=0.00000 tx_lon=0.00000 sats=0 fix=0 utc=0 tx_fw=none rx_fw=unknown
PHASE_GUARD 500
PHASE_START 11 HF-FLRC-325-255 pktSize=255
PHASE_RESULT 11 HF-FLRC-325-255 pktSize=255 rx=0 unique=0 lost=100 per=100.0 rssi_avg=0 rssi_min=0 crc_err=0 garbage=0 tx_lat=0.00000 tx_lon=0.00000 sats=0 fix=0 utc=0 tx_fw=none rx_fw=unknown
PHASE_GUARD 500
PHASE_START 12 HF-FLRC-650-32 pktSize=32
APP_CRC_FAIL exp=1E18 got=6610 seq=0 syncOff=0 pSz=32
APP_CRC_FAIL exp=1E18 got=8D33 seq=1 syncOff=0 pSz=32
SYNC_NOT_FOUND first4=E02EE6F5
SYNC_NOT_FOUND first4=35656A0D
SYNC_NOT_FOUND first4=6B6E6F77
SYNC_LOST phase=12 consecutive=3 cached_off=0
SYNC_OFFSET phase=12 off=0 prev=-1
APP_CRC_FAIL exp=1E18 got=0C97 seq=6 syncOff=0 pSz=32
SYNC_NOT_FOUND first4=F02EE6F5
SYNC_NOT_FOUND first4=35656A0D
SYNC_NOT_FOUND first4=6B6E6F77
SYNC_LOST phase=12 consecutive=3 cached_off=0
SYNC_OFFSET phase=12 off=0 prev=-1
APP_CRC_FAIL exp=1E18 got=52A4 seq=11 syncOff=0 pSz=32
SYNC_NOT_FOUND first4=F02EE6F5
SYNC_NOT_FOUND first4=35656A0D
SYNC_NOT_FOUND first4=6B6E6F77
SYNC_LOST phase=12 consecutive=3 cached_off=0
SYNC_OFFSET phase=12 off=0 prev=-1
APP_CRC_FAIL exp=1E18 got=0E64 seq=16 syncOff=0 pSz=32
APP_CRC_FAIL exp=1E18 got=0662 seq=17 syncOff=0 pSz=32
APP_CRC_FAIL exp=1E18 got=2B26 seq=18 syncOff=0 pSz=32
APP_CRC_FAIL exp=1E18 got=C005 seq=19 syncOff=0 pSz=32
APP_CRC_FAIL exp=1E18 got=CCE8 seq=20 syncOff=0 pSz=32
APP_CRC_FAIL exp=1E18 got=27CB seq=21 syncOff=0 pSz=32
APP_CRC_FAIL exp=1E18 got=0A8F seq=22 syncOff=0 pSz=32
APP_CRC_FAIL exp=1E18 got=E31D seq=23 syncOff=0 pSz=32
APP_CRC_FAIL exp=1E18 got=7B49 seq=24 syncOff=0 pSz=32
APP_CRC_FAIL exp=1E18 got=906A seq=25 syncOff=0 pSz=32
APP_CRC_FAIL exp=1E18 got=CEDC seq=26 syncOff=0 pSz=32
APP_CRC_FAIL exp=1E18 got=25FF seq=27 syncOff=0 pSz=32
APP_CRC_FAIL exp=1E18 got=9454 seq=28 syncOff=0 pSz=32
APP_CRC_FAIL exp=1E18 got=ADFE seq=29 syncOff=0 pSz=32
APP_CRC_FAIL exp=1E18 got=80BA seq=30 syncOff=0 pSz=32
APP_CRC_FAIL exp=1E18 got=6B99 seq=31 syncOff=0 pSz=32
APP_CRC_FAIL exp=1E18 got=07CF seq=32 syncOff=0 pSz=32
APP_CRC_FAIL exp=1E18 got=ECEC seq=33 syncOff=0 pSz=32
APP_CRC_FAIL exp=1E18 got=3F13 seq=34 syncOff=0 pSz=32
APP_CRC_FAIL exp=1E18 got=D430 seq=35 syncOff=0 pSz=32
APP_CRC_FAIL exp=1E18 got=659B seq=36 syncOff=0 pSz=32
APP_CRC_FAIL exp=1E18 got=8EB8 seq=37 syncOff=0 pSz=32
APP_CRC_FAIL exp=1E18 got=A3FC seq=38 syncOff=0 pSz=32
APP_CRC_FAIL exp=1E18 got=48DF seq=39 syncOff=0 pSz=32
APP_CRC_FAIL exp=1E18 got=0760 seq=40 syncOff=0 pSz=32
APP_CRC_FAIL exp=1E18 got=EC43 seq=41 syncOff=0 pSz=32
APP_CRC_FAIL exp=1E18 got=C107 seq=42 syncOff=0 pSz=32
APP_CRC_FAIL exp=1E18 got=2A24 seq=43 syncOff=0 pSz=32
APP_CRC_FAIL exp=1E18 got=9B8F seq=44 syncOff=0 pSz=32
APP_CRC_FAIL exp=1E18 got=70AC seq=45 syncOff=0 pSz=32
APP_CRC_FAIL exp=1E18 got=2E1A seq=46 syncOff=0 pSz=32
APP_CRC_FAIL exp=1E18 got=C539 seq=47 syncOff=0 pSz=32
APP_CRC_FAIL exp=1E18 got=0E93 seq=48 syncOff=0 pSz=32
APP_CRC_FAIL exp=1E18 got=E5B0 seq=49 syncOff=0 pSz=32
APP_CRC_FAIL exp=1E18 got=C8F4 seq=50 syncOff=0 pSz=32
APP_CRC_FAIL exp=1E18 got=8D2B seq=51 syncOff=0 pSz=32
APP_CRC_FAIL exp=1E18 got=3C80 seq=52 syncOff=0 pSz=32
APP_CRC_FAIL exp=1E18 got=D7A3 seq=53 syncOff=0 pSz=32
APP_CRC_FAIL exp=1E18 got=FAE7 seq=54 syncOff=0 pSz=32
APP_CRC_FAIL exp=1E18 got=11C4 seq=55 syncOff=0 pSz=32
APP_CRC_FAIL exp=1E18 got=8990 seq=56 syncOff=0 pSz=32
APP_CRC_FAIL exp=1E18 got=62B3 seq=57 syncOff=0 pSz=32
APP_CRC_FAIL exp=1E18 got=4FF7 seq=58 syncOff=0 pSz=32
APP_CRC_FAIL exp=1E18 got=A4D4 seq=59 syncOff=0 pSz=32
APP_CRC_FAIL exp=1E18 got=AA88 seq=60 syncOff=0 pSz=32
APP_CRC_FAIL exp=1E18 got=41AB seq=61 syncOff=0 pSz=32
APP_CRC_FAIL exp=1E18 got=6CEF seq=62 syncOff=0 pSz=32
APP_CRC_FAIL exp=1E18 got=5027 seq=63 syncOff=0 pSz=32
APP_CRC_FAIL exp=1E18 got=63A8 seq=64 syncOff=0 pSz=32
APP_CRC_FAIL exp=1E18 got=888B seq=65 syncOff=0 pSz=32
APP_CRC_FAIL exp=1E18 got=A5CF seq=66 syncOff=0 pSz=32
APP_CRC_FAIL exp=1E18 got=9907 seq=67 syncOff=0 pSz=32
APP_CRC_FAIL exp=1E18 got=28AC seq=68 syncOff=0 pSz=32
APP_CRC_FAIL exp=1E18 got=C38F seq=69 syncOff=0 pSz=32
APP_CRC_FAIL exp=1E18 got=BEDA seq=70 syncOff=0 pSz=32
APP_CRC_FAIL exp=1E18 got=55F9 seq=71 syncOff=0 pSz=32
APP_CRC_FAIL exp=1E18 got=CDAD seq=72 syncOff=0 pSz=32
APP_CRC_FAIL exp=1E18 got=268E seq=73 syncOff=0 pSz=32
APP_CRC_FAIL exp=1E18 got=0BCA seq=74 syncOff=0 pSz=32
APP_CRC_FAIL exp=1E18 got=E0E9 seq=75 syncOff=0 pSz=32
APP_CRC_FAIL exp=1E18 got=5142 seq=76 syncOff=0 pSz=32
APP_CRC_FAIL exp=1E18 got=BA61 seq=77 syncOff=0 pSz=32
APP_CRC_FAIL exp=1E18 got=9725 seq=78 syncOff=0 pSz=32
APP_CRC_FAIL exp=1E18 got=7C06 seq=79 syncOff=0 pSz=32
APP_CRC_FAIL exp=1E18 got=B7AC seq=80 syncOff=0 pSz=32
APP_CRC_FAIL exp=1E18 got=5C8F seq=81 syncOff=0 pSz=32
APP_CRC_FAIL exp=1E18 got=71CB seq=82 syncOff=0 pSz=32
APP_CRC_FAIL exp=1E18 got=27AE seq=83 syncOff=0 pSz=32
PHASE_RESULT 12 HF-FLRC-650-32 pktSize=32 rx=0 unique=0 lost=100 per=100.0 rssi_avg=-46 rssi_min=-46 crc_err=72 garbage=9 tx_lat=0.00000 tx_lon=0.00000 sats=0 fix=0 utc=0 tx_fw=none rx_fw=unknown
PHASE_GUARD 500
PHASE_START 13 HF-FLRC-650-64 pktSize=64
APP_CRC_FAIL exp=3E31 got=EA36 seq=0 syncOff=0 pSz=64
APP_CRC_FAIL exp=3E31 got=52D6 seq=1 syncOff=0 pSz=64
APP_CRC_FAIL exp=3E31 got=8BD7 seq=2 syncOff=0 pSz=64
SYNC_NOT_FOUND first4=1030E6F5
SYNC_NOT_FOUND first4=35656A0E
SYNC_NOT_FOUND first4=6B6E6F77
SYNC_LOST phase=13 consecutive=3 cached_off=0
SYNC_OFFSET phase=13 off=32 prev=-1
SYNC_OOB gpsOff=36 crcLen=58 readLen=72 — skipping
SYNC_OFFSET phase=13 off=24 prev=32
SYNC_OOB gpsOff=28 crcLen=58 readLen=72 — skipping
SYNC_OFFSET phase=13 off=16 prev=24
SYNC_OOB gpsOff=20 crcLen=58 readLen=72 — skipping
SYNC_OFFSET phase=13 off=8 prev=16
APP_CRC_FAIL exp=3E31 got=1C72 seq=10 syncOff=8 pSz=64
SYNC_OFFSET phase=13 off=0 prev=8
APP_CRC_FAIL exp=3E31 got=A492 seq=11 syncOff=0 pSz=64
APP_CRC_FAIL exp=3E31 got=BE51 seq=12 syncOff=0 pSz=64
APP_CRC_FAIL exp=3E31 got=06B1 seq=13 syncOff=0 pSz=64
APP_CRC_FAIL exp=3E31 got=DFB0 seq=14 syncOff=0 pSz=64
APP_CRC_FAIL exp=3E31 got=6750 seq=15 syncOff=0 pSz=64
APP_CRC_FAIL exp=3E31 got=2CB6 seq=16 syncOff=0 pSz=64
APP_CRC_FAIL exp=3E31 got=59B4 seq=17 syncOff=0 pSz=64
APP_CRC_FAIL exp=3E31 got=80B5 seq=18 syncOff=0 pSz=64
APP_CRC_FAIL exp=3E31 got=3855 seq=19 syncOff=0 pSz=64
APP_CRC_FAIL exp=3E31 got=8287 seq=20 syncOff=0 pSz=64
APP_CRC_FAIL exp=3E31 got=3A67 seq=21 syncOff=0 pSz=64
APP_CRC_FAIL exp=3E31 got=E366 seq=22 syncOff=0 pSz=64
APP_CRC_FAIL exp=3E31 got=5B86 seq=23 syncOff=0 pSz=64
APP_CRC_FAIL exp=3E31 got=D6E0 seq=24 syncOff=0 pSz=64
APP_CRC_FAIL exp=3E31 got=6E00 seq=25 syncOff=0 pSz=64
APP_CRC_FAIL exp=3E31 got=B701 seq=26 syncOff=0 pSz=64
APP_CRC_FAIL exp=3E31 got=0FE1 seq=27 syncOff=0 pSz=64
APP_CRC_FAIL exp=3E31 got=1522 seq=28 syncOff=0 pSz=64
APP_CRC_FAIL exp=3E31 got=ADC2 seq=29 syncOff=0 pSz=64
APP_CRC_FAIL exp=3E31 got=74C3 seq=30 syncOff=0 pSz=64
APP_CRC_FAIL exp=3E31 got=CC23 seq=31 syncOff=0 pSz=64
APP_CRC_FAIL exp=3E31 got=00F8 seq=32 syncOff=0 pSz=64
APP_CRC_FAIL exp=3E31 got=B818 seq=33 syncOff=0 pSz=64
APP_CRC_FAIL exp=3E31 got=3640 seq=34 syncOff=0 pSz=64
APP_CRC_FAIL exp=3E31 got=8EA0 seq=35 syncOff=0 pSz=64
APP_CRC_FAIL exp=3E31 got=9463 seq=36 syncOff=0 pSz=64
APP_CRC_FAIL exp=3E31 got=2C83 seq=37 syncOff=0 pSz=64
APP_CRC_FAIL exp=3E31 got=F582 seq=38 syncOff=0 pSz=64
APP_CRC_FAIL exp=3E31 got=4D62 seq=39 syncOff=0 pSz=64
APP_CRC_FAIL exp=3E31 got=C004 seq=40 syncOff=0 pSz=64
APP_CRC_FAIL exp=3E31 got=78E4 seq=41 syncOff=0 pSz=64
APP_CRC_FAIL exp=3E31 got=A1E5 seq=42 syncOff=0 pSz=64
APP_CRC_FAIL exp=3E31 got=1905 seq=43 syncOff=0 pSz=64
APP_CRC_FAIL exp=3E31 got=03C6 seq=44 syncOff=0 pSz=64
APP_CRC_FAIL exp=3E31 got=BB26 seq=45 syncOff=0 pSz=64
APP_CRC_FAIL exp=3E31 got=6227 seq=46 syncOff=0 pSz=64
APP_CRC_FAIL exp=3E31 got=DAC7 seq=47 syncOff=0 pSz=64
APP_CRC_FAIL exp=3E31 got=68CA seq=48 syncOff=0 pSz=64
APP_CRC_FAIL exp=3E31 got=D02A seq=49 syncOff=0 pSz=64
APP_CRC_FAIL exp=3E31 got=092B seq=50 syncOff=0 pSz=64
APP_CRC_FAIL exp=3E31 got=F7CC seq=51 syncOff=0 pSz=64
APP_CRC_FAIL exp=3E31 got=ED0F seq=52 syncOff=0 pSz=64
APP_CRC_FAIL exp=3E31 got=55EF seq=53 syncOff=0 pSz=64
APP_CRC_FAIL exp=3E31 got=8CEE seq=54 syncOff=0 pSz=64
APP_CRC_FAIL exp=3E31 got=340E seq=55 syncOff=0 pSz=64
APP_CRC_FAIL exp=3E31 got=B968 seq=56 syncOff=0 pSz=64
APP_CRC_FAIL exp=3E31 got=0188 seq=57 syncOff=0 pSz=64
APP_CRC_FAIL exp=3E31 got=D889 seq=58 syncOff=0 pSz=64
APP_CRC_FAIL exp=3E31 got=6069 seq=59 syncOff=0 pSz=64
APP_CRC_FAIL exp=3E31 got=2DF3 seq=60 syncOff=0 pSz=64
APP_CRC_FAIL exp=3E31 got=9513 seq=61 syncOff=0 pSz=64
APP_CRC_FAIL exp=3E31 got=4C12 seq=62 syncOff=0 pSz=64
APP_CRC_FAIL exp=3E31 got=F4F2 seq=63 syncOff=0 pSz=64
APP_CRC_FAIL exp=3E31 got=C585 seq=64 syncOff=0 pSz=64
APP_CRC_FAIL exp=3E31 got=7D65 seq=65 syncOff=0 pSz=64
APP_CRC_FAIL exp=3E31 got=A464 seq=66 syncOff=0 pSz=64
APP_CRC_FAIL exp=3E31 got=1C84 seq=67 syncOff=0 pSz=64
APP_CRC_FAIL exp=3E31 got=0647 seq=68 syncOff=0 pSz=64
APP_CRC_FAIL exp=3E31 got=BEA7 seq=69 syncOff=0 pSz=64
APP_CRC_FAIL exp=3E31 got=8451 seq=70 syncOff=0 pSz=64
APP_CRC_FAIL exp=3E31 got=3CB1 seq=71 syncOff=0 pSz=64
APP_CRC_FAIL exp=3E31 got=B1D7 seq=72 syncOff=0 pSz=64
APP_CRC_FAIL exp=3E31 got=0937 seq=73 syncOff=0 pSz=64
APP_CRC_FAIL exp=3E31 got=D036 seq=74 syncOff=0 pSz=64
APP_CRC_FAIL exp=3E31 got=68D6 seq=75 syncOff=0 pSz=64
APP_CRC_FAIL exp=3E31 got=7215 seq=76 syncOff=0 pSz=64
APP_CRC_FAIL exp=3E31 got=CAF5 seq=77 syncOff=0 pSz=64
APP_CRC_FAIL exp=3E31 got=13F4 seq=78 syncOff=0 pSz=64
APP_CRC_FAIL exp=3E31 got=AB14 seq=79 syncOff=0 pSz=64
APP_CRC_FAIL exp=3E31 got=5AFF seq=80 syncOff=0 pSz=64
APP_CRC_FAIL exp=3E31 got=E21F seq=81 syncOff=0 pSz=64
APP_CRC_FAIL exp=3E31 got=3B1E seq=82 syncOff=0 pSz=64
APP_CRC_FAIL exp=3E31 got=83FE seq=83 syncOff=0 pSz=64
PHASE_RESULT 13 HF-FLRC-650-64 pktSize=64 rx=0 unique=0 lost=100 per=100.0 rssi_avg=-46 rssi_min=-46 crc_err=77 garbage=6 tx_lat=0.00000 tx_lon=0.00000 sats=0 fix=0 utc=0 tx_fw=none rx_fw=unknown
PHASE_GUARD 500
PHASE_START 14 HF-FLRC-650-128 pktSize=128
APP_CRC_FAIL exp=7E4C got=8A6D seq=0 syncOff=0 pSz=128
APP_CRC_FAIL exp=7E4C got=7E8A seq=1 syncOff=0 pSz=128
APP_CRC_FAIL exp=7E4C got=7382 seq=2 syncOff=0 pSz=128
APP_CRC_FAIL exp=7E4C got=8765 seq=3 syncOff=0 pSz=128
APP_CRC_FAIL exp=7E7A got=6992 seq=4 syncOff=0 pSz=128
APP_CRC_FAIL exp=7E4C got=9D75 seq=5 syncOff=0 pSz=128
APP_CRC_FAIL exp=7E4C got=907D seq=6 syncOff=0 pSz=128
APP_CRC_FAIL exp=7E4C got=649A seq=7 syncOff=0 pSz=128
APP_CRC_FAIL exp=7E4C got=5DB2 seq=8 syncOff=0 pSz=128
APP_CRC_FAIL exp=7E7A got=A955 seq=9 syncOff=0 pSz=128
APP_CRC_FAIL exp=7E7A got=A45D seq=10 syncOff=0 pSz=128
APP_CRC_FAIL exp=7E4C got=50BA seq=11 syncOff=0 pSz=128
APP_CRC_FAIL exp=7E7A got=BE4D seq=12 syncOff=0 pSz=128
APP_CRC_FAIL exp=7E4C got=4AAA seq=13 syncOff=0 pSz=128
APP_CRC_FAIL exp=7E4C got=47A2 seq=14 syncOff=0 pSz=128
APP_CRC_FAIL exp=7E7A got=B345 seq=15 syncOff=0 pSz=128
APP_CRC_FAIL exp=7E7A got=F4CE seq=16 syncOff=0 pSz=128
APP_CRC_FAIL exp=7E7A got=5330 seq=17 syncOff=0 pSz=128
APP_CRC_FAIL exp=7E4C got=5E38 seq=18 syncOff=0 pSz=128
APP_CRC_FAIL exp=7E7A got=AADF seq=19 syncOff=0 pSz=128
APP_CRC_FAIL exp=7E7A got=4428 seq=20 syncOff=0 pSz=128
APP_CRC_FAIL exp=7E7A got=B0CF seq=21 syncOff=0 pSz=128
APP_CRC_FAIL exp=7E4C got=BDC7 seq=22 syncOff=0 pSz=128
APP_CRC_FAIL exp=7E4C got=A288 seq=23 syncOff=0 pSz=128
APP_CRC_FAIL exp=7E7A got=9BA0 seq=24 syncOff=0 pSz=128
APP_CRC_FAIL exp=7E4C got=6F47 seq=25 syncOff=0 pSz=128
APP_CRC_FAIL exp=7E7A got=312A seq=26 syncOff=0 pSz=128
APP_CRC_FAIL exp=7E4C got=C5CD seq=27 syncOff=0 pSz=128
APP_CRC_FAIL exp=7E4C got=2B3A seq=28 syncOff=0 pSz=128
APP_CRC_FAIL exp=7E7A got=DFDD seq=29 syncOff=0 pSz=128
APP_CRC_FAIL exp=7E7A got=D2D5 seq=30 syncOff=0 pSz=128
APP_CRC_FAIL exp=7E7A got=2632 seq=31 syncOff=0 pSz=128
APP_CRC_FAIL exp=7E7A got=CF9A seq=32 syncOff=0 pSz=128
APP_CRC_FAIL exp=7E7A got=3B7D seq=33 syncOff=0 pSz=128
APP_CRC_FAIL exp=7E4C got=3675 seq=34 syncOff=0 pSz=128
APP_CRC_FAIL exp=7E7A got=C292 seq=35 syncOff=0 pSz=128
APP_CRC_FAIL exp=7E7A got=2C65 seq=36 syncOff=0 pSz=128
APP_CRC_FAIL exp=7E4C got=D882 seq=37 syncOff=0 pSz=128
APP_CRC_FAIL exp=7E4C got=D58A seq=38 syncOff=0 pSz=128
APP_CRC_FAIL exp=7E7A got=216D seq=39 syncOff=0 pSz=128
APP_CRC_FAIL exp=7E7A got=1845 seq=40 syncOff=0 pSz=128
APP_CRC_FAIL exp=7E4C got=ECA2 seq=41 syncOff=0 pSz=128
APP_CRC_FAIL exp=7E4C got=E1AA seq=42 syncOff=0 pSz=128
APP_CRC_FAIL exp=7E7A got=D471 seq=43 syncOff=0 pSz=128
APP_CRC_FAIL exp=7E4C got=3A86 seq=44 syncOff=0 pSz=128
APP_CRC_FAIL exp=7E7A got=CE61 seq=45 syncOff=0 pSz=128
APP_CRC_FAIL exp=7E4C got=C369 seq=46 syncOff=0 pSz=128
APP_CRC_FAIL exp=7E4C got=378E seq=47 syncOff=0 pSz=128
APP_CRC_FAIL exp=7E4C got=B139 seq=48 syncOff=0 pSz=128
APP_CRC_FAIL exp=7E4C got=8C7F seq=49 syncOff=0 pSz=128
APP_CRC_FAIL exp=7E7A got=8177 seq=50 syncOff=0 pSz=128
APP_CRC_FAIL exp=7E4C got=BE55 seq=51 syncOff=0 pSz=128
APP_CRC_FAIL exp=7E4C got=50A2 seq=52 syncOff=0 pSz=128
APP_CRC_FAIL exp=7E7A got=A445 seq=53 syncOff=0 pSz=128
APP_CRC_FAIL exp=7E4C got=A94D seq=54 syncOff=0 pSz=128
APP_CRC_FAIL exp=7E7A got=5DAA seq=55 syncOff=0 pSz=128
APP_CRC_FAIL exp=7E4C got=37E7 seq=56 syncOff=0 pSz=128
APP_CRC_FAIL exp=7E7A got=C300 seq=57 syncOff=0 pSz=128
APP_CRC_FAIL exp=7E4C got=CE08 seq=58 syncOff=0 pSz=128
APP_CRC_FAIL exp=7E7A got=3AEF seq=59 syncOff=0 pSz=128
APP_CRC_FAIL exp=7E4C got=D418 seq=60 syncOff=0 pSz=128
APP_CRC_FAIL exp=7E7A got=20FF seq=61 syncOff=0 pSz=128
APP_CRC_FAIL exp=7E7A got=2DF7 seq=62 syncOff=0 pSz=128
APP_CRC_FAIL exp=7E4C got=D910 seq=63 syncOff=0 pSz=128
APP_CRC_FAIL exp=7E7A got=EE86 seq=64 syncOff=0 pSz=128
APP_CRC_FAIL exp=7E7A got=1A61 seq=65 syncOff=0 pSz=128
APP_CRC_FAIL exp=7E4C got=1769 seq=66 syncOff=0 pSz=128
APP_CRC_FAIL exp=7E7A got=8478 seq=67 syncOff=0 pSz=128
APP_CRC_FAIL exp=7E7A got=6A8F seq=68 syncOff=0 pSz=128
APP_CRC_FAIL exp=7E4C got=2C72 seq=69 syncOff=0 pSz=128
APP_CRC_FAIL exp=7E4C got=217A seq=70 syncOff=0 pSz=128
APP_CRC_FAIL exp=7E7A got=D59D seq=71 syncOff=0 pSz=128
APP_CRC_FAIL exp=7E4C got=ECB5 seq=72 syncOff=0 pSz=128
APP_CRC_FAIL exp=7E4C got=D96E seq=73 syncOff=0 pSz=128
APP_CRC_FAIL exp=7E4C got=D466 seq=74 syncOff=0 pSz=128
APP_CRC_FAIL exp=7E7A got=2081 seq=75 syncOff=0 pSz=128
APP_CRC_FAIL exp=7E4C got=CE76 seq=76 syncOff=0 pSz=128
APP_CRC_FAIL exp=7E7A got=3A91 seq=77 syncOff=0 pSz=128
APP_CRC_FAIL exp=7E7A got=3799 seq=78 syncOff=0 pSz=128
APP_CRC_FAIL exp=7E4C got=C37E seq=79 syncOff=0 pSz=128
APP_CRC_FAIL exp=7E7A got=45C9 seq=80 syncOff=0 pSz=128
APP_CRC_FAIL exp=7E7A got=B12E seq=81 syncOff=0 pSz=128
APP_CRC_FAIL exp=7E4C got=BC26 seq=82 syncOff=0 pSz=128
APP_CRC_FAIL exp=7E7A got=89FD seq=83 syncOff=0 pSz=128
PHASE_RESULT 14 HF-FLRC-650-128 pktSize=128 rx=0 unique=0 lost=100 per=100.0 rssi_avg=-46 rssi_min=-46 crc_err=84 garbage=0 tx_lat=0.00000 tx_lon=0.00000 sats=0 fix=0 utc=0 tx_fw=none rx_fw=unknown
PHASE_GUARD 500
PHASE_START 15 HF-FLRC-650-255 pktSize=255
PHASE_RESULT 15 HF-FLRC-650-255 pktSize=255 rx=0 unique=0 lost=100 per=100.0 rssi_avg=0 rssi_min=0 crc_err=0 garbage=0 tx_lat=0.00000 tx_lon=0.00000 sats=0 fix=0 utc=0 tx_fw=none rx_fw=unknown
PHASE_GUARD 500
PHASE_START 16 HF-FLRC-1300-32 pktSize=32
APP_CRC_FAIL exp=1E18 got=B042 seq=0 syncOff=0 pSz=32
APP_CRC_FAIL exp=1E18 got=5B61 seq=1 syncOff=0 pSz=32
SYNC_NOT_FOUND first4=1031E6F5
SYNC_NOT_FOUND first4=35656A11
SYNC_NOT_FOUND first4=6B6E6F77
SYNC_LOST phase=16 consecutive=3 cached_off=0
SYNC_OFFSET phase=16 off=0 prev=-1
APP_CRC_FAIL exp=1E18 got=EACA seq=6 syncOff=0 pSz=32
SYNC_NOT_FOUND first4=1031E6F5
SYNC_NOT_FOUND first4=35656A11
SYNC_NOT_FOUND first4=6B6E6F77
SYNC_LOST phase=16 consecutive=3 cached_off=0
SYNC_OFFSET phase=16 off=0 prev=-1
APP_CRC_FAIL exp=1E18 got=6312 seq=11 syncOff=0 pSz=32
SYNC_NOT_FOUND first4=2031E6F5
SYNC_NOT_FOUND first4=35656A11
SYNC_NOT_FOUND first4=6B6E6F77
SYNC_LOST phase=16 consecutive=3 cached_off=0
SYNC_OFFSET phase=16 off=0 prev=-1
APP_CRC_FAIL exp=1E18 got=8911 seq=16 syncOff=0 pSz=32
APP_CRC_FAIL exp=1E18 got=8117 seq=17 syncOff=0 pSz=32
APP_CRC_FAIL exp=1E18 got=AC53 seq=18 syncOff=0 pSz=32
APP_CRC_FAIL exp=1E18 got=4770 seq=19 syncOff=0 pSz=32
APP_CRC_FAIL exp=1E18 got=F6DB seq=20 syncOff=0 pSz=32
APP_CRC_FAIL exp=1E18 got=1DF8 seq=21 syncOff=0 pSz=32
APP_CRC_FAIL exp=1E18 got=30BC seq=22 syncOff=0 pSz=32
APP_CRC_FAIL exp=1E18 got=D92E seq=23 syncOff=0 pSz=32
APP_CRC_FAIL exp=1E18 got=417A seq=24 syncOff=0 pSz=32
APP_CRC_FAIL exp=1E18 got=AA59 seq=25 syncOff=0 pSz=32
APP_CRC_FAIL exp=1E18 got=871D seq=26 syncOff=0 pSz=32
APP_CRC_FAIL exp=1E18 got=6C3E seq=27 syncOff=0 pSz=32
APP_CRC_FAIL exp=1E18 got=DD95 seq=28 syncOff=0 pSz=32
APP_CRC_FAIL exp=1E18 got=36B6 seq=29 syncOff=0 pSz=32
APP_CRC_FAIL exp=1E18 got=1BF2 seq=30 syncOff=0 pSz=32
APP_CRC_FAIL exp=1E18 got=F0D1 seq=31 syncOff=0 pSz=32
APP_CRC_FAIL exp=1E18 got=9C87 seq=32 syncOff=0 pSz=32
APP_CRC_FAIL exp=1E18 got=77A4 seq=33 syncOff=0 pSz=32
APP_CRC_FAIL exp=1E18 got=FEF9 seq=34 syncOff=0 pSz=32
APP_CRC_FAIL exp=1E18 got=15DA seq=35 syncOff=0 pSz=32
APP_CRC_FAIL exp=1E18 got=1937 seq=36 syncOff=0 pSz=32
APP_CRC_FAIL exp=1E18 got=F214 seq=37 syncOff=0 pSz=32
APP_CRC_FAIL exp=1E18 got=DF50 seq=38 syncOff=0 pSz=32
APP_CRC_FAIL exp=1E18 got=3473 seq=39 syncOff=0 pSz=32
APP_CRC_FAIL exp=1E18 got=1403 seq=40 syncOff=0 pSz=32
APP_CRC_FAIL exp=1E18 got=FF20 seq=41 syncOff=0 pSz=32
APP_CRC_FAIL exp=1E18 got=D264 seq=42 syncOff=0 pSz=32
APP_CRC_FAIL exp=1E18 got=464F seq=43 syncOff=0 pSz=32
APP_CRC_FAIL exp=1E18 got=F7E4 seq=44 syncOff=0 pSz=32
APP_CRC_FAIL exp=1E18 got=1CC7 seq=45 syncOff=0 pSz=32
APP_CRC_FAIL exp=1E18 got=3183 seq=46 syncOff=0 pSz=32
APP_CRC_FAIL exp=1E18 got=DAA0 seq=47 syncOff=0 pSz=32
APP_CRC_FAIL exp=1E18 got=110A seq=48 syncOff=0 pSz=32
APP_CRC_FAIL exp=1E18 got=2DC2 seq=49 syncOff=0 pSz=32
APP_CRC_FAIL exp=1E18 got=AE7A seq=50 syncOff=0 pSz=32
APP_CRC_FAIL exp=1E18 got=4559 seq=51 syncOff=0 pSz=32
APP_CRC_FAIL exp=1E18 got=F4F2 seq=52 syncOff=0 pSz=32
APP_CRC_FAIL exp=1E18 got=A026 seq=53 syncOff=0 pSz=32
APP_CRC_FAIL exp=1E18 got=8D62 seq=54 syncOff=0 pSz=32
APP_CRC_FAIL exp=1E18 got=6641 seq=55 syncOff=0 pSz=32
APP_CRC_FAIL exp=1E18 got=D745 seq=56 syncOff=0 pSz=32
APP_CRC_FAIL exp=1E18 got=3C66 seq=57 syncOff=0 pSz=32
APP_CRC_FAIL exp=1E18 got=1122 seq=58 syncOff=0 pSz=32
APP_CRC_FAIL exp=1E18 got=FA01 seq=59 syncOff=0 pSz=32
APP_CRC_FAIL exp=1E18 got=4BAA seq=60 syncOff=0 pSz=32
APP_CRC_FAIL exp=1E18 got=A089 seq=61 syncOff=0 pSz=32
APP_CRC_FAIL exp=1E18 got=8DCD seq=62 syncOff=0 pSz=32
APP_CRC_FAIL exp=1E18 got=DBA8 seq=63 syncOff=0 pSz=32
APP_CRC_FAIL exp=1E18 got=E827 seq=64 syncOff=0 pSz=32
APP_CRC_FAIL exp=1E18 got=0304 seq=65 syncOff=0 pSz=32
APP_CRC_FAIL exp=1E18 got=2E40 seq=66 syncOff=0 pSz=32
APP_CRC_FAIL exp=1E18 got=C563 seq=67 syncOff=0 pSz=32
APP_CRC_FAIL exp=1E18 got=74C8 seq=68 syncOff=0 pSz=32
APP_CRC_FAIL exp=1E18 got=49F4 seq=69 syncOff=0 pSz=32
APP_CRC_FAIL exp=1E18 got=64B0 seq=70 syncOff=0 pSz=32
APP_CRC_FAIL exp=1E18 got=8F93 seq=71 syncOff=0 pSz=32
APP_CRC_FAIL exp=1E18 got=17C7 seq=72 syncOff=0 pSz=32
APP_CRC_FAIL exp=1E18 got=3250 seq=73 syncOff=0 pSz=32
APP_CRC_FAIL exp=1E18 got=1F14 seq=74 syncOff=0 pSz=32
APP_CRC_FAIL exp=1E18 got=F437 seq=75 syncOff=0 pSz=32
APP_CRC_FAIL exp=1E18 got=F8DA seq=76 syncOff=0 pSz=32
APP_CRC_FAIL exp=1E18 got=13F9 seq=77 syncOff=0 pSz=32
APP_CRC_FAIL exp=1E18 got=3EBD seq=78 syncOff=0 pSz=32
APP_CRC_FAIL exp=1E18 got=D59E seq=79 syncOff=0 pSz=32
APP_CRC_FAIL exp=1E18 got=1E34 seq=80 syncOff=0 pSz=32
APP_CRC_FAIL exp=1E18 got=F517 seq=81 syncOff=0 pSz=32
APP_CRC_FAIL exp=1E18 got=D853 seq=82 syncOff=0 pSz=32
APP_CRC_FAIL exp=1E18 got=59DD seq=83 syncOff=0 pSz=32
PHASE_RESULT 16 HF-FLRC-1300-32 pktSize=32 rx=0 unique=0 lost=100 per=100.0 rssi_avg=-46 rssi_min=-46 crc_err=72 garbage=9 tx_lat=0.00000 tx_lon=0.00000 sats=0 fix=0 utc=0 tx_fw=none rx_fw=unknown
PHASE_GUARD 500
PHASE_START 17 HF-FLRC-1300-64 pktSize=64
APP_CRC_FAIL exp=3E31 got=3867 seq=0 syncOff=0 pSz=64
APP_CRC_FAIL exp=3E31 got=8087 seq=1 syncOff=0 pSz=64
SYNC_NOT_FOUND first4=5032E6F5
SYNC_NOT_FOUND first4=35656A12
SYNC_NOT_FOUND first4=6B6E6F77
SYNC_LOST phase=17 consecutive=3 cached_off=0
SYNC_OFFSET phase=17 off=32 prev=-1
SYNC_OOB gpsOff=36 crcLen=58 readLen=72 — skipping
SYNC_OFFSET phase=17 off=24 prev=32
SYNC_OOB gpsOff=28 crcLen=58 readLen=72 — skipping
SYNC_OFFSET phase=17 off=16 prev=24
SYNC_OOB gpsOff=20 crcLen=58 readLen=72 — skipping
SYNC_OFFSET phase=17 off=8 prev=16
APP_CRC_FAIL exp=3E31 got=EEC9 seq=9 syncOff=8 pSz=64
SYNC_OFFSET phase=17 off=0 prev=8
APP_CRC_FAIL exp=3E31 got=37C8 seq=10 syncOff=0 pSz=64
SYNC_NOT_FOUND first4=6032E6F5
SYNC_NOT_FOUND first4=35656A12
SYNC_NOT_FOUND first4=6B6E6F77
SYNC_LOST phase=17 consecutive=3 cached_off=0
SYNC_OFFSET phase=17 off=32 prev=-1
SYNC_OOB gpsOff=36 crcLen=58 readLen=72 — skipping
SYNC_OFFSET phase=17 off=24 prev=32
SYNC_OOB gpsOff=28 crcLen=58 readLen=72 — skipping
SYNC_OFFSET phase=17 off=16 prev=24
SYNC_OOB gpsOff=20 crcLen=58 readLen=72 — skipping
SYNC_OFFSET phase=17 off=8 prev=16
APP_CRC_FAIL exp=3E31 got=52E4 seq=18 syncOff=8 pSz=64
SYNC_OFFSET phase=17 off=0 prev=8
APP_CRC_FAIL exp=3E31 got=EA04 seq=19 syncOff=0 pSz=64
SYNC_NOT_FOUND first4=6032E6F5
SYNC_NOT_FOUND first4=35656A12
SYNC_NOT_FOUND first4=6B6E6F77
SYNC_LOST phase=17 consecutive=3 cached_off=0
SYNC_OFFSET phase=17 off=32 prev=-1
SYNC_OOB gpsOff=36 crcLen=58 readLen=72 — skipping
SYNC_OFFSET phase=17 off=24 prev=32
SYNC_OOB gpsOff=28 crcLen=58 readLen=72 — skipping
SYNC_OFFSET phase=17 off=16 prev=24
SYNC_OOB gpsOff=20 crcLen=58 readLen=72 — skipping
SYNC_OFFSET phase=17 off=8 prev=16
APP_CRC_FAIL exp=3E31 got=844A seq=27 syncOff=8 pSz=64
SYNC_OFFSET phase=17 off=0 prev=8
APP_CRC_FAIL exp=3E31 got=9E89 seq=28 syncOff=0 pSz=64
APP_CRC_FAIL exp=3E31 got=2669 seq=29 syncOff=0 pSz=64
APP_CRC_FAIL exp=3E31 got=FF68 seq=30 syncOff=0 pSz=64
APP_CRC_FAIL exp=3E31 got=4788 seq=31 syncOff=0 pSz=64
APP_CRC_FAIL exp=3E31 got=8B53 seq=32 syncOff=0 pSz=64
APP_CRC_FAIL exp=3E31 got=33B3 seq=33 syncOff=0 pSz=64
APP_CRC_FAIL exp=3E31 got=EAB2 seq=34 syncOff=0 pSz=64
APP_CRC_FAIL exp=3E31 got=5252 seq=35 syncOff=0 pSz=64
APP_CRC_FAIL exp=3E31 got=4891 seq=36 syncOff=0 pSz=64
APP_CRC_FAIL exp=3E31 got=F071 seq=37 syncOff=0 pSz=64
APP_CRC_FAIL exp=3E31 got=2970 seq=38 syncOff=0 pSz=64
APP_CRC_FAIL exp=3E31 got=9190 seq=39 syncOff=0 pSz=64
APP_CRC_FAIL exp=3E31 got=1CF6 seq=40 syncOff=0 pSz=64
APP_CRC_FAIL exp=3E31 got=A416 seq=41 syncOff=0 pSz=64
APP_CRC_FAIL exp=3E31 got=7D17 seq=42 syncOff=0 pSz=64
APP_CRC_FAIL exp=3E31 got=C5F7 seq=43 syncOff=0 pSz=64
APP_CRC_FAIL exp=3E31 got=DF34 seq=44 syncOff=0 pSz=64
APP_CRC_FAIL exp=3E31 got=67D4 seq=45 syncOff=0 pSz=64
APP_CRC_FAIL exp=3E31 got=473E seq=46 syncOff=0 pSz=64
APP_CRC_FAIL exp=3E31 got=FFDE seq=47 syncOff=0 pSz=64
APP_CRC_FAIL exp=3E31 got=4DD3 seq=48 syncOff=0 pSz=64
APP_CRC_FAIL exp=3E31 got=F533 seq=49 syncOff=0 pSz=64
APP_CRC_FAIL exp=3E31 got=6A35 seq=50 syncOff=0 pSz=64
APP_CRC_FAIL exp=3E31 got=D2D5 seq=51 syncOff=0 pSz=64
APP_CRC_FAIL exp=3E31 got=C816 seq=52 syncOff=0 pSz=64
APP_CRC_FAIL exp=3E31 got=70F6 seq=53 syncOff=0 pSz=64
APP_CRC_FAIL exp=3E31 got=A9F7 seq=54 syncOff=0 pSz=64
APP_CRC_FAIL exp=3E31 got=1117 seq=55 syncOff=0 pSz=64
APP_CRC_FAIL exp=3E31 got=9C71 seq=56 syncOff=0 pSz=64
APP_CRC_FAIL exp=3E31 got=2491 seq=57 syncOff=0 pSz=64
APP_CRC_FAIL exp=3E31 got=FD90 seq=58 syncOff=0 pSz=64
APP_CRC_FAIL exp=3E31 got=1229 seq=59 syncOff=0 pSz=64
APP_CRC_FAIL exp=3E31 got=08EA seq=60 syncOff=0 pSz=64
APP_CRC_FAIL exp=3E31 got=B00A seq=61 syncOff=0 pSz=64
APP_CRC_FAIL exp=3E31 got=690B seq=62 syncOff=0 pSz=64
APP_CRC_FAIL exp=3E31 got=D1EB seq=63 syncOff=0 pSz=64
APP_CRC_FAIL exp=3E31 got=E09C seq=64 syncOff=0 pSz=64
APP_CRC_FAIL exp=3E31 got=587C seq=65 syncOff=0 pSz=64
APP_CRC_FAIL exp=3E31 got=817D seq=66 syncOff=0 pSz=64
APP_CRC_FAIL exp=3E31 got=40E0 seq=67 syncOff=0 pSz=64
APP_CRC_FAIL exp=3E31 got=5A23 seq=68 syncOff=0 pSz=64
APP_CRC_FAIL exp=3E31 got=3A70 seq=69 syncOff=0 pSz=64
APP_CRC_FAIL exp=3E31 got=E371 seq=70 syncOff=0 pSz=64
APP_CRC_FAIL exp=3E31 got=5B91 seq=71 syncOff=0 pSz=64
APP_CRC_FAIL exp=3E31 got=D6F7 seq=72 syncOff=0 pSz=64
APP_CRC_FAIL exp=3E31 got=CFD9 seq=73 syncOff=0 pSz=64
APP_CRC_FAIL exp=3E31 got=16D8 seq=74 syncOff=0 pSz=64
APP_CRC_FAIL exp=3E31 got=AE38 seq=75 syncOff=0 pSz=64
APP_CRC_FAIL exp=3E31 got=B4FB seq=76 syncOff=0 pSz=64
TIME_STATS min=3000ms max=4000ms avg=3106ms corrections=0
APP_CRC_FAIL exp=3E31 got=0C1B seq=77 syncOff=0 pSz=64
APP_CRC_FAIL exp=3E31 got=D51A seq=78 syncOff=0 pSz=64
APP_CRC_FAIL exp=3E31 got=6DFA seq=79 syncOff=0 pSz=64
APP_CRC_FAIL exp=3E31 got=DFF7 seq=80 syncOff=0 pSz=64
APP_CRC_FAIL exp=3E31 got=6717 seq=81 syncOff=0 pSz=64
APP_CRC_FAIL exp=3E31 got=BE16 seq=82 syncOff=0 pSz=64
APP_CRC_FAIL exp=3E31 got=06F6 seq=83 syncOff=0 pSz=64
PHASE_RESULT 17 HF-FLRC-1300-64 pktSize=64 rx=0 unique=0 lost=100 per=100.0 rssi_avg=-46 rssi_min=-46 crc_err=63 garbage=18 tx_lat=0.00000 tx_lon=0.00000 sats=0 fix=0 utc=0 tx_fw=none rx_fw=unknown
PHASE_GUARD 500
PHASE_START 18 HF-FLRC-1300-128 pktSize=128
APP_CRC_FAIL exp=7E4C got=181F seq=0 syncOff=0 pSz=128
APP_CRC_FAIL exp=7E7A got=ECF8 seq=1 syncOff=0 pSz=128
APP_CRC_FAIL exp=7E4C got=E1F0 seq=2 syncOff=0 pSz=128
SYNC_NOT_FOUND first4=9032E6F5
SYNC_NOT_FOUND first4=35656A13
SYNC_NOT_FOUND first4=6B6E6F77
SYNC_LOST phase=18 consecutive=3 cached_off=0
SYNC_OFFSET phase=18 off=96 prev=-1
SYNC_OOB gpsOff=100 crcLen=122 readLen=136 — skipping
SYNC_OFFSET phase=18 off=88 prev=96
SYNC_OOB gpsOff=92 crcLen=122 readLen=136 — skipping
SYNC_OFFSET phase=18 off=80 prev=88
SYNC_OOB gpsOff=84 crcLen=122 readLen=136 — skipping
SYNC_OFFSET phase=18 off=72 prev=80
SYNC_OOB gpsOff=76 crcLen=122 readLen=136 — skipping
SYNC_OFFSET phase=18 off=64 prev=72
SYNC_OOB gpsOff=68 crcLen=122 readLen=136 — skipping
SYNC_OFFSET phase=18 off=56 prev=64
SYNC_OOB gpsOff=60 crcLen=122 readLen=136 — skipping
SYNC_OFFSET phase=18 off=48 prev=56
SYNC_OOB gpsOff=52 crcLen=122 readLen=136 — skipping
SYNC_OFFSET phase=18 off=40 prev=48
SYNC_OOB gpsOff=44 crcLen=122 readLen=136 — skipping
SYNC_OFFSET phase=18 off=32 prev=40
SYNC_OOB gpsOff=36 crcLen=122 readLen=136 — skipping
SYNC_OFFSET phase=18 off=24 prev=32
SYNC_OOB gpsOff=28 crcLen=122 readLen=136 — skipping
SYNC_OFFSET phase=18 off=16 prev=24
SYNC_OOB gpsOff=20 crcLen=122 readLen=136 — skipping
SYNC_OFFSET phase=18 off=8 prev=16
APP_CRC_FAIL exp=7E4C got=4E44 seq=18 syncOff=8 pSz=128
SYNC_OFFSET phase=18 off=0 prev=8
APP_CRC_FAIL exp=7E4C got=BAA3 seq=19 syncOff=0 pSz=128
APP_CRC_FAIL exp=7E4C got=5454 seq=20 syncOff=0 pSz=128
APP_CRC_FAIL exp=7E4C got=A0B3 seq=21 syncOff=0 pSz=128
APP_CRC_FAIL exp=7E4C got=ADBB seq=22 syncOff=0 pSz=128
APP_CRC_FAIL exp=7E4C got=E191 seq=23 syncOff=0 pSz=128
APP_CRC_FAIL exp=7E7A got=D8B9 seq=24 syncOff=0 pSz=128
APP_CRC_FAIL exp=7E7A got=2C5E seq=25 syncOff=0 pSz=128
APP_CRC_FAIL exp=7E4C got=2156 seq=26 syncOff=0 pSz=128
APP_CRC_FAIL exp=7E7A got=148D seq=27 syncOff=0 pSz=128
APP_CRC_FAIL exp=7E4C got=FA7A seq=28 syncOff=0 pSz=128
APP_CRC_FAIL exp=7E7A got=0E9D seq=29 syncOff=0 pSz=128
APP_CRC_FAIL exp=7E4C got=0395 seq=30 syncOff=0 pSz=128
APP_CRC_FAIL exp=7E4C got=F772 seq=31 syncOff=0 pSz=128
APP_CRC_FAIL exp=7E7A got=1EDA seq=32 syncOff=0 pSz=128
APP_CRC_FAIL exp=7E4C got=EA3D seq=33 syncOff=0 pSz=128
APP_CRC_FAIL exp=7E4C got=6D26 seq=34 syncOff=0 pSz=128
APP_CRC_FAIL exp=7E7A got=99C1 seq=35 syncOff=0 pSz=128
APP_CRC_FAIL exp=7E7A got=7736 seq=36 syncOff=0 pSz=128
APP_CRC_FAIL exp=7E7A got=1188 seq=37 syncOff=0 pSz=128
APP_CRC_FAIL exp=7E4C got=1C80 seq=38 syncOff=0 pSz=128
APP_CRC_FAIL exp=7E4C got=E867 seq=39 syncOff=0 pSz=128
APP_CRC_FAIL exp=7E7A got=D14F seq=40 syncOff=0 pSz=128
APP_CRC_FAIL exp=7E4C got=25A8 seq=41 syncOff=0 pSz=128
APP_CRC_FAIL exp=7E7A got=28A0 seq=42 syncOff=0 pSz=128
APP_CRC_FAIL exp=7E7A got=E105 seq=43 syncOff=0 pSz=128
APP_CRC_FAIL exp=7E7A got=0FF2 seq=44 syncOff=0 pSz=128
APP_CRC_FAIL exp=7E4C got=FB15 seq=45 syncOff=0 pSz=128
APP_CRC_FAIL exp=7E4C got=F61D seq=46 syncOff=0 pSz=128
APP_CRC_FAIL exp=7E4C got=02FA seq=47 syncOff=0 pSz=128
APP_CRC_FAIL exp=7E4C got=844D seq=48 syncOff=0 pSz=128
APP_CRC_FAIL exp=7E4C got=70AA seq=49 syncOff=0 pSz=128
APP_CRC_FAIL exp=7E7A got=7DA2 seq=50 syncOff=0 pSz=128
APP_CRC_FAIL exp=7E4C got=4280 seq=51 syncOff=0 pSz=128
APP_CRC_FAIL exp=7E4C got=AC77 seq=52 syncOff=0 pSz=128
APP_CRC_FAIL exp=7E4C got=C743 seq=53 syncOff=0 pSz=128
APP_CRC_FAIL exp=7E4C got=CA4B seq=54 syncOff=0 pSz=128
APP_CRC_FAIL exp=7E4C got=3EAC seq=55 syncOff=0 pSz=128
APP_CRC_FAIL exp=7E7A got=0784 seq=56 syncOff=0 pSz=128
APP_CRC_FAIL exp=7E4C got=F363 seq=57 syncOff=0 pSz=128
APP_CRC_FAIL exp=7E4C got=FE6B seq=58 syncOff=0 pSz=128
APP_CRC_FAIL exp=7E7A got=0A8C seq=59 syncOff=0 pSz=128
APP_CRC_FAIL exp=7E4C got=E47B seq=60 syncOff=0 pSz=128
APP_CRC_FAIL exp=7E4C got=109C seq=61 syncOff=0 pSz=128
APP_CRC_FAIL exp=7E7A got=1D94 seq=62 syncOff=0 pSz=128
APP_CRC_FAIL exp=7E4C got=4BE2 seq=63 syncOff=0 pSz=128
APP_CRC_FAIL exp=7E7A got=7C74 seq=64 syncOff=0 pSz=128
APP_CRC_FAIL exp=7E4C got=8893 seq=65 syncOff=0 pSz=128
APP_CRC_FAIL exp=7E7A got=859B seq=66 syncOff=0 pSz=128
APP_CRC_FAIL exp=7E7A got=717C seq=67 syncOff=0 pSz=128
APP_CRC_FAIL exp=7E4C got=9F8B seq=68 syncOff=0 pSz=128
APP_CRC_FAIL exp=7E7A got=6B6C seq=69 syncOff=0 pSz=128
APP_CRC_FAIL exp=7E7A got=6664 seq=70 syncOff=0 pSz=128
APP_CRC_FAIL exp=7E4C got=9283 seq=71 syncOff=0 pSz=128
APP_CRC_FAIL exp=7E4C got=ABAB seq=72 syncOff=0 pSz=128
APP_CRC_FAIL exp=7E4C got=5F4C seq=73 syncOff=0 pSz=128
APP_CRC_FAIL exp=7E4C got=5244 seq=74 syncOff=0 pSz=128
APP_CRC_FAIL exp=7E4C got=A6A3 seq=75 syncOff=0 pSz=128
APP_CRC_FAIL exp=7E4C got=4854 seq=76 syncOff=0 pSz=128
APP_CRC_FAIL exp=7E4C got=BCB3 seq=77 syncOff=0 pSz=128
APP_CRC_FAIL exp=7E7A got=B1BB seq=78 syncOff=0 pSz=128
APP_CRC_FAIL exp=7E4C got=455C seq=79 syncOff=0 pSz=128
APP_CRC_FAIL exp=7E4C got=C3EB seq=80 syncOff=0 pSz=128
APP_CRC_FAIL exp=7E4C got=370C seq=81 syncOff=0 pSz=128
APP_CRC_FAIL exp=7E7A got=3A04 seq=82 syncOff=0 pSz=128
APP_CRC_FAIL exp=7E7A got=6C72 seq=83 syncOff=0 pSz=128
PHASE_RESULT 18 HF-FLRC-1300-128 pktSize=128 rx=0 unique=0 lost=100 per=100.0 rssi_avg=-46 rssi_min=-46 crc_err=69 garbage=14 tx_lat=0.00000 tx_lon=0.00000 sats=0 fix=0 utc=0 tx_fw=none rx_fw=unknown
PHASE_GUARD 500
PHASE_START 19 HF-FLRC-1300-255 pktSize=255
PHASE_RESULT 19 HF-FLRC-1300-255 pktSize=255 rx=0 unique=0 lost=100 per=100.0 rssi_avg=0 rssi_min=0 crc_err=0 garbage=0 tx_lat=0.00000 tx_lon=0.00000 sats=0 fix=0 utc=0 tx_fw=none rx_fw=unknown
PHASE_GUARD 500
PHASE_START 20 HF-FLRC-2600-32 pktSize=32
APP_CRC_FAIL exp=1E18 got=5738 seq=0 syncOff=0 pSz=32
APP_CRC_FAIL exp=1E18 got=BC1B seq=1 syncOff=0 pSz=32
SYNC_NOT_FOUND first4=D032E6F5
SYNC_NOT_FOUND first4=35656A15
SYNC_NOT_FOUND first4=6B6E6F77
SYNC_LOST phase=20 consecutive=3 cached_off=0
SYNC_OFFSET phase=20 off=0 prev=-1
APP_CRC_FAIL exp=1E18 got=4E4D seq=6 syncOff=0 pSz=32
SYNC_NOT_FOUND first4=D032E6F5
SYNC_NOT_FOUND first4=35656A15
SYNC_NOT_FOUND first4=6B6E6F77
SYNC_LOST phase=20 consecutive=3 cached_off=0
SYNC_OFFSET phase=20 off=0 prev=-1
APP_CRC_FAIL exp=1E18 got=AD38 seq=11 syncOff=0 pSz=32
SYNC_NOT_FOUND first4=C032E6F5
SYNC_NOT_FOUND first4=35656A15
SYNC_NOT_FOUND first4=6B6E6F77
SYNC_LOST phase=20 consecutive=3 cached_off=0
SYNC_OFFSET phase=20 off=0 prev=-1
APP_CRC_FAIL exp=1E1C got=F8CC seq=16 syncOff=0 pSz=32
APP_CRC_FAIL exp=1E18 got=F0CA seq=17 syncOff=0 pSz=32
APP_CRC_FAIL exp=1E18 got=DD8E seq=18 syncOff=0 pSz=32
APP_CRC_FAIL exp=1E18 got=36AD seq=19 syncOff=0 pSz=32
APP_CRC_FAIL exp=1E18 got=8706 seq=20 syncOff=0 pSz=32
APP_CRC_FAIL exp=1E18 got=6C25 seq=21 syncOff=0 pSz=32
APP_CRC_FAIL exp=1E18 got=4161 seq=22 syncOff=0 pSz=32
APP_CRC_FAIL exp=1E18 got=EB0E seq=23 syncOff=0 pSz=32
APP_CRC_FAIL exp=1E18 got=735A seq=24 syncOff=0 pSz=32
APP_CRC_FAIL exp=1E18 got=9879 seq=25 syncOff=0 pSz=32
APP_CRC_FAIL exp=1E18 got=B53D seq=26 syncOff=0 pSz=32
APP_CRC_FAIL exp=1E18 got=5E1E seq=27 syncOff=0 pSz=32
APP_CRC_FAIL exp=1E18 got=EFB5 seq=28 syncOff=0 pSz=32
APP_CRC_FAIL exp=1E18 got=0496 seq=29 syncOff=0 pSz=32
APP_CRC_FAIL exp=1E18 got=29D2 seq=30 syncOff=0 pSz=32
APP_CRC_FAIL exp=1E18 got=C2F1 seq=31 syncOff=0 pSz=32
APP_CRC_FAIL exp=1E18 got=AEA7 seq=32 syncOff=0 pSz=32
APP_CRC_FAIL exp=1E18 got=4584 seq=33 syncOff=0 pSz=32
APP_CRC_FAIL exp=1E18 got=D586 seq=34 syncOff=0 pSz=32
APP_CRC_FAIL exp=1E18 got=3EA5 seq=35 syncOff=0 pSz=32
APP_CRC_FAIL exp=1E18 got=8F0E seq=36 syncOff=0 pSz=32
APP_CRC_FAIL exp=1E18 got=642D seq=37 syncOff=0 pSz=32
APP_CRC_FAIL exp=1E18 got=4969 seq=38 syncOff=0 pSz=32
APP_CRC_FAIL exp=1E18 got=A24A seq=39 syncOff=0 pSz=32
APP_CRC_FAIL exp=1E18 got=3A1E seq=40 syncOff=0 pSz=32
APP_CRC_FAIL exp=1E18 got=D13D seq=41 syncOff=0 pSz=32
APP_CRC_FAIL exp=1E18 got=FC79 seq=42 syncOff=0 pSz=32
APP_CRC_FAIL exp=1E18 got=175A seq=43 syncOff=0 pSz=32
APP_CRC_FAIL exp=1E18 got=A6F1 seq=44 syncOff=0 pSz=32
APP_CRC_FAIL exp=1E18 got=4DD2 seq=45 syncOff=0 pSz=32
APP_CRC_FAIL exp=1E18 got=6096 seq=46 syncOff=0 pSz=32
APP_CRC_FAIL exp=1E18 got=8BB5 seq=47 syncOff=0 pSz=32
APP_CRC_FAIL exp=1E18 got=401F seq=48 syncOff=0 pSz=32
APP_CRC_FAIL exp=1E18 got=AB3C seq=49 syncOff=0 pSz=32
APP_CRC_FAIL exp=1CBC got=2884 seq=50 syncOff=0 pSz=32
APP_CRC_FAIL exp=1E18 got=C3A7 seq=51 syncOff=0 pSz=32
APP_CRC_FAIL exp=1E18 got=720C seq=52 syncOff=0 pSz=32
APP_CRC_FAIL exp=1E18 got=992F seq=53 syncOff=0 pSz=32
APP_CRC_FAIL exp=1E18 got=B46B seq=54 syncOff=0 pSz=32
APP_CRC_FAIL exp=1E18 got=5F48 seq=55 syncOff=0 pSz=32
APP_CRC_FAIL exp=1E18 got=7A5A seq=56 syncOff=0 pSz=32
APP_CRC_FAIL exp=1E18 got=9179 seq=57 syncOff=0 pSz=32
APP_CRC_FAIL exp=1E18 got=BC3D seq=58 syncOff=0 pSz=32
APP_CRC_FAIL exp=1E18 got=571E seq=59 syncOff=0 pSz=32
APP_CRC_FAIL exp=1E18 got=E6B5 seq=60 syncOff=0 pSz=32
APP_CRC_FAIL exp=1E18 got=0D96 seq=61 syncOff=0 pSz=32
APP_CRC_FAIL exp=1E18 got=20D2 seq=62 syncOff=0 pSz=32
APP_CRC_FAIL exp=1E18 got=C940 seq=63 syncOff=0 pSz=32
APP_CRC_FAIL exp=1E18 got=FACF seq=64 syncOff=0 pSz=32
APP_CRC_FAIL exp=1E18 got=11EC seq=65 syncOff=0 pSz=32
APP_CRC_FAIL exp=1E18 got=3CA8 seq=66 syncOff=0 pSz=32
APP_CRC_FAIL exp=1E18 got=D78B seq=67 syncOff=0 pSz=32
APP_CRC_FAIL exp=1E18 got=6620 seq=68 syncOff=0 pSz=32
APP_CRC_FAIL exp=1E18 got=8D03 seq=69 syncOff=0 pSz=32
APP_CRC_FAIL exp=1E18 got=A2F6 seq=70 syncOff=0 pSz=32
APP_CRC_FAIL exp=1E18 got=49D5 seq=71 syncOff=0 pSz=32
APP_CRC_FAIL exp=1E18 got=D181 seq=72 syncOff=0 pSz=32
APP_CRC_FAIL exp=1E18 got=3AA2 seq=73 syncOff=0 pSz=32
APP_CRC_FAIL exp=1E18 got=17E6 seq=74 syncOff=0 pSz=32
APP_CRC_FAIL exp=1E18 got=FCC5 seq=75 syncOff=0 pSz=32
APP_CRC_FAIL exp=1E18 got=4D6E seq=76 syncOff=0 pSz=32
APP_CRC_FAIL exp=1E18 got=A64D seq=77 syncOff=0 pSz=32
APP_CRC_FAIL exp=1E18 got=8B09 seq=78 syncOff=0 pSz=32
APP_CRC_FAIL exp=1E18 got=602A seq=79 syncOff=0 pSz=32
APP_CRC_FAIL exp=1E18 got=AB80 seq=80 syncOff=0 pSz=32
APP_CRC_FAIL exp=1E18 got=40A3 seq=81 syncOff=0 pSz=32
APP_CRC_FAIL exp=1E18 got=6DE7 seq=82 syncOff=0 pSz=32
APP_CRC_FAIL exp=1E18 got=86C4 seq=83 syncOff=0 pSz=32
PHASE_RESULT 20 HF-FLRC-2600-32 pktSize=32 rx=0 unique=0 lost=100 per=100.0 rssi_avg=-46 rssi_min=-46 crc_err=72 garbage=9 tx_lat=0.00000 tx_lon=0.00000 sats=0 fix=0 utc=0 tx_fw=none rx_fw=unknown
PHASE_GUARD 500
PHASE_START 21 HF-FLRC-2600-64 pktSize=64
APP_CRC_FAIL exp=3E31 got=6CBE seq=0 syncOff=0 pSz=64
APP_CRC_FAIL exp=3E31 got=D45E seq=1 syncOff=0 pSz=64
SYNC_NOT_FOUND first4=A032E6F5
SYNC_NOT_FOUND first4=35656A16
SYNC_NOT_FOUND first4=6B6E6F77
SYNC_LOST phase=21 consecutive=3 cached_off=0
SYNC_OFFSET phase=21 off=32 prev=-1
SYNC_OOB gpsOff=36 crcLen=58 readLen=72 — skipping
SYNC_OFFSET phase=21 off=24 prev=32
SYNC_OOB gpsOff=28 crcLen=58 readLen=72 — skipping
SYNC_OFFSET phase=21 off=16 prev=24
SYNC_OOB gpsOff=20 crcLen=58 readLen=72 — skipping
SYNC_OFFSET phase=21 off=8 prev=16
APP_CRC_FAIL exp=3E31 got=BA10 seq=9 syncOff=8 pSz=64
SYNC_OFFSET phase=21 off=0 prev=8
APP_CRC_FAIL exp=3E31 got=6311 seq=10 syncOff=0 pSz=64
SYNC_NOT_FOUND first4=9032E6F5
SYNC_NOT_FOUND first4=35656A16
SYNC_NOT_FOUND first4=6B6E6F77
SYNC_LOST phase=21 consecutive=3 cached_off=0
SYNC_OFFSET phase=21 off=32 prev=-1
SYNC_OOB gpsOff=36 crcLen=58 readLen=72 — skipping
SYNC_OFFSET phase=21 off=24 prev=32
SYNC_OOB gpsOff=28 crcLen=58 readLen=72 — skipping
SYNC_OFFSET phase=21 off=16 prev=24
SYNC_OOB gpsOff=20 crcLen=58 readLen=72 — skipping
SYNC_OFFSET phase=21 off=8 prev=16
APP_CRC_FAIL exp=3E31 got=7F40 seq=18 syncOff=8 pSz=64
SYNC_OFFSET phase=21 off=0 prev=8
APP_CRC_FAIL exp=3E31 got=C7A0 seq=19 syncOff=0 pSz=64
SYNC_NOT_FOUND first4=7032E6F5
SYNC_NOT_FOUND first4=35656A16
SYNC_NOT_FOUND first4=6B6E6F77
SYNC_LOST phase=21 consecutive=3 cached_off=0
SYNC_OFFSET phase=21 off=32 prev=-1
SYNC_OOB gpsOff=36 crcLen=58 readLen=72 — skipping
SYNC_OFFSET phase=21 off=24 prev=32
SYNC_OOB gpsOff=28 crcLen=58 readLen=72 — skipping
SYNC_OFFSET phase=21 off=16 prev=24
SYNC_OOB gpsOff=20 crcLen=58 readLen=72 — skipping
SYNC_OFFSET phase=21 off=8 prev=16
APP_CRC_FAIL exp=3E31 got=5005 seq=27 syncOff=8 pSz=64
SYNC_OFFSET phase=21 off=0 prev=8
APP_CRC_FAIL exp=3E31 got=4AC6 seq=28 syncOff=0 pSz=64
APP_CRC_FAIL exp=3E31 got=A57F seq=29 syncOff=0 pSz=64
APP_CRC_FAIL exp=3E31 got=7C7E seq=30 syncOff=0 pSz=64
APP_CRC_FAIL exp=3E31 got=C49E seq=31 syncOff=0 pSz=64
APP_CRC_FAIL exp=3E31 got=0845 seq=32 syncOff=0 pSz=64
APP_CRC_FAIL exp=3E31 got=B0A5 seq=33 syncOff=0 pSz=64
APP_CRC_FAIL exp=3E31 got=B117 seq=34 syncOff=0 pSz=64
APP_CRC_FAIL exp=3E31 got=09F7 seq=35 syncOff=0 pSz=64
APP_CRC_FAIL exp=3E31 got=1334 seq=36 syncOff=0 pSz=64
APP_CRC_FAIL exp=3E31 got=ABD4 seq=37 syncOff=0 pSz=64
APP_CRC_FAIL exp=3E31 got=72D5 seq=38 syncOff=0 pSz=64
APP_CRC_FAIL exp=3E31 got=CA35 seq=39 syncOff=0 pSz=64
APP_CRC_FAIL exp=3E31 got=4753 seq=40 syncOff=0 pSz=64
APP_CRC_FAIL exp=3E31 got=FFB3 seq=41 syncOff=0 pSz=64
APP_CRC_FAIL exp=3E31 got=26B2 seq=42 syncOff=0 pSz=64
APP_CRC_FAIL exp=3E31 got=9E52 seq=43 syncOff=0 pSz=64
APP_CRC_FAIL exp=3E31 got=8491 seq=44 syncOff=0 pSz=64
APP_CRC_FAIL exp=3E31 got=3C71 seq=45 syncOff=0 pSz=64
APP_CRC_FAIL exp=3E31 got=E570 seq=46 syncOff=0 pSz=64
APP_CRC_FAIL exp=3E31 got=5D90 seq=47 syncOff=0 pSz=64
APP_CRC_FAIL exp=3E31 got=EF9D seq=48 syncOff=0 pSz=64
APP_CRC_FAIL exp=3E31 got=577D seq=49 syncOff=0 pSz=64
APP_CRC_FAIL exp=3E31 got=C87B seq=50 syncOff=0 pSz=64
APP_CRC_FAIL exp=3E31 got=709B seq=51 syncOff=0 pSz=64
APP_CRC_FAIL exp=3E31 got=6A58 seq=52 syncOff=0 pSz=64
APP_CRC_FAIL exp=3E31 got=5D52 seq=53 syncOff=0 pSz=64
APP_CRC_FAIL exp=3E31 got=8453 seq=54 syncOff=0 pSz=64
APP_CRC_FAIL exp=3E31 got=3CB3 seq=55 syncOff=0 pSz=64
APP_CRC_FAIL exp=3E31 got=B1D5 seq=56 syncOff=0 pSz=64
APP_CRC_FAIL exp=3E31 got=0935 seq=57 syncOff=0 pSz=64
APP_CRC_FAIL exp=3E31 got=D034 seq=58 syncOff=0 pSz=64
APP_CRC_FAIL exp=3E31 got=68D4 seq=59 syncOff=0 pSz=64
APP_CRC_FAIL exp=3E31 got=7217 seq=60 syncOff=0 pSz=64
APP_CRC_FAIL exp=3E31 got=CAF7 seq=61 syncOff=0 pSz=64
APP_CRC_FAIL exp=3E31 got=13F6 seq=62 syncOff=0 pSz=64
APP_CRC_FAIL exp=3E31 got=AB16 seq=63 syncOff=0 pSz=64
APP_CRC_FAIL exp=3E31 got=9A61 seq=64 syncOff=0 pSz=64
APP_CRC_FAIL exp=3E31 got=2281 seq=65 syncOff=0 pSz=64
APP_CRC_FAIL exp=3E31 got=FB80 seq=66 syncOff=0 pSz=64
APP_CRC_FAIL exp=3E31 got=3A1D seq=67 syncOff=0 pSz=64
APP_CRC_FAIL exp=3E31 got=20DE seq=68 syncOff=0 pSz=64
APP_CRC_FAIL exp=3E3A got=983E seq=69 syncOff=0 pSz=64
APP_CRC_FAIL exp=3E31 got=413F seq=70 syncOff=0 pSz=64
APP_CRC_FAIL exp=3E31 got=F9DF seq=71 syncOff=0 pSz=64
APP_CRC_FAIL exp=3E31 got=74B9 seq=72 syncOff=0 pSz=64
APP_CRC_FAIL exp=3E31 got=CC59 seq=73 syncOff=0 pSz=64
APP_CRC_FAIL exp=3E31 got=1558 seq=74 syncOff=0 pSz=64
APP_CRC_FAIL exp=3E31 got=ADB8 seq=75 syncOff=0 pSz=64
APP_CRC_FAIL exp=3E31 got=CE06 seq=76 syncOff=0 pSz=64
APP_CRC_FAIL exp=3E31 got=76E6 seq=77 syncOff=0 pSz=64
APP_CRC_FAIL exp=3E31 got=AFE7 seq=78 syncOff=0 pSz=64
APP_CRC_FAIL exp=3E3A got=1707 seq=79 syncOff=0 pSz=64
APP_CRC_FAIL exp=3E31 got=A50A seq=80 syncOff=0 pSz=64
APP_CRC_FAIL exp=3E31 got=1DEA seq=81 syncOff=0 pSz=64
APP_CRC_FAIL exp=3E31 got=C4EB seq=82 syncOff=0 pSz=64
APP_CRC_FAIL exp=3E31 got=0A0A seq=83 syncOff=0 pSz=64
PHASE_RESULT 21 HF-FLRC-2600-64 pktSize=64 rx=0 unique=0 lost=100 per=100.0 rssi_avg=-46 rssi_min=-46 crc_err=63 garbage=18 tx_lat=0.00000 tx_lon=0.00000 sats=0 fix=0 utc=0 tx_fw=none rx_fw=unknown
PHASE_GUARD 500
PHASE_START 22 HF-FLRC-2600-128 pktSize=128
APP_CRC_FAIL exp=7E7A got=7C10 seq=0 syncOff=0 pSz=128
APP_CRC_FAIL exp=7E4C got=88F7 seq=1 syncOff=0 pSz=128
SYNC_NOT_FOUND first4=5032E6F5
SYNC_NOT_FOUND first4=35656A17
SYNC_NOT_FOUND first4=35656A17
SYNC_LOST phase=22 consecutive=3 cached_off=0
SYNC_NOT_FOUND first4=6B6E6F77
SYNC_OFFSET phase=22 off=96 prev=-1
SYNC_OOB gpsOff=100 crcLen=122 readLen=136 — skipping
SYNC_OFFSET phase=22 off=88 prev=96
SYNC_OOB gpsOff=92 crcLen=122 readLen=136 — skipping
SYNC_OFFSET phase=22 off=80 prev=88
SYNC_OOB gpsOff=84 crcLen=122 readLen=136 — skipping
SYNC_OFFSET phase=22 off=72 prev=80
SYNC_OOB gpsOff=76 crcLen=122 readLen=136 — skipping
SYNC_OFFSET phase=22 off=64 prev=72
SYNC_OOB gpsOff=68 crcLen=122 readLen=136 — skipping
SYNC_OFFSET phase=22 off=56 prev=64
SYNC_OOB gpsOff=60 crcLen=122 readLen=136 — skipping
SYNC_OFFSET phase=22 off=48 prev=56
SYNC_OOB gpsOff=52 crcLen=122 readLen=136 — skipping
SYNC_OFFSET phase=22 off=40 prev=48
SYNC_OOB gpsOff=44 crcLen=122 readLen=136 — skipping
SYNC_OFFSET phase=22 off=32 prev=40
SYNC_OOB gpsOff=36 crcLen=122 readLen=136 — skipping
SYNC_OFFSET phase=22 off=24 prev=32
SYNC_OOB gpsOff=28 crcLen=122 readLen=136 — skipping
SYNC_OFFSET phase=22 off=16 prev=24
SYNC_OOB gpsOff=20 crcLen=122 readLen=136 — skipping
SYNC_OFFSET phase=22 off=8 prev=16
APP_CRC_FAIL exp=7E4C got=9D9E seq=19 syncOff=8 pSz=128
SYNC_OFFSET phase=22 off=0 prev=8
APP_CRC_FAIL exp=7E4C got=7369 seq=20 syncOff=0 pSz=128
APP_CRC_FAIL exp=7E4C got=878E seq=21 syncOff=0 pSz=128
APP_CRC_FAIL exp=7E4C got=8A86 seq=22 syncOff=0 pSz=128
APP_CRC_FAIL exp=7E4C got=7E61 seq=23 syncOff=0 pSz=128
APP_CRC_FAIL exp=7E4C got=4749 seq=24 syncOff=0 pSz=128
APP_CRC_FAIL exp=7E4C got=B3AE seq=25 syncOff=0 pSz=128
APP_CRC_FAIL exp=7E4C got=EDC3 seq=26 syncOff=0 pSz=128
APP_CRC_FAIL exp=7E7A got=1924 seq=27 syncOff=0 pSz=128
APP_CRC_FAIL exp=7E7A got=F7D3 seq=28 syncOff=0 pSz=128
APP_CRC_FAIL exp=7E7A got=E89C seq=29 syncOff=0 pSz=128
APP_CRC_FAIL exp=7E4C got=E594 seq=30 syncOff=0 pSz=128
APP_CRC_FAIL exp=7E7A got=1173 seq=31 syncOff=0 pSz=128
APP_CRC_FAIL exp=7E4C got=F8DB seq=32 syncOff=0 pSz=128
APP_CRC_FAIL exp=7E4C got=0C3C seq=33 syncOff=0 pSz=128
APP_CRC_FAIL exp=7E7A got=5251 seq=34 syncOff=0 pSz=128
APP_CRC_FAIL exp=7E4C got=A6B6 seq=35 syncOff=0 pSz=128
APP_CRC_FAIL exp=7E7A got=1B24 seq=36 syncOff=0 pSz=128
APP_CRC_FAIL exp=7E4C got=EFC3 seq=37 syncOff=0 pSz=128
APP_CRC_FAIL exp=7E7A got=E2CB seq=38 syncOff=0 pSz=128
APP_CRC_FAIL exp=7E4C got=162C seq=39 syncOff=0 pSz=128
APP_CRC_FAIL exp=7E4C got=2F04 seq=40 syncOff=0 pSz=128
APP_CRC_FAIL exp=7E7A got=DBE3 seq=41 syncOff=0 pSz=128
APP_CRC_FAIL exp=7E4C got=D6EB seq=42 syncOff=0 pSz=128
APP_CRC_FAIL exp=7E4C got=220C seq=43 syncOff=0 pSz=128
APP_CRC_FAIL exp=7E4C got=CCFB seq=44 syncOff=0 pSz=128
APP_CRC_FAIL exp=7E4C got=381C seq=45 syncOff=0 pSz=128
APP_CRC_FAIL exp=7E4C got=8DD9 seq=46 syncOff=0 pSz=128
APP_CRC_FAIL exp=7E4C got=793E seq=47 syncOff=0 pSz=128
APP_CRC_FAIL exp=7E4C got=FF89 seq=48 syncOff=0 pSz=128
APP_CRC_FAIL exp=7E4C got=0B6E seq=49 syncOff=0 pSz=128
APP_CRC_FAIL exp=7E4C got=CDA3 seq=50 syncOff=0 pSz=128
APP_CRC_FAIL exp=7E7A got=3944 seq=51 syncOff=0 pSz=128
APP_CRC_FAIL exp=7E7A got=D7B3 seq=52 syncOff=0 pSz=128
APP_CRC_FAIL exp=7E4C got=2354 seq=53 syncOff=0 pSz=128
APP_CRC_FAIL exp=7E7A got=2E5C seq=54 syncOff=0 pSz=128
APP_CRC_FAIL exp=7E4C got=DABB seq=55 syncOff=0 pSz=128
APP_CRC_FAIL exp=7E4C got=22AF seq=56 syncOff=0 pSz=128
APP_CRC_FAIL exp=7E4C got=D648 seq=57 syncOff=0 pSz=128
APP_CRC_FAIL exp=7E7A got=DB40 seq=58 syncOff=0 pSz=128
APP_CRC_FAIL exp=7E4C got=2FA7 seq=59 syncOff=0 pSz=128
APP_CRC_FAIL exp=7E4C got=C150 seq=60 syncOff=0 pSz=128
APP_CRC_FAIL exp=7E4C got=35B7 seq=61 syncOff=0 pSz=128
APP_CRC_FAIL exp=7E4C got=38BF seq=62 syncOff=0 pSz=128
APP_CRC_FAIL exp=7E4C got=CC58 seq=63 syncOff=0 pSz=128
APP_CRC_FAIL exp=7E7A got=FBCE seq=64 syncOff=0 pSz=128
APP_CRC_FAIL exp=7E7A got=0F29 seq=65 syncOff=0 pSz=128
APP_CRC_FAIL exp=7E7A got=0221 seq=66 syncOff=0 pSz=128
PHASE_RESULT 22 HF-FLRC-2600-128 pktSize=128 rx=0 unique=0 lost=100 per=100.0 rssi_avg=-46 rssi_min=-46 crc_err=50 garbage=15 tx_lat=0.00000 tx_lon=0.00000 sats=0 fix=0 utc=0 tx_fw=none rx_fw=unknown
PHASE_GUARD 500
PHASE_START 23 HF-FLRC-2600-255 pktSize=255
PHASE_RESULT 23 HF-FLRC-2600-255 pktSize=255 rx=0 unique=0 lost=100 per=100.0 rssi_avg=0 rssi_min=0 crc_err=0 garbage=0 tx_lat=0.00000 tx_lon=0.00000 sats=0 fix=0 utc=0 tx_fw=none rx_fw=unknown
PHASE_GUARD 1000
LORA_CFG path=1 bw=0x0F sf=12 freq=2440.0
PHASE_START 24 HF-LoRa-SF12-32 pktSize=32
APP_CRC_FAIL exp=1E1F got=0035 seq=0 syncOff=0 pSz=32
PHASE_RESULT 24 HF-LoRa-SF12-32 pktSize=32 rx=0 unique=0 lost=2 per=100.0 rssi_avg=-16 rssi_min=-16 crc_err=1 garbage=0 tx_lat=0.00000 tx_lon=0.00000 sats=0 fix=0 utc=0 tx_fw=none rx_fw=unknown
PHASE_GUARD 500
LORA_CFG path=1 bw=0x0F sf=12 freq=2440.0
PHASE_START 25 HF-LoRa-SF12-64 pktSize=64
APP_CRC_FAIL exp=3E3F got=88D1 seq=0 syncOff=0 pSz=64
PHASE_RESULT 25 HF-LoRa-SF12-64 pktSize=64 rx=0 unique=0 lost=1 per=100.0 rssi_avg=-15 rssi_min=-15 crc_err=1 garbage=0 tx_lat=0.00000 tx_lon=0.00000 sats=0 fix=0 utc=0 tx_fw=none rx_fw=unknown
PHASE_GUARD 500
LORA_CFG path=1 bw=0x0F sf=12 freq=2440.0
PHASE_START 26 HF-LoRa-SF12-128 pktSize=128
APP_CRC_FAIL exp=7E7F got=2BE2 seq=0 syncOff=0 pSz=128
PHASE_RESULT 26 HF-LoRa-SF12-128 pktSize=128 rx=0 unique=0 lost=1 per=100.0 rssi_avg=-16 rssi_min=-16 crc_err=1 garbage=0 tx_lat=0.00000 tx_lon=0.00000 sats=0 fix=0 utc=0 tx_fw=none rx_fw=unknown
PHASE_GUARD 500
LORA_CFG path=1 bw=0x0F sf=12 freq=2440.0
PHASE_START 27 HF-LoRa-SF12-255 pktSize=255
PHASE_RESULT 27 HF-LoRa-SF12-255 pktSize=255 rx=0 unique=0 lost=1 per=100.0 rssi_avg=0 rssi_min=0 crc_err=0 garbage=0 tx_lat=0.00000 tx_lon=0.00000 sats=0 fix=0 utc=0 tx_fw=none rx_fw=unknown
PHASE_GUARD 1000
LORA_CFG path=0 bw=0x05 sf=7 freq=868.0
PHASE_START 28 LF-LoRa-SF7-32 pktSize=32
APP_CRC_FAIL exp=1E1F got=140D seq=5 syncOff=0 pSz=32
APP_CRC_FAIL exp=1E1F got=C7F2 seq=6 syncOff=0 pSz=32
APP_CRC_FAIL exp=1E1F got=2CD1 seq=7 syncOff=0 pSz=32
APP_CRC_FAIL exp=1E1F got=9DD5 seq=8 syncOff=0 pSz=32
APP_CRC_FAIL exp=1E1F got=7971 seq=9 syncOff=0 pSz=32
SYNC_NOT_FOUND first4=63D1D880
APP_CRC_FAIL exp=1E1F got=E738 seq=10 syncOff=0 pSz=32
SYNC_NOT_FOUND first4=6FF0E8EE
APP_CRC_FAIL exp=1E1F got=0C1B seq=11 syncOff=0 pSz=32
APP_CRC_FAIL exp=1E1F got=BDB0 seq=12 syncOff=0 pSz=32
APP_CRC_FAIL exp=1E1F got=EBD5 seq=13 syncOff=0 pSz=32
APP_CRC_FAIL exp=1E1F got=C691 seq=14 syncOff=0 pSz=32
APP_CRC_FAIL exp=1E1F got=73D1 seq=15 syncOff=0 pSz=32
PHASE_RESULT 28 LF-LoRa-SF7-32 pktSize=32 rx=0 unique=0 lost=20 per=100.0 rssi_avg=-30 rssi_min=-30 crc_err=11 garbage=2 tx_lat=0.00000 tx_lon=0.00000 sats=0 fix=0 utc=0 tx_fw=none rx_fw=unknown
PHASE_GUARD 500
LORA_CFG path=0 bw=0x05 sf=7 freq=868.0
PHASE_START 29 LF-LoRa-SF7-64 pktSize=64
TIME_DIFF gps_utc=1785017818 laptop_utc=1785017815 offset=3
LORA_RAW: 165 90 66 36 224 86 116 19 64 47 230 245 6 0 1 218 53 101
PKT rx=1 seq=17 rssi=-29 phase=29 rx_ms=358286 tx_lat=32.63915 tx_lon=-16.94640 sats=6 fix=1 utc=1785017818 tx_fw=unknown
BER seq=17 bits=264 errs=0 ber=0.00e+00
APP_CRC_FAIL exp=3E3F got=C094 seq=0 syncOff=0 pSz=64
APP_CRC_FAIL exp=3E3F got=7874 seq=1 syncOff=0 pSz=64
SYNC_NOT_FOUND first4=9DA3F4F0
APP_CRC_FAIL exp=3E3F got=6C97 seq=2 syncOff=0 pSz=64
SYNC_NOT_FOUND first4=9DA3F4F0
APP_CRC_FAIL exp=3E3F got=D477 seq=3 syncOff=0 pSz=64
APP_CRC_FAIL exp=3E3F got=CEB4 seq=4 syncOff=0 pSz=64
APP_CRC_FAIL exp=3E3F got=6F9D seq=5 syncOff=0 pSz=64
SYNC_NOT_FOUND first4=9DA3F4F0
APP_CRC_FAIL exp=3E3F got=6EA6 seq=6 syncOff=0 pSz=64
APP_CRC_FAIL exp=3E3F got=35B1 seq=7 syncOff=0 pSz=64
APP_CRC_FAIL exp=3E3F got=7535 seq=8 syncOff=0 pSz=64
PHASE_RESULT 29 LF-LoRa-SF7-64 pktSize=64 rx=1 unique=1 lost=19 per=95.0 rssi_avg=-30 rssi_min=-30 crc_err=9 garbage=3 tx_lat=32.63915 tx_lon=-16.94640 sats=6 fix=1 utc=1785017818 tx_fw=unknown rx_fw=unknown
PHASE_GUARD 500
LORA_CFG path=0 bw=0x05 sf=7 freq=868.0
PHASE_START 30 LF-LoRa-SF7-128 pktSize=128
TIME_DIFF gps_utc=1785017821 laptop_utc=1785017818 offset=3
LORA_RAW: 165 90 66 36 128 86 116 19 224 47 230 245 6 0 1 221 53 101
PKT rx=1 seq=9 rssi=-30 phase=30 rx_ms=361363 tx_lat=32.63914 tx_lon=-16.94638 sats=6 fix=1 utc=1785017821 tx_fw=unknown
BER seq=9 bits=776 errs=0 ber=0.00e+00
TIME_DIFF gps_utc=1785017821 laptop_utc=1785017818 offset=3
PKT rx=2 seq=10 rssi=-29 phase=30 rx_ms=361674 tx_lat=32.63914 tx_lon=-16.94638 sats=6 fix=1 utc=1785017821 tx_fw=unknown
BER seq=10 bits=776 errs=0 ber=0.00e+00
TIME_DIFF gps_utc=1785017822 laptop_utc=1785017818 offset=4
PKT rx=3 seq=11 rssi=-29 phase=30 rx_ms=361991 tx_lat=32.63914 tx_lon=-16.94638 sats=6 fix=1 utc=1785017822 tx_fw=unknown
BER seq=11 bits=776 errs=0 ber=0.00e+00
APP_CRC_FAIL exp=7E7F got=40C7 seq=0 syncOff=0 pSz=128
SYNC_NOT_FOUND first4=F8B4095B
APP_CRC_FAIL exp=7E7F got=2642 seq=1 syncOff=0 pSz=128
SYNC_NOT_FOUND first4=8752ECD3
APP_CRC_FAIL exp=7E7F got=3300 seq=2 syncOff=0 pSz=128
APP_CRC_FAIL exp=7E7F got=470D seq=3 syncOff=0 pSz=128
APP_CRC_FAIL exp=7E7F got=5C55 seq=4 syncOff=0 pSz=128
PHASE_RESULT 30 LF-LoRa-SF7-128 pktSize=128 rx=3 unique=3 lost=10 per=76.9 rssi_avg=-30 rssi_min=-30 crc_err=5 garbage=2 tx_lat=32.63914 tx_lon=-16.94638 sats=6 fix=1 utc=1785017822 tx_fw=unknown rx_fw=unknown
PHASE_GUARD 500
LORA_CFG path=0 bw=0x05 sf=7 freq=868.0
PHASE_START 31 LF-LoRa-SF7-255 pktSize=255
TIME_DIFF gps_utc=1785017826 laptop_utc=1785017823 offset=3
LORA_RAW: 165 90 66 36 0 87 116 19 32 47 230 245 6 0 1 226 53 101
PKT rx=1 seq=5 rssi=-30 phase=31 rx_ms=366536 tx_lat=32.63916 tx_lon=-16.94640 sats=6 fix=1 utc=1785017826 tx_fw=unknown
BER seq=5 bits=1792 errs=0 ber=0.00e+00
TIME_DIFF gps_utc=1785017827 laptop_utc=1785017824 offset=3
PKT rx=2 seq=6 rssi=-30 phase=31 rx_ms=367145 tx_lat=32.63916 tx_lon=-16.94640 sats=6 fix=1 utc=1785017827 tx_fw=unknown
BER seq=6 bits=1792 errs=0 ber=0.00e+00
PHASE_RESULT 31 LF-LoRa-SF7-255 pktSize=255 rx=2 unique=2 lost=5 per=71.4 rssi_avg=-30 rssi_min=-30 crc_err=0 garbage=0 tx_lat=32.63916 tx_lon=-16.94640 sats=6 fix=1 utc=1785017827 tx_fw=unknown rx_fw=unknown
PHASE_GUARD 500
LORA_CFG path=0 bw=0x05 sf=9 freq=868.0
PHASE_START 32 LF-LoRa-SF9-32 pktSize=32
TIME_DIFF gps_utc=1785017830 laptop_utc=1785017827 offset=3
LORA_RAW: 165 90 66 36 128 86 116 19 240 47 230 245 6 0 1 230 53 101
PKT rx=1 seq=5 rssi=-27 phase=32 rx_ms=370766 tx_lat=32.63914 tx_lon=-16.94638 sats=6 fix=1 utc=1785017830 tx_fw=unknown
BER seq=5 bits=8 errs=0 ber=0.00e+00
APP_CRC_FAIL exp=1E1F got=A24F seq=0 syncOff=0 pSz=32
SYNC_NOT_FOUND first4=AE2E6889
APP_CRC_FAIL exp=1E1F got=8019 seq=1 syncOff=0 pSz=32
SYNC_NOT_FOUND first4=B52EC890
APP_CRC_FAIL exp=1E1F got=CF72 seq=2 syncOff=0 pSz=32
PHASE_RESULT 32 LF-LoRa-SF9-32 pktSize=32 rx=1 unique=1 lost=6 per=85.7 rssi_avg=-27 rssi_min=-28 crc_err=3 garbage=2 tx_lat=32.63914 tx_lon=-16.94638 sats=6 fix=1 utc=1785017830 tx_fw=unknown rx_fw=unknown
PHASE_GUARD 500
LORA_CFG path=0 bw=0x05 sf=9 freq=868.0
PHASE_START 33 LF-LoRa-SF9-64 pktSize=64
TIME_STATS min=3000ms max=4000ms avg=3107ms corrections=0
APP_CRC_FAIL exp=3E3F got=039F seq=0 syncOff=0 pSz=64
PHASE_RESULT 33 LF-LoRa-SF9-64 pktSize=64 rx=0 unique=0 lost=3 per=100.0 rssi_avg=-28 rssi_min=-28 crc_err=1 garbage=0 tx_lat=0.00000 tx_lon=0.00000 sats=0 fix=0 utc=0 tx_fw=none rx_fw=unknown
PHASE_GUARD 500
LORA_CFG path=0 bw=0x05 sf=9 freq=868.0
PHASE_START 34 LF-LoRa-SF9-128 pktSize=128
APP_CRC_FAIL exp=7E7F got=14F8 seq=0 syncOff=0 pSz=128
PHASE_RESULT 34 LF-LoRa-SF9-128 pktSize=128 rx=0 unique=0 lost=1 per=100.0 rssi_avg=-27 rssi_min=-27 crc_err=1 garbage=0 tx_lat=0.00000 tx_lon=0.00000 sats=0 fix=0 utc=0 tx_fw=none rx_fw=unknown
PHASE_GUARD 500
LORA_CFG path=0 bw=0x05 sf=9 freq=868.0
PHASE_START 35 LF-LoRa-SF9-255 pktSize=255
PHASE_RESULT 35 LF-LoRa-SF9-255 pktSize=255 rx=0 unique=0 lost=1 per=100.0 rssi_avg=0 rssi_min=0 crc_err=0 garbage=0 tx_lat=0.00000 tx_lon=0.00000 sats=0 fix=0 utc=0 tx_fw=none rx_fw=unknown
PHASE_GUARD 500
LORA_CFG path=0 bw=0x05 sf=12 freq=868.0
PHASE_START 36 LF-LoRa-SF12-32 pktSize=32
