# rx_capture segment start 2026-07-26T12:36:49.651643+00:00
# rotation=1800s
2026-07-26T12:36:49.651703+00:00 TIME_SYNCED utc=1785069408 offset=1785062474
2026-07-26T12:36:51.707488+00:00 TIME_SYNCED utc=1785069411 offset=1785062474
2026-07-26T12:36:55.880407+00:00 PHASE_RESULT 36 LF-LoRa-SF12-32 pktSize=32 rx=0 unique=0 lost=1 per=100.0 rssi_avg=0 rssi_min=0 crc_err=0 garbage=0 tx_lat=0.00000 tx_lon=0.00000 sats=0 fix=0 utc=0 tx_fw=none rx_fw=unknown
PHASE_GUARD 500
LORA_CFG path=0 bw=0x05 sf=12
PHASE_START 37 LF-LoRa-SF12-SKIP SKIP pktSize=64
2026-07-26T12:36:56.885201+00:00 PHASE_RESULT 37 LF-LoRa-SF12-SKIP pktSize=64 rx=0 unique=0 lost=0 per=0.0 rssi_avg=0 rssi_min=0 crc_err=0 garbage=0 tx_lat=0.00000 tx_lon=0.00000 sats=0 fix=0 utc=0 tx_fw=none rx_fw=unknown
PHASE_GUARD 500
LORA_CFG path=0 bw=0x05 sf=12
PHASE_START 38 LF-LoRa-SF12-SKIP SKIP pktSize=128
2026-07-26T12:36:57.889947+00:00 PHASE_RESULT 38 LF-LoRa-SF12-SKIP pktSize=128 rx=0 unique=0 lost=0 per=0.0 rssi_avg=0 rssi_min=0 crc_err=0 garbage=0 tx_lat=0.00000 tx_lon=0.00000 sats=0 fix=0 utc=0 tx_fw=none rx_fw=unknown
PHASE_GUARD 500
LORA_CFG path=0 bw=0x05 sf=12
PHASE_START 39 LF-LoRa-SF12-SKIP SKIP pktSize=255
2026-07-26T12:36:58.915236+00:00 PHASE_RESULT 39 LF-LoRa-SF12-SKIP pktSize=255 rx=0 unique=0 lost=0 per=0.0 rssi_avg=0 rssi_min=0 crc_err=0 garbage=0 tx_lat=0.00000 tx_lon=0.00000 sats=0 fix=0 utc=0 tx_fw=none rx_fw=unknown
PHASE_GUARD 500
PHASE_START 40 LF-FLRC-2600-32 pktSize=32
2026-07-26T12:36:59.919681+00:00 TIME_SYNCED utc=1785069418 offset=1785062474
SYNC_NOT_FOUND first4=1E767871
2026-07-26T12:37:00.928968+00:00 SYNC_NOT_FOUND first4=3CCAF11A
PHASE_RESULT 40 LF-FLRC-2600-32 pktSize=32 rx=0 unique=0 lost=100 per=100.0 rssi_avg=0 rssi_min=0 crc_err=0 garbage=2 tx_lat=0.00000 tx_lon=0.00000 sats=0 fix=0 utc=0 tx_fw=none rx_fw=unknown
PHASE_GUARD 500
PHASE_START 41 LF-FLRC-2600-64 pktSize=64
SYNC_NOT_FOUND first4=1EC86A54
2026-07-26T12:37:01.941223+00:00 TIME_SYNCED utc=1785069421 offset=1785062474
2026-07-26T12:37:02.960909+00:00 SYNC_NOT_FOUND first4=71ED0E58
PHASE_RESULT 41 LF-FLRC-2600-64 pktSize=64 rx=0 unique=0 lost=100 per=100.0 rssi_avg=0 rssi_min=0 crc_err=0 garbage=2 tx_lat=0.00000 tx_lon=0.00000 sats=0 fix=0 utc=0 tx_fw=none rx_fw=unknown
PHASE_GUARD 500
PHASE_START 42 LF-FLRC-2600-128 pktSize=128
2026-07-26T12:37:03.972723+00:00 SYNC_NOT_FOUND first4=882D4F59
SYNC_NOT_FOUND first4=E5E7C573
2026-07-26T12:37:04.983193+00:00 PHASE_RESULT 42 LF-FLRC-2600-128 pktSize=128 rx=0 unique=0 lost=100 per=100.0 rssi_avg=0 rssi_min=0 crc_err=0 garbage=2 tx_lat=0.00000 tx_lon=0.00000 sats=0 fix=0 utc=0 tx_fw=none rx_fw=unknown
PHASE_GUARD 500
PHASE_START 43 LF-FLRC-2600-255 pktSize=255
2026-07-26T12:37:05.993637+00:00 SYNC_NOT_FOUND first4=0DD8C35E
SYNC_NOT_FOUND first4=CBCF4CBA
2026-07-26T12:37:07.004230+00:00 PHASE_RESULT 43 LF-FLRC-2600-255 pktSize=255 rx=0 unique=0 lost=100 per=100.0 rssi_avg=0 rssi_min=0 crc_err=0 garbage=2 tx_lat=0.00000 tx_lon=0.00000 sats=0 fix=0 utc=0 tx_fw=none rx_fw=unknown
PHASE_GUARD 500
PHASE_START 44 LF-FLRC-1300-32 pktSize=32
2026-07-26T12:37:09.069457+00:00 PHASE_RESULT 44 LF-FLRC-1300-32 pktSize=32 rx=0 unique=0 lost=100 per=100.0 rssi_avg=0 rssi_min=0 crc_err=0 garbage=0 tx_lat=0.00000 tx_lon=0.00000 sats=0 fix=0 utc=0 tx_fw=none rx_fw=unknown
PHASE_GUARD 500
PHASE_START 45 LF-FLRC-1300-64 pktSize=64
SYNC_NOT_FOUND first4=383D396B
2026-07-26T12:37:10.074363+00:00 TIME_SYNCED utc=1785069429 offset=1785062475
PHASE_RESULT 45 LF-FLRC-1300-64 pktSize=64 rx=0 unique=0 lost=100 per=100.0 rssi_avg=0 rssi_min=0 crc_err=0 garbage=1 tx_lat=0.00000 tx_lon=0.00000 sats=0 fix=0 utc=0 tx_fw=none rx_fw=unknown
PHASE_GUARD 500
PHASE_START 46 LF-FLRC-1300-128 pktSize=128
2026-07-26T12:37:12.130038+00:00 PHASE_RESULT 46 LF-FLRC-1300-128 pktSize=128 rx=0 unique=0 lost=100 per=100.0 rssi_avg=0 rssi_min=0 crc_err=0 garbage=0 tx_lat=0.00000 tx_lon=0.00000 sats=0 fix=0 utc=0 tx_fw=none rx_fw=unknown
PHASE_GUARD 500
PHASE_START 47 LF-FLRC-1300-255 pktSize=255
TIME_SYNCED utc=1785069431 offset=1785062474
PHASE_RESULT 47 LF-FLRC-1300-255 pktSize=255 rx=0 unique=0 lost=100 per=100.0 rssi_avg=0 rssi_min=0 crc_err=0 garbage=0 tx_lat=0.00000 tx_lon=0.00000 sats=0 fix=0 utc=0 tx_fw=none rx_fw=unknown
PHASE_GUARD 500
PHASE_START 46 LF-FLRC-1300-128 pktSize=128
2026-07-26T12:37:13.141559+00:00 PHASE_RESULT 46 LF-FLRC-1300-128 pktSize=128 rx=0 unique=0 lost=100 per=100.0 rssi_avg=0 rssi_min=0 crc_err=0 garbage=0 tx_lat=0.00000 tx_lon=0.00000 sats=0 fix=0 utc=0 tx_fw=none rx_fw=unknown
PHASE_GUARD 500
PHASE_START 47 LF-FLRC-1300-255 pktSize=255
2026-07-26T12:37:14.153626+00:00 SYNC_NOT_FOUND first4=A60DBE7C
SYNC_NOT_FOUND first4=D5B8243C
PHASE_RESULT 47 LF-FLRC-1300-255 pktSize=255 rx=0 unique=0 lost=100 per=100.0 rssi_avg=0 rssi_min=0 crc_err=0 garbage=2 tx_lat=0.00000 tx_lon=0.00000 sats=0 fix=0 utc=0 tx_fw=none rx_fw=unknown
2026-07-26T12:37:15.164229+00:00 PHASE_GUARD 500
PHASE_START 48 LF-FLRC-650-32 pktSize=32
SYNC_NOT_FOUND first4=13421F2B
2026-07-26T12:37:16.174717+00:00 SYNC_NOT_FOUND first4=60141B74
SYNC_NOT_FOUND first4=5C90C139
PHASE_RESULT 48 LF-FLRC-650-32 pktSize=32 rx=0 unique=0 lost=100 per=100.0 rssi_avg=0 rssi_min=0 crc_err=0 garbage=3 tx_lat=0.00000 tx_lon=0.00000 sats=0 fix=0 utc=0 tx_fw=none rx_fw=unknown
PHASE_GUARD 500
2026-07-26T12:37:17.185553+00:00 PHASE_START 49 LF-FLRC-650-64 pktSize=64
SYNC_NOT_FOUND first4=1F0B148D
SYNC_NOT_FOUND first4=BD0583B9
SYNC_NOT_FOUND first4=F94B269A
2026-07-26T12:37:18.203017+00:00 SYNC_NOT_FOUND first4=E255A39A
SYNC_NOT_FOUND first4=63889542
PHASE_RESULT 49 LF-FLRC-650-64 pktSize=64 rx=0 unique=0 lost=100 per=100.0 rssi_avg=0 rssi_min=0 crc_err=0 garbage=5 tx_lat=0.00000 tx_lon=0.00000 sats=0 fix=0 utc=0 tx_fw=none rx_fw=unknown
PHASE_GUARD 500
2026-07-26T12:37:19.220225+00:00 PHASE_START 50 LF-FLRC-650-128 pktSize=128
SYNC_NOT_FOUND first4=87225F60
SYNC_NOT_FOUND first4=919E1B9E
2026-07-26T12:37:20.230866+00:00 TIME_SYNCED utc=1785069439 offset=1785062474
SYNC_NOT_FOUND first4=5CA9CDD4
PHASE_RESULT 50 LF-FLRC-650-128 pktSize=128 rx=0 unique=0 lost=100 per=100.0 rssi_avg=0 rssi_min=0 crc_err=0 garbage=3 tx_lat=0.00000 tx_lon=0.00000 sats=0 fix=0 utc=0 tx_fw=none rx_fw=unknown
PHASE_GUARD 500
2026-07-26T12:37:21.241198+00:00 PHASE_START 51 LF-FLRC-650-255 pktSize=255
SYNC_NOT_FOUND first4=6E0C09D8
SYNC_NOT_FOUND first4=E05BD68E
TIME_SYNCED utc=1785069441 offset=1785062474
2026-07-26T12:37:22.251866+00:00 PHASE_RESULT 51 LF-FLRC-650-255 pktSize=255 rx=0 unique=0 lost=100 per=100.0 rssi_avg=0 rssi_min=0 crc_err=0 garbage=2 tx_lat=0.00000 tx_lon=0.00000 sats=0 fix=0 utc=0 tx_fw=none rx_fw=unknown
PHASE_GUARD 500
2026-07-26T12:37:23.270943+00:00 PHASE_START 52 LF-FLRC-325-32 pktSize=32
2026-07-26T12:37:24.274996+00:00 PHASE_RESULT 52 LF-FLRC-325-32 pktSize=32 rx=0 unique=0 lost=100 per=100.0 rssi_avg=0 rssi_min=0 crc_err=0 garbage=0 tx_lat=0.00000 tx_lon=0.00000 sats=0 fix=0 utc=0 tx_fw=none rx_fw=unknown
PHASE_GUARD 500
2026-07-26T12:37:25.286258+00:00 PHASE_START 53 LF-FLRC-325-64 pktSize=64
2026-07-26T12:37:26.299767+00:00 PHASE_RESULT 53 LF-FLRC-325-64 pktSize=64 rx=0 unique=0 lost=100 per=100.0 rssi_avg=0 rssi_min=0 crc_err=0 garbage=0 tx_lat=0.00000 tx_lon=0.00000 sats=0 fix=0 utc=0 tx_fw=none rx_fw=unknown
PHASE_GUARD 500
PHASE_START 54 LF-FLRC-325-128 pktSize=128
2026-07-26T12:37:28.356761+00:00 PHASE_RESULT 54 LF-FLRC-325-128 pktSize=128 rx=0 unique=0 lost=100 per=100.0 rssi_avg=0 rssi_min=0 crc_err=0 garbage=0 tx_lat=0.00000 tx_lon=0.00000 sats=0 fix=0 utc=0 tx_fw=none rx_fw=unknown
PHASE_GUARD 500
PHASE_START 55 LF-FLRC-325-255 pktSize=255
2026-07-26T12:37:30.422152+00:00 TIME_SYNCED utc=1785069449 offset=1785062474
PHASE_RESULT 55 LF-FLRC-325-255 pktSize=255 rx=0 unique=0 lost=100 per=100.0 rssi_avg=0 rssi_min=0 crc_err=0 garbage=0 tx_lat=0.00000 tx_lon=0.00000 sats=0 fix=0 utc=0 tx_fw=none rx_fw=unknown
PHASE_GUARD 500
LORA_CFG path=1 bw=0x0F sf=7
PHASE_START 0 HF-LoRa-SF7-32 pktSize=32
2026-07-26T12:37:31.433299+00:00 TIME_SYNCED utc=1785069451 offset=1785062474
2026-07-26T12:37:32.436955+00:00 PHASE_RESULT 0 HF-LoRa-SF7-32 pktSize=32 rx=0 unique=0 lost=20 per=100.0 rssi_avg=0 rssi_min=0 crc_err=0 garbage=0 tx_lat=0.00000 tx_lon=0.00000 sats=0 fix=0 utc=0 tx_fw=none rx_fw=unknown
PHASE_GUARD 500
LORA_CFG path=1 bw=0x0F sf=7
PHASE_START 1 HF-LoRa-SF7-64 pktSize=64
2026-07-26T12:37:34.506298+00:00 PHASE_RESULT 1 HF-LoRa-SF7-64 pktSize=64 rx=0 unique=0 lost=20 per=100.0 rssi_avg=0 rssi_min=0 crc_err=0 garbage=0 tx_lat=0.00000 tx_lon=0.00000 sats=0 fix=0 utc=0 tx_fw=none rx_fw=unknown
PHASE_GUARD 500
LORA_CFG path=1 bw=0x0F sf=7
PHASE_START 2 HF-LoRa-SF7-128 pktSize=128
2026-07-26T12:37:36.569054+00:00 PHASE_RESULT 2 HF-LoRa-SF7-128 pktSize=128 rx=0 unique=0 lost=20 per=100.0 rssi_avg=0 rssi_min=0 crc_err=0 garbage=0 tx_lat=0.00000 tx_lon=0.00000 sats=0 fix=0 utc=0 tx_fw=none rx_fw=unknown
PHASE_GUARD 500
LORA_CFG path=1 bw=0x0F sf=7
PHASE_START 3 HF-LoRa-SF7-255 pktSize=255
2026-07-26T12:37:39.683487+00:00 PHASE_RESULT 3 HF-LoRa-SF7-255 pktSize=255 rx=0 unique=0 lost=20 per=100.0 rssi_avg=0 rssi_min=0 crc_err=0 garbage=0 tx_lat=0.00000 tx_lon=0.00000 sats=0 fix=0 utc=0 tx_fw=none rx_fw=unknown
PHASE_GUARD 500
LORA_CFG path=1 bw=0x0F sf=9
PHASE_START 4 HF-LoRa-SF9-32 pktSize=32
2026-07-26T12:37:40.696512+00:00 TIME_SYNCED utc=1785069459 offset=1785062474
2026-07-26T12:37:41.707840+00:00 PHASE_RESULT 4 HF-LoRa-SF9-32 pktSize=32 rx=0 unique=0 lost=20 per=100.0 rssi_avg=0 rssi_min=0 crc_err=0 garbage=0 tx_lat=0.00000 tx_lon=0.00000 sats=0 fix=0 utc=0 tx_fw=none rx_fw=unknown
PHASE_GUARD 500
LORA_CFG path=1 bw=0x0F sf=9
PHASE_START 5 HF-LoRa-SF9-64 pktSize=64
TIME_SYNCED utc=1785069461 offset=1785062474
2026-07-26T12:37:44.822111+00:00 PHASE_RESULT 5 HF-LoRa-SF9-64 pktSize=64 rx=0 unique=0 lost=20 per=100.0 rssi_avg=0 rssi_min=0 crc_err=0 garbage=0 tx_lat=0.00000 tx_lon=0.00000 sats=0 fix=0 utc=0 tx_fw=none rx_fw=unknown
PHASE_GUARD 500
LORA_CFG path=1 bw=0x0F sf=9
PHASE_START 6 HF-LoRa-SF9-128 pktSize=128
2026-07-26T12:37:48.978355+00:00 PHASE_RESULT 6 HF-LoRa-SF9-128 pktSize=128 rx=0 unique=0 lost=13 per=100.0 rssi_avg=0 rssi_min=0 crc_err=0 garbage=0 tx_lat=0.00000 tx_lon=0.00000 sats=0 fix=0 utc=0 tx_fw=none rx_fw=unknown
PHASE_GUARD 500
LORA_CFG path=1 bw=0x0F sf=9
PHASE_START 7 HF-LoRa-SF9-255 pktSize=255
2026-07-26T12:37:51.035307+00:00 TIME_SYNCED utc=1785069470 offset=1785062475
PHASE_RESULT 7 HF-LoRa-SF9-255 pktSize=255 rx=0 unique=0 lost=6 per=100.0 rssi_avg=0 rssi_min=0 crc_err=0 garbage=0 tx_lat=0.00000 tx_lon=0.00000 sats=0 fix=0 utc=0 tx_fw=none rx_fw=unknown
PHASE_GUARD 500
LORA_CFG path=1 bw=0x0F sf=12
PHASE_START 8 HF-LoRa-SF12-32 pktSize=32
2026-07-26T12:37:52.039687+00:00 TIME_SYNCED utc=1785069471 offset=1785062474
2026-07-26T12:37:55.153532+00:00 PHASE_RESULT 8 HF-LoRa-SF12-32 pktSize=32 rx=0 unique=0 lost=2 per=100.0 rssi_avg=0 rssi_min=0 crc_err=0 garbage=0 tx_lat=0.00000 tx_lon=0.00000 sats=0 fix=0 utc=0 tx_fw=none rx_fw=unknown
PHASE_GUARD 500
LORA_CFG path=1 bw=0x0F sf=12
PHASE_START 9 HF-LoRa-SF12-64 pktSize=64
2026-07-26T12:37:57.215680+00:00 PHASE_RESULT 9 HF-LoRa-SF12-64 pktSize=64 rx=0 unique=0 lost=1 per=100.0 rssi_avg=0 rssi_min=0 crc_err=0 garbage=0 tx_lat=0.00000 tx_lon=0.00000 sats=0 fix=0 utc=0 tx_fw=none rx_fw=unknown
PHASE_GUARD 500
LORA_CFG path=1 bw=0x0F sf=12
2026-07-26T12:37:58.232237+00:00 PHASE_START 10 HF-LoRa-SF12-128 pktSize=128
2026-07-26T12:38:01.348470+00:00 TIME_SYNCED utc=1785069480 offset=1785062474
TIME_SYNCED utc=1785069481 offset=1785062474
2026-07-26T12:38:02.359836+00:00 PHASE_RESULT 10 HF-LoRa-SF12-128 pktSize=128 rx=0 unique=0 lost=1 per=100.0 rssi_avg=0 rssi_min=0 crc_err=0 garbage=0 tx_lat=0.00000 tx_lon=0.00000 sats=0 fix=0 utc=0 tx_fw=none rx_fw=unknown
PHASE_GUARD 500
LORA_CFG path=1 bw=0x0F sf=12
PHASE_START 11 HF-LoRa-SF12-255 pktSize=255
2026-07-26T12:38:11.784017+00:00 TIME_SYNCED utc=1785069490 offset=1785062474
TIME_SYNCED utc=1785069491 offset=1785062474
2026-07-26T12:38:12.787425+00:00 PHASE_RESULT 11 HF-LoRa-SF12-255 pktSize=255 rx=0 unique=0 lost=1 per=100.0 rssi_avg=0 rssi_min=0 crc_err=0 garbage=0 tx_lat=0.00000 tx_lon=0.00000 sats=0 fix=0 utc=0 tx_fw=none rx_fw=unknown
PHASE_GUARD 500
PHASE_START 12 HF-FLRC-2600-32 pktSize=32
SYNC_NOT_FOUND first4=4A01F3ED
SYNC_NOT_FOUND first4=D5D52C19
SYNC_NOT_FOUND first4=972FC454
2026-07-26T12:38:13.791237+00:00 SYNC_NOT_FOUND first4=A675106C
SYNC_NOT_FOUND first4=8848E47B
SYNC_NOT_FOUND first4=00737D5E
SYNC_NOT_FOUND first4=93570F44
SYNC_NOT_FOUND first4=1038F93C
SYNC_NOT_FOUND first4=6E11DF3D
SYNC_NOT_FOUND first4=36276C18
2026-07-26T12:38:14.805225+00:00 SYNC_NOT_FOUND first4=F4DA3F73
PHASE_RESULT 12 HF-FLRC-2600-32 pktSize=32 rx=0 unique=0 lost=100 per=100.0 rssi_avg=0 rssi_min=0 crc_err=0 garbage=11 tx_lat=0.00000 tx_lon=0.00000 sats=0 fix=0 utc=0 tx_fw=none rx_fw=unknown
PHASE_GUARD 500
PHASE_START 13 HF-FLRC-2600-64 pktSize=64
SYNC_NOT_FOUND first4=660E469A
SYNC_NOT_FOUND first4=F1A43B36
2026-07-26T12:38:15.809439+00:00 SYNC_NOT_FOUND first4=BDE16099
SYNC_NOT_FOUND first4=A8CE5919
SYNC_NOT_FOUND first4=94618064
SYNC_NOT_FOUND first4=7AD674DA
SYNC_NOT_FOUND first4=7673096F
SYNC_NOT_FOUND first4=33614A63
2026-07-26T12:38:16.820217+00:00 PHASE_RESULT 13 HF-FLRC-2600-64 pktSize=64 rx=0 unique=0 lost=100 per=100.0 rssi_avg=0 rssi_min=0 crc_err=0 garbage=8 tx_lat=0.00000 tx_lon=0.00000 sats=0 fix=0 utc=0 tx_fw=none rx_fw=unknown
PHASE_GUARD 500
PHASE_START 14 HF-FLRC-2600-128 pktSize=128
SYNC_NOT_FOUND first4=1B4573A8
2026-07-26T12:38:17.831202+00:00 SYNC_NOT_FOUND first4=CB805FA2
SYNC_NOT_FOUND first4=00934D48
SYNC_NOT_FOUND first4=DF333EB7
SYNC_NOT_FOUND first4=DB2FA377
SYNC_NOT_FOUND first4=2D80B782
SYNC_NOT_FOUND first4=18CF9235
2026-07-26T12:38:18.841835+00:00 SYNC_NOT_FOUND first4=E0D60AB8
PHASE_RESULT 14 HF-FLRC-2600-128 pktSize=128 rx=0 unique=0 lost=100 per=100.0 rssi_avg=0 rssi_min=0 crc_err=0 garbage=8 tx_lat=0.00000 tx_lon=0.00000 sats=0 fix=0 utc=0 tx_fw=none rx_fw=unknown
PHASE_GUARD 500
PHASE_START 15 HF-FLRC-2600-255 pktSize=255
SYNC_NOT_FOUND first4=36DDFD90
SYNC_NOT_FOUND first4=E2E9B45D
2026-07-26T12:38:19.853026+00:00 SYNC_NOT_FOUND first4=9B7FA489
SYNC_NOT_FOUND first4=D5CAE741
SYNC_NOT_FOUND first4=66A56DCC
SYNC_NOT_FOUND first4=41300AFA
2026-07-26T12:38:20.864310+00:00 SYNC_NOT_FOUND first4=920EFC63
PHASE_RESULT 15 HF-FLRC-2600-255 pktSize=255 rx=0 unique=0 lost=100 per=100.0 rssi_avg=0 rssi_min=0 crc_err=0 garbage=7 tx_lat=0.00000 tx_lon=0.00000 sats=0 fix=0 utc=0 tx_fw=none rx_fw=unknown
PHASE_GUARD 500
PHASE_START 16 HF-FLRC-1300-32 pktSize=32
SYNC_NOT_FOUND first4=E3F58530
SYNC_NOT_FOUND first4=7E240912
SYNC_NOT_FOUND first4=566325FA
2026-07-26T12:38:21.875226+00:00 TIME_SYNCED utc=1785069500 offset=1785062474
SYNC_NOT_FOUND first4=8BEC2A3A
SYNC_NOT_FOUND first4=9997552C
TIME_SYNCED utc=1785069501 offset=1785062474
SYNC_NOT_FOUND first4=E59B58F4
2026-07-26T12:38:22.885707+00:00 SYNC_NOT_FOUND first4=3D407BF5
PHASE_RESULT 16 HF-FLRC-1300-32 pktSize=32 rx=0 unique=0 lost=100 per=100.0 rssi_avg=0 rssi_min=0 crc_err=0 garbage=7 tx_lat=0.00000 tx_lon=0.00000 sats=0 fix=0 utc=0 tx_fw=none rx_fw=unknown
PHASE_GUARD 500
PHASE_START 17 HF-FLRC-1300-64 pktSize=64
SYNC_NOT_FOUND first4=66EB6A46
SYNC_NOT_FOUND first4=7B126AD5
2026-07-26T12:38:23.896208+00:00 SYNC_NOT_FOUND first4=0103F82A
SYNC_NOT_FOUND first4=92E60394
SYNC_NOT_FOUND first4=8A09FD86
SYNC_NOT_FOUND first4=E25F8417
SYNC_NOT_FOUND first4=83A8E922
SYNC_NOT_FOUND first4=784D5F72
SYNC_NOT_FOUND first4=59DE9A4E
2026-07-26T12:38:24.907552+00:00 PHASE_RESULT 17 HF-FLRC-1300-64 pktSize=64 rx=0 unique=0 lost=100 per=100.0 rssi_avg=0 rssi_min=0 crc_err=0 garbage=9 tx_lat=0.00000 tx_lon=0.00000 sats=0 fix=0 utc=0 tx_fw=none rx_fw=unknown
PHASE_GUARD 500
PHASE_START 18 HF-FLRC-1300-128 pktSize=128
SYNC_NOT_FOUND first4=500C79B0
2026-07-26T12:38:25.911536+00:00 SYNC_NOT_FOUND first4=7C74E508
SYNC_NOT_FOUND first4=B96BE880
SYNC_NOT_FOUND first4=AEA54D66
SYNC_NOT_FOUND first4=C214B69F
SYNC_NOT_FOUND first4=66CFCD52
2026-07-26T12:38:26.922211+00:00 PHASE_RESULT 18 HF-FLRC-1300-128 pktSize=128 rx=0 unique=0 lost=100 per=100.0 rssi_avg=0 rssi_min=0 crc_err=0 garbage=6 tx_lat=0.00000 tx_lon=0.00000 sats=0 fix=0 utc=0 tx_fw=none rx_fw=unknown
PHASE_GUARD 500
PHASE_START 19 HF-FLRC-1300-255 pktSize=255
SYNC_NOT_FOUND first4=15735D62
SYNC_NOT_FOUND first4=A9273496
SYNC_NOT_FOUND first4=9B1DF495
SYNC_NOT_FOUND first4=92B94A9F
2026-07-26T12:38:27.933264+00:00 SYNC_NOT_FOUND first4=F50CF9F0
2026-07-26T12:38:28.936833+00:00 PHASE_RESULT 19 HF-FLRC-1300-255 pktSize=255 rx=0 unique=0 lost=100 per=100.0 rssi_avg=0 rssi_min=0 crc_err=0 garbage=5 tx_lat=0.00000 tx_lon=0.00000 sats=0 fix=0 utc=0 tx_fw=none rx_fw=unknown
PHASE_GUARD 500
PHASE_START 20 HF-FLRC-650-32 pktSize=32
SYNC_NOT_FOUND first4=1C725C88
SYNC_NOT_FOUND first4=50C3C75A
SYNC_NOT_FOUND first4=4C37B0DB
SYNC_NOT_FOUND first4=9C51FA22
SYNC_NOT_FOUND first4=7A9B0DCD
SYNC_NOT_FOUND first4=E61ECE0A
SYNC_NOT_FOUND first4=C3AC40E0
SYNC_NOT_FOUND first4=64546B81
SYNC_NOT_FOUND first4=C800635C
SYNC_NOT_FOUND first4=55959D29
SYNC_NOT_FOUND first4=AA4E3ABB
2026-07-26T12:38:29.948641+00:00 SYNC_NOT_FOUND first4=983651AC
SYNC_NOT_FOUND first4=F40F8485
SYNC_NOT_FOUND first4=AFE1F826
SYNC_NOT_FOUND first4=6AF4F63E
SYNC_NOT_FOUND first4=D052A739
SYNC_NOT_FOUND first4=151857CC
SYNC_NOT_FOUND first4=8C88B7B5
SYNC_NOT_FOUND first4=AE4560EC
SYNC_NOT_FOUND first4=4D16E6AC
SYNC_NOT_FOUND first4=0BED564E
SYNC_NOT_FOUND first4=4F456051
SYNC_NOT_FOUND first4=FFE9F0D6
SYNC_NOT_FOUND first4=EE4562F7
SYNC_NOT_FOUND first4=99D14BA4
SYNC_NOT_FOUND first4=89B1F2AD
SYNC_NOT_FOUND first4=4DC33DF4
SYNC_NOT_FOUND first4=E94381BC
SYNC_NOT_FOUND first4=05C84E6D
SYNC_NOT_FOUND first4=5F6D1A01
2026-07-26T12:38:30.952245+00:00 SYNC_NOT_FOUND first4=139121A6
SYNC_NOT_FOUND first4=E1E4F77E
PHASE_RESULT 20 HF-FLRC-650-32 pktSize=32 rx=0 unique=0 lost=100 per=100.0 rssi_avg=0 rssi_min=0 crc_err=0 garbage=32 tx_lat=0.00000 tx_lon=0.00000 sats=0 fix=0 utc=0 tx_fw=none rx_fw=unknown
PHASE_GUARD 500
PHASE_START 21 HF-FLRC-650-64 pktSize=64
SYNC_NOT_FOUND first4=D0AB0E9C
SYNC_NOT_FOUND first4=6D7E9601
SYNC_NOT_FOUND first4=60646EFA
SYNC_NOT_FOUND first4=9DD9F68F
SYNC_NOT_FOUND first4=661CB7FE
SYNC_NOT_FOUND first4=2B05609E
SYNC_NOT_FOUND first4=CD5BEFCD
SYNC_NOT_FOUND first4=24A254C9
SYNC_NOT_FOUND first4=F6BB2ED3
SYNC_NOT_FOUND first4=596D839A
2026-07-26T12:38:31.963841+00:00 TIME_SYNCED utc=1785069510 offset=1785062474
SYNC_NOT_FOUND first4=A67584B1
SYNC_NOT_FOUND first4=02ED6941
SYNC_NOT_FOUND first4=2A0356A3
SYNC_NOT_FOUND first4=B11B1AF3
SYNC_NOT_FOUND first4=DC1CB868
SYNC_NOT_FOUND first4=24D40E72
SYNC_NOT_FOUND first4=3B0EC939
TIME_SYNCED utc=1785069511 offset=1785062474
SYNC_NOT_FOUND first4=343225D4
SYNC_NOT_FOUND first4=3876F77F
SYNC_NOT_FOUND first4=709C60C1
SYNC_NOT_FOUND first4=82194B75
SYNC_NOT_FOUND first4=55590A33
SYNC_NOT_FOUND first4=55DFC517
SYNC_NOT_FOUND first4=BF761995
SYNC_NOT_FOUND first4=4D33CF48
SYNC_NOT_FOUND first4=2544D605
SYNC_NOT_FOUND first4=C57D0414
2026-07-26T12:38:32.974749+00:00 SYNC_NOT_FOUND first4=C6AE0680
SYNC_NOT_FOUND first4=23CC5429
SYNC_NOT_FOUND first4=F1C86D1F
SYNC_NOT_FOUND first4=FC25393E
PHASE_RESULT 21 HF-FLRC-650-64 pktSize=64 rx=0 unique=0 lost=100 per=100.0 rssi_avg=0 rssi_min=0 crc_err=0 garbage=31 tx_lat=0.00000 tx_lon=0.00000 sats=0 fix=0 utc=0 tx_fw=none rx_fw=unknown
PHASE_GUARD 500
PHASE_START 22 HF-FLRC-650-128 pktSize=128
SYNC_NOT_FOUND first4=90D12EA7
SYNC_NOT_FOUND first4=5C29AB6F
SYNC_NOT_FOUND first4=6BD2D6F6
SYNC_NOT_FOUND first4=B0E8FF1A
SYNC_NOT_FOUND first4=8DD56F76
SYNC_NOT_FOUND first4=58056615
SYNC_NOT_FOUND first4=5EE05C88
SYNC_NOT_FOUND first4=4C92F66F
SYNC_NOT_FOUND first4=B9446C21
SYNC_NOT_FOUND first4=0B0ABBB3
SYNC_NOT_FOUND first4=FC2EF4CC
SYNC_NOT_FOUND first4=968DACC0
SYNC_NOT_FOUND first4=5DC6C4EC
SYNC_NOT_FOUND first4=A7B4A438
SYNC_NOT_FOUND first4=B822DD38
SYNC_NOT_FOUND first4=4CD4C2D8
SYNC_NOT_FOUND first4=B860872D
2026-07-26T12:38:33.978997+00:00 SYNC_NOT_FOUND first4=86B0897C
SYNC_NOT_FOUND first4=79DB63A4
SYNC_NOT_FOUND first4=8ECEF394
SYNC_NOT_FOUND first4=F84ECE91
SYNC_NOT_FOUND first4=FB957B2C
SYNC_NOT_FOUND first4=066AF398
SYNC_NOT_FOUND first4=B4803E0D
SYNC_NOT_FOUND first4=D3898B93
SYNC_NOT_FOUND first4=FCD0116C
SYNC_NOT_FOUND first4=7C21441B
SYNC_NOT_FOUND first4=2E55C723
SYNC_NOT_FOUND first4=706403C8
SYNC_NOT_FOUND first4=93FC4A50
SYNC_NOT_FOUND first4=E8A5C4CB
SYNC_NOT_FOUND first4=BCB27C6E
SYNC_NOT_FOUND first4=3B8BF823
SYNC_NOT_FOUND first4=9F4A82FE
2026-07-26T12:38:34.983570+00:00 SYNC_NOT_FOUND first4=F97005B7
SYNC_NOT_FOUND first4=616803E1
PHASE_RESULT 22 HF-FLRC-650-128 pktSize=128 rx=0 unique=0 lost=100 per=100.0 rssi_avg=0 rssi_min=0 crc_err=0 garbage=36 tx_lat=0.00000 tx_lon=0.00000 sats=0 fix=0 utc=0 tx_fw=none rx_fw=unknown
PHASE_GUARD 500
PHASE_START 23 HF-FLRC-650-255 pktSize=255
SYNC_NOT_FOUND first4=CC742B27
SYNC_NOT_FOUND first4=AC88BA7E
SYNC_NOT_FOUND first4=52FC20D7
SYNC_NOT_FOUND first4=EE4B7B5A
SYNC_NOT_FOUND first4=B2A02521
SYNC_NOT_FOUND first4=59FEE711
SYNC_NOT_FOUND first4=DA4DC431
SYNC_NOT_FOUND first4=8E816BE5
2026-07-26T12:38:35.987618+00:00 SYNC_NOT_FOUND first4=51B447C9
SYNC_NOT_FOUND first4=ECA59F5D
SYNC_NOT_FOUND first4=78381613
SYNC_NOT_FOUND first4=ACCF04AC
SYNC_NOT_FOUND first4=74D16A88
SYNC_NOT_FOUND first4=EA34E568
SYNC_NOT_FOUND first4=78AF766D
SYNC_NOT_FOUND first4=96E17751
SYNC_NOT_FOUND first4=8BCF1B91
SYNC_NOT_FOUND first4=8ABBFA42
SYNC_NOT_FOUND first4=AD1512AF
SYNC_NOT_FOUND first4=47BEAF62
SYNC_NOT_FOUND first4=49650B2C
SYNC_NOT_FOUND first4=1F63CB1D
SYNC_NOT_FOUND first4=07B2C122
2026-07-26T12:38:36.990918+00:00 SYNC_NOT_FOUND first4=63D7EA4E
SYNC_NOT_FOUND first4=E572AB0B
SYNC_NOT_FOUND first4=1D6E0ACD
SYNC_NOT_FOUND first4=78CFB9AC
SYNC_NOT_FOUND first4=3AB1B42B
SYNC_NOT_FOUND first4=16BD2E7F
SYNC_NOT_FOUND first4=27172632
PHASE_RESULT 23 HF-FLRC-650-255 pktSize=255 rx=0 unique=0 lost=100 per=100.0 rssi_avg=0 rssi_min=0 crc_err=0 garbage=30 tx_lat=0.00000 tx_lon=0.00000 sats=0 fix=0 utc=0 tx_fw=none rx_fw=unknown
PHASE_GUARD 500
PHASE_START 24 HF-FLRC-325-32 pktSize=32
SYNC_NOT_FOUND first4=37DBF35F
SYNC_NOT_FOUND first4=2F8A4587
SYNC_NOT_FOUND first4=64E4729C
SYNC_NOT_FOUND first4=9693DC50
2026-07-26T12:38:38.001339+00:00 SYNC_NOT_FOUND first4=951C9D1A
SYNC_NOT_FOUND first4=0859C5D9
SYNC_NOT_FOUND first4=6D60ACE3
2026-07-26T12:38:39.004670+00:00 PHASE_RESULT 24 HF-FLRC-325-32 pktSize=32 rx=0 unique=0 lost=100 per=100.0 rssi_avg=0 rssi_min=0 crc_err=0 garbage=7 tx_lat=0.00000 tx_lon=0.00000 sats=0 fix=0 utc=0 tx_fw=none rx_fw=unknown
PHASE_GUARD 500
PHASE_START 25 HF-FLRC-325-64 pktSize=64
SYNC_NOT_FOUND first4=C1FD6140
SYNC_NOT_FOUND first4=644FEA08
SYNC_NOT_FOUND first4=C0601BFD
2026-07-26T12:38:40.015858+00:00 SYNC_NOT_FOUND first4=1BD74391
SYNC_NOT_FOUND first4=9B90C51A
2026-07-26T12:38:41.027010+00:00 PHASE_RESULT 25 HF-FLRC-325-64 pktSize=64 rx=0 unique=0 lost=100 per=100.0 rssi_avg=0 rssi_min=0 crc_err=0 garbage=5 tx_lat=0.00000 tx_lon=0.00000 sats=0 fix=0 utc=0 tx_fw=none rx_fw=unknown
PHASE_GUARD 500
PHASE_START 26 HF-FLRC-325-128 pktSize=128
SYNC_NOT_FOUND first4=03852823
2026-07-26T12:38:42.037899+00:00 TIME_SYNCED utc=1785069521 offset=1785062475
PHASE_RESULT 26 HF-FLRC-325-128 pktSize=128 rx=0 unique=0 lost=100 per=100.0 rssi_avg=0 rssi_min=0 crc_err=0 garbage=1 tx_lat=0.00000 tx_lon=0.00000 sats=0 fix=0 utc=0 tx_fw=none rx_fw=unknown
PHASE_GUARD 500
PHASE_START 27 HF-FLRC-325-255 pktSize=255
SYNC_NOT_FOUND first4=3A7E4B90
TIME_SYNCED utc=1785069521 offset=1785062474
PHASE_RESULT 27 HF-FLRC-325-255 pktSize=255 rx=0 unique=0 lost=100 per=100.0 rssi_avg=0 rssi_min=0 crc_err=0 garbage=1 tx_lat=0.00000 tx_lon=0.00000 sats=0 fix=0 utc=0 tx_fw=none rx_fw=unknown
PHASE_GUARD 500
PHASE_START 26 HF-FLRC-325-128 pktSize=128
SYNC_NOT_FOUND first4=7FB13356
2026-07-26T12:38:43.048579+00:00 PHASE_RESULT 26 HF-FLRC-325-128 pktSize=128 rx=0 unique=0 lost=100 per=100.0 rssi_avg=0 rssi_min=0 crc_err=0 garbage=1 tx_lat=0.00000 tx_lon=0.00000 sats=0 fix=0 utc=0 tx_fw=none rx_fw=unknown
PHASE_GUARD 500
PHASE_START 27 HF-FLRC-325-255 pktSize=255
SYNC_NOT_FOUND first4=BA4CBDF7
2026-07-26T12:38:44.059230+00:00 SYNC_NOT_FOUND first4=E288A25D
SYNC_NOT_FOUND first4=3A97EDD0
2026-07-26T12:38:45.070486+00:00 PHASE_RESULT 27 HF-FLRC-325-255 pktSize=255 rx=0 unique=0 lost=100 per=100.0 rssi_avg=0 rssi_min=0 crc_err=0 garbage=3 tx_lat=0.00000 tx_lon=0.00000 sats=0 fix=0 utc=0 tx_fw=none rx_fw=unknown
PHASE_GUARD 500
LORA_CFG path=0 bw=0x05 sf=7
PHASE_START 28 LF-LoRa-SF7-32 pktSize=32
2026-07-26T12:38:47.133232+00:00 PHASE_RESULT 28 LF-LoRa-SF7-32 pktSize=32 rx=0 unique=0 lost=20 per=100.0 rssi_avg=0 rssi_min=0 crc_err=0 garbage=0 tx_lat=0.00000 tx_lon=0.00000 sats=0 fix=0 utc=0 tx_fw=none rx_fw=unknown
PHASE_GUARD 500
LORA_CFG path=0 bw=0x05 sf=7
PHASE_START 29 LF-LoRa-SF7-64 pktSize=64
2026-07-26T12:38:49.194824+00:00 PHASE_RESULT 29 LF-LoRa-SF7-64 pktSize=64 rx=0 unique=0 lost=20 per=100.0 rssi_avg=0 rssi_min=0 crc_err=0 garbage=0 tx_lat=0.00000 tx_lon=0.00000 sats=0 fix=0 utc=0 tx_fw=none rx_fw=unknown
PHASE_GUARD 500
LORA_CFG path=0 bw=0x05 sf=7
2026-07-26T12:38:50.205208+00:00 PHASE_START 30 LF-LoRa-SF7-128 pktSize=128
2026-07-26T12:38:52.260203+00:00 TIME_SYNCED utc=1785069531 offset=1785062474
TIME_SYNCED utc=1785069531 offset=1785062474
2026-07-26T12:38:53.271411+00:00 PHASE_RESULT 30 LF-LoRa-SF7-128 pktSize=128 rx=0 unique=0 lost=13 per=100.0 rssi_avg=0 rssi_min=0 crc_err=0 garbage=0 tx_lat=0.00000 tx_lon=0.00000 sats=0 fix=0 utc=0 tx_fw=none rx_fw=unknown
PHASE_GUARD 500
LORA_CFG path=0 bw=0x05 sf=7
PHASE_START 31 LF-LoRa-SF7-255 pktSize=255
2026-07-26T12:38:57.434821+00:00 PHASE_RESULT 31 LF-LoRa-SF7-255 pktSize=255 rx=0 unique=0 lost=7 per=100.0 rssi_avg=0 rssi_min=0 crc_err=0 garbage=0 tx_lat=0.00000 tx_lon=0.00000 sats=0 fix=0 utc=0 tx_fw=none rx_fw=unknown
PHASE_GUARD 500
LORA_CFG path=0 bw=0x05 sf=9
PHASE_START 32 LF-LoRa-SF9-32 pktSize=32
2026-07-26T12:39:01.598873+00:00 PHASE_RESULT 32 LF-LoRa-SF9-32 pktSize=32 rx=0 unique=0 lost=7 per=100.0 rssi_avg=0 rssi_min=0 crc_err=0 garbage=0 tx_lat=0.00000 tx_lon=0.00000 sats=0 fix=0 utc=0 tx_fw=none rx_fw=unknown
PHASE_GUARD 500
LORA_CFG path=0 bw=0x05 sf=9
PHASE_START 33 LF-LoRa-SF9-64 pktSize=64
TIME_SYNCED utc=1785069541 offset=1785062474
2026-07-26T12:39:02.610203+00:00 TIME_SYNCED utc=1785069541 offset=1785062474
2026-07-26T12:39:04.676113+00:00 PHASE_RESULT 33 LF-LoRa-SF9-64 pktSize=64 rx=0 unique=0 lost=3 per=100.0 rssi_avg=0 rssi_min=0 crc_err=0 garbage=0 tx_lat=0.00000 tx_lon=0.00000 sats=0 fix=0 utc=0 tx_fw=none rx_fw=unknown
PHASE_GUARD 500
LORA_CFG path=0 bw=0x05 sf=9
PHASE_START 34 LF-LoRa-SF9-128 pktSize=128
2026-07-26T12:39:06.738002+00:00 PHASE_RESULT 34 LF-LoRa-SF9-128 pktSize=128 rx=0 unique=0 lost=1 per=100.0 rssi_avg=0 rssi_min=0 crc_err=0 garbage=0 tx_lat=0.00000 tx_lon=0.00000 sats=0 fix=0 utc=0 tx_fw=none rx_fw=unknown
PHASE_GUARD 500
LORA_CFG path=0 bw=0x05 sf=9
PHASE_START 35 LF-LoRa-SF9-255 pktSize=255
2026-07-26T12:39:10.902074+00:00 PHASE_RESULT 35 LF-LoRa-SF9-255 pktSize=255 rx=0 unique=0 lost=1 per=100.0 rssi_avg=0 rssi_min=0 crc_err=0 garbage=0 tx_lat=0.00000 tx_lon=0.00000 sats=0 fix=0 utc=0 tx_fw=none rx_fw=unknown
PHASE_GUARD 500
LORA_CFG path=0 bw=0x05 sf=12
PHASE_START 36 LF-LoRa-SF12-32 pktSize=32
2026-07-26T12:39:11.914074+00:00 TIME_SYNCED utc=1785069551 offset=1785062474
2026-07-26T12:39:12.921353+00:00 TIME_SYNCED utc=1785069551 offset=1785062474
2026-07-26T12:39:22.340274+00:00 TIME_SYNCED utc=1785069561 offset=1785062474
2026-07-26T12:39:23.352146+00:00 TIME_SYNCED utc=1785069562 offset=1785062474
2026-07-26T12:39:25.413978+00:00 PHASE_RESULT 36 LF-LoRa-SF12-32 pktSize=32 rx=0 unique=0 lost=1 per=100.0 rssi_avg=0 rssi_min=0 crc_err=0 garbage=0 tx_lat=0.00000 tx_lon=0.00000 sats=0 fix=0 utc=0 tx_fw=none rx_fw=unknown
PHASE_GUARD 500
LORA_CFG path=0 bw=0x05 sf=12
PHASE_START 37 LF-LoRa-SF12-SKIP SKIP pktSize=64
2026-07-26T12:39:26.425621+00:00 PHASE_RESULT 37 LF-LoRa-SF12-SKIP pktSize=64 rx=0 unique=0 lost=0 per=0.0 rssi_avg=0 rssi_min=0 crc_err=0 garbage=0 tx_lat=0.00000 tx_lon=0.00000 sats=0 fix=0 utc=0 tx_fw=none rx_fw=unknown
PHASE_GUARD 500
LORA_CFG path=0 bw=0x05 sf=12
PHASE_START 38 LF-LoRa-SF12-SKIP SKIP pktSize=128
2026-07-26T12:39:27.437622+00:00 PHASE_RESULT 38 LF-LoRa-SF12-SKIP pktSize=128 rx=0 unique=0 lost=0 per=0.0 rssi_avg=0 rssi_min=0 crc_err=0 garbage=0 tx_lat=0.00000 tx_lon=0.00000 sats=0 fix=0 utc=0 tx_fw=none rx_fw=unknown
PHASE_GUARD 500
LORA_CFG path=0 bw=0x05 sf=12
PHASE_START 39 LF-LoRa-SF12-SKIP SKIP pktSize=255
2026-07-26T12:39:28.448481+00:00 PHASE_RESULT 39 LF-LoRa-SF12-SKIP pktSize=255 rx=0 unique=0 lost=0 per=0.0 rssi_avg=0 rssi_min=0 crc_err=0 garbage=0 tx_lat=0.00000 tx_lon=0.00000 sats=0 fix=0 utc=0 tx_fw=none rx_fw=unknown
PHASE_GUARD 500
PHASE_START 40 LF-FLRC-2600-32 pktSize=32
2026-07-26T12:39:29.460194+00:00 SYNC_NOT_FOUND first4=36F592F9
2026-07-26T12:39:30.470842+00:00 PHASE_RESULT 40 LF-FLRC-2600-32 pktSize=32 rx=0 unique=0 lost=100 per=100.0 rssi_avg=0 rssi_min=0 crc_err=0 garbage=1 tx_lat=0.00000 tx_lon=0.00000 sats=0 fix=0 utc=0 tx_fw=none rx_fw=unknown
PHASE_GUARD 500
PHASE_START 41 LF-FLRC-2600-64 pktSize=64
2026-07-26T12:39:31.481928+00:00 SYNC_NOT_FOUND first4=C7EF4AA9
TIME_SYNCED utc=1785069571 offset=1785062474
2026-07-26T12:39:32.485657+00:00 SYNC_NOT_FOUND first4=C5471393
SYNC_NOT_FOUND first4=22F25D99
PHASE_RESULT 41 LF-FLRC-2600-64 pktSize=64 rx=0 unique=0 lost=100 per=100.0 rssi_avg=0 rssi_min=0 crc_err=0 garbage=3 tx_lat=0.00000 tx_lon=0.00000 sats=0 fix=0 utc=0 tx_fw=none rx_fw=unknown
PHASE_GUARD 500
PHASE_START 42 LF-FLRC-2600-128 pktSize=128
2026-07-26T12:39:33.497229+00:00 TIME_SYNCED utc=1785069572 offset=1785062474
SYNC_NOT_FOUND first4=0FE6D9F9
SYNC_NOT_FOUND first4=65A2F0DA
2026-07-26T12:39:34.507952+00:00 PHASE_RESULT 42 LF-FLRC-2600-128 pktSize=128 rx=0 unique=0 lost=100 per=100.0 rssi_avg=0 rssi_min=0 crc_err=0 garbage=2 tx_lat=0.00000 tx_lon=0.00000 sats=0 fix=0 utc=0 tx_fw=none rx_fw=unknown
PHASE_GUARD 500
PHASE_START 43 LF-FLRC-2600-255 pktSize=255
2026-07-26T12:39:36.569649+00:00 PHASE_RESULT 43 LF-FLRC-2600-255 pktSize=255 rx=0 unique=0 lost=100 per=100.0 rssi_avg=0 rssi_min=0 crc_err=0 garbage=0 tx_lat=0.00000 tx_lon=0.00000 sats=0 fix=0 utc=0 tx_fw=none rx_fw=unknown
PHASE_GUARD 500
PHASE_START 44 LF-FLRC-1300-32 pktSize=32
2026-07-26T12:39:38.630704+00:00 SYNC_NOT_FOUND first4=8D1C2F2F
SYNC_NOT_FOUND first4=813D24B8
PHASE_RESULT 44 LF-FLRC-1300-32 pktSize=32 rx=0 unique=0 lost=100 per=100.0 rssi_avg=0 rssi_min=0 crc_err=0 garbage=2 tx_lat=0.00000 tx_lon=0.00000 sats=0 fix=0 utc=0 tx_fw=none rx_fw=unknown
PHASE_GUARD 500
PHASE_START 45 LF-FLRC-1300-64 pktSize=64
2026-07-26T12:39:40.692829+00:00 PHASE_RESULT 45 LF-FLRC-1300-64 pktSize=64 rx=0 unique=0 lost=100 per=100.0 rssi_avg=0 rssi_min=0 crc_err=0 garbage=0 tx_lat=0.00000 tx_lon=0.00000 sats=0 fix=0 utc=0 tx_fw=none rx_fw=unknown
PHASE_GUARD 500
PHASE_START 46 LF-FLRC-1300-128 pktSize=128
2026-07-26T12:39:41.703459+00:00 TIME_SYNCED utc=1785069581 offset=1785062474
2026-07-26T12:39:42.715204+00:00 PHASE_RESULT 46 LF-FLRC-1300-128 pktSize=128 rx=0 unique=0 lost=100 per=100.0 rssi_avg=0 rssi_min=0 crc_err=0 garbage=0 tx_lat=0.00000 tx_lon=0.00000 sats=0 fix=0 utc=0 tx_fw=none rx_fw=unknown
PHASE_GUARD 500
PHASE_START 47 LF-FLRC-1300-255 pktSize=255
2026-07-26T12:39:43.727484+00:00 TIME_SYNCED utc=1785069582 offset=1785062474
2026-07-26T12:39:44.738383+00:00 PHASE_RESULT 47 LF-FLRC-1300-255 pktSize=255 rx=0 unique=0 lost=100 per=100.0 rssi_avg=0 rssi_min=0 crc_err=0 garbage=0 tx_lat=0.00000 tx_lon=0.00000 sats=0 fix=0 utc=0 tx_fw=none rx_fw=unknown
PHASE_GUARD 500
PHASE_START 48 LF-FLRC-650-32 pktSize=32
SYNC_NOT_FOUND first4=82A052F9
2026-07-26T12:39:46.800762+00:00 SYNC_NOT_FOUND first4=5B34EAA6
PHASE_RESULT 48 LF-FLRC-650-32 pktSize=32 rx=0 unique=0 lost=100 per=100.0 rssi_avg=0 rssi_min=0 crc_err=0 garbage=2 tx_lat=0.00000 tx_lon=0.00000 sats=0 fix=0 utc=0 tx_fw=none rx_fw=unknown
PHASE_GUARD 500
PHASE_START 49 LF-FLRC-650-64 pktSize=64
SYNC_NOT_FOUND first4=0143D611
2026-07-26T12:39:47.811851+00:00 SYNC_NOT_FOUND first4=D083C3C1
SYNC_NOT_FOUND first4=9C35F806
2026-07-26T12:39:48.823282+00:00 SYNC_NOT_FOUND first4=74D5345C
PHASE_RESULT 49 LF-FLRC-650-64 pktSize=64 rx=0 unique=0 lost=100 per=100.0 rssi_avg=0 rssi_min=0 crc_err=0 garbage=4 tx_lat=0.00000 tx_lon=0.00000 sats=0 fix=0 utc=0 tx_fw=none rx_fw=unknown
PHASE_GUARD 500
PHASE_START 50 LF-FLRC-650-128 pktSize=128
2026-07-26T12:39:49.834203+00:00 SYNC_NOT_FOUND first4=C375811E
SYNC_NOT_FOUND first4=8404FF92
SYNC_NOT_FOUND first4=0AE8C2A0
SYNC_NOT_FOUND first4=2B93AE87
2026-07-26T12:39:50.838215+00:00 SYNC_NOT_FOUND first4=3E81C286
SYNC_NOT_FOUND first4=386BA759
PHASE_RESULT 50 LF-FLRC-650-128 pktSize=128 rx=0 unique=0 lost=100 per=100.0 rssi_avg=0 rssi_min=0 crc_err=0 garbage=6 tx_lat=0.00000 tx_lon=0.00000 sats=0 fix=0 utc=0 tx_fw=none rx_fw=unknown
PHASE_GUARD 500
PHASE_START 51 LF-FLRC-650-255 pktSize=255
2026-07-26T12:39:51.849207+00:00 SYNC_NOT_FOUND first4=C035261C
SYNC_NOT_FOUND first4=B9AD4451
TIME_SYNCED utc=1785069591 offset=1785062474
SYNC_NOT_FOUND first4=B21BD156
SYNC_NOT_FOUND first4=C9E30CED
2026-07-26T12:39:52.861294+00:00 SYNC_NOT_FOUND first4=523F41A4
SYNC_NOT_FOUND first4=6081466D
PHASE_RESULT 51 LF-FLRC-650-255 pktSize=255 rx=0 unique=0 lost=100 per=100.0 rssi_avg=0 rssi_min=0 crc_err=0 garbage=6 tx_lat=0.00000 tx_lon=0.00000 sats=0 fix=0 utc=0 tx_fw=none rx_fw=unknown
PHASE_GUARD 500
PHASE_START 52 LF-FLRC-325-32 pktSize=32
2026-07-26T12:39:53.874547+00:00 TIME_SYNCED utc=1785069592 offset=1785062474
2026-07-26T12:39:54.886123+00:00 PHASE_RESULT 52 LF-FLRC-325-32 pktSize=32 rx=0 unique=0 lost=100 per=100.0 rssi_avg=0 rssi_min=0 crc_err=0 garbage=0 tx_lat=0.00000 tx_lon=0.00000 sats=0 fix=0 utc=0 tx_fw=none rx_fw=unknown
PHASE_GUARD 500
PHASE_START 53 LF-FLRC-325-64 pktSize=64
2026-07-26T12:39:55.890245+00:00 SYNC_NOT_FOUND first4=8BA0052F
SYNC_NOT_FOUND first4=BD8C3032
2026-07-26T12:39:56.901355+00:00 PHASE_RESULT 53 LF-FLRC-325-64 pktSize=64 rx=0 unique=0 lost=100 per=100.0 rssi_avg=0 rssi_min=0 crc_err=0 garbage=2 tx_lat=0.00000 tx_lon=0.00000 sats=0 fix=0 utc=0 tx_fw=none rx_fw=unknown
PHASE_GUARD 500
PHASE_START 54 LF-FLRC-325-128 pktSize=128
2026-07-26T12:39:58.957997+00:00 PHASE_RESULT 54 LF-FLRC-325-128 pktSize=128 rx=0 unique=0 lost=100 per=100.0 rssi_avg=0 rssi_min=0 crc_err=0 garbage=0 tx_lat=0.00000 tx_lon=0.00000 sats=0 fix=0 utc=0 tx_fw=none rx_fw=unknown
PHASE_GUARD 500
PHASE_START 55 LF-FLRC-325-255 pktSize=255
2026-07-26T12:40:01.020426+00:00 PHASE_RESULT 55 LF-FLRC-325-255 pktSize=255 rx=0 unique=0 lost=100 per=100.0 rssi_avg=0 rssi_min=0 crc_err=0 garbage=0 tx_lat=0.00000 tx_lon=0.00000 sats=0 fix=0 utc=0 tx_fw=none rx_fw=unknown
PHASE_GUARD 500
LORA_CFG path=1 bw=0x0F sf=7
PHASE_START 0 HF-LoRa-SF7-32 pktSize=32
2026-07-26T12:40:02.036513+00:00 TIME_SYNCED utc=1785069601 offset=1785062474
2026-07-26T12:40:03.040268+00:00 PHASE_RESULT 0 HF-LoRa-SF7-32 pktSize=32 rx=0 unique=0 lost=20 per=100.0 rssi_avg=0 rssi_min=0 crc_err=0 garbage=0 tx_lat=0.00000 tx_lon=0.00000 sats=0 fix=0 utc=0 tx_fw=none rx_fw=unknown
PHASE_GUARD 500
LORA_CFG path=1 bw=0x0F sf=7
PHASE_START 1 HF-LoRa-SF7-64 pktSize=64
2026-07-26T12:40:04.046226+00:00 TIME_SYNCED utc=1785069603 offset=1785062475
PHASE_RESULT 1 HF-LoRa-SF7-64 pktSize=64 rx=0 unique=0 lost=20 per=100.0 rssi_avg=0 rssi_min=0 crc_err=0 garbage=0 tx_lat=0.00000 tx_lon=0.00000 sats=0 fix=0 utc=0 tx_fw=none rx_fw=unknown
PHASE_GUARD 500
LORA_CFG path=1 bw=0x0F sf=7
PHASE_START 2 HF-LoRa-SF7-128 pktSize=128
2026-07-26T12:40:06.101645+00:00 PHASE_RESULT 2 HF-LoRa-SF7-128 pktSize=128 rx=0 unique=0 lost=20 per=100.0 rssi_avg=0 rssi_min=0 crc_err=0 garbage=0 tx_lat=0.00000 tx_lon=0.00000 sats=0 fix=0 utc=0 tx_fw=none rx_fw=unknown
PHASE_GUARD 500
LORA_CFG path=1 bw=0x0F sf=7
PHASE_START 3 HF-LoRa-SF7-255 pktSize=255
2026-07-26T12:40:08.155543+00:00 PHASE_RESULT 3 HF-LoRa-SF7-255 pktSize=255 rx=0 unique=0 lost=20 per=100.0 rssi_avg=0 rssi_min=0 crc_err=0 garbage=0 tx_lat=0.00000 tx_lon=0.00000 sats=0 fix=0 utc=0 tx_fw=none rx_fw=unknown
PHASE_GUARD 500
2026-07-26T12:40:09.167291+00:00 LORA_CFG path=1 bw=0x0F sf=9
PHASE_START 4 HF-LoRa-SF9-32 pktSize=32
2026-07-26T12:40:10.174305+00:00 PHASE_RESULT 4 HF-LoRa-SF9-32 pktSize=32 rx=0 unique=0 lost=20 per=100.0 rssi_avg=0 rssi_min=0 crc_err=0 garbage=0 tx_lat=0.00000 tx_lon=0.00000 sats=0 fix=0 utc=0 tx_fw=none rx_fw=unknown
PHASE_GUARD 500
2026-07-26T12:40:11.185358+00:00 LORA_CFG path=1 bw=0x0F sf=9
PHASE_START 5 HF-LoRa-SF9-64 pktSize=64
2026-07-26T12:40:12.196288+00:00 TIME_SYNCED utc=1785069611 offset=1785062474
2026-07-26T12:40:14.259800+00:00 TIME_SYNCED utc=1785069613 offset=1785062474
PHASE_RESULT 5 HF-LoRa-SF9-64 pktSize=64 rx=0 unique=0 lost=20 per=100.0 rssi_avg=0 rssi_min=0 crc_err=0 garbage=0 tx_lat=0.00000 tx_lon=0.00000 sats=0 fix=0 utc=0 tx_fw=none rx_fw=unknown
PHASE_GUARD 500
LORA_CFG path=1 bw=0x0F sf=9
PHASE_START 6 HF-LoRa-SF9-128 pktSize=128
2026-07-26T12:40:18.424863+00:00 PHASE_RESULT 6 HF-LoRa-SF9-128 pktSize=128 rx=0 unique=0 lost=13 per=100.0 rssi_avg=0 rssi_min=0 crc_err=0 garbage=0 tx_lat=0.00000 tx_lon=0.00000 sats=0 fix=0 utc=0 tx_fw=none rx_fw=unknown
PHASE_GUARD 500
LORA_CFG path=1 bw=0x0F sf=9
PHASE_START 7 HF-LoRa-SF9-255 pktSize=255
2026-07-26T12:40:21.539813+00:00 PHASE_RESULT 7 HF-LoRa-SF9-255 pktSize=255 rx=0 unique=0 lost=6 per=100.0 rssi_avg=0 rssi_min=0 crc_err=0 garbage=0 tx_lat=0.00000 tx_lon=0.00000 sats=0 fix=0 utc=0 tx_fw=none rx_fw=unknown
PHASE_GUARD 500
LORA_CFG path=1 bw=0x0F sf=12
PHASE_START 8 HF-LoRa-SF12-32 pktSize=32
2026-07-26T12:40:22.544429+00:00 TIME_SYNCED utc=1785069621 offset=1785062474
2026-07-26T12:40:24.608806+00:00 TIME_SYNCED utc=1785069623 offset=1785062474
PHASE_RESULT 8 HF-LoRa-SF12-32 pktSize=32 rx=0 unique=0 lost=2 per=100.0 rssi_avg=0 rssi_min=0 crc_err=0 garbage=0 tx_lat=0.00000 tx_lon=0.00000 sats=0 fix=0 utc=0 tx_fw=none rx_fw=unknown
PHASE_GUARD 500
LORA_CFG path=1 bw=0x0F sf=12
PHASE_START 9 HF-LoRa-SF12-64 pktSize=64
2026-07-26T12:40:27.719465+00:00 PHASE_RESULT 9 HF-LoRa-SF12-64 pktSize=64 rx=0 unique=0 lost=1 per=100.0 rssi_avg=0 rssi_min=0 crc_err=0 garbage=0 tx_lat=0.00000 tx_lon=0.00000 sats=0 fix=0 utc=0 tx_fw=none rx_fw=unknown
PHASE_GUARD 500
LORA_CFG path=1 bw=0x0F sf=12
PHASE_START 10 HF-LoRa-SF12-128 pktSize=128
2026-07-26T12:40:31.884823+00:00 TIME_SYNCED utc=1785069631 offset=1785062474
2026-07-26T12:40:32.896357+00:00 PHASE_RESULT 10 HF-LoRa-SF12-128 pktSize=128 rx=0 unique=0 lost=1 per=100.0 rssi_avg=0 rssi_min=0 crc_err=0 garbage=0 tx_lat=0.00000 tx_lon=0.00000 sats=0 fix=0 utc=0 tx_fw=none rx_fw=unknown
PHASE_GUARD 500
LORA_CFG path=1 bw=0x0F sf=12
PHASE_START 11 HF-LoRa-SF12-255 pktSize=255
2026-07-26T12:40:34.959206+00:00 TIME_SYNCED utc=1785069633 offset=1785062474
2026-07-26T12:40:42.276436+00:00 TIME_SYNCED utc=1785069641 offset=1785062474
PHASE_RESULT 11 HF-LoRa-SF12-255 pktSize=255 rx=0 unique=0 lost=1 per=100.0 rssi_avg=0 rssi_min=0 crc_err=0 garbage=0 tx_lat=0.00000 tx_lon=0.00000 sats=0 fix=0 utc=0 tx_fw=none rx_fw=unknown
PHASE_GUARD 500
PHASE_START 12 HF-FLRC-2600-32 pktSize=32
2026-07-26T12:40:43.287230+00:00 SYNC_NOT_FOUND first4=04DA99E6
SYNC_NOT_FOUND first4=61E144B4
SYNC_NOT_FOUND first4=37536D62
SYNC_NOT_FOUND first4=5E476AA9
2026-07-26T12:40:44.297644+00:00 SYNC_NOT_FOUND first4=F48D6749
SYNC_NOT_FOUND first4=370DB171
SYNC_NOT_FOUND first4=813E0109
PHASE_RESULT 12 HF-FLRC-2600-32 pktSize=32 rx=0 unique=0 lost=100 per=100.0 rssi_avg=0 rssi_min=0 crc_err=0 garbage=7 tx_lat=0.00000 tx_lon=0.00000 sats=0 fix=0 utc=0 tx_fw=none rx_fw=unknown
PHASE_GUARD 500
PHASE_START 13 HF-FLRC-2600-64 pktSize=64
2026-07-26T12:40:45.308884+00:00 TIME_SYNCED utc=1785069644 offset=1785062474
SYNC_NOT_FOUND first4=8541EBF4
SYNC_NOT_FOUND first4=42274D09
SYNC_NOT_FOUND first4=A3BA964B
SYNC_NOT_FOUND first4=92B86431
SYNC_NOT_FOUND first4=4650FED3
2026-07-26T12:40:46.312050+00:00 SYNC_NOT_FOUND first4=3ED128A9
SYNC_NOT_FOUND first4=103E2E11
SYNC_NOT_FOUND first4=083D9C45
SYNC_NOT_FOUND first4=E342536D
SYNC_NOT_FOUND first4=C0E8CF05
SYNC_NOT_FOUND first4=66B2ED01
SYNC_NOT_FOUND first4=AF1FA717
SYNC_NOT_FOUND first4=37B4EE86
SYNC_NOT_FOUND first4=3C509B3D
SYNC_NOT_FOUND first4=A54CD0D0
SYNC_NOT_FOUND first4=DC3454E5
PHASE_RESULT 13 HF-FLRC-2600-64 pktSize=64 rx=0 unique=0 lost=100 per=100.0 rssi_avg=0 rssi_min=0 crc_err=0 garbage=16 tx_lat=0.00000 tx_lon=0.00000 sats=0 fix=0 utc=0 tx_fw=none rx_fw=unknown
PHASE_GUARD 500
PHASE_START 14 HF-FLRC-2600-128 pktSize=128
SYNC_NOT_FOUND first4=1F4122AD
2026-07-26T12:40:47.322858+00:00 SYNC_NOT_FOUND first4=2B25B0F5
SYNC_NOT_FOUND first4=D5852DD0
SYNC_NOT_FOUND first4=D9DA9D5F
SYNC_NOT_FOUND first4=A9565C72
SYNC_NOT_FOUND first4=E432FB96
SYNC_NOT_FOUND first4=1DB9E95B
SYNC_NOT_FOUND first4=122672F8
SYNC_NOT_FOUND first4=97D0E326
SYNC_NOT_FOUND first4=81391270
SYNC_NOT_FOUND first4=34E5B57F
2026-07-26T12:40:48.333818+00:00 SYNC_NOT_FOUND first4=337FC895
SYNC_NOT_FOUND first4=1F65D85F
SYNC_NOT_FOUND first4=7771877E
SYNC_NOT_FOUND first4=CCD8F5C6
PHASE_RESULT 14 HF-FLRC-2600-128 pktSize=128 rx=0 unique=0 lost=100 per=100.0 rssi_avg=0 rssi_min=0 crc_err=0 garbage=15 tx_lat=0.00000 tx_lon=0.00000 sats=0 fix=0 utc=0 tx_fw=none rx_fw=unknown
PHASE_GUARD 500
PHASE_START 15 HF-FLRC-2600-255 pktSize=255
SYNC_NOT_FOUND first4=13ADBBFF
SYNC_NOT_FOUND first4=4E727246
2026-07-26T12:40:49.344993+00:00 SYNC_NOT_FOUND first4=CFF5DCE2
SYNC_NOT_FOUND first4=63E9754E
SYNC_NOT_FOUND first4=A0EA6098
SYNC_NOT_FOUND first4=C3C235C1
2026-07-26T12:40:50.355520+00:00 SYNC_NOT_FOUND first4=727D83B7
SYNC_NOT_FOUND first4=79C8E4AB
SYNC_NOT_FOUND first4=405F0C07
PHASE_RESULT 15 HF-FLRC-2600-255 pktSize=255 rx=0 unique=0 lost=100 per=100.0 rssi_avg=0 rssi_min=0 crc_err=0 garbage=9 tx_lat=0.00000 tx_lon=0.00000 sats=0 fix=0 utc=0 tx_fw=none rx_fw=unknown
PHASE_GUARD 500
PHASE_START 16 HF-FLRC-1300-32 pktSize=32
2026-07-26T12:40:51.359065+00:00 SYNC_NOT_FOUND first4=7FE22EB0
SYNC_NOT_FOUND first4=D4ADA313
SYNC_NOT_FOUND first4=8F255E07
SYNC_NOT_FOUND first4=7EC1CF5B
SYNC_NOT_FOUND first4=93E1E265
SYNC_NOT_FOUND first4=5847D957
SYNC_NOT_FOUND first4=5ED242A6
SYNC_NOT_FOUND first4=2BD9C7BA
2026-07-26T12:40:52.372840+00:00 SYNC_NOT_FOUND first4=5751834E
TIME_SYNCED utc=1785069651 offset=1785062474
PHASE_RESULT 16 HF-FLRC-1300-32 pktSize=32 rx=0 unique=0 lost=100 per=100.0 rssi_avg=0 rssi_min=0 crc_err=0 garbage=9 tx_lat=0.00000 tx_lon=0.00000 sats=0 fix=0 utc=0 tx_fw=none rx_fw=unknown
PHASE_GUARD 500
PHASE_START 17 HF-FLRC-1300-64 pktSize=64
2026-07-26T12:40:53.383823+00:00 SYNC_NOT_FOUND first4=52911EF7
SYNC_NOT_FOUND first4=FD791AA2
SYNC_NOT_FOUND first4=F88A7328
2026-07-26T12:40:54.396064+00:00 SYNC_NOT_FOUND first4=774AD07F
SYNC_NOT_FOUND first4=90AC1066
PHASE_RESULT 17 HF-FLRC-1300-64 pktSize=64 rx=0 unique=0 lost=100 per=100.0 rssi_avg=0 rssi_min=0 crc_err=0 garbage=5 tx_lat=0.00000 tx_lon=0.00000 sats=0 fix=0 utc=0 tx_fw=none rx_fw=unknown
PHASE_GUARD 500
PHASE_START 18 HF-FLRC-1300-128 pktSize=128
2026-07-26T12:40:55.408220+00:00 TIME_SYNCED utc=1785069654 offset=1785062474
SYNC_NOT_FOUND first4=1D1096D4
SYNC_NOT_FOUND first4=A5899C41
SYNC_NOT_FOUND first4=B20CA504
2026-07-26T12:40:56.419197+00:00 SYNC_NOT_FOUND first4=BA26E024
PHASE_RESULT 18 HF-FLRC-1300-128 pktSize=128 rx=0 unique=0 lost=100 per=100.0 rssi_avg=0 rssi_min=0 crc_err=0 garbage=4 tx_lat=0.00000 tx_lon=0.00000 sats=0 fix=0 utc=0 tx_fw=none rx_fw=unknown
PHASE_GUARD 500
PHASE_START 19 HF-FLRC-1300-255 pktSize=255
SYNC_NOT_FOUND first4=1F2E49D4
2026-07-26T12:40:57.429786+00:00 SYNC_NOT_FOUND first4=F76D801D
SYNC_NOT_FOUND first4=FBF2C7F8
SYNC_NOT_FOUND first4=BA514DBC
SYNC_NOT_FOUND first4=907167F4
SYNC_NOT_FOUND first4=2F42FEB6
SYNC_NOT_FOUND first4=2730E352
2026-07-26T12:40:58.441412+00:00 SYNC_NOT_FOUND first4=E3EA3649
SYNC_NOT_FOUND first4=D9C3F562
SYNC_NOT_FOUND first4=42FB847F
PHASE_RESULT 19 HF-FLRC-1300-255 pktSize=255 rx=0 unique=0 lost=100 per=100.0 rssi_avg=0 rssi_min=0 crc_err=0 garbage=10 tx_lat=0.00000 tx_lon=0.00000 sats=0 fix=0 utc=0 tx_fw=none rx_fw=unknown
PHASE_GUARD 500
PHASE_START 20 HF-FLRC-650-32 pktSize=32
SYNC_NOT_FOUND first4=898D5669
SYNC_NOT_FOUND first4=9785CDBC
SYNC_NOT_FOUND first4=415A08BA
SYNC_NOT_FOUND first4=09F23C00
2026-07-26T12:40:59.452044+00:00 SYNC_NOT_FOUND first4=78651D00
SYNC_NOT_FOUND first4=4C949476
SYNC_NOT_FOUND first4=0DD4692F
SYNC_NOT_FOUND first4=45C51533
SYNC_NOT_FOUND first4=AC6E6FED
SYNC_NOT_FOUND first4=4B940305
SYNC_NOT_FOUND first4=D5B08240
SYNC_NOT_FOUND first4=9E6E90AE
SYNC_NOT_FOUND first4=86931C42
SYNC_NOT_FOUND first4=0EB27D46
SYNC_NOT_FOUND first4=2A59D535
SYNC_NOT_FOUND first4=3DC14ADC
SYNC_NOT_FOUND first4=30155B1F
SYNC_NOT_FOUND first4=0A23C522
SYNC_NOT_FOUND first4=B22D9662
SYNC_NOT_FOUND first4=86FDD097
SYNC_NOT_FOUND first4=EFAFDB2E
SYNC_NOT_FOUND first4=871EBAEE
SYNC_NOT_FOUND first4=A2074966
SYNC_NOT_FOUND first4=68EA94B3
SYNC_NOT_FOUND first4=336BA480
SYNC_NOT_FOUND first4=CE9B4B8F
SYNC_NOT_FOUND first4=6E4D8F76
SYNC_NOT_FOUND first4=775BAA42
SYNC_NOT_FOUND first4=8D984D7C
SYNC_NOT_FOUND first4=E54532BC
SYNC_NOT_FOUND first4=B2E0141F
SYNC_NOT_FOUND first4=76217B73
SYNC_NOT_FOUND first4=A00E1120
2026-07-26T12:41:00.463826+00:00 SYNC_NOT_FOUND first4=ED978F1B
SYNC_NOT_FOUND first4=9D88BCA3
SYNC_NOT_FOUND first4=0D56E4CE
SYNC_NOT_FOUND first4=D9994548
SYNC_NOT_FOUND first4=06AF240A
SYNC_NOT_FOUND first4=570DE372
SYNC_NOT_FOUND first4=5FE31CFE
SYNC_NOT_FOUND first4=82AB224E
SYNC_NOT_FOUND first4=99D18E25
SYNC_NOT_FOUND first4=4EF2B56D
SYNC_NOT_FOUND first4=39C59A76
SYNC_NOT_FOUND first4=7B6B9B69
SYNC_NOT_FOUND first4=6F923A4F
SYNC_NOT_FOUND first4=2A6F6E9B
SYNC_NOT_FOUND first4=107CA596
SYNC_NOT_FOUND first4=8D7819B0
SYNC_NOT_FOUND first4=CA6324A6
PHASE_RESULT 20 HF-FLRC-650-32 pktSize=32 rx=0 unique=0 lost=100 per=100.0 rssi_avg=0 rssi_min=0 crc_err=0 garbage=50 tx_lat=0.00000 tx_lon=0.00000 sats=0 fix=0 utc=0 tx_fw=none rx_fw=unknown
PHASE_GUARD 500
PHASE_START 21 HF-FLRC-650-64 pktSize=64
SYNC_NOT_FOUND first4=B9A0848A
SYNC_NOT_FOUND first4=E0887B87
SYNC_NOT_FOUND first4=A62EC72D
SYNC_NOT_FOUND first4=4863937E
SYNC_NOT_FOUND first4=3EED352B
SYNC_NOT_FOUND first4=4AD5972D
SYNC_NOT_FOUND first4=211369E5
SYNC_NOT_FOUND first4=8C800964
2026-07-26T12:41:01.467361+00:00 SYNC_NOT_FOUND first4=DB3976C6
SYNC_NOT_FOUND first4=B68D6ECC
SYNC_NOT_FOUND first4=FE2A283D
SYNC_NOT_FOUND first4=D7B12F2F
SYNC_NOT_FOUND first4=64E39BA7
SYNC_NOT_FOUND first4=A84A4EF5
SYNC_NOT_FOUND first4=AE666F94
SYNC_NOT_FOUND first4=234A07EF
SYNC_NOT_FOUND first4=7AF3DAF0
SYNC_NOT_FOUND first4=777FA72D
SYNC_NOT_FOUND first4=48592980
SYNC_NOT_FOUND first4=6F1AB47F
SYNC_NOT_FOUND first4=96C537E2
SYNC_NOT_FOUND first4=279CB765
SYNC_NOT_FOUND first4=D1F9365D
SYNC_NOT_FOUND first4=6EE09640
SYNC_NOT_FOUND first4=5BEBCA4D
SYNC_NOT_FOUND first4=FF8232BC
SYNC_NOT_FOUND first4=AFF2A9E3
2026-07-26T12:41:02.477998+00:00 SYNC_NOT_FOUND first4=9FE0FAC4
SYNC_NOT_FOUND first4=490C6B1E
SYNC_NOT_FOUND first4=62738F32
TIME_SYNCED utc=1785069661 offset=1785062474
SYNC_NOT_FOUND first4=B9FB8E38
SYNC_NOT_FOUND first4=40CBFD5C
SYNC_NOT_FOUND first4=D2B9895B
SYNC_NOT_FOUND first4=C8371151
SYNC_NOT_FOUND first4=28A89A0B
SYNC_NOT_FOUND first4=04008703
SYNC_NOT_FOUND first4=995D6DC5
SYNC_NOT_FOUND first4=98D0D248
SYNC_NOT_FOUND first4=59A322A4
SYNC_NOT_FOUND first4=CE073807
SYNC_NOT_FOUND first4=A8C19D77
PHASE_RESULT 21 HF-FLRC-650-64 pktSize=64 rx=0 unique=0 lost=100 per=100.0 rssi_avg=0 rssi_min=0 crc_err=0 garbage=41 tx_lat=0.00000 tx_lon=0.00000 sats=0 fix=0 utc=0 tx_fw=none rx_fw=unknown
PHASE_GUARD 500
PHASE_START 22 HF-FLRC-650-128 pktSize=128
SYNC_NOT_FOUND first4=4B80954B
SYNC_NOT_FOUND first4=9702D417
SYNC_NOT_FOUND first4=B5C4C9CB
SYNC_NOT_FOUND first4=472A7B9D
2026-07-26T12:41:03.489301+00:00 SYNC_NOT_FOUND first4=A8FE112C
SYNC_NOT_FOUND first4=09D88E6B
SYNC_NOT_FOUND first4=FE78E287
SYNC_NOT_FOUND first4=321B7311
SYNC_NOT_FOUND first4=62D06F68
SYNC_NOT_FOUND first4=BA956A7D
SYNC_NOT_FOUND first4=35A60762
SYNC_NOT_FOUND first4=0D14EAB9
SYNC_NOT_FOUND first4=005F1C35
SYNC_NOT_FOUND first4=8F83A78A
SYNC_NOT_FOUND first4=BD8EC7D6
SYNC_NOT_FOUND first4=A169CB81
SYNC_NOT_FOUND first4=7BBFFB36
SYNC_NOT_FOUND first4=D78EE86A
2026-07-26T12:41:04.501209+00:00 SYNC_NOT_FOUND first4=8D8E6D37
SYNC_NOT_FOUND first4=82185C2E
SYNC_NOT_FOUND first4=A154435A
SYNC_NOT_FOUND first4=DC0D0ADE
SYNC_NOT_FOUND first4=098A541C
SYNC_NOT_FOUND first4=61292E91
SYNC_NOT_FOUND first4=B9EBD14E
SYNC_NOT_FOUND first4=992EFF8A
SYNC_NOT_FOUND first4=3B671FE6
SYNC_NOT_FOUND first4=F57ADDC5
SYNC_NOT_FOUND first4=6586076E
SYNC_NOT_FOUND first4=90CA8BF5
SYNC_NOT_FOUND first4=2FE76C46
SYNC_NOT_FOUND first4=8B342953
PHASE_RESULT 22 HF-FLRC-650-128 pktSize=128 rx=0 unique=0 lost=100 per=100.0 rssi_avg=0 rssi_min=0 crc_err=0 garbage=32 tx_lat=0.00000 tx_lon=0.00000 sats=0 fix=0 utc=0 tx_fw=none rx_fw=unknown
PHASE_GUARD 500
PHASE_START 23 HF-FLRC-650-255 pktSize=255
SYNC_NOT_FOUND first4=68F25908
SYNC_NOT_FOUND first4=A71DEFE5
SYNC_NOT_FOUND first4=7EEF9405
SYNC_NOT_FOUND first4=7FF30AA3
SYNC_NOT_FOUND first4=0584C1B8
2026-07-26T12:41:05.513040+00:00 TIME_SYNCED utc=1785069664 offset=1785062474
SYNC_NOT_FOUND first4=60BAEDC9
SYNC_NOT_FOUND first4=9FCA1923
SYNC_NOT_FOUND first4=192C24C8
SYNC_NOT_FOUND first4=68D098CD
SYNC_NOT_FOUND first4=EF0B2856
SYNC_NOT_FOUND first4=127C62F6
SYNC_NOT_FOUND first4=58B91EDD
SYNC_NOT_FOUND first4=07650AC8
SYNC_NOT_FOUND first4=7A64F0EA
SYNC_NOT_FOUND first4=A09494F4
SYNC_NOT_FOUND first4=0311E48F
SYNC_NOT_FOUND first4=71913319
SYNC_NOT_FOUND first4=0E950533
SYNC_NOT_FOUND first4=C9AA931B
SYNC_NOT_FOUND first4=D50DE2E3
SYNC_NOT_FOUND first4=40FEFEEE
SYNC_NOT_FOUND first4=400B3B0C
SYNC_NOT_FOUND first4=9ECBDD14
SYNC_NOT_FOUND first4=6FB786EB
SYNC_NOT_FOUND first4=194FAC6D
SYNC_NOT_FOUND first4=0CEA3C1B
SYNC_NOT_FOUND first4=081373C6
SYNC_NOT_FOUND first4=8CD81551
SYNC_NOT_FOUND first4=6ED142D7
SYNC_NOT_FOUND first4=EE02EE14
SYNC_NOT_FOUND first4=9349AF7B
SYNC_NOT_FOUND first4=457B0A10
2026-07-26T12:41:06.524013+00:00 SYNC_NOT_FOUND first4=740E1CEB
SYNC_NOT_FOUND first4=FDC7B284
SYNC_NOT_FOUND first4=21F609EC
SYNC_NOT_FOUND first4=3B0C0373
SYNC_NOT_FOUND first4=B14CE6A4
SYNC_NOT_FOUND first4=964A3ABB
SYNC_NOT_FOUND first4=8999CD49
SYNC_NOT_FOUND first4=6449744A
SYNC_NOT_FOUND first4=69E47190
SYNC_NOT_FOUND first4=16286D89
SYNC_NOT_FOUND first4=01001DD9
SYNC_NOT_FOUND first4=7D020520
SYNC_NOT_FOUND first4=43E5AA4C
SYNC_NOT_FOUND first4=07086A93
SYNC_NOT_FOUND first4=8440954C
PHASE_RESULT 23 HF-FLRC-650-255 pktSize=255 rx=0 unique=0 lost=100 per=100.0 rssi_avg=0 rssi_min=0 crc_err=0 garbage=47 tx_lat=0.00000 tx_lon=0.00000 sats=0 fix=0 utc=0 tx_fw=none rx_fw=unknown
PHASE_GUARD 500
PHASE_START 24 HF-FLRC-325-32 pktSize=32
SYNC_NOT_FOUND first4=26489B5E
2026-07-26T12:41:07.535354+00:00 SYNC_NOT_FOUND first4=02D2B6E6
SYNC_NOT_FOUND first4=44D915CC
SYNC_NOT_FOUND first4=FA8502EA
SYNC_NOT_FOUND first4=1B616338
SYNC_NOT_FOUND first4=89009977
2026-07-26T12:41:08.546583+00:00 SYNC_NOT_FOUND first4=9FC0AA0C
SYNC_NOT_FOUND first4=9CC92616
PHASE_RESULT 24 HF-FLRC-325-32 pktSize=32 rx=0 unique=0 lost=100 per=100.0 rssi_avg=0 rssi_min=0 crc_err=0 garbage=8 tx_lat=0.00000 tx_lon=0.00000 sats=0 fix=0 utc=0 tx_fw=none rx_fw=unknown
PHASE_GUARD 500
PHASE_START 25 HF-FLRC-325-64 pktSize=64
SYNC_NOT_FOUND first4=9715E3FF
2026-07-26T12:41:09.558349+00:00 SYNC_NOT_FOUND first4=5E0AF207
2026-07-26T12:41:10.572823+00:00 SYNC_NOT_FOUND first4=507EE81A
SYNC_NOT_FOUND first4=059DD27A
PHASE_RESULT 25 HF-FLRC-325-64 pktSize=64 rx=0 unique=0 lost=100 per=100.0 rssi_avg=0 rssi_min=0 crc_err=0 garbage=4 tx_lat=0.00000 tx_lon=0.00000 sats=0 fix=0 utc=0 tx_fw=none rx_fw=unknown
PHASE_GUARD 500
PHASE_START 26 HF-FLRC-325-128 pktSize=128
SYNC_NOT_FOUND first4=4283CC72
SYNC_NOT_FOUND first4=1B352722
2026-07-26T12:41:11.576958+00:00 SYNC_NOT_FOUND first4=95DB6274
SYNC_NOT_FOUND first4=B240A142
2026-07-26T12:41:12.588146+00:00 TIME_SYNCED utc=1785069671 offset=1785062474
SYNC_NOT_FOUND first4=EA9DD5FC
PHASE_RESULT 26 HF-FLRC-325-128 pktSize=128 rx=0 unique=0 lost=100 per=100.0 rssi_avg=0 rssi_min=0 crc_err=0 garbage=5 tx_lat=0.00000 tx_lon=0.00000 sats=0 fix=0 utc=0 tx_fw=none rx_fw=unknown
PHASE_GUARD 500
PHASE_START 27 HF-FLRC-325-255 pktSize=255
SYNC_NOT_FOUND first4=D3115C31
SYNC_NOT_FOUND first4=4F67B5C6
2026-07-26T12:41:13.599280+00:00 SYNC_NOT_FOUND first4=73DFAFE1
SYNC_NOT_FOUND first4=187BE2FF
SYNC_NOT_FOUND first4=534E65A2
SYNC_NOT_FOUND first4=28BA1168
SYNC_NOT_FOUND first4=15A95CC0
2026-07-26T12:41:14.614040+00:00 SYNC_NOT_FOUND first4=9531AEB0
PHASE_RESULT 27 HF-FLRC-325-255 pktSize=255 rx=0 unique=0 lost=100 per=100.0 rssi_avg=0 rssi_min=0 crc_err=0 garbage=8 tx_lat=0.00000 tx_lon=0.00000 sats=0 fix=0 utc=0 tx_fw=none rx_fw=unknown
PHASE_GUARD 500
LORA_CFG path=0 bw=0x05 sf=7
PHASE_START 28 LF-LoRa-SF7-32 pktSize=32
2026-07-26T12:41:15.629024+00:00 TIME_SYNCED utc=1785069674 offset=1785062474
2026-07-26T12:41:16.635313+00:00 PHASE_RESULT 28 LF-LoRa-SF7-32 pktSize=32 rx=0 unique=0 lost=20 per=100.0 rssi_avg=0 rssi_min=0 crc_err=0 garbage=0 tx_lat=0.00000 tx_lon=0.00000 sats=0 fix=0 utc=0 tx_fw=none rx_fw=unknown
PHASE_GUARD 500
LORA_CFG path=0 bw=0x05 sf=7
PHASE_START 29 LF-LoRa-SF7-64 pktSize=64
2026-07-26T12:41:19.748837+00:00 PHASE_RESULT 29 LF-LoRa-SF7-64 pktSize=64 rx=0 unique=0 lost=20 per=100.0 rssi_avg=0 rssi_min=0 crc_err=0 garbage=0 tx_lat=0.00000 tx_lon=0.00000 sats=0 fix=0 utc=0 tx_fw=none rx_fw=unknown
PHASE_GUARD 500
LORA_CFG path=0 bw=0x05 sf=7
PHASE_START 30 LF-LoRa-SF7-128 pktSize=128
2026-07-26T12:41:21.812704+00:00 TIME_SYNCED utc=1785069681 offset=1785062474
2026-07-26T12:41:23.875192+00:00 PHASE_RESULT 30 LF-LoRa-SF7-128 pktSize=128 rx=0 unique=0 lost=13 per=100.0 rssi_avg=0 rssi_min=0 crc_err=0 garbage=0 tx_lat=0.00000 tx_lon=0.00000 sats=0 fix=0 utc=0 tx_fw=none rx_fw=unknown
PHASE_GUARD 500
LORA_CFG path=0 bw=0x05 sf=7
PHASE_START 31 LF-LoRa-SF7-255 pktSize=255
2026-07-26T12:41:25.940233+00:00 TIME_SYNCED utc=1785069684 offset=1785062474
2026-07-26T12:41:28.007115+00:00 PHASE_RESULT 31 LF-LoRa-SF7-255 pktSize=255 rx=0 unique=0 lost=7 per=100.0 rssi_avg=0 rssi_min=0 crc_err=0 garbage=0 tx_lat=0.00000 tx_lon=0.00000 sats=0 fix=0 utc=0 tx_fw=none rx_fw=unknown
PHASE_GUARD 500
LORA_CFG path=0 bw=0x05 sf=9
PHASE_START 32 LF-LoRa-SF9-32 pktSize=32
2026-07-26T12:41:31.112375+00:00 PHASE_RESULT 32 LF-LoRa-SF9-32 pktSize=32 rx=0 unique=0 lost=7 per=100.0 rssi_avg=0 rssi_min=0 crc_err=0 garbage=0 tx_lat=0.00000 tx_lon=0.00000 sats=0 fix=0 utc=0 tx_fw=none rx_fw=unknown
PHASE_GUARD 500
2026-07-26T12:41:32.125095+00:00 LORA_CFG path=0 bw=0x05 sf=9
PHASE_START 33 LF-LoRa-SF9-64 pktSize=64
TIME_SYNCED utc=1785069691 offset=1785062474
2026-07-26T12:41:34.186398+00:00 PHASE_RESULT 33 LF-LoRa-SF9-64 pktSize=64 rx=0 unique=0 lost=3 per=100.0 rssi_avg=0 rssi_min=0 crc_err=0 garbage=0 tx_lat=0.00000 tx_lon=0.00000 sats=0 fix=0 utc=0 tx_fw=none rx_fw=unknown
PHASE_GUARD 500
LORA_CFG path=0 bw=0x05 sf=9
2026-07-26T12:41:35.200221+00:00 PHASE_START 34 LF-LoRa-SF9-128 pktSize=128
2026-07-26T12:41:36.208203+00:00 TIME_SYNCED utc=1785069695 offset=1785062474
PHASE_RESULT 34 LF-LoRa-SF9-128 pktSize=128 rx=0 unique=0 lost=1 per=100.0 rssi_avg=0 rssi_min=0 crc_err=0 garbage=0 tx_lat=0.00000 tx_lon=0.00000 sats=0 fix=0 utc=0 tx_fw=none rx_fw=unknown
PHASE_GUARD 500
LORA_CFG path=0 bw=0x05 sf=9
2026-07-26T12:41:37.223929+00:00 PHASE_START 35 LF-LoRa-SF9-255 pktSize=255
2026-07-26T12:41:40.336714+00:00 PHASE_RESULT 35 LF-LoRa-SF9-255 pktSize=255 rx=0 unique=0 lost=1 per=100.0 rssi_avg=0 rssi_min=0 crc_err=0 garbage=0 tx_lat=0.00000 tx_lon=0.00000 sats=0 fix=0 utc=0 tx_fw=none rx_fw=unknown
PHASE_GUARD 500
LORA_CFG path=0 bw=0x05 sf=12
PHASE_START 36 LF-LoRa-SF12-32 pktSize=32
2026-07-26T12:41:42.399352+00:00 TIME_SYNCED utc=1785069701 offset=1785062474
2026-07-26T12:41:46.564235+00:00 TIME_SYNCED utc=1785069705 offset=1785062474
2026-07-26T12:41:51.778406+00:00 TIME_SYNCED utc=1785069711 offset=1785062474
2026-07-26T12:41:55.948213+00:00 PHASE_RESULT 36 LF-LoRa-SF12-32 pktSize=32 rx=0 unique=0 lost=1 per=100.0 rssi_avg=0 rssi_min=0 crc_err=0 garbage=0 tx_lat=0.00000 tx_lon=0.00000 sats=0 fix=0 utc=0 tx_fw=none rx_fw=unknown
PHASE_GUARD 500
LORA_CFG path=0 bw=0x05 sf=12
PHASE_START 37 LF-LoRa-SF12-SKIP SKIP pktSize=64
2026-07-26T12:41:56.965019+00:00 TIME_SYNCED utc=1785069715 offset=1785062474
PHASE_RESULT 37 LF-LoRa-SF12-SKIP pktSize=64 rx=0 unique=0 lost=0 per=0.0 rssi_avg=0 rssi_min=0 crc_err=0 garbage=0 tx_lat=0.00000 tx_lon=0.00000 sats=0 fix=0 utc=0 tx_fw=none rx_fw=unknown
PHASE_GUARD 500
LORA_CFG path=0 bw=0x05 sf=12
PHASE_START 38 LF-LoRa-SF12-SKIP SKIP pktSize=128
2026-07-26T12:41:57.968969+00:00 PHASE_RESULT 38 LF-LoRa-SF12-SKIP pktSize=128 rx=0 unique=0 lost=0 per=0.0 rssi_avg=0 rssi_min=0 crc_err=0 garbage=0 tx_lat=0.00000 tx_lon=0.00000 sats=0 fix=0 utc=0 tx_fw=none rx_fw=unknown
PHASE_GUARD 500
LORA_CFG path=0 bw=0x05 sf=12
PHASE_START 39 LF-LoRa-SF12-SKIP SKIP pktSize=255
2026-07-26T12:41:58.979657+00:00 PHASE_RESULT 39 LF-LoRa-SF12-SKIP pktSize=255 rx=0 unique=0 lost=0 per=0.0 rssi_avg=0 rssi_min=0 crc_err=0 garbage=0 tx_lat=0.00000 tx_lon=0.00000 sats=0 fix=0 utc=0 tx_fw=none rx_fw=unknown
PHASE_GUARD 500
PHASE_START 40 LF-FLRC-2600-32 pktSize=32
2026-07-26T12:42:01.041505+00:00 PHASE_RESULT 40 LF-FLRC-2600-32 pktSize=32 rx=0 unique=0 lost=100 per=100.0 rssi_avg=0 rssi_min=0 crc_err=0 garbage=0 tx_lat=0.00000 tx_lon=0.00000 sats=0 fix=0 utc=0 tx_fw=none rx_fw=unknown
PHASE_GUARD 500
PHASE_START 41 LF-FLRC-2600-64 pktSize=64
2026-07-26T12:42:02.054921+00:00 SYNC_NOT_FOUND first4=6F16CDB6
TIME_SYNCED utc=1785069721 offset=1785062474
2026-07-26T12:42:03.066360+00:00 PHASE_RESULT 41 LF-FLRC-2600-64 pktSize=64 rx=0 unique=0 lost=100 per=100.0 rssi_avg=0 rssi_min=0 crc_err=0 garbage=1 tx_lat=0.00000 tx_lon=0.00000 sats=0 fix=0 utc=0 tx_fw=none rx_fw=unknown
PHASE_GUARD 500
PHASE_START 42 LF-FLRC-2600-128 pktSize=128
2026-07-26T12:42:04.076874+00:00 SYNC_NOT_FOUND first4=42FF2C00
SYNC_NOT_FOUND first4=D5A27184
PHASE_RESULT 42 LF-FLRC-2600-128 pktSize=128 rx=0 unique=0 lost=100 per=100.0 rssi_avg=0 rssi_min=0 crc_err=0 garbage=2 tx_lat=0
2026-07-26T12:42:05.089902+00:00 .00000 tx_lon=0.00000 sats=0 fix=0 utc=0 tx_fw=none rx_fw=unknown
PHASE_GUARD 500
PHASE_START 43 LF-FLRC-2600-255 pktSize=255
SYNC_NOT_FOUND first4=0402F398
2026-07-26T12:42:06.100970+00:00 SYNC_NOT_FOUND first4=895A62FE
PHASE_RESULT 43 LF-FLRC-2600-255 pktSize=255 rx=0 unique=0 lost=100 per=100.0 rssi_avg=0 rssi_min=0 crc_err=0 garbage=2 tx_lat=0.00000 tx_lon=0.00000 sats=0 fix=0 utc=0 tx_fw=none rx_fw=unknown
PHASE_GUARD 500
2026-07-26T12:42:07.112355+00:00 PHASE_START 44 LF-FLRC-1300-32 pktSize=32
TIME_SYNCED utc=1785069726 offset=1785062474
2026-07-26T12:42:08.131612+00:00 SYNC_NOT_FOUND first4=BB7C123A
SYNC_NOT_FOUND first4=10B06C28
PHASE_RESULT 44 LF-FLRC-1300-32 pktSize=32 rx=0 unique=0 lost=100 per=100.0 rssi_avg=0 rssi_min=0 crc_err=0 garbage=2 tx_lat=0.00000 tx_lon=0.00000 sats=0 fix=0 utc=0 tx_fw=none rx_fw=unknown
PHASE_GUARD 500
2026-07-26T12:42:09.147154+00:00 PHASE_START 45 LF-FLRC-1300-64 pktSize=64
2026-07-26T12:42:10.158470+00:00 SYNC_NOT_FOUND first4=AFA5ABD5
SYNC_NOT_FOUND first4=5A546908
PHASE_RESULT 45 LF-FLRC-1300-64 pktSize=64 rx=0 unique=0 lost=100 per=100.0 rssi_avg=0 rssi_min=0 crc_err=0 garbage=2 tx_lat=0.00000 tx_lon=0.00000 sats=0 fix=0 utc=0 tx_fw=none rx_fw=unknown
PHASE_GUARD 500
2026-07-26T12:42:11.171353+00:00 PHASE_START 46 LF-FLRC-1300-128 pktSize=128
2026-07-26T12:42:12.189171+00:00 TIME_SYNCED utc=1785069731 offset=1785062474
PHASE_RESULT 46 LF-FLRC-1300-128 pktSize=128 rx=0 unique=0 lost=100 per=100.0 rssi_avg=0 rssi_min=0 crc_err=0 garbage=0 tx_lat=0.00000 tx_lon=0.00000 sats=0 fix=0 utc=0 tx_fw=none rx_fw=unknown
PHASE_GUARD 500
2026-07-26T12:42:13.200728+00:00 PHASE_START 47 LF-FLRC-1300-255 pktSize=255
SYNC_NOT_FOUND first4=6EB4EC97
2026-07-26T12:42:14.211577+00:00 PHASE_RESULT 47 LF-FLRC-1300-255 pktSize=255 rx=0 unique=0 lost=100 per=100.0 rssi_avg=0 rssi_min=0 crc_err=0 garbage=1 tx_lat=0.00000 tx_lon=0.00000 sats=0 fix=0 utc=0 tx_fw=none rx_fw=unknown
PHASE_GUARD 500
2026-07-26T12:42:15.222966+00:00 PHASE_START 48 LF-FLRC-650-32 pktSize=32
SYNC_NOT_FOUND first4=4E4C1B24
SYNC_NOT_FOUND first4=68511FDE
2026-07-26T12:42:16.233998+00:00 PHASE_RESULT 48 LF-FLRC-650-32 pktSize=32 rx=0 unique=0 lost=100 per=100.0 rssi_avg=0 rssi_min=0 crc_err=0 garbage=2 tx_lat=0.00000 tx_lon=0.00000 sats=0 fix=0 utc=0 tx_fw=none rx_fw=unknown
PHASE_GUARD 500
PHASE_START 49 LF-FLRC-650-64 pktSize=64
2026-07-26T12:42:17.250231+00:00 TIME_SYNCED utc=1785069736 offset=1785062474
2026-07-26T12:42:18.263120+00:00 SYNC_NOT_FOUND first4=E38D238F
SYNC_NOT_FOUND first4=EB81A696
PHASE_RESULT 49 LF-FLRC-650-64 pktSize=64 rx=0 unique=0 lost=100 per=100.0 rssi_avg=0 rssi_min=0 crc_err=0 garbage=2 tx_lat=0.00000 tx_lon=0.00000 sats=0 fix=0 utc=0 tx_fw=none rx_fw=unknown
PHASE_GUARD 500
PHASE_START 50 LF-FLRC-650-128 pktSize=128
2026-07-26T12:42:19.274300+00:00 SYNC_NOT_FOUND first4=36CCB248
SYNC_NOT_FOUND first4=A1142A54
2026-07-26T12:42:20.285511+00:00 SYNC_NOT_FOUND first4=C117050C
PHASE_RESULT 50 LF-FLRC-650-128 pktSize=128 rx=0 unique=0 lost=100 per=100.0 rssi_avg=0 rssi_min=0 crc_err=0 garbage=3 tx_lat=0.00000 tx_lon=0.00000 sats=0 fix=0 utc=0 tx_fw=none rx_fw=unknown
PHASE_GUARD 500
PHASE_START 51 LF-FLRC-650-255 pktSize=255
SYNC_NOT_FOUND first4=E5573822
2026-07-26T12:42:21.296964+00:00 SYNC_NOT_FOUND first4=B7C1D92B
SYNC_NOT_FOUND first4=66AB6B4A
SYNC_NOT_FOUND first4=EF155AE1
SYNC_NOT_FOUND first4=A0B2DC99
2026-07-26T12:42:22.309602+00:00 SYNC_NOT_FOUND first4=5E2650DA
TIME_SYNCED utc=1785069741 offset=1785062474
PHASE_RESULT 51 LF-FLRC-650-255 pktSize=255 rx=0 unique=0 lost=100 per=100.0 rssi_avg=0 rssi_min=0 crc_err=0 garbage=6 tx_lat=0.00000 tx_lon=0.00000 sats=0 fix=0 utc=0 tx_fw=none rx_fw=unknown
PHASE_GUARD 500
PHASE_START 52 LF-FLRC-325-32 pktSize=32
2026-07-26T12:42:24.379107+00:00 PHASE_RESULT 52 LF-FLRC-325-32 pktSize=32 rx=0 unique=0 lost=100 per=100.0 rssi_avg=0 rssi_min=0 crc_err=0 garbage=0 tx_lat=0.00000 tx_lon=0.00000 sats=0 fix=0 utc=0 tx_fw=none rx_fw=unknown
PHASE_GUARD 500
PHASE_START 53 LF-FLRC-325-64 pktSize=64
SYNC_NOT_FOUND first4=411DEB02
2026-07-26T12:42:26.441358+00:00 PHASE_RESULT 53 LF-FLRC-325-64 pktSize=64 rx=0 unique=0 lost=100 per=100.0 rssi_avg=0 rssi_min=0 crc_err=0 garbage=1 tx_lat=0.00000 tx_lon=0.00000 sats=0 fix=0 utc=0 tx_fw=none rx_fw=unknown
PHASE_GUARD 500
PHASE_START 54 LF-FLRC-325-128 pktSize=128
2026-07-26T12:42:27.456293+00:00 TIME_SYNCED utc=1785069746 offset=1785062474
2026-07-26T12:42:28.475083+00:00 PHASE_RESULT 54 LF-FLRC-325-128 pktSize=128 rx=0 unique=0 lost=100 per=100.0 rssi_avg=0 rssi_min=0 crc_err=0 garbage=0 tx_lat=0.00000 tx_lon=0.00000 sats=0 fix=0 utc=0 tx_fw=none rx_fw=unknown
PHASE_GUARD 500
PHASE_START 55 LF-FLRC-325-255 pktSize=255
2026-07-26T12:42:29.484094+00:00 SYNC_NOT_FOUND first4=755D9C35
2026-07-26T12:42:30.495400+00:00 PHASE_RESULT 55 LF-FLRC-325-255 pktSize=255 rx=0 unique=0 lost=100 per=100.0 rssi_avg=0 rssi_min=0 crc_err=0 garbage=1 tx_lat=0.00000 tx_lon=0.00000 sats=0 fix=0 utc=0 tx_fw=none rx_fw=unknown
PHASE_GUARD 500
LORA_CFG path=1 bw=0x0F sf=7
PHASE_START 0 HF-LoRa-SF7-32 pktSize=32
2026-07-26T12:42:32.558407+00:00 TIME_SYNCED utc=1785069751 offset=1785062474
PHASE_RESULT 0 HF-LoRa-SF7-32 pktSize=32 rx=0 unique=0 lost=20 per=100.0 rssi_avg=0 rssi_min=0 crc_err=0 garbage=0 tx_lat=0.00000 tx_lon=0.00000 sats=0 fix=0 utc=0 tx_fw=none rx_fw=unknown
PHASE_GUARD 500
LORA_CFG path=1 bw=0x0F sf=7
PHASE_START 1 HF-LoRa-SF7-64 pktSize=64
2026-07-26T12:42:34.626543+00:00 PHASE_RESULT 1 HF-LoRa-SF7-64 pktSize=64 rx=0 unique=0 lost=20 per=100.0 rssi_avg=0 rssi_min=0 crc_err=0 garbage=0 tx_lat=0.00000 tx_lon=0.00000 sats=0 fix=0 utc=0 tx_fw=none rx_fw=unknown
PHASE_GUARD 500
LORA_CFG path=1 bw=0x0F sf=7
PHASE_START 2 HF-LoRa-SF7-128 pktSize=128
2026-07-26T12:42:36.689038+00:00 PHASE_RESULT 2 HF-LoRa-SF7-128 pktSize=128 rx=0 unique=0 lost=20 per=100.0 rssi_avg=0 rssi_min=0 crc_err=0 garbage=0 tx_lat=0.00000 tx_lon=0.00000 sats=0 fix=0 utc=0 tx_fw=none rx_fw=unknown
PHASE_GUARD 500
LORA_CFG path=1 bw=0x0F sf=7
PHASE_START 3 HF-LoRa-SF7-255 pktSize=255
2026-07-26T12:42:37.700200+00:00 TIME_SYNCED utc=1785069756 offset=1785062474
2026-07-26T12:42:39.763121+00:00 PHASE_RESULT 3 HF-LoRa-SF7-255 pktSize=255 rx=0 unique=0 lost=20 per=100.0 rssi_avg=0 rssi_min=0 crc_err=0 garbage=0 tx_lat=0.00000 tx_lon=0.00000 sats=0 fix=0 utc=0 tx_fw=none rx_fw=unknown
PHASE_GUARD 500
LORA_CFG path=1 bw=0x0F sf=9
PHASE_START 4 HF-LoRa-SF9-32 pktSize=32
2026-07-26T12:42:41.825241+00:00 PHASE_RESULT 4 HF-LoRa-SF9-32 pktSize=32 rx=0 unique=0 lost=20 per=100.0 rssi_avg=0 rssi_min=0 crc_err=0 garbage=0 tx_lat=0.00000 tx_lon=0.00000 sats=0 fix=0 utc=0 tx_fw=none rx_fw=unknown
PHASE_GUARD 500
LORA_CFG path=1 bw=0x0F sf=9
PHASE_START 5 HF-LoRa-SF9-64 pktSize=64
2026-07-26T12:42:42.852297+00:00 TIME_SYNCED utc=1785069761 offset=1785062474
2026-07-26T12:42:44.914286+00:00 PHASE_RESULT 5 HF-LoRa-SF9-64 pktSize=64 rx=0 unique=0 lost=20 per=100.0 rssi_avg=0 rssi_min=0 crc_err=0 garbage=0 tx_lat=0.00000 tx_lon=0.00000 sats=0 fix=0 utc=0 tx_fw=none rx_fw=unknown
PHASE_GUARD 500
LORA_CFG path=1 bw=0x0F sf=9
PHASE_START 6 HF-LoRa-SF9-128 pktSize=128
2026-07-26T12:42:48.024939+00:00 TIME_SYNCED utc=1785069767 offset=1785062475
PHASE_RESULT 6 HF-LoRa-SF9-128 pktSize=128 rx=0 unique=0 lost=13 per=100.0 rssi_avg=0 rssi_min=0 crc_err=0 garbage=0 tx_lat=0.00000 tx_lon=0.00000 sats=0 fix=0 utc=0 tx_fw=none rx_fw=unknown
PHASE_GUARD 500
LORA_CFG path=1 bw=0x0F sf=9
PHASE_START 7 HF-LoRa-SF9-255 pktSize=255
2026-07-26T12:42:50.108223+00:00 PHASE_RESULT 7 HF-LoRa-SF9-255 pktSize=255 rx=0 unique=0 lost=6 per=100.0 rssi_avg=0 rssi_min=0 crc_err=0 garbage=0 tx_lat=0.00000 tx_lon=0.00000 sats=0 fix=0 utc=0 tx_fw=none rx_fw=unknown
PHASE_GUARD 500
2026-07-26T12:42:51.124873+00:00 LORA_CFG path=1 bw=0x0F sf=12
PHASE_START 8 HF-LoRa-SF12-32 pktSize=32
2026-07-26T12:42:52.135833+00:00 TIME_SYNCED utc=1785069771 offset=1785062474
2026-07-26T12:42:54.213000+00:00 PHASE_RESULT 8 HF-LoRa-SF12-32 pktSize=32 rx=0 unique=0 lost=2 per=100.0 rssi_avg=0 rssi_min=0 crc_err=0 garbage=0 tx_lat=0.00000 tx_lon=0.00000 sats=0 fix=0 utc=0 tx_fw=none rx_fw=unknown
PHASE_GUARD 500
LORA_CFG path=1 bw=0x0F sf=12
2026-07-26T12:42:55.238984+00:00 PHASE_START 9 HF-LoRa-SF12-64 pktSize=64
2026-07-26T12:42:57.301600+00:00 PHASE_RESULT 9 HF-LoRa-SF12-64 pktSize=64 rx=0 unique=0 lost=1 per=100.0 rssi_avg=0 rssi_min=0 crc_err=0 garbage=0 tx_lat=0.00000 tx_lon=0.00000 sats=0 fix=0 utc=0 tx_fw=none rx_fw=unknown
PHASE_GUARD 500
LORA_CFG path=1 bw=0x0F sf=12
PHASE_START 10 HF-LoRa-SF12-128 pktSize=128
2026-07-26T12:42:58.329153+00:00 TIME_SYNCED utc=1785069777 offset=1785062474
2026-07-26T12:43:02.494718+00:00 TIME_SYNCED utc=1785069781 offset=1785062474
PHASE_RESULT 10 HF-LoRa-SF12-128 pktSize=128 rx=0 unique=0 lost=1 per=100.0 rssi_avg=0 rssi_min=0 crc_err=0 garbage=0 tx_lat=0.00000 tx_lon=0.00000 sats=0 fix=0 utc=0 tx_fw=none rx_fw=unknown
PHASE_GUARD 500
LORA_CFG path=1 bw=0x0F sf=12
PHASE_START 11 HF-LoRa-SF12-255 pktSize=255
2026-07-26T12:43:08.772264+00:00 TIME_SYNCED utc=1785069787 offset=1785062474
2026-07-26T12:43:11.899732+00:00 TIME_SYNCED utc=1785069791 offset=1785062474
2026-07-26T12:43:12.919124+00:00 PHASE_RESULT 11 HF-LoRa-SF12-255 pktSize=255 rx=0 unique=0 lost=1 per=100.0 rssi_avg=0 rssi_min=0 crc_err=0 garbage=0 tx_lat=0.00000 tx_lon=0.00000 sats=0 fix=0 utc=0 tx_fw=none rx_fw=unknown
PHASE_GUARD 500
PHASE_START 12 HF-FLRC-2600-32 pktSize=32
SYNC_NOT_FOUND first4=422FD0B9
SYNC_NOT_FOUND first4=C2820FF1
SYNC_NOT_FOUND first4=CB8C70A5
SYNC_NOT_FOUND first4=377FE0D4
SYNC_NOT_FOUND first4=2E820AC2
2026-07-26T12:43:13.935356+00:00 SYNC_NOT_FOUND first4=29D91C83
SYNC_NOT_FOUND first4=1348C88B
SYNC_NOT_FOUND first4=3DB41465
2026-07-26T12:43:14.961967+00:00 SYNC_NOT_FOUND first4=9516D598
PHASE_RESULT 12 HF-FLRC-2600-32 pktSize=32 rx=0 unique=0 lost=100 per=100.0 rssi_avg=0 rssi_min=0 crc_err=0 garbage=9 tx_lat=0.00000 tx_lon=0.00000 sats=0 fix=0 utc=0 tx_fw=none rx_fw=unknown
PHASE_GUARD 500
PHASE_START 13 HF-FLRC-2600-64 pktSize=64
SYNC_NOT_FOUND first4=229119E0
SYNC_NOT_FOUND first4=BBD41ABE
SYNC_NOT_FOUND first4=D6F75C72
SYNC_NOT_FOUND first4=7125EC22
SYNC_NOT_FOUND first4=FE9E8EEF
SYNC_NOT_FOUND first4=33FDF1E0
SYNC_NOT_FOUND first4=734F3452
SYNC_NOT_FOUND first4=75A1B2AA
2026-07-26T12:43:15.973131+00:00 SYNC_NOT_FOUND first4=D5BD9C9B
SYNC_NOT_FOUND first4=889DB86E
SYNC_NOT_FOUND first4=226BD905
SYNC_NOT_FOUND first4=58D62805
SYNC_NOT_FOUND first4=9C69E486
SYNC_NOT_FOUND first4=5D148F9D
SYNC_NOT_FOUND first4=2EBD3593
SYNC_NOT_FOUND first4=4ED0B99A
2026-07-26T12:43:16.986115+00:00 SYNC_NOT_FOUND first4=A6F77E96
PHASE_RESULT 13 HF-FLRC-2600-64 pktSize=64 rx=0 unique=0 lost=100 per=100.0 rssi_avg=0 rssi_min=0 crc_err=0 garbage=17 tx_lat=0.00000 tx_lon=0.00000 sats=0 fix=0 utc=0 tx_fw=none rx_fw=unknown
PHASE_GUARD 500
PHASE_START 14 HF-FLRC-2600-128 pktSize=128
SYNC_NOT_FOUND first4=E236279B
SYNC_NOT_FOUND first4=51E4501B
SYNC_NOT_FOUND first4=AFAB15FF
SYNC_NOT_FOUND first4=C7045C75
SYNC_NOT_FOUND first4=B36F6B73
2026-07-26T12:43:18.014597+00:00 SYNC_NOT_FOUND first4=69C18413
SYNC_NOT_FOUND first4=3316D222
SYNC_NOT_FOUND first4=7713C918
SYNC_NOT_FOUND first4=83E6C586
SYNC_NOT_FOUND first4=8EDFE27A
SYNC_NOT_FOUND first4=1388D096
2026-07-26T12:43:19.025284+00:00 SYNC_NOT_FOUND first4=44BAC49B
TIME_SYNCED utc=1785069798 offset=1785062475
PHASE_RESULT 14 HF-FLRC-2600-128 pktSize=128 rx=0 unique=0 lost=100 per=100.0 rssi_avg=0 rssi_min=0 crc_err=0 garbage=12 tx_lat=0.00000 tx_lon=0.00000 sats=0 fix=0 utc=0 tx_fw=none rx_fw=unknown
PHASE_GUARD 500
PHASE_START 15 HF-FLRC-2600-255 pktSize=255
SYNC_NOT_FOUND first4=4FEE42CF
SYNC_NOT_FOUND first4=DBD58D1C
SYNC_NOT_FOUND first4=1D95740A
SYNC_NOT_FOUND first4=A0186871
SYNC_NOT_FOUND first4=DFE9469F
2026-07-26T12:43:20.058457+00:00 PHASE_RESULT 15 HF-FLRC-2600-255 pktSize=255 rx=0 unique=0 lost=100 per=100.0 rssi_avg=0 rssi_min=0 crc_err=0 garbage=5 tx_lat=0.00000 tx_lon=0.00000 sats=0 fix=0 utc=0 tx_fw=none rx_fw=unknown
PHASE_GUARD 500
PHASE_START 16 HF-FLRC-1300-32 pktSize=32
SYNC_NOT_FOUND first4=1F6C8147
SYNC_NOT_FOUND first4=AC44E518
SYNC_NOT_FOUND first4=F1BC8DEE
SYNC_NOT_FOUND first4=B19266EB
SYNC_NOT_FOUND first4=7310EE4E
2026-07-26T12:43:21.069006+00:00 SYNC_NOT_FOUND first4=A84A5E4E
SYNC_NOT_FOUND first4=9F8B8752
SYNC_NOT_FOUND first4=AEBA47A9
SYNC_NOT_FOUND first4=AB274C68
PHASE_RESULT 16 HF-FLRC-1300-32 pktSize=32 rx=0 unique=0 lost=100 per=100.0 rssi_avg=0 rssi_min=0 crc_err=0 garbage=9 tx_lat=0.00000 tx_lon=0.00000 sats=0 fix=0 utc=0 tx_fw=none rx_fw=unknown
2026-07-26T12:43:22.087583+00:00 PHASE_GUARD 500
PHASE_START 17 HF-FLRC-1300-64 pktSize=64
SYNC_NOT_FOUND first4=627ED91D
SYNC_NOT_FOUND first4=EDA3DF31
TIME_SYNCED utc=1785069801 offset=1785062474
PHASE_RESULT 17 HF-FLRC-1300-64 pktSize=64 rx=0 unique=0 lost=100 per=100.0 rssi_avg=0 rssi_min=0 crc_err=0 garbage=2 tx_lat=0.00000 tx_lon=0.00000 sats=0 fix=0 utc=0 tx_fw=none rx_fw=unknown
PHASE_GUARD 500
PHASE_START 16 HF-FLRC-1300-32 pktSize=32
PHASE_RESULT 16 HF-FLRC-1300-32 pktSize=32 rx=0 unique=0 lost=100 per=100.0 rssi_avg=0 rssi_min=0 crc_err=0 garbage=0 tx_lat=0.00000 tx_lon=0.00000 sats=0 fix=0 utc=0 tx_fw=none rx_fw=unknown
PHASE_GUARD 500
2026-07-26T12:43:23.106309+00:00 PHASE_START 17 HF-FLRC-1300-64 pktSize=64
SYNC_NOT_FOUND first4=0F60DB9D
SYNC_NOT_FOUND first4=27C1AE00
SYNC_NOT_FOUND first4=39F56BA1
2026-07-26T12:43:24.117470+00:00 SYNC_NOT_FOUND first4=58E76517
SYNC_NOT_FOUND first4=FAB138B1
SYNC_NOT_FOUND first4=AB63950B
PHASE_RESULT 17 HF-FLRC-1300-64 pktSize=64 rx=0 unique=0 lost=100 per=100.0 rssi_avg=0 rssi_min=0 crc_err=0 garbage=6 tx_lat=0.00000 tx_lon=0.00000 sats=0 fix=0 utc=0 tx_fw=none rx_fw=unknown
PHASE_GUARD 500
2026-07-26T12:43:25.138225+00:00 PHASE_START 18 HF-FLRC-1300-128 pktSize=128
SYNC_NOT_FOUND first4=BA5FD0A8
2026-07-26T12:43:26.141852+00:00 SYNC_NOT_FOUND first4=7E6E65AB
SYNC_NOT_FOUND first4=D2ACF6CB
SYNC_NOT_FOUND first4=CC48FB72
SYNC_NOT_FOUND first4=6D6D167D
SYNC_NOT_FOUND first4=DD1C21F2
SYNC_NOT_FOUND first4=993CD988
PHASE_RESULT 18 HF-FLRC-1300-128 pktSize=128 rx=0 unique=0 lost=100 per=100.0 rssi_avg=0 rssi_min=0 crc_err=0 garbage=7 tx_lat=0.00000 tx_lon=0.00000 sats=0 fix=0 utc=0 tx_fw=none rx_fw=unknown
PHASE_GUARD 500
2026-07-26T12:43:27.153497+00:00 PHASE_START 19 HF-FLRC-1300-255 pktSize=255
2026-07-26T12:43:28.166936+00:00 SYNC_NOT_FOUND first4=8F7E39EE
PHASE_RESULT 19 HF-FLRC-1300-255 pktSize=255 rx=0 unique=0 lost=100 per=100.0 rssi_avg=0 rssi_min=0 crc_err=0 garbage=1 tx_lat=0.00000 tx_lon=0.00000 sats=0 fix=0 utc=0 tx_fw=none rx_fw=unknown
PHASE_GUARD 500
2026-07-26T12:43:29.182837+00:00 PHASE_START 20 HF-FLRC-650-32 pktSize=32
TIME_SYNCED utc=1785069808 offset=1785062474
SYNC_NOT_FOUND first4=A7E93704
SYNC_NOT_FOUND first4=5AA72A65
SYNC_NOT_FOUND first4=87108224
SYNC_NOT_FOUND first4=22E81586
SYNC_NOT_FOUND first4=76B22C76
SYNC_NOT_FOUND first4=62864D73
SYNC_NOT_FOUND first4=74782EF1
SYNC_NOT_FOUND first4=EF2614D5
SYNC_NOT_FOUND first4=A4A37CBF
SYNC_NOT_FOUND first4=79368F9F
SYNC_NOT_FOUND first4=A9FBEBC5
SYNC_NOT_FOUND first4=D41A05C4
SYNC_NOT_FOUND first4=998ABB38
2026-07-26T12:43:30.201793+00:00 SYNC_NOT_FOUND first4=53CC99D0
SYNC_NOT_FOUND first4=61298DA6
SYNC_NOT_FOUND first4=C8BE4258
SYNC_NOT_FOUND first4=98293904
SYNC_NOT_FOUND first4=FA0EAE16
SYNC_NOT_FOUND first4=AA68912A
SYNC_NOT_FOUND first4=7E31228B
SYNC_NOT_FOUND first4=E5D2FCBF
SYNC_NOT_FOUND first4=2689CBAC
SYNC_NOT_FOUND first4=CA1C3E62
SYNC_NOT_FOUND first4=0D38D537
SYNC_NOT_FOUND first4=CA8A15E3
SYNC_NOT_FOUND first4=27C6A079
SYNC_NOT_FOUND first4=8320BB88
SYNC_NOT_FOUND first4=390C51A8
SYNC_NOT_FOUND first4=8562A08B
SYNC_NOT_FOUND first4=9EB70CEC
SYNC_NOT_FOUND first4=BC9E08FD
SYNC_NOT_FOUND first4=A8F912DF
SYNC_NOT_FOUND first4=A9794E40
SYNC_NOT_FOUND first4=4CC3DE95
PHASE_RESULT 20 HF-FLRC-650-32 pktSize=32 rx=0 unique=0 lost=100 per=100.0 rssi_avg=0 rssi_min=0 crc_err=0 garbage=34 tx_lat=0.00000 tx_lon=0.00000 sats=0 fix=0 utc=0 tx_fw=none rx_fw=unknown
PHASE_GUARD 500
2026-07-26T12:43:31.212950+00:00 PHASE_START 21 HF-FLRC-650-64 pktSize=64
SYNC_NOT_FOUND first4=CC0DD48A
SYNC_NOT_FOUND first4=1C9ABEC5
SYNC_NOT_FOUND first4=084B3C8E
SYNC_NOT_FOUND first4=4212928E
SYNC_NOT_FOUND first4=5576347D
SYNC_NOT_FOUND first4=0FAAD2CD
SYNC_NOT_FOUND first4=6778822B
SYNC_NOT_FOUND first4=B2426E1F
SYNC_NOT_FOUND first4=4095A492
SYNC_NOT_FOUND first4=41E8BC34
SYNC_NOT_FOUND first4=55BB1200
SYNC_NOT_FOUND first4=19871141
SYNC_NOT_FOUND first4=71642AE9
SYNC_NOT_FOUND first4=24494ABD
SYNC_NOT_FOUND first4=76C089F5
SYNC_NOT_FOUND first4=71BFD494
2026-07-26T12:43:32.224071+00:00 SYNC_NOT_FOUND first4=817A581B
SYNC_NOT_FOUND first4=F3E6A518
SYNC_NOT_FOUND first4=2C6C9F4C
SYNC_NOT_FOUND first4=0EAA499B
SYNC_NOT_FOUND first4=E8E4068B
SYNC_NOT_FOUND first4=9FB82224
SYNC_NOT_FOUND first4=BF6AF5C7
SYNC_NOT_FOUND first4=56B7C3F0
SYNC_NOT_FOUND first4=DD312727
SYNC_NOT_FOUND first4=321D4ADF
SYNC_NOT_FOUND first4=A913558E
SYNC_NOT_FOUND first4=8B64C288
SYNC_NOT_FOUND first4=BE1CA3D2
SYNC_NOT_FOUND first4=C743FAFD
SYNC_NOT_FOUND first4=88F3CE3D
SYNC_NOT_FOUND first4=BBD082AC
SYNC_NOT_FOUND first4=C87D4BA7
TIME_SYNCED utc=1785069811 offset=1785062474
SYNC_NOT_FOUND first4=510611CD
SYNC_NOT_FOUND first4=28C8854F
SYNC_NOT_FOUND first4=C654D714
SYNC_NOT_FOUND first4=A44829F4
SYNC_NOT_FOUND first4=E3790ADA
PHASE_RESULT 21 HF-FLRC-650-64 pktSize=64 rx=0 unique=0 lost=100 per=100.0 rssi_avg=0 rssi_min=0 crc_err=0 garbage=38 tx_lat=0.00000 tx_lon=0.00000 sats=0 fix=0 utc=0 tx_fw=none rx_fw=unknown
PHASE_GUARD 500
PHASE_START 22 HF-FLRC-650-128 pktSize=128
2026-07-26T12:43:33.236033+00:00 SYNC_NOT_FOUND first4=9558FECF
SYNC_NOT_FOUND first4=CB818550
SYNC_NOT_FOUND first4=AA40ECF1
SYNC_NOT_FOUND first4=3BE08028
SYNC_NOT_FOUND first4=D1A60310
SYNC_NOT_FOUND first4=45CEE75F
SYNC_NOT_FOUND first4=14F592CF
SYNC_NOT_FOUND first4=C7288D78
SYNC_NOT_FOUND first4=44E01A6B
SYNC_NOT_FOUND first4=9ED1D399
SYNC_NOT_FOUND first4=837F4AF9
SYNC_NOT_FOUND first4=2D142B82
SYNC_NOT_FOUND first4=07A47385
SYNC_NOT_FOUND first4=D86C01D2
SYNC_NOT_FOUND first4=AD4F7E98
SYNC_NOT_FOUND first4=E772A10E
SYNC_NOT_FOUND first4=5B29D9D9
SYNC_NOT_FOUND first4=37EBA93D
SYNC_NOT_FOUND first4=DEDF65D0
SYNC_NOT_FOUND first4=24D7F288
SYNC_NOT_FOUND first4=182D9D73
SYNC_NOT_FOUND first4=153C5912
SYNC_NOT_FOUND first4=1150BF9A
SYNC_NOT_FOUND first4=3AA431C0
SYNC_NOT_FOUND first4=E8B7EC84
SYNC_NOT_FOUND first4=5646D4BF
SYNC_NOT_FOUND first4=64F756BB
2026-07-26T12:43:34.249433+00:00 SYNC_NOT_FOUND first4=8FE64B09
SYNC_NOT_FOUND first4=A044F572
SYNC_NOT_FOUND first4=308EDFED
SYNC_NOT_FOUND first4=D3233560
SYNC_NOT_FOUND first4=E4C70105
SYNC_NOT_FOUND first4=2DDFAE33
SYNC_NOT_FOUND first4=A15A77ED
SYNC_NOT_FOUND first4=8E03213C
SYNC_NOT_FOUND first4=51E05E9B
SYNC_NOT_FOUND first4=E75A2CBF
SYNC_NOT_FOUND first4=D302595C
SYNC_NOT_FOUND first4=9DF62FFC
SYNC_NOT_FOUND first4=3D8540B5
SYNC_NOT_FOUND first4=B934156C
SYNC_NOT_FOUND first4=A35808BD
SYNC_NOT_FOUND first4=5FB7A83D
SYNC_NOT_FOUND first4=2BB0D4F0
SYNC_NOT_FOUND first4=D4A8E563
SYNC_NOT_FOUND first4=779C4642
SYNC_NOT_FOUND first4=C1C5407D
SYNC_NOT_FOUND first4=8E50F995
SYNC_NOT_FOUND first4=BA2B088C
SYNC_NOT_FOUND first4=4B7926D5
SYNC_NOT_FOUND first4=31AA3F36
SYNC_NOT_FOUND first4=7B41C9C0
PHASE_RESULT 22 HF-FLRC-650-128 pktSize=128 rx=0 unique=0 lost=100 per=100.0 rssi_avg=0 rssi_min=0 crc_err=0 garbage=52 tx_lat=0.00000 tx_lon=0.00000 sats=0 fix=0 utc=0 tx_fw=none rx_fw=unknown
PHASE_GUARD 500
PHASE_START 23 HF-FLRC-650-255 pktSize=255
2026-07-26T12:43:35.271049+00:00 SYNC_NOT_FOUND first4=813777FE
SYNC_NOT_FOUND first4=2D5CC38F
SYNC_NOT_FOUND first4=5DE6F435
SYNC_NOT_FOUND first4=E4E55219
SYNC_NOT_FOUND first4=C8529686
SYNC_NOT_FOUND first4=2614E21A
SYNC_NOT_FOUND first4=5164ACBC
SYNC_NOT_FOUND first4=6314A654
SYNC_NOT_FOUND first4=47224AF4
SYNC_NOT_FOUND first4=87055820
SYNC_NOT_FOUND first4=F2ADA523
SYNC_NOT_FOUND first4=11239C0D
SYNC_NOT_FOUND first4=70EE701B
SYNC_NOT_FOUND first4=06B4D59E
SYNC_NOT_FOUND first4=CDC88067
SYNC_NOT_FOUND first4=6473D234
SYNC_NOT_FOUND first4=9BFF8024
SYNC_NOT_FOUND first4=FE37B32F
SYNC_NOT_FOUND first4=0BCDB93A
SYNC_NOT_FOUND first4=33518386
2026-07-26T12:43:36.283945+00:00 SYNC_NOT_FOUND first4=71421663
SYNC_NOT_FOUND first4=C3972A3D
SYNC_NOT_FOUND first4=D2DE514E
SYNC_NOT_FOUND first4=7A04B409
SYNC_NOT_FOUND first4=E1A5D450
SYNC_NOT_FOUND first4=DEE05436
SYNC_NOT_FOUND first4=E3385F38
SYNC_NOT_FOUND first4=4539E300
SYNC_NOT_FOUND first4=6F97E727
PHASE_RESULT 23 HF-FLRC-650-255 pktSize=255 rx=0 unique=0 lost=100 per=100.0 rssi_avg=0 rssi_min=0 crc_err=0 garbage=29 tx_lat=0.00000 tx_lon=0.00000 sats=0 fix=0 utc=0 tx_fw=none rx_fw=unknown
PHASE_GUARD 500
PHASE_START 24 HF-FLRC-325-32 pktSize=32
2026-07-26T12:43:37.294681+00:00 SYNC_NOT_FOUND first4=918DD2A9
SYNC_NOT_FOUND first4=824FC1FC
SYNC_NOT_FOUND first4=D414333A
2026-07-26T12:43:38.310518+00:00 PHASE_RESULT 24 HF-FLRC-325-32 pktSize=32 rx=0 unique=0 lost=100 per=100.0 rssi_avg=0 rssi_min=0 crc_err=0 garbage=3 tx_lat=0.00000 tx_lon=0.00000 sats=0 fix=0 utc=0 tx_fw=none rx_fw=unknown
PHASE_GUARD 500
PHASE_START 25 HF-FLRC-325-64 pktSize=64
SYNC_NOT_FOUND first4=EB527A77
2026-07-26T12:43:39.333034+00:00 TIME_SYNCED utc=1785069818 offset=1785062474
SYNC_NOT_FOUND first4=2F085B2B
SYNC_NOT_FOUND first4=BCA9A01D
SYNC_NOT_FOUND first4=6FC08C3B
SYNC_NOT_FOUND first4=24C7E515
2026-07-26T12:43:40.353462+00:00 SYNC_NOT_FOUND first4=F0F12B71
PHASE_RESULT 25 HF-FLRC-325-64 pktSize=64 rx=0 unique=0 lost=100 per=100.0 rssi_avg=0 rssi_min=0 crc_err=0 garbage=6 tx_lat=0.00000 tx_lon=0.00000 sats=0 fix=0 utc=0 tx_fw=none rx_fw=unknown
PHASE_GUARD 500
PHASE_START 26 HF-FLRC-325-128 pktSize=128
2026-07-26T12:43:41.364864+00:00 SYNC_NOT_FOUND first4=175ADC30
SYNC_NOT_FOUND first4=8429A920
SYNC_NOT_FOUND first4=3CE7C7B1
SYNC_NOT_FOUND first4=EEF5C32B
2026-07-26T12:43:42.376234+00:00 SYNC_NOT_FOUND first4=DF86BEF2
SYNC_NOT_FOUND first4=7602257F
SYNC_NOT_FOUND first4=2FFC0B78
SYNC_NOT_FOUND first4=AEAE437B
TIME_SYNCED utc=1785069821 offset=1785062474
PHASE_RESULT 26 HF-FLRC-325-128 pktSize=128 rx=0 unique=0 lost=100 per=100.0 rssi_avg=0 rssi_min=0 crc_err=0 garbage=8 tx_lat=0.00000 tx_lon=0.00000 sats=0 fix=0 utc=0 tx_fw=none rx_fw=unknown
PHASE_GUARD 500
PHASE_START 27 HF-FLRC-325-255 pktSize=255
2026-07-26T12:43:43.392735+00:00 SYNC_NOT_FOUND first4=01310677
SYNC_NOT_FOUND first4=B7EEAA73
SYNC_NOT_FOUND first4=1086C084
2026-07-26T12:43:44.412225+00:00 PHASE_RESULT 27 HF-FLRC-325-255 pktSize=255 rx=0 unique=0 lost=100 per=100.0 rssi_avg=0 rssi_min=0 crc_err=0 garbage=3 tx_lat=0.00000 tx_lon=0.00000 sats=0 fix=0 utc=0 tx_fw=none rx_fw=unknown
PHASE_GUARD 500
LORA_CFG path=0 bw=0x05 sf=7
PHASE_START 28 LF-LoRa-SF7-32 pktSize=32
2026-07-26T12:43:46.482614+00:00 PHASE_RESULT 28 LF-LoRa-SF7-32 pktSize=32 rx=0 unique=0 lost=20 per=100.0 rssi_avg=0 rssi_min=0 crc_err=0 garbage=0 tx_lat=0.00000 tx_lon=0.00000 sats=0 fix=0 utc=0 tx_fw=none rx_fw=unknown
PHASE_GUARD 500
LORA_CFG path=0 bw=0x05 sf=7
PHASE_START 29 LF-LoRa-SF7-64 pktSize=64
2026-07-26T12:43:49.596822+00:00 TIME_SYNCED utc=1785069828 offset=1785062474
PHASE_RESULT 29 LF-LoRa-SF7-64 pktSize=64 rx=0 unique=0 lost=20 per=100.0 rssi_avg=0 rssi_min=0 crc_err=0 garbage=0 tx_lat=0.00000 tx_lon=0.00000 sats=0 fix=0 utc=0 tx_fw=none rx_fw=unknown
PHASE_GUARD 500
LORA_CFG path=0 bw=0x05 sf=7
PHASE_START 30 LF-LoRa-SF7-128 pktSize=128
2026-07-26T12:43:52.718104+00:00 TIME_SYNCED utc=1785069831 offset=1785062474
2026-07-26T12:43:53.729304+00:00 PHASE_RESULT 30 LF-LoRa-SF7-128 pktSize=128 rx=0 unique=0 lost=13 per=100.0 rssi_avg=0 rssi_min=0 crc_err=0 garbage=0 tx_lat=0.00000 tx_lon=0.00000 sats=0 fix=0 utc=0 tx_fw=none rx_fw=unknown
PHASE_GUARD 500
LORA_CFG path=0 bw=0x05 sf=7
PHASE_START 31 LF-LoRa-SF7-255 pktSize=255
2026-07-26T12:43:57.899156+00:00 PHASE_RESULT 31 LF-LoRa-SF7-255 pktSize=255 rx=0 unique=0 lost=7 per=100.0 rssi_avg=0 rssi_min=0 crc_err=0 garbage=0 tx_lat=0.00000 tx_lon=0.00000 sats=0 fix=0 utc=0 tx_fw=none rx_fw=unknown
PHASE_GUARD 500
LORA_CFG path=0 bw=0x05 sf=9
PHASE_START 32 LF-LoRa-SF9-32 pktSize=32
2026-07-26T12:43:59.969206+00:00 TIME_SYNCED utc=1785069838 offset=1785062474
2026-07-26T12:44:02.042278+00:00 PHASE_RESULT 32 LF-LoRa-SF9-32 pktSize=32 rx=0 unique=0 lost=7 per=100.0 rssi_avg=0 rssi_min=0 crc_err=0 garbage=0 tx_lat=0.00000 tx_lon=0.00000 sats=0 fix=0 utc=0 tx_fw=none rx_fw=unknown
PHASE_GUARD 500
LORA_CFG path=0 bw=0x05 sf=9
PHASE_START 33 LF-LoRa-SF9-64 pktSize=64
TIME_SYNCED utc=1785069841 offset=1785062474
2026-07-26T12:44:04.104378+00:00 PHASE_RESULT 33 LF-LoRa-SF9-64 pktSize=64 rx=0 unique=0 lost=3 per=100.0 rssi_avg=0 rssi_min=0 crc_err=0 garbage=0 tx_lat=0.00000 tx_lon=0.00000 sats=0 fix=0 utc=0 tx_fw=none rx_fw=unknown
PHASE_GUARD 500
2026-07-26T12:44:05.121238+00:00 LORA_CFG path=0 bw=0x05 sf=9
PHASE_START 34 LF-LoRa-SF9-128 pktSize=128
2026-07-26T12:44:06.139736+00:00 PHASE_RESULT 34 LF-LoRa-SF9-128 pktSize=128 rx=0 unique=0 lost=1 per=100.0 rssi_avg=0 rssi_min=0 crc_err=0 garbage=0 tx_lat=0.00000 tx_lon=0.00000 sats=0 fix=0 utc=0 tx_fw=none rx_fw=unknown
PHASE_GUARD 500
LORA_CFG path=0 bw=0x05 sf=9
2026-07-26T12:44:07.151570+00:00 PHASE_START 35 LF-LoRa-SF9-255 pktSize=255
2026-07-26T12:44:10.268003+00:00 TIME_SYNCED utc=1785069849 offset=1785062474
PHASE_RESULT 35 LF-LoRa-SF9-255 pktSize=255 rx=0 unique=0 lost=1 per=100.0 rssi_avg=0 rssi_min=0 crc_err=0 garbage=0 tx_lat=0.00000 tx_lon=0.00000 sats=0 fix=0 utc=0 tx_fw=none rx_fw=unknown
PHASE_GUARD 500
LORA_CFG path=0 bw=0x05 sf=12
PHASE_START 36 LF-LoRa-SF12-32 pktSize=32
2026-07-26T12:44:12.335335+00:00 TIME_SYNCED utc=1785069851 offset=1785062474
2026-07-26T12:44:20.710813+00:00 TIME_SYNCED utc=1785069859 offset=1785062474
2026-07-26T12:44:22.780456+00:00 TIME_SYNCED utc=1785069861 offset=1785062474
2026-07-26T12:44:25.894463+00:00 PHASE_RESULT 36 LF-LoRa-SF12-32 pktSize=32 rx=0 unique=0 lost=1 per=100.0 rssi_avg=0 rssi_min=0 crc_err=0 garbage=0 tx_lat=0.00000 tx_lon=0.00000 sats=0 fix=0 utc=0 tx_fw=none rx_fw=unknown
PHASE_GUARD 500
LORA_CFG path=0 bw=0x05 sf=12
PHASE_START 37 LF-LoRa-SF12-SKIP SKIP pktSize=64
2026-07-26T12:44:26.909644+00:00 PHASE_RESULT 37 LF-LoRa-SF12-SKIP pktSize=64 rx=0 unique=0 lost=0 per=0.0 rssi_avg=0 rssi_min=0 crc_err=0 garbage=0 tx_lat=0.00000 tx_lon=0.00000 sats=0 fix=0 utc=0 tx_fw=none rx_fw=unknown
PHASE_GUARD 500
LORA_CFG path=0 bw=0x05 sf=12
PHASE_START 38 LF-LoRa-SF12-SKIP SKIP pktSize=128
2026-07-26T12:44:27.924352+00:00 PHASE_RESULT 38 LF-LoRa-SF12-SKIP pktSize=128 rx=0 unique=0 lost=0 per=0.0 rssi_avg=0 rssi_min=0 crc_err=0 garbage=0 tx_lat=0.00000 tx_lon=0.00000 sats=0 fix=0 utc=0 tx_fw=none rx_fw=unknown
PHASE_GUARD 500
LORA_CFG path=0 bw=0x05 sf=12
PHASE_START 39 LF-LoRa-SF12-SKIP SKIP pktSize=255
2026-07-26T12:44:28.936254+00:00 PHASE_RESULT 39 LF-LoRa-SF12-SKIP pktSize=255 rx=0 unique=0 lost=0 per=0.0 rssi_avg=0 rssi_min=0 crc_err=0 garbage=0 tx_lat=0.00000 tx_lon=0.00000 sats=0 fix=0 utc=0 tx_fw=none rx_fw=unknown
PHASE_GUARD 500
PHASE_START 40 LF-FLRC-2600-32 pktSize=32
2026-07-26T12:44:29.952563+00:00 SYNC_NOT_FOUND first4=D76657B7
SYNC_NOT_FOUND first4=408D008B
2026-07-26T12:44:30.971363+00:00 TIME_SYNCED utc=1785069869 offset=1785062474
PHASE_RESULT 40 LF-FLRC-2600-32 pktSize=32 rx=0 unique=0 lost=100 per=100.0 rssi_avg=0 rssi_min=0 crc_err=0 garbage=2 tx_lat=0.00000 tx_lon=0.00000 sats=0 fix=0 utc=0 tx_fw=none rx_fw=unknown
PHASE_GUARD 500
PHASE_START 41 LF-FLRC-2600-64 pktSize=64
SYNC_NOT_FOUND first4=0C224E0B
SYNC_NOT_FOUND first4=7CB34096
2026-07-26T12:44:31.982986+00:00 SYNC_NOT_FOUND first4=24EDA6F4
2026-07-26T12:44:32.994302+00:00 TIME_SYNCED utc=1785069872 offset=1785062475
PHASE_RESULT 41 LF-FLRC-2600-64 pktSize=64 rx=0 unique=0 lost=100 per=100.0 rssi_avg=0 rssi_min=0 crc_err=0 garbage=3 tx_lat=0.00000 tx_lon=0.00000 sats=0 fix=0 utc=0 tx_fw=none rx_fw=unknown
PHASE_GUARD 500
PHASE_START 42 LF-FLRC-2600-128 pktSize=128
2026-07-26T12:44:34.005215+00:00 PHASE_RESULT 42 LF-FLRC-2600-128 pktSize=128 rx=0 unique=0 lost=100 per=100.0 rssi_avg=0 rssi_min=0 crc_err=0 garbage=0 tx_lat=0.00000 tx_lon=0.00000 sats=0 fix=0 utc=0 tx_fw=none rx_fw=unknown
PHASE_GUARD 500
PHASE_START 43 LF-FLRC-2600-255 pktSize=255
SYNC_NOT_FOUND first4=5CF693C3
SYNC_NOT_FOUND first4=4A2F92FE
SYNC_NOT_FOUND first4=398A87F1
2026-07-26T12:44:35.017206+00:00 SYNC_NOT_FOUND first4=21C23D40
SYNC_NOT_FOUND first4=EAD9A99E
2026-07-26T12:44:36.028299+00:00 PHASE_RESULT 43 LF-FLRC-2600-255 pktSize=255 rx=0 unique=0 lost=100 per=100.0 rssi_avg=0 rssi_min=0 crc_err=0 garbage=5 tx_lat=0.00000 tx_lon=0.00000 sats=0 fix=0 utc=0 tx_fw=none rx_fw=unknown
PHASE_GUARD 500
PHASE_START 44 LF-FLRC-1300-32 pktSize=32
SYNC_NOT_FOUND first4=B15209D1
2026-07-26T12:44:37.040314+00:00 SYNC_NOT_FOUND first4=32C389E3
2026-07-26T12:44:38.052108+00:00 PHASE_RESULT 44 LF-FLRC-1300-32 pktSize=32 rx=0 unique=0 lost=100 per=100.0 rssi_avg=0 rssi_min=0 crc_err=0 garbage=2 tx_lat=0.00000 tx_lon=0.00000 sats=0 fix=0 utc=0 tx_fw=none rx_fw=unknown
PHASE_GUARD 500
PHASE_START 45 LF-FLRC-1300-64 pktSize=64
2026-07-26T12:44:39.062888+00:00 PHASE_RESULT 45 LF-FLRC-1300-64 pktSize=64 rx=0 unique=0 lost=100 per=100.0 rssi_avg=0 rssi_min=0 crc_err=0 garbage=0 tx_lat=0.00000 tx_lon=0.00000 sats=0 fix=0 utc=0 tx_fw=none rx_fw=unknown
PHASE_GUARD 500
2026-07-26T12:44:40.075000+00:00 PHASE_START 46 LF-FLRC-1300-128 pktSize=128
SYNC_NOT_FOUND first4=055F3038
2026-07-26T12:44:41.079598+00:00 TIME_SYNCED utc=1785069880 offset=1785062474
2026-07-26T12:44:42.091502+00:00 TIME_SYNCED utc=1785069882 offset=1785062475
PHASE_RESULT 46 LF-FLRC-1300-128 pktSize=128 rx=0 unique=0 lost=100 per=100.0 rssi_avg=0 rssi_min=0 crc_err=0 garbage=1 tx_lat=0.00000 tx_lon=0.00000 sats=0 fix=0 utc=0 tx_fw=none rx_fw=unknown
PHASE_GUARD 500
2026-07-26T12:44:43.102632+00:00 PHASE_START 47 LF-FLRC-1300-255 pktSize=255
PHASE_RESULT 47 LF-FLRC-1300-255 pktSize=255 rx=0 unique=0 lost=100 per=100.0 rssi_avg=0 rssi_min=0 crc_err=0 garbage=0 tx_lat=0.00000 tx_lon=0.00000 sats=0 fix=0 utc=0 tx_fw=none rx_fw=unknown
PHASE_GUARD 500
2026-07-26T12:44:44.114204+00:00 PHASE_START 48 LF-FLRC-650-32 pktSize=32
SYNC_NOT_FOUND first4=7DC10ED8
2026-07-26T12:44:45.125151+00:00 PHASE_RESULT 48 LF-FLRC-650-32 pktSize=32 rx=0 unique=0 lost=100 per=100.0 rssi_avg=0 rssi_min=0 crc_err=0 garbage=1 tx_lat=0.00000 tx_lon=0.00000 sats=0 fix=0 utc=0 tx_fw=none rx_fw=unknown
PHASE_GUARD 500
2026-07-26T12:44:46.130227+00:00 PHASE_START 49 LF-FLRC-650-64 pktSize=64
2026-07-26T12:44:47.141356+00:00 SYNC_NOT_FOUND first4=0F98104B
SYNC_NOT_FOUND first4=EE789BAC
SYNC_NOT_FOUND first4=E102337A
PHASE_RESULT 49 LF-FLRC-650-64 pktSize=64 rx=0 unique=0 lost=100 per=100.0 rssi_avg=0 rssi_min=0 crc_err=0 garbage=3 tx_lat=0.00000 tx_lon=0.00000 sats=0 fix=0 utc=0 tx_fw=none rx_fw=unknown
PHASE_GUARD 500
2026-07-26T12:44:48.152645+00:00 PHASE_START 50 LF-FLRC-650-128 pktSize=128
SYNC_NOT_FOUND first4=BF26CEB7
SYNC_NOT_FOUND first4=1987D1C4
2026-07-26T12:44:49.163703+00:00 SYNC_NOT_FOUND first4=C86216C8
SYNC_NOT_FOUND first4=CAB65047
PHASE_RESULT 50 LF-FLRC-650-128 pktSize=128 rx=0 unique=0 lost=100 per=100.0 rssi_avg=0 rssi_min=0 crc_err=0 garbage=4 tx_lat=0.00000 tx_lon=0.00000 sats=0 fix=0 utc=0 tx_fw=none rx_fw=unknown
PHASE_GUARD 500
2026-07-26T12:44:50.174673+00:00 PHASE_START 51 LF-FLRC-650-255 pktSize=255
SYNC_NOT_FOUND first4=535FD0DC
SYNC_NOT_FOUND first4=106E04DB
SYNC_NOT_FOUND first4=C92FFFD8
2026-07-26T12:44:51.187288+00:00 TIME_SYNCED utc=1785069890 offset=1785062474
SYNC_NOT_FOUND first4=F34A4125
SYNC_NOT_FOUND first4=70BFE946
2026-07-26T12:44:52.198949+00:00 SYNC_NOT_FOUND first4=9E47ECE0
PHASE_RESULT 51 LF-FLRC-650-255 pktSize=255 rx=0 unique=0 lost=100 per=100.0 rssi_avg=0 rssi_min=0 crc_err=0 garbage=6 tx_lat=0.00000 tx_lon=0.00000 sats=0 fix=0 utc=0 tx_fw=none rx_fw=unknown
PHASE_GUARD 500
PHASE_START 52 LF-FLRC-325-32 pktSize=32
TIME_SYNCED utc=1785069892 offset=1785062474
2026-07-26T12:44:53.210853+00:00 SYNC_NOT_FOUND first4=2800B3D0
2026-07-26T12:44:54.221999+00:00 PHASE_RESULT 52 LF-FLRC-325-32 pktSize=32 rx=0 unique=0 lost=100 per=100.0 rssi_avg=0 rssi_min=0 crc_err=0 garbage=1 tx_lat=0.00000 tx_lon=0.00000 sats=0 fix=0 utc=0 tx_fw=none rx_fw=unknown
PHASE_GUARD 500
PHASE_START 53 LF-FLRC-325-64 pktSize=64
2026-07-26T12:44:56.284552+00:00 PHASE_RESULT 53 LF-FLRC-325-64 pktSize=64 rx=0 unique=0 lost=100 per=100.0 rssi_avg=0 rssi_min=0 crc_err=0 garbage=0 tx_lat=0.00000 tx_lon=0.00000 sats=0 fix=0 utc=0 tx_fw=none rx_fw=unknown
PHASE_GUARD 500
PHASE_START 54 LF-FLRC-325-128 pktSize=128
2026-07-26T12:44:58.348046+00:00 PHASE_RESULT 54 LF-FLRC-325-128 pktSize=128 rx=0 unique=0 lost=100 per=100.0 rssi_avg=0 rssi_min=0 crc_err=0 garbage=0 tx_lat=0.00000 tx_lon=0.00000 sats=0 fix=0 utc=0 tx_fw=none rx_fw=unknown
PHASE_GUARD 500
PHASE_START 55 LF-FLRC-325-255 pktSize=255
2026-07-26T12:45:00.409733+00:00 PHASE_RESULT 55 LF-FLRC-325-255 pktSize=255 rx=0 unique=0 lost=100 per=100.0 rssi_avg=0 rssi_min=0 crc_err=0 garbage=0 tx_lat=0.00000 tx_lon=0.00000 sats=0 fix=0 utc=0 tx_fw=none rx_fw=unknown
PHASE_GUARD 500
LORA_CFG path=1 bw=0x0F sf=7
PHASE_START 0 HF-LoRa-SF7-32 pktSize=32
2026-07-26T12:45:01.422808+00:00 TIME_SYNCED utc=1785069900 offset=1785062474
2026-07-26T12:45:02.434870+00:00 PHASE_RESULT 0 HF-LoRa-SF7-32 pktSize=32 rx=0 unique=0 lost=20 per=100.0 rssi_avg=0 rssi_min=0 crc_err=0 garbage=0 tx_lat=0.00000 tx_lon=0.00000 sats=0 fix=0 utc=0 tx_fw=none rx_fw=unknown
PHASE_GUARD 500
LORA_CFG path=1 bw=0x0F sf=7
PHASE_START 1 HF-LoRa-SF7-64 pktSize=64
TIME_SYNCED utc=1785069902 offset=1785062474
2026-07-26T12:45:04.497233+00:00 PHASE_RESULT 1 HF-LoRa-SF7-64 pktSize=64 rx=0 unique=0 lost=20 per=100.0 rssi_avg=0 rssi_min=0 crc_err=0 garbage=0 tx_lat=0.00000 tx_lon=0.00000 sats=0 fix=0 utc=0 tx_fw=none rx_fw=unknown
PHASE_GUARD 500
LORA_CFG path=1 bw=0x0F sf=7
PHASE_START 2 HF-LoRa-SF7-128 pktSize=128
2026-07-26T12:45:06.559211+00:00 PHASE_RESULT 2 HF-LoRa-SF7-128 pktSize=128 rx=0 unique=0 lost=20 per=100.0 rssi_avg=0 rssi_min=0 crc_err=0 garbage=0 tx_lat=0.00000 tx_lon=0.00000 sats=0 fix=0 utc=0 tx_fw=none rx_fw=unknown
PHASE_GUARD 500
LORA_CFG path=1 bw=0x0F sf=7
PHASE_START 3 HF-LoRa-SF7-255 pktSize=255
2026-07-26T12:45:09.676358+00:00 PHASE_RESULT 3 HF-LoRa-SF7-255 pktSize=255 rx=0 unique=0 lost=20 per=100.0 rssi_avg=0 rssi_min=0 crc_err=0 garbage=0 tx_lat=0.00000 tx_lon=0.00000 sats=0 fix=0 utc=0 tx_fw=none rx_fw=unknown
PHASE_GUARD 500
LORA_CFG path=1 bw=0x0F sf=9
PHASE_START 4 HF-LoRa-SF9-32 pktSize=32
2026-07-26T12:45:11.741713+00:00 TIME_SYNCED utc=1785069910 offset=1785062474
PHASE_RESULT 4 HF-LoRa-SF9-32 pktSize=32 rx=0 unique=0 lost=20 per=100.0 rssi_avg=0 rssi_min=0 crc_err=0 garbage=0 tx_lat=0.00000 tx_lon=0.00000 sats=0 fix=0 utc=0 tx_fw=none rx_fw=unknown
PHASE_GUARD 500
LORA_CFG path=1 bw=0x0F sf=9
PHASE_START 5 HF-LoRa-SF9-64 pktSize=64
2026-07-26T12:45:12.760782+00:00 TIME_SYNCED utc=1785069912 offset=1785062474
2026-07-26T12:45:14.823233+00:00 PHASE_RESULT 5 HF-LoRa-SF9-64 pktSize=64 rx=0 unique=0 lost=20 per=100.0 rssi_avg=0 rssi_min=0 crc_err=0 garbage=0 tx_lat=0.00000 tx_lon=0.00000 sats=0 fix=0 utc=0 tx_fw=none rx_fw=unknown
PHASE_GUARD 500
LORA_CFG path=1 bw=0x0F sf=9
PHASE_START 6 HF-LoRa-SF9-128 pktSize=128
2026-07-26T12:45:18.987551+00:00 PHASE_RESULT 6 HF-LoRa-SF9-128 pktSize=128 rx=0 unique=0 lost=13 per=100.0 rssi_avg=0 rssi_min=0 crc_err=0 garbage=0 tx_lat=0.00000 tx_lon=0.00000 sats=0 fix=0 utc=0 tx_fw=none rx_fw=unknown
PHASE_GUARD 500
LORA_CFG path=1 bw=0x0F sf=9
PHASE_START 7 HF-LoRa-SF9-255 pktSize=255
2026-07-26T12:45:21.051286+00:00 PHASE_RESULT 7 HF-LoRa-SF9-255 pktSize=255 rx=0 unique=0 lost=6 per=100.0 rssi_avg=0 rssi_min=0 crc_err=0 garbage=0 tx_lat=0.00000 tx_lon=0.00000 sats=0 fix=0 utc=0 tx_fw=none rx_fw=unknown
PHASE_GUARD 500
2026-07-26T12:45:22.068206+00:00 LORA_CFG path=1 bw=0x0F sf=12
PHASE_START 8 HF-LoRa-SF12-32 pktSize=32
TIME_SYNCED utc=1785069921 offset=1785062474
2026-07-26T12:45:23.079277+00:00 TIME_SYNCED utc=1785069922 offset=1785062474
2026-07-26T12:45:24.091212+00:00 PHASE_RESULT 8 HF-LoRa-SF12-32 pktSize=32 rx=0 unique=0 lost=2 per=100.0 rssi_avg=0 rssi_min=0 crc_err=0 garbage=0 tx_lat=0.00000 tx_lon=0.00000 sats=0 fix=0 utc=0 tx_fw=none rx_fw=unknown
PHASE_GUARD 500
2026-07-26T12:45:25.102234+00:00 LORA_CFG path=1 bw=0x0F sf=12
PHASE_START 9 HF-LoRa-SF12-64 pktSize=64
2026-07-26T12:45:27.166038+00:00 PHASE_RESULT 9 HF-LoRa-SF12-64 pktSize=64 rx=0 unique=0 lost=1 per=100.0 rssi_avg=0 rssi_min=0 crc_err=0 garbage=0 tx_lat=0.00000 tx_lon=0.00000 sats=0 fix=0 utc=0 tx_fw=none rx_fw=unknown
PHASE_GUARD 500
LORA_CFG path=1 bw=0x0F sf=12
2026-07-26T12:45:28.172868+00:00 PHASE_START 10 HF-LoRa-SF12-128 pktSize=128
2026-07-26T12:45:32.335647+00:00 TIME_SYNCED utc=1785069931 offset=1785062474
PHASE_RESULT 10 HF-LoRa-SF12-128 pktSize=128 rx=0 unique=0 lost=1 per=100.0 rssi_avg=0 rssi_min=0 crc_err=0 garbage=0 tx_lat=0.00000 tx_lon=0.00000 sats=0 fix=0 utc=0 tx_fw=none rx_fw=unknown
PHASE_GUARD 500
LORA_CFG path=1 bw=0x0F sf=12
PHASE_START 11 HF-LoRa-SF12-255 pktSize=255
TIME_SYNCED utc=1785069932 offset=1785062474
2026-07-26T12:45:42.807606+00:00 TIME_SYNCED utc=1785069941 offset=1785062474
PHASE_RESULT 11 HF-LoRa-SF12-255 pktSize=255 rx=0 unique=0 lost=1 per=100.0 rssi_avg=0 rssi_min=0 crc_err=0 garbage=0 tx_lat=0.00000 tx_lon=0.00000 sats=0 fix=0 utc=0 tx_fw=none rx_fw=unknown
PHASE_GUARD 500
PHASE_START 12 HF-FLRC-2600-32 pktSize=32
TIME_SYNCED utc=1785069942 offset=1785062474
SYNC_NOT_FOUND first4=1E03F8CC
SYNC_NOT_FOUND first4=236A75E9
SYNC_NOT_FOUND first4=A15A3472
2026-07-26T12:45:43.819237+00:00 SYNC_NOT_FOUND first4=C28EBE7E
SYNC_NOT_FOUND first4=484774AF
SYNC_NOT_FOUND first4=46443017
2026-07-26T12:45:44.831203+00:00 SYNC_NOT_FOUND first4=314DEB46
SYNC_NOT_FOUND first4=03116775
PHASE_RESULT 12 HF-FLRC-2600-32 pktSize=32 rx=0 unique=0 lost=100 per=100.0 rssi_avg=0 rssi_min=0 crc_err=0 garbage=8 tx_lat=0.00000 tx_lon=0.00000 sats=0 fix=0 utc=0 tx_fw=none rx_fw=unknown
PHASE_GUARD 500
PHASE_START 13 HF-FLRC-2600-64 pktSize=64
SYNC_NOT_FOUND first4=5399BBD6
SYNC_NOT_FOUND first4=BFED247C
2026-07-26T12:45:45.841895+00:00 SYNC_NOT_FOUND first4=B1984375
2026-07-26T12:45:46.851745+00:00 PHASE_RESULT 13 HF-FLRC-2600-64 pktSize=64 rx=0 unique=0 lost=100 per=100.0 rssi_avg=0 rssi_min=0 crc_err=0 garbage=3 tx_lat=0.00000 tx_lon=0.00000 sats=0 fix=0 utc=0 tx_fw=none rx_fw=unknown
PHASE_GUARD 500
PHASE_START 14 HF-FLRC-2600-128 pktSize=128
SYNC_NOT_FOUND first4=5C14DC1F
SYNC_NOT_FOUND first4=3D0EDAA4
SYNC_NOT_FOUND first4=36E6FB2D
SYNC_NOT_FOUND first4=42E913BA
SYNC_NOT_FOUND first4=C1F26415
SYNC_NOT_FOUND first4=AF96BD69
2026-07-26T12:45:47.864967+00:00 SYNC_NOT_FOUND first4=B081838A
SYNC_NOT_FOUND first4=AB4C8612
SYNC_NOT_FOUND first4=CCC67EC4
2026-07-26T12:45:48.877344+00:00 SYNC_NOT_FOUND first4=CDAAF0DE
PHASE_RESULT 14 HF-FLRC-2600-128 pktSize=128 rx=0 unique=0 lost=100 per=100.0 rssi_avg=0 rssi_min=0 crc_err=0 garbage=10 tx_lat=0.00000 tx_lon=0.00000 sats=0 fix=0 utc=0 tx_fw=none rx_fw=unknown
PHASE_GUARD 500
PHASE_START 15 HF-FLRC-2600-255 pktSize=255
SYNC_NOT_FOUND first4=022CAA8B
SYNC_NOT_FOUND first4=0FD26307
2026-07-26T12:45:49.894213+00:00 SYNC_NOT_FOUND first4=C2A396E6
SYNC_NOT_FOUND first4=429FFACF
SYNC_NOT_FOUND first4=77C63FF9
SYNC_NOT_FOUND first4=E967B996
SYNC_NOT_FOUND first4=4BBF6067
SYNC_NOT_FOUND first4=D75DBB45
SYNC_NOT_FOUND first4=9F5693B9
SYNC_NOT_FOUND first4=735E3B55
SYNC_NOT_FOUND first4=A0CD6474
SYNC_NOT_FOUND first4=CD62E3A3
2026-07-26T12:45:50.905887+00:00 SYNC_NOT_FOUND first4=23F5DFA7
PHASE_RESULT 15 HF-FLRC-2600-255 pktSize=255 rx=0 unique=0 lost=100 per=100.0 rssi_avg=0 rssi_min=0 crc_err=0 garbage=13 tx_lat=0.00000 tx_lon=0.00000 sats=0 fix=0 utc=0 tx_fw=none rx_fw=unknown
PHASE_GUARD 500
PHASE_START 16 HF-FLRC-1300-32 pktSize=32
SYNC_NOT_FOUND first4=9110179F
SYNC_NOT_FOUND first4=85F80E38
2026-07-26T12:45:51.917348+00:00 SYNC_NOT_FOUND first4=8E864610
2026-07-26T12:45:52.929362+00:00 TIME_SYNCED utc=1785069951 offset=1785062474
SYNC_NOT_FOUND first4=67FC90C6
PHASE_RESULT 16 HF-FLRC-1300-32 pktSize=32 rx=0 unique=0 lost=100 per=100.0 rssi_avg=0 rssi_min=0 crc_err=0 garbage=4 tx_lat=0.00000 tx_lon=0.00000 sats=0 fix=0 utc=0 tx_fw=none rx_fw=unknown
PHASE_GUARD 500
PHASE_START 17 HF-FLRC-1300-64 pktSize=64
TIME_SYNCED utc=1785069952 offset=1785062474
SYNC_NOT_FOUND first4=5058D1C7
2026-07-26T12:45:53.940952+00:00 SYNC_NOT_FOUND first4=85F714EB
SYNC_NOT_FOUND first4=BF8C0703
2026-07-26T12:45:54.951929+00:00 PHASE_RESULT 17 HF-FLRC-1300-64 pktSize=64 rx=0 unique=0 lost=100 per=100.0 rssi_avg=0 rssi_min=0 crc_err=0 garbage=3 tx_lat=0.00000 tx_lon=0.00000 sats=0 fix=0 utc=0 tx_fw=none rx_fw=unknown
PHASE_GUARD 500
PHASE_START 18 HF-FLRC-1300-128 pktSize=128
SYNC_NOT_FOUND first4=E4A28D46
2026-07-26T12:45:55.963355+00:00 SYNC_NOT_FOUND first4=647FAFB3
SYNC_NOT_FOUND first4=4D45331B
SYNC_NOT_FOUND first4=AB3B6B51
2026-07-26T12:45:56.975422+00:00 SYNC_NOT_FOUND first4=FF8B1786
PHASE_RESULT 18 HF-FLRC-1300-128 pktSize=128 rx=0 unique=0 lost=100 per=100.0 rssi_avg=0 rssi_min=0 crc_err=0 garbage=5 tx_lat=0.00000 tx_lon=0.00000 sats=0 fix=0 utc=0 tx_fw=none rx_fw=unknown
PHASE_GUARD 500
PHASE_START 19 HF-FLRC-1300-255 pktSize=255
2026-07-26T12:45:57.994402+00:00 SYNC_NOT_FOUND first4=0D90A7AD
SYNC_NOT_FOUND first4=99C34A93
SYNC_NOT_FOUND first4=79431EB8
SYNC_NOT_FOUND first4=015A0E49
SYNC_NOT_FOUND first4=90BDB3C3
SYNC_NOT_FOUND first4=A62260EF
SYNC_NOT_FOUND first4=1600361E
2026-07-26T12:45:59.007743+00:00 PHASE_RESULT 19 HF-FLRC-1300-255 pktSize=255 rx=0 unique=0 lost=100 per=100.0 rssi_avg=0 rssi_min=0 crc_err=0 garbage=7 tx_lat=0.00000 tx_lon=0.00000 sats=0 fix=0 utc=0 tx_fw=none rx_fw=unknown
PHASE_GUARD 500
PHASE_START 20 HF-FLRC-650-32 pktSize=32
SYNC_NOT_FOUND first4=061086EC
SYNC_NOT_FOUND first4=D8D8C124
SYNC_NOT_FOUND first4=9F57519E
SYNC_NOT_FOUND first4=A8BD4ADE
SYNC_NOT_FOUND first4=B2C11504
SYNC_NOT_FOUND first4=621BD862
SYNC_NOT_FOUND first4=234AF56D
SYNC_NOT_FOUND first4=3B37A8CB
SYNC_NOT_FOUND first4=02FFD06A
2026-07-26T12:46:00.018726+00:00 SYNC_NOT_FOUND first4=761955D8
SYNC_NOT_FOUND first4=FF1CAF1A
SYNC_NOT_FOUND first4=3AFD1F42
SYNC_NOT_FOUND first4=E3CCA7F2
SYNC_NOT_FOUND first4=16BA6905
SYNC_NOT_FOUND first4=140F2A79
SYNC_NOT_FOUND first4=9219685D
SYNC_NOT_FOUND first4=32662C67
SYNC_NOT_FOUND first4=4085D51B
SYNC_NOT_FOUND first4=0A07F0DC
SYNC_NOT_FOUND first4=AD4A7023
SYNC_NOT_FOUND first4=0452D9C8
SYNC_NOT_FOUND first4=8EB5E631
SYNC_NOT_FOUND first4=492CB8B7
SYNC_NOT_FOUND first4=01365CFE
SYNC_NOT_FOUND first4=A05DAABE
SYNC_NOT_FOUND first4=2280799A
SYNC_NOT_FOUND first4=83FD193F
SYNC_NOT_FOUND first4=C6DE3F29
SYNC_NOT_FOUND first4=42DA5495
SYNC_NOT_FOUND first4=87B1B21B
2026-07-26T12:46:01.029574+00:00 PHASE_RESULT 20 HF-FLRC-650-32 pktSize=32 rx=0 unique=0 lost=100 per=100.0 rssi_avg=0 rssi_min=0 crc_err=0 garbage=30 tx_lat=0.00000 tx_lon=0.00000 sats=0 fix=0 utc=0 tx_fw=none rx_fw=unknown
PHASE_GUARD 500
PHASE_START 21 HF-FLRC-650-64 pktSize=64
SYNC_NOT_FOUND first4=DD5F2E98
SYNC_NOT_FOUND first4=C7AB7024
SYNC_NOT_FOUND first4=52C10B40
SYNC_NOT_FOUND first4=FE72C0D6
SYNC_NOT_FOUND first4=822806AB
SYNC_NOT_FOUND first4=197E1EC4
SYNC_NOT_FOUND first4=02F9025A
SYNC_NOT_FOUND first4=149FF925
SYNC_NOT_FOUND first4=04AD89DA
SYNC_NOT_FOUND first4=21A89A01
SYNC_NOT_FOUND first4=6B35CB8F
SYNC_NOT_FOUND first4=8DB394CE
SYNC_NOT_FOUND first4=128BD4BF
SYNC_NOT_FOUND first4=E7DDE2E3
SYNC_NOT_FOUND first4=5DE2DF35
SYNC_NOT_FOUND first4=277E6B6F
SYNC_NOT_FOUND first4=54FBAB08
SYNC_NOT_FOUND first4=BC876BC1
SYNC_NOT_FOUND first4=D1B4EF21
2026-07-26T12:46:02.040631+00:00 SYNC_NOT_FOUND first4=C57AA968
SYNC_NOT_FOUND first4=3ACADC9C
SYNC_NOT_FOUND first4=01A9D491
SYNC_NOT_FOUND first4=C1574B87
SYNC_NOT_FOUND first4=72F9DB47
SYNC_NOT_FOUND first4=33589D34
SYNC_NOT_FOUND first4=284E919F
SYNC_NOT_FOUND first4=355FF2B5
SYNC_NOT_FOUND first4=4D579F1C
SYNC_NOT_FOUND first4=966C37A8
PHASE_RESULT 21 HF-FLRC-650-64 pktSize=64 rx=0 unique=0 lost=100 per=100.0 rssi_avg=0 rssi_min=0 crc_err=0 garbage=29 tx_lat=0.00000 tx_lon=0.00000 sats=0 fix=0 utc=0 tx_fw=none rx_fw=unknown
2026-07-26T12:46:03.052232+00:00 PHASE_GUARD 500
PHASE_START 22 HF-FLRC-650-128 pktSize=128
TIME_SYNCED utc=1785069962 offset=1785062474
SYNC_NOT_FOUND first4=5F8172DB
SYNC_NOT_FOUND first4=861CEFDA
TIME_SYNCED utc=1785069962 offset=1785062474
SYNC_NOT_FOUND first4=04B56003
SYNC_NOT_FOUND first4=C835522D
SYNC_NOT_FOUND first4=FBC8E287
SYNC_NOT_FOUND first4=26DB69D7
SYNC_NOT_FOUND first4=1B22BC4C
SYNC_NOT_FOUND first4=23E64F0C
SYNC_NOT_FOUND first4=0932C1AE
2026-07-26T12:46:04.064006+00:00 SYNC_NOT_FOUND first4=EBE6845F
SYNC_NOT_FOUND first4=93525C3F
SYNC_NOT_FOUND first4=3AB41580
SYNC_NOT_FOUND first4=01B628E5
SYNC_NOT_FOUND first4=E1B5895B
SYNC_NOT_FOUND first4=B2DAA776
SYNC_NOT_FOUND first4=38E92FFB
SYNC_NOT_FOUND first4=28A753C0
SYNC_NOT_FOUND first4=FCF9DE00
SYNC_NOT_FOUND first4=77B10F79
PHASE_RESULT 22 HF-FLRC-650-128 pktSize=128 rx=0 unique=0 lost=100 per=100.0 rssi_avg=0 rssi_min=0 crc_err=0 garbage=19 tx_lat=0.00000 tx_lon=0.00000 sats=0 fix=0 utc=0 tx_fw=none rx_fw=unknown
PHASE_GUARD 500
2026-07-26T12:46:05.074459+00:00 PHASE_START 23 HF-FLRC-650-255 pktSize=255
SYNC_NOT_FOUND first4=B5E843D6
SYNC_NOT_FOUND first4=03E12C6C
SYNC_NOT_FOUND first4=D4A64033
SYNC_NOT_FOUND first4=A6291682
SYNC_NOT_FOUND first4=0007AA21
SYNC_NOT_FOUND first4=AD282176
SYNC_NOT_FOUND first4=BC529A66
SYNC_NOT_FOUND first4=AD1C72E6
SYNC_NOT_FOUND first4=50673EB2
SYNC_NOT_FOUND first4=94788F0B
SYNC_NOT_FOUND first4=208DD0FC
SYNC_NOT_FOUND first4=CAE54B6C
SYNC_NOT_FOUND first4=95280C0A
SYNC_NOT_FOUND first4=3457D2C4
2026-07-26T12:46:06.091192+00:00 SYNC_NOT_FOUND first4=679C837A
SYNC_NOT_FOUND first4=0851D25B
SYNC_NOT_FOUND first4=24EC217B
SYNC_NOT_FOUND first4=9E7A0691
SYNC_NOT_FOUND first4=EF91490F
SYNC_NOT_FOUND first4=FBDD3510
SYNC_NOT_FOUND first4=34B725F2
SYNC_NOT_FOUND first4=C4B3E77A
SYNC_NOT_FOUND first4=F84078B2
SYNC_NOT_FOUND first4=43260183
PHASE_RESULT 23 HF-FLRC-650-255 pktSize=255 rx=0 unique=0 lost=100 per=100.0 rssi_avg=0 rssi_min=0 crc_err=0 garbage=24 tx_lat=0.00000 tx_lon=0.00000 sats=0 fix=0 utc=0 tx_fw=none rx_fw=unknown
PHASE_GUARD 500
2026-07-26T12:46:07.103209+00:00 PHASE_START 24 HF-FLRC-325-32 pktSize=32
2026-07-26T12:46:08.116778+00:00 SYNC_NOT_FOUND first4=07D6144F
SYNC_NOT_FOUND first4=30D39F77
PHASE_RESULT 24 HF-FLRC-325-32 pktSize=32 rx=0 unique=0 lost=100 per=100.0 rssi_avg=0 rssi_min=0 crc_err=0 garbage=2 tx_lat=0.00000 tx_lon=0.00000 sats=0 fix=0 utc=0 tx_fw=none rx_fw=unknown
PHASE_GUARD 500
2026-07-26T12:46:09.135606+00:00 PHASE_START 25 HF-FLRC-325-64 pktSize=64
2026-07-26T12:46:10.146687+00:00 SYNC_NOT_FOUND first4=33AF305E
PHASE_RESULT 25 HF-FLRC-325-64 pktSize=64 rx=0 unique=0 lost=100 per=100.0 rssi_avg=0 rssi_min=0 crc_err=0 garbage=1 tx_lat=0.00000 tx_lon=0.00000 sats=0 fix=0 utc=0 tx_fw=none rx_fw=unknown
PHASE_GUARD 500
2026-07-26T12:46:11.158124+00:00 PHASE_START 26 HF-FLRC-325-128 pktSize=128
SYNC_NOT_FOUND first4=DF24811F
SYNC_NOT_FOUND first4=266540C4
SYNC_NOT_FOUND first4=78C03821
2026-07-26T12:46:12.169233+00:00 SYNC_NOT_FOUND first4=426E2EB5
SYNC_NOT_FOUND first4=C6D24537
SYNC_NOT_FOUND first4=B6864B26
PHASE_RESULT 26 HF-FLRC-325-128 pktSize=128 rx=0 unique=0 lost=100 per=100.0 rssi_avg=0 rssi_min=0 crc_err=0 garbage=6 tx_lat=0.00000 tx_lon=0.00000 sats=0 fix=0 utc=0 tx_fw=none rx_fw=unknown
PHASE_GUARD 500
2026-07-26T12:46:13.183786+00:00 PHASE_START 27 HF-FLRC-325-255 pktSize=255
TIME_SYNCED utc=1785069972 offset=1785062474
SYNC_NOT_FOUND first4=B2588C12
TIME_SYNCED utc=1785069972 offset=1785062474
SYNC_NOT_FOUND first4=1E4031A5
2026-07-26T12:46:14.194633+00:00 SYNC_NOT_FOUND first4=BB1178B1
SYNC_NOT_FOUND first4=36E79800
SYNC_NOT_FOUND first4=86390708
SYNC_NOT_FOUND first4=77BDF26C
PHASE_RESULT 27 HF-FLRC-325-255 pktSize=255 rx=0 unique=0 lost=100 per=100.0 rssi_avg=0 rssi_min=0 crc_err=0 garbage=6 tx_lat=0.00000 tx_lon=0.00000 sats=0 fix=0 utc=0 tx_fw=none rx_fw=unknown
PHASE_GUARD 500
LORA_CFG path=0 bw=0x05 sf=7
PHASE_START 28 LF-LoRa-SF7-32 pktSize=32
2026-07-26T12:46:16.257258+00:00 PHASE_RESULT 28 LF-LoRa-SF7-32 pktSize=32 rx=0 unique=0 lost=20 per=100.0 rssi_avg=0 rssi_min=0 crc_err=0 garbage=0 tx_lat=0.00000 tx_lon=0.00000 sats=0 fix=0 utc=0 tx_fw=none rx_fw=unknown
PHASE_GUARD 500
LORA_CFG path=0 bw=0x05 sf=7
PHASE_START 29 LF-LoRa-SF7-64 pktSize=64
2026-07-26T12:46:19.363352+00:00 PHASE_RESULT 29 LF-LoRa-SF7-64 pktSize=64 rx=0 unique=0 lost=20 per=100.0 rssi_avg=0 rssi_min=0 crc_err=0 garbage=0 tx_lat=0.00000 tx_lon=0.00000 sats=0 fix=0 utc=0 tx_fw=none rx_fw=unknown
PHASE_GUARD 500
LORA_CFG path=0 bw=0x05 sf=7
PHASE_START 30 LF-LoRa-SF7-128 pktSize=128
2026-07-26T12:46:22.478803+00:00 TIME_SYNCED utc=1785069982 offset=1785062474
2026-07-26T12:46:23.493826+00:00 TIME_SYNCED utc=1785069982 offset=1785062474
PHASE_RESULT 30 LF-LoRa-SF7-128 pktSize=128 rx=0 unique=0 lost=13 per=100.0 rssi_avg=0 rssi_min=0 crc_err=0 garbage=0 tx_lat=0.00000 tx_lon=0.00000 sats=0 fix=0 utc=0 tx_fw=none rx_fw=unknown
PHASE_GUARD 500
LORA_CFG path=0 bw=0x05 sf=7
PHASE_START 31 LF-LoRa-SF7-255 pktSize=255
2026-07-26T12:46:27.664305+00:00 PHASE_RESULT 31 LF-LoRa-SF7-255 pktSize=255 rx=0 unique=0 lost=7 per=100.0 rssi_avg=0 rssi_min=0 crc_err=0 garbage=0 tx_lat=0.00000 tx_lon=0.00000 sats=0 fix=0 utc=0 tx_fw=none rx_fw=unknown
PHASE_GUARD 500
LORA_CFG path=0 bw=0x05 sf=9
PHASE_START 32 LF-LoRa-SF9-32 pktSize=32
2026-07-26T12:46:31.829788+00:00 PHASE_RESULT 32 LF-LoRa-SF9-32 pktSize=32 rx=0 unique=0 lost=7 per=100.0 rssi_avg=0 rssi_min=0 crc_err=0 garbage=0 tx_lat=0.00000 tx_lon=0.00000 sats=0 fix=0 utc=0 tx_fw=none rx_fw=unknown
PHASE_GUARD 500
LORA_CFG path=0 bw=0x05 sf=9
PHASE_START 33 LF-LoRa-SF9-64 pktSize=64
2026-07-26T12:46:32.851178+00:00 TIME_SYNCED utc=1785069992 offset=1785062474
2026-07-26T12:46:33.870413+00:00 TIME_SYNCED utc=1785069992 offset=1785062474
2026-07-26T12:46:34.890355+00:00 PHASE_RESULT 33 LF-LoRa-SF9-64 pktSize=64 rx=0 unique=0 lost=3 per=100.0 rssi_avg=0 rssi_min=0 crc_err=0 garbage=0 tx_lat=0.00000 tx_lon=0.00000 sats=0 fix=0 utc=0 tx_fw=none rx_fw=unknown
PHASE_GUARD 500
LORA_CFG path=0 bw=0x05 sf=9
PHASE_START 34 LF-LoRa-SF9-128 pktSize=128
2026-07-26T12:46:36.953471+00:00 PHASE_RESULT 34 LF-LoRa-SF9-128 pktSize=128 rx=0 unique=0 lost=1 per=100.0 rssi_avg=0 rssi_min=0 crc_err=0 garbage=0 tx_lat=0.00000 tx_lon=0.00000 sats=0 fix=0 utc=0 tx_fw=none rx_fw=unknown
PHASE_GUARD 500
LORA_CFG path=0 bw=0x05 sf=9
PHASE_START 35 LF-LoRa-SF9-255 pktSize=255
2026-07-26T12:46:40.067092+00:00 PHASE_RESULT 35 LF-LoRa-SF9-255 pktSize=255 rx=0 unique=0 lost=1 per=100.0 rssi_avg=0 rssi_min=0 crc_err=0 garbage=0 tx_lat=0.00000 tx_lon=0.00000 sats=0 fix=0 utc=0 tx_fw=none rx_fw=unknown
PHASE_GUARD 500
2026-07-26T12:46:41.086073+00:00 LORA_CFG path=0 bw=0x05 sf=12
PHASE_START 36 LF-LoRa-SF12-32 pktSize=32
2026-07-26T12:46:43.151336+00:00 TIME_SYNCED utc=1785070002 offset=1785062474
2026-07-26T12:46:44.164372+00:00 TIME_SYNCED utc=1785070003 offset=1785062474
2026-07-26T12:46:52.538511+00:00 TIME_SYNCED utc=1785070012 offset=1785062474
2026-07-26T12:46:54.600632+00:00 TIME_SYNCED utc=1785070013 offset=1785062474
2026-07-26T12:46:55.613099+00:00 PHASE_RESULT 36 LF-LoRa-SF12-32 pktSize=32 rx=0 unique=0 lost=1 per=100.0 rssi_avg=0 rssi_min=0 crc_err=0 garbage=0 tx_lat=0.00000 tx_lon=0.00000 sats=0 fix=0 utc=0 tx_fw=none rx_fw=unknown
PHASE_GUARD 500
LORA_CFG path=0 bw=0x05 sf=12
PHASE_START 37 LF-LoRa-SF12-SKIP SKIP pktSize=64
2026-07-26T12:46:56.617413+00:00 PHASE_RESULT 37 LF-LoRa-SF12-SKIP pktSize=64 rx=0 unique=0 lost=0 per=0.0 rssi_avg=0 rssi_min=0 crc_err=0 garbage=0 tx_lat=0.00000 tx_lon=0.00000 sats=0 fix=0 utc=0 tx_fw=none rx_fw=unknown
PHASE_GUARD 500
LORA_CFG path=0 bw=0x05 sf=12
PHASE_START 38 LF-LoRa-SF12-SKIP SKIP pktSize=128
2026-07-26T12:46:57.628936+00:00 PHASE_RESULT 38 LF-LoRa-SF12-SKIP pktSize=128 rx=0 unique=0 lost=0 per=0.0 rssi_avg=0 rssi_min=0 crc_err=0 garbage=0 tx_lat=0.00000 tx_lon=0.00000 sats=0 fix=0 utc=0 tx_fw=none rx_fw=unknown
PHASE_GUARD 500
LORA_CFG path=0 bw=0x05 sf=12
PHASE_START 39 LF-LoRa-SF12-SKIP SKIP pktSize=255
2026-07-26T12:46:58.640598+00:00 PHASE_RESULT 39 LF-LoRa-SF12-SKIP pktSize=255 rx=0 unique=0 lost=0 per=0.0 rssi_avg=0 rssi_min=0 crc_err=0 garbage=0 tx_lat=0.00000 tx_lon=0.00000 sats=0 fix=0 utc=0 tx_fw=none rx_fw=unknown
PHASE_GUARD 500
PHASE_START 40 LF-FLRC-2600-32 pktSize=32
2026-07-26T12:46:59.659491+00:00 SYNC_NOT_FOUND first4=1EB204E1
2026-07-26T12:47:00.675700+00:00 PHASE_RESULT 40 LF-FLRC-2600-32 pktSize=32 rx=0 unique=0 lost=100 per=100.0 rssi_avg=0 rssi_min=0 crc_err=0 garbage=1 tx_lat=0.00000 tx_lon=0.00000 sats=0 fix=0 utc=0 tx_fw=none rx_fw=unknown
PHASE_GUARD 500
PHASE_START 41 LF-FLRC-2600-64 pktSize=64
2026-07-26T12:47:02.737915+00:00 PHASE_RESULT 41 LF-FLRC-2600-64 pktSize=64 rx=0 unique=0 lost=100 per=100.0 rssi_avg=0 rssi_min=0 crc_err=0 garbage=0 tx_lat=0.00000 tx_lon=0.00000 sats=0 fix=0 utc=0 tx_fw=none rx_fw=unknown
PHASE_GUARD 500
PHASE_START 42 LF-FLRC-2600-128 pktSize=128
TIME_SYNCED utc=1785070022 offset=1785062474
2026-07-26T12:47:03.749353+00:00 SYNC_NOT_FOUND first4=83156317
2026-07-26T12:47:04.763110+00:00 TIME_SYNCED utc=1785070023 offset=1785062474
PHASE_RESULT 42 LF-FLRC-2600-128 pktSize=128 rx=0 unique=0 lost=100 per=100.0 rssi_avg=0 rssi_min=0 crc_err=0 garbage=1 tx_lat=0.00000 tx_lon=0.00000 sats=0 fix=0 utc=0 tx_fw=none rx_fw=unknown
PHASE_GUARD 500
PHASE_START 43 LF-FLRC-2600-255 pktSize=255
SYNC_NOT_FOUND first4=9C12FD18
2026-07-26T12:47:05.772267+00:00 SYNC_NOT_FOUND first4=84D54E93
2026-07-26T12:47:06.783566+00:00 PHASE_RESULT 43 LF-FLRC-2600-255 pktSize=255 rx=0 unique=0 lost=100 per=100.0 rssi_avg=0 rssi_min=0 crc_err=0 garbage=2 tx_lat=0.00000 tx_lon=0.00000 sats=0 fix=0 utc=0 tx_fw=none rx_fw=unknown
PHASE_GUARD 500
PHASE_START 44 LF-FLRC-1300-32 pktSize=32
SYNC_NOT_FOUND first4=0A368C95
2026-07-26T12:47:08.846118+00:00 PHASE_RESULT 44 LF-FLRC-1300-32 pktSize=32 rx=0 unique=0 lost=100 per=100.0 rssi_avg=0 rssi_min=0 crc_err=0 garbage=1 tx_lat=0.00000 tx_lon=0.00000 sats=0 fix=0 utc=0 tx_fw=none rx_fw=unknown
PHASE_GUARD 500
PHASE_START 45 LF-FLRC-1300-64 pktSize=64
2026-07-26T12:47:09.859756+00:00 SYNC_NOT_FOUND first4=22E601F2
2026-07-26T12:47:10.875801+00:00 PHASE_RESULT 45 LF-FLRC-1300-64 pktSize=64 rx=0 unique=0 lost=100 per=100.0 rssi_avg=0 rssi_min=0 crc_err=0 garbage=1 tx_lat=0.00000 tx_lon=0.00000 sats=0 fix=0 utc=0 tx_fw=none rx_fw=unknown
PHASE_GUARD 500
PHASE_START 46 LF-FLRC-1300-128 pktSize=128
SYNC_NOT_FOUND first4=AB37BBA0
2026-07-26T12:47:12.938774+00:00 PHASE_RESULT 46 LF-FLRC-1300-128 pktSize=128 rx=0 unique=0 lost=100 per=100.0 rssi_avg=0 rssi_min=0 crc_err=0 garbage=1 tx_lat=0.00000 tx_lon=0.00000 sats=0 fix=0 utc=0 tx_fw=none rx_fw=unknown
PHASE_GUARD 500
PHASE_START 47 LF-FLRC-1300-255 pktSize=255
SYNC_NOT_FOUND first4=E6E08511
TIME_SYNCED utc=1785070032 offset=1785062474
2026-07-26T12:47:13.957048+00:00 SYNC_NOT_FOUND first4=2ECD14F4
2026-07-26T12:47:14.969685+00:00 TIME_SYNCED utc=1785070033 offset=1785062474
PHASE_RESULT 47 LF-FLRC-1300-255 pktSize=255 rx=0 unique=0 lost=100 per=100.0 rssi_avg=0 rssi_min=0 crc_err=0 garbage=2 tx_lat=0.00000 tx_lon=0.00000 sats=0 fix=0 utc=0 tx_fw=none rx_fw=unknown
PHASE_GUARD 500
PHASE_START 48 LF-FLRC-650-32 pktSize=32
SYNC_NOT_FOUND first4=3D4FC389
SYNC_NOT_FOUND first4=C1B8C793
2026-07-26T12:47:15.987611+00:00 SYNC_NOT_FOUND first4=8171559D
SYNC_NOT_FOUND first4=DD5B4995
2026-07-26T12:47:17.001650+00:00 PHASE_RESULT 48 LF-FLRC-650-32 pktSize=32 rx=0 unique=0 lost=100 per=100.0 rssi_avg=0 rssi_min=0 crc_err=0 garbage=4 tx_lat=0.00000 tx_lon=0.00000 sats=0 fix=0 utc=0 tx_fw=none rx_fw=unknown
PHASE_GUARD 500
PHASE_START 49 LF-FLRC-650-64 pktSize=64
SYNC_NOT_FOUND first4=6F36D6F0
SYNC_NOT_FOUND first4=92C34072
SYNC_NOT_FOUND first4=F833F94D
SYNC_NOT_FOUND first4=9D6D178E
2026-07-26T12:47:18.018369+00:00 SYNC_NOT_FOUND first4=15811E0E
PHASE_RESULT 49 LF-FLRC-650-64 pktSize=64 rx=0 unique=0 lost=100 per=100.0 rssi_avg=0 rssi_min=0 crc_err=0 garbage=5 tx_lat=0.00000 tx_lon=0.00000 sats=0 fix=0 utc=0 tx_fw=none rx_fw=unknown
2026-07-26T12:47:19.027684+00:00 PHASE_GUARD 500
PHASE_START 50 LF-FLRC-650-128 pktSize=128
SYNC_NOT_FOUND first4=08E49F7F
2026-07-26T12:47:20.050089+00:00 SYNC_NOT_FOUND first4=92B778E6
PHASE_RESULT 50 LF-FLRC-650-128 pktSize=128 rx=0 unique=0 lost=100 per=100.0 rssi_avg=0 rssi_min=0 crc_err=0 garbage=2 tx_lat=0.00000 tx_lon=0.00000 sats=0 fix=0 utc=0 tx_fw=none rx_fw=unknown
PHASE_GUARD 500
2026-07-26T12:47:21.072859+00:00 PHASE_START 51 LF-FLRC-650-255 pktSize=255
SYNC_NOT_FOUND first4=764F1717
2026-07-26T12:47:22.080680+00:00 SYNC_NOT_FOUND first4=8B57A7AD
SYNC_NOT_FOUND first4=51189E79
PHASE_RESULT 51 LF-FLRC-650-255 pktSize=255 rx=0 unique=0 lost=100 per=100.0 rssi_avg=0 rssi_min=0 crc_err=0 garbage=3 tx_lat=0.00000 tx_lon=0.00000 sats=0 fix=0 utc=0 tx_fw=none rx_fw=unknown
PHASE_GUARD 500
2026-07-26T12:47:23.089352+00:00 PHASE_START 52 LF-FLRC-325-32 pktSize=32
TIME_SYNCED utc=1785070042 offset=1785062474
2026-07-26T12:47:24.093768+00:00 PHASE_RESULT 52 LF-FLRC-325-32 pktSize=32 rx=0 unique=0 lost=100 per=100.0 rssi_avg=0 rssi_min=0 crc_err=0 garbage=0 tx_lat=0.00000 tx_lon=0.00000 sats=0 fix=0 utc=0 tx_fw=none rx_fw=unknown
PHASE_GUARD 500
2026-07-26T12:47:25.106288+00:00 PHASE_START 53 LF-FLRC-325-64 pktSize=64
TIME_SYNCED utc=1785070044 offset=1785062474
2026-07-26T12:47:26.117979+00:00 PHASE_RESULT 53 LF-FLRC-325-64 pktSize=64 rx=0 unique=0 lost=100 per=100.0 rssi_avg=0 rssi_min=0 crc_err=0 garbage=0 tx_lat=0.00000 tx_lon=0.00000 sats=0 fix=0 utc=0 tx_fw=none rx_fw=unknown
PHASE_GUARD 500
2026-07-26T12:47:27.129602+00:00 PHASE_START 54 LF-FLRC-325-128 pktSize=128
SYNC_NOT_FOUND first4=3234C85B
2026-07-26T12:47:28.140716+00:00 PHASE_RESULT 54 LF-FLRC-325-128 pktSize=128 rx=0 unique=0 lost=100 per=100.0 rssi_avg=0 rssi_min=0 crc_err=0 garbage=1 tx_lat=0.00000 tx_lon=0.00000 sats=0 fix=0 utc=0 tx_fw=none rx_fw=unknown
PHASE_GUARD 500
2026-07-26T12:47:29.152620+00:00 PHASE_START 55 LF-FLRC-325-255 pktSize=255
2026-07-26T12:47:30.164226+00:00 PHASE_RESULT 55 LF-FLRC-325-255 pktSize=255 rx=0 unique=0 lost=100 per=100.0 rssi_avg=0 rssi_min=0 crc_err=0 garbage=0 tx_lat=0.00000 tx_lon=0.00000 sats=0 fix=0 utc=0 tx_fw=none rx_fw=unknown
PHASE_GUARD 500
LORA_CFG path=1 bw=0x0F sf=7
PHASE_START 0 HF-LoRa-SF7-32 pktSize=32
2026-07-26T12:47:32.227701+00:00 PHASE_RESULT 0 HF-LoRa-SF7-32 pktSize=32 rx=0 unique=0 lost=20 per=100.0 rssi_avg=0 rssi_min=0 crc_err=0 garbage=0 tx_lat=0.00000 tx_lon=0.00000 sats=0 fix=0 utc=0 tx_fw=none rx_fw=unknown
PHASE_GUARD 500
LORA_CFG path=1 bw=0x0F sf=7
PHASE_START 1 HF-LoRa-SF7-64 pktSize=64
2026-07-26T12:47:33.239023+00:00 TIME_SYNCED utc=1785070052 offset=1785062474
2026-07-26T12:47:34.250148+00:00 PHASE_RESULT 1 HF-LoRa-SF7-64 pktSize=64 rx=0 unique=0 lost=20 per=100.0 rssi_avg=0 rssi_min=0 crc_err=0 garbage=0 tx_lat=0.00000 tx_lon=0.00000 sats=0 fix=0 utc=0 tx_fw=none rx_fw=unknown
PHASE_GUARD 500
LORA_CFG path=1 bw=0x0F sf=7
PHASE_START 2 HF-LoRa-SF7-128 pktSize=128
2026-07-26T12:47:35.263138+00:00 TIME_SYNCED utc=1785070054 offset=1785062474
2026-07-26T12:47:36.275065+00:00 PHASE_RESULT 2 HF-LoRa-SF7-128 pktSize=128 rx=0 unique=0 lost=20 per=100.0 rssi_avg=0 rssi_min=0 crc_err=0 garbage=0 tx_lat=0.00000 tx_lon=0.00000 sats=0 fix=0 utc=0 tx_fw=none rx_fw=unknown
PHASE_GUARD 500
LORA_CFG path=1 bw=0x0F sf=7
PHASE_START 3 HF-LoRa-SF7-255 pktSize=255
2026-07-26T12:47:39.391927+00:00 PHASE_RESULT 3 HF-LoRa-SF7-255 pktSize=255 rx=0 unique=0 lost=20 per=100.0 rssi_avg=0 rssi_min=0 crc_err=0 garbage=0 tx_lat=0.00000 tx_lon=0.00000 sats=0 fix=0 utc=0 tx_fw=none rx_fw=unknown
PHASE_GUARD 500
LORA_CFG path=1 bw=0x0F sf=9
PHASE_START 4 HF-LoRa-SF9-32 pktSize=32
2026-07-26T12:47:41.455468+00:00 PHASE_RESULT 4 HF-LoRa-SF9-32 pktSize=32 rx=0 unique=0 lost=20 per=100.0 rssi_avg=0 rssi_min=0 crc_err=0 garbage=0 tx_lat=0.00000 tx_lon=0.00000 sats=0 fix=0 utc=0 tx_fw=none rx_fw=unknown
PHASE_GUARD 500
LORA_CFG path=1 bw=0x0F sf=9
PHASE_START 5 HF-LoRa-SF9-64 pktSize=64
2026-07-26T12:47:42.467195+00:00 TIME_SYNCED utc=1785070062 offset=1785062474
2026-07-26T12:47:44.530305+00:00 PHASE_RESULT 5 HF-LoRa-SF9-64 pktSize=64 rx=0 unique=0 lost=20 per=100.0 rssi_avg=0 rssi_min=0 crc_err=0 garbage=0 tx_lat=0.00000 tx_lon=0.00000 sats=0 fix=0 utc=0 tx_fw=none rx_fw=unknown
PHASE_GUARD 500
LORA_CFG path=1 bw=0x0F sf=9
PHASE_START 6 HF-LoRa-SF9-128 pktSize=128
2026-07-26T12:47:45.543447+00:00 TIME_SYNCED utc=1785070064 offset=1785062474
2026-07-26T12:47:48.658353+00:00 PHASE_RESULT 6 HF-LoRa-SF9-128 pktSize=128 rx=0 unique=0 lost=13 per=100.0 rssi_avg=0 rssi_min=0 crc_err=0 garbage=0 tx_lat=0.00000 tx_lon=0.00000 sats=0 fix=0 utc=0 tx_fw=none rx_fw=unknown
PHASE_GUARD 500
LORA_CFG path=1 bw=0x0F sf=9
PHASE_START 7 HF-LoRa-SF9-255 pktSize=255
2026-07-26T12:47:51.772864+00:00 PHASE_RESULT 7 HF-LoRa-SF9-255 pktSize=255 rx=0 unique=0 lost=6 per=100.0 rssi_avg=0 rssi_min=0 crc_err=0 garbage=0 tx_lat=0.00000 tx_lon=0.00000 sats=0 fix=0 utc=0 tx_fw=none rx_fw=unknown
PHASE_GUARD 500
LORA_CFG path=1 bw=0x0F sf=12
PHASE_START 8 HF-LoRa-SF12-32 pktSize=32
2026-07-26T12:47:52.784661+00:00 TIME_SYNCED utc=1785070072 offset=1785062474
2026-07-26T12:47:54.847862+00:00 PHASE_RESULT 8 HF-LoRa-SF12-32 pktSize=32 rx=0 unique=0 lost=2 per=100.0 rssi_avg=0 rssi_min=0 crc_err=0 garbage=0 tx_lat=0.00000 tx_lon=0.00000 sats=0 fix=0 utc=0 tx_fw=none rx_fw=unknown
PHASE_GUARD 500
LORA_CFG path=1 bw=0x0F sf=12
PHASE_START 9 HF-LoRa-SF12-64 pktSize=64
2026-07-26T12:47:55.860858+00:00 TIME_SYNCED utc=1785070074 offset=1785062474
2026-07-26T12:47:57.924780+00:00 PHASE_RESULT 9 HF-LoRa-SF12-64 pktSize=64 rx=0 unique=0 lost=1 per=100.0 rssi_avg=0 rssi_min=0 crc_err=0 garbage=0 tx_lat=0.00000 tx_lon=0.00000 sats=0 fix=0 utc=0 tx_fw=none rx_fw=unknown
PHASE_GUARD 500
LORA_CFG path=1 bw=0x0F sf=12
PHASE_START 10 HF-LoRa-SF12-128 pktSize=128
2026-07-26T12:48:02.088461+00:00 PHASE_RESULT 10 HF-LoRa-SF12-128 pktSize=128 rx=0 unique=0 lost=1 per=100.0 rssi_avg=0 rssi_min=0 crc_err=0 garbage=0 tx_lat=0.00000 tx_lon=0.00000 sats=0 fix=0 utc=0 tx_fw=none rx_fw=unknown
PHASE_GUARD 500
LORA_CFG path=1 bw=0x0F sf=12
2026-07-26T12:48:03.093354+00:00 PHASE_START 11 HF-LoRa-SF12-255 pktSize=255
TIME_SYNCED utc=1785070082 offset=1785062474
2026-07-26T12:48:06.208233+00:00 TIME_SYNCED utc=1785070085 offset=1785062474
2026-07-26T12:48:12.476439+00:00 PHASE_RESULT 11 HF-LoRa-SF12-255 pktSize=255 rx=0 unique=0 lost=1 per=100.0 rssi_avg=0 rssi_min=0 crc_err=0 garbage=0 tx_lat=0.00000 tx_lon=0.00000 sats=0 fix=0 utc=0 tx_fw=none rx_fw=unknown
PHASE_GUARD 500
PHASE_START 12 HF-FLRC-2600-32 pktSize=32
SYNC_NOT_FOUND first4=1DDB4DDB
SYNC_NOT_FOUND first4=EE4721E1
SYNC_NOT_FOUND first4=83159575
TIME_SYNCED utc=1785070092 offset=1785062474
2026-07-26T12:48:13.491293+00:00 SYNC_NOT_FOUND first4=8E15B2D6
SYNC_NOT_FOUND first4=236D8991
SYNC_NOT_FOUND first4=60F91449
SYNC_NOT_FOUND first4=5E2C3EAC
SYNC_NOT_FOUND first4=66C0369F
SYNC_NOT_FOUND first4=731A627C
SYNC_NOT_FOUND first4=DD280CB3
2026-07-26T12:48:14.503144+00:00 SYNC_NOT_FOUND first4=484E4AB9
SYNC_NOT_FOUND first4=1C52251C
SYNC_NOT_FOUND first4=880ECFA9
SYNC_NOT_FOUND first4=94AA4E89
PHASE_RESULT 12 HF-FLRC-2600-32 pktSize=32 rx=0 unique=0 lost=100 per=100.0 rssi_avg=0 rssi_min=0 crc_err=0 garbage=14 tx_lat=0.00000 tx_lon=0.00000 sats=0 fix=0 utc=0 tx_fw=none rx_fw=unknown
PHASE_GUARD 500
PHASE_START 13 HF-FLRC-2600-64 pktSize=64
SYNC_NOT_FOUND first4=F21C728B
SYNC_NOT_FOUND first4=21746C37
SYNC_NOT_FOUND first4=78990657
2026-07-26T12:48:15.514354+00:00 SYNC_NOT_FOUND first4=3589E1E3
SYNC_NOT_FOUND first4=504AF1F0
SYNC_NOT_FOUND first4=3E3259B5
SYNC_NOT_FOUND first4=119BF708
SYNC_NOT_FOUND first4=B51A958D
SYNC_NOT_FOUND first4=F96AF47D
SYNC_NOT_FOUND first4=1557D69E
2026-07-26T12:48:16.526475+00:00 TIME_SYNCED utc=1785070095 offset=1785062474
SYNC_NOT_FOUND first4=AC822CA6
SYNC_NOT_FOUND first4=B86CDE4E
PHASE_RESULT 13 HF-FLRC-2600-64 pktSize=64 rx=0 unique=0 lost=100 per=100.0 rssi_avg=0 rssi_min=0 crc_err=0 garbage=12 tx_lat=0.00000 tx_lon=0.00000 sats=0 fix=0 utc=0 tx_fw=none rx_fw=unknown
PHASE_GUARD 500
PHASE_START 14 HF-FLRC-2600-128 pktSize=128
SYNC_NOT_FOUND first4=E47AB4CC
2026-07-26T12:48:17.538489+00:00 SYNC_NOT_FOUND first4=1983D714
SYNC_NOT_FOUND first4=906A4F66
SYNC_NOT_FOUND first4=3B400D44
SYNC_NOT_FOUND first4=7C04A392
SYNC_NOT_FOUND first4=0CECE065
SYNC_NOT_FOUND first4=681BF658
SYNC_NOT_FOUND first4=0AF4BDBB
2026-07-26T12:48:18.549508+00:00 SYNC_NOT_FOUND first4=5384A62B
SYNC_NOT_FOUND first4=BA79704B
PHASE_RESULT 14 HF-FLRC-2600-128 pktSize=128 rx=0 unique=0 lost=100 per=100.0 rssi_avg=0 rssi_min=0 crc_err=0 garbage=10 tx_lat=0.00000 tx_lon=0.00000 sats=0 fix=0 utc=0 tx_fw=none rx_fw=unknown
PHASE_GUARD 500
PHASE_START 15 HF-FLRC-2600-255 pktSize=255
SYNC_NOT_FOUND first4=D344AE53
SYNC_NOT_FOUND first4=E38E1193
SYNC_NOT_FOUND first4=B2C68C34
2026-07-26T12:48:19.560673+00:00 SYNC_NOT_FOUND first4=73A88911
SYNC_NOT_FOUND first4=24456815
SYNC_NOT_FOUND first4=754B154F
SYNC_NOT_FOUND first4=F1D0E802
SYNC_NOT_FOUND first4=C0EC5F31
SYNC_NOT_FOUND first4=2E0835A8
SYNC_NOT_FOUND first4=AD9C7B3E
SYNC_NOT_FOUND first4=71C65750
SYNC_NOT_FOUND first4=9BE68ED6
SYNC_NOT_FOUND first4=92F62521
SYNC_NOT_FOUND first4=7094E2C2
SYNC_NOT_FOUND first4=A5DDFB3F
2026-07-26T12:48:20.571937+00:00 SYNC_NOT_FOUND first4=B5A1F66A
SYNC_NOT_FOUND first4=0F4C051B
SYNC_NOT_FOUND first4=2329BCC3
SYNC_NOT_FOUND first4=C1EEDE21
PHASE_RESULT 15 HF-FLRC-2600-255 pktSize=255 rx=0 unique=0 lost=100 per=100.0 rssi_avg=0 rssi_min=0 crc_err=0 garbage=19 tx_lat=0.00000 tx_lon=0.00000 sats=0 fix=0 utc=0 tx_fw=none rx_fw=unknown
PHASE_GUARD 500
PHASE_START 16 HF-FLRC-1300-32 pktSize=32
SYNC_NOT_FOUND first4=95E09672
2026-07-26T12:48:21.583698+00:00 SYNC_NOT_FOUND first4=6294278F
SYNC_NOT_FOUND first4=D6804B96
SYNC_NOT_FOUND first4=3AC22357
SYNC_NOT_FOUND first4=A7611F2C
SYNC_NOT_FOUND first4=F8A7897F
SYNC_NOT_FOUND first4=70E06997
2026-07-26T12:48:22.590870+00:00 SYNC_NOT_FOUND first4=7A62D511
SYNC_NOT_FOUND first4=EF011B1D
PHASE_RESULT 16 HF-FLRC-1300-32 pktSize=32 rx=0 unique=0 lost=100 per=100.0 rssi_avg=0 rssi_min=0 crc_err=0 garbage=9 tx_lat=0.00000 tx_lon=0.00000 sats=0 fix=0 utc=0 tx_fw=none rx_fw=unknown
PHASE_GUARD 500
PHASE_START 17 HF-FLRC-1300-64 pktSize=64
SYNC_NOT_FOUND first4=AB75E615
TIME_SYNCED utc=1785070102 offset=1785062474
SYNC_NOT_FOUND first4=0B57E864
2026-07-26T12:48:23.601543+00:00 SYNC_NOT_FOUND first4=96BD9B26
SYNC_NOT_FOUND first4=9FFA0295
2026-07-26T12:48:24.613147+00:00 SYNC_NOT_FOUND first4=2B46EBD7
SYNC_NOT_FOUND first4=DEA648E4
PHASE_RESULT 17 HF-FLRC-1300-64 pktSize=64 rx=0 unique=0 lost=100 per=100.0 rssi_avg=0 rssi_min=0 crc_err=0 garbage=6 tx_lat=0.00000 tx_lon=0.00000 sats=0 fix=0 utc=0 tx_fw=none rx_fw=unknown
PHASE_GUARD 500
PHASE_START 18 HF-FLRC-1300-128 pktSize=128
2026-07-26T12:48:25.624360+00:00 SYNC_NOT_FOUND first4=9E1CD766
SYNC_NOT_FOUND first4=95E9781B
SYNC_NOT_FOUND first4=BD891BBF
SYNC_NOT_FOUND first4=5BCD5D61
SYNC_NOT_FOUND first4=81F13E82
2026-07-26T12:48:26.636266+00:00 TIME_SYNCED utc=1785070105 offset=1785062474
SYNC_NOT_FOUND first4=B295A71D
PHASE_RESULT 18 HF-FLRC-1300-128 pktSize=128 rx=0 unique=0 lost=100 per=100.0 rssi_avg=0 rssi_min=0 crc_err=0 garbage=6 tx_lat=0.00000 tx_lon=0.00000 sats=0 fix=0 utc=0 tx_fw=none rx_fw=unknown
PHASE_GUARD 500
PHASE_START 19 HF-FLRC-1300-255 pktSize=255
SYNC_NOT_FOUND first4=E663D63B
SYNC_NOT_FOUND first4=E2001A7E
SYNC_NOT_FOUND first4=675F6A79
2026-07-26T12:48:27.648047+00:00 SYNC_NOT_FOUND first4=AED387A5
SYNC_NOT_FOUND first4=2D1234D9
SYNC_NOT_FOUND first4=AFD8A96F
2026-07-26T12:48:28.659451+00:00 PHASE_RESULT 19 HF-FLRC-1300-255 pktSize=255 rx=0 unique=0 lost=100 per=100.0 rssi_avg=0 rssi_min=0 crc_err=0 garbage=6 tx_lat=0.00000 tx_lon=0.00000 sats=0 fix=0 utc=0 tx_fw=none rx_fw=unknown
PHASE_GUARD 500
PHASE_START 20 HF-FLRC-650-32 pktSize=32
SYNC_NOT_FOUND first4=29E94F96
SYNC_NOT_FOUND first4=69E0311D
SYNC_NOT_FOUND first4=BCE0161B
SYNC_NOT_FOUND first4=B1EFD50F
SYNC_NOT_FOUND first4=29D063CD
SYNC_NOT_FOUND first4=9D0C16CA
SYNC_NOT_FOUND first4=829FDA4D
SYNC_NOT_FOUND first4=4FAB3BE6
2026-07-26T12:48:29.670523+00:00 SYNC_NOT_FOUND first4=081D3F28
SYNC_NOT_FOUND first4=2F12451E
SYNC_NOT_FOUND first4=2BE0076E
SYNC_NOT_FOUND first4=00431576
SYNC_NOT_FOUND first4=6602D3DE
SYNC_NOT_FOUND first4=16BE8455
SYNC_NOT_FOUND first4=E1201D61
SYNC_NOT_FOUND first4=CBEDA17A
SYNC_NOT_FOUND first4=60B5CD02
SYNC_NOT_FOUND first4=9C4C9A83
SYNC_NOT_FOUND first4=2026906A
SYNC_NOT_FOUND first4=00A4F747
SYNC_NOT_FOUND first4=4C071E9D
SYNC_NOT_FOUND first4=047E4C39
SYNC_NOT_FOUND first4=3215CB4A
2026-07-26T12:48:30.681354+00:00 SYNC_NOT_FOUND first4=3DAA0E47
SYNC_NOT_FOUND first4=35F4A4FD
SYNC_NOT_FOUND first4=9AACB419
PHASE_RESULT 20 HF-FLRC-650-32 pktSize=32 rx=0 unique=0 lost=100 per=100.0 rssi_avg=0 rssi_min=0 crc_err=0 garbage=26 tx_lat=0.00000 tx_lon=0.00000 sats=0 fix=0 utc=0 tx_fw=none rx_fw=unknown
PHASE_GUARD 500
PHASE_START 21 HF-FLRC-650-64 pktSize=64
SYNC_NOT_FOUND first4=5068AFBD
SYNC_NOT_FOUND first4=2B568819
SYNC_NOT_FOUND first4=6CAFA168
SYNC_NOT_FOUND first4=C67985BE
SYNC_NOT_FOUND first4=B8533E5C
SYNC_NOT_FOUND first4=3C4962DA
2026-07-26T12:48:31.692854+00:00 SYNC_NOT_FOUND first4=4E2AA902
SYNC_NOT_FOUND first4=50B15600
SYNC_NOT_FOUND first4=01DC5B52
SYNC_NOT_FOUND first4=521694C2
SYNC_NOT_FOUND first4=373B575B
SYNC_NOT_FOUND first4=165F5B58
SYNC_NOT_FOUND first4=228BED6A
SYNC_NOT_FOUND first4=15903A30
SYNC_NOT_FOUND first4=A3857FD7
SYNC_NOT_FOUND first4=E3AA5916
SYNC_NOT_FOUND first4=5B4C1497
SYNC_NOT_FOUND first4=5E52ED69
SYNC_NOT_FOUND first4=264FC783
2026-07-26T12:48:32.707631+00:00 SYNC_NOT_FOUND first4=4FF125F0
SYNC_NOT_FOUND first4=E2C029FA
SYNC_NOT_FOUND first4=EC0ECE11
PHASE_RESULT 21 HF-FLRC-650-64 pktSize=64 rx=0 unique=0 lost=100 per=100.0 rssi_avg=0 rssi_min=0 crc_err=0 garbage=22 tx_lat=0.00000 tx_lon=0.00000 sats=0 fix=0 utc=0 tx_fw=none rx_fw=unknown
PHASE_GUARD 500
PHASE_START 22 HF-FLRC-650-128 pktSize=128
SYNC_NOT_FOUND first4=97C028A6
SYNC_NOT_FOUND first4=2A8A8709
SYNC_NOT_FOUND first4=3A1B019F
SYNC_NOT_FOUND first4=68DE1AFC
SYNC_NOT_FOUND first4=19D85D82
SYNC_NOT_FOUND first4=59099A11
SYNC_NOT_FOUND first4=49DAF174
SYNC_NOT_FOUND first4=277A32D8
TIME_SYNCED utc=1785070112 offset=1785062474
SYNC_NOT_FOUND first4=6913E76E
2026-07-26T12:48:33.721700+00:00 SYNC_NOT_FOUND first4=4F33A2C2
SYNC_NOT_FOUND first4=C93AFE3B
SYNC_NOT_FOUND first4=22C7FD13
SYNC_NOT_FOUND first4=3C0EEA49
SYNC_NOT_FOUND first4=7EE48DF7
SYNC_NOT_FOUND first4=9FE1F2DC
SYNC_NOT_FOUND first4=4276FCA5
SYNC_NOT_FOUND first4=420A41CD
SYNC_NOT_FOUND first4=4EDB33F2
SYNC_NOT_FOUND first4=34612884
SYNC_NOT_FOUND first4=6D0E6D4D
SYNC_NOT_FOUND first4=47764D10
SYNC_NOT_FOUND first4=FB502AE8
SYNC_NOT_FOUND first4=D0E1BEDB
SYNC_NOT_FOUND first4=DDE8AAA0
SYNC_NOT_FOUND first4=1A3DF539
SYNC_NOT_FOUND first4=67EEF5F9
SYNC_NOT_FOUND first4=0958FF37
SYNC_NOT_FOUND first4=F60819A5
SYNC_NOT_FOUND first4=19253C62
SYNC_NOT_FOUND first4=4A298FD6
SYNC_NOT_FOUND first4=2B218860
SYNC_NOT_FOUND first4=AC0BCFC5
SYNC_NOT_FOUND first4=CAFA9239
SYNC_NOT_FOUND first4=B5EEB12A
SYNC_NOT_FOUND first4=6DEFEF62
SYNC_NOT_FOUND first4=F516E52C
2026-07-26T12:48:34.732777+00:00 SYNC_NOT_FOUND first4=CD34DA38
SYNC_NOT_FOUND first4=38C98379
SYNC_NOT_FOUND first4=DCAA7AC4
SYNC_NOT_FOUND first4=C22C1FF5
SYNC_NOT_FOUND first4=91B600EC
SYNC_NOT_FOUND first4=31A8EE5E
SYNC_NOT_FOUND first4=09F35E65
SYNC_NOT_FOUND first4=9E0842FB
PHASE_RESULT 22 HF-FLRC-650-128 pktSize=128 rx=0 unique=0 lost=100 per=100.0 rssi_avg=0 rssi_min=0 crc_err=0 garbage=44 tx_lat=0.00000 tx_lon=0.00000 sats=0 fix=0 utc=0 tx_fw=none rx_fw=unknown
PHASE_GUARD 500
PHASE_START 23 HF-FLRC-650-255 pktSize=255
SYNC_NOT_FOUND first4=E9A2EEFC
SYNC_NOT_FOUND first4=2452FCAD
SYNC_NOT_FOUND first4=1807CDD2
SYNC_NOT_FOUND first4=7A45704E
SYNC_NOT_FOUND first4=DC5E83BA
SYNC_NOT_FOUND first4=71B25372
SYNC_NOT_FOUND first4=B5501561
SYNC_NOT_FOUND first4=210079B2
SYNC_NOT_FOUND first4=61844507
SYNC_NOT_FOUND first4=715E9DDB
SYNC_NOT_FOUND first4=E6544F70
SYNC_NOT_FOUND first4=08F98D92
SYNC_NOT_FOUND first4=A4D08AAE
2026-07-26T12:48:35.743960+00:00 SYNC_NOT_FOUND first4=5BBEBA28
SYNC_NOT_FOUND first4=ABBF3C38
SYNC_NOT_FOUND first4=A5160698
SYNC_NOT_FOUND first4=9410B003
SYNC_NOT_FOUND first4=0643CD33
SYNC_NOT_FOUND first4=D3CE5625
SYNC_NOT_FOUND first4=50BB78BF
SYNC_NOT_FOUND first4=81DECD41
SYNC_NOT_FOUND first4=73048B12
SYNC_NOT_FOUND first4=4F67CEE0
SYNC_NOT_FOUND first4=5B618A67
SYNC_NOT_FOUND first4=102011E0
SYNC_NOT_FOUND first4=BDFFD2AE
SYNC_NOT_FOUND first4=3220159C
SYNC_NOT_FOUND first4=3AD834AE
SYNC_NOT_FOUND first4=3410125A
SYNC_NOT_FOUND first4=A9258077
SYNC_NOT_FOUND first4=1EAF202A
SYNC_NOT_FOUND first4=7BFBC0DD
SYNC_NOT_FOUND first4=8BB597EF
SYNC_NOT_FOUND first4=E46EBA14
SYNC_NOT_FOUND first4=4BF76A47
SYNC_NOT_FOUND first4=C98E40F5
SYNC_NOT_FOUND first4=AAE3278F
SYNC_NOT_FOUND first4=032387B3
SYNC_NOT_FOUND first4=E6F91542
SYNC_NOT_FOUND first4=7BA63CB5
2026-07-26T12:48:36.756492+00:00 TIME_SYNCED utc=1785070115 offset=1785062474
SYNC_NOT_FOUND first4=561CA364
SYNC_NOT_FOUND first4=FFDA1A3A
SYNC_NOT_FOUND first4=20C0A0F8
SYNC_NOT_FOUND first4=396BF9F1
SYNC_NOT_FOUND first4=E351EC8A
SYNC_NOT_FOUND first4=C52BDD11
PHASE_RESULT 23 HF-FLRC-650-255 pktSize=255 rx=0 unique=0 lost=100 per=100.0 rssi_avg=0 rssi_min=0 crc_err=0 garbage=46 tx_lat=0.00000 tx_lon=0.00000 sats=0 fix=0 utc=0 tx_fw=none rx_fw=unknown
PHASE_GUARD 500
PHASE_START 24 HF-FLRC-325-32 pktSize=32
2026-07-26T12:48:37.768501+00:00 SYNC_NOT_FOUND first4=3D988773
SYNC_NOT_FOUND first4=9C63A54C
SYNC_NOT_FOUND first4=FA2B5CFE
2026-07-26T12:48:38.782230+00:00 SYNC_NOT_FOUND first4=CFC2282D
PHASE_RESULT 24 HF-FLRC-325-32 pktSize=32 rx=0 unique=0 lost=100 per=100.0 rssi_avg=0 rssi_min=0 crc_err=0 garbage=4 tx_lat=0.00000 tx_lon=0.00000 sats=0 fix=0 utc=0 tx_fw=none rx_fw=unknown
PHASE_GUARD 500
PHASE_START 25 HF-FLRC-325-64 pktSize=64
SYNC_NOT_FOUND first4=424DC66F
SYNC_NOT_FOUND first4=6AADF761
SYNC_NOT_FOUND first4=FB2E58EA
SYNC_NOT_FOUND first4=383DC92A
2026-07-26T12:48:39.796698+00:00 SYNC_NOT_FOUND first4=BFF897A5
SYNC_NOT_FOUND first4=9A87067C
SYNC_NOT_FOUND first4=A8A57C9A
SYNC_NOT_FOUND first4=1EAAC8D4
2026-07-26T12:48:40.807868+00:00 SYNC_NOT_FOUND first4=64E9926F
PHASE_RESULT 25 HF-FLRC-325-64 pktSize=64 rx=0 unique=0 lost=100 per=100.0 rssi_avg=0 rssi_min=0 crc_err=0 garbage=9 tx_lat=0.00000 tx_lon=0.00000 sats=0 fix=0 utc=0 tx_fw=none rx_fw=unknown
PHASE_GUARD 500
PHASE_START 26 HF-FLRC-325-128 pktSize=128
SYNC_NOT_FOUND first4=C5FEEAA2
SYNC_NOT_FOUND first4=88375F83
SYNC_NOT_FOUND first4=645CCC68
SYNC_NOT_FOUND first4=75885213
2026-07-26T12:48:41.819298+00:00 SYNC_NOT_FOUND first4=EAF2BD41
SYNC_NOT_FOUND first4=B495BA01
SYNC_NOT_FOUND first4=E974D8B4
SYNC_NOT_FOUND first4=96846921
2026-07-26T12:48:42.831554+00:00 SYNC_NOT_FOUND first4=CF4612B2
PHASE_RESULT 26 HF-FLRC-325-128 pktSize=128 rx=0 unique=0 lost=100 per=100.0 rssi_avg=0 rssi_min=0 crc_err=0 garbage=9 tx_lat=0.00000 tx_lon=0.00000 sats=0 fix=0 utc=0 tx_fw=none rx_fw=unknown
PHASE_GUARD 500
PHASE_START 27 HF-FLRC-325-255 pktSize=255
TIME_SYNCED utc=1785070122 offset=1785062474
SYNC_NOT_FOUND first4=712A6182
2026-07-26T12:48:43.842962+00:00 SYNC_NOT_FOUND first4=CE0BC77B
SYNC_NOT_FOUND first4=3EA88F52
SYNC_NOT_FOUND first4=24D74BC2
SYNC_NOT_FOUND first4=B05C0DF7
2026-07-26T12:48:44.854287+00:00 PHASE_RESULT 27 HF-FLRC-325-255 pktSize=255 rx=0 unique=0 lost=100 per=100.0 rssi_avg=0 rssi_min=0 crc_err=0 garbage=5 tx_lat=0.00000 tx_lon=0.00000 sats=0 fix=0 utc=0 tx_fw=none rx_fw=unknown
PHASE_GUARD 500
LORA_CFG path=0 bw=0x05 sf=7
PHASE_START 28 LF-LoRa-SF7-32 pktSize=32
2026-07-26T12:48:46.917215+00:00 TIME_SYNCED utc=1785070125 offset=1785062474
PHASE_RESULT 28 LF-LoRa-SF7-32 pktSize=32 rx=0 unique=0 lost=20 per=100.0 rssi_avg=0 rssi_min=0 crc_err=0 garbage=0 tx_lat=0.00000 tx_lon=0.00000 sats=0 fix=0 utc=0 tx_fw=none rx_fw=unknown
PHASE_GUARD 500
LORA_CFG path=0 bw=0x05 sf=7
PHASE_START 29 LF-LoRa-SF7-64 pktSize=64
2026-07-26T12:48:50.031590+00:00 PHASE_RESULT 29 LF-LoRa-SF7-64 pktSize=64 rx=0 unique=0 lost=20 per=100.0 rssi_avg=0 rssi_min=0 crc_err=0 garbage=0 tx_lat=0.00000 tx_lon=0.00000 sats=0 fix=0 utc=0 tx_fw=none rx_fw=unknown
PHASE_GUARD 500
LORA_CFG path=0 bw=0x05 sf=7
PHASE_START 30 LF-LoRa-SF7-128 pktSize=128
2026-07-26T12:48:53.144396+00:00 TIME_SYNCED utc=1785070132 offset=1785062474
PHASE_RESULT 30 LF-LoRa-SF7-128 pktSize=128 rx=0 unique=0 lost=13 per=100.0 rssi_avg=0 rssi_min=0 crc_err=0 garbage=0 tx_lat=0.00000 tx_lon=0.00000 sats=0 fix=0 utc=0 tx_fw=none rx_fw=unknown
PHASE_GUARD 500
LORA_CFG path=0 bw=0x05 sf=7
PHASE_START 31 LF-LoRa-SF7-255 pktSize=255
2026-07-26T12:48:57.311685+00:00 TIME_SYNCED utc=1785070136 offset=1785062474
PHASE_RESULT 31 LF-LoRa-SF7-255 pktSize=255 rx=0 unique=0 lost=7 per=100.0 rssi_avg=0 rssi_min=0 crc_err=0 garbage=0 tx_lat=0.00000 tx_lon=0.00000 sats=0 fix=0 utc=0 tx_fw=none rx_fw=unknown
PHASE_GUARD 500
LORA_CFG path=0 bw=0x05 sf=9
PHASE_START 32 LF-LoRa-SF9-32 pktSize=32
2026-07-26T12:49:01.478011+00:00 PHASE_RESULT 32 LF-LoRa-SF9-32 pktSize=32 rx=0 unique=0 lost=7 per=100.0 rssi_avg=0 rssi_min=0 crc_err=0 garbage=0 tx_lat=0.00000 tx_lon=0.00000 sats=0 fix=0 utc=0 tx_fw=none rx_fw=unknown
PHASE_GUARD 500
LORA_CFG path=0 bw=0x05 sf=9
PHASE_START 33 LF-LoRa-SF9-64 pktSize=64
2026-07-26T12:49:03.541212+00:00 TIME_SYNCED utc=1785070142 offset=1785062474
2026-07-26T12:49:04.552960+00:00 PHASE_RESULT 33 LF-LoRa-SF9-64 pktSize=64 rx=0 unique=0 lost=3 per=100.0 rssi_avg=0 rssi_min=0 crc_err=0 garbage=0 tx_lat=0.00000 tx_lon=0.00000 sats=0 fix=0 utc=0 tx_fw=none rx_fw=unknown
PHASE_GUARD 500
LORA_CFG path=0 bw=0x05 sf=9
PHASE_START 34 LF-LoRa-SF9-128 pktSize=128
2026-07-26T12:49:06.615241+00:00 PHASE_RESULT 34 LF-LoRa-SF9-128 pktSize=128 rx=0 unique=0 lost=1 per=100.0 rssi_avg=0 rssi_min=0 crc_err=0 garbage=0 tx_lat=0.00000 tx_lon=0.00000 sats=0 fix=0 utc=0 tx_fw=none rx_fw=unknown
PHASE_GUARD 500
LORA_CFG path=0 bw=0x05 sf=9
PHASE_START 35 LF-LoRa-SF9-255 pktSize=255
2026-07-26T12:49:07.628187+00:00 TIME_SYNCED utc=1785070146 offset=1785062474
2026-07-26T12:49:10.742654+00:00 PHASE_RESULT 35 LF-LoRa-SF9-255 pktSize=255 rx=0 unique=0 lost=1 per=100.0 rssi_avg=0 rssi_min=0 crc_err=0 garbage=0 tx_lat=0.00000 tx_lon=0.00000 sats=0 fix=0 utc=0 tx_fw=none rx_fw=unknown
PHASE_GUARD 500
LORA_CFG path=0 bw=0x05 sf=12
PHASE_START 36 LF-LoRa-SF12-32 pktSize=32
2026-07-26T12:49:12.804834+00:00 TIME_SYNCED utc=1785070152 offset=1785062474
2026-07-26T12:49:18.023204+00:00 TIME_SYNCED utc=1785070157 offset=1785062474
2026-07-26T12:49:23.241292+00:00 TIME_SYNCED utc=1785070162 offset=1785062474
2026-07-26T12:49:25.303626+00:00 PHASE_RESULT 36 LF-LoRa-SF12-32 pktSize=32 rx=0 unique=0 lost=1 per=100.0 rssi_avg=0 rssi_min=0 crc_err=0 garbage=0 tx_lat=0.00000 tx_lon=0.00000 sats=0 fix=0 utc=0 tx_fw=none rx_fw=unknown
PHASE_GUARD 500
LORA_CFG path=0 bw=0x05 sf=12
PHASE_START 37 LF-LoRa-SF12-SKIP SKIP pktSize=64
2026-07-26T12:49:26.314354+00:00 PHASE_RESULT 37 LF-LoRa-SF12-SKIP pktSize=64 rx=0 unique=0 lost=0 per=0.0 rssi_avg=0 rssi_min=0 crc_err=0 garbage=0 tx_lat=0.00000 tx_lon=0.00000 sats=0 fix=0 utc=0 tx_fw=none rx_fw=unknown
PHASE_GUARD 500
LORA_CFG path=0 bw=0x05 sf=12
PHASE_START 38 LF-LoRa-SF12-SKIP SKIP pktSize=128
2026-07-26T12:49:27.325620+00:00 PHASE_RESULT 38 LF-LoRa-SF12-SKIP pktSize=128 rx=0 unique=0 lost=0 per=0.0 rssi_avg=0 rssi_min=0 crc_err=0 garbage=0 tx_lat=0.00000 tx_lon=0.00000 sats=0 fix=0 utc=0 tx_fw=none rx_fw=unknown
PHASE_GUARD 500
LORA_CFG path=0 bw=0x05 sf=12
PHASE_START 39 LF-LoRa-SF12-SKIP SKIP pktSize=255
2026-07-26T12:49:28.337623+00:00 TIME_SYNCED utc=1785070167 offset=1785062474
PHASE_RESULT 39 LF-LoRa-SF12-SKIP pktSize=255 rx=0 unique=0 lost=0 per=0.0 rssi_avg=0 rssi_min=0 crc_err=0 garbage=0 tx_lat=0.00000 tx_lon=0.00000 sats=0 fix=0 utc=0 tx_fw=none rx_fw=unknown
PHASE_GUARD 500
PHASE_START 40 LF-FLRC-2600-32 pktSize=32
2026-07-26T12:49:29.350192+00:00 SYNC_NOT_FOUND first4=92D53984
2026-07-26T12:49:30.361136+00:00 PHASE_RESULT 40 LF-FLRC-2600-32 pktSize=32 rx=0 unique=0 lost=100 per=100.0 rssi_avg=0 rssi_min=0 crc_err=0 garbage=1 tx_lat=0.00000 tx_lon=0.00000 sats=0 fix=0 utc=0 tx_fw=none rx_fw=unknown
PHASE_GUARD 500
PHASE_START 41 LF-FLRC-2600-64 pktSize=64
SYNC_NOT_FOUND first4=408291AE
2026-07-26T12:49:31.372749+00:00 SYNC_NOT_FOUND first4=56EB2E6D
2026-07-26T12:49:32.383970+00:00 PHASE_RESULT 41 LF-FLRC-2600-64 pktSize=64 rx=0 unique=0 lost=100 per=100.0 rssi_avg=0 rssi_min=0 crc_err=0 garbage=2 tx_lat=0.00000 tx_lon=0.00000 sats=0 fix=0 utc=0 tx_fw=none rx_fw=unknown
PHASE_GUARD 500
PHASE_START 42 LF-FLRC-2600-128 pktSize=128
2026-07-26T12:49:33.388336+00:00 TIME_SYNCED utc=1785070172 offset=1785062474
SYNC_NOT_FOUND first4=68197D56
2026-07-26T12:49:34.400369+00:00 PHASE_RESULT 42 LF-FLRC-2600-128 pktSize=128 rx=0 unique=0 lost=100 per=100.0 rssi_avg=0 rssi_min=0 crc_err=0 garbage=1 tx_lat=0.00000 tx_lon=0.00000 sats=0 fix=0 utc=0 tx_fw=none rx_fw=unknown
PHASE_GUARD 500
PHASE_START 43 LF-FLRC-2600-255 pktSize=255
2026-07-26T12:49:35.412126+00:00 SYNC_NOT_FOUND first4=27C0B82F
2026-07-26T12:49:36.415593+00:00 PHASE_RESULT 43 LF-FLRC-2600-255 pktSize=255 rx=0 unique=0 lost=100 per=100.0 rssi_avg=0 rssi_min=0 crc_err=0 garbage=1 tx_lat=0.00000 tx_lon=0.00000 sats=0 fix=0 utc=0 tx_fw=none rx_fw=unknown
PHASE_GUARD 500
PHASE_START 44 LF-FLRC-1300-32 pktSize=32
2026-07-26T12:49:37.427208+00:00 SYNC_NOT_FOUND first4=1BB16149
2026-07-26T12:49:38.438886+00:00 TIME_SYNCED utc=1785070177 offset=1785062474
PHASE_RESULT 44 LF-FLRC-1300-32 pktSize=32 rx=0 unique=0 lost=100 per=100.0 rssi_avg=0 rssi_min=0 crc_err=0 garbage=1 tx_lat=0.00000 tx_lon=0.00000 sats=0 fix=0 utc=0 tx_fw=none rx_fw=unknown
PHASE_GUARD 500
PHASE_START 45 LF-FLRC-1300-64 pktSize=64
2026-07-26T12:49:40.502201+00:00 PHASE_RESULT 45 LF-FLRC-1300-64 pktSize=64 rx=0 unique=0 lost=100 per=100.0 rssi_avg=0 rssi_min=0 crc_err=0 garbage=0 tx_lat=0.00000 tx_lon=0.00000 sats=0 fix=0 utc=0 tx_fw=none rx_fw=unknown
PHASE_GUARD 500
PHASE_START 46 LF-FLRC-1300-128 pktSize=128
2026-07-26T12:49:41.513487+00:00 SYNC_NOT_FOUND first4=C7F0B178
SYNC_NOT_FOUND first4=929FACA8
2026-07-26T12:49:42.524354+00:00 PHASE_RESULT 46 LF-FLRC-1300-128 pktSize=128 rx=0 unique=0 lost=100 per=100.0 rssi_avg=0 rssi_min=0 crc_err=0 garbage=2 tx_lat=0.00000 tx_lon=0.00000 sats=0 fix=0 utc=0 tx_fw=none rx_fw=unknown
PHASE_GUARD 500
PHASE_START 47 LF-FLRC-1300-255 pktSize=255
2026-07-26T12:49:43.537091+00:00 TIME_SYNCED utc=1785070182 offset=1785062474
SYNC_NOT_FOUND first4=6F1B9506
2026-07-26T12:49:44.548825+00:00 SYNC_NOT_FOUND first4=BE6F8795
PHASE_RESULT 47 LF-FLRC-1300-255 pktSize=255 rx=0 unique=0 lost=100 per=100.0 rssi_avg=0 rssi_min=0 crc_err=0 garbage=2 tx_lat=0.00000 tx_lon=0.00000 sats=0 fix=0 utc=0 tx_fw=none rx_fw=unknown
PHASE_GUARD 500
PHASE_START 48 LF-FLRC-650-32 pktSize=32
2026-07-26T12:49:46.610856+00:00 PHASE_RESULT 48 LF-FLRC-650-32 pktSize=32 rx=0 unique=0 lost=100 per=100.0 rssi_avg=0 rssi_min=0 crc_err=0 garbage=0 tx_lat=0.00000 tx_lon=0.00000 sats=0 fix=0 utc=0 tx_fw=none rx_fw=unknown
PHASE_GUARD 500
PHASE_START 49 LF-FLRC-650-64 pktSize=64
2026-07-26T12:49:48.675232+00:00 TIME_SYNCED utc=1785070187 offset=1785062474
SYNC_NOT_FOUND first4=66116EC7
PHASE_RESULT 49 LF-FLRC-650-64 pktSize=64 rx=0 unique=0 lost=100 per=100.0 rssi_avg=0 rssi_min=0 crc_err=0 garbage=1 tx_lat=0.00000 tx_lon=0.00000 sats=0 fix=0 utc=0 tx_fw=none rx_fw=unknown
PHASE_GUARD 500
PHASE_START 50 LF-FLRC-650-128 pktSize=128
2026-07-26T12:49:50.737378+00:00 SYNC_NOT_FOUND first4=10098442
PHASE_RESULT 50 LF-FLRC-650-128 pktSize=128 rx=0 unique=0 lost=100 per=100.0 rssi_avg=0 rssi_min=0 crc_err=0 garbage=1 tx_lat=0.00000 tx_lon=0.00000 sats=0 fix=0 utc=0 tx_fw=none rx_fw=unknown
PHASE_GUARD 500
PHASE_START 51 LF-FLRC-650-255 pktSize=255
SYNC_NOT_FOUND first4=9350FF6C
SYNC_NOT_FOUND first4=445F74A0
SYNC_NOT_FOUND first4=B56E2F69
2026-07-26T12:49:51.748240+00:00 SYNC_NOT_FOUND first4=11B44E25
2026-07-26T12:49:52.758871+00:00 SYNC_NOT_FOUND first4=A301ECDE
SYNC_NOT_FOUND first4=41310075
PHASE_RESULT 51 LF-FLRC-650-255 pktSize=255 rx=0 unique=0 lost=100 per=100.0 rssi_avg=0 rssi_min=0 crc_err=0 garbage=6 tx_lat=0.00000 tx_lon=0.00000 sats=0 fix=0 utc=0 tx_fw=none rx_fw=unknown
PHASE_GUARD 500
PHASE_START 52 LF-FLRC-325-32 pktSize=32
TIME_SYNCED utc=1785070192 offset=1785062474
2026-07-26T12:49:54.822102+00:00 PHASE_RESULT 52 LF-FLRC-325-32 pktSize=32 rx=0 unique=0 lost=100 per=100.0 rssi_avg=0 rssi_min=0 crc_err=0 garbage=0 tx_lat=0.00000 tx_lon=0.00000 sats=0 fix=0 utc=0 tx_fw=none rx_fw=unknown
PHASE_GUARD 500
PHASE_START 53 LF-FLRC-325-64 pktSize=64
2026-07-26T12:49:56.885862+00:00 PHASE_RESULT 53 LF-FLRC-325-64 pktSize=64 rx=0 unique=0 lost=100 per=100.0 rssi_avg=0 rssi_min=0 crc_err=0 garbage=0 tx_lat=0.00000 tx_lon=0.00000 sats=0 fix=0 utc=0 tx_fw=none rx_fw=unknown
PHASE_GUARD 500
PHASE_START 54 LF-FLRC-325-128 pktSize=128
2026-07-26T12:49:58.948425+00:00 TIME_SYNCED utc=1785070197 offset=1785062474
PHASE_RESULT 54 LF-FLRC-325-128 pktSize=128 rx=0 unique=0 lost=100 per=100.0 rssi_avg=0 rssi_min=0 crc_err=0 garbage=0 tx_lat=0.00000 tx_lon=0.00000 sats=0 fix=0 utc=0 tx_fw=none rx_fw=unknown
PHASE_GUARD 500
PHASE_START 55 LF-FLRC-325-255 pktSize=255
2026-07-26T12:50:01.011246+00:00 PHASE_RESULT 55 LF-FLRC-325-255 pktSize=255 rx=0 unique=0 lost=100 per=100.0 rssi_avg=0 rssi_min=0 crc_err=0 garbage=0 tx_lat=0.00000 tx_lon=0.00000 sats=0 fix=0 utc=0 tx_fw=none rx_fw=unknown
PHASE_GUARD 500
LORA_CFG path=1 bw=0x0F sf=7
PHASE_START 0 HF-LoRa-SF7-32 pktSize=32
2026-07-26T12:50:02.022337+00:00 PHASE_RESULT 0 HF-LoRa-SF7-32 pktSize=32 rx=0 unique=0 lost=20 per=100.0 rssi_avg=0 rssi_min=0 crc_err=0 garbage=0 tx_lat=0.00000 tx_lon=0.00000 sats=0 fix=0 utc=0 tx_fw=none rx_fw=unknown
PHASE_GUARD 500
2026-07-26T12:50:03.029298+00:00 LORA_CFG path=1 bw=0x0F sf=7
PHASE_START 1 HF-LoRa-SF7-64 pktSize=64
TIME_SYNCED utc=1785070202 offset=1785062474
2026-07-26T12:50:04.040918+00:00 PHASE_RESULT 1 HF-LoRa-SF7-64 pktSize=64 rx=0 unique=0 lost=20 per=100.0 rssi_avg=0 rssi_min=0 crc_err=0 garbage=0 tx_lat=0.00000 tx_lon=0.00000 sats=0 fix=0 utc=0 tx_fw=none rx_fw=unknown
PHASE_GUARD 500
2026-07-26T12:50:05.053216+00:00 LORA_CFG path=1 bw=0x0F sf=7
PHASE_START 2 HF-LoRa-SF7-128 pktSize=128
2026-07-26T12:50:06.063631+00:00 PHASE_RESULT 2 HF-LoRa-SF7-128 pktSize=128 rx=0 unique=0 lost=20 per=100.0 rssi_avg=0 rssi_min=0 crc_err=0 garbage=0 tx_lat=0.00000 tx_lon=0.00000 sats=0 fix=0 utc=0 tx_fw=none rx_fw=unknown
PHASE_GUARD 500
LORA_CFG path=1 bw=0x0F sf=7
2026-07-26T12:50:07.074367+00:00 PHASE_START 3 HF-LoRa-SF7-255 pktSize=255
2026-07-26T12:50:09.136524+00:00 TIME_SYNCED utc=1785070208 offset=1785062474
PHASE_RESULT 3 HF-LoRa-SF7-255 pktSize=255 rx=0 unique=0 lost=20 per=100.0 rssi_avg=0 rssi_min=0 crc_err=0 garbage=0 tx_lat=0.00000 tx_lon=0.00000 sats=0 fix=0 utc=0 tx_fw=none rx_fw=unknown
PHASE_GUARD 500
LORA_CFG path=1 bw=0x0F sf=9
PHASE_START 4 HF-LoRa-SF9-32 pktSize=32
2026-07-26T12:50:11.198403+00:00 PHASE_RESULT 4 HF-LoRa-SF9-32 pktSize=32 rx=0 unique=0 lost=20 per=100.0 rssi_avg=0 rssi_min=0 crc_err=0 garbage=0 tx_lat=0.00000 tx_lon=0.00000 sats=0 fix=0 utc=0 tx_fw=none rx_fw=unknown
PHASE_GUARD 500
LORA_CFG path=1 bw=0x0F sf=9
PHASE_START 5 HF-LoRa-SF9-64 pktSize=64
2026-07-26T12:50:13.261178+00:00 TIME_SYNCED utc=1785070212 offset=1785062474
2026-07-26T12:50:14.272514+00:00 PHASE_RESULT 5 HF-LoRa-SF9-64 pktSize=64 rx=0 unique=0 lost=20 per=100.0 rssi_avg=0 rssi_min=0 crc_err=0 garbage=0 tx_lat=0.00000 tx_lon=0.00000 sats=0 fix=0 utc=0 tx_fw=none rx_fw=unknown
PHASE_GUARD 500
LORA_CFG path=1 bw=0x0F sf=9
PHASE_START 6 HF-LoRa-SF9-128 pktSize=128
2026-07-26T12:50:18.437897+00:00 PHASE_RESULT 6 HF-LoRa-SF9-128 pktSize=128 rx=0 unique=0 lost=13 per=100.0 rssi_avg=0 rssi_min=0 crc_err=0 garbage=0 tx_lat=0.00000 tx_lon=0.00000 sats=0 fix=0 utc=0 tx_fw=none rx_fw=unknown
PHASE_GUARD 500
LORA_CFG path=1 bw=0x0F sf=9
PHASE_START 7 HF-LoRa-SF9-255 pktSize=255
2026-07-26T12:50:19.450347+00:00 TIME_SYNCED utc=1785070218 offset=1785062474
2026-07-26T12:50:21.506204+00:00 PHASE_RESULT 7 HF-LoRa-SF9-255 pktSize=255 rx=0 unique=0 lost=6 per=100.0 rssi_avg=0 rssi_min=0 crc_err=0 garbage=0 tx_lat=0.00000 tx_lon=0.00000 sats=0 fix=0 utc=0 tx_fw=none rx_fw=unknown
PHASE_GUARD 500
LORA_CFG path=1 bw=0x0F sf=12
PHASE_START 8 HF-LoRa-SF12-32 pktSize=32
2026-07-26T12:50:23.562232+00:00 TIME_SYNCED utc=1785070222 offset=1785062474
2026-07-26T12:50:24.568703+00:00 PHASE_RESULT 8 HF-LoRa-SF12-32 pktSize=32 rx=0 unique=0 lost=2 per=100.0 rssi_avg=0 rssi_min=0 crc_err=0 garbage=0 tx_lat=0.00000 tx_lon=0.00000 sats=0 fix=0 utc=0 tx_fw=none rx_fw=unknown
PHASE_GUARD 500
LORA_CFG path=1 bw=0x0F sf=12
PHASE_START 9 HF-LoRa-SF12-64 pktSize=64
2026-07-26T12:50:27.681354+00:00 PHASE_RESULT 9 HF-LoRa-SF12-64 pktSize=64 rx=0 unique=0 lost=1 per=100.0 rssi_avg=0 rssi_min=0 crc_err=0 garbage=0 tx_lat=0.00000 tx_lon=0.00000 sats=0 fix=0 utc=0 tx_fw=none rx_fw=unknown
PHASE_GUARD 500
LORA_CFG path=1 bw=0x0F sf=12
PHASE_START 10 HF-LoRa-SF12-128 pktSize=128
2026-07-26T12:50:29.737353+00:00 TIME_SYNCED utc=1785070228 offset=1785062474
2026-07-26T12:50:32.850676+00:00 PHASE_RESULT 10 HF-LoRa-SF12-128 pktSize=128 rx=0 unique=0 lost=1 per=100.0 rssi_avg=0 rssi_min=0 crc_err=0 garbage=0 tx_lat=0.00000 tx_lon=0.00000 sats=0 fix=0 utc=0 tx_fw=none rx_fw=unknown
PHASE_GUARD 500
LORA_CFG path=1 bw=0x0F sf=12
PHASE_START 11 HF-LoRa-SF12-255 pktSize=255
TIME_SYNCED utc=1785070232 offset=1785062474
2026-07-26T12:50:40.169982+00:00 TIME_SYNCED utc=1785070239 offset=1785062474
2026-07-26T12:50:42.235615+00:00 PHASE_RESULT 11 HF-LoRa-SF12-255 pktSize=255 rx=0 unique=0 lost=1 per=100.0 rssi_avg=0 rssi_min=0 crc_err=0 garbage=0 tx_lat=0.00000 tx_lon=0.00000 sats=0 fix=0 utc=0 tx_fw=none rx_fw=unknown
PHASE_GUARD 500
PHASE_START 12 HF-FLRC-2600-32 pktSize=32
SYNC_NOT_FOUND first4=49A1AC1D
2026-07-26T12:50:43.247145+00:00 SYNC_NOT_FOUND first4=ACDD19D1
SYNC_NOT_FOUND first4=4E194C14
SYNC_NOT_FOUND first4=3F1AC4B3
TIME_SYNCED utc=1785070242 offset=1785062474
SYNC_NOT_FOUND first4=A83CD4A1
SYNC_NOT_FOUND first4=FC597FC9
SYNC_NOT_FOUND first4=54F900BC
SYNC_NOT_FOUND first4=68672C7B
2026-07-26T12:50:44.258148+00:00 PHASE_RESULT 12 HF-FLRC-2600-32 pktSize=32 rx=0 unique=0 lost=100 per=100.0 rssi_avg=0 rssi_min=0 crc_err=0 garbage=8 tx_lat=0.00000 tx_lon=0.00000 sats=0 fix=0 utc=0 tx_fw=none rx_fw=unknown
PHASE_GUARD 500
PHASE_START 13 HF-FLRC-2600-64 pktSize=64
SYNC_NOT_FOUND first4=A985573B
2026-07-26T12:50:45.269862+00:00 SYNC_NOT_FOUND first4=E2E3ED1F
SYNC_NOT_FOUND first4=636D2388
SYNC_NOT_FOUND first4=AEA240A1
SYNC_NOT_FOUND first4=48C3B635
SYNC_NOT_FOUND first4=FB018C9B
SYNC_NOT_FOUND first4=A06D4CC6
SYNC_NOT_FOUND first4=6EAAB873
2026-07-26T12:50:46.284364+00:00 SYNC_NOT_FOUND first4=89C90101
SYNC_NOT_FOUND first4=D33C0DA0
SYNC_NOT_FOUND first4=3A320A0A
PHASE_RESULT 13 HF-FLRC-2600-64 pktSize=64 rx=0 unique=0 lost=100 per=100.0 rssi_avg=0 rssi_min=0 crc_err=0 garbage=11 tx_lat=0.00000 tx_lon=0.00000 sats=0 fix=0 utc=0 tx_fw=none rx_fw=unknown
PHASE_GUARD 500
PHASE_START 14 HF-FLRC-2600-128 pktSize=128
SYNC_NOT_FOUND first4=24F4D731
2026-07-26T12:50:47.298629+00:00 SYNC_NOT_FOUND first4=1D5A78EE
SYNC_NOT_FOUND first4=128160F9
SYNC_NOT_FOUND first4=5D0E19EC
SYNC_NOT_FOUND first4=302C020E
2026-07-26T12:50:48.309714+00:00 SYNC_NOT_FOUND first4=7706D34E
SYNC_NOT_FOUND first4=76075305
SYNC_NOT_FOUND first4=518AB92C
PHASE_RESULT 14 HF-FLRC-2600-128 pktSize=128 rx=0 unique=0 lost=100 per=100.0 rssi_avg=0 rssi_min=0 crc_err=0 garbage=8 tx_lat=0.00000 tx_lon=0.00000 sats=0 fix=0 utc=0 tx_fw=none rx_fw=unknown
PHASE_GUARD 500
PHASE_START 15 HF-FLRC-2600-255 pktSize=255
2026-07-26T12:50:49.322831+00:00 SYNC_NOT_FOUND first4=A12A7899
SYNC_NOT_FOUND first4=B3DF3809
SYNC_NOT_FOUND first4=635A0ED0
SYNC_NOT_FOUND first4=78BD35E7
SYNC_NOT_FOUND first4=F283CDA1
2026-07-26T12:50:50.334508+00:00 TIME_SYNCED utc=1785070249 offset=1785062474
SYNC_NOT_FOUND first4=9F6A76B1
SYNC_NOT_FOUND first4=C9F0E102
SYNC_NOT_FOUND first4=11122521
SYNC_NOT_FOUND first4=70FBE4BD
PHASE_RESULT 15 HF-FLRC-2600-255 pktSize=255 rx=0 unique=0 lost=100 per=100.0 rssi_avg=0 rssi_min=0 crc_err=0 garbage=9 tx_lat=0.00000 tx_lon=0.00000 sats=0 fix=0 utc=0 tx_fw=none rx_fw=unknown
PHASE_GUARD 500
PHASE_START 16 HF-FLRC-1300-32 pktSize=32
SYNC_NOT_FOUND first4=938B8423
2026-07-26T12:50:51.350730+00:00 SYNC_NOT_FOUND first4=D5DD7513
SYNC_NOT_FOUND first4=25A41785
SYNC_NOT_FOUND first4=9A595F8A
SYNC_NOT_FOUND first4=91916CE0
SYNC_NOT_FOUND first4=27D158D7
2026-07-26T12:50:52.362185+00:00 PHASE_RESULT 16 HF-FLRC-1300-32 pktSize=32 rx=0 unique=0 lost=100 per=100.0 rssi_avg=0 rssi_min=0 crc_err=0 garbage=6 tx_lat=0.00000 tx_lon=0.00000 sats=0 fix=0 utc=0 tx_fw=none rx_fw=unknown
PHASE_GUARD 500
PHASE_START 17 HF-FLRC-1300-64 pktSize=64
2026-07-26T12:50:53.365720+00:00 SYNC_NOT_FOUND first4=42AC9393
TIME_SYNCED utc=1785070252 offset=1785062474
SYNC_NOT_FOUND first4=DF98FAF6
SYNC_NOT_FOUND first4=FE3FC691
SYNC_NOT_FOUND first4=9D2EFD97
SYNC_NOT_FOUND first4=81789A99
2026-07-26T12:50:54.381269+00:00 SYNC_NOT_FOUND first4=A5790CDE
SYNC_NOT_FOUND first4=A5809932
SYNC_NOT_FOUND first4=9CBFB8CF
SYNC_NOT_FOUND first4=ABC62380
SYNC_NOT_FOUND first4=27647599
PHASE_RESULT 17 HF-FLRC-1300-64 pktSize=64 rx=0 unique=0 lost=100 per=100.0 rssi_avg=0 rssi_min=0 crc_err=0 garbage=10 tx_lat=0.00000 tx_lon=0.00000 sats=0 fix=0 utc=0 tx_fw=none rx_fw=unknown
PHASE_GUARD 500
PHASE_START 18 HF-FLRC-1300-128 pktSize=128
SYNC_NOT_FOUND first4=740E1E00
2026-07-26T12:50:55.385742+00:00 SYNC_NOT_FOUND first4=EF41261F
SYNC_NOT_FOUND first4=386DB3B8
SYNC_NOT_FOUND first4=3DA36503
SYNC_NOT_FOUND first4=89D03F81
SYNC_NOT_FOUND first4=26F87A52
SYNC_NOT_FOUND first4=9102E571
SYNC_NOT_FOUND first4=AD0F291F
SYNC_NOT_FOUND first4=4036A8CE
SYNC_NOT_FOUND first4=FE0EC023
2026-07-26T12:50:56.401465+00:00 SYNC_NOT_FOUND first4=8108868D
SYNC_NOT_FOUND first4=F217337F
PHASE_RESULT 18 HF-FLRC-1300-128 pktSize=128 rx=0 unique=0 lost=100 per=100.0 rssi_avg=0 rssi_min=0 crc_err=0 garbage=12 tx_lat=0.00000 tx_lon=0.00000 sats=0 fix=0 utc=0 tx_fw=none rx_fw=unknown
PHASE_GUARD 500
PHASE_START 19 HF-FLRC-1300-255 pktSize=255
SYNC_NOT_FOUND first4=86029393
SYNC_NOT_FOUND first4=9CE7C181
2026-07-26T12:50:57.412643+00:00 SYNC_NOT_FOUND first4=C5468657
SYNC_NOT_FOUND first4=CA50779A
SYNC_NOT_FOUND first4=1DCE33B3
SYNC_NOT_FOUND first4=146901F6
2026-07-26T12:50:58.423258+00:00 SYNC_NOT_FOUND first4=A5E3DE06
SYNC_NOT_FOUND first4=3EAE1CB9
PHASE_RESULT 19 HF-FLRC-1300-255 pktSize=255 rx=0 unique=0 lost=100 per=100.0 rssi_avg=0 rssi_min=0 crc_err=0 garbage=8 tx_lat=0.00000 tx_lon=0.00000 sats=0 fix=0 utc=0 tx_fw=none rx_fw=unknown
PHASE_GUARD 500
PHASE_START 20 HF-FLRC-650-32 pktSize=32
SYNC_NOT_FOUND first4=42B85586
SYNC_NOT_FOUND first4=99197991
SYNC_NOT_FOUND first4=0ECF4D7B
SYNC_NOT_FOUND first4=46863062
SYNC_NOT_FOUND first4=6DE6B61E
SYNC_NOT_FOUND first4=E3793890
SYNC_NOT_FOUND first4=38CB239F
SYNC_NOT_FOUND first4=5BA927F2
2026-07-26T12:50:59.434309+00:00 SYNC_NOT_FOUND first4=B9C1FF2A
SYNC_NOT_FOUND first4=F6258D06
SYNC_NOT_FOUND first4=0B3BA5EC
SYNC_NOT_FOUND first4=C8760750
SYNC_NOT_FOUND first4=64BD3E08
SYNC_NOT_FOUND first4=6A38F37D
SYNC_NOT_FOUND first4=5181FCB3
SYNC_NOT_FOUND first4=9C1587D5
SYNC_NOT_FOUND first4=4B0895F8
SYNC_NOT_FOUND first4=FC1D131E
SYNC_NOT_FOUND first4=62A1B22E
SYNC_NOT_FOUND first4=CB8F9E98
SYNC_NOT_FOUND first4=AF52A542
SYNC_NOT_FOUND first4=E1D7A179
SYNC_NOT_FOUND first4=E03B79A5
SYNC_NOT_FOUND first4=5A7E486F
SYNC_NOT_FOUND first4=D9DCC28A
SYNC_NOT_FOUND first4=05D89E2D
SYNC_NOT_FOUND first4=992A1F5F
SYNC_NOT_FOUND first4=23212411
SYNC_NOT_FOUND first4=6B949F78
SYNC_NOT_FOUND first4=0EBCBF1C
SYNC_NOT_FOUND first4=81C12A6F
SYNC_NOT_FOUND first4=9AF9ADA3
2026-07-26T12:51:00.450852+00:00 TIME_SYNCED utc=1785070259 offset=1785062474
SYNC_NOT_FOUND first4=E2FF31EC
SYNC_NOT_FOUND first4=FB78479E
SYNC_NOT_FOUND first4=03972CDE
SYNC_NOT_FOUND first4=3B7BFEC0
SYNC_NOT_FOUND first4=AC43209D
SYNC_NOT_FOUND first4=79CD90AD
SYNC_NOT_FOUND first4=C4702332
SYNC_NOT_FOUND first4=E4F56502
SYNC_NOT_FOUND first4=1AABCEC4
SYNC_NOT_FOUND first4=16189C1E
PHASE_RESULT 20 HF-FLRC-650-32 pktSize=32 rx=0 unique=0 lost=100 per=100.0 rssi_avg=0 rssi_min=0 crc_err=0 garbage=42 tx_lat=0.00000 tx_lon=0.00000 sats=0 fix=0 utc=0 tx_fw=none rx_fw=unknown
PHASE_GUARD 500
PHASE_START 21 HF-FLRC-650-64 pktSize=64
SYNC_NOT_FOUND first4=ACD6B639
SYNC_NOT_FOUND first4=4934B09C
SYNC_NOT_FOUND first4=1CCF5172
SYNC_NOT_FOUND first4=BF7D122A
SYNC_NOT_FOUND first4=B8127457
2026-07-26T12:51:01.467529+00:00 SYNC_NOT_FOUND first4=37E8393E
SYNC_NOT_FOUND first4=319B6782
SYNC_NOT_FOUND first4=96A7B614
SYNC_NOT_FOUND first4=52287E34
SYNC_NOT_FOUND first4=45C782A3
SYNC_NOT_FOUND first4=3781E4AC
SYNC_NOT_FOUND first4=5FC3A309
SYNC_NOT_FOUND first4=523916E9
SYNC_NOT_FOUND first4=0B91D7E8
SYNC_NOT_FOUND first4=9FCCA920
SYNC_NOT_FOUND first4=19CDF815
2026-07-26T12:51:02.478551+00:00 SYNC_NOT_FOUND first4=46E9EDD7
SYNC_NOT_FOUND first4=8A6F1270
SYNC_NOT_FOUND first4=6EDCC497
SYNC_NOT_FOUND first4=20740B92
SYNC_NOT_FOUND first4=C77C7D6A
SYNC_NOT_FOUND first4=D436B2AA
SYNC_NOT_FOUND first4=88474B78
SYNC_NOT_FOUND first4=1FA1A877
SYNC_NOT_FOUND first4=CD1DD8E4
SYNC_NOT_FOUND first4=E14679D3
SYNC_NOT_FOUND first4=A2E35976
SYNC_NOT_FOUND first4=6921ADCD
SYNC_NOT_FOUND first4=90238B53
PHASE_RESULT 21 HF-FLRC-650-64 pktSize=64 rx=0 unique=0 lost=100 per=100.0 rssi_avg=0 rssi_min=0 crc_err=0 garbage=29 tx_lat=0.00000 tx_lon=0.00000 sats=0 fix=0 utc=0 tx_fw=none rx_fw=unknown
PHASE_GUARD 500
PHASE_START 22 HF-FLRC-650-128 pktSize=128
SYNC_NOT_FOUND first4=6BED03F0
SYNC_NOT_FOUND first4=A636C40C
SYNC_NOT_FOUND first4=4A2D56B0
2026-07-26T12:51:03.484045+00:00 SYNC_NOT_FOUND first4=0A97EEF4
SYNC_NOT_FOUND first4=4CB1094E
SYNC_NOT_FOUND first4=ECEA8388
SYNC_NOT_FOUND first4=EEADDA91
TIME_SYNCED utc=1785070262 offset=1785062474
SYNC_NOT_FOUND first4=7AEED52A
SYNC_NOT_FOUND first4=83748A50
SYNC_NOT_FOUND first4=BF92A8E9
SYNC_NOT_FOUND first4=4820A7C3
SYNC_NOT_FOUND first4=16D0A831
SYNC_NOT_FOUND first4=45858928
SYNC_NOT_FOUND first4=0547351D
SYNC_NOT_FOUND first4=74CBAF40
SYNC_NOT_FOUND first4=1AC16558
SYNC_NOT_FOUND first4=02133980
SYNC_NOT_FOUND first4=95DDCF87
SYNC_NOT_FOUND first4=8D6B1420
SYNC_NOT_FOUND first4=3C378525
SYNC_NOT_FOUND first4=DCAF4535
SYNC_NOT_FOUND first4=A611C76A
2026-07-26T12:51:04.487798+00:00 SYNC_NOT_FOUND first4=C762DC5C
SYNC_NOT_FOUND first4=87163468
SYNC_NOT_FOUND first4=EAFFA59E
SYNC_NOT_FOUND first4=B0021176
SYNC_NOT_FOUND first4=16C7CED4
SYNC_NOT_FOUND first4=AAD3B8E0
PHASE_RESULT 22 HF-FLRC-650-128 pktSize=128 rx=0 unique=0 lost=100 per=100.0 rssi_avg=0 rssi_min=0 crc_err=0 garbage=28 tx_lat=0.00000 tx_lon=0.00000 sats=0 fix=0 utc=0 tx_fw=none rx_fw=unknown
PHASE_GUARD 500
PHASE_START 23 HF-FLRC-650-255 pktSize=255
SYNC_NOT_FOUND first4=61EB611A
SYNC_NOT_FOUND first4=8C7A395F
SYNC_NOT_FOUND first4=B6ED4C4A
SYNC_NOT_FOUND first4=03E16BC1
SYNC_NOT_FOUND first4=10081DB2
SYNC_NOT_FOUND first4=A3B00ED0
SYNC_NOT_FOUND first4=8FCC3EDA
SYNC_NOT_FOUND first4=E80C2899
2026-07-26T12:51:05.506242+00:00 SYNC_NOT_FOUND first4=D7B315D6
SYNC_NOT_FOUND first4=E7078F43
SYNC_NOT_FOUND first4=5F018261
SYNC_NOT_FOUND first4=2465D7A5
SYNC_NOT_FOUND first4=354C34B9
SYNC_NOT_FOUND first4=3B35DF5B
SYNC_NOT_FOUND first4=B5BE58DB
SYNC_NOT_FOUND first4=2104068D
SYNC_NOT_FOUND first4=388AE55B
SYNC_NOT_FOUND first4=B2B7FB94
SYNC_NOT_FOUND first4=4816ABBB
SYNC_NOT_FOUND first4=BC9330EC
SYNC_NOT_FOUND first4=A00BC086
SYNC_NOT_FOUND first4=F8700D0D
SYNC_NOT_FOUND first4=9163824A
2026-07-26T12:51:06.521649+00:00 SYNC_NOT_FOUND first4=9AF7A2E0
SYNC_NOT_FOUND first4=68586075
SYNC_NOT_FOUND first4=9D3EBF73
SYNC_NOT_FOUND first4=B3BB9C38
SYNC_NOT_FOUND first4=0BE18E0F
SYNC_NOT_FOUND first4=760A5035
SYNC_NOT_FOUND first4=CDDCD479
SYNC_NOT_FOUND first4=53156971
SYNC_NOT_FOUND first4=67DA13A5
SYNC_NOT_FOUND first4=3CC9A47B
PHASE_RESULT 23 HF-FLRC-650-255 pktSize=255 rx=0 unique=0 lost=100 per=100.0 rssi_avg=0 rssi_min=0 crc_err=0 garbage=33 tx_lat=0.00000 tx_lon=0.00000 sats=0 fix=0 utc=0 tx_fw=none rx_fw=unknown
PHASE_GUARD 500
PHASE_START 24 HF-FLRC-325-32 pktSize=32
SYNC_NOT_FOUND first4=C142C025
SYNC_NOT_FOUND first4=AF33AB8D
2026-07-26T12:51:07.532778+00:00 SYNC_NOT_FOUND first4=89D52425
SYNC_NOT_FOUND first4=185AA82A
SYNC_NOT_FOUND first4=7446E0BC
SYNC_NOT_FOUND first4=20724229
2026-07-26T12:51:08.544188+00:00 SYNC_NOT_FOUND first4=BF3EA49C
SYNC_NOT_FOUND first4=1254C216
PHASE_RESULT 24 HF-FLRC-325-32 pktSize=32 rx=0 unique=0 lost=100 per=100.0 rssi_avg=0 rssi_min=0 crc_err=0 garbage=8 tx_lat=0.00000 tx_lon=0.00000 sats=0 fix=0 utc=0 tx_fw=none rx_fw=unknown
PHASE_GUARD 500
PHASE_START 25 HF-FLRC-325-64 pktSize=64
SYNC_NOT_FOUND first4=A56F800B
2026-07-26T12:51:09.555644+00:00 SYNC_NOT_FOUND first4=846E7FF6
SYNC_NOT_FOUND first4=82F52D38
2026-07-26T12:51:10.574650+00:00 TIME_SYNCED utc=1785070269 offset=1785062474
SYNC_NOT_FOUND first4=3E8FE1D9
PHASE_RESULT 25 HF-FLRC-325-64 pktSize=64 rx=0 unique=0 lost=100 per=100.0 rssi_avg=0 rssi_min=0 crc_err=0 garbage=4 tx_lat=0.00000 tx_lon=0.00000 sats=0 fix=0 utc=0 tx_fw=none rx_fw=unknown
PHASE_GUARD 500
PHASE_START 26 HF-FLRC-325-128 pktSize=128
SYNC_NOT_FOUND first4=D461AC9A
2026-07-26T12:51:11.591243+00:00 SYNC_NOT_FOUND first4=1D32A62D
SYNC_NOT_FOUND first4=8428F922
2026-07-26T12:51:12.602657+00:00 PHASE_RESULT 26 HF-FLRC-325-128 pktSize=128 rx=0 unique=0 lost=100 per=100.0 rssi_avg=0 rssi_min=0 crc_err=0 garbage=3 tx_lat=0.00000 tx_lon=0.00000 sats=0 fix=0 utc=0 tx_fw=none rx_fw=unknown
PHASE_GUARD 500
PHASE_START 27 HF-FLRC-325-255 pktSize=255
SYNC_NOT_FOUND first4=20526293
SYNC_NOT_FOUND first4=C89C568C
2026-07-26T12:51:13.613640+00:00 SYNC_NOT_FOUND first4=A61F4C38
TIME_SYNCED utc=1785070272 offset=1785062474
SYNC_NOT_FOUND first4=EB462A16
SYNC_NOT_FOUND first4=31A7DDC6
SYNC_NOT_FOUND first4=8773C2C9
2026-07-26T12:51:14.631906+00:00 PHASE_RESULT 27 HF-FLRC-325-255 pktSize=255 rx=0 unique=0 lost=100 per=100.0 rssi_avg=0 rssi_min=0 crc_err=0 garbage=6 tx_lat=0.00000 tx_lon=0.00000 sats=0 fix=0 utc=0 tx_fw=none rx_fw=unknown
PHASE_GUARD 500
LORA_CFG path=0 bw=0x05 sf=7
PHASE_START 28 LF-LoRa-SF7-32 pktSize=32
2026-07-26T12:51:16.696350+00:00 PHASE_RESULT 28 LF-LoRa-SF7-32 pktSize=32 rx=0 unique=0 lost=20 per=100.0 rssi_avg=0 rssi_min=0 crc_err=0 garbage=0 tx_lat=0.00000 tx_lon=0.00000 sats=0 fix=0 utc=0 tx_fw=none rx_fw=unknown
PHASE_GUARD 500
LORA_CFG path=0 bw=0x05 sf=7
PHASE_START 29 LF-LoRa-SF7-64 pktSize=64
2026-07-26T12:51:19.818144+00:00 PHASE_RESULT 29 LF-LoRa-SF7-64 pktSize=64 rx=0 unique=0 lost=20 per=100.0 rssi_avg=0 rssi_min=0 crc_err=0 garbage=0 tx_lat=0.00000 tx_lon=0.00000 sats=0 fix=0 utc=0 tx_fw=none rx_fw=unknown
PHASE_GUARD 500
LORA_CFG path=0 bw=0x05 sf=7
PHASE_START 30 LF-LoRa-SF7-128 pktSize=128
2026-07-26T12:51:20.834507+00:00 TIME_SYNCED utc=1785070279 offset=1785062474
2026-07-26T12:51:22.897633+00:00 TIME_SYNCED utc=1785070282 offset=1785062474
2026-07-26T12:51:23.909425+00:00 PHASE_RESULT 30 LF-LoRa-SF7-128 pktSize=128 rx=0 unique=0 lost=13 per=100.0 rssi_avg=0 rssi_min=0 crc_err=0 garbage=0 tx_lat=0.00000 tx_lon=0.00000 sats=0 fix=0 utc=0 tx_fw=none rx_fw=unknown
PHASE_GUARD 500
LORA_CFG path=0 bw=0x05 sf=7
PHASE_START 31 LF-LoRa-SF7-255 pktSize=255
2026-07-26T12:51:27.025047+00:00 PHASE_RESULT 31 LF-LoRa-SF7-255 pktSize=255 rx=0 unique=0 lost=7 per=100.0 rssi_avg=0 rssi_min=0 crc_err=0 garbage=0 tx_lat=0.00000 tx_lon=0.00000 sats=0 fix=0 utc=0 tx_fw=none rx_fw=unknown
PHASE_GUARD 500
2026-07-26T12:51:28.039846+00:00 LORA_CFG path=0 bw=0x05 sf=9
PHASE_START 32 LF-LoRa-SF9-32 pktSize=32
2026-07-26T12:51:31.152625+00:00 TIME_SYNCED utc=1785070290 offset=1785062474
PHASE_RESULT 32 LF-LoRa-SF9-32 pktSize=32 rx=0 unique=0 lost=7 per=100.0 rssi_avg=0 rssi_min=0 crc_err=0 garbage=0 tx_lat=0.00000 tx_lon=0.00000 sats=0 fix=0 utc=0 tx_fw=none rx_fw=unknown
PHASE_GUARD 500
LORA_CFG path=0 bw=0x05 sf=9
PHASE_START 33 LF-LoRa-SF9-64 pktSize=64
2026-07-26T12:51:33.222501+00:00 TIME_SYNCED utc=1785070292 offset=1785062474
2026-07-26T12:51:34.233761+00:00 PHASE_RESULT 33 LF-LoRa-SF9-64 pktSize=64 rx=0 unique=0 lost=3 per=100.0 rssi_avg=0 rssi_min=0 crc_err=0 garbage=0 tx_lat=0.00000 tx_lon=0.00000 sats=0 fix=0 utc=0 tx_fw=none rx_fw=unknown
PHASE_GUARD 500
LORA_CFG path=0 bw=0x05 sf=9
PHASE_START 34 LF-LoRa-SF9-128 pktSize=128
2026-07-26T12:51:36.301896+00:00 SYNC_NOT_FOUND first4=592F81DB
PHASE_RESULT 34 LF-LoRa-SF9-128 pktSize=128 rx=0 unique=0 lost=1 per=100.0 rssi_avg=0 rssi_min=0 crc_err=0 garbage=1 tx_lat=0.00000 tx_lon=0.00000 sats=0 fix=0 utc=0 tx_fw=none rx_fw=unknown
PHASE_GUARD 500
LORA_CFG path=0 bw=0x05 sf=9
PHASE_START 35 LF-LoRa-SF9-255 pktSize=255
2026-07-26T12:51:40.471095+00:00 PHASE_RESULT 35 LF-LoRa-SF9-255 pktSize=255 rx=0 unique=0 lost=1 per=100.0 rssi_avg=0 rssi_min=0 crc_err=0 garbage=0 tx_lat=0.00000 tx_lon=0.00000 sats=0 fix=0 utc=0 tx_fw=none rx_fw=unknown
PHASE_GUARD 500
LORA_CFG path=0 bw=0x05 sf=12
PHASE_START 36 LF-LoRa-SF12-32 pktSize=32
2026-07-26T12:51:41.485780+00:00 TIME_SYNCED utc=1785070300 offset=1785062474
2026-07-26T12:51:43.556070+00:00 TIME_SYNCED utc=1785070302 offset=1785062474
2026-07-26T12:51:51.927325+00:00 TIME_SYNCED utc=1785070310 offset=1785062474
2026-07-26T12:51:52.945402+00:00 TIME_SYNCED utc=1785070312 offset=1785062474
2026-07-26T12:51:55.007930+00:00 PHASE_RESULT 36 LF-LoRa-SF12-32 pktSize=32 rx=0 unique=0 lost=1 per=100.0 rssi_avg=0 rssi_min=0 crc_err=0 garbage=0 tx_lat=0.00000 tx_lon=0.00000 sats=0 fix=0 utc=0 tx_fw=none rx_fw=unknown
PHASE_GUARD 500
2026-07-26T12:51:56.019142+00:00 LORA_CFG path=0 bw=0x05 sf=12
PHASE_START 37 LF-LoRa-SF12-SKIP SKIP pktSize=64
PHASE_RESULT 37 LF-LoRa-SF12-SKIP pktSize=64 rx=0 unique=0 lost=0 per=0.0 rssi_avg=0 rssi_min=0 crc_err=0 garbage=0 tx_lat=0.00000 tx_lon=0.00000 sats=0 fix=0 utc=0 tx_fw=none rx_fw=unknown
PHASE_GUARD 500
2026-07-26T12:51:57.032755+00:00 LORA_CFG path=0 bw=0x05 sf=12
PHASE_START 38 LF-LoRa-SF12-SKIP SKIP pktSize=128
PHASE_RESULT 38 LF-LoRa-SF12-SKIP pktSize=128 rx=0 unique=0 lost=0 per=0.0 rssi_avg=0 rssi_min=0 crc_err=0 garbage=0 tx_lat=0.00000 tx_lon=0.00000 sats=0 fix=0 utc=0 tx_fw=none rx_fw=unknown
PHASE_GUARD 500
LORA_CFG path=0 bw=0x05 sf=12
2026-07-26T12:51:58.051158+00:00 PHASE_START 39 LF-LoRa-SF12-SKIP SKIP pktSize=255
PHASE_RESULT 39 LF-LoRa-SF12-SKIP pktSize=255 rx=0 unique=0 lost=0 per=0.0 rssi_avg=0 rssi_min=0 crc_err=0 garbage=0 tx_lat=0.00000 tx_lon=0.00000 sats=0 fix=0 utc=0 tx_fw=none rx_fw=unknown
PHASE_GUARD 500
2026-07-26T12:51:59.062991+00:00 PHASE_START 40 LF-FLRC-2600-32 pktSize=32
2026-07-26T12:52:00.073922+00:00 SYNC_NOT_FOUND first4=3D6A8D02
SYNC_NOT_FOUND first4=CB5ADD3A
PHASE_RESULT 40 LF-FLRC-2600-32 pktSize=32 rx=0 unique=0 lost=100 per=100.0 rssi_avg=0 rssi_min=0 crc_err=0 garbage=2 tx_lat=0.00000 tx_lon=0.00000 sats=0 fix=0 utc=0 tx_fw=none rx_fw=unknown
PHASE_GUARD 500
2026-07-26T12:52:01.084731+00:00 PHASE_START 41 LF-FLRC-2600-64 pktSize=64
SYNC_NOT_FOUND first4=B3DEF061
2026-07-26T12:52:02.098645+00:00 TIME_SYNCED utc=1785070321 offset=1785062474
SYNC_NOT_FOUND first4=84FC7480
SYNC_NOT_FOUND first4=9ED03965
PHASE_RESULT 41 LF-FLRC-2600-64 pktSize=64 rx=0 unique=0 lost=100 per=100.0 rssi_avg=0 rssi_min=0 crc_err=0 garbage=3 tx_lat=0.00000 tx_lon=0.00000 sats=0 fix=0 utc=0 tx_fw=none rx_fw=unknown
PHASE_GUARD 500
PHASE_START 42 LF-FLRC-2600-128 pktSize=128
2026-07-26T12:52:03.116293+00:00 TIME_SYNCED utc=1785070322 offset=1785062474
2026-07-26T12:52:04.131970+00:00 SYNC_NOT_FOUND first4=693097B3
SYNC_NOT_FOUND first4=991A49E6
PHASE_RESULT 42 LF-FLRC-2600-128 pktSize=128 rx=0 unique=0 lost=100 per=100.0 rssi_avg=0 rssi_min=0 crc_err=0 garbage=2 tx_lat=0.00000 tx_lon=0.00000 sats=0 fix=0 utc=0 tx_fw=none rx_fw=unknown
PHASE_GUARD 500
PHASE_START 43 LF-FLRC-2600-255 pktSize=255
SYNC_NOT_FOUND first4=0E636699
2026-07-26T12:52:05.143303+00:00 SYNC_NOT_FOUND first4=6DA27C60
SYNC_NOT_FOUND first4=06E7CCEC
SYNC_NOT_FOUND first4=CB7ED04B
SYNC_NOT_FOUND first4=D0E5A12B
2026-07-26T12:52:06.158757+00:00 SYNC_NOT_FOUND first4=BA42BC43
SYNC_NOT_FOUND first4=C645DEDE
PHASE_RESULT 43 LF-FLRC-2600-255 pktSize=255 rx=0 unique=0 lost=100 per=100.0 rssi_avg=0 rssi_min=0 crc_err=0 garbage=7 tx_lat=0.00000 tx_lon=0.00000 sats=0 fix=0 utc=0 tx_fw=none rx_fw=unknown
PHASE_GUARD 500
PHASE_START 44 LF-FLRC-1300-32 pktSize=32
2026-07-26T12:52:07.175573+00:00 SYNC_NOT_FOUND first4=4A35AD10
2026-07-26T12:52:08.189340+00:00 PHASE_RESULT 44 LF-FLRC-1300-32 pktSize=32 rx=0 unique=0 lost=100 per=100.0 rssi_avg=0 rssi_min=0 crc_err=0 garbage=1 tx_lat=0.00000 tx_lon=0.00000 sats=0 fix=0 utc=0 tx_fw=none rx_fw=unknown
PHASE_GUARD 500
PHASE_START 45 LF-FLRC-1300-64 pktSize=64
2026-07-26T12:52:10.251676+00:00 PHASE_RESULT 45 LF-FLRC-1300-64 pktSize=64 rx=0 unique=0 lost=100 per=100.0 rssi_avg=0 rssi_min=0 crc_err=0 garbage=0 tx_lat=0.00000 tx_lon=0.00000 sats=0 fix=0 utc=0 tx_fw=none rx_fw=unknown
PHASE_GUARD 500
PHASE_START 46 LF-FLRC-1300-128 pktSize=128
2026-07-26T12:52:12.314219+00:00 TIME_SYNCED utc=1785070331 offset=1785062474
PHASE_RESULT 46 LF-FLRC-1300-128 pktSize=128 rx=0 unique=0 lost=100 per=100.0 rssi_avg=0 rssi_min=0 crc_err=0 garbage=0 tx_lat=0.00000 tx_lon=0.00000 sats=0 fix=0 utc=0 tx_fw=none rx_fw=unknown
PHASE_GUARD 500
PHASE_START 47 LF-FLRC-1300-255 pktSize=255
2026-07-26T12:52:13.331050+00:00 TIME_SYNCED utc=1785070332 offset=1785062474
2026-07-26T12:52:14.342185+00:00 PHASE_RESULT 47 LF-FLRC-1300-255 pktSize=255 rx=0 unique=0 lost=100 per=100.0 rssi_avg=0 rssi_min=0 crc_err=0 garbage=0 tx_lat=0.00000 tx_lon=0.00000 sats=0 fix=0 utc=0 tx_fw=none rx_fw=unknown
PHASE_GUARD 500
PHASE_START 48 LF-FLRC-650-32 pktSize=32
SYNC_NOT_FOUND first4=101BF001
2026-07-26T12:52:15.355032+00:00 SYNC_NOT_FOUND first4=F6FB62A7
2026-07-26T12:52:16.366299+00:00 PHASE_RESULT 48 LF-FLRC-650-32 pktSize=32 rx=0 unique=0 lost=100 per=100.0 rssi_avg=0 rssi_min=0 crc_err=0 garbage=2 tx_lat=0.00000 tx_lon=0.00000 sats=0 fix=0 utc=0 tx_fw=none rx_fw=unknown
PHASE_GUARD 500
PHASE_START 49 LF-FLRC-650-64 pktSize=64
SYNC_NOT_FOUND first4=DC875C4C
2026-07-26T12:52:17.387109+00:00 SYNC_NOT_FOUND first4=5FDBDDDF
2026-07-26T12:52:18.399047+00:00 PHASE_RESULT 49 LF-FLRC-650-64 pktSize=64 rx=0 unique=0 lost=100 per=100.0 rssi_avg=0 rssi_min=0 crc_err=0 garbage=2 tx_lat=0.00000 tx_lon=0.00000 sats=0 fix=0 utc=0 tx_fw=none rx_fw=unknown
PHASE_GUARD 500
PHASE_START 50 LF-FLRC-650-128 pktSize=128
2026-07-26T12:52:20.460961+00:00 PHASE_RESULT 50 LF-FLRC-650-128 pktSize=128 rx=0 unique=0 lost=100 per=100.0 rssi_avg=0 rssi_min=0 crc_err=0 garbage=0 tx_lat=0.00000 tx_lon=0.00000 sats=0 fix=0 utc=0 tx_fw=none rx_fw=unknown
PHASE_GUARD 500
PHASE_START 51 LF-FLRC-650-255 pktSize=255
2026-07-26T12:52:21.480778+00:00 SYNC_NOT_FOUND first4=197F218B
SYNC_NOT_FOUND first4=313E360F
2026-07-26T12:52:22.487019+00:00 TIME_SYNCED utc=1785070341 offset=1785062474
PHASE_RESULT 51 LF-FLRC-650-255 pktSize=255 rx=0 unique=0 lost=100 per=100.0 rssi_avg=0 rssi_min=0 crc_err=0 garbage=2 tx_lat=0.00000 tx_lon=0.00000 sats=0 fix=0 utc=0 tx_fw=none rx_fw=unknown
PHASE_GUARD 500
PHASE_START 52 LF-FLRC-325-32 pktSize=32
2026-07-26T12:52:23.499294+00:00 TIME_SYNCED utc=1785070342 offset=1785062474
2026-07-26T12:52:24.512828+00:00 PHASE_RESULT 52 LF-FLRC-325-32 pktSize=32 rx=0 unique=0 lost=100 per=100.0 rssi_avg=0 rssi_min=0 crc_err=0 garbage=0 tx_lat=0.00000 tx_lon=0.00000 sats=0 fix=0 utc=0 tx_fw=none rx_fw=unknown
PHASE_GUARD 500
PHASE_START 53 LF-FLRC-325-64 pktSize=64
2026-07-26T12:52:26.575226+00:00 PHASE_RESULT 53 LF-FLRC-325-64 pktSize=64 rx=0 unique=0 lost=100 per=100.0 rssi_avg=0 rssi_min=0 crc_err=0 garbage=0 tx_lat=0.00000 tx_lon=0.00000 sats=0 fix=0 utc=0 tx_fw=none rx_fw=unknown
PHASE_GUARD 500
PHASE_START 54 LF-FLRC-325-128 pktSize=128
SYNC_NOT_FOUND first4=CB04A1B1
2026-07-26T12:52:28.637353+00:00 PHASE_RESULT 54 LF-FLRC-325-128 pktSize=128 rx=0 unique=0 lost=100 per=100.0 rssi_avg=0 rssi_min=0 crc_err=0 garbage=1 tx_lat=0.00000 tx_lon=0.00000 sats=0 fix=0 utc=0 tx_fw=none rx_fw=unknown
PHASE_GUARD 500
PHASE_START 55 LF-FLRC-325-255 pktSize=255
2026-07-26T12:52:30.705688+00:00 PHASE_RESULT 55 LF-FLRC-325-255 pktSize=255 rx=0 unique=0 lost=100 per=100.0 rssi_avg=0 rssi_min=0 crc_err=0 garbage=0 tx_lat=0.00000 tx_lon=0.00000 sats=0 fix=0 utc=0 tx_fw=none rx_fw=unknown
PHASE_GUARD 500
LORA_CFG path=1 bw=0x0F sf=7
PHASE_START 0 HF-LoRa-SF7-32 pktSize=32
2026-07-26T12:52:32.768252+00:00 TIME_SYNCED utc=1785070351 offset=1785062474
PHASE_RESULT 0 HF-LoRa-SF7-32 pktSize=32 rx=0 unique=0 lost=20 per=100.0 rssi_avg=0 rssi_min=0 crc_err=0 garbage=0 tx_lat=0.00000 tx_lon=0.00000 sats=0 fix=0 utc=0 tx_fw=none rx_fw=unknown
PHASE_GUARD 500
LORA_CFG path=1 bw=0x0F sf=7
PHASE_START 1 HF-LoRa-SF7-64 pktSize=64
2026-07-26T12:52:33.784749+00:00 TIME_SYNCED utc=1785070352 offset=1785062474
SYNC_NOT_FOUND first4=740F961E
2026-07-26T12:52:34.796231+00:00 PHASE_RESULT 1 HF-LoRa-SF7-64 pktSize=64 rx=0 unique=0 lost=20 per=100.0 rssi_avg=0 rssi_min=0 crc_err=0 garbage=1 tx_lat=0.00000 tx_lon=0.00000 sats=0 fix=0 utc=0 tx_fw=none rx_fw=unknown
PHASE_GUARD 500
LORA_CFG path=1 bw=0x0F sf=7
PHASE_START 2 HF-LoRa-SF7-128 pktSize=128
2026-07-26T12:52:36.863233+00:00 PHASE_RESULT 2 HF-LoRa-SF7-128 pktSize=128 rx=0 unique=0 lost=20 per=100.0 rssi_avg=0 rssi_min=0 crc_err=0 garbage=0 tx_lat=0.00000 tx_lon=0.00000 sats=0 fix=0 utc=0 tx_fw=none rx_fw=unknown
PHASE_GUARD 500
LORA_CFG path=1 bw=0x0F sf=7
PHASE_START 3 HF-LoRa-SF7-255 pktSize=255
2026-07-26T12:52:39.982352+00:00 PHASE_RESULT 3 HF-LoRa-SF7-255 pktSize=255 rx=0 unique=0 lost=20 per=100.0 rssi_avg=0 rssi_min=0 crc_err=0 garbage=0 tx_lat=0.00000 tx_lon=0.00000 sats=0 fix=0 utc=0 tx_fw=none rx_fw=unknown
PHASE_GUARD 500
LORA_CFG path=1 bw=0x0F sf=9
PHASE_START 4 HF-LoRa-SF9-32 pktSize=32
2026-07-26T12:52:40.998382+00:00 PHASE_RESULT 4 HF-LoRa-SF9-32 pktSize=32 rx=0 unique=0 lost=20 per=100.0 rssi_avg=0 rssi_min=0 crc_err=0 garbage=0 tx_lat=0.00000 tx_lon=0.00000 sats=0 fix=0 utc=0 tx_fw=none rx_fw=unknown
PHASE_GUARD 500
2026-07-26T12:52:42.009227+00:00 LORA_CFG path=1 bw=0x0F sf=9
PHASE_START 5 HF-LoRa-SF9-64 pktSize=64
2026-07-26T12:52:43.022115+00:00 TIME_SYNCED utc=1785070362 offset=1785062474
TIME_SYNCED utc=1785070362 offset=1785062474
2026-07-26T12:52:44.033903+00:00 PHASE_RESULT 5 HF-LoRa-SF9-64 pktSize=64 rx=0 unique=0 lost=20 per=100.0 rssi_avg=0 rssi_min=0 crc_err=0 garbage=0 tx_lat=0.00000 tx_lon=0.00000 sats=0 fix=0 utc=0 tx_fw=none rx_fw=unknown
PHASE_GUARD 500
LORA_CFG path=1 bw=0x0F sf=9
2026-07-26T12:52:45.046047+00:00 PHASE_START 6 HF-LoRa-SF9-128 pktSize=128
2026-07-26T12:52:48.159522+00:00 PHASE_RESULT 6 HF-LoRa-SF9-128 pktSize=128 rx=0 unique=0 lost=13 per=100.0 rssi_avg=0 rssi_min=0 crc_err=0 garbage=0 tx_lat=0.00000 tx_lon=0.00000 sats=0 fix=0 utc=0 tx_fw=none rx_fw=unknown
PHASE_GUARD 500
LORA_CFG path=1 bw=0x0F sf=9
PHASE_START 7 HF-LoRa-SF9-255 pktSize=255
2026-07-26T12:52:51.278102+00:00 PHASE_RESULT 7 HF-LoRa-SF9-255 pktSize=255 rx=0 unique=0 lost=6 per=100.0 rssi_avg=0 rssi_min=0 crc_err=0 garbage=0 tx_lat=0.00000 tx_lon=0.00000 sats=0 fix=0 utc=0 tx_fw=none rx_fw=unknown
PHASE_GUARD 500
LORA_CFG path=1 bw=0x0F sf=12
PHASE_START 8 HF-LoRa-SF12-32 pktSize=32
2026-07-26T12:52:53.345276+00:00 TIME_SYNCED utc=1785070372 offset=1785062474
TIME_SYNCED utc=1785070372 offset=1785062474
2026-07-26T12:52:54.360908+00:00 PHASE_RESULT 8 HF-LoRa-SF12-32 pktSize=32 rx=0 unique=0 lost=2 per=100.0 rssi_avg=0 rssi_min=0 crc_err=0 garbage=0 tx_lat=0.00000 tx_lon=0.00000 sats=0 fix=0 utc=0 tx_fw=none rx_fw=unknown
PHASE_GUARD 500
LORA_CFG path=1 bw=0x0F sf=12
PHASE_START 9 HF-LoRa-SF12-64 pktSize=64
2026-07-26T12:52:57.477189+00:00 PHASE_RESULT 9 HF-LoRa-SF12-64 pktSize=64 rx=0 unique=0 lost=1 per=100.0 rssi_avg=0 rssi_min=0 crc_err=0 garbage=0 tx_lat=0.00000 tx_lon=0.00000 sats=0 fix=0 utc=0 tx_fw=none rx_fw=unknown
PHASE_GUARD 500
LORA_CFG path=1 bw=0x0F sf=12
PHASE_START 10 HF-LoRa-SF12-128 pktSize=128
2026-07-26T12:53:02.701138+00:00 PHASE_RESULT 10 HF-LoRa-SF12-128 pktSize=128 rx=0 unique=0 lost=1 per=100.0 rssi_avg=0 rssi_min=0 crc_err=0 garbage=0 tx_lat=0.00000 tx_lon=0.00000 sats=0 fix=0 utc=0 tx_fw=none rx_fw=unknown
PHASE_GUARD 500
LORA_CFG path=1 bw=0x0F sf=12
PHASE_START 11 HF-LoRa-SF12-255 pktSize=255
2026-07-26T12:53:03.715356+00:00 TIME_SYNCED utc=1785070382 offset=1785062474
TIME_SYNCED utc=1785070382 offset=1785062473
2026-07-26T12:53:13.140208+00:00 PHASE_RESULT 11 HF-LoRa-SF12-255 pktSize=255 rx=0 unique=0 lost=1 per=100.0 rssi_avg=0 rssi_min=0 crc_err=0 garbage=0 tx_lat=0.00000 tx_lon=0.00000 sats=0 fix=0 utc=0 tx_fw=none rx_fw=unknown
PHASE_GUARD 500
PHASE_START 12 HF-FLRC-2600-32 pktSize=32
TIME_SYNCED utc=1785070392 offset=1785062473
2026-07-26T12:53:14.155782+00:00 TIME_SYNCED utc=1785070393 offset=1785062474
SYNC_NOT_FOUND first4=4CB56DCA
SYNC_NOT_FOUND first4=E0FBDE43
SYNC_NOT_FOUND first4=9D32B10C
SYNC_NOT_FOUND first4=1B825BDB
SYNC_NOT_FOUND first4=F027A64C
SYNC_NOT_FOUND first4=738047E2
SYNC_NOT_FOUND first4=5C7D9557
PHASE_RESULT 12 HF-FLRC-2600-32 pktSize=32 rx=0 unique=0 lost=100 per=100.0 rssi_avg=0 rssi_min=0 crc_err=0 garbage=7 tx_lat=0.00000 tx_lon=0.00000 sats=0 fix=0 utc=0 tx_fw=none rx_fw=unknown
PHASE_GUARD 500
PHASE_START 13 HF-FLRC-2600-64 pktSize=64
2026-07-26T12:53:15.171382+00:00 SYNC_NOT_FOUND first4=3EF5A3C4
SYNC_NOT_FOUND first4=8D993908
SYNC_NOT_FOUND first4=8824E330
SYNC_NOT_FOUND first4=61CA9622
SYNC_NOT_FOUND first4=8832E7EE
SYNC_NOT_FOUND first4=0F96C975
2026-07-26T12:53:16.182676+00:00 PHASE_RESULT 13 HF-FLRC-2600-64 pktSize=64 rx=0 unique=0 lost=100 per=100.0 rssi_avg=0 rssi_min=0 crc_err=0 garbage=6 tx_lat=0.00000 tx_lon=0.00000 sats=0 fix=0 utc=0 tx_fw=none rx_fw=unknown
PHASE_GUARD 500
PHASE_START 14 HF-FLRC-2600-128 pktSize=128
SYNC_NOT_FOUND first4=F58CB025
2026-07-26T12:53:17.198115+00:00 SYNC_NOT_FOUND first4=CC8528FD
SYNC_NOT_FOUND first4=469C21C5
SYNC_NOT_FOUND first4=8FF0A008
SYNC_NOT_FOUND first4=3E795BA3
2026-07-26T12:53:18.209344+00:00 SYNC_NOT_FOUND first4=3A7850A9
SYNC_NOT_FOUND first4=799B4EA8
SYNC_NOT_FOUND first4=C936510A
SYNC_NOT_FOUND first4=FADAF5B0
SYNC_NOT_FOUND first4=4E43D95C
PHASE_RESULT 14 HF-FLRC-2600-128 pktSize=128 rx=0 unique=0 lost=100 per=100.0 rssi_avg=0 rssi_min=0 crc_err=0 garbage=10 tx_lat=0.00000 tx_lon=0.00000 sats=0 fix=0 utc=0 tx_fw=none rx_fw=unknown
PHASE_GUARD 500
PHASE_START 15 HF-FLRC-2600-255 pktSize=255
2026-07-26T12:53:19.225709+00:00 SYNC_NOT_FOUND first4=1361505D
SYNC_NOT_FOUND first4=13E7DF37
SYNC_NOT_FOUND first4=1BD23676
2026-07-26T12:53:20.229682+00:00 SYNC_NOT_FOUND first4=4C08F1C9
PHASE_RESULT 15 HF-FLRC-2600-255 pktSize=255 rx=0 unique=0 lost=100 per=100.0 rssi_avg=0 rssi_min=0 crc_err=0 garbage=4 tx_lat=0.00000 tx_lon=0.00000 sats=0 fix=0 utc=0 tx_fw=none rx_fw=unknown
PHASE_GUARD 500
PHASE_START 16 HF-FLRC-1300-32 pktSize=32
SYNC_NOT_FOUND first4=3079BB91
2026-07-26T12:53:21.241257+00:00 SYNC_NOT_FOUND first4=39BF21EB
SYNC_NOT_FOUND first4=BAD520C9
SYNC_NOT_FOUND first4=78907D4C
SYNC_NOT_FOUND first4=98595577
2026-07-26T12:53:22.252303+00:00 SYNC_NOT_FOUND first4=7C3D2665
PHASE_RESULT 16 HF-FLRC-1300-32 pktSize=32 rx=0 unique=0 lost=100 per=100.0 rssi_avg=0 rssi_min=0 crc_err=0 garbage=6 tx_lat=0.00000 tx_lon=0.00000 sats=0 fix=0 utc=0 tx_fw=none rx_fw=unknown
PHASE_GUARD 500
PHASE_START 17 HF-FLRC-1300-64 pktSize=64
SYNC_NOT_FOUND first4=2296088E
2026-07-26T12:53:23.263273+00:00 SYNC_NOT_FOUND first4=DB8A10DD
SYNC_NOT_FOUND first4=8CDDFCFE
SYNC_NOT_FOUND first4=D9654B15
SYNC_NOT_FOUND first4=AF1EF321
TIME_SYNCED utc=1785070402 offset=1785062473
SYNC_NOT_FOUND first4=288DDB8E
SYNC_NOT_FOUND first4=65C9E59F
SYNC_NOT_FOUND first4=50566245
2026-07-26T12:53:24.277291+00:00 TIME_SYNCED utc=1785070403 offset=1785062474
SYNC_NOT_FOUND first4=9D3B7807
SYNC_NOT_FOUND first4=2AEFE3B0
SYNC_NOT_FOUND first4=05D027C7
PHASE_RESULT 17 HF-FLRC-1300-64 pktSize=64 rx=0 unique=0 lost=100 per=100.0 rssi_avg=0 rssi_min=0 crc_err=0 garbage=11 tx_lat=0.00000 tx_lon=0.00000 sats=0 fix=0 utc=0 tx_fw=none rx_fw=unknown
PHASE_GUARD 500
PHASE_START 18 HF-FLRC-1300-128 pktSize=128
SYNC_NOT_FOUND first4=69CF40D4
2026-07-26T12:53:25.290765+00:00 SYNC_NOT_FOUND first4=E7A49AEF
SYNC_NOT_FOUND first4=0A62224E
SYNC_NOT_FOUND first4=8BDF4CB1
SYNC_NOT_FOUND first4=8A419F01
SYNC_NOT_FOUND first4=7AB37758
2026-07-26T12:53:26.301953+00:00 SYNC_NOT_FOUND first4=F47BF973
SYNC_NOT_FOUND first4=6CF3BE2C
SYNC_NOT_FOUND first4=25552806
SYNC_NOT_FOUND first4=E0526FCB
SYNC_NOT_FOUND first4=7767FAFA
SYNC_NOT_FOUND first4=4896B29F
SYNC_NOT_FOUND first4=CD61FCAF
PHASE_RESULT 18 HF-FLRC-1300-128 pktSize=128 rx=0 unique=0 lost=100 per=100.0 rssi_avg=0 rssi_min=0 crc_err=0 garbage=13 tx_lat=0.00000 tx_lon=0.00000 sats=0 fix=0 utc=0 tx_fw=none rx_fw=unknown
PHASE_GUARD 500
PHASE_START 19 HF-FLRC-1300-255 pktSize=255
SYNC_NOT_FOUND first4=A0434067
2026-07-26T12:53:27.313010+00:00 SYNC_NOT_FOUND first4=28F318FE
SYNC_NOT_FOUND first4=8F2B369D
SYNC_NOT_FOUND first4=7512E1D4
SYNC_NOT_FOUND first4=65C1AFE5
SYNC_NOT_FOUND first4=AC4C9750
2026-07-26T12:53:28.324202+00:00 PHASE_RESULT 19 HF-FLRC-1300-255 pktSize=255 rx=0 unique=0 lost=100 per=100.0 rssi_avg=0 rssi_min=0 crc_err=0 garbage=6 tx_lat=0.00000 tx_lon=0.00000 sats=0 fix=0 utc=0 tx_fw=none rx_fw=unknown
PHASE_GUARD 500
PHASE_START 20 HF-FLRC-650-32 pktSize=32
SYNC_NOT_FOUND first4=26AE6937
2026-07-26T12:53:29.336029+00:00 SYNC_NOT_FOUND first4=E242FB97
SYNC_NOT_FOUND first4=A9980EE3
SYNC_NOT_FOUND first4=918F73D7
SYNC_NOT_FOUND first4=7B263920
SYNC_NOT_FOUND first4=F36728BE
SYNC_NOT_FOUND first4=DF626D92
SYNC_NOT_FOUND first4=330CDA3D
SYNC_NOT_FOUND first4=472A7E97
SYNC_NOT_FOUND first4=094E89EB
SYNC_NOT_FOUND first4=AA8EE824
SYNC_NOT_FOUND first4=19215ED7
2026-07-26T12:53:30.358692+00:00 SYNC_NOT_FOUND first4=789D381B
SYNC_NOT_FOUND first4=42C33921
SYNC_NOT_FOUND first4=4BF17462
SYNC_NOT_FOUND first4=37535615
SYNC_NOT_FOUND first4=26CB4DC2
SYNC_NOT_FOUND first4=482E270E
PHASE_RESULT 20 HF-FLRC-650-32 pktSize=32 rx=0 unique=0 lost=100 per=100.0 rssi_avg=0 rssi_min=0 crc_err=0 garbage=18 tx_lat=0.00000 tx_lon=0.00000 sats=0 fix=0 utc=0 tx_fw=none rx_fw=unknown
PHASE_GUARD 500
PHASE_START 21 HF-FLRC-650-64 pktSize=64
SYNC_NOT_FOUND first4=D3B992CA
SYNC_NOT_FOUND first4=1C441611
SYNC_NOT_FOUND first4=FE59ED02
SYNC_NOT_FOUND first4=866A8A03
SYNC_NOT_FOUND first4=CE2B718C
SYNC_NOT_FOUND first4=CEBD4A90
SYNC_NOT_FOUND first4=31853268
SYNC_NOT_FOUND first4=C68CA761
2026-07-26T12:53:31.372960+00:00 SYNC_NOT_FOUND first4=B603F5A0
SYNC_NOT_FOUND first4=3F1702BE
SYNC_NOT_FOUND first4=3162611E
SYNC_NOT_FOUND first4=EF33CF8E
SYNC_NOT_FOUND first4=48004494
SYNC_NOT_FOUND first4=C5D8C21C
SYNC_NOT_FOUND first4=1B79D854
SYNC_NOT_FOUND first4=366E91B5
SYNC_NOT_FOUND first4=4BDC8B88
SYNC_NOT_FOUND first4=474386DD
SYNC_NOT_FOUND first4=0358272F
SYNC_NOT_FOUND first4=10C77F3B
SYNC_NOT_FOUND first4=49E9419B
SYNC_NOT_FOUND first4=7617B554
2026-07-26T12:53:32.383879+00:00 SYNC_NOT_FOUND first4=2CFB6FF4
SYNC_NOT_FOUND first4=28F72452
SYNC_NOT_FOUND first4=91AD8E20
SYNC_NOT_FOUND first4=E62EAE92
SYNC_NOT_FOUND first4=610DD4EC
SYNC_NOT_FOUND first4=314EFC8C
SYNC_NOT_FOUND first4=ACBC39C6
SYNC_NOT_FOUND first4=01723624
SYNC_NOT_FOUND first4=FEA14041
SYNC_NOT_FOUND first4=037D479A
SYNC_NOT_FOUND first4=2C1581E8
SYNC_NOT_FOUND first4=BA137044
PHASE_RESULT 21 HF-FLRC-650-64 pktSize=64 rx=0 unique=0 lost=100 per=100.0 rssi_avg=0 rssi_min=0 crc_err=0 garbage=34 tx_lat=0.00000 tx_lon=0.00000 sats=0 fix=0 utc=0 tx_fw=none rx_fw=unknown
PHASE_GUARD 500
PHASE_START 22 HF-FLRC-650-128 pktSize=128
SYNC_NOT_FOUND first4=1FA20A84
SYNC_NOT_FOUND first4=12C4151D
SYNC_NOT_FOUND first4=69BF9435
2026-07-26T12:53:33.394876+00:00 SYNC_NOT_FOUND first4=5750C14C
SYNC_NOT_FOUND first4=673B28AA
SYNC_NOT_FOUND first4=65CCFE55
SYNC_NOT_FOUND first4=132DA18C
SYNC_NOT_FOUND first4=46E710C0
SYNC_NOT_FOUND first4=60454F20
SYNC_NOT_FOUND first4=E99DBEE2
SYNC_NOT_FOUND first4=F3231706
SYNC_NOT_FOUND first4=FB915394
SYNC_NOT_FOUND first4=147065F2
SYNC_NOT_FOUND first4=213C7A05
SYNC_NOT_FOUND first4=40B9EF77
SYNC_NOT_FOUND first4=28A6D768
SYNC_NOT_FOUND first4=FD57B366
SYNC_NOT_FOUND first4=059FB96D
SYNC_NOT_FOUND first4=AB81717A
SYNC_NOT_FOUND first4=745AF07B
TIME_SYNCED utc=1785070412 offset=1785062473
SYNC_NOT_FOUND first4=2F0510AA
SYNC_NOT_FOUND first4=7EA4FA3F
SYNC_NOT_FOUND first4=D9F4F57B
SYNC_NOT_FOUND first4=1067711C
SYNC_NOT_FOUND first4=203FE10E
2026-07-26T12:53:34.408889+00:00 TIME_SYNCED utc=1785070413 offset=1785062474
SYNC_NOT_FOUND first4=F5555240
SYNC_NOT_FOUND first4=4D2537C1
SYNC_NOT_FOUND first4=DF1B5444
SYNC_NOT_FOUND first4=6E76AA56
SYNC_NOT_FOUND first4=14269438
SYNC_NOT_FOUND first4=8FF9B83C
SYNC_NOT_FOUND first4=5421C227
SYNC_NOT_FOUND first4=2D414768
SYNC_NOT_FOUND first4=BB378C16
PHASE_RESULT 22 HF-FLRC-650-128 pktSize=128 rx=0 unique=0 lost=100 per=100.0 rssi_avg=0 rssi_min=0 crc_err=0 garbage=34 tx_lat=0.00000 tx_lon=0.00000 sats=0 fix=0 utc=0 tx_fw=none rx_fw=unknown
PHASE_GUARD 500
PHASE_START 23 HF-FLRC-650-255 pktSize=255
SYNC_NOT_FOUND first4=8ED93332
SYNC_NOT_FOUND first4=56E98D83
SYNC_NOT_FOUND first4=B2CDDCB1
SYNC_NOT_FOUND first4=4D82E9A6
2026-07-26T12:53:35.430183+00:00 SYNC_NOT_FOUND first4=657A6EA9
SYNC_NOT_FOUND first4=80465A3F
SYNC_NOT_FOUND first4=1B8D3463
SYNC_NOT_FOUND first4=7541220E
SYNC_NOT_FOUND first4=E79DBFA6
SYNC_NOT_FOUND first4=3AAB5C40
SYNC_NOT_FOUND first4=781453A4
SYNC_NOT_FOUND first4=728AEE60
SYNC_NOT_FOUND first4=389A00C8
SYNC_NOT_FOUND first4=DDD0F47C
SYNC_NOT_FOUND first4=5927F24A
SYNC_NOT_FOUND first4=EA7596F7
2026-07-26T12:53:36.443238+00:00 SYNC_NOT_FOUND first4=09C15911
SYNC_NOT_FOUND first4=D4002A41
SYNC_NOT_FOUND first4=25F5ED82
SYNC_NOT_FOUND first4=F43A6683
SYNC_NOT_FOUND first4=7AE48F9E
PHASE_RESULT 23 HF-FLRC-650-255 pktSize=255 rx=0 unique=0 lost=100 per=100.0 rssi_avg=0 rssi_min=0 crc_err=0 garbage=21 tx_lat=0.00000 tx_lon=0.00000 sats=0 fix=0 utc=0 tx_fw=none rx_fw=unknown
PHASE_GUARD 500
PHASE_START 24 HF-FLRC-325-32 pktSize=32
2026-07-26T12:53:37.454882+00:00 SYNC_NOT_FOUND first4=28F63327
2026-07-26T12:53:38.466175+00:00 SYNC_NOT_FOUND first4=E14D7CD8
SYNC_NOT_FOUND first4=7C6D27F6
PHASE_RESULT 24 HF-FLRC-325-32 pktSize=32 rx=0 unique=0 lost=100 per=100.0 rssi_avg=0 rssi_min=0 crc_err=0 garbage=3 tx_lat=0.00000 tx_lon=0.00000 sats=0 fix=0 utc=0 tx_fw=none rx_fw=unknown
PHASE_GUARD 500
PHASE_START 25 HF-FLRC-325-64 pktSize=64
2026-07-26T12:53:40.534915+00:00 SYNC_NOT_FOUND first4=A5595013
SYNC_NOT_FOUND first4=3C41DB8D
PHASE_RESULT 25 HF-FLRC-325-64 pktSize=64 rx=0 unique=0 lost=100 per=100.0 rssi_avg=0 rssi_min=0 crc_err=0 garbage=2 tx_lat=0.00000 tx_lon=0.00000 sats=0 fix=0 utc=0 tx_fw=none rx_fw=unknown
PHASE_GUARD 500
PHASE_START 26 HF-FLRC-325-128 pktSize=128
SYNC_NOT_FOUND first4=14271FA8
SYNC_NOT_FOUND first4=89101A02
2026-07-26T12:53:41.553743+00:00 SYNC_NOT_FOUND first4=2818279E
SYNC_NOT_FOUND first4=0F9C2C50
2026-07-26T12:53:42.564644+00:00 PHASE_RESULT 26 HF-FLRC-325-128 pktSize=128 rx=0 unique=0 lost=100 per=100.0 rssi_avg=0 rssi_min=0 crc_err=0 garbage=4 tx_lat=0.00000 tx_lon=0.00000 sats=0 fix=0 utc=0 tx_fw=none rx_fw=unknown
PHASE_GUARD 500
PHASE_START 27 HF-FLRC-325-255 pktSize=255
SYNC_NOT_FOUND first4=6A37EC9D
SYNC_NOT_FOUND first4=A809E07B
2026-07-26T12:53:43.577767+00:00 SYNC_NOT_FOUND first4=A7860A49
TIME_SYNCED utc=1785070423 offset=1785062474
SYNC_NOT_FOUND first4=A8B977A0
SYNC_NOT_FOUND first4=FBAB92DF
2026-07-26T12:53:44.595109+00:00 TIME_SYNCED utc=1785070423 offset=1785062474
SYNC_NOT_FOUND first4=E8B6991F
SYNC_NOT_FOUND first4=F4D33006
PHASE_RESULT 27 HF-FLRC-325-255 pktSize=255 rx=0 unique=0 lost=100 per=100.0 rssi_avg=0 rssi_min=0 crc_err=0 garbage=7 tx_lat=0.00000 tx_lon=0.00000 sats=0 fix=0 utc=0 tx_fw=none rx_fw=unknown
PHASE_GUARD 500
LORA_CFG path=0 bw=0x05 sf=7
PHASE_START 28 LF-LoRa-SF7-32 pktSize=32
2026-07-26T12:53:46.665149+00:00 PHASE_RESULT 28 LF-LoRa-SF7-32 pktSize=32 rx=0 unique=0 lost=20 per=100.0 rssi_avg=0 rssi_min=0 crc_err=0 garbage=0 tx_lat=0.00000 tx_lon=0.00000 sats=0 fix=0 utc=0 tx_fw=none rx_fw=unknown
PHASE_GUARD 500
LORA_CFG path=0 bw=0x05 sf=7
PHASE_START 29 LF-LoRa-SF7-64 pktSize=64
2026-07-26T12:53:49.779235+00:00 PHASE_RESULT 29 LF-LoRa-SF7-64 pktSize=64 rx=0 unique=0 lost=20 per=100.0 rssi_avg=0 rssi_min=0 crc_err=0 garbage=0 tx_lat=0.00000 tx_lon=0.00000 sats=0 fix=0 utc=0 tx_fw=none rx_fw=unknown
PHASE_GUARD 500
LORA_CFG path=0 bw=0x05 sf=7
PHASE_START 30 LF-LoRa-SF7-128 pktSize=128
2026-07-26T12:53:53.950267+00:00 PHASE_RESULT 30 LF-LoRa-SF7-128 pktSize=128 rx=0 unique=0 lost=13 per=100.0 rssi_avg=0 rssi_min=0 crc_err=0 garbage=0 tx_lat=0.00000 tx_lon=0.00000 sats=0 fix=0 utc=0 tx_fw=none rx_fw=unknown
PHASE_GUARD 500
LORA_CFG path=0 bw=0x05 sf=7
PHASE_START 31 LF-LoRa-SF7-255 pktSize=255
TIME_SYNCED utc=1785070433 offset=1785062474
2026-07-26T12:53:54.960231+00:00 TIME_SYNCED utc=1785070433 offset=1785062473
2026-07-26T12:53:58.081439+00:00 PHASE_RESULT 31 LF-LoRa-SF7-255 pktSize=255 rx=0 unique=0 lost=7 per=100.0 rssi_avg=0 rssi_min=0 crc_err=0 garbage=0 tx_lat=0.00000 tx_lon=0.00000 sats=0 fix=0 utc=0 tx_fw=none rx_fw=unknown
PHASE_GUARD 500
LORA_CFG path=0 bw=0x05 sf=9
PHASE_START 32 LF-LoRa-SF9-32 pktSize=32
2026-07-26T12:54:02.246712+00:00 PHASE_RESULT 32 LF-LoRa-SF9-32 pktSize=32 rx=0 unique=0 lost=7 per=100.0 rssi_avg=0 rssi_min=0 crc_err=0 garbage=0 tx_lat=0.00000 tx_lon=0.00000 sats=0 fix=0 utc=0 tx_fw=none rx_fw=unknown
PHASE_GUARD 500
LORA_CFG path=0 bw=0x05 sf=9
PHASE_START 33 LF-LoRa-SF9-64 pktSize=64
2026-07-26T12:54:03.261870+00:00 TIME_SYNCED utc=1785070443 offset=1785062474
2026-07-26T12:54:04.275217+00:00 PHASE_RESULT 33 LF-LoRa-SF9-64 pktSize=64 rx=0 unique=0 lost=3 per=100.0 rssi_avg=0 rssi_min=0 crc_err=0 garbage=0 tx_lat=0.00000 tx_lon=0.00000 sats=0 fix=0 utc=0 tx_fw=none rx_fw=unknown
PHASE_GUARD 500
LORA_CFG path=0 bw=0x05 sf=9
PHASE_START 34 LF-LoRa-SF9-128 pktSize=128
2026-07-26T12:54:05.289342+00:00 TIME_SYNCED utc=1785070444 offset=1785062474
2026-07-26T12:54:06.311310+00:00 PHASE_RESULT 34 LF-LoRa-SF9-128 pktSize=128 rx=0 unique=0 lost=1 per=100.0 rssi_avg=0 rssi_min=0 crc_err=0 garbage=0 tx_lat=0.00000 tx_lon=0.00000 sats=0 fix=0 utc=0 tx_fw=none rx_fw=unknown
PHASE_GUARD 500
LORA_CFG path=0 bw=0x05 sf=9
PHASE_START 35 LF-LoRa-SF9-255 pktSize=255
2026-07-26T12:54:10.474826+00:00 PHASE_RESULT 35 LF-LoRa-SF9-255 pktSize=255 rx=0 unique=0 lost=1 per=100.0 rssi_avg=0 rssi_min=0 crc_err=0 garbage=0 tx_lat=0.00000 tx_lon=0.00000 sats=0 fix=0 utc=0 tx_fw=none rx_fw=unknown
PHASE_GUARD 500
LORA_CFG path=0 bw=0x05 sf=12
PHASE_START 36 LF-LoRa-SF12-32 pktSize=32
2026-07-26T12:54:13.590774+00:00 TIME_SYNCED utc=1785070453 offset=1785062474
2026-07-26T12:54:15.653932+00:00 TIME_SYNCED utc=1785070454 offset=1785062474
2026-07-26T12:54:24.033866+00:00 TIME_SYNCED utc=1785070463 offset=1785062474
2026-07-26T12:54:25.044850+00:00 PHASE_RESULT 36 LF-LoRa-SF12-32 pktSize=32 rx=0 unique=0 lost=1 per=100.0 rssi_avg=0 rssi_min=0 crc_err=0 garbage=0 tx_lat=0.00000 tx_lon=0.00000 sats=0 fix=0 utc=0 tx_fw=none rx_fw=unknown
PHASE_GUARD 500
LORA_CFG path=0 bw=0x05 sf=12
2026-07-26T12:54:26.048299+00:00 PHASE_START 37 LF-LoRa-SF12-SKIP SKIP pktSize=64
TIME_SYNCED utc=1785070465 offset=1785062474
PHASE_RESULT 37 LF-LoRa-SF12-SKIP pktSize=64 rx=0 unique=0 lost=0 per=0.0 rssi_avg=0 rssi_min=0 crc_err=0 garbage=0 tx_lat=0.00000 tx_lon=0.00000 sats=0 fix=0 utc=0 tx_fw=none rx_fw=unknown
PHASE_GUARD 500
LORA_CFG path=0 bw=0x05 sf=12
2026-07-26T12:54:27.065342+00:00 PHASE_START 38 LF-LoRa-SF12-SKIP SKIP pktSize=128
PHASE_RESULT 38 LF-LoRa-SF12-SKIP pktSize=128 rx=0 unique=0 lost=0 per=0.0 rssi_avg=0 rssi_min=0 crc_err=0 garbage=0 tx_lat=0.00000 tx_lon=0.00000 sats=0 fix=0 utc=0 tx_fw=none rx_fw=unknown
PHASE_GUARD 500
LORA_CFG path=0 bw=0x05 sf=12
PHASE_START 39 LF-LoRa-SF12-SKIP SKIP pktSize=255
2026-07-26T12:54:28.074930+00:00 PHASE_RESULT 39 LF-LoRa-SF12-SKIP pktSize=255 rx=0 unique=0 lost=0 per=0.0 rssi_avg=0 rssi_min=0 crc_err=0 garbage=0 tx_lat=0.00000 tx_lon=0.00000 sats=0 fix=0 utc=0 tx_fw=none rx_fw=unknown
PHASE_GUARD 500
PHASE_START 40 LF-FLRC-2600-32 pktSize=32
2026-07-26T12:54:29.084857+00:00 SYNC_NOT_FOUND first4=25E29519
2026-07-26T12:54:30.099801+00:00 SYNC_NOT_FOUND first4=CDDF2389
PHASE_RESULT 40 LF-FLRC-2600-32 pktSize=32 rx=0 unique=0 lost=100 per=100.0 rssi_avg=0 rssi_min=0 crc_err=0 garbage=2 tx_lat=0.00000 tx_lon=0.00000 sats=0 fix=0 utc=0 tx_fw=none rx_fw=unknown
PHASE_GUARD 500
PHASE_START 41 LF-FLRC-2600-64 pktSize=64
2026-07-26T12:54:32.157663+00:00 PHASE_RESULT 41 LF-FLRC-2600-64 pktSize=64 rx=0 unique=0 lost=100 per=100.0 rssi_avg=0 rssi_min=0 crc_err=0 garbage=0 tx_lat=0.00000 tx_lon=0.00000 sats=0 fix=0 utc=0 tx_fw=none rx_fw=unknown
PHASE_GUARD 500
PHASE_START 42 LF-FLRC-2600-128 pktSize=128
2026-07-26T12:54:33.165350+00:00 SYNC_NOT_FOUND first4=4933C74C
SYNC_NOT_FOUND first4=EFD1F82A
TIME_SYNCED utc=1785070473 offset=1785062474
2026-07-26T12:54:34.176542+00:00 PHASE_RESULT 42 LF-FLRC-2600-128 pktSize=128 rx=0 unique=0 lost=100 per=100.0 rssi_avg=0 rssi_min=0 crc_err=0 garbage=2 tx_lat=0.00000 tx_lon=0.00000 sats=0 fix=0 utc=0 tx_fw=none rx_fw=unknown
PHASE_GUARD 500
PHASE_START 43 LF-FLRC-2600-255 pktSize=255
2026-07-26T12:54:35.188006+00:00 SYNC_NOT_FOUND first4=F6BA2044
2026-07-26T12:54:36.199290+00:00 TIME_SYNCED utc=1785070475 offset=1785062474
PHASE_RESULT 43 LF-FLRC-2600-255 pktSize=255 rx=0 unique=0 lost=100 per=100.0 rssi_avg=0 rssi_min=0 crc_err=0 garbage=1 tx_lat=0.00000 tx_lon=0.00000 sats=0 fix=0 utc=0 tx_fw=none rx_fw=unknown
PHASE_GUARD 500
PHASE_START 44 LF-FLRC-1300-32 pktSize=32
2026-07-26T12:54:38.254352+00:00 PHASE_RESULT 44 LF-FLRC-1300-32 pktSize=32 rx=0 unique=0 lost=100 per=100.0 rssi_avg=0 rssi_min=0 crc_err=0 garbage=0 tx_lat=0.00000 tx_lon=0.00000 sats=0 fix=0 utc=0 tx_fw=none rx_fw=unknown
PHASE_GUARD 500
PHASE_START 45 LF-FLRC-1300-64 pktSize=64
2026-07-26T12:54:40.309645+00:00 PHASE_RESULT 45 LF-FLRC-1300-64 pktSize=64 rx=0 unique=0 lost=100 per=100.0 rssi_avg=0 rssi_min=0 crc_err=0 garbage=0 tx_lat=0.00000 tx_lon=0.00000 sats=0 fix=0 utc=0 tx_fw=none rx_fw=unknown
PHASE_GUARD 500
PHASE_START 46 LF-FLRC-1300-128 pktSize=128
2026-07-26T12:54:42.367963+00:00 PHASE_RESULT 46 LF-FLRC-1300-128 pktSize=128 rx=0 unique=0 lost=100 per=100.0 rssi_avg=0 rssi_min=0 crc_err=0 garbage=0 tx_lat=0.00000 tx_lon=0.00000 sats=0 fix=0 utc=0 tx_fw=none rx_fw=unknown
PHASE_GUARD 500
PHASE_START 47 LF-FLRC-1300-255 pktSize=255
2026-07-26T12:54:43.380137+00:00 TIME_SYNCED utc=1785070483 offset=1785062474
2026-07-26T12:54:44.391195+00:00 PHASE_RESULT 47 LF-FLRC-1300-255 pktSize=255 rx=0 unique=0 lost=100 per=100.0 rssi_avg=0 rssi_min=0 crc_err=0 garbage=0 tx_lat=0.00000 tx_lon=0.00000 sats=0 fix=0 utc=0 tx_fw=none rx_fw=unknown
PHASE_GUARD 500
PHASE_START 48 LF-FLRC-650-32 pktSize=32
2026-07-26T12:54:46.449907+00:00 TIME_SYNCED utc=1785070485 offset=1785062474
PHASE_RESULT 48 LF-FLRC-650-32 pktSize=32 rx=0 unique=0 lost=100 per=100.0 rssi_avg=0 rssi_min=0 crc_err=0 garbage=0 tx_lat=0.00000 tx_lon=0.00000 sats=0 fix=0 utc=0 tx_fw=none rx_fw=unknown
PHASE_GUARD 500
PHASE_START 49 LF-FLRC-650-64 pktSize=64
2026-07-26T12:54:47.462017+00:00 SYNC_NOT_FOUND first4=B4D57EA9
2026-07-26T12:54:48.473336+00:00 SYNC_NOT_FOUND first4=EF4E6094
PHASE_RESULT 49 LF-FLRC-650-64 pktSize=64 rx=0 unique=0 lost=100 per=100.0 rssi_avg=0 rssi_min=0 crc_err=0 garbage=2 tx_lat=0.00000 tx_lon=0.00000 sats=0 fix=0 utc=0 tx_fw=none rx_fw=unknown
PHASE_GUARD 500
PHASE_START 50 LF-FLRC-650-128 pktSize=128
2026-07-26T12:54:50.535174+00:00 SYNC_NOT_FOUND first4=950106B7
SYNC_NOT_FOUND first4=506186B7
PHASE_RESULT 50 LF-FLRC-650-128 pktSize=128 rx=0 unique=0 lost=100 per=100.0 rssi_avg=0 rssi_min=0 crc_err=0 garbage=2 tx_lat=0.00000 tx_lon=0.00000 sats=0 fix=0 utc=0 tx_fw=none rx_fw=unknown
PHASE_GUARD 500
PHASE_START 51 LF-FLRC-650-255 pktSize=255
2026-07-26T12:54:51.546902+00:00 SYNC_NOT_FOUND first4=B1101343
SYNC_NOT_FOUND first4=C275DB79
2026-07-26T12:54:52.558850+00:00 PHASE_RESULT 51 LF-FLRC-650-255 pktSize=255 rx=0 unique=0 lost=100 per=100.0 rssi_avg=0 rssi_min=0 crc_err=0 garbage=2 tx_lat=0.00000 tx_lon=0.00000 sats=0 fix=0 utc=0 tx_fw=none rx_fw=unknown
PHASE_GUARD 500
PHASE_START 52 LF-FLRC-325-32 pktSize=32
2026-07-26T12:54:53.570359+00:00 TIME_SYNCED utc=1785070493 offset=1785062474
2026-07-26T12:54:54.581338+00:00 SYNC_NOT_FOUND first4=4104A97C
PHASE_RESULT 52 LF-FLRC-325-32 pktSize=32 rx=0 unique=0 lost=100 per=100.0 rssi_avg=0 rssi_min=0 crc_err=0 garbage=1 tx_lat=0.00000 tx_lon=0.00000 sats=0 fix=0 utc=0 tx_fw=none rx_fw=unknown
PHASE_GUARD 500
PHASE_START 53 LF-FLRC-325-64 pktSize=64
2026-07-26T12:54:56.643290+00:00 TIME_SYNCED utc=1785070495 offset=1785062474
PHASE_RESULT 53 LF-FLRC-325-64 pktSize=64 rx=0 unique=0 lost=100 per=100.0 rssi_avg=0 rssi_min=0 crc_err=0 garbage=0 tx_lat=0.00000 tx_lon=0.00000 sats=0 fix=0 utc=0 tx_fw=none rx_fw=unknown
PHASE_GUARD 500
PHASE_START 54 LF-FLRC-325-128 pktSize=128
2026-07-26T12:54:58.706447+00:00 PHASE_RESULT 54 LF-FLRC-325-128 pktSize=128 rx=0 unique=0 lost=100 per=100.0 rssi_avg=0 rssi_min=0 crc_err=0 garbage=0 tx_lat=0.00000 tx_lon=0.00000 sats=0 fix=0 utc=0 tx_fw=none rx_fw=unknown
PHASE_GUARD 500
PHASE_START 55 LF-FLRC-325-255 pktSize=255
2026-07-26T12:55:00.769654+00:00 PHASE_RESULT 55 LF-FLRC-325-255 pktSize=255 rx=0 unique=0 lost=100 per=100.0 rssi_avg=0 rssi_min=0 crc_err=0 garbage=0 tx_lat=0.00000 tx_lon=0.00000 sats=0 fix=0 utc=0 tx_fw=none rx_fw=unknown
PHASE_GUARD 500
LORA_CFG path=1 bw=0x0F sf=7
PHASE_START 0 HF-LoRa-SF7-32 pktSize=32
2026-07-26T12:55:02.841295+00:00 PHASE_RESULT 0 HF-LoRa-SF7-32 pktSize=32 rx=0 unique=0 lost=20 per=100.0 rssi_avg=0 rssi_min=0 crc_err=0 garbage=0 tx_lat=0.00000 tx_lon=0.00000 sats=0 fix=0 utc=0 tx_fw=none rx_fw=unknown
PHASE_GUARD 500
LORA_CFG path=1 bw=0x0F sf=7
PHASE_START 1 HF-LoRa-SF7-64 pktSize=64
2026-07-26T12:55:03.852354+00:00 TIME_SYNCED utc=1785070503 offset=1785062474
2026-07-26T12:55:04.864294+00:00 PHASE_RESULT 1 HF-LoRa-SF7-64 pktSize=64 rx=0 unique=0 lost=20 per=100.0 rssi_avg=0 rssi_min=0 crc_err=0 garbage=0 tx_lat=0.00000 tx_lon=0.00000 sats=0 fix=0 utc=0 tx_fw=none rx_fw=unknown
PHASE_GUARD 500
LORA_CFG path=1 bw=0x0F sf=7
PHASE_START 2 HF-LoRa-SF7-128 pktSize=128
2026-07-26T12:55:06.929682+00:00 PHASE_RESULT 2 HF-LoRa-SF7-128 pktSize=128 rx=0 unique=0 lost=20 per=100.0 rssi_avg=0 rssi_min=0 crc_err=0 garbage=0 tx_lat=0.00000 tx_lon=0.00000 sats=0 fix=0 utc=0 tx_fw=none rx_fw=unknown
PHASE_GUARD 500
LORA_CFG path=1 bw=0x0F sf=7
PHASE_START 3 HF-LoRa-SF7-255 pktSize=255
TIME_SYNCED utc=1785070505 offset=1785062473
PHASE_RESULT 3 HF-LoRa-SF7-255 pktSize=255 rx=0 unique=0 lost=20 per=100.0 rssi_avg=0 rssi_min=0 crc_err=0 garbage=0 tx_lat=0.00000 tx_lon=0.00000 sats=0 fix=0 utc=0 tx_fw=none rx_fw=unknown
PHASE_GUARD 500
LORA_CFG path=1 bw=0x0F sf=7
PHASE_START 2 HF-LoRa-SF7-128 pktSize=128
PHASE_RESULT 2 HF-LoRa-SF7-128 pktSize=128 rx=0 unique=0 lost=20 per=100.0 rssi_avg=0 rssi_min=0 crc_err=0 garbage=0 tx_lat=0.00000 tx_lon=0.00000 sats=0 fix=0 utc=0 tx_fw=none rx_fw=unknown
PHASE_GUARD 500
2026-07-26T12:55:07.944142+00:00 LORA_CFG path=1 bw=0x0F sf=7
PHASE_START 3 HF-LoRa-SF7-255 pktSize=255
2026-07-26T12:55:10.007241+00:00 PHASE_RESULT 3 HF-LoRa-SF7-255 pktSize=255 rx=0 unique=0 lost=20 per=100.0 rssi_avg=0 rssi_min=0 crc_err=0 garbage=0 tx_lat=0.00000 tx_lon=0.00000 sats=0 fix=0 utc=0 tx_fw=none rx_fw=unknown
PHASE_GUARD 500
LORA_CFG path=1 bw=0x0F sf=9
2026-07-26T12:55:11.019298+00:00 PHASE_START 4 HF-LoRa-SF9-32 pktSize=32
2026-07-26T12:55:12.030260+00:00 PHASE_RESULT 4 HF-LoRa-SF9-32 pktSize=32 rx=0 unique=0 lost=20 per=100.0 rssi_avg=0 rssi_min=0 crc_err=0 garbage=0 tx_lat=0.00000 tx_lon=0.00000 sats=0 fix=0 utc=0 tx_fw=none rx_fw=unknown
PHASE_GUARD 500
LORA_CFG path=1 bw=0x0F sf=9
2026-07-26T12:55:13.044352+00:00 PHASE_START 5 HF-LoRa-SF9-64 pktSize=64
2026-07-26T12:55:14.055357+00:00 TIME_SYNCED utc=1785070513 offset=1785062474
PHASE_RESULT 5 HF-LoRa-SF9-64 pktSize=64 rx=0 unique=0 lost=20 per=100.0 rssi_avg=0 rssi_min=0 crc_err=0 garbage=0 tx_lat=0.00000 tx_lon=0.00000 sats=0 fix=0 utc=0 tx_fw=none rx_fw=unknown
PHASE_GUARD 500
LORA_CFG path=1 bw=0x0F sf=9
PHASE_START 6 HF-LoRa-SF9-128 pktSize=128
2026-07-26T12:55:17.169204+00:00 TIME_SYNCED utc=1785070516 offset=1785062474
2026-07-26T12:55:18.177994+00:00 PHASE_RESULT 6 HF-LoRa-SF9-128 pktSize=128 rx=0 unique=0 lost=13 per=100.0 rssi_avg=0 rssi_min=0 crc_err=0 garbage=0 tx_lat=0.00000 tx_lon=0.00000 sats=0 fix=0 utc=0 tx_fw=none rx_fw=unknown
PHASE_GUARD 500
LORA_CFG path=1 bw=0x0F sf=9
PHASE_START 7 HF-LoRa-SF9-255 pktSize=255
2026-07-26T12:55:21.284744+00:00 PHASE_RESULT 7 HF-LoRa-SF9-255 pktSize=255 rx=0 unique=0 lost=6 per=100.0 rssi_avg=0 rssi_min=0 crc_err=0 garbage=0 tx_lat=0.00000 tx_lon=0.00000 sats=0 fix=0 utc=0 tx_fw=none rx_fw=unknown
PHASE_GUARD 500
LORA_CFG path=1 bw=0x0F sf=12
PHASE_START 8 HF-LoRa-SF12-32 pktSize=32
2026-07-26T12:55:23.347199+00:00 TIME_SYNCED utc=1785070523 offset=1785062474
2026-07-26T12:55:24.359334+00:00 PHASE_RESULT 8 HF-LoRa-SF12-32 pktSize=32 rx=0 unique=0 lost=2 per=100.0 rssi_avg=0 rssi_min=0 crc_err=0 garbage=0 tx_lat=0.00000 tx_lon=0.00000 sats=0 fix=0 utc=0 tx_fw=none rx_fw=unknown
PHASE_GUARD 500
LORA_CFG path=1 bw=0x0F sf=12
PHASE_START 9 HF-LoRa-SF12-64 pktSize=64
2026-07-26T12:55:27.472232+00:00 TIME_SYNCED utc=1785070526 offset=1785062474
PHASE_RESULT 9 HF-LoRa-SF12-64 pktSize=64 rx=0 unique=0 lost=1 per=100.0 rssi_avg=0 rssi_min=0 crc_err=0 garbage=0 tx_lat=0.00000 tx_lon=0.00000 sats=0 fix=0 utc=0 tx_fw=none rx_fw=unknown
PHASE_GUARD 500
LORA_CFG path=1 bw=0x0F sf=12
PHASE_START 10 HF-LoRa-SF12-128 pktSize=128
2026-07-26T12:55:32.688605+00:00 PHASE_RESULT 10 HF-LoRa-SF12-128 pktSize=128 rx=0 unique=0 lost=1 per=100.0 rssi_avg=0 rssi_min=0 crc_err=0 garbage=0 tx_lat=0.00000 tx_lon=0.00000 sats=0 fix=0 utc=0 tx_fw=none rx_fw=unknown
PHASE_GUARD 500
LORA_CFG path=1 bw=0x0F sf=12
PHASE_START 11 HF-LoRa-SF12-255 pktSize=255
2026-07-26T12:55:33.700914+00:00 TIME_SYNCED utc=1785070533 offset=1785062474
2026-07-26T12:55:37.866227+00:00 TIME_SYNCED utc=1785070536 offset=1785062474
2026-07-26T12:55:42.030706+00:00 PHASE_RESULT 11 HF-LoRa-SF12-255 pktSize=255 rx=0 unique=0 lost=1 per=100.0 rssi_avg=0 rssi_min=0 crc_err=0 garbage=0 tx_lat=0.00000 tx_lon=0.00000 sats=0 fix=0 utc=0 tx_fw=none rx_fw=unknown
PHASE_GUARD 500
2026-07-26T12:55:43.034089+00:00 PHASE_START 12 HF-FLRC-2600-32 pktSize=32
SYNC_NOT_FOUND first4=7FDAF58A
2026-07-26T12:55:44.045333+00:00 SYNC_NOT_FOUND first4=5E9459DB
SYNC_NOT_FOUND first4=560E50C4
TIME_SYNCED utc=1785070543 offset=1785062474
SYNC_NOT_FOUND first4=3331F274
SYNC_NOT_FOUND first4=55D3D734
SYNC_NOT_FOUND first4=418A6C88
SYNC_NOT_FOUND first4=1D382F90
SYNC_NOT_FOUND first4=9A4CF74F
SYNC_NOT_FOUND first4=6EC9F144
PHASE_RESULT 12 HF-FLRC-2600-32 pktSize=32 rx=0 unique=0 lost=100 per=100.0 rssi_avg=0 rssi_min=0 crc_err=0 garbage=9 tx_lat=0.00000 tx_lon=0.00000 sats=0 fix=0 utc=0 tx_fw=none rx_fw=unknown
PHASE_GUARD 500
2026-07-26T12:55:45.056121+00:00 PHASE_START 13 HF-FLRC-2600-64 pktSize=64
SYNC_NOT_FOUND first4=5028C311
SYNC_NOT_FOUND first4=D7AD6830
SYNC_NOT_FOUND first4=2B1030D0
SYNC_NOT_FOUND first4=CF950892
SYNC_NOT_FOUND first4=9AB78801
SYNC_NOT_FOUND first4=B52E7E42
SYNC_NOT_FOUND first4=8E1BB70C
SYNC_NOT_FOUND first4=1DD8B1F0
2026-07-26T12:55:46.066526+00:00 SYNC_NOT_FOUND first4=602BB521
SYNC_NOT_FOUND first4=04C4974E
SYNC_NOT_FOUND first4=22D36A3C
SYNC_NOT_FOUND first4=7BCD092E
SYNC_NOT_FOUND first4=423EA384
SYNC_NOT_FOUND first4=2AB5C2EA
PHASE_RESULT 13 HF-FLRC-2600-64 pktSize=64 rx=0 unique=0 lost=100 per=100.0 rssi_avg=0 rssi_min=0 crc_err=0 garbage=14 tx_lat=0.00000 tx_lon=0.00000 sats=0 fix=0 utc=0 tx_fw=none rx_fw=unknown
PHASE_GUARD 500
PHASE_START 14 HF-FLRC-2600-128 pktSize=128
2026-07-26T12:55:47.077561+00:00 SYNC_NOT_FOUND first4=624B7B4A
SYNC_NOT_FOUND first4=B5217FCA
SYNC_NOT_FOUND first4=59429D34
SYNC_NOT_FOUND first4=02947E45
SYNC_NOT_FOUND first4=9003218C
SYNC_NOT_FOUND first4=9DD56225
SYNC_NOT_FOUND first4=AC1C114D
SYNC_NOT_FOUND first4=04D966D2
SYNC_NOT_FOUND first4=783FDA8D
2026-07-26T12:55:48.089060+00:00 TIME_SYNCED utc=1785070547 offset=1785062474
SYNC_NOT_FOUND first4=C1D4524C
SYNC_NOT_FOUND first4=53C5420E
SYNC_NOT_FOUND first4=62CF20BB
SYNC_NOT_FOUND first4=C54C4673
SYNC_NOT_FOUND first4=6D263C21
SYNC_NOT_FOUND first4=626AC55A
PHASE_RESULT 14 HF-FLRC-2600-128 pktSize=128 rx=0 unique=0 lost=100 per=100.0 rssi_avg=0 rssi_min=0 crc_err=0 garbage=15 tx_lat=0.00000 tx_lon=0.00000 sats=0 fix=0 utc=0 tx_fw=none rx_fw=unknown
PHASE_GUARD 500
PHASE_START 15 HF-FLRC-2600-255 pktSize=255
2026-07-26T12:55:49.100444+00:00 SYNC_NOT_FOUND first4=F7AE13AA
SYNC_NOT_FOUND first4=60C99331
SYNC_NOT_FOUND first4=1B963CD8
SYNC_NOT_FOUND first4=4773DD4A
SYNC_NOT_FOUND first4=459B7DBB
SYNC_NOT_FOUND first4=BF650510
SYNC_NOT_FOUND first4=98132E8E
SYNC_NOT_FOUND first4=C8B94BE3
SYNC_NOT_FOUND first4=207A0579
SYNC_NOT_FOUND first4=DE743AC8
2026-07-26T12:55:50.111009+00:00 SYNC_NOT_FOUND first4=7ED3EB8D
SYNC_NOT_FOUND first4=2F2CE956
PHASE_RESULT 15 HF-FLRC-2600-255 pktSize=255 rx=0 unique=0 lost=100 per=100.0 rssi_avg=0 rssi_min=0 crc_err=0 garbage=12 tx_lat=0.00000 tx_lon=0.00000 sats=0 fix=0 utc=0 tx_fw=none rx_fw=unknown
PHASE_GUARD 500
PHASE_START 16 HF-FLRC-1300-32 pktSize=32
2026-07-26T12:55:51.121477+00:00 SYNC_NOT_FOUND first4=89FD2C44
SYNC_NOT_FOUND first4=67E3649A
SYNC_NOT_FOUND first4=E552FA80
SYNC_NOT_FOUND first4=5C04DF27
SYNC_NOT_FOUND first4=CDE80489
SYNC_NOT_FOUND first4=CF1382A5
2026-07-26T12:55:52.132180+00:00 SYNC_NOT_FOUND first4=83DDC696
SYNC_NOT_FOUND first4=6521E883
PHASE_RESULT 16 HF-FLRC-1300-32 pktSize=32 rx=0 unique=0 lost=100 per=100.0 rssi_avg=0 rssi_min=0 crc_err=0 garbage=8 tx_lat=0.00000 tx_lon=0.00000 sats=0 fix=0 utc=0 tx_fw=none rx_fw=unknown
PHASE_GUARD 500
PHASE_START 17 HF-FLRC-1300-64 pktSize=64
SYNC_NOT_FOUND first4=DA04DE0B
2026-07-26T12:55:53.135616+00:00 SYNC_NOT_FOUND first4=BAA4E098
2026-07-26T12:55:54.149829+00:00 TIME_SYNCED utc=1785070553 offset=1785062474
SYNC_NOT_FOUND first4=45B9BDA8
SYNC_NOT_FOUND first4=E66A01B8
SYNC_NOT_FOUND first4=355FD6A0
PHASE_RESULT 17 HF-FLRC-1300-64 pktSize=64 rx=0 unique=0 lost=100 per=100.0 rssi_avg=0 rssi_min=0 crc_err=0 garbage=5 tx_lat=0.00000 tx_lon=0.00000 sats=0 fix=0 utc=0 tx_fw=none rx_fw=unknown
PHASE_GUARD 500
PHASE_START 18 HF-FLRC-1300-128 pktSize=128
2026-07-26T12:55:55.153199+00:00 SYNC_NOT_FOUND first4=0B441DE0
2026-07-26T12:55:56.156650+00:00 SYNC_NOT_FOUND first4=509F4837
SYNC_NOT_FOUND first4=3806B67A
PHASE_RESULT 18 HF-FLRC-1300-128 pktSize=128 rx=0 unique=0 lost=100 per=100.0 rssi_avg=0 rssi_min=0 crc_err=0 garbage=3 tx_lat=0.00000 tx_lon=0.00000 sats=0 fix=0 utc=0 tx_fw=none rx_fw=unknown
PHASE_GUARD 500
PHASE_START 19 HF-FLRC-1300-255 pktSize=255
2026-07-26T12:55:57.167298+00:00 SYNC_NOT_FOUND first4=3F5CF089
SYNC_NOT_FOUND first4=176B60A9
2026-07-26T12:55:58.178360+00:00 TIME_SYNCED utc=1785070557 offset=1785062474
PHASE_RESULT 19 HF-FLRC-1300-255 pktSize=255 rx=0 unique=0 lost=100 per=100.0 rssi_avg=0 rssi_min=0 crc_err=0 garbage=2 tx_lat=0.00000 tx_lon=0.00000 sats=0 fix=0 utc=0 tx_fw=none rx_fw=unknown
PHASE_GUARD 500
PHASE_START 20 HF-FLRC-650-32 pktSize=32
SYNC_NOT_FOUND first4=51884A4D
SYNC_NOT_FOUND first4=EDE1B4D1
2026-07-26T12:55:59.192145+00:00 SYNC_NOT_FOUND first4=7B547764
SYNC_NOT_FOUND first4=B54320CF
SYNC_NOT_FOUND first4=AFF2A6AB
SYNC_NOT_FOUND first4=2195902D
SYNC_NOT_FOUND first4=19CAE8D2
SYNC_NOT_FOUND first4=AC48D3FD
SYNC_NOT_FOUND first4=B5A7403D
SYNC_NOT_FOUND first4=0AFB1C4F
SYNC_NOT_FOUND first4=60E48329
SYNC_NOT_FOUND first4=45570304
SYNC_NOT_FOUND first4=83FD320C
SYNC_NOT_FOUND first4=37040C50
SYNC_NOT_FOUND first4=22566D75
SYNC_NOT_FOUND first4=A56353D5
SYNC_NOT_FOUND first4=C664B117
SYNC_NOT_FOUND first4=0512B807
SYNC_NOT_FOUND first4=FD08535C
SYNC_NOT_FOUND first4=54D570B7
SYNC_NOT_FOUND first4=374C978A
SYNC_NOT_FOUND first4=4E8C56EA
SYNC_NOT_FOUND first4=25B9CD07
2026-07-26T12:56:00.203234+00:00 SYNC_NOT_FOUND first4=0EED467E
SYNC_NOT_FOUND first4=85318678
SYNC_NOT_FOUND first4=289D5064
SYNC_NOT_FOUND first4=D0665A0D
SYNC_NOT_FOUND first4=3A2DF4F0
SYNC_NOT_FOUND first4=1FE8734E
SYNC_NOT_FOUND first4=AC8E3C54
SYNC_NOT_FOUND first4=EA58148E
SYNC_NOT_FOUND first4=31DE6C1A
SYNC_NOT_FOUND first4=3DA7510C
SYNC_NOT_FOUND first4=97602D26
SYNC_NOT_FOUND first4=D64E0D57
SYNC_NOT_FOUND first4=FFFAB38B
SYNC_NOT_FOUND first4=10674A04
SYNC_NOT_FOUND first4=74B890FA
SYNC_NOT_FOUND first4=DCC64824
PHASE_RESULT 20 HF-FLRC-650-32 pktSize=32 rx=0 unique=0 lost=100 per=100.0 rssi_avg=0 rssi_min=0 crc_err=0 garbage=39 tx_lat=0.00000 tx_lon=0.00000 sats=0 fix=0 utc=0 tx_fw=none rx_fw=unknown
PHASE_GUARD 500
PHASE_START 21 HF-FLRC-650-64 pktSize=64
SYNC_NOT_FOUND first4=E78F13C2
SYNC_NOT_FOUND first4=A8775AE4
SYNC_NOT_FOUND first4=26A7F386
2026-07-26T12:56:01.214297+00:00 SYNC_NOT_FOUND first4=BB65E1D1
SYNC_NOT_FOUND first4=4F8ACCD1
SYNC_NOT_FOUND first4=FE306CCA
SYNC_NOT_FOUND first4=0422F994
SYNC_NOT_FOUND first4=406DA947
SYNC_NOT_FOUND first4=36FE30DC
SYNC_NOT_FOUND first4=98072539
SYNC_NOT_FOUND first4=6FAF6301
SYNC_NOT_FOUND first4=0B0673A6
SYNC_NOT_FOUND first4=7B0ED8F5
SYNC_NOT_FOUND first4=902A6002
SYNC_NOT_FOUND first4=7771A58C
SYNC_NOT_FOUND first4=A89544A2
SYNC_NOT_FOUND first4=FE79342C
SYNC_NOT_FOUND first4=491A747E
SYNC_NOT_FOUND first4=9A29B2EF
SYNC_NOT_FOUND first4=10E1AB8F
SYNC_NOT_FOUND first4=A37338A9
SYNC_NOT_FOUND first4=78D6753A
SYNC_NOT_FOUND first4=C2EC3A3F
SYNC_NOT_FOUND first4=91DA30A0
SYNC_NOT_FOUND first4=9600358D
2026-07-26T12:56:02.228607+00:00 SYNC_NOT_FOUND first4=26A4B114
SYNC_NOT_FOUND first4=52B8D2AF
SYNC_NOT_FOUND first4=F575F41F
SYNC_NOT_FOUND first4=0FA80836
SYNC_NOT_FOUND first4=50880840
SYNC_NOT_FOUND first4=CE4F34F9
SYNC_NOT_FOUND first4=AB631C6A
PHASE_RESULT 21 HF-FLRC-650-64 pktSize=64 rx=0 unique=0 lost=100 per=100.0 rssi_avg=0 rssi_min=0 crc_err=0 garbage=32 tx_lat=0.00000 tx_lon=0.00000 sats=0 fix=0 utc=0 tx_fw=none rx_fw=unknown
PHASE_GUARD 500
PHASE_START 22 HF-FLRC-650-128 pktSize=128
SYNC_NOT_FOUND first4=242502A8
SYNC_NOT_FOUND first4=00914B37
SYNC_NOT_FOUND first4=808C0489
SYNC_NOT_FOUND first4=C72F69C7
SYNC_NOT_FOUND first4=93CDB5AE
SYNC_NOT_FOUND first4=FE70FF4A
2026-07-26T12:56:03.239263+00:00 SYNC_NOT_FOUND first4=5FA63B9C
SYNC_NOT_FOUND first4=A12E7BE6
SYNC_NOT_FOUND first4=8157BDE1
SYNC_NOT_FOUND first4=71B05D2D
SYNC_NOT_FOUND first4=5E353AAC
SYNC_NOT_FOUND first4=33ED2807
SYNC_NOT_FOUND first4=46CCF607
SYNC_NOT_FOUND first4=DE42FC22
SYNC_NOT_FOUND first4=A598E4F9
SYNC_NOT_FOUND first4=D0A89956
SYNC_NOT_FOUND first4=B424B033
SYNC_NOT_FOUND first4=0F26D64B
SYNC_NOT_FOUND first4=33E438FD
SYNC_NOT_FOUND first4=982513B5
SYNC_NOT_FOUND first4=79F1CB81
SYNC_NOT_FOUND first4=9C0147CD
SYNC_NOT_FOUND first4=AE7428F7
SYNC_NOT_FOUND first4=BD5FB7D1
SYNC_NOT_FOUND first4=F5EAAFA4
2026-07-26T12:56:04.250782+00:00 SYNC_NOT_FOUND first4=A1840CA7
SYNC_NOT_FOUND first4=53C3B2B0
SYNC_NOT_FOUND first4=6B29E30F
TIME_SYNCED utc=1785070563 offset=1785062474
SYNC_NOT_FOUND first4=595E41BC
SYNC_NOT_FOUND first4=7D65BB8F
SYNC_NOT_FOUND first4=08705106
SYNC_NOT_FOUND first4=7795915E
SYNC_NOT_FOUND first4=0555CB4D
SYNC_NOT_FOUND first4=3EBDAA4D
SYNC_NOT_FOUND first4=2779A947
SYNC_NOT_FOUND first4=92ED1E7E
PHASE_RESULT 22 HF-FLRC-650-128 pktSize=128 rx=0 unique=0 lost=100 per=100.0 rssi_avg=0 rssi_min=0 crc_err=0 garbage=36 tx_lat=0.00000 tx_lon=0.00000 sats=0 fix=0 utc=0 tx_fw=none rx_fw=unknown
PHASE_GUARD 500
PHASE_START 23 HF-FLRC-650-255 pktSize=255
SYNC_NOT_FOUND first4=EB7FF14E
SYNC_NOT_FOUND first4=783566CA
SYNC_NOT_FOUND first4=B801B50F
SYNC_NOT_FOUND first4=49747F46
2026-07-26T12:56:05.261200+00:00 SYNC_NOT_FOUND first4=DC04F1E5
SYNC_NOT_FOUND first4=09B65140
SYNC_NOT_FOUND first4=1D20430A
SYNC_NOT_FOUND first4=9704E9DD
SYNC_NOT_FOUND first4=212A5450
SYNC_NOT_FOUND first4=5FF754A2
SYNC_NOT_FOUND first4=AFC012BF
SYNC_NOT_FOUND first4=DC9ACC84
SYNC_NOT_FOUND first4=C448B76F
SYNC_NOT_FOUND first4=85C2F439
SYNC_NOT_FOUND first4=FD248736
SYNC_NOT_FOUND first4=ED06269E
SYNC_NOT_FOUND first4=2B448DF5
SYNC_NOT_FOUND first4=0AD24354
SYNC_NOT_FOUND first4=05975A76
SYNC_NOT_FOUND first4=FCB955C9
SYNC_NOT_FOUND first4=80D542F7
SYNC_NOT_FOUND first4=40EE3BCC
SYNC_NOT_FOUND first4=4DBF26D7
SYNC_NOT_FOUND first4=A4EBC49A
SYNC_NOT_FOUND first4=24FCFF98
2026-07-26T12:56:06.271613+00:00 SYNC_NOT_FOUND first4=84C8402A
SYNC_NOT_FOUND first4=28FE6D8D
SYNC_NOT_FOUND first4=D755317C
SYNC_NOT_FOUND first4=23223EE6
SYNC_NOT_FOUND first4=4A797AAE
PHASE_RESULT 23 HF-FLRC-650-255 pktSize=255 rx=0 unique=0 lost=100 per=100.0 rssi_avg=0 rssi_min=0 crc_err=0 garbage=30 tx_lat=0.00000 tx_lon=0.00000 sats=0 fix=0 utc=0 tx_fw=none rx_fw=unknown
PHASE_GUARD 500
PHASE_START 24 HF-FLRC-325-32 pktSize=32
SYNC_NOT_FOUND first4=8DDABB33
SYNC_NOT_FOUND first4=4E9423FE
2026-07-26T12:56:07.282366+00:00 SYNC_NOT_FOUND first4=CC9161B4
SYNC_NOT_FOUND first4=F67E69CC
2026-07-26T12:56:08.293077+00:00 TIME_SYNCED utc=1785070567 offset=1785062474
SYNC_NOT_FOUND first4=537071B7
PHASE_RESULT 24 HF-FLRC-325-32 pktSize=32 rx=0 unique=0 lost=100 per=100.0 rssi_avg=0 rssi_min=0 crc_err=0 garbage=5 tx_lat=0.00000 tx_lon=0.00000 sats=0 fix=0 utc=0 tx_fw=none rx_fw=unknown
PHASE_GUARD 500
PHASE_START 25 HF-FLRC-325-64 pktSize=64
2026-07-26T12:56:09.303905+00:00 SYNC_NOT_FOUND first4=EE4242DE
SYNC_NOT_FOUND first4=F0AEFC7E
SYNC_NOT_FOUND first4=BCD6638A
2026-07-26T12:56:10.314489+00:00 SYNC_NOT_FOUND first4=C1186A16
SYNC_NOT_FOUND first4=994E009D
PHASE_RESULT 25 HF-FLRC-325-64 pktSize=64 rx=0 unique=0 lost=100 per=100.0 rssi_avg=0 rssi_min=0 crc_err=0 garbage=5 tx_lat=0.00000 tx_lon=0.00000 sats=0 fix=0 utc=0 tx_fw=none rx_fw=unknown
PHASE_GUARD 500
PHASE_START 26 HF-FLRC-325-128 pktSize=128
SYNC_NOT_FOUND first4=591DC577
SYNC_NOT_FOUND first4=5D4572D5
SYNC_NOT_FOUND first4=407B9D9C
2026-07-26T12:56:11.325203+00:00 SYNC_NOT_FOUND first4=077A0209
SYNC_NOT_FOUND first4=F0771356
SYNC_NOT_FOUND first4=31B57C28
SYNC_NOT_FOUND first4=8D45C36F
2026-07-26T12:56:12.335940+00:00 SYNC_NOT_FOUND first4=C740CD66
SYNC_NOT_FOUND first4=04DB502E
SYNC_NOT_FOUND first4=518C60C7
PHASE_RESULT 26 HF-FLRC-325-128 pktSize=128 rx=0 unique=0 lost=100 per=100.0 rssi_avg=0 rssi_min=0 crc_err=0 garbage=10 tx_lat=0.00000 tx_lon=0.00000 sats=0 fix=0 utc=0 tx_fw=none rx_fw=unknown
PHASE_GUARD 500
PHASE_START 27 HF-FLRC-325-255 pktSize=255
2026-07-26T12:56:13.346509+00:00 SYNC_NOT_FOUND first4=E036D2AA
TIME_SYNCED utc=1785070573 offset=1785062474
2026-07-26T12:56:14.357200+00:00 SYNC_NOT_FOUND first4=24E53EF8
PHASE_RESULT 27 HF-FLRC-325-255 pktSize=255 rx=0 unique=0 lost=100 per=100.0 rssi_avg=0 rssi_min=0 crc_err=0 garbage=2 tx_lat=0.00000 tx_lon=0.00000 sats=0 fix=0 utc=0 tx_fw=none rx_fw=unknown
PHASE_GUARD 500
LORA_CFG path=0 bw=0x05 sf=7
PHASE_START 28 LF-LoRa-SF7-32 pktSize=32
2026-07-26T12:56:16.419712+00:00 PHASE_RESULT 28 LF-LoRa-SF7-32 pktSize=32 rx=0 unique=0 lost=20 per=100.0 rssi_avg=0 rssi_min=0 crc_err=0 garbage=0 tx_lat=0.00000 tx_lon=0.00000 sats=0 fix=0 utc=0 tx_fw=none rx_fw=unknown
PHASE_GUARD 500
LORA_CFG path=0 bw=0x05 sf=7
PHASE_START 29 LF-LoRa-SF7-64 pktSize=64
2026-07-26T12:56:18.481214+00:00 TIME_SYNCED utc=1785070577 offset=1785062474
2026-07-26T12:56:19.492034+00:00 PHASE_RESULT 29 LF-LoRa-SF7-64 pktSize=64 rx=0 unique=0 lost=20 per=100.0 rssi_avg=0 rssi_min=0 crc_err=0 garbage=0 tx_lat=0.00000 tx_lon=0.00000 sats=0 fix=0 utc=0 tx_fw=none rx_fw=unknown
PHASE_GUARD 500
LORA_CFG path=0 bw=0x05 sf=7
PHASE_START 30 LF-LoRa-SF7-128 pktSize=128
2026-07-26T12:56:23.657663+00:00 PHASE_RESULT 30 LF-LoRa-SF7-128 pktSize=128 rx=0 unique=0 lost=13 per=100.0 rssi_avg=0 rssi_min=0 crc_err=0 garbage=0 tx_lat=0.00000 tx_lon=0.00000 sats=0 fix=0 utc=0 tx_fw=none rx_fw=unknown
PHASE_GUARD 500
LORA_CFG path=0 bw=0x05 sf=7
PHASE_START 31 LF-LoRa-SF7-255 pktSize=255
TIME_SYNCED utc=1785070583 offset=1785062474
2026-07-26T12:56:27.821116+00:00 PHASE_RESULT 31 LF-LoRa-SF7-255 pktSize=255 rx=0 unique=0 lost=7 per=100.0 rssi_avg=0 rssi_min=0 crc_err=0 garbage=0 tx_lat=0.00000 tx_lon=0.00000 sats=0 fix=0 utc=0 tx_fw=none rx_fw=unknown
PHASE_GUARD 500
LORA_CFG path=0 bw=0x05 sf=9
PHASE_START 32 LF-LoRa-SF9-32 pktSize=32
2026-07-26T12:56:28.832201+00:00 TIME_SYNCED utc=1785070587 offset=1785062474
2026-07-26T12:56:31.938203+00:00 PHASE_RESULT 32 LF-LoRa-SF9-32 pktSize=32 rx=0 unique=0 lost=7 per=100.0 rssi_avg=0 rssi_min=0 crc_err=0 garbage=0 tx_lat=0.00000 tx_lon=0.00000 sats=0 fix=0 utc=0 tx_fw=none rx_fw=unknown
PHASE_GUARD 500
LORA_CFG path=0 bw=0x05 sf=9
PHASE_START 33 LF-LoRa-SF9-64 pktSize=64
2026-07-26T12:56:33.999369+00:00 TIME_SYNCED utc=1785070593 offset=1785062474
PHASE_RESULT 33 LF-LoRa-SF9-64 pktSize=64 rx=0 unique=0 lost=3 per=100.0 rssi_avg=0 rssi_min=0 crc_err=0 garbage=0 tx_lat=0.00000 tx_lon=0.00000 sats=0 fix=0 utc=0 tx_fw=none rx_fw=unknown
PHASE_GUARD 500
LORA_CFG path=0 bw=0x05 sf=9
2026-07-26T12:56:35.010993+00:00 PHASE_START 34 LF-LoRa-SF9-128 pktSize=128
2026-07-26T12:56:36.022125+00:00 PHASE_RESULT 34 LF-LoRa-SF9-128 pktSize=128 rx=0 unique=0 lost=1 per=100.0 rssi_avg=0 rssi_min=0 crc_err=0 garbage=0 tx_lat=0.00000 tx_lon=0.00000 sats=0 fix=0 utc=0 tx_fw=none rx_fw=unknown
PHASE_GUARD 500
LORA_CFG path=0 bw=0x05 sf=9
2026-07-26T12:56:37.033911+00:00 PHASE_START 35 LF-LoRa-SF9-255 pktSize=255
2026-07-26T12:56:39.097794+00:00 TIME_SYNCED utc=1785070598 offset=1785062474
2026-07-26T12:56:40.108949+00:00 PHASE_RESULT 35 LF-LoRa-SF9-255 pktSize=255 rx=0 unique=0 lost=1 per=100.0 rssi_avg=0 rssi_min=0 crc_err=0 garbage=0 tx_lat=0.00000 tx_lon=0.00000 sats=0 fix=0 utc=0 tx_fw=none rx_fw=unknown
PHASE_GUARD 500
LORA_CFG path=0 bw=0x05 sf=12
PHASE_START 36 LF-LoRa-SF12-32 pktSize=32
2026-07-26T12:56:44.275897+00:00 TIME_SYNCED utc=1785070603 offset=1785062474
2026-07-26T12:56:49.492217+00:00 TIME_SYNCED utc=1785070608 offset=1785062474
2026-07-26T12:56:53.656258+00:00 TIME_SYNCED utc=1785070613 offset=1785062474
2026-07-26T12:56:55.718355+00:00 PHASE_RESULT 36 LF-LoRa-SF12-32 pktSize=32 rx=0 unique=0 lost=1 per=100.0 rssi_avg=0 rssi_min=0 crc_err=0 garbage=0 tx_lat=0.00000 tx_lon=0.00000 sats=0 fix=0 utc=0 tx_fw=none rx_fw=unknown
PHASE_GUARD 500
LORA_CFG path=0 bw=0x05 sf=12
PHASE_START 37 LF-LoRa-SF12-SKIP SKIP pktSize=64
2026-07-26T12:56:56.730210+00:00 PHASE_RESULT 37 LF-LoRa-SF12-SKIP pktSize=64 rx=0 unique=0 lost=0 per=0.0 rssi_avg=0 rssi_min=0 crc_err=0 garbage=0 tx_lat=0.00000 tx_lon=0.00000 sats=0 fix=0 utc=0 tx_fw=none rx_fw=unknown
PHASE_GUARD 500
LORA_CFG path=0 bw=0x05 sf=12
PHASE_START 38 LF-LoRa-SF12-SKIP SKIP pktSize=128
2026-07-26T12:56:57.742150+00:00 PHASE_RESULT 38 LF-LoRa-SF12-SKIP pktSize=128 rx=0 unique=0 lost=0 per=0.0 rssi_avg=0 rssi_min=0 crc_err=0 garbage=0 tx_lat=0.00000 tx_lon=0.00000 sats=0 fix=0 utc=0 tx_fw=none rx_fw=unknown
PHASE_GUARD 500
LORA_CFG path=0 bw=0x05 sf=12
PHASE_START 39 LF-LoRa-SF12-SKIP SKIP pktSize=255
2026-07-26T12:56:58.754107+00:00 PHASE_RESULT 39 LF-LoRa-SF12-SKIP pktSize=255 rx=0 unique=0 lost=0 per=0.0 rssi_avg=0 rssi_min=0 crc_err=0 garbage=0 tx_lat=0.00000 tx_lon=0.00000 sats=0 fix=0 utc=0 tx_fw=none rx_fw=unknown
PHASE_GUARD 500
PHASE_START 40 LF-FLRC-2600-32 pktSize=32
2026-07-26T12:56:59.765692+00:00 TIME_SYNCED utc=1785070618 offset=1785062474
SYNC_NOT_FOUND first4=FD82008C
SYNC_NOT_FOUND first4=7720907D
2026-07-26T12:57:00.769693+00:00 SYNC_NOT_FOUND first4=80238388
PHASE_RESULT 40 LF-FLRC-2600-32 pktSize=32 rx=0 unique=0 lost=100 per=100.0 rssi_avg=0 rssi_min=0 crc_err=0 garbage=3 tx_lat=0.00000 tx_lon=0.00000 sats=0 fix=0 utc=0 tx_fw=none rx_fw=unknown
PHASE_GUARD 500
PHASE_START 41 LF-FLRC-2600-64 pktSize=64
2026-07-26T12:57:01.781320+00:00 SYNC_NOT_FOUND first4=1D62A4DC
2026-07-26T12:57:02.792964+00:00 PHASE_RESULT 41 LF-FLRC-2600-64 pktSize=64 rx=0 unique=0 lost=100 per=100.0 rssi_avg=0 rssi_min=0 crc_err=0 garbage=1 tx_lat=0.00000 tx_lon=0.00000 sats=0 fix=0 utc=0 tx_fw=none rx_fw=unknown
PHASE_GUARD 500
PHASE_START 42 LF-FLRC-2600-128 pktSize=128
2026-07-26T12:57:03.804207+00:00 TIME_SYNCED utc=1785070623 offset=1785062474
2026-07-26T12:57:04.815938+00:00 PHASE_RESULT 42 LF-FLRC-2600-128 pktSize=128 rx=0 unique=0 lost=100 per=100.0 rssi_avg=0 rssi_min=0 crc_err=0 garbage=0 tx_lat=0.00000 tx_lon=0.00000 sats=0 fix=0 utc=0 tx_fw=none rx_fw=unknown
PHASE_GUARD 500
PHASE_START 43 LF-FLRC-2600-255 pktSize=255
SYNC_NOT_FOUND first4=39CB8C35
2026-07-26T12:57:05.827340+00:00 SYNC_NOT_FOUND first4=B2B00F2E
2026-07-26T12:57:06.839034+00:00 PHASE_RESULT 43 LF-FLRC-2600-255 pktSize=255 rx=0 unique=0 lost=100 per=100.0 rssi_avg=0 rssi_min=0 crc_err=0 garbage=2 tx_lat=0.00000 tx_lon=0.00000 sats=0 fix=0 utc=0 tx_fw=none rx_fw=unknown
PHASE_GUARD 500
PHASE_START 44 LF-FLRC-1300-32 pktSize=32
2026-07-26T12:57:07.850512+00:00 SYNC_NOT_FOUND first4=92B2874F
2026-07-26T12:57:08.862466+00:00 PHASE_RESULT 44 LF-FLRC-1300-32 pktSize=32 rx=0 unique=0 lost=100 per=100.0 rssi_avg=0 rssi_min=0 crc_err=0 garbage=1 tx_lat=0.00000 tx_lon=0.00000 sats=0 fix=0 utc=0 tx_fw=none rx_fw=unknown
PHASE_GUARD 500
PHASE_START 45 LF-FLRC-1300-64 pktSize=64
2026-07-26T12:57:09.874113+00:00 TIME_SYNCED utc=1785070628 offset=1785062474
SYNC_NOT_FOUND first4=9E9AFBCB
2026-07-26T12:57:10.878272+00:00 PHASE_RESULT 45 LF-FLRC-1300-64 pktSize=64 rx=0 unique=0 lost=100 per=100.0 rssi_avg=0 rssi_min=0 crc_err=0 garbage=1 tx_lat=0.00000 tx_lon=0.00000 sats=0 fix=0 utc=0 tx_fw=none rx_fw=unknown
PHASE_GUARD 500
PHASE_START 46 LF-FLRC-1300-128 pktSize=128
2026-07-26T12:57:11.881794+00:00 PHASE_RESULT 46 LF-FLRC-1300-128 pktSize=128 rx=0 unique=0 lost=100 per=100.0 rssi_avg=0 rssi_min=0 crc_err=0 garbage=0 tx_lat=0.00000 tx_lon=0.00000 sats=0 fix=0 utc=0 tx_fw=none rx_fw=unknown
2026-07-26T12:57:12.893355+00:00 PHASE_GUARD 500
PHASE_START 47 LF-FLRC-1300-255 pktSize=255
2026-07-26T12:57:13.896825+00:00 TIME_SYNCED utc=1785070633 offset=1785062474
SYNC_NOT_FOUND first4=3D7F72D2
PHASE_RESULT 47 LF-FLRC-1300-255 pktSize=255 rx=0 unique=0 lost=100 per=100.0 rssi_avg=0 rssi_min=0 crc_err=0 garbage=1 tx_lat=0.00000 tx_lon=0.00000 sats=0 fix=0 utc=0 tx_fw=none rx_fw=unknown
PHASE_GUARD 500
2026-07-26T12:57:14.901203+00:00 PHASE_START 48 LF-FLRC-650-32 pktSize=32
SYNC_NOT_FOUND first4=3CA7934A
2026-07-26T12:57:15.912289+00:00 SYNC_NOT_FOUND first4=D865FB4B
SYNC_NOT_FOUND first4=6531557B
PHASE_RESULT 48 LF-FLRC-650-32 pktSize=32 rx=0 unique=0 lost=100 per=100.0 rssi_avg=0 rssi_min=0 crc_err=0 garbage=3 tx_lat=0.00000 tx_lon=0.00000 sats=0 fix=0 utc=0 tx_fw=none rx_fw=unknown
PHASE_GUARD 500
2026-07-26T12:57:16.917227+00:00 PHASE_START 49 LF-FLRC-650-64 pktSize=64
SYNC_NOT_FOUND first4=44D7EE30
SYNC_NOT_FOUND first4=FB817806
SYNC_NOT_FOUND first4=6C11DA08
2026-07-26T12:57:17.928467+00:00 SYNC_NOT_FOUND first4=12A2935F
PHASE_RESULT 49 LF-FLRC-650-64 pktSize=64 rx=0 unique=0 lost=100 per=100.0 rssi_avg=0 rssi_min=0 crc_err=0 garbage=4 tx_lat=0.00000 tx_lon=0.00000 sats=0 fix=0 utc=0 tx_fw=none rx_fw=unknown
PHASE_GUARD 500
2026-07-26T12:57:18.939700+00:00 PHASE_START 50 LF-FLRC-650-128 pktSize=128
SYNC_NOT_FOUND first4=65FA7372
SYNC_NOT_FOUND first4=AF0AB65D
SYNC_NOT_FOUND first4=1BBFE11E
SYNC_NOT_FOUND first4=DC141B6E
2026-07-26T12:57:19.950722+00:00 TIME_SYNCED utc=1785070638 offset=1785062473
SYNC_NOT_FOUND first4=D81D8336
SYNC_NOT_FOUND first4=1837C27A
2026-07-26T12:57:20.961709+00:00 SYNC_NOT_FOUND first4=F26EE4D0
PHASE_RESULT 50 LF-FLRC-650-128 pktSize=128 rx=0 unique=0 lost=100 per=100.0 rssi_avg=0 rssi_min=0 crc_err=0 garbage=7 tx_lat=0.00000 tx_lon=0.00000 sats=0 fix=0 utc=0 tx_fw=none rx_fw=unknown
PHASE_GUARD 500
2026-07-26T12:57:21.974235+00:00 PHASE_START 51 LF-FLRC-650-255 pktSize=255
2026-07-26T12:57:22.984906+00:00 SYNC_NOT_FOUND first4=F682179B
SYNC_NOT_FOUND first4=4E332C75
SYNC_NOT_FOUND first4=952124D8
PHASE_RESULT 51 LF-FLRC-650-255 pktSize=255 rx=0 unique=0 lost=100 per=100.0 rssi_avg=0 rssi_min=0 crc_err=0 garbage=3 tx_lat=0.00000 tx_lon=0.00000 sats=0 fix=0 utc=0 tx_fw=none rx_fw=unknown
PHASE_GUARD 500
2026-07-26T12:57:23.988483+00:00 PHASE_START 52 LF-FLRC-325-32 pktSize=32
TIME_SYNCED utc=1785070643 offset=1785062474
PHASE_RESULT 52 LF-FLRC-325-32 pktSize=32 rx=0 unique=0 lost=100 per=100.0 rssi_avg=0 rssi_min=0 crc_err=0 garbage=0 tx_lat=0.00000 tx_lon=0.00000 sats=0 fix=0 utc=0 tx_fw=none rx_fw=unknown
PHASE_GUARD 500
2026-07-26T12:57:25.000594+00:00 PHASE_START 53 LF-FLRC-325-64 pktSize=64
2026-07-26T12:57:26.011811+00:00 PHASE_RESULT 53 LF-FLRC-325-64 pktSize=64 rx=0 unique=0 lost=100 per=100.0 rssi_avg=0 rssi_min=0 crc_err=0 garbage=0 tx_lat=0.00000 tx_lon=0.00000 sats=0 fix=0 utc=0 tx_fw=none rx_fw=unknown
PHASE_GUARD 500
2026-07-26T12:57:27.017344+00:00 PHASE_START 54 LF-FLRC-325-128 pktSize=128
2026-07-26T12:57:28.028346+00:00 PHASE_RESULT 54 LF-FLRC-325-128 pktSize=128 rx=0 unique=0 lost=100 per=100.0 rssi_avg=0 rssi_min=0 crc_err=0 garbage=0 tx_lat=0.00000 tx_lon=0.00000 sats=0 fix=0 utc=0 tx_fw=none rx_fw=unknown
PHASE_GUARD 500
PHASE_START 55 LF-FLRC-325-255 pktSize=255
2026-07-26T12:57:30.090789+00:00 TIME_SYNCED utc=1785070649 offset=1785062474
PHASE_RESULT 55 LF-FLRC-325-255 pktSize=255 rx=0 unique=0 lost=100 per=100.0 rssi_avg=0 rssi_min=0 crc_err=0 garbage=0 tx_lat=0.00000 tx_lon=0.00000 sats=0 fix=0 utc=0 tx_fw=none rx_fw=unknown
PHASE_GUARD 500
LORA_CFG path=1 bw=0x0F sf=7
PHASE_START 0 HF-LoRa-SF7-32 pktSize=32
2026-07-26T12:57:32.148782+00:00 PHASE_RESULT 0 HF-LoRa-SF7-32 pktSize=32 rx=0 unique=0 lost=20 per=100.0 rssi_avg=0 rssi_min=0 crc_err=0 garbage=0 tx_lat=0.00000 tx_lon=0.00000 sats=0 fix=0 utc=0 tx_fw=none rx_fw=unknown
PHASE_GUARD 500
LORA_CFG path=1 bw=0x0F sf=7
PHASE_START 1 HF-LoRa-SF7-64 pktSize=64
2026-07-26T12:57:34.211283+00:00 TIME_SYNCED utc=1785070653 offset=1785062474
PHASE_RESULT 1 HF-LoRa-SF7-64 pktSize=64 rx=0 unique=0 lost=20 per=100.0 rssi_avg=0 rssi_min=0 crc_err=0 garbage=0 tx_lat=0.00000 tx_lon=0.00000 sats=0 fix=0 utc=0 tx_fw=none rx_fw=unknown
PHASE_GUARD 500
LORA_CFG path=1 bw=0x0F sf=7
PHASE_START 2 HF-LoRa-SF7-128 pktSize=128
2026-07-26T12:57:36.273837+00:00 PHASE_RESULT 2 HF-LoRa-SF7-128 pktSize=128 rx=0 unique=0 lost=20 per=100.0 rssi_avg=0 rssi_min=0 crc_err=0 garbage=0 tx_lat=0.00000 tx_lon=0.00000 sats=0 fix=0 utc=0 tx_fw=none rx_fw=unknown
PHASE_GUARD 500
LORA_CFG path=1 bw=0x0F sf=7
PHASE_START 3 HF-LoRa-SF7-255 pktSize=255
2026-07-26T12:57:39.381354+00:00 PHASE_RESULT 3 HF-LoRa-SF7-255 pktSize=255 rx=0 unique=0 lost=20 per=100.0 rssi_avg=0 rssi_min=0 crc_err=0 garbage=0 tx_lat=0.00000 tx_lon=0.00000 sats=0 fix=0 utc=0 tx_fw=none rx_fw=unknown
PHASE_GUARD 500
LORA_CFG path=1 bw=0x0F sf=9
PHASE_START 4 HF-LoRa-SF9-32 pktSize=32
2026-07-26T12:57:40.394297+00:00 TIME_SYNCED utc=1785070659 offset=1785062474
2026-07-26T12:57:41.405911+00:00 PHASE_RESULT 4 HF-LoRa-SF9-32 pktSize=32 rx=0 unique=0 lost=20 per=100.0 rssi_avg=0 rssi_min=0 crc_err=0 garbage=0 tx_lat=0.00000 tx_lon=0.00000 sats=0 fix=0 utc=0 tx_fw=none rx_fw=unknown
PHASE_GUARD 500
LORA_CFG path=1 bw=0x0F sf=9
PHASE_START 5 HF-LoRa-SF9-64 pktSize=64
2026-07-26T12:57:43.469094+00:00 TIME_SYNCED utc=1785070663 offset=1785062474
2026-07-26T12:57:44.480446+00:00 PHASE_RESULT 5 HF-LoRa-SF9-64 pktSize=64 rx=0 unique=0 lost=20 per=100.0 rssi_avg=0 rssi_min=0 crc_err=0 garbage=0 tx_lat=0.00000 tx_lon=0.00000 sats=0 fix=0 utc=0 tx_fw=none rx_fw=unknown
PHASE_GUARD 500
LORA_CFG path=1 bw=0x0F sf=9
PHASE_START 6 HF-LoRa-SF9-128 pktSize=128
2026-07-26T12:57:48.646489+00:00 PHASE_RESULT 6 HF-LoRa-SF9-128 pktSize=128 rx=0 unique=0 lost=13 per=100.0 rssi_avg=0 rssi_min=0 crc_err=0 garbage=0 tx_lat=0.00000 tx_lon=0.00000 sats=0 fix=0 utc=0 tx_fw=none rx_fw=unknown
PHASE_GUARD 500
LORA_CFG path=1 bw=0x0F sf=9
PHASE_START 7 HF-LoRa-SF9-255 pktSize=255
2026-07-26T12:57:50.710687+00:00 TIME_SYNCED utc=1785070669 offset=1785062474
2026-07-26T12:57:51.722562+00:00 PHASE_RESULT 7 HF-LoRa-SF9-255 pktSize=255 rx=0 unique=0 lost=6 per=100.0 rssi_avg=0 rssi_min=0 crc_err=0 garbage=0 tx_lat=0.00000 tx_lon=0.00000 sats=0 fix=0 utc=0 tx_fw=none rx_fw=unknown
PHASE_GUARD 500
LORA_CFG path=1 bw=0x0F sf=12
PHASE_START 8 HF-LoRa-SF12-32 pktSize=32
2026-07-26T12:57:53.785880+00:00 TIME_SYNCED utc=1785070673 offset=1785062474
2026-07-26T12:57:54.797218+00:00 PHASE_RESULT 8 HF-LoRa-SF12-32 pktSize=32 rx=0 unique=0 lost=2 per=100.0 rssi_avg=0 rssi_min=0 crc_err=0 garbage=0 tx_lat=0.00000 tx_lon=0.00000 sats=0 fix=0 utc=0 tx_fw=none rx_fw=unknown
PHASE_GUARD 500
LORA_CFG path=1 bw=0x0F sf=12
PHASE_START 9 HF-LoRa-SF12-64 pktSize=64
2026-07-26T12:57:57.912444+00:00 PHASE_RESULT 9 HF-LoRa-SF12-64 pktSize=64 rx=0 unique=0 lost=1 per=100.0 rssi_avg=0 rssi_min=0 crc_err=0 garbage=0 tx_lat=0.00000 tx_lon=0.00000 sats=0 fix=0 utc=0 tx_fw=none rx_fw=unknown
PHASE_GUARD 500
LORA_CFG path=1 bw=0x0F sf=12
PHASE_START 10 HF-LoRa-SF12-128 pktSize=128
2026-07-26T12:58:01.033441+00:00 TIME_SYNCED utc=1785070680 offset=1785062474
2026-07-26T12:58:02.044658+00:00 PHASE_RESULT 10 HF-LoRa-SF12-128 pktSize=128 rx=0 unique=0 lost=1 per=100.0 rssi_avg=0 rssi_min=0 crc_err=0 garbage=0 tx_lat=0.00000 tx_lon=0.00000 sats=0 fix=0 utc=0 tx_fw=none rx_fw=unknown
PHASE_GUARD 500
LORA_CFG path=1 bw=0x0F sf=12
PHASE_START 11 HF-LoRa-SF12-255 pktSize=255
2026-07-26T12:58:04.108420+00:00 TIME_SYNCED utc=1785070683 offset=1785062474
2026-07-26T12:58:11.427738+00:00 TIME_SYNCED utc=1785070690 offset=1785062474
2026-07-26T12:58:12.439404+00:00 PHASE_RESULT 11 HF-LoRa-SF12-255 pktSize=255 rx=0 unique=0 lost=1 per=100.0 rssi_avg=0 rssi_min=0 crc_err=0 garbage=0 tx_lat=0.00000 tx_lon=0.00000 sats=0 fix=0 utc=0 tx_fw=none rx_fw=unknown
PHASE_GUARD 500
PHASE_START 12 HF-FLRC-2600-32 pktSize=32
SYNC_NOT_FOUND first4=12F2604A
2026-07-26T12:58:13.451297+00:00 SYNC_NOT_FOUND first4=49128996
SYNC_NOT_FOUND first4=140B41CF
2026-07-26T12:58:14.462423+00:00 TIME_SYNCED utc=1785070693 offset=1785062474
PHASE_RESULT 12 HF-FLRC-2600-32 pktSize=32 rx=0 unique=0 lost=100 per=100.0 rssi_avg=0 rssi_min=0 crc_err=0 garbage=3 tx_lat=0.00000 tx_lon=0.00000 sats=0 fix=0 utc=0 tx_fw=none rx_fw=unknown
PHASE_GUARD 500
PHASE_START 13 HF-FLRC-2600-64 pktSize=64
SYNC_NOT_FOUND first4=23810404
2026-07-26T12:58:15.473951+00:00 SYNC_NOT_FOUND first4=92964C31
SYNC_NOT_FOUND first4=6E906A08
SYNC_NOT_FOUND first4=7D39B39B
SYNC_NOT_FOUND first4=3C3FA70C
SYNC_NOT_FOUND first4=6BB8E0F1
SYNC_NOT_FOUND first4=B241B331
2026-07-26T12:58:16.484950+00:00 SYNC_NOT_FOUND first4=6A8096C0
SYNC_NOT_FOUND first4=BE9A6662
SYNC_NOT_FOUND first4=E4D04817
SYNC_NOT_FOUND first4=7D9EB648
SYNC_NOT_FOUND first4=62C21EF2
PHASE_RESULT 13 HF-FLRC-2600-64 pktSize=64 rx=0 unique=0 lost=100 per=100.0 rssi_avg=0 rssi_min=0 crc_err=0 garbage=12 tx_lat=0.00000 tx_lon=0.00000 sats=0 fix=0 utc=0 tx_fw=none rx_fw=unknown
PHASE_GUARD 500
PHASE_START 14 HF-FLRC-2600-128 pktSize=128
SYNC_NOT_FOUND first4=414F31D0
SYNC_NOT_FOUND first4=1E7CC279
2026-07-26T12:58:17.496411+00:00 SYNC_NOT_FOUND first4=D149930A
SYNC_NOT_FOUND first4=29025E51
SYNC_NOT_FOUND first4=8B9F3C52
2026-07-26T12:58:18.508220+00:00 SYNC_NOT_FOUND first4=5EB507D6
SYNC_NOT_FOUND first4=F56F04FB
PHASE_RESULT 14 HF-FLRC-2600-128 pktSize=128 rx=0 unique=0 lost=100 per=100.0 rssi_avg=0 rssi_min=0 crc_err=0 garbage=7 tx_lat=0.00000 tx_lon=0.00000 sats=0 fix=0 utc=0 tx_fw=none rx_fw=unknown
PHASE_GUARD 500
PHASE_START 15 HF-FLRC-2600-255 pktSize=255
SYNC_NOT_FOUND first4=A9E05625
2026-07-26T12:58:19.519122+00:00 SYNC_NOT_FOUND first4=2B991853
SYNC_NOT_FOUND first4=2B086488
SYNC_NOT_FOUND first4=AEE572BB
SYNC_NOT_FOUND first4=21DFF636
SYNC_NOT_FOUND first4=AE52111A
SYNC_NOT_FOUND first4=B886E6A7
SYNC_NOT_FOUND first4=D4A6EDA6
SYNC_NOT_FOUND first4=358EE0A6
2026-07-26T12:58:20.530231+00:00 SYNC_NOT_FOUND first4=BE2FB7CA
PHASE_RESULT 15 HF-FLRC-2600-255 pktSize=255 rx=0 unique=0 lost=100 per=100.0 rssi_avg=0 rssi_min=0 crc_err=0 garbage=10 tx_lat=0.00000 tx_lon=0.00000 sats=0 fix=0 utc=0 tx_fw=none rx_fw=unknown
PHASE_GUARD 500
PHASE_START 16 HF-FLRC-1300-32 pktSize=32
SYNC_NOT_FOUND first4=7882A5B4
SYNC_NOT_FOUND first4=DB6F9D98
SYNC_NOT_FOUND first4=8AA5D65A
SYNC_NOT_FOUND first4=1BA554FE
2026-07-26T12:58:21.541982+00:00 TIME_SYNCED utc=1785070700 offset=1785062474
SYNC_NOT_FOUND first4=855020B0
SYNC_NOT_FOUND first4=68FB72DC
SYNC_NOT_FOUND first4=57A1490E
2026-07-26T12:58:22.545226+00:00 SYNC_NOT_FOUND first4=8D896AD5
SYNC_NOT_FOUND first4=732DDC72
SYNC_NOT_FOUND first4=1A3C01C3
PHASE_RESULT 16 HF-FLRC-1300-32 pktSize=32 rx=0 unique=0 lost=100 per=100.0 rssi_avg=0 rssi_min=0 crc_err=0 garbage=10 tx_lat=0.00000 tx_lon=0.00000 sats=0 fix=0 utc=0 tx_fw=none rx_fw=unknown
PHASE_GUARD 500
PHASE_START 17 HF-FLRC-1300-64 pktSize=64
2026-07-26T12:58:23.556539+00:00 SYNC_NOT_FOUND first4=0F64C27F
SYNC_NOT_FOUND first4=7CA95A07
SYNC_NOT_FOUND first4=8D5BDB5A
SYNC_NOT_FOUND first4=224E821C
TIME_SYNCED utc=1785070703 offset=1785062474
2026-07-26T12:58:24.563210+00:00 PHASE_RESULT 17 HF-FLRC-1300-64 pktSize=64 rx=0 unique=0 lost=100 per=100.0 rssi_avg=0 rssi_min=0 crc_err=0 garbage=4 tx_lat=0.00000 tx_lon=0.00000 sats=0 fix=0 utc=0 tx_fw=none rx_fw=unknown
PHASE_GUARD 500
PHASE_START 18 HF-FLRC-1300-128 pktSize=128
SYNC_NOT_FOUND first4=07D5DC58
SYNC_NOT_FOUND first4=62FEEAA6
2026-07-26T12:58:25.566770+00:00 SYNC_NOT_FOUND first4=E0611BB3
SYNC_NOT_FOUND first4=52874063
SYNC_NOT_FOUND first4=1878565C
SYNC_NOT_FOUND first4=AFBCEE8E
2026-07-26T12:58:26.570331+00:00 SYNC_NOT_FOUND first4=55AABDF1
SYNC_NOT_FOUND first4=A1AE2E3A
PHASE_RESULT 18 HF-FLRC-1300-128 pktSize=128 rx=0 unique=0 lost=100 per=100.0 rssi_avg=0 rssi_min=0 crc_err=0 garbage=8 tx_lat=0.00000 tx_lon=0.00000 sats=0 fix=0 utc=0 tx_fw=none rx_fw=unknown
PHASE_GUARD 500
PHASE_START 19 HF-FLRC-1300-255 pktSize=255
SYNC_NOT_FOUND first4=46DA5948
SYNC_NOT_FOUND first4=E1FFE14E
SYNC_NOT_FOUND first4=5DAF2948
SYNC_NOT_FOUND first4=1742EEAD
2026-07-26T12:58:27.581043+00:00 SYNC_NOT_FOUND first4=4758541A
SYNC_NOT_FOUND first4=81EC1EE1
2026-07-26T12:58:28.592308+00:00 PHASE_RESULT 19 HF-FLRC-1300-255 pktSize=255 rx=0 unique=0 lost=100 per=100.0 rssi_avg=0 rssi_min=0 crc_err=0 garbage=6 tx_lat=0.00000 tx_lon=0.00000 sats=0 fix=0 utc=0 tx_fw=none rx_fw=unknown
PHASE_GUARD 500
PHASE_START 20 HF-FLRC-650-32 pktSize=32
SYNC_NOT_FOUND first4=0689C76C
SYNC_NOT_FOUND first4=7588F126
SYNC_NOT_FOUND first4=AB4A2318
SYNC_NOT_FOUND first4=859695BF
SYNC_NOT_FOUND first4=F34B44BE
SYNC_NOT_FOUND first4=C1BC5190
SYNC_NOT_FOUND first4=E1EE3766
SYNC_NOT_FOUND first4=9D45E754
SYNC_NOT_FOUND first4=518CC2B1
SYNC_NOT_FOUND first4=7EB6E4A2
SYNC_NOT_FOUND first4=D98334D2
SYNC_NOT_FOUND first4=2775F731
SYNC_NOT_FOUND first4=B99BFC43
SYNC_NOT_FOUND first4=3D1F7A4D
SYNC_NOT_FOUND first4=457D1861
2026-07-26T12:58:29.603575+00:00 SYNC_NOT_FOUND first4=9106F4BE
SYNC_NOT_FOUND first4=1081BFB1
SYNC_NOT_FOUND first4=3159A0F8
SYNC_NOT_FOUND first4=0257811B
SYNC_NOT_FOUND first4=EC49E784
SYNC_NOT_FOUND first4=83D34423
SYNC_NOT_FOUND first4=C69D7578
SYNC_NOT_FOUND first4=66969721
SYNC_NOT_FOUND first4=B2108681
SYNC_NOT_FOUND first4=A6FDAF3E
SYNC_NOT_FOUND first4=4AB2D574
SYNC_NOT_FOUND first4=6744E490
SYNC_NOT_FOUND first4=B4E02A59
SYNC_NOT_FOUND first4=20FC798D
SYNC_NOT_FOUND first4=7A2C0E2B
SYNC_NOT_FOUND first4=E429771B
SYNC_NOT_FOUND first4=4C205CAE
SYNC_NOT_FOUND first4=81DBCA9C
SYNC_NOT_FOUND first4=9C1F5139
SYNC_NOT_FOUND first4=E57B3BCF
SYNC_NOT_FOUND first4=F7365AB0
SYNC_NOT_FOUND first4=17BE119B
SYNC_NOT_FOUND first4=A2FC463F
SYNC_NOT_FOUND first4=2F1E6562
2026-07-26T12:58:30.614226+00:00 SYNC_NOT_FOUND first4=9E462F08
SYNC_NOT_FOUND first4=08D15181
SYNC_NOT_FOUND first4=B44DEF0A
PHASE_RESULT 20 HF-FLRC-650-32 pktSize=32 rx=0 unique=0 lost=100 per=100.0 rssi_avg=0 rssi_min=0 crc_err=0 garbage=42 tx_lat=0.00000 tx_lon=0.00000 sats=0 fix=0 utc=0 tx_fw=none rx_fw=unknown
PHASE_GUARD 500
PHASE_START 21 HF-FLRC-650-64 pktSize=64
SYNC_NOT_FOUND first4=DB9D38BE
SYNC_NOT_FOUND first4=B048196A
SYNC_NOT_FOUND first4=1BB2BC99
SYNC_NOT_FOUND first4=DD14603A
2026-07-26T12:58:31.625568+00:00 TIME_SYNCED utc=1785070710 offset=1785062474
SYNC_NOT_FOUND first4=C7D9848F
SYNC_NOT_FOUND first4=7C9055C8
SYNC_NOT_FOUND first4=1477E4F5
SYNC_NOT_FOUND first4=D7AFE868
SYNC_NOT_FOUND first4=253421B0
SYNC_NOT_FOUND first4=F14A5797
SYNC_NOT_FOUND first4=FBDBB912
SYNC_NOT_FOUND first4=0CAAD3D7
SYNC_NOT_FOUND first4=7ED77E33
SYNC_NOT_FOUND first4=DAA51047
SYNC_NOT_FOUND first4=08311290
SYNC_NOT_FOUND first4=600C05AF
SYNC_NOT_FOUND first4=BC01EC9E
SYNC_NOT_FOUND first4=C26E1542
SYNC_NOT_FOUND first4=BC8B80CA
SYNC_NOT_FOUND first4=B4BD3A80
SYNC_NOT_FOUND first4=A1D745AA
2026-07-26T12:58:32.636538+00:00 SYNC_NOT_FOUND first4=72204D0A
SYNC_NOT_FOUND first4=EC6DD7A8
SYNC_NOT_FOUND first4=7D312D37
SYNC_NOT_FOUND first4=86CC9622
SYNC_NOT_FOUND first4=26DF23FE
SYNC_NOT_FOUND first4=6963EED5
SYNC_NOT_FOUND first4=71280784
SYNC_NOT_FOUND first4=25DF3B60
SYNC_NOT_FOUND first4=1168330C
SYNC_NOT_FOUND first4=B815DF12
PHASE_RESULT 21 HF-FLRC-650-64 pktSize=64 rx=0 unique=0 lost=100 per=100.0 rssi_avg=0 rssi_min=0 crc_err=0 garbage=31 tx_lat=0.00000 tx_lon=0.00000 sats=0 fix=0 utc=0 tx_fw=none rx_fw=unknown
PHASE_GUARD 500
PHASE_START 22 HF-FLRC-650-128 pktSize=128
SYNC_NOT_FOUND first4=C34BF3A6
SYNC_NOT_FOUND first4=49450504
SYNC_NOT_FOUND first4=3B12BF08
SYNC_NOT_FOUND first4=B89B728F
SYNC_NOT_FOUND first4=B38F25DC
SYNC_NOT_FOUND first4=21CC7B3D
SYNC_NOT_FOUND first4=D01D621F
SYNC_NOT_FOUND first4=DBE440B1
SYNC_NOT_FOUND first4=7BE3AA7C
SYNC_NOT_FOUND first4=ECEA2D34
SYNC_NOT_FOUND first4=BA7F7FED
SYNC_NOT_FOUND first4=7F6EC8EF
SYNC_NOT_FOUND first4=C7D94363
SYNC_NOT_FOUND first4=E7087238
2026-07-26T12:58:33.647340+00:00 SYNC_NOT_FOUND first4=DB2EFE1F
SYNC_NOT_FOUND first4=4A82F446
SYNC_NOT_FOUND first4=41C4E5A9
SYNC_NOT_FOUND first4=FEC99DE8
SYNC_NOT_FOUND first4=85022D76
SYNC_NOT_FOUND first4=CEC2FDFF
SYNC_NOT_FOUND first4=A0639CD1
SYNC_NOT_FOUND first4=AF956383
SYNC_NOT_FOUND first4=24EE9276
SYNC_NOT_FOUND first4=AA6491A5
SYNC_NOT_FOUND first4=030F441D
SYNC_NOT_FOUND first4=3DF978E1
SYNC_NOT_FOUND first4=1D772C27
TIME_SYNCED utc=1785070713 offset=1785062474
SYNC_NOT_FOUND first4=0DA930AF
SYNC_NOT_FOUND first4=40A893CF
SYNC_NOT_FOUND first4=BFA45E86
2026-07-26T12:58:34.658028+00:00 SYNC_NOT_FOUND first4=1D013465
SYNC_NOT_FOUND first4=E6C7356D
SYNC_NOT_FOUND first4=8C90AC56
PHASE_RESULT 22 HF-FLRC-650-128 pktSize=128 rx=0 unique=0 lost=100 per=100.0 rssi_avg=0 rssi_min=0 crc_err=0 garbage=33 tx_lat=0.00000 tx_lon=0.00000 sats=0 fix=0 utc=0 tx_fw=none rx_fw=unknown
PHASE_GUARD 500
PHASE_START 23 HF-FLRC-650-255 pktSize=255
SYNC_NOT_FOUND first4=0281A313
SYNC_NOT_FOUND first4=76687B59
SYNC_NOT_FOUND first4=BC5581BB
SYNC_NOT_FOUND first4=FC7A26F0
SYNC_NOT_FOUND first4=91B2D7A9
SYNC_NOT_FOUND first4=08BCD9E3
SYNC_NOT_FOUND first4=99F60FD7
SYNC_NOT_FOUND first4=B796F2A1
SYNC_NOT_FOUND first4=AFBBA5E3
SYNC_NOT_FOUND first4=A8E3A14E
2026-07-26T12:58:35.669288+00:00 SYNC_NOT_FOUND first4=90B9C2ED
SYNC_NOT_FOUND first4=403774E3
SYNC_NOT_FOUND first4=20DFAED6
SYNC_NOT_FOUND first4=2271C017
SYNC_NOT_FOUND first4=205056FD
SYNC_NOT_FOUND first4=EC8CCDC4
SYNC_NOT_FOUND first4=F9498732
SYNC_NOT_FOUND first4=224866F2
SYNC_NOT_FOUND first4=20C175D6
SYNC_NOT_FOUND first4=AE408088
SYNC_NOT_FOUND first4=BAA81990
2026-07-26T12:58:36.680881+00:00 PHASE_RESULT 23 HF-FLRC-650-255 pktSize=255 rx=0 unique=0 lost=100 per=100.0 rssi_avg=0 rssi_min=0 crc_err=0 garbage=21 tx_lat=0.00000 tx_lon=0.00000 sats=0 fix=0 utc=0 tx_fw=none rx_fw=unknown
PHASE_GUARD 500
PHASE_START 24 HF-FLRC-325-32 pktSize=32
SYNC_NOT_FOUND first4=B672BE6D
2026-07-26T12:58:38.735798+00:00 PHASE_RESULT 24 HF-FLRC-325-32 pktSize=32 rx=0 unique=0 lost=100 per=100.0 rssi_avg=0 rssi_min=0 crc_err=0 garbage=1 tx_lat=0.00000 tx_lon=0.00000 sats=0 fix=0 utc=0 tx_fw=none rx_fw=unknown
PHASE_GUARD 500
PHASE_START 25 HF-FLRC-325-64 pktSize=64
SYNC_NOT_FOUND first4=2A9E9C0E
2026-07-26T12:58:39.746968+00:00 SYNC_NOT_FOUND first4=EAC5F478
SYNC_NOT_FOUND first4=12F3AD94
2026-07-26T12:58:40.750960+00:00 PHASE_RESULT 25 HF-FLRC-325-64 pktSize=64 rx=0 unique=0 lost=100 per=100.0 rssi_avg=0 rssi_min=0 crc_err=0 garbage=3 tx_lat=0.00000 tx_lon=0.00000 sats=0 fix=0 utc=0 tx_fw=none rx_fw=unknown
PHASE_GUARD 500
PHASE_START 26 HF-FLRC-325-128 pktSize=128
SYNC_NOT_FOUND first4=F65720A6
SYNC_NOT_FOUND first4=3645A383
SYNC_NOT_FOUND first4=4F4F31CD
2026-07-26T12:58:41.754396+00:00 TIME_SYNCED utc=1785070720 offset=1785062474
SYNC_NOT_FOUND first4=DA5EAC88
SYNC_NOT_FOUND first4=07C65130
SYNC_NOT_FOUND first4=BC416D77
SYNC_NOT_FOUND first4=0684550B
SYNC_NOT_FOUND first4=96E3DF38
2026-07-26T12:58:42.766030+00:00 SYNC_NOT_FOUND first4=1C32FDB4
PHASE_RESULT 26 HF-FLRC-325-128 pktSize=128 rx=0 unique=0 lost=100 per=100.0 rssi_avg=0 rssi_min=0 crc_err=0 garbage=9 tx_lat=0.00000 tx_lon=0.00000 sats=0 fix=0 utc=0 tx_fw=none rx_fw=unknown
PHASE_GUARD 500
PHASE_START 27 HF-FLRC-325-255 pktSize=255
SYNC_NOT_FOUND first4=29261E17
2026-07-26T12:58:43.769719+00:00 SYNC_NOT_FOUND first4=2C8EFC49
TIME_SYNCED utc=1785070723 offset=1785062474
SYNC_NOT_FOUND first4=09BA65B9
SYNC_NOT_FOUND first4=BB8E9D5F
2026-07-26T12:58:44.781205+00:00 SYNC_NOT_FOUND first4=9D8FCB08
PHASE_RESULT 27 HF-FLRC-325-255 pktSize=255 rx=0 unique=0 lost=100 per=100.0 rssi_avg=0 rssi_min=0 crc_err=0 garbage=5 tx_lat=0.00000 tx_lon=0.00000 sats=0 fix=0 utc=0 tx_fw=none rx_fw=unknown
PHASE_GUARD 500
LORA_CFG path=0 bw=0x05 sf=7
PHASE_START 28 LF-LoRa-SF7-32 pktSize=32
2026-07-26T12:58:46.844344+00:00 PHASE_RESULT 28 LF-LoRa-SF7-32 pktSize=32 rx=0 unique=0 lost=20 per=100.0 rssi_avg=0 rssi_min=0 crc_err=0 garbage=0 tx_lat=0.00000 tx_lon=0.00000 sats=0 fix=0 utc=0 tx_fw=none rx_fw=unknown
PHASE_GUARD 500
LORA_CFG path=0 bw=0x05 sf=7
PHASE_START 29 LF-LoRa-SF7-64 pktSize=64
2026-07-26T12:58:48.905728+00:00 PHASE_RESULT 29 LF-LoRa-SF7-64 pktSize=64 rx=0 unique=0 lost=20 per=100.0 rssi_avg=0 rssi_min=0 crc_err=0 garbage=0 tx_lat=0.00000 tx_lon=0.00000 sats=0 fix=0 utc=0 tx_fw=none rx_fw=unknown
PHASE_GUARD 500
2026-07-26T12:58:49.910150+00:00 LORA_CFG path=0 bw=0x05 sf=7
PHASE_START 30 LF-LoRa-SF7-128 pktSize=128
2026-07-26T12:58:51.972790+00:00 TIME_SYNCED utc=1785070730 offset=1785062473
2026-07-26T12:58:54.028202+00:00 TIME_SYNCED utc=1785070733 offset=1785062474
PHASE_RESULT 30 LF-LoRa-SF7-128 pktSize=128 rx=0 unique=0 lost=13 per=100.0 rssi_avg=0 rssi_min=0 crc_err=0 garbage=0 tx_lat=0.00000 tx_lon=0.00000 sats=0 fix=0 utc=0 tx_fw=none rx_fw=unknown
PHASE_GUARD 500
LORA_CFG path=0 bw=0x05 sf=7
PHASE_START 31 LF-LoRa-SF7-255 pktSize=255
2026-07-26T12:58:57.134795+00:00 PHASE_RESULT 31 LF-LoRa-SF7-255 pktSize=255 rx=0 unique=0 lost=7 per=100.0 rssi_avg=0 rssi_min=0 crc_err=0 garbage=0 tx_lat=0.00000 tx_lon=0.00000 sats=0 fix=0 utc=0 tx_fw=none rx_fw=unknown
PHASE_GUARD 500
LORA_CFG path=0 bw=0x05 sf=9
PHASE_START 32 LF-LoRa-SF9-32 pktSize=32
2026-07-26T12:59:01.292754+00:00 PHASE_RESULT 32 LF-LoRa-SF9-32 pktSize=32 rx=0 unique=0 lost=7 per=100.0 rssi_avg=0 rssi_min=0 crc_err=0 garbage=0 tx_lat=0.00000 tx_lon=0.00000 sats=0 fix=0 utc=0 tx_fw=none rx_fw=unknown
PHASE_GUARD 500
LORA_CFG path=0 bw=0x05 sf=9
PHASE_START 33 LF-LoRa-SF9-64 pktSize=64
2026-07-26T12:59:02.300229+00:00 TIME_SYNCED utc=1785070741 offset=1785062474
2026-07-26T12:59:04.355309+00:00 TIME_SYNCED utc=1785070743 offset=1785062474
PHASE_RESULT 33 LF-LoRa-SF9-64 pktSize=64 rx=0 unique=0 lost=3 per=100.0 rssi_avg=0 rssi_min=0 crc_err=0 garbage=0 tx_lat=0.00000 tx_lon=0.00000 sats=0 fix=0 utc=0 tx_fw=none rx_fw=unknown
PHASE_GUARD 500
LORA_CFG path=0 bw=0x05 sf=9
PHASE_START 34 LF-LoRa-SF9-128 pktSize=128
2026-07-26T12:59:06.409906+00:00 PHASE_RESULT 34 LF-LoRa-SF9-128 pktSize=128 rx=0 unique=0 lost=1 per=100.0 rssi_avg=0 rssi_min=0 crc_err=0 garbage=0 tx_lat=0.00000 tx_lon=0.00000 sats=0 fix=0 utc=0 tx_fw=none rx_fw=unknown
PHASE_GUARD 500
LORA_CFG path=0 bw=0x05 sf=9
PHASE_START 35 LF-LoRa-SF9-255 pktSize=255
2026-07-26T12:59:10.574627+00:00 PHASE_RESULT 35 LF-LoRa-SF9-255 pktSize=255 rx=0 unique=0 lost=1 per=100.0 rssi_avg=0 rssi_min=0 crc_err=0 garbage=0 tx_lat=0.00000 tx_lon=0.00000 sats=0 fix=0 utc=0 tx_fw=none rx_fw=unknown
PHASE_GUARD 500
LORA_CFG path=0 bw=0x05 sf=12
PHASE_START 36 LF-LoRa-SF12-32 pktSize=32
2026-07-26T12:59:12.639036+00:00 TIME_SYNCED utc=1785070751 offset=1785062474
2026-07-26T12:59:13.650264+00:00 TIME_SYNCED utc=1785070753 offset=1785062474
2026-07-26T12:59:23.062363+00:00 TIME_SYNCED utc=1785070762 offset=1785062474
2026-07-26T12:59:24.073878+00:00 TIME_SYNCED utc=1785070763 offset=1785062474
2026-07-26T12:59:25.085176+00:00 PHASE_RESULT 36 LF-LoRa-SF12-32 pktSize=32 rx=0 unique=0 lost=1 per=100.0 rssi_avg=0 rssi_min=0 crc_err=0 garbage=0 tx_lat=0.00000 tx_lon=0.00000 sats=0 fix=0 utc=0 tx_fw=none rx_fw=unknown
PHASE_GUARD 500
LORA_CFG path=0 bw=0x05 sf=12
PHASE_START 37 LF-LoRa-SF12-SKIP SKIP pktSize=64
2026-07-26T12:59:26.096288+00:00 PHASE_RESULT 37 LF-LoRa-SF12-SKIP pktSize=64 rx=0 unique=0 lost=0 per=0.0 rssi_avg=0 rssi_min=0 crc_err=0 garbage=0 tx_lat=0.00000 tx_lon=0.00000 sats=0 fix=0 utc=0 tx_fw=none rx_fw=unknown
PHASE_GUARD 500
LORA_CFG path=0 bw=0x05 sf=12
PHASE_START 38 LF-LoRa-SF12-SKIP SKIP pktSize=128
2026-07-26T12:59:27.107238+00:00 PHASE_RESULT 38 LF-LoRa-SF12-SKIP pktSize=128 rx=0 unique=0 lost=0 per=0.0 rssi_avg=0 rssi_min=0 crc_err=0 garbage=0 tx_lat=0.00000 tx_lon=0.00000 sats=0 fix=0 utc=0 tx_fw=none rx_fw=unknown
PHASE_GUARD 500
LORA_CFG path=0 bw=0x05 sf=12
PHASE_START 39 LF-LoRa-SF12-SKIP SKIP pktSize=255
2026-07-26T12:59:28.112713+00:00 PHASE_RESULT 39 LF-LoRa-SF12-SKIP pktSize=255 rx=0 unique=0 lost=0 per=0.0 rssi_avg=0 rssi_min=0 crc_err=0 garbage=0 tx_lat=0.00000 tx_lon=0.00000 sats=0 fix=0 utc=0 tx_fw=none rx_fw=unknown
PHASE_GUARD 500
PHASE_START 40 LF-FLRC-2600-32 pktSize=32
2026-07-26T12:59:29.119351+00:00 SYNC_NOT_FOUND first4=916F1387
2026-07-26T12:59:30.125739+00:00 PHASE_RESULT 40 LF-FLRC-2600-32 pktSize=32 rx=0 unique=0 lost=100 per=100.0 rssi_avg=0 rssi_min=0 crc_err=0 garbage=1 tx_lat=0.00000 tx_lon=0.00000 sats=0 fix=0 utc=0 tx_fw=none rx_fw=unknown
PHASE_GUARD 500
PHASE_START 41 LF-FLRC-2600-64 pktSize=64
2026-07-26T12:59:31.142124+00:00 SYNC_NOT_FOUND first4=F83D12D8
SYNC_NOT_FOUND first4=27D0E253
2026-07-26T12:59:32.153217+00:00 PHASE_RESULT 41 LF-FLRC-2600-64 pktSize=64 rx=0 unique=0 lost=100 per=100.0 rssi_avg=0 rssi_min=0 crc_err=0 garbage=2 tx_lat=0.00000 tx_lon=0.00000 sats=0 fix=0 utc=0 tx_fw=none rx_fw=unknown
PHASE_GUARD 500
PHASE_START 42 LF-FLRC-2600-128 pktSize=128
2026-07-26T12:59:33.165351+00:00 TIME_SYNCED utc=1785070772 offset=1785062474
2026-07-26T12:59:34.176773+00:00 TIME_SYNCED utc=1785070773 offset=1785062474
PHASE_RESULT 42 LF-FLRC-2600-128 pktSize=128 rx=0 unique=0 lost=100 per=100.0 rssi_avg=0 rssi_min=0 crc_err=0 garbage=0 tx_lat=0.00000 tx_lon=0.00000 sats=0 fix=0 utc=0 tx_fw=none rx_fw=unknown
PHASE_GUARD 500
PHASE_START 43 LF-FLRC-2600-255 pktSize=255
2026-07-26T12:59:36.239717+00:00 SYNC_NOT_FOUND first4=790CF8A5
PHASE_RESULT 43 LF-FLRC-2600-255 pktSize=255 rx=0 unique=0 lost=100 per=100.0 rssi_avg=0 rssi_min=0 crc_err=0 garbage=1 tx_lat=0.00000 tx_lon=0.00000 sats=0 fix=0 utc=0 tx_fw=none rx_fw=unknown
PHASE_GUARD 500
PHASE_START 44 LF-FLRC-1300-32 pktSize=32
2026-07-26T12:59:38.294763+00:00 PHASE_RESULT 44 LF-FLRC-1300-32 pktSize=32 rx=0 unique=0 lost=100 per=100.0 rssi_avg=0 rssi_min=0 crc_err=0 garbage=0 tx_lat=0.00000 tx_lon=0.00000 sats=0 fix=0 utc=0 tx_fw=none rx_fw=unknown
PHASE_GUARD 500
PHASE_START 45 LF-FLRC-1300-64 pktSize=64
2026-07-26T12:59:40.356847+00:00 SYNC_NOT_FOUND first4=EABC848C
PHASE_RESULT 45 LF-FLRC-1300-64 pktSize=64 rx=0 unique=0 lost=100 per=100.0 rssi_avg=0 rssi_min=0 crc_err=0 garbage=1 tx_lat=0.00000 tx_lon=0.00000 sats=0 fix=0 utc=0 tx_fw=none rx_fw=unknown
PHASE_GUARD 500
PHASE_START 46 LF-FLRC-1300-128 pktSize=128
2026-07-26T12:59:42.419243+00:00 PHASE_RESULT 46 LF-FLRC-1300-128 pktSize=128 rx=0 unique=0 lost=100 per=100.0 rssi_avg=0 rssi_min=0 crc_err=0 garbage=0 tx_lat=0.00000 tx_lon=0.00000 sats=0 fix=0 utc=0 tx_fw=none rx_fw=unknown
PHASE_GUARD 500
PHASE_START 47 LF-FLRC-1300-255 pktSize=255
2026-07-26T12:59:43.431543+00:00 TIME_SYNCED utc=1785070782 offset=1785062474
SYNC_NOT_FOUND first4=A3F083F4
2026-07-26T12:59:44.442212+00:00 TIME_SYNCED utc=1785070783 offset=1785062474
PHASE_RESULT 47 LF-FLRC-1300-255 pktSize=255 rx=0 unique=0 lost=100 per=100.0 rssi_avg=0 rssi_min=0 crc_err=0 garbage=1 tx_lat=0.00000 tx_lon=0.00000 sats=0 fix=0 utc=0 tx_fw=none rx_fw=unknown
PHASE_GUARD 500
PHASE_START 48 LF-FLRC-650-32 pktSize=32
SYNC_NOT_FOUND first4=05CFD31C
2026-07-26T12:59:45.447236+00:00 SYNC_NOT_FOUND first4=142F6E36
SYNC_NOT_FOUND first4=27CB72B9
2026-07-26T12:59:46.453656+00:00 SYNC_NOT_FOUND first4=8B94133D
PHASE_RESULT 48 LF-FLRC-650-32 pktSize=32 rx=0 unique=0 lost=100 per=100.0 rssi_avg=0 rssi_min=0 crc_err=0 garbage=4 tx_lat=0.00000 tx_lon=0.00000 sats=0 fix=0 utc=0 tx_fw=none rx_fw=unknown
PHASE_GUARD 500
PHASE_START 49 LF-FLRC-650-64 pktSize=64
SYNC_NOT_FOUND first4=08DBAC1D
2026-07-26T12:59:47.458335+00:00 SYNC_NOT_FOUND first4=4E1AE654
SYNC_NOT_FOUND first4=FFA03DE2
2026-07-26T12:59:48.469441+00:00 SYNC_NOT_FOUND first4=CA16C9F4
SYNC_NOT_FOUND first4=2CBBAA74
PHASE_RESULT 49 LF-FLRC-650-64 pktSize=64 rx=0 unique=0 lost=100 per=100.0 rssi_avg=0 rssi_min=0 crc_err=0 garbage=5 tx_lat=0.00000 tx_lon=0.00000 sats=0 fix=0 utc=0 tx_fw=none rx_fw=unknown
PHASE_GUARD 500
PHASE_START 50 LF-FLRC-650-128 pktSize=128
SYNC_NOT_FOUND first4=A1B0CDE7
SYNC_NOT_FOUND first4=B2CE9331
2026-07-26T12:59:49.489299+00:00 SYNC_NOT_FOUND first4=C0D6F1DE
SYNC_NOT_FOUND first4=C760AFE3
2026-07-26T12:59:50.565376+00:00 SYNC_NOT_FOUND first4=A5D41E59
SYNC_NOT_FOUND first4=97B0F885
SYNC_NOT_FOUND first4=A4CE5323
PHASE_RESULT 50 LF-FLRC-650-128 pktSize=128 rx=0 unique=0 lost=100 per=100.0 rssi_avg=0 rssi_min=0 crc_err=0 garbage=7 tx_lat=0.00000 tx_lon=0.00000 sats=0 fix=0 utc=0 tx_fw=none rx_fw=unknown
PHASE_GUARD 500
PHASE_START 51 LF-FLRC-650-255 pktSize=255
SYNC_NOT_FOUND first4=FE81F542
2026-07-26T12:59:51.577218+00:00 SYNC_NOT_FOUND first4=7677DC8F
2026-07-26T12:59:52.585871+00:00 SYNC_NOT_FOUND first4=23C32757
PHASE_RESULT 51 LF-FLRC-650-255 pktSize=255 rx=0 unique=0 lost=100 per=100.0 rssi_avg=0 rssi_min=0 crc_err=0 garbage=3 tx_lat=0.00000 tx_lon=0.00000 sats=0 fix=0 utc=0 tx_fw=none rx_fw=unknown
PHASE_GUARD 500
PHASE_START 52 LF-FLRC-325-32 pktSize=32
2026-07-26T12:59:53.590224+00:00 TIME_SYNCED utc=1785070792 offset=1785062474
2026-07-26T12:59:54.594917+00:00 TIME_SYNCED utc=1785070793 offset=1785062474
PHASE_RESULT 52 LF-FLRC-325-32 pktSize=32 rx=0 unique=0 lost=100 per=100.0 rssi_avg=0 rssi_min=0 crc_err=0 garbage=0 tx_lat=0.00000 tx_lon=0.00000 sats=0 fix=0 utc=0 tx_fw=none rx_fw=unknown
PHASE_GUARD 500
PHASE_START 53 LF-FLRC-325-64 pktSize=64
2026-07-26T12:59:56.651030+00:00 PHASE_RESULT 53 LF-FLRC-325-64 pktSize=64 rx=0 unique=0 lost=100 per=100.0 rssi_avg=0 rssi_min=0 crc_err=0 garbage=0 tx_lat=0.00000 tx_lon=0.00000 sats=0 fix=0 utc=0 tx_fw=none rx_fw=unknown
PHASE_GUARD 500
PHASE_START 54 LF-FLRC-325-128 pktSize=128
2026-07-26T12:59:58.707224+00:00 PHASE_RESULT 54 LF-FLRC-325-128 pktSize=128 rx=0 unique=0 lost=100 per=100.0 rssi_avg=0 rssi_min=0 crc_err=0 garbage=0 tx_lat=0.00000 tx_lon=0.00000 sats=0 fix=0 utc=0 tx_fw=none rx_fw=unknown
PHASE_GUARD 500
PHASE_START 55 LF-FLRC-325-255 pktSize=255
2026-07-26T13:00:00.762365+00:00 PHASE_RESULT 55 LF-FLRC-325-255 pktSize=255 rx=0 unique=0 lost=100 per=100.0 rssi_avg=0 rssi_min=0 crc_err=0 garbage=0 tx_lat=0.00000 tx_lon=0.00000 sats=0 fix=0 utc=0 tx_fw=none rx_fw=unknown
PHASE_GUARD 500
LORA_CFG path=1 bw=0x0F sf=7
PHASE_START 0 HF-LoRa-SF7-32 pktSize=32
2026-07-26T13:00:02.839198+00:00 PHASE_RESULT 0 HF-LoRa-SF7-32 pktSize=32 rx=0 unique=0 lost=20 per=100.0 rssi_avg=0 rssi_min=0 crc_err=0 garbage=0 tx_lat=0.00000 tx_lon=0.00000 sats=0 fix=0 utc=0 tx_fw=none rx_fw=unknown
PHASE_GUARD 500
LORA_CFG path=1 bw=0x0F sf=7
PHASE_START 1 HF-LoRa-SF7-64 pktSize=64
2026-07-26T13:00:03.842725+00:00 TIME_SYNCED utc=1785070802 offset=1785062473
TIME_SYNCED utc=1785070803 offset=1785062474
PHASE_RESULT 1 HF-LoRa-SF7-64 pktSize=64 rx=0 unique=0 lost=20 per=100.0 rssi_avg=0 rssi_min=0 crc_err=0 garbage=0 tx_lat=0.0000
2026-07-26T13:00:04.851151+00:00 0 tx_lon=0.00000 sats=0 fix=0 utc=0 tx_fw=none rx_fw=unknown
PHASE_GUARD 500
LORA_CFG path=1 bw=0x0F sf=7
PHASE_START 2 HF-LoRa-SF7-128 pktSize=128
2026-07-26T13:00:05.861151+00:00 PHASE_RESULT 2 HF-LoRa-SF7-128 pktSize=128 rx=0 unique=0 lost=20 per=100.0 rssi_avg=0 rssi_min=0 crc_err=0 garbage=0 tx_lat=0.00000 tx_lon=0.00000 sats=0 fix=0 utc=0 tx_fw=none rx_fw=unknown
PHASE_GUARD 500
2026-07-26T13:00:06.880353+00:00 LORA_CFG path=1 bw=0x0F sf=7
PHASE_START 3 HF-LoRa-SF7-255 pktSize=255
2026-07-26T13:00:08.938209+00:00 PHASE_RESULT 3 HF-LoRa-SF7-255 pktSize=255 rx=0 unique=0 lost=20 per=100.0 rssi_avg=0 rssi_min=0 crc_err=0 garbage=0 tx_lat=0.00000 tx_lon=0.00000 sats=0 fix=0 utc=0 tx_fw=none rx_fw=unknown
PHASE_GUARD 500
LORA_CFG path=1 bw=0x0F sf=9
2026-07-26T13:00:09.950218+00:00 PHASE_START 4 HF-LoRa-SF9-32 pktSize=32
2026-07-26T13:00:10.959919+00:00 PHASE_RESULT 4 HF-LoRa-SF9-32 pktSize=32 rx=0 unique=0 lost=20 per=100.0 rssi_avg=0 rssi_min=0 crc_err=0 garbage=0 tx_lat=0.00000 tx_lon=0.00000 sats=0 fix=0 utc=0 tx_fw=none rx_fw=unknown
PHASE_GUARD 500
LORA_CFG path=1 bw=0x0F sf=9
2026-07-26T13:00:11.972220+00:00 PHASE_START 5 HF-LoRa-SF9-64 pktSize=64
2026-07-26T13:00:14.035579+00:00 TIME_SYNCED utc=1785070813 offset=1785062474
TIME_SYNCED utc=1785070813 offset=1785062474
PHASE_RESULT 5 HF-LoRa-SF9-64 pktSize=64 rx=0 unique=0 lost=20 per=100.0 rssi_avg=0 rssi_min=0 crc_err=0 garbage=0 tx_lat=0.00000 tx_lon=0.00000 sats=0 fix=0 utc=0 tx_fw=none rx_fw=unknown
PHASE_GUARD 500
LORA_CFG path=1 bw=0x0F sf=9
PHASE_START 6 HF-LoRa-SF9-128 pktSize=128
2026-07-26T13:00:18.203577+00:00 PHASE_RESULT 6 HF-LoRa-SF9-128 pktSize=128 rx=0 unique=0 lost=13 per=100.0 rssi_avg=0 rssi_min=0 crc_err=0 garbage=0 tx_lat=0.00000 tx_lon=0.00000 sats=0 fix=0 utc=0 tx_fw=none rx_fw=unknown
PHASE_GUARD 500
LORA_CFG path=1 bw=0x0F sf=9
PHASE_START 7 HF-LoRa-SF9-255 pktSize=255
2026-07-26T13:00:21.308351+00:00 PHASE_RESULT 7 HF-LoRa-SF9-255 pktSize=255 rx=0 unique=0 lost=6 per=100.0 rssi_avg=0 rssi_min=0 crc_err=0 garbage=0 tx_lat=0.00000 tx_lon=0.00000 sats=0 fix=0 utc=0 tx_fw=none rx_fw=unknown
PHASE_GUARD 500
LORA_CFG path=1 bw=0x0F sf=12
PHASE_START 8 HF-LoRa-SF12-32 pktSize=32
2026-07-26T13:00:24.424733+00:00 TIME_SYNCED utc=1785070823 offset=1785062474
TIME_SYNCED utc=1785070823 offset=1785062474
PHASE_RESULT 8 HF-LoRa-SF12-32 pktSize=32 rx=0 unique=0 lost=2 per=100.0 rssi_avg=0 rssi_min=0 crc_err=0 garbage=0 tx_lat=0.00000 tx_lon=0.00000 sats=0 fix=0 utc=0 tx_fw=none rx_fw=unknown
PHASE_GUARD 500
LORA_CFG path=1 bw=0x0F sf=12
PHASE_START 9 HF-LoRa-SF12-64 pktSize=64
2026-07-26T13:00:27.537947+00:00 PHASE_RESULT 9 HF-LoRa-SF12-64 pktSize=64 rx=0 unique=0 lost=1 per=100.0 rssi_avg=0 rssi_min=0 crc_err=0 garbage=0 tx_lat=0.00000 tx_lon=0.00000 sats=0 fix=0 utc=0 tx_fw=none rx_fw=unknown
PHASE_GUARD 500
LORA_CFG path=1 bw=0x0F sf=12
PHASE_START 10 HF-LoRa-SF12-128 pktSize=128
2026-07-26T13:00:32.753197+00:00 PHASE_RESULT 10 HF-LoRa-SF12-128 pktSize=128 rx=0 unique=0 lost=1 per=100.0 rssi_avg=0 rssi_min=0 crc_err=0 garbage=0 tx_lat=0.00000 tx_lon=0.00000 sats=0 fix=0 utc=0 tx_fw=none rx_fw=unknown
PHASE_GUARD 500
LORA_CFG path=1 bw=0x0F sf=12
PHASE_START 11 HF-LoRa-SF12-255 pktSize=255
2026-07-26T13:00:34.816433+00:00 TIME_SYNCED utc=1785070833 offset=1785062474
TIME_SYNCED utc=1785070833 offset=1785062474
2026-07-26T13:00:42.132482+00:00 PHASE_RESULT 11 HF-LoRa-SF12-255 pktSize=255 rx=0 unique=0 lost=1 per=100.0 rssi_avg=0 rssi_min=0 crc_err=0 garbage=0 tx_lat=0.00000 tx_lon=0.00000 sats=0 fix=0 utc=0 tx_fw=none rx_fw=unknown
PHASE_GUARD 500
PHASE_START 12 HF-FLRC-2600-32 pktSize=32
2026-07-26T13:00:43.143322+00:00 SYNC_NOT_FOUND first4=D87D2071
SYNC_NOT_FOUND first4=49A2E030
SYNC_NOT_FOUND first4=FD08AD22
SYNC_NOT_FOUND first4=3875322A
SYNC_NOT_FOUND first4=5262520C
SYNC_NOT_FOUND first4=EF3C5EB9
SYNC_NOT_FOUND first4=A2E52224
2026-07-26T13:00:44.153829+00:00 SYNC_NOT_FOUND first4=7A813113
SYNC_NOT_FOUND first4=8A3F9169
SYNC_NOT_FOUND first4=93914389
SYNC_NOT_FOUND first4=541B9663
SYNC_NOT_FOUND first4=24E3CC7D
SYNC_NOT_FOUND first4=10868EB0
SYNC_NOT_FOUND first4=EA9E1BBB
SYNC_NOT_FOUND first4=666D2CA1
PHASE_RESULT 12 HF-FLRC-2600-32 pktSize=32 rx=0 unique=0 lost=100 per=100.0 rssi_avg=0 rssi_min=0 crc_err=0 garbage=15 tx_lat=0.00000 tx_lon=0.00000 sats=0 fix=0 utc=0 tx_fw=none rx_fw=unknown
PHASE_GUARD 500
PHASE_START 13 HF-FLRC-2600-64 pktSize=64
TIME_SYNCED utc=1785070843 offset=1785062473
PHASE_RESULT 13 HF-FLRC-2600-64 pktSize=64 rx=0 unique=0 lost=100 per=100.0 rssi_avg=0 rssi_min=0 crc_err=0 garbage=0 tx_lat=0.00000 tx_lon=0.00000 sats=0 fix=0 utc=0 tx_fw=none rx_fw=unknown
PHASE_GUARD 500
PHASE_START 12 HF-FLRC-2600-32 pktSize=32
2026-07-26T13:00:45.164590+00:00 TIME_SYNCED utc=1785070844 offset=1785062474
PHASE_RESULT 12 HF-FLRC-2600-32 pktSize=32 rx=0 unique=0 lost=100 per=100.0 rssi_avg=0 rssi_min=0 crc_err=0 garbage=0 tx_lat=0.00000 tx_lon=0.00000 sats=0 fix=0 utc=0 tx_fw=none rx_fw=unknown
PHASE_GUARD 500
PHASE_START 13 HF-FLRC-2600-64 pktSize=64
SYNC_NOT_FOUND first4=72C4401F
SYNC_NOT_FOUND first4=2EC76FA0
SYNC_NOT_FOUND first4=0FE5B0A3
SYNC_NOT_FOUND first4=F466F749
SYNC_NOT_FOUND first4=D6DA1BF9
SYNC_NOT_FOUND first4=504F6A05
2026-07-26T13:00:46.168009+00:00 SYNC_NOT_FOUND first4=B94C5E51
SYNC_NOT_FOUND first4=D6E3F466
SYNC_NOT_FOUND first4=DEFDBB31
SYNC_NOT_FOUND first4=17839AA9
SYNC_NOT_FOUND first4=32AA8F9A
PHASE_RESULT 13 HF-FLRC-2600-64 pktSize=64 rx=0 unique=0 lost=100 per=100.0 rssi_avg=0 rssi_min=0 crc_err=0 garbage=11 tx_lat=0.00000 tx_lon=0.00000 sats=0 fix=0 utc=0 tx_fw=none rx_fw=unknown
PHASE_GUARD 500
PHASE_START 14 HF-FLRC-2600-128 pktSize=128
SYNC_NOT_FOUND first4=0FF2E49A
2026-07-26T13:00:47.178749+00:00 SYNC_NOT_FOUND first4=61EB6866
SYNC_NOT_FOUND first4=5B3953CF
SYNC_NOT_FOUND first4=5AA9BB94
SYNC_NOT_FOUND first4=881C819E
SYNC_NOT_FOUND first4=0599F3ED
SYNC_NOT_FOUND first4=DD736E1D
SYNC_NOT_FOUND first4=3CB973A0
SYNC_NOT_FOUND first4=02A5C0D4
2026-07-26T13:00:48.189204+00:00 SYNC_NOT_FOUND first4=EE4A5291
SYNC_NOT_FOUND first4=680E2E54
PHASE_RESULT 14 HF-FLRC-2600-128 pktSize=128 rx=0 unique=0 lost=100 per=100.0 rssi_avg=0 rssi_min=0 crc_err=0 garbage=11 tx_lat=0.00000 tx_lon=0.00000 sats=0 fix=0 utc=0 tx_fw=none rx_fw=unknown
PHASE_GUARD 500
PHASE_START 15 HF-FLRC-2600-255 pktSize=255
2026-07-26T13:00:49.201893+00:00 SYNC_NOT_FOUND first4=493352B7
SYNC_NOT_FOUND first4=3B386F6F
SYNC_NOT_FOUND first4=E426F897
SYNC_NOT_FOUND first4=B93CB1E6
SYNC_NOT_FOUND first4=218B2C42
SYNC_NOT_FOUND first4=B82FC0FE
2026-07-26T13:00:50.208015+00:00 SYNC_NOT_FOUND first4=2750F8C3
SYNC_NOT_FOUND first4=9807F82E
SYNC_NOT_FOUND first4=AEA7C722
PHASE_RESULT 15 HF-FLRC-2600-255 pktSize=255 rx=0 unique=0 lost=100 per=100.0 rssi_avg=0 rssi_min=0 crc_err=0 garbage=9 tx_lat=0.00000 tx_lon=0.00000 sats=0 fix=0 utc=0 tx_fw=none rx_fw=unknown
PHASE_GUARD 500
PHASE_START 16 HF-FLRC-1300-32 pktSize=32
SYNC_NOT_FOUND first4=8FECCFA6
2026-07-26T13:00:51.212335+00:00 SYNC_NOT_FOUND first4=07764864
2026-07-26T13:00:52.223159+00:00 SYNC_NOT_FOUND first4=F67C9452
SYNC_NOT_FOUND first4=0DB7FD0E
SYNC_NOT_FOUND first4=46236A3E
PHASE_RESULT 16 HF-FLRC-1300-32 pktSize=32 rx=0 unique=0 lost=100 per=100.0 rssi_avg=0 rssi_min=0 crc_err=0 garbage=5 tx_lat=0.00000 tx_lon=0.00000 sats=0 fix=0 utc=0 tx_fw=none rx_fw=unknown
PHASE_GUARD 500
PHASE_START 17 HF-FLRC-1300-64 pktSize=64
2026-07-26T13:00:53.233875+00:00 SYNC_NOT_FOUND first4=5DF358ED
SYNC_NOT_FOUND first4=B68C3D00
SYNC_NOT_FOUND first4=5917B152
SYNC_NOT_FOUND first4=685D3B26
2026-07-26T13:00:54.242978+00:00 SYNC_NOT_FOUND first4=FB267B6E
SYNC_NOT_FOUND first4=CD206FD8
SYNC_NOT_FOUND first4=8C1AAE71
SYNC_NOT_FOUND first4=5BBD5716
PHASE_RESULT 17 HF-FLRC-1300-64 pktSize=64 rx=0 unique=0 lost=100 per=100.0 rssi_avg=0 rssi_min=0 crc_err=0 garbage=8 tx_lat=0.00000 tx_lon=0.00000 sats=0 fix=0 utc=0 tx_fw=none rx_fw=unknown
PHASE_GUARD 500
PHASE_START 18 HF-FLRC-1300-128 pktSize=128
TIME_SYNCED utc=1785070853 offset=1785062473
PHASE_RESULT 18 HF-FLRC-1300-128 pktSize=128 rx=0 unique=0 lost=100 per=100.0 rssi_avg=0 rssi_min=0 crc_err=0 garbage=0 tx_lat=0.00000 tx_lon=0.00000 sats=0 fix=0 utc=0 tx_fw=none rx_fw=unknown
PHASE_GUARD 500
PHASE_START 17 HF-FLRC-1300-64 pktSize=64
SYNC_NOT_FOUND first4=AD13E38B
2026-07-26T13:00:55.253911+00:00 TIME_SYNCED utc=1785070854 offset=1785062474
PHASE_RESULT 17 HF-FLRC-1300-64 pktSize=64 rx=0 unique=0 lost=100 per=100.0 rssi_avg=0 rssi_min=0 crc_err=0 garbage=1 tx_lat=0.00000 tx_lon=0.00000 sats=0 fix=0 utc=0 tx_fw=none rx_fw=unknown
PHASE_GUARD 500
PHASE_START 18 HF-FLRC-1300-128 pktSize=128
SYNC_NOT_FOUND first4=55FF28A2
SYNC_NOT_FOUND first4=E15BA946
2026-07-26T13:00:56.267054+00:00 SYNC_NOT_FOUND first4=6F658EFE
SYNC_NOT_FOUND first4=A2218BF9
PHASE_RESULT 18 HF-FLRC-1300-128 pktSize=128 rx=0 unique=0 lost=100 per=100.0 rssi_avg=0 rssi_min=0 crc_err=0 garbage=4 tx_lat=0.00000 tx_lon=0.00000 sats=0 fix=0 utc=0 tx_fw=none rx_fw=unknown
PHASE_GUARD 500
PHASE_START 19 HF-FLRC-1300-255 pktSize=255
2026-07-26T13:00:57.271154+00:00 SYNC_NOT_FOUND first4=E355E516
2026-07-26T13:00:58.281682+00:00 PHASE_RESULT 19 HF-FLRC-1300-255 pktSize=255 rx=0 unique=0 lost=100 per=100.0 rssi_avg=0 rssi_min=0 crc_err=0 garbage=1 tx_lat=0.00000 tx_lon=0.00000 sats=0 fix=0 utc=0 tx_fw=none rx_fw=unknown
PHASE_GUARD 500
PHASE_START 20 HF-FLRC-650-32 pktSize=32
SYNC_NOT_FOUND first4=FEE75E99
SYNC_NOT_FOUND first4=C8B8A137
SYNC_NOT_FOUND first4=4509647D
SYNC_NOT_FOUND first4=299A611B
SYNC_NOT_FOUND first4=65DD9982
2026-07-26T13:00:59.292290+00:00 SYNC_NOT_FOUND first4=CF49F88D
SYNC_NOT_FOUND first4=E9D0B12C
SYNC_NOT_FOUND first4=A585D2D5
SYNC_NOT_FOUND first4=C5EF5D9B
SYNC_NOT_FOUND first4=A527918A
SYNC_NOT_FOUND first4=1F385E35
SYNC_NOT_FOUND first4=A728C30A
SYNC_NOT_FOUND first4=5715425D
SYNC_NOT_FOUND first4=F169E6B5
SYNC_NOT_FOUND first4=F6388FAB
SYNC_NOT_FOUND first4=E7171388
SYNC_NOT_FOUND first4=8CA0F560
SYNC_NOT_FOUND first4=8B453536
SYNC_NOT_FOUND first4=2224DF6E
SYNC_NOT_FOUND first4=10CD502C
SYNC_NOT_FOUND first4=ACEEA218
SYNC_NOT_FOUND first4=40A5C2C3
SYNC_NOT_FOUND first4=DD9D3A9A
SYNC_NOT_FOUND first4=E9486DC1
SYNC_NOT_FOUND first4=A3888017
SYNC_NOT_FOUND first4=25634E89
SYNC_NOT_FOUND first4=D36EBD88
SYNC_NOT_FOUND first4=8F14EC38
2026-07-26T13:01:00.296035+00:00 SYNC_NOT_FOUND first4=FEFFD359
SYNC_NOT_FOUND first4=740ED973
SYNC_NOT_FOUND first4=5FF3D2A9
SYNC_NOT_FOUND first4=9C1922E3
SYNC_NOT_FOUND first4=41EC6E1C
SYNC_NOT_FOUND first4=9C3C521D
SYNC_NOT_FOUND first4=C3FD3A00
SYNC_NOT_FOUND first4=DB96461D
SYNC_NOT_FOUND first4=F1B7B86B
PHASE_RESULT 20 HF-FLRC-650-32 pktSize=32 rx=0 unique=0 lost=100 per=100.0 rssi_avg=0 rssi_min=0 crc_err=0 garbage=37 tx_lat=0.00000 tx_lon=0.00000 sats=0 fix=0 utc=0 tx_fw=none rx_fw=unknown
PHASE_GUARD 500
PHASE_START 21 HF-FLRC-650-64 pktSize=64
SYNC_NOT_FOUND first4=04FBB95B
SYNC_NOT_FOUND first4=FDAC89AD
SYNC_NOT_FOUND first4=E328D4B4
SYNC_NOT_FOUND first4=95156185
2026-07-26T13:01:01.307242+00:00 SYNC_NOT_FOUND first4=843CA0D7
SYNC_NOT_FOUND first4=55E275B2
SYNC_NOT_FOUND first4=14739B0C
SYNC_NOT_FOUND first4=E0EA0DCB
SYNC_NOT_FOUND first4=DA60A1B8
SYNC_NOT_FOUND first4=52806ADC
SYNC_NOT_FOUND first4=E5030A52
SYNC_NOT_FOUND first4=D35D98F8
SYNC_NOT_FOUND first4=E7DCFBA3
SYNC_NOT_FOUND first4=1AA8AD17
SYNC_NOT_FOUND first4=74053A20
SYNC_NOT_FOUND first4=5108191B
SYNC_NOT_FOUND first4=8B4E1A3E
SYNC_NOT_FOUND first4=8720818C
SYNC_NOT_FOUND first4=19016866
2026-07-26T13:01:02.318333+00:00 SYNC_NOT_FOUND first4=BC118FEA
SYNC_NOT_FOUND first4=4A17D718
SYNC_NOT_FOUND first4=5B2EADD4
SYNC_NOT_FOUND first4=BF136C00
SYNC_NOT_FOUND first4=7BE68E94
SYNC_NOT_FOUND first4=F56C7AFA
SYNC_NOT_FOUND first4=EA137D1F
SYNC_NOT_FOUND first4=DC327705
SYNC_NOT_FOUND first4=1857A59B
SYNC_NOT_FOUND first4=1C2D027F
SYNC_NOT_FOUND first4=42BA6979
SYNC_NOT_FOUND first4=036063D7
PHASE_RESULT 21 HF-FLRC-650-64 pktSize=64 rx=0 unique=0 lost=100 per=100.0 rssi_avg=0 rssi_min=0 crc_err=0 garbage=31 tx_lat=0.00000 tx_lon=0.00000 sats=0 fix=0 utc=0 tx_fw=none rx_fw=unknown
PHASE_GUARD 500
PHASE_START 22 HF-FLRC-650-128 pktSize=128
SYNC_NOT_FOUND first4=6F93E01C
SYNC_NOT_FOUND first4=DE758110
SYNC_NOT_FOUND first4=B101B343
SYNC_NOT_FOUND first4=0D5979E1
SYNC_NOT_FOUND first4=B5C27F1C
SYNC_NOT_FOUND first4=ECA0C8DD
SYNC_NOT_FOUND first4=D424E909
SYNC_NOT_FOUND first4=86C6DFF3
SYNC_NOT_FOUND first4=434F5F02
SYNC_NOT_FOUND first4=42E31850
SYNC_NOT_FOUND first4=17C0D315
2026-07-26T13:01:03.328994+00:00 SYNC_NOT_FOUND first4=84D76028
SYNC_NOT_FOUND first4=3B1397DE
SYNC_NOT_FOUND first4=E159BC05
SYNC_NOT_FOUND first4=D0A20076
SYNC_NOT_FOUND first4=6143CF3E
SYNC_NOT_FOUND first4=1B194ABD
SYNC_NOT_FOUND first4=D5069A70
SYNC_NOT_FOUND first4=430E8B36
SYNC_NOT_FOUND first4=5C798E1D
SYNC_NOT_FOUND first4=8493C82A
SYNC_NOT_FOUND first4=07A4A292
SYNC_NOT_FOUND first4=18BB0659
SYNC_NOT_FOUND first4=D04D306D
SYNC_NOT_FOUND first4=2ED4CB44
SYNC_NOT_FOUND first4=589C3043
SYNC_NOT_FOUND first4=51EFD2A2
SYNC_NOT_FOUND first4=AEDB2661
2026-07-26T13:01:04.340800+00:00 SYNC_NOT_FOUND first4=5241E470
SYNC_NOT_FOUND first4=8D4B60AD
SYNC_NOT_FOUND first4=E28DA127
SYNC_NOT_FOUND first4=2F86248C
SYNC_NOT_FOUND first4=582D28D6
SYNC_NOT_FOUND first4=48415ACB
SYNC_NOT_FOUND first4=F129F9F8
SYNC_NOT_FOUND first4=D1B27012
SYNC_NOT_FOUND first4=20B915AC
SYNC_NOT_FOUND first4=F4218636
SYNC_NOT_FOUND first4=3DD2F62D
SYNC_NOT_FOUND first4=E9BD6216
PHASE_RESULT 22 HF-FLRC-650-128 pktSize=128 rx=0 unique=0 lost=100 per=100.0 rssi_avg=0 rssi_min=0 crc_err=0 garbage=40 tx_lat=0.00000 tx_lon=0.00000 sats=0 fix=0 utc=0 tx_fw=none rx_fw=unknown
PHASE_GUARD 500
PHASE_START 23 HF-FLRC-650-255 pktSize=255
TIME_SYNCED utc=1785070863 offset=1785062473
PHASE_RESULT 23 HF-FLRC-650-255 pktSize=255 rx=0 unique=0 lost=100 per=100.0 rssi_avg=0 rssi_min=0 crc_err=0 garbage=0 tx_lat=0.00000 tx_lon=0.00000 sats=0 fix=0 utc=0 tx_fw=none rx_fw=unknown
PHASE_GUARD 500
PHASE_START 22 HF-FLRC-650-128 pktSize=128
SYNC_NOT_FOUND first4=C4625A42
SYNC_NOT_FOUND first4=39057988
2026-07-26T13:01:05.351942+00:00 TIME_SYNCED utc=1785070864 offset=1785062474
PHASE_RESULT 22 HF-FLRC-650-128 pktSize=128 rx=0 unique=0 lost=100 per=100.0 rssi_avg=0 rssi_min=0 crc_err=0 garbage=2 tx_lat=0.00000 tx_lon=0.00000 sats=0 fix=0 utc=0 tx_fw=none rx_fw=unknown
PHASE_GUARD 500
PHASE_START 23 HF-FLRC-650-255 pktSize=255
SYNC_NOT_FOUND first4=5EBAC71D
SYNC_NOT_FOUND first4=AA8E46C1
SYNC_NOT_FOUND first4=3935355E
SYNC_NOT_FOUND first4=3BD0C5B8
SYNC_NOT_FOUND first4=53B98949
SYNC_NOT_FOUND first4=3EF8D3A0
SYNC_NOT_FOUND first4=BCF0B824
SYNC_NOT_FOUND first4=8C6ECE1E
SYNC_NOT_FOUND first4=B61763CC
SYNC_NOT_FOUND first4=171498B5
2026-07-26T13:01:06.363354+00:00 SYNC_NOT_FOUND first4=07E0ADD9
SYNC_NOT_FOUND first4=F8FF7A14
SYNC_NOT_FOUND first4=5D810B0B
SYNC_NOT_FOUND first4=19066EB7
SYNC_NOT_FOUND first4=5506376C
SYNC_NOT_FOUND first4=EF5F258B
SYNC_NOT_FOUND first4=B587EBD2
SYNC_NOT_FOUND first4=9DE2EE98
PHASE_RESULT 23 HF-FLRC-650-255 pktSize=255 rx=0 unique=0 lost=100 per=100.0 rssi_avg=0 rssi_min=0 crc_err=0 garbage=18 tx_lat=0.00000 tx_lon=0.00000 sats=0 fix=0 utc=0 tx_fw=none rx_fw=unknown
PHASE_GUARD 500
PHASE_START 24 HF-FLRC-325-32 pktSize=32
SYNC_NOT_FOUND first4=7BB4D6E9
2026-07-26T13:01:08.426181+00:00 PHASE_RESULT 24 HF-FLRC-325-32 pktSize=32 rx=0 unique=0 lost=100 per=100.0 rssi_avg=0 rssi_min=0 crc_err=0 garbage=1 tx_lat=0.00000 tx_lon=0.00000 sats=0 fix=0 utc=0 tx_fw=none rx_fw=unknown
PHASE_GUARD 500
PHASE_START 25 HF-FLRC-325-64 pktSize=64
2026-07-26T13:01:09.437284+00:00 SYNC_NOT_FOUND first4=36A36FBA
2026-07-26T13:01:10.448869+00:00 SYNC_NOT_FOUND first4=1314B8ED
SYNC_NOT_FOUND first4=41648D27
PHASE_RESULT 25 HF-FLRC-325-64 pktSize=64 rx=0 unique=0 lost=100 per=100.0 rssi_avg=0 rssi_min=0 crc_err=0 garbage=3 tx_lat=0.00000 tx_lon=0.00000 sats=0 fix=0 utc=0 tx_fw=none rx_fw=unknown
PHASE_GUARD 500
PHASE_START 26 HF-FLRC-325-128 pktSize=128
2026-07-26T13:01:11.459992+00:00 SYNC_NOT_FOUND first4=8CD46729
SYNC_NOT_FOUND first4=7F1AEC5E
SYNC_NOT_FOUND first4=2C027D19
2026-07-26T13:01:12.471308+00:00 PHASE_RESULT 26 HF-FLRC-325-128 pktSize=128 rx=0 unique=0 lost=100 per=100.0 rssi_avg=0 rssi_min=0 crc_err=0 garbage=3 tx_lat=0.00000 tx_lon=0.00000 sats=0 fix=0 utc=0 tx_fw=none rx_fw=unknown
PHASE_GUARD 500
PHASE_START 27 HF-FLRC-325-255 pktSize=255
SYNC_NOT_FOUND first4=2374F41F
2026-07-26T13:01:13.482223+00:00 SYNC_NOT_FOUND first4=1F7E74E8
SYNC_NOT_FOUND first4=11CCFD6B
SYNC_NOT_FOUND first4=30576C7D
SYNC_NOT_FOUND first4=AD4BAB41
SYNC_NOT_FOUND first4=14DCDC69
SYNC_NOT_FOUND first4=503C789F
SYNC_NOT_FOUND first4=8A50277A
2026-07-26T13:01:14.493300+00:00 SYNC_NOT_FOUND first4=52F2A868
PHASE_RESULT 27 HF-FLRC-325-255 pktSize=255 rx=0 unique=0 lost=100 per=100.0 rssi_avg=0 rssi_min=0 crc_err=0 garbage=9 tx_lat=0.00000 tx_lon=0.00000 sats=0 fix=0 utc=0 tx_fw=none rx_fw=unknown
PHASE_GUARD 500
LORA_CFG path=0 bw=0x05 sf=7
PHASE_START 28 LF-LoRa-SF7-32 pktSize=32
TIME_SYNCED utc=1785070873 offset=1785062473
PHASE_RESULT 28 LF-LoRa-SF7-32 pktSize=32 rx=0 unique=0 lost=20 per=100.0 rssi_avg=0 rssi_min=0 crc_err=0 garbage=0 tx_lat=0.00000 tx_lon=0.00000 sats=0 fix=0 utc=0 tx_fw=none rx_fw=unknown
PHASE_GUARD 500
PHASE_START 27 HF-FLRC-325-255 pktSize=255
SYNC_NOT_FOUND first4=6E094990
2026-07-26T13:01:15.497207+00:00 TIME_SYNCED utc=1785070874 offset=1785062474
PHASE_RESULT 27 HF-FLRC-325-255 pktSize=255 rx=0 unique=0 lost=100 per=100.0 rssi_avg=0 rssi_min=0 crc_err=0 garbage=1 tx_lat=0.00000 tx_lon=0.00000 sats=0 fix=0 utc=0 tx_fw=none rx_fw=unknown
PHASE_GUARD 500
LORA_CFG path=0 bw=0x05 sf=7
PHASE_START 28 LF-LoRa-SF7-32 pktSize=32
2026-07-26T13:01:16.505119+00:00 PHASE_RESULT 28 LF-LoRa-SF7-32 pktSize=32 rx=0 unique=0 lost=20 per=100.0 rssi_avg=0 rssi_min=0 crc_err=0 garbage=0 tx_lat=0.00000 tx_lon=0.00000 sats=0 fix=0 utc=0 tx_fw=none rx_fw=unknown
PHASE_GUARD 500
LORA_CFG path=0 bw=0x05 sf=7
PHASE_START 29 LF-LoRa-SF7-64 pktSize=64
2026-07-26T13:01:19.620226+00:00 PHASE_RESULT 29 LF-LoRa-SF7-64 pktSize=64 rx=0 unique=0 lost=20 per=100.0 rssi_avg=0 rssi_min=0 crc_err=0 garbage=0 tx_lat=0.00000 tx_lon=0.00000 sats=0 fix=0 utc=0 tx_fw=none rx_fw=unknown
PHASE_GUARD 500
LORA_CFG path=0 bw=0x05 sf=7
PHASE_START 30 LF-LoRa-SF7-128 pktSize=128
2026-07-26T13:01:23.779304+00:00 PHASE_RESULT 30 LF-LoRa-SF7-128 pktSize=128 rx=0 unique=0 lost=13 per=100.0 rssi_avg=0 rssi_min=0 crc_err=0 garbage=0 tx_lat=0.00000 tx_lon=0.00000 sats=0 fix=0 utc=0 tx_fw=none rx_fw=unknown
PHASE_GUARD 500
LORA_CFG path=0 bw=0x05 sf=7
PHASE_START 31 LF-LoRa-SF7-255 pktSize=255
2026-07-26T13:01:24.783229+00:00 TIME_SYNCED utc=1785070883 offset=1785062473
2026-07-26T13:01:25.787232+00:00 TIME_SYNCED utc=1785070884 offset=1785062474
2026-07-26T13:01:27.842228+00:00 PHASE_RESULT 31 LF-LoRa-SF7-255 pktSize=255 rx=0 unique=0 lost=7 per=100.0 rssi_avg=0 rssi_min=0 crc_err=0 garbage=0 tx_lat=0.00000 tx_lon=0.00000 sats=0 fix=0 utc=0 tx_fw=none rx_fw=unknown
PHASE_GUARD 500
LORA_CFG path=0 bw=0x05 sf=9
PHASE_START 32 LF-LoRa-SF9-32 pktSize=32
2026-07-26T13:01:30.954757+00:00 PHASE_RESULT 32 LF-LoRa-SF9-32 pktSize=32 rx=0 unique=0 lost=7 per=100.0 rssi_avg=0 rssi_min=0 crc_err=0 garbage=0 tx_lat=0.00000 tx_lon=0.00000 sats=0 fix=0 utc=0 tx_fw=none rx_fw=unknown
PHASE_GUARD 500
LORA_CFG path=0 bw=0x05 sf=9
2026-07-26T13:01:31.966352+00:00 PHASE_START 33 LF-LoRa-SF9-64 pktSize=64
2026-07-26T13:01:34.028802+00:00 PHASE_RESULT 33 LF-LoRa-SF9-64 pktSize=64 rx=0 unique=0 lost=3 per=100.0 rssi_avg=0 rssi_min=0 crc_err=0 garbage=0 tx_lat=0.00000 tx_lon=0.00000 sats=0 fix=0 utc=0 tx_fw=none rx_fw=unknown
PHASE_GUARD 500
LORA_CFG path=0 bw=0x05 sf=9
PHASE_START 34 LF-LoRa-SF9-128 pktSize=128
TIME_SYNCED utc=1785070893 offset=1785062473
PHASE_RESULT 34 LF-LoRa-SF9-128 pktSize=128 rx=0 unique=0 lost=1 per=100.0 rssi_avg=0 rssi_min=0 crc_err=0 garbage=0 tx_lat=0.00000 tx_lon=0.00000 sats=0 fix=0 utc=0 tx_fw=none rx_fw=unknown
PHASE_GUARD 500
2026-07-26T13:01:35.032545+00:00 LORA_CFG path=0 bw=0x05 sf=9
PHASE_START 33 LF-LoRa-SF9-64 pktSize=64
PHASE_RESULT 33 LF-LoRa-SF9-64 pktSize=64 rx=0 unique=0 lost=3 per=100.0 rssi_avg=0 rssi_min=0 crc_err=0 garbage=0 tx_lat=0.00000 tx_lon=0.00000 sats=0 fix=0 utc=0 tx_fw=none rx_fw=unknown
PHASE_GUARD 500
LORA_CFG path=0 bw=0x05 sf=9
PHASE_START 34 LF-LoRa-SF9-128 pktSize=128
2026-07-26T13:01:36.036372+00:00 TIME_SYNCED utc=1785070895 offset=1785062474
PHASE_RESULT 34 LF-LoRa-SF9-128 pktSize=128 rx=0 unique=0 lost=1 per=100.0 rssi_avg=0 rssi_min=0 crc_err=0 garbage=0 tx_lat=0.00000 tx_lon=0.00000 sats=0 fix=0 utc=0 tx_fw=none rx_fw=unknown
PHASE_GUARD 500
LORA_CFG path=0 bw=0x05 sf=9
PHASE_START 35 LF-LoRa-SF9-255 pktSize=255
2026-07-26T13:01:40.194119+00:00 PHASE_RESULT 35 LF-LoRa-SF9-255 pktSize=255 rx=0 unique=0 lost=1 per=100.0 rssi_avg=0 rssi_min=0 crc_err=0 garbage=0 tx_lat=0.00000 tx_lon=0.00000 sats=0 fix=0 utc=0 tx_fw=none rx_fw=unknown
PHASE_GUARD 500
LORA_CFG path=0 bw=0x05 sf=12
PHASE_START 36 LF-LoRa-SF12-32 pktSize=32
2026-07-26T13:01:44.357851+00:00 TIME_SYNCED utc=1785070903 offset=1785062473
2026-07-26T13:01:46.421621+00:00 TIME_SYNCED utc=1785070905 offset=1785062474
2026-07-26T13:01:54.782203+00:00 TIME_SYNCED utc=1785070913 offset=1785062473
2026-07-26T13:01:56.837369+00:00 PHASE_RESULT 36 LF-LoRa-SF12-32 pktSize=32 rx=0 unique=0 lost=1 per=100.0 rssi_avg=0 rssi_min=0 crc_err=0 garbage=0 tx_lat=0.00000 tx_lon=0.00000 sats=0 fix=0 utc=0 tx_fw=none rx_fw=unknown
PHASE_GUARD 500
LORA_CFG path=0 bw=0x05 sf=12
PHASE_START 37 LF-LoRa-SF12-SKIP SKIP pktSize=64
TIME_SYNCED utc=1785070915 offset=1785062473
PHASE_RESULT 37 LF-LoRa-SF12-SKIP pktSize=64 rx=0 unique=0 lost=0 per=0.0 rssi_avg=0 rssi_min=0 crc_err=0 garbage=0 tx_lat=0.00000 tx_lon=0.00000 sats=0 fix=0 utc=0 tx_fw=none rx_fw=unknown
PHASE_GUARD 500
2026-07-26T13:01:57.841103+00:00 LORA_CFG path=0 bw=0x05 sf=12
PHASE_START 38 LF-LoRa-SF12-SKIP SKIP pktSize=128
PHASE_RESULT 38 LF-LoRa-SF12-SKIP pktSize=128 rx=0 unique=0 lost=0 per=0.0 rssi_avg=0 rssi_min=0 crc_err=0 garbage=0 tx_lat=0.00000 tx_lon=0.00000 sats=0 fix=0 utc=0 tx_fw=none rx_fw=unknown
PHASE_GUARD 500
2026-07-26T13:01:58.844672+00:00 LORA_CFG path=0 bw=0x05 sf=12
PHASE_START 39 LF-LoRa-SF12-SKIP SKIP pktSize=255
PHASE_RESULT 39 LF-LoRa-SF12-SKIP pktSize=255 rx=0 unique=0 lost=0 per=0.0 rssi_avg=0 rssi_min=0 crc_err=0 garbage=0 tx_lat=0.00000 tx_lon=0.00000 sats=0 fix=0 utc=0 tx_fw=none rx_fw=unknown
PHASE_GUARD 500
2026-07-26T13:01:59.848391+00:00 PHASE_START 40 LF-FLRC-2600-32 pktSize=32
SYNC_NOT_FOUND first4=065C9A42
SYNC_NOT_FOUND first4=1D033A43
2026-07-26T13:02:00.859667+00:00 SYNC_NOT_FOUND first4=2EB2EA20
PHASE_RESULT 40 LF-FLRC-2600-32 pktSize=32 rx=0 unique=0 lost=100 per=100.0 rssi_avg=0 rssi_min=0 crc_err=0 garbage=3 tx_lat=0.00000 tx_lon=0.00000 sats=0 fix=0 utc=0 tx_fw=none rx_fw=unknown
PHASE_GUARD 500
2026-07-26T13:02:01.872144+00:00 PHASE_START 41 LF-FLRC-2600-64 pktSize=64
SYNC_NOT_FOUND first4=5CD7C54E
2026-07-26T13:02:02.882736+00:00 SYNC_NOT_FOUND first4=19CF7219
SYNC_NOT_FOUND first4=4FCD006F
PHASE_RESULT 41 LF-FLRC-2600-64 pktSize=64 rx=0 unique=0 lost=100 per=100.0 rssi_avg=0 rssi_min=0 crc_err=0 garbage=3 tx_lat=0.00000 tx_lon=0.00000 sats=0 fix=0 utc=0 tx_fw=none rx_fw=unknown
PHASE_GUARD 500
2026-07-26T13:02:03.894029+00:00 PHASE_START 42 LF-FLRC-2600-128 pktSize=128
SYNC_NOT_FOUND first4=D322C1F8
2026-07-26T13:02:04.905181+00:00 TIME_SYNCED utc=1785070923 offset=1785062473
SYNC_NOT_FOUND first4=A78124DF
PHASE_RESULT 42 LF-FLRC-2600-128 pktSize=128 rx=0 unique=0 lost=100 per=100.0 rssi_avg=0 rssi_min=0 crc_err=0 garbage=2 tx_lat=0.00000 tx_lon=0.00000 sats=0 fix=0 utc=0 tx_fw=none rx_fw=unknown
PHASE_GUARD 500
2026-07-26T13:02:05.917994+00:00 PHASE_START 43 LF-FLRC-2600-255 pktSize=255
2026-07-26T13:02:06.929447+00:00 TIME_SYNCED utc=1785070925 offset=1785062473
PHASE_RESULT 43 LF-FLRC-2600-255 pktSize=255 rx=0 unique=0 lost=100 per=100.0 rssi_avg=0 rssi_min=0 crc_err=0 garbage=0 tx_lat=0.00000 tx_lon=0.00000 sats=0 fix=0 utc=0 tx_fw=none rx_fw=unknown
PHASE_GUARD 500
2026-07-26T13:02:07.941218+00:00 PHASE_START 44 LF-FLRC-1300-32 pktSize=32
SYNC_NOT_FOUND first4=C72680D1
2026-07-26T13:02:08.952299+00:00 PHASE_RESULT 44 LF-FLRC-1300-32 pktSize=32 rx=0 unique=0 lost=100 per=100.0 rssi_avg=0 rssi_min=0 crc_err=0 garbage=1 tx_lat=0.00000 tx_lon=0.00000 sats=0 fix=0 utc=0 tx_fw=none rx_fw=unknown
PHASE_GUARD 500
2026-07-26T13:02:09.963352+00:00 PHASE_START 45 LF-FLRC-1300-64 pktSize=64
2026-07-26T13:02:10.974501+00:00 PHASE_RESULT 45 LF-FLRC-1300-64 pktSize=64 rx=0 unique=0 lost=100 per=100.0 rssi_avg=0 rssi_min=0 crc_err=0 garbage=0 tx_lat=0.00000 tx_lon=0.00000 sats=0 fix=0 utc=0 tx_fw=none rx_fw=unknown
PHASE_GUARD 500
PHASE_START 46 LF-FLRC-1300-128 pktSize=128
2026-07-26T13:02:13.035877+00:00 PHASE_RESULT 46 LF-FLRC-1300-128 pktSize=128 rx=0 unique=0 lost=100 per=100.0 rssi_avg=0 rssi_min=0 crc_err=0 garbage=0 tx_lat=0.00000 tx_lon=0.00000 sats=0 fix=0 utc=0 tx_fw=none rx_fw=unknown
PHASE_GUARD 500
PHASE_START 47 LF-FLRC-1300-255 pktSize=255
2026-07-26T13:02:14.039604+00:00 TIME_SYNCED utc=1785070933 offset=1785062473
2026-07-26T13:02:15.043546+00:00 PHASE_RESULT 47 LF-FLRC-1300-255 pktSize=255 rx=0 unique=0 lost=100 per=100.0 rssi_avg=0 rssi_min=0 crc_err=0 garbage=0 tx_lat=0.00000 tx_lon=0.00000 sats=0 fix=0 utc=0 tx_fw=none rx_fw=unknown
PHASE_GUARD 500
PHASE_START 48 LF-FLRC-650-32 pktSize=32
2026-07-26T13:02:17.105835+00:00 TIME_SYNCED utc=1785070936 offset=1785062474
PHASE_RESULT 48 LF-FLRC-650-32 pktSize=32 rx=0 unique=0 lost=100 per=100.0 rssi_avg=0 rssi_min=0 crc_err=0 garbage=0 tx_lat=0.00000 tx_lon=0.00000 sats=0 fix=0 utc=0 tx_fw=none rx_fw=unknown
PHASE_GUARD 500
PHASE_START 49 LF-FLRC-650-64 pktSize=64
SYNC_NOT_FOUND first4=F9C20AD4
SYNC_NOT_FOUND first4=40C55C54
SYNC_NOT_FOUND first4=AD9415DA
2026-07-26T13:02:18.116925+00:00 PHASE_RESULT 49 LF-FLRC-650-64 pktSize=64 rx=0 unique=0 lost=100 per=100.0 rssi_avg=0 rssi_min=0 crc_err=0 garbage=3 tx_lat=0.00000 tx_lon=0.00000 sats=0 fix=0 utc=0 tx_fw=none rx_fw=unknown
PHASE_GUARD 500
PHASE_START 50 LF-FLRC-650-128 pktSize=128
2026-07-26T13:02:19.128130+00:00 SYNC_NOT_FOUND first4=F2A69FDC
SYNC_NOT_FOUND first4=2D0EC2DA
2026-07-26T13:02:20.139458+00:00 SYNC_NOT_FOUND first4=166512E0
PHASE_RESULT 50 LF-FLRC-650-128 pktSize=128 rx=0 unique=0 lost=100 per=100.0 rssi_avg=0 rssi_min=0 crc_err=0 garbage=3 tx_lat=0.00000 tx_lon=0.00000 sats=0 fix=0 utc=0 tx_fw=none rx_fw=unknown
PHASE_GUARD 500
PHASE_START 51 LF-FLRC-650-255 pktSize=255
2026-07-26T13:02:21.151664+00:00 SYNC_NOT_FOUND first4=6C9EEF24
SYNC_NOT_FOUND first4=56D47D2A
SYNC_NOT_FOUND first4=FF5BA8B4
SYNC_NOT_FOUND first4=69B8071C
2026-07-26T13:02:22.155823+00:00 SYNC_NOT_FOUND first4=FF760586
SYNC_NOT_FOUND first4=1A042203
SYNC_NOT_FOUND first4=48FC6D4E
SYNC_NOT_FOUND first4=82FDF95E
PHASE_RESULT 51 LF-FLRC-650-255 pktSize=255 rx=0 unique=0 lost=100 per=100.0 rssi_avg=0 rssi_min=0 crc_err=0 garbage=8 tx_lat=0.00000 tx_lon=0.00000 sats=0 fix=0 utc=0 tx_fw=none rx_fw=unknown
PHASE_GUARD 500
PHASE_START 52 LF-FLRC-325-32 pktSize=32
2026-07-26T13:02:23.167682+00:00 SYNC_NOT_FOUND first4=3923CB13
2026-07-26T13:02:24.178783+00:00 SYNC_NOT_FOUND first4=FD0B4DA1
PHASE_RESULT 52 LF-FLRC-325-32 pktSize=32 rx=0 unique=0 lost=100 per=100.0 rssi_avg=0 rssi_min=0 crc_err=0 garbage=2 tx_lat=0.00000 tx_lon=0.00000 sats=0 fix=0 utc=0 tx_fw=none rx_fw=unknown
PHASE_GUARD 500
PHASE_START 53 LF-FLRC-325-64 pktSize=64
TIME_SYNCED utc=1785070944 offset=1785062474
2026-07-26T13:02:26.241288+00:00 PHASE_RESULT 53 LF-FLRC-325-64 pktSize=64 rx=0 unique=0 lost=100 per=100.0 rssi_avg=0 rssi_min=0 crc_err=0 garbage=0 tx_lat=0.00000 tx_lon=0.00000 sats=0 fix=0 utc=0 tx_fw=none rx_fw=unknown
PHASE_GUARD 500
PHASE_START 54 LF-FLRC-325-128 pktSize=128
2026-07-26T13:02:27.246279+00:00 TIME_SYNCED utc=1785070946 offset=1785062474
2026-07-26T13:02:28.257453+00:00 PHASE_RESULT 54 LF-FLRC-325-128 pktSize=128 rx=0 unique=0 lost=100 per=100.0 rssi_avg=0 rssi_min=0 crc_err=0 garbage=0 tx_lat=0.00000 tx_lon=0.00000 sats=0 fix=0 utc=0 tx_fw=none rx_fw=unknown
PHASE_GUARD 500
PHASE_START 55 LF-FLRC-325-255 pktSize=255
2026-07-26T13:02:30.312883+00:00 PHASE_RESULT 55 LF-FLRC-325-255 pktSize=255 rx=0 unique=0 lost=100 per=100.0 rssi_avg=0 rssi_min=0 crc_err=0 garbage=0 tx_lat=0.00000 tx_lon=0.00000 sats=0 fix=0 utc=0 tx_fw=none rx_fw=unknown
PHASE_GUARD 500
LORA_CFG path=1 bw=0x0F sf=7
PHASE_START 0 HF-LoRa-SF7-32 pktSize=32
2026-07-26T13:02:32.375953+00:00 PHASE_RESULT 0 HF-LoRa-SF7-32 pktSize=32 rx=0 unique=0 lost=20 per=100.0 rssi_avg=0 rssi_min=0 crc_err=0 garbage=0 tx_lat=0.00000 tx_lon=0.00000 sats=0 fix=0 utc=0 tx_fw=none rx_fw=unknown
PHASE_GUARD 500
LORA_CFG path=1 bw=0x0F sf=7
PHASE_START 1 HF-LoRa-SF7-64 pktSize=64
2026-07-26T13:02:34.442149+00:00 PHASE_RESULT 1 HF-LoRa-SF7-64 pktSize=64 rx=0 unique=0 lost=20 per=100.0 rssi_avg=0 rssi_min=0 crc_err=0 garbage=0 tx_lat=0.00000 tx_lon=0.00000 sats=0 fix=0 utc=0 tx_fw=none rx_fw=unknown
PHASE_GUARD 500
LORA_CFG path=1 bw=0x0F sf=7
PHASE_START 2 HF-LoRa-SF7-128 pktSize=128
TIME_SYNCED utc=1785070954 offset=1785062474
2026-07-26T13:02:36.497837+00:00 PHASE_RESULT 2 HF-LoRa-SF7-128 pktSize=128 rx=0 unique=0 lost=20 per=100.0 rssi_avg=0 rssi_min=0 crc_err=0 garbage=0 tx_lat=0.00000 tx_lon=0.00000 sats=0 fix=0 utc=0 tx_fw=none rx_fw=unknown
PHASE_GUARD 500
LORA_CFG path=1 bw=0x0F sf=7
PHASE_START 3 HF-LoRa-SF7-255 pktSize=255
2026-07-26T13:02:37.509347+00:00 TIME_SYNCED utc=1785070956 offset=1785062474
2026-07-26T13:02:39.572520+00:00 PHASE_RESULT 3 HF-LoRa-SF7-255 pktSize=255 rx=0 unique=0 lost=20 per=100.0 rssi_avg=0 rssi_min=0 crc_err=0 garbage=0 tx_lat=0.00000 tx_lon=0.00000 sats=0 fix=0 utc=0 tx_fw=none rx_fw=unknown
PHASE_GUARD 500
LORA_CFG path=1 bw=0x0F sf=9
PHASE_START 4 HF-LoRa-SF9-32 pktSize=32
2026-07-26T13:02:41.628440+00:00 PHASE_RESULT 4 HF-LoRa-SF9-32 pktSize=32 rx=0 unique=0 lost=20 per=100.0 rssi_avg=0 rssi_min=0 crc_err=0 garbage=0 tx_lat=0.00000 tx_lon=0.00000 sats=0 fix=0 utc=0 tx_fw=none rx_fw=unknown
PHASE_GUARD 500
LORA_CFG path=1 bw=0x0F sf=9
PHASE_START 5 HF-LoRa-SF9-64 pktSize=64
2026-07-26T13:02:44.742513+00:00 PHASE_RESULT 5 HF-LoRa-SF9-64 pktSize=64 rx=0 unique=0 lost=20 per=100.0 rssi_avg=0 rssi_min=0 crc_err=0 garbage=0 tx_lat=0.00000 tx_lon=0.00000 sats=0 fix=0 utc=0 tx_fw=none rx_fw=unknown
PHASE_GUARD 500
LORA_CFG path=1 bw=0x0F sf=9
PHASE_START 6 HF-LoRa-SF9-128 pktSize=128
TIME_SYNCED utc=1785070964 offset=1785062474
2026-07-26T13:02:47.856236+00:00 TIME_SYNCED utc=1785070966 offset=1785062473
2026-07-26T13:02:48.859574+00:00 PHASE_RESULT 6 HF-LoRa-SF9-128 pktSize=128 rx=0 unique=0 lost=13 per=100.0 rssi_avg=0 rssi_min=0 crc_err=0 garbage=0 tx_lat=0.00000 tx_lon=0.00000 sats=0 fix=0 utc=0 tx_fw=none rx_fw=unknown
PHASE_GUARD 500
2026-07-26T13:02:49.871242+00:00 LORA_CFG path=1 bw=0x0F sf=9
PHASE_START 7 HF-LoRa-SF9-255 pktSize=255
2026-07-26T13:02:51.926127+00:00 PHASE_RESULT 7 HF-LoRa-SF9-255 pktSize=255 rx=0 unique=0 lost=6 per=100.0 rssi_avg=0 rssi_min=0 crc_err=0 garbage=0 tx_lat=0.00000 tx_lon=0.00000 sats=0 fix=0 utc=0 tx_fw=none rx_fw=unknown
PHASE_GUARD 500
LORA_CFG path=1 bw=0x0F sf=12
2026-07-26T13:02:52.938068+00:00 PHASE_START 8 HF-LoRa-SF12-32 pktSize=32
2026-07-26T13:02:55.001254+00:00 TIME_SYNCED utc=1785070974 offset=1785062474
PHASE_RESULT 8 HF-LoRa-SF12-32 pktSize=32 rx=0 unique=0 lost=2 per=100.0 rssi_avg=0 rssi_min=0 crc_err=0 garbage=0 tx_lat=0.00000 tx_lon=0.00000 sats=0 fix=0 utc=0 tx_fw=none rx_fw=unknown
PHASE_GUARD 500
LORA_CFG path=1 bw=0x0F sf=12
PHASE_START 9 HF-LoRa-SF12-64 pktSize=64
2026-07-26T13:02:57.063934+00:00 PHASE_RESULT 9 HF-LoRa-SF12-64 pktSize=64 rx=0 unique=0 lost=1 per=100.0 rssi_avg=0 rssi_min=0 crc_err=0 garbage=0 tx_lat=0.00000 tx_lon=0.00000 sats=0 fix=0 utc=0 tx_fw=none rx_fw=unknown
PHASE_GUARD 500
LORA_CFG path=1 bw=0x0F sf=12
PHASE_START 10 HF-LoRa-SF12-128 pktSize=128
2026-07-26T13:02:58.076862+00:00 TIME_SYNCED utc=1785070977 offset=1785062474
2026-07-26T13:03:02.240807+00:00 PHASE_RESULT 10 HF-LoRa-SF12-128 pktSize=128 rx=0 unique=0 lost=1 per=100.0 rssi_avg=0 rssi_min=0 crc_err=0 garbage=0 tx_lat=0.00000 tx_lon=0.00000 sats=0 fix=0 utc=0 tx_fw=none rx_fw=unknown
PHASE_GUARD 500
LORA_CFG path=1 bw=0x0F sf=12
PHASE_START 11 HF-LoRa-SF12-255 pktSize=255
2026-07-26T13:03:04.295733+00:00 TIME_SYNCED utc=1785070984 offset=1785062474
2026-07-26T13:03:08.461660+00:00 TIME_SYNCED utc=1785070987 offset=1785062474
2026-07-26T13:03:12.618664+00:00 PHASE_RESULT 11 HF-LoRa-SF12-255 pktSize=255 rx=0 unique=0 lost=1 per=100.0 rssi_avg=0 rssi_min=0 crc_err=0 garbage=0 tx_lat=0.00000 tx_lon=0.00000 sats=0 fix=0 utc=0 tx_fw=none rx_fw=unknown
PHASE_GUARD 500
PHASE_START 12 HF-FLRC-2600-32 pktSize=32
SYNC_NOT_FOUND first4=54315960
SYNC_NOT_FOUND first4=B84520E9
SYNC_NOT_FOUND first4=66177EA2
SYNC_NOT_FOUND first4=AD26964B
SYNC_NOT_FOUND first4=AA365D66
SYNC_NOT_FOUND first4=C47E2DC8
2026-07-26T13:03:13.629528+00:00 SYNC_NOT_FOUND first4=A2E5F2DA
SYNC_NOT_FOUND first4=1D744DC0
SYNC_NOT_FOUND first4=76AFA895
SYNC_NOT_FOUND first4=52F12CEE
SYNC_NOT_FOUND first4=B118A925
SYNC_NOT_FOUND first4=E9FDC58A
SYNC_NOT_FOUND first4=A1EC4C3A
SYNC_NOT_FOUND first4=84730BCE
SYNC_NOT_FOUND first4=A9EB1A92
SYNC_NOT_FOUND first4=A7879AB8
SYNC_NOT_FOUND first4=8683B43B
SYNC_NOT_FOUND first4=1309902E
2026-07-26T13:03:14.633214+00:00 SYNC_NOT_FOUND first4=FB0E1CD0
SYNC_NOT_FOUND first4=92228E2E
PHASE_RESULT 12 HF-FLRC-2600-32 pktSize=32 rx=0 unique=0 lost=100 per=100.0 rssi_avg=0 rssi_min=0 crc_err=0 garbage=20 tx_lat=0.00000 tx_lon=0.00000 sats=0 fix=0 utc=0 tx_fw=none rx_fw=unknown
PHASE_GUARD 500
PHASE_START 13 HF-FLRC-2600-64 pktSize=64
SYNC_NOT_FOUND first4=0B9C8EDD
SYNC_NOT_FOUND first4=29DD8A07
SYNC_NOT_FOUND first4=E2E92EFB
TIME_SYNCED utc=1785070994 offset=1785062474
SYNC_NOT_FOUND first4=73746731
SYNC_NOT_FOUND first4=C8A9EB5C
SYNC_NOT_FOUND first4=2021A7B8
SYNC_NOT_FOUND first4=0510ABB5
2026-07-26T13:03:15.644642+00:00 SYNC_NOT_FOUND first4=52B6D5FD
SYNC_NOT_FOUND first4=9F49A42D
SYNC_NOT_FOUND first4=D19181E8
SYNC_NOT_FOUND first4=CFF9E806
SYNC_NOT_FOUND first4=1CD1059A
SYNC_NOT_FOUND first4=46A475AE
SYNC_NOT_FOUND first4=76C6EF2E
SYNC_NOT_FOUND first4=9D7A93A6
SYNC_NOT_FOUND first4=584DD312
SYNC_NOT_FOUND first4=C4F2D0A0
SYNC_NOT_FOUND first4=DC71B4E3
2026-07-26T13:03:16.655640+00:00 PHASE_RESULT 13 HF-FLRC-2600-64 pktSize=64 rx=0 unique=0 lost=100 per=100.0 rssi_avg=0 rssi_min=0 crc_err=0 garbage=18 tx_lat=0.00000 tx_lon=0.00000 sats=0 fix=0 utc=0 tx_fw=none rx_fw=unknown
PHASE_GUARD 500
PHASE_START 14 HF-FLRC-2600-128 pktSize=128
SYNC_NOT_FOUND first4=3171DCF5
SYNC_NOT_FOUND first4=361E7CB6
SYNC_NOT_FOUND first4=BD62F506
SYNC_NOT_FOUND first4=19B54DC6
2026-07-26T13:03:17.667191+00:00 SYNC_NOT_FOUND first4=72EB0823
SYNC_NOT_FOUND first4=798904B2
SYNC_NOT_FOUND first4=5CFBEBFE
SYNC_NOT_FOUND first4=8787F18B
SYNC_NOT_FOUND first4=F87DD6D5
SYNC_NOT_FOUND first4=B00BA209
SYNC_NOT_FOUND first4=AEB475B5
SYNC_NOT_FOUND first4=72DCE307
SYNC_NOT_FOUND first4=E41E2D51
SYNC_NOT_FOUND first4=B841C0C2
SYNC_NOT_FOUND first4=D0CEE9A4
SYNC_NOT_FOUND first4=C2EF5670
SYNC_NOT_FOUND first4=7189D86C
2026-07-26T13:03:18.679135+00:00 TIME_SYNCED utc=1785070997 offset=1785062474
PHASE_RESULT 14 HF-FLRC-2600-128 pktSize=128 rx=0 unique=0 lost=100 per=100.0 rssi_avg=0 rssi_min=0 crc_err=0 garbage=17 tx_lat=0.00000 tx_lon=0.00000 sats=0 fix=0 utc=0 tx_fw=none rx_fw=unknown
PHASE_GUARD 500
PHASE_START 15 HF-FLRC-2600-255 pktSize=255
2026-07-26T13:03:19.690244+00:00 SYNC_NOT_FOUND first4=25EFEF2C
SYNC_NOT_FOUND first4=D786E63B
SYNC_NOT_FOUND first4=81B368BA
2026-07-26T13:03:20.701251+00:00 SYNC_NOT_FOUND first4=0B8DD386
SYNC_NOT_FOUND first4=A4EED11B
SYNC_NOT_FOUND first4=B8DE2B0C
PHASE_RESULT 15 HF-FLRC-2600-255 pktSize=255 rx=0 unique=0 lost=100 per=100.0 rssi_avg=0 rssi_min=0 crc_err=0 garbage=6 tx_lat=0.00000 tx_lon=0.00000 sats=0 fix=0 utc=0 tx_fw=none rx_fw=unknown
PHASE_GUARD 500
PHASE_START 16 HF-FLRC-1300-32 pktSize=32
SYNC_NOT_FOUND first4=6B84144F
SYNC_NOT_FOUND first4=8F2FF002
2026-07-26T13:03:21.712225+00:00 SYNC_NOT_FOUND first4=08B58C08
SYNC_NOT_FOUND first4=9E3E0791
2026-07-26T13:03:22.716543+00:00 PHASE_RESULT 16 HF-FLRC-1300-32 pktSize=32 rx=0 unique=0 lost=100 per=100.0 rssi_avg=0 rssi_min=0 crc_err=0 garbage=4 tx_lat=0.00000 tx_lon=0.00000 sats=0 fix=0 utc=0 tx_fw=none rx_fw=unknown
PHASE_GUARD 500
PHASE_START 17 HF-FLRC-1300-64 pktSize=64
SYNC_NOT_FOUND first4=B982D7D5
SYNC_NOT_FOUND first4=CBF495FA
SYNC_NOT_FOUND first4=1BD26B4E
SYNC_NOT_FOUND first4=5E5A2F5A
SYNC_NOT_FOUND first4=600659F0
SYNC_NOT_FOUND first4=4C39EC0C
SYNC_NOT_FOUND first4=8D0EE269
2026-07-26T13:03:23.731294+00:00 SYNC_NOT_FOUND first4=63D2BB3C
SYNC_NOT_FOUND first4=486460B2
SYNC_NOT_FOUND first4=5D9E3801
SYNC_NOT_FOUND first4=F69997AA
SYNC_NOT_FOUND first4=424759F2
2026-07-26T13:03:24.742365+00:00 SYNC_NOT_FOUND first4=1CBC478A
PHASE_RESULT 17 HF-FLRC-1300-64 pktSize=64 rx=0 unique=0 lost=100 per=100.0 rssi_avg=0 rssi_min=0 crc_err=0 garbage=13 tx_lat=0.00000 tx_lon=0.00000 sats=0 fix=0 utc=0 tx_fw=none rx_fw=unknown
PHASE_GUARD 500
PHASE_START 18 HF-FLRC-1300-128 pktSize=128
SYNC_NOT_FOUND first4=8CEC99A8
SYNC_NOT_FOUND first4=656027D2
TIME_SYNCED utc=1785071004 offset=1785062474
SYNC_NOT_FOUND first4=8BCCC637
SYNC_NOT_FOUND first4=9550E70E
2026-07-26T13:03:25.753941+00:00 SYNC_NOT_FOUND first4=0247D91D
SYNC_NOT_FOUND first4=A3571EEF
SYNC_NOT_FOUND first4=F6491569
SYNC_NOT_FOUND first4=DFECF4E9
2026-07-26T13:03:26.757690+00:00 PHASE_RESULT 18 HF-FLRC-1300-128 pktSize=128 rx=0 unique=0 lost=100 per=100.0 rssi_avg=0 rssi_min=0 crc_err=0 garbage=8 tx_lat=0.00000 tx_lon=0.00000 sats=0 fix=0 utc=0 tx_fw=none rx_fw=unknown
PHASE_GUARD 500
PHASE_START 19 HF-FLRC-1300-255 pktSize=255
SYNC_NOT_FOUND first4=58690067
SYNC_NOT_FOUND first4=B6FA4647
SYNC_NOT_FOUND first4=DF192A38
2026-07-26T13:03:27.768336+00:00 SYNC_NOT_FOUND first4=062909F2
2026-07-26T13:03:28.779497+00:00 TIME_SYNCED utc=1785071007 offset=1785062474
PHASE_RESULT 19 HF-FLRC-1300-255 pktSize=255 rx=0 unique=0 lost=100 per=100.0 rssi_avg=0 rssi_min=0 crc_err=0 garbage=4 tx_lat=0.00000 tx_lon=0.00000 sats=0 fix=0 utc=0 tx_fw=none rx_fw=unknown
PHASE_GUARD 500
PHASE_START 20 HF-FLRC-650-32 pktSize=32
SYNC_NOT_FOUND first4=A7D76F91
SYNC_NOT_FOUND first4=F89966EB
SYNC_NOT_FOUND first4=5F820E39
SYNC_NOT_FOUND first4=247B5F7A
SYNC_NOT_FOUND first4=88AC2D02
SYNC_NOT_FOUND first4=4ACD1065
SYNC_NOT_FOUND first4=86D6E882
SYNC_NOT_FOUND first4=6B21187A
SYNC_NOT_FOUND first4=1B834D1A
SYNC_NOT_FOUND first4=0D73F831
SYNC_NOT_FOUND first4=F60B54D5
SYNC_NOT_FOUND first4=41220A25
SYNC_NOT_FOUND first4=27C0B562
2026-07-26T13:03:29.784132+00:00 SYNC_NOT_FOUND first4=CF0C1672
SYNC_NOT_FOUND first4=4E7E0775
SYNC_NOT_FOUND first4=61C43673
SYNC_NOT_FOUND first4=883A1F82
SYNC_NOT_FOUND first4=C59F231A
SYNC_NOT_FOUND first4=5BAF6123
SYNC_NOT_FOUND first4=895AC0B7
SYNC_NOT_FOUND first4=D169063B
SYNC_NOT_FOUND first4=0FDE26F2
SYNC_NOT_FOUND first4=A3FF20BB
SYNC_NOT_FOUND first4=8E802089
SYNC_NOT_FOUND first4=1FC32AFD
2026-07-26T13:03:30.787640+00:00 PHASE_RESULT 20 HF-FLRC-650-32 pktSize=32 rx=0 unique=0 lost=100 per=100.0 rssi_avg=0 rssi_min=0 crc_err=0 garbage=25 tx_lat=0.00000 tx_lon=0.00000 sats=0 fix=0 utc=0 tx_fw=none rx_fw=unknown
PHASE_GUARD 500
PHASE_START 21 HF-FLRC-650-64 pktSize=64
SYNC_NOT_FOUND first4=F891AB1F
SYNC_NOT_FOUND first4=ED39DE38
SYNC_NOT_FOUND first4=45021504
SYNC_NOT_FOUND first4=6578B867
SYNC_NOT_FOUND first4=6B28D1F4
SYNC_NOT_FOUND first4=F78A64B5
SYNC_NOT_FOUND first4=0628870B
SYNC_NOT_FOUND first4=FD5FB825
SYNC_NOT_FOUND first4=A4B278D0
SYNC_NOT_FOUND first4=0B7221E0
SYNC_NOT_FOUND first4=F6A35719
SYNC_NOT_FOUND first4=6050C270
SYNC_NOT_FOUND first4=83C5FEC0
2026-07-26T13:03:31.798524+00:00 SYNC_NOT_FOUND first4=0F78DB74
SYNC_NOT_FOUND first4=8B702873
SYNC_NOT_FOUND first4=3196AE51
SYNC_NOT_FOUND first4=818DDD59
SYNC_NOT_FOUND first4=46FAA99B
SYNC_NOT_FOUND first4=14DA0677
SYNC_NOT_FOUND first4=D3D64539
SYNC_NOT_FOUND first4=224FB207
SYNC_NOT_FOUND first4=16B9127D
SYNC_NOT_FOUND first4=E7C654AA
SYNC_NOT_FOUND first4=77C5F229
SYNC_NOT_FOUND first4=C08E6019
SYNC_NOT_FOUND first4=0B3D79D1
SYNC_NOT_FOUND first4=52226167
SYNC_NOT_FOUND first4=2A69F09F
SYNC_NOT_FOUND first4=06F3A7EA
SYNC_NOT_FOUND first4=77842E2A
SYNC_NOT_FOUND first4=705E5F99
SYNC_NOT_FOUND first4=FEB04953
SYNC_NOT_FOUND first4=318DBD53
SYNC_NOT_FOUND first4=980C8892
SYNC_NOT_FOUND first4=14D08C1A
SYNC_NOT_FOUND first4=52DB228C
SYNC_NOT_FOUND first4=C8791C86
SYNC_NOT_FOUND first4=E070165E
SYNC_NOT_FOUND first4=F4DB347C
PHASE_RESULT 21 HF-FLRC-650-64 pktSize=64 rx=0 unique=0 lost=100 per=100.0 rssi_avg=0 rssi_min=0 crc_err=0 garbage=39 tx_lat=0.0
2026-07-26T13:03:32.809690+00:00 0000 tx_lon=0.00000 sats=0 fix=0 utc=0 tx_fw=none rx_fw=unknown
PHASE_GUARD 500
PHASE_START 22 HF-FLRC-650-128 pktSize=128
SYNC_NOT_FOUND first4=EA889AB8
SYNC_NOT_FOUND first4=5B142F62
SYNC_NOT_FOUND first4=DA051CCE
SYNC_NOT_FOUND first4=F1F02D26
SYNC_NOT_FOUND first4=034985BA
SYNC_NOT_FOUND first4=EF1C5B20
SYNC_NOT_FOUND first4=E9545454
SYNC_NOT_FOUND first4=15528225
SYNC_NOT_FOUND first4=95889CC0
SYNC_NOT_FOUND first4=1304630D
SYNC_NOT_FOUND first4=990B0EA6
SYNC_NOT_FOUND first4=BE267B24
SYNC_NOT_FOUND first4=0F5D5287
SYNC_NOT_FOUND first4=49C25A5B
SYNC_NOT_FOUND first4=7F693561
SYNC_NOT_FOUND first4=C4FB2758
SYNC_NOT_FOUND first4=79DC1205
SYNC_NOT_FOUND first4=ECC56FDA
SYNC_NOT_FOUND first4=D122D663
SYNC_NOT_FOUND first4=067967A2
SYNC_NOT_FOUND first4=C8C7697A
SYNC_NOT_FOUND first4=7D01AE97
SYNC_NOT_FOUND first4=45A79842
SYNC_NOT_FOUND first4=1BA9429A
2026-07-26T13:03:33.820415+00:00 SYNC_NOT_FOUND first4=E02A584B
SYNC_NOT_FOUND first4=5F517C6D
SYNC_NOT_FOUND first4=6C8E6311
SYNC_NOT_FOUND first4=8B512546
SYNC_NOT_FOUND first4=37A121B0
SYNC_NOT_FOUND first4=D1582AB2
SYNC_NOT_FOUND first4=36433B87
SYNC_NOT_FOUND first4=9A4A5841
SYNC_NOT_FOUND first4=F563EADD
PHASE_RESULT 22 HF-FLRC-650-128 pktSize=128 rx=0 unique=0 lost=100 per=100.0 rssi_avg=0 rssi_min=0 crc_err=0 garbage=33 tx_lat=0.00000 tx_lon=0.00000 sats=0 fix=0 utc=0 tx_fw=none rx_fw=unknown
PHASE_GUARD 500
2026-07-26T13:03:34.831515+00:00 PHASE_START 23 HF-FLRC-650-255 pktSize=255
SYNC_NOT_FOUND first4=F93A7E57
SYNC_NOT_FOUND first4=AF058392
SYNC_NOT_FOUND first4=77028E7D
SYNC_NOT_FOUND first4=A364362B
SYNC_NOT_FOUND first4=A4AFAD83
TIME_SYNCED utc=1785071014 offset=1785062474
SYNC_NOT_FOUND first4=04B8889B
SYNC_NOT_FOUND first4=B2E051AE
SYNC_NOT_FOUND first4=A1CFDFFF
SYNC_NOT_FOUND first4=187A8B3D
SYNC_NOT_FOUND first4=D400B129
SYNC_NOT_FOUND first4=1812A376
SYNC_NOT_FOUND first4=9A1ABE9D
SYNC_NOT_FOUND first4=DE3AA6B9
SYNC_NOT_FOUND first4=99F71E5F
2026-07-26T13:03:35.835877+00:00 SYNC_NOT_FOUND first4=C249AEE3
SYNC_NOT_FOUND first4=2F0398FE
SYNC_NOT_FOUND first4=E1051D91
SYNC_NOT_FOUND first4=4CA714CC
SYNC_NOT_FOUND first4=B443B818
SYNC_NOT_FOUND first4=A5A21207
SYNC_NOT_FOUND first4=8505A0DA
SYNC_NOT_FOUND first4=F3079CAF
PHASE_RESULT 23 HF-FLRC-650-255 pktSize=255 rx=0 unique=0 lost=100 per=100.0 rssi_avg=0 rssi_min=0 crc_err=0 garbage=22 tx_lat=0.00000 tx_lon=0.00000 sats=0 fix=0 utc=0 tx_fw=none rx_fw=unknown
PHASE_GUARD 500
2026-07-26T13:03:36.846756+00:00 PHASE_START 24 HF-FLRC-325-32 pktSize=32
SYNC_NOT_FOUND first4=3B401989
SYNC_NOT_FOUND first4=B65775B9
2026-07-26T13:03:37.857403+00:00 PHASE_RESULT 24 HF-FLRC-325-32 pktSize=32 rx=0 unique=0 lost=100 per=100.0 rssi_avg=0 rssi_min=0 crc_err=0 garbage=2 tx_lat=0.00000 tx_lon=0.00000 sats=0 fix=0 utc=0 tx_fw=none rx_fw=unknown
PHASE_GUARD 500
2026-07-26T13:03:38.861408+00:00 PHASE_START 25 HF-FLRC-325-64 pktSize=64
TIME_SYNCED utc=1785071017 offset=1785062473
PHASE_RESULT 25 HF-FLRC-325-64 pktSize=64 rx=0 unique=0 lost=100 per=100.0 rssi_avg=0 rssi_min=0 crc_err=0 garbage=0 tx_lat=0.00000 tx_lon=0.00000 sats=0 fix=0 utc=0 tx_fw=none rx_fw=unknown
PHASE_GUARD 500
PHASE_START 24 HF-FLRC-325-32 pktSize=32
SYNC_NOT_FOUND first4=1415E300
SYNC_NOT_FOUND first4=B8269E04
SYNC_NOT_FOUND first4=FAFDD379
SYNC_NOT_FOUND first4=358D1632
PHASE_RESULT 24 HF-FLRC-325-32 pktSize=32 rx=0 unique=0 lost=100 per=100.0 rssi_avg=0 rssi_min=0 crc_err=0 garbage=4 tx_lat=0.00000 tx_lon=0.00000 sats=0 fix=0 utc=0 tx_fw=none rx_fw=unknown
PHASE_GUARD 500
2026-07-26T13:03:39.875532+00:00 PHASE_START 25 HF-FLRC-325-64 pktSize=64
SYNC_NOT_FOUND first4=6F168CBC
2026-07-26T13:03:40.886489+00:00 SYNC_NOT_FOUND first4=18DFC335
PHASE_RESULT 25 HF-FLRC-325-64 pktSize=64 rx=0 unique=0 lost=100 per=100.0 rssi_avg=0 rssi_min=0 crc_err=0 garbage=2 tx_lat=0.00000 tx_lon=0.00000 sats=0 fix=0 utc=0 tx_fw=none rx_fw=unknown
PHASE_GUARD 500
2026-07-26T13:03:41.898241+00:00 PHASE_START 26 HF-FLRC-325-128 pktSize=128
SYNC_NOT_FOUND first4=4D5ABDB4
SYNC_NOT_FOUND first4=C0279177
2026-07-26T13:03:42.909339+00:00 PHASE_RESULT 26 HF-FLRC-325-128 pktSize=128 rx=0 unique=0 lost=100 per=100.0 rssi_avg=0 rssi_min=0 crc_err=0 garbage=2 tx_lat=0.00000 tx_lon=0.00000 sats=0 fix=0 utc=0 tx_fw=none rx_fw=unknown
PHASE_GUARD 500
2026-07-26T13:03:43.928398+00:00 PHASE_START 27 HF-FLRC-325-255 pktSize=255
SYNC_NOT_FOUND first4=DD7104C4
SYNC_NOT_FOUND first4=0918A48D
2026-07-26T13:03:44.939352+00:00 SYNC_NOT_FOUND first4=2D1ED2B2
TIME_SYNCED utc=1785071024 offset=1785062474
PHASE_RESULT 27 HF-FLRC-325-255 pktSize=255 rx=0 unique=0 lost=100 per=100.0 rssi_avg=0 rssi_min=0 crc_err=0 garbage=3 tx_lat=0.00000 tx_lon=0.00000 sats=0 fix=0 utc=0 tx_fw=none rx_fw=unknown
PHASE_GUARD 500
LORA_CFG path=0 bw=0x05 sf=7
PHASE_START 28 LF-LoRa-SF7-32 pktSize=32
2026-07-26T13:03:45.950555+00:00 PHASE_RESULT 28 LF-LoRa-SF7-32 pktSize=32 rx=0 unique=0 lost=20 per=100.0 rssi_avg=0 rssi_min=0 crc_err=0 garbage=0 tx_lat=0.00000 tx_lon=0.00000 sats=0 fix=0 utc=0 tx_fw=none rx_fw=unknown
PHASE_GUARD 500
LORA_CFG path=0 bw=0x05 sf=7
PHASE_START 29 LF-LoRa-SF7-64 pktSize=64
2026-07-26T13:03:49.064399+00:00 TIME_SYNCED utc=1785071028 offset=1785062474
PHASE_RESULT 29 LF-LoRa-SF7-64 pktSize=64 rx=0 unique=0 lost=20 per=100.0 rssi_avg=0 rssi_min=0 crc_err=0 garbage=0 tx_lat=0.00000 tx_lon=0.00000 sats=0 fix=0 utc=0 tx_fw=none rx_fw=unknown
PHASE_GUARD 500
LORA_CFG path=0 bw=0x05 sf=7
PHASE_START 30 LF-LoRa-SF7-128 pktSize=128
2026-07-26T13:03:53.223217+00:00 PHASE_RESULT 30 LF-LoRa-SF7-128 pktSize=128 rx=0 unique=0 lost=13 per=100.0 rssi_avg=0 rssi_min=0 crc_err=0 garbage=0 tx_lat=0.00000 tx_lon=0.00000 sats=0 fix=0 utc=0 tx_fw=none rx_fw=unknown
PHASE_GUARD 500
LORA_CFG path=0 bw=0x05 sf=7
PHASE_START 31 LF-LoRa-SF7-255 pktSize=255
2026-07-26T13:03:54.228246+00:00 TIME_SYNCED utc=1785071034 offset=1785062474
2026-07-26T13:03:57.340938+00:00 PHASE_RESULT 31 LF-LoRa-SF7-255 pktSize=255 rx=0 unique=0 lost=7 per=100.0 rssi_avg=0 rssi_min=0 crc_err=0 garbage=0 tx_lat=0.00000 tx_lon=0.00000 sats=0 fix=0 utc=0 tx_fw=none rx_fw=unknown
PHASE_GUARD 500
LORA_CFG path=0 bw=0x05 sf=9
PHASE_START 32 LF-LoRa-SF9-32 pktSize=32
2026-07-26T13:03:59.409237+00:00 TIME_SYNCED utc=1785071038 offset=1785062474
2026-07-26T13:04:01.478915+00:00 PHASE_RESULT 32 LF-LoRa-SF9-32 pktSize=32 rx=0 unique=0 lost=7 per=100.0 rssi_avg=0 rssi_min=0 crc_err=0 garbage=0 tx_lat=0.00000 tx_lon=0.00000 sats=0 fix=0 utc=0 tx_fw=none rx_fw=unknown
PHASE_GUARD 500
LORA_CFG path=0 bw=0x05 sf=9
PHASE_START 33 LF-LoRa-SF9-64 pktSize=64
2026-07-26T13:04:04.594812+00:00 PHASE_RESULT 33 LF-LoRa-SF9-64 pktSize=64 rx=0 unique=0 lost=3 per=100.0 rssi_avg=0 rssi_min=0 crc_err=0 garbage=0 tx_lat=0.00000 tx_lon=0.00000 sats=0 fix=0 utc=0 tx_fw=none rx_fw=unknown
PHASE_GUARD 500
LORA_CFG path=0 bw=0x05 sf=9
PHASE_START 34 LF-LoRa-SF9-128 pktSize=128
TIME_SYNCED utc=1785071044 offset=1785062474
2026-07-26T13:04:06.649220+00:00 PHASE_RESULT 34 LF-LoRa-SF9-128 pktSize=128 rx=0 unique=0 lost=1 per=100.0 rssi_avg=0 rssi_min=0 crc_err=0 garbage=0 tx_lat=0.00000 tx_lon=0.00000 sats=0 fix=0 utc=0 tx_fw=none rx_fw=unknown
PHASE_GUARD 500
LORA_CFG path=0 bw=0x05 sf=9
PHASE_START 35 LF-LoRa-SF9-255 pktSize=255
2026-07-26T13:04:09.762227+00:00 TIME_SYNCED utc=1785071048 offset=1785062474
2026-07-26T13:04:10.772251+00:00 PHASE_RESULT 35 LF-LoRa-SF9-255 pktSize=255 rx=0 unique=0 lost=1 per=100.0 rssi_avg=0 rssi_min=0 crc_err=0 garbage=0 tx_lat=0.00000 tx_lon=0.00000 sats=0 fix=0 utc=0 tx_fw=none rx_fw=unknown
PHASE_GUARD 500
LORA_CFG path=0 bw=0x05 sf=12
PHASE_START 36 LF-LoRa-SF12-32 pktSize=32
2026-07-26T13:04:14.929109+00:00 TIME_SYNCED utc=1785071054 offset=1785062474
2026-07-26T13:04:20.137904+00:00 TIME_SYNCED utc=1785071059 offset=1785062474
2026-07-26T13:04:24.294503+00:00 TIME_SYNCED utc=1785071064 offset=1785062474
2026-07-26T13:04:25.305911+00:00 PHASE_RESULT 36 LF-LoRa-SF12-32 pktSize=32 rx=0 unique=0 lost=1 per=100.0 rssi_avg=0 rssi_min=0 crc_err=0 garbage=0 tx_lat=0.00000 tx_lon=0.00000 sats=0 fix=0 utc=0 tx_fw=none rx_fw=unknown
PHASE_GUARD 500
LORA_CFG path=0 bw=0x05 sf=12
PHASE_START 37 LF-LoRa-SF12-SKIP SKIP pktSize=64
2026-07-26T13:04:26.309640+00:00 PHASE_RESULT 37 LF-LoRa-SF12-SKIP pktSize=64 rx=0 unique=0 lost=0 per=0.0 rssi_avg=0 rssi_min=0 crc_err=0 garbage=0 tx_lat=0.00000 tx_lon=0.00000 sats=0 fix=0 utc=0 tx_fw=none rx_fw=unknown
PHASE_GUARD 500
LORA_CFG path=0 bw=0x05 sf=12
PHASE_START 38 LF-LoRa-SF12-SKIP SKIP pktSize=128
2026-07-26T13:04:27.313662+00:00 PHASE_RESULT 38 LF-LoRa-SF12-SKIP pktSize=128 rx=0 unique=0 lost=0 per=0.0 rssi_avg=0 rssi_min=0 crc_err=0 garbage=0 tx_lat=0.00000 tx_lon=0.00000 sats=0 fix=0 utc=0 tx_fw=none rx_fw=unknown
PHASE_GUARD 500
LORA_CFG path=0 bw=0x05 sf=12
PHASE_START 39 LF-LoRa-SF12-SKIP SKIP pktSize=255
2026-07-26T13:04:28.329622+00:00 PHASE_RESULT 39 LF-LoRa-SF12-SKIP pktSize=255 rx=0 unique=0 lost=0 per=0.0 rssi_avg=0 rssi_min=0 crc_err=0 garbage=0 tx_lat=0.00000 tx_lon=0.00000 sats=0 fix=0 utc=0 tx_fw=none rx_fw=unknown
PHASE_GUARD 500
PHASE_START 40 LF-FLRC-2600-32 pktSize=32
2026-07-26T13:04:29.336221+00:00 SYNC_NOT_FOUND first4=00DD7281
2026-07-26T13:04:30.352221+00:00 TIME_SYNCED utc=1785071069 offset=1785062474
SYNC_NOT_FOUND first4=3A190523
PHASE_RESULT 40 LF-FLRC-2600-32 pktSize=32 rx=0 unique=0 lost=100 per=100.0 rssi_avg=0 rssi_min=0 crc_err=0 garbage=2 tx_lat=0.00000 tx_lon=0.00000 sats=0 fix=0 utc=0 tx_fw=none rx_fw=unknown
PHASE_GUARD 500
PHASE_START 41 LF-FLRC-2600-64 pktSize=64
2026-07-26T13:04:31.363205+00:00 SYNC_NOT_FOUND first4=89A31C59
2026-07-26T13:04:32.373663+00:00 PHASE_RESULT 41 LF-FLRC-2600-64 pktSize=64 rx=0 unique=0 lost=100 per=100.0 rssi_avg=0 rssi_min=0 crc_err=0 garbage=1 tx_lat=0.00000 tx_lon=0.00000 sats=0 fix=0 utc=0 tx_fw=none rx_fw=unknown
PHASE_GUARD 500
PHASE_START 42 LF-FLRC-2600-128 pktSize=128
SYNC_NOT_FOUND first4=F836ACB8
SYNC_NOT_FOUND first4=E23E78D8
2026-07-26T13:04:33.377235+00:00 SYNC_NOT_FOUND first4=2782468B
2026-07-26T13:04:34.388207+00:00 PHASE_RESULT 42 LF-FLRC-2600-128 pktSize=128 rx=0 unique=0 lost=100 per=100.0 rssi_avg=0 rssi_min=0 crc_err=0 garbage=3 tx_lat=0.00000 tx_lon=0.00000 sats=0 fix=0 utc=0 tx_fw=none rx_fw=unknown
PHASE_GUARD 500
PHASE_START 43 LF-FLRC-2600-255 pktSize=255
TIME_SYNCED utc=1785071074 offset=1785062474
2026-07-26T13:04:36.442910+00:00 PHASE_RESULT 43 LF-FLRC-2600-255 pktSize=255 rx=0 unique=0 lost=100 per=100.0 rssi_avg=0 rssi_min=0 crc_err=0 garbage=0 tx_lat=0.00000 tx_lon=0.00000 sats=0 fix=0 utc=0 tx_fw=none rx_fw=unknown
PHASE_GUARD 500
PHASE_START 44 LF-FLRC-1300-32 pktSize=32
2026-07-26T13:04:38.504911+00:00 SYNC_NOT_FOUND first4=8B9CEE7B
PHASE_RESULT 44 LF-FLRC-1300-32 pktSize=32 rx=0 unique=0 lost=100 per=100.0 rssi_avg=0 rssi_min=0 crc_err=0 garbage=1 tx_lat=0.00000 tx_lon=0.00000 sats=0 fix=0 utc=0 tx_fw=none rx_fw=unknown
PHASE_GUARD 500
PHASE_START 45 LF-FLRC-1300-64 pktSize=64
SYNC_NOT_FOUND first4=80699A53
2026-07-26T13:04:39.508803+00:00 SYNC_NOT_FOUND first4=86EC4D7B
2026-07-26T13:04:40.513216+00:00 TIME_SYNCED utc=1785071079 offset=1785062474
PHASE_RESULT 45 LF-FLRC-1300-64 pktSize=64 rx=0 unique=0 lost=100 per=100.0 rssi_avg=0 rssi_min=0 crc_err=0 garbage=2 tx_lat=0.00000 tx_lon=0.00000 sats=0 fix=0 utc=0 tx_fw=none rx_fw=unknown
PHASE_GUARD 500
PHASE_START 46 LF-FLRC-1300-128 pktSize=128
2026-07-26T13:04:41.527216+00:00 SYNC_NOT_FOUND first4=BAD40210
2026-07-26T13:04:42.538211+00:00 PHASE_RESULT 46 LF-FLRC-1300-128 pktSize=128 rx=0 unique=0 lost=100 per=100.0 rssi_avg=0 rssi_min=0 crc_err=0 garbage=1 tx_lat=0.00000 tx_lon=0.00000 sats=0 fix=0 utc=0 tx_fw=none rx_fw=unknown
PHASE_GUARD 500
PHASE_START 47 LF-FLRC-1300-255 pktSize=255
2026-07-26T13:04:44.599637+00:00 PHASE_RESULT 47 LF-FLRC-1300-255 pktSize=255 rx=0 unique=0 lost=100 per=100.0 rssi_avg=0 rssi_min=0 crc_err=0 garbage=0 tx_lat=0.00000 tx_lon=0.00000 sats=0 fix=0 utc=0 tx_fw=none rx_fw=unknown
PHASE_GUARD 500
PHASE_START 48 LF-FLRC-650-32 pktSize=32
TIME_SYNCED utc=1785071084 offset=1785062474
SYNC_NOT_FOUND first4=24CE517E
2026-07-26T13:04:45.611862+00:00 SYNC_NOT_FOUND first4=3F93C589
SYNC_NOT_FOUND first4=1248EB7A
SYNC_NOT_FOUND first4=22547CA4
SYNC_NOT_FOUND first4=D10ED588
2026-07-26T13:04:46.623397+00:00 SYNC_NOT_FOUND first4=2FC00194
PHASE_RESULT 48 LF-FLRC-650-32 pktSize=32 rx=0 unique=0 lost=100 per=100.0 rssi_avg=0 rssi_min=0 crc_err=0 garbage=6 tx_lat=0.00000 tx_lon=0.00000 sats=0 fix=0 utc=0 tx_fw=none rx_fw=unknown
PHASE_GUARD 500
PHASE_START 49 LF-FLRC-650-64 pktSize=64
SYNC_NOT_FOUND first4=1A328B1C
2026-07-26T13:04:47.634224+00:00 SYNC_NOT_FOUND first4=BDFBF5A7
SYNC_NOT_FOUND first4=EE309CAA
2026-07-26T13:04:48.644633+00:00 PHASE_RESULT 49 LF-FLRC-650-64 pktSize=64 rx=0 unique=0 lost=100 per=100.0 rssi_avg=0 rssi_min=0 crc_err=0 garbage=3 tx_lat=0.00000 tx_lon=0.00000 sats=0 fix=0 utc=0 tx_fw=none rx_fw=unknown
PHASE_GUARD 500
PHASE_START 50 LF-FLRC-650-128 pktSize=128
SYNC_NOT_FOUND first4=42B99CE8
SYNC_NOT_FOUND first4=145E4B0C
2026-07-26T13:04:50.706208+00:00 TIME_SYNCED utc=1785071089 offset=1785062474
PHASE_RESULT 50 LF-FLRC-650-128 pktSize=128 rx=0 unique=0 lost=100 per=100.0 rssi_avg=0 rssi_min=0 crc_err=0 garbage=2 tx_lat=0.00000 tx_lon=0.00000 sats=0 fix=0 utc=0 tx_fw=none rx_fw=unknown
PHASE_GUARD 500
PHASE_START 51 LF-FLRC-650-255 pktSize=255
2026-07-26T13:04:51.718400+00:00 SYNC_NOT_FOUND first4=385A072A
2026-07-26T13:04:52.722832+00:00 PHASE_RESULT 51 LF-FLRC-650-255 pktSize=255 rx=0 unique=0 lost=100 per=100.0 rssi_avg=0 rssi_min=0 crc_err=0 garbage=1 tx_lat=0.00000 tx_lon=0.00000 sats=0 fix=0 utc=0 tx_fw=none rx_fw=unknown
PHASE_GUARD 500
PHASE_START 52 LF-FLRC-325-32 pktSize=32
2026-07-26T13:04:54.785901+00:00 PHASE_RESULT 52 LF-FLRC-325-32 pktSize=32 rx=0 unique=0 lost=100 per=100.0 rssi_avg=0 rssi_min=0 crc_err=0 garbage=0 tx_lat=0.00000 tx_lon=0.00000 sats=0 fix=0 utc=0 tx_fw=none rx_fw=unknown
PHASE_GUARD 500
PHASE_START 53 LF-FLRC-325-64 pktSize=64
TIME_SYNCED utc=1785071094 offset=1785062474
2026-07-26T13:04:55.797034+00:00 PHASE_RESULT 53 LF-FLRC-325-64 pktSize=64 rx=0 unique=0 lost=100 per=100.0 rssi_avg=0 rssi_min=0 crc_err=0 garbage=0 tx_lat=0.00000 tx_lon=0.00000 sats=0 fix=0 utc=0 tx_fw=none rx_fw=unknown
PHASE_GUARD 500
2026-07-26T13:04:56.809854+00:00 PHASE_START 54 LF-FLRC-325-128 pktSize=128
2026-07-26T13:04:57.821091+00:00 PHASE_RESULT 54 LF-FLRC-325-128 pktSize=128 rx=0 unique=0 lost=100 per=100.0 rssi_avg=0 rssi_min=0 crc_err=0 garbage=0 tx_lat=0.00000 tx_lon=0.00000 sats=0 fix=0 utc=0 tx_fw=none rx_fw=unknown
PHASE_GUARD 500
2026-07-26T13:04:58.832291+00:00 PHASE_START 55 LF-FLRC-325-255 pktSize=255
2026-07-26T13:04:59.843234+00:00 PHASE_RESULT 55 LF-FLRC-325-255 pktSize=255 rx=0 unique=0 lost=100 per=100.0 rssi_avg=0 rssi_min=0 crc_err=0 garbage=0 tx_lat=0.00000 tx_lon=0.00000 sats=0 fix=0 utc=0 tx_fw=none rx_fw=unknown
PHASE_GUARD 500
2026-07-26T13:05:00.854272+00:00 LORA_CFG path=1 bw=0x0F sf=7
PHASE_START 0 HF-LoRa-SF7-32 pktSize=32
TIME_SYNCED utc=1785071099 offset=1785062473
PHASE_RESULT 0 HF-LoRa-SF7-32 pktSize=32 rx=0 unique=0 lost=20 per=100.0 rssi_avg=0 rssi_min=0 crc_err=0 garbage=0 tx_lat=0.00000 tx_lon=0.00000 sats=0 fix=0 utc=0 tx_fw=none rx_fw=unknown
PHASE_GUARD 500
PHASE_START 55 LF-FLRC-325-255 pktSize=255
PHASE_RESULT 55 LF-FLRC-325-255 pktSize=255 rx=0 unique=0 lost=100 per=100.0 rssi_avg=0 rssi_min=0 crc_err=0 garbage=0 tx_lat=0.00000 tx_lon=0.00000 sats=0 fix=0 utc=0 tx_fw=none rx_fw=unknown
PHASE_GUARD 500
LORA_CFG path=1 bw=0x0F sf=7
2026-07-26T13:05:01.858766+00:00 PHASE_START 0 HF-LoRa-SF7-32 pktSize=32
2026-07-26T13:05:02.869340+00:00 PHASE_RESULT 0 HF-LoRa-SF7-32 pktSize=32 rx=0 unique=0 lost=20 per=100.0 rssi_avg=0 rssi_min=0 crc_err=0 garbage=0 tx_lat=0.00000 tx_lon=0.00000 sats=0 fix=0 utc=0 tx_fw=none rx_fw=unknown
PHASE_GUARD 500
LORA_CFG path=1 bw=0x0F sf=7
2026-07-26T13:05:03.874072+00:00 PHASE_START 1 HF-LoRa-SF7-64 pktSize=64
2026-07-26T13:05:04.885924+00:00 TIME_SYNCED utc=1785071104 offset=1785062474
PHASE_RESULT 1 HF-LoRa-SF7-64 pktSize=64 rx=0 unique=0 lost=20 per=100.0 rssi_avg=0 rssi_min=0 crc_err=0 garbage=0 tx_lat=0.00000 tx_lon=0.00000 sats=0 fix=0 utc=0 tx_fw=none rx_fw=unknown
PHASE_GUARD 500
LORA_CFG path=1 bw=0x0F sf=7
PHASE_START 2 HF-LoRa-SF7-128 pktSize=128
2026-07-26T13:05:05.889662+00:00 PHASE_RESULT 2 HF-LoRa-SF7-128 pktSize=128 rx=0 unique=0 lost=20 per=100.0 rssi_avg=0 rssi_min=0 crc_err=0 garbage=0 tx_lat=0.00000 tx_lon=0.00000 sats=0 fix=0 utc=0 tx_fw=none rx_fw=unknown
PHASE_GUARD 500
LORA_CFG path=1 bw=0x0F sf=7
2026-07-26T13:05:06.902297+00:00 PHASE_START 3 HF-LoRa-SF7-255 pktSize=255
2026-07-26T13:05:08.964514+00:00 PHASE_RESULT 3 HF-LoRa-SF7-255 pktSize=255 rx=0 unique=0 lost=20 per=100.0 rssi_avg=0 rssi_min=0 crc_err=0 garbage=0 tx_lat=0.00000 tx_lon=0.00000 sats=0 fix=0 utc=0 tx_fw=none rx_fw=unknown
PHASE_GUARD 500
LORA_CFG path=1 bw=0x0F sf=9
PHASE_START 4 HF-LoRa-SF9-32 pktSize=32
2026-07-26T13:05:11.025585+00:00 TIME_SYNCED utc=1785071110 offset=1785062474
PHASE_RESULT 4 HF-LoRa-SF9-32 pktSize=32 rx=0 unique=0 lost=20 per=100.0 rssi_avg=0 rssi_min=0 crc_err=0 garbage=0 tx_lat=0.00000 tx_lon=0.00000 sats=0 fix=0 utc=0 tx_fw=none rx_fw=unknown
PHASE_GUARD 500
LORA_CFG path=1 bw=0x0F sf=9
PHASE_START 5 HF-LoRa-SF9-64 pktSize=64
2026-07-26T13:05:14.138593+00:00 PHASE_RESULT 5 HF-LoRa-SF9-64 pktSize=64 rx=0 unique=0 lost=20 per=100.0 rssi_avg=0 rssi_min=0 crc_err=0 garbage=0 tx_lat=0.00000 tx_lon=0.00000 sats=0 fix=0 utc=0 tx_fw=none rx_fw=unknown
PHASE_GUARD 500
LORA_CFG path=1 bw=0x0F sf=9
PHASE_START 6 HF-LoRa-SF9-128 pktSize=128
2026-07-26T13:05:15.142237+00:00 TIME_SYNCED utc=1785071114 offset=1785062474
2026-07-26T13:05:18.254732+00:00 PHASE_RESULT 6 HF-LoRa-SF9-128 pktSize=128 rx=0 unique=0 lost=13 per=100.0 rssi_avg=0 rssi_min=0 crc_err=0 garbage=0 tx_lat=0.00000 tx_lon=0.00000 sats=0 fix=0 utc=0 tx_fw=none rx_fw=unknown
PHASE_GUARD 500
LORA_CFG path=1 bw=0x0F sf=9
PHASE_START 7 HF-LoRa-SF9-255 pktSize=255
2026-07-26T13:05:21.367001+00:00 TIME_SYNCED utc=1785071120 offset=1785062474
PHASE_RESULT 7 HF-LoRa-SF9-255 pktSize=255 rx=0 unique=0 lost=6 per=100.0 rssi_avg=0 rssi_min=0 crc_err=0 garbage=0 tx_lat=0.00000 tx_lon=0.00000 sats=0 fix=0 utc=0 tx_fw=none rx_fw=unknown
PHASE_GUARD 500
LORA_CFG path=1 bw=0x0F sf=12
PHASE_START 8 HF-LoRa-SF12-32 pktSize=32
2026-07-26T13:05:24.483529+00:00 PHASE_RESULT 8 HF-LoRa-SF12-32 pktSize=32 rx=0 unique=0 lost=2 per=100.0 rssi_avg=0 rssi_min=0 crc_err=0 garbage=0 tx_lat=0.00000 tx_lon=0.00000 sats=0 fix=0 utc=0 tx_fw=none rx_fw=unknown
PHASE_GUARD 500
LORA_CFG path=1 bw=0x0F sf=12
PHASE_START 9 HF-LoRa-SF12-64 pktSize=64
TIME_SYNCED utc=1785071124 offset=1785062474
2026-07-26T13:05:27.597023+00:00 PHASE_RESULT 9 HF-LoRa-SF12-64 pktSize=64 rx=0 unique=0 lost=1 per=100.0 rssi_avg=0 rssi_min=0 crc_err=0 garbage=0 tx_lat=0.00000 tx_lon=0.00000 sats=0 fix=0 utc=0 tx_fw=none rx_fw=unknown
PHASE_GUARD 500
LORA_CFG path=1 bw=0x0F sf=12
PHASE_START 10 HF-LoRa-SF12-128 pktSize=128
2026-07-26T13:05:31.761261+00:00 TIME_SYNCED utc=1785071130 offset=1785062474
2026-07-26T13:05:32.773240+00:00 PHASE_RESULT 10 HF-LoRa-SF12-128 pktSize=128 rx=0 unique=0 lost=1 per=100.0 rssi_avg=0 rssi_min=0 crc_err=0 garbage=0 tx_lat=0.00000 tx_lon=0.00000 sats=0 fix=0 utc=0 tx_fw=none rx_fw=unknown
PHASE_GUARD 500
LORA_CFG path=1 bw=0x0F sf=12
PHASE_START 11 HF-LoRa-SF12-255 pktSize=255
2026-07-26T13:05:34.827812+00:00 TIME_SYNCED utc=1785071134 offset=1785062474
2026-07-26T13:05:42.145782+00:00 TIME_SYNCED utc=1785071141 offset=1785062474
PHASE_RESULT 11 HF-LoRa-SF12-255 pktSize=255 rx=0 unique=0 lost=1 per=100.0 rssi_avg=0 rssi_min=0 crc_err=0 garbage=0 tx_lat=0.00000 tx_lon=0.00000 sats=0 fix=0 utc=0 tx_fw=none rx_fw=unknown
PHASE_GUARD 500
PHASE_START 12 HF-FLRC-2600-32 pktSize=32
SYNC_NOT_FOUND first4=CBBE5E9E
2026-07-26T13:05:43.157406+00:00 SYNC_NOT_FOUND first4=2A31167B
SYNC_NOT_FOUND first4=00D36D6A
SYNC_NOT_FOUND first4=0218C304
SYNC_NOT_FOUND first4=9E100527
SYNC_NOT_FOUND first4=AA6D034A
SYNC_NOT_FOUND first4=2171C309
SYNC_NOT_FOUND first4=A01A3727
SYNC_NOT_FOUND first4=8C55837D
SYNC_NOT_FOUND first4=86C147B9
SYNC_NOT_FOUND first4=2BD24140
2026-07-26T13:05:44.168622+00:00 SYNC_NOT_FOUND first4=7351892A
SYNC_NOT_FOUND first4=A3521A55
SYNC_NOT_FOUND first4=B6579124
SYNC_NOT_FOUND first4=B9F8B4A4
SYNC_NOT_FOUND first4=970E5115
SYNC_NOT_FOUND first4=20D9265B
PHASE_RESULT 12 HF-FLRC-2600-32 pktSize=32 rx=0 unique=0 lost=100 per=100.0 rssi_avg=0 rssi_min=0 crc_err=0 garbage=17 tx_lat=0.00000 tx_lon=0.00000 sats=0 fix=0 utc=0 tx_fw=none rx_fw=unknown
PHASE_GUARD 500
PHASE_START 13 HF-FLRC-2600-64 pktSize=64
SYNC_NOT_FOUND first4=567D9AFC
2026-07-26T13:05:45.178196+00:00 SYNC_NOT_FOUND first4=8E407A3F
TIME_SYNCED utc=1785071144 offset=1785062474
SYNC_NOT_FOUND first4=4B4A75A5
SYNC_NOT_FOUND first4=3F381220
SYNC_NOT_FOUND first4=2777AC0A
2026-07-26T13:05:46.189284+00:00 SYNC_NOT_FOUND first4=21F0284F
SYNC_NOT_FOUND first4=F02D63FD
SYNC_NOT_FOUND first4=674A7F6A
SYNC_NOT_FOUND first4=177DD5E1
PHASE_RESULT 13 HF-FLRC-2600-64 pktSize=64 rx=0 unique=0 lost=100 per=100.0 rssi_avg=0 rssi_min=0 crc_err=0 garbage=9 tx_lat=0.00000 tx_lon=0.00000 sats=0 fix=0 utc=0 tx_fw=none rx_fw=unknown
PHASE_GUARD 500
PHASE_START 14 HF-FLRC-2600-128 pktSize=128
2026-07-26T13:05:47.192846+00:00 SYNC_NOT_FOUND first4=02B6DD94
SYNC_NOT_FOUND first4=65889A84
SYNC_NOT_FOUND first4=0193E621
SYNC_NOT_FOUND first4=8B6829D0
SYNC_NOT_FOUND first4=C8BE4232
SYNC_NOT_FOUND first4=63B8C4A8
SYNC_NOT_FOUND first4=30289645
2026-07-26T13:05:48.196998+00:00 SYNC_NOT_FOUND first4=B9F17CD9
SYNC_NOT_FOUND first4=A9A8349E
SYNC_NOT_FOUND first4=047EC46A
SYNC_NOT_FOUND first4=EBA41C68
SYNC_NOT_FOUND first4=C8E131B8
SYNC_NOT_FOUND first4=A1A52204
SYNC_NOT_FOUND first4=4F4B6F13
SYNC_NOT_FOUND first4=19E5D66A
SYNC_NOT_FOUND first4=8285BE92
PHASE_RESULT 14 HF-FLRC-2600-128 pktSize=128 rx=0 unique=0 lost=100 per=100.0 rssi_avg=0 rssi_min=0 crc_err=0 garbage=16 tx_lat=0.00000 tx_lon=0.00000 sats=0 fix=0 utc=0 tx_fw=none rx_fw=unknown
PHASE_GUARD 500
PHASE_START 15 HF-FLRC-2600-255 pktSize=255
SYNC_NOT_FOUND first4=4A6A83C4
2026-07-26T13:05:49.200690+00:00 SYNC_NOT_FOUND first4=E2140974
SYNC_NOT_FOUND first4=77636BF7
SYNC_NOT_FOUND first4=2852BCEA
SYNC_NOT_FOUND first4=10DA20B9
SYNC_NOT_FOUND first4=2473D354
SYNC_NOT_FOUND first4=754D67F6
SYNC_NOT_FOUND first4=6CDA7409
2026-07-26T13:05:50.211879+00:00 SYNC_NOT_FOUND first4=F04852D5
SYNC_NOT_FOUND first4=6A484790
SYNC_NOT_FOUND first4=3BC16E15
PHASE_RESULT 15 HF-FLRC-2600-255 pktSize=255 rx=0 unique=0 lost=100 per=100.0 rssi_avg=0 rssi_min=0 crc_err=0 garbage=11 tx_lat=0.00000 tx_lon=0.00000 sats=0 fix=0 utc=0 tx_fw=none rx_fw=unknown
PHASE_GUARD 500
PHASE_START 16 HF-FLRC-1300-32 pktSize=32
SYNC_NOT_FOUND first4=4BD396B2
2026-07-26T13:05:51.222780+00:00 SYNC_NOT_FOUND first4=71093055
SYNC_NOT_FOUND first4=48516CB5
SYNC_NOT_FOUND first4=F618E0DB
SYNC_NOT_FOUND first4=A8B7ACC6
2026-07-26T13:05:52.228611+00:00 TIME_SYNCED utc=1785071151 offset=1785062474
SYNC_NOT_FOUND first4=327052F7
SYNC_NOT_FOUND first4=C73F892D
SYNC_NOT_FOUND first4=001D7B7F
SYNC_NOT_FOUND first4=BBF80EED
SYNC_NOT_FOUND first4=A35462F9
SYNC_NOT_FOUND first4=66FA69A0
PHASE_RESULT 16 HF-FLRC-1300-32 pktSize=32 rx=0 unique=0 lost=100 per=100.0 rssi_avg=0 rssi_min=0 crc_err=0 garbage=11 tx_lat=0.00000 tx_lon=0.00000 sats=0 fix=0 utc=0 tx_fw=none rx_fw=unknown
PHASE_GUARD 500
PHASE_START 17 HF-FLRC-1300-64 pktSize=64
2026-07-26T13:05:53.240198+00:00 SYNC_NOT_FOUND first4=792BF25D
2026-07-26T13:05:54.250957+00:00 SYNC_NOT_FOUND first4=A9F429A5
PHASE_RESULT 17 HF-FLRC-1300-64 pktSize=64 rx=0 unique=0 lost=100 per=100.0 rssi_avg=0 rssi_min=0 crc_err=0 garbage=2 tx_lat=0.00000 tx_lon=0.00000 sats=0 fix=0 utc=0 tx_fw=none rx_fw=unknown
PHASE_GUARD 500
PHASE_START 18 HF-FLRC-1300-128 pktSize=128
SYNC_NOT_FOUND first4=6F46E4A1
2026-07-26T13:05:55.261359+00:00 SYNC_NOT_FOUND first4=D0365C8E
SYNC_NOT_FOUND first4=062828A4
TIME_SYNCED utc=1785071154 offset=1785062474
SYNC_NOT_FOUND first4=9E18F217
SYNC_NOT_FOUND first4=B373457C
SYNC_NOT_FOUND first4=280A61B4
SYNC_NOT_FOUND first4=18805248
SYNC_NOT_FOUND first4=0D2963AA
2026-07-26T13:05:56.272294+00:00 SYNC_NOT_FOUND first4=2730BDE7
SYNC_NOT_FOUND first4=2511564F
SYNC_NOT_FOUND first4=6F429749
PHASE_RESULT 18 HF-FLRC-1300-128 pktSize=128 rx=0 unique=0 lost=100 per=100.0 rssi_avg=0 rssi_min=0 crc_err=0 garbage=11 tx_lat=0.00000 tx_lon=0.00000 sats=0 fix=0 utc=0 tx_fw=none rx_fw=unknown
PHASE_GUARD 500
PHASE_START 19 HF-FLRC-1300-255 pktSize=255
SYNC_NOT_FOUND first4=56FA3AC2
SYNC_NOT_FOUND first4=F0F61BBA
SYNC_NOT_FOUND first4=24963EC1
SYNC_NOT_FOUND first4=6A1C0961
2026-07-26T13:05:57.283521+00:00 SYNC_NOT_FOUND first4=8C7108C4
2026-07-26T13:05:58.295174+00:00 PHASE_RESULT 19 HF-FLRC-1300-255 pktSize=255 rx=0 unique=0 lost=100 per=100.0 rssi_avg=0 rssi_min=0 crc_err=0 garbage=5 tx_lat=0.00000 tx_lon=0.00000 sats=0 fix=0 utc=0 tx_fw=none rx_fw=unknown
PHASE_GUARD 500
PHASE_START 20 HF-FLRC-650-32 pktSize=32
SYNC_NOT_FOUND first4=81D612F1
SYNC_NOT_FOUND first4=99940797
SYNC_NOT_FOUND first4=33819360
SYNC_NOT_FOUND first4=1A3F03C3
SYNC_NOT_FOUND first4=6ED34E7B
SYNC_NOT_FOUND first4=F22B8EC3
SYNC_NOT_FOUND first4=1E841891
2026-07-26T13:05:59.306632+00:00 SYNC_NOT_FOUND first4=263B1277
SYNC_NOT_FOUND first4=C518720F
SYNC_NOT_FOUND first4=289D3CD2
SYNC_NOT_FOUND first4=D314BEA0
SYNC_NOT_FOUND first4=0E2DF8D2
SYNC_NOT_FOUND first4=7DE12312
SYNC_NOT_FOUND first4=A401DD19
SYNC_NOT_FOUND first4=019DE08B
SYNC_NOT_FOUND first4=C13CF992
SYNC_NOT_FOUND first4=D13A1EEE
SYNC_NOT_FOUND first4=2842EE66
SYNC_NOT_FOUND first4=DEC777E0
SYNC_NOT_FOUND first4=70122D8C
SYNC_NOT_FOUND first4=8102464E
SYNC_NOT_FOUND first4=9B11633A
SYNC_NOT_FOUND first4=A7D0D257
SYNC_NOT_FOUND first4=FF97AE22
2026-07-26T13:06:00.310635+00:00 SYNC_NOT_FOUND first4=DFED03F8
SYNC_NOT_FOUND first4=C7685002
PHASE_RESULT 20 HF-FLRC-650-32 pktSize=32 rx=0 unique=0 lost=100 per=100.0 rssi_avg=0 rssi_min=0 crc_err=0 garbage=26 tx_lat=0.00000 tx_lon=0.00000 sats=0 fix=0 utc=0 tx_fw=none rx_fw=unknown
PHASE_GUARD 500
PHASE_START 21 HF-FLRC-650-64 pktSize=64
SYNC_NOT_FOUND first4=9B7451D2
SYNC_NOT_FOUND first4=2A0FBA1E
SYNC_NOT_FOUND first4=0C95B30A
SYNC_NOT_FOUND first4=D1BA7DC4
SYNC_NOT_FOUND first4=9EAEB2B2
2026-07-26T13:06:01.321516+00:00 SYNC_NOT_FOUND first4=8FC63FEF
SYNC_NOT_FOUND first4=65C75C76
SYNC_NOT_FOUND first4=492E0439
SYNC_NOT_FOUND first4=A3220D45
SYNC_NOT_FOUND first4=114D7853
SYNC_NOT_FOUND first4=CC3267D7
SYNC_NOT_FOUND first4=3CE8D770
SYNC_NOT_FOUND first4=120144E7
SYNC_NOT_FOUND first4=800257CA
SYNC_NOT_FOUND first4=D031E42A
SYNC_NOT_FOUND first4=FE37E0A7
SYNC_NOT_FOUND first4=482237A3
SYNC_NOT_FOUND first4=0031834C
2026-07-26T13:06:02.332243+00:00 TIME_SYNCED utc=1785071161 offset=1785062474
SYNC_NOT_FOUND first4=A77486F2
SYNC_NOT_FOUND first4=41FDFC87
SYNC_NOT_FOUND first4=6F45AC66
SYNC_NOT_FOUND first4=49901658
SYNC_NOT_FOUND first4=067B45C7
PHASE_RESULT 21 HF-FLRC-650-64 pktSize=64 rx=0 unique=0 lost=100 per=100.0 rssi_avg=0 rssi_min=0 crc_err=0 garbage=23 tx_lat=0.00000 tx_lon=0.00000 sats=0 fix=0 utc=0 tx_fw=none rx_fw=unknown
PHASE_GUARD 500
PHASE_START 22 HF-FLRC-650-128 pktSize=128
SYNC_NOT_FOUND first4=D7B3B074
SYNC_NOT_FOUND first4=42E9FAB6
SYNC_NOT_FOUND first4=0410E2B2
SYNC_NOT_FOUND first4=BF73CEBA
SYNC_NOT_FOUND first4=D3A54F65
SYNC_NOT_FOUND first4=8B58EDE1
SYNC_NOT_FOUND first4=A0EEE44E
2026-07-26T13:06:03.344112+00:00 SYNC_NOT_FOUND first4=98DD0C16
SYNC_NOT_FOUND first4=60606340
SYNC_NOT_FOUND first4=ABDB4017
SYNC_NOT_FOUND first4=FC03464E
SYNC_NOT_FOUND first4=362A4D06
SYNC_NOT_FOUND first4=8028A4CC
SYNC_NOT_FOUND first4=EAD98F3F
SYNC_NOT_FOUND first4=E5C1F338
SYNC_NOT_FOUND first4=804A6E51
SYNC_NOT_FOUND first4=641161FF
SYNC_NOT_FOUND first4=71198D5E
SYNC_NOT_FOUND first4=684FA122
SYNC_NOT_FOUND first4=74E3681D
2026-07-26T13:06:04.347932+00:00 SYNC_NOT_FOUND first4=08A53B5D
SYNC_NOT_FOUND first4=E11B704B
SYNC_NOT_FOUND first4=D60903DD
SYNC_NOT_FOUND first4=F8D905DD
PHASE_RESULT 22 HF-FLRC-650-128 pktSize=128 rx=0 unique=0 lost=100 per=100.0 rssi_avg=0 rssi_min=0 crc_err=0 garbage=24 tx_lat=0.00000 tx_lon=0.00000 sats=0 fix=0 utc=0 tx_fw=none rx_fw=unknown
PHASE_GUARD 500
PHASE_START 23 HF-FLRC-650-255 pktSize=255
SYNC_NOT_FOUND first4=C7964D8E
SYNC_NOT_FOUND first4=B5F722AA
SYNC_NOT_FOUND first4=BA0E49B1
2026-07-26T13:06:05.357236+00:00 TIME_SYNCED utc=1785071164 offset=1785062474
SYNC_NOT_FOUND first4=5D6053FB
SYNC_NOT_FOUND first4=53DACB23
SYNC_NOT_FOUND first4=EA44A6FD
SYNC_NOT_FOUND first4=A6A89D4C
SYNC_NOT_FOUND first4=E3DC4B23
SYNC_NOT_FOUND first4=EBD1094F
SYNC_NOT_FOUND first4=029D10DC
SYNC_NOT_FOUND first4=4C270C90
SYNC_NOT_FOUND first4=3830163C
SYNC_NOT_FOUND first4=88AEDDF4
SYNC_NOT_FOUND first4=6D4FA492
SYNC_NOT_FOUND first4=DE1AE645
SYNC_NOT_FOUND first4=94797D39
SYNC_NOT_FOUND first4=D6CFA810
SYNC_NOT_FOUND first4=5E78AA98
SYNC_NOT_FOUND first4=8CA9CCFE
SYNC_NOT_FOUND first4=ACC55A04
SYNC_NOT_FOUND first4=A0B74301
SYNC_NOT_FOUND first4=987097F6
2026-07-26T13:06:06.372601+00:00 SYNC_NOT_FOUND first4=02C370C8
SYNC_NOT_FOUND first4=35B31995
SYNC_NOT_FOUND first4=3F0B8218
SYNC_NOT_FOUND first4=07D83AEF
SYNC_NOT_FOUND first4=72597C43
SYNC_NOT_FOUND first4=634B8C34
SYNC_NOT_FOUND first4=2EAE1D81
SYNC_NOT_FOUND first4=B6384841
SYNC_NOT_FOUND first4=EE1101C4
PHASE_RESULT 23 HF-FLRC-650-255 pktSize=255 rx=0 unique=0 lost=100 per=100.0 rssi_avg=0 rssi_min=0 crc_err=0 garbage=31 tx_lat=0.00000 tx_lon=0.00000 sats=0 fix=0 utc=0 tx_fw=none rx_fw=unknown
PHASE_GUARD 500
PHASE_START 24 HF-FLRC-325-32 pktSize=32
SYNC_NOT_FOUND first4=2E1DFA16
SYNC_NOT_FOUND first4=03062214
2026-07-26T13:06:07.385398+00:00 SYNC_NOT_FOUND first4=58483944
2026-07-26T13:06:08.400138+00:00 SYNC_NOT_FOUND first4=45434212
PHASE_RESULT 24 HF-FLRC-325-32 pktSize=32 rx=0 unique=0 lost=100 per=100.0 rssi_avg=0 rssi_min=0 crc_err=0 garbage=4 tx_lat=0.00000 tx_lon=0.00000 sats=0 fix=0 utc=0 tx_fw=none rx_fw=unknown
PHASE_GUARD 500
PHASE_START 25 HF-FLRC-325-64 pktSize=64
2026-07-26T13:06:09.411864+00:00 SYNC_NOT_FOUND first4=8D4C97F1
2026-07-26T13:06:10.424542+00:00 PHASE_RESULT 25 HF-FLRC-325-64 pktSize=64 rx=0 unique=0 lost=100 per=100.0 rssi_avg=0 rssi_min=0 crc_err=0 garbage=1 tx_lat=0.00000 tx_lon=0.00000 sats=0 fix=0 utc=0 tx_fw=none rx_fw=unknown
PHASE_GUARD 500
PHASE_START 26 HF-FLRC-325-128 pktSize=128
SYNC_NOT_FOUND first4=FF91E5C5
2026-07-26T13:06:11.435623+00:00 SYNC_NOT_FOUND first4=A5B21B01
2026-07-26T13:06:12.449781+00:00 TIME_SYNCED utc=1785071171 offset=1785062474
PHASE_RESULT 26 HF-FLRC-325-128 pktSize=128 rx=0 unique=0 lost=100 per=100.0 rssi_avg=0 rssi_min=0 crc_err=0 garbage=2 tx_lat=0.00000 tx_lon=0.00000 sats=0 fix=0 utc=0 tx_fw=none rx_fw=unknown
PHASE_GUARD 500
PHASE_START 27 HF-FLRC-325-255 pktSize=255
SYNC_NOT_FOUND first4=D004165B
2026-07-26T13:06:13.463988+00:00 SYNC_NOT_FOUND first4=6DE7BA14
2026-07-26T13:06:14.480214+00:00 PHASE_RESULT 27 HF-FLRC-325-255 pktSize=255 rx=0 unique=0 lost=100 per=100.0 rssi_avg=0 rssi_min=0 crc_err=0 garbage=2 tx_lat=0.00000 tx_lon=0.00000 sats=0 fix=0 utc=0 tx_fw=none rx_fw=unknown
PHASE_GUARD 500
LORA_CFG path=0 bw=0x05 sf=7
PHASE_START 28 LF-LoRa-SF7-32 pktSize=32
2026-07-26T13:06:15.485227+00:00 TIME_SYNCED utc=1785071174 offset=1785062474
2026-07-26T13:06:16.489103+00:00 PHASE_RESULT 28 LF-LoRa-SF7-32 pktSize=32 rx=0 unique=0 lost=20 per=100.0 rssi_avg=0 rssi_min=0 crc_err=0 garbage=0 tx_lat=0.00000 tx_lon=0.00000 sats=0 fix=0 utc=0 tx_fw=none rx_fw=unknown
PHASE_GUARD 500
LORA_CFG path=0 bw=0x05 sf=7
PHASE_START 29 LF-LoRa-SF7-64 pktSize=64
2026-07-26T13:06:19.604092+00:00 PHASE_RESULT 29 LF-LoRa-SF7-64 pktSize=64 rx=0 unique=0 lost=20 per=100.0 rssi_avg=0 rssi_min=0 crc_err=0 garbage=0 tx_lat=0.00000 tx_lon=0.00000 sats=0 fix=0 utc=0 tx_fw=none rx_fw=unknown
PHASE_GUARD 500
LORA_CFG path=0 bw=0x05 sf=7
PHASE_START 30 LF-LoRa-SF7-128 pktSize=128
2026-07-26T13:06:22.717216+00:00 TIME_SYNCED utc=1785071181 offset=1785062474
2026-07-26T13:06:23.731117+00:00 PHASE_RESULT 30 LF-LoRa-SF7-128 pktSize=128 rx=0 unique=0 lost=13 per=100.0 rssi_avg=0 rssi_min=0 crc_err=0 garbage=0 tx_lat=0.00000 tx_lon=0.00000 sats=0 fix=0 utc=0 tx_fw=none rx_fw=unknown
PHASE_GUARD 500
LORA_CFG path=0 bw=0x05 sf=7
PHASE_START 31 LF-LoRa-SF7-255 pktSize=255
2026-07-26T13:06:24.747211+00:00 TIME_SYNCED utc=1785071184 offset=1785062474
2026-07-26T13:06:26.803434+00:00 PHASE_RESULT 31 LF-LoRa-SF7-255 pktSize=255 rx=0 unique=0 lost=7 per=100.0 rssi_avg=0 rssi_min=0 crc_err=0 garbage=0 tx_lat=0.00000 tx_lon=0.00000 sats=0 fix=0 utc=0 tx_fw=none rx_fw=unknown
PHASE_GUARD 500
2026-07-26T13:06:27.816223+00:00 LORA_CFG path=0 bw=0x05 sf=9
PHASE_START 32 LF-LoRa-SF9-32 pktSize=32
2026-07-26T13:06:30.928651+00:00 PHASE_RESULT 32 LF-LoRa-SF9-32 pktSize=32 rx=0 unique=0 lost=7 per=100.0 rssi_avg=0 rssi_min=0 crc_err=0 garbage=0 tx_lat=0.00000 tx_lon=0.00000 sats=0 fix=0 utc=0 tx_fw=none rx_fw=unknown
PHASE_GUARD 500
LORA_CFG path=0 bw=0x05 sf=9
PHASE_START 33 LF-LoRa-SF9-64 pktSize=64
2026-07-26T13:06:32.991353+00:00 TIME_SYNCED utc=1785071191 offset=1785062473
2026-07-26T13:06:35.057057+00:00 TIME_SYNCED utc=1785071194 offset=1785062474
PHASE_RESULT 33 LF-LoRa-SF9-64 pktSize=64 rx=0 unique=0 lost=3 per=100.0 rssi_avg=0 rssi_min=0 crc_err=0 garbage=0 tx_lat=0.00000 tx_lon=0.00000 sats=0 fix=0 utc=0 tx_fw=none rx_fw=unknown
PHASE_GUARD 500
LORA_CFG path=0 bw=0x05 sf=9
PHASE_START 34 LF-LoRa-SF9-128 pktSize=128
2026-07-26T13:06:36.073017+00:00 PHASE_RESULT 34 LF-LoRa-SF9-128 pktSize=128 rx=0 unique=0 lost=1 per=100.0 rssi_avg=0 rssi_min=0 crc_err=0 garbage=0 tx_lat=0.00000 tx_lon=0.00000 sats=0 fix=0 utc=0 tx_fw=none rx_fw=unknown
PHASE_GUARD 500
LORA_CFG path=0 bw=0x05 sf=9
PHASE_START 35 LF-LoRa-SF9-255 pktSize=255
2026-07-26T13:06:40.233746+00:00 PHASE_RESULT 35 LF-LoRa-SF9-255 pktSize=255 rx=0 unique=0 lost=1 per=100.0 rssi_avg=0 rssi_min=0 crc_err=0 garbage=0 tx_lat=0.00000 tx_lon=0.00000 sats=0 fix=0 utc=0 tx_fw=none rx_fw=unknown
PHASE_GUARD 500
LORA_CFG path=0 bw=0x05 sf=12
PHASE_START 36 LF-LoRa-SF12-32 pktSize=32
2026-07-26T13:06:43.346303+00:00 TIME_SYNCED utc=1785071202 offset=1785062474
2026-07-26T13:06:45.409759+00:00 TIME_SYNCED utc=1785071204 offset=1785062474
