# rx_capture segment start 2026-07-26T13:06:53.783426+00:00
# rotation=1800s
2026-07-26T13:06:53.783462+00:00 TIME_SYNCED utc=1785071212 offset=1785062473
2026-07-26T13:06:54.791172+00:00 TIME_SYNCED utc=1785071214 offset=1785062474
PHASE_RESULT 36 LF-LoRa-SF12-32 pktSize=32 rx=0 unique=0 lost=1 per=100.0 rssi_avg=0 rssi_min=0 crc_err=0 garbage=0 tx_lat=0.00000 tx_lon=0.00000 sats=0 fix=0 utc=0 tx_fw=none rx_fw=unknown
PHASE_GUARD 500
2026-07-26T13:06:55.799066+00:00 LORA_CFG path=0 bw=0x05 sf=12
PHASE_START 37 LF-LoRa-SF12-SKIP SKIP pktSize=64
PHASE_RESULT 37 LF-LoRa-SF12-SKIP pktSize=64 rx=0 unique=0 lost=0 per=0.0 rssi_avg=0 rssi_min=0 crc_err=0 garbage=0 tx_lat=0.00000 tx_lon=0.00000 sats=0 fix=0 utc=0 tx_fw=none rx_fw=unknown
PHASE_GUARD 500
2026-07-26T13:06:56.802830+00:00 LORA_CFG path=0 bw=0x05 sf=12
PHASE_START 38 LF-LoRa-SF12-SKIP SKIP pktSize=128
PHASE_RESULT 38 LF-LoRa-SF12-SKIP pktSize=128 rx=0 unique=0 lost=0 per=0.0 rssi_avg=0 rssi_min=0 crc_err=0 garbage=0 tx_lat=0.00000 tx_lon=0.00000 sats=0 fix=0 utc=0 tx_fw=none rx_fw=unknown
PHASE_GUARD 500
2026-07-26T13:06:57.809479+00:00 LORA_CFG path=0 bw=0x05 sf=12
PHASE_START 39 LF-LoRa-SF12-SKIP SKIP pktSize=255
PHASE_RESULT 39 LF-LoRa-SF12-SKIP pktSize=255 rx=0 unique=0 lost=0 per=0.0 rssi_avg=0 rssi_min=0 crc_err=0 garbage=0 tx_lat=0.00000 tx_lon=0.00000 sats=0 fix=0 utc=0 tx_fw=none rx_fw=unknown
PHASE_GUARD 500
2026-07-26T13:06:58.813227+00:00 PHASE_START 40 LF-FLRC-2600-32 pktSize=32
2026-07-26T13:06:59.817331+00:00 SYNC_NOT_FOUND first4=C423E585
PHASE_RESULT 40 LF-FLRC-2600-32 pktSize=32 rx=0 unique=0 lost=100 per=100.0 rssi_avg=0 rssi_min=0 crc_err=0 garbage=1 tx_lat=0.00000 tx_lon=0.00000 sats=0 fix=0 utc=0 tx_fw=none rx_fw=unknown
PHASE_GUARD 500
2026-07-26T13:07:00.823209+00:00 PHASE_START 41 LF-FLRC-2600-64 pktSize=64
SYNC_NOT_FOUND first4=1E7060E9
2026-07-26T13:07:01.827400+00:00 SYNC_NOT_FOUND first4=5DF52D5E
PHASE_RESULT 41 LF-FLRC-2600-64 pktSize=64 rx=0 unique=0 lost=100 per=100.0 rssi_avg=0 rssi_min=0 crc_err=0 garbage=2 tx_lat=0.00000 tx_lon=0.00000 sats=0 fix=0 utc=0 tx_fw=none rx_fw=unknown
PHASE_GUARD 500
2026-07-26T13:07:02.831220+00:00 PHASE_START 42 LF-FLRC-2600-128 pktSize=128
SYNC_NOT_FOUND first4=4BDA7AA4
2026-07-26T13:07:03.843681+00:00 TIME_SYNCED utc=1785071222 offset=1785062473
SYNC_NOT_FOUND first4=5307DCF5
2026-07-26T13:07:04.854154+00:00 TIME_SYNCED utc=1785071224 offset=1785062474
PHASE_RESULT 42 LF-FLRC-2600-128 pktSize=128 rx=0 unique=0 lost=100 per=100.0 rssi_avg=0 rssi_min=0 crc_err=0 garbage=2 tx_lat=0.00000 tx_lon=0.00000 sats=0 fix=0 utc=0 tx_fw=none rx_fw=unknown
PHASE_GUARD 500
PHASE_START 43 LF-FLRC-2600-255 pktSize=255
2026-07-26T13:07:05.864937+00:00 PHASE_RESULT 43 LF-FLRC-2600-255 pktSize=255 rx=0 unique=0 lost=100 per=100.0 rssi_avg=0 rssi_min=0 crc_err=0 garbage=0 tx_lat=0.00000 tx_lon=0.00000 sats=0 fix=0 utc=0 tx_fw=none rx_fw=unknown
PHASE_GUARD 500
2026-07-26T13:07:06.871224+00:00 PHASE_START 44 LF-FLRC-1300-32 pktSize=32
SYNC_NOT_FOUND first4=22DA5D0D
2026-07-26T13:07:07.884219+00:00 PHASE_RESULT 44 LF-FLRC-1300-32 pktSize=32 rx=0 unique=0 lost=100 per=100.0 rssi_avg=0 rssi_min=0 crc_err=0 garbage=1 tx_lat=0.00000 tx_lon=0.00000 sats=0 fix=0 utc=0 tx_fw=none rx_fw=unknown
PHASE_GUARD 500
2026-07-26T13:07:08.895246+00:00 PHASE_START 45 LF-FLRC-1300-64 pktSize=64
SYNC_NOT_FOUND first4=C70DD890
SYNC_NOT_FOUND first4=F57F7C2D
SYNC_NOT_FOUND first4=94C01DD0
2026-07-26T13:07:09.898462+00:00 SYNC_NOT_FOUND first4=94AC99BA
PHASE_RESULT 45 LF-FLRC-1300-64 pktSize=64 rx=0 unique=0 lost=100 per=100.0 rssi_avg=0 rssi_min=0 crc_err=0 garbage=4 tx_lat=0.00000 tx_lon=0.00000 sats=0 fix=0 utc=0 tx_fw=none rx_fw=unknown
PHASE_GUARD 500
2026-07-26T13:07:10.910222+00:00 PHASE_START 46 LF-FLRC-1300-128 pktSize=128
SYNC_NOT_FOUND first4=30F3CE5F
2026-07-26T13:07:11.915227+00:00 PHASE_RESULT 46 LF-FLRC-1300-128 pktSize=128 rx=0 unique=0 lost=100 per=100.0 rssi_avg=0 rssi_min=0 crc_err=0 garbage=1 tx_lat=0.00000 tx_lon=0.00000 sats=0 fix=0 utc=0 tx_fw=none rx_fw=unknown
PHASE_GUARD 500
PHASE_START 47 LF-FLRC-1300-255 pktSize=255
2026-07-26T13:07:13.981252+00:00 TIME_SYNCED utc=1785071232 offset=1785062473
2026-07-26T13:07:14.991948+00:00 SYNC_NOT_FOUND first4=47437C27
TIME_SYNCED utc=1785071234 offset=1785062474
PHASE_RESULT 47 LF-FLRC-1300-255 pktSize=255 rx=0 unique=0 lost=100 per=100.0 rssi_avg=0 rssi_min=0 crc_err=0 garbage=1 tx_lat=0.00000 tx_lon=0.00000 sats=0 fix=0 utc=0 tx_fw=none rx_fw=unknown
PHASE_GUARD 500
PHASE_START 48 LF-FLRC-650-32 pktSize=32
2026-07-26T13:07:16.002556+00:00 PHASE_RESULT 48 LF-FLRC-650-32 pktSize=32 rx=0 unique=0 lost=100 per=100.0 rssi_avg=0 rssi_min=0 crc_err=0 garbage=0 tx_lat=0.00000 tx_lon=0.00000 sats=0 fix=0 utc=0 tx_fw=none rx_fw=unknown
PHASE_GUARD 500
PHASE_START 49 LF-FLRC-650-64 pktSize=64
2026-07-26T13:07:18.071429+00:00 PHASE_RESULT 49 LF-FLRC-650-64 pktSize=64 rx=0 unique=0 lost=100 per=100.0 rssi_avg=0 rssi_min=0 crc_err=0 garbage=0 tx_lat=0.00000 tx_lon=0.00000 sats=0 fix=0 utc=0 tx_fw=none rx_fw=unknown
PHASE_GUARD 500
PHASE_START 50 LF-FLRC-650-128 pktSize=128
2026-07-26T13:07:19.075079+00:00 SYNC_NOT_FOUND first4=A7BE5928
2026-07-26T13:07:20.086267+00:00 SYNC_NOT_FOUND first4=D2FDCC55
SYNC_NOT_FOUND first4=5323E1C7
SYNC_NOT_FOUND first4=6708F70B
PHASE_RESULT 50 LF-FLRC-650-128 pktSize=128 rx=0 unique=0 lost=100 per=100.0 rssi_avg=0 rssi_min=0 crc_err=0 garbage=4 tx_lat=0.00000 tx_lon=0.00000 sats=0 fix=0 utc=0 tx_fw=none rx_fw=unknown
PHASE_GUARD 500
PHASE_START 51 LF-FLRC-650-255 pktSize=255
2026-07-26T13:07:21.097845+00:00 SYNC_NOT_FOUND first4=8C290FB0
2026-07-26T13:07:22.101535+00:00 PHASE_RESULT 51 LF-FLRC-650-255 pktSize=255 rx=0 unique=0 lost=100 per=100.0 rssi_avg=0 rssi_min=0 crc_err=0 garbage=1 tx_lat=0.00000 tx_lon=0.00000 sats=0 fix=0 utc=0 tx_fw=none rx_fw=unknown
PHASE_GUARD 500
PHASE_START 52 LF-FLRC-325-32 pktSize=32
2026-07-26T13:07:24.192677+00:00 TIME_SYNCED utc=1785071243 offset=1785062474
PHASE_RESULT 52 LF-FLRC-325-32 pktSize=32 rx=0 unique=0 lost=100 per=100.0 rssi_avg=0 rssi_min=0 crc_err=0 garbage=0 tx_lat=0.00000 tx_lon=0.00000 sats=0 fix=0 utc=0 tx_fw=none rx_fw=unknown
PHASE_GUARD 500
PHASE_START 53 LF-FLRC-325-64 pktSize=64
2026-07-26T13:07:25.196209+00:00 TIME_SYNCED utc=1785071244 offset=1785062474
2026-07-26T13:07:26.200596+00:00 PHASE_RESULT 53 LF-FLRC-325-64 pktSize=64 rx=0 unique=0 lost=100 per=100.0 rssi_avg=0 rssi_min=0 crc_err=0 garbage=0 tx_lat=0.00000 tx_lon=0.00000 sats=0 fix=0 utc=0 tx_fw=none rx_fw=unknown
PHASE_GUARD 500
PHASE_START 54 LF-FLRC-325-128 pktSize=128
2026-07-26T13:07:28.261702+00:00 PHASE_RESULT 54 LF-FLRC-325-128 pktSize=128 rx=0 unique=0 lost=100 per=100.0 rssi_avg=0 rssi_min=0 crc_err=0 garbage=0 tx_lat=0.00000 tx_lon=0.00000 sats=0 fix=0 utc=0 tx_fw=none rx_fw=unknown
PHASE_GUARD 500
PHASE_START 55 LF-FLRC-325-255 pktSize=255
2026-07-26T13:07:30.316226+00:00 PHASE_RESULT 55 LF-FLRC-325-255 pktSize=255 rx=0 unique=0 lost=100 per=100.0 rssi_avg=0 rssi_min=0 crc_err=0 garbage=0 tx_lat=0.00000 tx_lon=0.00000 sats=0 fix=0 utc=0 tx_fw=none rx_fw=unknown
PHASE_GUARD 500
LORA_CFG path=1 bw=0x0F sf=7
PHASE_START 0 HF-LoRa-SF7-32 pktSize=32
2026-07-26T13:07:32.377825+00:00 PHASE_RESULT 0 HF-LoRa-SF7-32 pktSize=32 rx=0 unique=0 lost=20 per=100.0 rssi_avg=0 rssi_min=0 crc_err=0 garbage=0 tx_lat=0.00000 tx_lon=0.00000 sats=0 fix=0 utc=0 tx_fw=none rx_fw=unknown
PHASE_GUARD 500
LORA_CFG path=1 bw=0x0F sf=7
PHASE_START 1 HF-LoRa-SF7-64 pktSize=64
2026-07-26T13:07:34.432218+00:00 TIME_SYNCED utc=1785071253 offset=1785062474
PHASE_RESULT 1 HF-LoRa-SF7-64 pktSize=64 rx=0 unique=0 lost=20 per=100.0 rssi_avg=0 rssi_min=0 crc_err=0 garbage=0 tx_lat=0.00000 tx_lon=0.00000 sats=0 fix=0 utc=0 tx_fw=none rx_fw=unknown
PHASE_GUARD 500
LORA_CFG path=1 bw=0x0F sf=7
PHASE_START 2 HF-LoRa-SF7-128 pktSize=128
2026-07-26T13:07:35.443411+00:00 TIME_SYNCED utc=1785071254 offset=1785062474
2026-07-26T13:07:36.454199+00:00 PHASE_RESULT 2 HF-LoRa-SF7-128 pktSize=128 rx=0 unique=0 lost=20 per=100.0 rssi_avg=0 rssi_min=0 crc_err=0 garbage=0 tx_lat=0.00000 tx_lon=0.00000 sats=0 fix=0 utc=0 tx_fw=none rx_fw=unknown
PHASE_GUARD 500
LORA_CFG path=1 bw=0x0F sf=7
PHASE_START 3 HF-LoRa-SF7-255 pktSize=255
2026-07-26T13:07:39.568005+00:00 PHASE_RESULT 3 HF-LoRa-SF7-255 pktSize=255 rx=0 unique=0 lost=20 per=100.0 rssi_avg=0 rssi_min=0 crc_err=0 garbage=0 tx_lat=0.00000 tx_lon=0.00000 sats=0 fix=0 utc=0 tx_fw=none rx_fw=unknown
PHASE_GUARD 500
LORA_CFG path=1 bw=0x0F sf=9
PHASE_START 4 HF-LoRa-SF9-32 pktSize=32
2026-07-26T13:07:41.630198+00:00 PHASE_RESULT 4 HF-LoRa-SF9-32 pktSize=32 rx=0 unique=0 lost=20 per=100.0 rssi_avg=0 rssi_min=0 crc_err=0 garbage=0 tx_lat=0.00000 tx_lon=0.00000 sats=0 fix=0 utc=0 tx_fw=none rx_fw=unknown
PHASE_GUARD 500
LORA_CFG path=1 bw=0x0F sf=9
PHASE_START 5 HF-LoRa-SF9-64 pktSize=64
2026-07-26T13:07:44.743675+00:00 PHASE_RESULT 5 HF-LoRa-SF9-64 pktSize=64 rx=0 unique=0 lost=20 per=100.0 rssi_avg=0 rssi_min=0 crc_err=0 garbage=0 tx_lat=0.00000 tx_lon=0.00000 sats=0 fix=0 utc=0 tx_fw=none rx_fw=unknown
PHASE_GUARD 500
LORA_CFG path=1 bw=0x0F sf=9
PHASE_START 6 HF-LoRa-SF9-128 pktSize=128
TIME_SYNCED utc=1785071263 offset=1785062473
PHASE_RESULT 6 HF-LoRa-SF9-128 pktSize=128 rx=0 unique=0 lost=13 per=100.0 rssi_avg=0 rssi_min=0 crc_err=0 garbage=0 tx_lat=0.00000 tx_lon=0.00000 sats=0 fix=0 utc=0 tx_fw=none rx_fw=unknown
PHASE_GUARD 500
LORA_CFG path=1 bw=0x0F sf=9
PHASE_START 5 HF-LoRa-SF9-64 pktSize=64
TIME_SYNCED utc=1785071264 offset=1785062474
PHASE_RESULT 5 HF-LoRa-SF9-64 pktSize=64 rx=0 unique=0 lost=20 per=100.0 rssi_avg=0 rssi_min=0 crc_err=0 garbage=0 tx_lat=0.00000 tx_lon=0.00000 sats=0 fix=0 utc=0 tx_fw=none rx_fw=unknown
2026-07-26T13:07:45.755010+00:00 PHASE_GUARD 500
LORA_CFG path=1 bw=0x0F sf=9
PHASE_START 6 HF-LoRa-SF9-128 pktSize=128
2026-07-26T13:07:47.816440+00:00 PHASE_RESULT 6 HF-LoRa-SF9-128 pktSize=128 rx=0 unique=0 lost=13 per=100.0 rssi_avg=0 rssi_min=0 crc_err=0 garbage=0 tx_lat=0.00000 tx_lon=0.00000 sats=0 fix=0 utc=0 tx_fw=none rx_fw=unknown
PHASE_GUARD 500
2026-07-26T13:07:48.828352+00:00 LORA_CFG path=1 bw=0x0F sf=9
PHASE_START 7 HF-LoRa-SF9-255 pktSize=255
2026-07-26T13:07:50.890505+00:00 PHASE_RESULT 7 HF-LoRa-SF9-255 pktSize=255 rx=0 unique=0 lost=6 per=100.0 rssi_avg=0 rssi_min=0 crc_err=0 garbage=0 tx_lat=0.00000 tx_lon=0.00000 sats=0 fix=0 utc=0 tx_fw=none rx_fw=unknown
PHASE_GUARD 500
LORA_CFG path=1 bw=0x0F sf=12
PHASE_START 8 HF-LoRa-SF12-32 pktSize=32
2026-07-26T13:07:54.003351+00:00 PHASE_RESULT 8 HF-LoRa-SF12-32 pktSize=32 rx=0 unique=0 lost=2 per=100.0 rssi_avg=0 rssi_min=0 crc_err=0 garbage=0 tx_lat=0.00000 tx_lon=0.00000 sats=0 fix=0 utc=0 tx_fw=none rx_fw=unknown
PHASE_GUARD 500
LORA_CFG path=1 bw=0x0F sf=12
PHASE_START 9 HF-LoRa-SF12-64 pktSize=64
2026-07-26T13:07:55.014915+00:00 TIME_SYNCED utc=1785071274 offset=1785062474
TIME_SYNCED utc=1785071274 offset=1785062473
2026-07-26T13:07:58.127569+00:00 PHASE_RESULT 9 HF-LoRa-SF12-64 pktSize=64 rx=0 unique=0 lost=1 per=100.0 rssi_avg=0 rssi_min=0 crc_err=0 garbage=0 tx_lat=0.00000 tx_lon=0.00000 sats=0 fix=0 utc=0 tx_fw=none rx_fw=unknown
PHASE_GUARD 500
LORA_CFG path=1 bw=0x0F sf=12
PHASE_START 10 HF-LoRa-SF12-128 pktSize=128
2026-07-26T13:08:03.342947+00:00 PHASE_RESULT 10 HF-LoRa-SF12-128 pktSize=128 rx=0 unique=0 lost=1 per=100.0 rssi_avg=0 rssi_min=0 crc_err=0 garbage=0 tx_lat=0.00000 tx_lon=0.00000 sats=0 fix=0 utc=0 tx_fw=none rx_fw=unknown
PHASE_GUARD 500
LORA_CFG path=1 bw=0x0F sf=12
PHASE_START 11 HF-LoRa-SF12-255 pktSize=255
2026-07-26T13:08:05.405125+00:00 TIME_SYNCED utc=1785071284 offset=1785062474
TIME_SYNCED utc=1785071284 offset=1785062473
2026-07-26T13:08:13.772472+00:00 PHASE_RESULT 11 HF-LoRa-SF12-255 pktSize=255 rx=0 unique=0 lost=1 per=100.0 rssi_avg=0 rssi_min=0 crc_err=0 garbage=0 tx_lat=0.00000 tx_lon=0.00000 sats=0 fix=0 utc=0 tx_fw=none rx_fw=unknown
PHASE_GUARD 500
PHASE_START 12 HF-FLRC-2600-32 pktSize=32
SYNC_NOT_FOUND first4=7D0D07B4
SYNC_NOT_FOUND first4=E9EA08A3
SYNC_NOT_FOUND first4=B09A2306
SYNC_NOT_FOUND first4=5CCDA16B
SYNC_NOT_FOUND first4=83039874
SYNC_NOT_FOUND first4=BBE74CF3
2026-07-26T13:08:14.775751+00:00 SYNC_NOT_FOUND first4=3C6EC314
SYNC_NOT_FOUND first4=2C3C1C06
SYNC_NOT_FOUND first4=47E0A524
SYNC_NOT_FOUND first4=01464ED7
SYNC_NOT_FOUND first4=5832B857
PHASE_RESULT 12 HF-FLRC-2600-32 pktSize=32 rx=0 unique=0 lost=100 per=100.0 rssi_avg=0 rssi_min=0 crc_err=0 garbage=11 tx_lat=0.00000 tx_lon=0.00000 sats=0 fix=0 utc=0 tx_fw=none rx_fw=unknown
PHASE_GUARD 500
2026-07-26T13:08:15.786555+00:00 PHASE_START 13 HF-FLRC-2600-64 pktSize=64
TIME_SYNCED utc=1785071294 offset=1785062473
TIME_SYNCED utc=1785071294 offset=1785062473
SYNC_NOT_FOUND first4=67384551
SYNC_NOT_FOUND first4=27C57854
SYNC_NOT_FOUND first4=5D3C1926
SYNC_NOT_FOUND first4=040A149B
SYNC_NOT_FOUND first4=8949DDA9
SYNC_NOT_FOUND first4=1342CB7E
SYNC_NOT_FOUND first4=E6E3A633
SYNC_NOT_FOUND first4=33224DEC
SYNC_NOT_FOUND first4=D419869B
2026-07-26T13:08:16.797147+00:00 SYNC_NOT_FOUND first4=9C57B4D3
SYNC_NOT_FOUND first4=E52BB00C
SYNC_NOT_FOUND first4=52B62874
SYNC_NOT_FOUND first4=03266C3B
SYNC_NOT_FOUND first4=C5D4DE11
SYNC_NOT_FOUND first4=37C4807E
SYNC_NOT_FOUND first4=3BD7925F
SYNC_NOT_FOUND first4=74571A53
SYNC_NOT_FOUND first4=236051A6
PHASE_RESULT 13 HF-FLRC-2600-64 pktSize=64 rx=0 unique=0 lost=100 per=100.0 rssi_avg=0 rssi_min=0 crc_err=0 garbage=18 tx_lat=0.00000 tx_lon=0.00000 sats=0 fix=0 utc=0 tx_fw=none rx_fw=unknown
PHASE_GUARD 500
2026-07-26T13:08:17.800747+00:00 PHASE_START 14 HF-FLRC-2600-128 pktSize=128
SYNC_NOT_FOUND first4=1406F83C
SYNC_NOT_FOUND first4=B3B3C2C0
SYNC_NOT_FOUND first4=C1000F4A
SYNC_NOT_FOUND first4=A5136880
SYNC_NOT_FOUND first4=B6A9A237
SYNC_NOT_FOUND first4=22B4A746
SYNC_NOT_FOUND first4=4AF1F987
2026-07-26T13:08:18.812726+00:00 SYNC_NOT_FOUND first4=85DFA842
SYNC_NOT_FOUND first4=4BFC73C7
SYNC_NOT_FOUND first4=DB578DAF
SYNC_NOT_FOUND first4=16FC4F4E
PHASE_RESULT 14 HF-FLRC-2600-128 pktSize=128 rx=0 unique=0 lost=100 per=100.0 rssi_avg=0 rssi_min=0 crc_err=0 garbage=11 tx_lat=0.00000 tx_lon=0.00000 sats=0 fix=0 utc=0 tx_fw=none rx_fw=unknown
PHASE_GUARD 500
2026-07-26T13:08:19.816517+00:00 PHASE_START 15 HF-FLRC-2600-255 pktSize=255
SYNC_NOT_FOUND first4=D0611C12
SYNC_NOT_FOUND first4=7F059BB6
SYNC_NOT_FOUND first4=1617AA5E
SYNC_NOT_FOUND first4=2C21ACBA
SYNC_NOT_FOUND first4=E722C968
2026-07-26T13:08:20.820204+00:00 SYNC_NOT_FOUND first4=6D42F3B6
SYNC_NOT_FOUND first4=A403C431
SYNC_NOT_FOUND first4=2A38D85E
SYNC_NOT_FOUND first4=4805B585
SYNC_NOT_FOUND first4=D9AE5E9B
SYNC_NOT_FOUND first4=621EE342
SYNC_NOT_FOUND first4=E87E70CA
SYNC_NOT_FOUND first4=98EBA3BB
PHASE_RESULT 15 HF-FLRC-2600-255 pktSize=255 rx=0 unique=0 lost=100 per=100.0 rssi_avg=0 rssi_min=0 crc_err=0 garbage=13 tx_lat=0.00000 tx_lon=0.00000 sats=0 fix=0 utc=0 tx_fw=none rx_fw=unknown
PHASE_GUARD 500
2026-07-26T13:08:21.831980+00:00 PHASE_START 16 HF-FLRC-1300-32 pktSize=32
SYNC_NOT_FOUND first4=3AF825CB
2026-07-26T13:08:22.842937+00:00 SYNC_NOT_FOUND first4=4C4F86F0
SYNC_NOT_FOUND first4=DA388A21
SYNC_NOT_FOUND first4=645A099F
PHASE_RESULT 16 HF-FLRC-1300-32 pktSize=32 rx=0 unique=0 lost=100 per=100.0 rssi_avg=0 rssi_min=0 crc_err=0 garbage=4 tx_lat=0.00000 tx_lon=0.00000 sats=0 fix=0 utc=0 tx_fw=none rx_fw=unknown
PHASE_GUARD 500
2026-07-26T13:08:23.854055+00:00 PHASE_START 17 HF-FLRC-1300-64 pktSize=64
SYNC_NOT_FOUND first4=22BF6453
SYNC_NOT_FOUND first4=A7A3FA9D
SYNC_NOT_FOUND first4=B7966EE2
2026-07-26T13:08:24.858426+00:00 SYNC_NOT_FOUND first4=37C18273
SYNC_NOT_FOUND first4=3DCC32A2
SYNC_NOT_FOUND first4=8E291F58
PHASE_RESULT 17 HF-FLRC-1300-64 pktSize=64 rx=0 unique=0 lost=100 per=100.0 rssi_avg=0 rssi_min=0 crc_err=0 garbage=6 tx_lat=0.00000 tx_lon=0.00000 sats=0 fix=0 utc=0 tx_fw=none rx_fw=unknown
PHASE_GUARD 500
2026-07-26T13:08:25.869485+00:00 PHASE_START 18 HF-FLRC-1300-128 pktSize=128
TIME_SYNCED utc=1785071304 offset=1785062473
TIME_SYNCED utc=1785071304 offset=1785062473
SYNC_NOT_FOUND first4=D82F324E
SYNC_NOT_FOUND first4=5659C150
SYNC_NOT_FOUND first4=8103463C
SYNC_NOT_FOUND first4=F15B6A40
SYNC_NOT_FOUND first4=1855FB64
2026-07-26T13:08:26.873076+00:00 SYNC_NOT_FOUND first4=D865A05A
SYNC_NOT_FOUND first4=5B6FC18B
SYNC_NOT_FOUND first4=0CE9AE7A
SYNC_NOT_FOUND first4=72EA0235
PHASE_RESULT 18 HF-FLRC-1300-128 pktSize=128 rx=0 unique=0 lost=100 per=100.0 rssi_avg=0 rssi_min=0 crc_err=0 garbage=9 tx_lat=0.00000 tx_lon=0.00000 sats=0 fix=0 utc=0 tx_fw=none rx_fw=unknown
PHASE_GUARD 500
2026-07-26T13:08:27.884240+00:00 PHASE_START 19 HF-FLRC-1300-255 pktSize=255
SYNC_NOT_FOUND first4=74B3260B
SYNC_NOT_FOUND first4=08E60788
SYNC_NOT_FOUND first4=636FF0E6
SYNC_NOT_FOUND first4=7AE641B0
SYNC_NOT_FOUND first4=7BBD7EFF
SYNC_NOT_FOUND first4=B3958DE2
SYNC_NOT_FOUND first4=A84F1B41
2026-07-26T13:08:28.895695+00:00 SYNC_NOT_FOUND first4=B9CE4099
PHASE_RESULT 19 HF-FLRC-1300-255 pktSize=255 rx=0 unique=0 lost=100 per=100.0 rssi_avg=0 rssi_min=0 crc_err=0 garbage=8 tx_lat=0.00000 tx_lon=0.00000 sats=0 fix=0 utc=0 tx_fw=none rx_fw=unknown
PHASE_GUARD 500
PHASE_START 20 HF-FLRC-650-32 pktSize=32
2026-07-26T13:08:29.899122+00:00 SYNC_NOT_FOUND first4=B8A03E1A
SYNC_NOT_FOUND first4=03650924
SYNC_NOT_FOUND first4=E5D69975
SYNC_NOT_FOUND first4=FEEE5253
SYNC_NOT_FOUND first4=62633E8C
SYNC_NOT_FOUND first4=A4B2DA91
SYNC_NOT_FOUND first4=0EEFDF06
SYNC_NOT_FOUND first4=16371D7F
SYNC_NOT_FOUND first4=DDBF8CF4
SYNC_NOT_FOUND first4=A5E87046
SYNC_NOT_FOUND first4=DF84D1EE
2026-07-26T13:08:30.911037+00:00 SYNC_NOT_FOUND first4=81969999
SYNC_NOT_FOUND first4=3AC4DF86
SYNC_NOT_FOUND first4=98C2055E
SYNC_NOT_FOUND first4=8C000979
SYNC_NOT_FOUND first4=45F712CF
SYNC_NOT_FOUND first4=FB827340
SYNC_NOT_FOUND first4=BF28C4C2
SYNC_NOT_FOUND first4=56D2B3F7
SYNC_NOT_FOUND first4=CA84DD65
PHASE_RESULT 20 HF-FLRC-650-32 pktSize=32 rx=0 unique=0 lost=100 per=100.0 rssi_avg=0 rssi_min=0 crc_err=0 garbage=20 tx_lat=0.00000 tx_lon=0.00000 sats=0 fix=0 utc=0 tx_fw=none rx_fw=unknown
PHASE_GUARD 500
PHASE_START 21 HF-FLRC-650-64 pktSize=64
2026-07-26T13:08:31.922245+00:00 SYNC_NOT_FOUND first4=45AE6F0B
SYNC_NOT_FOUND first4=50DB143E
SYNC_NOT_FOUND first4=31714A78
SYNC_NOT_FOUND first4=A104CF9E
SYNC_NOT_FOUND first4=926280E5
SYNC_NOT_FOUND first4=FE9CD40D
SYNC_NOT_FOUND first4=21A2D5BD
SYNC_NOT_FOUND first4=3527B8A9
SYNC_NOT_FOUND first4=FC9EE6C4
SYNC_NOT_FOUND first4=99D881F8
SYNC_NOT_FOUND first4=C5BE928E
SYNC_NOT_FOUND first4=8476C63B
SYNC_NOT_FOUND first4=E50F40A6
SYNC_NOT_FOUND first4=644AF455
SYNC_NOT_FOUND first4=B5F37763
SYNC_NOT_FOUND first4=38B02D03
SYNC_NOT_FOUND first4=48994A30
SYNC_NOT_FOUND first4=0DD32B61
SYNC_NOT_FOUND first4=078B3D98
SYNC_NOT_FOUND first4=4868A961
SYNC_NOT_FOUND first4=988A3182
SYNC_NOT_FOUND first4=749C2E66
2026-07-26T13:08:32.933409+00:00 SYNC_NOT_FOUND first4=005B3163
SYNC_NOT_FOUND first4=AAD1A5F3
SYNC_NOT_FOUND first4=D84148D3
SYNC_NOT_FOUND first4=29A9087C
SYNC_NOT_FOUND first4=C57C508F
SYNC_NOT_FOUND first4=E17EA9A5
SYNC_NOT_FOUND first4=73DE3148
SYNC_NOT_FOUND first4=46FB4CE3
SYNC_NOT_FOUND first4=331BEB93
SYNC_NOT_FOUND first4=8A070FCC
SYNC_NOT_FOUND first4=0D85840D
SYNC_NOT_FOUND first4=7E4F9E4F
SYNC_NOT_FOUND first4=DAC8F16E
SYNC_NOT_FOUND first4=6C033A3F
SYNC_NOT_FOUND first4=026A4B7B
SYNC_NOT_FOUND first4=46064C6A
SYNC_NOT_FOUND first4=19447C00
SYNC_NOT_FOUND first4=B416C391
PHASE_RESULT 21 HF-FLRC-650-64 pktSize=64 rx=0 unique=0 lost=100 per=100.0 rssi_avg=0 rssi_min=0 crc_err=0 garbage=40 tx_lat=0.00000 tx_lon=0.00000 sats=0 fix=0 utc=0 tx_fw=none rx_fw=unknown
PHASE_GUARD 500
PHASE_START 22 HF-FLRC-650-128 pktSize=128
SYNC_NOT_FOUND first4=661FFF37
2026-07-26T13:08:33.944685+00:00 SYNC_NOT_FOUND first4=C49C70D0
SYNC_NOT_FOUND first4=9D88E253
SYNC_NOT_FOUND first4=9CB44800
SYNC_NOT_FOUND first4=456F73EA
SYNC_NOT_FOUND first4=A77A68C1
SYNC_NOT_FOUND first4=E978E7AC
SYNC_NOT_FOUND first4=5E88C015
SYNC_NOT_FOUND first4=4F2C52D8
SYNC_NOT_FOUND first4=E3FBA772
SYNC_NOT_FOUND first4=DC06A938
SYNC_NOT_FOUND first4=B4A8DB54
SYNC_NOT_FOUND first4=D9961AA0
SYNC_NOT_FOUND first4=F94B6F06
SYNC_NOT_FOUND first4=5BDE862C
SYNC_NOT_FOUND first4=1029991D
SYNC_NOT_FOUND first4=AF729787
SYNC_NOT_FOUND first4=A9FAB5CA
SYNC_NOT_FOUND first4=54373747
2026-07-26T13:08:34.955606+00:00 SYNC_NOT_FOUND first4=31E89E5A
SYNC_NOT_FOUND first4=930ED149
SYNC_NOT_FOUND first4=FD03F92A
SYNC_NOT_FOUND first4=9E6B571C
SYNC_NOT_FOUND first4=CC5580DE
SYNC_NOT_FOUND first4=ACD5A8AC
SYNC_NOT_FOUND first4=E41BBEB6
SYNC_NOT_FOUND first4=00A17E4A
SYNC_NOT_FOUND first4=8A6191CB
SYNC_NOT_FOUND first4=1218240B
SYNC_NOT_FOUND first4=F7B16D3F
SYNC_NOT_FOUND first4=FD57F439
PHASE_RESULT 22 HF-FLRC-650-128 pktSize=128 rx=0 unique=0 lost=100 per=100.0 rssi_avg=0 rssi_min=0 crc_err=0 garbage=31 tx_lat=0.00000 tx_lon=0.00000 sats=0 fix=0 utc=0 tx_fw=none rx_fw=unknown
PHASE_GUARD 500
PHASE_START 23 HF-FLRC-650-255 pktSize=255
TIME_SYNCED utc=1785071314 offset=1785062473
2026-07-26T13:08:35.967648+00:00 SYNC_NOT_FOUND first4=3B730954
TIME_SYNCED utc=1785071314 offset=1785062473
SYNC_NOT_FOUND first4=C9B55C06
SYNC_NOT_FOUND first4=BC827E94
SYNC_NOT_FOUND first4=86330F94
SYNC_NOT_FOUND first4=F5601805
SYNC_NOT_FOUND first4=5E1A9661
SYNC_NOT_FOUND first4=BB55C7BE
SYNC_NOT_FOUND first4=9C091200
SYNC_NOT_FOUND first4=D6F40686
SYNC_NOT_FOUND first4=5F469A8A
SYNC_NOT_FOUND first4=CDF33970
SYNC_NOT_FOUND first4=A612C579
SYNC_NOT_FOUND first4=99D60217
SYNC_NOT_FOUND first4=970D85D5
SYNC_NOT_FOUND first4=7206FE21
SYNC_NOT_FOUND first4=E70B9D16
SYNC_NOT_FOUND first4=4599A4AB
SYNC_NOT_FOUND first4=4A82C363
SYNC_NOT_FOUND first4=975ACA79
2026-07-26T13:08:36.978659+00:00 SYNC_NOT_FOUND first4=BD49003C
SYNC_NOT_FOUND first4=3FE80BD0
SYNC_NOT_FOUND first4=FFA16F03
SYNC_NOT_FOUND first4=B7EFC512
SYNC_NOT_FOUND first4=EEB8818A
SYNC_NOT_FOUND first4=931C62C7
SYNC_NOT_FOUND first4=EF3638C5
SYNC_NOT_FOUND first4=0DE8EEE2
SYNC_NOT_FOUND first4=842D3A08
SYNC_NOT_FOUND first4=0BC197DF
SYNC_NOT_FOUND first4=40C57686
SYNC_NOT_FOUND first4=0FEA8547
SYNC_NOT_FOUND first4=EC89E748
SYNC_NOT_FOUND first4=4F67249C
SYNC_NOT_FOUND first4=83C5406E
SYNC_NOT_FOUND first4=A1D47E02
SYNC_NOT_FOUND first4=E9B51F3E
PHASE_RESULT 23 HF-FLRC-650-255 pktSize=255 rx=0 unique=0 lost=100 per=100.0 rssi_avg=0 rssi_min=0 crc_err=0 garbage=36 tx_lat=0.00000 tx_lon=0.00000 sats=0 fix=0 utc=0 tx_fw=none rx_fw=unknown
PHASE_GUARD 500
PHASE_START 24 HF-FLRC-325-32 pktSize=32
2026-07-26T13:08:37.990079+00:00 SYNC_NOT_FOUND first4=0148E8A1
2026-07-26T13:08:39.000795+00:00 SYNC_NOT_FOUND first4=54AC5A63
SYNC_NOT_FOUND first4=42BB8D27
PHASE_RESULT 24 HF-FLRC-325-32 pktSize=32 rx=0 unique=0 lost=100 per=100.0 rssi_avg=0 rssi_min=0 crc_err=0 garbage=3 tx_lat=0.00000 tx_lon=0.00000 sats=0 fix=0 utc=0 tx_fw=none rx_fw=unknown
PHASE_GUARD 500
PHASE_START 25 HF-FLRC-325-64 pktSize=64
2026-07-26T13:08:40.012253+00:00 SYNC_NOT_FOUND first4=3BE85414
SYNC_NOT_FOUND first4=0218D040
2026-07-26T13:08:41.023692+00:00 SYNC_NOT_FOUND first4=5A54C648
PHASE_RESULT 25 HF-FLRC-325-64 pktSize=64 rx=0 unique=0 lost=100 per=100.0 rssi_avg=0 rssi_min=0 crc_err=0 garbage=3 tx_lat=0.00000 tx_lon=0.00000 sats=0 fix=0 utc=0 tx_fw=none rx_fw=unknown
PHASE_GUARD 500
PHASE_START 26 HF-FLRC-325-128 pktSize=128
2026-07-26T13:08:42.034933+00:00 SYNC_NOT_FOUND first4=AF1C3112
SYNC_NOT_FOUND first4=9488BDB3
SYNC_NOT_FOUND first4=B64BB85F
2026-07-26T13:08:43.046078+00:00 SYNC_NOT_FOUND first4=E2C16799
PHASE_RESULT 26 HF-FLRC-325-128 pktSize=128 rx=0 unique=0 lost=100 per=100.0 rssi_avg=0 rssi_min=0 crc_err=0 garbage=4 tx_lat=0.00000 tx_lon=0.00000 sats=0 fix=0 utc=0 tx_fw=none rx_fw=unknown
PHASE_GUARD 500
PHASE_START 27 HF-FLRC-325-255 pktSize=255
SYNC_NOT_FOUND first4=02F8BF52
SYNC_NOT_FOUND first4=447D6393
2026-07-26T13:08:44.057204+00:00 SYNC_NOT_FOUND first4=3F7F3258
2026-07-26T13:08:45.060854+00:00 SYNC_NOT_FOUND first4=AD89F41C
PHASE_RESULT 27 HF-FLRC-325-255 pktSize=255 rx=0 unique=0 lost=100 per=100.0 rssi_avg=0 rssi_min=0 crc_err=0 garbage=4 tx_lat=0.00000 tx_lon=0.00000 sats=0 fix=0 utc=0 tx_fw=none rx_fw=unknown
PHASE_GUARD 500
LORA_CFG path=0 bw=0x05 sf=7
PHASE_START 28 LF-LoRa-SF7-32 pktSize=32
TIME_SYNCED utc=1785071324 offset=1785062473
2026-07-26T13:08:46.073126+00:00 TIME_SYNCED utc=1785071325 offset=1785062474
PHASE_RESULT 28 LF-LoRa-SF7-32 pktSize=32 rx=0 unique=0 lost=20 per=100.0 rssi_avg=0 rssi_min=0 crc_err=0 garbage=0 tx_lat=0.00000 tx_lon=0.00000 sats=0 fix=0 utc=0 tx_fw=none rx_fw=unknown
PHASE_GUARD 500
LORA_CFG path=0 bw=0x05 sf=7
PHASE_START 29 LF-LoRa-SF7-64 pktSize=64
2026-07-26T13:08:49.186111+00:00 PHASE_RESULT 29 LF-LoRa-SF7-64 pktSize=64 rx=0 unique=0 lost=20 per=100.0 rssi_avg=0 rssi_min=0 crc_err=0 garbage=0 tx_lat=0.00000 tx_lon=0.00000 sats=0 fix=0 utc=0 tx_fw=none rx_fw=unknown
PHASE_GUARD 500
LORA_CFG path=0 bw=0x05 sf=7
PHASE_START 30 LF-LoRa-SF7-128 pktSize=128
2026-07-26T13:08:53.351230+00:00 PHASE_RESULT 30 LF-LoRa-SF7-128 pktSize=128 rx=0 unique=0 lost=13 per=100.0 rssi_avg=0 rssi_min=0 crc_err=0 garbage=0 tx_lat=0.00000 tx_lon=0.00000 sats=0 fix=0 utc=0 tx_fw=none rx_fw=unknown
PHASE_GUARD 500
LORA_CFG path=0 bw=0x05 sf=7
PHASE_START 31 LF-LoRa-SF7-255 pktSize=255
2026-07-26T13:08:55.406218+00:00 TIME_SYNCED utc=1785071334 offset=1785062473
2026-07-26T13:08:56.421335+00:00 TIME_SYNCED utc=1785071335 offset=1785062474
2026-07-26T13:08:57.433057+00:00 PHASE_RESULT 31 LF-LoRa-SF7-255 pktSize=255 rx=0 unique=0 lost=7 per=100.0 rssi_avg=0 rssi_min=0 crc_err=0 garbage=0 tx_lat=0.00000 tx_lon=0.00000 sats=0 fix=0 utc=0 tx_fw=none rx_fw=unknown
PHASE_GUARD 500
LORA_CFG path=0 bw=0x05 sf=9
PHASE_START 32 LF-LoRa-SF9-32 pktSize=32
2026-07-26T13:09:01.603232+00:00 PHASE_RESULT 32 LF-LoRa-SF9-32 pktSize=32 rx=0 unique=0 lost=7 per=100.0 rssi_avg=0 rssi_min=0 crc_err=0 garbage=0 tx_lat=0.00000 tx_lon=0.00000 sats=0 fix=0 utc=0 tx_fw=none rx_fw=unknown
PHASE_GUARD 500
LORA_CFG path=0 bw=0x05 sf=9
PHASE_START 33 LF-LoRa-SF9-64 pktSize=64
2026-07-26T13:09:04.710404+00:00 PHASE_RESULT 33 LF-LoRa-SF9-64 pktSize=64 rx=0 unique=0 lost=3 per=100.0 rssi_avg=0 rssi_min=0 crc_err=0 garbage=0 tx_lat=0.00000 tx_lon=0.00000 sats=0 fix=0 utc=0 tx_fw=none rx_fw=unknown
PHASE_GUARD 500
LORA_CFG path=0 bw=0x05 sf=9
PHASE_START 34 LF-LoRa-SF9-128 pktSize=128
2026-07-26T13:09:05.729698+00:00 TIME_SYNCED utc=1785071344 offset=1785062473
2026-07-26T13:09:06.733294+00:00 TIME_SYNCED utc=1785071345 offset=1785062473
PHASE_RESULT 34 LF-LoRa-SF9-128 pktSize=128 rx=0 unique=0 lost=1 per=100.0 rssi_avg=0 rssi_min=0 crc_err=0 garbage=0 tx_lat=0.00000 tx_lon=0.00000 sats=0 fix=0 utc=0 tx_fw=none rx_fw=unknown
2026-07-26T13:09:07.748289+00:00 PHASE_GUARD 500
LORA_CFG path=0 bw=0x05 sf=9
PHASE_START 35 LF-LoRa-SF9-255 pktSize=255
2026-07-26T13:09:10.861481+00:00 PHASE_RESULT 35 LF-LoRa-SF9-255 pktSize=255 rx=0 unique=0 lost=1 per=100.0 rssi_avg=0 rssi_min=0 crc_err=0 garbage=0 tx_lat=0.00000 tx_lon=0.00000 sats=0 fix=0 utc=0 tx_fw=none rx_fw=unknown
PHASE_GUARD 500
LORA_CFG path=0 bw=0x05 sf=12
2026-07-26T13:09:11.878241+00:00 PHASE_START 36 LF-LoRa-SF12-32 pktSize=32
2026-07-26T13:09:15.000660+00:00 TIME_SYNCED utc=1785071354 offset=1785062473
2026-07-26T13:09:17.063647+00:00 TIME_SYNCED utc=1785071356 offset=1785062474
2026-07-26T13:09:25.435883+00:00 PHASE_RESULT 36 LF-LoRa-SF12-32 pktSize=32 rx=0 unique=0 lost=1 per=100.0 rssi_avg=0 rssi_min=0 crc_err=0 garbage=0 tx_lat=0.00000 tx_lon=0.00000 sats=0 fix=0 utc=0 tx_fw=none rx_fw=unknown
PHASE_GUARD 500
LORA_CFG path=0 bw=0x05 sf=12
PHASE_START 37 LF-LoRa-SF12-SKIP SKIP pktSize=64
TIME_SYNCED utc=1785071364 offset=1785062473
PHASE_RESULT 37 LF-LoRa-SF12-SKIP pktSize=64 rx=0 unique=0 lost=0 per=0.0 rssi_avg=0 rssi_min=0 crc_err=0 garbage=0 tx_lat=0.00000 tx_lon=0.00000 sats=0 fix=0 utc=0 tx_fw=none rx_fw=unknown
PHASE_GUARD 500
LORA_CFG path=0 bw=0x05 sf=12
PHASE_START 36 LF-LoRa-SF12-32 pktSize=32
2026-07-26T13:09:26.447199+00:00 PHASE_RESULT 36 LF-LoRa-SF12-32 pktSize=32 rx=0 unique=0 lost=1 per=100.0 rssi_avg=0 rssi_min=0 crc_err=0 garbage=0 tx_lat=0.00000 tx_lon=0.00000 sats=0 fix=0 utc=0 tx_fw=none rx_fw=unknown
PHASE_GUARD 500
LORA_CFG path=0 bw=0x05 sf=12
PHASE_START 37 LF-LoRa-SF12-SKIP SKIP pktSize=64
2026-07-26T13:09:27.466219+00:00 TIME_SYNCED utc=1785071366 offset=1785062474
PHASE_RESULT 37 LF-LoRa-SF12-SKIP pktSize=64 rx=0 unique=0 lost=0 per=0.0 rssi_avg=0 rssi_min=0 crc_err=0 garbage=0 tx_lat=0.00000 tx_lon=0.00000 sats=0 fix=0 utc=0 tx_fw=none rx_fw=unknown
PHASE_GUARD 500
LORA_CFG path=0 bw=0x05 sf=12
PHASE_START 38 LF-LoRa-SF12-SKIP SKIP pktSize=128
PHASE_RESULT 38 LF-LoRa-SF12-SKIP pktSize=128 rx=0 unique=0 lost=0 per=0.0 rssi_avg=0 rssi_min=0 crc_err=0 garbage=0 tx_lat=0.00000 tx_lon=0.00000 sats=0 fix=0 utc=0 tx_fw=none rx_fw=unknown
PHASE_GUARD 500
LORA_CFG path=0 bw=0x05 sf=12
PHASE_START 39 LF-LoRa-SF12-SKIP SKIP pktSize=255
2026-07-26T13:09:28.480233+00:00 PHASE_RESULT 39 LF-LoRa-SF12-SKIP pktSize=255 rx=0 unique=0 lost=0 per=0.0 rssi_avg=0 rssi_min=0 crc_err=0 garbage=0 tx_lat=0.00000 tx_lon=0.00000 sats=0 fix=0 utc=0 tx_fw=none rx_fw=unknown
PHASE_GUARD 500
PHASE_START 40 LF-FLRC-2600-32 pktSize=32
SYNC_NOT_FOUND first4=248111A4
2026-07-26T13:09:30.541091+00:00 PHASE_RESULT 40 LF-FLRC-2600-32 pktSize=32 rx=0 unique=0 lost=100 per=100.0 rssi_avg=0 rssi_min=0 crc_err=0 garbage=1 tx_lat=0.00000 tx_lon=0.00000 sats=0 fix=0 utc=0 tx_fw=none rx_fw=unknown
PHASE_GUARD 500
PHASE_START 41 LF-FLRC-2600-64 pktSize=64
SYNC_NOT_FOUND first4=89A26894
2026-07-26T13:09:31.555535+00:00 SYNC_NOT_FOUND first4=48833180
SYNC_NOT_FOUND first4=CECF0D61
SYNC_NOT_FOUND first4=3185C45E
SYNC_NOT_FOUND first4=C3875DB6
2026-07-26T13:09:32.574125+00:00 PHASE_RESULT 41 LF-FLRC-2600-64 pktSize=64 rx=0 unique=0 lost=100 per=100.0 rssi_avg=0 rssi_min=0 crc_err=0 garbage=5 tx_lat=0.00000 tx_lon=0.00000 sats=0 fix=0 utc=0 tx_fw=none rx_fw=unknown
PHASE_GUARD 500
PHASE_START 42 LF-FLRC-2600-128 pktSize=128
2026-07-26T13:09:33.585169+00:00 SYNC_NOT_FOUND first4=F57CF980
2026-07-26T13:09:34.596515+00:00 PHASE_RESULT 42 LF-FLRC-2600-128 pktSize=128 rx=0 unique=0 lost=100 per=100.0 rssi_avg=0 rssi_min=0 crc_err=0 garbage=1 tx_lat=0.00000 tx_lon=0.00000 sats=0 fix=0 utc=0 tx_fw=none rx_fw=unknown
PHASE_GUARD 500
PHASE_START 43 LF-FLRC-2600-255 pktSize=255
SYNC_NOT_FOUND first4=49F396CB
SYNC_NOT_FOUND first4=6A757EA3
2026-07-26T13:09:35.612950+00:00 TIME_SYNCED utc=1785071374 offset=1785062473
2026-07-26T13:09:37.667195+00:00 TIME_SYNCED utc=1785071376 offset=1785062474
PHASE_RESULT 43 LF-FLRC-2600-255 pktSize=255 rx=0 unique=0 lost=100 per=100.0 rssi_avg=0 rssi_min=0 crc_err=0 garbage=2 tx_lat=0.00000 tx_lon=0.00000 sats=0 fix=0 utc=0 tx_fw=none rx_fw=unknown
PHASE_GUARD 500
PHASE_START 44 LF-FLRC-1300-32 pktSize=32
2026-07-26T13:09:38.681196+00:00 PHASE_RESULT 44 LF-FLRC-1300-32 pktSize=32 rx=0 unique=0 lost=100 per=100.0 rssi_avg=0 rssi_min=0 crc_err=0 garbage=0 tx_lat=0.00000 tx_lon=0.00000 sats=0 fix=0 utc=0 tx_fw=none rx_fw=unknown
PHASE_GUARD 500
PHASE_START 45 LF-FLRC-1300-64 pktSize=64
2026-07-26T13:09:40.746202+00:00 PHASE_RESULT 45 LF-FLRC-1300-64 pktSize=64 rx=0 unique=0 lost=100 per=100.0 rssi_avg=0 rssi_min=0 crc_err=0 garbage=0 tx_lat=0.00000 tx_lon=0.00000 sats=0 fix=0 utc=0 tx_fw=none rx_fw=unknown
PHASE_GUARD 500
PHASE_START 46 LF-FLRC-1300-128 pktSize=128
2026-07-26T13:09:41.756086+00:00 PHASE_RESULT 46 LF-FLRC-1300-128 pktSize=128 rx=0 unique=0 lost=100 per=100.0 rssi_avg=0 rssi_min=0 crc_err=0 garbage=0 tx_lat=0.00000 tx_lon=0.00000 sats=0 fix=0 utc=0 tx_fw=none rx_fw=unknown
PHASE_GUARD 500
2026-07-26T13:09:42.771405+00:00 PHASE_START 47 LF-FLRC-1300-255 pktSize=255
SYNC_NOT_FOUND first4=1DB80F0E
2026-07-26T13:09:43.783827+00:00 SYNC_NOT_FOUND first4=49658546
PHASE_RESULT 47 LF-FLRC-1300-255 pktSize=255 rx=0 unique=0 lost=100 per=100.0 rssi_avg=0 rssi_min=0 crc_err=0 garbage=2 tx_lat=0.00000 tx_lon=0.00000 sats=0 fix=0 utc=0 tx_fw=none rx_fw=unknown
PHASE_GUARD 500
2026-07-26T13:09:44.796920+00:00 PHASE_START 48 LF-FLRC-650-32 pktSize=32
SYNC_NOT_FOUND first4=37CD4D37
2026-07-26T13:09:45.802889+00:00 TIME_SYNCED utc=1785071384 offset=1785062473
SYNC_NOT_FOUND first4=362180CF
2026-07-26T13:09:46.806230+00:00 SYNC_NOT_FOUND first4=42AEF77E
SYNC_NOT_FOUND first4=217C3E6A
SYNC_NOT_FOUND first4=B09724AB
PHASE_RESULT 48 LF-FLRC-650-32 pktSize=32 rx=0 unique=0 lost=100 per=100.0 rssi_avg=0 rssi_min=0 crc_err=0 garbage=5 tx_lat=0.00000 tx_lon=0.00000 sats=0 fix=0 utc=0 tx_fw=none rx_fw=unknown
PHASE_GUARD 500
2026-07-26T13:09:47.818244+00:00 PHASE_START 49 LF-FLRC-650-64 pktSize=64
TIME_SYNCED utc=1785071386 offset=1785062473
2026-07-26T13:09:48.827868+00:00 SYNC_NOT_FOUND first4=E5DA1C00
SYNC_NOT_FOUND first4=9A7717A6
PHASE_RESULT 49 LF-FLRC-650-64 pktSize=64 rx=0 unique=0 lost=100 per=100.0 rssi_avg=0 rssi_min=0 crc_err=0 garbage=2 tx_lat=0.00000 tx_lon=0.00000 sats=0 fix=0 utc=0 tx_fw=none rx_fw=unknown
PHASE_GUARD 500
2026-07-26T13:09:49.831209+00:00 PHASE_START 50 LF-FLRC-650-128 pktSize=128
SYNC_NOT_FOUND first4=3EFEFC8F
2026-07-26T13:09:50.835822+00:00 SYNC_NOT_FOUND first4=F49F7215
PHASE_RESULT 50 LF-FLRC-650-128 pktSize=128 rx=0 unique=0 lost=100 per=100.0 rssi_avg=0 rssi_min=0 crc_err=0 garbage=2 tx_lat=0.00000 tx_lon=0.00000 sats=0 fix=0 utc=0 tx_fw=none rx_fw=unknown
PHASE_GUARD 500
2026-07-26T13:09:51.846235+00:00 PHASE_START 51 LF-FLRC-650-255 pktSize=255
2026-07-26T13:09:52.857545+00:00 SYNC_NOT_FOUND first4=60200AF5
SYNC_NOT_FOUND first4=AC6E725A
PHASE_RESULT 51 LF-FLRC-650-255 pktSize=255 rx=0 unique=0 lost=100 per=100.0 rssi_avg=0 rssi_min=0 crc_err=0 garbage=2 tx_lat=0.00000 tx_lon=0.00000 sats=0 fix=0 utc=0 tx_fw=none rx_fw=unknown
PHASE_GUARD 500
2026-07-26T13:09:53.861220+00:00 PHASE_START 52 LF-FLRC-325-32 pktSize=32
2026-07-26T13:09:54.864345+00:00 PHASE_RESULT 52 LF-FLRC-325-32 pktSize=32 rx=0 unique=0 lost=100 per=100.0 rssi_avg=0 rssi_min=0 crc_err=0 garbage=0 tx_lat=0.00000 tx_lon=0.00000 sats=0 fix=0 utc=0 tx_fw=none rx_fw=unknown
PHASE_GUARD 500
PHASE_START 53 LF-FLRC-325-64 pktSize=64
2026-07-26T13:09:55.875213+00:00 TIME_SYNCED utc=1785071394 offset=1785062473
2026-07-26T13:09:56.885760+00:00 PHASE_RESULT 53 LF-FLRC-325-64 pktSize=64 rx=0 unique=0 lost=100 per=100.0 rssi_avg=0 rssi_min=0 crc_err=0 garbage=0 tx_lat=0.00000 tx_lon=0.00000 sats=0 fix=0 utc=0 tx_fw=none rx_fw=unknown
PHASE_GUARD 500
PHASE_START 54 LF-FLRC-325-128 pktSize=128
2026-07-26T13:09:57.901301+00:00 TIME_SYNCED utc=1785071396 offset=1785062473
2026-07-26T13:09:58.912253+00:00 PHASE_RESULT 54 LF-FLRC-325-128 pktSize=128 rx=0 unique=0 lost=100 per=100.0 rssi_avg=0 rssi_min=0 crc_err=0 garbage=0 tx_lat=0.00000 tx_lon=0.00000 sats=0 fix=0 utc=0 tx_fw=none rx_fw=unknown
PHASE_GUARD 500
PHASE_START 55 LF-FLRC-325-255 pktSize=255
2026-07-26T13:10:00.974744+00:00 SYNC_NOT_FOUND first4=35E52101
SYNC_NOT_FOUND first4=1A0F3394
SYNC_NOT_FOUND first4=26B2819F
PHASE_RESULT 55 LF-FLRC-325-255 pktSize=255 rx=0 unique=0 lost=100 per=100.0 rssi_avg=0 rssi_min=0 crc_err=0 garbage=3 tx_lat=0.00000 tx_lon=0.00000 sats=0 fix=0 utc=0 tx_fw=none rx_fw=unknown
PHASE_GUARD 500
LORA_CFG path=1 bw=0x0F sf=7
PHASE_START 0 HF-LoRa-SF7-32 pktSize=32
2026-07-26T13:10:03.037924+00:00 PHASE_RESULT 0 HF-LoRa-SF7-32 pktSize=32 rx=0 unique=0 lost=20 per=100.0 rssi_avg=0 rssi_min=0 crc_err=0 garbage=0 tx_lat=0.00000 tx_lon=0.00000 sats=0 fix=0 utc=0 tx_fw=none rx_fw=unknown
PHASE_GUARD 500
LORA_CFG path=1 bw=0x0F sf=7
PHASE_START 1 HF-LoRa-SF7-64 pktSize=64
2026-07-26T13:10:05.099797+00:00 PHASE_RESULT 1 HF-LoRa-SF7-64 pktSize=64 rx=0 unique=0 lost=20 per=100.0 rssi_avg=0 rssi_min=0 crc_err=0 garbage=0 tx_lat=0.00000 tx_lon=0.00000 sats=0 fix=0 utc=0 tx_fw=none rx_fw=unknown
PHASE_GUARD 500
LORA_CFG path=1 bw=0x0F sf=7
PHASE_START 2 HF-LoRa-SF7-128 pktSize=128
TIME_SYNCED utc=1785071404 offset=1785062473
2026-07-26T13:10:07.161830+00:00 PHASE_RESULT 2 HF-LoRa-SF7-128 pktSize=128 rx=0 unique=0 lost=20 per=100.0 rssi_avg=0 rssi_min=0 crc_err=0 garbage=0 tx_lat=0.00000 tx_lon=0.00000 sats=0 fix=0 utc=0 tx_fw=none rx_fw=unknown
PHASE_GUARD 500
LORA_CFG path=1 bw=0x0F sf=7
PHASE_START 3 HF-LoRa-SF7-255 pktSize=255
2026-07-26T13:10:08.174357+00:00 TIME_SYNCED utc=1785071407 offset=1785062474
2026-07-26T13:10:09.185755+00:00 PHASE_RESULT 3 HF-LoRa-SF7-255 pktSize=255 rx=0 unique=0 lost=20 per=100.0 rssi_avg=0 rssi_min=0 crc_err=0 garbage=0 tx_lat=0.00000 tx_lon=0.00000 sats=0 fix=0 utc=0 tx_fw=none rx_fw=unknown
PHASE_GUARD 500
LORA_CFG path=1 bw=0x0F sf=9
PHASE_START 4 HF-LoRa-SF9-32 pktSize=32
2026-07-26T13:10:11.248342+00:00 PHASE_RESULT 4 HF-LoRa-SF9-32 pktSize=32 rx=0 unique=0 lost=20 per=100.0 rssi_avg=0 rssi_min=0 crc_err=0 garbage=0 tx_lat=0.00000 tx_lon=0.00000 sats=0 fix=0 utc=0 tx_fw=none rx_fw=unknown
PHASE_GUARD 500
LORA_CFG path=1 bw=0x0F sf=9
PHASE_START 5 HF-LoRa-SF9-64 pktSize=64
2026-07-26T13:10:14.361367+00:00 PHASE_RESULT 5 HF-LoRa-SF9-64 pktSize=64 rx=0 unique=0 lost=20 per=100.0 rssi_avg=0 rssi_min=0 crc_err=0 garbage=0 tx_lat=0.00000 tx_lon=0.00000 sats=0 fix=0 utc=0 tx_fw=none rx_fw=unknown
PHASE_GUARD 500
LORA_CFG path=1 bw=0x0F sf=9
PHASE_START 6 HF-LoRa-SF9-128 pktSize=128
2026-07-26T13:10:15.372057+00:00 TIME_SYNCED utc=1785071414 offset=1785062473
2026-07-26T13:10:18.485222+00:00 TIME_SYNCED utc=1785071417 offset=1785062474
PHASE_RESULT 6 HF-LoRa-SF9-128 pktSize=128 rx=0 unique=0 lost=13 per=100.0 rssi_avg=0 rssi_min=0 crc_err=0 garbage=0 tx_lat=0.00000 tx_lon=0.00000 sats=0 fix=0 utc=0 tx_fw=none rx_fw=unknown
PHASE_GUARD 500
LORA_CFG path=1 bw=0x0F sf=9
PHASE_START 7 HF-LoRa-SF9-255 pktSize=255
2026-07-26T13:10:21.598355+00:00 PHASE_RESULT 7 HF-LoRa-SF9-255 pktSize=255 rx=0 unique=0 lost=6 per=100.0 rssi_avg=0 rssi_min=0 crc_err=0 garbage=0 tx_lat=0.00000 tx_lon=0.00000 sats=0 fix=0 utc=0 tx_fw=none rx_fw=unknown
PHASE_GUARD 500
LORA_CFG path=1 bw=0x0F sf=12
PHASE_START 8 HF-LoRa-SF12-32 pktSize=32
2026-07-26T13:10:24.712352+00:00 PHASE_RESULT 8 HF-LoRa-SF12-32 pktSize=32 rx=0 unique=0 lost=2 per=100.0 rssi_avg=0 rssi_min=0 crc_err=0 garbage=0 tx_lat=0.00000 tx_lon=0.00000 sats=0 fix=0 utc=0 tx_fw=none rx_fw=unknown
PHASE_GUARD 500
LORA_CFG path=1 bw=0x0F sf=12
PHASE_START 9 HF-LoRa-SF12-64 pktSize=64
2026-07-26T13:10:25.724299+00:00 TIME_SYNCED utc=1785071425 offset=1785062474
2026-07-26T13:10:26.734035+00:00 PHASE_RESULT 9 HF-LoRa-SF12-64 pktSize=64 rx=0 unique=0 lost=1 per=100.0 rssi_avg=0 rssi_min=0 crc_err=0 garbage=0 tx_lat=0.00000 tx_lon=0.00000 sats=0 fix=0 utc=0 tx_fw=none rx_fw=unknown
PHASE_GUARD 500
2026-07-26T13:10:27.738776+00:00 LORA_CFG path=1 bw=0x0F sf=12
PHASE_START 10 HF-LoRa-SF12-128 pktSize=128
2026-07-26T13:10:28.747245+00:00 TIME_SYNCED utc=1785071427 offset=1785062473
2026-07-26T13:10:32.903740+00:00 PHASE_RESULT 10 HF-LoRa-SF12-128 pktSize=128 rx=0 unique=0 lost=1 per=100.0 rssi_avg=0 rssi_min=0 crc_err=0 garbage=0 tx_lat=0.00000 tx_lon=0.00000 sats=0 fix=0 utc=0 tx_fw=none rx_fw=unknown
PHASE_GUARD 500
LORA_CFG path=1 bw=0x0F sf=12
PHASE_START 11 HF-LoRa-SF12-255 pktSize=255
2026-07-26T13:10:36.022234+00:00 TIME_SYNCED utc=1785071435 offset=1785062474
2026-07-26T13:10:39.128443+00:00 TIME_SYNCED utc=1785071438 offset=1785062474
2026-07-26T13:10:42.234516+00:00 PHASE_RESULT 11 HF-LoRa-SF12-255 pktSize=255 rx=0 unique=0 lost=1 per=100.0 rssi_avg=0 rssi_min=0 crc_err=0 garbage=0 tx_lat=0.00000 tx_lon=0.00000 sats=0 fix=0 utc=0 tx_fw=none rx_fw=unknown
PHASE_GUARD 500
PHASE_START 12 HF-FLRC-2600-32 pktSize=32
SYNC_NOT_FOUND first4=0C39D81D
SYNC_NOT_FOUND first4=D20CF889
SYNC_NOT_FOUND first4=26386F85
2026-07-26T13:10:43.245667+00:00 SYNC_NOT_FOUND first4=55AAB910
SYNC_NOT_FOUND first4=FA01E8F4
SYNC_NOT_FOUND first4=743ED070
SYNC_NOT_FOUND first4=0518F031
SYNC_NOT_FOUND first4=6E0E7761
SYNC_NOT_FOUND first4=E144C1FC
SYNC_NOT_FOUND first4=46500BE7
SYNC_NOT_FOUND first4=21F7BC96
2026-07-26T13:10:44.262153+00:00 SYNC_NOT_FOUND first4=362425E6
SYNC_NOT_FOUND first4=A06FC389
SYNC_NOT_FOUND first4=E5AF0163
SYNC_NOT_FOUND first4=92D0C395
SYNC_NOT_FOUND first4=016A1485
PHASE_RESULT 12 HF-FLRC-2600-32 pktSize=32 rx=0 unique=0 lost=100 per=100.0 rssi_avg=0 rssi_min=0 crc_err=0 garbage=16 tx_lat=0.00000 tx_lon=0.00000 sats=0 fix=0 utc=0 tx_fw=none rx_fw=unknown
PHASE_GUARD 500
PHASE_START 13 HF-FLRC-2600-64 pktSize=64
SYNC_NOT_FOUND first4=8ED0A40F
SYNC_NOT_FOUND first4=88585F64
2026-07-26T13:10:45.272795+00:00 SYNC_NOT_FOUND first4=98566B2D
SYNC_NOT_FOUND first4=73370F14
SYNC_NOT_FOUND first4=E342CA6F
TIME_SYNCED utc=1785071445 offset=1785062474
2026-07-26T13:10:46.283625+00:00 PHASE_RESULT 13 HF-FLRC-2600-64 pktSize=64 rx=0 unique=0 lost=100 per=100.0 rssi_avg=0 rssi_min=0 crc_err=0 garbage=5 tx_lat=0.00000 tx_lon=0.00000 sats=0 fix=0 utc=0 tx_fw=none rx_fw=unknown
PHASE_GUARD 500
PHASE_START 14 HF-FLRC-2600-128 pktSize=128
SYNC_NOT_FOUND first4=8EE9C086
SYNC_NOT_FOUND first4=6A537E3D
SYNC_NOT_FOUND first4=B7CBE4AF
SYNC_NOT_FOUND first4=5DC50485
2026-07-26T13:10:47.294587+00:00 SYNC_NOT_FOUND first4=266233E3
SYNC_NOT_FOUND first4=7DF553EA
SYNC_NOT_FOUND first4=88ACE73C
SYNC_NOT_FOUND first4=24AD2891
SYNC_NOT_FOUND first4=2D8207EB
SYNC_NOT_FOUND first4=CC9C4EE2
2026-07-26T13:10:48.298481+00:00 SYNC_NOT_FOUND first4=ADEF1C18
SYNC_NOT_FOUND first4=3DE7A812
PHASE_RESULT 14 HF-FLRC-2600-128 pktSize=128 rx=0 unique=0 lost=100 per=100.0 rssi_avg=0 rssi_min=0 crc_err=0 garbage=12 tx_lat=0.00000 tx_lon=0.00000 sats=0 fix=0 utc=0 tx_fw=none rx_fw=unknown
PHASE_GUARD 500
PHASE_START 15 HF-FLRC-2600-255 pktSize=255
2026-07-26T13:10:49.311798+00:00 TIME_SYNCED utc=1785071448 offset=1785062474
SYNC_NOT_FOUND first4=C6D6C726
SYNC_NOT_FOUND first4=48D59AC1
SYNC_NOT_FOUND first4=6A9F1C26
SYNC_NOT_FOUND first4=6D8F53D6
SYNC_NOT_FOUND first4=007479A9
SYNC_NOT_FOUND first4=E73A8694
SYNC_NOT_FOUND first4=AA719463
SYNC_NOT_FOUND first4=2CED2394
2026-07-26T13:10:50.324019+00:00 SYNC_NOT_FOUND first4=C5265A0C
SYNC_NOT_FOUND first4=ADD39E69
SYNC_NOT_FOUND first4=93BE3CB3
SYNC_NOT_FOUND first4=B06E3B8F
SYNC_NOT_FOUND first4=5DB58CA9
PHASE_RESULT 15 HF-FLRC-2600-255 pktSize=255 rx=0 unique=0 lost=100 per=100.0 rssi_avg=0 rssi_min=0 crc_err=0 garbage=13 tx_lat=0.00000 tx_lon=0.00000 sats=0 fix=0 utc=0 tx_fw=none rx_fw=unknown
PHASE_GUARD 500
PHASE_START 16 HF-FLRC-1300-32 pktSize=32
2026-07-26T13:10:51.335308+00:00 SYNC_NOT_FOUND first4=797D2CD4
SYNC_NOT_FOUND first4=C9986D6B
SYNC_NOT_FOUND first4=B4A67B14
SYNC_NOT_FOUND first4=1E50942D
SYNC_NOT_FOUND first4=9628D216
SYNC_NOT_FOUND first4=A491376E
2026-07-26T13:10:52.341280+00:00 SYNC_NOT_FOUND first4=E66FEC67
PHASE_RESULT 16 HF-FLRC-1300-32 pktSize=32 rx=0 unique=0 lost=100 per=100.0 rssi_avg=0 rssi_min=0 crc_err=0 garbage=7 tx_lat=0.00000 tx_lon=0.00000 sats=0 fix=0 utc=0 tx_fw=none rx_fw=unknown
PHASE_GUARD 500
PHASE_START 17 HF-FLRC-1300-64 pktSize=64
SYNC_NOT_FOUND first4=60D7C380
SYNC_NOT_FOUND first4=DC6FE3A5
2026-07-26T13:10:53.345081+00:00 SYNC_NOT_FOUND first4=756A7049
SYNC_NOT_FOUND first4=09BC750C
SYNC_NOT_FOUND first4=10006739
2026-07-26T13:10:54.348781+00:00 SYNC_NOT_FOUND first4=DA8A6B2B
PHASE_RESULT 17 HF-FLRC-1300-64 pktSize=64 rx=0 unique=0 lost=100 per=100.0 rssi_avg=0 rssi_min=0 crc_err=0 garbage=6 tx_lat=0.00000 tx_lon=0.00000 sats=0 fix=0 utc=0 tx_fw=none rx_fw=unknown
PHASE_GUARD 500
PHASE_START 18 HF-FLRC-1300-128 pktSize=128
SYNC_NOT_FOUND first4=7A57182F
2026-07-26T13:10:55.352084+00:00 SYNC_NOT_FOUND first4=D6A653F3
TIME_SYNCED utc=1785071455 offset=1785062474
SYNC_NOT_FOUND first4=919C1545
2026-07-26T13:10:56.362961+00:00 SYNC_NOT_FOUND first4=5C25AD46
SYNC_NOT_FOUND first4=523D9B1E
PHASE_RESULT 18 HF-FLRC-1300-128 pktSize=128 rx=0 unique=0 lost=100 per=100.0 rssi_avg=0 rssi_min=0 crc_err=0 garbage=5 tx_lat=0.00000 tx_lon=0.00000 sats=0 fix=0 utc=0 tx_fw=none rx_fw=unknown
PHASE_GUARD 500
PHASE_START 19 HF-FLRC-1300-255 pktSize=255
SYNC_NOT_FOUND first4=C92CDD86
2026-07-26T13:10:57.366499+00:00 SYNC_NOT_FOUND first4=94192634
SYNC_NOT_FOUND first4=53335652
2026-07-26T13:10:58.377280+00:00 SYNC_NOT_FOUND first4=9AE41967
SYNC_NOT_FOUND first4=6D156BE8
SYNC_NOT_FOUND first4=C01B3F51
PHASE_RESULT 19 HF-FLRC-1300-255 pktSize=255 rx=0 unique=0 lost=100 per=100.0 rssi_avg=0 rssi_min=0 crc_err=0 garbage=6 tx_lat=0.00000 tx_lon=0.00000 sats=0 fix=0 utc=0 tx_fw=none rx_fw=unknown
PHASE_GUARD 500
PHASE_START 20 HF-FLRC-650-32 pktSize=32
SYNC_NOT_FOUND first4=DA1BC4F9
SYNC_NOT_FOUND first4=F41AA3FE
SYNC_NOT_FOUND first4=4B289988
SYNC_NOT_FOUND first4=6E3BB129
SYNC_NOT_FOUND first4=E589C533
SYNC_NOT_FOUND first4=2CE0B438
2026-07-26T13:10:59.388469+00:00 SYNC_NOT_FOUND first4=28CC8E60
TIME_SYNCED utc=1785071458 offset=1785062474
SYNC_NOT_FOUND first4=AEA6CD25
SYNC_NOT_FOUND first4=F54EE977
SYNC_NOT_FOUND first4=A28BCBE8
SYNC_NOT_FOUND first4=414C0F15
SYNC_NOT_FOUND first4=921085D8
SYNC_NOT_FOUND first4=0D034D57
SYNC_NOT_FOUND first4=9F405758
SYNC_NOT_FOUND first4=07E06747
SYNC_NOT_FOUND first4=31D733B6
SYNC_NOT_FOUND first4=DF8FBADF
SYNC_NOT_FOUND first4=560B70D1
SYNC_NOT_FOUND first4=27CAD557
SYNC_NOT_FOUND first4=5A98B324
2026-07-26T13:11:00.404250+00:00 SYNC_NOT_FOUND first4=8B6CC327
SYNC_NOT_FOUND first4=0CCD581E
SYNC_NOT_FOUND first4=DC59D281
SYNC_NOT_FOUND first4=3D287102
SYNC_NOT_FOUND first4=6CEDFE13
SYNC_NOT_FOUND first4=44EAE9DE
PHASE_RESULT 20 HF-FLRC-650-32 pktSize=32 rx=0 unique=0 lost=100 per=100.0 rssi_avg=0 rssi_min=0 crc_err=0 garbage=26 tx_lat=0.00000 tx_lon=0.00000 sats=0 fix=0 utc=0 tx_fw=none rx_fw=unknown
PHASE_GUARD 500
PHASE_START 21 HF-FLRC-650-64 pktSize=64
SYNC_NOT_FOUND first4=BBAEB5F9
SYNC_NOT_FOUND first4=4584E6B1
SYNC_NOT_FOUND first4=B548FDA0
SYNC_NOT_FOUND first4=05192A42
SYNC_NOT_FOUND first4=B68E2BC1
SYNC_NOT_FOUND first4=339AE98E
2026-07-26T13:11:01.417005+00:00 SYNC_NOT_FOUND first4=E0296497
SYNC_NOT_FOUND first4=0B57D8C6
SYNC_NOT_FOUND first4=AAD92AFC
SYNC_NOT_FOUND first4=A577AE97
SYNC_NOT_FOUND first4=85A1E0B9
SYNC_NOT_FOUND first4=4672928C
2026-07-26T13:11:02.427705+00:00 SYNC_NOT_FOUND first4=BF0CCC24
SYNC_NOT_FOUND first4=7C308868
SYNC_NOT_FOUND first4=87E7F606
SYNC_NOT_FOUND first4=3F9DB70D
PHASE_RESULT 21 HF-FLRC-650-64 pktSize=64 rx=0 unique=0 lost=100 per=100.0 rssi_avg=0 rssi_min=0 crc_err=0 garbage=16 tx_lat=0.00000 tx_lon=0.00000 sats=0 fix=0 utc=0 tx_fw=none rx_fw=unknown
PHASE_GUARD 500
PHASE_START 22 HF-FLRC-650-128 pktSize=128
SYNC_NOT_FOUND first4=F32B8F5B
SYNC_NOT_FOUND first4=AD173AC3
SYNC_NOT_FOUND first4=DE69B441
SYNC_NOT_FOUND first4=DD9D1CD7
SYNC_NOT_FOUND first4=FA90A326
SYNC_NOT_FOUND first4=9C1F5335
SYNC_NOT_FOUND first4=3927B7E7
SYNC_NOT_FOUND first4=81161FBB
SYNC_NOT_FOUND first4=17CE7352
SYNC_NOT_FOUND first4=C0CCB516
SYNC_NOT_FOUND first4=4F0F3B26
SYNC_NOT_FOUND first4=60C75CC8
SYNC_NOT_FOUND first4=3F893C66
SYNC_NOT_FOUND first4=6DE07488
SYNC_NOT_FOUND first4=29BD3D95
2026-07-26T13:11:03.441422+00:00 SYNC_NOT_FOUND first4=BC697DD4
SYNC_NOT_FOUND first4=451CBA7D
SYNC_NOT_FOUND first4=C86208D0
SYNC_NOT_FOUND first4=1DC300C0
SYNC_NOT_FOUND first4=48D2C685
SYNC_NOT_FOUND first4=B9535490
SYNC_NOT_FOUND first4=88125358
SYNC_NOT_FOUND first4=932D83B3
SYNC_NOT_FOUND first4=CF3DCFA8
2026-07-26T13:11:04.452299+00:00 SYNC_NOT_FOUND first4=5845D66F
SYNC_NOT_FOUND first4=B16338FE
SYNC_NOT_FOUND first4=11A26D19
SYNC_NOT_FOUND first4=994CF546
SYNC_NOT_FOUND first4=5747AA10
SYNC_NOT_FOUND first4=47834F25
SYNC_NOT_FOUND first4=CD80439B
SYNC_NOT_FOUND first4=2B135702
SYNC_NOT_FOUND first4=D4183E56
SYNC_NOT_FOUND first4=ED9C166D
PHASE_RESULT 22 HF-FLRC-650-128 pktSize=128 rx=0 unique=0 lost=100 per=100.0 rssi_avg=0 rssi_min=0 crc_err=0 garbage=34 tx_lat=0.00000 tx_lon=0.00000 sats=0 fix=0 utc=0 tx_fw=none rx_fw=unknown
PHASE_GUARD 500
PHASE_START 23 HF-FLRC-650-255 pktSize=255
SYNC_NOT_FOUND first4=C8E2FA0D
SYNC_NOT_FOUND first4=01F08556
SYNC_NOT_FOUND first4=3AD39B7D
SYNC_NOT_FOUND first4=1F998DD3
SYNC_NOT_FOUND first4=5BB08E81
SYNC_NOT_FOUND first4=8D0E0247
SYNC_NOT_FOUND first4=AF2264B1
SYNC_NOT_FOUND first4=B32A3F98
SYNC_NOT_FOUND first4=0D83495A
SYNC_NOT_FOUND first4=879A8BDF
2026-07-26T13:11:05.465816+00:00 SYNC_NOT_FOUND first4=4B3731DC
SYNC_NOT_FOUND first4=258CCFEC
SYNC_NOT_FOUND first4=C128DC14
SYNC_NOT_FOUND first4=C6D56356
SYNC_NOT_FOUND first4=4ED0689A
SYNC_NOT_FOUND first4=182AB977
SYNC_NOT_FOUND first4=BF061E39
SYNC_NOT_FOUND first4=107DDCCA
SYNC_NOT_FOUND first4=A60BF949
SYNC_NOT_FOUND first4=D0BC3E25
TIME_SYNCED utc=1785071465 offset=1785062474
SYNC_NOT_FOUND first4=6D8A9E23
SYNC_NOT_FOUND first4=3A0C05CC
SYNC_NOT_FOUND first4=4B5C5497
SYNC_NOT_FOUND first4=F3E9C59E
SYNC_NOT_FOUND first4=1C56BB7E
2026-07-26T13:11:06.477849+00:00 SYNC_NOT_FOUND first4=2EB960A6
SYNC_NOT_FOUND first4=A811CDA6
PHASE_RESULT 23 HF-FLRC-650-255 pktSize=255 rx=0 unique=0 lost=100 per=100.0 rssi_avg=0 rssi_min=0 crc_err=0 garbage=27 tx_lat=0.00000 tx_lon=0.00000 sats=0 fix=0 utc=0 tx_fw=none rx_fw=unknown
PHASE_GUARD 500
PHASE_START 24 HF-FLRC-325-32 pktSize=32
SYNC_NOT_FOUND first4=C67D384E
2026-07-26T13:11:07.489195+00:00 SYNC_NOT_FOUND first4=B48E97E8
SYNC_NOT_FOUND first4=2B6002C9
2026-07-26T13:11:08.500288+00:00 PHASE_RESULT 24 HF-FLRC-325-32 pktSize=32 rx=0 unique=0 lost=100 per=100.0 rssi_avg=0 rssi_min=0 crc_err=0 garbage=3 tx_lat=0.00000 tx_lon=0.00000 sats=0 fix=0 utc=0 tx_fw=none rx_fw=unknown
PHASE_GUARD 500
PHASE_START 25 HF-FLRC-325-64 pktSize=64
SYNC_NOT_FOUND first4=3893186A
SYNC_NOT_FOUND first4=0A87A3DC
SYNC_NOT_FOUND first4=CA57E20E
SYNC_NOT_FOUND first4=4FD23317
2026-07-26T13:11:09.511607+00:00 TIME_SYNCED utc=1785071468 offset=1785062474
SYNC_NOT_FOUND first4=4484CC54
2026-07-26T13:11:10.515280+00:00 PHASE_RESULT 25 HF-FLRC-325-64 pktSize=64 rx=0 unique=0 lost=100 per=100.0 rssi_avg=0 rssi_min=0 crc_err=0 garbage=5 tx_lat=0.00000 tx_lon=0.00000 sats=0 fix=0 utc=0 tx_fw=none rx_fw=unknown
PHASE_GUARD 500
PHASE_START 26 HF-FLRC-325-128 pktSize=128
2026-07-26T13:11:11.519001+00:00 SYNC_NOT_FOUND first4=26472981
2026-07-26T13:11:12.530196+00:00 PHASE_RESULT 26 HF-FLRC-325-128 pktSize=128 rx=0 unique=0 lost=100 per=100.0 rssi_avg=0 rssi_min=0 crc_err=0 garbage=1 tx_lat=0.00000 tx_lon=0.00000 sats=0 fix=0 utc=0 tx_fw=none rx_fw=unknown
PHASE_GUARD 500
PHASE_START 27 HF-FLRC-325-255 pktSize=255
SYNC_NOT_FOUND first4=24E78C3F
SYNC_NOT_FOUND first4=07357436
SYNC_NOT_FOUND first4=AA1799F7
2026-07-26T13:11:13.543984+00:00 SYNC_NOT_FOUND first4=B100FD4C
SYNC_NOT_FOUND first4=565853A2
SYNC_NOT_FOUND first4=A8E1DD35
2026-07-26T13:11:14.555893+00:00 PHASE_RESULT 27 HF-FLRC-325-255 pktSize=255 rx=0 unique=0 lost=100 per=100.0 rssi_avg=0 rssi_min=0 crc_err=0 garbage=6 tx_lat=0.00000 tx_lon=0.00000 sats=0 fix=0 utc=0 tx_fw=none rx_fw=unknown
PHASE_GUARD 500
LORA_CFG path=0 bw=0x05 sf=7
PHASE_START 28 LF-LoRa-SF7-32 pktSize=32
2026-07-26T13:11:15.572097+00:00 TIME_SYNCED utc=1785071475 offset=1785062474
2026-07-26T13:11:16.583820+00:00 PHASE_RESULT 28 LF-LoRa-SF7-32 pktSize=32 rx=0 unique=0 lost=20 per=100.0 rssi_avg=0 rssi_min=0 crc_err=0 garbage=0 tx_lat=0.00000 tx_lon=0.00000 sats=0 fix=0 utc=0 tx_fw=none rx_fw=unknown
PHASE_GUARD 500
LORA_CFG path=0 bw=0x05 sf=7
PHASE_START 29 LF-LoRa-SF7-64 pktSize=64
2026-07-26T13:11:19.697674+00:00 PHASE_RESULT 29 LF-LoRa-SF7-64 pktSize=64 rx=0 unique=0 lost=20 per=100.0 rssi_avg=0 rssi_min=0 crc_err=0 garbage=0 tx_lat=0.00000 tx_lon=0.00000 sats=0 fix=0 utc=0 tx_fw=none rx_fw=unknown
PHASE_GUARD 500
LORA_CFG path=0 bw=0x05 sf=7
PHASE_START 30 LF-LoRa-SF7-128 pktSize=128
TIME_SYNCED utc=1785071478 offset=1785062473
PHASE_RESULT 30 LF-LoRa-SF7-128 pktSize=128 rx=0 unique=0 lost=13 per=100.0 rssi_avg=0 rssi_min=0 crc_err=0 garbage=0 tx_lat=0.00000 tx_lon=0.00000 sats=0 fix=0 utc=0 tx_fw=none rx_fw=unknown
PHASE_GUARD 500
LORA_CFG path=0 bw=0x05 sf=7
PHASE_START 29 LF-LoRa-SF7-64 pktSize=64
PHASE_RESULT 29 LF-LoRa-SF7-64 pktSize=64 rx=0 unique=0 lost=20 per=100.0 rssi_avg=0 rssi_min=0 crc_err=0 garbage=0 tx_lat=0.00000 tx_lon=0.00000 sats=0 fix=0 utc=0 tx_fw=none rx_fw=unknown
2026-07-26T13:11:20.714374+00:00 PHASE_GUARD 500
LORA_CFG path=0 bw=0x05 sf=7
PHASE_START 30 LF-LoRa-SF7-128 pktSize=128
2026-07-26T13:11:23.827034+00:00 PHASE_RESULT 30 LF-LoRa-SF7-128 pktSize=128 rx=0 unique=0 lost=13 per=100.0 rssi_avg=0 rssi_min=0 crc_err=0 garbage=0 tx_lat=0.00000 tx_lon=0.00000 sats=0 fix=0 utc=0 tx_fw=none rx_fw=unknown
PHASE_GUARD 500
LORA_CFG path=0 bw=0x05 sf=7
2026-07-26T13:11:24.842212+00:00 PHASE_START 31 LF-LoRa-SF7-255 pktSize=255
2026-07-26T13:11:25.846290+00:00 TIME_SYNCED utc=1785071485 offset=1785062474
2026-07-26T13:11:26.863647+00:00 PHASE_RESULT 31 LF-LoRa-SF7-255 pktSize=255 rx=0 unique=0 lost=7 per=100.0 rssi_avg=0 rssi_min=0 crc_err=0 garbage=0 tx_lat=0.00000 tx_lon=0.00000 sats=0 fix=0 utc=0 tx_fw=none rx_fw=unknown
PHASE_GUARD 500
LORA_CFG path=0 bw=0x05 sf=9
PHASE_START 32 LF-LoRa-SF9-32 pktSize=32
2026-07-26T13:11:29.977244+00:00 TIME_SYNCED utc=1785071488 offset=1785062473
2026-07-26T13:11:32.032580+00:00 PHASE_RESULT 32 LF-LoRa-SF9-32 pktSize=32 rx=0 unique=0 lost=7 per=100.0 rssi_avg=0 rssi_min=0 crc_err=0 garbage=0 tx_lat=0.00000 tx_lon=0.00000 sats=0 fix=0 utc=0 tx_fw=none rx_fw=unknown
PHASE_GUARD 500
LORA_CFG path=0 bw=0x05 sf=9
PHASE_START 33 LF-LoRa-SF9-64 pktSize=64
2026-07-26T13:11:35.142200+00:00 PHASE_RESULT 33 LF-LoRa-SF9-64 pktSize=64 rx=0 unique=0 lost=3 per=100.0 rssi_avg=0 rssi_min=0 crc_err=0 garbage=0 tx_lat=0.00000 tx_lon=0.00000 sats=0 fix=0 utc=0 tx_fw=none rx_fw=unknown
PHASE_GUARD 500
LORA_CFG path=0 bw=0x05 sf=9
PHASE_START 34 LF-LoRa-SF9-128 pktSize=128
2026-07-26T13:11:36.158356+00:00 TIME_SYNCED utc=1785071495 offset=1785062474
PHASE_RESULT 34 LF-LoRa-SF9-128 pktSize=128 rx=0 unique=0 lost=1 per=100.0 rssi_avg=0 rssi_min=0 crc_err=0 garbage=0 tx_lat=0.00000 tx_lon=0.00000 sats=0 fix=0 utc=0 tx_fw=none rx_fw=unknown
PHASE_GUARD 500
LORA_CFG path=0 bw=0x05 sf=9
PHASE_START 35 LF-LoRa-SF9-255 pktSize=255
2026-07-26T13:11:40.323298+00:00 TIME_SYNCED utc=1785071499 offset=1785062474
PHASE_RESULT 35 LF-LoRa-SF9-255 pktSize=255 rx=0 unique=0 lost=1 per=100.0 rssi_avg=0 rssi_min=0 crc_err=0 garbage=0 tx_lat=0.00000 tx_lon=0.00000 sats=0 fix=0 utc=0 tx_fw=none rx_fw=unknown
PHASE_GUARD 500
LORA_CFG path=0 bw=0x05 sf=12
PHASE_START 36 LF-LoRa-SF12-32 pktSize=32
2026-07-26T13:11:45.536878+00:00 TIME_SYNCED utc=1785071505 offset=1785062474
2026-07-26T13:11:50.754618+00:00 TIME_SYNCED utc=1785071509 offset=1785062473
2026-07-26T13:11:55.969484+00:00 TIME_SYNCED utc=1785071515 offset=1785062474
PHASE_RESULT 36 LF-LoRa-SF12-32 pktSize=32 rx=0 unique=0 lost=1 per=100.0 rssi_avg=0 rssi_min=0 crc_err=0 garbage=0 tx_lat=0.00000 tx_lon=0.00000 sats=0 fix=0 utc=0 tx_fw=none rx_fw=unknown
PHASE_GUARD 500
LORA_CFG path=0 bw=0x05 sf=12
PHASE_START 37 LF-LoRa-SF12-SKIP SKIP pktSize=64
PHASE_RESULT 37 LF-LoRa-SF12-SKIP pktSize=64 rx=0 unique=0 lost=0 per=0.0 rssi_avg=0 rssi_min=0 crc_err=0 garbage=0 tx_lat=0.00000 tx_lon=0.00000 sats=0 fix=0 utc=0 tx_fw=none rx_fw=unknown
PHASE_GUARD 500
LORA_CFG path=0 bw=0x05 sf=12
PHASE_START 38 LF-LoRa-SF12-SKIP SKIP pktSize=128
2026-07-26T13:11:56.981664+00:00 PHASE_RESULT 38 LF-LoRa-SF12-SKIP pktSize=128 rx=0 unique=0 lost=0 per=0.0 rssi_avg=0 rssi_min=0 crc_err=0 garbage=0 tx_lat=0.00000 tx_lon=0.00000 sats=0 fix=0 utc=0 tx_fw=none rx_fw=unknown
PHASE_GUARD 500
LORA_CFG path=0 bw=0x05 sf=12
PHASE_START 39 LF-LoRa-SF12-SKIP SKIP pktSize=255
2026-07-26T13:11:57.992857+00:00 PHASE_RESULT 39 LF-LoRa-SF12-SKIP pktSize=255 rx=0 unique=0 lost=0 per=0.0 rssi_avg=0 rssi_min=0 crc_err=0 garbage=0 tx_lat=0.00000 tx_lon=0.00000 sats=0 fix=0 utc=0 tx_fw=none rx_fw=unknown
PHASE_GUARD 500
PHASE_START 40 LF-FLRC-2600-32 pktSize=32
2026-07-26T13:12:00.060846+00:00 SYNC_NOT_FOUND first4=E79FBB30
PHASE_RESULT 40 LF-FLRC-2600-32 pktSize=32 rx=0 unique=0 lost=100 per=100.0 rssi_avg=0 rssi_min=0 crc_err=0 garbage=1 tx_lat=0.00000 tx_lon=0.00000 sats=0 fix=0 utc=0 tx_fw=none rx_fw=unknown
PHASE_GUARD 500
PHASE_START 41 LF-FLRC-2600-64 pktSize=64
2026-07-26T13:12:01.072830+00:00 TIME_SYNCED utc=1785071520 offset=1785062474
2026-07-26T13:12:02.084122+00:00 SYNC_NOT_FOUND first4=5034C72B
PHASE_RESULT 41 LF-FLRC-2600-64 pktSize=64 rx=0 unique=0 lost=100 per=100.0 rssi_avg=0 rssi_min=0 crc_err=0 garbage=1 tx_lat=0.00000 tx_lon=0.00000 sats=0 fix=0 utc=0 tx_fw=none rx_fw=unknown
PHASE_GUARD 500
PHASE_START 42 LF-FLRC-2600-128 pktSize=128
2026-07-26T13:12:03.087698+00:00 SYNC_NOT_FOUND first4=418246E8
2026-07-26T13:12:04.098872+00:00 SYNC_NOT_FOUND first4=34F6C71E
PHASE_RESULT 42 LF-FLRC-2600-128 pktSize=128 rx=0 unique=0 lost=100 per=100.0 rssi_avg=0 rssi_min=0 crc_err=0 garbage=2 tx_lat=0.00000 tx_lon=0.00000 sats=0 fix=0 utc=0 tx_fw=none rx_fw=unknown
PHASE_GUARD 500
PHASE_START 43 LF-FLRC-2600-255 pktSize=255
2026-07-26T13:12:06.161816+00:00 TIME_SYNCED utc=1785071525 offset=1785062474
PHASE_RESULT 43 LF-FLRC-2600-255 pktSize=255 rx=0 unique=0 lost=100 per=100.0 rssi_avg=0 rssi_min=0 crc_err=0 garbage=0 tx_lat=0.00000 tx_lon=0.00000 sats=0 fix=0 utc=0 tx_fw=none rx_fw=unknown
PHASE_GUARD 500
PHASE_START 44 LF-FLRC-1300-32 pktSize=32
SYNC_NOT_FOUND first4=21592080
2026-07-26T13:12:07.176524+00:00 SYNC_NOT_FOUND first4=2775ADDB
2026-07-26T13:12:08.187864+00:00 PHASE_RESULT 44 LF-FLRC-1300-32 pktSize=32 rx=0 unique=0 lost=100 per=100.0 rssi_avg=0 rssi_min=0 crc_err=0 garbage=2 tx_lat=0.00000 tx_lon=0.00000 sats=0 fix=0 utc=0 tx_fw=none rx_fw=unknown
PHASE_GUARD 500
PHASE_START 45 LF-FLRC-1300-64 pktSize=64
2026-07-26T13:12:09.198745+00:00 SYNC_NOT_FOUND first4=B781F2B6
SYNC_NOT_FOUND first4=2956727B
2026-07-26T13:12:10.210998+00:00 PHASE_RESULT 45 LF-FLRC-1300-64 pktSize=64 rx=0 unique=0 lost=100 per=100.0 rssi_avg=0 rssi_min=0 crc_err=0 garbage=2 tx_lat=0.00000 tx_lon=0.00000 sats=0 fix=0 utc=0 tx_fw=none rx_fw=unknown
PHASE_GUARD 500
PHASE_START 46 LF-FLRC-1300-128 pktSize=128
2026-07-26T13:12:11.215229+00:00 TIME_SYNCED utc=1785071530 offset=1785062474
SYNC_NOT_FOUND first4=57EC1AA9
2026-07-26T13:12:12.220252+00:00 PHASE_RESULT 46 LF-FLRC-1300-128 pktSize=128 rx=0 unique=0 lost=100 per=100.0 rssi_avg=0 rssi_min=0 crc_err=0 garbage=1 tx_lat=0.00000 tx_lon=0.00000 sats=0 fix=0 utc=0 tx_fw=none rx_fw=unknown
PHASE_GUARD 500
PHASE_START 47 LF-FLRC-1300-255 pktSize=255
2026-07-26T13:12:14.283296+00:00 SYNC_NOT_FOUND first4=A7DD1258
PHASE_RESULT 47 LF-FLRC-1300-255 pktSize=255 rx=0 unique=0 lost=100 per=100.0 rssi_avg=0 rssi_min=0 crc_err=0 garbage=1 tx_lat=0.00000 tx_lon=0.00000 sats=0 fix=0 utc=0 tx_fw=none rx_fw=unknown
PHASE_GUARD 500
PHASE_START 48 LF-FLRC-650-32 pktSize=32
2026-07-26T13:12:15.295242+00:00 SYNC_NOT_FOUND first4=81E5E754
SYNC_NOT_FOUND first4=457D666E
TIME_SYNCED utc=1785071535 offset=1785062474
SYNC_NOT_FOUND first4=337172C3
2026-07-26T13:12:16.306352+00:00 SYNC_NOT_FOUND first4=C1F8E65B
SYNC_NOT_FOUND first4=E4DF3EE8
PHASE_RESULT 48 LF-FLRC-650-32 pktSize=32 rx=0 unique=0 lost=100 per=100.0 rssi_avg=0 rssi_min=0 crc_err=0 garbage=5 tx_lat=0.00000 tx_lon=0.00000 sats=0 fix=0 utc=0 tx_fw=none rx_fw=unknown
PHASE_GUARD 500
PHASE_START 49 LF-FLRC-650-64 pktSize=64
SYNC_NOT_FOUND first4=B100A230
2026-07-26T13:12:18.369495+00:00 SYNC_NOT_FOUND first4=4864FA2B
SYNC_NOT_FOUND first4=7DF54D46
PHASE_RESULT 49 LF-FLRC-650-64 pktSize=64 rx=0 unique=0 lost=100 per=100.0 rssi_avg=0 rssi_min=0 crc_err=0 garbage=3 tx_lat=0.00000 tx_lon=0.00000 sats=0 fix=0 utc=0 tx_fw=none rx_fw=unknown
PHASE_GUARD 500
PHASE_START 50 LF-FLRC-650-128 pktSize=128
SYNC_NOT_FOUND first4=F7FE2453
2026-07-26T13:12:19.373390+00:00 SYNC_NOT_FOUND first4=3F58CC48
2026-07-26T13:12:20.385756+00:00 SYNC_NOT_FOUND first4=C02A2610
SYNC_NOT_FOUND first4=1FF42E1B
SYNC_NOT_FOUND first4=411A6FB1
PHASE_RESULT 50 LF-FLRC-650-128 pktSize=128 rx=0 unique=0 lost=100 per=100.0 rssi_avg=0 rssi_min=0 crc_err=0 garbage=5 tx_lat=0.00000 tx_lon=0.00000 sats=0 fix=0 utc=0 tx_fw=none rx_fw=unknown
PHASE_GUARD 500
PHASE_START 51 LF-FLRC-650-255 pktSize=255
2026-07-26T13:12:21.397215+00:00 TIME_SYNCED utc=1785071540 offset=1785062474
SYNC_NOT_FOUND first4=48AD3144
SYNC_NOT_FOUND first4=356BF18F
SYNC_NOT_FOUND first4=A6413E70
2026-07-26T13:12:22.408917+00:00 PHASE_RESULT 51 LF-FLRC-650-255 pktSize=255 rx=0 unique=0 lost=100 per=100.0 rssi_avg=0 rssi_min=0 crc_err=0 garbage=3 tx_lat=0.00000 tx_lon=0.00000 sats=0 fix=0 utc=0 tx_fw=none rx_fw=unknown
PHASE_GUARD 500
PHASE_START 52 LF-FLRC-325-32 pktSize=32
2026-07-26T13:12:24.471459+00:00 PHASE_RESULT 52 LF-FLRC-325-32 pktSize=32 rx=0 unique=0 lost=100 per=100.0 rssi_avg=0 rssi_min=0 crc_err=0 garbage=0 tx_lat=0.00000 tx_lon=0.00000 sats=0 fix=0 utc=0 tx_fw=none rx_fw=unknown
PHASE_GUARD 500
PHASE_START 53 LF-FLRC-325-64 pktSize=64
2026-07-26T13:12:25.483297+00:00 TIME_SYNCED utc=1785071545 offset=1785062474
2026-07-26T13:12:26.494220+00:00 PHASE_RESULT 53 LF-FLRC-325-64 pktSize=64 rx=0 unique=0 lost=100 per=100.0 rssi_avg=0 rssi_min=0 crc_err=0 garbage=0 tx_lat=0.00000 tx_lon=0.00000 sats=0 fix=0 utc=0 tx_fw=none rx_fw=unknown
PHASE_GUARD 500
PHASE_START 54 LF-FLRC-325-128 pktSize=128
2026-07-26T13:12:28.557584+00:00 PHASE_RESULT 54 LF-FLRC-325-128 pktSize=128 rx=0 unique=0 lost=100 per=100.0 rssi_avg=0 rssi_min=0 crc_err=0 garbage=0 tx_lat=0.00000 tx_lon=0.00000 sats=0 fix=0 utc=0 tx_fw=none rx_fw=unknown
PHASE_GUARD 500
PHASE_START 55 LF-FLRC-325-255 pktSize=255
2026-07-26T13:12:30.620123+00:00 PHASE_RESULT 55 LF-FLRC-325-255 pktSize=255 rx=0 unique=0 lost=100 per=100.0 rssi_avg=0 rssi_min=0 crc_err=0 garbage=0 tx_lat=0.00000 tx_lon=0.00000 sats=0 fix=0 utc=0 tx_fw=none rx_fw=unknown
PHASE_GUARD 500
LORA_CFG path=1 bw=0x0F sf=7
PHASE_START 0 HF-LoRa-SF7-32 pktSize=32
2026-07-26T13:12:31.632306+00:00 TIME_SYNCED utc=1785071550 offset=1785062474
2026-07-26T13:12:32.644982+00:00 PHASE_RESULT 0 HF-LoRa-SF7-32 pktSize=32 rx=0 unique=0 lost=20 per=100.0 rssi_avg=0 rssi_min=0 crc_err=0 garbage=0 tx_lat=0.00000 tx_lon=0.00000 sats=0 fix=0 utc=0 tx_fw=none rx_fw=unknown
PHASE_GUARD 500
LORA_CFG path=1 bw=0x0F sf=7
PHASE_START 1 HF-LoRa-SF7-64 pktSize=64
2026-07-26T13:12:34.701354+00:00 PHASE_RESULT 1 HF-LoRa-SF7-64 pktSize=64 rx=0 unique=0 lost=20 per=100.0 rssi_avg=0 rssi_min=0 crc_err=0 garbage=0 tx_lat=0.00000 tx_lon=0.00000 sats=0 fix=0 utc=0 tx_fw=none rx_fw=unknown
PHASE_GUARD 500
LORA_CFG path=1 bw=0x0F sf=7
PHASE_START 2 HF-LoRa-SF7-128 pktSize=128
2026-07-26T13:12:35.705121+00:00 TIME_SYNCED utc=1785071555 offset=1785062474
PHASE_RESULT 2 HF-LoRa-SF7-128 pktSize=128 rx=0 unique=0 lost=20 per=100.0 rssi_avg=0 rssi_min=0 crc_err=0 garbage=0 tx_lat=0.00000 tx_lon=0.00000 sats=0 fix=0 utc=0 tx_fw=none rx_fw=unknown
PHASE_GUARD 500
2026-07-26T13:12:36.717029+00:00 LORA_CFG path=1 bw=0x0F sf=7
PHASE_START 3 HF-LoRa-SF7-255 pktSize=255
2026-07-26T13:12:38.779435+00:00 PHASE_RESULT 3 HF-LoRa-SF7-255 pktSize=255 rx=0 unique=0 lost=20 per=100.0 rssi_avg=0 rssi_min=0 crc_err=0 garbage=0 tx_lat=0.00000 tx_lon=0.00000 sats=0 fix=0 utc=0 tx_fw=none rx_fw=unknown
PHASE_GUARD 500
LORA_CFG path=1 bw=0x0F sf=9
2026-07-26T13:12:39.791212+00:00 PHASE_START 4 HF-LoRa-SF9-32 pktSize=32
2026-07-26T13:12:40.803034+00:00 PHASE_RESULT 4 HF-LoRa-SF9-32 pktSize=32 rx=0 unique=0 lost=20 per=100.0 rssi_avg=0 rssi_min=0 crc_err=0 garbage=0 tx_lat=0.00000 tx_lon=0.00000 sats=0 fix=0 utc=0 tx_fw=none rx_fw=unknown
PHASE_GUARD 500
LORA_CFG path=1 bw=0x0F sf=9
2026-07-26T13:12:41.814383+00:00 PHASE_START 5 HF-LoRa-SF9-64 pktSize=64
TIME_SYNCED utc=1785071560 offset=1785062473
PHASE_RESULT 5 HF-LoRa-SF9-64 pktSize=64 rx=0 unique=0 lost=20 per=100.0 rssi_avg=0 rssi_min=0 crc_err=0 garbage=0 tx_lat=0.00000 tx_lon=0.00000 sats=0 fix=0 utc=0 tx_fw=none rx_fw=unknown
PHASE_GUARD 500
LORA_CFG path=1 bw=0x0F sf=9
PHASE_START 4 HF-LoRa-SF9-32 pktSize=32
PHASE_RESULT 4 HF-LoRa-SF9-32 pktSize=32 rx=0 unique=0 lost=20 per=100.0 rssi_avg=0 rssi_min=0 crc_err=0 garbage=0 tx_lat=0.00000 tx_lon=0.00000 sats=0 fix=0 utc=0 tx_fw=none rx_fw=unknown
PHASE_GUARD 500
LORA_CFG path=1 bw=0x0F sf=9
2026-07-26T13:12:42.826251+00:00 PHASE_START 5 HF-LoRa-SF9-64 pktSize=64
2026-07-26T13:12:44.888940+00:00 PHASE_RESULT 5 HF-LoRa-SF9-64 pktSize=64 rx=0 unique=0 lost=20 per=100.0 rssi_avg=0 rssi_min=0 crc_err=0 garbage=0 tx_lat=0.00000 tx_lon=0.00000 sats=0 fix=0 utc=0 tx_fw=none rx_fw=unknown
PHASE_GUARD 500
LORA_CFG path=1 bw=0x0F sf=9
PHASE_START 6 HF-LoRa-SF9-128 pktSize=128
2026-07-26T13:12:45.900288+00:00 TIME_SYNCED utc=1785071565 offset=1785062474
2026-07-26T13:12:47.963232+00:00 PHASE_RESULT 6 HF-LoRa-SF9-128 pktSize=128 rx=0 unique=0 lost=13 per=100.0 rssi_avg=0 rssi_min=0 crc_err=0 garbage=0 tx_lat=0.00000 tx_lon=0.00000 sats=0 fix=0 utc=0 tx_fw=none rx_fw=unknown
PHASE_GUARD 500
LORA_CFG path=1 bw=0x0F sf=9
PHASE_START 7 HF-LoRa-SF9-255 pktSize=255
2026-07-26T13:12:51.077044+00:00 PHASE_RESULT 7 HF-LoRa-SF9-255 pktSize=255 rx=0 unique=0 lost=6 per=100.0 rssi_avg=0 rssi_min=0 crc_err=0 garbage=0 tx_lat=0.00000 tx_lon=0.00000 sats=0 fix=0 utc=0 tx_fw=none rx_fw=unknown
PHASE_GUARD 500
LORA_CFG path=1 bw=0x0F sf=12
PHASE_START 8 HF-LoRa-SF12-32 pktSize=32
2026-07-26T13:12:52.089752+00:00 TIME_SYNCED utc=1785071571 offset=1785062474
2026-07-26T13:12:54.155945+00:00 PHASE_RESULT 8 HF-LoRa-SF12-32 pktSize=32 rx=0 unique=0 lost=2 per=100.0 rssi_avg=0 rssi_min=0 crc_err=0 garbage=0 tx_lat=0.00000 tx_lon=0.00000 sats=0 fix=0 utc=0 tx_fw=none rx_fw=unknown
PHASE_GUARD 500
LORA_CFG path=1 bw=0x0F sf=12
PHASE_START 9 HF-LoRa-SF12-64 pktSize=64
2026-07-26T13:12:56.218693+00:00 TIME_SYNCED utc=1785071575 offset=1785062474
2026-07-26T13:12:57.230130+00:00 PHASE_RESULT 9 HF-LoRa-SF12-64 pktSize=64 rx=0 unique=0 lost=1 per=100.0 rssi_avg=0 rssi_min=0 crc_err=0 garbage=0 tx_lat=0.00000 tx_lon=0.00000 sats=0 fix=0 utc=0 tx_fw=none rx_fw=unknown
PHASE_GUARD 500
LORA_CFG path=1 bw=0x0F sf=12
PHASE_START 10 HF-LoRa-SF12-128 pktSize=128
2026-07-26T13:13:02.446251+00:00 TIME_SYNCED utc=1785071581 offset=1785062474
PHASE_RESULT 10 HF-LoRa-SF12-128 pktSize=128 rx=0 unique=0 lost=1 per=100.0 rssi_avg=0 rssi_min=0 crc_err=0 garbage=0 tx_lat=0.00000 tx_lon=0.00000 sats=0 fix=0 utc=0 tx_fw=none rx_fw=unknown
PHASE_GUARD 500
LORA_CFG path=1 bw=0x0F sf=12
PHASE_START 11 HF-LoRa-SF12-255 pktSize=255
2026-07-26T13:13:05.559990+00:00 TIME_SYNCED utc=1785071585 offset=1785062474
2026-07-26T13:13:11.825621+00:00 PHASE_RESULT 11 HF-LoRa-SF12-255 pktSize=255 rx=0 unique=0 lost=1 per=100.0 rssi_avg=0 rssi_min=0 crc_err=0 garbage=0 tx_lat=0.00000 tx_lon=0.00000 sats=0 fix=0 utc=0 tx_fw=none rx_fw=unknown
PHASE_GUARD 500
PHASE_START 12 HF-FLRC-2600-32 pktSize=32
2026-07-26T13:13:12.836785+00:00 TIME_SYNCED utc=1785071591 offset=1785062473
PHASE_RESULT 12 HF-FLRC-2600-32 pktSize=32 rx=0 unique=0 lost=100 per=100.0 rssi_avg=0 rssi_min=0 crc_err=0 garbage=0 tx_lat=0.00000 tx_lon=0.00000 sats=0 fix=0 utc=0 tx_fw=none rx_fw=unknown
PHASE_GUARD 500
LORA_CFG path=1 bw=0x0F sf=12
PHASE_START 11 HF-LoRa-SF12-255 pktSize=255
PHASE_RESULT 11 HF-LoRa-SF12-255 pktSize=255 rx=0 unique=0 lost=1 per=100.0 rssi_avg=0 rssi_min=0 crc_err=0 garbage=0 tx_lat=0.00000 tx_lon=0.00000 sats=0 fix=0 utc=0 tx_fw=none rx_fw=unknown
PHASE_GUARD 500
PHASE_START 12 HF-FLRC-2600-32 pktSize=32
2026-07-26T13:13:13.850224+00:00 SYNC_NOT_FOUND first4=47DFE15C
SYNC_NOT_FOUND first4=482D4821
SYNC_NOT_FOUND first4=5A49B4B8
SYNC_NOT_FOUND first4=26C1466C
SYNC_NOT_FOUND first4=CE60E9E5
SYNC_NOT_FOUND first4=32A0413A
SYNC_NOT_FOUND first4=332368F3
SYNC_NOT_FOUND first4=86E44E5A
2026-07-26T13:13:14.861235+00:00 SYNC_NOT_FOUND first4=D2659E68
SYNC_NOT_FOUND first4=CD8C33CC
SYNC_NOT_FOUND first4=5FDBA1B5
SYNC_NOT_FOUND first4=FE1EFA94
SYNC_NOT_FOUND first4=54946843
PHASE_RESULT 12 HF-FLRC-2600-32 pktSize=32 rx=0 unique=0 lost=100 per=100.0 rssi_avg=0 rssi_min=0 crc_err=0 garbage=13 tx_lat=0.00000 tx_lon=0.00000 sats=0 fix=0 utc=0 tx_fw=none rx_fw=unknown
PHASE_GUARD 500
PHASE_START 13 HF-FLRC-2600-64 pktSize=64
2026-07-26T13:13:15.871141+00:00 SYNC_NOT_FOUND first4=864F008E
SYNC_NOT_FOUND first4=A5E5A878
SYNC_NOT_FOUND first4=2285E216
TIME_SYNCED utc=1785071595 offset=1785062474
SYNC_NOT_FOUND first4=5C3AE939
PHASE_RESULT 13 HF-FLRC-2600-64 pktSize=64 rx=0 unique=0 lost=100 per=100.0 rssi_avg=0 rssi_min=0 crc_err=0 garbage=4 tx_lat=0.00000 tx_lon=0.00000 sats=0 fix=0 utc=0 tx_fw=none rx_fw=unknown
PHASE_GUARD 500
PHASE_START 14 HF-FLRC-2600-128 pktSize=128
2026-07-26T13:13:16.882291+00:00 SYNC_NOT_FOUND first4=C2811A7E
SYNC_NOT_FOUND first4=40D3235D
SYNC_NOT_FOUND first4=05D96136
SYNC_NOT_FOUND first4=3CC37660
SYNC_NOT_FOUND first4=01F96385
SYNC_NOT_FOUND first4=63B4DC10
SYNC_NOT_FOUND first4=C0C0BCF1
2026-07-26T13:13:17.893374+00:00 SYNC_NOT_FOUND first4=0FFCC33E
SYNC_NOT_FOUND first4=4CE7A2B0
PHASE_RESULT 14 HF-FLRC-2600-128 pktSize=128 rx=0 unique=0 lost=100 per=100.0 rssi_avg=0 rssi_min=0 crc_err=0 garbage=9 tx_lat=0.00000 tx_lon=0.00000 sats=0 fix=0 utc=0 tx_fw=none rx_fw=unknown
PHASE_GUARD 500
PHASE_START 15 HF-FLRC-2600-255 pktSize=255
2026-07-26T13:13:18.904692+00:00 SYNC_NOT_FOUND first4=4EF06FA1
SYNC_NOT_FOUND first4=E141A229
SYNC_NOT_FOUND first4=702A78DB
SYNC_NOT_FOUND first4=70B6B3AC
SYNC_NOT_FOUND first4=88C2E253
SYNC_NOT_FOUND first4=A8072B32
SYNC_NOT_FOUND first4=2F7D690B
2026-07-26T13:13:19.915900+00:00 SYNC_NOT_FOUND first4=61FF4A16
SYNC_NOT_FOUND first4=D635B035
SYNC_NOT_FOUND first4=FB2FB635
SYNC_NOT_FOUND first4=2DA6F688
SYNC_NOT_FOUND first4=990C1658
SYNC_NOT_FOUND first4=F51AF4D6
SYNC_NOT_FOUND first4=5B60F523
SYNC_NOT_FOUND first4=94A919BA
SYNC_NOT_FOUND first4=29B722BD
SYNC_NOT_FOUND first4=D556365A
PHASE_RESULT 15 HF-FLRC-2600-255 pktSize=255 rx=0 unique=0 lost=100 per=100.0 rssi_avg=0 rssi_min=0 crc_err=0 garbage=17 tx_lat=0.00000 tx_lon=0.00000 sats=0 fix=0 utc=0 tx_fw=none rx_fw=unknown
PHASE_GUARD 500
PHASE_START 16 HF-FLRC-1300-32 pktSize=32
2026-07-26T13:13:20.927010+00:00 SYNC_NOT_FOUND first4=1599264E
SYNC_NOT_FOUND first4=89C0D06F
SYNC_NOT_FOUND first4=5C1731D6
SYNC_NOT_FOUND first4=B6DA4DB5
SYNC_NOT_FOUND first4=64190B66
2026-07-26T13:13:21.939309+00:00 SYNC_NOT_FOUND first4=7DD1DB8C
SYNC_NOT_FOUND first4=AACB6F43
SYNC_NOT_FOUND first4=2865561E
PHASE_RESULT 16 HF-FLRC-1300-32 pktSize=32 rx=0 unique=0 lost=100 per=100.0 rssi_avg=0 rssi_min=0 crc_err=0 garbage=8 tx_lat=0.00000 tx_lon=0.00000 sats=0 fix=0 utc=0 tx_fw=none rx_fw=unknown
PHASE_GUARD 500
PHASE_START 17 HF-FLRC-1300-64 pktSize=64
2026-07-26T13:13:22.944277+00:00 TIME_SYNCED utc=1785071601 offset=1785062473
PHASE_RESULT 17 HF-FLRC-1300-64 pktSize=64 rx=0 unique=0 lost=100 per=100.0 rssi_avg=0 rssi_min=0 crc_err=0 garbage=0 tx_lat=0.00000 tx_lon=0.00000 sats=0 fix=0 utc=0 tx_fw=none rx_fw=unknown
PHASE_GUARD 500
PHASE_START 16 HF-FLRC-1300-32 pktSize=32
SYNC_NOT_FOUND first4=E0A963CE
PHASE_RESULT 16 HF-FLRC-1300-32 pktSize=32 rx=0 unique=0 lost=100 per=100.0 rssi_avg=0 rssi_min=0 crc_err=0 garbage=1 tx_lat=0.00000 tx_lon=0.00000 sats=0 fix=0 utc=0 tx_fw=none rx_fw=unknown
PHASE_GUARD 500
PHASE_START 17 HF-FLRC-1300-64 pktSize=64
2026-07-26T13:13:23.961086+00:00 SYNC_NOT_FOUND first4=04AD357A
SYNC_NOT_FOUND first4=6FF158C4
2026-07-26T13:13:24.972439+00:00 PHASE_RESULT 17 HF-FLRC-1300-64 pktSize=64 rx=0 unique=0 lost=100 per=100.0 rssi_avg=0 rssi_min=0 crc_err=0 garbage=2 tx_lat=0.00000 tx_lon=0.00000 sats=0 fix=0 utc=0 tx_fw=none rx_fw=unknown
PHASE_GUARD 500
PHASE_START 18 HF-FLRC-1300-128 pktSize=128
2026-07-26T13:13:25.983726+00:00 TIME_SYNCED utc=1785071605 offset=1785062474
SYNC_NOT_FOUND first4=CDC609F8
SYNC_NOT_FOUND first4=AFE1B215
PHASE_RESULT 18 HF-FLRC-1300-128 pktSize=128 rx=0 unique=0 lost=100 per=100.0 rssi_avg=0 rssi_min=0 crc_err=0 garbage=2 tx_lat=0.00000 tx_lon=0.00000 sats=0 fix=0 utc=0 tx_fw=none rx_fw=unknown
PHASE_GUARD 500
PHASE_START 19 HF-FLRC-1300-255 pktSize=255
2026-07-26T13:13:26.987718+00:00 SYNC_NOT_FOUND first4=2B326FA3
SYNC_NOT_FOUND first4=0721B608
2026-07-26T13:13:27.991515+00:00 SYNC_NOT_FOUND first4=1CEE3565
SYNC_NOT_FOUND first4=2995FA96
SYNC_NOT_FOUND first4=437CA3D9
PHASE_RESULT 19 HF-FLRC-1300-255 pktSize=255 rx=0 unique=0 lost=100 per=100.0 rssi_avg=0 rssi_min=0 crc_err=0 garbage=5 tx_lat=0.00000 tx_lon=0.00000 sats=0 fix=0 utc=0 tx_fw=none rx_fw=unknown
PHASE_GUARD 500
PHASE_START 20 HF-FLRC-650-32 pktSize=32
SYNC_NOT_FOUND first4=89612FC2
SYNC_NOT_FOUND first4=D4D3744E
SYNC_NOT_FOUND first4=7703CB40
SYNC_NOT_FOUND first4=B8B1595F
SYNC_NOT_FOUND first4=0985CE36
SYNC_NOT_FOUND first4=6D719581
SYNC_NOT_FOUND first4=54A33C72
2026-07-26T13:13:28.994903+00:00 SYNC_NOT_FOUND first4=D92C0F1F
SYNC_NOT_FOUND first4=2D949A82
SYNC_NOT_FOUND first4=BECD8C1A
SYNC_NOT_FOUND first4=D630E42A
SYNC_NOT_FOUND first4=740F1A0D
SYNC_NOT_FOUND first4=729D2CC0
SYNC_NOT_FOUND first4=3ED598C6
SYNC_NOT_FOUND first4=5DCE3234
SYNC_NOT_FOUND first4=8FBAF542
SYNC_NOT_FOUND first4=429D73A3
SYNC_NOT_FOUND first4=70ECB49B
SYNC_NOT_FOUND first4=5A0BF407
SYNC_NOT_FOUND first4=B0C7AB3D
SYNC_NOT_FOUND first4=82D61DD2
SYNC_NOT_FOUND first4=AC2C5B69
SYNC_NOT_FOUND first4=7A0D511A
SYNC_NOT_FOUND first4=792CF392
SYNC_NOT_FOUND first4=60763BC5
SYNC_NOT_FOUND first4=A23E7EC0
SYNC_NOT_FOUND first4=FE05ADB7
SYNC_NOT_FOUND first4=06DF481E
SYNC_NOT_FOUND first4=EED2A544
SYNC_NOT_FOUND first4=F1CEFF76
2026-07-26T13:13:30.006978+00:00 SYNC_NOT_FOUND first4=2FB8167F
SYNC_NOT_FOUND first4=9474628B
SYNC_NOT_FOUND first4=4AE5423C
SYNC_NOT_FOUND first4=DA20614F
SYNC_NOT_FOUND first4=7F26FF20
SYNC_NOT_FOUND first4=B05203E7
SYNC_NOT_FOUND first4=B9839E70
SYNC_NOT_FOUND first4=6360D3D3
SYNC_NOT_FOUND first4=02F5044F
PHASE_RESULT 20 HF-FLRC-650-32 pktSize=32 rx=0 unique=0 lost=100 per=100.0 rssi_avg=0 rssi_min=0 crc_err=0 garbage=39 tx_lat=0.00000 tx_lon=0.00000 sats=0 fix=0 utc=0 tx_fw=none rx_fw=unknown
PHASE_GUARD 500
PHASE_START 21 HF-FLRC-650-64 pktSize=64
SYNC_NOT_FOUND first4=5ABCE3B8
SYNC_NOT_FOUND first4=BD639D62
SYNC_NOT_FOUND first4=C87DA1B9
SYNC_NOT_FOUND first4=40CA8869
SYNC_NOT_FOUND first4=55B42114
SYNC_NOT_FOUND first4=255D6868
SYNC_NOT_FOUND first4=0B2C3071
2026-07-26T13:13:31.019811+00:00 SYNC_NOT_FOUND first4=95FA21AD
SYNC_NOT_FOUND first4=4F5AD064
SYNC_NOT_FOUND first4=706CF5C7
SYNC_NOT_FOUND first4=4B0BD019
SYNC_NOT_FOUND first4=DFF09BC7
SYNC_NOT_FOUND first4=7AD23420
SYNC_NOT_FOUND first4=8A0FF76F
SYNC_NOT_FOUND first4=C54780DB
SYNC_NOT_FOUND first4=44A8F785
SYNC_NOT_FOUND first4=B0375F70
SYNC_NOT_FOUND first4=AA9E7590
SYNC_NOT_FOUND first4=8090E61F
SYNC_NOT_FOUND first4=D8C86533
SYNC_NOT_FOUND first4=AA96CCF8
SYNC_NOT_FOUND first4=5D0F4A90
SYNC_NOT_FOUND first4=C4803620
SYNC_NOT_FOUND first4=5C30914A
SYNC_NOT_FOUND first4=2879736C
SYNC_NOT_FOUND first4=63996DE3
SYNC_NOT_FOUND first4=FDC8F67D
SYNC_NOT_FOUND first4=3AF6F020
SYNC_NOT_FOUND first4=AE74A1FE
SYNC_NOT_FOUND first4=5FD05928
SYNC_NOT_FOUND first4=BA03C9E2
SYNC_NOT_FOUND first4=6A70FFBE
SYNC_NOT_FOUND first4=891B4E25
SYNC_NOT_FOUND first4=CE33BAAC
SYNC_NOT_FOUND first4=A2C211CF
2026-07-26T13:13:32.034944+00:00 SYNC_NOT_FOUND first4=D1609C3A
SYNC_NOT_FOUND first4=221BE778
SYNC_NOT_FOUND first4=09DE7DAF
SYNC_NOT_FOUND first4=8B028C9B
SYNC_NOT_FOUND first4=95B85F76
SYNC_NOT_FOUND first4=3EC6ABFF
SYNC_NOT_FOUND first4=D2C68B6C
SYNC_NOT_FOUND first4=DB5861D1
SYNC_NOT_FOUND first4=450F6356
SYNC_NOT_FOUND first4=5D959E8B
PHASE_RESULT 21 HF-FLRC-650-64 pktSize=64 rx=0 unique=0 lost=100 per=100.0 rssi_avg=0 rssi_min=0 crc_err=0 garbage=45 tx_lat=0.00000 tx_lon=0.00000 sats=0 fix=0 utc=0 tx_fw=none rx_fw=unknown
PHASE_GUARD 500
PHASE_START 22 HF-FLRC-650-128 pktSize=128
SYNC_NOT_FOUND first4=FCC53D9F
SYNC_NOT_FOUND first4=14C2AD52
SYNC_NOT_FOUND first4=760CF969
SYNC_NOT_FOUND first4=6A2C3E49
2026-07-26T13:13:33.046398+00:00 SYNC_NOT_FOUND first4=4F4693E5
TIME_SYNCED utc=1785071612 offset=1785062474
SYNC_NOT_FOUND first4=B8A441F8
SYNC_NOT_FOUND first4=6DB39081
SYNC_NOT_FOUND first4=4C79FF30
SYNC_NOT_FOUND first4=5822C706
SYNC_NOT_FOUND first4=C7E37047
SYNC_NOT_FOUND first4=5867F613
SYNC_NOT_FOUND first4=FF407759
SYNC_NOT_FOUND first4=2FE69B89
SYNC_NOT_FOUND first4=E9E39786
SYNC_NOT_FOUND first4=FDD69AEA
SYNC_NOT_FOUND first4=D9F9934E
SYNC_NOT_FOUND first4=27C9BBD5
SYNC_NOT_FOUND first4=E73FFA28
SYNC_NOT_FOUND first4=07FF7BEF
SYNC_NOT_FOUND first4=3EF68077
SYNC_NOT_FOUND first4=E50E0DE7
SYNC_NOT_FOUND first4=9B45ACB3
SYNC_NOT_FOUND first4=BD723EF3
SYNC_NOT_FOUND first4=82960A6A
SYNC_NOT_FOUND first4=A9683FF0
SYNC_NOT_FOUND first4=BB295EEA
SYNC_NOT_FOUND first4=8392800B
SYNC_NOT_FOUND first4=4BB2ECD6
SYNC_NOT_FOUND first4=07C7B10C
SYNC_NOT_FOUND first4=5357012D
SYNC_NOT_FOUND first4=BDC2B915
SYNC_NOT_FOUND first4=769E048B
SYNC_NOT_FOUND first4=6C2EB603
SYNC_NOT_FOUND first4=A1833C9B
SYNC_NOT_FOUND first4=CE303D33
SYNC_NOT_FOUND first4=06805C80
SYNC_NOT_FOUND first4=29BB2160
SYNC_NOT_FOUND first4=69D5EC67
SYNC_NOT_FOUND first4=5C692D24
SYNC_NOT_FOUND first4=D880A799
2026-07-26T13:13:34.057688+00:00 SYNC_NOT_FOUND first4=F93E8AE0
SYNC_NOT_FOUND first4=BB7F8339
SYNC_NOT_FOUND first4=02733E42
SYNC_NOT_FOUND first4=4ABB449B
SYNC_NOT_FOUND first4=97F8B377
SYNC_NOT_FOUND first4=A6097DB4
SYNC_NOT_FOUND first4=836C6F00
SYNC_NOT_FOUND first4=2F608B33
SYNC_NOT_FOUND first4=238FBC40
SYNC_NOT_FOUND first4=8901B335
SYNC_NOT_FOUND first4=5C20CF72
SYNC_NOT_FOUND first4=3C55BD64
SYNC_NOT_FOUND first4=2C24B45A
SYNC_NOT_FOUND first4=6A67911A
SYNC_NOT_FOUND first4=1ABBC0AA
SYNC_NOT_FOUND first4=58186E25
PHASE_RESULT 22 HF-FLRC-650-128 pktSize=128 rx=0 unique=0 lost=100 per=100.0 rssi_avg=0 rssi_min=0 crc_err=0 garbage=56 tx_lat=0.00000 tx_lon=0.00000 sats=0 fix=0 utc=0 tx_fw=none rx_fw=unknown
PHASE_GUARD 500
PHASE_START 23 HF-FLRC-650-255 pktSize=255
SYNC_NOT_FOUND first4=A20728DC
SYNC_NOT_FOUND first4=F9AE9762
SYNC_NOT_FOUND first4=30A9D624
SYNC_NOT_FOUND first4=C0D035EC
SYNC_NOT_FOUND first4=E4E801BB
SYNC_NOT_FOUND first4=FC79520A
SYNC_NOT_FOUND first4=B00784C7
2026-07-26T13:13:35.068459+00:00 SYNC_NOT_FOUND first4=788AC3C6
SYNC_NOT_FOUND first4=C6CC70C8
SYNC_NOT_FOUND first4=26F3E689
SYNC_NOT_FOUND first4=0ADD926D
SYNC_NOT_FOUND first4=AFDA772A
SYNC_NOT_FOUND first4=5B76BAA8
SYNC_NOT_FOUND first4=B94A7C83
SYNC_NOT_FOUND first4=22785C4A
SYNC_NOT_FOUND first4=4C861484
SYNC_NOT_FOUND first4=8B72920A
SYNC_NOT_FOUND first4=569EBF9F
SYNC_NOT_FOUND first4=9910A4A6
SYNC_NOT_FOUND first4=30965798
SYNC_NOT_FOUND first4=DCA5E494
SYNC_NOT_FOUND first4=C584C79E
SYNC_NOT_FOUND first4=DE7AD544
SYNC_NOT_FOUND first4=1648E30C
SYNC_NOT_FOUND first4=F1BA2549
SYNC_NOT_FOUND first4=781CD231
SYNC_NOT_FOUND first4=2E02BE41
2026-07-26T13:13:36.079700+00:00 SYNC_NOT_FOUND first4=EB205EF1
SYNC_NOT_FOUND first4=F983EF68
SYNC_NOT_FOUND first4=59F869DF
SYNC_NOT_FOUND first4=04BFEF06
SYNC_NOT_FOUND first4=3AD33561
SYNC_NOT_FOUND first4=3672C357
TIME_SYNCED utc=1785071615 offset=1785062474
SYNC_NOT_FOUND first4=A166838D
SYNC_NOT_FOUND first4=CDE589A9
SYNC_NOT_FOUND first4=6752FCA9
SYNC_NOT_FOUND first4=AB98620A
SYNC_NOT_FOUND first4=7666552C
SYNC_NOT_FOUND first4=5901FA70
SYNC_NOT_FOUND first4=4622FF39
SYNC_NOT_FOUND first4=5FFE071A
SYNC_NOT_FOUND first4=B7A2D53C
SYNC_NOT_FOUND first4=C13A8A95
SYNC_NOT_FOUND first4=3CF220E6
SYNC_NOT_FOUND first4=7C4C54DD
PHASE_RESULT 23 HF-FLRC-650-255 pktSize=255 rx=0 unique=0 lost=100 per=100.0 rssi_avg=0 rssi_min=0 crc_err=0 garbage=45 tx_lat=0.00000 tx_lon=0.00000 sats=0 fix=0 utc=0 tx_fw=none rx_fw=unknown
PHASE_GUARD 500
PHASE_START 24 HF-FLRC-325-32 pktSize=32
SYNC_NOT_FOUND first4=C88288B7
2026-07-26T13:13:37.099361+00:00 SYNC_NOT_FOUND first4=A2AA4195
SYNC_NOT_FOUND first4=2E98B5D0
SYNC_NOT_FOUND first4=5A1AAA1C
SYNC_NOT_FOUND first4=82CDB5D8
SYNC_NOT_FOUND first4=77452F18
SYNC_NOT_FOUND first4=E7E6DF09
2026-07-26T13:13:38.104899+00:00 SYNC_NOT_FOUND first4=3EC248D2
SYNC_NOT_FOUND first4=90FAC30D
SYNC_NOT_FOUND first4=C0155927
PHASE_RESULT 24 HF-FLRC-325-32 pktSize=32 rx=0 unique=0 lost=100 per=100.0 rssi_avg=0 rssi_min=0 crc_err=0 garbage=10 tx_lat=0.00000 tx_lon=0.00000 sats=0 fix=0 utc=0 tx_fw=none rx_fw=unknown
PHASE_GUARD 500
PHASE_START 25 HF-FLRC-325-64 pktSize=64
SYNC_NOT_FOUND first4=0BA22395
2026-07-26T13:13:39.118331+00:00 SYNC_NOT_FOUND first4=5F9A6CED
SYNC_NOT_FOUND first4=4C26790E
SYNC_NOT_FOUND first4=074EC88E
SYNC_NOT_FOUND first4=251D49B6
2026-07-26T13:13:40.129620+00:00 SYNC_NOT_FOUND first4=3CD21AB7
SYNC_NOT_FOUND first4=3A372E36
SYNC_NOT_FOUND first4=CB6B1030
PHASE_RESULT 25 HF-FLRC-325-64 pktSize=64 rx=0 unique=0 lost=100 per=100.0 rssi_avg=0 rssi_min=0 crc_err=0 garbage=8 tx_lat=0.00000 tx_lon=0.00000 sats=0 fix=0 utc=0 tx_fw=none rx_fw=unknown
PHASE_GUARD 500
PHASE_START 26 HF-FLRC-325-128 pktSize=128
SYNC_NOT_FOUND first4=D2312046
2026-07-26T13:13:41.140961+00:00 SYNC_NOT_FOUND first4=F68CB6C2
2026-07-26T13:13:42.152248+00:00 SYNC_NOT_FOUND first4=1F2CC1BB
SYNC_NOT_FOUND first4=3FD79CF9
PHASE_RESULT 26 HF-FLRC-325-128 pktSize=128 rx=0 unique=0 lost=100 per=100.0 rssi_avg=0 rssi_min=0 crc_err=0 garbage=4 tx_lat=0.00000 tx_lon=0.00000 sats=0 fix=0 utc=0 tx_fw=none rx_fw=unknown
PHASE_GUARD 500
PHASE_START 27 HF-FLRC-325-255 pktSize=255
SYNC_NOT_FOUND first4=758D1ACB
2026-07-26T13:13:43.157933+00:00 TIME_SYNCED utc=1785071622 offset=1785062474
SYNC_NOT_FOUND first4=52892A4F
SYNC_NOT_FOUND first4=A96B169B
SYNC_NOT_FOUND first4=C384FEE1
SYNC_NOT_FOUND first4=E6B7F740
2026-07-26T13:13:44.170020+00:00 PHASE_RESULT 27 HF-FLRC-325-255 pktSize=255 rx=0 unique=0 lost=100 per=100.0 rssi_avg=0 rssi_min=0 crc_err=0 garbage=5 tx_lat=0.00000 tx_lon=0.00000 sats=0 fix=0 utc=0 tx_fw=none rx_fw=unknown
PHASE_GUARD 500
LORA_CFG path=0 bw=0x05 sf=7
PHASE_START 28 LF-LoRa-SF7-32 pktSize=32
2026-07-26T13:13:46.232887+00:00 TIME_SYNCED utc=1785071625 offset=1785062474
PHASE_RESULT 28 LF-LoRa-SF7-32 pktSize=32 rx=0 unique=0 lost=20 per=100.0 rssi_avg=0 rssi_min=0 crc_err=0 garbage=0 tx_lat=0.00000 tx_lon=0.00000 sats=0 fix=0 utc=0 tx_fw=none rx_fw=unknown
PHASE_GUARD 500
LORA_CFG path=0 bw=0x05 sf=7
PHASE_START 29 LF-LoRa-SF7-64 pktSize=64
2026-07-26T13:13:49.339037+00:00 PHASE_RESULT 29 LF-LoRa-SF7-64 pktSize=64 rx=0 unique=0 lost=20 per=100.0 rssi_avg=0 rssi_min=0 crc_err=0 garbage=0 tx_lat=0.00000 tx_lon=0.00000 sats=0 fix=0 utc=0 tx_fw=none rx_fw=unknown
PHASE_GUARD 500
LORA_CFG path=0 bw=0x05 sf=7
PHASE_START 30 LF-LoRa-SF7-128 pktSize=128
2026-07-26T13:13:53.503733+00:00 TIME_SYNCED utc=1785071632 offset=1785062474
PHASE_RESULT 30 LF-LoRa-SF7-128 pktSize=128 rx=0 unique=0 lost=13 per=100.0 rssi_avg=0 rssi_min=0 crc_err=0 garbage=0 tx_lat=0.00000 tx_lon=0.00000 sats=0 fix=0 utc=0 tx_fw=none rx_fw=unknown
PHASE_GUARD 500
LORA_CFG path=0 bw=0x05 sf=7
PHASE_START 31 LF-LoRa-SF7-255 pktSize=255
2026-07-26T13:13:55.570842+00:00 TIME_SYNCED utc=1785071635 offset=1785062474
2026-07-26T13:13:57.626320+00:00 PHASE_RESULT 31 LF-LoRa-SF7-255 pktSize=255 rx=0 unique=0 lost=7 per=100.0 rssi_avg=0 rssi_min=0 crc_err=0 garbage=0 tx_lat=0.00000 tx_lon=0.00000 sats=0 fix=0 utc=0 tx_fw=none rx_fw=unknown
PHASE_GUARD 500
LORA_CFG path=0 bw=0x05 sf=9
PHASE_START 32 LF-LoRa-SF9-32 pktSize=32
2026-07-26T13:14:00.740184+00:00 PHASE_RESULT 32 LF-LoRa-SF9-32 pktSize=32 rx=0 unique=0 lost=7 per=100.0 rssi_avg=0 rssi_min=0 crc_err=0 garbage=0 tx_lat=0.00000 tx_lon=0.00000 sats=0 fix=0 utc=0 tx_fw=none rx_fw=unknown
PHASE_GUARD 500
LORA_CFG path=0 bw=0x05 sf=9
2026-07-26T13:14:01.752226+00:00 PHASE_START 33 LF-LoRa-SF9-64 pktSize=64
2026-07-26T13:14:03.818204+00:00 TIME_SYNCED utc=1785071642 offset=1785062473
2026-07-26T13:14:04.829501+00:00 PHASE_RESULT 33 LF-LoRa-SF9-64 pktSize=64 rx=0 unique=0 lost=3 per=100.0 rssi_avg=0 rssi_min=0 crc_err=0 garbage=0 tx_lat=0.00000 tx_lon=0.00000 sats=0 fix=0 utc=0 tx_fw=none rx_fw=unknown
PHASE_GUARD 500
LORA_CFG path=0 bw=0x05 sf=9
PHASE_START 34 LF-LoRa-SF9-128 pktSize=128
2026-07-26T13:14:05.845617+00:00 TIME_SYNCED utc=1785071645 offset=1785062474
PHASE_RESULT 34 LF-LoRa-SF9-128 pktSize=128 rx=0 unique=0 lost=1 per=100.0 rssi_avg=0 rssi_min=0 crc_err=0 garbage=0 tx_lat=0.00000 tx_lon=0.00000 sats=0 fix=0 utc=0 tx_fw=none rx_fw=unknown
PHASE_GUARD 500
LORA_CFG path=0 bw=0x05 sf=9
PHASE_START 35 LF-LoRa-SF9-255 pktSize=255
2026-07-26T13:14:10.010287+00:00 PHASE_RESULT 35 LF-LoRa-SF9-255 pktSize=255 rx=0 unique=0 lost=1 per=100.0 rssi_avg=0 rssi_min=0 crc_err=0 garbage=0 tx_lat=0.00000 tx_lon=0.00000 sats=0 fix=0 utc=0 tx_fw=none rx_fw=unknown
PHASE_GUARD 500
LORA_CFG path=0 bw=0x05 sf=12
PHASE_START 36 LF-LoRa-SF12-32 pktSize=32
2026-07-26T13:14:14.169401+00:00 TIME_SYNCED utc=1785071653 offset=1785062474
2026-07-26T13:14:16.237848+00:00 TIME_SYNCED utc=1785071655 offset=1785062474
2026-07-26T13:14:24.609191+00:00 TIME_SYNCED utc=1785071663 offset=1785062474
2026-07-26T13:14:25.633238+00:00 PHASE_RESULT 36 LF-LoRa-SF12-32 pktSize=32 rx=0 unique=0 lost=1 per=100.0 rssi_avg=0 rssi_min=0 crc_err=0 garbage=0 tx_lat=0.00000 tx_lon=0.00000 sats=0 fix=0 utc=0 tx_fw=none rx_fw=unknown
PHASE_GUARD 500
LORA_CFG path=0 bw=0x05 sf=12
PHASE_START 37 LF-LoRa-SF12-SKIP SKIP pktSize=64
TIME_SYNCED utc=1785071665 offset=1785062474
2026-07-26T13:14:26.644353+00:00 PHASE_RESULT 37 LF-LoRa-SF12-SKIP pktSize=64 rx=0 unique=0 lost=0 per=0.0 rssi_avg=0 rssi_min=0 crc_err=0 garbage=0 tx_lat=0.00000 tx_lon=0.00000 sats=0 fix=0 utc=0 tx_fw=none rx_fw=unknown
PHASE_GUARD 500
LORA_CFG path=0 bw=0x05 sf=12
PHASE_START 38 LF-LoRa-SF12-SKIP SKIP pktSize=128
2026-07-26T13:14:27.661293+00:00 PHASE_RESULT 38 LF-LoRa-SF12-SKIP pktSize=128 rx=0 unique=0 lost=0 per=0.0 rssi_avg=0 rssi_min=0 crc_err=0 garbage=0 tx_lat=0.00000 tx_lon=0.00000 sats=0 fix=0 utc=0 tx_fw=none rx_fw=unknown
PHASE_GUARD 500
LORA_CFG path=0 bw=0x05 sf=12
PHASE_START 39 LF-LoRa-SF12-SKIP SKIP pktSize=255
PHASE_RESULT 39 LF-LoRa-SF12-SKIP pktSize=255 rx=0 unique=0 lost=0 per=0.0 rssi_avg=0 rssi_min=0 crc_err=0 garbage=0 tx_lat=0.00000 tx_lon=0.00000 sats=0 fix=0 utc=0 tx_fw=none rx_fw=unknown
2026-07-26T13:14:28.678358+00:00 PHASE_GUARD 500
PHASE_START 40 LF-FLRC-2600-32 pktSize=32
SYNC_NOT_FOUND first4=582D2DCC
SYNC_NOT_FOUND first4=FF777E79
2026-07-26T13:14:29.692479+00:00 SYNC_NOT_FOUND first4=B03D2DB9
SYNC_NOT_FOUND first4=199B8FD9
PHASE_RESULT 40 LF-FLRC-2600-32 pktSize=32 rx=0 unique=0 lost=100 per=100.0 rssi_avg=0 rssi_min=0 crc_err=0 garbage=4 tx_lat=0.00000 tx_lon=0.00000 sats=0 fix=0 utc=0 tx_fw=none rx_fw=unknown
PHASE_GUARD 500
2026-07-26T13:14:30.698208+00:00 PHASE_START 41 LF-FLRC-2600-64 pktSize=64
2026-07-26T13:14:31.707847+00:00 PHASE_RESULT 41 LF-FLRC-2600-64 pktSize=64 rx=0 unique=0 lost=100 per=100.0 rssi_avg=0 rssi_min=0 crc_err=0 garbage=0 tx_lat=0.00000 tx_lon=0.00000 sats=0 fix=0 utc=0 tx_fw=none rx_fw=unknown
PHASE_GUARD 500
2026-07-26T13:14:32.719000+00:00 PHASE_START 42 LF-FLRC-2600-128 pktSize=128
SYNC_NOT_FOUND first4=18347A46
2026-07-26T13:14:33.738754+00:00 SYNC_NOT_FOUND first4=1AA4FACE
PHASE_RESULT 42 LF-FLRC-2600-128 pktSize=128 rx=0 unique=0 lost=100 per=100.0 rssi_avg=0 rssi_min=0 crc_err=0 garbage=2 tx_lat=0.00000 tx_lon=0.00000 sats=0 fix=0 utc=0 tx_fw=none rx_fw=unknown
PHASE_GUARD 500
2026-07-26T13:14:34.749874+00:00 PHASE_START 43 LF-FLRC-2600-255 pktSize=255
TIME_SYNCED utc=1785071673 offset=1785062473
PHASE_RESULT 43 LF-FLRC-2600-255 pktSize=255 rx=0 unique=0 lost=100 per=100.0 rssi_avg=0 rssi_min=0 crc_err=0 garbage=0 tx_lat=0.00000 tx_lon=0.00000 sats=0 fix=0 utc=0 tx_fw=none rx_fw=unknown
PHASE_GUARD 500
PHASE_START 42 LF-FLRC-2600-128 pktSize=128
SYNC_NOT_FOUND first4=D3357899
PHASE_RESULT 42 LF-FLRC-2600-128 pktSize=128 rx=0 unique=0 lost=100 per=100.0 rssi_avg=0 rssi_min=0 crc_err=0 garbage=1 tx_lat=0.00000 tx_lon=0.00000 sats=0 fix=0 utc=0 tx_fw=none rx_fw=unknown
PHASE_GUARD 500
2026-07-26T13:14:35.769525+00:00 PHASE_START 43 LF-FLRC-2600-255 pktSize=255
TIME_SYNCED utc=1785071675 offset=1785062474
PHASE_RESULT 43 LF-FLRC-2600-255 pktSize=255 rx=0 unique=0 lost=100 per=100.0 rssi_avg=0 rssi_min=0 crc_err=0 garbage=0 tx_lat=0.00000 tx_lon=0.00000 sats=0 fix=0 utc=0 tx_fw=none rx_fw=unknown
PHASE_GUARD 500
2026-07-26T13:14:36.786239+00:00 PHASE_START 44 LF-FLRC-1300-32 pktSize=32
2026-07-26T13:14:37.792924+00:00 PHASE_RESULT 44 LF-FLRC-1300-32 pktSize=32 rx=0 unique=0 lost=100 per=100.0 rssi_avg=0 rssi_min=0 crc_err=0 garbage=0 tx_lat=0.00000 tx_lon=0.00000 sats=0 fix=0 utc=0 tx_fw=none rx_fw=unknown
PHASE_GUARD 500
2026-07-26T13:14:38.802208+00:00 PHASE_START 45 LF-FLRC-1300-64 pktSize=64
2026-07-26T13:14:39.813322+00:00 PHASE_RESULT 45 LF-FLRC-1300-64 pktSize=64 rx=0 unique=0 lost=100 per=100.0 rssi_avg=0 rssi_min=0 crc_err=0 garbage=0 tx_lat=0.00000 tx_lon=0.00000 sats=0 fix=0 utc=0 tx_fw=none rx_fw=unknown
PHASE_GUARD 500
PHASE_START 46 LF-FLRC-1300-128 pktSize=128
2026-07-26T13:14:41.880215+00:00 PHASE_RESULT 46 LF-FLRC-1300-128 pktSize=128 rx=0 unique=0 lost=100 per=100.0 rssi_avg=0 rssi_min=0 crc_err=0 garbage=0 tx_lat=0.00000 tx_lon=0.00000 sats=0 fix=0 utc=0 tx_fw=none rx_fw=unknown
PHASE_GUARD 500
PHASE_START 47 LF-FLRC-1300-255 pktSize=255
2026-07-26T13:14:43.942705+00:00 PHASE_RESULT 47 LF-FLRC-1300-255 pktSize=255 rx=0 unique=0 lost=100 per=100.0 rssi_avg=0 rssi_min=0 crc_err=0 garbage=0 tx_lat=0.00000 tx_lon=0.00000 sats=0 fix=0 utc=0 tx_fw=none rx_fw=unknown
PHASE_GUARD 500
PHASE_START 48 LF-FLRC-650-32 pktSize=32
2026-07-26T13:14:44.956092+00:00 TIME_SYNCED utc=1785071683 offset=1785062473
PHASE_RESULT 48 LF-FLRC-650-32 pktSize=32 rx=0 unique=0 lost=100 per=100.0 rssi_avg=0 rssi_min=0 crc_err=0 garbage=0 tx_lat=0.00000 tx_lon=0.00000 sats=0 fix=0 utc=0 tx_fw=none rx_fw=unknown
PHASE_GUARD 500
PHASE_START 47 LF-FLRC-1300-255 pktSize=255
PHASE_RESULT 47 LF-FLRC-1300-255 pktSize=255 rx=0 unique=0 lost=100 per=100.0 rssi_avg=0 rssi_min=0 crc_err=0 garbage=0 tx_lat=0.00000 tx_lon=0.00000 sats=0 fix=0 utc=0 tx_fw=none rx_fw=unknown
PHASE_GUARD 500
PHASE_START 48 LF-FLRC-650-32 pktSize=32
2026-07-26T13:14:45.967221+00:00 TIME_SYNCED utc=1785071685 offset=1785062474
PHASE_RESULT 48 LF-FLRC-650-32 pktSize=32 rx=0 unique=0 lost=100 per=100.0 rssi_avg=0 rssi_min=0 crc_err=0 garbage=0 tx_lat=0.00000 tx_lon=0.00000 sats=0 fix=0 utc=0 tx_fw=none rx_fw=unknown
PHASE_GUARD 500
PHASE_START 49 LF-FLRC-650-64 pktSize=64
2026-07-26T13:14:48.032489+00:00 SYNC_NOT_FOUND first4=2CC211A4
SYNC_NOT_FOUND first4=DC65AA28
PHASE_RESULT 49 LF-FLRC-650-64 pktSize=64 rx=0 unique=0 lost=100 per=100.0 rssi_avg=0 rssi_min=0 crc_err=0 garbage=2 tx_lat=0.00000 tx_lon=0.00000 sats=0 fix=0 utc=0 tx_fw=none rx_fw=unknown
PHASE_GUARD 500
PHASE_START 50 LF-FLRC-650-128 pktSize=128
2026-07-26T13:14:49.051473+00:00 SYNC_NOT_FOUND first4=B2FAAAE0
SYNC_NOT_FOUND first4=DF5591C4
SYNC_NOT_FOUND first4=ECBEB447
2026-07-26T13:14:50.055426+00:00 PHASE_RESULT 50 LF-FLRC-650-128 pktSize=128 rx=0 unique=0 lost=100 per=100.0 rssi_avg=0 rssi_min=0 crc_err=0 garbage=3 tx_lat=0.00000 tx_lon=0.00000 sats=0 fix=0 utc=0 tx_fw=none rx_fw=unknown
PHASE_GUARD 500
PHASE_START 51 LF-FLRC-650-255 pktSize=255
2026-07-26T13:14:51.061809+00:00 SYNC_NOT_FOUND first4=0125526D
SYNC_NOT_FOUND first4=66733687
SYNC_NOT_FOUND first4=8646558E
2026-07-26T13:14:52.072844+00:00 PHASE_RESULT 51 LF-FLRC-650-255 pktSize=255 rx=0 unique=0 lost=100 per=100.0 rssi_avg=0 rssi_min=0 crc_err=0 garbage=3 tx_lat=0.00000 tx_lon=0.00000 sats=0 fix=0 utc=0 tx_fw=none rx_fw=unknown
PHASE_GUARD 500
PHASE_START 52 LF-FLRC-325-32 pktSize=32
2026-07-26T13:14:54.134720+00:00 PHASE_RESULT 52 LF-FLRC-325-32 pktSize=32 rx=0 unique=0 lost=100 per=100.0 rssi_avg=0 rssi_min=0 crc_err=0 garbage=0 tx_lat=0.00000 tx_lon=0.00000 sats=0 fix=0 utc=0 tx_fw=none rx_fw=unknown
PHASE_GUARD 500
PHASE_START 53 LF-FLRC-325-64 pktSize=64
2026-07-26T13:14:55.141794+00:00 TIME_SYNCED utc=1785071694 offset=1785062474
2026-07-26T13:14:56.160588+00:00 TIME_SYNCED utc=1785071695 offset=1785062474
PHASE_RESULT 53 LF-FLRC-325-64 pktSize=64 rx=0 unique=0 lost=100 per=100.0 rssi_avg=0 rssi_min=0 crc_err=0 garbage=0 tx_lat=0.00000 tx_lon=0.00000 sats=0 fix=0 utc=0 tx_fw=none rx_fw=unknown
PHASE_GUARD 500
PHASE_START 54 LF-FLRC-325-128 pktSize=128
2026-07-26T13:14:58.223359+00:00 PHASE_RESULT 54 LF-FLRC-325-128 pktSize=128 rx=0 unique=0 lost=100 per=100.0 rssi_avg=0 rssi_min=0 crc_err=0 garbage=0 tx_lat=0.00000 tx_lon=0.00000 sats=0 fix=0 utc=0 tx_fw=none rx_fw=unknown
PHASE_GUARD 500
PHASE_START 55 LF-FLRC-325-255 pktSize=255
2026-07-26T13:15:00.293256+00:00 PHASE_RESULT 55 LF-FLRC-325-255 pktSize=255 rx=0 unique=0 lost=100 per=100.0 rssi_avg=0 rssi_min=0 crc_err=0 garbage=0 tx_lat=0.00000 tx_lon=0.00000 sats=0 fix=0 utc=0 tx_fw=none rx_fw=unknown
PHASE_GUARD 500
LORA_CFG path=1 bw=0x0F sf=7
PHASE_START 0 HF-LoRa-SF7-32 pktSize=32
2026-07-26T13:15:02.356964+00:00 PHASE_RESULT 0 HF-LoRa-SF7-32 pktSize=32 rx=0 unique=0 lost=20 per=100.0 rssi_avg=0 rssi_min=0 crc_err=0 garbage=0 tx_lat=0.00000 tx_lon=0.00000 sats=0 fix=0 utc=0 tx_fw=none rx_fw=unknown
PHASE_GUARD 500
LORA_CFG path=1 bw=0x0F sf=7
PHASE_START 1 HF-LoRa-SF7-64 pktSize=64
2026-07-26T13:15:04.412352+00:00 PHASE_RESULT 1 HF-LoRa-SF7-64 pktSize=64 rx=0 unique=0 lost=20 per=100.0 rssi_avg=0 rssi_min=0 crc_err=0 garbage=0 tx_lat=0.00000 tx_lon=0.00000 sats=0 fix=0 utc=0 tx_fw=none rx_fw=unknown
PHASE_GUARD 500
LORA_CFG path=1 bw=0x0F sf=7
PHASE_START 2 HF-LoRa-SF7-128 pktSize=128
2026-07-26T13:15:05.424234+00:00 TIME_SYNCED utc=1785071704 offset=1785062474
2026-07-26T13:15:06.428371+00:00 TIME_SYNCED utc=1785071705 offset=1785062474
PHASE_RESULT 2 HF-LoRa-SF7-128 pktSize=128 rx=0 unique=0 lost=20 per=100.0 rssi_avg=0 rssi_min=0 crc_err=0 garbage=0 tx_lat=0.00000 tx_lon=0.00000 sats=0 fix=0 utc=0 tx_fw=none rx_fw=unknown
PHASE_GUARD 500
LORA_CFG path=1 bw=0x0F sf=7
PHASE_START 3 HF-LoRa-SF7-255 pktSize=255
2026-07-26T13:15:09.542096+00:00 PHASE_RESULT 3 HF-LoRa-SF7-255 pktSize=255 rx=0 unique=0 lost=20 per=100.0 rssi_avg=0 rssi_min=0 crc_err=0 garbage=0 tx_lat=0.00000 tx_lon=0.00000 sats=0 fix=0 utc=0 tx_fw=none rx_fw=unknown
PHASE_GUARD 500
LORA_CFG path=1 bw=0x0F sf=9
PHASE_START 4 HF-LoRa-SF9-32 pktSize=32
2026-07-26T13:15:11.606346+00:00 PHASE_RESULT 4 HF-LoRa-SF9-32 pktSize=32 rx=0 unique=0 lost=20 per=100.0 rssi_avg=0 rssi_min=0 crc_err=0 garbage=0 tx_lat=0.00000 tx_lon=0.00000 sats=0 fix=0 utc=0 tx_fw=none rx_fw=unknown
PHASE_GUARD 500
LORA_CFG path=1 bw=0x0F sf=9
PHASE_START 5 HF-LoRa-SF9-64 pktSize=64
2026-07-26T13:15:13.669816+00:00 PHASE_RESULT 5 HF-LoRa-SF9-64 pktSize=64 rx=0 unique=0 lost=20 per=100.0 rssi_avg=0 rssi_min=0 crc_err=0 garbage=0 tx_lat=0.00000 tx_lon=0.00000 sats=0 fix=0 utc=0 tx_fw=none rx_fw=unknown
PHASE_GUARD 500
2026-07-26T13:15:14.695188+00:00 LORA_CFG path=1 bw=0x0F sf=9
PHASE_START 6 HF-LoRa-SF9-128 pktSize=128
2026-07-26T13:15:15.704944+00:00 TIME_SYNCED utc=1785071714 offset=1785062473
TIME_SYNCED utc=1785071715 offset=1785062474
2026-07-26T13:15:17.765573+00:00 PHASE_RESULT 6 HF-LoRa-SF9-128 pktSize=128 rx=0 unique=0 lost=13 per=100.0 rssi_avg=0 rssi_min=0 crc_err=0 garbage=0 tx_lat=0.00000 tx_lon=0.00000 sats=0 fix=0 utc=0 tx_fw=none rx_fw=unknown
PHASE_GUARD 500
LORA_CFG path=1 bw=0x0F sf=9
2026-07-26T13:15:18.773196+00:00 PHASE_START 7 HF-LoRa-SF9-255 pktSize=255
2026-07-26T13:15:20.843338+00:00 PHASE_RESULT 7 HF-LoRa-SF9-255 pktSize=255 rx=0 unique=0 lost=6 per=100.0 rssi_avg=0 rssi_min=0 crc_err=0 garbage=0 tx_lat=0.00000 tx_lon=0.00000 sats=0 fix=0 utc=0 tx_fw=none rx_fw=unknown
PHASE_GUARD 500
LORA_CFG path=1 bw=0x0F sf=12
PHASE_START 8 HF-LoRa-SF12-32 pktSize=32
2026-07-26T13:15:23.959572+00:00 PHASE_RESULT 8 HF-LoRa-SF12-32 pktSize=32 rx=0 unique=0 lost=2 per=100.0 rssi_avg=0 rssi_min=0 crc_err=0 garbage=0 tx_lat=0.00000 tx_lon=0.00000 sats=0 fix=0 utc=0 tx_fw=none rx_fw=unknown
PHASE_GUARD 500
LORA_CFG path=1 bw=0x0F sf=12
PHASE_START 9 HF-LoRa-SF12-64 pktSize=64
2026-07-26T13:15:26.021238+00:00 TIME_SYNCED utc=1785071725 offset=1785062474
TIME_SYNCED utc=1785071725 offset=1785062474
2026-07-26T13:15:27.025867+00:00 PHASE_RESULT 9 HF-LoRa-SF12-64 pktSize=64 rx=0 unique=0 lost=1 per=100.0 rssi_avg=0 rssi_min=0 crc_err=0 garbage=0 tx_lat=0.00000 tx_lon=0.00000 sats=0 fix=0 utc=0 tx_fw=none rx_fw=unknown
PHASE_GUARD 500
LORA_CFG path=1 bw=0x0F sf=12
PHASE_START 10 HF-LoRa-SF12-128 pktSize=128
2026-07-26T13:15:32.240805+00:00 PHASE_RESULT 10 HF-LoRa-SF12-128 pktSize=128 rx=0 unique=0 lost=1 per=100.0 rssi_avg=0 rssi_min=0 crc_err=0 garbage=0 tx_lat=0.00000 tx_lon=0.00000 sats=0 fix=0 utc=0 tx_fw=none rx_fw=unknown
PHASE_GUARD 500
LORA_CFG path=1 bw=0x0F sf=12
PHASE_START 11 HF-LoRa-SF12-255 pktSize=255
2026-07-26T13:15:36.406237+00:00 TIME_SYNCED utc=1785071735 offset=1785062474
TIME_SYNCED utc=1785071735 offset=1785062474
2026-07-26T13:15:42.682228+00:00 PHASE_RESULT 11 HF-LoRa-SF12-255 pktSize=255 rx=0 unique=0 lost=1 per=100.0 rssi_avg=0 rssi_min=0 crc_err=0 garbage=0 tx_lat=0.00000 tx_lon=0.00000 sats=0 fix=0 utc=0 tx_fw=none rx_fw=unknown
PHASE_GUARD 500
PHASE_START 12 HF-FLRC-2600-32 pktSize=32
SYNC_NOT_FOUND first4=3BC3E3FB
SYNC_NOT_FOUND first4=BA89DED8
SYNC_NOT_FOUND first4=0974C062
SYNC_NOT_FOUND first4=073A2414
SYNC_NOT_FOUND first4=8430B9D4
SYNC_NOT_FOUND first4=10705B0F
SYNC_NOT_FOUND first4=B425B05A
2026-07-26T13:15:43.685511+00:00 SYNC_NOT_FOUND first4=5C4D00E3
SYNC_NOT_FOUND first4=84F0FC31
SYNC_NOT_FOUND first4=32C56343
SYNC_NOT_FOUND first4=0CBE4820
SYNC_NOT_FOUND first4=EF78D6DA
SYNC_NOT_FOUND first4=DB8B6EE8
SYNC_NOT_FOUND first4=38277484
SYNC_NOT_FOUND first4=1E85F577
PHASE_RESULT 12 HF-FLRC-2600-32 pktSize=32 rx=0 unique=0 lost=100 per=100.0 rssi_avg=0 rssi_min=0 crc_err=0 garbage=15 tx_lat=0.00000 tx_lon=0.00000 sats=0 fix=0 utc=0 tx_fw=none rx_fw=unknown
PHASE_GUARD 500
2026-07-26T13:15:44.696080+00:00 PHASE_START 13 HF-FLRC-2600-64 pktSize=64
SYNC_NOT_FOUND first4=82B7E8AD
SYNC_NOT_FOUND first4=8C3B8F73
2026-07-26T13:15:45.712111+00:00 SYNC_NOT_FOUND first4=628C0656
SYNC_NOT_FOUND first4=B363E974
SYNC_NOT_FOUND first4=36E4DA43
SYNC_NOT_FOUND first4=14697433
SYNC_NOT_FOUND first4=3BDBB96A
SYNC_NOT_FOUND first4=208B92CF
SYNC_NOT_FOUND first4=91964428
SYNC_NOT_FOUND first4=9CD494D6
SYNC_NOT_FOUND first4=355A2C62
SYNC_NOT_FOUND first4=44D085B2
SYNC_NOT_FOUND first4=0A043A04
TIME_SYNCED utc=1785071745 offset=1785062474
SYNC_NOT_FOUND first4=3FEE0E4D
PHASE_RESULT 13 HF-FLRC-2600-64 pktSize=64 rx=0 unique=0 lost=100 per=100.0 rssi_avg=0 rssi_min=0 crc_err=0 garbage=14 tx_lat=0.00000 tx_lon=0.00000 sats=0 fix=0 utc=0 tx_fw=none rx_fw=unknown
PHASE_GUARD 500
2026-07-26T13:15:46.723093+00:00 PHASE_START 14 HF-FLRC-2600-128 pktSize=128
TIME_SYNCED utc=1785071745 offset=1785062473
PHASE_RESULT 14 HF-FLRC-2600-128 pktSize=128 rx=0 unique=0 lost=100 per=100.0 rssi_avg=0 rssi_min=0 crc_err=0 garbage=0 tx_lat=0.00000 tx_lon=0.00000 sats=0 fix=0 utc=0 tx_fw=none rx_fw=unknown
PHASE_GUARD 500
PHASE_START 13 HF-FLRC-2600-64 pktSize=64
SYNC_NOT_FOUND first4=6A33B5D6
SYNC_NOT_FOUND first4=962C525A
PHASE_RESULT 13 HF-FLRC-2600-64 pktSize=64 rx=0 unique=0 lost=100 per=100.0 rssi_avg=0 rssi_min=0 crc_err=0 garbage=2 tx_lat=0.00000 tx_lon=0.00000 sats=0 fix=0 utc=0 tx_fw=none rx_fw=unknown
PHASE_GUARD 500
2026-07-26T13:15:47.738747+00:00 PHASE_START 14 HF-FLRC-2600-128 pktSize=128
SYNC_NOT_FOUND first4=C8CEE287
SYNC_NOT_FOUND first4=4090C2A2
SYNC_NOT_FOUND first4=D659BEC2
SYNC_NOT_FOUND first4=D9631CBD
2026-07-26T13:15:48.749390+00:00 SYNC_NOT_FOUND first4=2B454F48
SYNC_NOT_FOUND first4=1546D09A
SYNC_NOT_FOUND first4=EB1FB24E
SYNC_NOT_FOUND first4=CAA7E847
SYNC_NOT_FOUND first4=C4CF39A7
SYNC_NOT_FOUND first4=8C810A31
SYNC_NOT_FOUND first4=83E2D152
PHASE_RESULT 14 HF-FLRC-2600-128 pktSize=128 rx=0 unique=0 lost=100 per=100.0 rssi_avg=0 rssi_min=0 crc_err=0 garbage=11 tx_lat=0.00000 tx_lon=0.00000 sats=0 fix=0 utc=0 tx_fw=none rx_fw=unknown
PHASE_GUARD 500
2026-07-26T13:15:49.760863+00:00 PHASE_START 15 HF-FLRC-2600-255 pktSize=255
SYNC_NOT_FOUND first4=9C92C48C
2026-07-26T13:15:50.772126+00:00 SYNC_NOT_FOUND first4=ED4D0FEE
SYNC_NOT_FOUND first4=451660D1
PHASE_RESULT 15 HF-FLRC-2600-255 pktSize=255 rx=0 unique=0 lost=100 per=100.0 rssi_avg=0 rssi_min=0 crc_err=0 garbage=3 tx_lat=0.00000 tx_lon=0.00000 sats=0 fix=0 utc=0 tx_fw=none rx_fw=unknown
PHASE_GUARD 500
2026-07-26T13:15:51.783918+00:00 PHASE_START 16 HF-FLRC-1300-32 pktSize=32
SYNC_NOT_FOUND first4=5A1DE7A3
SYNC_NOT_FOUND first4=87FE3EF7
SYNC_NOT_FOUND first4=BB7A06F8
SYNC_NOT_FOUND first4=0200DBC1
2026-07-26T13:15:52.795681+00:00 SYNC_NOT_FOUND first4=02B464C6
SYNC_NOT_FOUND first4=B68B7E0C
PHASE_RESULT 16 HF-FLRC-1300-32 pktSize=32 rx=0 unique=0 lost=100 per=100.0 rssi_avg=0 rssi_min=0 crc_err=0 garbage=6 tx_lat=0.00000 tx_lon=0.00000 sats=0 fix=0 utc=0 tx_fw=none rx_fw=unknown
PHASE_GUARD 500
PHASE_START 17 HF-FLRC-1300-64 pktSize=64
2026-07-26T13:15:53.807201+00:00 SYNC_NOT_FOUND first4=8EF3BA8E
SYNC_NOT_FOUND first4=76266776
SYNC_NOT_FOUND first4=4369A8C9
SYNC_NOT_FOUND first4=59522FD4
2026-07-26T13:15:54.821447+00:00 SYNC_NOT_FOUND first4=2CC68CFD
SYNC_NOT_FOUND first4=7A576A92
PHASE_RESULT 17 HF-FLRC-1300-64 pktSize=64 rx=0 unique=0 lost=100 per=100.0 rssi_avg=0 rssi_min=0 crc_err=0 garbage=6 tx_lat=0.00000 tx_lon=0.00000 sats=0 fix=0 utc=0 tx_fw=none rx_fw=unknown
PHASE_GUARD 500
PHASE_START 18 HF-FLRC-1300-128 pktSize=128
2026-07-26T13:15:55.836890+00:00 SYNC_NOT_FOUND first4=88FF4600
SYNC_NOT_FOUND first4=B5615346
TIME_SYNCED utc=1785071755 offset=1785062474
PHASE_RESULT 18 HF-FLRC-1300-128 pktSize=128 rx=0 unique=0 lost=100 per=100.0 rssi_avg=0 rssi_min=0 crc_err=0 garbage=2 tx_lat=0.00000 tx_lon=0.00000 sats=0 fix=0 utc=0 tx_fw=none rx_fw=unknown
PHASE_GUARD 500
PHASE_START 19 HF-FLRC-1300-255 pktSize=255
2026-07-26T13:15:56.848200+00:00 TIME_SYNCED utc=1785071755 offset=1785062473
PHASE_RESULT 19 HF-FLRC-1300-255 pktSize=255 rx=0 unique=0 lost=100 per=100.0 rssi_avg=0 rssi_min=0 crc_err=0 garbage=0 tx_lat=0.00000 tx_lon=0.00000 sats=0 fix=0 utc=0 tx_fw=none rx_fw=unknown
PHASE_GUARD 500
PHASE_START 18 HF-FLRC-1300-128 pktSize=128
SYNC_NOT_FOUND first4=73D40691
SYNC_NOT_FOUND first4=16690B57
SYNC_NOT_FOUND first4=79C1B6C2
PHASE_RESULT 18 HF-FLRC-1300-128 pktSize=128 rx=0 unique=0 lost=100 per=100.0 rssi_avg=0 rssi_min=0 crc_err=0 garbage=3 tx_lat=0.00000 tx_lon=0.00000 sats=0 fix=0 utc=0 tx_fw=none rx_fw=unknown
PHASE_GUARD 500
PHASE_START 19 HF-FLRC-1300-255 pktSize=255
2026-07-26T13:15:58.913022+00:00 SYNC_NOT_FOUND first4=5B345500
SYNC_NOT_FOUND first4=9A591AD5
PHASE_RESULT 19 HF-FLRC-1300-255 pktSize=255 rx=0 unique=0 lost=100 per=100.0 rssi_avg=0 rssi_min=0 crc_err=0 garbage=2 tx_lat=0.00000 tx_lon=0.00000 sats=0 fix=0 utc=0 tx_fw=none rx_fw=unknown
PHASE_GUARD 500
PHASE_START 20 HF-FLRC-650-32 pktSize=32
SYNC_NOT_FOUND first4=9E5579B2
2026-07-26T13:15:59.924076+00:00 SYNC_NOT_FOUND first4=80751383
SYNC_NOT_FOUND first4=0A49D18E
SYNC_NOT_FOUND first4=92575E26
SYNC_NOT_FOUND first4=53677CF6
SYNC_NOT_FOUND first4=F9E01145
SYNC_NOT_FOUND first4=048B62F1
SYNC_NOT_FOUND first4=BDAB50BD
2026-07-26T13:16:00.934893+00:00 SYNC_NOT_FOUND first4=1B0D8518
SYNC_NOT_FOUND first4=2C376A68
SYNC_NOT_FOUND first4=57929254
SYNC_NOT_FOUND first4=35697D57
SYNC_NOT_FOUND first4=A1A1CB97
SYNC_NOT_FOUND first4=B166313F
SYNC_NOT_FOUND first4=16576932
SYNC_NOT_FOUND first4=300EB0F9
PHASE_RESULT 20 HF-FLRC-650-32 pktSize=32 rx=0 unique=0 lost=100 per=100.0 rssi_avg=0 rssi_min=0 crc_err=0 garbage=16 tx_lat=0.00000 tx_lon=0.00000 sats=0 fix=0 utc=0 tx_fw=none rx_fw=unknown
PHASE_GUARD 500
PHASE_START 21 HF-FLRC-650-64 pktSize=64
SYNC_NOT_FOUND first4=4731CF0B
SYNC_NOT_FOUND first4=77D7A900
2026-07-26T13:16:01.946018+00:00 SYNC_NOT_FOUND first4=CFA6EA7A
SYNC_NOT_FOUND first4=5A6291AF
SYNC_NOT_FOUND first4=398E5F1F
SYNC_NOT_FOUND first4=77D3E230
SYNC_NOT_FOUND first4=862A3889
SYNC_NOT_FOUND first4=55A70CB3
SYNC_NOT_FOUND first4=95891FC2
SYNC_NOT_FOUND first4=96AC9119
SYNC_NOT_FOUND first4=A84D6010
SYNC_NOT_FOUND first4=F8A6DED7
SYNC_NOT_FOUND first4=CEA166B0
SYNC_NOT_FOUND first4=7F9E244C
SYNC_NOT_FOUND first4=7D70E65E
SYNC_NOT_FOUND first4=B50C93B5
SYNC_NOT_FOUND first4=5D01FE63
SYNC_NOT_FOUND first4=B8842DCE
2026-07-26T13:16:02.957481+00:00 SYNC_NOT_FOUND first4=634E0BEA
SYNC_NOT_FOUND first4=3E5FCBE5
SYNC_NOT_FOUND first4=66D41609
SYNC_NOT_FOUND first4=7F8ED27F
SYNC_NOT_FOUND first4=06C4DAC4
SYNC_NOT_FOUND first4=AB44A1B5
SYNC_NOT_FOUND first4=DD2115CE
SYNC_NOT_FOUND first4=D8448797
SYNC_NOT_FOUND first4=4CE068E2
SYNC_NOT_FOUND first4=52EFF86E
PHASE_RESULT 21 HF-FLRC-650-64 pktSize=64 rx=0 unique=0 lost=100 per=100.0 rssi_avg=0 rssi_min=0 crc_err=0 garbage=28 tx_lat=0.00000 tx_lon=0.00000 sats=0 fix=0 utc=0 tx_fw=none rx_fw=unknown
PHASE_GUARD 500
PHASE_START 22 HF-FLRC-650-128 pktSize=128
SYNC_NOT_FOUND first4=BB8D6175
SYNC_NOT_FOUND first4=E57A2367
2026-07-26T13:16:03.968629+00:00 SYNC_NOT_FOUND first4=33202011
SYNC_NOT_FOUND first4=3F60C6F8
SYNC_NOT_FOUND first4=C422C018
SYNC_NOT_FOUND first4=32DD2A7C
SYNC_NOT_FOUND first4=0000F72A
SYNC_NOT_FOUND first4=C70F0537
SYNC_NOT_FOUND first4=88C1F03C
SYNC_NOT_FOUND first4=79EEC265
SYNC_NOT_FOUND first4=9F0C6412
SYNC_NOT_FOUND first4=729FC60D
SYNC_NOT_FOUND first4=23F0582D
SYNC_NOT_FOUND first4=BF7B4BFE
SYNC_NOT_FOUND first4=60C6A393
SYNC_NOT_FOUND first4=63A61165
SYNC_NOT_FOUND first4=9E567C59
SYNC_NOT_FOUND first4=E012FEE2
SYNC_NOT_FOUND first4=C32E4504
SYNC_NOT_FOUND first4=D7015E80
SYNC_NOT_FOUND first4=360E1FD2
SYNC_NOT_FOUND first4=D2FAE6C9
SYNC_NOT_FOUND first4=A1B7BB04
2026-07-26T13:16:04.979535+00:00 SYNC_NOT_FOUND first4=F7794237
SYNC_NOT_FOUND first4=50925042
SYNC_NOT_FOUND first4=0F7A381B
SYNC_NOT_FOUND first4=1868A292
SYNC_NOT_FOUND first4=12C929D0
SYNC_NOT_FOUND first4=7DADE5AC
SYNC_NOT_FOUND first4=0D84FF15
SYNC_NOT_FOUND first4=FE989D4D
SYNC_NOT_FOUND first4=630FDBBC
SYNC_NOT_FOUND first4=BFE87A05
SYNC_NOT_FOUND first4=2D0FFD00
SYNC_NOT_FOUND first4=D8096453
PHASE_RESULT 22 HF-FLRC-650-128 pktSize=128 rx=0 unique=0 lost=100 per=100.0 rssi_avg=0 rssi_min=0 crc_err=0 garbage=35 tx_lat=0.00000 tx_lon=0.00000 sats=0 fix=0 utc=0 tx_fw=none rx_fw=unknown
PHASE_GUARD 500
PHASE_START 23 HF-FLRC-650-255 pktSize=255
SYNC_NOT_FOUND first4=08EF27A4
2026-07-26T13:16:05.990437+00:00 SYNC_NOT_FOUND first4=F87EAD0A
SYNC_NOT_FOUND first4=C91E0498
SYNC_NOT_FOUND first4=C8D94D52
SYNC_NOT_FOUND first4=DA306F76
SYNC_NOT_FOUND first4=0C1EE6FC
SYNC_NOT_FOUND first4=6CB00BE5
SYNC_NOT_FOUND first4=E0961792
SYNC_NOT_FOUND first4=9E960970
TIME_SYNCED utc=1785071765 offset=1785062473
SYNC_NOT_FOUND first4=7923A71B
SYNC_NOT_FOUND first4=66E67DD0
SYNC_NOT_FOUND first4=9ACAB7EE
SYNC_NOT_FOUND first4=236F7A9A
SYNC_NOT_FOUND first4=379B4BD8
SYNC_NOT_FOUND first4=A99191A6
SYNC_NOT_FOUND first4=862488C0
SYNC_NOT_FOUND first4=3584AFFF
2026-07-26T13:16:07.001807+00:00 TIME_SYNCED utc=1785071766 offset=1785062474
PHASE_RESULT 23 HF-FLRC-650-255 pktSize=255 rx=0 unique=0 lost=100 per=100.0 rssi_avg=0 rssi_min=0 crc_err=0 garbage=17 tx_lat=0.00000 tx_lon=0.00000 sats=0 fix=0 utc=0 tx_fw=none rx_fw=unknown
PHASE_GUARD 500
PHASE_START 24 HF-FLRC-325-32 pktSize=32
SYNC_NOT_FOUND first4=DAA2DF9A
SYNC_NOT_FOUND first4=B74C5DED
SYNC_NOT_FOUND first4=15B7EE82
SYNC_NOT_FOUND first4=60F4CCF4
2026-07-26T13:16:08.005761+00:00 SYNC_NOT_FOUND first4=22F3A39E
SYNC_NOT_FOUND first4=2E833A61
PHASE_RESULT 24 HF-FLRC-325-32 pktSize=32 rx=0 unique=0 lost=100 per=100.0 rssi_avg=0 rssi_min=0 crc_err=0 garbage=6 tx_lat=0.00000 tx_lon=0.00000 sats=0 fix=0 utc=0 tx_fw=none rx_fw=unknown
PHASE_GUARD 500
PHASE_START 25 HF-FLRC-325-64 pktSize=64
2026-07-26T13:16:09.017082+00:00 SYNC_NOT_FOUND first4=D8CAC518
SYNC_NOT_FOUND first4=8CC2BD9C
SYNC_NOT_FOUND first4=5F7440F8
SYNC_NOT_FOUND first4=6560FAC7
2026-07-26T13:16:10.028564+00:00 SYNC_NOT_FOUND first4=34EA4A71
SYNC_NOT_FOUND first4=FEAD6B8B
PHASE_RESULT 25 HF-FLRC-325-64 pktSize=64 rx=0 unique=0 lost=100 per=100.0 rssi_avg=0 rssi_min=0 crc_err=0 garbage=6 tx_lat=0.00000 tx_lon=0.00000 sats=0 fix=0 utc=0 tx_fw=none rx_fw=unknown
PHASE_GUARD 500
PHASE_START 26 HF-FLRC-325-128 pktSize=128
2026-07-26T13:16:11.040768+00:00 SYNC_NOT_FOUND first4=5CC73620
SYNC_NOT_FOUND first4=8DCC7835
SYNC_NOT_FOUND first4=6AF303A2
2026-07-26T13:16:12.051443+00:00 SYNC_NOT_FOUND first4=5076F0EF
PHASE_RESULT 26 HF-FLRC-325-128 pktSize=128 rx=0 unique=0 lost=100 per=100.0 rssi_avg=0 rssi_min=0 crc_err=0 garbage=4 tx_lat=0.00000 tx_lon=0.00000 sats=0 fix=0 utc=0 tx_fw=none rx_fw=unknown
PHASE_GUARD 500
PHASE_START 27 HF-FLRC-325-255 pktSize=255
SYNC_NOT_FOUND first4=8606CFCD
SYNC_NOT_FOUND first4=B2144B44
2026-07-26T13:16:13.063353+00:00 SYNC_NOT_FOUND first4=1BC10DB9
SYNC_NOT_FOUND first4=A616E948
2026-07-26T13:16:14.074375+00:00 PHASE_RESULT 27 HF-FLRC-325-255 pktSize=255 rx=0 unique=0 lost=100 per=100.0 rssi_avg=0 rssi_min=0 crc_err=0 garbage=4 tx_lat=0.00000 tx_lon=0.00000 sats=0 fix=0 utc=0 tx_fw=none rx_fw=unknown
PHASE_GUARD 500
LORA_CFG path=0 bw=0x05 sf=7
PHASE_START 28 LF-LoRa-SF7-32 pktSize=32
2026-07-26T13:16:16.137133+00:00 PHASE_RESULT 28 LF-LoRa-SF7-32 pktSize=32 rx=0 unique=0 lost=20 per=100.0 rssi_avg=0 rssi_min=0 crc_err=0 garbage=0 tx_lat=0.00000 tx_lon=0.00000 sats=0 fix=0 utc=0 tx_fw=none rx_fw=unknown
PHASE_GUARD 500
LORA_CFG path=0 bw=0x05 sf=7
PHASE_START 29 LF-LoRa-SF7-64 pktSize=64
TIME_SYNCED utc=1785071775 offset=1785062473
PHASE_RESULT 29 LF-LoRa-SF7-64 pktSize=64 rx=0 unique=0 lost=20 per=100.0 rssi_avg=0 rssi_min=0 crc_err=0 garbage=0 tx_lat=0.00000 tx_lon=0.00000 sats=0 fix=0 utc=0 tx_fw=none rx_fw=unknown
PHASE_GUARD 500
LORA_CFG path=0 bw=0x05 sf=7
PHASE_START 28 LF-LoRa-SF7-32 pktSize=32
2026-07-26T13:16:17.148215+00:00 TIME_SYNCED utc=1785071776 offset=1785062474
PHASE_RESULT 28 LF-LoRa-SF7-32 pktSize=32 rx=0 unique=0 lost=20 per=100.0 rssi_avg=0 rssi_min=0 crc_err=0 garbage=0 tx_lat=0.00000 tx_lon=0.00000 sats=0 fix=0 utc=0 tx_fw=none rx_fw=unknown
PHASE_GUARD 500
LORA_CFG path=0 bw=0x05 sf=7
PHASE_START 29 LF-LoRa-SF7-64 pktSize=64
2026-07-26T13:16:19.216250+00:00 PHASE_RESULT 29 LF-LoRa-SF7-64 pktSize=64 rx=0 unique=0 lost=20 per=100.0 rssi_avg=0 rssi_min=0 crc_err=0 garbage=0 tx_lat=0.00000 tx_lon=0.00000 sats=0 fix=0 utc=0 tx_fw=none rx_fw=unknown
PHASE_GUARD 500
LORA_CFG path=0 bw=0x05 sf=7
PHASE_START 30 LF-LoRa-SF7-128 pktSize=128
2026-07-26T13:16:23.382225+00:00 PHASE_RESULT 30 LF-LoRa-SF7-128 pktSize=128 rx=0 unique=0 lost=13 per=100.0 rssi_avg=0 rssi_min=0 crc_err=0 garbage=0 tx_lat=0.00000 tx_lon=0.00000 sats=0 fix=0 utc=0 tx_fw=none rx_fw=unknown
PHASE_GUARD 500
LORA_CFG path=0 bw=0x05 sf=7
PHASE_START 31 LF-LoRa-SF7-255 pktSize=255
2026-07-26T13:16:26.489500+00:00 TIME_SYNCED utc=1785071785 offset=1785062473
2026-07-26T13:16:27.505292+00:00 TIME_SYNCED utc=1785071786 offset=1785062474
PHASE_RESULT 31 LF-LoRa-SF7-255 pktSize=255 rx=0 unique=0 lost=7 per=100.0 rssi_avg=0 rssi_min=0 crc_err=0 garbage=0 tx_lat=0.00000 tx_lon=0.00000 sats=0 fix=0 utc=0 tx_fw=none rx_fw=unknown
PHASE_GUARD 500
LORA_CFG path=0 bw=0x05 sf=9
PHASE_START 32 LF-LoRa-SF9-32 pktSize=32
2026-07-26T13:16:31.674236+00:00 PHASE_RESULT 32 LF-LoRa-SF9-32 pktSize=32 rx=0 unique=0 lost=7 per=100.0 rssi_avg=0 rssi_min=0 crc_err=0 garbage=0 tx_lat=0.00000 tx_lon=0.00000 sats=0 fix=0 utc=0 tx_fw=none rx_fw=unknown
PHASE_GUARD 500
LORA_CFG path=0 bw=0x05 sf=9
PHASE_START 33 LF-LoRa-SF9-64 pktSize=64
2026-07-26T13:16:33.728447+00:00 PHASE_RESULT 33 LF-LoRa-SF9-64 pktSize=64 rx=0 unique=0 lost=3 per=100.0 rssi_avg=0 rssi_min=0 crc_err=0 garbage=0 tx_lat=0.00000 tx_lon=0.00000 sats=0 fix=0 utc=0 tx_fw=none rx_fw=unknown
PHASE_GUARD 500
LORA_CFG path=0 bw=0x05 sf=9
2026-07-26T13:16:34.740240+00:00 PHASE_START 34 LF-LoRa-SF9-128 pktSize=128
2026-07-26T13:16:35.751360+00:00 PHASE_RESULT 34 LF-LoRa-SF9-128 pktSize=128 rx=0 unique=0 lost=1 per=100.0 rssi_avg=0 rssi_min=0 crc_err=0 garbage=0 tx_lat=0.00000 tx_lon=0.00000 sats=0 fix=0 utc=0 tx_fw=none rx_fw=unknown
PHASE_GUARD 500
LORA_CFG path=0 bw=0x05 sf=9
2026-07-26T13:16:36.760298+00:00 PHASE_START 35 LF-LoRa-SF9-255 pktSize=255
TIME_SYNCED utc=1785071795 offset=1785062473
PHASE_RESULT 35 LF-LoRa-SF9-255 pktSize=255 rx=0 unique=0 lost=1 per=100.0 rssi_avg=0 rssi_min=0 crc_err=0 garbage=0 tx_lat=0.00000 tx_lon=0.00000 sats=0 fix=0 utc=0 tx_fw=none rx_fw=unknown
PHASE_GUARD 500
LORA_CFG path=0 bw=0x05 sf=9
PHASE_START 34 LF-LoRa-SF9-128 pktSize=128
PHASE_RESULT 34 LF-LoRa-SF9-128 pktSize=128 rx=0 unique=0 lost=1 per=100.0 rssi_avg=0 rssi_min=0 crc_err=0 garbage=0 tx_lat=0.00000 tx_lon=0.00000 sats=0 fix=0 utc=0 tx_fw=none rx_fw=unknown
PHASE_GUARD 500
LORA_CFG path=0 bw=0x05 sf=9
2026-07-26T13:16:37.772754+00:00 PHASE_START 35 LF-LoRa-SF9-255 pktSize=255
TIME_SYNCED utc=1785071796 offset=1785062473
2026-07-26T13:16:40.890244+00:00 PHASE_RESULT 35 LF-LoRa-SF9-255 pktSize=255 rx=0 unique=0 lost=1 per=100.0 rssi_avg=0 rssi_min=0 crc_err=0 garbage=0 tx_lat=0.00000 tx_lon=0.00000 sats=0 fix=0 utc=0 tx_fw=none rx_fw=unknown
PHASE_GUARD 500
LORA_CFG path=0 bw=0x05 sf=12
PHASE_START 36 LF-LoRa-SF12-32 pktSize=32
2026-07-26T13:16:46.106103+00:00 TIME_SYNCED utc=1785071805 offset=1785062473
2026-07-26T13:16:48.161230+00:00 TIME_SYNCED utc=1785071807 offset=1785062474
2026-07-26T13:16:55.480468+00:00 PHASE_RESULT 36 LF-LoRa-SF12-32 pktSize=32 rx=0 unique=0 lost=1 per=100.0 rssi_avg=0 rssi_min=0 crc_err=0 garbage=0 tx_lat=0.00000 tx_lon=0.00000 sats=0 fix=0 utc=0 tx_fw=none rx_fw=unknown
PHASE_GUARD 500
LORA_CFG path=0 bw=0x05 sf=12
PHASE_START 37 LF-LoRa-SF12-SKIP SKIP pktSize=64
2026-07-26T13:16:56.492215+00:00 PHASE_RESULT 37 LF-LoRa-SF12-SKIP pktSize=64 rx=0 unique=0 lost=0 per=0.0 rssi_avg=0 rssi_min=0 crc_err=0 garbage=0 tx_lat=0.00000 tx_lon=0.00000 sats=0 fix=0 utc=0 tx_fw=none rx_fw=unknown
PHASE_GUARD 500
LORA_CFG path=0 bw=0x05 sf=12
PHASE_START 38 LF-LoRa-SF12-SKIP SKIP pktSize=128
TIME_SYNCED utc=1785071815 offset=1785062473
PHASE_RESULT 38 LF-LoRa-SF12-SKIP pktSize=128 rx=0 unique=0 lost=0 per=0.0 rssi_avg=0 rssi_min=0 crc_err=0 garbage=0 tx_lat=0.00000 tx_lon=0.00000 sats=0 fix=0 utc=0 tx_fw=none rx_fw=unknown
PHASE_GUARD 500
LORA_CFG path=0 bw=0x05 sf=12
PHASE_START 37 LF-LoRa-SF12-SKIP SKIP pktSize=64
2026-07-26T13:16:57.511297+00:00 PHASE_RESULT 37 LF-LoRa-SF12-SKIP pktSize=64 rx=0 unique=0 lost=0 per=0.0 rssi_avg=0 rssi_min=0 crc_err=0 garbage=0 tx_lat=0.00000 tx_lon=0.00000 sats=0 fix=0 utc=0 tx_fw=none rx_fw=unknown
PHASE_GUARD 500
LORA_CFG path=0 bw=0x05 sf=12
PHASE_START 38 LF-LoRa-SF12-SKIP SKIP pktSize=128
2026-07-26T13:16:58.518274+00:00 TIME_SYNCED utc=1785071817 offset=1785062474
PHASE_RESULT 38 LF-LoRa-SF12-SKIP pktSize=128 rx=0 unique=0 lost=0 per=0.0 rssi_avg=0 rssi_min=0 crc_err=0 garbage=0 tx_lat=0.00000 tx_lon=0.00000 sats=0 fix=0 utc=0 tx_fw=none rx_fw=unknown
PHASE_GUARD 500
LORA_CFG path=0 bw=0x05 sf=12
PHASE_START 39 LF-LoRa-SF12-SKIP SKIP pktSize=255
PHASE_RESULT 39 LF-LoRa-SF12-SKIP pktSize=255 rx=0 unique=0 lost=0 per=0.0 rssi_avg=0 rssi_min=0 crc_err=0 garbage=0 tx_lat=0.00000 tx_lon=0.00000 sats=0 fix=0 utc=0 tx_fw=none rx_fw=unknown
PHASE_GUARD 500
PHASE_START 40 LF-FLRC-2600-32 pktSize=32
SYNC_NOT_FOUND first4=1FF434FD
2026-07-26T13:17:00.578551+00:00 PHASE_RESULT 40 LF-FLRC-2600-32 pktSize=32 rx=0 unique=0 lost=100 per=100.0 rssi_avg=0 rssi_min=0 crc_err=0 garbage=1 tx_lat=0.00000 tx_lon=0.00000 sats=0 fix=0 utc=0 tx_fw=none rx_fw=unknown
PHASE_GUARD 500
PHASE_START 41 LF-FLRC-2600-64 pktSize=64
2026-07-26T13:17:01.590200+00:00 SYNC_NOT_FOUND first4=65CA3E2D
2026-07-26T13:17:02.601351+00:00 PHASE_RESULT 41 LF-FLRC-2600-64 pktSize=64 rx=0 unique=0 lost=100 per=100.0 rssi_avg=0 rssi_min=0 crc_err=0 garbage=1 tx_lat=0.00000 tx_lon=0.00000 sats=0 fix=0 utc=0 tx_fw=none rx_fw=unknown
PHASE_GUARD 500
PHASE_START 42 LF-FLRC-2600-128 pktSize=128
SYNC_NOT_FOUND first4=DA5165A0
2026-07-26T13:17:03.612775+00:00 SYNC_NOT_FOUND first4=DBCAB6B5
SYNC_NOT_FOUND first4=CA82ABAC
SYNC_NOT_FOUND first4=5E983543
2026-07-26T13:17:04.623559+00:00 PHASE_RESULT 42 LF-FLRC-2600-128 pktSize=128 rx=0 unique=0 lost=100 per=100.0 rssi_avg=0 rssi_min=0 crc_err=0 garbage=4 tx_lat=0.00000 tx_lon=0.00000 sats=0 fix=0 utc=0 tx_fw=none rx_fw=unknown
PHASE_GUARD 500
PHASE_START 43 LF-FLRC-2600-255 pktSize=255
SYNC_NOT_FOUND first4=2E3483D4
SYNC_NOT_FOUND first4=9EFC3018
2026-07-26T13:17:05.627876+00:00 SYNC_NOT_FOUND first4=41BDFBA6
SYNC_NOT_FOUND first4=178AA822
PHASE_RESULT 43 LF-FLRC-2600-255 pktSize=255 rx=0 unique=0 lost=100 per=100.0 rssi_avg=0 rssi_min=0 crc_err=0 garbage=4 tx_lat=0.00000 tx_lon=0.00000 sats=0 fix=0 utc=0 tx_fw=none rx_fw=unknown
2026-07-26T13:17:06.631366+00:00 PHASE_GUARD 500
PHASE_START 44 LF-FLRC-1300-32 pktSize=32
TIME_SYNCED utc=1785071825 offset=1785062473
PHASE_RESULT 44 LF-FLRC-1300-32 pktSize=32 rx=0 unique=0 lost=100 per=100.0 rssi_avg=0 rssi_min=0 crc_err=0 garbage=0 tx_lat=0.00000 tx_lon=0.00000 sats=0 fix=0 utc=0 tx_fw=none rx_fw=unknown
PHASE_GUARD 500
PHASE_START 43 LF-FLRC-2600-255 pktSize=255
PHASE_RESULT 43 LF-FLRC-2600-255 pktSize=255 rx=0 unique=0 lost=100 per=100.0 rssi_avg=0 rssi_min=0 crc_err=0 garbage=0 tx_lat=0.00000 tx_lon=0.00000 sats=0 fix=0 utc=0 tx_fw=none rx_fw=unknown
2026-07-26T13:17:07.643576+00:00 PHASE_GUARD 500
PHASE_START 44 LF-FLRC-1300-32 pktSize=32
SYNC_NOT_FOUND first4=EC114708
2026-07-26T13:17:08.654858+00:00 TIME_SYNCED utc=1785071827 offset=1785062473
SYNC_NOT_FOUND first4=BCAF1387
PHASE_RESULT 44 LF-FLRC-1300-32 pktSize=32 rx=0 unique=0 lost=100 per=100.0 rssi_avg=0 rssi_min=0 crc_err=0 garbage=2 tx_lat=0.00000 tx_lon=0.00000 sats=0 fix=0 utc=0 tx_fw=none rx_fw=unknown
PHASE_GUARD 500
2026-07-26T13:17:09.667354+00:00 PHASE_START 45 LF-FLRC-1300-64 pktSize=64
2026-07-26T13:17:10.678155+00:00 PHASE_RESULT 45 LF-FLRC-1300-64 pktSize=64 rx=0 unique=0 lost=100 per=100.0 rssi_avg=0 rssi_min=0 crc_err=0 garbage=0 tx_lat=0.00000 tx_lon=0.00000 sats=0 fix=0 utc=0 tx_fw=none rx_fw=unknown
PHASE_GUARD 500
2026-07-26T13:17:11.689292+00:00 PHASE_START 46 LF-FLRC-1300-128 pktSize=128
2026-07-26T13:17:12.701279+00:00 PHASE_RESULT 46 LF-FLRC-1300-128 pktSize=128 rx=0 unique=0 lost=100 per=100.0 rssi_avg=0 rssi_min=0 crc_err=0 garbage=0 tx_lat=0.00000 tx_lon=0.00000 sats=0 fix=0 utc=0 tx_fw=none rx_fw=unknown
PHASE_GUARD 500
2026-07-26T13:17:13.712586+00:00 PHASE_START 47 LF-FLRC-1300-255 pktSize=255
2026-07-26T13:17:14.723804+00:00 PHASE_RESULT 47 LF-FLRC-1300-255 pktSize=255 rx=0 unique=0 lost=100 per=100.0 rssi_avg=0 rssi_min=0 crc_err=0 garbage=0 tx_lat=0.00000 tx_lon=0.00000 sats=0 fix=0 utc=0 tx_fw=none rx_fw=unknown
PHASE_GUARD 500
2026-07-26T13:17:15.734886+00:00 PHASE_START 48 LF-FLRC-650-32 pktSize=32
SYNC_NOT_FOUND first4=229D7E61
SYNC_NOT_FOUND first4=AF57510F
2026-07-26T13:17:16.745685+00:00 TIME_SYNCED utc=1785071835 offset=1785062473
SYNC_NOT_FOUND first4=87B481CA
SYNC_NOT_FOUND first4=17A34FC3
PHASE_RESULT 48 LF-FLRC-650-32 pktSize=32 rx=0 unique=0 lost=100 per=100.0 rssi_avg=0 rssi_min=0 crc_err=0 garbage=4 tx_lat=0.00000 tx_lon=0.00000 sats=0 fix=0 utc=0 tx_fw=none rx_fw=unknown
PHASE_GUARD 500
2026-07-26T13:17:17.757686+00:00 PHASE_START 49 LF-FLRC-650-64 pktSize=64
SYNC_NOT_FOUND first4=50BF33F6
2026-07-26T13:17:18.768899+00:00 SYNC_NOT_FOUND first4=CD5B9C7B
TIME_SYNCED utc=1785071837 offset=1785062473
SYNC_NOT_FOUND first4=4A6914CE
SYNC_NOT_FOUND first4=6A88B9D5
SYNC_NOT_FOUND first4=BF52A13F
SYNC_NOT_FOUND first4=00D2BF0C
PHASE_RESULT 49 LF-FLRC-650-64 pktSize=64 rx=0 unique=0 lost=100 per=100.0 rssi_avg=0 rssi_min=0 crc_err=0 garbage=6 tx_lat=0.00000 tx_lon=0.00000 sats=0 fix=0 utc=0 tx_fw=none rx_fw=unknown
PHASE_GUARD 500
PHASE_START 50 LF-FLRC-650-128 pktSize=128
2026-07-26T13:17:19.781052+00:00 SYNC_NOT_FOUND first4=C2CA5B49
SYNC_NOT_FOUND first4=09AEFF1E
2026-07-26T13:17:20.792203+00:00 SYNC_NOT_FOUND first4=10B7C6FA
SYNC_NOT_FOUND first4=8364F4B8
SYNC_NOT_FOUND first4=CC26980B
PHASE_RESULT 50 LF-FLRC-650-128 pktSize=128 rx=0 unique=0 lost=100 per=100.0 rssi_avg=0 rssi_min=0 crc_err=0 garbage=5 tx_lat=0.00000 tx_lon=0.00000 sats=0 fix=0 utc=0 tx_fw=none rx_fw=unknown
PHASE_GUARD 500
PHASE_START 51 LF-FLRC-650-255 pktSize=255
2026-07-26T13:17:21.795572+00:00 SYNC_NOT_FOUND first4=47E3E001
SYNC_NOT_FOUND first4=02434C53
SYNC_NOT_FOUND first4=1B698728
2026-07-26T13:17:22.800653+00:00 SYNC_NOT_FOUND first4=4B5B3516
SYNC_NOT_FOUND first4=3A722650
PHASE_RESULT 51 LF-FLRC-650-255 pktSize=255 rx=0 unique=0 lost=100 per=100.0 rssi_avg=0 rssi_min=0 crc_err=0 garbage=5 tx_lat=0.00000 tx_lon=0.00000 sats=0 fix=0 utc=0 tx_fw=none rx_fw=unknown
PHASE_GUARD 500
PHASE_START 52 LF-FLRC-325-32 pktSize=32
2026-07-26T13:17:24.863092+00:00 PHASE_RESULT 52 LF-FLRC-325-32 pktSize=32 rx=0 unique=0 lost=100 per=100.0 rssi_avg=0 rssi_min=0 crc_err=0 garbage=0 tx_lat=0.00000 tx_lon=0.00000 sats=0 fix=0 utc=0 tx_fw=none rx_fw=unknown
PHASE_GUARD 500
PHASE_START 53 LF-FLRC-325-64 pktSize=64
2026-07-26T13:17:25.867696+00:00 TIME_SYNCED utc=1785071845 offset=1785062473
2026-07-26T13:17:26.879012+00:00 PHASE_RESULT 53 LF-FLRC-325-64 pktSize=64 rx=0 unique=0 lost=100 per=100.0 rssi_avg=0 rssi_min=0 crc_err=0 garbage=0 tx_lat=0.00000 tx_lon=0.00000 sats=0 fix=0 utc=0 tx_fw=none rx_fw=unknown
PHASE_GUARD 500
PHASE_START 54 LF-FLRC-325-128 pktSize=128
2026-07-26T13:17:27.890296+00:00 SYNC_NOT_FOUND first4=EC5657D1
2026-07-26T13:17:28.901382+00:00 TIME_SYNCED utc=1785071847 offset=1785062473
PHASE_RESULT 54 LF-FLRC-325-128 pktSize=128 rx=0 unique=0 lost=100 per=100.0 rssi_avg=0 rssi_min=0 crc_err=0 garbage=1 tx_lat=0.00000 tx_lon=0.00000 sats=0 fix=0 utc=0 tx_fw=none rx_fw=unknown
PHASE_GUARD 500
PHASE_START 55 LF-FLRC-325-255 pktSize=255
2026-07-26T13:17:30.963673+00:00 PHASE_RESULT 55 LF-FLRC-325-255 pktSize=255 rx=0 unique=0 lost=100 per=100.0 rssi_avg=0 rssi_min=0 crc_err=0 garbage=0 tx_lat=0.00000 tx_lon=0.00000 sats=0 fix=0 utc=0 tx_fw=none rx_fw=unknown
PHASE_GUARD 500
LORA_CFG path=1 bw=0x0F sf=7
PHASE_START 0 HF-LoRa-SF7-32 pktSize=32
2026-07-26T13:17:33.025787+00:00 PHASE_RESULT 0 HF-LoRa-SF7-32 pktSize=32 rx=0 unique=0 lost=20 per=100.0 rssi_avg=0 rssi_min=0 crc_err=0 garbage=0 tx_lat=0.00000 tx_lon=0.00000 sats=0 fix=0 utc=0 tx_fw=none rx_fw=unknown
PHASE_GUARD 500
LORA_CFG path=1 bw=0x0F sf=7
PHASE_START 1 HF-LoRa-SF7-64 pktSize=64
2026-07-26T13:17:35.089350+00:00 PHASE_RESULT 1 HF-LoRa-SF7-64 pktSize=64 rx=0 unique=0 lost=20 per=100.0 rssi_avg=0 rssi_min=0 crc_err=0 garbage=0 tx_lat=0.00000 tx_lon=0.00000 sats=0 fix=0 utc=0 tx_fw=none rx_fw=unknown
PHASE_GUARD 500
LORA_CFG path=1 bw=0x0F sf=7
PHASE_START 2 HF-LoRa-SF7-128 pktSize=128
2026-07-26T13:17:36.101585+00:00 TIME_SYNCED utc=1785071855 offset=1785062473
2026-07-26T13:17:37.112779+00:00 PHASE_RESULT 2 HF-LoRa-SF7-128 pktSize=128 rx=0 unique=0 lost=20 per=100.0 rssi_avg=0 rssi_min=0 crc_err=0 garbage=0 tx_lat=0.00000 tx_lon=0.00000 sats=0 fix=0 utc=0 tx_fw=none rx_fw=unknown
PHASE_GUARD 500
LORA_CFG path=1 bw=0x0F sf=7
PHASE_START 3 HF-LoRa-SF7-255 pktSize=255
2026-07-26T13:17:39.175299+00:00 TIME_SYNCED utc=1785071858 offset=1785062474
PHASE_RESULT 3 HF-LoRa-SF7-255 pktSize=255 rx=0 unique=0 lost=20 per=100.0 rssi_avg=0 rssi_min=0 crc_err=0 garbage=0 tx_lat=0.00000 tx_lon=0.00000 sats=0 fix=0 utc=0 tx_fw=none rx_fw=unknown
PHASE_GUARD 500
LORA_CFG path=1 bw=0x0F sf=9
PHASE_START 4 HF-LoRa-SF9-32 pktSize=32
2026-07-26T13:17:41.238300+00:00 PHASE_RESULT 4 HF-LoRa-SF9-32 pktSize=32 rx=0 unique=0 lost=20 per=100.0 rssi_avg=0 rssi_min=0 crc_err=0 garbage=0 tx_lat=0.00000 tx_lon=0.00000 sats=0 fix=0 utc=0 tx_fw=none rx_fw=unknown
PHASE_GUARD 500
LORA_CFG path=1 bw=0x0F sf=9
PHASE_START 5 HF-LoRa-SF9-64 pktSize=64
2026-07-26T13:17:44.352562+00:00 PHASE_RESULT 5 HF-LoRa-SF9-64 pktSize=64 rx=0 unique=0 lost=20 per=100.0 rssi_avg=0 rssi_min=0 crc_err=0 garbage=0 tx_lat=0.00000 tx_lon=0.00000 sats=0 fix=0 utc=0 tx_fw=none rx_fw=unknown
PHASE_GUARD 500
LORA_CFG path=1 bw=0x0F sf=9
PHASE_START 6 HF-LoRa-SF9-128 pktSize=128
2026-07-26T13:17:46.415190+00:00 TIME_SYNCED utc=1785071865 offset=1785062473
2026-07-26T13:17:49.528909+00:00 TIME_SYNCED utc=1785071868 offset=1785062474
PHASE_RESULT 6 HF-LoRa-SF9-128 pktSize=128 rx=0 unique=0 lost=13 per=100.0 rssi_avg=0 rssi_min=0 crc_err=0 garbage=0 tx_lat=0.00000 tx_lon=0.00000 sats=0 fix=0 utc=0 tx_fw=none rx_fw=unknown
PHASE_GUARD 500
LORA_CFG path=1 bw=0x0F sf=9
PHASE_START 7 HF-LoRa-SF9-255 pktSize=255
2026-07-26T13:17:51.592804+00:00 PHASE_RESULT 7 HF-LoRa-SF9-255 pktSize=255 rx=0 unique=0 lost=6 per=100.0 rssi_avg=0 rssi_min=0 crc_err=0 garbage=0 tx_lat=0.00000 tx_lon=0.00000 sats=0 fix=0 utc=0 tx_fw=none rx_fw=unknown
PHASE_GUARD 500
LORA_CFG path=1 bw=0x0F sf=12
PHASE_START 8 HF-LoRa-SF12-32 pktSize=32
2026-07-26T13:17:53.655258+00:00 PHASE_RESULT 8 HF-LoRa-SF12-32 pktSize=32 rx=0 unique=0 lost=2 per=100.0 rssi_avg=0 rssi_min=0 crc_err=0 garbage=0 tx_lat=0.00000 tx_lon=0.00000 sats=0 fix=0 utc=0 tx_fw=none rx_fw=unknown
PHASE_GUARD 500
2026-07-26T13:17:54.666685+00:00 LORA_CFG path=1 bw=0x0F sf=12
PHASE_START 9 HF-LoRa-SF12-64 pktSize=64
2026-07-26T13:17:56.729864+00:00 TIME_SYNCED utc=1785071875 offset=1785062473
2026-07-26T13:17:57.740950+00:00 PHASE_RESULT 9 HF-LoRa-SF12-64 pktSize=64 rx=0 unique=0 lost=1 per=100.0 rssi_avg=0 rssi_min=0 crc_err=0 garbage=0 tx_lat=0.00000 tx_lon=0.00000 sats=0 fix=0 utc=0 tx_fw=none rx_fw=unknown
PHASE_GUARD 500
LORA_CFG path=1 bw=0x0F sf=12
2026-07-26T13:17:58.752610+00:00 PHASE_START 10 HF-LoRa-SF12-128 pktSize=128
2026-07-26T13:17:59.764335+00:00 TIME_SYNCED utc=1785071878 offset=1785062473
2026-07-26T13:18:02.870648+00:00 PHASE_RESULT 10 HF-LoRa-SF12-128 pktSize=128 rx=0 unique=0 lost=1 per=100.0 rssi_avg=0 rssi_min=0 crc_err=0 garbage=0 tx_lat=0.00000 tx_lon=0.00000 sats=0 fix=0 utc=0 tx_fw=none rx_fw=unknown
PHASE_GUARD 500
LORA_CFG path=1 bw=0x0F sf=12
PHASE_START 11 HF-LoRa-SF12-255 pktSize=255
2026-07-26T13:18:05.985101+00:00 TIME_SYNCED utc=1785071885 offset=1785062473
2026-07-26T13:18:10.150674+00:00 TIME_SYNCED utc=1785071889 offset=1785062474
2026-07-26T13:18:12.216733+00:00 PHASE_RESULT 11 HF-LoRa-SF12-255 pktSize=255 rx=0 unique=0 lost=1 per=100.0 rssi_avg=0 rssi_min=0 crc_err=0 garbage=0 tx_lat=0.00000 tx_lon=0.00000 sats=0 fix=0 utc=0 tx_fw=none rx_fw=unknown
PHASE_GUARD 500
PHASE_START 12 HF-FLRC-2600-32 pktSize=32
SYNC_NOT_FOUND first4=D61C8300
SYNC_NOT_FOUND first4=687D55D4
SYNC_NOT_FOUND first4=ECB8540F
2026-07-26T13:18:13.220355+00:00 SYNC_NOT_FOUND first4=D271B061
SYNC_NOT_FOUND first4=1BC322A6
SYNC_NOT_FOUND first4=84258E1C
2026-07-26T13:18:14.232282+00:00 PHASE_RESULT 12 HF-FLRC-2600-32 pktSize=32 rx=0 unique=0 lost=100 per=100.0 rssi_avg=0 rssi_min=0 crc_err=0 garbage=6 tx_lat=0.00000 tx_lon=0.00000 sats=0 fix=0 utc=0 tx_fw=none rx_fw=unknown
PHASE_GUARD 500
PHASE_START 13 HF-FLRC-2600-64 pktSize=64
SYNC_NOT_FOUND first4=7E6C8EAE
2026-07-26T13:18:15.243494+00:00 SYNC_NOT_FOUND first4=56D13F7B
SYNC_NOT_FOUND first4=00776F16
SYNC_NOT_FOUND first4=0E610A5A
SYNC_NOT_FOUND first4=D06763EB
SYNC_NOT_FOUND first4=3CA99466
SYNC_NOT_FOUND first4=5E1B594A
SYNC_NOT_FOUND first4=3A21B71D
SYNC_NOT_FOUND first4=F1ECAC4C
SYNC_NOT_FOUND first4=23075F06
2026-07-26T13:18:16.255516+00:00 SYNC_NOT_FOUND first4=DE5E8BFC
PHASE_RESULT 13 HF-FLRC-2600-64 pktSize=64 rx=0 unique=0 lost=100 per=100.0 rssi_avg=0 rssi_min=0 crc_err=0 garbage=11 tx_lat=0.00000 tx_lon=0.00000 sats=0 fix=0 utc=0 tx_fw=none rx_fw=unknown
PHASE_GUARD 500
PHASE_START 14 HF-FLRC-2600-128 pktSize=128
SYNC_NOT_FOUND first4=22D7A458
TIME_SYNCED utc=1785071895 offset=1785062473
PHASE_RESULT 14 HF-FLRC-2600-128 pktSize=128 rx=0 unique=0 lost=100 per=100.0 rssi_avg=0 rssi_min=0 crc_err=0 garbage=1 tx_lat=0.00000 tx_lon=0.00000 sats=0 fix=0 utc=0 tx_fw=none rx_fw=unknown
PHASE_GUARD 500
PHASE_START 13 HF-FLRC-2600-64 pktSize=64
SYNC_NOT_FOUND first4=376CB535
2026-07-26T13:18:17.259357+00:00 SYNC_NOT_FOUND first4=05A813A8
PHASE_RESULT 13 HF-FLRC-2600-64 pktSize=64 rx=0 unique=0 lost=100 per=100.0 rssi_avg=0 rssi_min=0 crc_err=0 garbage=2 tx_lat=0.00000 tx_lon=0.00000 sats=0 fix=0 utc=0 tx_fw=none rx_fw=unknown
PHASE_GUARD 500
PHASE_START 14 HF-FLRC-2600-128 pktSize=128
SYNC_NOT_FOUND first4=C09691ED
SYNC_NOT_FOUND first4=F9CFE4A9
SYNC_NOT_FOUND first4=9DF9E57C
2026-07-26T13:18:18.265098+00:00 SYNC_NOT_FOUND first4=E08EB907
SYNC_NOT_FOUND first4=5C927693
SYNC_NOT_FOUND first4=C5D70944
SYNC_NOT_FOUND first4=396F61F2
SYNC_NOT_FOUND first4=7DB0434C
SYNC_NOT_FOUND first4=DAC13CD0
2026-07-26T13:18:19.277136+00:00 PHASE_RESULT 14 HF-FLRC-2600-128 pktSize=128 rx=0 unique=0 lost=100 per=100.0 rssi_avg=0 rssi_min=0 crc_err=0 garbage=9 tx_lat=0.00000 tx_lon=0.00000 sats=0 fix=0 utc=0 tx_fw=none rx_fw=unknown
PHASE_GUARD 500
PHASE_START 15 HF-FLRC-2600-255 pktSize=255
SYNC_NOT_FOUND first4=8629C61B
SYNC_NOT_FOUND first4=69D03092
SYNC_NOT_FOUND first4=A2F669F1
2026-07-26T13:18:20.290645+00:00 TIME_SYNCED utc=1785071899 offset=1785062474
PHASE_RESULT 15 HF-FLRC-2600-255 pktSize=255 rx=0 unique=0 lost=100 per=100.0 rssi_avg=0 rssi_min=0 crc_err=0 garbage=3 tx_lat=0.00000 tx_lon=0.00000 sats=0 fix=0 utc=0 tx_fw=none rx_fw=unknown
PHASE_GUARD 500
PHASE_START 16 HF-FLRC-1300-32 pktSize=32
SYNC_NOT_FOUND first4=46B15A91
2026-07-26T13:18:21.302619+00:00 SYNC_NOT_FOUND first4=04B75983
SYNC_NOT_FOUND first4=46566DC8
SYNC_NOT_FOUND first4=0F802D04
SYNC_NOT_FOUND first4=12B8FBE0
SYNC_NOT_FOUND first4=E6058906
SYNC_NOT_FOUND first4=606BEE84
SYNC_NOT_FOUND first4=9D5C4EA6
SYNC_NOT_FOUND first4=820B03F9
2026-07-26T13:18:22.307206+00:00 PHASE_RESULT 16 HF-FLRC-1300-32 pktSize=32 rx=0 unique=0 lost=100 per=100.0 rssi_avg=0 rssi_min=0 crc_err=0 garbage=9 tx_lat=0.00000 tx_lon=0.00000 sats=0 fix=0 utc=0 tx_fw=none rx_fw=unknown
PHASE_GUARD 500
PHASE_START 17 HF-FLRC-1300-64 pktSize=64
2026-07-26T13:18:23.310887+00:00 SYNC_NOT_FOUND first4=C9905980
2026-07-26T13:18:24.326273+00:00 PHASE_RESULT 17 HF-FLRC-1300-64 pktSize=64 rx=0 unique=0 lost=100 per=100.0 rssi_avg=0 rssi_min=0 crc_err=0 garbage=1 tx_lat=0.00000 tx_lon=0.00000 sats=0 fix=0 utc=0 tx_fw=none rx_fw=unknown
PHASE_GUARD 500
PHASE_START 18 HF-FLRC-1300-128 pktSize=128
SYNC_NOT_FOUND first4=55F90761
2026-07-26T13:18:25.337607+00:00 SYNC_NOT_FOUND first4=79057467
SYNC_NOT_FOUND first4=E4DF9016
SYNC_NOT_FOUND first4=3BE5F603
SYNC_NOT_FOUND first4=FA527A89
SYNC_NOT_FOUND first4=7810F9E6
2026-07-26T13:18:26.351867+00:00 PHASE_RESULT 18 HF-FLRC-1300-128 pktSize=128 rx=0 unique=0 lost=100 per=100.0 rssi_avg=0 rssi_min=0 crc_err=0 garbage=6 tx_lat=0.00000 tx_lon=0.00000 sats=0 fix=0 utc=0 tx_fw=none rx_fw=unknown
PHASE_GUARD 500
PHASE_START 19 HF-FLRC-1300-255 pktSize=255
TIME_SYNCED utc=1785071905 offset=1785062473
PHASE_RESULT 19 HF-FLRC-1300-255 pktSize=255 rx=0 unique=0 lost=100 per=100.0 rssi_avg=0 rssi_min=0 crc_err=0 garbage=0 tx_lat=0.00000 tx_lon=0.00000 sats=0 fix=0 utc=0 tx_fw=none rx_fw=unknown
PHASE_GUARD 500
PHASE_START 18 HF-FLRC-1300-128 pktSize=128
SYNC_NOT_FOUND first4=79861BB7
SYNC_NOT_FOUND first4=711B7467
SYNC_NOT_FOUND first4=36DD6033
SYNC_NOT_FOUND first4=67833632
2026-07-26T13:18:27.360087+00:00 SYNC_NOT_FOUND first4=459FB60E
PHASE_RESULT 18 HF-FLRC-1300-128 pktSize=128 rx=0 unique=0 lost=100 per=100.0 rssi_avg=0 rssi_min=0 crc_err=0 garbage=5 tx_lat=0.00000 tx_lon=0.00000 sats=0 fix=0 utc=0 tx_fw=none rx_fw=unknown
PHASE_GUARD 500
PHASE_START 19 HF-FLRC-1300-255 pktSize=255
SYNC_NOT_FOUND first4=B7C006C2
SYNC_NOT_FOUND first4=99941ED9
2026-07-26T13:18:28.363867+00:00 SYNC_NOT_FOUND first4=BE4413B8
SYNC_NOT_FOUND first4=5A9EF6BD
SYNC_NOT_FOUND first4=A3AB7EAB
SYNC_NOT_FOUND first4=883DD318
2026-07-26T13:18:29.374616+00:00 SYNC_NOT_FOUND first4=02C62CFF
PHASE_RESULT 19 HF-FLRC-1300-255 pktSize=255 rx=0 unique=0 lost=100 per=100.0 rssi_avg=0 rssi_min=0 crc_err=0 garbage=7 tx_lat=0.00000 tx_lon=0.00000 sats=0 fix=0 utc=0 tx_fw=none rx_fw=unknown
PHASE_GUARD 500
PHASE_START 20 HF-FLRC-650-32 pktSize=32
SYNC_NOT_FOUND first4=569B40BC
SYNC_NOT_FOUND first4=84462FC3
SYNC_NOT_FOUND first4=5779300D
SYNC_NOT_FOUND first4=192953FC
SYNC_NOT_FOUND first4=E713857E
SYNC_NOT_FOUND first4=09F9AD42
SYNC_NOT_FOUND first4=D295B7DA
SYNC_NOT_FOUND first4=2FEF767C
2026-07-26T13:18:30.388204+00:00 TIME_SYNCED utc=1785071909 offset=1785062474
SYNC_NOT_FOUND first4=54C47F13
SYNC_NOT_FOUND first4=1CC35C1A
SYNC_NOT_FOUND first4=D473C7E8
SYNC_NOT_FOUND first4=6DA4F7D3
SYNC_NOT_FOUND first4=7FE0EDEC
SYNC_NOT_FOUND first4=C0AA83A7
SYNC_NOT_FOUND first4=8A304EDD
SYNC_NOT_FOUND first4=73A6C099
PHASE_RESULT 20 HF-FLRC-650-32 pktSize=32 rx=0 unique=0 lost=100 per=100.0 rssi_avg=0 rssi_min=0 crc_err=0 garbage=16 tx_lat=0.00000 tx_lon=0.00000 sats=0 fix=0 utc=0 tx_fw=none rx_fw=unknown
PHASE_GUARD 500
PHASE_START 21 HF-FLRC-650-64 pktSize=64
SYNC_NOT_FOUND first4=5E803847
SYNC_NOT_FOUND first4=3772043F
SYNC_NOT_FOUND first4=9BD6F174
SYNC_NOT_FOUND first4=7DB6ABF0
SYNC_NOT_FOUND first4=E57D43A1
SYNC_NOT_FOUND first4=595EBEB1
SYNC_NOT_FOUND first4=FEA22A8D
SYNC_NOT_FOUND first4=05939C6E
SYNC_NOT_FOUND first4=EB0F65FB
SYNC_NOT_FOUND first4=A7836D8A
SYNC_NOT_FOUND first4=DDE88419
SYNC_NOT_FOUND first4=47B59951
SYNC_NOT_FOUND first4=9AA131E7
SYNC_NOT_FOUND first4=DD52B589
SYNC_NOT_FOUND first4=1A96C591
2026-07-26T13:18:31.398704+00:00 SYNC_NOT_FOUND first4=261AA638
SYNC_NOT_FOUND first4=01D1FE31
SYNC_NOT_FOUND first4=58C0515A
SYNC_NOT_FOUND first4=FE72AA92
SYNC_NOT_FOUND first4=F9EEBD95
SYNC_NOT_FOUND first4=841E7E1F
SYNC_NOT_FOUND first4=0098C330
SYNC_NOT_FOUND first4=DFB49BAF
SYNC_NOT_FOUND first4=6739051C
SYNC_NOT_FOUND first4=7792546D
SYNC_NOT_FOUND first4=919E8DA8
SYNC_NOT_FOUND first4=37F05B1A
SYNC_NOT_FOUND first4=48121798
2026-07-26T13:18:32.407835+00:00 SYNC_NOT_FOUND first4=95DA23F7
SYNC_NOT_FOUND first4=9032F7B8
SYNC_NOT_FOUND first4=C01F8174
PHASE_RESULT 21 HF-FLRC-650-64 pktSize=64 rx=0 unique=0 lost=100 per=100.0 rssi_avg=0 rssi_min=0 crc_err=0 garbage=31 tx_lat=0.00000 tx_lon=0.00000 sats=0 fix=0 utc=0 tx_fw=none rx_fw=unknown
PHASE_GUARD 500
PHASE_START 22 HF-FLRC-650-128 pktSize=128
SYNC_NOT_FOUND first4=A0034AA6
SYNC_NOT_FOUND first4=8F742852
SYNC_NOT_FOUND first4=8F998A39
SYNC_NOT_FOUND first4=232077AF
SYNC_NOT_FOUND first4=5247AF92
SYNC_NOT_FOUND first4=8E31A623
SYNC_NOT_FOUND first4=D2A0C5E5
SYNC_NOT_FOUND first4=A8D2164C
SYNC_NOT_FOUND first4=6E12B600
SYNC_NOT_FOUND first4=81D76F19
2026-07-26T13:18:33.411506+00:00 SYNC_NOT_FOUND first4=62FBE0A7
SYNC_NOT_FOUND first4=BFD266E6
SYNC_NOT_FOUND first4=14624019
SYNC_NOT_FOUND first4=67518844
SYNC_NOT_FOUND first4=2F20426E
SYNC_NOT_FOUND first4=3835DE3C
SYNC_NOT_FOUND first4=677D5451
SYNC_NOT_FOUND first4=6246AC91
SYNC_NOT_FOUND first4=C3EF5673
SYNC_NOT_FOUND first4=1497D399
SYNC_NOT_FOUND first4=89C9C837
SYNC_NOT_FOUND first4=004F9D89
SYNC_NOT_FOUND first4=D86A8CB7
SYNC_NOT_FOUND first4=3882F031
2026-07-26T13:18:34.414953+00:00 SYNC_NOT_FOUND first4=011AB5E7
SYNC_NOT_FOUND first4=7F543B4B
SYNC_NOT_FOUND first4=962576AA
PHASE_RESULT 22 HF-FLRC-650-128 pktSize=128 rx=0 unique=0 lost=100 per=100.0 rssi_avg=0 rssi_min=0 crc_err=0 garbage=27 tx_lat=0.00000 tx_lon=0.00000 sats=0 fix=0 utc=0 tx_fw=none rx_fw=unknown
PHASE_GUARD 500
PHASE_START 23 HF-FLRC-650-255 pktSize=255
SYNC_NOT_FOUND first4=03EC3C37
SYNC_NOT_FOUND first4=C19AE159
SYNC_NOT_FOUND first4=FA25F1F1
SYNC_NOT_FOUND first4=5AD7586F
SYNC_NOT_FOUND first4=F30F9AC9
SYNC_NOT_FOUND first4=E8086BD4
SYNC_NOT_FOUND first4=42588581
SYNC_NOT_FOUND first4=1A875972
SYNC_NOT_FOUND first4=06139355
SYNC_NOT_FOUND first4=359E4C14
SYNC_NOT_FOUND first4=75AB5C3E
SYNC_NOT_FOUND first4=C4D081CC
SYNC_NOT_FOUND first4=C7ADECE2
SYNC_NOT_FOUND first4=C3683F61
SYNC_NOT_FOUND first4=146A8261
2026-07-26T13:18:35.421332+00:00 SYNC_NOT_FOUND first4=A8ECF7EC
SYNC_NOT_FOUND first4=87BF3EB1
SYNC_NOT_FOUND first4=D3875387
SYNC_NOT_FOUND first4=E0BCBCFA
SYNC_NOT_FOUND first4=A1C1D2A8
SYNC_NOT_FOUND first4=AB4A3EA6
SYNC_NOT_FOUND first4=B8B3BBF4
SYNC_NOT_FOUND first4=ECC54206
SYNC_NOT_FOUND first4=539D2BCB
SYNC_NOT_FOUND first4=54B4A56B
SYNC_NOT_FOUND first4=00B3B9A2
SYNC_NOT_FOUND first4=86DB8DD2
SYNC_NOT_FOUND first4=99AB4228
SYNC_NOT_FOUND first4=F4C0E8F9
SYNC_NOT_FOUND first4=7EDFE3E9
SYNC_NOT_FOUND first4=44D90B0E
2026-07-26T13:18:36.425078+00:00 SYNC_NOT_FOUND first4=54ACA091
SYNC_NOT_FOUND first4=9326D01B
PHASE_RESULT 23 HF-FLRC-650-255 pktSize=255 rx=0 unique=0 lost=100 per=100.0 rssi_avg=0 rssi_min=0 crc_err=0 garbage=33 tx_lat=0.00000 tx_lon=0.00000 sats=0 fix=0 utc=0 tx_fw=none rx_fw=unknown
PHASE_GUARD 500
PHASE_START 24 HF-FLRC-325-32 pktSize=32
TIME_SYNCED utc=1785071915 offset=1785062473
PHASE_RESULT 24 HF-FLRC-325-32 pktSize=32 rx=0 unique=0 lost=100 per=100.0 rssi_avg=0 rssi_min=0 crc_err=0 garbage=0 tx_lat=0.00000 tx_lon=0.00000 sats=0 fix=0 utc=0 tx_fw=none rx_fw=unknown
PHASE_GUARD 500
PHASE_START 23 HF-FLRC-650-255 pktSize=255
SYNC_NOT_FOUND first4=E039439A
SYNC_NOT_FOUND first4=2AC2DF25
SYNC_NOT_FOUND first4=6782C17C
SYNC_NOT_FOUND first4=07D9B733
SYNC_NOT_FOUND first4=57425B5A
SYNC_NOT_FOUND first4=B17F4EBE
2026-07-26T13:18:37.434714+00:00 SYNC_NOT_FOUND first4=A9C449E6
SYNC_NOT_FOUND first4=0D7D02E7
SYNC_NOT_FOUND first4=7690D89A
SYNC_NOT_FOUND first4=033374D0
SYNC_NOT_FOUND first4=25BBC2BE
PHASE_RESULT 23 HF-FLRC-650-255 pktSize=255 rx=0 unique=0 lost=100 per=100.0 rssi_avg=0 rssi_min=0 crc_err=0 garbage=11 tx_lat=0.00000 tx_lon=0.00000 sats=0 fix=0 utc=0 tx_fw=none rx_fw=unknown
PHASE_GUARD 500
PHASE_START 24 HF-FLRC-325-32 pktSize=32
SYNC_NOT_FOUND first4=D1267C10
SYNC_NOT_FOUND first4=01325B68
SYNC_NOT_FOUND first4=9E9AC12E
SYNC_NOT_FOUND first4=D6137ACE
SYNC_NOT_FOUND first4=9517BF31
2026-07-26T13:18:38.438615+00:00 SYNC_NOT_FOUND first4=1376AB11
SYNC_NOT_FOUND first4=D1C0547C
2026-07-26T13:18:39.442226+00:00 SYNC_NOT_FOUND first4=36E41D5B
SYNC_NOT_FOUND first4=8D981B43
SYNC_NOT_FOUND first4=B5747788
PHASE_RESULT 24 HF-FLRC-325-32 pktSize=32 rx=0 unique=0 lost=100 per=100.0 rssi_avg=0 rssi_min=0 crc_err=0 garbage=10 tx_lat=0.00000 tx_lon=0.00000 sats=0 fix=0 utc=0 tx_fw=none rx_fw=unknown
PHASE_GUARD 500
PHASE_START 25 HF-FLRC-325-64 pktSize=64
SYNC_NOT_FOUND first4=A5E8CB2B
SYNC_NOT_FOUND first4=8341F589
2026-07-26T13:18:40.446225+00:00 TIME_SYNCED utc=1785071919 offset=1785062474
PHASE_RESULT 25 HF-FLRC-325-64 pktSize=64 rx=0 unique=0 lost=100 per=100.0 rssi_avg=0 rssi_min=0 crc_err=0 garbage=2 tx_lat=0.00000 tx_lon=0.00000 sats=0 fix=0 utc=0 tx_fw=none rx_fw=unknown
PHASE_GUARD 500
PHASE_START 26 HF-FLRC-325-128 pktSize=128
2026-07-26T13:18:41.459045+00:00 SYNC_NOT_FOUND first4=DAF83579
2026-07-26T13:18:42.472717+00:00 PHASE_RESULT 26 HF-FLRC-325-128 pktSize=128 rx=0 unique=0 lost=100 per=100.0 rssi_avg=0 rssi_min=0 crc_err=0 garbage=1 tx_lat=0.00000 tx_lon=0.00000 sats=0 fix=0 utc=0 tx_fw=none rx_fw=unknown
PHASE_GUARD 500
PHASE_START 27 HF-FLRC-325-255 pktSize=255
SYNC_NOT_FOUND first4=354FB1F0
SYNC_NOT_FOUND first4=47678D5B
2026-07-26T13:18:43.486032+00:00 SYNC_NOT_FOUND first4=6B6019D4
SYNC_NOT_FOUND first4=F0010751
SYNC_NOT_FOUND first4=B935C06A
SYNC_NOT_FOUND first4=8C33A3C8
SYNC_NOT_FOUND first4=2219442D
2026-07-26T13:18:44.497221+00:00 PHASE_RESULT 27 HF-FLRC-325-255 pktSize=255 rx=0 unique=0 lost=100 per=100.0 rssi_avg=0 rssi_min=0 crc_err=0 garbage=7 tx_lat=0.00000 tx_lon=0.00000 sats=0 fix=0 utc=0 tx_fw=none rx_fw=unknown
PHASE_GUARD 500
LORA_CFG path=0 bw=0x05 sf=7
PHASE_START 28 LF-LoRa-SF7-32 pktSize=32
2026-07-26T13:18:46.562345+00:00 PHASE_RESULT 28 LF-LoRa-SF7-32 pktSize=32 rx=0 unique=0 lost=20 per=100.0 rssi_avg=0 rssi_min=0 crc_err=0 garbage=0 tx_lat=0.00000 tx_lon=0.00000 sats=0 fix=0 utc=0 tx_fw=none rx_fw=unknown
PHASE_GUARD 500
LORA_CFG path=0 bw=0x05 sf=7
PHASE_START 29 LF-LoRa-SF7-64 pktSize=64
TIME_SYNCED utc=1785071925 offset=1785062473
PHASE_RESULT 29 LF-LoRa-SF7-64 pktSize=64 rx=0 unique=0 lost=20 per=100.0 rssi_avg=0 rssi_min=0 crc_err=0 garbage=0 tx_lat=0.00000 tx_lon=0.00000 sats=0 fix=0 utc=0 tx_fw=none rx_fw=unknown
PHASE_GUARD 500
LORA_CFG path=0 bw=0x05 sf=7
PHASE_START 28 LF-LoRa-SF7-32 pktSize=32
2026-07-26T13:18:47.574275+00:00 PHASE_RESULT 28 LF-LoRa-SF7-32 pktSize=32 rx=0 unique=0 lost=20 per=100.0 rssi_avg=0 rssi_min=0 crc_err=0 garbage=0 tx_lat=0.00000 tx_lon=0.00000 sats=0 fix=0 utc=0 tx_fw=none rx_fw=unknown
PHASE_GUARD 500
LORA_CFG path=0 bw=0x05 sf=7
PHASE_START 29 LF-LoRa-SF7-64 pktSize=64
2026-07-26T13:18:49.636416+00:00 PHASE_RESULT 29 LF-LoRa-SF7-64 pktSize=64 rx=0 unique=0 lost=20 per=100.0 rssi_avg=0 rssi_min=0 crc_err=0 garbage=0 tx_lat=0.00000 tx_lon=0.00000 sats=0 fix=0 utc=0 tx_fw=none rx_fw=unknown
PHASE_GUARD 500
2026-07-26T13:18:50.650222+00:00 LORA_CFG path=0 bw=0x05 sf=7
PHASE_START 30 LF-LoRa-SF7-128 pktSize=128
TIME_SYNCED utc=1785071929 offset=1785062473
2026-07-26T13:18:53.762445+00:00 PHASE_RESULT 30 LF-LoRa-SF7-128 pktSize=128 rx=0 unique=0 lost=13 per=100.0 rssi_avg=0 rssi_min=0 crc_err=0 garbage=0 tx_lat=0.00000 tx_lon=0.00000 sats=0 fix=0 utc=0 tx_fw=none rx_fw=unknown
PHASE_GUARD 500
LORA_CFG path=0 bw=0x05 sf=7
PHASE_START 31 LF-LoRa-SF7-255 pktSize=255
2026-07-26T13:18:56.876228+00:00 TIME_SYNCED utc=1785071935 offset=1785062473
2026-07-26T13:18:57.880893+00:00 PHASE_RESULT 31 LF-LoRa-SF7-255 pktSize=255 rx=0 unique=0 lost=7 per=100.0 rssi_avg=0 rssi_min=0 crc_err=0 garbage=0 tx_lat=0.00000 tx_lon=0.00000 sats=0 fix=0 utc=0 tx_fw=none rx_fw=unknown
PHASE_GUARD 500
LORA_CFG path=0 bw=0x05 sf=9
PHASE_START 32 LF-LoRa-SF9-32 pktSize=32
2026-07-26T13:19:00.987577+00:00 TIME_SYNCED utc=1785071939 offset=1785062473
2026-07-26T13:19:02.004056+00:00 PHASE_RESULT 32 LF-LoRa-SF9-32 pktSize=32 rx=0 unique=0 lost=7 per=100.0 rssi_avg=0 rssi_min=0 crc_err=0 garbage=0 tx_lat=0.00000 tx_lon=0.00000 sats=0 fix=0 utc=0 tx_fw=none rx_fw=unknown
PHASE_GUARD 500
LORA_CFG path=0 bw=0x05 sf=9
PHASE_START 33 LF-LoRa-SF9-64 pktSize=64
2026-07-26T13:19:05.118957+00:00 PHASE_RESULT 33 LF-LoRa-SF9-64 pktSize=64 rx=0 unique=0 lost=3 per=100.0 rssi_avg=0 rssi_min=0 crc_err=0 garbage=0 tx_lat=0.00000 tx_lon=0.00000 sats=0 fix=0 utc=0 tx_fw=none rx_fw=unknown
PHASE_GUARD 500
LORA_CFG path=0 bw=0x05 sf=9
PHASE_START 34 LF-LoRa-SF9-128 pktSize=128
2026-07-26T13:19:06.130274+00:00 TIME_SYNCED utc=1785071945 offset=1785062473
2026-07-26T13:19:07.141854+00:00 PHASE_RESULT 34 LF-LoRa-SF9-128 pktSize=128 rx=0 unique=0 lost=1 per=100.0 rssi_avg=0 rssi_min=0 crc_err=0 garbage=0 tx_lat=0.00000 tx_lon=0.00000 sats=0 fix=0 utc=0 tx_fw=none rx_fw=unknown
PHASE_GUARD 500
LORA_CFG path=0 bw=0x05 sf=9
PHASE_START 35 LF-LoRa-SF9-255 pktSize=255
2026-07-26T13:19:11.311093+00:00 TIME_SYNCED utc=1785071950 offset=1785062474
PHASE_RESULT 35 LF-LoRa-SF9-255 pktSize=255 rx=0 unique=0 lost=1 per=100.0 rssi_avg=0 rssi_min=0 crc_err=0 garbage=0 tx_lat=0.00000 tx_lon=0.00000 sats=0 fix=0 utc=0 tx_fw=none rx_fw=unknown
PHASE_GUARD 500
LORA_CFG path=0 bw=0x05 sf=12
PHASE_START 36 LF-LoRa-SF12-32 pktSize=32
2026-07-26T13:19:16.527352+00:00 TIME_SYNCED utc=1785071955 offset=1785062473
2026-07-26T13:19:21.737895+00:00 TIME_SYNCED utc=1785071960 offset=1785062473
2026-07-26T13:19:25.909556+00:00 PHASE_RESULT 36 LF-LoRa-SF12-32 pktSize=32 rx=0 unique=0 lost=1 per=100.0 rssi_avg=0 rssi_min=0 crc_err=0 garbage=0 tx_lat=0.00000 tx_lon=0.00000 sats=0 fix=0 utc=0 tx_fw=none rx_fw=unknown
PHASE_GUARD 500
LORA_CFG path=0 bw=0x05 sf=12
PHASE_START 37 LF-LoRa-SF12-SKIP SKIP pktSize=64
2026-07-26T13:19:26.920358+00:00 TIME_SYNCED utc=1785071965 offset=1785062473
PHASE_RESULT 37 LF-LoRa-SF12-SKIP pktSize=64 rx=0 unique=0 lost=0 per=0.0 rssi_avg=0 rssi_min=0 crc_err=0 garbage=0 tx_lat=0.00000 tx_lon=0.00000 sats=0 fix=0 utc=0 tx_fw=none rx_fw=unknown
PHASE_GUARD 500
LORA_CFG path=0 bw=0x05 sf=12
PHASE_START 38 LF-LoRa-SF12-SKIP SKIP pktSize=128
2026-07-26T13:19:27.924979+00:00 PHASE_RESULT 38 LF-LoRa-SF12-SKIP pktSize=128 rx=0 unique=0 lost=0 per=0.0 rssi_avg=0 rssi_min=0 crc_err=0 garbage=0 tx_lat=0.00000 tx_lon=0.00000 sats=0 fix=0 utc=0 tx_fw=none rx_fw=unknown
PHASE_GUARD 500
LORA_CFG path=0 bw=0x05 sf=12
PHASE_START 39 LF-LoRa-SF12-SKIP SKIP pktSize=255
2026-07-26T13:19:28.929370+00:00 PHASE_RESULT 39 LF-LoRa-SF12-SKIP pktSize=255 rx=0 unique=0 lost=0 per=0.0 rssi_avg=0 rssi_min=0 crc_err=0 garbage=0 tx_lat=0.00000 tx_lon=0.00000 sats=0 fix=0 utc=0 tx_fw=none rx_fw=unknown
PHASE_GUARD 500
PHASE_START 40 LF-FLRC-2600-32 pktSize=32
SYNC_NOT_FOUND first4=4CFDF98B
2026-07-26T13:19:29.933298+00:00 SYNC_NOT_FOUND first4=4713F6B9
2026-07-26T13:19:30.944238+00:00 SYNC_NOT_FOUND first4=63FD7FB2
PHASE_RESULT 40 LF-FLRC-2600-32 pktSize=32 rx=0 unique=0 lost=100 per=100.0 rssi_avg=0 rssi_min=0 crc_err=0 garbage=3 tx_lat=0.00000 tx_lon=0.00000 sats=0 fix=0 utc=0 tx_fw=none rx_fw=unknown
PHASE_GUARD 500
PHASE_START 41 LF-FLRC-2600-64 pktSize=64
2026-07-26T13:19:31.959753+00:00 TIME_SYNCED utc=1785071970 offset=1785062473
SYNC_NOT_FOUND first4=01D4BB93
2026-07-26T13:19:32.963807+00:00 SYNC_NOT_FOUND first4=033DCA41
PHASE_RESULT 41 LF-FLRC-2600-64 pktSize=64 rx=0 unique=0 lost=100 per=100.0 rssi_avg=0 rssi_min=0 crc_err=0 garbage=2 tx_lat=0.00000 tx_lon=0.00000 sats=0 fix=0 utc=0 tx_fw=none rx_fw=unknown
PHASE_GUARD 500
PHASE_START 42 LF-FLRC-2600-128 pktSize=128
2026-07-26T13:19:35.027221+00:00 PHASE_RESULT 42 LF-FLRC-2600-128 pktSize=128 rx=0 unique=0 lost=100 per=100.0 rssi_avg=0 rssi_min=0 crc_err=0 garbage=0 tx_lat=0.00000 tx_lon=0.00000 sats=0 fix=0 utc=0 tx_fw=none rx_fw=unknown
PHASE_GUARD 500
PHASE_START 43 LF-FLRC-2600-255 pktSize=255
2026-07-26T13:19:36.038213+00:00 TIME_SYNCED utc=1785071976 offset=1785062474
PHASE_RESULT 43 LF-FLRC-2600-255 pktSize=255 rx=0 unique=0 lost=100 per=100.0 rssi_avg=0 rssi_min=0 crc_err=0 garbage=0 tx_lat=0.00000 tx_lon=0.00000 sats=0 fix=0 utc=0 tx_fw=none rx_fw=unknown
2026-07-26T13:19:37.053086+00:00 PHASE_GUARD 500
PHASE_START 44 LF-FLRC-1300-32 pktSize=32
2026-07-26T13:19:38.065347+00:00 PHASE_RESULT 44 LF-FLRC-1300-32 pktSize=32 rx=0 unique=0 lost=100 per=100.0 rssi_avg=0 rssi_min=0 crc_err=0 garbage=0 tx_lat=0.00000 tx_lon=0.00000 sats=0 fix=0 utc=0 tx_fw=none rx_fw=unknown
PHASE_GUARD 500
PHASE_START 45 LF-FLRC-1300-64 pktSize=64
2026-07-26T13:19:40.120925+00:00 PHASE_RESULT 45 LF-FLRC-1300-64 pktSize=64 rx=0 unique=0 lost=100 per=100.0 rssi_avg=0 rssi_min=0 crc_err=0 garbage=0 tx_lat=0.00000 tx_lon=0.00000 sats=0 fix=0 utc=0 tx_fw=none rx_fw=unknown
PHASE_GUARD 500
PHASE_START 46 LF-FLRC-1300-128 pktSize=128
2026-07-26T13:19:41.132730+00:00 SYNC_NOT_FOUND first4=8CE6B07F
SYNC_NOT_FOUND first4=C2F02F69
2026-07-26T13:19:42.144644+00:00 TIME_SYNCED utc=1785071981 offset=1785062474
PHASE_RESULT 46 LF-FLRC-1300-128 pktSize=128 rx=0 unique=0 lost=100 per=100.0 rssi_avg=0 rssi_min=0 crc_err=0 garbage=2 tx_lat=0.00000 tx_lon=0.00000 sats=0 fix=0 utc=0 tx_fw=none rx_fw=unknown
PHASE_GUARD 500
PHASE_START 47 LF-FLRC-1300-255 pktSize=255
2026-07-26T13:19:43.156358+00:00 SYNC_NOT_FOUND first4=F6834750
SYNC_NOT_FOUND first4=54D977FA
2026-07-26T13:19:44.168352+00:00 PHASE_RESULT 47 LF-FLRC-1300-255 pktSize=255 rx=0 unique=0 lost=100 per=100.0 rssi_avg=0 rssi_min=0 crc_err=0 garbage=2 tx_lat=0.00000 tx_lon=0.00000 sats=0 fix=0 utc=0 tx_fw=none rx_fw=unknown
PHASE_GUARD 500
PHASE_START 48 LF-FLRC-650-32 pktSize=32
2026-07-26T13:19:45.180096+00:00 SYNC_NOT_FOUND first4=8B7A5A9E
2026-07-26T13:19:46.191464+00:00 SYNC_NOT_FOUND first4=2115991A
PHASE_RESULT 48 LF-FLRC-650-32 pktSize=32 rx=0 unique=0 lost=100 per=100.0 rssi_avg=0 rssi_min=0 crc_err=0 garbage=2 tx_lat=0.00000 tx_lon=0.00000 sats=0 fix=0 utc=0 tx_fw=none rx_fw=unknown
PHASE_GUARD 500
PHASE_START 49 LF-FLRC-650-64 pktSize=64
SYNC_NOT_FOUND first4=FBE3352F
SYNC_NOT_FOUND first4=A8EDCF69
TIME_SYNCED utc=1785071986 offset=1785062474
2026-07-26T13:19:47.203202+00:00 SYNC_NOT_FOUND first4=50C28F61
2026-07-26T13:19:48.214361+00:00 PHASE_RESULT 49 LF-FLRC-650-64 pktSize=64 rx=0 unique=0 lost=100 per=100.0 rssi_avg=0 rssi_min=0 crc_err=0 garbage=3 tx_lat=0.00000 tx_lon=0.00000 sats=0 fix=0 utc=0 tx_fw=none rx_fw=unknown
PHASE_GUARD 500
PHASE_START 50 LF-FLRC-650-128 pktSize=128
2026-07-26T13:19:49.226293+00:00 SYNC_NOT_FOUND first4=52B7099A
2026-07-26T13:19:50.237611+00:00 SYNC_NOT_FOUND first4=E3CAC890
PHASE_RESULT 50 LF-FLRC-650-128 pktSize=128 rx=0 unique=0 lost=100 per=100.0 rssi_avg=0 rssi_min=0 crc_err=0 garbage=2 tx_lat=0.00000 tx_lon=0.00000 sats=0 fix=0 utc=0 tx_fw=none rx_fw=unknown
PHASE_GUARD 500
PHASE_START 51 LF-FLRC-650-255 pktSize=255
SYNC_NOT_FOUND first4=7E03FF41
2026-07-26T13:19:51.249062+00:00 SYNC_NOT_FOUND first4=81F0B5BF
2026-07-26T13:19:52.261027+00:00 TIME_SYNCED utc=1785071991 offset=1785062474
PHASE_RESULT 51 LF-FLRC-650-255 pktSize=255 rx=0 unique=0 lost=100 per=100.0 rssi_avg=0 rssi_min=0 crc_err=0 garbage=2 tx_lat=0.00000 tx_lon=0.00000 sats=0 fix=0 utc=0 tx_fw=none rx_fw=unknown
PHASE_GUARD 500
PHASE_START 52 LF-FLRC-325-32 pktSize=32
2026-07-26T13:19:54.324239+00:00 PHASE_RESULT 52 LF-FLRC-325-32 pktSize=32 rx=0 unique=0 lost=100 per=100.0 rssi_avg=0 rssi_min=0 crc_err=0 garbage=0 tx_lat=0.00000 tx_lon=0.00000 sats=0 fix=0 utc=0 tx_fw=none rx_fw=unknown
PHASE_GUARD 500
PHASE_START 53 LF-FLRC-325-64 pktSize=64
2026-07-26T13:19:56.387337+00:00 PHASE_RESULT 53 LF-FLRC-325-64 pktSize=64 rx=0 unique=0 lost=100 per=100.0 rssi_avg=0 rssi_min=0 crc_err=0 garbage=0 tx_lat=0.00000 tx_lon=0.00000 sats=0 fix=0 utc=0 tx_fw=none rx_fw=unknown
PHASE_GUARD 500
PHASE_START 54 LF-FLRC-325-128 pktSize=128
TIME_SYNCED utc=1785071996 offset=1785062474
2026-07-26T13:19:57.398573+00:00 SYNC_NOT_FOUND first4=8655C35D
2026-07-26T13:19:58.410987+00:00 PHASE_RESULT 54 LF-FLRC-325-128 pktSize=128 rx=0 unique=0 lost=100 per=100.0 rssi_avg=0 rssi_min=0 crc_err=0 garbage=1 tx_lat=0.00000 tx_lon=0.00000 sats=0 fix=0 utc=0 tx_fw=none rx_fw=unknown
PHASE_GUARD 500
PHASE_START 55 LF-FLRC-325-255 pktSize=255
2026-07-26T13:20:00.474485+00:00 PHASE_RESULT 55 LF-FLRC-325-255 pktSize=255 rx=0 unique=0 lost=100 per=100.0 rssi_avg=0 rssi_min=0 crc_err=0 garbage=0 tx_lat=0.00000 tx_lon=0.00000 sats=0 fix=0 utc=0 tx_fw=none rx_fw=unknown
PHASE_GUARD 500
LORA_CFG path=1 bw=0x0F sf=7
PHASE_START 0 HF-LoRa-SF7-32 pktSize=32
2026-07-26T13:20:02.546215+00:00 TIME_SYNCED utc=1785072001 offset=1785062474
PHASE_RESULT 0 HF-LoRa-SF7-32 pktSize=32 rx=0 unique=0 lost=20 per=100.0 rssi_avg=0 rssi_min=0 crc_err=0 garbage=0 tx_lat=0.00000 tx_lon=0.00000 sats=0 fix=0 utc=0 tx_fw=none rx_fw=unknown
PHASE_GUARD 500
LORA_CFG path=1 bw=0x0F sf=7
PHASE_START 1 HF-LoRa-SF7-64 pktSize=64
2026-07-26T13:20:04.603139+00:00 PHASE_RESULT 1 HF-LoRa-SF7-64 pktSize=64 rx=0 unique=0 lost=20 per=100.0 rssi_avg=0 rssi_min=0 crc_err=0 garbage=0 tx_lat=0.00000 tx_lon=0.00000 sats=0 fix=0 utc=0 tx_fw=none rx_fw=unknown
PHASE_GUARD 500
LORA_CFG path=1 bw=0x0F sf=7
PHASE_START 2 HF-LoRa-SF7-128 pktSize=128
2026-07-26T13:20:05.614000+00:00 PHASE_RESULT 2 HF-LoRa-SF7-128 pktSize=128 rx=0 unique=0 lost=20 per=100.0 rssi_avg=0 rssi_min=0 crc_err=0 garbage=0 tx_lat=0.00000 tx_lon=0.00000 sats=0 fix=0 utc=0 tx_fw=none rx_fw=unknown
PHASE_GUARD 500
2026-07-26T13:20:06.625378+00:00 LORA_CFG path=1 bw=0x0F sf=7
PHASE_START 3 HF-LoRa-SF7-255 pktSize=255
TIME_SYNCED utc=1785072006 offset=1785062474
2026-07-26T13:20:08.687535+00:00 PHASE_RESULT 3 HF-LoRa-SF7-255 pktSize=255 rx=0 unique=0 lost=20 per=100.0 rssi_avg=0 rssi_min=0 crc_err=0 garbage=0 tx_lat=0.00000 tx_lon=0.00000 sats=0 fix=0 utc=0 tx_fw=none rx_fw=unknown
PHASE_GUARD 500
LORA_CFG path=1 bw=0x0F sf=9
2026-07-26T13:20:09.699351+00:00 PHASE_START 4 HF-LoRa-SF9-32 pktSize=32
2026-07-26T13:20:10.710295+00:00 PHASE_RESULT 4 HF-LoRa-SF9-32 pktSize=32 rx=0 unique=0 lost=20 per=100.0 rssi_avg=0 rssi_min=0 crc_err=0 garbage=0 tx_lat=0.00000 tx_lon=0.00000 sats=0 fix=0 utc=0 tx_fw=none rx_fw=unknown
PHASE_GUARD 500
LORA_CFG path=1 bw=0x0F sf=9
2026-07-26T13:20:11.722370+00:00 PHASE_START 5 HF-LoRa-SF9-64 pktSize=64
2026-07-26T13:20:12.734525+00:00 TIME_SYNCED utc=1785072011 offset=1785062473
2026-07-26T13:20:14.789634+00:00 PHASE_RESULT 5 HF-LoRa-SF9-64 pktSize=64 rx=0 unique=0 lost=20 per=100.0 rssi_avg=0 rssi_min=0 crc_err=0 garbage=0 tx_lat=0.00000 tx_lon=0.00000 sats=0 fix=0 utc=0 tx_fw=none rx_fw=unknown
PHASE_GUARD 500
LORA_CFG path=1 bw=0x0F sf=9
PHASE_START 6 HF-LoRa-SF9-128 pktSize=128
2026-07-26T13:20:16.853289+00:00 TIME_SYNCED utc=1785072016 offset=1785062474
2026-07-26T13:20:17.864235+00:00 PHASE_RESULT 6 HF-LoRa-SF9-128 pktSize=128 rx=0 unique=0 lost=13 per=100.0 rssi_avg=0 rssi_min=0 crc_err=0 garbage=0 tx_lat=0.00000 tx_lon=0.00000 sats=0 fix=0 utc=0 tx_fw=none rx_fw=unknown
PHASE_GUARD 500
LORA_CFG path=1 bw=0x0F sf=9
PHASE_START 7 HF-LoRa-SF9-255 pktSize=255
2026-07-26T13:20:20.977719+00:00 PHASE_RESULT 7 HF-LoRa-SF9-255 pktSize=255 rx=0 unique=0 lost=6 per=100.0 rssi_avg=0 rssi_min=0 crc_err=0 garbage=0 tx_lat=0.00000 tx_lon=0.00000 sats=0 fix=0 utc=0 tx_fw=none rx_fw=unknown
PHASE_GUARD 500
LORA_CFG path=1 bw=0x0F sf=12
PHASE_START 8 HF-LoRa-SF12-32 pktSize=32
2026-07-26T13:20:23.042269+00:00 TIME_SYNCED utc=1785072022 offset=1785062474
2026-07-26T13:20:24.056833+00:00 PHASE_RESULT 8 HF-LoRa-SF12-32 pktSize=32 rx=0 unique=0 lost=2 per=100.0 rssi_avg=0 rssi_min=0 crc_err=0 garbage=0 tx_lat=0.00000 tx_lon=0.00000 sats=0 fix=0 utc=0 tx_fw=none rx_fw=unknown
PHASE_GUARD 500
LORA_CFG path=1 bw=0x0F sf=12
PHASE_START 9 HF-LoRa-SF12-64 pktSize=64
2026-07-26T13:20:26.120004+00:00 TIME_SYNCED utc=1785072026 offset=1785062474
2026-07-26T13:20:27.131076+00:00 PHASE_RESULT 9 HF-LoRa-SF12-64 pktSize=64 rx=0 unique=0 lost=1 per=100.0 rssi_avg=0 rssi_min=0 crc_err=0 garbage=0 tx_lat=0.00000 tx_lon=0.00000 sats=0 fix=0 utc=0 tx_fw=none rx_fw=unknown
PHASE_GUARD 500
LORA_CFG path=1 bw=0x0F sf=12
PHASE_START 10 HF-LoRa-SF12-128 pktSize=128
2026-07-26T13:20:32.346988+00:00 PHASE_RESULT 10 HF-LoRa-SF12-128 pktSize=128 rx=0 unique=0 lost=1 per=100.0 rssi_avg=0 rssi_min=0 crc_err=0 garbage=0 tx_lat=0.00000 tx_lon=0.00000 sats=0 fix=0 utc=0 tx_fw=none rx_fw=unknown
PHASE_GUARD 500
LORA_CFG path=1 bw=0x0F sf=12
PHASE_START 11 HF-LoRa-SF12-255 pktSize=255
2026-07-26T13:20:33.351752+00:00 TIME_SYNCED utc=1785072032 offset=1785062474
2026-07-26T13:20:36.477798+00:00 TIME_SYNCED utc=1785072036 offset=1785062474
2026-07-26T13:20:41.693524+00:00 PHASE_RESULT 11 HF-LoRa-SF12-255 pktSize=255 rx=0 unique=0 lost=1 per=100.0 rssi_avg=0 rssi_min=0 crc_err=0 garbage=0 tx_lat=0.00000 tx_lon=0.00000 sats=0 fix=0 utc=0 tx_fw=none rx_fw=unknown
PHASE_GUARD 500
2026-07-26T13:20:42.704014+00:00 PHASE_START 12 HF-FLRC-2600-32 pktSize=32
SYNC_NOT_FOUND first4=58B44E30
SYNC_NOT_FOUND first4=49509D31
SYNC_NOT_FOUND first4=2DAE4E7B
SYNC_NOT_FOUND first4=B4CB5A88
SYNC_NOT_FOUND first4=6C49AF87
SYNC_NOT_FOUND first4=F21C5249
2026-07-26T13:20:43.712424+00:00 TIME_SYNCED utc=1785072042 offset=1785062473
SYNC_NOT_FOUND first4=404989F1
SYNC_NOT_FOUND first4=1BAAB924
SYNC_NOT_FOUND first4=01C15FAE
SYNC_NOT_FOUND first4=A69C9585
SYNC_NOT_FOUND first4=6B2FB9B5
SYNC_NOT_FOUND first4=A4128F18
SYNC_NOT_FOUND first4=6BDBF6A2
SYNC_NOT_FOUND first4=D759A798
SYNC_NOT_FOUND first4=4186587B
SYNC_NOT_FOUND first4=262AE0B9
SYNC_NOT_FOUND first4=5EBEDCDF
2026-07-26T13:20:44.735301+00:00 SYNC_NOT_FOUND first4=5AAD9254
SYNC_NOT_FOUND first4=6FA73789
SYNC_NOT_FOUND first4=37F323F0
SYNC_NOT_FOUND first4=725A8912
SYNC_NOT_FOUND first4=EFE5E1D8
SYNC_NOT_FOUND first4=0A875940
SYNC_NOT_FOUND first4=8BB9A39F
PHASE_RESULT 12 HF-FLRC-2600-32 pktSize=32 rx=0 unique=0 lost=100 per=100.0 rssi_avg=0 rssi_min=0 crc_err=0 garbage=24 tx_lat=0.00000 tx_lon=0.00000 sats=0 fix=0 utc=0 tx_fw=none rx_fw=unknown
PHASE_GUARD 500
PHASE_START 13 HF-FLRC-2600-64 pktSize=64
SYNC_NOT_FOUND first4=A6F68A49
2026-07-26T13:20:45.755531+00:00 SYNC_NOT_FOUND first4=8F550E69
SYNC_NOT_FOUND first4=D6009ECC
SYNC_NOT_FOUND first4=E94D3F13
SYNC_NOT_FOUND first4=427C24F3
SYNC_NOT_FOUND first4=24695404
SYNC_NOT_FOUND first4=02D5CB81
SYNC_NOT_FOUND first4=8612BAEC
2026-07-26T13:20:46.766195+00:00 SYNC_NOT_FOUND first4=0C3134E9
SYNC_NOT_FOUND first4=F376B8EF
TIME_SYNCED utc=1785072046 offset=1785062474
PHASE_RESULT 13 HF-FLRC-2600-64 pktSize=64 rx=0 unique=0 lost=100 per=100.0 rssi_avg=0 rssi_min=0 crc_err=0 garbage=10 tx_lat=0.00000 tx_lon=0.00000 sats=0 fix=0 utc=0 tx_fw=none rx_fw=unknown
PHASE_GUARD 500
PHASE_START 14 HF-FLRC-2600-128 pktSize=128
SYNC_NOT_FOUND first4=6B662456
SYNC_NOT_FOUND first4=DB0E18CA
SYNC_NOT_FOUND first4=6BA90D98
SYNC_NOT_FOUND first4=6A90907C
2026-07-26T13:20:47.778802+00:00 SYNC_NOT_FOUND first4=82F3A1D2
SYNC_NOT_FOUND first4=C51F816C
SYNC_NOT_FOUND first4=5FA9C3D0
SYNC_NOT_FOUND first4=D2A45D81
SYNC_NOT_FOUND first4=8C7C2FC0
SYNC_NOT_FOUND first4=C6BFFEA3
SYNC_NOT_FOUND first4=3483312E
SYNC_NOT_FOUND first4=D2E9BAFE
PHASE_RESULT 14 HF-FLRC-2600-128 pktSize=128 rx=0 unique=0 lost=100 per=100.0 rssi_avg=0 rssi_min=0 crc_err=0 garbage=12 tx_lat=0.00000 tx_lon=0.00000 sats=0 fix=0 utc=0 tx_fw=none rx_fw=unknown
PHASE_GUARD 500
PHASE_START 15 HF-FLRC-2600-255 pktSize=255
2026-07-26T13:20:48.789529+00:00 SYNC_NOT_FOUND first4=C1852C41
SYNC_NOT_FOUND first4=C043BB6A
SYNC_NOT_FOUND first4=1A0F8322
SYNC_NOT_FOUND first4=4914D2CB
SYNC_NOT_FOUND first4=CE402318
SYNC_NOT_FOUND first4=6C851917
2026-07-26T13:20:49.810396+00:00 SYNC_NOT_FOUND first4=525330F9
SYNC_NOT_FOUND first4=16D3816C
SYNC_NOT_FOUND first4=DF68E906
SYNC_NOT_FOUND first4=89770D0B
PHASE_RESULT 15 HF-FLRC-2600-255 pktSize=255 rx=0 unique=0 lost=100 per=100.0 rssi_avg=0 rssi_min=0 crc_err=0 garbage=10 tx_lat=0.00000 tx_lon=0.00000 sats=0 fix=0 utc=0 tx_fw=none rx_fw=unknown
PHASE_GUARD 500
PHASE_START 16 HF-FLRC-1300-32 pktSize=32
2026-07-26T13:20:50.826950+00:00 SYNC_NOT_FOUND first4=81971E66
SYNC_NOT_FOUND first4=6A525E07
SYNC_NOT_FOUND first4=7EA05E67
SYNC_NOT_FOUND first4=E181DE7B
SYNC_NOT_FOUND first4=A70799DC
2026-07-26T13:20:51.842356+00:00 PHASE_RESULT 16 HF-FLRC-1300-32 pktSize=32 rx=0 unique=0 lost=100 per=100.0 rssi_avg=0 rssi_min=0 crc_err=0 garbage=5 tx_lat=0.00000 tx_lon=0.00000 sats=0 fix=0 utc=0 tx_fw=none rx_fw=unknown
PHASE_GUARD 500
PHASE_START 17 HF-FLRC-1300-64 pktSize=64
2026-07-26T13:20:52.846090+00:00 SYNC_NOT_FOUND first4=04CB9381
SYNC_NOT_FOUND first4=71EC4DEF
SYNC_NOT_FOUND first4=3B25D3A3
2026-07-26T13:20:53.857356+00:00 TIME_SYNCED utc=1785072052 offset=1785062473
SYNC_NOT_FOUND first4=9EC17C88
SYNC_NOT_FOUND first4=86C57283
2026-07-26T13:20:54.876217+00:00 SYNC_NOT_FOUND first4=5460999C
SYNC_NOT_FOUND first4=E9E8082B
SYNC_NOT_FOUND first4=6B3E6926
SYNC_NOT_FOUND first4=9879D95A
PHASE_RESULT 17 HF-FLRC-1300-64 pktSize=64 rx=0 unique=0 lost=100 per=100.0 rssi_avg=0 rssi_min=0 crc_err=0 garbage=9 tx_lat=0.00000 tx_lon=0.00000 sats=0 fix=0 utc=0 tx_fw=none rx_fw=unknown
PHASE_GUARD 500
PHASE_START 18 HF-FLRC-1300-128 pktSize=128
SYNC_NOT_FOUND first4=49D17C4C
2026-07-26T13:20:55.895298+00:00 SYNC_NOT_FOUND first4=C0EDE370
SYNC_NOT_FOUND first4=A8F81E25
SYNC_NOT_FOUND first4=90ADE427
SYNC_NOT_FOUND first4=30084749
SYNC_NOT_FOUND first4=FB006233
SYNC_NOT_FOUND first4=FE9F6BE0
SYNC_NOT_FOUND first4=A296994F
SYNC_NOT_FOUND first4=6C069066
SYNC_NOT_FOUND first4=6969AF90
SYNC_NOT_FOUND first4=06201574
2026-07-26T13:20:56.904382+00:00 TIME_SYNCED utc=1785072056 offset=1785062474
PHASE_RESULT 18 HF-FLRC-1300-128 pktSize=128 rx=0 unique=0 lost=100 per=100.0 rssi_avg=0 rssi_min=0 crc_err=0 garbage=11 tx_lat=0.00000 tx_lon=0.00000 sats=0 fix=0 utc=0 tx_fw=none rx_fw=unknown
PHASE_GUARD 500
PHASE_START 19 HF-FLRC-1300-255 pktSize=255
SYNC_NOT_FOUND first4=A2461DE7
2026-07-26T13:20:57.917650+00:00 SYNC_NOT_FOUND first4=697F2F82
SYNC_NOT_FOUND first4=95005BE5
PHASE_RESULT 19 HF-FLRC-1300-255 pktSize=255 rx=0 unique=0 lost=100 per=100.0 rssi_avg=0 rssi_min=0 crc_err=0 garbage=3 tx_lat=0.00000 tx_lon=0.00000 sats=0 fix=0 utc=0 tx_fw=none rx_fw=unknown
PHASE_GUARD 500
PHASE_START 20 HF-FLRC-650-32 pktSize=32
SYNC_NOT_FOUND first4=B0413DE4
SYNC_NOT_FOUND first4=74EBE920
SYNC_NOT_FOUND first4=CFBD2FFE
2026-07-26T13:20:58.928904+00:00 SYNC_NOT_FOUND first4=9633AC77
SYNC_NOT_FOUND first4=D1347A9E
SYNC_NOT_FOUND first4=E3865BB3
SYNC_NOT_FOUND first4=1C472BB7
SYNC_NOT_FOUND first4=A01B5711
SYNC_NOT_FOUND first4=0A2D9B04
SYNC_NOT_FOUND first4=7CC54509
SYNC_NOT_FOUND first4=F0A0AE25
SYNC_NOT_FOUND first4=70DFB303
SYNC_NOT_FOUND first4=B96D1E70
SYNC_NOT_FOUND first4=D7039F91
SYNC_NOT_FOUND first4=D958357D
SYNC_NOT_FOUND first4=383C7000
SYNC_NOT_FOUND first4=DADC0803
SYNC_NOT_FOUND first4=6C66485D
SYNC_NOT_FOUND first4=DA10504B
SYNC_NOT_FOUND first4=22B8B65A
SYNC_NOT_FOUND first4=91463868
SYNC_NOT_FOUND first4=77F5A051
SYNC_NOT_FOUND first4=92B32A73
SYNC_NOT_FOUND first4=EC5278E8
SYNC_NOT_FOUND first4=F951E07A
2026-07-26T13:20:59.946938+00:00 SYNC_NOT_FOUND first4=2D45395A
SYNC_NOT_FOUND first4=6213995E
SYNC_NOT_FOUND first4=97BF48D9
SYNC_NOT_FOUND first4=B5450E7B
SYNC_NOT_FOUND first4=288D6987
SYNC_NOT_FOUND first4=A2E0C6FD
SYNC_NOT_FOUND first4=F01A278F
SYNC_NOT_FOUND first4=7509C216
SYNC_NOT_FOUND first4=1366045E
SYNC_NOT_FOUND first4=D9EA12BB
SYNC_NOT_FOUND first4=1CCA1E6F
SYNC_NOT_FOUND first4=48B3FC34
SYNC_NOT_FOUND first4=BCBB4AFB
SYNC_NOT_FOUND first4=6F54D89A
PHASE_RESULT 20 HF-FLRC-650-32 pktSize=32 rx=0 unique=0 lost=100 per=100.0 rssi_avg=0 rssi_min=0 crc_err=0 garbage=39 tx_lat=0.00000 tx_lon=0.00000 sats=0 fix=0 utc=0 tx_fw=none rx_fw=unknown
PHASE_GUARD 500
PHASE_START 21 HF-FLRC-650-64 pktSize=64
SYNC_NOT_FOUND first4=87364F2C
SYNC_NOT_FOUND first4=B8585996
SYNC_NOT_FOUND first4=8105554A
2026-07-26T13:21:00.970464+00:00 SYNC_NOT_FOUND first4=CF85A65E
SYNC_NOT_FOUND first4=1692BFFE
SYNC_NOT_FOUND first4=DA9E940F
SYNC_NOT_FOUND first4=24482945
SYNC_NOT_FOUND first4=B05435A5
SYNC_NOT_FOUND first4=EE682360
SYNC_NOT_FOUND first4=DA6A2DC6
SYNC_NOT_FOUND first4=51DA5335
SYNC_NOT_FOUND first4=1A9D638A
SYNC_NOT_FOUND first4=DB034906
SYNC_NOT_FOUND first4=62019C02
SYNC_NOT_FOUND first4=68D05D78
SYNC_NOT_FOUND first4=46434DB4
SYNC_NOT_FOUND first4=AD87396E
SYNC_NOT_FOUND first4=9B4EE424
SYNC_NOT_FOUND first4=55628DC6
SYNC_NOT_FOUND first4=3C8A0CC4
SYNC_NOT_FOUND first4=F807455F
SYNC_NOT_FOUND first4=DA1E0E67
SYNC_NOT_FOUND first4=3CFFA2FF
2026-07-26T13:21:01.981334+00:00 SYNC_NOT_FOUND first4=88E1BCE9
SYNC_NOT_FOUND first4=3A012BD4
SYNC_NOT_FOUND first4=DC00585A
SYNC_NOT_FOUND first4=38F7B49C
SYNC_NOT_FOUND first4=304DC741
SYNC_NOT_FOUND first4=D8B08FFC
SYNC_NOT_FOUND first4=97FA0ADB
SYNC_NOT_FOUND first4=C3B8A74D
SYNC_NOT_FOUND first4=7CD34832
SYNC_NOT_FOUND first4=CB5F18C7
SYNC_NOT_FOUND first4=CF5C4688
SYNC_NOT_FOUND first4=7F052F3E
PHASE_RESULT 21 HF-FLRC-650-64 pktSize=64 rx=0 unique=0 lost=100 per=100.0 rssi_avg=0 rssi_min=0 crc_err=0 garbage=35 tx_lat=0.00000 tx_lon=0.00000 sats=0 fix=0 utc=0 tx_fw=none rx_fw=unknown
PHASE_GUARD 500
PHASE_START 22 HF-FLRC-650-128 pktSize=128
SYNC_NOT_FOUND first4=717C7B85
SYNC_NOT_FOUND first4=1166DAE1
SYNC_NOT_FOUND first4=AADB53E7
SYNC_NOT_FOUND first4=7DBA5BDE
SYNC_NOT_FOUND first4=27F0609E
SYNC_NOT_FOUND first4=B2094E78
2026-07-26T13:21:02.984912+00:00 SYNC_NOT_FOUND first4=9620F6A2
SYNC_NOT_FOUND first4=BD4A099E
SYNC_NOT_FOUND first4=9C3E9A69
SYNC_NOT_FOUND first4=5F7C712D
SYNC_NOT_FOUND first4=0F2E278C
SYNC_NOT_FOUND first4=F3DBC967
SYNC_NOT_FOUND first4=EB6593D2
SYNC_NOT_FOUND first4=20B61479
SYNC_NOT_FOUND first4=80718B77
SYNC_NOT_FOUND first4=6F8E8575
SYNC_NOT_FOUND first4=37EF6EAD
SYNC_NOT_FOUND first4=86213661
SYNC_NOT_FOUND first4=FB2E145D
2026-07-26T13:21:03.998227+00:00 SYNC_NOT_FOUND first4=4C677CD5
TIME_SYNCED utc=1785072062 offset=1785062473
SYNC_NOT_FOUND first4=B957E1A7
SYNC_NOT_FOUND first4=029C1D08
SYNC_NOT_FOUND first4=135906C4
SYNC_NOT_FOUND first4=629D5B74
SYNC_NOT_FOUND first4=4E6C40F8
SYNC_NOT_FOUND first4=FFC9C893
SYNC_NOT_FOUND first4=F0210EF1
SYNC_NOT_FOUND first4=AC43BC20
SYNC_NOT_FOUND first4=BCDAD57A
SYNC_NOT_FOUND first4=33728840
SYNC_NOT_FOUND first4=3CF782CC
SYNC_NOT_FOUND first4=A87C99E5
SYNC_NOT_FOUND first4=E40C4AEE
SYNC_NOT_FOUND first4=F452697C
SYNC_NOT_FOUND first4=C62C8195
SYNC_NOT_FOUND first4=10AE465D
2026-07-26T13:21:05.016102+00:00 SYNC_NOT_FOUND first4=95328D6A
SYNC_NOT_FOUND first4=2DEFCE68
SYNC_NOT_FOUND first4=E31C0C9C
SYNC_NOT_FOUND first4=69C913DA
SYNC_NOT_FOUND first4=042777E7
SYNC_NOT_FOUND first4=9F2A3A0A
SYNC_NOT_FOUND first4=529D850F
SYNC_NOT_FOUND first4=1902AAE1
SYNC_NOT_FOUND first4=3F6166C9
SYNC_NOT_FOUND first4=E8459ABC
SYNC_NOT_FOUND first4=3AFD9914
SYNC_NOT_FOUND first4=875A6117
PHASE_RESULT 22 HF-FLRC-650-128 pktSize=128 rx=0 unique=0 lost=100 per=100.0 rssi_avg=0 rssi_min=0 crc_err=0 garbage=48 tx_lat=0.00000 tx_lon=0.00000 sats=0 fix=0 utc=0 tx_fw=none rx_fw=unknown
PHASE_GUARD 500
PHASE_START 23 HF-FLRC-650-255 pktSize=255
SYNC_NOT_FOUND first4=C2860C6A
SYNC_NOT_FOUND first4=D48A7EBA
SYNC_NOT_FOUND first4=223677BC
SYNC_NOT_FOUND first4=DBB188EB
SYNC_NOT_FOUND first4=41291106
SYNC_NOT_FOUND first4=71031B90
SYNC_NOT_FOUND first4=6F4D5905
SYNC_NOT_FOUND first4=260CBE24
2026-07-26T13:21:06.034304+00:00 SYNC_NOT_FOUND first4=9C296C5D
SYNC_NOT_FOUND first4=D21BDD91
SYNC_NOT_FOUND first4=58B3DE2A
SYNC_NOT_FOUND first4=71E9E18E
SYNC_NOT_FOUND first4=EADE83C9
SYNC_NOT_FOUND first4=E8787884
SYNC_NOT_FOUND first4=F60C4EA3
SYNC_NOT_FOUND first4=FA0415BF
SYNC_NOT_FOUND first4=17CBFA24
SYNC_NOT_FOUND first4=45A2CDFD
SYNC_NOT_FOUND first4=C4C89E13
SYNC_NOT_FOUND first4=AD3A08E4
SYNC_NOT_FOUND first4=2595FC15
SYNC_NOT_FOUND first4=64B76DDD
SYNC_NOT_FOUND first4=0C3219A2
SYNC_NOT_FOUND first4=35C24453
SYNC_NOT_FOUND first4=2248E445
SYNC_NOT_FOUND first4=7F116984
SYNC_NOT_FOUND first4=8AC0A5DD
SYNC_NOT_FOUND first4=8842FA83
SYNC_NOT_FOUND first4=E8B1F447
SYNC_NOT_FOUND first4=76289E4A
SYNC_NOT_FOUND first4=35519A4E
SYNC_NOT_FOUND first4=A25FD9F7
2026-07-26T13:21:07.047772+00:00 SYNC_NOT_FOUND first4=19999D40
SYNC_NOT_FOUND first4=81430BDF
SYNC_NOT_FOUND first4=D869C1B3
TIME_SYNCED utc=1785072066 offset=1785062474
PHASE_RESULT 23 HF-FLRC-650-255 pktSize=255 rx=0 unique=0 lost=100 per=100.0 rssi_avg=0 rssi_min=0 crc_err=0 garbage=35 tx_lat=0.00000 tx_lon=0.00000 sats=0 fix=0 utc=0 tx_fw=none rx_fw=unknown
PHASE_GUARD 500
PHASE_START 24 HF-FLRC-325-32 pktSize=32
SYNC_NOT_FOUND first4=17E70633
SYNC_NOT_FOUND first4=00A3C030
SYNC_NOT_FOUND first4=97D4EC86
2026-07-26T13:21:08.051239+00:00 PHASE_RESULT 24 HF-FLRC-325-32 pktSize=32 rx=0 unique=0 lost=100 per=100.0 rssi_avg=0 rssi_min=0 crc_err=0 garbage=3 tx_lat=0.00000 tx_lon=0.00000 sats=0 fix=0 utc=0 tx_fw=none rx_fw=unknown
PHASE_GUARD 500
PHASE_START 25 HF-FLRC-325-64 pktSize=64
2026-07-26T13:21:09.070742+00:00 SYNC_NOT_FOUND first4=813AA172
SYNC_NOT_FOUND first4=CC95019E
SYNC_NOT_FOUND first4=76C1A67C
SYNC_NOT_FOUND first4=8909166A
SYNC_NOT_FOUND first4=93BF48FE
2026-07-26T13:21:10.093092+00:00 SYNC_NOT_FOUND first4=5898EE72
SYNC_NOT_FOUND first4=BB8AB6B0
PHASE_RESULT 25 HF-FLRC-325-64 pktSize=64 rx=0 unique=0 lost=100 per=100.0 rssi_avg=0 rssi_min=0 crc_err=0 garbage=7 tx_lat=0.00000 tx_lon=0.00000 sats=0 fix=0 utc=0 tx_fw=none rx_fw=unknown
PHASE_GUARD 500
PHASE_START 26 HF-FLRC-325-128 pktSize=128
2026-07-26T13:21:11.102123+00:00 SYNC_NOT_FOUND first4=6464206E
SYNC_NOT_FOUND first4=D4C05E7A
SYNC_NOT_FOUND first4=DF6A3BA7
2026-07-26T13:21:12.112854+00:00 SYNC_NOT_FOUND first4=167A2473
PHASE_RESULT 26 HF-FLRC-325-128 pktSize=128 rx=0 unique=0 lost=100 per=100.0 rssi_avg=0 rssi_min=0 crc_err=0 garbage=4 tx_lat=0.00000 tx_lon=0.00000 sats=0 fix=0 utc=0 tx_fw=none rx_fw=unknown
PHASE_GUARD 500
PHASE_START 27 HF-FLRC-325-255 pktSize=255
SYNC_NOT_FOUND first4=EF5584EC
2026-07-26T13:21:13.129984+00:00 SYNC_NOT_FOUND first4=B177D062
2026-07-26T13:21:14.141359+00:00 TIME_SYNCED utc=1785072073 offset=1785062474
SYNC_NOT_FOUND first4=68D10DED
PHASE_RESULT 27 HF-FLRC-325-255 pktSize=255 rx=0 unique=0 lost=100 per=100.0 rssi_avg=0 rssi_min=0 crc_err=0 garbage=3 tx_lat=0.00000 tx_lon=0.00000 sats=0 fix=0 utc=0 tx_fw=none rx_fw=unknown
PHASE_GUARD 500
LORA_CFG path=0 bw=0x05 sf=7
PHASE_START 28 LF-LoRa-SF7-32 pktSize=32
2026-07-26T13:21:16.208696+00:00 PHASE_RESULT 28 LF-LoRa-SF7-32 pktSize=32 rx=0 unique=0 lost=20 per=100.0 rssi_avg=0 rssi_min=0 crc_err=0 garbage=0 tx_lat=0.00000 tx_lon=0.00000 sats=0 fix=0 utc=0 tx_fw=none rx_fw=unknown
PHASE_GUARD 500
LORA_CFG path=0 bw=0x05 sf=7
PHASE_START 29 LF-LoRa-SF7-64 pktSize=64
TIME_SYNCED utc=1785072076 offset=1785062474
2026-07-26T13:21:19.322300+00:00 PHASE_RESULT 29 LF-LoRa-SF7-64 pktSize=64 rx=0 unique=0 lost=20 per=100.0 rssi_avg=0 rssi_min=0 crc_err=0 garbage=0 tx_lat=0.00000 tx_lon=0.00000 sats=0 fix=0 utc=0 tx_fw=none rx_fw=unknown
PHASE_GUARD 500
LORA_CFG path=0 bw=0x05 sf=7
PHASE_START 30 LF-LoRa-SF7-128 pktSize=128
2026-07-26T13:21:23.500293+00:00 PHASE_RESULT 30 LF-LoRa-SF7-128 pktSize=128 rx=0 unique=0 lost=13 per=100.0 rssi_avg=0 rssi_min=0 crc_err=0 garbage=0 tx_lat=0.00000 tx_lon=0.00000 sats=0 fix=0 utc=0 tx_fw=none rx_fw=unknown
PHASE_GUARD 500
LORA_CFG path=0 bw=0x05 sf=7
PHASE_START 31 LF-LoRa-SF7-255 pktSize=255
2026-07-26T13:21:24.505235+00:00 TIME_SYNCED utc=1785072083 offset=1785062474
2026-07-26T13:21:26.567365+00:00 TIME_SYNCED utc=1785072086 offset=1785062474
PHASE_RESULT 31 LF-LoRa-SF7-255 pktSize=255 rx=0 unique=0 lost=7 per=100.0 rssi_avg=0 rssi_min=0 crc_err=0 garbage=0 tx_lat=0.00000 tx_lon=0.00000 sats=0 fix=0 utc=0 tx_fw=none rx_fw=unknown
2026-07-26T13:21:27.571208+00:00 PHASE_GUARD 500
LORA_CFG path=0 bw=0x05 sf=9
PHASE_START 32 LF-LoRa-SF9-32 pktSize=32
2026-07-26T13:21:30.676789+00:00 PHASE_RESULT 32 LF-LoRa-SF9-32 pktSize=32 rx=0 unique=0 lost=7 per=100.0 rssi_avg=0 rssi_min=0 crc_err=0 garbage=0 tx_lat=0.00000 tx_lon=0.00000 sats=0 fix=0 utc=0 tx_fw=none rx_fw=unknown
PHASE_GUARD 500
LORA_CFG path=0 bw=0x05 sf=9
2026-07-26T13:21:31.689149+00:00 PHASE_START 33 LF-LoRa-SF9-64 pktSize=64
2026-07-26T13:21:33.750419+00:00 PHASE_RESULT 33 LF-LoRa-SF9-64 pktSize=64 rx=0 unique=0 lost=3 per=100.0 rssi_avg=0 rssi_min=0 crc_err=0 garbage=0 tx_lat=0.00000 tx_lon=0.00000 sats=0 fix=0 utc=0 tx_fw=none rx_fw=unknown
PHASE_GUARD 500
LORA_CFG path=0 bw=0x05 sf=9
PHASE_START 34 LF-LoRa-SF9-128 pktSize=128
2026-07-26T13:21:34.761675+00:00 TIME_SYNCED utc=1785072093 offset=1785062473
PHASE_RESULT 34 LF-LoRa-SF9-128 pktSize=128 rx=0 unique=0 lost=1 per=100.0 rssi_avg=0 rssi_min=0 crc_err=0 garbage=0 tx_lat=0.00000 tx_lon=0.00000 sats=0 fix=0 utc=0 tx_fw=none rx_fw=unknown
PHASE_GUARD 500
LORA_CFG path=0 bw=0x05 sf=9
PHASE_START 33 LF-LoRa-SF9-64 pktSize=64
PHASE_RESULT 33 LF-LoRa-SF9-64 pktSize=64 rx=0 unique=0 lost=3 per=100.0 rssi_avg=0 rssi_min=0 crc_err=0 garbage=0 tx_lat=0.00000 tx_lon=0.00000 sats=0 fix=0 utc=0 tx_fw=none rx_fw=unknown
PHASE_GUARD 500
LORA_CFG path=0 bw=0x05 sf=9
PHASE_START 34 LF-LoRa-SF9-128 pktSize=128
2026-07-26T13:21:36.823964+00:00 TIME_SYNCED utc=1785072096 offset=1785062474
PHASE_RESULT 34 LF-LoRa-SF9-128 pktSize=128 rx=0 unique=0 lost=1 per=100.0 rssi_avg=0 rssi_min=0 crc_err=0 garbage=0 tx_lat=0.00000 tx_lon=0.00000 sats=0 fix=0 utc=0 tx_fw=none rx_fw=unknown
PHASE_GUARD 500
LORA_CFG path=0 bw=0x05 sf=9
PHASE_START 35 LF-LoRa-SF9-255 pktSize=255
2026-07-26T13:21:39.937730+00:00 PHASE_RESULT 35 LF-LoRa-SF9-255 pktSize=255 rx=0 unique=0 lost=1 per=100.0 rssi_avg=0 rssi_min=0 crc_err=0 garbage=0 tx_lat=0.00000 tx_lon=0.00000 sats=0 fix=0 utc=0 tx_fw=none rx_fw=unknown
PHASE_GUARD 500
LORA_CFG path=0 bw=0x05 sf=12
PHASE_START 36 LF-LoRa-SF12-32 pktSize=32
2026-07-26T13:21:45.154214+00:00 TIME_SYNCED utc=1785072104 offset=1785062474
2026-07-26T13:21:47.217348+00:00 TIME_SYNCED utc=1785072106 offset=1785062474
2026-07-26T13:21:55.586748+00:00 PHASE_RESULT 36 LF-LoRa-SF12-32 pktSize=32 rx=0 unique=0 lost=1 per=100.0 rssi_avg=0 rssi_min=0 crc_err=0 garbage=0 tx_lat=0.00000 tx_lon=0.00000 sats=0 fix=0 utc=0 tx_fw=none rx_fw=unknown
PHASE_GUARD 500
LORA_CFG path=0 bw=0x05 sf=12
PHASE_START 37 LF-LoRa-SF12-SKIP SKIP pktSize=64
TIME_SYNCED utc=1785072114 offset=1785062473
PHASE_RESULT 37 LF-LoRa-SF12-SKIP pktSize=64 rx=0 unique=0 lost=0 per=0.0 rssi_avg=0 rssi_min=0 crc_err=0 garbage=0 tx_lat=0.00000 tx_lon=0.00000 sats=0 fix=0 utc=0 tx_fw=none rx_fw=unknown
PHASE_GUARD 500
LORA_CFG path=0 bw=0x05 sf=12
PHASE_START 36 LF-LoRa-SF12-32 pktSize=32
PHASE_RESULT 36 LF-LoRa-SF12-32 pktSize=32 rx=0 unique=0 lost=1 per=100.0 rssi_avg=0 rssi_min=0 crc_err=0 garbage=0 tx_lat=0.00000 tx_lon=0.00000 sats=0 fix=0 utc=0 tx_fw=none rx_fw=unknown
PHASE_GUARD 500
2026-07-26T13:21:56.598501+00:00 LORA_CFG path=0 bw=0x05 sf=12
PHASE_START 37 LF-LoRa-SF12-SKIP SKIP pktSize=64
TIME_SYNCED utc=1785072116 offset=1785062474
PHASE_RESULT 37 LF-LoRa-SF12-SKIP pktSize=64 rx=0 unique=0 lost=0 per=0.0 rssi_avg=0 rssi_min=0 crc_err=0 garbage=0 tx_lat=0.00000 tx_lon=0.00000 sats=0 fix=0 utc=0 tx_fw=none rx_fw=unknown
PHASE_GUARD 500
LORA_CFG path=0 bw=0x05 sf=12
PHASE_START 38 LF-LoRa-SF12-SKIP SKIP pktSize=128
PHASE_RESULT 38 LF-LoRa-SF12-SKIP pktSize=128 rx=0 unique=0 lost=0 per=0.0 rssi_avg=0 rssi_min=0 crc_err=0 garbage=0 tx_lat=0.00000 tx_lon=0.00000 sats=0 fix=0 utc=0 tx_fw=none rx_fw=unknown
PHASE_GUARD 500
2026-07-26T13:21:57.609965+00:00 LORA_CFG path=0 bw=0x05 sf=12
PHASE_START 39 LF-LoRa-SF12-SKIP SKIP pktSize=255
PHASE_RESULT 39 LF-LoRa-SF12-SKIP pktSize=255 rx=0 unique=0 lost=0 per=0.0 rssi_avg=0 rssi_min=0 crc_err=0 garbage=0 tx_lat=0.00000 tx_lon=0.00000 sats=0 fix=0 utc=0 tx_fw=none rx_fw=unknown
PHASE_GUARD 500
2026-07-26T13:21:58.613243+00:00 PHASE_START 40 LF-FLRC-2600-32 pktSize=32
SYNC_NOT_FOUND first4=54390D73
2026-07-26T13:21:59.624355+00:00 PHASE_RESULT 40 LF-FLRC-2600-32 pktSize=32 rx=0 unique=0 lost=100 per=100.0 rssi_avg=0 rssi_min=0 crc_err=0 garbage=1 tx_lat=0.00000 tx_lon=0.00000 sats=0 fix=0 utc=0 tx_fw=none rx_fw=unknown
PHASE_GUARD 500
2026-07-26T13:22:00.635899+00:00 PHASE_START 41 LF-FLRC-2600-64 pktSize=64
SYNC_NOT_FOUND first4=322FB14F
2026-07-26T13:22:01.646919+00:00 PHASE_RESULT 41 LF-FLRC-2600-64 pktSize=64 rx=0 unique=0 lost=100 per=100.0 rssi_avg=0 rssi_min=0 crc_err=0 garbage=1 tx_lat=0.00000 tx_lon=0.00000 sats=0 fix=0 utc=0 tx_fw=none rx_fw=unknown
PHASE_GUARD 500
2026-07-26T13:22:02.651879+00:00 PHASE_START 42 LF-FLRC-2600-128 pktSize=128
2026-07-26T13:22:03.662962+00:00 SYNC_NOT_FOUND first4=DDDD0F8C
PHASE_RESULT 42 LF-FLRC-2600-128 pktSize=128 rx=0 unique=0 lost=100 per=100.0 rssi_avg=0 rssi_min=0 crc_err=0 garbage=1 tx_lat=0.00000 tx_lon=0.00000 sats=0 fix=0 utc=0 tx_fw=none rx_fw=unknown
PHASE_GUARD 500
2026-07-26T13:22:04.673295+00:00 PHASE_START 43 LF-FLRC-2600-255 pktSize=255
SYNC_NOT_FOUND first4=6BEDE6DA
SYNC_NOT_FOUND first4=ACB2F070
2026-07-26T13:22:05.678083+00:00 TIME_SYNCED utc=1785072124 offset=1785062473
SYNC_NOT_FOUND first4=FD3F2DF6
2026-07-26T13:22:06.689061+00:00 SYNC_NOT_FOUND first4=C86ECBD6
SYNC_NOT_FOUND first4=B8C1B6E0
TIME_SYNCED utc=1785072126 offset=1785062474
PHASE_RESULT 43 LF-FLRC-2600-255 pktSize=255 rx=0 unique=0 lost=100 per=100.0 rssi_avg=0 rssi_min=0 crc_err=0 garbage=5 tx_lat=0.00000 tx_lon=0.00000 sats=0 fix=0 utc=0 tx_fw=none rx_fw=unknown
PHASE_GUARD 500
PHASE_START 44 LF-FLRC-1300-32 pktSize=32
2026-07-26T13:22:07.700066+00:00 PHASE_RESULT 44 LF-FLRC-1300-32 pktSize=32 rx=0 unique=0 lost=100 per=100.0 rssi_avg=0 rssi_min=0 crc_err=0 garbage=0 tx_lat=0.00000 tx_lon=0.00000 sats=0 fix=0 utc=0 tx_fw=none rx_fw=unknown
PHASE_GUARD 500
2026-07-26T13:22:08.704541+00:00 PHASE_START 45 LF-FLRC-1300-64 pktSize=64
2026-07-26T13:22:09.715472+00:00 PHASE_RESULT 45 LF-FLRC-1300-64 pktSize=64 rx=0 unique=0 lost=100 per=100.0 rssi_avg=0 rssi_min=0 crc_err=0 garbage=0 tx_lat=0.00000 tx_lon=0.00000 sats=0 fix=0 utc=0 tx_fw=none rx_fw=unknown
PHASE_GUARD 500
PHASE_START 46 LF-FLRC-1300-128 pktSize=128
2026-07-26T13:22:11.770413+00:00 SYNC_NOT_FOUND first4=9E17C724
PHASE_RESULT 46 LF-FLRC-1300-128 pktSize=128 rx=0 unique=0 lost=100 per=100.0 rssi_avg=0 rssi_min=0 crc_err=0 garbage=1 tx_lat=0.00000 tx_lon=0.00000 sats=0 fix=0 utc=0 tx_fw=none rx_fw=unknown
PHASE_GUARD 500
PHASE_START 47 LF-FLRC-1300-255 pktSize=255
2026-07-26T13:22:13.832499+00:00 PHASE_RESULT 47 LF-FLRC-1300-255 pktSize=255 rx=0 unique=0 lost=100 per=100.0 rssi_avg=0 rssi_min=0 crc_err=0 garbage=0 tx_lat=0.00000 tx_lon=0.00000 sats=0 fix=0 utc=0 tx_fw=none rx_fw=unknown
PHASE_GUARD 500
PHASE_START 48 LF-FLRC-650-32 pktSize=32
SYNC_NOT_FOUND first4=8BC4A116
2026-07-26T13:22:14.844356+00:00 SYNC_NOT_FOUND first4=E81B3406
2026-07-26T13:22:15.848840+00:00 TIME_SYNCED utc=1785072134 offset=1785062473
SYNC_NOT_FOUND first4=1B4EA07F
SYNC_NOT_FOUND first4=24658C62
2026-07-26T13:22:16.862214+00:00 TIME_SYNCED utc=1785072136 offset=1785062474
PHASE_RESULT 48 LF-FLRC-650-32 pktSize=32 rx=0 unique=0 lost=100 per=100.0 rssi_avg=0 rssi_min=0 crc_err=0 garbage=4 tx_lat=0.00000 tx_lon=0.00000 sats=0 fix=0 utc=0 tx_fw=none rx_fw=unknown
PHASE_GUARD 500
PHASE_START 49 LF-FLRC-650-64 pktSize=64
2026-07-26T13:22:17.872878+00:00 SYNC_NOT_FOUND first4=85F5208D
SYNC_NOT_FOUND first4=A00B129E
PHASE_RESULT 49 LF-FLRC-650-64 pktSize=64 rx=0 unique=0 lost=100 per=100.0 rssi_avg=0 rssi_min=0 crc_err=0 garbage=2 tx_lat=0.00000 tx_lon=0.00000 sats=0 fix=0 utc=0 tx_fw=none rx_fw=unknown
PHASE_GUARD 500
PHASE_START 50 LF-FLRC-650-128 pktSize=128
2026-07-26T13:22:18.887297+00:00 SYNC_NOT_FOUND first4=E1E01A31
SYNC_NOT_FOUND first4=1C45777F
2026-07-26T13:22:19.898300+00:00 SYNC_NOT_FOUND first4=610CA0DB
PHASE_RESULT 50 LF-FLRC-650-128 pktSize=128 rx=0 unique=0 lost=100 per=100.0 rssi_avg=0 rssi_min=0 crc_err=0 garbage=3 tx_lat=0.00000 tx_lon=0.00000 sats=0 fix=0 utc=0 tx_fw=none rx_fw=unknown
PHASE_GUARD 500
PHASE_START 51 LF-FLRC-650-255 pktSize=255
2026-07-26T13:22:20.909467+00:00 SYNC_NOT_FOUND first4=3B23ACAF
SYNC_NOT_FOUND first4=92EB708B
2026-07-26T13:22:21.921242+00:00 PHASE_RESULT 51 LF-FLRC-650-255 pktSize=255 rx=0 unique=0 lost=100 per=100.0 rssi_avg=0 rssi_min=0 crc_err=0 garbage=2 tx_lat=0.00000 tx_lon=0.00000 sats=0 fix=0 utc=0 tx_fw=none rx_fw=unknown
PHASE_GUARD 500
PHASE_START 52 LF-FLRC-325-32 pktSize=32
2026-07-26T13:22:23.978076+00:00 PHASE_RESULT 52 LF-FLRC-325-32 pktSize=32 rx=0 unique=0 lost=100 per=100.0 rssi_avg=0 rssi_min=0 crc_err=0 garbage=0 tx_lat=0.00000 tx_lon=0.00000 sats=0 fix=0 utc=0 tx_fw=none rx_fw=unknown
PHASE_GUARD 500
PHASE_START 53 LF-FLRC-325-64 pktSize=64
2026-07-26T13:22:26.041155+00:00 TIME_SYNCED utc=1785072145 offset=1785062474
PHASE_RESULT 53 LF-FLRC-325-64 pktSize=64 rx=0 unique=0 lost=100 per=100.0 rssi_avg=0 rssi_min=0 crc_err=0 garbage=0 tx_lat=0.00000 tx_lon=0.00000 sats=0 fix=0 utc=0 tx_fw=none rx_fw=unknown
PHASE_GUARD 500
PHASE_START 54 LF-FLRC-325-128 pktSize=128
2026-07-26T13:22:27.053352+00:00 TIME_SYNCED utc=1785072146 offset=1785062474
2026-07-26T13:22:28.064762+00:00 PHASE_RESULT 54 LF-FLRC-325-128 pktSize=128 rx=0 unique=0 lost=100 per=100.0 rssi_avg=0 rssi_min=0 crc_err=0 garbage=0 tx_lat=0.00000 tx_lon=0.00000 sats=0 fix=0 utc=0 tx_fw=none rx_fw=unknown
PHASE_GUARD 500
PHASE_START 55 LF-FLRC-325-255 pktSize=255
2026-07-26T13:22:30.126928+00:00 PHASE_RESULT 55 LF-FLRC-325-255 pktSize=255 rx=0 unique=0 lost=100 per=100.0 rssi_avg=0 rssi_min=0 crc_err=0 garbage=0 tx_lat=0.00000 tx_lon=0.00000 sats=0 fix=0 utc=0 tx_fw=none rx_fw=unknown
PHASE_GUARD 500
LORA_CFG path=1 bw=0x0F sf=7
PHASE_START 0 HF-LoRa-SF7-32 pktSize=32
2026-07-26T13:22:32.182208+00:00 PHASE_RESULT 0 HF-LoRa-SF7-32 pktSize=32 rx=0 unique=0 lost=20 per=100.0 rssi_avg=0 rssi_min=0 crc_err=0 garbage=0 tx_lat=0.00000 tx_lon=0.00000 sats=0 fix=0 utc=0 tx_fw=none rx_fw=unknown
PHASE_GUARD 500
LORA_CFG path=1 bw=0x0F sf=7
PHASE_START 1 HF-LoRa-SF7-64 pktSize=64
2026-07-26T13:22:34.244225+00:00 PHASE_RESULT 1 HF-LoRa-SF7-64 pktSize=64 rx=0 unique=0 lost=20 per=100.0 rssi_avg=0 rssi_min=0 crc_err=0 garbage=0 tx_lat=0.00000 tx_lon=0.00000 sats=0 fix=0 utc=0 tx_fw=none rx_fw=unknown
PHASE_GUARD 500
LORA_CFG path=1 bw=0x0F sf=7
PHASE_START 2 HF-LoRa-SF7-128 pktSize=128
2026-07-26T13:22:36.307356+00:00 TIME_SYNCED utc=1785072155 offset=1785062474
PHASE_RESULT 2 HF-LoRa-SF7-128 pktSize=128 rx=0 unique=0 lost=20 per=100.0 rssi_avg=0 rssi_min=0 crc_err=0 garbage=0 tx_lat=0.00000 tx_lon=0.00000 sats=0 fix=0 utc=0 tx_fw=none rx_fw=unknown
PHASE_GUARD 500
LORA_CFG path=1 bw=0x0F sf=7
PHASE_START 3 HF-LoRa-SF7-255 pktSize=255
2026-07-26T13:22:37.320182+00:00 TIME_SYNCED utc=1785072156 offset=1785062474
2026-07-26T13:22:39.383560+00:00 PHASE_RESULT 3 HF-LoRa-SF7-255 pktSize=255 rx=0 unique=0 lost=20 per=100.0 rssi_avg=0 rssi_min=0 crc_err=0 garbage=0 tx_lat=0.00000 tx_lon=0.00000 sats=0 fix=0 utc=0 tx_fw=none rx_fw=unknown
PHASE_GUARD 500
LORA_CFG path=1 bw=0x0F sf=9
PHASE_START 4 HF-LoRa-SF9-32 pktSize=32
2026-07-26T13:22:41.446358+00:00 PHASE_RESULT 4 HF-LoRa-SF9-32 pktSize=32 rx=0 unique=0 lost=20 per=100.0 rssi_avg=0 rssi_min=0 crc_err=0 garbage=0 tx_lat=0.00000 tx_lon=0.00000 sats=0 fix=0 utc=0 tx_fw=none rx_fw=unknown
PHASE_GUARD 500
LORA_CFG path=1 bw=0x0F sf=9
PHASE_START 5 HF-LoRa-SF9-64 pktSize=64
2026-07-26T13:22:44.560436+00:00 PHASE_RESULT 5 HF-LoRa-SF9-64 pktSize=64 rx=0 unique=0 lost=20 per=100.0 rssi_avg=0 rssi_min=0 crc_err=0 garbage=0 tx_lat=0.00000 tx_lon=0.00000 sats=0 fix=0 utc=0 tx_fw=none rx_fw=unknown
PHASE_GUARD 500
LORA_CFG path=1 bw=0x0F sf=9
PHASE_START 6 HF-LoRa-SF9-128 pktSize=128
2026-07-26T13:22:46.614794+00:00 TIME_SYNCED utc=1785072165 offset=1785062473
TIME_SYNCED utc=1785072166 offset=1785062474
2026-07-26T13:22:47.625439+00:00 PHASE_RESULT 6 HF-LoRa-SF9-128 pktSize=128 rx=0 unique=0 lost=13 per=100.0 rssi_avg=0 rssi_min=0 crc_err=0 garbage=0 tx_lat=0.00000 tx_lon=0.00000 sats=0 fix=0 utc=0 tx_fw=none rx_fw=unknown
PHASE_GUARD 500
LORA_CFG path=1 bw=0x0F sf=9
2026-07-26T13:22:48.640901+00:00 PHASE_START 7 HF-LoRa-SF9-255 pktSize=255
2026-07-26T13:22:50.711357+00:00 PHASE_RESULT 7 HF-LoRa-SF9-255 pktSize=255 rx=0 unique=0 lost=6 per=100.0 rssi_avg=0 rssi_min=0 crc_err=0 garbage=0 tx_lat=0.00000 tx_lon=0.00000 sats=0 fix=0 utc=0 tx_fw=none rx_fw=unknown
PHASE_GUARD 500
LORA_CFG path=1 bw=0x0F sf=12
PHASE_START 8 HF-LoRa-SF12-32 pktSize=32
2026-07-26T13:22:53.825394+00:00 PHASE_RESULT 8 HF-LoRa-SF12-32 pktSize=32 rx=0 unique=0 lost=2 per=100.0 rssi_avg=0 rssi_min=0 crc_err=0 garbage=0 tx_lat=0.00000 tx_lon=0.00000 sats=0 fix=0 utc=0 tx_fw=none rx_fw=unknown
PHASE_GUARD 500
LORA_CFG path=1 bw=0x0F sf=12
PHASE_START 9 HF-LoRa-SF12-64 pktSize=64
2026-07-26T13:22:56.939136+00:00 TIME_SYNCED utc=1785072175 offset=1785062473
TIME_SYNCED utc=1785072176 offset=1785062474
PHASE_RESULT 9 HF-LoRa-SF12-64 pktSize=64 rx=0 unique=0 lost=1 per=100.0 rssi_avg=0 rssi_min=0 crc_err=0 garbage=0 tx_lat=0.00000 tx_lon=0.00000 sats=0 fix=0 utc=0 tx_fw=none rx_fw=unknown
PHASE_GUARD 500
LORA_CFG path=1 bw=0x0F sf=12
PHASE_START 10 HF-LoRa-SF12-128 pktSize=128
2026-07-26T13:23:02.162827+00:00 PHASE_RESULT 10 HF-LoRa-SF12-128 pktSize=128 rx=0 unique=0 lost=1 per=100.0 rssi_avg=0 rssi_min=0 crc_err=0 garbage=0 tx_lat=0.00000 tx_lon=0.00000 sats=0 fix=0 utc=0 tx_fw=none rx_fw=unknown
PHASE_GUARD 500
LORA_CFG path=1 bw=0x0F sf=12
PHASE_START 11 HF-LoRa-SF12-255 pktSize=255
2026-07-26T13:23:07.385437+00:00 TIME_SYNCED utc=1785072186 offset=1785062474
TIME_SYNCED utc=1785072186 offset=1785062474
2026-07-26T13:23:11.555436+00:00 PHASE_RESULT 11 HF-LoRa-SF12-255 pktSize=255 rx=0 unique=0 lost=1 per=100.0 rssi_avg=0 rssi_min=0 crc_err=0 garbage=0 tx_lat=0.00000 tx_lon=0.00000 sats=0 fix=0 utc=0 tx_fw=none rx_fw=unknown
2026-07-26T13:23:12.567281+00:00 PHASE_GUARD 500
PHASE_START 12 HF-FLRC-2600-32 pktSize=32
SYNC_NOT_FOUND first4=68DA1215
SYNC_NOT_FOUND first4=444C8CEF
SYNC_NOT_FOUND first4=7746CD34
SYNC_NOT_FOUND first4=CBC45D78
2026-07-26T13:23:13.570871+00:00 SYNC_NOT_FOUND first4=380310CD
SYNC_NOT_FOUND first4=2663AD58
PHASE_RESULT 12 HF-FLRC-2600-32 pktSize=32 rx=0 unique=0 lost=100 per=100.0 rssi_avg=0 rssi_min=0 crc_err=0 garbage=6 tx_lat=0.00000 tx_lon=0.00000 sats=0 fix=0 utc=0 tx_fw=none rx_fw=unknown
PHASE_GUARD 500
2026-07-26T13:23:14.588962+00:00 PHASE_START 13 HF-FLRC-2600-64 pktSize=64
SYNC_NOT_FOUND first4=5E601CD9
SYNC_NOT_FOUND first4=7A662F04
SYNC_NOT_FOUND first4=8C27E684
SYNC_NOT_FOUND first4=8BC12BF4
SYNC_NOT_FOUND first4=46FC1AF6
SYNC_NOT_FOUND first4=60FF71C6
2026-07-26T13:23:15.600120+00:00 SYNC_NOT_FOUND first4=07586E9E
SYNC_NOT_FOUND first4=BAE94620
SYNC_NOT_FOUND first4=B430F0E1
SYNC_NOT_FOUND first4=65B93BCC
SYNC_NOT_FOUND first4=4331DE96
SYNC_NOT_FOUND first4=8C318BBC
PHASE_RESULT 13 HF-FLRC-2600-64 pktSize=64 rx=0 unique=0 lost=100 per=100.0 rssi_avg=0 rssi_min=0 crc_err=0 garbage=12 tx_lat=0.00000 tx_lon=0.00000 sats=0 fix=0 utc=0 tx_fw=none rx_fw=unknown
PHASE_GUARD 500
2026-07-26T13:23:16.611196+00:00 PHASE_START 14 HF-FLRC-2600-128 pktSize=128
SYNC_NOT_FOUND first4=E4792867
SYNC_NOT_FOUND first4=5046D361
SYNC_NOT_FOUND first4=FD1B73D0
SYNC_NOT_FOUND first4=48B93248
SYNC_NOT_FOUND first4=06C46787
TIME_SYNCED utc=1785072196 offset=1785062474
2026-07-26T13:23:17.624696+00:00 TIME_SYNCED utc=1785072196 offset=1785062473
SYNC_NOT_FOUND first4=D2E5A0FB
SYNC_NOT_FOUND first4=ED41309C
SYNC_NOT_FOUND first4=7F64BD54
SYNC_NOT_FOUND first4=D516493B
2026-07-26T13:23:18.640466+00:00 SYNC_NOT_FOUND first4=2F71304C
SYNC_NOT_FOUND first4=54A1AB8D
SYNC_NOT_FOUND first4=D4F9551D
SYNC_NOT_FOUND first4=260AD860
SYNC_NOT_FOUND first4=641D9102
SYNC_NOT_FOUND first4=17B1788D
PHASE_RESULT 14 HF-FLRC-2600-128 pktSize=128 rx=0 unique=0 lost=100 per=100.0 rssi_avg=0 rssi_min=0 crc_err=0 garbage=15 tx_lat=0.00000 tx_lon=0.00000 sats=0 fix=0 utc=0 tx_fw=none rx_fw=unknown
PHASE_GUARD 500
2026-07-26T13:23:19.657962+00:00 PHASE_START 15 HF-FLRC-2600-255 pktSize=255
SYNC_NOT_FOUND first4=FD37C98E
SYNC_NOT_FOUND first4=29FBE987
SYNC_NOT_FOUND first4=F9B49BA0
SYNC_NOT_FOUND first4=670203F7
SYNC_NOT_FOUND first4=5FBF2814
SYNC_NOT_FOUND first4=6AB523F9
2026-07-26T13:23:20.669254+00:00 SYNC_NOT_FOUND first4=160B0EB4
SYNC_NOT_FOUND first4=3D208FEF
SYNC_NOT_FOUND first4=4532DB4A
SYNC_NOT_FOUND first4=7E1801A7
SYNC_NOT_FOUND first4=DD567E25
SYNC_NOT_FOUND first4=3876D7F5
PHASE_RESULT 15 HF-FLRC-2600-255 pktSize=255 rx=0 unique=0 lost=100 per=100.0 rssi_avg=0 rssi_min=0 crc_err=0 garbage=12 tx_lat=0.00000 tx_lon=0.00000 sats=0 fix=0 utc=0 tx_fw=none rx_fw=unknown
PHASE_GUARD 500
2026-07-26T13:23:21.682708+00:00 PHASE_START 16 HF-FLRC-1300-32 pktSize=32
SYNC_NOT_FOUND first4=20D2DA0F
SYNC_NOT_FOUND first4=7E915B91
SYNC_NOT_FOUND first4=58B327CD
2026-07-26T13:23:22.693560+00:00 SYNC_NOT_FOUND first4=29BEF074
SYNC_NOT_FOUND first4=C26D529C
SYNC_NOT_FOUND first4=7879BEBA
PHASE_RESULT 16 HF-FLRC-1300-32 pktSize=32 rx=0 unique=0 lost=100 per=100.0 rssi_avg=0 rssi_min=0 crc_err=0 garbage=6 tx_lat=0.00000 tx_lon=0.00000 sats=0 fix=0 utc=0 tx_fw=none rx_fw=unknown
PHASE_GUARD 500
PHASE_START 17 HF-FLRC-1300-64 pktSize=64
2026-07-26T13:23:23.708846+00:00 SYNC_NOT_FOUND first4=E55A2C21
2026-07-26T13:23:24.719640+00:00 SYNC_NOT_FOUND first4=41264CEF
SYNC_NOT_FOUND first4=70291AF0
SYNC_NOT_FOUND first4=AC3CA74D
PHASE_RESULT 17 HF-FLRC-1300-64 pktSize=64 rx=0 unique=0 lost=100 per=100.0 rssi_avg=0 rssi_min=0 crc_err=0 garbage=4 tx_lat=0.00000 tx_lon=0.00000 sats=0 fix=0 utc=0 tx_fw=none rx_fw=unknown
PHASE_GUARD 500
PHASE_START 18 HF-FLRC-1300-128 pktSize=128
2026-07-26T13:23:25.735354+00:00 SYNC_NOT_FOUND first4=3D522C25
SYNC_NOT_FOUND first4=18D7ADD1
2026-07-26T13:23:26.739156+00:00 SYNC_NOT_FOUND first4=5DE78AB1
SYNC_NOT_FOUND first4=78D93EB5
SYNC_NOT_FOUND first4=360EDD6B
SYNC_NOT_FOUND first4=F8E829AA
SYNC_NOT_FOUND first4=9E409844
TIME_SYNCED utc=1785072206 offset=1785062474
PHASE_RESULT 18 HF-FLRC-1300-128 pktSize=128 rx=0 unique=0 lost=100 per=100.0 rssi_avg=0 rssi_min=0 crc_err=0 garbage=7 tx_lat=0.00000 tx_lon=0.00000 sats=0 fix=0 utc=0 tx_fw=none rx_fw=unknown
PHASE_GUARD 500
PHASE_START 19 HF-FLRC-1300-255 pktSize=255
SYNC_NOT_FOUND first4=C1589362
SYNC_NOT_FOUND first4=2FEB81FE
2026-07-26T13:23:27.752360+00:00 TIME_SYNCED utc=1785072206 offset=1785062473
SYNC_NOT_FOUND first4=F9E90B70
SYNC_NOT_FOUND first4=3F21F9E0
SYNC_NOT_FOUND first4=439F4359
SYNC_NOT_FOUND first4=40D12E49
SYNC_NOT_FOUND first4=C2C625CB
SYNC_NOT_FOUND first4=762D277C
2026-07-26T13:23:28.765712+00:00 SYNC_NOT_FOUND first4=99772614
PHASE_RESULT 19 HF-FLRC-1300-255 pktSize=255 rx=0 unique=0 lost=100 per=100.0 rssi_avg=0 rssi_min=0 crc_err=0 garbage=9 tx_lat=0.00000 tx_lon=0.00000 sats=0 fix=0 utc=0 tx_fw=none rx_fw=unknown
PHASE_GUARD 500
PHASE_START 20 HF-FLRC-650-32 pktSize=32
2026-07-26T13:23:29.776597+00:00 SYNC_NOT_FOUND first4=36A1E8E3
SYNC_NOT_FOUND first4=843B5928
SYNC_NOT_FOUND first4=75D367E5
SYNC_NOT_FOUND first4=6818511C
SYNC_NOT_FOUND first4=445DBC64
SYNC_NOT_FOUND first4=9BF9660C
SYNC_NOT_FOUND first4=C222F73E
SYNC_NOT_FOUND first4=C9796178
SYNC_NOT_FOUND first4=E39F75B1
SYNC_NOT_FOUND first4=085CD055
SYNC_NOT_FOUND first4=E4D23442
SYNC_NOT_FOUND first4=E9D6EEFB
SYNC_NOT_FOUND first4=9658115C
SYNC_NOT_FOUND first4=4DDE06C8
SYNC_NOT_FOUND first4=5A57B8D9
SYNC_NOT_FOUND first4=AD22C2FE
SYNC_NOT_FOUND first4=4358F9F5
SYNC_NOT_FOUND first4=DDAFCC61
2026-07-26T13:23:30.794755+00:00 SYNC_NOT_FOUND first4=CAAD7518
SYNC_NOT_FOUND first4=9052CC06
SYNC_NOT_FOUND first4=D0118786
SYNC_NOT_FOUND first4=070A3BAA
SYNC_NOT_FOUND first4=862CD3C6
SYNC_NOT_FOUND first4=B105EC04
SYNC_NOT_FOUND first4=94334D88
SYNC_NOT_FOUND first4=64551CAF
SYNC_NOT_FOUND first4=BDBD1BF9
SYNC_NOT_FOUND first4=B9E01BD4
SYNC_NOT_FOUND first4=0091A261
PHASE_RESULT 20 HF-FLRC-650-32 pktSize=32 rx=0 unique=0 lost=100 per=100.0 rssi_avg=0 rssi_min=0 crc_err=0 garbage=29 tx_lat=0.00000 tx_lon=0.00000 sats=0 fix=0 utc=0 tx_fw=none rx_fw=unknown
PHASE_GUARD 500
PHASE_START 21 HF-FLRC-650-64 pktSize=64
SYNC_NOT_FOUND first4=0B8CE824
SYNC_NOT_FOUND first4=A04E95C2
SYNC_NOT_FOUND first4=F94159E7
SYNC_NOT_FOUND first4=DA6D1BBE
SYNC_NOT_FOUND first4=5238304A
2026-07-26T13:23:31.806044+00:00 SYNC_NOT_FOUND first4=A80D13DE
SYNC_NOT_FOUND first4=60E16626
SYNC_NOT_FOUND first4=47E655C4
SYNC_NOT_FOUND first4=252BDC3A
SYNC_NOT_FOUND first4=1F786F2B
SYNC_NOT_FOUND first4=1EAE8F42
SYNC_NOT_FOUND first4=5EA46B30
SYNC_NOT_FOUND first4=A688AADE
SYNC_NOT_FOUND first4=827FC074
SYNC_NOT_FOUND first4=E83F0374
SYNC_NOT_FOUND first4=A8FE1CD5
SYNC_NOT_FOUND first4=050D3B9B
2026-07-26T13:23:32.817232+00:00 SYNC_NOT_FOUND first4=199FE9A3
SYNC_NOT_FOUND first4=0266AE4D
SYNC_NOT_FOUND first4=80A7749C
SYNC_NOT_FOUND first4=33677A45
SYNC_NOT_FOUND first4=C605E90E
SYNC_NOT_FOUND first4=C7C88BF0
SYNC_NOT_FOUND first4=0654F653
SYNC_NOT_FOUND first4=53E5729A
SYNC_NOT_FOUND first4=C851AC45
SYNC_NOT_FOUND first4=E270D2C7
SYNC_NOT_FOUND first4=CEDA1E64
SYNC_NOT_FOUND first4=86046EC9
SYNC_NOT_FOUND first4=AE2DAC70
PHASE_RESULT 21 HF-FLRC-650-64 pktSize=64 rx=0 unique=0 lost=100 per=100.0 rssi_avg=0 rssi_min=0 crc_err=0 garbage=30 tx_lat=0.00000 tx_lon=0.00000 sats=0 fix=0 utc=0 tx_fw=none rx_fw=unknown
PHASE_GUARD 500
PHASE_START 22 HF-FLRC-650-128 pktSize=128
SYNC_NOT_FOUND first4=781CC843
SYNC_NOT_FOUND first4=0ED6C617
SYNC_NOT_FOUND first4=B5AF88EA
SYNC_NOT_FOUND first4=FB7F41AC
SYNC_NOT_FOUND first4=2452F206
SYNC_NOT_FOUND first4=0060DC9F
SYNC_NOT_FOUND first4=CA0380C7
2026-07-26T13:23:33.832706+00:00 SYNC_NOT_FOUND first4=40ACF896
SYNC_NOT_FOUND first4=A0E77A0E
SYNC_NOT_FOUND first4=60B6B754
SYNC_NOT_FOUND first4=DEE33E24
SYNC_NOT_FOUND first4=B4005744
SYNC_NOT_FOUND first4=0EDF0191
SYNC_NOT_FOUND first4=3D07E1F2
SYNC_NOT_FOUND first4=3C283EF6
SYNC_NOT_FOUND first4=AF879980
SYNC_NOT_FOUND first4=5F23B86E
SYNC_NOT_FOUND first4=0AD5ECDA
SYNC_NOT_FOUND first4=0A0745EF
SYNC_NOT_FOUND first4=2720A088
SYNC_NOT_FOUND first4=345C8012
SYNC_NOT_FOUND first4=2D33E810
SYNC_NOT_FOUND first4=958A059C
SYNC_NOT_FOUND first4=768EDA69
SYNC_NOT_FOUND first4=DE1EADD1
SYNC_NOT_FOUND first4=A4E1FBD1
SYNC_NOT_FOUND first4=F58B97ED
2026-07-26T13:23:34.837916+00:00 SYNC_NOT_FOUND first4=670C8ACC
SYNC_NOT_FOUND first4=B74A7D79
SYNC_NOT_FOUND first4=6644A45E
SYNC_NOT_FOUND first4=B118346D
SYNC_NOT_FOUND first4=2090532D
SYNC_NOT_FOUND first4=31CF6039
SYNC_NOT_FOUND first4=1F1A807B
SYNC_NOT_FOUND first4=94D5344C
SYNC_NOT_FOUND first4=1F2E36FE
SYNC_NOT_FOUND first4=004CC150
SYNC_NOT_FOUND first4=9F6CF37D
SYNC_NOT_FOUND first4=88B2934C
PHASE_RESULT 22 HF-FLRC-650-128 pktSize=128 rx=0 unique=0 lost=100 per=100.0 rssi_avg=0 rssi_min=0 crc_err=0 garbage=39 tx_lat=0.00000 tx_lon=0.00000 sats=0 fix=0 utc=0 tx_fw=none rx_fw=unknown
PHASE_GUARD 500
PHASE_START 23 HF-FLRC-650-255 pktSize=255
2026-07-26T13:23:35.845441+00:00 SYNC_NOT_FOUND first4=4760DAC2
SYNC_NOT_FOUND first4=C6660C1E
SYNC_NOT_FOUND first4=D20A5F8A
SYNC_NOT_FOUND first4=8136841B
SYNC_NOT_FOUND first4=E8DCFACE
SYNC_NOT_FOUND first4=35E871BB
SYNC_NOT_FOUND first4=E471B789
SYNC_NOT_FOUND first4=957E6CBB
SYNC_NOT_FOUND first4=C3B3AF9C
SYNC_NOT_FOUND first4=5AAFF8EC
SYNC_NOT_FOUND first4=1C9023EC
SYNC_NOT_FOUND first4=47EC9645
SYNC_NOT_FOUND first4=3B725294
SYNC_NOT_FOUND first4=19014310
SYNC_NOT_FOUND first4=8D195B6C
SYNC_NOT_FOUND first4=AF67E033
2026-07-26T13:23:36.855207+00:00 SYNC_NOT_FOUND first4=98439E5D
SYNC_NOT_FOUND first4=209D0F85
SYNC_NOT_FOUND first4=9BFC5E22
SYNC_NOT_FOUND first4=9705127D
SYNC_NOT_FOUND first4=64DC1A29
SYNC_NOT_FOUND first4=9B1A7087
SYNC_NOT_FOUND first4=6B0624CA
SYNC_NOT_FOUND first4=3111B104
SYNC_NOT_FOUND first4=AB3F1384
SYNC_NOT_FOUND first4=EA07458D
SYNC_NOT_FOUND first4=CF4A2199
TIME_SYNCED utc=1785072216 offset=1785062474
PHASE_RESULT 23 HF-FLRC-650-255 pktSize=255 rx=0 unique=0 lost=100 per=100.0 rssi_avg=0 rssi_min=0 crc_err=0 garbage=27 tx_lat=0.00000 tx_lon=0.00000 sats=0 fix=0 utc=0 tx_fw=none rx_fw=unknown
PHASE_GUARD 500
PHASE_START 24 HF-FLRC-325-32 pktSize=32
2026-07-26T13:23:37.859883+00:00 TIME_SYNCED utc=1785072216 offset=1785062473
SYNC_NOT_FOUND first4=088C6FE5
SYNC_NOT_FOUND first4=B31DAFD8
SYNC_NOT_FOUND first4=58289093
SYNC_NOT_FOUND first4=8B0D2098
SYNC_NOT_FOUND first4=130ABACE
2026-07-26T13:23:38.871801+00:00 SYNC_NOT_FOUND first4=A2E361BD
SYNC_NOT_FOUND first4=11553916
PHASE_RESULT 24 HF-FLRC-325-32 pktSize=32 rx=0 unique=0 lost=100 per=100.0 rssi_avg=0 rssi_min=0 crc_err=0 garbage=7 tx_lat=0.00000 tx_lon=0.00000 sats=0 fix=0 utc=0 tx_fw=none rx_fw=unknown
PHASE_GUARD 500
PHASE_START 25 HF-FLRC-325-64 pktSize=64
SYNC_NOT_FOUND first4=A0522086
2026-07-26T13:23:39.882999+00:00 SYNC_NOT_FOUND first4=78EC0EF3
SYNC_NOT_FOUND first4=750F00CE
SYNC_NOT_FOUND first4=F8058C5B
SYNC_NOT_FOUND first4=6132F982
2026-07-26T13:23:40.894082+00:00 PHASE_RESULT 25 HF-FLRC-325-64 pktSize=64 rx=0 unique=0 lost=100 per=100.0 rssi_avg=0 rssi_min=0 crc_err=0 garbage=5 tx_lat=0.00000 tx_lon=0.00000 sats=0 fix=0 utc=0 tx_fw=none rx_fw=unknown
PHASE_GUARD 500
PHASE_START 26 HF-FLRC-325-128 pktSize=128
SYNC_NOT_FOUND first4=B3F1E5D3
2026-07-26T13:23:41.905104+00:00 SYNC_NOT_FOUND first4=A30CFFBD
SYNC_NOT_FOUND first4=2707ABDA
SYNC_NOT_FOUND first4=4204C2FC
SYNC_NOT_FOUND first4=AEA3B520
SYNC_NOT_FOUND first4=FE6D42C6
2026-07-26T13:23:42.916227+00:00 SYNC_NOT_FOUND first4=69CAA670
PHASE_RESULT 26 HF-FLRC-325-128 pktSize=128 rx=0 unique=0 lost=100 per=100.0 rssi_avg=0 rssi_min=0 crc_err=0 garbage=7 tx_lat=0.00000 tx_lon=0.00000 sats=0 fix=0 utc=0 tx_fw=none rx_fw=unknown
PHASE_GUARD 500
PHASE_START 27 HF-FLRC-325-255 pktSize=255
2026-07-26T13:23:43.927353+00:00 SYNC_NOT_FOUND first4=405376CA
2026-07-26T13:23:44.939075+00:00 PHASE_RESULT 27 HF-FLRC-325-255 pktSize=255 rx=0 unique=0 lost=100 per=100.0 rssi_avg=0 rssi_min=0 crc_err=0 garbage=1 tx_lat=0.00000 tx_lon=0.00000 sats=0 fix=0 utc=0 tx_fw=none rx_fw=unknown
PHASE_GUARD 500
LORA_CFG path=0 bw=0x05 sf=7
PHASE_START 28 LF-LoRa-SF7-32 pktSize=32
2026-07-26T13:23:47.002281+00:00 TIME_SYNCED utc=1785072226 offset=1785062474
PHASE_RESULT 28 LF-LoRa-SF7-32 pktSize=32 rx=0 unique=0 lost=20 per=100.0 rssi_avg=0 rssi_min=0 crc_err=0 garbage=0 tx_lat=0.00000 tx_lon=0.00000 sats=0 fix=0 utc=0 tx_fw=none rx_fw=unknown
PHASE_GUARD 500
LORA_CFG path=0 bw=0x05 sf=7
PHASE_START 29 LF-LoRa-SF7-64 pktSize=64
2026-07-26T13:23:48.006202+00:00 TIME_SYNCED utc=1785072227 offset=1785062474
2026-07-26T13:23:49.017400+00:00 PHASE_RESULT 29 LF-LoRa-SF7-64 pktSize=64 rx=0 unique=0 lost=20 per=100.0 rssi_avg=0 rssi_min=0 crc_err=0 garbage=0 tx_lat=0.00000 tx_lon=0.00000 sats=0 fix=0 utc=0 tx_fw=none rx_fw=unknown
PHASE_GUARD 500
LORA_CFG path=0 bw=0x05 sf=7
PHASE_START 30 LF-LoRa-SF7-128 pktSize=128
2026-07-26T13:23:53.182218+00:00 PHASE_RESULT 30 LF-LoRa-SF7-128 pktSize=128 rx=0 unique=0 lost=13 per=100.0 rssi_avg=0 rssi_min=0 crc_err=0 garbage=0 tx_lat=0.00000 tx_lon=0.00000 sats=0 fix=0 utc=0 tx_fw=none rx_fw=unknown
PHASE_GUARD 500
LORA_CFG path=0 bw=0x05 sf=7
PHASE_START 31 LF-LoRa-SF7-255 pktSize=255
2026-07-26T13:23:57.347266+00:00 TIME_SYNCED utc=1785072236 offset=1785062474
PHASE_RESULT 31 LF-LoRa-SF7-255 pktSize=255 rx=0 unique=0 lost=7 per=100.0 rssi_avg=0 rssi_min=0 crc_err=0 garbage=0 tx_lat=0.00000 tx_lon=0.00000 sats=0 fix=0 utc=0 tx_fw=none rx_fw=unknown
PHASE_GUARD 500
LORA_CFG path=0 bw=0x05 sf=9
PHASE_START 32 LF-LoRa-SF9-32 pktSize=32
2026-07-26T13:23:58.351366+00:00 TIME_SYNCED utc=1785072237 offset=1785062474
2026-07-26T13:24:01.465921+00:00 PHASE_RESULT 32 LF-LoRa-SF9-32 pktSize=32 rx=0 unique=0 lost=7 per=100.0 rssi_avg=0 rssi_min=0 crc_err=0 garbage=0 tx_lat=0.00000 tx_lon=0.00000 sats=0 fix=0 utc=0 tx_fw=none rx_fw=unknown
PHASE_GUARD 500
LORA_CFG path=0 bw=0x05 sf=9
PHASE_START 33 LF-LoRa-SF9-64 pktSize=64
2026-07-26T13:24:04.571471+00:00 PHASE_RESULT 33 LF-LoRa-SF9-64 pktSize=64 rx=0 unique=0 lost=3 per=100.0 rssi_avg=0 rssi_min=0 crc_err=0 garbage=0 tx_lat=0.00000 tx_lon=0.00000 sats=0 fix=0 utc=0 tx_fw=none rx_fw=unknown
PHASE_GUARD 500
LORA_CFG path=0 bw=0x05 sf=9
PHASE_START 34 LF-LoRa-SF9-128 pktSize=128
2026-07-26T13:24:05.582642+00:00 PHASE_RESULT 34 LF-LoRa-SF9-128 pktSize=128 rx=0 unique=0 lost=1 per=100.0 rssi_avg=0 rssi_min=0 crc_err=0 garbage=0 tx_lat=0.00000 tx_lon=0.00000 sats=0 fix=0 utc=0 tx_fw=none rx_fw=unknown
PHASE_GUARD 500
2026-07-26T13:24:06.594386+00:00 LORA_CFG path=0 bw=0x05 sf=9
PHASE_START 35 LF-LoRa-SF9-255 pktSize=255
TIME_SYNCED utc=1785072246 offset=1785062474
2026-07-26T13:24:08.659607+00:00 TIME_SYNCED utc=1785072247 offset=1785062473
2026-07-26T13:24:10.722921+00:00 PHASE_RESULT 35 LF-LoRa-SF9-255 pktSize=255 rx=0 unique=0 lost=1 per=100.0 rssi_avg=0 rssi_min=0 crc_err=0 garbage=0 tx_lat=0.00000 tx_lon=0.00000 sats=0 fix=0 utc=0 tx_fw=none rx_fw=unknown
PHASE_GUARD 500
LORA_CFG path=0 bw=0x05 sf=12
PHASE_START 36 LF-LoRa-SF12-32 pktSize=32
2026-07-26T13:24:16.991032+00:00 TIME_SYNCED utc=1785072256 offset=1785062474
2026-07-26T13:24:19.054288+00:00 TIME_SYNCED utc=1785072258 offset=1785062474
2026-07-26T13:24:25.321233+00:00 PHASE_RESULT 36 LF-LoRa-SF12-32 pktSize=32 rx=0 unique=0 lost=1 per=100.0 rssi_avg=0 rssi_min=0 crc_err=0 garbage=0 tx_lat=0.00000 tx_lon=0.00000 sats=0 fix=0 utc=0 tx_fw=none rx_fw=unknown
PHASE_GUARD 500
LORA_CFG path=0 bw=0x05 sf=12
PHASE_START 37 LF-LoRa-SF12-SKIP SKIP pktSize=64
2026-07-26T13:24:26.332349+00:00 PHASE_RESULT 37 LF-LoRa-SF12-SKIP pktSize=64 rx=0 unique=0 lost=0 per=0.0 rssi_avg=0 rssi_min=0 crc_err=0 garbage=0 tx_lat=0.00000 tx_lon=0.00000 sats=0 fix=0 utc=0 tx_fw=none rx_fw=unknown
PHASE_GUARD 500
LORA_CFG path=0 bw=0x05 sf=12
PHASE_START 38 LF-LoRa-SF12-SKIP SKIP pktSize=128
2026-07-26T13:24:27.344225+00:00 TIME_SYNCED utc=1785072266 offset=1785062474
PHASE_RESULT 38 LF-LoRa-SF12-SKIP pktSize=128 rx=0 unique=0 lost=0 per=0.0 rssi_avg=0 rssi_min=0 crc_err=0 garbage=0 tx_lat=0.00000 tx_lon=0.00000 sats=0 fix=0 utc=0 tx_fw=none rx_fw=unknown
PHASE_GUARD 500
LORA_CFG path=0 bw=0x05 sf=12
PHASE_START 39 LF-LoRa-SF12-SKIP SKIP pktSize=255
2026-07-26T13:24:28.348441+00:00 PHASE_RESULT 39 LF-LoRa-SF12-SKIP pktSize=255 rx=0 unique=0 lost=0 per=0.0 rssi_avg=0 rssi_min=0 crc_err=0 garbage=0 tx_lat=0.00000 tx_lon=0.00000 sats=0 fix=0 utc=0 tx_fw=none rx_fw=unknown
PHASE_GUARD 500
PHASE_START 40 LF-FLRC-2600-32 pktSize=32
2026-07-26T13:24:29.359997+00:00 TIME_SYNCED utc=1785072268 offset=1785062474
SYNC_NOT_FOUND first4=E338C623
2026-07-26T13:24:30.371967+00:00 PHASE_RESULT 40 LF-FLRC-2600-32 pktSize=32 rx=0 unique=0 lost=100 per=100.0 rssi_avg=0 rssi_min=0 crc_err=0 garbage=1 tx_lat=0.00000 tx_lon=0.00000 sats=0 fix=0 utc=0 tx_fw=none rx_fw=unknown
PHASE_GUARD 500
PHASE_START 41 LF-FLRC-2600-64 pktSize=64
2026-07-26T13:24:31.383888+00:00 SYNC_NOT_FOUND first4=D78D1999
2026-07-26T13:24:32.396318+00:00 PHASE_RESULT 41 LF-FLRC-2600-64 pktSize=64 rx=0 unique=0 lost=100 per=100.0 rssi_avg=0 rssi_min=0 crc_err=0 garbage=1 tx_lat=0.00000 tx_lon=0.00000 sats=0 fix=0 utc=0 tx_fw=none rx_fw=unknown
PHASE_GUARD 500
PHASE_START 42 LF-FLRC-2600-128 pktSize=128
2026-07-26T13:24:34.459474+00:00 PHASE_RESULT 42 LF-FLRC-2600-128 pktSize=128 rx=0 unique=0 lost=100 per=100.0 rssi_avg=0 rssi_min=0 crc_err=0 garbage=0 tx_lat=0.00000 tx_lon=0.00000 sats=0 fix=0 utc=0 tx_fw=none rx_fw=unknown
PHASE_GUARD 500
PHASE_START 43 LF-FLRC-2600-255 pktSize=255
2026-07-26T13:24:35.470979+00:00 SYNC_NOT_FOUND first4=96192A73
SYNC_NOT_FOUND first4=A71B49E7
2026-07-26T13:24:36.483545+00:00 PHASE_RESULT 43 LF-FLRC-2600-255 pktSize=255 rx=0 unique=0 lost=100 per=100.0 rssi_avg=0 rssi_min=0 crc_err=0 garbage=2 tx_lat=0.00000 tx_lon=0.00000 sats=0 fix=0 utc=0 tx_fw=none rx_fw=unknown
PHASE_GUARD 500
PHASE_START 44 LF-FLRC-1300-32 pktSize=32
2026-07-26T13:24:37.492898+00:00 TIME_SYNCED utc=1785072276 offset=1785062473
2026-07-26T13:24:39.556188+00:00 PHASE_RESULT 44 LF-FLRC-1300-32 pktSize=32 rx=0 unique=0 lost=100 per=100.0 rssi_avg=0 rssi_min=0 crc_err=0 garbage=0 tx_lat=0.00000 tx_lon=0.00000 sats=0 fix=0 utc=0 tx_fw=none rx_fw=unknown
PHASE_GUARD 500
PHASE_START 45 LF-FLRC-1300-64 pktSize=64
TIME_SYNCED utc=1785072278 offset=1785062473
2026-07-26T13:24:40.567620+00:00 PHASE_RESULT 45 LF-FLRC-1300-64 pktSize=64 rx=0 unique=0 lost=100 per=100.0 rssi_avg=0 rssi_min=0 crc_err=0 garbage=0 tx_lat=0.00000 tx_lon=0.00000 sats=0 fix=0 utc=0 tx_fw=none rx_fw=unknown
PHASE_GUARD 500
2026-07-26T13:24:41.579695+00:00 PHASE_START 46 LF-FLRC-1300-128 pktSize=128
2026-07-26T13:24:42.591622+00:00 SYNC_NOT_FOUND first4=E1331C4B
PHASE_RESULT 46 LF-FLRC-1300-128 pktSize=128 rx=0 unique=0 lost=100 per=100.0 rssi_avg=0 rssi_min=0 crc_err=0 garbage=1 tx_lat=0.00000 tx_lon=0.00000 sats=0 fix=0 utc=0 tx_fw=none rx_fw=unknown
PHASE_GUARD 500
2026-07-26T13:24:43.603557+00:00 PHASE_START 47 LF-FLRC-1300-255 pktSize=255
2026-07-26T13:24:44.614592+00:00 PHASE_RESULT 47 LF-FLRC-1300-255 pktSize=255 rx=0 unique=0 lost=100 per=100.0 rssi_avg=0 rssi_min=0 crc_err=0 garbage=0 tx_lat=0.00000 tx_lon=0.00000 sats=0 fix=0 utc=0 tx_fw=none rx_fw=unknown
PHASE_GUARD 500
2026-07-26T13:24:45.621795+00:00 PHASE_START 48 LF-FLRC-650-32 pktSize=32
SYNC_NOT_FOUND first4=1E7CAA3F
SYNC_NOT_FOUND first4=57098572
2026-07-26T13:24:46.633028+00:00 PHASE_RESULT 48 LF-FLRC-650-32 pktSize=32 rx=0 unique=0 lost=100 per=100.0 rssi_avg=0 rssi_min=0 crc_err=0 garbage=2 tx_lat=0.00000 tx_lon=0.00000 sats=0 fix=0 utc=0 tx_fw=none rx_fw=unknown
PHASE_GUARD 500
2026-07-26T13:24:47.647717+00:00 PHASE_START 49 LF-FLRC-650-64 pktSize=64
TIME_SYNCED utc=1785072286 offset=1785062473
SYNC_NOT_FOUND first4=D806684D
SYNC_NOT_FOUND first4=C95C3B7D
2026-07-26T13:24:48.658994+00:00 SYNC_NOT_FOUND first4=D34A9B23
PHASE_RESULT 49 LF-FLRC-650-64 pktSize=64 rx=0 unique=0 lost=100 per=100.0 rssi_avg=0 rssi_min=0 crc_err=0 garbage=3 tx_lat=0.00000 tx_lon=0.00000 sats=0 fix=0 utc=0 tx_fw=none rx_fw=unknown
PHASE_GUARD 500
2026-07-26T13:24:49.663003+00:00 PHASE_START 50 LF-FLRC-650-128 pktSize=128
TIME_SYNCED utc=1785072288 offset=1785062473
SYNC_NOT_FOUND first4=39672AE3
SYNC_NOT_FOUND first4=25A01A75
SYNC_NOT_FOUND first4=A44BDB2D
2026-07-26T13:24:50.667354+00:00 PHASE_RESULT 50 LF-FLRC-650-128 pktSize=128 rx=0 unique=0 lost=100 per=100.0 rssi_avg=0 rssi_min=0 crc_err=0 garbage=3 tx_lat=0.00000 tx_lon=0.00000 sats=0 fix=0 utc=0 tx_fw=none rx_fw=unknown
PHASE_GUARD 500
2026-07-26T13:24:51.671196+00:00 PHASE_START 51 LF-FLRC-650-255 pktSize=255
SYNC_NOT_FOUND first4=A3C26E21
2026-07-26T13:24:52.682292+00:00 SYNC_NOT_FOUND first4=346792B5
PHASE_RESULT 51 LF-FLRC-650-255 pktSize=255 rx=0 unique=0 lost=100 per=100.0 rssi_avg=0 rssi_min=0 crc_err=0 garbage=2 tx_lat=0.00000 tx_lon=0.00000 sats=0 fix=0 utc=0 tx_fw=none rx_fw=unknown
PHASE_GUARD 500
PHASE_START 52 LF-FLRC-325-32 pktSize=32
2026-07-26T13:24:54.744943+00:00 PHASE_RESULT 52 LF-FLRC-325-32 pktSize=32 rx=0 unique=0 lost=100 per=100.0 rssi_avg=0 rssi_min=0 crc_err=0 garbage=0 tx_lat=0.00000 tx_lon=0.00000 sats=0 fix=0 utc=0 tx_fw=none rx_fw=unknown
PHASE_GUARD 500
PHASE_START 53 LF-FLRC-325-64 pktSize=64
2026-07-26T13:24:56.806484+00:00 PHASE_RESULT 53 LF-FLRC-325-64 pktSize=64 rx=0 unique=0 lost=100 per=100.0 rssi_avg=0 rssi_min=0 crc_err=0 garbage=0 tx_lat=0.00000 tx_lon=0.00000 sats=0 fix=0 utc=0 tx_fw=none rx_fw=unknown
PHASE_GUARD 500
PHASE_START 54 LF-FLRC-325-128 pktSize=128
TIME_SYNCED utc=1785072296 offset=1785062473
2026-07-26T13:24:58.873496+00:00 PHASE_RESULT 54 LF-FLRC-325-128 pktSize=128 rx=0 unique=0 lost=100 per=100.0 rssi_avg=0 rssi_min=0 crc_err=0 garbage=0 tx_lat=0.00000 tx_lon=0.00000 sats=0 fix=0 utc=0 tx_fw=none rx_fw=unknown
PHASE_GUARD 500
PHASE_START 55 LF-FLRC-325-255 pktSize=255
2026-07-26T13:24:59.885812+00:00 TIME_SYNCED utc=1785072298 offset=1785062473
2026-07-26T13:25:00.893098+00:00 PHASE_RESULT 55 LF-FLRC-325-255 pktSize=255 rx=0 unique=0 lost=100 per=100.0 rssi_avg=0 rssi_min=0 crc_err=0 garbage=0 tx_lat=0.00000 tx_lon=0.00000 sats=0 fix=0 utc=0 tx_fw=none rx_fw=unknown
PHASE_GUARD 500
LORA_CFG path=1 bw=0x0F sf=7
PHASE_START 0 HF-LoRa-SF7-32 pktSize=32
2026-07-26T13:25:02.955811+00:00 PHASE_RESULT 0 HF-LoRa-SF7-32 pktSize=32 rx=0 unique=0 lost=20 per=100.0 rssi_avg=0 rssi_min=0 crc_err=0 garbage=0 tx_lat=0.00000 tx_lon=0.00000 sats=0 fix=0 utc=0 tx_fw=none rx_fw=unknown
PHASE_GUARD 500
LORA_CFG path=1 bw=0x0F sf=7
PHASE_START 1 HF-LoRa-SF7-64 pktSize=64
2026-07-26T13:25:05.014194+00:00 PHASE_RESULT 1 HF-LoRa-SF7-64 pktSize=64 rx=0 unique=0 lost=20 per=100.0 rssi_avg=0 rssi_min=0 crc_err=0 garbage=0 tx_lat=0.00000 tx_lon=0.00000 sats=0 fix=0 utc=0 tx_fw=none rx_fw=unknown
PHASE_GUARD 500
LORA_CFG path=1 bw=0x0F sf=7
PHASE_START 2 HF-LoRa-SF7-128 pktSize=128
2026-07-26T13:25:07.077216+00:00 PHASE_RESULT 2 HF-LoRa-SF7-128 pktSize=128 rx=0 unique=0 lost=20 per=100.0 rssi_avg=0 rssi_min=0 crc_err=0 garbage=0 tx_lat=0.00000 tx_lon=0.00000 sats=0 fix=0 utc=0 tx_fw=none rx_fw=unknown
PHASE_GUARD 500
LORA_CFG path=1 bw=0x0F sf=7
PHASE_START 3 HF-LoRa-SF7-255 pktSize=255
TIME_SYNCED utc=1785072306 offset=1785062473
2026-07-26T13:25:10.192273+00:00 TIME_SYNCED utc=1785072309 offset=1785062474
PHASE_RESULT 3 HF-LoRa-SF7-255 pktSize=255 rx=0 unique=0 lost=20 per=100.0 rssi_avg=0 rssi_min=0 crc_err=0 garbage=0 tx_lat=0.00000 tx_lon=0.00000 sats=0 fix=0 utc=0 tx_fw=none rx_fw=unknown
PHASE_GUARD 500
LORA_CFG path=1 bw=0x0F sf=9
PHASE_START 4 HF-LoRa-SF9-32 pktSize=32
2026-07-26T13:25:11.203731+00:00 PHASE_RESULT 4 HF-LoRa-SF9-32 pktSize=32 rx=0 unique=0 lost=20 per=100.0 rssi_avg=0 rssi_min=0 crc_err=0 garbage=0 tx_lat=0.00000 tx_lon=0.00000 sats=0 fix=0 utc=0 tx_fw=none rx_fw=unknown
PHASE_GUARD 500
LORA_CFG path=1 bw=0x0F sf=9
PHASE_START 5 HF-LoRa-SF9-64 pktSize=64
2026-07-26T13:25:14.318469+00:00 PHASE_RESULT 5 HF-LoRa-SF9-64 pktSize=64 rx=0 unique=0 lost=20 per=100.0 rssi_avg=0 rssi_min=0 crc_err=0 garbage=0 tx_lat=0.00000 tx_lon=0.00000 sats=0 fix=0 utc=0 tx_fw=none rx_fw=unknown
PHASE_GUARD 500
LORA_CFG path=1 bw=0x0F sf=9
PHASE_START 6 HF-LoRa-SF9-128 pktSize=128
2026-07-26T13:25:17.437297+00:00 TIME_SYNCED utc=1785072316 offset=1785062473
2026-07-26T13:25:19.505296+00:00 PHASE_RESULT 6 HF-LoRa-SF9-128 pktSize=128 rx=0 unique=0 lost=13 per=100.0 rssi_avg=0 rssi_min=0 crc_err=0 garbage=0 tx_lat=0.00000 tx_lon=0.00000 sats=0 fix=0 utc=0 tx_fw=none rx_fw=unknown
PHASE_GUARD 500
LORA_CFG path=1 bw=0x0F sf=9
PHASE_START 7 HF-LoRa-SF9-255 pktSize=255
2026-07-26T13:25:20.517226+00:00 TIME_SYNCED utc=1785072319 offset=1785062473
2026-07-26T13:25:21.528298+00:00 PHASE_RESULT 7 HF-LoRa-SF9-255 pktSize=255 rx=0 unique=0 lost=6 per=100.0 rssi_avg=0 rssi_min=0 crc_err=0 garbage=0 tx_lat=0.00000 tx_lon=0.00000 sats=0 fix=0 utc=0 tx_fw=none rx_fw=unknown
2026-07-26T13:25:22.544548+00:00 PHASE_GUARD 500
LORA_CFG path=1 bw=0x0F sf=12
PHASE_START 8 HF-LoRa-SF12-32 pktSize=32
2026-07-26T13:25:24.607180+00:00 PHASE_RESULT 8 HF-LoRa-SF12-32 pktSize=32 rx=0 unique=0 lost=2 per=100.0 rssi_avg=0 rssi_min=0 crc_err=0 garbage=0 tx_lat=0.00000 tx_lon=0.00000 sats=0 fix=0 utc=0 tx_fw=none rx_fw=unknown
PHASE_GUARD 500
LORA_CFG path=1 bw=0x0F sf=12
2026-07-26T13:25:25.619192+00:00 PHASE_START 9 HF-LoRa-SF12-64 pktSize=64
2026-07-26T13:25:27.680724+00:00 TIME_SYNCED utc=1785072326 offset=1785062473
PHASE_RESULT 9 HF-LoRa-SF12-64 pktSize=64 rx=0 unique=0 lost=1 per=100.0 rssi_avg=0 rssi_min=0 crc_err=0 garbage=0 tx_lat=0.00000 tx_lon=0.00000 sats=0 fix=0 utc=0 tx_fw=none rx_fw=unknown
PHASE_GUARD 500
LORA_CFG path=1 bw=0x0F sf=12
PHASE_START 10 HF-LoRa-SF12-128 pktSize=128
2026-07-26T13:25:30.794201+00:00 TIME_SYNCED utc=1785072329 offset=1785062473
2026-07-26T13:25:32.862778+00:00 PHASE_RESULT 10 HF-LoRa-SF12-128 pktSize=128 rx=0 unique=0 lost=1 per=100.0 rssi_avg=0 rssi_min=0 crc_err=0 garbage=0 tx_lat=0.00000 tx_lon=0.00000 sats=0 fix=0 utc=0 tx_fw=none rx_fw=unknown
PHASE_GUARD 500
LORA_CFG path=1 bw=0x0F sf=12
PHASE_START 11 HF-LoRa-SF12-255 pktSize=255
2026-07-26T13:25:37.035013+00:00 TIME_SYNCED utc=1785072336 offset=1785062473
2026-07-26T13:25:41.202946+00:00 TIME_SYNCED utc=1785072340 offset=1785062474
2026-07-26T13:25:42.221051+00:00 PHASE_RESULT 11 HF-LoRa-SF12-255 pktSize=255 rx=0 unique=0 lost=1 per=100.0 rssi_avg=0 rssi_min=0 crc_err=0 garbage=0 tx_lat=0.00000 tx_lon=0.00000 sats=0 fix=0 utc=0 tx_fw=none rx_fw=unknown
PHASE_GUARD 500
PHASE_START 12 HF-FLRC-2600-32 pktSize=32
SYNC_NOT_FOUND first4=C108C10B
SYNC_NOT_FOUND first4=8F042DA2
SYNC_NOT_FOUND first4=436859EB
SYNC_NOT_FOUND first4=D368D631
SYNC_NOT_FOUND first4=97501D8A
2026-07-26T13:25:43.232392+00:00 SYNC_NOT_FOUND first4=B2C300B7
SYNC_NOT_FOUND first4=1F1243DA
SYNC_NOT_FOUND first4=B9B2AE9F
SYNC_NOT_FOUND first4=8D5470E1
SYNC_NOT_FOUND first4=1164F0CC
SYNC_NOT_FOUND first4=52830111
SYNC_NOT_FOUND first4=06D9CD2B
SYNC_NOT_FOUND first4=E41616B9
SYNC_NOT_FOUND first4=3157F746
2026-07-26T13:25:44.250539+00:00 PHASE_RESULT 12 HF-FLRC-2600-32 pktSize=32 rx=0 unique=0 lost=100 per=100.0 rssi_avg=0 rssi_min=0 crc_err=0 garbage=14 tx_lat=0.00000 tx_lon=0.00000 sats=0 fix=0 utc=0 tx_fw=none rx_fw=unknown
PHASE_GUARD 500
PHASE_START 13 HF-FLRC-2600-64 pktSize=64
SYNC_NOT_FOUND first4=80A96339
SYNC_NOT_FOUND first4=00424F36
SYNC_NOT_FOUND first4=6B9DDB40
SYNC_NOT_FOUND first4=31AB4D17
2026-07-26T13:25:45.261097+00:00 SYNC_NOT_FOUND first4=539DD406
SYNC_NOT_FOUND first4=F191BBCF
SYNC_NOT_FOUND first4=88DDF662
SYNC_NOT_FOUND first4=9B53B862
SYNC_NOT_FOUND first4=FDE24727
SYNC_NOT_FOUND first4=6A8A0462
2026-07-26T13:25:46.272614+00:00 SYNC_NOT_FOUND first4=18542120
PHASE_RESULT 13 HF-FLRC-2600-64 pktSize=64 rx=0 unique=0 lost=100 per=100.0 rssi_avg=0 rssi_min=0 crc_err=0 garbage=11 tx_lat=0.00000 tx_lon=0.00000 sats=0 fix=0 utc=0 tx_fw=none rx_fw=unknown
PHASE_GUARD 500
PHASE_START 14 HF-FLRC-2600-128 pktSize=128
SYNC_NOT_FOUND first4=46B57195
SYNC_NOT_FOUND first4=C5D784AA
SYNC_NOT_FOUND first4=E6B4076B
SYNC_NOT_FOUND first4=1007FBEB
SYNC_NOT_FOUND first4=A223D8ED
SYNC_NOT_FOUND first4=A5B07F05
SYNC_NOT_FOUND first4=F917A839
SYNC_NOT_FOUND first4=A72DA017
SYNC_NOT_FOUND first4=4B0D9D07
2026-07-26T13:25:47.283573+00:00 SYNC_NOT_FOUND first4=241AA9BA
SYNC_NOT_FOUND first4=CE3898CC
TIME_SYNCED utc=1785072346 offset=1785062473
SYNC_NOT_FOUND first4=8BA72907
SYNC_NOT_FOUND first4=6881A2A6
SYNC_NOT_FOUND first4=1F80FEA0
SYNC_NOT_FOUND first4=AB06E191
SYNC_NOT_FOUND first4=0CB8CA2E
2026-07-26T13:25:48.294833+00:00 SYNC_NOT_FOUND first4=5FB2F2BA
SYNC_NOT_FOUND first4=31AAA844
SYNC_NOT_FOUND first4=B44DADE3
2026-07-26T13:25:49.317286+00:00 PHASE_RESULT 14 HF-FLRC-2600-128 pktSize=128 rx=0 unique=0 lost=100 per=100.0 rssi_avg=0 rssi_min=0 crc_err=0 garbage=19 tx_lat=0.00000 tx_lon=0.00000 sats=0 fix=0 utc=0 tx_fw=none rx_fw=unknown
PHASE_GUARD 500
PHASE_START 15 HF-FLRC-2600-255 pktSize=255
SYNC_NOT_FOUND first4=3312B2E8
SYNC_NOT_FOUND first4=1AF9CD5A
SYNC_NOT_FOUND first4=808E2FA1
SYNC_NOT_FOUND first4=7A275251
2026-07-26T13:25:50.328515+00:00 SYNC_NOT_FOUND first4=3C54F391
SYNC_NOT_FOUND first4=A088D151
SYNC_NOT_FOUND first4=90A93143
SYNC_NOT_FOUND first4=F1EA2427
SYNC_NOT_FOUND first4=F5CD2E22
SYNC_NOT_FOUND first4=2276E9D8
SYNC_NOT_FOUND first4=ED064116
SYNC_NOT_FOUND first4=082BAA98
SYNC_NOT_FOUND first4=B4230CC8
2026-07-26T13:25:51.339769+00:00 SYNC_NOT_FOUND first4=ED6447B5
SYNC_NOT_FOUND first4=2924C46E
TIME_SYNCED utc=1785072350 offset=1785062474
PHASE_RESULT 15 HF-FLRC-2600-255 pktSize=255 rx=0 unique=0 lost=100 per=100.0 rssi_avg=0 rssi_min=0 crc_err=0 garbage=15 tx_lat=0.00000 tx_lon=0.00000 sats=0 fix=0 utc=0 tx_fw=none rx_fw=unknown
PHASE_GUARD 500
PHASE_START 16 HF-FLRC-1300-32 pktSize=32
SYNC_NOT_FOUND first4=9996B85C
2026-07-26T13:25:52.358524+00:00 SYNC_NOT_FOUND first4=E91949F0
PHASE_RESULT 16 HF-FLRC-1300-32 pktSize=32 rx=0 unique=0 lost=100 per=100.0 rssi_avg=0 rssi_min=0 crc_err=0 garbage=2 tx_lat=0.00000 tx_lon=0.00000 sats=0 fix=0 utc=0 tx_fw=none rx_fw=unknown
PHASE_GUARD 500
PHASE_START 17 HF-FLRC-1300-64 pktSize=64
2026-07-26T13:25:53.369286+00:00 SYNC_NOT_FOUND first4=8DE48C61
2026-07-26T13:25:54.388189+00:00 SYNC_NOT_FOUND first4=C455A313
PHASE_RESULT 17 HF-FLRC-1300-64 pktSize=64 rx=0 unique=0 lost=100 per=100.0 rssi_avg=0 rssi_min=0 crc_err=0 garbage=2 tx_lat=0.00000 tx_lon=0.00000 sats=0 fix=0 utc=0 tx_fw=none rx_fw=unknown
PHASE_GUARD 500
PHASE_START 18 HF-FLRC-1300-128 pktSize=128
SYNC_NOT_FOUND first4=E7587996
SYNC_NOT_FOUND first4=84DB33A4
SYNC_NOT_FOUND first4=7717805A
SYNC_NOT_FOUND first4=7C411B37
2026-07-26T13:25:55.399890+00:00 SYNC_NOT_FOUND first4=12CD97EA
SYNC_NOT_FOUND first4=DE630302
2026-07-26T13:25:56.411235+00:00 SYNC_NOT_FOUND first4=D6EDD9E0
PHASE_RESULT 18 HF-FLRC-1300-128 pktSize=128 rx=0 unique=0 lost=100 per=100.0 rssi_avg=0 rssi_min=0 crc_err=0 garbage=7 tx_lat=0.00000 tx_lon=0.00000 sats=0 fix=0 utc=0 tx_fw=none rx_fw=unknown
PHASE_GUARD 500
PHASE_START 19 HF-FLRC-1300-255 pktSize=255
SYNC_NOT_FOUND first4=165D3580
SYNC_NOT_FOUND first4=AA8A4653
2026-07-26T13:25:57.428475+00:00 TIME_SYNCED utc=1785072356 offset=1785062473
SYNC_NOT_FOUND first4=7F18F78D
SYNC_NOT_FOUND first4=543F7096
SYNC_NOT_FOUND first4=A449C678
2026-07-26T13:25:58.439493+00:00 SYNC_NOT_FOUND first4=1A820F15
SYNC_NOT_FOUND first4=9481EFA6
SYNC_NOT_FOUND first4=01F6533E
SYNC_NOT_FOUND first4=D37DEB4F
2026-07-26T13:25:59.454857+00:00 SYNC_NOT_FOUND first4=801A3BD9
PHASE_RESULT 19 HF-FLRC-1300-255 pktSize=255 rx=0 unique=0 lost=100 per=100.0 rssi_avg=0 rssi_min=0 crc_err=0 garbage=10 tx_lat=0.00000 tx_lon=0.00000 sats=0 fix=0 utc=0 tx_fw=none rx_fw=unknown
PHASE_GUARD 500
PHASE_START 20 HF-FLRC-650-32 pktSize=32
SYNC_NOT_FOUND first4=12C6D371
SYNC_NOT_FOUND first4=CA182CD4
SYNC_NOT_FOUND first4=C622BDC1
SYNC_NOT_FOUND first4=622C5AB1
SYNC_NOT_FOUND first4=5AA009E1
SYNC_NOT_FOUND first4=A1BA0DEE
SYNC_NOT_FOUND first4=F5DD309C
SYNC_NOT_FOUND first4=F9C4CFD4
SYNC_NOT_FOUND first4=D054C2B6
SYNC_NOT_FOUND first4=E0D32EA7
SYNC_NOT_FOUND first4=899EBDA0
SYNC_NOT_FOUND first4=F1E75307
SYNC_NOT_FOUND first4=E5956CC7
SYNC_NOT_FOUND first4=2A37C62A
2026-07-26T13:26:00.466026+00:00 SYNC_NOT_FOUND first4=9F83BFEF
SYNC_NOT_FOUND first4=C4FFE92A
SYNC_NOT_FOUND first4=32F4C08F
SYNC_NOT_FOUND first4=02058605
SYNC_NOT_FOUND first4=3F13F15C
SYNC_NOT_FOUND first4=12CD435E
SYNC_NOT_FOUND first4=B13B47E9
SYNC_NOT_FOUND first4=8BAB2B25
SYNC_NOT_FOUND first4=3E1E1DE3
SYNC_NOT_FOUND first4=5A84312D
SYNC_NOT_FOUND first4=923EA018
SYNC_NOT_FOUND first4=DAF51004
SYNC_NOT_FOUND first4=C3700DDF
SYNC_NOT_FOUND first4=55090B31
SYNC_NOT_FOUND first4=A3803328
SYNC_NOT_FOUND first4=AACAEFCA
SYNC_NOT_FOUND first4=0105ED94
SYNC_NOT_FOUND first4=3B04F05E
SYNC_NOT_FOUND first4=AC1CCC37
2026-07-26T13:26:01.476794+00:00 SYNC_NOT_FOUND first4=65212612
SYNC_NOT_FOUND first4=FF05D547
TIME_SYNCED utc=1785072360 offset=1785062474
PHASE_RESULT 20 HF-FLRC-650-32 pktSize=32 rx=0 unique=0 lost=100 per=100.0 rssi_avg=0 rssi_min=0 crc_err=0 garbage=35 tx_lat=0.00000 tx_lon=0.00000 sats=0 fix=0 utc=0 tx_fw=none rx_fw=unknown
PHASE_GUARD 500
PHASE_START 21 HF-FLRC-650-64 pktSize=64
SYNC_NOT_FOUND first4=55BC8EFA
SYNC_NOT_FOUND first4=4347003E
SYNC_NOT_FOUND first4=6114FA82
SYNC_NOT_FOUND first4=06E2CC9A
SYNC_NOT_FOUND first4=D9DFC786
SYNC_NOT_FOUND first4=7A43D13F
SYNC_NOT_FOUND first4=EFD44976
SYNC_NOT_FOUND first4=9E96531C
SYNC_NOT_FOUND first4=30E460D8
SYNC_NOT_FOUND first4=E142E803
SYNC_NOT_FOUND first4=411BBBE8
2026-07-26T13:26:02.488228+00:00 SYNC_NOT_FOUND first4=388EA9BF
PHASE_RESULT 21 HF-FLRC-650-64 pktSize=64 rx=0 unique=0 lost=100 per=100.0 rssi_avg=0 rssi_min=0 crc_err=0 garbage=12 tx_lat=0.00000 tx_lon=0.00000 sats=0 fix=0 utc=0 tx_fw=none rx_fw=unknown
PHASE_GUARD 500
PHASE_START 22 HF-FLRC-650-128 pktSize=128
SYNC_NOT_FOUND first4=FE5E38EA
SYNC_NOT_FOUND first4=E2BD43FE
SYNC_NOT_FOUND first4=1719C45F
SYNC_NOT_FOUND first4=BC812DB3
SYNC_NOT_FOUND first4=19B357B7
SYNC_NOT_FOUND first4=F12BA1D8
SYNC_NOT_FOUND first4=AA7C7BD1
SYNC_NOT_FOUND first4=C2832711
SYNC_NOT_FOUND first4=E59222EB
SYNC_NOT_FOUND first4=2F423AA6
SYNC_NOT_FOUND first4=E2B2036B
SYNC_NOT_FOUND first4=56175585
SYNC_NOT_FOUND first4=9DF81B80
SYNC_NOT_FOUND first4=E0449579
2026-07-26T13:26:03.506154+00:00 SYNC_NOT_FOUND first4=2322CEBE
SYNC_NOT_FOUND first4=107C87B6
SYNC_NOT_FOUND first4=1EEB01C3
SYNC_NOT_FOUND first4=8A4D246C
SYNC_NOT_FOUND first4=DE2D354B
SYNC_NOT_FOUND first4=77FF3C53
SYNC_NOT_FOUND first4=B22D59DA
SYNC_NOT_FOUND first4=96A08610
SYNC_NOT_FOUND first4=E75E8CD2
SYNC_NOT_FOUND first4=81198C9D
SYNC_NOT_FOUND first4=9E0E4505
SYNC_NOT_FOUND first4=1004F7CB
SYNC_NOT_FOUND first4=3213759F
SYNC_NOT_FOUND first4=9CA8B914
SYNC_NOT_FOUND first4=30EB024D
SYNC_NOT_FOUND first4=3EDEF7A2
SYNC_NOT_FOUND first4=A6CF2370
SYNC_NOT_FOUND first4=0D74A6E2
SYNC_NOT_FOUND first4=796EB19B
SYNC_NOT_FOUND first4=8A5FC80E
SYNC_NOT_FOUND first4=D57C7D91
SYNC_NOT_FOUND first4=4111F83F
SYNC_NOT_FOUND first4=FDC7BC8F
SYNC_NOT_FOUND first4=019BE809
SYNC_NOT_FOUND first4=B237E653
SYNC_NOT_FOUND first4=6487C037
SYNC_NOT_FOUND first4=ED66AF1E
SYNC_NOT_FOUND first4=4A0FD3BE
PHASE_RESULT 22 HF-FLRC-650-128 pktSize=128 rx=0 unique=0 lost=100 per=100.0 rssi_avg=0 rssi_min=0 crc_err=0 garbage=42 tx_lat=0.00000 tx_lon=0.00000 sats=0 fix=0 utc=0 tx_fw=none rx_fw=unknown
2026-07-26T13:26:04.523687+00:00 PHASE_GUARD 500
PHASE_START 23 HF-FLRC-650-255 pktSize=255
SYNC_NOT_FOUND first4=E2AB908A
SYNC_NOT_FOUND first4=7E954F4F
SYNC_NOT_FOUND first4=9F5BC71E
SYNC_NOT_FOUND first4=3B77D69D
SYNC_NOT_FOUND first4=7E605A60
SYNC_NOT_FOUND first4=0EFCAAF0
SYNC_NOT_FOUND first4=2DB47CAF
SYNC_NOT_FOUND first4=1FD0ED13
SYNC_NOT_FOUND first4=8E9FE98D
SYNC_NOT_FOUND first4=A97F681E
SYNC_NOT_FOUND first4=B8D0C9FC
SYNC_NOT_FOUND first4=41890681
SYNC_NOT_FOUND first4=50944B0E
SYNC_NOT_FOUND first4=C465CD48
2026-07-26T13:26:05.534770+00:00 SYNC_NOT_FOUND first4=3AA33490
SYNC_NOT_FOUND first4=2C03A4C5
SYNC_NOT_FOUND first4=41EBB369
SYNC_NOT_FOUND first4=B4A21092
SYNC_NOT_FOUND first4=216B0825
SYNC_NOT_FOUND first4=84270F5B
SYNC_NOT_FOUND first4=CE7A34BB
SYNC_NOT_FOUND first4=0447F730
SYNC_NOT_FOUND first4=71CC41DA
SYNC_NOT_FOUND first4=2B692C62
SYNC_NOT_FOUND first4=16301622
SYNC_NOT_FOUND first4=7C268AEA
SYNC_NOT_FOUND first4=A1719B96
SYNC_NOT_FOUND first4=FD2F8575
PHASE_RESULT 23 HF-FLRC-650-255 pktSize=255 rx=0 unique=0 lost=100 per=100.0 rssi_avg=0 rssi_min=0 crc_err=0 garbage=28 tx_lat=0.00000 tx_lon=0.00000 sats=0 fix=0 utc=0 tx_fw=none rx_fw=unknown
PHASE_GUARD 500
2026-07-26T13:26:06.544290+00:00 PHASE_START 24 HF-FLRC-325-32 pktSize=32
SYNC_NOT_FOUND first4=FCEDB882
SYNC_NOT_FOUND first4=0BA72527
SYNC_NOT_FOUND first4=7FD328E0
SYNC_NOT_FOUND first4=96F9D390
2026-07-26T13:26:07.555454+00:00 TIME_SYNCED utc=1785072366 offset=1785062473
SYNC_NOT_FOUND first4=DCFFBBA2
SYNC_NOT_FOUND first4=7317C3DC
SYNC_NOT_FOUND first4=C8328559
2026-07-26T13:26:08.573076+00:00 SYNC_NOT_FOUND first4=BD776942
SYNC_NOT_FOUND first4=1C96F89F
SYNC_NOT_FOUND first4=4EC0A0D4
PHASE_RESULT 24 HF-FLRC-325-32 pktSize=32 rx=0 unique=0 lost=100 per=100.0 rssi_avg=0 rssi_min=0 crc_err=0 garbage=10 tx_lat=0.00000 tx_lon=0.00000 sats=0 fix=0 utc=0 tx_fw=none rx_fw=unknown
PHASE_GUARD 500
2026-07-26T13:26:09.587379+00:00 PHASE_START 25 HF-FLRC-325-64 pktSize=64
2026-07-26T13:26:10.598511+00:00 SYNC_NOT_FOUND first4=2522A7F7
SYNC_NOT_FOUND first4=210BFABF
SYNC_NOT_FOUND first4=168A7114
PHASE_RESULT 25 HF-FLRC-325-64 pktSize=64 rx=0 unique=0 lost=100 per=100.0 rssi_avg=0 rssi_min=0 crc_err=0 garbage=3 tx_lat=0.00000 tx_lon=0.00000 sats=0 fix=0 utc=0 tx_fw=none rx_fw=unknown
PHASE_GUARD 500
2026-07-26T13:26:11.611970+00:00 PHASE_START 26 HF-FLRC-325-128 pktSize=128
TIME_SYNCED utc=1785072370 offset=1785062473
SYNC_NOT_FOUND first4=2E24D0B8
SYNC_NOT_FOUND first4=252AABE1
2026-07-26T13:26:12.623627+00:00 SYNC_NOT_FOUND first4=74887DD7
SYNC_NOT_FOUND first4=7AE559E4
SYNC_NOT_FOUND first4=64CBFA1C
PHASE_RESULT 26 HF-FLRC-325-128 pktSize=128 rx=0 unique=0 lost=100 per=100.0 rssi_avg=0 rssi_min=0 crc_err=0 garbage=5 tx_lat=0.00000 tx_lon=0.00000 sats=0 fix=0 utc=0 tx_fw=none rx_fw=unknown
PHASE_GUARD 500
2026-07-26T13:26:13.638129+00:00 PHASE_START 27 HF-FLRC-325-255 pktSize=255
SYNC_NOT_FOUND first4=D5860C46
SYNC_NOT_FOUND first4=200A849E
SYNC_NOT_FOUND first4=0F13FEEF
2026-07-26T13:26:14.660978+00:00 SYNC_NOT_FOUND first4=83742C5E
SYNC_NOT_FOUND first4=6E46549F
PHASE_RESULT 27 HF-FLRC-325-255 pktSize=255 rx=0 unique=0 lost=100 per=100.0 rssi_avg=0 rssi_min=0 crc_err=0 garbage=5 tx_lat=0.00000 tx_lon=0.00000 sats=0 fix=0 utc=0 tx_fw=none rx_fw=unknown
PHASE_GUARD 500
LORA_CFG path=0 bw=0x05 sf=7
PHASE_START 28 LF-LoRa-SF7-32 pktSize=32
2026-07-26T13:26:16.724850+00:00 PHASE_RESULT 28 LF-LoRa-SF7-32 pktSize=32 rx=0 unique=0 lost=20 per=100.0 rssi_avg=0 rssi_min=0 crc_err=0 garbage=0 tx_lat=0.00000 tx_lon=0.00000 sats=0 fix=0 utc=0 tx_fw=none rx_fw=unknown
PHASE_GUARD 500
LORA_CFG path=0 bw=0x05 sf=7
PHASE_START 29 LF-LoRa-SF7-64 pktSize=64
TIME_SYNCED utc=1785072376 offset=1785062473
2026-07-26T13:26:19.838129+00:00 PHASE_RESULT 29 LF-LoRa-SF7-64 pktSize=64 rx=0 unique=0 lost=20 per=100.0 rssi_avg=0 rssi_min=0 crc_err=0 garbage=0 tx_lat=0.00000 tx_lon=0.00000 sats=0 fix=0 utc=0 tx_fw=none rx_fw=unknown
PHASE_GUARD 500
LORA_CFG path=0 bw=0x05 sf=7
PHASE_START 30 LF-LoRa-SF7-128 pktSize=128
2026-07-26T13:26:21.906946+00:00 TIME_SYNCED utc=1785072380 offset=1785062473
2026-07-26T13:26:23.969144+00:00 PHASE_RESULT 30 LF-LoRa-SF7-128 pktSize=128 rx=0 unique=0 lost=13 per=100.0 rssi_avg=0 rssi_min=0 crc_err=0 garbage=0 tx_lat=0.00000 tx_lon=0.00000 sats=0 fix=0 utc=0 tx_fw=none rx_fw=unknown
PHASE_GUARD 500
LORA_CFG path=0 bw=0x05 sf=7
PHASE_START 31 LF-LoRa-SF7-255 pktSize=255
2026-07-26T13:26:27.082688+00:00 TIME_SYNCED utc=1785072386 offset=1785062473
2026-07-26T13:26:28.094298+00:00 PHASE_RESULT 31 LF-LoRa-SF7-255 pktSize=255 rx=0 unique=0 lost=7 per=100.0 rssi_avg=0 rssi_min=0 crc_err=0 garbage=0 tx_lat=0.00000 tx_lon=0.00000 sats=0 fix=0 utc=0 tx_fw=none rx_fw=unknown
PHASE_GUARD 500
LORA_CFG path=0 bw=0x05 sf=9
PHASE_START 32 LF-LoRa-SF9-32 pktSize=32
2026-07-26T13:26:32.260354+00:00 TIME_SYNCED utc=1785072391 offset=1785062474
PHASE_RESULT 32 LF-LoRa-SF9-32 pktSize=32 rx=0 unique=0 lost=7 per=100.0 rssi_avg=0 rssi_min=0 crc_err=0 garbage=0 tx_lat=0.00000 tx_lon=0.00000 sats=0 fix=0 utc=0 tx_fw=none rx_fw=unknown
PHASE_GUARD 500
LORA_CFG path=0 bw=0x05 sf=9
PHASE_START 33 LF-LoRa-SF9-64 pktSize=64
2026-07-26T13:26:34.323246+00:00 PHASE_RESULT 33 LF-LoRa-SF9-64 pktSize=64 rx=0 unique=0 lost=3 per=100.0 rssi_avg=0 rssi_min=0 crc_err=0 garbage=0 tx_lat=0.00000 tx_lon=0.00000 sats=0 fix=0 utc=0 tx_fw=none rx_fw=unknown
PHASE_GUARD 500
LORA_CFG path=0 bw=0x05 sf=9
PHASE_START 34 LF-LoRa-SF9-128 pktSize=128
2026-07-26T13:26:36.387085+00:00 PHASE_RESULT 34 LF-LoRa-SF9-128 pktSize=128 rx=0 unique=0 lost=1 per=100.0 rssi_avg=0 rssi_min=0 crc_err=0 garbage=0 tx_lat=0.00000 tx_lon=0.00000 sats=0 fix=0 utc=0 tx_fw=none rx_fw=unknown
PHASE_GUARD 500
LORA_CFG path=0 bw=0x05 sf=9
PHASE_START 35 LF-LoRa-SF9-255 pktSize=255
2026-07-26T13:26:37.398356+00:00 TIME_SYNCED utc=1785072396 offset=1785062473
2026-07-26T13:26:40.511755+00:00 PHASE_RESULT 35 LF-LoRa-SF9-255 pktSize=255 rx=0 unique=0 lost=1 per=100.0 rssi_avg=0 rssi_min=0 crc_err=0 garbage=0 tx_lat=0.00000 tx_lon=0.00000 sats=0 fix=0 utc=0 tx_fw=none rx_fw=unknown
2026-07-26T13:26:41.524547+00:00 PHASE_GUARD 500
LORA_CFG path=0 bw=0x05 sf=12
PHASE_START 36 LF-LoRa-SF12-32 pktSize=32
2026-07-26T13:26:42.536766+00:00 TIME_SYNCED utc=1785072401 offset=1785062473
2026-07-26T13:26:47.754233+00:00 TIME_SYNCED utc=1785072406 offset=1785062473
2026-07-26T13:26:52.963287+00:00 TIME_SYNCED utc=1785072411 offset=1785062473
2026-07-26T13:26:56.073632+00:00 PHASE_RESULT 36 LF-LoRa-SF12-32 pktSize=32 rx=0 unique=0 lost=1 per=100.0 rssi_avg=0 rssi_min=0 crc_err=0 garbage=0 tx_lat=0.00000 tx_lon=0.00000 sats=0 fix=0 utc=0 tx_fw=none rx_fw=unknown
PHASE_GUARD 500
LORA_CFG path=0 bw=0x05 sf=12
PHASE_START 37 LF-LoRa-SF12-SKIP SKIP pktSize=64
2026-07-26T13:26:57.085630+00:00 PHASE_RESULT 37 LF-LoRa-SF12-SKIP pktSize=64 rx=0 unique=0 lost=0 per=0.0 rssi_avg=0 rssi_min=0 crc_err=0 garbage=0 tx_lat=0.00000 tx_lon=0.00000 sats=0 fix=0 utc=0 tx_fw=none rx_fw=unknown
PHASE_GUARD 500
LORA_CFG path=0 bw=0x05 sf=12
PHASE_START 38 LF-LoRa-SF12-SKIP SKIP pktSize=128
TIME_SYNCED utc=1785072416 offset=1785062473
2026-07-26T13:26:58.097074+00:00 PHASE_RESULT 38 LF-LoRa-SF12-SKIP pktSize=128 rx=0 unique=0 lost=0 per=0.0 rssi_avg=0 rssi_min=0 crc_err=0 garbage=0 tx_lat=0.00000 tx_lon=0.00000 sats=0 fix=0 utc=0 tx_fw=none rx_fw=unknown
PHASE_GUARD 500
LORA_CFG path=0 bw=0x05 sf=12
PHASE_START 39 LF-LoRa-SF12-SKIP SKIP pktSize=255
2026-07-26T13:26:59.109121+00:00 PHASE_RESULT 39 LF-LoRa-SF12-SKIP pktSize=255 rx=0 unique=0 lost=0 per=0.0 rssi_avg=0 rssi_min=0 crc_err=0 garbage=0 tx_lat=0.00000 tx_lon=0.00000 sats=0 fix=0 utc=0 tx_fw=none rx_fw=unknown
PHASE_GUARD 500
PHASE_START 40 LF-FLRC-2600-32 pktSize=32
2026-07-26T13:27:01.171298+00:00 PHASE_RESULT 40 LF-FLRC-2600-32 pktSize=32 rx=0 unique=0 lost=100 per=100.0 rssi_avg=0 rssi_min=0 crc_err=0 garbage=0 tx_lat=0.00000 tx_lon=0.00000 sats=0 fix=0 utc=0 tx_fw=none rx_fw=unknown
PHASE_GUARD 500
PHASE_START 41 LF-FLRC-2600-64 pktSize=64
SYNC_NOT_FOUND first4=8647B53D
2026-07-26T13:27:02.183337+00:00 SYNC_NOT_FOUND first4=96CA8C9B
2026-07-26T13:27:03.194416+00:00 TIME_SYNCED utc=1785072422 offset=1785062474
PHASE_RESULT 41 LF-FLRC-2600-64 pktSize=64 rx=0 unique=0 lost=100 per=100.0 rssi_avg=0 rssi_min=0 crc_err=0 garbage=2 tx_lat=0.00000 tx_lon=0.00000 sats=0 fix=0 utc=0 tx_fw=none rx_fw=unknown
PHASE_GUARD 500
PHASE_START 42 LF-FLRC-2600-128 pktSize=128
SYNC_NOT_FOUND first4=0537EC75
SYNC_NOT_FOUND first4=127C65BC
2026-07-26T13:27:04.206295+00:00 SYNC_NOT_FOUND first4=B418D110
PHASE_RESULT 42 LF-FLRC-2600-128 pktSize=128 rx=0 unique=0 lost=100 per=100.0 rssi_avg=0 rssi_min=0 crc_err=0 garbage=3 tx_lat=0.00000 tx_lon=0.00000 sats=0 fix=0 utc=0 tx_fw=none rx_fw=unknown
PHASE_GUARD 500
PHASE_START 43 LF-FLRC-2600-255 pktSize=255
2026-07-26T13:27:06.269246+00:00 PHASE_RESULT 43 LF-FLRC-2600-255 pktSize=255 rx=0 unique=0 lost=100 per=100.0 rssi_avg=0 rssi_min=0 crc_err=0 garbage=0 tx_lat=0.00000 tx_lon=0.00000 sats=0 fix=0 utc=0 tx_fw=none rx_fw=unknown
PHASE_GUARD 500
PHASE_START 44 LF-FLRC-1300-32 pktSize=32
SYNC_NOT_FOUND first4=C2F4320F
2026-07-26T13:27:07.281031+00:00 TIME_SYNCED utc=1785072426 offset=1785062473
2026-07-26T13:27:09.343228+00:00 PHASE_RESULT 44 LF-FLRC-1300-32 pktSize=32 rx=0 unique=0 lost=100 per=100.0 rssi_avg=0 rssi_min=0 crc_err=0 garbage=1 tx_lat=0.00000 tx_lon=0.00000 sats=0 fix=0 utc=0 tx_fw=none rx_fw=unknown
PHASE_GUARD 500
PHASE_START 45 LF-FLRC-1300-64 pktSize=64
2026-07-26T13:27:10.356038+00:00 SYNC_NOT_FOUND first4=F5DFCD95
2026-07-26T13:27:11.368292+00:00 PHASE_RESULT 45 LF-FLRC-1300-64 pktSize=64 rx=0 unique=0 lost=100 per=100.0 rssi_avg=0 rssi_min=0 crc_err=0 garbage=1 tx_lat=0.00000 tx_lon=0.00000 sats=0 fix=0 utc=0 tx_fw=none rx_fw=unknown
PHASE_GUARD 500
PHASE_START 46 LF-FLRC-1300-128 pktSize=128
2026-07-26T13:27:13.431200+00:00 TIME_SYNCED utc=1785072432 offset=1785062474
PHASE_RESULT 46 LF-FLRC-1300-128 pktSize=128 rx=0 unique=0 lost=100 per=100.0 rssi_avg=0 rssi_min=0 crc_err=0 garbage=0 tx_lat=0.00000 tx_lon=0.00000 sats=0 fix=0 utc=0 tx_fw=none rx_fw=unknown
PHASE_GUARD 500
PHASE_START 47 LF-FLRC-1300-255 pktSize=255
SYNC_NOT_FOUND first4=D3227386
2026-07-26T13:27:14.442376+00:00 PHASE_RESULT 47 LF-FLRC-1300-255 pktSize=255 rx=0 unique=0 lost=100 per=100.0 rssi_avg=0 rssi_min=0 crc_err=0 garbage=1 tx_lat=0.00000 tx_lon=0.00000 sats=0 fix=0 utc=0 tx_fw=none rx_fw=unknown
PHASE_GUARD 500
PHASE_START 48 LF-FLRC-650-32 pktSize=32
SYNC_NOT_FOUND first4=7C0C2B6C
2026-07-26T13:27:15.454078+00:00 SYNC_NOT_FOUND first4=205C5BB6
SYNC_NOT_FOUND first4=42D1DFB1
2026-07-26T13:27:16.465851+00:00 PHASE_RESULT 48 LF-FLRC-650-32 pktSize=32 rx=0 unique=0 lost=100 per=100.0 rssi_avg=0 rssi_min=0 crc_err=0 garbage=3 tx_lat=0.00000 tx_lon=0.00000 sats=0 fix=0 utc=0 tx_fw=none rx_fw=unknown
PHASE_GUARD 500
PHASE_START 49 LF-FLRC-650-64 pktSize=64
SYNC_NOT_FOUND first4=71445552
SYNC_NOT_FOUND first4=9D7E26E8
SYNC_NOT_FOUND first4=A3DA479E
2026-07-26T13:27:17.477762+00:00 SYNC_NOT_FOUND first4=570633EA
TIME_SYNCED utc=1785072436 offset=1785062473
SYNC_NOT_FOUND first4=056C2A66
SYNC_NOT_FOUND first4=BC374570
2026-07-26T13:27:18.488717+00:00 PHASE_RESULT 49 LF-FLRC-650-64 pktSize=64 rx=0 unique=0 lost=100 per=100.0 rssi_avg=0 rssi_min=0 crc_err=0 garbage=6 tx_lat=0.00
2026-07-26T13:27:19.500209+00:00 000 tx_lon=0.00000 sats=0 fix=0 utc=0 tx_fw=none rx_fw=unknown
PHASE_GUARD 500
PHASE_START 50 LF-FLRC-650-128 pktSize=128
2026-07-26T13:27:20.511781+00:00 SYNC_NOT_FOUND first4=533DBFF4
SYNC_NOT_FOUND first4=1A97B180
PHASE_RESULT 50 LF-FLRC-650-128 pktSize=128 rx=0 unique=0 lost=100 per=100.0 rssi_avg=0 rssi_min=0 crc_err=0 garbage=2 tx_lat=0.00000 tx_lon=0.00000 sats=0 fix=0 utc=0 tx_fw=none rx_fw=unknown
PHASE_GUARD 500
2026-07-26T13:27:21.524129+00:00 PHASE_START 51 LF-FLRC-650-255 pktSize=255
SYNC_NOT_FOUND first4=23064A45
SYNC_NOT_FOUND first4=8EB2A2A8
SYNC_NOT_FOUND first4=E756236B
SYNC_NOT_FOUND first4=B609F85E
2026-07-26T13:27:22.527800+00:00 PHASE_RESULT 51 LF-FLRC-650-255 pktSize=255 rx=0 unique=0 lost=100 per=100.0 rssi_avg=0 rssi_min=0 crc_err=0 garbage=4 tx_lat=0.00000 tx_lon=0.00000 sats=0 fix=0 utc=0 tx_fw=none rx_fw=unknown
PHASE_GUARD 500
2026-07-26T13:27:23.540198+00:00 PHASE_START 52 LF-FLRC-325-32 pktSize=32
TIME_SYNCED utc=1785072442 offset=1785062473
2026-07-26T13:27:24.551456+00:00 PHASE_RESULT 52 LF-FLRC-325-32 pktSize=32 rx=0 unique=0 lost=100 per=100.0 rssi_avg=0 rssi_min=0 crc_err=0 garbage=0 tx_lat=0.00000 tx_lon=0.00000 sats=0 fix=0 utc=0 tx_fw=none rx_fw=unknown
PHASE_GUARD 500
2026-07-26T13:27:25.564003+00:00 PHASE_START 53 LF-FLRC-325-64 pktSize=64
SYNC_NOT_FOUND first4=917AC201
2026-07-26T13:27:26.575929+00:00 PHASE_RESULT 53 LF-FLRC-325-64 pktSize=64 rx=0 unique=0 lost=100 per=100.0 rssi_avg=0 rssi_min=0 crc_err=0 garbage=1 tx_lat=0.00000 tx_lon=0.00000 sats=0 fix=0 utc=0 tx_fw=none rx_fw=unknown
PHASE_GUARD 500
2026-07-26T13:27:27.587199+00:00 PHASE_START 54 LF-FLRC-325-128 pktSize=128
TIME_SYNCED utc=1785072446 offset=1785062473
2026-07-26T13:27:28.598267+00:00 PHASE_RESULT 54 LF-FLRC-325-128 pktSize=128 rx=0 unique=0 lost=100 per=100.0 rssi_avg=0 rssi_min=0 crc_err=0 garbage=0 tx_lat=0.00000 tx_lon=0.00000 sats=0 fix=0 utc=0 tx_fw=none rx_fw=unknown
PHASE_GUARD 500
2026-07-26T13:27:29.610304+00:00 PHASE_START 55 LF-FLRC-325-255 pktSize=255
2026-07-26T13:27:30.622058+00:00 PHASE_RESULT 55 LF-FLRC-325-255 pktSize=255 rx=0 unique=0 lost=100 per=100.0 rssi_avg=0 rssi_min=0 crc_err=0 garbage=0 tx_lat=0.00000 tx_lon=0.00000 sats=0 fix=0 utc=0 tx_fw=none rx_fw=unknown
PHASE_GUARD 500
LORA_CFG path=1 bw=0x0F sf=7
2026-07-26T13:27:31.634300+00:00 PHASE_START 0 HF-LoRa-SF7-32 pktSize=32
2026-07-26T13:27:32.645298+00:00 PHASE_RESULT 0 HF-LoRa-SF7-32 pktSize=32 rx=0 unique=0 lost=20 per=100.0 rssi_avg=0 rssi_min=0 crc_err=0 garbage=0 tx_lat=0.00000 tx_lon=0.00000 sats=0 fix=0 utc=0 tx_fw=none rx_fw=unknown
PHASE_GUARD 500
LORA_CFG path=1 bw=0x0F sf=7
PHASE_START 1 HF-LoRa-SF7-64 pktSize=64
2026-07-26T13:27:33.657695+00:00 TIME_SYNCED utc=1785072452 offset=1785062473
2026-07-26T13:27:34.668849+00:00 PHASE_RESULT 1 HF-LoRa-SF7-64 pktSize=64 rx=0 unique=0 lost=20 per=100.0 rssi_avg=0 rssi_min=0 crc_err=0 garbage=0 tx_lat=0.00000 tx_lon=0.00000 sats=0 fix=0 utc=0 tx_fw=none rx_fw=unknown
PHASE_GUARD 500
LORA_CFG path=1 bw=0x0F sf=7
PHASE_START 2 HF-LoRa-SF7-128 pktSize=128
2026-07-26T13:27:36.731913+00:00 PHASE_RESULT 2 HF-LoRa-SF7-128 pktSize=128 rx=0 unique=0 lost=20 per=100.0 rssi_avg=0 rssi_min=0 crc_err=0 garbage=0 tx_lat=0.00000 tx_lon=0.00000 sats=0 fix=0 utc=0 tx_fw=none rx_fw=unknown
PHASE_GUARD 500
LORA_CFG path=1 bw=0x0F sf=7
PHASE_START 3 HF-LoRa-SF7-255 pktSize=255
2026-07-26T13:27:37.743352+00:00 TIME_SYNCED utc=1785072456 offset=1785062473
2026-07-26T13:27:39.805354+00:00 PHASE_RESULT 3 HF-LoRa-SF7-255 pktSize=255 rx=0 unique=0 lost=20 per=100.0 rssi_avg=0 rssi_min=0 crc_err=0 garbage=0 tx_lat=0.00000 tx_lon=0.00000 sats=0 fix=0 utc=0 tx_fw=none rx_fw=unknown
PHASE_GUARD 500
LORA_CFG path=1 bw=0x0F sf=9
PHASE_START 4 HF-LoRa-SF9-32 pktSize=32
2026-07-26T13:27:41.869000+00:00 PHASE_RESULT 4 HF-LoRa-SF9-32 pktSize=32 rx=0 unique=0 lost=20 per=100.0 rssi_avg=0 rssi_min=0 crc_err=0 garbage=0 tx_lat=0.00000 tx_lon=0.00000 sats=0 fix=0 utc=0 tx_fw=none rx_fw=unknown
PHASE_GUARD 500
LORA_CFG path=1 bw=0x0F sf=9
PHASE_START 5 HF-LoRa-SF9-64 pktSize=64
2026-07-26T13:27:43.933025+00:00 TIME_SYNCED utc=1785072462 offset=1785062473
2026-07-26T13:27:44.944238+00:00 PHASE_RESULT 5 HF-LoRa-SF9-64 pktSize=64 rx=0 unique=0 lost=20 per=100.0 rssi_avg=0 rssi_min=0 crc_err=0 garbage=0 tx_lat=0.00000 tx_lon=0.00000 sats=0 fix=0 utc=0 tx_fw=none rx_fw=unknown
PHASE_GUARD 500
LORA_CFG path=1 bw=0x0F sf=9
PHASE_START 6 HF-LoRa-SF9-128 pktSize=128
2026-07-26T13:27:47.006893+00:00 TIME_SYNCED utc=1785072466 offset=1785062473
2026-07-26T13:27:49.070555+00:00 PHASE_RESULT 6 HF-LoRa-SF9-128 pktSize=128 rx=0 unique=0 lost=13 per=100.0 rssi_avg=0 rssi_min=0 crc_err=0 garbage=0 tx_lat=0.00000 tx_lon=0.00000 sats=0 fix=0 utc=0 tx_fw=none rx_fw=unknown
PHASE_GUARD 500
LORA_CFG path=1 bw=0x0F sf=9
PHASE_START 7 HF-LoRa-SF9-255 pktSize=255
2026-07-26T13:27:52.185050+00:00 PHASE_RESULT 7 HF-LoRa-SF9-255 pktSize=255 rx=0 unique=0 lost=6 per=100.0 rssi_avg=0 rssi_min=0 crc_err=0 garbage=0 tx_lat=0.00000 tx_lon=0.00000 sats=0 fix=0 utc=0 tx_fw=none rx_fw=unknown
PHASE_GUARD 500
LORA_CFG path=1 bw=0x0F sf=12
PHASE_START 8 HF-LoRa-SF12-32 pktSize=32
2026-07-26T13:27:54.248235+00:00 TIME_SYNCED utc=1785072473 offset=1785062474
PHASE_RESULT 8 HF-LoRa-SF12-32 pktSize=32 rx=0 unique=0 lost=2 per=100.0 rssi_avg=0 rssi_min=0 crc_err=0 garbage=0 tx_lat=0.00000 tx_lon=0.00000 sats=0 fix=0 utc=0 tx_fw=none rx_fw=unknown
PHASE_GUARD 500
LORA_CFG path=1 bw=0x0F sf=12
PHASE_START 9 HF-LoRa-SF12-64 pktSize=64
2026-07-26T13:27:57.361781+00:00 PHASE_RESULT 9 HF-LoRa-SF12-64 pktSize=64 rx=0 unique=0 lost=1 per=100.0 rssi_avg=0 rssi_min=0 crc_err=0 garbage=0 tx_lat=0.00000 tx_lon=0.00000 sats=0 fix=0 utc=0 tx_fw=none rx_fw=unknown
PHASE_GUARD 500
LORA_CFG path=1 bw=0x0F sf=12
PHASE_START 10 HF-LoRa-SF12-128 pktSize=128
TIME_SYNCED utc=1785072476 offset=1785062473
PHASE_RESULT 10 HF-LoRa-SF12-128 pktSize=128 rx=0 unique=0 lost=1 per=100.0 rssi_avg=0 rssi_min=0 crc_err=0 garbage=0 tx_lat=0.00000 tx_lon=0.00000 sats=0 fix=0 utc=0 tx_fw=none rx_fw=unknown
PHASE_GUARD 500
LORA_CFG path=1 bw=0x0F sf=12
PHASE_START 9 HF-LoRa-SF12-64 pktSize=64
2026-07-26T13:27:58.374247+00:00 PHASE_RESULT 9 HF-LoRa-SF12-64 pktSize=64 rx=0 unique=0 lost=1 per=100.0 rssi_avg=0 rssi_min=0 crc_err=0 garbage=0 tx_lat=0.00000 tx_lon=0.00000 sats=0 fix=0 utc=0 tx_fw=none rx_fw=unknown
PHASE_GUARD 500
LORA_CFG path=1 bw=0x0F sf=12
PHASE_START 10 HF-LoRa-SF12-128 pktSize=128
2026-07-26T13:28:02.539936+00:00 PHASE_RESULT 10 HF-LoRa-SF12-128 pktSize=128 rx=0 unique=0 lost=1 per=100.0 rssi_avg=0 rssi_min=0 crc_err=0 garbage=0 tx_lat=0.00000 tx_lon=0.00000 sats=0 fix=0 utc=0 tx_fw=none rx_fw=unknown
PHASE_GUARD 500
2026-07-26T13:28:03.552600+00:00 LORA_CFG path=1 bw=0x0F sf=12
PHASE_START 11 HF-LoRa-SF12-255 pktSize=255
2026-07-26T13:28:04.565173+00:00 TIME_SYNCED utc=1785072483 offset=1785062473
2026-07-26T13:28:07.679922+00:00 TIME_SYNCED utc=1785072486 offset=1785062473
2026-07-26T13:28:12.889630+00:00 PHASE_RESULT 11 HF-LoRa-SF12-255 pktSize=255 rx=0 unique=0 lost=1 per=100.0 rssi_avg=0 rssi_min=0 crc_err=0 garbage=0 tx_lat=0.00000 tx_lon=0.00000 sats=0 fix=0 utc=0 tx_fw=none rx_fw=unknown
PHASE_GUARD 500
PHASE_START 12 HF-FLRC-2600-32 pktSize=32
SYNC_NOT_FOUND first4=C98455D2
SYNC_NOT_FOUND first4=4C19658A
SYNC_NOT_FOUND first4=4B95B3CD
SYNC_NOT_FOUND first4=75A91C8F
2026-07-26T13:28:13.908194+00:00 SYNC_NOT_FOUND first4=CEF0D19D
SYNC_NOT_FOUND first4=8D1AAD50
SYNC_NOT_FOUND first4=E4052377
SYNC_NOT_FOUND first4=A756E62C
SYNC_NOT_FOUND first4=8AF345A8
SYNC_NOT_FOUND first4=5F2FBC75
2026-07-26T13:28:14.921442+00:00 TIME_SYNCED utc=1785072493 offset=1785062473
SYNC_NOT_FOUND first4=3730DB9E
SYNC_NOT_FOUND first4=160032AF
SYNC_NOT_FOUND first4=02440527
SYNC_NOT_FOUND first4=6C468558
SYNC_NOT_FOUND first4=5A2FDCED
PHASE_RESULT 12 HF-FLRC-2600-32 pktSize=32 rx=0 unique=0 lost=100 per=100.0 rssi_avg=0 rssi_min=0 crc_err=0 garbage=15 tx_lat=0.00000 tx_lon=0.00000 sats=0 fix=0 utc=0 tx_fw=none rx_fw=unknown
PHASE_GUARD 500
PHASE_START 13 HF-FLRC-2600-64 pktSize=64
SYNC_NOT_FOUND first4=F249F6F2
SYNC_NOT_FOUND first4=AC2251BE
2026-07-26T13:28:15.938112+00:00 SYNC_NOT_FOUND first4=79483F83
SYNC_NOT_FOUND first4=C0C91D9F
SYNC_NOT_FOUND first4=F9C9D7F3
SYNC_NOT_FOUND first4=1E1E9FC9
SYNC_NOT_FOUND first4=CEFBAA1C
SYNC_NOT_FOUND first4=FB0E43F7
SYNC_NOT_FOUND first4=4036135E
SYNC_NOT_FOUND first4=C4EED0D9
SYNC_NOT_FOUND first4=6A962AF4
2026-07-26T13:28:16.954654+00:00 SYNC_NOT_FOUND first4=DB8B966E
SYNC_NOT_FOUND first4=D3411B70
SYNC_NOT_FOUND first4=7BA1EB24
SYNC_NOT_FOUND first4=9B52FF37
PHASE_RESULT 13 HF-FLRC-2600-64 pktSize=64 rx=0 unique=0 lost=100 per=100.0 rssi_avg=0 rssi_min=0 crc_err=0 garbage=15 tx_lat=0.00000 tx_lon=0.00000 sats=0 fix=0 utc=0 tx_fw=none rx_fw=unknown
PHASE_GUARD 500
PHASE_START 14 HF-FLRC-2600-128 pktSize=128
SYNC_NOT_FOUND first4=48CB2145
SYNC_NOT_FOUND first4=D5C1419C
SYNC_NOT_FOUND first4=4A7039ED
TIME_SYNCED utc=1785072496 offset=1785062473
2026-07-26T13:28:17.973153+00:00 SYNC_NOT_FOUND first4=EB7B3FA1
SYNC_NOT_FOUND first4=6E087AA2
SYNC_NOT_FOUND first4=047B6213
SYNC_NOT_FOUND first4=29A4254C
SYNC_NOT_FOUND first4=659386CE
SYNC_NOT_FOUND first4=D6CFEA72
SYNC_NOT_FOUND first4=9DF321FA
2026-07-26T13:28:18.984637+00:00 SYNC_NOT_FOUND first4=B7B440D9
SYNC_NOT_FOUND first4=35190DD6
PHASE_RESULT 14 HF-FLRC-2600-128 pktSize=128 rx=0 unique=0 lost=100 per=100.0 rssi_avg=0 rssi_min=0 crc_err=0 garbage=12 tx_lat=0.00000 tx_lon=0.00000 sats=0 fix=0 utc=0 tx_fw=none rx_fw=unknown
PHASE_GUARD 500
PHASE_START 15 HF-FLRC-2600-255 pktSize=255
SYNC_NOT_FOUND first4=355EA4D9
SYNC_NOT_FOUND first4=0C3F21B7
SYNC_NOT_FOUND first4=3AA7EF1E
2026-07-26T13:28:19.995719+00:00 SYNC_NOT_FOUND first4=7736BD67
SYNC_NOT_FOUND first4=82A7B3BD
SYNC_NOT_FOUND first4=E5B67D79
SYNC_NOT_FOUND first4=7E988C2B
SYNC_NOT_FOUND first4=42A72043
SYNC_NOT_FOUND first4=81682552
SYNC_NOT_FOUND first4=8673FCEA
SYNC_NOT_FOUND first4=0D8F71A6
SYNC_NOT_FOUND first4=EB635338
2026-07-26T13:28:21.006615+00:00 PHASE_RESULT 15 HF-FLRC-2600-255 pktSize=255 rx=0 unique=0 lost=100 per=100.0 rssi_avg=0 rssi_min=0 crc_err=0 garbage=12 tx_lat=0.00000 tx_lon=0.00000 sats=0 fix=0 utc=0 tx_fw=none rx_fw=unknown
PHASE_GUARD 500
PHASE_START 16 HF-FLRC-1300-32 pktSize=32
SYNC_NOT_FOUND first4=D5C7618C
SYNC_NOT_FOUND first4=9ECABFC6
2026-07-26T13:28:22.029304+00:00 SYNC_NOT_FOUND first4=0995027D
SYNC_NOT_FOUND first4=861E5244
SYNC_NOT_FOUND first4=A39B68F3
2026-07-26T13:28:23.037139+00:00 PHASE_RESULT 16 HF-FLRC-1300-32 pktSize=32 rx=0 unique=0 lost=100 per=100.0 rssi_avg=0 rssi_min=0 crc_err=0 garbage=5 tx_lat=0.00000 tx_lon=0.00000 sats=0 fix=0 utc=0 tx_fw=none rx_fw=unknown
PHASE_GUARD 500
PHASE_START 17 HF-FLRC-1300-64 pktSize=64
SYNC_NOT_FOUND first4=4E7BF966
2026-07-26T13:28:24.043703+00:00 SYNC_NOT_FOUND first4=201B7DB0
SYNC_NOT_FOUND first4=9A366B21
SYNC_NOT_FOUND first4=11C011E8
2026-07-26T13:28:25.057357+00:00 TIME_SYNCED utc=1785072504 offset=1785062474
PHASE_RESULT 17 HF-FLRC-1300-64 pktSize=64 rx=0 unique=0 lost=100 per=100.0 rssi_avg=0 rssi_min=0 crc_err=0 garbage=4 tx_lat=0.00000 tx_lon=0.00000 sats=0 fix=0 utc=0 tx_fw=none rx_fw=unknown
PHASE_GUARD 500
PHASE_START 18 HF-FLRC-1300-128 pktSize=128
SYNC_NOT_FOUND first4=C694D26C
2026-07-26T13:28:26.068924+00:00 SYNC_NOT_FOUND first4=96935771
SYNC_NOT_FOUND first4=EEEF0FC0
PHASE_RESULT 18 HF-FLRC-1300-128 pktSize=128 rx=0 unique=0 lost=100 per=100.0 rssi_avg=0 rssi_min=0 crc_err=0 garbage=3 tx_lat=0.00000 tx_lon=0.00000 sats=0 fix=0 utc=0 tx_fw=none rx_fw=unknown
PHASE_GUARD 500
PHASE_START 19 HF-FLRC-1300-255 pktSize=255
2026-07-26T13:28:27.084520+00:00 SYNC_NOT_FOUND first4=1E3EF4CE
SYNC_NOT_FOUND first4=100B93A3
SYNC_NOT_FOUND first4=3581F6F0
SYNC_NOT_FOUND first4=4598339F
SYNC_NOT_FOUND first4=5BF2E1E1
TIME_SYNCED utc=1785072506 offset=1785062473
2026-07-26T13:28:28.100782+00:00 SYNC_NOT_FOUND first4=B1764573
SYNC_NOT_FOUND first4=6B84865F
SYNC_NOT_FOUND first4=14F9829D
2026-07-26T13:28:29.117227+00:00 PHASE_RESULT 19 HF-FLRC-1300-255 pktSize=255 rx=0 unique=0 lost=100 per=100.0 rssi_avg=0 rssi_min=0 crc_err=0 garbage=8 tx_lat=0.00000 tx_lon=0.00000 sats=0 fix=0 utc=0 tx_fw=none rx_fw=unknown
PHASE_GUARD 500
PHASE_START 20 HF-FLRC-650-32 pktSize=32
SYNC_NOT_FOUND first4=617C2AD2
SYNC_NOT_FOUND first4=895A08A0
SYNC_NOT_FOUND first4=57D06A59
SYNC_NOT_FOUND first4=4C19F693
SYNC_NOT_FOUND first4=880DF7ED
SYNC_NOT_FOUND first4=B6C2FAB9
SYNC_NOT_FOUND first4=8E889468
SYNC_NOT_FOUND first4=F994A802
SYNC_NOT_FOUND first4=74E1D300
SYNC_NOT_FOUND first4=BDB5B42E
SYNC_NOT_FOUND first4=21A996C5
SYNC_NOT_FOUND first4=6F667600
SYNC_NOT_FOUND first4=1F7BB2B5
SYNC_NOT_FOUND first4=848A9104
2026-07-26T13:28:30.128540+00:00 SYNC_NOT_FOUND first4=79239EFD
SYNC_NOT_FOUND first4=0A90051B
SYNC_NOT_FOUND first4=FC1D7404
SYNC_NOT_FOUND first4=ACE8A73B
SYNC_NOT_FOUND first4=8CEE3D62
SYNC_NOT_FOUND first4=9DE25ADD
SYNC_NOT_FOUND first4=32DA7024
SYNC_NOT_FOUND first4=FDFF068C
SYNC_NOT_FOUND first4=A183CAAD
SYNC_NOT_FOUND first4=E57BFB08
SYNC_NOT_FOUND first4=31219928
SYNC_NOT_FOUND first4=4CB6DDAF
SYNC_NOT_FOUND first4=84A0954E
SYNC_NOT_FOUND first4=87581558
SYNC_NOT_FOUND first4=7BF15FDC
SYNC_NOT_FOUND first4=ACB80F15
SYNC_NOT_FOUND first4=FDD30589
SYNC_NOT_FOUND first4=EA85F7E0
SYNC_NOT_FOUND first4=30A463DA
SYNC_NOT_FOUND first4=C2DC33A5
SYNC_NOT_FOUND first4=9F635B81
SYNC_NOT_FOUND first4=CC214D2F
SYNC_NOT_FOUND first4=D83A4366
SYNC_NOT_FOUND first4=39C86CA6
2026-07-26T13:28:31.141350+00:00 SYNC_NOT_FOUND first4=DC01D89C
SYNC_NOT_FOUND first4=B4FA87DA
SYNC_NOT_FOUND first4=262DDE67
SYNC_NOT_FOUND first4=14315933
SYNC_NOT_FOUND first4=B301AD27
SYNC_NOT_FOUND first4=EBE23A9A
SYNC_NOT_FOUND first4=9874AE99
SYNC_NOT_FOUND first4=6D16AB66
PHASE_RESULT 20 HF-FLRC-650-32 pktSize=32 rx=0 unique=0 lost=100 per=100.0 rssi_avg=0 rssi_min=0 crc_err=0 garbage=46 tx_lat=0.00000 tx_lon=0.00000 sats=0 fix=0 utc=0 tx_fw=none rx_fw=unknown
PHASE_GUARD 500
PHASE_START 21 HF-FLRC-650-64 pktSize=64
SYNC_NOT_FOUND first4=531A0E6D
SYNC_NOT_FOUND first4=0691955E
SYNC_NOT_FOUND first4=A980330C
SYNC_NOT_FOUND first4=F5F83E28
SYNC_NOT_FOUND first4=62031273
SYNC_NOT_FOUND first4=2873D1F6
SYNC_NOT_FOUND first4=79EAAC8B
SYNC_NOT_FOUND first4=C6EC2ADD
SYNC_NOT_FOUND first4=8071BE53
SYNC_NOT_FOUND first4=CF342481
2026-07-26T13:28:32.160477+00:00 SYNC_NOT_FOUND first4=2F1F5304
SYNC_NOT_FOUND first4=DA977834
SYNC_NOT_FOUND first4=9280FD05
SYNC_NOT_FOUND first4=15F747E8
SYNC_NOT_FOUND first4=1B6ACFC0
SYNC_NOT_FOUND first4=6C344A08
SYNC_NOT_FOUND first4=0BDB1086
SYNC_NOT_FOUND first4=CCB13545
SYNC_NOT_FOUND first4=76EA2A70
SYNC_NOT_FOUND first4=238308F0
SYNC_NOT_FOUND first4=2E04ED1F
SYNC_NOT_FOUND first4=081A2E2B
SYNC_NOT_FOUND first4=8EB7C0A7
SYNC_NOT_FOUND first4=39B5A6AA
SYNC_NOT_FOUND first4=2983EB8F
SYNC_NOT_FOUND first4=3FE95B95
SYNC_NOT_FOUND first4=1E9431D3
SYNC_NOT_FOUND first4=8EC635D9
SYNC_NOT_FOUND first4=10085560
SYNC_NOT_FOUND first4=3DFB674B
SYNC_NOT_FOUND first4=908D2D92
SYNC_NOT_FOUND first4=31F7B2CD
SYNC_NOT_FOUND first4=BA4D55AD
SYNC_NOT_FOUND first4=FE0C5748
SYNC_NOT_FOUND first4=A5DB2010
SYNC_NOT_FOUND first4=69787782
SYNC_NOT_FOUND first4=F1E5039E
SYNC_NOT_FOUND first4=46E7BF71
2026-07-26T13:28:33.178510+00:00 SYNC_NOT_FOUND first4=20328637
SYNC_NOT_FOUND first4=224C7857
SYNC_NOT_FOUND first4=1F2ED301
SYNC_NOT_FOUND first4=5966C24C
SYNC_NOT_FOUND first4=397ACFEC
PHASE_RESULT 21 HF-FLRC-650-64 pktSize=64 rx=0 unique=0 lost=100 per=100.0 rssi_avg=0 rssi_min=0 crc_err=0 garbage=43 tx_lat=0.00000 tx_lon=0.00000 sats=0 fix=0 utc=0 tx_fw=none rx_fw=unknown
PHASE_GUARD 500
PHASE_START 22 HF-FLRC-650-128 pktSize=128
SYNC_NOT_FOUND first4=0B15F6C1
SYNC_NOT_FOUND first4=BF60AF87
SYNC_NOT_FOUND first4=DAD49FD6
SYNC_NOT_FOUND first4=69570D7E
SYNC_NOT_FOUND first4=43475C9F
SYNC_NOT_FOUND first4=88E5F313
SYNC_NOT_FOUND first4=49801E1C
SYNC_NOT_FOUND first4=FA5D4FBD
SYNC_NOT_FOUND first4=14D431A0
SYNC_NOT_FOUND first4=0137F2F6
2026-07-26T13:28:34.189291+00:00 SYNC_NOT_FOUND first4=4316B2B2
SYNC_NOT_FOUND first4=1CC95E0D
SYNC_NOT_FOUND first4=A482DF17
SYNC_NOT_FOUND first4=C9EA1FA6
SYNC_NOT_FOUND first4=C074F050
SYNC_NOT_FOUND first4=F2132D2F
SYNC_NOT_FOUND first4=56CC6BC8
SYNC_NOT_FOUND first4=78931A5C
SYNC_NOT_FOUND first4=503F1206
SYNC_NOT_FOUND first4=4C6825FA
SYNC_NOT_FOUND first4=EA6EB72B
SYNC_NOT_FOUND first4=DB51A76F
SYNC_NOT_FOUND first4=13443F93
SYNC_NOT_FOUND first4=20588787
SYNC_NOT_FOUND first4=E7904568
SYNC_NOT_FOUND first4=94044B55
SYNC_NOT_FOUND first4=1418699C
SYNC_NOT_FOUND first4=EF31B787
SYNC_NOT_FOUND first4=02C28328
SYNC_NOT_FOUND first4=8616115D
SYNC_NOT_FOUND first4=DF29442D
SYNC_NOT_FOUND first4=309423C5
SYNC_NOT_FOUND first4=36641676
SYNC_NOT_FOUND first4=2E06F06F
SYNC_NOT_FOUND first4=8E2C650A
2026-07-26T13:28:35.202151+00:00 TIME_SYNCED utc=1785072514 offset=1785062474
PHASE_RESULT 22 HF-FLRC-650-128 pktSize=128 rx=0 unique=0 lost=100 per=100.0 rssi_avg=0 rssi_min=0 crc_err=0 garbage=35 tx_lat=0.00000 tx_lon=0.00000 sats=0 fix=0 utc=0 tx_fw=none rx_fw=unknown
PHASE_GUARD 500
PHASE_START 23 HF-FLRC-650-255 pktSize=255
SYNC_NOT_FOUND first4=4A486A60
SYNC_NOT_FOUND first4=51E4F60C
SYNC_NOT_FOUND first4=60BE3824
SYNC_NOT_FOUND first4=21282C1A
SYNC_NOT_FOUND first4=0378DE32
SYNC_NOT_FOUND first4=C01EC712
SYNC_NOT_FOUND first4=47B6BAEF
SYNC_NOT_FOUND first4=3C08CEF2
SYNC_NOT_FOUND first4=42883C8A
SYNC_NOT_FOUND first4=B2C8146F
SYNC_NOT_FOUND first4=9495EA00
SYNC_NOT_FOUND first4=A7D55B7B
SYNC_NOT_FOUND first4=D0391900
SYNC_NOT_FOUND first4=302A6BED
SYNC_NOT_FOUND first4=91150164
SYNC_NOT_FOUND first4=39768B60
SYNC_NOT_FOUND first4=25DF2A6B
SYNC_NOT_FOUND first4=D7CBCCAE
SYNC_NOT_FOUND first4=5E331A08
2026-07-26T13:28:36.213232+00:00 SYNC_NOT_FOUND first4=C77BB8B6
SYNC_NOT_FOUND first4=24B2CC28
SYNC_NOT_FOUND first4=E8B514E1
SYNC_NOT_FOUND first4=D24E8C68
PHASE_RESULT 23 HF-FLRC-650-255 pktSize=255 rx=0 unique=0 lost=100 per=100.0 rssi_avg=0 rssi_min=0 crc_err=0 garbage=23 tx_lat=0.00000 tx_lon=0.00000 sats=0 fix=0 utc=0 tx_fw=none rx_fw=unknown
PHASE_GUARD 500
PHASE_START 24 HF-FLRC-325-32 pktSize=32
SYNC_NOT_FOUND first4=108BA9E9
SYNC_NOT_FOUND first4=70B2FA7C
SYNC_NOT_FOUND first4=CBF497D5
SYNC_NOT_FOUND first4=DDE0E7D4
2026-07-26T13:28:37.231961+00:00 SYNC_NOT_FOUND first4=BCE73424
SYNC_NOT_FOUND first4=C20FA39C
TIME_SYNCED utc=1785072516 offset=1785062473
2026-07-26T13:28:38.247323+00:00 SYNC_NOT_FOUND first4=C3FE4BDD
SYNC_NOT_FOUND first4=867B435B
2026-07-26T13:28:39.260695+00:00 SYNC_NOT_FOUND first4=792F7B5E
PHASE_RESULT 24 HF-FLRC-325-32 pktSize=32 rx=0 unique=0 lost=100 per=100.0 rssi_avg=0 rssi_min=0 crc_err=0 garbage=9 tx_lat=0.00000 tx_lon=0.00000 sats=0 fix=0 utc=0 tx_fw=none rx_fw=unknown
PHASE_GUARD 500
PHASE_START 25 HF-FLRC-325-64 pktSize=64
SYNC_NOT_FOUND first4=13ECDD40
SYNC_NOT_FOUND first4=2879ED81
SYNC_NOT_FOUND first4=4ECD671F
2026-07-26T13:28:40.273689+00:00 SYNC_NOT_FOUND first4=59F98B65
SYNC_NOT_FOUND first4=A5715C58
SYNC_NOT_FOUND first4=02E8D945
2026-07-26T13:28:41.284645+00:00 PHASE_RESULT 25 HF-FLRC-325-64 pktSize=64 rx=0 unique=0 lost=100 per=100.0 rssi_avg=0 rssi_min=0 crc_err=0 garbage=6 tx_lat=0.00000 tx_lon=0.00000 sats=0 fix=0 utc=0 tx_fw=none rx_fw=unknown
PHASE_GUARD 500
PHASE_START 26 HF-FLRC-325-128 pktSize=128
SYNC_NOT_FOUND first4=CABA96DD
SYNC_NOT_FOUND first4=A01A1581
SYNC_NOT_FOUND first4=88D05F3F
SYNC_NOT_FOUND first4=622D5EE8
2026-07-26T13:28:42.301761+00:00 SYNC_NOT_FOUND first4=FEF389BC
SYNC_NOT_FOUND first4=52FD0414
2026-07-26T13:28:43.318416+00:00 SYNC_NOT_FOUND first4=9E9DD5B1
PHASE_RESULT 26 HF-FLRC-325-128 pktSize=128 rx=0 unique=0 lost=100 per=100.0 rssi_avg=0 rssi_min=0 crc_err=0 garbage=7 tx_lat=0.00000 tx_lon=0.00000 sats=0 fix=0 utc=0 tx_fw=none rx_fw=unknown
PHASE_GUARD 500
PHASE_START 27 HF-FLRC-325-255 pktSize=255
SYNC_NOT_FOUND first4=0514536B
SYNC_NOT_FOUND first4=D0FF5359
2026-07-26T13:28:44.335685+00:00 SYNC_NOT_FOUND first4=0DD97E50
2026-07-26T13:28:45.355296+00:00 TIME_SYNCED utc=1785072524 offset=1785062474
PHASE_RESULT 27 HF-FLRC-325-255 pktSize=255 rx=0 unique=0 lost=100 per=100.0 rssi_avg=0 rssi_min=0 crc_err=0 garbage=3 tx_lat=0.00000 tx_lon=0.00000 sats=0 fix=0 utc=0 tx_fw=none rx_fw=unknown
PHASE_GUARD 500
LORA_CFG path=0 bw=0x05 sf=7
PHASE_START 28 LF-LoRa-SF7-32 pktSize=32
2026-07-26T13:28:46.366354+00:00 PHASE_RESULT 28 LF-LoRa-SF7-32 pktSize=32 rx=0 unique=0 lost=20 per=100.0 rssi_avg=0 rssi_min=0 crc_err=0 garbage=0 tx_lat=0.00000 tx_lon=0.00000 sats=0 fix=0 utc=0 tx_fw=none rx_fw=unknown
PHASE_GUARD 500
LORA_CFG path=0 bw=0x05 sf=7
PHASE_START 29 LF-LoRa-SF7-64 pktSize=64
2026-07-26T13:28:47.384683+00:00 TIME_SYNCED utc=1785072526 offset=1785062473
2026-07-26T13:28:50.500650+00:00 PHASE_RESULT 29 LF-LoRa-SF7-64 pktSize=64 rx=0 unique=0 lost=20 per=100.0 rssi_avg=0 rssi_min=0 crc_err=0 garbage=0 tx_lat=0.00000 tx_lon=0.00000 sats=0 fix=0 utc=0 tx_fw=none rx_fw=unknown
PHASE_GUARD 500
LORA_CFG path=0 bw=0x05 sf=7
PHASE_START 30 LF-LoRa-SF7-128 pktSize=128
2026-07-26T13:28:53.620677+00:00 PHASE_RESULT 30 LF-LoRa-SF7-128 pktSize=128 rx=0 unique=0 lost=13 per=100.0 rssi_avg=0 rssi_min=0 crc_err=0 garbage=0 tx_lat=0.00000 tx_lon=0.00000 sats=0 fix=0 utc=0 tx_fw=none rx_fw=unknown
PHASE_GUARD 500
LORA_CFG path=0 bw=0x05 sf=7
PHASE_START 31 LF-LoRa-SF7-255 pktSize=255
2026-07-26T13:28:55.692883+00:00 TIME_SYNCED utc=1785072534 offset=1785062473
2026-07-26T13:28:57.754652+00:00 TIME_SYNCED utc=1785072536 offset=1785062473
PHASE_RESULT 31 LF-LoRa-SF7-255 pktSize=255 rx=0 unique=0 lost=7 per=100.0 rssi_avg=0 rssi_min=0 crc_err=0 garbage=0 tx_lat=0.00000 tx_lon=0.00000 sats=0 fix=0 utc=0 tx_fw=none rx_fw=unknown
PHASE_GUARD 500
LORA_CFG path=0 bw=0x05 sf=9
PHASE_START 32 LF-LoRa-SF9-32 pktSize=32
2026-07-26T13:29:01.925676+00:00 PHASE_RESULT 32 LF-LoRa-SF9-32 pktSize=32 rx=0 unique=0 lost=7 per=100.0 rssi_avg=0 rssi_min=0 crc_err=0 garbage=0 tx_lat=0.00000 tx_lon=0.00000 sats=0 fix=0 utc=0 tx_fw=none rx_fw=unknown
PHASE_GUARD 500
LORA_CFG path=0 bw=0x05 sf=9
PHASE_START 33 LF-LoRa-SF9-64 pktSize=64
2026-07-26T13:29:05.047232+00:00 PHASE_RESULT 33 LF-LoRa-SF9-64 pktSize=64 rx=0 unique=0 lost=3 per=100.0 rssi_avg=0 rssi_min=0 crc_err=0 garbage=0 tx_lat=0.00000 tx_lon=0.00000 sats=0 fix=0 utc=0 tx_fw=none rx_fw=unknown
PHASE_GUARD 500
LORA_CFG path=0 bw=0x05 sf=9
PHASE_START 34 LF-LoRa-SF9-128 pktSize=128
2026-07-26T13:29:06.066273+00:00 TIME_SYNCED utc=1785072545 offset=1785062474
PHASE_RESULT 34 LF-LoRa-SF9-128 pktSize=128 rx=0 unique=0 lost=1 per=100.0 rssi_avg=0 rssi_min=0 crc_err=0 garbage=0 tx_lat=0.00000 tx_lon=0.00000 sats=0 fix=0 utc=0 tx_fw=none rx_fw=unknown
PHASE_GUARD 500
LORA_CFG path=0 bw=0x05 sf=9
PHASE_START 35 LF-LoRa-SF9-255 pktSize=255
2026-07-26T13:29:07.077474+00:00 TIME_SYNCED utc=1785072546 offset=1785062473
2026-07-26T13:29:11.250295+00:00 PHASE_RESULT 35 LF-LoRa-SF9-255 pktSize=255 rx=0 unique=0 lost=1 per=100.0 rssi_avg=0 rssi_min=0 crc_err=0 garbage=0 tx_lat=0.00000 tx_lon=0.00000 sats=0 fix=0 utc=0 tx_fw=none rx_fw=unknown
PHASE_GUARD 500
LORA_CFG path=0 bw=0x05 sf=12
PHASE_START 36 LF-LoRa-SF12-32 pktSize=32
2026-07-26T13:29:16.475227+00:00 TIME_SYNCED utc=1785072555 offset=1785062473
2026-07-26T13:29:17.480692+00:00 TIME_SYNCED utc=1785072557 offset=1785062474
2026-07-26T13:29:24.804215+00:00 PHASE_RESULT 36 LF-LoRa-SF12-32 pktSize=32 rx=0 unique=0 lost=1 per=100.0 rssi_avg=0 rssi_min=0 crc_err=0 garbage=0 tx_lat=0.00000 tx_lon=0.00000 sats=0 fix=0 utc=0 tx_fw=none rx_fw=unknown
PHASE_GUARD 500
LORA_CFG path=0 bw=0x05 sf=12
PHASE_START 37 LF-LoRa-SF12-SKIP SKIP pktSize=64
2026-07-26T13:29:25.816231+00:00 PHASE_RESULT 37 LF-LoRa-SF12-SKIP pktSize=64 rx=0 unique=0 lost=0 per=0.0 rssi_avg=0 rssi_min=0 crc_err=0 garbage=0 tx_lat=0.00000 tx_lon=0.00000 sats=0 fix=0 utc=0 tx_fw=none rx_fw=unknown
PHASE_GUARD 500
LORA_CFG path=0 bw=0x05 sf=12
PHASE_START 38 LF-LoRa-SF12-SKIP SKIP pktSize=128
2026-07-26T13:29:26.827298+00:00 TIME_SYNCED utc=1785072565 offset=1785062473
PHASE_RESULT 38 LF-LoRa-SF12-SKIP pktSize=128 rx=0 unique=0 lost=0 per=0.0 rssi_avg=0 rssi_min=0 crc_err=0 garbage=0 tx_lat=0.00000 tx_lon=0.00000 sats=0 fix=0 utc=0 tx_fw=none rx_fw=unknown
PHASE_GUARD 500
LORA_CFG path=0 bw=0x05 sf=12
PHASE_START 37 LF-LoRa-SF12-SKIP SKIP pktSize=64
PHASE_RESULT 37 LF-LoRa-SF12-SKIP pktSize=64 rx=0 unique=0 lost=0 per=0.0 rssi_avg=0 rssi_min=0 crc_err=0 garbage=0 tx_lat=0.00000 tx_lon=0.00000 sats=0 fix=0 utc=0 tx_fw=none rx_fw=unknown
PHASE_GUARD 500
LORA_CFG path=0 bw=0x05 sf=12
PHASE_START 38 LF-LoRa-SF12-SKIP SKIP pktSize=128
2026-07-26T13:29:27.845534+00:00 TIME_SYNCED utc=1785072567 offset=1785062474
PHASE_RESULT 38 LF-LoRa-SF12-SKIP pktSize=128 rx=0 unique=0 lost=0 per=0.0 rssi_avg=0 rssi_min=0 crc_err=0 garbage=0 tx_lat=0.00000 tx_lon=0.00000 sats=0 fix=0 utc=0 tx_fw=none rx_fw=unknown
PHASE_GUARD 500
LORA_CFG path=0 bw=0x05 sf=12
PHASE_START 39 LF-LoRa-SF12-SKIP SKIP pktSize=255
PHASE_RESULT 39 LF-LoRa-SF12-SKIP pktSize=255 rx=0 unique=0 lost=0 per=0.0 rssi_avg=0 rssi_min=0 crc_err=0 garbage=0 tx_lat=0.00000 tx_lon=0.00000 sats=0 fix=0 utc=0 tx_fw=none rx_fw=unknown
PHASE_GUARD 500
PHASE_START 40 LF-FLRC-2600-32 pktSize=32
2026-07-26T13:29:28.855907+00:00 SYNC_NOT_FOUND first4=79930897
SYNC_NOT_FOUND first4=090AA4C7
SYNC_NOT_FOUND first4=2AA23B40
2026-07-26T13:29:29.878145+00:00 SYNC_NOT_FOUND first4=BE227087
PHASE_RESULT 40 LF-FLRC-2600-32 pktSize=32 rx=0 unique=0 lost=100 per=100.0 rssi_avg=0 rssi_min=0 crc_err=0 garbage=4 tx_lat=0.00000 tx_lon=0.00000 sats=0 fix=0 utc=0 tx_fw=none rx_fw=unknown
PHASE_GUARD 500
PHASE_START 41 LF-FLRC-2600-64 pktSize=64
2026-07-26T13:29:31.940432+00:00 PHASE_RESULT 41 LF-FLRC-2600-64 pktSize=64 rx=0 unique=0 lost=100 per=100.0 rssi_avg=0 rssi_min=0 crc_err=0 garbage=0 tx_lat=0.00000 tx_lon=0.00000 sats=0 fix=0 utc=0 tx_fw=none rx_fw=unknown
PHASE_GUARD 500
PHASE_START 42 LF-FLRC-2600-128 pktSize=128
SYNC_NOT_FOUND first4=3DC7295F
SYNC_NOT_FOUND first4=3EC2A712
SYNC_NOT_FOUND first4=09A78E28
2026-07-26T13:29:32.963666+00:00 SYNC_NOT_FOUND first4=4AADB849
2026-07-26T13:29:33.974856+00:00 PHASE_RESULT 42 LF-FLRC-2600-128 pktSize=128 rx=0 unique=0 lost=100 per=100.0 rssi_avg=0 rssi_min=0 crc_err=0 garbage=4 tx_lat=0.00000 tx_lon=0.00000 sats=0 fix=0 utc=0 tx_fw=none rx_fw=unknown
PHASE_GUARD 500
PHASE_START 43 LF-FLRC-2600-255 pktSize=255
2026-07-26T13:29:36.042019+00:00 PHASE_RESULT 43 LF-FLRC-2600-255 pktSize=255 rx=0 unique=0 lost=100 per=100.0 rssi_avg=0 rssi_min=0 crc_err=0 garbage=0 tx_lat=0.00000 tx_lon=0.00000 sats=0 fix=0 utc=0 tx_fw=none rx_fw=unknown
PHASE_GUARD 500
PHASE_START 44 LF-FLRC-1300-32 pktSize=32
2026-07-26T13:29:37.053200+00:00 TIME_SYNCED utc=1785072576 offset=1785062474
2026-07-26T13:29:38.072147+00:00 TIME_SYNCED utc=1785072577 offset=1785062474
PHASE_RESULT 44 LF-FLRC-1300-32 pktSize=32 rx=0 unique=0 lost=100 per=100.0 rssi_avg=0 rssi_min=0 crc_err=0 garbage=0 tx_lat=0.00000 tx_lon=0.00000 sats=0 fix=0 utc=0 tx_fw=none rx_fw=unknown
PHASE_GUARD 500
PHASE_START 45 LF-FLRC-1300-64 pktSize=64
2026-07-26T13:29:40.139987+00:00 PHASE_RESULT 45 LF-FLRC-1300-64 pktSize=64 rx=0 unique=0 lost=100 per=100.0 rssi_avg=0 rssi_min=0 crc_err=0 garbage=0 tx_lat=0.00000 tx_lon=0.00000 sats=0 fix=0 utc=0 tx_fw=none rx_fw=unknown
PHASE_GUARD 500
PHASE_START 46 LF-FLRC-1300-128 pktSize=128
2026-07-26T13:29:42.211113+00:00 PHASE_RESULT 46 LF-FLRC-1300-128 pktSize=128 rx=0 unique=0 lost=100 per=100.0 rssi_avg=0 rssi_min=0 crc_err=0 garbage=0 tx_lat=0.00000 tx_lon=0.00000 sats=0 fix=0 utc=0 tx_fw=none rx_fw=unknown
PHASE_GUARD 500
PHASE_START 47 LF-FLRC-1300-255 pktSize=255
2026-07-26T13:29:44.279894+00:00 PHASE_RESULT 47 LF-FLRC-1300-255 pktSize=255 rx=0 unique=0 lost=100 per=100.0 rssi_avg=0 rssi_min=0 crc_err=0 garbage=0 tx_lat=0.00000 tx_lon=0.00000 sats=0 fix=0 utc=0 tx_fw=none rx_fw=unknown
PHASE_GUARD 500
PHASE_START 48 LF-FLRC-650-32 pktSize=32
SYNC_NOT_FOUND first4=DE35628C
2026-07-26T13:29:45.293679+00:00 SYNC_NOT_FOUND first4=33560492
SYNC_NOT_FOUND first4=D1666503
2026-07-26T13:29:46.304969+00:00 PHASE_RESULT 48 LF-FLRC-650-32 pktSize=32 rx=0 unique=0 lost=100 per=100.0 rssi_avg=0 rssi_min=0 crc_err=0 garbage=3 tx_lat=0.00000 tx_lon=0.00000 sats=0 fix=0 utc=0 tx_fw=none rx_fw=unknown
PHASE_GUARD 500
PHASE_START 49 LF-FLRC-650-64 pktSize=64
SYNC_NOT_FOUND first4=27FDAE61
2026-07-26T13:29:47.316333+00:00 TIME_SYNCED utc=1785072586 offset=1785062474
SYNC_NOT_FOUND first4=DE9376B3
SYNC_NOT_FOUND first4=E492864E
TIME_SYNCED utc=1785072587 offset=1785062474
2026-07-26T13:29:48.335773+00:00 PHASE_RESULT 49 LF-FLRC-650-64 pktSize=64 rx=0 unique=0 lost=100 per=100.0 rssi_avg=0 rssi_min=0 crc_err=0 garbage=3 tx_lat=0.00000 tx_lon=0.00000 sats=0 fix=0 utc=0 tx_fw=none rx_fw=unknown
PHASE_GUARD 500
PHASE_START 50 LF-FLRC-650-128 pktSize=128
2026-07-26T13:29:49.346980+00:00 SYNC_NOT_FOUND first4=23A75CC9
SYNC_NOT_FOUND first4=2F65FD24
SYNC_NOT_FOUND first4=963BB460
SYNC_NOT_FOUND first4=E462487A
SYNC_NOT_FOUND first4=2729772E
2026-07-26T13:29:50.362499+00:00 PHASE_RESULT 50 LF-FLRC-650-128 pktSize=128 rx=0 unique=0 lost=100 per=100.0 rssi_avg=0 rssi_min=0 crc_err=0 garbage=5 tx_lat=0.00000 tx_lon=0.00000 sats=0 fix=0 utc=0 tx_fw=none rx_fw=unknown
PHASE_GUARD 500
PHASE_START 51 LF-FLRC-650-255 pktSize=255
SYNC_NOT_FOUND first4=DA4239B5
2026-07-26T13:29:52.432008+00:00 PHASE_RESULT 51 LF-FLRC-650-255 pktSize=255 rx=0 unique=0 lost=100 per=100.0 rssi_avg=0 rssi_min=0 crc_err=0 garbage=1 tx_lat=0.00000 tx_lon=0.00000 sats=0 fix=0 utc=0 tx_fw=none rx_fw=unknown
PHASE_GUARD 500
PHASE_START 52 LF-FLRC-325-32 pktSize=32
SYNC_NOT_FOUND first4=2B977424
2026-07-26T13:29:54.501630+00:00 PHASE_RESULT 52 LF-FLRC-325-32 pktSize=32 rx=0 unique=0 lost=100 per=100.0 rssi_avg=0 rssi_min=0 crc_err=0 garbage=1 tx_lat=0.00000 tx_lon=0.00000 sats=0 fix=0 utc=0 tx_fw=none rx_fw=unknown
PHASE_GUARD 500
PHASE_START 53 LF-FLRC-325-64 pktSize=64
2026-07-26T13:29:55.525256+00:00 PHASE_RESULT 53 LF-FLRC-325-64 pktSize=64 rx=0 unique=0 lost=100 per=100.0 rssi_avg=0 rssi_min=0 crc_err=0 garbage=0 tx_lat=0.00000 tx_lon=0.00000 sats=0 fix=0 utc=0 tx_fw=none rx_fw=unknown
PHASE_GUARD 500
2026-07-26T13:29:56.537502+00:00 PHASE_START 54 LF-FLRC-325-128 pktSize=128
2026-07-26T13:29:57.550706+00:00 TIME_SYNCED utc=1785072596 offset=1785062473
TIME_SYNCED utc=1785072597 offset=1785062474
PHASE_RESULT 54 LF-FLRC-325-128 pktSize=128 rx=0 unique=0 lost=100 per=100.0 rssi_avg=0 rssi_min=0 crc_err=0 garbage=0 tx_lat=0.00000 tx_lon=0.00000 sats=0 fix=0 utc=0 tx_fw=none rx_fw=unknown
PHASE_GUARD 500
2026-07-26T13:29:58.569946+00:00 PHASE_START 55 LF-FLRC-325-255 pktSize=255
2026-07-26T13:29:59.583090+00:00 PHASE_RESULT 55 LF-FLRC-325-255 pktSize=255 rx=0 unique=0 lost=100 per=100.0 rssi_avg=0 rssi_min=0 crc_err=0 garbage=0 tx_lat=0.00000 tx_lon=0.00000 sats=0 fix=0 utc=0 tx_fw=none rx_fw=unknown
PHASE_GUARD 500
LORA_CFG path=1 bw=0x0F sf=7
2026-07-26T13:30:00.597730+00:00 PHASE_START 0 HF-LoRa-SF7-32 pktSize=32
2026-07-26T13:30:01.613491+00:00 PHASE_RESULT 0 HF-LoRa-SF7-32 pktSize=32 rx=0 unique=0 lost=20 per=100.0 rssi_avg=0 rssi_min=0 crc_err=0 garbage=0 tx_lat=0.00000 tx_lon=0.00000 sats=0 fix=0 utc=0 tx_fw=none rx_fw=unknown
PHASE_GUARD 500
LORA_CFG path=1 bw=0x0F sf=7
PHASE_START 1 HF-LoRa-SF7-64 pktSize=64
2026-07-26T13:30:03.667481+00:00 PHASE_RESULT 1 HF-LoRa-SF7-64 pktSize=64 rx=0 unique=0 lost=20 per=100.0 rssi_avg=0 rssi_min=0 crc_err=0 garbage=0 tx_lat=0.00000 tx_lon=0.00000 sats=0 fix=0 utc=0 tx_fw=none rx_fw=unknown
PHASE_GUARD 500
LORA_CFG path=1 bw=0x0F sf=7
PHASE_START 2 HF-LoRa-SF7-128 pktSize=128
2026-07-26T13:30:05.730035+00:00 PHASE_RESULT 2 HF-LoRa-SF7-128 pktSize=128 rx=0 unique=0 lost=20 per=100.0 rssi_avg=0 rssi_min=0 crc_err=0 garbage=0 tx_lat=0.00000 tx_lon=0.00000 sats=0 fix=0 utc=0 tx_fw=none rx_fw=unknown
PHASE_GUARD 500
LORA_CFG path=1 bw=0x0F sf=7
PHASE_START 3 HF-LoRa-SF7-255 pktSize=255
2026-07-26T13:30:07.801234+00:00 TIME_SYNCED utc=1785072606 offset=1785062473
TIME_SYNCED utc=1785072607 offset=1785062474
2026-07-26T13:30:08.826509+00:00 PHASE_RESULT 3 HF-LoRa-SF7-255 pktSize=255 rx=0 unique=0 lost=20 per=100.0 rssi_avg=0 rssi_min=0 crc_err=0 garbage=0 tx_lat=0.00000 tx_lon=0.00000 sats=0 fix=0 utc=0 tx_fw=none rx_fw=unknown
PHASE_GUARD 500
LORA_CFG path=1 bw=0x0F sf=9
PHASE_START 4 HF-LoRa-SF9-32 pktSize=32
2026-07-26T13:30:10.883788+00:00 PHASE_RESULT 4 HF-LoRa-SF9-32 pktSize=32 rx=0 unique=0 lost=20 per=100.0 rssi_avg=0 rssi_min=0 crc_err=0 garbage=0 tx_lat=0.00000 tx_lon=0.00000 sats=0 fix=0 utc=0 tx_fw=none rx_fw=unknown
PHASE_GUARD 500
LORA_CFG path=1 bw=0x0F sf=9
PHASE_START 5 HF-LoRa-SF9-64 pktSize=64
2026-07-26T13:30:14.005989+00:00 PHASE_RESULT 5 HF-LoRa-SF9-64 pktSize=64 rx=0 unique=0 lost=20 per=100.0 rssi_avg=0 rssi_min=0 crc_err=0 garbage=0 tx_lat=0.00000 tx_lon=0.00000 sats=0 fix=0 utc=0 tx_fw=none rx_fw=unknown
PHASE_GUARD 500
LORA_CFG path=1 bw=0x0F sf=9
PHASE_START 6 HF-LoRa-SF9-128 pktSize=128
2026-07-26T13:30:18.174205+00:00 TIME_SYNCED utc=1785072617 offset=1785062474
TIME_SYNCED utc=1785072617 offset=1785062474
PHASE_RESULT 6 HF-LoRa-SF9-128 pktSize=128 rx=0 unique=0 lost=13 per=100.0 rssi_avg=0 rssi_min=0 crc_err=0 garbage=0 tx_lat=0.00000 tx_lon=0.00000 sats=0 fix=0 utc=0 tx_fw=none rx_fw=unknown
PHASE_GUARD 500
LORA_CFG path=1 bw=0x0F sf=9
PHASE_START 7 HF-LoRa-SF9-255 pktSize=255
2026-07-26T13:30:21.293428+00:00 PHASE_RESULT 7 HF-LoRa-SF9-255 pktSize=255 rx=0 unique=0 lost=6 per=100.0 rssi_avg=0 rssi_min=0 crc_err=0 garbage=0 tx_lat=0.00000 tx_lon=0.00000 sats=0 fix=0 utc=0 tx_fw=none rx_fw=unknown
PHASE_GUARD 500
LORA_CFG path=1 bw=0x0F sf=12
PHASE_START 8 HF-LoRa-SF12-32 pktSize=32
2026-07-26T13:30:24.414172+00:00 PHASE_RESULT 8 HF-LoRa-SF12-32 pktSize=32 rx=0 unique=0 lost=2 per=100.0 rssi_avg=0 rssi_min=0 crc_err=0 garbage=0 tx_lat=0.00000 tx_lon=0.00000 sats=0 fix=0 utc=0 tx_fw=none rx_fw=unknown
PHASE_GUARD 500
LORA_CFG path=1 bw=0x0F sf=12
PHASE_START 9 HF-LoRa-SF12-64 pktSize=64
2026-07-26T13:30:26.470381+00:00 PHASE_RESULT 9 HF-LoRa-SF12-64 pktSize=64 rx=0 unique=0 lost=1 per=100.0 rssi_avg=0 rssi_min=0 crc_err=0 garbage=0 tx_lat=0.00000 tx_lon=0.00000 sats=0 fix=0 utc=0 tx_fw=none rx_fw=unknown
PHASE_GUARD 500
2026-07-26T13:30:27.475050+00:00 LORA_CFG path=1 bw=0x0F sf=12
PHASE_START 10 HF-LoRa-SF12-128 pktSize=128
TIME_SYNCED utc=1785072627 offset=1785062474
2026-07-26T13:30:28.494202+00:00 TIME_SYNCED utc=1785072627 offset=1785062473
2026-07-26T13:30:32.657408+00:00 PHASE_RESULT 10 HF-LoRa-SF12-128 pktSize=128 rx=0 unique=0 lost=1 per=100.0 rssi_avg=0 rssi_min=0 crc_err=0 garbage=0 tx_lat=0.00000 tx_lon=0.00000 sats=0 fix=0 utc=0 tx_fw=none rx_fw=unknown
PHASE_GUARD 500
LORA_CFG path=1 bw=0x0F sf=12
PHASE_START 11 HF-LoRa-SF12-255 pktSize=255
2026-07-26T13:30:37.872185+00:00 TIME_SYNCED utc=1785072637 offset=1785062474
2026-07-26T13:30:38.883212+00:00 TIME_SYNCED utc=1785072637 offset=1785062473
2026-07-26T13:30:43.047421+00:00 PHASE_RESULT 11 HF-LoRa-SF12-255 pktSize=255 rx=0 unique=0 lost=1 per=100.0 rssi_avg=0 rssi_min=0 crc_err=0 garbage=0 tx_lat=0.00000 tx_lon=0.00000 sats=0 fix=0 utc=0 tx_fw=none rx_fw=unknown
PHASE_GUARD 500
PHASE_START 12 HF-FLRC-2600-32 pktSize=32
SYNC_NOT_FOUND first4=571066BB
SYNC_NOT_FOUND first4=C266C33D
SYNC_NOT_FOUND first4=9C2FA40E
SYNC_NOT_FOUND first4=9DD9687D
2026-07-26T13:30:44.058052+00:00 SYNC_NOT_FOUND first4=73555046
SYNC_NOT_FOUND first4=CA7DF786
SYNC_NOT_FOUND first4=86EFD88B
SYNC_NOT_FOUND first4=4421D5C6
SYNC_NOT_FOUND first4=20009F5A
SYNC_NOT_FOUND first4=DD779D4B
2026-07-26T13:30:45.061402+00:00 PHASE_RESULT 12 HF-FLRC-2600-32 pktSize=32 rx=0 unique=0 lost=100 per=100.0 rssi_avg=0 rssi_min=0 crc_err=0 garbage=10 tx_lat=0.00000 tx_lon=0.00000 sats=0 fix=0 utc=0 tx_fw=none rx_fw=unknown
PHASE_GUARD 500
PHASE_START 13 HF-FLRC-2600-64 pktSize=64
SYNC_NOT_FOUND first4=6487365C
SYNC_NOT_FOUND first4=D1FE34CE
SYNC_NOT_FOUND first4=0395C327
SYNC_NOT_FOUND first4=B0839196
SYNC_NOT_FOUND first4=455B9879
SYNC_NOT_FOUND first4=E6C84E07
SYNC_NOT_FOUND first4=4CE71BBD
SYNC_NOT_FOUND first4=0D76EBA6
SYNC_NOT_FOUND first4=0C2C031A
SYNC_NOT_FOUND first4=2701A620
SYNC_NOT_FOUND first4=C7BA1DD2
2026-07-26T13:30:46.074476+00:00 SYNC_NOT_FOUND first4=EEBDB496
SYNC_NOT_FOUND first4=83B152B1
SYNC_NOT_FOUND first4=865B82C7
SYNC_NOT_FOUND first4=4935B939
SYNC_NOT_FOUND first4=7309DCB0
SYNC_NOT_FOUND first4=51F88A99
SYNC_NOT_FOUND first4=6694C40F
2026-07-26T13:30:47.085154+00:00 SYNC_NOT_FOUND first4=15C3D008
SYNC_NOT_FOUND first4=1E211130
SYNC_NOT_FOUND first4=25865C41
SYNC_NOT_FOUND first4=83B2AD4C
SYNC_NOT_FOUND first4=E10894D8
SYNC_NOT_FOUND first4=00D2E9F9
PHASE_RESULT 13 HF-FLRC-2600-64 pktSize=64 rx=0 unique=0 lost=100 per=100.0 rssi_avg=0 rssi_min=0 crc_err=0 garbage=24 tx_lat=0.00000 tx_lon=0.00000 sats=0 fix=0 utc=0 tx_fw=none rx_fw=unknown
PHASE_GUARD 500
PHASE_START 14 HF-FLRC-2600-128 pktSize=128
SYNC_NOT_FOUND first4=93BDAA83
SYNC_NOT_FOUND first4=ED95DC1B
SYNC_NOT_FOUND first4=01B2D67A
2026-07-26T13:30:48.095985+00:00 SYNC_NOT_FOUND first4=F332DBC4
SYNC_NOT_FOUND first4=30A5C0D5
TIME_SYNCED utc=1785072647 offset=1785062474
PHASE_RESULT 14 HF-FLRC-2600-128 pktSize=128 rx=0 unique=0 lost=100 per=100.0 rssi_avg=0 rssi_min=0 crc_err=0 garbage=5 tx_lat=0.00000 tx_lon=0.00000 sats=0 fix=0 utc=0 tx_fw=none rx_fw=unknown
PHASE_GUARD 500
PHASE_START 15 HF-FLRC-2600-255 pktSize=255
SYNC_NOT_FOUND first4=6C28F202
2026-07-26T13:30:49.107028+00:00 TIME_SYNCED utc=1785072648 offset=1785062474
SYNC_NOT_FOUND first4=82137D28
SYNC_NOT_FOUND first4=9AEA5B70
SYNC_NOT_FOUND first4=CBB83760
SYNC_NOT_FOUND first4=7B95F7B1
SYNC_NOT_FOUND first4=18FAE718
2026-07-26T13:30:50.117624+00:00 SYNC_NOT_FOUND first4=5598021E
SYNC_NOT_FOUND first4=871987D1
SYNC_NOT_FOUND first4=9D8CBCE9
PHASE_RESULT 15 HF-FLRC-2600-255 pktSize=255 rx=0 unique=0 lost=100 per=100.0 rssi_avg=0 rssi_min=0 crc_err=0 garbage=9 tx_lat=0.00000 tx_lon=0.00000 sats=0 fix=0 utc=0 tx_fw=none rx_fw=unknown
PHASE_GUARD 500
PHASE_START 16 HF-FLRC-1300-32 pktSize=32
SYNC_NOT_FOUND first4=95E3C078
2026-07-26T13:30:51.133201+00:00 SYNC_NOT_FOUND first4=9D48F6B6
SYNC_NOT_FOUND first4=907AA5E2
2026-07-26T13:30:52.143789+00:00 PHASE_RESULT 16 HF-FLRC-1300-32 pktSize=32 rx=0 unique=0 lost=100 per=100.0 rssi_avg=0 rssi_min=0 crc_err=0 garbage=3 tx_lat=0.00000 tx_lon=0.00000 sats=0 fix=0 utc=0 tx_fw=none rx_fw=unknown
PHASE_GUARD 500
PHASE_START 17 HF-FLRC-1300-64 pktSize=64
SYNC_NOT_FOUND first4=8665C2DB
SYNC_NOT_FOUND first4=531FF705
2026-07-26T13:30:53.155865+00:00 SYNC_NOT_FOUND first4=09822D67
SYNC_NOT_FOUND first4=C8D9E075
2026-07-26T13:30:54.165933+00:00 SYNC_NOT_FOUND first4=70DC9854
SYNC_NOT_FOUND first4=3EC8E41C
PHASE_RESULT 17 HF-FLRC-1300-64 pktSize=64 rx=0 unique=0 lost=100 per=100.0 rssi_avg=0 rssi_min=0 crc_err=0 garbage=6 tx_lat=0.00000 tx_lon=0.00000 sats=0 fix=0 utc=0 tx_fw=none rx_fw=unknown
PHASE_GUARD 500
PHASE_START 18 HF-FLRC-1300-128 pktSize=128
SYNC_NOT_FOUND first4=1AA6216F
SYNC_NOT_FOUND first4=7376F8AD
SYNC_NOT_FOUND first4=A69F1EB3
SYNC_NOT_FOUND first4=272B6FB6
2026-07-26T13:30:55.182955+00:00 SYNC_NOT_FOUND first4=74B0C124
SYNC_NOT_FOUND first4=99E5B786
SYNC_NOT_FOUND first4=BF46095A
SYNC_NOT_FOUND first4=32CDDC06
SYNC_NOT_FOUND first4=167C0F68
SYNC_NOT_FOUND first4=7D352E62
SYNC_NOT_FOUND first4=98E5BB54
2026-07-26T13:30:56.194257+00:00 PHASE_RESULT 18 HF-FLRC-1300-128 pktSize=128 rx=0 unique=0 lost=100 per=100.0 rssi_avg=0 rssi_min=0 crc_err=0 garbage=11 tx_lat=0.00000 tx_lon=0.00000 sats=0 fix=0 utc=0 tx_fw=none rx_fw=unknown
PHASE_GUARD 500
PHASE_START 19 HF-FLRC-1300-255 pktSize=255
SYNC_NOT_FOUND first4=78DA600E
SYNC_NOT_FOUND first4=BA97B990
SYNC_NOT_FOUND first4=310AE720
2026-07-26T13:30:57.207080+00:00 SYNC_NOT_FOUND first4=56EB494F
SYNC_NOT_FOUND first4=BAF1A408
SYNC_NOT_FOUND first4=97F0AA96
SYNC_NOT_FOUND first4=2BD39FFD
2026-07-26T13:30:58.216185+00:00 TIME_SYNCED utc=1785072657 offset=1785062474
SYNC_NOT_FOUND first4=A43DD46D
SYNC_NOT_FOUND first4=B1B6B446
PHASE_RESULT 19 HF-FLRC-1300-255 pktSize=255 rx=0 unique=0 lost=100 per=100.0 rssi_avg=0 rssi_min=0 crc_err=0 garbage=9 tx_lat=0.00000 tx_lon=0.00000 sats=0 fix=0 utc=0 tx_fw=none rx_fw=unknown
PHASE_GUARD 500
PHASE_START 20 HF-FLRC-650-32 pktSize=32
SYNC_NOT_FOUND first4=D1FB11C9
SYNC_NOT_FOUND first4=952B51E9
SYNC_NOT_FOUND first4=E3F35F39
SYNC_NOT_FOUND first4=1286771C
SYNC_NOT_FOUND first4=790F602E
SYNC_NOT_FOUND first4=FE954354
SYNC_NOT_FOUND first4=3514AFBC
SYNC_NOT_FOUND first4=61963520
SYNC_NOT_FOUND first4=A2B36612
SYNC_NOT_FOUND first4=58120FD8
SYNC_NOT_FOUND first4=499F8A03
2026-07-26T13:30:59.226847+00:00 SYNC_NOT_FOUND first4=E63CBD84
TIME_SYNCED utc=1785072658 offset=1785062474
SYNC_NOT_FOUND first4=F9C6ADEB
SYNC_NOT_FOUND first4=28B0C5C2
SYNC_NOT_FOUND first4=BF0BEDC7
SYNC_NOT_FOUND first4=8A2B48BC
SYNC_NOT_FOUND first4=91B39D0D
SYNC_NOT_FOUND first4=63CAC2B7
SYNC_NOT_FOUND first4=B0ECDE4C
SYNC_NOT_FOUND first4=399D262C
SYNC_NOT_FOUND first4=CEE5B125
SYNC_NOT_FOUND first4=1CC2934C
SYNC_NOT_FOUND first4=0DF627E6
SYNC_NOT_FOUND first4=B9975F59
SYNC_NOT_FOUND first4=9F06AAF5
SYNC_NOT_FOUND first4=019AC2AD
SYNC_NOT_FOUND first4=0E39EE6A
SYNC_NOT_FOUND first4=63EAEC01
SYNC_NOT_FOUND first4=B08C453E
SYNC_NOT_FOUND first4=C7EF1DF8
SYNC_NOT_FOUND first4=5339A4D3
SYNC_NOT_FOUND first4=FE522A1E
2026-07-26T13:31:00.237821+00:00 SYNC_NOT_FOUND first4=A5D3BF96
SYNC_NOT_FOUND first4=D63B0BB3
SYNC_NOT_FOUND first4=FBA12D67
SYNC_NOT_FOUND first4=B3D7E402
PHASE_RESULT 20 HF-FLRC-650-32 pktSize=32 rx=0 unique=0 lost=100 per=100.0 rssi_avg=0 rssi_min=0 crc_err=0 garbage=36 tx_lat=0.00000 tx_lon=0.00000 sats=0 fix=0 utc=0 tx_fw=none rx_fw=unknown
PHASE_GUARD 500
PHASE_START 21 HF-FLRC-650-64 pktSize=64
SYNC_NOT_FOUND first4=855130C1
SYNC_NOT_FOUND first4=4650FE45
SYNC_NOT_FOUND first4=07D5917C
SYNC_NOT_FOUND first4=96B08485
SYNC_NOT_FOUND first4=BA595284
SYNC_NOT_FOUND first4=81442E91
2026-07-26T13:31:01.248415+00:00 SYNC_NOT_FOUND first4=412C3AC0
SYNC_NOT_FOUND first4=2057BDAE
SYNC_NOT_FOUND first4=98997259
SYNC_NOT_FOUND first4=6C853E88
SYNC_NOT_FOUND first4=72F39512
SYNC_NOT_FOUND first4=49BE6F64
SYNC_NOT_FOUND first4=F8B994E7
SYNC_NOT_FOUND first4=B993AA85
SYNC_NOT_FOUND first4=A752E881
SYNC_NOT_FOUND first4=942EB597
SYNC_NOT_FOUND first4=E1D2A7CA
SYNC_NOT_FOUND first4=D7C76BE4
SYNC_NOT_FOUND first4=95A6BD78
SYNC_NOT_FOUND first4=BA2F1C14
SYNC_NOT_FOUND first4=FDC83BB2
SYNC_NOT_FOUND first4=93D6EE14
SYNC_NOT_FOUND first4=DB7DB900
SYNC_NOT_FOUND first4=F17800F3
SYNC_NOT_FOUND first4=4CA4C94F
SYNC_NOT_FOUND first4=754B03C1
SYNC_NOT_FOUND first4=89CCC182
SYNC_NOT_FOUND first4=3482211C
SYNC_NOT_FOUND first4=DD84177F
2026-07-26T13:31:02.259928+00:00 SYNC_NOT_FOUND first4=2CB76F58
PHASE_RESULT 21 HF-FLRC-650-64 pktSize=64 rx=0 unique=0 lost=100 per=100.0 rssi_avg=0 rssi_min=0 crc_err=0 garbage=30 tx_lat=0.00000 tx_lon=0.00000 sats=0 fix=0 utc=0 tx_fw=none rx_fw=unknown
PHASE_GUARD 500
PHASE_START 22 HF-FLRC-650-128 pktSize=128
SYNC_NOT_FOUND first4=2F566AB0
SYNC_NOT_FOUND first4=068BF7F2
SYNC_NOT_FOUND first4=1F57BAB9
SYNC_NOT_FOUND first4=E7FC5D5E
SYNC_NOT_FOUND first4=B44159FE
SYNC_NOT_FOUND first4=96EC6549
SYNC_NOT_FOUND first4=C6722C29
SYNC_NOT_FOUND first4=88DA3302
SYNC_NOT_FOUND first4=A15EFE32
SYNC_NOT_FOUND first4=B83ADCFC
SYNC_NOT_FOUND first4=E85DF399
SYNC_NOT_FOUND first4=C3DA3BC9
SYNC_NOT_FOUND first4=7951D267
SYNC_NOT_FOUND first4=957EDAC1
SYNC_NOT_FOUND first4=6F55B2B0
2026-07-26T13:31:03.277537+00:00 SYNC_NOT_FOUND first4=3981BB69
SYNC_NOT_FOUND first4=6AEBFE23
SYNC_NOT_FOUND first4=73777B52
SYNC_NOT_FOUND first4=9435C024
SYNC_NOT_FOUND first4=F035C121
SYNC_NOT_FOUND first4=EEEBD298
SYNC_NOT_FOUND first4=F0A015C3
SYNC_NOT_FOUND first4=A7E29F43
SYNC_NOT_FOUND first4=66988955
SYNC_NOT_FOUND first4=2921DEA8
SYNC_NOT_FOUND first4=AFD51746
SYNC_NOT_FOUND first4=FD4E6EA3
SYNC_NOT_FOUND first4=DE0E7147
SYNC_NOT_FOUND first4=D5F31A4B
SYNC_NOT_FOUND first4=8F45865B
SYNC_NOT_FOUND first4=0C7CA298
SYNC_NOT_FOUND first4=18ED4F7F
SYNC_NOT_FOUND first4=A1521567
SYNC_NOT_FOUND first4=AC289A5E
SYNC_NOT_FOUND first4=B6618BB8
SYNC_NOT_FOUND first4=8DF10E9D
SYNC_NOT_FOUND first4=C584FDD9
2026-07-26T13:31:04.281265+00:00 SYNC_NOT_FOUND first4=01FC27AF
SYNC_NOT_FOUND first4=7223D857
SYNC_NOT_FOUND first4=4095D02C
SYNC_NOT_FOUND first4=25552F07
SYNC_NOT_FOUND first4=3CE30C9F
PHASE_RESULT 22 HF-FLRC-650-128 pktSize=128 rx=0 unique=0 lost=100 per=100.0 rssi_avg=0 rssi_min=0 crc_err=0 garbage=42 tx_lat=0.00000 tx_lon=0.00000 sats=0 fix=0 utc=0 tx_fw=none rx_fw=unknown
PHASE_GUARD 500
PHASE_START 23 HF-FLRC-650-255 pktSize=255
SYNC_NOT_FOUND first4=F5C0D9CF
SYNC_NOT_FOUND first4=26CC35A3
SYNC_NOT_FOUND first4=4174FFD4
SYNC_NOT_FOUND first4=12F81758
SYNC_NOT_FOUND first4=AF179831
SYNC_NOT_FOUND first4=E2E3E48A
SYNC_NOT_FOUND first4=EA3BF62A
SYNC_NOT_FOUND first4=308F2452
SYNC_NOT_FOUND first4=2F5D24B1
2026-07-26T13:31:05.294616+00:00 SYNC_NOT_FOUND first4=29A33291
SYNC_NOT_FOUND first4=98F0706C
SYNC_NOT_FOUND first4=37F02048
SYNC_NOT_FOUND first4=9ED5C594
SYNC_NOT_FOUND first4=1A29D0D1
SYNC_NOT_FOUND first4=BDEB7F60
SYNC_NOT_FOUND first4=897F7C2B
SYNC_NOT_FOUND first4=11204256
SYNC_NOT_FOUND first4=730973D8
SYNC_NOT_FOUND first4=B2D6537B
2026-07-26T13:31:06.306049+00:00 SYNC_NOT_FOUND first4=4C0958CF
SYNC_NOT_FOUND first4=EE407E97
PHASE_RESULT 23 HF-FLRC-650-255 pktSize=255 rx=0 unique=0 lost=100 per=100.0 rssi_avg=0 rssi_min=0 crc_err=0 garbage=21 tx_lat=0.00000 tx_lon=0.00000 sats=0 fix=0 utc=0 tx_fw=none rx_fw=unknown
PHASE_GUARD 500
PHASE_START 24 HF-FLRC-325-32 pktSize=32
SYNC_NOT_FOUND first4=AE69D92B
SYNC_NOT_FOUND first4=73D61F06
SYNC_NOT_FOUND first4=BE096F4E
2026-07-26T13:31:07.324200+00:00 SYNC_NOT_FOUND first4=E3C23EB2
SYNC_NOT_FOUND first4=03AD3142
SYNC_NOT_FOUND first4=9F23084F
SYNC_NOT_FOUND first4=6D221894
TIME_SYNCED utc=1785072667 offset=1785062474
2026-07-26T13:31:08.342822+00:00 PHASE_RESULT 24 HF-FLRC-325-32 pktSize=32 rx=0 unique=0 lost=100 per=100.0 rssi_avg=0 rssi_min=0 crc_err=0 garbage=7 tx_lat=0.00000 tx_lon=0.00000 sats=0 fix=0 utc=0 tx_fw=none rx_fw=unknown
PHASE_GUARD 500
PHASE_START 25 HF-FLRC-325-64 pktSize=64
SYNC_NOT_FOUND first4=FE3552FC
2026-07-26T13:31:09.346745+00:00 TIME_SYNCED utc=1785072668 offset=1785062474
SYNC_NOT_FOUND first4=56DFE78C
SYNC_NOT_FOUND first4=C80BF407
SYNC_NOT_FOUND first4=E20CA758
2026-07-26T13:31:10.358338+00:00 PHASE_RESULT 25 HF-FLRC-325-64 pktSize=64 rx=0 unique=0 lost=100 per=100.0 rssi_avg=0 rssi_min=0 crc_err=0 garbage=4 tx_lat=0.00000 tx_lon=0.00000 sats=0 fix=0 utc=0 tx_fw=none rx_fw=unknown
PHASE_GUARD 500
PHASE_START 26 HF-FLRC-325-128 pktSize=128
2026-07-26T13:31:11.369335+00:00 SYNC_NOT_FOUND first4=EFA9F8E2
SYNC_NOT_FOUND first4=A1953DA6
SYNC_NOT_FOUND first4=2FF60D4C
2026-07-26T13:31:12.385972+00:00 SYNC_NOT_FOUND first4=860F2174
PHASE_RESULT 26 HF-FLRC-325-128 pktSize=128 rx=0 unique=0 lost=100 per=100.0 rssi_avg=0 rssi_min=0 crc_err=0 garbage=4 tx_lat=0.00000 tx_lon=0.00000 sats=0 fix=0 utc=0 tx_fw=none rx_fw=unknown
PHASE_GUARD 500
PHASE_START 27 HF-FLRC-325-255 pktSize=255
SYNC_NOT_FOUND first4=129A4814
SYNC_NOT_FOUND first4=A87D1C96
SYNC_NOT_FOUND first4=894406C4
SYNC_NOT_FOUND first4=7D0FA91B
SYNC_NOT_FOUND first4=799F2546
2026-07-26T13:31:13.402852+00:00 SYNC_NOT_FOUND first4=68DCDF47
SYNC_NOT_FOUND first4=178ADE9E
2026-07-26T13:31:14.414356+00:00 PHASE_RESULT 27 HF-FLRC-325-255 pktSize=255 rx=0 unique=0 lost=100 per=100.0 rssi_avg=0 rssi_min=0 crc_err=0 garbage=7 tx_lat=0.00000 tx_lon=0.00000 sats=0 fix=0 utc=0 tx_fw=none rx_fw=unknown
PHASE_GUARD 500
LORA_CFG path=0 bw=0x05 sf=7
PHASE_START 28 LF-LoRa-SF7-32 pktSize=32
2026-07-26T13:31:16.478065+00:00 PHASE_RESULT 28 LF-LoRa-SF7-32 pktSize=32 rx=0 unique=0 lost=20 per=100.0 rssi_avg=0 rssi_min=0 crc_err=0 garbage=0 tx_lat=0.00000 tx_lon=0.00000 sats=0 fix=0 utc=0 tx_fw=none rx_fw=unknown
PHASE_GUARD 500
LORA_CFG path=0 bw=0x05 sf=7
PHASE_START 29 LF-LoRa-SF7-64 pktSize=64
2026-07-26T13:31:17.496267+00:00 TIME_SYNCED utc=1785072677 offset=1785062474
2026-07-26T13:31:18.514532+00:00 PHASE_RESULT 29 LF-LoRa-SF7-64 pktSize=64 rx=0 unique=0 lost=20 per=100.0 rssi_avg=0 rssi_min=0 crc_err=0 garbage=0 tx_lat=0.00000 tx_lon=0.00000 sats=0 fix=0 utc=0 tx_fw=none rx_fw=unknown
PHASE_GUARD 500
LORA_CFG path=0 bw=0x05 sf=7
2026-07-26T13:31:19.520274+00:00 PHASE_START 30 LF-LoRa-SF7-128 pktSize=128
TIME_SYNCED utc=1785072678 offset=1785062473
PHASE_RESULT 30 LF-LoRa-SF7-128 pktSize=128 rx=0 unique=0 lost=13 per=100.0 rssi_avg=0 rssi_min=0 crc_err=0 garbage=0 tx_lat=0.00000 tx_lon=0.00000 sats=0 fix=0 utc=0 tx_fw=none rx_fw=unknown
PHASE_GUARD 500
LORA_CFG path=0 bw=0x05 sf=7
PHASE_START 29 LF-LoRa-SF7-64 pktSize=64
PHASE_RESULT 29 LF-LoRa-SF7-64 pktSize=64 rx=0 unique=0 lost=20 per=100.0 rssi_avg=0 rssi_min=0 crc_err=0 garbage=0 tx_lat=0.00000 tx_lon=0.00000 sats=0 fix=0 utc=0 tx_fw=none rx_fw=unknown
PHASE_GUARD 500
LORA_CFG path=0 bw=0x05 sf=7
2026-07-26T13:31:20.532319+00:00 PHASE_START 30 LF-LoRa-SF7-128 pktSize=128
2026-07-26T13:31:23.646591+00:00 PHASE_RESULT 30 LF-LoRa-SF7-128 pktSize=128 rx=0 unique=0 lost=13 per=100.0 rssi_avg=0 rssi_min=0 crc_err=0 garbage=0 tx_lat=0.00000 tx_lon=0.00000 sats=0 fix=0 utc=0 tx_fw=none rx_fw=unknown
PHASE_GUARD 500
LORA_CFG path=0 bw=0x05 sf=7
PHASE_START 31 LF-LoRa-SF7-255 pktSize=255
2026-07-26T13:31:27.811968+00:00 TIME_SYNCED utc=1785072687 offset=1785062474
PHASE_RESULT 31 LF-LoRa-SF7-255 pktSize=255 rx=0 unique=0 lost=7 per=100.0 rssi_avg=0 rssi_min=0 crc_err=0 garbage=0 tx_lat=0.00000 tx_lon=0.00000 sats=0 fix=0 utc=0 tx_fw=none rx_fw=unknown
PHASE_GUARD 500
LORA_CFG path=0 bw=0x05 sf=9
PHASE_START 32 LF-LoRa-SF9-32 pktSize=32
2026-07-26T13:31:29.875805+00:00 TIME_SYNCED utc=1785072688 offset=1785062473
2026-07-26T13:31:31.930957+00:00 PHASE_RESULT 32 LF-LoRa-SF9-32 pktSize=32 rx=0 unique=0 lost=7 per=100.0 rssi_avg=0 rssi_min=0 crc_err=0 garbage=0 tx_lat=0.00000 tx_lon=0.00000 sats=0 fix=0 utc=0 tx_fw=none rx_fw=unknown
PHASE_GUARD 500
LORA_CFG path=0 bw=0x05 sf=9
PHASE_START 33 LF-LoRa-SF9-64 pktSize=64
2026-07-26T13:31:35.045171+00:00 PHASE_RESULT 33 LF-LoRa-SF9-64 pktSize=64 rx=0 unique=0 lost=3 per=100.0 rssi_avg=0 rssi_min=0 crc_err=0 garbage=0 tx_lat=0.00000 tx_lon=0.00000 sats=0 fix=0 utc=0 tx_fw=none rx_fw=unknown
PHASE_GUARD 500
LORA_CFG path=0 bw=0x05 sf=9
PHASE_START 34 LF-LoRa-SF9-128 pktSize=128
2026-07-26T13:31:37.101327+00:00 PHASE_RESULT 34 LF-LoRa-SF9-128 pktSize=128 rx=0 unique=0 lost=1 per=100.0 rssi_avg=0 rssi_min=0 crc_err=0 garbage=0 tx_lat=0.00000 tx_lon=0.00000 sats=0 fix=0 utc=0 tx_fw=none rx_fw=unknown
PHASE_GUARD 500
LORA_CFG path=0 bw=0x05 sf=9
PHASE_START 35 LF-LoRa-SF9-255 pktSize=255
2026-07-26T13:31:38.113287+00:00 TIME_SYNCED utc=1785072697 offset=1785062474
2026-07-26T13:31:40.177046+00:00 TIME_SYNCED utc=1785072699 offset=1785062474
PHASE_RESULT 35 LF-LoRa-SF9-255 pktSize=255 rx=0 unique=0 lost=1 per=100.0 rssi_avg=0 rssi_min=0 crc_err=0 garbage=0 tx_lat=0.00000 tx_lon=0.00000 sats=0 fix=0 utc=0 tx_fw=none rx_fw=unknown
PHASE_GUARD 500
LORA_CFG path=0 bw=0x05 sf=12
PHASE_START 36 LF-LoRa-SF12-32 pktSize=32
2026-07-26T13:31:47.494887+00:00 TIME_SYNCED utc=1785072707 offset=1785062474
2026-07-26T13:31:50.610024+00:00 TIME_SYNCED utc=1785072709 offset=1785062473
2026-07-26T13:31:55.827258+00:00 PHASE_RESULT 36 LF-LoRa-SF12-32 pktSize=32 rx=0 unique=0 lost=1 per=100.0 rssi_avg=0 rssi_min=0 crc_err=0 garbage=0 tx_lat=0.00000 tx_lon=0.00000 sats=0 fix=0 utc=0 tx_fw=none rx_fw=unknown
PHASE_GUARD 500
LORA_CFG path=0 bw=0x05 sf=12
PHASE_START 37 LF-LoRa-SF12-SKIP SKIP pktSize=64
2026-07-26T13:31:56.839202+00:00 PHASE_RESULT 37 LF-LoRa-SF12-SKIP pktSize=64 rx=0 unique=0 lost=0 per=0.0 rssi_avg=0 rssi_min=0 crc_err=0 garbage=0 tx_lat=0.00000 tx_lon=0.00000 sats=0 fix=0 utc=0 tx_fw=none rx_fw=unknown
PHASE_GUARD 500
LORA_CFG path=0 bw=0x05 sf=12
PHASE_START 38 LF-LoRa-SF12-SKIP SKIP pktSize=128
2026-07-26T13:31:57.851045+00:00 TIME_SYNCED utc=1785072717 offset=1785062474
PHASE_RESULT 38 LF-LoRa-SF12-SKIP pktSize=128 rx=0 unique=0 lost=0 per=0.0 rssi_avg=0 rssi_min=0 crc_err=0 garbage=0 tx_lat=0.00000 tx_lon=0.00000 sats=0 fix=0 utc=0 tx_fw=none rx_fw=unknown
PHASE_GUARD 500
LORA_CFG path=0 bw=0x05 sf=12
PHASE_START 39 LF-LoRa-SF12-SKIP SKIP pktSize=255
PHASE_RESULT 39 LF-LoRa-SF12-SKIP pktSize=255 rx=0 unique=0 lost=0 per=0.0 rssi_avg=0 rssi_min=0 crc_err=0 garbage=0 tx_lat=0.00000 tx_lon=0.00000 sats=0 fix=0 utc=0 tx_fw=none rx_fw=unknown
PHASE_GUARD 500
PHASE_START 40 LF-FLRC-2600-32 pktSize=32
2026-07-26T13:31:58.862262+00:00 SYNC_NOT_FOUND first4=B9384547
SYNC_NOT_FOUND first4=2CE2BDBA
2026-07-26T13:31:59.874208+00:00 SYNC_NOT_FOUND first4=6F629E78
PHASE_RESULT 40 LF-FLRC-2600-32 pktSize=32 rx=0 unique=0 lost=100 per=100.0 rssi_avg=0 rssi_min=0 crc_err=0 garbage=3 tx_lat=0.00000 tx_lon=0.00000 sats=0 fix=0 utc=0 tx_fw=none rx_fw=unknown
PHASE_GUARD 500
PHASE_START 41 LF-FLRC-2600-64 pktSize=64
2026-07-26T13:32:00.885870+00:00 TIME_SYNCED utc=1785072719 offset=1785062473
PHASE_RESULT 41 LF-FLRC-2600-64 pktSize=64 rx=0 unique=0 lost=100 per=100.0 rssi_avg=0 rssi_min=0 crc_err=0 garbage=0 tx_lat=0.00000 tx_lon=0.00000 sats=0 fix=0 utc=0 tx_fw=none rx_fw=unknown
PHASE_GUARD 500
PHASE_START 40 LF-FLRC-2600-32 pktSize=32
PHASE_RESULT 40 LF-FLRC-2600-32 pktSize=32 rx=0 unique=0 lost=100 per=100.0 rssi_avg=0 rssi_min=0 crc_err=0 garbage=0 tx_lat=0.00000 tx_lon=0.00000 sats=0 fix=0 utc=0 tx_fw=none rx_fw=unknown
PHASE_GUARD 500
PHASE_START 41 LF-FLRC-2600-64 pktSize=64
2026-07-26T13:32:01.897224+00:00 SYNC_NOT_FOUND first4=CDCC2B5E
2026-07-26T13:32:02.908828+00:00 PHASE_RESULT 41 LF-FLRC-2600-64 pktSize=64 rx=0 unique=0 lost=100 per=100.0 rssi_avg=0 rssi_min=0 crc_err=0 garbage=1 tx_lat=0.00000 tx_lon=0.00000 sats=0 fix=0 utc=0 tx_fw=none rx_fw=unknown
PHASE_GUARD 500
PHASE_START 42 LF-FLRC-2600-128 pktSize=128
2026-07-26T13:32:04.971819+00:00 PHASE_RESULT 42 LF-FLRC-2600-128 pktSize=128 rx=0 unique=0 lost=100 per=100.0 rssi_avg=0 rssi_min=0 crc_err=0 garbage=0 tx_lat=0.00000 tx_lon=0.00000 sats=0 fix=0 utc=0 tx_fw=none rx_fw=unknown
PHASE_GUARD 500
PHASE_START 43 LF-FLRC-2600-255 pktSize=255
2026-07-26T13:32:05.984000+00:00 SYNC_NOT_FOUND first4=D6396DA2
2026-07-26T13:32:06.995354+00:00 PHASE_RESULT 43 LF-FLRC-2600-255 pktSize=255 rx=0 unique=0 lost=100 per=100.0 rssi_avg=0 rssi_min=0 crc_err=0 garbage=1 tx_lat=0.00000 tx_lon=0.00000 sats=0 fix=0 utc=0 tx_fw=none rx_fw=unknown
PHASE_GUARD 500
PHASE_START 44 LF-FLRC-1300-32 pktSize=32
2026-07-26T13:32:08.007177+00:00 TIME_SYNCED utc=1785072727 offset=1785062474
PHASE_RESULT 44 LF-FLRC-1300-32 pktSize=32 rx=0 unique=0 lost=100 per=100.0 rssi_avg=0 rssi_min=0 crc_err=0 garbage=0 tx_lat=0.00000 tx_lon=0.00000 sats=0 fix=0 utc=0 tx_fw=none rx_fw=unknown
PHASE_GUARD 500
PHASE_START 45 LF-FLRC-1300-64 pktSize=64
2026-07-26T13:32:10.068918+00:00 PHASE_RESULT 45 LF-FLRC-1300-64 pktSize=64 rx=0 unique=0 lost=100 per=100.0 rssi_avg=0 rssi_min=0 crc_err=0 garbage=0 tx_lat=0.00000 tx_lon=0.00000 sats=0 fix=0 utc=0 tx_fw=none rx_fw=unknown
PHASE_GUARD 500
PHASE_START 46 LF-FLRC-1300-128 pktSize=128
2026-07-26T13:32:11.081752+00:00 TIME_SYNCED utc=1785072730 offset=1785062474
2026-07-26T13:32:12.093083+00:00 PHASE_RESULT 46 LF-FLRC-1300-128 pktSize=128 rx=0 unique=0 lost=100 per=100.0 rssi_avg=0 rssi_min=0 crc_err=0 garbage=0 tx_lat=0.00000 tx_lon=0.00000 sats=0 fix=0 utc=0 tx_fw=none rx_fw=unknown
PHASE_GUARD 500
PHASE_START 47 LF-FLRC-1300-255 pktSize=255
2026-07-26T13:32:14.155752+00:00 PHASE_RESULT 47 LF-FLRC-1300-255 pktSize=255 rx=0 unique=0 lost=100 per=100.0 rssi_avg=0 rssi_min=0 crc_err=0 garbage=0 tx_lat=0.00000 tx_lon=0.00000 sats=0 fix=0 utc=0 tx_fw=none rx_fw=unknown
PHASE_GUARD 500
PHASE_START 48 LF-FLRC-650-32 pktSize=32
SYNC_NOT_FOUND first4=609C4FD8
2026-07-26T13:32:15.167733+00:00 SYNC_NOT_FOUND first4=3E88612D
2026-07-26T13:32:16.178517+00:00 SYNC_NOT_FOUND first4=EFD6AB1E
SYNC_NOT_FOUND first4=B2E9FE1C
PHASE_RESULT 48 LF-FLRC-650-32 pktSize=32 rx=0 unique=0 lost=100 per=100.0 rssi_avg=0 rssi_min=0 crc_err=0 garbage=4 tx_lat=0.00000 tx_lon=0.00000 sats=0 fix=0 utc=0 tx_fw=none rx_fw=unknown
PHASE_GUARD 500
PHASE_START 49 LF-FLRC-650-64 pktSize=64
SYNC_NOT_FOUND first4=DFDC0CC9
2026-07-26T13:32:17.189926+00:00 SYNC_NOT_FOUND first4=4266A60E
2026-07-26T13:32:18.201580+00:00 SYNC_NOT_FOUND first4=EF55E962
TIME_SYNCED utc=1785072737 offset=1785062474
PHASE_RESULT 49 LF-FLRC-650-64 pktSize=64 rx=0 unique=0 lost=100 per=100.0 rssi_avg=0 rssi_min=0 crc_err=0 garbage=3 tx_lat=0.00000 tx_lon=0.00000 sats=0 fix=0 utc=0 tx_fw=none rx_fw=unknown
PHASE_GUARD 500
PHASE_START 50 LF-FLRC-650-128 pktSize=128
SYNC_NOT_FOUND first4=9F5028A2
2026-07-26T13:32:19.213361+00:00 SYNC_NOT_FOUND first4=B17DC602
SYNC_NOT_FOUND first4=3C220C52
SYNC_NOT_FOUND first4=9C3E1E72
2026-07-26T13:32:20.225148+00:00 PHASE_RESULT 50 LF-FLRC-650-128 pktSize=128 rx=0 unique=0 lost=100 per=100.0 rssi_avg=0 rssi_min=0 crc_err=0 garbage=4 tx_lat=0.00000 tx_lon=0.00000 sats=0 fix=0 utc=0 tx_fw=none rx_fw=unknown
PHASE_GUARD 500
PHASE_START 51 LF-FLRC-650-255 pktSize=255
SYNC_NOT_FOUND first4=42356DD0
2026-07-26T13:32:21.236748+00:00 TIME_SYNCED utc=1785072740 offset=1785062474
SYNC_NOT_FOUND first4=B1A27F9F
SYNC_NOT_FOUND first4=BF68D6E3
SYNC_NOT_FOUND first4=03EA1CC5
2026-07-26T13:32:22.248221+00:00 PHASE_RESULT 51 LF-FLRC-650-255 pktSize=255 rx=0 unique=0 lost=100 per=100.0 rssi_avg=0 rssi_min=0 crc_err=0 garbage=4 tx_lat=0.00000 tx_lon=0.00000 sats=0 fix=0 utc=0 tx_fw=none rx_fw=unknown
PHASE_GUARD 500
PHASE_START 52 LF-FLRC-325-32 pktSize=32
SYNC_NOT_FOUND first4=9B649967
2026-07-26T13:32:24.303413+00:00 PHASE_RESULT 52 LF-FLRC-325-32 pktSize=32 rx=0 unique=0 lost=100 per=100.0 rssi_avg=0 rssi_min=0 crc_err=0 garbage=1 tx_lat=0.00000 tx_lon=0.00000 sats=0 fix=0 utc=0 tx_fw=none rx_fw=unknown
PHASE_GUARD 500
PHASE_START 53 LF-FLRC-325-64 pktSize=64
2026-07-26T13:32:26.366295+00:00 PHASE_RESULT 53 LF-FLRC-325-64 pktSize=64 rx=0 unique=0 lost=100 per=100.0 rssi_avg=0 rssi_min=0 crc_err=0 garbage=0 tx_lat=0.00000 tx_lon=0.00000 sats=0 fix=0 utc=0 tx_fw=none rx_fw=unknown
PHASE_GUARD 500
PHASE_START 54 LF-FLRC-325-128 pktSize=128
2026-07-26T13:32:28.429076+00:00 TIME_SYNCED utc=1785072747 offset=1785062474
PHASE_RESULT 54 LF-FLRC-325-128 pktSize=128 rx=0 unique=0 lost=100 per=100.0 rssi_avg=0 rssi_min=0 crc_err=0 garbage=0 tx_lat=0.00000 tx_lon=0.00000 sats=0 fix=0 utc=0 tx_fw=none rx_fw=unknown
PHASE_GUARD 500
PHASE_START 55 LF-FLRC-325-255 pktSize=255
SYNC_NOT_FOUND first4=EB518A3F
2026-07-26T13:32:29.440818+00:00 PHASE_RESULT 55 LF-FLRC-325-255 pktSize=255 rx=0 unique=0 lost=100 per=100.0 rssi_avg=0 rssi_min=0 crc_err=0 garbage=1 tx_lat=0.00000 tx_lon=0.00000 sats=0 fix=0 utc=0 tx_fw=none rx_fw=unknown
PHASE_GUARD 500
2026-07-26T13:32:30.453015+00:00 LORA_CFG path=1 bw=0x0F sf=7
PHASE_START 0 HF-LoRa-SF7-32 pktSize=32
2026-07-26T13:32:31.464352+00:00 TIME_SYNCED utc=1785072750 offset=1785062473
2026-07-26T13:32:32.475234+00:00 PHASE_RESULT 0 HF-LoRa-SF7-32 pktSize=32 rx=0 unique=0 lost=20 per=100.0 rssi_avg=0 rssi_min=0 crc_err=0 garbage=0 tx_lat=0.00000 tx_lon=0.00000 sats=0 fix=0 utc=0 tx_fw=none rx_fw=unknown
PHASE_GUARD 500
2026-07-26T13:32:33.487499+00:00 LORA_CFG path=1 bw=0x0F sf=7
PHASE_START 1 HF-LoRa-SF7-64 pktSize=64
2026-07-26T13:32:34.499362+00:00 PHASE_RESULT 1 HF-LoRa-SF7-64 pktSize=64 rx=0 unique=0 lost=20 per=100.0 rssi_avg=0 rssi_min=0 crc_err=0 garbage=0 tx_lat=0.00000 tx_lon=0.00000 sats=0 fix=0 utc=0 tx_fw=none rx_fw=unknown
PHASE_GUARD 500
LORA_CFG path=1 bw=0x0F sf=7
2026-07-26T13:32:35.512218+00:00 PHASE_START 2 HF-LoRa-SF7-128 pktSize=128
2026-07-26T13:32:36.523296+00:00 PHASE_RESULT 2 HF-LoRa-SF7-128 pktSize=128 rx=0 unique=0 lost=20 per=100.0 rssi_avg=0 rssi_min=0 crc_err=0 garbage=0 tx_lat=0.00000 tx_lon=0.00000 sats=0 fix=0 utc=0 tx_fw=none rx_fw=unknown
PHASE_GUARD 500
LORA_CFG path=1 bw=0x0F sf=7
2026-07-26T13:32:37.534607+00:00 PHASE_START 3 HF-LoRa-SF7-255 pktSize=255
TIME_SYNCED utc=1785072757 offset=1785062474
2026-07-26T13:32:38.545496+00:00 PHASE_RESULT 3 HF-LoRa-SF7-255 pktSize=255 rx=0 unique=0 lost=20 per=100.0 rssi_avg=0 rssi_min=0 crc_err=0 garbage=0 tx_lat=0.00000 tx_lon=0.00000 sats=0 fix=0 utc=0 tx_fw=none rx_fw=unknown
PHASE_GUARD 500
LORA_CFG path=1 bw=0x0F sf=9
2026-07-26T13:32:39.558195+00:00 PHASE_START 4 HF-LoRa-SF9-32 pktSize=32
2026-07-26T13:32:40.569298+00:00 PHASE_RESULT 4 HF-LoRa-SF9-32 pktSize=32 rx=0 unique=0 lost=20 per=100.0 rssi_avg=0 rssi_min=0 crc_err=0 garbage=0 tx_lat=0.00000 tx_lon=0.00000 sats=0 fix=0 utc=0 tx_fw=none rx_fw=unknown
PHASE_GUARD 500
LORA_CFG path=1 bw=0x0F sf=9
PHASE_START 5 HF-LoRa-SF9-64 pktSize=64
2026-07-26T13:32:41.574123+00:00 TIME_SYNCED utc=1785072760 offset=1785062473
PHASE_RESULT 5 HF-LoRa-SF9-64 pktSize=64 rx=0 unique=0 lost=20 per=100.0 rssi_avg=0 rssi_min=0 crc_err=0 garbage=0 tx_lat=0.00000 tx_lon=0.00000 sats=0 fix=0 utc=0 tx_fw=none rx_fw=unknown
PHASE_GUARD 500
LORA_CFG path=1 bw=0x0F sf=9
PHASE_START 4 HF-LoRa-SF9-32 pktSize=32
PHASE_RESULT 4 HF-LoRa-SF9-32 pktSize=32 rx=0 unique=0 lost=20 per=100.0 rssi_avg=0 rssi_min=0 crc_err=0 garbage=0 tx_lat=0.00000 tx_lon=0.00000 sats=0 fix=0 utc=0 tx_fw=none rx_fw=unknown
PHASE_GUARD 500
LORA_CFG path=1 bw=0x0F sf=9
PHASE_START 5 HF-LoRa-SF9-64 pktSize=64
2026-07-26T13:32:44.680955+00:00 PHASE_RESULT 5 HF-LoRa-SF9-64 pktSize=64 rx=0 unique=0 lost=20 per=100.0 rssi_avg=0 rssi_min=0 crc_err=0 garbage=0 tx_lat=0.00000 tx_lon=0.00000 sats=0 fix=0 utc=0 tx_fw=none rx_fw=unknown
PHASE_GUARD 500
LORA_CFG path=1 bw=0x0F sf=9
PHASE_START 6 HF-LoRa-SF9-128 pktSize=128
2026-07-26T13:32:47.795786+00:00 TIME_SYNCED utc=1785072767 offset=1785062474
PHASE_RESULT 6 HF-LoRa-SF9-128 pktSize=128 rx=0 unique=0 lost=13 per=100.0 rssi_avg=0 rssi_min=0 crc_err=0 garbage=0 tx_lat=0.00000 tx_lon=0.00000 sats=0 fix=0 utc=0 tx_fw=none rx_fw=unknown
PHASE_GUARD 500
LORA_CFG path=1 bw=0x0F sf=9
PHASE_START 7 HF-LoRa-SF9-255 pktSize=255
2026-07-26T13:32:50.909101+00:00 PHASE_RESULT 7 HF-LoRa-SF9-255 pktSize=255 rx=0 unique=0 lost=6 per=100.0 rssi_avg=0 rssi_min=0 crc_err=0 garbage=0 tx_lat=0.00000 tx_lon=0.00000 sats=0 fix=0 utc=0 tx_fw=none rx_fw=unknown
PHASE_GUARD 500
LORA_CFG path=1 bw=0x0F sf=12
PHASE_START 8 HF-LoRa-SF12-32 pktSize=32
2026-07-26T13:32:51.921240+00:00 TIME_SYNCED utc=1785072770 offset=1785062473
PHASE_RESULT 8 HF-LoRa-SF12-32 pktSize=32 rx=0 unique=0 lost=2 per=100.0 rssi_avg=0 rssi_min=0 crc_err=0 garbage=0 tx_lat=0.00000 tx_lon=0.00000 sats=0 fix=0 utc=0 tx_fw=none rx_fw=unknown
PHASE_GUARD 500
LORA_CFG path=1 bw=0x0F sf=9
PHASE_START 7 HF-LoRa-SF9-255 pktSize=255
PHASE_RESULT 7 HF-LoRa-SF9-255 pktSize=255 rx=0 unique=0 lost=6 per=100.0 rssi_avg=0 rssi_min=0 crc_err=0 garbage=0 tx_lat=0.00000 tx_lon=0.00000 sats=0 fix=0 utc=0 tx_fw=none rx_fw=unknown
PHASE_GUARD 500
LORA_CFG path=1 bw=0x0F sf=12
PHASE_START 8 HF-LoRa-SF12-32 pktSize=32
2026-07-26T13:32:55.035182+00:00 PHASE_RESULT 8 HF-LoRa-SF12-32 pktSize=32 rx=0 unique=0 lost=2 per=100.0 rssi_avg=0 rssi_min=0 crc_err=0 garbage=0 tx_lat=0.00000 tx_lon=0.00000 sats=0 fix=0 utc=0 tx_fw=none rx_fw=unknown
PHASE_GUARD 500
LORA_CFG path=1 bw=0x0F sf=12
PHASE_START 9 HF-LoRa-SF12-64 pktSize=64
2026-07-26T13:32:58.150307+00:00 PHASE_RESULT 9 HF-LoRa-SF12-64 pktSize=64 rx=0 unique=0 lost=1 per=100.0 rssi_avg=0 rssi_min=0 crc_err=0 garbage=0 tx_lat=0.00000 tx_lon=0.00000 sats=0 fix=0 utc=0 tx_fw=none rx_fw=unknown
PHASE_GUARD 500
LORA_CFG path=1 bw=0x0F sf=12
PHASE_START 10 HF-LoRa-SF12-128 pktSize=128
TIME_SYNCED utc=1785072777 offset=1785062473
2026-07-26T13:33:02.316256+00:00 TIME_SYNCED utc=1785072781 offset=1785062474
PHASE_RESULT 10 HF-LoRa-SF12-128 pktSize=128 rx=0 unique=0 lost=1 per=100.0 rssi_avg=0 rssi_min=0 crc_err=0 garbage=0 tx_lat=0.00000 tx_lon=0.00000 sats=0 fix=0 utc=0 tx_fw=none rx_fw=unknown
PHASE_GUARD 500
LORA_CFG path=1 bw=0x0F sf=12
PHASE_START 11 HF-LoRa-SF12-255 pktSize=255
2026-07-26T13:33:07.534914+00:00 TIME_SYNCED utc=1785072787 offset=1785062473
2026-07-26T13:33:12.751193+00:00 TIME_SYNCED utc=1785072791 offset=1785062473
PHASE_RESULT 11 HF-LoRa-SF12-255 pktSize=255 rx=0 unique=0 lost=1 per=100.0 rssi_avg=0 rssi_min=0 crc_err=0 garbage=0 tx_lat=0.00000 tx_lon=0.00000 sats=0 fix=0 utc=0 tx_fw=none rx_fw=unknown
PHASE_GUARD 500
PHASE_START 12 HF-FLRC-2600-32 pktSize=32
SYNC_NOT_FOUND first4=54270415
SYNC_NOT_FOUND first4=5DBA0A76
2026-07-26T13:33:13.754992+00:00 SYNC_NOT_FOUND first4=2D5C7A9D
SYNC_NOT_FOUND first4=AC70CB18
SYNC_NOT_FOUND first4=8E66CFC2
SYNC_NOT_FOUND first4=91F89CEE
SYNC_NOT_FOUND first4=155A382C
SYNC_NOT_FOUND first4=77DEC5B0
SYNC_NOT_FOUND first4=46C2CCEF
SYNC_NOT_FOUND first4=946E0728
SYNC_NOT_FOUND first4=27C07F9F
2026-07-26T13:33:14.766887+00:00 SYNC_NOT_FOUND first4=965AD178
SYNC_NOT_FOUND first4=1F1A0562
SYNC_NOT_FOUND first4=75200563
SYNC_NOT_FOUND first4=CEA14BA1
SYNC_NOT_FOUND first4=E8ADA56A
SYNC_NOT_FOUND first4=4C8881AF
SYNC_NOT_FOUND first4=599CDC48
PHASE_RESULT 12 HF-FLRC-2600-32 pktSize=32 rx=0 unique=0 lost=100 per=100.0 rssi_avg=0 rssi_min=0 crc_err=0 garbage=18 tx_lat=0.00000 tx_lon=0.00000 sats=0 fix=0 utc=0 tx_fw=none rx_fw=unknown
PHASE_GUARD 500
PHASE_START 13 HF-FLRC-2600-64 pktSize=64
2026-07-26T13:33:15.778018+00:00 SYNC_NOT_FOUND first4=25880EE9
SYNC_NOT_FOUND first4=4C8C44AE
SYNC_NOT_FOUND first4=F79C7563
SYNC_NOT_FOUND first4=0DF8CC59
SYNC_NOT_FOUND first4=BB4F4E33
SYNC_NOT_FOUND first4=4CA7F198
SYNC_NOT_FOUND first4=1DD996C8
SYNC_NOT_FOUND first4=365849A7
SYNC_NOT_FOUND first4=05166ECA
2026-07-26T13:33:16.789921+00:00 SYNC_NOT_FOUND first4=028CAF4C
SYNC_NOT_FOUND first4=40770F77
SYNC_NOT_FOUND first4=74FCC664
PHASE_RESULT 13 HF-FLRC-2600-64 pktSize=64 rx=0 unique=0 lost=100 per=100.0 rssi_avg=0 rssi_min=0 crc_err=0 garbage=12 tx_lat=0.00000 tx_lon=0.00000 sats=0 fix=0 utc=0 tx_fw=none rx_fw=unknown
PHASE_GUARD 500
PHASE_START 14 HF-FLRC-2600-128 pktSize=128
SYNC_NOT_FOUND first4=A530FFB8
2026-07-26T13:33:17.801095+00:00 SYNC_NOT_FOUND first4=62E3E4B2
SYNC_NOT_FOUND first4=C21F6E97
SYNC_NOT_FOUND first4=9D9033F5
SYNC_NOT_FOUND first4=CAD90B50
TIME_SYNCED utc=1785072797 offset=1785062473
SYNC_NOT_FOUND first4=1E65266D
SYNC_NOT_FOUND first4=DE43270A
2026-07-26T13:33:18.812578+00:00 PHASE_RESULT 14 HF-FLRC-2600-128 pktSize=128 rx=0 unique=0 lost=100 per=100.0 rssi_avg=0 rssi_min=0 crc_err=0 garbage=7 tx_lat=0.00000 tx_lon=0.00000 sats=0 fix=0 utc=0 tx_fw=none rx_fw=unknown
PHASE_GUARD 500
PHASE_START 15 HF-FLRC-2600-255 pktSize=255
SYNC_NOT_FOUND first4=D3D6AC54
SYNC_NOT_FOUND first4=C24A9332
2026-07-26T13:33:19.824291+00:00 SYNC_NOT_FOUND first4=77252187
SYNC_NOT_FOUND first4=B89E4A72
SYNC_NOT_FOUND first4=946F0EC3
SYNC_NOT_FOUND first4=36B85523
SYNC_NOT_FOUND first4=B8145240
SYNC_NOT_FOUND first4=63B2186D
SYNC_NOT_FOUND first4=F5B2BD62
2026-07-26T13:33:20.838677+00:00 SYNC_NOT_FOUND first4=D25E0C58
SYNC_NOT_FOUND first4=E3586C3D
SYNC_NOT_FOUND first4=C8296B0D
PHASE_RESULT 15 HF-FLRC-2600-255 pktSize=255 rx=0 unique=0 lost=100 per=100.0 rssi_avg=0 rssi_min=0 crc_err=0 garbage=12 tx_lat=0.00000 tx_lon=0.00000 sats=0 fix=0 utc=0 tx_fw=none rx_fw=unknown
PHASE_GUARD 500
PHASE_START 16 HF-FLRC-1300-32 pktSize=32
2026-07-26T13:33:21.852949+00:00 SYNC_NOT_FOUND first4=89BEE43D
SYNC_NOT_FOUND first4=7F9199C1
SYNC_NOT_FOUND first4=7B54075D
SYNC_NOT_FOUND first4=958BF57F
2026-07-26T13:33:22.874092+00:00 TIME_SYNCED utc=1785072801 offset=1785062473
SYNC_NOT_FOUND first4=9586F116
PHASE_RESULT 16 HF-FLRC-1300-32 pktSize=32 rx=0 unique=0 lost=100 per=100.0 rssi_avg=0 rssi_min=0 crc_err=0 garbage=5 tx_lat=0.00000 tx_lon=0.00000 sats=0 fix=0 utc=0 tx_fw=none rx_fw=unknown
PHASE_GUARD 500
PHASE_START 17 HF-FLRC-1300-64 pktSize=64
SYNC_NOT_FOUND first4=D575C961
SYNC_NOT_FOUND first4=89A8A498
SYNC_NOT_FOUND first4=856605C7
2026-07-26T13:33:23.883192+00:00 SYNC_NOT_FOUND first4=34025909
SYNC_NOT_FOUND first4=44FC913A
SYNC_NOT_FOUND first4=8DC71180
SYNC_NOT_FOUND first4=5B2A58C0
SYNC_NOT_FOUND first4=2C0338F4
SYNC_NOT_FOUND first4=9F3BC7EC
SYNC_NOT_FOUND first4=7216A215
2026-07-26T13:33:24.896328+00:00 SYNC_NOT_FOUND first4=A8A6B92D
PHASE_RESULT 17 HF-FLRC-1300-64 pktSize=64 rx=0 unique=0 lost=100 per=100.0 rssi_avg=0 rssi_min=0 crc_err=0 garbage=11 tx_lat=0.00000 tx_lon=0.00000 sats=0 fix=0 utc=0 tx_fw=none rx_fw=unknown
PHASE_GUARD 500
PHASE_START 18 HF-FLRC-1300-128 pktSize=128
SYNC_NOT_FOUND first4=FAF93390
SYNC_NOT_FOUND first4=1A6D9972
2026-07-26T13:33:25.905530+00:00 SYNC_NOT_FOUND first4=04C39183
SYNC_NOT_FOUND first4=F247FDF5
SYNC_NOT_FOUND first4=066051AD
SYNC_NOT_FOUND first4=9C511BA1
2026-07-26T13:33:26.923844+00:00 PHASE_RESULT 18 HF-FLRC-1300-128 pktSize=128 rx=0 unique=0 lost=100 per=100.0 rssi_avg=0 rssi_min=0 crc_err=0 garbage=6 tx_lat=0.00000 tx_lon=0.00000 sats=0 fix=0 utc=0 tx_fw=none rx_fw=unknown
PHASE_GUARD 500
PHASE_START 19 HF-FLRC-1300-255 pktSize=255
2026-07-26T13:33:27.934704+00:00 SYNC_NOT_FOUND first4=96753DEF
SYNC_NOT_FOUND first4=8A6A4A4D
TIME_SYNCED utc=1785072807 offset=1785062473
SYNC_NOT_FOUND first4=7BA6129F
SYNC_NOT_FOUND first4=846BD1DB
2026-07-26T13:33:28.945558+00:00 SYNC_NOT_FOUND first4=5BE31BA2
PHASE_RESULT 19 HF-FLRC-1300-255 pktSize=255 rx=0 unique=0 lost=100 per=100.0 rssi_avg=0 rssi_min=0 crc_err=0 garbage=5 tx_lat=0.00000 tx_lon=0.00000 sats=0 fix=0 utc=0 tx_fw=none rx_fw=unknown
PHASE_GUARD 500
PHASE_START 20 HF-FLRC-650-32 pktSize=32
SYNC_NOT_FOUND first4=5BA62A15
SYNC_NOT_FOUND first4=111622AB
SYNC_NOT_FOUND first4=F525364B
SYNC_NOT_FOUND first4=6DB81DD2
SYNC_NOT_FOUND first4=AD4C711A
SYNC_NOT_FOUND first4=3655B4E9
SYNC_NOT_FOUND first4=0225B1C4
SYNC_NOT_FOUND first4=7044CA9D
SYNC_NOT_FOUND first4=372F847F
SYNC_NOT_FOUND first4=E6831421
SYNC_NOT_FOUND first4=E40483BA
SYNC_NOT_FOUND first4=EC3BEC95
2026-07-26T13:33:29.958256+00:00 SYNC_NOT_FOUND first4=3BD87B2D
SYNC_NOT_FOUND first4=457BF804
SYNC_NOT_FOUND first4=04D89368
SYNC_NOT_FOUND first4=5C500CCB
SYNC_NOT_FOUND first4=DA4614C2
SYNC_NOT_FOUND first4=DF590DE0
SYNC_NOT_FOUND first4=CF8E87E8
SYNC_NOT_FOUND first4=B05AF4F4
SYNC_NOT_FOUND first4=645AC050
SYNC_NOT_FOUND first4=952AA70D
SYNC_NOT_FOUND first4=49DCA6BA
SYNC_NOT_FOUND first4=9DDD9BAC
SYNC_NOT_FOUND first4=9D35F99B
SYNC_NOT_FOUND first4=ABE54FE6
SYNC_NOT_FOUND first4=BAE56941
SYNC_NOT_FOUND first4=B4409F07
SYNC_NOT_FOUND first4=070D4FB3
SYNC_NOT_FOUND first4=345D8074
SYNC_NOT_FOUND first4=E9911DF2
2026-07-26T13:33:30.976353+00:00 SYNC_NOT_FOUND first4=C20E035C
SYNC_NOT_FOUND first4=7E534FB5
SYNC_NOT_FOUND first4=0D3FE3DD
SYNC_NOT_FOUND first4=AD8E1F8C
SYNC_NOT_FOUND first4=72BB4CDB
SYNC_NOT_FOUND first4=94578821
SYNC_NOT_FOUND first4=302D65F5
SYNC_NOT_FOUND first4=6AEF900F
SYNC_NOT_FOUND first4=3AACDB12
SYNC_NOT_FOUND first4=A72AA724
SYNC_NOT_FOUND first4=459EE887
SYNC_NOT_FOUND first4=2CEC8D01
PHASE_RESULT 20 HF-FLRC-650-32 pktSize=32 rx=0 unique=0 lost=100 per=100.0 rssi_avg=0 rssi_min=0 crc_err=0 garbage=43 tx_lat=0.00000 tx_lon=0.00000 sats=0 fix=0 utc=0 tx_fw=none rx_fw=unknown
PHASE_GUARD 500
PHASE_START 21 HF-FLRC-650-64 pktSize=64
SYNC_NOT_FOUND first4=19AA0664
SYNC_NOT_FOUND first4=90B3AB54
SYNC_NOT_FOUND first4=B4B57D7B
SYNC_NOT_FOUND first4=6554A227
SYNC_NOT_FOUND first4=5652DC48
SYNC_NOT_FOUND first4=4253F6F4
SYNC_NOT_FOUND first4=66AB3D46
SYNC_NOT_FOUND first4=73362E0C
SYNC_NOT_FOUND first4=788D7821
2026-07-26T13:33:31.994812+00:00 SYNC_NOT_FOUND first4=E88F58C1
SYNC_NOT_FOUND first4=0CB38964
SYNC_NOT_FOUND first4=83B44ECB
SYNC_NOT_FOUND first4=52C71D8F
SYNC_NOT_FOUND first4=63151F5D
SYNC_NOT_FOUND first4=372BF021
SYNC_NOT_FOUND first4=C518BFCC
SYNC_NOT_FOUND first4=D1C1EE9C
SYNC_NOT_FOUND first4=7713BDD7
SYNC_NOT_FOUND first4=A4DBCA80
SYNC_NOT_FOUND first4=C382B4A8
SYNC_NOT_FOUND first4=134BB7A1
SYNC_NOT_FOUND first4=C8DE7F03
SYNC_NOT_FOUND first4=399B98D9
SYNC_NOT_FOUND first4=7A0A8CD8
2026-07-26T13:33:33.005557+00:00 TIME_SYNCED utc=1785072812 offset=1785062474
PHASE_RESULT 21 HF-FLRC-650-64 pktSize=64 rx=0 unique=0 lost=100 per=100.0 rssi_avg=0 rssi_min=0 crc_err=0 garbage=24 tx_lat=0.00000 tx_lon=0.00000 sats=0 fix=0 utc=0 tx_fw=none rx_fw=unknown
PHASE_GUARD 500
PHASE_START 22 HF-FLRC-650-128 pktSize=128
SYNC_NOT_FOUND first4=27BD7917
SYNC_NOT_FOUND first4=54FCF496
SYNC_NOT_FOUND first4=A2C0FF95
SYNC_NOT_FOUND first4=CB1A0234
SYNC_NOT_FOUND first4=697DAD86
SYNC_NOT_FOUND first4=B2CC4A92
SYNC_NOT_FOUND first4=FF47F519
SYNC_NOT_FOUND first4=DE85E715
SYNC_NOT_FOUND first4=8B79569D
SYNC_NOT_FOUND first4=3F6509DC
SYNC_NOT_FOUND first4=C7E07E72
SYNC_NOT_FOUND first4=4E4F37FA
SYNC_NOT_FOUND first4=00D9BB78
2026-07-26T13:33:34.019543+00:00 SYNC_NOT_FOUND first4=6D4372BA
SYNC_NOT_FOUND first4=E993F708
SYNC_NOT_FOUND first4=284A109F
SYNC_NOT_FOUND first4=E6BBA38A
SYNC_NOT_FOUND first4=9D8AA7C2
SYNC_NOT_FOUND first4=A7AF47C3
SYNC_NOT_FOUND first4=41434C06
SYNC_NOT_FOUND first4=0886F2E9
SYNC_NOT_FOUND first4=FA5C4849
SYNC_NOT_FOUND first4=B0D75224
SYNC_NOT_FOUND first4=F8E7A990
PHASE_RESULT 22 HF-FLRC-650-128 pktSize=128 rx=0 unique=0 lost=100 per=100.0 rssi_avg=0 rssi_min=0 crc_err=0 garbage=24 tx_lat=0.00000 tx_lon=0.00000 sats=0 fix=0 utc=0 tx_fw=none rx_fw=unknown
PHASE_GUARD 500
PHASE_START 23 HF-FLRC-650-255 pktSize=255
SYNC_NOT_FOUND first4=C970CEEB
SYNC_NOT_FOUND first4=42B87D84
SYNC_NOT_FOUND first4=88CB5A0B
SYNC_NOT_FOUND first4=AADEF5D4
SYNC_NOT_FOUND first4=07D045F2
SYNC_NOT_FOUND first4=F11262FE
SYNC_NOT_FOUND first4=E9ECE3E1
2026-07-26T13:33:35.033352+00:00 SYNC_NOT_FOUND first4=9517BA41
SYNC_NOT_FOUND first4=D40DFC78
SYNC_NOT_FOUND first4=35298977
SYNC_NOT_FOUND first4=F61F3A4D
SYNC_NOT_FOUND first4=86431742
SYNC_NOT_FOUND first4=44A93B9B
SYNC_NOT_FOUND first4=44AA6EE1
SYNC_NOT_FOUND first4=FA6CDF76
SYNC_NOT_FOUND first4=B0283A83
SYNC_NOT_FOUND first4=916CF89A
SYNC_NOT_FOUND first4=D170F51A
SYNC_NOT_FOUND first4=4A1023BD
SYNC_NOT_FOUND first4=79EF55E4
SYNC_NOT_FOUND first4=F7AE75C4
SYNC_NOT_FOUND first4=9AD6D378
SYNC_NOT_FOUND first4=9C07E909
SYNC_NOT_FOUND first4=AE1C249E
SYNC_NOT_FOUND first4=523B90E0
SYNC_NOT_FOUND first4=906C84AC
SYNC_NOT_FOUND first4=3A1754B8
SYNC_NOT_FOUND first4=6F7FD551
SYNC_NOT_FOUND first4=187E1DC6
SYNC_NOT_FOUND first4=4AF59C57
SYNC_NOT_FOUND first4=E5308BB9
SYNC_NOT_FOUND first4=D8551A8A
SYNC_NOT_FOUND first4=378104B9
SYNC_NOT_FOUND first4=69273F68
2026-07-26T13:33:36.049602+00:00 SYNC_NOT_FOUND first4=DF134F10
SYNC_NOT_FOUND first4=04908814
SYNC_NOT_FOUND first4=F61118F5
SYNC_NOT_FOUND first4=B948CB2C
SYNC_NOT_FOUND first4=758C121D
SYNC_NOT_FOUND first4=8E28AE8E
PHASE_RESULT 23 HF-FLRC-650-255 pktSize=255 rx=0 unique=0 lost=100 per=100.0 rssi_avg=0 rssi_min=0 crc_err=0 garbage=40 tx_lat=0.00000 tx_lon=0.00000 sats=0 fix=0 utc=0 tx_fw=none rx_fw=unknown
PHASE_GUARD 500
PHASE_START 24 HF-FLRC-325-32 pktSize=32
SYNC_NOT_FOUND first4=1FECB72C
SYNC_NOT_FOUND first4=810709EC
2026-07-26T13:33:37.072510+00:00 SYNC_NOT_FOUND first4=6A1D9C0A
SYNC_NOT_FOUND first4=883DBB47
2026-07-26T13:33:38.090855+00:00 SYNC_NOT_FOUND first4=278211D3
SYNC_NOT_FOUND first4=E067F044
PHASE_RESULT 24 HF-FLRC-325-32 pktSize=32 rx=0 unique=0 lost=100 per=100.0 rssi_avg=0 rssi_min=0 crc_err=0 garbage=6 tx_lat=0.00000 tx_lon=0.00000 sats=0 fix=0 utc=0 tx_fw=none rx_fw=unknown
PHASE_GUARD 500
PHASE_START 25 HF-FLRC-325-64 pktSize=64
TIME_SYNCED utc=1785072817 offset=1785062473
PHASE_RESULT 25 HF-FLRC-325-64 pktSize=64 rx=0 unique=0 lost=100 per=100.0 rssi_avg=0 rssi_min=0 crc_err=0 garbage=0 tx_lat=0.00000 tx_lon=0.00000 sats=0 fix=0 utc=0 tx_fw=none rx_fw=unknown
PHASE_GUARD 500
PHASE_START 24 HF-FLRC-325-32 pktSize=32
2026-07-26T13:33:39.109355+00:00 PHASE_RESULT 24 HF-FLRC-325-32 pktSize=32 rx=0 unique=0 lost=100 per=100.0 rssi_avg=0 rssi_min=0 crc_err=0 garbage=0 tx_lat=0.00000 tx_lon=0.00000 sats=0 fix=0 utc=0 tx_fw=none rx_fw=unknown
PHASE_GUARD 500
PHASE_START 25 HF-FLRC-325-64 pktSize=64
SYNC_NOT_FOUND first4=143B1A01
SYNC_NOT_FOUND first4=B2B0C6AB
2026-07-26T13:33:40.120389+00:00 SYNC_NOT_FOUND first4=C17485DC
SYNC_NOT_FOUND first4=1DA6A1A0
SYNC_NOT_FOUND first4=D2AD813C
2026-07-26T13:33:41.141010+00:00 SYNC_NOT_FOUND first4=3E495CAB
PHASE_RESULT 25 HF-FLRC-325-64 pktSize=64 rx=0 unique=0 lost=100 per=100.0 rssi_avg=0 rssi_min=0 crc_err=0 garbage=6 tx_lat=0.00000 tx_lon=0.00000 sats=0 fix=0 utc=0 tx_fw=none rx_fw=unknown
PHASE_GUARD 500
PHASE_START 26 HF-FLRC-325-128 pktSize=128
SYNC_NOT_FOUND first4=1F64A249
SYNC_NOT_FOUND first4=5DE4D6F4
SYNC_NOT_FOUND first4=843AF661
2026-07-26T13:33:42.160428+00:00 SYNC_NOT_FOUND first4=368A3E14
SYNC_NOT_FOUND first4=49863ECC
SYNC_NOT_FOUND first4=66E2A543
SYNC_NOT_FOUND first4=2828C865
2026-07-26T13:33:43.172007+00:00 TIME_SYNCED utc=1785072822 offset=1785062474
PHASE_RESULT 26 HF-FLRC-325-128 pktSize=128 rx=0 unique=0 lost=100 per=100.0 rssi_avg=0 rssi_min=0 crc_err=0 garbage=7 tx_lat=0.00000 tx_lon=0.00000 sats=0 fix=0 utc=0 tx_fw=none rx_fw=unknown
PHASE_GUARD 500
PHASE_START 27 HF-FLRC-325-255 pktSize=255
SYNC_NOT_FOUND first4=FF5BF5FC
2026-07-26T13:33:44.183352+00:00 PHASE_RESULT 27 HF-FLRC-325-255 pktSize=255 rx=0 unique=0 lost=100 per=100.0 rssi_avg=0 rssi_min=0 crc_err=0 garbage=1 tx_lat=0.00000 tx_lon=0.00000 sats=0 fix=0 utc=0 tx_fw=none rx_fw=unknown
PHASE_GUARD 500
LORA_CFG path=0 bw=0x05 sf=7
PHASE_START 28 LF-LoRa-SF7-32 pktSize=32
2026-07-26T13:33:46.246447+00:00 PHASE_RESULT 28 LF-LoRa-SF7-32 pktSize=32 rx=0 unique=0 lost=20 per=100.0 rssi_avg=0 rssi_min=0 crc_err=0 garbage=0 tx_lat=0.00000 tx_lon=0.00000 sats=0 fix=0 utc=0 tx_fw=none rx_fw=unknown
PHASE_GUARD 500
LORA_CFG path=0 bw=0x05 sf=7
PHASE_START 29 LF-LoRa-SF7-64 pktSize=64
2026-07-26T13:33:48.317292+00:00 TIME_SYNCED utc=1785072827 offset=1785062473
2026-07-26T13:33:50.382422+00:00 PHASE_RESULT 29 LF-LoRa-SF7-64 pktSize=64 rx=0 unique=0 lost=20 per=100.0 rssi_avg=0 rssi_min=0 crc_err=0 garbage=0 tx_lat=0.00000 tx_lon=0.00000 sats=0 fix=0 utc=0 tx_fw=none rx_fw=unknown
PHASE_GUARD 500
LORA_CFG path=0 bw=0x05 sf=7
PHASE_START 30 LF-LoRa-SF7-128 pktSize=128
2026-07-26T13:33:53.501063+00:00 TIME_SYNCED utc=1785072832 offset=1785062473
PHASE_RESULT 30 LF-LoRa-SF7-128 pktSize=128 rx=0 unique=0 lost=13 per=100.0 rssi_avg=0 rssi_min=0 crc_err=0 garbage=0 tx_lat=0.00000 tx_lon=0.00000 sats=0 fix=0 utc=0 tx_fw=none rx_fw=unknown
PHASE_GUARD 500
LORA_CFG path=0 bw=0x05 sf=7
2026-07-26T13:33:54.522014+00:00 PHASE_START 31 LF-LoRa-SF7-255 pktSize=255
2026-07-26T13:33:57.636101+00:00 PHASE_RESULT 31 LF-LoRa-SF7-255 pktSize=255 rx=0 unique=0 lost=7 per=100.0 rssi_avg=0 rssi_min=0 crc_err=0 garbage=0 tx_lat=0.00000 tx_lon=0.00000 sats=0 fix=0 utc=0 tx_fw=none rx_fw=unknown
PHASE_GUARD 500
LORA_CFG path=0 bw=0x05 sf=9
PHASE_START 32 LF-LoRa-SF9-32 pktSize=32
TIME_SYNCED utc=1785072837 offset=1785062473
2026-07-26T13:34:01.802748+00:00 PHASE_RESULT 32 LF-LoRa-SF9-32 pktSize=32 rx=0 unique=0 lost=7 per=100.0 rssi_avg=0 rssi_min=0 crc_err=0 garbage=0 tx_lat=0.00000 tx_lon=0.00000 sats=0 fix=0 utc=0 tx_fw=none rx_fw=unknown
PHASE_GUARD 500
LORA_CFG path=0 bw=0x05 sf=9
PHASE_START 33 LF-LoRa-SF9-64 pktSize=64
2026-07-26T13:34:03.863999+00:00 TIME_SYNCED utc=1785072842 offset=1785062473
2026-07-26T13:34:04.875227+00:00 PHASE_RESULT 33 LF-LoRa-SF9-64 pktSize=64 rx=0 unique=0 lost=3 per=100.0 rssi_avg=0 rssi_min=0 crc_err=0 garbage=0 tx_lat=0.00000 tx_lon=0.00000 sats=0 fix=0 utc=0 tx_fw=none rx_fw=unknown
PHASE_GUARD 500
LORA_CFG path=0 bw=0x05 sf=9
PHASE_START 34 LF-LoRa-SF9-128 pktSize=128
2026-07-26T13:34:06.942658+00:00 PHASE_RESULT 34 LF-LoRa-SF9-128 pktSize=128 rx=0 unique=0 lost=1 per=100.0 rssi_avg=0 rssi_min=0 crc_err=0 garbage=0 tx_lat=0.00000 tx_lon=0.00000 sats=0 fix=0 utc=0 tx_fw=none rx_fw=unknown
PHASE_GUARD 500
LORA_CFG path=0 bw=0x05 sf=9
PHASE_START 35 LF-LoRa-SF9-255 pktSize=255
2026-07-26T13:34:07.954375+00:00 TIME_SYNCED utc=1785072847 offset=1785062473
2026-07-26T13:34:11.067976+00:00 PHASE_RESULT 35 LF-LoRa-SF9-255 pktSize=255 rx=0 unique=0 lost=1 per=100.0 rssi_avg=0 rssi_min=0 crc_err=0 garbage=0 tx_lat=0.00000 tx_lon=0.00000 sats=0 fix=0 utc=0 tx_fw=none rx_fw=unknown
PHASE_GUARD 500
LORA_CFG path=0 bw=0x05 sf=12
PHASE_START 36 LF-LoRa-SF12-32 pktSize=32
2026-07-26T13:34:14.186951+00:00 TIME_SYNCED utc=1785072853 offset=1785062474
2026-07-26T13:34:18.357371+00:00 TIME_SYNCED utc=1785072857 offset=1785062473
2026-07-26T13:34:24.638994+00:00 TIME_SYNCED utc=1785072863 offset=1785062473
2026-07-26T13:34:25.650141+00:00 PHASE_RESULT 36 LF-LoRa-SF12-32 pktSize=32 rx=0 unique=0 lost=1 per=100.0 rssi_avg=0 rssi_min=0 crc_err=0 garbage=0 tx_lat=0.00000 tx_lon=0.00000 sats=0 fix=0 utc=0 tx_fw=none rx_fw=unknown
PHASE_GUARD 500
LORA_CFG path=0 bw=0x05 sf=12
PHASE_START 37 LF-LoRa-SF12-SKIP SKIP pktSize=64
2026-07-26T13:34:26.668469+00:00 PHASE_RESULT 37 LF-LoRa-SF12-SKIP pktSize=64 rx=0 unique=0 lost=0 per=0.0 rssi_avg=0 rssi_min=0 crc_err=0 garbage=0 tx_lat=0.00000 tx_lon=0.00000 sats=0 fix=0 utc=0 tx_fw=none rx_fw=unknown
PHASE_GUARD 500
LORA_CFG path=0 bw=0x05 sf=12
PHASE_START 38 LF-LoRa-SF12-SKIP SKIP pktSize=128
2026-07-26T13:34:27.679630+00:00 PHASE_RESULT 38 LF-LoRa-SF12-SKIP pktSize=128 rx=0 unique=0 lost=0 per=0.0 rssi_avg=0 rssi_min=0 crc_err=0 garbage=0 tx_lat=0.00000 tx_lon=0.00000 sats=0 fix=0 utc=0 tx_fw=none rx_fw=unknown
PHASE_GUARD 500
LORA_CFG path=0 bw=0x05 sf=12
PHASE_START 39 LF-LoRa-SF12-SKIP SKIP pktSize=255
TIME_SYNCED utc=1785072867 offset=1785062473
2026-07-26T13:34:28.695772+00:00 PHASE_RESULT 39 LF-LoRa-SF12-SKIP pktSize=255 rx=0 unique=0 lost=0 per=0.0 rssi_avg=0 rssi_min=0 crc_err=0 garbage=0 tx_lat=0.00000 tx_lon=0.00000 sats=0 fix=0 utc=0 tx_fw=none rx_fw=unknown
PHASE_GUARD 500
PHASE_START 40 LF-FLRC-2600-32 pktSize=32
2026-07-26T13:34:30.758751+00:00 PHASE_RESULT 40 LF-FLRC-2600-32 pktSize=32 rx=0 unique=0 lost=100 per=100.0 rssi_avg=0 rssi_min=0 crc_err=0 garbage=0 tx_lat=0.00000 tx_lon=0.00000 sats=0 fix=0 utc=0 tx_fw=none rx_fw=unknown
PHASE_GUARD 500
PHASE_START 41 LF-FLRC-2600-64 pktSize=64
2026-07-26T13:34:32.826562+00:00 PHASE_RESULT 41 LF-FLRC-2600-64 pktSize=64 rx=0 unique=0 lost=100 per=100.0 rssi_avg=0 rssi_min=0 crc_err=0 garbage=0 tx_lat=0.00000 tx_lon=0.00000 sats=0 fix=0 utc=0 tx_fw=none rx_fw=unknown
PHASE_GUARD 500
PHASE_START 42 LF-FLRC-2600-128 pktSize=128
2026-07-26T13:34:33.842242+00:00 SYNC_NOT_FOUND first4=85C501D4
2026-07-26T13:34:34.846484+00:00 TIME_SYNCED utc=1785072873 offset=1785062473
PHASE_RESULT 42 LF-FLRC-2600-128 pktSize=128 rx=0 unique=0 lost=100 per=100.0 rssi_avg=0 rssi_min=0 crc_err=0 garbage=1 tx_lat=0.00000 tx_lon=0.00000 sats=0 fix=0 utc=0 tx_fw=none rx_fw=unknown
PHASE_GUARD 500
PHASE_START 43 LF-FLRC-2600-255 pktSize=255
2026-07-26T13:34:35.858281+00:00 SYNC_NOT_FOUND first4=4222B531
2026-07-26T13:34:36.877536+00:00 SYNC_NOT_FOUND first4=124D5A75
SYNC_NOT_FOUND first4=5FE8255A
PHASE_RESULT 43 LF-FLRC-2600-255 pktSize=255 rx=0 unique=0 lost=100 per=100.0 rssi_avg=0 rssi_min=0 crc_err=0 garbage=3 tx_lat=0.00000 tx_lon=0.00000 sats=0 fix=0 utc=0 tx_fw=none rx_fw=unknown
PHASE_GUARD 500
PHASE_START 44 LF-FLRC-1300-32 pktSize=32
2026-07-26T13:34:37.888902+00:00 TIME_SYNCED utc=1785072877 offset=1785062473
2026-07-26T13:34:38.906179+00:00 PHASE_RESULT 44 LF-FLRC-1300-32 pktSize=32 rx=0 unique=0 lost=100 per=100.0 rssi_avg=0 rssi_min=0 crc_err=0 garbage=0 tx_lat=0.00000 tx_lon=0.00000 sats=0 fix=0 utc=0 tx_fw=none rx_fw=unknown
PHASE_GUARD 500
PHASE_START 45 LF-FLRC-1300-64 pktSize=64
2026-07-26T13:34:39.917343+00:00 SYNC_NOT_FOUND first4=32904769
2026-07-26T13:34:40.928779+00:00 PHASE_RESULT 45 LF-FLRC-1300-64 pktSize=64 rx=0 unique=0 lost=100 per=100.0 rssi_avg=0 rssi_min=0 crc_err=0 garbage=1 tx_lat=0.00000 tx_lon=0.00000 sats=0 fix=0 utc=0 tx_fw=none rx_fw=unknown
PHASE_GUARD 500
PHASE_START 46 LF-FLRC-1300-128 pktSize=128
2026-07-26T13:34:43.002026+00:00 PHASE_RESULT 46 LF-FLRC-1300-128 pktSize=128 rx=0 unique=0 lost=100 per=100.0 rssi_avg=0 rssi_min=0 crc_err=0 garbage=0 tx_lat=0.00000 tx_lon=0.00000 sats=0 fix=0 utc=0 tx_fw=none rx_fw=unknown
PHASE_GUARD 500
PHASE_START 47 LF-FLRC-1300-255 pktSize=255
2026-07-26T13:34:45.071660+00:00 TIME_SYNCED utc=1785072884 offset=1785062474
PHASE_RESULT 47 LF-FLRC-1300-255 pktSize=255 rx=0 unique=0 lost=100 per=100.0 rssi_avg=0 rssi_min=0 crc_err=0 garbage=0 tx_lat=0.00000 tx_lon=0.00000 sats=0 fix=0 utc=0 tx_fw=none rx_fw=unknown
PHASE_GUARD 500
PHASE_START 48 LF-FLRC-650-32 pktSize=32
SYNC_NOT_FOUND first4=3F2C96B0
SYNC_NOT_FOUND first4=01407FE5
2026-07-26T13:34:46.082844+00:00 SYNC_NOT_FOUND first4=55EA0056
PHASE_RESULT 48 LF-FLRC-650-32 pktSize=32 rx=0 unique=0 lost=100 per=100.0 rssi_avg=0 rssi_min=0 crc_err=0 garbage=3 tx_lat=0.00000 tx_lon=0.00000 sats=0 fix=0 utc=0 tx_fw=none rx_fw=unknown
PHASE_GUARD 500
PHASE_START 49 LF-FLRC-650-64 pktSize=64
SYNC_NOT_FOUND first4=5C185E81
2026-07-26T13:34:47.101724+00:00 SYNC_NOT_FOUND first4=E20375E1
SYNC_NOT_FOUND first4=A1EDC792
SYNC_NOT_FOUND first4=6BC758AD
SYNC_NOT_FOUND first4=7976F541
SYNC_NOT_FOUND first4=4759C593
2026-07-26T13:34:48.112259+00:00 PHASE_RESULT 49 LF-FLRC-650-64 pktSize=64 rx=0 unique=0 lost=100 per=100.0 rssi_avg=0 rssi_min=0 crc_err=0 garbage=6 tx_lat=0.00000 tx_lon=0.00000 sats=0 fix=0 utc=0 tx_fw=none rx_fw=unknown
PHASE_GUARD 500
PHASE_START 50 LF-FLRC-650-128 pktSize=128
TIME_SYNCED utc=1785072887 offset=1785062473
PHASE_RESULT 50 LF-FLRC-650-128 pktSize=128 rx=0 unique=0 lost=100 per=100.0 rssi_avg=0 rssi_min=0 crc_err=0 garbage=0 tx_lat=0.00000 tx_lon=0.00000 sats=0 fix=0 utc=0 tx_fw=none rx_fw=unknown
PHASE_GUARD 500
PHASE_START 49 LF-FLRC-650-64 pktSize=64
SYNC_NOT_FOUND first4=AF68B7C1
2026-07-26T13:34:49.124030+00:00 SYNC_NOT_FOUND first4=96A68016
PHASE_RESULT 49 LF-FLRC-650-64 pktSize=64 rx=0 unique=0 lost=100 per=100.0 rssi_avg=0 rssi_min=0 crc_err=0 garbage=2 tx_lat=0.00000 tx_lon=0.00000 sats=0 fix=0 utc=0 tx_fw=none rx_fw=unknown
PHASE_GUARD 500
PHASE_START 50 LF-FLRC-650-128 pktSize=128
SYNC_NOT_FOUND first4=92127E8A
2026-07-26T13:34:50.135193+00:00 SYNC_NOT_FOUND first4=C82A3BC8
SYNC_NOT_FOUND first4=2FD1900E
SYNC_NOT_FOUND first4=79A566E5
2026-07-26T13:34:51.146300+00:00 PHASE_RESULT 50 LF-FLRC-650-128 pktSize=128 rx=0 unique=0 lost=100 per=100.0 rssi_avg=0 rssi_min=0 crc_err=0 garbage=4 tx_lat=0.00000 tx_lon=0.00000 sats=0 fix=0 utc=0 tx_fw=none rx_fw=unknown
PHASE_GUARD 500
PHASE_START 51 LF-FLRC-650-255 pktSize=255
SYNC_NOT_FOUND first4=A332940A
2026-07-26T13:34:52.171304+00:00 SYNC_NOT_FOUND first4=E76928FC
2026-07-26T13:34:53.183082+00:00 PHASE_RESULT 51 LF-FLRC-650-255 pktSize=255 rx=0 unique=0 lost=100 per=100.0 rssi_avg=0 rssi_min=0 crc_err=0 garbage=2 tx_lat=0.00000 tx_lon=0.00000 sats=0 fix=0 utc=0 tx_fw=none rx_fw=unknown
PHASE_GUARD 500
PHASE_START 52 LF-FLRC-325-32 pktSize=32
2026-07-26T13:34:55.252355+00:00 TIME_SYNCED utc=1785072894 offset=1785062474
PHASE_RESULT 52 LF-FLRC-325-32 pktSize=32 rx=0 unique=0 lost=100 per=100.0 rssi_avg=0 rssi_min=0 crc_err=0 garbage=0 tx_lat=0.00000 tx_lon=0.00000 sats=0 fix=0 utc=0 tx_fw=none rx_fw=unknown
PHASE_GUARD 500
PHASE_START 53 LF-FLRC-325-64 pktSize=64
2026-07-26T13:34:56.263357+00:00 PHASE_RESULT 53 LF-FLRC-325-64 pktSize=64 rx=0 unique=0 lost=100 per=100.0 rssi_avg=0 rssi_min=0 crc_err=0 garbage=0 tx_lat=0.00000 tx_lon=0.00000 sats=0 fix=0 utc=0 tx_fw=none rx_fw=unknown
PHASE_GUARD 500
PHASE_START 54 LF-FLRC-325-128 pktSize=128
2026-07-26T13:34:58.328973+00:00 PHASE_RESULT 54 LF-FLRC-325-128 pktSize=128 rx=0 unique=0 lost=100 per=100.0 rssi_avg=0 rssi_min=0 crc_err=0 garbage=0 tx_lat=0.00000 tx_lon=0.00000 sats=0 fix=0 utc=0 tx_fw=none rx_fw=unknown
PHASE_GUARD 500
PHASE_START 55 LF-FLRC-325-255 pktSize=255
TIME_SYNCED utc=1785072897 offset=1785062473
PHASE_RESULT 55 LF-FLRC-325-255 pktSize=255 rx=0 unique=0 lost=100 per=100.0 rssi_avg=0 rssi_min=0 crc_err=0 garbage=0 tx_lat=0.00000 tx_lon=0.00000 sats=0 fix=0 utc=0 tx_fw=none rx_fw=unknown
PHASE_GUARD 500
PHASE_START 54 LF-FLRC-325-128 pktSize=128
2026-07-26T13:34:59.351353+00:00 PHASE_RESULT 54 LF-FLRC-325-128 pktSize=128 rx=0 unique=0 lost=100 per=100.0 rssi_avg=0 rssi_min=0 crc_err=0 garbage=0 tx_lat=0.00000 tx_lon=0.00000 sats=0 fix=0 utc=0 tx_fw=none rx_fw=unknown
PHASE_GUARD 500
PHASE_START 55 LF-FLRC-325-255 pktSize=255
2026-07-26T13:35:01.426653+00:00 PHASE_RESULT 55 LF-FLRC-325-255 pktSize=255 rx=0 unique=0 lost=100 per=100.0 rssi_avg=0 rssi_min=0 crc_err=0 garbage=0 tx_lat=0.00000 tx_lon=0.00000 sats=0 fix=0 utc=0 tx_fw=none rx_fw=unknown
PHASE_GUARD 500
LORA_CFG path=1 bw=0x0F sf=7
PHASE_START 0 HF-LoRa-SF7-32 pktSize=32
2026-07-26T13:35:02.444694+00:00 PHASE_RESULT 0 HF-LoRa-SF7-32 pktSize=32 rx=0 unique=0 lost=20 per=100.0 rssi_avg=0 rssi_min=0 crc_err=0 garbage=0 tx_lat=0.00000 tx_lon=0.00000 sats=0 fix=0 utc=0 tx_fw=none rx_fw=unknown
PHASE_GUARD 500
2026-07-26T13:35:03.456244+00:00 LORA_CFG path=1 bw=0x0F sf=7
PHASE_START 1 HF-LoRa-SF7-64 pktSize=64
2026-07-26T13:35:04.469504+00:00 PHASE_RESULT 1 HF-LoRa-SF7-64 pktSize=64 rx=0 unique=0 lost=20 per=100.0 rssi_avg=0 rssi_min=0 crc_err=0 garbage=0 tx_lat=0.00000 tx_lon=0.00000 sats=0 fix=0 utc=0 tx_fw=none rx_fw=unknown
PHASE_GUARD 500
LORA_CFG path=1 bw=0x0F sf=7
2026-07-26T13:35:05.481794+00:00 PHASE_START 2 HF-LoRa-SF7-128 pktSize=128
TIME_SYNCED utc=1785072904 offset=1785062473
2026-07-26T13:35:06.492590+00:00 PHASE_RESULT 2 HF-LoRa-SF7-128 pktSize=128 rx=0 unique=0 lost=20 per=100.0 rssi_avg=0 rssi_min=0 crc_err=0 garbage=0 tx_lat=0.00000 tx_lon=0.00000 sats=0 fix=0 utc=0 tx_fw=none rx_fw=unknown
PHASE_GUARD 500
LORA_CFG path=1 bw=0x0F sf=7
2026-07-26T13:35:07.516269+00:00 PHASE_START 3 HF-LoRa-SF7-255 pktSize=255
2026-07-26T13:35:08.531221+00:00 TIME_SYNCED utc=1785072907 offset=1785062473
2026-07-26T13:35:09.547196+00:00 PHASE_RESULT 3 HF-LoRa-SF7-255 pktSize=255 rx=0 unique=0 lost=20 per=100.0 rssi_avg=0 rssi_min=0 crc_err=0 garbage=0 tx_lat=0.00000 tx_lon=0.00000 sats=0 fix=0 utc=0 tx_fw=none rx_fw=unknown
PHASE_GUARD 500
LORA_CFG path=1 bw=0x0F sf=9
PHASE_START 4 HF-LoRa-SF9-32 pktSize=32
2026-07-26T13:35:11.609563+00:00 PHASE_RESULT 4 HF-LoRa-SF9-32 pktSize=32 rx=0 unique=0 lost=20 per=100.0 rssi_avg=0 rssi_min=0 crc_err=0 garbage=0 tx_lat=0.00000 tx_lon=0.00000 sats=0 fix=0 utc=0 tx_fw=none rx_fw=unknown
PHASE_GUARD 500
LORA_CFG path=1 bw=0x0F sf=9
PHASE_START 5 HF-LoRa-SF9-64 pktSize=64
2026-07-26T13:35:14.731254+00:00 PHASE_RESULT 5 HF-LoRa-SF9-64 pktSize=64 rx=0 unique=0 lost=20 per=100.0 rssi_avg=0 rssi_min=0 crc_err=0 garbage=0 tx_lat=0.00000 tx_lon=0.00000 sats=0 fix=0 utc=0 tx_fw=none rx_fw=unknown
PHASE_GUARD 500
LORA_CFG path=1 bw=0x0F sf=9
PHASE_START 6 HF-LoRa-SF9-128 pktSize=128
2026-07-26T13:35:15.742893+00:00 TIME_SYNCED utc=1785072914 offset=1785062473
2026-07-26T13:35:17.804970+00:00 TIME_SYNCED utc=1785072917 offset=1785062473
2026-07-26T13:35:18.821805+00:00 PHASE_RESULT 6 HF-LoRa-SF9-128 pktSize=128 rx=0 unique=0 lost=13 per=100.0 rssi_avg=0 rssi_min=0 crc_err=0 garbage=0 tx_lat=0.00000 tx_lon=0.00000 sats=0 fix=0 utc=0 tx_fw=none rx_fw=unknown
PHASE_GUARD 500
LORA_CFG path=1 bw=0x0F sf=9
PHASE_START 7 HF-LoRa-SF9-255 pktSize=255
2026-07-26T13:35:21.941970+00:00 PHASE_RESULT 7 HF-LoRa-SF9-255 pktSize=255 rx=0 unique=0 lost=6 per=100.0 rssi_avg=0 rssi_min=0 crc_err=0 garbage=0 tx_lat=0.00000 tx_lon=0.00000 sats=0 fix=0 utc=0 tx_fw=none rx_fw=unknown
PHASE_GUARD 500
LORA_CFG path=1 bw=0x0F sf=12
PHASE_START 8 HF-LoRa-SF12-32 pktSize=32
2026-07-26T13:35:25.062808+00:00 PHASE_RESULT 8 HF-LoRa-SF12-32 pktSize=32 rx=0 unique=0 lost=2 per=100.0 rssi_avg=0 rssi_min=0 crc_err=0 garbage=0 tx_lat=0.00000 tx_lon=0.00000 sats=0 fix=0 utc=0 tx_fw=none rx_fw=unknown
PHASE_GUARD 500
LORA_CFG path=1 bw=0x0F sf=12
PHASE_START 9 HF-LoRa-SF12-64 pktSize=64
2026-07-26T13:35:26.073323+00:00 TIME_SYNCED utc=1785072925 offset=1785062474
2026-07-26T13:35:27.085249+00:00 PHASE_RESULT 9 HF-LoRa-SF12-64 pktSize=64 rx=0 unique=0 lost=1 per=100.0 rssi_avg=0 rssi_min=0 crc_err=0 garbage=0 tx_lat=0.00000 tx_lon=0.00000 sats=0 fix=0 utc=0 tx_fw=none rx_fw=unknown
PHASE_GUARD 500
LORA_CFG path=1 bw=0x0F sf=12
PHASE_START 10 HF-LoRa-SF12-128 pktSize=128
2026-07-26T13:35:28.097492+00:00 TIME_SYNCED utc=1785072927 offset=1785062473
2026-07-26T13:35:33.314613+00:00 PHASE_RESULT 10 HF-LoRa-SF12-128 pktSize=128 rx=0 unique=0 lost=1 per=100.0 rssi_avg=0 rssi_min=0 crc_err=0 garbage=0 tx_lat=0.00000 tx_lon=0.00000 sats=0 fix=0 utc=0 tx_fw=none rx_fw=unknown
PHASE_GUARD 500
LORA_CFG path=1 bw=0x0F sf=12
PHASE_START 11 HF-LoRa-SF12-255 pktSize=255
2026-07-26T13:35:36.430137+00:00 TIME_SYNCED utc=1785072935 offset=1785062473
2026-07-26T13:35:38.494156+00:00 TIME_SYNCED utc=1785072937 offset=1785062473
2026-07-26T13:35:42.659889+00:00 PHASE_RESULT 11 HF-LoRa-SF12-255 pktSize=255 rx=0 unique=0 lost=1 per=100.0 rssi_avg=0 rssi_min=0 crc_err=0 garbage=0 tx_lat=0.00000 tx_lon=0.00000 sats=0 fix=0 utc=0 tx_fw=none rx_fw=unknown
PHASE_GUARD 500
PHASE_START 12 HF-FLRC-2600-32 pktSize=32
SYNC_NOT_FOUND first4=65538734
SYNC_NOT_FOUND first4=72B05997
SYNC_NOT_FOUND first4=543BDD05
2026-07-26T13:35:43.671880+00:00 SYNC_NOT_FOUND first4=5EE18660
SYNC_NOT_FOUND first4=FEB5A502
SYNC_NOT_FOUND first4=1688B1C6
SYNC_NOT_FOUND first4=8D5E5DE1
SYNC_NOT_FOUND first4=352B1019
SYNC_NOT_FOUND first4=4833EB0C
2026-07-26T13:35:44.683241+00:00 SYNC_NOT_FOUND first4=AD8D08F5
SYNC_NOT_FOUND first4=41CD13D5
PHASE_RESULT 12 HF-FLRC-2600-32 pktSize=32 rx=0 unique=0 lost=100 per=100.0 rssi_avg=0 rssi_min=0 crc_err=0 garbage=11 tx_lat=0.00000 tx_lon=0.00000 sats=0 fix=0 utc=0 tx_fw=none rx_fw=unknown
PHASE_GUARD 500
PHASE_START 13 HF-FLRC-2600-64 pktSize=64
2026-07-26T13:35:45.695192+00:00 SYNC_NOT_FOUND first4=B44DFE84
SYNC_NOT_FOUND first4=0560082F
SYNC_NOT_FOUND first4=0FA6A8A0
SYNC_NOT_FOUND first4=D4D7A72D
SYNC_NOT_FOUND first4=D7E630D9
2026-07-26T13:35:46.698944+00:00 TIME_SYNCED utc=1785072945 offset=1785062473
SYNC_NOT_FOUND first4=41FB3811
SYNC_NOT_FOUND first4=6E452200
SYNC_NOT_FOUND first4=4B0F3099
SYNC_NOT_FOUND first4=BA42312F
PHASE_RESULT 13 HF-FLRC-2600-64 pktSize=64 rx=0 unique=0 lost=100 per=100.0 rssi_avg=0 rssi_min=0 crc_err=0 garbage=9 tx_lat=0.00000 tx_lon=0.00000 sats=0 fix=0 utc=0 tx_fw=none rx_fw=unknown
PHASE_GUARD 500
PHASE_START 14 HF-FLRC-2600-128 pktSize=128
SYNC_NOT_FOUND first4=AEF3EFF2
2026-07-26T13:35:47.709362+00:00 SYNC_NOT_FOUND first4=AF5D8925
SYNC_NOT_FOUND first4=806A839B
SYNC_NOT_FOUND first4=4952A3CA
SYNC_NOT_FOUND first4=6943C336
2026-07-26T13:35:48.723738+00:00 TIME_SYNCED utc=1785072947 offset=1785062473
SYNC_NOT_FOUND first4=9C9881A7
SYNC_NOT_FOUND first4=32B41521
SYNC_NOT_FOUND first4=73F9E23D
SYNC_NOT_FOUND first4=85CE11F1
PHASE_RESULT 14 HF-FLRC-2600-128 pktSize=128 rx=0 unique=0 lost=100 per=100.0 rssi_avg=0 rssi_min=0 crc_err=0 garbage=9 tx_lat=0.00000 tx_lon=0.00000 sats=0 fix=0 utc=0 tx_fw=none rx_fw=unknown
PHASE_GUARD 500
PHASE_START 15 HF-FLRC-2600-255 pktSize=255
SYNC_NOT_FOUND first4=69058707
SYNC_NOT_FOUND first4=A47A1216
2026-07-26T13:35:49.735045+00:00 SYNC_NOT_FOUND first4=26B3E301
SYNC_NOT_FOUND first4=75CD4C29
SYNC_NOT_FOUND first4=6786CA7E
SYNC_NOT_FOUND first4=5743AA1E
SYNC_NOT_FOUND first4=15153F16
SYNC_NOT_FOUND first4=B08A0520
SYNC_NOT_FOUND first4=8106BF67
SYNC_NOT_FOUND first4=FE4DAE6B
SYNC_NOT_FOUND first4=7DB81AB0
2026-07-26T13:35:50.746964+00:00 SYNC_NOT_FOUND first4=DDB8A030
SYNC_NOT_FOUND first4=A8C0A86F
SYNC_NOT_FOUND first4=135C7502
SYNC_NOT_FOUND first4=16124E62
PHASE_RESULT 15 HF-FLRC-2600-255 pktSize=255 rx=0 unique=0 lost=100 per=100.0 rssi_avg=0 rssi_min=0 crc_err=0 garbage=15 tx_lat=0.00000 tx_lon=0.00000 sats=0 fix=0 utc=0 tx_fw=none rx_fw=unknown
PHASE_GUARD 500
PHASE_START 16 HF-FLRC-1300-32 pktSize=32
SYNC_NOT_FOUND first4=59CD8BD8
2026-07-26T13:35:51.757859+00:00 SYNC_NOT_FOUND first4=5B27D2BB
SYNC_NOT_FOUND first4=6E52499D
SYNC_NOT_FOUND first4=A92F65E7
SYNC_NOT_FOUND first4=9611740D
2026-07-26T13:35:52.769204+00:00 SYNC_NOT_FOUND first4=173F9ACC
SYNC_NOT_FOUND first4=EE8A2058
SYNC_NOT_FOUND first4=9A941D61
SYNC_NOT_FOUND first4=EF89A394
SYNC_NOT_FOUND first4=9A6483C6
SYNC_NOT_FOUND first4=B2691A41
SYNC_NOT_FOUND first4=4A7EFB6D
PHASE_RESULT 16 HF-FLRC-1300-32 pktSize=32 rx=0 unique=0 lost=100 per=100.0 rssi_avg=0 rssi_min=0 crc_err=0 garbage=12 tx_lat=0.00000 tx_lon=0.00000 sats=0 fix=0 utc=0 tx_fw=none rx_fw=unknown
PHASE_GUARD 500
PHASE_START 17 HF-FLRC-1300-64 pktSize=64
SYNC_NOT_FOUND first4=3255E43D
2026-07-26T13:35:53.781128+00:00 SYNC_NOT_FOUND first4=861BEE67
SYNC_NOT_FOUND first4=7E588758
SYNC_NOT_FOUND first4=9969F9D9
SYNC_NOT_FOUND first4=177512EB
SYNC_NOT_FOUND first4=984798FF
SYNC_NOT_FOUND first4=D00F201E
SYNC_NOT_FOUND first4=F9A8A21A
SYNC_NOT_FOUND first4=FC204BD2
2026-07-26T13:35:54.792460+00:00 SYNC_NOT_FOUND first4=A408C522
SYNC_NOT_FOUND first4=579FCF9C
SYNC_NOT_FOUND first4=68BB2A3E
PHASE_RESULT 17 HF-FLRC-1300-64 pktSize=64 rx=0 unique=0 lost=100 per=100.0 rssi_avg=0 rssi_min=0 crc_err=0 garbage=12 tx_lat=0.00000 tx_lon=0.00000 sats=0 fix=0 utc=0 tx_fw=none rx_fw=unknown
PHASE_GUARD 500
PHASE_START 18 HF-FLRC-1300-128 pktSize=128
SYNC_NOT_FOUND first4=7214C036
2026-07-26T13:35:55.804661+00:00 SYNC_NOT_FOUND first4=7828C1BC
SYNC_NOT_FOUND first4=6D8C111D
SYNC_NOT_FOUND first4=E2726D94
SYNC_NOT_FOUND first4=3EE800E9
2026-07-26T13:35:56.816108+00:00 TIME_SYNCED utc=1785072955 offset=1785062473
SYNC_NOT_FOUND first4=81DB15C0
PHASE_RESULT 18 HF-FLRC-1300-128 pktSize=128 rx=0 unique=0 lost=100 per=100.0 rssi_avg=0 rssi_min=0 crc_err=0 garbage=6 tx_lat=0.00000 tx_lon=0.00000 sats=0 fix=0 utc=0 tx_fw=none rx_fw=unknown
PHASE_GUARD 500
PHASE_START 19 HF-FLRC-1300-255 pktSize=255
SYNC_NOT_FOUND first4=696F3EEC
2026-07-26T13:35:57.827238+00:00 SYNC_NOT_FOUND first4=918D06AF
SYNC_NOT_FOUND first4=76501639
SYNC_NOT_FOUND first4=8A4C8306
SYNC_NOT_FOUND first4=B9079DD5
TIME_SYNCED utc=1785072957 offset=1785062473
SYNC_NOT_FOUND first4=067E4AA3
2026-07-26T13:35:58.831286+00:00 SYNC_NOT_FOUND first4=701019A1
SYNC_NOT_FOUND first4=E78115F8
SYNC_NOT_FOUND first4=6783E95D
SYNC_NOT_FOUND first4=51B25C15
SYNC_NOT_FOUND first4=6244BA93
SYNC_NOT_FOUND first4=60080DDC
PHASE_RESULT 19 HF-FLRC-1300-255 pktSize=255 rx=0 unique=0 lost=100 per=100.0 rssi_avg=0 rssi_min=0 crc_err=0 garbage=12 tx_lat=0.00000 tx_lon=0.00000 sats=0 fix=0 utc=0 tx_fw=none rx_fw=unknown
PHASE_GUARD 500
PHASE_START 20 HF-FLRC-650-32 pktSize=32
SYNC_NOT_FOUND first4=42B816B0
SYNC_NOT_FOUND first4=4180DDE6
SYNC_NOT_FOUND first4=0F51E686
SYNC_NOT_FOUND first4=C06BDACE
SYNC_NOT_FOUND first4=E0E1F2A6
SYNC_NOT_FOUND first4=AC463DE9
SYNC_NOT_FOUND first4=E48566D0
SYNC_NOT_FOUND first4=91820406
SYNC_NOT_FOUND first4=8AA41187
2026-07-26T13:35:59.842406+00:00 SYNC_NOT_FOUND first4=288D7E58
SYNC_NOT_FOUND first4=9959D916
SYNC_NOT_FOUND first4=353FF70F
SYNC_NOT_FOUND first4=932C5D8F
SYNC_NOT_FOUND first4=D70B3868
SYNC_NOT_FOUND first4=4B6C038D
SYNC_NOT_FOUND first4=F4521D90
SYNC_NOT_FOUND first4=EAA05005
SYNC_NOT_FOUND first4=0FEED3AD
SYNC_NOT_FOUND first4=42F63361
SYNC_NOT_FOUND first4=0E12F872
SYNC_NOT_FOUND first4=19496CF2
SYNC_NOT_FOUND first4=A0AE7120
SYNC_NOT_FOUND first4=A8247F73
SYNC_NOT_FOUND first4=FABEF13A
SYNC_NOT_FOUND first4=B124C68B
SYNC_NOT_FOUND first4=1243F463
SYNC_NOT_FOUND first4=D0AB8B3C
SYNC_NOT_FOUND first4=96E9EE7F
SYNC_NOT_FOUND first4=81DF260A
SYNC_NOT_FOUND first4=3F6C5BE9
SYNC_NOT_FOUND first4=2EFFDB88
2026-07-26T13:36:00.854244+00:00 SYNC_NOT_FOUND first4=41B8D14C
SYNC_NOT_FOUND first4=AF6571E8
SYNC_NOT_FOUND first4=5FE4C3F9
SYNC_NOT_FOUND first4=37EA695B
SYNC_NOT_FOUND first4=1091B8D7
SYNC_NOT_FOUND first4=F1CC9DEF
SYNC_NOT_FOUND first4=963D3D03
SYNC_NOT_FOUND first4=5DFEE426
SYNC_NOT_FOUND first4=3C363783
SYNC_NOT_FOUND first4=76DF30FE
SYNC_NOT_FOUND first4=CF08A02B
SYNC_NOT_FOUND first4=99B72E00
PHASE_RESULT 20 HF-FLRC-650-32 pktSize=32 rx=0 unique=0 lost=100 per=100.0 rssi_avg=0 rssi_min=0 crc_err=0 garbage=43 tx_lat=0.00000 tx_lon=0.00000 sats=0 fix=0 utc=0 tx_fw=none rx_fw=unknown
PHASE_GUARD 500
PHASE_START 21 HF-FLRC-650-64 pktSize=64
SYNC_NOT_FOUND first4=649596A8
SYNC_NOT_FOUND first4=D45144EB
SYNC_NOT_FOUND first4=E423CD3A
SYNC_NOT_FOUND first4=C2DDCC7F
SYNC_NOT_FOUND first4=7BA32828
SYNC_NOT_FOUND first4=566C6C67
SYNC_NOT_FOUND first4=A304CEDA
SYNC_NOT_FOUND first4=BCA98009
2026-07-26T13:36:01.865314+00:00 SYNC_NOT_FOUND first4=D1D6937F
SYNC_NOT_FOUND first4=22B0A037
SYNC_NOT_FOUND first4=016F1E30
SYNC_NOT_FOUND first4=6F535A8C
SYNC_NOT_FOUND first4=8F4A69FC
SYNC_NOT_FOUND first4=6108C21E
SYNC_NOT_FOUND first4=82769659
SYNC_NOT_FOUND first4=5A371060
SYNC_NOT_FOUND first4=F608CFD7
SYNC_NOT_FOUND first4=0D328AC6
SYNC_NOT_FOUND first4=192101DE
SYNC_NOT_FOUND first4=22E28EF9
SYNC_NOT_FOUND first4=B15E77DB
SYNC_NOT_FOUND first4=2AE8FDE2
SYNC_NOT_FOUND first4=C41EF873
SYNC_NOT_FOUND first4=F9B5FF74
SYNC_NOT_FOUND first4=22B430A3
SYNC_NOT_FOUND first4=E020CA8F
SYNC_NOT_FOUND first4=56554510
SYNC_NOT_FOUND first4=6DEE26EC
SYNC_NOT_FOUND first4=A72AC1AF
SYNC_NOT_FOUND first4=CFB01916
SYNC_NOT_FOUND first4=824AB7C0
SYNC_NOT_FOUND first4=A13CD338
SYNC_NOT_FOUND first4=7A272032
SYNC_NOT_FOUND first4=BAF8A5B6
SYNC_NOT_FOUND first4=1DF1630A
SYNC_NOT_FOUND first4=1ADD0F3C
SYNC_NOT_FOUND first4=F08BD6C8
SYNC_NOT_FOUND first4=619686D7
SYNC_NOT_FOUND first4=16ED87A4
SYNC_NOT_FOUND first4=46CCD707
SYNC_NOT_FOUND first4=30CD343C
SYNC_NOT_FOUND first4=444F8DD4
2026-07-26T13:36:02.875850+00:00 SYNC_NOT_FOUND first4=120C1F55
SYNC_NOT_FOUND first4=0556189E
SYNC_NOT_FOUND first4=A2550A55
SYNC_NOT_FOUND first4=B168E2F3
SYNC_NOT_FOUND first4=7BDE5463
SYNC_NOT_FOUND first4=144D7C91
SYNC_NOT_FOUND first4=FA52733E
SYNC_NOT_FOUND first4=DA0BB472
SYNC_NOT_FOUND first4=0F03F340
SYNC_NOT_FOUND first4=1A0FD512
PHASE_RESULT 21 HF-FLRC-650-64 pktSize=64 rx=0 unique=0 lost=100 per=100.0 rssi_avg=0 rssi_min=0 crc_err=0 garbage=52 tx_lat=0.00000 tx_lon=0.00000 sats=0 fix=0 utc=0 tx_fw=none rx_fw=unknown
PHASE_GUARD 500
PHASE_START 22 HF-FLRC-650-128 pktSize=128
SYNC_NOT_FOUND first4=0F44A102
SYNC_NOT_FOUND first4=3154A158
SYNC_NOT_FOUND first4=1C3780AE
SYNC_NOT_FOUND first4=8702D88C
SYNC_NOT_FOUND first4=4733258C
SYNC_NOT_FOUND first4=EEA2DBA0
2026-07-26T13:36:03.887085+00:00 SYNC_NOT_FOUND first4=EFED95B0
SYNC_NOT_FOUND first4=5625B02B
SYNC_NOT_FOUND first4=32C640C7
SYNC_NOT_FOUND first4=95ED3122
SYNC_NOT_FOUND first4=A120E735
SYNC_NOT_FOUND first4=34470499
SYNC_NOT_FOUND first4=008D24F1
SYNC_NOT_FOUND first4=FA55C325
SYNC_NOT_FOUND first4=3F217C65
SYNC_NOT_FOUND first4=193A5401
SYNC_NOT_FOUND first4=0F91E563
SYNC_NOT_FOUND first4=E4B1C7DB
SYNC_NOT_FOUND first4=6BFEDB79
SYNC_NOT_FOUND first4=8521087B
SYNC_NOT_FOUND first4=8CD44102
SYNC_NOT_FOUND first4=E1C55496
SYNC_NOT_FOUND first4=95B77CBD
SYNC_NOT_FOUND first4=A22F93C5
SYNC_NOT_FOUND first4=124D7E49
SYNC_NOT_FOUND first4=1E752222
SYNC_NOT_FOUND first4=80D509F8
SYNC_NOT_FOUND first4=4E75019B
SYNC_NOT_FOUND first4=DAF666EF
SYNC_NOT_FOUND first4=D1201C64
SYNC_NOT_FOUND first4=34E56AEE
SYNC_NOT_FOUND first4=1FC1B761
SYNC_NOT_FOUND first4=13BCD59D
SYNC_NOT_FOUND first4=AD324820
2026-07-26T13:36:04.898420+00:00 SYNC_NOT_FOUND first4=ABC1D3E7
SYNC_NOT_FOUND first4=B4BBB9DF
SYNC_NOT_FOUND first4=BCC8F30A
SYNC_NOT_FOUND first4=BDA5A212
SYNC_NOT_FOUND first4=1ABE3001
SYNC_NOT_FOUND first4=E6CF0E1C
SYNC_NOT_FOUND first4=CC996928
SYNC_NOT_FOUND first4=4A338A1C
SYNC_NOT_FOUND first4=CD306553
SYNC_NOT_FOUND first4=A3041014
SYNC_NOT_FOUND first4=95C0BDDA
PHASE_RESULT 22 HF-FLRC-650-128 pktSize=128 rx=0 unique=0 lost=100 per=100.0 rssi_avg=0 rssi_min=0 crc_err=0 garbage=45 tx_lat=0.00000 tx_lon=0.00000 sats=0 fix=0 utc=0 tx_fw=none rx_fw=unknown
PHASE_GUARD 500
PHASE_START 23 HF-FLRC-650-255 pktSize=255
SYNC_NOT_FOUND first4=65525644
SYNC_NOT_FOUND first4=E5B7C572
SYNC_NOT_FOUND first4=F68288A9
SYNC_NOT_FOUND first4=D8ABFFAB
SYNC_NOT_FOUND first4=91765055
2026-07-26T13:36:05.910357+00:00 SYNC_NOT_FOUND first4=7167BEC2
SYNC_NOT_FOUND first4=1C5EEF50
SYNC_NOT_FOUND first4=6E8E35D9
SYNC_NOT_FOUND first4=3360535B
SYNC_NOT_FOUND first4=0E3F7669
SYNC_NOT_FOUND first4=CDB7A872
SYNC_NOT_FOUND first4=F35119D8
SYNC_NOT_FOUND first4=64A7D439
SYNC_NOT_FOUND first4=6C2C1BAA
SYNC_NOT_FOUND first4=D116D044
SYNC_NOT_FOUND first4=FA0C1C1E
SYNC_NOT_FOUND first4=6C7148A5
SYNC_NOT_FOUND first4=B840510D
SYNC_NOT_FOUND first4=E4474763
SYNC_NOT_FOUND first4=80006D2E
SYNC_NOT_FOUND first4=04371148
SYNC_NOT_FOUND first4=6C96563F
SYNC_NOT_FOUND first4=59B558C6
SYNC_NOT_FOUND first4=9FCD2FF5
2026-07-26T13:36:06.921459+00:00 TIME_SYNCED utc=1785072965 offset=1785062473
SYNC_NOT_FOUND first4=743C1E00
SYNC_NOT_FOUND first4=F360E658
SYNC_NOT_FOUND first4=2519E852
SYNC_NOT_FOUND first4=18511239
SYNC_NOT_FOUND first4=4AF085C6
SYNC_NOT_FOUND first4=2851BC98
SYNC_NOT_FOUND first4=6FAB7584
SYNC_NOT_FOUND first4=CA8903D3
SYNC_NOT_FOUND first4=34600C55
SYNC_NOT_FOUND first4=11160AEE
SYNC_NOT_FOUND first4=C88D8E59
SYNC_NOT_FOUND first4=17DA8A52
PHASE_RESULT 23 HF-FLRC-650-255 pktSize=255 rx=0 unique=0 lost=100 per=100.0 rssi_avg=0 rssi_min=0 crc_err=0 garbage=36 tx_lat=0.00000 tx_lon=0.00000 sats=0 fix=0 utc=0 tx_fw=none rx_fw=unknown
PHASE_GUARD 500
PHASE_START 24 HF-FLRC-325-32 pktSize=32
SYNC_NOT_FOUND first4=7015112A
SYNC_NOT_FOUND first4=2E78A972
2026-07-26T13:36:07.932382+00:00 SYNC_NOT_FOUND first4=55654E2E
SYNC_NOT_FOUND first4=2A50E8D4
TIME_SYNCED utc=1785072967 offset=1785062473
SYNC_NOT_FOUND first4=AC10A75B
2026-07-26T13:36:08.943472+00:00 SYNC_NOT_FOUND first4=3615EEEA
PHASE_RESULT 24 HF-FLRC-325-32 pktSize=32 rx=0 unique=0 lost=100 per=100.0 rssi_avg=0 rssi_min=0 crc_err=0 garbage=6 tx_lat=0.00000 tx_lon=0.00000 sats=0 fix=0 utc=0 tx_fw=none rx_fw=unknown
PHASE_GUARD 500
PHASE_START 25 HF-FLRC-325-64 pktSize=64
2026-07-26T13:36:09.955356+00:00 SYNC_NOT_FOUND first4=D9CAF2C6
SYNC_NOT_FOUND first4=D352A1F6
SYNC_NOT_FOUND first4=07D10416
SYNC_NOT_FOUND first4=4B63A9A9
2026-07-26T13:36:10.967294+00:00 SYNC_NOT_FOUND first4=83380008
SYNC_NOT_FOUND first4=29609FD6
PHASE_RESULT 25 HF-FLRC-325-64 pktSize=64 rx=0 unique=0 lost=100 per=100.0 rssi_avg=0 rssi_min=0 crc_err=0 garbage=6 tx_lat=0.00000 tx_lon=0.00000 sats=0 fix=0 utc=0 tx_fw=none rx_fw=unknown
PHASE_GUARD 500
PHASE_START 26 HF-FLRC-325-128 pktSize=128
SYNC_NOT_FOUND first4=1FF0F474
2026-07-26T13:36:11.978575+00:00 SYNC_NOT_FOUND first4=96F60755
SYNC_NOT_FOUND first4=5AAE6CDA
2026-07-26T13:36:12.990009+00:00 SYNC_NOT_FOUND first4=9014909B
SYNC_NOT_FOUND first4=8004C055
SYNC_NOT_FOUND first4=14055B7C
PHASE_RESULT 26 HF-FLRC-325-128 pktSize=128 rx=0 unique=0 lost=100 per=100.0 rssi_avg=0 rssi_min=0 crc_err=0 garbage=6 tx_lat=0.00000 tx_lon=0.00000 sats=0 fix=0 utc=0 tx_fw=none rx_fw=unknown
PHASE_GUARD 500
PHASE_START 27 HF-FLRC-325-255 pktSize=255
SYNC_NOT_FOUND first4=4270C95E
2026-07-26T13:36:14.000349+00:00 SYNC_NOT_FOUND first4=1C5C5AD1
SYNC_NOT_FOUND first4=C0B7B6CF
2026-07-26T13:36:15.012229+00:00 SYNC_NOT_FOUND first4=BCD695B2
SYNC_NOT_FOUND first4=41713564
PHASE_RESULT 27 HF-FLRC-325-255 pktSize=255 rx=0 unique=0 lost=100 per=100.0 rssi_avg=0 rssi_min=0 crc_err=0 garbage=5 tx_lat=0.00000 tx_lon=0.00000 sats=0 fix=0 utc=0 tx_fw=none rx_fw=unknown
PHASE_GUARD 500
LORA_CFG path=0 bw=0x05 sf=7
PHASE_START 28 LF-LoRa-SF7-32 pktSize=32
2026-07-26T13:36:17.075768+00:00 TIME_SYNCED utc=1785072976 offset=1785062474
PHASE_RESULT 28 LF-LoRa-SF7-32 pktSize=32 rx=0 unique=0 lost=20 per=100.0 rssi_avg=0 rssi_min=0 crc_err=0 garbage=0 tx_lat=0.00000 tx_lon=0.00000 sats=0 fix=0 utc=0 tx_fw=none rx_fw=unknown
PHASE_GUARD 500
LORA_CFG path=0 bw=0x05 sf=7
PHASE_START 29 LF-LoRa-SF7-64 pktSize=64
2026-07-26T13:36:18.086943+00:00 TIME_SYNCED utc=1785072977 offset=1785062473
2026-07-26T13:36:20.149034+00:00 PHASE_RESULT 29 LF-LoRa-SF7-64 pktSize=64 rx=0 unique=0 lost=20 per=100.0 rssi_avg=0 rssi_min=0 crc_err=0 garbage=0 tx_lat=0.00000 tx_lon=0.00000 sats=0 fix=0 utc=0 tx_fw=none rx_fw=unknown
PHASE_GUARD 500
LORA_CFG path=0 bw=0x05 sf=7
PHASE_START 30 LF-LoRa-SF7-128 pktSize=128
2026-07-26T13:36:24.314482+00:00 PHASE_RESULT 30 LF-LoRa-SF7-128 pktSize=128 rx=0 unique=0 lost=13 per=100.0 rssi_avg=0 rssi_min=0 crc_err=0 garbage=0 tx_lat=0.00000 tx_lon=0.00000 sats=0 fix=0 utc=0 tx_fw=none rx_fw=unknown
PHASE_GUARD 500
LORA_CFG path=0 bw=0x05 sf=7
PHASE_START 31 LF-LoRa-SF7-255 pktSize=255
2026-07-26T13:36:27.428957+00:00 TIME_SYNCED utc=1785072986 offset=1785062473
PHASE_RESULT 31 LF-LoRa-SF7-255 pktSize=255 rx=0 unique=0 lost=7 per=100.0 rssi_avg=0 rssi_min=0 crc_err=0 garbage=0 tx_lat=0.00000 tx_lon=0.00000 sats=0 fix=0 utc=0 tx_fw=none rx_fw=unknown
PHASE_GUARD 500
2026-07-26T13:36:28.441176+00:00 LORA_CFG path=0 bw=0x05 sf=9
PHASE_START 32 LF-LoRa-SF9-32 pktSize=32
TIME_SYNCED utc=1785072987 offset=1785062473
2026-07-26T13:36:31.554682+00:00 PHASE_RESULT 32 LF-LoRa-SF9-32 pktSize=32 rx=0 unique=0 lost=7 per=100.0 rssi_avg=0 rssi_min=0 crc_err=0 garbage=0 tx_lat=0.00000 tx_lon=0.00000 sats=0 fix=0 utc=0 tx_fw=none rx_fw=unknown
PHASE_GUARD 500
LORA_CFG path=0 bw=0x05 sf=9
PHASE_START 33 LF-LoRa-SF9-64 pktSize=64
2026-07-26T13:36:34.668671+00:00 PHASE_RESULT 33 LF-LoRa-SF9-64 pktSize=64 rx=0 unique=0 lost=3 per=100.0 rssi_avg=0 rssi_min=0 crc_err=0 garbage=0 tx_lat=0.00000 tx_lon=0.00000 sats=0 fix=0 utc=0 tx_fw=none rx_fw=unknown
PHASE_GUARD 500
LORA_CFG path=0 bw=0x05 sf=9
PHASE_START 34 LF-LoRa-SF9-128 pktSize=128
2026-07-26T13:36:36.731747+00:00 PHASE_RESULT 34 LF-LoRa-SF9-128 pktSize=128 rx=0 unique=0 lost=1 per=100.0 rssi_avg=0 rssi_min=0 crc_err=0 garbage=0 tx_lat=0.00000 tx_lon=0.00000 sats=0 fix=0 utc=0 tx_fw=none rx_fw=unknown
PHASE_GUARD 500
LORA_CFG path=0 bw=0x05 sf=9
PHASE_START 35 LF-LoRa-SF9-255 pktSize=255
2026-07-26T13:36:37.744984+00:00 TIME_SYNCED utc=1785072996 offset=1785062473
2026-07-26T13:36:38.756208+00:00 TIME_SYNCED utc=1785072997 offset=1785062473
2026-07-26T13:36:40.814147+00:00 PHASE_RESULT 35 LF-LoRa-SF9-255 pktSize=255 rx=0 unique=0 lost=1 per=100.0 rssi_avg=0 rssi_min=0 crc_err=0 garbage=0 tx_lat=0.00000 tx_lon=0.00000 sats=0 fix=0 utc=0 tx_fw=none rx_fw=unknown
PHASE_GUARD 500
LORA_CFG path=0 bw=0x05 sf=12
PHASE_START 36 LF-LoRa-SF12-32 pktSize=32
2026-07-26T13:36:48.133269+00:00 TIME_SYNCED utc=1785073007 offset=1785062474
TIME_SYNCED utc=1785073007 offset=1785062473
