# rx_capture segment start 2026-07-26T14:36:56.361899+00:00
# rotation=1800s
2026-07-26T14:36:56.361956+00:00 PHASE_RESULT 37 LF-LoRa-SF12-SKIP pktSize=64 rx=0 unique=0 lost=0 per=0.0 rssi_avg=0 rssi_min=0 crc_err=0 garbage=0 tx_lat=0.00000 tx_lon=0.00000 sats=0 fix=0 utc=0 tx_fw=none rx_fw=unknown
PHASE_GUARD 500
LORA_CFG path=0 bw=0x05 sf=12
PHASE_START 38 LF-LoRa-SF12-SKIP SKIP pktSize=128
2026-07-26T14:36:57.366359+00:00 PHASE_RESULT 38 LF-LoRa-SF12-SKIP pktSize=128 rx=0 unique=0 lost=0 per=0.0 rssi_avg=0 rssi_min=0 crc_err=0 garbage=0 tx_lat=0.00000 tx_lon=0.00000 sats=0 fix=0 utc=0 tx_fw=none rx_fw=unknown
PHASE_GUARD 500
LORA_CFG path=0 bw=0x05 sf=12
PHASE_START 39 LF-LoRa-SF12-SKIP SKIP pktSize=255
2026-07-26T14:36:58.378009+00:00 PHASE_RESULT 39 LF-LoRa-SF12-SKIP pktSize=255 rx=0 unique=0 lost=0 per=0.0 rssi_avg=0 rssi_min=0 crc_err=0 garbage=0 tx_lat=0.00000 tx_lon=0.00000 sats=0 fix=0 utc=0 tx_fw=none rx_fw=unknown
PHASE_GUARD 500
PHASE_START 40 LF-FLRC-2600-32 pktSize=32
2026-07-26T14:36:59.393231+00:00 SYNC_NOT_FOUND first4=62BD6C1E
2026-07-26T14:37:00.405226+00:00 TIME_SYNCED utc=1785076619 offset=1785062473
PHASE_RESULT 40 LF-FLRC-2600-32 pktSize=32 rx=0 unique=0 lost=100 per=100.0 rssi_avg=0 rssi_min=0 crc_err=0 garbage=1 tx_lat=0.00000 tx_lon=0.00000 sats=0 fix=0 utc=0 tx_fw=none rx_fw=unknown
PHASE_GUARD 500
PHASE_START 41 LF-FLRC-2600-64 pktSize=64
2026-07-26T14:37:01.416148+00:00 SYNC_NOT_FOUND first4=B594F3ED
2026-07-26T14:37:02.428228+00:00 PHASE_RESULT 41 LF-FLRC-2600-64 pktSize=64 rx=0 unique=0 lost=100 per=100.0 rssi_avg=0 rssi_min=0 crc_err=0 garbage=1 tx_lat=0.00000 tx_lon=0.00000 sats=0 fix=0 utc=0 tx_fw=none rx_fw=unknown
PHASE_GUARD 500
PHASE_START 42 LF-FLRC-2600-128 pktSize=128
2026-07-26T14:37:03.439848+00:00 SYNC_NOT_FOUND first4=9DC6A868
2026-07-26T14:37:04.452201+00:00 PHASE_RESULT 42 LF-FLRC-2600-128 pktSize=128 rx=0 unique=0 lost=100 per=100.0 rssi_avg=0 rssi_min=0 crc_err=0 garbage=1 tx_lat=0.00000 tx_lon=0.00000 sats=0 fix=0 utc=0 tx_fw=none rx_fw=unknown
PHASE_GUARD 500
PHASE_START 43 LF-FLRC-2600-255 pktSize=255
TIME_SYNCED utc=1785076624 offset=1785062473
2026-07-26T14:37:06.515088+00:00 PHASE_RESULT 43 LF-FLRC-2600-255 pktSize=255 rx=0 unique=0 lost=100 per=100.0 rssi_avg=0 rssi_min=0 crc_err=0 garbage=0 tx_lat=0.00000 tx_lon=0.00000 sats=0 fix=0 utc=0 tx_fw=none rx_fw=unknown
PHASE_GUARD 500
PHASE_START 44 LF-FLRC-1300-32 pktSize=32
SYNC_NOT_FOUND first4=5F91481D
2026-07-26T14:37:07.526817+00:00 SYNC_NOT_FOUND first4=B92CF0FF
2026-07-26T14:37:08.538576+00:00 PHASE_RESULT 44 LF-FLRC-1300-32 pktSize=32 rx=0 unique=0 lost=100 per=100.0 rssi_avg=0 rssi_min=0 crc_err=0 garbage=2 tx_lat=0.00000 tx_lon=0.00000 sats=0 fix=0 utc=0 tx_fw=none rx_fw=unknown
PHASE_GUARD 500
PHASE_START 45 LF-FLRC-1300-64 pktSize=64
SYNC_NOT_FOUND first4=B6B4785E
2026-07-26T14:37:10.601786+00:00 PHASE_RESULT 45 LF-FLRC-1300-64 pktSize=64 rx=0 unique=0 lost=100 per=100.0 rssi_avg=0 rssi_min=0 crc_err=0 garbage=1 tx_lat=0.00000 tx_lon=0.00000 sats=0 fix=0 utc=0 tx_fw=none rx_fw=unknown
PHASE_GUARD 500
PHASE_START 46 LF-FLRC-1300-128 pktSize=128
TIME_SYNCED utc=1785076629 offset=1785062472
PHASE_RESULT 46 LF-FLRC-1300-128 pktSize=128 rx=0 unique=0 lost=100 per=100.0 rssi_avg=0 rssi_min=0 crc_err=0 garbage=0 tx_lat=0.00000 tx_lon=0.00000 sats=0 fix=0 utc=0 tx_fw=none rx_fw=unknown
PHASE_GUARD 500
PHASE_START 45 LF-FLRC-1300-64 pktSize=64
PHASE_RESULT 45 LF-FLRC-1300-64 pktSize=64 rx=0 unique=0 lost=100 per=100.0 rssi_avg=0 rssi_min=0 crc_err=0 garbage=0 tx_lat=0.00000 tx_lon=0.00000 sats=0 fix=0 utc=0 tx_fw=none rx_fw=unknown
PHASE_GUARD 500
2026-07-26T14:37:11.612454+00:00 PHASE_START 46 LF-FLRC-1300-128 pktSize=128
SYNC_NOT_FOUND first4=867BB775
SYNC_NOT_FOUND first4=098860F4
2026-07-26T14:37:12.624441+00:00 PHASE_RESULT 46 LF-FLRC-1300-128 pktSize=128 rx=0 unique=0 lost=100 per=100.0 rssi_avg=0 rssi_min=0 crc_err=0 garbage=2 tx_lat=0.00000 tx_lon=0.00000 sats=0 fix=0 utc=0 tx_fw=none rx_fw=unknown
PHASE_GUARD 500
2026-07-26T14:37:13.634976+00:00 PHASE_START 47 LF-FLRC-1300-255 pktSize=255
SYNC_NOT_FOUND first4=8F05334F
2026-07-26T14:37:14.646778+00:00 TIME_SYNCED utc=1785076634 offset=1785062473
PHASE_RESULT 47 LF-FLRC-1300-255 pktSize=255 rx=0 unique=0 lost=100 per=100.0 rssi_avg=0 rssi_min=0 crc_err=0 garbage=1 tx_lat=0.00000 tx_lon=0.00000 sats=0 fix=0 utc=0 tx_fw=none rx_fw=unknown
PHASE_GUARD 500
PHASE_START 48 LF-FLRC-650-32 pktSize=32
SYNC_NOT_FOUND first4=141BA3CC
SYNC_NOT_FOUND first4=21187EC0
SYNC_NOT_FOUND first4=C9CC8FCA
SYNC_NOT_FOUND first4=A2BA80CB
2026-07-26T14:37:15.658719+00:00 PHASE_RESULT 48 LF-FLRC-650-32 pktSize=32 rx=0 unique=0 lost=100 per=100.0 rssi_avg=0 rssi_min=0 crc_err=0 garbage=4 tx_lat=0.00000 tx_lon=0.00000 sats=0 fix=0 utc=0 tx_fw=none rx_fw=unknown
PHASE_GUARD 500
2026-07-26T14:37:16.670697+00:00 PHASE_START 49 LF-FLRC-650-64 pktSize=64
SYNC_NOT_FOUND first4=F148B054
2026-07-26T14:37:17.682286+00:00 PHASE_RESULT 49 LF-FLRC-650-64 pktSize=64 rx=0 unique=0 lost=100 per=100.0 rssi_avg=0 rssi_min=0 crc_err=0 garbage=1 tx_lat=0.00000 tx_lon=0.00000 sats=0 fix=0 utc=0 tx_fw=none rx_fw=unknown
PHASE_GUARD 500
2026-07-26T14:37:18.693347+00:00 PHASE_START 50 LF-FLRC-650-128 pktSize=128
2026-07-26T14:37:19.705404+00:00 PHASE_RESULT 50 LF-FLRC-650-128 pktSize=128 rx=0 unique=0 lost=100 per=100.0 rssi_avg=0 rssi_min=0 crc_err=0 garbage=0 tx_lat=0.00000 tx_lon=0.00000 sats=0 fix=0 utc=0 tx_fw=none rx_fw=unknown
PHASE_GUARD 500
2026-07-26T14:37:20.716899+00:00 PHASE_START 51 LF-FLRC-650-255 pktSize=255
TIME_SYNCED utc=1785076639 offset=1785062472
PHASE_RESULT 51 LF-FLRC-650-255 pktSize=255 rx=0 unique=0 lost=100 per=100.0 rssi_avg=0 rssi_min=0 crc_err=0 garbage=0 tx_lat=0.00000 tx_lon=0.00000 sats=0 fix=0 utc=0 tx_fw=none rx_fw=unknown
PHASE_GUARD 500
PHASE_START 50 LF-FLRC-650-128 pktSize=128
SYNC_NOT_FOUND first4=A86A3928
PHASE_RESULT 50 LF-FLRC-650-128 pktSize=128 rx=0 unique=0 lost=100 per=100.0 rssi_avg=0 rssi_min=0 crc_err=0 garbage=1 tx_lat=0.00000 tx_lon=0.00000 sats=0 fix=0 utc=0 tx_fw=none rx_fw=unknown
PHASE_GUARD 500
2026-07-26T14:37:21.728192+00:00 PHASE_START 51 LF-FLRC-650-255 pktSize=255
SYNC_NOT_FOUND first4=22F50C87
SYNC_NOT_FOUND first4=15D3E594
SYNC_NOT_FOUND first4=393BF88D
2026-07-26T14:37:22.739716+00:00 PHASE_RESULT 51 LF-FLRC-650-255 pktSize=255 rx=0 unique=0 lost=100 per=100.0 rssi_avg=0 rssi_min=0 crc_err=0 garbage=3 tx_lat=0.00000 tx_lon=0.00000 sats=0 fix=0 utc=0 tx_fw=none rx_fw=unknown
PHASE_GUARD 500
PHASE_START 52 LF-FLRC-325-32 pktSize=32
2026-07-26T14:37:24.800958+00:00 TIME_SYNCED utc=1785076644 offset=1785062473
PHASE_RESULT 52 LF-FLRC-325-32 pktSize=32 rx=0 unique=0 lost=100 per=100.0 rssi_avg=0 rssi_min=0 crc_err=0 garbage=0 tx_lat=0.00000 tx_lon=0.00000 sats=0 fix=0 utc=0 tx_fw=none rx_fw=unknown
PHASE_GUARD 500
PHASE_START 53 LF-FLRC-325-64 pktSize=64
2026-07-26T14:37:25.804707+00:00 PHASE_RESULT 53 LF-FLRC-325-64 pktSize=64 rx=0 unique=0 lost=100 per=100.0 rssi_avg=0 rssi_min=0 crc_err=0 garbage=0 tx_lat=0.00000 tx_lon=0.00000 sats=0 fix=0 utc=0 tx_fw=none rx_fw=unknown
PHASE_GUARD 500
PHASE_START 54 LF-FLRC-325-128 pktSize=128
2026-07-26T14:37:27.867350+00:00 PHASE_RESULT 54 LF-FLRC-325-128 pktSize=128 rx=0 unique=0 lost=100 per=100.0 rssi_avg=0 rssi_min=0 crc_err=0 garbage=0 tx_lat=0.00000 tx_lon=0.00000 sats=0 fix=0 utc=0 tx_fw=none rx_fw=unknown
PHASE_GUARD 500
PHASE_START 55 LF-FLRC-325-255 pktSize=255
2026-07-26T14:37:29.934092+00:00 PHASE_RESULT 55 LF-FLRC-325-255 pktSize=255 rx=0 unique=0 lost=100 per=100.0 rssi_avg=0 rssi_min=0 crc_err=0 garbage=0 tx_lat=0.00000 tx_lon=0.00000 sats=0 fix=0 utc=0 tx_fw=none rx_fw=unknown
PHASE_GUARD 500
LORA_CFG path=1 bw=0x0F sf=7
PHASE_START 0 HF-LoRa-SF7-32 pktSize=32
2026-07-26T14:37:30.946126+00:00 TIME_SYNCED utc=1785076649 offset=1785062472
PHASE_RESULT 0 HF-LoRa-SF7-32 pktSize=32 rx=0 unique=0 lost=20 per=100.0 rssi_avg=0 rssi_min=0 crc_err=0 garbage=0 tx_lat=0.00000 tx_lon=0.00000 sats=0 fix=0 utc=0 tx_fw=none rx_fw=unknown
PHASE_GUARD 500
PHASE_START 55 LF-FLRC-325-255 pktSize=255
PHASE_RESULT 55 LF-FLRC-325-255 pktSize=255 rx=0 unique=0 lost=100 per=100.0 rssi_avg=0 rssi_min=0 crc_err=0 garbage=0 tx_lat=0.00000 tx_lon=0.00000 sats=0 fix=0 utc=0 tx_fw=none rx_fw=unknown
PHASE_GUARD 500
LORA_CFG path=1 bw=0x0F sf=7
PHASE_START 0 HF-LoRa-SF7-32 pktSize=32
2026-07-26T14:37:33.009155+00:00 PHASE_RESULT 0 HF-LoRa-SF7-32 pktSize=32 rx=0 unique=0 lost=20 per=100.0 rssi_avg=0 rssi_min=0 crc_err=0 garbage=0 tx_lat=0.00000 tx_lon=0.00000 sats=0 fix=0 utc=0 tx_fw=none rx_fw=unknown
PHASE_GUARD 500
LORA_CFG path=1 bw=0x0F sf=7
PHASE_START 1 HF-LoRa-SF7-64 pktSize=64
2026-07-26T14:37:35.073194+00:00 TIME_SYNCED utc=1785076654 offset=1785062473
PHASE_RESULT 1 HF-LoRa-SF7-64 pktSize=64 rx=0 unique=0 lost=20 per=100.0 rssi_avg=0 rssi_min=0 crc_err=0 garbage=0 tx_lat=0.00000 tx_lon=0.00000 sats=0 fix=0 utc=0 tx_fw=none rx_fw=unknown
PHASE_GUARD 500
LORA_CFG path=1 bw=0x0F sf=7
PHASE_START 2 HF-LoRa-SF7-128 pktSize=128
2026-07-26T14:37:36.084985+00:00 PHASE_RESULT 2 HF-LoRa-SF7-128 pktSize=128 rx=0 unique=0 lost=20 per=100.0 rssi_avg=0 rssi_min=0 crc_err=0 garbage=0 tx_lat=0.00000 tx_lon=0.00000 sats=0 fix=0 utc=0 tx_fw=none rx_fw=unknown
PHASE_GUARD 500
LORA_CFG path=1 bw=0x0F sf=7
PHASE_START 3 HF-LoRa-SF7-255 pktSize=255
2026-07-26T14:37:39.198258+00:00 PHASE_RESULT 3 HF-LoRa-SF7-255 pktSize=255 rx=0 unique=0 lost=20 per=100.0 rssi_avg=0 rssi_min=0 crc_err=0 garbage=0 tx_lat=0.00000 tx_lon=0.00000 sats=0 fix=0 utc=0 tx_fw=none rx_fw=unknown
PHASE_GUARD 500
LORA_CFG path=1 bw=0x0F sf=9
PHASE_START 4 HF-LoRa-SF9-32 pktSize=32
2026-07-26T14:37:41.261353+00:00 TIME_SYNCED utc=1785076660 offset=1785062473
PHASE_RESULT 4 HF-LoRa-SF9-32 pktSize=32 rx=0 unique=0 lost=20 per=100.0 rssi_avg=0 rssi_min=0 crc_err=0 garbage=0 tx_lat=0.00000 tx_lon=0.00000 sats=0 fix=0 utc=0 tx_fw=none rx_fw=unknown
PHASE_GUARD 500
LORA_CFG path=1 bw=0x0F sf=9
PHASE_START 5 HF-LoRa-SF9-64 pktSize=64
2026-07-26T14:37:44.375349+00:00 PHASE_RESULT 5 HF-LoRa-SF9-64 pktSize=64 rx=0 unique=0 lost=20 per=100.0 rssi_avg=0 rssi_min=0 crc_err=0 garbage=0 tx_lat=0.00000 tx_lon=0.00000 sats=0 fix=0 utc=0 tx_fw=none rx_fw=unknown
PHASE_GUARD 500
LORA_CFG path=1 bw=0x0F sf=9
PHASE_START 6 HF-LoRa-SF9-128 pktSize=128
TIME_SYNCED utc=1785076664 offset=1785062473
2026-07-26T14:37:48.541399+00:00 PHASE_RESULT 6 HF-LoRa-SF9-128 pktSize=128 rx=0 unique=0 lost=13 per=100.0 rssi_avg=0 rssi_min=0 crc_err=0 garbage=0 tx_lat=0.00000 tx_lon=0.00000 sats=0 fix=0 utc=0 tx_fw=none rx_fw=unknown
PHASE_GUARD 500
LORA_CFG path=1 bw=0x0F sf=9
PHASE_START 7 HF-LoRa-SF9-255 pktSize=255
2026-07-26T14:37:50.604631+00:00 PHASE_RESULT 7 HF-LoRa-SF9-255 pktSize=255 rx=0 unique=0 lost=6 per=100.0 rssi_avg=0 rssi_min=0 crc_err=0 garbage=0 tx_lat=0.00000 tx_lon=0.00000 sats=0 fix=0 utc=0 tx_fw=none rx_fw=unknown
PHASE_GUARD 500
2026-07-26T14:37:51.616381+00:00 LORA_CFG path=1 bw=0x0F sf=12
PHASE_START 8 HF-LoRa-SF12-32 pktSize=32
TIME_SYNCED utc=1785076670 offset=1785062472
PHASE_RESULT 8 HF-LoRa-SF12-32 pktSize=32 rx=0 unique=0 lost=2 per=100.0 rssi_avg=0 rssi_min=0 crc_err=0 garbage=0 tx_lat=0.00000 tx_lon=0.00000 sats=0 fix=0 utc=0 tx_fw=none rx_fw=unknown
PHASE_GUARD 500
LORA_CFG path=1 bw=0x0F sf=9
PHASE_START 7 HF-LoRa-SF9-255 pktSize=255
PHASE_RESULT 7 HF-LoRa-SF9-255 pktSize=255 rx=0 unique=0 lost=6 per=100.0 rssi_avg=0 rssi_min=0 crc_err=0 garbage=0 tx_lat=0.00000 tx_lon=0.00000 sats=0 fix=0 utc=0 tx_fw=none rx_fw=unknown
PHASE_GUARD 500
2026-07-26T14:37:52.628505+00:00 LORA_CFG path=1 bw=0x0F sf=12
PHASE_START 8 HF-LoRa-SF12-32 pktSize=32
2026-07-26T14:37:54.691895+00:00 TIME_SYNCED utc=1785076674 offset=1785062473
PHASE_RESULT 8 HF-LoRa-SF12-32 pktSize=32 rx=0 unique=0 lost=2 per=100.0 rssi_avg=0 rssi_min=0 crc_err=0 garbage=0 tx_lat=0.00000 tx_lon=0.00000 sats=0 fix=0 utc=0 tx_fw=none rx_fw=unknown
PHASE_GUARD 500
LORA_CFG path=1 bw=0x0F sf=12
PHASE_START 9 HF-LoRa-SF12-64 pktSize=64
2026-07-26T14:37:56.754626+00:00 PHASE_RESULT 9 HF-LoRa-SF12-64 pktSize=64 rx=0 unique=0 lost=1 per=100.0 rssi_avg=0 rssi_min=0 crc_err=0 garbage=0 tx_lat=0.00000 tx_lon=0.00000 sats=0 fix=0 utc=0 tx_fw=none rx_fw=unknown
PHASE_GUARD 500
LORA_CFG path=1 bw=0x0F sf=12
PHASE_START 10 HF-LoRa-SF12-128 pktSize=128
2026-07-26T14:38:01.972227+00:00 TIME_SYNCED utc=1785076680 offset=1785062472
2026-07-26T14:38:02.987472+00:00 PHASE_RESULT 10 HF-LoRa-SF12-128 pktSize=128 rx=0 unique=0 lost=1 per=100.0 rssi_avg=0 rssi_min=0 crc_err=0 garbage=0 tx_lat=0.00000 tx_lon=0.00000 sats=0 fix=0 utc=0 tx_fw=none rx_fw=unknown
PHASE_GUARD 500
LORA_CFG path=1 bw=0x0F sf=12
PHASE_START 11 HF-LoRa-SF12-255 pktSize=255
2026-07-26T14:38:05.043545+00:00 TIME_SYNCED utc=1785076684 offset=1785062473
2026-07-26T14:38:12.357072+00:00 TIME_SYNCED utc=1785076691 offset=1785062473
PHASE_RESULT 11 HF-LoRa-SF12-255 pktSize=255 rx=0 unique=0 lost=1 per=100.0 rssi_avg=0 rssi_min=0 crc_err=0 garbage=0 tx_lat=0.00000 tx_lon=0.00000 sats=0 fix=0 utc=0 tx_fw=none rx_fw=unknown
PHASE_GUARD 500
PHASE_START 12 HF-FLRC-2600-32 pktSize=32
SYNC_NOT_FOUND first4=9699CFE6
SYNC_NOT_FOUND first4=9DF1BB5F
2026-07-26T14:38:13.368523+00:00 SYNC_NOT_FOUND first4=FDDC05BC
SYNC_NOT_FOUND first4=1D6D153E
SYNC_NOT_FOUND first4=C4503854
SYNC_NOT_FOUND first4=048E3899
SYNC_NOT_FOUND first4=7960013C
SYNC_NOT_FOUND first4=70FCD4B7
SYNC_NOT_FOUND first4=207E8256
SYNC_NOT_FOUND first4=6B4BEC87
SYNC_NOT_FOUND first4=4514CA4B
SYNC_NOT_FOUND first4=81447EE2
SYNC_NOT_FOUND first4=588629F1
2026-07-26T14:38:14.380235+00:00 SYNC_NOT_FOUND first4=91AE5D6E
SYNC_NOT_FOUND first4=1663DA52
PHASE_RESULT 12 HF-FLRC-2600-32 pktSize=32 rx=0 unique=0 lost=100 per=100.0 rssi_avg=0 rssi_min=0 crc_err=0 garbage=15 tx_lat=0.00000 tx_lon=0.00000 sats=0 fix=0 utc=0 tx_fw=none rx_fw=unknown
PHASE_GUARD 500
PHASE_START 13 HF-FLRC-2600-64 pktSize=64
SYNC_NOT_FOUND first4=1714CA27
SYNC_NOT_FOUND first4=B320A390
SYNC_NOT_FOUND first4=3054C846
SYNC_NOT_FOUND first4=900D0C82
TIME_SYNCED utc=1785076694 offset=1785062473
2026-07-26T14:38:15.391352+00:00 SYNC_NOT_FOUND first4=E303F356
SYNC_NOT_FOUND first4=3CCE877E
SYNC_NOT_FOUND first4=017CB2F5
SYNC_NOT_FOUND first4=6A981F86
SYNC_NOT_FOUND first4=9049EDA1
2026-07-26T14:38:16.403455+00:00 SYNC_NOT_FOUND first4=E92DBEDE
PHASE_RESULT 13 HF-FLRC-2600-64 pktSize=64 rx=0 unique=0 lost=100 per=100.0 rssi_avg=0 rssi_min=0 crc_err=0 garbage=10 tx_lat=0.00000 tx_lon=0.00000 sats=0 fix=0 utc=0 tx_fw=none rx_fw=unknown
PHASE_GUARD 500
PHASE_START 14 HF-FLRC-2600-128 pktSize=128
SYNC_NOT_FOUND first4=C55A6E9B
SYNC_NOT_FOUND first4=332CA836
SYNC_NOT_FOUND first4=5F3D61AA
2026-07-26T14:38:17.414293+00:00 SYNC_NOT_FOUND first4=238CC915
SYNC_NOT_FOUND first4=05202666
SYNC_NOT_FOUND first4=766DA7DF
SYNC_NOT_FOUND first4=6CCEEAF6
SYNC_NOT_FOUND first4=009F1FD6
SYNC_NOT_FOUND first4=7F03CCA0
SYNC_NOT_FOUND first4=61B4A28A
SYNC_NOT_FOUND first4=3F169FB3
SYNC_NOT_FOUND first4=A6431268
2026-07-26T14:38:18.425190+00:00 PHASE_RESULT 14 HF-FLRC-2600-128 pktSize=128 rx=0 unique=0 lost=100 per=100.0 rssi_avg=0 rssi_min=0 crc_err=0 garbage=12 tx_lat=0.00000 tx_lon=0.00000 sats=0 fix=0 utc=0 tx_fw=none rx_fw=unknown
PHASE_GUARD 500
PHASE_START 15 HF-FLRC-2600-255 pktSize=255
SYNC_NOT_FOUND first4=C1F69662
SYNC_NOT_FOUND first4=ADA72C13
SYNC_NOT_FOUND first4=27CFB768
SYNC_NOT_FOUND first4=7A11290C
SYNC_NOT_FOUND first4=2C46C289
2026-07-26T14:38:19.437125+00:00 SYNC_NOT_FOUND first4=D960871A
SYNC_NOT_FOUND first4=D97B40D3
SYNC_NOT_FOUND first4=B6D2F905
SYNC_NOT_FOUND first4=D124097D
SYNC_NOT_FOUND first4=172BF980
SYNC_NOT_FOUND first4=46BB7DB2
SYNC_NOT_FOUND first4=898D75C9
2026-07-26T14:38:20.448840+00:00 PHASE_RESULT 15 HF-FLRC-2600-255 pktSize=255 rx=0 unique=0 lost=100 per=100.0 rssi_avg=0 rssi_min=0 crc_err=0 garbage=12 tx_lat=0.00000 tx_lon=0.00000 sats=0 fix=0 utc=0 tx_fw=none rx_fw=unknown
PHASE_GUARD 500
PHASE_START 16 HF-FLRC-1300-32 pktSize=32
SYNC_NOT_FOUND first4=C9FAA842
SYNC_NOT_FOUND first4=DA70547B
SYNC_NOT_FOUND first4=679F0641
SYNC_NOT_FOUND first4=8570D350
2026-07-26T14:38:21.459915+00:00 SYNC_NOT_FOUND first4=3F5A0307
SYNC_NOT_FOUND first4=85AB50E9
2026-07-26T14:38:22.471201+00:00 TIME_SYNCED utc=1785076701 offset=1785062473
PHASE_RESULT 16 HF-FLRC-1300-32 pktSize=32 rx=0 unique=0 lost=100 per=100.0 rssi_avg=0 rssi_min=0 crc_err=0 garbage=6 tx_lat=0.00000 tx_lon=0.00000 sats=0 fix=0 utc=0 tx_fw=none rx_fw=unknown
PHASE_GUARD 500
PHASE_START 17 HF-FLRC-1300-64 pktSize=64
SYNC_NOT_FOUND first4=2BB9FD86
SYNC_NOT_FOUND first4=4EC0C224
SYNC_NOT_FOUND first4=CE76247F
SYNC_NOT_FOUND first4=C7E62285
2026-07-26T14:38:23.482361+00:00 SYNC_NOT_FOUND first4=6B291E9A
SYNC_NOT_FOUND first4=D44758AE
SYNC_NOT_FOUND first4=059C7B2C
2026-07-26T14:38:24.494321+00:00 PHASE_RESULT 17 HF-FLRC-1300-64 pktSize=64 rx=0 unique=0 lost=100 per=100.0 rssi_avg=0 rssi_min=0 crc_err=0 garbage=7 tx_lat=0.00000 tx_lon=0.00000 sats=0 fix=0 utc=0 tx_fw=none rx_fw=unknown
PHASE_GUARD 500
PHASE_START 18 HF-FLRC-1300-128 pktSize=128
SYNC_NOT_FOUND first4=EBBC3B69
TIME_SYNCED utc=1785076704 offset=1785062473
2026-07-26T14:38:25.505165+00:00 SYNC_NOT_FOUND first4=15C872DC
SYNC_NOT_FOUND first4=8ECE0AD9
SYNC_NOT_FOUND first4=E8FBEE63
SYNC_NOT_FOUND first4=604391BA
SYNC_NOT_FOUND first4=789D81E4
SYNC_NOT_FOUND first4=03DC0330
2026-07-26T14:38:26.509297+00:00 PHASE_RESULT 18 HF-FLRC-1300-128 pktSize=128 rx=0 unique=0 lost=100 per=100.0 rssi_avg=0 rssi_min=0 crc_err=0 garbage=7 tx_lat=0.00000 tx_lon=0.00000 sats=0 fix=0 utc=0 tx_fw=none rx_fw=unknown
PHASE_GUARD 500
PHASE_START 19 HF-FLRC-1300-255 pktSize=255
SYNC_NOT_FOUND first4=7B3E06B9
2026-07-26T14:38:27.520387+00:00 SYNC_NOT_FOUND first4=938EFB97
SYNC_NOT_FOUND first4=DF37C0A1
SYNC_NOT_FOUND first4=71F69C20
2026-07-26T14:38:28.531112+00:00 PHASE_RESULT 19 HF-FLRC-1300-255 pktSize=255 rx=0 unique=0 lost=100 per=100.0 rssi_avg=0 rssi_min=0 crc_err=0 garbage=4 tx_lat=0.00000 tx_lon=0.00000 sats=0 fix=0 utc=0 tx_fw=none rx_fw=unknown
PHASE_GUARD 500
PHASE_START 20 HF-FLRC-650-32 pktSize=32
SYNC_NOT_FOUND first4=9D1A4390
SYNC_NOT_FOUND first4=5A00CED2
SYNC_NOT_FOUND first4=66FC76E0
SYNC_NOT_FOUND first4=BBEFE066
SYNC_NOT_FOUND first4=971CDB30
SYNC_NOT_FOUND first4=3CBB2262
SYNC_NOT_FOUND first4=6233D21A
SYNC_NOT_FOUND first4=C69D4CDC
SYNC_NOT_FOUND first4=0470B94A
SYNC_NOT_FOUND first4=48B2B168
SYNC_NOT_FOUND first4=261D0884
SYNC_NOT_FOUND first4=C4A4EB7D
SYNC_NOT_FOUND first4=2476255C
SYNC_NOT_FOUND first4=3689B05F
SYNC_NOT_FOUND first4=18E9F91C
SYNC_NOT_FOUND first4=98275D61
SYNC_NOT_FOUND first4=E9C93FFC
2026-07-26T14:38:29.542437+00:00 SYNC_NOT_FOUND first4=0F3EDC49
SYNC_NOT_FOUND first4=85A038A8
SYNC_NOT_FOUND first4=E2E39F11
SYNC_NOT_FOUND first4=DFA18B6D
SYNC_NOT_FOUND first4=9D92780A
SYNC_NOT_FOUND first4=CF6C9894
SYNC_NOT_FOUND first4=3C6756BE
SYNC_NOT_FOUND first4=425995C2
SYNC_NOT_FOUND first4=186A904D
SYNC_NOT_FOUND first4=085059ED
SYNC_NOT_FOUND first4=F8768479
SYNC_NOT_FOUND first4=6707C654
SYNC_NOT_FOUND first4=E2B67ABB
SYNC_NOT_FOUND first4=68F1ECDB
SYNC_NOT_FOUND first4=89196F79
SYNC_NOT_FOUND first4=C1F199A5
SYNC_NOT_FOUND first4=567A7152
SYNC_NOT_FOUND first4=A5CE043C
SYNC_NOT_FOUND first4=1C16784B
SYNC_NOT_FOUND first4=9B3E4EE6
SYNC_NOT_FOUND first4=5774F53F
SYNC_NOT_FOUND first4=788D17D3
2026-07-26T14:38:30.553839+00:00 PHASE_RESULT 20 HF-FLRC-650-32 pktSize=32 rx=0 unique=0 lost=100 per=100.0 rssi_avg=0 rssi_min=0 crc_err=0 garbage=39 tx_lat=0.00000 tx_lon=0.00000 sats=0 fix=0 utc=0 tx_fw=none rx_fw=unknown
PHASE_GUARD 500
PHASE_START 21 HF-FLRC-650-64 pktSize=64
SYNC_NOT_FOUND first4=ACBAD664
SYNC_NOT_FOUND first4=E6DE0C7F
SYNC_NOT_FOUND first4=A19E5D8E
SYNC_NOT_FOUND first4=42E5BD8B
SYNC_NOT_FOUND first4=95C2E00D
SYNC_NOT_FOUND first4=42498542
SYNC_NOT_FOUND first4=C2DAAAC6
SYNC_NOT_FOUND first4=06746D68
2026-07-26T14:38:31.565423+00:00 SYNC_NOT_FOUND first4=786BB1A5
SYNC_NOT_FOUND first4=A0705D8D
SYNC_NOT_FOUND first4=C0F06DA7
SYNC_NOT_FOUND first4=31C24DDF
SYNC_NOT_FOUND first4=C94AAC40
SYNC_NOT_FOUND first4=0AE3043F
SYNC_NOT_FOUND first4=260C5374
SYNC_NOT_FOUND first4=B89B7428
SYNC_NOT_FOUND first4=008336F0
SYNC_NOT_FOUND first4=337E1C76
SYNC_NOT_FOUND first4=50E40B67
SYNC_NOT_FOUND first4=AF729E88
SYNC_NOT_FOUND first4=426B5A9C
SYNC_NOT_FOUND first4=090343EC
SYNC_NOT_FOUND first4=F09BCF4E
SYNC_NOT_FOUND first4=FA0336AD
PHASE_RESULT 21 HF-FLRC-650-64 pktSize=64 rx=0 unique=0 lost=100 per=100.0 rssi_avg=0 rssi_min=0 crc_err=0 garbage=24 tx_lat=0.00000 tx_lon=0.00000 sats=0 fix=0 utc=0 tx_fw=none rx_fw=unknown
2026-07-26T14:38:32.576754+00:00 PHASE_GUARD 500
PHASE_START 22 HF-FLRC-650-128 pktSize=128
TIME_SYNCED utc=1785076711 offset=1785062472
PHASE_RESULT 22 HF-FLRC-650-128 pktSize=128 rx=0 unique=0 lost=100 per=100.0 rssi_avg=0 rssi_min=0 crc_err=0 garbage=0 tx_lat=0.00000 tx_lon=0.00000 sats=0 fix=0 utc=0 tx_fw=none rx_fw=unknown
PHASE_GUARD 500
PHASE_START 21 HF-FLRC-650-64 pktSize=64
SYNC_NOT_FOUND first4=344DB977
SYNC_NOT_FOUND first4=C48CCB48
SYNC_NOT_FOUND first4=A7A6F845
SYNC_NOT_FOUND first4=15E06219
SYNC_NOT_FOUND first4=0152C208
SYNC_NOT_FOUND first4=E59AC517
SYNC_NOT_FOUND first4=A2A1FF9F
SYNC_NOT_FOUND first4=E16622C3
SYNC_NOT_FOUND first4=06F06600
SYNC_NOT_FOUND first4=122E452B
SYNC_NOT_FOUND first4=D0AFA62D
SYNC_NOT_FOUND first4=175B9628
SYNC_NOT_FOUND first4=083A15BE
SYNC_NOT_FOUND first4=AC2B4C0F
SYNC_NOT_FOUND first4=800C14F3
SYNC_NOT_FOUND first4=AB821B15
SYNC_NOT_FOUND first4=DF412973
SYNC_NOT_FOUND first4=0D88F873
PHASE_RESULT 21 HF-FLRC-650-64 pktSize=64 rx=0 unique=0 lost=100 per=100.0 rssi_avg=0 rssi_min=0 crc_err=0 garbage=18 tx_lat=0.00000 tx_lon=0.00000 sats=0 fix=0 utc=0 tx_fw=none rx_fw=unknown
PHASE_GUARD 500
2026-07-26T14:38:33.588048+00:00 PHASE_START 22 HF-FLRC-650-128 pktSize=128
SYNC_NOT_FOUND first4=4F472670
SYNC_NOT_FOUND first4=54EA8887
SYNC_NOT_FOUND first4=714A96C6
SYNC_NOT_FOUND first4=70E5E2A0
SYNC_NOT_FOUND first4=F7DB6FEC
SYNC_NOT_FOUND first4=313EC3F9
SYNC_NOT_FOUND first4=FDDAA417
SYNC_NOT_FOUND first4=C83B52DD
SYNC_NOT_FOUND first4=FA786D37
SYNC_NOT_FOUND first4=1E867D53
SYNC_NOT_FOUND first4=1F70C50C
SYNC_NOT_FOUND first4=3582CECF
SYNC_NOT_FOUND first4=52C3DC39
SYNC_NOT_FOUND first4=6F184581
SYNC_NOT_FOUND first4=0BF95BA8
SYNC_NOT_FOUND first4=0F0DC416
SYNC_NOT_FOUND first4=393556F7
SYNC_NOT_FOUND first4=911BEAE0
SYNC_NOT_FOUND first4=3BC51F88
SYNC_NOT_FOUND first4=9226CDC3
SYNC_NOT_FOUND first4=8EE40548
2026-07-26T14:38:34.599954+00:00 SYNC_NOT_FOUND first4=A47A09AC
SYNC_NOT_FOUND first4=1927C571
SYNC_NOT_FOUND first4=8254E374
SYNC_NOT_FOUND first4=9857FF75
SYNC_NOT_FOUND first4=443DFD01
SYNC_NOT_FOUND first4=12D0C51D
SYNC_NOT_FOUND first4=2D414578
SYNC_NOT_FOUND first4=1BFFEA7C
SYNC_NOT_FOUND first4=73E67604
SYNC_NOT_FOUND first4=13ACE38F
SYNC_NOT_FOUND first4=40EA2B82
SYNC_NOT_FOUND first4=57AFADA2
SYNC_NOT_FOUND first4=AEEA2A8A
SYNC_NOT_FOUND first4=666E0ABC
TIME_SYNCED utc=1785076714 offset=1785062473
PHASE_RESULT 22 HF-FLRC-650-128 pktSize=128 rx=0 unique=0 lost=100 per=100.0 rssi_avg=0 rssi_min=0 crc_err=0 garbage=35 tx_lat=0.00000 tx_lon=0.00000 sats=0 fix=0 utc=0 tx_fw=none rx_fw=unknown
PHASE_GUARD 500
PHASE_START 23 HF-FLRC-650-255 pktSize=255
SYNC_NOT_FOUND first4=1D82C59A
2026-07-26T14:38:35.610466+00:00 SYNC_NOT_FOUND first4=B42798E9
SYNC_NOT_FOUND first4=CAFA26A4
SYNC_NOT_FOUND first4=9AE523C8
SYNC_NOT_FOUND first4=0CEFB742
SYNC_NOT_FOUND first4=BBC1C32C
SYNC_NOT_FOUND first4=37983520
SYNC_NOT_FOUND first4=4A0166D6
SYNC_NOT_FOUND first4=D401D813
SYNC_NOT_FOUND first4=8BB24ECA
PHASE_RESULT 23 HF-FLRC-650-255 pktSize=255 rx=0 unique=0 lost=100 per=100.0 rssi_avg=0 rssi_min=0 crc_err=0 garbage=10 tx_lat=0.00000 tx_lon=0.00000 sats=0 fix=0 utc=0 tx_fw=none rx_fw=unknown
PHASE_GUARD 500
2026-07-26T14:38:36.623285+00:00 PHASE_START 24 HF-FLRC-325-32 pktSize=32
2026-07-26T14:38:37.634268+00:00 SYNC_NOT_FOUND first4=582426AC
PHASE_RESULT 24 HF-FLRC-325-32 pktSize=32 rx=0 unique=0 lost=100 per=100.0 rssi_avg=0 rssi_min=0 crc_err=0 garbage=1 tx_lat=0.00000 tx_lon=0.00000 sats=0 fix=0 utc=0 tx_fw=none rx_fw=unknown
PHASE_GUARD 500
2026-07-26T14:38:38.645351+00:00 PHASE_START 25 HF-FLRC-325-64 pktSize=64
SYNC_NOT_FOUND first4=1FCA253B
2026-07-26T14:38:39.657270+00:00 SYNC_NOT_FOUND first4=14D9993B
SYNC_NOT_FOUND first4=D21411D8
SYNC_NOT_FOUND first4=074A2521
PHASE_RESULT 25 HF-FLRC-325-64 pktSize=64 rx=0 unique=0 lost=100 per=100.0 rssi_avg=0 rssi_min=0 crc_err=0 garbage=4 tx_lat=0.00000 tx_lon=0.00000 sats=0 fix=0 utc=0 tx_fw=none rx_fw=unknown
PHASE_GUARD 500
2026-07-26T14:38:40.668290+00:00 PHASE_START 26 HF-FLRC-325-128 pktSize=128
SYNC_NOT_FOUND first4=D9812AB8
SYNC_NOT_FOUND first4=280C2E8F
SYNC_NOT_FOUND first4=BC7071B5
SYNC_NOT_FOUND first4=1C2C56C1
2026-07-26T14:38:41.680331+00:00 SYNC_NOT_FOUND first4=F9DE6D62
SYNC_NOT_FOUND first4=BBEDEB77
PHASE_RESULT 26 HF-FLRC-325-128 pktSize=128 rx=0 unique=0 lost=100 per=100.0 rssi_avg=0 rssi_min=0 crc_err=0 garbage=6 tx_lat=0.00000 tx_lon=0.00000 sats=0 fix=0 utc=0 tx_fw=none rx_fw=unknown
PHASE_GUARD 500
2026-07-26T14:38:42.691705+00:00 PHASE_START 27 HF-FLRC-325-255 pktSize=255
TIME_SYNCED utc=1785076721 offset=1785062472
PHASE_RESULT 27 HF-FLRC-325-255 pktSize=255 rx=0 unique=0 lost=100 per=100.0 rssi_avg=0 rssi_min=0 crc_err=0 garbage=0 tx_lat=0.00000 tx_lon=0.00000 sats=0 fix=0 utc=0 tx_fw=none rx_fw=unknown
PHASE_GUARD 500
PHASE_START 26 HF-FLRC-325-128 pktSize=128
SYNC_NOT_FOUND first4=148E530C
SYNC_NOT_FOUND first4=FC45FD87
PHASE_RESULT 26 HF-FLRC-325-128 pktSize=128 rx=0 unique=0 lost=100 per=100.0 rssi_avg=0 rssi_min=0 crc_err=0 garbage=2 tx_lat=0.00000 tx_lon=0.00000 sats=0 fix=0 utc=0 tx_fw=none rx_fw=unknown
PHASE_GUARD 500
2026-07-26T14:38:43.702984+00:00 PHASE_START 27 HF-FLRC-325-255 pktSize=255
SYNC_NOT_FOUND first4=7412803C
SYNC_NOT_FOUND first4=B18849EE
2026-07-26T14:38:44.714730+00:00 SYNC_NOT_FOUND first4=1C6F5C95
SYNC_NOT_FOUND first4=7253BCAB
TIME_SYNCED utc=1785076724 offset=1785062473
PHASE_RESULT 27 HF-FLRC-325-255 pktSize=255 rx=0 unique=0 lost=100 per=100.0 rssi_avg=0 rssi_min=0 crc_err=0 garbage=4 tx_lat=0.00000 tx_lon=0.00000 sats=0 fix=0 utc=0 tx_fw=none rx_fw=unknown
PHASE_GUARD 500
LORA_CFG path=0 bw=0x05 sf=7
PHASE_START 28 LF-LoRa-SF7-32 pktSize=32
2026-07-26T14:38:45.725986+00:00 PHASE_RESULT 28 LF-LoRa-SF7-32 pktSize=32 rx=0 unique=0 lost=20 per=100.0 rssi_avg=0 rssi_min=0 crc_err=0 garbage=0 tx_lat=0.00000 tx_lon=0.00000 sats=0 fix=0 utc=0 tx_fw=none rx_fw=unknown
PHASE_GUARD 500
LORA_CFG path=0 bw=0x05 sf=7
PHASE_START 29 LF-LoRa-SF7-64 pktSize=64
2026-07-26T14:38:48.840145+00:00 PHASE_RESULT 29 LF-LoRa-SF7-64 pktSize=64 rx=0 unique=0 lost=20 per=100.0 rssi_avg=0 rssi_min=0 crc_err=0 garbage=0 tx_lat=0.00000 tx_lon=0.00000 sats=0 fix=0 utc=0 tx_fw=none rx_fw=unknown
PHASE_GUARD 500
LORA_CFG path=0 bw=0x05 sf=7
PHASE_START 30 LF-LoRa-SF7-128 pktSize=128
2026-07-26T14:38:53.006060+00:00 TIME_SYNCED utc=1785076732 offset=1785062473
PHASE_RESULT 30 LF-LoRa-SF7-128 pktSize=128 rx=0 unique=0 lost=13 per=100.0 rssi_avg=0 rssi_min=0 crc_err=0 garbage=0 tx_lat=0.00000 tx_lon=0.00000 sats=0 fix=0 utc=0 tx_fw=none rx_fw=unknown
PHASE_GUARD 500
LORA_CFG path=0 bw=0x05 sf=7
PHASE_START 31 LF-LoRa-SF7-255 pktSize=255
2026-07-26T14:38:55.072353+00:00 TIME_SYNCED utc=1785076734 offset=1785062473
2026-07-26T14:38:57.135893+00:00 PHASE_RESULT 31 LF-LoRa-SF7-255 pktSize=255 rx=0 unique=0 lost=7 per=100.0 rssi_avg=0 rssi_min=0 crc_err=0 garbage=0 tx_lat=0.00000 tx_lon=0.00000 sats=0 fix=0 utc=0 tx_fw=none rx_fw=unknown
PHASE_GUARD 500
LORA_CFG path=0 bw=0x05 sf=9
PHASE_START 32 LF-LoRa-SF9-32 pktSize=32
2026-07-26T14:39:01.301135+00:00 PHASE_RESULT 32 LF-LoRa-SF9-32 pktSize=32 rx=0 unique=0 lost=7 per=100.0 rssi_avg=0 rssi_min=0 crc_err=0 garbage=0 tx_lat=0.00000 tx_lon=0.00000 sats=0 fix=0 utc=0 tx_fw=none rx_fw=unknown
PHASE_GUARD 500
LORA_CFG path=0 bw=0x05 sf=9
PHASE_START 33 LF-LoRa-SF9-64 pktSize=64
2026-07-26T14:39:03.360756+00:00 TIME_SYNCED utc=1785076742 offset=1785062473
2026-07-26T14:39:04.372037+00:00 PHASE_RESULT 33 LF-LoRa-SF9-64 pktSize=64 rx=0 unique=0 lost=3 per=100.0 rssi_avg=0 rssi_min=0 crc_err=0 garbage=0 tx_lat=0.00000 tx_lon=0.00000 sats=0 fix=0 utc=0 tx_fw=none rx_fw=unknown
PHASE_GUARD 500
LORA_CFG path=0 bw=0x05 sf=9
PHASE_START 34 LF-LoRa-SF9-128 pktSize=128
TIME_SYNCED utc=1785076744 offset=1785062473
2026-07-26T14:39:06.435557+00:00 PHASE_RESULT 34 LF-LoRa-SF9-128 pktSize=128 rx=0 unique=0 lost=1 per=100.0 rssi_avg=0 rssi_min=0 crc_err=0 garbage=0 tx_lat=0.00000 tx_lon=0.00000 sats=0 fix=0 utc=0 tx_fw=none rx_fw=unknown
PHASE_GUARD 500
LORA_CFG path=0 bw=0x05 sf=9
PHASE_START 35 LF-LoRa-SF9-255 pktSize=255
2026-07-26T14:39:09.550100+00:00 PHASE_RESULT 35 LF-LoRa-SF9-255 pktSize=255 rx=0 unique=0 lost=1 per=100.0 rssi_avg=0 rssi_min=0 crc_err=0 garbage=0 tx_lat=0.00000 tx_lon=0.00000 sats=0 fix=0 utc=0 tx_fw=none rx_fw=unknown
2026-07-26T14:39:10.555295+00:00 PHASE_GUARD 500
LORA_CFG path=0 bw=0x05 sf=12
PHASE_START 36 LF-LoRa-SF12-32 pktSize=32
2026-07-26T14:39:13.669268+00:00 TIME_SYNCED utc=1785076752 offset=1785062472
2026-07-26T14:39:14.684295+00:00 TIME_SYNCED utc=1785076754 offset=1785062473
2026-07-26T14:39:24.107435+00:00 TIME_SYNCED utc=1785076763 offset=1785062473
2026-07-26T14:39:25.111200+00:00 TIME_SYNCED utc=1785076764 offset=1785062473
PHASE_RESULT 36 LF-LoRa-SF12-32 pktSize=32 rx=0 unique=0 lost=1 per=100.0 rssi_avg=0 rssi_min=0 crc_err=0 garbage=0 tx_lat=0.00000 tx_lon=0.00000 sats=0 fix=0 utc=0 tx_fw=none rx_fw=unknown
PHASE_GUARD 500
LORA_CFG path=0 bw=0x05 sf=12
PHASE_START 37 LF-LoRa-SF12-SKIP SKIP pktSize=64
2026-07-26T14:39:26.115749+00:00 PHASE_RESULT 37 LF-LoRa-SF12-SKIP pktSize=64 rx=0 unique=0 lost=0 per=0.0 rssi_avg=0 rssi_min=0 crc_err=0 garbage=0 tx_lat=0.00000 tx_lon=0.00000 sats=0 fix=0 utc=0 tx_fw=none rx_fw=unknown
PHASE_GUARD 500
LORA_CFG path=0 bw=0x05 sf=12
PHASE_START 38 LF-LoRa-SF12-SKIP SKIP pktSize=128
2026-07-26T14:39:27.127514+00:00 PHASE_RESULT 38 LF-LoRa-SF12-SKIP pktSize=128 rx=0 unique=0 lost=0 per=0.0 rssi_avg=0 rssi_min=0 crc_err=0 garbage=0 tx_lat=0.00000 tx_lon=0.00000 sats=0 fix=0 utc=0 tx_fw=none rx_fw=unknown
PHASE_GUARD 500
LORA_CFG path=0 bw=0x05 sf=12
PHASE_START 39 LF-LoRa-SF12-SKIP SKIP pktSize=255
2026-07-26T14:39:28.139919+00:00 PHASE_RESULT 39 LF-LoRa-SF12-SKIP pktSize=255 rx=0 unique=0 lost=0 per=0.0 rssi_avg=0 rssi_min=0 crc_err=0 garbage=0 tx_lat=0.00000 tx_lon=0.00000 sats=0 fix=0 utc=0 tx_fw=none rx_fw=unknown
PHASE_GUARD 500
PHASE_START 40 LF-FLRC-2600-32 pktSize=32
SYNC_NOT_FOUND first4=FBA232CF
2026-07-26T14:39:30.202951+00:00 PHASE_RESULT 40 LF-FLRC-2600-32 pktSize=32 rx=0 unique=0 lost=100 per=100.0 rssi_avg=0 rssi_min=0 crc_err=0 garbage=1 tx_lat=0.00000 tx_lon=0.00000 sats=0 fix=0 utc=0 tx_fw=none rx_fw=unknown
PHASE_GUARD 500
PHASE_START 41 LF-FLRC-2600-64 pktSize=64
2026-07-26T14:39:32.266721+00:00 PHASE_RESULT 41 LF-FLRC-2600-64 pktSize=64 rx=0 unique=0 lost=100 per=100.0 rssi_avg=0 rssi_min=0 crc_err=0 garbage=0 tx_lat=0.00000 tx_lon=0.00000 sats=0 fix=0 utc=0 tx_fw=none rx_fw=unknown
PHASE_GUARD 500
PHASE_START 42 LF-FLRC-2600-128 pktSize=128
2026-07-26T14:39:33.278741+00:00 SYNC_NOT_FOUND first4=F5BA769B
2026-07-26T14:39:34.290788+00:00 TIME_SYNCED utc=1785076773 offset=1785062473
SYNC_NOT_FOUND first4=16E8E567
PHASE_RESULT 42 LF-FLRC-2600-128 pktSize=128 rx=0 unique=0 lost=100 per=100.0 rssi_avg=0 rssi_min=0 crc_err=0 garbage=2 tx_lat=0.00000 tx_lon=0.00000 sats=0 fix=0 utc=0 tx_fw=none rx_fw=unknown
PHASE_GUARD 500
PHASE_START 43 LF-FLRC-2600-255 pktSize=255
2026-07-26T14:39:35.302971+00:00 TIME_SYNCED utc=1785076774 offset=1785062473
2026-07-26T14:39:36.315455+00:00 PHASE_RESULT 43 LF-FLRC-2600-255 pktSize=255 rx=0 unique=0 lost=100 per=100.0 rssi_avg=0 rssi_min=0 crc_err=0 garbage=0 tx_lat=0.00000 tx_lon=0.00000 sats=0 fix=0 utc=0 tx_fw=none rx_fw=unknown
PHASE_GUARD 500
PHASE_START 44 LF-FLRC-1300-32 pktSize=32
2026-07-26T14:39:38.378760+00:00 SYNC_NOT_FOUND first4=0FCFAF42
PHASE_RESULT 44 LF-FLRC-1300-32 pktSize=32 rx=0 unique=0 lost=100 per=100.0 rssi_avg=0 rssi_min=0 crc_err=0 garbage=1 tx_lat=0.00000 tx_lon=0.00000 sats=0 fix=0 utc=0 tx_fw=none rx_fw=unknown
PHASE_GUARD 500
PHASE_START 45 LF-FLRC-1300-64 pktSize=64
2026-07-26T14:39:40.442583+00:00 PHASE_RESULT 45 LF-FLRC-1300-64 pktSize=64 rx=0 unique=0 lost=100 per=100.0 rssi_avg=0 rssi_min=0 crc_err=0 garbage=0 tx_lat=0.00000 tx_lon=0.00000 sats=0 fix=0 utc=0 tx_fw=none rx_fw=unknown
PHASE_GUARD 500
PHASE_START 46 LF-FLRC-1300-128 pktSize=128
2026-07-26T14:39:42.506297+00:00 PHASE_RESULT 46 LF-FLRC-1300-128 pktSize=128 rx=0 unique=0 lost=100 per=100.0 rssi_avg=0 rssi_min=0 crc_err=0 garbage=0 tx_lat=0.00000 tx_lon=0.00000 sats=0 fix=0 utc=0 tx_fw=none rx_fw=unknown
PHASE_GUARD 500
PHASE_START 47 LF-FLRC-1300-255 pktSize=255
SYNC_NOT_FOUND first4=1D5C061F
2026-07-26T14:39:44.571945+00:00 PHASE_RESULT 47 LF-FLRC-1300-255 pktSize=255 rx=0 unique=0 lost=100 per=100.0 rssi_avg=0 rssi_min=0 crc_err=0 garbage=1 tx_lat=0.00000 tx_lon=0.00000 sats=0 fix=0 utc=0 tx_fw=none rx_fw=unknown
PHASE_GUARD 500
PHASE_START 48 LF-FLRC-650-32 pktSize=32
TIME_SYNCED utc=1785076783 offset=1785062472
PHASE_RESULT 48 LF-FLRC-650-32 pktSize=32 rx=0 unique=0 lost=100 per=100.0 rssi_avg=0 rssi_min=0 crc_err=0 garbage=0 tx_lat=0.00000 tx_lon=0.00000 sats=0 fix=0 utc=0 tx_fw=none rx_fw=unknown
PHASE_GUARD 500
PHASE_START 47 LF-FLRC-1300-255 pktSize=255
TIME_SYNCED utc=1785076784 offset=1785062473
PHASE_RESULT 47 LF-FLRC-1300-255 pktSize=255 rx=0 unique=0 lost=100 per=100.0 rssi_avg=0 rssi_min=0 crc_err=0 garbage=0 tx_lat=0.00000 tx_lon=0.00000 sats=0 fix=0 utc=0 tx_fw=none rx_fw=unknown
PHASE_GUARD 500
PHASE_START 48 LF-FLRC-650-32 pktSize=32
2026-07-26T14:39:45.582742+00:00 SYNC_NOT_FOUND first4=80404155
SYNC_NOT_FOUND first4=282EF475
SYNC_NOT_FOUND first4=61E96466
SYNC_NOT_FOUND first4=C847AA98
PHASE_RESULT 48 LF-FLRC-650-32 pktSize=32 rx=0 unique=0 lost=100 per=100.0 rssi_avg=0 rssi_min=0 crc_err=0 garbage=4 tx_lat=0.00000 tx_lon=0.00000 sats=0 fix=0 utc=0 tx_fw=none rx_fw=unknown
PHASE_GUARD 500
2026-07-26T14:39:46.595331+00:00 PHASE_START 49 LF-FLRC-650-64 pktSize=64
2026-07-26T14:39:47.606365+00:00 SYNC_NOT_FOUND first4=C1AB8740
SYNC_NOT_FOUND first4=726210EE
SYNC_NOT_FOUND first4=9972F19E
SYNC_NOT_FOUND first4=7D007F02
PHASE_RESULT 49 LF-FLRC-650-64 pktSize=64 rx=0 unique=0 lost=100 per=100.0 rssi_avg=0 rssi_min=0 crc_err=0 garbage=4 tx_lat=0.00000 tx_lon=0.00000 sats=0 fix=0 utc=0 tx_fw=none rx_fw=unknown
PHASE_GUARD 500
2026-07-26T14:39:48.618191+00:00 PHASE_START 50 LF-FLRC-650-128 pktSize=128
SYNC_NOT_FOUND first4=9ECC5FDA
SYNC_NOT_FOUND first4=B8B109AB
2026-07-26T14:39:49.629336+00:00 SYNC_NOT_FOUND first4=F13EC9ED
PHASE_RESULT 50 LF-FLRC-650-128 pktSize=128 rx=0 unique=0 lost=100 per=100.0 rssi_avg=0 rssi_min=0 crc_err=0 garbage=3 tx_lat=0.00000 tx_lon=0.00000 sats=0 fix=0 utc=0 tx_fw=none rx_fw=unknown
PHASE_GUARD 500
2026-07-26T14:39:50.641023+00:00 PHASE_START 51 LF-FLRC-650-255 pktSize=255
SYNC_NOT_FOUND first4=2641A079
SYNC_NOT_FOUND first4=1CF87240
2026-07-26T14:39:51.652420+00:00 SYNC_NOT_FOUND first4=A0B8545D
SYNC_NOT_FOUND first4=EA9F04D8
SYNC_NOT_FOUND first4=BD1D9070
PHASE_RESULT 51 LF-FLRC-650-255 pktSize=255 rx=0 unique=0 lost=100 per=100.0 rssi_avg=0 rssi_min=0 crc_err=0 garbage=5 tx_lat=0.00000 tx_lon=0.00000 sats=0 fix=0 utc=0 tx_fw=none rx_fw=unknown
PHASE_GUARD 500
2026-07-26T14:39:52.664415+00:00 PHASE_START 52 LF-FLRC-325-32 pktSize=32
2026-07-26T14:39:53.676290+00:00 PHASE_RESULT 52 LF-FLRC-325-32 pktSize=32 rx=0 unique=0 lost=100 per=100.0 rssi_avg=0 rssi_min=0 crc_err=0 garbage=0 tx_lat=0.00000 tx_lon=0.00000 sats=0 fix=0 utc=0 tx_fw=none rx_fw=unknown
PHASE_GUARD 500
2026-07-26T14:39:54.687597+00:00 PHASE_START 53 LF-FLRC-325-64 pktSize=64
TIME_SYNCED utc=1785076793 offset=1785062472
PHASE_RESULT 53 LF-FLRC-325-64 pktSize=64 rx=0 unique=0 lost=100 per=100.0 rssi_avg=0 rssi_min=0 crc_err=0 garbage=0 tx_lat=0.00000 tx_lon=0.00000 sats=0 fix=0 utc=0 tx_fw=none rx_fw=unknown
PHASE_GUARD 500
PHASE_START 52 LF-FLRC-325-32 pktSize=32
TIME_SYNCED utc=1785076794 offset=1785062473
PHASE_RESULT 52 LF-FLRC-325-32 pktSize=32 rx=0 unique=0 lost=100 per=100.0 rssi_avg=0 rssi_min=0 crc_err=0 garbage=0 tx_lat=0.00000 tx_lon=0.00000 sats=0 fix=0 utc=0 tx_fw=none rx_fw=unknown
PHASE_GUARD 500
PHASE_START 53 LF-FLRC-325-64 pktSize=64
2026-07-26T14:39:55.698644+00:00 PHASE_RESULT 53 LF-FLRC-325-64 pktSize=64 rx=0 unique=0 lost=100 per=100.0 rssi_avg=0 rssi_min=0 crc_err=0 garbage=0 tx_lat=0.00000 tx_lon=0.00000 sats=0 fix=0 utc=0 tx_fw=none rx_fw=unknown
PHASE_GUARD 500
PHASE_START 54 LF-FLRC-325-128 pktSize=128
2026-07-26T14:39:57.761895+00:00 PHASE_RESULT 54 LF-FLRC-325-128 pktSize=128 rx=0 unique=0 lost=100 per=100.0 rssi_avg=0 rssi_min=0 crc_err=0 garbage=0 tx_lat=0.00000 tx_lon=0.00000 sats=0 fix=0 utc=0 tx_fw=none rx_fw=unknown
PHASE_GUARD 500
PHASE_START 55 LF-FLRC-325-255 pktSize=255
2026-07-26T14:39:59.825255+00:00 PHASE_RESULT 55 LF-FLRC-325-255 pktSize=255 rx=0 unique=0 lost=100 per=100.0 rssi_avg=0 rssi_min=0 crc_err=0 garbage=0 tx_lat=0.00000 tx_lon=0.00000 sats=0 fix=0 utc=0 tx_fw=none rx_fw=unknown
PHASE_GUARD 500
LORA_CFG path=1 bw=0x0F sf=7
PHASE_START 0 HF-LoRa-SF7-32 pktSize=32
2026-07-26T14:40:01.887846+00:00 PHASE_RESULT 0 HF-LoRa-SF7-32 pktSize=32 rx=0 unique=0 lost=20 per=100.0 rssi_avg=0 rssi_min=0 crc_err=0 garbage=0 tx_lat=0.00000 tx_lon=0.00000 sats=0 fix=0 utc=0 tx_fw=none rx_fw=unknown
PHASE_GUARD 500
LORA_CFG path=1 bw=0x0F sf=7
PHASE_START 1 HF-LoRa-SF7-64 pktSize=64
2026-07-26T14:40:03.950214+00:00 PHASE_RESULT 1 HF-LoRa-SF7-64 pktSize=64 rx=0 unique=0 lost=20 per=100.0 rssi_avg=0 rssi_min=0 crc_err=0 garbage=0 tx_lat=0.00000 tx_lon=0.00000 sats=0 fix=0 utc=0 tx_fw=none rx_fw=unknown
PHASE_GUARD 500
LORA_CFG path=1 bw=0x0F sf=7
PHASE_START 2 HF-LoRa-SF7-128 pktSize=128
2026-07-26T14:40:04.964068+00:00 TIME_SYNCED utc=1785076803 offset=1785062472
PHASE_RESULT 2 HF-LoRa-SF7-128 pktSize=128 rx=0 unique=0 lost=20 per=100.0 rssi_avg=0 rssi_min=0 crc_err=0 garbage=0 tx_lat=0.00000 tx_lon=0.00000 sats=0 fix=0 utc=0 tx_fw=none rx_fw=unknown
PHASE_GUARD 500
LORA_CFG path=1 bw=0x0F sf=7
PHASE_START 1 HF-LoRa-SF7-64 pktSize=64
TIME_SYNCED utc=1785076804 offset=1785062473
PHASE_RESULT 1 HF-LoRa-SF7-64 pktSize=64 rx=0 unique=0 lost=20 per=100.0 rssi_avg=0 rssi_min=0 crc_err=0 garbage=0 tx_lat=0.00000 tx_lon=0.00000 sats=0 fix=0 utc=0 tx_fw=none rx_fw=unknown
PHASE_GUARD 500
LORA_CFG path=1 bw=0x0F sf=7
PHASE_START 2 HF-LoRa-SF7-128 pktSize=128
2026-07-26T14:40:05.974979+00:00 PHASE_RESULT 2 HF-LoRa-SF7-128 pktSize=128 rx=0 unique=0 lost=20 per=100.0 rssi_avg=0 rssi_min=0 crc_err=0 garbage=0 tx_lat=0.00000 tx_lon=0.00000 sats=0 fix=0 utc=0 tx_fw=none rx_fw=unknown
PHASE_GUARD 500
LORA_CFG path=1 bw=0x0F sf=7
PHASE_START 3 HF-LoRa-SF7-255 pktSize=255
2026-07-26T14:40:09.090978+00:00 PHASE_RESULT 3 HF-LoRa-SF7-255 pktSize=255 rx=0 unique=0 lost=20 per=100.0 rssi_avg=0 rssi_min=0 crc_err=0 garbage=0 tx_lat=0.00000 tx_lon=0.00000 sats=0 fix=0 utc=0 tx_fw=none rx_fw=unknown
PHASE_GUARD 500
LORA_CFG path=1 bw=0x0F sf=9
PHASE_START 4 HF-LoRa-SF9-32 pktSize=32
2026-07-26T14:40:11.157195+00:00 PHASE_RESULT 4 HF-LoRa-SF9-32 pktSize=32 rx=0 unique=0 lost=20 per=100.0 rssi_avg=0 rssi_min=0 crc_err=0 garbage=0 tx_lat=0.00000 tx_lon=0.00000 sats=0 fix=0 utc=0 tx_fw=none rx_fw=unknown
PHASE_GUARD 500
LORA_CFG path=1 bw=0x0F sf=9
PHASE_START 5 HF-LoRa-SF9-64 pktSize=64
2026-07-26T14:40:14.274159+00:00 PHASE_RESULT 5 HF-LoRa-SF9-64 pktSize=64 rx=0 unique=0 lost=20 per=100.0 rssi_avg=0 rssi_min=0 crc_err=0 garbage=0 tx_lat=0.00000 tx_lon=0.00000 sats=0 fix=0 utc=0 tx_fw=none rx_fw=unknown
PHASE_GUARD 500
LORA_CFG path=1 bw=0x0F sf=9
PHASE_START 6 HF-LoRa-SF9-128 pktSize=128
2026-07-26T14:40:15.287327+00:00 TIME_SYNCED utc=1785076814 offset=1785062473
TIME_SYNCED utc=1785076814 offset=1785062473
2026-07-26T14:40:18.401472+00:00 PHASE_RESULT 6 HF-LoRa-SF9-128 pktSize=128 rx=0 unique=0 lost=13 per=100.0 rssi_avg=0 rssi_min=0 crc_err=0 garbage=0 tx_lat=0.00000 tx_lon=0.00000 sats=0 fix=0 utc=0 tx_fw=none rx_fw=unknown
PHASE_GUARD 500
LORA_CFG path=1 bw=0x0F sf=9
PHASE_START 7 HF-LoRa-SF9-255 pktSize=255
2026-07-26T14:40:21.518218+00:00 PHASE_RESULT 7 HF-LoRa-SF9-255 pktSize=255 rx=0 unique=0 lost=6 per=100.0 rssi_avg=0 rssi_min=0 crc_err=0 garbage=0 tx_lat=0.00000 tx_lon=0.00000 sats=0 fix=0 utc=0 tx_fw=none rx_fw=unknown
PHASE_GUARD 500
LORA_CFG path=1 bw=0x0F sf=12
PHASE_START 8 HF-LoRa-SF12-32 pktSize=32
2026-07-26T14:40:23.581086+00:00 PHASE_RESULT 8 HF-LoRa-SF12-32 pktSize=32 rx=0 unique=0 lost=2 per=100.0 rssi_avg=0 rssi_min=0 crc_err=0 garbage=0 tx_lat=0.00000 tx_lon=0.00000 sats=0 fix=0 utc=0 tx_fw=none rx_fw=unknown
PHASE_GUARD 500
2026-07-26T14:40:24.595090+00:00 LORA_CFG path=1 bw=0x0F sf=12
PHASE_START 9 HF-LoRa-SF12-64 pktSize=64
TIME_SYNCED utc=1785076824 offset=1785062473
2026-07-26T14:40:25.607289+00:00 TIME_SYNCED utc=1785076824 offset=1785062472
2026-07-26T14:40:27.662492+00:00 PHASE_RESULT 9 HF-LoRa-SF12-64 pktSize=64 rx=0 unique=0 lost=1 per=100.0 rssi_avg=0 rssi_min=0 crc_err=0 garbage=0 tx_lat=0.00000 tx_lon=0.00000 sats=0 fix=0 utc=0 tx_fw=none rx_fw=unknown
PHASE_GUARD 500
LORA_CFG path=1 bw=0x0F sf=12
2026-07-26T14:40:28.673351+00:00 PHASE_START 10 HF-LoRa-SF12-128 pktSize=128
2026-07-26T14:40:32.838133+00:00 PHASE_RESULT 10 HF-LoRa-SF12-128 pktSize=128 rx=0 unique=0 lost=1 per=100.0 rssi_avg=0 rssi_min=0 crc_err=0 garbage=0 tx_lat=0.00000 tx_lon=0.00000 sats=0 fix=0 utc=0 tx_fw=none rx_fw=unknown
PHASE_GUARD 500
LORA_CFG path=1 bw=0x0F sf=12
PHASE_START 11 HF-LoRa-SF12-255 pktSize=255
2026-07-26T14:40:34.901221+00:00 TIME_SYNCED utc=1785076834 offset=1785062473
2026-07-26T14:40:35.913744+00:00 TIME_SYNCED utc=1785076834 offset=1785062472
2026-07-26T14:40:43.231977+00:00 PHASE_RESULT 11 HF-LoRa-SF12-255 pktSize=255 rx=0 unique=0 lost=1 per=100.0 rssi_avg=0 rssi_min=0 crc_err=0 garbage=0 tx_lat=0.00000 tx_lon=0.00000 sats=0 fix=0 utc=0 tx_fw=none rx_fw=unknown
PHASE_GUARD 500
PHASE_START 12 HF-FLRC-2600-32 pktSize=32
SYNC_NOT_FOUND first4=FC8F1EE1
SYNC_NOT_FOUND first4=F946A4C1
2026-07-26T14:40:44.244859+00:00 SYNC_NOT_FOUND first4=D590458F
SYNC_NOT_FOUND first4=4A084A56
SYNC_NOT_FOUND first4=FAC12295
SYNC_NOT_FOUND first4=E1755410
SYNC_NOT_FOUND first4=1CA9AF73
SYNC_NOT_FOUND first4=4FE22792
2026-07-26T14:40:45.257802+00:00 TIME_SYNCED utc=1785076844 offset=1785062473
PHASE_RESULT 12 HF-FLRC-2600-32 pktSize=32 rx=0 unique=0 lost=100 per=100.0 rssi_avg=0 rssi_min=0 crc_err=0 garbage=8 tx_lat=0.00000 tx_lon=0.00000 sats=0 fix=0 utc=0 tx_fw=none rx_fw=unknown
PHASE_GUARD 500
PHASE_START 13 HF-FLRC-2600-64 pktSize=64
SYNC_NOT_FOUND first4=E829A480
SYNC_NOT_FOUND first4=F303C314
SYNC_NOT_FOUND first4=32FFD4BE
SYNC_NOT_FOUND first4=7E147EBB
2026-07-26T14:40:46.269362+00:00 TIME_SYNCED utc=1785076845 offset=1785062473
SYNC_NOT_FOUND first4=3C7138BC
SYNC_NOT_FOUND first4=C479F429
SYNC_NOT_FOUND first4=3AB873E0
PHASE_RESULT 13 HF-FLRC-2600-64 pktSize=64 rx=0 unique=0 lost=100 per=100.0 rssi_avg=0 rssi_min=0 crc_err=0 garbage=7 tx_lat=0.00000 tx_lon=0.00000 sats=0 fix=0 utc=0 tx_fw=none rx_fw=unknown
PHASE_GUARD 500
PHASE_START 14 HF-FLRC-2600-128 pktSize=128
SYNC_NOT_FOUND first4=9F46C8E7
2026-07-26T14:40:47.280578+00:00 SYNC_NOT_FOUND first4=3A1D8F48
SYNC_NOT_FOUND first4=BFD504BD
SYNC_NOT_FOUND first4=009D1030
SYNC_NOT_FOUND first4=ED4DF9AA
SYNC_NOT_FOUND first4=413D610B
2026-07-26T14:40:48.286777+00:00 SYNC_NOT_FOUND first4=078C538C
SYNC_NOT_FOUND first4=75327621
PHASE_RESULT 14 HF-FLRC-2600-128 pktSize=128 rx=0 unique=0 lost=100 per=100.0 rssi_avg=0 rssi_min=0 crc_err=0 garbage=8 tx_lat=0.00000 tx_lon=0.00000 sats=0 fix=0 utc=0 tx_fw=none rx_fw=unknown
PHASE_GUARD 500
PHASE_START 15 HF-FLRC-2600-255 pktSize=255
SYNC_NOT_FOUND first4=9805FB71
2026-07-26T14:40:49.297327+00:00 SYNC_NOT_FOUND first4=59B312C5
SYNC_NOT_FOUND first4=8A59B4BC
SYNC_NOT_FOUND first4=4EB417D1
SYNC_NOT_FOUND first4=A4C20D86
SYNC_NOT_FOUND first4=EB2C1BB0
SYNC_NOT_FOUND first4=F03F687A
SYNC_NOT_FOUND first4=1D547E1D
SYNC_NOT_FOUND first4=D7132F40
SYNC_NOT_FOUND first4=154D3F9A
2026-07-26T14:40:50.309282+00:00 SYNC_NOT_FOUND first4=AEA1E0E7
SYNC_NOT_FOUND first4=D97A4A6D
SYNC_NOT_FOUND first4=A22638AD
PHASE_RESULT 15 HF-FLRC-2600-255 pktSize=255 rx=0 unique=0 lost=100 per=100.0 rssi_avg=0 rssi_min=0 crc_err=0 garbage=13 tx_lat=0.00000 tx_lon=0.00000 sats=0 fix=0 utc=0 tx_fw=none rx_fw=unknown
PHASE_GUARD 500
PHASE_START 16 HF-FLRC-1300-32 pktSize=32
SYNC_NOT_FOUND first4=77D5BE41
SYNC_NOT_FOUND first4=D9F7DF9F
2026-07-26T14:40:51.321109+00:00 SYNC_NOT_FOUND first4=B6723230
2026-07-26T14:40:52.332082+00:00 PHASE_RESULT 16 HF-FLRC-1300-32 pktSize=32 rx=0 unique=0 lost=100 per=100.0 rssi_avg=0 rssi_min=0 crc_err=0 garbage=3 tx_lat=0.00000 tx_lon=0.00000 sats=0 fix=0 utc=0 tx_fw=none rx_fw=unknown
PHASE_GUARD 500
PHASE_START 17 HF-FLRC-1300-64 pktSize=64
SYNC_NOT_FOUND first4=B566212D
SYNC_NOT_FOUND first4=D590816F
SYNC_NOT_FOUND first4=DFEF69F1
2026-07-26T14:40:53.344526+00:00 SYNC_NOT_FOUND first4=60B32D57
SYNC_NOT_FOUND first4=13002A45
SYNC_NOT_FOUND first4=EB009639
2026-07-26T14:40:54.356142+00:00 PHASE_RESULT 17 HF-FLRC-1300-64 pktSize=64 rx=0 unique=0 lost=100 per=100.0 rssi_avg=0 rssi_min=0 crc_err=0 garbage=6 tx_lat=0.00000 tx_lon=0.00000 sats=0 fix=0 utc=0 tx_fw=none rx_fw=unknown
PHASE_GUARD 500
PHASE_START 18 HF-FLRC-1300-128 pktSize=128
2026-07-26T14:40:55.370198+00:00 SYNC_NOT_FOUND first4=6D924D19
SYNC_NOT_FOUND first4=76C564AA
TIME_SYNCED utc=1785076854 offset=1785062473
SYNC_NOT_FOUND first4=BE7266E0
SYNC_NOT_FOUND first4=D2678B7C
2026-07-26T14:40:56.381494+00:00 TIME_SYNCED utc=1785076855 offset=1785062473
SYNC_NOT_FOUND first4=BC68E63F
PHASE_RESULT 18 HF-FLRC-1300-128 pktSize=128 rx=0 unique=0 lost=100 per=100.0 rssi_avg=0 rssi_min=0 crc_err=0 garbage=5 tx_lat=0.00000 tx_lon=0.00000 sats=0 fix=0 utc=0 tx_fw=none rx_fw=unknown
PHASE_GUARD 500
PHASE_START 19 HF-FLRC-1300-255 pktSize=255
SYNC_NOT_FOUND first4=E6A02F1F
SYNC_NOT_FOUND first4=AAA65141
SYNC_NOT_FOUND first4=00F45E8A
SYNC_NOT_FOUND first4=18C16058
SYNC_NOT_FOUND first4=65C81C26
2026-07-26T14:40:57.392777+00:00 SYNC_NOT_FOUND first4=BA155700
SYNC_NOT_FOUND first4=141B8B07
SYNC_NOT_FOUND first4=FF4FC9F1
SYNC_NOT_FOUND first4=99B97912
2026-07-26T14:40:58.407056+00:00 PHASE_RESULT 19 HF-FLRC-1300-255 pktSize=255 rx=0 unique=0 lost=100 per=100.0 rssi_avg=0 rssi_min=0 crc_err=0 garbage=9 tx_lat=0.00000 tx_lon=0.00000 sats=0 fix=0 utc=0 tx_fw=none rx_fw=unknown
PHASE_GUARD 500
PHASE_START 20 HF-FLRC-650-32 pktSize=32
SYNC_NOT_FOUND first4=253BC776
SYNC_NOT_FOUND first4=2C32689C
SYNC_NOT_FOUND first4=ADE8E136
SYNC_NOT_FOUND first4=64D1CA78
SYNC_NOT_FOUND first4=BE206AF9
SYNC_NOT_FOUND first4=35F3965A
SYNC_NOT_FOUND first4=2CA335DB
SYNC_NOT_FOUND first4=AAA1A45F
SYNC_NOT_FOUND first4=6032612F
SYNC_NOT_FOUND first4=C81A00B3
SYNC_NOT_FOUND first4=3FD57288
SYNC_NOT_FOUND first4=9160DB59
2026-07-26T14:40:59.418360+00:00 SYNC_NOT_FOUND first4=CD54B498
SYNC_NOT_FOUND first4=A925A6CB
SYNC_NOT_FOUND first4=B506B3E0
SYNC_NOT_FOUND first4=76E788D9
SYNC_NOT_FOUND first4=E8F28881
SYNC_NOT_FOUND first4=262C71B4
SYNC_NOT_FOUND first4=63243230
SYNC_NOT_FOUND first4=94F27E21
SYNC_NOT_FOUND first4=DCF71CBC
SYNC_NOT_FOUND first4=A64E887E
SYNC_NOT_FOUND first4=6FE1DA57
SYNC_NOT_FOUND first4=DC23E6AE
SYNC_NOT_FOUND first4=864DFA11
SYNC_NOT_FOUND first4=604B1907
SYNC_NOT_FOUND first4=A870F5E5
SYNC_NOT_FOUND first4=1379A972
SYNC_NOT_FOUND first4=8E9981FE
SYNC_NOT_FOUND first4=8500248E
2026-07-26T14:41:00.432524+00:00 SYNC_NOT_FOUND first4=B50EDBCC
SYNC_NOT_FOUND first4=A9C4E289
PHASE_RESULT 20 HF-FLRC-650-32 pktSize=32 rx=0 unique=0 lost=100 per=100.0 rssi_avg=0 rssi_min=0 crc_err=0 garbage=32 tx_lat=0.00000 tx_lon=0.00000 sats=0 fix=0 utc=0 tx_fw=none rx_fw=unknown
PHASE_GUARD 500
PHASE_START 21 HF-FLRC-650-64 pktSize=64
SYNC_NOT_FOUND first4=A6CEEEDA
SYNC_NOT_FOUND first4=D9E5330F
SYNC_NOT_FOUND first4=94BF6829
SYNC_NOT_FOUND first4=2D4CE93A
SYNC_NOT_FOUND first4=D2B27E45
SYNC_NOT_FOUND first4=C4AD415F
SYNC_NOT_FOUND first4=418EA34C
SYNC_NOT_FOUND first4=3E2D9BCB
SYNC_NOT_FOUND first4=A0A1E5E9
SYNC_NOT_FOUND first4=A4349482
SYNC_NOT_FOUND first4=3CF43D0A
SYNC_NOT_FOUND first4=801D2ED9
SYNC_NOT_FOUND first4=00A424B3
SYNC_NOT_FOUND first4=B8FBC8E0
2026-07-26T14:41:01.443771+00:00 SYNC_NOT_FOUND first4=09A53B92
SYNC_NOT_FOUND first4=D148395B
SYNC_NOT_FOUND first4=C0106807
SYNC_NOT_FOUND first4=A3E4FB6B
SYNC_NOT_FOUND first4=9A8FB9BD
SYNC_NOT_FOUND first4=BC88254B
SYNC_NOT_FOUND first4=6B69CF40
SYNC_NOT_FOUND first4=A81279D3
SYNC_NOT_FOUND first4=9AE9404A
SYNC_NOT_FOUND first4=57333545
SYNC_NOT_FOUND first4=C7C80B87
SYNC_NOT_FOUND first4=6256094A
SYNC_NOT_FOUND first4=D7E138C0
SYNC_NOT_FOUND first4=E015B67A
SYNC_NOT_FOUND first4=2166EA12
2026-07-26T14:41:02.454553+00:00 PHASE_RESULT 21 HF-FLRC-650-64 pktSize=64 rx=0 unique=0 lost=100 per=100.0 rssi_avg=0 rssi_min=0 crc_err=0 garbage=29 tx_lat=0.00000 tx_lon=0.00000 sats=0 fix=0 utc=0 tx_fw=none rx_fw=unknown
PHASE_GUARD 500
PHASE_START 22 HF-FLRC-650-128 pktSize=128
SYNC_NOT_FOUND first4=6A202CA2
SYNC_NOT_FOUND first4=4E4DC522
SYNC_NOT_FOUND first4=AF561DE4
SYNC_NOT_FOUND first4=22D12C48
SYNC_NOT_FOUND first4=0E211C3A
SYNC_NOT_FOUND first4=E8C47640
SYNC_NOT_FOUND first4=E5C2729C
SYNC_NOT_FOUND first4=2063C9B5
SYNC_NOT_FOUND first4=63C53326
SYNC_NOT_FOUND first4=5E83DF6F
SYNC_NOT_FOUND first4=934286C7
SYNC_NOT_FOUND first4=2E96CBB5
SYNC_NOT_FOUND first4=CCDCA16F
2026-07-26T14:41:03.468811+00:00 SYNC_NOT_FOUND first4=5902EC1B
SYNC_NOT_FOUND first4=DA9F37D8
SYNC_NOT_FOUND first4=A1904572
SYNC_NOT_FOUND first4=A4E1A550
SYNC_NOT_FOUND first4=FF148ECD
SYNC_NOT_FOUND first4=6580409D
SYNC_NOT_FOUND first4=22F53EB3
SYNC_NOT_FOUND first4=3586EC50
SYNC_NOT_FOUND first4=814B9A27
SYNC_NOT_FOUND first4=650448AE
SYNC_NOT_FOUND first4=91528227
SYNC_NOT_FOUND first4=C721E66A
SYNC_NOT_FOUND first4=317ABA31
SYNC_NOT_FOUND first4=355580EB
SYNC_NOT_FOUND first4=FBFBCB90
SYNC_NOT_FOUND first4=EF59DDB6
SYNC_NOT_FOUND first4=E39F9768
SYNC_NOT_FOUND first4=9E6C26AD
SYNC_NOT_FOUND first4=2632A9D5
SYNC_NOT_FOUND first4=100558BD
SYNC_NOT_FOUND first4=70174CE9
SYNC_NOT_FOUND first4=C3BCC5A7
SYNC_NOT_FOUND first4=03F297F0
SYNC_NOT_FOUND first4=F8040675
SYNC_NOT_FOUND first4=634BBF9D
SYNC_NOT_FOUND first4=3470F444
SYNC_NOT_FOUND first4=2015916C
SYNC_NOT_FOUND first4=B4878224
SYNC_NOT_FOUND first4=A9843D0F
SYNC_NOT_FOUND first4=92D52021
SYNC_NOT_FOUND first4=EAF0B12D
SYNC_NOT_FOUND first4=7908C2B2
SYNC_NOT_FOUND first4=3FA689B1
SYNC_NOT_FOUND first4=D42EB247
2026-07-26T14:41:04.479830+00:00 PHASE_RESULT 22 HF-FLRC-650-128 pktSize=128 rx=0 unique=0 lost=100 per=100.0 rssi_avg=0 rssi_min=0 crc_err=0 garbage=47 tx_lat=0.00000 tx_lon=0.00000 sats=0 fix=0 utc=0 tx_fw=none rx_fw=unknown
PHASE_GUARD 500
PHASE_START 23 HF-FLRC-650-255 pktSize=255
SYNC_NOT_FOUND first4=4D5124BA
SYNC_NOT_FOUND first4=5298A9B0
SYNC_NOT_FOUND first4=268E39D6
SYNC_NOT_FOUND first4=8F587399
SYNC_NOT_FOUND first4=0D6FA30D
SYNC_NOT_FOUND first4=42D3F18E
SYNC_NOT_FOUND first4=16423545
SYNC_NOT_FOUND first4=94135624
2026-07-26T14:41:05.494110+00:00 TIME_SYNCED utc=1785076864 offset=1785062473
SYNC_NOT_FOUND first4=934329CC
SYNC_NOT_FOUND first4=799A1914
SYNC_NOT_FOUND first4=C6C779C0
SYNC_NOT_FOUND first4=B9ED86D3
SYNC_NOT_FOUND first4=9D2D9AC0
SYNC_NOT_FOUND first4=00E13AE1
SYNC_NOT_FOUND first4=1AC2E78E
SYNC_NOT_FOUND first4=3D2A41AB
SYNC_NOT_FOUND first4=69588EE4
SYNC_NOT_FOUND first4=6DDB4C73
SYNC_NOT_FOUND first4=7222A549
SYNC_NOT_FOUND first4=10DC9B21
SYNC_NOT_FOUND first4=A5275EAA
SYNC_NOT_FOUND first4=9CCF1583
SYNC_NOT_FOUND first4=71710848
SYNC_NOT_FOUND first4=A3A34F9B
SYNC_NOT_FOUND first4=C2747377
SYNC_NOT_FOUND first4=C0FA052C
SYNC_NOT_FOUND first4=20F87F8E
SYNC_NOT_FOUND first4=1FF7FAAC
2026-07-26T14:41:06.505221+00:00 SYNC_NOT_FOUND first4=953F383C
TIME_SYNCED utc=1785076865 offset=1785062473
SYNC_NOT_FOUND first4=CB3B9173
PHASE_RESULT 23 HF-FLRC-650-255 pktSize=255 rx=0 unique=0 lost=100 per=100.0 rssi_avg=0 rssi_min=0 crc_err=0 garbage=30 tx_lat=0.00000 tx_lon=0.00000 sats=0 fix=0 utc=0 tx_fw=none rx_fw=unknown
PHASE_GUARD 500
PHASE_START 24 HF-FLRC-325-32 pktSize=32
SYNC_NOT_FOUND first4=761B9855
SYNC_NOT_FOUND first4=03C2CEBC
2026-07-26T14:41:07.516288+00:00 SYNC_NOT_FOUND first4=9DD7EA44
SYNC_NOT_FOUND first4=96A1D115
2026-07-26T14:41:08.530856+00:00 PHASE_RESULT 24 HF-FLRC-325-32 pktSize=32 rx=0 unique=0 lost=100 per=100.0 rssi_avg=0 rssi_min=0 crc_err=0 garbage=4 tx_lat=0.00000 tx_lon=0.00000 sats=0 fix=0 utc=0 tx_fw=none rx_fw=unknown
PHASE_GUARD 500
PHASE_START 25 HF-FLRC-325-64 pktSize=64
SYNC_NOT_FOUND first4=526F2CDF
SYNC_NOT_FOUND first4=E4A6D846
SYNC_NOT_FOUND first4=FDCB59BD
2026-07-26T14:41:09.541862+00:00 SYNC_NOT_FOUND first4=8680CE9F
PHASE_RESULT 25 HF-FLRC-325-64 pktSize=64 rx=0 unique=0 lost=100 per=100.0 rssi_avg=0 rssi_min=0 crc_err=0 garbage=4 tx_lat=0.00000 tx_lon=0.00000 sats=0 fix=0 utc=0 tx_fw=none rx_fw=unknown
PHASE_GUARD 500
2026-07-26T14:41:10.556630+00:00 PHASE_START 26 HF-FLRC-325-128 pktSize=128
SYNC_NOT_FOUND first4=DACEF300
SYNC_NOT_FOUND first4=7A0E27A5
2026-07-26T14:41:11.570299+00:00 SYNC_NOT_FOUND first4=34EDDF96
SYNC_NOT_FOUND first4=C605EE99
PHASE_RESULT 26 HF-FLRC-325-128 pktSize=128 rx=0 unique=0 lost=100 per=100.0 rssi_avg=0 rssi_min=0 crc_err=0 garbage=4 tx_lat=0.00000 tx_lon=0.00000 sats=0 fix=0 utc=0 tx_fw=none rx_fw=unknown
PHASE_GUARD 500
2026-07-26T14:41:12.582287+00:00 PHASE_START 27 HF-FLRC-325-255 pktSize=255
SYNC_NOT_FOUND first4=CB5871EC
2026-07-26T14:41:13.592489+00:00 SYNC_NOT_FOUND first4=2B89E324
SYNC_NOT_FOUND first4=B0E5F242
SYNC_NOT_FOUND first4=02E15AD2
SYNC_NOT_FOUND first4=9B1A82DE
SYNC_NOT_FOUND first4=5E79A91A
PHASE_RESULT 27 HF-FLRC-325-255 pktSize=255 rx=0 unique=0 lost=100 per=100.0 rssi_avg=0 rssi_min=0 crc_err=0 garbage=6 tx_lat=0.00000 tx_lon=0.00000 sats=0 fix=0 utc=0 tx_fw=none rx_fw=unknown
PHASE_GUARD 500
2026-07-26T14:41:14.606676+00:00 LORA_CFG path=0 bw=0x05 sf=7
PHASE_START 28 LF-LoRa-SF7-32 pktSize=32
TIME_SYNCED utc=1785076874 offset=1785062473
2026-07-26T14:41:15.618561+00:00 PHASE_RESULT 28 LF-LoRa-SF7-32 pktSize=32 rx=0 unique=0 lost=20 per=100.0 rssi_avg=0 rssi_min=0 crc_err=0 garbage=0 tx_lat=0.00000 tx_lon=0.00000 sats=0 fix=0 utc=0 tx_fw=none rx_fw=unknown
PHASE_GUARD 500
LORA_CFG path=0 bw=0x05 sf=7
2026-07-26T14:41:16.629564+00:00 PHASE_START 29 LF-LoRa-SF7-64 pktSize=64
TIME_SYNCED utc=1785076875 offset=1785062472
PHASE_RESULT 29 LF-LoRa-SF7-64 pktSize=64 rx=0 unique=0 lost=20 per=100.0 rssi_avg=0 rssi_min=0 crc_err=0 garbage=0 tx_lat=0.00000 tx_lon=0.00000 sats=0 fix=0 utc=0 tx_fw=none rx_fw=unknown
PHASE_GUARD 500
LORA_CFG path=0 bw=0x05 sf=7
PHASE_START 28 LF-LoRa-SF7-32 pktSize=32
PHASE_RESULT 28 LF-LoRa-SF7-32 pktSize=32 rx=0 unique=0 lost=20 per=100.0 rssi_avg=0 rssi_min=0 crc_err=0 garbage=0 tx_lat=0.00000 tx_lon=0.00000 sats=0 fix=0 utc=0 tx_fw=none rx_fw=unknown
PHASE_GUARD 500
LORA_CFG path=0 bw=0x05 sf=7
2026-07-26T14:41:17.646227+00:00 PHASE_START 29 LF-LoRa-SF7-64 pktSize=64
2026-07-26T14:41:19.711483+00:00 PHASE_RESULT 29 LF-LoRa-SF7-64 pktSize=64 rx=0 unique=0 lost=20 per=100.0 rssi_avg=0 rssi_min=0 crc_err=0 garbage=0 tx_lat=0.00000 tx_lon=0.00000 sats=0 fix=0 utc=0 tx_fw=none rx_fw=unknown
PHASE_GUARD 500
LORA_CFG path=0 bw=0x05 sf=7
PHASE_START 30 LF-LoRa-SF7-128 pktSize=128
2026-07-26T14:41:23.876612+00:00 PHASE_RESULT 30 LF-LoRa-SF7-128 pktSize=128 rx=0 unique=0 lost=13 per=100.0 rssi_avg=0 rssi_min=0 crc_err=0 garbage=0 tx_lat=0.00000 tx_lon=0.00000 sats=0 fix=0 utc=0 tx_fw=none rx_fw=unknown
PHASE_GUARD 500
LORA_CFG path=0 bw=0x05 sf=7
PHASE_START 31 LF-LoRa-SF7-255 pktSize=255
2026-07-26T14:41:24.880715+00:00 TIME_SYNCED utc=1785076884 offset=1785062472
2026-07-26T14:41:26.944209+00:00 TIME_SYNCED utc=1785076885 offset=1785062472
2026-07-26T14:41:27.957159+00:00 PHASE_RESULT 31 LF-LoRa-SF7-255 pktSize=255 rx=0 unique=0 lost=7 per=100.0 rssi_avg=0 rssi_min=0 crc_err=0 garbage=0 tx_lat=0.00000 tx_lon=0.00000 sats=0 fix=0 utc=0 tx_fw=none rx_fw=unknown
PHASE_GUARD 500
LORA_CFG path=0 bw=0x05 sf=9
PHASE_START 32 LF-LoRa-SF9-32 pktSize=32
2026-07-26T14:41:32.121351+00:00 PHASE_RESULT 32 LF-LoRa-SF9-32 pktSize=32 rx=0 unique=0 lost=7 per=100.0 rssi_avg=0 rssi_min=0 crc_err=0 garbage=0 tx_lat=0.00000 tx_lon=0.00000 sats=0 fix=0 utc=0 tx_fw=none rx_fw=unknown
PHASE_GUARD 500
LORA_CFG path=0 bw=0x05 sf=9
PHASE_START 33 LF-LoRa-SF9-64 pktSize=64
2026-07-26T14:41:35.238085+00:00 PHASE_RESULT 33 LF-LoRa-SF9-64 pktSize=64 rx=0 unique=0 lost=3 per=100.0 rssi_avg=0 rssi_min=0 crc_err=0 garbage=0 tx_lat=0.00000 tx_lon=0.00000 sats=0 fix=0 utc=0 tx_fw=none rx_fw=unknown
PHASE_GUARD 500
LORA_CFG path=0 bw=0x05 sf=9
PHASE_START 34 LF-LoRa-SF9-128 pktSize=128
TIME_SYNCED utc=1785076894 offset=1785062472
2026-07-26T14:41:37.303835+00:00 TIME_SYNCED utc=1785076896 offset=1785062473
PHASE_RESULT 34 LF-LoRa-SF9-128 pktSize=128 rx=0 unique=0 lost=1 per=100.0 rssi_avg=0 rssi_min=0 crc_err=0 garbage=0 tx_lat=0.00000 tx_lon=0.00000 sats=0 fix=0 utc=0 tx_fw=none rx_fw=unknown
PHASE_GUARD 500
LORA_CFG path=0 bw=0x05 sf=9
PHASE_START 35 LF-LoRa-SF9-255 pktSize=255
2026-07-26T14:41:40.417583+00:00 PHASE_RESULT 35 LF-LoRa-SF9-255 pktSize=255 rx=0 unique=0 lost=1 per=100.0 rssi_avg=0 rssi_min=0 crc_err=0 garbage=0 tx_lat=0.00000 tx_lon=0.00000 sats=0 fix=0 utc=0 tx_fw=none rx_fw=unknown
PHASE_GUARD 500
LORA_CFG path=0 bw=0x05 sf=12
PHASE_START 36 LF-LoRa-SF12-32 pktSize=32
2026-07-26T14:41:44.585419+00:00 TIME_SYNCED utc=1785076904 offset=1785062472
2026-07-26T14:41:47.702238+00:00 TIME_SYNCED utc=1785076906 offset=1785062472
2026-07-26T14:41:55.023775+00:00 TIME_SYNCED utc=1785076914 offset=1785062472
2026-07-26T14:41:56.034867+00:00 PHASE_RESULT 36 LF-LoRa-SF12-32 pktSize=32 rx=0 unique=0 lost=1 per=100.0 rssi_avg=0 rssi_min=0 crc_err=0 garbage=0 tx_lat=0.00000 tx_lon=0.00000 sats=0 fix=0 utc=0 tx_fw=none rx_fw=unknown
PHASE_GUARD 500
LORA_CFG path=0 bw=0x05 sf=12
PHASE_START 37 LF-LoRa-SF12-SKIP SKIP pktSize=64
2026-07-26T14:41:57.050319+00:00 PHASE_RESULT 37 LF-LoRa-SF12-SKIP pktSize=64 rx=0 unique=0 lost=0 per=0.0 rssi_avg=0 rssi_min=0 crc_err=0 garbage=0 tx_lat=0.00000 tx_lon=0.00000 sats=0 fix=0 utc=0 tx_fw=none rx_fw=unknown
PHASE_GUARD 500
LORA_CFG path=0 bw=0x05 sf=12
PHASE_START 38 LF-LoRa-SF12-SKIP SKIP pktSize=128
2026-07-26T14:41:58.061357+00:00 TIME_SYNCED utc=1785076917 offset=1785062473
PHASE_RESULT 38 LF-LoRa-SF12-SKIP pktSize=128 rx=0 unique=0 lost=0 per=0.0 rssi_avg=0 rssi_min=0 crc_err=0 garbage=0 tx_lat=0.00000 tx_lon=0.00000 sats=0 fix=0 utc=0 tx_fw=none rx_fw=unknown
PHASE_GUARD 500
LORA_CFG path=0 bw=0x05 sf=12
PHASE_START 39 LF-LoRa-SF12-SKIP SKIP pktSize=255
PHASE_RESULT 39 LF-LoRa-SF12-SKIP pktSize=255 rx=0 unique=0 lost=0 per=0.0 rssi_avg=0 rssi_min=0 crc_err=0 garbage=0 tx_lat=0.00000 tx_lon=0.00000 sats=0 fix=0 utc=0 tx_fw=none rx_fw=unknown
PHASE_GUARD 500
PHASE_START 40 LF-FLRC-2600-32 pktSize=32
SYNC_NOT_FOUND first4=A1F9CAA3
2026-07-26T14:41:59.072210+00:00 SYNC_NOT_FOUND first4=243D1EB4
SYNC_NOT_FOUND first4=0EBDF878
SYNC_NOT_FOUND first4=94B04AA9
2026-07-26T14:42:00.083787+00:00 SYNC_NOT_FOUND first4=E871644C
PHASE_RESULT 40 LF-FLRC-2600-32 pktSize=32 rx=0 unique=0 lost=100 per=100.0 rssi_avg=0 rssi_min=0 crc_err=0 garbage=5 tx_lat=0.00000 tx_lon=0.00000 sats=0 fix=0 utc=0 tx_fw=none rx_fw=unknown
PHASE_GUARD 500
PHASE_START 41 LF-FLRC-2600-64 pktSize=64
2026-07-26T14:42:02.146730+00:00 PHASE_RESULT 41 LF-FLRC-2600-64 pktSize=64 rx=0 unique=0 lost=100 per=100.0 rssi_avg=0 rssi_min=0 crc_err=0 garbage=0 tx_lat=0.00000 tx_lon=0.00000 sats=0 fix=0 utc=0 tx_fw=none rx_fw=unknown
PHASE_GUARD 500
PHASE_START 42 LF-FLRC-2600-128 pktSize=128
2026-07-26T14:42:04.209870+00:00 PHASE_RESULT 42 LF-FLRC-2600-128 pktSize=128 rx=0 unique=0 lost=100 per=100.0 rssi_avg=0 rssi_min=0 crc_err=0 garbage=0 tx_lat=0.00000 tx_lon=0.00000 sats=0 fix=0 utc=0 tx_fw=none rx_fw=unknown
PHASE_GUARD 500
PHASE_START 43 LF-FLRC-2600-255 pktSize=255
2026-07-26T14:42:05.224122+00:00 TIME_SYNCED utc=1785076924 offset=1785062472
2026-07-26T14:42:07.286908+00:00 PHASE_RESULT 43 LF-FLRC-2600-255 pktSize=255 rx=0 unique=0 lost=100 per=100.0 rssi_avg=0 rssi_min=0 crc_err=0 garbage=0 tx_lat=0.00000 tx_lon=0.00000 sats=0 fix=0 utc=0 tx_fw=none rx_fw=unknown
PHASE_GUARD 500
PHASE_START 44 LF-FLRC-1300-32 pktSize=32
2026-07-26T14:42:08.299364+00:00 TIME_SYNCED utc=1785076927 offset=1785062473
PHASE_RESULT 44 LF-FLRC-1300-32 pktSize=32 rx=0 unique=0 lost=100 per=100.0 rssi_avg=0 rssi_min=0 crc_err=0 garbage=0 tx_lat=0.00000 tx_lon=0.00000 sats=0 fix=0 utc=0 tx_fw=none rx_fw=unknown
PHASE_GUARD 500
PHASE_START 45 LF-FLRC-1300-64 pktSize=64
2026-07-26T14:42:09.310961+00:00 SYNC_NOT_FOUND first4=D45D908A
2026-07-26T14:42:10.325584+00:00 PHASE_RESULT 45 LF-FLRC-1300-64 pktSize=64 rx=0 unique=0 lost=100 per=100.0 rssi_avg=0 rssi_min=0 crc_err=0 garbage=1 tx_lat=0.00000 tx_lon=0.00000 sats=0 fix=0 utc=0 tx_fw=none rx_fw=unknown
PHASE_GUARD 500
PHASE_START 46 LF-FLRC-1300-128 pktSize=128
2026-07-26T14:42:12.388416+00:00 PHASE_RESULT 46 LF-FLRC-1300-128 pktSize=128 rx=0 unique=0 lost=100 per=100.0 rssi_avg=0 rssi_min=0 crc_err=0 garbage=0 tx_lat=0.00000 tx_lon=0.00000 sats=0 fix=0 utc=0 tx_fw=none rx_fw=unknown
PHASE_GUARD 500
PHASE_START 47 LF-FLRC-1300-255 pktSize=255
SYNC_NOT_FOUND first4=AAF3D9CB
2026-07-26T14:42:13.402717+00:00 SYNC_NOT_FOUND first4=2F1A7817
2026-07-26T14:42:14.414500+00:00 PHASE_RESULT 47 LF-FLRC-1300-255 pktSize=255 rx=0 unique=0 lost=100 per=100.0 rssi_avg=0 rssi_min=0 crc_err=0 garbage=2 tx_lat=0.00000 tx_lon=0.00000 sats=0 fix=0 utc=0 tx_fw=none rx_fw=unknown
PHASE_GUARD 500
PHASE_START 48 LF-FLRC-650-32 pktSize=32
2026-07-26T14:42:15.432009+00:00 TIME_SYNCED utc=1785076934 offset=1785062472
SYNC_NOT_FOUND first4=9CB750B1
SYNC_NOT_FOUND first4=01F093BC
2026-07-26T14:42:16.445760+00:00 SYNC_NOT_FOUND first4=ED2E9132
2026-07-26T14:42:17.458257+00:00 PHASE_RESULT 48 LF-FLRC-650-32 pktSize=32 rx=0 unique=0 lost=100 per=100.0 rssi_avg=0 rssi_min=0 crc_err=0 garbage=3 tx_lat=0.00000 tx_lon=0.00000 sats=0 fix=0 utc=0 tx_fw=none rx_fw=unknown
PHASE_GUARD 500
PHASE_START 49 LF-FLRC-650-64 pktSize=64
2026-07-26T14:42:18.470773+00:00 TIME_SYNCED utc=1785076937 offset=1785062473
PHASE_RESULT 49 LF-FLRC-650-64 pktSize=64 rx=0 unique=0 lost=100 per=100.0 rssi_avg=0 rssi_min=0 crc_err=0 garbage=0 tx_lat=0.00000 tx_lon=0.00000 sats=0 fix=0 utc=0 tx_fw=none rx_fw=unknown
PHASE_GUARD 500
PHASE_START 50 LF-FLRC-650-128 pktSize=128
SYNC_NOT_FOUND first4=E3A8A48A
SYNC_NOT_FOUND first4=5C6D9A63
SYNC_NOT_FOUND first4=2C5A9752
SYNC_NOT_FOUND first4=83C4C9F7
SYNC_NOT_FOUND first4=0034AF48
2026-07-26T14:42:19.482024+00:00 SYNC_NOT_FOUND first4=1E150E79
SYNC_NOT_FOUND first4=28D1D38D
SYNC_NOT_FOUND first4=AD190E30
2026-07-26T14:42:20.486839+00:00 PHASE_RESULT 50 LF-FLRC-650-128 pktSize=128 rx=0 unique=0 lost=100 per=100.0 rssi_avg=0 rssi_min=0 crc_err=0 garbage=8 tx_lat=0.00000 tx_lon=0.00000 sats=0 fix=0 utc=0 tx_fw=none rx_fw=unknown
PHASE_GUARD 500
PHASE_START 51 LF-FLRC-650-255 pktSize=255
SYNC_NOT_FOUND first4=A0951BDB
2026-07-26T14:42:21.497946+00:00 SYNC_NOT_FOUND first4=CE72C5DA
SYNC_NOT_FOUND first4=07FC434D
2026-07-26T14:42:22.502361+00:00 PHASE_RESULT 51 LF-FLRC-650-255 pktSize=255 rx=0 unique=0 lost=100 per=100.0 rssi_avg=0 rssi_min=0 crc_err=0 garbage=3 tx_lat=0.00000 tx_lon=0.00000 sats=0 fix=0 utc=0 tx_fw=none rx_fw=unknown
PHASE_GUARD 500
PHASE_START 52 LF-FLRC-325-32 pktSize=32
2026-07-26T14:42:23.513308+00:00 PHASE_RESULT 52 LF-FLRC-325-32 pktSize=32 rx=0 unique=0 lost=100 per=100.0 rssi_avg=0 rssi_min=0 crc_err=0 garbage=0 tx_lat=0.00000 tx_lon=0.00000 sats=0 fix=0 utc=0 tx_fw=none rx_fw=unknown
2026-07-26T14:42:24.524984+00:00 PHASE_GUARD 500
PHASE_START 53 LF-FLRC-325-64 pktSize=64
2026-07-26T14:42:25.537358+00:00 TIME_SYNCED utc=1785076944 offset=1785062472
2026-07-26T14:42:26.548280+00:00 PHASE_RESULT 53 LF-FLRC-325-64 pktSize=64 rx=0 unique=0 lost=100 per=100.0 rssi_avg=0 rssi_min=0 crc_err=0 garbage=0 tx_lat=0.00000 tx_lon=0.00000 sats=0 fix=0 utc=0 tx_fw=none rx_fw=unknown
PHASE_GUARD 500
2026-07-26T14:42:27.560353+00:00 PHASE_START 54 LF-FLRC-325-128 pktSize=128
2026-07-26T14:42:28.571943+00:00 TIME_SYNCED utc=1785076947 offset=1785062472
PHASE_RESULT 54 LF-FLRC-325-128 pktSize=128 rx=0 unique=0 lost=100 per=100.0 rssi_avg=0 rssi_min=0 crc_err=0 garbage=0 tx_lat=0.00000 tx_lon=0.00000 sats=0 fix=0 utc=0 tx_fw=none rx_fw=unknown
PHASE_GUARD 500
2026-07-26T14:42:29.583197+00:00 PHASE_START 55 LF-FLRC-325-255 pktSize=255
2026-07-26T14:42:30.594178+00:00 PHASE_RESULT 55 LF-FLRC-325-255 pktSize=255 rx=0 unique=0 lost=100 per=100.0 rssi_avg=0 rssi_min=0 crc_err=0 garbage=0 tx_lat=0.00000 tx_lon=0.00000 sats=0 fix=0 utc=0 tx_fw=none rx_fw=unknown
PHASE_GUARD 500
LORA_CFG path=1 bw=0x0F sf=7
2026-07-26T14:42:31.605209+00:00 PHASE_START 0 HF-LoRa-SF7-32 pktSize=32
2026-07-26T14:42:32.616354+00:00 PHASE_RESULT 0 HF-LoRa-SF7-32 pktSize=32 rx=0 unique=0 lost=20 per=100.0 rssi_avg=0 rssi_min=0 crc_err=0 garbage=0 tx_lat=0.00000 tx_lon=0.00000 sats=0 fix=0 utc=0 tx_fw=none rx_fw=unknown
PHASE_GUARD 500
LORA_CFG path=1 bw=0x0F sf=7
2026-07-26T14:42:33.629282+00:00 PHASE_START 1 HF-LoRa-SF7-64 pktSize=64
2026-07-26T14:42:34.640311+00:00 PHASE_RESULT 1 HF-LoRa-SF7-64 pktSize=64 rx=0 unique=0 lost=20 per=100.0 rssi_avg=0 rssi_min=0 crc_err=0 garbage=0 tx_lat=0.00000 tx_lon=0.00000 sats=0 fix=0 utc=0 tx_fw=none rx_fw=unknown
PHASE_GUARD 500
LORA_CFG path=1 bw=0x0F sf=7
2026-07-26T14:42:35.651281+00:00 PHASE_START 2 HF-LoRa-SF7-128 pktSize=128
TIME_SYNCED utc=1785076954 offset=1785062472
2026-07-26T14:42:36.663202+00:00 PHASE_RESULT 2 HF-LoRa-SF7-128 pktSize=128 rx=0 unique=0 lost=20 per=100.0 rssi_avg=0 rssi_min=0 crc_err=0 garbage=0 tx_lat=0.00000 tx_lon=0.00000 sats=0 fix=0 utc=0 tx_fw=none rx_fw=unknown
PHASE_GUARD 500
LORA_CFG path=1 bw=0x0F sf=7
PHASE_START 3 HF-LoRa-SF7-255 pktSize=255
2026-07-26T14:42:38.726242+00:00 TIME_SYNCED utc=1785076957 offset=1785062472
2026-07-26T14:42:39.737289+00:00 PHASE_RESULT 3 HF-LoRa-SF7-255 pktSize=255 rx=0 unique=0 lost=20 per=100.0 rssi_avg=0 rssi_min=0 crc_err=0 garbage=0 tx_lat=0.00000 tx_lon=0.00000 sats=0 fix=0 utc=0 tx_fw=none rx_fw=unknown
PHASE_GUARD 500
LORA_CFG path=1 bw=0x0F sf=9
PHASE_START 4 HF-LoRa-SF9-32 pktSize=32
2026-07-26T14:42:41.799762+00:00 PHASE_RESULT 4 HF-LoRa-SF9-32 pktSize=32 rx=0 unique=0 lost=20 per=100.0 rssi_avg=0 rssi_min=0 crc_err=0 garbage=0 tx_lat=0.00000 tx_lon=0.00000 sats=0 fix=0 utc=0 tx_fw=none rx_fw=unknown
PHASE_GUARD 500
LORA_CFG path=1 bw=0x0F sf=9
PHASE_START 5 HF-LoRa-SF9-64 pktSize=64
2026-07-26T14:42:44.914186+00:00 PHASE_RESULT 5 HF-LoRa-SF9-64 pktSize=64 rx=0 unique=0 lost=20 per=100.0 rssi_avg=0 rssi_min=0 crc_err=0 garbage=0 tx_lat=0.00000 tx_lon=0.00000 sats=0 fix=0 utc=0 tx_fw=none rx_fw=unknown
PHASE_GUARD 500
LORA_CFG path=1 bw=0x0F sf=9
PHASE_START 6 HF-LoRa-SF9-128 pktSize=128
TIME_SYNCED utc=1785076964 offset=1785062472
2026-07-26T14:42:49.079352+00:00 TIME_SYNCED utc=1785076968 offset=1785062473
PHASE_RESULT 6 HF-LoRa-SF9-128 pktSize=128 rx=0 unique=0 lost=13 per=100.0 rssi_avg=0 rssi_min=0 crc_err=0 garbage=0 tx_lat=0.00000 tx_lon=0.00000 sats=0 fix=0 utc=0 tx_fw=none rx_fw=unknown
PHASE_GUARD 500
LORA_CFG path=1 bw=0x0F sf=9
PHASE_START 7 HF-LoRa-SF9-255 pktSize=255
2026-07-26T14:42:51.142053+00:00 PHASE_RESULT 7 HF-LoRa-SF9-255 pktSize=255 rx=0 unique=0 lost=6 per=100.0 rssi_avg=0 rssi_min=0 crc_err=0 garbage=0 tx_lat=0.00000 tx_lon=0.00000 sats=0 fix=0 utc=0 tx_fw=none rx_fw=unknown
PHASE_GUARD 500
LORA_CFG path=1 bw=0x0F sf=12
PHASE_START 8 HF-LoRa-SF12-32 pktSize=32
2026-07-26T14:42:54.257178+00:00 PHASE_RESULT 8 HF-LoRa-SF12-32 pktSize=32 rx=0 unique=0 lost=2 per=100.0 rssi_avg=0 rssi_min=0 crc_err=0 garbage=0 tx_lat=0.00000 tx_lon=0.00000 sats=0 fix=0 utc=0 tx_fw=none rx_fw=unknown
PHASE_GUARD 500
LORA_CFG path=1 bw=0x0F sf=12
PHASE_START 9 HF-LoRa-SF12-64 pktSize=64
2026-07-26T14:42:55.269230+00:00 TIME_SYNCED utc=1785076974 offset=1785062472
2026-07-26T14:42:58.383880+00:00 PHASE_RESULT 9 HF-LoRa-SF12-64 pktSize=64 rx=0 unique=0 lost=1 per=100.0 rssi_avg=0 rssi_min=0 crc_err=0 garbage=0 tx_lat=0.00000 tx_lon=0.00000 sats=0 fix=0 utc=0 tx_fw=none rx_fw=unknown
PHASE_GUARD 500
LORA_CFG path=1 bw=0x0F sf=12
PHASE_START 10 HF-LoRa-SF12-128 pktSize=128
2026-07-26T14:42:59.389722+00:00 TIME_SYNCED utc=1785076978 offset=1785062473
2026-07-26T14:43:02.503427+00:00 PHASE_RESULT 10 HF-LoRa-SF12-128 pktSize=128 rx=0 unique=0 lost=1 per=100.0 rssi_avg=0 rssi_min=0 crc_err=0 garbage=0 tx_lat=0.00000 tx_lon=0.00000 sats=0 fix=0 utc=0 tx_fw=none rx_fw=unknown
PHASE_GUARD 500
LORA_CFG path=1 bw=0x0F sf=12
PHASE_START 11 HF-LoRa-SF12-255 pktSize=255
2026-07-26T14:43:05.618354+00:00 TIME_SYNCED utc=1785076984 offset=1785062472
2026-07-26T14:43:09.783896+00:00 TIME_SYNCED utc=1785076988 offset=1785062472
2026-07-26T14:43:12.898459+00:00 PHASE_RESULT 11 HF-LoRa-SF12-255 pktSize=255 rx=0 unique=0 lost=1 per=100.0 rssi_avg=0 rssi_min=0 crc_err=0 garbage=0 tx_lat=0.00000 tx_lon=0.00000 sats=0 fix=0 utc=0 tx_fw=none rx_fw=unknown
PHASE_GUARD 500
PHASE_START 12 HF-FLRC-2600-32 pktSize=32
SYNC_NOT_FOUND first4=8ADC3D97
SYNC_NOT_FOUND first4=BD30FDB0
2026-07-26T14:43:13.910902+00:00 SYNC_NOT_FOUND first4=F160D03D
SYNC_NOT_FOUND first4=37297A53
SYNC_NOT_FOUND first4=84CA5F92
2026-07-26T14:43:14.922243+00:00 SYNC_NOT_FOUND first4=B8F902DB
SYNC_NOT_FOUND first4=1D517E4B
SYNC_NOT_FOUND first4=36005EC0
PHASE_RESULT 12 HF-FLRC-2600-32 pktSize=32 rx=0 unique=0 lost=100 per=100.0 rssi_avg=0 rssi_min=0 crc_err=0 garbage=8 tx_lat=0.00000 tx_lon=0.00000 sats=0 fix=0 utc=0 tx_fw=none rx_fw=unknown
PHASE_GUARD 500
PHASE_START 13 HF-FLRC-2600-64 pktSize=64
TIME_SYNCED utc=1785076994 offset=1785062472
SYNC_NOT_FOUND first4=6C26E431
2026-07-26T14:43:15.933286+00:00 SYNC_NOT_FOUND first4=714DB202
SYNC_NOT_FOUND first4=51FF065B
2026-07-26T14:43:16.944942+00:00 SYNC_NOT_FOUND first4=4A1FF724
SYNC_NOT_FOUND first4=8C4DC139
SYNC_NOT_FOUND first4=FC8F7476
SYNC_NOT_FOUND first4=6951A29A
PHASE_RESULT 13 HF-FLRC-2600-64 pktSize=64 rx=0 unique=0 lost=100 per=100.0 rssi_avg=0 rssi_min=0 crc_err=0 garbage=7 tx_lat=0.00000 tx_lon=0.00000 sats=0 fix=0 utc=0 tx_fw=none rx_fw=unknown
PHASE_GUARD 500
PHASE_START 14 HF-FLRC-2600-128 pktSize=128
SYNC_NOT_FOUND first4=7842AA46
2026-07-26T14:43:17.956507+00:00 SYNC_NOT_FOUND first4=09F64251
SYNC_NOT_FOUND first4=137A1DD3
SYNC_NOT_FOUND first4=73C62CA4
2026-07-26T14:43:18.968507+00:00 SYNC_NOT_FOUND first4=E31AB150
SYNC_NOT_FOUND first4=42B9A2E6
SYNC_NOT_FOUND first4=F5259B45
SYNC_NOT_FOUND first4=BF1F07AC
SYNC_NOT_FOUND first4=C57BAC8B
PHASE_RESULT 14 HF-FLRC-2600-128 pktSize=128 rx=0 unique=0 lost=100 per=100.0 rssi_avg=0 rssi_min=0 crc_err=0 garbage=9 tx_lat=0.00000 tx_lon=0.00000 sats=0 fix=0 utc=0 tx_fw=none rx_fw=unknown
PHASE_GUARD 500
PHASE_START 15 HF-FLRC-2600-255 pktSize=255
2026-07-26T14:43:19.979244+00:00 TIME_SYNCED utc=1785076998 offset=1785062472
SYNC_NOT_FOUND first4=69C1DB9B
SYNC_NOT_FOUND first4=7E79358F
SYNC_NOT_FOUND first4=C84E70C6
SYNC_NOT_FOUND first4=DC297984
2026-07-26T14:43:20.989925+00:00 SYNC_NOT_FOUND first4=ED817739
SYNC_NOT_FOUND first4=829D7C2C
PHASE_RESULT 15 HF-FLRC-2600-255 pktSize=255 rx=0 unique=0 lost=100 per=100.0 rssi_avg=0 rssi_min=0 crc_err=0 garbage=6 tx_lat=0.00000 tx_lon=0.00000 sats=0 fix=0 utc=0 tx_fw=none rx_fw=unknown
PHASE_GUARD 500
PHASE_START 16 HF-FLRC-1300-32 pktSize=32
SYNC_NOT_FOUND first4=56976A4A
2026-07-26T14:43:22.004587+00:00 SYNC_NOT_FOUND first4=1DE31B7D
SYNC_NOT_FOUND first4=F51D9905
2026-07-26T14:43:23.015726+00:00 PHASE_RESULT 16 HF-FLRC-1300-32 pktSize=32 rx=0 unique=0 lost=100 per=100.0 rssi_avg=0 rssi_min=0 crc_err=0 garbage=3 tx_lat=0.00000 tx_lon=0.00000 sats=0 fix=0 utc=0 tx_fw=none rx_fw=unknown
PHASE_GUARD 500
PHASE_START 17 HF-FLRC-1300-64 pktSize=64
SYNC_NOT_FOUND first4=3438AA1B
SYNC_NOT_FOUND first4=B4232B25
2026-07-26T14:43:24.027783+00:00 SYNC_NOT_FOUND first4=7AFCF72F
SYNC_NOT_FOUND first4=37B9CCA5
2026-07-26T14:43:25.032115+00:00 SYNC_NOT_FOUND first4=6E924199
PHASE_RESULT 17 HF-FLRC-1300-64 pktSize=64 rx=0 unique=0 lost=100 per=100.0 rssi_avg=0 rssi_min=0 crc_err=0 garbage=5 tx_lat=0.00000 tx_lon=0.00000 sats=0 fix=0 utc=0 tx_fw=none rx_fw=unknown
PHASE_GUARD 500
PHASE_START 18 HF-FLRC-1300-128 pktSize=128
TIME_SYNCED utc=1785077004 offset=1785062472
2026-07-26T14:43:26.035565+00:00 SYNC_NOT_FOUND first4=1BB08825
SYNC_NOT_FOUND first4=25645610
SYNC_NOT_FOUND first4=934B83C7
2026-07-26T14:43:27.047051+00:00 PHASE_RESULT 18 HF-FLRC-1300-128 pktSize=128 rx=0 unique=0 lost=100 per=100.0 rssi_avg=0 rssi_min=0 crc_err=0 garbage=3 tx_lat=0.00000 tx_lon=0.00000 sats=0 fix=0 utc=0 tx_fw=none rx_fw=unknown
PHASE_GUARD 500
PHASE_START 19 HF-FLRC-1300-255 pktSize=255
SYNC_NOT_FOUND first4=97E5B078
SYNC_NOT_FOUND first4=01DAAD55
2026-07-26T14:43:28.058269+00:00 SYNC_NOT_FOUND first4=66D7C416
SYNC_NOT_FOUND first4=BB2E8055
SYNC_NOT_FOUND first4=D8A4C441
SYNC_NOT_FOUND first4=59157449
2026-07-26T14:43:29.074755+00:00 SYNC_NOT_FOUND first4=E743290C
SYNC_NOT_FOUND first4=B1D3268E
SYNC_NOT_FOUND first4=7B4D7A63
PHASE_RESULT 19 HF-FLRC-1300-255 pktSize=255 rx=0 unique=0 lost=100 per=100.0 rssi_avg=0 rssi_min=0 crc_err=0 garbage=9 tx_lat=0.00000 tx_lon=0.00000 sats=0 fix=0 utc=0 tx_fw=none rx_fw=unknown
PHASE_GUARD 500
PHASE_START 20 HF-FLRC-650-32 pktSize=32
SYNC_NOT_FOUND first4=19D75440
SYNC_NOT_FOUND first4=1155D86A
SYNC_NOT_FOUND first4=052BE455
SYNC_NOT_FOUND first4=7C0B4697
SYNC_NOT_FOUND first4=65A6F597
2026-07-26T14:43:30.086081+00:00 TIME_SYNCED utc=1785077009 offset=1785062473
SYNC_NOT_FOUND first4=0C5EB3C6
SYNC_NOT_FOUND first4=FE1D0F04
SYNC_NOT_FOUND first4=A9E40B8D
SYNC_NOT_FOUND first4=7187D953
SYNC_NOT_FOUND first4=B9EC1B64
SYNC_NOT_FOUND first4=6EDF56D4
SYNC_NOT_FOUND first4=8C26A8BD
SYNC_NOT_FOUND first4=814A5C1D
PHASE_RESULT 20 HF-FLRC-650-32 pktSize=32 rx=0 unique=0 lost=100 per=100.0 rssi_avg=0 rssi_min=0 crc_err=0 garbage=13 tx_lat=0.00000 tx_lon=0.00000 sats=0 fix=0 utc=0 tx_fw=none rx_fw=unknown
PHASE_GUARD 500
PHASE_START 21 HF-FLRC-650-64 pktSize=64
SYNC_NOT_FOUND first4=FCDC1057
SYNC_NOT_FOUND first4=9536A1E0
SYNC_NOT_FOUND first4=BAC9C177
SYNC_NOT_FOUND first4=8AAAD88C
SYNC_NOT_FOUND first4=1BE0EDD7
SYNC_NOT_FOUND first4=7A7F1572
SYNC_NOT_FOUND first4=83BA8E86
2026-07-26T14:43:31.101360+00:00 SYNC_NOT_FOUND first4=7CC20F20
SYNC_NOT_FOUND first4=0781D557
SYNC_NOT_FOUND first4=BF107634
SYNC_NOT_FOUND first4=BE75B57F
SYNC_NOT_FOUND first4=2BBB1C2D
SYNC_NOT_FOUND first4=25D18AE2
SYNC_NOT_FOUND first4=47B82DAD
SYNC_NOT_FOUND first4=D8C0B5B4
SYNC_NOT_FOUND first4=9D7ABBC4
SYNC_NOT_FOUND first4=5573ECC1
SYNC_NOT_FOUND first4=461B14EC
SYNC_NOT_FOUND first4=0610A120
SYNC_NOT_FOUND first4=4ECCA32B
SYNC_NOT_FOUND first4=8F537CBE
SYNC_NOT_FOUND first4=FC7208B8
2026-07-26T14:43:32.111977+00:00 SYNC_NOT_FOUND first4=B8F641B8
SYNC_NOT_FOUND first4=76DECB9A
SYNC_NOT_FOUND first4=1686F11A
SYNC_NOT_FOUND first4=50F58023
SYNC_NOT_FOUND first4=321FDC17
SYNC_NOT_FOUND first4=7036599C
PHASE_RESULT 21 HF-FLRC-650-64 pktSize=64 rx=0 unique=0 lost=100 per=100.0 rssi_avg=0 rssi_min=0 crc_err=0 garbage=28 tx_lat=0.00000 tx_lon=0.00000 sats=0 fix=0 utc=0 tx_fw=none rx_fw=unknown
PHASE_GUARD 500
PHASE_START 22 HF-FLRC-650-128 pktSize=128
SYNC_NOT_FOUND first4=C311B342
SYNC_NOT_FOUND first4=7E0ACC53
SYNC_NOT_FOUND first4=29074C38
SYNC_NOT_FOUND first4=4E4F6488
SYNC_NOT_FOUND first4=55B12ADB
SYNC_NOT_FOUND first4=C378A9EE
SYNC_NOT_FOUND first4=F750E7AA
SYNC_NOT_FOUND first4=0198957C
SYNC_NOT_FOUND first4=88288EB8
SYNC_NOT_FOUND first4=0A84E54C
SYNC_NOT_FOUND first4=46DF6489
2026-07-26T14:43:33.129304+00:00 SYNC_NOT_FOUND first4=B7B44FE7
SYNC_NOT_FOUND first4=0552B57C
SYNC_NOT_FOUND first4=CD99F318
SYNC_NOT_FOUND first4=9D8D9FD2
SYNC_NOT_FOUND first4=08C55C72
SYNC_NOT_FOUND first4=3B1AC4CA
SYNC_NOT_FOUND first4=4E08761C
SYNC_NOT_FOUND first4=1F732FAD
SYNC_NOT_FOUND first4=204D805F
SYNC_NOT_FOUND first4=0D4F5791
SYNC_NOT_FOUND first4=D62692E5
SYNC_NOT_FOUND first4=4D871F7B
SYNC_NOT_FOUND first4=4DA99FC8
SYNC_NOT_FOUND first4=E8FAE869
2026-07-26T14:43:34.148248+00:00 SYNC_NOT_FOUND first4=574877D6
SYNC_NOT_FOUND first4=8675685D
SYNC_NOT_FOUND first4=30073420
SYNC_NOT_FOUND first4=BF3446C0
SYNC_NOT_FOUND first4=51CEC1A5
SYNC_NOT_FOUND first4=778D5020
SYNC_NOT_FOUND first4=C09DD8A8
SYNC_NOT_FOUND first4=320B600A
PHASE_RESULT 22 HF-FLRC-650-128 pktSize=128 rx=0 unique=0 lost=100 per=100.0 rssi_avg=0 rssi_min=0 crc_err=0 garbage=33 tx_lat=0.00000 tx_lon=0.00000 sats=0 fix=0 utc=0 tx_fw=none rx_fw=unknown
PHASE_GUARD 500
PHASE_START 23 HF-FLRC-650-255 pktSize=255
SYNC_NOT_FOUND first4=0F19EB49
SYNC_NOT_FOUND first4=661FC7F4
SYNC_NOT_FOUND first4=5250318E
SYNC_NOT_FOUND first4=575C3E09
SYNC_NOT_FOUND first4=54FD1E68
SYNC_NOT_FOUND first4=AE6B2112
SYNC_NOT_FOUND first4=C6186780
SYNC_NOT_FOUND first4=56B2AC26
SYNC_NOT_FOUND first4=CFFEC9F4
2026-07-26T14:43:35.159033+00:00 SYNC_NOT_FOUND first4=569DC031
SYNC_NOT_FOUND first4=574904A4
SYNC_NOT_FOUND first4=A7B3BD52
SYNC_NOT_FOUND first4=E8E12546
SYNC_NOT_FOUND first4=2A681988
SYNC_NOT_FOUND first4=53E93DF4
SYNC_NOT_FOUND first4=00636997
SYNC_NOT_FOUND first4=BFA51404
SYNC_NOT_FOUND first4=6A04DDDC
SYNC_NOT_FOUND first4=36370B4B
SYNC_NOT_FOUND first4=3CF16DA9
SYNC_NOT_FOUND first4=F78050A9
SYNC_NOT_FOUND first4=98E51562
SYNC_NOT_FOUND first4=D55E2CB3
TIME_SYNCED utc=1785077014 offset=1785062472
SYNC_NOT_FOUND first4=6FD9739C
SYNC_NOT_FOUND first4=ED1EE58F
SYNC_NOT_FOUND first4=07678C45
SYNC_NOT_FOUND first4=CEA121D4
2026-07-26T14:43:36.170218+00:00 SYNC_NOT_FOUND first4=1F2295DF
SYNC_NOT_FOUND first4=4FD7003A
SYNC_NOT_FOUND first4=DF216CCD
SYNC_NOT_FOUND first4=FF7EAA96
SYNC_NOT_FOUND first4=D3B7E975
SYNC_NOT_FOUND first4=0C6AE7C1
SYNC_NOT_FOUND first4=C3E446A8
SYNC_NOT_FOUND first4=16AE0A08
SYNC_NOT_FOUND first4=DAE9DD91
SYNC_NOT_FOUND first4=C6B4B417
SYNC_NOT_FOUND first4=06E4BB14
SYNC_NOT_FOUND first4=89C124E6
SYNC_NOT_FOUND first4=1787AB43
SYNC_NOT_FOUND first4=6724A6BC
SYNC_NOT_FOUND first4=18F77203
SYNC_NOT_FOUND first4=7F3EEA02
SYNC_NOT_FOUND first4=7612951D
SYNC_NOT_FOUND first4=F70D5262
SYNC_NOT_FOUND first4=6A7252AD
SYNC_NOT_FOUND first4=D54A8DDC
SYNC_NOT_FOUND first4=2275A9A3
SYNC_NOT_FOUND first4=1375DC46
SYNC_NOT_FOUND first4=5E6DC424
SYNC_NOT_FOUND first4=1F49F1C1
SYNC_NOT_FOUND first4=3F0D6863
2026-07-26T14:43:37.181840+00:00 SYNC_NOT_FOUND first4=EA7C0AF8
SYNC_NOT_FOUND first4=9BA84C0F
SYNC_NOT_FOUND first4=5AAD000F
SYNC_NOT_FOUND first4=B03A8A0B
SYNC_NOT_FOUND first4=B61934E0
PHASE_RESULT 23 HF-FLRC-650-255 pktSize=255 rx=0 unique=0 lost=100 per=100.0 rssi_avg=0 rssi_min=0 crc_err=0 garbage=57 tx_lat=0.00000 tx_lon=0.00000 sats=0 fix=0 utc=0 tx_fw=none rx_fw=unknown
PHASE_GUARD 500
PHASE_START 24 HF-FLRC-325-32 pktSize=32
SYNC_NOT_FOUND first4=267668A7
2026-07-26T14:43:38.199704+00:00 SYNC_NOT_FOUND first4=D5BD59FD
SYNC_NOT_FOUND first4=184E20BF
SYNC_NOT_FOUND first4=C240CBA3
2026-07-26T14:43:39.215758+00:00 PHASE_RESULT 24 HF-FLRC-325-32 pktSize=32 rx=0 unique=0 lost=100 per=100.0 rssi_avg=0 rssi_min=0 crc_err=0 garbage=4 tx_lat=0.00000 tx_lon=0.00000 sats=0 fix=0 utc=0 tx_fw=none rx_fw=unknown
PHASE_GUARD 500
PHASE_START 25 HF-FLRC-325-64 pktSize=64
SYNC_NOT_FOUND first4=E0047B05
SYNC_NOT_FOUND first4=F180B43A
SYNC_NOT_FOUND first4=9236B214
SYNC_NOT_FOUND first4=81B91BB5
2026-07-26T14:43:40.227209+00:00 TIME_SYNCED utc=1785077019 offset=1785062473
PHASE_RESULT 25 HF-FLRC-325-64 pktSize=64 rx=0 unique=0 lost=100 per=100.0 rssi_avg=0 rssi_min=0 crc_err=0 garbage=4 tx_lat=0.00000 tx_lon=0.00000 sats=0 fix=0 utc=0 tx_fw=none rx_fw=unknown
PHASE_GUARD 500
PHASE_START 26 HF-FLRC-325-128 pktSize=128
SYNC_NOT_FOUND first4=A403EF8F
SYNC_NOT_FOUND first4=81E9C5E4
SYNC_NOT_FOUND first4=252D5741
2026-07-26T14:43:42.292330+00:00 PHASE_RESULT 26 HF-FLRC-325-128 pktSize=128 rx=0 unique=0 lost=100 per=100.0 rssi_avg=0 rssi_min=0 crc_err=0 garbage=3 tx_lat=0.00000 tx_lon=0.00000 sats=0 fix=0 utc=0 tx_fw=none rx_fw=unknown
PHASE_GUARD 500
PHASE_START 27 HF-FLRC-325-255 pktSize=255
2026-07-26T14:43:43.305911+00:00 SYNC_NOT_FOUND first4=E013375C
SYNC_NOT_FOUND first4=C93FDCF7
SYNC_NOT_FOUND first4=F2AFB6FA
SYNC_NOT_FOUND first4=AE2B826D
SYNC_NOT_FOUND first4=5937DFD1
SYNC_NOT_FOUND first4=44E9296F
2026-07-26T14:43:44.322629+00:00 SYNC_NOT_FOUND first4=EB21CCB2
PHASE_RESULT 27 HF-FLRC-325-255 pktSize=255 rx=0 unique=0 lost=100 per=100.0 rssi_avg=0 rssi_min=0 crc_err=0 garbage=7 tx_lat=0.00000 tx_lon=0.00000 sats=0 fix=0 utc=0 tx_fw=none rx_fw=unknown
PHASE_GUARD 500
LORA_CFG path=0 bw=0x05 sf=7
PHASE_START 28 LF-LoRa-SF7-32 pktSize=32
2026-07-26T14:43:45.340630+00:00 TIME_SYNCED utc=1785077024 offset=1785062472
2026-07-26T14:43:47.403357+00:00 PHASE_RESULT 28 LF-LoRa-SF7-32 pktSize=32 rx=0 unique=0 lost=20 per=100.0 rssi_avg=0 rssi_min=0 crc_err=0 garbage=0 tx_lat=0.00000 tx_lon=0.00000 sats=0 fix=0 utc=0 tx_fw=none rx_fw=unknown
PHASE_GUARD 500
LORA_CFG path=0 bw=0x05 sf=7
PHASE_START 29 LF-LoRa-SF7-64 pktSize=64
2026-07-26T14:43:50.522008+00:00 PHASE_RESULT 29 LF-LoRa-SF7-64 pktSize=64 rx=0 unique=0 lost=20 per=100.0 rssi_avg=0 rssi_min=0 crc_err=0 garbage=0 tx_lat=0.00000 tx_lon=0.00000 sats=0 fix=0 utc=0 tx_fw=none rx_fw=unknown
PHASE_GUARD 500
LORA_CFG path=0 bw=0x05 sf=7
PHASE_START 30 LF-LoRa-SF7-128 pktSize=128
TIME_SYNCED utc=1785077029 offset=1785062472
2026-07-26T14:43:53.642602+00:00 PHASE_RESULT 30 LF-LoRa-SF7-128 pktSize=128 rx=0 unique=0 lost=13 per=100.0 rssi_avg=0 rssi_min=0 crc_err=0 garbage=0 tx_lat=0.00000 tx_lon=0.00000 sats=0 fix=0 utc=0 tx_fw=none rx_fw=unknown
PHASE_GUARD 500
LORA_CFG path=0 bw=0x05 sf=7
PHASE_START 31 LF-LoRa-SF7-255 pktSize=255
2026-07-26T14:43:55.717117+00:00 TIME_SYNCED utc=1785077034 offset=1785062472
2026-07-26T14:43:57.778797+00:00 PHASE_RESULT 31 LF-LoRa-SF7-255 pktSize=255 rx=0 unique=0 lost=7 per=100.0 rssi_avg=0 rssi_min=0 crc_err=0 garbage=0 tx_lat=0.00000 tx_lon=0.00000 sats=0 fix=0 utc=0 tx_fw=none rx_fw=unknown
PHASE_GUARD 500
LORA_CFG path=0 bw=0x05 sf=9
PHASE_START 32 LF-LoRa-SF9-32 pktSize=32
2026-07-26T14:44:00.900936+00:00 TIME_SYNCED utc=1785077039 offset=1785062472
2026-07-26T14:44:01.909952+00:00 PHASE_RESULT 32 LF-LoRa-SF9-32 pktSize=32 rx=0 unique=0 lost=7 per=100.0 rssi_avg=0 rssi_min=0 crc_err=0 garbage=0 tx_lat=0.00000 tx_lon=0.00000 sats=0 fix=0 utc=0 tx_fw=none rx_fw=unknown
PHASE_GUARD 500
LORA_CFG path=0 bw=0x05 sf=9
PHASE_START 33 LF-LoRa-SF9-64 pktSize=64
2026-07-26T14:44:05.023297+00:00 PHASE_RESULT 33 LF-LoRa-SF9-64 pktSize=64 rx=0 unique=0 lost=3 per=100.0 rssi_avg=0 rssi_min=0 crc_err=0 garbage=0 tx_lat=0.00000 tx_lon=0.00000 sats=0 fix=0 utc=0 tx_fw=none rx_fw=unknown
PHASE_GUARD 500
LORA_CFG path=0 bw=0x05 sf=9
PHASE_START 34 LF-LoRa-SF9-128 pktSize=128
TIME_SYNCED utc=1785077044 offset=1785062472
2026-07-26T14:44:07.092883+00:00 PHASE_RESULT 34 LF-LoRa-SF9-128 pktSize=128 rx=0 unique=0 lost=1 per=100.0 rssi_avg=0 rssi_min=0 crc_err=0 garbage=0 tx_lat=0.00000 tx_lon=0.00000 sats=0 fix=0 utc=0 tx_fw=none rx_fw=unknown
PHASE_GUARD 500
LORA_CFG path=0 bw=0x05 sf=9
PHASE_START 35 LF-LoRa-SF9-255 pktSize=255
2026-07-26T14:44:11.263361+00:00 TIME_SYNCED utc=1785077050 offset=1785062473
PHASE_RESULT 35 LF-LoRa-SF9-255 pktSize=255 rx=0 unique=0 lost=1 per=100.0 rssi_avg=0 rssi_min=0 crc_err=0 garbage=0 tx_lat=0.00000 tx_lon=0.00000 sats=0 fix=0 utc=0 tx_fw=none rx_fw=unknown
PHASE_GUARD 500
LORA_CFG path=0 bw=0x05 sf=12
PHASE_START 36 LF-LoRa-SF12-32 pktSize=32
2026-07-26T14:44:15.439213+00:00 TIME_SYNCED utc=1785077054 offset=1785062472
2026-07-26T14:44:21.714296+00:00 TIME_SYNCED utc=1785077060 offset=1785062472
2026-07-26T14:44:25.883605+00:00 TIME_SYNCED utc=1785077064 offset=1785062472
PHASE_RESULT 36 LF-LoRa-SF12-32 pktSize=32 rx=0 unique=0 lost=1 per=100.0 rssi_avg=0 rssi_min=0 crc_err=0 garbage=0 tx_lat=0.00000 tx_lon=0.00000 sats=0 fix=0 utc=0 tx_fw=none rx_fw=unknown
PHASE_GUARD 500
LORA_CFG path=0 bw=0x05 sf=12
PHASE_START 37 LF-LoRa-SF12-SKIP SKIP pktSize=64
2026-07-26T14:44:26.899785+00:00 PHASE_RESULT 37 LF-LoRa-SF12-SKIP pktSize=64 rx=0 unique=0 lost=0 per=0.0 rssi_avg=0 rssi_min=0 crc_err=0 garbage=0 tx_lat=0.00000 tx_lon=0.00000 sats=0 fix=0 utc=0 tx_fw=none rx_fw=unknown
PHASE_GUARD 500
LORA_CFG path=0 bw=0x05 sf=12
PHASE_START 38 LF-LoRa-SF12-SKIP SKIP pktSize=128
2026-07-26T14:44:27.911258+00:00 PHASE_RESULT 38 LF-LoRa-SF12-SKIP pktSize=128 rx=0 unique=0 lost=0 per=0.0 rssi_avg=0 rssi_min=0 crc_err=0 garbage=0 tx_lat=0.00000 tx_lon=0.00000 sats=0 fix=0 utc=0 tx_fw=none rx_fw=unknown
PHASE_GUARD 500
LORA_CFG path=0 bw=0x05 sf=12
PHASE_START 39 LF-LoRa-SF12-SKIP SKIP pktSize=255
2026-07-26T14:44:28.922908+00:00 PHASE_RESULT 39 LF-LoRa-SF12-SKIP pktSize=255 rx=0 unique=0 lost=0 per=0.0 rssi_avg=0 rssi_min=0 crc_err=0 garbage=0 tx_lat=0.00000 tx_lon=0.00000 sats=0 fix=0 utc=0 tx_fw=none rx_fw=unknown
PHASE_GUARD 500
PHASE_START 40 LF-FLRC-2600-32 pktSize=32
2026-07-26T14:44:30.987578+00:00 PHASE_RESULT 40 LF-FLRC-2600-32 pktSize=32 rx=0 unique=0 lost=100 per=100.0 rssi_avg=0 rssi_min=0 crc_err=0 garbage=0 tx_lat=0.00000 tx_lon=0.00000 sats=0 fix=0 utc=0 tx_fw=none rx_fw=unknown
PHASE_GUARD 500
PHASE_START 41 LF-FLRC-2600-64 pktSize=64
2026-07-26T14:44:31.999294+00:00 TIME_SYNCED utc=1785077070 offset=1785062472
2026-07-26T14:44:33.010824+00:00 SYNC_NOT_FOUND first4=F808D577
PHASE_RESULT 41 LF-FLRC-2600-64 pktSize=64 rx=0 unique=0 lost=100 per=100.0 rssi_avg=0 rssi_min=0 crc_err=0 garbage=1 tx_lat=0.00000 tx_lon=0.00000 sats=0 fix=0 utc=0 tx_fw=none rx_fw=unknown
PHASE_GUARD 500
PHASE_START 42 LF-FLRC-2600-128 pktSize=128
2026-07-26T14:44:35.078555+00:00 PHASE_RESULT 42 LF-FLRC-2600-128 pktSize=128 rx=0 unique=0 lost=100 per=100.0 rssi_avg=0 rssi_min=0 crc_err=0 garbage=0 tx_lat=0.00000 tx_lon=0.00000 sats=0 fix=0 utc=0 tx_fw=none rx_fw=unknown
PHASE_GUARD 500
PHASE_START 43 LF-FLRC-2600-255 pktSize=255
SYNC_NOT_FOUND first4=F86772E7
TIME_SYNCED utc=1785077074 offset=1785062472
2026-07-26T14:44:36.095354+00:00 SYNC_NOT_FOUND first4=D1AC5EF2
2026-07-26T14:44:37.107077+00:00 SYNC_NOT_FOUND first4=47B29FB7
PHASE_RESULT 43 LF-FLRC-2600-255 pktSize=255 rx=0 unique=0 lost=100 per=100.0 rssi_avg=0 rssi_min=0 crc_err=0 garbage=3 tx_lat=0.00000 tx_lon=0.00000 sats=0 fix=0 utc=0 tx_fw=none rx_fw=unknown
PHASE_GUARD 500
PHASE_START 44 LF-FLRC-1300-32 pktSize=32
2026-07-26T14:44:39.168972+00:00 PHASE_RESULT 44 LF-FLRC-1300-32 pktSize=32 rx=0 unique=0 lost=100 per=100.0 rssi_avg=0 rssi_min=0 crc_err=0 garbage=0 tx_lat=0.00000 tx_lon=0.00000 sats=0 fix=0 utc=0 tx_fw=none rx_fw=unknown
PHASE_GUARD 500
PHASE_START 45 LF-FLRC-1300-64 pktSize=64
2026-07-26T14:44:41.232238+00:00 PHASE_RESULT 45 LF-FLRC-1300-64 pktSize=64 rx=0 unique=0 lost=100 per=100.0 rssi_avg=0 rssi_min=0 crc_err=0 garbage=0 tx_lat=0.00000 tx_lon=0.00000 sats=0 fix=0 utc=0 tx_fw=none rx_fw=unknown
PHASE_GUARD 500
PHASE_START 46 LF-FLRC-1300-128 pktSize=128
2026-07-26T14:44:42.243264+00:00 TIME_SYNCED utc=1785077081 offset=1785062473
SYNC_NOT_FOUND first4=A507B9F5
PHASE_RESULT 46 LF-FLRC-1300-128 pktSize=128 rx=0 unique=0 lost=100 per=100.0 rssi_avg=0 rssi_min=0 crc_err=0 garbage=1 tx_lat=0.00000 tx_lon=0.00000 sats=0 fix=0 utc=0 tx_fw=none rx_fw=unknown
PHASE_GUARD 500
PHASE_START 47 LF-FLRC-1300-255 pktSize=255
2026-07-26T14:44:44.310235+00:00 PHASE_RESULT 47 LF-FLRC-1300-255 pktSize=255 rx=0 unique=0 lost=100 per=100.0 rssi_avg=0 rssi_min=0 crc_err=0 garbage=0 tx_lat=0.00000 tx_lon=0.00000 sats=0 fix=0 utc=0 tx_fw=none rx_fw=unknown
PHASE_GUARD 500
PHASE_START 48 LF-FLRC-650-32 pktSize=32
2026-07-26T14:44:45.328700+00:00 TIME_SYNCED utc=1785077084 offset=1785062472
SYNC_NOT_FOUND first4=AB860636
2026-07-26T14:44:46.340550+00:00 SYNC_NOT_FOUND first4=CF9E90AA
2026-07-26T14:44:47.353485+00:00 PHASE_RESULT 48 LF-FLRC-650-32 pktSize=32 rx=0 unique=0 lost=100 per=100.0 rssi_avg=0 rssi_min=0 crc_err=0 garbage=2 tx_lat=0.00000 tx_lon=0.00000 sats=0 fix=0 utc=0 tx_fw=none rx_fw=unknown
PHASE_GUARD 500
PHASE_START 49 LF-FLRC-650-64 pktSize=64
SYNC_NOT_FOUND first4=0D1C09BB
SYNC_NOT_FOUND first4=AB935C6B
2026-07-26T14:44:48.364353+00:00 SYNC_NOT_FOUND first4=A07772DB
2026-07-26T14:44:49.381117+00:00 PHASE_RESULT 49 LF-FLRC-650-64 pktSize=64 rx=0 unique=0 lost=100 per=100.0 rssi_avg=0 rssi_min=0 crc_err=0 garbage=3 tx_lat=0.00000 tx_lon=0.00000 sats=0 fix=0 utc=0 tx_fw=none rx_fw=unknown
PHASE_GUARD 500
PHASE_START 50 LF-FLRC-650-128 pktSize=128
SYNC_NOT_FOUND first4=FEE17EE5
2026-07-26T14:44:50.393362+00:00 SYNC_NOT_FOUND first4=402FC695
2026-07-26T14:44:51.411885+00:00 PHASE_RESULT 50 LF-FLRC-650-128 pktSize=128 rx=0 unique=0 lost=100 per=100.0 rssi_avg=0 rssi_min=0 crc_err=0 garbage=2 tx_lat=0.00000 tx_lon=0.00000 sats=0 fix=0 utc=0 tx_fw=none rx_fw=unknown
PHASE_GUARD 500
PHASE_START 51 LF-FLRC-650-255 pktSize=255
SYNC_NOT_FOUND first4=B9921485
2026-07-26T14:44:52.423932+00:00 TIME_SYNCED utc=1785077091 offset=1785062473
PHASE_RESULT 51 LF-FLRC-650-255 pktSize=255 rx=0 unique=0 lost=100 per=100.0 rssi_avg=0 rssi_min=0 crc_err=0 garbage=1 tx_lat=0.00000 tx_lon=0.00000 sats=0 fix=0 utc=0 tx_fw=none rx_fw=unknown
PHASE_GUARD 500
PHASE_START 52 LF-FLRC-325-32 pktSize=32
2026-07-26T14:44:54.487191+00:00 PHASE_RESULT 52 LF-FLRC-325-32 pktSize=32 rx=0 unique=0 lost=100 per=100.0 rssi_avg=0 rssi_min=0 crc_err=0 garbage=0 tx_lat=0.00000 tx_lon=0.00000 sats=0 fix=0 utc=0 tx_fw=none rx_fw=unknown
PHASE_GUARD 500
PHASE_START 53 LF-FLRC-325-64 pktSize=64
2026-07-26T14:44:55.505989+00:00 TIME_SYNCED utc=1785077094 offset=1785062472
2026-07-26T14:44:56.521642+00:00 PHASE_RESULT 53 LF-FLRC-325-64 pktSize=64 rx=0 unique=0 lost=100 per=100.0 rssi_avg=0 rssi_min=0 crc_err=0 garbage=0 tx_lat=0.00000 tx_lon=0.00000 sats=0 fix=0 utc=0 tx_fw=none rx_fw=unknown
PHASE_GUARD 500
2026-07-26T14:44:57.533233+00:00 PHASE_START 54 LF-FLRC-325-128 pktSize=128
2026-07-26T14:44:58.547129+00:00 PHASE_RESULT 54 LF-FLRC-325-128 pktSize=128 rx=0 unique=0 lost=100 per=100.0 rssi_avg=0 rssi_min=0 crc_err=0 garbage=0 tx_lat=0.00000 tx_lon=0.00000 sats=0 fix=0 utc=0 tx_fw=none rx_fw=unknown
PHASE_GUARD 500
2026-07-26T14:44:59.560656+00:00 PHASE_START 55 LF-FLRC-325-255 pktSize=255
2026-07-26T14:45:00.571485+00:00 PHASE_RESULT 55 LF-FLRC-325-255 pktSize=255 rx=0 unique=0 lost=100 per=100.0 rssi_avg=0 rssi_min=0 crc_err=0 garbage=0 tx_lat=0.00000 tx_lon=0.00000 sats=0 fix=0 utc=0 tx_fw=none rx_fw=unknown
PHASE_GUARD 500
LORA_CFG path=1 bw=0x0F sf=7
2026-07-26T14:45:01.590308+00:00 PHASE_START 0 HF-LoRa-SF7-32 pktSize=32
2026-07-26T14:45:02.601301+00:00 TIME_SYNCED utc=1785077101 offset=1785062472
PHASE_RESULT 0 HF-LoRa-SF7-32 pktSize=32 rx=0 unique=0 lost=20 per=100.0 rssi_avg=0 rssi_min=0 crc_err=0 garbage=0 tx_lat=0.00000 tx_lon=0.00000 sats=0 fix=0 utc=0 tx_fw=none rx_fw=unknown
PHASE_GUARD 500
LORA_CFG path=1 bw=0x0F sf=7
2026-07-26T14:45:03.612352+00:00 PHASE_START 1 HF-LoRa-SF7-64 pktSize=64
2026-07-26T14:45:04.628194+00:00 PHASE_RESULT 1 HF-LoRa-SF7-64 pktSize=64 rx=0 unique=0 lost=20 per=100.0 rssi_avg=0 rssi_min=0 crc_err=0 garbage=0 tx_lat=0.00000 tx_lon=0.00000 sats=0 fix=0 utc=0 tx_fw=none rx_fw=unknown
PHASE_GUARD 500
LORA_CFG path=1 bw=0x0F sf=7
PHASE_START 2 HF-LoRa-SF7-128 pktSize=128
2026-07-26T14:45:05.646331+00:00 TIME_SYNCED utc=1785077104 offset=1785062472
2026-07-26T14:45:06.664301+00:00 PHASE_RESULT 2 HF-LoRa-SF7-128 pktSize=128 rx=0 unique=0 lost=20 per=100.0 rssi_avg=0 rssi_min=0 crc_err=0 garbage=0 tx_lat=0.00000 tx_lon=0.00000 sats=0 fix=0 utc=0 tx_fw=none rx_fw=unknown
PHASE_GUARD 500
LORA_CFG path=1 bw=0x0F sf=7
PHASE_START 3 HF-LoRa-SF7-255 pktSize=255
2026-07-26T14:45:09.778459+00:00 PHASE_RESULT 3 HF-LoRa-SF7-255 pktSize=255 rx=0 unique=0 lost=20 per=100.0 rssi_avg=0 rssi_min=0 crc_err=0 garbage=0 tx_lat=0.00000 tx_lon=0.00000 sats=0 fix=0 utc=0 tx_fw=none rx_fw=unknown
PHASE_GUARD 500
LORA_CFG path=1 bw=0x0F sf=9
PHASE_START 4 HF-LoRa-SF9-32 pktSize=32
2026-07-26T14:45:11.845726+00:00 PHASE_RESULT 4 HF-LoRa-SF9-32 pktSize=32 rx=0 unique=0 lost=20 per=100.0 rssi_avg=0 rssi_min=0 crc_err=0 garbage=0 tx_lat=0.00000 tx_lon=0.00000 sats=0 fix=0 utc=0 tx_fw=none rx_fw=unknown
PHASE_GUARD 500
LORA_CFG path=1 bw=0x0F sf=9
PHASE_START 5 HF-LoRa-SF9-64 pktSize=64
2026-07-26T14:45:12.864300+00:00 TIME_SYNCED utc=1785077111 offset=1785062472
2026-07-26T14:45:14.926421+00:00 PHASE_RESULT 5 HF-LoRa-SF9-64 pktSize=64 rx=0 unique=0 lost=20 per=100.0 rssi_avg=0 rssi_min=0 crc_err=0 garbage=0 tx_lat=0.00000 tx_lon=0.00000 sats=0 fix=0 utc=0 tx_fw=none rx_fw=unknown
PHASE_GUARD 500
LORA_CFG path=1 bw=0x0F sf=9
PHASE_START 6 HF-LoRa-SF9-128 pktSize=128
TIME_SYNCED utc=1785077114 offset=1785062472
2026-07-26T14:45:19.098047+00:00 PHASE_RESULT 6 HF-LoRa-SF9-128 pktSize=128 rx=0 unique=0 lost=13 per=100.0 rssi_avg=0 rssi_min=0 crc_err=0 garbage=0 tx_lat=0.00000 tx_lon=0.00000 sats=0 fix=0 utc=0 tx_fw=none rx_fw=unknown
PHASE_GUARD 500
LORA_CFG path=1 bw=0x0F sf=9
PHASE_START 7 HF-LoRa-SF9-255 pktSize=255
2026-07-26T14:45:22.214375+00:00 PHASE_RESULT 7 HF-LoRa-SF9-255 pktSize=255 rx=0 unique=0 lost=6 per=100.0 rssi_avg=0 rssi_min=0 crc_err=0 garbage=0 tx_lat=0.00000 tx_lon=0.00000 sats=0 fix=0 utc=0 tx_fw=none rx_fw=unknown
PHASE_GUARD 500
LORA_CFG path=1 bw=0x0F sf=12
PHASE_START 8 HF-LoRa-SF12-32 pktSize=32
2026-07-26T14:45:23.233353+00:00 TIME_SYNCED utc=1785077122 offset=1785062473
2026-07-26T14:45:24.245207+00:00 PHASE_RESULT 8 HF-LoRa-SF12-32 pktSize=32 rx=0 unique=0 lost=2 per=100.0 rssi_avg=0 rssi_min=0 crc_err=0 garbage=0 tx_lat=0.00000 tx_lon=0.00000 sats=0 fix=0 utc=0 tx_fw=none rx_fw=unknown
PHASE_GUARD 500
LORA_CFG path=1 bw=0x0F sf=12
PHASE_START 9 HF-LoRa-SF12-64 pktSize=64
2026-07-26T14:45:25.259525+00:00 TIME_SYNCED utc=1785077124 offset=1785062472
2026-07-26T14:45:28.368077+00:00 PHASE_RESULT 9 HF-LoRa-SF12-64 pktSize=64 rx=0 unique=0 lost=1 per=100.0 rssi_avg=0 rssi_min=0 crc_err=0 garbage=0 tx_lat=0.00000 tx_lon=0.00000 sats=0 fix=0 utc=0 tx_fw=none rx_fw=unknown
PHASE_GUARD 500
LORA_CFG path=1 bw=0x0F sf=12
PHASE_START 10 HF-LoRa-SF12-128 pktSize=128
2026-07-26T14:45:32.531394+00:00 PHASE_RESULT 10 HF-LoRa-SF12-128 pktSize=128 rx=0 unique=0 lost=1 per=100.0 rssi_avg=0 rssi_min=0 crc_err=0 garbage=0 tx_lat=0.00000 tx_lon=0.00000 sats=0 fix=0 utc=0 tx_fw=none rx_fw=unknown
PHASE_GUARD 500
2026-07-26T14:45:33.546198+00:00 LORA_CFG path=1 bw=0x0F sf=12
PHASE_START 11 HF-LoRa-SF12-255 pktSize=255
TIME_SYNCED utc=1785077132 offset=1785062472
2026-07-26T14:45:35.600979+00:00 TIME_SYNCED utc=1785077134 offset=1785062472
2026-07-26T14:45:42.919480+00:00 PHASE_RESULT 11 HF-LoRa-SF12-255 pktSize=255 rx=0 unique=0 lost=1 per=100.0 rssi_avg=0 rssi_min=0 crc_err=0 garbage=0 tx_lat=0.00000 tx_lon=0.00000 sats=0 fix=0 utc=0 tx_fw=none rx_fw=unknown
PHASE_GUARD 500
PHASE_START 12 HF-FLRC-2600-32 pktSize=32
SYNC_NOT_FOUND first4=04CEE1BA
SYNC_NOT_FOUND first4=6D4B080D
2026-07-26T14:45:43.937378+00:00 TIME_SYNCED utc=1785077142 offset=1785062472
SYNC_NOT_FOUND first4=11C808B6
SYNC_NOT_FOUND first4=A4757249
SYNC_NOT_FOUND first4=306811B1
SYNC_NOT_FOUND first4=77489315
SYNC_NOT_FOUND first4=1D65CD51
SYNC_NOT_FOUND first4=8AF2E626
SYNC_NOT_FOUND first4=634D27CC
SYNC_NOT_FOUND first4=CBAF5F15
SYNC_NOT_FOUND first4=22E34C2B
SYNC_NOT_FOUND first4=2078AA70
2026-07-26T14:45:44.948204+00:00 SYNC_NOT_FOUND first4=153702EE
PHASE_RESULT 12 HF-FLRC-2600-32 pktSize=32 rx=0 unique=0 lost=100 per=100.0 rssi_avg=0 rssi_min=0 crc_err=0 garbage=13 tx_lat=0.00000 tx_lon=0.00000 sats=0 fix=0 utc=0 tx_fw=none rx_fw=unknown
PHASE_GUARD 500
PHASE_START 13 HF-FLRC-2600-64 pktSize=64
SYNC_NOT_FOUND first4=FF68EC8F
2026-07-26T14:45:45.966784+00:00 TIME_SYNCED utc=1785077144 offset=1785062472
SYNC_NOT_FOUND first4=35DC33C3
SYNC_NOT_FOUND first4=CF47DFFA
SYNC_NOT_FOUND first4=81CD69D1
SYNC_NOT_FOUND first4=DF7EC1AF
SYNC_NOT_FOUND first4=D9BB25FD
SYNC_NOT_FOUND first4=25183863
SYNC_NOT_FOUND first4=F94E5B98
SYNC_NOT_FOUND first4=3A527C58
SYNC_NOT_FOUND first4=4007FC57
SYNC_NOT_FOUND first4=34FCC684
2026-07-26T14:45:46.981206+00:00 SYNC_NOT_FOUND first4=7A9D6D2C
SYNC_NOT_FOUND first4=489F0A7C
SYNC_NOT_FOUND first4=D2DE3806
PHASE_RESULT 13 HF-FLRC-2600-64 pktSize=64 rx=0 unique=0 lost=100 per=100.0 rssi_avg=0 rssi_min=0 crc_err=0 garbage=14 tx_lat=0.00000 tx_lon=0.00000 sats=0 fix=0 utc=0 tx_fw=none rx_fw=unknown
PHASE_GUARD 500
PHASE_START 14 HF-FLRC-2600-128 pktSize=128
SYNC_NOT_FOUND first4=D6CF6E3C
SYNC_NOT_FOUND first4=10A02493
SYNC_NOT_FOUND first4=764350A0
SYNC_NOT_FOUND first4=C2D28AD0
SYNC_NOT_FOUND first4=2F31F2EC
2026-07-26T14:45:47.996861+00:00 SYNC_NOT_FOUND first4=3D66C590
SYNC_NOT_FOUND first4=D2D428F8
SYNC_NOT_FOUND first4=803C4378
SYNC_NOT_FOUND first4=C18AE9A3
SYNC_NOT_FOUND first4=0EE3D00E
SYNC_NOT_FOUND first4=C8331A3F
2026-07-26T14:45:49.006677+00:00 SYNC_NOT_FOUND first4=C12240A7
SYNC_NOT_FOUND first4=E5CD0A13
PHASE_RESULT 14 HF-FLRC-2600-128 pktSize=128 rx=0 unique=0 lost=100 per=100.0 rssi_avg=0 rssi_min=0 crc_err=0 garbage=13 tx_lat=0.00000 tx_lon=0.00000 sats=0 fix=0 utc=0 tx_fw=none rx_fw=unknown
PHASE_GUARD 500
PHASE_START 15 HF-FLRC-2600-255 pktSize=255
SYNC_NOT_FOUND first4=9EE18B91
SYNC_NOT_FOUND first4=CF0EC019
SYNC_NOT_FOUND first4=BB4577BC
SYNC_NOT_FOUND first4=12C550CD
2026-07-26T14:45:50.017213+00:00 SYNC_NOT_FOUND first4=0A5AE393
SYNC_NOT_FOUND first4=33CFFE3B
SYNC_NOT_FOUND first4=6C84758E
SYNC_NOT_FOUND first4=0EEE49C9
2026-07-26T14:45:51.030519+00:00 SYNC_NOT_FOUND first4=6595509A
SYNC_NOT_FOUND first4=8C7D446A
SYNC_NOT_FOUND first4=23CE50B3
PHASE_RESULT 15 HF-FLRC-2600-255 pktSize=255 rx=0 unique=0 lost=100 per=100.0 rssi_avg=0 rssi_min=0 crc_err=0 garbage=11 tx_lat=0.00000 tx_lon=0.00000 sats=0 fix=0 utc=0 tx_fw=none rx_fw=unknown
PHASE_GUARD 500
PHASE_START 16 HF-FLRC-1300-32 pktSize=32
SYNC_NOT_FOUND first4=EAD64DBD
2026-07-26T14:45:52.044010+00:00 SYNC_NOT_FOUND first4=6C985EE5
SYNC_NOT_FOUND first4=11C7D963
SYNC_NOT_FOUND first4=E5B2E73B
2026-07-26T14:45:53.060242+00:00 SYNC_NOT_FOUND first4=B8E23C14
SYNC_NOT_FOUND first4=805EE570
PHASE_RESULT 16 HF-FLRC-1300-32 pktSize=32 rx=0 unique=0 lost=100 per=100.0 rssi_avg=0 rssi_min=0 crc_err=0 garbage=6 tx_lat=0.00000 tx_lon=0.00000 sats=0 fix=0 utc=0 tx_fw=none rx_fw=unknown
PHASE_GUARD 500
PHASE_START 17 HF-FLRC-1300-64 pktSize=64
2026-07-26T14:45:54.071960+00:00 TIME_SYNCED utc=1785077153 offset=1785062473
SYNC_NOT_FOUND first4=7A6AFB37
PHASE_RESULT 17 HF-FLRC-1300-64 pktSize=64 rx=0 unique=0 lost=100 per=100.0 rssi_avg=0 rssi_min=0 crc_err=0 garbage=1 tx_lat=0.00000 tx_lon=0.00000 sats=0 fix=0 utc=0 tx_fw=none rx_fw=unknown
PHASE_GUARD 500
PHASE_START 18 HF-FLRC-1300-128 pktSize=128
2026-07-26T14:45:55.082882+00:00 SYNC_NOT_FOUND first4=485738DE
TIME_SYNCED utc=1785077154 offset=1785062472
SYNC_NOT_FOUND first4=6887747D
2026-07-26T14:45:56.093431+00:00 SYNC_NOT_FOUND first4=4228A069
SYNC_NOT_FOUND first4=C1278E59
SYNC_NOT_FOUND first4=18F850ED
SYNC_NOT_FOUND first4=6720FC43
SYNC_NOT_FOUND first4=551ADFDF
SYNC_NOT_FOUND first4=18EEF8E6
2026-07-26T14:45:57.099841+00:00 PHASE_RESULT 18 HF-FLRC-1300-128 pktSize=128 rx=0 unique=0 lost=100 per=100.0 rssi_avg=0 rssi_min=0 crc_err=0 garbage=8 tx_lat=0.00000 tx_lon=0.00000 sats=0 fix=0 utc=0 tx_fw=none rx_fw=unknown
PHASE_GUARD 500
PHASE_START 19 HF-FLRC-1300-255 pktSize=255
SYNC_NOT_FOUND first4=5542683A
2026-07-26T14:45:58.117467+00:00 SYNC_NOT_FOUND first4=D601BCC4
SYNC_NOT_FOUND first4=D8CB1CCB
2026-07-26T14:45:59.120877+00:00 PHASE_RESULT 19 HF-FLRC-1300-255 pktSize=255 rx=0 unique=0 lost=100 per=100.0 rssi_avg=0 rssi_min=0 crc_err=0 garbage=3 tx_lat=0.00000 tx_lon=0.00000 sats=0 fix=0 utc=0 tx_fw=none rx_fw=unknown
PHASE_GUARD 500
PHASE_START 20 HF-FLRC-650-32 pktSize=32
SYNC_NOT_FOUND first4=AFE8BFAD
SYNC_NOT_FOUND first4=9B79D3E0
SYNC_NOT_FOUND first4=0EB30C80
SYNC_NOT_FOUND first4=C575C4AC
SYNC_NOT_FOUND first4=3B21CAD1
SYNC_NOT_FOUND first4=01F1B8BA
SYNC_NOT_FOUND first4=AE4F36E1
2026-07-26T14:46:00.132086+00:00 SYNC_NOT_FOUND first4=0DE98116
SYNC_NOT_FOUND first4=06CF857C
SYNC_NOT_FOUND first4=B1A2BF0C
SYNC_NOT_FOUND first4=B216D3D7
SYNC_NOT_FOUND first4=82A80C47
SYNC_NOT_FOUND first4=A6C02796
SYNC_NOT_FOUND first4=389290B1
SYNC_NOT_FOUND first4=6B1B74D0
SYNC_NOT_FOUND first4=B0A393C4
SYNC_NOT_FOUND first4=D8C29D6C
SYNC_NOT_FOUND first4=B0B025B7
SYNC_NOT_FOUND first4=3D530FE3
SYNC_NOT_FOUND first4=089463D2
SYNC_NOT_FOUND first4=D4271D53
SYNC_NOT_FOUND first4=E6516D97
SYNC_NOT_FOUND first4=32033FF2
SYNC_NOT_FOUND first4=7B59067E
2026-07-26T14:46:01.143384+00:00 SYNC_NOT_FOUND first4=57085661
SYNC_NOT_FOUND first4=273BC4D4
SYNC_NOT_FOUND first4=CFA63802
SYNC_NOT_FOUND first4=BD6708A0
SYNC_NOT_FOUND first4=6413D166
SYNC_NOT_FOUND first4=86781E16
SYNC_NOT_FOUND first4=0CD0BB28
SYNC_NOT_FOUND first4=863F4F35
SYNC_NOT_FOUND first4=B4A5E008
SYNC_NOT_FOUND first4=28113F30
SYNC_NOT_FOUND first4=62147EA0
SYNC_NOT_FOUND first4=EFA905E5
PHASE_RESULT 20 HF-FLRC-650-32 pktSize=32 rx=0 unique=0 lost=100 per=100.0 rssi_avg=0 rssi_min=0 crc_err=0 garbage=36 tx_lat=0.00000 tx_lon=0.00000 sats=0 fix=0 utc=0 tx_fw=none rx_fw=unknown
PHASE_GUARD 500
PHASE_START 21 HF-FLRC-650-64 pktSize=64
SYNC_NOT_FOUND first4=85E3E58C
SYNC_NOT_FOUND first4=44F17BE1
SYNC_NOT_FOUND first4=C32B7051
SYNC_NOT_FOUND first4=434C8CBA
SYNC_NOT_FOUND first4=EC61A44A
SYNC_NOT_FOUND first4=9205433C
SYNC_NOT_FOUND first4=BB7A296E
SYNC_NOT_FOUND first4=33E56210
SYNC_NOT_FOUND first4=632F2A2C
2026-07-26T14:46:02.159502+00:00 SYNC_NOT_FOUND first4=19AB5FBA
SYNC_NOT_FOUND first4=9BA0B060
SYNC_NOT_FOUND first4=38DC5C7D
SYNC_NOT_FOUND first4=4B6D9471
SYNC_NOT_FOUND first4=04734108
SYNC_NOT_FOUND first4=6C142C5B
SYNC_NOT_FOUND first4=AE1B5FE0
SYNC_NOT_FOUND first4=8E97C889
SYNC_NOT_FOUND first4=6DB05502
SYNC_NOT_FOUND first4=628B21A3
SYNC_NOT_FOUND first4=3DD377DC
SYNC_NOT_FOUND first4=65804C5C
SYNC_NOT_FOUND first4=57C097A8
SYNC_NOT_FOUND first4=01A55E16
SYNC_NOT_FOUND first4=19662ECF
SYNC_NOT_FOUND first4=F41E779C
SYNC_NOT_FOUND first4=F940F939
SYNC_NOT_FOUND first4=D7E39DC5
2026-07-26T14:46:03.174989+00:00 SYNC_NOT_FOUND first4=3B7AAEF8
SYNC_NOT_FOUND first4=BB3410C5
SYNC_NOT_FOUND first4=93E7E568
SYNC_NOT_FOUND first4=99261119
SYNC_NOT_FOUND first4=E39CF5B5
SYNC_NOT_FOUND first4=A55979D1
PHASE_RESULT 21 HF-FLRC-650-64 pktSize=64 rx=0 unique=0 lost=100 per=100.0 rssi_avg=0 rssi_min=0 crc_err=0 garbage=33 tx_lat=0.00000 tx_lon=0.00000 sats=0 fix=0 utc=0 tx_fw=none rx_fw=unknown
PHASE_GUARD 500
PHASE_START 22 HF-FLRC-650-128 pktSize=128
SYNC_NOT_FOUND first4=CD6802BB
SYNC_NOT_FOUND first4=B8DE6358
SYNC_NOT_FOUND first4=6647CBCA
SYNC_NOT_FOUND first4=F415ECE9
SYNC_NOT_FOUND first4=1EDB1E56
SYNC_NOT_FOUND first4=7FBC7B27
SYNC_NOT_FOUND first4=B899247C
SYNC_NOT_FOUND first4=8D696B60
2026-07-26T14:46:04.192700+00:00 TIME_SYNCED utc=1785077163 offset=1785062473
SYNC_NOT_FOUND first4=1B5BAD76
SYNC_NOT_FOUND first4=E190E49F
SYNC_NOT_FOUND first4=2A4CB850
SYNC_NOT_FOUND first4=554197CC
SYNC_NOT_FOUND first4=C6BF0CAB
SYNC_NOT_FOUND first4=81AD234E
SYNC_NOT_FOUND first4=8E738678
PHASE_RESULT 22 HF-FLRC-650-128 pktSize=128 rx=0 unique=0 lost=100 per=100.0 rssi_avg=0 rssi_min=0 crc_err=0 garbage=15 tx_lat=0.00000 tx_lon=0.00000 sats=0 fix=0 utc=0 tx_fw=none rx_fw=unknown
PHASE_GUARD 500
PHASE_START 23 HF-FLRC-650-255 pktSize=255
SYNC_NOT_FOUND first4=DC72901B
SYNC_NOT_FOUND first4=534BA485
SYNC_NOT_FOUND first4=2A0189BE
SYNC_NOT_FOUND first4=A2BBEE01
SYNC_NOT_FOUND first4=69AFCA5A
SYNC_NOT_FOUND first4=A4208989
SYNC_NOT_FOUND first4=40239F27
SYNC_NOT_FOUND first4=270E5849
SYNC_NOT_FOUND first4=238D3FD4
SYNC_NOT_FOUND first4=CDF8202A
SYNC_NOT_FOUND first4=E45FEC0B
SYNC_NOT_FOUND first4=CE6B7C7E
2026-07-26T14:46:05.204048+00:00 SYNC_NOT_FOUND first4=F5CC03A4
SYNC_NOT_FOUND first4=60166BF5
SYNC_NOT_FOUND first4=8FE29EC4
SYNC_NOT_FOUND first4=B1C753F3
SYNC_NOT_FOUND first4=6F188EC8
SYNC_NOT_FOUND first4=A6265AA9
SYNC_NOT_FOUND first4=B273C882
SYNC_NOT_FOUND first4=B2B63F27
SYNC_NOT_FOUND first4=C4197CF0
SYNC_NOT_FOUND first4=DEA08F3D
SYNC_NOT_FOUND first4=ECDA3118
SYNC_NOT_FOUND first4=2DF1AA42
SYNC_NOT_FOUND first4=007DEFBF
SYNC_NOT_FOUND first4=08A0800B
SYNC_NOT_FOUND first4=84808D01
SYNC_NOT_FOUND first4=BBA29615
TIME_SYNCED utc=1785077165 offset=1785062473
SYNC_NOT_FOUND first4=FA1483ED
SYNC_NOT_FOUND first4=21955313
2026-07-26T14:46:06.215246+00:00 SYNC_NOT_FOUND first4=7819140B
SYNC_NOT_FOUND first4=A545369A
SYNC_NOT_FOUND first4=FA98EF1B
PHASE_RESULT 23 HF-FLRC-650-255 pktSize=255 rx=0 unique=0 lost=100 per=100.0 rssi_avg=0 rssi_min=0 crc_err=0 garbage=33 tx_lat=0.00000 tx_lon=0.00000 sats=0 fix=0 utc=0 tx_fw=none rx_fw=unknown
PHASE_GUARD 500
PHASE_START 24 HF-FLRC-325-32 pktSize=32
SYNC_NOT_FOUND first4=E6E7680B
SYNC_NOT_FOUND first4=9B4D1A2D
SYNC_NOT_FOUND first4=02450F26
SYNC_NOT_FOUND first4=A5DDACBC
2026-07-26T14:46:07.230656+00:00 SYNC_NOT_FOUND first4=3E49C752
SYNC_NOT_FOUND first4=E1304B55
SYNC_NOT_FOUND first4=3BBF9251
SYNC_NOT_FOUND first4=3299CB14
2026-07-26T14:46:08.244959+00:00 SYNC_NOT_FOUND first4=460154F2
PHASE_RESULT 24 HF-FLRC-325-32 pktSize=32 rx=0 unique=0 lost=100 per=100.0 rssi_avg=0 rssi_min=0 crc_err=0 garbage=9 tx_lat=0.00000 tx_lon=0.00000 sats=0 fix=0 utc=0 tx_fw=none rx_fw=unknown
PHASE_GUARD 500
PHASE_START 25 HF-FLRC-325-64 pktSize=64
SYNC_NOT_FOUND first4=D3864A1D
SYNC_NOT_FOUND first4=B2755D60
2026-07-26T14:46:09.258062+00:00 SYNC_NOT_FOUND first4=47CA17E8
SYNC_NOT_FOUND first4=3A751970
2026-07-26T14:46:10.269614+00:00 PHASE_RESULT 25 HF-FLRC-325-64 pktSize=64 rx=0 unique=0 lost=100 per=100.0 rssi_avg=0 rssi_min=0 crc_err=0 garbage=4 tx_lat=0.00000 tx_lon=0.00000 sats=0 fix=0 utc=0 tx_fw=none rx_fw=unknown
PHASE_GUARD 500
PHASE_START 26 HF-FLRC-325-128 pktSize=128
SYNC_NOT_FOUND first4=65D20669
2026-07-26T14:46:11.280629+00:00 SYNC_NOT_FOUND first4=E7B89A3C
SYNC_NOT_FOUND first4=7E4E3174
SYNC_NOT_FOUND first4=88A9DC74
2026-07-26T14:46:12.296953+00:00 PHASE_RESULT 26 HF-FLRC-325-128 pktSize=128 rx=0 unique=0 lost=100 per=100.0 rssi_avg=0 rssi_min=0 crc_err=0 garbage=4 tx_lat=0.00000 tx_lon=0.00000 sats=0 fix=0 utc=0 tx_fw=none rx_fw=unknown
PHASE_GUARD 500
PHASE_START 27 HF-FLRC-325-255 pktSize=255
SYNC_NOT_FOUND first4=F66BC517
2026-07-26T14:46:13.313011+00:00 SYNC_NOT_FOUND first4=BF8D9401
SYNC_NOT_FOUND first4=AA8AFF0E
SYNC_NOT_FOUND first4=6CE23623
2026-07-26T14:46:14.324296+00:00 TIME_SYNCED utc=1785077173 offset=1785062473
PHASE_RESULT 27 HF-FLRC-325-255 pktSize=255 rx=0 unique=0 lost=100 per=100.0 rssi_avg=0 rssi_min=0 crc_err=0 garbage=4 tx_lat=0.00000 tx_lon=0.00000 sats=0 fix=0 utc=0 tx_fw=none rx_fw=unknown
PHASE_GUARD 500
LORA_CFG path=0 bw=0x05 sf=7
PHASE_START 28 LF-LoRa-SF7-32 pktSize=32
2026-07-26T14:46:15.335799+00:00 TIME_SYNCED utc=1785077175 offset=1785062473
2026-07-26T14:46:16.349359+00:00 PHASE_RESULT 28 LF-LoRa-SF7-32 pktSize=32 rx=0 unique=0 lost=20 per=100.0 rssi_avg=0 rssi_min=0 crc_err=0 garbage=0 tx_lat=0.00000 tx_lon=0.00000 sats=0 fix=0 utc=0 tx_fw=none rx_fw=unknown
PHASE_GUARD 500
LORA_CFG path=0 bw=0x05 sf=7
PHASE_START 29 LF-LoRa-SF7-64 pktSize=64
2026-07-26T14:46:19.465202+00:00 PHASE_RESULT 29 LF-LoRa-SF7-64 pktSize=64 rx=0 unique=0 lost=20 per=100.0 rssi_avg=0 rssi_min=0 crc_err=0 garbage=0 tx_lat=0.00000 tx_lon=0.00000 sats=0 fix=0 utc=0 tx_fw=none rx_fw=unknown
PHASE_GUARD 500
LORA_CFG path=0 bw=0x05 sf=7
PHASE_START 30 LF-LoRa-SF7-128 pktSize=128
2026-07-26T14:46:22.581267+00:00 PHASE_RESULT 30 LF-LoRa-SF7-128 pktSize=128 rx=0 unique=0 lost=13 per=100.0 rssi_avg=0 rssi_min=0 crc_err=0 garbage=0 tx_lat=0.00000 tx_lon=0.00000 sats=0 fix=0 utc=0 tx_fw=none rx_fw=unknown
PHASE_GUARD 500
LORA_CFG path=0 bw=0x05 sf=7
2026-07-26T14:46:23.598219+00:00 PHASE_START 31 LF-LoRa-SF7-255 pktSize=255
2026-07-26T14:46:24.610290+00:00 TIME_SYNCED utc=1785077183 offset=1785062472
2026-07-26T14:46:25.622015+00:00 TIME_SYNCED utc=1785077185 offset=1785062473
2026-07-26T14:46:26.633233+00:00 PHASE_RESULT 31 LF-LoRa-SF7-255 pktSize=255 rx=0 unique=0 lost=7 per=100.0 rssi_avg=0 rssi_min=0 crc_err=0 garbage=0 tx_lat=0.00000 tx_lon=0.00000 sats=0 fix=0 utc=0 tx_fw=none rx_fw=unknown
PHASE_GUARD 500
LORA_CFG path=0 bw=0x05 sf=9
PHASE_START 32 LF-LoRa-SF9-32 pktSize=32
2026-07-26T14:46:30.801191+00:00 PHASE_RESULT 32 LF-LoRa-SF9-32 pktSize=32 rx=0 unique=0 lost=7 per=100.0 rssi_avg=0 rssi_min=0 crc_err=0 garbage=0 tx_lat=0.00000 tx_lon=0.00000 sats=0 fix=0 utc=0 tx_fw=none rx_fw=unknown
PHASE_GUARD 500
LORA_CFG path=0 bw=0x05 sf=9
PHASE_START 33 LF-LoRa-SF9-64 pktSize=64
2026-07-26T14:46:33.916033+00:00 PHASE_RESULT 33 LF-LoRa-SF9-64 pktSize=64 rx=0 unique=0 lost=3 per=100.0 rssi_avg=0 rssi_min=0 crc_err=0 garbage=0 tx_lat=0.00000 tx_lon=0.00000 sats=0 fix=0 utc=0 tx_fw=none rx_fw=unknown
PHASE_GUARD 500
LORA_CFG path=0 bw=0x05 sf=9
PHASE_START 34 LF-LoRa-SF9-128 pktSize=128
2026-07-26T14:46:34.925418+00:00 TIME_SYNCED utc=1785077193 offset=1785062472
PHASE_RESULT 34 LF-LoRa-SF9-128 pktSize=128 rx=0 unique=0 lost=1 per=100.0 rssi_avg=0 rssi_min=0 crc_err=0 garbage=0 tx_lat=0.00000 tx_lon=0.00000 sats=0 fix=0 utc=0 tx_fw=none rx_fw=unknown
PHASE_GUARD 500
LORA_CFG path=0 bw=0x05 sf=9
PHASE_START 33 LF-LoRa-SF9-64 pktSize=64
PHASE_RESULT 33 LF-LoRa-SF9-64 pktSize=64 rx=0 unique=0 lost=3 per=100.0 rssi_avg=0 rssi_min=0 crc_err=0 garbage=0 tx_lat=0.00000 tx_lon=0.00000 sats=0 fix=0 utc=0 tx_fw=none rx_fw=unknown
PHASE_GUARD 500
LORA_CFG path=0 bw=0x05 sf=9
PHASE_START 34 LF-LoRa-SF9-128 pktSize=128
2026-07-26T14:46:35.936169+00:00 TIME_SYNCED utc=1785077195 offset=1785062473
PHASE_RESULT 34 LF-LoRa-SF9-128 pktSize=128 rx=0 unique=0 lost=1 per=100.0 rssi_avg=0 rssi_min=0 crc_err=0 garbage=0 tx_lat=0.00000 tx_lon=0.00000 sats=0 fix=0 utc=0 tx_fw=none rx_fw=unknown
PHASE_GUARD 500
LORA_CFG path=0 bw=0x05 sf=9
PHASE_START 35 LF-LoRa-SF9-255 pktSize=255
2026-07-26T14:46:40.104794+00:00 PHASE_RESULT 35 LF-LoRa-SF9-255 pktSize=255 rx=0 unique=0 lost=1 per=100.0 rssi_avg=0 rssi_min=0 crc_err=0 garbage=0 tx_lat=0.00000 tx_lon=0.00000 sats=0 fix=0 utc=0 tx_fw=none rx_fw=unknown
PHASE_GUARD 500
LORA_CFG path=0 bw=0x05 sf=12
PHASE_START 36 LF-LoRa-SF12-32 pktSize=32
2026-07-26T14:46:45.327177+00:00 TIME_SYNCED utc=1785077204 offset=1785062473
TIME_SYNCED utc=1785077205 offset=1785062473
2026-07-26T14:46:54.747982+00:00 PHASE_RESULT 36 LF-LoRa-SF12-32 pktSize=32 rx=0 unique=0 lost=1 per=100.0 rssi_avg=0 rssi_min=0 crc_err=0 garbage=0 tx_lat=0.00000 tx_lon=0.00000 sats=0 fix=0 utc=0 tx_fw=none rx_fw=unknown
PHASE_GUARD 500
LORA_CFG path=0 bw=0x05 sf=12
PHASE_START 37 LF-LoRa-SF12-SKIP SKIP pktSize=64
2026-07-26T14:46:55.762125+00:00 TIME_SYNCED utc=1785077214 offset=1785062472
PHASE_RESULT 37 LF-LoRa-SF12-SKIP pktSize=64 rx=0 unique=0 lost=0 per=0.0 rssi_avg=0 rssi_min=0 crc_err=0 garbage=0 tx_lat=0.00000 tx_lon=0.00000 sats=0 fix=0 utc=0 tx_fw=none rx_fw=unknown
PHASE_GUARD 500
LORA_CFG path=0 bw=0x05 sf=12
PHASE_START 36 LF-LoRa-SF12-32 pktSize=32
TIME_SYNCED utc=1785077215 offset=1785062473
PHASE_RESULT 36 LF-LoRa-SF12-32 pktSize=32 rx=0 unique=0 lost=1 per=100.0 rssi_avg=0 rssi_min=0 crc_err=0 garbage=0 tx_lat=0.00000 tx_lon=0.00000 sats=0 fix=0 utc=0 tx_fw=none rx_fw=unknown
PHASE_GUARD 500
LORA_CFG path=0 bw=0x05 sf=12
PHASE_START 37 LF-LoRa-SF12-SKIP SKIP pktSize=64
PHASE_RESULT 37 LF-LoRa-SF12-SKIP pktSize=64 rx=0 unique=0 lost=0 per=0.0 rssi_avg=0 rssi_min=0 crc_err=0 garbage=0 tx_lat=0.00000 tx_lon=0.00000 sats=0 fix=0 utc=0 tx_fw=none rx_fw=unknown
PHASE_GUARD 500
LORA_CFG path=0 bw=0x05 sf=12
PHASE_START 38 LF-LoRa-SF12-SKIP SKIP pktSize=128
2026-07-26T14:46:56.773391+00:00 PHASE_RESULT 38 LF-LoRa-SF12-SKIP pktSize=128 rx=0 unique=0 lost=0 per=0.0 rssi_avg=0 rssi_min=0 crc_err=0 garbage=0 tx_lat=0.00000 tx_lon=0.00000 sats=0 fix=0 utc=0 tx_fw=none rx_fw=unknown
PHASE_GUARD 500
LORA_CFG path=0 bw=0x05 sf=12
PHASE_START 39 LF-LoRa-SF12-SKIP SKIP pktSize=255
2026-07-26T14:46:57.784424+00:00 PHASE_RESULT 39 LF-LoRa-SF12-SKIP pktSize=255 rx=0 unique=0 lost=0 per=0.0 rssi_avg=0 rssi_min=0 crc_err=0 garbage=0 tx_lat=0.00000 tx_lon=0.00000 sats=0 fix=0 utc=0 tx_fw=none rx_fw=unknown
PHASE_GUARD 500
PHASE_START 40 LF-FLRC-2600-32 pktSize=32
SYNC_NOT_FOUND first4=AF7D7F1C
2026-07-26T14:46:58.799185+00:00 SYNC_NOT_FOUND first4=218059B6
2026-07-26T14:46:59.810795+00:00 SYNC_NOT_FOUND first4=3CA15C16
PHASE_RESULT 40 LF-FLRC-2600-32 pktSize=32 rx=0 unique=0 lost=100 per=100.0 rssi_avg=0 rssi_min=0 crc_err=0 garbage=3 tx_lat=0.00000 tx_lon=0.00000 sats=0 fix=0 utc=0 tx_fw=none rx_fw=unknown
PHASE_GUARD 500
PHASE_START 41 LF-FLRC-2600-64 pktSize=64
2026-07-26T14:47:00.821992+00:00 SYNC_NOT_FOUND first4=838CD977
2026-07-26T14:47:01.834853+00:00 PHASE_RESULT 41 LF-FLRC-2600-64 pktSize=64 rx=0 unique=0 lost=100 per=100.0 rssi_avg=0 rssi_min=0 crc_err=0 garbage=1 tx_lat=0.00000 tx_lon=0.00000 sats=0 fix=0 utc=0 tx_fw=none rx_fw=unknown
PHASE_GUARD 500
PHASE_START 42 LF-FLRC-2600-128 pktSize=128
SYNC_NOT_FOUND first4=5733E425
2026-07-26T14:47:02.846129+00:00 SYNC_NOT_FOUND first4=CDCD9CE6
2026-07-26T14:47:03.857937+00:00 PHASE_RESULT 42 LF-FLRC-2600-128 pktSize=128 rx=0 unique=0 lost=100 per=100.0 rssi_avg=0 rssi_min=0 crc_err=0 garbage=2 tx_lat=0.00000 tx_lon=0.00000 sats=0 fix=0 utc=0 tx_fw=none rx_fw=unknown
PHASE_GUARD 500
PHASE_START 43 LF-FLRC-2600-255 pktSize=255
2026-07-26T14:47:05.925306+00:00 TIME_SYNCED utc=1785077224 offset=1785062472
SYNC_NOT_FOUND first4=D372CCA6
TIME_SYNCED utc=1785077225 offset=1785062473
SYNC_NOT_FOUND first4=EC1F7441
SYNC_NOT_FOUND first4=334767A1
PHASE_RESULT 43 LF-FLRC-2600-255 pktSize=255 rx=0 unique=0 lost=100 per=100.0 rssi_avg=0 rssi_min=0 crc_err=0 garbage=3 tx_lat=0.00000 tx_lon=0.00000 sats=0 fix=0 utc=0 tx_fw=none rx_fw=unknown
PHASE_GUARD 500
PHASE_START 44 LF-FLRC-1300-32 pktSize=32
2026-07-26T14:47:07.990381+00:00 PHASE_RESULT 44 LF-FLRC-1300-32 pktSize=32 rx=0 unique=0 lost=100 per=100.0 rssi_avg=0 rssi_min=0 crc_err=0 garbage=0 tx_lat=0.00000 tx_lon=0.00000 sats=0 fix=0 utc=0 tx_fw=none rx_fw=unknown
PHASE_GUARD 500
PHASE_START 45 LF-FLRC-1300-64 pktSize=64
2026-07-26T14:47:09.001985+00:00 SYNC_NOT_FOUND first4=046032E1
SYNC_NOT_FOUND first4=A6F401B6
2026-07-26T14:47:10.018357+00:00 PHASE_RESULT 45 LF-FLRC-1300-64 pktSize=64 rx=0 unique=0 lost=100 per=100.0 rssi_avg=0 rssi_min=0 crc_err=0 garbage=2 tx_lat=0.00000 tx_lon=0.00000 sats=0 fix=0 utc=0 tx_fw=none rx_fw=unknown
PHASE_GUARD 500
PHASE_START 46 LF-FLRC-1300-128 pktSize=128
2026-07-26T14:47:12.081389+00:00 PHASE_RESULT 46 LF-FLRC-1300-128 pktSize=128 rx=0 unique=0 lost=100 per=100.0 rssi_avg=0 rssi_min=0 crc_err=0 garbage=0 tx_lat=0.00000 tx_lon=0.00000 sats=0 fix=0 utc=0 tx_fw=none rx_fw=unknown
PHASE_GUARD 500
PHASE_START 47 LF-FLRC-1300-255 pktSize=255
2026-07-26T14:47:14.143360+00:00 PHASE_RESULT 47 LF-FLRC-1300-255 pktSize=255 rx=0 unique=0 lost=100 per=100.0 rssi_avg=0 rssi_min=0 crc_err=0 garbage=0 tx_lat=0.00000 tx_lon=0.00000 sats=0 fix=0 utc=0 tx_fw=none rx_fw=unknown
PHASE_GUARD 500
PHASE_START 48 LF-FLRC-650-32 pktSize=32
SYNC_NOT_FOUND first4=3E25741A
2026-07-26T14:47:15.156862+00:00 SYNC_NOT_FOUND first4=017ABFB4
TIME_SYNCED utc=1785077235 offset=1785062473
2026-07-26T14:47:16.168299+00:00 TIME_SYNCED utc=1785077235 offset=1785062473
PHASE_RESULT 48 LF-FLRC-650-32 pktSize=32 rx=0 unique=0 lost=100 per=100.0 rssi_avg=0 rssi_min=0 crc_err=0 garbage=2 tx_lat=0.00000 tx_lon=0.00000 sats=0 fix=0 utc=0 tx_fw=none rx_fw=unknown
PHASE_GUARD 500
PHASE_START 49 LF-FLRC-650-64 pktSize=64
SYNC_NOT_FOUND first4=B2AEA1C7
SYNC_NOT_FOUND first4=AB85CD5D
2026-07-26T14:47:17.179591+00:00 SYNC_NOT_FOUND first4=18F88232
2026-07-26T14:47:18.190883+00:00 SYNC_NOT_FOUND first4=FA07D4FE
PHASE_RESULT 49 LF-FLRC-650-64 pktSize=64 rx=0 unique=0 lost=100 per=100.0 rssi_avg=0 rssi_min=0 crc_err=0 garbage=4 tx_lat=0.00000 tx_lon=0.00000 sats=0 fix=0 utc=0 tx_fw=none rx_fw=unknown
PHASE_GUARD 500
PHASE_START 50 LF-FLRC-650-128 pktSize=128
2026-07-26T14:47:19.205286+00:00 SYNC_NOT_FOUND first4=FF814CD1
2026-07-26T14:47:20.217656+00:00 PHASE_RESULT 50 LF-FLRC-650-128 pktSize=128 rx=0 unique=0 lost=100 per=100.0 rssi_avg=0 rssi_min=0 crc_err=0 garbage=1 tx_lat=0.00000 tx_lon=0.00000 sats=0 fix=0 utc=0 tx_fw=none rx_fw=unknown
PHASE_GUARD 500
PHASE_START 51 LF-FLRC-650-255 pktSize=255
SYNC_NOT_FOUND first4=A9652F9C
2026-07-26T14:47:21.233408+00:00 SYNC_NOT_FOUND first4=C44B20EA
SYNC_NOT_FOUND first4=678116C5
SYNC_NOT_FOUND first4=584813BF
SYNC_NOT_FOUND first4=930D8090
SYNC_NOT_FOUND first4=DB2E124C
SYNC_NOT_FOUND first4=D0FF9A0F
2026-07-26T14:47:22.245062+00:00 SYNC_NOT_FOUND first4=B560EB80
PHASE_RESULT 51 LF-FLRC-650-255 pktSize=255 rx=0 unique=0 lost=100 per=100.0 rssi_avg=0 rssi_min=0 crc_err=0 garbage=8 tx_lat=0.00000 tx_lon=0.00000 sats=0 fix=0 utc=0 tx_fw=none rx_fw=unknown
PHASE_GUARD 500
PHASE_START 52 LF-FLRC-325-32 pktSize=32
2026-07-26T14:47:24.307241+00:00 PHASE_RESULT 52 LF-FLRC-325-32 pktSize=32 rx=0 unique=0 lost=100 per=100.0 rssi_avg=0 rssi_min=0 crc_err=0 garbage=0 tx_lat=0.00000 tx_lon=0.00000 sats=0 fix=0 utc=0 tx_fw=none rx_fw=unknown
PHASE_GUARD 500
PHASE_START 53 LF-FLRC-325-64 pktSize=64
2026-07-26T14:47:25.322829+00:00 TIME_SYNCED utc=1785077245 offset=1785062473
2026-07-26T14:47:26.327357+00:00 TIME_SYNCED utc=1785077245 offset=1785062473
PHASE_RESULT 53 LF-FLRC-325-64 pktSize=64 rx=0 unique=0 lost=100 per=100.0 rssi_avg=0 rssi_min=0 crc_err=0 garbage=0 tx_lat=0.00000 tx_lon=0.00000 sats=0 fix=0 utc=0 tx_fw=none rx_fw=unknown
PHASE_GUARD 500
PHASE_START 54 LF-FLRC-325-128 pktSize=128
2026-07-26T14:47:28.390379+00:00 PHASE_RESULT 54 LF-FLRC-325-128 pktSize=128 rx=0 unique=0 lost=100 per=100.0 rssi_avg=0 rssi_min=0 crc_err=0 garbage=0 tx_lat=0.00000 tx_lon=0.00000 sats=0 fix=0 utc=0 tx_fw=none rx_fw=unknown
PHASE_GUARD 500
PHASE_START 55 LF-FLRC-325-255 pktSize=255
2026-07-26T14:47:30.453293+00:00 PHASE_RESULT 55 LF-FLRC-325-255 pktSize=255 rx=0 unique=0 lost=100 per=100.0 rssi_avg=0 rssi_min=0 crc_err=0 garbage=0 tx_lat=0.00000 tx_lon=0.00000 sats=0 fix=0 utc=0 tx_fw=none rx_fw=unknown
PHASE_GUARD 500
LORA_CFG path=1 bw=0x0F sf=7
PHASE_START 0 HF-LoRa-SF7-32 pktSize=32
2026-07-26T14:47:31.467013+00:00 PHASE_RESULT 0 HF-LoRa-SF7-32 pktSize=32 rx=0 unique=0 lost=20 per=100.0 rssi_avg=0 rssi_min=0 crc_err=0 garbage=0 tx_lat=0.00000 tx_lon=0.00000 sats=0 fix=0 utc=0 tx_fw=none rx_fw=unknown
PHASE_GUARD 500
2026-07-26T14:47:32.479126+00:00 LORA_CFG path=1 bw=0x0F sf=7
PHASE_START 1 HF-LoRa-SF7-64 pktSize=64
2026-07-26T14:47:33.490377+00:00 PHASE_RESULT 1 HF-LoRa-SF7-64 pktSize=64 rx=0 unique=0 lost=20 per=100.0 rssi_avg=0 rssi_min=0 crc_err=0 garbage=0 tx_lat=0.00000 tx_lon=0.00000 sats=0 fix=0 utc=0 tx_fw=none rx_fw=unknown
PHASE_GUARD 500
2026-07-26T14:47:34.507696+00:00 LORA_CFG path=1 bw=0x0F sf=7
PHASE_START 2 HF-LoRa-SF7-128 pktSize=128
2026-07-26T14:47:35.519240+00:00 TIME_SYNCED utc=1785077255 offset=1785062473
PHASE_RESULT 2 HF-LoRa-SF7-128 pktSize=128 rx=0 unique=0 lost=20 per=100.0 rssi_avg=0 rssi_min=0 crc_err=0 garbage=0 tx_lat=0.00000 tx_lon=0.00000 sats=0 fix=0 utc=0 tx_fw=none rx_fw=unknown
PHASE_GUARD 500
LORA_CFG path=1 bw=0x0F sf=7
2026-07-26T14:47:36.530731+00:00 PHASE_START 3 HF-LoRa-SF7-255 pktSize=255
TIME_SYNCED utc=1785077255 offset=1785062472
PHASE_RESULT 3 HF-LoRa-SF7-255 pktSize=255 rx=0 unique=0 lost=20 per=100.0 rssi_avg=0 rssi_min=0 crc_err=0 garbage=0 tx_lat=0.00000 tx_lon=0.00000 sats=0 fix=0 utc=0 tx_fw=none rx_fw=unknown
PHASE_GUARD 500
LORA_CFG path=1 bw=0x0F sf=7
PHASE_START 2 HF-LoRa-SF7-128 pktSize=128
PHASE_RESULT 2 HF-LoRa-SF7-128 pktSize=128 rx=0 unique=0 lost=20 per=100.0 rssi_avg=0 rssi_min=0 crc_err=0 garbage=0 tx_lat=0.00000 tx_lon=0.00000 sats=0 fix=0 utc=0 tx_fw=none rx_fw=unknown
PHASE_GUARD 500
LORA_CFG path=1 bw=0x0F sf=7
2026-07-26T14:47:37.536352+00:00 PHASE_START 3 HF-LoRa-SF7-255 pktSize=255
2026-07-26T14:47:39.598844+00:00 PHASE_RESULT 3 HF-LoRa-SF7-255 pktSize=255 rx=0 unique=0 lost=20 per=100.0 rssi_avg=0 rssi_min=0 crc_err=0 garbage=0 tx_lat=0.00000 tx_lon=0.00000 sats=0 fix=0 utc=0 tx_fw=none rx_fw=unknown
PHASE_GUARD 500
LORA_CFG path=1 bw=0x0F sf=9
PHASE_START 4 HF-LoRa-SF9-32 pktSize=32
2026-07-26T14:47:41.665472+00:00 PHASE_RESULT 4 HF-LoRa-SF9-32 pktSize=32 rx=0 unique=0 lost=20 per=100.0 rssi_avg=0 rssi_min=0 crc_err=0 garbage=0 tx_lat=0.00000 tx_lon=0.00000 sats=0 fix=0 utc=0 tx_fw=none rx_fw=unknown
PHASE_GUARD 500
LORA_CFG path=1 bw=0x0F sf=9
PHASE_START 5 HF-LoRa-SF9-64 pktSize=64
2026-07-26T14:47:44.783826+00:00 PHASE_RESULT 5 HF-LoRa-SF9-64 pktSize=64 rx=0 unique=0 lost=20 per=100.0 rssi_avg=0 rssi_min=0 crc_err=0 garbage=0 tx_lat=0.00000 tx_lon=0.00000 sats=0 fix=0 utc=0 tx_fw=none rx_fw=unknown
PHASE_GUARD 500
LORA_CFG path=1 bw=0x0F sf=9
PHASE_START 6 HF-LoRa-SF9-128 pktSize=128
2026-07-26T14:47:45.799108+00:00 TIME_SYNCED utc=1785077265 offset=1785062473
2026-07-26T14:47:46.807363+00:00 TIME_SYNCED utc=1785077265 offset=1785062472
2026-07-26T14:47:48.868058+00:00 PHASE_RESULT 6 HF-LoRa-SF9-128 pktSize=128 rx=0 unique=0 lost=13 per=100.0 rssi_avg=0 rssi_min=0 crc_err=0 garbage=0 tx_lat=0.00000 tx_lon=0.00000 sats=0 fix=0 utc=0 tx_fw=none rx_fw=unknown
PHASE_GUARD 500
LORA_CFG path=1 bw=0x0F sf=9
PHASE_START 7 HF-LoRa-SF9-255 pktSize=255
2026-07-26T14:47:51.983018+00:00 PHASE_RESULT 7 HF-LoRa-SF9-255 pktSize=255 rx=0 unique=0 lost=6 per=100.0 rssi_avg=0 rssi_min=0 crc_err=0 garbage=0 tx_lat=0.00000 tx_lon=0.00000 sats=0 fix=0 utc=0 tx_fw=none rx_fw=unknown
PHASE_GUARD 500
LORA_CFG path=1 bw=0x0F sf=12
PHASE_START 8 HF-LoRa-SF12-32 pktSize=32
2026-07-26T14:47:55.097535+00:00 PHASE_RESULT 8 HF-LoRa-SF12-32 pktSize=32 rx=0 unique=0 lost=2 per=100.0 rssi_avg=0 rssi_min=0 crc_err=0 garbage=0 tx_lat=0.00000 tx_lon=0.00000 sats=0 fix=0 utc=0 tx_fw=none rx_fw=unknown
PHASE_GUARD 500
LORA_CFG path=1 bw=0x0F sf=12
PHASE_START 9 HF-LoRa-SF12-64 pktSize=64
2026-07-26T14:47:56.110332+00:00 TIME_SYNCED utc=1785077275 offset=1785062473
2026-07-26T14:47:57.122078+00:00 TIME_SYNCED utc=1785077276 offset=1785062473
PHASE_RESULT 9 HF-LoRa-SF12-64 pktSize=64 rx=0 unique=0 lost=1 per=100.0 rssi_avg=0 rssi_min=0 crc_err=0 garbage=0 tx_lat=0.00000 tx_lon=0.00000 sats=0 fix=0 utc=0 tx_fw=none rx_fw=unknown
PHASE_GUARD 500
LORA_CFG path=1 bw=0x0F sf=12
PHASE_START 10 HF-LoRa-SF12-128 pktSize=128
2026-07-26T14:48:02.338310+00:00 PHASE_RESULT 10 HF-LoRa-SF12-128 pktSize=128 rx=0 unique=0 lost=1 per=100.0 rssi_avg=0 rssi_min=0 crc_err=0 garbage=0 tx_lat=0.00000 tx_lon=0.00000 sats=0 fix=0 utc=0 tx_fw=none rx_fw=unknown
PHASE_GUARD 500
LORA_CFG path=1 bw=0x0F sf=12
PHASE_START 11 HF-LoRa-SF12-255 pktSize=255
2026-07-26T14:48:05.456001+00:00 TIME_SYNCED utc=1785077285 offset=1785062473
2026-07-26T14:48:07.522399+00:00 TIME_SYNCED utc=1785077286 offset=1785062472
2026-07-26T14:48:12.738431+00:00 PHASE_RESULT 11 HF-LoRa-SF12-255 pktSize=255 rx=0 unique=0 lost=1 per=100.0 rssi_avg=0 rssi_min=0 crc_err=0 garbage=0 tx_lat=0.00000 tx_lon=0.00000 sats=0 fix=0 utc=0 tx_fw=none rx_fw=unknown
PHASE_GUARD 500
PHASE_START 12 HF-FLRC-2600-32 pktSize=32
SYNC_NOT_FOUND first4=F4324E29
SYNC_NOT_FOUND first4=B8910B8F
2026-07-26T14:48:13.750374+00:00 SYNC_NOT_FOUND first4=9B159A56
SYNC_NOT_FOUND first4=48411A9C
SYNC_NOT_FOUND first4=2229CF68
SYNC_NOT_FOUND first4=8DC329C5
SYNC_NOT_FOUND first4=BD285A88
SYNC_NOT_FOUND first4=3F51C461
SYNC_NOT_FOUND first4=5D5F2CBF
SYNC_NOT_FOUND first4=B5247587
SYNC_NOT_FOUND first4=87734099
2026-07-26T14:48:14.754624+00:00 SYNC_NOT_FOUND first4=CC19098F
SYNC_NOT_FOUND first4=848244F8
SYNC_NOT_FOUND first4=A2A6B5BC
PHASE_RESULT 12 HF-FLRC-2600-32 pktSize=32 rx=0 unique=0 lost=100 per=100.0 rssi_avg=0 rssi_min=0 crc_err=0 garbage=14 tx_lat=0.00000 tx_lon=0.00000 sats=0 fix=0 utc=0 tx_fw=none rx_fw=unknown
PHASE_GUARD 500
PHASE_START 13 HF-FLRC-2600-64 pktSize=64
SYNC_NOT_FOUND first4=8BCD9E9B
2026-07-26T14:48:15.765606+00:00 SYNC_NOT_FOUND first4=59F20761
TIME_SYNCED utc=1785077295 offset=1785062473
SYNC_NOT_FOUND first4=BA43D729
PHASE_RESULT 13 HF-FLRC-2600-64 pktSize=64 rx=0 unique=0 lost=100 per=100.0 rssi_avg=0 rssi_min=0 crc_err=0 garbage=3 tx_lat=0.00000 tx_lon=0.00000 sats=0 fix=0 utc=0 tx_fw=none rx_fw=unknown
PHASE_GUARD 500
PHASE_START 14 HF-FLRC-2600-128 pktSize=128
SYNC_NOT_FOUND first4=90F502A0
2026-07-26T14:48:16.777349+00:00 SYNC_NOT_FOUND first4=F6788F31
SYNC_NOT_FOUND first4=0603E243
SYNC_NOT_FOUND first4=7E730694
SYNC_NOT_FOUND first4=709FC508
2026-07-26T14:48:17.788822+00:00 TIME_SYNCED utc=1785077296 offset=1785062472
SYNC_NOT_FOUND first4=D4F97F57
SYNC_NOT_FOUND first4=D63CDE0B
SYNC_NOT_FOUND first4=E1CC076A
SYNC_NOT_FOUND first4=74093AB5
2026-07-26T14:48:18.799693+00:00 SYNC_NOT_FOUND first4=CEB09754
SYNC_NOT_FOUND first4=748CEB9F
SYNC_NOT_FOUND first4=FECE4702
SYNC_NOT_FOUND first4=67EE20D5
PHASE_RESULT 14 HF-FLRC-2600-128 pktSize=128 rx=0 unique=0 lost=100 per=100.0 rssi_avg=0 rssi_min=0 crc_err=0 garbage=13 tx_lat=0.00000 tx_lon=0.00000 sats=0 fix=0 utc=0 tx_fw=none rx_fw=unknown
PHASE_GUARD 500
PHASE_START 15 HF-FLRC-2600-255 pktSize=255
SYNC_NOT_FOUND first4=CDAF2F5C
SYNC_NOT_FOUND first4=7339066F
SYNC_NOT_FOUND first4=2A450B1D
2026-07-26T14:48:19.810195+00:00 SYNC_NOT_FOUND first4=83ABFAD0
SYNC_NOT_FOUND first4=C9564086
SYNC_NOT_FOUND first4=1CF4411B
2026-07-26T14:48:20.821353+00:00 SYNC_NOT_FOUND first4=8EBFE8B3
SYNC_NOT_FOUND first4=8FA91F82
SYNC_NOT_FOUND first4=E2D4BA72
PHASE_RESULT 15 HF-FLRC-2600-255 pktSize=255 rx=0 unique=0 lost=100 per=100.0 rssi_avg=0 rssi_min=0 crc_err=0 garbage=9 tx_lat=0.00000 tx_lon=0.00000 sats=0 fix=0 utc=0 tx_fw=none rx_fw=unknown
PHASE_GUARD 500
PHASE_START 16 HF-FLRC-1300-32 pktSize=32
2026-07-26T14:48:21.833149+00:00 SYNC_NOT_FOUND first4=974059C4
SYNC_NOT_FOUND first4=0B85DA27
2026-07-26T14:48:22.844291+00:00 PHASE_RESULT 16 HF-FLRC-1300-32 pktSize=32 rx=0 unique=0 lost=100 per=100.0 rssi_avg=0 rssi_min=0 crc_err=0 garbage=2 tx_lat=0.00000 tx_lon=0.00000 sats=0 fix=0 utc=0 tx_fw=none rx_fw=unknown
PHASE_GUARD 500
PHASE_START 17 HF-FLRC-1300-64 pktSize=64
2026-07-26T14:48:23.856213+00:00 SYNC_NOT_FOUND first4=34E4BB53
2026-07-26T14:48:24.859811+00:00 SYNC_NOT_FOUND first4=69F01BC8
SYNC_NOT_FOUND first4=B45F4C02
PHASE_RESULT 17 HF-FLRC-1300-64 pktSize=64 rx=0 unique=0 lost=100 per=100.0 rssi_avg=0 rssi_min=0 crc_err=0 garbage=3 tx_lat=0.00000 tx_lon=0.00000 sats=0 fix=0 utc=0 tx_fw=none rx_fw=unknown
PHASE_GUARD 500
PHASE_START 18 HF-FLRC-1300-128 pktSize=128
2026-07-26T14:48:25.871748+00:00 SYNC_NOT_FOUND first4=B3089510
TIME_SYNCED utc=1785077305 offset=1785062473
PHASE_RESULT 18 HF-FLRC-1300-128 pktSize=128 rx=0 unique=0 lost=100 per=100.0 rssi_avg=0 rssi_min=0 crc_err=0 garbage=1 tx_lat=0.00000 tx_lon=0.00000 sats=0 fix=0 utc=0 tx_fw=none rx_fw=unknown
PHASE_GUARD 500
PHASE_START 19 HF-FLRC-1300-255 pktSize=255
2026-07-26T14:48:26.883733+00:00 SYNC_NOT_FOUND first4=9122B0D0
SYNC_NOT_FOUND first4=50F6D8E7
2026-07-26T14:48:27.894827+00:00 TIME_SYNCED utc=1785077306 offset=1785062472
SYNC_NOT_FOUND first4=9B01E318
SYNC_NOT_FOUND first4=9D305899
SYNC_NOT_FOUND first4=C8610606
2026-07-26T14:48:28.906057+00:00 PHASE_RESULT 19 HF-FLRC-1300-255 pktSize=255 rx=0 unique=0 lost=100 per=100.0 rssi_avg=0 rssi_min=0 crc_err=0 garbage=5 tx_lat=0.00000 tx_lon=0.00000 sats=0 fix=0 utc=0 tx_fw=none rx_fw=unknown
PHASE_GUARD 500
PHASE_START 20 HF-FLRC-650-32 pktSize=32
SYNC_NOT_FOUND first4=22B2DEBE
SYNC_NOT_FOUND first4=DCAAB457
2026-07-26T14:48:29.916585+00:00 SYNC_NOT_FOUND first4=0ABC55DD
SYNC_NOT_FOUND first4=E5A02844
SYNC_NOT_FOUND first4=FA279957
SYNC_NOT_FOUND first4=49C72E9F
SYNC_NOT_FOUND first4=66103628
SYNC_NOT_FOUND first4=3C0BE322
SYNC_NOT_FOUND first4=928A797A
SYNC_NOT_FOUND first4=80C77449
2026-07-26T14:48:30.927979+00:00 SYNC_NOT_FOUND first4=D1A9FDC6
SYNC_NOT_FOUND first4=A5018352
SYNC_NOT_FOUND first4=88A1630F
SYNC_NOT_FOUND first4=AC5819BB
SYNC_NOT_FOUND first4=A3312BAC
SYNC_NOT_FOUND first4=5BE6E306
SYNC_NOT_FOUND first4=3E6BD03F
SYNC_NOT_FOUND first4=6A02B839
SYNC_NOT_FOUND first4=14B640F9
SYNC_NOT_FOUND first4=854D9C3D
PHASE_RESULT 20 HF-FLRC-650-32 pktSize=32 rx=0 unique=0 lost=100 per=100.0 rssi_avg=0 rssi_min=0 crc_err=0 garbage=20 tx_lat=0.00000 tx_lon=0.00000 sats=0 fix=0 utc=0 tx_fw=none rx_fw=unknown
PHASE_GUARD 500
PHASE_START 21 HF-FLRC-650-64 pktSize=64
SYNC_NOT_FOUND first4=2B12F3E2
SYNC_NOT_FOUND first4=711760BE
SYNC_NOT_FOUND first4=169F6C45
SYNC_NOT_FOUND first4=29400BCC
SYNC_NOT_FOUND first4=2F8C79E2
SYNC_NOT_FOUND first4=69B0B304
SYNC_NOT_FOUND first4=2AC3D90D
2026-07-26T14:48:31.939688+00:00 SYNC_NOT_FOUND first4=8D13C7D3
SYNC_NOT_FOUND first4=5604E212
SYNC_NOT_FOUND first4=B20ECBA6
SYNC_NOT_FOUND first4=C7E05EB5
SYNC_NOT_FOUND first4=0AB23FBA
SYNC_NOT_FOUND first4=29974849
SYNC_NOT_FOUND first4=1A0C562C
SYNC_NOT_FOUND first4=C15EADA3
SYNC_NOT_FOUND first4=96873BDD
2026-07-26T14:48:32.950457+00:00 SYNC_NOT_FOUND first4=8D74E504
SYNC_NOT_FOUND first4=7CC701E0
SYNC_NOT_FOUND first4=EA99FD2B
SYNC_NOT_FOUND first4=9F4BF873
SYNC_NOT_FOUND first4=78093C58
SYNC_NOT_FOUND first4=4173188A
SYNC_NOT_FOUND first4=780F967C
SYNC_NOT_FOUND first4=67335DB6
SYNC_NOT_FOUND first4=EFE599E7
SYNC_NOT_FOUND first4=20654261
SYNC_NOT_FOUND first4=91D34802
PHASE_RESULT 21 HF-FLRC-650-64 pktSize=64 rx=0 unique=0 lost=100 per=100.0 rssi_avg=0 rssi_min=0 crc_err=0 garbage=27 tx_lat=0.00000 tx_lon=0.00000 sats=0 fix=0 utc=0 tx_fw=none rx_fw=unknown
PHASE_GUARD 500
PHASE_START 22 HF-FLRC-650-128 pktSize=128
SYNC_NOT_FOUND first4=E2F2C462
SYNC_NOT_FOUND first4=28052122
SYNC_NOT_FOUND first4=1F2D3614
SYNC_NOT_FOUND first4=CAB2C157
SYNC_NOT_FOUND first4=763022B7
SYNC_NOT_FOUND first4=8A8EA45A
2026-07-26T14:48:33.961615+00:00 SYNC_NOT_FOUND first4=E0996875
SYNC_NOT_FOUND first4=8201A735
SYNC_NOT_FOUND first4=F0E5272C
SYNC_NOT_FOUND first4=5E9B388D
SYNC_NOT_FOUND first4=CD9BF0F4
SYNC_NOT_FOUND first4=86945072
SYNC_NOT_FOUND first4=78AA456A
SYNC_NOT_FOUND first4=F7EADB7A
SYNC_NOT_FOUND first4=EC88CBE7
SYNC_NOT_FOUND first4=C90E3ABA
SYNC_NOT_FOUND first4=48B5F52C
SYNC_NOT_FOUND first4=26EBD032
SYNC_NOT_FOUND first4=3EB7A4F0
SYNC_NOT_FOUND first4=DF1EB95F
SYNC_NOT_FOUND first4=B863B141
SYNC_NOT_FOUND first4=313105D0
SYNC_NOT_FOUND first4=4630DB51
SYNC_NOT_FOUND first4=45A15AD0
SYNC_NOT_FOUND first4=E0CDDDAD
2026-07-26T14:48:34.972666+00:00 SYNC_NOT_FOUND first4=1DCA6DA3
SYNC_NOT_FOUND first4=995EC218
SYNC_NOT_FOUND first4=FBE04CB1
SYNC_NOT_FOUND first4=0914E167
SYNC_NOT_FOUND first4=31719B8C
SYNC_NOT_FOUND first4=91E54F88
SYNC_NOT_FOUND first4=3DA9D29E
SYNC_NOT_FOUND first4=7EDD36A3
PHASE_RESULT 22 HF-FLRC-650-128 pktSize=128 rx=0 unique=0 lost=100 per=100.0 rssi_avg=0 rssi_min=0 crc_err=0 garbage=33 tx_lat=0.00000 tx_lon=0.00000 sats=0 fix=0 utc=0 tx_fw=none rx_fw=unknown
PHASE_GUARD 500
PHASE_START 23 HF-FLRC-650-255 pktSize=255
SYNC_NOT_FOUND first4=97D6CD18
SYNC_NOT_FOUND first4=BDACB320
SYNC_NOT_FOUND first4=79C319A2
SYNC_NOT_FOUND first4=79438A70
2026-07-26T14:48:35.984677+00:00 SYNC_NOT_FOUND first4=C7FAB2C0
SYNC_NOT_FOUND first4=6F6CBA78
SYNC_NOT_FOUND first4=7E94C1E6
TIME_SYNCED utc=1785077315 offset=1785062473
SYNC_NOT_FOUND first4=480607E3
SYNC_NOT_FOUND first4=0550C7D2
SYNC_NOT_FOUND first4=006E7A64
PHASE_RESULT 23 HF-FLRC-650-255 pktSize=255 rx=0 unique=0 lost=100 per=100.0 rssi_avg=0 rssi_min=0 crc_err=0 garbage=10 tx_lat=0.00000 tx_lon=0.00000 sats=0 fix=0 utc=0 tx_fw=none rx_fw=unknown
PHASE_GUARD 500
PHASE_START 24 HF-FLRC-325-32 pktSize=32
SYNC_NOT_FOUND first4=8DAAB6CA
2026-07-26T14:48:36.996778+00:00 SYNC_NOT_FOUND first4=CBA302FA
2026-07-26T14:48:38.000509+00:00 TIME_SYNCED utc=1785077317 offset=1785062473
PHASE_RESULT 24 HF-FLRC-325-32 pktSize=32 rx=0 unique=0 lost=100 per=100.0 rssi_avg=0 rssi_min=0 crc_err=0 garbage=2 tx_lat=0.00000 tx_lon=0.00000 sats=0 fix=0 utc=0 tx_fw=none rx_fw=unknown
PHASE_GUARD 500
PHASE_START 25 HF-FLRC-325-64 pktSize=64
SYNC_NOT_FOUND first4=EED4E5F6
SYNC_NOT_FOUND first4=12F6CAC8
2026-07-26T14:48:39.011840+00:00 SYNC_NOT_FOUND first4=28719E9E
SYNC_NOT_FOUND first4=D342F522
SYNC_NOT_FOUND first4=DE084485
2026-07-26T14:48:40.023102+00:00 SYNC_NOT_FOUND first4=442E0A32
SYNC_NOT_FOUND first4=433FC584
PHASE_RESULT 25 HF-FLRC-325-64 pktSize=64 rx=0 unique=0 lost=100 per=100.0 rssi_avg=0 rssi_min=0 crc_err=0 garbage=7 tx_lat=0.00000 tx_lon=0.00000 sats=0 fix=0 utc=0 tx_fw=none rx_fw=unknown
PHASE_GUARD 500
PHASE_START 26 HF-FLRC-325-128 pktSize=128
SYNC_NOT_FOUND first4=2CDADDFB
SYNC_NOT_FOUND first4=06EE03CA
2026-07-26T14:48:41.035276+00:00 SYNC_NOT_FOUND first4=7F85663C
SYNC_NOT_FOUND first4=FEB61564
SYNC_NOT_FOUND first4=C1590362
SYNC_NOT_FOUND first4=CB17C23C
SYNC_NOT_FOUND first4=05DCB304
SYNC_NOT_FOUND first4=A02A6F33
2026-07-26T14:48:42.048796+00:00 SYNC_NOT_FOUND first4=61AEF9A0
SYNC_NOT_FOUND first4=7DD2E282
SYNC_NOT_FOUND first4=D63AAB1D
PHASE_RESULT 26 HF-FLRC-325-128 pktSize=128 rx=0 unique=0 lost=100 per=100.0 rssi_avg=0 rssi_min=0 crc_err=0 garbage=11 tx_lat=0.00000 tx_lon=0.00000 sats=0 fix=0 utc=0 tx_fw=none rx_fw=unknown
PHASE_GUARD 500
PHASE_START 27 HF-FLRC-325-255 pktSize=255
2026-07-26T14:48:43.060178+00:00 SYNC_NOT_FOUND first4=BE7A5F76
SYNC_NOT_FOUND first4=30D18279
2026-07-26T14:48:44.071353+00:00 SYNC_NOT_FOUND first4=DF6924F7
PHASE_RESULT 27 HF-FLRC-325-255 pktSize=255 rx=0 unique=0 lost=100 per=100.0 rssi_avg=0 rssi_min=0 crc_err=0 garbage=3 tx_lat=0.00000 tx_lon=0.00000 sats=0 fix=0 utc=0 tx_fw=none rx_fw=unknown
PHASE_GUARD 500
LORA_CFG path=0 bw=0x05 sf=7
PHASE_START 28 LF-LoRa-SF7-32 pktSize=32
2026-07-26T14:48:46.133583+00:00 TIME_SYNCED utc=1785077325 offset=1785062473
PHASE_RESULT 28 LF-LoRa-SF7-32 pktSize=32 rx=0 unique=0 lost=20 per=100.0 rssi_avg=0 rssi_min=0 crc_err=0 garbage=0 tx_lat=0.00000 tx_lon=0.00000 sats=0 fix=0 utc=0 tx_fw=none rx_fw=unknown
PHASE_GUARD 500
LORA_CFG path=0 bw=0x05 sf=7
PHASE_START 29 LF-LoRa-SF7-64 pktSize=64
2026-07-26T14:48:48.200701+00:00 TIME_SYNCED utc=1785077327 offset=1785062473
2026-07-26T14:48:49.215108+00:00 PHASE_RESULT 29 LF-LoRa-SF7-64 pktSize=64 rx=0 unique=0 lost=20 per=100.0 rssi_avg=0 rssi_min=0 crc_err=0 garbage=0 tx_lat=0.00000 tx_lon=0.00000 sats=0 fix=0 utc=0 tx_fw=none rx_fw=unknown
PHASE_GUARD 500
LORA_CFG path=0 bw=0x05 sf=7
PHASE_START 30 LF-LoRa-SF7-128 pktSize=128
2026-07-26T14:48:53.381302+00:00 PHASE_RESULT 30 LF-LoRa-SF7-128 pktSize=128 rx=0 unique=0 lost=13 per=100.0 rssi_avg=0 rssi_min=0 crc_err=0 garbage=0 tx_lat=0.00000 tx_lon=0.00000 sats=0 fix=0 utc=0 tx_fw=none rx_fw=unknown
PHASE_GUARD 500
LORA_CFG path=0 bw=0x05 sf=7
PHASE_START 31 LF-LoRa-SF7-255 pktSize=255
2026-07-26T14:48:55.444736+00:00 TIME_SYNCED utc=1785077335 offset=1785062473
2026-07-26T14:48:56.456444+00:00 PHASE_RESULT 31 LF-LoRa-SF7-255 pktSize=255 rx=0 unique=0 lost=7 per=100.0 rssi_avg=0 rssi_min=0 crc_err=0 garbage=0 tx_lat=0.00000 tx_lon=0.00000 sats=0 fix=0 utc=0 tx_fw=none rx_fw=unknown
PHASE_GUARD 500
2026-07-26T14:48:57.469246+00:00 LORA_CFG path=0 bw=0x05 sf=9
PHASE_START 32 LF-LoRa-SF9-32 pktSize=32
2026-07-26T14:48:58.481331+00:00 TIME_SYNCED utc=1785077337 offset=1785062472
2026-07-26T14:49:01.594713+00:00 PHASE_RESULT 32 LF-LoRa-SF9-32 pktSize=32 rx=0 unique=0 lost=7 per=100.0 rssi_avg=0 rssi_min=0 crc_err=0 garbage=0 tx_lat=0.00000 tx_lon=0.00000 sats=0 fix=0 utc=0 tx_fw=none rx_fw=unknown
PHASE_GUARD 500
LORA_CFG path=0 bw=0x05 sf=9
PHASE_START 33 LF-LoRa-SF9-64 pktSize=64
2026-07-26T14:49:04.707857+00:00 PHASE_RESULT 33 LF-LoRa-SF9-64 pktSize=64 rx=0 unique=0 lost=3 per=100.0 rssi_avg=0 rssi_min=0 crc_err=0 garbage=0 tx_lat=0.00000 tx_lon=0.00000 sats=0 fix=0 utc=0 tx_fw=none rx_fw=unknown
PHASE_GUARD 500
LORA_CFG path=0 bw=0x05 sf=9
PHASE_START 34 LF-LoRa-SF9-128 pktSize=128
2026-07-26T14:49:05.719550+00:00 TIME_SYNCED utc=1785077345 offset=1785062473
PHASE_RESULT 34 LF-LoRa-SF9-128 pktSize=128 rx=0 unique=0 lost=1 per=100.0 rssi_avg=0 rssi_min=0 crc_err=0 garbage=0 tx_lat=0.00000 tx_lon=0.00000 sats=0 fix=0 utc=0 tx_fw=none rx_fw=unknown
PHASE_GUARD 500
LORA_CFG path=0 bw=0x05 sf=9
PHASE_START 35 LF-LoRa-SF9-255 pktSize=255
2026-07-26T14:49:08.834301+00:00 TIME_SYNCED utc=1785077347 offset=1785062472
2026-07-26T14:49:10.898052+00:00 PHASE_RESULT 35 LF-LoRa-SF9-255 pktSize=255 rx=0 unique=0 lost=1 per=100.0 rssi_avg=0 rssi_min=0 crc_err=0 garbage=0 tx_lat=0.00000 tx_lon=0.00000 sats=0 fix=0 utc=0 tx_fw=none rx_fw=unknown
PHASE_GUARD 500
LORA_CFG path=0 bw=0x05 sf=12
PHASE_START 36 LF-LoRa-SF12-32 pktSize=32
2026-07-26T14:49:16.115736+00:00 TIME_SYNCED utc=1785077355 offset=1785062473
2026-07-26T14:49:19.230667+00:00 TIME_SYNCED utc=1785077358 offset=1785062473
2026-07-26T14:49:24.447825+00:00 PHASE_RESULT 36 LF-LoRa-SF12-32 pktSize=32 rx=0 unique=0 lost=1 per=100.0 rssi_avg=0 rssi_min=0 crc_err=0 garbage=0 tx_lat=0.00000 tx_lon=0.00000 sats=0 fix=0 utc=0 tx_fw=none rx_fw=unknown
PHASE_GUARD 500
2026-07-26T14:49:25.459007+00:00 LORA_CFG path=0 bw=0x05 sf=12
PHASE_START 37 LF-LoRa-SF12-SKIP SKIP pktSize=64
TIME_SYNCED utc=1785077365 offset=1785062473
PHASE_RESULT 37 LF-LoRa-SF12-SKIP pktSize=64 rx=0 unique=0 lost=0 per=0.0 rssi_avg=0 rssi_min=0 crc_err=0 garbage=0 tx_lat=0.00000 tx_lon=0.00000 sats=0 fix=0 utc=0 tx_fw=none rx_fw=unknown
PHASE_GUARD 500
2026-07-26T14:49:26.470296+00:00 LORA_CFG path=0 bw=0x05 sf=12
PHASE_START 38 LF-LoRa-SF12-SKIP SKIP pktSize=128
PHASE_RESULT 38 LF-LoRa-SF12-SKIP pktSize=128 rx=0 unique=0 lost=0 per=0.0 rssi_avg=0 rssi_min=0 crc_err=0 garbage=0 tx_lat=0.00000 tx_lon=0.00000 sats=0 fix=0 utc=0 tx_fw=none rx_fw=unknown
PHASE_GUARD 500
2026-07-26T14:49:27.481901+00:00 LORA_CFG path=0 bw=0x05 sf=12
PHASE_START 39 LF-LoRa-SF12-SKIP SKIP pktSize=255
PHASE_RESULT 39 LF-LoRa-SF12-SKIP pktSize=255 rx=0 unique=0 lost=0 per=0.0 rssi_avg=0 rssi_min=0 crc_err=0 garbage=0 tx_lat=0.00000 tx_lon=0.00000 sats=0 fix=0 utc=0 tx_fw=none rx_fw=unknown
PHASE_GUARD 500
2026-07-26T14:49:28.494602+00:00 PHASE_START 40 LF-FLRC-2600-32 pktSize=32
2026-07-26T14:49:29.506537+00:00 TIME_SYNCED utc=1785077368 offset=1785062472
SYNC_NOT_FOUND first4=36BD4823
SYNC_NOT_FOUND first4=981D1379
SYNC_NOT_FOUND first4=5F7501AF
2026-07-26T14:49:30.517252+00:00 PHASE_RESULT 40 LF-FLRC-2600-32 pktSize=32 rx=0 unique=0 lost=100 per=100.0 rssi_avg=0 rssi_min=0 crc_err=0 garbage=3 tx_lat=0.00000 tx_lon=0.00000 sats=0 fix=0 utc=0 tx_fw=none rx_fw=unknown
PHASE_GUARD 500
2026-07-26T14:49:31.528669+00:00 PHASE_START 41 LF-FLRC-2600-64 pktSize=64
SYNC_NOT_FOUND first4=83585C18
SYNC_NOT_FOUND first4=5D3CC48D
2026-07-26T14:49:32.540276+00:00 PHASE_RESULT 41 LF-FLRC-2600-64 pktSize=64 rx=0 unique=0 lost=100 per=100.0 rssi_avg=0 rssi_min=0 crc_err=0 garbage=2 tx_lat=0.00000 tx_lon=0.00000 sats=0 fix=0 utc=0 tx_fw=none rx_fw=unknown
PHASE_GUARD 500
2026-07-26T14:49:33.551694+00:00 PHASE_START 42 LF-FLRC-2600-128 pktSize=128
SYNC_NOT_FOUND first4=A14AA498
2026-07-26T14:49:34.562663+00:00 SYNC_NOT_FOUND first4=C8B36484
SYNC_NOT_FOUND first4=7E123418
SYNC_NOT_FOUND first4=5DDA912B
SYNC_NOT_FOUND first4=E4CDB06A
PHASE_RESULT 42 LF-FLRC-2600-128 pktSize=128 rx=0 unique=0 lost=100 per=100.0 rssi_avg=0 rssi_min=0 crc_err=0 garbage=5 tx_lat=0.00000 tx_lon=0.00000 sats=0 fix=0 utc=0 tx_fw=none rx_fw=unknown
PHASE_GUARD 500
PHASE_START 43 LF-FLRC-2600-255 pktSize=255
2026-07-26T14:49:35.574025+00:00 TIME_SYNCED utc=1785077375 offset=1785062473
PHASE_RESULT 43 LF-FLRC-2600-255 pktSize=255 rx=0 unique=0 lost=100 per=100.0 rssi_avg=0 rssi_min=0 crc_err=0 garbage=0 tx_lat=0.00000 tx_lon=0.00000 sats=0 fix=0 utc=0 tx_fw=none rx_fw=unknown
PHASE_GUARD 500
PHASE_START 44 LF-FLRC-1300-32 pktSize=32
2026-07-26T14:49:37.636592+00:00 PHASE_RESULT 44 LF-FLRC-1300-32 pktSize=32 rx=0 unique=0 lost=100 per=100.0 rssi_avg=0 rssi_min=0 crc_err=0 garbage=0 tx_lat=0.00000 tx_lon=0.00000 sats=0 fix=0 utc=0 tx_fw=none rx_fw=unknown
PHASE_GUARD 500
PHASE_START 45 LF-FLRC-1300-64 pktSize=64
2026-07-26T14:49:39.700355+00:00 TIME_SYNCED utc=1785077378 offset=1785062472
2026-07-26T14:49:40.711355+00:00 PHASE_RESULT 45 LF-FLRC-1300-64 pktSize=64 rx=0 unique=0 lost=100 per=100.0 rssi_avg=0 rssi_min=0 crc_err=0 garbage=0 tx_lat=0.00000 tx_lon=0.00000 sats=0 fix=0 utc=0 tx_fw=none rx_fw=unknown
PHASE_GUARD 500
PHASE_START 46 LF-FLRC-1300-128 pktSize=128
2026-07-26T14:49:42.774032+00:00 PHASE_RESULT 46 LF-FLRC-1300-128 pktSize=128 rx=0 unique=0 lost=100 per=100.0 rssi_avg=0 rssi_min=0 crc_err=0 garbage=0 tx_lat=0.00000 tx_lon=0.00000 sats=0 fix=0 utc=0 tx_fw=none rx_fw=unknown
PHASE_GUARD 500
PHASE_START 47 LF-FLRC-1300-255 pktSize=255
2026-07-26T14:49:44.837283+00:00 PHASE_RESULT 47 LF-FLRC-1300-255 pktSize=255 rx=0 unique=0 lost=100 per=100.0 rssi_avg=0 rssi_min=0 crc_err=0 garbage=0 tx_lat=0.00000 tx_lon=0.00000 sats=0 fix=0 utc=0 tx_fw=none rx_fw=unknown
PHASE_GUARD 500
PHASE_START 48 LF-FLRC-650-32 pktSize=32
2026-07-26T14:49:45.848177+00:00 SYNC_NOT_FOUND first4=64FF92CE
SYNC_NOT_FOUND first4=D20FC6B6
SYNC_NOT_FOUND first4=D292652D
TIME_SYNCED utc=1785077385 offset=1785062473
PHASE_RESULT 48 LF-FLRC-650-32 pktSize=32 rx=0 unique=0 lost=100 per=100.0 rssi_avg=0 rssi_min=0 crc_err=0 garbage=3 tx_lat=0.00000 tx_lon=0.00000 sats=0 fix=0 utc=0 tx_fw=none rx_fw=unknown
PHASE_GUARD 500
PHASE_START 49 LF-FLRC-650-64 pktSize=64
SYNC_NOT_FOUND first4=B9CB3021
2026-07-26T14:49:47.909695+00:00 SYNC_NOT_FOUND first4=049CC561
PHASE_RESULT 49 LF-FLRC-650-64 pktSize=64 rx=0 unique=0 lost=100 per=100.0 rssi_avg=0 rssi_min=0 crc_err=0 garbage=2 tx_lat=0.00000 tx_lon=0.00000 sats=0 fix=0 utc=0 tx_fw=none rx_fw=unknown
PHASE_GUARD 500
PHASE_START 50 LF-FLRC-650-128 pktSize=128
2026-07-26T14:49:49.974133+00:00 TIME_SYNCED utc=1785077388 offset=1785062472
2026-07-26T14:49:50.988430+00:00 SYNC_NOT_FOUND first4=7A2BE7FA
PHASE_RESULT 50 LF-FLRC-650-128 pktSize=128 rx=0 unique=0 lost=100 per=100.0 rssi_avg=0 rssi_min=0 crc_err=0 garbage=1 tx_lat=0.00000 tx_lon=0.00000 sats=0 fix=0 utc=0 tx_fw=none rx_fw=unknown
PHASE_GUARD 500
PHASE_START 51 LF-FLRC-650-255 pktSize=255
SYNC_NOT_FOUND first4=7D382619
2026-07-26T14:49:53.051020+00:00 SYNC_NOT_FOUND first4=EBDCDD6A
PHASE_RESULT 51 LF-FLRC-650-255 pktSize=255 rx=0 unique=0 lost=100 per=100.0 rssi_avg=0 rssi_min=0 crc_err=0 garbage=2 tx_lat=0.00000 tx_lon=0.00000 sats=0 fix=0 utc=0 tx_fw=none rx_fw=unknown
PHASE_GUARD 500
PHASE_START 52 LF-FLRC-325-32 pktSize=32
2026-07-26T14:49:55.113750+00:00 PHASE_RESULT 52 LF-FLRC-325-32 pktSize=32 rx=0 unique=0 lost=100 per=100.0 rssi_avg=0 rssi_min=0 crc_err=0 garbage=0 tx_lat=0.00000 tx_lon=0.00000 sats=0 fix=0 utc=0 tx_fw=none rx_fw=unknown
PHASE_GUARD 500
PHASE_START 53 LF-FLRC-325-64 pktSize=64
2026-07-26T14:49:56.128648+00:00 TIME_SYNCED utc=1785077395 offset=1785062472
2026-07-26T14:49:57.140327+00:00 PHASE_RESULT 53 LF-FLRC-325-64 pktSize=64 rx=0 unique=0 lost=100 per=100.0 rssi_avg=0 rssi_min=0 crc_err=0 garbage=0 tx_lat=0.00000 tx_lon=0.00000 sats=0 fix=0 utc=0 tx_fw=none rx_fw=unknown
PHASE_GUARD 500
PHASE_START 54 LF-FLRC-325-128 pktSize=128
2026-07-26T14:49:58.151901+00:00 SYNC_NOT_FOUND first4=34B9FFE9
2026-07-26T14:49:59.164232+00:00 PHASE_RESULT 54 LF-FLRC-325-128 pktSize=128 rx=0 unique=0 lost=100 per=100.0 rssi_avg=0 rssi_min=0 crc_err=0 garbage=1 tx_lat=0.00000 tx_lon=0.00000 sats=0 fix=0 utc=0 tx_fw=none rx_fw=unknown
PHASE_GUARD 500
PHASE_START 55 LF-FLRC-325-255 pktSize=255
2026-07-26T14:50:00.176081+00:00 TIME_SYNCED utc=1785077399 offset=1785062473
PHASE_RESULT 55 LF-FLRC-325-255 pktSize=255 rx=0 unique=0 lost=100 per=100.0 rssi_avg=0 rssi_min=0 crc_err=0 garbage=0 tx_lat=0.00000 tx_lon=0.00000 sats=0 fix=0 utc=0 tx_fw=none rx_fw=unknown
PHASE_GUARD 500
LORA_CFG path=1 bw=0x0F sf=7
PHASE_START 0 HF-LoRa-SF7-32 pktSize=32
2026-07-26T14:50:02.238463+00:00 PHASE_RESULT 0 HF-LoRa-SF7-32 pktSize=32 rx=0 unique=0 lost=20 per=100.0 rssi_avg=0 rssi_min=0 crc_err=0 garbage=0 tx_lat=0.00000 tx_lon=0.00000 sats=0 fix=0 utc=0 tx_fw=none rx_fw=unknown
PHASE_GUARD 500
LORA_CFG path=1 bw=0x0F sf=7
PHASE_START 1 HF-LoRa-SF7-64 pktSize=64
2026-07-26T14:50:04.294202+00:00 PHASE_RESULT 1 HF-LoRa-SF7-64 pktSize=64 rx=0 unique=0 lost=20 per=100.0 rssi_avg=0 rssi_min=0 crc_err=0 garbage=0 tx_lat=0.00000 tx_lon=0.00000 sats=0 fix=0 utc=0 tx_fw=none rx_fw=unknown
PHASE_GUARD 500
LORA_CFG path=1 bw=0x0F sf=7
PHASE_START 2 HF-LoRa-SF7-128 pktSize=128
2026-07-26T14:50:06.357131+00:00 PHASE_RESULT 2 HF-LoRa-SF7-128 pktSize=128 rx=0 unique=0 lost=20 per=100.0 rssi_avg=0 rssi_min=0 crc_err=0 garbage=0 tx_lat=0.00000 tx_lon=0.00000 sats=0 fix=0 utc=0 tx_fw=none rx_fw=unknown
PHASE_GUARD 500
LORA_CFG path=1 bw=0x0F sf=7
PHASE_START 3 HF-LoRa-SF7-255 pktSize=255
TIME_SYNCED utc=1785077405 offset=1785062472
PHASE_RESULT 3 HF-LoRa-SF7-255 pktSize=255 rx=0 unique=0 lost=20 per=100.0 rssi_avg=0 rssi_min=0 crc_err=0 garbage=0 tx_lat=0.00000 tx_lon=0.00000 sats=0 fix=0 utc=0 tx_fw=none rx_fw=unknown
PHASE_GUARD 500
LORA_CFG path=1 bw=0x0F sf=7
PHASE_START 2 HF-LoRa-SF7-128 pktSize=128
2026-07-26T14:50:07.368210+00:00 PHASE_RESULT 2 HF-LoRa-SF7-128 pktSize=128 rx=0 unique=0 lost=20 per=100.0 rssi_avg=0 rssi_min=0 crc_err=0 garbage=0 tx_lat=0.00000 tx_lon=0.00000 sats=0 fix=0 utc=0 tx_fw=none rx_fw=unknown
PHASE_GUARD 500
LORA_CFG path=1 bw=0x0F sf=7
PHASE_START 3 HF-LoRa-SF7-255 pktSize=255
2026-07-26T14:50:09.430666+00:00 PHASE_RESULT 3 HF-LoRa-SF7-255 pktSize=255 rx=0 unique=0 lost=20 per=100.0 rssi_avg=0 rssi_min=0 crc_err=0 garbage=0 tx_lat=0.00000 tx_lon=0.00000 sats=0 fix=0 utc=0 tx_fw=none rx_fw=unknown
PHASE_GUARD 500
2026-07-26T14:50:10.446672+00:00 LORA_CFG path=1 bw=0x0F sf=9
PHASE_START 4 HF-LoRa-SF9-32 pktSize=32
TIME_SYNCED utc=1785077409 offset=1785062472
2026-07-26T14:50:11.457662+00:00 PHASE_RESULT 4 HF-LoRa-SF9-32 pktSize=32 rx=0 unique=0 lost=20 per=100.0 rssi_avg=0 rssi_min=0 crc_err=0 garbage=0 tx_lat=0.00000 tx_lon=0.00000 sats=0 fix=0 utc=0 tx_fw=none rx_fw=unknown
PHASE_GUARD 500
2026-07-26T14:50:12.469534+00:00 LORA_CFG path=1 bw=0x0F sf=9
PHASE_START 5 HF-LoRa-SF9-64 pktSize=64
2026-07-26T14:50:14.532941+00:00 PHASE_RESULT 5 HF-LoRa-SF9-64 pktSize=64 rx=0 unique=0 lost=20 per=100.0 rssi_avg=0 rssi_min=0 crc_err=0 garbage=0 tx_lat=0.00000 tx_lon=0.00000 sats=0 fix=0 utc=0 tx_fw=none rx_fw=unknown
PHASE_GUARD 500
LORA_CFG path=1 bw=0x0F sf=9
2026-07-26T14:50:15.544890+00:00 PHASE_START 6 HF-LoRa-SF9-128 pktSize=128
TIME_SYNCED utc=1785077415 offset=1785062472
2026-07-26T14:50:18.659095+00:00 PHASE_RESULT 6 HF-LoRa-SF9-128 pktSize=128 rx=0 unique=0 lost=13 per=100.0 rssi_avg=0 rssi_min=0 crc_err=0 garbage=0 tx_lat=0.00000 tx_lon=0.00000 sats=0 fix=0 utc=0 tx_fw=none rx_fw=unknown
PHASE_GUARD 500
LORA_CFG path=1 bw=0x0F sf=9
PHASE_START 7 HF-LoRa-SF9-255 pktSize=255
2026-07-26T14:50:20.722235+00:00 TIME_SYNCED utc=1785077419 offset=1785062472
2026-07-26T14:50:21.725769+00:00 PHASE_RESULT 7 HF-LoRa-SF9-255 pktSize=255 rx=0 unique=0 lost=6 per=100.0 rssi_avg=0 rssi_min=0 crc_err=0 garbage=0 tx_lat=0.00000 tx_lon=0.00000 sats=0 fix=0 utc=0 tx_fw=none rx_fw=unknown
PHASE_GUARD 500
LORA_CFG path=1 bw=0x0F sf=12
PHASE_START 8 HF-LoRa-SF12-32 pktSize=32
2026-07-26T14:50:24.839826+00:00 PHASE_RESULT 8 HF-LoRa-SF12-32 pktSize=32 rx=0 unique=0 lost=2 per=100.0 rssi_avg=0 rssi_min=0 crc_err=0 garbage=0 tx_lat=0.00000 tx_lon=0.00000 sats=0 fix=0 utc=0 tx_fw=none rx_fw=unknown
PHASE_GUARD 500
LORA_CFG path=1 bw=0x0F sf=12
PHASE_START 9 HF-LoRa-SF12-64 pktSize=64
2026-07-26T14:50:25.844294+00:00 TIME_SYNCED utc=1785077425 offset=1785062472
2026-07-26T14:50:27.898837+00:00 PHASE_RESULT 9 HF-LoRa-SF12-64 pktSize=64 rx=0 unique=0 lost=1 per=100.0 rssi_avg=0 rssi_min=0 crc_err=0 garbage=0 tx_lat=0.00000 tx_lon=0.00000 sats=0 fix=0 utc=0 tx_fw=none rx_fw=unknown
PHASE_GUARD 500
LORA_CFG path=1 bw=0x0F sf=12
PHASE_START 10 HF-LoRa-SF12-128 pktSize=128
2026-07-26T14:50:31.005284+00:00 TIME_SYNCED utc=1785077430 offset=1785062473
2026-07-26T14:50:32.017292+00:00 PHASE_RESULT 10 HF-LoRa-SF12-128 pktSize=128 rx=0 unique=0 lost=1 per=100.0 rssi_avg=0 rssi_min=0 crc_err=0 garbage=0 tx_lat=0.00000 tx_lon=0.00000 sats=0 fix=0 utc=0 tx_fw=none rx_fw=unknown
PHASE_GUARD 500
LORA_CFG path=1 bw=0x0F sf=12
PHASE_START 11 HF-LoRa-SF12-255 pktSize=255
2026-07-26T14:50:36.181300+00:00 TIME_SYNCED utc=1785077435 offset=1785062472
2026-07-26T14:50:41.398846+00:00 TIME_SYNCED utc=1785077440 offset=1785062472
2026-07-26T14:50:42.410336+00:00 PHASE_RESULT 11 HF-LoRa-SF12-255 pktSize=255 rx=0 unique=0 lost=1 per=100.0 rssi_avg=0 rssi_min=0 crc_err=0 garbage=0 tx_lat=0.00000 tx_lon=0.00000 sats=0 fix=0 utc=0 tx_fw=none rx_fw=unknown
2026-07-26T14:50:43.421788+00:00 PHASE_GUARD 500
PHASE_START 12 HF-FLRC-2600-32 pktSize=32
SYNC_NOT_FOUND first4=C198C1AA
SYNC_NOT_FOUND first4=E1872FA4
SYNC_NOT_FOUND first4=E37D068A
SYNC_NOT_FOUND first4=2032678B
SYNC_NOT_FOUND first4=00868644
SYNC_NOT_FOUND first4=C8D0D990
SYNC_NOT_FOUND first4=DBF4D5BE
SYNC_NOT_FOUND first4=D05FF1CB
2026-07-26T14:50:44.433568+00:00 SYNC_NOT_FOUND first4=A8F63DCB
SYNC_NOT_FOUND first4=5D177074
SYNC_NOT_FOUND first4=0B937700
PHASE_RESULT 12 HF-FLRC-2600-32 pktSize=32 rx=0 unique=0 lost=100 per=100.0 rssi_avg=0 rssi_min=0 crc_err=0 garbage=11 tx_lat=0.00000 tx_lon=0.00000 sats=0 fix=0 utc=0 tx_fw=none rx_fw=unknown
PHASE_GUARD 500
2026-07-26T14:50:45.445468+00:00 PHASE_START 13 HF-FLRC-2600-64 pktSize=64
SYNC_NOT_FOUND first4=9F90E761
SYNC_NOT_FOUND first4=3A15D399
SYNC_NOT_FOUND first4=404C7E96
SYNC_NOT_FOUND first4=31DE7BCC
SYNC_NOT_FOUND first4=A00ED6CD
SYNC_NOT_FOUND first4=3CF2CA21
2026-07-26T14:50:46.456589+00:00 SYNC_NOT_FOUND first4=8741A512
TIME_SYNCED utc=1785077445 offset=1785062472
SYNC_NOT_FOUND first4=418803BF
SYNC_NOT_FOUND first4=8D4133BC
SYNC_NOT_FOUND first4=4A17BC86
SYNC_NOT_FOUND first4=B6C6FBB4
SYNC_NOT_FOUND first4=D177D05E
SYNC_NOT_FOUND first4=D86AF68E
SYNC_NOT_FOUND first4=C3676929
SYNC_NOT_FOUND first4=1C687669
SYNC_NOT_FOUND first4=2B7D706C
PHASE_RESULT 13 HF-FLRC-2600-64 pktSize=64 rx=0 unique=0 lost=100 per=100.0 rssi_avg=0 rssi_min=0 crc_err=0 garbage=16 tx_lat=0.00000 tx_lon=0.00000 sats=0 fix=0 utc=0 tx_fw=none rx_fw=unknown
PHASE_GUARD 500
2026-07-26T14:50:47.467734+00:00 PHASE_START 14 HF-FLRC-2600-128 pktSize=128
SYNC_NOT_FOUND first4=0C5195A0
SYNC_NOT_FOUND first4=EA5AE0C5
SYNC_NOT_FOUND first4=FF90FD26
SYNC_NOT_FOUND first4=CCEEEF20
2026-07-26T14:50:48.478494+00:00 SYNC_NOT_FOUND first4=E17F4D42
SYNC_NOT_FOUND first4=64574013
SYNC_NOT_FOUND first4=957DDF71
SYNC_NOT_FOUND first4=827F4AF3
SYNC_NOT_FOUND first4=9FA0085C
SYNC_NOT_FOUND first4=46505F4C
PHASE_RESULT 14 HF-FLRC-2600-128 pktSize=128 rx=0 unique=0 lost=100 per=100.0 rssi_avg=0 rssi_min=0 crc_err=0 garbage=10 tx_lat=0.00000 tx_lon=0.00000 sats=0 fix=0 utc=0 tx_fw=none rx_fw=unknown
PHASE_GUARD 500
2026-07-26T14:50:49.482968+00:00 PHASE_START 15 HF-FLRC-2600-255 pktSize=255
SYNC_NOT_FOUND first4=26FA1010
SYNC_NOT_FOUND first4=06F43624
SYNC_NOT_FOUND first4=03708441
SYNC_NOT_FOUND first4=9942612C
SYNC_NOT_FOUND first4=EC78C86C
2026-07-26T14:50:50.494772+00:00 SYNC_NOT_FOUND first4=62CE3962
SYNC_NOT_FOUND first4=AC187AA2
SYNC_NOT_FOUND first4=B97E38B8
SYNC_NOT_FOUND first4=3686E3CA
SYNC_NOT_FOUND first4=070438B0
SYNC_NOT_FOUND first4=1C14C196
PHASE_RESULT 15 HF-FLRC-2600-255 pktSize=255 rx=0 unique=0 lost=100 per=100.0 rssi_avg=0 rssi_min=0 crc_err=0 garbage=11 tx_lat=0.00000 tx_lon=0.00000 sats=0 fix=0 utc=0 tx_fw=none rx_fw=unknown
PHASE_GUARD 500
2026-07-26T14:50:51.506125+00:00 PHASE_START 16 HF-FLRC-1300-32 pktSize=32
TIME_SYNCED utc=1785077450 offset=1785062472
SYNC_NOT_FOUND first4=E34D1A96
2026-07-26T14:50:52.509971+00:00 PHASE_RESULT 16 HF-FLRC-1300-32 pktSize=32 rx=0 unique=0 lost=100 per=100.0 rssi_avg=0 rssi_min=0 crc_err=0 garbage=1 tx_lat=0.00000 tx_lon=0.00000 sats=0 fix=0 utc=0 tx_fw=none rx_fw=unknown
PHASE_GUARD 500
2026-07-26T14:50:53.521171+00:00 PHASE_START 17 HF-FLRC-1300-64 pktSize=64
SYNC_NOT_FOUND first4=585D917B
SYNC_NOT_FOUND first4=5B5825F2
SYNC_NOT_FOUND first4=44537743
2026-07-26T14:50:54.525733+00:00 SYNC_NOT_FOUND first4=A910CBEB
SYNC_NOT_FOUND first4=C4D8E32C
SYNC_NOT_FOUND first4=E4946C83
SYNC_NOT_FOUND first4=34420B40
SYNC_NOT_FOUND first4=E54E7A61
PHASE_RESULT 17 HF-FLRC-1300-64 pktSize=64 rx=0 unique=0 lost=100 per=100.0 rssi_avg=0 rssi_min=0 crc_err=0 garbage=8 tx_lat=0.00000 tx_lon=0.00000 sats=0 fix=0 utc=0 tx_fw=none rx_fw=unknown
PHASE_GUARD 500
2026-07-26T14:50:55.537374+00:00 PHASE_START 18 HF-FLRC-1300-128 pktSize=128
SYNC_NOT_FOUND first4=E10C390B
SYNC_NOT_FOUND first4=E7B2CA46
SYNC_NOT_FOUND first4=710DEC7C
SYNC_NOT_FOUND first4=486D77D9
SYNC_NOT_FOUND first4=2220595B
TIME_SYNCED utc=1785077455 offset=1785062472
2026-07-26T14:50:56.548154+00:00 SYNC_NOT_FOUND first4=A4959E7C
SYNC_NOT_FOUND first4=7503F5A0
PHASE_RESULT 18 HF-FLRC-1300-128 pktSize=128 rx=0 unique=0 lost=100 per=100.0 rssi_avg=0 rssi_min=0 crc_err=0 garbage=7 tx_lat=0.00000 tx_lon=0.00000 sats=0 fix=0 utc=0 tx_fw=none rx_fw=unknown
PHASE_GUARD 500
PHASE_START 19 HF-FLRC-1300-255 pktSize=255
2026-07-26T14:50:57.558809+00:00 SYNC_NOT_FOUND first4=03508A4B
SYNC_NOT_FOUND first4=2FB09FBF
SYNC_NOT_FOUND first4=16735418
2026-07-26T14:50:58.570028+00:00 SYNC_NOT_FOUND first4=8D1AD498
SYNC_NOT_FOUND first4=DFD8DCE1
SYNC_NOT_FOUND first4=88F9D90B
SYNC_NOT_FOUND first4=62E55D1F
PHASE_RESULT 19 HF-FLRC-1300-255 pktSize=255 rx=0 unique=0 lost=100 per=100.0 rssi_avg=0 rssi_min=0 crc_err=0 garbage=7 tx_lat=0.00000 tx_lon=0.00000 sats=0 fix=0 utc=0 tx_fw=none rx_fw=unknown
PHASE_GUARD 500
PHASE_START 20 HF-FLRC-650-32 pktSize=32
SYNC_NOT_FOUND first4=13D64BC5
2026-07-26T14:50:59.581769+00:00 SYNC_NOT_FOUND first4=8D265241
SYNC_NOT_FOUND first4=9AB0665B
SYNC_NOT_FOUND first4=EF81CA8A
SYNC_NOT_FOUND first4=F15B0DC7
SYNC_NOT_FOUND first4=D9A49D81
SYNC_NOT_FOUND first4=E4E42D94
SYNC_NOT_FOUND first4=5CE28A85
SYNC_NOT_FOUND first4=A6577E92
SYNC_NOT_FOUND first4=20C18034
SYNC_NOT_FOUND first4=5CC11518
SYNC_NOT_FOUND first4=89F36007
SYNC_NOT_FOUND first4=9E99306B
SYNC_NOT_FOUND first4=54B2DEAD
SYNC_NOT_FOUND first4=208E8E0B
SYNC_NOT_FOUND first4=75A0B2DE
SYNC_NOT_FOUND first4=6A8B0483
SYNC_NOT_FOUND first4=8FE2135D
SYNC_NOT_FOUND first4=EDECFBBB
SYNC_NOT_FOUND first4=821C12D2
SYNC_NOT_FOUND first4=A142A32D
SYNC_NOT_FOUND first4=1303C613
SYNC_NOT_FOUND first4=A492A595
SYNC_NOT_FOUND first4=25268F02
SYNC_NOT_FOUND first4=3C2CC1D7
SYNC_NOT_FOUND first4=6FAEEAF0
SYNC_NOT_FOUND first4=E2B9D986
2026-07-26T14:51:00.593687+00:00 SYNC_NOT_FOUND first4=A3E11C4C
SYNC_NOT_FOUND first4=54299870
SYNC_NOT_FOUND first4=EF278479
SYNC_NOT_FOUND first4=7BE51B2F
SYNC_NOT_FOUND first4=24D2C850
SYNC_NOT_FOUND first4=07628684
SYNC_NOT_FOUND first4=CD6749C1
SYNC_NOT_FOUND first4=2D198069
SYNC_NOT_FOUND first4=B2189A7F
SYNC_NOT_FOUND first4=1E367F7F
SYNC_NOT_FOUND first4=F2A39B9D
SYNC_NOT_FOUND first4=B7D4E9D9
SYNC_NOT_FOUND first4=F3970B16
SYNC_NOT_FOUND first4=A9C3B2C3
SYNC_NOT_FOUND first4=B4733F6A
SYNC_NOT_FOUND first4=12A40447
PHASE_RESULT 20 HF-FLRC-650-32 pktSize=32 rx=0 unique=0 lost=100 per=100.0 rssi_avg=0 rssi_min=0 crc_err=0 garbage=43 tx_lat=0.00000 tx_lon=0.00000 sats=0 fix=0 utc=0 tx_fw=none rx_fw=unknown
PHASE_GUARD 500
PHASE_START 21 HF-FLRC-650-64 pktSize=64
SYNC_NOT_FOUND first4=078DB9D9
2026-07-26T14:51:01.597305+00:00 TIME_SYNCED utc=1785077460 offset=1785062472
SYNC_NOT_FOUND first4=EB76D4A6
SYNC_NOT_FOUND first4=C0A8CAB3
SYNC_NOT_FOUND first4=83203624
SYNC_NOT_FOUND first4=4E423334
SYNC_NOT_FOUND first4=E673FD08
SYNC_NOT_FOUND first4=9046F8E6
SYNC_NOT_FOUND first4=970CD1B5
SYNC_NOT_FOUND first4=2F40D08C
SYNC_NOT_FOUND first4=347FF964
SYNC_NOT_FOUND first4=36348293
SYNC_NOT_FOUND first4=2D473012
SYNC_NOT_FOUND first4=240B6FBE
SYNC_NOT_FOUND first4=5B596933
SYNC_NOT_FOUND first4=AFA6874B
SYNC_NOT_FOUND first4=8A292367
SYNC_NOT_FOUND first4=13BB0071
SYNC_NOT_FOUND first4=D974A05C
SYNC_NOT_FOUND first4=12A9A8E3
2026-07-26T14:51:02.608539+00:00 SYNC_NOT_FOUND first4=E1E1546A
SYNC_NOT_FOUND first4=60B5B138
SYNC_NOT_FOUND first4=F2CAEDE6
SYNC_NOT_FOUND first4=0063C08A
SYNC_NOT_FOUND first4=079F527D
SYNC_NOT_FOUND first4=B94756EA
SYNC_NOT_FOUND first4=67EDD59A
SYNC_NOT_FOUND first4=4688D47C
SYNC_NOT_FOUND first4=8697802C
SYNC_NOT_FOUND first4=1848FE89
SYNC_NOT_FOUND first4=3BB78253
SYNC_NOT_FOUND first4=11608091
SYNC_NOT_FOUND first4=AB2B567C
PHASE_RESULT 21 HF-FLRC-650-64 pktSize=64 rx=0 unique=0 lost=100 per=100.0 rssi_avg=0 rssi_min=0 crc_err=0 garbage=32 tx_lat=0.00000 tx_lon=0.00000 sats=0 fix=0 utc=0 tx_fw=none rx_fw=unknown
PHASE_GUARD 500
PHASE_START 22 HF-FLRC-650-128 pktSize=128
SYNC_NOT_FOUND first4=6CA344AA
SYNC_NOT_FOUND first4=B36FD56C
2026-07-26T14:51:03.619842+00:00 SYNC_NOT_FOUND first4=6B248D71
SYNC_NOT_FOUND first4=19871BD4
SYNC_NOT_FOUND first4=19BA4FF7
SYNC_NOT_FOUND first4=CFBF415D
SYNC_NOT_FOUND first4=A305E119
SYNC_NOT_FOUND first4=A4192099
SYNC_NOT_FOUND first4=720518A2
SYNC_NOT_FOUND first4=D57C5EE0
SYNC_NOT_FOUND first4=8CEA3C57
SYNC_NOT_FOUND first4=FD5F12C9
SYNC_NOT_FOUND first4=4D6139C4
SYNC_NOT_FOUND first4=CDEF1AA5
SYNC_NOT_FOUND first4=E2E5868B
SYNC_NOT_FOUND first4=3D827B19
SYNC_NOT_FOUND first4=87C4D655
SYNC_NOT_FOUND first4=5A00AD30
SYNC_NOT_FOUND first4=F446454A
2026-07-26T14:51:04.624454+00:00 SYNC_NOT_FOUND first4=AACEB1E0
SYNC_NOT_FOUND first4=3FE5505D
SYNC_NOT_FOUND first4=147AB0F3
SYNC_NOT_FOUND first4=56A1563C
SYNC_NOT_FOUND first4=35107729
SYNC_NOT_FOUND first4=AB4D58E1
SYNC_NOT_FOUND first4=B88DE368
SYNC_NOT_FOUND first4=3E82085E
SYNC_NOT_FOUND first4=90AA4064
SYNC_NOT_FOUND first4=2FF54377
SYNC_NOT_FOUND first4=63D05D1E
SYNC_NOT_FOUND first4=0AF74E0D
PHASE_RESULT 22 HF-FLRC-650-128 pktSize=128 rx=0 unique=0 lost=100 per=100.0 rssi_avg=0 rssi_min=0 crc_err=0 garbage=31 tx_lat=0.00000 tx_lon=0.00000 sats=0 fix=0 utc=0 tx_fw=none rx_fw=unknown
PHASE_GUARD 500
PHASE_START 23 HF-FLRC-650-255 pktSize=255
SYNC_NOT_FOUND first4=93EBD2E5
SYNC_NOT_FOUND first4=22F62DF9
2026-07-26T14:51:05.640810+00:00 SYNC_NOT_FOUND first4=519F3822
SYNC_NOT_FOUND first4=804E759C
SYNC_NOT_FOUND first4=DE024161
SYNC_NOT_FOUND first4=51135130
SYNC_NOT_FOUND first4=1EC30453
SYNC_NOT_FOUND first4=B2A0CFCA
SYNC_NOT_FOUND first4=AF79181E
SYNC_NOT_FOUND first4=89D284A2
SYNC_NOT_FOUND first4=B081306E
SYNC_NOT_FOUND first4=23FA3552
SYNC_NOT_FOUND first4=82F35FD4
SYNC_NOT_FOUND first4=974C864E
SYNC_NOT_FOUND first4=A9049457
SYNC_NOT_FOUND first4=9CE7E2F6
SYNC_NOT_FOUND first4=67BE367D
SYNC_NOT_FOUND first4=B9B52B71
SYNC_NOT_FOUND first4=B282AF2D
SYNC_NOT_FOUND first4=6DD8A0B9
SYNC_NOT_FOUND first4=F36593D1
SYNC_NOT_FOUND first4=698E51AA
SYNC_NOT_FOUND first4=E816B1C3
TIME_SYNCED utc=1785077465 offset=1785062472
SYNC_NOT_FOUND first4=67FA576B
SYNC_NOT_FOUND first4=2958DBAF
SYNC_NOT_FOUND first4=C0C3CED7
2026-07-26T14:51:06.644631+00:00 SYNC_NOT_FOUND first4=5F176DB4
SYNC_NOT_FOUND first4=D67C5B6F
SYNC_NOT_FOUND first4=01514317
SYNC_NOT_FOUND first4=45AF5231
SYNC_NOT_FOUND first4=1939455F
SYNC_NOT_FOUND first4=63DCC847
SYNC_NOT_FOUND first4=94084018
SYNC_NOT_FOUND first4=A7B078BF
SYNC_NOT_FOUND first4=5581EDCF
SYNC_NOT_FOUND first4=22C07926
SYNC_NOT_FOUND first4=61B78804
SYNC_NOT_FOUND first4=57FC2A5C
SYNC_NOT_FOUND first4=134E6739
SYNC_NOT_FOUND first4=BC249867
SYNC_NOT_FOUND first4=5B795307
SYNC_NOT_FOUND first4=D79519D4
SYNC_NOT_FOUND first4=A0141B05
PHASE_RESULT 23 HF-FLRC-650-255 pktSize=255 rx=0 unique=0 lost=100 per=100.0 rssi_avg=0 rssi_min=0 crc_err=0 garbage=43 tx_lat=0.00000 tx_lon=0.00000 sats=0 fix=0 utc=0 tx_fw=none rx_fw=unknown
PHASE_GUARD 500
PHASE_START 24 HF-FLRC-325-32 pktSize=32
2026-07-26T14:51:07.655758+00:00 SYNC_NOT_FOUND first4=1B5BB6A5
SYNC_NOT_FOUND first4=9F7CD94D
SYNC_NOT_FOUND first4=D01DC5F7
SYNC_NOT_FOUND first4=E64642DB
2026-07-26T14:51:08.666740+00:00 SYNC_NOT_FOUND first4=DA8828B5
SYNC_NOT_FOUND first4=A52A94BA
PHASE_RESULT 24 HF-FLRC-325-32 pktSize=32 rx=0 unique=0 lost=100 per=100.0 rssi_avg=0 rssi_min=0 crc_err=0 garbage=6 tx_lat=0.00000 tx_lon=0.00000 sats=0 fix=0 utc=0 tx_fw=none rx_fw=unknown
PHASE_GUARD 500
PHASE_START 25 HF-FLRC-325-64 pktSize=64
SYNC_NOT_FOUND first4=7A0EDD38
SYNC_NOT_FOUND first4=80FADFD7
SYNC_NOT_FOUND first4=36CEB7BE
2026-07-26T14:51:09.682595+00:00 SYNC_NOT_FOUND first4=38E7A1AE
SYNC_NOT_FOUND first4=AC060445
2026-07-26T14:51:10.701414+00:00 SYNC_NOT_FOUND first4=E39FB72D
PHASE_RESULT 25 HF-FLRC-325-64 pktSize=64 rx=0 unique=0 lost=100 per=100.0 rssi_avg=0 rssi_min=0 crc_err=0 garbage=6 tx_lat=0.00000 tx_lon=0.00000 sats=0 fix=0 utc=0 tx_fw=none rx_fw=unknown
PHASE_GUARD 500
PHASE_START 26 HF-FLRC-325-128 pktSize=128
SYNC_NOT_FOUND first4=CC32E919
2026-07-26T14:51:11.713026+00:00 TIME_SYNCED utc=1785077470 offset=1785062472
SYNC_NOT_FOUND first4=0352C2B0
SYNC_NOT_FOUND first4=25D5FF3B
SYNC_NOT_FOUND first4=1BA0AF76
SYNC_NOT_FOUND first4=6F4EAB5D
SYNC_NOT_FOUND first4=10C03C60
2026-07-26T14:51:12.724134+00:00 SYNC_NOT_FOUND first4=8F789BB8
PHASE_RESULT 26 HF-FLRC-325-128 pktSize=128 rx=0 unique=0 lost=100 per=100.0 rssi_avg=0 rssi_min=0 crc_err=0 garbage=7 tx_lat=0.00000 tx_lon=0.00000 sats=0 fix=0 utc=0 tx_fw=none rx_fw=unknown
PHASE_GUARD 500
PHASE_START 27 HF-FLRC-325-255 pktSize=255
2026-07-26T14:51:13.735238+00:00 SYNC_NOT_FOUND first4=A239F801
SYNC_NOT_FOUND first4=680B4B3A
2026-07-26T14:51:14.753956+00:00 SYNC_NOT_FOUND first4=98BED7B2
SYNC_NOT_FOUND first4=B1307603
SYNC_NOT_FOUND first4=0467171E
PHASE_RESULT 27 HF-FLRC-325-255 pktSize=255 rx=0 unique=0 lost=100 per=100.0 rssi_avg=0 rssi_min=0 crc_err=0 garbage=5 tx_lat=0.00000 tx_lon=0.00000 sats=0 fix=0 utc=0 tx_fw=none rx_fw=unknown
PHASE_GUARD 500
LORA_CFG path=0 bw=0x05 sf=7
PHASE_START 28 LF-LoRa-SF7-32 pktSize=32
2026-07-26T14:51:15.770841+00:00 TIME_SYNCED utc=1785077475 offset=1785062472
2026-07-26T14:51:16.783976+00:00 PHASE_RESULT 28 LF-LoRa-SF7-32 pktSize=32 rx=0 unique=0 lost=20 per=100.0 rssi_avg=0 rssi_min=0 crc_err=0 garbage=0 tx_lat=0.00000 tx_lon=0.00000 sats=0 fix=0 utc=0 tx_fw=none rx_fw=unknown
PHASE_GUARD 500
LORA_CFG path=0 bw=0x05 sf=7
PHASE_START 29 LF-LoRa-SF7-64 pktSize=64
2026-07-26T14:51:19.898026+00:00 PHASE_RESULT 29 LF-LoRa-SF7-64 pktSize=64 rx=0 unique=0 lost=20 per=100.0 rssi_avg=0 rssi_min=0 crc_err=0 garbage=0 tx_lat=0.00000 tx_lon=0.00000 sats=0 fix=0 utc=0 tx_fw=none rx_fw=unknown
PHASE_GUARD 500
LORA_CFG path=0 bw=0x05 sf=7
PHASE_START 30 LF-LoRa-SF7-128 pktSize=128
2026-07-26T14:51:21.969800+00:00 TIME_SYNCED utc=1785077480 offset=1785062472
2026-07-26T14:51:24.035200+00:00 PHASE_RESULT 30 LF-LoRa-SF7-128 pktSize=128 rx=0 unique=0 lost=13 per=100.0 rssi_avg=0 rssi_min=0 crc_err=0 garbage=0 tx_lat=0.00000 tx_lon=0.00000 sats=0 fix=0 utc=0 tx_fw=none rx_fw=unknown
PHASE_GUARD 500
LORA_CFG path=0 bw=0x05 sf=7
PHASE_START 31 LF-LoRa-SF7-255 pktSize=255
2026-07-26T14:51:26.092290+00:00 TIME_SYNCED utc=1785077485 offset=1785062472
2026-07-26T14:51:28.156044+00:00 PHASE_RESULT 31 LF-LoRa-SF7-255 pktSize=255 rx=0 unique=0 lost=7 per=100.0 rssi_avg=0 rssi_min=0 crc_err=0 garbage=0 tx_lat=0.00000 tx_lon=0.00000 sats=0 fix=0 utc=0 tx_fw=none rx_fw=unknown
PHASE_GUARD 500
LORA_CFG path=0 bw=0x05 sf=9
PHASE_START 32 LF-LoRa-SF9-32 pktSize=32
2026-07-26T14:51:32.320196+00:00 TIME_SYNCED utc=1785077491 offset=1785062473
PHASE_RESULT 32 LF-LoRa-SF9-32 pktSize=32 rx=0 unique=0 lost=7 per=100.0 rssi_avg=0 rssi_min=0 crc_err=0 garbage=0 tx_lat=0.00000 tx_lon=0.00000 sats=0 fix=0 utc=0 tx_fw=none rx_fw=unknown
PHASE_GUARD 500
LORA_CFG path=0 bw=0x05 sf=9
PHASE_START 33 LF-LoRa-SF9-64 pktSize=64
2026-07-26T14:51:34.392350+00:00 PHASE_RESULT 33 LF-LoRa-SF9-64 pktSize=64 rx=0 unique=0 lost=3 per=100.0 rssi_avg=0 rssi_min=0 crc_err=0 garbage=0 tx_lat=0.00000 tx_lon=0.00000 sats=0 fix=0 utc=0 tx_fw=none rx_fw=unknown
PHASE_GUARD 500
LORA_CFG path=0 bw=0x05 sf=9
PHASE_START 34 LF-LoRa-SF9-128 pktSize=128
2026-07-26T14:51:35.411497+00:00 PHASE_RESULT 34 LF-LoRa-SF9-128 pktSize=128 rx=0 unique=0 lost=1 per=100.0 rssi_avg=0 rssi_min=0 crc_err=0 garbage=0 tx_lat=0.00000 tx_lon=0.00000 sats=0 fix=0 utc=0 tx_fw=none rx_fw=unknown
PHASE_GUARD 500
2026-07-26T14:51:36.427921+00:00 LORA_CFG path=0 bw=0x05 sf=9
PHASE_START 35 LF-LoRa-SF9-255 pktSize=255
TIME_SYNCED utc=1785077495 offset=1785062472
PHASE_RESULT 35 LF-LoRa-SF9-255 pktSize=255 rx=0 unique=0 lost=1 per=100.0 rssi_avg=0 rssi_min=0 crc_err=0 garbage=0 tx_lat=0.00000 tx_lon=0.00000 sats=0 fix=0 utc=0 tx_fw=none rx_fw=unknown
PHASE_GUARD 500
LORA_CFG path=0 bw=0x05 sf=9
PHASE_START 34 LF-LoRa-SF9-128 pktSize=128
PHASE_RESULT 34 LF-LoRa-SF9-128 pktSize=128 rx=0 unique=0 lost=1 per=100.0 rssi_avg=0 rssi_min=0 crc_err=0 garbage=0 tx_lat=0.00000 tx_lon=0.00000 sats=0 fix=0 utc=0 tx_fw=none rx_fw=unknown
PHASE_GUARD 500
2026-07-26T14:51:37.442110+00:00 LORA_CFG path=0 bw=0x05 sf=9
PHASE_START 35 LF-LoRa-SF9-255 pktSize=255
2026-07-26T14:51:40.555960+00:00 PHASE_RESULT 35 LF-LoRa-SF9-255 pktSize=255 rx=0 unique=0 lost=1 per=100.0 rssi_avg=0 rssi_min=0 crc_err=0 garbage=0 tx_lat=0.00000 tx_lon=0.00000 sats=0 fix=0 utc=0 tx_fw=none rx_fw=unknown
PHASE_GUARD 500
LORA_CFG path=0 bw=0x05 sf=12
PHASE_START 36 LF-LoRa-SF12-32 pktSize=32
2026-07-26T14:51:42.622456+00:00 TIME_SYNCED utc=1785077501 offset=1785062472
2026-07-26T14:51:45.739671+00:00 TIME_SYNCED utc=1785077505 offset=1785062472
2026-07-26T14:51:53.063948+00:00 TIME_SYNCED utc=1785077512 offset=1785062473
2026-07-26T14:51:55.126755+00:00 PHASE_RESULT 36 LF-LoRa-SF12-32 pktSize=32 rx=0 unique=0 lost=1 per=100.0 rssi_avg=0 rssi_min=0 crc_err=0 garbage=0 tx_lat=0.00000 tx_lon=0.00000 sats=0 fix=0 utc=0 tx_fw=none rx_fw=unknown
PHASE_GUARD 500
LORA_CFG path=0 bw=0x05 sf=12
PHASE_START 37 LF-LoRa-SF12-SKIP SKIP pktSize=64
2026-07-26T14:51:56.145839+00:00 PHASE_RESULT 37 LF-LoRa-SF12-SKIP pktSize=64 rx=0 unique=0 lost=0 per=0.0 rssi_avg=0 rssi_min=0 crc_err=0 garbage=0 tx_lat=0.00000 tx_lon=0.00000 sats=0 fix=0 utc=0 tx_fw=none rx_fw=unknown
PHASE_GUARD 500
LORA_CFG path=0 bw=0x05 sf=12
PHASE_START 38 LF-LoRa-SF12-SKIP SKIP pktSize=128
TIME_SYNCED utc=1785077515 offset=1785062472
PHASE_RESULT 38 LF-LoRa-SF12-SKIP pktSize=128 rx=0 unique=0 lost=0 per=0.0 rssi_avg=0 rssi_min=0 crc_err=0 garbage=0 tx_lat=0.00000 tx_lon=0.00000 sats=0 fix=0 utc=0 tx_fw=none rx_fw=unknown
PHASE_GUARD 500
LORA_CFG path=0 bw=0x05 sf=12
PHASE_START 37 LF-LoRa-SF12-SKIP SKIP pktSize=64
2026-07-26T14:51:57.162554+00:00 PHASE_RESULT 37 LF-LoRa-SF12-SKIP pktSize=64 rx=0 unique=0 lost=0 per=0.0 rssi_avg=0 rssi_min=0 crc_err=0 garbage=0 tx_lat=0.00000 tx_lon=0.00000 sats=0 fix=0 utc=0 tx_fw=none rx_fw=unknown
PHASE_GUARD 500
LORA_CFG path=0 bw=0x05 sf=12
PHASE_START 38 LF-LoRa-SF12-SKIP SKIP pktSize=128
2026-07-26T14:51:58.174236+00:00 PHASE_RESULT 38 LF-LoRa-SF12-SKIP pktSize=128 rx=0 unique=0 lost=0 per=0.0 rssi_avg=0 rssi_min=0 crc_err=0 garbage=0 tx_lat=0.00000 tx_lon=0.00000 sats=0 fix=0 utc=0 tx_fw=none rx_fw=unknown
PHASE_GUARD 500
LORA_CFG path=0 bw=0x05 sf=12
PHASE_START 39 LF-LoRa-SF12-SKIP SKIP pktSize=255
2026-07-26T14:51:59.192117+00:00 PHASE_RESULT 39 LF-LoRa-SF12-SKIP pktSize=255 rx=0 unique=0 lost=0 per=0.0 rssi_avg=0 rssi_min=0 crc_err=0 garbage=0 tx_lat=0.00000 tx_lon=0.00000 sats=0 fix=0 utc=0 tx_fw=none rx_fw=unknown
PHASE_GUARD 500
PHASE_START 40 LF-FLRC-2600-32 pktSize=32
2026-07-26T14:52:01.254710+00:00 PHASE_RESULT 40 LF-FLRC-2600-32 pktSize=32 rx=0 unique=0 lost=100 per=100.0 rssi_avg=0 rssi_min=0 crc_err=0 garbage=0 tx_lat=0.00000 tx_lon=0.00000 sats=0 fix=0 utc=0 tx_fw=none rx_fw=unknown
PHASE_GUARD 500
PHASE_START 41 LF-FLRC-2600-64 pktSize=64
SYNC_NOT_FOUND first4=44140A59
2026-07-26T14:52:03.325184+00:00 TIME_SYNCED utc=1785077522 offset=1785062473
PHASE_RESULT 41 LF-FLRC-2600-64 pktSize=64 rx=0 unique=0 lost=100 per=100.0 rssi_avg=0 rssi_min=0 crc_err=0 garbage=1 tx_lat=0.00000 tx_lon=0.00000 sats=0 fix=0 utc=0 tx_fw=none rx_fw=unknown
PHASE_GUARD 500
PHASE_START 42 LF-FLRC-2600-128 pktSize=128
SYNC_NOT_FOUND first4=06128D65
SYNC_NOT_FOUND first4=B5F0E9C5
2026-07-26T14:52:04.344781+00:00 PHASE_RESULT 42 LF-FLRC-2600-128 pktSize=128 rx=0 unique=0 lost=100 per=100.0 rssi_avg=0 rssi_min=0 crc_err=0 garbage=2 tx_lat=0.00000 tx_lon=0.00000 sats=0 fix=0 utc=0 tx_fw=none rx_fw=unknown
PHASE_GUARD 500
PHASE_START 43 LF-FLRC-2600-255 pktSize=255
2026-07-26T14:52:06.407322+00:00 PHASE_RESULT 43 LF-FLRC-2600-255 pktSize=255 rx=0 unique=0 lost=100 per=100.0 rssi_avg=0 rssi_min=0 crc_err=0 garbage=0 tx_lat=0.00000 tx_lon=0.00000 sats=0 fix=0 utc=0 tx_fw=none rx_fw=unknown
PHASE_GUARD 500
PHASE_START 44 LF-FLRC-1300-32 pktSize=32
TIME_SYNCED utc=1785077525 offset=1785062472
PHASE_RESULT 44 LF-FLRC-1300-32 pktSize=32 rx=0 unique=0 lost=100 per=100.0 rssi_avg=0 rssi_min=0 crc_err=0 garbage=0 tx_lat=0.00000 tx_lon=0.00000 sats=0 fix=0 utc=0 tx_fw=none rx_fw=unknown
PHASE_GUARD 500
PHASE_START 43 LF-FLRC-2600-255 pktSize=255
PHASE_RESULT 43 LF-FLRC-2600-255 pktSize=255 rx=0 unique=0 lost=100 per=100.0 rssi_avg=0 rssi_min=0 crc_err=0 garbage=0 tx_lat=0.00000 tx_lon=0.00000 sats=0 fix=0 utc=0 tx_fw=none rx_fw=unknown
PHASE_GUARD 500
2026-07-26T14:52:07.427053+00:00 PHASE_START 44 LF-FLRC-1300-32 pktSize=32
SYNC_NOT_FOUND first4=74032086
2026-07-26T14:52:08.438354+00:00 PHASE_RESULT 44 LF-FLRC-1300-32 pktSize=32 rx=0 unique=0 lost=100 per=100.0 rssi_avg=0 rssi_min=0 crc_err=0 garbage=1 tx_lat=0.00000 tx_lon=0.00000 sats=0 fix=0 utc=0 tx_fw=none rx_fw=unknown
PHASE_GUARD 500
2026-07-26T14:52:09.450064+00:00 PHASE_START 45 LF-FLRC-1300-64 pktSize=64
SYNC_NOT_FOUND first4=53216ACB
2026-07-26T14:52:10.461299+00:00 PHASE_RESULT 45 LF-FLRC-1300-64 pktSize=64 rx=0 unique=0 lost=100 per=100.0 rssi_avg=0 rssi_min=0 crc_err=0 garbage=1 tx_lat=0.00000 tx_lon=0.00000 sats=0 fix=0 utc=0 tx_fw=none rx_fw=unknown
PHASE_GUARD 500
2026-07-26T14:52:11.479229+00:00 PHASE_START 46 LF-FLRC-1300-128 pktSize=128
2026-07-26T14:52:12.494206+00:00 PHASE_RESULT 46 LF-FLRC-1300-128 pktSize=128 rx=0 unique=0 lost=100 per=100.0 rssi_avg=0 rssi_min=0 crc_err=0 garbage=0 tx_lat=0.00000 tx_lon=0.00000 sats=0 fix=0 utc=0 tx_fw=none rx_fw=unknown
PHASE_GUARD 500
2026-07-26T14:52:13.505622+00:00 PHASE_START 47 LF-FLRC-1300-255 pktSize=255
TIME_SYNCED utc=1785077532 offset=1785062472
SYNC_NOT_FOUND first4=D9F7064A
2026-07-26T14:52:14.516868+00:00 PHASE_RESULT 47 LF-FLRC-1300-255 pktSize=255 rx=0 unique=0 lost=100 per=100.0 rssi_avg=0 rssi_min=0 crc_err=0 garbage=1 tx_lat=0.00000 tx_lon=0.00000 sats=0 fix=0 utc=0 tx_fw=none rx_fw=unknown
PHASE_GUARD 500
2026-07-26T14:52:15.528355+00:00 PHASE_START 48 LF-FLRC-650-32 pktSize=32
2026-07-26T14:52:16.544067+00:00 SYNC_NOT_FOUND first4=3FB92DFB
TIME_SYNCED utc=1785077535 offset=1785062472
SYNC_NOT_FOUND first4=AC6660A8
SYNC_NOT_FOUND first4=D5E79109
PHASE_RESULT 48 LF-FLRC-650-32 pktSize=32 rx=0 unique=0 lost=100 per=100.0 rssi_avg=0 rssi_min=0 crc_err=0 garbage=3 tx_lat=0.00000 tx_lon=0.00000 sats=0 fix=0 utc=0 tx_fw=none rx_fw=unknown
PHASE_GUARD 500
PHASE_START 49 LF-FLRC-650-64 pktSize=64
2026-07-26T14:52:17.558199+00:00 SYNC_NOT_FOUND first4=2D35127C
SYNC_NOT_FOUND first4=3B8E6821
SYNC_NOT_FOUND first4=4D97BED6
2026-07-26T14:52:18.573789+00:00 SYNC_NOT_FOUND first4=B4338DC7
PHASE_RESULT 49 LF-FLRC-650-64 pktSize=64 rx=0 unique=0 lost=100 per=100.0 rssi_avg=0 rssi_min=0 crc_err=0 garbage=4 tx_lat=0.00000 tx_lon=0.00000 sats=0 fix=0 utc=0 tx_fw=none rx_fw=unknown
PHASE_GUARD 500
PHASE_START 50 LF-FLRC-650-128 pktSize=128
2026-07-26T14:52:19.586023+00:00 SYNC_NOT_FOUND first4=499A8EAB
2026-07-26T14:52:20.597074+00:00 SYNC_NOT_FOUND first4=13544042
PHASE_RESULT 50 LF-FLRC-650-128 pktSize=128 rx=0 unique=0 lost=100 per=100.0 rssi_avg=0 rssi_min=0 crc_err=0 garbage=2 tx_lat=0.00000 tx_lon=0.00000 sats=0 fix=0 utc=0 tx_fw=none rx_fw=unknown
PHASE_GUARD 500
PHASE_START 51 LF-FLRC-650-255 pktSize=255
2026-07-26T14:52:21.605483+00:00 SYNC_NOT_FOUND first4=E7C504DD
SYNC_NOT_FOUND first4=9AB81346
2026-07-26T14:52:22.624732+00:00 SYNC_NOT_FOUND first4=B2D37831
PHASE_RESULT 51 LF-FLRC-650-255 pktSize=255 rx=0 unique=0 lost=100 per=100.0 rssi_avg=0 rssi_min=0 crc_err=0 garbage=3 tx_lat=0.00000 tx_lon=0.00000 sats=0 fix=0 utc=0 tx_fw=none rx_fw=unknown
PHASE_GUARD 500
PHASE_START 52 LF-FLRC-325-32 pktSize=32
2026-07-26T14:52:23.643284+00:00 TIME_SYNCED utc=1785077542 offset=1785062472
2026-07-26T14:52:24.654233+00:00 SYNC_NOT_FOUND first4=1E16EB05
PHASE_RESULT 52 LF-FLRC-325-32 pktSize=32 rx=0 unique=0 lost=100 per=100.0 rssi_avg=0 rssi_min=0 crc_err=0 garbage=1 tx_lat=0.00000 tx_lon=0.00000 sats=0 fix=0 utc=0 tx_fw=none rx_fw=unknown
PHASE_GUARD 500
PHASE_START 53 LF-FLRC-325-64 pktSize=64
2026-07-26T14:52:26.715353+00:00 TIME_SYNCED utc=1785077545 offset=1785062472
PHASE_RESULT 53 LF-FLRC-325-64 pktSize=64 rx=0 unique=0 lost=100 per=100.0 rssi_avg=0 rssi_min=0 crc_err=0 garbage=0 tx_lat=0.00000 tx_lon=0.00000 sats=0 fix=0 utc=0 tx_fw=none rx_fw=unknown
PHASE_GUARD 500
PHASE_START 54 LF-FLRC-325-128 pktSize=128
2026-07-26T14:52:28.782753+00:00 PHASE_RESULT 54 LF-FLRC-325-128 pktSize=128 rx=0 unique=0 lost=100 per=100.0 rssi_avg=0 rssi_min=0 crc_err=0 garbage=0 tx_lat=0.00000 tx_lon=0.00000 sats=0 fix=0 utc=0 tx_fw=none rx_fw=unknown
PHASE_GUARD 500
PHASE_START 55 LF-FLRC-325-255 pktSize=255
2026-07-26T14:52:30.845102+00:00 PHASE_RESULT 55 LF-FLRC-325-255 pktSize=255 rx=0 unique=0 lost=100 per=100.0 rssi_avg=0 rssi_min=0 crc_err=0 garbage=0 tx_lat=0.00000 tx_lon=0.00000 sats=0 fix=0 utc=0 tx_fw=none rx_fw=unknown
PHASE_GUARD 500
LORA_CFG path=1 bw=0x0F sf=7
PHASE_START 0 HF-LoRa-SF7-32 pktSize=32
2026-07-26T14:52:32.912990+00:00 PHASE_RESULT 0 HF-LoRa-SF7-32 pktSize=32 rx=0 unique=0 lost=20 per=100.0 rssi_avg=0 rssi_min=0 crc_err=0 garbage=0 tx_lat=0.00000 tx_lon=0.00000 sats=0 fix=0 utc=0 tx_fw=none rx_fw=unknown
PHASE_GUARD 500
LORA_CFG path=1 bw=0x0F sf=7
PHASE_START 1 HF-LoRa-SF7-64 pktSize=64
2026-07-26T14:52:33.933233+00:00 TIME_SYNCED utc=1785077552 offset=1785062472
2026-07-26T14:52:34.944212+00:00 PHASE_RESULT 1 HF-LoRa-SF7-64 pktSize=64 rx=0 unique=0 lost=20 per=100.0 rssi_avg=0 rssi_min=0 crc_err=0 garbage=0 tx_lat=0.00000 tx_lon=0.00000 sats=0 fix=0 utc=0 tx_fw=none rx_fw=unknown
PHASE_GUARD 500
LORA_CFG path=1 bw=0x0F sf=7
PHASE_START 2 HF-LoRa-SF7-128 pktSize=128
2026-07-26T14:52:35.960600+00:00 TIME_SYNCED utc=1785077555 offset=1785062472
2026-07-26T14:52:36.965293+00:00 PHASE_RESULT 2 HF-LoRa-SF7-128 pktSize=128 rx=0 unique=0 lost=20 per=100.0 rssi_avg=0 rssi_min=0 crc_err=0 garbage=0 tx_lat=0.00000 tx_lon=0.00000 sats=0 fix=0 utc=0 tx_fw=none rx_fw=unknown
PHASE_GUARD 500
LORA_CFG path=1 bw=0x0F sf=7
PHASE_START 3 HF-LoRa-SF7-255 pktSize=255
2026-07-26T14:52:40.086297+00:00 PHASE_RESULT 3 HF-LoRa-SF7-255 pktSize=255 rx=0 unique=0 lost=20 per=100.0 rssi_avg=0 rssi_min=0 crc_err=0 garbage=0 tx_lat=0.00000 tx_lon=0.00000 sats=0 fix=0 utc=0 tx_fw=none rx_fw=unknown
PHASE_GUARD 500
LORA_CFG path=1 bw=0x0F sf=9
PHASE_START 4 HF-LoRa-SF9-32 pktSize=32
2026-07-26T14:52:42.149354+00:00 PHASE_RESULT 4 HF-LoRa-SF9-32 pktSize=32 rx=0 unique=0 lost=20 per=100.0 rssi_avg=0 rssi_min=0 crc_err=0 garbage=0 tx_lat=0.00000 tx_lon=0.00000 sats=0 fix=0 utc=0 tx_fw=none rx_fw=unknown
PHASE_GUARD 500
LORA_CFG path=1 bw=0x0F sf=9
PHASE_START 5 HF-LoRa-SF9-64 pktSize=64
2026-07-26T14:52:44.219352+00:00 TIME_SYNCED utc=1785077563 offset=1785062473
PHASE_RESULT 5 HF-LoRa-SF9-64 pktSize=64 rx=0 unique=0 lost=20 per=100.0 rssi_avg=0 rssi_min=0 crc_err=0 garbage=0 tx_lat=0.00000 tx_lon=0.00000 sats=0 fix=0 utc=0 tx_fw=none rx_fw=unknown
PHASE_GUARD 500
LORA_CFG path=1 bw=0x0F sf=9
PHASE_START 6 HF-LoRa-SF9-128 pktSize=128
2026-07-26T14:52:46.281237+00:00 TIME_SYNCED utc=1785077565 offset=1785062472
2026-07-26T14:52:49.400640+00:00 PHASE_RESULT 6 HF-LoRa-SF9-128 pktSize=128 rx=0 unique=0 lost=13 per=100.0 rssi_avg=0 rssi_min=0 crc_err=0 garbage=0 tx_lat=0.00000 tx_lon=0.00000 sats=0 fix=0 utc=0 tx_fw=none rx_fw=unknown
PHASE_GUARD 500
LORA_CFG path=1 bw=0x0F sf=9
PHASE_START 7 HF-LoRa-SF9-255 pktSize=255
2026-07-26T14:52:51.470218+00:00 PHASE_RESULT 7 HF-LoRa-SF9-255 pktSize=255 rx=0 unique=0 lost=6 per=100.0 rssi_avg=0 rssi_min=0 crc_err=0 garbage=0 tx_lat=0.00000 tx_lon=0.00000 sats=0 fix=0 utc=0 tx_fw=none rx_fw=unknown
PHASE_GUARD 500
LORA_CFG path=1 bw=0x0F sf=12
2026-07-26T14:52:52.488353+00:00 PHASE_START 8 HF-LoRa-SF12-32 pktSize=32
2026-07-26T14:52:54.555905+00:00 TIME_SYNCED utc=1785077573 offset=1785062472
PHASE_RESULT 8 HF-LoRa-SF12-32 pktSize=32 rx=0 unique=0 lost=2 per=100.0 rssi_avg=0 rssi_min=0 crc_err=0 garbage=0 tx_lat=0.00000 tx_lon=0.00000 sats=0 fix=0 utc=0 tx_fw=none rx_fw=unknown
PHASE_GUARD 500
LORA_CFG path=1 bw=0x0F sf=12
PHASE_START 9 HF-LoRa-SF12-64 pktSize=64
2026-07-26T14:52:56.619224+00:00 TIME_SYNCED utc=1785077575 offset=1785062472
2026-07-26T14:52:57.635752+00:00 PHASE_RESULT 9 HF-LoRa-SF12-64 pktSize=64 rx=0 unique=0 lost=1 per=100.0 rssi_avg=0 rssi_min=0 crc_err=0 garbage=0 tx_lat=0.00000 tx_lon=0.00000 sats=0 fix=0 utc=0 tx_fw=none rx_fw=unknown
PHASE_GUARD 500
LORA_CFG path=1 bw=0x0F sf=12
PHASE_START 10 HF-LoRa-SF12-128 pktSize=128
2026-07-26T14:53:02.857359+00:00 PHASE_RESULT 10 HF-LoRa-SF12-128 pktSize=128 rx=0 unique=0 lost=1 per=100.0 rssi_avg=0 rssi_min=0 crc_err=0 garbage=0 tx_lat=0.00000 tx_lon=0.00000 sats=0 fix=0 utc=0 tx_fw=none rx_fw=unknown
PHASE_GUARD 500
LORA_CFG path=1 bw=0x0F sf=12
PHASE_START 11 HF-LoRa-SF12-255 pktSize=255
2026-07-26T14:53:04.912828+00:00 TIME_SYNCED utc=1785077583 offset=1785062472
2026-07-26T14:53:05.924222+00:00 TIME_SYNCED utc=1785077585 offset=1785062472
2026-07-26T14:53:13.243255+00:00 PHASE_RESULT 11 HF-LoRa-SF12-255 pktSize=255 rx=0 unique=0 lost=1 per=100.0 rssi_avg=0 rssi_min=0 crc_err=0 garbage=0 tx_lat=0.00000 tx_lon=0.00000 sats=0 fix=0 utc=0 tx_fw=none rx_fw=unknown
PHASE_GUARD 500
PHASE_START 12 HF-FLRC-2600-32 pktSize=32
SYNC_NOT_FOUND first4=F1640AFC
SYNC_NOT_FOUND first4=5D49AB82
2026-07-26T14:53:14.255245+00:00 SYNC_NOT_FOUND first4=390BB24E
SYNC_NOT_FOUND first4=407ED02E
SYNC_NOT_FOUND first4=E33283C0
2026-07-26T14:53:15.266522+00:00 TIME_SYNCED utc=1785077594 offset=1785062473
PHASE_RESULT 12 HF-FLRC-2600-32 pktSize=32 rx=0 unique=0 lost=100 per=100.0 rssi_avg=0 rssi_min=0 crc_err=0 garbage=5 tx_lat=0.00000 tx_lon=0.00000 sats=0 fix=0 utc=0 tx_fw=none rx_fw=unknown
PHASE_GUARD 500
PHASE_START 13 HF-FLRC-2600-64 pktSize=64
SYNC_NOT_FOUND first4=83A3F51E
SYNC_NOT_FOUND first4=449881F9
SYNC_NOT_FOUND first4=C9022959
SYNC_NOT_FOUND first4=A2EAF39E
2026-07-26T14:53:16.279141+00:00 PHASE_RESULT 13 HF-FLRC-2600-64 pktSize=64 rx=0 unique=0 lost=100 per=100.0 rssi_avg=0 rssi_min=0 crc_err=0 garbage=4 tx_lat=0.00000 tx_lon=0.00000 sats=0 fix=0 utc=0 tx_fw=none rx_fw=unknown
PHASE_GUARD 500
PHASE_START 14 HF-FLRC-2600-128 pktSize=128
SYNC_NOT_FOUND first4=F067BD10
SYNC_NOT_FOUND first4=C4346FD6
SYNC_NOT_FOUND first4=863047E8
SYNC_NOT_FOUND first4=0FD73D1C
SYNC_NOT_FOUND first4=9EE96C34
TIME_SYNCED utc=1785077595 offset=1785062472
PHASE_RESULT 14 HF-FLRC-2600-128 pktSize=128 rx=0 unique=0 lost=100 per=100.0 rssi_avg=0 rssi_min=0 crc_err=0 garbage=5 tx_lat=0.00000 tx_lon=0.00000 sats=0 fix=0 utc=0 tx_fw=none rx_fw=unknown
PHASE_GUARD 500
PHASE_START 13 HF-FLRC-2600-64 pktSize=64
SYNC_NOT_FOUND first4=23C1026E
SYNC_NOT_FOUND first4=7973A410
SYNC_NOT_FOUND first4=299E5B6D
2026-07-26T14:53:17.290300+00:00 SYNC_NOT_FOUND first4=F38DDA6F
SYNC_NOT_FOUND first4=75A3C653
PHASE_RESULT 13 HF-FLRC-2600-64 pktSize=64 rx=0 unique=0 lost=100 per=100.0 rssi_avg=0 rssi_min=0 crc_err=0 garbage=5 tx_lat=0.00000 tx_lon=0.00000 sats=0 fix=0 utc=0 tx_fw=none rx_fw=unknown
PHASE_GUARD 500
PHASE_START 14 HF-FLRC-2600-128 pktSize=128
SYNC_NOT_FOUND first4=BC33917D
SYNC_NOT_FOUND first4=13FFDBD4
SYNC_NOT_FOUND first4=D7B3B214
SYNC_NOT_FOUND first4=68AC3F08
SYNC_NOT_FOUND first4=7D2B25FC
SYNC_NOT_FOUND first4=90F47882
SYNC_NOT_FOUND first4=7DA49D8E
SYNC_NOT_FOUND first4=227E2960
2026-07-26T14:53:18.306197+00:00 SYNC_NOT_FOUND first4=6E8292FE
SYNC_NOT_FOUND first4=AB7DC897
SYNC_NOT_FOUND first4=C1C9302D
SYNC_NOT_FOUND first4=F2D30A47
2026-07-26T14:53:19.322357+00:00 SYNC_NOT_FOUND first4=8305140E
PHASE_RESULT 14 HF-FLRC-2600-128 pktSize=128 rx=0 unique=0 lost=100 per=100.0 rssi_avg=0 rssi_min=0 crc_err=0 garbage=13 tx_lat=0.00000 tx_lon=0.00000 sats=0 fix=0 utc=0 tx_fw=none rx_fw=unknown
PHASE_GUARD 500
PHASE_START 15 HF-FLRC-2600-255 pktSize=255
SYNC_NOT_FOUND first4=4A9F8618
SYNC_NOT_FOUND first4=B409AD55
SYNC_NOT_FOUND first4=C09ACBD5
SYNC_NOT_FOUND first4=2514E081
SYNC_NOT_FOUND first4=C2A4DE1A
SYNC_NOT_FOUND first4=E9A94F91
SYNC_NOT_FOUND first4=1B1029AB
2026-07-26T14:53:20.333283+00:00 SYNC_NOT_FOUND first4=B96AC8FF
SYNC_NOT_FOUND first4=44B9CF82
SYNC_NOT_FOUND first4=16AA64C0
SYNC_NOT_FOUND first4=5D705462
SYNC_NOT_FOUND first4=52B675BE
SYNC_NOT_FOUND first4=D54FF498
2026-07-26T14:53:21.344544+00:00 PHASE_RESULT 15 HF-FLRC-2600-255 pktSize=255 rx=0 unique=0 lost=100 per=100.0 rssi_avg=0 rssi_min=0 crc_err=0 garbage=13 tx_lat=0.00000 tx_lon=0.00000 sats=0 fix=0 utc=0 tx_fw=none rx_fw=unknown
PHASE_GUARD 500
PHASE_START 16 HF-FLRC-1300-32 pktSize=32
SYNC_NOT_FOUND first4=1D7AA9A7
2026-07-26T14:53:22.356513+00:00 SYNC_NOT_FOUND first4=4C3DD07E
2026-07-26T14:53:23.368213+00:00 PHASE_RESULT 16 HF-FLRC-1300-32 pktSize=32 rx=0 unique=0 lost=100 per=100.0 rssi_avg=0 rssi_min=0 crc_err=0 garbage=2 tx_lat=0.00000 tx_lon=0.00000 sats=0 fix=0 utc=0 tx_fw=none rx_fw=unknown
PHASE_GUARD 500
PHASE_START 17 HF-FLRC-1300-64 pktSize=64
SYNC_NOT_FOUND first4=857C7BEE
SYNC_NOT_FOUND first4=87D593A9
SYNC_NOT_FOUND first4=FF458EC5
2026-07-26T14:53:24.379501+00:00 SYNC_NOT_FOUND first4=19840A21
PHASE_RESULT 17 HF-FLRC-1300-64 pktSize=64 rx=0 unique=0 lost=100 per=100.0 rssi_avg=0 rssi_min=0 crc_err=0 garbage=4 tx_lat=0.00000 tx_lon=0.00000 sats=0 fix=0 utc=0 tx_fw=none rx_fw=unknown
PHASE_GUARD 500
2026-07-26T14:53:25.387262+00:00 PHASE_START 18 HF-FLRC-1300-128 pktSize=128
TIME_SYNCED utc=1785077604 offset=1785062472
SYNC_NOT_FOUND first4=E6116BA1
SYNC_NOT_FOUND first4=2DB851F8
SYNC_NOT_FOUND first4=A19FAB87
2026-07-26T14:53:26.398200+00:00 TIME_SYNCED utc=1785077605 offset=1785062472
PHASE_RESULT 18 HF-FLRC-1300-128 pktSize=128 rx=0 unique=0 lost=100 per=100.0 rssi_avg=0 rssi_min=0 crc_err=0 garbage=3 tx_lat=0.00000 tx_lon=0.00000 sats=0 fix=0 utc=0 tx_fw=none rx_fw=unknown
PHASE_GUARD 500
2026-07-26T14:53:27.410333+00:00 PHASE_START 19 HF-FLRC-1300-255 pktSize=255
2026-07-26T14:53:28.422112+00:00 SYNC_NOT_FOUND first4=7E34D46A
SYNC_NOT_FOUND first4=E6A03C2B
PHASE_RESULT 19 HF-FLRC-1300-255 pktSize=255 rx=0 unique=0 lost=100 per=100.0 rssi_avg=0 rssi_min=0 crc_err=0 garbage=2 tx_lat=0.00000 tx_lon=0.00000 sats=0 fix=0 utc=0 tx_fw=none rx_fw=unknown
PHASE_GUARD 500
2026-07-26T14:53:29.434048+00:00 PHASE_START 20 HF-FLRC-650-32 pktSize=32
SYNC_NOT_FOUND first4=2E7ACE35
SYNC_NOT_FOUND first4=9581AC4E
SYNC_NOT_FOUND first4=9ACC881B
SYNC_NOT_FOUND first4=361452CB
SYNC_NOT_FOUND first4=EB6B45D5
SYNC_NOT_FOUND first4=074E2567
SYNC_NOT_FOUND first4=783F43C3
SYNC_NOT_FOUND first4=91F15D59
SYNC_NOT_FOUND first4=AC4CB4A1
SYNC_NOT_FOUND first4=0E62A15F
SYNC_NOT_FOUND first4=53A13865
2026-07-26T14:53:30.445177+00:00 SYNC_NOT_FOUND first4=3E230BBD
SYNC_NOT_FOUND first4=F5E7BC98
SYNC_NOT_FOUND first4=61715CFC
SYNC_NOT_FOUND first4=5AB6412E
SYNC_NOT_FOUND first4=E62CA406
SYNC_NOT_FOUND first4=0A4B2E95
SYNC_NOT_FOUND first4=1CF61AAC
SYNC_NOT_FOUND first4=C221396B
SYNC_NOT_FOUND first4=5BECBA2E
SYNC_NOT_FOUND first4=6B0BCE52
SYNC_NOT_FOUND first4=ACB4BABB
SYNC_NOT_FOUND first4=EFB977DF
SYNC_NOT_FOUND first4=7664E85A
PHASE_RESULT 20 HF-FLRC-650-32 pktSize=32 rx=0 unique=0 lost=100 per=100.0 rssi_avg=0 rssi_min=0 crc_err=0 garbage=24 tx_lat=0.00000 tx_lon=0.00000 sats=0 fix=0 utc=0 tx_fw=none rx_fw=unknown
PHASE_GUARD 500
2026-07-26T14:53:31.456355+00:00 PHASE_START 21 HF-FLRC-650-64 pktSize=64
SYNC_NOT_FOUND first4=80C0D540
SYNC_NOT_FOUND first4=D4DD31D3
SYNC_NOT_FOUND first4=F85E5D61
SYNC_NOT_FOUND first4=88E321CC
SYNC_NOT_FOUND first4=3D5FFF2F
SYNC_NOT_FOUND first4=0FC8B42C
SYNC_NOT_FOUND first4=2D198C9B
SYNC_NOT_FOUND first4=1B43C64D
SYNC_NOT_FOUND first4=A0B6C900
SYNC_NOT_FOUND first4=523BDC05
SYNC_NOT_FOUND first4=72F8304C
SYNC_NOT_FOUND first4=49D5018F
SYNC_NOT_FOUND first4=A5CF15D6
SYNC_NOT_FOUND first4=E7DB160F
SYNC_NOT_FOUND first4=D7FA7F31
SYNC_NOT_FOUND first4=13210923
SYNC_NOT_FOUND first4=54EB6579
SYNC_NOT_FOUND first4=6775CD54
2026-07-26T14:53:32.467488+00:00 SYNC_NOT_FOUND first4=72F55260
SYNC_NOT_FOUND first4=F0475E71
SYNC_NOT_FOUND first4=9B4B1C60
SYNC_NOT_FOUND first4=480DA93C
SYNC_NOT_FOUND first4=90179612
SYNC_NOT_FOUND first4=589E7942
SYNC_NOT_FOUND first4=3627DD07
SYNC_NOT_FOUND first4=40B1E71A
SYNC_NOT_FOUND first4=3E33D1AA
SYNC_NOT_FOUND first4=D5B86990
PHASE_RESULT 21 HF-FLRC-650-64 pktSize=64 rx=0 unique=0 lost=100 per=100.0 rssi_avg=0 rssi_min=0 crc_err=0 garbage=28 tx_lat=0.00000 tx_lon=0.00000 sats=0 fix=0 utc=0 tx_fw=none rx_fw=unknown
PHASE_GUARD 500
2026-07-26T14:53:33.479361+00:00 PHASE_START 22 HF-FLRC-650-128 pktSize=128
SYNC_NOT_FOUND first4=6FA735FB
SYNC_NOT_FOUND first4=632A5D5A
SYNC_NOT_FOUND first4=4D06F10F
SYNC_NOT_FOUND first4=CCC6C97F
SYNC_NOT_FOUND first4=BFA8E211
SYNC_NOT_FOUND first4=728CB80C
SYNC_NOT_FOUND first4=29612C3F
2026-07-26T14:53:34.491279+00:00 SYNC_NOT_FOUND first4=8D165C9A
SYNC_NOT_FOUND first4=6AB57884
SYNC_NOT_FOUND first4=0C6E4C71
SYNC_NOT_FOUND first4=B02E7CA8
SYNC_NOT_FOUND first4=13F49DB0
SYNC_NOT_FOUND first4=D667C715
SYNC_NOT_FOUND first4=108E9F05
PHASE_RESULT 22 HF-FLRC-650-128 pktSize=128 rx=0 unique=0 lost=100 per=100.0 rssi_avg=0 rssi_min=0 crc_err=0 garbage=14 tx_lat=0.00000 tx_lon=0.00000 sats=0 fix=0 utc=0 tx_fw=none rx_fw=unknown
PHASE_GUARD 500
2026-07-26T14:53:35.502657+00:00 PHASE_START 23 HF-FLRC-650-255 pktSize=255
TIME_SYNCED utc=1785077614 offset=1785062472
SYNC_NOT_FOUND first4=42A47241
SYNC_NOT_FOUND first4=037A3133
SYNC_NOT_FOUND first4=9A48B8B8
SYNC_NOT_FOUND first4=E92822AB
SYNC_NOT_FOUND first4=526CB7DF
SYNC_NOT_FOUND first4=23FBA3AC
SYNC_NOT_FOUND first4=A336DEB5
SYNC_NOT_FOUND first4=E2EA221A
SYNC_NOT_FOUND first4=75DEFC09
SYNC_NOT_FOUND first4=A1F7E62C
SYNC_NOT_FOUND first4=40D486EA
SYNC_NOT_FOUND first4=568ECC53
SYNC_NOT_FOUND first4=9584324B
SYNC_NOT_FOUND first4=FE14555A
SYNC_NOT_FOUND first4=9062240C
SYNC_NOT_FOUND first4=D74CD43E
SYNC_NOT_FOUND first4=84C540B7
2026-07-26T14:53:36.513518+00:00 TIME_SYNCED utc=1785077615 offset=1785062472
SYNC_NOT_FOUND first4=E39B5A84
SYNC_NOT_FOUND first4=AE662186
SYNC_NOT_FOUND first4=F03DBA0C
SYNC_NOT_FOUND first4=92B189DF
SYNC_NOT_FOUND first4=4F3107D5
SYNC_NOT_FOUND first4=34D9FB30
SYNC_NOT_FOUND first4=D2824101
SYNC_NOT_FOUND first4=4BA1A646
SYNC_NOT_FOUND first4=1ECCD404
SYNC_NOT_FOUND first4=49CAE0CF
SYNC_NOT_FOUND first4=EB9EAE6E
PHASE_RESULT 23 HF-FLRC-650-255 pktSize=255 rx=0 unique=0 lost=100 per=100.0 rssi_avg=0 rssi_min=0 crc_err=0 garbage=28 tx_lat=0.00000 tx_lon=0.00000 sats=0 fix=0 utc=0 tx_fw=none rx_fw=unknown
PHASE_GUARD 500
PHASE_START 24 HF-FLRC-325-32 pktSize=32
2026-07-26T14:53:37.525248+00:00 SYNC_NOT_FOUND first4=DD23B92D
SYNC_NOT_FOUND first4=01283B71
2026-07-26T14:53:38.536769+00:00 PHASE_RESULT 24 HF-FLRC-325-32 pktSize=32 rx=0 unique=0 lost=100 per=100.0 rssi_avg=0 rssi_min=0 crc_err=0 garbage=2 tx_lat=0.00000 tx_lon=0.00000 sats=0 fix=0 utc=0 tx_fw=none rx_fw=unknown
PHASE_GUARD 500
PHASE_START 25 HF-FLRC-325-64 pktSize=64
2026-07-26T14:53:39.548720+00:00 SYNC_NOT_FOUND first4=E3B99262
SYNC_NOT_FOUND first4=46DCFDF0
2026-07-26T14:53:40.560038+00:00 SYNC_NOT_FOUND first4=39989714
SYNC_NOT_FOUND first4=AAC1A354
PHASE_RESULT 25 HF-FLRC-325-64 pktSize=64 rx=0 unique=0 lost=100 per=100.0 rssi_avg=0 rssi_min=0 crc_err=0 garbage=4 tx_lat=0.00000 tx_lon=0.00000 sats=0 fix=0 utc=0 tx_fw=none rx_fw=unknown
PHASE_GUARD 500
PHASE_START 26 HF-FLRC-325-128 pktSize=128
2026-07-26T14:53:41.571955+00:00 SYNC_NOT_FOUND first4=95FC1265
SYNC_NOT_FOUND first4=0C3C4B23
SYNC_NOT_FOUND first4=1DDAC0C2
SYNC_NOT_FOUND first4=3F9EEEE5
SYNC_NOT_FOUND first4=686B4175
2026-07-26T14:53:42.583253+00:00 PHASE_RESULT 26 HF-FLRC-325-128 pktSize=128 rx=0 unique=0 lost=100 per=100.0 rssi_avg=0 rssi_min=0 crc_err=0 garbage=5 tx_lat=0.00000 tx_lon=0.00000 sats=0 fix=0 utc=0 tx_fw=none rx_fw=unknown
PHASE_GUARD 500
PHASE_START 27 HF-FLRC-325-255 pktSize=255
2026-07-26T14:53:43.595061+00:00 SYNC_NOT_FOUND first4=1A409B8E
SYNC_NOT_FOUND first4=C8586B3D
2026-07-26T14:53:44.606869+00:00 PHASE_RESULT 27 HF-FLRC-325-255 pktSize=255 rx=0 unique=0 lost=100 per=100.0 rssi_avg=0 rssi_min=0 crc_err=0 garbage=2 tx_lat=0.00000 tx_lon=0.00000 sats=0 fix=0 utc=0 tx_fw=none rx_fw=unknown
PHASE_GUARD 500
LORA_CFG path=0 bw=0x05 sf=7
PHASE_START 28 LF-LoRa-SF7-32 pktSize=32
2026-07-26T14:53:45.619275+00:00 TIME_SYNCED utc=1785077624 offset=1785062472
2026-07-26T14:53:46.630459+00:00 TIME_SYNCED utc=1785077625 offset=1785062472
PHASE_RESULT 28 LF-LoRa-SF7-32 pktSize=32 rx=0 unique=0 lost=20 per=100.0 rssi_avg=0 rssi_min=0 crc_err=0 garbage=0 tx_lat=0.00000 tx_lon=0.00000 sats=0 fix=0 utc=0 tx_fw=none rx_fw=unknown
PHASE_GUARD 500
LORA_CFG path=0 bw=0x05 sf=7
PHASE_START 29 LF-LoRa-SF7-64 pktSize=64
2026-07-26T14:53:49.744354+00:00 PHASE_RESULT 29 LF-LoRa-SF7-64 pktSize=64 rx=0 unique=0 lost=20 per=100.0 rssi_avg=0 rssi_min=0 crc_err=0 garbage=0 tx_lat=0.00000 tx_lon=0.00000 sats=0 fix=0 utc=0 tx_fw=none rx_fw=unknown
PHASE_GUARD 500
LORA_CFG path=0 bw=0x05 sf=7
PHASE_START 30 LF-LoRa-SF7-128 pktSize=128
2026-07-26T14:53:53.909969+00:00 PHASE_RESULT 30 LF-LoRa-SF7-128 pktSize=128 rx=0 unique=0 lost=13 per=100.0 rssi_avg=0 rssi_min=0 crc_err=0 garbage=0 tx_lat=0.00000 tx_lon=0.00000 sats=0 fix=0 utc=0 tx_fw=none rx_fw=unknown
PHASE_GUARD 500
LORA_CFG path=0 bw=0x05 sf=7
PHASE_START 31 LF-LoRa-SF7-255 pktSize=255
2026-07-26T14:53:55.973243+00:00 TIME_SYNCED utc=1785077634 offset=1785062472
TIME_SYNCED utc=1785077635 offset=1785062472
2026-07-26T14:53:58.036284+00:00 PHASE_RESULT 31 LF-LoRa-SF7-255 pktSize=255 rx=0 unique=0 lost=7 per=100.0 rssi_avg=0 rssi_min=0 crc_err=0 garbage=0 tx_lat=0.00000 tx_lon=0.00000 sats=0 fix=0 utc=0 tx_fw=none rx_fw=unknown
PHASE_GUARD 500
LORA_CFG path=0 bw=0x05 sf=9
PHASE_START 32 LF-LoRa-SF9-32 pktSize=32
2026-07-26T14:54:02.202193+00:00 PHASE_RESULT 32 LF-LoRa-SF9-32 pktSize=32 rx=0 unique=0 lost=7 per=100.0 rssi_avg=0 rssi_min=0 crc_err=0 garbage=0 tx_lat=0.00000 tx_lon=0.00000 sats=0 fix=0 utc=0 tx_fw=none rx_fw=unknown
PHASE_GUARD 500
LORA_CFG path=0 bw=0x05 sf=9
PHASE_START 33 LF-LoRa-SF9-64 pktSize=64
2026-07-26T14:54:05.317030+00:00 PHASE_RESULT 33 LF-LoRa-SF9-64 pktSize=64 rx=0 unique=0 lost=3 per=100.0 rssi_avg=0 rssi_min=0 crc_err=0 garbage=0 tx_lat=0.00000 tx_lon=0.00000 sats=0 fix=0 utc=0 tx_fw=none rx_fw=unknown
PHASE_GUARD 500
LORA_CFG path=0 bw=0x05 sf=9
PHASE_START 34 LF-LoRa-SF9-128 pktSize=128
2026-07-26T14:54:06.329385+00:00 TIME_SYNCED utc=1785077645 offset=1785062473
PHASE_RESULT 34 LF-LoRa-SF9-128 pktSize=128 rx=0 unique=0 lost=1 per=100.0 rssi_avg=0 rssi_min=0 crc_err=0 garbage=0 tx_lat=0.00000 tx_lon=0.00000 sats=0 fix=0 utc=0 tx_fw=none rx_fw=unknown
PHASE_GUARD 500
LORA_CFG path=0 bw=0x05 sf=9
PHASE_START 35 LF-LoRa-SF9-255 pktSize=255
TIME_SYNCED utc=1785077645 offset=1785062472
PHASE_RESULT 35 LF-LoRa-SF9-255 pktSize=255 rx=0 unique=0 lost=1 per=100.0 rssi_avg=0 rssi_min=0 crc_err=0 garbage=0 tx_lat=0.00000 tx_lon=0.00000 sats=0 fix=0 utc=0 tx_fw=none rx_fw=unknown
PHASE_GUARD 500
LORA_CFG path=0 bw=0x05 sf=9
PHASE_START 34 LF-LoRa-SF9-128 pktSize=128
2026-07-26T14:54:07.341538+00:00 PHASE_RESULT 34 LF-LoRa-SF9-128 pktSize=128 rx=0 unique=0 lost=1 per=100.0 rssi_avg=0 rssi_min=0 crc_err=0 garbage=0 tx_lat=0.00000 tx_lon=0.00000 sats=0 fix=0 utc=0 tx_fw=none rx_fw=unknown
PHASE_GUARD 500
LORA_CFG path=0 bw=0x05 sf=9
PHASE_START 35 LF-LoRa-SF9-255 pktSize=255
2026-07-26T14:54:10.454872+00:00 PHASE_RESULT 35 LF-LoRa-SF9-255 pktSize=255 rx=0 unique=0 lost=1 per=100.0 rssi_avg=0 rssi_min=0 crc_err=0 garbage=0 tx_lat=0.00000 tx_lon=0.00000 sats=0 fix=0 utc=0 tx_fw=none rx_fw=unknown
PHASE_GUARD 500
LORA_CFG path=0 bw=0x05 sf=12
2026-07-26T14:54:11.467571+00:00 PHASE_START 36 LF-LoRa-SF12-32 pktSize=32
2026-07-26T14:54:16.684948+00:00 TIME_SYNCED utc=1785077655 offset=1785062472
TIME_SYNCED utc=1785077655 offset=1785062472
2026-07-26T14:54:26.105699+00:00 PHASE_RESULT 36 LF-LoRa-SF12-32 pktSize=32 rx=0 unique=0 lost=1 per=100.0 rssi_avg=0 rssi_min=0 crc_err=0 garbage=0 tx_lat=0.00000 tx_lon=0.00000 sats=0 fix=0 utc=0 tx_fw=none rx_fw=unknown
PHASE_GUARD 500
LORA_CFG path=0 bw=0x05 sf=12
PHASE_START 37 LF-LoRa-SF12-SKIP SKIP pktSize=64
TIME_SYNCED utc=1785077665 offset=1785062472
2026-07-26T14:54:27.118383+00:00 TIME_SYNCED utc=1785077666 offset=1785062473
PHASE_RESULT 37 LF-LoRa-SF12-SKIP pktSize=64 rx=0 unique=0 lost=0 per=0.0 rssi_avg=0 rssi_min=0 crc_err=0 garbage=0 tx_lat=0.00000 tx_lon=0.00000 sats=0 fix=0 utc=0 tx_fw=none rx_fw=unknown
PHASE_GUARD 500
LORA_CFG path=0 bw=0x05 sf=12
PHASE_START 38 LF-LoRa-SF12-SKIP SKIP pktSize=128
PHASE_RESULT 38 LF-LoRa-SF12-SKIP pktSize=128 rx=0 unique=0 lost=0 per=0.0 rssi_avg=0 rssi_min=0 crc_err=0 garbage=0 tx_lat=0.00000 tx_lon=0.00000 sats=0 fix=0 utc=0 tx_fw=none rx_fw=unknown
PHASE_GUARD 500
LORA_CFG path=0 bw=0x05 sf=12
PHASE_START 39 LF-LoRa-SF12-SKIP SKIP pktSize=255
2026-07-26T14:54:28.129979+00:00 PHASE_RESULT 39 LF-LoRa-SF12-SKIP pktSize=255 rx=0 unique=0 lost=0 per=0.0 rssi_avg=0 rssi_min=0 crc_err=0 garbage=0 tx_lat=0.00000 tx_lon=0.00000 sats=0 fix=0 utc=0 tx_fw=none rx_fw=unknown
PHASE_GUARD 500
PHASE_START 40 LF-FLRC-2600-32 pktSize=32
SYNC_NOT_FOUND first4=DAABF54A
2026-07-26T14:54:29.133354+00:00 SYNC_NOT_FOUND first4=886DB881
2026-07-26T14:54:30.145346+00:00 PHASE_RESULT 40 LF-FLRC-2600-32 pktSize=32 rx=0 unique=0 lost=100 per=100.0 rssi_avg=0 rssi_min=0 crc_err=0 garbage=2 tx_lat=0.00000 tx_lon=0.00000 sats=0 fix=0 utc=0 tx_fw=none rx_fw=unknown
PHASE_GUARD 500
PHASE_START 41 LF-FLRC-2600-64 pktSize=64
SYNC_NOT_FOUND first4=0DC1D722
2026-07-26T14:54:31.157540+00:00 SYNC_NOT_FOUND first4=8780A575
SYNC_NOT_FOUND first4=9672C373
2026-07-26T14:54:32.169197+00:00 PHASE_RESULT 41 LF-FLRC-2600-64 pktSize=64 rx=0 unique=0 lost=100 per=100.0 rssi_avg=0 rssi_min=0 crc_err=0 garbage=3 tx_lat=0.00000 tx_lon=0.00000 sats=0 fix=0 utc=0 tx_fw=none rx_fw=unknown
PHASE_GUARD 500
PHASE_START 42 LF-FLRC-2600-128 pktSize=128
2026-07-26T14:54:33.181240+00:00 SYNC_NOT_FOUND first4=6B3932FF
2026-07-26T14:54:34.185070+00:00 PHASE_RESULT 42 LF-FLRC-2600-128 pktSize=128 rx=0 unique=0 lost=100 per=100.0 rssi_avg=0 rssi_min=0 crc_err=0 garbage=1 tx_lat=0.00000 tx_lon=0.00000 sats=0 fix=0 utc=0 tx_fw=none rx_fw=unknown
PHASE_GUARD 500
PHASE_START 43 LF-FLRC-2600-255 pktSize=255
SYNC_NOT_FOUND first4=611E33CE
2026-07-26T14:54:35.190414+00:00 SYNC_NOT_FOUND first4=FB3EB481
2026-07-26T14:54:36.205203+00:00 PHASE_RESULT 43 LF-FLRC-2600-255 pktSize=255 rx=0 unique=0 lost=100 per=100.0 rssi_avg=0 rssi_min=0 crc_err=0 garbage=2 tx_lat=0.00000 tx_lon=0.00000 sats=0 fix=0 utc=0 tx_fw=none rx_fw=unknown
PHASE_GUARD 500
PHASE_START 44 LF-FLRC-1300-32 pktSize=32
TIME_SYNCED utc=1785077675 offset=1785062472
PHASE_RESULT 44 LF-FLRC-1300-32 pktSize=32 rx=0 unique=0 lost=100 per=100.0 rssi_avg=0 rssi_min=0 crc_err=0 garbage=0 tx_lat=0.00000 tx_lon=0.00000 sats=0 fix=0 utc=0 tx_fw=none rx_fw=unknown
PHASE_GUARD 500
PHASE_START 43 LF-FLRC-2600-255 pktSize=255
2026-07-26T14:54:37.220253+00:00 TIME_SYNCED utc=1785077676 offset=1785062473
PHASE_RESULT 43 LF-FLRC-2600-255 pktSize=255 rx=0 unique=0 lost=100 per=100.0 rssi_avg=0 rssi_min=0 crc_err=0 garbage=0 tx_lat=0.00000 tx_lon=0.00000 sats=0 fix=0 utc=0 tx_fw=none rx_fw=unknown
PHASE_GUARD 500
PHASE_START 44 LF-FLRC-1300-32 pktSize=32
2026-07-26T14:54:38.231229+00:00 PHASE_RESULT 44 LF-FLRC-1300-32 pktSize=32 rx=0 unique=0 lost=100 per=100.0 rssi_avg=0 rssi_min=0 crc_err=0 garbage=0 tx_lat=0.00000 tx_lon=0.00000 sats=0 fix=0 utc=0 tx_fw=none rx_fw=unknown
PHASE_GUARD 500
PHASE_START 45 LF-FLRC-1300-64 pktSize=64
2026-07-26T14:54:39.242295+00:00 SYNC_NOT_FOUND first4=284148A3
2026-07-26T14:54:40.254699+00:00 PHASE_RESULT 45 LF-FLRC-1300-64 pktSize=64 rx=0 unique=0 lost=100 per=100.0 rssi_avg=0 rssi_min=0 crc_err=0 garbage=1 tx_lat=0.00000 tx_lon=0.00000 sats=0 fix=0 utc=0 tx_fw=none rx_fw=unknown
PHASE_GUARD 500
PHASE_START 46 LF-FLRC-1300-128 pktSize=128
2026-07-26T14:54:42.318739+00:00 PHASE_RESULT 46 LF-FLRC-1300-128 pktSize=128 rx=0 unique=0 lost=100 per=100.0 rssi_avg=0 rssi_min=0 crc_err=0 garbage=0 tx_lat=0.00000 tx_lon=0.00000 sats=0 fix=0 utc=0 tx_fw=none rx_fw=unknown
PHASE_GUARD 500
PHASE_START 47 LF-FLRC-1300-255 pktSize=255
2026-07-26T14:54:43.330295+00:00 SYNC_NOT_FOUND first4=B08023F1
2026-07-26T14:54:44.341564+00:00 PHASE_RESULT 47 LF-FLRC-1300-255 pktSize=255 rx=0 unique=0 lost=100 per=100.0 rssi_avg=0 rssi_min=0 crc_err=0 garbage=1 tx_lat=0.00000 tx_lon=0.00000 sats=0 fix=0 utc=0 tx_fw=none rx_fw=unknown
PHASE_GUARD 500
PHASE_START 48 LF-FLRC-650-32 pktSize=32
SYNC_NOT_FOUND first4=C422C46C
SYNC_NOT_FOUND first4=5FFA8057
SYNC_NOT_FOUND first4=C17D4B0D
SYNC_NOT_FOUND first4=E15DAC1A
SYNC_NOT_FOUND first4=2B309731
SYNC_NOT_FOUND first4=232994FB
SYNC_NOT_FOUND first4=901991F9
SYNC_NOT_FOUND first4=3A5A1787
SYNC_NOT_FOUND first4=677038BA
SYNC_NOT_FOUND first4=FF75008A
SYNC_NOT_FOUND first4=98ED9586
SYNC_NOT_FOUND first4=1CF443DA
SYNC_NOT_FOUND first4=481C1C6E
2026-07-26T14:54:45.355985+00:00 SYNC_NOT_FOUND first4=AD285297
PHASE_RESULT 48 LF-FLRC-650-32 pktSize=32 rx=0 unique=0 lost=100 per=100.0 rssi_avg=0 rssi_min=0 crc_err=0 garbage=14 tx_lat=0.00000 tx_lon=0.00000 sats=0 fix=0 utc=0 tx_fw=none rx_fw=unknown
2026-07-26T14:54:46.367642+00:00 PHASE_GUARD 500
PHASE_START 49 LF-FLRC-650-64 pktSize=64
TIME_SYNCED utc=1785077685 offset=1785062472
PHASE_RESULT 49 LF-FLRC-650-64 pktSize=64 rx=0 unique=0 lost=100 per=100.0 rssi_avg=0 rssi_min=0 crc_err=0 garbage=0 tx_lat=0.00000 tx_lon=0.00000 sats=0 fix=0 utc=0 tx_fw=none rx_fw=unknown
PHASE_GUARD 500
PHASE_START 48 LF-FLRC-650-32 pktSize=32
SYNC_NOT_FOUND first4=338CC333
PHASE_RESULT 48 LF-FLRC-650-32 pktSize=32 rx=0 unique=0 lost=100 per=100.0 rssi_avg=0 rssi_min=0 crc_err=0 garbage=1 tx_lat=0.00000 tx_lon=0.00000 sats=0 fix=0 utc=0 tx_fw=none rx_fw=unknown
PHASE_GUARD 500
2026-07-26T14:54:47.378809+00:00 PHASE_START 49 LF-FLRC-650-64 pktSize=64
TIME_SYNCED utc=1785077686 offset=1785062472
SYNC_NOT_FOUND first4=9FF07064
SYNC_NOT_FOUND first4=9E2141DE
SYNC_NOT_FOUND first4=CC5E80D4
2026-07-26T14:54:48.390051+00:00 SYNC_NOT_FOUND first4=D14B4B0A
SYNC_NOT_FOUND first4=9E508EBE
SYNC_NOT_FOUND first4=00CCD707
PHASE_RESULT 49 LF-FLRC-650-64 pktSize=64 rx=0 unique=0 lost=100 per=100.0 rssi_avg=0 rssi_min=0 crc_err=0 garbage=6 tx_lat=0.00000 tx_lon=0.00000 sats=0 fix=0 utc=0 tx_fw=none rx_fw=unknown
PHASE_GUARD 500
2026-07-26T14:54:49.401116+00:00 PHASE_START 50 LF-FLRC-650-128 pktSize=128
2026-07-26T14:54:50.412848+00:00 SYNC_NOT_FOUND first4=7FFB8EC7
SYNC_NOT_FOUND first4=02807C9D
PHASE_RESULT 50 LF-FLRC-650-128 pktSize=128 rx=0 unique=0 lost=100 per=100.0 rssi_avg=0 rssi_min=0 crc_err=0 garbage=2 tx_lat=0.00000 tx_lon=0.00000 sats=0 fix=0 utc=0 tx_fw=none rx_fw=unknown
PHASE_GUARD 500
2026-07-26T14:54:51.424598+00:00 PHASE_START 51 LF-FLRC-650-255 pktSize=255
SYNC_NOT_FOUND first4=15EF9EFD
SYNC_NOT_FOUND first4=0889810A
SYNC_NOT_FOUND first4=C863AFCF
SYNC_NOT_FOUND first4=51435691
SYNC_NOT_FOUND first4=68E6B288
SYNC_NOT_FOUND first4=A05E81FA
SYNC_NOT_FOUND first4=88AD2317
SYNC_NOT_FOUND first4=B9261869
2026-07-26T14:54:52.435535+00:00 SYNC_NOT_FOUND first4=C9074C6D
SYNC_NOT_FOUND first4=EEB36660
SYNC_NOT_FOUND first4=C30CFF1D
SYNC_NOT_FOUND first4=1E044157
SYNC_NOT_FOUND first4=A76A3861
SYNC_NOT_FOUND first4=F85EA228
SYNC_NOT_FOUND first4=D402BF50
SYNC_NOT_FOUND first4=EB0F50F0
SYNC_NOT_FOUND first4=D4C2028C
PHASE_RESULT 51 LF-FLRC-650-255 pktSize=255 rx=0 unique=0 lost=100 per=100.0 rssi_avg=0 rssi_min=0 crc_err=0 garbage=17 tx_lat=0.00000 tx_lon=0.00000 sats=0 fix=0 utc=0 tx_fw=none rx_fw=unknown
PHASE_GUARD 500
2026-07-26T14:54:53.447275+00:00 PHASE_START 52 LF-FLRC-325-32 pktSize=32
2026-07-26T14:54:54.458622+00:00 PHASE_RESULT 52 LF-FLRC-325-32 pktSize=32 rx=0 unique=0 lost=100 per=100.0 rssi_avg=0 rssi_min=0 crc_err=0 garbage=0 tx_lat=0.00000 tx_lon=0.00000 sats=0 fix=0 utc=0 tx_fw=none rx_fw=unknown
PHASE_GUARD 500
2026-07-26T14:54:55.468366+00:00 PHASE_START 53 LF-FLRC-325-64 pktSize=64
2026-07-26T14:54:56.480300+00:00 TIME_SYNCED utc=1785077695 offset=1785062472
PHASE_RESULT 53 LF-FLRC-325-64 pktSize=64 rx=0 unique=0 lost=100 per=100.0 rssi_avg=0 rssi_min=0 crc_err=0 garbage=0 tx_lat=0.00000 tx_lon=0.00000 sats=0 fix=0 utc=0 tx_fw=none rx_fw=unknown
PHASE_GUARD 500
2026-07-26T14:54:57.492041+00:00 PHASE_START 54 LF-FLRC-325-128 pktSize=128
TIME_SYNCED utc=1785077696 offset=1785062472
SYNC_NOT_FOUND first4=6FF4B5AE
2026-07-26T14:54:58.503126+00:00 SYNC_NOT_FOUND first4=79D8D56B
PHASE_RESULT 54 LF-FLRC-325-128 pktSize=128 rx=0 unique=0 lost=100 per=100.0 rssi_avg=0 rssi_min=0 crc_err=0 garbage=2 tx_lat=0.00000 tx_lon=0.00000 sats=0 fix=0 utc=0 tx_fw=none rx_fw=unknown
PHASE_GUARD 500
PHASE_START 55 LF-FLRC-325-255 pktSize=255
2026-07-26T14:55:00.565802+00:00 PHASE_RESULT 55 LF-FLRC-325-255 pktSize=255 rx=0 unique=0 lost=100 per=100.0 rssi_avg=0 rssi_min=0 crc_err=0 garbage=0 tx_lat=0.00000 tx_lon=0.00000 sats=0 fix=0 utc=0 tx_fw=none rx_fw=unknown
PHASE_GUARD 500
LORA_CFG path=1 bw=0x0F sf=7
PHASE_START 0 HF-LoRa-SF7-32 pktSize=32
2026-07-26T14:55:02.627837+00:00 PHASE_RESULT 0 HF-LoRa-SF7-32 pktSize=32 rx=0 unique=0 lost=20 per=100.0 rssi_avg=0 rssi_min=0 crc_err=0 garbage=0 tx_lat=0.00000 tx_lon=0.00000 sats=0 fix=0 utc=0 tx_fw=none rx_fw=unknown
PHASE_GUARD 500
LORA_CFG path=1 bw=0x0F sf=7
PHASE_START 1 HF-LoRa-SF7-64 pktSize=64
2026-07-26T14:55:04.689952+00:00 PHASE_RESULT 1 HF-LoRa-SF7-64 pktSize=64 rx=0 unique=0 lost=20 per=100.0 rssi_avg=0 rssi_min=0 crc_err=0 garbage=0 tx_lat=0.00000 tx_lon=0.00000 sats=0 fix=0 utc=0 tx_fw=none rx_fw=unknown
PHASE_GUARD 500
LORA_CFG path=1 bw=0x0F sf=7
PHASE_START 2 HF-LoRa-SF7-128 pktSize=128
2026-07-26T14:55:06.752743+00:00 TIME_SYNCED utc=1785077705 offset=1785062472
PHASE_RESULT 2 HF-LoRa-SF7-128 pktSize=128 rx=0 unique=0 lost=20 per=100.0 rssi_avg=0 rssi_min=0 crc_err=0 garbage=0 tx_lat=0.00000 tx_lon=0.00000 sats=0 fix=0 utc=0 tx_fw=none rx_fw=unknown
PHASE_GUARD 500
LORA_CFG path=1 bw=0x0F sf=7
PHASE_START 3 HF-LoRa-SF7-255 pktSize=255
2026-07-26T14:55:07.765430+00:00 TIME_SYNCED utc=1785077706 offset=1785062472
2026-07-26T14:55:09.828252+00:00 PHASE_RESULT 3 HF-LoRa-SF7-255 pktSize=255 rx=0 unique=0 lost=20 per=100.0 rssi_avg=0 rssi_min=0 crc_err=0 garbage=0 tx_lat=0.00000 tx_lon=0.00000 sats=0 fix=0 utc=0 tx_fw=none rx_fw=unknown
PHASE_GUARD 500
LORA_CFG path=1 bw=0x0F sf=9
PHASE_START 4 HF-LoRa-SF9-32 pktSize=32
2026-07-26T14:55:11.891126+00:00 PHASE_RESULT 4 HF-LoRa-SF9-32 pktSize=32 rx=0 unique=0 lost=20 per=100.0 rssi_avg=0 rssi_min=0 crc_err=0 garbage=0 tx_lat=0.00000 tx_lon=0.00000 sats=0 fix=0 utc=0 tx_fw=none rx_fw=unknown
PHASE_GUARD 500
LORA_CFG path=1 bw=0x0F sf=9
PHASE_START 5 HF-LoRa-SF9-64 pktSize=64
2026-07-26T14:55:15.006143+00:00 PHASE_RESULT 5 HF-LoRa-SF9-64 pktSize=64 rx=0 unique=0 lost=20 per=100.0 rssi_avg=0 rssi_min=0 crc_err=0 garbage=0 tx_lat=0.00000 tx_lon=0.00000 sats=0 fix=0 utc=0 tx_fw=none rx_fw=unknown
PHASE_GUARD 500
LORA_CFG path=1 bw=0x0F sf=9
PHASE_START 6 HF-LoRa-SF9-128 pktSize=128
2026-07-26T14:55:16.017595+00:00 TIME_SYNCED utc=1785077715 offset=1785062472
2026-07-26T14:55:18.081132+00:00 TIME_SYNCED utc=1785077717 offset=1785062473
PHASE_RESULT 6 HF-LoRa-SF9-128 pktSize=128 rx=0 unique=0 lost=13 per=100.0 rssi_avg=0 rssi_min=0 crc_err=0 garbage=0 tx_lat=0.00000 tx_lon=0.00000 sats=0 fix=0 utc=0 tx_fw=none rx_fw=unknown
PHASE_GUARD 500
LORA_CFG path=1 bw=0x0F sf=9
PHASE_START 7 HF-LoRa-SF9-255 pktSize=255
2026-07-26T14:55:21.196473+00:00 PHASE_RESULT 7 HF-LoRa-SF9-255 pktSize=255 rx=0 unique=0 lost=6 per=100.0 rssi_avg=0 rssi_min=0 crc_err=0 garbage=0 tx_lat=0.00000 tx_lon=0.00000 sats=0 fix=0 utc=0 tx_fw=none rx_fw=unknown
PHASE_GUARD 500
LORA_CFG path=1 bw=0x0F sf=12
PHASE_START 8 HF-LoRa-SF12-32 pktSize=32
2026-07-26T14:55:24.311203+00:00 PHASE_RESULT 8 HF-LoRa-SF12-32 pktSize=32 rx=0 unique=0 lost=2 per=100.0 rssi_avg=0 rssi_min=0 crc_err=0 garbage=0 tx_lat=0.00000 tx_lon=0.00000 sats=0 fix=0 utc=0 tx_fw=none rx_fw=unknown
PHASE_GUARD 500
LORA_CFG path=1 bw=0x0F sf=12
PHASE_START 9 HF-LoRa-SF12-64 pktSize=64
2026-07-26T14:55:26.367971+00:00 TIME_SYNCED utc=1785077725 offset=1785062472
2026-07-26T14:55:27.380023+00:00 PHASE_RESULT 9 HF-LoRa-SF12-64 pktSize=64 rx=0 unique=0 lost=1 per=100.0 rssi_avg=0 rssi_min=0 crc_err=0 garbage=0 tx_lat=0.00000 tx_lon=0.00000 sats=0 fix=0 utc=0 tx_fw=none rx_fw=unknown
PHASE_GUARD 500
2026-07-26T14:55:28.384271+00:00 LORA_CFG path=1 bw=0x0F sf=12
PHASE_START 10 HF-LoRa-SF12-128 pktSize=128
TIME_SYNCED utc=1785077727 offset=1785062472
2026-07-26T14:55:32.548122+00:00 PHASE_RESULT 10 HF-LoRa-SF12-128 pktSize=128 rx=0 unique=0 lost=1 per=100.0 rssi_avg=0 rssi_min=0 crc_err=0 garbage=0 tx_lat=0.00000 tx_lon=0.00000 sats=0 fix=0 utc=0 tx_fw=none rx_fw=unknown
PHASE_GUARD 500
LORA_CFG path=1 bw=0x0F sf=12
PHASE_START 11 HF-LoRa-SF12-255 pktSize=255
2026-07-26T14:55:36.710007+00:00 TIME_SYNCED utc=1785077735 offset=1785062472
2026-07-26T14:55:38.773228+00:00 TIME_SYNCED utc=1785077737 offset=1785062472
2026-07-26T14:55:42.939262+00:00 PHASE_RESULT 11 HF-LoRa-SF12-255 pktSize=255 rx=0 unique=0 lost=1 per=100.0 rssi_avg=0 rssi_min=0 crc_err=0 garbage=0 tx_lat=0.00000 tx_lon=0.00000 sats=0 fix=0 utc=0 tx_fw=none rx_fw=unknown
PHASE_GUARD 500
PHASE_START 12 HF-FLRC-2600-32 pktSize=32
2026-07-26T14:55:43.951048+00:00 SYNC_NOT_FOUND first4=F378F30D
SYNC_NOT_FOUND first4=DC5C160E
SYNC_NOT_FOUND first4=48458583
SYNC_NOT_FOUND first4=433D6BCF
SYNC_NOT_FOUND first4=C050A987
SYNC_NOT_FOUND first4=B08A083C
SYNC_NOT_FOUND first4=7700DBFA
SYNC_NOT_FOUND first4=CB3AF2DD
2026-07-26T14:55:44.962743+00:00 SYNC_NOT_FOUND first4=A1619C6B
PHASE_RESULT 12 HF-FLRC-2600-32 pktSize=32 rx=0 unique=0 lost=100 per=100.0 rssi_avg=0 rssi_min=0 crc_err=0 garbage=9 tx_lat=0.00000 tx_lon=0.00000 sats=0 fix=0 utc=0 tx_fw=none rx_fw=unknown
PHASE_GUARD 500
PHASE_START 13 HF-FLRC-2600-64 pktSize=64
SYNC_NOT_FOUND first4=BE9131D7
2026-07-26T14:55:45.973519+00:00 SYNC_NOT_FOUND first4=7E521292
SYNC_NOT_FOUND first4=61BC5293
SYNC_NOT_FOUND first4=4065003F
SYNC_NOT_FOUND first4=00CD5CDE
SYNC_NOT_FOUND first4=53F71308
SYNC_NOT_FOUND first4=71DD00AF
SYNC_NOT_FOUND first4=EF09807D
SYNC_NOT_FOUND first4=FE6C6F58
SYNC_NOT_FOUND first4=7EA15FA0
2026-07-26T14:55:46.984896+00:00 TIME_SYNCED utc=1785077745 offset=1785062472
SYNC_NOT_FOUND first4=93183E6E
SYNC_NOT_FOUND first4=7554458C
SYNC_NOT_FOUND first4=5351321E
SYNC_NOT_FOUND first4=85EB6C8C
SYNC_NOT_FOUND first4=D66FFB81
SYNC_NOT_FOUND first4=11867A89
PHASE_RESULT 13 HF-FLRC-2600-64 pktSize=64 rx=0 unique=0 lost=100 per=100.0 rssi_avg=0 rssi_min=0 crc_err=0 garbage=16 tx_lat=0.00000 tx_lon=0.00000 sats=0 fix=0 utc=0 tx_fw=none rx_fw=unknown
PHASE_GUARD 500
PHASE_START 14 HF-FLRC-2600-128 pktSize=128
SYNC_NOT_FOUND first4=F87BA6FA
SYNC_NOT_FOUND first4=4B683BE5
SYNC_NOT_FOUND first4=200632C3
SYNC_NOT_FOUND first4=A25F646C
SYNC_NOT_FOUND first4=4E1E1C5E
2026-07-26T14:55:47.997008+00:00 SYNC_NOT_FOUND first4=E2445907
SYNC_NOT_FOUND first4=73DB733B
SYNC_NOT_FOUND first4=8D20CA74
SYNC_NOT_FOUND first4=345378E2
SYNC_NOT_FOUND first4=60164985
2026-07-26T14:55:49.008217+00:00 TIME_SYNCED utc=1785077748 offset=1785062473
PHASE_RESULT 14 HF-FLRC-2600-128 pktSize=128 rx=0 unique=0 lost=100 per=100.0 rssi_avg=0 rssi_min=0 crc_err=0 garbage=10 tx_lat=0.00000 tx_lon=0.00000 sats=0 fix=0 utc=0 tx_fw=none rx_fw=unknown
PHASE_GUARD 500
PHASE_START 15 HF-FLRC-2600-255 pktSize=255
2026-07-26T14:55:50.018806+00:00 SYNC_NOT_FOUND first4=1DC43A5C
PHASE_RESULT 15 HF-FLRC-2600-255 pktSize=255 rx=0 unique=0 lost=100 per=100.0 rssi_avg=0 rssi_min=0 crc_err=0 garbage=1 tx_lat=0.00000 tx_lon=0.00000 sats=0 fix=0 utc=0 tx_fw=none rx_fw=unknown
PHASE_GUARD 500
PHASE_START 16 HF-FLRC-1300-32 pktSize=32
SYNC_NOT_FOUND first4=4C21CC60
SYNC_NOT_FOUND first4=4F053D47
2026-07-26T14:55:51.030157+00:00 SYNC_NOT_FOUND first4=A21474F0
SYNC_NOT_FOUND first4=66A134C3
SYNC_NOT_FOUND first4=A8D394C2
SYNC_NOT_FOUND first4=8D57A026
SYNC_NOT_FOUND first4=54CA4605
SYNC_NOT_FOUND first4=0860AB32
2026-07-26T14:55:52.041920+00:00 SYNC_NOT_FOUND first4=4288E3A3
SYNC_NOT_FOUND first4=07E8967B
PHASE_RESULT 16 HF-FLRC-1300-32 pktSize=32 rx=0 unique=0 lost=100 per=100.0 rssi_avg=0 rssi_min=0 crc_err=0 garbage=10 tx_lat=0.00000 tx_lon=0.00000 sats=0 fix=0 utc=0 tx_fw=none rx_fw=unknown
PHASE_GUARD 500
PHASE_START 17 HF-FLRC-1300-64 pktSize=64
SYNC_NOT_FOUND first4=68A9F9F0
SYNC_NOT_FOUND first4=474E4F09
SYNC_NOT_FOUND first4=0A844C61
SYNC_NOT_FOUND first4=68750B6F
2026-07-26T14:55:53.046348+00:00 SYNC_NOT_FOUND first4=58AA8B36
SYNC_NOT_FOUND first4=1940B229
2026-07-26T14:55:54.057652+00:00 SYNC_NOT_FOUND first4=E0988A25
PHASE_RESULT 17 HF-FLRC-1300-64 pktSize=64 rx=0 unique=0 lost=100 per=100.0 rssi_avg=0 rssi_min=0 crc_err=0 garbage=7 tx_lat=0.00000 tx_lon=0.00000 sats=0 fix=0 utc=0 tx_fw=none rx_fw=unknown
PHASE_GUARD 500
PHASE_START 18 HF-FLRC-1300-128 pktSize=128
SYNC_NOT_FOUND first4=D1B9BE4E
SYNC_NOT_FOUND first4=20DA20D6
2026-07-26T14:55:55.068695+00:00 SYNC_NOT_FOUND first4=22556B53
SYNC_NOT_FOUND first4=1F4B3643
SYNC_NOT_FOUND first4=60F0CB06
SYNC_NOT_FOUND first4=2E40C38E
SYNC_NOT_FOUND first4=EBFA875E
2026-07-26T14:55:56.072352+00:00 SYNC_NOT_FOUND first4=AF876729
SYNC_NOT_FOUND first4=8F8F94E1
SYNC_NOT_FOUND first4=1AD7CFB3
PHASE_RESULT 18 HF-FLRC-1300-128 pktSize=128 rx=0 unique=0 lost=100 per=100.0 rssi_avg=0 rssi_min=0 crc_err=0 garbage=10 tx_lat=0.00000 tx_lon=0.00000 sats=0 fix=0 utc=0 tx_fw=none rx_fw=unknown
PHASE_GUARD 500
PHASE_START 19 HF-FLRC-1300-255 pktSize=255
TIME_SYNCED utc=1785077756 offset=1785062473
2026-07-26T14:55:57.081377+00:00 SYNC_NOT_FOUND first4=CB261EF7
SYNC_NOT_FOUND first4=76DCC9F8
SYNC_NOT_FOUND first4=E54E718B
2026-07-26T14:55:58.093049+00:00 SYNC_NOT_FOUND first4=C0D25C71
SYNC_NOT_FOUND first4=DE718921
SYNC_NOT_FOUND first4=A1387565
SYNC_NOT_FOUND first4=20D28039
PHASE_RESULT 19 HF-FLRC-1300-255 pktSize=255 rx=0 unique=0 lost=100 per=100.0 rssi_avg=0 rssi_min=0 crc_err=0 garbage=7 tx_lat=0.00000 tx_lon=0.00000 sats=0 fix=0 utc=0 tx_fw=none rx_fw=unknown
PHASE_GUARD 500
PHASE_START 20 HF-FLRC-650-32 pktSize=32
SYNC_NOT_FOUND first4=3B1ADDCD
SYNC_NOT_FOUND first4=4890E519
SYNC_NOT_FOUND first4=6D8FFE00
SYNC_NOT_FOUND first4=E8074C58
SYNC_NOT_FOUND first4=DEE5EA64
SYNC_NOT_FOUND first4=B06411BF
SYNC_NOT_FOUND first4=BC6AEABF
SYNC_NOT_FOUND first4=574FCB22
SYNC_NOT_FOUND first4=979DDD07
SYNC_NOT_FOUND first4=BED83032
SYNC_NOT_FOUND first4=9E97D781
SYNC_NOT_FOUND first4=108AE506
SYNC_NOT_FOUND first4=B05DFD35
SYNC_NOT_FOUND first4=CFBE33DA
SYNC_NOT_FOUND first4=BDB31872
SYNC_NOT_FOUND first4=710B8154
SYNC_NOT_FOUND first4=5C9F4962
SYNC_NOT_FOUND first4=40B28B13
2026-07-26T14:55:59.104247+00:00 TIME_SYNCED utc=1785077758 offset=1785062473
SYNC_NOT_FOUND first4=6A110502
SYNC_NOT_FOUND first4=2806BBB2
SYNC_NOT_FOUND first4=919CA57D
SYNC_NOT_FOUND first4=C15A7155
SYNC_NOT_FOUND first4=ABED9B18
SYNC_NOT_FOUND first4=7A7457E6
SYNC_NOT_FOUND first4=AF6EE006
SYNC_NOT_FOUND first4=CDA5773F
SYNC_NOT_FOUND first4=1EAE65D6
SYNC_NOT_FOUND first4=D0399CC3
SYNC_NOT_FOUND first4=071B9332
2026-07-26T14:56:00.115496+00:00 SYNC_NOT_FOUND first4=A97F45BC
SYNC_NOT_FOUND first4=8EBDFDA1
SYNC_NOT_FOUND first4=930AAD8F
SYNC_NOT_FOUND first4=832F804C
PHASE_RESULT 20 HF-FLRC-650-32 pktSize=32 rx=0 unique=0 lost=100 per=100.0 rssi_avg=0 rssi_min=0 crc_err=0 garbage=33 tx_lat=0.00000 tx_lon=0.00000 sats=0 fix=0 utc=0 tx_fw=none rx_fw=unknown
PHASE_GUARD 500
PHASE_START 21 HF-FLRC-650-64 pktSize=64
SYNC_NOT_FOUND first4=B8DB5CA8
SYNC_NOT_FOUND first4=4AE92726
SYNC_NOT_FOUND first4=C07A1853
SYNC_NOT_FOUND first4=C2774708
SYNC_NOT_FOUND first4=D760F882
SYNC_NOT_FOUND first4=8D077F9F
SYNC_NOT_FOUND first4=DFA6C1B0
SYNC_NOT_FOUND first4=86E98A92
2026-07-26T14:56:01.126573+00:00 SYNC_NOT_FOUND first4=5AB9257D
SYNC_NOT_FOUND first4=05339557
SYNC_NOT_FOUND first4=AC6ECCA6
SYNC_NOT_FOUND first4=1F1C5E10
SYNC_NOT_FOUND first4=C4B21531
SYNC_NOT_FOUND first4=315EEB3B
SYNC_NOT_FOUND first4=40D051E7
SYNC_NOT_FOUND first4=37F8A6B1
SYNC_NOT_FOUND first4=647E375F
SYNC_NOT_FOUND first4=D6B8AF04
SYNC_NOT_FOUND first4=0C599467
SYNC_NOT_FOUND first4=84DC033D
SYNC_NOT_FOUND first4=210C582F
SYNC_NOT_FOUND first4=86447BCE
SYNC_NOT_FOUND first4=3F8FB0C2
SYNC_NOT_FOUND first4=47BC2181
SYNC_NOT_FOUND first4=0C678A88
SYNC_NOT_FOUND first4=3A6416AB
2026-07-26T14:56:02.138518+00:00 SYNC_NOT_FOUND first4=18F55E5E
SYNC_NOT_FOUND first4=80E90B11
SYNC_NOT_FOUND first4=E772B083
SYNC_NOT_FOUND first4=3E52FBB5
SYNC_NOT_FOUND first4=12B1D002
PHASE_RESULT 21 HF-FLRC-650-64 pktSize=64 rx=0 unique=0 lost=100 per=100.0 rssi_avg=0 rssi_min=0 crc_err=0 garbage=31 tx_lat=0.00000 tx_lon=0.00000 sats=0 fix=0 utc=0 tx_fw=none rx_fw=unknown
PHASE_GUARD 500
PHASE_START 22 HF-FLRC-650-128 pktSize=128
SYNC_NOT_FOUND first4=7DEDB386
SYNC_NOT_FOUND first4=CC388FDA
SYNC_NOT_FOUND first4=50E7AA7E
SYNC_NOT_FOUND first4=20728553
SYNC_NOT_FOUND first4=FDA7D355
SYNC_NOT_FOUND first4=25070B3D
SYNC_NOT_FOUND first4=1063906D
SYNC_NOT_FOUND first4=22BC30C2
SYNC_NOT_FOUND first4=1C18DCD8
SYNC_NOT_FOUND first4=1CC5F802
SYNC_NOT_FOUND first4=DE6B15D1
SYNC_NOT_FOUND first4=5C5EFF1E
SYNC_NOT_FOUND first4=33EC03F2
SYNC_NOT_FOUND first4=B06F5244
SYNC_NOT_FOUND first4=C86AB990
2026-07-26T14:56:03.150082+00:00 SYNC_NOT_FOUND first4=6D659A07
SYNC_NOT_FOUND first4=68373986
SYNC_NOT_FOUND first4=6B801834
SYNC_NOT_FOUND first4=3F5CEAF7
SYNC_NOT_FOUND first4=9F050B64
SYNC_NOT_FOUND first4=0999E12D
SYNC_NOT_FOUND first4=B728DA16
SYNC_NOT_FOUND first4=DF7AF489
SYNC_NOT_FOUND first4=64AD3E94
SYNC_NOT_FOUND first4=1D897739
SYNC_NOT_FOUND first4=09C5DB7F
2026-07-26T14:56:04.161235+00:00 SYNC_NOT_FOUND first4=B794DADD
SYNC_NOT_FOUND first4=FCB41068
SYNC_NOT_FOUND first4=D75B17E9
PHASE_RESULT 22 HF-FLRC-650-128 pktSize=128 rx=0 unique=0 lost=100 per=100.0 rssi_avg=0 rssi_min=0 crc_err=0 garbage=29 tx_lat=0.00000 tx_lon=0.00000 sats=0 fix=0 utc=0 tx_fw=none rx_fw=unknown
PHASE_GUARD 500
PHASE_START 23 HF-FLRC-650-255 pktSize=255
SYNC_NOT_FOUND first4=A088AE12
SYNC_NOT_FOUND first4=1C57FF31
SYNC_NOT_FOUND first4=3E0D5FC5
SYNC_NOT_FOUND first4=AFD0000C
SYNC_NOT_FOUND first4=7E296834
SYNC_NOT_FOUND first4=510CDCDF
SYNC_NOT_FOUND first4=07AF4671
SYNC_NOT_FOUND first4=4830809A
SYNC_NOT_FOUND first4=A60DC424
SYNC_NOT_FOUND first4=461902C1
SYNC_NOT_FOUND first4=D7FEBA95
SYNC_NOT_FOUND first4=9EC15FAE
SYNC_NOT_FOUND first4=88601A41
SYNC_NOT_FOUND first4=8408243D
SYNC_NOT_FOUND first4=126BFE0E
2026-07-26T14:56:05.167949+00:00 SYNC_NOT_FOUND first4=39003077
SYNC_NOT_FOUND first4=8916ECFE
SYNC_NOT_FOUND first4=52C6E2A1
SYNC_NOT_FOUND first4=748798C2
SYNC_NOT_FOUND first4=A9A0A2E8
SYNC_NOT_FOUND first4=CC5C0987
SYNC_NOT_FOUND first4=E5FCCD7B
SYNC_NOT_FOUND first4=1DEC1991
SYNC_NOT_FOUND first4=E263028F
SYNC_NOT_FOUND first4=094A3028
SYNC_NOT_FOUND first4=5B3ED057
SYNC_NOT_FOUND first4=6296C6E6
SYNC_NOT_FOUND first4=4D7F1A6B
SYNC_NOT_FOUND first4=F08D0660
SYNC_NOT_FOUND first4=455A5A03
2026-07-26T14:56:06.178650+00:00 SYNC_NOT_FOUND first4=A039A7AA
SYNC_NOT_FOUND first4=C5010465
PHASE_RESULT 23 HF-FLRC-650-255 pktSize=255 rx=0 unique=0 lost=100 per=100.0 rssi_avg=0 rssi_min=0 crc_err=0 garbage=32 tx_lat=0.00000 tx_lon=0.00000 sats=0 fix=0 utc=0 tx_fw=none rx_fw=unknown
PHASE_GUARD 500
PHASE_START 24 HF-FLRC-325-32 pktSize=32
SYNC_NOT_FOUND first4=4CEA618A
TIME_SYNCED utc=1785077766 offset=1785062473
SYNC_NOT_FOUND first4=99AAF42A
2026-07-26T14:56:07.189542+00:00 SYNC_NOT_FOUND first4=E0B7FBA4
SYNC_NOT_FOUND first4=E7071AD4
SYNC_NOT_FOUND first4=AE48052D
SYNC_NOT_FOUND first4=FC3A1786
SYNC_NOT_FOUND first4=9993CA45
SYNC_NOT_FOUND first4=E9C50D2E
2026-07-26T14:56:08.201569+00:00 PHASE_RESULT 24 HF-FLRC-325-32 pktSize=32 rx=0 unique=0 lost=100 per=100.0 rssi_avg=0 rssi_min=0 crc_err=0 garbage=8 tx_lat=0.00000 tx_lon=0.00000 sats=0 fix=0 utc=0 tx_fw=none rx_fw=unknown
PHASE_GUARD 500
PHASE_START 25 HF-FLRC-325-64 pktSize=64
SYNC_NOT_FOUND first4=48445884
2026-07-26T14:56:09.213173+00:00 TIME_SYNCED utc=1785077768 offset=1785062473
SYNC_NOT_FOUND first4=B332DC55
SYNC_NOT_FOUND first4=E4715C84
SYNC_NOT_FOUND first4=9E17310D
2026-07-26T14:56:10.224353+00:00 SYNC_NOT_FOUND first4=208E8274
PHASE_RESULT 25 HF-FLRC-325-64 pktSize=64 rx=0 unique=0 lost=100 per=100.0 rssi_avg=0 rssi_min=0 crc_err=0 garbage=5 tx_lat=0.00000 tx_lon=0.00000 sats=0 fix=0 utc=0 tx_fw=none rx_fw=unknown
PHASE_GUARD 500
PHASE_START 26 HF-FLRC-325-128 pktSize=128
SYNC_NOT_FOUND first4=7785CAFE
2026-07-26T14:56:11.235702+00:00 SYNC_NOT_FOUND first4=B433BCB0
SYNC_NOT_FOUND first4=A47A67AB
SYNC_NOT_FOUND first4=5F15A247
SYNC_NOT_FOUND first4=46C01994
2026-07-26T14:56:12.247516+00:00 SYNC_NOT_FOUND first4=E080AD57
PHASE_RESULT 26 HF-FLRC-325-128 pktSize=128 rx=0 unique=0 lost=100 per=100.0 rssi_avg=0 rssi_min=0 crc_err=0 garbage=6 tx_lat=0.00000 tx_lon=0.00000 sats=0 fix=0 utc=0 tx_fw=none rx_fw=unknown
PHASE_GUARD 500
PHASE_START 27 HF-FLRC-325-255 pktSize=255
SYNC_NOT_FOUND first4=AA822393
2026-07-26T14:56:13.259757+00:00 SYNC_NOT_FOUND first4=328A161F
SYNC_NOT_FOUND first4=9CC85D61
SYNC_NOT_FOUND first4=17775803
SYNC_NOT_FOUND first4=A84FB171
SYNC_NOT_FOUND first4=1AB3CF39
SYNC_NOT_FOUND first4=DF3F4C10
2026-07-26T14:56:14.271946+00:00 PHASE_RESULT 27 HF-FLRC-325-255 pktSize=255 rx=0 unique=0 lost=100 per=100.0 rssi_avg=0 rssi_min=0 crc_err=0 garbage=7 tx_lat=0.00000 tx_lon=0.00000 sats=0 fix=0 utc=0 tx_fw=none rx_fw=unknown
PHASE_GUARD 500
LORA_CFG path=0 bw=0x05 sf=7
PHASE_START 28 LF-LoRa-SF7-32 pktSize=32
2026-07-26T14:56:16.334690+00:00 PHASE_RESULT 28 LF-LoRa-SF7-32 pktSize=32 rx=0 unique=0 lost=20 per=100.0 rssi_avg=0 rssi_min=0 crc_err=0 garbage=0 tx_lat=0.00000 tx_lon=0.00000 sats=0 fix=0 utc=0 tx_fw=none rx_fw=unknown
PHASE_GUARD 500
LORA_CFG path=0 bw=0x05 sf=7
PHASE_START 29 LF-LoRa-SF7-64 pktSize=64
TIME_SYNCED utc=1785077776 offset=1785062473
2026-07-26T14:56:18.397823+00:00 PHASE_RESULT 29 LF-LoRa-SF7-64 pktSize=64 rx=0 unique=0 lost=20 per=100.0 rssi_avg=0 rssi_min=0 crc_err=0 garbage=0 tx_lat=0.00000 tx_lon=0.00000 sats=0 fix=0 utc=0 tx_fw=none rx_fw=unknown
PHASE_GUARD 500
2026-07-26T14:56:19.409911+00:00 LORA_CFG path=0 bw=0x05 sf=7
PHASE_START 30 LF-LoRa-SF7-128 pktSize=128
TIME_SYNCED utc=1785077778 offset=1785062472
PHASE_RESULT 30 LF-LoRa-SF7-128 pktSize=128 rx=0 unique=0 lost=13 per=100.0 rssi_avg=0 rssi_min=0 crc_err=0 garbage=0 tx_lat=0.00000 tx_lon=0.00000 sats=0 fix=0 utc=0 tx_fw=none rx_fw=unknown
PHASE_GUARD 500
LORA_CFG path=0 bw=0x05 sf=7
PHASE_START 29 LF-LoRa-SF7-64 pktSize=64
PHASE_RESULT 29 LF-LoRa-SF7-64 pktSize=64 rx=0 unique=0 lost=20 per=100.0 rssi_avg=0 rssi_min=0 crc_err=0 garbage=0 tx_lat=0.00000 tx_lon=0.00000 sats=0 fix=0 utc=0 tx_fw=none rx_fw=unknown
PHASE_GUARD 500
LORA_CFG path=0 bw=0x05 sf=7
2026-07-26T14:56:20.421908+00:00 PHASE_START 30 LF-LoRa-SF7-128 pktSize=128
2026-07-26T14:56:23.534638+00:00 PHASE_RESULT 30 LF-LoRa-SF7-128 pktSize=128 rx=0 unique=0 lost=13 per=100.0 rssi_avg=0 rssi_min=0 crc_err=0 garbage=0 tx_lat=0.00000 tx_lon=0.00000 sats=0 fix=0 utc=0 tx_fw=none rx_fw=unknown
PHASE_GUARD 500
LORA_CFG path=0 bw=0x05 sf=7
PHASE_START 31 LF-LoRa-SF7-255 pktSize=255
2026-07-26T14:56:26.649078+00:00 TIME_SYNCED utc=1785077786 offset=1785062473
PHASE_RESULT 31 LF-LoRa-SF7-255 pktSize=255 rx=0 unique=0 lost=7 per=100.0 rssi_avg=0 rssi_min=0 crc_err=0 garbage=0 tx_lat=0.00000 tx_lon=0.00000 sats=0 fix=0 utc=0 tx_fw=none rx_fw=unknown
PHASE_GUARD 500
LORA_CFG path=0 bw=0x05 sf=9
PHASE_START 32 LF-LoRa-SF9-32 pktSize=32
2026-07-26T14:56:29.764131+00:00 TIME_SYNCED utc=1785077788 offset=1785062472
2026-07-26T14:56:31.827193+00:00 PHASE_RESULT 32 LF-LoRa-SF9-32 pktSize=32 rx=0 unique=0 lost=7 per=100.0 rssi_avg=0 rssi_min=0 crc_err=0 garbage=0 tx_lat=0.00000 tx_lon=0.00000 sats=0 fix=0 utc=0 tx_fw=none rx_fw=unknown
PHASE_GUARD 500
LORA_CFG path=0 bw=0x05 sf=9
PHASE_START 33 LF-LoRa-SF9-64 pktSize=64
2026-07-26T14:56:34.934752+00:00 PHASE_RESULT 33 LF-LoRa-SF9-64 pktSize=64 rx=0 unique=0 lost=3 per=100.0 rssi_avg=0 rssi_min=0 crc_err=0 garbage=0 tx_lat=0.00000 tx_lon=0.00000 sats=0 fix=0 utc=0 tx_fw=none rx_fw=unknown
PHASE_GUARD 500
LORA_CFG path=0 bw=0x05 sf=9
PHASE_START 34 LF-LoRa-SF9-128 pktSize=128
2026-07-26T14:56:37.000458+00:00 TIME_SYNCED utc=1785077796 offset=1785062473
PHASE_RESULT 34 LF-LoRa-SF9-128 pktSize=128 rx=0 unique=0 lost=1 per=100.0 rssi_avg=0 rssi_min=0 crc_err=0 garbage=0 tx_lat=0.00000 tx_lon=0.00000 sats=0 fix=0 utc=0 tx_fw=none rx_fw=unknown
PHASE_GUARD 500
LORA_CFG path=0 bw=0x05 sf=9
PHASE_START 35 LF-LoRa-SF9-255 pktSize=255
2026-07-26T14:56:40.114681+00:00 TIME_SYNCED utc=1785077799 offset=1785062473
PHASE_RESULT 35 LF-LoRa-SF9-255 pktSize=255 rx=0 unique=0 lost=1 per=100.0 rssi_avg=0 rssi_min=0 crc_err=0 garbage=0 tx_lat=0.00000 tx_lon=0.00000 sats=0 fix=0 utc=0 tx_fw=none rx_fw=unknown
PHASE_GUARD 500
LORA_CFG path=0 bw=0x05 sf=12
PHASE_START 36 LF-LoRa-SF12-32 pktSize=32
2026-07-26T14:56:46.383203+00:00 TIME_SYNCED utc=1785077806 offset=1785062473
2026-07-26T14:56:50.549297+00:00 TIME_SYNCED utc=1785077809 offset=1785062472
2026-07-26T14:56:55.769681+00:00 PHASE_RESULT 36 LF-LoRa-SF12-32 pktSize=32 rx=0 unique=0 lost=1 per=100.0 rssi_avg=0 rssi_min=0 crc_err=0 garbage=0 tx_lat=0.00000 tx_lon=0.00000 sats=0 fix=0 utc=0 tx_fw=none rx_fw=unknown
PHASE_GUARD 500
LORA_CFG path=0 bw=0x05 sf=12
PHASE_START 37 LF-LoRa-SF12-SKIP SKIP pktSize=64
2026-07-26T14:56:56.787594+00:00 TIME_SYNCED utc=1785077816 offset=1785062473
PHASE_RESULT 37 LF-LoRa-SF12-SKIP pktSize=64 rx=0 unique=0 lost=0 per=0.0 rssi_avg=0 rssi_min=0 crc_err=0 garbage=0 tx_lat=0.00000 tx_lon=0.00000 sats=0 fix=0 utc=0 tx_fw=none rx_fw=unknown
PHASE_GUARD 500
LORA_CFG path=0 bw=0x05 sf=12
PHASE_START 38 LF-LoRa-SF12-SKIP SKIP pktSize=128
PHASE_RESULT 38 LF-LoRa-SF12-SKIP pktSize=128 rx=0 unique=0 lost=0 per=0.0 rssi_avg=0 rssi_min=0 crc_err=0 garbage=0 tx_lat=0.00000 tx_lon=0.00000 sats=0 fix=0 utc=0 tx_fw=none rx_fw=unknown
PHASE_GUARD 500
LORA_CFG path=0 bw=0x05 sf=12
PHASE_START 39 LF-LoRa-SF12-SKIP SKIP pktSize=255
2026-07-26T14:56:57.797951+00:00 PHASE_RESULT 39 LF-LoRa-SF12-SKIP pktSize=255 rx=0 unique=0 lost=0 per=0.0 rssi_avg=0 rssi_min=0 crc_err=0 garbage=0 tx_lat=0.00000 tx_lon=0.00000 sats=0 fix=0 utc=0 tx_fw=none rx_fw=unknown
PHASE_GUARD 500
PHASE_START 40 LF-FLRC-2600-32 pktSize=32
2026-07-26T14:56:58.811819+00:00 SYNC_NOT_FOUND first4=2E72FE3E
2026-07-26T14:56:59.835079+00:00 SYNC_NOT_FOUND first4=2BCDD08E
PHASE_RESULT 40 LF-FLRC-2600-32 pktSize=32 rx=0 unique=0 lost=100 per=100.0 rssi_avg=0 rssi_min=0 crc_err=0 garbage=2 tx_lat=0.00000 tx_lon=0.00000 sats=0 fix=0 utc=0 tx_fw=none rx_fw=unknown
PHASE_GUARD 500
PHASE_START 41 LF-FLRC-2600-64 pktSize=64
2026-07-26T14:57:00.846785+00:00 TIME_SYNCED utc=1785077819 offset=1785062472
PHASE_RESULT 41 LF-FLRC-2600-64 pktSize=64 rx=0 unique=0 lost=100 per=100.0 rssi_avg=0 rssi_min=0 crc_err=0 garbage=0 tx_lat=0.00000 tx_lon=0.00000 sats=0 fix=0 utc=0 tx_fw=none rx_fw=unknown
PHASE_GUARD 500
PHASE_START 40 LF-FLRC-2600-32 pktSize=32
SYNC_NOT_FOUND first4=9EC9B7C2
PHASE_RESULT 40 LF-FLRC-2600-32 pktSize=32 rx=0 unique=0 lost=100 per=100.0 rssi_avg=0 rssi_min=0 crc_err=0 garbage=1 tx_lat=0.00000 tx_lon=0.00000 sats=0 fix=0 utc=0 tx_fw=none rx_fw=unknown
PHASE_GUARD 500
PHASE_START 41 LF-FLRC-2600-64 pktSize=64
2026-07-26T14:57:02.912201+00:00 PHASE_RESULT 41 LF-FLRC-2600-64 pktSize=64 rx=0 unique=0 lost=100 per=100.0 rssi_avg=0 rssi_min=0 crc_err=0 garbage=0 tx_lat=0.00000 tx_lon=0.00000 sats=0 fix=0 utc=0 tx_fw=none rx_fw=unknown
PHASE_GUARD 500
PHASE_START 42 LF-FLRC-2600-128 pktSize=128
2026-07-26T14:57:04.982782+00:00 PHASE_RESULT 42 LF-FLRC-2600-128 pktSize=128 rx=0 unique=0 lost=100 per=100.0 rssi_avg=0 rssi_min=0 crc_err=0 garbage=0 tx_lat=0.00000 tx_lon=0.00000 sats=0 fix=0 utc=0 tx_fw=none rx_fw=unknown
PHASE_GUARD 500
PHASE_START 43 LF-FLRC-2600-255 pktSize=255
2026-07-26T14:57:07.051287+00:00 TIME_SYNCED utc=1785077826 offset=1785062473
PHASE_RESULT 43 LF-FLRC-2600-255 pktSize=255 rx=0 unique=0 lost=100 per=100.0 rssi_avg=0 rssi_min=0 crc_err=0 garbage=0 tx_lat=0.00000 tx_lon=0.00000 sats=0 fix=0 utc=0 tx_fw=none rx_fw=unknown
PHASE_GUARD 500
PHASE_START 44 LF-FLRC-1300-32 pktSize=32
2026-07-26T14:57:08.062804+00:00 PHASE_RESULT 44 LF-FLRC-1300-32 pktSize=32 rx=0 unique=0 lost=100 per=100.0 rssi_avg=0 rssi_min=0 crc_err=0 garbage=0 tx_lat=0.00000 tx_lon=0.00000 sats=0 fix=0 utc=0 tx_fw=none rx_fw=unknown
PHASE_GUARD 500
PHASE_START 45 LF-FLRC-1300-64 pktSize=64
2026-07-26T14:57:10.130124+00:00 SYNC_NOT_FOUND first4=50284905
PHASE_RESULT 45 LF-FLRC-1300-64 pktSize=64 rx=0 unique=0 lost=100 per=100.0 rssi_avg=0 rssi_min=0 crc_err=0 garbage=1 tx_lat=0.00000 tx_lon=0.00000 sats=0 fix=0 utc=0 tx_fw=none rx_fw=unknown
PHASE_GUARD 500
PHASE_START 46 LF-FLRC-1300-128 pktSize=128
2026-07-26T14:57:11.147208+00:00 TIME_SYNCED utc=1785077830 offset=1785062473
2026-07-26T14:57:12.166116+00:00 PHASE_RESULT 46 LF-FLRC-1300-128 pktSize=128 rx=0 unique=0 lost=100 per=100.0 rssi_avg=0 rssi_min=0 crc_err=0 garbage=0 tx_lat=0.00000 tx_lon=0.00000 sats=0 fix=0 utc=0 tx_fw=none rx_fw=unknown
PHASE_GUARD 500
PHASE_START 47 LF-FLRC-1300-255 pktSize=255
2026-07-26T14:57:14.226725+00:00 PHASE_RESULT 47 LF-FLRC-1300-255 pktSize=255 rx=0 unique=0 lost=100 per=100.0 rssi_avg=0 rssi_min=0 crc_err=0 garbage=0 tx_lat=0.00000 tx_lon=0.00000 sats=0 fix=0 utc=0 tx_fw=none rx_fw=unknown
PHASE_GUARD 500
PHASE_START 48 LF-FLRC-650-32 pktSize=32
2026-07-26T14:57:15.244857+00:00 SYNC_NOT_FOUND first4=41BA6BCA
SYNC_NOT_FOUND first4=21428751
SYNC_NOT_FOUND first4=35490B3C
2026-07-26T14:57:16.255941+00:00 PHASE_RESULT 48 LF-FLRC-650-32 pktSize=32 rx=0 unique=0 lost=100 per=100.0 rssi_avg=0 rssi_min=0 crc_err=0 garbage=3 tx_lat=0.00000 tx_lon=0.00000 sats=0 fix=0 utc=0 tx_fw=none rx_fw=unknown
PHASE_GUARD 500
PHASE_START 49 LF-FLRC-650-64 pktSize=64
SYNC_NOT_FOUND first4=7B2AC83C
SYNC_NOT_FOUND first4=1AA42A71
SYNC_NOT_FOUND first4=7A4B26E0
TIME_SYNCED utc=1785077836 offset=1785062473
2026-07-26T14:57:17.270356+00:00 SYNC_NOT_FOUND first4=C35A9971
2026-07-26T14:57:18.283284+00:00 PHASE_RESULT 49 LF-FLRC-650-64 pktSize=64 rx=0 unique=0 lost=100 per=100.0 rssi_avg=0 rssi_min=0 crc_err=0 garbage=4 tx_lat=0.00000 tx_lon=0.00000 sats=0 fix=0 utc=0 tx_fw=none rx_fw=unknown
PHASE_GUARD 500
PHASE_START 50 LF-FLRC-650-128 pktSize=128
SYNC_NOT_FOUND first4=E451D259
SYNC_NOT_FOUND first4=C1BF6C53
2026-07-26T14:57:19.301889+00:00 SYNC_NOT_FOUND first4=16762EB3
2026-07-26T14:57:20.320876+00:00 PHASE_RESULT 50 LF-FLRC-650-128 pktSize=128 rx=0 unique=0 lost=100 per=100.0 rssi_avg=0 rssi_min=0 crc_err=0 garbage=3 tx_lat=0.00000 tx_lon=0.00000 sats=0 fix=0 utc=0 tx_fw=none rx_fw=unknown
PHASE_GUARD 500
PHASE_START 51 LF-FLRC-650-255 pktSize=255
2026-07-26T14:57:21.332634+00:00 TIME_SYNCED utc=1785077840 offset=1785062472
SYNC_NOT_FOUND first4=9EE9929C
SYNC_NOT_FOUND first4=8CFDAB17
2026-07-26T14:57:22.345232+00:00 SYNC_NOT_FOUND first4=5DE44713
PHASE_RESULT 51 LF-FLRC-650-255 pktSize=255 rx=0 unique=0 lost=100 per=100.0 rssi_avg=0 rssi_min=0 crc_err=0 garbage=3 tx_lat=0.00000 tx_lon=0.00000 sats=0 fix=0 utc=0 tx_fw=none rx_fw=unknown
PHASE_GUARD 500
2026-07-26T14:57:23.360384+00:00 PHASE_START 52 LF-FLRC-325-32 pktSize=32
2026-07-26T14:57:24.376712+00:00 PHASE_RESULT 52 LF-FLRC-325-32 pktSize=32 rx=0 unique=0 lost=100 per=100.0 rssi_avg=0 rssi_min=0 crc_err=0 garbage=0 tx_lat=0.00000 tx_lon=0.00000 sats=0 fix=0 utc=0 tx_fw=none rx_fw=unknown
PHASE_GUARD 500
2026-07-26T14:57:25.388230+00:00 PHASE_START 53 LF-FLRC-325-64 pktSize=64
2026-07-26T14:57:26.399295+00:00 TIME_SYNCED utc=1785077846 offset=1785062473
PHASE_RESULT 53 LF-FLRC-325-64 pktSize=64 rx=0 unique=0 lost=100 per=100.0 rssi_avg=0 rssi_min=0 crc_err=0 garbage=0 tx_lat=0.00000 tx_lon=0.00000 sats=0 fix=0 utc=0 tx_fw=none rx_fw=unknown
PHASE_GUARD 500
PHASE_START 54 LF-FLRC-325-128 pktSize=128
2026-07-26T14:57:27.421179+00:00 PHASE_RESULT 54 LF-FLRC-325-128 pktSize=128 rx=0 unique=0 lost=100 per=100.0 rssi_avg=0 rssi_min=0 crc_err=0 garbage=0 tx_lat=0.00000 tx_lon=0.00000 sats=0 fix=0 utc=0 tx_fw=none rx_fw=unknown
PHASE_GUARD 500
2026-07-26T14:57:28.440208+00:00 PHASE_START 55 LF-FLRC-325-255 pktSize=255
2026-07-26T14:57:29.459157+00:00 PHASE_RESULT 55 LF-FLRC-325-255 pktSize=255 rx=0 unique=0 lost=100 per=100.0 rssi_avg=0 rssi_min=0 crc_err=0 garbage=0 tx_lat=0.00000 tx_lon=0.00000 sats=0 fix=0 utc=0 tx_fw=none rx_fw=unknown
PHASE_GUARD 500
LORA_CFG path=1 bw=0x0F sf=7
PHASE_START 0 HF-LoRa-SF7-32 pktSize=32
2026-07-26T14:57:31.525233+00:00 TIME_SYNCED utc=1785077850 offset=1785062472
2026-07-26T14:57:32.536356+00:00 PHASE_RESULT 0 HF-LoRa-SF7-32 pktSize=32 rx=0 unique=0 lost=20 per=100.0 rssi_avg=0 rssi_min=0 crc_err=0 garbage=0 tx_lat=0.00000 tx_lon=0.00000 sats=0 fix=0 utc=0 tx_fw=none rx_fw=unknown
PHASE_GUARD 500
LORA_CFG path=1 bw=0x0F sf=7
PHASE_START 1 HF-LoRa-SF7-64 pktSize=64
2026-07-26T14:57:34.605023+00:00 PHASE_RESULT 1 HF-LoRa-SF7-64 pktSize=64 rx=0 unique=0 lost=20 per=100.0 rssi_avg=0 rssi_min=0 crc_err=0 garbage=0 tx_lat=0.00000 tx_lon=0.00000 sats=0 fix=0 utc=0 tx_fw=none rx_fw=unknown
PHASE_GUARD 500
LORA_CFG path=1 bw=0x0F sf=7
PHASE_START 2 HF-LoRa-SF7-128 pktSize=128
2026-07-26T14:57:36.675324+00:00 TIME_SYNCED utc=1785077856 offset=1785062473
PHASE_RESULT 2 HF-LoRa-SF7-128 pktSize=128 rx=0 unique=0 lost=20 per=100.0 rssi_avg=0 rssi_min=0 crc_err=0 garbage=0 tx_lat=0.00000 tx_lon=0.00000 sats=0 fix=0 utc=0 tx_fw=none rx_fw=unknown
PHASE_GUARD 500
LORA_CFG path=1 bw=0x0F sf=7
PHASE_START 3 HF-LoRa-SF7-255 pktSize=255
2026-07-26T14:57:38.737937+00:00 PHASE_RESULT 3 HF-LoRa-SF7-255 pktSize=255 rx=0 unique=0 lost=20 per=100.0 rssi_avg=0 rssi_min=0 crc_err=0 garbage=0 tx_lat=0.00000 tx_lon=0.00000 sats=0 fix=0 utc=0 tx_fw=none rx_fw=unknown
PHASE_GUARD 500
LORA_CFG path=1 bw=0x0F sf=9
PHASE_START 4 HF-LoRa-SF9-32 pktSize=32
2026-07-26T14:57:40.805306+00:00 PHASE_RESULT 4 HF-LoRa-SF9-32 pktSize=32 rx=0 unique=0 lost=20 per=100.0 rssi_avg=0 rssi_min=0 crc_err=0 garbage=0 tx_lat=0.00000 tx_lon=0.00000 sats=0 fix=0 utc=0 tx_fw=none rx_fw=unknown
PHASE_GUARD 500
LORA_CFG path=1 bw=0x0F sf=9
PHASE_START 5 HF-LoRa-SF9-64 pktSize=64
2026-07-26T14:57:41.824721+00:00 TIME_SYNCED utc=1785077860 offset=1785062472
PHASE_RESULT 5 HF-LoRa-SF9-64 pktSize=64 rx=0 unique=0 lost=20 per=100.0 rssi_avg=0 rssi_min=0 crc_err=0 garbage=0 tx_lat=0.00000 tx_lon=0.00000 sats=0 fix=0 utc=0 tx_fw=none rx_fw=unknown
PHASE_GUARD 500
LORA_CFG path=1 bw=0x0F sf=9
PHASE_START 4 HF-LoRa-SF9-32 pktSize=32
PHASE_RESULT 4 HF-LoRa-SF9-32 pktSize=32 rx=0 unique=0 lost=20 per=100.0 rssi_avg=0 rssi_min=0 crc_err=0 garbage=0 tx_lat=0.00000 tx_lon=0.00000 sats=0 fix=0 utc=0 tx_fw=none rx_fw=unknown
PHASE_GUARD 500
LORA_CFG path=1 bw=0x0F sf=9
PHASE_START 5 HF-LoRa-SF9-64 pktSize=64
2026-07-26T14:57:44.937932+00:00 PHASE_RESULT 5 HF-LoRa-SF9-64 pktSize=64 rx=0 unique=0 lost=20 per=100.0 rssi_avg=0 rssi_min=0 crc_err=0 garbage=0 tx_lat=0.00000 tx_lon=0.00000 sats=0 fix=0 utc=0 tx_fw=none rx_fw=unknown
PHASE_GUARD 500
LORA_CFG path=1 bw=0x0F sf=9
PHASE_START 6 HF-LoRa-SF9-128 pktSize=128
2026-07-26T14:57:47.006214+00:00 TIME_SYNCED utc=1785077866 offset=1785062473
2026-07-26T14:57:48.017360+00:00 PHASE_RESULT 6 HF-LoRa-SF9-128 pktSize=128 rx=0 unique=0 lost=13 per=100.0 rssi_avg=0 rssi_min=0 crc_err=0 garbage=0 tx_lat=0.00000 tx_lon=0.00000 sats=0 fix=0 utc=0 tx_fw=none rx_fw=unknown
PHASE_GUARD 500
LORA_CFG path=1 bw=0x0F sf=9
PHASE_START 7 HF-LoRa-SF9-255 pktSize=255
2026-07-26T14:57:51.136702+00:00 PHASE_RESULT 7 HF-LoRa-SF9-255 pktSize=255 rx=0 unique=0 lost=6 per=100.0 rssi_avg=0 rssi_min=0 crc_err=0 garbage=0 tx_lat=0.00000 tx_lon=0.00000 sats=0 fix=0 utc=0 tx_fw=none rx_fw=unknown
PHASE_GUARD 500
LORA_CFG path=1 bw=0x0F sf=12
PHASE_START 8 HF-LoRa-SF12-32 pktSize=32
2026-07-26T14:57:52.155848+00:00 TIME_SYNCED utc=1785077871 offset=1785062473
2026-07-26T14:57:54.220205+00:00 PHASE_RESULT 8 HF-LoRa-SF12-32 pktSize=32 rx=0 unique=0 lost=2 per=100.0 rssi_avg=0 rssi_min=0 crc_err=0 garbage=0 tx_lat=0.00000 tx_lon=0.00000 sats=0 fix=0 utc=0 tx_fw=none rx_fw=unknown
PHASE_GUARD 500
LORA_CFG path=1 bw=0x0F sf=12
PHASE_START 9 HF-LoRa-SF12-64 pktSize=64
2026-07-26T14:57:56.288471+00:00 TIME_SYNCED utc=1785077876 offset=1785062473
2026-07-26T14:57:57.306651+00:00 PHASE_RESULT 9 HF-LoRa-SF12-64 pktSize=64 rx=0 unique=0 lost=1 per=100.0 rssi_avg=0 rssi_min=0 crc_err=0 garbage=0 tx_lat=0.00000 tx_lon=0.00000 sats=0 fix=0 utc=0 tx_fw=none rx_fw=unknown
PHASE_GUARD 500
LORA_CFG path=1 bw=0x0F sf=12
PHASE_START 10 HF-LoRa-SF12-128 pktSize=128
2026-07-26T14:58:01.471483+00:00 PHASE_RESULT 10 HF-LoRa-SF12-128 pktSize=128 rx=0 unique=0 lost=1 per=100.0 rssi_avg=0 rssi_min=0 crc_err=0 garbage=0 tx_lat=0.00000 tx_lon=0.00000 sats=0 fix=0 utc=0 tx_fw=none rx_fw=unknown
PHASE_GUARD 500
LORA_CFG path=1 bw=0x0F sf=12
PHASE_START 11 HF-LoRa-SF12-255 pktSize=255
2026-07-26T14:58:02.480009+00:00 TIME_SYNCED utc=1785077881 offset=1785062472
PHASE_RESULT 11 HF-LoRa-SF12-255 pktSize=255 rx=0 unique=0 lost=1 per=100.0 rssi_avg=0 rssi_min=0 crc_err=0 garbage=0 tx_lat=0.00000 tx_lon=0.00000 sats=0 fix=0 utc=0 tx_fw=none rx_fw=unknown
PHASE_GUARD 500
LORA_CFG path=1 bw=0x0F sf=12
PHASE_START 10 HF-LoRa-SF12-128 pktSize=128
PHASE_RESULT 10 HF-LoRa-SF12-128 pktSize=128 rx=0 unique=0 lost=1 per=100.0 rssi_avg=0 rssi_min=0 crc_err=0 garbage=0 tx_lat=0.00000 tx_lon=0.00000 sats=0 fix=0 utc=0 tx_fw=none rx_fw=unknown
PHASE_GUARD 500
LORA_CFG path=1 bw=0x0F sf=12
PHASE_START 11 HF-LoRa-SF12-255 pktSize=255
2026-07-26T14:58:06.646064+00:00 TIME_SYNCED utc=1785077886 offset=1785062473
2026-07-26T14:58:11.867048+00:00 PHASE_RESULT 11 HF-LoRa-SF12-255 pktSize=255 rx=0 unique=0 lost=1 per=100.0 rssi_avg=0 rssi_min=0 crc_err=0 garbage=0 tx_lat=0.00000 tx_lon=0.00000 sats=0 fix=0 utc=0 tx_fw=none rx_fw=unknown
PHASE_GUARD 500
PHASE_START 12 HF-FLRC-2600-32 pktSize=32
SYNC_NOT_FOUND first4=35E00416
SYNC_NOT_FOUND first4=96E9C49E
SYNC_NOT_FOUND first4=74DB2413
SYNC_NOT_FOUND first4=86BE2934
2026-07-26T14:58:12.872066+00:00 TIME_SYNCED utc=1785077891 offset=1785062472
PHASE_RESULT 12 HF-FLRC-2600-32 pktSize=32 rx=0 unique=0 lost=100 per=100.0 rssi_avg=0 rssi_min=0 crc_err=0 garbage=4 tx_lat=0.00000 tx_lon=0.00000 sats=0 fix=0 utc=0 tx_fw=none rx_fw=unknown
PHASE_GUARD 500
LORA_CFG path=1 bw=0x0F sf=12
PHASE_START 11 HF-LoRa-SF12-255 pktSize=255
PHASE_RESULT 11 HF-LoRa-SF12-255 pktSize=255 rx=0 unique=0 lost=1 per=100.0 rssi_avg=0 rssi_min=0 crc_err=0 garbage=0 tx_lat=0.00000 tx_lon=0.00000 sats=0 fix=0 utc=0 tx_fw=none rx_fw=unknown
PHASE_GUARD 500
PHASE_START 12 HF-FLRC-2600-32 pktSize=32
2026-07-26T14:58:13.882517+00:00 SYNC_NOT_FOUND first4=8B5C0CE4
SYNC_NOT_FOUND first4=0EE49AEF
SYNC_NOT_FOUND first4=130DBAED
SYNC_NOT_FOUND first4=CACA89F8
SYNC_NOT_FOUND first4=340D9412
2026-07-26T14:58:14.888268+00:00 SYNC_NOT_FOUND first4=3EB65E03
SYNC_NOT_FOUND first4=34C99853
SYNC_NOT_FOUND first4=1625A53D
SYNC_NOT_FOUND first4=EBDA2125
PHASE_RESULT 12 HF-FLRC-2600-32 pktSize=32 rx=0 unique=0 lost=100 per=100.0 rssi_avg=0 rssi_min=0 crc_err=0 garbage=9 tx_lat=0.00000 tx_lon=0.00000 sats=0 fix=0 utc=0 tx_fw=none rx_fw=unknown
PHASE_GUARD 500
PHASE_START 13 HF-FLRC-2600-64 pktSize=64
SYNC_NOT_FOUND first4=A3BA7AEC
2026-07-26T14:58:15.902825+00:00 SYNC_NOT_FOUND first4=06FEECF8
SYNC_NOT_FOUND first4=2DD30A19
SYNC_NOT_FOUND first4=8C8FC222
SYNC_NOT_FOUND first4=346CF8B3
SYNC_NOT_FOUND first4=2F94E737
2026-07-26T14:58:16.919430+00:00 SYNC_NOT_FOUND first4=D5658A40
TIME_SYNCED utc=1785077896 offset=1785062473
PHASE_RESULT 13 HF-FLRC-2600-64 pktSize=64 rx=0 unique=0 lost=100 per=100.0 rssi_avg=0 rssi_min=0 crc_err=0 garbage=7 tx_lat=0.00000 tx_lon=0.00000 sats=0 fix=0 utc=0 tx_fw=none rx_fw=unknown
PHASE_GUARD 500
PHASE_START 14 HF-FLRC-2600-128 pktSize=128
SYNC_NOT_FOUND first4=7EB62030
SYNC_NOT_FOUND first4=931FDEC6
2026-07-26T14:58:17.938832+00:00 SYNC_NOT_FOUND first4=390934C2
SYNC_NOT_FOUND first4=C791E394
SYNC_NOT_FOUND first4=770FBCD8
PHASE_RESULT 14 HF-FLRC-2600-128 pktSize=128 rx=0 unique=0 lost=100 per=100.0 rssi_avg=0 rssi_min=0 crc_err=0 garbage=5 tx_lat=0.00000 tx_lon=0.00000 sats=0 fix=0 utc=0 tx_fw=none rx_fw=unknown
PHASE_GUARD 500
PHASE_START 15 HF-FLRC-2600-255 pktSize=255
2026-07-26T14:58:18.949873+00:00 SYNC_NOT_FOUND first4=D84E644F
SYNC_NOT_FOUND first4=EC31759D
SYNC_NOT_FOUND first4=FD6E6A46
SYNC_NOT_FOUND first4=310840D1
SYNC_NOT_FOUND first4=0FFB4CD7
SYNC_NOT_FOUND first4=3BC946D0
SYNC_NOT_FOUND first4=69E48DAC
SYNC_NOT_FOUND first4=21359EF3
SYNC_NOT_FOUND first4=D09DCAE6
SYNC_NOT_FOUND first4=CEF420E4
SYNC_NOT_FOUND first4=194923A3
SYNC_NOT_FOUND first4=0A442758
SYNC_NOT_FOUND first4=607379DA
SYNC_NOT_FOUND first4=3781EFF9
SYNC_NOT_FOUND first4=8E8A6825
2026-07-26T14:58:19.961477+00:00 SYNC_NOT_FOUND first4=6842E592
SYNC_NOT_FOUND first4=62B3D2C2
PHASE_RESULT 15 HF-FLRC-2600-255 pktSize=255 rx=0 unique=0 lost=100 per=100.0 rssi_avg=0 rssi_min=0 crc_err=0 garbage=17 tx_lat=0.00000 tx_lon=0.00000 sats=0 fix=0 utc=0 tx_fw=none rx_fw=unknown
PHASE_GUARD 500
PHASE_START 16 HF-FLRC-1300-32 pktSize=32
2026-07-26T14:58:20.978354+00:00 SYNC_NOT_FOUND first4=89B9D986
SYNC_NOT_FOUND first4=45B02439
SYNC_NOT_FOUND first4=FE6CA341
2026-07-26T14:58:21.982321+00:00 SYNC_NOT_FOUND first4=181F20B0
SYNC_NOT_FOUND first4=CFF35CE1
PHASE_RESULT 16 HF-FLRC-1300-32 pktSize=32 rx=0 unique=0 lost=100 per=100.0 rssi_avg=0 rssi_min=0 crc_err=0 garbage=5 tx_lat=0.00000 tx_lon=0.00000 sats=0 fix=0 utc=0 tx_fw=none rx_fw=unknown
PHASE_GUARD 500
PHASE_START 17 HF-FLRC-1300-64 pktSize=64
SYNC_NOT_FOUND first4=9615776A
SYNC_NOT_FOUND first4=6E5EC552
SYNC_NOT_FOUND first4=B9C62864
2026-07-26T14:58:22.994241+00:00 TIME_SYNCED utc=1785077901 offset=1785062472
PHASE_RESULT 17 HF-FLRC-1300-64 pktSize=64 rx=0 unique=0 lost=100 per=100.0 rssi_avg=0 rssi_min=0 crc_err=0 garbage=3 tx_lat=0.00000 tx_lon=0.00000 sats=0 fix=0 utc=0 tx_fw=none rx_fw=unknown
PHASE_GUARD 500
PHASE_START 16 HF-FLRC-1300-32 pktSize=32
SYNC_NOT_FOUND first4=627FA765
PHASE_RESULT 16 HF-FLRC-1300-32 pktSize=32 rx=0 unique=0 lost=100 per=100.0 rssi_avg=0 rssi_min=0 crc_err=0 garbage=1 tx_lat=0.00000 tx_lon=0.00000 sats=0 fix=0 utc=0 tx_fw=none rx_fw=unknown
PHASE_GUARD 500
PHASE_START 17 HF-FLRC-1300-64 pktSize=64
SYNC_NOT_FOUND first4=DE930A67
SYNC_NOT_FOUND first4=79AED3C8
2026-07-26T14:58:24.007205+00:00 SYNC_NOT_FOUND first4=64329457
SYNC_NOT_FOUND first4=634883DE
2026-07-26T14:58:25.016644+00:00 PHASE_RESULT 17 HF-FLRC-1300-64 pktSize=64 rx=0 unique=0 lost=100 per=100.0 rssi_avg=0 rssi_min=0 crc_err=0 garbage=4 tx_lat=0.00000 tx_lon=0.00000 sats=0 fix=0 utc=0 tx_fw=none rx_fw=unknown
PHASE_GUARD 500
PHASE_START 18 HF-FLRC-1300-128 pktSize=128
SYNC_NOT_FOUND first4=E74776F9
SYNC_NOT_FOUND first4=193C4FB8
2026-07-26T14:58:26.035687+00:00 SYNC_NOT_FOUND first4=A96579A1
SYNC_NOT_FOUND first4=7228EA29
SYNC_NOT_FOUND first4=D5B1A15D
SYNC_NOT_FOUND first4=D7C45D23
SYNC_NOT_FOUND first4=54DBBDEB
2026-07-26T14:58:27.053907+00:00 SYNC_NOT_FOUND first4=DFC8679E
PHASE_RESULT 18 HF-FLRC-1300-128 pktSize=128 rx=0 unique=0 lost=100 per=100.0 rssi_avg=0 rssi_min=0 crc_err=0 garbage=8 tx_lat=0.00000 tx_lon=0.00000 sats=0 fix=0 utc=0 tx_fw=none rx_fw=unknown
PHASE_GUARD 500
PHASE_START 19 HF-FLRC-1300-255 pktSize=255
TIME_SYNCED utc=1785077906 offset=1785062472
SYNC_NOT_FOUND first4=1E659378
2026-07-26T14:58:28.071813+00:00 SYNC_NOT_FOUND first4=E68E4E87
SYNC_NOT_FOUND first4=08AC0442
2026-07-26T14:58:29.082862+00:00 PHASE_RESULT 19 HF-FLRC-1300-255 pktSize=255 rx=0 unique=0 lost=100 per=100.0 rssi_avg=0 rssi_min=0 crc_err=0 garbage=3 tx_lat=0.00000 tx_lon=0.00000 sats=0 fix=0 utc=0 tx_fw=none rx_fw=unknown
PHASE_GUARD 500
PHASE_START 20 HF-FLRC-650-32 pktSize=32
SYNC_NOT_FOUND first4=156A8559
SYNC_NOT_FOUND first4=0F2AA224
SYNC_NOT_FOUND first4=C6EF87FE
SYNC_NOT_FOUND first4=E25B1905
SYNC_NOT_FOUND first4=A64E44B5
SYNC_NOT_FOUND first4=39FC4B6D
SYNC_NOT_FOUND first4=FA494E29
SYNC_NOT_FOUND first4=A2124617
SYNC_NOT_FOUND first4=DF99ED32
SYNC_NOT_FOUND first4=8DA315E9
SYNC_NOT_FOUND first4=7CEBC44C
SYNC_NOT_FOUND first4=E397EAD7
SYNC_NOT_FOUND first4=2E779919
SYNC_NOT_FOUND first4=9799E39A
SYNC_NOT_FOUND first4=17D9560F
SYNC_NOT_FOUND first4=B788DF5C
2026-07-26T14:58:30.094216+00:00 SYNC_NOT_FOUND first4=BFFF8615
SYNC_NOT_FOUND first4=85F1947C
SYNC_NOT_FOUND first4=80DE6B5B
SYNC_NOT_FOUND first4=2065C655
SYNC_NOT_FOUND first4=BB9627F5
SYNC_NOT_FOUND first4=BC50759A
SYNC_NOT_FOUND first4=930248F9
SYNC_NOT_FOUND first4=520BDC20
SYNC_NOT_FOUND first4=6C8E3030
SYNC_NOT_FOUND first4=EFEA8609
SYNC_NOT_FOUND first4=7C49471D
SYNC_NOT_FOUND first4=39D0753A
SYNC_NOT_FOUND first4=D38F16A6
SYNC_NOT_FOUND first4=9BD43336
SYNC_NOT_FOUND first4=87D0AC9F
SYNC_NOT_FOUND first4=40313DDD
SYNC_NOT_FOUND first4=F60E2CE5
SYNC_NOT_FOUND first4=C13FE213
SYNC_NOT_FOUND first4=445D60D0
SYNC_NOT_FOUND first4=A1760F4D
SYNC_NOT_FOUND first4=54CD8359
SYNC_NOT_FOUND first4=0DC242AF
2026-07-26T14:58:31.112377+00:00 SYNC_NOT_FOUND first4=209918DA
SYNC_NOT_FOUND first4=373B2328
SYNC_NOT_FOUND first4=2280C680
SYNC_NOT_FOUND first4=A4380B7B
PHASE_RESULT 20 HF-FLRC-650-32 pktSize=32 rx=0 unique=0 lost=100 per=100.0 rssi_avg=0 rssi_min=0 crc_err=0 garbage=42 tx_lat=0.00000 tx_lon=0.00000 sats=0 fix=0 utc=0 tx_fw=none rx_fw=unknown
PHASE_GUARD 500
PHASE_START 21 HF-FLRC-650-64 pktSize=64
SYNC_NOT_FOUND first4=A55296E1
SYNC_NOT_FOUND first4=3ED744AD
SYNC_NOT_FOUND first4=B56A7F26
SYNC_NOT_FOUND first4=5F0ADB2D
SYNC_NOT_FOUND first4=C7B354FC
SYNC_NOT_FOUND first4=DCD56519
SYNC_NOT_FOUND first4=D6FD73B1
SYNC_NOT_FOUND first4=064DAA43
SYNC_NOT_FOUND first4=A5D3A35A
SYNC_NOT_FOUND first4=B80220CF
SYNC_NOT_FOUND first4=875A24D5
SYNC_NOT_FOUND first4=FC27401A
SYNC_NOT_FOUND first4=93947A8D
SYNC_NOT_FOUND first4=99689673
SYNC_NOT_FOUND first4=9CEECBA0
SYNC_NOT_FOUND first4=6959BAE1
SYNC_NOT_FOUND first4=44E244D8
2026-07-26T14:58:32.131088+00:00 SYNC_NOT_FOUND first4=432B743D
SYNC_NOT_FOUND first4=91AEAB5E
SYNC_NOT_FOUND first4=CF080B9F
SYNC_NOT_FOUND first4=5C05D11E
SYNC_NOT_FOUND first4=2E921087
SYNC_NOT_FOUND first4=9ED8E468
SYNC_NOT_FOUND first4=F428EFC0
SYNC_NOT_FOUND first4=E04DB2CA
SYNC_NOT_FOUND first4=CA473A28
SYNC_NOT_FOUND first4=16C3D962
SYNC_NOT_FOUND first4=556EA5A1
SYNC_NOT_FOUND first4=7472AF41
SYNC_NOT_FOUND first4=F5A72750
SYNC_NOT_FOUND first4=DE72B525
SYNC_NOT_FOUND first4=291B36B8
SYNC_NOT_FOUND first4=57663D5D
SYNC_NOT_FOUND first4=B90563CA
SYNC_NOT_FOUND first4=E618B7DF
SYNC_NOT_FOUND first4=AE80F19D
SYNC_NOT_FOUND first4=AF0DEEA4
SYNC_NOT_FOUND first4=B1D75307
SYNC_NOT_FOUND first4=6E9C9EF2
SYNC_NOT_FOUND first4=1B74A879
SYNC_NOT_FOUND first4=3A5CBE2D
SYNC_NOT_FOUND first4=89E48A02
SYNC_NOT_FOUND first4=D9CDD496
SYNC_NOT_FOUND first4=351442F3
2026-07-26T14:58:33.142023+00:00 SYNC_NOT_FOUND first4=D9B05158
TIME_SYNCED utc=1785077912 offset=1785062473
PHASE_RESULT 21 HF-FLRC-650-64 pktSize=64 rx=0 unique=0 lost=100 per=100.0 rssi_avg=0 rssi_min=0 crc_err=0 garbage=45 tx_lat=0.00000 tx_lon=0.00000 sats=0 fix=0 utc=0 tx_fw=none rx_fw=unknown
PHASE_GUARD 500
PHASE_START 22 HF-FLRC-650-128 pktSize=128
SYNC_NOT_FOUND first4=45C38A09
SYNC_NOT_FOUND first4=DF6FE9DB
SYNC_NOT_FOUND first4=3937B436
SYNC_NOT_FOUND first4=0969087F
SYNC_NOT_FOUND first4=E0158C90
SYNC_NOT_FOUND first4=C5E6768A
SYNC_NOT_FOUND first4=BEC38D90
SYNC_NOT_FOUND first4=F238D701
SYNC_NOT_FOUND first4=48443A7E
SYNC_NOT_FOUND first4=EEEA31DA
SYNC_NOT_FOUND first4=EA1A1331
SYNC_NOT_FOUND first4=4588F960
2026-07-26T14:58:34.157309+00:00 SYNC_NOT_FOUND first4=7480943B
SYNC_NOT_FOUND first4=E80BF53F
SYNC_NOT_FOUND first4=A8DF5602
SYNC_NOT_FOUND first4=C85AA7AF
SYNC_NOT_FOUND first4=8D632418
SYNC_NOT_FOUND first4=A614DDE1
PHASE_RESULT 22 HF-FLRC-650-128 pktSize=128 rx=0 unique=0 lost=100 per=100.0 rssi_avg=0 rssi_min=0 crc_err=0 garbage=18 tx_lat=0.00000 tx_lon=0.00000 sats=0 fix=0 utc=0 tx_fw=none rx_fw=unknown
PHASE_GUARD 500
PHASE_START 23 HF-FLRC-650-255 pktSize=255
SYNC_NOT_FOUND first4=5F65BBE1
SYNC_NOT_FOUND first4=7D7601FD
SYNC_NOT_FOUND first4=03810D0C
SYNC_NOT_FOUND first4=D0F2AF5A
SYNC_NOT_FOUND first4=19D3DE2D
SYNC_NOT_FOUND first4=6D065342
SYNC_NOT_FOUND first4=3569472F
SYNC_NOT_FOUND first4=7815907B
SYNC_NOT_FOUND first4=B152A0B4
SYNC_NOT_FOUND first4=194151B1
SYNC_NOT_FOUND first4=D7CE5431
SYNC_NOT_FOUND first4=1D465368
2026-07-26T14:58:35.168464+00:00 SYNC_NOT_FOUND first4=0B2602F2
SYNC_NOT_FOUND first4=8B5EEEF8
SYNC_NOT_FOUND first4=134FD264
SYNC_NOT_FOUND first4=DF59293D
SYNC_NOT_FOUND first4=C07DF72F
SYNC_NOT_FOUND first4=D80EE7AF
SYNC_NOT_FOUND first4=B43A894E
SYNC_NOT_FOUND first4=39A9DA95
SYNC_NOT_FOUND first4=179800FE
SYNC_NOT_FOUND first4=04DF0FE8
SYNC_NOT_FOUND first4=07C3E1A7
SYNC_NOT_FOUND first4=29CDC02B
SYNC_NOT_FOUND first4=4AAAEEDD
SYNC_NOT_FOUND first4=52F66F4D
SYNC_NOT_FOUND first4=CDB844D4
SYNC_NOT_FOUND first4=1E41CE2A
SYNC_NOT_FOUND first4=64C92A8B
SYNC_NOT_FOUND first4=2D59816C
SYNC_NOT_FOUND first4=0846DD05
SYNC_NOT_FOUND first4=EE8D2FF3
SYNC_NOT_FOUND first4=54D6E918
SYNC_NOT_FOUND first4=0C447327
SYNC_NOT_FOUND first4=0C45694D
2026-07-26T14:58:36.187889+00:00 SYNC_NOT_FOUND first4=A73D6F85
PHASE_RESULT 23 HF-FLRC-650-255 pktSize=255 rx=0 unique=0 lost=100 per=100.0 rssi_avg=0 rssi_min=0 crc_err=0 garbage=36 tx_lat=0.00000 tx_lon=0.00000 sats=0 fix=0 utc=0 tx_fw=none rx_fw=unknown
PHASE_GUARD 500
PHASE_START 24 HF-FLRC-325-32 pktSize=32
2026-07-26T14:58:37.206296+00:00 TIME_SYNCED utc=1785077916 offset=1785062472
SYNC_NOT_FOUND first4=731D13CA
SYNC_NOT_FOUND first4=D3AE2C86
SYNC_NOT_FOUND first4=3AAFA843
SYNC_NOT_FOUND first4=813B666C
2026-07-26T14:58:38.217630+00:00 SYNC_NOT_FOUND first4=1D6C7C48
SYNC_NOT_FOUND first4=03363D99
SYNC_NOT_FOUND first4=2D01E29D
SYNC_NOT_FOUND first4=17827911
2026-07-26T14:58:39.233287+00:00 PHASE_RESULT 24 HF-FLRC-325-32 pktSize=32 rx=0 unique=0 lost=100 per=100.0 rssi_avg=0 rssi_min=0 crc_err=0 garbage=8 tx_lat=0.00000 tx_lon=0.00000 sats=0 fix=0 utc=0 tx_fw=none rx_fw=unknown
PHASE_GUARD 500
PHASE_START 25 HF-FLRC-325-64 pktSize=64
SYNC_NOT_FOUND first4=24C6232F
SYNC_NOT_FOUND first4=3BBBC142
2026-07-26T14:58:40.244355+00:00 SYNC_NOT_FOUND first4=0D1677BA
SYNC_NOT_FOUND first4=3838EFA3
SYNC_NOT_FOUND first4=878BB122
2026-07-26T14:58:41.260999+00:00 PHASE_RESULT 25 HF-FLRC-325-64 pktSize=64 rx=0 unique=0 lost=100 per=100.0 rssi_avg=0 rssi_min=0 crc_err=0 garbage=5 tx_lat=0.00000 tx_lon=0.00000 sats=0 fix=0 utc=0 tx_fw=none rx_fw=unknown
PHASE_GUARD 500
PHASE_START 26 HF-FLRC-325-128 pktSize=128
SYNC_NOT_FOUND first4=690FFD0A
2026-07-26T14:58:42.278878+00:00 SYNC_NOT_FOUND first4=1233151D
SYNC_NOT_FOUND first4=6D516A46
2026-07-26T14:58:43.290667+00:00 TIME_SYNCED utc=1785077922 offset=1785062473
PHASE_RESULT 26 HF-FLRC-325-128 pktSize=128 rx=0 unique=0 lost=100 per=100.0 rssi_avg=0 rssi_min=0 crc_err=0 garbage=3 tx_lat=0.00000 tx_lon=0.00000 sats=0 fix=0 utc=0 tx_fw=none rx_fw=unknown
PHASE_GUARD 500
PHASE_START 27 HF-FLRC-325-255 pktSize=255
SYNC_NOT_FOUND first4=5DC86DF4
SYNC_NOT_FOUND first4=2216B337
SYNC_NOT_FOUND first4=21E3E593
2026-07-26T14:58:44.302559+00:00 PHASE_RESULT 27 HF-FLRC-325-255 pktSize=255 rx=0 unique=0 lost=100 per=100.0 rssi_avg=0 rssi_min=0 crc_err=0 garbage=3 tx_lat=0.00000 tx_lon=0.00000 sats=0 fix=0 utc=0 tx_fw=none rx_fw=unknown
PHASE_GUARD 500
LORA_CFG path=0 bw=0x05 sf=7
PHASE_START 28 LF-LoRa-SF7-32 pktSize=32
2026-07-26T14:58:45.313448+00:00 PHASE_RESULT 28 LF-LoRa-SF7-32 pktSize=32 rx=0 unique=0 lost=20 per=100.0 rssi_avg=0 rssi_min=0 crc_err=0 garbage=0 tx_lat=0.00000 tx_lon=0.00000 sats=0 fix=0 utc=0 tx_fw=none rx_fw=unknown
PHASE_GUARD 500
2026-07-26T14:58:46.318056+00:00 LORA_CFG path=0 bw=0x05 sf=7
PHASE_START 29 LF-LoRa-SF7-64 pktSize=64
2026-07-26T14:58:47.337276+00:00 TIME_SYNCED utc=1785077926 offset=1785062472
2026-07-26T14:58:49.405448+00:00 PHASE_RESULT 29 LF-LoRa-SF7-64 pktSize=64 rx=0 unique=0 lost=20 per=100.0 rssi_avg=0 rssi_min=0 crc_err=0 garbage=0 tx_lat=0.00000 tx_lon=0.00000 sats=0 fix=0 utc=0 tx_fw=none rx_fw=unknown
PHASE_GUARD 500
LORA_CFG path=0 bw=0x05 sf=7
2026-07-26T14:58:50.424575+00:00 PHASE_START 30 LF-LoRa-SF7-128 pktSize=128
2026-07-26T14:58:53.545898+00:00 TIME_SYNCED utc=1785077932 offset=1785062472
PHASE_RESULT 30 LF-LoRa-SF7-128 pktSize=128 rx=0 unique=0 lost=13 per=100.0 rssi_avg=0 rssi_min=0 crc_err=0 garbage=0 tx_lat=0.00000 tx_lon=0.00000 sats=0 fix=0 utc=0 tx_fw=none rx_fw=unknown
PHASE_GUARD 500
LORA_CFG path=0 bw=0x05 sf=7
PHASE_START 31 LF-LoRa-SF7-255 pktSize=255
2026-07-26T14:58:56.667296+00:00 TIME_SYNCED utc=1785077936 offset=1785062472
2026-07-26T14:58:57.683273+00:00 PHASE_RESULT 31 LF-LoRa-SF7-255 pktSize=255 rx=0 unique=0 lost=7 per=100.0 rssi_avg=0 rssi_min=0 crc_err=0 garbage=0 tx_lat=0.00000 tx_lon=0.00000 sats=0 fix=0 utc=0 tx_fw=none rx_fw=unknown
PHASE_GUARD 500
LORA_CFG path=0 bw=0x05 sf=9
PHASE_START 32 LF-LoRa-SF9-32 pktSize=32
2026-07-26T14:59:01.848081+00:00 PHASE_RESULT 32 LF-LoRa-SF9-32 pktSize=32 rx=0 unique=0 lost=7 per=100.0 rssi_avg=0 rssi_min=0 crc_err=0 garbage=0 tx_lat=0.00000 tx_lon=0.00000 sats=0 fix=0 utc=0 tx_fw=none rx_fw=unknown
PHASE_GUARD 500
LORA_CFG path=0 bw=0x05 sf=9
PHASE_START 33 LF-LoRa-SF9-64 pktSize=64
2026-07-26T14:59:03.918275+00:00 TIME_SYNCED utc=1785077942 offset=1785062472
2026-07-26T14:59:04.931208+00:00 PHASE_RESULT 33 LF-LoRa-SF9-64 pktSize=64 rx=0 unique=0 lost=3 per=100.0 rssi_avg=0 rssi_min=0 crc_err=0 garbage=0 tx_lat=0.00000 tx_lon=0.00000 sats=0 fix=0 utc=0 tx_fw=none rx_fw=unknown
PHASE_GUARD 500
LORA_CFG path=0 bw=0x05 sf=9
PHASE_START 34 LF-LoRa-SF9-128 pktSize=128
2026-07-26T14:59:06.996139+00:00 PHASE_RESULT 34 LF-LoRa-SF9-128 pktSize=128 rx=0 unique=0 lost=1 per=100.0 rssi_avg=0 rssi_min=0 crc_err=0 garbage=0 tx_lat=0.00000 tx_lon=0.00000 sats=0 fix=0 utc=0 tx_fw=none rx_fw=unknown
PHASE_GUARD 500
LORA_CFG path=0 bw=0x05 sf=9
PHASE_START 35 LF-LoRa-SF9-255 pktSize=255
TIME_SYNCED utc=1785077946 offset=1785062472
2026-07-26T14:59:11.170426+00:00 PHASE_RESULT 35 LF-LoRa-SF9-255 pktSize=255 rx=0 unique=0 lost=1 per=100.0 rssi_avg=0 rssi_min=0 crc_err=0 garbage=0 tx_lat=0.00000 tx_lon=0.00000 sats=0 fix=0 utc=0 tx_fw=none rx_fw=unknown
PHASE_GUARD 500
LORA_CFG path=0 bw=0x05 sf=12
PHASE_START 36 LF-LoRa-SF12-32 pktSize=32
2026-07-26T14:59:14.280998+00:00 TIME_SYNCED utc=1785077953 offset=1785062473
2026-07-26T14:59:17.403991+00:00 TIME_SYNCED utc=1785077956 offset=1785062472
2026-07-26T14:59:24.723203+00:00 TIME_SYNCED utc=1785077963 offset=1785062472
2026-07-26T14:59:25.734053+00:00 PHASE_RESULT 36 LF-LoRa-SF12-32 pktSize=32 rx=0 unique=0 lost=1 per=100.0 rssi_avg=0 rssi_min=0 crc_err=0 garbage=0 tx_lat=0.00000 tx_lon=0.00000 sats=0 fix=0 utc=0 tx_fw=none rx_fw=unknown
PHASE_GUARD 500
LORA_CFG path=0 bw=0x05 sf=12
PHASE_START 37 LF-LoRa-SF12-SKIP SKIP pktSize=64
2026-07-26T14:59:26.745672+00:00 PHASE_RESULT 37 LF-LoRa-SF12-SKIP pktSize=64 rx=0 unique=0 lost=0 per=0.0 rssi_avg=0 rssi_min=0 crc_err=0 garbage=0 tx_lat=0.00000 tx_lon=0.00000 sats=0 fix=0 utc=0 tx_fw=none rx_fw=unknown
PHASE_GUARD 500
LORA_CFG path=0 bw=0x05 sf=12
PHASE_START 38 LF-LoRa-SF12-SKIP SKIP pktSize=128
TIME_SYNCED utc=1785077966 offset=1785062472
2026-07-26T14:59:27.761237+00:00 PHASE_RESULT 38 LF-LoRa-SF12-SKIP pktSize=128 rx=0 unique=0 lost=0 per=0.0 rssi_avg=0 rssi_min=0 crc_err=0 garbage=0 tx_lat=0.00000 tx_lon=0.00000 sats=0 fix=0 utc=0 tx_fw=none rx_fw=unknown
PHASE_GUARD 500
LORA_CFG path=0 bw=0x05 sf=12
PHASE_START 39 LF-LoRa-SF12-SKIP SKIP pktSize=255
2026-07-26T14:59:28.772032+00:00 PHASE_RESULT 39 LF-LoRa-SF12-SKIP pktSize=255 rx=0 unique=0 lost=0 per=0.0 rssi_avg=0 rssi_min=0 crc_err=0 garbage=0 tx_lat=0.00000 tx_lon=0.00000 sats=0 fix=0 utc=0 tx_fw=none rx_fw=unknown
PHASE_GUARD 500
PHASE_START 40 LF-FLRC-2600-32 pktSize=32
2026-07-26T14:59:30.826440+00:00 PHASE_RESULT 40 LF-FLRC-2600-32 pktSize=32 rx=0 unique=0 lost=100 per=100.0 rssi_avg=0 rssi_min=0 crc_err=0 garbage=0 tx_lat=0.00000 tx_lon=0.00000 sats=0 fix=0 utc=0 tx_fw=none rx_fw=unknown
PHASE_GUARD 500
PHASE_START 41 LF-FLRC-2600-64 pktSize=64
SYNC_NOT_FOUND first4=40B076A6
2026-07-26T14:59:32.887852+00:00 PHASE_RESULT 41 LF-FLRC-2600-64 pktSize=64 rx=0 unique=0 lost=100 per=100.0 rssi_avg=0 rssi_min=0 crc_err=0 garbage=1 tx_lat=0.00000 tx_lon=0.00000 sats=0 fix=0 utc=0 tx_fw=none rx_fw=unknown
PHASE_GUARD 500
PHASE_START 42 LF-FLRC-2600-128 pktSize=128
2026-07-26T14:59:33.891195+00:00 SYNC_NOT_FOUND first4=C4DE3A0A
SYNC_NOT_FOUND first4=BA1BB396
SYNC_NOT_FOUND first4=7E9AD308
2026-07-26T14:59:34.895176+00:00 TIME_SYNCED utc=1785077973 offset=1785062472
PHASE_RESULT 42 LF-FLRC-2600-128 pktSize=128 rx=0 unique=0 lost=100 per=100.0 rssi_avg=0 rssi_min=0 crc_err=0 garbage=3 tx_lat=0.00000 tx_lon=0.00000 sats=0 fix=0 utc=0 tx_fw=none rx_fw=unknown
PHASE_GUARD 500
PHASE_START 43 LF-FLRC-2600-255 pktSize=255
SYNC_NOT_FOUND first4=B773C3F4
2026-07-26T14:59:35.898875+00:00 SYNC_NOT_FOUND first4=02BFA7FD
2026-07-26T14:59:36.909887+00:00 SYNC_NOT_FOUND first4=412A967A
PHASE_RESULT 43 LF-FLRC-2600-255 pktSize=255 rx=0 unique=0 lost=100 per=100.0 rssi_avg=0 rssi_min=0 crc_err=0 garbage=3 tx_lat=0.00000 tx_lon=0.00000 sats=0 fix=0 utc=0 tx_fw=none rx_fw=unknown
PHASE_GUARD 500
PHASE_START 44 LF-FLRC-1300-32 pktSize=32
TIME_SYNCED utc=1785077976 offset=1785062472
2026-07-26T14:59:38.963890+00:00 SYNC_NOT_FOUND first4=677A0C94
PHASE_RESULT 44 LF-FLRC-1300-32 pktSize=32 rx=0 unique=0 lost=100 per=100.0 rssi_avg=0 rssi_min=0 crc_err=0 garbage=1 tx_lat=0.00000 tx_lon=0.00000 sats=0 fix=0 utc=0 tx_fw=none rx_fw=unknown
PHASE_GUARD 500
PHASE_START 45 LF-FLRC-1300-64 pktSize=64
2026-07-26T14:59:41.025918+00:00 PHASE_RESULT 45 LF-FLRC-1300-64 pktSize=64 rx=0 unique=0 lost=100 per=100.0 rssi_avg=0 rssi_min=0 crc_err=0 garbage=0 tx_lat=0.00000 tx_lon=0.00000 sats=0 fix=0 utc=0 tx_fw=none rx_fw=unknown
PHASE_GUARD 500
PHASE_START 46 LF-FLRC-1300-128 pktSize=128
2026-07-26T14:59:43.081479+00:00 PHASE_RESULT 46 LF-FLRC-1300-128 pktSize=128 rx=0 unique=0 lost=100 per=100.0 rssi_avg=0 rssi_min=0 crc_err=0 garbage=0 tx_lat=0.00000 tx_lon=0.00000 sats=0 fix=0 utc=0 tx_fw=none rx_fw=unknown
PHASE_GUARD 500
PHASE_START 47 LF-FLRC-1300-255 pktSize=255
2026-07-26T14:59:44.092655+00:00 SYNC_NOT_FOUND first4=22E0C7B4
SYNC_NOT_FOUND first4=21E61C1A
2026-07-26T14:59:45.104039+00:00 TIME_SYNCED utc=1785077984 offset=1785062473
PHASE_RESULT 47 LF-FLRC-1300-255 pktSize=255 rx=0 unique=0 lost=100 per=100.0 rssi_avg=0 rssi_min=0 crc_err=0 garbage=2 tx_lat=0.00000 tx_lon=0.00000 sats=0 fix=0 utc=0 tx_fw=none rx_fw=unknown
PHASE_GUARD 500
PHASE_START 48 LF-FLRC-650-32 pktSize=32
SYNC_NOT_FOUND first4=8EF145E8
2026-07-26T14:59:46.115269+00:00 SYNC_NOT_FOUND first4=A617C545
PHASE_RESULT 48 LF-FLRC-650-32 pktSize=32 rx=0 unique=0 lost=100 per=100.0 rssi_avg=0 rssi_min=0 crc_err=0 garbage=2 tx_lat=0.00000 tx_lon=0.00000 sats=0 fix=0 utc=0 tx_fw=none rx_fw=unknown
PHASE_GUARD 500
PHASE_START 49 LF-FLRC-650-64 pktSize=64
SYNC_NOT_FOUND first4=926013F2
SYNC_NOT_FOUND first4=3038B402
2026-07-26T14:59:47.126300+00:00 TIME_SYNCED utc=1785077986 offset=1785062472
SYNC_NOT_FOUND first4=6960DDB9
2026-07-26T14:59:48.138148+00:00 SYNC_NOT_FOUND first4=90C433AC
2026-07-26T14:59:49.141739+00:00 PHASE_RESULT 49 LF-FLRC-650-64 pktSize=64 rx=0 unique=0 lost=100 per=100.0 rssi_avg=0 rssi_min=0 crc_err=0 garbage=4 tx_lat=0.00000 tx_lon=0.00000 sats=0 fix=0 utc=0 tx_fw=none rx_fw=unknown
PHASE_GUARD 500
PHASE_START 50 LF-FLRC-650-128 pktSize=128
SYNC_NOT_FOUND first4=0BA57A87
2026-07-26T14:59:50.147511+00:00 SYNC_NOT_FOUND first4=31F512ED
SYNC_NOT_FOUND first4=78542EAD
2026-07-26T14:59:51.150993+00:00 PHASE_RESULT 50 LF-FLRC-650-128 pktSize=128 rx=0 unique=0 lost=100 per=100.0 rssi_avg=0 rssi_min=0 crc_err=0 garbage=3 tx_lat=0.00000 tx_lon=0.00000 sats=0 fix=0 utc=0 tx_fw=none rx_fw=unknown
PHASE_GUARD 500
PHASE_START 51 LF-FLRC-650-255 pktSize=255
SYNC_NOT_FOUND first4=2BB18362
2026-07-26T14:59:52.154278+00:00 SYNC_NOT_FOUND first4=6EC61B4D
2026-07-26T14:59:53.166211+00:00 PHASE_RESULT 51 LF-FLRC-650-255 pktSize=255 rx=0 unique=0 lost=100 per=100.0 rssi_avg=0 rssi_min=0 crc_err=0 garbage=2 tx_lat=0.00000 tx_lon=0.00000 sats=0 fix=0 utc=0 tx_fw=none rx_fw=unknown
PHASE_GUARD 500
PHASE_START 52 LF-FLRC-325-32 pktSize=32
2026-07-26T14:59:55.228487+00:00 TIME_SYNCED utc=1785077994 offset=1785062473
PHASE_RESULT 52 LF-FLRC-325-32 pktSize=32 rx=0 unique=0 lost=100 per=100.0 rssi_avg=0 rssi_min=0 crc_err=0 garbage=0 tx_lat=0.00000 tx_lon=0.00000 sats=0 fix=0 utc=0 tx_fw=none rx_fw=unknown
PHASE_GUARD 500
PHASE_START 53 LF-FLRC-325-64 pktSize=64
2026-07-26T14:59:56.240428+00:00 PHASE_RESULT 53 LF-FLRC-325-64 pktSize=64 rx=0 unique=0 lost=100 per=100.0 rssi_avg=0 rssi_min=0 crc_err=0 garbage=0 tx_lat=0.00000 tx_lon=0.00000 sats=0 fix=0 utc=0 tx_fw=none rx_fw=unknown
PHASE_GUARD 500
PHASE_START 54 LF-FLRC-325-128 pktSize=128
2026-07-26T14:59:57.245030+00:00 TIME_SYNCED utc=1785077996 offset=1785062472
2026-07-26T14:59:59.307427+00:00 PHASE_RESULT 54 LF-FLRC-325-128 pktSize=128 rx=0 unique=0 lost=100 per=100.0 rssi_avg=0 rssi_min=0 crc_err=0 garbage=0 tx_lat=0.00000 tx_lon=0.00000 sats=0 fix=0 utc=0 tx_fw=none rx_fw=unknown
PHASE_GUARD 500
PHASE_START 55 LF-FLRC-325-255 pktSize=255
2026-07-26T15:00:00.311160+00:00 PHASE_RESULT 55 LF-FLRC-325-255 pktSize=255 rx=0 unique=0 lost=100 per=100.0 rssi_avg=0 rssi_min=0 crc_err=0 garbage=0 tx_lat=0.00000 tx_lon=0.00000 sats=0 fix=0 utc=0 tx_fw=none rx_fw=unknown
PHASE_GUARD 500
2026-07-26T15:00:01.322968+00:00 LORA_CFG path=1 bw=0x0F sf=7
PHASE_START 0 HF-LoRa-SF7-32 pktSize=32
2026-07-26T15:00:02.326457+00:00 PHASE_RESULT 0 HF-LoRa-SF7-32 pktSize=32 rx=0 unique=0 lost=20 per=100.0 rssi_avg=0 rssi_min=0 crc_err=0 garbage=0 tx_lat=0.00000 tx_lon=0.00000 sats=0 fix=0 utc=0 tx_fw=none rx_fw=unknown
PHASE_GUARD 500
2026-07-26T15:00:03.330202+00:00 LORA_CFG path=1 bw=0x0F sf=7
PHASE_START 1 HF-LoRa-SF7-64 pktSize=64
2026-07-26T15:00:04.333672+00:00 PHASE_RESULT 1 HF-LoRa-SF7-64 pktSize=64 rx=0 unique=0 lost=20 per=100.0 rssi_avg=0 rssi_min=0 crc_err=0 garbage=0 tx_lat=0.00000 tx_lon=0.00000 sats=0 fix=0 utc=0 tx_fw=none rx_fw=unknown
PHASE_GUARD 500
2026-07-26T15:00:05.346001+00:00 LORA_CFG path=1 bw=0x0F sf=7
PHASE_START 2 HF-LoRa-SF7-128 pktSize=128
TIME_SYNCED utc=1785078004 offset=1785062472
2026-07-26T15:00:06.349435+00:00 PHASE_RESULT 2 HF-LoRa-SF7-128 pktSize=128 rx=0 unique=0 lost=20 per=100.0 rssi_avg=0 rssi_min=0 crc_err=0 garbage=0 tx_lat=0.00000 tx_lon=0.00000 sats=0 fix=0 utc=0 tx_fw=none rx_fw=unknown
PHASE_GUARD 500
LORA_CFG path=1 bw=0x0F sf=7
2026-07-26T15:00:07.353951+00:00 PHASE_START 3 HF-LoRa-SF7-255 pktSize=255
TIME_SYNCED utc=1785078006 offset=1785062472
2026-07-26T15:00:09.415562+00:00 PHASE_RESULT 3 HF-LoRa-SF7-255 pktSize=255 rx=0 unique=0 lost=20 per=100.0 rssi_avg=0 rssi_min=0 crc_err=0 garbage=0 tx_lat=0.00000 tx_lon=0.00000 sats=0 fix=0 utc=0 tx_fw=none rx_fw=unknown
PHASE_GUARD 500
LORA_CFG path=1 bw=0x0F sf=9
2026-07-26T15:00:10.426240+00:00 PHASE_START 4 HF-LoRa-SF9-32 pktSize=32
2026-07-26T15:00:11.437403+00:00 PHASE_RESULT 4 HF-LoRa-SF9-32 pktSize=32 rx=0 unique=0 lost=20 per=100.0 rssi_avg=0 rssi_min=0 crc_err=0 garbage=0 tx_lat=0.00000 tx_lon=0.00000 sats=0 fix=0 utc=0 tx_fw=none rx_fw=unknown
PHASE_GUARD 500
LORA_CFG path=1 bw=0x0F sf=9
PHASE_START 5 HF-LoRa-SF9-64 pktSize=64
2026-07-26T15:00:14.542558+00:00 PHASE_RESULT 5 HF-LoRa-SF9-64 pktSize=64 rx=0 unique=0 lost=20 per=100.0 rssi_avg=0 rssi_min=0 crc_err=0 garbage=0 tx_lat=0.00000 tx_lon=0.00000 sats=0 fix=0 utc=0 tx_fw=none rx_fw=unknown
PHASE_GUARD 500
LORA_CFG path=1 bw=0x0F sf=9
PHASE_START 6 HF-LoRa-SF9-128 pktSize=128
2026-07-26T15:00:15.547096+00:00 TIME_SYNCED utc=1785078014 offset=1785062472
2026-07-26T15:00:16.551031+00:00 TIME_SYNCED utc=1785078016 offset=1785062472
2026-07-26T15:00:18.613682+00:00 PHASE_RESULT 6 HF-LoRa-SF9-128 pktSize=128 rx=0 unique=0 lost=13 per=100.0 rssi_avg=0 rssi_min=0 crc_err=0 garbage=0 tx_lat=0.00000 tx_lon=0.00000 sats=0 fix=0 utc=0 tx_fw=none rx_fw=unknown
PHASE_GUARD 500
LORA_CFG path=1 bw=0x0F sf=9
PHASE_START 7 HF-LoRa-SF9-255 pktSize=255
2026-07-26T15:00:21.726893+00:00 PHASE_RESULT 7 HF-LoRa-SF9-255 pktSize=255 rx=0 unique=0 lost=6 per=100.0 rssi_avg=0 rssi_min=0 crc_err=0 garbage=0 tx_lat=0.00000 tx_lon=0.00000 sats=0 fix=0 utc=0 tx_fw=none rx_fw=unknown
PHASE_GUARD 500
LORA_CFG path=1 bw=0x0F sf=12
PHASE_START 8 HF-LoRa-SF12-32 pktSize=32
2026-07-26T15:00:24.843200+00:00 PHASE_RESULT 8 HF-LoRa-SF12-32 pktSize=32 rx=0 unique=0 lost=2 per=100.0 rssi_avg=0 rssi_min=0 crc_err=0 garbage=0 tx_lat=0.00000 tx_lon=0.00000 sats=0 fix=0 utc=0 tx_fw=none rx_fw=unknown
PHASE_GUARD 500
LORA_CFG path=1 bw=0x0F sf=12
PHASE_START 9 HF-LoRa-SF12-64 pktSize=64
2026-07-26T15:00:25.849209+00:00 TIME_SYNCED utc=1785078024 offset=1785062472
2026-07-26T15:00:26.852747+00:00 TIME_SYNCED utc=1785078026 offset=1785062472
2026-07-26T15:00:27.858751+00:00 PHASE_RESULT 9 HF-LoRa-SF12-64 pktSize=64 rx=0 unique=0 lost=1 per=100.0 rssi_avg=0 rssi_min=0 crc_err=0 garbage=0 tx_lat=0.00000 tx_lon=0.00000 sats=0 fix=0 utc=0 tx_fw=none rx_fw=unknown
PHASE_GUARD 500
LORA_CFG path=1 bw=0x0F sf=12
PHASE_START 10 HF-LoRa-SF12-128 pktSize=128
2026-07-26T15:00:33.065994+00:00 PHASE_RESULT 10 HF-LoRa-SF12-128 pktSize=128 rx=0 unique=0 lost=1 per=100.0 rssi_avg=0 rssi_min=0 crc_err=0 garbage=0 tx_lat=0.00000 tx_lon=0.00000 sats=0 fix=0 utc=0 tx_fw=none rx_fw=unknown
PHASE_GUARD 500
LORA_CFG path=1 bw=0x0F sf=12
PHASE_START 11 HF-LoRa-SF12-255 pktSize=255
2026-07-26T15:00:36.179237+00:00 TIME_SYNCED utc=1785078035 offset=1785062473
2026-07-26T15:00:37.189111+00:00 TIME_SYNCED utc=1785078036 offset=1785062472
2026-07-26T15:00:42.396439+00:00 PHASE_RESULT 11 HF-LoRa-SF12-255 pktSize=255 rx=0 unique=0 lost=1 per=100.0 rssi_avg=0 rssi_min=0 crc_err=0 garbage=0 tx_lat=0.00000 tx_lon=0.00000 sats=0 fix=0 utc=0 tx_fw=none rx_fw=unknown
PHASE_GUARD 500
2026-07-26T15:00:43.400225+00:00 PHASE_START 12 HF-FLRC-2600-32 pktSize=32
SYNC_NOT_FOUND first4=BC9B0F8F
SYNC_NOT_FOUND first4=7479469A
SYNC_NOT_FOUND first4=F3AF4805
SYNC_NOT_FOUND first4=85116766
SYNC_NOT_FOUND first4=90B4C153
SYNC_NOT_FOUND first4=84FF221E
2026-07-26T15:00:44.413660+00:00 PHASE_RESULT 12 HF-FLRC-2600-32 pktSize=32 rx=0 unique=0 lost=100 per=100.0 rssi_avg=0 rssi_min=0 crc_err=0 garbage=6 tx_lat=0.00000 tx_lon=0.00000 sats=0 fix=0 utc=0 tx_fw=none rx_fw=unknown
PHASE_GUARD 500
2026-07-26T15:00:45.428392+00:00 PHASE_START 13 HF-FLRC-2600-64 pktSize=64
SYNC_NOT_FOUND first4=40CDB302
SYNC_NOT_FOUND first4=6F96047E
SYNC_NOT_FOUND first4=605060B8
SYNC_NOT_FOUND first4=9585E9D0
SYNC_NOT_FOUND first4=4F9E698C
2026-07-26T15:00:46.432344+00:00 TIME_SYNCED utc=1785078045 offset=1785062472
SYNC_NOT_FOUND first4=699DE4F8
SYNC_NOT_FOUND first4=989B2061
SYNC_NOT_FOUND first4=42DE1372
SYNC_NOT_FOUND first4=CC3E0514
PHASE_RESULT 13 HF-FLRC-2600-64 pktSize=64 rx=0 unique=0 lost=100 per=100.0 rssi_avg=0 rssi_min=0 crc_err=0 garbage=9 tx_lat=0.00000 tx_lon=0.00000 sats=0 fix=0 utc=0 tx_fw=none rx_fw=unknown
PHASE_GUARD 500
PHASE_START 14 HF-FLRC-2600-128 pktSize=128
2026-07-26T15:00:47.443062+00:00 TIME_SYNCED utc=1785078046 offset=1785062472
SYNC_NOT_FOUND first4=C4E3287E
SYNC_NOT_FOUND first4=8EF3261F
SYNC_NOT_FOUND first4=9A5AB9A0
SYNC_NOT_FOUND first4=755E3CA0
SYNC_NOT_FOUND first4=2556896A
SYNC_NOT_FOUND first4=C1023DA8
SYNC_NOT_FOUND first4=DD357F4C
2026-07-26T15:00:48.448137+00:00 SYNC_NOT_FOUND first4=AEEA07FF
SYNC_NOT_FOUND first4=903053DD
PHASE_RESULT 14 HF-FLRC-2600-128 pktSize=128 rx=0 unique=0 lost=100 per=100.0 rssi_avg=0 rssi_min=0 crc_err=0 garbage=9 tx_lat=0.00000 tx_lon=0.00000 sats=0 fix=0 utc=0 tx_fw=none rx_fw=unknown
PHASE_GUARD 500
PHASE_START 15 HF-FLRC-2600-255 pktSize=255
2026-07-26T15:00:49.458820+00:00 SYNC_NOT_FOUND first4=1421AD8E
SYNC_NOT_FOUND first4=31F962F8
SYNC_NOT_FOUND first4=15F7683B
SYNC_NOT_FOUND first4=8122EA01
SYNC_NOT_FOUND first4=91FAC2C2
SYNC_NOT_FOUND first4=6CF8009A
SYNC_NOT_FOUND first4=78C9632E
SYNC_NOT_FOUND first4=AC90A50B
SYNC_NOT_FOUND first4=5E478AAC
SYNC_NOT_FOUND first4=E9E30A58
SYNC_NOT_FOUND first4=9B19D040
2026-07-26T15:00:50.464082+00:00 SYNC_NOT_FOUND first4=741B64A4
SYNC_NOT_FOUND first4=D2505E3F
SYNC_NOT_FOUND first4=981C1064
SYNC_NOT_FOUND first4=FB05F0C2
SYNC_NOT_FOUND first4=31BCE763
SYNC_NOT_FOUND first4=32CA85FD
PHASE_RESULT 15 HF-FLRC-2600-255 pktSize=255 rx=0 unique=0 lost=100 per=100.0 rssi_avg=0 rssi_min=0 crc_err=0 garbage=17 tx_lat=0.00000 tx_lon=0.00000 sats=0 fix=0 utc=0 tx_fw=none rx_fw=unknown
PHASE_GUARD 500
PHASE_START 16 HF-FLRC-1300-32 pktSize=32
2026-07-26T15:00:51.474912+00:00 SYNC_NOT_FOUND first4=C2D0ED8C
SYNC_NOT_FOUND first4=61E5FE58
SYNC_NOT_FOUND first4=AD373DF0
2026-07-26T15:00:52.481538+00:00 SYNC_NOT_FOUND first4=A0B94510
PHASE_RESULT 16 HF-FLRC-1300-32 pktSize=32 rx=0 unique=0 lost=100 per=100.0 rssi_avg=0 rssi_min=0 crc_err=0 garbage=4 tx_lat=0.00000 tx_lon=0.00000 sats=0 fix=0 utc=0 tx_fw=none rx_fw=unknown
PHASE_GUARD 500
PHASE_START 17 HF-FLRC-1300-64 pktSize=64
2026-07-26T15:00:53.492113+00:00 SYNC_NOT_FOUND first4=B14F1F77
SYNC_NOT_FOUND first4=D0DF6107
SYNC_NOT_FOUND first4=59F0F61A
SYNC_NOT_FOUND first4=A121A7F2
2026-07-26T15:00:54.502823+00:00 SYNC_NOT_FOUND first4=58CD3363
PHASE_RESULT 17 HF-FLRC-1300-64 pktSize=64 rx=0 unique=0 lost=100 per=100.0 rssi_avg=0 rssi_min=0 crc_err=0 garbage=5 tx_lat=0.00000 tx_lon=0.00000 sats=0 fix=0 utc=0 tx_fw=none rx_fw=unknown
PHASE_GUARD 500
PHASE_START 18 HF-FLRC-1300-128 pktSize=128
SYNC_NOT_FOUND first4=FA330EDB
2026-07-26T15:00:55.514273+00:00 SYNC_NOT_FOUND first4=6CDCA0A9
SYNC_NOT_FOUND first4=F6AE3107
2026-07-26T15:00:56.525458+00:00 TIME_SYNCED utc=1785078055 offset=1785062472
SYNC_NOT_FOUND first4=74E87CBB
SYNC_NOT_FOUND first4=E97628EB
SYNC_NOT_FOUND first4=650CCCC4
SYNC_NOT_FOUND first4=C26D9C7F
PHASE_RESULT 18 HF-FLRC-1300-128 pktSize=128 rx=0 unique=0 lost=100 per=100.0 rssi_avg=0 rssi_min=0 crc_err=0 garbage=7 tx_lat=0.00000 tx_lon=0.00000 sats=0 fix=0 utc=0 tx_fw=none rx_fw=unknown
PHASE_GUARD 500
PHASE_START 19 HF-FLRC-1300-255 pktSize=255
2026-07-26T15:00:57.530077+00:00 SYNC_NOT_FOUND first4=498CE69C
TIME_SYNCED utc=1785078056 offset=1785062472
2026-07-26T15:00:58.541051+00:00 SYNC_NOT_FOUND first4=1EDD8A68
SYNC_NOT_FOUND first4=3477B30E
PHASE_RESULT 19 HF-FLRC-1300-255 pktSize=255 rx=0 unique=0 lost=100 per=100.0 rssi_avg=0 rssi_min=0 crc_err=0 garbage=3 tx_lat=0.00000 tx_lon=0.00000 sats=0 fix=0 utc=0 tx_fw=none rx_fw=unknown
PHASE_GUARD 500
PHASE_START 20 HF-FLRC-650-32 pktSize=32
SYNC_NOT_FOUND first4=585CE907
SYNC_NOT_FOUND first4=F5712816
2026-07-26T15:00:59.551964+00:00 SYNC_NOT_FOUND first4=37EA5DED
SYNC_NOT_FOUND first4=D13FE7A5
SYNC_NOT_FOUND first4=B4A86F61
SYNC_NOT_FOUND first4=EB920D20
SYNC_NOT_FOUND first4=16135BF7
SYNC_NOT_FOUND first4=F4126675
SYNC_NOT_FOUND first4=6EF96601
SYNC_NOT_FOUND first4=6A7B652A
SYNC_NOT_FOUND first4=FE9F7549
SYNC_NOT_FOUND first4=6166841B
SYNC_NOT_FOUND first4=2472F756
SYNC_NOT_FOUND first4=CDEC6C22
SYNC_NOT_FOUND first4=17DC6811
SYNC_NOT_FOUND first4=6853CD51
SYNC_NOT_FOUND first4=710DB3B6
SYNC_NOT_FOUND first4=E6EB67CD
SYNC_NOT_FOUND first4=F5025F75
SYNC_NOT_FOUND first4=FBB08D9C
SYNC_NOT_FOUND first4=3658AEFD
SYNC_NOT_FOUND first4=488C4894
SYNC_NOT_FOUND first4=40B3EF00
2026-07-26T15:01:00.555741+00:00 SYNC_NOT_FOUND first4=03471F27
SYNC_NOT_FOUND first4=03B2F913
SYNC_NOT_FOUND first4=6DF5D0D1
SYNC_NOT_FOUND first4=81D9852A
SYNC_NOT_FOUND first4=9E0490DE
SYNC_NOT_FOUND first4=3A8F8792
SYNC_NOT_FOUND first4=262A978F
SYNC_NOT_FOUND first4=3AE31B9F
PHASE_RESULT 20 HF-FLRC-650-32 pktSize=32 rx=0 unique=0 lost=100 per=100.0 rssi_avg=0 rssi_min=0 crc_err=0 garbage=31 tx_lat=0.00000 tx_lon=0.00000 sats=0 fix=0 utc=0 tx_fw=none rx_fw=unknown
PHASE_GUARD 500
PHASE_START 21 HF-FLRC-650-64 pktSize=64
2026-07-26T15:01:01.559227+00:00 SYNC_NOT_FOUND first4=AC7F15DA
SYNC_NOT_FOUND first4=1B610194
SYNC_NOT_FOUND first4=7F616600
SYNC_NOT_FOUND first4=6E7E6524
SYNC_NOT_FOUND first4=74825A8A
SYNC_NOT_FOUND first4=00360B0F
SYNC_NOT_FOUND first4=42962CF7
SYNC_NOT_FOUND first4=B2550050
SYNC_NOT_FOUND first4=660BBAD1
SYNC_NOT_FOUND first4=6976D5B4
SYNC_NOT_FOUND first4=7CCCE525
SYNC_NOT_FOUND first4=8D20BEB1
SYNC_NOT_FOUND first4=12BD8055
SYNC_NOT_FOUND first4=8086F309
SYNC_NOT_FOUND first4=ED9223C2
SYNC_NOT_FOUND first4=19D88751
SYNC_NOT_FOUND first4=4D5BF103
SYNC_NOT_FOUND first4=B29B29C7
SYNC_NOT_FOUND first4=A09F471C
SYNC_NOT_FOUND first4=1D1BD7E0
SYNC_NOT_FOUND first4=62C93F65
SYNC_NOT_FOUND first4=C6027D92
SYNC_NOT_FOUND first4=1B34E49B
SYNC_NOT_FOUND first4=B6C1FCDA
SYNC_NOT_FOUND first4=5D052EA8
2026-07-26T15:01:02.569792+00:00 SYNC_NOT_FOUND first4=38A6B0B6
SYNC_NOT_FOUND first4=337255D6
SYNC_NOT_FOUND first4=0AC4C16C
SYNC_NOT_FOUND first4=7E122647
SYNC_NOT_FOUND first4=F4AF7FC7
SYNC_NOT_FOUND first4=B5EA0CEF
SYNC_NOT_FOUND first4=F82F31E6
SYNC_NOT_FOUND first4=C0A4C664
SYNC_NOT_FOUND first4=0021E062
SYNC_NOT_FOUND first4=18D86CEF
SYNC_NOT_FOUND first4=5450B234
SYNC_NOT_FOUND first4=1C432E0E
SYNC_NOT_FOUND first4=54C7615C
SYNC_NOT_FOUND first4=36310B53
PHASE_RESULT 21 HF-FLRC-650-64 pktSize=64 rx=0 unique=0 lost=100 per=100.0 rssi_avg=0 rssi_min=0 crc_err=0 garbage=39 tx_lat=0.00000 tx_lon=0.00000 sats=0 fix=0 utc=0 tx_fw=none rx_fw=unknown
PHASE_GUARD 500
PHASE_START 22 HF-FLRC-650-128 pktSize=128
2026-07-26T15:01:03.573262+00:00 SYNC_NOT_FOUND first4=DEC6459D
SYNC_NOT_FOUND first4=28C6D29C
SYNC_NOT_FOUND first4=88BFCDBA
SYNC_NOT_FOUND first4=38F90270
SYNC_NOT_FOUND first4=D31B230A
SYNC_NOT_FOUND first4=BF8BE183
SYNC_NOT_FOUND first4=664B0F6E
SYNC_NOT_FOUND first4=0766B41B
SYNC_NOT_FOUND first4=6D290299
SYNC_NOT_FOUND first4=9E6BB46E
SYNC_NOT_FOUND first4=27F2B56B
SYNC_NOT_FOUND first4=52CA558E
SYNC_NOT_FOUND first4=65D9401A
SYNC_NOT_FOUND first4=559A9E93
2026-07-26T15:01:04.584487+00:00 SYNC_NOT_FOUND first4=8D032F11
SYNC_NOT_FOUND first4=744B1F41
SYNC_NOT_FOUND first4=C782C290
SYNC_NOT_FOUND first4=2315D500
SYNC_NOT_FOUND first4=4183AC15
SYNC_NOT_FOUND first4=EAF4A8E5
SYNC_NOT_FOUND first4=1D394539
SYNC_NOT_FOUND first4=276F68E6
SYNC_NOT_FOUND first4=79B2C403
SYNC_NOT_FOUND first4=98203515
SYNC_NOT_FOUND first4=3549546B
SYNC_NOT_FOUND first4=57019BB0
SYNC_NOT_FOUND first4=98ADF9E1
SYNC_NOT_FOUND first4=0DC9BDCB
SYNC_NOT_FOUND first4=CD2D49C5
SYNC_NOT_FOUND first4=73A9976C
SYNC_NOT_FOUND first4=05FF1490
SYNC_NOT_FOUND first4=75467640
SYNC_NOT_FOUND first4=ED10096D
PHASE_RESULT 22 HF-FLRC-650-128 pktSize=128 rx=0 unique=0 lost=100 per=100.0 rssi_avg=0 rssi_min=0 crc_err=0 garbage=33 tx_lat=0.00000 tx_lon=0.00000 sats=0 fix=0 utc=0 tx_fw=none rx_fw=unknown
PHASE_GUARD 500
PHASE_START 23 HF-FLRC-650-255 pktSize=255
SYNC_NOT_FOUND first4=9AC32845
SYNC_NOT_FOUND first4=A260F925
2026-07-26T15:01:05.595800+00:00 SYNC_NOT_FOUND first4=9552A274
SYNC_NOT_FOUND first4=BF962731
SYNC_NOT_FOUND first4=8D6E10D5
SYNC_NOT_FOUND first4=D95CC999
SYNC_NOT_FOUND first4=8E3186C1
SYNC_NOT_FOUND first4=6F2A208B
SYNC_NOT_FOUND first4=0818F007
SYNC_NOT_FOUND first4=B4C337B3
SYNC_NOT_FOUND first4=4B99AC29
SYNC_NOT_FOUND first4=B4587968
SYNC_NOT_FOUND first4=AFD48D18
SYNC_NOT_FOUND first4=AE9B34DE
SYNC_NOT_FOUND first4=D4F3010D
SYNC_NOT_FOUND first4=D0D8FE90
2026-07-26T15:01:06.602485+00:00 TIME_SYNCED utc=1785078065 offset=1785062472
SYNC_NOT_FOUND first4=8D40E29E
SYNC_NOT_FOUND first4=44BA2B59
SYNC_NOT_FOUND first4=7ECEE071
SYNC_NOT_FOUND first4=67747889
SYNC_NOT_FOUND first4=61583FF9
SYNC_NOT_FOUND first4=2D2C5443
SYNC_NOT_FOUND first4=97BB2CCE
SYNC_NOT_FOUND first4=C2185C17
SYNC_NOT_FOUND first4=643D864A
SYNC_NOT_FOUND first4=85A02AEA
SYNC_NOT_FOUND first4=61A820A5
PHASE_RESULT 23 HF-FLRC-650-255 pktSize=255 rx=0 unique=0 lost=100 per=100.0 rssi_avg=0 rssi_min=0 crc_err=0 garbage=27 tx_lat=0.00000 tx_lon=0.00000 sats=0 fix=0 utc=0 tx_fw=none rx_fw=unknown
PHASE_GUARD 500
PHASE_START 24 HF-FLRC-325-32 pktSize=32
SYNC_NOT_FOUND first4=086314C8
TIME_SYNCED utc=1785078066 offset=1785062472
2026-07-26T15:01:07.609235+00:00 SYNC_NOT_FOUND first4=92791B27
SYNC_NOT_FOUND first4=F2262ACE
SYNC_NOT_FOUND first4=75DC8FB1
2026-07-26T15:01:08.620013+00:00 SYNC_NOT_FOUND first4=B5BFDA99
PHASE_RESULT 24 HF-FLRC-325-32 pktSize=32 rx=0 unique=0 lost=100 per=100.0 rssi_avg=0 rssi_min=0 crc_err=0 garbage=5 tx_lat=0.00000 tx_lon=0.00000 sats=0 fix=0 utc=0 tx_fw=none rx_fw=unknown
PHASE_GUARD 500
PHASE_START 25 HF-FLRC-325-64 pktSize=64
2026-07-26T15:01:10.682549+00:00 PHASE_RESULT 25 HF-FLRC-325-64 pktSize=64 rx=0 unique=0 lost=100 per=100.0 rssi_avg=0 rssi_min=0 crc_err=0 garbage=0 tx_lat=0.00000 tx_lon=0.00000 sats=0 fix=0 utc=0 tx_fw=none rx_fw=unknown
PHASE_GUARD 500
PHASE_START 26 HF-FLRC-325-128 pktSize=128
2026-07-26T15:01:11.695134+00:00 SYNC_NOT_FOUND first4=8FC88075
SYNC_NOT_FOUND first4=F28DC14E
2026-07-26T15:01:12.698898+00:00 PHASE_RESULT 26 HF-FLRC-325-128 pktSize=128 rx=0 unique=0 lost=100 per=100.0 rssi_avg=0 rssi_min=0 crc_err=0 garbage=2 tx_lat=0.00000 tx_lon=0.00000 sats=0 fix=0 utc=0 tx_fw=none rx_fw=unknown
PHASE_GUARD 500
PHASE_START 27 HF-FLRC-325-255 pktSize=255
2026-07-26T15:01:13.709979+00:00 SYNC_NOT_FOUND first4=480FC0F4
SYNC_NOT_FOUND first4=BFA60166
SYNC_NOT_FOUND first4=41788CDB
SYNC_NOT_FOUND first4=2CAA2BCA
2026-07-26T15:01:14.721414+00:00 SYNC_NOT_FOUND first4=30DCE32D
SYNC_NOT_FOUND first4=CF8A3CA8
PHASE_RESULT 27 HF-FLRC-325-255 pktSize=255 rx=0 unique=0 lost=100 per=100.0 rssi_avg=0 rssi_min=0 crc_err=0 garbage=6 tx_lat=0.00000 tx_lon=0.00000 sats=0 fix=0 utc=0 tx_fw=none rx_fw=unknown
PHASE_GUARD 500
LORA_CFG path=0 bw=0x05 sf=7
PHASE_START 28 LF-LoRa-SF7-32 pktSize=32
2026-07-26T15:01:16.776962+00:00 TIME_SYNCED utc=1785078075 offset=1785062472
PHASE_RESULT 28 LF-LoRa-SF7-32 pktSize=32 rx=0 unique=0 lost=20 per=100.0 rssi_avg=0 rssi_min=0 crc_err=0 garbage=0 tx_lat=0.00000 tx_lon=0.00000 sats=0 fix=0 utc=0 tx_fw=none rx_fw=unknown
PHASE_GUARD 500
LORA_CFG path=0 bw=0x05 sf=7
PHASE_START 29 LF-LoRa-SF7-64 pktSize=64
TIME_SYNCED utc=1785078076 offset=1785062472
2026-07-26T15:01:19.891356+00:00 PHASE_RESULT 29 LF-LoRa-SF7-64 pktSize=64 rx=0 unique=0 lost=20 per=100.0 rssi_avg=0 rssi_min=0 crc_err=0 garbage=0 tx_lat=0.00000 tx_lon=0.00000 sats=0 fix=0 utc=0 tx_fw=none rx_fw=unknown
PHASE_GUARD 500
LORA_CFG path=0 bw=0x05 sf=7
PHASE_START 30 LF-LoRa-SF7-128 pktSize=128
2026-07-26T15:01:24.056212+00:00 PHASE_RESULT 30 LF-LoRa-SF7-128 pktSize=128 rx=0 unique=0 lost=13 per=100.0 rssi_avg=0 rssi_min=0 crc_err=0 garbage=0 tx_lat=0.00000 tx_lon=0.00000 sats=0 fix=0 utc=0 tx_fw=none rx_fw=unknown
PHASE_GUARD 500
LORA_CFG path=0 bw=0x05 sf=7
PHASE_START 31 LF-LoRa-SF7-255 pktSize=255
2026-07-26T15:01:27.162329+00:00 TIME_SYNCED utc=1785078086 offset=1785062473
PHASE_RESULT 31 LF-LoRa-SF7-255 pktSize=255 rx=0 unique=0 lost=7 per=100.0 rssi_avg=0 rssi_min=0 crc_err=0 garbage=0 tx_lat=0.00000 tx_lon=0.00000 sats=0 fix=0 utc=0 tx_fw=none rx_fw=unknown
PHASE_GUARD 500
LORA_CFG path=0 bw=0x05 sf=9
PHASE_START 32 LF-LoRa-SF9-32 pktSize=32
TIME_SYNCED utc=1785078086 offset=1785062472
PHASE_RESULT 32 LF-LoRa-SF9-32 pktSize=32 rx=0 unique=0 lost=7 per=100.0 rssi_avg=0 rssi_min=0 crc_err=0 garbage=0 tx_lat=0.00000 tx_lon=0.00000 sats=0 fix=0 utc=0 tx_fw=none rx_fw=unknown
PHASE_GUARD 500
LORA_CFG path=0 bw=0x05 sf=7
PHASE_START 31 LF-LoRa-SF7-255 pktSize=255
2026-07-26T15:01:28.174222+00:00 PHASE_RESULT 31 LF-LoRa-SF7-255 pktSize=255 rx=0 unique=0 lost=7 per=100.0 rssi_avg=0 rssi_min=0 crc_err=0 garbage=0 tx_lat=0.00000 tx_lon=0.00000 sats=0 fix=0 utc=0 tx_fw=none rx_fw=unknown
PHASE_GUARD 500
LORA_CFG path=0 bw=0x05 sf=9
PHASE_START 32 LF-LoRa-SF9-32 pktSize=32
2026-07-26T15:01:31.287397+00:00 PHASE_RESULT 32 LF-LoRa-SF9-32 pktSize=32 rx=0 unique=0 lost=7 per=100.0 rssi_avg=0 rssi_min=0 crc_err=0 garbage=0 tx_lat=0.00000 tx_lon=0.00000 sats=0 fix=0 utc=0 tx_fw=none rx_fw=unknown
PHASE_GUARD 500
2026-07-26T15:01:32.298248+00:00 LORA_CFG path=0 bw=0x05 sf=9
PHASE_START 33 LF-LoRa-SF9-64 pktSize=64
2026-07-26T15:01:34.360811+00:00 PHASE_RESULT 33 LF-LoRa-SF9-64 pktSize=64 rx=0 unique=0 lost=3 per=100.0 rssi_avg=0 rssi_min=0 crc_err=0 garbage=0 tx_lat=0.00000 tx_lon=0.00000 sats=0 fix=0 utc=0 tx_fw=none rx_fw=unknown
PHASE_GUARD 500
LORA_CFG path=0 bw=0x05 sf=9
2026-07-26T15:01:35.372231+00:00 PHASE_START 34 LF-LoRa-SF9-128 pktSize=128
2026-07-26T15:01:36.376464+00:00 PHASE_RESULT 34 LF-LoRa-SF9-128 pktSize=128 rx=0 unique=0 lost=1 per=100.0 rssi_avg=0 rssi_min=0 crc_err=0 garbage=0 tx_lat=0.00000 tx_lon=0.00000 sats=0 fix=0 utc=0 tx_fw=none rx_fw=unknown
PHASE_GUARD 500
LORA_CFG path=0 bw=0x05 sf=9
2026-07-26T15:01:37.388727+00:00 PHASE_START 35 LF-LoRa-SF9-255 pktSize=255
TIME_SYNCED utc=1785078096 offset=1785062472
TIME_SYNCED utc=1785078096 offset=1785062472
2026-07-26T15:01:40.495189+00:00 PHASE_RESULT 35 LF-LoRa-SF9-255 pktSize=255 rx=0 unique=0 lost=1 per=100.0 rssi_avg=0 rssi_min=0 crc_err=0 garbage=0 tx_lat=0.00000 tx_lon=0.00000 sats=0 fix=0 utc=0 tx_fw=none rx_fw=unknown
PHASE_GUARD 500
LORA_CFG path=0 bw=0x05 sf=12
PHASE_START 36 LF-LoRa-SF12-32 pktSize=32
2026-07-26T15:01:46.762121+00:00 TIME_SYNCED utc=1785078106 offset=1785062472
2026-07-26T15:01:47.777231+00:00 TIME_SYNCED utc=1785078106 offset=1785062472
2026-07-26T15:01:56.147870+00:00 PHASE_RESULT 36 LF-LoRa-SF12-32 pktSize=32 rx=0 unique=0 lost=1 per=100.0 rssi_avg=0 rssi_min=0 crc_err=0 garbage=0 tx_lat=0.00000 tx_lon=0.00000 sats=0 fix=0 utc=0 tx_fw=none rx_fw=unknown
PHASE_GUARD 500
LORA_CFG path=0 bw=0x05 sf=12
PHASE_START 37 LF-LoRa-SF12-SKIP SKIP pktSize=64
2026-07-26T15:01:57.159972+00:00 PHASE_RESULT 37 LF-LoRa-SF12-SKIP pktSize=64 rx=0 unique=0 lost=0 per=0.0 rssi_avg=0 rssi_min=0 crc_err=0 garbage=0 tx_lat=0.00000 tx_lon=0.00000 sats=0 fix=0 utc=0 tx_fw=none rx_fw=unknown
PHASE_GUARD 500
LORA_CFG path=0 bw=0x05 sf=12
PHASE_START 38 LF-LoRa-SF12-SKIP SKIP pktSize=128
TIME_SYNCED utc=1785078116 offset=1785062472
2026-07-26T15:01:58.172207+00:00 TIME_SYNCED utc=1785078117 offset=1785062473
PHASE_RESULT 38 LF-LoRa-SF12-SKIP pktSize=128 rx=0 unique=0 lost=0 per=0.0 rssi_avg=0 rssi_min=0 crc_err=0 garbage=0 tx_lat=0.00000 tx_lon=0.00000 sats=0 fix=0 utc=0 tx_fw=none rx_fw=unknown
PHASE_GUARD 500
LORA_CFG path=0 bw=0x05 sf=12
PHASE_START 39 LF-LoRa-SF12-SKIP SKIP pktSize=255
PHASE_RESULT 39 LF-LoRa-SF12-SKIP pktSize=255 rx=0 unique=0 lost=0 per=0.0 rssi_avg=0 rssi_min=0 crc_err=0 garbage=0 tx_lat=0.00000 tx_lon=0.00000 sats=0 fix=0 utc=0 tx_fw=none rx_fw=unknown
PHASE_GUARD 500
PHASE_START 40 LF-FLRC-2600-32 pktSize=32
2026-07-26T15:01:59.183303+00:00 SYNC_NOT_FOUND first4=67B0B98D
2026-07-26T15:02:00.195199+00:00 PHASE_RESULT 40 LF-FLRC-2600-32 pktSize=32 rx=0 unique=0 lost=100 per=100.0 rssi_avg=0 rssi_min=0 crc_err=0 garbage=1 tx_lat=0.00000 tx_lon=0.00000 sats=0 fix=0 utc=0 tx_fw=none rx_fw=unknown
PHASE_GUARD 500
PHASE_START 41 LF-FLRC-2600-64 pktSize=64
2026-07-26T15:02:01.206440+00:00 SYNC_NOT_FOUND first4=D49859BC
SYNC_NOT_FOUND first4=5F480FC7
SYNC_NOT_FOUND first4=B412592C
2026-07-26T15:02:02.209972+00:00 PHASE_RESULT 41 LF-FLRC-2600-64 pktSize=64 rx=0 unique=0 lost=100 per=100.0 rssi_avg=0 rssi_min=0 crc_err=0 garbage=3 tx_lat=0.00000 tx_lon=0.00000 sats=0 fix=0 utc=0 tx_fw=none rx_fw=unknown
PHASE_GUARD 500
PHASE_START 42 LF-FLRC-2600-128 pktSize=128
SYNC_NOT_FOUND first4=D4CD4CEE
2026-07-26T15:02:04.271639+00:00 PHASE_RESULT 42 LF-FLRC-2600-128 pktSize=128 rx=0 unique=0 lost=100 per=100.0 rssi_avg=0 rssi_min=0 crc_err=0 garbage=1 tx_lat=0.00000 tx_lon=0.00000 sats=0 fix=0 utc=0 tx_fw=none rx_fw=unknown
PHASE_GUARD 500
PHASE_START 43 LF-FLRC-2600-255 pktSize=255
SYNC_NOT_FOUND first4=26CEAA4A
2026-07-26T15:02:05.282912+00:00 SYNC_NOT_FOUND first4=A223B656
PHASE_RESULT 43 LF-FLRC-2600-255 pktSize=255 rx=0 unique=0 lost=100 per=100.0 rssi_avg=0 rssi_min=0 crc_err=0 garbage=2 tx_lat=0.00000 tx_lon=0.00000 sats=0 fix=0 utc=0 tx_fw=none rx_fw=unknown
PHASE_GUARD 500
2026-07-26T15:02:06.294849+00:00 PHASE_START 44 LF-FLRC-1300-32 pktSize=32
2026-07-26T15:02:07.307072+00:00 TIME_SYNCED utc=1785078126 offset=1785062472
2026-07-26T15:02:08.318290+00:00 TIME_SYNCED utc=1785078127 offset=1785062472
PHASE_RESULT 44 LF-FLRC-1300-32 pktSize=32 rx=0 unique=0 lost=100 per=100.0 rssi_avg=0 rssi_min=0 crc_err=0 garbage=0 tx_lat=0.00000 tx_lon=0.00000 sats=0 fix=0 utc=0 tx_fw=none rx_fw=unknown
PHASE_GUARD 500
2026-07-26T15:02:09.322359+00:00 PHASE_START 45 LF-FLRC-1300-64 pktSize=64
SYNC_NOT_FOUND first4=0B65BC47
2026-07-26T15:02:10.333279+00:00 PHASE_RESULT 45 LF-FLRC-1300-64 pktSize=64 rx=0 unique=0 lost=100 per=100.0 rssi_avg=0 rssi_min=0 crc_err=0 garbage=1 tx_lat=0.00000 tx_lon=0.00000 sats=0 fix=0 utc=0 tx_fw=none rx_fw=unknown
PHASE_GUARD 500
2026-07-26T15:02:11.344208+00:00 PHASE_START 46 LF-FLRC-1300-128 pktSize=128
2026-07-26T15:02:12.350359+00:00 PHASE_RESULT 46 LF-FLRC-1300-128 pktSize=128 rx=0 unique=0 lost=100 per=100.0 rssi_avg=0 rssi_min=0 crc_err=0 garbage=0 tx_lat=0.00000 tx_lon=0.00000 sats=0 fix=0 utc=0 tx_fw=none rx_fw=unknown
PHASE_GUARD 500
2026-07-26T15:02:13.359508+00:00 PHASE_START 47 LF-FLRC-1300-255 pktSize=255
2026-07-26T15:02:14.370380+00:00 PHASE_RESULT 47 LF-FLRC-1300-255 pktSize=255 rx=0 unique=0 lost=100 per=100.0 rssi_avg=0 rssi_min=0 crc_err=0 garbage=0 tx_lat=0.00000 tx_lon=0.00000 sats=0 fix=0 utc=0 tx_fw=none rx_fw=unknown
PHASE_GUARD 500
2026-07-26T15:02:15.381544+00:00 PHASE_START 48 LF-FLRC-650-32 pktSize=32
SYNC_NOT_FOUND first4=AD1A4F33
2026-07-26T15:02:16.392207+00:00 PHASE_RESULT 48 LF-FLRC-650-32 pktSize=32 rx=0 unique=0 lost=100 per=100.0 rssi_avg=0 rssi_min=0 crc_err=0 garbage=1 tx_lat=0.00000 tx_lon=0.00000 sats=0 fix=0 utc=0 tx_fw=none rx_fw=unknown
PHASE_GUARD 500
2026-07-26T15:02:17.396336+00:00 PHASE_START 49 LF-FLRC-650-64 pktSize=64
SYNC_NOT_FOUND first4=B1C02484
TIME_SYNCED utc=1785078136 offset=1785062472
2026-07-26T15:02:18.403361+00:00 TIME_SYNCED utc=1785078137 offset=1785062472
SYNC_NOT_FOUND first4=CCCEDE13
PHASE_RESULT 49 LF-FLRC-650-64 pktSize=64 rx=0 unique=0 lost=100 per=100.0 rssi_avg=0 rssi_min=0 crc_err=0 garbage=2 tx_lat=0.00000 tx_lon=0.00000 sats=0 fix=0 utc=0 tx_fw=none rx_fw=unknown
PHASE_GUARD 500
PHASE_START 50 LF-FLRC-650-128 pktSize=128
2026-07-26T15:02:19.414996+00:00 SYNC_NOT_FOUND first4=5CD8B755
2026-07-26T15:02:20.425711+00:00 SYNC_NOT_FOUND first4=8FEA4A25
SYNC_NOT_FOUND first4=5052729C
PHASE_RESULT 50 LF-FLRC-650-128 pktSize=128 rx=0 unique=0 lost=100 per=100.0 rssi_avg=0 rssi_min=0 crc_err=0 garbage=3 tx_lat=0.00000 tx_lon=0.00000 sats=0 fix=0 utc=0 tx_fw=none rx_fw=unknown
PHASE_GUARD 500
PHASE_START 51 LF-FLRC-650-255 pktSize=255
2026-07-26T15:02:21.438376+00:00 SYNC_NOT_FOUND first4=8E20F867
2026-07-26T15:02:22.450203+00:00 SYNC_NOT_FOUND first4=C68ABD41
SYNC_NOT_FOUND first4=E8D400A0
PHASE_RESULT 51 LF-FLRC-650-255 pktSize=255 rx=0 unique=0 lost=100 per=100.0 rssi_avg=0 rssi_min=0 crc_err=0 garbage=3 tx_lat=0.00000 tx_lon=0.00000 sats=0 fix=0 utc=0 tx_fw=none rx_fw=unknown
PHASE_GUARD 500
PHASE_START 52 LF-FLRC-325-32 pktSize=32
2026-07-26T15:02:24.513747+00:00 PHASE_RESULT 52 LF-FLRC-325-32 pktSize=32 rx=0 unique=0 lost=100 per=100.0 rssi_avg=0 rssi_min=0 crc_err=0 garbage=0 tx_lat=0.00000 tx_lon=0.00000 sats=0 fix=0 utc=0 tx_fw=none rx_fw=unknown
PHASE_GUARD 500
PHASE_START 53 LF-FLRC-325-64 pktSize=64
2026-07-26T15:02:26.575613+00:00 PHASE_RESULT 53 LF-FLRC-325-64 pktSize=64 rx=0 unique=0 lost=100 per=100.0 rssi_avg=0 rssi_min=0 crc_err=0 garbage=0 tx_lat=0.00000 tx_lon=0.00000 sats=0 fix=0 utc=0 tx_fw=none rx_fw=unknown
PHASE_GUARD 500
PHASE_START 54 LF-FLRC-325-128 pktSize=128
2026-07-26T15:02:27.588136+00:00 TIME_SYNCED utc=1785078146 offset=1785062472
2026-07-26T15:02:28.599482+00:00 TIME_SYNCED utc=1785078147 offset=1785062472
PHASE_RESULT 54 LF-FLRC-325-128 pktSize=128 rx=0 unique=0 lost=100 per=100.0 rssi_avg=0 rssi_min=0 crc_err=0 garbage=0 tx_lat=0.00000 tx_lon=0.00000 sats=0 fix=0 utc=0 tx_fw=none rx_fw=unknown
PHASE_GUARD 500
PHASE_START 55 LF-FLRC-325-255 pktSize=255
2026-07-26T15:02:29.611353+00:00 SYNC_NOT_FOUND first4=05CD65F5
2026-07-26T15:02:30.622616+00:00 PHASE_RESULT 55 LF-FLRC-325-255 pktSize=255 rx=0 unique=0 lost=100 per=100.0 rssi_avg=0 rssi_min=0 crc_err=0 garbage=1 tx_lat=0.00000 tx_lon=0.00000 sats=0 fix=0 utc=0 tx_fw=none rx_fw=unknown
PHASE_GUARD 500
LORA_CFG path=1 bw=0x0F sf=7
PHASE_START 0 HF-LoRa-SF7-32 pktSize=32
2026-07-26T15:02:32.685054+00:00 PHASE_RESULT 0 HF-LoRa-SF7-32 pktSize=32 rx=0 unique=0 lost=20 per=100.0 rssi_avg=0 rssi_min=0 crc_err=0 garbage=0 tx_lat=0.00000 tx_lon=0.00000 sats=0 fix=0 utc=0 tx_fw=none rx_fw=unknown
PHASE_GUARD 500
LORA_CFG path=1 bw=0x0F sf=7
PHASE_START 1 HF-LoRa-SF7-64 pktSize=64
2026-07-26T15:02:34.747070+00:00 PHASE_RESULT 1 HF-LoRa-SF7-64 pktSize=64 rx=0 unique=0 lost=20 per=100.0 rssi_avg=0 rssi_min=0 crc_err=0 garbage=0 tx_lat=0.00000 tx_lon=0.00000 sats=0 fix=0 utc=0 tx_fw=none rx_fw=unknown
PHASE_GUARD 500
LORA_CFG path=1 bw=0x0F sf=7
PHASE_START 2 HF-LoRa-SF7-128 pktSize=128
2026-07-26T15:02:36.808591+00:00 PHASE_RESULT 2 HF-LoRa-SF7-128 pktSize=128 rx=0 unique=0 lost=20 per=100.0 rssi_avg=0 rssi_min=0 crc_err=0 garbage=0 tx_lat=0.00000 tx_lon=0.00000 sats=0 fix=0 utc=0 tx_fw=none rx_fw=unknown
PHASE_GUARD 500
LORA_CFG path=1 bw=0x0F sf=7
PHASE_START 3 HF-LoRa-SF7-255 pktSize=255
TIME_SYNCED utc=1785078156 offset=1785062472
2026-07-26T15:02:38.872896+00:00 TIME_SYNCED utc=1785078157 offset=1785062472
2026-07-26T15:02:39.884273+00:00 PHASE_RESULT 3 HF-LoRa-SF7-255 pktSize=255 rx=0 unique=0 lost=20 per=100.0 rssi_avg=0 rssi_min=0 crc_err=0 garbage=0 tx_lat=0.00000 tx_lon=0.00000 sats=0 fix=0 utc=0 tx_fw=none rx_fw=unknown
PHASE_GUARD 500
LORA_CFG path=1 bw=0x0F sf=9
PHASE_START 4 HF-LoRa-SF9-32 pktSize=32
2026-07-26T15:02:41.950199+00:00 PHASE_RESULT 4 HF-LoRa-SF9-32 pktSize=32 rx=0 unique=0 lost=20 per=100.0 rssi_avg=0 rssi_min=0 crc_err=0 garbage=0 tx_lat=0.00000 tx_lon=0.00000 sats=0 fix=0 utc=0 tx_fw=none rx_fw=unknown
PHASE_GUARD 500
LORA_CFG path=1 bw=0x0F sf=9
PHASE_START 5 HF-LoRa-SF9-64 pktSize=64
2026-07-26T15:02:45.064363+00:00 PHASE_RESULT 5 HF-LoRa-SF9-64 pktSize=64 rx=0 unique=0 lost=20 per=100.0 rssi_avg=0 rssi_min=0 crc_err=0 garbage=0 tx_lat=0.00000 tx_lon=0.00000 sats=0 fix=0 utc=0 tx_fw=none rx_fw=unknown
PHASE_GUARD 500
LORA_CFG path=1 bw=0x0F sf=9
PHASE_START 6 HF-LoRa-SF9-128 pktSize=128
2026-07-26T15:02:47.127415+00:00 TIME_SYNCED utc=1785078166 offset=1785062472
2026-07-26T15:02:49.190218+00:00 TIME_SYNCED utc=1785078168 offset=1785062473
PHASE_RESULT 6 HF-LoRa-SF9-128 pktSize=128 rx=0 unique=0 lost=13 per=100.0 rssi_avg=0 rssi_min=0 crc_err=0 garbage=0 tx_lat=0.00000 tx_lon=0.00000 sats=0 fix=0 utc=0 tx_fw=none rx_fw=unknown
PHASE_GUARD 500
LORA_CFG path=1 bw=0x0F sf=9
PHASE_START 7 HF-LoRa-SF9-255 pktSize=255
2026-07-26T15:02:51.253358+00:00 PHASE_RESULT 7 HF-LoRa-SF9-255 pktSize=255 rx=0 unique=0 lost=6 per=100.0 rssi_avg=0 rssi_min=0 crc_err=0 garbage=0 tx_lat=0.00000 tx_lon=0.00000 sats=0 fix=0 utc=0 tx_fw=none rx_fw=unknown
PHASE_GUARD 500
LORA_CFG path=1 bw=0x0F sf=12
PHASE_START 8 HF-LoRa-SF12-32 pktSize=32
2026-07-26T15:02:53.314397+00:00 PHASE_RESULT 8 HF-LoRa-SF12-32 pktSize=32 rx=0 unique=0 lost=2 per=100.0 rssi_avg=0 rssi_min=0 crc_err=0 garbage=0 tx_lat=0.00000 tx_lon=0.00000 sats=0 fix=0 utc=0 tx_fw=none rx_fw=unknown
PHASE_GUARD 500
LORA_CFG path=1 bw=0x0F sf=12
2026-07-26T15:02:54.318942+00:00 PHASE_START 9 HF-LoRa-SF12-64 pktSize=64
2026-07-26T15:02:56.381404+00:00 PHASE_RESULT 9 HF-LoRa-SF12-64 pktSize=64 rx=0 unique=0 lost=1 per=100.0 rssi_avg=0 rssi_min=0 crc_err=0 garbage=0 tx_lat=0.00000 tx_lon=0.00000 sats=0 fix=0 utc=0 tx_fw=none rx_fw=unknown
PHASE_GUARD 500
LORA_CFG path=1 bw=0x0F sf=12
2026-07-26T15:02:57.392514+00:00 PHASE_START 10 HF-LoRa-SF12-128 pktSize=128
TIME_SYNCED utc=1785078176 offset=1785062472
PHASE_RESULT 10 HF-LoRa-SF12-128 pktSize=128 rx=0 unique=0 lost=1 per=100.0 rssi_avg=0 rssi_min=0 crc_err=0 garbage=0 tx_lat=0.00000 tx_lon=0.00000 sats=0 fix=0 utc=0 tx_fw=none rx_fw=unknown
PHASE_GUARD 500
LORA_CFG path=1 bw=0x0F sf=12
PHASE_START 9 HF-LoRa-SF12-64 pktSize=64
PHASE_RESULT 9 HF-LoRa-SF12-64 pktSize=64 rx=0 unique=0 lost=1 per=100.0 rssi_avg=0 rssi_min=0 crc_err=0 garbage=0 tx_lat=0.00000 tx_lon=0.00000 sats=0 fix=0 utc=0 tx_fw=none rx_fw=unknown
PHASE_GUARD 500
LORA_CFG path=1 bw=0x0F sf=12
PHASE_START 10 HF-LoRa-SF12-128 pktSize=128
2026-07-26T15:02:59.457030+00:00 TIME_SYNCED utc=1785078178 offset=1785062472
2026-07-26T15:03:02.569610+00:00 PHASE_RESULT 10 HF-LoRa-SF12-128 pktSize=128 rx=0 unique=0 lost=1 per=100.0 rssi_avg=0 rssi_min=0 crc_err=0 garbage=0 tx_lat=0.00000 tx_lon=0.00000 sats=0 fix=0 utc=0 tx_fw=none rx_fw=unknown
PHASE_GUARD 500
LORA_CFG path=1 bw=0x0F sf=12
PHASE_START 11 HF-LoRa-SF12-255 pktSize=255
2026-07-26T15:03:07.779215+00:00 TIME_SYNCED utc=1785078186 offset=1785062472
2026-07-26T15:03:09.842725+00:00 TIME_SYNCED utc=1785078188 offset=1785062472
2026-07-26T15:03:12.956083+00:00 PHASE_RESULT 11 HF-LoRa-SF12-255 pktSize=255 rx=0 unique=0 lost=1 per=100.0 rssi_avg=0 rssi_min=0 crc_err=0 garbage=0 tx_lat=0.00000 tx_lon=0.00000 sats=0 fix=0 utc=0 tx_fw=none rx_fw=unknown
PHASE_GUARD 500
PHASE_START 12 HF-FLRC-2600-32 pktSize=32
SYNC_NOT_FOUND first4=A6854A55
SYNC_NOT_FOUND first4=D128CB21
SYNC_NOT_FOUND first4=C4EC6AAA
SYNC_NOT_FOUND first4=13B4FFAA
SYNC_NOT_FOUND first4=8E8201AF
SYNC_NOT_FOUND first4=8CC78EE9
2026-07-26T15:03:13.967470+00:00 SYNC_NOT_FOUND first4=3900C49C
SYNC_NOT_FOUND first4=3E7791C7
SYNC_NOT_FOUND first4=916CF93C
SYNC_NOT_FOUND first4=9314C6E5
SYNC_NOT_FOUND first4=E010CF1C
2026-07-26T15:03:14.978412+00:00 SYNC_NOT_FOUND first4=07F8D826
SYNC_NOT_FOUND first4=B4F1D8DE
SYNC_NOT_FOUND first4=824AE711
SYNC_NOT_FOUND first4=29800FF8
SYNC_NOT_FOUND first4=83BDED82
SYNC_NOT_FOUND first4=3DD6E777
SYNC_NOT_FOUND first4=AEF8D27B
PHASE_RESULT 12 HF-FLRC-2600-32 pktSize=32 rx=0 unique=0 lost=100 per=100.0 rssi_avg=0 rssi_min=0 crc_err=0 garbage=18 tx_lat=0.00000 tx_lon=0.00000 sats=0 fix=0 utc=0 tx_fw=none rx_fw=unknown
PHASE_GUARD 500
PHASE_START 13 HF-FLRC-2600-64 pktSize=64
SYNC_NOT_FOUND first4=F2395FC7
SYNC_NOT_FOUND first4=48DA2480
SYNC_NOT_FOUND first4=1370CE55
2026-07-26T15:03:15.982216+00:00 SYNC_NOT_FOUND first4=76D64C74
SYNC_NOT_FOUND first4=321A0143
SYNC_NOT_FOUND first4=4217318E
SYNC_NOT_FOUND first4=834BD5BA
SYNC_NOT_FOUND first4=3CF3F832
2026-07-26T15:03:16.993449+00:00 SYNC_NOT_FOUND first4=891A3173
SYNC_NOT_FOUND first4=AD1C935D
PHASE_RESULT 13 HF-FLRC-2600-64 pktSize=64 rx=0 unique=0 lost=100 per=100.0 rssi_avg=0 rssi_min=0 crc_err=0 garbage=10 tx_lat=0.00000 tx_lon=0.00000 sats=0 fix=0 utc=0 tx_fw=none rx_fw=unknown
PHASE_GUARD 500
PHASE_START 14 HF-FLRC-2600-128 pktSize=128
SYNC_NOT_FOUND first4=04912AC4
SYNC_NOT_FOUND first4=7E6BF621
TIME_SYNCED utc=1785078196 offset=1785062472
SYNC_NOT_FOUND first4=16AF5A19
SYNC_NOT_FOUND first4=9B5913AC
2026-07-26T15:03:18.004410+00:00 SYNC_NOT_FOUND first4=724C4312
SYNC_NOT_FOUND first4=5ECA820E
SYNC_NOT_FOUND first4=8D9E4C1E
SYNC_NOT_FOUND first4=B65F7349
SYNC_NOT_FOUND first4=A276C0ED
SYNC_NOT_FOUND first4=34DBABF5
SYNC_NOT_FOUND first4=B4DFD49C
SYNC_NOT_FOUND first4=0BB06AA4
SYNC_NOT_FOUND first4=6A7E7212
SYNC_NOT_FOUND first4=B1680D70
2026-07-26T15:03:19.015649+00:00 SYNC_NOT_FOUND first4=A79696CE
SYNC_NOT_FOUND first4=CFC4959C
SYNC_NOT_FOUND first4=0F706499
SYNC_NOT_FOUND first4=E8212206
PHASE_RESULT 14 HF-FLRC-2600-128 pktSize=128 rx=0 unique=0 lost=100 per=100.0 rssi_avg=0 rssi_min=0 crc_err=0 garbage=18 tx_lat=0.00000 tx_lon=0.00000 sats=0 fix=0 utc=0 tx_fw=none rx_fw=unknown
PHASE_GUARD 500
PHASE_START 15 HF-FLRC-2600-255 pktSize=255
SYNC_NOT_FOUND first4=044FE713
SYNC_NOT_FOUND first4=E1001C92
SYNC_NOT_FOUND first4=530C4161
SYNC_NOT_FOUND first4=C209675D
SYNC_NOT_FOUND first4=E380517C
2026-07-26T15:03:20.026700+00:00 TIME_SYNCED utc=1785078199 offset=1785062473
PHASE_RESULT 15 HF-FLRC-2600-255 pktSize=255 rx=0 unique=0 lost=100 per=100.0 rssi_avg=0 rssi_min=0 crc_err=0 garbage=5 tx_lat=0.00000 tx_lon=0.00000 sats=0 fix=0 utc=0 tx_fw=none rx_fw=unknown
PHASE_GUARD 500
PHASE_START 16 HF-FLRC-1300-32 pktSize=32
SYNC_NOT_FOUND first4=755C0F2D
SYNC_NOT_FOUND first4=D499B363
2026-07-26T15:03:21.038094+00:00 SYNC_NOT_FOUND first4=2BCE6968
SYNC_NOT_FOUND first4=C2399149
SYNC_NOT_FOUND first4=5F47688D
SYNC_NOT_FOUND first4=B6D974AD
SYNC_NOT_FOUND first4=7C984E43
2026-07-26T15:03:22.054804+00:00 SYNC_NOT_FOUND first4=92F1A198
SYNC_NOT_FOUND first4=9863C657
PHASE_RESULT 16 HF-FLRC-1300-32 pktSize=32 rx=0 unique=0 lost=100 per=100.0 rssi_avg=0 rssi_min=0 crc_err=0 garbage=9 tx_lat=0.00000 tx_lon=0.00000 sats=0 fix=0 utc=0 tx_fw=none rx_fw=unknown
PHASE_GUARD 500
PHASE_START 17 HF-FLRC-1300-64 pktSize=64
SYNC_NOT_FOUND first4=56E71F4D
SYNC_NOT_FOUND first4=453C566E
SYNC_NOT_FOUND first4=ABE4876A
2026-07-26T15:03:23.058295+00:00 SYNC_NOT_FOUND first4=60E32538
SYNC_NOT_FOUND first4=E6F833D5
SYNC_NOT_FOUND first4=39E0A12A
2026-07-26T15:03:24.069512+00:00 PHASE_RESULT 17 HF-FLRC-1300-64 pktSize=64 rx=0 unique=0 lost=100 per=100.0 rssi_avg=0 rssi_min=0 crc_err=0 garbage=6 tx_lat=0.00000 tx_lon=0.00000 sats=0 fix=0 utc=0 tx_fw=none rx_fw=unknown
PHASE_GUARD 500
PHASE_START 18 HF-FLRC-1300-128 pktSize=128
SYNC_NOT_FOUND first4=72290C81
SYNC_NOT_FOUND first4=3801C638
2026-07-26T15:03:25.073038+00:00 SYNC_NOT_FOUND first4=61896626
SYNC_NOT_FOUND first4=04C46259
SYNC_NOT_FOUND first4=6F617055
SYNC_NOT_FOUND first4=4605FF3B
SYNC_NOT_FOUND first4=DDE02F67
SYNC_NOT_FOUND first4=1465E5A5
2026-07-26T15:03:26.086805+00:00 SYNC_NOT_FOUND first4=17ECB14B
PHASE_RESULT 18 HF-FLRC-1300-128 pktSize=128 rx=0 unique=0 lost=100 per=100.0 rssi_avg=0 rssi_min=0 crc_err=0 garbage=9 tx_lat=0.00000 tx_lon=0.00000 sats=0 fix=0 utc=0 tx_fw=none rx_fw=unknown
PHASE_GUARD 500
PHASE_START 19 HF-FLRC-1300-255 pktSize=255
SYNC_NOT_FOUND first4=3CBD21C2
2026-07-26T15:03:27.097486+00:00 TIME_SYNCED utc=1785078206 offset=1785062472
SYNC_NOT_FOUND first4=042AF873
SYNC_NOT_FOUND first4=B2D9960A
2026-07-26T15:03:28.101706+00:00 SYNC_NOT_FOUND first4=4EE3DA9E
2026-07-26T15:03:29.117490+00:00 PHASE_RESULT 19 HF-FLRC-1300-255 pktSize=255 rx=0 unique=0 lost=100 per=100.0 rssi_avg=0 rssi_min=0 crc_err=0 garbage=4 tx_lat=0.00000 tx_lon=0.00000 sats=0 fix=0 utc=0 tx_fw=none rx_fw=unknown
PHASE_GUARD 500
PHASE_START 20 HF-FLRC-650-32 pktSize=32
SYNC_NOT_FOUND first4=05FBDF21
SYNC_NOT_FOUND first4=903F5DBB
SYNC_NOT_FOUND first4=ED162281
SYNC_NOT_FOUND first4=6D9BB098
SYNC_NOT_FOUND first4=A8B868B9
SYNC_NOT_FOUND first4=261F5FF9
SYNC_NOT_FOUND first4=0931D56C
SYNC_NOT_FOUND first4=10FB04A0
SYNC_NOT_FOUND first4=622C9137
SYNC_NOT_FOUND first4=2A68AACD
2026-07-26T15:03:30.134038+00:00 TIME_SYNCED utc=1785078209 offset=1785062473
PHASE_RESULT 20 HF-FLRC-650-32 pktSize=32 rx=0 unique=0 lost=100 per=100.0 rssi_avg=0 rssi_min=0 crc_err=0 garbage=10 tx_lat=0.00000 tx_lon=0.00000 sats=0 fix=0 utc=0 tx_fw=none rx_fw=unknown
PHASE_GUARD 500
PHASE_START 21 HF-FLRC-650-64 pktSize=64
SYNC_NOT_FOUND first4=FF79172D
SYNC_NOT_FOUND first4=E7836BB7
SYNC_NOT_FOUND first4=0A9D4539
SYNC_NOT_FOUND first4=63FE2801
SYNC_NOT_FOUND first4=4CEBB2A7
SYNC_NOT_FOUND first4=42ED286C
SYNC_NOT_FOUND first4=74FB6E40
SYNC_NOT_FOUND first4=03AB0763
2026-07-26T15:03:31.137797+00:00 SYNC_NOT_FOUND first4=7DB805F1
SYNC_NOT_FOUND first4=11268D38
SYNC_NOT_FOUND first4=B9C384A8
SYNC_NOT_FOUND first4=2A4A106F
SYNC_NOT_FOUND first4=00642E56
SYNC_NOT_FOUND first4=DA3E8C0F
SYNC_NOT_FOUND first4=BF032338
2026-07-26T15:03:32.149125+00:00 PHASE_RESULT 21 HF-FLRC-650-64 pktSize=64 rx=0 unique=0 lost=100 per=100.0 rssi_avg=0 rssi_min=0 crc_err=0 garbage=15 tx_lat=0.00000 tx_lon=0.00000 sats=0 fix=0 utc=0 tx_fw=none rx_fw=unknown
PHASE_GUARD 500
PHASE_START 22 HF-FLRC-650-128 pktSize=128
SYNC_NOT_FOUND first4=489C2797
SYNC_NOT_FOUND first4=967E7A94
SYNC_NOT_FOUND first4=024B86AD
SYNC_NOT_FOUND first4=402B91E3
SYNC_NOT_FOUND first4=FA4B0903
SYNC_NOT_FOUND first4=49216671
SYNC_NOT_FOUND first4=AF81AC1A
SYNC_NOT_FOUND first4=3B8BFC71
2026-07-26T15:03:33.160258+00:00 SYNC_NOT_FOUND first4=C5847F0D
SYNC_NOT_FOUND first4=46B00A9F
SYNC_NOT_FOUND first4=DC556457
SYNC_NOT_FOUND first4=10518E59
SYNC_NOT_FOUND first4=AFAA68C7
SYNC_NOT_FOUND first4=BAC86A40
SYNC_NOT_FOUND first4=2F6A55F1
2026-07-26T15:03:34.171024+00:00 SYNC_NOT_FOUND first4=8FC28D62
SYNC_NOT_FOUND first4=63F02BCD
PHASE_RESULT 22 HF-FLRC-650-128 pktSize=128 rx=0 unique=0 lost=100 per=100.0 rssi_avg=0 rssi_min=0 crc_err=0 garbage=17 tx_lat=0.00000 tx_lon=0.00000 sats=0 fix=0 utc=0 tx_fw=none rx_fw=unknown
PHASE_GUARD 500
PHASE_START 23 HF-FLRC-650-255 pktSize=255
SYNC_NOT_FOUND first4=DBB445FC
SYNC_NOT_FOUND first4=E9D6F2BC
SYNC_NOT_FOUND first4=2A57D4DB
SYNC_NOT_FOUND first4=B09C9662
SYNC_NOT_FOUND first4=3EF0BB97
SYNC_NOT_FOUND first4=6CBE74B4
2026-07-26T15:03:35.184651+00:00 SYNC_NOT_FOUND first4=4D5DA09B
SYNC_NOT_FOUND first4=CC92A792
SYNC_NOT_FOUND first4=B1AE0B44
SYNC_NOT_FOUND first4=99F5E5F9
SYNC_NOT_FOUND first4=EC6C0CFD
SYNC_NOT_FOUND first4=96703A7E
SYNC_NOT_FOUND first4=8F19597B
SYNC_NOT_FOUND first4=CE21F874
SYNC_NOT_FOUND first4=AE17CD3A
SYNC_NOT_FOUND first4=61DA1E29
SYNC_NOT_FOUND first4=1D505772
SYNC_NOT_FOUND first4=359BE013
SYNC_NOT_FOUND first4=93D0F5E5
SYNC_NOT_FOUND first4=09D2650A
2026-07-26T15:03:36.195637+00:00 SYNC_NOT_FOUND first4=050CB201
PHASE_RESULT 23 HF-FLRC-650-255 pktSize=255 rx=0 unique=0 lost=100 per=100.0 rssi_avg=0 rssi_min=0 crc_err=0 garbage=21 tx_lat=0.00000 tx_lon=0.00000 sats=0 fix=0 utc=0 tx_fw=none rx_fw=unknown
PHASE_GUARD 500
PHASE_START 24 HF-FLRC-325-32 pktSize=32
SYNC_NOT_FOUND first4=40BAE4FD
SYNC_NOT_FOUND first4=51FABEB5
SYNC_NOT_FOUND first4=FBDDB331
SYNC_NOT_FOUND first4=13718503
2026-07-26T15:03:37.206562+00:00 SYNC_NOT_FOUND first4=5F1D91F9
SYNC_NOT_FOUND first4=4BE5BE54
SYNC_NOT_FOUND first4=A9EF6CAD
SYNC_NOT_FOUND first4=C58FA8D0
TIME_SYNCED utc=1785078216 offset=1785062472
SYNC_NOT_FOUND first4=949F05DE
2026-07-26T15:03:38.215403+00:00 SYNC_NOT_FOUND first4=0C2078AB
SYNC_NOT_FOUND first4=5FB89875
2026-07-26T15:03:39.226615+00:00 PHASE_RESULT 24 HF-FLRC-325-32 pktSize=32 rx=0 unique=0 lost=100 per=100.0 rssi_avg=0 rssi_min=0 crc_err=0 garbage=11 tx_lat=0.00000 tx_lon=0.00000 sats=0 fix=0 utc=0 tx_fw=none rx_fw=unknown
PHASE_GUARD 500
PHASE_START 25 HF-FLRC-325-64 pktSize=64
SYNC_NOT_FOUND first4=B8D90074
2026-07-26T15:03:40.240061+00:00 TIME_SYNCED utc=1785078219 offset=1785062472
SYNC_NOT_FOUND first4=E5A337E0
SYNC_NOT_FOUND first4=FBB86786
SYNC_NOT_FOUND first4=EBA216ED
SYNC_NOT_FOUND first4=A178CA5E
SYNC_NOT_FOUND first4=0828E01B
PHASE_RESULT 25 HF-FLRC-325-64 pktSize=64 rx=0 unique=0 lost=100 per=100.0 rssi_avg=0 rssi_min=0 crc_err=0 garbage=6 tx_lat=0.00000 tx_lon=0.00000 sats=0 fix=0 utc=0 tx_fw=none rx_fw=unknown
2026-07-26T15:03:41.250869+00:00 PHASE_GUARD 500
PHASE_START 26 HF-FLRC-325-128 pktSize=128
SYNC_NOT_FOUND first4=86F2BAC6
SYNC_NOT_FOUND first4=A536BE29
2026-07-26T15:03:42.266683+00:00 SYNC_NOT_FOUND first4=623A4540
PHASE_RESULT 26 HF-FLRC-325-128 pktSize=128 rx=0 unique=0 lost=100 per=100.0 rssi_avg=0 rssi_min=0 crc_err=0 garbage=3 tx_lat=0.00000 tx_lon=0.00000 sats=0 fix=0 utc=0 tx_fw=none rx_fw=unknown
PHASE_GUARD 500
2026-07-26T15:03:43.283222+00:00 PHASE_START 27 HF-FLRC-325-255 pktSize=255
SYNC_NOT_FOUND first4=AFF32C4A
SYNC_NOT_FOUND first4=7108D9B4
SYNC_NOT_FOUND first4=12FD4C00
2026-07-26T15:03:44.286479+00:00 SYNC_NOT_FOUND first4=A8109EFC
PHASE_RESULT 27 HF-FLRC-325-255 pktSize=255 rx=0 unique=0 lost=100 per=100.0 rssi_avg=0 rssi_min=0 crc_err=0 garbage=4 tx_lat=0.00000 tx_lon=0.00000 sats=0 fix=0 utc=0 tx_fw=none rx_fw=unknown
PHASE_GUARD 500
2026-07-26T15:03:45.298355+00:00 LORA_CFG path=0 bw=0x05 sf=7
PHASE_START 28 LF-LoRa-SF7-32 pktSize=32
2026-07-26T15:03:46.309212+00:00 PHASE_RESULT 28 LF-LoRa-SF7-32 pktSize=32 rx=0 unique=0 lost=20 per=100.0 rssi_avg=0 rssi_min=0 crc_err=0 garbage=0 tx_lat=0.00000 tx_lon=0.00000 sats=0 fix=0 utc=0 tx_fw=none rx_fw=unknown
PHASE_GUARD 500
LORA_CFG path=0 bw=0x05 sf=7
2026-07-26T15:03:47.320236+00:00 PHASE_START 29 LF-LoRa-SF7-64 pktSize=64
TIME_SYNCED utc=1785078226 offset=1785062472
2026-07-26T15:03:49.382448+00:00 PHASE_RESULT 29 LF-LoRa-SF7-64 pktSize=64 rx=0 unique=0 lost=20 per=100.0 rssi_avg=0 rssi_min=0 crc_err=0 garbage=0 tx_lat=0.00000 tx_lon=0.00000 sats=0 fix=0 utc=0 tx_fw=none rx_fw=unknown
PHASE_GUARD 500
LORA_CFG path=0 bw=0x05 sf=7
PHASE_START 30 LF-LoRa-SF7-128 pktSize=128
2026-07-26T15:03:50.401860+00:00 TIME_SYNCED utc=1785078229 offset=1785062472
2026-07-26T15:03:53.515802+00:00 PHASE_RESULT 30 LF-LoRa-SF7-128 pktSize=128 rx=0 unique=0 lost=13 per=100.0 rssi_avg=0 rssi_min=0 crc_err=0 garbage=0 tx_lat=0.00000 tx_lon=0.00000 sats=0 fix=0 utc=0 tx_fw=none rx_fw=unknown
PHASE_GUARD 500
LORA_CFG path=0 bw=0x05 sf=7
PHASE_START 31 LF-LoRa-SF7-255 pktSize=255
2026-07-26T15:03:57.683981+00:00 TIME_SYNCED utc=1785078236 offset=1785062472
PHASE_RESULT 31 LF-LoRa-SF7-255 pktSize=255 rx=0 unique=0 lost=7 per=100.0 rssi_avg=0 rssi_min=0 crc_err=0 garbage=0 tx_lat=0.00000 tx_lon=0.00000 sats=0 fix=0 utc=0 tx_fw=none rx_fw=unknown
PHASE_GUARD 500
LORA_CFG path=0 bw=0x05 sf=9
PHASE_START 32 LF-LoRa-SF9-32 pktSize=32
2026-07-26T15:04:00.798871+00:00 TIME_SYNCED utc=1785078239 offset=1785062472
2026-07-26T15:04:01.810226+00:00 PHASE_RESULT 32 LF-LoRa-SF9-32 pktSize=32 rx=0 unique=0 lost=7 per=100.0 rssi_avg=0 rssi_min=0 crc_err=0 garbage=0 tx_lat=0.00000 tx_lon=0.00000 sats=0 fix=0 utc=0 tx_fw=none rx_fw=unknown
PHASE_GUARD 500
LORA_CFG path=0 bw=0x05 sf=9
PHASE_START 33 LF-LoRa-SF9-64 pktSize=64
2026-07-26T15:04:04.924356+00:00 PHASE_RESULT 33 LF-LoRa-SF9-64 pktSize=64 rx=0 unique=0 lost=3 per=100.0 rssi_avg=0 rssi_min=0 crc_err=0 garbage=0 tx_lat=0.00000 tx_lon=0.00000 sats=0 fix=0 utc=0 tx_fw=none rx_fw=unknown
PHASE_GUARD 500
LORA_CFG path=0 bw=0x05 sf=9
PHASE_START 34 LF-LoRa-SF9-128 pktSize=128
2026-07-26T15:04:06.993360+00:00 PHASE_RESULT 34 LF-LoRa-SF9-128 pktSize=128 rx=0 unique=0 lost=1 per=100.0 rssi_avg=0 rssi_min=0 crc_err=0 garbage=0 tx_lat=0.00000 tx_lon=0.00000 sats=0 fix=0 utc=0 tx_fw=none rx_fw=unknown
PHASE_GUARD 500
LORA_CFG path=0 bw=0x05 sf=9
PHASE_START 35 LF-LoRa-SF9-255 pktSize=255
TIME_SYNCED utc=1785078246 offset=1785062472
2026-07-26T15:04:11.159797+00:00 TIME_SYNCED utc=1785078250 offset=1785062473
PHASE_RESULT 35 LF-LoRa-SF9-255 pktSize=255 rx=0 unique=0 lost=1 per=100.0 rssi_avg=0 rssi_min=0 crc_err=0 garbage=0 tx_lat=0.00000 tx_lon=0.00000 sats=0 fix=0 utc=0 tx_fw=none rx_fw=unknown
PHASE_GUARD 500
LORA_CFG path=0 bw=0x05 sf=12
PHASE_START 36 LF-LoRa-SF12-32 pktSize=32
2026-07-26T15:04:17.426396+00:00 TIME_SYNCED utc=1785078256 offset=1785062472
2026-07-26T15:04:21.592933+00:00 TIME_SYNCED utc=1785078260 offset=1785062472
2026-07-26T15:04:25.757028+00:00 PHASE_RESULT 36 LF-LoRa-SF12-32 pktSize=32 rx=0 unique=0 lost=1 per=100.0 rssi_avg=0 rssi_min=0 crc_err=0 garbage=0 tx_lat=0.00000 tx_lon=0.00000 sats=0 fix=0 utc=0 tx_fw=none rx_fw=unknown
PHASE_GUARD 500
LORA_CFG path=0 bw=0x05 sf=12
PHASE_START 37 LF-LoRa-SF12-SKIP SKIP pktSize=64
2026-07-26T15:04:26.760797+00:00 PHASE_RESULT 37 LF-LoRa-SF12-SKIP pktSize=64 rx=0 unique=0 lost=0 per=0.0 rssi_avg=0 rssi_min=0 crc_err=0 garbage=0 tx_lat=0.00000 tx_lon=0.00000 sats=0 fix=0 utc=0 tx_fw=none rx_fw=unknown
PHASE_GUARD 500
LORA_CFG path=0 bw=0x05 sf=12
PHASE_START 38 LF-LoRa-SF12-SKIP SKIP pktSize=128
2026-07-26T15:04:27.772011+00:00 TIME_SYNCED utc=1785078266 offset=1785062472
PHASE_RESULT 38 LF-LoRa-SF12-SKIP pktSize=128 rx=0 unique=0 lost=0 per=0.0 rssi_avg=0 rssi_min=0 crc_err=0 garbage=0 tx_lat=0.00000 tx_lon=0.00000 sats=0 fix=0 utc=0 tx_fw=none rx_fw=unknown
PHASE_GUARD 500
LORA_CFG path=0 bw=0x05 sf=12
PHASE_START 39 LF-LoRa-SF12-SKIP SKIP pktSize=255
2026-07-26T15:04:28.783721+00:00 PHASE_RESULT 39 LF-LoRa-SF12-SKIP pktSize=255 rx=0 unique=0 lost=0 per=0.0 rssi_avg=0 rssi_min=0 crc_err=0 garbage=0 tx_lat=0.00000 tx_lon=0.00000 sats=0 fix=0 utc=0 tx_fw=none rx_fw=unknown
PHASE_GUARD 500
PHASE_START 40 LF-FLRC-2600-32 pktSize=32
SYNC_NOT_FOUND first4=E6B0E6DB
2026-07-26T15:04:29.795231+00:00 SYNC_NOT_FOUND first4=9A32D432
2026-07-26T15:04:30.810039+00:00 PHASE_RESULT 40 LF-FLRC-2600-32 pktSize=32 rx=0 unique=0 lost=100 per=100.0 rssi_avg=0 rssi_min=0 crc_err=0 garbage=2 tx_lat=0.00000 tx_lon=0.00000 sats=0 fix=0 utc=0 tx_fw=none rx_fw=unknown
PHASE_GUARD 500
PHASE_START 41 LF-FLRC-2600-64 pktSize=64
2026-07-26T15:04:31.825213+00:00 TIME_SYNCED utc=1785078270 offset=1785062472
SYNC_NOT_FOUND first4=AFF09902
2026-07-26T15:04:32.837093+00:00 PHASE_RESULT 41 LF-FLRC-2600-64 pktSize=64 rx=0 unique=0 lost=100 per=100.0 rssi_avg=0 rssi_min=0 crc_err=0 garbage=1 tx_lat=0.00000 tx_lon=0.00000 sats=0 fix=0 utc=0 tx_fw=none rx_fw=unknown
PHASE_GUARD 500
PHASE_START 42 LF-FLRC-2600-128 pktSize=128
2026-07-26T15:04:34.902359+00:00 SYNC_NOT_FOUND first4=BCFB9CE6
PHASE_RESULT 42 LF-FLRC-2600-128 pktSize=128 rx=0 unique=0 lost=100 per=100.0 rssi_avg=0 rssi_min=0 crc_err=0 garbage=1 tx_lat=0.00000 tx_lon=0.00000 sats=0 fix=0 utc=0 tx_fw=none rx_fw=unknown
PHASE_GUARD 500
PHASE_START 43 LF-FLRC-2600-255 pktSize=255
2026-07-26T15:04:36.964805+00:00 PHASE_RESULT 43 LF-FLRC-2600-255 pktSize=255 rx=0 unique=0 lost=100 per=100.0 rssi_avg=0 rssi_min=0 crc_err=0 garbage=0 tx_lat=0.00000 tx_lon=0.00000 sats=0 fix=0 utc=0 tx_fw=none rx_fw=unknown
PHASE_GUARD 500
PHASE_START 44 LF-FLRC-1300-32 pktSize=32
TIME_SYNCED utc=1785078276 offset=1785062472
2026-07-26T15:04:37.976606+00:00 SYNC_NOT_FOUND first4=F90C5100
2026-07-26T15:04:38.989615+00:00 PHASE_RESULT 44 LF-FLRC-1300-32 pktSize=32 rx=0 unique=0 lost=100 per=100.0 rssi_avg=0 rssi_min=0 crc_err=0 garbage=1 tx_lat=0.00000 tx_lon=0.00000 sats=0 fix=0 utc=0 tx_fw=none rx_fw=unknown
PHASE_GUARD 500
PHASE_START 45 LF-FLRC-1300-64 pktSize=64
SYNC_NOT_FOUND first4=A54BD69F
2026-07-26T15:04:41.052402+00:00 PHASE_RESULT 45 LF-FLRC-1300-64 pktSize=64 rx=0 unique=0 lost=100 per=100.0 rssi_avg=0 rssi_min=0 crc_err=0 garbage=1 tx_lat=0.00000 tx_lon=0.00000 sats=0 fix=0 utc=0 tx_fw=none rx_fw=unknown
PHASE_GUARD 500
PHASE_START 46 LF-FLRC-1300-128 pktSize=128
2026-07-26T15:04:42.063692+00:00 TIME_SYNCED utc=1785078281 offset=1785062473
PHASE_RESULT 46 LF-FLRC-1300-128 pktSize=128 rx=0 unique=0 lost=100 per=100.0 rssi_avg=0 rssi_min=0 crc_err=0 garbage=0 tx_lat=0.00000 tx_lon=0.00000 sats=0 fix=0 utc=0 tx_fw=none rx_fw=unknown
PHASE_GUARD 500
PHASE_START 47 LF-FLRC-1300-255 pktSize=255
SYNC_NOT_FOUND first4=A4BDA4CB
2026-07-26T15:04:44.126045+00:00 PHASE_RESULT 47 LF-FLRC-1300-255 pktSize=255 rx=0 unique=0 lost=100 per=100.0 rssi_avg=0 rssi_min=0 crc_err=0 garbage=1 tx_lat=0.00000 tx_lon=0.00000 sats=0 fix=0 utc=0 tx_fw=none rx_fw=unknown
PHASE_GUARD 500
PHASE_START 48 LF-FLRC-650-32 pktSize=32
SYNC_NOT_FOUND first4=595C1E2D
SYNC_NOT_FOUND first4=341FA790
SYNC_NOT_FOUND first4=8E284969
2026-07-26T15:04:45.137013+00:00 SYNC_NOT_FOUND first4=7344BA19
SYNC_NOT_FOUND first4=4FE0861B
SYNC_NOT_FOUND first4=5D358410
SYNC_NOT_FOUND first4=2A3765E8
SYNC_NOT_FOUND first4=EEEA4856
2026-07-26T15:04:46.147981+00:00 PHASE_RESULT 48 LF-FLRC-650-32 pktSize=32 rx=0 unique=0 lost=100 per=100.0 rssi_avg=0 rssi_min=0 crc_err=0 garbage=8 tx_lat=0.00000 tx_lon=0.00000 sats=0 fix=0 utc=0 tx_fw=none rx_fw=unknown
PHASE_GUARD 500
PHASE_START 49 LF-FLRC-650-64 pktSize=64
SYNC_NOT_FOUND first4=77DAEC03
2026-07-26T15:04:47.161575+00:00 SYNC_NOT_FOUND first4=73C10F86
TIME_SYNCED utc=1785078286 offset=1785062472
SYNC_NOT_FOUND first4=F6740700
2026-07-26T15:04:48.172813+00:00 SYNC_NOT_FOUND first4=1824B1F2
SYNC_NOT_FOUND first4=6992D992
2026-07-26T15:04:49.190137+00:00 PHASE_RESULT 49 LF-FLRC-650-64 pktSize=64 rx=0 unique=0 lost=100 per=100.0 rssi_avg=0 rssi_min=0 crc_err=0 garbage=5 tx_lat=0.00000 tx_lon=0.00000 sats=0 fix=0 utc=0 tx_fw=none rx_fw=unknown
PHASE_GUARD 500
PHASE_START 50 LF-FLRC-650-128 pktSize=128
SYNC_NOT_FOUND first4=DFF4C281
SYNC_NOT_FOUND first4=F27D5971
SYNC_NOT_FOUND first4=0CC7561F
2026-07-26T15:04:51.252978+00:00 PHASE_RESULT 50 LF-FLRC-650-128 pktSize=128 rx=0 unique=0 lost=100 per=100.0 rssi_avg=0 rssi_min=0 crc_err=0 garbage=3 tx_lat=0.00000 tx_lon=0.00000 sats=0 fix=0 utc=0 tx_fw=none rx_fw=unknown
PHASE_GUARD 500
PHASE_START 51 LF-FLRC-650-255 pktSize=255
SYNC_NOT_FOUND first4=A0111F1A
SYNC_NOT_FOUND first4=634AC24B
2026-07-26T15:04:52.266811+00:00 TIME_SYNCED utc=1785078291 offset=1785062472
PHASE_RESULT 51 LF-FLRC-650-255 pktSize=255 rx=0 unique=0 lost=100 per=100.0 rssi_avg=0 rssi_min=0 crc_err=0 garbage=2 tx_lat=0.00000 tx_lon=0.00000 sats=0 fix=0 utc=0 tx_fw=none rx_fw=unknown
PHASE_GUARD 500
2026-07-26T15:04:53.282677+00:00 PHASE_START 52 LF-FLRC-325-32 pktSize=32
2026-07-26T15:04:54.293907+00:00 PHASE_RESULT 52 LF-FLRC-325-32 pktSize=32 rx=0 unique=0 lost=100 per=100.0 rssi_avg=0 rssi_min=0 crc_err=0 garbage=0 tx_lat=0.00000 tx_lon=0.00000 sats=0 fix=0 utc=0 tx_fw=none rx_fw=unknown
PHASE_GUARD 500
2026-07-26T15:04:55.305878+00:00 PHASE_START 53 LF-FLRC-325-64 pktSize=64
2026-07-26T15:04:56.316847+00:00 PHASE_RESULT 53 LF-FLRC-325-64 pktSize=64 rx=0 unique=0 lost=100 per=100.0 rssi_avg=0 rssi_min=0 crc_err=0 garbage=0 tx_lat=0.00000 tx_lon=0.00000 sats=0 fix=0 utc=0 tx_fw=none rx_fw=unknown
PHASE_GUARD 500
2026-07-26T15:04:57.328228+00:00 PHASE_START 54 LF-FLRC-325-128 pktSize=128
TIME_SYNCED utc=1785078296 offset=1785062472
2026-07-26T15:04:58.332126+00:00 PHASE_RESULT 54 LF-FLRC-325-128 pktSize=128 rx=0 unique=0 lost=100 per=100.0 rssi_avg=0 rssi_min=0 crc_err=0 garbage=0 tx_lat=0.00000 tx_lon=0.00000 sats=0 fix=0 utc=0 tx_fw=none rx_fw=unknown
PHASE_GUARD 500
2026-07-26T15:04:59.344204+00:00 PHASE_START 55 LF-FLRC-325-255 pktSize=255
2026-07-26T15:05:00.354739+00:00 SYNC_NOT_FOUND first4=BA85E518
PHASE_RESULT 55 LF-FLRC-325-255 pktSize=255 rx=0 unique=0 lost=100 per=100.0 rssi_avg=0 rssi_min=0 crc_err=0 garbage=1 tx_lat=0.00000 tx_lon=0.00000 sats=0 fix=0 utc=0 tx_fw=none rx_fw=unknown
PHASE_GUARD 500
LORA_CFG path=1 bw=0x0F sf=7
2026-07-26T15:05:01.361213+00:00 PHASE_START 0 HF-LoRa-SF7-32 pktSize=32
2026-07-26T15:05:02.382343+00:00 TIME_SYNCED utc=1785078301 offset=1785062472
PHASE_RESULT 0 HF-LoRa-SF7-32 pktSize=32 rx=0 unique=0 lost=20 per=100.0 rssi_avg=0 rssi_min=0 crc_err=0 garbage=0 tx_lat=0.00000 tx_lon=0.00000 sats=0 fix=0 utc=0 tx_fw=none rx_fw=unknown
PHASE_GUARD 500
LORA_CFG path=1 bw=0x0F sf=7
PHASE_START 1 HF-LoRa-SF7-64 pktSize=64
2026-07-26T15:05:04.436430+00:00 PHASE_RESULT 1 HF-LoRa-SF7-64 pktSize=64 rx=0 unique=0 lost=20 per=100.0 rssi_avg=0 rssi_min=0 crc_err=0 garbage=0 tx_lat=0.00000 tx_lon=0.00000 sats=0 fix=0 utc=0 tx_fw=none rx_fw=unknown
PHASE_GUARD 500
LORA_CFG path=1 bw=0x0F sf=7
PHASE_START 2 HF-LoRa-SF7-128 pktSize=128
2026-07-26T15:05:06.504661+00:00 PHASE_RESULT 2 HF-LoRa-SF7-128 pktSize=128 rx=0 unique=0 lost=20 per=100.0 rssi_avg=0 rssi_min=0 crc_err=0 garbage=0 tx_lat=0.00000 tx_lon=0.00000 sats=0 fix=0 utc=0 tx_fw=none rx_fw=unknown
PHASE_GUARD 500
LORA_CFG path=1 bw=0x0F sf=7
PHASE_START 3 HF-LoRa-SF7-255 pktSize=255
2026-07-26T15:05:07.524226+00:00 TIME_SYNCED utc=1785078307 offset=1785062473
2026-07-26T15:05:08.534847+00:00 PHASE_RESULT 3 HF-LoRa-SF7-255 pktSize=255 rx=0 unique=0 lost=20 per=100.0 rssi_avg=0 rssi_min=0 crc_err=0 garbage=0 tx_lat=0.00000 tx_lon=0.00000 sats=0 fix=0 utc=0 tx_fw=none rx_fw=unknown
PHASE_GUARD 500
LORA_CFG path=1 bw=0x0F sf=9
PHASE_START 4 HF-LoRa-SF9-32 pktSize=32
2026-07-26T15:05:10.601669+00:00 PHASE_RESULT 4 HF-LoRa-SF9-32 pktSize=32 rx=0 unique=0 lost=20 per=100.0 rssi_avg=0 rssi_min=0 crc_err=0 garbage=0 tx_lat=0.00000 tx_lon=0.00000 sats=0 fix=0 utc=0 tx_fw=none rx_fw=unknown
PHASE_GUARD 500
LORA_CFG path=1 bw=0x0F sf=9
PHASE_START 5 HF-LoRa-SF9-64 pktSize=64
2026-07-26T15:05:12.665485+00:00 TIME_SYNCED utc=1785078311 offset=1785062472
2026-07-26T15:05:14.734964+00:00 PHASE_RESULT 5 HF-LoRa-SF9-64 pktSize=64 rx=0 unique=0 lost=20 per=100.0 rssi_avg=0 rssi_min=0 crc_err=0 garbage=0 tx_lat=0.00000 tx_lon=0.00000 sats=0 fix=0 utc=0 tx_fw=none rx_fw=unknown
PHASE_GUARD 500
LORA_CFG path=1 bw=0x0F sf=9
PHASE_START 6 HF-LoRa-SF9-128 pktSize=128
2026-07-26T15:05:17.848008+00:00 TIME_SYNCED utc=1785078317 offset=1785062473
PHASE_RESULT 6 HF-LoRa-SF9-128 pktSize=128 rx=0 unique=0 lost=13 per=100.0 rssi_avg=0 rssi_min=0 crc_err=0 garbage=0 tx_lat=0.00000 tx_lon=0.00000 sats=0 fix=0 utc=0 tx_fw=none rx_fw=unknown
PHASE_GUARD 500
LORA_CFG path=1 bw=0x0F sf=9
PHASE_START 7 HF-LoRa-SF9-255 pktSize=255
2026-07-26T15:05:20.954100+00:00 PHASE_RESULT 7 HF-LoRa-SF9-255 pktSize=255 rx=0 unique=0 lost=6 per=100.0 rssi_avg=0 rssi_min=0 crc_err=0 garbage=0 tx_lat=0.00000 tx_lon=0.00000 sats=0 fix=0 utc=0 tx_fw=none rx_fw=unknown
PHASE_GUARD 500
LORA_CFG path=1 bw=0x0F sf=12
PHASE_START 8 HF-LoRa-SF12-32 pktSize=32
2026-07-26T15:05:23.035477+00:00 TIME_SYNCED utc=1785078322 offset=1785062473
2026-07-26T15:05:24.048360+00:00 PHASE_RESULT 8 HF-LoRa-SF12-32 pktSize=32 rx=0 unique=0 lost=2 per=100.0 rssi_avg=0 rssi_min=0 crc_err=0 garbage=0 tx_lat=0.00000 tx_lon=0.00000 sats=0 fix=0 utc=0 tx_fw=none rx_fw=unknown
PHASE_GUARD 500
LORA_CFG path=1 bw=0x0F sf=12
PHASE_START 9 HF-LoRa-SF12-64 pktSize=64
2026-07-26T15:05:27.162380+00:00 PHASE_RESULT 9 HF-LoRa-SF12-64 pktSize=64 rx=0 unique=0 lost=1 per=100.0 rssi_avg=0 rssi_min=0 crc_err=0 garbage=0 tx_lat=0.00000 tx_lon=0.00000 sats=0 fix=0 utc=0 tx_fw=none rx_fw=unknown
PHASE_GUARD 500
LORA_CFG path=1 bw=0x0F sf=12
PHASE_START 10 HF-LoRa-SF12-128 pktSize=128
TIME_SYNCED utc=1785078327 offset=1785062473
2026-07-26T15:05:31.326535+00:00 PHASE_RESULT 10 HF-LoRa-SF12-128 pktSize=128 rx=0 unique=0 lost=1 per=100.0 rssi_avg=0 rssi_min=0 crc_err=0 garbage=0 tx_lat=0.00000 tx_lon=0.00000 sats=0 fix=0 utc=0 tx_fw=none rx_fw=unknown
PHASE_GUARD 500
LORA_CFG path=1 bw=0x0F sf=12
2026-07-26T15:05:32.339618+00:00 PHASE_START 11 HF-LoRa-SF12-255 pktSize=255
2026-07-26T15:05:33.359268+00:00 TIME_SYNCED utc=1785078332 offset=1785062472
2026-07-26T15:05:37.526938+00:00 TIME_SYNCED utc=1785078337 offset=1785062473
2026-07-26T15:05:41.698168+00:00 PHASE_RESULT 11 HF-LoRa-SF12-255 pktSize=255 rx=0 unique=0 lost=1 per=100.0 rssi_avg=0 rssi_min=0 crc_err=0 garbage=0 tx_lat=0.00000 tx_lon=0.00000 sats=0 fix=0 utc=0 tx_fw=none rx_fw=unknown
PHASE_GUARD 500
PHASE_START 12 HF-FLRC-2600-32 pktSize=32
SYNC_NOT_FOUND first4=5793AA6B
SYNC_NOT_FOUND first4=3239ECFD
SYNC_NOT_FOUND first4=26CD66C8
2026-07-26T15:05:42.702355+00:00 SYNC_NOT_FOUND first4=47ABA6D8
2026-07-26T15:05:43.721216+00:00 TIME_SYNCED utc=1785078342 offset=1785062472
SYNC_NOT_FOUND first4=E8A8BD53
SYNC_NOT_FOUND first4=C5088BED
SYNC_NOT_FOUND first4=7B54CDF6
SYNC_NOT_FOUND first4=76E6200E
SYNC_NOT_FOUND first4=4BD4A524
SYNC_NOT_FOUND first4=18811C77
2026-07-26T15:05:44.732819+00:00 SYNC_NOT_FOUND first4=C3744295
SYNC_NOT_FOUND first4=DA9768FC
PHASE_RESULT 12 HF-FLRC-2600-32 pktSize=32 rx=0 unique=0 lost=100 per=100.0 rssi_avg=0 rssi_min=0 crc_err=0 garbage=12 tx_lat=0.00000 tx_lon=0.00000 sats=0 fix=0 utc=0 tx_fw=none rx_fw=unknown
PHASE_GUARD 500
PHASE_START 13 HF-FLRC-2600-64 pktSize=64
2026-07-26T15:05:45.744199+00:00 SYNC_NOT_FOUND first4=B1EF2A7B
SYNC_NOT_FOUND first4=33F08E6C
SYNC_NOT_FOUND first4=ADD2A934
SYNC_NOT_FOUND first4=1C00F40C
2026-07-26T15:05:46.755399+00:00 SYNC_NOT_FOUND first4=4763CF86
SYNC_NOT_FOUND first4=C57C4E9C
PHASE_RESULT 13 HF-FLRC-2600-64 pktSize=64 rx=0 unique=0 lost=100 per=100.0 rssi_avg=0 rssi_min=0 crc_err=0 garbage=6 tx_lat=0.00000 tx_lon=0.00000 sats=0 fix=0 utc=0 tx_fw=none rx_fw=unknown
PHASE_GUARD 500
PHASE_START 14 HF-FLRC-2600-128 pktSize=128
SYNC_NOT_FOUND first4=C009904F
2026-07-26T15:05:47.770207+00:00 SYNC_NOT_FOUND first4=53BEE8CE
SYNC_NOT_FOUND first4=EE4BD2BE
TIME_SYNCED utc=1785078347 offset=1785062473
SYNC_NOT_FOUND first4=6C8A943A
PHASE_RESULT 14 HF-FLRC-2600-128 pktSize=128 rx=0 unique=0 lost=100 per=100.0 rssi_avg=0 rssi_min=0 crc_err=0 garbage=4 tx_lat=0.00000 tx_lon=0.00000 sats=0 fix=0 utc=0 tx_fw=none rx_fw=unknown
PHASE_GUARD 500
PHASE_START 15 HF-FLRC-2600-255 pktSize=255
SYNC_NOT_FOUND first4=FC210AD0
2026-07-26T15:05:48.791297+00:00 SYNC_NOT_FOUND first4=C901FBDE
SYNC_NOT_FOUND first4=F70BB658
SYNC_NOT_FOUND first4=75A64A2A
SYNC_NOT_FOUND first4=0A6B1B41
SYNC_NOT_FOUND first4=EABCD4F7
SYNC_NOT_FOUND first4=31C97B71
SYNC_NOT_FOUND first4=E53EDF01
SYNC_NOT_FOUND first4=4BABC4F0
SYNC_NOT_FOUND first4=EF5A172D
SYNC_NOT_FOUND first4=F4A4651A
2026-07-26T15:05:49.802672+00:00 SYNC_NOT_FOUND first4=7C740981
SYNC_NOT_FOUND first4=A2B5B622
PHASE_RESULT 15 HF-FLRC-2600-255 pktSize=255 rx=0 unique=0 lost=100 per=100.0 rssi_avg=0 rssi_min=0 crc_err=0 garbage=13 tx_lat=0.00000 tx_lon=0.00000 sats=0 fix=0 utc=0 tx_fw=none rx_fw=unknown
PHASE_GUARD 500
PHASE_START 16 HF-FLRC-1300-32 pktSize=32
SYNC_NOT_FOUND first4=B3EE18B6
SYNC_NOT_FOUND first4=9A1E10E8
2026-07-26T15:05:50.813909+00:00 SYNC_NOT_FOUND first4=7CAF18BC
SYNC_NOT_FOUND first4=E4127433
SYNC_NOT_FOUND first4=8A7037B2
2026-07-26T15:05:51.825104+00:00 SYNC_NOT_FOUND first4=14B55118
SYNC_NOT_FOUND first4=F5333D0F
PHASE_RESULT 16 HF-FLRC-1300-32 pktSize=32 rx=0 unique=0 lost=100 per=100.0 rssi_avg=0 rssi_min=0 crc_err=0 garbage=7 tx_lat=0.00000 tx_lon=0.00000 sats=0 fix=0 utc=0 tx_fw=none rx_fw=unknown
PHASE_GUARD 500
PHASE_START 17 HF-FLRC-1300-64 pktSize=64
SYNC_NOT_FOUND first4=18E0D627
SYNC_NOT_FOUND first4=E122AEDD
2026-07-26T15:05:52.836084+00:00 SYNC_NOT_FOUND first4=6A49E1BA
SYNC_NOT_FOUND first4=8A999B89
2026-07-26T15:05:53.855192+00:00 TIME_SYNCED utc=1785078352 offset=1785062472
SYNC_NOT_FOUND first4=11557589
SYNC_NOT_FOUND first4=AA50CA96
SYNC_NOT_FOUND first4=CE5D6A54
SYNC_NOT_FOUND first4=9A36D08B
SYNC_NOT_FOUND first4=F0B5E4DE
SYNC_NOT_FOUND first4=6148EE75
2026-07-26T15:05:54.866032+00:00 SYNC_NOT_FOUND first4=951F0D0B
PHASE_RESULT 17 HF-FLRC-1300-64 pktSize=64 rx=0 unique=0 lost=100 per=100.0 rssi_avg=0 rssi_min=0 crc_err=0 garbage=11 tx_lat=0.00000 tx_lon=0.00000 sats=0 fix=0 utc=0 tx_fw=none rx_fw=unknown
PHASE_GUARD 500
PHASE_START 18 HF-FLRC-1300-128 pktSize=128
SYNC_NOT_FOUND first4=D17703C8
2026-07-26T15:05:55.880204+00:00 SYNC_NOT_FOUND first4=4374C468
SYNC_NOT_FOUND first4=6CBB18BA
2026-07-26T15:05:56.894360+00:00 PHASE_RESULT 18 HF-FLRC-1300-128 pktSize=128 rx=0 unique=0 lost=100 per=100.0 rssi_avg=0 rssi_min=0 crc_err=0 garbage=3 tx_lat=0.00000 tx_lon=0.00000 sats=0 fix=0 utc=0 tx_fw=none rx_fw=unknown
PHASE_GUARD 500
PHASE_START 19 HF-FLRC-1300-255 pktSize=255
2026-07-26T15:05:57.905358+00:00 SYNC_NOT_FOUND first4=27715886
TIME_SYNCED utc=1785078357 offset=1785062473
PHASE_RESULT 19 HF-FLRC-1300-255 pktSize=255 rx=0 unique=0 lost=100 per=100.0 rssi_avg=0 rssi_min=0 crc_err=0 garbage=1 tx_lat=0.00000 tx_lon=0.00000 sats=0 fix=0 utc=0 tx_fw=none rx_fw=unknown
PHASE_GUARD 500
PHASE_START 20 HF-FLRC-650-32 pktSize=32
SYNC_NOT_FOUND first4=1B0CCAE2
SYNC_NOT_FOUND first4=1CA5C5E7
SYNC_NOT_FOUND first4=787B9759
SYNC_NOT_FOUND first4=A5623C33
SYNC_NOT_FOUND first4=1915975A
SYNC_NOT_FOUND first4=94759167
SYNC_NOT_FOUND first4=0B161574
2026-07-26T15:05:58.912605+00:00 SYNC_NOT_FOUND first4=89371568
SYNC_NOT_FOUND first4=727E6A56
SYNC_NOT_FOUND first4=6952C198
SYNC_NOT_FOUND first4=CFD20B08
SYNC_NOT_FOUND first4=83872DD6
SYNC_NOT_FOUND first4=515C6C37
SYNC_NOT_FOUND first4=F3458C16
SYNC_NOT_FOUND first4=8A0311EB
SYNC_NOT_FOUND first4=A63AF028
SYNC_NOT_FOUND first4=065493D3
SYNC_NOT_FOUND first4=1A205022
SYNC_NOT_FOUND first4=25C74345
2026-07-26T15:05:59.926741+00:00 SYNC_NOT_FOUND first4=161C4DBB
SYNC_NOT_FOUND first4=006AA99E
SYNC_NOT_FOUND first4=DD0218FC
PHASE_RESULT 20 HF-FLRC-650-32 pktSize=32 rx=0 unique=0 lost=100 per=100.0 rssi_avg=0 rssi_min=0 crc_err=0 garbage=22 tx_lat=0.00000 tx_lon=0.00000 sats=0 fix=0 utc=0 tx_fw=none rx_fw=unknown
PHASE_GUARD 500
PHASE_START 21 HF-FLRC-650-64 pktSize=64
SYNC_NOT_FOUND first4=00E84F0D
SYNC_NOT_FOUND first4=F433A564
SYNC_NOT_FOUND first4=384A6632
SYNC_NOT_FOUND first4=4F38E958
SYNC_NOT_FOUND first4=351B38CA
SYNC_NOT_FOUND first4=59DD6B55
SYNC_NOT_FOUND first4=4069A5A1
SYNC_NOT_FOUND first4=D955E731
2026-07-26T15:06:00.937863+00:00 SYNC_NOT_FOUND first4=E7D5D966
SYNC_NOT_FOUND first4=DB305060
SYNC_NOT_FOUND first4=09282897
SYNC_NOT_FOUND first4=6EBFFF6E
SYNC_NOT_FOUND first4=4AE9D1F2
SYNC_NOT_FOUND first4=C5054F6A
SYNC_NOT_FOUND first4=36D4A258
SYNC_NOT_FOUND first4=05387E27
SYNC_NOT_FOUND first4=5F5E8053
SYNC_NOT_FOUND first4=0A634AAE
SYNC_NOT_FOUND first4=7F545B22
SYNC_NOT_FOUND first4=B40258DE
SYNC_NOT_FOUND first4=5A88EA38
SYNC_NOT_FOUND first4=F8709219
SYNC_NOT_FOUND first4=3D2FF324
SYNC_NOT_FOUND first4=1E573208
SYNC_NOT_FOUND first4=E064FA91
SYNC_NOT_FOUND first4=ACB9790F
SYNC_NOT_FOUND first4=09999A38
SYNC_NOT_FOUND first4=D8009256
2026-07-26T15:06:01.948641+00:00 SYNC_NOT_FOUND first4=E0577014
PHASE_RESULT 21 HF-FLRC-650-64 pktSize=64 rx=0 unique=0 lost=100 per=100.0 rssi_avg=0 rssi_min=0 crc_err=0 garbage=29 tx_lat=0.00000 tx_lon=0.00000 sats=0 fix=0 utc=0 tx_fw=none rx_fw=unknown
PHASE_GUARD 500
PHASE_START 22 HF-FLRC-650-128 pktSize=128
SYNC_NOT_FOUND first4=9B673B18
SYNC_NOT_FOUND first4=BBB18315
SYNC_NOT_FOUND first4=E1C6E9C5
SYNC_NOT_FOUND first4=065FDC2E
2026-07-26T15:06:02.959648+00:00 SYNC_NOT_FOUND first4=74F1693B
SYNC_NOT_FOUND first4=0BB6414E
SYNC_NOT_FOUND first4=D4DA5661
SYNC_NOT_FOUND first4=590CB361
SYNC_NOT_FOUND first4=8B8BBFAA
SYNC_NOT_FOUND first4=3438654B
SYNC_NOT_FOUND first4=60B9439A
SYNC_NOT_FOUND first4=D7903FCC
SYNC_NOT_FOUND first4=D1394537
SYNC_NOT_FOUND first4=0D19DC5B
SYNC_NOT_FOUND first4=0816C9E2
SYNC_NOT_FOUND first4=E2832CD7
SYNC_NOT_FOUND first4=2D5D0BD3
SYNC_NOT_FOUND first4=C01604AA
SYNC_NOT_FOUND first4=A489BA43
SYNC_NOT_FOUND first4=966B7224
SYNC_NOT_FOUND first4=3300D106
SYNC_NOT_FOUND first4=15196B8D
SYNC_NOT_FOUND first4=0E9BD627
SYNC_NOT_FOUND first4=7E421940
SYNC_NOT_FOUND first4=034ED4BB
SYNC_NOT_FOUND first4=5F3894A6
SYNC_NOT_FOUND first4=9A10D6CC
SYNC_NOT_FOUND first4=3F765AB6
SYNC_NOT_FOUND first4=40E382CA
SYNC_NOT_FOUND first4=4C900502
SYNC_NOT_FOUND first4=DB347BAA
2026-07-26T15:06:03.975859+00:00 TIME_SYNCED utc=1785078362 offset=1785062472
SYNC_NOT_FOUND first4=AF2A22C0
SYNC_NOT_FOUND first4=1473AF2C
SYNC_NOT_FOUND first4=10729D6F
SYNC_NOT_FOUND first4=BE1B6BDE
SYNC_NOT_FOUND first4=1B182348
SYNC_NOT_FOUND first4=ED1EE83C
SYNC_NOT_FOUND first4=70E8307A
SYNC_NOT_FOUND first4=A979F171
SYNC_NOT_FOUND first4=D5196938
SYNC_NOT_FOUND first4=8BEB4360
SYNC_NOT_FOUND first4=9B435231
SYNC_NOT_FOUND first4=152EA84C
SYNC_NOT_FOUND first4=DB93CB5E
SYNC_NOT_FOUND first4=5D37E9D1
SYNC_NOT_FOUND first4=2F3A3340
SYNC_NOT_FOUND first4=F393CE3A
SYNC_NOT_FOUND first4=CCD4E66F
SYNC_NOT_FOUND first4=0D007182
SYNC_NOT_FOUND first4=59364FEF
SYNC_NOT_FOUND first4=282685F6
SYNC_NOT_FOUND first4=88116129
SYNC_NOT_FOUND first4=BE280DB0
SYNC_NOT_FOUND first4=8D1831F5
2026-07-26T15:06:04.987139+00:00 SYNC_NOT_FOUND first4=D870AB3D
SYNC_NOT_FOUND first4=EBD3EE5F
SYNC_NOT_FOUND first4=9232B330
SYNC_NOT_FOUND first4=A8C3AC25
SYNC_NOT_FOUND first4=CAA157BF
SYNC_NOT_FOUND first4=70D16368
PHASE_RESULT 22 HF-FLRC-650-128 pktSize=128 rx=0 unique=0 lost=100 per=100.0 rssi_avg=0 rssi_min=0 crc_err=0 garbage=60 tx_lat=0.00000 tx_lon=0.00000 sats=0 fix=0 utc=0 tx_fw=none rx_fw=unknown
PHASE_GUARD 500
PHASE_START 23 HF-FLRC-650-255 pktSize=255
SYNC_NOT_FOUND first4=4DE29838
SYNC_NOT_FOUND first4=385869D0
SYNC_NOT_FOUND first4=D3D81E6C
SYNC_NOT_FOUND first4=0700A13E
SYNC_NOT_FOUND first4=6A6D149F
SYNC_NOT_FOUND first4=97FB8253
SYNC_NOT_FOUND first4=33E43E26
SYNC_NOT_FOUND first4=2F28E33A
SYNC_NOT_FOUND first4=720F9ABC
SYNC_NOT_FOUND first4=1B7057DD
SYNC_NOT_FOUND first4=E7535308
SYNC_NOT_FOUND first4=870D7038
SYNC_NOT_FOUND first4=BC2407F9
2026-07-26T15:06:05.998119+00:00 SYNC_NOT_FOUND first4=D87BF269
SYNC_NOT_FOUND first4=9FB3EA4D
SYNC_NOT_FOUND first4=FBF8CBE7
SYNC_NOT_FOUND first4=2521838F
SYNC_NOT_FOUND first4=F9EFC78B
SYNC_NOT_FOUND first4=5C82C347
SYNC_NOT_FOUND first4=DE07AAAE
SYNC_NOT_FOUND first4=C1F2EE60
SYNC_NOT_FOUND first4=E82DE09D
SYNC_NOT_FOUND first4=D214A946
SYNC_NOT_FOUND first4=DC715837
SYNC_NOT_FOUND first4=BEC064DC
SYNC_NOT_FOUND first4=F52CF293
SYNC_NOT_FOUND first4=D9A672A7
SYNC_NOT_FOUND first4=B849809D
SYNC_NOT_FOUND first4=2EE5F543
SYNC_NOT_FOUND first4=A77CCD3D
SYNC_NOT_FOUND first4=59D10247
2026-07-26T15:06:07.009683+00:00 SYNC_NOT_FOUND first4=E8C38C8C
SYNC_NOT_FOUND first4=0C3CAA06
SYNC_NOT_FOUND first4=3F9F1308
SYNC_NOT_FOUND first4=517F144B
SYNC_NOT_FOUND first4=ED448598
PHASE_RESULT 23 HF-FLRC-650-255 pktSize=255 rx=0 unique=0 lost=100 per=100.0 rssi_avg=0 rssi_min=0 crc_err=0 garbage=36 tx_lat=0.00000 tx_lon=0.00000 sats=0 fix=0 utc=0 tx_fw=none rx_fw=unknown
PHASE_GUARD 500
PHASE_START 24 HF-FLRC-325-32 pktSize=32
SYNC_NOT_FOUND first4=449033B1
SYNC_NOT_FOUND first4=BB3FB27A
2026-07-26T15:06:08.021221+00:00 TIME_SYNCED utc=1785078367 offset=1785062473
PHASE_RESULT 24 HF-FLRC-325-32 pktSize=32 rx=0 unique=0 lost=100 per=100.0 rssi_avg=0 rssi_min=0 crc_err=0 garbage=2 tx_lat=0.00000 tx_lon=0.00000 sats=0 fix=0 utc=0 tx_fw=none rx_fw=unknown
PHASE_GUARD 500
PHASE_START 25 HF-FLRC-325-64 pktSize=64
2026-07-26T15:06:09.039859+00:00 SYNC_NOT_FOUND first4=AA02A5C1
SYNC_NOT_FOUND first4=DEB885C7
SYNC_NOT_FOUND first4=FC86124F
SYNC_NOT_FOUND first4=97F71300
SYNC_NOT_FOUND first4=97F2C628
2026-07-26T15:06:10.053346+00:00 PHASE_RESULT 25 HF-FLRC-325-64 pktSize=64 rx=0 unique=0 lost=100 per=100.0 rssi_avg=0 rssi_min=0 crc_err=0 garbage=5 tx_lat=0.00000 tx_lon=0.00000 sats=0 fix=0 utc=0 tx_fw=none rx_fw=unknown
PHASE_GUARD 500
PHASE_START 26 HF-FLRC-325-128 pktSize=128
SYNC_NOT_FOUND first4=B4639085
2026-07-26T15:06:11.065178+00:00 SYNC_NOT_FOUND first4=71DD45C0
SYNC_NOT_FOUND first4=0B3A78D6
2026-07-26T15:06:12.069350+00:00 SYNC_NOT_FOUND first4=B73237F9
PHASE_RESULT 26 HF-FLRC-325-128 pktSize=128 rx=0 unique=0 lost=100 per=100.0 rssi_avg=0 rssi_min=0 crc_err=0 garbage=4 tx_lat=0.00000 tx_lon=0.00000 sats=0 fix=0 utc=0 tx_fw=none rx_fw=unknown
PHASE_GUARD 500
PHASE_START 27 HF-FLRC-325-255 pktSize=255
SYNC_NOT_FOUND first4=95C58AAA
2026-07-26T15:06:13.080720+00:00 SYNC_NOT_FOUND first4=7443C1E4
SYNC_NOT_FOUND first4=DD8E9009
2026-07-26T15:06:14.092598+00:00 TIME_SYNCED utc=1785078373 offset=1785062473
PHASE_RESULT 27 HF-FLRC-325-255 pktSize=255 rx=0 unique=0 lost=100 per=100.0 rssi_avg=0 rssi_min=0 crc_err=0 garbage=3 tx_lat=0.00000 tx_lon=0.00000 sats=0 fix=0 utc=0 tx_fw=none rx_fw=unknown
PHASE_GUARD 500
LORA_CFG path=0 bw=0x05 sf=7
PHASE_START 28 LF-LoRa-SF7-32 pktSize=32
2026-07-26T15:06:16.155857+00:00 PHASE_RESULT 28 LF-LoRa-SF7-32 pktSize=32 rx=0 unique=0 lost=20 per=100.0 rssi_avg=0 rssi_min=0 crc_err=0 garbage=0 tx_lat=0.00000 tx_lon=0.00000 sats=0 fix=0 utc=0 tx_fw=none rx_fw=unknown
PHASE_GUARD 500
LORA_CFG path=0 bw=0x05 sf=7
PHASE_START 29 LF-LoRa-SF7-64 pktSize=64
2026-07-26T15:06:17.159423+00:00 TIME_SYNCED utc=1785078377 offset=1785062473
2026-07-26T15:06:19.222580+00:00 PHASE_RESULT 29 LF-LoRa-SF7-64 pktSize=64 rx=0 unique=0 lost=20 per=100.0 rssi_avg=0 rssi_min=0 crc_err=0 garbage=0 tx_lat=0.00000 tx_lon=0.00000 sats=0 fix=0 utc=0 tx_fw=none rx_fw=unknown
PHASE_GUARD 500
LORA_CFG path=0 bw=0x05 sf=7
PHASE_START 30 LF-LoRa-SF7-128 pktSize=128
2026-07-26T15:06:22.337087+00:00 PHASE_RESULT 30 LF-LoRa-SF7-128 pktSize=128 rx=0 unique=0 lost=13 per=100.0 rssi_avg=0 rssi_min=0 crc_err=0 garbage=0 tx_lat=0.00000 tx_lon=0.00000 sats=0 fix=0 utc=0 tx_fw=none rx_fw=unknown
PHASE_GUARD 500
LORA_CFG path=0 bw=0x05 sf=7
2026-07-26T15:06:23.347295+00:00 PHASE_START 31 LF-LoRa-SF7-255 pktSize=255
2026-07-26T15:06:24.360411+00:00 TIME_SYNCED utc=1785078383 offset=1785062472
2026-07-26T15:06:27.468837+00:00 TIME_SYNCED utc=1785078387 offset=1785062473
PHASE_RESULT 31 LF-LoRa-SF7-255 pktSize=255 rx=0 unique=0 lost=7 per=100.0 rssi_avg=0 rssi_min=0 crc_err=0 garbage=0 tx_lat=0.00000 tx_lon=0.00000 sats=0 fix=0 utc=0 tx_fw=none rx_fw=unknown
PHASE_GUARD 500
LORA_CFG path=0 bw=0x05 sf=9
PHASE_START 32 LF-LoRa-SF9-32 pktSize=32
2026-07-26T15:06:30.586675+00:00 PHASE_RESULT 32 LF-LoRa-SF9-32 pktSize=32 rx=0 unique=0 lost=7 per=100.0 rssi_avg=0 rssi_min=0 crc_err=0 garbage=0 tx_lat=0.00000 tx_lon=0.00000 sats=0 fix=0 utc=0 tx_fw=none rx_fw=unknown
PHASE_GUARD 500
LORA_CFG path=0 bw=0x05 sf=9
PHASE_START 33 LF-LoRa-SF9-64 pktSize=64
2026-07-26T15:06:33.704110+00:00 PHASE_RESULT 33 LF-LoRa-SF9-64 pktSize=64 rx=0 unique=0 lost=3 per=100.0 rssi_avg=0 rssi_min=0 crc_err=0 garbage=0 tx_lat=0.00000 tx_lon=0.00000 sats=0 fix=0 utc=0 tx_fw=none rx_fw=unknown
PHASE_GUARD 500
LORA_CFG path=0 bw=0x05 sf=9
PHASE_START 34 LF-LoRa-SF9-128 pktSize=128
2026-07-26T15:06:34.720147+00:00 TIME_SYNCED utc=1785078393 offset=1785062472
PHASE_RESULT 34 LF-LoRa-SF9-128 pktSize=128 rx=0 unique=0 lost=1 per=100.0 rssi_avg=0 rssi_min=0 crc_err=0 garbage=0 tx_lat=0.00000 tx_lon=0.00000 sats=0 fix=0 utc=0 tx_fw=none rx_fw=unknown
PHASE_GUARD 500
LORA_CFG path=0 bw=0x05 sf=9
PHASE_START 33 LF-LoRa-SF9-64 pktSize=64
PHASE_RESULT 33 LF-LoRa-SF9-64 pktSize=64 rx=0 unique=0 lost=3 per=100.0 rssi_avg=0 rssi_min=0 crc_err=0 garbage=0 tx_lat=0.00000 tx_lon=0.00000 sats=0 fix=0 utc=0 tx_fw=none rx_fw=unknown
PHASE_GUARD 500
LORA_CFG path=0 bw=0x05 sf=9
PHASE_START 34 LF-LoRa-SF9-128 pktSize=128
2026-07-26T15:06:36.782953+00:00 PHASE_RESULT 34 LF-LoRa-SF9-128 pktSize=128 rx=0 unique=0 lost=1 per=100.0 rssi_avg=0 rssi_min=0 crc_err=0 garbage=0 tx_lat=0.00000 tx_lon=0.00000 sats=0 fix=0 utc=0 tx_fw=none rx_fw=unknown
PHASE_GUARD 500
LORA_CFG path=0 bw=0x05 sf=9
PHASE_START 35 LF-LoRa-SF9-255 pktSize=255
2026-07-26T15:06:37.794301+00:00 TIME_SYNCED utc=1785078397 offset=1785062473
2026-07-26T15:06:39.856145+00:00 PHASE_RESULT 35 LF-LoRa-SF9-255 pktSize=255 rx=0 unique=0 lost=1 per=100.0 rssi_avg=0 rssi_min=0 crc_err=0 garbage=0 tx_lat=0.00000 tx_lon=0.00000 sats=0 fix=0 utc=0 tx_fw=none rx_fw=unknown
PHASE_GUARD 500
LORA_CFG path=0 bw=0x05 sf=12
PHASE_START 36 LF-LoRa-SF12-32 pktSize=32
2026-07-26T15:06:45.078769+00:00 TIME_SYNCED utc=1785078404 offset=1785062473
2026-07-26T15:06:48.195644+00:00 TIME_SYNCED utc=1785078407 offset=1785062473
2026-07-26T15:06:54.463338+00:00 PHASE_RESULT 36 LF-LoRa-SF12-32 pktSize=32 rx=0 unique=0 lost=1 per=100.0 rssi_avg=0 rssi_min=0 crc_err=0 garbage=0 tx_lat=0.00000 tx_lon=0.00000 sats=0 fix=0 utc=0 tx_fw=none rx_fw=unknown
PHASE_GUARD 500
LORA_CFG path=0 bw=0x05 sf=12
PHASE_START 37 LF-LoRa-SF12-SKIP SKIP pktSize=64
2026-07-26T15:06:55.479953+00:00 TIME_SYNCED utc=1785078414 offset=1785062472
PHASE_RESULT 37 LF-LoRa-SF12-SKIP pktSize=64 rx=0 unique=0 lost=0 per=0.0 rssi_avg=0 rssi_min=0 crc_err=0 garbage=0 tx_lat=0.00000 tx_lon=0.00000 sats=0 fix=0 utc=0 tx_fw=none rx_fw=unknown
PHASE_GUARD 500
LORA_CFG path=0 bw=0x05 sf=12
PHASE_START 36 LF-LoRa-SF12-32 pktSize=32
PHASE_RESULT 36 LF-LoRa-SF12-32 pktSize=32 rx=0 unique=0 lost=1 per=100.0 rssi_avg=0 rssi_min=0 crc_err=0 garbage=0 tx_lat=0.00000 tx_lon=0.00000 sats=0 fix=0 utc=0 tx_fw=none rx_fw=unknown
PHASE_GUARD 500
LORA_CFG path=0 bw=0x05 sf=12
PHASE_START 37 LF-LoRa-SF12-SKIP SKIP pktSize=64
