# rx_capture segment start 2026-07-26T11:36:45.094470+00:00
# rotation=1800s
2026-07-26T11:36:45.094522+00:00 TIME_SYNCED utc=1785065804 offset=1785062475
2026-07-26T11:36:48.209668+00:00 TIME_SYNCED utc=1785065807 offset=1785062475
2026-07-26T11:36:55.528670+00:00 TIME_SYNCED utc=1785065814 offset=1785062475
PHASE_RESULT 36 LF-LoRa-SF12-32 pktSize=32 rx=0 unique=0 lost=1 per=100.0 rssi_avg=0 rssi_min=0 crc_err=0 garbage=0 tx_lat=0.00000 tx_lon=0.00000 sats=0 fix=0 utc=0 tx_fw=none rx_fw=unknown
PHASE_GUARD 500
LORA_CFG path=0 bw=0x05 sf=12
PHASE_START 37 LF-LoRa-SF12-SKIP SKIP pktSize=64
2026-07-26T11:36:56.540412+00:00 PHASE_RESULT 37 LF-LoRa-SF12-SKIP pktSize=64 rx=0 unique=0 lost=0 per=0.0 rssi_avg=0 rssi_min=0 crc_err=0 garbage=0 tx_lat=0.00000 tx_lon=0.00000 sats=0 fix=0 utc=0 tx_fw=none rx_fw=unknown
PHASE_GUARD 500
LORA_CFG path=0 bw=0x05 sf=12
PHASE_START 38 LF-LoRa-SF12-SKIP SKIP pktSize=128
2026-07-26T11:36:57.552133+00:00 PHASE_RESULT 38 LF-LoRa-SF12-SKIP pktSize=128 rx=0 unique=0 lost=0 per=0.0 rssi_avg=0 rssi_min=0 crc_err=0 garbage=0 tx_lat=0.00000 tx_lon=0.00000 sats=0 fix=0 utc=0 tx_fw=none rx_fw=unknown
PHASE_GUARD 500
LORA_CFG path=0 bw=0x05 sf=12
PHASE_START 39 LF-LoRa-SF12-SKIP SKIP pktSize=255
2026-07-26T11:36:58.556682+00:00 TIME_SYNCED utc=1785065817 offset=1785062475
PHASE_RESULT 39 LF-LoRa-SF12-SKIP pktSize=255 rx=0 unique=0 lost=0 per=0.0 rssi_avg=0 rssi_min=0 crc_err=0 garbage=0 tx_lat=0.00000 tx_lon=0.00000 sats=0 fix=0 utc=0 tx_fw=none rx_fw=unknown
PHASE_GUARD 500
PHASE_START 40 LF-FLRC-2600-32 pktSize=32
2026-07-26T11:36:59.568097+00:00 SYNC_NOT_FOUND first4=A0E345A2
SYNC_NOT_FOUND first4=42337F2E
2026-07-26T11:37:00.579296+00:00 PHASE_RESULT 40 LF-FLRC-2600-32 pktSize=32 rx=0 unique=0 lost=100 per=100.0 rssi_avg=0 rssi_min=0 crc_err=0 garbage=2 tx_lat=0.00000 tx_lon=0.00000 sats=0 fix=0 utc=0 tx_fw=none rx_fw=unknown
PHASE_GUARD 500
PHASE_START 41 LF-FLRC-2600-64 pktSize=64
2026-07-26T11:37:02.642114+00:00 PHASE_RESULT 41 LF-FLRC-2600-64 pktSize=64 rx=0 unique=0 lost=100 per=100.0 rssi_avg=0 rssi_min=0 crc_err=0 garbage=0 tx_lat=0.00000 tx_lon=0.00000 sats=0 fix=0 utc=0 tx_fw=none rx_fw=unknown
PHASE_GUARD 500
PHASE_START 42 LF-FLRC-2600-128 pktSize=128
2026-07-26T11:37:03.656973+00:00 SYNC_NOT_FOUND first4=6C9A35E6
SYNC_NOT_FOUND first4=15220798
2026-07-26T11:37:04.671589+00:00 PHASE_RESULT 42 LF-FLRC-2600-128 pktSize=128 rx=0 unique=0 lost=100 per=100.0 rssi_avg=0 rssi_min=0 crc_err=0 garbage=2 tx_lat=0.00000 tx_lon=0.00000 sats=0 fix=0 utc=0 tx_fw=none rx_fw=unknown
PHASE_GUARD 500
PHASE_START 43 LF-FLRC-2600-255 pktSize=255
SYNC_NOT_FOUND first4=62B6B7EC
TIME_SYNCED utc=1785065824 offset=1785062475
2026-07-26T11:37:06.734298+00:00 PHASE_RESULT 43 LF-FLRC-2600-255 pktSize=255 rx=0 unique=0 lost=100 per=100.0 rssi_avg=0 rssi_min=0 crc_err=0 garbage=1 tx_lat=0.00000 tx_lon=0.00000 sats=0 fix=0 utc=0 tx_fw=none rx_fw=unknown
PHASE_GUARD 500
PHASE_START 44 LF-FLRC-1300-32 pktSize=32
2026-07-26T11:37:07.745547+00:00 SYNC_NOT_FOUND first4=CC64C2E8
2026-07-26T11:37:08.758924+00:00 TIME_SYNCED utc=1785065827 offset=1785062475
PHASE_RESULT 44 LF-FLRC-1300-32 pktSize=32 rx=0 unique=0 lost=100 per=100.0 rssi_avg=0 rssi_min=0 crc_err=0 garbage=1 tx_lat=0.00000 tx_lon=0.00000 sats=0 fix=0 utc=0 tx_fw=none rx_fw=unknown
PHASE_GUARD 500
PHASE_START 45 LF-FLRC-1300-64 pktSize=64
SYNC_NOT_FOUND first4=B9095F4C
2026-07-26T11:37:10.821939+00:00 PHASE_RESULT 45 LF-FLRC-1300-64 pktSize=64 rx=0 unique=0 lost=100 per=100.0 rssi_avg=0 rssi_min=0 crc_err=0 garbage=1 tx_lat=0.00000 tx_lon=0.00000 sats=0 fix=0 utc=0 tx_fw=none rx_fw=unknown
PHASE_GUARD 500
PHASE_START 46 LF-FLRC-1300-128 pktSize=128
2026-07-26T11:37:11.838312+00:00 SYNC_NOT_FOUND first4=12AEA771
2026-07-26T11:37:12.850291+00:00 PHASE_RESULT 46 LF-FLRC-1300-128 pktSize=128 rx=0 unique=0 lost=100 per=100.0 rssi_avg=0 rssi_min=0 crc_err=0 garbage=1 tx_lat=0.00000 tx_lon=0.00000 sats=0 fix=0 utc=0 tx_fw=none rx_fw=unknown
PHASE_GUARD 500
PHASE_START 47 LF-FLRC-1300-255 pktSize=255
2026-07-26T11:37:13.861988+00:00 SYNC_NOT_FOUND first4=FB3F8A58
2026-07-26T11:37:14.875140+00:00 PHASE_RESULT 47 LF-FLRC-1300-255 pktSize=255 rx=0 unique=0 lost=100 per=100.0 rssi_avg=0 rssi_min=0 crc_err=0 garbage=1 tx_lat=0.00000 tx_lon=0.00000 sats=0 fix=0 utc=0 tx_fw=none rx_fw=unknown
PHASE_GUARD 500
PHASE_START 48 LF-FLRC-650-32 pktSize=32
SYNC_NOT_FOUND first4=34EDA586
TIME_SYNCED utc=1785065834 offset=1785062475
2026-07-26T11:37:15.878947+00:00 SYNC_NOT_FOUND first4=2E43DF4E
SYNC_NOT_FOUND first4=B1C517E9
SYNC_NOT_FOUND first4=1B548269
2026-07-26T11:37:16.891167+00:00 PHASE_RESULT 48 LF-FLRC-650-32 pktSize=32 rx=0 unique=0 lost=100 per=100.0 rssi_avg=0 rssi_min=0 crc_err=0 garbage=4 tx_lat=0.00000 tx_lon=0.00000 sats=0 fix=0 utc=0 tx_fw=none rx_fw=unknown
PHASE_GUARD 500
PHASE_START 49 LF-FLRC-650-64 pktSize=64
SYNC_NOT_FOUND first4=446A5289
SYNC_NOT_FOUND first4=72DA915A
2026-07-26T11:37:17.909823+00:00 SYNC_NOT_FOUND first4=6607A4F9
SYNC_NOT_FOUND first4=0F2CC590
2026-07-26T11:37:18.921113+00:00 PHASE_RESULT 49 LF-FLRC-650-64 pktSize=64 rx=0 unique=0 lost=100 per=100.0 rssi_avg=0 rssi_min=0 crc_err=0 garbage=4 tx_lat=0.00000 tx_lon=0.00000 sats=0 fix=0 utc=0 tx_fw=none rx_fw=unknown
PHASE_GUARD 500
PHASE_START 50 LF-FLRC-650-128 pktSize=128
TIME_SYNCED utc=1785065837 offset=1785062474
PHASE_RESULT 50 LF-FLRC-650-128 pktSize=128 rx=0 unique=0 lost=100 per=100.0 rssi_avg=0 rssi_min=0 crc_err=0 garbage=0 tx_lat=0.00000 tx_lon=0.00000 sats=0 fix=0 utc=0 tx_fw=none rx_fw=unknown
PHASE_GUARD 500
PHASE_START 49 LF-FLRC-650-64 pktSize=64
SYNC_NOT_FOUND first4=DBF42F00
SYNC_NOT_FOUND first4=2E37D8B2
SYNC_NOT_FOUND first4=80B033FA
PHASE_RESULT 49 LF-FLRC-650-64 pktSize=64 rx=0 unique=0 lost=100 per=100.0 rssi_avg=0 rssi_min=0 crc_err=0 garbage=3 tx_lat=0.00000 tx_lon=0.00000 sats=0 fix=0 utc=0 tx_fw=none rx_fw=unknown
2026-07-26T11:37:19.932212+00:00 PHASE_GUARD 500
PHASE_START 50 LF-FLRC-650-128 pktSize=128
SYNC_NOT_FOUND first4=3B39E378
2026-07-26T11:37:20.935189+00:00 SYNC_NOT_FOUND first4=4203A72C
SYNC_NOT_FOUND first4=62D3F2E9
PHASE_RESULT 50 LF-FLRC-650-128 pktSize=128 rx=0 unique=0 lost=100 per=100.0 rssi_avg=0 rssi_min=0 crc_err=0 garbage=3 tx_lat=0.00000 tx_lon=0.00000 sats=0 fix=0 utc=0 tx_fw=none rx_fw=unknown
2026-07-26T11:37:21.946015+00:00 PHASE_GUARD 500
PHASE_START 51 LF-FLRC-650-255 pktSize=255
SYNC_NOT_FOUND first4=9B53FAD4
SYNC_NOT_FOUND first4=EC33B9AD
SYNC_NOT_FOUND first4=BC2C2CF3
2026-07-26T11:37:22.950451+00:00 SYNC_NOT_FOUND first4=3CC1BEE5
SYNC_NOT_FOUND first4=E5DC89DC
PHASE_RESULT 51 LF-FLRC-650-255 pktSize=255 rx=0 unique=0 lost=100 per=100.0 rssi_avg=0 rssi_min=0 crc_err=0 garbage=5 tx_lat=0.00000 tx_lon=0.00000 sats=0 fix=0 utc=0 tx_fw=none rx_fw=unknown
PHASE_GUARD 500
2026-07-26T11:37:23.956788+00:00 PHASE_START 52 LF-FLRC-325-32 pktSize=32
2026-07-26T11:37:24.960484+00:00 TIME_SYNCED utc=1785065844 offset=1785062475
PHASE_RESULT 52 LF-FLRC-325-32 pktSize=32 rx=0 unique=0 lost=100 per=100.0 rssi_avg=0 rssi_min=0 crc_err=0 garbage=0 tx_lat=0.00000 tx_lon=0.00000 sats=0 fix=0 utc=0 tx_fw=none rx_fw=unknown
PHASE_GUARD 500
PHASE_START 53 LF-FLRC-325-64 pktSize=64
2026-07-26T11:37:25.971328+00:00 PHASE_RESULT 53 LF-FLRC-325-64 pktSize=64 rx=0 unique=0 lost=100 per=100.0 rssi_avg=0 rssi_min=0 crc_err=0 garbage=0 tx_lat=0.00000 tx_lon=0.00000 sats=0 fix=0 utc=0 tx_fw=none rx_fw=unknown
PHASE_GUARD 500
2026-07-26T11:37:26.989359+00:00 PHASE_START 54 LF-FLRC-325-128 pktSize=128
2026-07-26T11:37:28.001253+00:00 PHASE_RESULT 54 LF-FLRC-325-128 pktSize=128 rx=0 unique=0 lost=100 per=100.0 rssi_avg=0 rssi_min=0 crc_err=0 garbage=0 tx_lat=0.00000 tx_lon=0.00000 sats=0 fix=0 utc=0 tx_fw=none rx_fw=unknown
PHASE_GUARD 500
2026-07-26T11:37:29.014352+00:00 PHASE_START 55 LF-FLRC-325-255 pktSize=255
TIME_SYNCED utc=1785065848 offset=1785062475
2026-07-26T11:37:30.018004+00:00 PHASE_RESULT 55 LF-FLRC-325-255 pktSize=255 rx=0 unique=0 lost=100 per=100.0 rssi_avg=0 rssi_min=0 crc_err=0 garbage=0 tx_lat=0.00000 tx_lon=0.00000 sats=0 fix=0 utc=0 tx_fw=none rx_fw=unknown
PHASE_GUARD 500
LORA_CFG path=1 bw=0x0F sf=7
2026-07-26T11:37:31.029353+00:00 PHASE_START 0 HF-LoRa-SF7-32 pktSize=32
2026-07-26T11:37:32.041148+00:00 PHASE_RESULT 0 HF-LoRa-SF7-32 pktSize=32 rx=0 unique=0 lost=20 per=100.0 rssi_avg=0 rssi_min=0 crc_err=0 garbage=0 tx_lat=0.00000 tx_lon=0.00000 sats=0 fix=0 utc=0 tx_fw=none rx_fw=unknown
PHASE_GUARD 500
LORA_CFG path=1 bw=0x0F sf=7
2026-07-26T11:37:33.060027+00:00 PHASE_START 1 HF-LoRa-SF7-64 pktSize=64
2026-07-26T11:37:34.077007+00:00 PHASE_RESULT 1 HF-LoRa-SF7-64 pktSize=64 rx=0 unique=0 lost=20 per=100.0 rssi_avg=0 rssi_min=0 crc_err=0 garbage=0 tx_lat=0.00000 tx_lon=0.00000 sats=0 fix=0 utc=0 tx_fw=none rx_fw=unknown
PHASE_GUARD 500
LORA_CFG path=1 bw=0x0F sf=7
PHASE_START 2 HF-LoRa-SF7-128 pktSize=128
2026-07-26T11:37:35.087843+00:00 TIME_SYNCED utc=1785065854 offset=1785062475
2026-07-26T11:37:36.098813+00:00 PHASE_RESULT 2 HF-LoRa-SF7-128 pktSize=128 rx=0 unique=0 lost=20 per=100.0 rssi_avg=0 rssi_min=0 crc_err=0 garbage=0 tx_lat=0.00000 tx_lon=0.00000 sats=0 fix=0 utc=0 tx_fw=none rx_fw=unknown
PHASE_GUARD 500
LORA_CFG path=1 bw=0x0F sf=7
PHASE_START 3 HF-LoRa-SF7-255 pktSize=255
2026-07-26T11:37:39.212109+00:00 TIME_SYNCED utc=1785065858 offset=1785062475
PHASE_RESULT 3 HF-LoRa-SF7-255 pktSize=255 rx=0 unique=0 lost=20 per=100.0 rssi_avg=0 rssi_min=0 crc_err=0 garbage=0 tx_lat=0.00000 tx_lon=0.00000 sats=0 fix=0 utc=0 tx_fw=none rx_fw=unknown
PHASE_GUARD 500
LORA_CFG path=1 bw=0x0F sf=9
PHASE_START 4 HF-LoRa-SF9-32 pktSize=32
2026-07-26T11:37:41.274899+00:00 PHASE_RESULT 4 HF-LoRa-SF9-32 pktSize=32 rx=0 unique=0 lost=20 per=100.0 rssi_avg=0 rssi_min=0 crc_err=0 garbage=0 tx_lat=0.00000 tx_lon=0.00000 sats=0 fix=0 utc=0 tx_fw=none rx_fw=unknown
PHASE_GUARD 500
LORA_CFG path=1 bw=0x0F sf=9
PHASE_START 5 HF-LoRa-SF9-64 pktSize=64
2026-07-26T11:37:44.388147+00:00 PHASE_RESULT 5 HF-LoRa-SF9-64 pktSize=64 rx=0 unique=0 lost=20 per=100.0 rssi_avg=0 rssi_min=0 crc_err=0 garbage=0 tx_lat=0.00000 tx_lon=0.00000 sats=0 fix=0 utc=0 tx_fw=none rx_fw=unknown
PHASE_GUARD 500
LORA_CFG path=1 bw=0x0F sf=9
PHASE_START 6 HF-LoRa-SF9-128 pktSize=128
2026-07-26T11:37:45.400262+00:00 TIME_SYNCED utc=1785065864 offset=1785062475
2026-07-26T11:37:48.514294+00:00 PHASE_RESULT 6 HF-LoRa-SF9-128 pktSize=128 rx=0 unique=0 lost=13 per=100.0 rssi_avg=0 rssi_min=0 crc_err=0 garbage=0 tx_lat=0.00000 tx_lon=0.00000 sats=0 fix=0 utc=0 tx_fw=none rx_fw=unknown
PHASE_GUARD 500
LORA_CFG path=1 bw=0x0F sf=9
PHASE_START 7 HF-LoRa-SF9-255 pktSize=255
2026-07-26T11:37:49.531131+00:00 TIME_SYNCED utc=1785065868 offset=1785062475
2026-07-26T11:37:51.594138+00:00 PHASE_RESULT 7 HF-LoRa-SF9-255 pktSize=255 rx=0 unique=0 lost=6 per=100.0 rssi_avg=0 rssi_min=0 crc_err=0 garbage=0 tx_lat=0.00000 tx_lon=0.00000 sats=0 fix=0 utc=0 tx_fw=none rx_fw=unknown
PHASE_GUARD 500
LORA_CFG path=1 bw=0x0F sf=12
PHASE_START 8 HF-LoRa-SF12-32 pktSize=32
2026-07-26T11:37:54.706057+00:00 PHASE_RESULT 8 HF-LoRa-SF12-32 pktSize=32 rx=0 unique=0 lost=2 per=100.0 rssi_avg=0 rssi_min=0 crc_err=0 garbage=0 tx_lat=0.00000 tx_lon=0.00000 sats=0 fix=0 utc=0 tx_fw=none rx_fw=unknown
PHASE_GUARD 500
LORA_CFG path=1 bw=0x0F sf=12
PHASE_START 9 HF-LoRa-SF12-64 pktSize=64
2026-07-26T11:37:55.720708+00:00 TIME_SYNCED utc=1785065874 offset=1785062475
2026-07-26T11:37:57.776213+00:00 PHASE_RESULT 9 HF-LoRa-SF12-64 pktSize=64 rx=0 unique=0 lost=1 per=100.0 rssi_avg=0 rssi_min=0 crc_err=0 garbage=0 tx_lat=0.00000 tx_lon=0.00000 sats=0 fix=0 utc=0 tx_fw=none rx_fw=unknown
PHASE_GUARD 500
LORA_CFG path=1 bw=0x0F sf=12
PHASE_START 10 HF-LoRa-SF12-128 pktSize=128
2026-07-26T11:37:59.842409+00:00 TIME_SYNCED utc=1785065878 offset=1785062475
2026-07-26T11:38:02.956891+00:00 PHASE_RESULT 10 HF-LoRa-SF12-128 pktSize=128 rx=0 unique=0 lost=1 per=100.0 rssi_avg=0 rssi_min=0 crc_err=0 garbage=0 tx_lat=0.00000 tx_lon=0.00000 sats=0 fix=0 utc=0 tx_fw=none rx_fw=unknown
PHASE_GUARD 500
LORA_CFG path=1 bw=0x0F sf=12
PHASE_START 11 HF-LoRa-SF12-255 pktSize=255
2026-07-26T11:38:05.022020+00:00 TIME_SYNCED utc=1785065884 offset=1785062475
2026-07-26T11:38:10.237641+00:00 TIME_SYNCED utc=1785065889 offset=1785062475
2026-07-26T11:38:12.306775+00:00 PHASE_RESULT 11 HF-LoRa-SF12-255 pktSize=255 rx=0 unique=0 lost=1 per=100.0 rssi_avg=0 rssi_min=0 crc_err=0 garbage=0 tx_lat=0.00000 tx_lon=0.00000 sats=0 fix=0 utc=0 tx_fw=none rx_fw=unknown
PHASE_GUARD 500
PHASE_START 12 HF-FLRC-2600-32 pktSize=32
SYNC_NOT_FOUND first4=A532D454
2026-07-26T11:38:13.323005+00:00 SYNC_NOT_FOUND first4=C85D042F
SYNC_NOT_FOUND first4=65FC1FDC
SYNC_NOT_FOUND first4=C9673F71
SYNC_NOT_FOUND first4=D3A31748
SYNC_NOT_FOUND first4=3CE731AF
SYNC_NOT_FOUND first4=E8B8F813
2026-07-26T11:38:14.337611+00:00 SYNC_NOT_FOUND first4=38C842F1
SYNC_NOT_FOUND first4=CA698CB8
SYNC_NOT_FOUND first4=B1DC6543
SYNC_NOT_FOUND first4=C8182F31
SYNC_NOT_FOUND first4=9F054438
PHASE_RESULT 12 HF-FLRC-2600-32 pktSize=32 rx=0 unique=0 lost=100 per=100.0 rssi_avg=0 rssi_min=0 crc_err=0 garbage=12 tx_lat=0.00000 tx_lon=0.00000 sats=0 fix=0 utc=0 tx_fw=none rx_fw=unknown
PHASE_GUARD 500
PHASE_START 13 HF-FLRC-2600-64 pktSize=64
SYNC_NOT_FOUND first4=65B8E5F1
SYNC_NOT_FOUND first4=81760F14
2026-07-26T11:38:15.348675+00:00 SYNC_NOT_FOUND first4=B34F2415
SYNC_NOT_FOUND first4=D997CBF6
SYNC_NOT_FOUND first4=E92263A5
TIME_SYNCED utc=1785065894 offset=1785062475
SYNC_NOT_FOUND first4=E501C4F8
SYNC_NOT_FOUND first4=97FF65EF
SYNC_NOT_FOUND first4=CFE5CBA9
2026-07-26T11:38:16.359774+00:00 SYNC_NOT_FOUND first4=63E471ED
SYNC_NOT_FOUND first4=0AFEFBEE
SYNC_NOT_FOUND first4=3A4F50BD
SYNC_NOT_FOUND first4=0CA9BC02
PHASE_RESULT 13 HF-FLRC-2600-64 pktSize=64 rx=0 unique=0 lost=100 per=100.0 rssi_avg=0 rssi_min=0 crc_err=0 garbage=12 tx_lat=0.00000 tx_lon=0.00000 sats=0 fix=0 utc=0 tx_fw=none rx_fw=unknown
PHASE_GUARD 500
PHASE_START 14 HF-FLRC-2600-128 pktSize=128
2026-07-26T11:38:17.370709+00:00 SYNC_NOT_FOUND first4=99AA561F
SYNC_NOT_FOUND first4=51929702
SYNC_NOT_FOUND first4=316FC497
SYNC_NOT_FOUND first4=2BFF0C7D
2026-07-26T11:38:18.382475+00:00 SYNC_NOT_FOUND first4=F3ED9C39
SYNC_NOT_FOUND first4=0E792979
SYNC_NOT_FOUND first4=4D23A3D3
SYNC_NOT_FOUND first4=DE0CCA89
SYNC_NOT_FOUND first4=B0499C74
PHASE_RESULT 14 HF-FLRC-2600-128 pktSize=128 rx=0 unique=0 lost=100 per=100.0 rssi_avg=0 rssi_min=0 crc_err=0 garbage=9 tx_lat=0.00000 tx_lon=0.00000 sats=0 fix=0 utc=0 tx_fw=none rx_fw=unknown
PHASE_GUARD 500
PHASE_START 15 HF-FLRC-2600-255 pktSize=255
SYNC_NOT_FOUND first4=2011889A
2026-07-26T11:38:19.386263+00:00 SYNC_NOT_FOUND first4=BA59EAD4
SYNC_NOT_FOUND first4=0BCA2200
SYNC_NOT_FOUND first4=B3B02031
SYNC_NOT_FOUND first4=69093434
2026-07-26T11:38:20.397290+00:00 TIME_SYNCED utc=1785065899 offset=1785062475
SYNC_NOT_FOUND first4=6448B5DC
SYNC_NOT_FOUND first4=E8AF6067
PHASE_RESULT 15 HF-FLRC-2600-255 pktSize=255 rx=0 unique=0 lost=100 per=100.0 rssi_avg=0 rssi_min=0 crc_err=0 garbage=7 tx_lat=0.00000 tx_lon=0.00000 sats=0 fix=0 utc=0 tx_fw=none rx_fw=unknown
PHASE_GUARD 500
PHASE_START 16 HF-FLRC-1300-32 pktSize=32
SYNC_NOT_FOUND first4=529EE507
2026-07-26T11:38:21.414580+00:00 SYNC_NOT_FOUND first4=9E076E7E
SYNC_NOT_FOUND first4=90DA6878
2026-07-26T11:38:22.425924+00:00 SYNC_NOT_FOUND first4=C4E26266
PHASE_RESULT 16 HF-FLRC-1300-32 pktSize=32 rx=0 unique=0 lost=100 per=100.0 rssi_avg=0 rssi_min=0 crc_err=0 garbage=4 tx_lat=0.00000 tx_lon=0.00000 sats=0 fix=0 utc=0 tx_fw=none rx_fw=unknown
PHASE_GUARD 500
PHASE_START 17 HF-FLRC-1300-64 pktSize=64
SYNC_NOT_FOUND first4=916DBC8A
SYNC_NOT_FOUND first4=2AB6AC4C
2026-07-26T11:38:23.440920+00:00 SYNC_NOT_FOUND first4=C0A641C8
SYNC_NOT_FOUND first4=315AF190
SYNC_NOT_FOUND first4=FA121DAB
SYNC_NOT_FOUND first4=063E59AE
SYNC_NOT_FOUND first4=C9AE4478
SYNC_NOT_FOUND first4=78924C7C
SYNC_NOT_FOUND first4=268CD158
SYNC_NOT_FOUND first4=39113643
SYNC_NOT_FOUND first4=EE200E64
2026-07-26T11:38:24.455485+00:00 SYNC_NOT_FOUND first4=49B3B81E
PHASE_RESULT 17 HF-FLRC-1300-64 pktSize=64 rx=0 unique=0 lost=100 per=100.0 rssi_avg=0 rssi_min=0 crc_err=0 garbage=12 tx_lat=0.00000 tx_lon=0.00000 sats=0 fix=0 utc=0 tx_fw=none rx_fw=unknown
PHASE_GUARD 500
PHASE_START 18 HF-FLRC-1300-128 pktSize=128
SYNC_NOT_FOUND first4=E058A367
SYNC_NOT_FOUND first4=726E33A1
2026-07-26T11:38:25.466423+00:00 TIME_SYNCED utc=1785065904 offset=1785062475
SYNC_NOT_FOUND first4=2D935657
SYNC_NOT_FOUND first4=873DB0EA
SYNC_NOT_FOUND first4=2EBFF7A9
SYNC_NOT_FOUND first4=98E14DE4
SYNC_NOT_FOUND first4=2E662A5B
SYNC_NOT_FOUND first4=67BA39BC
SYNC_NOT_FOUND first4=265E0846
2026-07-26T11:38:26.479768+00:00 SYNC_NOT_FOUND first4=17DD60A3
SYNC_NOT_FOUND first4=52DCCFF5
SYNC_NOT_FOUND first4=7ABA54CA
PHASE_RESULT 18 HF-FLRC-1300-128 pktSize=128 rx=0 unique=0 lost=100 per=100.0 rssi_avg=0 rssi_min=0 crc_err=0 garbage=12 tx_lat=0.00000 tx_lon=0.00000 sats=0 fix=0 utc=0 tx_fw=none rx_fw=unknown
PHASE_GUARD 500
PHASE_START 19 HF-FLRC-1300-255 pktSize=255
SYNC_NOT_FOUND first4=E267E7F6
SYNC_NOT_FOUND first4=2FA26F68
SYNC_NOT_FOUND first4=86041662
2026-07-26T11:38:27.490917+00:00 SYNC_NOT_FOUND first4=9A7111FF
SYNC_NOT_FOUND first4=2DAE97FF
SYNC_NOT_FOUND first4=A7495E1C
SYNC_NOT_FOUND first4=9FA079B7
2026-07-26T11:38:28.502821+00:00 SYNC_NOT_FOUND first4=067D3280
SYNC_NOT_FOUND first4=68E14746
PHASE_RESULT 19 HF-FLRC-1300-255 pktSize=255 rx=0 unique=0 lost=100 per=100.0 rssi_avg=0 rssi_min=0 crc_err=0 garbage=9 tx_lat=0.00000 tx_lon=0.00000 sats=0 fix=0 utc=0 tx_fw=none rx_fw=unknown
PHASE_GUARD 500
PHASE_START 20 HF-FLRC-650-32 pktSize=32
SYNC_NOT_FOUND first4=FEB829C5
SYNC_NOT_FOUND first4=D954A562
SYNC_NOT_FOUND first4=8F533116
SYNC_NOT_FOUND first4=DF4A8116
SYNC_NOT_FOUND first4=BA0C6647
2026-07-26T11:38:29.516510+00:00 SYNC_NOT_FOUND first4=62F631D2
SYNC_NOT_FOUND first4=99998659
SYNC_NOT_FOUND first4=E5C1F0F6
SYNC_NOT_FOUND first4=53D6C47E
SYNC_NOT_FOUND first4=1AC9F156
SYNC_NOT_FOUND first4=A80F443E
SYNC_NOT_FOUND first4=96501F39
SYNC_NOT_FOUND first4=FBF790BB
SYNC_NOT_FOUND first4=2E1CA6AC
SYNC_NOT_FOUND first4=659C2187
SYNC_NOT_FOUND first4=2CD855E9
SYNC_NOT_FOUND first4=CA7A2BF4
SYNC_NOT_FOUND first4=A28AB939
SYNC_NOT_FOUND first4=A319D199
SYNC_NOT_FOUND first4=23F85396
SYNC_NOT_FOUND first4=45A61419
SYNC_NOT_FOUND first4=518194C3
SYNC_NOT_FOUND first4=3EFE7605
SYNC_NOT_FOUND first4=62E9C267
SYNC_NOT_FOUND first4=E5D90EDD
SYNC_NOT_FOUND first4=51E1D0C8
SYNC_NOT_FOUND first4=A63F69A9
SYNC_NOT_FOUND first4=1EB8E97D
SYNC_NOT_FOUND first4=6B4A2CE8
SYNC_NOT_FOUND first4=7A793417
SYNC_NOT_FOUND first4=DCFD0E45
SYNC_NOT_FOUND first4=2D6CD89F
2026-07-26T11:38:30.527501+00:00 TIME_SYNCED utc=1785065909 offset=1785062475
SYNC_NOT_FOUND first4=DCF80CA9
SYNC_NOT_FOUND first4=AA00522A
SYNC_NOT_FOUND first4=3041D501
SYNC_NOT_FOUND first4=C078AE18
SYNC_NOT_FOUND first4=D60ECCA2
SYNC_NOT_FOUND first4=2CD7E165
PHASE_RESULT 20 HF-FLRC-650-32 pktSize=32 rx=0 unique=0 lost=100 per=100.0 rssi_avg=0 rssi_min=0 crc_err=0 garbage=38 tx_lat=0.00000 tx_lon=0.00000 sats=0 fix=0 utc=0 tx_fw=none rx_fw=unknown
PHASE_GUARD 500
PHASE_START 21 HF-FLRC-650-64 pktSize=64
SYNC_NOT_FOUND first4=D53495BB
SYNC_NOT_FOUND first4=6E00F053
SYNC_NOT_FOUND first4=455884AF
SYNC_NOT_FOUND first4=E1C4316B
SYNC_NOT_FOUND first4=1A9B3045
SYNC_NOT_FOUND first4=A7971921
2026-07-26T11:38:31.538474+00:00 SYNC_NOT_FOUND first4=8B51FA31
SYNC_NOT_FOUND first4=06517D57
SYNC_NOT_FOUND first4=AC6BAA67
SYNC_NOT_FOUND first4=A8A400E2
SYNC_NOT_FOUND first4=6E35B164
SYNC_NOT_FOUND first4=105EF5B6
SYNC_NOT_FOUND first4=0D713343
SYNC_NOT_FOUND first4=0092847D
SYNC_NOT_FOUND first4=44E4764E
SYNC_NOT_FOUND first4=CB87F45A
SYNC_NOT_FOUND first4=7E555467
SYNC_NOT_FOUND first4=DA3DEB43
SYNC_NOT_FOUND first4=F50E56F7
SYNC_NOT_FOUND first4=BA8780A9
2026-07-26T11:38:32.549416+00:00 SYNC_NOT_FOUND first4=ED3BD47A
SYNC_NOT_FOUND first4=9411ADCF
SYNC_NOT_FOUND first4=E4BDFC93
SYNC_NOT_FOUND first4=545538C8
SYNC_NOT_FOUND first4=9F6806D4
SYNC_NOT_FOUND first4=A8BBD98A
SYNC_NOT_FOUND first4=4BCFE7AB
SYNC_NOT_FOUND first4=A4DD8321
SYNC_NOT_FOUND first4=A1805381
SYNC_NOT_FOUND first4=D96E3A24
SYNC_NOT_FOUND first4=DEB4C32B
SYNC_NOT_FOUND first4=5DDD35B4
PHASE_RESULT 21 HF-FLRC-650-64 pktSize=64 rx=0 unique=0 lost=100 per=100.0 rssi_avg=0 rssi_min=0 crc_err=0 garbage=32 tx_lat=0.00000 tx_lon=0.00000 sats=0 fix=0 utc=0 tx_fw=none rx_fw=unknown
PHASE_GUARD 500
PHASE_START 22 HF-FLRC-650-128 pktSize=128
SYNC_NOT_FOUND first4=1AFCDF31
SYNC_NOT_FOUND first4=CA937CB3
SYNC_NOT_FOUND first4=80D6F531
SYNC_NOT_FOUND first4=B0898F68
SYNC_NOT_FOUND first4=2052AF40
SYNC_NOT_FOUND first4=713431F3
SYNC_NOT_FOUND first4=CA928F36
SYNC_NOT_FOUND first4=3789B868
SYNC_NOT_FOUND first4=85F4F764
SYNC_NOT_FOUND first4=E26AB4EB
2026-07-26T11:38:33.555174+00:00 SYNC_NOT_FOUND first4=23AA0851
SYNC_NOT_FOUND first4=6C7B8711
SYNC_NOT_FOUND first4=1AC0AA19
SYNC_NOT_FOUND first4=2BE782DA
SYNC_NOT_FOUND first4=231CBDB3
SYNC_NOT_FOUND first4=91251238
SYNC_NOT_FOUND first4=61716AF6
SYNC_NOT_FOUND first4=D1BC2F77
SYNC_NOT_FOUND first4=7F703C08
SYNC_NOT_FOUND first4=2607A422
SYNC_NOT_FOUND first4=DDF90BEE
SYNC_NOT_FOUND first4=D4587A92
SYNC_NOT_FOUND first4=6B9E0C5D
SYNC_NOT_FOUND first4=C55B616D
SYNC_NOT_FOUND first4=A80C3A8A
SYNC_NOT_FOUND first4=106E6185
SYNC_NOT_FOUND first4=452FB509
SYNC_NOT_FOUND first4=FAFEF5D9
SYNC_NOT_FOUND first4=2EA28633
SYNC_NOT_FOUND first4=E6A4CEC6
2026-07-26T11:38:34.566419+00:00 SYNC_NOT_FOUND first4=7961DD7E
SYNC_NOT_FOUND first4=6CF78C4F
SYNC_NOT_FOUND first4=361D6545
PHASE_RESULT 22 HF-FLRC-650-128 pktSize=128 rx=0 unique=0 lost=100 per=100.0 rssi_avg=0 rssi_min=0 crc_err=0 garbage=33 tx_lat=0.00000 tx_lon=0.00000 sats=0 fix=0 utc=0 tx_fw=none rx_fw=unknown
PHASE_GUARD 500
PHASE_START 23 HF-FLRC-650-255 pktSize=255
SYNC_NOT_FOUND first4=8FC9FFD6
SYNC_NOT_FOUND first4=B894DB17
SYNC_NOT_FOUND first4=0B41FB94
SYNC_NOT_FOUND first4=D7DFD8EE
SYNC_NOT_FOUND first4=922469B3
SYNC_NOT_FOUND first4=8FDD2D0A
SYNC_NOT_FOUND first4=884BC875
SYNC_NOT_FOUND first4=55EC1C88
SYNC_NOT_FOUND first4=DC24C69A
SYNC_NOT_FOUND first4=E0161113
SYNC_NOT_FOUND first4=42A7E013
SYNC_NOT_FOUND first4=ABECA375
2026-07-26T11:38:35.578149+00:00 SYNC_NOT_FOUND first4=5A3A2ECD
SYNC_NOT_FOUND first4=94EFC5AA
SYNC_NOT_FOUND first4=BFDEE8F9
SYNC_NOT_FOUND first4=9C9D5EE7
SYNC_NOT_FOUND first4=FA66E049
TIME_SYNCED utc=1785065914 offset=1785062475
SYNC_NOT_FOUND first4=40958FC8
SYNC_NOT_FOUND first4=9A3E9519
SYNC_NOT_FOUND first4=2BBA47AF
SYNC_NOT_FOUND first4=70EDE540
SYNC_NOT_FOUND first4=FF2AC2D8
SYNC_NOT_FOUND first4=81D90E1B
SYNC_NOT_FOUND first4=5F18ED8A
SYNC_NOT_FOUND first4=B80EA5E1
SYNC_NOT_FOUND first4=975C3725
SYNC_NOT_FOUND first4=CDBE87F1
SYNC_NOT_FOUND first4=1213B4FA
SYNC_NOT_FOUND first4=F56BE1F5
SYNC_NOT_FOUND first4=D6E2E354
SYNC_NOT_FOUND first4=E69F5188
SYNC_NOT_FOUND first4=4FC03BC6
SYNC_NOT_FOUND first4=3F9BA853
SYNC_NOT_FOUND first4=70D471A7
SYNC_NOT_FOUND first4=B290004E
SYNC_NOT_FOUND first4=BC0685EF
SYNC_NOT_FOUND first4=6711F12F
SYNC_NOT_FOUND first4=670A2014
SYNC_NOT_FOUND first4=F09B498E
SYNC_NOT_FOUND first4=119779BE
2026-07-26T11:38:36.589356+00:00 SYNC_NOT_FOUND first4=0DE3A60F
SYNC_NOT_FOUND first4=F644AC26
SYNC_NOT_FOUND first4=AD74C1C5
SYNC_NOT_FOUND first4=0CA7ECED
SYNC_NOT_FOUND first4=DA725E23
SYNC_NOT_FOUND first4=611E1A52
SYNC_NOT_FOUND first4=576FBBB1
SYNC_NOT_FOUND first4=542BBC09
PHASE_RESULT 23 HF-FLRC-650-255 pktSize=255 rx=0 unique=0 lost=100 per=100.0 rssi_avg=0 rssi_min=0 crc_err=0 garbage=48 tx_lat=0.00000 tx_lon=0.00000 sats=0 fix=0 utc=0 tx_fw=none rx_fw=unknown
PHASE_GUARD 500
PHASE_START 24 HF-FLRC-325-32 pktSize=32
SYNC_NOT_FOUND first4=4ABD911F
2026-07-26T11:38:37.596850+00:00 SYNC_NOT_FOUND first4=ED22A9F2
2026-07-26T11:38:38.607353+00:00 SYNC_NOT_FOUND first4=CD6D1445
PHASE_RESULT 24 HF-FLRC-325-32 pktSize=32 rx=0 unique=0 lost=100 per=100.0 rssi_avg=0 rssi_min=0 crc_err=0 garbage=3 tx_lat=0.00000 tx_lon=0.00000 sats=0 fix=0 utc=0 tx_fw=none rx_fw=unknown
PHASE_GUARD 500
PHASE_START 25 HF-FLRC-325-64 pktSize=64
2026-07-26T11:38:39.619046+00:00 SYNC_NOT_FOUND first4=77226E81
2026-07-26T11:38:40.634974+00:00 TIME_SYNCED utc=1785065919 offset=1785062475
PHASE_RESULT 25 HF-FLRC-325-64 pktSize=64 rx=0 unique=0 lost=100 per=100.0 rssi_avg=0 rssi_min=0 crc_err=0 garbage=1 tx_lat=0.00000 tx_lon=0.00000 sats=0 fix=0 utc=0 tx_fw=none rx_fw=unknown
PHASE_GUARD 500
PHASE_START 26 HF-FLRC-325-128 pktSize=128
2026-07-26T11:38:41.646209+00:00 SYNC_NOT_FOUND first4=4A1F4A14
SYNC_NOT_FOUND first4=FFBC2CE2
SYNC_NOT_FOUND first4=EFADFE74
2026-07-26T11:38:42.662453+00:00 PHASE_RESULT 26 HF-FLRC-325-128 pktSize=128 rx=0 unique=0 lost=100 per=100.0 rssi_avg=0 rssi_min=0 crc_err=0 garbage=3 tx_lat=0.00000 tx_lon=0.00000 sats=0 fix=0 utc=0 tx_fw=none rx_fw=unknown
PHASE_GUARD 500
PHASE_START 27 HF-FLRC-325-255 pktSize=255
SYNC_NOT_FOUND first4=9BA89468
2026-07-26T11:38:44.725242+00:00 PHASE_RESULT 27 HF-FLRC-325-255 pktSize=255 rx=0 unique=0 lost=100 per=100.0 rssi_avg=0 rssi_min=0 crc_err=0 garbage=1 tx_lat=0.00000 tx_lon=0.00000 sats=0 fix=0 utc=0 tx_fw=none rx_fw=unknown
PHASE_GUARD 500
LORA_CFG path=0 bw=0x05 sf=7
PHASE_START 28 LF-LoRa-SF7-32 pktSize=32
2026-07-26T11:38:45.742496+00:00 TIME_SYNCED utc=1785065924 offset=1785062475
2026-07-26T11:38:46.754179+00:00 PHASE_RESULT 28 LF-LoRa-SF7-32 pktSize=32 rx=0 unique=0 lost=20 per=100.0 rssi_avg=0 rssi_min=0 crc_err=0 garbage=0 tx_lat=0.00000 tx_lon=0.00000 sats=0 fix=0 utc=0 tx_fw=none rx_fw=unknown
PHASE_GUARD 500
LORA_CFG path=0 bw=0x05 sf=7
PHASE_START 29 LF-LoRa-SF7-64 pktSize=64
2026-07-26T11:38:49.867294+00:00 PHASE_RESULT 29 LF-LoRa-SF7-64 pktSize=64 rx=0 unique=0 lost=20 per=100.0 rssi_avg=0 rssi_min=0 crc_err=0 garbage=0 tx_lat=0.00000 tx_lon=0.00000 sats=0 fix=0 utc=0 tx_fw=none rx_fw=unknown
PHASE_GUARD 500
LORA_CFG path=0 bw=0x05 sf=7
PHASE_START 30 LF-LoRa-SF7-128 pktSize=128
2026-07-26T11:38:50.884506+00:00 TIME_SYNCED utc=1785065929 offset=1785062475
2026-07-26T11:38:52.946656+00:00 PHASE_RESULT 30 LF-LoRa-SF7-128 pktSize=128 rx=0 unique=0 lost=13 per=100.0 rssi_avg=0 rssi_min=0 crc_err=0 garbage=0 tx_lat=0.00000 tx_lon=0.00000 sats=0 fix=0 utc=0 tx_fw=none rx_fw=unknown
PHASE_GUARD 500
2026-07-26T11:38:53.958659+00:00 LORA_CFG path=0 bw=0x05 sf=7
PHASE_START 31 LF-LoRa-SF7-255 pktSize=255
2026-07-26T11:38:54.976889+00:00 TIME_SYNCED utc=1785065934 offset=1785062475
2026-07-26T11:38:57.040233+00:00 PHASE_RESULT 31 LF-LoRa-SF7-255 pktSize=255 rx=0 unique=0 lost=7 per=100.0 rssi_avg=0 rssi_min=0 crc_err=0 garbage=0 tx_lat=0.00000 tx_lon=0.00000 sats=0 fix=0 utc=0 tx_fw=none rx_fw=unknown
PHASE_GUARD 500
LORA_CFG path=0 bw=0x05 sf=9
2026-07-26T11:38:58.051244+00:00 PHASE_START 32 LF-LoRa-SF9-32 pktSize=32
2026-07-26T11:39:01.165042+00:00 TIME_SYNCED utc=1785065940 offset=1785062475
PHASE_RESULT 32 LF-LoRa-SF9-32 pktSize=32 rx=0 unique=0 lost=7 per=100.0 rssi_avg=0 rssi_min=0 crc_err=0 garbage=0 tx_lat=0.00000 tx_lon=0.00000 sats=0 fix=0 utc=0 tx_fw=none rx_fw=unknown
PHASE_GUARD 500
LORA_CFG path=0 bw=0x05 sf=9
PHASE_START 33 LF-LoRa-SF9-64 pktSize=64
2026-07-26T11:39:04.283186+00:00 PHASE_RESULT 33 LF-LoRa-SF9-64 pktSize=64 rx=0 unique=0 lost=3 per=100.0 rssi_avg=0 rssi_min=0 crc_err=0 garbage=0 tx_lat=0.00000 tx_lon=0.00000 sats=0 fix=0 utc=0 tx_fw=none rx_fw=unknown
PHASE_GUARD 500
LORA_CFG path=0 bw=0x05 sf=9
PHASE_START 34 LF-LoRa-SF9-128 pktSize=128
2026-07-26T11:39:05.300641+00:00 TIME_SYNCED utc=1785065944 offset=1785062475
2026-07-26T11:39:06.312203+00:00 PHASE_RESULT 34 LF-LoRa-SF9-128 pktSize=128 rx=0 unique=0 lost=1 per=100.0 rssi_avg=0 rssi_min=0 crc_err=0 garbage=0 tx_lat=0.00000 tx_lon=0.00000 sats=0 fix=0 utc=0 tx_fw=none rx_fw=unknown
PHASE_GUARD 500
LORA_CFG path=0 bw=0x05 sf=9
PHASE_START 35 LF-LoRa-SF9-255 pktSize=255
2026-07-26T11:39:10.475953+00:00 PHASE_RESULT 35 LF-LoRa-SF9-255 pktSize=255 rx=0 unique=0 lost=1 per=100.0 rssi_avg=0 rssi_min=0 crc_err=0 garbage=0 tx_lat=0.00000 tx_lon=0.00000 sats=0 fix=0 utc=0 tx_fw=none rx_fw=unknown
PHASE_GUARD 500
LORA_CFG path=0 bw=0x05 sf=12
PHASE_START 36 LF-LoRa-SF12-32 pktSize=32
2026-07-26T11:39:11.495316+00:00 TIME_SYNCED utc=1785065950 offset=1785062475
2026-07-26T11:39:15.661380+00:00 TIME_SYNCED utc=1785065954 offset=1785062475
2026-07-26T11:39:21.928355+00:00 TIME_SYNCED utc=1785065960 offset=1785062474
2026-07-26T11:39:25.042429+00:00 TIME_SYNCED utc=1785065964 offset=1785062474
2026-07-26T11:39:26.054364+00:00 PHASE_RESULT 36 LF-LoRa-SF12-32 pktSize=32 rx=0 unique=0 lost=1 per=100.0 rssi_avg=0 rssi_min=0 crc_err=0 garbage=0 tx_lat=0.00000 tx_lon=0.00000 sats=0 fix=0 utc=0 tx_fw=none rx_fw=unknown
PHASE_GUARD 500
LORA_CFG path=0 bw=0x05 sf=12
PHASE_START 37 LF-LoRa-SF12-SKIP SKIP pktSize=64
2026-07-26T11:39:27.065692+00:00 PHASE_RESULT 37 LF-LoRa-SF12-SKIP pktSize=64 rx=0 unique=0 lost=0 per=0.0 rssi_avg=0 rssi_min=0 crc_err=0 garbage=0 tx_lat=0.00000 tx_lon=0.00000 sats=0 fix=0 utc=0 tx_fw=none rx_fw=unknown
PHASE_GUARD 500
LORA_CFG path=0 bw=0x05 sf=12
PHASE_START 38 LF-LoRa-SF12-SKIP SKIP pktSize=128
2026-07-26T11:39:28.076672+00:00 PHASE_RESULT 38 LF-LoRa-SF12-SKIP pktSize=128 rx=0 unique=0 lost=0 per=0.0 rssi_avg=0 rssi_min=0 crc_err=0 garbage=0 tx_lat=0.00000 tx_lon=0.00000 sats=0 fix=0 utc=0 tx_fw=none rx_fw=unknown
PHASE_GUARD 500
LORA_CFG path=0 bw=0x05 sf=12
PHASE_START 39 LF-LoRa-SF12-SKIP SKIP pktSize=255
2026-07-26T11:39:29.087286+00:00 PHASE_RESULT 39 LF-LoRa-SF12-SKIP pktSize=255 rx=0 unique=0 lost=0 per=0.0 rssi_avg=0 rssi_min=0 crc_err=0 garbage=0 tx_lat=0.00000 tx_lon=0.00000 sats=0 fix=0 utc=0 tx_fw=none rx_fw=unknown
PHASE_GUARD 500
PHASE_START 40 LF-FLRC-2600-32 pktSize=32
2026-07-26T11:39:30.099205+00:00 SYNC_NOT_FOUND first4=A892C51E
SYNC_NOT_FOUND first4=6923F2D7
2026-07-26T11:39:31.110675+00:00 PHASE_RESULT 40 LF-FLRC-2600-32 pktSize=32 rx=0 unique=0 lost=100 per=100.0 rssi_avg=0 rssi_min=0 crc_err=0 garbage=2 tx_lat=0.00000 tx_lon=0.00000 sats=0 fix=0 utc=0 tx_fw=none rx_fw=unknown
PHASE_GUARD 500
PHASE_START 41 LF-FLRC-2600-64 pktSize=64
2026-07-26T11:39:32.122809+00:00 TIME_SYNCED utc=1785065971 offset=1785062475
SYNC_NOT_FOUND first4=124ABE01
PHASE_RESULT 41 LF-FLRC-2600-64 pktSize=64 rx=0 unique=0 lost=100 per=100.0 rssi_avg=0 rssi_min=0 crc_err=0 garbage=1 tx_lat=0.00000 tx_lon=0.00000 sats=0 fix=0 utc=0 tx_fw=none rx_fw=unknown
PHASE_GUARD 500
PHASE_START 42 LF-FLRC-2600-128 pktSize=128
2026-07-26T11:39:33.134352+00:00 SYNC_NOT_FOUND first4=323DDAA0
2026-07-26T11:39:34.145638+00:00 SYNC_NOT_FOUND first4=CA6E0348
SYNC_NOT_FOUND first4=82CE2B7D
SYNC_NOT_FOUND first4=0F07E23F
PHASE_RESULT 42 LF-FLRC-2600-128 pktSize=128 rx=0 unique=0 lost=100 per=100.0 rssi_avg=0 rssi_min=0 crc_err=0 garbage=4 tx_lat=0.00000 tx_lon=0.00000 sats=0 fix=0 utc=0 tx_fw=none rx_fw=unknown
PHASE_GUARD 500
PHASE_START 43 LF-FLRC-2600-255 pktSize=255
2026-07-26T11:39:35.157226+00:00 SYNC_NOT_FOUND first4=6ECED0A1
SYNC_NOT_FOUND first4=21DA3535
SYNC_NOT_FOUND first4=9A7E92C6
TIME_SYNCED utc=1785065974 offset=1785062474
2026-07-26T11:39:36.168295+00:00 SYNC_NOT_FOUND first4=77111B17
2026-07-26T11:39:37.179340+00:00 SYNC_NOT_FOUND first4=A07DC729
SYNC_NOT_FOUND first4=0632068A
SYNC_NOT_FOUND first4=B533A39A
PHASE_RESULT 43 LF-FLRC-2600-255 pktSize=255 rx=0 unique=0 lost=100 per=100.0 rssi_avg=0 rssi_min=0 crc_err=0 garbage=7 tx_lat=0.00000 tx_lon=0.00000 sats=0 fix=0 utc=0 tx_fw=none rx_fw=unknown
PHASE_GUARD 500
PHASE_START 44 LF-FLRC-1300-32 pktSize=32
2026-07-26T11:39:39.241935+00:00 SYNC_NOT_FOUND first4=C2DDA7CB
PHASE_RESULT 44 LF-FLRC-1300-32 pktSize=32 rx=0 unique=0 lost=100 per=100.0 rssi_avg=0 rssi_min=0 crc_err=0 garbage=1 tx_lat=0.00000 tx_lon=0.00000 sats=0 fix=0 utc=0 tx_fw=none rx_fw=unknown
PHASE_GUARD 500
PHASE_START 45 LF-FLRC-1300-64 pktSize=64
2026-07-26T11:39:41.303829+00:00 PHASE_RESULT 45 LF-FLRC-1300-64 pktSize=64 rx=0 unique=0 lost=100 per=100.0 rssi_avg=0 rssi_min=0 crc_err=0 garbage=0 tx_lat=0.00000 tx_lon=0.00000 sats=0 fix=0 utc=0 tx_fw=none rx_fw=unknown
PHASE_GUARD 500
PHASE_START 46 LF-FLRC-1300-128 pktSize=128
2026-07-26T11:39:42.319514+00:00 TIME_SYNCED utc=1785065981 offset=1785062475
PHASE_RESULT 46 LF-FLRC-1300-128 pktSize=128 rx=0 unique=0 lost=100 per=100.0 rssi_avg=0 rssi_min=0 crc_err=0 garbage=0 tx_lat=0.00000 tx_lon=0.00000 sats=0 fix=0 utc=0 tx_fw=none rx_fw=unknown
PHASE_GUARD 500
PHASE_START 47 LF-FLRC-1300-255 pktSize=255
2026-07-26T11:39:44.381578+00:00 PHASE_RESULT 47 LF-FLRC-1300-255 pktSize=255 rx=0 unique=0 lost=100 per=100.0 rssi_avg=0 rssi_min=0 crc_err=0 garbage=0 tx_lat=0.00000 tx_lon=0.00000 sats=0 fix=0 utc=0 tx_fw=none rx_fw=unknown
PHASE_GUARD 500
PHASE_START 48 LF-FLRC-650-32 pktSize=32
2026-07-26T11:39:45.393205+00:00 TIME_SYNCED utc=1785065984 offset=1785062474
2026-07-26T11:39:46.404201+00:00 SYNC_NOT_FOUND first4=5C36F043
SYNC_NOT_FOUND first4=5138A1A9
2026-07-26T11:39:47.415752+00:00 PHASE_RESULT 48 LF-FLRC-650-32 pktSize=32 rx=0 unique=0 lost=100 per=100.0 rssi_avg=0 rssi_min=0 crc_err=0 garbage=2 tx_lat=0.00000 tx_lon=0.00000 sats=0 fix=0 utc=0 tx_fw=none rx_fw=unknown
PHASE_GUARD 500
PHASE_START 49 LF-FLRC-650-64 pktSize=64
SYNC_NOT_FOUND first4=05F1D87D
2026-07-26T11:39:48.419359+00:00 SYNC_NOT_FOUND first4=8E62623C
2026-07-26T11:39:49.430231+00:00 SYNC_NOT_FOUND first4=0B572833
SYNC_NOT_FOUND first4=A283ABA9
SYNC_NOT_FOUND first4=C13E49AA
PHASE_RESULT 49 LF-FLRC-650-64 pktSize=64 rx=0 unique=0 lost=100 per=100.0 rssi_avg=0 rssi_min=0 crc_err=0 garbage=5 tx_lat=0.00000 tx_lon=0.00000 sats=0 fix=0 utc=0 tx_fw=none rx_fw=unknown
PHASE_GUARD 500
PHASE_START 50 LF-FLRC-650-128 pktSize=128
SYNC_NOT_FOUND first4=4B597623
2026-07-26T11:39:50.440971+00:00 SYNC_NOT_FOUND first4=B10A92A3
SYNC_NOT_FOUND first4=0625EC23
2026-07-26T11:39:51.444847+00:00 PHASE_RESULT 50 LF-FLRC-650-128 pktSize=128 rx=0 unique=0 lost=100 per=100.0 rssi_avg=0 rssi_min=0 crc_err=0 garbage=3 tx_lat=0.00000 tx_lon=0.00000 sats=0 fix=0 utc=0 tx_fw=none rx_fw=unknown
PHASE_GUARD 500
PHASE_START 51 LF-FLRC-650-255 pktSize=255
SYNC_NOT_FOUND first4=D217C37F
2026-07-26T11:39:52.456294+00:00 TIME_SYNCED utc=1785065991 offset=1785062475
SYNC_NOT_FOUND first4=3BFC30E6
SYNC_NOT_FOUND first4=02044F88
SYNC_NOT_FOUND first4=83E53020
PHASE_RESULT 51 LF-FLRC-650-255 pktSize=255 rx=0 unique=0 lost=100 per=100.0 rssi_avg=0 rssi_min=0 crc_err=0 garbage=4 tx_lat=0.00000 tx_lon=0.00000 sats=0 fix=0 utc=0 tx_fw=none rx_fw=unknown
PHASE_GUARD 500
PHASE_START 52 LF-FLRC-325-32 pktSize=32
2026-07-26T11:39:54.518836+00:00 PHASE_RESULT 52 LF-FLRC-325-32 pktSize=32 rx=0 unique=0 lost=100 per=100.0 rssi_avg=0 rssi_min=0 crc_err=0 garbage=0 tx_lat=0.00000 tx_lon=0.00000 sats=0 fix=0 utc=0 tx_fw=none rx_fw=unknown
PHASE_GUARD 500
PHASE_START 53 LF-FLRC-325-64 pktSize=64
2026-07-26T11:39:55.523295+00:00 TIME_SYNCED utc=1785065994 offset=1785062474
2026-07-26T11:39:56.533328+00:00 SYNC_NOT_FOUND first4=2CAE5D7E
2026-07-26T11:39:57.552349+00:00 PHASE_RESULT 53 LF-FLRC-325-64 pktSize=64 rx=0 unique=0 lost=100 per=100.0 rssi_avg=0 rssi_min=0 crc_err=0 garbage=1 tx_lat=0.00000 tx_lon=0.00000 sats=0 fix=0 utc=0 tx_fw=none rx_fw=unknown
PHASE_GUARD 500
PHASE_START 54 LF-FLRC-325-128 pktSize=128
2026-07-26T11:39:59.615433+00:00 PHASE_RESULT 54 LF-FLRC-325-128 pktSize=128 rx=0 unique=0 lost=100 per=100.0 rssi_avg=0 rssi_min=0 crc_err=0 garbage=0 tx_lat=0.00000 tx_lon=0.00000 sats=0 fix=0 utc=0 tx_fw=none rx_fw=unknown
PHASE_GUARD 500
PHASE_START 55 LF-FLRC-325-255 pktSize=255
2026-07-26T11:40:01.670883+00:00 PHASE_RESULT 55 LF-FLRC-325-255 pktSize=255 rx=0 unique=0 lost=100 per=100.0 rssi_avg=0 rssi_min=0 crc_err=0 garbage=0 tx_lat=0.00000 tx_lon=0.00000 sats=0 fix=0 utc=0 tx_fw=none rx_fw=unknown
PHASE_GUARD 500
LORA_CFG path=1 bw=0x0F sf=7
PHASE_START 0 HF-LoRa-SF7-32 pktSize=32
2026-07-26T11:40:02.681235+00:00 TIME_SYNCED utc=1785066001 offset=1785062475
PHASE_RESULT 0 HF-LoRa-SF7-32 pktSize=32 rx=0 unique=0 lost=20 per=100.0 rssi_avg=0 rssi_min=0 crc_err=0 garbage=0 tx_lat=0.00000 tx_lon=0.00000 sats=0 fix=0 utc=0 tx_fw=none rx_fw=unknown
PHASE_GUARD 500
LORA_CFG path=1 bw=0x0F sf=7
PHASE_START 1 HF-LoRa-SF7-64 pktSize=64
2026-07-26T11:40:04.740391+00:00 PHASE_RESULT 1 HF-LoRa-SF7-64 pktSize=64 rx=0 unique=0 lost=20 per=100.0 rssi_avg=0 rssi_min=0 crc_err=0 garbage=0 tx_lat=0.00000 tx_lon=0.00000 sats=0 fix=0 utc=0 tx_fw=none rx_fw=unknown
PHASE_GUARD 500
LORA_CFG path=1 bw=0x0F sf=7
PHASE_START 2 HF-LoRa-SF7-128 pktSize=128
2026-07-26T11:40:05.744206+00:00 TIME_SYNCED utc=1785066004 offset=1785062474
2026-07-26T11:40:07.800198+00:00 PHASE_RESULT 2 HF-LoRa-SF7-128 pktSize=128 rx=0 unique=0 lost=20 per=100.0 rssi_avg=0 rssi_min=0 crc_err=0 garbage=0 tx_lat=0.00000 tx_lon=0.00000 sats=0 fix=0 utc=0 tx_fw=none rx_fw=unknown
PHASE_GUARD 500
LORA_CFG path=1 bw=0x0F sf=7
PHASE_START 3 HF-LoRa-SF7-255 pktSize=255
2026-07-26T11:40:10.913646+00:00 PHASE_RESULT 3 HF-LoRa-SF7-255 pktSize=255 rx=0 unique=0 lost=20 per=100.0 rssi_avg=0 rssi_min=0 crc_err=0 garbage=0 tx_lat=0.00000 tx_lon=0.00000 sats=0 fix=0 utc=0 tx_fw=none rx_fw=unknown
PHASE_GUARD 500
LORA_CFG path=1 bw=0x0F sf=9
PHASE_START 4 HF-LoRa-SF9-32 pktSize=32
2026-07-26T11:40:11.932291+00:00 PHASE_RESULT 4 HF-LoRa-SF9-32 pktSize=32 rx=0 unique=0 lost=20 per=100.0 rssi_avg=0 rssi_min=0 crc_err=0 garbage=0 tx_lat=0.00000 tx_lon=0.00000 sats=0 fix=0 utc=0 tx_fw=none rx_fw=unknown
PHASE_GUARD 500
2026-07-26T11:40:12.944440+00:00 LORA_CFG path=1 bw=0x0F sf=9
PHASE_START 5 HF-LoRa-SF9-64 pktSize=64
TIME_SYNCED utc=1785066011 offset=1785062474
2026-07-26T11:40:15.006818+00:00 PHASE_RESULT 5 HF-LoRa-SF9-64 pktSize=64 rx=0 unique=0 lost=20 per=100.0 rssi_avg=0 rssi_min=0 crc_err=0 garbage=0 tx_lat=0.00000 tx_lon=0.00000 sats=0 fix=0 utc=0 tx_fw=none rx_fw=unknown
PHASE_GUARD 500
LORA_CFG path=1 bw=0x0F sf=9
2026-07-26T11:40:16.018931+00:00 PHASE_START 6 HF-LoRa-SF9-128 pktSize=128
TIME_SYNCED utc=1785066014 offset=1785062474
2026-07-26T11:40:19.134714+00:00 PHASE_RESULT 6 HF-LoRa-SF9-128 pktSize=128 rx=0 unique=0 lost=13 per=100.0 rssi_avg=0 rssi_min=0 crc_err=0 garbage=0 tx_lat=0.00000 tx_lon=0.00000 sats=0 fix=0 utc=0 tx_fw=none rx_fw=unknown
PHASE_GUARD 500
LORA_CFG path=1 bw=0x0F sf=9
PHASE_START 7 HF-LoRa-SF9-255 pktSize=255
2026-07-26T11:40:22.255299+00:00 PHASE_RESULT 7 HF-LoRa-SF9-255 pktSize=255 rx=0 unique=0 lost=6 per=100.0 rssi_avg=0 rssi_min=0 crc_err=0 garbage=0 tx_lat=0.00000 tx_lon=0.00000 sats=0 fix=0 utc=0 tx_fw=none rx_fw=unknown
PHASE_GUARD 500
LORA_CFG path=1 bw=0x0F sf=12
PHASE_START 8 HF-LoRa-SF12-32 pktSize=32
2026-07-26T11:40:23.269650+00:00 TIME_SYNCED utc=1785066022 offset=1785062475
2026-07-26T11:40:24.280843+00:00 PHASE_RESULT 8 HF-LoRa-SF12-32 pktSize=32 rx=0 unique=0 lost=2 per=100.0 rssi_avg=0 rssi_min=0 crc_err=0 garbage=0 tx_lat=0.00000 tx_lon=0.00000 sats=0 fix=0 utc=0 tx_fw=none rx_fw=unknown
PHASE_GUARD 500
LORA_CFG path=1 bw=0x0F sf=12
PHASE_START 9 HF-LoRa-SF12-64 pktSize=64
2026-07-26T11:40:25.292079+00:00 TIME_SYNCED utc=1785066024 offset=1785062474
2026-07-26T11:40:28.412197+00:00 PHASE_RESULT 9 HF-LoRa-SF12-64 pktSize=64 rx=0 unique=0 lost=1 per=100.0 rssi_avg=0 rssi_min=0 crc_err=0 garbage=0 tx_lat=0.00000 tx_lon=0.00000 sats=0 fix=0 utc=0 tx_fw=none rx_fw=unknown
PHASE_GUARD 500
LORA_CFG path=1 bw=0x0F sf=12
PHASE_START 10 HF-LoRa-SF12-128 pktSize=128
2026-07-26T11:40:33.628348+00:00 TIME_SYNCED utc=1785066032 offset=1785062475
PHASE_RESULT 10 HF-LoRa-SF12-128 pktSize=128 rx=0 unique=0 lost=1 per=100.0 rssi_avg=0 rssi_min=0 crc_err=0 garbage=0 tx_lat=0.00000 tx_lon=0.00000 sats=0 fix=0 utc=0 tx_fw=none rx_fw=unknown
PHASE_GUARD 500
LORA_CFG path=1 bw=0x0F sf=12
PHASE_START 11 HF-LoRa-SF12-255 pktSize=255
2026-07-26T11:40:35.696027+00:00 TIME_SYNCED utc=1785066035 offset=1785062475
2026-07-26T11:40:41.963089+00:00 PHASE_RESULT 11 HF-LoRa-SF12-255 pktSize=255 rx=0 unique=0 lost=1 per=100.0 rssi_avg=0 rssi_min=0 crc_err=0 garbage=0 tx_lat=0.00000 tx_lon=0.00000 sats=0 fix=0 utc=0 tx_fw=none rx_fw=unknown
PHASE_GUARD 500
2026-07-26T11:40:42.981271+00:00 PHASE_START 12 HF-FLRC-2600-32 pktSize=32
SYNC_NOT_FOUND first4=6C1675B6
SYNC_NOT_FOUND first4=2274CE72
SYNC_NOT_FOUND first4=309FC41F
SYNC_NOT_FOUND first4=A4963A22
SYNC_NOT_FOUND first4=F58D2709
SYNC_NOT_FOUND first4=213CE839
2026-07-26T11:40:43.992070+00:00 TIME_SYNCED utc=1785066042 offset=1785062474
SYNC_NOT_FOUND first4=D2D27633
SYNC_NOT_FOUND first4=2D859807
SYNC_NOT_FOUND first4=5165B639
SYNC_NOT_FOUND first4=27D6B8FF
SYNC_NOT_FOUND first4=25E69452
2026-07-26T11:40:45.003357+00:00 SYNC_NOT_FOUND first4=48E7B063
SYNC_NOT_FOUND first4=07122700
SYNC_NOT_FOUND first4=7D731CB7
SYNC_NOT_FOUND first4=239AFB11
PHASE_RESULT 12 HF-FLRC-2600-32 pktSize=32 rx=0 unique=0 lost=100 per=100.0 rssi_avg=0 rssi_min=0 crc_err=0 garbage=15 tx_lat=0.00000 tx_lon=0.00000 sats=0 fix=0 utc=0 tx_fw=none rx_fw=unknown
PHASE_GUARD 500
2026-07-26T11:40:46.017859+00:00 PHASE_START 13 HF-FLRC-2600-64 pktSize=64
TIME_SYNCED utc=1785066045 offset=1785062475
SYNC_NOT_FOUND first4=C847C0E9
SYNC_NOT_FOUND first4=F384DBFC
SYNC_NOT_FOUND first4=0614E09A
SYNC_NOT_FOUND first4=C4599D52
SYNC_NOT_FOUND first4=17B0AF9C
SYNC_NOT_FOUND first4=3F02420E
SYNC_NOT_FOUND first4=D0972C5A
SYNC_NOT_FOUND first4=434EFAA7
PHASE_RESULT 13 HF-FLRC-2600-64 pktSize=64 rx=0 unique=0 lost=100 per=100.0 rssi_avg=0 rssi_min=0 crc_err=0 garbage=8 tx_lat=0.00000 tx_lon=0.00000 sats=0 fix=0 utc=0 tx_fw=none rx_fw=unknown
PHASE_GUARD 500
2026-07-26T11:40:47.036316+00:00 PHASE_START 14 HF-FLRC-2600-128 pktSize=128
SYNC_NOT_FOUND first4=B01C04D6
SYNC_NOT_FOUND first4=DB889222
SYNC_NOT_FOUND first4=51F3D09E
2026-07-26T11:40:48.048358+00:00 SYNC_NOT_FOUND first4=9F363418
SYNC_NOT_FOUND first4=69FCA2E1
PHASE_RESULT 14 HF-FLRC-2600-128 pktSize=128 rx=0 unique=0 lost=100 per=100.0 rssi_avg=0 rssi_min=0 crc_err=0 garbage=5 tx_lat=0.00000 tx_lon=0.00000 sats=0 fix=0 utc=0 tx_fw=none rx_fw=unknown
PHASE_GUARD 500
PHASE_START 15 HF-FLRC-2600-255 pktSize=255
2026-07-26T11:40:49.059772+00:00 SYNC_NOT_FOUND first4=2D574D3D
SYNC_NOT_FOUND first4=A61F19F5
SYNC_NOT_FOUND first4=695C284B
SYNC_NOT_FOUND first4=E97D52DF
SYNC_NOT_FOUND first4=C4EBD19E
2026-07-26T11:40:50.071072+00:00 SYNC_NOT_FOUND first4=900A2200
SYNC_NOT_FOUND first4=AB6646F5
SYNC_NOT_FOUND first4=B62CBC3E
SYNC_NOT_FOUND first4=9F500836
SYNC_NOT_FOUND first4=0E7856CE
SYNC_NOT_FOUND first4=2634A543
SYNC_NOT_FOUND first4=0977A40A
PHASE_RESULT 15 HF-FLRC-2600-255 pktSize=255 rx=0 unique=0 lost=100 per=100.0 rssi_avg=0 rssi_min=0 crc_err=0 garbage=12 tx_lat=0.00000 tx_lon=0.00000 sats=0 fix=0 utc=0 tx_fw=none rx_fw=unknown
PHASE_GUARD 500
PHASE_START 16 HF-FLRC-1300-32 pktSize=32
2026-07-26T11:40:51.082081+00:00 SYNC_NOT_FOUND first4=EDD37B86
SYNC_NOT_FOUND first4=218E13B5
SYNC_NOT_FOUND first4=55D5E3B1
SYNC_NOT_FOUND first4=7027F277
SYNC_NOT_FOUND first4=417A7FF9
SYNC_NOT_FOUND first4=D6EB68CE
SYNC_NOT_FOUND first4=86C22947
2026-07-26T11:40:52.094926+00:00 SYNC_NOT_FOUND first4=B6E6D94E
SYNC_NOT_FOUND first4=9167EA06
SYNC_NOT_FOUND first4=A6EE358E
SYNC_NOT_FOUND first4=94840A6A
SYNC_NOT_FOUND first4=A59DF049
SYNC_NOT_FOUND first4=0A117DA4
PHASE_RESULT 16 HF-FLRC-1300-32 pktSize=32 rx=0 unique=0 lost=100 per=100.0 rssi_avg=0 rssi_min=0 crc_err=0 garbage=13 tx_lat=0.00000 tx_lon=0.00000 sats=0 fix=0 utc=0 tx_fw=none rx_fw=unknown
PHASE_GUARD 500
PHASE_START 17 HF-FLRC-1300-64 pktSize=64
2026-07-26T11:40:53.106352+00:00 SYNC_NOT_FOUND first4=5ABE7752
SYNC_NOT_FOUND first4=86E102A5
SYNC_NOT_FOUND first4=6AC6C678
SYNC_NOT_FOUND first4=CEA7C1BF
SYNC_NOT_FOUND first4=EEEF1BBD
SYNC_NOT_FOUND first4=9E69ADE5
SYNC_NOT_FOUND first4=8B0B8B16
2026-07-26T11:40:54.124263+00:00 TIME_SYNCED utc=1785066053 offset=1785062475
SYNC_NOT_FOUND first4=38DFB188
SYNC_NOT_FOUND first4=9DABC626
PHASE_RESULT 17 HF-FLRC-1300-64 pktSize=64 rx=0 unique=0 lost=100 per=100.0 rssi_avg=0 rssi_min=0 crc_err=0 garbage=9 tx_lat=0.00000 tx_lon=0.00000 sats=0 fix=0 utc=0 tx_fw=none rx_fw=unknown
PHASE_GUARD 500
PHASE_START 18 HF-FLRC-1300-128 pktSize=128
SYNC_NOT_FOUND first4=10EBA30D
2026-07-26T11:40:55.135247+00:00 SYNC_NOT_FOUND first4=6879D8F0
SYNC_NOT_FOUND first4=F2326288
SYNC_NOT_FOUND first4=3CBCC35F
SYNC_NOT_FOUND first4=57257A87
SYNC_NOT_FOUND first4=19E3E7DD
TIME_SYNCED utc=1785066055 offset=1785062475
2026-07-26T11:40:56.146523+00:00 SYNC_NOT_FOUND first4=9BCDE7CE
SYNC_NOT_FOUND first4=5ABFE63E
SYNC_NOT_FOUND first4=40B91CD1
PHASE_RESULT 18 HF-FLRC-1300-128 pktSize=128 rx=0 unique=0 lost=100 per=100.0 rssi_avg=0 rssi_min=0 crc_err=0 garbage=9 tx_lat=0.00000 tx_lon=0.00000 sats=0 fix=0 utc=0 tx_fw=none rx_fw=unknown
PHASE_GUARD 500
PHASE_START 19 HF-FLRC-1300-255 pktSize=255
SYNC_NOT_FOUND first4=A7F42DE4
2026-07-26T11:40:57.156203+00:00 SYNC_NOT_FOUND first4=A8314266
SYNC_NOT_FOUND first4=FB560A89
SYNC_NOT_FOUND first4=DE817322
SYNC_NOT_FOUND first4=BAC88A0C
2026-07-26T11:40:58.173677+00:00 SYNC_NOT_FOUND first4=70082FC9
PHASE_RESULT 19 HF-FLRC-1300-255 pktSize=255 rx=0 unique=0 lost=100 per=100.0 rssi_avg=0 rssi_min=0 crc_err=0 garbage=6 tx_lat=0.00000 tx_lon=0.00000 sats=0 fix=0 utc=0 tx_fw=none rx_fw=unknown
PHASE_GUARD 500
PHASE_START 20 HF-FLRC-650-32 pktSize=32
SYNC_NOT_FOUND first4=516EA3D7
SYNC_NOT_FOUND first4=D2AAB096
2026-07-26T11:40:59.189181+00:00 SYNC_NOT_FOUND first4=30E1B641
SYNC_NOT_FOUND first4=A3FEAEF8
SYNC_NOT_FOUND first4=64D23556
SYNC_NOT_FOUND first4=9B123AD5
SYNC_NOT_FOUND first4=BF9801B6
SYNC_NOT_FOUND first4=0585606A
SYNC_NOT_FOUND first4=D0EEB16D
SYNC_NOT_FOUND first4=86BA621F
SYNC_NOT_FOUND first4=B1C0E09A
SYNC_NOT_FOUND first4=625950B1
SYNC_NOT_FOUND first4=928CE0FC
SYNC_NOT_FOUND first4=ABB81F40
SYNC_NOT_FOUND first4=77810858
SYNC_NOT_FOUND first4=77766664
SYNC_NOT_FOUND first4=05D13061
SYNC_NOT_FOUND first4=897FC551
SYNC_NOT_FOUND first4=1B332A6A
2026-07-26T11:41:00.200302+00:00 SYNC_NOT_FOUND first4=47034504
SYNC_NOT_FOUND first4=B1FC707A
SYNC_NOT_FOUND first4=FE6EBB93
SYNC_NOT_FOUND first4=3940536C
SYNC_NOT_FOUND first4=D00AD61E
SYNC_NOT_FOUND first4=E7ADF960
SYNC_NOT_FOUND first4=BD3D51BA
SYNC_NOT_FOUND first4=72D35E24
SYNC_NOT_FOUND first4=E7D653BC
SYNC_NOT_FOUND first4=A049C115
SYNC_NOT_FOUND first4=5A5BDB4A
SYNC_NOT_FOUND first4=6F5C4CE1
PHASE_RESULT 20 HF-FLRC-650-32 pktSize=32 rx=0 unique=0 lost=100 per=100.0 rssi_avg=0 rssi_min=0 crc_err=0 garbage=31 tx_lat=0.00000 tx_lon=0.00000 sats=0 fix=0 utc=0 tx_fw=none rx_fw=unknown
PHASE_GUARD 500
PHASE_START 21 HF-FLRC-650-64 pktSize=64
SYNC_NOT_FOUND first4=84FB733E
SYNC_NOT_FOUND first4=D1EBE98F
SYNC_NOT_FOUND first4=6314C167
SYNC_NOT_FOUND first4=43449ABB
SYNC_NOT_FOUND first4=49B3E4C7
SYNC_NOT_FOUND first4=439B8183
2026-07-26T11:41:01.211229+00:00 SYNC_NOT_FOUND first4=1BC9CB14
SYNC_NOT_FOUND first4=A1FF6B06
SYNC_NOT_FOUND first4=CE04B833
SYNC_NOT_FOUND first4=5250B01A
SYNC_NOT_FOUND first4=67CC8637
SYNC_NOT_FOUND first4=AA8A6513
SYNC_NOT_FOUND first4=B24F0639
SYNC_NOT_FOUND first4=CEB8B25F
SYNC_NOT_FOUND first4=94176184
SYNC_NOT_FOUND first4=F433F01B
SYNC_NOT_FOUND first4=10642C1D
SYNC_NOT_FOUND first4=0B5DA6E3
SYNC_NOT_FOUND first4=E42EC5F6
SYNC_NOT_FOUND first4=E05D2FE8
SYNC_NOT_FOUND first4=B40EA81A
SYNC_NOT_FOUND first4=0F109C18
SYNC_NOT_FOUND first4=9BC4A23E
SYNC_NOT_FOUND first4=EBD39A28
SYNC_NOT_FOUND first4=288A5447
2026-07-26T11:41:02.227799+00:00 SYNC_NOT_FOUND first4=9BA0B7A5
SYNC_NOT_FOUND first4=114383D7
SYNC_NOT_FOUND first4=BBE09653
SYNC_NOT_FOUND first4=E86399E6
SYNC_NOT_FOUND first4=BDE2C7D6
SYNC_NOT_FOUND first4=96CED979
SYNC_NOT_FOUND first4=E20C9061
SYNC_NOT_FOUND first4=1CE59B1E
SYNC_NOT_FOUND first4=906FD4DD
SYNC_NOT_FOUND first4=A99F0C24
SYNC_NOT_FOUND first4=F98AB0FD
SYNC_NOT_FOUND first4=C25D931F
SYNC_NOT_FOUND first4=9BA57045
SYNC_NOT_FOUND first4=509874BE
SYNC_NOT_FOUND first4=D7629A73
SYNC_NOT_FOUND first4=7923FC93
SYNC_NOT_FOUND first4=09462251
SYNC_NOT_FOUND first4=74395EFA
PHASE_RESULT 21 HF-FLRC-650-64 pktSize=64 rx=0 unique=0 lost=100 per=100.0 rssi_avg=0 rssi_min=0 crc_err=0 garbage=43 tx_lat=0.00000 tx_lon=0.00000 sats=0 fix=0 utc=0 tx_fw=none rx_fw=unknown
PHASE_GUARD 500
PHASE_START 22 HF-FLRC-650-128 pktSize=128
SYNC_NOT_FOUND first4=3B7D544A
SYNC_NOT_FOUND first4=5CF6835C
SYNC_NOT_FOUND first4=15F4E73B
2026-07-26T11:41:03.239213+00:00 SYNC_NOT_FOUND first4=62661C2F
SYNC_NOT_FOUND first4=720338D6
SYNC_NOT_FOUND first4=B3C3629C
SYNC_NOT_FOUND first4=FEF1F4BC
SYNC_NOT_FOUND first4=9E6FB46C
SYNC_NOT_FOUND first4=81BE69A3
SYNC_NOT_FOUND first4=06D732AA
SYNC_NOT_FOUND first4=3BF65B4C
SYNC_NOT_FOUND first4=51F198D3
SYNC_NOT_FOUND first4=23A786C7
SYNC_NOT_FOUND first4=2364D040
SYNC_NOT_FOUND first4=1C54FFC5
SYNC_NOT_FOUND first4=7E6E9F0F
SYNC_NOT_FOUND first4=5066A469
SYNC_NOT_FOUND first4=2DCF7C89
SYNC_NOT_FOUND first4=C8B18099
SYNC_NOT_FOUND first4=78619945
SYNC_NOT_FOUND first4=99A234EC
SYNC_NOT_FOUND first4=5ABF74B9
SYNC_NOT_FOUND first4=7EC85492
SYNC_NOT_FOUND first4=0C0CCCDE
SYNC_NOT_FOUND first4=3D7BCDB2
SYNC_NOT_FOUND first4=9B7E5C9A
SYNC_NOT_FOUND first4=0D204A1D
SYNC_NOT_FOUND first4=701A0A49
SYNC_NOT_FOUND first4=B5AC1C6B
SYNC_NOT_FOUND first4=E6992A1D
SYNC_NOT_FOUND first4=175E4283
SYNC_NOT_FOUND first4=1C639085
2026-07-26T11:41:04.257631+00:00 TIME_SYNCED utc=1785066063 offset=1785062475
SYNC_NOT_FOUND first4=0E15FB7C
SYNC_NOT_FOUND first4=58B70804
SYNC_NOT_FOUND first4=CDC3B1FB
SYNC_NOT_FOUND first4=E14C7401
SYNC_NOT_FOUND first4=E5E5B6B4
SYNC_NOT_FOUND first4=E075C25E
SYNC_NOT_FOUND first4=AC87C2A8
SYNC_NOT_FOUND first4=53E740DE
SYNC_NOT_FOUND first4=80E7A37A
SYNC_NOT_FOUND first4=461D5691
SYNC_NOT_FOUND first4=E4437960
SYNC_NOT_FOUND first4=0171E0D0
SYNC_NOT_FOUND first4=B1C16F85
SYNC_NOT_FOUND first4=3912506C
SYNC_NOT_FOUND first4=B3950E0C
SYNC_NOT_FOUND first4=8A710126
SYNC_NOT_FOUND first4=28F4C6CC
SYNC_NOT_FOUND first4=EC4E2DAC
SYNC_NOT_FOUND first4=2365750D
SYNC_NOT_FOUND first4=B4887026
PHASE_RESULT 22 HF-FLRC-650-128 pktSize=128 rx=0 unique=0 lost=100 per=100.0 rssi_avg=0 rssi_min=0 crc_err=0 garbage=52 tx_lat=0.00000 tx_lon=0.00000 sats=0 fix=0 utc=0 tx_fw=none rx_fw=unknown
PHASE_GUARD 500
PHASE_START 23 HF-FLRC-650-255 pktSize=255
SYNC_NOT_FOUND first4=639C35B7
SYNC_NOT_FOUND first4=7A9A1B62
SYNC_NOT_FOUND first4=CAACD4E7
SYNC_NOT_FOUND first4=7D1DC23F
SYNC_NOT_FOUND first4=7A402C91
SYNC_NOT_FOUND first4=5FA09469
SYNC_NOT_FOUND first4=41AC6184
SYNC_NOT_FOUND first4=D801E2D3
SYNC_NOT_FOUND first4=6F796D7D
2026-07-26T11:41:05.268793+00:00 SYNC_NOT_FOUND first4=5C2EF9AE
SYNC_NOT_FOUND first4=F61E27B9
SYNC_NOT_FOUND first4=3413FF01
SYNC_NOT_FOUND first4=3B469BC5
SYNC_NOT_FOUND first4=46A30E42
SYNC_NOT_FOUND first4=FD177A90
SYNC_NOT_FOUND first4=67D09E5F
SYNC_NOT_FOUND first4=15CF6665
SYNC_NOT_FOUND first4=1793F9FB
SYNC_NOT_FOUND first4=E1E79766
SYNC_NOT_FOUND first4=82827300
SYNC_NOT_FOUND first4=9A1F7FD9
SYNC_NOT_FOUND first4=EE46703A
SYNC_NOT_FOUND first4=847EDA19
SYNC_NOT_FOUND first4=D847AF62
SYNC_NOT_FOUND first4=37AD6A35
TIME_SYNCED utc=1785066065 offset=1785062475
SYNC_NOT_FOUND first4=02A1C92A
SYNC_NOT_FOUND first4=85ADE03F
SYNC_NOT_FOUND first4=188A1732
2026-07-26T11:41:06.280260+00:00 SYNC_NOT_FOUND first4=F0A1451A
SYNC_NOT_FOUND first4=6033EAAD
SYNC_NOT_FOUND first4=9A97C198
SYNC_NOT_FOUND first4=584EF4EC
SYNC_NOT_FOUND first4=2329948D
PHASE_RESULT 23 HF-FLRC-650-255 pktSize=255 rx=0 unique=0 lost=100 per=100.0 rssi_avg=0 rssi_min=0 crc_err=0 garbage=33 tx_lat=0.00000 tx_lon=0.00000 sats=0 fix=0 utc=0 tx_fw=none rx_fw=unknown
PHASE_GUARD 500
PHASE_START 24 HF-FLRC-325-32 pktSize=32
2026-07-26T11:41:07.295210+00:00 SYNC_NOT_FOUND first4=90BE4322
2026-07-26T11:41:08.305924+00:00 SYNC_NOT_FOUND first4=5508E1FE
SYNC_NOT_FOUND first4=84A9A50D
SYNC_NOT_FOUND first4=1F93269E
PHASE_RESULT 24 HF-FLRC-325-32 pktSize=32 rx=0 unique=0 lost=100 per=100.0 rssi_avg=0 rssi_min=0 crc_err=0 garbage=4 tx_lat=0.00000 tx_lon=0.00000 sats=0 fix=0 utc=0 tx_fw=none rx_fw=unknown
PHASE_GUARD 500
PHASE_START 25 HF-FLRC-325-64 pktSize=64
2026-07-26T11:41:09.317108+00:00 SYNC_NOT_FOUND first4=DC515C43
SYNC_NOT_FOUND first4=A88A6480
SYNC_NOT_FOUND first4=A69941E2
SYNC_NOT_FOUND first4=224EFFA9
SYNC_NOT_FOUND first4=E500C450
SYNC_NOT_FOUND first4=7174228F
2026-07-26T11:41:10.328556+00:00 SYNC_NOT_FOUND first4=CEE6F812
SYNC_NOT_FOUND first4=41AB5A18
PHASE_RESULT 25 HF-FLRC-325-64 pktSize=64 rx=0 unique=0 lost=100 per=100.0 rssi_avg=0 rssi_min=0 crc_err=0 garbage=8 tx_lat=0.00000 tx_lon=0.00000 sats=0 fix=0 utc=0 tx_fw=none rx_fw=unknown
PHASE_GUARD 500
PHASE_START 26 HF-FLRC-325-128 pktSize=128
SYNC_NOT_FOUND first4=DDB35C17
2026-07-26T11:41:11.339940+00:00 SYNC_NOT_FOUND first4=0591A184
SYNC_NOT_FOUND first4=2C443AE3
SYNC_NOT_FOUND first4=068BB14C
2026-07-26T11:41:12.350960+00:00 SYNC_NOT_FOUND first4=D58660E8
SYNC_NOT_FOUND first4=96722305
PHASE_RESULT 26 HF-FLRC-325-128 pktSize=128 rx=0 unique=0 lost=100 per=100.0 rssi_avg=0 rssi_min=0 crc_err=0 garbage=6 tx_lat=0.00000 tx_lon=0.00000 sats=0 fix=0 utc=0 tx_fw=none rx_fw=unknown
PHASE_GUARD 500
PHASE_START 27 HF-FLRC-325-255 pktSize=255
SYNC_NOT_FOUND first4=7C2500E3
SYNC_NOT_FOUND first4=53A81E01
2026-07-26T11:41:13.366753+00:00 SYNC_NOT_FOUND first4=3069C516
SYNC_NOT_FOUND first4=2A819452
SYNC_NOT_FOUND first4=8A655F54
SYNC_NOT_FOUND first4=8D26034D
SYNC_NOT_FOUND first4=B17450CF
2026-07-26T11:41:14.378999+00:00 TIME_SYNCED utc=1785066073 offset=1785062475
PHASE_RESULT 27 HF-FLRC-325-255 pktSize=255 rx=0 unique=0 lost=100 per=100.0 rssi_avg=0 rssi_min=0 crc_err=0 garbage=7 tx_lat=0.00000 tx_lon=0.00000 sats=0 fix=0 utc=0 tx_fw=none rx_fw=unknown
PHASE_GUARD 500
LORA_CFG path=0 bw=0x05 sf=7
PHASE_START 28 LF-LoRa-SF7-32 pktSize=32
2026-07-26T11:41:15.391335+00:00 TIME_SYNCED utc=1785066075 offset=1785062475
2026-07-26T11:41:16.402288+00:00 PHASE_RESULT 28 LF-LoRa-SF7-32 pktSize=32 rx=0 unique=0 lost=20 per=100.0 rssi_avg=0 rssi_min=0 crc_err=0 garbage=0 tx_lat=0.00000 tx_lon=0.00000 sats=0 fix=0 utc=0 tx_fw=none rx_fw=unknown
PHASE_GUARD 500
LORA_CFG path=0 bw=0x05 sf=7
PHASE_START 29 LF-LoRa-SF7-64 pktSize=64
2026-07-26T11:41:19.518596+00:00 PHASE_RESULT 29 LF-LoRa-SF7-64 pktSize=64 rx=0 unique=0 lost=20 per=100.0 rssi_avg=0 rssi_min=0 crc_err=0 garbage=0 tx_lat=0.00000 tx_lon=0.00000 sats=0 fix=0 utc=0 tx_fw=none rx_fw=unknown
PHASE_GUARD 500
LORA_CFG path=0 bw=0x05 sf=7
PHASE_START 30 LF-LoRa-SF7-128 pktSize=128
2026-07-26T11:41:23.688078+00:00 PHASE_RESULT 30 LF-LoRa-SF7-128 pktSize=128 rx=0 unique=0 lost=13 per=100.0 rssi_avg=0 rssi_min=0 crc_err=0 garbage=0 tx_lat=0.00000 tx_lon=0.00000 sats=0 fix=0 utc=0 tx_fw=none rx_fw=unknown
PHASE_GUARD 500
LORA_CFG path=0 bw=0x05 sf=7
PHASE_START 31 LF-LoRa-SF7-255 pktSize=255
2026-07-26T11:41:24.700356+00:00 TIME_SYNCED utc=1785066083 offset=1785062475
2026-07-26T11:41:25.712353+00:00 TIME_SYNCED utc=1785066085 offset=1785062475
2026-07-26T11:41:27.774694+00:00 PHASE_RESULT 31 LF-LoRa-SF7-255 pktSize=255 rx=0 unique=0 lost=7 per=100.0 rssi_avg=0 rssi_min=0 crc_err=0 garbage=0 tx_lat=0.00000 tx_lon=0.00000 sats=0 fix=0 utc=0 tx_fw=none rx_fw=unknown
PHASE_GUARD 500
LORA_CFG path=0 bw=0x05 sf=9
PHASE_START 32 LF-LoRa-SF9-32 pktSize=32
2026-07-26T11:41:30.889545+00:00 PHASE_RESULT 32 LF-LoRa-SF9-32 pktSize=32 rx=0 unique=0 lost=7 per=100.0 rssi_avg=0 rssi_min=0 crc_err=0 garbage=0 tx_lat=0.00000 tx_lon=0.00000 sats=0 fix=0 utc=0 tx_fw=none rx_fw=unknown
PHASE_GUARD 500
2026-07-26T11:41:31.902097+00:00 LORA_CFG path=0 bw=0x05 sf=9
PHASE_START 33 LF-LoRa-SF9-64 pktSize=64
2026-07-26T11:41:33.963861+00:00 PHASE_RESULT 33 LF-LoRa-SF9-64 pktSize=64 rx=0 unique=0 lost=3 per=100.0 rssi_avg=0 rssi_min=0 crc_err=0 garbage=0 tx_lat=0.00000 tx_lon=0.00000 sats=0 fix=0 utc=0 tx_fw=none rx_fw=unknown
PHASE_GUARD 500
LORA_CFG path=0 bw=0x05 sf=9
2026-07-26T11:41:34.975461+00:00 PHASE_START 34 LF-LoRa-SF9-128 pktSize=128
TIME_SYNCED utc=1785066093 offset=1785062474
PHASE_RESULT 34 LF-LoRa-SF9-128 pktSize=128 rx=0 unique=0 lost=1 per=100.0 rssi_avg=0 rssi_min=0 crc_err=0 garbage=0 tx_lat=0.00000 tx_lon=0.00000 sats=0 fix=0 utc=0 tx_fw=none rx_fw=unknown
PHASE_GUARD 500
LORA_CFG path=0 bw=0x05 sf=9
PHASE_START 33 LF-LoRa-SF9-64 pktSize=64
PHASE_RESULT 33 LF-LoRa-SF9-64 pktSize=64 rx=0 unique=0 lost=3 per=100.0 rssi_avg=0 rssi_min=0 crc_err=0 garbage=0 tx_lat=0.00000 tx_lon=0.00000 sats=0 fix=0 utc=0 tx_fw=none rx_fw=unknown
PHASE_GUARD 500
LORA_CFG path=0 bw=0x05 sf=9
2026-07-26T11:41:35.986779+00:00 PHASE_START 34 LF-LoRa-SF9-128 pktSize=128
TIME_SYNCED utc=1785066095 offset=1785062475
PHASE_RESULT 34 LF-LoRa-SF9-128 pktSize=128 rx=0 unique=0 lost=1 per=100.0 rssi_avg=0 rssi_min=0 crc_err=0 garbage=0 tx_lat=0.00000 tx_lon=0.00000 sats=0 fix=0 utc=0 tx_fw=none rx_fw=unknown
PHASE_GUARD 500
LORA_CFG path=0 bw=0x05 sf=9
2026-07-26T11:41:36.999423+00:00 PHASE_START 35 LF-LoRa-SF9-255 pktSize=255
2026-07-26T11:41:40.113238+00:00 PHASE_RESULT 35 LF-LoRa-SF9-255 pktSize=255 rx=0 unique=0 lost=1 per=100.0 rssi_avg=0 rssi_min=0 crc_err=0 garbage=0 tx_lat=0.00000 tx_lon=0.00000 sats=0 fix=0 utc=0 tx_fw=none rx_fw=unknown
PHASE_GUARD 500
LORA_CFG path=0 bw=0x05 sf=12
PHASE_START 36 LF-LoRa-SF12-32 pktSize=32
2026-07-26T11:41:45.331877+00:00 TIME_SYNCED utc=1785066104 offset=1785062475
TIME_SYNCED utc=1785066105 offset=1785062475
2026-07-26T11:41:55.809958+00:00 TIME_SYNCED utc=1785066114 offset=1785062475
PHASE_RESULT 36 LF-LoRa-SF12-32 pktSize=32 rx=0 unique=0 lost=1 per=100.0 rssi_avg=0 rssi_min=0 crc_err=0 garbage=0 tx_lat=0.00000 tx_lon=0.00000 sats=0 fix=0 utc=0 tx_fw=none rx_fw=unknown
PHASE_GUARD 500
LORA_CFG path=0 bw=0x05 sf=12
PHASE_START 37 LF-LoRa-SF12-SKIP SKIP pktSize=64
TIME_SYNCED utc=1785066115 offset=1785062475
2026-07-26T11:41:56.814244+00:00 PHASE_RESULT 37 LF-LoRa-SF12-SKIP pktSize=64 rx=0 unique=0 lost=0 per=0.0 rssi_avg=0 rssi_min=0 crc_err=0 garbage=0 tx_lat=0.00000 tx_lon=0.00000 sats=0 fix=0 utc=0 tx_fw=none rx_fw=unknown
PHASE_GUARD 500
LORA_CFG path=0 bw=0x05 sf=12
PHASE_START 38 LF-LoRa-SF12-SKIP SKIP pktSize=128
2026-07-26T11:41:57.837499+00:00 PHASE_RESULT 38 LF-LoRa-SF12-SKIP pktSize=128 rx=0 unique=0 lost=0 per=0.0 rssi_avg=0 rssi_min=0 crc_err=0 garbage=0 tx_lat=0.00000 tx_lon=0.00000 sats=0 fix=0 utc=0 tx_fw=none rx_fw=unknown
PHASE_GUARD 500
LORA_CFG path=0 bw=0x05 sf=12
PHASE_START 39 LF-LoRa-SF12-SKIP SKIP pktSize=255
2026-07-26T11:41:58.856292+00:00 PHASE_RESULT 39 LF-LoRa-SF12-SKIP pktSize=255 rx=0 unique=0 lost=0 per=0.0 rssi_avg=0 rssi_min=0 crc_err=0 garbage=0 tx_lat=0.00000 tx_lon=0.00000 sats=0 fix=0 utc=0 tx_fw=none rx_fw=unknown
PHASE_GUARD 500
PHASE_START 40 LF-FLRC-2600-32 pktSize=32
SYNC_NOT_FOUND first4=E5318103
2026-07-26T11:41:59.872148+00:00 SYNC_NOT_FOUND first4=55626A20
PHASE_RESULT 40 LF-FLRC-2600-32 pktSize=32 rx=0 unique=0 lost=100 per=100.0 rssi_avg=0 rssi_min=0 crc_err=0 garbage=2 tx_lat=0.00000 tx_lon=0.00000 sats=0 fix=0 utc=0 tx_fw=none rx_fw=unknown
2026-07-26T11:42:00.890909+00:00 PHASE_GUARD 500
PHASE_START 41 LF-FLRC-2600-64 pktSize=64
2026-07-26T11:42:01.901988+00:00 SYNC_NOT_FOUND first4=748D95E1
PHASE_RESULT 41 LF-FLRC-2600-64 pktSize=64 rx=0 unique=0 lost=100 per=100.0 rssi_avg=0 rssi_min=0 crc_err=0 garbage=1 tx_lat=0.00000 tx_lon=0.00000 sats=0 fix=0 utc=0 tx_fw=none rx_fw=unknown
PHASE_GUARD 500
2026-07-26T11:42:02.906382+00:00 PHASE_START 42 LF-FLRC-2600-128 pktSize=128
SYNC_NOT_FOUND first4=80BA21F3
2026-07-26T11:42:03.925460+00:00 SYNC_NOT_FOUND first4=3A2D9C4C
PHASE_RESULT 42 LF-FLRC-2600-128 pktSize=128 rx=0 unique=0 lost=100 per=100.0 rssi_avg=0 rssi_min=0 crc_err=0 garbage=2 tx_lat=0.00000 tx_lon=0.00000 sats=0 fix=0 utc=0 tx_fw=none rx_fw=unknown
PHASE_GUARD 500
2026-07-26T11:42:04.943491+00:00 PHASE_START 43 LF-FLRC-2600-255 pktSize=255
SYNC_NOT_FOUND first4=82BB5DE3
SYNC_NOT_FOUND first4=204185C2
2026-07-26T11:42:05.954995+00:00 TIME_SYNCED utc=1785066124 offset=1785062474
TIME_SYNCED utc=1785066125 offset=1785062475
PHASE_RESULT 43 LF-FLRC-2600-255 pktSize=255 rx=0 unique=0 lost=100 per=100.0 rssi_avg=0 rssi_min=0 crc_err=0 garbage=2 tx_lat=0.00000 tx_lon=0.00000 sats=0 fix=0 utc=0 tx_fw=none rx_fw=unknown
PHASE_GUARD 500
2026-07-26T11:42:06.966734+00:00 PHASE_START 44 LF-FLRC-1300-32 pktSize=32
SYNC_NOT_FOUND first4=2ECF7622
2026-07-26T11:42:07.977682+00:00 PHASE_RESULT 44 LF-FLRC-1300-32 pktSize=32 rx=0 unique=0 lost=100 per=100.0 rssi_avg=0 rssi_min=0 crc_err=0 garbage=1 tx_lat=0.00000 tx_lon=0.00000 sats=0 fix=0 utc=0 tx_fw=none rx_fw=unknown
PHASE_GUARD 500
2026-07-26T11:42:08.991238+00:00 PHASE_START 45 LF-FLRC-1300-64 pktSize=64
2026-07-26T11:42:10.008870+00:00 PHASE_RESULT 45 LF-FLRC-1300-64 pktSize=64 rx=0 unique=0 lost=100 per=100.0 rssi_avg=0 rssi_min=0 crc_err=0 garbage=0 tx_lat=0.00000 tx_lon=0.00000 sats=0 fix=0 utc=0 tx_fw=none rx_fw=unknown
PHASE_GUARD 500
PHASE_START 46 LF-FLRC-1300-128 pktSize=128
2026-07-26T11:42:12.073782+00:00 PHASE_RESULT 46 LF-FLRC-1300-128 pktSize=128 rx=0 unique=0 lost=100 per=100.0 rssi_avg=0 rssi_min=0 crc_err=0 garbage=0 tx_lat=0.00000 tx_lon=0.00000 sats=0 fix=0 utc=0 tx_fw=none rx_fw=unknown
PHASE_GUARD 500
PHASE_START 47 LF-FLRC-1300-255 pktSize=255
2026-07-26T11:42:13.087716+00:00 SYNC_NOT_FOUND first4=33DECF5E
2026-07-26T11:42:14.100996+00:00 PHASE_RESULT 47 LF-FLRC-1300-255 pktSize=255 rx=0 unique=0 lost=100 per=100.0 rssi_avg=0 rssi_min=0 crc_err=0 garbage=1 tx_lat=0.00000 tx_lon=0.00000 sats=0 fix=0 utc=0 tx_fw=none rx_fw=unknown
PHASE_GUARD 500
PHASE_START 48 LF-FLRC-650-32 pktSize=32
SYNC_NOT_FOUND first4=DFF93A4E
2026-07-26T11:42:16.165436+00:00 TIME_SYNCED utc=1785066135 offset=1785062475
TIME_SYNCED utc=1785066135 offset=1785062475
SYNC_NOT_FOUND first4=DFF42AB6
PHASE_RESULT 48 LF-FLRC-650-32 pktSize=32 rx=0 unique=0 lost=100 per=100.0 rssi_avg=0 rssi_min=0 crc_err=0 garbage=2 tx_lat=0.00000 tx_lon=0.00000 sats=0 fix=0 utc=0 tx_fw=none rx_fw=unknown
PHASE_GUARD 500
PHASE_START 49 LF-FLRC-650-64 pktSize=64
SYNC_NOT_FOUND first4=321A61D9
SYNC_NOT_FOUND first4=B54AB293
2026-07-26T11:42:17.188567+00:00 SYNC_NOT_FOUND first4=9B987D73
2026-07-26T11:42:18.199644+00:00 PHASE_RESULT 49 LF-FLRC-650-64 pktSize=64 rx=0 unique=0 lost=100 per=100.0 rssi_avg=0 rssi_min=0 crc_err=0 garbage=3 tx_lat=0.00000 tx_lon=0.00000 sats=0 fix=0 utc=0 tx_fw=none rx_fw=unknown
PHASE_GUARD 500
PHASE_START 50 LF-FLRC-650-128 pktSize=128
SYNC_NOT_FOUND first4=6E85717C
2026-07-26T11:42:19.210426+00:00 SYNC_NOT_FOUND first4=12155E0E
SYNC_NOT_FOUND first4=DFC350FA
SYNC_NOT_FOUND first4=9B577EE6
SYNC_NOT_FOUND first4=5AB875BA
2026-07-26T11:42:20.229434+00:00 PHASE_RESULT 50 LF-FLRC-650-128 pktSize=128 rx=0 unique=0 lost=100 per=100.0 rssi_avg=0 rssi_min=0 crc_err=0 garbage=5 tx_lat=0.00000 tx_lon=0.00000 sats=0 fix=0 utc=0 tx_fw=none rx_fw=unknown
PHASE_GUARD 500
PHASE_START 51 LF-FLRC-650-255 pktSize=255
SYNC_NOT_FOUND first4=80C98D6C
2026-07-26T11:42:21.240602+00:00 SYNC_NOT_FOUND first4=9436FCE2
SYNC_NOT_FOUND first4=9FBF6424
SYNC_NOT_FOUND first4=51D52BEC
2026-07-26T11:42:22.251769+00:00 SYNC_NOT_FOUND first4=811205A1
SYNC_NOT_FOUND first4=2538CFC4
PHASE_RESULT 51 LF-FLRC-650-255 pktSize=255 rx=0 unique=0 lost=100 per=100.0 rssi_avg=0 rssi_min=0 crc_err=0 garbage=6 tx_lat=0.00000 tx_lon=0.00000 sats=0 fix=0 utc=0 tx_fw=none rx_fw=unknown
PHASE_GUARD 500
PHASE_START 52 LF-FLRC-325-32 pktSize=32
2026-07-26T11:42:24.316922+00:00 PHASE_RESULT 52 LF-FLRC-325-32 pktSize=32 rx=0 unique=0 lost=100 per=100.0 rssi_avg=0 rssi_min=0 crc_err=0 garbage=0 tx_lat=0.00000 tx_lon=0.00000 sats=0 fix=0 utc=0 tx_fw=none rx_fw=unknown
PHASE_GUARD 500
PHASE_START 53 LF-FLRC-325-64 pktSize=64
2026-07-26T11:42:25.331748+00:00 TIME_SYNCED utc=1785066145 offset=1785062475
2026-07-26T11:42:26.348185+00:00 TIME_SYNCED utc=1785066145 offset=1785062475
PHASE_RESULT 53 LF-FLRC-325-64 pktSize=64 rx=0 unique=0 lost=100 per=100.0 rssi_avg=0 rssi_min=0 crc_err=0 garbage=0 tx_lat=0.00000 tx_lon=0.00000 sats=0 fix=0 utc=0 tx_fw=none rx_fw=unknown
PHASE_GUARD 500
PHASE_START 54 LF-FLRC-325-128 pktSize=128
2026-07-26T11:42:28.411195+00:00 PHASE_RESULT 54 LF-FLRC-325-128 pktSize=128 rx=0 unique=0 lost=100 per=100.0 rssi_avg=0 rssi_min=0 crc_err=0 garbage=0 tx_lat=0.00000 tx_lon=0.00000 sats=0 fix=0 utc=0 tx_fw=none rx_fw=unknown
PHASE_GUARD 500
PHASE_START 55 LF-FLRC-325-255 pktSize=255
2026-07-26T11:42:29.427306+00:00 SYNC_NOT_FOUND first4=B4A6B6EF
2026-07-26T11:42:30.440760+00:00 PHASE_RESULT 55 LF-FLRC-325-255 pktSize=255 rx=0 unique=0 lost=100 per=100.0 rssi_avg=0 rssi_min=0 crc_err=0 garbage=1 tx_lat=0.00000 tx_lon=0.00000 sats=0 fix=0 utc=0 tx_fw=none rx_fw=unknown
PHASE_GUARD 500
LORA_CFG path=1 bw=0x0F sf=7
PHASE_START 0 HF-LoRa-SF7-32 pktSize=32
2026-07-26T11:42:32.508327+00:00 PHASE_RESULT 0 HF-LoRa-SF7-32 pktSize=32 rx=0 unique=0 lost=20 per=100.0 rssi_avg=0 rssi_min=0 crc_err=0 garbage=0 tx_lat=0.00000 tx_lon=0.00000 sats=0 fix=0 utc=0 tx_fw=none rx_fw=unknown
PHASE_GUARD 500
LORA_CFG path=1 bw=0x0F sf=7
PHASE_START 1 HF-LoRa-SF7-64 pktSize=64
2026-07-26T11:42:34.571259+00:00 PHASE_RESULT 1 HF-LoRa-SF7-64 pktSize=64 rx=0 unique=0 lost=20 per=100.0 rssi_avg=0 rssi_min=0 crc_err=0 garbage=0 tx_lat=0.00000 tx_lon=0.00000 sats=0 fix=0 utc=0 tx_fw=none rx_fw=unknown
PHASE_GUARD 500
LORA_CFG path=1 bw=0x0F sf=7
PHASE_START 2 HF-LoRa-SF7-128 pktSize=128
2026-07-26T11:42:35.585196+00:00 TIME_SYNCED utc=1785066155 offset=1785062475
2026-07-26T11:42:36.603666+00:00 TIME_SYNCED utc=1785066155 offset=1785062475
PHASE_RESULT 2 HF-LoRa-SF7-128 pktSize=128 rx=0 unique=0 lost=20 per=100.0 rssi_avg=0 rssi_min=0 crc_err=0 garbage=0 tx_lat=0.00000 tx_lon=0.00000 sats=0 fix=0 utc=0 tx_fw=none rx_fw=unknown
PHASE_GUARD 500
LORA_CFG path=1 bw=0x0F sf=7
PHASE_START 3 HF-LoRa-SF7-255 pktSize=255
2026-07-26T11:42:39.725172+00:00 PHASE_RESULT 3 HF-LoRa-SF7-255 pktSize=255 rx=0 unique=0 lost=20 per=100.0 rssi_avg=0 rssi_min=0 crc_err=0 garbage=0 tx_lat=0.00000 tx_lon=0.00000 sats=0 fix=0 utc=0 tx_fw=none rx_fw=unknown
PHASE_GUARD 500
LORA_CFG path=1 bw=0x0F sf=9
PHASE_START 4 HF-LoRa-SF9-32 pktSize=32
2026-07-26T11:42:41.792353+00:00 PHASE_RESULT 4 HF-LoRa-SF9-32 pktSize=32 rx=0 unique=0 lost=20 per=100.0 rssi_avg=0 rssi_min=0 crc_err=0 garbage=0 tx_lat=0.00000 tx_lon=0.00000 sats=0 fix=0 utc=0 tx_fw=none rx_fw=unknown
PHASE_GUARD 500
LORA_CFG path=1 bw=0x0F sf=9
PHASE_START 5 HF-LoRa-SF9-64 pktSize=64
2026-07-26T11:42:43.854690+00:00 PHASE_RESULT 5 HF-LoRa-SF9-64 pktSize=64 rx=0 unique=0 lost=20 per=100.0 rssi_avg=0 rssi_min=0 crc_err=0 garbage=0 tx_lat=0.00000 tx_lon=0.00000 sats=0 fix=0 utc=0 tx_fw=none rx_fw=unknown
2026-07-26T11:42:44.868216+00:00 PHASE_GUARD 500
LORA_CFG path=1 bw=0x0F sf=9
PHASE_START 6 HF-LoRa-SF9-128 pktSize=128
2026-07-26T11:42:45.886127+00:00 TIME_SYNCED utc=1785066165 offset=1785062475
2026-07-26T11:42:46.905777+00:00 TIME_SYNCED utc=1785066165 offset=1785062474
2026-07-26T11:42:48.967580+00:00 PHASE_RESULT 6 HF-LoRa-SF9-128 pktSize=128 rx=0 unique=0 lost=13 per=100.0 rssi_avg=0 rssi_min=0 crc_err=0 garbage=0 tx_lat=0.00000 tx_lon=0.00000 sats=0 fix=0 utc=0 tx_fw=none rx_fw=unknown
PHASE_GUARD 500
LORA_CFG path=1 bw=0x0F sf=9
2026-07-26T11:42:49.979581+00:00 PHASE_START 7 HF-LoRa-SF9-255 pktSize=255
2026-07-26T11:42:52.048873+00:00 PHASE_RESULT 7 HF-LoRa-SF9-255 pktSize=255 rx=0 unique=0 lost=6 per=100.0 rssi_avg=0 rssi_min=0 crc_err=0 garbage=0 tx_lat=0.00000 tx_lon=0.00000 sats=0 fix=0 utc=0 tx_fw=none rx_fw=unknown
PHASE_GUARD 500
LORA_CFG path=1 bw=0x0F sf=12
PHASE_START 8 HF-LoRa-SF12-32 pktSize=32
2026-07-26T11:42:55.166609+00:00 PHASE_RESULT 8 HF-LoRa-SF12-32 pktSize=32 rx=0 unique=0 lost=2 per=100.0 rssi_avg=0 rssi_min=0 crc_err=0 garbage=0 tx_lat=0.00000 tx_lon=0.00000 sats=0 fix=0 utc=0 tx_fw=none rx_fw=unknown
PHASE_GUARD 500
LORA_CFG path=1 bw=0x0F sf=12
PHASE_START 9 HF-LoRa-SF12-64 pktSize=64
2026-07-26T11:42:56.188456+00:00 TIME_SYNCED utc=1785066175 offset=1785062475
2026-07-26T11:42:57.202272+00:00 TIME_SYNCED utc=1785066176 offset=1785062475
PHASE_RESULT 9 HF-LoRa-SF12-64 pktSize=64 rx=0 unique=0 lost=1 per=100.0 rssi_avg=0 rssi_min=0 crc_err=0 garbage=0 tx_lat=0.00000 tx_lon=0.00000 sats=0 fix=0 utc=0 tx_fw=none rx_fw=unknown
PHASE_GUARD 500
LORA_CFG path=1 bw=0x0F sf=12
PHASE_START 10 HF-LoRa-SF12-128 pktSize=128
2026-07-26T11:43:02.417871+00:00 PHASE_RESULT 10 HF-LoRa-SF12-128 pktSize=128 rx=0 unique=0 lost=1 per=100.0 rssi_avg=0 rssi_min=0 crc_err=0 garbage=0 tx_lat=0.00000 tx_lon=0.00000 sats=0 fix=0 utc=0 tx_fw=none rx_fw=unknown
PHASE_GUARD 500
LORA_CFG path=1 bw=0x0F sf=12
PHASE_START 11 HF-LoRa-SF12-255 pktSize=255
2026-07-26T11:43:05.533824+00:00 TIME_SYNCED utc=1785066185 offset=1785062475
2026-07-26T11:43:07.603714+00:00 TIME_SYNCED utc=1785066186 offset=1785062475
2026-07-26T11:43:12.819363+00:00 PHASE_RESULT 11 HF-LoRa-SF12-255 pktSize=255 rx=0 unique=0 lost=1 per=100.0 rssi_avg=0 rssi_min=0 crc_err=0 garbage=0 tx_lat=0.00000 tx_lon=0.00000 sats=0 fix=0 utc=0 tx_fw=none rx_fw=unknown
PHASE_GUARD 500
PHASE_START 12 HF-FLRC-2600-32 pktSize=32
SYNC_NOT_FOUND first4=110B92C8
SYNC_NOT_FOUND first4=523347DB
SYNC_NOT_FOUND first4=9160E224
SYNC_NOT_FOUND first4=E3573F92
SYNC_NOT_FOUND first4=56596C61
2026-07-26T11:43:13.837586+00:00 SYNC_NOT_FOUND first4=4DA5F73A
2026-07-26T11:43:14.848749+00:00 PHASE_RESULT 12 HF-FLRC-2600-32 pktSize=32 rx=0 unique=0 lost=100 per=100.0 rssi_avg=0 rssi_min=0 crc_err=0 garbage=6 tx_lat=0.00000 tx_lon=0.00000 sats=0 fix=0 utc=0 tx_fw=none rx_fw=unknown
PHASE_GUARD 500
PHASE_START 13 HF-FLRC-2600-64 pktSize=64
SYNC_NOT_FOUND first4=6ED144B4
SYNC_NOT_FOUND first4=64A62BB5
SYNC_NOT_FOUND first4=7CFC354F
2026-07-26T11:43:15.864759+00:00 SYNC_NOT_FOUND first4=B862C018
SYNC_NOT_FOUND first4=396870BF
SYNC_NOT_FOUND first4=C1B37FB0
SYNC_NOT_FOUND first4=48BC2BDB
SYNC_NOT_FOUND first4=60B4FA99
SYNC_NOT_FOUND first4=AA7079C0
SYNC_NOT_FOUND first4=58A20E1E
TIME_SYNCED utc=1785066195 offset=1785062475
SYNC_NOT_FOUND first4=E63463C1
SYNC_NOT_FOUND first4=F43B4FB7
SYNC_NOT_FOUND first4=A5AECCC3
PHASE_RESULT 13 HF-FLRC-2600-64 pktSize=64 rx=0 unique=0 lost=100 per=100.0 rssi_avg=0 rssi_min=0 crc_err=0 garbage=13 tx_lat=0.00000 tx_lon=0.00000 sats=0 fix=0 utc=0 tx_fw=none rx_fw=unknown
PHASE_GUARD 500
2026-07-26T11:43:16.889060+00:00 PHASE_START 14 HF-FLRC-2600-128 pktSize=128
SYNC_NOT_FOUND first4=F31D8254
SYNC_NOT_FOUND first4=210E702E
SYNC_NOT_FOUND first4=82B20B78
SYNC_NOT_FOUND first4=1C17FDF8
SYNC_NOT_FOUND first4=03C888A3
SYNC_NOT_FOUND first4=8E2193B1
2026-07-26T11:43:17.901043+00:00 TIME_SYNCED utc=1785066196 offset=1785062474
SYNC_NOT_FOUND first4=9A34C768
SYNC_NOT_FOUND first4=DFD1D3E7
SYNC_NOT_FOUND first4=B887ED89
SYNC_NOT_FOUND first4=4490C57C
2026-07-26T11:43:18.912597+00:00 SYNC_NOT_FOUND first4=ABEB6EC6
SYNC_NOT_FOUND first4=82351C74
SYNC_NOT_FOUND first4=B9D2B5FD
SYNC_NOT_FOUND first4=3BF2C773
SYNC_NOT_FOUND first4=CB56C1D4
SYNC_NOT_FOUND first4=151C136A
SYNC_NOT_FOUND first4=7CF127B2
SYNC_NOT_FOUND first4=AF1C9417
SYNC_NOT_FOUND first4=3FB5613D
SYNC_NOT_FOUND first4=5A06E0B5
SYNC_NOT_FOUND first4=42AE4F59
PHASE_RESULT 14 HF-FLRC-2600-128 pktSize=128 rx=0 unique=0 lost=100 per=100.0 rssi_avg=0 rssi_min=0 crc_err=0 garbage=21 tx_lat=0.00000 tx_lon=0.00000 sats=0 fix=0 utc=0 tx_fw=none rx_fw=unknown
PHASE_GUARD 500
2026-07-26T11:43:19.924063+00:00 PHASE_START 15 HF-FLRC-2600-255 pktSize=255
SYNC_NOT_FOUND first4=8E7D7FC0
2026-07-26T11:43:20.927660+00:00 SYNC_NOT_FOUND first4=E92C6E72
SYNC_NOT_FOUND first4=63BA0138
SYNC_NOT_FOUND first4=1CE6F86F
SYNC_NOT_FOUND first4=9B48900F
SYNC_NOT_FOUND first4=0743B42F
SYNC_NOT_FOUND first4=8567FD6A
SYNC_NOT_FOUND first4=812F0F25
SYNC_NOT_FOUND first4=40369668
SYNC_NOT_FOUND first4=E6AC42F2
SYNC_NOT_FOUND first4=93E17E9E
PHASE_RESULT 15 HF-FLRC-2600-255 pktSize=255 rx=0 unique=0 lost=100 per=100.0 rssi_avg=0 rssi_min=0 crc_err=0 garbage=11 tx_lat=0.00000 tx_lon=0.00000 sats=0 fix=0 utc=0 tx_fw=none rx_fw=unknown
PHASE_GUARD 500
2026-07-26T11:43:21.946293+00:00 PHASE_START 16 HF-FLRC-1300-32 pktSize=32
SYNC_NOT_FOUND first4=EC81E022
SYNC_NOT_FOUND first4=3C45091F
SYNC_NOT_FOUND first4=6F05585C
2026-07-26T11:43:22.958200+00:00 SYNC_NOT_FOUND first4=B5071D42
PHASE_RESULT 16 HF-FLRC-1300-32 pktSize=32 rx=0 unique=0 lost=100 per=100.0 rssi_avg=0 rssi_min=0 crc_err=0 garbage=4 tx_lat=0.00000 tx_lon=0.00000 sats=0 fix=0 utc=0 tx_fw=none rx_fw=unknown
PHASE_GUARD 500
2026-07-26T11:43:23.969845+00:00 PHASE_START 17 HF-FLRC-1300-64 pktSize=64
SYNC_NOT_FOUND first4=C026A79A
2026-07-26T11:43:24.982212+00:00 SYNC_NOT_FOUND first4=A63D87CD
SYNC_NOT_FOUND first4=AE9668A1
PHASE_RESULT 17 HF-FLRC-1300-64 pktSize=64 rx=0 unique=0 lost=100 per=100.0 rssi_avg=0 rssi_min=0 crc_err=0 garbage=3 tx_lat=0.00000 tx_lon=0.00000 sats=0 fix=0 utc=0 tx_fw=none rx_fw=unknown
PHASE_GUARD 500
2026-07-26T11:43:25.989341+00:00 PHASE_START 18 HF-FLRC-1300-128 pktSize=128
SYNC_NOT_FOUND first4=AE4AFA2C
TIME_SYNCED utc=1785066205 offset=1785062475
SYNC_NOT_FOUND first4=D7A23A7B
SYNC_NOT_FOUND first4=5E4C7E66
SYNC_NOT_FOUND first4=2FC8AA56
PHASE_RESULT 18 HF-FLRC-1300-128 pktSize=128 rx=0 unique=0 lost=100 per=100.0 rssi_avg=0 rssi_min=0 crc_err=0 garbage=4 tx_lat=0.00000 tx_lon=0.00000 sats=0 fix=0 utc=0 tx_fw=none rx_fw=unknown
PHASE_GUARD 500
PHASE_START 19 HF-FLRC-1300-255 pktSize=255
2026-07-26T11:43:27.002327+00:00 SYNC_NOT_FOUND first4=A1B7A994
SYNC_NOT_FOUND first4=305694E4
SYNC_NOT_FOUND first4=2CA364B3
2026-07-26T11:43:28.019294+00:00 TIME_SYNCED utc=1785066207 offset=1785062475
SYNC_NOT_FOUND first4=78A86F21
PHASE_RESULT 19 HF-FLRC-1300-255 pktSize=255 rx=0 unique=0 lost=100 per=100.0 rssi_avg=0 rssi_min=0 crc_err=0 garbage=4 tx_lat=0.00000 tx_lon=0.00000 sats=0 fix=0 utc=0 tx_fw=none rx_fw=unknown
PHASE_GUARD 500
PHASE_START 20 HF-FLRC-650-32 pktSize=32
2026-07-26T11:43:29.030209+00:00 SYNC_NOT_FOUND first4=579CCD30
SYNC_NOT_FOUND first4=B3527C3A
SYNC_NOT_FOUND first4=9BFF34E2
SYNC_NOT_FOUND first4=D2590A57
SYNC_NOT_FOUND first4=2F0338F6
SYNC_NOT_FOUND first4=3E86021F
SYNC_NOT_FOUND first4=7676EFB0
SYNC_NOT_FOUND first4=B5B4A1DE
SYNC_NOT_FOUND first4=A54DA5F2
SYNC_NOT_FOUND first4=98332435
SYNC_NOT_FOUND first4=37CEECDC
SYNC_NOT_FOUND first4=E49438BC
SYNC_NOT_FOUND first4=A02E00A8
SYNC_NOT_FOUND first4=1E48D474
SYNC_NOT_FOUND first4=D4C17FE5
SYNC_NOT_FOUND first4=29A81456
SYNC_NOT_FOUND first4=02CC7328
SYNC_NOT_FOUND first4=5E3B565C
SYNC_NOT_FOUND first4=DF5BFBC5
SYNC_NOT_FOUND first4=04224B84
SYNC_NOT_FOUND first4=7B59537F
SYNC_NOT_FOUND first4=3ECB2F8C
2026-07-26T11:43:30.041466+00:00 SYNC_NOT_FOUND first4=99A5FAE2
SYNC_NOT_FOUND first4=370C7FD7
SYNC_NOT_FOUND first4=0F91AC67
SYNC_NOT_FOUND first4=A52C2005
SYNC_NOT_FOUND first4=89493293
SYNC_NOT_FOUND first4=A98173D7
SYNC_NOT_FOUND first4=D9CBF083
SYNC_NOT_FOUND first4=17262355
SYNC_NOT_FOUND first4=EE36551C
SYNC_NOT_FOUND first4=0302AA65
SYNC_NOT_FOUND first4=CDAA929B
SYNC_NOT_FOUND first4=8A745103
SYNC_NOT_FOUND first4=05FCF578
SYNC_NOT_FOUND first4=BE36EBCA
SYNC_NOT_FOUND first4=19AD23A5
SYNC_NOT_FOUND first4=568A1407
SYNC_NOT_FOUND first4=5C922AF5
SYNC_NOT_FOUND first4=C368851C
PHASE_RESULT 20 HF-FLRC-650-32 pktSize=32 rx=0 unique=0 lost=100 per=100.0 rssi_avg=0 rssi_min=0 crc_err=0 garbage=40 tx_lat=0.00000 tx_lon=0.00000 sats=0 fix=0 utc=0 tx_fw=none rx_fw=unknown
PHASE_GUARD 500
PHASE_START 21 HF-FLRC-650-64 pktSize=64
SYNC_NOT_FOUND first4=389B50A5
SYNC_NOT_FOUND first4=650FE407
SYNC_NOT_FOUND first4=ED138708
SYNC_NOT_FOUND first4=BD2B5486
2026-07-26T11:43:31.052696+00:00 SYNC_NOT_FOUND first4=070622BD
SYNC_NOT_FOUND first4=1912FD7E
SYNC_NOT_FOUND first4=92BD80DF
SYNC_NOT_FOUND first4=8322D694
SYNC_NOT_FOUND first4=B83E4AD3
SYNC_NOT_FOUND first4=A9A07BC5
SYNC_NOT_FOUND first4=2EC30885
SYNC_NOT_FOUND first4=8A5B363E
SYNC_NOT_FOUND first4=E5ABB1DF
SYNC_NOT_FOUND first4=07297498
SYNC_NOT_FOUND first4=82A6573A
SYNC_NOT_FOUND first4=1F1D451F
SYNC_NOT_FOUND first4=357D7909
SYNC_NOT_FOUND first4=F359C922
SYNC_NOT_FOUND first4=BF64583E
SYNC_NOT_FOUND first4=833E68E6
2026-07-26T11:43:32.066456+00:00 SYNC_NOT_FOUND first4=40FCB86E
SYNC_NOT_FOUND first4=519E6A87
SYNC_NOT_FOUND first4=CD601DB2
SYNC_NOT_FOUND first4=0F89B5C6
SYNC_NOT_FOUND first4=3384D434
SYNC_NOT_FOUND first4=1EFD55B3
SYNC_NOT_FOUND first4=22AD904A
SYNC_NOT_FOUND first4=6AD4BFB6
SYNC_NOT_FOUND first4=A080FD7C
SYNC_NOT_FOUND first4=A1BF1983
SYNC_NOT_FOUND first4=8D592190
SYNC_NOT_FOUND first4=BA7ABDE6
SYNC_NOT_FOUND first4=18119C33
SYNC_NOT_FOUND first4=31AB8AAC
SYNC_NOT_FOUND first4=255312E2
SYNC_NOT_FOUND first4=85450693
PHASE_RESULT 21 HF-FLRC-650-64 pktSize=64 rx=0 unique=0 lost=100 per=100.0 rssi_avg=0 rssi_min=0 crc_err=0 garbage=36 tx_lat=0.00000 tx_lon=0.00000 sats=0 fix=0 utc=0 tx_fw=none rx_fw=unknown
PHASE_GUARD 500
PHASE_START 22 HF-FLRC-650-128 pktSize=128
SYNC_NOT_FOUND first4=9609F5C4
2026-07-26T11:43:33.084476+00:00 SYNC_NOT_FOUND first4=3ABFDD82
SYNC_NOT_FOUND first4=78546C29
SYNC_NOT_FOUND first4=445BEC1B
SYNC_NOT_FOUND first4=878F8C67
SYNC_NOT_FOUND first4=B77C65B9
SYNC_NOT_FOUND first4=4F498C86
SYNC_NOT_FOUND first4=B8FFD30C
SYNC_NOT_FOUND first4=2027D034
SYNC_NOT_FOUND first4=CDC9344E
SYNC_NOT_FOUND first4=01161B4F
SYNC_NOT_FOUND first4=956F4CF9
SYNC_NOT_FOUND first4=79710EF7
SYNC_NOT_FOUND first4=EF6FC142
SYNC_NOT_FOUND first4=14134AD4
SYNC_NOT_FOUND first4=51B54CD7
SYNC_NOT_FOUND first4=873389A9
SYNC_NOT_FOUND first4=7D3BE233
SYNC_NOT_FOUND first4=7935DF73
SYNC_NOT_FOUND first4=A1C09A4B
SYNC_NOT_FOUND first4=9F461CCB
SYNC_NOT_FOUND first4=6F7BAD04
SYNC_NOT_FOUND first4=9CC31680
SYNC_NOT_FOUND first4=70DDD60C
SYNC_NOT_FOUND first4=696603CE
SYNC_NOT_FOUND first4=5E00A32E
SYNC_NOT_FOUND first4=3FCE1BBE
SYNC_NOT_FOUND first4=2847AE38
SYNC_NOT_FOUND first4=0F8CAC2B
2026-07-26T11:43:34.095457+00:00 SYNC_NOT_FOUND first4=636A36CF
SYNC_NOT_FOUND first4=4C016344
SYNC_NOT_FOUND first4=2B49CAFC
SYNC_NOT_FOUND first4=E8F84DC6
SYNC_NOT_FOUND first4=24F6CA9F
SYNC_NOT_FOUND first4=79C6809F
SYNC_NOT_FOUND first4=668EC90C
SYNC_NOT_FOUND first4=3B1A245F
SYNC_NOT_FOUND first4=0FC9200B
SYNC_NOT_FOUND first4=089A4187
SYNC_NOT_FOUND first4=3462038B
SYNC_NOT_FOUND first4=61F9FBE7
SYNC_NOT_FOUND first4=075D6958
SYNC_NOT_FOUND first4=552D9222
SYNC_NOT_FOUND first4=CD78B8E0
SYNC_NOT_FOUND first4=9E3197DC
SYNC_NOT_FOUND first4=D9B6206B
SYNC_NOT_FOUND first4=17BFD21C
SYNC_NOT_FOUND first4=88BCFCC4
PHASE_RESULT 22 HF-FLRC-650-128 pktSize=128 rx=0 unique=0 lost=100 per=100.0 rssi_avg=0 rssi_min=0 crc_err=0 garbage=48 tx_lat=0.00000 tx_lon=0.00000 sats=0 fix=0 utc=0 tx_fw=none rx_fw=unknown
PHASE_GUARD 500
PHASE_START 23 HF-FLRC-650-255 pktSize=255
SYNC_NOT_FOUND first4=8C00AED2
2026-07-26T11:43:35.099701+00:00 SYNC_NOT_FOUND first4=06B62F2C
SYNC_NOT_FOUND first4=2C745FEB
SYNC_NOT_FOUND first4=0402CAA0
SYNC_NOT_FOUND first4=8249DAC1
SYNC_NOT_FOUND first4=0406A825
SYNC_NOT_FOUND first4=B58B9B30
SYNC_NOT_FOUND first4=2A95CC1E
SYNC_NOT_FOUND first4=338E0DC1
SYNC_NOT_FOUND first4=E59152A2
SYNC_NOT_FOUND first4=B9748A50
SYNC_NOT_FOUND first4=D3A729CF
SYNC_NOT_FOUND first4=BADB2FC9
SYNC_NOT_FOUND first4=209BD7BA
SYNC_NOT_FOUND first4=6707B9B1
SYNC_NOT_FOUND first4=A4C9C4C1
2026-07-26T11:43:36.110204+00:00 SYNC_NOT_FOUND first4=9CC36F5E
SYNC_NOT_FOUND first4=3D24E61F
SYNC_NOT_FOUND first4=B6268483
SYNC_NOT_FOUND first4=D625DC96
SYNC_NOT_FOUND first4=DD2325D8
SYNC_NOT_FOUND first4=3EE5CAE5
TIME_SYNCED utc=1785066215 offset=1785062475
SYNC_NOT_FOUND first4=F910ECD1
SYNC_NOT_FOUND first4=229F5DB1
SYNC_NOT_FOUND first4=5CD8D8C6
SYNC_NOT_FOUND first4=E1CCBC42
SYNC_NOT_FOUND first4=FB441F7E
SYNC_NOT_FOUND first4=7CB85E2C
SYNC_NOT_FOUND first4=8BD20A92
SYNC_NOT_FOUND first4=81B46F24
SYNC_NOT_FOUND first4=68D2CD6C
SYNC_NOT_FOUND first4=235CCCD5
PHASE_RESULT 23 HF-FLRC-650-255 pktSize=255 rx=0 unique=0 lost=100 per=100.0 rssi_avg=0 rssi_min=0 crc_err=0 garbage=32 tx_lat=0.00000 tx_lon=0.00000 sats=0 fix=0 utc=0 tx_fw=none rx_fw=unknown
PHASE_GUARD 500
PHASE_START 24 HF-FLRC-325-32 pktSize=32
2026-07-26T11:43:37.128017+00:00 SYNC_NOT_FOUND first4=34897DA2
SYNC_NOT_FOUND first4=C017AB35
SYNC_NOT_FOUND first4=E520F6CC
2026-07-26T11:43:38.143618+00:00 TIME_SYNCED utc=1785066217 offset=1785062475
SYNC_NOT_FOUND first4=1DD85808
SYNC_NOT_FOUND first4=1A7B6879
SYNC_NOT_FOUND first4=7DF22D4D
PHASE_RESULT 24 HF-FLRC-325-32 pktSize=32 rx=0 unique=0 lost=100 per=100.0 rssi_avg=0 rssi_min=0 crc_err=0 garbage=6 tx_lat=0.00000 tx_lon=0.00000 sats=0 fix=0 utc=0 tx_fw=none rx_fw=unknown
PHASE_GUARD 500
PHASE_START 25 HF-FLRC-325-64 pktSize=64
2026-07-26T11:43:39.155207+00:00 SYNC_NOT_FOUND first4=52130FBD
2026-07-26T11:43:40.166355+00:00 PHASE_RESULT 25 HF-FLRC-325-64 pktSize=64 rx=0 unique=0 lost=100 per=100.0 rssi_avg=0 rssi_min=0 crc_err=0 garbage=1 tx_lat=0.00000 tx_lon=0.00000 sats=0 fix=0 utc=0 tx_fw=none rx_fw=unknown
PHASE_GUARD 500
PHASE_START 26 HF-FLRC-325-128 pktSize=128
2026-07-26T11:43:41.180466+00:00 SYNC_NOT_FOUND first4=191DAAC0
SYNC_NOT_FOUND first4=BC5C2A89
SYNC_NOT_FOUND first4=8386400C
2026-07-26T11:43:42.200354+00:00 SYNC_NOT_FOUND first4=0211AD93
SYNC_NOT_FOUND first4=0B48531E
PHASE_RESULT 26 HF-FLRC-325-128 pktSize=128 rx=0 unique=0 lost=100 per=100.0 rssi_avg=0 rssi_min=0 crc_err=0 garbage=5 tx_lat=0.00000 tx_lon=0.00000 sats=0 fix=0 utc=0 tx_fw=none rx_fw=unknown
PHASE_GUARD 500
PHASE_START 27 HF-FLRC-325-255 pktSize=255
SYNC_NOT_FOUND first4=4EA3CBCB
2026-07-26T11:43:43.218968+00:00 SYNC_NOT_FOUND first4=FAAF8A59
SYNC_NOT_FOUND first4=3A79A2E4
SYNC_NOT_FOUND first4=8FC5CCB5
SYNC_NOT_FOUND first4=4D3EA46B
SYNC_NOT_FOUND first4=473884F3
2026-07-26T11:43:44.230112+00:00 PHASE_RESULT 27 HF-FLRC-325-255 pktSize=255 rx=0 unique=0 lost=100 per=100.0 rssi_avg=0 rssi_min=0 crc_err=0 garbage=6 tx_lat=0.00000 tx_lon=0.00000 sats=0 fix=0 utc=0 tx_fw=none rx_fw=unknown
PHASE_GUARD 500
LORA_CFG path=0 bw=0x05 sf=7
PHASE_START 28 LF-LoRa-SF7-32 pktSize=32
2026-07-26T11:43:46.292714+00:00 TIME_SYNCED utc=1785066225 offset=1785062475
PHASE_RESULT 28 LF-LoRa-SF7-32 pktSize=32 rx=0 unique=0 lost=20 per=100.0 rssi_avg=0 rssi_min=0 crc_err=0 garbage=0 tx_lat=0.00000 tx_lon=0.00000 sats=0 fix=0 utc=0 tx_fw=none rx_fw=unknown
PHASE_GUARD 500
LORA_CFG path=0 bw=0x05 sf=7
PHASE_START 29 LF-LoRa-SF7-64 pktSize=64
2026-07-26T11:43:48.356352+00:00 TIME_SYNCED utc=1785066227 offset=1785062475
2026-07-26T11:43:49.374974+00:00 PHASE_RESULT 29 LF-LoRa-SF7-64 pktSize=64 rx=0 unique=0 lost=20 per=100.0 rssi_avg=0 rssi_min=0 crc_err=0 garbage=0 tx_lat=0.00000 tx_lon=0.00000 sats=0 fix=0 utc=0 tx_fw=none rx_fw=unknown
PHASE_GUARD 500
LORA_CFG path=0 bw=0x05 sf=7
PHASE_START 30 LF-LoRa-SF7-128 pktSize=128
2026-07-26T11:43:53.540056+00:00 PHASE_RESULT 30 LF-LoRa-SF7-128 pktSize=128 rx=0 unique=0 lost=13 per=100.0 rssi_avg=0 rssi_min=0 crc_err=0 garbage=0 tx_lat=0.00000 tx_lon=0.00000 sats=0 fix=0 utc=0 tx_fw=none rx_fw=unknown
PHASE_GUARD 500
LORA_CFG path=0 bw=0x05 sf=7
PHASE_START 31 LF-LoRa-SF7-255 pktSize=255
2026-07-26T11:43:55.602893+00:00 TIME_SYNCED utc=1785066235 offset=1785062475
2026-07-26T11:43:57.665508+00:00 PHASE_RESULT 31 LF-LoRa-SF7-255 pktSize=255 rx=0 unique=0 lost=7 per=100.0 rssi_avg=0 rssi_min=0 crc_err=0 garbage=0 tx_lat=0.00000 tx_lon=0.00000 sats=0 fix=0 utc=0 tx_fw=none rx_fw=unknown
PHASE_GUARD 500
LORA_CFG path=0 bw=0x05 sf=9
PHASE_START 32 LF-LoRa-SF9-32 pktSize=32
2026-07-26T11:43:58.678505+00:00 TIME_SYNCED utc=1785066237 offset=1785062475
2026-07-26T11:44:01.792227+00:00 PHASE_RESULT 32 LF-LoRa-SF9-32 pktSize=32 rx=0 unique=0 lost=7 per=100.0 rssi_avg=0 rssi_min=0 crc_err=0 garbage=0 tx_lat=0.00000 tx_lon=0.00000 sats=0 fix=0 utc=0 tx_fw=none rx_fw=unknown
PHASE_GUARD 500
LORA_CFG path=0 bw=0x05 sf=9
PHASE_START 33 LF-LoRa-SF9-64 pktSize=64
2026-07-26T11:44:03.855080+00:00 PHASE_RESULT 33 LF-LoRa-SF9-64 pktSize=64 rx=0 unique=0 lost=3 per=100.0 rssi_avg=0 rssi_min=0 crc_err=0 garbage=0 tx_lat=0.00000 tx_lon=0.00000 sats=0 fix=0 utc=0 tx_fw=none rx_fw=unknown
PHASE_GUARD 500
2026-07-26T11:44:04.867602+00:00 LORA_CFG path=0 bw=0x05 sf=9
PHASE_START 34 LF-LoRa-SF9-128 pktSize=128
2026-07-26T11:44:05.881418+00:00 TIME_SYNCED utc=1785066245 offset=1785062475
PHASE_RESULT 34 LF-LoRa-SF9-128 pktSize=128 rx=0 unique=0 lost=1 per=100.0 rssi_avg=0 rssi_min=0 crc_err=0 garbage=0 tx_lat=0.00000 tx_lon=0.00000 sats=0 fix=0 utc=0 tx_fw=none rx_fw=unknown
PHASE_GUARD 500
2026-07-26T11:44:06.892246+00:00 LORA_CFG path=0 bw=0x05 sf=9
PHASE_START 35 LF-LoRa-SF9-255 pktSize=255
2026-07-26T11:44:08.956398+00:00 TIME_SYNCED utc=1785066247 offset=1785062474
2026-07-26T11:44:11.018451+00:00 PHASE_RESULT 35 LF-LoRa-SF9-255 pktSize=255 rx=0 unique=0 lost=1 per=100.0 rssi_avg=0 rssi_min=0 crc_err=0 garbage=0 tx_lat=0.00000 tx_lon=0.00000 sats=0 fix=0 utc=0 tx_fw=none rx_fw=unknown
PHASE_GUARD 500
LORA_CFG path=0 bw=0x05 sf=12
PHASE_START 36 LF-LoRa-SF12-32 pktSize=32
2026-07-26T11:44:16.235399+00:00 TIME_SYNCED utc=1785066255 offset=1785062475
2026-07-26T11:44:19.343102+00:00 TIME_SYNCED utc=1785066258 offset=1785062475
2026-07-26T11:44:25.619232+00:00 PHASE_RESULT 36 LF-LoRa-SF12-32 pktSize=32 rx=0 unique=0 lost=1 per=100.0 rssi_avg=0 rssi_min=0 crc_err=0 garbage=0 tx_lat=0.00000 tx_lon=0.00000 sats=0 fix=0 utc=0 tx_fw=none rx_fw=unknown
PHASE_GUARD 500
LORA_CFG path=0 bw=0x05 sf=12
PHASE_START 37 LF-LoRa-SF12-SKIP SKIP pktSize=64
TIME_SYNCED utc=1785066265 offset=1785062475
2026-07-26T11:44:26.635210+00:00 PHASE_RESULT 37 LF-LoRa-SF12-SKIP pktSize=64 rx=0 unique=0 lost=0 per=0.0 rssi_avg=0 rssi_min=0 crc_err=0 garbage=0 tx_lat=0.00000 tx_lon=0.00000 sats=0 fix=0 utc=0 tx_fw=none rx_fw=unknown
PHASE_GUARD 500
LORA_CFG path=0 bw=0x05 sf=12
PHASE_START 38 LF-LoRa-SF12-SKIP SKIP pktSize=128
2026-07-26T11:44:27.652227+00:00 PHASE_RESULT 38 LF-LoRa-SF12-SKIP pktSize=128 rx=0 unique=0 lost=0 per=0.0 rssi_avg=0 rssi_min=0 crc_err=0 garbage=0 tx_lat=0.00000 tx_lon=0.00000 sats=0 fix=0 utc=0 tx_fw=none rx_fw=unknown
PHASE_GUARD 500
LORA_CFG path=0 bw=0x05 sf=12
PHASE_START 39 LF-LoRa-SF12-SKIP SKIP pktSize=255
2026-07-26T11:44:28.663087+00:00 PHASE_RESULT 39 LF-LoRa-SF12-SKIP pktSize=255 rx=0 unique=0 lost=0 per=0.0 rssi_avg=0 rssi_min=0 crc_err=0 garbage=0 tx_lat=0.00000 tx_lon=0.00000 sats=0 fix=0 utc=0 tx_fw=none rx_fw=unknown
PHASE_GUARD 500
PHASE_START 40 LF-FLRC-2600-32 pktSize=32
SYNC_NOT_FOUND first4=A40D68F3
2026-07-26T11:44:29.677344+00:00 TIME_SYNCED utc=1785066268 offset=1785062475
SYNC_NOT_FOUND first4=C6823508
SYNC_NOT_FOUND first4=45CE3981
SYNC_NOT_FOUND first4=67C6BA25
SYNC_NOT_FOUND first4=1830AB4E
2026-07-26T11:44:30.690400+00:00 PHASE_RESULT 40 LF-FLRC-2600-32 pktSize=32 rx=0 unique=0 lost=100 per=100.0 rssi_avg=0 rssi_min=0 crc_err=0 garbage=5 tx_lat=0.00000 tx_lon=0.00000 sats=0 fix=0 utc=0 tx_fw=none rx_fw=unknown
PHASE_GUARD 500
PHASE_START 41 LF-FLRC-2600-64 pktSize=64
SYNC_NOT_FOUND first4=6F0AD9CC
SYNC_NOT_FOUND first4=717C087A
2026-07-26T11:44:31.701730+00:00 SYNC_NOT_FOUND first4=6D29C3AF
2026-07-26T11:44:32.715391+00:00 PHASE_RESULT 41 LF-FLRC-2600-64 pktSize=64 rx=0 unique=0 lost=100 per=100.0 rssi_avg=0 rssi_min=0 crc_err=0 garbage=3 tx_lat=0.00000 tx_lon=0.00000 sats=0 fix=0 utc=0 tx_fw=none rx_fw=unknown
PHASE_GUARD 500
PHASE_START 42 LF-FLRC-2600-128 pktSize=128
SYNC_NOT_FOUND first4=6F554D10
2026-07-26T11:44:33.729958+00:00 SYNC_NOT_FOUND first4=8A0D2C75
SYNC_NOT_FOUND first4=80A7B980
2026-07-26T11:44:34.746327+00:00 PHASE_RESULT 42 LF-FLRC-2600-128 pktSize=128 rx=0 unique=0 lost=100 per=100.0 rssi_avg=0 rssi_min=0 crc_err=0 garbage=3 tx_lat=0.00000 tx_lon=0.00000 sats=0 fix=0 utc=0 tx_fw=none rx_fw=unknown
PHASE_GUARD 500
PHASE_START 43 LF-FLRC-2600-255 pktSize=255
SYNC_NOT_FOUND first4=122F1C9B
2026-07-26T11:44:35.757691+00:00 TIME_SYNCED utc=1785066275 offset=1785062475
2026-07-26T11:44:36.769202+00:00 PHASE_RESULT 43 LF-FLRC-2600-255 pktSize=255 rx=0 unique=0 lost=100 per=100.0 rssi_avg=0 rssi_min=0 crc_err=0 garbage=1 tx_lat=0.00000 tx_lon=0.00000 sats=0 fix=0 utc=0 tx_fw=none rx_fw=unknown
PHASE_GUARD 500
PHASE_START 44 LF-FLRC-1300-32 pktSize=32
2026-07-26T11:44:38.835571+00:00 PHASE_RESULT 44 LF-FLRC-1300-32 pktSize=32 rx=0 unique=0 lost=100 per=100.0 rssi_avg=0 rssi_min=0 crc_err=0 garbage=0 tx_lat=0.00000 tx_lon=0.00000 sats=0 fix=0 utc=0 tx_fw=none rx_fw=unknown
PHASE_GUARD 500
PHASE_START 45 LF-FLRC-1300-64 pktSize=64
SYNC_NOT_FOUND first4=E23F63A9
2026-07-26T11:44:39.855360+00:00 TIME_SYNCED utc=1785066278 offset=1785062474
SYNC_NOT_FOUND first4=4C81D494
2026-07-26T11:44:40.873303+00:00 PHASE_RESULT 45 LF-FLRC-1300-64 pktSize=64 rx=0 unique=0 lost=100 per=100.0 rssi_avg=0 rssi_min=0 crc_err=0 garbage=2 tx_lat=0.00000 tx_lon=0.00000 sats=0 fix=0 utc=0 tx_fw=none rx_fw=unknown
PHASE_GUARD 500
2026-07-26T11:44:41.884235+00:00 PHASE_START 46 LF-FLRC-1300-128 pktSize=128
2026-07-26T11:44:42.897099+00:00 PHASE_RESULT 46 LF-FLRC-1300-128 pktSize=128 rx=0 unique=0 lost=100 per=100.0 rssi_avg=0 rssi_min=0 crc_err=0 garbage=0 tx_lat=0.00000 tx_lon=0.00000 sats=0 fix=0 utc=0 tx_fw=none rx_fw=unknown
PHASE_GUARD 500
2026-07-26T11:44:43.912737+00:00 PHASE_START 47 LF-FLRC-1300-255 pktSize=255
SYNC_NOT_FOUND first4=0B1C7E7E
SYNC_NOT_FOUND first4=CD347C50
2026-07-26T11:44:44.938072+00:00 SYNC_NOT_FOUND first4=05196ED2
PHASE_RESULT 47 LF-FLRC-1300-255 pktSize=255 rx=0 unique=0 lost=100 per=100.0 rssi_avg=0 rssi_min=0 crc_err=0 garbage=3 tx_lat=0.00000 tx_lon=0.00000 sats=0 fix=0 utc=0 tx_fw=none rx_fw=unknown
PHASE_GUARD 500
2026-07-26T11:44:45.949209+00:00 PHASE_START 48 LF-FLRC-650-32 pktSize=32
SYNC_NOT_FOUND first4=40861A91
SYNC_NOT_FOUND first4=82C76D79
TIME_SYNCED utc=1785066285 offset=1785062475
PHASE_RESULT 48 LF-FLRC-650-32 pktSize=32 rx=0 unique=0 lost=100 per=100.0 rssi_avg=0 rssi_min=0 crc_err=0 garbage=2 tx_lat=0.00000 tx_lon=0.00000 sats=0 fix=0 utc=0 tx_fw=none rx_fw=unknown
PHASE_GUARD 500
2026-07-26T11:44:46.961067+00:00 PHASE_START 49 LF-FLRC-650-64 pktSize=64
SYNC_NOT_FOUND first4=D7C9061C
2026-07-26T11:44:47.972045+00:00 SYNC_NOT_FOUND first4=22A811D5
PHASE_RESULT 49 LF-FLRC-650-64 pktSize=64 rx=0 unique=0 lost=100 per=100.0 rssi_avg=0 rssi_min=0 crc_err=0 garbage=2 tx_lat=0.00000 tx_lon=0.00000 sats=0 fix=0 utc=0 tx_fw=none rx_fw=unknown
PHASE_GUARD 500
PHASE_START 50 LF-FLRC-650-128 pktSize=128
2026-07-26T11:44:48.991237+00:00 SYNC_NOT_FOUND first4=8DE9C2C9
SYNC_NOT_FOUND first4=5E336B77
SYNC_NOT_FOUND first4=23E1F192
2026-07-26T11:44:50.004241+00:00 TIME_SYNCED utc=1785066289 offset=1785062475
SYNC_NOT_FOUND first4=E2AB1501
SYNC_NOT_FOUND first4=5CD42094
PHASE_RESULT 50 LF-FLRC-650-128 pktSize=128 rx=0 unique=0 lost=100 per=100.0 rssi_avg=0 rssi_min=0 crc_err=0 garbage=5 tx_lat=0.00000 tx_lon=0.00000 sats=0 fix=0 utc=0 tx_fw=none rx_fw=unknown
PHASE_GUARD 500
PHASE_START 51 LF-FLRC-650-255 pktSize=255
SYNC_NOT_FOUND first4=3E42ED37
2026-07-26T11:44:51.016546+00:00 SYNC_NOT_FOUND first4=2FF3469F
SYNC_NOT_FOUND first4=83DF8BAD
SYNC_NOT_FOUND first4=6CE1643F
2026-07-26T11:44:52.027209+00:00 PHASE_RESULT 51 LF-FLRC-650-255 pktSize=255 rx=0 unique=0 lost=100 per=100.0 rssi_avg=0 rssi_min=0 crc_err=0 garbage=4 tx_lat=0.00000 tx_lon=0.00000 sats=0 fix=0 utc=0 tx_fw=none rx_fw=unknown
PHASE_GUARD 500
PHASE_START 52 LF-FLRC-325-32 pktSize=32
2026-07-26T11:44:54.089546+00:00 PHASE_RESULT 52 LF-FLRC-325-32 pktSize=32 rx=0 unique=0 lost=100 per=100.0 rssi_avg=0 rssi_min=0 crc_err=0 garbage=0 tx_lat=0.00000 tx_lon=0.00000 sats=0 fix=0 utc=0 tx_fw=none rx_fw=unknown
PHASE_GUARD 500
PHASE_START 53 LF-FLRC-325-64 pktSize=64
2026-07-26T11:44:56.156646+00:00 TIME_SYNCED utc=1785066295 offset=1785062475
PHASE_RESULT 53 LF-FLRC-325-64 pktSize=64 rx=0 unique=0 lost=100 per=100.0 rssi_avg=0 rssi_min=0 crc_err=0 garbage=0 tx_lat=0.00000 tx_lon=0.00000 sats=0 fix=0 utc=0 tx_fw=none rx_fw=unknown
PHASE_GUARD 500
PHASE_START 54 LF-FLRC-325-128 pktSize=128
2026-07-26T11:44:58.226680+00:00 PHASE_RESULT 54 LF-FLRC-325-128 pktSize=128 rx=0 unique=0 lost=100 per=100.0 rssi_avg=0 rssi_min=0 crc_err=0 garbage=0 tx_lat=0.00000 tx_lon=0.00000 sats=0 fix=0 utc=0 tx_fw=none rx_fw=unknown
PHASE_GUARD 500
PHASE_START 55 LF-FLRC-325-255 pktSize=255
2026-07-26T11:45:00.287256+00:00 TIME_SYNCED utc=1785066299 offset=1785062475
PHASE_RESULT 55 LF-FLRC-325-255 pktSize=255 rx=0 unique=0 lost=100 per=100.0 rssi_avg=0 rssi_min=0 crc_err=0 garbage=0 tx_lat=0.00000 tx_lon=0.00000 sats=0 fix=0 utc=0 tx_fw=none rx_fw=unknown
PHASE_GUARD 500
LORA_CFG path=1 bw=0x0F sf=7
PHASE_START 0 HF-LoRa-SF7-32 pktSize=32
2026-07-26T11:45:02.358941+00:00 PHASE_RESULT 0 HF-LoRa-SF7-32 pktSize=32 rx=0 unique=0 lost=20 per=100.0 rssi_avg=0 rssi_min=0 crc_err=0 garbage=0 tx_lat=0.00000 tx_lon=0.00000 sats=0 fix=0 utc=0 tx_fw=none rx_fw=unknown
PHASE_GUARD 500
LORA_CFG path=1 bw=0x0F sf=7
PHASE_START 1 HF-LoRa-SF7-64 pktSize=64
2026-07-26T11:45:04.421889+00:00 PHASE_RESULT 1 HF-LoRa-SF7-64 pktSize=64 rx=0 unique=0 lost=20 per=100.0 rssi_avg=0 rssi_min=0 crc_err=0 garbage=0 tx_lat=0.00000 tx_lon=0.00000 sats=0 fix=0 utc=0 tx_fw=none rx_fw=unknown
PHASE_GUARD 500
LORA_CFG path=1 bw=0x0F sf=7
PHASE_START 2 HF-LoRa-SF7-128 pktSize=128
2026-07-26T11:45:06.492194+00:00 TIME_SYNCED utc=1785066305 offset=1785062475
PHASE_RESULT 2 HF-LoRa-SF7-128 pktSize=128 rx=0 unique=0 lost=20 per=100.0 rssi_avg=0 rssi_min=0 crc_err=0 garbage=0 tx_lat=0.00000 tx_lon=0.00000 sats=0 fix=0 utc=0 tx_fw=none rx_fw=unknown
PHASE_GUARD 500
LORA_CFG path=1 bw=0x0F sf=7
PHASE_START 3 HF-LoRa-SF7-255 pktSize=255
2026-07-26T11:45:09.606306+00:00 PHASE_RESULT 3 HF-LoRa-SF7-255 pktSize=255 rx=0 unique=0 lost=20 per=100.0 rssi_avg=0 rssi_min=0 crc_err=0 garbage=0 tx_lat=0.00000 tx_lon=0.00000 sats=0 fix=0 utc=0 tx_fw=none rx_fw=unknown
PHASE_GUARD 500
LORA_CFG path=1 bw=0x0F sf=9
PHASE_START 4 HF-LoRa-SF9-32 pktSize=32
2026-07-26T11:45:10.623682+00:00 TIME_SYNCED utc=1785066309 offset=1785062475
2026-07-26T11:45:11.638232+00:00 PHASE_RESULT 4 HF-LoRa-SF9-32 pktSize=32 rx=0 unique=0 lost=20 per=100.0 rssi_avg=0 rssi_min=0 crc_err=0 garbage=0 tx_lat=0.00000 tx_lon=0.00000 sats=0 fix=0 utc=0 tx_fw=none rx_fw=unknown
PHASE_GUARD 500
LORA_CFG path=1 bw=0x0F sf=9
PHASE_START 5 HF-LoRa-SF9-64 pktSize=64
2026-07-26T11:45:14.760615+00:00 PHASE_RESULT 5 HF-LoRa-SF9-64 pktSize=64 rx=0 unique=0 lost=20 per=100.0 rssi_avg=0 rssi_min=0 crc_err=0 garbage=0 tx_lat=0.00000 tx_lon=0.00000 sats=0 fix=0 utc=0 tx_fw=none rx_fw=unknown
PHASE_GUARD 500
LORA_CFG path=1 bw=0x0F sf=9
PHASE_START 6 HF-LoRa-SF9-128 pktSize=128
2026-07-26T11:45:15.779334+00:00 TIME_SYNCED utc=1785066315 offset=1785062475
2026-07-26T11:45:17.840469+00:00 PHASE_RESULT 6 HF-LoRa-SF9-128 pktSize=128 rx=0 unique=0 lost=13 per=100.0 rssi_avg=0 rssi_min=0 crc_err=0 garbage=0 tx_lat=0.00000 tx_lon=0.00000 sats=0 fix=0 utc=0 tx_fw=none rx_fw=unknown
PHASE_GUARD 500
2026-07-26T11:45:18.851285+00:00 LORA_CFG path=1 bw=0x0F sf=9
PHASE_START 7 HF-LoRa-SF9-255 pktSize=255
2026-07-26T11:45:20.919203+00:00 TIME_SYNCED utc=1785066319 offset=1785062474
2026-07-26T11:45:21.929792+00:00 PHASE_RESULT 7 HF-LoRa-SF9-255 pktSize=255 rx=0 unique=0 lost=6 per=100.0 rssi_avg=0 rssi_min=0 crc_err=0 garbage=0 tx_lat=0.00000 tx_lon=0.00000 sats=0 fix=0 utc=0 tx_fw=none rx_fw=unknown
PHASE_GUARD 500
LORA_CFG path=1 bw=0x0F sf=12
2026-07-26T11:45:22.945202+00:00 PHASE_START 8 HF-LoRa-SF12-32 pktSize=32
2026-07-26T11:45:25.009714+00:00 PHASE_RESULT 8 HF-LoRa-SF12-32 pktSize=32 rx=0 unique=0 lost=2 per=100.0 rssi_avg=0 rssi_min=0 crc_err=0 garbage=0 tx_lat=0.00000 tx_lon=0.00000 sats=0 fix=0 utc=0 tx_fw=none rx_fw=unknown
PHASE_GUARD 500
LORA_CFG path=1 bw=0x0F sf=12
PHASE_START 9 HF-LoRa-SF12-64 pktSize=64
2026-07-26T11:45:26.021204+00:00 TIME_SYNCED utc=1785066325 offset=1785062475
2026-07-26T11:45:27.031941+00:00 PHASE_RESULT 9 HF-LoRa-SF12-64 pktSize=64 rx=0 unique=0 lost=1 per=100.0 rssi_avg=0 rssi_min=0 crc_err=0 garbage=0 tx_lat=0.00000 tx_lon=0.00000 sats=0 fix=0 utc=0 tx_fw=none rx_fw=unknown
PHASE_GUARD 500
LORA_CFG path=1 bw=0x0F sf=12
PHASE_START 10 HF-LoRa-SF12-128 pktSize=128
2026-07-26T11:45:31.198518+00:00 TIME_SYNCED utc=1785066330 offset=1785062475
2026-07-26T11:45:32.216228+00:00 PHASE_RESULT 10 HF-LoRa-SF12-128 pktSize=128 rx=0 unique=0 lost=1 per=100.0 rssi_avg=0 rssi_min=0 crc_err=0 garbage=0 tx_lat=0.00000 tx_lon=0.00000 sats=0 fix=0 utc=0 tx_fw=none rx_fw=unknown
PHASE_GUARD 500
LORA_CFG path=1 bw=0x0F sf=12
PHASE_START 11 HF-LoRa-SF12-255 pktSize=255
2026-07-26T11:45:36.380193+00:00 TIME_SYNCED utc=1785066335 offset=1785062475
2026-07-26T11:45:41.600228+00:00 TIME_SYNCED utc=1785066340 offset=1785062475
2026-07-26T11:45:42.606409+00:00 PHASE_RESULT 11 HF-LoRa-SF12-255 pktSize=255 rx=0 unique=0 lost=1 per=100.0 rssi_avg=0 rssi_min=0 crc_err=0 garbage=0 tx_lat=0.00000 tx_lon=0.00000 sats=0 fix=0 utc=0 tx_fw=none rx_fw=unknown
PHASE_GUARD 500
PHASE_START 12 HF-FLRC-2600-32 pktSize=32
SYNC_NOT_FOUND first4=A62CED36
SYNC_NOT_FOUND first4=8C12945D
SYNC_NOT_FOUND first4=10412AED
SYNC_NOT_FOUND first4=A9C384A0
SYNC_NOT_FOUND first4=47788711
SYNC_NOT_FOUND first4=9A1C08F1
SYNC_NOT_FOUND first4=038A5FDC
SYNC_NOT_FOUND first4=7F2D2E2C
2026-07-26T11:45:43.617189+00:00 SYNC_NOT_FOUND first4=A7BDD92B
SYNC_NOT_FOUND first4=FE3A04B2
SYNC_NOT_FOUND first4=97447C31
SYNC_NOT_FOUND first4=EEF5EB33
SYNC_NOT_FOUND first4=C6B8D40B
SYNC_NOT_FOUND first4=ECB1EE8C
SYNC_NOT_FOUND first4=F9163C61
SYNC_NOT_FOUND first4=1F821E89
2026-07-26T11:45:44.629158+00:00 SYNC_NOT_FOUND first4=295F4AB3
SYNC_NOT_FOUND first4=CE14E86A
PHASE_RESULT 12 HF-FLRC-2600-32 pktSize=32 rx=0 unique=0 lost=100 per=100.0 rssi_avg=0 rssi_min=0 crc_err=0 garbage=18 tx_lat=0.00000 tx_lon=0.00000 sats=0 fix=0 utc=0 tx_fw=none rx_fw=unknown
PHASE_GUARD 500
PHASE_START 13 HF-FLRC-2600-64 pktSize=64
SYNC_NOT_FOUND first4=939002D5
SYNC_NOT_FOUND first4=BC1EF15F
SYNC_NOT_FOUND first4=7B4A7A2C
SYNC_NOT_FOUND first4=33B4AD88
SYNC_NOT_FOUND first4=DCF23AA7
SYNC_NOT_FOUND first4=EF1B1423
SYNC_NOT_FOUND first4=0100C6E9
2026-07-26T11:45:45.646576+00:00 SYNC_NOT_FOUND first4=56482C88
SYNC_NOT_FOUND first4=2896F1D2
SYNC_NOT_FOUND first4=27F573ED
SYNC_NOT_FOUND first4=A98CF43A
SYNC_NOT_FOUND first4=9B081873
SYNC_NOT_FOUND first4=98A1793C
SYNC_NOT_FOUND first4=D84DAD60
TIME_SYNCED utc=1785066345 offset=1785062475
2026-07-26T11:45:46.649753+00:00 SYNC_NOT_FOUND first4=0BA45531
SYNC_NOT_FOUND first4=63694E0F
SYNC_NOT_FOUND first4=9F16528F
PHASE_RESULT 13 HF-FLRC-2600-64 pktSize=64 rx=0 unique=0 lost=100 per=100.0 rssi_avg=0 rssi_min=0 crc_err=0 garbage=17 tx_lat=0.00000 tx_lon=0.00000 sats=0 fix=0 utc=0 tx_fw=none rx_fw=unknown
PHASE_GUARD 500
PHASE_START 14 HF-FLRC-2600-128 pktSize=128
SYNC_NOT_FOUND first4=C0A25844
SYNC_NOT_FOUND first4=18B8149B
SYNC_NOT_FOUND first4=3244F3AF
SYNC_NOT_FOUND first4=ACF86BBF
SYNC_NOT_FOUND first4=7572417B
SYNC_NOT_FOUND first4=ED0A9CDD
2026-07-26T11:45:47.668427+00:00 SYNC_NOT_FOUND first4=325D9060
SYNC_NOT_FOUND first4=0FF44407
SYNC_NOT_FOUND first4=732B91A7
SYNC_NOT_FOUND first4=B8D036CF
SYNC_NOT_FOUND first4=F1AC1227
SYNC_NOT_FOUND first4=AE75343D
SYNC_NOT_FOUND first4=05B30CC4
SYNC_NOT_FOUND first4=E9168BEE
SYNC_NOT_FOUND first4=A3A32E9A
SYNC_NOT_FOUND first4=944A2AF1
SYNC_NOT_FOUND first4=31F98512
SYNC_NOT_FOUND first4=2A45CFA7
SYNC_NOT_FOUND first4=73B0C063
SYNC_NOT_FOUND first4=9C49829F
SYNC_NOT_FOUND first4=6CA088B8
SYNC_NOT_FOUND first4=6164088D
2026-07-26T11:45:48.680063+00:00 PHASE_RESULT 14 HF-FLRC-2600-128 pktSize=128 rx=0 unique=0 lost=100 per=100.0 rssi_avg=0 rssi_min=0 crc_err=0 garbage=22 tx_lat=0.00000 tx_lon=0.00000 sats=0 fix=0 utc=0 tx_fw=none rx_fw=unknown
PHASE_GUARD 500
PHASE_START 15 HF-FLRC-2600-255 pktSize=255
SYNC_NOT_FOUND first4=B40E171A
SYNC_NOT_FOUND first4=E4815399
SYNC_NOT_FOUND first4=71F31ED8
SYNC_NOT_FOUND first4=EDFDD974
SYNC_NOT_FOUND first4=826EDCA2
SYNC_NOT_FOUND first4=19A01F7C
SYNC_NOT_FOUND first4=467CF894
2026-07-26T11:45:49.693355+00:00 SYNC_NOT_FOUND first4=7A8DF48C
SYNC_NOT_FOUND first4=C4F4C270
SYNC_NOT_FOUND first4=AF5E565D
SYNC_NOT_FOUND first4=CE6708E4
SYNC_NOT_FOUND first4=AFE0393F
SYNC_NOT_FOUND first4=24E6D24C
SYNC_NOT_FOUND first4=1AD8D706
SYNC_NOT_FOUND first4=9A98740E
SYNC_NOT_FOUND first4=33AA0B43
SYNC_NOT_FOUND first4=A9E83899
SYNC_NOT_FOUND first4=3166B628
2026-07-26T11:45:50.704668+00:00 SYNC_NOT_FOUND first4=F11933D9
PHASE_RESULT 15 HF-FLRC-2600-255 pktSize=255 rx=0 unique=0 lost=100 per=100.0 rssi_avg=0 rssi_min=0 crc_err=0 garbage=19 tx_lat=0.00000 tx_lon=0.00000 sats=0 fix=0 utc=0 tx_fw=none rx_fw=unknown
PHASE_GUARD 500
PHASE_START 16 HF-FLRC-1300-32 pktSize=32
SYNC_NOT_FOUND first4=26E92AA1
SYNC_NOT_FOUND first4=C6C2C0EF
SYNC_NOT_FOUND first4=811A353C
SYNC_NOT_FOUND first4=F13699D4
SYNC_NOT_FOUND first4=83E1D3A9
2026-07-26T11:45:51.722802+00:00 TIME_SYNCED utc=1785066350 offset=1785062475
SYNC_NOT_FOUND first4=DBE1A445
SYNC_NOT_FOUND first4=AE4A2585
SYNC_NOT_FOUND first4=97C60DCF
SYNC_NOT_FOUND first4=9CFC2C5F
2026-07-26T11:45:52.734298+00:00 SYNC_NOT_FOUND first4=02561807
PHASE_RESULT 16 HF-FLRC-1300-32 pktSize=32 rx=0 unique=0 lost=100 per=100.0 rssi_avg=0 rssi_min=0 crc_err=0 garbage=10 tx_lat=0.00000 tx_lon=0.00000 sats=0 fix=0 utc=0 tx_fw=none rx_fw=unknown
PHASE_GUARD 500
PHASE_START 17 HF-FLRC-1300-64 pktSize=64
SYNC_NOT_FOUND first4=65DD5EC0
SYNC_NOT_FOUND first4=9E177A15
SYNC_NOT_FOUND first4=3C542FEB
2026-07-26T11:45:53.738301+00:00 SYNC_NOT_FOUND first4=A2AF9763
SYNC_NOT_FOUND first4=199FC655
SYNC_NOT_FOUND first4=F889B4C6
2026-07-26T11:45:54.749377+00:00 PHASE_RESULT 17 HF-FLRC-1300-64 pktSize=64 rx=0 unique=0 lost=100 per=100.0 rssi_avg=0 rssi_min=0 crc_err=0 garbage=6 tx_lat=0.00000 tx_lon=0.00000 sats=0 fix=0 utc=0 tx_fw=none rx_fw=unknown
PHASE_GUARD 500
PHASE_START 18 HF-FLRC-1300-128 pktSize=128
SYNC_NOT_FOUND first4=23DA18D3
SYNC_NOT_FOUND first4=58980AFE
SYNC_NOT_FOUND first4=A533A597
SYNC_NOT_FOUND first4=BAA6CC65
SYNC_NOT_FOUND first4=101A1A28
SYNC_NOT_FOUND first4=692FB56B
SYNC_NOT_FOUND first4=B30A49F0
SYNC_NOT_FOUND first4=FD046531
SYNC_NOT_FOUND first4=B7265DDE
2026-07-26T11:45:55.767569+00:00 SYNC_NOT_FOUND first4=84278272
SYNC_NOT_FOUND first4=5BE5A002
TIME_SYNCED utc=1785066355 offset=1785062475
SYNC_NOT_FOUND first4=74203BAE
SYNC_NOT_FOUND first4=130C8D43
SYNC_NOT_FOUND first4=A4D8AF98
SYNC_NOT_FOUND first4=D610909D
2026-07-26T11:45:56.783529+00:00 SYNC_NOT_FOUND first4=E2353788
PHASE_RESULT 18 HF-FLRC-1300-128 pktSize=128 rx=0 unique=0 lost=100 per=100.0 rssi_avg=0 rssi_min=0 crc_err=0 garbage=16 tx_lat=0.00000 tx_lon=0.00000 sats=0 fix=0 utc=0 tx_fw=none rx_fw=unknown
PHASE_GUARD 500
PHASE_START 19 HF-FLRC-1300-255 pktSize=255
SYNC_NOT_FOUND first4=87BC3DD6
SYNC_NOT_FOUND first4=95E19E78
SYNC_NOT_FOUND first4=883F9B7D
2026-07-26T11:45:57.794390+00:00 SYNC_NOT_FOUND first4=C766CDB0
SYNC_NOT_FOUND first4=3D2F6C7D
SYNC_NOT_FOUND first4=F2517E86
SYNC_NOT_FOUND first4=A017BE50
SYNC_NOT_FOUND first4=FE39FDBB
2026-07-26T11:45:58.805262+00:00 PHASE_RESULT 19 HF-FLRC-1300-255 pktSize=255 rx=0 unique=0 lost=100 per=100.0 rssi_avg=0 rssi_min=0 crc_err=0 garbage=8 tx_lat=0.00000 tx_lon=0.00000 sats=0 fix=0 utc=0 tx_fw=none rx_fw=unknown
PHASE_GUARD 500
PHASE_START 20 HF-FLRC-650-32 pktSize=32
SYNC_NOT_FOUND first4=A0A3F4FB
SYNC_NOT_FOUND first4=0FF1C852
SYNC_NOT_FOUND first4=C7D28623
SYNC_NOT_FOUND first4=3003F1B1
SYNC_NOT_FOUND first4=83A7ED72
SYNC_NOT_FOUND first4=93B9462A
SYNC_NOT_FOUND first4=32303AB4
SYNC_NOT_FOUND first4=348B9620
SYNC_NOT_FOUND first4=4F146F62
SYNC_NOT_FOUND first4=948651C5
SYNC_NOT_FOUND first4=EDA34A05
SYNC_NOT_FOUND first4=45773A22
SYNC_NOT_FOUND first4=EA466A7D
SYNC_NOT_FOUND first4=0C97D020
SYNC_NOT_FOUND first4=8037D3C8
SYNC_NOT_FOUND first4=91616D1F
SYNC_NOT_FOUND first4=42D08233
SYNC_NOT_FOUND first4=4E29CF80
SYNC_NOT_FOUND first4=1F570491
SYNC_NOT_FOUND first4=173C3721
SYNC_NOT_FOUND first4=B5D0A3BD
SYNC_NOT_FOUND first4=27C63DF6
SYNC_NOT_FOUND first4=62709212
SYNC_NOT_FOUND first4=4933F43D
SYNC_NOT_FOUND first4=8F4EFAD8
SYNC_NOT_FOUND first4=35B3C7FC
SYNC_NOT_FOUND first4=A77CF34F
2026-07-26T11:45:59.816299+00:00 SYNC_NOT_FOUND first4=CD6F49FA
SYNC_NOT_FOUND first4=7A7E41BF
SYNC_NOT_FOUND first4=81EB6ED8
SYNC_NOT_FOUND first4=45C201D9
SYNC_NOT_FOUND first4=026CFDFE
SYNC_NOT_FOUND first4=9DA7D40B
SYNC_NOT_FOUND first4=FEB83043
SYNC_NOT_FOUND first4=F65944CA
SYNC_NOT_FOUND first4=0D97E6B8
SYNC_NOT_FOUND first4=43208185
SYNC_NOT_FOUND first4=3F750D2A
SYNC_NOT_FOUND first4=7ED4372D
SYNC_NOT_FOUND first4=29BAAFB5
SYNC_NOT_FOUND first4=3F5E4E72
SYNC_NOT_FOUND first4=9F2C99E0
SYNC_NOT_FOUND first4=33268D3B
SYNC_NOT_FOUND first4=7C370ACC
SYNC_NOT_FOUND first4=D669AECC
SYNC_NOT_FOUND first4=CE75F176
SYNC_NOT_FOUND first4=086939BC
SYNC_NOT_FOUND first4=11802030
SYNC_NOT_FOUND first4=010BF3C1
SYNC_NOT_FOUND first4=DE0C99B4
PHASE_RESULT 20 HF-FLRC-650-32 pktSize=32 rx=0 unique=0 lost=100 per=100.0 rssi_avg=0 rssi_min=0 crc_err=0 garbage=50 tx_lat=0.00000 tx_lon=0.00000 sats=0 fix=0 utc=0 tx_fw=none rx_fw=unknown
2026-07-26T11:46:00.828207+00:00 PHASE_GUARD 500
PHASE_START 21 HF-FLRC-650-64 pktSize=64
SYNC_NOT_FOUND first4=432B367C
SYNC_NOT_FOUND first4=FE523357
SYNC_NOT_FOUND first4=F501CA31
SYNC_NOT_FOUND first4=BEC43A09
SYNC_NOT_FOUND first4=360B0A80
SYNC_NOT_FOUND first4=CED1F2D0
SYNC_NOT_FOUND first4=5F276F91
SYNC_NOT_FOUND first4=E9FE9D8F
SYNC_NOT_FOUND first4=E68AC393
SYNC_NOT_FOUND first4=E0733F1A
SYNC_NOT_FOUND first4=0FE1B5E3
SYNC_NOT_FOUND first4=1455AFB9
SYNC_NOT_FOUND first4=A366088E
SYNC_NOT_FOUND first4=24FEAB91
SYNC_NOT_FOUND first4=3D9E645B
SYNC_NOT_FOUND first4=30004015
SYNC_NOT_FOUND first4=2F0160B3
SYNC_NOT_FOUND first4=DB1DCCBC
SYNC_NOT_FOUND first4=5091973A
SYNC_NOT_FOUND first4=E73A7428
SYNC_NOT_FOUND first4=835E25E2
SYNC_NOT_FOUND first4=7D8582D9
SYNC_NOT_FOUND first4=4EEB9B83
SYNC_NOT_FOUND first4=B4A1D58E
SYNC_NOT_FOUND first4=6AAF4644
SYNC_NOT_FOUND first4=35A617BB
SYNC_NOT_FOUND first4=662581D5
2026-07-26T11:46:01.839738+00:00 TIME_SYNCED utc=1785066360 offset=1785062474
SYNC_NOT_FOUND first4=EA20CEBA
SYNC_NOT_FOUND first4=DBBB8447
SYNC_NOT_FOUND first4=AE9754F5
SYNC_NOT_FOUND first4=69B307F0
SYNC_NOT_FOUND first4=5DB10140
SYNC_NOT_FOUND first4=9EB24E15
SYNC_NOT_FOUND first4=AA2C47D3
SYNC_NOT_FOUND first4=E32F9D89
SYNC_NOT_FOUND first4=299957B3
SYNC_NOT_FOUND first4=6F9181E7
SYNC_NOT_FOUND first4=87423B7B
SYNC_NOT_FOUND first4=C9DB8B09
SYNC_NOT_FOUND first4=EAF274A6
SYNC_NOT_FOUND first4=6F6A38A9
SYNC_NOT_FOUND first4=007C1AD3
SYNC_NOT_FOUND first4=05207E13
SYNC_NOT_FOUND first4=48D567C6
SYNC_NOT_FOUND first4=C078FFA0
SYNC_NOT_FOUND first4=58F6C8E2
SYNC_NOT_FOUND first4=88617184
SYNC_NOT_FOUND first4=21E65459
SYNC_NOT_FOUND first4=D0C5ED34
SYNC_NOT_FOUND first4=005C5CE1
SYNC_NOT_FOUND first4=AF887558
SYNC_NOT_FOUND first4=E5304380
SYNC_NOT_FOUND first4=82C62CB2
SYNC_NOT_FOUND first4=4A6EA87B
SYNC_NOT_FOUND first4=ECA15E5D
SYNC_NOT_FOUND first4=75878385
SYNC_NOT_FOUND first4=DF46BCA0
2026-07-26T11:46:02.850809+00:00 SYNC_NOT_FOUND first4=ECE4C170
SYNC_NOT_FOUND first4=36514A21
SYNC_NOT_FOUND first4=B7A4E9C1
SYNC_NOT_FOUND first4=C9E22C1B
SYNC_NOT_FOUND first4=5EEBF89B
SYNC_NOT_FOUND first4=FE49CDBA
SYNC_NOT_FOUND first4=9F7F884E
SYNC_NOT_FOUND first4=276C6113
SYNC_NOT_FOUND first4=9C2BC948
SYNC_NOT_FOUND first4=8C349C8F
SYNC_NOT_FOUND first4=164E94F8
SYNC_NOT_FOUND first4=2BFFADF8
SYNC_NOT_FOUND first4=74FF101B
SYNC_NOT_FOUND first4=7C7199A0
SYNC_NOT_FOUND first4=0A643376
SYNC_NOT_FOUND first4=D963B180
SYNC_NOT_FOUND first4=6C1C7A01
SYNC_NOT_FOUND first4=BF65E5D7
SYNC_NOT_FOUND first4=46371F0F
SYNC_NOT_FOUND first4=17FB016B
SYNC_NOT_FOUND first4=412425F9
SYNC_NOT_FOUND first4=7381A2D0
SYNC_NOT_FOUND first4=E3AF0449
SYNC_NOT_FOUND first4=96B06460
SYNC_NOT_FOUND first4=4E03D874
SYNC_NOT_FOUND first4=4A05491E
SYNC_NOT_FOUND first4=7F6B353A
SYNC_NOT_FOUND first4=24307FE6
SYNC_NOT_FOUND first4=82E2C5C6
SYNC_NOT_FOUND first4=F3D3C10B
SYNC_NOT_FOUND first4=449B3516
SYNC_NOT_FOUND first4=A28144AD
SYNC_NOT_FOUND first4=47671AB8
SYNC_NOT_FOUND first4=128A047D
SYNC_NOT_FOUND first4=CD0B7F8C
PHASE_RESULT 21 HF-FLRC-650-64 pktSize=64 rx=0 unique=0 lost=100 per=100.0 rssi_avg=0 rssi_min=0 crc_err=0 garbage=92 tx_lat=0.00000 tx_lon=0.00000 sats=0 fix=0 utc=0 tx_fw=none rx_fw=unknown
PHASE_GUARD 500
2026-07-26T11:46:03.862403+00:00 PHASE_START 22 HF-FLRC-650-128 pktSize=128
SYNC_NOT_FOUND first4=3684707B
SYNC_NOT_FOUND first4=5FEF475F
SYNC_NOT_FOUND first4=DF0C87AA
SYNC_NOT_FOUND first4=0FDE5F9D
SYNC_NOT_FOUND first4=F8439773
SYNC_NOT_FOUND first4=16A9947C
SYNC_NOT_FOUND first4=8B931EFB
SYNC_NOT_FOUND first4=3B4DF784
SYNC_NOT_FOUND first4=A9B5901D
SYNC_NOT_FOUND first4=36D543CF
SYNC_NOT_FOUND first4=D52F60FB
SYNC_NOT_FOUND first4=058D5F43
SYNC_NOT_FOUND first4=A991D85E
SYNC_NOT_FOUND first4=E5FD4273
SYNC_NOT_FOUND first4=B4262957
SYNC_NOT_FOUND first4=C79816C8
SYNC_NOT_FOUND first4=9BF8B53D
SYNC_NOT_FOUND first4=027EB50B
SYNC_NOT_FOUND first4=19083BDC
SYNC_NOT_FOUND first4=5D6A8406
SYNC_NOT_FOUND first4=62A3D1A4
SYNC_NOT_FOUND first4=6B8CF553
SYNC_NOT_FOUND first4=9F06FC22
SYNC_NOT_FOUND first4=D116DEBA
SYNC_NOT_FOUND first4=2CC17B4C
SYNC_NOT_FOUND first4=57815C00
SYNC_NOT_FOUND first4=55922F6B
SYNC_NOT_FOUND first4=95FB791F
SYNC_NOT_FOUND first4=27A513CD
SYNC_NOT_FOUND first4=7535273E
SYNC_NOT_FOUND first4=5E5D0B27
2026-07-26T11:46:04.873665+00:00 SYNC_NOT_FOUND first4=C8EC1D31
SYNC_NOT_FOUND first4=52622B35
SYNC_NOT_FOUND first4=0EFA5054
SYNC_NOT_FOUND first4=7AA0A02F
SYNC_NOT_FOUND first4=9491D714
SYNC_NOT_FOUND first4=3638410E
SYNC_NOT_FOUND first4=FFD402A3
SYNC_NOT_FOUND first4=49FA7E05
SYNC_NOT_FOUND first4=EE218035
SYNC_NOT_FOUND first4=41A21E4E
SYNC_NOT_FOUND first4=62C33572
SYNC_NOT_FOUND first4=595268E2
SYNC_NOT_FOUND first4=8F12D846
SYNC_NOT_FOUND first4=E092CA58
SYNC_NOT_FOUND first4=3298A69F
SYNC_NOT_FOUND first4=D1643044
SYNC_NOT_FOUND first4=43505261
SYNC_NOT_FOUND first4=F4B87DB5
SYNC_NOT_FOUND first4=D1DA967D
SYNC_NOT_FOUND first4=4516AF7F
SYNC_NOT_FOUND first4=C91BD523
SYNC_NOT_FOUND first4=9657E711
SYNC_NOT_FOUND first4=8462629F
SYNC_NOT_FOUND first4=5342CFAB
SYNC_NOT_FOUND first4=63ACF9DF
SYNC_NOT_FOUND first4=CAFA2BEE
SYNC_NOT_FOUND first4=52A93067
SYNC_NOT_FOUND first4=7084361A
SYNC_NOT_FOUND first4=7D982F51
SYNC_NOT_FOUND first4=C1F9F408
SYNC_NOT_FOUND first4=AB8F9FBC
SYNC_NOT_FOUND first4=9E5905C4
SYNC_NOT_FOUND first4=CB3A8718
SYNC_NOT_FOUND first4=B4017C8B
SYNC_NOT_FOUND first4=BD4D8713
SYNC_NOT_FOUND first4=C9A25C29
SYNC_NOT_FOUND first4=39817C7C
SYNC_NOT_FOUND first4=040781B9
PHASE_RESULT 22 HF-FLRC-650-128 pktSize=128 rx=0 unique=0 lost=100 per=100.0 rssi_avg=0 rssi_min=0 crc_err=0 garbage=69 tx_lat=0.00000 tx_lon=0.00000 sats=0 fix=0 utc=0 tx_fw=none rx_fw=unknown
PHASE_GUARD 500
2026-07-26T11:46:05.885253+00:00 PHASE_START 23 HF-FLRC-650-255 pktSize=255
SYNC_NOT_FOUND first4=8A11D661
SYNC_NOT_FOUND first4=34B2D231
SYNC_NOT_FOUND first4=0731DC32
SYNC_NOT_FOUND first4=3AA95FC1
SYNC_NOT_FOUND first4=96EE4091
SYNC_NOT_FOUND first4=C075240D
SYNC_NOT_FOUND first4=32BC8FA7
SYNC_NOT_FOUND first4=8F0EB030
SYNC_NOT_FOUND first4=CC35769B
SYNC_NOT_FOUND first4=3AD40E3A
SYNC_NOT_FOUND first4=355BEE7A
SYNC_NOT_FOUND first4=8C527B5F
SYNC_NOT_FOUND first4=848052BF
SYNC_NOT_FOUND first4=B41B0522
SYNC_NOT_FOUND first4=39753B58
TIME_SYNCED utc=1785066365 offset=1785062475
SYNC_NOT_FOUND first4=5388C685
SYNC_NOT_FOUND first4=9CB952E2
SYNC_NOT_FOUND first4=872FE6A1
SYNC_NOT_FOUND first4=149E5952
SYNC_NOT_FOUND first4=090D4AC7
SYNC_NOT_FOUND first4=BC084CF2
PHASE_RESULT 23 HF-FLRC-650-255 pktSize=255 rx=0 unique=0 lost=100 per=100.0 rssi_avg=0 rssi_min=0 crc_err=0 garbage=21 tx_lat=0.00000 tx_lon=0.00000 sats=0 fix=0 utc=0 tx_fw=none rx_fw=unknown
PHASE_GUARD 500
2026-07-26T11:46:06.897417+00:00 PHASE_START 24 HF-FLRC-325-32 pktSize=32
SYNC_NOT_FOUND first4=2AF883EA
SYNC_NOT_FOUND first4=92B3D16A
2026-07-26T11:46:07.908765+00:00 SYNC_NOT_FOUND first4=2263E297
SYNC_NOT_FOUND first4=2453287B
SYNC_NOT_FOUND first4=62374964
SYNC_NOT_FOUND first4=2F27A2BD
SYNC_NOT_FOUND first4=3C5168F7
SYNC_NOT_FOUND first4=A9113986
SYNC_NOT_FOUND first4=451DB03A
PHASE_RESULT 24 HF-FLRC-325-32 pktSize=32 rx=0 unique=0 lost=100 per=100.0 rssi_avg=0 rssi_min=0 crc_err=0 garbage=9 tx_lat=0.00000 tx_lon=0.00000 sats=0 fix=0 utc=0 tx_fw=none rx_fw=unknown
PHASE_GUARD 500
2026-07-26T11:46:08.920919+00:00 PHASE_START 25 HF-FLRC-325-64 pktSize=64
2026-07-26T11:46:09.932032+00:00 SYNC_NOT_FOUND first4=E0EDC782
SYNC_NOT_FOUND first4=F3B659CE
PHASE_RESULT 25 HF-FLRC-325-64 pktSize=64 rx=0 unique=0 lost=100 per=100.0 rssi_avg=0 rssi_min=0 crc_err=0 garbage=2 tx_lat=0.00000 tx_lon=0.00000 sats=0 fix=0 utc=0 tx_fw=none rx_fw=unknown
PHASE_GUARD 500
2026-07-26T11:46:10.943210+00:00 PHASE_START 26 HF-FLRC-325-128 pktSize=128
SYNC_NOT_FOUND first4=2C052F43
SYNC_NOT_FOUND first4=3C865717
SYNC_NOT_FOUND first4=A681A586
2026-07-26T11:46:11.957354+00:00 TIME_SYNCED utc=1785066370 offset=1785062474
SYNC_NOT_FOUND first4=D9353D36
SYNC_NOT_FOUND first4=DBF45D1F
SYNC_NOT_FOUND first4=B452E63A
SYNC_NOT_FOUND first4=A9A5B4B3
2026-07-26T11:46:12.968451+00:00 SYNC_NOT_FOUND first4=1DA271C8
PHASE_RESULT 26 HF-FLRC-325-128 pktSize=128 rx=0 unique=0 lost=100 per=100.0 rssi_avg=0 rssi_min=0 crc_err=0 garbage=8 tx_lat=0.00000 tx_lon=0.00000 sats=0 fix=0 utc=0 tx_fw=none rx_fw=unknown
PHASE_GUARD 500
PHASE_START 27 HF-FLRC-325-255 pktSize=255
2026-07-26T11:46:13.979880+00:00 SYNC_NOT_FOUND first4=01DAE865
SYNC_NOT_FOUND first4=9F905022
SYNC_NOT_FOUND first4=47D2D1EE
2026-07-26T11:46:14.990854+00:00 SYNC_NOT_FOUND first4=BEB73920
SYNC_NOT_FOUND first4=CBAB6C2A
SYNC_NOT_FOUND first4=D03CD855
PHASE_RESULT 27 HF-FLRC-325-255 pktSize=255 rx=0 unique=0 lost=100 per=100.0 rssi_avg=0 rssi_min=0 crc_err=0 garbage=6 tx_lat=0.00000 tx_lon=0.00000 sats=0 fix=0 utc=0 tx_fw=none rx_fw=unknown
PHASE_GUARD 500
LORA_CFG path=0 bw=0x05 sf=7
PHASE_START 28 LF-LoRa-SF7-32 pktSize=32
2026-07-26T11:46:16.004614+00:00 TIME_SYNCED utc=1785066375 offset=1785062475
PHASE_RESULT 28 LF-LoRa-SF7-32 pktSize=32 rx=0 unique=0 lost=20 per=100.0 rssi_avg=0 rssi_min=0 crc_err=0 garbage=0 tx_lat=0.00000 tx_lon=0.00000 sats=0 fix=0 utc=0 tx_fw=none rx_fw=unknown
PHASE_GUARD 500
LORA_CFG path=0 bw=0x05 sf=7
PHASE_START 29 LF-LoRa-SF7-64 pktSize=64
2026-07-26T11:46:19.118672+00:00 PHASE_RESULT 29 LF-LoRa-SF7-64 pktSize=64 rx=0 unique=0 lost=20 per=100.0 rssi_avg=0 rssi_min=0 crc_err=0 garbage=0 tx_lat=0.00000 tx_lon=0.00000 sats=0 fix=0 utc=0 tx_fw=none rx_fw=unknown
PHASE_GUARD 500
LORA_CFG path=0 bw=0x05 sf=7
PHASE_START 30 LF-LoRa-SF7-128 pktSize=128
2026-07-26T11:46:22.234406+00:00 TIME_SYNCED utc=1785066381 offset=1785062475
2026-07-26T11:46:23.246303+00:00 PHASE_RESULT 30 LF-LoRa-SF7-128 pktSize=128 rx=0 unique=0 lost=13 per=100.0 rssi_avg=0 rssi_min=0 crc_err=0 garbage=0 tx_lat=0.00000 tx_lon=0.00000 sats=0 fix=0 utc=0 tx_fw=none rx_fw=unknown
PHASE_GUARD 500
LORA_CFG path=0 bw=0x05 sf=7
PHASE_START 31 LF-LoRa-SF7-255 pktSize=255
2026-07-26T11:46:26.360228+00:00 TIME_SYNCED utc=1785066385 offset=1785062475
2026-07-26T11:46:27.371701+00:00 PHASE_RESULT 31 LF-LoRa-SF7-255 pktSize=255 rx=0 unique=0 lost=7 per=100.0 rssi_avg=0 rssi_min=0 crc_err=0 garbage=0 tx_lat=0.00000 tx_lon=0.00000 sats=0 fix=0 utc=0 tx_fw=none rx_fw=unknown
PHASE_GUARD 500
LORA_CFG path=0 bw=0x05 sf=9
PHASE_START 32 LF-LoRa-SF9-32 pktSize=32
2026-07-26T11:46:31.536418+00:00 PHASE_RESULT 32 LF-LoRa-SF9-32 pktSize=32 rx=0 unique=0 lost=7 per=100.0 rssi_avg=0 rssi_min=0 crc_err=0 garbage=0 tx_lat=0.00000 tx_lon=0.00000 sats=0 fix=0 utc=0 tx_fw=none rx_fw=unknown
PHASE_GUARD 500
LORA_CFG path=0 bw=0x05 sf=9
PHASE_START 33 LF-LoRa-SF9-64 pktSize=64
2026-07-26T11:46:32.549259+00:00 TIME_SYNCED utc=1785066391 offset=1785062475
2026-07-26T11:46:34.612357+00:00 PHASE_RESULT 33 LF-LoRa-SF9-64 pktSize=64 rx=0 unique=0 lost=3 per=100.0 rssi_avg=0 rssi_min=0 crc_err=0 garbage=0 tx_lat=0.00000 tx_lon=0.00000 sats=0 fix=0 utc=0 tx_fw=none rx_fw=unknown
PHASE_GUARD 500
LORA_CFG path=0 bw=0x05 sf=9
PHASE_START 34 LF-LoRa-SF9-128 pktSize=128
2026-07-26T11:46:36.675315+00:00 TIME_SYNCED utc=1785066395 offset=1785062475
PHASE_RESULT 34 LF-LoRa-SF9-128 pktSize=128 rx=0 unique=0 lost=1 per=100.0 rssi_avg=0 rssi_min=0 crc_err=0 garbage=0 tx_lat=0.00000 tx_lon=0.00000 sats=0 fix=0 utc=0 tx_fw=none rx_fw=unknown
PHASE_GUARD 500
LORA_CFG path=0 bw=0x05 sf=9
PHASE_START 35 LF-LoRa-SF9-255 pktSize=255
2026-07-26T11:46:40.840351+00:00 PHASE_RESULT 35 LF-LoRa-SF9-255 pktSize=255 rx=0 unique=0 lost=1 per=100.0 rssi_avg=0 rssi_min=0 crc_err=0 garbage=0 tx_lat=0.00000 tx_lon=0.00000 sats=0 fix=0 utc=0 tx_fw=none rx_fw=unknown
PHASE_GUARD 500
LORA_CFG path=0 bw=0x05 sf=12
PHASE_START 36 LF-LoRa-SF12-32 pktSize=32
2026-07-26T11:46:42.903358+00:00 TIME_SYNCED utc=1785066401 offset=1785062474
2026-07-26T11:46:46.018113+00:00 TIME_SYNCED utc=1785066405 offset=1785062475
2026-07-26T11:46:53.338661+00:00 TIME_SYNCED utc=1785066412 offset=1785062475
2026-07-26T11:46:55.402354+00:00 PHASE_RESULT 36 LF-LoRa-SF12-32 pktSize=32 rx=0 unique=0 lost=1 per=100.0 rssi_avg=0 rssi_min=0 crc_err=0 garbage=0 tx_lat=0.00000 tx_lon=0.00000 sats=0 fix=0 utc=0 tx_fw=none rx_fw=unknown
PHASE_GUARD 500
LORA_CFG path=0 bw=0x05 sf=12
PHASE_START 37 LF-LoRa-SF12-SKIP SKIP pktSize=64
2026-07-26T11:46:56.414195+00:00 TIME_SYNCED utc=1785066415 offset=1785062475
PHASE_RESULT 37 LF-LoRa-SF12-SKIP pktSize=64 rx=0 unique=0 lost=0 per=0.0 rssi_avg=0 rssi_min=0 crc_err=0 garbage=0 tx_lat=0.00000 tx_lon=0.00000 sats=0 fix=0 utc=0 tx_fw=none rx_fw=unknown
PHASE_GUARD 500
LORA_CFG path=0 bw=0x05 sf=12
PHASE_START 38 LF-LoRa-SF12-SKIP SKIP pktSize=128
2026-07-26T11:46:57.426399+00:00 PHASE_RESULT 38 LF-LoRa-SF12-SKIP pktSize=128 rx=0 unique=0 lost=0 per=0.0 rssi_avg=0 rssi_min=0 crc_err=0 garbage=0 tx_lat=0.00000 tx_lon=0.00000 sats=0 fix=0 utc=0 tx_fw=none rx_fw=unknown
PHASE_GUARD 500
LORA_CFG path=0 bw=0x05 sf=12
PHASE_START 39 LF-LoRa-SF12-SKIP SKIP pktSize=255
2026-07-26T11:46:58.438353+00:00 PHASE_RESULT 39 LF-LoRa-SF12-SKIP pktSize=255 rx=0 unique=0 lost=0 per=0.0 rssi_avg=0 rssi_min=0 crc_err=0 garbage=0 tx_lat=0.00000 tx_lon=0.00000 sats=0 fix=0 utc=0 tx_fw=none rx_fw=unknown
PHASE_GUARD 500
PHASE_START 40 LF-FLRC-2600-32 pktSize=32
SYNC_NOT_FOUND first4=F5609519
SYNC_NOT_FOUND first4=4C5DB672
2026-07-26T11:46:59.449771+00:00 SYNC_NOT_FOUND first4=A995316F
2026-07-26T11:47:00.461350+00:00 SYNC_NOT_FOUND first4=A3F75399
PHASE_RESULT 40 LF-FLRC-2600-32 pktSize=32 rx=0 unique=0 lost=100 per=100.0 rssi_avg=0 rssi_min=0 crc_err=0 garbage=4 tx_lat=0.00000 tx_lon=0.00000 sats=0 fix=0 utc=0 tx_fw=none rx_fw=unknown
PHASE_GUARD 500
PHASE_START 41 LF-FLRC-2600-64 pktSize=64
2026-07-26T11:47:02.524488+00:00 PHASE_RESULT 41 LF-FLRC-2600-64 pktSize=64 rx=0 unique=0 lost=100 per=100.0 rssi_avg=0 rssi_min=0 crc_err=0 garbage=0 tx_lat=0.00000 tx_lon=0.00000 sats=0 fix=0 utc=0 tx_fw=none rx_fw=unknown
PHASE_GUARD 500
PHASE_START 42 LF-FLRC-2600-128 pktSize=128
2026-07-26T11:47:03.536230+00:00 TIME_SYNCED utc=1785066422 offset=1785062475
2026-07-26T11:47:04.548020+00:00 PHASE_RESULT 42 LF-FLRC-2600-128 pktSize=128 rx=0 unique=0 lost=100 per=100.0 rssi_avg=0 rssi_min=0 crc_err=0 garbage=0 tx_lat=0.00000 tx_lon=0.00000 sats=0 fix=0 utc=0 tx_fw=none rx_fw=unknown
PHASE_GUARD 500
PHASE_START 43 LF-FLRC-2600-255 pktSize=255
2026-07-26T11:47:06.609777+00:00 TIME_SYNCED utc=1785066425 offset=1785062475
PHASE_RESULT 43 LF-FLRC-2600-255 pktSize=255 rx=0 unique=0 lost=100 per=100.0 rssi_avg=0 rssi_min=0 crc_err=0 garbage=0 tx_lat=0.00000 tx_lon=0.00000 sats=0 fix=0 utc=0 tx_fw=none rx_fw=unknown
PHASE_GUARD 500
PHASE_START 44 LF-FLRC-1300-32 pktSize=32
SYNC_NOT_FOUND first4=C32F1D8B
SYNC_NOT_FOUND first4=C1D9B871
2026-07-26T11:47:07.625235+00:00 SYNC_NOT_FOUND first4=D4F0F033
2026-07-26T11:47:08.637590+00:00 PHASE_RESULT 44 LF-FLRC-1300-32 pktSize=32 rx=0 unique=0 lost=100 per=100.0 rssi_avg=0 rssi_min=0 crc_err=0 garbage=3 tx_lat=0.00000 tx_lon=0.00000 sats=0 fix=0 utc=0 tx_fw=none rx_fw=unknown
PHASE_GUARD 500
PHASE_START 45 LF-FLRC-1300-64 pktSize=64
2026-07-26T11:47:10.701844+00:00 PHASE_RESULT 45 LF-FLRC-1300-64 pktSize=64 rx=0 unique=0 lost=100 per=100.0 rssi_avg=0 rssi_min=0 crc_err=0 garbage=0 tx_lat=0.00000 tx_lon=0.00000 sats=0 fix=0 utc=0 tx_fw=none rx_fw=unknown
PHASE_GUARD 500
PHASE_START 46 LF-FLRC-1300-128 pktSize=128
2026-07-26T11:47:11.714964+00:00 SYNC_NOT_FOUND first4=51195E07
2026-07-26T11:47:12.719654+00:00 PHASE_RESULT 46 LF-FLRC-1300-128 pktSize=128 rx=0 unique=0 lost=100 per=100.0 rssi_avg=0 rssi_min=0 crc_err=0 garbage=1 tx_lat=0.00000 tx_lon=0.00000 sats=0 fix=0 utc=0 tx_fw=none rx_fw=unknown
PHASE_GUARD 500
PHASE_START 47 LF-FLRC-1300-255 pktSize=255
SYNC_NOT_FOUND first4=4BCC3E57
SYNC_NOT_FOUND first4=1BFDD351
2026-07-26T11:47:13.738896+00:00 TIME_SYNCED utc=1785066432 offset=1785062475
SYNC_NOT_FOUND first4=5CA79D0E
SYNC_NOT_FOUND first4=DD2BDE51
2026-07-26T11:47:14.750226+00:00 PHASE_RESULT 47 LF-FLRC-1300-255 pktSize=255 rx=0 unique=0 lost=100 per=100.0 rssi_avg=0 rssi_min=0 crc_err=0 garbage=4 tx_lat=0.00000 tx_lon=0.00000 sats=0 fix=0 utc=0 tx_fw=none rx_fw=unknown
PHASE_GUARD 500
PHASE_START 48 LF-FLRC-650-32 pktSize=32
SYNC_NOT_FOUND first4=3C964CBB
SYNC_NOT_FOUND first4=F9B520A0
SYNC_NOT_FOUND first4=E1C8AF87
2026-07-26T11:47:15.761410+00:00 SYNC_NOT_FOUND first4=F8513BA6
SYNC_NOT_FOUND first4=5C4A0321
TIME_SYNCED utc=1785066435 offset=1785062475
2026-07-26T11:47:16.773191+00:00 PHASE_RESULT 48 LF-FLRC-650-32 pktSize=32 rx=0 unique=0 lost=100 per=100.0 rssi_avg=0 rssi_min=0 crc_err=0 garbage=5 tx_lat=0.00000 tx_lon=0.00000 sats=0 fix=0 utc=0 tx_fw=none rx_fw=unknown
PHASE_GUARD 500
PHASE_START 49 LF-FLRC-650-64 pktSize=64
SYNC_NOT_FOUND first4=05347156
SYNC_NOT_FOUND first4=0C8E63B7
2026-07-26T11:47:17.788299+00:00 SYNC_NOT_FOUND first4=E401E4BA
SYNC_NOT_FOUND first4=E1E068C7
SYNC_NOT_FOUND first4=86983941
SYNC_NOT_FOUND first4=E960462A
SYNC_NOT_FOUND first4=111693E4
2026-07-26T11:47:18.799827+00:00 PHASE_RESULT 49 LF-FLRC-650-64 pktSize=64 rx=0 unique=0 lost=100 per=100.0 rssi_avg=0 rssi_min=0 crc_err=0 garbage=7 tx_lat=0.00000 tx_lon=0.00000 sats=0 fix=0 utc=0 tx_fw=none rx_fw=unknown
PHASE_GUARD 500
PHASE_START 50 LF-FLRC-650-128 pktSize=128
SYNC_NOT_FOUND first4=77155925
SYNC_NOT_FOUND first4=3C033D01
SYNC_NOT_FOUND first4=D216825E
2026-07-26T11:47:19.810815+00:00 SYNC_NOT_FOUND first4=8A8A3FB1
SYNC_NOT_FOUND first4=A68113D4
PHASE_RESULT 50 LF-FLRC-650-128 pktSize=128 rx=0 unique=0 lost=100 per=100.0 rssi_avg=0 rssi_min=0 crc_err=0 garbage=5 tx_lat=0.00000 tx_lon=0.00000 sats=0 fix=0 utc=0 tx_fw=none rx_fw=unknown
PHASE_GUARD 500
2026-07-26T11:47:20.822160+00:00 PHASE_START 51 LF-FLRC-650-255 pktSize=255
SYNC_NOT_FOUND first4=479D2792
SYNC_NOT_FOUND first4=B070D098
2026-07-26T11:47:21.825668+00:00 SYNC_NOT_FOUND first4=367600D1
SYNC_NOT_FOUND first4=4950A1D6
SYNC_NOT_FOUND first4=7110DB71
PHASE_RESULT 51 LF-FLRC-650-255 pktSize=255 rx=0 unique=0 lost=100 per=100.0 rssi_avg=0 rssi_min=0 crc_err=0 garbage=5 tx_lat=0.00000 tx_lon=0.00000 sats=0 fix=0 utc=0 tx_fw=none rx_fw=unknown
PHASE_GUARD 500
2026-07-26T11:47:22.837355+00:00 PHASE_START 52 LF-FLRC-325-32 pktSize=32
2026-07-26T11:47:23.854236+00:00 TIME_SYNCED utc=1785066442 offset=1785062474
2026-07-26T11:47:24.869967+00:00 PHASE_RESULT 52 LF-FLRC-325-32 pktSize=32 rx=0 unique=0 lost=100 per=100.0 rssi_avg=0 rssi_min=0 crc_err=0 garbage=0 tx_lat=0.00000 tx_lon=0.00000 sats=0 fix=0 utc=0 tx_fw=none rx_fw=unknown
PHASE_GUARD 500
2026-07-26T11:47:25.883948+00:00 PHASE_START 53 LF-FLRC-325-64 pktSize=64
TIME_SYNCED utc=1785066445 offset=1785062475
PHASE_RESULT 53 LF-FLRC-325-64 pktSize=64 rx=0 unique=0 lost=100 per=100.0 rssi_avg=0 rssi_min=0 crc_err=0 garbage=0 tx_lat=0.00000 tx_lon=0.00000 sats=0 fix=0 utc=0 tx_fw=none rx_fw=unknown
PHASE_GUARD 500
2026-07-26T11:47:26.896218+00:00 PHASE_START 54 LF-FLRC-325-128 pktSize=128
2026-07-26T11:47:27.912735+00:00 PHASE_RESULT 54 LF-FLRC-325-128 pktSize=128 rx=0 unique=0 lost=100 per=100.0 rssi_avg=0 rssi_min=0 crc_err=0 garbage=0 tx_lat=0.00000 tx_lon=0.00000 sats=0 fix=0 utc=0 tx_fw=none rx_fw=unknown
PHASE_GUARD 500
2026-07-26T11:47:28.927355+00:00 PHASE_START 55 LF-FLRC-325-255 pktSize=255
2026-07-26T11:47:29.938354+00:00 PHASE_RESULT 55 LF-FLRC-325-255 pktSize=255 rx=0 unique=0 lost=100 per=100.0 rssi_avg=0 rssi_min=0 crc_err=0 garbage=0 tx_lat=0.00000 tx_lon=0.00000 sats=0 fix=0 utc=0 tx_fw=none rx_fw=unknown
PHASE_GUARD 500
LORA_CFG path=1 bw=0x0F sf=7
PHASE_START 0 HF-LoRa-SF7-32 pktSize=32
2026-07-26T11:47:32.000722+00:00 PHASE_RESULT 0 HF-LoRa-SF7-32 pktSize=32 rx=0 unique=0 lost=20 per=100.0 rssi_avg=0 rssi_min=0 crc_err=0 garbage=0 tx_lat=0.00000 tx_lon=0.00000 sats=0 fix=0 utc=0 tx_fw=none rx_fw=unknown
PHASE_GUARD 500
LORA_CFG path=1 bw=0x0F sf=7
PHASE_START 1 HF-LoRa-SF7-64 pktSize=64
2026-07-26T11:47:34.067829+00:00 TIME_SYNCED utc=1785066453 offset=1785062475
PHASE_RESULT 1 HF-LoRa-SF7-64 pktSize=64 rx=0 unique=0 lost=20 per=100.0 rssi_avg=0 rssi_min=0 crc_err=0 garbage=0 tx_lat=0.00000 tx_lon=0.00000 sats=0 fix=0 utc=0 tx_fw=none rx_fw=unknown
PHASE_GUARD 500
LORA_CFG path=1 bw=0x0F sf=7
PHASE_START 2 HF-LoRa-SF7-128 pktSize=128
2026-07-26T11:47:36.136636+00:00 TIME_SYNCED utc=1785066455 offset=1785062475
PHASE_RESULT 2 HF-LoRa-SF7-128 pktSize=128 rx=0 unique=0 lost=20 per=100.0 rssi_avg=0 rssi_min=0 crc_err=0 garbage=0 tx_lat=0.00000 tx_lon=0.00000 sats=0 fix=0 utc=0 tx_fw=none rx_fw=unknown
PHASE_GUARD 500
LORA_CFG path=1 bw=0x0F sf=7
PHASE_START 3 HF-LoRa-SF7-255 pktSize=255
2026-07-26T11:47:39.249764+00:00 PHASE_RESULT 3 HF-LoRa-SF7-255 pktSize=255 rx=0 unique=0 lost=20 per=100.0 rssi_avg=0 rssi_min=0 crc_err=0 garbage=0 tx_lat=0.00000 tx_lon=0.00000 sats=0 fix=0 utc=0 tx_fw=none rx_fw=unknown
PHASE_GUARD 500
LORA_CFG path=1 bw=0x0F sf=9
PHASE_START 4 HF-LoRa-SF9-32 pktSize=32
2026-07-26T11:47:41.312919+00:00 PHASE_RESULT 4 HF-LoRa-SF9-32 pktSize=32 rx=0 unique=0 lost=20 per=100.0 rssi_avg=0 rssi_min=0 crc_err=0 garbage=0 tx_lat=0.00000 tx_lon=0.00000 sats=0 fix=0 utc=0 tx_fw=none rx_fw=unknown
PHASE_GUARD 500
LORA_CFG path=1 bw=0x0F sf=9
PHASE_START 5 HF-LoRa-SF9-64 pktSize=64
2026-07-26T11:47:44.434472+00:00 TIME_SYNCED utc=1785066463 offset=1785062475
PHASE_RESULT 5 HF-LoRa-SF9-64 pktSize=64 rx=0 unique=0 lost=20 per=100.0 rssi_avg=0 rssi_min=0 crc_err=0 garbage=0 tx_lat=0.00000 tx_lon=0.00000 sats=0 fix=0 utc=0 tx_fw=none rx_fw=unknown
PHASE_GUARD 500
LORA_CFG path=1 bw=0x0F sf=9
PHASE_START 6 HF-LoRa-SF9-128 pktSize=128
2026-07-26T11:47:46.502794+00:00 TIME_SYNCED utc=1785066465 offset=1785062475
2026-07-26T11:47:48.565384+00:00 PHASE_RESULT 6 HF-LoRa-SF9-128 pktSize=128 rx=0 unique=0 lost=13 per=100.0 rssi_avg=0 rssi_min=0 crc_err=0 garbage=0 tx_lat=0.00000 tx_lon=0.00000 sats=0 fix=0 utc=0 tx_fw=none rx_fw=unknown
PHASE_GUARD 500
LORA_CFG path=1 bw=0x0F sf=9
PHASE_START 7 HF-LoRa-SF9-255 pktSize=255
2026-07-26T11:47:51.686715+00:00 PHASE_RESULT 7 HF-LoRa-SF9-255 pktSize=255 rx=0 unique=0 lost=6 per=100.0 rssi_avg=0 rssi_min=0 crc_err=0 garbage=0 tx_lat=0.00000 tx_lon=0.00000 sats=0 fix=0 utc=0 tx_fw=none rx_fw=unknown
PHASE_GUARD 500
LORA_CFG path=1 bw=0x0F sf=12
PHASE_START 8 HF-LoRa-SF12-32 pktSize=32
2026-07-26T11:47:54.801822+00:00 PHASE_RESULT 8 HF-LoRa-SF12-32 pktSize=32 rx=0 unique=0 lost=2 per=100.0 rssi_avg=0 rssi_min=0 crc_err=0 garbage=0 tx_lat=0.00000 tx_lon=0.00000 sats=0 fix=0 utc=0 tx_fw=none rx_fw=unknown
PHASE_GUARD 500
LORA_CFG path=1 bw=0x0F sf=12
PHASE_START 9 HF-LoRa-SF12-64 pktSize=64
TIME_SYNCED utc=1785066473 offset=1785062474
PHASE_RESULT 9 HF-LoRa-SF12-64 pktSize=64 rx=0 unique=0 lost=1 per=100.0 rssi_avg=0 rssi_min=0 crc_err=0 garbage=0 tx_lat=0.00000 tx_lon=0.00000 sats=0 fix=0 utc=0 tx_fw=none rx_fw=unknown
PHASE_GUARD 500
LORA_CFG path=1 bw=0x0F sf=12
PHASE_START 8 HF-LoRa-SF12-32 pktSize=32
PHASE_RESULT 8 HF-LoRa-SF12-32 pktSize=32 rx=0 unique=0 lost=2 per=100.0 rssi_avg=0 rssi_min=0 crc_err=0 garbage=0 tx_lat=0.00000 tx_lon=0.00000 sats=0 fix=0 utc=0 tx_fw=none rx_fw=unknown
PHASE_GUARD 500
2026-07-26T11:47:55.815400+00:00 LORA_CFG path=1 bw=0x0F sf=12
PHASE_START 9 HF-LoRa-SF12-64 pktSize=64
TIME_SYNCED utc=1785066475 offset=1785062474
2026-07-26T11:47:57.877569+00:00 PHASE_RESULT 9 HF-LoRa-SF12-64 pktSize=64 rx=0 unique=0 lost=1 per=100.0 rssi_avg=0 rssi_min=0 crc_err=0 garbage=0 tx_lat=0.00000 tx_lon=0.00000 sats=0 fix=0 utc=0 tx_fw=none rx_fw=unknown
PHASE_GUARD 500
LORA_CFG path=1 bw=0x0F sf=12
2026-07-26T11:47:58.896940+00:00 PHASE_START 10 HF-LoRa-SF12-128 pktSize=128
2026-07-26T11:48:03.061723+00:00 PHASE_RESULT 10 HF-LoRa-SF12-128 pktSize=128 rx=0 unique=0 lost=1 per=100.0 rssi_avg=0 rssi_min=0 crc_err=0 garbage=0 tx_lat=0.00000 tx_lon=0.00000 sats=0 fix=0 utc=0 tx_fw=none rx_fw=unknown
PHASE_GUARD 500
LORA_CFG path=1 bw=0x0F sf=12
PHASE_START 11 HF-LoRa-SF12-255 pktSize=255
2026-07-26T11:48:05.131847+00:00 TIME_SYNCED utc=1785066484 offset=1785062475
2026-07-26T11:48:06.147701+00:00 TIME_SYNCED utc=1785066485 offset=1785062474
2026-07-26T11:48:13.467636+00:00 PHASE_RESULT 11 HF-LoRa-SF12-255 pktSize=255 rx=0 unique=0 lost=1 per=100.0 rssi_avg=0 rssi_min=0 crc_err=0 garbage=0 tx_lat=0.00000 tx_lon=0.00000 sats=0 fix=0 utc=0 tx_fw=none rx_fw=unknown
PHASE_GUARD 500
PHASE_START 12 HF-FLRC-2600-32 pktSize=32
SYNC_NOT_FOUND first4=30663D4B
SYNC_NOT_FOUND first4=34B2D592
SYNC_NOT_FOUND first4=6F627DE3
2026-07-26T11:48:14.485756+00:00 SYNC_NOT_FOUND first4=90063CB3
SYNC_NOT_FOUND first4=5D95FAB5
SYNC_NOT_FOUND first4=406FAB0D
SYNC_NOT_FOUND first4=96B0BB9D
SYNC_NOT_FOUND first4=FE192AB3
2026-07-26T11:48:15.499864+00:00 TIME_SYNCED utc=1785066494 offset=1785062475
PHASE_RESULT 12 HF-FLRC-2600-32 pktSize=32 rx=0 unique=0 lost=100 per=100.0 rssi_avg=0 rssi_min=0 crc_err=0 garbage=8 tx_lat=0.00000 tx_lon=0.00000 sats=0 fix=0 utc=0 tx_fw=none rx_fw=unknown
PHASE_GUARD 500
PHASE_START 13 HF-FLRC-2600-64 pktSize=64
SYNC_NOT_FOUND first4=E8D90B66
SYNC_NOT_FOUND first4=BC77A718
SYNC_NOT_FOUND first4=DDF57E2A
2026-07-26T11:48:16.510908+00:00 SYNC_NOT_FOUND first4=903EDFCA
SYNC_NOT_FOUND first4=703A4ACE
PHASE_RESULT 13 HF-FLRC-2600-64 pktSize=64 rx=0 unique=0 lost=100 per=100.0 rssi_avg=0 rssi_min=0 crc_err=0 garbage=5 tx_lat=0.00000 tx_lon=0.00000 sats=0 fix=0 utc=0 tx_fw=none rx_fw=unknown
PHASE_GUARD 500
PHASE_START 14 HF-FLRC-2600-128 pktSize=128
TIME_SYNCED utc=1785066495 offset=1785062474
PHASE_RESULT 14 HF-FLRC-2600-128 pktSize=128 rx=0 unique=0 lost=100 per=100.0 rssi_avg=0 rssi_min=0 crc_err=0 garbage=0 tx_lat=0.00000 tx_lon=0.00000 sats=0 fix=0 utc=0 tx_fw=none rx_fw=unknown
PHASE_GUARD 500
PHASE_START 13 HF-FLRC-2600-64 pktSize=64
SYNC_NOT_FOUND first4=BEB703EF
SYNC_NOT_FOUND first4=D1DE9770
SYNC_NOT_FOUND first4=72D55F19
2026-07-26T11:48:17.522240+00:00 PHASE_RESULT 13 HF-FLRC-2600-64 pktSize=64 rx=0 unique=0 lost=100 per=100.0 rssi_avg=0 rssi_min=0 crc_err=0 garbage=3 tx_lat=0.00000 tx_lon=0.00000 sats=0 fix=0 utc=0 tx_fw=none rx_fw=unknown
PHASE_GUARD 500
PHASE_START 14 HF-FLRC-2600-128 pktSize=128
SYNC_NOT_FOUND first4=3A5F90CB
SYNC_NOT_FOUND first4=F15C0053
SYNC_NOT_FOUND first4=6A06627B
2026-07-26T11:48:18.533717+00:00 SYNC_NOT_FOUND first4=63A55446
SYNC_NOT_FOUND first4=02B63883
2026-07-26T11:48:19.537945+00:00 PHASE_RESULT 14 HF-FLRC-2600-128 pktSize=128 rx=0 unique=0 lost=100 per=100.0 rssi_avg=0 rssi_min=0 crc_err=0 garbage=5 tx_lat=0.00000 tx_lon=0.00000 sats=0 fix=0 utc=0 tx_fw=none rx_fw=unknown
PHASE_GUARD 500
PHASE_START 15 HF-FLRC-2600-255 pktSize=255
SYNC_NOT_FOUND first4=6F0C5D66
SYNC_NOT_FOUND first4=89B0E1F2
SYNC_NOT_FOUND first4=2808A96F
SYNC_NOT_FOUND first4=FCC67C89
2026-07-26T11:48:20.551544+00:00 SYNC_NOT_FOUND first4=593688D0
SYNC_NOT_FOUND first4=EC0549A6
SYNC_NOT_FOUND first4=0236EAD6
SYNC_NOT_FOUND first4=4888F553
SYNC_NOT_FOUND first4=B1BF9967
SYNC_NOT_FOUND first4=C346941D
SYNC_NOT_FOUND first4=457E2C42
SYNC_NOT_FOUND first4=32B4BF12
2026-07-26T11:48:21.562920+00:00 PHASE_RESULT 15 HF-FLRC-2600-255 pktSize=255 rx=0 unique=0 lost=100 per=100.0 rssi_avg=0 rssi_min=0 crc_err=0 garbage=12 tx_lat=0.00000 tx_lon=0.00000 sats=0 fix=0 utc=0 tx_fw=none rx_fw=unknown
PHASE_GUARD 500
PHASE_START 16 HF-FLRC-1300-32 pktSize=32
SYNC_NOT_FOUND first4=CF16CA89
SYNC_NOT_FOUND first4=57728948
SYNC_NOT_FOUND first4=487D417A
SYNC_NOT_FOUND first4=AC3EE7FF
2026-07-26T11:48:22.574084+00:00 SYNC_NOT_FOUND first4=678A45F2
SYNC_NOT_FOUND first4=88907994
SYNC_NOT_FOUND first4=6F777E5A
2026-07-26T11:48:23.585227+00:00 PHASE_RESULT 16 HF-FLRC-1300-32 pktSize=32 rx=0 unique=0 lost=100 per=100.0 rssi_avg=0 rssi_min=0 crc_err=0 garbage=7 tx_lat=0.00000 tx_lon=0.00000 sats=0 fix=0 utc=0 tx_fw=none rx_fw=unknown
PHASE_GUARD 500
PHASE_START 17 HF-FLRC-1300-64 pktSize=64
SYNC_NOT_FOUND first4=23401FF4
SYNC_NOT_FOUND first4=84929DFC
SYNC_NOT_FOUND first4=9D9300E3
SYNC_NOT_FOUND first4=58E2940E
2026-07-26T11:48:24.598637+00:00 SYNC_NOT_FOUND first4=EF6608E0
SYNC_NOT_FOUND first4=8591EA58
SYNC_NOT_FOUND first4=9038D05F
SYNC_NOT_FOUND first4=CEFD97F4
2026-07-26T11:48:25.614905+00:00 TIME_SYNCED utc=1785066504 offset=1785062475
PHASE_RESULT 17 HF-FLRC-1300-64 pktSize=64 rx=0 unique=0 lost=100 per=100.0 rssi_avg=0 rssi_min=0 crc_err=0 garbage=8 tx_lat=0.00000 tx_lon=0.00000 sats=0 fix=0 utc=0 tx_fw=none rx_fw=unknown
PHASE_GUARD 500
PHASE_START 18 HF-FLRC-1300-128 pktSize=128
SYNC_NOT_FOUND first4=367764F0
SYNC_NOT_FOUND first4=E0B9FBA7
SYNC_NOT_FOUND first4=6A0999D3
2026-07-26T11:48:26.628686+00:00 PHASE_RESULT 18 HF-FLRC-1300-128 pktSize=128 rx=0 unique=0 lost=100 per=100.0 rssi_avg=0 rssi_min=0 crc_err=0 garbage=3 tx_lat=0.00000 tx_lon=0.00000 sats=0 fix=0 utc=0 tx_fw=none rx_fw=unknown
PHASE_GUARD 500
PHASE_START 19 HF-FLRC-1300-255 pktSize=255
TIME_SYNCED utc=1785066505 offset=1785062474
PHASE_RESULT 19 HF-FLRC-1300-255 pktSize=255 rx=0 unique=0 lost=100 per=100.0 rssi_avg=0 rssi_min=0 crc_err=0 garbage=0 tx_lat=0.00000 tx_lon=0.00000 sats=0 fix=0 utc=0 tx_fw=none rx_fw=unknown
PHASE_GUARD 500
PHASE_START 18 HF-FLRC-1300-128 pktSize=128
SYNC_NOT_FOUND first4=A6336750
SYNC_NOT_FOUND first4=E9812271
SYNC_NOT_FOUND first4=D8560536
2026-07-26T11:48:27.642785+00:00 PHASE_RESULT 18 HF-FLRC-1300-128 pktSize=128 rx=0 unique=0 lost=100 per=100.0 rssi_avg=0 rssi_min=0 crc_err=0 garbage=3 tx_lat=0.00000 tx_lon=0.00000 sats=0 fix=0 utc=0 tx_fw=none rx_fw=unknown
PHASE_GUARD 500
PHASE_START 19 HF-FLRC-1300-255 pktSize=255
SYNC_NOT_FOUND first4=14138950
SYNC_NOT_FOUND first4=6094635F
2026-07-26T11:48:28.653408+00:00 SYNC_NOT_FOUND first4=928364E6
SYNC_NOT_FOUND first4=6EE3C985
SYNC_NOT_FOUND first4=8BD4D48B
SYNC_NOT_FOUND first4=663C621D
SYNC_NOT_FOUND first4=783D8798
SYNC_NOT_FOUND first4=D291FD80
2026-07-26T11:48:29.664714+00:00 PHASE_RESULT 19 HF-FLRC-1300-255 pktSize=255 rx=0 unique=0 lost=100 per=100.0 rssi_avg=0 rssi_min=0 crc_err=0 garbage=8 tx_lat=0.00000 tx_lon=0.00000 sats=0 fix=0 utc=0 tx_fw=none rx_fw=unknown
PHASE_GUARD 500
PHASE_START 20 HF-FLRC-650-32 pktSize=32
SYNC_NOT_FOUND first4=35041DFF
SYNC_NOT_FOUND first4=CB9FBE84
SYNC_NOT_FOUND first4=C6614466
SYNC_NOT_FOUND first4=46E6FF2C
SYNC_NOT_FOUND first4=CE8CA5FF
SYNC_NOT_FOUND first4=86FC11D7
SYNC_NOT_FOUND first4=12EEB642
SYNC_NOT_FOUND first4=7A03B0C2
SYNC_NOT_FOUND first4=BFD85865
SYNC_NOT_FOUND first4=7682F7B4
SYNC_NOT_FOUND first4=9984B05A
SYNC_NOT_FOUND first4=FAC501C2
SYNC_NOT_FOUND first4=6320AA9A
SYNC_NOT_FOUND first4=B2CF2845
SYNC_NOT_FOUND first4=D4DC2C7C
SYNC_NOT_FOUND first4=1E350657
SYNC_NOT_FOUND first4=38678C04
SYNC_NOT_FOUND first4=13F3B8AA
SYNC_NOT_FOUND first4=89B2068B
SYNC_NOT_FOUND first4=F9D3A9F0
SYNC_NOT_FOUND first4=648D86EB
2026-07-26T11:48:30.678053+00:00 SYNC_NOT_FOUND first4=828F6261
SYNC_NOT_FOUND first4=F91C11E6
SYNC_NOT_FOUND first4=2CA1BB68
SYNC_NOT_FOUND first4=13E3FF8A
SYNC_NOT_FOUND first4=F9E938F1
SYNC_NOT_FOUND first4=4DBB4A42
SYNC_NOT_FOUND first4=0DF83204
SYNC_NOT_FOUND first4=2C95AADA
SYNC_NOT_FOUND first4=15A00A0A
SYNC_NOT_FOUND first4=4566DEEC
SYNC_NOT_FOUND first4=DE472CAB
SYNC_NOT_FOUND first4=3E8955DE
SYNC_NOT_FOUND first4=241815D3
SYNC_NOT_FOUND first4=F53D5226
SYNC_NOT_FOUND first4=6C207659
SYNC_NOT_FOUND first4=D0860798
SYNC_NOT_FOUND first4=1070CF51
SYNC_NOT_FOUND first4=422651A3
SYNC_NOT_FOUND first4=E3378A27
SYNC_NOT_FOUND first4=795DEA2A
SYNC_NOT_FOUND first4=CE81A5C0
SYNC_NOT_FOUND first4=9541B1CA
SYNC_NOT_FOUND first4=E4B2A7D8
2026-07-26T11:48:31.689330+00:00 SYNC_NOT_FOUND first4=5D28DE59
SYNC_NOT_FOUND first4=1FB9E4FA
SYNC_NOT_FOUND first4=39843847
SYNC_NOT_FOUND first4=CD4B6F51
PHASE_RESULT 20 HF-FLRC-650-32 pktSize=32 rx=0 unique=0 lost=100 per=100.0 rssi_avg=0 rssi_min=0 crc_err=0 garbage=48 tx_lat=0.00000 tx_lon=0.00000 sats=0 fix=0 utc=0 tx_fw=none rx_fw=unknown
PHASE_GUARD 500
PHASE_START 21 HF-FLRC-650-64 pktSize=64
SYNC_NOT_FOUND first4=D6ABE74A
SYNC_NOT_FOUND first4=BD6C9C8D
SYNC_NOT_FOUND first4=AC62643A
SYNC_NOT_FOUND first4=5C5251F8
SYNC_NOT_FOUND first4=7B551090
SYNC_NOT_FOUND first4=FBFD6B9D
SYNC_NOT_FOUND first4=DAF4F646
SYNC_NOT_FOUND first4=10507552
SYNC_NOT_FOUND first4=909ADDA3
SYNC_NOT_FOUND first4=3BE37F1B
SYNC_NOT_FOUND first4=00998763
SYNC_NOT_FOUND first4=673C7DC3
SYNC_NOT_FOUND first4=FEDD7249
SYNC_NOT_FOUND first4=4B30B812
SYNC_NOT_FOUND first4=1924456A
SYNC_NOT_FOUND first4=10D9130F
SYNC_NOT_FOUND first4=24C98478
2026-07-26T11:48:32.700633+00:00 SYNC_NOT_FOUND first4=2A75340E
SYNC_NOT_FOUND first4=56523680
SYNC_NOT_FOUND first4=48F26E04
SYNC_NOT_FOUND first4=8C8C12E8
SYNC_NOT_FOUND first4=64A02255
SYNC_NOT_FOUND first4=1334E20B
SYNC_NOT_FOUND first4=2108DBC2
SYNC_NOT_FOUND first4=268A4A7E
SYNC_NOT_FOUND first4=98DBDDE4
SYNC_NOT_FOUND first4=6467EBA8
SYNC_NOT_FOUND first4=5C8A68FC
SYNC_NOT_FOUND first4=7FBE4730
SYNC_NOT_FOUND first4=C2E3FABA
SYNC_NOT_FOUND first4=57707F8B
SYNC_NOT_FOUND first4=6D81F3BB
SYNC_NOT_FOUND first4=992382CA
SYNC_NOT_FOUND first4=F0878F90
SYNC_NOT_FOUND first4=86891171
SYNC_NOT_FOUND first4=D933F4D9
SYNC_NOT_FOUND first4=F042BDC7
SYNC_NOT_FOUND first4=2EE181DA
2026-07-26T11:48:33.711790+00:00 SYNC_NOT_FOUND first4=A3DB5AE9
SYNC_NOT_FOUND first4=3119DCBB
SYNC_NOT_FOUND first4=8A8B4360
SYNC_NOT_FOUND first4=8FCAE38E
PHASE_RESULT 21 HF-FLRC-650-64 pktSize=64 rx=0 unique=0 lost=100 per=100.0 rssi_avg=0 rssi_min=0 crc_err=0 garbage=42 tx_lat=0.00000 tx_lon=0.00000 sats=0 fix=0 utc=0 tx_fw=none rx_fw=unknown
PHASE_GUARD 500
PHASE_START 22 HF-FLRC-650-128 pktSize=128
SYNC_NOT_FOUND first4=D59B5459
SYNC_NOT_FOUND first4=4BDAC17B
SYNC_NOT_FOUND first4=1082883B
SYNC_NOT_FOUND first4=D52EC22C
SYNC_NOT_FOUND first4=83CDE2A1
SYNC_NOT_FOUND first4=B85A34C0
SYNC_NOT_FOUND first4=5287E620
SYNC_NOT_FOUND first4=208DF3C0
SYNC_NOT_FOUND first4=463F5FEC
SYNC_NOT_FOUND first4=E7F62276
SYNC_NOT_FOUND first4=FA78244A
SYNC_NOT_FOUND first4=094F73D2
SYNC_NOT_FOUND first4=1D52DA84
SYNC_NOT_FOUND first4=2ABC552B
SYNC_NOT_FOUND first4=F9EEB8E0
SYNC_NOT_FOUND first4=2C01CD61
SYNC_NOT_FOUND first4=C8798A6A
SYNC_NOT_FOUND first4=60DF67A8
2026-07-26T11:48:34.728032+00:00 SYNC_NOT_FOUND first4=3FC055A1
SYNC_NOT_FOUND first4=8740C6DF
SYNC_NOT_FOUND first4=37080BE6
SYNC_NOT_FOUND first4=9FB497B3
SYNC_NOT_FOUND first4=390193B4
SYNC_NOT_FOUND first4=8B281F6F
SYNC_NOT_FOUND first4=ABFF820D
SYNC_NOT_FOUND first4=FA750BF6
SYNC_NOT_FOUND first4=FF17DC43
SYNC_NOT_FOUND first4=B23B106C
SYNC_NOT_FOUND first4=F1F01D16
SYNC_NOT_FOUND first4=840BDE9C
SYNC_NOT_FOUND first4=15EB4CDB
SYNC_NOT_FOUND first4=22876D1C
SYNC_NOT_FOUND first4=17D89643
SYNC_NOT_FOUND first4=4C1E5E33
SYNC_NOT_FOUND first4=02099C38
SYNC_NOT_FOUND first4=4C7B026C
SYNC_NOT_FOUND first4=0750D379
2026-07-26T11:48:35.744732+00:00 TIME_SYNCED utc=1785066514 offset=1785062475
PHASE_RESULT 22 HF-FLRC-650-128 pktSize=128 rx=0 unique=0 lost=100 per=100.0 rssi_avg=0 rssi_min=0 crc_err=0 garbage=37 tx_lat=0.00000 tx_lon=0.00000 sats=0 fix=0 utc=0 tx_fw=none rx_fw=unknown
PHASE_GUARD 500
PHASE_START 23 HF-FLRC-650-255 pktSize=255
SYNC_NOT_FOUND first4=BF82EFD7
SYNC_NOT_FOUND first4=3CBF8259
SYNC_NOT_FOUND first4=718CB26B
SYNC_NOT_FOUND first4=1CB7DDD5
SYNC_NOT_FOUND first4=76B87E9C
SYNC_NOT_FOUND first4=E6A99561
SYNC_NOT_FOUND first4=F2A99316
SYNC_NOT_FOUND first4=2716691E
SYNC_NOT_FOUND first4=6093A333
SYNC_NOT_FOUND first4=9D56386B
SYNC_NOT_FOUND first4=538FB03B
SYNC_NOT_FOUND first4=441ACE3C
SYNC_NOT_FOUND first4=F2D1DBF6
SYNC_NOT_FOUND first4=904048B0
2026-07-26T11:48:36.755679+00:00 PHASE_RESULT 23 HF-FLRC-650-255 pktSize=255 rx=0 unique=0 lost=100 per=100.0 rssi_avg=0 rssi_min=0 crc_err=0 garbage=14 tx_lat=0.00000 tx_lon=0.00000 sats=0 fix=0 utc=0 tx_fw=none rx_fw=unknown
PHASE_GUARD 500
PHASE_START 24 HF-FLRC-325-32 pktSize=32
TIME_SYNCED utc=1785066515 offset=1785062474
PHASE_RESULT 24 HF-FLRC-325-32 pktSize=32 rx=0 unique=0 lost=100 per=100.0 rssi_avg=0 rssi_min=0 crc_err=0 garbage=0 tx_lat=0.00000 tx_lon=0.00000 sats=0 fix=0 utc=0 tx_fw=none rx_fw=unknown
PHASE_GUARD 500
PHASE_START 23 HF-FLRC-650-255 pktSize=255
SYNC_NOT_FOUND first4=6CC58180
SYNC_NOT_FOUND first4=C8E265C7
SYNC_NOT_FOUND first4=5F18EDE9
SYNC_NOT_FOUND first4=83DBDC49
SYNC_NOT_FOUND first4=C3751687
SYNC_NOT_FOUND first4=82D68F15
SYNC_NOT_FOUND first4=0B50D7AE
SYNC_NOT_FOUND first4=29E3F5FF
SYNC_NOT_FOUND first4=288936F4
SYNC_NOT_FOUND first4=4E1E2834
SYNC_NOT_FOUND first4=620300F3
SYNC_NOT_FOUND first4=D3A0CB38
SYNC_NOT_FOUND first4=4E2C8886
SYNC_NOT_FOUND first4=27D21C3B
SYNC_NOT_FOUND first4=AB643298
SYNC_NOT_FOUND first4=67C6B7A0
2026-07-26T11:48:37.766607+00:00 SYNC_NOT_FOUND first4=6120F0D7
PHASE_RESULT 23 HF-FLRC-650-255 pktSize=255 rx=0 unique=0 lost=100 per=100.0 rssi_avg=0 rssi_min=0 crc_err=0 garbage=17 tx_lat=0.00000 tx_lon=0.00000 sats=0 fix=0 utc=0 tx_fw=none rx_fw=unknown
PHASE_GUARD 500
PHASE_START 24 HF-FLRC-325-32 pktSize=32
SYNC_NOT_FOUND first4=15034584
SYNC_NOT_FOUND first4=8404A2BE
2026-07-26T11:48:38.777468+00:00 SYNC_NOT_FOUND first4=78C83768
SYNC_NOT_FOUND first4=06D09DE4
SYNC_NOT_FOUND first4=3A9BDD34
SYNC_NOT_FOUND first4=7A3155FB
SYNC_NOT_FOUND first4=4ACC1A23
SYNC_NOT_FOUND first4=3744BD20
SYNC_NOT_FOUND first4=A4514109
PHASE_RESULT 24 HF-FLRC-325-32 pktSize=32 rx=0 unique=0 lost=100 per=100.0 rssi_avg=0 rssi_min=0 crc_err=0 garbage=9 tx_lat=0.00000 tx_lon=0.00000 sats=0 fix=0 utc=0 tx_fw=none rx_fw=unknown
2026-07-26T11:48:39.793317+00:00 PHASE_GUARD 500
PHASE_START 25 HF-FLRC-325-64 pktSize=64
SYNC_NOT_FOUND first4=9CB906D6
SYNC_NOT_FOUND first4=A4784FFC
SYNC_NOT_FOUND first4=55BCE318
2026-07-26T11:48:40.811150+00:00 SYNC_NOT_FOUND first4=30908827
PHASE_RESULT 25 HF-FLRC-325-64 pktSize=64 rx=0 unique=0 lost=100 per=100.0 rssi_avg=0 rssi_min=0 crc_err=0 garbage=4 tx_lat=0.00000 tx_lon=0.00000 sats=0 fix=0 utc=0 tx_fw=none rx_fw=unknown
PHASE_GUARD 500
2026-07-26T11:48:41.822550+00:00 PHASE_START 26 HF-FLRC-325-128 pktSize=128
SYNC_NOT_FOUND first4=74D1BF91
2026-07-26T11:48:42.833354+00:00 SYNC_NOT_FOUND first4=8689BD2D
SYNC_NOT_FOUND first4=2F54C1FA
SYNC_NOT_FOUND first4=CBC0827C
PHASE_RESULT 26 HF-FLRC-325-128 pktSize=128 rx=0 unique=0 lost=100 per=100.0 rssi_avg=0 rssi_min=0 crc_err=0 garbage=4 tx_lat=0.00000 tx_lon=0.00000 sats=0 fix=0 utc=0 tx_fw=none rx_fw=unknown
PHASE_GUARD 500
2026-07-26T11:48:43.844644+00:00 PHASE_START 27 HF-FLRC-325-255 pktSize=255
SYNC_NOT_FOUND first4=178E98FD
SYNC_NOT_FOUND first4=332E0FE4
2026-07-26T11:48:44.862516+00:00 SYNC_NOT_FOUND first4=EBA31A87
SYNC_NOT_FOUND first4=426857D4
PHASE_RESULT 27 HF-FLRC-325-255 pktSize=255 rx=0 unique=0 lost=100 per=100.0 rssi_avg=0 rssi_min=0 crc_err=0 garbage=4 tx_lat=0.00000 tx_lon=0.00000 sats=0 fix=0 utc=0 tx_fw=none rx_fw=unknown
PHASE_GUARD 500
LORA_CFG path=0 bw=0x05 sf=7
2026-07-26T11:48:45.875919+00:00 PHASE_START 28 LF-LoRa-SF7-32 pktSize=32
TIME_SYNCED utc=1785066524 offset=1785062474
TIME_SYNCED utc=1785066525 offset=1785062474
2026-07-26T11:48:46.889469+00:00 PHASE_RESULT 28 LF-LoRa-SF7-32 pktSize=32 rx=0 unique=0 lost=20 per=100.0 rssi_avg=0 rssi_min=0 crc_err=0 garbage=0 tx_lat=0.00000 tx_lon=0.00000 sats=0 fix=0 utc=0 tx_fw=none rx_fw=unknown
PHASE_GUARD 500
LORA_CFG path=0 bw=0x05 sf=7
2026-07-26T11:48:47.894235+00:00 PHASE_START 29 LF-LoRa-SF7-64 pktSize=64
2026-07-26T11:48:49.956543+00:00 PHASE_RESULT 29 LF-LoRa-SF7-64 pktSize=64 rx=0 unique=0 lost=20 per=100.0 rssi_avg=0 rssi_min=0 crc_err=0 garbage=0 tx_lat=0.00000 tx_lon=0.00000 sats=0 fix=0 utc=0 tx_fw=none rx_fw=unknown
PHASE_GUARD 500
LORA_CFG path=0 bw=0x05 sf=7
PHASE_START 30 LF-LoRa-SF7-128 pktSize=128
2026-07-26T11:48:54.128634+00:00 PHASE_RESULT 30 LF-LoRa-SF7-128 pktSize=128 rx=0 unique=0 lost=13 per=100.0 rssi_avg=0 rssi_min=0 crc_err=0 garbage=0 tx_lat=0.00000 tx_lon=0.00000 sats=0 fix=0 utc=0 tx_fw=none rx_fw=unknown
PHASE_GUARD 500
LORA_CFG path=0 bw=0x05 sf=7
PHASE_START 31 LF-LoRa-SF7-255 pktSize=255
2026-07-26T11:48:56.191314+00:00 TIME_SYNCED utc=1785066535 offset=1785062475
TIME_SYNCED utc=1785066535 offset=1785062474
2026-07-26T11:48:58.250796+00:00 PHASE_RESULT 31 LF-LoRa-SF7-255 pktSize=255 rx=0 unique=0 lost=7 per=100.0 rssi_avg=0 rssi_min=0 crc_err=0 garbage=0 tx_lat=0.00000 tx_lon=0.00000 sats=0 fix=0 utc=0 tx_fw=none rx_fw=unknown
PHASE_GUARD 500
LORA_CFG path=0 bw=0x05 sf=9
PHASE_START 32 LF-LoRa-SF9-32 pktSize=32
2026-07-26T11:49:02.408994+00:00 PHASE_RESULT 32 LF-LoRa-SF9-32 pktSize=32 rx=0 unique=0 lost=7 per=100.0 rssi_avg=0 rssi_min=0 crc_err=0 garbage=0 tx_lat=0.00000 tx_lon=0.00000 sats=0 fix=0 utc=0 tx_fw=none rx_fw=unknown
PHASE_GUARD 500
LORA_CFG path=0 bw=0x05 sf=9
PHASE_START 33 LF-LoRa-SF9-64 pktSize=64
2026-07-26T11:49:05.530395+00:00 PHASE_RESULT 33 LF-LoRa-SF9-64 pktSize=64 rx=0 unique=0 lost=3 per=100.0 rssi_avg=0 rssi_min=0 crc_err=0 garbage=0 tx_lat=0.00000 tx_lon=0.00000 sats=0 fix=0 utc=0 tx_fw=none rx_fw=unknown
PHASE_GUARD 500
LORA_CFG path=0 bw=0x05 sf=9
PHASE_START 34 LF-LoRa-SF9-128 pktSize=128
2026-07-26T11:49:06.546211+00:00 TIME_SYNCED utc=1785066545 offset=1785062475
PHASE_RESULT 34 LF-LoRa-SF9-128 pktSize=128 rx=0 unique=0 lost=1 per=100.0 rssi_avg=0 rssi_min=0 crc_err=0 garbage=0 tx_lat=0.00000 tx_lon=0.00000 sats=0 fix=0 utc=0 tx_fw=none rx_fw=unknown
PHASE_GUARD 500
LORA_CFG path=0 bw=0x05 sf=9
PHASE_START 35 LF-LoRa-SF9-255 pktSize=255
TIME_SYNCED utc=1785066545 offset=1785062474
PHASE_RESULT 35 LF-LoRa-SF9-255 pktSize=255 rx=0 unique=0 lost=1 per=100.0 rssi_avg=0 rssi_min=0 crc_err=0 garbage=0 tx_lat=0.00000 tx_lon=0.00000 sats=0 fix=0 utc=0 tx_fw=none rx_fw=unknown
PHASE_GUARD 500
LORA_CFG path=0 bw=0x05 sf=9
PHASE_START 34 LF-LoRa-SF9-128 pktSize=128
2026-07-26T11:49:07.557297+00:00 PHASE_RESULT 34 LF-LoRa-SF9-128 pktSize=128 rx=0 unique=0 lost=1 per=100.0 rssi_avg=0 rssi_min=0 crc_err=0 garbage=0 tx_lat=0.00000 tx_lon=0.00000 sats=0 fix=0 utc=0 tx_fw=none rx_fw=unknown
PHASE_GUARD 500
LORA_CFG path=0 bw=0x05 sf=9
PHASE_START 35 LF-LoRa-SF9-255 pktSize=255
2026-07-26T11:49:11.727305+00:00 PHASE_RESULT 35 LF-LoRa-SF9-255 pktSize=255 rx=0 unique=0 lost=1 per=100.0 rssi_avg=0 rssi_min=0 crc_err=0 garbage=0 tx_lat=0.00000 tx_lon=0.00000 sats=0 fix=0 utc=0 tx_fw=none rx_fw=unknown
PHASE_GUARD 500
LORA_CFG path=0 bw=0x05 sf=12
PHASE_START 36 LF-LoRa-SF12-32 pktSize=32
2026-07-26T11:49:16.950291+00:00 TIME_SYNCED utc=1785066555 offset=1785062474
TIME_SYNCED utc=1785066555 offset=1785062474
2026-07-26T11:49:26.375071+00:00 PHASE_RESULT 36 LF-LoRa-SF12-32 pktSize=32 rx=0 unique=0 lost=1 per=100.0 rssi_avg=0 rssi_min=0 crc_err=0 garbage=0 tx_lat=0.00000 tx_lon=0.00000 sats=0 fix=0 utc=0 tx_fw=none rx_fw=unknown
PHASE_GUARD 500
LORA_CFG path=0 bw=0x05 sf=12
PHASE_START 37 LF-LoRa-SF12-SKIP SKIP pktSize=64
TIME_SYNCED utc=1785066565 offset=1785062474
2026-07-26T11:49:27.387354+00:00 TIME_SYNCED utc=1785066566 offset=1785062475
PHASE_RESULT 37 LF-LoRa-SF12-SKIP pktSize=64 rx=0 unique=0 lost=0 per=0.0 rssi_avg=0 rssi_min=0 crc_err=0 garbage=0 tx_lat=0.00000 tx_lon=0.00000 sats=0 fix=0 utc=0 tx_fw=none rx_fw=unknown
PHASE_GUARD 500
LORA_CFG path=0 bw=0x05 sf=12
PHASE_START 38 LF-LoRa-SF12-SKIP SKIP pktSize=128
PHASE_RESULT 38 LF-LoRa-SF12-SKIP pktSize=128 rx=0 unique=0 lost=0 per=0.0 rssi_avg=0 rssi_min=0 crc_err=0 garbage=0 tx_lat=0.00000 tx_lon=0.00000 sats=0 fix=0 utc=0 tx_fw=none rx_fw=unknown
PHASE_GUARD 500
LORA_CFG path=0 bw=0x05 sf=12
PHASE_START 39 LF-LoRa-SF12-SKIP SKIP pktSize=255
2026-07-26T11:49:28.399191+00:00 PHASE_RESULT 39 LF-LoRa-SF12-SKIP pktSize=255 rx=0 unique=0 lost=0 per=0.0 rssi_avg=0 rssi_min=0 crc_err=0 garbage=0 tx_lat=0.00000 tx_lon=0.00000 sats=0 fix=0 utc=0 tx_fw=none rx_fw=unknown
PHASE_GUARD 500
PHASE_START 40 LF-FLRC-2600-32 pktSize=32
2026-07-26T11:49:30.460733+00:00 PHASE_RESULT 40 LF-FLRC-2600-32 pktSize=32 rx=0 unique=0 lost=100 per=100.0 rssi_avg=0 rssi_min=0 crc_err=0 garbage=0 tx_lat=0.00000 tx_lon=0.00000 sats=0 fix=0 utc=0 tx_fw=none rx_fw=unknown
PHASE_GUARD 500
PHASE_START 41 LF-FLRC-2600-64 pktSize=64
SYNC_NOT_FOUND first4=75148C86
SYNC_NOT_FOUND first4=1281C3DE
2026-07-26T11:49:31.471507+00:00 SYNC_NOT_FOUND first4=9AB9B724
SYNC_NOT_FOUND first4=DA8238AF
2026-07-26T11:49:32.475213+00:00 PHASE_RESULT 41 LF-FLRC-2600-64 pktSize=64 rx=0 unique=0 lost=100 per=100.0 rssi_avg=0 rssi_min=0 crc_err=0 garbage=4 tx_lat=0.00000 tx_lon=0.00000 sats=0 fix=0 utc=0 tx_fw=none rx_fw=unknown
PHASE_GUARD 500
PHASE_START 42 LF-FLRC-2600-128 pktSize=128
SYNC_NOT_FOUND first4=64C94410
SYNC_NOT_FOUND first4=628F3C11
2026-07-26T11:49:33.478655+00:00 SYNC_NOT_FOUND first4=902098D8
2026-07-26T11:49:34.485579+00:00 SYNC_NOT_FOUND first4=1DC56D19
PHASE_RESULT 42 LF-FLRC-2600-128 pktSize=128 rx=0 unique=0 lost=100 per=100.0 rssi_avg=0 rssi_min=0 crc_err=0 garbage=4 tx_lat=0.00000 tx_lon=0.00000 sats=0 fix=0 utc=0 tx_fw=none rx_fw=unknown
PHASE_GUARD 500
PHASE_START 43 LF-FLRC-2600-255 pktSize=255
SYNC_NOT_FOUND first4=2FCEEDE2
SYNC_NOT_FOUND first4=87327324
2026-07-26T11:49:35.492061+00:00 SYNC_NOT_FOUND first4=09BDE002
2026-07-26T11:49:36.503157+00:00 PHASE_RESULT 43 LF-FLRC-2600-255 pktSize=255 rx=0 unique=0 lost=100 per=100.0 rssi_avg=0 rssi_min=0 crc_err=0 garbage=3 tx_lat=0.00000 tx_lon=0.00000 sats=0 fix=0 utc=0 tx_fw=none rx_fw=unknown
PHASE_GUARD 500
PHASE_START 44 LF-FLRC-1300-32 pktSize=32
TIME_SYNCED utc=1785066575 offset=1785062474
PHASE_RESULT 44 LF-FLRC-1300-32 pktSize=32 rx=0 unique=0 lost=100 per=100.0 rssi_avg=0 rssi_min=0 crc_err=0 garbage=0 tx_lat=0.00000 tx_lon=0.00000 sats=0 fix=0 utc=0 tx_fw=none rx_fw=unknown
PHASE_GUARD 500
PHASE_START 43 LF-FLRC-2600-255 pktSize=255
2026-07-26T11:49:37.508073+00:00 TIME_SYNCED utc=1785066576 offset=1785062475
PHASE_RESULT 43 LF-FLRC-2600-255 pktSize=255 rx=0 unique=0 lost=100 per=100.0 rssi_avg=0 rssi_min=0 crc_err=0 garbage=0 tx_lat=0.00000 tx_lon=0.00000 sats=0 fix=0 utc=0 tx_fw=none rx_fw=unknown
PHASE_GUARD 500
PHASE_START 44 LF-FLRC-1300-32 pktSize=32
2026-07-26T11:49:38.511955+00:00 SYNC_NOT_FOUND first4=0B4D631E
PHASE_RESULT 44 LF-FLRC-1300-32 pktSize=32 rx=0 unique=0 lost=100 per=100.0 rssi_avg=0 rssi_min=0 crc_err=0 garbage=1 tx_lat=0.00000 tx_lon=0.00000 sats=0 fix=0 utc=0 tx_fw=none rx_fw=unknown
PHASE_GUARD 500
PHASE_START 45 LF-FLRC-1300-64 pktSize=64
SYNC_NOT_FOUND first4=08B49507
2026-07-26T11:49:40.573537+00:00 PHASE_RESULT 45 LF-FLRC-1300-64 pktSize=64 rx=0 unique=0 lost=100 per=100.0 rssi_avg=0 rssi_min=0 crc_err=0 garbage=1 tx_lat=0.00000 tx_lon=0.00000 sats=0 fix=0 utc=0 tx_fw=none rx_fw=unknown
PHASE_GUARD 500
PHASE_START 46 LF-FLRC-1300-128 pktSize=128
SYNC_NOT_FOUND first4=E7D69C71
2026-07-26T11:49:42.629088+00:00 SYNC_NOT_FOUND first4=611ED4D6
PHASE_RESULT 46 LF-FLRC-1300-128 pktSize=128 rx=0 unique=0 lost=100 per=100.0 rssi_avg=0 rssi_min=0 crc_err=0 garbage=2 tx_lat=0.00000 tx_lon=0.00000 sats=0 fix=0 utc=0 tx_fw=none rx_fw=unknown
PHASE_GUARD 500
PHASE_START 47 LF-FLRC-1300-255 pktSize=255
2026-07-26T11:49:43.645238+00:00 SYNC_NOT_FOUND first4=AAB9F1FF
2026-07-26T11:49:44.649230+00:00 PHASE_RESULT 47 LF-FLRC-1300-255 pktSize=255 rx=0 unique=0 lost=100 per=100.0 rssi_avg=0 rssi_min=0 crc_err=0 garbage=1 tx_lat=0.00000 tx_lon=0.00000 sats=0 fix=0 utc=0 tx_fw=none rx_fw=unknown
PHASE_GUARD 500
PHASE_START 48 LF-FLRC-650-32 pktSize=32
2026-07-26T11:49:45.652907+00:00 SYNC_NOT_FOUND first4=20620AA7
2026-07-26T11:49:46.662821+00:00 PHASE_RESULT 48 LF-FLRC-650-32 pktSize=32 rx=0 unique=0 lost=100 per=100.0 rssi_avg=0 rssi_min=0 crc_err=0 garbage=1 tx_lat=0.00000 tx_lon=0.00000 sats=0 fix=0 utc=0 tx_fw=none rx_fw=unknown
PHASE_GUARD 500
PHASE_START 49 LF-FLRC-650-64 pktSize=64
TIME_SYNCED utc=1785066586 offset=1785062475
SYNC_NOT_FOUND first4=93A651FB
SYNC_NOT_FOUND first4=63DB56E5
2026-07-26T11:49:47.675220+00:00 TIME_SYNCED utc=1785066586 offset=1785062475
SYNC_NOT_FOUND first4=3E42938C
SYNC_NOT_FOUND first4=C21EB73F
SYNC_NOT_FOUND first4=1D277D43
SYNC_NOT_FOUND first4=607AC1FE
2026-07-26T11:49:48.686241+00:00 SYNC_NOT_FOUND first4=F0A8641B
PHASE_RESULT 49 LF-FLRC-650-64 pktSize=64 rx=0 unique=0 lost=100 per=100.0 rssi_avg=0 rssi_min=0 crc_err=0 garbage=7 tx_lat=0.00000 tx_lon=0.00000 sats=0 fix=0 utc=0 tx_fw=none rx_fw=unknown
PHASE_GUARD 500
PHASE_START 50 LF-FLRC-650-128 pktSize=128
SYNC_NOT_FOUND first4=3E57DDFB
SYNC_NOT_FOUND first4=A1899967
SYNC_NOT_FOUND first4=5DF390E0
SYNC_NOT_FOUND first4=826B0C26
2026-07-26T11:49:49.697552+00:00 SYNC_NOT_FOUND first4=7EF67934
SYNC_NOT_FOUND first4=788F1BED
SYNC_NOT_FOUND first4=85F31041
2026-07-26T11:49:50.713363+00:00 PHASE_RESULT 50 LF-FLRC-650-128 pktSize=128 rx=0 unique=0 lost=100 per=100.0 rssi_avg=0 rssi_min=0 crc_err=0 garbage=7 tx_lat=0.00000 tx_lon=0.00000 sats=0 fix=0 utc=0 tx_fw=none rx_fw=unknown
PHASE_GUARD 500
PHASE_START 51 LF-FLRC-650-255 pktSize=255
SYNC_NOT_FOUND first4=ABAE2BE7
SYNC_NOT_FOUND first4=D7B213E9
2026-07-26T11:49:51.731794+00:00 SYNC_NOT_FOUND first4=D3A6A7FA
SYNC_NOT_FOUND first4=DE4BC976
SYNC_NOT_FOUND first4=940C7778
2026-07-26T11:49:52.739212+00:00 PHASE_RESULT 51 LF-FLRC-650-255 pktSize=255 rx=0 unique=0 lost=100 per=100.0 rssi_avg=0 rssi_min=0 crc_err=0 garbage=5 tx_lat=0.00000 tx_lon=0.00000 sats=0 fix=0 utc=0 tx_fw=none rx_fw=unknown
PHASE_GUARD 500
PHASE_START 52 LF-FLRC-325-32 pktSize=32
2026-07-26T11:49:54.795515+00:00 PHASE_RESULT 52 LF-FLRC-325-32 pktSize=32 rx=0 unique=0 lost=100 per=100.0 rssi_avg=0 rssi_min=0 crc_err=0 garbage=0 tx_lat=0.00000 tx_lon=0.00000 sats=0 fix=0 utc=0 tx_fw=none rx_fw=unknown
PHASE_GUARD 500
PHASE_START 53 LF-FLRC-325-64 pktSize=64
2026-07-26T11:49:55.801260+00:00 PHASE_RESULT 53 LF-FLRC-325-64 pktSize=64 rx=0 unique=0 lost=100 per=100.0 rssi_avg=0 rssi_min=0 crc_err=0 garbage=0 tx_lat=0.00000 tx_lon=0.00000 sats=0 fix=0 utc=0 tx_fw=none rx_fw=unknown
PHASE_GUARD 500
2026-07-26T11:49:56.814205+00:00 PHASE_START 54 LF-FLRC-325-128 pktSize=128
TIME_SYNCED utc=1785066596 offset=1785062475
2026-07-26T11:49:57.820260+00:00 TIME_SYNCED utc=1785066596 offset=1785062474
2026-07-26T11:49:58.839632+00:00 PHASE_RESULT 54 LF-FLRC-325-128 pktSize=128 rx=0 unique=0 lost=100 per=100.0 rssi_avg=0 rssi_min=0 crc_err=0 garbage=0 tx_lat=0.00000 tx_lon=0.00000 sats=0 fix=0 utc=0 tx_fw=none rx_fw=unknown
PHASE_GUARD 500
2026-07-26T11:49:59.850234+00:00 PHASE_START 55 LF-FLRC-325-255 pktSize=255
2026-07-26T11:50:00.863351+00:00 SYNC_NOT_FOUND first4=701E8654
PHASE_RESULT 55 LF-FLRC-325-255 pktSize=255 rx=0 unique=0 lost=100 per=100.0 rssi_avg=0 rssi_min=0 crc_err=0 garbage=1 tx_lat=0.00000 tx_lon=0.00000 sats=0 fix=0 utc=0 tx_fw=none rx_fw=unknown
PHASE_GUARD 500
LORA_CFG path=1 bw=0x0F sf=7
2026-07-26T11:50:01.877290+00:00 PHASE_START 0 HF-LoRa-SF7-32 pktSize=32
2026-07-26T11:50:02.882631+00:00 PHASE_RESULT 0 HF-LoRa-SF7-32 pktSize=32 rx=0 unique=0 lost=20 per=100.0 rssi_avg=0 rssi_min=0 crc_err=0 garbage=0 tx_lat=0.00000 tx_lon=0.00000 sats=0 fix=0 utc=0 tx_fw=none rx_fw=unknown
PHASE_GUARD 500
LORA_CFG path=1 bw=0x0F sf=7
2026-07-26T11:50:03.903199+00:00 PHASE_START 1 HF-LoRa-SF7-64 pktSize=64
2026-07-26T11:50:04.905872+00:00 PHASE_RESULT 1 HF-LoRa-SF7-64 pktSize=64 rx=0 unique=0 lost=20 per=100.0 rssi_avg=0 rssi_min=0 crc_err=0 garbage=0 tx_lat=0.00000 tx_lon=0.00000 sats=0 fix=0 utc=0 tx_fw=none rx_fw=unknown
PHASE_GUARD 500
LORA_CFG path=1 bw=0x0F sf=7
PHASE_START 2 HF-LoRa-SF7-128 pktSize=128
2026-07-26T11:50:06.971231+00:00 TIME_SYNCED utc=1785066606 offset=1785062475
PHASE_RESULT 2 HF-LoRa-SF7-128 pktSize=128 rx=0 unique=0 lost=20 per=100.0 rssi_avg=0 rssi_min=0 crc_err=0 garbage=0 tx_lat=0.00000 tx_lon=0.00000 sats=0 fix=0 utc=0 tx_fw=none rx_fw=unknown
PHASE_GUARD 500
LORA_CFG path=1 bw=0x0F sf=7
PHASE_START 3 HF-LoRa-SF7-255 pktSize=255
2026-07-26T11:50:07.993290+00:00 TIME_SYNCED utc=1785066606 offset=1785062474
2026-07-26T11:50:10.057207+00:00 PHASE_RESULT 3 HF-LoRa-SF7-255 pktSize=255 rx=0 unique=0 lost=20 per=100.0 rssi_avg=0 rssi_min=0 crc_err=0 garbage=0 tx_lat=0.00000 tx_lon=0.00000 sats=0 fix=0 utc=0 tx_fw=none rx_fw=unknown
PHASE_GUARD 500
LORA_CFG path=1 bw=0x0F sf=9
PHASE_START 4 HF-LoRa-SF9-32 pktSize=32
2026-07-26T11:50:12.121673+00:00 PHASE_RESULT 4 HF-LoRa-SF9-32 pktSize=32 rx=0 unique=0 lost=20 per=100.0 rssi_avg=0 rssi_min=0 crc_err=0 garbage=0 tx_lat=0.00000 tx_lon=0.00000 sats=0 fix=0 utc=0 tx_fw=none rx_fw=unknown
PHASE_GUARD 500
LORA_CFG path=1 bw=0x0F sf=9
PHASE_START 5 HF-LoRa-SF9-64 pktSize=64
2026-07-26T11:50:15.237286+00:00 PHASE_RESULT 5 HF-LoRa-SF9-64 pktSize=64 rx=0 unique=0 lost=20 per=100.0 rssi_avg=0 rssi_min=0 crc_err=0 garbage=0 tx_lat=0.00000 tx_lon=0.00000 sats=0 fix=0 utc=0 tx_fw=none rx_fw=unknown
PHASE_GUARD 500
LORA_CFG path=1 bw=0x0F sf=9
PHASE_START 6 HF-LoRa-SF9-128 pktSize=128
2026-07-26T11:50:16.257578+00:00 TIME_SYNCED utc=1785066616 offset=1785062475
2026-07-26T11:50:18.321547+00:00 TIME_SYNCED utc=1785066617 offset=1785062475
PHASE_RESULT 6 HF-LoRa-SF9-128 pktSize=128 rx=0 unique=0 lost=13 per=100.0 rssi_avg=0 rssi_min=0 crc_err=0 garbage=0 tx_lat=0.00000 tx_lon=0.00000 sats=0 fix=0 utc=0 tx_fw=none rx_fw=unknown
PHASE_GUARD 500
LORA_CFG path=1 bw=0x0F sf=9
PHASE_START 7 HF-LoRa-SF9-255 pktSize=255
2026-07-26T11:50:21.437973+00:00 PHASE_RESULT 7 HF-LoRa-SF9-255 pktSize=255 rx=0 unique=0 lost=6 per=100.0 rssi_avg=0 rssi_min=0 crc_err=0 garbage=0 tx_lat=0.00000 tx_lon=0.00000 sats=0 fix=0 utc=0 tx_fw=none rx_fw=unknown
PHASE_GUARD 500
LORA_CFG path=1 bw=0x0F sf=12
PHASE_START 8 HF-LoRa-SF12-32 pktSize=32
2026-07-26T11:50:24.551231+00:00 PHASE_RESULT 8 HF-LoRa-SF12-32 pktSize=32 rx=0 unique=0 lost=2 per=100.0 rssi_avg=0 rssi_min=0 crc_err=0 garbage=0 tx_lat=0.00000 tx_lon=0.00000 sats=0 fix=0 utc=0 tx_fw=none rx_fw=unknown
PHASE_GUARD 500
LORA_CFG path=1 bw=0x0F sf=12
PHASE_START 9 HF-LoRa-SF12-64 pktSize=64
2026-07-26T11:50:26.612946+00:00 TIME_SYNCED utc=1785066626 offset=1785062475
2026-07-26T11:50:27.624285+00:00 PHASE_RESULT 9 HF-LoRa-SF12-64 pktSize=64 rx=0 unique=0 lost=1 per=100.0 rssi_avg=0 rssi_min=0 crc_err=0 garbage=0 tx_lat=0.00000 tx_lon=0.00000 sats=0 fix=0 utc=0 tx_fw=none rx_fw=unknown
PHASE_GUARD 500
LORA_CFG path=1 bw=0x0F sf=12
PHASE_START 10 HF-LoRa-SF12-128 pktSize=128
2026-07-26T11:50:28.635339+00:00 TIME_SYNCED utc=1785066627 offset=1785062475
2026-07-26T11:50:31.754478+00:00 PHASE_RESULT 10 HF-LoRa-SF12-128 pktSize=128 rx=0 unique=0 lost=1 per=100.0 rssi_avg=0 rssi_min=0 crc_err=0 garbage=0 tx_lat=0.00000 tx_lon=0.00000 sats=0 fix=0 utc=0 tx_fw=none rx_fw=unknown
2026-07-26T11:50:32.760777+00:00 PHASE_GUARD 500
LORA_CFG path=1 bw=0x0F sf=12
PHASE_START 11 HF-LoRa-SF12-255 pktSize=255
2026-07-26T11:50:36.927292+00:00 TIME_SYNCED utc=1785066636 offset=1785062475
2026-07-26T11:50:38.990297+00:00 TIME_SYNCED utc=1785066637 offset=1785062474
2026-07-26T11:50:43.158741+00:00 PHASE_RESULT 11 HF-LoRa-SF12-255 pktSize=255 rx=0 unique=0 lost=1 per=100.0 rssi_avg=0 rssi_min=0 crc_err=0 garbage=0 tx_lat=0.00000 tx_lon=0.00000 sats=0 fix=0 utc=0 tx_fw=none rx_fw=unknown
PHASE_GUARD 500
PHASE_START 12 HF-FLRC-2600-32 pktSize=32
2026-07-26T11:50:44.162605+00:00 SYNC_NOT_FOUND first4=D1C899B1
SYNC_NOT_FOUND first4=BC6D7A0D
SYNC_NOT_FOUND first4=1ED70E71
SYNC_NOT_FOUND first4=2EDCC768
SYNC_NOT_FOUND first4=C839830B
SYNC_NOT_FOUND first4=CAF497C1
SYNC_NOT_FOUND first4=217F6B47
SYNC_NOT_FOUND first4=33053ADC
SYNC_NOT_FOUND first4=70180C69
SYNC_NOT_FOUND first4=0283713C
SYNC_NOT_FOUND first4=C3B3525A
SYNC_NOT_FOUND first4=7F36D369
2026-07-26T11:50:45.184640+00:00 SYNC_NOT_FOUND first4=364BDA5A
PHASE_RESULT 12 HF-FLRC-2600-32 pktSize=32 rx=0 unique=0 lost=100 per=100.0 rssi_avg=0 rssi_min=0 crc_err=0 garbage=13 tx_lat=0.00000 tx_lon=0.00000 sats=0 fix=0 utc=0 tx_fw=none rx_fw=unknown
PHASE_GUARD 500
PHASE_START 13 HF-FLRC-2600-64 pktSize=64
SYNC_NOT_FOUND first4=2CD3066E
SYNC_NOT_FOUND first4=4562A99B
2026-07-26T11:50:46.188829+00:00 SYNC_NOT_FOUND first4=5B78E4B3
SYNC_NOT_FOUND first4=B8A89983
SYNC_NOT_FOUND first4=E7DA0D80
SYNC_NOT_FOUND first4=D49F82D5
SYNC_NOT_FOUND first4=E3AE93E8
SYNC_NOT_FOUND first4=B02E6AB4
2026-07-26T11:50:47.198407+00:00 TIME_SYNCED utc=1785066646 offset=1785062475
PHASE_RESULT 13 HF-FLRC-2600-64 pktSize=64 rx=0 unique=0 lost=100 per=100.0 rssi_avg=0 rssi_min=0 crc_err=0 garbage=8 tx_lat=0.00000 tx_lon=0.00000 sats=0 fix=0 utc=0 tx_fw=none rx_fw=unknown
PHASE_GUARD 500
PHASE_START 14 HF-FLRC-2600-128 pktSize=128
SYNC_NOT_FOUND first4=110794A9
SYNC_NOT_FOUND first4=F9841545
SYNC_NOT_FOUND first4=C6D52348
SYNC_NOT_FOUND first4=B8BAA54B
SYNC_NOT_FOUND first4=A034BED8
SYNC_NOT_FOUND first4=4A5B7694
SYNC_NOT_FOUND first4=E1DACE41
SYNC_NOT_FOUND first4=09948541
2026-07-26T11:50:48.209465+00:00 PHASE_RESULT 14 HF-FLRC-2600-128 pktSize=128 rx=0 unique=0 lost=100 per=100.0 rssi_avg=0 rssi_min=0 crc_err=0 garbage=8 tx_lat=0.00000 tx_lon=0.00000 sats=0 fix=0 utc=0 tx_fw=none rx_fw=unknown
PHASE_GUARD 500
PHASE_START 15 HF-FLRC-2600-255 pktSize=255
SYNC_NOT_FOUND first4=28CCBB25
SYNC_NOT_FOUND first4=60FD2D89
SYNC_NOT_FOUND first4=CAD22116
2026-07-26T11:50:49.221027+00:00 TIME_SYNCED utc=1785066648 offset=1785062475
SYNC_NOT_FOUND first4=45D220B6
SYNC_NOT_FOUND first4=281C0CD1
SYNC_NOT_FOUND first4=285E70BC
SYNC_NOT_FOUND first4=AB4389D8
2026-07-26T11:50:50.232004+00:00 SYNC_NOT_FOUND first4=E5456DF9
SYNC_NOT_FOUND first4=5650B4CD
SYNC_NOT_FOUND first4=18734813
SYNC_NOT_FOUND first4=51B41108
PHASE_RESULT 15 HF-FLRC-2600-255 pktSize=255 rx=0 unique=0 lost=100 per=100.0 rssi_avg=0 rssi_min=0 crc_err=0 garbage=11 tx_lat=0.00000 tx_lon=0.00000 sats=0 fix=0 utc=0 tx_fw=none rx_fw=unknown
PHASE_GUARD 500
PHASE_START 16 HF-FLRC-1300-32 pktSize=32
SYNC_NOT_FOUND first4=C6A2FDE0
SYNC_NOT_FOUND first4=697E2780
2026-07-26T11:50:51.243259+00:00 SYNC_NOT_FOUND first4=A9A4DC76
SYNC_NOT_FOUND first4=41E4286A
SYNC_NOT_FOUND first4=5B816CF9
SYNC_NOT_FOUND first4=A3310522
SYNC_NOT_FOUND first4=41AFF3E5
2026-07-26T11:50:52.247765+00:00 SYNC_NOT_FOUND first4=E1E2C5F1
PHASE_RESULT 16 HF-FLRC-1300-32 pktSize=32 rx=0 unique=0 lost=100 per=100.0 rssi_avg=0 rssi_min=0 crc_err=0 garbage=8 tx_lat=0.00000 tx_lon=0.00000 sats=0 fix=0 utc=0 tx_fw=none rx_fw=unknown
PHASE_GUARD 500
PHASE_START 17 HF-FLRC-1300-64 pktSize=64
SYNC_NOT_FOUND first4=961A65B2
SYNC_NOT_FOUND first4=EB054F34
2026-07-26T11:50:53.261363+00:00 SYNC_NOT_FOUND first4=9748357D
SYNC_NOT_FOUND first4=61DA4E20
2026-07-26T11:50:54.270986+00:00 SYNC_NOT_FOUND first4=28A2FDA0
SYNC_NOT_FOUND first4=D6B432F7
PHASE_RESULT 17 HF-FLRC-1300-64 pktSize=64 rx=0 unique=0 lost=100 per=100.0 rssi_avg=0 rssi_min=0 crc_err=0 garbage=6 tx_lat=0.00000 tx_lon=0.00000 sats=0 fix=0 utc=0 tx_fw=none rx_fw=unknown
PHASE_GUARD 500
PHASE_START 18 HF-FLRC-1300-128 pktSize=128
2026-07-26T11:50:55.287733+00:00 SYNC_NOT_FOUND first4=BA1DCD08
SYNC_NOT_FOUND first4=37720657
2026-07-26T11:50:56.300118+00:00 PHASE_RESULT 18 HF-FLRC-1300-128 pktSize=128 rx=0 unique=0 lost=100 per=100.0 rssi_avg=0 rssi_min=0 crc_err=0 garbage=2 tx_lat=0.00000 tx_lon=0.00000 sats=0 fix=0 utc=0 tx_fw=none rx_fw=unknown
PHASE_GUARD 500
PHASE_START 19 HF-FLRC-1300-255 pktSize=255
SYNC_NOT_FOUND first4=ADD6D49A
TIME_SYNCED utc=1785066656 offset=1785062475
2026-07-26T11:50:57.303970+00:00 SYNC_NOT_FOUND first4=80E285C6
2026-07-26T11:50:58.315204+00:00 SYNC_NOT_FOUND first4=A2AF1425
SYNC_NOT_FOUND first4=D9E39B02
PHASE_RESULT 19 HF-FLRC-1300-255 pktSize=255 rx=0 unique=0 lost=100 per=100.0 rssi_avg=0 rssi_min=0 crc_err=0 garbage=4 tx_lat=0.00000 tx_lon=0.00000 sats=0 fix=0 utc=0 tx_fw=none rx_fw=unknown
PHASE_GUARD 500
PHASE_START 20 HF-FLRC-650-32 pktSize=32
SYNC_NOT_FOUND first4=43377E43
SYNC_NOT_FOUND first4=3A669D3D
SYNC_NOT_FOUND first4=4960C801
SYNC_NOT_FOUND first4=214270EA
SYNC_NOT_FOUND first4=BBC0264C
SYNC_NOT_FOUND first4=14A38875
SYNC_NOT_FOUND first4=DBFC6604
SYNC_NOT_FOUND first4=04CA6DE4
SYNC_NOT_FOUND first4=4820AB98
SYNC_NOT_FOUND first4=5E84B4FA
SYNC_NOT_FOUND first4=033368D6
2026-07-26T11:50:59.331955+00:00 TIME_SYNCED utc=1785066658 offset=1785062475
SYNC_NOT_FOUND first4=28D7B7F1
SYNC_NOT_FOUND first4=9E87BE56
SYNC_NOT_FOUND first4=8D89BE19
SYNC_NOT_FOUND first4=656E6C4E
SYNC_NOT_FOUND first4=F2315DA0
SYNC_NOT_FOUND first4=421D07B5
SYNC_NOT_FOUND first4=14052F87
SYNC_NOT_FOUND first4=7BAEC229
SYNC_NOT_FOUND first4=7E2E024D
SYNC_NOT_FOUND first4=626E785E
SYNC_NOT_FOUND first4=5D167C72
SYNC_NOT_FOUND first4=1087B160
SYNC_NOT_FOUND first4=CB072ED1
SYNC_NOT_FOUND first4=8E453293
SYNC_NOT_FOUND first4=7C015378
SYNC_NOT_FOUND first4=33DDAD13
SYNC_NOT_FOUND first4=67E3553D
SYNC_NOT_FOUND first4=6A17507B
SYNC_NOT_FOUND first4=635F6965
SYNC_NOT_FOUND first4=91ADDAFD
SYNC_NOT_FOUND first4=A6FE3DA8
SYNC_NOT_FOUND first4=4B5CA042
SYNC_NOT_FOUND first4=14B6A028
SYNC_NOT_FOUND first4=C0B09B3A
SYNC_NOT_FOUND first4=C694B0CF
SYNC_NOT_FOUND first4=BEBF9B5D
SYNC_NOT_FOUND first4=BB738526
SYNC_NOT_FOUND first4=72460914
SYNC_NOT_FOUND first4=4B240CD1
SYNC_NOT_FOUND first4=DE3E8499
2026-07-26T11:51:00.351094+00:00 SYNC_NOT_FOUND first4=ACE3FCEB
SYNC_NOT_FOUND first4=FE420278
SYNC_NOT_FOUND first4=F7903873
SYNC_NOT_FOUND first4=7C3B9624
SYNC_NOT_FOUND first4=B8EF5088
SYNC_NOT_FOUND first4=AB137BA6
PHASE_RESULT 20 HF-FLRC-650-32 pktSize=32 rx=0 unique=0 lost=100 per=100.0 rssi_avg=0 rssi_min=0 crc_err=0 garbage=47 tx_lat=0.00000 tx_lon=0.00000 sats=0 fix=0 utc=0 tx_fw=none rx_fw=unknown
PHASE_GUARD 500
PHASE_START 21 HF-FLRC-650-64 pktSize=64
SYNC_NOT_FOUND first4=D3331FD1
SYNC_NOT_FOUND first4=618A9202
SYNC_NOT_FOUND first4=62E58C1E
SYNC_NOT_FOUND first4=BC82DF73
SYNC_NOT_FOUND first4=250B3C95
SYNC_NOT_FOUND first4=077A7DB1
SYNC_NOT_FOUND first4=42400FEF
SYNC_NOT_FOUND first4=34C1274A
2026-07-26T11:51:01.364073+00:00 SYNC_NOT_FOUND first4=41375C94
SYNC_NOT_FOUND first4=BE4C9487
SYNC_NOT_FOUND first4=8CD7282D
SYNC_NOT_FOUND first4=127699D8
SYNC_NOT_FOUND first4=CDDA817E
SYNC_NOT_FOUND first4=200FBB01
SYNC_NOT_FOUND first4=5FE13B95
SYNC_NOT_FOUND first4=A46CFBC2
SYNC_NOT_FOUND first4=FF3E17EB
SYNC_NOT_FOUND first4=90405620
SYNC_NOT_FOUND first4=30DF4ADC
SYNC_NOT_FOUND first4=005168B4
SYNC_NOT_FOUND first4=802840C2
SYNC_NOT_FOUND first4=EAE1BF87
SYNC_NOT_FOUND first4=9F3A2777
SYNC_NOT_FOUND first4=285303D2
SYNC_NOT_FOUND first4=D497CA43
SYNC_NOT_FOUND first4=74EB2480
SYNC_NOT_FOUND first4=9406986A
SYNC_NOT_FOUND first4=0B022717
SYNC_NOT_FOUND first4=A18F1B04
SYNC_NOT_FOUND first4=91AB6D55
SYNC_NOT_FOUND first4=5D40B6CE
SYNC_NOT_FOUND first4=D4078D28
SYNC_NOT_FOUND first4=A09BEB86
SYNC_NOT_FOUND first4=3AA764E3
2026-07-26T11:51:02.370913+00:00 SYNC_NOT_FOUND first4=B03050AC
SYNC_NOT_FOUND first4=455A02B5
SYNC_NOT_FOUND first4=8C1393D8
SYNC_NOT_FOUND first4=415C9294
SYNC_NOT_FOUND first4=584D629E
SYNC_NOT_FOUND first4=FC58EB1B
PHASE_RESULT 21 HF-FLRC-650-64 pktSize=64 rx=0 unique=0 lost=100 per=100.0 rssi_avg=0 rssi_min=0 crc_err=0 garbage=40 tx_lat=0.00000 tx_lon=0.00000 sats=0 fix=0 utc=0 tx_fw=none rx_fw=unknown
PHASE_GUARD 500
PHASE_START 22 HF-FLRC-650-128 pktSize=128
SYNC_NOT_FOUND first4=5360CD01
SYNC_NOT_FOUND first4=F261C240
SYNC_NOT_FOUND first4=F013AA46
SYNC_NOT_FOUND first4=E49F08AF
SYNC_NOT_FOUND first4=F4C0F96B
SYNC_NOT_FOUND first4=E5B890E0
SYNC_NOT_FOUND first4=83A22134
SYNC_NOT_FOUND first4=6C176F25
SYNC_NOT_FOUND first4=3CFF7342
SYNC_NOT_FOUND first4=A9535EA3
SYNC_NOT_FOUND first4=426F8AC4
SYNC_NOT_FOUND first4=8AEB743D
SYNC_NOT_FOUND first4=ECB23E98
2026-07-26T11:51:03.386375+00:00 SYNC_NOT_FOUND first4=CD5F2886
SYNC_NOT_FOUND first4=A1337F11
SYNC_NOT_FOUND first4=82BDB6AC
SYNC_NOT_FOUND first4=F76C9B18
SYNC_NOT_FOUND first4=C3645D44
SYNC_NOT_FOUND first4=DAF28B12
SYNC_NOT_FOUND first4=31F951B1
SYNC_NOT_FOUND first4=58FBDBF5
SYNC_NOT_FOUND first4=395DBFB6
SYNC_NOT_FOUND first4=23502AFF
SYNC_NOT_FOUND first4=E7E1C412
SYNC_NOT_FOUND first4=19FE35A6
SYNC_NOT_FOUND first4=F30D0EF6
SYNC_NOT_FOUND first4=9AA3AB86
SYNC_NOT_FOUND first4=57656E89
SYNC_NOT_FOUND first4=AE567904
SYNC_NOT_FOUND first4=B8FD03F1
SYNC_NOT_FOUND first4=A1A45626
SYNC_NOT_FOUND first4=C17FF74C
SYNC_NOT_FOUND first4=4E335A44
SYNC_NOT_FOUND first4=30F8504E
SYNC_NOT_FOUND first4=1C93F654
SYNC_NOT_FOUND first4=E9E547D3
SYNC_NOT_FOUND first4=45C64FDC
SYNC_NOT_FOUND first4=D9CB3BBB
2026-07-26T11:51:04.409415+00:00 SYNC_NOT_FOUND first4=7C74E3F6
SYNC_NOT_FOUND first4=0976960F
SYNC_NOT_FOUND first4=6945A898
SYNC_NOT_FOUND first4=9BB7ABE5
SYNC_NOT_FOUND first4=A8590CD5
SYNC_NOT_FOUND first4=85A55A9D
SYNC_NOT_FOUND first4=4E55B4A2
SYNC_NOT_FOUND first4=3E098326
PHASE_RESULT 22 HF-FLRC-650-128 pktSize=128 rx=0 unique=0 lost=100 per=100.0 rssi_avg=0 rssi_min=0 crc_err=0 garbage=46 tx_lat=0.00000 tx_lon=0.00000 sats=0 fix=0 utc=0 tx_fw=none rx_fw=unknown
PHASE_GUARD 500
PHASE_START 23 HF-FLRC-650-255 pktSize=255
SYNC_NOT_FOUND first4=04AC2EE0
SYNC_NOT_FOUND first4=15DF8153
SYNC_NOT_FOUND first4=505781E1
SYNC_NOT_FOUND first4=E44B9838
SYNC_NOT_FOUND first4=3874C498
SYNC_NOT_FOUND first4=D10A4C9D
SYNC_NOT_FOUND first4=BD07576F
SYNC_NOT_FOUND first4=1A61C719
SYNC_NOT_FOUND first4=25A97A56
2026-07-26T11:51:05.428408+00:00 SYNC_NOT_FOUND first4=12958E3D
SYNC_NOT_FOUND first4=86A7392F
SYNC_NOT_FOUND first4=ABBBFD14
SYNC_NOT_FOUND first4=F1F4E115
SYNC_NOT_FOUND first4=0A3C82FD
SYNC_NOT_FOUND first4=1715866D
SYNC_NOT_FOUND first4=6C91A334
SYNC_NOT_FOUND first4=44591410
SYNC_NOT_FOUND first4=0DFD9DF9
SYNC_NOT_FOUND first4=7DBF4B54
SYNC_NOT_FOUND first4=41FCF0FE
SYNC_NOT_FOUND first4=7095B48D
SYNC_NOT_FOUND first4=1886BD7A
SYNC_NOT_FOUND first4=B4F7A3DE
SYNC_NOT_FOUND first4=0BC5FA0E
SYNC_NOT_FOUND first4=ED1CCE6A
SYNC_NOT_FOUND first4=42E6EBD5
SYNC_NOT_FOUND first4=B2788125
SYNC_NOT_FOUND first4=220B0EB2
SYNC_NOT_FOUND first4=E07FA648
SYNC_NOT_FOUND first4=37BEF5C5
SYNC_NOT_FOUND first4=71C24E6C
SYNC_NOT_FOUND first4=0589E747
SYNC_NOT_FOUND first4=34C87CC1
SYNC_NOT_FOUND first4=07D79389
2026-07-26T11:51:06.439351+00:00 SYNC_NOT_FOUND first4=A6616E95
SYNC_NOT_FOUND first4=805ECA70
SYNC_NOT_FOUND first4=8045B86D
PHASE_RESULT 23 HF-FLRC-650-255 pktSize=255 rx=0 unique=0 lost=100 per=100.0 rssi_avg=0 rssi_min=0 crc_err=0 garbage=37 tx_lat=0.00000 tx_lon=0.00000 sats=0 fix=0 utc=0 tx_fw=none rx_fw=unknown
PHASE_GUARD 500
PHASE_START 24 HF-FLRC-325-32 pktSize=32
TIME_SYNCED utc=1785066666 offset=1785062475
SYNC_NOT_FOUND first4=0AC34008
SYNC_NOT_FOUND first4=7BDF84A4
2026-07-26T11:51:07.448848+00:00 SYNC_NOT_FOUND first4=438E5517
SYNC_NOT_FOUND first4=11F71D55
SYNC_NOT_FOUND first4=02D5C5A7
SYNC_NOT_FOUND first4=0A049C71
SYNC_NOT_FOUND first4=B0E09BAA
SYNC_NOT_FOUND first4=FBC432B5
2026-07-26T11:51:08.452207+00:00 PHASE_RESULT 24 HF-FLRC-325-32 pktSize=32 rx=0 unique=0 lost=100 per=100.0 rssi_avg=0 rssi_min=0 crc_err=0 garbage=8 tx_lat=0.00000 tx_lon=0.00000 sats=0 fix=0 utc=0 tx_fw=none rx_fw=unknown
PHASE_GUARD 500
PHASE_START 25 HF-FLRC-325-64 pktSize=64
SYNC_NOT_FOUND first4=947F310B
SYNC_NOT_FOUND first4=0A86B57A
2026-07-26T11:51:09.468210+00:00 TIME_SYNCED utc=1785066668 offset=1785062475
SYNC_NOT_FOUND first4=F216C067
2026-07-26T11:51:10.487292+00:00 PHASE_RESULT 25 HF-FLRC-325-64 pktSize=64 rx=0 unique=0 lost=100 per=100.0 rssi_avg=0 rssi_min=0 crc_err=0 garbage=3 tx_lat=0.00000 tx_lon=0.00000 sats=0 fix=0 utc=0 tx_fw=none rx_fw=unknown
PHASE_GUARD 500
PHASE_START 26 HF-FLRC-325-128 pktSize=128
SYNC_NOT_FOUND first4=3A7C5094
SYNC_NOT_FOUND first4=54B32AA6
2026-07-26T11:51:11.498616+00:00 SYNC_NOT_FOUND first4=0375877E
SYNC_NOT_FOUND first4=CD586B2B
2026-07-26T11:51:12.510099+00:00 SYNC_NOT_FOUND first4=87DCCC71
PHASE_RESULT 26 HF-FLRC-325-128 pktSize=128 rx=0 unique=0 lost=100 per=100.0 rssi_avg=0 rssi_min=0 crc_err=0 garbage=5 tx_lat=0.00000 tx_lon=0.00000 sats=0 fix=0 utc=0 tx_fw=none rx_fw=unknown
PHASE_GUARD 500
PHASE_START 27 HF-FLRC-325-255 pktSize=255
SYNC_NOT_FOUND first4=D55F99F5
SYNC_NOT_FOUND first4=84E19FA3
SYNC_NOT_FOUND first4=2DA61B3E
2026-07-26T11:51:13.524899+00:00 SYNC_NOT_FOUND first4=F85A6FA5
SYNC_NOT_FOUND first4=3827566B
SYNC_NOT_FOUND first4=8ECF530E
SYNC_NOT_FOUND first4=33A3BB1D
SYNC_NOT_FOUND first4=900E34EF
2026-07-26T11:51:14.538282+00:00 SYNC_NOT_FOUND first4=345A3A58
PHASE_RESULT 27 HF-FLRC-325-255 pktSize=255 rx=0 unique=0 lost=100 per=100.0 rssi_avg=0 rssi_min=0 crc_err=0 garbage=9 tx_lat=0.00000 tx_lon=0.00000 sats=0 fix=0 utc=0 tx_fw=none rx_fw=unknown
PHASE_GUARD 500
LORA_CFG path=0 bw=0x05 sf=7
PHASE_START 28 LF-LoRa-SF7-32 pktSize=32
2026-07-26T11:51:16.605362+00:00 PHASE_RESULT 28 LF-LoRa-SF7-32 pktSize=32 rx=0 unique=0 lost=20 per=100.0 rssi_avg=0 rssi_min=0 crc_err=0 garbage=0 tx_lat=0.00000 tx_lon=0.00000 sats=0 fix=0 utc=0 tx_fw=none rx_fw=unknown
PHASE_GUARD 500
LORA_CFG path=0 bw=0x05 sf=7
PHASE_START 29 LF-LoRa-SF7-64 pktSize=64
TIME_SYNCED utc=1785066676 offset=1785062475
2026-07-26T11:51:19.719205+00:00 TIME_SYNCED utc=1785066678 offset=1785062475
PHASE_RESULT 29 LF-LoRa-SF7-64 pktSize=64 rx=0 unique=0 lost=20 per=100.0 rssi_avg=0 rssi_min=0 crc_err=0 garbage=0 tx_lat=0.00000 tx_lon=0.00000 sats=0 fix=0 utc=0 tx_fw=none rx_fw=unknown
PHASE_GUARD 500
LORA_CFG path=0 bw=0x05 sf=7
PHASE_START 30 LF-LoRa-SF7-128 pktSize=128
2026-07-26T11:51:22.841784+00:00 PHASE_RESULT 30 LF-LoRa-SF7-128 pktSize=128 rx=0 unique=0 lost=13 per=100.0 rssi_avg=0 rssi_min=0 crc_err=0 garbage=0 tx_lat=0.00000 tx_lon=0.00000 sats=0 fix=0 utc=0 tx_fw=none rx_fw=unknown
PHASE_GUARD 500
LORA_CFG path=0 bw=0x05 sf=7
2026-07-26T11:51:23.853295+00:00 PHASE_START 31 LF-LoRa-SF7-255 pktSize=255
2026-07-26T11:51:26.977438+00:00 TIME_SYNCED utc=1785066686 offset=1785062475
PHASE_RESULT 31 LF-LoRa-SF7-255 pktSize=255 rx=0 unique=0 lost=7 per=100.0 rssi_avg=0 rssi_min=0 crc_err=0 garbage=0 tx_lat=0.00000 tx_lon=0.00000 sats=0 fix=0 utc=0 tx_fw=none rx_fw=unknown
PHASE_GUARD 500
LORA_CFG path=0 bw=0x05 sf=9
PHASE_START 32 LF-LoRa-SF9-32 pktSize=32
2026-07-26T11:51:30.099625+00:00 TIME_SYNCED utc=1785066689 offset=1785062475
2026-07-26T11:51:31.111213+00:00 PHASE_RESULT 32 LF-LoRa-SF9-32 pktSize=32 rx=0 unique=0 lost=7 per=100.0 rssi_avg=0 rssi_min=0 crc_err=0 garbage=0 tx_lat=0.00000 tx_lon=0.00000 sats=0 fix=0 utc=0 tx_fw=none rx_fw=unknown
PHASE_GUARD 500
LORA_CFG path=0 bw=0x05 sf=9
PHASE_START 33 LF-LoRa-SF9-64 pktSize=64
2026-07-26T11:51:34.228201+00:00 PHASE_RESULT 33 LF-LoRa-SF9-64 pktSize=64 rx=0 unique=0 lost=3 per=100.0 rssi_avg=0 rssi_min=0 crc_err=0 garbage=0 tx_lat=0.00000 tx_lon=0.00000 sats=0 fix=0 utc=0 tx_fw=none rx_fw=unknown
PHASE_GUARD 500
LORA_CFG path=0 bw=0x05 sf=9
PHASE_START 34 LF-LoRa-SF9-128 pktSize=128
2026-07-26T11:51:36.289851+00:00 PHASE_RESULT 34 LF-LoRa-SF9-128 pktSize=128 rx=0 unique=0 lost=1 per=100.0 rssi_avg=0 rssi_min=0 crc_err=0 garbage=0 tx_lat=0.00000 tx_lon=0.00000 sats=0 fix=0 utc=0 tx_fw=none rx_fw=unknown
PHASE_GUARD 500
LORA_CFG path=0 bw=0x05 sf=9
PHASE_START 35 LF-LoRa-SF9-255 pktSize=255
2026-07-26T11:51:37.300582+00:00 TIME_SYNCED utc=1785066696 offset=1785062475
2026-07-26T11:51:40.421183+00:00 TIME_SYNCED utc=1785066699 offset=1785062475
PHASE_RESULT 35 LF-LoRa-SF9-255 pktSize=255 rx=0 unique=0 lost=1 per=100.0 rssi_avg=0 rssi_min=0 crc_err=0 garbage=0 tx_lat=0.00000 tx_lon=0.00000 sats=0 fix=0 utc=0 tx_fw=none rx_fw=unknown
PHASE_GUARD 500
LORA_CFG path=0 bw=0x05 sf=12
PHASE_START 36 LF-LoRa-SF12-32 pktSize=32
2026-07-26T11:51:46.695422+00:00 TIME_SYNCED utc=1785066706 offset=1785062475
2026-07-26T11:51:50.861343+00:00 TIME_SYNCED utc=1785066709 offset=1785062474
2026-07-26T11:51:56.083672+00:00 PHASE_RESULT 36 LF-LoRa-SF12-32 pktSize=32 rx=0 unique=0 lost=1 per=100.0 rssi_avg=0 rssi_min=0 crc_err=0 garbage=0 tx_lat=0.00000 tx_lon=0.00000 sats=0 fix=0 utc=0 tx_fw=none rx_fw=unknown
PHASE_GUARD 500
LORA_CFG path=0 bw=0x05 sf=12
PHASE_START 37 LF-LoRa-SF12-SKIP SKIP pktSize=64
2026-07-26T11:51:57.108679+00:00 TIME_SYNCED utc=1785066716 offset=1785062475
PHASE_RESULT 37 LF-LoRa-SF12-SKIP pktSize=64 rx=0 unique=0 lost=0 per=0.0 rssi_avg=0 rssi_min=0 crc_err=0 garbage=0 tx_lat=0.00000 tx_lon=0.00000 sats=0 fix=0 utc=0 tx_fw=none rx_fw=unknown
PHASE_GUARD 500
LORA_CFG path=0 bw=0x05 sf=12
PHASE_START 38 LF-LoRa-SF12-SKIP SKIP pktSize=128
PHASE_RESULT 38 LF-LoRa-SF12-SKIP pktSize=128 rx=0 unique=0 lost=0 per=0.0 rssi_avg=0 rssi_min=0 crc_err=0 garbage=0 tx_lat=0.00000 tx_lon=0.00000 sats=0 fix=0 utc=0 tx_fw=none rx_fw=unknown
PHASE_GUARD 500
LORA_CFG path=0 bw=0x05 sf=12
PHASE_START 39 LF-LoRa-SF12-SKIP SKIP pktSize=255
2026-07-26T11:51:58.116289+00:00 PHASE_RESULT 39 LF-LoRa-SF12-SKIP pktSize=255 rx=0 unique=0 lost=0 per=0.0 rssi_avg=0 rssi_min=0 crc_err=0 garbage=0 tx_lat=0.00000 tx_lon=0.00000 sats=0 fix=0 utc=0 tx_fw=none rx_fw=unknown
PHASE_GUARD 500
PHASE_START 40 LF-FLRC-2600-32 pktSize=32
SYNC_NOT_FOUND first4=A9B3ED34
SYNC_NOT_FOUND first4=8C3CBC3A
2026-07-26T11:51:59.128664+00:00 SYNC_NOT_FOUND first4=2C1B7B53
SYNC_NOT_FOUND first4=DDEE3388
SYNC_NOT_FOUND first4=0482F203
2026-07-26T11:52:00.139853+00:00 PHASE_RESULT 40 LF-FLRC-2600-32 pktSize=32 rx=0 unique=0 lost=100 per=100.0 rssi_avg=0 rssi_min=0 crc_err=0 garbage=5 tx_lat=0.00000 tx_lon=0.00000 sats=0 fix=0 utc=0 tx_fw=none rx_fw=unknown
PHASE_GUARD 500
PHASE_START 41 LF-FLRC-2600-64 pktSize=64
2026-07-26T11:52:01.152011+00:00 TIME_SYNCED utc=1785066720 offset=1785062475
SYNC_NOT_FOUND first4=1B25996B
2026-07-26T11:52:02.163745+00:00 PHASE_RESULT 41 LF-FLRC-2600-64 pktSize=64 rx=0 unique=0 lost=100 per=100.0 rssi_avg=0 rssi_min=0 crc_err=0 garbage=1 tx_lat=0.00000 tx_lon=0.00000 sats=0 fix=0 utc=0 tx_fw=none rx_fw=unknown
PHASE_GUARD 500
PHASE_START 42 LF-FLRC-2600-128 pktSize=128
2026-07-26T11:52:04.226196+00:00 PHASE_RESULT 42 LF-FLRC-2600-128 pktSize=128 rx=0 unique=0 lost=100 per=100.0 rssi_avg=0 rssi_min=0 crc_err=0 garbage=0 tx_lat=0.00000 tx_lon=0.00000 sats=0 fix=0 utc=0 tx_fw=none rx_fw=unknown
PHASE_GUARD 500
PHASE_START 43 LF-FLRC-2600-255 pktSize=255
2026-07-26T11:52:05.237718+00:00 SYNC_NOT_FOUND first4=6C38AB21
2026-07-26T11:52:06.241898+00:00 PHASE_RESULT 43 LF-FLRC-2600-255 pktSize=255 rx=0 unique=0 lost=100 per=100.0 rssi_avg=0 rssi_min=0 crc_err=0 garbage=1 tx_lat=0.00000 tx_lon=0.00000 sats=0 fix=0 utc=0 tx_fw=none rx_fw=unknown
PHASE_GUARD 500
PHASE_START 44 LF-FLRC-1300-32 pktSize=32
2026-07-26T11:52:07.254715+00:00 TIME_SYNCED utc=1785066726 offset=1785062475
2026-07-26T11:52:08.266108+00:00 PHASE_RESULT 44 LF-FLRC-1300-32 pktSize=32 rx=0 unique=0 lost=100 per=100.0 rssi_avg=0 rssi_min=0 crc_err=0 garbage=0 tx_lat=0.00000 tx_lon=0.00000 sats=0 fix=0 utc=0 tx_fw=none rx_fw=unknown
PHASE_GUARD 500
PHASE_START 45 LF-FLRC-1300-64 pktSize=64
2026-07-26T11:52:10.329245+00:00 PHASE_RESULT 45 LF-FLRC-1300-64 pktSize=64 rx=0 unique=0 lost=100 per=100.0 rssi_avg=0 rssi_min=0 crc_err=0 garbage=0 tx_lat=0.00000 tx_lon=0.00000 sats=0 fix=0 utc=0 tx_fw=none rx_fw=unknown
PHASE_GUARD 500
PHASE_START 46 LF-FLRC-1300-128 pktSize=128
2026-07-26T11:52:11.341883+00:00 TIME_SYNCED utc=1785066730 offset=1785062475
SYNC_NOT_FOUND first4=7A862C0A
2026-07-26T11:52:12.354235+00:00 SYNC_NOT_FOUND first4=C6ACA7D4
PHASE_RESULT 46 LF-FLRC-1300-128 pktSize=128 rx=0 unique=0 lost=100 per=100.0 rssi_avg=0 rssi_min=0 crc_err=0 garbage=2 tx_lat=0.00000 tx_lon=0.00000 sats=0 fix=0 utc=0 tx_fw=none rx_fw=unknown
PHASE_GUARD 500
PHASE_START 47 LF-FLRC-1300-255 pktSize=255
2026-07-26T11:52:14.417052+00:00 PHASE_RESULT 47 LF-FLRC-1300-255 pktSize=255 rx=0 unique=0 lost=100 per=100.0 rssi_avg=0 rssi_min=0 crc_err=0 garbage=0 tx_lat=0.00000 tx_lon=0.00000 sats=0 fix=0 utc=0 tx_fw=none rx_fw=unknown
PHASE_GUARD 500
PHASE_START 48 LF-FLRC-650-32 pktSize=32
2026-07-26T11:52:15.430822+00:00 SYNC_NOT_FOUND first4=4DD1CA0F
SYNC_NOT_FOUND first4=D89AF12D
2026-07-26T11:52:16.446561+00:00 PHASE_RESULT 48 LF-FLRC-650-32 pktSize=32 rx=0 unique=0 lost=100 per=100.0 rssi_avg=0 rssi_min=0 crc_err=0 garbage=2 tx_lat=0.00000 tx_lon=0.00000 sats=0 fix=0 utc=0 tx_fw=none rx_fw=unknown
PHASE_GUARD 500
PHASE_START 49 LF-FLRC-650-64 pktSize=64
SYNC_NOT_FOUND first4=CB7B115C
TIME_SYNCED utc=1785066736 offset=1785062475
2026-07-26T11:52:18.501747+00:00 PHASE_RESULT 49 LF-FLRC-650-64 pktSize=64 rx=0 unique=0 lost=100 per=100.0 rssi_avg=0 rssi_min=0 crc_err=0 garbage=1 tx_lat=0.00000 tx_lon=0.00000 sats=0 fix=0 utc=0 tx_fw=none rx_fw=unknown
PHASE_GUARD 500
PHASE_START 50 LF-FLRC-650-128 pktSize=128
SYNC_NOT_FOUND first4=2A2A8E79
SYNC_NOT_FOUND first4=DDE81E12
2026-07-26T11:52:19.515444+00:00 SYNC_NOT_FOUND first4=AC041386
2026-07-26T11:52:20.521298+00:00 PHASE_RESULT 50 LF-FLRC-650-128 pktSize=128 rx=0 unique=0 lost=100 per=100.0 rssi_avg=0 rssi_min=0 crc_err=0 garbage=3 tx_lat=0.00000 tx_lon=0.00000 sats=0 fix=0 utc=0 tx_fw=none rx_fw=unknown
PHASE_GUARD 500
PHASE_START 51 LF-FLRC-650-255 pktSize=255
SYNC_NOT_FOUND first4=F49E79A7
SYNC_NOT_FOUND first4=3E6620A0
2026-07-26T11:52:21.537936+00:00 TIME_SYNCED utc=1785066740 offset=1785062475
SYNC_NOT_FOUND first4=CDA96C17
2026-07-26T11:52:22.549074+00:00 PHASE_RESULT 51 LF-FLRC-650-255 pktSize=255 rx=0 unique=0 lost=100 per=100.0 rssi_avg=0 rssi_min=0 crc_err=0 garbage=3 tx_lat=0.00000 tx_lon=0.00000 sats=0 fix=0 utc=0 tx_fw=none rx_fw=unknown
PHASE_GUARD 500
PHASE_START 52 LF-FLRC-325-32 pktSize=32
2026-07-26T11:52:24.612203+00:00 PHASE_RESULT 52 LF-FLRC-325-32 pktSize=32 rx=0 unique=0 lost=100 per=100.0 rssi_avg=0 rssi_min=0 crc_err=0 garbage=0 tx_lat=0.00000 tx_lon=0.00000 sats=0 fix=0 utc=0 tx_fw=none rx_fw=unknown
PHASE_GUARD 500
PHASE_START 53 LF-FLRC-325-64 pktSize=64
2026-07-26T11:52:26.675103+00:00 PHASE_RESULT 53 LF-FLRC-325-64 pktSize=64 rx=0 unique=0 lost=100 per=100.0 rssi_avg=0 rssi_min=0 crc_err=0 garbage=0 tx_lat=0.00000 tx_lon=0.00000 sats=0 fix=0 utc=0 tx_fw=none rx_fw=unknown
PHASE_GUARD 500
PHASE_START 54 LF-FLRC-325-128 pktSize=128
TIME_SYNCED utc=1785066746 offset=1785062475
2026-07-26T11:52:28.730035+00:00 PHASE_RESULT 54 LF-FLRC-325-128 pktSize=128 rx=0 unique=0 lost=100 per=100.0 rssi_avg=0 rssi_min=0 crc_err=0 garbage=0 tx_lat=0.00000 tx_lon=0.00000 sats=0 fix=0 utc=0 tx_fw=none rx_fw=unknown
PHASE_GUARD 500
PHASE_START 55 LF-FLRC-325-255 pktSize=255
SYNC_NOT_FOUND first4=FE67A01E
SYNC_NOT_FOUND first4=F852F7BA
2026-07-26T11:52:29.740189+00:00 PHASE_RESULT 55 LF-FLRC-325-255 pktSize=255 rx=0 unique=0 lost=100 per=100.0 rssi_avg=0 rssi_min=0 crc_err=0 garbage=2 tx_lat=0.00000 tx_lon=0.00000 sats=0 fix=0 utc=0 tx_fw=none rx_fw=unknown
PHASE_GUARD 500
2026-07-26T11:52:30.752295+00:00 LORA_CFG path=1 bw=0x0F sf=7
PHASE_START 0 HF-LoRa-SF7-32 pktSize=32
2026-07-26T11:52:31.769671+00:00 TIME_SYNCED utc=1785066750 offset=1785062474
2026-07-26T11:52:32.783260+00:00 PHASE_RESULT 0 HF-LoRa-SF7-32 pktSize=32 rx=0 unique=0 lost=20 per=100.0 rssi_avg=0 rssi_min=0 crc_err=0 garbage=0 tx_lat=0.00000 tx_lon=0.00000 sats=0 fix=0 utc=0 tx_fw=none rx_fw=unknown
PHASE_GUARD 500
2026-07-26T11:52:33.794234+00:00 LORA_CFG path=1 bw=0x0F sf=7
PHASE_START 1 HF-LoRa-SF7-64 pktSize=64
2026-07-26T11:52:34.797637+00:00 PHASE_RESULT 1 HF-LoRa-SF7-64 pktSize=64 rx=0 unique=0 lost=20 per=100.0 rssi_avg=0 rssi_min=0 crc_err=0 garbage=0 tx_lat=0.00000 tx_lon=0.00000 sats=0 fix=0 utc=0 tx_fw=none rx_fw=unknown
PHASE_GUARD 500
LORA_CFG path=1 bw=0x0F sf=7
2026-07-26T11:52:35.808905+00:00 PHASE_START 2 HF-LoRa-SF7-128 pktSize=128
2026-07-26T11:52:36.825488+00:00 TIME_SYNCED utc=1785066756 offset=1785062475
PHASE_RESULT 2 HF-LoRa-SF7-128 pktSize=128 rx=0 unique=0 lost=20 per=100.0 rssi_avg=0 rssi_min=0 crc_err=0 garbage=0 tx_lat=0.00000 tx_lon=0.00000 sats=0 fix=0 utc=0 tx_fw=none rx_fw=unknown
PHASE_GUARD 500
LORA_CFG path=1 bw=0x0F sf=7
PHASE_START 3 HF-LoRa-SF7-255 pktSize=255
2026-07-26T11:52:38.888928+00:00 PHASE_RESULT 3 HF-LoRa-SF7-255 pktSize=255 rx=0 unique=0 lost=20 per=100.0 rssi_avg=0 rssi_min=0 crc_err=0 garbage=0 tx_lat=0.00000 tx_lon=0.00000 sats=0 fix=0 utc=0 tx_fw=none rx_fw=unknown
PHASE_GUARD 500
LORA_CFG path=1 bw=0x0F sf=9
PHASE_START 4 HF-LoRa-SF9-32 pktSize=32
2026-07-26T11:52:40.951486+00:00 PHASE_RESULT 4 HF-LoRa-SF9-32 pktSize=32 rx=0 unique=0 lost=20 per=100.0 rssi_avg=0 rssi_min=0 crc_err=0 garbage=0 tx_lat=0.00000 tx_lon=0.00000 sats=0 fix=0 utc=0 tx_fw=none rx_fw=unknown
PHASE_GUARD 500
LORA_CFG path=1 bw=0x0F sf=9
PHASE_START 5 HF-LoRa-SF9-64 pktSize=64
2026-07-26T11:52:41.965301+00:00 TIME_SYNCED utc=1785066760 offset=1785062474
PHASE_RESULT 5 HF-LoRa-SF9-64 pktSize=64 rx=0 unique=0 lost=20 per=100.0 rssi_avg=0 rssi_min=0 crc_err=0 garbage=0 tx_lat=0.00000 tx_lon=0.00000 sats=0 fix=0 utc=0 tx_fw=none rx_fw=unknown
PHASE_GUARD 500
LORA_CFG path=1 bw=0x0F sf=9
PHASE_START 4 HF-LoRa-SF9-32 pktSize=32
PHASE_RESULT 4 HF-LoRa-SF9-32 pktSize=32 rx=0 unique=0 lost=20 per=100.0 rssi_avg=0 rssi_min=0 crc_err=0 garbage=0 tx_lat=0.00000 tx_lon=0.00000 sats=0 fix=0 utc=0 tx_fw=none rx_fw=unknown
PHASE_GUARD 500
LORA_CFG path=1 bw=0x0F sf=9
PHASE_START 5 HF-LoRa-SF9-64 pktSize=64
2026-07-26T11:52:45.080318+00:00 PHASE_RESULT 5 HF-LoRa-SF9-64 pktSize=64 rx=0 unique=0 lost=20 per=100.0 rssi_avg=0 rssi_min=0 crc_err=0 garbage=0 tx_lat=0.00000 tx_lon=0.00000 sats=0 fix=0 utc=0 tx_fw=none rx_fw=unknown
PHASE_GUARD 500
LORA_CFG path=1 bw=0x0F sf=9
PHASE_START 6 HF-LoRa-SF9-128 pktSize=128
2026-07-26T11:52:47.144191+00:00 TIME_SYNCED utc=1785066766 offset=1785062475
2026-07-26T11:52:48.160857+00:00 PHASE_RESULT 6 HF-LoRa-SF9-128 pktSize=128 rx=0 unique=0 lost=13 per=100.0 rssi_avg=0 rssi_min=0 crc_err=0 garbage=0 tx_lat=0.00000 tx_lon=0.00000 sats=0 fix=0 utc=0 tx_fw=none rx_fw=unknown
PHASE_GUARD 500
LORA_CFG path=1 bw=0x0F sf=9
PHASE_START 7 HF-LoRa-SF9-255 pktSize=255
2026-07-26T11:52:51.274881+00:00 PHASE_RESULT 7 HF-LoRa-SF9-255 pktSize=255 rx=0 unique=0 lost=6 per=100.0 rssi_avg=0 rssi_min=0 crc_err=0 garbage=0 tx_lat=0.00000 tx_lon=0.00000 sats=0 fix=0 utc=0 tx_fw=none rx_fw=unknown
PHASE_GUARD 500
LORA_CFG path=1 bw=0x0F sf=12
PHASE_START 8 HF-LoRa-SF12-32 pktSize=32
2026-07-26T11:52:52.291235+00:00 TIME_SYNCED utc=1785066771 offset=1785062475
2026-07-26T11:52:54.354955+00:00 PHASE_RESULT 8 HF-LoRa-SF12-32 pktSize=32 rx=0 unique=0 lost=2 per=100.0 rssi_avg=0 rssi_min=0 crc_err=0 garbage=0 tx_lat=0.00000 tx_lon=0.00000 sats=0 fix=0 utc=0 tx_fw=none rx_fw=unknown
PHASE_GUARD 500
LORA_CFG path=1 bw=0x0F sf=12
PHASE_START 9 HF-LoRa-SF12-64 pktSize=64
2026-07-26T11:52:57.469247+00:00 TIME_SYNCED utc=1785066776 offset=1785062475
PHASE_RESULT 9 HF-LoRa-SF12-64 pktSize=64 rx=0 unique=0 lost=1 per=100.0 rssi_avg=0 rssi_min=0 crc_err=0 garbage=0 tx_lat=0.00000 tx_lon=0.00000 sats=0 fix=0 utc=0 tx_fw=none rx_fw=unknown
PHASE_GUARD 500
LORA_CFG path=1 bw=0x0F sf=12
PHASE_START 10 HF-LoRa-SF12-128 pktSize=128
2026-07-26T11:53:02.693115+00:00 TIME_SYNCED utc=1785066781 offset=1785062475
PHASE_RESULT 10 HF-LoRa-SF12-128 pktSize=128 rx=0 unique=0 lost=1 per=100.0 rssi_avg=0 rssi_min=0 crc_err=0 garbage=0 tx_lat=0.00000 tx_lon=0.00000 sats=0 fix=0 utc=0 tx_fw=none rx_fw=unknown
PHASE_GUARD 500
LORA_CFG path=1 bw=0x0F sf=12
PHASE_START 11 HF-LoRa-SF12-255 pktSize=255
2026-07-26T11:53:06.852288+00:00 TIME_SYNCED utc=1785066786 offset=1785062475
2026-07-26T11:53:12.072128+00:00 PHASE_RESULT 11 HF-LoRa-SF12-255 pktSize=255 rx=0 unique=0 lost=1 per=100.0 rssi_avg=0 rssi_min=0 crc_err=0 garbage=0 tx_lat=0.00000 tx_lon=0.00000 sats=0 fix=0 utc=0 tx_fw=none rx_fw=unknown
PHASE_GUARD 500
PHASE_START 12 HF-FLRC-2600-32 pktSize=32
SYNC_NOT_FOUND first4=C0042F85
SYNC_NOT_FOUND first4=09AA4459
SYNC_NOT_FOUND first4=A13906C3
SYNC_NOT_FOUND first4=3545CA04
2026-07-26T11:53:13.085941+00:00 SYNC_NOT_FOUND first4=EB8EFF70
TIME_SYNCED utc=1785066792 offset=1785062475
SYNC_NOT_FOUND first4=9C8BD470
SYNC_NOT_FOUND first4=81406512
SYNC_NOT_FOUND first4=46528EF0
SYNC_NOT_FOUND first4=22890D97
SYNC_NOT_FOUND first4=C8660F14
SYNC_NOT_FOUND first4=9C069D9A
SYNC_NOT_FOUND first4=1BCF7840
SYNC_NOT_FOUND first4=4313E3B3
SYNC_NOT_FOUND first4=54C122EC
SYNC_NOT_FOUND first4=05A40533
SYNC_NOT_FOUND first4=EEF108D0
SYNC_NOT_FOUND first4=FCCC1D22
2026-07-26T11:53:14.097845+00:00 SYNC_NOT_FOUND first4=E09F50EE
SYNC_NOT_FOUND first4=5BF54A0C
SYNC_NOT_FOUND first4=4E40F815
SYNC_NOT_FOUND first4=AD7C246E
SYNC_NOT_FOUND first4=0DD8C284
SYNC_NOT_FOUND first4=6CB08088
PHASE_RESULT 12 HF-FLRC-2600-32 pktSize=32 rx=0 unique=0 lost=100 per=100.0 rssi_avg=0 rssi_min=0 crc_err=0 garbage=23 tx_lat=0.00000 tx_lon=0.00000 sats=0 fix=0 utc=0 tx_fw=none rx_fw=unknown
PHASE_GUARD 500
PHASE_START 13 HF-FLRC-2600-64 pktSize=64
SYNC_NOT_FOUND first4=7E3A3BC6
SYNC_NOT_FOUND first4=9E9347C1
2026-07-26T11:53:15.109276+00:00 SYNC_NOT_FOUND first4=26C80948
SYNC_NOT_FOUND first4=C64D9271
2026-07-26T11:53:16.120516+00:00 SYNC_NOT_FOUND first4=A8A60104
SYNC_NOT_FOUND first4=B82F12A7
PHASE_RESULT 13 HF-FLRC-2600-64 pktSize=64 rx=0 unique=0 lost=100 per=100.0 rssi_avg=0 rssi_min=0 crc_err=0 garbage=6 tx_lat=0.00000 tx_lon=0.00000 sats=0 fix=0 utc=0 tx_fw=none rx_fw=unknown
PHASE_GUARD 500
PHASE_START 14 HF-FLRC-2600-128 pktSize=128
SYNC_NOT_FOUND first4=E835ADCD
SYNC_NOT_FOUND first4=2115BAB5
SYNC_NOT_FOUND first4=3EA495C2
2026-07-26T11:53:17.131711+00:00 SYNC_NOT_FOUND first4=35E12623
SYNC_NOT_FOUND first4=DFCDDDD7
SYNC_NOT_FOUND first4=C69388A1
TIME_SYNCED utc=1785066796 offset=1785062475
SYNC_NOT_FOUND first4=B93773ED
SYNC_NOT_FOUND first4=D1583E98
SYNC_NOT_FOUND first4=386C4A48
2026-07-26T11:53:18.146233+00:00 SYNC_NOT_FOUND first4=75644AE4
SYNC_NOT_FOUND first4=71BD8029
SYNC_NOT_FOUND first4=8F285228
PHASE_RESULT 14 HF-FLRC-2600-128 pktSize=128 rx=0 unique=0 lost=100 per=100.0 rssi_avg=0 rssi_min=0 crc_err=0 garbage=12 tx_lat=0.00000 tx_lon=0.00000 sats=0 fix=0 utc=0 tx_fw=none rx_fw=unknown
PHASE_GUARD 500
PHASE_START 15 HF-FLRC-2600-255 pktSize=255
2026-07-26T11:53:19.161962+00:00 SYNC_NOT_FOUND first4=AADB9C15
SYNC_NOT_FOUND first4=EB7BB826
SYNC_NOT_FOUND first4=DE90DA30
2026-07-26T11:53:20.177056+00:00 SYNC_NOT_FOUND first4=6C0F2385
SYNC_NOT_FOUND first4=7FC6F0CC
SYNC_NOT_FOUND first4=997C2995
SYNC_NOT_FOUND first4=CD874158
SYNC_NOT_FOUND first4=851C2A39
SYNC_NOT_FOUND first4=99B312DE
SYNC_NOT_FOUND first4=E193C582
PHASE_RESULT 15 HF-FLRC-2600-255 pktSize=255 rx=0 unique=0 lost=100 per=100.0 rssi_avg=0 rssi_min=0 crc_err=0 garbage=10 tx_lat=0.00000 tx_lon=0.00000 sats=0 fix=0 utc=0 tx_fw=none rx_fw=unknown
PHASE_GUARD 500
PHASE_START 16 HF-FLRC-1300-32 pktSize=32
SYNC_NOT_FOUND first4=8169977F
SYNC_NOT_FOUND first4=90048E69
SYNC_NOT_FOUND first4=93329620
2026-07-26T11:53:21.179573+00:00 SYNC_NOT_FOUND first4=8CC4663A
SYNC_NOT_FOUND first4=29A11402
SYNC_NOT_FOUND first4=6AD2C616
SYNC_NOT_FOUND first4=68C8F5E4
2026-07-26T11:53:22.190810+00:00 SYNC_NOT_FOUND first4=F3536495
SYNC_NOT_FOUND first4=5C8564F5
PHASE_RESULT 16 HF-FLRC-1300-32 pktSize=32 rx=0 unique=0 lost=100 per=100.0 rssi_avg=0 rssi_min=0 crc_err=0 garbage=9 tx_lat=0.00000 tx_lon=0.00000 sats=0 fix=0 utc=0 tx_fw=none rx_fw=unknown
PHASE_GUARD 500
PHASE_START 17 HF-FLRC-1300-64 pktSize=64
SYNC_NOT_FOUND first4=0A853FB3
2026-07-26T11:53:23.202940+00:00 TIME_SYNCED utc=1785066802 offset=1785062475
SYNC_NOT_FOUND first4=9046433F
SYNC_NOT_FOUND first4=35596A75
SYNC_NOT_FOUND first4=D63AB6E3
SYNC_NOT_FOUND first4=7348FA57
2026-07-26T11:53:24.214738+00:00 SYNC_NOT_FOUND first4=BB9DEB87
SYNC_NOT_FOUND first4=A4EFF01A
SYNC_NOT_FOUND first4=7EF6532B
PHASE_RESULT 17 HF-FLRC-1300-64 pktSize=64 rx=0 unique=0 lost=100 per=100.0 rssi_avg=0 rssi_min=0 crc_err=0 garbage=8 tx_lat=0.00000 tx_lon=0.00000 sats=0 fix=0 utc=0 tx_fw=none rx_fw=unknown
PHASE_GUARD 500
PHASE_START 18 HF-FLRC-1300-128 pktSize=128
SYNC_NOT_FOUND first4=7F3B8BE8
2026-07-26T11:53:26.277491+00:00 SYNC_NOT_FOUND first4=1DBB49B4
PHASE_RESULT 18 HF-FLRC-1300-128 pktSize=128 rx=0 unique=0 lost=100 per=100.0 rssi_avg=0 rssi_min=0 crc_err=0 garbage=2 tx_lat=0.00000 tx_lon=0.00000 sats=0 fix=0 utc=0 tx_fw=none rx_fw=unknown
PHASE_GUARD 500
PHASE_START 19 HF-FLRC-1300-255 pktSize=255
SYNC_NOT_FOUND first4=99AE782A
2026-07-26T11:53:27.288886+00:00 TIME_SYNCED utc=1785066806 offset=1785062475
SYNC_NOT_FOUND first4=A45E15CF
SYNC_NOT_FOUND first4=6810843B
SYNC_NOT_FOUND first4=B9751C88
2026-07-26T11:53:28.292599+00:00 SYNC_NOT_FOUND first4=58695206
PHASE_RESULT 19 HF-FLRC-1300-255 pktSize=255 rx=0 unique=0 lost=100 per=100.0 rssi_avg=0 rssi_min=0 crc_err=0 garbage=5 tx_lat=0.00000 tx_lon=0.00000 sats=0 fix=0 utc=0 tx_fw=none rx_fw=unknown
PHASE_GUARD 500
PHASE_START 20 HF-FLRC-650-32 pktSize=32
SYNC_NOT_FOUND first4=07B59874
SYNC_NOT_FOUND first4=10A0C613
SYNC_NOT_FOUND first4=D5FC3A10
SYNC_NOT_FOUND first4=FC4A47C5
SYNC_NOT_FOUND first4=847304DB
SYNC_NOT_FOUND first4=60AA6089
SYNC_NOT_FOUND first4=7CD49A29
SYNC_NOT_FOUND first4=927203AB
SYNC_NOT_FOUND first4=A77468FB
SYNC_NOT_FOUND first4=289E1EA1
SYNC_NOT_FOUND first4=71464C84
2026-07-26T11:53:29.304707+00:00 SYNC_NOT_FOUND first4=A46B0133
SYNC_NOT_FOUND first4=2A34EBA2
SYNC_NOT_FOUND first4=2512FE41
SYNC_NOT_FOUND first4=0E822C39
SYNC_NOT_FOUND first4=9F0DDB24
SYNC_NOT_FOUND first4=7DD937A7
SYNC_NOT_FOUND first4=58239C75
SYNC_NOT_FOUND first4=B903039C
SYNC_NOT_FOUND first4=9E4D56A5
SYNC_NOT_FOUND first4=DA80D102
SYNC_NOT_FOUND first4=9A55D0CD
SYNC_NOT_FOUND first4=511BD916
SYNC_NOT_FOUND first4=0C008731
SYNC_NOT_FOUND first4=2B15A0D4
SYNC_NOT_FOUND first4=1BCAD5BF
SYNC_NOT_FOUND first4=23442984
SYNC_NOT_FOUND first4=D6885FB8
2026-07-26T11:53:30.315817+00:00 SYNC_NOT_FOUND first4=E3B78BC6
SYNC_NOT_FOUND first4=BA08899B
SYNC_NOT_FOUND first4=4BD1E2EA
SYNC_NOT_FOUND first4=8A7207E3
SYNC_NOT_FOUND first4=A07211CF
SYNC_NOT_FOUND first4=3EF7AE36
SYNC_NOT_FOUND first4=01BA1B5B
SYNC_NOT_FOUND first4=178DFEB3
SYNC_NOT_FOUND first4=5F0D4B40
SYNC_NOT_FOUND first4=DC705B1C
SYNC_NOT_FOUND first4=1875C7B5
SYNC_NOT_FOUND first4=39ADEB81
PHASE_RESULT 20 HF-FLRC-650-32 pktSize=32 rx=0 unique=0 lost=100 per=100.0 rssi_avg=0 rssi_min=0 crc_err=0 garbage=40 tx_lat=0.00000 tx_lon=0.00000 sats=0 fix=0 utc=0 tx_fw=none rx_fw=unknown
PHASE_GUARD 500
PHASE_START 21 HF-FLRC-650-64 pktSize=64
SYNC_NOT_FOUND first4=3386084E
SYNC_NOT_FOUND first4=77D5D90C
SYNC_NOT_FOUND first4=9F9E4660
SYNC_NOT_FOUND first4=4704F034
SYNC_NOT_FOUND first4=0CEA7E27
SYNC_NOT_FOUND first4=E9DBDFB6
SYNC_NOT_FOUND first4=FA8D310B
SYNC_NOT_FOUND first4=C419A32B
SYNC_NOT_FOUND first4=35998654
2026-07-26T11:53:31.327042+00:00 SYNC_NOT_FOUND first4=B0B27B88
SYNC_NOT_FOUND first4=B413380F
SYNC_NOT_FOUND first4=06B1907A
SYNC_NOT_FOUND first4=63461C39
SYNC_NOT_FOUND first4=C5930D29
SYNC_NOT_FOUND first4=F056A42B
SYNC_NOT_FOUND first4=81137863
SYNC_NOT_FOUND first4=6525ADC8
SYNC_NOT_FOUND first4=AAA30BA6
SYNC_NOT_FOUND first4=15738A5A
SYNC_NOT_FOUND first4=305AC3BC
SYNC_NOT_FOUND first4=7225E59E
SYNC_NOT_FOUND first4=26A0B2C4
SYNC_NOT_FOUND first4=750167C7
SYNC_NOT_FOUND first4=8B845302
SYNC_NOT_FOUND first4=342B552A
SYNC_NOT_FOUND first4=FC4A3BFB
SYNC_NOT_FOUND first4=75431330
SYNC_NOT_FOUND first4=134002B1
SYNC_NOT_FOUND first4=F90CAD01
SYNC_NOT_FOUND first4=97803A74
2026-07-26T11:53:32.338079+00:00 SYNC_NOT_FOUND first4=A45BB793
SYNC_NOT_FOUND first4=602B68BF
SYNC_NOT_FOUND first4=1FF513F7
SYNC_NOT_FOUND first4=7ACF78A6
SYNC_NOT_FOUND first4=47264663
SYNC_NOT_FOUND first4=89326FD8
SYNC_NOT_FOUND first4=52EA7F4A
SYNC_NOT_FOUND first4=4B70A1AA
SYNC_NOT_FOUND first4=A6F61513
PHASE_RESULT 21 HF-FLRC-650-64 pktSize=64 rx=0 unique=0 lost=100 per=100.0 rssi_avg=0 rssi_min=0 crc_err=0 garbage=39 tx_lat=0.00000 tx_lon=0.00000 sats=0 fix=0 utc=0 tx_fw=none rx_fw=unknown
PHASE_GUARD 500
PHASE_START 22 HF-FLRC-650-128 pktSize=128
SYNC_NOT_FOUND first4=CB913BEB
SYNC_NOT_FOUND first4=64C8BD88
SYNC_NOT_FOUND first4=CFE5E205
SYNC_NOT_FOUND first4=C406A2F4
SYNC_NOT_FOUND first4=E636D7BF
SYNC_NOT_FOUND first4=C78A0A07
SYNC_NOT_FOUND first4=B8A05FE6
SYNC_NOT_FOUND first4=A943A6C5
SYNC_NOT_FOUND first4=E6DBF09A
SYNC_NOT_FOUND first4=77049500
SYNC_NOT_FOUND first4=81DED9F6
SYNC_NOT_FOUND first4=E8F24571
SYNC_NOT_FOUND first4=A53F7643
SYNC_NOT_FOUND first4=1457F3D9
SYNC_NOT_FOUND first4=AA72BC39
SYNC_NOT_FOUND first4=23954841
SYNC_NOT_FOUND first4=5F4F7A6A
SYNC_NOT_FOUND first4=764C4678
SYNC_NOT_FOUND first4=59A5410B
2026-07-26T11:53:33.350297+00:00 TIME_SYNCED utc=1785066812 offset=1785062475
SYNC_NOT_FOUND first4=8E446E32
SYNC_NOT_FOUND first4=FC84522F
SYNC_NOT_FOUND first4=CF560B3B
SYNC_NOT_FOUND first4=A80D6189
SYNC_NOT_FOUND first4=486E37E6
SYNC_NOT_FOUND first4=78D02FCF
SYNC_NOT_FOUND first4=1544690F
SYNC_NOT_FOUND first4=4190A975
SYNC_NOT_FOUND first4=7A40CDE5
SYNC_NOT_FOUND first4=86F3496E
SYNC_NOT_FOUND first4=B6058C83
SYNC_NOT_FOUND first4=43B0D776
SYNC_NOT_FOUND first4=8DA227AB
SYNC_NOT_FOUND first4=21ED00B6
SYNC_NOT_FOUND first4=5AD34262
SYNC_NOT_FOUND first4=1BC9C47A
SYNC_NOT_FOUND first4=74883007
SYNC_NOT_FOUND first4=B2CE4683
2026-07-26T11:53:34.361978+00:00 SYNC_NOT_FOUND first4=1D7E44FC
SYNC_NOT_FOUND first4=4B6BC50F
SYNC_NOT_FOUND first4=9DF5DA81
SYNC_NOT_FOUND first4=9BBF185F
SYNC_NOT_FOUND first4=0DADCABF
SYNC_NOT_FOUND first4=CB18648D
SYNC_NOT_FOUND first4=F3A77DB8
SYNC_NOT_FOUND first4=2967E4B6
SYNC_NOT_FOUND first4=0D950149
SYNC_NOT_FOUND first4=98633678
SYNC_NOT_FOUND first4=4C5CCFDB
PHASE_RESULT 22 HF-FLRC-650-128 pktSize=128 rx=0 unique=0 lost=100 per=100.0 rssi_avg=0 rssi_min=0 crc_err=0 garbage=48 tx_lat=0.00000 tx_lon=0.00000 sats=0 fix=0 utc=0 tx_fw=none rx_fw=unknown
PHASE_GUARD 500
PHASE_START 23 HF-FLRC-650-255 pktSize=255
SYNC_NOT_FOUND first4=281611B9
SYNC_NOT_FOUND first4=1E284338
SYNC_NOT_FOUND first4=98395CAC
SYNC_NOT_FOUND first4=26CF91DB
SYNC_NOT_FOUND first4=DEE01B31
SYNC_NOT_FOUND first4=59A639FB
SYNC_NOT_FOUND first4=432975F9
SYNC_NOT_FOUND first4=4E4DD220
SYNC_NOT_FOUND first4=A1355463
SYNC_NOT_FOUND first4=9AE08990
SYNC_NOT_FOUND first4=F88BF86F
SYNC_NOT_FOUND first4=8802BFA0
2026-07-26T11:53:35.365488+00:00 SYNC_NOT_FOUND first4=0A3EF220
SYNC_NOT_FOUND first4=9DA73552
SYNC_NOT_FOUND first4=8F7DF968
SYNC_NOT_FOUND first4=CB2D22B2
SYNC_NOT_FOUND first4=BD7FC118
SYNC_NOT_FOUND first4=32D9C0A0
SYNC_NOT_FOUND first4=6D89480E
SYNC_NOT_FOUND first4=326B906A
SYNC_NOT_FOUND first4=64322A3E
SYNC_NOT_FOUND first4=6717997C
SYNC_NOT_FOUND first4=E9177CBA
SYNC_NOT_FOUND first4=FA4E3D26
SYNC_NOT_FOUND first4=91C34BF7
SYNC_NOT_FOUND first4=F94D7032
SYNC_NOT_FOUND first4=8E203E43
SYNC_NOT_FOUND first4=74CB3FF1
2026-07-26T11:53:36.377033+00:00 SYNC_NOT_FOUND first4=C11A0F26
SYNC_NOT_FOUND first4=8DD1F1B4
SYNC_NOT_FOUND first4=535F76C4
SYNC_NOT_FOUND first4=9F79417F
SYNC_NOT_FOUND first4=81A50FAF
SYNC_NOT_FOUND first4=B99EE677
PHASE_RESULT 23 HF-FLRC-650-255 pktSize=255 rx=0 unique=0 lost=100 per=100.0 rssi_avg=0 rssi_min=0 crc_err=0 garbage=34 tx_lat=0.00000 tx_lon=0.00000 sats=0 fix=0 utc=0 tx_fw=none rx_fw=unknown
PHASE_GUARD 500
PHASE_START 24 HF-FLRC-325-32 pktSize=32
SYNC_NOT_FOUND first4=8E900B62
2026-07-26T11:53:37.388230+00:00 TIME_SYNCED utc=1785066816 offset=1785062475
SYNC_NOT_FOUND first4=B324B4C8
SYNC_NOT_FOUND first4=43782077
SYNC_NOT_FOUND first4=7B5B8C9B
SYNC_NOT_FOUND first4=A2BA6663
SYNC_NOT_FOUND first4=066C4B41
SYNC_NOT_FOUND first4=2006523E
2026-07-26T11:53:38.400135+00:00 SYNC_NOT_FOUND first4=CE39931C
SYNC_NOT_FOUND first4=5F9FCC36
SYNC_NOT_FOUND first4=2D0D13F0
PHASE_RESULT 24 HF-FLRC-325-32 pktSize=32 rx=0 unique=0 lost=100 per=100.0 rssi_avg=0 rssi_min=0 crc_err=0 garbage=10 tx_lat=0.00000 tx_lon=0.00000 sats=0 fix=0 utc=0 tx_fw=none rx_fw=unknown
PHASE_GUARD 500
PHASE_START 25 HF-FLRC-325-64 pktSize=64
SYNC_NOT_FOUND first4=5BBF1241
2026-07-26T11:53:39.411629+00:00 SYNC_NOT_FOUND first4=BCA0E10A
SYNC_NOT_FOUND first4=DBA2CD75
SYNC_NOT_FOUND first4=50043CA3
2026-07-26T11:53:40.423202+00:00 SYNC_NOT_FOUND first4=5BA1F9A5
PHASE_RESULT 25 HF-FLRC-325-64 pktSize=64 rx=0 unique=0 lost=100 per=100.0 rssi_avg=0 rssi_min=0 crc_err=0 garbage=5 tx_lat=0.00000 tx_lon=0.00000 sats=0 fix=0 utc=0 tx_fw=none rx_fw=unknown
PHASE_GUARD 500
PHASE_START 26 HF-FLRC-325-128 pktSize=128
SYNC_NOT_FOUND first4=F274E374
SYNC_NOT_FOUND first4=D82CB5DB
2026-07-26T11:53:41.434091+00:00 SYNC_NOT_FOUND first4=09F7C0D4
SYNC_NOT_FOUND first4=1E73983D
SYNC_NOT_FOUND first4=F9EBB79E
2026-07-26T11:53:42.445653+00:00 PHASE_RESULT 26 HF-FLRC-325-128 pktSize=128 rx=0 unique=0 lost=100 per=100.0 rssi_avg=0 rssi_min=0 crc_err=0 garbage=5 tx_lat=0.00000 tx_lon=0.00000 sats=0 fix=0 utc=0 tx_fw=none rx_fw=unknown
PHASE_GUARD 500
PHASE_START 27 HF-FLRC-325-255 pktSize=255
SYNC_NOT_FOUND first4=B5D74C72
SYNC_NOT_FOUND first4=352B5B19
2026-07-26T11:53:43.458006+00:00 TIME_SYNCED utc=1785066822 offset=1785062475
SYNC_NOT_FOUND first4=C60937DD
SYNC_NOT_FOUND first4=15020287
SYNC_NOT_FOUND first4=5EC39203
SYNC_NOT_FOUND first4=5C8C2D30
2026-07-26T11:53:44.469432+00:00 PHASE_RESULT 27 HF-FLRC-325-255 pktSize=255 rx=0 unique=0 lost=100 per=100.0 rssi_avg=0 rssi_min=0 crc_err=0 garbage=6 tx_lat=0.00000 tx_lon=0.00000 sats=0 fix=0 utc=0 tx_fw=none rx_fw=unknown
PHASE_GUARD 500
LORA_CFG path=0 bw=0x05 sf=7
PHASE_START 28 LF-LoRa-SF7-32 pktSize=32
2026-07-26T11:53:46.531744+00:00 PHASE_RESULT 28 LF-LoRa-SF7-32 pktSize=32 rx=0 unique=0 lost=20 per=100.0 rssi_avg=0 rssi_min=0 crc_err=0 garbage=0 tx_lat=0.00000 tx_lon=0.00000 sats=0 fix=0 utc=0 tx_fw=none rx_fw=unknown
PHASE_GUARD 500
LORA_CFG path=0 bw=0x05 sf=7
PHASE_START 29 LF-LoRa-SF7-64 pktSize=64
TIME_SYNCED utc=1785066826 offset=1785062475
2026-07-26T11:53:49.645351+00:00 PHASE_RESULT 29 LF-LoRa-SF7-64 pktSize=64 rx=0 unique=0 lost=20 per=100.0 rssi_avg=0 rssi_min=0 crc_err=0 garbage=0 tx_lat=0.00000 tx_lon=0.00000 sats=0 fix=0 utc=0 tx_fw=none rx_fw=unknown
PHASE_GUARD 500
LORA_CFG path=0 bw=0x05 sf=7
PHASE_START 30 LF-LoRa-SF7-128 pktSize=128
2026-07-26T11:53:52.758749+00:00 PHASE_RESULT 30 LF-LoRa-SF7-128 pktSize=128 rx=0 unique=0 lost=13 per=100.0 rssi_avg=0 rssi_min=0 crc_err=0 garbage=0 tx_lat=0.00000 tx_lon=0.00000 sats=0 fix=0 utc=0 tx_fw=none rx_fw=unknown
PHASE_GUARD 500
2026-07-26T11:53:53.770685+00:00 LORA_CFG path=0 bw=0x05 sf=7
PHASE_START 31 LF-LoRa-SF7-255 pktSize=255
TIME_SYNCED utc=1785066832 offset=1785062474
PHASE_RESULT 31 LF-LoRa-SF7-255 pktSize=255 rx=0 unique=0 lost=7 per=100.0 rssi_avg=0 rssi_min=0 crc_err=0 garbage=0 tx_lat=0.00000 tx_lon=0.00000 sats=0 fix=0 utc=0 tx_fw=none rx_fw=unknown
PHASE_GUARD 500
LORA_CFG path=0 bw=0x05 sf=7
PHASE_START 30 LF-LoRa-SF7-128 pktSize=128
PHASE_RESULT 30 LF-LoRa-SF7-128 pktSize=128 rx=0 unique=0 lost=13 per=100.0 rssi_avg=0 rssi_min=0 crc_err=0 garbage=0 tx_lat=0.00000 tx_lon=0.00000 sats=0 fix=0 utc=0 tx_fw=none rx_fw=unknown
PHASE_GUARD 500
2026-07-26T11:53:54.782351+00:00 LORA_CFG path=0 bw=0x05 sf=7
PHASE_START 31 LF-LoRa-SF7-255 pktSize=255
2026-07-26T11:53:56.844829+00:00 TIME_SYNCED utc=1785066836 offset=1785062475
PHASE_RESULT 31 LF-LoRa-SF7-255 pktSize=255 rx=0 unique=0 lost=7 per=100.0 rssi_avg=0 rssi_min=0 crc_err=0 garbage=0 tx_lat=0.00000 tx_lon=0.00000 sats=0 fix=0 utc=0 tx_fw=none rx_fw=unknown
PHASE_GUARD 500
LORA_CFG path=0 bw=0x05 sf=9
2026-07-26T11:53:57.850313+00:00 PHASE_START 32 LF-LoRa-SF9-32 pktSize=32
2026-07-26T11:54:00.971965+00:00 PHASE_RESULT 32 LF-LoRa-SF9-32 pktSize=32 rx=0 unique=0 lost=7 per=100.0 rssi_avg=0 rssi_min=0 crc_err=0 garbage=0 tx_lat=0.00000 tx_lon=0.00000 sats=0 fix=0 utc=0 tx_fw=none rx_fw=unknown
PHASE_GUARD 500
LORA_CFG path=0 bw=0x05 sf=9
PHASE_START 33 LF-LoRa-SF9-64 pktSize=64
2026-07-26T11:54:04.079933+00:00 TIME_SYNCED utc=1785066843 offset=1785062475
PHASE_RESULT 33 LF-LoRa-SF9-64 pktSize=64 rx=0 unique=0 lost=3 per=100.0 rssi_avg=0 rssi_min=0 crc_err=0 garbage=0 tx_lat=0.00000 tx_lon=0.00000 sats=0 fix=0 utc=0 tx_fw=none rx_fw=unknown
PHASE_GUARD 500
LORA_CFG path=0 bw=0x05 sf=9
PHASE_START 34 LF-LoRa-SF9-128 pktSize=128
2026-07-26T11:54:06.147967+00:00 PHASE_RESULT 34 LF-LoRa-SF9-128 pktSize=128 rx=0 unique=0 lost=1 per=100.0 rssi_avg=0 rssi_min=0 crc_err=0 garbage=0 tx_lat=0.00000 tx_lon=0.00000 sats=0 fix=0 utc=0 tx_fw=none rx_fw=unknown
PHASE_GUARD 500
LORA_CFG path=0 bw=0x05 sf=9
PHASE_START 35 LF-LoRa-SF9-255 pktSize=255
2026-07-26T11:54:07.159245+00:00 TIME_SYNCED utc=1785066846 offset=1785062475
2026-07-26T11:54:10.278335+00:00 PHASE_RESULT 35 LF-LoRa-SF9-255 pktSize=255 rx=0 unique=0 lost=1 per=100.0 rssi_avg=0 rssi_min=0 crc_err=0 garbage=0 tx_lat=0.00000 tx_lon=0.00000 sats=0 fix=0 utc=0 tx_fw=none rx_fw=unknown
PHASE_GUARD 500
LORA_CFG path=0 bw=0x05 sf=12
PHASE_START 36 LF-LoRa-SF12-32 pktSize=32
2026-07-26T11:54:14.444727+00:00 TIME_SYNCED utc=1785066853 offset=1785062475
2026-07-26T11:54:17.565028+00:00 TIME_SYNCED utc=1785066856 offset=1785062475
2026-07-26T11:54:24.884240+00:00 TIME_SYNCED utc=1785066863 offset=1785062474
2026-07-26T11:54:25.887708+00:00 PHASE_RESULT 36 LF-LoRa-SF12-32 pktSize=32 rx=0 unique=0 lost=1 per=100.0 rssi_avg=0 rssi_min=0 crc_err=0 garbage=0 tx_lat=0.00000 tx_lon=0.00000 sats=0 fix=0 utc=0 tx_fw=none rx_fw=unknown
PHASE_GUARD 500
LORA_CFG path=0 bw=0x05 sf=12
PHASE_START 37 LF-LoRa-SF12-SKIP SKIP pktSize=64
2026-07-26T11:54:26.898595+00:00 TIME_SYNCED utc=1785066866 offset=1785062475
PHASE_RESULT 37 LF-LoRa-SF12-SKIP pktSize=64 rx=0 unique=0 lost=0 per=0.0 rssi_avg=0 rssi_min=0 crc_err=0 garbage=0 tx_lat=0.00000 tx_lon=0.00000 sats=0 fix=0 utc=0 tx_fw=none rx_fw=unknown
PHASE_GUARD 500
LORA_CFG path=0 bw=0x05 sf=12
PHASE_START 38 LF-LoRa-SF12-SKIP SKIP pktSize=128
PHASE_RESULT 38 LF-LoRa-SF12-SKIP pktSize=128 rx=0 unique=0 lost=0 per=0.0 rssi_avg=0 rssi_min=0 crc_err=0 garbage=0 tx_lat=0.00000 tx_lon=0.00000 sats=0 fix=0 utc=0 tx_fw=none rx_fw=unknown
PHASE_GUARD 500
LORA_CFG path=0 bw=0x05 sf=12
PHASE_START 39 LF-LoRa-SF12-SKIP SKIP pktSize=255
2026-07-26T11:54:27.902695+00:00 PHASE_RESULT 39 LF-LoRa-SF12-SKIP pktSize=255 rx=0 unique=0 lost=0 per=0.0 rssi_avg=0 rssi_min=0 crc_err=0 garbage=0 tx_lat=0.00000 tx_lon=0.00000 sats=0 fix=0 utc=0 tx_fw=none rx_fw=unknown
PHASE_GUARD 500
PHASE_START 40 LF-FLRC-2600-32 pktSize=32
2026-07-26T11:54:28.914658+00:00 SYNC_NOT_FOUND first4=B1DC7419
SYNC_NOT_FOUND first4=223A5957
2026-07-26T11:54:29.927821+00:00 PHASE_RESULT 40 LF-FLRC-2600-32 pktSize=32 rx=0 unique=0 lost=100 per=100.0 rssi_avg=0 rssi_min=0 crc_err=0 garbage=2 tx_lat=0.00000 tx_lon=0.00000 sats=0 fix=0 utc=0 tx_fw=none rx_fw=unknown
PHASE_GUARD 500
PHASE_START 41 LF-FLRC-2600-64 pktSize=64
SYNC_NOT_FOUND first4=2AB1A4BE
SYNC_NOT_FOUND first4=AB8FB1DC
2026-07-26T11:54:30.944883+00:00 SYNC_NOT_FOUND first4=8445E543
SYNC_NOT_FOUND first4=0233C294
2026-07-26T11:54:31.956106+00:00 PHASE_RESULT 41 LF-FLRC-2600-64 pktSize=64 rx=0 unique=0 lost=100 per=100.0 rssi_avg=0 rssi_min=0 crc_err=0 garbage=4 tx_lat=0.00000 tx_lon=0.00000 sats=0 fix=0 utc=0 tx_fw=none rx_fw=unknown
PHASE_GUARD 500
PHASE_START 42 LF-FLRC-2600-128 pktSize=128
2026-07-26T11:54:32.967439+00:00 SYNC_NOT_FOUND first4=9A35129F
SYNC_NOT_FOUND first4=A254F105
2026-07-26T11:54:33.980295+00:00 PHASE_RESULT 42 LF-FLRC-2600-128 pktSize=128 rx=0 unique=0 lost=100 per=100.0 rssi_avg=0 rssi_min=0 crc_err=0 garbage=2 tx_lat=0.00000 tx_lon=0.00000 sats=0 fix=0 utc=0 tx_fw=none rx_fw=unknown
PHASE_GUARD 500
PHASE_START 43 LF-FLRC-2600-255 pktSize=255
2026-07-26T11:54:34.996987+00:00 TIME_SYNCED utc=1785066873 offset=1785062474
PHASE_RESULT 43 LF-FLRC-2600-255 pktSize=255 rx=0 unique=0 lost=100 per=100.0 rssi_avg=0 rssi_min=0 crc_err=0 garbage=0 tx_lat=0.00000 tx_lon=0.00000 sats=0 fix=0 utc=0 tx_fw=none rx_fw=unknown
PHASE_GUARD 500
PHASE_START 42 LF-FLRC-2600-128 pktSize=128
SYNC_NOT_FOUND first4=197EF055
PHASE_RESULT 42 LF-FLRC-2600-128 pktSize=128 rx=0 unique=0 lost=100 per=100.0 rssi_avg=0 rssi_min=0 crc_err=0 garbage=1 tx_lat=0.00000 tx_lon=0.00000 sats=0 fix=0 utc=0 tx_fw=none rx_fw=unknown
PHASE_GUARD 500
PHASE_START 43 LF-FLRC-2600-255 pktSize=255
2026-07-26T11:54:36.021408+00:00 SYNC_NOT_FOUND first4=DE4A92BB
SYNC_NOT_FOUND first4=2F951289
SYNC_NOT_FOUND first4=4FFC588D
SYNC_NOT_FOUND first4=49C5DB6F
2026-07-26T11:54:37.032295+00:00 TIME_SYNCED utc=1785066876 offset=1785062475
PHASE_RESULT 43 LF-FLRC-2600-255 pktSize=255 rx=0 unique=0 lost=100 per=100.0 rssi_avg=0 rssi_min=0 crc_err=0 garbage=4 tx_lat=0.00000 tx_lon=0.00000 sats=0 fix=0 utc=0 tx_fw=none rx_fw=unknown
PHASE_GUARD 500
PHASE_START 44 LF-FLRC-1300-32 pktSize=32
2026-07-26T11:54:38.043734+00:00 PHASE_RESULT 44 LF-FLRC-1300-32 pktSize=32 rx=0 unique=0 lost=100 per=100.0 rssi_avg=0 rssi_min=0 crc_err=0 garbage=0 tx_lat=0.00000 tx_lon=0.00000 sats=0 fix=0 utc=0 tx_fw=none rx_fw=unknown
PHASE_GUARD 500
PHASE_START 45 LF-FLRC-1300-64 pktSize=64
2026-07-26T11:54:40.106233+00:00 PHASE_RESULT 45 LF-FLRC-1300-64 pktSize=64 rx=0 unique=0 lost=100 per=100.0 rssi_avg=0 rssi_min=0 crc_err=0 garbage=0 tx_lat=0.00000 tx_lon=0.00000 sats=0 fix=0 utc=0 tx_fw=none rx_fw=unknown
PHASE_GUARD 500
PHASE_START 46 LF-FLRC-1300-128 pktSize=128
SYNC_NOT_FOUND first4=394C3E69
2026-07-26T11:54:41.115015+00:00 SYNC_NOT_FOUND first4=12F4FFAC
2026-07-26T11:54:42.126200+00:00 PHASE_RESULT 46 LF-FLRC-1300-128 pktSize=128 rx=0 unique=0 lost=100 per=100.0 rssi_avg=0 rssi_min=0 crc_err=0 garbage=2 tx_lat=0.00000 tx_lon=0.00000 sats=0 fix=0 utc=0 tx_fw=none rx_fw=unknown
PHASE_GUARD 500
PHASE_START 47 LF-FLRC-1300-255 pktSize=255
2026-07-26T11:54:43.145172+00:00 SYNC_NOT_FOUND first4=FE017AA1
2026-07-26T11:54:44.167908+00:00 PHASE_RESULT 47 LF-FLRC-1300-255 pktSize=255 rx=0 unique=0 lost=100 per=100.0 rssi_avg=0 rssi_min=0 crc_err=0 garbage=1 tx_lat=0.00000 tx_lon=0.00000 sats=0 fix=0 utc=0 tx_fw=none rx_fw=unknown
PHASE_GUARD 500
PHASE_START 48 LF-FLRC-650-32 pktSize=32
SYNC_NOT_FOUND first4=CB0C02CE
2026-07-26T11:54:45.184455+00:00 TIME_SYNCED utc=1785066884 offset=1785062475
SYNC_NOT_FOUND first4=E8D1AC41
2026-07-26T11:54:46.193486+00:00 SYNC_NOT_FOUND first4=8165F4F7
SYNC_NOT_FOUND first4=94AB6D5F
PHASE_RESULT 48 LF-FLRC-650-32 pktSize=32 rx=0 unique=0 lost=100 per=100.0 rssi_avg=0 rssi_min=0 crc_err=0 garbage=4 tx_lat=0.00000 tx_lon=0.00000 sats=0 fix=0 utc=0 tx_fw=none rx_fw=unknown
PHASE_GUARD 500
PHASE_START 49 LF-FLRC-650-64 pktSize=64
2026-07-26T11:54:47.204725+00:00 TIME_SYNCED utc=1785066886 offset=1785062475
SYNC_NOT_FOUND first4=ABB487BF
SYNC_NOT_FOUND first4=6E8E8E8D
SYNC_NOT_FOUND first4=FCDE30D0
2026-07-26T11:54:48.216047+00:00 SYNC_NOT_FOUND first4=51E9B4AB
SYNC_NOT_FOUND first4=9514B546
PHASE_RESULT 49 LF-FLRC-650-64 pktSize=64 rx=0 unique=0 lost=100 per=100.0 rssi_avg=0 rssi_min=0 crc_err=0 garbage=5 tx_lat=0.00000 tx_lon=0.00000 sats=0 fix=0 utc=0 tx_fw=none rx_fw=unknown
PHASE_GUARD 500
PHASE_START 50 LF-FLRC-650-128 pktSize=128
SYNC_NOT_FOUND first4=3D3089EF
SYNC_NOT_FOUND first4=DC1404BE
2026-07-26T11:54:49.226936+00:00 SYNC_NOT_FOUND first4=0E0AE554
2026-07-26T11:54:50.240371+00:00 SYNC_NOT_FOUND first4=FFAA27FA
SYNC_NOT_FOUND first4=CC9CAFCB
PHASE_RESULT 50 LF-FLRC-650-128 pktSize=128 rx=0 unique=0 lost=100 per=100.0 rssi_avg=0 rssi_min=0 crc_err=0 garbage=5 tx_lat=0.00000 tx_lon=0.00000 sats=0 fix=0 utc=0 tx_fw=none rx_fw=unknown
PHASE_GUARD 500
PHASE_START 51 LF-FLRC-650-255 pktSize=255
SYNC_NOT_FOUND first4=C067248A
SYNC_NOT_FOUND first4=D37A2987
SYNC_NOT_FOUND first4=20461C67
2026-07-26T11:54:51.256987+00:00 SYNC_NOT_FOUND first4=12AF7EDE
SYNC_NOT_FOUND first4=F8081183
2026-07-26T11:54:52.273096+00:00 SYNC_NOT_FOUND first4=0BFCDB01
SYNC_NOT_FOUND first4=A476294F
PHASE_RESULT 51 LF-FLRC-650-255 pktSize=255 rx=0 unique=0 lost=100 per=100.0 rssi_avg=0 rssi_min=0 crc_err=0 garbage=7 tx_lat=0.00000 tx_lon=0.00000 sats=0 fix=0 utc=0 tx_fw=none rx_fw=unknown
PHASE_GUARD 500
PHASE_START 52 LF-FLRC-325-32 pktSize=32
2026-07-26T11:54:54.336006+00:00 PHASE_RESULT 52 LF-FLRC-325-32 pktSize=32 rx=0 unique=0 lost=100 per=100.0 rssi_avg=0 rssi_min=0 crc_err=0 garbage=0 tx_lat=0.00000 tx_lon=0.00000 sats=0 fix=0 utc=0 tx_fw=none rx_fw=unknown
PHASE_GUARD 500
PHASE_START 53 LF-FLRC-325-64 pktSize=64
2026-07-26T11:54:55.354234+00:00 TIME_SYNCED utc=1785066894 offset=1785062475
2026-07-26T11:54:56.363197+00:00 PHASE_RESULT 53 LF-FLRC-325-64 pktSize=64 rx=0 unique=0 lost=100 per=100.0 rssi_avg=0 rssi_min=0 crc_err=0 garbage=0 tx_lat=0.00000 tx_lon=0.00000 sats=0 fix=0 utc=0 tx_fw=none rx_fw=unknown
PHASE_GUARD 500
PHASE_START 54 LF-FLRC-325-128 pktSize=128
2026-07-26T11:54:57.383749+00:00 TIME_SYNCED utc=1785066896 offset=1785062475
2026-07-26T11:54:58.395519+00:00 PHASE_RESULT 54 LF-FLRC-325-128 pktSize=128 rx=0 unique=0 lost=100 per=100.0 rssi_avg=0 rssi_min=0 crc_err=0 garbage=0 tx_lat=0.00000 tx_lon=0.00000 sats=0 fix=0 utc=0 tx_fw=none rx_fw=unknown
PHASE_GUARD 500
PHASE_START 55 LF-FLRC-325-255 pktSize=255
2026-07-26T11:55:00.454030+00:00 PHASE_RESULT 55 LF-FLRC-325-255 pktSize=255 rx=0 unique=0 lost=100 per=100.0 rssi_avg=0 rssi_min=0 crc_err=0 garbage=0 tx_lat=0.00000 tx_lon=0.00000 sats=0 fix=0 utc=0 tx_fw=none rx_fw=unknown
PHASE_GUARD 500
LORA_CFG path=1 bw=0x0F sf=7
PHASE_START 0 HF-LoRa-SF7-32 pktSize=32
2026-07-26T11:55:02.518225+00:00 PHASE_RESULT 0 HF-LoRa-SF7-32 pktSize=32 rx=0 unique=0 lost=20 per=100.0 rssi_avg=0 rssi_min=0 crc_err=0 garbage=0 tx_lat=0.00000 tx_lon=0.00000 sats=0 fix=0 utc=0 tx_fw=none rx_fw=unknown
PHASE_GUARD 500
LORA_CFG path=1 bw=0x0F sf=7
PHASE_START 1 HF-LoRa-SF7-64 pktSize=64
2026-07-26T11:55:04.582564+00:00 PHASE_RESULT 1 HF-LoRa-SF7-64 pktSize=64 rx=0 unique=0 lost=20 per=100.0 rssi_avg=0 rssi_min=0 crc_err=0 garbage=0 tx_lat=0.00000 tx_lon=0.00000 sats=0 fix=0 utc=0 tx_fw=none rx_fw=unknown
PHASE_GUARD 500
LORA_CFG path=1 bw=0x0F sf=7
PHASE_START 2 HF-LoRa-SF7-128 pktSize=128
2026-07-26T11:55:05.602490+00:00 TIME_SYNCED utc=1785066904 offset=1785062475
2026-07-26T11:55:06.615290+00:00 PHASE_RESULT 2 HF-LoRa-SF7-128 pktSize=128 rx=0 unique=0 lost=20 per=100.0 rssi_avg=0 rssi_min=0 crc_err=0 garbage=0 tx_lat=0.00000 tx_lon=0.00000 sats=0 fix=0 utc=0 tx_fw=none rx_fw=unknown
PHASE_GUARD 500
LORA_CFG path=1 bw=0x0F sf=7
PHASE_START 3 HF-LoRa-SF7-255 pktSize=255
2026-07-26T11:55:07.626296+00:00 TIME_SYNCED utc=1785066906 offset=1785062475
2026-07-26T11:55:09.689570+00:00 PHASE_RESULT 3 HF-LoRa-SF7-255 pktSize=255 rx=0 unique=0 lost=20 per=100.0 rssi_avg=0 rssi_min=0 crc_err=0 garbage=0 tx_lat=0.00000 tx_lon=0.00000 sats=0 fix=0 utc=0 tx_fw=none rx_fw=unknown
PHASE_GUARD 500
LORA_CFG path=1 bw=0x0F sf=9
PHASE_START 4 HF-LoRa-SF9-32 pktSize=32
2026-07-26T11:55:10.702858+00:00 PHASE_RESULT 4 HF-LoRa-SF9-32 pktSize=32 rx=0 unique=0 lost=20 per=100.0 rssi_avg=0 rssi_min=0 crc_err=0 garbage=0 tx_lat=0.00000 tx_lon=0.00000 sats=0 fix=0 utc=0 tx_fw=none rx_fw=unknown
PHASE_GUARD 500
2026-07-26T11:55:11.719138+00:00 LORA_CFG path=1 bw=0x0F sf=9
PHASE_START 5 HF-LoRa-SF9-64 pktSize=64
2026-07-26T11:55:13.782582+00:00 PHASE_RESULT 5 HF-LoRa-SF9-64 pktSize=64 rx=0 unique=0 lost=20 per=100.0 rssi_avg=0 rssi_min=0 crc_err=0 garbage=0 tx_lat=0.00000 tx_lon=0.00000 sats=0 fix=0 utc=0 tx_fw=none rx_fw=unknown
PHASE_GUARD 500
LORA_CFG path=1 bw=0x0F sf=9
2026-07-26T11:55:14.794683+00:00 PHASE_START 6 HF-LoRa-SF9-128 pktSize=128
2026-07-26T11:55:15.799232+00:00 TIME_SYNCED utc=1785066914 offset=1785062474
2026-07-26T11:55:16.810037+00:00 TIME_SYNCED utc=1785066916 offset=1785062475
2026-07-26T11:55:17.823516+00:00 PHASE_RESULT 6 HF-LoRa-SF9-128 pktSize=128 rx=0 unique=0 lost=13 per=100.0 rssi_avg=0 rssi_min=0 crc_err=0 garbage=0 tx_lat=0.00000 tx_lon=0.00000 sats=0 fix=0 utc=0 tx_fw=none rx_fw=unknown
PHASE_GUARD 500
LORA_CFG path=1 bw=0x0F sf=9
2026-07-26T11:55:18.835577+00:00 PHASE_START 7 HF-LoRa-SF9-255 pktSize=255
2026-07-26T11:55:20.898008+00:00 PHASE_RESULT 7 HF-LoRa-SF9-255 pktSize=255 rx=0 unique=0 lost=6 per=100.0 rssi_avg=0 rssi_min=0 crc_err=0 garbage=0 tx_lat=0.00000 tx_lon=0.00000 sats=0 fix=0 utc=0 tx_fw=none rx_fw=unknown
PHASE_GUARD 500
LORA_CFG path=1 bw=0x0F sf=12
PHASE_START 8 HF-LoRa-SF12-32 pktSize=32
2026-07-26T11:55:24.003805+00:00 PHASE_RESULT 8 HF-LoRa-SF12-32 pktSize=32 rx=0 unique=0 lost=2 per=100.0 rssi_avg=0 rssi_min=0 crc_err=0 garbage=0 tx_lat=0.00000 tx_lon=0.00000 sats=0 fix=0 utc=0 tx_fw=none rx_fw=unknown
PHASE_GUARD 500
LORA_CFG path=1 bw=0x0F sf=12
PHASE_START 9 HF-LoRa-SF12-64 pktSize=64
2026-07-26T11:55:26.072759+00:00 TIME_SYNCED utc=1785066925 offset=1785062475
2026-07-26T11:55:27.082647+00:00 PHASE_RESULT 9 HF-LoRa-SF12-64 pktSize=64 rx=0 unique=0 lost=1 per=100.0 rssi_avg=0 rssi_min=0 crc_err=0 garbage=0 tx_lat=0.00000 tx_lon=0.00000 sats=0 fix=0 utc=0 tx_fw=none rx_fw=unknown
PHASE_GUARD 500
LORA_CFG path=1 bw=0x0F sf=12
PHASE_START 10 HF-LoRa-SF12-128 pktSize=128
TIME_SYNCED utc=1785066926 offset=1785062474
PHASE_RESULT 10 HF-LoRa-SF12-128 pktSize=128 rx=0 unique=0 lost=1 per=100.0 rssi_avg=0 rssi_min=0 crc_err=0 garbage=0 tx_lat=0.00000 tx_lon=0.00000 sats=0 fix=0 utc=0 tx_fw=none rx_fw=unknown
PHASE_GUARD 500
LORA_CFG path=1 bw=0x0F sf=12
PHASE_START 9 HF-LoRa-SF12-64 pktSize=64
2026-07-26T11:55:28.091857+00:00 PHASE_RESULT 9 HF-LoRa-SF12-64 pktSize=64 rx=0 unique=0 lost=1 per=100.0 rssi_avg=0 rssi_min=0 crc_err=0 garbage=0 tx_lat=0.00000 tx_lon=0.00000 sats=0 fix=0 utc=0 tx_fw=none rx_fw=unknown
PHASE_GUARD 500
LORA_CFG path=1 bw=0x0F sf=12
PHASE_START 10 HF-LoRa-SF12-128 pktSize=128
2026-07-26T11:55:33.303294+00:00 PHASE_RESULT 10 HF-LoRa-SF12-128 pktSize=128 rx=0 unique=0 lost=1 per=100.0 rssi_avg=0 rssi_min=0 crc_err=0 garbage=0 tx_lat=0.00000 tx_lon=0.00000 sats=0 fix=0 utc=0 tx_fw=none rx_fw=unknown
PHASE_GUARD 500
LORA_CFG path=1 bw=0x0F sf=12
PHASE_START 11 HF-LoRa-SF12-255 pktSize=255
2026-07-26T11:55:36.418020+00:00 TIME_SYNCED utc=1785066935 offset=1785062475
2026-07-26T11:55:37.430310+00:00 TIME_SYNCED utc=1785066936 offset=1785062474
2026-07-26T11:55:43.697751+00:00 PHASE_RESULT 11 HF-LoRa-SF12-255 pktSize=255 rx=0 unique=0 lost=1 per=100.0 rssi_avg=0 rssi_min=0 crc_err=0 garbage=0 tx_lat=0.00000 tx_lon=0.00000 sats=0 fix=0 utc=0 tx_fw=none rx_fw=unknown
PHASE_GUARD 500
PHASE_START 12 HF-FLRC-2600-32 pktSize=32
SYNC_NOT_FOUND first4=37483C52
SYNC_NOT_FOUND first4=7CAEE873
SYNC_NOT_FOUND first4=EBFFAC11
SYNC_NOT_FOUND first4=68BB1E78
SYNC_NOT_FOUND first4=A6EC6531
SYNC_NOT_FOUND first4=1B0C33C6
SYNC_NOT_FOUND first4=D803A15C
2026-07-26T11:55:44.708755+00:00 SYNC_NOT_FOUND first4=CE68CCB5
SYNC_NOT_FOUND first4=DECDF046
SYNC_NOT_FOUND first4=301E8569
PHASE_RESULT 12 HF-FLRC-2600-32 pktSize=32 rx=0 unique=0 lost=100 per=100.0 rssi_avg=0 rssi_min=0 crc_err=0 garbage=10 tx_lat=0.00000 tx_lon=0.00000 sats=0 fix=0 utc=0 tx_fw=none rx_fw=unknown
PHASE_GUARD 500
2026-07-26T11:55:45.720309+00:00 PHASE_START 13 HF-FLRC-2600-64 pktSize=64
SYNC_NOT_FOUND first4=7B2C71E1
SYNC_NOT_FOUND first4=35E51833
SYNC_NOT_FOUND first4=A0F722BB
SYNC_NOT_FOUND first4=152106AA
SYNC_NOT_FOUND first4=A7A43467
SYNC_NOT_FOUND first4=A4BC6BBC
2026-07-26T11:55:46.729324+00:00 TIME_SYNCED utc=1785066945 offset=1785062474
SYNC_NOT_FOUND first4=890AA3AA
SYNC_NOT_FOUND first4=D7223221
SYNC_NOT_FOUND first4=DFB0DC43
SYNC_NOT_FOUND first4=21A8D85A
SYNC_NOT_FOUND first4=5A0BCA2B
SYNC_NOT_FOUND first4=38A62E54
SYNC_NOT_FOUND first4=758FAB83
PHASE_RESULT 13 HF-FLRC-2600-64 pktSize=64 rx=0 unique=0 lost=100 per=100.0 rssi_avg=0 rssi_min=0 crc_err=0 garbage=13 tx_lat=0.00000 tx_lon=0.00000 sats=0 fix=0 utc=0 tx_fw=none rx_fw=unknown
PHASE_GUARD 500
2026-07-26T11:55:47.739464+00:00 PHASE_START 14 HF-FLRC-2600-128 pktSize=128
TIME_SYNCED utc=1785066946 offset=1785062474
SYNC_NOT_FOUND first4=B81CB783
SYNC_NOT_FOUND first4=78CC1BEF
SYNC_NOT_FOUND first4=D9603141
SYNC_NOT_FOUND first4=D606310B
SYNC_NOT_FOUND first4=D1DDAF53
SYNC_NOT_FOUND first4=8295663D
2026-07-26T11:55:48.750761+00:00 SYNC_NOT_FOUND first4=7B5494BE
SYNC_NOT_FOUND first4=0265C143
SYNC_NOT_FOUND first4=288BCF40
SYNC_NOT_FOUND first4=DB4C3920
PHASE_RESULT 14 HF-FLRC-2600-128 pktSize=128 rx=0 unique=0 lost=100 per=100.0 rssi_avg=0 rssi_min=0 crc_err=0 garbage=10 tx_lat=0.00000 tx_lon=0.00000 sats=0 fix=0 utc=0 tx_fw=none rx_fw=unknown
PHASE_GUARD 500
2026-07-26T11:55:49.761923+00:00 PHASE_START 15 HF-FLRC-2600-255 pktSize=255
SYNC_NOT_FOUND first4=BBF460DA
SYNC_NOT_FOUND first4=75FC1166
SYNC_NOT_FOUND first4=0FC404B5
SYNC_NOT_FOUND first4=069BEDAD
SYNC_NOT_FOUND first4=ED1894C0
2026-07-26T11:55:50.773069+00:00 SYNC_NOT_FOUND first4=E569F654
SYNC_NOT_FOUND first4=E6177039
SYNC_NOT_FOUND first4=39A2EEC2
SYNC_NOT_FOUND first4=C447E6F9
SYNC_NOT_FOUND first4=3129608B
SYNC_NOT_FOUND first4=636EBAC0
PHASE_RESULT 15 HF-FLRC-2600-255 pktSize=255 rx=0 unique=0 lost=100 per=100.0 rssi_avg=0 rssi_min=0 crc_err=0 garbage=11 tx_lat=0.00000 tx_lon=0.00000 sats=0 fix=0 utc=0 tx_fw=none rx_fw=unknown
PHASE_GUARD 500
2026-07-26T11:55:51.784799+00:00 PHASE_START 16 HF-FLRC-1300-32 pktSize=32
SYNC_NOT_FOUND first4=7D56A175
SYNC_NOT_FOUND first4=53601C50
SYNC_NOT_FOUND first4=1D3CF5E2
SYNC_NOT_FOUND first4=5D9CE264
2026-07-26T11:55:52.796853+00:00 SYNC_NOT_FOUND first4=339CB5A3
SYNC_NOT_FOUND first4=44B6966B
SYNC_NOT_FOUND first4=636E9D9F
SYNC_NOT_FOUND first4=49E591EB
SYNC_NOT_FOUND first4=D73298AA
PHASE_RESULT 16 HF-FLRC-1300-32 pktSize=32 rx=0 unique=0 lost=100 per=100.0 rssi_avg=0 rssi_min=0 crc_err=0 garbage=9 tx_lat=0.00000 tx_lon=0.00000 sats=0 fix=0 utc=0 tx_fw=none rx_fw=unknown
PHASE_GUARD 500
2026-07-26T11:55:53.808356+00:00 PHASE_START 17 HF-FLRC-1300-64 pktSize=64
SYNC_NOT_FOUND first4=620AD578
SYNC_NOT_FOUND first4=F0102865
2026-07-26T11:55:54.812149+00:00 SYNC_NOT_FOUND first4=843C1C3F
SYNC_NOT_FOUND first4=0FEF0F1C
SYNC_NOT_FOUND first4=1E8EAA27
PHASE_RESULT 17 HF-FLRC-1300-64 pktSize=64 rx=0 unique=0 lost=100 per=100.0 rssi_avg=0 rssi_min=0 crc_err=0 garbage=5 tx_lat=0.00000 tx_lon=0.00000 sats=0 fix=0 utc=0 tx_fw=none rx_fw=unknown
PHASE_GUARD 500
2026-07-26T11:55:55.823857+00:00 PHASE_START 18 HF-FLRC-1300-128 pktSize=128
SYNC_NOT_FOUND first4=CA5CD359
SYNC_NOT_FOUND first4=764DC2E7
SYNC_NOT_FOUND first4=972B8341
2026-07-26T11:55:56.835560+00:00 TIME_SYNCED utc=1785066955 offset=1785062474
SYNC_NOT_FOUND first4=855E367F
SYNC_NOT_FOUND first4=1366A442
SYNC_NOT_FOUND first4=922CB0BD
SYNC_NOT_FOUND first4=3A994FCE
SYNC_NOT_FOUND first4=A2EF929F
SYNC_NOT_FOUND first4=7A7E7AFE
SYNC_NOT_FOUND first4=9D6A8523
PHASE_RESULT 18 HF-FLRC-1300-128 pktSize=128 rx=0 unique=0 lost=100 per=100.0 rssi_avg=0 rssi_min=0 crc_err=0 garbage=10 tx_lat=0.00000 tx_lon=0.00000 sats=0 fix=0 utc=0 tx_fw=none rx_fw=unknown
PHASE_GUARD 500
PHASE_START 19 HF-FLRC-1300-255 pktSize=255
TIME_SYNCED utc=1785066956 offset=1785062474
2026-07-26T11:55:57.846710+00:00 SYNC_NOT_FOUND first4=817451B3
SYNC_NOT_FOUND first4=FF28715D
SYNC_NOT_FOUND first4=93ED1C55
SYNC_NOT_FOUND first4=5C0592A8
SYNC_NOT_FOUND first4=C36242D6
2026-07-26T11:55:58.858273+00:00 SYNC_NOT_FOUND first4=8691F9AA
PHASE_RESULT 19 HF-FLRC-1300-255 pktSize=255 rx=0 unique=0 lost=100 per=100.0 rssi_avg=0 rssi_min=0 crc_err=0 garbage=6 tx_lat=0.00000 tx_lon=0.00000 sats=0 fix=0 utc=0 tx_fw=none rx_fw=unknown
PHASE_GUARD 500
PHASE_START 20 HF-FLRC-650-32 pktSize=32
SYNC_NOT_FOUND first4=5D44669C
SYNC_NOT_FOUND first4=7C46B3C6
2026-07-26T11:55:59.869557+00:00 SYNC_NOT_FOUND first4=C0748E7B
SYNC_NOT_FOUND first4=30356DCA
SYNC_NOT_FOUND first4=2B625007
SYNC_NOT_FOUND first4=9764D3D1
SYNC_NOT_FOUND first4=18183820
SYNC_NOT_FOUND first4=9CDC5EC8
SYNC_NOT_FOUND first4=144316E9
SYNC_NOT_FOUND first4=7DC12C01
SYNC_NOT_FOUND first4=AE2EF64D
SYNC_NOT_FOUND first4=F8EC7465
SYNC_NOT_FOUND first4=A127E027
SYNC_NOT_FOUND first4=4B8A71FF
SYNC_NOT_FOUND first4=7241079F
SYNC_NOT_FOUND first4=BCFDF382
SYNC_NOT_FOUND first4=2B3E721C
SYNC_NOT_FOUND first4=112C0E5E
SYNC_NOT_FOUND first4=A07333A9
SYNC_NOT_FOUND first4=AC253D0D
SYNC_NOT_FOUND first4=EA27EE16
SYNC_NOT_FOUND first4=037BAFE2
SYNC_NOT_FOUND first4=BB9E0308
SYNC_NOT_FOUND first4=C4720F22
SYNC_NOT_FOUND first4=F82D8C62
SYNC_NOT_FOUND first4=A79EE4F1
SYNC_NOT_FOUND first4=C2EFBCE4
SYNC_NOT_FOUND first4=2BB5785A
SYNC_NOT_FOUND first4=9E5CBC8C
SYNC_NOT_FOUND first4=22B4F1C1
SYNC_NOT_FOUND first4=A27B8147
SYNC_NOT_FOUND first4=220342A6
SYNC_NOT_FOUND first4=54B4BCD4
SYNC_NOT_FOUND first4=A9EB10D6
2026-07-26T11:56:00.880418+00:00 SYNC_NOT_FOUND first4=F71C7779
SYNC_NOT_FOUND first4=BDA10A6C
SYNC_NOT_FOUND first4=57C498F6
SYNC_NOT_FOUND first4=EC4515FB
SYNC_NOT_FOUND first4=3E21011A
SYNC_NOT_FOUND first4=950D7A58
SYNC_NOT_FOUND first4=408A347E
SYNC_NOT_FOUND first4=BAEFCFE3
SYNC_NOT_FOUND first4=D71EAD14
SYNC_NOT_FOUND first4=38803456
SYNC_NOT_FOUND first4=F815AD54
SYNC_NOT_FOUND first4=9D2BB276
SYNC_NOT_FOUND first4=E536DCC2
PHASE_RESULT 20 HF-FLRC-650-32 pktSize=32 rx=0 unique=0 lost=100 per=100.0 rssi_avg=0 rssi_min=0 crc_err=0 garbage=47 tx_lat=0.00000 tx_lon=0.00000 sats=0 fix=0 utc=0 tx_fw=none rx_fw=unknown
PHASE_GUARD 500
PHASE_START 21 HF-FLRC-650-64 pktSize=64
2026-07-26T11:56:01.891698+00:00 SYNC_NOT_FOUND first4=9C8C6F22
SYNC_NOT_FOUND first4=F699ADDB
SYNC_NOT_FOUND first4=942EA3CC
SYNC_NOT_FOUND first4=5D6F1050
SYNC_NOT_FOUND first4=8E80C9D6
SYNC_NOT_FOUND first4=F889F122
SYNC_NOT_FOUND first4=74C7C021
SYNC_NOT_FOUND first4=AB551E3D
SYNC_NOT_FOUND first4=6BAAF5F5
SYNC_NOT_FOUND first4=0211A894
SYNC_NOT_FOUND first4=A405BEC5
SYNC_NOT_FOUND first4=77EC1D85
SYNC_NOT_FOUND first4=5E23D88E
SYNC_NOT_FOUND first4=4D4D6F4B
SYNC_NOT_FOUND first4=E15154CA
SYNC_NOT_FOUND first4=FF93567D
SYNC_NOT_FOUND first4=4A3AA46D
SYNC_NOT_FOUND first4=95ADB212
SYNC_NOT_FOUND first4=5005B2FD
SYNC_NOT_FOUND first4=05B7A7A6
2026-07-26T11:56:02.903096+00:00 SYNC_NOT_FOUND first4=27ABA504
SYNC_NOT_FOUND first4=83946BE6
SYNC_NOT_FOUND first4=B22C51D7
SYNC_NOT_FOUND first4=3BDAE15C
SYNC_NOT_FOUND first4=04CA7516
SYNC_NOT_FOUND first4=E78267CA
SYNC_NOT_FOUND first4=3BAF33E4
SYNC_NOT_FOUND first4=B11AFEB0
SYNC_NOT_FOUND first4=42A84F17
SYNC_NOT_FOUND first4=DCA82CBB
SYNC_NOT_FOUND first4=4C7CAE65
SYNC_NOT_FOUND first4=BE89F63D
SYNC_NOT_FOUND first4=55484902
SYNC_NOT_FOUND first4=B1960D06
SYNC_NOT_FOUND first4=72C8A14D
SYNC_NOT_FOUND first4=8F3ECDEB
SYNC_NOT_FOUND first4=EFE7A6AC
SYNC_NOT_FOUND first4=D76AB7CA
SYNC_NOT_FOUND first4=87473CB5
SYNC_NOT_FOUND first4=D3DB4985
SYNC_NOT_FOUND first4=1FCBB8DE
PHASE_RESULT 21 HF-FLRC-650-64 pktSize=64 rx=0 unique=0 lost=100 per=100.0 rssi_avg=0 rssi_min=0 crc_err=0 garbage=41 tx_lat=0.00000 tx_lon=0.00000 sats=0 fix=0 utc=0 tx_fw=none rx_fw=unknown
PHASE_GUARD 500
PHASE_START 22 HF-FLRC-650-128 pktSize=128
SYNC_NOT_FOUND first4=EC7AA8A6
SYNC_NOT_FOUND first4=C06B743D
2026-07-26T11:56:03.914350+00:00 SYNC_NOT_FOUND first4=0A147E71
SYNC_NOT_FOUND first4=B9F3DE84
SYNC_NOT_FOUND first4=B44AE6A6
SYNC_NOT_FOUND first4=CB149E0B
SYNC_NOT_FOUND first4=E19F0154
SYNC_NOT_FOUND first4=D961E1B8
SYNC_NOT_FOUND first4=384335E9
SYNC_NOT_FOUND first4=DDE5B254
SYNC_NOT_FOUND first4=ECAB81AF
SYNC_NOT_FOUND first4=14F010F5
SYNC_NOT_FOUND first4=D4F3B13D
SYNC_NOT_FOUND first4=F73DB165
SYNC_NOT_FOUND first4=CBAA8796
SYNC_NOT_FOUND first4=4CDFADBF
SYNC_NOT_FOUND first4=743CFED8
SYNC_NOT_FOUND first4=F867E16C
SYNC_NOT_FOUND first4=2AC41C4E
SYNC_NOT_FOUND first4=12C67BA4
SYNC_NOT_FOUND first4=ECB3E805
SYNC_NOT_FOUND first4=FF857624
SYNC_NOT_FOUND first4=A3DCFA0C
SYNC_NOT_FOUND first4=A332C0C1
SYNC_NOT_FOUND first4=F980604C
SYNC_NOT_FOUND first4=B706B48E
2026-07-26T11:56:04.925219+00:00 SYNC_NOT_FOUND first4=BF8AE710
SYNC_NOT_FOUND first4=20C6C786
SYNC_NOT_FOUND first4=E96F357E
SYNC_NOT_FOUND first4=B068B028
SYNC_NOT_FOUND first4=3AC50A43
SYNC_NOT_FOUND first4=1C2EB0E6
SYNC_NOT_FOUND first4=E4788B66
SYNC_NOT_FOUND first4=370CB223
SYNC_NOT_FOUND first4=9A837869
PHASE_RESULT 22 HF-FLRC-650-128 pktSize=128 rx=0 unique=0 lost=100 per=100.0 rssi_avg=0 rssi_min=0 crc_err=0 garbage=35 tx_lat=0.00000 tx_lon=0.00000 sats=0 fix=0 utc=0 tx_fw=none rx_fw=unknown
PHASE_GUARD 500
PHASE_START 23 HF-FLRC-650-255 pktSize=255
SYNC_NOT_FOUND first4=0E6C3CA3
SYNC_NOT_FOUND first4=34DAA8A2
2026-07-26T11:56:05.929156+00:00 SYNC_NOT_FOUND first4=23C7F52F
SYNC_NOT_FOUND first4=2725F17F
SYNC_NOT_FOUND first4=27532368
SYNC_NOT_FOUND first4=25174F18
SYNC_NOT_FOUND first4=BA8967C2
SYNC_NOT_FOUND first4=461E3511
SYNC_NOT_FOUND first4=CF043287
SYNC_NOT_FOUND first4=9587FAFA
SYNC_NOT_FOUND first4=A8F9FC17
SYNC_NOT_FOUND first4=E0B1EE0E
SYNC_NOT_FOUND first4=AE1F4640
2026-07-26T11:56:06.933769+00:00 TIME_SYNCED utc=1785066965 offset=1785062474
SYNC_NOT_FOUND first4=76258271
SYNC_NOT_FOUND first4=9FD12B10
SYNC_NOT_FOUND first4=E2A79E0C
SYNC_NOT_FOUND first4=DEEFB7A4
SYNC_NOT_FOUND first4=659D0255
SYNC_NOT_FOUND first4=D5120608
SYNC_NOT_FOUND first4=F5086CD0
SYNC_NOT_FOUND first4=7E40143C
SYNC_NOT_FOUND first4=226A7839
SYNC_NOT_FOUND first4=99AE0864
PHASE_RESULT 23 HF-FLRC-650-255 pktSize=255 rx=0 unique=0 lost=100 per=100.0 rssi_avg=0 rssi_min=0 crc_err=0 garbage=23 tx_lat=0.00000 tx_lon=0.00000 sats=0 fix=0 utc=0 tx_fw=none rx_fw=unknown
PHASE_GUARD 500
PHASE_START 24 HF-FLRC-325-32 pktSize=32
TIME_SYNCED utc=1785066966 offset=1785062474
SYNC_NOT_FOUND first4=37E353EE
2026-07-26T11:56:07.944881+00:00 SYNC_NOT_FOUND first4=5770770B
SYNC_NOT_FOUND first4=8CAF4E14
2026-07-26T11:56:08.956696+00:00 SYNC_NOT_FOUND first4=8ACC69C6
SYNC_NOT_FOUND first4=24C8202B
PHASE_RESULT 24 HF-FLRC-325-32 pktSize=32 rx=0 unique=0 lost=100 per=100.0 rssi_avg=0 rssi_min=0 crc_err=0 garbage=5 tx_lat=0.00000 tx_lon=0.00000 sats=0 fix=0 utc=0 tx_fw=none rx_fw=unknown
PHASE_GUARD 500
PHASE_START 25 HF-FLRC-325-64 pktSize=64
SYNC_NOT_FOUND first4=CD6A76D4
2026-07-26T11:56:09.962110+00:00 SYNC_NOT_FOUND first4=1AE4450F
SYNC_NOT_FOUND first4=6774F24E
2026-07-26T11:56:10.973230+00:00 SYNC_NOT_FOUND first4=DDADBCA5
PHASE_RESULT 25 HF-FLRC-325-64 pktSize=64 rx=0 unique=0 lost=100 per=100.0 rssi_avg=0 rssi_min=0 crc_err=0 garbage=4 tx_lat=0.00000 tx_lon=0.00000 sats=0 fix=0 utc=0 tx_fw=none rx_fw=unknown
PHASE_GUARD 500
PHASE_START 26 HF-FLRC-325-128 pktSize=128
2026-07-26T11:56:11.984078+00:00 SYNC_NOT_FOUND first4=02A14750
SYNC_NOT_FOUND first4=41240AC9
SYNC_NOT_FOUND first4=25430F0A
2026-07-26T11:56:12.995595+00:00 SYNC_NOT_FOUND first4=50C47F44
PHASE_RESULT 26 HF-FLRC-325-128 pktSize=128 rx=0 unique=0 lost=100 per=100.0 rssi_avg=0 rssi_min=0 crc_err=0 garbage=4 tx_lat=0.00000 tx_lon=0.00000 sats=0 fix=0 utc=0 tx_fw=none rx_fw=unknown
PHASE_GUARD 500
PHASE_START 27 HF-FLRC-325-255 pktSize=255
2026-07-26T11:56:14.007492+00:00 SYNC_NOT_FOUND first4=9C73B273
SYNC_NOT_FOUND first4=EC6CAEA7
SYNC_NOT_FOUND first4=062F6683
SYNC_NOT_FOUND first4=81CC4FDD
2026-07-26T11:56:15.018785+00:00 SYNC_NOT_FOUND first4=FA295822
PHASE_RESULT 27 HF-FLRC-325-255 pktSize=255 rx=0 unique=0 lost=100 per=100.0 rssi_avg=0 rssi_min=0 crc_err=0 garbage=5 tx_lat=0.00000 tx_lon=0.00000 sats=0 fix=0 utc=0 tx_fw=none rx_fw=unknown
PHASE_GUARD 500
LORA_CFG path=0 bw=0x05 sf=7
PHASE_START 28 LF-LoRa-SF7-32 pktSize=32
2026-07-26T11:56:17.080935+00:00 TIME_SYNCED utc=1785066976 offset=1785062475
PHASE_RESULT 28 LF-LoRa-SF7-32 pktSize=32 rx=0 unique=0 lost=20 per=100.0 rssi_avg=0 rssi_min=0 crc_err=0 garbage=0 tx_lat=0.00000 tx_lon=0.00000 sats=0 fix=0 utc=0 tx_fw=none rx_fw=unknown
PHASE_GUARD 500
LORA_CFG path=0 bw=0x05 sf=7
PHASE_START 29 LF-LoRa-SF7-64 pktSize=64
TIME_SYNCED utc=1785066976 offset=1785062474
2026-07-26T11:56:20.194963+00:00 PHASE_RESULT 29 LF-LoRa-SF7-64 pktSize=64 rx=0 unique=0 lost=20 per=100.0 rssi_avg=0 rssi_min=0 crc_err=0 garbage=0 tx_lat=0.00000 tx_lon=0.00000 sats=0 fix=0 utc=0 tx_fw=none rx_fw=unknown
PHASE_GUARD 500
LORA_CFG path=0 bw=0x05 sf=7
PHASE_START 30 LF-LoRa-SF7-128 pktSize=128
2026-07-26T11:56:24.351085+00:00 PHASE_RESULT 30 LF-LoRa-SF7-128 pktSize=128 rx=0 unique=0 lost=13 per=100.0 rssi_avg=0 rssi_min=0 crc_err=0 garbage=0 tx_lat=0.00000 tx_lon=0.00000 sats=0 fix=0 utc=0 tx_fw=none rx_fw=unknown
PHASE_GUARD 500
LORA_CFG path=0 bw=0x05 sf=7
PHASE_START 31 LF-LoRa-SF7-255 pktSize=255
2026-07-26T11:56:27.464206+00:00 TIME_SYNCED utc=1785066986 offset=1785062475
PHASE_RESULT 31 LF-LoRa-SF7-255 pktSize=255 rx=0 unique=0 lost=7 per=100.0 rssi_avg=0 rssi_min=0 crc_err=0 garbage=0 tx_lat=0.00000 tx_lon=0.00000 sats=0 fix=0 utc=0 tx_fw=none rx_fw=unknown
PHASE_GUARD 500
LORA_CFG path=0 bw=0x05 sf=9
PHASE_START 32 LF-LoRa-SF9-32 pktSize=32
TIME_SYNCED utc=1785066986 offset=1785062474
PHASE_RESULT 32 LF-LoRa-SF9-32 pktSize=32 rx=0 unique=0 lost=7 per=100.0 rssi_avg=0 rssi_min=0 crc_err=0 garbage=0 tx_lat=0.00000 tx_lon=0.00000 sats=0 fix=0 utc=0 tx_fw=none rx_fw=unknown
PHASE_GUARD 500
LORA_CFG path=0 bw=0x05 sf=7
PHASE_START 31 LF-LoRa-SF7-255 pktSize=255
2026-07-26T11:56:28.476543+00:00 PHASE_RESULT 31 LF-LoRa-SF7-255 pktSize=255 rx=0 unique=0 lost=7 per=100.0 rssi_avg=0 rssi_min=0 crc_err=0 garbage=0 tx_lat=0.00000 tx_lon=0.00000 sats=0 fix=0 utc=0 tx_fw=none rx_fw=unknown
PHASE_GUARD 500
LORA_CFG path=0 bw=0x05 sf=9
PHASE_START 32 LF-LoRa-SF9-32 pktSize=32
2026-07-26T11:56:32.633638+00:00 PHASE_RESULT 32 LF-LoRa-SF9-32 pktSize=32 rx=0 unique=0 lost=7 per=100.0 rssi_avg=0 rssi_min=0 crc_err=0 garbage=0 tx_lat=0.00000 tx_lon=0.00000 sats=0 fix=0 utc=0 tx_fw=none rx_fw=unknown
PHASE_GUARD 500
LORA_CFG path=0 bw=0x05 sf=9
PHASE_START 33 LF-LoRa-SF9-64 pktSize=64
2026-07-26T11:56:34.696442+00:00 PHASE_RESULT 33 LF-LoRa-SF9-64 pktSize=64 rx=0 unique=0 lost=3 per=100.0 rssi_avg=0 rssi_min=0 crc_err=0 garbage=0 tx_lat=0.00000 tx_lon=0.00000 sats=0 fix=0 utc=0 tx_fw=none rx_fw=unknown
PHASE_GUARD 500
2026-07-26T11:56:35.709350+00:00 LORA_CFG path=0 bw=0x05 sf=9
PHASE_START 34 LF-LoRa-SF9-128 pktSize=128
2026-07-26T11:56:36.720429+00:00 PHASE_RESULT 34 LF-LoRa-SF9-128 pktSize=128 rx=0 unique=0 lost=1 per=100.0 rssi_avg=0 rssi_min=0 crc_err=0 garbage=0 tx_lat=0.00000 tx_lon=0.00000 sats=0 fix=0 utc=0 tx_fw=none rx_fw=unknown
PHASE_GUARD 500
2026-07-26T11:56:37.724554+00:00 LORA_CFG path=0 bw=0x05 sf=9
PHASE_START 35 LF-LoRa-SF9-255 pktSize=255
TIME_SYNCED utc=1785066996 offset=1785062474
TIME_SYNCED utc=1785066996 offset=1785062474
2026-07-26T11:56:40.837658+00:00 PHASE_RESULT 35 LF-LoRa-SF9-255 pktSize=255 rx=0 unique=0 lost=1 per=100.0 rssi_avg=0 rssi_min=0 crc_err=0 garbage=0 tx_lat=0.00000 tx_lon=0.00000 sats=0 fix=0 utc=0 tx_fw=none rx_fw=unknown
PHASE_GUARD 500
LORA_CFG path=0 bw=0x05 sf=12
PHASE_START 36 LF-LoRa-SF12-32 pktSize=32
2026-07-26T11:56:47.104159+00:00 TIME_SYNCED utc=1785067006 offset=1785062474
2026-07-26T11:56:48.116846+00:00 TIME_SYNCED utc=1785067007 offset=1785062475
2026-07-26T11:56:55.436637+00:00 PHASE_RESULT 36 LF-LoRa-SF12-32 pktSize=32 rx=0 unique=0 lost=1 per=100.0 rssi_avg=0 rssi_min=0 crc_err=0 garbage=0 tx_lat=0.00000 tx_lon=0.00000 sats=0 fix=0 utc=0 tx_fw=none rx_fw=unknown
PHASE_GUARD 500
LORA_CFG path=0 bw=0x05 sf=12
PHASE_START 37 LF-LoRa-SF12-SKIP SKIP pktSize=64
2026-07-26T11:56:56.448151+00:00 PHASE_RESULT 37 LF-LoRa-SF12-SKIP pktSize=64 rx=0 unique=0 lost=0 per=0.0 rssi_avg=0 rssi_min=0 crc_err=0 garbage=0 tx_lat=0.00000 tx_lon=0.00000 sats=0 fix=0 utc=0 tx_fw=none rx_fw=unknown
PHASE_GUARD 500
LORA_CFG path=0 bw=0x05 sf=12
PHASE_START 38 LF-LoRa-SF12-SKIP SKIP pktSize=128
2026-07-26T11:56:57.452200+00:00 PHASE_RESULT 38 LF-LoRa-SF12-SKIP pktSize=128 rx=0 unique=0 lost=0 per=0.0 rssi_avg=0 rssi_min=0 crc_err=0 garbage=0 tx_lat=0.00000 tx_lon=0.00000 sats=0 fix=0 utc=0 tx_fw=none rx_fw=unknown
PHASE_GUARD 500
LORA_CFG path=0 bw=0x05 sf=12
PHASE_START 39 LF-LoRa-SF12-SKIP SKIP pktSize=255
TIME_SYNCED utc=1785067016 offset=1785062474
PHASE_RESULT 39 LF-LoRa-SF12-SKIP pktSize=255 rx=0 unique=0 lost=0 per=0.0 rssi_avg=0 rssi_min=0 crc_err=0 garbage=0 tx_lat=0.00000 tx_lon=0.00000 sats=0 fix=0 utc=0 tx_fw=none rx_fw=unknown
PHASE_GUARD 500
LORA_CFG path=0 bw=0x05 sf=12
PHASE_START 38 LF-LoRa-SF12-SKIP SKIP pktSize=128
2026-07-26T11:56:58.464829+00:00 TIME_SYNCED utc=1785067017 offset=1785062475
PHASE_RESULT 38 LF-LoRa-SF12-SKIP pktSize=128 rx=0 unique=0 lost=0 per=0.0 rssi_avg=0 rssi_min=0 crc_err=0 garbage=0 tx_lat=0.00000 tx_lon=0.00000 sats=0 fix=0 utc=0 tx_fw=none rx_fw=unknown
PHASE_GUARD 500
LORA_CFG path=0 bw=0x05 sf=12
PHASE_START 39 LF-LoRa-SF12-SKIP SKIP pktSize=255
PHASE_RESULT 39 LF-LoRa-SF12-SKIP pktSize=255 rx=0 unique=0 lost=0 per=0.0 rssi_avg=0 rssi_min=0 crc_err=0 garbage=0 tx_lat=0.00000 tx_lon=0.00000 sats=0 fix=0 utc=0 tx_fw=none rx_fw=unknown
PHASE_GUARD 500
PHASE_START 40 LF-FLRC-2600-32 pktSize=32
2026-07-26T11:57:00.526893+00:00 PHASE_RESULT 40 LF-FLRC-2600-32 pktSize=32 rx=0 unique=0 lost=100 per=100.0 rssi_avg=0 rssi_min=0 crc_err=0 garbage=0 tx_lat=0.00000 tx_lon=0.00000 sats=0 fix=0 utc=0 tx_fw=none rx_fw=unknown
PHASE_GUARD 500
PHASE_START 41 LF-FLRC-2600-64 pktSize=64
SYNC_NOT_FOUND first4=C90AE8AE
2026-07-26T11:57:01.538578+00:00 SYNC_NOT_FOUND first4=A12B91BB
2026-07-26T11:57:02.549298+00:00 PHASE_RESULT 41 LF-FLRC-2600-64 pktSize=64 rx=0 unique=0 lost=100 per=100.0 rssi_avg=0 rssi_min=0 crc_err=0 garbage=2 tx_lat=0.00000 tx_lon=0.00000 sats=0 fix=0 utc=0 tx_fw=none rx_fw=unknown
PHASE_GUARD 500
PHASE_START 42 LF-FLRC-2600-128 pktSize=128
SYNC_NOT_FOUND first4=C1DCFACC
2026-07-26T11:57:04.613210+00:00 PHASE_RESULT 42 LF-FLRC-2600-128 pktSize=128 rx=0 unique=0 lost=100 per=100.0 rssi_avg=0 rssi_min=0 crc_err=0 garbage=1 tx_lat=0.00000 tx_lon=0.00000 sats=0 fix=0 utc=0 tx_fw=none rx_fw=unknown
PHASE_GUARD 500
PHASE_START 43 LF-FLRC-2600-255 pktSize=255
SYNC_NOT_FOUND first4=854D1DCE
2026-07-26T11:57:05.625102+00:00 SYNC_NOT_FOUND first4=96C65C50
SYNC_NOT_FOUND first4=66D24F8A
2026-07-26T11:57:06.636253+00:00 PHASE_RESULT 43 LF-FLRC-2600-255 pktSize=255 rx=0 unique=0 lost=100 per=100.0 rssi_avg=0 rssi_min=0 crc_err=0 garbage=3 tx_lat=0.00000 tx_lon=0.00000 sats=0 fix=0 utc=0 tx_fw=none rx_fw=unknown
PHASE_GUARD 500
PHASE_START 44 LF-FLRC-1300-32 pktSize=32
2026-07-26T11:57:07.648455+00:00 TIME_SYNCED utc=1785067026 offset=1785062474
2026-07-26T11:57:08.653331+00:00 TIME_SYNCED utc=1785067027 offset=1785062475
PHASE_RESULT 44 LF-FLRC-1300-32 pktSize=32 rx=0 unique=0 lost=100 per=100.0 rssi_avg=0 rssi_min=0 crc_err=0 garbage=0 tx_lat=0.00000 tx_lon=0.00000 sats=0 fix=0 utc=0 tx_fw=none rx_fw=unknown
PHASE_GUARD 500
PHASE_START 45 LF-FLRC-1300-64 pktSize=64
2026-07-26T11:57:09.664530+00:00 PHASE_RESULT 45 LF-FLRC-1300-64 pktSize=64 rx=0 unique=0 lost=100 per=100.0 rssi_avg=0 rssi_min=0 crc_err=0 garbage=0 tx_lat=0.00000 tx_lon=0.00000 sats=0 fix=0 utc=0 tx_fw=none rx_fw=unknown
2026-07-26T11:57:10.668925+00:00 PHASE_GUARD 500
PHASE_START 46 LF-FLRC-1300-128 pktSize=128
2026-07-26T11:57:11.679720+00:00 PHASE_RESULT 46 LF-FLRC-1300-128 pktSize=128 rx=0 unique=0 lost=100 per=100.0 rssi_avg=0 rssi_min=0 crc_err=0 garbage=0 tx_lat=0.00000 tx_lon=0.00000 sats=0 fix=0 utc=0 tx_fw=none rx_fw=unknown
PHASE_GUARD 500
2026-07-26T11:57:12.691361+00:00 PHASE_START 47 LF-FLRC-1300-255 pktSize=255
2026-07-26T11:57:13.710336+00:00 PHASE_RESULT 47 LF-FLRC-1300-255 pktSize=255 rx=0 unique=0 lost=100 per=100.0 rssi_avg=0 rssi_min=0 crc_err=0 garbage=0 tx_lat=0.00000 tx_lon=0.00000 sats=0 fix=0 utc=0 tx_fw=none rx_fw=unknown
PHASE_GUARD 500
2026-07-26T11:57:14.721981+00:00 PHASE_START 48 LF-FLRC-650-32 pktSize=32
SYNC_NOT_FOUND first4=C1A3B520
2026-07-26T11:57:15.733583+00:00 SYNC_NOT_FOUND first4=2C271BED
PHASE_RESULT 48 LF-FLRC-650-32 pktSize=32 rx=0 unique=0 lost=100 per=100.0 rssi_avg=0 rssi_min=0 crc_err=0 garbage=2 tx_lat=0.00000 tx_lon=0.00000 sats=0 fix=0 utc=0 tx_fw=none rx_fw=unknown
PHASE_GUARD 500
2026-07-26T11:57:16.744645+00:00 PHASE_START 49 LF-FLRC-650-64 pktSize=64
SYNC_NOT_FOUND first4=622C3293
SYNC_NOT_FOUND first4=E0A5523A
SYNC_NOT_FOUND first4=62FA7B97
SYNC_NOT_FOUND first4=7D631172
SYNC_NOT_FOUND first4=D9237326
2026-07-26T11:57:17.756722+00:00 TIME_SYNCED utc=1785067036 offset=1785062474
2026-07-26T11:57:18.770965+00:00 TIME_SYNCED utc=1785067037 offset=1785062474
SYNC_NOT_FOUND first4=35624788
SYNC_NOT_FOUND first4=B766D302
SYNC_NOT_FOUND first4=00B67FC1
SYNC_NOT_FOUND first4=4E3A579E
SYNC_NOT_FOUND first4=23213A4A
PHASE_RESULT 49 LF-FLRC-650-64 pktSize=64 rx=0 unique=0 lost=100 per=100.0 rssi_avg=0 rssi_min=0 crc_err=0 garbage=10 tx_lat=0.00000 tx_lon=0.00000 sats=0 fix=0 utc=0 tx_fw=none rx_fw=unknown
PHASE_GUARD 500
2026-07-26T11:57:19.782198+00:00 PHASE_START 50 LF-FLRC-650-128 pktSize=128
SYNC_NOT_FOUND first4=3806D325
2026-07-26T11:57:20.798397+00:00 SYNC_NOT_FOUND first4=E0E6DD9B
SYNC_NOT_FOUND first4=4DA9C3C8
SYNC_NOT_FOUND first4=255CD532
PHASE_RESULT 50 LF-FLRC-650-128 pktSize=128 rx=0 unique=0 lost=100 per=100.0 rssi_avg=0 rssi_min=0 crc_err=0 garbage=4 tx_lat=0.00000 tx_lon=0.00000 sats=0 fix=0 utc=0 tx_fw=none rx_fw=unknown
PHASE_GUARD 500
2026-07-26T11:57:21.806492+00:00 PHASE_START 51 LF-FLRC-650-255 pktSize=255
SYNC_NOT_FOUND first4=8943C7B2
SYNC_NOT_FOUND first4=34A09636
2026-07-26T11:57:22.820504+00:00 SYNC_NOT_FOUND first4=534CC2A7
SYNC_NOT_FOUND first4=EDAD8E3D
PHASE_RESULT 51 LF-FLRC-650-255 pktSize=255 rx=0 unique=0 lost=100 per=100.0 rssi_avg=0 rssi_min=0 crc_err=0 garbage=4 tx_lat=0.00000 tx_lon=0.00000 sats=0 fix=0 utc=0 tx_fw=none rx_fw=unknown
PHASE_GUARD 500
PHASE_START 52 LF-FLRC-325-32 pktSize=32
2026-07-26T11:57:24.890032+00:00 SYNC_NOT_FOUND first4=546BBB1D
PHASE_RESULT 52 LF-FLRC-325-32 pktSize=32 rx=0 unique=0 lost=100 per=100.0 rssi_avg=0 rssi_min=0 crc_err=0 garbage=1 tx_lat=0.00000 tx_lon=0.00000 sats=0 fix=0 utc=0 tx_fw=none rx_fw=unknown
PHASE_GUARD 500
PHASE_START 53 LF-FLRC-325-64 pktSize=64
2026-07-26T11:57:26.944940+00:00 PHASE_RESULT 53 LF-FLRC-325-64 pktSize=64 rx=0 unique=0 lost=100 per=100.0 rssi_avg=0 rssi_min=0 crc_err=0 garbage=0 tx_lat=0.00000 tx_lon=0.00000 sats=0 fix=0 utc=0 tx_fw=none rx_fw=unknown
PHASE_GUARD 500
PHASE_START 54 LF-FLRC-325-128 pktSize=128
TIME_SYNCED utc=1785067046 offset=1785062474
2026-07-26T11:57:28.999897+00:00 TIME_SYNCED utc=1785067047 offset=1785062474
PHASE_RESULT 54 LF-FLRC-325-128 pktSize=128 rx=0 unique=0 lost=100 per=100.0 rssi_avg=0 rssi_min=0 crc_err=0 garbage=0 tx_lat=0.00000 tx_lon=0.00000 sats=0 fix=0 utc=0 tx_fw=none rx_fw=unknown
PHASE_GUARD 500
PHASE_START 55 LF-FLRC-325-255 pktSize=255
2026-07-26T11:57:30.016428+00:00 SYNC_NOT_FOUND first4=758189A0
SYNC_NOT_FOUND first4=7F71949A
2026-07-26T11:57:31.034891+00:00 PHASE_RESULT 55 LF-FLRC-325-255 pktSize=255 rx=0 unique=0 lost=100 per=100.0 rssi_avg=0 rssi_min=0 crc_err=0 garbage=2 tx_lat=0.00000 tx_lon=0.00000 sats=0 fix=0 utc=0 tx_fw=none rx_fw=unknown
PHASE_GUARD 500
LORA_CFG path=1 bw=0x0F sf=7
PHASE_START 0 HF-LoRa-SF7-32 pktSize=32
2026-07-26T11:57:33.099600+00:00 PHASE_RESULT 0 HF-LoRa-SF7-32 pktSize=32 rx=0 unique=0 lost=20 per=100.0 rssi_avg=0 rssi_min=0 crc_err=0 garbage=0 tx_lat=0.00000 tx_lon=0.00000 sats=0 fix=0 utc=0 tx_fw=none rx_fw=unknown
PHASE_GUARD 500
LORA_CFG path=1 bw=0x0F sf=7
PHASE_START 1 HF-LoRa-SF7-64 pktSize=64
2026-07-26T11:57:35.168999+00:00 PHASE_RESULT 1 HF-LoRa-SF7-64 pktSize=64 rx=0 unique=0 lost=20 per=100.0 rssi_avg=0 rssi_min=0 crc_err=0 garbage=0 tx_lat=0.00000 tx_lon=0.00000 sats=0 fix=0 utc=0 tx_fw=none rx_fw=unknown
PHASE_GUARD 500
LORA_CFG path=1 bw=0x0F sf=7
PHASE_START 2 HF-LoRa-SF7-128 pktSize=128
2026-07-26T11:57:37.241204+00:00 PHASE_RESULT 2 HF-LoRa-SF7-128 pktSize=128 rx=0 unique=0 lost=20 per=100.0 rssi_avg=0 rssi_min=0 crc_err=0 garbage=0 tx_lat=0.00000 tx_lon=0.00000 sats=0 fix=0 utc=0 tx_fw=none rx_fw=unknown
PHASE_GUARD 500
LORA_CFG path=1 bw=0x0F sf=7
PHASE_START 3 HF-LoRa-SF7-255 pktSize=255
TIME_SYNCED utc=1785067056 offset=1785062474
2026-07-26T11:57:39.305197+00:00 TIME_SYNCED utc=1785067058 offset=1785062475
PHASE_RESULT 3 HF-LoRa-SF7-255 pktSize=255 rx=0 unique=0 lost=20 per=100.0 rssi_avg=0 rssi_min=0 crc_err=0 garbage=0 tx_lat=0.00000 tx_lon=0.00000 sats=0 fix=0 utc=0 tx_fw=none rx_fw=unknown
PHASE_GUARD 500
LORA_CFG path=1 bw=0x0F sf=9
PHASE_START 4 HF-LoRa-SF9-32 pktSize=32
2026-07-26T11:57:41.375298+00:00 PHASE_RESULT 4 HF-LoRa-SF9-32 pktSize=32 rx=0 unique=0 lost=20 per=100.0 rssi_avg=0 rssi_min=0 crc_err=0 garbage=0 tx_lat=0.00000 tx_lon=0.00000 sats=0 fix=0 utc=0 tx_fw=none rx_fw=unknown
PHASE_GUARD 500
LORA_CFG path=1 bw=0x0F sf=9
PHASE_START 5 HF-LoRa-SF9-64 pktSize=64
2026-07-26T11:57:44.490424+00:00 PHASE_RESULT 5 HF-LoRa-SF9-64 pktSize=64 rx=0 unique=0 lost=20 per=100.0 rssi_avg=0 rssi_min=0 crc_err=0 garbage=0 tx_lat=0.00000 tx_lon=0.00000 sats=0 fix=0 utc=0 tx_fw=none rx_fw=unknown
PHASE_GUARD 500
LORA_CFG path=1 bw=0x0F sf=9
PHASE_START 6 HF-LoRa-SF9-128 pktSize=128
2026-07-26T11:57:47.612441+00:00 TIME_SYNCED utc=1785067066 offset=1785062474
2026-07-26T11:57:49.676186+00:00 PHASE_RESULT 6 HF-LoRa-SF9-128 pktSize=128 rx=0 unique=0 lost=13 per=100.0 rssi_avg=0 rssi_min=0 crc_err=0 garbage=0 tx_lat=0.00000 tx_lon=0.00000 sats=0 fix=0 utc=0 tx_fw=none rx_fw=unknown
PHASE_GUARD 500
LORA_CFG path=1 bw=0x0F sf=9
PHASE_START 7 HF-LoRa-SF9-255 pktSize=255
TIME_SYNCED utc=1785067068 offset=1785062474
2026-07-26T11:57:51.739223+00:00 PHASE_RESULT 7 HF-LoRa-SF9-255 pktSize=255 rx=0 unique=0 lost=6 per=100.0 rssi_avg=0 rssi_min=0 crc_err=0 garbage=0 tx_lat=0.00000 tx_lon=0.00000 sats=0 fix=0 utc=0 tx_fw=none rx_fw=unknown
PHASE_GUARD 500
LORA_CFG path=1 bw=0x0F sf=12
2026-07-26T11:57:52.750349+00:00 PHASE_START 8 HF-LoRa-SF12-32 pktSize=32
2026-07-26T11:57:54.812665+00:00 PHASE_RESULT 8 HF-LoRa-SF12-32 pktSize=32 rx=0 unique=0 lost=2 per=100.0 rssi_avg=0 rssi_min=0 crc_err=0 garbage=0 tx_lat=0.00000 tx_lon=0.00000 sats=0 fix=0 utc=0 tx_fw=none rx_fw=unknown
PHASE_GUARD 500
LORA_CFG path=1 bw=0x0F sf=12
PHASE_START 9 HF-LoRa-SF12-64 pktSize=64
2026-07-26T11:57:57.925850+00:00 TIME_SYNCED utc=1785067076 offset=1785062474
PHASE_RESULT 9 HF-LoRa-SF12-64 pktSize=64 rx=0 unique=0 lost=1 per=100.0 rssi_avg=0 rssi_min=0 crc_err=0 garbage=0 tx_lat=0.00000 tx_lon=0.00000 sats=0 fix=0 utc=0 tx_fw=none rx_fw=unknown
PHASE_GUARD 500
LORA_CFG path=1 bw=0x0F sf=12
PHASE_START 10 HF-LoRa-SF12-128 pktSize=128
2026-07-26T11:57:59.983787+00:00 TIME_SYNCED utc=1785067078 offset=1785062474
2026-07-26T11:58:03.098816+00:00 PHASE_RESULT 10 HF-LoRa-SF12-128 pktSize=128 rx=0 unique=0 lost=1 per=100.0 rssi_avg=0 rssi_min=0 crc_err=0 garbage=0 tx_lat=0.00000 tx_lon=0.00000 sats=0 fix=0 utc=0 tx_fw=none rx_fw=unknown
PHASE_GUARD 500
LORA_CFG path=1 bw=0x0F sf=12
PHASE_START 11 HF-LoRa-SF12-255 pktSize=255
2026-07-26T11:58:07.263046+00:00 TIME_SYNCED utc=1785067086 offset=1785062474
2026-07-26T11:58:10.380427+00:00 TIME_SYNCED utc=1785067089 offset=1785062475
2026-07-26T11:58:12.449397+00:00 PHASE_RESULT 11 HF-LoRa-SF12-255 pktSize=255 rx=0 unique=0 lost=1 per=100.0 rssi_avg=0 rssi_min=0 crc_err=0 garbage=0 tx_lat=0.00000 tx_lon=0.00000 sats=0 fix=0 utc=0 tx_fw=none rx_fw=unknown
PHASE_GUARD 500
PHASE_START 12 HF-FLRC-2600-32 pktSize=32
SYNC_NOT_FOUND first4=9051D198
SYNC_NOT_FOUND first4=E1AD8F55
SYNC_NOT_FOUND first4=660F90E3
SYNC_NOT_FOUND first4=9074BB39
2026-07-26T11:58:13.459024+00:00 SYNC_NOT_FOUND first4=C3B200CF
SYNC_NOT_FOUND first4=D5F294A3
SYNC_NOT_FOUND first4=D05CEB04
SYNC_NOT_FOUND first4=5F90012C
2026-07-26T11:58:14.470553+00:00 SYNC_NOT_FOUND first4=4396D917
PHASE_RESULT 12 HF-FLRC-2600-32 pktSize=32 rx=0 unique=0 lost=100 per=100.0 rssi_avg=0 rssi_min=0 crc_err=0 garbage=9 tx_lat=0.00000 tx_lon=0.00000 sats=0 fix=0 utc=0 tx_fw=none rx_fw=unknown
PHASE_GUARD 500
PHASE_START 13 HF-FLRC-2600-64 pktSize=64
SYNC_NOT_FOUND first4=778E75A0
SYNC_NOT_FOUND first4=23D894E2
2026-07-26T11:58:15.489879+00:00 SYNC_NOT_FOUND first4=63EAD06D
SYNC_NOT_FOUND first4=3AAAE5AB
SYNC_NOT_FOUND first4=5065C949
SYNC_NOT_FOUND first4=F0A3D8B0
SYNC_NOT_FOUND first4=2460619E
SYNC_NOT_FOUND first4=4AB5BC7B
SYNC_NOT_FOUND first4=02A50658
2026-07-26T11:58:16.501045+00:00 SYNC_NOT_FOUND first4=EE5FB7B7
PHASE_RESULT 13 HF-FLRC-2600-64 pktSize=64 rx=0 unique=0 lost=100 per=100.0 rssi_avg=0 rssi_min=0 crc_err=0 garbage=10 tx_lat=0.00000 tx_lon=0.00000 sats=0 fix=0 utc=0 tx_fw=none rx_fw=unknown
PHASE_GUARD 500
PHASE_START 14 HF-FLRC-2600-128 pktSize=128
SYNC_NOT_FOUND first4=F32CA250
SYNC_NOT_FOUND first4=BB04B3AB
SYNC_NOT_FOUND first4=7AB98F8C
SYNC_NOT_FOUND first4=C21A5FD5
SYNC_NOT_FOUND first4=4F9D3364
2026-07-26T11:58:17.520359+00:00 SYNC_NOT_FOUND first4=8BC293A1
SYNC_NOT_FOUND first4=18B87008
SYNC_NOT_FOUND first4=453E383C
TIME_SYNCED utc=1785067096 offset=1785062474
SYNC_NOT_FOUND first4=E0CB2079
SYNC_NOT_FOUND first4=4B15CBF2
SYNC_NOT_FOUND first4=D51287CD
SYNC_NOT_FOUND first4=7C9764D8
SYNC_NOT_FOUND first4=9EB67683
SYNC_NOT_FOUND first4=18EEADF2
2026-07-26T11:58:18.532024+00:00 SYNC_NOT_FOUND first4=FD03A6B2
SYNC_NOT_FOUND first4=F7A686A0
SYNC_NOT_FOUND first4=3D643D03
SYNC_NOT_FOUND first4=AAA27E5A
SYNC_NOT_FOUND first4=B87F8719
2026-07-26T11:58:19.542946+00:00 SYNC_NOT_FOUND first4=6681E41E
PHASE_RESULT 14 HF-FLRC-2600-128 pktSize=128 rx=0 unique=0 lost=100 per=100.0 rssi_avg=0 rssi_min=0 crc_err=0 garbage=20 tx_lat=0.00000 tx_lon=0.00000 sats=0 fix=0 utc=0 tx_fw=none rx_fw=unknown
PHASE_GUARD 500
PHASE_START 15 HF-FLRC-2600-255 pktSize=255
SYNC_NOT_FOUND first4=493A817D
SYNC_NOT_FOUND first4=63801DF5
SYNC_NOT_FOUND first4=1592F45E
SYNC_NOT_FOUND first4=D1EB04B4
SYNC_NOT_FOUND first4=3D402C6C
2026-07-26T11:58:20.563747+00:00 SYNC_NOT_FOUND first4=6C4C3BBF
TIME_SYNCED utc=1785067099 offset=1785062475
PHASE_RESULT 15 HF-FLRC-2600-255 pktSize=255 rx=0 unique=0 lost=100 per=100.0 rssi_avg=0 rssi_min=0 crc_err=0 garbage=6 tx_lat=0.00000 tx_lon=0.00000 sats=0 fix=0 utc=0 tx_fw=none rx_fw=unknown
PHASE_GUARD 500
PHASE_START 16 HF-FLRC-1300-32 pktSize=32
SYNC_NOT_FOUND first4=E1F6D099
SYNC_NOT_FOUND first4=8C58F6A7
2026-07-26T11:58:21.572559+00:00 SYNC_NOT_FOUND first4=88CB93AE
SYNC_NOT_FOUND first4=DC173DE8
SYNC_NOT_FOUND first4=D8CB0E52
2026-07-26T11:58:22.591471+00:00 SYNC_NOT_FOUND first4=9C596A9B
PHASE_RESULT 16 HF-FLRC-1300-32 pktSize=32 rx=0 unique=0 lost=100 per=100.0 rssi_avg=0 rssi_min=0 crc_err=0 garbage=6 tx_lat=0.00000 tx_lon=0.00000 sats=0 fix=0 utc=0 tx_fw=none rx_fw=unknown
PHASE_GUARD 500
PHASE_START 17 HF-FLRC-1300-64 pktSize=64
SYNC_NOT_FOUND first4=73CFB111
SYNC_NOT_FOUND first4=6835D450
SYNC_NOT_FOUND first4=7DCDC462
SYNC_NOT_FOUND first4=84AEC13F
SYNC_NOT_FOUND first4=611866CE
2026-07-26T11:58:23.602538+00:00 SYNC_NOT_FOUND first4=87B8A91C
SYNC_NOT_FOUND first4=B69CDD99
SYNC_NOT_FOUND first4=A8D6F75E
SYNC_NOT_FOUND first4=949D5E5D
SYNC_NOT_FOUND first4=4176F2C1
SYNC_NOT_FOUND first4=A8CA4983
2026-07-26T11:58:24.613884+00:00 PHASE_RESULT 17 HF-FLRC-1300-64 pktSize=64 rx=0 unique=0 lost=100 per=100.0 rssi_avg=0 rssi_min=0 crc_err=0 garbage=11 tx_lat=0.00000 tx_lon=0.00000 sats=0 fix=0 utc=0 tx_fw=none rx_fw=unknown
PHASE_GUARD 500
PHASE_START 18 HF-FLRC-1300-128 pktSize=128
SYNC_NOT_FOUND first4=E49FCECE
SYNC_NOT_FOUND first4=89561709
SYNC_NOT_FOUND first4=41E2DF0A
2026-07-26T11:58:25.630220+00:00 SYNC_NOT_FOUND first4=AD9A4965
SYNC_NOT_FOUND first4=E9CD75A2
2026-07-26T11:58:26.641433+00:00 PHASE_RESULT 18 HF-FLRC-1300-128 pktSize=128 rx=0 unique=0 lost=100 per=100.0 rssi_avg=0 rssi_min=0 crc_err=0 garbage=5 tx_lat=0.00000 tx_lon=0.00000 sats=0 fix=0 utc=0 tx_fw=none rx_fw=unknown
PHASE_GUARD 500
PHASE_START 19 HF-FLRC-1300-255 pktSize=255
SYNC_NOT_FOUND first4=58237787
SYNC_NOT_FOUND first4=CC43C4CF
SYNC_NOT_FOUND first4=691A81A2
SYNC_NOT_FOUND first4=85BB8A35
SYNC_NOT_FOUND first4=799AAC19
SYNC_NOT_FOUND first4=75633B9B
2026-07-26T11:58:27.659762+00:00 SYNC_NOT_FOUND first4=C5436B8D
SYNC_NOT_FOUND first4=89D91A6A
SYNC_NOT_FOUND first4=59AA8989
TIME_SYNCED utc=1785067106 offset=1785062474
SYNC_NOT_FOUND first4=CBFEB7B5
SYNC_NOT_FOUND first4=AE39978E
2026-07-26T11:58:28.677266+00:00 SYNC_NOT_FOUND first4=1AB469A9
SYNC_NOT_FOUND first4=CB9F266E
PHASE_RESULT 19 HF-FLRC-1300-255 pktSize=255 rx=0 unique=0 lost=100 per=100.0 rssi_avg=0 rssi_min=0 crc_err=0 garbage=13 tx_lat=0.00000 tx_lon=0.00000 sats=0 fix=0 utc=0 tx_fw=none rx_fw=unknown
PHASE_GUARD 500
2026-07-26T11:58:29.688501+00:00 PHASE_START 20 HF-FLRC-650-32 pktSize=32
SYNC_NOT_FOUND first4=24F329DD
SYNC_NOT_FOUND first4=19FC305C
SYNC_NOT_FOUND first4=DD740B23
SYNC_NOT_FOUND first4=CCC21FDD
SYNC_NOT_FOUND first4=297D5DB0
SYNC_NOT_FOUND first4=4A99D949
SYNC_NOT_FOUND first4=91A8C1E4
SYNC_NOT_FOUND first4=9B01494E
SYNC_NOT_FOUND first4=57E775FE
SYNC_NOT_FOUND first4=3A80B8E5
SYNC_NOT_FOUND first4=3382165F
SYNC_NOT_FOUND first4=3B3B0825
SYNC_NOT_FOUND first4=90349D0F
SYNC_NOT_FOUND first4=4F5D7849
SYNC_NOT_FOUND first4=7C645D45
SYNC_NOT_FOUND first4=8D39954B
SYNC_NOT_FOUND first4=5452EAA4
SYNC_NOT_FOUND first4=B19CC48E
SYNC_NOT_FOUND first4=9780FEE6
2026-07-26T11:58:30.709119+00:00 SYNC_NOT_FOUND first4=E5670D1D
SYNC_NOT_FOUND first4=81394711
TIME_SYNCED utc=1785067109 offset=1785062474
SYNC_NOT_FOUND first4=178F943D
SYNC_NOT_FOUND first4=3C888D25
SYNC_NOT_FOUND first4=A1FA763A
SYNC_NOT_FOUND first4=760DB555
SYNC_NOT_FOUND first4=A8EEE866
SYNC_NOT_FOUND first4=143335DE
SYNC_NOT_FOUND first4=4F7D61BC
SYNC_NOT_FOUND first4=83AD7976
PHASE_RESULT 20 HF-FLRC-650-32 pktSize=32 rx=0 unique=0 lost=100 per=100.0 rssi_avg=0 rssi_min=0 crc_err=0 garbage=29 tx_lat=0.00000 tx_lon=0.00000 sats=0 fix=0 utc=0 tx_fw=none rx_fw=unknown
PHASE_GUARD 500
2026-07-26T11:58:31.720204+00:00 PHASE_START 21 HF-FLRC-650-64 pktSize=64
SYNC_NOT_FOUND first4=E7902D09
SYNC_NOT_FOUND first4=BB8967CC
SYNC_NOT_FOUND first4=3A57796D
SYNC_NOT_FOUND first4=5A15D2FE
SYNC_NOT_FOUND first4=B34952FD
SYNC_NOT_FOUND first4=ECC2C2B9
SYNC_NOT_FOUND first4=4455814C
SYNC_NOT_FOUND first4=6240F247
SYNC_NOT_FOUND first4=B0DF69E9
SYNC_NOT_FOUND first4=E30116D1
SYNC_NOT_FOUND first4=E2741AFB
SYNC_NOT_FOUND first4=29DB9166
SYNC_NOT_FOUND first4=9F0346D3
SYNC_NOT_FOUND first4=1B44C173
SYNC_NOT_FOUND first4=130D3488
2026-07-26T11:58:32.739295+00:00 SYNC_NOT_FOUND first4=AA8C868A
SYNC_NOT_FOUND first4=5AA60303
SYNC_NOT_FOUND first4=B6082E76
SYNC_NOT_FOUND first4=EDDF2D84
SYNC_NOT_FOUND first4=CB42140A
SYNC_NOT_FOUND first4=54F3313F
SYNC_NOT_FOUND first4=AEBD80B5
SYNC_NOT_FOUND first4=E07855BD
SYNC_NOT_FOUND first4=0E20EE0B
SYNC_NOT_FOUND first4=16132E03
SYNC_NOT_FOUND first4=8CCEFFA2
SYNC_NOT_FOUND first4=C663CBD8
SYNC_NOT_FOUND first4=134E4B54
SYNC_NOT_FOUND first4=3CD11D3A
SYNC_NOT_FOUND first4=35C63C87
SYNC_NOT_FOUND first4=EB5B8234
SYNC_NOT_FOUND first4=17C1569B
PHASE_RESULT 21 HF-FLRC-650-64 pktSize=64 rx=0 unique=0 lost=100 per=100.0 rssi_avg=0 rssi_min=0 crc_err=0 garbage=32 tx_lat=0.00000 tx_lon=0.00000 sats=0 fix=0 utc=0 tx_fw=none rx_fw=unknown
PHASE_GUARD 500
2026-07-26T11:58:33.750655+00:00 PHASE_START 22 HF-FLRC-650-128 pktSize=128
SYNC_NOT_FOUND first4=B78FC776
SYNC_NOT_FOUND first4=B1E81CDE
SYNC_NOT_FOUND first4=CFB86BB8
SYNC_NOT_FOUND first4=18F165AA
SYNC_NOT_FOUND first4=2DF69BCE
SYNC_NOT_FOUND first4=1E7A9607
SYNC_NOT_FOUND first4=A6F4EBAD
SYNC_NOT_FOUND first4=83CD8373
SYNC_NOT_FOUND first4=000D8D84
SYNC_NOT_FOUND first4=908A5877
SYNC_NOT_FOUND first4=0717AA41
SYNC_NOT_FOUND first4=861CA3F1
SYNC_NOT_FOUND first4=DD846757
SYNC_NOT_FOUND first4=F1F8EC2F
SYNC_NOT_FOUND first4=0E30EB39
SYNC_NOT_FOUND first4=18BFE358
2026-07-26T11:58:34.761291+00:00 SYNC_NOT_FOUND first4=EFCFD7ED
SYNC_NOT_FOUND first4=92DA80FF
SYNC_NOT_FOUND first4=A6021B14
SYNC_NOT_FOUND first4=26071350
SYNC_NOT_FOUND first4=43ADA4E6
SYNC_NOT_FOUND first4=7B2258D8
SYNC_NOT_FOUND first4=99701163
SYNC_NOT_FOUND first4=EE5D208D
SYNC_NOT_FOUND first4=EE4CEA40
SYNC_NOT_FOUND first4=0F7157CB
SYNC_NOT_FOUND first4=4A28D2C8
PHASE_RESULT 22 HF-FLRC-650-128 pktSize=128 rx=0 unique=0 lost=100 per=100.0 rssi_avg=0 rssi_min=0 crc_err=0 garbage=27 tx_lat=0.00000 tx_lon=0.00000 sats=0 fix=0 utc=0 tx_fw=none rx_fw=unknown
PHASE_GUARD 500
2026-07-26T11:58:35.773137+00:00 PHASE_START 23 HF-FLRC-650-255 pktSize=255
SYNC_NOT_FOUND first4=9C234C68
SYNC_NOT_FOUND first4=D9755A7A
SYNC_NOT_FOUND first4=F444B8FA
SYNC_NOT_FOUND first4=122D4D19
SYNC_NOT_FOUND first4=1705CD6E
SYNC_NOT_FOUND first4=C901C195
SYNC_NOT_FOUND first4=F00F74D5
SYNC_NOT_FOUND first4=B31904DA
SYNC_NOT_FOUND first4=89B5D1AF
SYNC_NOT_FOUND first4=17A26340
SYNC_NOT_FOUND first4=E0A6B865
SYNC_NOT_FOUND first4=37F03215
2026-07-26T11:58:36.782243+00:00 SYNC_NOT_FOUND first4=4E6CBC4E
SYNC_NOT_FOUND first4=302E870F
SYNC_NOT_FOUND first4=94D875E3
SYNC_NOT_FOUND first4=D8DFE941
SYNC_NOT_FOUND first4=2C6046A5
SYNC_NOT_FOUND first4=6A0AC0E0
SYNC_NOT_FOUND first4=A4FEA258
SYNC_NOT_FOUND first4=6D36B96D
SYNC_NOT_FOUND first4=99243A4A
SYNC_NOT_FOUND first4=78135754
SYNC_NOT_FOUND first4=F9192CFF
SYNC_NOT_FOUND first4=14D64369
SYNC_NOT_FOUND first4=327478AE
SYNC_NOT_FOUND first4=2AE68469
SYNC_NOT_FOUND first4=108F74B0
SYNC_NOT_FOUND first4=0D7C7D84
SYNC_NOT_FOUND first4=77357115
PHASE_RESULT 23 HF-FLRC-650-255 pktSize=255 rx=0 unique=0 lost=100 per=100.0 rssi_avg=0 rssi_min=0 crc_err=0 garbage=29 tx_lat=0.00000 tx_lon=0.00000 sats=0 fix=0 utc=0 tx_fw=none rx_fw=unknown
PHASE_GUARD 500
2026-07-26T11:58:37.810210+00:00 PHASE_START 24 HF-FLRC-325-32 pktSize=32
TIME_SYNCED utc=1785067117 offset=1785062475
SYNC_NOT_FOUND first4=69363BA9
SYNC_NOT_FOUND first4=92D410FA
PHASE_RESULT 24 HF-FLRC-325-32 pktSize=32 rx=0 unique=0 lost=100 per=100.0 rssi_avg=0 rssi_min=0 crc_err=0 garbage=2 tx_lat=0.00000 tx_lon=0.00000 sats=0 fix=0 utc=0 tx_fw=none rx_fw=unknown
PHASE_GUARD 500
PHASE_START 25 HF-FLRC-325-64 pktSize=64
2026-07-26T11:58:38.821353+00:00 SYNC_NOT_FOUND first4=5B4A3F10
SYNC_NOT_FOUND first4=EC8CA459
SYNC_NOT_FOUND first4=C532A09D
2026-07-26T11:58:39.835675+00:00 PHASE_RESULT 25 HF-FLRC-325-64 pktSize=64 rx=0 unique=0 lost=100 per=100.0 rssi_avg=0 rssi_min=0 crc_err=0 garbage=3 tx_lat=0.00000 tx_lon=0.00000 sats=0 fix=0 utc=0 tx_fw=none rx_fw=unknown
PHASE_GUARD 500
PHASE_START 26 HF-FLRC-325-128 pktSize=128
2026-07-26T11:58:40.869350+00:00 TIME_SYNCED utc=1785067119 offset=1785062474
PHASE_RESULT 26 HF-FLRC-325-128 pktSize=128 rx=0 unique=0 lost=100 per=100.0 rssi_avg=0 rssi_min=0 crc_err=0 garbage=0 tx_lat=0.00000 tx_lon=0.00000 sats=0 fix=0 utc=0 tx_fw=none rx_fw=unknown
PHASE_GUARD 500
PHASE_START 25 HF-FLRC-325-64 pktSize=64
SYNC_NOT_FOUND first4=E8AC3194
PHASE_RESULT 25 HF-FLRC-325-64 pktSize=64 rx=0 unique=0 lost=100 per=100.0 rssi_avg=0 rssi_min=0 crc_err=0 garbage=1 tx_lat=0.00000 tx_lon=0.00000 sats=0 fix=0 utc=0 tx_fw=none rx_fw=unknown
PHASE_GUARD 500
PHASE_START 26 HF-FLRC-325-128 pktSize=128
2026-07-26T11:58:41.880557+00:00 SYNC_NOT_FOUND first4=F91E511A
SYNC_NOT_FOUND first4=277AFC06
2026-07-26T11:58:42.905845+00:00 SYNC_NOT_FOUND first4=E382754C
PHASE_RESULT 26 HF-FLRC-325-128 pktSize=128 rx=0 unique=0 lost=100 per=100.0 rssi_avg=0 rssi_min=0 crc_err=0 garbage=3 tx_lat=0.00000 tx_lon=0.00000 sats=0 fix=0 utc=0 tx_fw=none rx_fw=unknown
PHASE_GUARD 500
PHASE_START 27 HF-FLRC-325-255 pktSize=255
2026-07-26T11:58:43.909548+00:00 SYNC_NOT_FOUND first4=E47281E3
SYNC_NOT_FOUND first4=DD9DD94C
SYNC_NOT_FOUND first4=0408F12E
2026-07-26T11:58:44.935824+00:00 SYNC_NOT_FOUND first4=452FBE36
SYNC_NOT_FOUND first4=60F4D4C5
PHASE_RESULT 27 HF-FLRC-325-255 pktSize=255 rx=0 unique=0 lost=100 per=100.0 rssi_avg=0 rssi_min=0 crc_err=0 garbage=5 tx_lat=0.00000 tx_lon=0.00000 sats=0 fix=0 utc=0 tx_fw=none rx_fw=unknown
PHASE_GUARD 500
LORA_CFG path=0 bw=0x05 sf=7
PHASE_START 28 LF-LoRa-SF7-32 pktSize=32
2026-07-26T11:58:47.013932+00:00 PHASE_RESULT 28 LF-LoRa-SF7-32 pktSize=32 rx=0 unique=0 lost=20 per=100.0 rssi_avg=0 rssi_min=0 crc_err=0 garbage=0 tx_lat=0.00000 tx_lon=0.00000 sats=0 fix=0 utc=0 tx_fw=none rx_fw=unknown
PHASE_GUARD 500
LORA_CFG path=0 bw=0x05 sf=7
PHASE_START 29 LF-LoRa-SF7-64 pktSize=64
2026-07-26T11:58:48.035294+00:00 TIME_SYNCED utc=1785067127 offset=1785062475
2026-07-26T11:58:49.041333+00:00 PHASE_RESULT 29 LF-LoRa-SF7-64 pktSize=64 rx=0 unique=0 lost=20 per=100.0 rssi_avg=0 rssi_min=0 crc_err=0 garbage=0 tx_lat=0.00000 tx_lon=0.00000 sats=0 fix=0 utc=0 tx_fw=none rx_fw=unknown
PHASE_GUARD 500
LORA_CFG path=0 bw=0x05 sf=7
PHASE_START 30 LF-LoRa-SF7-128 pktSize=128
2026-07-26T11:58:51.105001+00:00 TIME_SYNCED utc=1785067130 offset=1785062475
2026-07-26T11:58:53.187007+00:00 PHASE_RESULT 30 LF-LoRa-SF7-128 pktSize=128 rx=0 unique=0 lost=13 per=100.0 rssi_avg=0 rssi_min=0 crc_err=0 garbage=0 tx_lat=0.00000 tx_lon=0.00000 sats=0 fix=0 utc=0 tx_fw=none rx_fw=unknown
PHASE_GUARD 500
LORA_CFG path=0 bw=0x05 sf=7
PHASE_START 31 LF-LoRa-SF7-255 pktSize=255
2026-07-26T11:58:57.370243+00:00 PHASE_RESULT 31 LF-LoRa-SF7-255 pktSize=255 rx=0 unique=0 lost=7 per=100.0 rssi_avg=0 rssi_min=0 crc_err=0 garbage=0 tx_lat=0.00000 tx_lon=0.00000 sats=0 fix=0 utc=0 tx_fw=none rx_fw=unknown
PHASE_GUARD 500
LORA_CFG path=0 bw=0x05 sf=9
PHASE_START 32 LF-LoRa-SF9-32 pktSize=32
TIME_SYNCED utc=1785067137 offset=1785062475
2026-07-26T11:59:01.551351+00:00 TIME_SYNCED utc=1785067140 offset=1785062475
PHASE_RESULT 32 LF-LoRa-SF9-32 pktSize=32 rx=0 unique=0 lost=7 per=100.0 rssi_avg=0 rssi_min=0 crc_err=0 garbage=0 tx_lat=0.00000 tx_lon=0.00000 sats=0 fix=0 utc=0 tx_fw=none rx_fw=unknown
PHASE_GUARD 500
LORA_CFG path=0 bw=0x05 sf=9
PHASE_START 33 LF-LoRa-SF9-64 pktSize=64
2026-07-26T11:59:04.680718+00:00 PHASE_RESULT 33 LF-LoRa-SF9-64 pktSize=64 rx=0 unique=0 lost=3 per=100.0 rssi_avg=0 rssi_min=0 crc_err=0 garbage=0 tx_lat=0.00000 tx_lon=0.00000 sats=0 fix=0 utc=0 tx_fw=none rx_fw=unknown
PHASE_GUARD 500
LORA_CFG path=0 bw=0x05 sf=9
PHASE_START 34 LF-LoRa-SF9-128 pktSize=128
2026-07-26T11:59:05.707071+00:00 PHASE_RESULT 34 LF-LoRa-SF9-128 pktSize=128 rx=0 unique=0 lost=1 per=100.0 rssi_avg=0 rssi_min=0 crc_err=0 garbage=0 tx_lat=0.00000 tx_lon=0.00000 sats=0 fix=0 utc=0 tx_fw=none rx_fw=unknown
PHASE_GUARD 500
2026-07-26T11:59:06.738408+00:00 LORA_CFG path=0 bw=0x05 sf=9
PHASE_START 35 LF-LoRa-SF9-255 pktSize=255
2026-07-26T11:59:07.750193+00:00 TIME_SYNCED utc=1785067147 offset=1785062475
2026-07-26T11:59:09.827637+00:00 PHASE_RESULT 35 LF-LoRa-SF9-255 pktSize=255 rx=0 unique=0 lost=1 per=100.0 rssi_avg=0 rssi_min=0 crc_err=0 garbage=0 tx_lat=0.00000 tx_lon=0.00000 sats=0 fix=0 utc=0 tx_fw=none rx_fw=unknown
PHASE_GUARD 500
LORA_CFG path=0 bw=0x05 sf=12
PHASE_START 36 LF-LoRa-SF12-32 pktSize=32
2026-07-26T11:59:11.891285+00:00 TIME_SYNCED utc=1785067150 offset=1785062474
2026-07-26T11:59:17.116420+00:00 TIME_SYNCED utc=1785067157 offset=1785062475
2026-07-26T11:59:22.325228+00:00 TIME_SYNCED utc=1785067161 offset=1785062475
2026-07-26T11:59:25.454220+00:00 PHASE_RESULT 36 LF-LoRa-SF12-32 pktSize=32 rx=0 unique=0 lost=1 per=100.0 rssi_avg=0 rssi_min=0 crc_err=0 garbage=0 tx_lat=0.00000 tx_lon=0.00000 sats=0 fix=0 utc=0 tx_fw=none rx_fw=unknown
PHASE_GUARD 500
LORA_CFG path=0 bw=0x05 sf=12
PHASE_START 37 LF-LoRa-SF12-SKIP SKIP pktSize=64
2026-07-26T11:59:26.465353+00:00 PHASE_RESULT 37 LF-LoRa-SF12-SKIP pktSize=64 rx=0 unique=0 lost=0 per=0.0 rssi_avg=0 rssi_min=0 crc_err=0 garbage=0 tx_lat=0.00000 tx_lon=0.00000 sats=0 fix=0 utc=0 tx_fw=none rx_fw=unknown
PHASE_GUARD 500
LORA_CFG path=0 bw=0x05 sf=12
PHASE_START 38 LF-LoRa-SF12-SKIP SKIP pktSize=128
2026-07-26T11:59:27.492827+00:00 PHASE_RESULT 38 LF-LoRa-SF12-SKIP pktSize=128 rx=0 unique=0 lost=0 per=0.0 rssi_avg=0 rssi_min=0 crc_err=0 garbage=0 tx_lat=0.00000 tx_lon=0.00000 sats=0 fix=0 utc=0 tx_fw=none rx_fw=unknown
PHASE_GUARD 500
LORA_CFG path=0 bw=0x05 sf=12
PHASE_START 39 LF-LoRa-SF12-SKIP SKIP pktSize=255
TIME_SYNCED utc=1785067167 offset=1785062475
2026-07-26T11:59:28.520407+00:00 PHASE_RESULT 39 LF-LoRa-SF12-SKIP pktSize=255 rx=0 unique=0 lost=0 per=0.0 rssi_avg=0 rssi_min=0 crc_err=0 garbage=0 tx_lat=0.00000 tx_lon=0.00000 sats=0 fix=0 utc=0 tx_fw=none rx_fw=unknown
PHASE_GUARD 500
PHASE_START 40 LF-FLRC-2600-32 pktSize=32
2026-07-26T11:59:29.537686+00:00 SYNC_NOT_FOUND first4=1E5D9DE9
SYNC_NOT_FOUND first4=28D2959C
2026-07-26T11:59:30.548821+00:00 PHASE_RESULT 40 LF-FLRC-2600-32 pktSize=32 rx=0 unique=0 lost=100 per=100.0 rssi_avg=0 rssi_min=0 crc_err=0 garbage=2 tx_lat=0.00000 tx_lon=0.00000 sats=0 fix=0 utc=0 tx_fw=none rx_fw=unknown
PHASE_GUARD 500
PHASE_START 41 LF-FLRC-2600-64 pktSize=64
SYNC_NOT_FOUND first4=D954BC6F
SYNC_NOT_FOUND first4=137D60C6
2026-07-26T11:59:32.612714+00:00 TIME_SYNCED utc=1785067171 offset=1785062475
PHASE_RESULT 41 LF-FLRC-2600-64 pktSize=64 rx=0 unique=0 lost=100 per=100.0 rssi_avg=0 rssi_min=0 crc_err=0 garbage=2 tx_lat=0.00000 tx_lon=0.00000 sats=0 fix=0 utc=0 tx_fw=none rx_fw=unknown
PHASE_GUARD 500
PHASE_START 42 LF-FLRC-2600-128 pktSize=128
SYNC_NOT_FOUND first4=D93DAC42
SYNC_NOT_FOUND first4=6EBE4676
SYNC_NOT_FOUND first4=F3617BC8
2026-07-26T11:59:33.642579+00:00 PHASE_RESULT 42 LF-FLRC-2600-128 pktSize=128 rx=0 unique=0 lost=100 per=100.0 rssi_avg=0 rssi_min=0 crc_err=0 garbage=3 tx_lat=0.00000 tx_lon=0.00000 sats=0 fix=0 utc=0 tx_fw=none rx_fw=unknown
2026-07-26T11:59:34.653423+00:00 PHASE_GUARD 500
PHASE_START 43 LF-FLRC-2600-255 pktSize=255
2026-07-26T11:59:35.664594+00:00 PHASE_RESULT 43 LF-FLRC-2600-255 pktSize=255 rx=0 unique=0 lost=100 per=100.0 rssi_avg=0 rssi_min=0 crc_err=0 garbage=0 tx_lat=0.00000 tx_lon=0.00000 sats=0 fix=0 utc=0 tx_fw=none rx_fw=unknown
PHASE_GUARD 500
2026-07-26T11:59:36.669352+00:00 PHASE_START 44 LF-FLRC-1300-32 pktSize=32
2026-07-26T11:59:37.698450+00:00 TIME_SYNCED utc=1785067177 offset=1785062475
PHASE_RESULT 44 LF-FLRC-1300-32 pktSize=32 rx=0 unique=0 lost=100 per=100.0 rssi_avg=0 rssi_min=0 crc_err=0 garbage=0 tx_lat=0.00000 tx_lon=0.00000 sats=0 fix=0 utc=0 tx_fw=none rx_fw=unknown
PHASE_GUARD 500
2026-07-26T11:59:38.718362+00:00 PHASE_START 45 LF-FLRC-1300-64 pktSize=64
2026-07-26T11:59:39.732756+00:00 PHASE_RESULT 45 LF-FLRC-1300-64 pktSize=64 rx=0 unique=0 lost=100 per=100.0 rssi_avg=0 rssi_min=0 crc_err=0 garbage=0 tx_lat=0.00000 tx_lon=0.00000 sats=0 fix=0 utc=0 tx_fw=none rx_fw=unknown
PHASE_GUARD 500
2026-07-26T11:59:40.746604+00:00 PHASE_START 46 LF-FLRC-1300-128 pktSize=128
2026-07-26T11:59:41.757718+00:00 SYNC_NOT_FOUND first4=6BFEDF7C
PHASE_RESULT 46 LF-FLRC-1300-128 pktSize=128 rx=0 unique=0 lost=100 per=100.0 rssi_avg=0 rssi_min=0 crc_err=0 garbage=1 tx_lat=0.00000 tx_lon=0.00000 sats=0 fix=0 utc=0 tx_fw=none rx_fw=unknown
PHASE_GUARD 500
2026-07-26T11:59:42.788342+00:00 PHASE_START 47 LF-FLRC-1300-255 pktSize=255
TIME_SYNCED utc=1785067181 offset=1785062474
PHASE_RESULT 47 LF-FLRC-1300-255 pktSize=255 rx=0 unique=0 lost=100 per=100.0 rssi_avg=0 rssi_min=0 crc_err=0 garbage=0 tx_lat=0.00000 tx_lon=0.00000 sats=0 fix=0 utc=0 tx_fw=none rx_fw=unknown
PHASE_GUARD 500
PHASE_START 46 LF-FLRC-1300-128 pktSize=128
SYNC_NOT_FOUND first4=095635BD
PHASE_RESULT 46 LF-FLRC-1300-128 pktSize=128 rx=0 unique=0 lost=100 per=100.0 rssi_avg=0 rssi_min=0 crc_err=0 garbage=1 tx_lat=0.00000 tx_lon=0.00000 sats=0 fix=0 utc=0 tx_fw=none rx_fw=unknown
PHASE_GUARD 500
PHASE_START 47 LF-FLRC-1300-255 pktSize=255
2026-07-26T11:59:43.801354+00:00 SYNC_NOT_FOUND first4=708319CE
2026-07-26T11:59:44.820211+00:00 PHASE_RESULT 47 LF-FLRC-1300-255 pktSize=255 rx=0 unique=0 lost=100 per=100.0 rssi_avg=0 rssi_min=0 crc_err=0 garbage=1 tx_lat=0.00000 tx_lon=0.00000 sats=0 fix=0 utc=0 tx_fw=none rx_fw=unknown
PHASE_GUARD 500
PHASE_START 48 LF-FLRC-650-32 pktSize=32
2026-07-26T11:59:45.847214+00:00 SYNC_NOT_FOUND first4=67D3312F
2026-07-26T11:59:46.877064+00:00 PHASE_RESULT 48 LF-FLRC-650-32 pktSize=32 rx=0 unique=0 lost=100 per=100.0 rssi_avg=0 rssi_min=0 crc_err=0 garbage=1 tx_lat=0.00000 tx_lon=0.00000 sats=0 fix=0 utc=0 tx_fw=none rx_fw=unknown
PHASE_GUARD 500
PHASE_START 49 LF-FLRC-650-64 pktSize=64
2026-07-26T11:59:47.909580+00:00 SYNC_NOT_FOUND first4=8F0AEB2E
TIME_SYNCED utc=1785067187 offset=1785062475
SYNC_NOT_FOUND first4=3E640037
SYNC_NOT_FOUND first4=6C04C155
PHASE_RESULT 49 LF-FLRC-650-64 pktSize=64 rx=0 unique=0 lost=100 per=100.0 rssi_avg=0 rssi_min=0 crc_err=0 garbage=3 tx_lat=0.00000 tx_lon=0.00000 sats=0 fix=0 utc=0 tx_fw=none rx_fw=unknown
PHASE_GUARD 500
PHASE_START 50 LF-FLRC-650-128 pktSize=128
2026-07-26T11:59:48.920211+00:00 SYNC_NOT_FOUND first4=02191B97
SYNC_NOT_FOUND first4=2E80052C
2026-07-26T11:59:49.946142+00:00 PHASE_RESULT 50 LF-FLRC-650-128 pktSize=128 rx=0 unique=0 lost=100 per=100.0 rssi_avg=0 rssi_min=0 crc_err=0 garbage=2 tx_lat=0.00000 tx_lon=0.00000 sats=0 fix=0 utc=0 tx_fw=none rx_fw=unknown
PHASE_GUARD 500
PHASE_START 51 LF-FLRC-650-255 pktSize=255
2026-07-26T11:59:50.958024+00:00 SYNC_NOT_FOUND first4=7E2A3818
SYNC_NOT_FOUND first4=896F3F1B
2026-07-26T11:59:51.966689+00:00 SYNC_NOT_FOUND first4=D81995BF
SYNC_NOT_FOUND first4=4FFC123D
SYNC_NOT_FOUND first4=CCE9A4C8
PHASE_RESULT 51 LF-FLRC-650-255 pktSize=255 rx=0 unique=0 lost=100 per=100.0 rssi_avg=0 rssi_min=0 crc_err=0 garbage=5 tx_lat=0.00000 tx_lon=0.00000 sats=0 fix=0 utc=0 tx_fw=none rx_fw=unknown
PHASE_GUARD 500
PHASE_START 52 LF-FLRC-325-32 pktSize=32
2026-07-26T11:59:52.996942+00:00 TIME_SYNCED utc=1785067191 offset=1785062474
PHASE_RESULT 52 LF-FLRC-325-32 pktSize=32 rx=0 unique=0 lost=100 per=100.0 rssi_avg=0 rssi_min=0 crc_err=0 garbage=0 tx_lat=0.00000 tx_lon=0.00000 sats=0 fix=0 utc=0 tx_fw=none rx_fw=unknown
PHASE_GUARD 500
PHASE_START 51 LF-FLRC-650-255 pktSize=255
PHASE_RESULT 51 LF-FLRC-650-255 pktSize=255 rx=0 unique=0 lost=100 per=100.0 rssi_avg=0 rssi_min=0 crc_err=0 garbage=0 tx_lat=0.00000 tx_lon=0.00000 sats=0 fix=0 utc=0 tx_fw=none rx_fw=unknown
PHASE_GUARD 500
PHASE_START 52 LF-FLRC-325-32 pktSize=32
2026-07-26T11:59:55.059758+00:00 PHASE_RESULT 52 LF-FLRC-325-32 pktSize=32 rx=0 unique=0 lost=100 per=100.0 rssi_avg=0 rssi_min=0 crc_err=0 garbage=0 tx_lat=0.00000 tx_lon=0.00000 sats=0 fix=0 utc=0 tx_fw=none rx_fw=unknown
PHASE_GUARD 500
PHASE_START 53 LF-FLRC-325-64 pktSize=64
2026-07-26T11:59:57.134859+00:00 PHASE_RESULT 53 LF-FLRC-325-64 pktSize=64 rx=0 unique=0 lost=100 per=100.0 rssi_avg=0 rssi_min=0 crc_err=0 garbage=0 tx_lat=0.00000 tx_lon=0.00000 sats=0 fix=0 utc=0 tx_fw=none rx_fw=unknown
PHASE_GUARD 500
PHASE_START 54 LF-FLRC-325-128 pktSize=128
2026-07-26T11:59:58.159661+00:00 TIME_SYNCED utc=1785067197 offset=1785062475
PHASE_RESULT 54 LF-FLRC-325-128 pktSize=128 rx=0 unique=0 lost=100 per=100.0 rssi_avg=0 rssi_min=0 crc_err=0 garbage=0 tx_lat=0.00000 tx_lon=0.00000 sats=0 fix=0 utc=0 tx_fw=none rx_fw=unknown
PHASE_GUARD 500
PHASE_START 55 LF-FLRC-325-255 pktSize=255
2026-07-26T12:00:00.222145+00:00 PHASE_RESULT 55 LF-FLRC-325-255 pktSize=255 rx=0 unique=0 lost=100 per=100.0 rssi_avg=0 rssi_min=0 crc_err=0 garbage=0 tx_lat=0.00000 tx_lon=0.00000 sats=0 fix=0 utc=0 tx_fw=none rx_fw=unknown
PHASE_GUARD 500
LORA_CFG path=1 bw=0x0F sf=7
PHASE_START 0 HF-LoRa-SF7-32 pktSize=32
2026-07-26T12:00:02.300116+00:00 PHASE_RESULT 0 HF-LoRa-SF7-32 pktSize=32 rx=0 unique=0 lost=20 per=100.0 rssi_avg=0 rssi_min=0 crc_err=0 garbage=0 tx_lat=0.00000 tx_lon=0.00000 sats=0 fix=0 utc=0 tx_fw=none rx_fw=unknown
PHASE_GUARD 500
LORA_CFG path=1 bw=0x0F sf=7
PHASE_START 1 HF-LoRa-SF7-64 pktSize=64
2026-07-26T12:00:03.324228+00:00 TIME_SYNCED utc=1785067202 offset=1785062475
2026-07-26T12:00:04.337046+00:00 PHASE_RESULT 1 HF-LoRa-SF7-64 pktSize=64 rx=0 unique=0 lost=20 per=100.0 rssi_avg=0 rssi_min=0 crc_err=0 garbage=0 tx_lat=0.00000 tx_lon=0.00000 sats=0 fix=0 utc=0 tx_fw=none rx_fw=unknown
PHASE_GUARD 500
LORA_CFG path=1 bw=0x0F sf=7
PHASE_START 2 HF-LoRa-SF7-128 pktSize=128
2026-07-26T12:00:06.406973+00:00 PHASE_RESULT 2 HF-LoRa-SF7-128 pktSize=128 rx=0 unique=0 lost=20 per=100.0 rssi_avg=0 rssi_min=0 crc_err=0 garbage=0 tx_lat=0.00000 tx_lon=0.00000 sats=0 fix=0 utc=0 tx_fw=none rx_fw=unknown
PHASE_GUARD 500
LORA_CFG path=1 bw=0x0F sf=7
PHASE_START 3 HF-LoRa-SF7-255 pktSize=255
2026-07-26T12:00:07.433103+00:00 TIME_SYNCED utc=1785067207 offset=1785062475
2026-07-26T12:00:09.514298+00:00 PHASE_RESULT 3 HF-LoRa-SF7-255 pktSize=255 rx=0 unique=0 lost=20 per=100.0 rssi_avg=0 rssi_min=0 crc_err=0 garbage=0 tx_lat=0.00000 tx_lon=0.00000 sats=0 fix=0 utc=0 tx_fw=none rx_fw=unknown
PHASE_GUARD 500
LORA_CFG path=1 bw=0x0F sf=9
PHASE_START 4 HF-LoRa-SF9-32 pktSize=32
2026-07-26T12:00:11.592295+00:00 PHASE_RESULT 4 HF-LoRa-SF9-32 pktSize=32 rx=0 unique=0 lost=20 per=100.0 rssi_avg=0 rssi_min=0 crc_err=0 garbage=0 tx_lat=0.00000 tx_lon=0.00000 sats=0 fix=0 utc=0 tx_fw=none rx_fw=unknown
PHASE_GUARD 500
LORA_CFG path=1 bw=0x0F sf=9
PHASE_START 5 HF-LoRa-SF9-64 pktSize=64
2026-07-26T12:00:13.655200+00:00 TIME_SYNCED utc=1785067212 offset=1785062474
2026-07-26T12:00:14.666554+00:00 PHASE_RESULT 5 HF-LoRa-SF9-64 pktSize=64 rx=0 unique=0 lost=20 per=100.0 rssi_avg=0 rssi_min=0 crc_err=0 garbage=0 tx_lat=0.00000 tx_lon=0.00000 sats=0 fix=0 utc=0 tx_fw=none rx_fw=unknown
PHASE_GUARD 500
2026-07-26T12:00:15.678190+00:00 LORA_CFG path=1 bw=0x0F sf=9
PHASE_START 6 HF-LoRa-SF9-128 pktSize=128
2026-07-26T12:00:17.740558+00:00 TIME_SYNCED utc=1785067217 offset=1785062475
PHASE_RESULT 6 HF-LoRa-SF9-128 pktSize=128 rx=0 unique=0 lost=13 per=100.0 rssi_avg=0 rssi_min=0 crc_err=0 garbage=0 tx_lat=0.00000 tx_lon=0.00000 sats=0 fix=0 utc=0 tx_fw=none rx_fw=unknown
PHASE_GUARD 500
LORA_CFG path=1 bw=0x0F sf=9
2026-07-26T12:00:18.753233+00:00 PHASE_START 7 HF-LoRa-SF9-255 pktSize=255
2026-07-26T12:00:20.814527+00:00 PHASE_RESULT 7 HF-LoRa-SF9-255 pktSize=255 rx=0 unique=0 lost=6 per=100.0 rssi_avg=0 rssi_min=0 crc_err=0 garbage=0 tx_lat=0.00000 tx_lon=0.00000 sats=0 fix=0 utc=0 tx_fw=none rx_fw=unknown
PHASE_GUARD 500
LORA_CFG path=1 bw=0x0F sf=12
PHASE_START 8 HF-LoRa-SF12-32 pktSize=32
2026-07-26T12:00:23.921210+00:00 TIME_SYNCED utc=1785067222 offset=1785062474
2026-07-26T12:00:24.933038+00:00 PHASE_RESULT 8 HF-LoRa-SF12-32 pktSize=32 rx=0 unique=0 lost=2 per=100.0 rssi_avg=0 rssi_min=0 crc_err=0 garbage=0 tx_lat=0.00000 tx_lon=0.00000 sats=0 fix=0 utc=0 tx_fw=none rx_fw=unknown
PHASE_GUARD 500
LORA_CFG path=1 bw=0x0F sf=12
PHASE_START 9 HF-LoRa-SF12-64 pktSize=64
2026-07-26T12:00:28.046059+00:00 TIME_SYNCED utc=1785067227 offset=1785062475
PHASE_RESULT 9 HF-LoRa-SF12-64 pktSize=64 rx=0 unique=0 lost=1 per=100.0 rssi_avg=0 rssi_min=0 crc_err=0 garbage=0 tx_lat=0.00000 tx_lon=0.00000 sats=0 fix=0 utc=0 tx_fw=none rx_fw=unknown
PHASE_GUARD 500
LORA_CFG path=1 bw=0x0F sf=12
PHASE_START 10 HF-LoRa-SF12-128 pktSize=128
2026-07-26T12:00:32.211112+00:00 PHASE_RESULT 10 HF-LoRa-SF12-128 pktSize=128 rx=0 unique=0 lost=1 per=100.0 rssi_avg=0 rssi_min=0 crc_err=0 garbage=0 tx_lat=0.00000 tx_lon=0.00000 sats=0 fix=0 utc=0 tx_fw=none rx_fw=unknown
PHASE_GUARD 500
LORA_CFG path=1 bw=0x0F sf=12
PHASE_START 11 HF-LoRa-SF12-255 pktSize=255
2026-07-26T12:00:34.274203+00:00 TIME_SYNCED utc=1785067233 offset=1785062475
2026-07-26T12:00:37.387646+00:00 TIME_SYNCED utc=1785067237 offset=1785062475
2026-07-26T12:00:42.602722+00:00 PHASE_RESULT 11 HF-LoRa-SF12-255 pktSize=255 rx=0 unique=0 lost=1 per=100.0 rssi_avg=0 rssi_min=0 crc_err=0 garbage=0 tx_lat=0.00000 tx_lon=0.00000 sats=0 fix=0 utc=0 tx_fw=none rx_fw=unknown
PHASE_GUARD 500
PHASE_START 12 HF-FLRC-2600-32 pktSize=32
SYNC_NOT_FOUND first4=4A3A9785
SYNC_NOT_FOUND first4=6E334F74
SYNC_NOT_FOUND first4=D4EDCD6C
SYNC_NOT_FOUND first4=5466857C
SYNC_NOT_FOUND first4=AD95CC9E
SYNC_NOT_FOUND first4=23601305
SYNC_NOT_FOUND first4=671194C9
2026-07-26T12:00:43.605889+00:00 SYNC_NOT_FOUND first4=D44DF2FD
SYNC_NOT_FOUND first4=6A29BB6F
SYNC_NOT_FOUND first4=586236E8
SYNC_NOT_FOUND first4=EA7206AA
SYNC_NOT_FOUND first4=F1376355
SYNC_NOT_FOUND first4=F4534DF0
SYNC_NOT_FOUND first4=4EFF981E
SYNC_NOT_FOUND first4=DC86E588
SYNC_NOT_FOUND first4=FAB68CA6
2026-07-26T12:00:44.617275+00:00 PHASE_RESULT 12 HF-FLRC-2600-32 pktSize=32 rx=0 unique=0 lost=100 per=100.0 rssi_avg=0 rssi_min=0 crc_err=0 garbage=16 tx_lat=0.00000 tx_lon=0.00000 sats=0 fix=0 utc=0 tx_fw=none rx_fw=unknown
PHASE_GUARD 500
PHASE_START 13 HF-FLRC-2600-64 pktSize=64
TIME_SYNCED utc=1785067243 offset=1785062474
PHASE_RESULT 13 HF-FLRC-2600-64 pktSize=64 rx=0 unique=0 lost=100 per=100.0 rssi_avg=0 rssi_min=0 crc_err=0 garbage=0 tx_lat=0.00000 tx_lon=0.00000 sats=0 fix=0 utc=0 tx_fw=none rx_fw=unknown
PHASE_GUARD 500
PHASE_START 12 HF-FLRC-2600-32 pktSize=32
SYNC_NOT_FOUND first4=E77F89D0
SYNC_NOT_FOUND first4=5CC0956E
SYNC_NOT_FOUND first4=1211BEE7
SYNC_NOT_FOUND first4=AF6124B8
SYNC_NOT_FOUND first4=6B6D87ED
PHASE_RESULT 12 HF-FLRC-2600-32 pktSize=32 rx=0 unique=0 lost=100 per=100.0 rssi_avg=0 rssi_min=0 crc_err=0 garbage=5 tx_lat=0.00000 tx_lon=0.00000 sats=0 fix=0 utc=0 tx_fw=none rx_fw=unknown
2026-07-26T12:00:45.627994+00:00 PHASE_GUARD 500
PHASE_START 13 HF-FLRC-2600-64 pktSize=64
SYNC_NOT_FOUND first4=C179D7F3
SYNC_NOT_FOUND first4=47A2A192
SYNC_NOT_FOUND first4=C97F8D51
SYNC_NOT_FOUND first4=8C09D6A0
SYNC_NOT_FOUND first4=EDC206A0
SYNC_NOT_FOUND first4=1A3F8A99
SYNC_NOT_FOUND first4=A64B4D74
SYNC_NOT_FOUND first4=47312DC8
SYNC_NOT_FOUND first4=561920CE
SYNC_NOT_FOUND first4=9A33CAB6
SYNC_NOT_FOUND first4=5F521B68
SYNC_NOT_FOUND first4=927B1C2D
2026-07-26T12:00:46.639222+00:00 SYNC_NOT_FOUND first4=BC938694
SYNC_NOT_FOUND first4=186FA36E
SYNC_NOT_FOUND first4=0731747D
SYNC_NOT_FOUND first4=C0B152B3
SYNC_NOT_FOUND first4=8622B310
SYNC_NOT_FOUND first4=D0D8FE4C
SYNC_NOT_FOUND first4=033179E9
SYNC_NOT_FOUND first4=08170A79
PHASE_RESULT 13 HF-FLRC-2600-64 pktSize=64 rx=0 unique=0 lost=100 per=100.0 rssi_avg=0 rssi_min=0 crc_err=0 garbage=20 tx_lat=0.00000 tx_lon=0.00000 sats=0 fix=0 utc=0 tx_fw=none rx_fw=unknown
PHASE_GUARD 500
2026-07-26T12:00:47.653211+00:00 PHASE_START 14 HF-FLRC-2600-128 pktSize=128
SYNC_NOT_FOUND first4=907434F8
SYNC_NOT_FOUND first4=62B0D5F9
SYNC_NOT_FOUND first4=6C907759
TIME_SYNCED utc=1785067247 offset=1785062475
SYNC_NOT_FOUND first4=82C123A0
PHASE_RESULT 14 HF-FLRC-2600-128 pktSize=128 rx=0 unique=0 lost=100 per=100.0 rssi_avg=0 rssi_min=0 crc_err=0 garbage=4 tx_lat=0.00000 tx_lon=0.00000 sats=0 fix=0 utc=0 tx_fw=none rx_fw=unknown
PHASE_GUARD 500
2026-07-26T12:00:48.664000+00:00 PHASE_START 15 HF-FLRC-2600-255 pktSize=255
SYNC_NOT_FOUND first4=70672600
SYNC_NOT_FOUND first4=D560CDD1
SYNC_NOT_FOUND first4=EE8193DE
SYNC_NOT_FOUND first4=3C0312B8
SYNC_NOT_FOUND first4=CF2EB5B3
SYNC_NOT_FOUND first4=6D002ACF
2026-07-26T12:00:49.675235+00:00 SYNC_NOT_FOUND first4=D1DA6590
SYNC_NOT_FOUND first4=7B4A5419
SYNC_NOT_FOUND first4=517A167A
SYNC_NOT_FOUND first4=5E967EB1
SYNC_NOT_FOUND first4=A6541762
SYNC_NOT_FOUND first4=D0F7FE8F
SYNC_NOT_FOUND first4=18BE1181
SYNC_NOT_FOUND first4=9C14F56D
SYNC_NOT_FOUND first4=CBA93EF8
SYNC_NOT_FOUND first4=E341783C
SYNC_NOT_FOUND first4=FA530964
SYNC_NOT_FOUND first4=4108CDBF
SYNC_NOT_FOUND first4=764065DC
SYNC_NOT_FOUND first4=DF1F3024
PHASE_RESULT 15 HF-FLRC-2600-255 pktSize=255 rx=0 unique=0 lost=100 per=100.0 rssi_avg=0 rssi_min=0 crc_err=0 garbage=20 tx_lat=0.00000 tx_lon=0.00000 sats=0 fix=0 utc=0 tx_fw=none rx_fw=unknown
PHASE_GUARD 500
2026-07-26T12:00:50.685911+00:00 PHASE_START 16 HF-FLRC-1300-32 pktSize=32
SYNC_NOT_FOUND first4=21BB5625
SYNC_NOT_FOUND first4=B8D58162
SYNC_NOT_FOUND first4=0068AC9C
2026-07-26T12:00:51.697703+00:00 SYNC_NOT_FOUND first4=E2279F78
SYNC_NOT_FOUND first4=F763848A
SYNC_NOT_FOUND first4=8A69A270
PHASE_RESULT 16 HF-FLRC-1300-32 pktSize=32 rx=0 unique=0 lost=100 per=100.0 rssi_avg=0 rssi_min=0 crc_err=0 garbage=6 tx_lat=0.00000 tx_lon=0.00000 sats=0 fix=0 utc=0 tx_fw=none rx_fw=unknown
PHASE_GUARD 500
2026-07-26T12:00:52.708983+00:00 PHASE_START 17 HF-FLRC-1300-64 pktSize=64
SYNC_NOT_FOUND first4=C4D1033F
SYNC_NOT_FOUND first4=DCD2D042
SYNC_NOT_FOUND first4=F4A0E792
2026-07-26T12:00:53.719943+00:00 SYNC_NOT_FOUND first4=7816BB91
SYNC_NOT_FOUND first4=53E0100C
SYNC_NOT_FOUND first4=13C087A6
PHASE_RESULT 17 HF-FLRC-1300-64 pktSize=64 rx=0 unique=0 lost=100 per=100.0 rssi_avg=0 rssi_min=0 crc_err=0 garbage=6 tx_lat=0.00000 tx_lon=0.00000 sats=0 fix=0 utc=0 tx_fw=none rx_fw=unknown
PHASE_GUARD 500
2026-07-26T12:00:54.724764+00:00 PHASE_START 18 HF-FLRC-1300-128 pktSize=128
TIME_SYNCED utc=1785067253 offset=1785062474
PHASE_RESULT 18 HF-FLRC-1300-128 pktSize=128 rx=0 unique=0 lost=100 per=100.0 rssi_avg=0 rssi_min=0 crc_err=0 garbage=0 tx_lat=0.00000 tx_lon=0.00000 sats=0 fix=0 utc=0 tx_fw=none rx_fw=unknown
PHASE_GUARD 500
PHASE_START 17 HF-FLRC-1300-64 pktSize=64
SYNC_NOT_FOUND first4=9A5B9AEF
SYNC_NOT_FOUND first4=6696659D
SYNC_NOT_FOUND first4=6E66284C
SYNC_NOT_FOUND first4=F60DC75A
SYNC_NOT_FOUND first4=71D753B1
SYNC_NOT_FOUND first4=BBDFDD7A
SYNC_NOT_FOUND first4=96B26DFE
PHASE_RESULT 17 HF-FLRC-1300-64 pktSize=64 rx=0 unique=0 lost=100 per=100.0 rssi_avg=0 rssi_min=0 crc_err=0 garbage=7 tx_lat=0.00000 tx_lon=0.00000 sats=0 fix=0 utc=0 tx_fw=none rx_fw=unknown
PHASE_GUARD 500
2026-07-26T12:00:55.735856+00:00 PHASE_START 18 HF-FLRC-1300-128 pktSize=128
SYNC_NOT_FOUND first4=73DB0EF6
SYNC_NOT_FOUND first4=D9B7F3E5
SYNC_NOT_FOUND first4=E647426D
SYNC_NOT_FOUND first4=AF2A3A48
SYNC_NOT_FOUND first4=9C4E7B79
2026-07-26T12:00:56.747295+00:00 SYNC_NOT_FOUND first4=D9DA2692
SYNC_NOT_FOUND first4=49E7975C
SYNC_NOT_FOUND first4=A4CD3EE5
SYNC_NOT_FOUND first4=86E87650
PHASE_RESULT 18 HF-FLRC-1300-128 pktSize=128 rx=0 unique=0 lost=100 per=100.0 rssi_avg=0 rssi_min=0 crc_err=0 garbage=9 tx_lat=0.00000 tx_lon=0.00000 sats=0 fix=0 utc=0 tx_fw=none rx_fw=unknown
PHASE_GUARD 500
2026-07-26T12:00:57.758668+00:00 PHASE_START 19 HF-FLRC-1300-255 pktSize=255
SYNC_NOT_FOUND first4=FB51F764
TIME_SYNCED utc=1785067257 offset=1785062475
SYNC_NOT_FOUND first4=8DE0B40E
PHASE_RESULT 19 HF-FLRC-1300-255 pktSize=255 rx=0 unique=0 lost=100 per=100.0 rssi_avg=0 rssi_min=0 crc_err=0 garbage=2 tx_lat=0.00000 tx_lon=0.00000 sats=0 fix=0 utc=0 tx_fw=none rx_fw=unknown
PHASE_GUARD 500
2026-07-26T12:00:58.769828+00:00 PHASE_START 20 HF-FLRC-650-32 pktSize=32
SYNC_NOT_FOUND first4=680299D9
SYNC_NOT_FOUND first4=8173E8E7
SYNC_NOT_FOUND first4=86007B16
SYNC_NOT_FOUND first4=9B34D916
SYNC_NOT_FOUND first4=E8DB4E8F
SYNC_NOT_FOUND first4=2BCF0A23
SYNC_NOT_FOUND first4=DA43CAB0
SYNC_NOT_FOUND first4=E2F5184C
SYNC_NOT_FOUND first4=EA5FCB84
SYNC_NOT_FOUND first4=0E18D904
SYNC_NOT_FOUND first4=F753D292
SYNC_NOT_FOUND first4=F8F8A5C2
SYNC_NOT_FOUND first4=AFB269B7
SYNC_NOT_FOUND first4=653DA212
SYNC_NOT_FOUND first4=F0C23613
SYNC_NOT_FOUND first4=0773ADF0
SYNC_NOT_FOUND first4=3598FE92
2026-07-26T12:00:59.781671+00:00 SYNC_NOT_FOUND first4=A7B87AC6
SYNC_NOT_FOUND first4=2F60B0FC
SYNC_NOT_FOUND first4=201B28B4
SYNC_NOT_FOUND first4=C670066D
SYNC_NOT_FOUND first4=E3C51943
SYNC_NOT_FOUND first4=0A14A5F9
SYNC_NOT_FOUND first4=A2D5BE42
SYNC_NOT_FOUND first4=2A709E27
SYNC_NOT_FOUND first4=4B2D4BFD
SYNC_NOT_FOUND first4=F1E441B9
SYNC_NOT_FOUND first4=E95D3BC1
SYNC_NOT_FOUND first4=0D1B24BC
SYNC_NOT_FOUND first4=8C3A714C
SYNC_NOT_FOUND first4=012D5ABA
SYNC_NOT_FOUND first4=C5EE2AEF
SYNC_NOT_FOUND first4=B8903413
SYNC_NOT_FOUND first4=D8FF319E
PHASE_RESULT 20 HF-FLRC-650-32 pktSize=32 rx=0 unique=0 lost=100 per=100.0 rssi_avg=0 rssi_min=0 crc_err=0 garbage=34 tx_lat=0.00000 tx_lon=0.00000 sats=0 fix=0 utc=0 tx_fw=none rx_fw=unknown
PHASE_GUARD 500
PHASE_START 21 HF-FLRC-650-64 pktSize=64
2026-07-26T12:01:00.792711+00:00 SYNC_NOT_FOUND first4=9C1A6D48
SYNC_NOT_FOUND first4=3DD8B520
SYNC_NOT_FOUND first4=8F7FA725
SYNC_NOT_FOUND first4=652478C5
SYNC_NOT_FOUND first4=A73F4A4B
SYNC_NOT_FOUND first4=2E1E3E72
SYNC_NOT_FOUND first4=257A700D
SYNC_NOT_FOUND first4=FE2E9CA2
SYNC_NOT_FOUND first4=DA897211
SYNC_NOT_FOUND first4=FF44EC2C
SYNC_NOT_FOUND first4=9CFE0D98
SYNC_NOT_FOUND first4=76EE0BD6
SYNC_NOT_FOUND first4=D500D506
SYNC_NOT_FOUND first4=0DD7F4B5
SYNC_NOT_FOUND first4=659E36FC
SYNC_NOT_FOUND first4=08058D7F
SYNC_NOT_FOUND first4=FC4F3746
2026-07-26T12:01:01.804445+00:00 SYNC_NOT_FOUND first4=09E5A98D
SYNC_NOT_FOUND first4=33B41DEA
SYNC_NOT_FOUND first4=E457EFB5
SYNC_NOT_FOUND first4=6E229720
SYNC_NOT_FOUND first4=2CFD3B92
SYNC_NOT_FOUND first4=C2594701
SYNC_NOT_FOUND first4=66EFECC0
SYNC_NOT_FOUND first4=E0D67D15
SYNC_NOT_FOUND first4=6FBCB255
SYNC_NOT_FOUND first4=66609DCA
SYNC_NOT_FOUND first4=27568C02
PHASE_RESULT 21 HF-FLRC-650-64 pktSize=64 rx=0 unique=0 lost=100 per=100.0 rssi_avg=0 rssi_min=0 crc_err=0 garbage=28 tx_lat=0.00000 tx_lon=0.00000 sats=0 fix=0 utc=0 tx_fw=none rx_fw=unknown
PHASE_GUARD 500
PHASE_START 22 HF-FLRC-650-128 pktSize=128
SYNC_NOT_FOUND first4=0CA5B656
2026-07-26T12:01:02.815820+00:00 SYNC_NOT_FOUND first4=EE157FAC
SYNC_NOT_FOUND first4=F8C1A583
SYNC_NOT_FOUND first4=89534917
SYNC_NOT_FOUND first4=8FF7F1BB
SYNC_NOT_FOUND first4=79205BA8
SYNC_NOT_FOUND first4=61C7E4FD
SYNC_NOT_FOUND first4=F8D7AB34
SYNC_NOT_FOUND first4=AB0E1032
SYNC_NOT_FOUND first4=A499B3DC
SYNC_NOT_FOUND first4=706CF42C
SYNC_NOT_FOUND first4=3DB008D6
SYNC_NOT_FOUND first4=184A3834
SYNC_NOT_FOUND first4=E4536980
SYNC_NOT_FOUND first4=76935B32
SYNC_NOT_FOUND first4=F15C3A35
SYNC_NOT_FOUND first4=B9061D3C
SYNC_NOT_FOUND first4=025979AA
SYNC_NOT_FOUND first4=FA2CA48E
SYNC_NOT_FOUND first4=896A55D6
SYNC_NOT_FOUND first4=5F72E57C
SYNC_NOT_FOUND first4=F589F344
SYNC_NOT_FOUND first4=34536761
2026-07-26T12:01:03.827089+00:00 SYNC_NOT_FOUND first4=3872E008
SYNC_NOT_FOUND first4=649D4646
SYNC_NOT_FOUND first4=C0BD7D92
SYNC_NOT_FOUND first4=5A58A96E
SYNC_NOT_FOUND first4=E66213CB
SYNC_NOT_FOUND first4=F4C7DA5D
SYNC_NOT_FOUND first4=CF3F923E
SYNC_NOT_FOUND first4=9B9161DC
SYNC_NOT_FOUND first4=577795C5
SYNC_NOT_FOUND first4=59E7EDC1
SYNC_NOT_FOUND first4=4658E701
SYNC_NOT_FOUND first4=4704846E
SYNC_NOT_FOUND first4=CFA3ABBE
SYNC_NOT_FOUND first4=844AF773
SYNC_NOT_FOUND first4=9941E244
SYNC_NOT_FOUND first4=07EA5874
SYNC_NOT_FOUND first4=7749475D
SYNC_NOT_FOUND first4=3046DEF4
SYNC_NOT_FOUND first4=C261B09F
SYNC_NOT_FOUND first4=8E878963
PHASE_RESULT 22 HF-FLRC-650-128 pktSize=128 rx=0 unique=0 lost=100 per=100.0 rssi_avg=0 rssi_min=0 crc_err=0 garbage=43 tx_lat=0.00000 tx_lon=0.00000 sats=0 fix=0 utc=0 tx_fw=none rx_fw=unknown
PHASE_GUARD 500
PHASE_START 23 HF-FLRC-650-255 pktSize=255
SYNC_NOT_FOUND first4=B4D9F23D
SYNC_NOT_FOUND first4=EBBA395D
2026-07-26T12:01:04.841822+00:00 TIME_SYNCED utc=1785067263 offset=1785062474
PHASE_RESULT 23 HF-FLRC-650-255 pktSize=255 rx=0 unique=0 lost=100 per=100.0 rssi_avg=0 rssi_min=0 crc_err=0 garbage=2 tx_lat=0.00000 tx_lon=0.00000 sats=0 fix=0 utc=0 tx_fw=none rx_fw=unknown
PHASE_GUARD 500
PHASE_START 22 HF-FLRC-650-128 pktSize=128
SYNC_NOT_FOUND first4=7711D6EC
SYNC_NOT_FOUND first4=BC26FAB6
SYNC_NOT_FOUND first4=AF4454D0
SYNC_NOT_FOUND first4=D7268128
SYNC_NOT_FOUND first4=155AA6BF
SYNC_NOT_FOUND first4=06E2631B
SYNC_NOT_FOUND first4=F4A29078
SYNC_NOT_FOUND first4=1F6065E7
SYNC_NOT_FOUND first4=71EAA1C8
SYNC_NOT_FOUND first4=43EC509D
SYNC_NOT_FOUND first4=1BB3E28A
SYNC_NOT_FOUND first4=23CBF992
SYNC_NOT_FOUND first4=62F50883
SYNC_NOT_FOUND first4=5384FD62
PHASE_RESULT 22 HF-FLRC-650-128 pktSize=128 rx=0 unique=0 lost=100 per=100.0 rssi_avg=0 rssi_min=0 crc_err=0 garbage=14 tx_lat=0.00000 tx_lon=0.00000 sats=0 fix=0 utc=0 tx_fw=none rx_fw=unknown
PHASE_GUARD 500
PHASE_START 23 HF-FLRC-650-255 pktSize=255
SYNC_NOT_FOUND first4=10FBCA76
SYNC_NOT_FOUND first4=4D06FD27
SYNC_NOT_FOUND first4=2301B4ED
SYNC_NOT_FOUND first4=4B61924C
2026-07-26T12:01:05.852444+00:00 SYNC_NOT_FOUND first4=A8831F94
SYNC_NOT_FOUND first4=9DA36435
SYNC_NOT_FOUND first4=3DF3168B
SYNC_NOT_FOUND first4=F9D46941
SYNC_NOT_FOUND first4=304AEACE
SYNC_NOT_FOUND first4=C6683434
SYNC_NOT_FOUND first4=DD54C594
SYNC_NOT_FOUND first4=B1EF5D40
SYNC_NOT_FOUND first4=F169801D
SYNC_NOT_FOUND first4=1D242D26
SYNC_NOT_FOUND first4=F3CB0BD6
SYNC_NOT_FOUND first4=7257F98F
SYNC_NOT_FOUND first4=47379832
SYNC_NOT_FOUND first4=834B3135
SYNC_NOT_FOUND first4=D6F93924
SYNC_NOT_FOUND first4=64409464
SYNC_NOT_FOUND first4=FCB96A9B
SYNC_NOT_FOUND first4=775A0461
2026-07-26T12:01:06.864234+00:00 SYNC_NOT_FOUND first4=06AEC4FF
SYNC_NOT_FOUND first4=B8C85EB8
SYNC_NOT_FOUND first4=D5108837
SYNC_NOT_FOUND first4=6E2594A1
SYNC_NOT_FOUND first4=ACED9195
SYNC_NOT_FOUND first4=55E50E8D
SYNC_NOT_FOUND first4=72F9D326
SYNC_NOT_FOUND first4=08843C2E
SYNC_NOT_FOUND first4=EA96E448
SYNC_NOT_FOUND first4=93A804E8
SYNC_NOT_FOUND first4=C621F4A8
SYNC_NOT_FOUND first4=16BB888E
SYNC_NOT_FOUND first4=647EF644
SYNC_NOT_FOUND first4=E38A364C
SYNC_NOT_FOUND first4=8387B689
SYNC_NOT_FOUND first4=57193A63
SYNC_NOT_FOUND first4=6C5E608D
SYNC_NOT_FOUND first4=AA43C0FB
SYNC_NOT_FOUND first4=D193318D
SYNC_NOT_FOUND first4=E6154EDF
SYNC_NOT_FOUND first4=2EB10F4B
SYNC_NOT_FOUND first4=97D40950
PHASE_RESULT 23 HF-FLRC-650-255 pktSize=255 rx=0 unique=0 lost=100 per=100.0 rssi_avg=0 rssi_min=0 crc_err=0 garbage=44 tx_lat=0.00000 tx_lon=0.00000 sats=0 fix=0 utc=0 tx_fw=none rx_fw=unknown
PHASE_GUARD 500
PHASE_START 24 HF-FLRC-325-32 pktSize=32
2026-07-26T12:01:07.875457+00:00 SYNC_NOT_FOUND first4=8B008E37
SYNC_NOT_FOUND first4=49C9A2AA
SYNC_NOT_FOUND first4=1DAC0F25
TIME_SYNCED utc=1785067267 offset=1785062475
SYNC_NOT_FOUND first4=576E0E77
PHASE_RESULT 24 HF-FLRC-325-32 pktSize=32 rx=0 unique=0 lost=100 per=100.0 rssi_avg=0 rssi_min=0 crc_err=0 garbage=4 tx_lat=0.00000 tx_lon=0.00000 sats=0 fix=0 utc=0 tx_fw=none rx_fw=unknown
PHASE_GUARD 500
PHASE_START 25 HF-FLRC-325-64 pktSize=64
SYNC_NOT_FOUND first4=190814F8
2026-07-26T12:01:08.886719+00:00 SYNC_NOT_FOUND first4=2496B66A
SYNC_NOT_FOUND first4=393FE360
SYNC_NOT_FOUND first4=3A040328
SYNC_NOT_FOUND first4=FEA7B032
2026-07-26T12:01:09.898421+00:00 SYNC_NOT_FOUND first4=7E906DC8
SYNC_NOT_FOUND first4=5C9E0288
PHASE_RESULT 25 HF-FLRC-325-64 pktSize=64 rx=0 unique=0 lost=100 per=100.0 rssi_avg=0 rssi_min=0 crc_err=0 garbage=7 tx_lat=0.00000 tx_lon=0.00000 sats=0 fix=0 utc=0 tx_fw=none rx_fw=unknown
PHASE_GUARD 500
PHASE_START 26 HF-FLRC-325-128 pktSize=128
2026-07-26T12:01:10.909551+00:00 SYNC_NOT_FOUND first4=05F4EABA
SYNC_NOT_FOUND first4=0E991935
SYNC_NOT_FOUND first4=A6A204D8
SYNC_NOT_FOUND first4=DBC5DD7B
2026-07-26T12:01:11.913784+00:00 SYNC_NOT_FOUND first4=97057FB5
SYNC_NOT_FOUND first4=FF6BD6B6
PHASE_RESULT 26 HF-FLRC-325-128 pktSize=128 rx=0 unique=0 lost=100 per=100.0 rssi_avg=0 rssi_min=0 crc_err=0 garbage=6 tx_lat=0.00000 tx_lon=0.00000 sats=0 fix=0 utc=0 tx_fw=none rx_fw=unknown
PHASE_GUARD 500
PHASE_START 27 HF-FLRC-325-255 pktSize=255
2026-07-26T12:01:12.925300+00:00 SYNC_NOT_FOUND first4=05855C0C
SYNC_NOT_FOUND first4=BC0ED82B
2026-07-26T12:01:13.936468+00:00 SYNC_NOT_FOUND first4=AA90ED03
SYNC_NOT_FOUND first4=2F7906EF
SYNC_NOT_FOUND first4=41F9A596
SYNC_NOT_FOUND first4=10607B21
PHASE_RESULT 27 HF-FLRC-325-255 pktSize=255 rx=0 unique=0 lost=100 per=100.0 rssi_avg=0 rssi_min=0 crc_err=0 garbage=6 tx_lat=0.00000 tx_lon=0.00000 sats=0 fix=0 utc=0 tx_fw=none rx_fw=unknown
PHASE_GUARD 500
LORA_CFG path=0 bw=0x05 sf=7
PHASE_START 28 LF-LoRa-SF7-32 pktSize=32
2026-07-26T12:01:14.940213+00:00 TIME_SYNCED utc=1785067273 offset=1785062474
PHASE_RESULT 28 LF-LoRa-SF7-32 pktSize=32 rx=0 unique=0 lost=20 per=100.0 rssi_avg=0 rssi_min=0 crc_err=0 garbage=0 tx_lat=0.00000 tx_lon=0.00000 sats=0 fix=0 utc=0 tx_fw=none rx_fw=unknown
PHASE_GUARD 500
PHASE_START 27 HF-FLRC-325-255 pktSize=255
SYNC_NOT_FOUND first4=FD1FF086
SYNC_NOT_FOUND first4=9063C1CB
PHASE_RESULT 27 HF-FLRC-325-255 pktSize=255 rx=0 unique=0 lost=100 per=100.0 rssi_avg=0 rssi_min=0 crc_err=0 garbage=2 tx_lat=0.00000 tx_lon=0.00000 sats=0 fix=0 utc=0 tx_fw=none rx_fw=unknown
PHASE_GUARD 500
LORA_CFG path=0 bw=0x05 sf=7
PHASE_START 28 LF-LoRa-SF7-32 pktSize=32
2026-07-26T12:01:17.003198+00:00 PHASE_RESULT 28 LF-LoRa-SF7-32 pktSize=32 rx=0 unique=0 lost=20 per=100.0 rssi_avg=0 rssi_min=0 crc_err=0 garbage=0 tx_lat=0.00000 tx_lon=0.00000 sats=0 fix=0 utc=0 tx_fw=none rx_fw=unknown
PHASE_GUARD 500
LORA_CFG path=0 bw=0x05 sf=7
PHASE_START 29 LF-LoRa-SF7-64 pktSize=64
2026-07-26T12:01:18.015872+00:00 TIME_SYNCED utc=1785067277 offset=1785062475
2026-07-26T12:01:19.027235+00:00 PHASE_RESULT 29 LF-LoRa-SF7-64 pktSize=64 rx=0 unique=0 lost=20 per=100.0 rssi_avg=0 rssi_min=0 crc_err=0 garbage=0 tx_lat=0.00000 tx_lon=0.00000 sats=0 fix=0 utc=0 tx_fw=none rx_fw=unknown
PHASE_GUARD 500
LORA_CFG path=0 bw=0x05 sf=7
PHASE_START 30 LF-LoRa-SF7-128 pktSize=128
2026-07-26T12:01:23.191862+00:00 PHASE_RESULT 30 LF-LoRa-SF7-128 pktSize=128 rx=0 unique=0 lost=13 per=100.0 rssi_avg=0 rssi_min=0 crc_err=0 garbage=0 tx_lat=0.00000 tx_lon=0.00000 sats=0 fix=0 utc=0 tx_fw=none rx_fw=unknown
PHASE_GUARD 500
LORA_CFG path=0 bw=0x05 sf=7
PHASE_START 31 LF-LoRa-SF7-255 pktSize=255
2026-07-26T12:01:25.255458+00:00 TIME_SYNCED utc=1785067284 offset=1785062475
2026-07-26T12:01:27.311616+00:00 PHASE_RESULT 31 LF-LoRa-SF7-255 pktSize=255 rx=0 unique=0 lost=7 per=100.0 rssi_avg=0 rssi_min=0 crc_err=0 garbage=0 tx_lat=0.00000 tx_lon=0.00000 sats=0 fix=0 utc=0 tx_fw=none rx_fw=unknown
PHASE_GUARD 500
LORA_CFG path=0 bw=0x05 sf=9
PHASE_START 32 LF-LoRa-SF9-32 pktSize=32
TIME_SYNCED utc=1785067287 offset=1785062475
2026-07-26T12:01:31.477857+00:00 PHASE_RESULT 32 LF-LoRa-SF9-32 pktSize=32 rx=0 unique=0 lost=7 per=100.0 rssi_avg=0 rssi_min=0 crc_err=0 garbage=0 tx_lat=0.00000 tx_lon=0.00000 sats=0 fix=0 utc=0 tx_fw=none rx_fw=unknown
PHASE_GUARD 500
LORA_CFG path=0 bw=0x05 sf=9
PHASE_START 33 LF-LoRa-SF9-64 pktSize=64
2026-07-26T12:01:34.593308+00:00 PHASE_RESULT 33 LF-LoRa-SF9-64 pktSize=64 rx=0 unique=0 lost=3 per=100.0 rssi_avg=0 rssi_min=0 crc_err=0 garbage=0 tx_lat=0.00000 tx_lon=0.00000 sats=0 fix=0 utc=0 tx_fw=none rx_fw=unknown
PHASE_GUARD 500
LORA_CFG path=0 bw=0x05 sf=9
PHASE_START 34 LF-LoRa-SF9-128 pktSize=128
2026-07-26T12:01:35.606371+00:00 TIME_SYNCED utc=1785067294 offset=1785062474
2026-07-26T12:01:36.617449+00:00 PHASE_RESULT 34 LF-LoRa-SF9-128 pktSize=128 rx=0 unique=0 lost=1 per=100.0 rssi_avg=0 rssi_min=0 crc_err=0 garbage=0 tx_lat=0.00000 tx_lon=0.00000 sats=0 fix=0 utc=0 tx_fw=none rx_fw=unknown
2026-07-26T12:01:37.629721+00:00 PHASE_GUARD 500
LORA_CFG path=0 bw=0x05 sf=9
PHASE_START 35 LF-LoRa-SF9-255 pktSize=255
TIME_SYNCED utc=1785067297 offset=1785062475
2026-07-26T12:01:39.691666+00:00 PHASE_RESULT 35 LF-LoRa-SF9-255 pktSize=255 rx=0 unique=0 lost=1 per=100.0 rssi_avg=0 rssi_min=0 crc_err=0 garbage=0 tx_lat=0.00000 tx_lon=0.00000 sats=0 fix=0 utc=0 tx_fw=none rx_fw=unknown
PHASE_GUARD 500
LORA_CFG path=0 bw=0x05 sf=12
2026-07-26T12:01:40.704582+00:00 PHASE_START 36 LF-LoRa-SF12-32 pktSize=32
2026-07-26T12:01:45.921199+00:00 TIME_SYNCED utc=1785067304 offset=1785062474
2026-07-26T12:01:47.984704+00:00 TIME_SYNCED utc=1785067307 offset=1785062475
2026-07-26T12:01:55.305349+00:00 PHASE_RESULT 36 LF-LoRa-SF12-32 pktSize=32 rx=0 unique=0 lost=1 per=100.0 rssi_avg=0 rssi_min=0 crc_err=0 garbage=0 tx_lat=0.00000 tx_lon=0.00000 sats=0 fix=0 utc=0 tx_fw=none rx_fw=unknown
PHASE_GUARD 500
LORA_CFG path=0 bw=0x05 sf=12
PHASE_START 37 LF-LoRa-SF12-SKIP SKIP pktSize=64
2026-07-26T12:01:56.318114+00:00 TIME_SYNCED utc=1785067315 offset=1785062475
PHASE_RESULT 37 LF-LoRa-SF12-SKIP pktSize=64 rx=0 unique=0 lost=0 per=0.0 rssi_avg=0 rssi_min=0 crc_err=0 garbage=0 tx_lat=0.00000 tx_lon=0.00000 sats=0 fix=0 utc=0 tx_fw=none rx_fw=unknown
PHASE_GUARD 500
LORA_CFG path=0 bw=0x05 sf=12
PHASE_START 38 LF-LoRa-SF12-SKIP SKIP pktSize=128
2026-07-26T12:01:57.329639+00:00 PHASE_RESULT 38 LF-LoRa-SF12-SKIP pktSize=128 rx=0 unique=0 lost=0 per=0.0 rssi_avg=0 rssi_min=0 crc_err=0 garbage=0 tx_lat=0.00000 tx_lon=0.00000 sats=0 fix=0 utc=0 tx_fw=none rx_fw=unknown
PHASE_GUARD 500
LORA_CFG path=0 bw=0x05 sf=12
PHASE_START 39 LF-LoRa-SF12-SKIP SKIP pktSize=255
2026-07-26T12:01:58.341937+00:00 TIME_SYNCED utc=1785067317 offset=1785062475
PHASE_RESULT 39 LF-LoRa-SF12-SKIP pktSize=255 rx=0 unique=0 lost=0 per=0.0 rssi_avg=0 rssi_min=0 crc_err=0 garbage=0 tx_lat=0.00000 tx_lon=0.00000 sats=0 fix=0 utc=0 tx_fw=none rx_fw=unknown
PHASE_GUARD 500
PHASE_START 40 LF-FLRC-2600-32 pktSize=32
SYNC_NOT_FOUND first4=00DCA3F2
SYNC_NOT_FOUND first4=4219236E
SYNC_NOT_FOUND first4=E73ABA0C
2026-07-26T12:02:00.404206+00:00 SYNC_NOT_FOUND first4=CE3BB4BC
PHASE_RESULT 40 LF-FLRC-2600-32 pktSize=32 rx=0 unique=0 lost=100 per=100.0 rssi_avg=0 rssi_min=0 crc_err=0 garbage=4 tx_lat=0.00000 tx_lon=0.00000 sats=0 fix=0 utc=0 tx_fw=none rx_fw=unknown
PHASE_GUARD 500
PHASE_START 41 LF-FLRC-2600-64 pktSize=64
2026-07-26T12:02:01.416087+00:00 SYNC_NOT_FOUND first4=9DC6955E
2026-07-26T12:02:02.428262+00:00 PHASE_RESULT 41 LF-FLRC-2600-64 pktSize=64 rx=0 unique=0 lost=100 per=100.0 rssi_avg=0 rssi_min=0 crc_err=0 garbage=1 tx_lat=0.00000 tx_lon=0.00000 sats=0 fix=0 utc=0 tx_fw=none rx_fw=unknown
PHASE_GUARD 500
PHASE_START 42 LF-FLRC-2600-128 pktSize=128
2026-07-26T12:02:04.494655+00:00 PHASE_RESULT 42 LF-FLRC-2600-128 pktSize=128 rx=0 unique=0 lost=100 per=100.0 rssi_avg=0 rssi_min=0 crc_err=0 garbage=0 tx_lat=0.00000 tx_lon=0.00000 sats=0 fix=0 utc=0 tx_fw=none rx_fw=unknown
PHASE_GUARD 500
PHASE_START 43 LF-FLRC-2600-255 pktSize=255
SYNC_NOT_FOUND first4=711189A7
2026-07-26T12:02:05.506347+00:00 SYNC_NOT_FOUND first4=55C668CF
2026-07-26T12:02:06.527645+00:00 TIME_SYNCED utc=1785067325 offset=1785062475
PHASE_RESULT 43 LF-FLRC-2600-255 pktSize=255 rx=0 unique=0 lost=100 per=100.0 rssi_avg=0 rssi_min=0 crc_err=0 garbage=2 tx_lat=0.00000 tx_lon=0.00000 sats=0 fix=0 utc=0 tx_fw=none rx_fw=unknown
PHASE_GUARD 500
PHASE_START 44 LF-FLRC-1300-32 pktSize=32
2026-07-26T12:02:07.538554+00:00 SYNC_NOT_FOUND first4=C6FDF9AE
TIME_SYNCED utc=1785067327 offset=1785062475
2026-07-26T12:02:08.555297+00:00 PHASE_RESULT 44 LF-FLRC-1300-32 pktSize=32 rx=0 unique=0 lost=100 per=100.0 rssi_avg=0 rssi_min=0 crc_err=0 garbage=1 tx_lat=0.00000 tx_lon=0.00000 sats=0 fix=0 utc=0 tx_fw=none rx_fw=unknown
PHASE_GUARD 500
PHASE_START 45 LF-FLRC-1300-64 pktSize=64
2026-07-26T12:02:09.566379+00:00 SYNC_NOT_FOUND first4=BABBFB64
2026-07-26T12:02:10.579963+00:00 PHASE_RESULT 45 LF-FLRC-1300-64 pktSize=64 rx=0 unique=0 lost=100 per=100.0 rssi_avg=0 rssi_min=0 crc_err=0 garbage=1 tx_lat=0.00000 tx_lon=0.00000 sats=0 fix=0 utc=0 tx_fw=none rx_fw=unknown
PHASE_GUARD 500
PHASE_START 46 LF-FLRC-1300-128 pktSize=128
SYNC_NOT_FOUND first4=695BF778
2026-07-26T12:02:11.595778+00:00 PHASE_RESULT 46 LF-FLRC-1300-128 pktSize=128 rx=0 unique=0 lost=100 per=100.0 rssi_avg=0 rssi_min=0 crc_err=0 garbage=1 tx_lat=0
2026-07-26T12:02:12.607507+00:00 .00000 tx_lon=0.00000 sats=0 fix=0 utc=0 tx_fw=none rx_fw=unknown
PHASE_GUARD 500
PHASE_START 47 LF-FLRC-1300-255 pktSize=255
2026-07-26T12:02:13.623827+00:00 PHASE_RESULT 47 LF-FLRC-1300-255 pktSize=255 rx=0 unique=0 lost=100 per=100.0 rssi_avg=0 rssi_min=0 crc_err=0 garbage=0 tx_lat=0.00000 tx_lon=0.00000 sats=0 fix=0 utc=0 tx_fw=none rx_fw=unknown
PHASE_GUARD 500
2026-07-26T12:02:14.635055+00:00 PHASE_START 48 LF-FLRC-650-32 pktSize=32
SYNC_NOT_FOUND first4=AE7D6542
SYNC_NOT_FOUND first4=9DA8702A
SYNC_NOT_FOUND first4=0CF88681
2026-07-26T12:02:15.646353+00:00 PHASE_RESULT 48 LF-FLRC-650-32 pktSize=32 rx=0 unique=0 lost=100 per=100.0 rssi_avg=0 rssi_min=0 crc_err=0 garbage=3 tx_lat=0.00000 tx_lon=0.00000 sats=0 fix=0 utc=0 tx_fw=none rx_fw=unknown
PHASE_GUARD 500
2026-07-26T12:02:16.663071+00:00 PHASE_START 49 LF-FLRC-650-64 pktSize=64
TIME_SYNCED utc=1785067335 offset=1785062474
PHASE_RESULT 49 LF-FLRC-650-64 pktSize=64 rx=0 unique=0 lost=100 per=100.0 rssi_avg=0 rssi_min=0 crc_err=0 garbage=0 tx_lat=0.00000 tx_lon=0.00000 sats=0 fix=0 utc=0 tx_fw=none rx_fw=unknown
PHASE_GUARD 500
PHASE_START 48 LF-FLRC-650-32 pktSize=32
SYNC_NOT_FOUND first4=D18E184D
PHASE_RESULT 48 LF-FLRC-650-32 pktSize=32 rx=0 unique=0 lost=100 per=100.0 rssi_avg=0 rssi_min=0 crc_err=0 garbage=1 tx_lat=0.00000 tx_lon=0.00000 sats=0 fix=0 utc=0 tx_fw=none rx_fw=unknown
PHASE_GUARD 500
2026-07-26T12:02:17.674097+00:00 PHASE_START 49 LF-FLRC-650-64 pktSize=64
SYNC_NOT_FOUND first4=F2ED0C41
TIME_SYNCED utc=1785067337 offset=1785062475
SYNC_NOT_FOUND first4=AB2054B7
PHASE_RESULT 49 LF-FLRC-650-64 pktSize=64 rx=0 unique=0 lost=100 per=100.0 rssi_avg=0 rssi_min=0 crc_err=0 garbage=2 tx_lat=0.00000 tx_lon=0.00000 sats=0 fix=0 utc=0 tx_fw=none rx_fw=unknown
PHASE_GUARD 500
2026-07-26T12:02:18.692996+00:00 PHASE_START 50 LF-FLRC-650-128 pktSize=128
SYNC_NOT_FOUND first4=C1690E26
SYNC_NOT_FOUND first4=2C53968E
2026-07-26T12:02:19.704247+00:00 SYNC_NOT_FOUND first4=5CEF92D1
SYNC_NOT_FOUND first4=2709FEF2
PHASE_RESULT 50 LF-FLRC-650-128 pktSize=128 rx=0 unique=0 lost=100 per=100.0 rssi_avg=0 rssi_min=0 crc_err=0 garbage=4 tx_lat=0.00000 tx_lon=0.00000 sats=0 fix=0 utc=0 tx_fw=none rx_fw=unknown
PHASE_GUARD 500
2026-07-26T12:02:20.715588+00:00 PHASE_START 51 LF-FLRC-650-255 pktSize=255
SYNC_NOT_FOUND first4=4480D247
SYNC_NOT_FOUND first4=22C67ED7
SYNC_NOT_FOUND first4=132326DC
2026-07-26T12:02:21.729522+00:00 SYNC_NOT_FOUND first4=C09199CC
PHASE_RESULT 51 LF-FLRC-650-255 pktSize=255 rx=0 unique=0 lost=100 per=100.0 rssi_avg=0 rssi_min=0 crc_err=0 garbage=4 tx_lat=0.00000 tx_lon=0.00000 sats=0 fix=0 utc=0 tx_fw=none rx_fw=unknown
PHASE_GUARD 500
2026-07-26T12:02:22.741285+00:00 PHASE_START 52 LF-FLRC-325-32 pktSize=32
2026-07-26T12:02:23.757587+00:00 PHASE_RESULT 52 LF-FLRC-325-32 pktSize=32 rx=0 unique=0 lost=100 per=100.0 rssi_avg=0 rssi_min=0 crc_err=0 garbage=0 tx_lat=0.00000 tx_lon=0.00000 sats=0 fix=0 utc=0 tx_fw=none rx_fw=unknown
PHASE_GUARD 500
PHASE_START 53 LF-FLRC-325-64 pktSize=64
2026-07-26T12:02:25.821831+00:00 PHASE_RESULT 53 LF-FLRC-325-64 pktSize=64 rx=0 unique=0 lost=100 per=100.0 rssi_avg=0 rssi_min=0 crc_err=0 garbage=0 tx_lat=0.00000 tx_lon=0.00000 sats=0 fix=0 utc=0 tx_fw=none rx_fw=unknown
PHASE_GUARD 500
PHASE_START 54 LF-FLRC-325-128 pktSize=128
2026-07-26T12:02:26.838279+00:00 TIME_SYNCED utc=1785067345 offset=1785062474
PHASE_RESULT 54 LF-FLRC-325-128 pktSize=128 rx=0 unique=0 lost=100 per=100.0 rssi_avg=0 rssi_min=0 crc_err=0 garbage=0 tx_lat=0.00000 tx_lon=0.00000 sats=0 fix=0 utc=0 tx_fw=none rx_fw=unknown
PHASE_GUARD 500
PHASE_START 53 LF-FLRC-325-64 pktSize=64
PHASE_RESULT 53 LF-FLRC-325-64 pktSize=64 rx=0 unique=0 lost=100 per=100.0 rssi_avg=0 rssi_min=0 crc_err=0 garbage=0 tx_lat=0.00000 tx_lon=0.00000 sats=0 fix=0 utc=0 tx_fw=none rx_fw=unknown
PHASE_GUARD 500
PHASE_START 54 LF-FLRC-325-128 pktSize=128
2026-07-26T12:02:27.849363+00:00 TIME_SYNCED utc=1785067347 offset=1785062475
PHASE_RESULT 54 LF-FLRC-325-128 pktSize=128 rx=0 unique=0 lost=100 per=100.0 rssi_avg=0 rssi_min=0 crc_err=0 garbage=0 tx_lat=0.00000 tx_lon=0.00000 sats=0 fix=0 utc=0 tx_fw=none rx_fw=unknown
PHASE_GUARD 500
PHASE_START 55 LF-FLRC-325-255 pktSize=255
2026-07-26T12:02:29.915826+00:00 SYNC_NOT_FOUND first4=2DF93A6F
PHASE_RESULT 55 LF-FLRC-325-255 pktSize=255 rx=0 unique=0 lost=100 per=100.0 rssi_avg=0 rssi_min=0 crc_err=0 garbage=1 tx_lat=0.00000 tx_lon=0.00000 sats=0 fix=0 utc=0 tx_fw=none rx_fw=unknown
PHASE_GUARD 500
LORA_CFG path=1 bw=0x0F sf=7
PHASE_START 0 HF-LoRa-SF7-32 pktSize=32
2026-07-26T12:02:31.977737+00:00 PHASE_RESULT 0 HF-LoRa-SF7-32 pktSize=32 rx=0 unique=0 lost=20 per=100.0 rssi_avg=0 rssi_min=0 crc_err=0 garbage=0 tx_lat=0.00000 tx_lon=0.00000 sats=0 fix=0 utc=0 tx_fw=none rx_fw=unknown
PHASE_GUARD 500
LORA_CFG path=1 bw=0x0F sf=7
PHASE_START 1 HF-LoRa-SF7-64 pktSize=64
2026-07-26T12:02:34.044816+00:00 PHASE_RESULT 1 HF-LoRa-SF7-64 pktSize=64 rx=0 unique=0 lost=20 per=100.0 rssi_avg=0 rssi_min=0 crc_err=0 garbage=0 tx_lat=0.00000 tx_lon=0.00000 sats=0 fix=0 utc=0 tx_fw=none rx_fw=unknown
PHASE_GUARD 500
LORA_CFG path=1 bw=0x0F sf=7
PHASE_START 2 HF-LoRa-SF7-128 pktSize=128
2026-07-26T12:02:36.114960+00:00 PHASE_RESULT 2 HF-LoRa-SF7-128 pktSize=128 rx=0 unique=0 lost=20 per=100.0 rssi_avg=0 rssi_min=0 crc_err=0 garbage=0 tx_lat=0.00000 tx_lon=0.00000 sats=0 fix=0 utc=0 tx_fw=none rx_fw=unknown
PHASE_GUARD 500
LORA_CFG path=1 bw=0x0F sf=7
PHASE_START 3 HF-LoRa-SF7-255 pktSize=255
2026-07-26T12:02:37.134449+00:00 TIME_SYNCED utc=1785067356 offset=1785062475
2026-07-26T12:02:38.146027+00:00 TIME_SYNCED utc=1785067357 offset=1785062475
2026-07-26T12:02:39.166622+00:00 PHASE_RESULT 3 HF-LoRa-SF7-255 pktSize=255 rx=0 unique=0 lost=20 per=100.0 rssi_avg=0 rssi_min=0 crc_err=0 garbage=0 tx_lat=0.00000 tx_lon=0.00000 sats=0 fix=0 utc=0 tx_fw=none rx_fw=unknown
PHASE_GUARD 500
LORA_CFG path=1 bw=0x0F sf=9
PHASE_START 4 HF-LoRa-SF9-32 pktSize=32
2026-07-26T12:02:41.229203+00:00 PHASE_RESULT 4 HF-LoRa-SF9-32 pktSize=32 rx=0 unique=0 lost=20 per=100.0 rssi_avg=0 rssi_min=0 crc_err=0 garbage=0 tx_lat=0.00000 tx_lon=0.00000 sats=0 fix=0 utc=0 tx_fw=none rx_fw=unknown
PHASE_GUARD 500
LORA_CFG path=1 bw=0x0F sf=9
PHASE_START 5 HF-LoRa-SF9-64 pktSize=64
2026-07-26T12:02:44.354355+00:00 PHASE_RESULT 5 HF-LoRa-SF9-64 pktSize=64 rx=0 unique=0 lost=20 per=100.0 rssi_avg=0 rssi_min=0 crc_err=0 garbage=0 tx_lat=0.00000 tx_lon=0.00000 sats=0 fix=0 utc=0 tx_fw=none rx_fw=unknown
PHASE_GUARD 500
LORA_CFG path=1 bw=0x0F sf=9
PHASE_START 6 HF-LoRa-SF9-128 pktSize=128
2026-07-26T12:02:47.472087+00:00 TIME_SYNCED utc=1785067366 offset=1785062475
TIME_SYNCED utc=1785067367 offset=1785062475
2026-07-26T12:02:48.490183+00:00 PHASE_RESULT 6 HF-LoRa-SF9-128 pktSize=128 rx=0 unique=0 lost=13 per=100.0 rssi_avg=0 rssi_min=0 crc_err=0 garbage=0 tx_lat=0.00000 tx_lon=0.00000 sats=0 fix=0 utc=0 tx_fw=none rx_fw=unknown
PHASE_GUARD 500
LORA_CFG path=1 bw=0x0F sf=9
PHASE_START 7 HF-LoRa-SF9-255 pktSize=255
2026-07-26T12:02:51.610693+00:00 PHASE_RESULT 7 HF-LoRa-SF9-255 pktSize=255 rx=0 unique=0 lost=6 per=100.0 rssi_avg=0 rssi_min=0 crc_err=0 garbage=0 tx_lat=0.00000 tx_lon=0.00000 sats=0 fix=0 utc=0 tx_fw=none rx_fw=unknown
PHASE_GUARD 500
LORA_CFG path=1 bw=0x0F sf=12
PHASE_START 8 HF-LoRa-SF12-32 pktSize=32
2026-07-26T12:02:53.674555+00:00 PHASE_RESULT 8 HF-LoRa-SF12-32 pktSize=32 rx=0 unique=0 lost=2 per=100.0 rssi_avg=0 rssi_min=0 crc_err=0 garbage=0 tx_lat=0.00000 tx_lon=0.00000 sats=0 fix=0 utc=0 tx_fw=none rx_fw=unknown
PHASE_GUARD 500
LORA_CFG path=1 bw=0x0F sf=12
2026-07-26T12:02:54.687035+00:00 PHASE_START 9 HF-LoRa-SF12-64 pktSize=64
2026-07-26T12:02:56.749297+00:00 PHASE_RESULT 9 HF-LoRa-SF12-64 pktSize=64 rx=0 unique=0 lost=1 per=100.0 rssi_avg=0 rssi_min=0 crc_err=0 garbage=0 tx_lat=0.00000 tx_lon=0.00000 sats=0 fix=0 utc=0 tx_fw=none rx_fw=unknown
PHASE_GUARD 500
LORA_CFG path=1 bw=0x0F sf=12
PHASE_START 10 HF-LoRa-SF12-128 pktSize=128
2026-07-26T12:02:57.768423+00:00 TIME_SYNCED utc=1785067376 offset=1785062474
PHASE_RESULT 10 HF-LoRa-SF12-128 pktSize=128 rx=0 unique=0 lost=1 per=100.0 rssi_avg=0 rssi_min=0 crc_err=0 garbage=0 tx_lat=0.00000 tx_lon=0.00000 sats=0 fix=0 utc=0 tx_fw=none rx_fw=unknown
PHASE_GUARD 500
LORA_CFG path=1 bw=0x0F sf=12
PHASE_START 9 HF-LoRa-SF12-64 pktSize=64
TIME_SYNCED utc=1785067377 offset=1785062475
PHASE_RESULT 9 HF-LoRa-SF12-64 pktSize=64 rx=0 unique=0 lost=1 per=100.0 rssi_avg=0 rssi_min=0 crc_err=0 garbage=0 tx_lat=0.00000 tx_lon=0.00000 sats=0 fix=0 utc=0 tx_fw=none rx_fw=unknown
PHASE_GUARD 500
LORA_CFG path=1 bw=0x0F sf=12
PHASE_START 10 HF-LoRa-SF12-128 pktSize=128
2026-07-26T12:03:01.933229+00:00 PHASE_RESULT 10 HF-LoRa-SF12-128 pktSize=128 rx=0 unique=0 lost=1 per=100.0 rssi_avg=0 rssi_min=0 crc_err=0 garbage=0 tx_lat=0.00000 tx_lon=0.00000 sats=0 fix=0 utc=0 tx_fw=none rx_fw=unknown
PHASE_GUARD 500
LORA_CFG path=1 bw=0x0F sf=12
PHASE_START 11 HF-LoRa-SF12-255 pktSize=255
2026-07-26T12:03:08.207843+00:00 TIME_SYNCED utc=1785067387 offset=1785062475
TIME_SYNCED utc=1785067387 offset=1785062475
2026-07-26T12:03:12.372767+00:00 PHASE_RESULT 11 HF-LoRa-SF12-255 pktSize=255 rx=0 unique=0 lost=1 per=100.0 rssi_avg=0 rssi_min=0 crc_err=0 garbage=0 tx_lat=0.00000 tx_lon=0.00000 sats=0 fix=0 utc=0 tx_fw=none rx_fw=unknown
PHASE_GUARD 500
PHASE_START 12 HF-FLRC-2600-32 pktSize=32
SYNC_NOT_FOUND first4=55AB3EC9
SYNC_NOT_FOUND first4=2ADF03E5
SYNC_NOT_FOUND first4=2608FB6B
SYNC_NOT_FOUND first4=DEF7A49E
SYNC_NOT_FOUND first4=666BC611
2026-07-26T12:03:13.388869+00:00 SYNC_NOT_FOUND first4=12E2EE4B
SYNC_NOT_FOUND first4=F015EDE7
SYNC_NOT_FOUND first4=DF3667DE
SYNC_NOT_FOUND first4=3403F200
SYNC_NOT_FOUND first4=72BB42C3
2026-07-26T12:03:14.400355+00:00 SYNC_NOT_FOUND first4=ADF92117
SYNC_NOT_FOUND first4=D2ECFDFB
PHASE_RESULT 12 HF-FLRC-2600-32 pktSize=32 rx=0 unique=0 lost=100 per=100.0 rssi_avg=0 rssi_min=0 crc_err=0 garbage=12 tx_lat=0.00000 tx_lon=0.00000 sats=0 fix=0 utc=0 tx_fw=none rx_fw=unknown
PHASE_GUARD 500
PHASE_START 13 HF-FLRC-2600-64 pktSize=64
2026-07-26T12:03:15.416329+00:00 SYNC_NOT_FOUND first4=E5BB124E
SYNC_NOT_FOUND first4=4AF633F9
SYNC_NOT_FOUND first4=50E9BD0E
SYNC_NOT_FOUND first4=B78829EE
SYNC_NOT_FOUND first4=FDD52A89
2026-07-26T12:03:16.432238+00:00 PHASE_RESULT 13 HF-FLRC-2600-64 pktSize=64 rx=0 unique=0 lost=100 per=100.0 rssi_avg=0 rssi_min=0 crc_err=0 garbage=5 tx_lat=0.00000 tx_lon=0.00000 sats=0 fix=0 utc=0 tx_fw=none rx_fw=unknown
PHASE_GUARD 500
PHASE_START 14 HF-FLRC-2600-128 pktSize=128
SYNC_NOT_FOUND first4=0605EDE9
SYNC_NOT_FOUND first4=268B6E6F
SYNC_NOT_FOUND first4=ABE3D94C
2026-07-26T12:03:17.443381+00:00 SYNC_NOT_FOUND first4=A79AF839
SYNC_NOT_FOUND first4=CFE19EDD
SYNC_NOT_FOUND first4=2DB1A84C
SYNC_NOT_FOUND first4=5DBF8914
SYNC_NOT_FOUND first4=1D8D51FC
SYNC_NOT_FOUND first4=120F834D
SYNC_NOT_FOUND first4=B8E72C3C
SYNC_NOT_FOUND first4=8D12B26F
SYNC_NOT_FOUND first4=7C4CE27D
2026-07-26T12:03:18.460245+00:00 TIME_SYNCED utc=1785067397 offset=1785062475
SYNC_NOT_FOUND first4=A2CC23A1
TIME_SYNCED utc=1785067397 offset=1785062475
PHASE_RESULT 14 HF-FLRC-2600-128 pktSize=128 rx=0 unique=0 lost=100 per=100.0 rssi_avg=0 rssi_min=0 crc_err=0 garbage=13 tx_lat=0.00000 tx_lon=0.00000 sats=0 fix=0 utc=0 tx_fw=none rx_fw=unknown
PHASE_GUARD 500
PHASE_START 15 HF-FLRC-2600-255 pktSize=255
SYNC_NOT_FOUND first4=BC06A13A
SYNC_NOT_FOUND first4=0A6E9376
SYNC_NOT_FOUND first4=6595CB3F
2026-07-26T12:03:19.471482+00:00 SYNC_NOT_FOUND first4=16EFBA74
SYNC_NOT_FOUND first4=3A59F20E
SYNC_NOT_FOUND first4=05154B47
SYNC_NOT_FOUND first4=37E27AF2
SYNC_NOT_FOUND first4=337A98D6
SYNC_NOT_FOUND first4=175B37B5
SYNC_NOT_FOUND first4=54DA2E6B
SYNC_NOT_FOUND first4=E207A164
SYNC_NOT_FOUND first4=82AFC2C4
SYNC_NOT_FOUND first4=7CFC7C63
SYNC_NOT_FOUND first4=BDB8B8C9
2026-07-26T12:03:20.489504+00:00 SYNC_NOT_FOUND first4=F19FE5BF
PHASE_RESULT 15 HF-FLRC-2600-255 pktSize=255 rx=0 unique=0 lost=100 per=100.0 rssi_avg=0 rssi_min=0 crc_err=0 garbage=15 tx_lat=0.00000 tx_lon=0.00000 sats=0 fix=0 utc=0 tx_fw=none rx_fw=unknown
PHASE_GUARD 500
PHASE_START 16 HF-FLRC-1300-32 pktSize=32
SYNC_NOT_FOUND first4=F6DA2980
SYNC_NOT_FOUND first4=7FA21C87
SYNC_NOT_FOUND first4=91C19789
SYNC_NOT_FOUND first4=1E02C580
SYNC_NOT_FOUND first4=D871AD58
SYNC_NOT_FOUND first4=0109E1C8
2026-07-26T12:03:21.492850+00:00 SYNC_NOT_FOUND first4=4D29752D
SYNC_NOT_FOUND first4=15161223
SYNC_NOT_FOUND first4=51126BFD
SYNC_NOT_FOUND first4=688EA5AE
SYNC_NOT_FOUND first4=6181E43A
SYNC_NOT_FOUND first4=6C9132C5
2026-07-26T12:03:22.504296+00:00 PHASE_RESULT 16 HF-FLRC-1300-32 pktSize=32 rx=0 unique=0 lost=100 per=100.0 rssi_avg=0 rssi_min=0 crc_err=0 garbage=12 tx_lat=0.00000 tx_lon=0.00000 sats=0 fix=0 utc=0 tx_fw=none rx_fw=unknown
PHASE_GUARD 500
PHASE_START 17 HF-FLRC-1300-64 pktSize=64
2026-07-26T12:03:23.522454+00:00 SYNC_NOT_FOUND first4=AC7C1474
SYNC_NOT_FOUND first4=B9443955
SYNC_NOT_FOUND first4=3D718F3A
SYNC_NOT_FOUND first4=880D7112
2026-07-26T12:03:24.526361+00:00 PHASE_RESULT 17 HF-FLRC-1300-64 pktSize=64 rx=0 unique=0 lost=100 per=100.0 rssi_avg=0 rssi_min=0 crc_err=0 garbage=4 tx_lat=0.00000 tx_lon=0.00000 sats=0 fix=0 utc=0 tx_fw=none rx_fw=unknown
PHASE_GUARD 500
PHASE_START 18 HF-FLRC-1300-128 pktSize=128
SYNC_NOT_FOUND first4=30974C54
SYNC_NOT_FOUND first4=8E18909F
2026-07-26T12:03:25.548405+00:00 SYNC_NOT_FOUND first4=1D7C2CD3
SYNC_NOT_FOUND first4=8361A667
2026-07-26T12:03:26.559783+00:00 PHASE_RESULT 18 HF-FLRC-1300-128 pktSize=128 rx=0 unique=0 lost=100 per=100.0 rssi_avg=0 rssi_min=0 crc_err=0 garbage=4 tx_lat=0.00000 tx_lon=0.00000 sats=0 fix=0 utc=0 tx_fw=none rx_fw=unknown
PHASE_GUARD 500
PHASE_START 19 HF-FLRC-1300-255 pktSize=255
SYNC_NOT_FOUND first4=721178C1
SYNC_NOT_FOUND first4=38A626E6
2026-07-26T12:03:27.570676+00:00 SYNC_NOT_FOUND first4=338E921B
SYNC_NOT_FOUND first4=15A5DEA3
SYNC_NOT_FOUND first4=01B9B81E
TIME_SYNCED utc=1785067407 offset=1785062475
2026-07-26T12:03:28.589867+00:00 PHASE_RESULT 19 HF-FLRC-1300-255 pktSize=255 rx=0 unique=0 lost=100 per=100.0 rssi_avg=0 rssi_min=0 crc_err=0 garbage=5 tx_lat=0.00000 tx_lon=0.00000 sats=0 fix=0 utc=0 tx_fw=none rx_fw=unknown
PHASE_GUARD 500
PHASE_START 20 HF-FLRC-650-32 pktSize=32
TIME_SYNCED utc=1785067407 offset=1785062474
PHASE_RESULT 20 HF-FLRC-650-32 pktSize=32 rx=0 unique=0 lost=100 per=100.0 rssi_avg=0 rssi_min=0 crc_err=0 garbage=0 tx_lat=0.00000 tx_lon=0.00000 sats=0 fix=0 utc=0 tx_fw=none rx_fw=unknown
PHASE_GUARD 500
PHASE_START 19 HF-FLRC-1300-255 pktSize=255
SYNC_NOT_FOUND first4=4F63BDD3
SYNC_NOT_FOUND first4=E1854FC1
SYNC_NOT_FOUND first4=FAC5E448
SYNC_NOT_FOUND first4=AC8AAAD5
PHASE_RESULT 19 HF-FLRC-1300-255 pktSize=255 rx=0 unique=0 lost=100 per=100.0 rssi_avg=0 rssi_min=0 crc_err=0 garbage=4 tx_lat=0.00000 tx_lon=0.00000 sats=0 fix=0 utc=0 tx_fw=none rx_fw=unknown
2026-07-26T12:03:29.593469+00:00 PHASE_GUARD 500
PHASE_START 20 HF-FLRC-650-32 pktSize=32
SYNC_NOT_FOUND first4=C0E00094
SYNC_NOT_FOUND first4=ACF6BAAD
SYNC_NOT_FOUND first4=D3EBFBEF
SYNC_NOT_FOUND first4=9F788952
SYNC_NOT_FOUND first4=C3524B8F
SYNC_NOT_FOUND first4=C2D341E6
SYNC_NOT_FOUND first4=984F3A33
SYNC_NOT_FOUND first4=55EED1BB
SYNC_NOT_FOUND first4=1F937771
SYNC_NOT_FOUND first4=5F39AB8D
SYNC_NOT_FOUND first4=5EBE0F46
SYNC_NOT_FOUND first4=7C3940A8
SYNC_NOT_FOUND first4=C0D640F6
SYNC_NOT_FOUND first4=D195AB55
SYNC_NOT_FOUND first4=A2F59D16
SYNC_NOT_FOUND first4=750CFBB0
SYNC_NOT_FOUND first4=BE6D8706
SYNC_NOT_FOUND first4=F9E29038
SYNC_NOT_FOUND first4=316DA341
2026-07-26T12:03:30.611672+00:00 SYNC_NOT_FOUND first4=56510521
SYNC_NOT_FOUND first4=F89B17F4
SYNC_NOT_FOUND first4=EB358E37
SYNC_NOT_FOUND first4=A9BCFD1A
SYNC_NOT_FOUND first4=B15A33AC
SYNC_NOT_FOUND first4=D1EFD1B6
SYNC_NOT_FOUND first4=31923C5A
SYNC_NOT_FOUND first4=0DBE71E7
SYNC_NOT_FOUND first4=8A8DEFD6
SYNC_NOT_FOUND first4=59BF6F94
SYNC_NOT_FOUND first4=D9235676
SYNC_NOT_FOUND first4=196B25E1
SYNC_NOT_FOUND first4=9C080427
SYNC_NOT_FOUND first4=AB61D136
SYNC_NOT_FOUND first4=B3364AD9
SYNC_NOT_FOUND first4=3E326885
PHASE_RESULT 20 HF-FLRC-650-32 pktSize=32 rx=0 unique=0 lost=100 per=100.0 rssi_avg=0 rssi_min=0 crc_err=0 garbage=35 tx_lat=0.00000 tx_lon=0.00000 sats=0 fix=0 utc=0 tx_fw=none rx_fw=unknown
PHASE_GUARD 500
2026-07-26T12:03:31.625463+00:00 PHASE_START 21 HF-FLRC-650-64 pktSize=64
SYNC_NOT_FOUND first4=66465792
SYNC_NOT_FOUND first4=641B7546
SYNC_NOT_FOUND first4=BF406A8E
SYNC_NOT_FOUND first4=D12E707C
SYNC_NOT_FOUND first4=A8F0DC0E
SYNC_NOT_FOUND first4=29B4E007
SYNC_NOT_FOUND first4=7E11104D
SYNC_NOT_FOUND first4=6BD9A2E8
SYNC_NOT_FOUND first4=2D314C9E
SYNC_NOT_FOUND first4=C7C7B6A8
SYNC_NOT_FOUND first4=269DE7C2
SYNC_NOT_FOUND first4=779B4BAE
SYNC_NOT_FOUND first4=4A8F3E82
SYNC_NOT_FOUND first4=1E147518
SYNC_NOT_FOUND first4=ACA69D7B
SYNC_NOT_FOUND first4=F2F64142
SYNC_NOT_FOUND first4=809877B0
SYNC_NOT_FOUND first4=902E9389
SYNC_NOT_FOUND first4=105DAE01
SYNC_NOT_FOUND first4=C71C8B03
SYNC_NOT_FOUND first4=89E497E4
2026-07-26T12:03:32.636712+00:00 SYNC_NOT_FOUND first4=D98BB895
SYNC_NOT_FOUND first4=D0FE88BF
SYNC_NOT_FOUND first4=6BF21D88
SYNC_NOT_FOUND first4=47FD447A
SYNC_NOT_FOUND first4=FD0C1142
SYNC_NOT_FOUND first4=F5720DA5
SYNC_NOT_FOUND first4=57E82B79
SYNC_NOT_FOUND first4=77011A17
SYNC_NOT_FOUND first4=D49DCA2D
SYNC_NOT_FOUND first4=7818C226
SYNC_NOT_FOUND first4=3C0216C8
SYNC_NOT_FOUND first4=969CBBB8
SYNC_NOT_FOUND first4=A3A91846
SYNC_NOT_FOUND first4=A51B305C
SYNC_NOT_FOUND first4=F7321C26
SYNC_NOT_FOUND first4=FA8881AB
PHASE_RESULT 21 HF-FLRC-650-64 pktSize=64 rx=0 unique=0 lost=100 per=100.0 rssi_avg=0 rssi_min=0 crc_err=0 garbage=37 tx_lat=0.00000 tx_lon=0.00000 sats=0 fix=0 utc=0 tx_fw=none rx_fw=unknown
PHASE_GUARD 500
2026-07-26T12:03:33.653194+00:00 PHASE_START 22 HF-FLRC-650-128 pktSize=128
SYNC_NOT_FOUND first4=35891768
SYNC_NOT_FOUND first4=FC0A2F3F
SYNC_NOT_FOUND first4=E33025BE
SYNC_NOT_FOUND first4=D0E27DC5
SYNC_NOT_FOUND first4=05FD2E78
SYNC_NOT_FOUND first4=B1C77957
SYNC_NOT_FOUND first4=A631F038
SYNC_NOT_FOUND first4=EE8B038B
SYNC_NOT_FOUND first4=4873E80B
SYNC_NOT_FOUND first4=639E999E
SYNC_NOT_FOUND first4=85662EC0
SYNC_NOT_FOUND first4=D67ECB5C
SYNC_NOT_FOUND first4=47C7EAE2
SYNC_NOT_FOUND first4=44DE6D84
SYNC_NOT_FOUND first4=1AD2F9FC
SYNC_NOT_FOUND first4=019449AF
SYNC_NOT_FOUND first4=EF02C5A1
SYNC_NOT_FOUND first4=F46B9F36
SYNC_NOT_FOUND first4=8B78E62A
SYNC_NOT_FOUND first4=28B14EA3
SYNC_NOT_FOUND first4=DF8AE6D7
SYNC_NOT_FOUND first4=0D555AC8
SYNC_NOT_FOUND first4=ABB0C97C
SYNC_NOT_FOUND first4=E21CC560
SYNC_NOT_FOUND first4=950697CA
SYNC_NOT_FOUND first4=79354DC6
SYNC_NOT_FOUND first4=73B188FB
SYNC_NOT_FOUND first4=0F5FF189
2026-07-26T12:03:34.664379+00:00 SYNC_NOT_FOUND first4=199B5BBC
SYNC_NOT_FOUND first4=24EF2F5B
SYNC_NOT_FOUND first4=1EBBA81A
SYNC_NOT_FOUND first4=0A16D808
SYNC_NOT_FOUND first4=91DECFB6
SYNC_NOT_FOUND first4=431ED198
SYNC_NOT_FOUND first4=6C7B8785
SYNC_NOT_FOUND first4=4EF051F4
SYNC_NOT_FOUND first4=B33A428B
SYNC_NOT_FOUND first4=8424A036
SYNC_NOT_FOUND first4=F6BC13D5
SYNC_NOT_FOUND first4=9B9F1532
SYNC_NOT_FOUND first4=4F502BAF
SYNC_NOT_FOUND first4=BD13BA4C
SYNC_NOT_FOUND first4=5266383B
SYNC_NOT_FOUND first4=46E64C71
SYNC_NOT_FOUND first4=96A5F607
SYNC_NOT_FOUND first4=FCD51EA8
SYNC_NOT_FOUND first4=36300387
SYNC_NOT_FOUND first4=4FDDD2E7
SYNC_NOT_FOUND first4=59516CA2
SYNC_NOT_FOUND first4=618A1E03
SYNC_NOT_FOUND first4=0E73FBDF
SYNC_NOT_FOUND first4=42C9A97B
SYNC_NOT_FOUND first4=E7930CA1
SYNC_NOT_FOUND first4=C77F75FA
SYNC_NOT_FOUND first4=27DC754C
SYNC_NOT_FOUND first4=FB973489
SYNC_NOT_FOUND first4=1BD6E3DC
SYNC_NOT_FOUND first4=23958CA8
SYNC_NOT_FOUND first4=35BAC8C0
SYNC_NOT_FOUND first4=498B68AE
SYNC_NOT_FOUND first4=94428C18
SYNC_NOT_FOUND first4=77103396
PHASE_RESULT 22 HF-FLRC-650-128 pktSize=128 rx=0 unique=0 lost=100 per=100.0 rssi_avg=0 rssi_min=0 crc_err=0 garbage=62 tx_lat=0.00000 tx_lon=0.00000 sats=0 fix=0 utc=0 tx_fw=none rx_fw=unknown
PHASE_GUARD 500
2026-07-26T12:03:35.680765+00:00 PHASE_START 23 HF-FLRC-650-255 pktSize=255
SYNC_NOT_FOUND first4=2296ACD4
SYNC_NOT_FOUND first4=43B918A6
SYNC_NOT_FOUND first4=4BAE94CC
SYNC_NOT_FOUND first4=3082835B
SYNC_NOT_FOUND first4=76185C82
SYNC_NOT_FOUND first4=471DF280
SYNC_NOT_FOUND first4=C06328B2
SYNC_NOT_FOUND first4=7D76BFB1
SYNC_NOT_FOUND first4=91DB856F
SYNC_NOT_FOUND first4=D4CA7378
SYNC_NOT_FOUND first4=350EF420
SYNC_NOT_FOUND first4=583B8A7B
SYNC_NOT_FOUND first4=738D846F
SYNC_NOT_FOUND first4=3DDA8842
SYNC_NOT_FOUND first4=80FBDA65
SYNC_NOT_FOUND first4=5238CEDB
SYNC_NOT_FOUND first4=8C7A61D8
SYNC_NOT_FOUND first4=1DF2D5DA
SYNC_NOT_FOUND first4=B89DC1AF
SYNC_NOT_FOUND first4=D162A1A2
SYNC_NOT_FOUND first4=752C20C9
SYNC_NOT_FOUND first4=DCE7D971
SYNC_NOT_FOUND first4=404A2377
2026-07-26T12:03:36.692013+00:00 SYNC_NOT_FOUND first4=E541394E
SYNC_NOT_FOUND first4=F2464091
SYNC_NOT_FOUND first4=7604B0D0
SYNC_NOT_FOUND first4=ABA97D24
SYNC_NOT_FOUND first4=B031A2C3
SYNC_NOT_FOUND first4=CFEBD7FE
SYNC_NOT_FOUND first4=F1DD8C48
SYNC_NOT_FOUND first4=98516E95
SYNC_NOT_FOUND first4=0B600EE6
SYNC_NOT_FOUND first4=127A34CC
SYNC_NOT_FOUND first4=567A7442
SYNC_NOT_FOUND first4=F5313128
SYNC_NOT_FOUND first4=0BBBA18E
SYNC_NOT_FOUND first4=66240678
SYNC_NOT_FOUND first4=5281105A
SYNC_NOT_FOUND first4=8DA93640
SYNC_NOT_FOUND first4=81C4C758
SYNC_NOT_FOUND first4=00FFF98A
PHASE_RESULT 23 HF-FLRC-650-255 pktSize=255 rx=0 unique=0 lost=100 per=100.0 rssi_avg=0 rssi_min=0 crc_err=0 garbage=41 tx_lat=0.00000 tx_lon=0.00000 sats=0 fix=0 utc=0 tx_fw=none rx_fw=unknown
PHASE_GUARD 500
2026-07-26T12:03:37.702970+00:00 PHASE_START 24 HF-FLRC-325-32 pktSize=32
SYNC_NOT_FOUND first4=2D76A29E
TIME_SYNCED utc=1785067417 offset=1785062475
PHASE_RESULT 24 HF-FLRC-325-32 pktSize=32 rx=0 unique=0 lost=100 per=100.0 rssi_avg=0 rssi_min=0 crc_err=0 garbage=1 tx_lat=0.00000 tx_lon=0.00000 sats=0 fix=0 utc=0 tx_fw=none rx_fw=unknown
PHASE_GUARD 500
2026-07-26T12:03:38.724735+00:00 PHASE_START 25 HF-FLRC-325-64 pktSize=64
TIME_SYNCED utc=1785067417 offset=1785062474
PHASE_RESULT 25 HF-FLRC-325-64 pktSize=64 rx=0 unique=0 lost=100 per=100.0 rssi_avg=0 rssi_min=0 crc_err=0 garbage=0 tx_lat=0.00000 tx_lon=0.00000 sats=0 fix=0 utc=0 tx_fw=none rx_fw=unknown
PHASE_GUARD 500
PHASE_START 24 HF-FLRC-325-32 pktSize=32
PHASE_RESULT 24 HF-FLRC-325-32 pktSize=32 rx=0 unique=0 lost=100 per=100.0 rssi_avg=0 rssi_min=0 crc_err=0 garbage=0 tx_lat=0.00000 tx_lon=0.00000 sats=0 fix=0 utc=0 tx_fw=none rx_fw=unknown
PHASE_GUARD 500
2026-07-26T12:03:39.743369+00:00 PHASE_START 25 HF-FLRC-325-64 pktSize=64
SYNC_NOT_FOUND first4=8754F17E
SYNC_NOT_FOUND first4=1CFACF96
2026-07-26T12:03:40.758953+00:00 SYNC_NOT_FOUND first4=06516AF4
SYNC_NOT_FOUND first4=53AA422D
SYNC_NOT_FOUND first4=D9FE1065
SYNC_NOT_FOUND first4=84DF2D77
SYNC_NOT_FOUND first4=0967E18B
PHASE_RESULT 25 HF-FLRC-325-64 pktSize=64 rx=0 unique=0 lost=100 per=100.0 rssi_avg=0 rssi_min=0 crc_err=0 garbage=7 tx_lat=0.00000 tx_lon=0.00000 sats=0 fix=0 utc=0 tx_fw=none rx_fw=unknown
PHASE_GUARD 500
PHASE_START 26 HF-FLRC-325-128 pktSize=128
2026-07-26T12:03:41.769692+00:00 SYNC_NOT_FOUND first4=DC9B2161
SYNC_NOT_FOUND first4=74A78FCF
2026-07-26T12:03:42.780671+00:00 SYNC_NOT_FOUND first4=D2503B6B
SYNC_NOT_FOUND first4=EB54334A
SYNC_NOT_FOUND first4=B591611A
SYNC_NOT_FOUND first4=4EAF4AC9
PHASE_RESULT 26 HF-FLRC-325-128 pktSize=128 rx=0 unique=0 lost=100 per=100.0 rssi_avg=0 rssi_min=0 crc_err=0 garbage=6 tx_lat=0.00000 tx_lon=0.00000 sats=0 fix=0 utc=0 tx_fw=none rx_fw=unknown
PHASE_GUARD 500
PHASE_START 27 HF-FLRC-325-255 pktSize=255
SYNC_NOT_FOUND first4=0384F6F4
2026-07-26T12:03:44.848421+00:00 SYNC_NOT_FOUND first4=D9998445
SYNC_NOT_FOUND first4=218E11C5
PHASE_RESULT 27 HF-FLRC-325-255 pktSize=255 rx=0 unique=0 lost=100 per=100.0 rssi_avg=0 rssi_min=0 crc_err=0 garbage=3 tx_lat=0.00000 tx_lon=0.00000 sats=0 fix=0 utc=0 tx_fw=none rx_fw=unknown
PHASE_GUARD 500
LORA_CFG path=0 bw=0x05 sf=7
PHASE_START 28 LF-LoRa-SF7-32 pktSize=32
2026-07-26T12:03:46.912945+00:00 PHASE_RESULT 28 LF-LoRa-SF7-32 pktSize=32 rx=0 unique=0 lost=20 per=100.0 rssi_avg=0 rssi_min=0 crc_err=0 garbage=0 tx_lat=0.00000 tx_lon=0.00000 sats=0 fix=0 utc=0 tx_fw=none rx_fw=unknown
PHASE_GUARD 500
LORA_CFG path=0 bw=0x05 sf=7
PHASE_START 29 LF-LoRa-SF7-64 pktSize=64
2026-07-26T12:03:47.924331+00:00 TIME_SYNCED utc=1785067427 offset=1785062475
2026-07-26T12:03:48.944182+00:00 TIME_SYNCED utc=1785067427 offset=1785062474
2026-07-26T12:03:49.954971+00:00 PHASE_RESULT 29 LF-LoRa-SF7-64 pktSize=64 rx=0 unique=0 lost=20 per=100.0 rssi_avg=0 rssi_min=0 crc_err=0 garbage=0 tx_lat=0.00000 tx_lon=0.00000 sats=0 fix=0 utc=0 tx_fw=none rx_fw=unknown
PHASE_GUARD 500
LORA_CFG path=0 bw=0x05 sf=7
PHASE_START 30 LF-LoRa-SF7-128 pktSize=128
2026-07-26T12:03:54.127923+00:00 PHASE_RESULT 30 LF-LoRa-SF7-128 pktSize=128 rx=0 unique=0 lost=13 per=100.0 rssi_avg=0 rssi_min=0 crc_err=0 garbage=0 tx_lat=0.00000 tx_lon=0.00000 sats=0 fix=0 utc=0 tx_fw=none rx_fw=unknown
PHASE_GUARD 500
LORA_CFG path=0 bw=0x05 sf=7
PHASE_START 31 LF-LoRa-SF7-255 pktSize=255
2026-07-26T12:03:58.297642+00:00 PHASE_RESULT 31 LF-LoRa-SF7-255 pktSize=255 rx=0 unique=0 lost=7 per=100.0 rssi_avg=0 rssi_min=0 crc_err=0 garbage=0 tx_lat=0.00000 tx_lon=0.00000 sats=0 fix=0 utc=0 tx_fw=none rx_fw=unknown
PHASE_GUARD 500
LORA_CFG path=0 bw=0x05 sf=9
PHASE_START 32 LF-LoRa-SF9-32 pktSize=32
TIME_SYNCED utc=1785067437 offset=1785062474
2026-07-26T12:03:59.317106+00:00 TIME_SYNCED utc=1785067438 offset=1785062475
2026-07-26T12:04:01.380158+00:00 PHASE_RESULT 32 LF-LoRa-SF9-32 pktSize=32 rx=0 unique=0 lost=7 per=100.0 rssi_avg=0 rssi_min=0 crc_err=0 garbage=0 tx_lat=0.00000 tx_lon=0.00000 sats=0 fix=0 utc=0 tx_fw=none rx_fw=unknown
PHASE_GUARD 500
LORA_CFG path=0 bw=0x05 sf=9
PHASE_START 33 LF-LoRa-SF9-64 pktSize=64
2026-07-26T12:04:04.498486+00:00 PHASE_RESULT 33 LF-LoRa-SF9-64 pktSize=64 rx=0 unique=0 lost=3 per=100.0 rssi_avg=0 rssi_min=0 crc_err=0 garbage=0 tx_lat=0.00000 tx_lon=0.00000 sats=0 fix=0 utc=0 tx_fw=none rx_fw=unknown
PHASE_GUARD 500
LORA_CFG path=0 bw=0x05 sf=9
PHASE_START 34 LF-LoRa-SF9-128 pktSize=128
2026-07-26T12:04:06.566916+00:00 PHASE_RESULT 34 LF-LoRa-SF9-128 pktSize=128 rx=0 unique=0 lost=1 per=100.0 rssi_avg=0 rssi_min=0 crc_err=0 garbage=0 tx_lat=0.00000 tx_lon=0.00000 sats=0 fix=0 utc=0 tx_fw=none rx_fw=unknown
PHASE_GUARD 500
LORA_CFG path=0 bw=0x05 sf=9
PHASE_START 35 LF-LoRa-SF9-255 pktSize=255
2026-07-26T12:04:08.636658+00:00 TIME_SYNCED utc=1785067447 offset=1785062474
2026-07-26T12:04:09.656690+00:00 TIME_SYNCED utc=1785067448 offset=1785062474
2026-07-26T12:04:10.667547+00:00 PHASE_RESULT 35 LF-LoRa-SF9-255 pktSize=255 rx=0 unique=0 lost=1 per=100.0 rssi_avg=0 rssi_min=0 crc_err=0 garbage=0 tx_lat=0.00000 tx_lon=0.00000 sats=0 fix=0 utc=0 tx_fw=none rx_fw=unknown
PHASE_GUARD 500
LORA_CFG path=0 bw=0x05 sf=12
2026-07-26T12:04:11.689290+00:00 PHASE_START 36 LF-LoRa-SF12-32 pktSize=32
2026-07-26T12:04:17.956072+00:00 TIME_SYNCED utc=1785067457 offset=1785062474
2026-07-26T12:04:20.018788+00:00 TIME_SYNCED utc=1785067459 offset=1785062475
2026-07-26T12:04:25.236352+00:00 PHASE_RESULT 36 LF-LoRa-SF12-32 pktSize=32 rx=0 unique=0 lost=1 per=100.0 rssi_avg=0 rssi_min=0 crc_err=0 garbage=0 tx_lat=0.00000 tx_lon=0.00000 sats=0 fix=0 utc=0 tx_fw=none rx_fw=unknown
PHASE_GUARD 500
LORA_CFG path=0 bw=0x05 sf=12
PHASE_START 37 LF-LoRa-SF12-SKIP SKIP pktSize=64
2026-07-26T12:04:26.248289+00:00 PHASE_RESULT 37 LF-LoRa-SF12-SKIP pktSize=64 rx=0 unique=0 lost=0 per=0.0 rssi_avg=0 rssi_min=0 crc_err=0 garbage=0 tx_lat=0.00000 tx_lon=0.00000 sats=0 fix=0 utc=0 tx_fw=none rx_fw=unknown
PHASE_GUARD 500
LORA_CFG path=0 bw=0x05 sf=12
PHASE_START 38 LF-LoRa-SF12-SKIP SKIP pktSize=128
2026-07-26T12:04:27.264238+00:00 PHASE_RESULT 38 LF-LoRa-SF12-SKIP pktSize=128 rx=0 unique=0 lost=0 per=0.0 rssi_avg=0 rssi_min=0 crc_err=0 garbage=0 tx_lat=0.00000 tx_lon=0.00000 sats=0 fix=0 utc=0 tx_fw=none rx_fw=unknown
PHASE_GUARD 500
LORA_CFG path=0 bw=0x05 sf=12
PHASE_START 39 LF-LoRa-SF12-SKIP SKIP pktSize=255
2026-07-26T12:04:28.274987+00:00 PHASE_RESULT 39 LF-LoRa-SF12-SKIP pktSize=255 rx=0 unique=0 lost=0 per=0.0 rssi_avg=0 rssi_min=0 crc_err=0 garbage=0 tx_lat=0.00000 tx_lon=0.00000 sats=0 fix=0 utc=0 tx_fw=none rx_fw=unknown
PHASE_GUARD 500
PHASE_START 40 LF-FLRC-2600-32 pktSize=32
TIME_SYNCED utc=1785067467 offset=1785062474
PHASE_RESULT 40 LF-FLRC-2600-32 pktSize=32 rx=0 unique=0 lost=100 per=100.0 rssi_avg=0 rssi_min=0 crc_err=0 garbage=0 tx_lat=0.00000 tx_lon=0.00000 sats=0 fix=0 utc=0 tx_fw=none rx_fw=unknown
PHASE_GUARD 500
LORA_CFG path=0 bw=0x05 sf=12
PHASE_START 39 LF-LoRa-SF12-SKIP SKIP pktSize=255
2026-07-26T12:04:29.286461+00:00 PHASE_RESULT 39 LF-LoRa-SF12-SKIP pktSize=255 rx=0 unique=0 lost=0 per=0.0 rssi_avg=0 rssi_min=0 crc_err=0 garbage=0 tx_lat=0.00000 tx_lon=0.00000 sats=0 fix=0 utc=0 tx_fw=none rx_fw=unknown
PHASE_GUARD 500
PHASE_START 40 LF-FLRC-2600-32 pktSize=32
2026-07-26T12:04:30.299718+00:00 TIME_SYNCED utc=1785067469 offset=1785062475
PHASE_RESULT 40 LF-FLRC-2600-32 pktSize=32 rx=0 unique=0 lost=100 per=100.0 rssi_avg=0 rssi_min=0 crc_err=0 garbage=0 tx_lat=0.00000 tx_lon=0.00000 sats=0 fix=0 utc=0 tx_fw=none rx_fw=unknown
PHASE_GUARD 500
PHASE_START 41 LF-FLRC-2600-64 pktSize=64
SYNC_NOT_FOUND first4=9D015264
2026-07-26T12:04:32.362303+00:00 PHASE_RESULT 41 LF-FLRC-2600-64 pktSize=64 rx=0 unique=0 lost=100 per=100.0 rssi_avg=0 rssi_min=0 crc_err=0 garbage=1 tx_lat=0.00000 tx_lon=0.00000 sats=0 fix=0 utc=0 tx_fw=none rx_fw=unknown
PHASE_GUARD 500
PHASE_START 42 LF-FLRC-2600-128 pktSize=128
2026-07-26T12:04:33.378292+00:00 SYNC_NOT_FOUND first4=3AA2335E
SYNC_NOT_FOUND first4=1ED3B273
2026-07-26T12:04:34.382594+00:00 PHASE_RESULT 42 LF-FLRC-2600-128 pktSize=128 rx=0 unique=0 lost=100 per=100.0 rssi_avg=0 rssi_min=0 crc_err=0 garbage=2 tx_lat=0.00000 tx_lon=0.00000 sats=0 fix=0 utc=0 tx_fw=none rx_fw=unknown
PHASE_GUARD 500
PHASE_START 43 LF-FLRC-2600-255 pktSize=255
2026-07-26T12:04:35.394198+00:00 SYNC_NOT_FOUND first4=07CD2C90
SYNC_NOT_FOUND first4=63623DC9
SYNC_NOT_FOUND first4=1F28AF37
2026-07-26T12:04:36.405671+00:00 PHASE_RESULT 43 LF-FLRC-2600-255 pktSize=255 rx=0 unique=0 lost=100 per=100.0 rssi_avg=0 rssi_min=0 crc_err=0 garbage=3 tx_lat=0.00000 tx_lon=0.00000 sats=0 fix=0 utc=0 tx_fw=none rx_fw=unknown
PHASE_GUARD 500
PHASE_START 44 LF-FLRC-1300-32 pktSize=32
2026-07-26T12:04:38.469684+00:00 PHASE_RESULT 44 LF-FLRC-1300-32 pktSize=32 rx=0 unique=0 lost=100 per=100.0 rssi_avg=0 rssi_min=0 crc_err=0 garbage=0 tx_lat=0.00000 tx_lon=0.00000 sats=0 fix=0 utc=0 tx_fw=none rx_fw=unknown
PHASE_GUARD 500
PHASE_START 45 LF-FLRC-1300-64 pktSize=64
TIME_SYNCED utc=1785067477 offset=1785062474
PHASE_RESULT 45 LF-FLRC-1300-64 pktSize=64 rx=0 unique=0 lost=100 per=100.0 rssi_avg=0 rssi_min=0 crc_err=0 garbage=0 tx_lat=0.00000 tx_lon=0.00000 sats=0 fix=0 utc=0 tx_fw=none rx_fw=unknown
PHASE_GUARD 500
PHASE_START 44 LF-FLRC-1300-32 pktSize=32
2026-07-26T12:04:39.481737+00:00 PHASE_RESULT 44 LF-FLRC-1300-32 pktSize=32 rx=0 unique=0 lost=100 per=100.0 rssi_avg=0 rssi_min=0 crc_err=0 garbage=0 tx_lat=0.00000 tx_lon=0.00000 sats=0 fix=0 utc=0 tx_fw=none rx_fw=unknown
PHASE_GUARD 500
PHASE_START 45 LF-FLRC-1300-64 pktSize=64
2026-07-26T12:04:40.497216+00:00 TIME_SYNCED utc=1785067479 offset=1785062475
PHASE_RESULT 45 LF-FLRC-1300-64 pktSize=64 rx=0 unique=0 lost=100 per=100.0 rssi_avg=0 rssi_min=0 crc_err=0 garbage=0 tx_lat=0.00000 tx_lon=0.00000 sats=0 fix=0 utc=0 tx_fw=none rx_fw=unknown
PHASE_GUARD 500
PHASE_START 46 LF-FLRC-1300-128 pktSize=128
2026-07-26T12:04:42.559231+00:00 PHASE_RESULT 46 LF-FLRC-1300-128 pktSize=128 rx=0 unique=0 lost=100 per=100.0 rssi_avg=0 rssi_min=0 crc_err=0 garbage=0 tx_lat=0.00000 tx_lon=0.00000 sats=0 fix=0 utc=0 tx_fw=none rx_fw=unknown
PHASE_GUARD 500
PHASE_START 47 LF-FLRC-1300-255 pktSize=255
2026-07-26T12:04:43.570568+00:00 SYNC_NOT_FOUND first4=12DCAFEA
PHASE_RESULT 47 LF-FLRC-1300-255 pktSize=255 rx=0 unique=0 lost=100 per=100.0 rssi_avg=0 rssi_min=0 crc_err=0 garbage=1 tx_lat=0.00000 tx_lon=0.00000 sats=0 fix=0 utc=0 tx_fw=none rx_fw=unknown
2026-07-26T12:04:44.586599+00:00 PHASE_GUARD 500
PHASE_START 48 LF-FLRC-650-32 pktSize=32
SYNC_NOT_FOUND first4=1BC46FC0
SYNC_NOT_FOUND first4=D9411252
SYNC_NOT_FOUND first4=2F1BD554
2026-07-26T12:04:45.598562+00:00 SYNC_NOT_FOUND first4=C540F29B
SYNC_NOT_FOUND first4=3C646C96
SYNC_NOT_FOUND first4=92988D00
SYNC_NOT_FOUND first4=FA1DB2CE
SYNC_NOT_FOUND first4=06B7926D
PHASE_RESULT 48 LF-FLRC-650-32 pktSize=32 rx=0 unique=0 lost=100 per=100.0 rssi_avg=0 rssi_min=0 crc_err=0 garbage=8 tx_lat=0.00000 tx_lon=0.00000 sats=0 fix=0 utc=0 tx_fw=none rx_fw=unknown
PHASE_GUARD 500
2026-07-26T12:04:46.611979+00:00 PHASE_START 49 LF-FLRC-650-64 pktSize=64
SYNC_NOT_FOUND first4=743967AE
2026-07-26T12:04:47.623435+00:00 SYNC_NOT_FOUND first4=558F7914
SYNC_NOT_FOUND first4=6B5DAED3
SYNC_NOT_FOUND first4=BFEDF588
SYNC_NOT_FOUND first4=F2622ACC
SYNC_NOT_FOUND first4=12358EAF
PHASE_RESULT 49 LF-FLRC-650-64 pktSize=64 rx=0 unique=0 lost=100 per=100.0 rssi_avg=0 rssi_min=0 crc_err=0 garbage=6 tx_lat=0.00000 tx_lon=0.00000 sats=0 fix=0 utc=0 tx_fw=none rx_fw=unknown
PHASE_GUARD 500
2026-07-26T12:04:48.636669+00:00 PHASE_START 50 LF-FLRC-650-128 pktSize=128
TIME_SYNCED utc=1785067487 offset=1785062474
PHASE_RESULT 50 LF-FLRC-650-128 pktSize=128 rx=0 unique=0 lost=100 per=100.0 rssi_avg=0 rssi_min=0 crc_err=0 garbage=0 tx_lat=0.00000 tx_lon=0.00000 sats=0 fix=0 utc=0 tx_fw=none rx_fw=unknown
PHASE_GUARD 500
PHASE_START 49 LF-FLRC-650-64 pktSize=64
SYNC_NOT_FOUND first4=1EF6885F
PHASE_RESULT 49 LF-FLRC-650-64 pktSize=64 rx=0 unique=0 lost=100 per=100.0 rssi_avg=0 rssi_min=0 crc_err=0 garbage=1 tx_lat=0.00000 tx_lon=0.00000 sats=0 fix=0 utc=0 tx_fw=none rx_fw=unknown
PHASE_GUARD 500
2026-07-26T12:04:49.648628+00:00 PHASE_START 50 LF-FLRC-650-128 pktSize=128
SYNC_NOT_FOUND first4=382532D1
SYNC_NOT_FOUND first4=951382D8
SYNC_NOT_FOUND first4=A0399782
SYNC_NOT_FOUND first4=4DAEA1CB
2026-07-26T12:04:50.664952+00:00 TIME_SYNCED utc=1785067489 offset=1785062474
SYNC_NOT_FOUND first4=63FA1967
SYNC_NOT_FOUND first4=3BAF6AF2
PHASE_RESULT 50 LF-FLRC-650-128 pktSize=128 rx=0 unique=0 lost=100 per=100.0 rssi_avg=0 rssi_min=0 crc_err=0 garbage=6 tx_lat=0.00000 tx_lon=0.00000 sats=0 fix=0 utc=0 tx_fw=none rx_fw=unknown
PHASE_GUARD 500
2026-07-26T12:04:51.677173+00:00 PHASE_START 51 LF-FLRC-650-255 pktSize=255
2026-07-26T12:04:52.695414+00:00 SYNC_NOT_FOUND first4=15BC99D5
PHASE_RESULT 51 LF-FLRC-650-255 pktSize=255 rx=0 unique=0 lost=100 per=100.0 rssi_avg=0 rssi_min=0 crc_err=0 garbage=1 tx_lat=0.00000 tx_lon=0.00000 sats=0 fix=0 utc=0 tx_fw=none rx_fw=unknown
PHASE_GUARD 500
2026-07-26T12:04:53.707282+00:00 PHASE_START 52 LF-FLRC-325-32 pktSize=32
2026-07-26T12:04:54.718351+00:00 PHASE_RESULT 52 LF-FLRC-325-32 pktSize=32 rx=0 unique=0 lost=100 per=100.0 rssi_avg=0 rssi_min=0 crc_err=0 garbage=0 tx_lat=0.00000 tx_lon=0.00000 sats=0 fix=0 utc=0 tx_fw=none rx_fw=unknown
PHASE_GUARD 500
PHASE_START 53 LF-FLRC-325-64 pktSize=64
2026-07-26T12:04:56.785338+00:00 PHASE_RESULT 53 LF-FLRC-325-64 pktSize=64 rx=0 unique=0 lost=100 per=100.0 rssi_avg=0 rssi_min=0 crc_err=0 garbage=0 tx_lat=0.00000 tx_lon=0.00000 sats=0 fix=0 utc=0 tx_fw=none rx_fw=unknown
PHASE_GUARD 500
PHASE_START 54 LF-FLRC-325-128 pktSize=128
2026-07-26T12:04:57.797417+00:00 TIME_SYNCED utc=1785067497 offset=1785062474
2026-07-26T12:04:58.811546+00:00 PHASE_RESULT 54 LF-FLRC-325-128 pktSize=128 rx=0 unique=0 lost=100 per=100.0 rssi_avg=0 rssi_min=0 crc_err=0 garbage=0 tx_lat=0.00000 tx_lon=0.00000 sats=0 fix=0 utc=0 tx_fw=none rx_fw=unknown
PHASE_GUARD 500
PHASE_START 55 LF-FLRC-325-255 pktSize=255
2026-07-26T12:05:00.873956+00:00 TIME_SYNCED utc=1785067499 offset=1785062474
PHASE_RESULT 55 LF-FLRC-325-255 pktSize=255 rx=0 unique=0 lost=100 per=100.0 rssi_avg=0 rssi_min=0 crc_err=0 garbage=0 tx_lat=0.00000 tx_lon=0.00000 sats=0 fix=0 utc=0 tx_fw=none rx_fw=unknown
PHASE_GUARD 500
LORA_CFG path=1 bw=0x0F sf=7
PHASE_START 0 HF-LoRa-SF7-32 pktSize=32
2026-07-26T12:05:02.943019+00:00 PHASE_RESULT 0 HF-LoRa-SF7-32 pktSize=32 rx=0 unique=0 lost=20 per=100.0 rssi_avg=0 rssi_min=0 crc_err=0 garbage=0 tx_lat=0.00000 tx_lon=0.00000 sats=0 fix=0 utc=0 tx_fw=none rx_fw=unknown
PHASE_GUARD 500
LORA_CFG path=1 bw=0x0F sf=7
PHASE_START 1 HF-LoRa-SF7-64 pktSize=64
2026-07-26T12:05:05.005613+00:00 PHASE_RESULT 1 HF-LoRa-SF7-64 pktSize=64 rx=0 unique=0 lost=20 per=100.0 rssi_avg=0 rssi_min=0 crc_err=0 garbage=0 tx_lat=0.00000 tx_lon=0.00000 sats=0 fix=0 utc=0 tx_fw=none rx_fw=unknown
PHASE_GUARD 500
LORA_CFG path=1 bw=0x0F sf=7
PHASE_START 2 HF-LoRa-SF7-128 pktSize=128
2026-07-26T12:05:07.069135+00:00 PHASE_RESULT 2 HF-LoRa-SF7-128 pktSize=128 rx=0 unique=0 lost=20 per=100.0 rssi_avg=0 rssi_min=0 crc_err=0 garbage=0 tx_lat=0.00000 tx_lon=0.00000 sats=0 fix=0 utc=0 tx_fw=none rx_fw=unknown
PHASE_GUARD 500
LORA_CFG path=1 bw=0x0F sf=7
PHASE_START 3 HF-LoRa-SF7-255 pktSize=255
2026-07-26T12:05:08.082961+00:00 TIME_SYNCED utc=1785067507 offset=1785062474
2026-07-26T12:05:10.145353+00:00 PHASE_RESULT 3 HF-LoRa-SF7-255 pktSize=255 rx=0 unique=0 lost=20 per=100.0 rssi_avg=0 rssi_min=0 crc_err=0 garbage=0 tx_lat=0.00000 tx_lon=0.00000 sats=0 fix=0 utc=0 tx_fw=none rx_fw=unknown
PHASE_GUARD 500
LORA_CFG path=1 bw=0x0F sf=9
PHASE_START 4 HF-LoRa-SF9-32 pktSize=32
2026-07-26T12:05:11.161275+00:00 TIME_SYNCED utc=1785067510 offset=1785062475
PHASE_RESULT 4 HF-LoRa-SF9-32 pktSize=32 rx=0 unique=0 lost=20 per=100.0 rssi_avg=0 rssi_min=0 crc_err=0 garbage=0 tx_lat=0.00000 tx_lon=0.00000 sats=0 fix=0 utc=0 tx_fw=none rx_fw=unknown
PHASE_GUARD 500
LORA_CFG path=1 bw=0x0F sf=9
PHASE_START 5 HF-LoRa-SF9-64 pktSize=64
2026-07-26T12:05:14.275147+00:00 PHASE_RESULT 5 HF-LoRa-SF9-64 pktSize=64 rx=0 unique=0 lost=20 per=100.0 rssi_avg=0 rssi_min=0 crc_err=0 garbage=0 tx_lat=0.00000 tx_lon=0.00000 sats=0 fix=0 utc=0 tx_fw=none rx_fw=unknown
PHASE_GUARD 500
LORA_CFG path=1 bw=0x0F sf=9
PHASE_START 6 HF-LoRa-SF9-128 pktSize=128
2026-07-26T12:05:18.440352+00:00 PHASE_RESULT 6 HF-LoRa-SF9-128 pktSize=128 rx=0 unique=0 lost=13 per=100.0 rssi_avg=0 rssi_min=0 crc_err=0 garbage=0 tx_lat=0.00000 tx_lon=0.00000 sats=0 fix=0 utc=0 tx_fw=none rx_fw=unknown
PHASE_GUARD 500
LORA_CFG path=1 bw=0x0F sf=9
PHASE_START 7 HF-LoRa-SF9-255 pktSize=255
TIME_SYNCED utc=1785067517 offset=1785062474
PHASE_RESULT 7 HF-LoRa-SF9-255 pktSize=255 rx=0 unique=0 lost=6 per=100.0 rssi_avg=0 rssi_min=0 crc_err=0 garbage=0 tx_lat=0.00000 tx_lon=0.00000 sats=0 fix=0 utc=0 tx_fw=none rx_fw=unknown
PHASE_GUARD 500
LORA_CFG path=1 bw=0x0F sf=9
PHASE_START 6 HF-LoRa-SF9-128 pktSize=128
2026-07-26T12:05:19.457289+00:00 PHASE_RESULT 6 HF-LoRa-SF9-128 pktSize=128 rx=0 unique=0 lost=13 per=100.0 rssi_avg=0 rssi_min=0 crc_err=0 garbage=0 tx_lat=0.00000 tx_lon=0.00000 sats=0 fix=0 utc=0 tx_fw=none rx_fw=unknown
PHASE_GUARD 500
LORA_CFG path=1 bw=0x0F sf=9
PHASE_START 7 HF-LoRa-SF9-255 pktSize=255
2026-07-26T12:05:21.522245+00:00 TIME_SYNCED utc=1785067520 offset=1785062475
PHASE_RESULT 7 HF-LoRa-SF9-255 pktSize=255 rx=0 unique=0 lost=6 per=100.0 rssi_avg=0 rssi_min=0 crc_err=0 garbage=0 tx_lat=0.00000 tx_lon=0.00000 sats=0 fix=0 utc=0 tx_fw=none rx_fw=unknown
PHASE_GUARD 500
LORA_CFG path=1 bw=0x0F sf=12
PHASE_START 8 HF-LoRa-SF12-32 pktSize=32
2026-07-26T12:05:23.582719+00:00 PHASE_RESULT 8 HF-LoRa-SF12-32 pktSize=32 rx=0 unique=0 lost=2 per=100.0 rssi_avg=0 rssi_min=0 crc_err=0 garbage=0 tx_lat=0.00000 tx_lon=0.00000 sats=0 fix=0 utc=0 tx_fw=none rx_fw=unknown
PHASE_GUARD 500
2026-07-26T12:05:24.594215+00:00 LORA_CFG path=1 bw=0x0F sf=12
PHASE_START 9 HF-LoRa-SF12-64 pktSize=64
2026-07-26T12:05:26.656885+00:00 PHASE_RESULT 9 HF-LoRa-SF12-64 pktSize=64 rx=0 unique=0 lost=1 per=100.0 rssi_avg=0 rssi_min=0 crc_err=0 garbage=0 tx_lat=0.00000 tx_lon=0.00000 sats=0 fix=0 utc=0 tx_fw=none rx_fw=unknown
PHASE_GUARD 500
LORA_CFG path=1 bw=0x0F sf=12
2026-07-26T12:05:27.669355+00:00 PHASE_START 10 HF-LoRa-SF12-128 pktSize=128
2026-07-26T12:05:28.682108+00:00 TIME_SYNCED utc=1785067527 offset=1785062474
2026-07-26T12:05:31.796230+00:00 TIME_SYNCED utc=1785067530 offset=1785062474
2026-07-26T12:05:32.807739+00:00 PHASE_RESULT 10 HF-LoRa-SF12-128 pktSize=128 rx=0 unique=0 lost=1 per=100.0 rssi_avg=0 rssi_min=0 crc_err=0 garbage=0 tx_lat=0.00000 tx_lon=0.00000 sats=0 fix=0 utc=0 tx_fw=none rx_fw=unknown
PHASE_GUARD 500
LORA_CFG path=1 bw=0x0F sf=12
PHASE_START 11 HF-LoRa-SF12-255 pktSize=255
2026-07-26T12:05:38.024247+00:00 TIME_SYNCED utc=1785067537 offset=1785062474
2026-07-26T12:05:42.182203+00:00 TIME_SYNCED utc=1785067541 offset=1785062475
PHASE_RESULT 11 HF-LoRa-SF12-255 pktSize=255 rx=0 unique=0 lost=1 per=100.0 rssi_avg=0 rssi_min=0 crc_err=0 garbage=0 tx_lat=0.00000 tx_lon=0.00000 sats=0 fix=0 utc=0 tx_fw=none rx_fw=unknown
PHASE_GUARD 500
PHASE_START 12 HF-FLRC-2600-32 pktSize=32
SYNC_NOT_FOUND first4=19BD28D1
SYNC_NOT_FOUND first4=72CDCE8F
SYNC_NOT_FOUND first4=E5AA11B9
SYNC_NOT_FOUND first4=6B59B1CE
SYNC_NOT_FOUND first4=D3618733
2026-07-26T12:05:43.194123+00:00 SYNC_NOT_FOUND first4=BC87307C
SYNC_NOT_FOUND first4=F46DB972
SYNC_NOT_FOUND first4=10628C4E
SYNC_NOT_FOUND first4=D57EA251
SYNC_NOT_FOUND first4=8F0CDEF8
SYNC_NOT_FOUND first4=F3BC45ED
SYNC_NOT_FOUND first4=41CF40D9
SYNC_NOT_FOUND first4=43688019
SYNC_NOT_FOUND first4=B5287342
SYNC_NOT_FOUND first4=3C3E8B26
2026-07-26T12:05:44.206246+00:00 SYNC_NOT_FOUND first4=B4F19293
SYNC_NOT_FOUND first4=6995CD1A
SYNC_NOT_FOUND first4=9497BFC7
PHASE_RESULT 12 HF-FLRC-2600-32 pktSize=32 rx=0 unique=0 lost=100 per=100.0 rssi_avg=0 rssi_min=0 crc_err=0 garbage=18 tx_lat=0.00000 tx_lon=0.00000 sats=0 fix=0 utc=0 tx_fw=none rx_fw=unknown
PHASE_GUARD 500
PHASE_START 13 HF-FLRC-2600-64 pktSize=64
SYNC_NOT_FOUND first4=F77F321E
2026-07-26T12:05:45.217295+00:00 SYNC_NOT_FOUND first4=0855F729
SYNC_NOT_FOUND first4=28B9E1D8
SYNC_NOT_FOUND first4=5C2DF718
SYNC_NOT_FOUND first4=C7631C6D
2026-07-26T12:05:46.228350+00:00 SYNC_NOT_FOUND first4=B9CE0E29
SYNC_NOT_FOUND first4=075C63E1
SYNC_NOT_FOUND first4=FE23D681
SYNC_NOT_FOUND first4=F87BF711
SYNC_NOT_FOUND first4=742A021C
PHASE_RESULT 13 HF-FLRC-2600-64 pktSize=64 rx=0 unique=0 lost=100 per=100.0 rssi_avg=0 rssi_min=0 crc_err=0 garbage=10 tx_lat=0.00000 tx_lon=0.00000 sats=0 fix=0 utc=0 tx_fw=none rx_fw=unknown
PHASE_GUARD 500
PHASE_START 14 HF-FLRC-2600-128 pktSize=128
SYNC_NOT_FOUND first4=9B5B0C70
SYNC_NOT_FOUND first4=9AA3F8DC
2026-07-26T12:05:47.240707+00:00 SYNC_NOT_FOUND first4=DD4300B9
SYNC_NOT_FOUND first4=E58D58E5
2026-07-26T12:05:48.251536+00:00 PHASE_RESULT 14 HF-FLRC-2600-128 pktSize=128 rx=0 unique=0 lost=100 per=100.0 rssi_avg=0 rssi_min=0 crc_err=0 garbage=4 tx_lat=0.00000 tx_lon=0.00000 sats=0 fix=0 utc=0 tx_fw=none rx_fw=unknown
PHASE_GUARD 500
PHASE_START 15 HF-FLRC-2600-255 pktSize=255
TIME_SYNCED utc=1785067547 offset=1785062474
PHASE_RESULT 15 HF-FLRC-2600-255 pktSize=255 rx=0 unique=0 lost=100 per=100.0 rssi_avg=0 rssi_min=0 crc_err=0 garbage=0 tx_lat=0.00000 tx_lon=0.00000 sats=0 fix=0 utc=0 tx_fw=none rx_fw=unknown
PHASE_GUARD 500
PHASE_START 14 HF-FLRC-2600-128 pktSize=128
SYNC_NOT_FOUND first4=5E472D68
2026-07-26T12:05:49.263269+00:00 SYNC_NOT_FOUND first4=46E215F5
PHASE_RESULT 14 HF-FLRC-2600-128 pktSize=128 rx=0 unique=0 lost=100 per=100.0 rssi_avg=0 rssi_min=0 crc_err=0 garbage=2 tx_lat=0.00000 tx_lon=0.00000 sats=0 fix=0 utc=0 tx_fw=none rx_fw=unknown
PHASE_GUARD 500
PHASE_START 15 HF-FLRC-2600-255 pktSize=255
SYNC_NOT_FOUND first4=FEBFCB85
SYNC_NOT_FOUND first4=DB3ECDCD
SYNC_NOT_FOUND first4=6CD34979
SYNC_NOT_FOUND first4=F0F1FACF
2026-07-26T12:05:50.275354+00:00 SYNC_NOT_FOUND first4=F555DFC9
SYNC_NOT_FOUND first4=578FD3B5
SYNC_NOT_FOUND first4=E3B8F3C7
SYNC_NOT_FOUND first4=9AC2D3D3
SYNC_NOT_FOUND first4=EAC0293A
SYNC_NOT_FOUND first4=90E724CE
SYNC_NOT_FOUND first4=84238BB9
SYNC_NOT_FOUND first4=D2BAC204
SYNC_NOT_FOUND first4=60AAE571
2026-07-26T12:05:51.286758+00:00 SYNC_NOT_FOUND first4=30F520B0
PHASE_RESULT 15 HF-FLRC-2600-255 pktSize=255 rx=0 unique=0 lost=100 per=100.0 rssi_avg=0 rssi_min=0 crc_err=0 garbage=14 tx_lat=0.00000 tx_lon=0.00000 sats=0 fix=0 utc=0 tx_fw=none rx_fw=unknown
PHASE_GUARD 500
PHASE_START 16 HF-FLRC-1300-32 pktSize=32
SYNC_NOT_FOUND first4=CDBE5B45
SYNC_NOT_FOUND first4=97056D57
SYNC_NOT_FOUND first4=EC99C984
SYNC_NOT_FOUND first4=C57AFD92
SYNC_NOT_FOUND first4=60078BC5
SYNC_NOT_FOUND first4=983DCCAC
2026-07-26T12:05:52.298534+00:00 TIME_SYNCED utc=1785067551 offset=1785062475
PHASE_RESULT 16 HF-FLRC-1300-32 pktSize=32 rx=0 unique=0 lost=100 per=100.0 rssi_avg=0 rssi_min=0 crc_err=0 garbage=6 tx_lat=0.00000 tx_lon=0.00000 sats=0 fix=0 utc=0 tx_fw=none rx_fw=unknown
PHASE_GUARD 500
PHASE_START 17 HF-FLRC-1300-64 pktSize=64
SYNC_NOT_FOUND first4=BB393F77
SYNC_NOT_FOUND first4=B70B81AE
SYNC_NOT_FOUND first4=9F9ACE24
SYNC_NOT_FOUND first4=5D8115A7
2026-07-26T12:05:53.309561+00:00 SYNC_NOT_FOUND first4=13DF890F
SYNC_NOT_FOUND first4=AE918569
2026-07-26T12:05:54.321745+00:00 PHASE_RESULT 17 HF-FLRC-1300-64 pktSize=64 rx=0 unique=0 lost=100 per=100.0 rssi_avg=0 rssi_min=0 crc_err=0 garbage=6 tx_lat=0.00000 tx_lon=0.00000 sats=0 fix=0 utc=0 tx_fw=none rx_fw=unknown
PHASE_GUARD 500
PHASE_START 18 HF-FLRC-1300-128 pktSize=128
2026-07-26T12:05:55.333024+00:00 SYNC_NOT_FOUND first4=04A2B8CA
SYNC_NOT_FOUND first4=030078A5
2026-07-26T12:05:56.343766+00:00 SYNC_NOT_FOUND first4=583B8DD3
SYNC_NOT_FOUND first4=726A1210
SYNC_NOT_FOUND first4=049C0F32
PHASE_RESULT 18 HF-FLRC-1300-128 pktSize=128 rx=0 unique=0 lost=100 per=100.0 rssi_avg=0 rssi_min=0 crc_err=0 garbage=5 tx_lat=0.00000 tx_lon=0.00000 sats=0 fix=0 utc=0 tx_fw=none rx_fw=unknown
PHASE_GUARD 500
PHASE_START 19 HF-FLRC-1300-255 pktSize=255
SYNC_NOT_FOUND first4=2D9D62AB
SYNC_NOT_FOUND first4=AE4DA299
SYNC_NOT_FOUND first4=CD2A9C22
2026-07-26T12:05:57.356230+00:00 SYNC_NOT_FOUND first4=4337DDF4
2026-07-26T12:05:58.367269+00:00 SYNC_NOT_FOUND first4=67A49066
PHASE_RESULT 19 HF-FLRC-1300-255 pktSize=255 rx=0 unique=0 lost=100 per=100.0 rssi_avg=0 rssi_min=0 crc_err=0 garbage=5 tx_lat=0.00000 tx_lon=0.00000 sats=0 fix=0 utc=0 tx_fw=none rx_fw=unknown
PHASE_GUARD 500
PHASE_START 20 HF-FLRC-650-32 pktSize=32
SYNC_NOT_FOUND first4=ABB8346C
TIME_SYNCED utc=1785067557 offset=1785062474
PHASE_RESULT 20 HF-FLRC-650-32 pktSize=32 rx=0 unique=0 lost=100 per=100.0 rssi_avg=0 rssi_min=0 crc_err=0 garbage=1 tx_lat=0.00000 tx_lon=0.00000 sats=0 fix=0 utc=0 tx_fw=none rx_fw=unknown
PHASE_GUARD 500
PHASE_START 19 HF-FLRC-1300-255 pktSize=255
SYNC_NOT_FOUND first4=7FB7F9E2
SYNC_NOT_FOUND first4=2AA9BC41
2026-07-26T12:05:59.379391+00:00 PHASE_RESULT 19 HF-FLRC-1300-255 pktSize=255 rx=0 unique=0 lost=100 per=100.0 rssi_avg=0 rssi_min=0 crc_err=0 garbage=2 tx_lat=0.00000 tx_lon=0.00000 sats=0 fix=0 utc=0 tx_fw=none rx_fw=unknown
PHASE_GUARD 500
PHASE_START 20 HF-FLRC-650-32 pktSize=32
SYNC_NOT_FOUND first4=A6D8CBD0
SYNC_NOT_FOUND first4=E614A908
SYNC_NOT_FOUND first4=D8E15C58
SYNC_NOT_FOUND first4=599714D9
SYNC_NOT_FOUND first4=2FFA3B03
SYNC_NOT_FOUND first4=D5E481DC
SYNC_NOT_FOUND first4=872E9F3B
SYNC_NOT_FOUND first4=ED24D759
2026-07-26T12:06:00.390608+00:00 SYNC_NOT_FOUND first4=E192089E
SYNC_NOT_FOUND first4=1A4BDE19
SYNC_NOT_FOUND first4=1324144B
SYNC_NOT_FOUND first4=8F96E028
SYNC_NOT_FOUND first4=133095B4
SYNC_NOT_FOUND first4=B80F8CB8
SYNC_NOT_FOUND first4=04E78DB8
SYNC_NOT_FOUND first4=DB0CD645
SYNC_NOT_FOUND first4=42E72E1A
SYNC_NOT_FOUND first4=5CE125B5
SYNC_NOT_FOUND first4=564FE07F
SYNC_NOT_FOUND first4=97D04E55
SYNC_NOT_FOUND first4=748F82B0
SYNC_NOT_FOUND first4=D77A3DAC
SYNC_NOT_FOUND first4=2126F932
SYNC_NOT_FOUND first4=FC360B90
SYNC_NOT_FOUND first4=91F8E979
SYNC_NOT_FOUND first4=E082100B
SYNC_NOT_FOUND first4=4D4C571D
SYNC_NOT_FOUND first4=89D41BF4
SYNC_NOT_FOUND first4=3DD72111
SYNC_NOT_FOUND first4=FC80D605
SYNC_NOT_FOUND first4=6F075B40
2026-07-26T12:06:01.401528+00:00 SYNC_NOT_FOUND first4=24B40FE7
PHASE_RESULT 20 HF-FLRC-650-32 pktSize=32 rx=0 unique=0 lost=100 per=100.0 rssi_avg=0 rssi_min=0 crc_err=0 garbage=32 tx_lat=0.00000 tx_lon=0.00000 sats=0 fix=0 utc=0 tx_fw=none rx_fw=unknown
PHASE_GUARD 500
PHASE_START 21 HF-FLRC-650-64 pktSize=64
SYNC_NOT_FOUND first4=11F012CE
SYNC_NOT_FOUND first4=1060DB4A
SYNC_NOT_FOUND first4=9EC90075
SYNC_NOT_FOUND first4=E46EDA82
SYNC_NOT_FOUND first4=23AEEDFE
SYNC_NOT_FOUND first4=A8971977
SYNC_NOT_FOUND first4=ECAE6C03
SYNC_NOT_FOUND first4=19C65DE1
SYNC_NOT_FOUND first4=17F6874A
SYNC_NOT_FOUND first4=E420ED72
SYNC_NOT_FOUND first4=0B5F4AFB
SYNC_NOT_FOUND first4=B79A435C
2026-07-26T12:06:02.413608+00:00 TIME_SYNCED utc=1785067561 offset=1785062475
SYNC_NOT_FOUND first4=EC67B1BA
SYNC_NOT_FOUND first4=1E7F7FBC
SYNC_NOT_FOUND first4=085C9840
PHASE_RESULT 21 HF-FLRC-650-64 pktSize=64 rx=0 unique=0 lost=100 per=100.0 rssi_avg=0 rssi_min=0 crc_err=0 garbage=15 tx_lat=0.00000 tx_lon=0.00000 sats=0 fix=0 utc=0 tx_fw=none rx_fw=unknown
PHASE_GUARD 500
PHASE_START 22 HF-FLRC-650-128 pktSize=128
SYNC_NOT_FOUND first4=A7CD6BFB
SYNC_NOT_FOUND first4=2FAFEA30
SYNC_NOT_FOUND first4=8FA2568A
SYNC_NOT_FOUND first4=982DED58
SYNC_NOT_FOUND first4=470D8022
SYNC_NOT_FOUND first4=DA89DE6F
SYNC_NOT_FOUND first4=48EFA065
SYNC_NOT_FOUND first4=93F5CEA3
SYNC_NOT_FOUND first4=44BC913C
SYNC_NOT_FOUND first4=BED16546
SYNC_NOT_FOUND first4=12C8A841
SYNC_NOT_FOUND first4=96DB7A53
SYNC_NOT_FOUND first4=73C98B0F
SYNC_NOT_FOUND first4=E6626F44
SYNC_NOT_FOUND first4=144989C1
SYNC_NOT_FOUND first4=7C97D753
SYNC_NOT_FOUND first4=4256B9F7
2026-07-26T12:06:03.424325+00:00 SYNC_NOT_FOUND first4=CB82B5A8
SYNC_NOT_FOUND first4=FE3E0547
SYNC_NOT_FOUND first4=0E29EDAB
SYNC_NOT_FOUND first4=340AA194
SYNC_NOT_FOUND first4=08E29E86
SYNC_NOT_FOUND first4=351BBD4D
SYNC_NOT_FOUND first4=AE51B5FD
SYNC_NOT_FOUND first4=EEF89F7E
SYNC_NOT_FOUND first4=E8927185
SYNC_NOT_FOUND first4=762DEE38
SYNC_NOT_FOUND first4=5B519D4B
SYNC_NOT_FOUND first4=FDB2977B
SYNC_NOT_FOUND first4=96345A34
SYNC_NOT_FOUND first4=AD365C10
SYNC_NOT_FOUND first4=EE1B57DD
SYNC_NOT_FOUND first4=501EC54E
SYNC_NOT_FOUND first4=EF9FED83
SYNC_NOT_FOUND first4=9969A64F
2026-07-26T12:06:04.436182+00:00 PHASE_RESULT 22 HF-FLRC-650-128 pktSize=128 rx=0 unique=0 lost=100 per=100.0 rssi_avg=0 rssi_min=0 crc_err=0 garbage=35 tx_lat=0.00000 tx_lon=0.00000 sats=0 fix=0 utc=0 tx_fw=none rx_fw=unknown
PHASE_GUARD 500
PHASE_START 23 HF-FLRC-650-255 pktSize=255
SYNC_NOT_FOUND first4=24E346AC
SYNC_NOT_FOUND first4=972D8195
SYNC_NOT_FOUND first4=D67C6C5B
SYNC_NOT_FOUND first4=2107D180
SYNC_NOT_FOUND first4=CED97610
SYNC_NOT_FOUND first4=1C682E19
SYNC_NOT_FOUND first4=172D83BF
SYNC_NOT_FOUND first4=36A11837
SYNC_NOT_FOUND first4=2D8DB6DB
SYNC_NOT_FOUND first4=1A3F6AB5
2026-07-26T12:06:05.447664+00:00 SYNC_NOT_FOUND first4=F09CAC22
SYNC_NOT_FOUND first4=3C532A44
SYNC_NOT_FOUND first4=EB15E90D
SYNC_NOT_FOUND first4=1B91A3A8
SYNC_NOT_FOUND first4=2FBD41ED
SYNC_NOT_FOUND first4=1049584D
SYNC_NOT_FOUND first4=05AE0550
SYNC_NOT_FOUND first4=4D27D081
SYNC_NOT_FOUND first4=0A91E224
SYNC_NOT_FOUND first4=44703F2B
SYNC_NOT_FOUND first4=94B8475A
SYNC_NOT_FOUND first4=A42120E2
SYNC_NOT_FOUND first4=E585D978
SYNC_NOT_FOUND first4=16A2A65C
SYNC_NOT_FOUND first4=335A8E6D
SYNC_NOT_FOUND first4=972C8226
SYNC_NOT_FOUND first4=249978E5
SYNC_NOT_FOUND first4=0B3AAC0F
SYNC_NOT_FOUND first4=4F0EDDD4
SYNC_NOT_FOUND first4=47276011
2026-07-26T12:06:06.458996+00:00 SYNC_NOT_FOUND first4=C2FEE7BC
SYNC_NOT_FOUND first4=CC97D3B3
SYNC_NOT_FOUND first4=E1BF21F6
SYNC_NOT_FOUND first4=FB1EC8A5
PHASE_RESULT 23 HF-FLRC-650-255 pktSize=255 rx=0 unique=0 lost=100 per=100.0 rssi_avg=0 rssi_min=0 crc_err=0 garbage=34 tx_lat=0.00000 tx_lon=0.00000 sats=0 fix=0 utc=0 tx_fw=none rx_fw=unknown
PHASE_GUARD 500
PHASE_START 24 HF-FLRC-325-32 pktSize=32
SYNC_NOT_FOUND first4=B2224A60
SYNC_NOT_FOUND first4=F24AE20D
2026-07-26T12:06:07.473919+00:00 SYNC_NOT_FOUND first4=4920FC4C
SYNC_NOT_FOUND first4=ABA98E2C
2026-07-26T12:06:08.484273+00:00 PHASE_RESULT 24 HF-FLRC-325-32 pktSize=32 rx=0 unique=0 lost=100 per=100.0 rssi_avg=0 rssi_min=0 crc_err=0 garbage=4 tx_lat=0.00000 tx_lon=0.00000 sats=0 fix=0 utc=0 tx_fw=none rx_fw=unknown
PHASE_GUARD 500
PHASE_START 25 HF-FLRC-325-64 pktSize=64
SYNC_NOT_FOUND first4=46DADADC
TIME_SYNCED utc=1785067567 offset=1785062474
PHASE_RESULT 25 HF-FLRC-325-64 pktSize=64 rx=0 unique=0 lost=100 per=100.0 rssi_avg=0 rssi_min=0 crc_err=0 garbage=1 tx_lat=0.00000 tx_lon=0.00000 sats=0 fix=0 utc=0 tx_fw=none rx_fw=unknown
PHASE_GUARD 500
PHASE_START 24 HF-FLRC-325-32 pktSize=32
SYNC_NOT_FOUND first4=F5BAB54B
SYNC_NOT_FOUND first4=718DE21C
2026-07-26T12:06:09.496883+00:00 PHASE_RESULT 24 HF-FLRC-325-32 pktSize=32 rx=0 unique=0 lost=100 per=100.0 rssi_avg=0 rssi_min=0 crc_err=0 garbage=2 tx_lat=0.00000 tx_lon=0.00000 sats=0 fix=0 utc=0 tx_fw=none rx_fw=unknown
PHASE_GUARD 500
PHASE_START 25 HF-FLRC-325-64 pktSize=64
2026-07-26T12:06:10.508398+00:00 SYNC_NOT_FOUND first4=932C7BFD
2026-07-26T12:06:11.520035+00:00 PHASE_RESULT 25 HF-FLRC-325-64 pktSize=64 rx=0 unique=0 lost=100 per=100.0 rssi_avg=0 rssi_min=0 crc_err=0 garbage=1 tx_lat=0.00000 tx_lon=0.00000 sats=0 fix=0 utc=0 tx_fw=none rx_fw=unknown
PHASE_GUARD 500
PHASE_START 26 HF-FLRC-325-128 pktSize=128
SYNC_NOT_FOUND first4=243DAE37
SYNC_NOT_FOUND first4=A63BB264
2026-07-26T12:06:12.532207+00:00 TIME_SYNCED utc=1785067571 offset=1785062475
PHASE_RESULT 26 HF-FLRC-325-128 pktSize=128 rx=0 unique=0 lost=100 per=100.0 rssi_avg=0 rssi_min=0 crc_err=0 garbage=2 tx_lat=0.00000 tx_lon=0.00000 sats=0 fix=0 utc=0 tx_fw=none rx_fw=unknown
PHASE_GUARD 500
PHASE_START 27 HF-FLRC-325-255 pktSize=255
SYNC_NOT_FOUND first4=7D083AD7
SYNC_NOT_FOUND first4=E464988F
2026-07-26T12:06:13.543122+00:00 SYNC_NOT_FOUND first4=12093472
SYNC_NOT_FOUND first4=6DD3B262
SYNC_NOT_FOUND first4=0013757F
SYNC_NOT_FOUND first4=AF4C5670
2026-07-26T12:06:14.555419+00:00 PHASE_RESULT 27 HF-FLRC-325-255 pktSize=255 rx=0 unique=0 lost=100 per=100.0 rssi_avg=0 rssi_min=0 crc_err=0 garbage=6 tx_lat=0.00000 tx_lon=0.00000 sats=0 fix=0 utc=0 tx_fw=none rx_fw=unknown
PHASE_GUARD 500
LORA_CFG path=0 bw=0x05 sf=7
PHASE_START 28 LF-LoRa-SF7-32 pktSize=32
2026-07-26T12:06:15.566474+00:00 PHASE_RESULT 28 LF-LoRa-SF7-32 pktSize=32 rx=0 unique=0 lost=20 per=100.0 rssi_avg=0 rssi_min=0 crc_err=0 garbage=0 tx_lat=0.00000 tx_lon=0.00000 sats=0 fix=0 utc=0 tx_fw=none rx_fw=unknown
PHASE_GUARD 500
2026-07-26T12:06:16.577280+00:00 LORA_CFG path=0 bw=0x05 sf=7
PHASE_START 29 LF-LoRa-SF7-64 pktSize=64
2026-07-26T12:06:18.641317+00:00 TIME_SYNCED utc=1785067577 offset=1785062474
2026-07-26T12:06:19.653204+00:00 PHASE_RESULT 29 LF-LoRa-SF7-64 pktSize=64 rx=0 unique=0 lost=20 per=100.0 rssi_avg=0 rssi_min=0 crc_err=0 garbage=0 tx_lat=0.00000 tx_lon=0.00000 sats=0 fix=0 utc=0 tx_fw=none rx_fw=unknown
PHASE_GUARD 500
LORA_CFG path=0 bw=0x05 sf=7
2026-07-26T12:06:20.665213+00:00 PHASE_START 30 LF-LoRa-SF7-128 pktSize=128
2026-07-26T12:06:22.720454+00:00 TIME_SYNCED utc=1785067581 offset=1785062474
2026-07-26T12:06:23.731815+00:00 PHASE_RESULT 30 LF-LoRa-SF7-128 pktSize=128 rx=0 unique=0 lost=13 per=100.0 rssi_avg=0 rssi_min=0 crc_err=0 garbage=0 tx_lat=0.00000 tx_lon=0.00000 sats=0 fix=0 utc=0 tx_fw=none rx_fw=unknown
PHASE_GUARD 500
LORA_CFG path=0 bw=0x05 sf=7
PHASE_START 31 LF-LoRa-SF7-255 pktSize=255
2026-07-26T12:06:27.896814+00:00 PHASE_RESULT 31 LF-LoRa-SF7-255 pktSize=255 rx=0 unique=0 lost=7 per=100.0 rssi_avg=0 rssi_min=0 crc_err=0 garbage=0 tx_lat=0.00000 tx_lon=0.00000 sats=0 fix=0 utc=0 tx_fw=none rx_fw=unknown
PHASE_GUARD 500
LORA_CFG path=0 bw=0x05 sf=9
PHASE_START 32 LF-LoRa-SF9-32 pktSize=32
TIME_SYNCED utc=1785067587 offset=1785062474
2026-07-26T12:06:32.060987+00:00 PHASE_RESULT 32 LF-LoRa-SF9-32 pktSize=32 rx=0 unique=0 lost=7 per=100.0 rssi_avg=0 rssi_min=0 crc_err=0 garbage=0 tx_lat=0.00000 tx_lon=0.00000 sats=0 fix=0 utc=0 tx_fw=none rx_fw=unknown
PHASE_GUARD 500
LORA_CFG path=0 bw=0x05 sf=9
PHASE_START 33 LF-LoRa-SF9-64 pktSize=64
2026-07-26T12:06:33.073358+00:00 TIME_SYNCED utc=1785067592 offset=1785062475
2026-07-26T12:06:34.084635+00:00 PHASE_RESULT 33 LF-LoRa-SF9-64 pktSize=64 rx=0 unique=0 lost=3 per=100.0 rssi_avg=0 rssi_min=0 crc_err=0 garbage=0 tx_lat=0.00000 tx_lon=0.00000 sats=0 fix=0 utc=0 tx_fw=none rx_fw=unknown
PHASE_GUARD 500
LORA_CFG path=0 bw=0x05 sf=9
PHASE_START 34 LF-LoRa-SF9-128 pktSize=128
2026-07-26T12:06:36.148207+00:00 PHASE_RESULT 34 LF-LoRa-SF9-128 pktSize=128 rx=0 unique=0 lost=1 per=100.0 rssi_avg=0 rssi_min=0 crc_err=0 garbage=0 tx_lat=0.00000 tx_lon=0.00000 sats=0 fix=0 utc=0 tx_fw=none rx_fw=unknown
PHASE_GUARD 500
LORA_CFG path=0 bw=0x05 sf=9
PHASE_START 35 LF-LoRa-SF9-255 pktSize=255
2026-07-26T12:06:38.209839+00:00 TIME_SYNCED utc=1785067597 offset=1785062474
2026-07-26T12:06:41.325414+00:00 PHASE_RESULT 35 LF-LoRa-SF9-255 pktSize=255 rx=0 unique=0 lost=1 per=100.0 rssi_avg=0 rssi_min=0 crc_err=0 garbage=0 tx_lat=0.00000 tx_lon=0.00000 sats=0 fix=0 utc=0 tx_fw=none rx_fw=unknown
PHASE_GUARD 500
LORA_CFG path=0 bw=0x05 sf=12
PHASE_START 36 LF-LoRa-SF12-32 pktSize=32
2026-07-26T12:06:43.388796+00:00 TIME_SYNCED utc=1785067602 offset=1785062475
