# rx_capture segment start 2026-07-26T12:06:48.600218+00:00
# rotation=1800s
2026-07-26T12:06:48.600287+00:00 TIME_SYNCED utc=1785067607 offset=1785062474
2026-07-26T12:06:53.820690+00:00 TIME_SYNCED utc=1785067612 offset=1785062474
2026-07-26T12:06:55.883735+00:00 PHASE_RESULT 36 LF-LoRa-SF12-32 pktSize=32 rx=0 unique=0 lost=1 per=100.0 rssi_avg=0 rssi_min=0 crc_err=0 garbage=0 tx_lat=0.00000 tx_lon=0.00000 sats=0 fix=0 utc=0 tx_fw=none rx_fw=unknown
PHASE_GUARD 500
LORA_CFG path=0 bw=0x05 sf=12
PHASE_START 37 LF-LoRa-SF12-SKIP SKIP pktSize=64
2026-07-26T12:06:56.898802+00:00 PHASE_RESULT 37 LF-LoRa-SF12-SKIP pktSize=64 rx=0 unique=0 lost=0 per=0.0 rssi_avg=0 rssi_min=0 crc_err=0 garbage=0 tx_lat=0.00000 tx_lon=0.00000 sats=0 fix=0 utc=0 tx_fw=none rx_fw=unknown
PHASE_GUARD 500
LORA_CFG path=0 bw=0x05 sf=12
PHASE_START 38 LF-LoRa-SF12-SKIP SKIP pktSize=128
2026-07-26T12:06:57.910044+00:00 PHASE_RESULT 38 LF-LoRa-SF12-SKIP pktSize=128 rx=0 unique=0 lost=0 per=0.0 rssi_avg=0 rssi_min=0 crc_err=0 garbage=0 tx_lat=0.00000 tx_lon=0.00000 sats=0 fix=0 utc=0 tx_fw=none rx_fw=unknown
PHASE_GUARD 500
LORA_CFG path=0 bw=0x05 sf=12
PHASE_START 39 LF-LoRa-SF12-SKIP SKIP pktSize=255
TIME_SYNCED utc=1785067617 offset=1785062474
2026-07-26T12:06:58.914358+00:00 PHASE_RESULT 39 LF-LoRa-SF12-SKIP pktSize=255 rx=0 unique=0 lost=0 per=0.0 rssi_avg=0 rssi_min=0 crc_err=0 garbage=0 tx_lat=0.00000 tx_lon=0.00000 sats=0 fix=0 utc=0 tx_fw=none rx_fw=unknown
PHASE_GUARD 500
PHASE_START 40 LF-FLRC-2600-32 pktSize=32
2026-07-26T12:06:59.926012+00:00 SYNC_NOT_FOUND first4=CAAB33AC
2026-07-26T12:07:00.937948+00:00 PHASE_RESULT 40 LF-FLRC-2600-32 pktSize=32 rx=0 unique=0 lost=100 per=100.0 rssi_avg=0 rssi_min=0 crc_err=0 garbage=1 tx_lat=0.00000 tx_lon=0.00000 sats=0 fix=0 utc=0 tx_fw=none rx_fw=unknown
PHASE_GUARD 500
PHASE_START 41 LF-FLRC-2600-64 pktSize=64
2026-07-26T12:07:02.999886+00:00 SYNC_NOT_FOUND first4=E69DC2C2
PHASE_RESULT 41 LF-FLRC-2600-64 pktSize=64 rx=0 unique=0 lost=100 per=100.0 rssi_avg=0 rssi_min=0 crc_err=0 garbage=1 tx_lat=0.00000 tx_lon=0.00000 sats=0 fix=0 utc=0 tx_fw=none rx_fw=unknown
PHASE_GUARD 500
PHASE_START 42 LF-FLRC-2600-128 pktSize=128
2026-07-26T12:07:04.012096+00:00 TIME_SYNCED utc=1785067623 offset=1785062475
PHASE_RESULT 42 LF-FLRC-2600-128 pktSize=128 rx=0 unique=0 lost=100 per=100.0 rssi_avg=0 rssi_min=0 crc_err=0 garbage=0 tx_lat=0.00000 tx_lon=0.00000 sats=0 fix=0 utc=0 tx_fw=none rx_fw=unknown
PHASE_GUARD 500
PHASE_START 43 LF-FLRC-2600-255 pktSize=255
SYNC_NOT_FOUND first4=2BC4A94B
2026-07-26T12:07:06.074815+00:00 PHASE_RESULT 43 LF-FLRC-2600-255 pktSize=255 rx=0 unique=0 lost=100 per=100.0 rssi_avg=0 rssi_min=0 crc_err=0 garbage=1 tx_lat=0.00000 tx_lon=0.00000 sats=0 fix=0 utc=0 tx_fw=none rx_fw=unknown
PHASE_GUARD 500
PHASE_START 44 LF-FLRC-1300-32 pktSize=32
2026-07-26T12:07:08.137905+00:00 PHASE_RESULT 44 LF-FLRC-1300-32 pktSize=32 rx=0 unique=0 lost=100 per=100.0 rssi_avg=0 rssi_min=0 crc_err=0 garbage=0 tx_lat=0.00000 tx_lon=0.00000 sats=0 fix=0 utc=0 tx_fw=none rx_fw=unknown
PHASE_GUARD 500
PHASE_START 45 LF-FLRC-1300-64 pktSize=64
TIME_SYNCED utc=1785067627 offset=1785062474
PHASE_RESULT 45 LF-FLRC-1300-64 pktSize=64 rx=0 unique=0 lost=100 per=100.0 rssi_avg=0 rssi_min=0 crc_err=0 garbage=0 tx_lat=0.00000 tx_lon=0.00000 sats=0 fix=0 utc=0 tx_fw=none rx_fw=unknown
PHASE_GUARD 500
PHASE_START 44 LF-FLRC-1300-32 pktSize=32
2026-07-26T12:07:09.150101+00:00 PHASE_RESULT 44 LF-FLRC-1300-32 pktSize=32 rx=0 unique=0 lost=100 per=100.0 rssi_avg=0 rssi_min=0 crc_err=0 garbage=0 tx_lat=0.00000 tx_lon=0.00000 sats=0 fix=0 utc=0 tx_fw=none rx_fw=unknown
PHASE_GUARD 500
PHASE_START 45 LF-FLRC-1300-64 pktSize=64
2026-07-26T12:07:11.213345+00:00 PHASE_RESULT 45 LF-FLRC-1300-64 pktSize=64 rx=0 unique=0 lost=100 per=100.0 rssi_avg=0 rssi_min=0 crc_err=0 garbage=0 tx_lat=0.00000 tx_lon=0.00000 sats=0 fix=0 utc=0 tx_fw=none rx_fw=unknown
PHASE_GUARD 500
PHASE_START 46 LF-FLRC-1300-128 pktSize=128
2026-07-26T12:07:12.225848+00:00 SYNC_NOT_FOUND first4=0FFB2C63
SYNC_NOT_FOUND first4=0ADC0455
2026-07-26T12:07:13.237671+00:00 PHASE_RESULT 46 LF-FLRC-1300-128 pktSize=128 rx=0 unique=0 lost=100 per=100.0 rssi_avg=0 rssi_min=0 crc_err=0 garbage=2 tx_lat=0.00000 tx_lon=0.00000 sats=0 fix=0 utc=0 tx_fw=none rx_fw=unknown
PHASE_GUARD 500
PHASE_START 47 LF-FLRC-1300-255 pktSize=255
2026-07-26T12:07:14.249911+00:00 TIME_SYNCED utc=1785067633 offset=1785062475
SYNC_NOT_FOUND first4=B60D5EA2
PHASE_RESULT 47 LF-FLRC-1300-255 pktSize=255 rx=0 unique=0 lost=100 per=100.0 rssi_avg=0 rssi_min=0 crc_err=0 garbage=1 tx_lat=0.00000 tx_lon=0.00000 sats=0 fix=0 utc=0 tx_fw=none rx_fw=unknown
PHASE_GUARD 500
PHASE_START 48 LF-FLRC-650-32 pktSize=32
SYNC_NOT_FOUND first4=328D1090
2026-07-26T12:07:15.261242+00:00 SYNC_NOT_FOUND first4=C2E22F9E
SYNC_NOT_FOUND first4=3E85A9EB
2026-07-26T12:07:16.273647+00:00 PHASE_RESULT 48 LF-FLRC-650-32 pktSize=32 rx=0 unique=0 lost=100 per=100.0 rssi_avg=0 rssi_min=0 crc_err=0 garbage=3 tx_lat=0.00000 tx_lon=0.00000 sats=0 fix=0 utc=0 tx_fw=none rx_fw=unknown
PHASE_GUARD 500
PHASE_START 49 LF-FLRC-650-64 pktSize=64
SYNC_NOT_FOUND first4=6E18DB7D
SYNC_NOT_FOUND first4=01723E72
2026-07-26T12:07:17.284826+00:00 SYNC_NOT_FOUND first4=A8A50804
SYNC_NOT_FOUND first4=CF7EA9C6
SYNC_NOT_FOUND first4=5059A80D
SYNC_NOT_FOUND first4=57D00160
2026-07-26T12:07:18.295843+00:00 SYNC_NOT_FOUND first4=43D1EB44
SYNC_NOT_FOUND first4=13047895
PHASE_RESULT 49 LF-FLRC-650-64 pktSize=64 rx=0 unique=0 lost=100 per=100.0 rssi_avg=0 rssi_min=0 crc_err=0 garbage=8 tx_lat=0.00000 tx_lon=0.00000 sats=0 fix=0 utc=0 tx_fw=none rx_fw=unknown
PHASE_GUARD 500
PHASE_START 50 LF-FLRC-650-128 pktSize=128
TIME_SYNCED utc=1785067637 offset=1785062474
PHASE_RESULT 50 LF-FLRC-650-128 pktSize=128 rx=0 unique=0 lost=100 per=100.0 rssi_avg=0 rssi_min=0 crc_err=0 garbage=0 tx_lat=0.00000 tx_lon=0.00000 sats=0 fix=0 utc=0 tx_fw=none rx_fw=unknown
PHASE_GUARD 500
PHASE_START 49 LF-FLRC-650-64 pktSize=64
2026-07-26T12:07:19.307612+00:00 PHASE_RESULT 49 LF-FLRC-650-64 pktSize=64 rx=0 unique=0 lost=100 per=100.0 rssi_avg=0 rssi_min=0 crc_err=0 garbage=0 tx_lat=0.00000 tx_lon=0.00000 sats=0 fix=0 utc=0 tx_fw=none rx_fw=unknown
PHASE_GUARD 500
PHASE_START 50 LF-FLRC-650-128 pktSize=128
SYNC_NOT_FOUND first4=B101942F
2026-07-26T12:07:20.318954+00:00 SYNC_NOT_FOUND first4=3CA7BAD5
2026-07-26T12:07:21.333426+00:00 SYNC_NOT_FOUND first4=9F29A396
PHASE_RESULT 50 LF-FLRC-650-128 pktSize=128 rx=0 unique=0 lost=100 per=100.0 rssi_avg=0 rssi_min=0 crc_err=0 garbage=3 tx_lat=0.00000 tx_lon=0.00000 sats=0 fix=0 utc=0 tx_fw=none rx_fw=unknown
PHASE_GUARD 500
PHASE_START 51 LF-FLRC-650-255 pktSize=255
SYNC_NOT_FOUND first4=16A2F247
2026-07-26T12:07:22.344904+00:00 SYNC_NOT_FOUND first4=588E9FDC
SYNC_NOT_FOUND first4=B3146CE4
SYNC_NOT_FOUND first4=FF379898
SYNC_NOT_FOUND first4=1CD491D7
SYNC_NOT_FOUND first4=10862FB4
2026-07-26T12:07:23.356659+00:00 PHASE_RESULT 51 LF-FLRC-650-255 pktSize=255 rx=0 unique=0 lost=100 per=100.0 rssi_avg=0 rssi_min=0 crc_err=0 garbage=6 tx_lat=0.00000 tx_lon=0.00000 sats=0 fix=0 utc=0 tx_fw=none rx_fw=unknown
PHASE_GUARD 500
PHASE_START 52 LF-FLRC-325-32 pktSize=32
2026-07-26T12:07:24.369489+00:00 TIME_SYNCED utc=1785067643 offset=1785062475
PHASE_RESULT 52 LF-FLRC-325-32 pktSize=32 rx=0 unique=0 lost=100 per=100.0 rssi_avg=0 rssi_min=0 crc_err=0 garbage=0 tx_lat=0.00000 tx_lon=0.00000 sats=0 fix=0 utc=0 tx_fw=none rx_fw=unknown
PHASE_GUARD 500
PHASE_START 53 LF-FLRC-325-64 pktSize=64
2026-07-26T12:07:26.432234+00:00 PHASE_RESULT 53 LF-FLRC-325-64 pktSize=64 rx=0 unique=0 lost=100 per=100.0 rssi_avg=0 rssi_min=0 crc_err=0 garbage=0 tx_lat=0.00000 tx_lon=0.00000 sats=0 fix=0 utc=0 tx_fw=none rx_fw=unknown
PHASE_GUARD 500
PHASE_START 54 LF-FLRC-325-128 pktSize=128
2026-07-26T12:07:28.495443+00:00 PHASE_RESULT 54 LF-FLRC-325-128 pktSize=128 rx=0 unique=0 lost=100 per=100.0 rssi_avg=0 rssi_min=0 crc_err=0 garbage=0 tx_lat=0.00000 tx_lon=0.00000 sats=0 fix=0 utc=0 tx_fw=none rx_fw=unknown
PHASE_GUARD 500
PHASE_START 55 LF-FLRC-325-255 pktSize=255
TIME_SYNCED utc=1785067647 offset=1785062474
PHASE_RESULT 55 LF-FLRC-325-255 pktSize=255 rx=0 unique=0 lost=100 per=100.0 rssi_avg=0 rssi_min=0 crc_err=0 garbage=0 tx_lat=0.00000 tx_lon=0.00000 sats=0 fix=0 utc=0 tx_fw=none rx_fw=unknown
PHASE_GUARD 500
PHASE_START 54 LF-FLRC-325-128 pktSize=128
2026-07-26T12:07:29.508066+00:00 PHASE_RESULT 54 LF-FLRC-325-128 pktSize=128 rx=0 unique=0 lost=100 per=100.0 rssi_avg=0 rssi_min=0 crc_err=0 garbage=0 tx_lat=0.00000 tx_lon=0.00000 sats=0 fix=0 utc=0 tx_fw=none rx_fw=unknown
PHASE_GUARD 500
PHASE_START 55 LF-FLRC-325-255 pktSize=255
2026-07-26T12:07:31.571290+00:00 PHASE_RESULT 55 LF-FLRC-325-255 pktSize=255 rx=0 unique=0 lost=100 per=100.0 rssi_avg=0 rssi_min=0 crc_err=0 garbage=0 tx_lat=0.00000 tx_lon=0.00000 sats=0 fix=0 utc=0 tx_fw=none rx_fw=unknown
PHASE_GUARD 500
LORA_CFG path=1 bw=0x0F sf=7
PHASE_START 0 HF-LoRa-SF7-32 pktSize=32
2026-07-26T12:07:32.582985+00:00 PHASE_RESULT 0 HF-LoRa-SF7-32 pktSize=32 rx=0 unique=0 lost=20 per=100.0 rssi_avg=0 rssi_min=0 crc_err=0 garbage=0 tx_lat=0.00000 tx_lon=0.00000 sats=0 fix=0 utc=0 tx_fw=none rx_fw=unknown
PHASE_GUARD 500
2026-07-26T12:07:33.595067+00:00 LORA_CFG path=1 bw=0x0F sf=7
PHASE_START 1 HF-LoRa-SF7-64 pktSize=64
2026-07-26T12:07:34.607262+00:00 TIME_SYNCED utc=1785067653 offset=1785062474
PHASE_RESULT 1 HF-LoRa-SF7-64 pktSize=64 rx=0 unique=0 lost=20 per=100.0 rssi_avg=0 rssi_min=0 crc_err=0 garbage=0 tx_lat=0.00000 tx_lon=0.00000 sats=0 fix=0 utc=0 tx_fw=none rx_fw=unknown
PHASE_GUARD 500
LORA_CFG path=1 bw=0x0F sf=7
2026-07-26T12:07:35.619390+00:00 PHASE_START 2 HF-LoRa-SF7-128 pktSize=128
2026-07-26T12:07:36.631287+00:00 PHASE_RESULT 2 HF-LoRa-SF7-128 pktSize=128 rx=0 unique=0 lost=20 per=100.0 rssi_avg=0 rssi_min=0 crc_err=0 garbage=0 tx_lat=0.00000 tx_lon=0.00000 sats=0 fix=0 utc=0 tx_fw=none rx_fw=unknown
PHASE_GUARD 500
LORA_CFG path=1 bw=0x0F sf=7
2026-07-26T12:07:37.643369+00:00 PHASE_START 3 HF-LoRa-SF7-255 pktSize=255
2026-07-26T12:07:38.654301+00:00 TIME_SYNCED utc=1785067657 offset=1785062474
2026-07-26T12:07:39.666272+00:00 PHASE_RESULT 3 HF-LoRa-SF7-255 pktSize=255 rx=0 unique=0 lost=20 per=100.0 rssi_avg=0 rssi_min=0 crc_err=0 garbage=0 tx_lat=0.00000 tx_lon=0.00000 sats=0 fix=0 utc=0 tx_fw=none rx_fw=unknown
PHASE_GUARD 500
LORA_CFG path=1 bw=0x0F sf=9
2026-07-26T12:07:40.678479+00:00 PHASE_START 4 HF-LoRa-SF9-32 pktSize=32
2026-07-26T12:07:41.690409+00:00 PHASE_RESULT 4 HF-LoRa-SF9-32 pktSize=32 rx=0 unique=0 lost=20 per=100.0 rssi_avg=0 rssi_min=0 crc_err=0 garbage=0 tx_lat=0.00000 tx_lon=0.00000 sats=0 fix=0 utc=0 tx_fw=none rx_fw=unknown
PHASE_GUARD 500
LORA_CFG path=1 bw=0x0F sf=9
PHASE_START 5 HF-LoRa-SF9-64 pktSize=64
2026-07-26T12:07:44.808060+00:00 TIME_SYNCED utc=1785067663 offset=1785062474
PHASE_RESULT 5 HF-LoRa-SF9-64 pktSize=64 rx=0 unique=0 lost=20 per=100.0 rssi_avg=0 rssi_min=0 crc_err=0 garbage=0 tx_lat=0.00000 tx_lon=0.00000 sats=0 fix=0 utc=0 tx_fw=none rx_fw=unknown
PHASE_GUARD 500
LORA_CFG path=1 bw=0x0F sf=9
PHASE_START 6 HF-LoRa-SF9-128 pktSize=128
2026-07-26T12:07:48.974763+00:00 TIME_SYNCED utc=1785067667 offset=1785062474
PHASE_RESULT 6 HF-LoRa-SF9-128 pktSize=128 rx=0 unique=0 lost=13 per=100.0 rssi_avg=0 rssi_min=0 crc_err=0 garbage=0 tx_lat=0.00000 tx_lon=0.00000 sats=0 fix=0 utc=0 tx_fw=none rx_fw=unknown
PHASE_GUARD 500
LORA_CFG path=1 bw=0x0F sf=9
PHASE_START 7 HF-LoRa-SF9-255 pktSize=255
2026-07-26T12:07:52.089893+00:00 PHASE_RESULT 7 HF-LoRa-SF9-255 pktSize=255 rx=0 unique=0 lost=6 per=100.0 rssi_avg=0 rssi_min=0 crc_err=0 garbage=0 tx_lat=0.00000 tx_lon=0.00000 sats=0 fix=0 utc=0 tx_fw=none rx_fw=unknown
PHASE_GUARD 500
LORA_CFG path=1 bw=0x0F sf=12
PHASE_START 8 HF-LoRa-SF12-32 pktSize=32
2026-07-26T12:07:55.205201+00:00 TIME_SYNCED utc=1785067674 offset=1785062475
PHASE_RESULT 8 HF-LoRa-SF12-32 pktSize=32 rx=0 unique=0 lost=2 per=100.0 rssi_avg=0 rssi_min=0 crc_err=0 garbage=0 tx_lat=0.00000 tx_lon=0.00000 sats=0 fix=0 utc=0 tx_fw=none rx_fw=unknown
PHASE_GUARD 500
LORA_CFG path=1 bw=0x0F sf=12
PHASE_START 9 HF-LoRa-SF12-64 pktSize=64
2026-07-26T12:07:57.269095+00:00 PHASE_RESULT 9 HF-LoRa-SF12-64 pktSize=64 rx=0 unique=0 lost=1 per=100.0 rssi_avg=0 rssi_min=0 crc_err=0 garbage=0 tx_lat=0.00000 tx_lon=0.00000 sats=0 fix=0 utc=0 tx_fw=none rx_fw=unknown
PHASE_GUARD 500
LORA_CFG path=1 bw=0x0F sf=12
PHASE_START 10 HF-LoRa-SF12-128 pktSize=128
2026-07-26T12:07:58.281059+00:00 TIME_SYNCED utc=1785067677 offset=1785062474
2026-07-26T12:08:03.497592+00:00 PHASE_RESULT 10 HF-LoRa-SF12-128 pktSize=128 rx=0 unique=0 lost=1 per=100.0 rssi_avg=0 rssi_min=0 crc_err=0 garbage=0 tx_lat=0.00000 tx_lon=0.00000 sats=0 fix=0 utc=0 tx_fw=none rx_fw=unknown
PHASE_GUARD 500
LORA_CFG path=1 bw=0x0F sf=12
PHASE_START 11 HF-LoRa-SF12-255 pktSize=255
2026-07-26T12:08:05.562091+00:00 TIME_SYNCED utc=1785067684 offset=1785062474
2026-07-26T12:08:08.677490+00:00 TIME_SYNCED utc=1785067687 offset=1785062474
2026-07-26T12:08:12.843846+00:00 PHASE_RESULT 11 HF-LoRa-SF12-255 pktSize=255 rx=0 unique=0 lost=1 per=100.0 rssi_avg=0 rssi_min=0 crc_err=0 garbage=0 tx_lat=0.00000 tx_lon=0.00000 sats=0 fix=0 utc=0 tx_fw=none rx_fw=unknown
PHASE_GUARD 500
PHASE_START 12 HF-FLRC-2600-32 pktSize=32
SYNC_NOT_FOUND first4=5B9B9A7D
SYNC_NOT_FOUND first4=04A807EF
SYNC_NOT_FOUND first4=D21C814B
2026-07-26T12:08:13.855791+00:00 SYNC_NOT_FOUND first4=7D0F7352
SYNC_NOT_FOUND first4=7109C424
2026-07-26T12:08:14.866394+00:00 SYNC_NOT_FOUND first4=1F0F36D6
SYNC_NOT_FOUND first4=16E027FD
SYNC_NOT_FOUND first4=0E298762
PHASE_RESULT 12 HF-FLRC-2600-32 pktSize=32 rx=0 unique=0 lost=100 per=100.0 rssi_avg=0 rssi_min=0 crc_err=0 garbage=8 tx_lat=0.00000 tx_lon=0.00000 sats=0 fix=0 utc=0 tx_fw=none rx_fw=unknown
PHASE_GUARD 500
PHASE_START 13 HF-FLRC-2600-64 pktSize=64
SYNC_NOT_FOUND first4=7614D593
SYNC_NOT_FOUND first4=79DB3270
SYNC_NOT_FOUND first4=444BBC64
2026-07-26T12:08:15.879021+00:00 TIME_SYNCED utc=1785067694 offset=1785062474
SYNC_NOT_FOUND first4=1C16C2A6
SYNC_NOT_FOUND first4=FEA06ED3
SYNC_NOT_FOUND first4=EC641A0B
SYNC_NOT_FOUND first4=0051B074
SYNC_NOT_FOUND first4=34FD8754
2026-07-26T12:08:16.887703+00:00 SYNC_NOT_FOUND first4=C1251562
SYNC_NOT_FOUND first4=8382ED15
SYNC_NOT_FOUND first4=59725CE6
SYNC_NOT_FOUND first4=3B7FA466
SYNC_NOT_FOUND first4=7C3E69CB
PHASE_RESULT 13 HF-FLRC-2600-64 pktSize=64 rx=0 unique=0 lost=100 per=100.0 rssi_avg=0 rssi_min=0 crc_err=0 garbage=13 tx_lat=0.00000 tx_lon=0.00000 sats=0 fix=0 utc=0 tx_fw=none rx_fw=unknown
PHASE_GUARD 500
PHASE_START 14 HF-FLRC-2600-128 pktSize=128
SYNC_NOT_FOUND first4=5DC2AF94
2026-07-26T12:08:17.899980+00:00 SYNC_NOT_FOUND first4=6DAAA1C8
SYNC_NOT_FOUND first4=12DFDC78
SYNC_NOT_FOUND first4=1F5CBDE0
SYNC_NOT_FOUND first4=421ECA7B
SYNC_NOT_FOUND first4=35C03025
SYNC_NOT_FOUND first4=7D4E3B27
2026-07-26T12:08:18.911394+00:00 TIME_SYNCED utc=1785067698 offset=1785062475
PHASE_RESULT 14 HF-FLRC-2600-128 pktSize=128 rx=0 unique=0 lost=100 per=100.0 rssi_avg=0 rssi_min=0 crc_err=0 garbage=7 tx_lat=0.00000 tx_lon=0.00000 sats=0 fix=0 utc=0 tx_fw=none rx_fw=unknown
PHASE_GUARD 500
PHASE_START 15 HF-FLRC-2600-255 pktSize=255
SYNC_NOT_FOUND first4=F2E0D742
SYNC_NOT_FOUND first4=0023F952
SYNC_NOT_FOUND first4=EA6DA415
SYNC_NOT_FOUND first4=9F015532
2026-07-26T12:08:19.915425+00:00 SYNC_NOT_FOUND first4=32B34297
SYNC_NOT_FOUND first4=6EC5FEF4
SYNC_NOT_FOUND first4=CE4BF71E
SYNC_NOT_FOUND first4=8FBA2BDD
SYNC_NOT_FOUND first4=AE7CA6C8
SYNC_NOT_FOUND first4=08313788
PHASE_RESULT 15 HF-FLRC-2600-255 pktSize=255 rx=0 unique=0 lost=100 per=100.0 rssi_avg=0 rssi_min=0 crc_err=0 garbage=10 tx_lat=0.00000 tx_lon=0.00000 sats=0 fix=0 utc=0 tx_fw=none rx_fw=unknown
PHASE_GUARD 500
PHASE_START 16 HF-FLRC-1300-32 pktSize=32
SYNC_NOT_FOUND first4=965CB576
2026-07-26T12:08:20.927826+00:00 SYNC_NOT_FOUND first4=EF218F97
SYNC_NOT_FOUND first4=859BC171
SYNC_NOT_FOUND first4=EF6AABC8
2026-07-26T12:08:21.931083+00:00 SYNC_NOT_FOUND first4=FFA5C6C1
SYNC_NOT_FOUND first4=6E5AE99C
PHASE_RESULT 16 HF-FLRC-1300-32 pktSize=32 rx=0 unique=0 lost=100 per=100.0 rssi_avg=0 rssi_min=0 crc_err=0 garbage=6 tx_lat=0.00000 tx_lon=0.00000 sats=0 fix=0 utc=0 tx_fw=none rx_fw=unknown
PHASE_GUARD 500
PHASE_START 17 HF-FLRC-1300-64 pktSize=64
SYNC_NOT_FOUND first4=34F4118A
SYNC_NOT_FOUND first4=F7B80E18
2026-07-26T12:08:22.943074+00:00 SYNC_NOT_FOUND first4=A3E8098B
SYNC_NOT_FOUND first4=8B85A818
SYNC_NOT_FOUND first4=71E641C2
2026-07-26T12:08:23.946844+00:00 PHASE_RESULT 17 HF-FLRC-1300-64 pktSize=64 rx=0 unique=0 lost=100 per=100.0 rssi_avg=0 rssi_min=0 crc_err=0 garbage=5 tx_lat=0.00000 tx_lon=0.00000 sats=0 fix=0 utc=0 tx_fw=none rx_fw=unknown
PHASE_GUARD 500
PHASE_START 18 HF-FLRC-1300-128 pktSize=128
SYNC_NOT_FOUND first4=5EA04C01
2026-07-26T12:08:24.958155+00:00 SYNC_NOT_FOUND first4=6EA7F108
SYNC_NOT_FOUND first4=B595A8AD
SYNC_NOT_FOUND first4=AC16C718
SYNC_NOT_FOUND first4=9151F353
2026-07-26T12:08:25.962679+00:00 TIME_SYNCED utc=1785067704 offset=1785062474
SYNC_NOT_FOUND first4=A11A60FD
SYNC_NOT_FOUND first4=3C76E5AB
SYNC_NOT_FOUND first4=99CF9CE2
SYNC_NOT_FOUND first4=5EF5351F
2026-07-26T12:08:26.973873+00:00 SYNC_NOT_FOUND first4=979383D8
PHASE_RESULT 18 HF-FLRC-1300-128 pktSize=128 rx=0 unique=0 lost=100 per=100.0 rssi_avg=0 rssi_min=0 crc_err=0 garbage=10 tx_lat=0.00000 tx_lon=0.00000 sats=0 fix=0 utc=0 tx_fw=none rx_fw=unknown
PHASE_GUARD 500
PHASE_START 19 HF-FLRC-1300-255 pktSize=255
SYNC_NOT_FOUND first4=B54CE69A
SYNC_NOT_FOUND first4=8B64FA2F
2026-07-26T12:08:27.985858+00:00 SYNC_NOT_FOUND first4=166B878E
SYNC_NOT_FOUND first4=4E719A79
SYNC_NOT_FOUND first4=7D28C2F9
SYNC_NOT_FOUND first4=6A4796E8
2026-07-26T12:08:28.996886+00:00 TIME_SYNCED utc=1785067708 offset=1785062475
PHASE_RESULT 19 HF-FLRC-1300-255 pktSize=255 rx=0 unique=0 lost=100 per=100.0 rssi_avg=0 rssi_min=0 crc_err=0 garbage=6 tx_lat=0.00000 tx_lon=0.00000 sats=0 fix=0 utc=0 tx_fw=none rx_fw=unknown
PHASE_GUARD 500
PHASE_START 20 HF-FLRC-650-32 pktSize=32
SYNC_NOT_FOUND first4=16BD682D
SYNC_NOT_FOUND first4=E8B5756A
SYNC_NOT_FOUND first4=BAC85125
SYNC_NOT_FOUND first4=46FFA392
SYNC_NOT_FOUND first4=CFDFDE39
SYNC_NOT_FOUND first4=7E40D002
SYNC_NOT_FOUND first4=F8FF4454
SYNC_NOT_FOUND first4=ED7FD8BA
SYNC_NOT_FOUND first4=F87699C8
SYNC_NOT_FOUND first4=EFE74219
SYNC_NOT_FOUND first4=53679167
SYNC_NOT_FOUND first4=CA4E7984
SYNC_NOT_FOUND first4=16519BE8
SYNC_NOT_FOUND first4=57FF6C41
SYNC_NOT_FOUND first4=76F2C803
SYNC_NOT_FOUND first4=C767C470
SYNC_NOT_FOUND first4=B277874B
SYNC_NOT_FOUND first4=89A971B0
2026-07-26T12:08:30.007836+00:00 SYNC_NOT_FOUND first4=0AC84CF5
SYNC_NOT_FOUND first4=D79041DE
SYNC_NOT_FOUND first4=61512393
SYNC_NOT_FOUND first4=3B289A44
PHASE_RESULT 20 HF-FLRC-650-32 pktSize=32 rx=0 unique=0 lost=100 per=100.0 rssi_avg=0 rssi_min=0 crc_err=0 garbage=22 tx_lat=0.00000 tx_lon=0.00000 sats=0 fix=0 utc=0 tx_fw=none rx_fw=unknown
PHASE_GUARD 500
PHASE_START 21 HF-FLRC-650-64 pktSize=64
SYNC_NOT_FOUND first4=C74B2E7D
SYNC_NOT_FOUND first4=5BE76311
SYNC_NOT_FOUND first4=FE0CF334
SYNC_NOT_FOUND first4=4CF66107
SYNC_NOT_FOUND first4=0D3592FB
SYNC_NOT_FOUND first4=65A62E1E
2026-07-26T12:08:31.011902+00:00 SYNC_NOT_FOUND first4=E601A10E
SYNC_NOT_FOUND first4=03C60815
SYNC_NOT_FOUND first4=EEBE4771
SYNC_NOT_FOUND first4=49D0E25A
SYNC_NOT_FOUND first4=5207C371
SYNC_NOT_FOUND first4=1A2E0277
SYNC_NOT_FOUND first4=E3885ADD
SYNC_NOT_FOUND first4=2D70EE2B
SYNC_NOT_FOUND first4=571C0B5F
SYNC_NOT_FOUND first4=6A9B78AF
SYNC_NOT_FOUND first4=888412AD
SYNC_NOT_FOUND first4=7E22034C
SYNC_NOT_FOUND first4=D49F0AF4
SYNC_NOT_FOUND first4=B7C56CBD
2026-07-26T12:08:32.023384+00:00 SYNC_NOT_FOUND first4=32302F9D
SYNC_NOT_FOUND first4=5B471A0F
SYNC_NOT_FOUND first4=5BCA796C
SYNC_NOT_FOUND first4=8402880F
SYNC_NOT_FOUND first4=DB8EA521
SYNC_NOT_FOUND first4=FEA161C4
SYNC_NOT_FOUND first4=D080F964
PHASE_RESULT 21 HF-FLRC-650-64 pktSize=64 rx=0 unique=0 lost=100 per=100.0 rssi_avg=0 rssi_min=0 crc_err=0 garbage=27 tx_lat=0.00000 tx_lon=0.00000 sats=0 fix=0 utc=0 tx_fw=none rx_fw=unknown
PHASE_GUARD 500
PHASE_START 22 HF-FLRC-650-128 pktSize=128
SYNC_NOT_FOUND first4=22CCA1D9
SYNC_NOT_FOUND first4=F2C393D3
SYNC_NOT_FOUND first4=7016A38D
SYNC_NOT_FOUND first4=C1F64E5E
2026-07-26T12:08:33.035265+00:00 SYNC_NOT_FOUND first4=BE0EC2E1
SYNC_NOT_FOUND first4=CC9FEFB4
SYNC_NOT_FOUND first4=CD5F5946
SYNC_NOT_FOUND first4=1EFDC6DE
SYNC_NOT_FOUND first4=42A81824
SYNC_NOT_FOUND first4=50EA4548
SYNC_NOT_FOUND first4=23036DCC
SYNC_NOT_FOUND first4=2F524D37
SYNC_NOT_FOUND first4=25D54BCD
SYNC_NOT_FOUND first4=DF548E82
SYNC_NOT_FOUND first4=0980334F
SYNC_NOT_FOUND first4=8ED1730C
SYNC_NOT_FOUND first4=4D201201
SYNC_NOT_FOUND first4=5360B30D
SYNC_NOT_FOUND first4=6C0C99D2
SYNC_NOT_FOUND first4=24A9AB55
SYNC_NOT_FOUND first4=06370248
SYNC_NOT_FOUND first4=5554DD78
SYNC_NOT_FOUND first4=3E0411BC
SYNC_NOT_FOUND first4=8B93612E
2026-07-26T12:08:34.046271+00:00 SYNC_NOT_FOUND first4=0342BA69
SYNC_NOT_FOUND first4=3B858C82
SYNC_NOT_FOUND first4=48A8A53F
SYNC_NOT_FOUND first4=F3A180FC
SYNC_NOT_FOUND first4=986B8347
SYNC_NOT_FOUND first4=64C8D30E
SYNC_NOT_FOUND first4=3A9F19F2
SYNC_NOT_FOUND first4=85867AD9
SYNC_NOT_FOUND first4=1F6BB42F
PHASE_RESULT 22 HF-FLRC-650-128 pktSize=128 rx=0 unique=0 lost=100 per=100.0 rssi_avg=0 rssi_min=0 crc_err=0 garbage=33 tx_lat=0.00000 tx_lon=0.00000 sats=0 fix=0 utc=0 tx_fw=none rx_fw=unknown
PHASE_GUARD 500
PHASE_START 23 HF-FLRC-650-255 pktSize=255
SYNC_NOT_FOUND first4=6F646960
SYNC_NOT_FOUND first4=DFD5C9B4
SYNC_NOT_FOUND first4=43BE6FC7
2026-07-26T12:08:35.056953+00:00 SYNC_NOT_FOUND first4=38E2CB7C
SYNC_NOT_FOUND first4=E776A489
SYNC_NOT_FOUND first4=9D953D90
SYNC_NOT_FOUND first4=E646C0D7
SYNC_NOT_FOUND first4=AF2A5899
SYNC_NOT_FOUND first4=056E24B5
SYNC_NOT_FOUND first4=AC256D0D
SYNC_NOT_FOUND first4=0F767739
SYNC_NOT_FOUND first4=04671F5A
SYNC_NOT_FOUND first4=4A364AE6
SYNC_NOT_FOUND first4=E603294B
SYNC_NOT_FOUND first4=280A493D
SYNC_NOT_FOUND first4=0CF6A5AC
2026-07-26T12:08:36.071389+00:00 TIME_SYNCED utc=1785067715 offset=1785062475
SYNC_NOT_FOUND first4=420990CB
SYNC_NOT_FOUND first4=8F60ABA5
SYNC_NOT_FOUND first4=C8C0DF4E
SYNC_NOT_FOUND first4=B6F972FA
SYNC_NOT_FOUND first4=BA3185AE
SYNC_NOT_FOUND first4=D88919CF
SYNC_NOT_FOUND first4=D6578551
SYNC_NOT_FOUND first4=40EA0876
SYNC_NOT_FOUND first4=A087565C
PHASE_RESULT 23 HF-FLRC-650-255 pktSize=255 rx=0 unique=0 lost=100 per=100.0 rssi_avg=0 rssi_min=0 crc_err=0 garbage=25 tx_lat=0.00000 tx_lon=0.00000 sats=0 fix=0 utc=0 tx_fw=none rx_fw=unknown
PHASE_GUARD 500
PHASE_START 24 HF-FLRC-325-32 pktSize=32
SYNC_NOT_FOUND first4=17EF59B2
SYNC_NOT_FOUND first4=89BFB01A
SYNC_NOT_FOUND first4=76551543
2026-07-26T12:08:37.083286+00:00 SYNC_NOT_FOUND first4=D7A6EF70
SYNC_NOT_FOUND first4=9669CBA5
2026-07-26T12:08:38.097708+00:00 SYNC_NOT_FOUND first4=834E4C7E
PHASE_RESULT 24 HF-FLRC-325-32 pktSize=32 rx=0 unique=0 lost=100 per=100.0 rssi_avg=0 rssi_min=0 crc_err=0 garbage=6 tx_lat=0.00000 tx_lon=0.00000 sats=0 fix=0 utc=0 tx_fw=none rx_fw=unknown
PHASE_GUARD 500
PHASE_START 25 HF-FLRC-325-64 pktSize=64
SYNC_NOT_FOUND first4=5B28A822
SYNC_NOT_FOUND first4=512724BA
TIME_SYNCED utc=1785067718 offset=1785062475
2026-07-26T12:08:39.109506+00:00 SYNC_NOT_FOUND first4=A1495FFE
SYNC_NOT_FOUND first4=55DADBD8
SYNC_NOT_FOUND first4=A1FF76B3
2026-07-26T12:08:40.120509+00:00 SYNC_NOT_FOUND first4=37778E54
PHASE_RESULT 25 HF-FLRC-325-64 pktSize=64 rx=0 unique=0 lost=100 per=100.0 rssi_avg=0 rssi_min=0 crc_err=0 garbage=6 tx_lat=0.00000 tx_lon=0.00000 sats=0 fix=0 utc=0 tx_fw=none rx_fw=unknown
PHASE_GUARD 500
PHASE_START 26 HF-FLRC-325-128 pktSize=128
SYNC_NOT_FOUND first4=33C0743C
SYNC_NOT_FOUND first4=A0870B3A
SYNC_NOT_FOUND first4=367EC1DA
SYNC_NOT_FOUND first4=AE153675
2026-07-26T12:08:41.133196+00:00 SYNC_NOT_FOUND first4=029E2103
2026-07-26T12:08:42.151893+00:00 PHASE_RESULT 26 HF-FLRC-325-128 pktSize=128 rx=0 unique=0 lost=100 per=100.0 rssi_avg=0 rssi_min=0 crc_err=0 garbage=5 tx_lat=0.00000 tx_lon=0.00000 sats=0 fix=0 utc=0 tx_fw=none rx_fw=unknown
PHASE_GUARD 500
PHASE_START 27 HF-FLRC-325-255 pktSize=255
SYNC_NOT_FOUND first4=D1B8B772
2026-07-26T12:08:43.166454+00:00 SYNC_NOT_FOUND first4=1999736E
2026-07-26T12:08:44.177940+00:00 SYNC_NOT_FOUND first4=6B9A494A
PHASE_RESULT 27 HF-FLRC-325-255 pktSize=255 rx=0 unique=0 lost=100 per=100.0 rssi_avg=0 rssi_min=0 crc_err=0 garbage=3 tx_lat=0.00000 tx_lon=0.00000 sats=0 fix=0 utc=0 tx_fw=none rx_fw=unknown
PHASE_GUARD 500
LORA_CFG path=0 bw=0x05 sf=7
PHASE_START 28 LF-LoRa-SF7-32 pktSize=32
2026-07-26T12:08:46.241211+00:00 TIME_SYNCED utc=1785067725 offset=1785062475
PHASE_RESULT 28 LF-LoRa-SF7-32 pktSize=32 rx=0 unique=0 lost=20 per=100.0 rssi_avg=0 rssi_min=0 crc_err=0 garbage=0 tx_lat=0.00000 tx_lon=0.00000 sats=0 fix=0 utc=0 tx_fw=none rx_fw=unknown
PHASE_GUARD 500
LORA_CFG path=0 bw=0x05 sf=7
PHASE_START 29 LF-LoRa-SF7-64 pktSize=64
2026-07-26T12:08:48.310748+00:00 TIME_SYNCED utc=1785067728 offset=1785062475
2026-07-26T12:08:49.328689+00:00 PHASE_RESULT 29 LF-LoRa-SF7-64 pktSize=64 rx=0 unique=0 lost=20 per=100.0 rssi_avg=0 rssi_min=0 crc_err=0 garbage=0 tx_lat=0.00000 tx_lon=0.00000 sats=0 fix=0 utc=0 tx_fw=none rx_fw=unknown
PHASE_GUARD 500
LORA_CFG path=0 bw=0x05 sf=7
PHASE_START 30 LF-LoRa-SF7-128 pktSize=128
2026-07-26T12:08:53.494215+00:00 PHASE_RESULT 30 LF-LoRa-SF7-128 pktSize=128 rx=0 unique=0 lost=13 per=100.0 rssi_avg=0 rssi_min=0 crc_err=0 garbage=0 tx_lat=0.00000 tx_lon=0.00000 sats=0 fix=0 utc=0 tx_fw=none rx_fw=unknown
PHASE_GUARD 500
LORA_CFG path=0 bw=0x05 sf=7
PHASE_START 31 LF-LoRa-SF7-255 pktSize=255
2026-07-26T12:08:56.612356+00:00 TIME_SYNCED utc=1785067735 offset=1785062474
2026-07-26T12:08:57.630467+00:00 PHASE_RESULT 31 LF-LoRa-SF7-255 pktSize=255 rx=0 unique=0 lost=7 per=100.0 rssi_avg=0 rssi_min=0 crc_err=0 garbage=0 tx_lat=0.00000 tx_lon=0.00000 sats=0 fix=0 utc=0 tx_fw=none rx_fw=unknown
PHASE_GUARD 500
LORA_CFG path=0 bw=0x05 sf=9
2026-07-26T12:08:58.649200+00:00 PHASE_START 32 LF-LoRa-SF9-32 pktSize=32
TIME_SYNCED utc=1785067738 offset=1785062475
2026-07-26T12:09:00.711379+00:00 PHASE_RESULT 32 LF-LoRa-SF9-32 pktSize=32 rx=0 unique=0 lost=7 per=100.0 rssi_avg=0 rssi_min=0 crc_err=0 garbage=0 tx_lat=0.00000 tx_lon=0.00000 sats=0 fix=0 utc=0 tx_fw=none rx_fw=unknown
PHASE_GUARD 500
LORA_CFG path=0 bw=0x05 sf=9
PHASE_START 33 LF-LoRa-SF9-64 pktSize=64
2026-07-26T12:09:03.825655+00:00 PHASE_RESULT 33 LF-LoRa-SF9-64 pktSize=64 rx=0 unique=0 lost=3 per=100.0 rssi_avg=0 rssi_min=0 crc_err=0 garbage=0 tx_lat=0.00000 tx_lon=0.00000 sats=0 fix=0 utc=0 tx_fw=none rx_fw=unknown
PHASE_GUARD 500
LORA_CFG path=0 bw=0x05 sf=9
PHASE_START 34 LF-LoRa-SF9-128 pktSize=128
2026-07-26T12:09:05.894692+00:00 PHASE_RESULT 34 LF-LoRa-SF9-128 pktSize=128 rx=0 unique=0 lost=1 per=100.0 rssi_avg=0 rssi_min=0 crc_err=0 garbage=0 tx_lat=0.00000 tx_lon=0.00000 sats=0 fix=0 utc=0 tx_fw=none rx_fw=unknown
PHASE_GUARD 500
LORA_CFG path=0 bw=0x05 sf=9
PHASE_START 35 LF-LoRa-SF9-255 pktSize=255
2026-07-26T12:09:06.908838+00:00 TIME_SYNCED utc=1785067745 offset=1785062474
PHASE_RESULT 35 LF-LoRa-SF9-255 pktSize=255 rx=0 unique=0 lost=1 per=100.0 rssi_avg=0 rssi_min=0 crc_err=0 garbage=0 tx_lat=0.00000 tx_lon=0.00000 sats=0 fix=0 utc=0 tx_fw=none rx_fw=unknown
PHASE_GUARD 500
LORA_CFG path=0 bw=0x05 sf=9
PHASE_START 34 LF-LoRa-SF9-128 pktSize=128
PHASE_RESULT 34 LF-LoRa-SF9-128 pktSize=128 rx=0 unique=0 lost=1 per=100.0 rssi_avg=0 rssi_min=0 crc_err=0 garbage=0 tx_lat=0.00000 tx_lon=0.00000 sats=0 fix=0 utc=0 tx_fw=none rx_fw=unknown
PHASE_GUARD 500
LORA_CFG path=0 bw=0x05 sf=9
PHASE_START 35 LF-LoRa-SF9-255 pktSize=255
2026-07-26T12:09:08.971966+00:00 TIME_SYNCED utc=1785067748 offset=1785062475
2026-07-26T12:09:09.989974+00:00 PHASE_RESULT 35 LF-LoRa-SF9-255 pktSize=255 rx=0 unique=0 lost=1 per=100.0 rssi_avg=0 rssi_min=0 crc_err=0 garbage=0 tx_lat=0.00000 tx_lon=0.00000 sats=0 fix=0 utc=0 tx_fw=none rx_fw=unknown
PHASE_GUARD 500
LORA_CFG path=0 bw=0x05 sf=12
PHASE_START 36 LF-LoRa-SF12-32 pktSize=32
2026-07-26T12:09:17.309320+00:00 TIME_SYNCED utc=1785067756 offset=1785062475
2026-07-26T12:09:18.327806+00:00 TIME_SYNCED utc=1785067758 offset=1785062475
2026-07-26T12:09:24.600125+00:00 PHASE_RESULT 36 LF-LoRa-SF12-32 pktSize=32 rx=0 unique=0 lost=1 per=100.0 rssi_avg=0 rssi_min=0 crc_err=0 garbage=0 tx_lat=0.00000 tx_lon=0.00000 sats=0 fix=0 utc=0 tx_fw=none rx_fw=unknown
PHASE_GUARD 500
LORA_CFG path=0 bw=0x05 sf=12
2026-07-26T12:09:25.616669+00:00 PHASE_START 37 LF-LoRa-SF12-SKIP SKIP pktSize=64
PHASE_RESULT 37 LF-LoRa-SF12-SKIP pktSize=64 rx=0 unique=0 lost=0 per=0.0 rssi_avg=0 rssi_min=0 crc_err=0 garbage=0 tx_lat=0.00000 tx_lon=0.00000 sats=0 fix=0 utc=0 tx_fw=none rx_fw=unknown
PHASE_GUARD 500
LORA_CFG path=0 bw=0x05 sf=12
2026-07-26T12:09:26.627833+00:00 PHASE_START 38 LF-LoRa-SF12-SKIP SKIP pktSize=128
PHASE_RESULT 38 LF-LoRa-SF12-SKIP pktSize=128 rx=0 unique=0 lost=0 per=0.0 rssi_avg=0 rssi_min=0 crc_err=0 garbage=0 tx_lat=0.00000 tx_lon=0.00000 sats=0 fix=0 utc=0 tx_fw=none rx_fw=unknown
PHASE_GUARD 500
LORA_CFG path=0 bw=0x05 sf=12
2026-07-26T12:09:27.644087+00:00 PHASE_START 39 LF-LoRa-SF12-SKIP SKIP pktSize=255
TIME_SYNCED utc=1785067766 offset=1785062474
PHASE_RESULT 39 LF-LoRa-SF12-SKIP pktSize=255 rx=0 unique=0 lost=0 per=0.0 rssi_avg=0 rssi_min=0 crc_err=0 garbage=0 tx_lat=0.00000 tx_lon=0.00000 sats=0 fix=0 utc=0 tx_fw=none rx_fw=unknown
PHASE_GUARD 500
LORA_CFG path=0 bw=0x05 sf=12
PHASE_START 38 LF-LoRa-SF12-SKIP SKIP pktSize=128
PHASE_RESULT 38 LF-LoRa-SF12-SKIP pktSize=128 rx=0 unique=0 lost=0 per=0.0 rssi_avg=0 rssi_min=0 crc_err=0 garbage=0 tx_lat=0.00000 tx_lon=0.00000 sats=0 fix=0 utc=0 tx_fw=none rx_fw=unknown
PHASE_GUARD 500
LORA_CFG path=0 bw=0x05 sf=12
2026-07-26T12:09:28.655628+00:00 PHASE_START 39 LF-LoRa-SF12-SKIP SKIP pktSize=255
TIME_SYNCED utc=1785067768 offset=1785062475
PHASE_RESULT 39 LF-LoRa-SF12-SKIP pktSize=255 rx=0 unique=0 lost=0 per=0.0 rssi_avg=0 rssi_min=0 crc_err=0 garbage=0 tx_lat=0.00000 tx_lon=0.00000 sats=0 fix=0 utc=0 tx_fw=none rx_fw=unknown
PHASE_GUARD 500
PHASE_START 40 LF-FLRC-2600-32 pktSize=32
2026-07-26T12:09:29.673552+00:00 SYNC_NOT_FOUND first4=3E5147BF
PHASE_RESULT 40 LF-FLRC-2600-32 pktSize=32 rx=0 unique=0 lost=100 per=100.0 rssi_avg=0 rssi_min=0 crc_err=0 garbage=1 tx_lat=0.00000 tx_lon=0.00000 sats=0 fix=0 utc=0 tx_fw=none rx_fw=unknown
PHASE_GUARD 500
PHASE_START 41 LF-FLRC-2600-64 pktSize=64
2026-07-26T12:09:31.735747+00:00 SYNC_NOT_FOUND first4=9140B23E
PHASE_RESULT 41 LF-FLRC-2600-64 pktSize=64 rx=0 unique=0 lost=100 per=100.0 rssi_avg=0 rssi_min=0 crc_err=0 garbage=1 tx_lat=0.00000 tx_lon=0.00000 sats=0 fix=0 utc=0 tx_fw=none rx_fw=unknown
PHASE_GUARD 500
PHASE_START 42 LF-FLRC-2600-128 pktSize=128
2026-07-26T12:09:32.755523+00:00 SYNC_NOT_FOUND first4=1F62F465
2026-07-26T12:09:33.766547+00:00 SYNC_NOT_FOUND first4=69D4864E
PHASE_RESULT 42 LF-FLRC-2600-128 pktSize=128 rx=0 unique=0 lost=100 per=100.0 rssi_avg=0 rssi_min=0 crc_err=0 garbage=2 tx_lat=0.00000 tx_lon=0.00000 sats=0 fix=0 utc=0 tx_fw=none rx_fw=unknown
PHASE_GUARD 500
PHASE_START 43 LF-FLRC-2600-255 pktSize=255
2026-07-26T12:09:35.830585+00:00 SYNC_NOT_FOUND first4=EA4E990B
SYNC_NOT_FOUND first4=6A3B38A1
PHASE_RESULT 43 LF-FLRC-2600-255 pktSize=255 rx=0 unique=0 lost=100 per=100.0 rssi_avg=0 rssi_min=0 crc_err=0 garbage=2 tx_lat=0.00000 tx_lon=0.00000 sats=0 fix=0 utc=0 tx_fw=none rx_fw=unknown
PHASE_GUARD 500
PHASE_START 44 LF-FLRC-1300-32 pktSize=32
2026-07-26T12:09:37.900787+00:00 TIME_SYNCED utc=1785067776 offset=1785062474
2026-07-26T12:09:38.917295+00:00 TIME_SYNCED utc=1785067778 offset=1785062475
PHASE_RESULT 44 LF-FLRC-1300-32 pktSize=32 rx=0 unique=0 lost=100 per=100.0 rssi_avg=0 rssi_min=0 crc_err=0 garbage=0 tx_lat=0.00000 tx_lon=0.00000 sats=0 fix=0 utc=0 tx_fw=none rx_fw=unknown
PHASE_GUARD 500
PHASE_START 45 LF-FLRC-1300-64 pktSize=64
2026-07-26T12:09:39.935525+00:00 PHASE_RESULT 45 LF-FLRC-1300-64 pktSize=64 rx=0 unique=0 lost=100 per=100.0 rssi_avg=0 rssi_min=0 crc_err=0 garbage=0 tx_lat=0.00000 tx_lon=0.00000 sats=0 fix=0 utc=0 tx_fw=none rx_fw=unknown
PHASE_GUARD 500
PHASE_START 46 LF-FLRC-1300-128 pktSize=128
SYNC_NOT_FOUND first4=10CCD763
SYNC_NOT_FOUND first4=AE2BF078
2026-07-26T12:09:41.998526+00:00 PHASE_RESULT 46 LF-FLRC-1300-128 pktSize=128 rx=0 unique=0 lost=100 per=100.0 rssi_avg=0 rssi_min=0 crc_err=0 garbage=2 tx_lat=0.00000 tx_lon=0.00000 sats=0 fix=0 utc=0 tx_fw=none rx_fw=unknown
PHASE_GUARD 500
PHASE_START 47 LF-FLRC-1300-255 pktSize=255
2026-07-26T12:09:44.073205+00:00 PHASE_RESULT 47 LF-FLRC-1300-255 pktSize=255 rx=0 unique=0 lost=100 per=100.0 rssi_avg=0 rssi_min=0 crc_err=0 garbage=0 tx_lat=0.00000 tx_lon=0.00000 sats=0 fix=0 utc=0 tx_fw=none rx_fw=unknown
PHASE_GUARD 500
PHASE_START 48 LF-FLRC-650-32 pktSize=32
2026-07-26T12:09:45.089197+00:00 SYNC_NOT_FOUND first4=8186BA1A
SYNC_NOT_FOUND first4=3E3E14C0
SYNC_NOT_FOUND first4=2E76B624
2026-07-26T12:09:46.092859+00:00 SYNC_NOT_FOUND first4=CE3B4439
PHASE_RESULT 48 LF-FLRC-650-32 pktSize=32 rx=0 unique=0 lost=100 per=100.0 rssi_avg=0 rssi_min=0 crc_err=0 garbage=4 tx_lat=0.00000 tx_lon=0.00000 sats=0 fix=0 utc=0 tx_fw=none rx_fw=unknown
PHASE_GUARD 500
PHASE_START 49 LF-FLRC-650-64 pktSize=64
SYNC_NOT_FOUND first4=CC2253FC
2026-07-26T12:09:48.159030+00:00 TIME_SYNCED utc=1785067787 offset=1785062475
PHASE_RESULT 49 LF-FLRC-650-64 pktSize=64 rx=0 unique=0 lost=100 per=100.0 rssi_avg=0 rssi_min=0 crc_err=0 garbage=1 tx_lat=0.00000 tx_lon=0.00000 sats=0 fix=0 utc=0 tx_fw=none rx_fw=unknown
PHASE_GUARD 500
PHASE_START 50 LF-FLRC-650-128 pktSize=128
SYNC_NOT_FOUND first4=C9D630EF
2026-07-26T12:09:49.176937+00:00 TIME_SYNCED utc=1785067788 offset=1785062475
SYNC_NOT_FOUND first4=BACE26C0
SYNC_NOT_FOUND first4=8C874D2C
2026-07-26T12:09:50.191039+00:00 PHASE_RESULT 50 LF-FLRC-650-128 pktSize=128 rx=0 unique=0 lost=100 per=100.0 rssi_avg=0 rssi_min=0 crc_err=0 garbage=3 tx_lat=0.00000 tx_lon=0.00000 sats=0 fix=0 utc=0 tx_fw=none rx_fw=unknown
PHASE_GUARD 500
PHASE_START 51 LF-FLRC-650-255 pktSize=255
2026-07-26T12:09:52.257080+00:00 SYNC_NOT_FOUND first4=510E9D41
PHASE_RESULT 51 LF-FLRC-650-255 pktSize=255 rx=0 unique=0 lost=100 per=100.0 rssi_avg=0 rssi_min=0 crc_err=0 garbage=1 tx_lat=0.00000 tx_lon=0.00000 sats=0 fix=0 utc=0 tx_fw=none rx_fw=unknown
PHASE_GUARD 500
PHASE_START 52 LF-FLRC-325-32 pktSize=32
2026-07-26T12:09:54.325232+00:00 PHASE_RESULT 52 LF-FLRC-325-32 pktSize=32 rx=0 unique=0 lost=100 per=100.0 rssi_avg=0 rssi_min=0 crc_err=0 garbage=0 tx_lat=0.00000 tx_lon=0.00000 sats=0 fix=0 utc=0 tx_fw=none rx_fw=unknown
PHASE_GUARD 500
PHASE_START 53 LF-FLRC-325-64 pktSize=64
2026-07-26T12:09:56.392354+00:00 PHASE_RESULT 53 LF-FLRC-325-64 pktSize=64 rx=0 unique=0 lost=100 per=100.0 rssi_avg=0 rssi_min=0 crc_err=0 garbage=0 tx_lat=0.00000 tx_lon=0.00000 sats=0 fix=0 utc=0 tx_fw=none rx_fw=unknown
PHASE_GUARD 500
PHASE_START 54 LF-FLRC-325-128 pktSize=128
2026-07-26T12:09:58.455603+00:00 TIME_SYNCED utc=1785067797 offset=1785062475
PHASE_RESULT 54 LF-FLRC-325-128 pktSize=128 rx=0 unique=0 lost=100 per=100.0 rssi_avg=0 rssi_min=0 crc_err=0 garbage=0 tx_lat=0.00000 tx_lon=0.00000 sats=0 fix=0 utc=0 tx_fw=none rx_fw=unknown
PHASE_GUARD 500
PHASE_START 55 LF-FLRC-325-255 pktSize=255
TIME_SYNCED utc=1785067798 offset=1785062475
2026-07-26T12:10:00.522639+00:00 PHASE_RESULT 55 LF-FLRC-325-255 pktSize=255 rx=0 unique=0 lost=100 per=100.0 rssi_avg=0 rssi_min=0 crc_err=0 garbage=0 tx_lat=0.00000 tx_lon=0.00000 sats=0 fix=0 utc=0 tx_fw=none rx_fw=unknown
PHASE_GUARD 500
LORA_CFG path=1 bw=0x0F sf=7
PHASE_START 0 HF-LoRa-SF7-32 pktSize=32
2026-07-26T12:10:01.542063+00:00 PHASE_RESULT 0 HF-LoRa-SF7-32 pktSize=32 rx=0 unique=0 lost=20 per=100.0 rssi_avg=0 rssi_min=0 crc_err=0 garbage=0 tx_lat=0.00000 tx_lon=0.00000 sats=0 fix=0 utc=0 tx_fw=none rx_fw=unknown
PHASE_GUARD 500
2026-07-26T12:10:02.553977+00:00 LORA_CFG path=1 bw=0x0F sf=7
PHASE_START 1 HF-LoRa-SF7-64 pktSize=64
2026-07-26T12:10:03.569635+00:00 PHASE_RESULT 1 HF-LoRa-SF7-64 pktSize=64 rx=0 unique=0 lost=20 per=100.0 rssi_avg=0 rssi_min=0 crc_err=0 garbage=0 tx_lat=0.00000 tx_lon=0.00000 sats=0 fix=0 utc=0 tx_fw=none rx_fw=unknown
PHASE_GUARD 500
LORA_CFG path=1 bw=0x0F sf=7
2026-07-26T12:10:04.574080+00:00 PHASE_START 2 HF-LoRa-SF7-128 pktSize=128
2026-07-26T12:10:05.596074+00:00 PHASE_RESULT 2 HF-LoRa-SF7-128 pktSize=128 rx=0 unique=0 lost=20 per=100.0 rssi_avg=0 rssi_min=0 crc_err=0 garbage=0 tx_lat=0.00000 tx_lon=0.00000 sats=0 fix=0 utc=0 tx_fw=none rx_fw=unknown
PHASE_GUARD 500
LORA_CFG path=1 bw=0x0F sf=7
2026-07-26T12:10:06.608284+00:00 PHASE_START 3 HF-LoRa-SF7-255 pktSize=255
2026-07-26T12:10:08.670517+00:00 TIME_SYNCED utc=1785067807 offset=1785062474
TIME_SYNCED utc=1785067808 offset=1785062475
PHASE_RESULT 3 HF-LoRa-SF7-255 pktSize=255 rx=0 unique=0 lost=20 per=100.0 rssi_avg=0 rssi_min=0 crc_err=0 garbage=0 tx_lat=0.00000 tx_lon=0.00000 sats=0 fix=0 utc=0 tx_fw=none rx_fw=unknown
PHASE_GUARD 500
LORA_CFG path=1 bw=0x0F sf=9
PHASE_START 4 HF-LoRa-SF9-32 pktSize=32
2026-07-26T12:10:10.735720+00:00 PHASE_RESULT 4 HF-LoRa-SF9-32 pktSize=32 rx=0 unique=0 lost=20 per=100.0 rssi_avg=0 rssi_min=0 crc_err=0 garbage=0 tx_lat=0.00000 tx_lon=0.00000 sats=0 fix=0 utc=0 tx_fw=none rx_fw=unknown
PHASE_GUARD 500
LORA_CFG path=1 bw=0x0F sf=9
PHASE_START 5 HF-LoRa-SF9-64 pktSize=64
2026-07-26T12:10:13.851900+00:00 PHASE_RESULT 5 HF-LoRa-SF9-64 pktSize=64 rx=0 unique=0 lost=20 per=100.0 rssi_avg=0 rssi_min=0 crc_err=0 garbage=0 tx_lat=0.00000 tx_lon=0.00000 sats=0 fix=0 utc=0 tx_fw=none rx_fw=unknown
PHASE_GUARD 500
LORA_CFG path=1 bw=0x0F sf=9
PHASE_START 6 HF-LoRa-SF9-128 pktSize=128
2026-07-26T12:10:18.020129+00:00 PHASE_RESULT 6 HF-LoRa-SF9-128 pktSize=128 rx=0 unique=0 lost=13 per=100.0 rssi_avg=0 rssi_min=0 crc_err=0 garbage=0 tx_lat=0.00000 tx_lon=0.00000 sats=0 fix=0 utc=0 tx_fw=none rx_fw=unknown
PHASE_GUARD 500
LORA_CFG path=1 bw=0x0F sf=9
PHASE_START 7 HF-LoRa-SF9-255 pktSize=255
2026-07-26T12:10:19.042869+00:00 TIME_SYNCED utc=1785067818 offset=1785062475
TIME_SYNCED utc=1785067818 offset=1785062475
2026-07-26T12:10:21.105786+00:00 PHASE_RESULT 7 HF-LoRa-SF9-255 pktSize=255 rx=0 unique=0 lost=6 per=100.0 rssi_avg=0 rssi_min=0 crc_err=0 garbage=0 tx_lat=0.00000 tx_lon=0.00000 sats=0 fix=0 utc=0 tx_fw=none rx_fw=unknown
PHASE_GUARD 500
LORA_CFG path=1 bw=0x0F sf=12
PHASE_START 8 HF-LoRa-SF12-32 pktSize=32
2026-07-26T12:10:24.212192+00:00 PHASE_RESULT 8 HF-LoRa-SF12-32 pktSize=32 rx=0 unique=0 lost=2 per=100.0 rssi_avg=0 rssi_min=0 crc_err=0 garbage=0 tx_lat=0.00000 tx_lon=0.00000 sats=0 fix=0 utc=0 tx_fw=none rx_fw=unknown
PHASE_GUARD 500
LORA_CFG path=1 bw=0x0F sf=12
PHASE_START 9 HF-LoRa-SF12-64 pktSize=64
2026-07-26T12:10:27.326915+00:00 PHASE_RESULT 9 HF-LoRa-SF12-64 pktSize=64 rx=0 unique=0 lost=1 per=100.0 rssi_avg=0 rssi_min=0 crc_err=0 garbage=0 tx_lat=0.00000 tx_lon=0.00000 sats=0 fix=0 utc=0 tx_fw=none rx_fw=unknown
PHASE_GUARD 500
LORA_CFG path=1 bw=0x0F sf=12
PHASE_START 10 HF-LoRa-SF12-128 pktSize=128
2026-07-26T12:10:28.345304+00:00 TIME_SYNCED utc=1785067828 offset=1785062475
2026-07-26T12:10:29.361258+00:00 TIME_SYNCED utc=1785067828 offset=1785062475
2026-07-26T12:10:32.475788+00:00 PHASE_RESULT 10 HF-LoRa-SF12-128 pktSize=128 rx=0 unique=0 lost=1 per=100.0 rssi_avg=0 rssi_min=0 crc_err=0 garbage=0 tx_lat=0.00000 tx_lon=0.00000 sats=0 fix=0 utc=0 tx_fw=none rx_fw=unknown
PHASE_GUARD 500
LORA_CFG path=1 bw=0x0F sf=12
PHASE_START 11 HF-LoRa-SF12-255 pktSize=255
2026-07-26T12:10:38.749091+00:00 TIME_SYNCED utc=1785067838 offset=1785062475
2026-07-26T12:10:39.769273+00:00 TIME_SYNCED utc=1785067838 offset=1785062474
2026-07-26T12:10:42.881931+00:00 PHASE_RESULT 11 HF-LoRa-SF12-255 pktSize=255 rx=0 unique=0 lost=1 per=100.0 rssi_avg=0 rssi_min=0 crc_err=0 garbage=0 tx_lat=0.00000 tx_lon=0.00000 sats=0 fix=0 utc=0 tx_fw=none rx_fw=unknown
PHASE_GUARD 500
PHASE_START 12 HF-FLRC-2600-32 pktSize=32
SYNC_NOT_FOUND first4=153060A8
2026-07-26T12:10:43.898264+00:00 SYNC_NOT_FOUND first4=899899C7
SYNC_NOT_FOUND first4=67F94827
SYNC_NOT_FOUND first4=56DD0861
SYNC_NOT_FOUND first4=7B114E4F
2026-07-26T12:10:44.914214+00:00 SYNC_NOT_FOUND first4=B3825427
PHASE_RESULT 12 HF-FLRC-2600-32 pktSize=32 rx=0 unique=0 lost=100 per=100.0 rssi_avg=0 rssi_min=0 crc_err=0 garbage=6 tx_lat=0.00000 tx_lon=0.00000 sats=0 fix=0 utc=0 tx_fw=none rx_fw=unknown
PHASE_GUARD 500
PHASE_START 13 HF-FLRC-2600-64 pktSize=64
SYNC_NOT_FOUND first4=440DE0A1
2026-07-26T12:10:45.925297+00:00 SYNC_NOT_FOUND first4=DE59C504
SYNC_NOT_FOUND first4=36B12E58
SYNC_NOT_FOUND first4=3044106C
SYNC_NOT_FOUND first4=76056030
2026-07-26T12:10:46.943993+00:00 SYNC_NOT_FOUND first4=8E55B356
SYNC_NOT_FOUND first4=A0117805
SYNC_NOT_FOUND first4=47D06AAE
PHASE_RESULT 13 HF-FLRC-2600-64 pktSize=64 rx=0 unique=0 lost=100 per=100.0 rssi_avg=0 rssi_min=0 crc_err=0 garbage=8 tx_lat=0.00000 tx_lon=0.00000 sats=0 fix=0 utc=0 tx_fw=none rx_fw=unknown
PHASE_GUARD 500
PHASE_START 14 HF-FLRC-2600-128 pktSize=128
SYNC_NOT_FOUND first4=0F6CA2C7
2026-07-26T12:10:47.954997+00:00 SYNC_NOT_FOUND first4=9671DA8D
SYNC_NOT_FOUND first4=1F0BB71A
SYNC_NOT_FOUND first4=876CBA98
SYNC_NOT_FOUND first4=35C58B23
SYNC_NOT_FOUND first4=94E74944
SYNC_NOT_FOUND first4=DB658B84
SYNC_NOT_FOUND first4=3E6A52E2
SYNC_NOT_FOUND first4=600D995F
SYNC_NOT_FOUND first4=455E4B2A
2026-07-26T12:10:48.965155+00:00 SYNC_NOT_FOUND first4=9E63FAA0
SYNC_NOT_FOUND first4=9A0A69EB
SYNC_NOT_FOUND first4=52AFE515
SYNC_NOT_FOUND first4=16994CB6
SYNC_NOT_FOUND first4=7BD866DE
SYNC_NOT_FOUND first4=6982D570
SYNC_NOT_FOUND first4=95E655FA
TIME_SYNCED utc=1785067848 offset=1785062475
PHASE_RESULT 14 HF-FLRC-2600-128 pktSize=128 rx=0 unique=0 lost=100 per=100.0 rssi_avg=0 rssi_min=0 crc_err=0 garbage=17 tx_lat=0.00000 tx_lon=0.00000 sats=0 fix=0 utc=0 tx_fw=none rx_fw=unknown
PHASE_GUARD 500
PHASE_START 15 HF-FLRC-2600-255 pktSize=255
SYNC_NOT_FOUND first4=D2B65FB5
SYNC_NOT_FOUND first4=616F2C3E
SYNC_NOT_FOUND first4=0467ED6C
SYNC_NOT_FOUND first4=C8F0E472
SYNC_NOT_FOUND first4=4CD0480A
2026-07-26T12:10:49.984079+00:00 SYNC_NOT_FOUND first4=653FA5E2
TIME_SYNCED utc=1785067848 offset=1785062474
SYNC_NOT_FOUND first4=87FB0215
SYNC_NOT_FOUND first4=3B9D2A92
SYNC_NOT_FOUND first4=C667A9F4
SYNC_NOT_FOUND first4=F5F1D0C0
SYNC_NOT_FOUND first4=4F04C348
SYNC_NOT_FOUND first4=60E230EE
SYNC_NOT_FOUND first4=E9A0BBFB
SYNC_NOT_FOUND first4=F8B9AA0E
SYNC_NOT_FOUND first4=F1CEA262
SYNC_NOT_FOUND first4=61ED59FF
2026-07-26T12:10:50.995103+00:00 SYNC_NOT_FOUND first4=7C78D5B2
SYNC_NOT_FOUND first4=22CC2671
SYNC_NOT_FOUND first4=847A5CB2
SYNC_NOT_FOUND first4=F3F2E084
SYNC_NOT_FOUND first4=D31F1A9F
PHASE_RESULT 15 HF-FLRC-2600-255 pktSize=255 rx=0 unique=0 lost=100 per=100.0 rssi_avg=0 rssi_min=0 crc_err=0 garbage=21 tx_lat=0.00000 tx_lon=0.00000 sats=0 fix=0 utc=0 tx_fw=none rx_fw=unknown
PHASE_GUARD 500
PHASE_START 16 HF-FLRC-1300-32 pktSize=32
SYNC_NOT_FOUND first4=CD649BC8
2026-07-26T12:10:51.999142+00:00 SYNC_NOT_FOUND first4=FBE924CF
2026-07-26T12:10:53.003858+00:00 SYNC_NOT_FOUND first4=4B309ED0
PHASE_RESULT 16 HF-FLRC-1300-32 pktSize=32 rx=0 unique=0 lost=100 per=100.0 rssi_avg=0 rssi_min=0 crc_err=0 garbage=3 tx_lat=0.00000 tx_lon=0.00000 sats=0 fix=0 utc=0 tx_fw=none rx_fw=unknown
PHASE_GUARD 500
PHASE_START 17 HF-FLRC-1300-64 pktSize=64
2026-07-26T12:10:54.015652+00:00 SYNC_NOT_FOUND first4=C57A9BE5
2026-07-26T12:10:55.027541+00:00 SYNC_NOT_FOUND first4=F416CD19
PHASE_RESULT 17 HF-FLRC-1300-64 pktSize=64 rx=0 unique=0 lost=100 per=100.0 rssi_avg=0 rssi_min=0 crc_err=0 garbage=2 tx_lat=0.00000 tx_lon=0.00000 sats=0 fix=0 utc=0 tx_fw=none rx_fw=unknown
PHASE_GUARD 500
PHASE_START 18 HF-FLRC-1300-128 pktSize=128
SYNC_NOT_FOUND first4=E960746A
2026-07-26T12:10:56.031386+00:00 SYNC_NOT_FOUND first4=1978E201
SYNC_NOT_FOUND first4=F726C390
SYNC_NOT_FOUND first4=2710E54F
SYNC_NOT_FOUND first4=432A485C
2026-07-26T12:10:57.046216+00:00 SYNC_NOT_FOUND first4=2580D282
SYNC_NOT_FOUND first4=BEB019C2
PHASE_RESULT 18 HF-FLRC-1300-128 pktSize=128 rx=0 unique=0 lost=100 per=100.0 rssi_avg=0 rssi_min=0 crc_err=0 garbage=7 tx_lat=0.00000 tx_lon=0.00000 sats=0 fix=0 utc=0 tx_fw=none rx_fw=unknown
PHASE_GUARD 500
PHASE_START 19 HF-FLRC-1300-255 pktSize=255
2026-07-26T12:10:58.059515+00:00 SYNC_NOT_FOUND first4=85F81CCD
SYNC_NOT_FOUND first4=B23F627F
SYNC_NOT_FOUND first4=929F9016
2026-07-26T12:10:59.070628+00:00 SYNC_NOT_FOUND first4=D339A8C9
TIME_SYNCED utc=1785067858 offset=1785062475
PHASE_RESULT 19 HF-FLRC-1300-255 pktSize=255 rx=0 unique=0 lost=100 per=100.0 rssi_avg=0 rssi_min=0 crc_err=0 garbage=4 tx_lat=0.00000 tx_lon=0.00000 sats=0 fix=0 utc=0 tx_fw=none rx_fw=unknown
PHASE_GUARD 500
PHASE_START 20 HF-FLRC-650-32 pktSize=32
SYNC_NOT_FOUND first4=1BA55B52
SYNC_NOT_FOUND first4=652F118F
SYNC_NOT_FOUND first4=9E521F81
SYNC_NOT_FOUND first4=F6E87BBE
2026-07-26T12:11:00.086721+00:00 TIME_SYNCED utc=1785067859 offset=1785062475
SYNC_NOT_FOUND first4=98EF9D79
SYNC_NOT_FOUND first4=68777E95
SYNC_NOT_FOUND first4=34456230
SYNC_NOT_FOUND first4=41F0D271
SYNC_NOT_FOUND first4=B1FBF519
SYNC_NOT_FOUND first4=E9AD99BE
SYNC_NOT_FOUND first4=71E35E09
PHASE_RESULT 20 HF-FLRC-650-32 pktSize=32 rx=0 unique=0 lost=100 per=100.0 rssi_avg=0 rssi_min=0 crc_err=0 garbage=11 tx_lat=0.00000 tx_lon=0.00000 sats=0 fix=0 utc=0 tx_fw=none rx_fw=unknown
PHASE_GUARD 500
PHASE_START 21 HF-FLRC-650-64 pktSize=64
SYNC_NOT_FOUND first4=EBB6C1D2
SYNC_NOT_FOUND first4=3034ECAA
SYNC_NOT_FOUND first4=521DB22F
SYNC_NOT_FOUND first4=156C139F
SYNC_NOT_FOUND first4=1AA849B6
SYNC_NOT_FOUND first4=3AFA377B
2026-07-26T12:11:01.097443+00:00 SYNC_NOT_FOUND first4=B6348DC6
SYNC_NOT_FOUND first4=F94A22ED
SYNC_NOT_FOUND first4=3A5C6C45
SYNC_NOT_FOUND first4=8560AB86
SYNC_NOT_FOUND first4=99A539DB
SYNC_NOT_FOUND first4=A88502D7
SYNC_NOT_FOUND first4=AE1DE167
SYNC_NOT_FOUND first4=D081257F
SYNC_NOT_FOUND first4=873CE19F
SYNC_NOT_FOUND first4=067D41C7
SYNC_NOT_FOUND first4=BACAD4AD
SYNC_NOT_FOUND first4=E3BF29CC
SYNC_NOT_FOUND first4=FA07203A
SYNC_NOT_FOUND first4=679C4819
SYNC_NOT_FOUND first4=0A296AA9
SYNC_NOT_FOUND first4=93F9BEBD
SYNC_NOT_FOUND first4=8391A5B2
SYNC_NOT_FOUND first4=073AA274
SYNC_NOT_FOUND first4=1E0AAC76
SYNC_NOT_FOUND first4=25B74BC9
SYNC_NOT_FOUND first4=04A20DF2
SYNC_NOT_FOUND first4=D87247EB
SYNC_NOT_FOUND first4=00791E4C
2026-07-26T12:11:02.113588+00:00 SYNC_NOT_FOUND first4=815F7944
SYNC_NOT_FOUND first4=956373A4
SYNC_NOT_FOUND first4=AA302014
SYNC_NOT_FOUND first4=591A04D5
SYNC_NOT_FOUND first4=4B0C611B
SYNC_NOT_FOUND first4=A56A9E60
SYNC_NOT_FOUND first4=65BFF29E
SYNC_NOT_FOUND first4=8C8F4AB6
PHASE_RESULT 21 HF-FLRC-650-64 pktSize=64 rx=0 unique=0 lost=100 per=100.0 rssi_avg=0 rssi_min=0 crc_err=0 garbage=37 tx_lat=0.00000 tx_lon=0.00000 sats=0 fix=0 utc=0 tx_fw=none rx_fw=unknown
PHASE_GUARD 500
PHASE_START 22 HF-FLRC-650-128 pktSize=128
SYNC_NOT_FOUND first4=BDAAC030
SYNC_NOT_FOUND first4=C4BFAB19
SYNC_NOT_FOUND first4=928FEBFD
SYNC_NOT_FOUND first4=9498F77A
SYNC_NOT_FOUND first4=1A2F605C
SYNC_NOT_FOUND first4=6A80881C
SYNC_NOT_FOUND first4=10454725
SYNC_NOT_FOUND first4=80DD4426
2026-07-26T12:11:03.124185+00:00 SYNC_NOT_FOUND first4=1551E360
SYNC_NOT_FOUND first4=324CAC33
SYNC_NOT_FOUND first4=6F514E36
SYNC_NOT_FOUND first4=47C6BA1C
SYNC_NOT_FOUND first4=E3FBE47B
SYNC_NOT_FOUND first4=8B457CFE
SYNC_NOT_FOUND first4=3D5B1941
SYNC_NOT_FOUND first4=123EC922
SYNC_NOT_FOUND first4=A3755935
SYNC_NOT_FOUND first4=2B3099D2
SYNC_NOT_FOUND first4=D259343F
SYNC_NOT_FOUND first4=F22DB073
SYNC_NOT_FOUND first4=4A1D5240
SYNC_NOT_FOUND first4=03449010
SYNC_NOT_FOUND first4=BB89903F
SYNC_NOT_FOUND first4=7B34A079
SYNC_NOT_FOUND first4=789C2BBE
SYNC_NOT_FOUND first4=CC0AA73C
SYNC_NOT_FOUND first4=453E4B13
2026-07-26T12:11:04.135565+00:00 SYNC_NOT_FOUND first4=C0CC4B4F
SYNC_NOT_FOUND first4=AABC95CF
SYNC_NOT_FOUND first4=702924AB
SYNC_NOT_FOUND first4=740FCC07
SYNC_NOT_FOUND first4=BFAC46A5
SYNC_NOT_FOUND first4=A2FFBFC1
SYNC_NOT_FOUND first4=F8C26C6E
SYNC_NOT_FOUND first4=3B3A79AA
SYNC_NOT_FOUND first4=73A60ECA
SYNC_NOT_FOUND first4=A446D60B
PHASE_RESULT 22 HF-FLRC-650-128 pktSize=128 rx=0 unique=0 lost=100 per=100.0 rssi_avg=0 rssi_min=0 crc_err=0 garbage=37 tx_lat=0.00000 tx_lon=0.00000 sats=0 fix=0 utc=0 tx_fw=none rx_fw=unknown
PHASE_GUARD 500
PHASE_START 23 HF-FLRC-650-255 pktSize=255
SYNC_NOT_FOUND first4=224D1D86
SYNC_NOT_FOUND first4=EDAA4289
SYNC_NOT_FOUND first4=58DC1092
SYNC_NOT_FOUND first4=BD605112
SYNC_NOT_FOUND first4=368A2041
2026-07-26T12:11:05.147644+00:00 SYNC_NOT_FOUND first4=106F88DE
SYNC_NOT_FOUND first4=CDD991E8
SYNC_NOT_FOUND first4=C628EECE
SYNC_NOT_FOUND first4=17CDA343
SYNC_NOT_FOUND first4=28D38CEA
SYNC_NOT_FOUND first4=1408C26C
SYNC_NOT_FOUND first4=6773BFB0
SYNC_NOT_FOUND first4=BC1A4CFC
SYNC_NOT_FOUND first4=07D23632
SYNC_NOT_FOUND first4=FC1A2D82
SYNC_NOT_FOUND first4=21D217E1
SYNC_NOT_FOUND first4=F5885500
SYNC_NOT_FOUND first4=BFB2BD17
SYNC_NOT_FOUND first4=42FEB9BF
SYNC_NOT_FOUND first4=70E44561
SYNC_NOT_FOUND first4=2026E6F2
SYNC_NOT_FOUND first4=2C2BDA5F
SYNC_NOT_FOUND first4=7CB120FB
SYNC_NOT_FOUND first4=81248E91
2026-07-26T12:11:06.158770+00:00 SYNC_NOT_FOUND first4=E7957508
SYNC_NOT_FOUND first4=403870EA
SYNC_NOT_FOUND first4=7ECFBA9A
PHASE_RESULT 23 HF-FLRC-650-255 pktSize=255 rx=0 unique=0 lost=100 per=100.0 rssi_avg=0 rssi_min=0 crc_err=0 garbage=27 tx_lat=0.00000 tx_lon=0.00000 sats=0 fix=0 utc=0 tx_fw=none rx_fw=unknown
PHASE_GUARD 500
PHASE_START 24 HF-FLRC-325-32 pktSize=32
SYNC_NOT_FOUND first4=687ED5F2
SYNC_NOT_FOUND first4=4752DABB
2026-07-26T12:11:07.170925+00:00 SYNC_NOT_FOUND first4=25262F79
SYNC_NOT_FOUND first4=08E05425
SYNC_NOT_FOUND first4=81B64E84
2026-07-26T12:11:08.182049+00:00 SYNC_NOT_FOUND first4=12664A54
PHASE_RESULT 24 HF-FLRC-325-32 pktSize=32 rx=0 unique=0 lost=100 per=100.0 rssi_avg=0 rssi_min=0 crc_err=0 garbage=6 tx_lat=0.00000 tx_lon=0.00000 sats=0 fix=0 utc=0 tx_fw=none rx_fw=unknown
PHASE_GUARD 500
PHASE_START 25 HF-FLRC-325-64 pktSize=64
SYNC_NOT_FOUND first4=12A4030D
2026-07-26T12:11:09.193261+00:00 TIME_SYNCED utc=1785067868 offset=1785062475
SYNC_NOT_FOUND first4=0F721ADC
SYNC_NOT_FOUND first4=60C5CCC3
2026-07-26T12:11:10.210243+00:00 TIME_SYNCED utc=1785067869 offset=1785062475
PHASE_RESULT 25 HF-FLRC-325-64 pktSize=64 rx=0 unique=0 lost=100 per=100.0 rssi_avg=0 rssi_min=0 crc_err=0 garbage=3 tx_lat=0.00000 tx_lon=0.00000 sats=0 fix=0 utc=0 tx_fw=none rx_fw=unknown
PHASE_GUARD 500
PHASE_START 26 HF-FLRC-325-128 pktSize=128
SYNC_NOT_FOUND first4=958178CC
2026-07-26T12:11:11.221477+00:00 SYNC_NOT_FOUND first4=9C28D590
SYNC_NOT_FOUND first4=881FEEF1
SYNC_NOT_FOUND first4=46C94508
SYNC_NOT_FOUND first4=93B97C6C
SYNC_NOT_FOUND first4=756B5389
2026-07-26T12:11:12.237631+00:00 PHASE_RESULT 26 HF-FLRC-325-128 pktSize=128 rx=0 unique=0 lost=100 per=100.0 rssi_avg=0 rssi_min=0 crc_err=0 garbage=6 tx_lat=0.00000 tx_lon=0.00000 sats=0 fix=0 utc=0 tx_fw=none rx_fw=unknown
PHASE_GUARD 500
PHASE_START 27 HF-FLRC-325-255 pktSize=255
SYNC_NOT_FOUND first4=D4F9352C
2026-07-26T12:11:13.249216+00:00 SYNC_NOT_FOUND first4=33D50A14
SYNC_NOT_FOUND first4=0408081F
2026-07-26T12:11:14.261092+00:00 SYNC_NOT_FOUND first4=EE6EE9CD
PHASE_RESULT 27 HF-FLRC-325-255 pktSize=255 rx=0 unique=0 lost=100 per=100.0 rssi_avg=0 rssi_min=0 crc_err=0 garbage=4 tx_lat=0.00000 tx_lon=0.00000 sats=0 fix=0 utc=0 tx_fw=none rx_fw=unknown
PHASE_GUARD 500
LORA_CFG path=0 bw=0x05 sf=7
PHASE_START 28 LF-LoRa-SF7-32 pktSize=32
2026-07-26T12:11:16.329310+00:00 PHASE_RESULT 28 LF-LoRa-SF7-32 pktSize=32 rx=0 unique=0 lost=20 per=100.0 rssi_avg=0 rssi_min=0 crc_err=0 garbage=0 tx_lat=0.00000 tx_lon=0.00000 sats=0 fix=0 utc=0 tx_fw=none rx_fw=unknown
PHASE_GUARD 500
LORA_CFG path=0 bw=0x05 sf=7
PHASE_START 29 LF-LoRa-SF7-64 pktSize=64
2026-07-26T12:11:18.396833+00:00 TIME_SYNCED utc=1785067878 offset=1785062475
2026-07-26T12:11:19.411865+00:00 PHASE_RESULT 29 LF-LoRa-SF7-64 pktSize=64 rx=0 unique=0 lost=20 per=100.0 rssi_avg=0 rssi_min=0 crc_err=0 garbage=0 tx_lat=0.00000 tx_lon=0.00000 sats=0 fix=0 utc=0 tx_fw=none rx_fw=unknown
PHASE_GUARD 500
LORA_CFG path=0 bw=0x05 sf=7
PHASE_START 30 LF-LoRa-SF7-128 pktSize=128
2026-07-26T12:11:20.426302+00:00 TIME_SYNCED utc=1785067879 offset=1785062475
2026-07-26T12:11:22.487684+00:00 PHASE_RESULT 30 LF-LoRa-SF7-128 pktSize=128 rx=0 unique=0 lost=13 per=100.0 rssi_avg=0 rssi_min=0 crc_err=0 garbage=0 tx_lat=0.00000 tx_lon=0.00000 sats=0 fix=0 utc=0 tx_fw=none rx_fw=unknown
2026-07-26T12:11:23.504294+00:00 PHASE_GUARD 500
LORA_CFG path=0 bw=0x05 sf=7
PHASE_START 31 LF-LoRa-SF7-255 pktSize=255
2026-07-26T12:11:26.617462+00:00 PHASE_RESULT 31 LF-LoRa-SF7-255 pktSize=255 rx=0 unique=0 lost=7 per=100.0 rssi_avg=0 rssi_min=0 crc_err=0 garbage=0 tx_lat=0.00000 tx_lon=0.00000 sats=0 fix=0 utc=0 tx_fw=none rx_fw=unknown
PHASE_GUARD 500
LORA_CFG path=0 bw=0x05 sf=9
2026-07-26T12:11:27.634405+00:00 PHASE_START 32 LF-LoRa-SF9-32 pktSize=32
2026-07-26T12:11:28.645726+00:00 TIME_SYNCED utc=1785067888 offset=1785062475
2026-07-26T12:11:30.707706+00:00 TIME_SYNCED utc=1785067889 offset=1785062474
2026-07-26T12:11:31.724067+00:00 PHASE_RESULT 32 LF-LoRa-SF9-32 pktSize=32 rx=0 unique=0 lost=7 per=100.0 rssi_avg=0 rssi_min=0 crc_err=0 garbage=0 tx_lat=0.00000 tx_lon=0.00000 sats=0 fix=0 utc=0 tx_fw=none rx_fw=unknown
PHASE_GUARD 500
LORA_CFG path=0 bw=0x05 sf=9
PHASE_START 33 LF-LoRa-SF9-64 pktSize=64
2026-07-26T12:11:34.842324+00:00 PHASE_RESULT 33 LF-LoRa-SF9-64 pktSize=64 rx=0 unique=0 lost=3 per=100.0 rssi_avg=0 rssi_min=0 crc_err=0 garbage=0 tx_lat=0.00000 tx_lon=0.00000 sats=0 fix=0 utc=0 tx_fw=none rx_fw=unknown
PHASE_GUARD 500
LORA_CFG path=0 bw=0x05 sf=9
PHASE_START 34 LF-LoRa-SF9-128 pktSize=128
2026-07-26T12:11:36.905101+00:00 PHASE_RESULT 34 LF-LoRa-SF9-128 pktSize=128 rx=0 unique=0 lost=1 per=100.0 rssi_avg=0 rssi_min=0 crc_err=0 garbage=0 tx_lat=0.00000 tx_lon=0.00000 sats=0 fix=0 utc=0 tx_fw=none rx_fw=unknown
PHASE_GUARD 500
LORA_CFG path=0 bw=0x05 sf=9
PHASE_START 35 LF-LoRa-SF9-255 pktSize=255
2026-07-26T12:11:38.973355+00:00 TIME_SYNCED utc=1785067898 offset=1785062475
2026-07-26T12:11:39.984824+00:00 PHASE_RESULT 35 LF-LoRa-SF9-255 pktSize=255 rx=0 unique=0 lost=1 per=100.0 rssi_avg=0 rssi_min=0 crc_err=0 garbage=0 tx_lat=0.00000 tx_lon=0.00000 sats=0 fix=0 utc=0 tx_fw=none rx_fw=unknown
PHASE_GUARD 500
LORA_CFG path=0 bw=0x05 sf=12
PHASE_START 36 LF-LoRa-SF12-32 pktSize=32
2026-07-26T12:11:41.001709+00:00 TIME_SYNCED utc=1785067900 offset=1785062475
2026-07-26T12:11:49.372942+00:00 TIME_SYNCED utc=1785067908 offset=1785062475
2026-07-26T12:11:51.437112+00:00 TIME_SYNCED utc=1785067910 offset=1785062475
2026-07-26T12:11:54.545919+00:00 PHASE_RESULT 36 LF-LoRa-SF12-32 pktSize=32 rx=0 unique=0 lost=1 per=100.0 rssi_avg=0 rssi_min=0 crc_err=0 garbage=0 tx_lat=0.00000 tx_lon=0.00000 sats=0 fix=0 utc=0 tx_fw=none rx_fw=unknown
PHASE_GUARD 500
LORA_CFG path=0 bw=0x05 sf=12
2026-07-26T12:11:55.559488+00:00 PHASE_START 37 LF-LoRa-SF12-SKIP SKIP pktSize=64
PHASE_RESULT 37 LF-LoRa-SF12-SKIP pktSize=64 rx=0 unique=0 lost=0 per=0.0 rssi_avg=0 rssi_min=0 crc_err=0 garbage=0 tx_lat=0.00000 tx_lon=0.00000 sats=0 fix=0 utc=0 tx_fw=none rx_fw=unknown
PHASE_GUARD 500
LORA_CFG path=0 bw=0x05 sf=12
2026-07-26T12:11:56.571333+00:00 PHASE_START 38 LF-LoRa-SF12-SKIP SKIP pktSize=128
PHASE_RESULT 38 LF-LoRa-SF12-SKIP pktSize=128 rx=0 unique=0 lost=0 per=0.0 rssi_avg=0 rssi_min=0 crc_err=0 garbage=0 tx_lat=0.00000 tx_lon=0.00000 sats=0 fix=0 utc=0 tx_fw=none rx_fw=unknown
PHASE_GUARD 500
LORA_CFG path=0 bw=0x05 sf=12
2026-07-26T12:11:57.584736+00:00 PHASE_START 39 LF-LoRa-SF12-SKIP SKIP pktSize=255
PHASE_RESULT 39 LF-LoRa-SF12-SKIP pktSize=255 rx=0 unique=0 lost=0 per=0.0 rssi_avg=0 rssi_min=0 crc_err=0 garbage=0 tx_lat=0.00000 tx_lon=0.00000 sats=0 fix=0 utc=0 tx_fw=none rx_fw=unknown
PHASE_GUARD 500
2026-07-26T12:11:58.596350+00:00 PHASE_START 40 LF-FLRC-2600-32 pktSize=32
TIME_SYNCED utc=1785067918 offset=1785062475
2026-07-26T12:11:59.607504+00:00 PHASE_RESULT 40 LF-FLRC-2600-32 pktSize=32 rx=0 unique=0 lost=100 per=100.0 rssi_avg=0 rssi_min=0 crc_err=0 garbage=0 tx_lat=0.00000 tx_lon=0.00000 sats=0 fix=0 utc=0 tx_fw=none rx_fw=unknown
PHASE_GUARD 500
2026-07-26T12:12:00.620523+00:00 PHASE_START 41 LF-FLRC-2600-64 pktSize=64
SYNC_NOT_FOUND first4=9131E73F
SYNC_NOT_FOUND first4=6CFD50FB
2026-07-26T12:12:01.632920+00:00 TIME_SYNCED utc=1785067920 offset=1785062474
SYNC_NOT_FOUND first4=BCA0B5B6
2026-07-26T12:12:02.648867+00:00 SYNC_NOT_FOUND first4=4A6650F4
PHASE_RESULT 41 LF-FLRC-2600-64 pktSize=64 rx=0 unique=0 lost=100 per=100.0 rssi_avg=0 rssi_min=0 crc_err=0 garbage=4 tx_lat=0.00000 tx_lon=0.00000 sats=0 fix=0 utc=0 tx_fw=none rx_fw=unknown
PHASE_GUARD 500
PHASE_START 42 LF-FLRC-2600-128 pktSize=128
2026-07-26T12:12:03.657800+00:00 SYNC_NOT_FOUND first4=7D4F07B0
SYNC_NOT_FOUND first4=C88D4758
2026-07-26T12:12:04.668991+00:00 SYNC_NOT_FOUND first4=BB651E73
SYNC_NOT_FOUND first4=1EA2D682
PHASE_RESULT 42 LF-FLRC-2600-128 pktSize=128 rx=0 unique=0 lost=100 per=100.0 rssi_avg=0 rssi_min=0 crc_err=0 garbage=4 tx_lat=0.00000 tx_lon=0.00000 sats=0 fix=0 utc=0 tx_fw=none rx_fw=unknown
PHASE_GUARD 500
PHASE_START 43 LF-FLRC-2600-255 pktSize=255
2026-07-26T12:12:06.730871+00:00 SYNC_NOT_FOUND first4=774B2A5D
SYNC_NOT_FOUND first4=42559458
PHASE_RESULT 43 LF-FLRC-2600-255 pktSize=255 rx=0 unique=0 lost=100 per=100.0 rssi_avg=0 rssi_min=0 crc_err=0 garbage=2 tx_lat=0.00000 tx_lon=0.00000 sats=0 fix=0 utc=0 tx_fw=none rx_fw=unknown
PHASE_GUARD 500
PHASE_START 44 LF-FLRC-1300-32 pktSize=32
2026-07-26T12:12:08.798466+00:00 TIME_SYNCED utc=1785067928 offset=1785062475
PHASE_RESULT 44 LF-FLRC-1300-32 pktSize=32 rx=0 unique=0 lost=100 per=100.0 rssi_avg=0 rssi_min=0 crc_err=0 garbage=0 tx_lat=0.00000 tx_lon=0.00000 sats=0 fix=0 utc=0 tx_fw=none rx_fw=unknown
PHASE_GUARD 500
PHASE_START 45 LF-FLRC-1300-64 pktSize=64
2026-07-26T12:12:09.806758+00:00 PHASE_RESULT 45 LF-FLRC-1300-64 pktSize=64 rx=0 unique=0 lost=100 per=100.0 rssi_avg=0 rssi_min=0 crc_err=0 garbage=0 tx_lat=0.00000 tx_lon=0.00000 sats=0 fix=0 utc=0 tx_fw=none rx_fw=unknown
PHASE_GUARD 500
PHASE_START 46 LF-FLRC-1300-128 pktSize=128
2026-07-26T12:12:11.870307+00:00 TIME_SYNCED utc=1785067930 offset=1785062474
SYNC_NOT_FOUND first4=48BD29FF
2026-07-26T12:12:12.886574+00:00 PHASE_RESULT 46 LF-FLRC-1300-128 pktSize=128 rx=0 unique=0 lost=100 per=100.0 rssi_avg=0 rssi_min=0 crc_err=0 garbage=1 tx_lat=0.00000 tx_lon=0.00000 sats=0 fix=0 utc=0 tx_fw=none rx_fw=unknown
PHASE_GUARD 500
PHASE_START 47 LF-FLRC-1300-255 pktSize=255
2026-07-26T12:12:14.948772+00:00 PHASE_RESULT 47 LF-FLRC-1300-255 pktSize=255 rx=0 unique=0 lost=100 per=100.0 rssi_avg=0 rssi_min=0 crc_err=0 garbage=0 tx_lat=0.00000 tx_lon=0.00000 sats=0 fix=0 utc=0 tx_fw=none rx_fw=unknown
PHASE_GUARD 500
PHASE_START 48 LF-FLRC-650-32 pktSize=32
SYNC_NOT_FOUND first4=A2AFCA09
SYNC_NOT_FOUND first4=56C93250
2026-07-26T12:12:17.015526+00:00 PHASE_RESULT 48 LF-FLRC-650-32 pktSize=32 rx=0 unique=0 lost=100 per=100.0 rssi_avg=0 rssi_min=0 crc_err=0 garbage=2 tx_lat=0.00000 tx_lon=0.00000 sats=0 fix=0 utc=0 tx_fw=none rx_fw=unknown
PHASE_GUARD 500
PHASE_START 49 LF-FLRC-650-64 pktSize=64
SYNC_NOT_FOUND first4=F84F9900
SYNC_NOT_FOUND first4=351CF87F
2026-07-26T12:12:19.078960+00:00 TIME_SYNCED utc=1785067938 offset=1785062475
PHASE_RESULT 49 LF-FLRC-650-64 pktSize=64 rx=0 unique=0 lost=100 per=100.0 rssi_avg=0 rssi_min=0 crc_err=0 garbage=2 tx_lat=0.00000 tx_lon=0.00000 sats=0 fix=0 utc=0 tx_fw=none rx_fw=unknown
PHASE_GUARD 500
PHASE_START 50 LF-FLRC-650-128 pktSize=128
2026-07-26T12:12:20.095352+00:00 SYNC_NOT_FOUND first4=F576A923
PHASE_RESULT 50 LF-FLRC-650-128 pktSize=128 rx=0 unique=0 lost=100 per=100.0 rssi_avg=0 rssi_min=0 crc_err=0 garbage=1 tx_lat=0.00000 tx_lon=0.00000 sats=0 fix=0 utc=0 tx_fw=none rx_fw=unknown
PHASE_GUARD 500
PHASE_START 51 LF-FLRC-650-255 pktSize=255
2026-07-26T12:12:21.099782+00:00 SYNC_NOT_FOUND first4=4B3CD22F
2026-07-26T12:12:22.112015+00:00 TIME_SYNCED utc=1785067941 offset=1785062475
PHASE_RESULT 51 LF-FLRC-650-255 pktSize=255 rx=0 unique=0 lost=100 per=100.0 rssi_avg=0 rssi_min=0 crc_err=0 garbage=1 tx_lat=0.00000 tx_lon=0.00000 sats=0 fix=0 utc=0 tx_fw=none rx_fw=unknown
PHASE_GUARD 500
PHASE_START 52 LF-FLRC-325-32 pktSize=32
2026-07-26T12:12:24.177143+00:00 PHASE_RESULT 52 LF-FLRC-325-32 pktSize=32 rx=0 unique=0 lost=100 per=100.0 rssi_avg=0 rssi_min=0 crc_err=0 garbage=0 tx_lat=0.00000 tx_lon=0.00000 sats=0 fix=0 utc=0 tx_fw=none rx_fw=unknown
PHASE_GUARD 500
PHASE_START 53 LF-FLRC-325-64 pktSize=64
2026-07-26T12:12:26.243873+00:00 PHASE_RESULT 53 LF-FLRC-325-64 pktSize=64 rx=0 unique=0 lost=100 per=100.0 rssi_avg=0 rssi_min=0 crc_err=0 garbage=0 tx_lat=0.00000 tx_lon=0.00000 sats=0 fix=0 utc=0 tx_fw=none rx_fw=unknown
PHASE_GUARD 500
PHASE_START 54 LF-FLRC-325-128 pktSize=128
2026-07-26T12:12:28.311280+00:00 PHASE_RESULT 54 LF-FLRC-325-128 pktSize=128 rx=0 unique=0 lost=100 per=100.0 rssi_avg=0 rssi_min=0 crc_err=0 garbage=0 tx_lat=0.00000 tx_lon=0.00000 sats=0 fix=0 utc=0 tx_fw=none rx_fw=unknown
PHASE_GUARD 500
PHASE_START 55 LF-FLRC-325-255 pktSize=255
2026-07-26T12:12:29.324084+00:00 SYNC_NOT_FOUND first4=D0A4D28C
TIME_SYNCED utc=1785067948 offset=1785062475
2026-07-26T12:12:30.336036+00:00 PHASE_RESULT 55 LF-FLRC-325-255 pktSize=255 rx=0 unique=0 lost=100 per=100.0 rssi_avg=0 rssi_min=0 crc_err=0 garbage=1 tx_lat=0.00000 tx_lon=0.00000 sats=0 fix=0 utc=0 tx_fw=none rx_fw=unknown
PHASE_GUARD 500
LORA_CFG path=1 bw=0x0F sf=7
PHASE_START 0 HF-LoRa-SF7-32 pktSize=32
2026-07-26T12:12:32.398736+00:00 TIME_SYNCED utc=1785067951 offset=1785062475
PHASE_RESULT 0 HF-LoRa-SF7-32 pktSize=32 rx=0 unique=0 lost=20 per=100.0 rssi_avg=0 rssi_min=0 crc_err=0 garbage=0 tx_lat=0.00000 tx_lon=0.00000 sats=0 fix=0 utc=0 tx_fw=none rx_fw=unknown
PHASE_GUARD 500
LORA_CFG path=1 bw=0x0F sf=7
PHASE_START 1 HF-LoRa-SF7-64 pktSize=64
2026-07-26T12:12:34.468215+00:00 PHASE_RESULT 1 HF-LoRa-SF7-64 pktSize=64 rx=0 unique=0 lost=20 per=100.0 rssi_avg=0 rssi_min=0 crc_err=0 garbage=0 tx_lat=0.00000 tx_lon=0.00000 sats=0 fix=0 utc=0 tx_fw=none rx_fw=unknown
PHASE_GUARD 500
LORA_CFG path=1 bw=0x0F sf=7
PHASE_START 2 HF-LoRa-SF7-128 pktSize=128
2026-07-26T12:12:35.479383+00:00 PHASE_RESULT 2 HF-LoRa-SF7-128 pktSize=128 rx=0 unique=0 lost=20 per=100.0 rssi_avg=0 rssi_min=0 crc_err=0 garbage=0 tx_lat=0.00000 tx_lon=0.00000 sats=0 fix=0 utc=0 tx_fw=none rx_fw=unknown
PHASE_GUARD 500
2026-07-26T12:12:36.492352+00:00 LORA_CFG path=1 bw=0x0F sf=7
PHASE_START 3 HF-LoRa-SF7-255 pktSize=255
2026-07-26T12:12:38.555800+00:00 PHASE_RESULT 3 HF-LoRa-SF7-255 pktSize=255 rx=0 unique=0 lost=20 per=100.0 rssi_avg=0 rssi_min=0 crc_err=0 garbage=0 tx_lat=0.00000 tx_lon=0.00000 sats=0 fix=0 utc=0 tx_fw=none rx_fw=unknown
PHASE_GUARD 500
LORA_CFG path=1 bw=0x0F sf=9
2026-07-26T12:12:39.574067+00:00 PHASE_START 4 HF-LoRa-SF9-32 pktSize=32
TIME_SYNCED utc=1785067958 offset=1785062474
PHASE_RESULT 4 HF-LoRa-SF9-32 pktSize=32 rx=0 unique=0 lost=20 per=100.0 rssi_avg=0 rssi_min=0 crc_err=0 garbage=0 tx_lat=0.00000 tx_lon=0.00000 sats=0 fix=0 utc=0 tx_fw=none rx_fw=unknown
PHASE_GUARD 500
LORA_CFG path=1 bw=0x0F sf=7
PHASE_START 3 HF-LoRa-SF7-255 pktSize=255
PHASE_RESULT 3 HF-LoRa-SF7-255 pktSize=255 rx=0 unique=0 lost=20 per=100.0 rssi_avg=0 rssi_min=0 crc_err=0 garbage=0 tx_lat=0.00000 tx_lon=0.00000 sats=0 fix=0 utc=0 tx_fw=none rx_fw=unknown
PHASE_GUARD 500
LORA_CFG path=1 bw=0x0F sf=9
2026-07-26T12:12:40.585362+00:00 PHASE_START 4 HF-LoRa-SF9-32 pktSize=32
2026-07-26T12:12:41.596700+00:00 PHASE_RESULT 4 HF-LoRa-SF9-32 pktSize=32 rx=0 unique=0 lost=20 per=100.0 rssi_avg=0 rssi_min=0 crc_err=0 garbage=0 tx_lat=0.00000 tx_lon=0.00000 sats=0 fix=0 utc=0 tx_fw=none rx_fw=unknown
PHASE_GUARD 500
LORA_CFG path=1 bw=0x0F sf=9
2026-07-26T12:12:42.614193+00:00 PHASE_START 5 HF-LoRa-SF9-64 pktSize=64
TIME_SYNCED utc=1785067961 offset=1785062474
2026-07-26T12:12:44.676819+00:00 PHASE_RESULT 5 HF-LoRa-SF9-64 pktSize=64 rx=0 unique=0 lost=20 per=100.0 rssi_avg=0 rssi_min=0 crc_err=0 garbage=0 tx_lat=0.00000 tx_lon=0.00000 sats=0 fix=0 utc=0 tx_fw=none rx_fw=unknown
PHASE_GUARD 500
LORA_CFG path=1 bw=0x0F sf=9
PHASE_START 6 HF-LoRa-SF9-128 pktSize=128
2026-07-26T12:12:48.842914+00:00 PHASE_RESULT 6 HF-LoRa-SF9-128 pktSize=128 rx=0 unique=0 lost=13 per=100.0 rssi_avg=0 rssi_min=0 crc_err=0 garbage=0 tx_lat=0.00000 tx_lon=0.00000 sats=0 fix=0 utc=0 tx_fw=none rx_fw=unknown
PHASE_GUARD 500
LORA_CFG path=1 bw=0x0F sf=9
PHASE_START 7 HF-LoRa-SF9-255 pktSize=255
TIME_SYNCED utc=1785067968 offset=1785062474
2026-07-26T12:12:51.959755+00:00 PHASE_RESULT 7 HF-LoRa-SF9-255 pktSize=255 rx=0 unique=0 lost=6 per=100.0 rssi_avg=0 rssi_min=0 crc_err=0 garbage=0 tx_lat=0.00000 tx_lon=0.00000 sats=0 fix=0 utc=0 tx_fw=none rx_fw=unknown
PHASE_GUARD 500
LORA_CFG path=1 bw=0x0F sf=12
PHASE_START 8 HF-LoRa-SF12-32 pktSize=32
2026-07-26T12:12:52.972090+00:00 TIME_SYNCED utc=1785067971 offset=1785062474
2026-07-26T12:12:55.039143+00:00 PHASE_RESULT 8 HF-LoRa-SF12-32 pktSize=32 rx=0 unique=0 lost=2 per=100.0 rssi_avg=0 rssi_min=0 crc_err=0 garbage=0 tx_lat=0.00000 tx_lon=0.00000 sats=0 fix=0 utc=0 tx_fw=none rx_fw=unknown
PHASE_GUARD 500
LORA_CFG path=1 bw=0x0F sf=12
PHASE_START 9 HF-LoRa-SF12-64 pktSize=64
2026-07-26T12:12:58.156353+00:00 PHASE_RESULT 9 HF-LoRa-SF12-64 pktSize=64 rx=0 unique=0 lost=1 per=100.0 rssi_avg=0 rssi_min=0 crc_err=0 garbage=0 tx_lat=0.00000 tx_lon=0.00000 sats=0 fix=0 utc=0 tx_fw=none rx_fw=unknown
PHASE_GUARD 500
LORA_CFG path=1 bw=0x0F sf=12
PHASE_START 10 HF-LoRa-SF12-128 pktSize=128
2026-07-26T12:12:59.172289+00:00 TIME_SYNCED utc=1785067978 offset=1785062474
2026-07-26T12:13:03.339280+00:00 TIME_SYNCED utc=1785067982 offset=1785062475
PHASE_RESULT 10 HF-LoRa-SF12-128 pktSize=128 rx=0 unique=0 lost=1 per=100.0 rssi_avg=0 rssi_min=0 crc_err=0 garbage=0 tx_lat=0.00000 tx_lon=0.00000 sats=0 fix=0 utc=0 tx_fw=none rx_fw=unknown
PHASE_GUARD 500
LORA_CFG path=1 bw=0x0F sf=12
PHASE_START 11 HF-LoRa-SF12-255 pktSize=255
2026-07-26T12:13:08.558107+00:00 TIME_SYNCED utc=1785067988 offset=1785062474
2026-07-26T12:13:12.724207+00:00 PHASE_RESULT 11 HF-LoRa-SF12-255 pktSize=255 rx=0 unique=0 lost=1 per=100.0 rssi_avg=0 rssi_min=0 crc_err=0 garbage=0 tx_lat=0.00000 tx_lon=0.00000 sats=0 fix=0 utc=0 tx_fw=none rx_fw=unknown
PHASE_GUARD 500
PHASE_START 12 HF-FLRC-2600-32 pktSize=32
2026-07-26T12:13:13.736357+00:00 TIME_SYNCED utc=1785067992 offset=1785062474
SYNC_NOT_FOUND first4=45615990
SYNC_NOT_FOUND first4=67FA9C1A
SYNC_NOT_FOUND first4=CAF46719
SYNC_NOT_FOUND first4=2E2D203B
SYNC_NOT_FOUND first4=68639C2B
SYNC_NOT_FOUND first4=B9F5FDAB
SYNC_NOT_FOUND first4=2F258489
SYNC_NOT_FOUND first4=8D95ED21
2026-07-26T12:13:14.747549+00:00 SYNC_NOT_FOUND first4=0F1FFCF1
SYNC_NOT_FOUND first4=6648A60C
PHASE_RESULT 12 HF-FLRC-2600-32 pktSize=32 rx=0 unique=0 lost=100 per=100.0 rssi_avg=0 rssi_min=0 crc_err=0 garbage=10 tx_lat=0.00000 tx_lon=0.00000 sats=0 fix=0 utc=0 tx_fw=none rx_fw=unknown
PHASE_GUARD 500
PHASE_START 13 HF-FLRC-2600-64 pktSize=64
SYNC_NOT_FOUND first4=613013AE
SYNC_NOT_FOUND first4=D03E479E
SYNC_NOT_FOUND first4=520F4589
2026-07-26T12:13:15.762709+00:00 SYNC_NOT_FOUND first4=69A35810
SYNC_NOT_FOUND first4=B68040AD
SYNC_NOT_FOUND first4=4F9239AE
SYNC_NOT_FOUND first4=628D0D4E
2026-07-26T12:13:16.774134+00:00 SYNC_NOT_FOUND first4=22B013D6
SYNC_NOT_FOUND first4=D47B2BBA
PHASE_RESULT 13 HF-FLRC-2600-64 pktSize=64 rx=0 unique=0 lost=100 per=100.0 rssi_avg=0 rssi_min=0 crc_err=0 garbage=9 tx_lat=0.00000 tx_lon=0.00000 sats=0 fix=0 utc=0 tx_fw=none rx_fw=unknown
PHASE_GUARD 500
PHASE_START 14 HF-FLRC-2600-128 pktSize=128
2026-07-26T12:13:17.786281+00:00 SYNC_NOT_FOUND first4=2FB6B905
2026-07-26T12:13:18.798312+00:00 SYNC_NOT_FOUND first4=F0156F57
SYNC_NOT_FOUND first4=4A850122
SYNC_NOT_FOUND first4=E888C55A
SYNC_NOT_FOUND first4=D954EE91
SYNC_NOT_FOUND first4=E3E45988
PHASE_RESULT 14 HF-FLRC-2600-128 pktSize=128 rx=0 unique=0 lost=100 per=100.0 rssi_avg=0 rssi_min=0 crc_err=0 garbage=6 tx_lat=0.00000 tx_lon=0.00000 sats=0 fix=0 utc=0 tx_fw=none rx_fw=unknown
PHASE_GUARD 500
PHASE_START 15 HF-FLRC-2600-255 pktSize=255
TIME_SYNCED utc=1785067998 offset=1785062474
SYNC_NOT_FOUND first4=358ECA16
2026-07-26T12:13:19.802198+00:00 SYNC_NOT_FOUND first4=18DADFDA
SYNC_NOT_FOUND first4=DC10D2A0
SYNC_NOT_FOUND first4=A51043CD
SYNC_NOT_FOUND first4=53B58ED1
SYNC_NOT_FOUND first4=261F8A8E
2026-07-26T12:13:20.814372+00:00 SYNC_NOT_FOUND first4=4B540957
SYNC_NOT_FOUND first4=3C83874A
SYNC_NOT_FOUND first4=F21EF2A6
SYNC_NOT_FOUND first4=081F2A92
SYNC_NOT_FOUND first4=9D32F41F
SYNC_NOT_FOUND first4=EFBA8A97
SYNC_NOT_FOUND first4=036D0343
SYNC_NOT_FOUND first4=0EB74787
PHASE_RESULT 15 HF-FLRC-2600-255 pktSize=255 rx=0 unique=0 lost=100 per=100.0 rssi_avg=0 rssi_min=0 crc_err=0 garbage=14 tx_lat=0.00000 tx_lon=0.00000 sats=0 fix=0 utc=0 tx_fw=none rx_fw=unknown
PHASE_GUARD 500
PHASE_START 16 HF-FLRC-1300-32 pktSize=32
2026-07-26T12:13:21.825706+00:00 SYNC_NOT_FOUND first4=6C8B74CE
SYNC_NOT_FOUND first4=0386966C
SYNC_NOT_FOUND first4=C15A029A
SYNC_NOT_FOUND first4=AAC62B83
SYNC_NOT_FOUND first4=F445718A
2026-07-26T12:13:22.836808+00:00 SYNC_NOT_FOUND first4=ED4CC5FB
SYNC_NOT_FOUND first4=145A4C3B
SYNC_NOT_FOUND first4=252380D0
SYNC_NOT_FOUND first4=357EA18A
PHASE_RESULT 16 HF-FLRC-1300-32 pktSize=32 rx=0 unique=0 lost=100 per=100.0 rssi_avg=0 rssi_min=0 crc_err=0 garbage=9 tx_lat=0.00000 tx_lon=0.00000 sats=0 fix=0 utc=0 tx_fw=none rx_fw=unknown
PHASE_GUARD 500
PHASE_START 17 HF-FLRC-1300-64 pktSize=64
SYNC_NOT_FOUND first4=0DEF8138
2026-07-26T12:13:23.848872+00:00 TIME_SYNCED utc=1785068002 offset=1785062474
SYNC_NOT_FOUND first4=86E3658F
SYNC_NOT_FOUND first4=9ECC4E59
SYNC_NOT_FOUND first4=6063C820
2026-07-26T12:13:24.860610+00:00 SYNC_NOT_FOUND first4=5C85E945
SYNC_NOT_FOUND first4=9B0B5BD0
SYNC_NOT_FOUND first4=F11E443C
PHASE_RESULT 17 HF-FLRC-1300-64 pktSize=64 rx=0 unique=0 lost=100 per=100.0 rssi_avg=0 rssi_min=0 crc_err=0 garbage=7 tx_lat=0.00000 tx_lon=0.00000 sats=0 fix=0 utc=0 tx_fw=none rx_fw=unknown
PHASE_GUARD 500
PHASE_START 18 HF-FLRC-1300-128 pktSize=128
2026-07-26T12:13:25.865235+00:00 SYNC_NOT_FOUND first4=C4A49D41
SYNC_NOT_FOUND first4=C470A16A
2026-07-26T12:13:26.868968+00:00 SYNC_NOT_FOUND first4=9E639118
SYNC_NOT_FOUND first4=9E50D6A6
SYNC_NOT_FOUND first4=9C0A5ABF
PHASE_RESULT 18 HF-FLRC-1300-128 pktSize=128 rx=0 unique=0 lost=100 per=100.0 rssi_avg=0 rssi_min=0 crc_err=0 garbage=5 tx_lat=0.00000 tx_lon=0.00000 sats=0 fix=0 utc=0 tx_fw=none rx_fw=unknown
PHASE_GUARD 500
PHASE_START 19 HF-FLRC-1300-255 pktSize=255
SYNC_NOT_FOUND first4=3E5576D8
SYNC_NOT_FOUND first4=459C0094
2026-07-26T12:13:27.880022+00:00 SYNC_NOT_FOUND first4=CEAB6285
SYNC_NOT_FOUND first4=31D59C7B
2026-07-26T12:13:28.891747+00:00 SYNC_NOT_FOUND first4=B11FC0FB
SYNC_NOT_FOUND first4=82B25C62
SYNC_NOT_FOUND first4=54A84DAE
SYNC_NOT_FOUND first4=E83FB770
PHASE_RESULT 19 HF-FLRC-1300-255 pktSize=255 rx=0 unique=0 lost=100 per=100.0 rssi_avg=0 rssi_min=0 crc_err=0 garbage=8 tx_lat=0.00000 tx_lon=0.00000 sats=0 fix=0 utc=0 tx_fw=none rx_fw=unknown
PHASE_GUARD 500
PHASE_START 20 HF-FLRC-650-32 pktSize=32
TIME_SYNCED utc=1785068008 offset=1785062474
SYNC_NOT_FOUND first4=F0822CB7
SYNC_NOT_FOUND first4=83CE4802
SYNC_NOT_FOUND first4=E06518C4
2026-07-26T12:13:29.902438+00:00 SYNC_NOT_FOUND first4=7CB653E0
SYNC_NOT_FOUND first4=07176C94
SYNC_NOT_FOUND first4=5840D7D2
SYNC_NOT_FOUND first4=43CDF903
SYNC_NOT_FOUND first4=B68998ED
SYNC_NOT_FOUND first4=35FB7AE3
SYNC_NOT_FOUND first4=E7B8DD5B
SYNC_NOT_FOUND first4=D84E805F
SYNC_NOT_FOUND first4=8292B2D4
SYNC_NOT_FOUND first4=452814F1
SYNC_NOT_FOUND first4=8D7F124F
SYNC_NOT_FOUND first4=D2B20EAC
SYNC_NOT_FOUND first4=0FA4D9EB
SYNC_NOT_FOUND first4=405FCF95
SYNC_NOT_FOUND first4=556DC5B2
SYNC_NOT_FOUND first4=8E5535A4
SYNC_NOT_FOUND first4=E077149C
SYNC_NOT_FOUND first4=4B4A9469
SYNC_NOT_FOUND first4=3116A02E
SYNC_NOT_FOUND first4=07ACE43B
SYNC_NOT_FOUND first4=99A746AF
SYNC_NOT_FOUND first4=7E123136
SYNC_NOT_FOUND first4=B80891BE
2026-07-26T12:13:30.914225+00:00 SYNC_NOT_FOUND first4=2E1B1BA8
SYNC_NOT_FOUND first4=95F95E1B
SYNC_NOT_FOUND first4=899110A6
SYNC_NOT_FOUND first4=617987E9
SYNC_NOT_FOUND first4=626EE303
SYNC_NOT_FOUND first4=44DCDA80
SYNC_NOT_FOUND first4=D631FE97
SYNC_NOT_FOUND first4=B5B421AA
SYNC_NOT_FOUND first4=451ED735
PHASE_RESULT 20 HF-FLRC-650-32 pktSize=32 rx=0 unique=0 lost=100 per=100.0 rssi_avg=0 rssi_min=0 crc_err=0 garbage=35 tx_lat=0.00000 tx_lon=0.00000 sats=0 fix=0 utc=0 tx_fw=none rx_fw=unknown
PHASE_GUARD 500
PHASE_START 21 HF-FLRC-650-64 pktSize=64
SYNC_NOT_FOUND first4=3F903422
SYNC_NOT_FOUND first4=0AFC2EBD
SYNC_NOT_FOUND first4=F147A0B2
SYNC_NOT_FOUND first4=6ACF40BA
SYNC_NOT_FOUND first4=F88EE827
2026-07-26T12:13:31.925445+00:00 SYNC_NOT_FOUND first4=386B1A3E
SYNC_NOT_FOUND first4=33CBA90C
SYNC_NOT_FOUND first4=600B4417
SYNC_NOT_FOUND first4=51C9C492
SYNC_NOT_FOUND first4=70A35A00
SYNC_NOT_FOUND first4=B8653924
SYNC_NOT_FOUND first4=5812D542
SYNC_NOT_FOUND first4=5455C25F
SYNC_NOT_FOUND first4=451FFE23
SYNC_NOT_FOUND first4=E3ED7529
SYNC_NOT_FOUND first4=324CBB64
SYNC_NOT_FOUND first4=D7843BDC
SYNC_NOT_FOUND first4=AEBC72BA
SYNC_NOT_FOUND first4=7843A1F7
SYNC_NOT_FOUND first4=0EA6F5E7
SYNC_NOT_FOUND first4=29C19309
SYNC_NOT_FOUND first4=5657ACA5
SYNC_NOT_FOUND first4=459CB8B0
SYNC_NOT_FOUND first4=C53A806D
SYNC_NOT_FOUND first4=70B32994
SYNC_NOT_FOUND first4=6387A2FD
SYNC_NOT_FOUND first4=CF26C660
SYNC_NOT_FOUND first4=F21153DC
SYNC_NOT_FOUND first4=3D4F9E0D
SYNC_NOT_FOUND first4=8589C6D6
SYNC_NOT_FOUND first4=C56DE223
SYNC_NOT_FOUND first4=7B0BE5FE
SYNC_NOT_FOUND first4=DDC0C85D
SYNC_NOT_FOUND first4=12D830A3
SYNC_NOT_FOUND first4=8602EDC0
2026-07-26T12:13:32.929665+00:00 SYNC_NOT_FOUND first4=86096F1E
SYNC_NOT_FOUND first4=37AA8D6D
SYNC_NOT_FOUND first4=A018C339
SYNC_NOT_FOUND first4=75DE6178
SYNC_NOT_FOUND first4=8C7CE0E6
SYNC_NOT_FOUND first4=B9C468EF
PHASE_RESULT 21 HF-FLRC-650-64 pktSize=64 rx=0 unique=0 lost=100 per=100.0 rssi_avg=0 rssi_min=0 crc_err=0 garbage=41 tx_lat=0.00000 tx_lon=0.00000 sats=0 fix=0 utc=0 tx_fw=none rx_fw=unknown
PHASE_GUARD 500
PHASE_START 22 HF-FLRC-650-128 pktSize=128
2026-07-26T12:13:33.944813+00:00 TIME_SYNCED utc=1785068012 offset=1785062474
SYNC_NOT_FOUND first4=06C291F9
SYNC_NOT_FOUND first4=038271D7
SYNC_NOT_FOUND first4=E2950A6B
SYNC_NOT_FOUND first4=1881631E
SYNC_NOT_FOUND first4=C65FC93B
SYNC_NOT_FOUND first4=18F7AD8B
SYNC_NOT_FOUND first4=21C74DD4
SYNC_NOT_FOUND first4=3857C4F1
SYNC_NOT_FOUND first4=A1BE0753
SYNC_NOT_FOUND first4=BAF7143C
SYNC_NOT_FOUND first4=6323EFA3
SYNC_NOT_FOUND first4=B0B7B65C
2026-07-26T12:13:34.956262+00:00 SYNC_NOT_FOUND first4=55245514
SYNC_NOT_FOUND first4=E014CB67
SYNC_NOT_FOUND first4=23A119B3
SYNC_NOT_FOUND first4=E51896AA
SYNC_NOT_FOUND first4=6D0E6636
SYNC_NOT_FOUND first4=77880B66
PHASE_RESULT 22 HF-FLRC-650-128 pktSize=128 rx=0 unique=0 lost=100 per=100.0 rssi_avg=0 rssi_min=0 crc_err=0 garbage=18 tx_lat=0.00000 tx_lon=0.00000 sats=0 fix=0 utc=0 tx_fw=none rx_fw=unknown
PHASE_GUARD 500
PHASE_START 23 HF-FLRC-650-255 pktSize=255
SYNC_NOT_FOUND first4=F9C94958
SYNC_NOT_FOUND first4=6C349C92
SYNC_NOT_FOUND first4=02DC4742
2026-07-26T12:13:35.972157+00:00 SYNC_NOT_FOUND first4=E13F87B4
SYNC_NOT_FOUND first4=CC472B09
SYNC_NOT_FOUND first4=FB0FCB5B
SYNC_NOT_FOUND first4=3E717437
SYNC_NOT_FOUND first4=BEEF8653
SYNC_NOT_FOUND first4=52A945FB
SYNC_NOT_FOUND first4=23165CF1
SYNC_NOT_FOUND first4=0218B6BB
SYNC_NOT_FOUND first4=5E8C8D0C
SYNC_NOT_FOUND first4=DDE6D7FA
SYNC_NOT_FOUND first4=550DFD52
SYNC_NOT_FOUND first4=AB6035DC
2026-07-26T12:13:36.983490+00:00 SYNC_NOT_FOUND first4=25EA2887
SYNC_NOT_FOUND first4=FCD34946
SYNC_NOT_FOUND first4=5235720C
SYNC_NOT_FOUND first4=2C36B53A
SYNC_NOT_FOUND first4=186F2174
SYNC_NOT_FOUND first4=86449836
SYNC_NOT_FOUND first4=54BF87EC
SYNC_NOT_FOUND first4=A23B2D88
SYNC_NOT_FOUND first4=75170752
SYNC_NOT_FOUND first4=A50E7916
PHASE_RESULT 23 HF-FLRC-650-255 pktSize=255 rx=0 unique=0 lost=100 per=100.0 rssi_avg=0 rssi_min=0 crc_err=0 garbage=25 tx_lat=0.00000 tx_lon=0.00000 sats=0 fix=0 utc=0 tx_fw=none rx_fw=unknown
PHASE_GUARD 500
PHASE_START 24 HF-FLRC-325-32 pktSize=32
2026-07-26T12:13:37.994804+00:00 SYNC_NOT_FOUND first4=58CC44C5
SYNC_NOT_FOUND first4=1C5AEF72
SYNC_NOT_FOUND first4=312F3D88
SYNC_NOT_FOUND first4=B343327E
2026-07-26T12:13:39.006775+00:00 SYNC_NOT_FOUND first4=40A9D85D
PHASE_RESULT 24 HF-FLRC-325-32 pktSize=32 rx=0 unique=0 lost=100 per=100.0 rssi_avg=0 rssi_min=0 crc_err=0 garbage=5 tx_lat=0.00000 tx_lon=0.00000 sats=0 fix=0 utc=0 tx_fw=none rx_fw=unknown
PHASE_GUARD 500
PHASE_START 25 HF-FLRC-325-64 pktSize=64
TIME_SYNCED utc=1785068018 offset=1785062474
SYNC_NOT_FOUND first4=9FA047BE
2026-07-26T12:13:41.069514+00:00 SYNC_NOT_FOUND first4=7212ABF8
PHASE_RESULT 25 HF-FLRC-325-64 pktSize=64 rx=0 unique=0 lost=100 per=100.0 rssi_avg=0 rssi_min=0 crc_err=0 garbage=2 tx_lat=0.00000 tx_lon=0.00000 sats=0 fix=0 utc=0 tx_fw=none rx_fw=unknown
PHASE_GUARD 500
PHASE_START 26 HF-FLRC-325-128 pktSize=128
SYNC_NOT_FOUND first4=8DD196B8
SYNC_NOT_FOUND first4=2AB4DE18
2026-07-26T12:13:42.085354+00:00 SYNC_NOT_FOUND first4=F75D49FF
2026-07-26T12:13:43.096632+00:00 PHASE_RESULT 26 HF-FLRC-325-128 pktSize=128 rx=0 unique=0 lost=100 per=100.0 rssi_avg=0 rssi_min=0 crc_err=0 garbage=3 tx_lat=0.00000 tx_lon=0.00000 sats=0 fix=0 utc=0 tx_fw=none rx_fw=unknown
PHASE_GUARD 500
PHASE_START 27 HF-FLRC-325-255 pktSize=255
SYNC_NOT_FOUND first4=304FABE2
SYNC_NOT_FOUND first4=B6D7EE5A
2026-07-26T12:13:44.113298+00:00 TIME_SYNCED utc=1785068023 offset=1785062475
SYNC_NOT_FOUND first4=CEBE06DC
PHASE_RESULT 27 HF-FLRC-325-255 pktSize=255 rx=0 unique=0 lost=100 per=100.0 rssi_avg=0 rssi_min=0 crc_err=0 garbage=3 tx_lat=0.00000 tx_lon=0.00000 sats=0 fix=0 utc=0 tx_fw=none rx_fw=unknown
PHASE_GUARD 500
LORA_CFG path=0 bw=0x05 sf=7
PHASE_START 28 LF-LoRa-SF7-32 pktSize=32
2026-07-26T12:13:46.175282+00:00 PHASE_RESULT 28 LF-LoRa-SF7-32 pktSize=32 rx=0 unique=0 lost=20 per=100.0 rssi_avg=0 rssi_min=0 crc_err=0 garbage=0 tx_lat=0.00000 tx_lon=0.00000 sats=0 fix=0 utc=0 tx_fw=none rx_fw=unknown
PHASE_GUARD 500
LORA_CFG path=0 bw=0x05 sf=7
PHASE_START 29 LF-LoRa-SF7-64 pktSize=64
2026-07-26T12:13:49.290295+00:00 PHASE_RESULT 29 LF-LoRa-SF7-64 pktSize=64 rx=0 unique=0 lost=20 per=100.0 rssi_avg=0 rssi_min=0 crc_err=0 garbage=0 tx_lat=0.00000 tx_lon=0.00000 sats=0 fix=0 utc=0 tx_fw=none rx_fw=unknown
PHASE_GUARD 500
LORA_CFG path=0 bw=0x05 sf=7
PHASE_START 30 LF-LoRa-SF7-128 pktSize=128
TIME_SYNCED utc=1785068028 offset=1785062474
PHASE_RESULT 30 LF-LoRa-SF7-128 pktSize=128 rx=0 unique=0 lost=13 per=100.0 rssi_avg=0 rssi_min=0 crc_err=0 garbage=0 tx_lat=0.00000 tx_lon=0.00000 sats=0 fix=0 utc=0 tx_fw=none rx_fw=unknown
PHASE_GUARD 500
LORA_CFG path=0 bw=0x05 sf=7
PHASE_START 29 LF-LoRa-SF7-64 pktSize=64
2026-07-26T12:13:50.302533+00:00 PHASE_RESULT 29 LF-LoRa-SF7-64 pktSize=64 rx=0 unique=0 lost=20 per=100.0 rssi_avg=0 rssi_min=0 crc_err=0 garbage=0 tx_lat=0.00000 tx_lon=0.00000 sats=0 fix=0 utc=0 tx_fw=none rx_fw=unknown
PHASE_GUARD 500
LORA_CFG path=0 bw=0x05 sf=7
PHASE_START 30 LF-LoRa-SF7-128 pktSize=128
2026-07-26T12:13:54.468977+00:00 PHASE_RESULT 30 LF-LoRa-SF7-128 pktSize=128 rx=0 unique=0 lost=13 per=100.0 rssi_avg=0 rssi_min=0 crc_err=0 garbage=0 tx_lat=0.00000 tx_lon=0.00000 sats=0 fix=0 utc=0 tx_fw=none rx_fw=unknown
PHASE_GUARD 500
LORA_CFG path=0 bw=0x05 sf=7
PHASE_START 31 LF-LoRa-SF7-255 pktSize=255
TIME_SYNCED utc=1785068033 offset=1785062474
2026-07-26T12:13:57.586643+00:00 PHASE_RESULT 31 LF-LoRa-SF7-255 pktSize=255 rx=0 unique=0 lost=7 per=100.0 rssi_avg=0 rssi_min=0 crc_err=0 garbage=0 tx_lat=0.00000 tx_lon=0.00000 sats=0 fix=0 utc=0 tx_fw=none rx_fw=unknown
PHASE_GUARD 500
LORA_CFG path=0 bw=0x05 sf=9
2026-07-26T12:13:58.598637+00:00 PHASE_START 32 LF-LoRa-SF9-32 pktSize=32
TIME_SYNCED utc=1785068038 offset=1785062474
2026-07-26T12:14:01.714817+00:00 PHASE_RESULT 32 LF-LoRa-SF9-32 pktSize=32 rx=0 unique=0 lost=7 per=100.0 rssi_avg=0 rssi_min=0 crc_err=0 garbage=0 tx_lat=0.00000 tx_lon=0.00000 sats=0 fix=0 utc=0 tx_fw=none rx_fw=unknown
PHASE_GUARD 500
LORA_CFG path=0 bw=0x05 sf=9
PHASE_START 33 LF-LoRa-SF9-64 pktSize=64
2026-07-26T12:14:04.834378+00:00 TIME_SYNCED utc=1785068043 offset=1785062474
PHASE_RESULT 33 LF-LoRa-SF9-64 pktSize=64 rx=0 unique=0 lost=3 per=100.0 rssi_avg=0 rssi_min=0 crc_err=0 garbage=0 tx_lat=0.00000 tx_lon=0.00000 sats=0 fix=0 utc=0 tx_fw=none rx_fw=unknown
PHASE_GUARD 500
LORA_CFG path=0 bw=0x05 sf=9
PHASE_START 34 LF-LoRa-SF9-128 pktSize=128
2026-07-26T12:14:06.898087+00:00 PHASE_RESULT 34 LF-LoRa-SF9-128 pktSize=128 rx=0 unique=0 lost=1 per=100.0 rssi_avg=0 rssi_min=0 crc_err=0 garbage=0 tx_lat=0.00000 tx_lon=0.00000 sats=0 fix=0 utc=0 tx_fw=none rx_fw=unknown
PHASE_GUARD 500
LORA_CFG path=0 bw=0x05 sf=9
PHASE_START 35 LF-LoRa-SF9-255 pktSize=255
2026-07-26T12:14:08.965946+00:00 TIME_SYNCED utc=1785068048 offset=1785062474
2026-07-26T12:14:11.031352+00:00 PHASE_RESULT 35 LF-LoRa-SF9-255 pktSize=255 rx=0 unique=0 lost=1 per=100.0 rssi_avg=0 rssi_min=0 crc_err=0 garbage=0 tx_lat=0.00000 tx_lon=0.00000 sats=0 fix=0 utc=0 tx_fw=none rx_fw=unknown
PHASE_GUARD 500
LORA_CFG path=0 bw=0x05 sf=12
PHASE_START 36 LF-LoRa-SF12-32 pktSize=32
2026-07-26T12:14:15.203286+00:00 TIME_SYNCED utc=1785068054 offset=1785062475
2026-07-26T12:14:19.369287+00:00 TIME_SYNCED utc=1785068058 offset=1785062474
2026-07-26T12:14:25.639195+00:00 TIME_SYNCED utc=1785068064 offset=1785062474
PHASE_RESULT 36 LF-LoRa-SF12-32 pktSize=32 rx=0 unique=0 lost=1 per=100.0 rssi_avg=0 rssi_min=0 crc_err=0 garbage=0 tx_lat=0.00000 tx_lon=0.00000 sats=0 fix=0 utc=0 tx_fw=none rx_fw=unknown
PHASE_GUARD 500
LORA_CFG path=0 bw=0x05 sf=12
PHASE_START 37 LF-LoRa-SF12-SKIP SKIP pktSize=64
2026-07-26T12:14:26.650449+00:00 PHASE_RESULT 37 LF-LoRa-SF12-SKIP pktSize=64 rx=0 unique=0 lost=0 per=0.0 rssi_avg=0 rssi_min=0 crc_err=0 garbage=0 tx_lat=0.00000 tx_lon=0.00000 sats=0 fix=0 utc=0 tx_fw=none rx_fw=unknown
PHASE_GUARD 500
LORA_CFG path=0 bw=0x05 sf=12
PHASE_START 38 LF-LoRa-SF12-SKIP SKIP pktSize=128
2026-07-26T12:14:27.662466+00:00 PHASE_RESULT 38 LF-LoRa-SF12-SKIP pktSize=128 rx=0 unique=0 lost=0 per=0.0 rssi_avg=0 rssi_min=0 crc_err=0 garbage=0 tx_lat=0.00000 tx_lon=0.00000 sats=0 fix=0 utc=0 tx_fw=none rx_fw=unknown
PHASE_GUARD 500
LORA_CFG path=0 bw=0x05 sf=12
PHASE_START 39 LF-LoRa-SF12-SKIP SKIP pktSize=255
2026-07-26T12:14:28.673354+00:00 PHASE_RESULT 39 LF-LoRa-SF12-SKIP pktSize=255 rx=0 unique=0 lost=0 per=0.0 rssi_avg=0 rssi_min=0 crc_err=0 garbage=0 tx_lat=0.00000 tx_lon=0.00000 sats=0 fix=0 utc=0 tx_fw=none rx_fw=unknown
PHASE_GUARD 500
PHASE_START 40 LF-FLRC-2600-32 pktSize=32
TIME_SYNCED utc=1785068068 offset=1785062474
2026-07-26T12:14:29.684527+00:00 SYNC_NOT_FOUND first4=FA3A109C
SYNC_NOT_FOUND first4=1EEC4651
2026-07-26T12:14:30.687946+00:00 SYNC_NOT_FOUND first4=082D46B3
SYNC_NOT_FOUND first4=35C7718D
PHASE_RESULT 40 LF-FLRC-2600-32 pktSize=32 rx=0 unique=0 lost=100 per=100.0 rssi_avg=0 rssi_min=0 crc_err=0 garbage=4 tx_lat=0.00000 tx_lon=0.00000 sats=0 fix=0 utc=0 tx_fw=none rx_fw=unknown
PHASE_GUARD 500
PHASE_START 41 LF-FLRC-2600-64 pktSize=64
2026-07-26T12:14:32.750613+00:00 SYNC_NOT_FOUND first4=965DBC60
PHASE_RESULT 41 LF-FLRC-2600-64 pktSize=64 rx=0 unique=0 lost=100 per=100.0 rssi_avg=0 rssi_min=0 crc_err=0 garbage=1 tx_lat=0.00000 tx_lon=0.00000 sats=0 fix=0 utc=0 tx_fw=none rx_fw=unknown
PHASE_GUARD 500
PHASE_START 42 LF-FLRC-2600-128 pktSize=128
SYNC_NOT_FOUND first4=BC3DFA9E
2026-07-26T12:14:33.767016+00:00 SYNC_NOT_FOUND first4=86C8EFF0
2026-07-26T12:14:34.778297+00:00 PHASE_RESULT 42 LF-FLRC-2600-128 pktSize=128 rx=0 unique=0 lost=100 per=100.0 rssi_avg=0 rssi_min=0 crc_err=0 garbage=2 tx_lat=0.00000 tx_lon=0.00000 sats=0 fix=0 utc=0 tx_fw=none rx_fw=unknown
PHASE_GUARD 500
PHASE_START 43 LF-FLRC-2600-255 pktSize=255
2026-07-26T12:14:35.793366+00:00 TIME_SYNCED utc=1785068074 offset=1785062474
2026-07-26T12:14:36.804585+00:00 PHASE_RESULT 43 LF-FLRC-2600-255 pktSize=255 rx=0 unique=0 lost=100 per=100.0 rssi_avg=0 rssi_min=0 crc_err=0 garbage=0 tx_lat=0.00000 tx_lon=0.00000 sats=0 fix=0 utc=0 tx_fw=none rx_fw=unknown
PHASE_GUARD 500
PHASE_START 44 LF-FLRC-1300-32 pktSize=32
SYNC_NOT_FOUND first4=A6B28A7F
2026-07-26T12:14:38.868116+00:00 PHASE_RESULT 44 LF-FLRC-1300-32 pktSize=32 rx=0 unique=0 lost=100 per=100.0 rssi_avg=0 rssi_min=0 crc_err=0 garbage=1 tx_lat=0.00000 tx_lon=0.00000 sats=0 fix=0 utc=0 tx_fw=none rx_fw=unknown
PHASE_GUARD 500
PHASE_START 45 LF-FLRC-1300-64 pktSize=64
TIME_SYNCED utc=1785068078 offset=1785062474
2026-07-26T12:14:40.930831+00:00 PHASE_RESULT 45 LF-FLRC-1300-64 pktSize=64 rx=0 unique=0 lost=100 per=100.0 rssi_avg=0 rssi_min=0 crc_err=0 garbage=0 tx_lat=0.00000 tx_lon=0.00000 sats=0 fix=0 utc=0 tx_fw=none rx_fw=unknown
PHASE_GUARD 500
PHASE_START 46 LF-FLRC-1300-128 pktSize=128
SYNC_NOT_FOUND first4=29E6184F
2026-07-26T12:14:43.001874+00:00 PHASE_RESULT 46 LF-FLRC-1300-128 pktSize=128 rx=0 unique=0 lost=100 per=100.0 rssi_avg=0 rssi_min=0 crc_err=0 garbage=1 tx_lat=0.00000 tx_lon=0.00000 sats=0 fix=0 utc=0 tx_fw=none rx_fw=unknown
PHASE_GUARD 500
PHASE_START 47 LF-FLRC-1300-255 pktSize=255
2026-07-26T12:14:44.020045+00:00 SYNC_NOT_FOUND first4=4EB9412F
2026-07-26T12:14:45.031226+00:00 PHASE_RESULT 47 LF-FLRC-1300-255 pktSize=255 rx=0 unique=0 lost=100 per=100.0 rssi_avg=0 rssi_min=0 crc_err=0 garbage=1 tx_lat=0.00000 tx_lon=0.00000 sats=0 fix=0 utc=0 tx_fw=none rx_fw=unknown
PHASE_GUARD 500
PHASE_START 48 LF-FLRC-650-32 pktSize=32
2026-07-26T12:14:46.047237+00:00 TIME_SYNCED utc=1785068085 offset=1785062475
SYNC_NOT_FOUND first4=09EAFEC3
PHASE_RESULT 48 LF-FLRC-650-32 pktSize=32 rx=0 unique=0 lost=100 per=100.0 rssi_avg=0 rssi_min=0 crc_err=0 garbage=1 tx_lat=0.00000 tx_lon=0.00000 sats=0 fix=0 utc=0 tx_fw=none rx_fw=unknown
PHASE_GUARD 500
PHASE_START 49 LF-FLRC-650-64 pktSize=64
2026-07-26T12:14:48.114811+00:00 PHASE_RESULT 49 LF-FLRC-650-64 pktSize=64 rx=0 unique=0 lost=100 per=100.0 rssi_avg=0 rssi_min=0 crc_err=0 garbage=0 tx_lat=0.00000 tx_lon=0.00000 sats=0 fix=0 utc=0 tx_fw=none rx_fw=unknown
PHASE_GUARD 500
PHASE_START 50 LF-FLRC-650-128 pktSize=128
SYNC_NOT_FOUND first4=FF1F21E6
2026-07-26T12:14:49.133034+00:00 TIME_SYNCED utc=1785068088 offset=1785062474
SYNC_NOT_FOUND first4=766EB4A9
2026-07-26T12:14:51.196390+00:00 PHASE_RESULT 50 LF-FLRC-650-128 pktSize=128 rx=0 unique=0 lost=100 per=100.0 rssi_avg=0 rssi_min=0 crc_err=0 garbage=2 tx_lat=0.00000 tx_lon=0.00000 sats=0 fix=0 utc=0 tx_fw=none rx_fw=unknown
PHASE_GUARD 500
PHASE_START 51 LF-FLRC-650-255 pktSize=255
2026-07-26T12:14:52.215029+00:00 SYNC_NOT_FOUND first4=3AFE1B9A
SYNC_NOT_FOUND first4=C5DA1CCE
2026-07-26T12:14:53.234126+00:00 SYNC_NOT_FOUND first4=F9C320AC
PHASE_RESULT 51 LF-FLRC-650-255 pktSize=255 rx=0 unique=0 lost=100 per=100.0 rssi_avg=0 rssi_min=0 crc_err=0 garbage=3 tx_lat=0.00000 tx_lon=0.00000 sats=0 fix=0 utc=0 tx_fw=none rx_fw=unknown
PHASE_GUARD 500
PHASE_START 52 LF-FLRC-325-32 pktSize=32
2026-07-26T12:14:55.301272+00:00 PHASE_RESULT 52 LF-FLRC-325-32 pktSize=32 rx=0 unique=0 lost=100 per=100.0 rssi_avg=0 rssi_min=0 crc_err=0 garbage=0 tx_lat=0.00000 tx_lon=0.00000 sats=0 fix=0 utc=0 tx_fw=none rx_fw=unknown
PHASE_GUARD 500
PHASE_START 53 LF-FLRC-325-64 pktSize=64
2026-07-26T12:14:56.319297+00:00 TIME_SYNCED utc=1785068095 offset=1785062475
PHASE_RESULT 53 LF-FLRC-325-64 pktSize=64 rx=0 unique=0 lost=100 per=100.0 rssi_avg=0 rssi_min=0 crc_err=0 garbage=0 tx_lat=0.00000 tx_lon=0.00000 sats=0 fix=0 utc=0 tx_fw=none rx_fw=unknown
PHASE_GUARD 500
PHASE_START 54 LF-FLRC-325-128 pktSize=128
2026-07-26T12:14:58.382539+00:00 PHASE_RESULT 54 LF-FLRC-325-128 pktSize=128 rx=0 unique=0 lost=100 per=100.0 rssi_avg=0 rssi_min=0 crc_err=0 garbage=0 tx_lat=0.00000 tx_lon=0.00000 sats=0 fix=0 utc=0 tx_fw=none rx_fw=unknown
PHASE_GUARD 500
PHASE_START 55 LF-FLRC-325-255 pktSize=255
2026-07-26T12:14:59.396744+00:00 TIME_SYNCED utc=1785068098 offset=1785062474
2026-07-26T12:15:01.459219+00:00 PHASE_RESULT 55 LF-FLRC-325-255 pktSize=255 rx=0 unique=0 lost=100 per=100.0 rssi_avg=0 rssi_min=0 crc_err=0 garbage=0 tx_lat=0.00000 tx_lon=0.00000 sats=0 fix=0 utc=0 tx_fw=none rx_fw=unknown
PHASE_GUARD 500
LORA_CFG path=1 bw=0x0F sf=7
PHASE_START 0 HF-LoRa-SF7-32 pktSize=32
2026-07-26T12:15:02.472331+00:00 PHASE_RESULT 0 HF-LoRa-SF7-32 pktSize=32 rx=0 unique=0 lost=20 per=100.0 rssi_avg=0 rssi_min=0 crc_err=0 garbage=0 tx_lat=0.00000 tx_lon=0.00000 sats=0 fix=0 utc=0 tx_fw=none rx_fw=unknown
PHASE_GUARD 500
2026-07-26T12:15:03.488772+00:00 LORA_CFG path=1 bw=0x0F sf=7
PHASE_START 1 HF-LoRa-SF7-64 pktSize=64
2026-07-26T12:15:04.506299+00:00 PHASE_RESULT 1 HF-LoRa-SF7-64 pktSize=64 rx=0 unique=0 lost=20 per=100.0 rssi_avg=0 rssi_min=0 crc_err=0 garbage=0 tx_lat=0.00000 tx_lon=0.00000 sats=0 fix=0 utc=0 tx_fw=none rx_fw=unknown
PHASE_GUARD 500
LORA_CFG path=1 bw=0x0F sf=7
2026-07-26T12:15:05.513352+00:00 PHASE_START 2 HF-LoRa-SF7-128 pktSize=128
2026-07-26T12:15:06.530548+00:00 TIME_SYNCED utc=1785068105 offset=1785062474
PHASE_RESULT 2 HF-LoRa-SF7-128 pktSize=128 rx=0 unique=0 lost=20 per=100.0 rssi_avg=0 rssi_min=0 crc_err=0 garbage=0 tx_lat=0.00000 tx_lon=0.00000 sats=0 fix=0 utc=0 tx_fw=none rx_fw=unknown
PHASE_GUARD 500
LORA_CFG path=1 bw=0x0F sf=7
2026-07-26T12:15:07.542589+00:00 PHASE_START 3 HF-LoRa-SF7-255 pktSize=255
2026-07-26T12:15:09.612019+00:00 TIME_SYNCED utc=1785068108 offset=1785062474
PHASE_RESULT 3 HF-LoRa-SF7-255 pktSize=255 rx=0 unique=0 lost=20 per=100.0 rssi_avg=0 rssi_min=0 crc_err=0 garbage=0 tx_lat=0.00000 tx_lon=0.00000 sats=0 fix=0 utc=0 tx_fw=none rx_fw=unknown
PHASE_GUARD 500
LORA_CFG path=1 bw=0x0F sf=9
PHASE_START 4 HF-LoRa-SF9-32 pktSize=32
2026-07-26T12:15:11.677509+00:00 PHASE_RESULT 4 HF-LoRa-SF9-32 pktSize=32 rx=0 unique=0 lost=20 per=100.0 rssi_avg=0 rssi_min=0 crc_err=0 garbage=0 tx_lat=0.00000 tx_lon=0.00000 sats=0 fix=0 utc=0 tx_fw=none rx_fw=unknown
PHASE_GUARD 500
LORA_CFG path=1 bw=0x0F sf=9
PHASE_START 5 HF-LoRa-SF9-64 pktSize=64
2026-07-26T12:15:14.794100+00:00 PHASE_RESULT 5 HF-LoRa-SF9-64 pktSize=64 rx=0 unique=0 lost=20 per=100.0 rssi_avg=0 rssi_min=0 crc_err=0 garbage=0 tx_lat=0.00000 tx_lon=0.00000 sats=0 fix=0 utc=0 tx_fw=none rx_fw=unknown
PHASE_GUARD 500
LORA_CFG path=1 bw=0x0F sf=9
PHASE_START 6 HF-LoRa-SF9-128 pktSize=128
2026-07-26T12:15:16.865056+00:00 TIME_SYNCED utc=1785068115 offset=1785062474
2026-07-26T12:15:18.931733+00:00 PHASE_RESULT 6 HF-LoRa-SF9-128 pktSize=128 rx=0 unique=0 lost=13 per=100.0 rssi_avg=0 rssi_min=0 crc_err=0 garbage=0 tx_lat=0.00000 tx_lon=0.00000 sats=0 fix=0 utc=0 tx_fw=none rx_fw=unknown
PHASE_GUARD 500
LORA_CFG path=1 bw=0x0F sf=9
PHASE_START 7 HF-LoRa-SF9-255 pktSize=255
TIME_SYNCED utc=1785068118 offset=1785062474
2026-07-26T12:15:22.049847+00:00 PHASE_RESULT 7 HF-LoRa-SF9-255 pktSize=255 rx=0 unique=0 lost=6 per=100.0 rssi_avg=0 rssi_min=0 crc_err=0 garbage=0 tx_lat=0.00000 tx_lon=0.00000 sats=0 fix=0 utc=0 tx_fw=none rx_fw=unknown
PHASE_GUARD 500
LORA_CFG path=1 bw=0x0F sf=12
PHASE_START 8 HF-LoRa-SF12-32 pktSize=32
2026-07-26T12:15:25.162962+00:00 PHASE_RESULT 8 HF-LoRa-SF12-32 pktSize=32 rx=0 unique=0 lost=2 per=100.0 rssi_avg=0 rssi_min=0 crc_err=0 garbage=0 tx_lat=0.00000 tx_lon=0.00000 sats=0 fix=0 utc=0 tx_fw=none rx_fw=unknown
PHASE_GUARD 500
LORA_CFG path=1 bw=0x0F sf=12
PHASE_START 9 HF-LoRa-SF12-64 pktSize=64
2026-07-26T12:15:27.225190+00:00 TIME_SYNCED utc=1785068126 offset=1785062475
PHASE_RESULT 9 HF-LoRa-SF12-64 pktSize=64 rx=0 unique=0 lost=1 per=100.0 rssi_avg=0 rssi_min=0 crc_err=0 garbage=0 tx_lat=0.00000 tx_lon=0.00000 sats=0 fix=0 utc=0 tx_fw=none rx_fw=unknown
PHASE_GUARD 500
LORA_CFG path=1 bw=0x0F sf=12
PHASE_START 10 HF-LoRa-SF12-128 pktSize=128
2026-07-26T12:15:29.292216+00:00 TIME_SYNCED utc=1785068128 offset=1785062474
2026-07-26T12:15:33.456230+00:00 PHASE_RESULT 10 HF-LoRa-SF12-128 pktSize=128 rx=0 unique=0 lost=1 per=100.0 rssi_avg=0 rssi_min=0 crc_err=0 garbage=0 tx_lat=0.00000 tx_lon=0.00000 sats=0 fix=0 utc=0 tx_fw=none rx_fw=unknown
PHASE_GUARD 500
LORA_CFG path=1 bw=0x0F sf=12
PHASE_START 11 HF-LoRa-SF12-255 pktSize=255
2026-07-26T12:15:37.628946+00:00 TIME_SYNCED utc=1785068136 offset=1785062474
2026-07-26T12:15:39.693262+00:00 TIME_SYNCED utc=1785068138 offset=1785062474
2026-07-26T12:15:42.811581+00:00 PHASE_RESULT 11 HF-LoRa-SF12-255 pktSize=255 rx=0 unique=0 lost=1 per=100.0 rssi_avg=0 rssi_min=0 crc_err=0 garbage=0 tx_lat=0.00000 tx_lon=0.00000 sats=0 fix=0 utc=0 tx_fw=none rx_fw=unknown
PHASE_GUARD 500
PHASE_START 12 HF-FLRC-2600-32 pktSize=32
SYNC_NOT_FOUND first4=F16ACCF3
SYNC_NOT_FOUND first4=4F0FCA92
SYNC_NOT_FOUND first4=F2649DAF
2026-07-26T12:15:43.824791+00:00 SYNC_NOT_FOUND first4=C58D8022
SYNC_NOT_FOUND first4=53D9A0E0
SYNC_NOT_FOUND first4=78B9A7DF
SYNC_NOT_FOUND first4=9CA5347C
SYNC_NOT_FOUND first4=4A73E340
SYNC_NOT_FOUND first4=6F415B34
SYNC_NOT_FOUND first4=76E3360D
SYNC_NOT_FOUND first4=494ECEC7
SYNC_NOT_FOUND first4=85C16A55
SYNC_NOT_FOUND first4=32A3AC42
2026-07-26T12:15:44.839772+00:00 SYNC_NOT_FOUND first4=5DA9E6C9
SYNC_NOT_FOUND first4=54DB72CB
SYNC_NOT_FOUND first4=0654E866
SYNC_NOT_FOUND first4=444C2BB1
SYNC_NOT_FOUND first4=14466BD4
SYNC_NOT_FOUND first4=B5EF0DBF
PHASE_RESULT 12 HF-FLRC-2600-32 pktSize=32 rx=0 unique=0 lost=100 per=100.0 rssi_avg=0 rssi_min=0 crc_err=0 garbage=19 tx_lat=0.00000 tx_lon=0.00000 sats=0 fix=0 utc=0 tx_fw=none rx_fw=unknown
PHASE_GUARD 500
PHASE_START 13 HF-FLRC-2600-64 pktSize=64
2026-07-26T12:15:45.856028+00:00 SYNC_NOT_FOUND first4=7DF98559
SYNC_NOT_FOUND first4=DBC5D90C
SYNC_NOT_FOUND first4=3DA4F59C
SYNC_NOT_FOUND first4=48157539
SYNC_NOT_FOUND first4=05672923
SYNC_NOT_FOUND first4=82B3BA4C
SYNC_NOT_FOUND first4=B5DDE8B2
SYNC_NOT_FOUND first4=DC099D87
SYNC_NOT_FOUND first4=93FE9BBD
2026-07-26T12:15:46.866730+00:00 SYNC_NOT_FOUND first4=B63A782E
SYNC_NOT_FOUND first4=455FEF73
PHASE_RESULT 13 HF-FLRC-2600-64 pktSize=64 rx=0 unique=0 lost=100 per=100.0 rssi_avg=0 rssi_min=0 crc_err=0 garbage=11 tx_lat=0.00000 tx_lon=0.00000 sats=0 fix=0 utc=0 tx_fw=none rx_fw=unknown
PHASE_GUARD 500
PHASE_START 14 HF-FLRC-2600-128 pktSize=128
SYNC_NOT_FOUND first4=EC7EC578
SYNC_NOT_FOUND first4=C049AEA5
2026-07-26T12:15:47.878301+00:00 TIME_SYNCED utc=1785068146 offset=1785062474
SYNC_NOT_FOUND first4=EE616124
SYNC_NOT_FOUND first4=DEE7E11B
SYNC_NOT_FOUND first4=04A6A085
2026-07-26T12:15:48.889364+00:00 SYNC_NOT_FOUND first4=5277F614
SYNC_NOT_FOUND first4=EB51E6EA
SYNC_NOT_FOUND first4=DEA4D747
SYNC_NOT_FOUND first4=A61E7A65
SYNC_NOT_FOUND first4=9B2C18C8
SYNC_NOT_FOUND first4=46FC44BD
PHASE_RESULT 14 HF-FLRC-2600-128 pktSize=128 rx=0 unique=0 lost=100 per=100.0 rssi_avg=0 rssi_min=0 crc_err=0 garbage=11 tx_lat=0.00000 tx_lon=0.00000 sats=0 fix=0 utc=0 tx_fw=none rx_fw=unknown
PHASE_GUARD 500
PHASE_START 15 HF-FLRC-2600-255 pktSize=255
SYNC_NOT_FOUND first4=14AC33A6
SYNC_NOT_FOUND first4=CE7D45AB
SYNC_NOT_FOUND first4=2EDE767B
TIME_SYNCED utc=1785068148 offset=1785062474
SYNC_NOT_FOUND first4=45BE8BE8
SYNC_NOT_FOUND first4=65B69360
2026-07-26T12:15:49.893277+00:00 SYNC_NOT_FOUND first4=41561DBA
SYNC_NOT_FOUND first4=17D0A1BE
2026-07-26T12:15:50.904449+00:00 SYNC_NOT_FOUND first4=99AD8A44
PHASE_RESULT 15 HF-FLRC-2600-255 pktSize=255 rx=0 unique=0 lost=100 per=100.0 rssi_avg=0 rssi_min=0 crc_err=0 garbage=8 tx_lat=0.00000 tx_lon=0.00000 sats=0 fix=0 utc=0 tx_fw=none rx_fw=unknown
PHASE_GUARD 500
PHASE_START 16 HF-FLRC-1300-32 pktSize=32
SYNC_NOT_FOUND first4=8EB1620E
2026-07-26T12:15:51.917891+00:00 SYNC_NOT_FOUND first4=71BF9549
SYNC_NOT_FOUND first4=7842D1A3
2026-07-26T12:15:52.936645+00:00 PHASE_RESULT 16 HF-FLRC-1300-32 pktSize=32 rx=0 unique=0 lost=100 per=100.0 rssi_avg=0 rssi_min=0 crc_err=0 garbage=3 tx_lat=0.00000 tx_lon=0.00000 sats=0 fix=0 utc=0 tx_fw=none rx_fw=unknown
PHASE_GUARD 500
PHASE_START 17 HF-FLRC-1300-64 pktSize=64
SYNC_NOT_FOUND first4=908E9EFD
2026-07-26T12:15:53.947966+00:00 SYNC_NOT_FOUND first4=DF48BEA0
SYNC_NOT_FOUND first4=224711E0
SYNC_NOT_FOUND first4=1C65D258
SYNC_NOT_FOUND first4=32FBA396
2026-07-26T12:15:54.961749+00:00 SYNC_NOT_FOUND first4=42808688
SYNC_NOT_FOUND first4=5C6A3391
SYNC_NOT_FOUND first4=06988D77
PHASE_RESULT 17 HF-FLRC-1300-64 pktSize=64 rx=0 unique=0 lost=100 per=100.0 rssi_avg=0 rssi_min=0 crc_err=0 garbage=8 tx_lat=0.00000 tx_lon=0.00000 sats=0 fix=0 utc=0 tx_fw=none rx_fw=unknown
PHASE_GUARD 500
PHASE_START 18 HF-FLRC-1300-128 pktSize=128
SYNC_NOT_FOUND first4=BEF63493
SYNC_NOT_FOUND first4=AF3E9FB4
SYNC_NOT_FOUND first4=1FAAF8E0
2026-07-26T12:15:55.972869+00:00 SYNC_NOT_FOUND first4=4FBB9418
SYNC_NOT_FOUND first4=5E09693E
SYNC_NOT_FOUND first4=F2C5491E
SYNC_NOT_FOUND first4=07970D89
SYNC_NOT_FOUND first4=56B6C625
2026-07-26T12:15:56.983533+00:00 SYNC_NOT_FOUND first4=CC454449
PHASE_RESULT 18 HF-FLRC-1300-128 pktSize=128 rx=0 unique=0 lost=100 per=100.0 rssi_avg=0 rssi_min=0 crc_err=0 garbage=9 tx_lat=0.00000 tx_lon=0.00000 sats=0 fix=0 utc=0 tx_fw=none rx_fw=unknown
PHASE_GUARD 500
PHASE_START 19 HF-FLRC-1300-255 pktSize=255
SYNC_NOT_FOUND first4=05FAD152
SYNC_NOT_FOUND first4=D50EB99D
SYNC_NOT_FOUND first4=6F187B6F
2026-07-26T12:15:57.995352+00:00 TIME_SYNCED utc=1785068156 offset=1785062474
SYNC_NOT_FOUND first4=F000B566
SYNC_NOT_FOUND first4=93481A47
2026-07-26T12:15:59.006432+00:00 SYNC_NOT_FOUND first4=23A46840
PHASE_RESULT 19 HF-FLRC-1300-255 pktSize=255 rx=0 unique=0 lost=100 per=100.0 rssi_avg=0 rssi_min=0 crc_err=0 garbage=6 tx_lat=0.00000 tx_lon=0.00000 sats=0 fix=0 utc=0 tx_fw=none rx_fw=unknown
PHASE_GUARD 500
PHASE_START 20 HF-FLRC-650-32 pktSize=32
SYNC_NOT_FOUND first4=8207CB78
SYNC_NOT_FOUND first4=869A82F9
SYNC_NOT_FOUND first4=58C57988
SYNC_NOT_FOUND first4=47C05800
TIME_SYNCED utc=1785068158 offset=1785062474
SYNC_NOT_FOUND first4=26EE557F
SYNC_NOT_FOUND first4=70AB3D57
SYNC_NOT_FOUND first4=2EFF3077
SYNC_NOT_FOUND first4=616E2437
SYNC_NOT_FOUND first4=84D7961C
2026-07-26T12:16:00.024588+00:00 SYNC_NOT_FOUND first4=765FC125
SYNC_NOT_FOUND first4=C4025A95
SYNC_NOT_FOUND first4=0577BD51
SYNC_NOT_FOUND first4=425C9E74
SYNC_NOT_FOUND first4=882BADC1
SYNC_NOT_FOUND first4=64838DE0
SYNC_NOT_FOUND first4=9BE76A37
SYNC_NOT_FOUND first4=7965E03B
SYNC_NOT_FOUND first4=1C2C3BB0
SYNC_NOT_FOUND first4=79341730
SYNC_NOT_FOUND first4=C3CCC132
SYNC_NOT_FOUND first4=A8143205
SYNC_NOT_FOUND first4=9E44C438
SYNC_NOT_FOUND first4=8EF5E87F
SYNC_NOT_FOUND first4=3F5814EC
SYNC_NOT_FOUND first4=C7672380
2026-07-26T12:16:01.035711+00:00 SYNC_NOT_FOUND first4=64613199
SYNC_NOT_FOUND first4=789E9C40
SYNC_NOT_FOUND first4=BBB965C1
SYNC_NOT_FOUND first4=DF0591A2
PHASE_RESULT 20 HF-FLRC-650-32 pktSize=32 rx=0 unique=0 lost=100 per=100.0 rssi_avg=0 rssi_min=0 crc_err=0 garbage=29 tx_lat=0.00000 tx_lon=0.00000 sats=0 fix=0 utc=0 tx_fw=none rx_fw=unknown
PHASE_GUARD 500
PHASE_START 21 HF-FLRC-650-64 pktSize=64
SYNC_NOT_FOUND first4=9C7353BE
SYNC_NOT_FOUND first4=D6AC34CD
SYNC_NOT_FOUND first4=E9DF249F
SYNC_NOT_FOUND first4=AB91ECB9
SYNC_NOT_FOUND first4=B0604E10
SYNC_NOT_FOUND first4=D1C3AE24
SYNC_NOT_FOUND first4=37A5538A
SYNC_NOT_FOUND first4=4938DB80
SYNC_NOT_FOUND first4=B9AC3B50
SYNC_NOT_FOUND first4=313EFCF3
SYNC_NOT_FOUND first4=60035E93
SYNC_NOT_FOUND first4=C37FF1DF
SYNC_NOT_FOUND first4=EDF24B93
SYNC_NOT_FOUND first4=0C620BA6
2026-07-26T12:16:02.046392+00:00 SYNC_NOT_FOUND first4=F579D090
SYNC_NOT_FOUND first4=FB1FC7D0
SYNC_NOT_FOUND first4=7E2E225D
SYNC_NOT_FOUND first4=CDCEC072
SYNC_NOT_FOUND first4=1FC4F251
SYNC_NOT_FOUND first4=72B8560E
SYNC_NOT_FOUND first4=D44B18C8
SYNC_NOT_FOUND first4=44285923
SYNC_NOT_FOUND first4=76686FBB
SYNC_NOT_FOUND first4=CA2F8589
SYNC_NOT_FOUND first4=3DC1A97C
SYNC_NOT_FOUND first4=85481178
SYNC_NOT_FOUND first4=01EE4E10
SYNC_NOT_FOUND first4=C8B14349
SYNC_NOT_FOUND first4=278AB7F4
2026-07-26T12:16:03.064177+00:00 SYNC_NOT_FOUND first4=6FA118A2
SYNC_NOT_FOUND first4=49481E90
SYNC_NOT_FOUND first4=874F600F
SYNC_NOT_FOUND first4=2E70D8FB
SYNC_NOT_FOUND first4=50D3C531
SYNC_NOT_FOUND first4=F2645433
PHASE_RESULT 21 HF-FLRC-650-64 pktSize=64 rx=0 unique=0 lost=100 per=100.0 rssi_avg=0 rssi_min=0 crc_err=0 garbage=35 tx_lat=0.00000 tx_lon=0.00000 sats=0 fix=0 utc=0 tx_fw=none rx_fw=unknown
PHASE_GUARD 500
PHASE_START 22 HF-FLRC-650-128 pktSize=128
SYNC_NOT_FOUND first4=5E9F7D35
SYNC_NOT_FOUND first4=4D52E62A
SYNC_NOT_FOUND first4=AE9E7205
SYNC_NOT_FOUND first4=30D0F317
SYNC_NOT_FOUND first4=E9A51D6A
SYNC_NOT_FOUND first4=4E73531B
SYNC_NOT_FOUND first4=4D6FDFCA
SYNC_NOT_FOUND first4=384CE4F7
SYNC_NOT_FOUND first4=C6937DE0
SYNC_NOT_FOUND first4=1CCE6B6A
SYNC_NOT_FOUND first4=DBD6F09C
2026-07-26T12:16:04.075197+00:00 SYNC_NOT_FOUND first4=42E77206
SYNC_NOT_FOUND first4=791AEE28
SYNC_NOT_FOUND first4=775BF7A0
SYNC_NOT_FOUND first4=67C408E4
SYNC_NOT_FOUND first4=862E8C51
SYNC_NOT_FOUND first4=18034A93
SYNC_NOT_FOUND first4=D6356625
SYNC_NOT_FOUND first4=C3C15D4D
SYNC_NOT_FOUND first4=9F603C53
SYNC_NOT_FOUND first4=66873A07
SYNC_NOT_FOUND first4=29ED5F8F
SYNC_NOT_FOUND first4=9BA2CA81
SYNC_NOT_FOUND first4=407E4850
SYNC_NOT_FOUND first4=AD7C128B
SYNC_NOT_FOUND first4=50FCD9CB
SYNC_NOT_FOUND first4=3CDAD0A6
SYNC_NOT_FOUND first4=DC288FE4
SYNC_NOT_FOUND first4=2F7A8C9C
SYNC_NOT_FOUND first4=6AD60843
SYNC_NOT_FOUND first4=3570BF7E
2026-07-26T12:16:05.090873+00:00 SYNC_NOT_FOUND first4=B2D148C7
SYNC_NOT_FOUND first4=73F983A7
PHASE_RESULT 22 HF-FLRC-650-128 pktSize=128 rx=0 unique=0 lost=100 per=100.0 rssi_avg=0 rssi_min=0 crc_err=0 garbage=33 tx_lat=0.00000 tx_lon=0.00000 sats=0 fix=0 utc=0 tx_fw=none rx_fw=unknown
PHASE_GUARD 500
PHASE_START 23 HF-FLRC-650-255 pktSize=255
SYNC_NOT_FOUND first4=D240C4F0
SYNC_NOT_FOUND first4=116EF4C8
SYNC_NOT_FOUND first4=0850B9DD
SYNC_NOT_FOUND first4=43349950
SYNC_NOT_FOUND first4=A76FA213
SYNC_NOT_FOUND first4=48B56E9D
SYNC_NOT_FOUND first4=2E3A388D
SYNC_NOT_FOUND first4=A5899BFF
SYNC_NOT_FOUND first4=816B189B
SYNC_NOT_FOUND first4=D8B92654
SYNC_NOT_FOUND first4=27D88796
SYNC_NOT_FOUND first4=B57155F8
2026-07-26T12:16:06.101888+00:00 SYNC_NOT_FOUND first4=B6CE56F2
SYNC_NOT_FOUND first4=F1DED99A
SYNC_NOT_FOUND first4=66E264FE
SYNC_NOT_FOUND first4=A582F2FC
SYNC_NOT_FOUND first4=24BA95C0
SYNC_NOT_FOUND first4=49A18386
SYNC_NOT_FOUND first4=32C57C47
SYNC_NOT_FOUND first4=F22A0195
SYNC_NOT_FOUND first4=C003357C
SYNC_NOT_FOUND first4=9380233C
SYNC_NOT_FOUND first4=85111157
SYNC_NOT_FOUND first4=670158CB
SYNC_NOT_FOUND first4=380137A8
SYNC_NOT_FOUND first4=21379216
SYNC_NOT_FOUND first4=9DF50FAE
SYNC_NOT_FOUND first4=6EB240C1
2026-07-26T12:16:07.113204+00:00 SYNC_NOT_FOUND first4=61D6101E
SYNC_NOT_FOUND first4=26E8744A
SYNC_NOT_FOUND first4=F7898E40
SYNC_NOT_FOUND first4=DEA0B20F
SYNC_NOT_FOUND first4=76BCBA82
SYNC_NOT_FOUND first4=5181A21E
SYNC_NOT_FOUND first4=1554B561
SYNC_NOT_FOUND first4=825A846A
SYNC_NOT_FOUND first4=A62FD18F
PHASE_RESULT 23 HF-FLRC-650-255 pktSize=255 rx=0 unique=0 lost=100 per=100.0 rssi_avg=0 rssi_min=0 crc_err=0 garbage=37 tx_lat=0.00000 tx_lon=0.00000 sats=0 fix=0 utc=0 tx_fw=none rx_fw=unknown
PHASE_GUARD 500
PHASE_START 24 HF-FLRC-325-32 pktSize=32
2026-07-26T12:16:08.131385+00:00 TIME_SYNCED utc=1785068167 offset=1785062475
SYNC_NOT_FOUND first4=267916AC
PHASE_RESULT 24 HF-FLRC-325-32 pktSize=32 rx=0 unique=0 lost=100 per=100.0 rssi_avg=0 rssi_min=0 crc_err=0 garbage=1 tx_lat=0.00000 tx_lon=0.00000 sats=0 fix=0 utc=0 tx_fw=none rx_fw=unknown
PHASE_GUARD 500
PHASE_START 25 HF-FLRC-325-64 pktSize=64
2026-07-26T12:16:09.149108+00:00 SYNC_NOT_FOUND first4=3169810A
SYNC_NOT_FOUND first4=C47B06B1
SYNC_NOT_FOUND first4=6D3278FD
TIME_SYNCED utc=1785068168 offset=1785062474
SYNC_NOT_FOUND first4=F1EC38EE
SYNC_NOT_FOUND first4=15EB8144
2026-07-26T12:16:11.211868+00:00 PHASE_RESULT 25 HF-FLRC-325-64 pktSize=64 rx=0 unique=0 lost=100 per=100.0 rssi_avg=0 rssi_min=0 crc_err=0 garbage=5 tx_lat=0.00000 tx_lon=0.00000 sats=0 fix=0 utc=0 tx_fw=none rx_fw=unknown
PHASE_GUARD 500
PHASE_START 26 HF-FLRC-325-128 pktSize=128
SYNC_NOT_FOUND first4=DAEB5557
SYNC_NOT_FOUND first4=314D23F8
SYNC_NOT_FOUND first4=5D588D65
SYNC_NOT_FOUND first4=52695515
2026-07-26T12:16:12.223523+00:00 SYNC_NOT_FOUND first4=4D8D4A20
SYNC_NOT_FOUND first4=EF8EE67A
SYNC_NOT_FOUND first4=8164A991
SYNC_NOT_FOUND first4=34292DE9
SYNC_NOT_FOUND first4=283DFF62
SYNC_NOT_FOUND first4=C1AFB0D7
2026-07-26T12:16:13.241462+00:00 SYNC_NOT_FOUND first4=24AA62DC
PHASE_RESULT 26 HF-FLRC-325-128 pktSize=128 rx=0 unique=0 lost=100 per=100.0 rssi_avg=0 rssi_min=0 crc_err=0 garbage=11 tx_lat=0.00000 tx_lon=0.00000 sats=0 fix=0 utc=0 tx_fw=none rx_fw=unknown
PHASE_GUARD 500
PHASE_START 27 HF-FLRC-325-255 pktSize=255
SYNC_NOT_FOUND first4=A579822C
SYNC_NOT_FOUND first4=19428BAA
SYNC_NOT_FOUND first4=1229EA9F
SYNC_NOT_FOUND first4=63C74487
2026-07-26T12:16:14.252362+00:00 SYNC_NOT_FOUND first4=A3429A71
SYNC_NOT_FOUND first4=EF07D2D5
SYNC_NOT_FOUND first4=45DED9A0
2026-07-26T12:16:15.264119+00:00 SYNC_NOT_FOUND first4=38D2BC6C
PHASE_RESULT 27 HF-FLRC-325-255 pktSize=255 rx=0 unique=0 lost=100 per=100.0 rssi_avg=0 rssi_min=0 crc_err=0 garbage=8 tx_lat=0.00000 tx_lon=0.00000 sats=0 fix=0 utc=0 tx_fw=none rx_fw=unknown
PHASE_GUARD 500
LORA_CFG path=0 bw=0x05 sf=7
PHASE_START 28 LF-LoRa-SF7-32 pktSize=32
2026-07-26T12:16:17.331930+00:00 PHASE_RESULT 28 LF-LoRa-SF7-32 pktSize=32 rx=0 unique=0 lost=20 per=100.0 rssi_avg=0 rssi_min=0 crc_err=0 garbage=0 tx_lat=0.00000 tx_lon=0.00000 sats=0 fix=0 utc=0 tx_fw=none rx_fw=unknown
PHASE_GUARD 500
LORA_CFG path=0 bw=0x05 sf=7
PHASE_START 29 LF-LoRa-SF7-64 pktSize=64
2026-07-26T12:16:18.351307+00:00 TIME_SYNCED utc=1785068177 offset=1785062475
2026-07-26T12:16:19.362229+00:00 PHASE_RESULT 29 LF-LoRa-SF7-64 pktSize=64 rx=0 unique=0 lost=20 per=100.0 rssi_avg=0 rssi_min=0 crc_err=0 garbage=0 tx_lat=0.00000 tx_lon=0.00000 sats=0 fix=0 utc=0 tx_fw=none rx_fw=unknown
PHASE_GUARD 500
LORA_CFG path=0 bw=0x05 sf=7
PHASE_START 30 LF-LoRa-SF7-128 pktSize=128
TIME_SYNCED utc=1785068178 offset=1785062474
PHASE_RESULT 30 LF-LoRa-SF7-128 pktSize=128 rx=0 unique=0 lost=13 per=100.0 rssi_avg=0 rssi_min=0 crc_err=0 garbage=0 tx_lat=0.00000 tx_lon=0.00000 sats=0 fix=0 utc=0 tx_fw=none rx_fw=unknown
PHASE_GUARD 500
LORA_CFG path=0 bw=0x05 sf=7
PHASE_START 29 LF-LoRa-SF7-64 pktSize=64
2026-07-26T12:16:20.377298+00:00 PHASE_RESULT 29 LF-LoRa-SF7-64 pktSize=64 rx=0 unique=0 lost=20 per=100.0 rssi_avg=0 rssi_min=0 crc_err=0 garbage=0 tx_lat=0.00000 tx_lon=0.00000 sats=0 fix=0 utc=0 tx_fw=none rx_fw=unknown
PHASE_GUARD 500
LORA_CFG path=0 bw=0x05 sf=7
PHASE_START 30 LF-LoRa-SF7-128 pktSize=128
2026-07-26T12:16:23.494432+00:00 PHASE_RESULT 30 LF-LoRa-SF7-128 pktSize=128 rx=0 unique=0 lost=13 per=100.0 rssi_avg=0 rssi_min=0 crc_err=0 garbage=0 tx_lat=0.00000 tx_lon=0.00000 sats=0 fix=0 utc=0 tx_fw=none rx_fw=unknown
PHASE_GUARD 500
LORA_CFG path=0 bw=0x05 sf=7
2026-07-26T12:16:24.512209+00:00 PHASE_START 31 LF-LoRa-SF7-255 pktSize=255
2026-07-26T12:16:27.624804+00:00 PHASE_RESULT 31 LF-LoRa-SF7-255 pktSize=255 rx=0 unique=0 lost=7 per=100.0 rssi_avg=0 rssi_min=0 crc_err=0 garbage=0 tx_lat=0.00000 tx_lon=0.00000 sats=0 fix=0 utc=0 tx_fw=none rx_fw=unknown
PHASE_GUARD 500
LORA_CFG path=0 bw=0x05 sf=9
PHASE_START 32 LF-LoRa-SF9-32 pktSize=32
2026-07-26T12:16:28.639430+00:00 TIME_SYNCED utc=1785068187 offset=1785062474
2026-07-26T12:16:29.651127+00:00 TIME_SYNCED utc=1785068188 offset=1785062474
2026-07-26T12:16:31.716743+00:00 PHASE_RESULT 32 LF-LoRa-SF9-32 pktSize=32 rx=0 unique=0 lost=7 per=100.0 rssi_avg=0 rssi_min=0 crc_err=0 garbage=0 tx_lat=0.00000 tx_lon=0.00000 sats=0 fix=0 utc=0 tx_fw=none rx_fw=unknown
PHASE_GUARD 500
LORA_CFG path=0 bw=0x05 sf=9
PHASE_START 33 LF-LoRa-SF9-64 pktSize=64
2026-07-26T12:16:34.829768+00:00 PHASE_RESULT 33 LF-LoRa-SF9-64 pktSize=64 rx=0 unique=0 lost=3 per=100.0 rssi_avg=0 rssi_min=0 crc_err=0 garbage=0 tx_lat=0.00000 tx_lon=0.00000 sats=0 fix=0 utc=0 tx_fw=none rx_fw=unknown
PHASE_GUARD 500
LORA_CFG path=0 bw=0x05 sf=9
PHASE_START 34 LF-LoRa-SF9-128 pktSize=128
2026-07-26T12:16:36.891867+00:00 PHASE_RESULT 34 LF-LoRa-SF9-128 pktSize=128 rx=0 unique=0 lost=1 per=100.0 rssi_avg=0 rssi_min=0 crc_err=0 garbage=0 tx_lat=0.00000 tx_lon=0.00000 sats=0 fix=0 utc=0 tx_fw=none rx_fw=unknown
PHASE_GUARD 500
LORA_CFG path=0 bw=0x05 sf=9
PHASE_START 35 LF-LoRa-SF9-255 pktSize=255
2026-07-26T12:16:38.954849+00:00 TIME_SYNCED utc=1785068197 offset=1785062474
TIME_SYNCED utc=1785068198 offset=1785062474
2026-07-26T12:16:41.017822+00:00 PHASE_RESULT 35 LF-LoRa-SF9-255 pktSize=255 rx=0 unique=0 lost=1 per=100.0 rssi_avg=0 rssi_min=0 crc_err=0 garbage=0 tx_lat=0.00000 tx_lon=0.00000 sats=0 fix=0 utc=0 tx_fw=none rx_fw=unknown
PHASE_GUARD 500
LORA_CFG path=0 bw=0x05 sf=12
PHASE_START 36 LF-LoRa-SF12-32 pktSize=32
2026-07-26T12:16:49.388501+00:00 TIME_SYNCED utc=1785068208 offset=1785062475
TIME_SYNCED utc=1785068208 offset=1785062474
2026-07-26T12:16:55.657620+00:00 PHASE_RESULT 36 LF-LoRa-SF12-32 pktSize=32 rx=0 unique=0 lost=1 per=100.0 rssi_avg=0 rssi_min=0 crc_err=0 garbage=0 tx_lat=0.00000 tx_lon=0.00000 sats=0 fix=0 utc=0 tx_fw=none rx_fw=unknown
PHASE_GUARD 500
LORA_CFG path=0 bw=0x05 sf=12
PHASE_START 37 LF-LoRa-SF12-SKIP SKIP pktSize=64
2026-07-26T12:16:56.669138+00:00 PHASE_RESULT 37 LF-LoRa-SF12-SKIP pktSize=64 rx=0 unique=0 lost=0 per=0.0 rssi_avg=0 rssi_min=0 crc_err=0 garbage=0 tx_lat=0.00000 tx_lon=0.00000 sats=0 fix=0 utc=0 tx_fw=none rx_fw=unknown
PHASE_GUARD 500
LORA_CFG path=0 bw=0x05 sf=12
PHASE_START 38 LF-LoRa-SF12-SKIP SKIP pktSize=128
2026-07-26T12:16:57.680660+00:00 PHASE_RESULT 38 LF-LoRa-SF12-SKIP pktSize=128 rx=0 unique=0 lost=0 per=0.0 rssi_avg=0 rssi_min=0 crc_err=0 garbage=0 tx_lat=0.00000 tx_lon=0.00000 sats=0 fix=0 utc=0 tx_fw=none rx_fw=unknown
PHASE_GUARD 500
LORA_CFG path=0 bw=0x05 sf=12
PHASE_START 39 LF-LoRa-SF12-SKIP SKIP pktSize=255
2026-07-26T12:16:58.691687+00:00 PHASE_RESULT 39 LF-LoRa-SF12-SKIP pktSize=255 rx=0 unique=0 lost=0 per=0.0 rssi_avg=0 rssi_min=0 crc_err=0 garbage=0 tx_lat=0.00000 tx_lon=0.00000 sats=0 fix=0 utc=0 tx_fw=none rx_fw=unknown
PHASE_GUARD 500
PHASE_START 40 LF-FLRC-2600-32 pktSize=32
2026-07-26T12:16:59.704206+00:00 TIME_SYNCED utc=1785068218 offset=1785062474
TIME_SYNCED utc=1785068218 offset=1785062474
2026-07-26T12:17:00.718438+00:00 PHASE_RESULT 40 LF-FLRC-2600-32 pktSize=32 rx=0 unique=0 lost=100 per=100.0 rssi_avg=0 rssi_min=0 crc_err=0 garbage=0 tx_lat=0.00000 tx_lon=0.00000 sats=0 fix=0 utc=0 tx_fw=none rx_fw=unknown
PHASE_GUARD 500
PHASE_START 41 LF-FLRC-2600-64 pktSize=64
2026-07-26T12:17:01.729791+00:00 SYNC_NOT_FOUND first4=EB9A0F42
SYNC_NOT_FOUND first4=77E80D1C
SYNC_NOT_FOUND first4=C03360C4
SYNC_NOT_FOUND first4=89B090A7
2026-07-26T12:17:02.733167+00:00 SYNC_NOT_FOUND first4=A5917D77
PHASE_RESULT 41 LF-FLRC-2600-64 pktSize=64 rx=0 unique=0 lost=100 per=100.0 rssi_avg=0 rssi_min=0 crc_err=0 garbage=5 tx_lat=0.00000 tx_lon=0.00000 sats=0 fix=0 utc=0 tx_fw=none rx_fw=unknown
PHASE_GUARD 500
PHASE_START 42 LF-FLRC-2600-128 pktSize=128
2026-07-26T12:17:04.795993+00:00 PHASE_RESULT 42 LF-FLRC-2600-128 pktSize=128 rx=0 unique=0 lost=100 per=100.0 rssi_avg=0 rssi_min=0 crc_err=0 garbage=0 tx_lat=0.00000 tx_lon=0.00000 sats=0 fix=0 utc=0 tx_fw=none rx_fw=unknown
PHASE_GUARD 500
PHASE_START 43 LF-FLRC-2600-255 pktSize=255
2026-07-26T12:17:05.808288+00:00 SYNC_NOT_FOUND first4=27518CE7
2026-07-26T12:17:06.820309+00:00 SYNC_NOT_FOUND first4=381B3FFC
SYNC_NOT_FOUND first4=A432EC14
PHASE_RESULT 43 LF-FLRC-2600-255 pktSize=255 rx=0 unique=0 lost=100 per=100.0 rssi_avg=0 rssi_min=0 crc_err=0 garbage=3 tx_lat=0.00000 tx_lon=0.00000 sats=0 fix=0 utc=0 tx_fw=none rx_fw=unknown
PHASE_GUARD 500
PHASE_START 44 LF-FLRC-1300-32 pktSize=32
2026-07-26T12:17:08.882910+00:00 PHASE_RESULT 44 LF-FLRC-1300-32 pktSize=32 rx=0 unique=0 lost=100 per=100.0 rssi_avg=0 rssi_min=0 crc_err=0 garbage=0 tx_lat=0.00000 tx_lon=0.00000 sats=0 fix=0 utc=0 tx_fw=none rx_fw=unknown
PHASE_GUARD 500
PHASE_START 45 LF-FLRC-1300-64 pktSize=64
2026-07-26T12:17:09.898863+00:00 TIME_SYNCED utc=1785068228 offset=1785062474
TIME_SYNCED utc=1785068228 offset=1785062474
2026-07-26T12:17:10.913136+00:00 PHASE_RESULT 45 LF-FLRC-1300-64 pktSize=64 rx=0 unique=0 lost=100 per=100.0 rssi_avg=0 rssi_min=0 crc_err=0 garbage=0 tx_lat=0.00000 tx_lon=0.00000 sats=0 fix=0 utc=0 tx_fw=none rx_fw=unknown
PHASE_GUARD 500
PHASE_START 46 LF-FLRC-1300-128 pktSize=128
2026-07-26T12:17:12.979305+00:00 PHASE_RESULT 46 LF-FLRC-1300-128 pktSize=128 rx=0 unique=0 lost=100 per=100.0 rssi_avg=0 rssi_min=0 crc_err=0 garbage=0 tx_lat=0.00000 tx_lon=0.00000 sats=0 fix=0 utc=0 tx_fw=none rx_fw=unknown
PHASE_GUARD 500
PHASE_START 47 LF-FLRC-1300-255 pktSize=255
2026-07-26T12:17:15.042275+00:00 SYNC_NOT_FOUND first4=54E705E0
PHASE_RESULT 47 LF-FLRC-1300-255 pktSize=255 rx=0 unique=0 lost=100 per=100.0 rssi_avg=0 rssi_min=0 crc_err=0 garbage=1 tx_lat=0.00000 tx_lon=0.00000 sats=0 fix=0 utc=0 tx_fw=none rx_fw=unknown
PHASE_GUARD 500
PHASE_START 48 LF-FLRC-650-32 pktSize=32
2026-07-26T12:17:17.105802+00:00 PHASE_RESULT 48 LF-FLRC-650-32 pktSize=32 rx=0 unique=0 lost=100 per=100.0 rssi_avg=0 rssi_min=0 crc_err=0 garbage=0 tx_lat=0.00000 tx_lon=0.00000 sats=0 fix=0 utc=0 tx_fw=none rx_fw=unknown
PHASE_GUARD 500
PHASE_START 49 LF-FLRC-650-64 pktSize=64
SYNC_NOT_FOUND first4=EF9AE271
SYNC_NOT_FOUND first4=DE58078D
2026-07-26T12:17:19.169047+00:00 SYNC_NOT_FOUND first4=05E64A46
PHASE_RESULT 49 LF-FLRC-650-64 pktSize=64 rx=0 unique=0 lost=100 per=100.0 rssi_avg=0 rssi_min=0 crc_err=0 garbage=3 tx_lat=0.00000 tx_lon=0.00000 sats=0 fix=0 utc=0 tx_fw=none rx_fw=unknown
PHASE_GUARD 500
PHASE_START 50 LF-FLRC-650-128 pktSize=128
TIME_SYNCED utc=1785068238 offset=1785062474
2026-07-26T12:17:20.181748+00:00 TIME_SYNCED utc=1785068239 offset=1785062475
PHASE_RESULT 50 LF-FLRC-650-128 pktSize=128 rx=0 unique=0 lost=100 per=100.0 rssi_avg=0 rssi_min=0 crc_err=0 garbage=0 tx_lat=0.00000 tx_lon=0.00000 sats=0 fix=0 utc=0 tx_fw=none rx_fw=unknown
PHASE_GUARD 500
PHASE_START 51 LF-FLRC-650-255 pktSize=255
2026-07-26T12:17:21.193040+00:00 SYNC_NOT_FOUND first4=C9B4C7B9
SYNC_NOT_FOUND first4=D130BEDA
SYNC_NOT_FOUND first4=01EB454D
2026-07-26T12:17:22.205302+00:00 PHASE_RESULT 51 LF-FLRC-650-255 pktSize=255 rx=0 unique=0 lost=100 per=100.0 rssi_avg=0 rssi_min=0 crc_err=0 garbage=3 tx_lat=0.00000 tx_lon=0.00000 sats=0 fix=0 utc=0 tx_fw=none rx_fw=unknown
PHASE_GUARD 500
PHASE_START 52 LF-FLRC-325-32 pktSize=32
SYNC_NOT_FOUND first4=5491ABA4
2026-07-26T12:17:24.268188+00:00 PHASE_RESULT 52 LF-FLRC-325-32 pktSize=32 rx=0 unique=0 lost=100 per=100.0 rssi_avg=0 rssi_min=0 crc_err=0 garbage=1 tx_lat=0.00000 tx_lon=0.00000 sats=0 fix=0 utc=0 tx_fw=none rx_fw=unknown
PHASE_GUARD 500
PHASE_START 53 LF-FLRC-325-64 pktSize=64
2026-07-26T12:17:26.331356+00:00 PHASE_RESULT 53 LF-FLRC-325-64 pktSize=64 rx=0 unique=0 lost=100 per=100.0 rssi_avg=0 rssi_min=0 crc_err=0 garbage=0 tx_lat=0.00000 tx_lon=0.00000 sats=0 fix=0 utc=0 tx_fw=none rx_fw=unknown
PHASE_GUARD 500
PHASE_START 54 LF-FLRC-325-128 pktSize=128
2026-07-26T12:17:28.395238+00:00 PHASE_RESULT 54 LF-FLRC-325-128 pktSize=128 rx=0 unique=0 lost=100 per=100.0 rssi_avg=0 rssi_min=0 crc_err=0 garbage=0 tx_lat=0.00000 tx_lon=0.00000 sats=0 fix=0 utc=0 tx_fw=none rx_fw=unknown
PHASE_GUARD 500
PHASE_START 55 LF-FLRC-325-255 pktSize=255
2026-07-26T12:17:29.407205+00:00 TIME_SYNCED utc=1785068248 offset=1785062474
2026-07-26T12:17:30.418725+00:00 TIME_SYNCED utc=1785068249 offset=1785062474
PHASE_RESULT 55 LF-FLRC-325-255 pktSize=255 rx=0 unique=0 lost=100 per=100.0 rssi_avg=0 rssi_min=0 crc_err=0 garbage=0 tx_lat=0.00000 tx_lon=0.00000 sats=0 fix=0 utc=0 tx_fw=none rx_fw=unknown
PHASE_GUARD 500
2026-07-26T12:17:31.430345+00:00 LORA_CFG path=1 bw=0x0F sf=7
PHASE_START 0 HF-LoRa-SF7-32 pktSize=32
2026-07-26T12:17:32.442348+00:00 PHASE_RESULT 0 HF-LoRa-SF7-32 pktSize=32 rx=0 unique=0 lost=20 per=100.0 rssi_avg=0 rssi_min=0 crc_err=0 garbage=0 tx_lat=0.00000 tx_lon=0.00000 sats=0 fix=0 utc=0 tx_fw=none rx_fw=unknown
PHASE_GUARD 500
2026-07-26T12:17:33.454468+00:00 LORA_CFG path=1 bw=0x0F sf=7
PHASE_START 1 HF-LoRa-SF7-64 pktSize=64
2026-07-26T12:17:34.465643+00:00 PHASE_RESULT 1 HF-LoRa-SF7-64 pktSize=64 rx=0 unique=0 lost=20 per=100.0 rssi_avg=0 rssi_min=0 crc_err=0 garbage=0 tx_lat=0.00000 tx_lon=0.00000 sats=0 fix=0 utc=0 tx_fw=none rx_fw=unknown
PHASE_GUARD 500
2026-07-26T12:17:35.478550+00:00 LORA_CFG path=1 bw=0x0F sf=7
PHASE_START 2 HF-LoRa-SF7-128 pktSize=128
2026-07-26T12:17:36.489764+00:00 PHASE_RESULT 2 HF-LoRa-SF7-128 pktSize=128 rx=0 unique=0 lost=20 per=100.0 rssi_avg=0 rssi_min=0 crc_err=0 garbage=0 tx_lat=0.00000 tx_lon=0.00000 sats=0 fix=0 utc=0 tx_fw=none rx_fw=unknown
PHASE_GUARD 500
LORA_CFG path=1 bw=0x0F sf=7
2026-07-26T12:17:37.502270+00:00 PHASE_START 3 HF-LoRa-SF7-255 pktSize=255
2026-07-26T12:17:39.564590+00:00 TIME_SYNCED utc=1785068258 offset=1785062474
PHASE_RESULT 3 HF-LoRa-SF7-255 pktSize=255 rx=0 unique=0 lost=20 per=100.0 rssi_avg=0 rssi_min=0 crc_err=0 garbage=0 tx_lat=0.00000 tx_lon=0.00000 sats=0 fix=0 utc=0 tx_fw=none rx_fw=unknown
PHASE_GUARD 500
LORA_CFG path=1 bw=0x0F sf=9
PHASE_START 4 HF-LoRa-SF9-32 pktSize=32
2026-07-26T12:17:40.579219+00:00 TIME_SYNCED utc=1785068259 offset=1785062474
2026-07-26T12:17:41.592631+00:00 PHASE_RESULT 4 HF-LoRa-SF9-32 pktSize=32 rx=0 unique=0 lost=20 per=100.0 rssi_avg=0 rssi_min=0 crc_err=0 garbage=0 tx_lat=0.00000 tx_lon=0.00000 sats=0 fix=0 utc=0 tx_fw=none rx_fw=unknown
PHASE_GUARD 500
LORA_CFG path=1 bw=0x0F sf=9
PHASE_START 5 HF-LoRa-SF9-64 pktSize=64
2026-07-26T12:17:44.705784+00:00 PHASE_RESULT 5 HF-LoRa-SF9-64 pktSize=64 rx=0 unique=0 lost=20 per=100.0 rssi_avg=0 rssi_min=0 crc_err=0 garbage=0 tx_lat=0.00000 tx_lon=0.00000 sats=0 fix=0 utc=0 tx_fw=none rx_fw=unknown
PHASE_GUARD 500
LORA_CFG path=1 bw=0x0F sf=9
PHASE_START 6 HF-LoRa-SF9-128 pktSize=128
2026-07-26T12:17:48.870600+00:00 PHASE_RESULT 6 HF-LoRa-SF9-128 pktSize=128 rx=0 unique=0 lost=13 per=100.0 rssi_avg=0 rssi_min=0 crc_err=0 garbage=0 tx_lat=0.00000 tx_lon=0.00000 sats=0 fix=0 utc=0 tx_fw=none rx_fw=unknown
PHASE_GUARD 500
LORA_CFG path=1 bw=0x0F sf=9
PHASE_START 7 HF-LoRa-SF9-255 pktSize=255
2026-07-26T12:17:49.883449+00:00 TIME_SYNCED utc=1785068268 offset=1785062474
2026-07-26T12:17:50.896514+00:00 TIME_SYNCED utc=1785068269 offset=1785062474
2026-07-26T12:17:51.900598+00:00 PHASE_RESULT 7 HF-LoRa-SF9-255 pktSize=255 rx=0 unique=0 lost=6 per=100.0 rssi_avg=0 rssi_min=0 crc_err=0 garbage=0 tx_lat=0.00000 tx_lon=0.00000 sats=0 fix=0 utc=0 tx_fw=none rx_fw=unknown
PHASE_GUARD 500
LORA_CFG path=1 bw=0x0F sf=12
PHASE_START 8 HF-LoRa-SF12-32 pktSize=32
2026-07-26T12:17:55.015558+00:00 PHASE_RESULT 8 HF-LoRa-SF12-32 pktSize=32 rx=0 unique=0 lost=2 per=100.0 rssi_avg=0 rssi_min=0 crc_err=0 garbage=0 tx_lat=0.00000 tx_lon=0.00000 sats=0 fix=0 utc=0 tx_fw=none rx_fw=unknown
PHASE_GUARD 500
LORA_CFG path=1 bw=0x0F sf=12
PHASE_START 9 HF-LoRa-SF12-64 pktSize=64
2026-07-26T12:17:58.129968+00:00 PHASE_RESULT 9 HF-LoRa-SF12-64 pktSize=64 rx=0 unique=0 lost=1 per=100.0 rssi_avg=0 rssi_min=0 crc_err=0 garbage=0 tx_lat=0.00000 tx_lon=0.00000 sats=0 fix=0 utc=0 tx_fw=none rx_fw=unknown
PHASE_GUARD 500
LORA_CFG path=1 bw=0x0F sf=12
PHASE_START 10 HF-LoRa-SF12-128 pktSize=128
2026-07-26T12:17:59.144208+00:00 TIME_SYNCED utc=1785068278 offset=1785062474
2026-07-26T12:18:01.207811+00:00 TIME_SYNCED utc=1785068280 offset=1785062475
2026-07-26T12:18:02.220121+00:00 PHASE_RESULT 10 HF-LoRa-SF12-128 pktSize=128 rx=0 unique=0 lost=1 per=100.0 rssi_avg=0 rssi_min=0 crc_err=0 garbage=0 tx_lat=0.00000 tx_lon=0.00000 sats=0 fix=0 utc=0 tx_fw=none rx_fw=unknown
PHASE_GUARD 500
LORA_CFG path=1 bw=0x0F sf=12
PHASE_START 11 HF-LoRa-SF12-255 pktSize=255
2026-07-26T12:18:09.540597+00:00 TIME_SYNCED utc=1785068289 offset=1785062475
2026-07-26T12:18:11.603204+00:00 TIME_SYNCED utc=1785068290 offset=1785062474
2026-07-26T12:18:12.615211+00:00 PHASE_RESULT 11 HF-LoRa-SF12-255 pktSize=255 rx=0 unique=0 lost=1 per=100.0 rssi_avg=0 rssi_min=0 crc_err=0 garbage=0 tx_lat=0.00000 tx_lon=0.00000 sats=0 fix=0 utc=0 tx_fw=none rx_fw=unknown
PHASE_GUARD 500
PHASE_START 12 HF-FLRC-2600-32 pktSize=32
2026-07-26T12:18:13.627508+00:00 SYNC_NOT_FOUND first4=40CDDDB3
SYNC_NOT_FOUND first4=DC5752F1
SYNC_NOT_FOUND first4=24CABD84
SYNC_NOT_FOUND first4=6AF1BDD4
SYNC_NOT_FOUND first4=481F44B6
2026-07-26T12:18:14.638572+00:00 SYNC_NOT_FOUND first4=874C0753
SYNC_NOT_FOUND first4=1E068A49
SYNC_NOT_FOUND first4=E7CC0293
SYNC_NOT_FOUND first4=63DE8E79
SYNC_NOT_FOUND first4=B8D19DC8
PHASE_RESULT 12 HF-FLRC-2600-32 pktSize=32 rx=0 unique=0 lost=100 per=100.0 rssi_avg=0 rssi_min=0 crc_err=0 garbage=10 tx_lat=0.00000 tx_lon=0.00000 sats=0 fix=0 utc=0 tx_fw=none rx_fw=unknown
PHASE_GUARD 500
PHASE_START 13 HF-FLRC-2600-64 pktSize=64
SYNC_NOT_FOUND first4=15FA9BA1
SYNC_NOT_FOUND first4=A4049DB8
SYNC_NOT_FOUND first4=D6F088F2
SYNC_NOT_FOUND first4=CDE44A47
2026-07-26T12:18:15.648956+00:00 SYNC_NOT_FOUND first4=C9067B2B
SYNC_NOT_FOUND first4=9348C72B
SYNC_NOT_FOUND first4=20CC4427
SYNC_NOT_FOUND first4=8096DD17
SYNC_NOT_FOUND first4=2CC908CF
SYNC_NOT_FOUND first4=AAD4D2B7
SYNC_NOT_FOUND first4=6EDBBEDB
2026-07-26T12:18:16.660492+00:00 SYNC_NOT_FOUND first4=87EBCAC9
SYNC_NOT_FOUND first4=6D88C6B2
SYNC_NOT_FOUND first4=71236F69
PHASE_RESULT 13 HF-FLRC-2600-64 pktSize=64 rx=0 unique=0 lost=100 per=100.0 rssi_avg=0 rssi_min=0 crc_err=0 garbage=14 tx_lat=0.00000 tx_lon=0.00000 sats=0 fix=0 utc=0 tx_fw=none rx_fw=unknown
PHASE_GUARD 500
PHASE_START 14 HF-FLRC-2600-128 pktSize=128
2026-07-26T12:18:17.671600+00:00 SYNC_NOT_FOUND first4=19E196C7
SYNC_NOT_FOUND first4=66D11C78
SYNC_NOT_FOUND first4=B39C583D
SYNC_NOT_FOUND first4=9C73F638
2026-07-26T12:18:18.683208+00:00 SYNC_NOT_FOUND first4=13D0118E
SYNC_NOT_FOUND first4=D9A282C1
SYNC_NOT_FOUND first4=04137E4F
SYNC_NOT_FOUND first4=AECEF287
PHASE_RESULT 14 HF-FLRC-2600-128 pktSize=128 rx=0 unique=0 lost=100 per=100.0 rssi_avg=0 rssi_min=0 crc_err=0 garbage=8 tx_lat=0.00000 tx_lon=0.00000 sats=0 fix=0 utc=0 tx_fw=none rx_fw=unknown
PHASE_GUARD 500
PHASE_START 15 HF-FLRC-2600-255 pktSize=255
2026-07-26T12:18:19.694105+00:00 SYNC_NOT_FOUND first4=B4C3B07F
SYNC_NOT_FOUND first4=F5543B9C
SYNC_NOT_FOUND first4=D24DC135
SYNC_NOT_FOUND first4=129B6802
TIME_SYNCED utc=1785068299 offset=1785062475
SYNC_NOT_FOUND first4=3D9335B5
SYNC_NOT_FOUND first4=441D8FDA
SYNC_NOT_FOUND first4=460A41C6
PHASE_RESULT 15 HF-FLRC-2600-255 pktSize=255 rx=0 unique=0 lost=100 per=100.0 rssi_avg=0 rssi_min=0 crc_err=0 garbage=7 tx_lat=0.00000 tx_lon=0.00000 sats=0 fix=0 utc=0 tx_fw=none rx_fw=unknown
PHASE_GUARD 500
PHASE_START 16 HF-FLRC-1300-32 pktSize=32
SYNC_NOT_FOUND first4=9F3C01B5
2026-07-26T12:18:20.705221+00:00 SYNC_NOT_FOUND first4=EAEDE116
SYNC_NOT_FOUND first4=2A17FA69
SYNC_NOT_FOUND first4=891BBAFD
2026-07-26T12:18:21.709300+00:00 TIME_SYNCED utc=1785068300 offset=1785062474
2026-07-26T12:18:22.720595+00:00 SYNC_NOT_FOUND first4=41DCCB46
SYNC_NOT_FOUND first4=8445D24F
SYNC_NOT_FOUND first4=90DAB849
SYNC_NOT_FOUND first4=1F5D4ABD
PHASE_RESULT 16 HF-FLRC-1300-32 pktSize=32 rx=0 unique=0 lost=100 per=100.0 rssi_avg=0 rssi_min=0 crc_err=0 garbage=8 tx_lat=0.00000 tx_lon=0.00000 sats=0 fix=0 utc=0 tx_fw=none rx_fw=unknown
PHASE_GUARD 500
PHASE_START 17 HF-FLRC-1300-64 pktSize=64
2026-07-26T12:18:23.732022+00:00 SYNC_NOT_FOUND first4=5D166873
SYNC_NOT_FOUND first4=19807014
SYNC_NOT_FOUND first4=2325ED46
2026-07-26T12:18:24.743534+00:00 SYNC_NOT_FOUND first4=8E899FC8
SYNC_NOT_FOUND first4=90E081B8
SYNC_NOT_FOUND first4=AC2AA66A
SYNC_NOT_FOUND first4=58C5A6F8
SYNC_NOT_FOUND first4=E063D38C
SYNC_NOT_FOUND first4=0227B54F
PHASE_RESULT 17 HF-FLRC-1300-64 pktSize=64 rx=0 unique=0 lost=100 per=100.0 rssi_avg=0 rssi_min=0 crc_err=0 garbage=9 tx_lat=0.00000 tx_lon=0.00000 sats=0 fix=0 utc=0 tx_fw=none rx_fw=unknown
PHASE_GUARD 500
PHASE_START 18 HF-FLRC-1300-128 pktSize=128
SYNC_NOT_FOUND first4=5F19E9DD
2026-07-26T12:18:25.754726+00:00 SYNC_NOT_FOUND first4=1F88F074
SYNC_NOT_FOUND first4=7CD150C1
SYNC_NOT_FOUND first4=4F4142AE
SYNC_NOT_FOUND first4=D1210FE2
2026-07-26T12:18:26.766735+00:00 SYNC_NOT_FOUND first4=9F1A0BB3
SYNC_NOT_FOUND first4=5219A62C
PHASE_RESULT 18 HF-FLRC-1300-128 pktSize=128 rx=0 unique=0 lost=100 per=100.0 rssi_avg=0 rssi_min=0 crc_err=0 garbage=7 tx_lat=0.00000 tx_lon=0.00000 sats=0 fix=0 utc=0 tx_fw=none rx_fw=unknown
PHASE_GUARD 500
PHASE_START 19 HF-FLRC-1300-255 pktSize=255
2026-07-26T12:18:27.778003+00:00 SYNC_NOT_FOUND first4=E67341AD
SYNC_NOT_FOUND first4=6D6A989A
2026-07-26T12:18:28.781587+00:00 PHASE_RESULT 19 HF-FLRC-1300-255 pktSize=255 rx=0 unique=0 lost=100 per=100.0 rssi_avg=0 rssi_min=0 crc_err=0 garbage=2 tx_lat=0.00000 tx_lon=0.00000 sats=0 fix=0 utc=0 tx_fw=none rx_fw=unknown
PHASE_GUARD 500
PHASE_START 20 HF-FLRC-650-32 pktSize=32
SYNC_NOT_FOUND first4=3FF5783E
SYNC_NOT_FOUND first4=8BD6CA86
SYNC_NOT_FOUND first4=C372F597
SYNC_NOT_FOUND first4=CD66F1F4
SYNC_NOT_FOUND first4=12EA5D47
2026-07-26T12:18:29.793339+00:00 SYNC_NOT_FOUND first4=681915BB
SYNC_NOT_FOUND first4=C8B7E0E1
SYNC_NOT_FOUND first4=FBCD7DF0
SYNC_NOT_FOUND first4=CF0C6B76
SYNC_NOT_FOUND first4=C6C51892
SYNC_NOT_FOUND first4=F46B82CF
SYNC_NOT_FOUND first4=23EB817D
TIME_SYNCED utc=1785068309 offset=1785062475
SYNC_NOT_FOUND first4=95B1CC34
SYNC_NOT_FOUND first4=2E430A78
SYNC_NOT_FOUND first4=B87E0189
PHASE_RESULT 20 HF-FLRC-650-32 pktSize=32 rx=0 unique=0 lost=100 per=100.0 rssi_avg=0 rssi_min=0 crc_err=0 garbage=15 tx_lat=0.00000 tx_lon=0.00000 sats=0 fix=0 utc=0 tx_fw=none rx_fw=unknown
PHASE_GUARD 500
PHASE_START 21 HF-FLRC-650-64 pktSize=64
SYNC_NOT_FOUND first4=091C8AA3
SYNC_NOT_FOUND first4=DD27ACE6
SYNC_NOT_FOUND first4=B03448FB
SYNC_NOT_FOUND first4=8B862AFD
SYNC_NOT_FOUND first4=D907B54C
2026-07-26T12:18:30.804430+00:00 SYNC_NOT_FOUND first4=13C115B6
SYNC_NOT_FOUND first4=832B61C4
SYNC_NOT_FOUND first4=1A2CF1A5
SYNC_NOT_FOUND first4=2A3685C4
SYNC_NOT_FOUND first4=077F2D3A
SYNC_NOT_FOUND first4=D34565D9
SYNC_NOT_FOUND first4=D6E42D78
SYNC_NOT_FOUND first4=123B03B3
SYNC_NOT_FOUND first4=ABEADF9E
SYNC_NOT_FOUND first4=87C52644
SYNC_NOT_FOUND first4=0003580D
SYNC_NOT_FOUND first4=4701C1A9
2026-07-26T12:18:31.816423+00:00 TIME_SYNCED utc=1785068310 offset=1785062474
SYNC_NOT_FOUND first4=D4EC3427
SYNC_NOT_FOUND first4=520BE09F
SYNC_NOT_FOUND first4=F6503538
SYNC_NOT_FOUND first4=36D1F353
SYNC_NOT_FOUND first4=A9D241ED
SYNC_NOT_FOUND first4=781AB139
SYNC_NOT_FOUND first4=B16AB16B
SYNC_NOT_FOUND first4=D372AA21
SYNC_NOT_FOUND first4=3E940AAB
SYNC_NOT_FOUND first4=8F2E2538
SYNC_NOT_FOUND first4=04894956
SYNC_NOT_FOUND first4=24AE518F
SYNC_NOT_FOUND first4=C0377AB0
SYNC_NOT_FOUND first4=159F1224
SYNC_NOT_FOUND first4=AC020345
SYNC_NOT_FOUND first4=8860DA03
SYNC_NOT_FOUND first4=2B6DB180
SYNC_NOT_FOUND first4=2E34C134
SYNC_NOT_FOUND first4=87B8E4A9
SYNC_NOT_FOUND first4=B88BE813
SYNC_NOT_FOUND first4=F33501DA
SYNC_NOT_FOUND first4=C925D4DF
SYNC_NOT_FOUND first4=6A8DE0F1
SYNC_NOT_FOUND first4=79A60E23
SYNC_NOT_FOUND first4=39CA81DA
2026-07-26T12:18:32.827686+00:00 SYNC_NOT_FOUND first4=69801B30
SYNC_NOT_FOUND first4=CC3F1140
SYNC_NOT_FOUND first4=89EEB293
SYNC_NOT_FOUND first4=7DDE8348
SYNC_NOT_FOUND first4=0EA8A197
SYNC_NOT_FOUND first4=127BCCA6
SYNC_NOT_FOUND first4=235AC22D
SYNC_NOT_FOUND first4=BC17A47D
SYNC_NOT_FOUND first4=61D16487
SYNC_NOT_FOUND first4=9D114307
SYNC_NOT_FOUND first4=813F07E3
SYNC_NOT_FOUND first4=58D464D3
PHASE_RESULT 21 HF-FLRC-650-64 pktSize=64 rx=0 unique=0 lost=100 per=100.0 rssi_avg=0 rssi_min=0 crc_err=0 garbage=54 tx_lat=0.00000 tx_lon=0.00000 sats=0 fix=0 utc=0 tx_fw=none rx_fw=unknown
PHASE_GUARD 500
PHASE_START 22 HF-FLRC-650-128 pktSize=128
SYNC_NOT_FOUND first4=60F946A7
SYNC_NOT_FOUND first4=3A060B02
SYNC_NOT_FOUND first4=DD338185
SYNC_NOT_FOUND first4=60541666
SYNC_NOT_FOUND first4=6C37E3B7
SYNC_NOT_FOUND first4=327D7B2C
SYNC_NOT_FOUND first4=AD151423
2026-07-26T12:18:33.838612+00:00 SYNC_NOT_FOUND first4=4027D17F
SYNC_NOT_FOUND first4=762919B9
SYNC_NOT_FOUND first4=5850B24B
SYNC_NOT_FOUND first4=5C06E39E
SYNC_NOT_FOUND first4=25290CA7
SYNC_NOT_FOUND first4=4C80D5BD
SYNC_NOT_FOUND first4=4D5D131B
SYNC_NOT_FOUND first4=C64D4F54
SYNC_NOT_FOUND first4=6F84F2C3
SYNC_NOT_FOUND first4=C856FDF9
SYNC_NOT_FOUND first4=4D2BE37B
SYNC_NOT_FOUND first4=4BF3178C
SYNC_NOT_FOUND first4=E4E39589
SYNC_NOT_FOUND first4=48DC02F0
SYNC_NOT_FOUND first4=7AED79A4
SYNC_NOT_FOUND first4=7E603819
SYNC_NOT_FOUND first4=9069B905
SYNC_NOT_FOUND first4=7E763C83
SYNC_NOT_FOUND first4=E81E6055
2026-07-26T12:18:34.849953+00:00 SYNC_NOT_FOUND first4=94ABA371
SYNC_NOT_FOUND first4=957A7422
SYNC_NOT_FOUND first4=47F62216
SYNC_NOT_FOUND first4=E544D9A4
SYNC_NOT_FOUND first4=9A74FE7C
SYNC_NOT_FOUND first4=511114B4
SYNC_NOT_FOUND first4=DDE8D340
SYNC_NOT_FOUND first4=35EEB757
SYNC_NOT_FOUND first4=A7395A40
SYNC_NOT_FOUND first4=01FC0A55
SYNC_NOT_FOUND first4=FBB45FED
PHASE_RESULT 22 HF-FLRC-650-128 pktSize=128 rx=0 unique=0 lost=100 per=100.0 rssi_avg=0 rssi_min=0 crc_err=0 garbage=37 tx_lat=0.00000 tx_lon=0.00000 sats=0 fix=0 utc=0 tx_fw=none rx_fw=unknown
PHASE_GUARD 500
PHASE_START 23 HF-FLRC-650-255 pktSize=255
SYNC_NOT_FOUND first4=00DBE2A4
SYNC_NOT_FOUND first4=9DB23DE0
SYNC_NOT_FOUND first4=56DB91A5
SYNC_NOT_FOUND first4=9C37DDEB
SYNC_NOT_FOUND first4=8B30D45D
SYNC_NOT_FOUND first4=9F776C7A
2026-07-26T12:18:35.861015+00:00 SYNC_NOT_FOUND first4=043AE0CC
SYNC_NOT_FOUND first4=61B1AA8E
SYNC_NOT_FOUND first4=1399A87B
SYNC_NOT_FOUND first4=408E2C19
SYNC_NOT_FOUND first4=00BA439B
SYNC_NOT_FOUND first4=584505BC
SYNC_NOT_FOUND first4=9F1039DE
SYNC_NOT_FOUND first4=3F039050
SYNC_NOT_FOUND first4=64F81419
SYNC_NOT_FOUND first4=E4B66139
SYNC_NOT_FOUND first4=17ADC620
SYNC_NOT_FOUND first4=A715C488
SYNC_NOT_FOUND first4=563F2633
SYNC_NOT_FOUND first4=9694DD21
SYNC_NOT_FOUND first4=F1DBEFE5
SYNC_NOT_FOUND first4=CA67CF2D
SYNC_NOT_FOUND first4=490C5AAF
SYNC_NOT_FOUND first4=090EB3F7
SYNC_NOT_FOUND first4=3628620A
2026-07-26T12:18:36.872757+00:00 SYNC_NOT_FOUND first4=92AED5D0
SYNC_NOT_FOUND first4=1301285D
SYNC_NOT_FOUND first4=68B2F5C9
SYNC_NOT_FOUND first4=FC9F1A7E
SYNC_NOT_FOUND first4=2657A487
SYNC_NOT_FOUND first4=C8986F22
SYNC_NOT_FOUND first4=755A3FB2
SYNC_NOT_FOUND first4=ED7EEBDD
SYNC_NOT_FOUND first4=E9F040D5
SYNC_NOT_FOUND first4=E1CA26F4
SYNC_NOT_FOUND first4=850D7B71
SYNC_NOT_FOUND first4=F2188C8B
SYNC_NOT_FOUND first4=2479F06C
SYNC_NOT_FOUND first4=FC4332C9
SYNC_NOT_FOUND first4=2F891994
SYNC_NOT_FOUND first4=245D203E
SYNC_NOT_FOUND first4=E4998EB3
SYNC_NOT_FOUND first4=98511193
SYNC_NOT_FOUND first4=9C467D74
PHASE_RESULT 23 HF-FLRC-650-255 pktSize=255 rx=0 unique=0 lost=100 per=100.0 rssi_avg=0 rssi_min=0 crc_err=0 garbage=44 tx_lat=0.00000 tx_lon=0.00000 sats=0 fix=0 utc=0 tx_fw=none rx_fw=unknown
PHASE_GUARD 500
PHASE_START 24 HF-FLRC-325-32 pktSize=32
SYNC_NOT_FOUND first4=0E144065
SYNC_NOT_FOUND first4=A4F890D7
2026-07-26T12:18:37.876659+00:00 SYNC_NOT_FOUND first4=A5AABDF9
SYNC_NOT_FOUND first4=FD44D0AE
SYNC_NOT_FOUND first4=74693BAC
SYNC_NOT_FOUND first4=A400F5DB
SYNC_NOT_FOUND first4=45F7756C
2026-07-26T12:18:38.887825+00:00 SYNC_NOT_FOUND first4=CAF98AF4
SYNC_NOT_FOUND first4=B828BB37
SYNC_NOT_FOUND first4=1FC31642
PHASE_RESULT 24 HF-FLRC-325-32 pktSize=32 rx=0 unique=0 lost=100 per=100.0 rssi_avg=0 rssi_min=0 crc_err=0 garbage=10 tx_lat=0.00000 tx_lon=0.00000 sats=0 fix=0 utc=0 tx_fw=none rx_fw=unknown
PHASE_GUARD 500
PHASE_START 25 HF-FLRC-325-64 pktSize=64
SYNC_NOT_FOUND first4=6CA1D84E
2026-07-26T12:18:39.899731+00:00 TIME_SYNCED utc=1785068319 offset=1785062475
PHASE_RESULT 25 HF-FLRC-325-64 pktSize=64 rx=0 unique=0 lost=100 per=100.0 rssi_avg=0 rssi_min=0 crc_err=0 garbage=1 tx_lat=0.00000 tx_lon=0.00000 sats=0 fix=0 utc=0 tx_fw=none rx_fw=unknown
PHASE_GUARD 500
PHASE_START 26 HF-FLRC-325-128 pktSize=128
SYNC_NOT_FOUND first4=46AA0B62
SYNC_NOT_FOUND first4=8714BEC6
2026-07-26T12:18:40.910874+00:00 SYNC_NOT_FOUND first4=797705DD
SYNC_NOT_FOUND first4=1F69EBFD
SYNC_NOT_FOUND first4=C744D443
SYNC_NOT_FOUND first4=4DF4DBD5
SYNC_NOT_FOUND first4=90BF6869
SYNC_NOT_FOUND first4=7F17585E
2026-07-26T12:18:41.926621+00:00 TIME_SYNCED utc=1785068320 offset=1785062474
SYNC_NOT_FOUND first4=326833A7
2026-07-26T12:18:42.938031+00:00 SYNC_NOT_FOUND first4=75E3791F
SYNC_NOT_FOUND first4=1A5A5E5C
PHASE_RESULT 26 HF-FLRC-325-128 pktSize=128 rx=0 unique=0 lost=100 per=100.0 rssi_avg=0 rssi_min=0 crc_err=0 garbage=11 tx_lat=0.00000 tx_lon=0.00000 sats=0 fix=0 utc=0 tx_fw=none rx_fw=unknown
PHASE_GUARD 500
PHASE_START 27 HF-FLRC-325-255 pktSize=255
2026-07-26T12:18:43.949182+00:00 SYNC_NOT_FOUND first4=D9267006
SYNC_NOT_FOUND first4=B39E2A36
SYNC_NOT_FOUND first4=20DB5A7F
SYNC_NOT_FOUND first4=AFB7D157
SYNC_NOT_FOUND first4=D1D603DA
2026-07-26T12:18:44.961353+00:00 PHASE_RESULT 27 HF-FLRC-325-255 pktSize=255 rx=0 unique=0 lost=100 per=100.0 rssi_avg=0 rssi_min=0 crc_err=0 garbage=5 tx_lat=0.00000 tx_lon=0.00000 sats=0 fix=0 utc=0 tx_fw=none rx_fw=unknown
PHASE_GUARD 500
LORA_CFG path=0 bw=0x05 sf=7
PHASE_START 28 LF-LoRa-SF7-32 pktSize=32
2026-07-26T12:18:47.016290+00:00 PHASE_RESULT 28 LF-LoRa-SF7-32 pktSize=32 rx=0 unique=0 lost=20 per=100.0 rssi_avg=0 rssi_min=0 crc_err=0 garbage=0 tx_lat=0.00000 tx_lon=0.00000 sats=0 fix=0 utc=0 tx_fw=none rx_fw=unknown
PHASE_GUARD 500
LORA_CFG path=0 bw=0x05 sf=7
PHASE_START 29 LF-LoRa-SF7-64 pktSize=64
2026-07-26T12:18:50.131218+00:00 TIME_SYNCED utc=1785068329 offset=1785062475
PHASE_RESULT 29 LF-LoRa-SF7-64 pktSize=64 rx=0 unique=0 lost=20 per=100.0 rssi_avg=0 rssi_min=0 crc_err=0 garbage=0 tx_lat=0.00000 tx_lon=0.00000 sats=0 fix=0 utc=0 tx_fw=none rx_fw=unknown
PHASE_GUARD 500
LORA_CFG path=0 bw=0x05 sf=7
PHASE_START 30 LF-LoRa-SF7-128 pktSize=128
2026-07-26T12:18:52.194361+00:00 TIME_SYNCED utc=1785068331 offset=1785062475
2026-07-26T12:18:53.206348+00:00 PHASE_RESULT 30 LF-LoRa-SF7-128 pktSize=128 rx=0 unique=0 lost=13 per=100.0 rssi_avg=0 rssi_min=0 crc_err=0 garbage=0 tx_lat=0.00000 tx_lon=0.00000 sats=0 fix=0 utc=0 tx_fw=none rx_fw=unknown
PHASE_GUARD 500
LORA_CFG path=0 bw=0x05 sf=7
PHASE_START 31 LF-LoRa-SF7-255 pktSize=255
2026-07-26T12:18:57.371828+00:00 PHASE_RESULT 31 LF-LoRa-SF7-255 pktSize=255 rx=0 unique=0 lost=7 per=100.0 rssi_avg=0 rssi_min=0 crc_err=0 garbage=0 tx_lat=0.00000 tx_lon=0.00000 sats=0 fix=0 utc=0 tx_fw=none rx_fw=unknown
PHASE_GUARD 500
LORA_CFG path=0 bw=0x05 sf=9
PHASE_START 32 LF-LoRa-SF9-32 pktSize=32
2026-07-26T12:18:59.435158+00:00 TIME_SYNCED utc=1785068339 offset=1785062475
2026-07-26T12:19:00.446868+00:00 PHASE_RESULT 32 LF-LoRa-SF9-32 pktSize=32 rx=0 unique=0 lost=7 per=100.0 rssi_avg=0 rssi_min=0 crc_err=0 garbage=0 tx_lat=0.00000 tx_lon=0.00000 sats=0 fix=0 utc=0 tx_fw=none rx_fw=unknown
PHASE_GUARD 500
2026-07-26T12:19:01.451239+00:00 LORA_CFG path=0 bw=0x05 sf=9
PHASE_START 33 LF-LoRa-SF9-64 pktSize=64
2026-07-26T12:19:02.463602+00:00 TIME_SYNCED utc=1785068341 offset=1785062474
2026-07-26T12:19:04.525365+00:00 PHASE_RESULT 33 LF-LoRa-SF9-64 pktSize=64 rx=0 unique=0 lost=3 per=100.0 rssi_avg=0 rssi_min=0 crc_err=0 garbage=0 tx_lat=0.00000 tx_lon=0.00000 sats=0 fix=0 utc=0 tx_fw=none rx_fw=unknown
PHASE_GUARD 500
LORA_CFG path=0 bw=0x05 sf=9
PHASE_START 34 LF-LoRa-SF9-128 pktSize=128
2026-07-26T12:19:06.588139+00:00 PHASE_RESULT 34 LF-LoRa-SF9-128 pktSize=128 rx=0 unique=0 lost=1 per=100.0 rssi_avg=0 rssi_min=0 crc_err=0 garbage=0 tx_lat=0.00000 tx_lon=0.00000 sats=0 fix=0 utc=0 tx_fw=none rx_fw=unknown
PHASE_GUARD 500
LORA_CFG path=0 bw=0x05 sf=9
PHASE_START 35 LF-LoRa-SF9-255 pktSize=255
2026-07-26T12:19:09.695585+00:00 TIME_SYNCED utc=1785068349 offset=1785062475
PHASE_RESULT 35 LF-LoRa-SF9-255 pktSize=255 rx=0 unique=0 lost=1 per=100.0 rssi_avg=0 rssi_min=0 crc_err=0 garbage=0 tx_lat=0.00000 tx_lon=0.00000 sats=0 fix=0 utc=0 tx_fw=none rx_fw=unknown
PHASE_GUARD 500
LORA_CFG path=0 bw=0x05 sf=12
PHASE_START 36 LF-LoRa-SF12-32 pktSize=32
2026-07-26T12:19:12.812230+00:00 TIME_SYNCED utc=1785068351 offset=1785062474
2026-07-26T12:19:20.131520+00:00 TIME_SYNCED utc=1785068359 offset=1785062475
2026-07-26T12:19:23.249297+00:00 TIME_SYNCED utc=1785068362 offset=1785062475
2026-07-26T12:19:25.312294+00:00 PHASE_RESULT 36 LF-LoRa-SF12-32 pktSize=32 rx=0 unique=0 lost=1 per=100.0 rssi_avg=0 rssi_min=0 crc_err=0 garbage=0 tx_lat=0.00000 tx_lon=0.00000 sats=0 fix=0 utc=0 tx_fw=none rx_fw=unknown
PHASE_GUARD 500
LORA_CFG path=0 bw=0x05 sf=12
PHASE_START 37 LF-LoRa-SF12-SKIP SKIP pktSize=64
2026-07-26T12:19:26.324675+00:00 PHASE_RESULT 37 LF-LoRa-SF12-SKIP pktSize=64 rx=0 unique=0 lost=0 per=0.0 rssi_avg=0 rssi_min=0 crc_err=0 garbage=0 tx_lat=0.00000 tx_lon=0.00000 sats=0 fix=0 utc=0 tx_fw=none rx_fw=unknown
PHASE_GUARD 500
LORA_CFG path=0 bw=0x05 sf=12
PHASE_START 38 LF-LoRa-SF12-SKIP SKIP pktSize=128
2026-07-26T12:19:27.336286+00:00 PHASE_RESULT 38 LF-LoRa-SF12-SKIP pktSize=128 rx=0 unique=0 lost=0 per=0.0 rssi_avg=0 rssi_min=0 crc_err=0 garbage=0 tx_lat=0.00000 tx_lon=0.00000 sats=0 fix=0 utc=0 tx_fw=none rx_fw=unknown
PHASE_GUARD 500
LORA_CFG path=0 bw=0x05 sf=12
PHASE_START 39 LF-LoRa-SF12-SKIP SKIP pktSize=255
2026-07-26T12:19:28.349251+00:00 PHASE_RESULT 39 LF-LoRa-SF12-SKIP pktSize=255 rx=0 unique=0 lost=0 per=0.0 rssi_avg=0 rssi_min=0 crc_err=0 garbage=0 tx_lat=0.00000 tx_lon=0.00000 sats=0 fix=0 utc=0 tx_fw=none rx_fw=unknown
PHASE_GUARD 500
PHASE_START 40 LF-FLRC-2600-32 pktSize=32
2026-07-26T12:19:29.360515+00:00 TIME_SYNCED utc=1785068369 offset=1785062475
2026-07-26T12:19:30.371900+00:00 PHASE_RESULT 40 LF-FLRC-2600-32 pktSize=32 rx=0 unique=0 lost=100 per=100.0 rssi_avg=0 rssi_min=0 crc_err=0 garbage=0 tx_lat=0.00000 tx_lon=0.00000 sats=0 fix=0 utc=0 tx_fw=none rx_fw=unknown
PHASE_GUARD 500
PHASE_START 41 LF-FLRC-2600-64 pktSize=64
SYNC_NOT_FOUND first4=ED827134
2026-07-26T12:19:31.383527+00:00 SYNC_NOT_FOUND first4=9BB3C7E8
PHASE_RESULT 41 LF-FLRC-2600-64 pktSize=64 rx=0 unique=0 lost=100 per=100.0 rssi_avg=0 rssi_min=0 crc_err=0 garbage=2 tx_lat=0.00000 tx_lon=0.00000 sats=0 fix=0 utc=0 tx_fw=none rx_fw=unknown
2026-07-26T12:19:32.394998+00:00 PHASE_GUARD 500
PHASE_START 42 LF-FLRC-2600-128 pktSize=128
SYNC_NOT_FOUND first4=77380D3F
2026-07-26T12:19:33.407849+00:00 TIME_SYNCED utc=1785068372 offset=1785062474
2026-07-26T12:19:34.418991+00:00 PHASE_RESULT 42 LF-FLRC-2600-128 pktSize=128 rx=0 unique=0 lost=100 per=100.0 rssi_avg=0 rssi_min=0 crc_err=0 garbage=1 tx_lat=0.00000 tx_lon=0.00000 sats=0 fix=0 utc=0 tx_fw=none rx_fw=unknown
PHASE_GUARD 500
2026-07-26T12:19:35.430871+00:00 PHASE_START 43 LF-FLRC-2600-255 pktSize=255
2026-07-26T12:19:36.442782+00:00 PHASE_RESULT 43 LF-FLRC-2600-255 pktSize=255 rx=0 unique=0 lost=100 per=100.0 rssi_avg=0 rssi_min=0 crc_err=0 garbage=0 tx_lat=0.00000 tx_lon=0.00000 sats=0 fix=0 utc=0 tx_fw=none rx_fw=unknown
PHASE_GUARD 500
2026-07-26T12:19:37.454929+00:00 PHASE_START 44 LF-FLRC-1300-32 pktSize=32
2026-07-26T12:19:38.466594+00:00 PHASE_RESULT 44 LF-FLRC-1300-32 pktSize=32 rx=0 unique=0 lost=100 per=100.0 rssi_avg=0 rssi_min=0 crc_err=0 garbage=0 tx_lat=0.00000 tx_lon=0.00000 sats=0 fix=0 utc=0 tx_fw=none rx_fw=unknown
PHASE_GUARD 500
2026-07-26T12:19:39.477394+00:00 PHASE_START 45 LF-FLRC-1300-64 pktSize=64
TIME_SYNCED utc=1785068379 offset=1785062475
PHASE_RESULT 45 LF-FLRC-1300-64 pktSize=64 rx=0 unique=0 lost=100 per=100.0 rssi_avg=0 rssi_min=0 crc_err=0 garbage=0 tx_lat=0.00000 tx_lon=0.00000 sats=0 fix=0 utc=0 tx_fw=none rx_fw=unknown
PHASE_GUARD 500
2026-07-26T12:19:40.489343+00:00 PHASE_START 46 LF-FLRC-1300-128 pktSize=128
2026-07-26T12:19:41.501301+00:00 PHASE_RESULT 46 LF-FLRC-1300-128 pktSize=128 rx=0 unique=0 lost=100 per=100.0 rssi_avg=0 rssi_min=0 crc_err=0 garbage=0 tx_lat=0.00000 tx_lon=0.00000 sats=0 fix=0 utc=0 tx_fw=none rx_fw=unknown
PHASE_GUARD 500
2026-07-26T12:19:42.513504+00:00 PHASE_START 47 LF-FLRC-1300-255 pktSize=255
2026-07-26T12:19:43.526656+00:00 TIME_SYNCED utc=1785068382 offset=1785062474
2026-07-26T12:19:44.537804+00:00 PHASE_RESULT 47 LF-FLRC-1300-255 pktSize=255 rx=0 unique=0 lost=100 per=100.0 rssi_avg=0 rssi_min=0 crc_err=0 garbage=0 tx_lat=0.00000 tx_lon=0.00000 sats=0 fix=0 utc=0 tx_fw=none rx_fw=unknown
PHASE_GUARD 500
PHASE_START 48 LF-FLRC-650-32 pktSize=32
2026-07-26T12:19:46.600052+00:00 SYNC_NOT_FOUND first4=55FF405F
SYNC_NOT_FOUND first4=ADFF7474
PHASE_RESULT 48 LF-FLRC-650-32 pktSize=32 rx=0 unique=0 lost=100 per=100.0 rssi_avg=0 rssi_min=0 crc_err=0 garbage=2 tx_lat=0.00000 tx_lon=0.00000 sats=0 fix=0 utc=0 tx_fw=none rx_fw=unknown
PHASE_GUARD 500
PHASE_START 49 LF-FLRC-650-64 pktSize=64
2026-07-26T12:19:47.612155+00:00 SYNC_NOT_FOUND first4=BC229722
2026-07-26T12:19:48.626716+00:00 SYNC_NOT_FOUND first4=19D07D05
PHASE_RESULT 49 LF-FLRC-650-64 pktSize=64 rx=0 unique=0 lost=100 per=100.0 rssi_avg=0 rssi_min=0 crc_err=0 garbage=2 tx_lat=0.00000 tx_lon=0.00000 sats=0 fix=0 utc=0 tx_fw=none rx_fw=unknown
PHASE_GUARD 500
PHASE_START 50 LF-FLRC-650-128 pktSize=128
SYNC_NOT_FOUND first4=7D983293
2026-07-26T12:19:49.637802+00:00 SYNC_NOT_FOUND first4=FCD57476
TIME_SYNCED utc=1785068389 offset=1785062475
PHASE_RESULT 50 LF-FLRC-650-128 pktSize=128 rx=0 unique=0 lost=100 per=100.0 rssi_avg=0 rssi_min=0 crc_err=0 garbage=2 tx_lat=0.00000 tx_lon=0.00000 sats=0 fix=0 utc=0 tx_fw=none rx_fw=unknown
PHASE_GUARD 500
PHASE_START 51 LF-FLRC-650-255 pktSize=255
SYNC_NOT_FOUND first4=32BE1762
SYNC_NOT_FOUND first4=7D933FAA
2026-07-26T12:19:50.649085+00:00 SYNC_NOT_FOUND first4=2725E25C
SYNC_NOT_FOUND first4=2A68FEDC
2026-07-26T12:19:51.661061+00:00 SYNC_NOT_FOUND first4=FF78A4FD
PHASE_RESULT 51 LF-FLRC-650-255 pktSize=255 rx=0 unique=0 lost=100 per=100.0 rssi_avg=0 rssi_min=0 crc_err=0 garbage=5 tx_lat=0.00000 tx_lon=0.00000 sats=0 fix=0 utc=0 tx_fw=none rx_fw=unknown
PHASE_GUARD 500
PHASE_START 52 LF-FLRC-325-32 pktSize=32
2026-07-26T12:19:53.724198+00:00 TIME_SYNCED utc=1785068392 offset=1785062474
2026-07-26T12:19:54.736241+00:00 PHASE_RESULT 52 LF-FLRC-325-32 pktSize=32 rx=0 unique=0 lost=100 per=100.0 rssi_avg=0 rssi_min=0 crc_err=0 garbage=0 tx_lat=0.00000 tx_lon=0.00000 sats=0 fix=0 utc=0 tx_fw=none rx_fw=unknown
PHASE_GUARD 500
PHASE_START 53 LF-FLRC-325-64 pktSize=64
2026-07-26T12:19:56.797802+00:00 PHASE_RESULT 53 LF-FLRC-325-64 pktSize=64 rx=0 unique=0 lost=100 per=100.0 rssi_avg=0 rssi_min=0 crc_err=0 garbage=0 tx_lat=0.00000 tx_lon=0.00000 sats=0 fix=0 utc=0 tx_fw=none rx_fw=unknown
PHASE_GUARD 500
PHASE_START 54 LF-FLRC-325-128 pktSize=128
2026-07-26T12:19:58.860923+00:00 PHASE_RESULT 54 LF-FLRC-325-128 pktSize=128 rx=0 unique=0 lost=100 per=100.0 rssi_avg=0 rssi_min=0 crc_err=0 garbage=0 tx_lat=0.00000 tx_lon=0.00000 sats=0 fix=0 utc=0 tx_fw=none rx_fw=unknown
PHASE_GUARD 500
PHASE_START 55 LF-FLRC-325-255 pktSize=255
2026-07-26T12:19:59.872848+00:00 TIME_SYNCED utc=1785068399 offset=1785062475
PHASE_RESULT 55 LF-FLRC-325-255 pktSize=255 rx=0 unique=0 lost=100 per=100.0 rssi_avg=0 rssi_min=0 crc_err=0 garbage=0 tx_lat=0.00000 tx_lon=0.00000 sats=0 fix=0 utc=0 tx_fw=none rx_fw=unknown
PHASE_GUARD 500
LORA_CFG path=1 bw=0x0F sf=7
PHASE_START 0 HF-LoRa-SF7-32 pktSize=32
2026-07-26T12:20:01.935751+00:00 PHASE_RESULT 0 HF-LoRa-SF7-32 pktSize=32 rx=0 unique=0 lost=20 per=100.0 rssi_avg=0 rssi_min=0 crc_err=0 garbage=0 tx_lat=0.00000 tx_lon=0.00000 sats=0 fix=0 utc=0 tx_fw=none rx_fw=unknown
PHASE_GUARD 500
LORA_CFG path=1 bw=0x0F sf=7
PHASE_START 1 HF-LoRa-SF7-64 pktSize=64
2026-07-26T12:20:03.998994+00:00 TIME_SYNCED utc=1785068402 offset=1785062474
2026-07-26T12:20:05.011056+00:00 PHASE_RESULT 1 HF-LoRa-SF7-64 pktSize=64 rx=0 unique=0 lost=20 per=100.0 rssi_avg=0 rssi_min=0 crc_err=0 garbage=0 tx_lat=0.00000 tx_lon=0.00000 sats=0 fix=0 utc=0 tx_fw=none rx_fw=unknown
PHASE_GUARD 500
LORA_CFG path=1 bw=0x0F sf=7
PHASE_START 2 HF-LoRa-SF7-128 pktSize=128
2026-07-26T12:20:07.073174+00:00 PHASE_RESULT 2 HF-LoRa-SF7-128 pktSize=128 rx=0 unique=0 lost=20 per=100.0 rssi_avg=0 rssi_min=0 crc_err=0 garbage=0 tx_lat=0.00000 tx_lon=0.00000 sats=0 fix=0 utc=0 tx_fw=none rx_fw=unknown
PHASE_GUARD 500
LORA_CFG path=1 bw=0x0F sf=7
PHASE_START 3 HF-LoRa-SF7-255 pktSize=255
2026-07-26T12:20:10.187308+00:00 TIME_SYNCED utc=1785068409 offset=1785062475
PHASE_RESULT 3 HF-LoRa-SF7-255 pktSize=255 rx=0 unique=0 lost=20 per=100.0 rssi_avg=0 rssi_min=0 crc_err=0 garbage=0 tx_lat=0.00000 tx_lon=0.00000 sats=0 fix=0 utc=0 tx_fw=none rx_fw=unknown
PHASE_GUARD 500
LORA_CFG path=1 bw=0x0F sf=9
PHASE_START 4 HF-LoRa-SF9-32 pktSize=32
2026-07-26T12:20:11.199201+00:00 PHASE_RESULT 4 HF-LoRa-SF9-32 pktSize=32 rx=0 unique=0 lost=20 per=100.0 rssi_avg=0 rssi_min=0 crc_err=0 garbage=0 tx_lat=0.00000 tx_lon=0.00000 sats=0 fix=0 utc=0 tx_fw=none rx_fw=unknown
PHASE_GUARD 500
LORA_CFG path=1 bw=0x0F sf=9
PHASE_START 5 HF-LoRa-SF9-64 pktSize=64
2026-07-26T12:20:14.314207+00:00 TIME_SYNCED utc=1785068413 offset=1785062475
PHASE_RESULT 5 HF-LoRa-SF9-64 pktSize=64 rx=0 unique=0 lost=20 per=100.0 rssi_avg=0 rssi_min=0 crc_err=0 garbage=0 tx_lat=0.00000 tx_lon=0.00000 sats=0 fix=0 utc=0 tx_fw=none rx_fw=unknown
PHASE_GUARD 500
LORA_CFG path=1 bw=0x0F sf=9
PHASE_START 6 HF-LoRa-SF9-128 pktSize=128
2026-07-26T12:20:17.429500+00:00 PHASE_RESULT 6 HF-LoRa-SF9-128 pktSize=128 rx=0 unique=0 lost=13 per=100.0 rssi_avg=0 rssi_min=0 crc_err=0 garbage=0 tx_lat=0.00000 tx_lon=0.00000 sats=0 fix=0 utc=0 tx_fw=none rx_fw=unknown
PHASE_GUARD 500
2026-07-26T12:20:18.442377+00:00 LORA_CFG path=1 bw=0x0F sf=9
PHASE_START 7 HF-LoRa-SF9-255 pktSize=255
2026-07-26T12:20:19.454359+00:00 TIME_SYNCED utc=1785068419 offset=1785062475
2026-07-26T12:20:20.465444+00:00 PHASE_RESULT 7 HF-LoRa-SF9-255 pktSize=255 rx=0 unique=0 lost=6 per=100.0 rssi_avg=0 rssi_min=0 crc_err=0 garbage=0 tx_lat=0.00000 tx_lon=0.00000 sats=0 fix=0 utc=0 tx_fw=none rx_fw=unknown
PHASE_GUARD 500
LORA_CFG path=1 bw=0x0F sf=12
2026-07-26T12:20:21.477588+00:00 PHASE_START 8 HF-LoRa-SF12-32 pktSize=32
2026-07-26T12:20:23.540199+00:00 PHASE_RESULT 8 HF-LoRa-SF12-32 pktSize=32 rx=0 unique=0 lost=2 per=100.0 rssi_avg=0 rssi_min=0 crc_err=0 garbage=0 tx_lat=0.00000 tx_lon=0.00000 sats=0 fix=0 utc=0 tx_fw=none rx_fw=unknown
PHASE_GUARD 500
LORA_CFG path=1 bw=0x0F sf=12
PHASE_START 9 HF-LoRa-SF12-64 pktSize=64
2026-07-26T12:20:24.552464+00:00 TIME_SYNCED utc=1785068423 offset=1785062474
PHASE_RESULT 9 HF-LoRa-SF12-64 pktSize=64 rx=0 unique=0 lost=1 per=100.0 rssi_avg=0 rssi_min=0 crc_err=0 garbage=0 tx_lat=0.00000 tx_lon=0.00000 sats=0 fix=0 utc=0 tx_fw=none rx_fw=unknown
PHASE_GUARD 500
LORA_CFG path=1 bw=0x0F sf=12
PHASE_START 8 HF-LoRa-SF12-32 pktSize=32
PHASE_RESULT 8 HF-LoRa-SF12-32 pktSize=32 rx=0 unique=0 lost=2 per=100.0 rssi_avg=0 rssi_min=0 crc_err=0 garbage=0 tx_lat=0.00000 tx_lon=0.00000 sats=0 fix=0 utc=0 tx_fw=none rx_fw=unknown
PHASE_GUARD 500
LORA_CFG path=1 bw=0x0F sf=12
PHASE_START 9 HF-LoRa-SF12-64 pktSize=64
2026-07-26T12:20:27.664577+00:00 PHASE_RESULT 9 HF-LoRa-SF12-64 pktSize=64 rx=0 unique=0 lost=1 per=100.0 rssi_avg=0 rssi_min=0 crc_err=0 garbage=0 tx_lat=0.00000 tx_lon=0.00000 sats=0 fix=0 utc=0 tx_fw=none rx_fw=unknown
PHASE_GUARD 500
LORA_CFG path=1 bw=0x0F sf=12
PHASE_START 10 HF-LoRa-SF12-128 pktSize=128
2026-07-26T12:20:29.727096+00:00 TIME_SYNCED utc=1785068429 offset=1785062475
2026-07-26T12:20:31.789969+00:00 PHASE_RESULT 10 HF-LoRa-SF12-128 pktSize=128 rx=0 unique=0 lost=1 per=100.0 rssi_avg=0 rssi_min=0 crc_err=0 garbage=0 tx_lat=0.00000 tx_lon=0.00000 sats=0 fix=0 utc=0 tx_fw=none rx_fw=unknown
PHASE_GUARD 500
LORA_CFG path=1 bw=0x0F sf=12
PHASE_START 11 HF-LoRa-SF12-255 pktSize=255
2026-07-26T12:20:34.904761+00:00 TIME_SYNCED utc=1785068433 offset=1785062474
2026-07-26T12:20:40.122205+00:00 TIME_SYNCED utc=1785068439 offset=1785062475
2026-07-26T12:20:42.185231+00:00 PHASE_RESULT 11 HF-LoRa-SF12-255 pktSize=255 rx=0 unique=0 lost=1 per=100.0 rssi_avg=0 rssi_min=0 crc_err=0 garbage=0 tx_lat=0.00000 tx_lon=0.00000 sats=0 fix=0 utc=0 tx_fw=none rx_fw=unknown
PHASE_GUARD 500
PHASE_START 12 HF-FLRC-2600-32 pktSize=32
SYNC_NOT_FOUND first4=E44C7E95
SYNC_NOT_FOUND first4=EA2B48F3
SYNC_NOT_FOUND first4=C22E20A0
SYNC_NOT_FOUND first4=3CF5F991
SYNC_NOT_FOUND first4=8A373C79
2026-07-26T12:20:43.197180+00:00 SYNC_NOT_FOUND first4=DA38170E
SYNC_NOT_FOUND first4=14C3AF6A
SYNC_NOT_FOUND first4=9D12208B
SYNC_NOT_FOUND first4=51E58F6C
SYNC_NOT_FOUND first4=CF193046
SYNC_NOT_FOUND first4=AE268A61
2026-07-26T12:20:44.208073+00:00 PHASE_RESULT 12 HF-FLRC-2600-32 pktSize=32 rx=0 unique=0 lost=100 per=100.0 rssi_avg=0 rssi_min=0 crc_err=0 garbage=11 tx_lat=0.00000 tx_lon=0.00000 sats=0 fix=0 utc=0 tx_fw=none rx_fw=unknown
PHASE_GUARD 500
PHASE_START 13 HF-FLRC-2600-64 pktSize=64
SYNC_NOT_FOUND first4=30D5A58D
SYNC_NOT_FOUND first4=3A380449
SYNC_NOT_FOUND first4=949A7AA1
SYNC_NOT_FOUND first4=95833D49
2026-07-26T12:20:45.219713+00:00 TIME_SYNCED utc=1785068444 offset=1785062475
SYNC_NOT_FOUND first4=4E276E55
SYNC_NOT_FOUND first4=210BF6D5
SYNC_NOT_FOUND first4=3D1B44D6
2026-07-26T12:20:46.230514+00:00 PHASE_RESULT 13 HF-FLRC-2600-64 pktSize=64 rx=0 unique=0 lost=100 per=100.0 rssi_avg=0 rssi_min=0 crc_err=0 garbage=7 tx_lat=0.00000 tx_lon=0.00000 sats=0 fix=0 utc=0 tx_fw=none rx_fw=unknown
PHASE_GUARD 500
PHASE_START 14 HF-FLRC-2600-128 pktSize=128
SYNC_NOT_FOUND first4=98F2FDAF
SYNC_NOT_FOUND first4=049C8616
SYNC_NOT_FOUND first4=169D4059
SYNC_NOT_FOUND first4=65ED3493
SYNC_NOT_FOUND first4=9CC6AC31
SYNC_NOT_FOUND first4=95F9FE93
SYNC_NOT_FOUND first4=F90403F3
2026-07-26T12:20:47.241141+00:00 SYNC_NOT_FOUND first4=C9C79328
SYNC_NOT_FOUND first4=AB192F89
SYNC_NOT_FOUND first4=C40BB64A
SYNC_NOT_FOUND first4=D0E8AD27
SYNC_NOT_FOUND first4=2BDF8A04
SYNC_NOT_FOUND first4=9F9216C6
SYNC_NOT_FOUND first4=A53A7DCD
SYNC_NOT_FOUND first4=785F53FA
2026-07-26T12:20:48.252824+00:00 PHASE_RESULT 14 HF-FLRC-2600-128 pktSize=128 rx=0 unique=0 lost=100 per=100.0 rssi_avg=0 rssi_min=0 crc_err=0 garbage=15 tx_lat=0.00000 tx_lon=0.00000 sats=0 fix=0 utc=0 tx_fw=none rx_fw=unknown
PHASE_GUARD 500
PHASE_START 15 HF-FLRC-2600-255 pktSize=255
SYNC_NOT_FOUND first4=B2C4C4C8
SYNC_NOT_FOUND first4=3C323B37
SYNC_NOT_FOUND first4=B20D8280
SYNC_NOT_FOUND first4=C7B28BD1
2026-07-26T12:20:49.263750+00:00 SYNC_NOT_FOUND first4=5C15709D
SYNC_NOT_FOUND first4=42A8BF1B
SYNC_NOT_FOUND first4=023F68AB
SYNC_NOT_FOUND first4=448E38D9
SYNC_NOT_FOUND first4=B27E9DE7
2026-07-26T12:20:50.268318+00:00 TIME_SYNCED utc=1785068449 offset=1785062475
PHASE_RESULT 15 HF-FLRC-2600-255 pktSize=255 rx=0 unique=0 lost=100 per=100.0 rssi_avg=0 rssi_min=0 crc_err=0 garbage=9 tx_lat=0.00000 tx_lon=0.00000 sats=0 fix=0 utc=0 tx_fw=none rx_fw=unknown
PHASE_GUARD 500
PHASE_START 16 HF-FLRC-1300-32 pktSize=32
SYNC_NOT_FOUND first4=71D14D94
SYNC_NOT_FOUND first4=51FD1957
SYNC_NOT_FOUND first4=9BE22EA4
SYNC_NOT_FOUND first4=BBE81EB0
2026-07-26T12:20:51.272073+00:00 SYNC_NOT_FOUND first4=71C0A643
SYNC_NOT_FOUND first4=243BACCC
2026-07-26T12:20:52.283547+00:00 PHASE_RESULT 16 HF-FLRC-1300-32 pktSize=32 rx=0 unique=0 lost=100 per=100.0 rssi_avg=0 rssi_min=0 crc_err=0 garbage=6 tx_lat=0.00000 tx_lon=0.00000 sats=0 fix=0 utc=0 tx_fw=none rx_fw=unknown
PHASE_GUARD 500
PHASE_START 17 HF-FLRC-1300-64 pktSize=64
SYNC_NOT_FOUND first4=32E40FAD
SYNC_NOT_FOUND first4=034B758E
2026-07-26T12:20:53.295832+00:00 SYNC_NOT_FOUND first4=439175D1
SYNC_NOT_FOUND first4=72BE8AC7
SYNC_NOT_FOUND first4=C95C786D
SYNC_NOT_FOUND first4=94A8DE68
2026-07-26T12:20:54.306875+00:00 PHASE_RESULT 17 HF-FLRC-1300-64 pktSize=64 rx=0 unique=0 lost=100 per=100.0 rssi_avg=0 rssi_min=0 crc_err=0 garbage=6 tx_lat=0.00000 tx_lon=0.00000 sats=0 fix=0 utc=0 tx_fw=none rx_fw=unknown
PHASE_GUARD 500
PHASE_START 18 HF-FLRC-1300-128 pktSize=128
SYNC_NOT_FOUND first4=C835E5C4
SYNC_NOT_FOUND first4=B592E606
SYNC_NOT_FOUND first4=9CCF66AB
2026-07-26T12:20:55.318652+00:00 TIME_SYNCED utc=1785068454 offset=1785062475
SYNC_NOT_FOUND first4=58D44223
SYNC_NOT_FOUND first4=0CEDAA9D
SYNC_NOT_FOUND first4=CC3593D1
SYNC_NOT_FOUND first4=6B67E94A
SYNC_NOT_FOUND first4=80A4D869
2026-07-26T12:20:56.323467+00:00 PHASE_RESULT 18 HF-FLRC-1300-128 pktSize=128 rx=0 unique=0 lost=100 per=100.0 rssi_avg=0 rssi_min=0 crc_err=0 garbage=8 tx_lat=0.00000 tx_lon=0.00000 sats=0 fix=0 utc=0 tx_fw=none rx_fw=unknown
PHASE_GUARD 500
PHASE_START 19 HF-FLRC-1300-255 pktSize=255
SYNC_NOT_FOUND first4=3297B42A
SYNC_NOT_FOUND first4=E9818231
SYNC_NOT_FOUND first4=CE346C03
2026-07-26T12:20:57.334826+00:00 SYNC_NOT_FOUND first4=10AB6C75
SYNC_NOT_FOUND first4=DD5C3382
2026-07-26T12:20:58.346748+00:00 PHASE_RESULT 19 HF-FLRC-1300-255 pktSize=255 rx=0 unique=0 lost=100 per=100.0 rssi_avg=0 rssi_min=0 crc_err=0 garbage=5 tx_lat=0.00000 tx_lon=0.00000 sats=0 fix=0 utc=0 tx_fw=none rx_fw=unknown
PHASE_GUARD 500
PHASE_START 20 HF-FLRC-650-32 pktSize=32
SYNC_NOT_FOUND first4=43C7E46B
SYNC_NOT_FOUND first4=470C2A8C
SYNC_NOT_FOUND first4=C9C20928
SYNC_NOT_FOUND first4=AFAA880F
SYNC_NOT_FOUND first4=C1348904
SYNC_NOT_FOUND first4=BD1C0BEA
SYNC_NOT_FOUND first4=E3419892
SYNC_NOT_FOUND first4=00C05DA8
SYNC_NOT_FOUND first4=A9A51B8E
SYNC_NOT_FOUND first4=F960B0A1
SYNC_NOT_FOUND first4=EFAF9357
SYNC_NOT_FOUND first4=5FB257F3
SYNC_NOT_FOUND first4=BC69B978
SYNC_NOT_FOUND first4=7DD01D17
SYNC_NOT_FOUND first4=576F7B5D
SYNC_NOT_FOUND first4=908A01E8
SYNC_NOT_FOUND first4=2FEB2C4C
SYNC_NOT_FOUND first4=0A1B0760
SYNC_NOT_FOUND first4=C0A4EF86
SYNC_NOT_FOUND first4=5600E704
SYNC_NOT_FOUND first4=38228581
2026-07-26T12:20:59.357897+00:00 SYNC_NOT_FOUND first4=824C6A22
SYNC_NOT_FOUND first4=859D335C
SYNC_NOT_FOUND first4=FA0467BF
SYNC_NOT_FOUND first4=F76F1BD8
SYNC_NOT_FOUND first4=899561C0
SYNC_NOT_FOUND first4=791453B8
SYNC_NOT_FOUND first4=59F754B2
SYNC_NOT_FOUND first4=3F7024B4
SYNC_NOT_FOUND first4=AD0365ED
SYNC_NOT_FOUND first4=078E6EA3
SYNC_NOT_FOUND first4=997225B8
SYNC_NOT_FOUND first4=A864D707
SYNC_NOT_FOUND first4=051AED24
TIME_SYNCED utc=1785068459 offset=1785062475
PHASE_RESULT 20 HF-FLRC-650-32 pktSize=32 rx=0 unique=0 lost=100 per=100.0 rssi_avg=0 rssi_min=0 crc_err=0 garbage=34 tx_lat=0.00000 tx_lon=0.00000 sats=0 fix=0 utc=0 tx_fw=none rx_fw=unknown
2026-07-26T12:21:00.368803+00:00 PHASE_GUARD 500
PHASE_START 21 HF-FLRC-650-64 pktSize=64
SYNC_NOT_FOUND first4=5FCD64B6
SYNC_NOT_FOUND first4=72EB7CA0
SYNC_NOT_FOUND first4=DF24BAFF
SYNC_NOT_FOUND first4=AA3088C5
SYNC_NOT_FOUND first4=74C0B712
SYNC_NOT_FOUND first4=41E28070
SYNC_NOT_FOUND first4=D4807AF5
SYNC_NOT_FOUND first4=1075ED65
SYNC_NOT_FOUND first4=97A3D8BB
SYNC_NOT_FOUND first4=A91613CC
SYNC_NOT_FOUND first4=4B02C389
SYNC_NOT_FOUND first4=5F3A0268
SYNC_NOT_FOUND first4=967921E5
SYNC_NOT_FOUND first4=8CAC8570
SYNC_NOT_FOUND first4=0414A8E9
SYNC_NOT_FOUND first4=72ECB548
SYNC_NOT_FOUND first4=8D216CBB
2026-07-26T12:21:01.380084+00:00 SYNC_NOT_FOUND first4=20F11913
SYNC_NOT_FOUND first4=C218571A
SYNC_NOT_FOUND first4=70FD6B6B
SYNC_NOT_FOUND first4=AF222FA1
SYNC_NOT_FOUND first4=0F8EEF09
SYNC_NOT_FOUND first4=51A1F646
SYNC_NOT_FOUND first4=B0C754C3
PHASE_RESULT 21 HF-FLRC-650-64 pktSize=64 rx=0 unique=0 lost=100 per=100.0 rssi_avg=0 rssi_min=0 crc_err=0 garbage=24 tx_lat=0.00000 tx_lon=0.00000 sats=0 fix=0 utc=0 tx_fw=none rx_fw=unknown
PHASE_GUARD 500
2026-07-26T12:21:02.390814+00:00 PHASE_START 22 HF-FLRC-650-128 pktSize=128
SYNC_NOT_FOUND first4=825EA24D
SYNC_NOT_FOUND first4=BA840614
SYNC_NOT_FOUND first4=D822FCEF
SYNC_NOT_FOUND first4=8171E7DC
SYNC_NOT_FOUND first4=638B1F5B
SYNC_NOT_FOUND first4=884CD669
SYNC_NOT_FOUND first4=FAA5B1B8
SYNC_NOT_FOUND first4=50D18062
SYNC_NOT_FOUND first4=A3C8B397
SYNC_NOT_FOUND first4=103E0454
SYNC_NOT_FOUND first4=BF525637
2026-07-26T12:21:03.402694+00:00 SYNC_NOT_FOUND first4=C446CA18
SYNC_NOT_FOUND first4=F9FC22DA
SYNC_NOT_FOUND first4=2759B17C
SYNC_NOT_FOUND first4=0BCB326B
SYNC_NOT_FOUND first4=C095E624
SYNC_NOT_FOUND first4=3B7969D8
SYNC_NOT_FOUND first4=7B484151
SYNC_NOT_FOUND first4=82F388BC
SYNC_NOT_FOUND first4=9FE05DA7
SYNC_NOT_FOUND first4=584F4968
SYNC_NOT_FOUND first4=723702B1
SYNC_NOT_FOUND first4=0F361019
SYNC_NOT_FOUND first4=BA50ED8B
SYNC_NOT_FOUND first4=B0FD8DCA
SYNC_NOT_FOUND first4=340BC6CB
SYNC_NOT_FOUND first4=5DB02530
SYNC_NOT_FOUND first4=EF16A4F4
SYNC_NOT_FOUND first4=C23A49A1
SYNC_NOT_FOUND first4=9979289B
SYNC_NOT_FOUND first4=D7D38872
SYNC_NOT_FOUND first4=F6E4C97E
PHASE_RESULT 22 HF-FLRC-650-128 pktSize=128 rx=0 unique=0 lost=100 per=100.0 rssi_avg=0 rssi_min=0 crc_err=0 garbage=32 tx_lat=0.00000 tx_lon=0.00000 sats=0 fix=0 utc=0 tx_fw=none rx_fw=unknown
PHASE_GUARD 500
2026-07-26T12:21:04.413645+00:00 PHASE_START 23 HF-FLRC-650-255 pktSize=255
SYNC_NOT_FOUND first4=8125CA08
SYNC_NOT_FOUND first4=8440F961
SYNC_NOT_FOUND first4=EBDAA0BB
SYNC_NOT_FOUND first4=86AA8AAC
SYNC_NOT_FOUND first4=21BF4C6A
SYNC_NOT_FOUND first4=3A709B2F
SYNC_NOT_FOUND first4=A2F387B7
2026-07-26T12:21:05.425767+00:00 SYNC_NOT_FOUND first4=A4181F2C
TIME_SYNCED utc=1785068464 offset=1785062474
SYNC_NOT_FOUND first4=1252A0D6
SYNC_NOT_FOUND first4=E0170C6B
SYNC_NOT_FOUND first4=7CCA2386
SYNC_NOT_FOUND first4=C0D4CAF1
SYNC_NOT_FOUND first4=9314C1B5
SYNC_NOT_FOUND first4=3DC7554D
SYNC_NOT_FOUND first4=E28DC925
SYNC_NOT_FOUND first4=29A8F262
SYNC_NOT_FOUND first4=7F1C2117
SYNC_NOT_FOUND first4=2F1D86E7
SYNC_NOT_FOUND first4=A5CD2C09
SYNC_NOT_FOUND first4=65FE5DE2
SYNC_NOT_FOUND first4=6848A1B0
SYNC_NOT_FOUND first4=1803792B
SYNC_NOT_FOUND first4=B358B22E
SYNC_NOT_FOUND first4=A685DF90
SYNC_NOT_FOUND first4=3344865B
SYNC_NOT_FOUND first4=4495A702
SYNC_NOT_FOUND first4=D0F4B091
SYNC_NOT_FOUND first4=85AD335D
SYNC_NOT_FOUND first4=2F7C73E3
SYNC_NOT_FOUND first4=C354271E
SYNC_NOT_FOUND first4=287DFA59
SYNC_NOT_FOUND first4=6B796763
2026-07-26T12:21:06.436564+00:00 SYNC_NOT_FOUND first4=FEB02A03
SYNC_NOT_FOUND first4=78D95B9F
SYNC_NOT_FOUND first4=E8B0E955
SYNC_NOT_FOUND first4=375C88C8
SYNC_NOT_FOUND first4=DFD87ED3
SYNC_NOT_FOUND first4=9F30503A
SYNC_NOT_FOUND first4=C2180B21
SYNC_NOT_FOUND first4=BDB87342
SYNC_NOT_FOUND first4=C1D2791D
SYNC_NOT_FOUND first4=6F5C2259
SYNC_NOT_FOUND first4=9188361B
SYNC_NOT_FOUND first4=B0175835
SYNC_NOT_FOUND first4=69FEB349
SYNC_NOT_FOUND first4=E3DAA82E
SYNC_NOT_FOUND first4=7AC01BB1
PHASE_RESULT 23 HF-FLRC-650-255 pktSize=255 rx=0 unique=0 lost=100 per=100.0 rssi_avg=0 rssi_min=0 crc_err=0 garbage=47 tx_lat=0.00000 tx_lon=0.00000 sats=0 fix=0 utc=0 tx_fw=none rx_fw=unknown
PHASE_GUARD 500
2026-07-26T12:21:07.448495+00:00 PHASE_START 24 HF-FLRC-325-32 pktSize=32
2026-07-26T12:21:08.463141+00:00 SYNC_NOT_FOUND first4=59ABEFF7
SYNC_NOT_FOUND first4=CBB0DD3E
PHASE_RESULT 24 HF-FLRC-325-32 pktSize=32 rx=0 unique=0 lost=100 per=100.0 rssi_avg=0 rssi_min=0 crc_err=0 garbage=2 tx_lat=0.00000 tx_lon=0.00000 sats=0 fix=0 utc=0 tx_fw=none rx_fw=unknown
PHASE_GUARD 500
2026-07-26T12:21:09.474379+00:00 PHASE_START 25 HF-FLRC-325-64 pktSize=64
SYNC_NOT_FOUND first4=42F86D0C
SYNC_NOT_FOUND first4=A6322654
SYNC_NOT_FOUND first4=646FC07F
TIME_SYNCED utc=1785068469 offset=1785062475
PHASE_RESULT 25 HF-FLRC-325-64 pktSize=64 rx=0 unique=0 lost=100 per=100.0 rssi_avg=0 rssi_min=0 crc_err=0 garbage=3 tx_lat=0.00000 tx_lon=0.00000 sats=0 fix=0 utc=0 tx_fw=none rx_fw=unknown
PHASE_GUARD 500
2026-07-26T12:21:10.483157+00:00 PHASE_START 26 HF-FLRC-325-128 pktSize=128
SYNC_NOT_FOUND first4=BE7F3D0A
SYNC_NOT_FOUND first4=429899CE
SYNC_NOT_FOUND first4=4D474002
SYNC_NOT_FOUND first4=7C5CA9AD
SYNC_NOT_FOUND first4=E1362F8E
2026-07-26T12:21:11.494402+00:00 SYNC_NOT_FOUND first4=2B12CF14
SYNC_NOT_FOUND first4=F0954991
PHASE_RESULT 26 HF-FLRC-325-128 pktSize=128 rx=0 unique=0 lost=100 per=100.0 rssi_avg=0 rssi_min=0 crc_err=0 garbage=7 tx_lat=0.00000 tx_lon=0.00000 sats=0 fix=0 utc=0 tx_fw=none rx_fw=unknown
PHASE_GUARD 500
2026-07-26T12:21:12.505710+00:00 PHASE_START 27 HF-FLRC-325-255 pktSize=255
SYNC_NOT_FOUND first4=DF8BC8BF
SYNC_NOT_FOUND first4=0B11CE2B
SYNC_NOT_FOUND first4=41E2A19E
SYNC_NOT_FOUND first4=DCD00692
SYNC_NOT_FOUND first4=17AC8B8F
2026-07-26T12:21:13.515189+00:00 PHASE_RESULT 27 HF-FLRC-325-255 pktSize=255 rx=0 unique=0 lost=100 per=100.0 rssi_avg=0 rssi_min=0 crc_err=0 garbage=5 tx_lat=0.00000 tx_lon=0.00000 sats=0 fix=0 utc=0 tx_fw=none rx_fw=unknown
PHASE_GUARD 500
LORA_CFG path=0 bw=0x05 sf=7
PHASE_START 28 LF-LoRa-SF7-32 pktSize=32
2026-07-26T12:21:15.576836+00:00 TIME_SYNCED utc=1785068474 offset=1785062474
2026-07-26T12:21:16.595562+00:00 PHASE_RESULT 28 LF-LoRa-SF7-32 pktSize=32 rx=0 unique=0 lost=20 per=100.0 rssi_avg=0 rssi_min=0 crc_err=0 garbage=0 tx_lat=0.00000 tx_lon=0.00000 sats=0 fix=0 utc=0 tx_fw=none rx_fw=unknown
PHASE_GUARD 500
LORA_CFG path=0 bw=0x05 sf=7
PHASE_START 29 LF-LoRa-SF7-64 pktSize=64
2026-07-26T12:21:19.716537+00:00 TIME_SYNCED utc=1785068479 offset=1785062475
PHASE_RESULT 29 LF-LoRa-SF7-64 pktSize=64 rx=0 unique=0 lost=20 per=100.0 rssi_avg=0 rssi_min=0 crc_err=0 garbage=0 tx_lat=0.00000 tx_lon=0.00000 sats=0 fix=0 utc=0 tx_fw=none rx_fw=unknown
PHASE_GUARD 500
LORA_CFG path=0 bw=0x05 sf=7
PHASE_START 30 LF-LoRa-SF7-128 pktSize=128
2026-07-26T12:21:22.835767+00:00 PHASE_RESULT 30 LF-LoRa-SF7-128 pktSize=128 rx=0 unique=0 lost=13 per=100.0 rssi_avg=0 rssi_min=0 crc_err=0 garbage=0 tx_lat=0.00000 tx_lon=0.00000 sats=0 fix=0 utc=0 tx_fw=none rx_fw=unknown
PHASE_GUARD 500
LORA_CFG path=0 bw=0x05 sf=7
PHASE_START 31 LF-LoRa-SF7-255 pktSize=255
2026-07-26T12:21:25.958046+00:00 TIME_SYNCED utc=1785068484 offset=1785062474
2026-07-26T12:21:28.028053+00:00 PHASE_RESULT 31 LF-LoRa-SF7-255 pktSize=255 rx=0 unique=0 lost=7 per=100.0 rssi_avg=0 rssi_min=0 crc_err=0 garbage=0 tx_lat=0.00000 tx_lon=0.00000 sats=0 fix=0 utc=0 tx_fw=none rx_fw=unknown
PHASE_GUARD 500
LORA_CFG path=0 bw=0x05 sf=9
PHASE_START 32 LF-LoRa-SF9-32 pktSize=32
2026-07-26T12:21:30.083748+00:00 TIME_SYNCED utc=1785068489 offset=1785062474
2026-07-26T12:21:32.151845+00:00 PHASE_RESULT 32 LF-LoRa-SF9-32 pktSize=32 rx=0 unique=0 lost=7 per=100.0 rssi_avg=0 rssi_min=0 crc_err=0 garbage=0 tx_lat=0.00000 tx_lon=0.00000 sats=0 fix=0 utc=0 tx_fw=none rx_fw=unknown
PHASE_GUARD 500
LORA_CFG path=0 bw=0x05 sf=9
PHASE_START 33 LF-LoRa-SF9-64 pktSize=64
2026-07-26T12:21:35.266065+00:00 PHASE_RESULT 33 LF-LoRa-SF9-64 pktSize=64 rx=0 unique=0 lost=3 per=100.0 rssi_avg=0 rssi_min=0 crc_err=0 garbage=0 tx_lat=0.00000 tx_lon=0.00000 sats=0 fix=0 utc=0 tx_fw=none rx_fw=unknown
PHASE_GUARD 500
LORA_CFG path=0 bw=0x05 sf=9
PHASE_START 34 LF-LoRa-SF9-128 pktSize=128
2026-07-26T12:21:36.284876+00:00 TIME_SYNCED utc=1785068495 offset=1785062475
PHASE_RESULT 34 LF-LoRa-SF9-128 pktSize=128 rx=0 unique=0 lost=1 per=100.0 rssi_avg=0 rssi_min=0 crc_err=0 garbage=0 tx_lat=0.00000 tx_lon=0.00000 sats=0 fix=0 utc=0 tx_fw=none rx_fw=unknown
PHASE_GUARD 500
LORA_CFG path=0 bw=0x05 sf=9
PHASE_START 35 LF-LoRa-SF9-255 pktSize=255
2026-07-26T12:21:39.398865+00:00 PHASE_RESULT 35 LF-LoRa-SF9-255 pktSize=255 rx=0 unique=0 lost=1 per=100.0 rssi_avg=0 rssi_min=0 crc_err=0 garbage=0 tx_lat=0.00000 tx_lon=0.00000 sats=0 fix=0 utc=0 tx_fw=none rx_fw=unknown
PHASE_GUARD 500
2026-07-26T12:21:40.412377+00:00 LORA_CFG path=0 bw=0x05 sf=12
PHASE_START 36 LF-LoRa-SF12-32 pktSize=32
TIME_SYNCED utc=1785068499 offset=1785062474
PHASE_RESULT 36 LF-LoRa-SF12-32 pktSize=32 rx=0 unique=0 lost=1 per=100.0 rssi_avg=0 rssi_min=0 crc_err=0 garbage=0 tx_lat=0.00000 tx_lon=0.00000 sats=0 fix=0 utc=0 tx_fw=none rx_fw=unknown
PHASE_GUARD 500
LORA_CFG path=0 bw=0x05 sf=9
PHASE_START 35 LF-LoRa-SF9-255 pktSize=255
PHASE_RESULT 35 LF-LoRa-SF9-255 pktSize=255 rx=0 unique=0 lost=1 per=100.0 rssi_avg=0 rssi_min=0 crc_err=0 garbage=0 tx_lat=0.00000 tx_lon=0.00000 sats=0 fix=0 utc=0 tx_fw=none rx_fw=unknown
PHASE_GUARD 500
2026-07-26T12:21:41.431287+00:00 LORA_CFG path=0 bw=0x05 sf=12
PHASE_START 36 LF-LoRa-SF12-32 pktSize=32
2026-07-26T12:21:46.649045+00:00 TIME_SYNCED utc=1785068505 offset=1785062474
2026-07-26T12:21:49.769737+00:00 TIME_SYNCED utc=1785068509 offset=1785062474
2026-07-26T12:21:56.044354+00:00 PHASE_RESULT 36 LF-LoRa-SF12-32 pktSize=32 rx=0 unique=0 lost=1 per=100.0 rssi_avg=0 rssi_min=0 crc_err=0 garbage=0 tx_lat=0.00000 tx_lon=0.00000 sats=0 fix=0 utc=0 tx_fw=none rx_fw=unknown
PHASE_GUARD 500
LORA_CFG path=0 bw=0x05 sf=12
PHASE_START 37 LF-LoRa-SF12-SKIP SKIP pktSize=64
2026-07-26T12:21:57.062160+00:00 TIME_SYNCED utc=1785068516 offset=1785062475
PHASE_RESULT 37 LF-LoRa-SF12-SKIP pktSize=64 rx=0 unique=0 lost=0 per=0.0 rssi_avg=0 rssi_min=0 crc_err=0 garbage=0 tx_lat=0.00000 tx_lon=0.00000 sats=0 fix=0 utc=0 tx_fw=none rx_fw=unknown
PHASE_GUARD 500
LORA_CFG path=0 bw=0x05 sf=12
PHASE_START 38 LF-LoRa-SF12-SKIP SKIP pktSize=128
PHASE_RESULT 38 LF-LoRa-SF12-SKIP pktSize=128 rx=0 unique=0 lost=0 per=0.0 rssi_avg=0 rssi_min=0 crc_err=0 garbage=0 tx_lat=0.00000 tx_lon=0.00000 sats=0 fix=0 utc=0 tx_fw=none rx_fw=unknown
PHASE_GUARD 500
LORA_CFG path=0 bw=0x05 sf=12
PHASE_START 39 LF-LoRa-SF12-SKIP SKIP pktSize=255
2026-07-26T12:21:58.078770+00:00 PHASE_RESULT 39 LF-LoRa-SF12-SKIP pktSize=255 rx=0 unique=0 lost=0 per=0.0 rssi_avg=0 rssi_min=0 crc_err=0 garbage=0 tx_lat=0.00000 tx_lon=0.00000 sats=0 fix=0 utc=0 tx_fw=none rx_fw=unknown
PHASE_GUARD 500
PHASE_START 40 LF-FLRC-2600-32 pktSize=32
2026-07-26T12:22:00.135209+00:00 PHASE_RESULT 40 LF-FLRC-2600-32 pktSize=32 rx=0 unique=0 lost=100 per=100.0 rssi_avg=0 rssi_min=0 crc_err=0 garbage=0 tx_lat=0.00000 tx_lon=0.00000 sats=0 fix=0 utc=0 tx_fw=none rx_fw=unknown
PHASE_GUARD 500
PHASE_START 41 LF-FLRC-2600-64 pktSize=64
TIME_SYNCED utc=1785068519 offset=1785062474
PHASE_RESULT 41 LF-FLRC-2600-64 pktSize=64 rx=0 unique=0 lost=100 per=100.0 rssi_avg=0 rssi_min=0 crc_err=0 garbage=0 tx_lat=0.00000 tx_lon=0.00000 sats=0 fix=0 utc=0 tx_fw=none rx_fw=unknown
PHASE_GUARD 500
PHASE_START 40 LF-FLRC-2600-32 pktSize=32
2026-07-26T12:22:01.154974+00:00 PHASE_RESULT 40 LF-FLRC-2600-32 pktSize=32 rx=0 unique=0 lost=100 per=100.0 rssi_avg=0 rssi_min=0 crc_err=0 garbage=0 tx_lat=0.00000 tx_lon=0.00000 sats=0 fix=0 utc=0 tx_fw=none rx_fw=unknown
PHASE_GUARD 500
PHASE_START 41 LF-FLRC-2600-64 pktSize=64
SYNC_NOT_FOUND first4=B5E09219
SYNC_NOT_FOUND first4=DDD6E9EF
2026-07-26T12:22:02.173902+00:00 SYNC_NOT_FOUND first4=02C57C3B
2026-07-26T12:22:03.184380+00:00 PHASE_RESULT 41 LF-FLRC-2600-64 pktSize=64 rx=0 unique=0 lost=100 per=100.0 rssi_avg=0 rssi_min=0 crc_err=0 garbage=3 tx_lat=0.00000 tx_lon=0.00000 sats=0 fix=0 utc=0 tx_fw=none rx_fw=unknown
PHASE_GUARD 500
PHASE_START 42 LF-FLRC-2600-128 pktSize=128
SYNC_NOT_FOUND first4=19B32200
2026-07-26T12:22:04.200287+00:00 SYNC_NOT_FOUND first4=DF4A2A61
2026-07-26T12:22:05.216242+00:00 SYNC_NOT_FOUND first4=40330A39
PHASE_RESULT 42 LF-FLRC-2600-128 pktSize=128 rx=0 unique=0 lost=100 per=100.0 rssi_avg=0 rssi_min=0 crc_err=0 garbage=3 tx_lat=0.00000 tx_lon=0.00000 sats=0 fix=0 utc=0 tx_fw=none rx_fw=unknown
PHASE_GUARD 500
PHASE_START 43 LF-FLRC-2600-255 pktSize=255
SYNC_NOT_FOUND first4=9FCA057C
2026-07-26T12:22:07.286927+00:00 TIME_SYNCED utc=1785068526 offset=1785062475
PHASE_RESULT 43 LF-FLRC-2600-255 pktSize=255 rx=0 unique=0 lost=100 per=100.0 rssi_avg=0 rssi_min=0 crc_err=0 garbage=1 tx_lat=0.00000 tx_lon=0.00000 sats=0 fix=0 utc=0 tx_fw=none rx_fw=unknown
PHASE_GUARD 500
PHASE_START 44 LF-FLRC-1300-32 pktSize=32
2026-07-26T12:22:08.305578+00:00 PHASE_RESULT 44 LF-FLRC-1300-32 pktSize=32 rx=0 unique=0 lost=100 per=100.0 rssi_avg=0 rssi_min=0 crc_err=0 garbage=0 tx_lat=0.00000 tx_lon=0.00000 sats=0 fix=0 utc=0 tx_fw=none rx_fw=unknown
PHASE_GUARD 500
PHASE_START 45 LF-FLRC-1300-64 pktSize=64
2026-07-26T12:22:10.367618+00:00 PHASE_RESULT 45 LF-FLRC-1300-64 pktSize=64 rx=0 unique=0 lost=100 per=100.0 rssi_avg=0 rssi_min=0 crc_err=0 garbage=0 tx_lat=0.00000 tx_lon=0.00000 sats=0 fix=0 utc=0 tx_fw=none rx_fw=unknown
PHASE_GUARD 500
PHASE_START 46 LF-FLRC-1300-128 pktSize=128
TIME_SYNCED utc=1785068529 offset=1785062474
PHASE_RESULT 46 LF-FLRC-1300-128 pktSize=128 rx=0 unique=0 lost=100 per=100.0 rssi_avg=0 rssi_min=0 crc_err=0 garbage=0 tx_lat=0.00000 tx_lon=0.00000 sats=0 fix=0 utc=0 tx_fw=none rx_fw=unknown
PHASE_GUARD 500
PHASE_START 45 LF-FLRC-1300-64 pktSize=64
PHASE_RESULT 45 LF-FLRC-1300-64 pktSize=64 rx=0 unique=0 lost=100 per=100.0 rssi_avg=0 rssi_min=0 crc_err=0 garbage=0 tx_lat=0.00000 tx_lon=0.00000 sats=0 fix=0 utc=0 tx_fw=none rx_fw=unknown
PHASE_GUARD 500
2026-07-26T12:22:11.383853+00:00 PHASE_START 46 LF-FLRC-1300-128 pktSize=128
2026-07-26T12:22:12.401915+00:00 SYNC_NOT_FOUND first4=E54A7CAC
PHASE_RESULT 46 LF-FLRC-1300-128 pktSize=128 rx=0 unique=0 lost=100 per=100.0 rssi_avg=0 rssi_min=0 crc_err=0 garbage=1 tx_lat=0.00000 tx_lon=0.00000 sats=0 fix=0 utc=0 tx_fw=none rx_fw=unknown
PHASE_GUARD 500
2026-07-26T12:22:13.413355+00:00 PHASE_START 47 LF-FLRC-1300-255 pktSize=255
2026-07-26T12:22:14.424674+00:00 PHASE_RESULT 47 LF-FLRC-1300-255 pktSize=255 rx=0 unique=0 lost=100 per=100.0 rssi_avg=0 rssi_min=0 crc_err=0 garbage=0 tx_lat=0.00000 tx_lon=0.00000 sats=0 fix=0 utc=0 tx_fw=none rx_fw=unknown
PHASE_GUARD 500
2026-07-26T12:22:15.443286+00:00 PHASE_START 48 LF-FLRC-650-32 pktSize=32
SYNC_NOT_FOUND first4=9C28CA5D
SYNC_NOT_FOUND first4=8DA12205
2026-07-26T12:22:16.454227+00:00 SYNC_NOT_FOUND first4=23A400AF
SYNC_NOT_FOUND first4=C289B7BD
SYNC_NOT_FOUND first4=23552BBE
PHASE_RESULT 48 LF-FLRC-650-32 pktSize=32 rx=0 unique=0 lost=100 per=100.0 rssi_avg=0 rssi_min=0 crc_err=0 garbage=5 tx_lat=0.00000 tx_lon=0.00000 sats=0 fix=0 utc=0 tx_fw=none rx_fw=unknown
PHASE_GUARD 500
2026-07-26T12:22:17.470034+00:00 PHASE_START 49 LF-FLRC-650-64 pktSize=64
TIME_SYNCED utc=1785068536 offset=1785062474
SYNC_NOT_FOUND first4=F03B48A2
2026-07-26T12:22:18.481235+00:00 PHASE_RESULT 49 LF-FLRC-650-64 pktSize=64 rx=0 unique=0 lost=100 per=100.0 rssi_avg=0 rssi_min=0 crc_err=0 garbage=1 tx_lat=0.00000 tx_lon=0.00000 sats=0 fix=0 utc=0 tx_fw=none rx_fw=unknown
PHASE_GUARD 500
2026-07-26T12:22:19.492120+00:00 PHASE_START 50 LF-FLRC-650-128 pktSize=128
SYNC_NOT_FOUND first4=427D78D3
TIME_SYNCED utc=1785068539 offset=1785062474
2026-07-26T12:22:20.508456+00:00 PHASE_RESULT 50 LF-FLRC-650-128 pktSize=128 rx=0 unique=0 lost=100 per=100.0 rssi_avg=0 rssi_min=0 crc_err=0 garbage=1 tx_lat=0.00000 tx_lon=0.00000 sats=0 fix=0 utc=0 tx_fw=none rx_fw=unknown
PHASE_GUARD 500
PHASE_START 51 LF-FLRC-650-255 pktSize=255
2026-07-26T12:22:21.526012+00:00 SYNC_NOT_FOUND first4=1B923D94
SYNC_NOT_FOUND first4=50BB7862
2026-07-26T12:22:22.543868+00:00 SYNC_NOT_FOUND first4=23B676F7
PHASE_RESULT 51 LF-FLRC-650-255 pktSize=255 rx=0 unique=0 lost=100 per=100.0 rssi_avg=0 rssi_min=0 crc_err=0 garbage=3 tx_lat=0.00000 tx_lon=0.00000 sats=0 fix=0 utc=0 tx_fw=none rx_fw=unknown
PHASE_GUARD 500
PHASE_START 52 LF-FLRC-325-32 pktSize=32
2026-07-26T12:22:24.606640+00:00 PHASE_RESULT 52 LF-FLRC-325-32 pktSize=32 rx=0 unique=0 lost=100 per=100.0 rssi_avg=0 rssi_min=0 crc_err=0 garbage=0 tx_lat=0.00000 tx_lon=0.00000 sats=0 fix=0 utc=0 tx_fw=none rx_fw=unknown
PHASE_GUARD 500
PHASE_START 53 LF-FLRC-325-64 pktSize=64
2026-07-26T12:22:26.675247+00:00 PHASE_RESULT 53 LF-FLRC-325-64 pktSize=64 rx=0 unique=0 lost=100 per=100.0 rssi_avg=0 rssi_min=0 crc_err=0 garbage=0 tx_lat=0.00000 tx_lon=0.00000 sats=0 fix=0 utc=0 tx_fw=none rx_fw=unknown
PHASE_GUARD 500
PHASE_START 54 LF-FLRC-325-128 pktSize=128
2026-07-26T12:22:27.694896+00:00 TIME_SYNCED utc=1785068546 offset=1785062474
2026-07-26T12:22:28.706039+00:00 PHASE_RESULT 54 LF-FLRC-325-128 pktSize=128 rx=0 unique=0 lost=100 per=100.0 rssi_avg=0 rssi_min=0 crc_err=0 garbage=0 tx_lat=0.00000 tx_lon=0.00000 sats=0 fix=0 utc=0 tx_fw=none rx_fw=unknown
PHASE_GUARD 500
PHASE_START 55 LF-FLRC-325-255 pktSize=255
2026-07-26T12:22:29.717465+00:00 TIME_SYNCED utc=1785068549 offset=1785062474
2026-07-26T12:22:30.733768+00:00 PHASE_RESULT 55 LF-FLRC-325-255 pktSize=255 rx=0 unique=0 lost=100 per=100.0 rssi_avg=0 rssi_min=0 crc_err=0 garbage=0 tx_lat=0.00000 tx_lon=0.00000 sats=0 fix=0 utc=0 tx_fw=none rx_fw=unknown
PHASE_GUARD 500
LORA_CFG path=1 bw=0x0F sf=7
PHASE_START 0 HF-LoRa-SF7-32 pktSize=32
2026-07-26T12:22:32.795889+00:00 PHASE_RESULT 0 HF-LoRa-SF7-32 pktSize=32 rx=0 unique=0 lost=20 per=100.0 rssi_avg=0 rssi_min=0 crc_err=0 garbage=0 tx_lat=0.00000 tx_lon=0.00000 sats=0 fix=0 utc=0 tx_fw=none rx_fw=unknown
PHASE_GUARD 500
LORA_CFG path=1 bw=0x0F sf=7
PHASE_START 1 HF-LoRa-SF7-64 pktSize=64
2026-07-26T12:22:34.865203+00:00 PHASE_RESULT 1 HF-LoRa-SF7-64 pktSize=64 rx=0 unique=0 lost=20 per=100.0 rssi_avg=0 rssi_min=0 crc_err=0 garbage=0 tx_lat=0.00000 tx_lon=0.00000 sats=0 fix=0 utc=0 tx_fw=none rx_fw=unknown
PHASE_GUARD 500
LORA_CFG path=1 bw=0x0F sf=7
PHASE_START 2 HF-LoRa-SF7-128 pktSize=128
2026-07-26T12:22:36.934890+00:00 PHASE_RESULT 2 HF-LoRa-SF7-128 pktSize=128 rx=0 unique=0 lost=20 per=100.0 rssi_avg=0 rssi_min=0 crc_err=0 garbage=0 tx_lat=0.00000 tx_lon=0.00000 sats=0 fix=0 utc=0 tx_fw=none rx_fw=unknown
PHASE_GUARD 500
LORA_CFG path=1 bw=0x0F sf=7
PHASE_START 3 HF-LoRa-SF7-255 pktSize=255
2026-07-26T12:22:37.953207+00:00 TIME_SYNCED utc=1785068556 offset=1785062474
2026-07-26T12:22:40.022807+00:00 PHASE_RESULT 3 HF-LoRa-SF7-255 pktSize=255 rx=0 unique=0 lost=20 per=100.0 rssi_avg=0 rssi_min=0 crc_err=0 garbage=0 tx_lat=0.00000 tx_lon=0.00000 sats=0 fix=0 utc=0 tx_fw=none rx_fw=unknown
PHASE_GUARD 500
LORA_CFG path=1 bw=0x0F sf=9
PHASE_START 4 HF-LoRa-SF9-32 pktSize=32
TIME_SYNCED utc=1785068559 offset=1785062474
2026-07-26T12:22:42.088453+00:00 PHASE_RESULT 4 HF-LoRa-SF9-32 pktSize=32 rx=0 unique=0 lost=20 per=100.0 rssi_avg=0 rssi_min=0 crc_err=0 garbage=0 tx_lat=0.00000 tx_lon=0.00000 sats=0 fix=0 utc=0 tx_fw=none rx_fw=unknown
PHASE_GUARD 500
LORA_CFG path=1 bw=0x0F sf=9
PHASE_START 5 HF-LoRa-SF9-64 pktSize=64
2026-07-26T12:22:45.207958+00:00 PHASE_RESULT 5 HF-LoRa-SF9-64 pktSize=64 rx=0 unique=0 lost=20 per=100.0 rssi_avg=0 rssi_min=0 crc_err=0 garbage=0 tx_lat=0.00000 tx_lon=0.00000 sats=0 fix=0 utc=0 tx_fw=none rx_fw=unknown
PHASE_GUARD 500
LORA_CFG path=1 bw=0x0F sf=9
PHASE_START 6 HF-LoRa-SF9-128 pktSize=128
2026-07-26T12:22:48.327201+00:00 TIME_SYNCED utc=1785068567 offset=1785062475
PHASE_RESULT 6 HF-LoRa-SF9-128 pktSize=128 rx=0 unique=0 lost=13 per=100.0 rssi_avg=0 rssi_min=0 crc_err=0 garbage=0 tx_lat=0.00000 tx_lon=0.00000 sats=0 fix=0 utc=0 tx_fw=none rx_fw=unknown
PHASE_GUARD 500
LORA_CFG path=1 bw=0x0F sf=9
PHASE_START 7 HF-LoRa-SF9-255 pktSize=255
2026-07-26T12:22:50.395462+00:00 TIME_SYNCED utc=1785068569 offset=1785062474
2026-07-26T12:22:51.411215+00:00 PHASE_RESULT 7 HF-LoRa-SF9-255 pktSize=255 rx=0 unique=0 lost=6 per=100.0 rssi_avg=0 rssi_min=0 crc_err=0 garbage=0 tx_lat=0.00000 tx_lon=0.00000 sats=0 fix=0 utc=0 tx_fw=none rx_fw=unknown
PHASE_GUARD 500
LORA_CFG path=1 bw=0x0F sf=12
2026-07-26T12:22:52.422300+00:00 PHASE_START 8 HF-LoRa-SF12-32 pktSize=32
2026-07-26T12:22:54.477982+00:00 PHASE_RESULT 8 HF-LoRa-SF12-32 pktSize=32 rx=0 unique=0 lost=2 per=100.0 rssi_avg=0 rssi_min=0 crc_err=0 garbage=0 tx_lat=0.00000 tx_lon=0.00000 sats=0 fix=0 utc=0 tx_fw=none rx_fw=unknown
PHASE_GUARD 500
LORA_CFG path=1 bw=0x0F sf=12
PHASE_START 9 HF-LoRa-SF12-64 pktSize=64
2026-07-26T12:22:57.597831+00:00 PHASE_RESULT 9 HF-LoRa-SF12-64 pktSize=64 rx=0 unique=0 lost=1 per=100.0 rssi_avg=0 rssi_min=0 crc_err=0 garbage=0 tx_lat=0.00000 tx_lon=0.00000 sats=0 fix=0 utc=0 tx_fw=none rx_fw=unknown
PHASE_GUARD 500
LORA_CFG path=1 bw=0x0F sf=12
PHASE_START 10 HF-LoRa-SF12-128 pktSize=128
2026-07-26T12:22:58.617334+00:00 TIME_SYNCED utc=1785068577 offset=1785062474
2026-07-26T12:22:59.628311+00:00 TIME_SYNCED utc=1785068579 offset=1785062474
2026-07-26T12:23:02.746606+00:00 PHASE_RESULT 10 HF-LoRa-SF12-128 pktSize=128 rx=0 unique=0 lost=1 per=100.0 rssi_avg=0 rssi_min=0 crc_err=0 garbage=0 tx_lat=0.00000 tx_lon=0.00000 sats=0 fix=0 utc=0 tx_fw=none rx_fw=unknown
PHASE_GUARD 500
LORA_CFG path=1 bw=0x0F sf=12
PHASE_START 11 HF-LoRa-SF12-255 pktSize=255
2026-07-26T12:23:09.021884+00:00 TIME_SYNCED utc=1785068588 offset=1785062475
2026-07-26T12:23:10.033224+00:00 TIME_SYNCED utc=1785068589 offset=1785062474
2026-07-26T12:23:13.153139+00:00 PHASE_RESULT 11 HF-LoRa-SF12-255 pktSize=255 rx=0 unique=0 lost=1 per=100.0 rssi_avg=0 rssi_min=0 crc_err=0 garbage=0 tx_lat=0.00000 tx_lon=0.00000 sats=0 fix=0 utc=0 tx_fw=none rx_fw=unknown
PHASE_GUARD 500
PHASE_START 12 HF-FLRC-2600-32 pktSize=32
SYNC_NOT_FOUND first4=B466F2E2
SYNC_NOT_FOUND first4=E090A928
SYNC_NOT_FOUND first4=5F0DDB3A
2026-07-26T12:23:14.169308+00:00 SYNC_NOT_FOUND first4=70C01F13
SYNC_NOT_FOUND first4=7E22DB4A
SYNC_NOT_FOUND first4=62954054
SYNC_NOT_FOUND first4=D271D46F
SYNC_NOT_FOUND first4=A64B9DE7
SYNC_NOT_FOUND first4=813F285A
SYNC_NOT_FOUND first4=F058167F
SYNC_NOT_FOUND first4=286ECFD5
2026-07-26T12:23:15.180985+00:00 SYNC_NOT_FOUND first4=2EE47775
SYNC_NOT_FOUND first4=27436486
PHASE_RESULT 12 HF-FLRC-2600-32 pktSize=32 rx=0 unique=0 lost=100 per=100.0 rssi_avg=0 rssi_min=0 crc_err=0 garbage=13 tx_lat=0.00000 tx_lon=0.00000 sats=0 fix=0 utc=0 tx_fw=none rx_fw=unknown
PHASE_GUARD 500
PHASE_START 13 HF-FLRC-2600-64 pktSize=64
SYNC_NOT_FOUND first4=460152C9
2026-07-26T12:23:16.191965+00:00 SYNC_NOT_FOUND first4=26431555
SYNC_NOT_FOUND first4=5220A580
SYNC_NOT_FOUND first4=D1C65B6D
2026-07-26T12:23:17.208764+00:00 SYNC_NOT_FOUND first4=EC0C54AA
PHASE_RESULT 13 HF-FLRC-2600-64 pktSize=64 rx=0 unique=0 lost=100 per=100.0 rssi_avg=0 rssi_min=0 crc_err=0 garbage=5 tx_lat=0.00000 tx_lon=0.00000 sats=0 fix=0 utc=0 tx_fw=none rx_fw=unknown
PHASE_GUARD 500
PHASE_START 14 HF-FLRC-2600-128 pktSize=128
SYNC_NOT_FOUND first4=02323CCE
SYNC_NOT_FOUND first4=575BE8F3
SYNC_NOT_FOUND first4=A66AA11C
SYNC_NOT_FOUND first4=96CB1C39
SYNC_NOT_FOUND first4=5179F1B9
SYNC_NOT_FOUND first4=96969619
SYNC_NOT_FOUND first4=5593A3E1
2026-07-26T12:23:18.220139+00:00 SYNC_NOT_FOUND first4=37A6A6BF
SYNC_NOT_FOUND first4=75A9A1C1
SYNC_NOT_FOUND first4=CC2A4076
SYNC_NOT_FOUND first4=A002892C
2026-07-26T12:23:19.237286+00:00 TIME_SYNCED utc=1785068598 offset=1785062475
PHASE_RESULT 14 HF-FLRC-2600-128 pktSize=128 rx=0 unique=0 lost=100 per=100.0 rssi_avg=0 rssi_min=0 crc_err=0 garbage=11 tx_lat=0.00000 tx_lon=0.00000 sats=0 fix=0 utc=0 tx_fw=none rx_fw=unknown
PHASE_GUARD 500
PHASE_START 15 HF-FLRC-2600-255 pktSize=255
SYNC_NOT_FOUND first4=374AE9F5
2026-07-26T12:23:20.241796+00:00 PHASE_RESULT 15 HF-FLRC-2600-255 pktSize=255 rx=0 unique=0 lost=100 per=100.0 rssi_avg=0 rssi_min=0 crc_err=0 garbage=1 tx_lat=0.00000 tx_lon=0.00000 sats=0 fix=0 utc=0 tx_fw=none rx_fw=unknown
PHASE_GUARD 500
PHASE_START 16 HF-FLRC-1300-32 pktSize=32
TIME_SYNCED utc=1785068599 offset=1785062474
PHASE_RESULT 16 HF-FLRC-1300-32 pktSize=32 rx=0 unique=0 lost=100 per=100.0 rssi_avg=0 rssi_min=0 crc_err=0 garbage=0 tx_lat=0.00000 tx_lon=0.00000 sats=0 fix=0 utc=0 tx_fw=none rx_fw=unknown
PHASE_GUARD 500
PHASE_START 15 HF-FLRC-2600-255 pktSize=255
SYNC_NOT_FOUND first4=2AC3D38D
SYNC_NOT_FOUND first4=3D700A71
SYNC_NOT_FOUND first4=8D8E49BC
2026-07-26T12:23:21.253125+00:00 PHASE_RESULT 15 HF-FLRC-2600-255 pktSize=255 rx=0 unique=0 lost=100 per=100.0 rssi_avg=0 rssi_min=0 crc_err=0 garbage=3 tx_lat=0.00000 tx_lon=0.00000 sats=0 fix=0 utc=0 tx_fw=none rx_fw=unknown
PHASE_GUARD 500
PHASE_START 16 HF-FLRC-1300-32 pktSize=32
SYNC_NOT_FOUND first4=25D87E3C
2026-07-26T12:23:22.266221+00:00 SYNC_NOT_FOUND first4=6FC21036
SYNC_NOT_FOUND first4=4B53F6DE
SYNC_NOT_FOUND first4=DC88E710
SYNC_NOT_FOUND first4=A87B1A86
2026-07-26T12:23:23.275636+00:00 PHASE_RESULT 16 HF-FLRC-1300-32 pktSize=32 rx=0 unique=0 lost=100 per=100.0 rssi_avg=0 rssi_min=0 crc_err=0 garbage=5 tx_lat=0.00000 tx_lon=0.00000 sats=0 fix=0 utc=0 tx_fw=none rx_fw=unknown
PHASE_GUARD 500
PHASE_START 17 HF-FLRC-1300-64 pktSize=64
SYNC_NOT_FOUND first4=7927653C
SYNC_NOT_FOUND first4=18FC14A5
SYNC_NOT_FOUND first4=63899DAC
SYNC_NOT_FOUND first4=06F37B21
SYNC_NOT_FOUND first4=5F58E643
SYNC_NOT_FOUND first4=FC3CEDF1
SYNC_NOT_FOUND first4=44CECAAE
2026-07-26T12:23:24.282080+00:00 SYNC_NOT_FOUND first4=5DA7365E
SYNC_NOT_FOUND first4=8A0F6346
SYNC_NOT_FOUND first4=A7AB9B56
SYNC_NOT_FOUND first4=B3B1992E
SYNC_NOT_FOUND first4=1AF486F5
2026-07-26T12:23:25.293612+00:00 PHASE_RESULT 17 HF-FLRC-1300-64 pktSize=64 rx=0 unique=0 lost=100 per=100.0 rssi_avg=0 rssi_min=0 crc_err=0 garbage=12 tx_lat=0.00000 tx_lon=0.00000 sats=0 fix=0 utc=0 tx_fw=none rx_fw=unknown
PHASE_GUARD 500
PHASE_START 18 HF-FLRC-1300-128 pktSize=128
SYNC_NOT_FOUND first4=9D58C29A
SYNC_NOT_FOUND first4=93112739
SYNC_NOT_FOUND first4=62484B04
2026-07-26T12:23:26.305021+00:00 SYNC_NOT_FOUND first4=505D4DC6
SYNC_NOT_FOUND first4=46A5C6FF
SYNC_NOT_FOUND first4=E48D3762
2026-07-26T12:23:27.317048+00:00 PHASE_RESULT 18 HF-FLRC-1300-128 pktSize=128 rx=0 unique=0 lost=100 per=100.0 rssi_avg=0 rssi_min=0 crc_err=0 garbage=6 tx_lat=0.00000 tx_lon=0.00000 sats=0 fix=0 utc=0 tx_fw=none rx_fw=unknown
PHASE_GUARD 500
PHASE_START 19 HF-FLRC-1300-255 pktSize=255
SYNC_NOT_FOUND first4=807D8BA7
2026-07-26T12:23:28.328128+00:00 SYNC_NOT_FOUND first4=E2765F62
SYNC_NOT_FOUND first4=0995F638
PHASE_RESULT 19 HF-FLRC-1300-255 pktSize=255 rx=0 unique=0 lost=100 per=100.0 rssi_avg=0 rssi_min=0 crc_err=0 garbage=3 tx_lat=0.00000 tx_lon=0.00000 sats=0 fix=0 utc=0 tx_fw=none rx_fw=unknown
2026-07-26T12:23:29.340277+00:00 PHASE_GUARD 500
PHASE_START 20 HF-FLRC-650-32 pktSize=32
TIME_SYNCED utc=1785068608 offset=1785062474
SYNC_NOT_FOUND first4=91DB7F79
SYNC_NOT_FOUND first4=A8059F7A
SYNC_NOT_FOUND first4=3043D71C
SYNC_NOT_FOUND first4=D6869E9C
SYNC_NOT_FOUND first4=4A9D6F9E
SYNC_NOT_FOUND first4=1CFEA855
SYNC_NOT_FOUND first4=374D67A8
SYNC_NOT_FOUND first4=FC753831
SYNC_NOT_FOUND first4=454BFE1E
SYNC_NOT_FOUND first4=952C87C2
SYNC_NOT_FOUND first4=41CD33CE
SYNC_NOT_FOUND first4=17AC88C2
SYNC_NOT_FOUND first4=12CAF4FC
SYNC_NOT_FOUND first4=E456FA9C
SYNC_NOT_FOUND first4=53D468AD
SYNC_NOT_FOUND first4=A229CCEB
2026-07-26T12:23:30.351534+00:00 SYNC_NOT_FOUND first4=A841582B
SYNC_NOT_FOUND first4=FA847FE8
TIME_SYNCED utc=1785068609 offset=1785062474
SYNC_NOT_FOUND first4=155EE083
SYNC_NOT_FOUND first4=D71C92C9
SYNC_NOT_FOUND first4=90D9C7B7
SYNC_NOT_FOUND first4=D14F40A3
SYNC_NOT_FOUND first4=72B73690
SYNC_NOT_FOUND first4=347C35C9
SYNC_NOT_FOUND first4=2B6DF7D2
SYNC_NOT_FOUND first4=6D751F03
SYNC_NOT_FOUND first4=4C100F62
SYNC_NOT_FOUND first4=1288BB7B
SYNC_NOT_FOUND first4=CB8A26D0
SYNC_NOT_FOUND first4=0726999C
SYNC_NOT_FOUND first4=0784DA04
SYNC_NOT_FOUND first4=1B65C244
SYNC_NOT_FOUND first4=EA884152
SYNC_NOT_FOUND first4=3F8FF104
PHASE_RESULT 20 HF-FLRC-650-32 pktSize=32 rx=0 unique=0 lost=100 per=100.0 rssi_avg=0 rssi_min=0 crc_err=0 garbage=34 tx_lat=0.00000 tx_lon=0.00000 sats=0 fix=0 utc=0 tx_fw=none rx_fw=unknown
PHASE_GUARD 500
2026-07-26T12:23:31.362603+00:00 PHASE_START 21 HF-FLRC-650-64 pktSize=64
SYNC_NOT_FOUND first4=39185C88
SYNC_NOT_FOUND first4=D8038EBF
SYNC_NOT_FOUND first4=E183892D
SYNC_NOT_FOUND first4=674B9CDC
SYNC_NOT_FOUND first4=97C20427
SYNC_NOT_FOUND first4=A292640E
SYNC_NOT_FOUND first4=752A0AE5
SYNC_NOT_FOUND first4=B778DF2E
SYNC_NOT_FOUND first4=239ABDD7
SYNC_NOT_FOUND first4=92FDBD01
SYNC_NOT_FOUND first4=BECBC67F
SYNC_NOT_FOUND first4=16BA1DD0
SYNC_NOT_FOUND first4=119DE902
SYNC_NOT_FOUND first4=3B8C1F4B
SYNC_NOT_FOUND first4=91A3DD7E
SYNC_NOT_FOUND first4=64B2C2D7
SYNC_NOT_FOUND first4=27A87CBD
SYNC_NOT_FOUND first4=D105A1E8
SYNC_NOT_FOUND first4=8152BF9C
SYNC_NOT_FOUND first4=9518B073
SYNC_NOT_FOUND first4=CFA0FD30
2026-07-26T12:23:32.374314+00:00 SYNC_NOT_FOUND first4=DA75E3DD
SYNC_NOT_FOUND first4=AB332A4F
SYNC_NOT_FOUND first4=C2C18924
SYNC_NOT_FOUND first4=C65B4024
SYNC_NOT_FOUND first4=A8CCEDAD
SYNC_NOT_FOUND first4=F2AE449C
SYNC_NOT_FOUND first4=EE166E60
SYNC_NOT_FOUND first4=A89F644B
SYNC_NOT_FOUND first4=E9D3C620
SYNC_NOT_FOUND first4=D821F6AC
SYNC_NOT_FOUND first4=3665ED65
SYNC_NOT_FOUND first4=2C5A3F9D
SYNC_NOT_FOUND first4=02BCA014
SYNC_NOT_FOUND first4=3697F9A2
SYNC_NOT_FOUND first4=72845325
SYNC_NOT_FOUND first4=F5A85748
SYNC_NOT_FOUND first4=5F23ED0B
SYNC_NOT_FOUND first4=8B463259
PHASE_RESULT 21 HF-FLRC-650-64 pktSize=64 rx=0 unique=0 lost=100 per=100.0 rssi_avg=0 rssi_min=0 crc_err=0 garbage=39 tx_lat=0.00000 tx_lon=0.00000 sats=0 fix=0 utc=0 tx_fw=none rx_fw=unknown
PHASE_GUARD 500
2026-07-26T12:23:33.378129+00:00 PHASE_START 22 HF-FLRC-650-128 pktSize=128
SYNC_NOT_FOUND first4=33E0250E
SYNC_NOT_FOUND first4=DDAA8360
SYNC_NOT_FOUND first4=4FC113CD
SYNC_NOT_FOUND first4=3089BC24
SYNC_NOT_FOUND first4=A2F7A6FA
SYNC_NOT_FOUND first4=45919BCA
SYNC_NOT_FOUND first4=65160B6A
SYNC_NOT_FOUND first4=ED4B46CB
SYNC_NOT_FOUND first4=A056EABF
SYNC_NOT_FOUND first4=213F40EF
SYNC_NOT_FOUND first4=81A1D18D
SYNC_NOT_FOUND first4=A53019ED
SYNC_NOT_FOUND first4=8B7584DB
SYNC_NOT_FOUND first4=0B476A3C
SYNC_NOT_FOUND first4=3BEB0559
SYNC_NOT_FOUND first4=9B552125
SYNC_NOT_FOUND first4=8CA9F6F6
2026-07-26T12:23:34.381612+00:00 SYNC_NOT_FOUND first4=20DCC7A9
SYNC_NOT_FOUND first4=6D94F0D6
SYNC_NOT_FOUND first4=23671C5A
SYNC_NOT_FOUND first4=329FE228
SYNC_NOT_FOUND first4=458F0BC1
SYNC_NOT_FOUND first4=28290E72
SYNC_NOT_FOUND first4=AA54891E
SYNC_NOT_FOUND first4=68AC74A0
SYNC_NOT_FOUND first4=C1B13639
SYNC_NOT_FOUND first4=DDE02445
SYNC_NOT_FOUND first4=505A8DBC
SYNC_NOT_FOUND first4=05734431
SYNC_NOT_FOUND first4=79C86A08
SYNC_NOT_FOUND first4=45CCD99E
SYNC_NOT_FOUND first4=D5436A5E
SYNC_NOT_FOUND first4=BC6A585F
PHASE_RESULT 22 HF-FLRC-650-128 pktSize=128 rx=0 unique=0 lost=100 per=100.0 rssi_avg=0 rssi_min=0 crc_err=0 garbage=33 tx_lat=0.00000 tx_lon=0.00000 sats=0 fix=0 utc=0 tx_fw=none rx_fw=unknown
PHASE_GUARD 500
2026-07-26T12:23:35.392734+00:00 PHASE_START 23 HF-FLRC-650-255 pktSize=255
SYNC_NOT_FOUND first4=629F64D3
SYNC_NOT_FOUND first4=28A3D0F8
SYNC_NOT_FOUND first4=E36A124C
SYNC_NOT_FOUND first4=83BA4332
SYNC_NOT_FOUND first4=EE6D5623
SYNC_NOT_FOUND first4=81FFE148
SYNC_NOT_FOUND first4=32C125DB
SYNC_NOT_FOUND first4=D55D6DEA
SYNC_NOT_FOUND first4=6BC9C122
SYNC_NOT_FOUND first4=9C41C3D0
SYNC_NOT_FOUND first4=BA127C72
SYNC_NOT_FOUND first4=71D8F6A8
SYNC_NOT_FOUND first4=D36596E4
SYNC_NOT_FOUND first4=EF15D883
SYNC_NOT_FOUND first4=8E7E48C0
SYNC_NOT_FOUND first4=EA82806B
SYNC_NOT_FOUND first4=C792F514
SYNC_NOT_FOUND first4=3BB1269D
2026-07-26T12:23:36.403439+00:00 SYNC_NOT_FOUND first4=E862C046
SYNC_NOT_FOUND first4=B3A0C12D
SYNC_NOT_FOUND first4=7D90ADA9
SYNC_NOT_FOUND first4=10951EB5
SYNC_NOT_FOUND first4=D80E3B8F
SYNC_NOT_FOUND first4=CCBDD3A2
SYNC_NOT_FOUND first4=FFE8ECEA
SYNC_NOT_FOUND first4=2A393420
SYNC_NOT_FOUND first4=154A4128
SYNC_NOT_FOUND first4=35DDBCA1
SYNC_NOT_FOUND first4=4874A3E0
SYNC_NOT_FOUND first4=89D4EC75
SYNC_NOT_FOUND first4=B9DD2B37
SYNC_NOT_FOUND first4=016E2276
SYNC_NOT_FOUND first4=5C881085
SYNC_NOT_FOUND first4=6D4A1AF4
SYNC_NOT_FOUND first4=A4155F66
SYNC_NOT_FOUND first4=69160246
PHASE_RESULT 23 HF-FLRC-650-255 pktSize=255 rx=0 unique=0 lost=100 per=100.0 rssi_avg=0 rssi_min=0 crc_err=0 garbage=36 tx_lat=0.00000 tx_lon=0.00000 sats=0 fix=0 utc=0 tx_fw=none rx_fw=unknown
PHASE_GUARD 500
2026-07-26T12:23:37.417214+00:00 PHASE_START 24 HF-FLRC-325-32 pktSize=32
SYNC_NOT_FOUND first4=701DEC86
SYNC_NOT_FOUND first4=175E8FF3
SYNC_NOT_FOUND first4=0791C733
2026-07-26T12:23:38.426488+00:00 SYNC_NOT_FOUND first4=760E87D2
PHASE_RESULT 24 HF-FLRC-325-32 pktSize=32 rx=0 unique=0 lost=100 per=100.0 rssi_avg=0 rssi_min=0 crc_err=0 garbage=4 tx_lat=0.00000 tx_lon=0.00000 sats=0 fix=0 utc=0 tx_fw=none rx_fw=unknown
PHASE_GUARD 500
2026-07-26T12:23:39.431713+00:00 PHASE_START 25 HF-FLRC-325-64 pktSize=64
TIME_SYNCED utc=1785068618 offset=1785062474
SYNC_NOT_FOUND first4=CF25B8A7
SYNC_NOT_FOUND first4=4DCCF70F
SYNC_NOT_FOUND first4=F43099B3
SYNC_NOT_FOUND first4=387D44CD
2026-07-26T12:23:40.446841+00:00 TIME_SYNCED utc=1785068619 offset=1785062474
SYNC_NOT_FOUND first4=3F586728
SYNC_NOT_FOUND first4=75576740
PHASE_RESULT 25 HF-FLRC-325-64 pktSize=64 rx=0 unique=0 lost=100 per=100.0 rssi_avg=0 rssi_min=0 crc_err=0 garbage=6 tx_lat=0.00000 tx_lon=0.00000 sats=0 fix=0 utc=0 tx_fw=none rx_fw=unknown
PHASE_GUARD 500
2026-07-26T12:23:41.450215+00:00 PHASE_START 26 HF-FLRC-325-128 pktSize=128
2026-07-26T12:23:42.459937+00:00 SYNC_NOT_FOUND first4=1E511634
PHASE_RESULT 26 HF-FLRC-325-128 pktSize=128 rx=0 unique=0 lost=100 per=100.0 rssi_avg=0 rssi_min=0 crc_err=0 garbage=1 tx_lat=0.00000 tx_lon=0.00000 sats=0 fix=0 utc=0 tx_fw=none rx_fw=unknown
PHASE_GUARD 500
2026-07-26T12:23:43.479278+00:00 PHASE_START 27 HF-FLRC-325-255 pktSize=255
SYNC_NOT_FOUND first4=0B0F9DD5
2026-07-26T12:23:44.495367+00:00 SYNC_NOT_FOUND first4=5C27E959
SYNC_NOT_FOUND first4=CDB7621C
SYNC_NOT_FOUND first4=D63422B7
PHASE_RESULT 27 HF-FLRC-325-255 pktSize=255 rx=0 unique=0 lost=100 per=100.0 rssi_avg=0 rssi_min=0 crc_err=0 garbage=4 tx_lat=0.00000 tx_lon=0.00000 sats=0 fix=0 utc=0 tx_fw=none rx_fw=unknown
PHASE_GUARD 500
LORA_CFG path=0 bw=0x05 sf=7
PHASE_START 28 LF-LoRa-SF7-32 pktSize=32
2026-07-26T12:23:45.514213+00:00 SYNC_NOT_FOUND first4=4B65F073
SYNC_NOT_FOUND first4=94112304
2026-07-26T12:23:46.524856+00:00 PHASE_RESULT 28 LF-LoRa-SF7-32 pktSize=32 rx=0 unique=0 lost=20 per=100.0 rssi_avg=0 rssi_min=0 crc_err=0 garbage=2 tx_lat=0.00000 tx_lon=0.00000 sats=0 fix=0 utc=0 tx_fw=none rx_fw=unknown
PHASE_GUARD 500
LORA_CFG path=0 bw=0x05 sf=7
PHASE_START 29 LF-LoRa-SF7-64 pktSize=64
2026-07-26T12:23:47.535914+00:00 SYNC_NOT_FOUND first4=9DBBB1B1
2026-07-26T12:23:49.590884+00:00 TIME_SYNCED utc=1785068628 offset=1785062474
SYNC_NOT_FOUND first4=E7D777C2
PHASE_RESULT 29 LF-LoRa-SF7-64 pktSize=64 rx=0 unique=0 lost=20 per=100.0 rssi_avg=0 rssi_min=0 crc_err=0 garbage=2 tx_lat=0.00000 tx_lon=0.00000 sats=0 fix=0 utc=0 tx_fw=none rx_fw=unknown
PHASE_GUARD 500
LORA_CFG path=0 bw=0x05 sf=7
PHASE_START 30 LF-LoRa-SF7-128 pktSize=128
2026-07-26T12:23:50.607262+00:00 SYNC_NOT_FOUND first4=753327C2
TIME_SYNCED utc=1785068629 offset=1785062474
SYNC_NOT_FOUND first4=C2439E54
2026-07-26T12:23:51.618252+00:00 SYNC_NOT_FOUND first4=AD9A77CF
2026-07-26T12:23:52.631096+00:00 SYNC_NOT_FOUND first4=43A4E5C0
2026-07-26T12:23:53.649274+00:00 PHASE_RESULT 30 LF-LoRa-SF7-128 pktSize=128 rx=0 unique=0 lost=13 per=100.0 rssi_avg=0 rssi_min=0 crc_err=0 garbage=4 tx_lat=0.00000 tx_lon=0.00000 sats=0 fix=0 utc=0 tx_fw=none rx_fw=unknown
PHASE_GUARD 500
LORA_CFG path=0 bw=0x05 sf=7
PHASE_START 31 LF-LoRa-SF7-255 pktSize=255
2026-07-26T12:23:57.808236+00:00 PHASE_RESULT 31 LF-LoRa-SF7-255 pktSize=255 rx=0 unique=0 lost=7 per=100.0 rssi_avg=0 rssi_min=0 crc_err=0 garbage=0 tx_lat=0.00000 tx_lon=0.00000 sats=0 fix=0 utc=0 tx_fw=none rx_fw=unknown
PHASE_GUARD 500
LORA_CFG path=0 bw=0x05 sf=9
PHASE_START 32 LF-LoRa-SF9-32 pktSize=32
2026-07-26T12:23:59.876838+00:00 TIME_SYNCED utc=1785068638 offset=1785062474
TIME_SYNCED utc=1785068639 offset=1785062474
2026-07-26T12:24:01.948932+00:00 PHASE_RESULT 32 LF-LoRa-SF9-32 pktSize=32 rx=0 unique=0 lost=7 per=100.0 rssi_avg=0 rssi_min=0 crc_err=0 garbage=0 tx_lat=0.00000 tx_lon=0.00000 sats=0 fix=0 utc=0 tx_fw=none rx_fw=unknown
PHASE_GUARD 500
LORA_CFG path=0 bw=0x05 sf=9
PHASE_START 33 LF-LoRa-SF9-64 pktSize=64
2026-07-26T12:24:05.070147+00:00 PHASE_RESULT 33 LF-LoRa-SF9-64 pktSize=64 rx=0 unique=0 lost=3 per=100.0 rssi_avg=0 rssi_min=0 crc_err=0 garbage=0 tx_lat=0.00000 tx_lon=0.00000 sats=0 fix=0 utc=0 tx_fw=none rx_fw=unknown
PHASE_GUARD 500
LORA_CFG path=0 bw=0x05 sf=9
PHASE_START 34 LF-LoRa-SF9-128 pktSize=128
2026-07-26T12:24:07.134251+00:00 PHASE_RESULT 34 LF-LoRa-SF9-128 pktSize=128 rx=0 unique=0 lost=1 per=100.0 rssi_avg=0 rssi_min=0 crc_err=0 garbage=0 tx_lat=0.00000 tx_lon=0.00000 sats=0 fix=0 utc=0 tx_fw=none rx_fw=unknown
PHASE_GUARD 500
LORA_CFG path=0 bw=0x05 sf=9
PHASE_START 35 LF-LoRa-SF9-255 pktSize=255
2026-07-26T12:24:10.247232+00:00 TIME_SYNCED utc=1785068649 offset=1785062475
PHASE_RESULT 35 LF-LoRa-SF9-255 pktSize=255 rx=0 unique=0 lost=1 per=100.0 rssi_avg=0 rssi_min=0 crc_err=0 garbage=0 tx_lat=0.00000 tx_lon=0.00000 sats=0 fix=0 utc=0 tx_fw=none rx_fw=unknown
PHASE_GUARD 500
LORA_CFG path=0 bw=0x05 sf=12
PHASE_START 36 LF-LoRa-SF12-32 pktSize=32
TIME_SYNCED utc=1785068649 offset=1785062474
PHASE_RESULT 36 LF-LoRa-SF12-32 pktSize=32 rx=0 unique=0 lost=1 per=100.0 rssi_avg=0 rssi_min=0 crc_err=0 garbage=0 tx_lat=0.00000 tx_lon=0.00000 sats=0 fix=0 utc=0 tx_fw=none rx_fw=unknown
PHASE_GUARD 500
LORA_CFG path=0 bw=0x05 sf=9
PHASE_START 35 LF-LoRa-SF9-255 pktSize=255
2026-07-26T12:24:11.251269+00:00 PHASE_RESULT 35 LF-LoRa-SF9-255 pktSize=255 rx=0 unique=0 lost=1 per=100.0 rssi_avg=0 rssi_min=0 crc_err=0 garbage=0 tx_lat=0.00000 tx_lon=0.00000 sats=0 fix=0 utc=0 tx_fw=none rx_fw=unknown
PHASE_GUARD 500
LORA_CFG path=0 bw=0x05 sf=12
PHASE_START 36 LF-LoRa-SF12-32 pktSize=32
2026-07-26T12:24:20.665603+00:00 TIME_SYNCED utc=1785068659 offset=1785062474
TIME_SYNCED utc=1785068659 offset=1785062474
2026-07-26T12:24:25.889868+00:00 PHASE_RESULT 36 LF-LoRa-SF12-32 pktSize=32 rx=0 unique=0 lost=1 per=100.0 rssi_avg=0 rssi_min=0 crc_err=0 garbage=0 tx_lat=0.00000 tx_lon=0.00000 sats=0 fix=0 utc=0 tx_fw=none rx_fw=unknown
PHASE_GUARD 500
LORA_CFG path=0 bw=0x05 sf=12
PHASE_START 37 LF-LoRa-SF12-SKIP SKIP pktSize=64
2026-07-26T12:24:26.907803+00:00 PHASE_RESULT 37 LF-LoRa-SF12-SKIP pktSize=64 rx=0 unique=0 lost=0 per=0.0 rssi_avg=0 rssi_min=0 crc_err=0 garbage=0 tx_lat=0.00000 tx_lon=0.00000 sats=0 fix=0 utc=0 tx_fw=none rx_fw=unknown
PHASE_GUARD 500
LORA_CFG path=0 bw=0x05 sf=12
PHASE_START 38 LF-LoRa-SF12-SKIP SKIP pktSize=128
2026-07-26T12:24:27.911701+00:00 PHASE_RESULT 38 LF-LoRa-SF12-SKIP pktSize=128 rx=0 unique=0 lost=0 per=0.0 rssi_avg=0 rssi_min=0 crc_err=0 garbage=0 tx_lat=0.00000 tx_lon=0.00000 sats=0 fix=0 utc=0 tx_fw=none rx_fw=unknown
PHASE_GUARD 500
LORA_CFG path=0 bw=0x05 sf=12
PHASE_START 39 LF-LoRa-SF12-SKIP SKIP pktSize=255
2026-07-26T12:24:28.922972+00:00 PHASE_RESULT 39 LF-LoRa-SF12-SKIP pktSize=255 rx=0 unique=0 lost=0 per=0.0 rssi_avg=0 rssi_min=0 crc_err=0 garbage=0 tx_lat=0.00000 tx_lon=0.00000 sats=0 fix=0 utc=0 tx_fw=none rx_fw=unknown
PHASE_GUARD 500
PHASE_START 40 LF-FLRC-2600-32 pktSize=32
SYNC_NOT_FOUND first4=5802B3AD
2026-07-26T12:24:29.939400+00:00 TIME_SYNCED utc=1785068669 offset=1785062474
2026-07-26T12:24:30.951223+00:00 TIME_SYNCED utc=1785068669 offset=1785062474
PHASE_RESULT 40 LF-FLRC-2600-32 pktSize=32 rx=0 unique=0 lost=100 per=100.0 rssi_avg=0 rssi_min=0 crc_err=0 garbage=1 tx_lat=0.00000 tx_lon=0.00000 sats=0 fix=0 utc=0 tx_fw=none rx_fw=unknown
PHASE_GUARD 500
PHASE_START 41 LF-FLRC-2600-64 pktSize=64
2026-07-26T12:24:31.956021+00:00 SYNC_NOT_FOUND first4=88B17EB0
SYNC_NOT_FOUND first4=DEE79A3D
SYNC_NOT_FOUND first4=13CFFCDE
2026-07-26T12:24:32.970360+00:00 PHASE_RESULT 41 LF-FLRC-2600-64 pktSize=64 rx=0 unique=0 lost=100 per=100.0 rssi_avg=0 rssi_min=0 crc_err=0 garbage=3 tx_lat=0.00000 tx_lon=0.00000 sats=0 fix=0 utc=0 tx_fw=none rx_fw=unknown
PHASE_GUARD 500
PHASE_START 42 LF-FLRC-2600-128 pktSize=128
2026-07-26T12:24:33.982190+00:00 SYNC_NOT_FOUND first4=73C7A2A5
2026-07-26T12:24:34.996090+00:00 PHASE_RESULT 42 LF-FLRC-2600-128 pktSize=128 rx=0 unique=0 lost=100 per=100.0 rssi_avg=0 rssi_min=0 crc_err=0 garbage=1 tx_lat=0.00000 tx_lon=0.00000 sats=0 fix=0 utc=0 tx_fw=none rx_fw=unknown
PHASE_GUARD 500
PHASE_START 43 LF-FLRC-2600-255 pktSize=255
2026-07-26T12:24:37.060904+00:00 PHASE_RESULT 43 LF-FLRC-2600-255 pktSize=255 rx=0 unique=0 lost=100 per=100.0 rssi_avg=0 rssi_min=0 crc_err=0 garbage=0 tx_lat=0.00000 tx_lon=0.00000 sats=0 fix=0 utc=0 tx_fw=none rx_fw=unknown
PHASE_GUARD 500
PHASE_START 44 LF-FLRC-1300-32 pktSize=32
2026-07-26T12:24:38.073140+00:00 SYNC_NOT_FOUND first4=928D8A33
2026-07-26T12:24:39.084353+00:00 PHASE_RESULT 44 LF-FLRC-1300-32 pktSize=32 rx=0 unique=0 lost=100 per=100.0 rssi_avg=0 rssi_min=0 crc_err=0 garbage=1 tx_lat=0.00000 tx_lon=0.00000 sats=0 fix=0 utc=0 tx_fw=none rx_fw=unknown
PHASE_GUARD 500
PHASE_START 45 LF-FLRC-1300-64 pktSize=64
2026-07-26T12:24:40.096139+00:00 SYNC_NOT_FOUND first4=3BB3300A
TIME_SYNCED utc=1785068679 offset=1785062474
2026-07-26T12:24:41.108239+00:00 TIME_SYNCED utc=1785068680 offset=1785062475
PHASE_RESULT 45 LF-FLRC-1300-64 pktSize=64 rx=0 unique=0 lost=100 per=100.0 rssi_avg=0 rssi_min=0 crc_err=0 garbage=1 tx_lat=0.00000 tx_lon=0.00000 sats=0 fix=0 utc=0 tx_fw=none rx_fw=unknown
PHASE_GUARD 500
PHASE_START 46 LF-FLRC-1300-128 pktSize=128
2026-07-26T12:24:42.112475+00:00 SYNC_NOT_FOUND first4=02A8C2EB
SYNC_NOT_FOUND first4=1B4FE570
PHASE_RESULT 46 LF-FLRC-1300-128 pktSize=128 rx=0 unique=0 lost=100 per=100.0 rssi_avg=0 rssi_min=0 crc_err=0 garbage=2 tx_lat=0.00000 tx_lon=0.00000 sats=0 fix=0 utc=0 tx_fw=none rx_fw=unknown
PHASE_GUARD 500
PHASE_START 47 LF-FLRC-1300-255 pktSize=255
2026-07-26T12:24:44.175200+00:00 PHASE_RESULT 47 LF-FLRC-1300-255 pktSize=255 rx=0 unique=0 lost=100 per=100.0 rssi_avg=0 rssi_min=0 crc_err=0 garbage=0 tx_lat=0.00000 tx_lon=0.00000 sats=0 fix=0 utc=0 tx_fw=none rx_fw=unknown
PHASE_GUARD 500
PHASE_START 48 LF-FLRC-650-32 pktSize=32
SYNC_NOT_FOUND first4=BE33803C
2026-07-26T12:24:46.238188+00:00 PHASE_RESULT 48 LF-FLRC-650-32 pktSize=32 rx=0 unique=0 lost=100 per=100.0 rssi_avg=0 rssi_min=0 crc_err=0 garbage=1 tx_lat=0.00000 tx_lon=0.00000 sats=0 fix=0 utc=0 tx_fw=none rx_fw=unknown
PHASE_GUARD 500
PHASE_START 49 LF-FLRC-650-64 pktSize=64
SYNC_NOT_FOUND first4=40610EA5
SYNC_NOT_FOUND first4=43F4670F
SYNC_NOT_FOUND first4=AE14100E
SYNC_NOT_FOUND first4=981CDFC9
2026-07-26T12:24:48.301477+00:00 PHASE_RESULT 49 LF-FLRC-650-64 pktSize=64 rx=0 unique=0 lost=100 per=100.0 rssi_avg=0 rssi_min=0 crc_err=0 garbage=4 tx_lat=0.00000 tx_lon=0.00000 sats=0 fix=0 utc=0 tx_fw=none rx_fw=unknown
PHASE_GUARD 500
PHASE_START 50 LF-FLRC-650-128 pktSize=128
SYNC_NOT_FOUND first4=3C9B450E
2026-07-26T12:24:49.312469+00:00 SYNC_NOT_FOUND first4=E6AFC57B
SYNC_NOT_FOUND first4=68FC1EAF
SYNC_NOT_FOUND first4=89F09FC9
PHASE_RESULT 50 LF-FLRC-650-128 pktSize=128 rx=0 unique=0 lost=100 per=100.0 rssi_avg=0 rssi_min=0 crc_err=0 garbage=4 tx_lat=0.00000 tx_lon=0.00000 sats=0 fix=0 utc=0 tx_fw=none rx_fw=unknown
2026-07-26T12:24:50.330350+00:00 PHASE_GUARD 500
PHASE_START 51 LF-FLRC-650-255 pktSize=255
SYNC_NOT_FOUND first4=5AE7599D
TIME_SYNCED utc=1785068689 offset=1785062474
PHASE_RESULT 51 LF-FLRC-650-255 pktSize=255 rx=0 unique=0 lost=100 per=100.0 rssi_avg=0 rssi_min=0 crc_err=0 garbage=1 tx_lat=0.00000 tx_lon=0.00000 sats=0 fix=0 utc=0 tx_fw=none rx_fw=unknown
PHASE_GUARD 500
PHASE_START 50 LF-FLRC-650-128 pktSize=128
PHASE_RESULT 50 LF-FLRC-650-128 pktSize=128 rx=0 unique=0 lost=100 per=100.0 rssi_avg=0 rssi_min=0 crc_err=0 garbage=0 tx_lat=0.00000 tx_lon=0.00000 sats=0 fix=0 utc=0 tx_fw=none rx_fw=unknown
PHASE_GUARD 500
2026-07-26T12:24:51.340377+00:00 PHASE_START 51 LF-FLRC-650-255 pktSize=255
TIME_SYNCED utc=1785068690 offset=1785062474
SYNC_NOT_FOUND first4=4560A323
SYNC_NOT_FOUND first4=C55879CD
2026-07-26T12:24:52.351052+00:00 PHASE_RESULT 51 LF-FLRC-650-255 pktSize=255 rx=0 unique=0 lost=100 per=100.0 rssi_avg=0 rssi_min=0 crc_err=0 garbage=2 tx_lat=0.00000 tx_lon=0.00000 sats=0 fix=0 utc=0 tx_fw=none rx_fw=unknown
PHASE_GUARD 500
2026-07-26T12:24:53.355348+00:00 PHASE_START 52 LF-FLRC-325-32 pktSize=32
2026-07-26T12:24:54.366359+00:00 PHASE_RESULT 52 LF-FLRC-325-32 pktSize=32 rx=0 unique=0 lost=100 per=100.0 rssi_avg=0 rssi_min=0 crc_err=0 garbage=0 tx_lat=0.00000 tx_lon=0.00000 sats=0 fix=0 utc=0 tx_fw=none rx_fw=unknown
PHASE_GUARD 500
2026-07-26T12:24:55.370411+00:00 PHASE_START 53 LF-FLRC-325-64 pktSize=64
2026-07-26T12:24:56.381749+00:00 PHASE_RESULT 53 LF-FLRC-325-64 pktSize=64 rx=0 unique=0 lost=100 per=100.0 rssi_avg=0 rssi_min=0 crc_err=0 garbage=0 tx_lat=0.00000 tx_lon=0.00000 sats=0 fix=0 utc=0 tx_fw=none rx_fw=unknown
PHASE_GUARD 500
2026-07-26T12:24:57.398407+00:00 PHASE_START 54 LF-FLRC-325-128 pktSize=128
2026-07-26T12:24:58.409579+00:00 PHASE_RESULT 54 LF-FLRC-325-128 pktSize=128 rx=0 unique=0 lost=100 per=100.0 rssi_avg=0 rssi_min=0 crc_err=0 garbage=0 tx_lat=0.00000 tx_lon=0.00000 sats=0 fix=0 utc=0 tx_fw=none rx_fw=unknown
PHASE_GUARD 500
2026-07-26T12:24:59.421511+00:00 PHASE_START 55 LF-FLRC-325-255 pktSize=255
2026-07-26T12:25:00.432934+00:00 TIME_SYNCED utc=1785068699 offset=1785062474
SYNC_NOT_FOUND first4=6892D7BF
PHASE_RESULT 55 LF-FLRC-325-255 pktSize=255 rx=0 unique=0 lost=100 per=100.0 rssi_avg=0 rssi_min=0 crc_err=0 garbage=1 tx_lat=0.00000 tx_lon=0.00000 sats=0 fix=0 utc=0 tx_fw=none rx_fw=unknown
PHASE_GUARD 500
LORA_CFG path=1 bw=0x0F sf=7
2026-07-26T12:25:01.445239+00:00 PHASE_START 0 HF-LoRa-SF7-32 pktSize=32
TIME_SYNCED utc=1785068700 offset=1785062474
2026-07-26T12:25:02.448623+00:00 PHASE_RESULT 0 HF-LoRa-SF7-32 pktSize=32 rx=0 unique=0 lost=20 per=100.0 rssi_avg=0 rssi_min=0 crc_err=0 garbage=0 tx_lat=0.00000 tx_lon=0.00000 sats=0 fix=0 utc=0 tx_fw=none rx_fw=unknown
PHASE_GUARD 500
LORA_CFG path=1 bw=0x0F sf=7
PHASE_START 1 HF-LoRa-SF7-64 pktSize=64
2026-07-26T12:25:04.502555+00:00 PHASE_RESULT 1 HF-LoRa-SF7-64 pktSize=64 rx=0 unique=0 lost=20 per=100.0 rssi_avg=0 rssi_min=0 crc_err=0 garbage=0 tx_lat=0.00000 tx_lon=0.00000 sats=0 fix=0 utc=0 tx_fw=none rx_fw=unknown
PHASE_GUARD 500
LORA_CFG path=1 bw=0x0F sf=7
PHASE_START 2 HF-LoRa-SF7-128 pktSize=128
2026-07-26T12:25:06.570723+00:00 PHASE_RESULT 2 HF-LoRa-SF7-128 pktSize=128 rx=0 unique=0 lost=20 per=100.0 rssi_avg=0 rssi_min=0 crc_err=0 garbage=0 tx_lat=0.00000 tx_lon=0.00000 sats=0 fix=0 utc=0 tx_fw=none rx_fw=unknown
PHASE_GUARD 500
LORA_CFG path=1 bw=0x0F sf=7
PHASE_START 3 HF-LoRa-SF7-255 pktSize=255
2026-07-26T12:25:09.684605+00:00 PHASE_RESULT 3 HF-LoRa-SF7-255 pktSize=255 rx=0 unique=0 lost=20 per=100.0 rssi_avg=0 rssi_min=0 crc_err=0 garbage=0 tx_lat=0.00000 tx_lon=0.00000 sats=0 fix=0 utc=0 tx_fw=none rx_fw=unknown
PHASE_GUARD 500
LORA_CFG path=1 bw=0x0F sf=9
PHASE_START 4 HF-LoRa-SF9-32 pktSize=32
2026-07-26T12:25:10.696358+00:00 TIME_SYNCED utc=1785068709 offset=1785062474
2026-07-26T12:25:11.708123+00:00 TIME_SYNCED utc=1785068710 offset=1785062474
PHASE_RESULT 4 HF-LoRa-SF9-32 pktSize=32 rx=0 unique=0 lost=20 per=100.0 rssi_avg=0 rssi_min=0 crc_err=0 garbage=0 tx_lat=0.00000 tx_lon=0.00000 sats=0 fix=0 utc=0 tx_fw=none rx_fw=unknown
PHASE_GUARD 500
LORA_CFG path=1 bw=0x0F sf=9
PHASE_START 5 HF-LoRa-SF9-64 pktSize=64
2026-07-26T12:25:14.813734+00:00 PHASE_RESULT 5 HF-LoRa-SF9-64 pktSize=64 rx=0 unique=0 lost=20 per=100.0 rssi_avg=0 rssi_min=0 crc_err=0 garbage=0 tx_lat=0.00000 tx_lon=0.00000 sats=0 fix=0 utc=0 tx_fw=none rx_fw=unknown
PHASE_GUARD 500
LORA_CFG path=1 bw=0x0F sf=9
PHASE_START 6 HF-LoRa-SF9-128 pktSize=128
2026-07-26T12:25:18.985212+00:00 PHASE_RESULT 6 HF-LoRa-SF9-128 pktSize=128 rx=0 unique=0 lost=13 per=100.0 rssi_avg=0 rssi_min=0 crc_err=0 garbage=0 tx_lat=0.00000 tx_lon=0.00000 sats=0 fix=0 utc=0 tx_fw=none rx_fw=unknown
PHASE_GUARD 500
LORA_CFG path=1 bw=0x0F sf=9
PHASE_START 7 HF-LoRa-SF9-255 pktSize=255
2026-07-26T12:25:19.996502+00:00 TIME_SYNCED utc=1785068719 offset=1785062474
2026-07-26T12:25:22.069823+00:00 TIME_SYNCED utc=1785068721 offset=1785062475
PHASE_RESULT 7 HF-LoRa-SF9-255 pktSize=255 rx=0 unique=0 lost=6 per=100.0 rssi_avg=0 rssi_min=0 crc_err=0 garbage=0 tx_lat=0.00000 tx_lon=0.00000 sats=0 fix=0 utc=0 tx_fw=none rx_fw=unknown
PHASE_GUARD 500
LORA_CFG path=1 bw=0x0F sf=12
PHASE_START 8 HF-LoRa-SF12-32 pktSize=32
2026-07-26T12:25:24.133128+00:00 PHASE_RESULT 8 HF-LoRa-SF12-32 pktSize=32 rx=0 unique=0 lost=2 per=100.0 rssi_avg=0 rssi_min=0 crc_err=0 garbage=0 tx_lat=0.00000 tx_lon=0.00000 sats=0 fix=0 utc=0 tx_fw=none rx_fw=unknown
PHASE_GUARD 500
LORA_CFG path=1 bw=0x0F sf=12
PHASE_START 9 HF-LoRa-SF12-64 pktSize=64
2026-07-26T12:25:27.239229+00:00 PHASE_RESULT 9 HF-LoRa-SF12-64 pktSize=64 rx=0 unique=0 lost=1 per=100.0 rssi_avg=0 rssi_min=0 crc_err=0 garbage=0 tx_lat=0.00000 tx_lon=0.00000 sats=0 fix=0 utc=0 tx_fw=none rx_fw=unknown
PHASE_GUARD 500
LORA_CFG path=1 bw=0x0F sf=12
PHASE_START 10 HF-LoRa-SF12-128 pktSize=128
2026-07-26T12:25:30.349291+00:00 TIME_SYNCED utc=1785068729 offset=1785062474
2026-07-26T12:25:32.406529+00:00 TIME_SYNCED utc=1785068731 offset=1785062474
PHASE_RESULT 10 HF-LoRa-SF12-128 pktSize=128 rx=0 unique=0 lost=1 per=100.0 rssi_avg=0 rssi_min=0 crc_err=0 garbage=0 tx_lat=0.00000 tx_lon=0.00000 sats=0 fix=0 utc=0 tx_fw=none rx_fw=unknown
PHASE_GUARD 500
LORA_CFG path=1 bw=0x0F sf=12
2026-07-26T12:25:33.410655+00:00 PHASE_START 11 HF-LoRa-SF12-255 pktSize=255
2026-07-26T12:25:40.723550+00:00 TIME_SYNCED utc=1785068739 offset=1785062474
2026-07-26T12:25:42.778733+00:00 TIME_SYNCED utc=1785068741 offset=1785062474
PHASE_RESULT 11 HF-LoRa-SF12-255 pktSize=255 rx=0 unique=0 lost=1 per=100.0 rssi_avg=0 rssi_min=0 crc_err=0 garbage=0 tx_lat=0.00000 tx_lon=0.00000 sats=0 fix=0 utc=0 tx_fw=none rx_fw=unknown
PHASE_GUARD 500
PHASE_START 12 HF-FLRC-2600-32 pktSize=32
SYNC_NOT_FOUND first4=E9732C88
SYNC_NOT_FOUND first4=5A919589
SYNC_NOT_FOUND first4=3CC19474
SYNC_NOT_FOUND first4=67449AE6
2026-07-26T12:25:43.783820+00:00 SYNC_NOT_FOUND first4=798082D0
SYNC_NOT_FOUND first4=79903B1F
2026-07-26T12:25:44.790132+00:00 SYNC_NOT_FOUND first4=5D31D9E7
PHASE_RESULT 12 HF-FLRC-2600-32 pktSize=32 rx=0 unique=0 lost=100 per=100.0 rssi_avg=0 rssi_min=0 crc_err=0 garbage=7 tx_lat=0.00000 tx_lon=0.00000 sats=0 fix=0 utc=0 tx_fw=none rx_fw=unknown
PHASE_GUARD 500
PHASE_START 13 HF-FLRC-2600-64 pktSize=64
SYNC_NOT_FOUND first4=4412C563
SYNC_NOT_FOUND first4=C439395C
2026-07-26T12:25:45.800298+00:00 SYNC_NOT_FOUND first4=027358CE
SYNC_NOT_FOUND first4=ACAB0247
SYNC_NOT_FOUND first4=744732A2
SYNC_NOT_FOUND first4=A9B21627
SYNC_NOT_FOUND first4=8D9A31BB
SYNC_NOT_FOUND first4=C6FF2588
2026-07-26T12:25:46.812224+00:00 SYNC_NOT_FOUND first4=D1B81612
SYNC_NOT_FOUND first4=97A99646
SYNC_NOT_FOUND first4=CAC37DA2
SYNC_NOT_FOUND first4=B4C15FC4
PHASE_RESULT 13 HF-FLRC-2600-64 pktSize=64 rx=0 unique=0 lost=100 per=100.0 rssi_avg=0 rssi_min=0 crc_err=0 garbage=12 tx_lat=0.00000 tx_lon=0.00000 sats=0 fix=0 utc=0 tx_fw=none rx_fw=unknown
PHASE_GUARD 500
PHASE_START 14 HF-FLRC-2600-128 pktSize=128
SYNC_NOT_FOUND first4=947CB5B7
SYNC_NOT_FOUND first4=C1EC431D
2026-07-26T12:25:47.820290+00:00 SYNC_NOT_FOUND first4=10ABD444
SYNC_NOT_FOUND first4=7154D678
SYNC_NOT_FOUND first4=3ABBB2E6
SYNC_NOT_FOUND first4=832BE6C3
SYNC_NOT_FOUND first4=48A30681
SYNC_NOT_FOUND first4=A9BBD819
2026-07-26T12:25:48.824245+00:00 SYNC_NOT_FOUND first4=7C87212D
SYNC_NOT_FOUND first4=C54625CB
SYNC_NOT_FOUND first4=4CE48275
PHASE_RESULT 14 HF-FLRC-2600-128 pktSize=128 rx=0 unique=0 lost=100 per=100.0 rssi_avg=0 rssi_min=0 crc_err=0 garbage=11 tx_lat=0.00000 tx_lon=0.00000 sats=0 fix=0 utc=0 tx_fw=none rx_fw=unknown
PHASE_GUARD 500
PHASE_START 15 HF-FLRC-2600-255 pktSize=255
SYNC_NOT_FOUND first4=CFC206FB
SYNC_NOT_FOUND first4=ABBDC128
SYNC_NOT_FOUND first4=EC7905E1
2026-07-26T12:25:50.067342+00:00 SYNC_NOT_FOUND first4=BCD209D1
SYNC_NOT_FOUND first4=574A2AB2
SYNC_NOT_FOUND first4=AECE4565
SYNC_NOT_FOUND first4=DDB9BE87
TIME_SYNCED utc=1785068749 offset=1785062474
SYNC_NOT_FOUND first4=312ACD7D
SYNC_NOT_FOUND first4=DEB1135E
SYNC_NOT_FOUND first4=54996001
2026-07-26T12:25:51.071146+00:00 SYNC_NOT_FOUND first4=CF4D3CF2
PHASE_RESULT 15 HF-FLRC-2600-255 pktSize=255 rx=0 unique=0 lost=100 per=100.0 rssi_avg=0 rssi_min=0 crc_err=0 garbage=11 tx_lat=0.00000 tx_lon=0.00000 sats=0 fix=0 utc=0 tx_fw=none rx_fw=unknown
PHASE_GUARD 500
PHASE_START 16 HF-FLRC-1300-32 pktSize=32
SYNC_NOT_FOUND first4=6FDFA117
2026-07-26T12:25:52.075694+00:00 SYNC_NOT_FOUND first4=62D96AF4
2026-07-26T12:25:53.083835+00:00 TIME_SYNCED utc=1785068752 offset=1785062475
PHASE_RESULT 16 HF-FLRC-1300-32 pktSize=32 rx=0 unique=0 lost=100 per=100.0 rssi_avg=0 rssi_min=0 crc_err=0 garbage=2 tx_lat=0.00000 tx_lon=0.00000 sats=0 fix=0 utc=0 tx_fw=none rx_fw=unknown
PHASE_GUARD 500
PHASE_START 17 HF-FLRC-1300-64 pktSize=64
2026-07-26T12:25:54.087288+00:00 PHASE_RESULT 17 HF-FLRC-1300-64 pktSize=64 rx=0 unique=0 lost=100 per=100.0 rssi_avg=0 rssi_min=0 crc_err=0 garbage=0 tx_lat=0.00000 tx_lon=0.00000 sats=0 fix=0 utc=0 tx_fw=none rx_fw=unknown
PHASE_GUARD 500
PHASE_START 18 HF-FLRC-1300-128 pktSize=128
SYNC_NOT_FOUND first4=67691068
2026-07-26T12:25:55.094226+00:00 SYNC_NOT_FOUND first4=7756F7E8
SYNC_NOT_FOUND first4=3E1656C7
SYNC_NOT_FOUND first4=816F511D
SYNC_NOT_FOUND first4=207EF4A3
SYNC_NOT_FOUND first4=A9978F4A
SYNC_NOT_FOUND first4=9619F138
SYNC_NOT_FOUND first4=7927ECC4
2026-07-26T12:25:56.105355+00:00 SYNC_NOT_FOUND first4=C7486FCD
PHASE_RESULT 18 HF-FLRC-1300-128 pktSize=128 rx=0 unique=0 lost=100 per=100.0 rssi_avg=0 rssi_min=0 crc_err=0 garbage=9 tx_lat=0.00000 tx_lon=0.00000 sats=0 fix=0 utc=0 tx_fw=none rx_fw=unknown
PHASE_GUARD 500
PHASE_START 19 HF-FLRC-1300-255 pktSize=255
SYNC_NOT_FOUND first4=390E6F28
SYNC_NOT_FOUND first4=73E653D3
SYNC_NOT_FOUND first4=1DA1CC96
SYNC_NOT_FOUND first4=85F36318
2026-07-26T12:25:57.117460+00:00 SYNC_NOT_FOUND first4=A00E95C3
SYNC_NOT_FOUND first4=881C587F
2026-07-26T12:25:58.120973+00:00 SYNC_NOT_FOUND first4=766E47D1
PHASE_RESULT 19 HF-FLRC-1300-255 pktSize=255 rx=0 unique=0 lost=100 per=100.0 rssi_avg=0 rssi_min=0 crc_err=0 garbage=7 tx_lat=0.00000 tx_lon=0.00000 sats=0 fix=0 utc=0 tx_fw=none rx_fw=unknown
PHASE_GUARD 500
PHASE_START 20 HF-FLRC-650-32 pktSize=32
SYNC_NOT_FOUND first4=9E1D3AA9
SYNC_NOT_FOUND first4=4C507E03
SYNC_NOT_FOUND first4=2CA8BEFB
SYNC_NOT_FOUND first4=694F182A
SYNC_NOT_FOUND first4=3644CCC9
SYNC_NOT_FOUND first4=E8C9AB78
SYNC_NOT_FOUND first4=D600FF1E
SYNC_NOT_FOUND first4=DCD39EA6
SYNC_NOT_FOUND first4=1B694193
SYNC_NOT_FOUND first4=FF96B2EA
SYNC_NOT_FOUND first4=468C3826
SYNC_NOT_FOUND first4=EE67C4B2
2026-07-26T12:25:59.135308+00:00 SYNC_NOT_FOUND first4=D225D5AF
SYNC_NOT_FOUND first4=9FE75ED1
SYNC_NOT_FOUND first4=CDBD450B
SYNC_NOT_FOUND first4=239D9AC7
SYNC_NOT_FOUND first4=11C3A0AF
SYNC_NOT_FOUND first4=5EA07224
SYNC_NOT_FOUND first4=07EBAA1A
SYNC_NOT_FOUND first4=F2BB3ED5
SYNC_NOT_FOUND first4=81A076C9
SYNC_NOT_FOUND first4=F3EF769F
SYNC_NOT_FOUND first4=615AC9BA
SYNC_NOT_FOUND first4=69707716
SYNC_NOT_FOUND first4=13D7EE18
SYNC_NOT_FOUND first4=14362435
SYNC_NOT_FOUND first4=1EC58420
2026-07-26T12:26:00.145896+00:00 SYNC_NOT_FOUND first4=8DA2077D
SYNC_NOT_FOUND first4=B864B29C
PHASE_RESULT 20 HF-FLRC-650-32 pktSize=32 rx=0 unique=0 lost=100 per=100.0 rssi_avg=0 rssi_min=0 crc_err=0 garbage=29 tx_lat=0.00000 tx_lon=0.00000 sats=0 fix=0 utc=0 tx_fw=none rx_fw=unknown
PHASE_GUARD 500
PHASE_START 21 HF-FLRC-650-64 pktSize=64
SYNC_NOT_FOUND first4=020080D5
SYNC_NOT_FOUND first4=352B4D04
SYNC_NOT_FOUND first4=B5C52777
SYNC_NOT_FOUND first4=C61519A9
TIME_SYNCED utc=1785068759 offset=1785062474
PHASE_RESULT 21 HF-FLRC-650-64 pktSize=64 rx=0 unique=0 lost=100 per=100.0 rssi_avg=0 rssi_min=0 crc_err=0 garbage=4 tx_lat=0.00000 tx_lon=0.00000 sats=0 fix=0 utc=0 tx_fw=none rx_fw=unknown
PHASE_GUARD 500
PHASE_START 20 HF-FLRC-650-32 pktSize=32
SYNC_NOT_FOUND first4=C46383A7
SYNC_NOT_FOUND first4=293F5DF9
SYNC_NOT_FOUND first4=32810CA5
2026-07-26T12:26:01.161867+00:00 SYNC_NOT_FOUND first4=5F7BD5E7
PHASE_RESULT 20 HF-FLRC-650-32 pktSize=32 rx=0 unique=0 lost=100 per=100.0 rssi_avg=0 rssi_min=0 crc_err=0 garbage=4 tx_lat=0.00000 tx_lon=0.00000 sats=0 fix=0 utc=0 tx_fw=none rx_fw=unknown
PHASE_GUARD 500
PHASE_START 21 HF-FLRC-650-64 pktSize=64
SYNC_NOT_FOUND first4=7F7F4A56
SYNC_NOT_FOUND first4=D3B76DF9
SYNC_NOT_FOUND first4=7C0924F1
SYNC_NOT_FOUND first4=15B6D868
SYNC_NOT_FOUND first4=17CC30DB
SYNC_NOT_FOUND first4=2AFFBB05
SYNC_NOT_FOUND first4=0A697EE0
SYNC_NOT_FOUND first4=8BD9EBBC
SYNC_NOT_FOUND first4=B409687D
SYNC_NOT_FOUND first4=4984298F
SYNC_NOT_FOUND first4=60F35FBA
SYNC_NOT_FOUND first4=9EA4396F
SYNC_NOT_FOUND first4=82BF701C
SYNC_NOT_FOUND first4=6D1EDE1D
SYNC_NOT_FOUND first4=27A66252
SYNC_NOT_FOUND first4=26818570
SYNC_NOT_FOUND first4=50DCCB53
SYNC_NOT_FOUND first4=D26DB078
SYNC_NOT_FOUND first4=44293167
SYNC_NOT_FOUND first4=98EB1BC6
2026-07-26T12:26:02.168028+00:00 SYNC_NOT_FOUND first4=DB56090C
SYNC_NOT_FOUND first4=F4577B26
SYNC_NOT_FOUND first4=80351962
SYNC_NOT_FOUND first4=9B6A556E
SYNC_NOT_FOUND first4=C810FE44
SYNC_NOT_FOUND first4=C7FEA59F
SYNC_NOT_FOUND first4=6AC89ED3
SYNC_NOT_FOUND first4=31550FF7
SYNC_NOT_FOUND first4=13159EA6
SYNC_NOT_FOUND first4=E28368B3
SYNC_NOT_FOUND first4=5FC9ED85
SYNC_NOT_FOUND first4=453D2E22
SYNC_NOT_FOUND first4=7C53E503
SYNC_NOT_FOUND first4=BEFE131C
SYNC_NOT_FOUND first4=E72258D0
2026-07-26T12:26:03.174716+00:00 TIME_SYNCED utc=1785068762 offset=1785062475
PHASE_RESULT 21 HF-FLRC-650-64 pktSize=64 rx=0 unique=0 lost=100 per=100.0 rssi_avg=0 rssi_min=0 crc_err=0 garbage=35 tx_lat=0.00000 tx_lon=0.00000 sats=0 fix=0 utc=0 tx_fw=none rx_fw=unknown
PHASE_GUARD 500
PHASE_START 22 HF-FLRC-650-128 pktSize=128
SYNC_NOT_FOUND first4=3C3682AA
SYNC_NOT_FOUND first4=FCAE716C
SYNC_NOT_FOUND first4=CC11076D
SYNC_NOT_FOUND first4=26774649
SYNC_NOT_FOUND first4=99023772
SYNC_NOT_FOUND first4=F42F1E19
SYNC_NOT_FOUND first4=C43682A6
SYNC_NOT_FOUND first4=777CDFB6
SYNC_NOT_FOUND first4=CF3ADC40
SYNC_NOT_FOUND first4=B776BC11
SYNC_NOT_FOUND first4=D04F9A37
SYNC_NOT_FOUND first4=2E397B54
SYNC_NOT_FOUND first4=B4DF473B
2026-07-26T12:26:04.186710+00:00 SYNC_NOT_FOUND first4=21DB4B70
SYNC_NOT_FOUND first4=D6D35DBE
PHASE_RESULT 22 HF-FLRC-650-128 pktSize=128 rx=0 unique=0 lost=100 per=100.0 rssi_avg=0 rssi_min=0 crc_err=0 garbage=15 tx_lat=0.00000 tx_lon=0.00000 sats=0 fix=0 utc=0 tx_fw=none rx_fw=unknown
PHASE_GUARD 500
PHASE_START 23 HF-FLRC-650-255 pktSize=255
SYNC_NOT_FOUND first4=E1B68277
SYNC_NOT_FOUND first4=3DA6EF1A
SYNC_NOT_FOUND first4=4927B026
SYNC_NOT_FOUND first4=5771BE50
SYNC_NOT_FOUND first4=6B6CF713
SYNC_NOT_FOUND first4=B816A5E8
SYNC_NOT_FOUND first4=3B1C9183
SYNC_NOT_FOUND first4=162B6978
SYNC_NOT_FOUND first4=61B9520D
SYNC_NOT_FOUND first4=B4EAD13C
SYNC_NOT_FOUND first4=AD676DBA
SYNC_NOT_FOUND first4=73E3D003
SYNC_NOT_FOUND first4=C1062D17
SYNC_NOT_FOUND first4=9079C2EF
SYNC_NOT_FOUND first4=70621E75
SYNC_NOT_FOUND first4=2764040D
SYNC_NOT_FOUND first4=626B6FEC
2026-07-26T12:26:05.201209+00:00 SYNC_NOT_FOUND first4=2263456B
SYNC_NOT_FOUND first4=9D1C3AF3
SYNC_NOT_FOUND first4=58A0C2B9
SYNC_NOT_FOUND first4=536E5677
SYNC_NOT_FOUND first4=B90702D4
SYNC_NOT_FOUND first4=BA3619CF
SYNC_NOT_FOUND first4=D47B0984
SYNC_NOT_FOUND first4=95FAA2E0
SYNC_NOT_FOUND first4=9EB781AA
SYNC_NOT_FOUND first4=FE812EB8
SYNC_NOT_FOUND first4=F42DE6AE
SYNC_NOT_FOUND first4=8A142ABF
SYNC_NOT_FOUND first4=A2DF3A76
SYNC_NOT_FOUND first4=610356A8
SYNC_NOT_FOUND first4=F14D6D61
SYNC_NOT_FOUND first4=52290479
SYNC_NOT_FOUND first4=87F3EE00
SYNC_NOT_FOUND first4=6D19CB40
SYNC_NOT_FOUND first4=7646F258
SYNC_NOT_FOUND first4=81E29D23
SYNC_NOT_FOUND first4=8AE8CF40
SYNC_NOT_FOUND first4=2D5728C3
SYNC_NOT_FOUND first4=EAE242B0
SYNC_NOT_FOUND first4=1D51952C
2026-07-26T12:26:06.212227+00:00 SYNC_NOT_FOUND first4=BF90C5AF
SYNC_NOT_FOUND first4=E115A781
PHASE_RESULT 23 HF-FLRC-650-255 pktSize=255 rx=0 unique=0 lost=100 per=100.0 rssi_avg=0 rssi_min=0 crc_err=0 garbage=43 tx_lat=0.00000 tx_lon=0.00000 sats=0 fix=0 utc=0 tx_fw=none rx_fw=unknown
PHASE_GUARD 500
PHASE_START 24 HF-FLRC-325-32 pktSize=32
SYNC_NOT_FOUND first4=8F4CA17C
SYNC_NOT_FOUND first4=A87BD881
SYNC_NOT_FOUND first4=ED0B61E6
2026-07-26T12:26:07.225916+00:00 SYNC_NOT_FOUND first4=7C10606A
SYNC_NOT_FOUND first4=1E1A0B90
SYNC_NOT_FOUND first4=D2841589
2026-07-26T12:26:08.229978+00:00 SYNC_NOT_FOUND first4=04639F8E
SYNC_NOT_FOUND first4=EB68DC96
PHASE_RESULT 24 HF-FLRC-325-32 pktSize=32 rx=0 unique=0 lost=100 per=100.0 rssi_avg=0 rssi_min=0 crc_err=0 garbage=8 tx_lat=0.00000 tx_lon=0.00000 sats=0 fix=0 utc=0 tx_fw=none rx_fw=unknown
PHASE_GUARD 500
PHASE_START 25 HF-FLRC-325-64 pktSize=64
SYNC_NOT_FOUND first4=170F4ECB
SYNC_NOT_FOUND first4=F143637C
SYNC_NOT_FOUND first4=EDE5A303
2026-07-26T12:26:09.240945+00:00 SYNC_NOT_FOUND first4=9D27CC11
SYNC_NOT_FOUND first4=A22053CB
2026-07-26T12:26:10.252055+00:00 PHASE_RESULT 25 HF-FLRC-325-64 pktSize=64 rx=0 unique=0 lost=100 per=100.0 rssi_avg=0 rssi_min=0 crc_err=0 garbage=5 tx_lat=0.00000 tx_lon=0.00000 sats=0 fix=0 utc=0 tx_fw=none rx_fw=unknown
PHASE_GUARD 500
PHASE_START 26 HF-FLRC-325-128 pktSize=128
TIME_SYNCED utc=1785068769 offset=1785062474
PHASE_RESULT 26 HF-FLRC-325-128 pktSize=128 rx=0 unique=0 lost=100 per=100.0 rssi_avg=0 rssi_min=0 crc_err=0 garbage=0 tx_lat=0.00000 tx_lon=0.00000 sats=0 fix=0 utc=0 tx_fw=none rx_fw=unknown
PHASE_GUARD 500
PHASE_START 25 HF-FLRC-325-64 pktSize=64
SYNC_NOT_FOUND first4=7FBF1D7B
2026-07-26T12:26:11.255397+00:00 PHASE_RESULT 25 HF-FLRC-325-64 pktSize=64 rx=0 unique=0 lost=100 per=100.0 rssi_avg=0 rssi_min=0 crc_err=0 garbage=1 tx_lat=0.00000 tx_lon=0.00000 sats=0 fix=0 utc=0 tx_fw=none rx_fw=unknown
PHASE_GUARD 500
PHASE_START 26 HF-FLRC-325-128 pktSize=128
SYNC_NOT_FOUND first4=ABFEA461
SYNC_NOT_FOUND first4=B8AB8CF3
2026-07-26T12:26:12.266394+00:00 SYNC_NOT_FOUND first4=45E668BB
SYNC_NOT_FOUND first4=B6D5C954
2026-07-26T12:26:13.283703+00:00 PHASE_RESULT 26 HF-FLRC-325-128 pktSize=128 rx=0 unique=0 lost=100 per=100.0 rssi_avg=0 rssi_min=0 crc_err=0 garbage=4 tx_lat=0.00000 tx_lon=0.00000 sats=0 fix=0 utc=0 tx_fw=none rx_fw=unknown
PHASE_GUARD 500
PHASE_START 27 HF-FLRC-325-255 pktSize=255
TIME_SYNCED utc=1785068772 offset=1785062474
SYNC_NOT_FOUND first4=02B0490D
SYNC_NOT_FOUND first4=B3029B31
2026-07-26T12:26:14.288452+00:00 SYNC_NOT_FOUND first4=79FC7E19
SYNC_NOT_FOUND first4=181DE597
SYNC_NOT_FOUND first4=1742C36C
SYNC_NOT_FOUND first4=F6574DC0
PHASE_RESULT 27 HF-FLRC-325-255 pktSize=255 rx=0 unique=0 lost=100 per=100.0 rssi_avg=0 rssi_min=0 crc_err=0 garbage=6 tx_lat=0.00000 tx_lon=0.00000 sats=0 fix=0 utc=0 tx_fw=none rx_fw=unknown
2026-07-26T12:26:15.297505+00:00 PHASE_GUARD 500
LORA_CFG path=0 bw=0x05 sf=7
PHASE_START 28 LF-LoRa-SF7-32 pktSize=32
2026-07-26T12:26:16.305208+00:00 PHASE_RESULT 28 LF-LoRa-SF7-32 pktSize=32 rx=0 unique=0 lost=20 per=100.0 rssi_avg=0 rssi_min=0 crc_err=0 garbage=0 tx_lat=0.00000 tx_lon=0.00000 sats=0 fix=0 utc=0 tx_fw=none rx_fw=unknown
PHASE_GUARD 500
2026-07-26T12:26:17.313277+00:00 LORA_CFG path=0 bw=0x05 sf=7
PHASE_START 29 LF-LoRa-SF7-64 pktSize=64
2026-07-26T12:26:19.375451+00:00 PHASE_RESULT 29 LF-LoRa-SF7-64 pktSize=64 rx=0 unique=0 lost=20 per=100.0 rssi_avg=0 rssi_min=0 crc_err=0 garbage=0 tx_lat=0.00000 tx_lon=0.00000 sats=0 fix=0 utc=0 tx_fw=none rx_fw=unknown
PHASE_GUARD 500
LORA_CFG path=0 bw=0x05 sf=7
2026-07-26T12:26:20.391047+00:00 PHASE_START 30 LF-LoRa-SF7-128 pktSize=128
TIME_SYNCED utc=1785068779 offset=1785062474
2026-07-26T12:26:23.504175+00:00 TIME_SYNCED utc=1785068782 offset=1785062474
PHASE_RESULT 30 LF-LoRa-SF7-128 pktSize=128 rx=0 unique=0 lost=13 per=100.0 rssi_avg=0 rssi_min=0 crc_err=0 garbage=0 tx_lat=0.00000 tx_lon=0.00000 sats=0 fix=0 utc=0 tx_fw=none rx_fw=unknown
PHASE_GUARD 500
LORA_CFG path=0 bw=0x05 sf=7
PHASE_START 31 LF-LoRa-SF7-255 pktSize=255
2026-07-26T12:26:27.675779+00:00 PHASE_RESULT 31 LF-LoRa-SF7-255 pktSize=255 rx=0 unique=0 lost=7 per=100.0 rssi_avg=0 rssi_min=0 crc_err=0 garbage=0 tx_lat=0.00000 tx_lon=0.00000 sats=0 fix=0 utc=0 tx_fw=none rx_fw=unknown
PHASE_GUARD 500
LORA_CFG path=0 bw=0x05 sf=9
PHASE_START 32 LF-LoRa-SF9-32 pktSize=32
2026-07-26T12:26:30.790258+00:00 TIME_SYNCED utc=1785068789 offset=1785062474
2026-07-26T12:26:31.801198+00:00 PHASE_RESULT 32 LF-LoRa-SF9-32 pktSize=32 rx=0 unique=0 lost=7 per=100.0 rssi_avg=0 rssi_min=0 crc_err=0 garbage=0 tx_lat=0.00000 tx_lon=0.00000 sats=0 fix=0 utc=0 tx_fw=none rx_fw=unknown
PHASE_GUARD 500
LORA_CFG path=0 bw=0x05 sf=9
PHASE_START 33 LF-LoRa-SF9-64 pktSize=64
2026-07-26T12:26:33.863232+00:00 TIME_SYNCED utc=1785068792 offset=1785062474
2026-07-26T12:26:34.876234+00:00 PHASE_RESULT 33 LF-LoRa-SF9-64 pktSize=64 rx=0 unique=0 lost=3 per=100.0 rssi_avg=0 rssi_min=0 crc_err=0 garbage=0 tx_lat=0.00000 tx_lon=0.00000 sats=0 fix=0 utc=0 tx_fw=none rx_fw=unknown
PHASE_GUARD 500
LORA_CFG path=0 bw=0x05 sf=9
PHASE_START 34 LF-LoRa-SF9-128 pktSize=128
2026-07-26T12:26:36.930743+00:00 PHASE_RESULT 34 LF-LoRa-SF9-128 pktSize=128 rx=0 unique=0 lost=1 per=100.0 rssi_avg=0 rssi_min=0 crc_err=0 garbage=0 tx_lat=0.00000 tx_lon=0.00000 sats=0 fix=0 utc=0 tx_fw=none rx_fw=unknown
PHASE_GUARD 500
LORA_CFG path=0 bw=0x05 sf=9
PHASE_START 35 LF-LoRa-SF9-255 pktSize=255
2026-07-26T12:26:40.044124+00:00 TIME_SYNCED utc=1785068799 offset=1785062474
2026-07-26T12:26:41.063957+00:00 PHASE_RESULT 35 LF-LoRa-SF9-255 pktSize=255 rx=0 unique=0 lost=1 per=100.0 rssi_avg=0 rssi_min=0 crc_err=0 garbage=0 tx_lat=0.00000 tx_lon=0.00000 sats=0 fix=0 utc=0 tx_fw=none rx_fw=unknown
PHASE_GUARD 500
LORA_CFG path=0 bw=0x05 sf=12
PHASE_START 36 LF-LoRa-SF12-32 pktSize=32
2026-07-26T12:26:44.178222+00:00 TIME_SYNCED utc=1785068803 offset=1785062475
2026-07-26T12:26:50.447231+00:00 TIME_SYNCED utc=1785068809 offset=1785062474
2026-07-26T12:26:54.612213+00:00 TIME_SYNCED utc=1785068813 offset=1785062474
2026-07-26T12:26:55.630057+00:00 PHASE_RESULT 36 LF-LoRa-SF12-32 pktSize=32 rx=0 unique=0 lost=1 per=100.0 rssi_avg=0 rssi_min=0 crc_err=0 garbage=0 tx_lat=0.00000 tx_lon=0.00000 sats=0 fix=0 utc=0 tx_fw=none rx_fw=unknown
PHASE_GUARD 500
LORA_CFG path=0 bw=0x05 sf=12
PHASE_START 37 LF-LoRa-SF12-SKIP SKIP pktSize=64
2026-07-26T12:26:56.636100+00:00 PHASE_RESULT 37 LF-LoRa-SF12-SKIP pktSize=64 rx=0 unique=0 lost=0 per=0.0 rssi_avg=0 rssi_min=0 crc_err=0 garbage=0 tx_lat=0.00000 tx_lon=0.00000 sats=0 fix=0 utc=0 tx_fw=none rx_fw=unknown
PHASE_GUARD 500
LORA_CFG path=0 bw=0x05 sf=12
PHASE_START 38 LF-LoRa-SF12-SKIP SKIP pktSize=128
2026-07-26T12:26:57.640207+00:00 PHASE_RESULT 38 LF-LoRa-SF12-SKIP pktSize=128 rx=0 unique=0 lost=0 per=0.0 rssi_avg=0 rssi_min=0 crc_err=0 garbage=0 tx_lat=0.00000 tx_lon=0.00000 sats=0 fix=0 utc=0 tx_fw=none rx_fw=unknown
PHASE_GUARD 500
LORA_CFG path=0 bw=0x05 sf=12
PHASE_START 39 LF-LoRa-SF12-SKIP SKIP pktSize=255
2026-07-26T12:26:58.659834+00:00 PHASE_RESULT 39 LF-LoRa-SF12-SKIP pktSize=255 rx=0 unique=0 lost=0 per=0.0 rssi_avg=0 rssi_min=0 crc_err=0 garbage=0 tx_lat=0.00000 tx_lon=0.00000 sats=0 fix=0 utc=0 tx_fw=none rx_fw=unknown
PHASE_GUARD 500
PHASE_START 40 LF-FLRC-2600-32 pktSize=32
2026-07-26T12:27:00.724344+00:00 SYNC_NOT_FOUND first4=51CD064C
TIME_SYNCED utc=1785068819 offset=1785062474
PHASE_RESULT 40 LF-FLRC-2600-32 pktSize=32 rx=0 unique=0 lost=100 per=100.0 rssi_avg=0 rssi_min=0 crc_err=0 garbage=1 tx_lat=0.00000 tx_lon=0.00000 sats=0 fix=0 utc=0 tx_fw=none rx_fw=unknown
PHASE_GUARD 500
PHASE_START 41 LF-FLRC-2600-64 pktSize=64
SYNC_NOT_FOUND first4=7A820F1A
2026-07-26T12:27:01.740090+00:00 SYNC_NOT_FOUND first4=94828B4B
SYNC_NOT_FOUND first4=BE143D9F
SYNC_NOT_FOUND first4=9E1D087F
2026-07-26T12:27:02.745994+00:00 PHASE_RESULT 41 LF-FLRC-2600-64 pktSize=64 rx=0 unique=0 lost=100 per=100.0 rssi_avg=0 rssi_min=0 crc_err=0 garbage=4 tx_lat=0.00000 tx_lon=0.00000 sats=0 fix=0 utc=0 tx_fw=none rx_fw=unknown
PHASE_GUARD 500
PHASE_START 42 LF-FLRC-2600-128 pktSize=128
2026-07-26T12:27:04.815014+00:00 TIME_SYNCED utc=1785068823 offset=1785062474
PHASE_RESULT 42 LF-FLRC-2600-128 pktSize=128 rx=0 unique=0 lost=100 per=100.0 rssi_avg=0 rssi_min=0 crc_err=0 garbage=0 tx_lat=0.00000 tx_lon=0.00000 sats=0 fix=0 utc=0 tx_fw=none rx_fw=unknown
PHASE_GUARD 500
PHASE_START 43 LF-FLRC-2600-255 pktSize=255
2026-07-26T12:27:05.826842+00:00 SYNC_NOT_FOUND first4=3D6679A6
SYNC_NOT_FOUND first4=25DD7280
SYNC_NOT_FOUND first4=E47CA806
2026-07-26T12:27:06.839793+00:00 PHASE_RESULT 43 LF-FLRC-2600-255 pktSize=255 rx=0 unique=0 lost=100 per=100.0 rssi_avg=0 rssi_min=0 crc_err=0 garbage=3 tx_lat=0.00000 tx_lon=0.00000 sats=0 fix=0 utc=0 tx_fw=none rx_fw=unknown
PHASE_GUARD 500
PHASE_START 44 LF-FLRC-1300-32 pktSize=32
SYNC_NOT_FOUND first4=BB60BEBB
2026-07-26T12:27:08.901929+00:00 PHASE_RESULT 44 LF-FLRC-1300-32 pktSize=32 rx=0 unique=0 lost=100 per=100.0 rssi_avg=0 rssi_min=0 crc_err=0 garbage=1 tx_lat=0.00000 tx_lon=0.00000 sats=0 fix=0 utc=0 tx_fw=none rx_fw=unknown
PHASE_GUARD 500
PHASE_START 45 LF-FLRC-1300-64 pktSize=64
SYNC_NOT_FOUND first4=7933D8DA
2026-07-26T12:27:10.963804+00:00 TIME_SYNCED utc=1785068829 offset=1785062474
PHASE_RESULT 45 LF-FLRC-1300-64 pktSize=64 rx=0 unique=0 lost=100 per=100.0 rssi_avg=0 rssi_min=0 crc_err=0 garbage=1 tx_lat=0.00000 tx_lon=0.00000 sats=0 fix=0 utc=0 tx_fw=none rx_fw=unknown
PHASE_GUARD 500
PHASE_START 46 LF-FLRC-1300-128 pktSize=128
SYNC_NOT_FOUND first4=5E4E794A
2026-07-26T12:27:13.019095+00:00 PHASE_RESULT 46 LF-FLRC-1300-128 pktSize=128 rx=0 unique=0 lost=100 per=100.0 rssi_avg=0 rssi_min=0 crc_err=0 garbage=1 tx_lat=0.00000 tx_lon=0.00000 sats=0 fix=0 utc=0 tx_fw=none rx_fw=unknown
PHASE_GUARD 500
PHASE_START 47 LF-FLRC-1300-255 pktSize=255
2026-07-26T12:27:15.074496+00:00 TIME_SYNCED utc=1785068834 offset=1785062475
PHASE_RESULT 47 LF-FLRC-1300-255 pktSize=255 rx=0 unique=0 lost=100 per=100.0 rssi_avg=0 rssi_min=0 crc_err=0 garbage=0 tx_lat=0.00000 tx_lon=0.00000 sats=0 fix=0 utc=0 tx_fw=none rx_fw=unknown
PHASE_GUARD 500
PHASE_START 48 LF-FLRC-650-32 pktSize=32
SYNC_NOT_FOUND first4=CDC9FAFB
2026-07-26T12:27:16.095249+00:00 PHASE_RESULT 48 LF-FLRC-650-32 pktSize=32 rx=0 unique=0 lost=100 per=100.0 rssi_avg=0 rssi_min=0 crc_err=0 garbage=1 tx_lat=0.00000 tx_lon=0.00000 sats=0 fix=0 utc=0 tx_fw=none rx_fw=unknown
PHASE_GUARD 500
PHASE_START 49 LF-FLRC-650-64 pktSize=64
SYNC_NOT_FOUND first4=1A60E14E
2026-07-26T12:27:17.106739+00:00 SYNC_NOT_FOUND first4=BAE31084
2026-07-26T12:27:18.118217+00:00 PHASE_RESULT 49 LF-FLRC-650-64 pktSize=64 rx=0 unique=0 lost=100 per=100.0 rssi_avg=0 rssi_min=0 crc_err=0 garbage=2 tx_lat=0.00000 tx_lon=0.00000 sats=0 fix=0 utc=0 tx_fw=none rx_fw=unknown
PHASE_GUARD 500
PHASE_START 50 LF-FLRC-650-128 pktSize=128
SYNC_NOT_FOUND first4=A1439A02
2026-07-26T12:27:19.137960+00:00 SYNC_NOT_FOUND first4=9EE9FEF3
SYNC_NOT_FOUND first4=35720563
2026-07-26T12:27:20.148989+00:00 PHASE_RESULT 50 LF-FLRC-650-128 pktSize=128 rx=0 unique=0 lost=100 per=100.0 rssi_avg=0 rssi_min=0 crc_err=0 garbage=3 tx_lat=0.00000 tx_lon=0.00000 sats=0 fix=0 utc=0 tx_fw=none rx_fw=unknown
PHASE_GUARD 500
PHASE_START 51 LF-FLRC-650-255 pktSize=255
SYNC_NOT_FOUND first4=A8465B6F
SYNC_NOT_FOUND first4=EB4EB70E
SYNC_NOT_FOUND first4=0D301F85
TIME_SYNCED utc=1785068839 offset=1785062474
PHASE_RESULT 51 LF-FLRC-650-255 pktSize=255 rx=0 unique=0 lost=100 per=100.0 rssi_avg=0 rssi_min=0 crc_err=0 garbage=3 tx_lat=0.00000 tx_lon=0.00000 sats=0 fix=0 utc=0 tx_fw=none rx_fw=unknown
PHASE_GUARD 500
PHASE_START 50 LF-FLRC-650-128 pktSize=128
2026-07-26T12:27:21.163845+00:00 PHASE_RESULT 50 LF-FLRC-650-128 pktSize=128 rx=0 unique=0 lost=100 per=100.0 rssi_avg=0 rssi_min=0 crc_err=0 garbage=0 tx_lat=0.00000 tx_lon=0.00000 sats=0 fix=0 utc=0 tx_fw=none rx_fw=unknown
PHASE_GUARD 500
PHASE_START 51 LF-FLRC-650-255 pktSize=255
2026-07-26T12:27:22.175536+00:00 SYNC_NOT_FOUND first4=C41FD52C
SYNC_NOT_FOUND first4=CFEA7359
SYNC_NOT_FOUND first4=562CFAAE
2026-07-26T12:27:23.187236+00:00 SYNC_NOT_FOUND first4=3F43937B
PHASE_RESULT 51 LF-FLRC-650-255 pktSize=255 rx=0 unique=0 lost=100 per=100.0 rssi_avg=0 rssi_min=0 crc_err=0 garbage=4 tx_lat=0.00000 tx_lon=0.00000 sats=0 fix=0 utc=0 tx_fw=none rx_fw=unknown
PHASE_GUARD 500
PHASE_START 52 LF-FLRC-325-32 pktSize=32
2026-07-26T12:27:25.257286+00:00 TIME_SYNCED utc=1785068844 offset=1785062475
PHASE_RESULT 52 LF-FLRC-325-32 pktSize=32 rx=0 unique=0 lost=100 per=100.0 rssi_avg=0 rssi_min=0 crc_err=0 garbage=0 tx_lat=0.00000 tx_lon=0.00000 sats=0 fix=0 utc=0 tx_fw=none rx_fw=unknown
PHASE_GUARD 500
PHASE_START 53 LF-FLRC-325-64 pktSize=64
2026-07-26T12:27:26.281226+00:00 PHASE_RESULT 53 LF-FLRC-325-64 pktSize=64 rx=0 unique=0 lost=100 per=100.0 rssi_avg=0 rssi_min=0 crc_err=0 garbage=0 tx_lat=0.00000 tx_lon=0.00000 sats=0 fix=0 utc=0 tx_fw=none rx_fw=unknown
PHASE_GUARD 500
PHASE_START 54 LF-FLRC-325-128 pktSize=128
2026-07-26T12:27:27.283688+00:00 PHASE_RESULT 54 LF-FLRC-325-128 pktSize=128 rx=0 unique=0 lost=100 per=100.0 rssi_avg=0 rssi_min=0 crc_err=0 garbage=0 tx_lat=0.00000 tx_lon=0.00000 sats=0 fix=0 utc=0 tx_fw=none rx_fw=unknown
PHASE_GUARD 500
2026-07-26T12:27:28.303159+00:00 PHASE_START 55 LF-FLRC-325-255 pktSize=255
2026-07-26T12:27:29.307231+00:00 PHASE_RESULT 55 LF-FLRC-325-255 pktSize=255 rx=0 unique=0 lost=100 per=100.0 rssi_avg=0 rssi_min=0 crc_err=0 garbage=0 tx_lat=0.00000 tx_lon=0.00000 sats=0 fix=0 utc=0 tx_fw=none rx_fw=unknown
PHASE_GUARD 500
2026-07-26T12:27:30.318194+00:00 LORA_CFG path=1 bw=0x0F sf=7
PHASE_START 0 HF-LoRa-SF7-32 pktSize=32
TIME_SYNCED utc=1785068849 offset=1785062474
PHASE_RESULT 0 HF-LoRa-SF7-32 pktSize=32 rx=0 unique=0 lost=20 per=100.0 rssi_avg=0 rssi_min=0 crc_err=0 garbage=0 tx_lat=0.00000 tx_lon=0.00000 sats=0 fix=0 utc=0 tx_fw=none rx_fw=unknown
PHASE_GUARD 500
PHASE_START 55 LF-FLRC-325-255 pktSize=255
PHASE_RESULT 55 LF-FLRC-325-255 pktSize=255 rx=0 unique=0 lost=100 per=100.0 rssi_avg=0 rssi_min=0 crc_err=0 garbage=0 tx_lat=0.00000 tx_lon=0.00000 sats=0 fix=0 utc=0 tx_fw=none rx_fw=unknown
PHASE_GUARD 500
2026-07-26T12:27:31.322306+00:00 LORA_CFG path=1 bw=0x0F sf=7
PHASE_START 0 HF-LoRa-SF7-32 pktSize=32
2026-07-26T12:27:32.333290+00:00 PHASE_RESULT 0 HF-LoRa-SF7-32 pktSize=32 rx=0 unique=0 lost=20 per=100.0 rssi_avg=0 rssi_min=0 crc_err=0 garbage=0 tx_lat=0.00000 tx_lon=0.00000 sats=0 fix=0 utc=0 tx_fw=none rx_fw=unknown
PHASE_GUARD 500
2026-07-26T12:27:33.344824+00:00 LORA_CFG path=1 bw=0x0F sf=7
PHASE_START 1 HF-LoRa-SF7-64 pktSize=64
2026-07-26T12:27:34.356063+00:00 PHASE_RESULT 1 HF-LoRa-SF7-64 pktSize=64 rx=0 unique=0 lost=20 per=100.0 rssi_avg=0 rssi_min=0 crc_err=0 garbage=0 tx_lat=0.00000 tx_lon=0.00000 sats=0 fix=0 utc=0 tx_fw=none rx_fw=unknown
PHASE_GUARD 500
LORA_CFG path=1 bw=0x0F sf=7
2026-07-26T12:27:35.375298+00:00 PHASE_START 2 HF-LoRa-SF7-128 pktSize=128
TIME_SYNCED utc=1785068854 offset=1785062474
2026-07-26T12:27:36.396228+00:00 PHASE_RESULT 2 HF-LoRa-SF7-128 pktSize=128 rx=0 unique=0 lost=20 per=100.0 rssi_avg=0 rssi_min=0 crc_err=0 garbage=0 tx_lat=0.00000 tx_lon=0.00000 sats=0 fix=0 utc=0 tx_fw=none rx_fw=unknown
PHASE_GUARD 500
LORA_CFG path=1 bw=0x0F sf=7
2026-07-26T12:27:37.408401+00:00 PHASE_START 3 HF-LoRa-SF7-255 pktSize=255
2026-07-26T12:27:39.464855+00:00 PHASE_RESULT 3 HF-LoRa-SF7-255 pktSize=255 rx=0 unique=0 lost=20 per=100.0 rssi_avg=0 rssi_min=0 crc_err=0 garbage=0 tx_lat=0.00000 tx_lon=0.00000 sats=0 fix=0 utc=0 tx_fw=none rx_fw=unknown
PHASE_GUARD 500
LORA_CFG path=1 bw=0x0F sf=9
PHASE_START 4 HF-LoRa-SF9-32 pktSize=32
2026-07-26T12:27:40.473597+00:00 TIME_SYNCED utc=1785068860 offset=1785062475
PHASE_RESULT 4 HF-LoRa-SF9-32 pktSize=32 rx=0 unique=0 lost=20 per=100.0 rssi_avg=0 rssi_min=0 crc_err=0 garbage=0 tx_lat=0.00000 tx_lon=0.00000 sats=0 fix=0 utc=0 tx_fw=none rx_fw=unknown
PHASE_GUARD 500
LORA_CFG path=1 bw=0x0F sf=9
PHASE_START 5 HF-LoRa-SF9-64 pktSize=64
2026-07-26T12:27:43.578522+00:00 PHASE_RESULT 5 HF-LoRa-SF9-64 pktSize=64 rx=0 unique=0 lost=20 per=100.0 rssi_avg=0 rssi_min=0 crc_err=0 garbage=0 tx_lat=0.00000 tx_lon=0.00000 sats=0 fix=0 utc=0 tx_fw=none rx_fw=unknown
PHASE_GUARD 500
LORA_CFG path=1 bw=0x0F sf=9
PHASE_START 6 HF-LoRa-SF9-128 pktSize=128
2026-07-26T12:27:45.635211+00:00 TIME_SYNCED utc=1785068864 offset=1785062474
2026-07-26T12:27:48.748847+00:00 PHASE_RESULT 6 HF-LoRa-SF9-128 pktSize=128 rx=0 unique=0 lost=13 per=100.0 rssi_avg=0 rssi_min=0 crc_err=0 garbage=0 tx_lat=0.00000 tx_lon=0.00000 sats=0 fix=0 utc=0 tx_fw=none rx_fw=unknown
PHASE_GUARD 500
LORA_CFG path=1 bw=0x0F sf=9
PHASE_START 7 HF-LoRa-SF9-255 pktSize=255
2026-07-26T12:27:50.810872+00:00 TIME_SYNCED utc=1785068870 offset=1785062475
PHASE_RESULT 7 HF-LoRa-SF9-255 pktSize=255 rx=0 unique=0 lost=6 per=100.0 rssi_avg=0 rssi_min=0 crc_err=0 garbage=0 tx_lat=0.00000 tx_lon=0.00000 sats=0 fix=0 utc=0 tx_fw=none rx_fw=unknown
PHASE_GUARD 500
LORA_CFG path=1 bw=0x0F sf=12
PHASE_START 8 HF-LoRa-SF12-32 pktSize=32
2026-07-26T12:27:53.925212+00:00 PHASE_RESULT 8 HF-LoRa-SF12-32 pktSize=32 rx=0 unique=0 lost=2 per=100.0 rssi_avg=0 rssi_min=0 crc_err=0 garbage=0 tx_lat=0.00000 tx_lon=0.00000 sats=0 fix=0 utc=0 tx_fw=none rx_fw=unknown
PHASE_GUARD 500
LORA_CFG path=1 bw=0x0F sf=12
PHASE_START 9 HF-LoRa-SF12-64 pktSize=64
2026-07-26T12:27:55.988199+00:00 TIME_SYNCED utc=1785068874 offset=1785062474
2026-07-26T12:27:58.044910+00:00 PHASE_RESULT 9 HF-LoRa-SF12-64 pktSize=64 rx=0 unique=0 lost=1 per=100.0 rssi_avg=0 rssi_min=0 crc_err=0 garbage=0 tx_lat=0.00000 tx_lon=0.00000 sats=0 fix=0 utc=0 tx_fw=none rx_fw=unknown
PHASE_GUARD 500
LORA_CFG path=1 bw=0x0F sf=12
PHASE_START 10 HF-LoRa-SF12-128 pktSize=128
2026-07-26T12:28:00.106874+00:00 TIME_SYNCED utc=1785068880 offset=1785062475
2026-07-26T12:28:02.163229+00:00 PHASE_RESULT 10 HF-LoRa-SF12-128 pktSize=128 rx=0 unique=0 lost=1 per=100.0 rssi_avg=0 rssi_min=0 crc_err=0 garbage=0 tx_lat=0.00000 tx_lon=0.00000 sats=0 fix=0 utc=0 tx_fw=none rx_fw=unknown
PHASE_GUARD 500
LORA_CFG path=1 bw=0x0F sf=12
PHASE_START 11 HF-LoRa-SF12-255 pktSize=255
2026-07-26T12:28:06.328229+00:00 TIME_SYNCED utc=1785068885 offset=1785062474
2026-07-26T12:28:10.493233+00:00 TIME_SYNCED utc=1785068890 offset=1785062475
2026-07-26T12:28:11.497916+00:00 PHASE_RESULT 11 HF-LoRa-SF12-255 pktSize=255 rx=0 unique=0 lost=1 per=100.0 rssi_avg=0 rssi_min=0 crc_err=0 garbage=0 tx_lat=0.00000 tx_lon=0.00000 sats=0 fix=0 utc=0 tx_fw=none rx_fw=unknown
PHASE_GUARD 500
PHASE_START 12 HF-FLRC-2600-32 pktSize=32
SYNC_NOT_FOUND first4=C66E2E0F
2026-07-26T12:28:12.509327+00:00 SYNC_NOT_FOUND first4=61E2FC7B
SYNC_NOT_FOUND first4=D2BE67CA
SYNC_NOT_FOUND first4=4A067AE4
SYNC_NOT_FOUND first4=4A358F62
SYNC_NOT_FOUND first4=E264862D
SYNC_NOT_FOUND first4=E6AB8E43
SYNC_NOT_FOUND first4=569BB478
2026-07-26T12:28:13.520456+00:00 SYNC_NOT_FOUND first4=DF58CC70
SYNC_NOT_FOUND first4=551F9389
SYNC_NOT_FOUND first4=4380D793
SYNC_NOT_FOUND first4=AA2D2C03
SYNC_NOT_FOUND first4=6E6B6C2D
SYNC_NOT_FOUND first4=0DAE4E01
PHASE_RESULT 12 HF-FLRC-2600-32 pktSize=32 rx=0 unique=0 lost=100 per=100.0 rssi_avg=0 rssi_min=0 crc_err=0 garbage=14 tx_lat=0.00000 tx_lon=0.00000 sats=0 fix=0 utc=0 tx_fw=none rx_fw=unknown
PHASE_GUARD 500
PHASE_START 13 HF-FLRC-2600-64 pktSize=64
SYNC_NOT_FOUND first4=22189020
2026-07-26T12:28:14.531497+00:00 SYNC_NOT_FOUND first4=162A0CB0
SYNC_NOT_FOUND first4=DA2057D9
SYNC_NOT_FOUND first4=EB62542F
SYNC_NOT_FOUND first4=DA9E4605
SYNC_NOT_FOUND first4=53027101
SYNC_NOT_FOUND first4=817638E6
SYNC_NOT_FOUND first4=F8B926FD
2026-07-26T12:28:15.542782+00:00 SYNC_NOT_FOUND first4=585AF078
SYNC_NOT_FOUND first4=233AF4AC
SYNC_NOT_FOUND first4=EAFE68F9
SYNC_NOT_FOUND first4=A15363B7
PHASE_RESULT 13 HF-FLRC-2600-64 pktSize=64 rx=0 unique=0 lost=100 per=100.0 rssi_avg=0 rssi_min=0 crc_err=0 garbage=12 tx_lat=0.00000 tx_lon=0.00000 sats=0 fix=0 utc=0 tx_fw=none rx_fw=unknown
PHASE_GUARD 500
PHASE_START 14 HF-FLRC-2600-128 pktSize=128
2026-07-26T12:28:16.554203+00:00 TIME_SYNCED utc=1785068895 offset=1785062474
PHASE_RESULT 14 HF-FLRC-2600-128 pktSize=128 rx=0 unique=0 lost=100 per=100.0 rssi_avg=0 rssi_min=0 crc_err=0 garbage=0 tx_lat=0.00000 tx_lon=0.00000 sats=0 fix=0 utc=0 tx_fw=none rx_fw=unknown
PHASE_GUARD 500
PHASE_START 13 HF-FLRC-2600-64 pktSize=64
SYNC_NOT_FOUND first4=28986563
PHASE_RESULT 13 HF-FLRC-2600-64 pktSize=64 rx=0 unique=0 lost=100 per=100.0 rssi_avg=0 rssi_min=0 crc_err=0 garbage=1 tx_lat=0.00000 tx_lon=0.00000 sats=0 fix=0 utc=0 tx_fw=none rx_fw=unknown
PHASE_GUARD 500
PHASE_START 14 HF-FLRC-2600-128 pktSize=128
SYNC_NOT_FOUND first4=DFB2FE25
2026-07-26T12:28:17.566088+00:00 SYNC_NOT_FOUND first4=679C01F2
SYNC_NOT_FOUND first4=5A4553C6
SYNC_NOT_FOUND first4=8D942765
SYNC_NOT_FOUND first4=18E63F2F
SYNC_NOT_FOUND first4=CD7D4999
SYNC_NOT_FOUND first4=EE69D462
SYNC_NOT_FOUND first4=57567F4D
2026-07-26T12:28:18.569937+00:00 SYNC_NOT_FOUND first4=05062363
SYNC_NOT_FOUND first4=104ACF36
SYNC_NOT_FOUND first4=6A7113B6
SYNC_NOT_FOUND first4=B11374D9
PHASE_RESULT 14 HF-FLRC-2600-128 pktSize=128 rx=0 unique=0 lost=100 per=100.0 rssi_avg=0 rssi_min=0 crc_err=0 garbage=12 tx_lat=0.00000 tx_lon=0.00000 sats=0 fix=0 utc=0 tx_fw=none rx_fw=unknown
PHASE_GUARD 500
PHASE_START 15 HF-FLRC-2600-255 pktSize=255
SYNC_NOT_FOUND first4=65264BAD
SYNC_NOT_FOUND first4=962B4428
2026-07-26T12:28:19.582255+00:00 SYNC_NOT_FOUND first4=187AC3CE
SYNC_NOT_FOUND first4=8941CB6B
SYNC_NOT_FOUND first4=C4971D2C
SYNC_NOT_FOUND first4=5C4C3C93
SYNC_NOT_FOUND first4=BB68239D
SYNC_NOT_FOUND first4=50AFF12B
SYNC_NOT_FOUND first4=01D7BE2B
2026-07-26T12:28:20.593206+00:00 SYNC_NOT_FOUND first4=3992E950
SYNC_NOT_FOUND first4=9C8E9B83
SYNC_NOT_FOUND first4=4055C7E5
TIME_SYNCED utc=1785068900 offset=1785062475
PHASE_RESULT 15 HF-FLRC-2600-255 pktSize=255 rx=0 unique=0 lost=100 per=100.0 rssi_avg=0 rssi_min=0 crc_err=0 garbage=12 tx_lat=0.00000 tx_lon=0.00000 sats=0 fix=0 utc=0 tx_fw=none rx_fw=unknown
PHASE_GUARD 500
PHASE_START 16 HF-FLRC-1300-32 pktSize=32
2026-07-26T12:28:21.604440+00:00 SYNC_NOT_FOUND first4=F3ACAEE1
PHASE_RESULT 16 HF-FLRC-1300-32 pktSize=32 rx=0 unique=0 lost=100 per=100.0 rssi_avg=0 rssi_min=0 crc_err=0 garbage=1 tx_lat=0.00000 tx_lon=0.00000 sats=0 fix=0 utc=0 tx_fw=none rx_fw=unknown
PHASE_GUARD 500
PHASE_START 17 HF-FLRC-1300-64 pktSize=64
SYNC_NOT_FOUND first4=9A89BC14
2026-07-26T12:28:22.620348+00:00 SYNC_NOT_FOUND first4=273A81B1
SYNC_NOT_FOUND first4=7FB82049
SYNC_NOT_FOUND first4=B2B4A09B
2026-07-26T12:28:23.631610+00:00 SYNC_NOT_FOUND first4=38F1AA76
SYNC_NOT_FOUND first4=A7E1087D
SYNC_NOT_FOUND first4=81996DCA
PHASE_RESULT 17 HF-FLRC-1300-64 pktSize=64 rx=0 unique=0 lost=100 per=100.0 rssi_avg=0 rssi_min=0 crc_err=0 garbage=7 tx_lat=0.00000 tx_lon=0.00000 sats=0 fix=0 utc=0 tx_fw=none rx_fw=unknown
PHASE_GUARD 500
PHASE_START 18 HF-FLRC-1300-128 pktSize=128
SYNC_NOT_FOUND first4=F3BB77A9
SYNC_NOT_FOUND first4=0A10B971
2026-07-26T12:28:24.643354+00:00 SYNC_NOT_FOUND first4=7EDEA062
SYNC_NOT_FOUND first4=EEBFC27F
SYNC_NOT_FOUND first4=B75320D7
SYNC_NOT_FOUND first4=A7A9BA6E
2026-07-26T12:28:25.659553+00:00 SYNC_NOT_FOUND first4=36485EA0
PHASE_RESULT 18 HF-FLRC-1300-128 pktSize=128 rx=0 unique=0 lost=100 per=100.0 rssi_avg=0 rssi_min=0 crc_err=0 garbage=7 tx_lat=0.00000 tx_lon=0.00000 sats=0 fix=0 utc=0 tx_fw=none rx_fw=unknown
PHASE_GUARD 500
PHASE_START 19 HF-FLRC-1300-255 pktSize=255
2026-07-26T12:28:26.671924+00:00 TIME_SYNCED utc=1785068905 offset=1785062474
PHASE_RESULT 19 HF-FLRC-1300-255 pktSize=255 rx=0 unique=0 lost=100 per=100.0 rssi_avg=0 rssi_min=0 crc_err=0 garbage=0 tx_lat=0.00000 tx_lon=0.00000 sats=0 fix=0 utc=0 tx_fw=none rx_fw=unknown
PHASE_GUARD 500
PHASE_START 18 HF-FLRC-1300-128 pktSize=128
PHASE_RESULT 18 HF-FLRC-1300-128 pktSize=128 rx=0 unique=0 lost=100 per=100.0 rssi_avg=0 rssi_min=0 crc_err=0 garbage=0 tx_lat=0.00000 tx_lon=0.00000 sats=0 fix=0 utc=0 tx_fw=none rx_fw=unknown
PHASE_GUARD 500
PHASE_START 19 HF-FLRC-1300-255 pktSize=255
SYNC_NOT_FOUND first4=907999C8
2026-07-26T12:28:27.676234+00:00 SYNC_NOT_FOUND first4=FC315FEB
SYNC_NOT_FOUND first4=2E6F54AB
SYNC_NOT_FOUND first4=DE69186E
2026-07-26T12:28:28.689664+00:00 SYNC_NOT_FOUND first4=9994966D
PHASE_RESULT 19 HF-FLRC-1300-255 pktSize=255 rx=0 unique=0 lost=100 per=100.0 rssi_avg=0 rssi_min=0 crc_err=0 garbage=5 tx_lat=0.00000 tx_lon=0.00000 sats=0 fix=0 utc=0 tx_fw=none rx_fw=unknown
PHASE_GUARD 500
PHASE_START 20 HF-FLRC-650-32 pktSize=32
SYNC_NOT_FOUND first4=D02920AA
SYNC_NOT_FOUND first4=9261480D
SYNC_NOT_FOUND first4=A8D458BD
SYNC_NOT_FOUND first4=17DD21A4
SYNC_NOT_FOUND first4=C69C539C
SYNC_NOT_FOUND first4=7BA62C17
SYNC_NOT_FOUND first4=993EE2EE
2026-07-26T12:28:29.700418+00:00 SYNC_NOT_FOUND first4=013BFA20
SYNC_NOT_FOUND first4=2184A2A5
SYNC_NOT_FOUND first4=C936F701
SYNC_NOT_FOUND first4=2F32459F
SYNC_NOT_FOUND first4=21F492FE
SYNC_NOT_FOUND first4=35DF89DD
SYNC_NOT_FOUND first4=8F968E22
SYNC_NOT_FOUND first4=A944B77A
SYNC_NOT_FOUND first4=C59521F8
SYNC_NOT_FOUND first4=E1F6026A
SYNC_NOT_FOUND first4=84D78A1C
SYNC_NOT_FOUND first4=9DA5FB7A
SYNC_NOT_FOUND first4=6206F110
SYNC_NOT_FOUND first4=BF08DE56
SYNC_NOT_FOUND first4=29A3D8DA
SYNC_NOT_FOUND first4=71A986F9
SYNC_NOT_FOUND first4=FADEB6A6
SYNC_NOT_FOUND first4=CBD959BE
SYNC_NOT_FOUND first4=DB25C08F
2026-07-26T12:28:30.711725+00:00 SYNC_NOT_FOUND first4=5A28A3A0
SYNC_NOT_FOUND first4=0E1E8255
SYNC_NOT_FOUND first4=C6C423FA
SYNC_NOT_FOUND first4=659AD573
SYNC_NOT_FOUND first4=F16384C2
SYNC_NOT_FOUND first4=4DD89D6E
SYNC_NOT_FOUND first4=E6AF4DEF
TIME_SYNCED utc=1785068910 offset=1785062475
PHASE_RESULT 20 HF-FLRC-650-32 pktSize=32 rx=0 unique=0 lost=100 per=100.0 rssi_avg=0 rssi_min=0 crc_err=0 garbage=33 tx_lat=0.00000 tx_lon=0.00000 sats=0 fix=0 utc=0 tx_fw=none rx_fw=unknown
PHASE_GUARD 500
PHASE_START 21 HF-FLRC-650-64 pktSize=64
SYNC_NOT_FOUND first4=D4434025
SYNC_NOT_FOUND first4=B7C13843
SYNC_NOT_FOUND first4=F9A61BE5
SYNC_NOT_FOUND first4=86FBF0D3
SYNC_NOT_FOUND first4=D6864376
SYNC_NOT_FOUND first4=5183F4B6
SYNC_NOT_FOUND first4=389F6854
SYNC_NOT_FOUND first4=98510B6C
2026-07-26T12:28:31.727742+00:00 SYNC_NOT_FOUND first4=248647F3
SYNC_NOT_FOUND first4=9B701C86
SYNC_NOT_FOUND first4=2B40FDEA
SYNC_NOT_FOUND first4=5D8BBD25
SYNC_NOT_FOUND first4=54CCF5C5
SYNC_NOT_FOUND first4=26BCA8F8
SYNC_NOT_FOUND first4=3629B6AC
SYNC_NOT_FOUND first4=7C07C0F5
SYNC_NOT_FOUND first4=FD80092A
SYNC_NOT_FOUND first4=418B1916
SYNC_NOT_FOUND first4=1E10E262
SYNC_NOT_FOUND first4=8E678F32
SYNC_NOT_FOUND first4=A766992D
SYNC_NOT_FOUND first4=5B58486F
PHASE_RESULT 21 HF-FLRC-650-64 pktSize=64 rx=0 unique=0 lost=100 per=100.0 rssi_avg=0 rssi_min=0 crc_err=0 garbage=22 tx_lat=0.00000 tx_lon=0.00000 sats=0 fix=0 utc=0 tx_fw=none rx_fw=unknown
PHASE_GUARD 500
PHASE_START 22 HF-FLRC-650-128 pktSize=128
SYNC_NOT_FOUND first4=BF938B53
SYNC_NOT_FOUND first4=93F10829
SYNC_NOT_FOUND first4=D273A1D5
SYNC_NOT_FOUND first4=0A542F2B
SYNC_NOT_FOUND first4=CEF59ECE
SYNC_NOT_FOUND first4=58F63C68
2026-07-26T12:28:32.738887+00:00 SYNC_NOT_FOUND first4=E01E59F4
SYNC_NOT_FOUND first4=FE06D24F
SYNC_NOT_FOUND first4=C9A80D2C
SYNC_NOT_FOUND first4=48CE1B33
SYNC_NOT_FOUND first4=842C8D0C
SYNC_NOT_FOUND first4=36447229
SYNC_NOT_FOUND first4=9197E060
SYNC_NOT_FOUND first4=3A74D188
SYNC_NOT_FOUND first4=BA034F1F
SYNC_NOT_FOUND first4=F4F7DEA9
SYNC_NOT_FOUND first4=444A7DF3
SYNC_NOT_FOUND first4=BCA5B169
SYNC_NOT_FOUND first4=99A52FAD
SYNC_NOT_FOUND first4=2B7EC5AF
SYNC_NOT_FOUND first4=C833BD36
SYNC_NOT_FOUND first4=D09E4050
SYNC_NOT_FOUND first4=782A6FAA
SYNC_NOT_FOUND first4=3558F354
SYNC_NOT_FOUND first4=2153D77D
SYNC_NOT_FOUND first4=327402A6
2026-07-26T12:28:33.756705+00:00 SYNC_NOT_FOUND first4=236B5C9F
SYNC_NOT_FOUND first4=630ED252
SYNC_NOT_FOUND first4=5737D799
SYNC_NOT_FOUND first4=ECFC37E1
SYNC_NOT_FOUND first4=D4739D90
SYNC_NOT_FOUND first4=8526AEF8
SYNC_NOT_FOUND first4=C256E64F
SYNC_NOT_FOUND first4=324C5E06
SYNC_NOT_FOUND first4=D9F54072
SYNC_NOT_FOUND first4=8488D6A5
SYNC_NOT_FOUND first4=06393108
PHASE_RESULT 22 HF-FLRC-650-128 pktSize=128 rx=0 unique=0 lost=100 per=100.0 rssi_avg=0 rssi_min=0 crc_err=0 garbage=37 tx_lat=0.00000 tx_lon=0.00000 sats=0 fix=0 utc=0 tx_fw=none rx_fw=unknown
PHASE_GUARD 500
PHASE_START 23 HF-FLRC-650-255 pktSize=255
SYNC_NOT_FOUND first4=1AE98A1E
SYNC_NOT_FOUND first4=4991DF2A
SYNC_NOT_FOUND first4=34B69023
SYNC_NOT_FOUND first4=F0E2A339
SYNC_NOT_FOUND first4=11C8ACF9
SYNC_NOT_FOUND first4=9C4494A9
2026-07-26T12:28:34.767325+00:00 SYNC_NOT_FOUND first4=A9597293
SYNC_NOT_FOUND first4=38318B12
SYNC_NOT_FOUND first4=0488B723
SYNC_NOT_FOUND first4=6CEE31D6
SYNC_NOT_FOUND first4=77D840BA
SYNC_NOT_FOUND first4=E00286A3
SYNC_NOT_FOUND first4=7F693CFF
SYNC_NOT_FOUND first4=656F330C
SYNC_NOT_FOUND first4=41F06E6D
SYNC_NOT_FOUND first4=4F77C778
SYNC_NOT_FOUND first4=889E718B
SYNC_NOT_FOUND first4=087D7DA2
SYNC_NOT_FOUND first4=E9E9F8C5
SYNC_NOT_FOUND first4=6F339CEB
SYNC_NOT_FOUND first4=A12E5C84
SYNC_NOT_FOUND first4=2A2E2F65
SYNC_NOT_FOUND first4=0A1CA4F5
SYNC_NOT_FOUND first4=032EDC31
SYNC_NOT_FOUND first4=106F9327
2026-07-26T12:28:35.778640+00:00 SYNC_NOT_FOUND first4=F4282876
SYNC_NOT_FOUND first4=54B1792D
SYNC_NOT_FOUND first4=5FDA3D29
SYNC_NOT_FOUND first4=5B0ED6B5
SYNC_NOT_FOUND first4=75E703BA
SYNC_NOT_FOUND first4=54E950C2
SYNC_NOT_FOUND first4=F53C8FF3
SYNC_NOT_FOUND first4=985C2EB7
PHASE_RESULT 23 HF-FLRC-650-255 pktSize=255 rx=0 unique=0 lost=100 per=100.0 rssi_avg=0 rssi_min=0 crc_err=0 garbage=33 tx_lat=0.00000 tx_lon=0.00000 sats=0 fix=0 utc=0 tx_fw=none rx_fw=unknown
PHASE_GUARD 500
PHASE_START 24 HF-FLRC-325-32 pktSize=32
2026-07-26T12:28:36.797241+00:00 TIME_SYNCED utc=1785068915 offset=1785062474
PHASE_RESULT 24 HF-FLRC-325-32 pktSize=32 rx=0 unique=0 lost=100 per=100.0 rssi_avg=0 rssi_min=0 crc_err=0 garbage=0 tx_lat=0.00000 tx_lon=0.00000 sats=0 fix=0 utc=0 tx_fw=none rx_fw=unknown
PHASE_GUARD 500
PHASE_START 23 HF-FLRC-650-255 pktSize=255
SYNC_NOT_FOUND first4=22F1A28D
SYNC_NOT_FOUND first4=5FDF6930
SYNC_NOT_FOUND first4=4F5DCF28
SYNC_NOT_FOUND first4=3AD195BD
SYNC_NOT_FOUND first4=224F3548
SYNC_NOT_FOUND first4=092A9308
SYNC_NOT_FOUND first4=B859E762
SYNC_NOT_FOUND first4=149E41C9
SYNC_NOT_FOUND first4=3BB261D5
SYNC_NOT_FOUND first4=712FB866
PHASE_RESULT 23 HF-FLRC-650-255 pktSize=255 rx=0 unique=0 lost=100 per=100.0 rssi_avg=0 rssi_min=0 crc_err=0 garbage=10 tx_lat=0.00000 tx_lon=0.00000 sats=0 fix=0 utc=0 tx_fw=none rx_fw=unknown
PHASE_GUARD 500
PHASE_START 24 HF-FLRC-325-32 pktSize=32
SYNC_NOT_FOUND first4=920A0071
2026-07-26T12:28:37.808232+00:00 SYNC_NOT_FOUND first4=C16A0512
SYNC_NOT_FOUND first4=55324287
SYNC_NOT_FOUND first4=BE4F9E68
SYNC_NOT_FOUND first4=131B628D
2026-07-26T12:28:38.819472+00:00 SYNC_NOT_FOUND first4=E56FA865
SYNC_NOT_FOUND first4=B4897C09
SYNC_NOT_FOUND first4=DE832CCA
PHASE_RESULT 24 HF-FLRC-325-32 pktSize=32 rx=0 unique=0 lost=100 per=100.0 rssi_avg=0 rssi_min=0 crc_err=0 garbage=8 tx_lat=0.00000 tx_lon=0.00000 sats=0 fix=0 utc=0 tx_fw=none rx_fw=unknown
PHASE_GUARD 500
PHASE_START 25 HF-FLRC-325-64 pktSize=64
SYNC_NOT_FOUND first4=1B881794
SYNC_NOT_FOUND first4=8D2A7767
2026-07-26T12:28:39.830780+00:00 SYNC_NOT_FOUND first4=01D9EF28
SYNC_NOT_FOUND first4=3403B14D
SYNC_NOT_FOUND first4=DB882002
SYNC_NOT_FOUND first4=9C6A68C9
2026-07-26T12:28:40.844354+00:00 TIME_SYNCED utc=1785068920 offset=1785062475
PHASE_RESULT 25 HF-FLRC-325-64 pktSize=64 rx=0 unique=0 lost=100 per=100.0 rssi_avg=0 rssi_min=0 crc_err=0 garbage=6 tx_lat=0.00000 tx_lon=0.00000 sats=0 fix=0 utc=0 tx_fw=none rx_fw=unknown
PHASE_GUARD 500
PHASE_START 26 HF-FLRC-325-128 pktSize=128
2026-07-26T12:28:41.862010+00:00 SYNC_NOT_FOUND first4=97A03B1F
SYNC_NOT_FOUND first4=01B5AC8F
PHASE_RESULT 26 HF-FLRC-325-128 pktSize=128 rx=0 unique=0 lost=100 per=100.0 rssi_avg=0 rssi_min=0 crc_err=0 garbage=2 tx_lat=0.00000 tx_lon=0.00000 sats=0 fix=0 utc=0 tx_fw=none rx_fw=unknown
PHASE_GUARD 500
PHASE_START 27 HF-FLRC-325-255 pktSize=255
SYNC_NOT_FOUND first4=61C59D4E
2026-07-26T12:28:43.924836+00:00 SYNC_NOT_FOUND first4=B9F12FF3
SYNC_NOT_FOUND first4=ECA9DE14
PHASE_RESULT 27 HF-FLRC-325-255 pktSize=255 rx=0 unique=0 lost=100 per=100.0 rssi_avg=0 rssi_min=0 crc_err=0 garbage=3 tx_lat=0.00000 tx_lon=0.00000 sats=0 fix=0 utc=0 tx_fw=none rx_fw=unknown
PHASE_GUARD 500
LORA_CFG path=0 bw=0x05 sf=7
PHASE_START 28 LF-LoRa-SF7-32 pktSize=32
2026-07-26T12:28:45.979094+00:00 PHASE_RESULT 28 LF-LoRa-SF7-32 pktSize=32 rx=0 unique=0 lost=20 per=100.0 rssi_avg=0 rssi_min=0 crc_err=0 garbage=0 tx_lat=0.00000 tx_lon=0.00000 sats=0 fix=0 utc=0 tx_fw=none rx_fw=unknown
PHASE_GUARD 500
LORA_CFG path=0 bw=0x05 sf=7
PHASE_START 29 LF-LoRa-SF7-64 pktSize=64
2026-07-26T12:28:46.998068+00:00 TIME_SYNCED utc=1785068925 offset=1785062474
PHASE_RESULT 29 LF-LoRa-SF7-64 pktSize=64 rx=0 unique=0 lost=20 per=100.0 rssi_avg=0 rssi_min=0 crc_err=0 garbage=0 tx_lat=0.00000 tx_lon=0.00000 sats=0 fix=0 utc=0 tx_fw=none rx_fw=unknown
PHASE_GUARD 500
LORA_CFG path=0 bw=0x05 sf=7
PHASE_START 28 LF-LoRa-SF7-32 pktSize=32
PHASE_RESULT 28 LF-LoRa-SF7-32 pktSize=32 rx=0 unique=0 lost=20 per=100.0 rssi_avg=0 rssi_min=0 crc_err=0 garbage=0 tx_lat=0.00000 tx_lon=0.00000 sats=0 fix=0 utc=0 tx_fw=none rx_fw=unknown
PHASE_GUARD 500
LORA_CFG path=0 bw=0x05 sf=7
PHASE_START 29 LF-LoRa-SF7-64 pktSize=64
2026-07-26T12:28:50.111203+00:00 PHASE_RESULT 29 LF-LoRa-SF7-64 pktSize=64 rx=0 unique=0 lost=20 per=100.0 rssi_avg=0 rssi_min=0 crc_err=0 garbage=0 tx_lat=0.00000 tx_lon=0.00000 sats=0 fix=0 utc=0 tx_fw=none rx_fw=unknown
PHASE_GUARD 500
LORA_CFG path=0 bw=0x05 sf=7
PHASE_START 30 LF-LoRa-SF7-128 pktSize=128
2026-07-26T12:28:51.126356+00:00 TIME_SYNCED utc=1785068930 offset=1785062475
2026-07-26T12:28:53.193324+00:00 PHASE_RESULT 30 LF-LoRa-SF7-128 pktSize=128 rx=0 unique=0 lost=13 per=100.0 rssi_avg=0 rssi_min=0 crc_err=0 garbage=0 tx_lat=0.00000 tx_lon=0.00000 sats=0 fix=0 utc=0 tx_fw=none rx_fw=unknown
PHASE_GUARD 500
LORA_CFG path=0 bw=0x05 sf=7
PHASE_START 31 LF-LoRa-SF7-255 pktSize=255
2026-07-26T12:28:56.311865+00:00 PHASE_RESULT 31 LF-LoRa-SF7-255 pktSize=255 rx=0 unique=0 lost=7 per=100.0 rssi_avg=0 rssi_min=0 crc_err=0 garbage=0 tx_lat=0.00000 tx_lon=0.00000 sats=0 fix=0 utc=0 tx_fw=none rx_fw=unknown
PHASE_GUARD 500
2026-07-26T12:28:57.315665+00:00 LORA_CFG path=0 bw=0x05 sf=9
PHASE_START 32 LF-LoRa-SF9-32 pktSize=32
TIME_SYNCED utc=1785068936 offset=1785062474
PHASE_RESULT 32 LF-LoRa-SF9-32 pktSize=32 rx=0 unique=0 lost=7 per=100.0 rssi_avg=0 rssi_min=0 crc_err=0 garbage=0 tx_lat=0.00000 tx_lon=0.00000 sats=0 fix=0 utc=0 tx_fw=none rx_fw=unknown
PHASE_GUARD 500
LORA_CFG path=0 bw=0x05 sf=7
PHASE_START 31 LF-LoRa-SF7-255 pktSize=255
PHASE_RESULT 31 LF-LoRa-SF7-255 pktSize=255 rx=0 unique=0 lost=7 per=100.0 rssi_avg=0 rssi_min=0 crc_err=0 garbage=0 tx_lat=0.00000 tx_lon=0.00000 sats=0 fix=0 utc=0 tx_fw=none rx_fw=unknown
PHASE_GUARD 500
2026-07-26T12:28:58.327303+00:00 LORA_CFG path=0 bw=0x05 sf=9
PHASE_START 32 LF-LoRa-SF9-32 pktSize=32
2026-07-26T12:29:00.382490+00:00 TIME_SYNCED utc=1785068940 offset=1785062475
PHASE_RESULT 32 LF-LoRa-SF9-32 pktSize=32 rx=0 unique=0 lost=7 per=100.0 rssi_avg=0 rssi_min=0 crc_err=0 garbage=0 tx_lat=0.00000 tx_lon=0.00000 sats=0 fix=0 utc=0 tx_fw=none rx_fw=unknown
PHASE_GUARD 500
LORA_CFG path=0 bw=0x05 sf=9
2026-07-26T12:29:01.396205+00:00 PHASE_START 33 LF-LoRa-SF9-64 pktSize=64
2026-07-26T12:29:03.461397+00:00 PHASE_RESULT 33 LF-LoRa-SF9-64 pktSize=64 rx=0 unique=0 lost=3 per=100.0 rssi_avg=0 rssi_min=0 crc_err=0 garbage=0 tx_lat=0.00000 tx_lon=0.00000 sats=0 fix=0 utc=0 tx_fw=none rx_fw=unknown
PHASE_GUARD 500
LORA_CFG path=0 bw=0x05 sf=9
PHASE_START 34 LF-LoRa-SF9-128 pktSize=128
2026-07-26T12:29:05.515516+00:00 PHASE_RESULT 34 LF-LoRa-SF9-128 pktSize=128 rx=0 unique=0 lost=1 per=100.0 rssi_avg=0 rssi_min=0 crc_err=0 garbage=0 tx_lat=0.00000 tx_lon=0.00000 sats=0 fix=0 utc=0 tx_fw=none rx_fw=unknown
PHASE_GUARD 500
LORA_CFG path=0 bw=0x05 sf=9
PHASE_START 35 LF-LoRa-SF9-255 pktSize=255
2026-07-26T12:29:07.570215+00:00 TIME_SYNCED utc=1785068946 offset=1785062474
2026-07-26T12:29:11.070206+00:00 TIME_SYNCED utc=1785068950 offset=1785062475
PHASE_RESULT 35 LF-LoRa-SF9-255 pktSize=255 rx=0 unique=0 lost=1 per=100.0 rssi_avg=0 rssi_min=0 crc_err=0 garbage=0 tx_lat=0.00000 tx_lon=0.00000 sats=0 fix=0 utc=0 tx_fw=none rx_fw=unknown
PHASE_GUARD 500
LORA_CFG path=0 bw=0x05 sf=12
PHASE_START 36 LF-LoRa-SF12-32 pktSize=32
2026-07-26T12:29:18.387574+00:00 TIME_SYNCED utc=1785068957 offset=1785062474
2026-07-26T12:29:20.459058+00:00 TIME_SYNCED utc=1785068960 offset=1785062475
2026-07-26T12:29:24.623789+00:00 PHASE_RESULT 36 LF-LoRa-SF12-32 pktSize=32 rx=0 unique=0 lost=1 per=100.0 rssi_avg=0 rssi_min=0 crc_err=0 garbage=0 tx_lat=0.00000 tx_lon=0.00000 sats=0 fix=0 utc=0 tx_fw=none rx_fw=unknown
PHASE_GUARD 500
LORA_CFG path=0 bw=0x05 sf=12
PHASE_START 37 LF-LoRa-SF12-SKIP SKIP pktSize=64
2026-07-26T12:29:25.632301+00:00 PHASE_RESULT 37 LF-LoRa-SF12-SKIP pktSize=64 rx=0 unique=0 lost=0 per=0.0 rssi_avg=0 rssi_min=0 crc_err=0 garbage=0 tx_lat=0.00000 tx_lon=0.00000 sats=0 fix=0 utc=0 tx_fw=none rx_fw=unknown
PHASE_GUARD 500
LORA_CFG path=0 bw=0x05 sf=12
PHASE_START 38 LF-LoRa-SF12-SKIP SKIP pktSize=128
2026-07-26T12:29:26.636810+00:00 PHASE_RESULT 38 LF-LoRa-SF12-SKIP pktSize=128 rx=0 unique=0 lost=0 per=0.0 rssi_avg=0 rssi_min=0 crc_err=0 garbage=0 tx_lat=0.00000 tx_lon=0.00000 sats=0 fix=0 utc=0 tx_fw=none rx_fw=unknown
PHASE_GUARD 500
LORA_CFG path=0 bw=0x05 sf=12
PHASE_START 39 LF-LoRa-SF12-SKIP SKIP pktSize=255
2026-07-26T12:29:27.648169+00:00 PHASE_RESULT 39 LF-LoRa-SF12-SKIP pktSize=255 rx=0 unique=0 lost=0 per=0.0 rssi_avg=0 rssi_min=0 crc_err=0 garbage=0 tx_lat=0.00000 tx_lon=0.00000 sats=0 fix=0 utc=0 tx_fw=none rx_fw=unknown
PHASE_GUARD 500
PHASE_START 40 LF-FLRC-2600-32 pktSize=32
SYNC_NOT_FOUND first4=BE3111DD
2026-07-26T12:29:28.667215+00:00 TIME_SYNCED utc=1785068967 offset=1785062474
PHASE_RESULT 40 LF-FLRC-2600-32 pktSize=32 rx=0 unique=0 lost=100 per=100.0 rssi_avg=0 rssi_min=0 crc_err=0 garbage=1 tx_lat=0.00000 tx_lon=0.00000 sats=0 fix=0 utc=0 tx_fw=none rx_fw=unknown
PHASE_GUARD 500
LORA_CFG path=0 bw=0x05 sf=12
PHASE_START 39 LF-LoRa-SF12-SKIP SKIP pktSize=255
PHASE_RESULT 39 LF-LoRa-SF12-SKIP pktSize=255 rx=0 unique=0 lost=0 per=0.0 rssi_avg=0 rssi_min=0 crc_err=0 garbage=0 tx_lat=0.00000 tx_lon=0.00000 sats=0 fix=0 utc=0 tx_fw=none rx_fw=unknown
PHASE_GUARD 500
PHASE_START 40 LF-FLRC-2600-32 pktSize=32
SYNC_NOT_FOUND first4=113F734C
2026-07-26T12:29:29.671274+00:00 SYNC_NOT_FOUND first4=FE5DC6CD
2026-07-26T12:29:30.684449+00:00 TIME_SYNCED utc=1785068970 offset=1785062475
PHASE_RESULT 40 LF-FLRC-2600-32 pktSize=32 rx=0 unique=0 lost=100 per=100.0 rssi_avg=0 rssi_min=0 crc_err=0 garbage=2 tx_lat=0.00000 tx_lon=0.00000 sats=0 fix=0 utc=0 tx_fw=none rx_fw=unknown
PHASE_GUARD 500
PHASE_START 41 LF-FLRC-2600-64 pktSize=64
SYNC_NOT_FOUND first4=94E4886E
2026-07-26T12:29:31.695759+00:00 PHASE_RESULT 41 LF-FLRC-2600-64 pktSize=64 rx=0 unique=0 lost=100 per=100.0 rssi_avg=0 rssi_min=0 crc_err=0 garbage=1 tx_lat=0.00000 tx_lon=0.00000 sats=0 fix=0 utc=0 tx_fw=none rx_fw=unknown
PHASE_GUARD 500
PHASE_START 42 LF-FLRC-2600-128 pktSize=128
2026-07-26T12:29:33.749706+00:00 PHASE_RESULT 42 LF-FLRC-2600-128 pktSize=128 rx=0 unique=0 lost=100 per=100.0 rssi_avg=0 rssi_min=0 crc_err=0 garbage=0 tx_lat=0.00000 tx_lon=0.00000 sats=0 fix=0 utc=0 tx_fw=none rx_fw=unknown
PHASE_GUARD 500
PHASE_START 43 LF-FLRC-2600-255 pktSize=255
2026-07-26T12:29:34.762814+00:00 SYNC_NOT_FOUND first4=2B309D8D
SYNC_NOT_FOUND first4=9A2E7C29
2026-07-26T12:29:35.773654+00:00 SYNC_NOT_FOUND first4=1C1AC7C7
PHASE_RESULT 43 LF-FLRC-2600-255 pktSize=255 rx=0 unique=0 lost=100 per=100.0 rssi_avg=0 rssi_min=0 crc_err=0 garbage=3 tx_lat=0.00000 tx_lon=0.00000 sats=0 fix=0 utc=0 tx_fw=none rx_fw=unknown
PHASE_GUARD 500
PHASE_START 44 LF-FLRC-1300-32 pktSize=32
2026-07-26T12:29:37.829808+00:00 PHASE_RESULT 44 LF-FLRC-1300-32 pktSize=32 rx=0 unique=0 lost=100 per=100.0 rssi_avg=0 rssi_min=0 crc_err=0 garbage=0 tx_lat=0.00000 tx_lon=0.00000 sats=0 fix=0 utc=0 tx_fw=none rx_fw=unknown
PHASE_GUARD 500
PHASE_START 45 LF-FLRC-1300-64 pktSize=64
2026-07-26T12:29:38.843231+00:00 TIME_SYNCED utc=1785068977 offset=1785062474
PHASE_RESULT 45 LF-FLRC-1300-64 pktSize=64 rx=0 unique=0 lost=100 per=100.0 rssi_avg=0 rssi_min=0 crc_err=0 garbage=0 tx_lat=0.00000 tx_lon=0.00000 sats=0 fix=0 utc=0 tx_fw=none rx_fw=unknown
PHASE_GUARD 500
PHASE_START 44 LF-FLRC-1300-32 pktSize=32
PHASE_RESULT 44 LF-FLRC-1300-32 pktSize=32 rx=0 unique=0 lost=100 per=100.0 rssi_avg=0 rssi_min=0 crc_err=0 garbage=0 tx_lat=0.00000 tx_lon=0.00000 sats=0 fix=0 utc=0 tx_fw=none rx_fw=unknown
PHASE_GUARD 500
PHASE_START 45 LF-FLRC-1300-64 pktSize=64
2026-07-26T12:29:40.911912+00:00 PHASE_RESULT 45 LF-FLRC-1300-64 pktSize=64 rx=0 unique=0 lost=100 per=100.0 rssi_avg=0 rssi_min=0 crc_err=0 garbage=0 tx_lat=0.00000 tx_lon=0.00000 sats=0 fix=0 utc=0 tx_fw=none rx_fw=unknown
PHASE_GUARD 500
PHASE_START 46 LF-FLRC-1300-128 pktSize=128
TIME_SYNCED utc=1785068980 offset=1785062474
2026-07-26T12:29:42.982732+00:00 PHASE_RESULT 46 LF-FLRC-1300-128 pktSize=128 rx=0 unique=0 lost=100 per=100.0 rssi_avg=0 rssi_min=0 crc_err=0 garbage=0 tx_lat=0.00000 tx_lon=0.00000 sats=0 fix=0 utc=0 tx_fw=none rx_fw=unknown
PHASE_GUARD 500
PHASE_START 47 LF-FLRC-1300-255 pktSize=255
SYNC_NOT_FOUND first4=38DBEFE6
2026-07-26T12:29:45.051574+00:00 SYNC_NOT_FOUND first4=C57B084C
PHASE_RESULT 47 LF-FLRC-1300-255 pktSize=255 rx=0 unique=0 lost=100 per=100.0 rssi_avg=0 rssi_min=0 crc_err=0 garbage=2 tx_lat=0.00000 tx_lon=0.00000 sats=0 fix=0 utc=0 tx_fw=none rx_fw=unknown
PHASE_GUARD 500
PHASE_START 48 LF-FLRC-650-32 pktSize=32
2026-07-26T12:29:46.062933+00:00 SYNC_NOT_FOUND first4=9671E4F5
SYNC_NOT_FOUND first4=2D01722B
2026-07-26T12:29:47.067120+00:00 PHASE_RESULT 48 LF-FLRC-650-32 pktSize=32 rx=0 unique=0 lost=100 per=100.0 rssi_avg=0 rssi_min=0 crc_err=0 garbage=2 tx_lat=0.00000 tx_lon=0.00000 sats=0 fix=0 utc=0 tx_fw=none rx_fw=unknown
PHASE_GUARD 500
PHASE_START 49 LF-FLRC-650-64 pktSize=64
2026-07-26T12:29:48.070971+00:00 SYNC_NOT_FOUND first4=9646D08C
2026-07-26T12:29:49.085258+00:00 TIME_SYNCED utc=1785068988 offset=1785062475
PHASE_RESULT 49 LF-FLRC-650-64 pktSize=64 rx=0 unique=0 lost=100 per=100.0 rssi_avg=0 rssi_min=0 crc_err=0 garbage=1 tx_lat=0.00000 tx_lon=0.00000 sats=0 fix=0 utc=0 tx_fw=none rx_fw=unknown
PHASE_GUARD 500
PHASE_START 50 LF-FLRC-650-128 pktSize=128
2026-07-26T12:29:50.093451+00:00 PHASE_RESULT 50 LF-FLRC-650-128 pktSize=128 rx=0 unique=0 lost=100 per=100.0 rssi_avg=0 rssi_min=0 crc_err=0 garbage=0 tx_lat=0.00000 tx_lon=0.00000 sats=0 fix=0 utc=0 tx_fw=none rx_fw=unknown
PHASE_GUARD 500
PHASE_START 51 LF-FLRC-650-255 pktSize=255
SYNC_NOT_FOUND first4=2E6C7E42
2026-07-26T12:29:51.104950+00:00 TIME_SYNCED utc=1785068990 offset=1785062474
SYNC_NOT_FOUND first4=1F3E2E38
SYNC_NOT_FOUND first4=289A89A7
2026-07-26T12:29:52.116789+00:00 SYNC_NOT_FOUND first4=8EBA1859
2026-07-26T12:29:53.131250+00:00 PHASE_RESULT 51 LF-FLRC-650-255 pktSize=255 rx=0 unique=0 lost=100 per=100.0 rssi_avg=0 rssi_min=0 crc_err=0 garbage=4 tx_lat=0.00000 tx_lon=0.00000 sats=0 fix=0 utc=0 tx_fw=none rx_fw=unknown
PHASE_GUARD 500
PHASE_START 52 LF-FLRC-325-32 pktSize=32
SYNC_NOT_FOUND first4=80DBDB1C
2026-07-26T12:29:55.201565+00:00 PHASE_RESULT 52 LF-FLRC-325-32 pktSize=32 rx=0 unique=0 lost=100 per=100.0 rssi_avg=0 rssi_min=0 crc_err=0 garbage=1 tx_lat=0.00000 tx_lon=0.00000 sats=0 fix=0 utc=0 tx_fw=none rx_fw=unknown
PHASE_GUARD 500
PHASE_START 53 LF-FLRC-325-64 pktSize=64
2026-07-26T12:29:57.264400+00:00 PHASE_RESULT 53 LF-FLRC-325-64 pktSize=64 rx=0 unique=0 lost=100 per=100.0 rssi_avg=0 rssi_min=0 crc_err=0 garbage=0 tx_lat=0.00000 tx_lon=0.00000 sats=0 fix=0 utc=0 tx_fw=none rx_fw=unknown
PHASE_GUARD 500
PHASE_START 54 LF-FLRC-325-128 pktSize=128
2026-07-26T12:29:58.275353+00:00 PHASE_RESULT 54 LF-FLRC-325-128 pktSize=128 rx=0 unique=0 lost=100 per=100.0 rssi_avg=0 rssi_min=0 crc_err=0 garbage=0 tx_lat=0.00000 tx_lon=0.00000 sats=0 fix=0 utc=0 tx_fw=none rx_fw=unknown
PHASE_GUARD 500
2026-07-26T12:29:59.294859+00:00 PHASE_START 55 LF-FLRC-325-255 pktSize=255
TIME_SYNCED utc=1785068998 offset=1785062474
SYNC_NOT_FOUND first4=AAD9DD95
2026-07-26T12:30:00.313553+00:00 PHASE_RESULT 55 LF-FLRC-325-255 pktSize=255 rx=0 unique=0 lost=100 per=100.0 rssi_avg=0 rssi_min=0 crc_err=0 garbage=1 tx_lat=0.00000 tx_lon=0.00000 sats=0 fix=0 utc=0 tx_fw=none rx_fw=unknown
PHASE_GUARD 500
LORA_CFG path=1 bw=0x0F sf=7
2026-07-26T12:30:01.319225+00:00 PHASE_START 0 HF-LoRa-SF7-32 pktSize=32
TIME_SYNCED utc=1785069000 offset=1785062474
2026-07-26T12:30:02.330783+00:00 PHASE_RESULT 0 HF-LoRa-SF7-32 pktSize=32 rx=0 unique=0 lost=20 per=100.0 rssi_avg=0 rssi_min=0 crc_err=0 garbage=0 tx_lat=0.00000 tx_lon=0.00000 sats=0 fix=0 utc=0 tx_fw=none rx_fw=unknown
PHASE_GUARD 500
LORA_CFG path=1 bw=0x0F sf=7
2026-07-26T12:30:03.355289+00:00 PHASE_START 1 HF-LoRa-SF7-64 pktSize=64
2026-07-26T12:30:04.358882+00:00 PHASE_RESULT 1 HF-LoRa-SF7-64 pktSize=64 rx=0 unique=0 lost=20 per=100.0 rssi_avg=0 rssi_min=0 crc_err=0 garbage=0 tx_lat=0.00000 tx_lon=0.00000 sats=0 fix=0 utc=0 tx_fw=none rx_fw=unknown
PHASE_GUARD 500
LORA_CFG path=1 bw=0x0F sf=7
2026-07-26T12:30:05.377291+00:00 PHASE_START 2 HF-LoRa-SF7-128 pktSize=128
2026-07-26T12:30:06.388350+00:00 PHASE_RESULT 2 HF-LoRa-SF7-128 pktSize=128 rx=0 unique=0 lost=20 per=100.0 rssi_avg=0 rssi_min=0 crc_err=0 garbage=0 tx_lat=0.00000 tx_lon=0.00000 sats=0 fix=0 utc=0 tx_fw=none rx_fw=unknown
PHASE_GUARD 500
LORA_CFG path=1 bw=0x0F sf=7
PHASE_START 3 HF-LoRa-SF7-255 pktSize=255
2026-07-26T12:30:09.504829+00:00 TIME_SYNCED utc=1785069008 offset=1785062474
PHASE_RESULT 3 HF-LoRa-SF7-255 pktSize=255 rx=0 unique=0 lost=20 per=100.0 rssi_avg=0 rssi_min=0 crc_err=0 garbage=0 tx_lat=0.00000 tx_lon=0.00000 sats=0 fix=0 utc=0 tx_fw=none rx_fw=unknown
PHASE_GUARD 500
LORA_CFG path=1 bw=0x0F sf=9
PHASE_START 4 HF-LoRa-SF9-32 pktSize=32
2026-07-26T12:30:10.523207+00:00 TIME_SYNCED utc=1785069010 offset=1785062474
2026-07-26T12:30:11.534054+00:00 PHASE_RESULT 4 HF-LoRa-SF9-32 pktSize=32 rx=0 unique=0 lost=20 per=100.0 rssi_avg=0 rssi_min=0 crc_err=0 garbage=0 tx_lat=0.00000 tx_lon=0.00000 sats=0 fix=0 utc=0 tx_fw=none rx_fw=unknown
PHASE_GUARD 500
LORA_CFG path=1 bw=0x0F sf=9
PHASE_START 5 HF-LoRa-SF9-64 pktSize=64
2026-07-26T12:30:14.645632+00:00 PHASE_RESULT 5 HF-LoRa-SF9-64 pktSize=64 rx=0 unique=0 lost=20 per=100.0 rssi_avg=0 rssi_min=0 crc_err=0 garbage=0 tx_lat=0.00000 tx_lon=0.00000 sats=0 fix=0 utc=0 tx_fw=none rx_fw=unknown
PHASE_GUARD 500
LORA_CFG path=1 bw=0x0F sf=9
PHASE_START 6 HF-LoRa-SF9-128 pktSize=128
2026-07-26T12:30:18.810808+00:00 PHASE_RESULT 6 HF-LoRa-SF9-128 pktSize=128 rx=0 unique=0 lost=13 per=100.0 rssi_avg=0 rssi_min=0 crc_err=0 garbage=0 tx_lat=0.00000 tx_lon=0.00000 sats=0 fix=0 utc=0 tx_fw=none rx_fw=unknown
PHASE_GUARD 500
LORA_CFG path=1 bw=0x0F sf=9
PHASE_START 7 HF-LoRa-SF9-255 pktSize=255
2026-07-26T12:30:19.821588+00:00 TIME_SYNCED utc=1785069018 offset=1785062474
2026-07-26T12:30:20.844173+00:00 TIME_SYNCED utc=1785069020 offset=1785062474
2026-07-26T12:30:21.850212+00:00 PHASE_RESULT 7 HF-LoRa-SF9-255 pktSize=255 rx=0 unique=0 lost=6 per=100.0 rssi_avg=0 rssi_min=0 crc_err=0 garbage=0 tx_lat=0.00000 tx_lon=0.00000 sats=0 fix=0 utc=0 tx_fw=none rx_fw=unknown
PHASE_GUARD 500
LORA_CFG path=1 bw=0x0F sf=12
PHASE_START 8 HF-LoRa-SF12-32 pktSize=32
2026-07-26T12:30:24.962932+00:00 PHASE_RESULT 8 HF-LoRa-SF12-32 pktSize=32 rx=0 unique=0 lost=2 per=100.0 rssi_avg=0 rssi_min=0 crc_err=0 garbage=0 tx_lat=0.00000 tx_lon=0.00000 sats=0 fix=0 utc=0 tx_fw=none rx_fw=unknown
PHASE_GUARD 500
LORA_CFG path=1 bw=0x0F sf=12
PHASE_START 9 HF-LoRa-SF12-64 pktSize=64
2026-07-26T12:30:28.073052+00:00 PHASE_RESULT 9 HF-LoRa-SF12-64 pktSize=64 rx=0 unique=0 lost=1 per=100.0 rssi_avg=0 rssi_min=0 crc_err=0 garbage=0 tx_lat=0.00000 tx_lon=0.00000 sats=0 fix=0 utc=0 tx_fw=none rx_fw=unknown
PHASE_GUARD 500
LORA_CFG path=1 bw=0x0F sf=12
PHASE_START 10 HF-LoRa-SF12-128 pktSize=128
2026-07-26T12:30:30.134215+00:00 TIME_SYNCED utc=1785069029 offset=1785062475
2026-07-26T12:30:31.150216+00:00 TIME_SYNCED utc=1785069030 offset=1785062474
2026-07-26T12:30:33.206192+00:00 PHASE_RESULT 10 HF-LoRa-SF12-128 pktSize=128 rx=0 unique=0 lost=1 per=100.0 rssi_avg=0 rssi_min=0 crc_err=0 garbage=0 tx_lat=0.00000 tx_lon=0.00000 sats=0 fix=0 utc=0 tx_fw=none rx_fw=unknown
PHASE_GUARD 500
LORA_CFG path=1 bw=0x0F sf=12
PHASE_START 11 HF-LoRa-SF12-255 pktSize=255
2026-07-26T12:30:40.525425+00:00 TIME_SYNCED utc=1785069039 offset=1785062474
TIME_SYNCED utc=1785069040 offset=1785062474
2026-07-26T12:30:42.579437+00:00 PHASE_RESULT 11 HF-LoRa-SF12-255 pktSize=255 rx=0 unique=0 lost=1 per=100.0 rssi_avg=0 rssi_min=0 crc_err=0 garbage=0 tx_lat=0.00000 tx_lon=0.00000 sats=0 fix=0 utc=0 tx_fw=none rx_fw=unknown
PHASE_GUARD 500
PHASE_START 12 HF-FLRC-2600-32 pktSize=32
SYNC_NOT_FOUND first4=7F3E05E3
2026-07-26T12:30:43.585222+00:00 SYNC_NOT_FOUND first4=29093572
SYNC_NOT_FOUND first4=E1943036
SYNC_NOT_FOUND first4=751629F9
SYNC_NOT_FOUND first4=2F858C07
SYNC_NOT_FOUND first4=93326220
2026-07-26T12:30:44.594458+00:00 SYNC_NOT_FOUND first4=F534189F
PHASE_RESULT 12 HF-FLRC-2600-32 pktSize=32 rx=0 unique=0 lost=100 per=100.0 rssi_avg=0 rssi_min=0 crc_err=0 garbage=7 tx_lat=0.00000 tx_lon=0.00000 sats=0 fix=0 utc=0 tx_fw=none rx_fw=unknown
PHASE_GUARD 500
PHASE_START 13 HF-FLRC-2600-64 pktSize=64
SYNC_NOT_FOUND first4=72794C02
2026-07-26T12:30:45.599213+00:00 SYNC_NOT_FOUND first4=0E3B834B
SYNC_NOT_FOUND first4=78F7DF6B
2026-07-26T12:30:46.618890+00:00 SYNC_NOT_FOUND first4=E2B63046
PHASE_RESULT 13 HF-FLRC-2600-64 pktSize=64 rx=0 unique=0 lost=100 per=100.0 rssi_avg=0 rssi_min=0 crc_err=0 garbage=4 tx_lat=0.00000 tx_lon=0.00000 sats=0 fix=0 utc=0 tx_fw=none rx_fw=unknown
PHASE_GUARD 500
PHASE_START 14 HF-FLRC-2600-128 pktSize=128
SYNC_NOT_FOUND first4=BD9A0289
2026-07-26T12:30:47.634199+00:00 SYNC_NOT_FOUND first4=DB8DD854
SYNC_NOT_FOUND first4=7B4B2ACA
2026-07-26T12:30:48.643205+00:00 SYNC_NOT_FOUND first4=C5E65011
SYNC_NOT_FOUND first4=1C20B09F
SYNC_NOT_FOUND first4=DFE42E6A
PHASE_RESULT 14 HF-FLRC-2600-128 pktSize=128 rx=0 unique=0 lost=100 per=100.0 rssi_avg=0 rssi_min=0 crc_err=0 garbage=6 tx_lat=0.00000 tx_lon=0.00000 sats=0 fix=0 utc=0 tx_fw=none rx_fw=unknown
PHASE_GUARD 500
PHASE_START 15 HF-FLRC-2600-255 pktSize=255
2026-07-26T12:30:49.647375+00:00 SYNC_NOT_FOUND first4=C1F850F8
SYNC_NOT_FOUND first4=C237E88C
SYNC_NOT_FOUND first4=5CE7A3EE
SYNC_NOT_FOUND first4=82165DD6
SYNC_NOT_FOUND first4=291E3D94
SYNC_NOT_FOUND first4=972C1BBF
SYNC_NOT_FOUND first4=8DBD113A
SYNC_NOT_FOUND first4=19B14F55
SYNC_NOT_FOUND first4=25A74F1A
SYNC_NOT_FOUND first4=4D4F3471
SYNC_NOT_FOUND first4=85859537
SYNC_NOT_FOUND first4=EF2F133E
SYNC_NOT_FOUND first4=8E4678D2
SYNC_NOT_FOUND first4=255EB46C
SYNC_NOT_FOUND first4=44F44D9F
2026-07-26T12:30:50.657073+00:00 TIME_SYNCED utc=1785069049 offset=1785062474
SYNC_NOT_FOUND first4=4F0EAB68
SYNC_NOT_FOUND first4=2768986C
SYNC_NOT_FOUND first4=F12585A9
SYNC_NOT_FOUND first4=7CE86EED
SYNC_NOT_FOUND first4=464C753D
SYNC_NOT_FOUND first4=92D1A695
SYNC_NOT_FOUND first4=5BB68EDC
PHASE_RESULT 15 HF-FLRC-2600-255 pktSize=255 rx=0 unique=0 lost=100 per=100.0 rssi_avg=0 rssi_min=0 crc_err=0 garbage=22 tx_lat=0.00000 tx_lon=0.00000 sats=0 fix=0 utc=0 tx_fw=none rx_fw=unknown
PHASE_GUARD 500
PHASE_START 16 HF-FLRC-1300-32 pktSize=32
TIME_SYNCED utc=1785069050 offset=1785062474
2026-07-26T12:30:51.663114+00:00 SYNC_NOT_FOUND first4=ABE1935F
SYNC_NOT_FOUND first4=9DB998C6
SYNC_NOT_FOUND first4=E5DB80EF
SYNC_NOT_FOUND first4=127B0D19
SYNC_NOT_FOUND first4=8B101992
2026-07-26T12:30:52.666694+00:00 SYNC_NOT_FOUND first4=FC8BF02E
SYNC_NOT_FOUND first4=760061DE
PHASE_RESULT 16 HF-FLRC-1300-32 pktSize=32 rx=0 unique=0 lost=100 per=100.0 rssi_avg=0 rssi_min=0 crc_err=0 garbage=7 tx_lat=0.00000 tx_lon=0.00000 sats=0 fix=0 utc=0 tx_fw=none rx_fw=unknown
PHASE_GUARD 500
PHASE_START 17 HF-FLRC-1300-64 pktSize=64
2026-07-26T12:30:53.672654+00:00 SYNC_NOT_FOUND first4=7999D8ED
2026-07-26T12:30:54.676013+00:00 SYNC_NOT_FOUND first4=F2DD35E9
SYNC_NOT_FOUND first4=569D2396
SYNC_NOT_FOUND first4=A62143C5
SYNC_NOT_FOUND first4=A1508099
SYNC_NOT_FOUND first4=A0C9476F
PHASE_RESULT 17 HF-FLRC-1300-64 pktSize=64 rx=0 unique=0 lost=100 per=100.0 rssi_avg=0 rssi_min=0 crc_err=0 garbage=6 tx_lat=0.00000 tx_lon=0.00000 sats=0 fix=0 utc=0 tx_fw=none rx_fw=unknown
PHASE_GUARD 500
PHASE_START 18 HF-FLRC-1300-128 pktSize=128
SYNC_NOT_FOUND first4=F7E8041B
2026-07-26T12:30:55.685936+00:00 SYNC_NOT_FOUND first4=AB70CA38
SYNC_NOT_FOUND first4=F695347A
SYNC_NOT_FOUND first4=2AD3A55A
SYNC_NOT_FOUND first4=9B194D94
SYNC_NOT_FOUND first4=7859B214
SYNC_NOT_FOUND first4=E9CC18DA
SYNC_NOT_FOUND first4=FB1D46C6
SYNC_NOT_FOUND first4=DA6349A5
2026-07-26T12:30:56.696884+00:00 SYNC_NOT_FOUND first4=0414524D
SYNC_NOT_FOUND first4=9E39874F
PHASE_RESULT 18 HF-FLRC-1300-128 pktSize=128 rx=0 unique=0 lost=100 per=100.0 rssi_avg=0 rssi_min=0 crc_err=0 garbage=11 tx_lat=0.00000 tx_lon=0.00000 sats=0 fix=0 utc=0 tx_fw=none rx_fw=unknown
PHASE_GUARD 500
PHASE_START 19 HF-FLRC-1300-255 pktSize=255
SYNC_NOT_FOUND first4=877D56C1
SYNC_NOT_FOUND first4=5BE6AE9A
2026-07-26T12:30:57.703537+00:00 SYNC_NOT_FOUND first4=30C3499F
SYNC_NOT_FOUND first4=EFBC4FB6
SYNC_NOT_FOUND first4=A519D96D
SYNC_NOT_FOUND first4=E058B2BE
SYNC_NOT_FOUND first4=AE337F81
SYNC_NOT_FOUND first4=2D45CEC4
SYNC_NOT_FOUND first4=7E2BD8BD
2026-07-26T12:30:58.709201+00:00 PHASE_RESULT 19 HF-FLRC-1300-255 pktSize=255 rx=0 unique=0 lost=100 per=100.0 rssi_avg=0 rssi_min=0 crc_err=0 garbage=9 tx_lat=0.00000 tx_lon=0.00000 sats=0 fix=0 utc=0 tx_fw=none rx_fw=unknown
PHASE_GUARD 500
PHASE_START 20 HF-FLRC-650-32 pktSize=32
SYNC_NOT_FOUND first4=D6BD775B
SYNC_NOT_FOUND first4=5497FD63
SYNC_NOT_FOUND first4=174299FD
2026-07-26T12:30:59.715294+00:00 SYNC_NOT_FOUND first4=12042479
SYNC_NOT_FOUND first4=02871605
SYNC_NOT_FOUND first4=0042E870
SYNC_NOT_FOUND first4=8FBCED7A
SYNC_NOT_FOUND first4=1A3ECB74
SYNC_NOT_FOUND first4=89068801
SYNC_NOT_FOUND first4=C634EF4C
SYNC_NOT_FOUND first4=B227B579
SYNC_NOT_FOUND first4=9D085A34
SYNC_NOT_FOUND first4=E1E05017
SYNC_NOT_FOUND first4=1CE5BEB6
SYNC_NOT_FOUND first4=5EDD0748
2026-07-26T12:31:00.721398+00:00 TIME_SYNCED utc=1785069059 offset=1785062474
SYNC_NOT_FOUND first4=E0B93DAC
SYNC_NOT_FOUND first4=B976A1AD
SYNC_NOT_FOUND first4=2708B512
SYNC_NOT_FOUND first4=523805FF
SYNC_NOT_FOUND first4=A47EC895
SYNC_NOT_FOUND first4=534C6438
SYNC_NOT_FOUND first4=ED82F7AB
SYNC_NOT_FOUND first4=5665B8AD
SYNC_NOT_FOUND first4=0249CB43
SYNC_NOT_FOUND first4=DBECE529
SYNC_NOT_FOUND first4=31C4A0EB
SYNC_NOT_FOUND first4=D948C127
SYNC_NOT_FOUND first4=FD88D18A
SYNC_NOT_FOUND first4=AAEF5F78
SYNC_NOT_FOUND first4=5C9AE811
SYNC_NOT_FOUND first4=7708009A
PHASE_RESULT 20 HF-FLRC-650-32 pktSize=32 rx=0 unique=0 lost=100 per=100.0 rssi_avg=0 rssi_min=0 crc_err=0 garbage=31 tx_lat=0.00000 tx_lon=0.00000 sats=0 fix=0 utc=0 tx_fw=none rx_fw=unknown
PHASE_GUARD 500
PHASE_START 21 HF-FLRC-650-64 pktSize=64
SYNC_NOT_FOUND first4=527DB731
SYNC_NOT_FOUND first4=FE4A5C65
SYNC_NOT_FOUND first4=3A30D8BE
TIME_SYNCED utc=1785069060 offset=1785062474
SYNC_NOT_FOUND first4=E51A4306
SYNC_NOT_FOUND first4=5BE05C29
SYNC_NOT_FOUND first4=351FFAA6
SYNC_NOT_FOUND first4=EB268F9F
SYNC_NOT_FOUND first4=3F2E854A
SYNC_NOT_FOUND first4=3ECDF69A
2026-07-26T12:31:01.725204+00:00 SYNC_NOT_FOUND first4=62AD2572
SYNC_NOT_FOUND first4=BB01BDF7
SYNC_NOT_FOUND first4=109D211A
SYNC_NOT_FOUND first4=B5619FE7
SYNC_NOT_FOUND first4=E346661A
SYNC_NOT_FOUND first4=06AC7D26
SYNC_NOT_FOUND first4=6393F9A4
SYNC_NOT_FOUND first4=644BA6CF
SYNC_NOT_FOUND first4=929A042C
SYNC_NOT_FOUND first4=C371C0A0
SYNC_NOT_FOUND first4=4819A52B
SYNC_NOT_FOUND first4=580B2632
SYNC_NOT_FOUND first4=9BAE0411
SYNC_NOT_FOUND first4=433813D2
2026-07-26T12:31:02.742271+00:00 SYNC_NOT_FOUND first4=5307E089
SYNC_NOT_FOUND first4=3E364E5C
SYNC_NOT_FOUND first4=D1930B50
SYNC_NOT_FOUND first4=1AE74A2B
SYNC_NOT_FOUND first4=644BAE26
PHASE_RESULT 21 HF-FLRC-650-64 pktSize=64 rx=0 unique=0 lost=100 per=100.0 rssi_avg=0 rssi_min=0 crc_err=0 garbage=28 tx_lat=0.00000 tx_lon=0.00000 sats=0 fix=0 utc=0 tx_fw=none rx_fw=unknown
PHASE_GUARD 500
PHASE_START 22 HF-FLRC-650-128 pktSize=128
SYNC_NOT_FOUND first4=28385F2D
SYNC_NOT_FOUND first4=CF5D8A28
SYNC_NOT_FOUND first4=A2D062C4
SYNC_NOT_FOUND first4=A3A9D600
SYNC_NOT_FOUND first4=D1060618
SYNC_NOT_FOUND first4=84EE3B3E
SYNC_NOT_FOUND first4=6A3A5F3C
SYNC_NOT_FOUND first4=DA209471
2026-07-26T12:31:03.765227+00:00 SYNC_NOT_FOUND first4=17B47B6D
SYNC_NOT_FOUND first4=47AF8401
SYNC_NOT_FOUND first4=059D51D8
SYNC_NOT_FOUND first4=685770E3
SYNC_NOT_FOUND first4=AD64A485
SYNC_NOT_FOUND first4=12696F31
SYNC_NOT_FOUND first4=65880E7F
SYNC_NOT_FOUND first4=ED686465
SYNC_NOT_FOUND first4=C1E11959
SYNC_NOT_FOUND first4=1B627C58
SYNC_NOT_FOUND first4=574F5478
SYNC_NOT_FOUND first4=C33AB584
SYNC_NOT_FOUND first4=B58C13B0
SYNC_NOT_FOUND first4=41233EA4
SYNC_NOT_FOUND first4=83AE683C
SYNC_NOT_FOUND first4=09740F30
SYNC_NOT_FOUND first4=AA1E8018
SYNC_NOT_FOUND first4=93B59D22
SYNC_NOT_FOUND first4=388C77A8
SYNC_NOT_FOUND first4=02795705
SYNC_NOT_FOUND first4=030AF385
SYNC_NOT_FOUND first4=6AB33FAA
SYNC_NOT_FOUND first4=3150D1ED
SYNC_NOT_FOUND first4=AB363199
SYNC_NOT_FOUND first4=55D3924B
2026-07-26T12:31:04.781461+00:00 SYNC_NOT_FOUND first4=53ECACB6
SYNC_NOT_FOUND first4=D6C2A7E0
SYNC_NOT_FOUND first4=A368C412
SYNC_NOT_FOUND first4=866F87F7
PHASE_RESULT 22 HF-FLRC-650-128 pktSize=128 rx=0 unique=0 lost=100 per=100.0 rssi_avg=0 rssi_min=0 crc_err=0 garbage=37 tx_lat=0.00000 tx_lon=0.00000 sats=0 fix=0 utc=0 tx_fw=none rx_fw=unknown
PHASE_GUARD 500
PHASE_START 23 HF-FLRC-650-255 pktSize=255
SYNC_NOT_FOUND first4=034A702A
SYNC_NOT_FOUND first4=44856942
SYNC_NOT_FOUND first4=56B0F130
SYNC_NOT_FOUND first4=E27DF2FC
2026-07-26T12:31:05.792030+00:00 SYNC_NOT_FOUND first4=21330DA4
SYNC_NOT_FOUND first4=CB1491E1
SYNC_NOT_FOUND first4=167ADBC1
SYNC_NOT_FOUND first4=D3FA4C8F
SYNC_NOT_FOUND first4=255CBB60
SYNC_NOT_FOUND first4=FF125884
SYNC_NOT_FOUND first4=C6CB0284
SYNC_NOT_FOUND first4=236FC378
SYNC_NOT_FOUND first4=7670BE0D
SYNC_NOT_FOUND first4=145FDB13
SYNC_NOT_FOUND first4=A215F03C
SYNC_NOT_FOUND first4=97C7EA00
SYNC_NOT_FOUND first4=2BD4668C
SYNC_NOT_FOUND first4=9D0BD548
SYNC_NOT_FOUND first4=FC760C65
SYNC_NOT_FOUND first4=7A25F2CD
SYNC_NOT_FOUND first4=6C7F4B5D
SYNC_NOT_FOUND first4=35829AF5
SYNC_NOT_FOUND first4=BDB86D6B
2026-07-26T12:31:06.802931+00:00 SYNC_NOT_FOUND first4=C95B4CE3
SYNC_NOT_FOUND first4=EE2F1DBC
SYNC_NOT_FOUND first4=DC018ACD
SYNC_NOT_FOUND first4=96B7CBA5
SYNC_NOT_FOUND first4=FF8D70DF
SYNC_NOT_FOUND first4=7A1AD311
SYNC_NOT_FOUND first4=11DCF689
SYNC_NOT_FOUND first4=539728CF
PHASE_RESULT 23 HF-FLRC-650-255 pktSize=255 rx=0 unique=0 lost=100 per=100.0 rssi_avg=0 rssi_min=0 crc_err=0 garbage=31 tx_lat=0.00000 tx_lon=0.00000 sats=0 fix=0 utc=0 tx_fw=none rx_fw=unknown
PHASE_GUARD 500
PHASE_START 24 HF-FLRC-325-32 pktSize=32
2026-07-26T12:31:07.813586+00:00 SYNC_NOT_FOUND first4=4E9DC4C2
SYNC_NOT_FOUND first4=B6B967DA
SYNC_NOT_FOUND first4=80DD5689
SYNC_NOT_FOUND first4=FB36644E
SYNC_NOT_FOUND first4=82E40823
2026-07-26T12:31:08.832207+00:00 SYNC_NOT_FOUND first4=56779522
SYNC_NOT_FOUND first4=77701038
PHASE_RESULT 24 HF-FLRC-325-32 pktSize=32 rx=0 unique=0 lost=100 per=100.0 rssi_avg=0 rssi_min=0 crc_err=0 garbage=7 tx_lat=0.00000 tx_lon=0.00000 sats=0 fix=0 utc=0 tx_fw=none rx_fw=unknown
PHASE_GUARD 500
PHASE_START 25 HF-FLRC-325-64 pktSize=64
2026-07-26T12:31:09.845096+00:00 SYNC_NOT_FOUND first4=A961F8DE
SYNC_NOT_FOUND first4=112DCEC2
SYNC_NOT_FOUND first4=173016AE
SYNC_NOT_FOUND first4=FACC8921
2026-07-26T12:31:10.857839+00:00 TIME_SYNCED utc=1785069069 offset=1785062474
SYNC_NOT_FOUND first4=21D1C308
SYNC_NOT_FOUND first4=133FA3A9
PHASE_RESULT 25 HF-FLRC-325-64 pktSize=64 rx=0 unique=0 lost=100 per=100.0 rssi_avg=0 rssi_min=0 crc_err=0 garbage=6 tx_lat=0.00000 tx_lon=0.00000 sats=0 fix=0 utc=0 tx_fw=none rx_fw=unknown
PHASE_GUARD 500
PHASE_START 26 HF-FLRC-325-128 pktSize=128
SYNC_NOT_FOUND first4=557B4DFD
TIME_SYNCED utc=1785069070 offset=1785062474
SYNC_NOT_FOUND first4=FB2B0340
2026-07-26T12:31:11.868950+00:00 SYNC_NOT_FOUND first4=413DBF74
SYNC_NOT_FOUND first4=810359CF
2026-07-26T12:31:12.890231+00:00 PHASE_RESULT 26 HF-FLRC-325-128 pktSize=128 rx=0 unique=0 lost=100 per=100.0 rssi_avg=0 rssi_min=0 crc_err=0 garbage=4 tx_lat=0.00000 tx_lon=0.00000 sats=0 fix=0 utc=0 tx_fw=none rx_fw=unknown
PHASE_GUARD 500
PHASE_START 27 HF-FLRC-325-255 pktSize=255
SYNC_NOT_FOUND first4=CC1E323F
2026-07-26T12:31:13.901314+00:00 SYNC_NOT_FOUND first4=65F5DC71
SYNC_NOT_FOUND first4=9733C36F
2026-07-26T12:31:14.914399+00:00 PHASE_RESULT 27 HF-FLRC-325-255 pktSize=255 rx=0 unique=0 lost=100 per=100.0 rssi_avg=0 rssi_min=0 crc_err=0 garbage=3 tx_lat=0.00000 tx_lon=0.00000 sats=0 fix=0 utc=0 tx_fw=none rx_fw=unknown
PHASE_GUARD 500
LORA_CFG path=0 bw=0x05 sf=7
PHASE_START 28 LF-LoRa-SF7-32 pktSize=32
2026-07-26T12:31:16.977378+00:00 PHASE_RESULT 28 LF-LoRa-SF7-32 pktSize=32 rx=0 unique=0 lost=20 per=100.0 rssi_avg=0 rssi_min=0 crc_err=0 garbage=0 tx_lat=0.00000 tx_lon=0.00000 sats=0 fix=0 utc=0 tx_fw=none rx_fw=unknown
PHASE_GUARD 500
LORA_CFG path=0 bw=0x05 sf=7
PHASE_START 29 LF-LoRa-SF7-64 pktSize=64
2026-07-26T12:31:20.098240+00:00 PHASE_RESULT 29 LF-LoRa-SF7-64 pktSize=64 rx=0 unique=0 lost=20 per=100.0 rssi_avg=0 rssi_min=0 crc_err=0 garbage=0 tx_lat=0.00000 tx_lon=0.00000 sats=0 fix=0 utc=0 tx_fw=none rx_fw=unknown
PHASE_GUARD 500
LORA_CFG path=0 bw=0x05 sf=7
PHASE_START 30 LF-LoRa-SF7-128 pktSize=128
2026-07-26T12:31:21.102793+00:00 TIME_SYNCED utc=1785069080 offset=1785062475
TIME_SYNCED utc=1785069080 offset=1785062474
2026-07-26T12:31:24.217789+00:00 PHASE_RESULT 30 LF-LoRa-SF7-128 pktSize=128 rx=0 unique=0 lost=13 per=100.0 rssi_avg=0 rssi_min=0 crc_err=0 garbage=0 tx_lat=0.00000 tx_lon=0.00000 sats=0 fix=0 utc=0 tx_fw=none rx_fw=unknown
PHASE_GUARD 500
LORA_CFG path=0 bw=0x05 sf=7
PHASE_START 31 LF-LoRa-SF7-255 pktSize=255
2026-07-26T12:31:27.331181+00:00 PHASE_RESULT 31 LF-LoRa-SF7-255 pktSize=255 rx=0 unique=0 lost=7 per=100.0 rssi_avg=0 rssi_min=0 crc_err=0 garbage=0 tx_lat=0.00000 tx_lon=0.00000 sats=0 fix=0 utc=0 tx_fw=none rx_fw=unknown
PHASE_GUARD 500
LORA_CFG path=0 bw=0x05 sf=9
2026-07-26T12:31:28.357989+00:00 PHASE_START 32 LF-LoRa-SF9-32 pktSize=32
2026-07-26T12:31:31.483937+00:00 TIME_SYNCED utc=1785069090 offset=1785062474
TIME_SYNCED utc=1785069090 offset=1785062474
PHASE_RESULT 32 LF-LoRa-SF9-32 pktSize=32 rx=0 unique=0 lost=7 per=100.0 rssi_avg=0 rssi_min=0 crc_err=0 garbage=0 tx_lat=0.00000 tx_lon=0.00000 sats=0 fix=0 utc=0 tx_fw=none rx_fw=unknown
PHASE_GUARD 500
LORA_CFG path=0 bw=0x05 sf=9
PHASE_START 33 LF-LoRa-SF9-64 pktSize=64
2026-07-26T12:31:34.597686+00:00 PHASE_RESULT 33 LF-LoRa-SF9-64 pktSize=64 rx=0 unique=0 lost=3 per=100.0 rssi_avg=0 rssi_min=0 crc_err=0 garbage=0 tx_lat=0.00000 tx_lon=0.00000 sats=0 fix=0 utc=0 tx_fw=none rx_fw=unknown
PHASE_GUARD 500
LORA_CFG path=0 bw=0x05 sf=9
PHASE_START 34 LF-LoRa-SF9-128 pktSize=128
2026-07-26T12:31:36.651789+00:00 PHASE_RESULT 34 LF-LoRa-SF9-128 pktSize=128 rx=0 unique=0 lost=1 per=100.0 rssi_avg=0 rssi_min=0 crc_err=0 garbage=0 tx_lat=0.00000 tx_lon=0.00000 sats=0 fix=0 utc=0 tx_fw=none rx_fw=unknown
PHASE_GUARD 500
LORA_CFG path=0 bw=0x05 sf=9
PHASE_START 35 LF-LoRa-SF9-255 pktSize=255
2026-07-26T12:31:40.813869+00:00 PHASE_RESULT 35 LF-LoRa-SF9-255 pktSize=255 rx=0 unique=0 lost=1 per=100.0 rssi_avg=0 rssi_min=0 crc_err=0 garbage=0 tx_lat=0.00000 tx_lon=0.00000 sats=0 fix=0 utc=0 tx_fw=none rx_fw=unknown
PHASE_GUARD 500
LORA_CFG path=0 bw=0x05 sf=12
PHASE_START 36 LF-LoRa-SF12-32 pktSize=32
TIME_SYNCED utc=1785069100 offset=1785062474
2026-07-26T12:31:41.826424+00:00 TIME_SYNCED utc=1785069100 offset=1785062474
2026-07-26T12:31:51.249290+00:00 TIME_SYNCED utc=1785069110 offset=1785062474
2026-07-26T12:31:52.261353+00:00 TIME_SYNCED utc=1785069111 offset=1785062474
2026-07-26T12:31:55.374475+00:00 PHASE_RESULT 36 LF-LoRa-SF12-32 pktSize=32 rx=0 unique=0 lost=1 per=100.0 rssi_avg=0 rssi_min=0 crc_err=0 garbage=0 tx_lat=0.00000 tx_lon=0.00000 sats=0 fix=0 utc=0 tx_fw=none rx_fw=unknown
PHASE_GUARD 500
LORA_CFG path=0 bw=0x05 sf=12
PHASE_START 37 LF-LoRa-SF12-SKIP SKIP pktSize=64
2026-07-26T12:31:56.385692+00:00 PHASE_RESULT 37 LF-LoRa-SF12-SKIP pktSize=64 rx=0 unique=0 lost=0 per=0.0 rssi_avg=0 rssi_min=0 crc_err=0 garbage=0 tx_lat=0.00000 tx_lon=0.00000 sats=0 fix=0 utc=0 tx_fw=none rx_fw=unknown
PHASE_GUARD 500
LORA_CFG path=0 bw=0x05 sf=12
PHASE_START 38 LF-LoRa-SF12-SKIP SKIP pktSize=128
2026-07-26T12:31:57.396759+00:00 PHASE_RESULT 38 LF-LoRa-SF12-SKIP pktSize=128 rx=0 unique=0 lost=0 per=0.0 rssi_avg=0 rssi_min=0 crc_err=0 garbage=0 tx_lat=0.00000 tx_lon=0.00000 sats=0 fix=0 utc=0 tx_fw=none rx_fw=unknown
PHASE_GUARD 500
LORA_CFG path=0 bw=0x05 sf=12
PHASE_START 39 LF-LoRa-SF12-SKIP SKIP pktSize=255
2026-07-26T12:31:58.407860+00:00 PHASE_RESULT 39 LF-LoRa-SF12-SKIP pktSize=255 rx=0 unique=0 lost=0 per=0.0 rssi_avg=0 rssi_min=0 crc_err=0 garbage=0 tx_lat=0.00000 tx_lon=0.00000 sats=0 fix=0 utc=0 tx_fw=none rx_fw=unknown
PHASE_GUARD 500
PHASE_START 40 LF-FLRC-2600-32 pktSize=32
SYNC_NOT_FOUND first4=282F56B7
2026-07-26T12:31:59.411889+00:00 SYNC_NOT_FOUND first4=00011841
SYNC_NOT_FOUND first4=0FCEA124
2026-07-26T12:32:00.423954+00:00 SYNC_NOT_FOUND first4=525F45F7
PHASE_RESULT 40 LF-FLRC-2600-32 pktSize=32 rx=0 unique=0 lost=100 per=100.0 rssi_avg=0 rssi_min=0 crc_err=0 garbage=4 tx_lat=0.00000 tx_lon=0.00000 sats=0 fix=0 utc=0 tx_fw=none rx_fw=unknown
PHASE_GUARD 500
PHASE_START 41 LF-FLRC-2600-64 pktSize=64
2026-07-26T12:32:01.435228+00:00 TIME_SYNCED utc=1785069120 offset=1785062474
SYNC_NOT_FOUND first4=C455DA50
2026-07-26T12:32:02.440360+00:00 TIME_SYNCED utc=1785069121 offset=1785062474
SYNC_NOT_FOUND first4=90D41E64
PHASE_RESULT 41 LF-FLRC-2600-64 pktSize=64 rx=0 unique=0 lost=100 per=100.0 rssi_avg=0 rssi_min=0 crc_err=0 garbage=2 tx_lat=0.00000 tx_lon=0.00000 sats=0 fix=0 utc=0 tx_fw=none rx_fw=unknown
PHASE_GUARD 500
PHASE_START 42 LF-FLRC-2600-128 pktSize=128
2026-07-26T12:32:04.495220+00:00 SYNC_NOT_FOUND first4=5035935F
SYNC_NOT_FOUND first4=29446184
SYNC_NOT_FOUND first4=B6B2DF23
SYNC_NOT_FOUND first4=2919658A
SYNC_NOT_FOUND first4=13AAA4D9
PHASE_RESULT 42 LF-FLRC-2600-128 pktSize=128 rx=0 unique=0 lost=100 per=100.0 rssi_avg=0 rssi_min=0 crc_err=0 garbage=5 tx_lat=0.00000 tx_lon=0.00000 sats=0 fix=0 utc=0 tx_fw=none rx_fw=unknown
PHASE_GUARD 500
PHASE_START 43 LF-FLRC-2600-255 pktSize=255
2026-07-26T12:32:05.507242+00:00 SYNC_NOT_FOUND first4=422CFCBF
SYNC_NOT_FOUND first4=3A39787A
2026-07-26T12:32:06.518362+00:00 PHASE_RESULT 43 LF-FLRC-2600-255 pktSize=255 rx=0 unique=0 lost=100 per=100.0 rssi_avg=0 rssi_min=0 crc_err=0 garbage=2 tx_lat=0.00000 tx_lon=0.00000 sats=0 fix=0 utc=0 tx_fw=none rx_fw=unknown
PHASE_GUARD 500
PHASE_START 44 LF-FLRC-1300-32 pktSize=32
SYNC_NOT_FOUND first4=1D788C61
2026-07-26T12:32:07.530285+00:00 SYNC_NOT_FOUND first4=D45DBE68
2026-07-26T12:32:08.533946+00:00 PHASE_RESULT 44 LF-FLRC-1300-32 pktSize=32 rx=0 unique=0 lost=100 per=100.0 rssi_avg=0 rssi_min=0 crc_err=0 garbage=2 tx_lat=0.00000 tx_lon=0.00000 sats=0 fix=0 utc=0 tx_fw=none rx_fw=unknown
PHASE_GUARD 500
PHASE_START 45 LF-FLRC-1300-64 pktSize=64
SYNC_NOT_FOUND first4=9D07A1E8
2026-07-26T12:32:10.595665+00:00 PHASE_RESULT 45 LF-FLRC-1300-64 pktSize=64 rx=0 unique=0 lost=100 per=100.0 rssi_avg=0 rssi_min=0 crc_err=0 garbage=1 tx_lat=0.00000 tx_lon=0.00000 sats=0 fix=0 utc=0 tx_fw=none rx_fw=unknown
PHASE_GUARD 500
PHASE_START 46 LF-FLRC-1300-128 pktSize=128
2026-07-26T12:32:11.608142+00:00 TIME_SYNCED utc=1785069130 offset=1785062474
2026-07-26T12:32:12.619665+00:00 TIME_SYNCED utc=1785069131 offset=1785062474
PHASE_RESULT 46 LF-FLRC-1300-128 pktSize=128 rx=0 unique=0 lost=100 per=100.0 rssi_avg=0 rssi_min=0 crc_err=0 garbage=0 tx_lat=0.00000 tx_lon=0.00000 sats=0 fix=0 utc=0 tx_fw=none rx_fw=unknown
PHASE_GUARD 500
PHASE_START 47 LF-FLRC-1300-255 pktSize=255
2026-07-26T12:32:13.631190+00:00 SYNC_NOT_FOUND first4=96A013AB
2026-07-26T12:32:14.642226+00:00 PHASE_RESULT 47 LF-FLRC-1300-255 pktSize=255 rx=0 unique=0 lost=100 per=100.0 rssi_avg=0 rssi_min=0 crc_err=0 garbage=1 tx_lat=0.00000 tx_lon=0.00000 sats=0 fix=0 utc=0 tx_fw=none rx_fw=unknown
PHASE_GUARD 500
PHASE_START 48 LF-FLRC-650-32 pktSize=32
SYNC_NOT_FOUND first4=E01887FD
SYNC_NOT_FOUND first4=D8107152
2026-07-26T12:32:15.654222+00:00 SYNC_NOT_FOUND first4=5385F6C4
2026-07-26T12:32:16.657593+00:00 PHASE_RESULT 48 LF-FLRC-650-32 pktSize=32 rx=0 unique=0 lost=100 per=100.0 rssi_avg=0 rssi_min=0 crc_err=0 garbage=3 tx_lat=0.00000 tx_lon=0.00000 sats=0 fix=0 utc=0 tx_fw=none rx_fw=unknown
PHASE_GUARD 500
PHASE_START 49 LF-FLRC-650-64 pktSize=64
SYNC_NOT_FOUND first4=50B32246
2026-07-26T12:32:17.668346+00:00 SYNC_NOT_FOUND first4=3F0C43CA
2026-07-26T12:32:18.679360+00:00 SYNC_NOT_FOUND first4=0BA78134
SYNC_NOT_FOUND first4=4E8B2FCE
PHASE_RESULT 49 LF-FLRC-650-64 pktSize=64 rx=0 unique=0 lost=100 per=100.0 rssi_avg=0 rssi_min=0 crc_err=0 garbage=4 tx_lat=0.00000 tx_lon=0.00000 sats=0 fix=0 utc=0 tx_fw=none rx_fw=unknown
PHASE_GUARD 500
PHASE_START 50 LF-FLRC-650-128 pktSize=128
SYNC_NOT_FOUND first4=292430FE
2026-07-26T12:32:19.691056+00:00 SYNC_NOT_FOUND first4=8DC5FCCD
SYNC_NOT_FOUND first4=C6A4363A
2026-07-26T12:32:20.702208+00:00 SYNC_NOT_FOUND first4=0BFF0042
SYNC_NOT_FOUND first4=FE09A5F7
SYNC_NOT_FOUND first4=22007CF9
PHASE_RESULT 50 LF-FLRC-650-128 pktSize=128 rx=0 unique=0 lost=100 per=100.0 rssi_avg=0 rssi_min=0 crc_err=0 garbage=6 tx_lat=0.00000 tx_lon=0.00000 sats=0 fix=0 utc=0 tx_fw=none rx_fw=unknown
PHASE_GUARD 500
PHASE_START 51 LF-FLRC-650-255 pktSize=255
SYNC_NOT_FOUND first4=E2C3D394
TIME_SYNCED utc=1785069140 offset=1785062474
2026-07-26T12:32:22.756954+00:00 TIME_SYNCED utc=1785069141 offset=1785062474
SYNC_NOT_FOUND first4=21439EF7
PHASE_RESULT 51 LF-FLRC-650-255 pktSize=255 rx=0 unique=0 lost=100 per=100.0 rssi_avg=0 rssi_min=0 crc_err=0 garbage=2 tx_lat=0.00000 tx_lon=0.00000 sats=0 fix=0 utc=0 tx_fw=none rx_fw=unknown
PHASE_GUARD 500
PHASE_START 52 LF-FLRC-325-32 pktSize=32
2026-07-26T12:32:24.811530+00:00 SYNC_NOT_FOUND first4=340F63AC
PHASE_RESULT 52 LF-FLRC-325-32 pktSize=32 rx=0 unique=0 lost=100 per=100.0 rssi_avg=0 rssi_min=0 crc_err=0 garbage=1 tx_lat=0.00000 tx_lon=0.00000 sats=0 fix=0 utc=0 tx_fw=none rx_fw=unknown
PHASE_GUARD 500
PHASE_START 53 LF-FLRC-325-64 pktSize=64
SYNC_NOT_FOUND first4=96CF2055
2026-07-26T12:32:26.867294+00:00 PHASE_RESULT 53 LF-FLRC-325-64 pktSize=64 rx=0 unique=0 lost=100 per=100.0 rssi_avg=0 rssi_min=0 crc_err=0 garbage=1 tx_lat=0.00000 tx_lon=0.00000 sats=0 fix=0 utc=0 tx_fw=none rx_fw=unknown
PHASE_GUARD 500
PHASE_START 54 LF-FLRC-325-128 pktSize=128
2026-07-26T12:32:27.878353+00:00 SYNC_NOT_FOUND first4=49436B04
SYNC_NOT_FOUND first4=C42F1BD1
SYNC_NOT_FOUND first4=81DF7863
2026-07-26T12:32:28.890089+00:00 PHASE_RESULT 54 LF-FLRC-325-128 pktSize=128 rx=0 unique=0 lost=100 per=100.0 rssi_avg=0 rssi_min=0 crc_err=0 garbage=3 tx_lat=0.00000 tx_lon=0.00000 sats=0 fix=0 utc=0 tx_fw=none rx_fw=unknown
PHASE_GUARD 500
PHASE_START 55 LF-FLRC-325-255 pktSize=255
2026-07-26T12:32:30.945104+00:00 PHASE_RESULT 55 LF-FLRC-325-255 pktSize=255 rx=0 unique=0 lost=100 per=100.0 rssi_avg=0 rssi_min=0 crc_err=0 garbage=0 tx_lat=0.00000 tx_lon=0.00000 sats=0 fix=0 utc=0 tx_fw=none rx_fw=unknown
PHASE_GUARD 500
LORA_CFG path=1 bw=0x0F sf=7
PHASE_START 0 HF-LoRa-SF7-32 pktSize=32
TIME_SYNCED utc=1785069150 offset=1785062474
2026-07-26T12:32:33.007232+00:00 TIME_SYNCED utc=1785069152 offset=1785062475
PHASE_RESULT 0 HF-LoRa-SF7-32 pktSize=32 rx=0 unique=0 lost=20 per=100.0 rssi_avg=0 rssi_min=0 crc_err=0 garbage=0 tx_lat=0.00000 tx_lon=0.00000 sats=0 fix=0 utc=0 tx_fw=none rx_fw=unknown
PHASE_GUARD 500
LORA_CFG path=1 bw=0x0F sf=7
PHASE_START 1 HF-LoRa-SF7-64 pktSize=64
2026-07-26T12:32:34.011294+00:00 PHASE_RESULT 1 HF-LoRa-SF7-64 pktSize=64 rx=0 unique=0 lost=20 per=100.0 rssi_avg=0 rssi_min=0 crc_err=0 garbage=0 tx_lat=0.00000 tx_lon=0.00000 sats=0 fix=0 utc=0 tx_fw=none rx_fw=unknown
PHASE_GUARD 500
LORA_CFG path=1 bw=0x0F sf=7
PHASE_START 2 HF-LoRa-SF7-128 pktSize=128
2026-07-26T12:32:36.069356+00:00 PHASE_RESULT 2 HF-LoRa-SF7-128 pktSize=128 rx=0 unique=0 lost=20 per=100.0 rssi_avg=0 rssi_min=0 crc_err=0 garbage=0 tx_lat=0.00000 tx_lon=0.00000 sats=0 fix=0 utc=0 tx_fw=none rx_fw=unknown
PHASE_GUARD 500
LORA_CFG path=1 bw=0x0F sf=7
PHASE_START 3 HF-LoRa-SF7-255 pktSize=255
2026-07-26T12:32:39.183290+00:00 PHASE_RESULT 3 HF-LoRa-SF7-255 pktSize=255 rx=0 unique=0 lost=20 per=100.0 rssi_avg=0 rssi_min=0 crc_err=0 garbage=0 tx_lat=0.00000 tx_lon=0.00000 sats=0 fix=0 utc=0 tx_fw=none rx_fw=unknown
PHASE_GUARD 500
LORA_CFG path=1 bw=0x0F sf=9
PHASE_START 4 HF-LoRa-SF9-32 pktSize=32
2026-07-26T12:32:41.247328+00:00 PHASE_RESULT 4 HF-LoRa-SF9-32 pktSize=32 rx=0 unique=0 lost=20 per=100.0 rssi_avg=0 rssi_min=0 crc_err=0 garbage=0 tx_lat=0.00000 tx_lon=0.00000 sats=0 fix=0 utc=0 tx_fw=none rx_fw=unknown
PHASE_GUARD 500
LORA_CFG path=1 bw=0x0F sf=9
PHASE_START 5 HF-LoRa-SF9-64 pktSize=64
TIME_SYNCED utc=1785069160 offset=1785062474
PHASE_RESULT 5 HF-LoRa-SF9-64 pktSize=64 rx=0 unique=0 lost=20 per=100.0 rssi_avg=0 rssi_min=0 crc_err=0 garbage=0 tx_lat=0.00000 tx_lon=0.00000 sats=0 fix=0 utc=0 tx_fw=none rx_fw=unknown
PHASE_GUARD 500
LORA_CFG path=1 bw=0x0F sf=9
PHASE_START 4 HF-LoRa-SF9-32 pktSize=32
PHASE_RESULT 4 HF-LoRa-SF9-32 pktSize=32 rx=0 unique=0 lost=20 per=100.0 rssi_avg=0 rssi_min=0 crc_err=0 garbage=0 tx_lat=0.00000 tx_lon=0.00000 sats=0 fix=0 utc=0 tx_fw=none rx_fw=unknown
PHASE_GUARD 500
2026-07-26T12:32:42.251228+00:00 LORA_CFG path=1 bw=0x0F sf=9
PHASE_START 5 HF-LoRa-SF9-64 pktSize=64
2026-07-26T12:32:43.262250+00:00 TIME_SYNCED utc=1785069162 offset=1785062474
2026-07-26T12:32:44.276071+00:00 PHASE_RESULT 5 HF-LoRa-SF9-64 pktSize=64 rx=0 unique=0 lost=20 per=100.0 rssi_avg=0 rssi_min=0 crc_err=0 garbage=0 tx_lat=0.00000 tx_lon=0.00000 sats=0 fix=0 utc=0 tx_fw=none rx_fw=unknown
PHASE_GUARD 500
LORA_CFG path=1 bw=0x0F sf=9
2026-07-26T12:32:45.288223+00:00 PHASE_START 6 HF-LoRa-SF9-128 pktSize=128
2026-07-26T12:32:48.400477+00:00 PHASE_RESULT 6 HF-LoRa-SF9-128 pktSize=128 rx=0 unique=0 lost=13 per=100.0 rssi_avg=0 rssi_min=0 crc_err=0 garbage=0 tx_lat=0.00000 tx_lon=0.00000 sats=0 fix=0 utc=0 tx_fw=none rx_fw=unknown
PHASE_GUARD 500
LORA_CFG path=1 bw=0x0F sf=9
PHASE_START 7 HF-LoRa-SF9-255 pktSize=255
2026-07-26T12:32:51.512646+00:00 TIME_SYNCED utc=1785069170 offset=1785062474
PHASE_RESULT 7 HF-LoRa-SF9-255 pktSize=255 rx=0 unique=0 lost=6 per=100.0 rssi_avg=0 rssi_min=0 crc_err=0 garbage=0 tx_lat=0.00000 tx_lon=0.00000 sats=0 fix=0 utc=0 tx_fw=none rx_fw=unknown
PHASE_GUARD 500
LORA_CFG path=1 bw=0x0F sf=12
PHASE_START 8 HF-LoRa-SF12-32 pktSize=32
2026-07-26T12:32:53.575702+00:00 TIME_SYNCED utc=1785069172 offset=1785062474
2026-07-26T12:32:54.586968+00:00 PHASE_RESULT 8 HF-LoRa-SF12-32 pktSize=32 rx=0 unique=0 lost=2 per=100.0 rssi_avg=0 rssi_min=0 crc_err=0 garbage=0 tx_lat=0.00000 tx_lon=0.00000 sats=0 fix=0 utc=0 tx_fw=none rx_fw=unknown
PHASE_GUARD 500
LORA_CFG path=1 bw=0x0F sf=12
PHASE_START 9 HF-LoRa-SF12-64 pktSize=64
2026-07-26T12:32:57.701348+00:00 PHASE_RESULT 9 HF-LoRa-SF12-64 pktSize=64 rx=0 unique=0 lost=1 per=100.0 rssi_avg=0 rssi_min=0 crc_err=0 garbage=0 tx_lat=0.00000 tx_lon=0.00000 sats=0 fix=0 utc=0 tx_fw=none rx_fw=unknown
PHASE_GUARD 500
LORA_CFG path=1 bw=0x0F sf=12
PHASE_START 10 HF-LoRa-SF12-128 pktSize=128
2026-07-26T12:33:00.815292+00:00 TIME_SYNCED utc=1785069180 offset=1785062474
2026-07-26T12:33:02.870940+00:00 PHASE_RESULT 10 HF-LoRa-SF12-128 pktSize=128 rx=0 unique=0 lost=1 per=100.0 rssi_avg=0 rssi_min=0 crc_err=0 garbage=0 tx_lat=0.00000 tx_lon=0.00000 sats=0 fix=0 utc=0 tx_fw=none rx_fw=unknown
PHASE_GUARD 500
LORA_CFG path=1 bw=0x0F sf=12
PHASE_START 11 HF-LoRa-SF12-255 pktSize=255
2026-07-26T12:33:03.882379+00:00 TIME_SYNCED utc=1785069182 offset=1785062474
2026-07-26T12:33:11.199142+00:00 TIME_SYNCED utc=1785069190 offset=1785062474
2026-07-26T12:33:12.210296+00:00 PHASE_RESULT 11 HF-LoRa-SF12-255 pktSize=255 rx=0 unique=0 lost=1 per=100.0 rssi_avg=0 rssi_min=0 crc_err=0 garbage=0 tx_lat=0.00000 tx_lon=0.00000 sats=0 fix=0 utc=0 tx_fw=none rx_fw=unknown
PHASE_GUARD 500
2026-07-26T12:33:13.221765+00:00 PHASE_START 12 HF-FLRC-2600-32 pktSize=32
SYNC_NOT_FOUND first4=24F2CA89
SYNC_NOT_FOUND first4=65B5CC8B
SYNC_NOT_FOUND first4=CA6E0509
SYNC_NOT_FOUND first4=F188CBDC
SYNC_NOT_FOUND first4=36A52431
SYNC_NOT_FOUND first4=7F15A557
SYNC_NOT_FOUND first4=951E0009
2026-07-26T12:33:14.232855+00:00 TIME_SYNCED utc=1785069193 offset=1785062474
SYNC_NOT_FOUND first4=1ECB343D
SYNC_NOT_FOUND first4=1633F70C
SYNC_NOT_FOUND first4=C56FA0C5
SYNC_NOT_FOUND first4=3ED94709
SYNC_NOT_FOUND first4=0575AEE2
SYNC_NOT_FOUND first4=96551F59
SYNC_NOT_FOUND first4=F5D98D0A
PHASE_RESULT 12 HF-FLRC-2600-32 pktSize=32 rx=0 unique=0 lost=100 per=100.0 rssi_avg=0 rssi_min=0 crc_err=0 garbage=14 tx_lat=0.00000 tx_lon=0.00000 sats=0 fix=0 utc=0 tx_fw=none rx_fw=unknown
PHASE_GUARD 500
2026-07-26T12:33:15.236299+00:00 PHASE_START 13 HF-FLRC-2600-64 pktSize=64
SYNC_NOT_FOUND first4=2255B648
SYNC_NOT_FOUND first4=BE0EA8E5
SYNC_NOT_FOUND first4=3F8D6DAF
SYNC_NOT_FOUND first4=07D27776
SYNC_NOT_FOUND first4=81662069
2026-07-26T12:33:16.247933+00:00 SYNC_NOT_FOUND first4=96117B0B
SYNC_NOT_FOUND first4=565B1FB0
SYNC_NOT_FOUND first4=33F642D0
SYNC_NOT_FOUND first4=021DB524
SYNC_NOT_FOUND first4=9E6C652C
SYNC_NOT_FOUND first4=5607707B
PHASE_RESULT 13 HF-FLRC-2600-64 pktSize=64 rx=0 unique=0 lost=100 per=100.0 rssi_avg=0 rssi_min=0 crc_err=0 garbage=11 tx_lat=0.00000 tx_lon=0.00000 sats=0 fix=0 utc=0 tx_fw=none rx_fw=unknown
PHASE_GUARD 500
2026-07-26T12:33:17.258671+00:00 PHASE_START 14 HF-FLRC-2600-128 pktSize=128
SYNC_NOT_FOUND first4=2B18F1A5
SYNC_NOT_FOUND first4=09DFD607
SYNC_NOT_FOUND first4=66FC3058
SYNC_NOT_FOUND first4=33E18CB0
SYNC_NOT_FOUND first4=081558E9
SYNC_NOT_FOUND first4=AD0C7A42
2026-07-26T12:33:18.269975+00:00 SYNC_NOT_FOUND first4=A7A49FAF
SYNC_NOT_FOUND first4=39E48AD8
SYNC_NOT_FOUND first4=85E486D3
SYNC_NOT_FOUND first4=04B57F46
SYNC_NOT_FOUND first4=445A3367
SYNC_NOT_FOUND first4=A9594E34
PHASE_RESULT 14 HF-FLRC-2600-128 pktSize=128 rx=0 unique=0 lost=100 per=100.0 rssi_avg=0 rssi_min=0 crc_err=0 garbage=12 tx_lat=0.00000 tx_lon=0.00000 sats=0 fix=0 utc=0 tx_fw=none rx_fw=unknown
PHASE_GUARD 500
2026-07-26T12:33:19.281061+00:00 PHASE_START 15 HF-FLRC-2600-255 pktSize=255
SYNC_NOT_FOUND first4=23CE9099
SYNC_NOT_FOUND first4=A4E072C5
SYNC_NOT_FOUND first4=3A6DC7E2
SYNC_NOT_FOUND first4=F5EBFF6B
SYNC_NOT_FOUND first4=1FD6078F
2026-07-26T12:33:20.291802+00:00 SYNC_NOT_FOUND first4=253E26C6
SYNC_NOT_FOUND first4=F53B81C6
SYNC_NOT_FOUND first4=725AAC64
SYNC_NOT_FOUND first4=C2FB22DE
SYNC_NOT_FOUND first4=A372E2CA
PHASE_RESULT 15 HF-FLRC-2600-255 pktSize=255 rx=0 unique=0 lost=100 per=100.0 rssi_avg=0 rssi_min=0 crc_err=0 garbage=10 tx_lat=0.00000 tx_lon=0.00000 sats=0 fix=0 utc=0 tx_fw=none rx_fw=unknown
PHASE_GUARD 500
2026-07-26T12:33:21.304225+00:00 PHASE_START 16 HF-FLRC-1300-32 pktSize=32
SYNC_NOT_FOUND first4=805B31A1
SYNC_NOT_FOUND first4=80CF58DE
SYNC_NOT_FOUND first4=5B647118
TIME_SYNCED utc=1785069200 offset=1785062474
2026-07-26T12:33:22.308652+00:00 SYNC_NOT_FOUND first4=11C5E754
SYNC_NOT_FOUND first4=BB265B93
PHASE_RESULT 16 HF-FLRC-1300-32 pktSize=32 rx=0 unique=0 lost=100 per=100.0 rssi_avg=0 rssi_min=0 crc_err=0 garbage=5 tx_lat=0.00000 tx_lon=0.00000 sats=0 fix=0 utc=0 tx_fw=none rx_fw=unknown
PHASE_GUARD 500
2026-07-26T12:33:23.313606+00:00 PHASE_START 17 HF-FLRC-1300-64 pktSize=64
SYNC_NOT_FOUND first4=80114246
SYNC_NOT_FOUND first4=489C1ABA
2026-07-26T12:33:24.324960+00:00 TIME_SYNCED utc=1785069203 offset=1785062474
SYNC_NOT_FOUND first4=22433421
SYNC_NOT_FOUND first4=4E565B47
SYNC_NOT_FOUND first4=4BA946EE
PHASE_RESULT 17 HF-FLRC-1300-64 pktSize=64 rx=0 unique=0 lost=100 per=100.0 rssi_avg=0 rssi_min=0 crc_err=0 garbage=5 tx_lat=0.00000 tx_lon=0.00000 sats=0 fix=0 utc=0 tx_fw=none rx_fw=unknown
PHASE_GUARD 500
2026-07-26T12:33:25.336214+00:00 PHASE_START 18 HF-FLRC-1300-128 pktSize=128
SYNC_NOT_FOUND first4=33766CD2
2026-07-26T12:33:26.339785+00:00 PHASE_RESULT 18 HF-FLRC-1300-128 pktSize=128 rx=0 unique=0 lost=100 per=100.0 rssi_avg=0 rssi_min=0 crc_err=0 garbage=1 tx_lat=0.00000 tx_lon=0.00000 sats=0 fix=0 utc=0 tx_fw=none rx_fw=unknown
PHASE_GUARD 500
PHASE_START 19 HF-FLRC-1300-255 pktSize=255
2026-07-26T12:33:27.351420+00:00 SYNC_NOT_FOUND first4=F38D4673
SYNC_NOT_FOUND first4=19FA0A68
SYNC_NOT_FOUND first4=299A4403
SYNC_NOT_FOUND first4=787DCDC0
SYNC_NOT_FOUND first4=2DD776D1
SYNC_NOT_FOUND first4=817264A0
2026-07-26T12:33:28.362441+00:00 PHASE_RESULT 19 HF-FLRC-1300-255 pktSize=255 rx=0 unique=0 lost=100 per=100.0 rssi_avg=0 rssi_min=0 crc_err=0 garbage=6 tx_lat=0.00000 tx_lon=0.00000 sats=0 fix=0 utc=0 tx_fw=none rx_fw=unknown
PHASE_GUARD 500
PHASE_START 20 HF-FLRC-650-32 pktSize=32
2026-07-26T12:33:29.373294+00:00 SYNC_NOT_FOUND first4=60625841
SYNC_NOT_FOUND first4=438B2592
SYNC_NOT_FOUND first4=21BCAC14
SYNC_NOT_FOUND first4=59EE0685
SYNC_NOT_FOUND first4=46D61047
SYNC_NOT_FOUND first4=6920895A
SYNC_NOT_FOUND first4=1636BCB1
SYNC_NOT_FOUND first4=71C25F80
SYNC_NOT_FOUND first4=7A3C8B72
SYNC_NOT_FOUND first4=0562E551
SYNC_NOT_FOUND first4=1B0701CF
SYNC_NOT_FOUND first4=5A9E9347
SYNC_NOT_FOUND first4=9F26234B
SYNC_NOT_FOUND first4=D711F0A9
SYNC_NOT_FOUND first4=4A503F5D
2026-07-26T12:33:30.376910+00:00 SYNC_NOT_FOUND first4=7196669A
SYNC_NOT_FOUND first4=30A6F0B7
SYNC_NOT_FOUND first4=619E58E1
SYNC_NOT_FOUND first4=775C1A62
SYNC_NOT_FOUND first4=A344E60C
SYNC_NOT_FOUND first4=0BAA88CC
SYNC_NOT_FOUND first4=F2FB76FA
SYNC_NOT_FOUND first4=12C09DB9
SYNC_NOT_FOUND first4=77F062F9
SYNC_NOT_FOUND first4=7EAEDAFF
SYNC_NOT_FOUND first4=872C08DD
PHASE_RESULT 20 HF-FLRC-650-32 pktSize=32 rx=0 unique=0 lost=100 per=100.0 rssi_avg=0 rssi_min=0 crc_err=0 garbage=26 tx_lat=0.00000 tx_lon=0.00000 sats=0 fix=0 utc=0 tx_fw=none rx_fw=unknown
PHASE_GUARD 500
PHASE_START 21 HF-FLRC-650-64 pktSize=64
SYNC_NOT_FOUND first4=89775F5C
SYNC_NOT_FOUND first4=6213DB0B
2026-07-26T12:33:31.387849+00:00 SYNC_NOT_FOUND first4=9C4B892D
SYNC_NOT_FOUND first4=AA5F240A
SYNC_NOT_FOUND first4=BD2CF8CF
SYNC_NOT_FOUND first4=79C5D5D6
SYNC_NOT_FOUND first4=C9820A07
TIME_SYNCED utc=1785069210 offset=1785062474
SYNC_NOT_FOUND first4=30D6B502
SYNC_NOT_FOUND first4=3961F909
SYNC_NOT_FOUND first4=5802E506
SYNC_NOT_FOUND first4=8BA333BC
SYNC_NOT_FOUND first4=9FEF4F9F
SYNC_NOT_FOUND first4=5D124C9D
SYNC_NOT_FOUND first4=C669979E
SYNC_NOT_FOUND first4=82F1E625
SYNC_NOT_FOUND first4=F51D2B95
2026-07-26T12:33:32.392234+00:00 SYNC_NOT_FOUND first4=DC2F6A87
SYNC_NOT_FOUND first4=8E3F8970
SYNC_NOT_FOUND first4=80FCA3CF
SYNC_NOT_FOUND first4=8F11F198
SYNC_NOT_FOUND first4=9F2D47D6
SYNC_NOT_FOUND first4=908B9EA4
SYNC_NOT_FOUND first4=B5EB69BA
SYNC_NOT_FOUND first4=E1FC5DE8
SYNC_NOT_FOUND first4=BDCD0ED6
SYNC_NOT_FOUND first4=E1A92A0B
PHASE_RESULT 21 HF-FLRC-650-64 pktSize=64 rx=0 unique=0 lost=100 per=100.0 rssi_avg=0 rssi_min=0 crc_err=0 garbage=26 tx_lat=0.00000 tx_lon=0.00000 sats=0 fix=0 utc=0 tx_fw=none rx_fw=unknown
PHASE_GUARD 500
PHASE_START 22 HF-FLRC-650-128 pktSize=128
2026-07-26T12:33:33.399439+00:00 SYNC_NOT_FOUND first4=AC148057
SYNC_NOT_FOUND first4=2D618935
SYNC_NOT_FOUND first4=14700377
SYNC_NOT_FOUND first4=34638433
SYNC_NOT_FOUND first4=B2C5D206
SYNC_NOT_FOUND first4=6DFE5F96
SYNC_NOT_FOUND first4=9D61021B
SYNC_NOT_FOUND first4=C9E8DF3B
SYNC_NOT_FOUND first4=E954113A
SYNC_NOT_FOUND first4=99947A18
SYNC_NOT_FOUND first4=559FF68D
SYNC_NOT_FOUND first4=8DB08FFA
SYNC_NOT_FOUND first4=3D444D56
SYNC_NOT_FOUND first4=36B4DE78
SYNC_NOT_FOUND first4=C8ED5044
SYNC_NOT_FOUND first4=F4621504
SYNC_NOT_FOUND first4=18EC4967
SYNC_NOT_FOUND first4=39E90B06
SYNC_NOT_FOUND first4=A7AC426F
SYNC_NOT_FOUND first4=057C64AA
SYNC_NOT_FOUND first4=D65999C3
2026-07-26T12:33:34.413671+00:00 TIME_SYNCED utc=1785069213 offset=1785062474
SYNC_NOT_FOUND first4=0B3C4470
SYNC_NOT_FOUND first4=5E847082
SYNC_NOT_FOUND first4=FDFDF5B6
SYNC_NOT_FOUND first4=D2E6E60A
SYNC_NOT_FOUND first4=F9AA4017
SYNC_NOT_FOUND first4=4368B36C
SYNC_NOT_FOUND first4=91A42C62
SYNC_NOT_FOUND first4=A60593AD
SYNC_NOT_FOUND first4=F6330BD5
SYNC_NOT_FOUND first4=EDEA0B83
SYNC_NOT_FOUND first4=CAF0806B
SYNC_NOT_FOUND first4=A92E22B1
SYNC_NOT_FOUND first4=0A2539E3
SYNC_NOT_FOUND first4=A7B15708
SYNC_NOT_FOUND first4=776EFCE8
SYNC_NOT_FOUND first4=44417A13
PHASE_RESULT 22 HF-FLRC-650-128 pktSize=128 rx=0 unique=0 lost=100 per=100.0 rssi_avg=0 rssi_min=0 crc_err=0 garbage=37 tx_lat=0.00000 tx_lon=0.00000 sats=0 fix=0 utc=0 tx_fw=none rx_fw=unknown
PHASE_GUARD 500
PHASE_START 23 HF-FLRC-650-255 pktSize=255
2026-07-26T12:33:35.425175+00:00 SYNC_NOT_FOUND first4=1981821E
SYNC_NOT_FOUND first4=B06DE828
SYNC_NOT_FOUND first4=B433B4F9
SYNC_NOT_FOUND first4=09DDB2BD
SYNC_NOT_FOUND first4=AC96A5CE
SYNC_NOT_FOUND first4=8C93D7D4
SYNC_NOT_FOUND first4=1B910723
SYNC_NOT_FOUND first4=F60935F4
SYNC_NOT_FOUND first4=3D14438F
SYNC_NOT_FOUND first4=6AB62D63
SYNC_NOT_FOUND first4=E3F497B4
SYNC_NOT_FOUND first4=8D8D4C52
SYNC_NOT_FOUND first4=8543605E
SYNC_NOT_FOUND first4=8A018324
SYNC_NOT_FOUND first4=55AF48B2
2026-07-26T12:33:36.436378+00:00 SYNC_NOT_FOUND first4=1C357825
SYNC_NOT_FOUND first4=BADCDCE9
SYNC_NOT_FOUND first4=7CDC2223
SYNC_NOT_FOUND first4=1FF4FD02
SYNC_NOT_FOUND first4=6D32B749
SYNC_NOT_FOUND first4=608C2BC6
SYNC_NOT_FOUND first4=75161DF2
SYNC_NOT_FOUND first4=085530C2
SYNC_NOT_FOUND first4=A539D3D7
SYNC_NOT_FOUND first4=9C624188
SYNC_NOT_FOUND first4=5201B1A3
SYNC_NOT_FOUND first4=079B4A08
SYNC_NOT_FOUND first4=CB5E60F9
SYNC_NOT_FOUND first4=9E621E58
PHASE_RESULT 23 HF-FLRC-650-255 pktSize=255 rx=0 unique=0 lost=100 per=100.0 rssi_avg=0 rssi_min=0 crc_err=0 garbage=29 tx_lat=0.00000 tx_lon=0.00000 sats=0 fix=0 utc=0 tx_fw=none rx_fw=unknown
PHASE_GUARD 500
PHASE_START 24 HF-FLRC-325-32 pktSize=32
2026-07-26T12:33:37.440252+00:00 SYNC_NOT_FOUND first4=A7AA8E6F
SYNC_NOT_FOUND first4=2EF3A600
SYNC_NOT_FOUND first4=87709885
2026-07-26T12:33:38.451626+00:00 SYNC_NOT_FOUND first4=072A25DE
SYNC_NOT_FOUND first4=3126D4CD
PHASE_RESULT 24 HF-FLRC-325-32 pktSize=32 rx=0 unique=0 lost=100 per=100.0 rssi_avg=0 rssi_min=0 crc_err=0 garbage=5 tx_lat=0.00000 tx_lon=0.00000 sats=0 fix=0 utc=0 tx_fw=none rx_fw=unknown
PHASE_GUARD 500
PHASE_START 25 HF-FLRC-325-64 pktSize=64
SYNC_NOT_FOUND first4=78A28215
SYNC_NOT_FOUND first4=A7749870
2026-07-26T12:33:39.463653+00:00 SYNC_NOT_FOUND first4=9A906DE4
2026-07-26T12:33:40.474635+00:00 SYNC_NOT_FOUND first4=9AD7F982
PHASE_RESULT 25 HF-FLRC-325-64 pktSize=64 rx=0 unique=0 lost=100 per=100.0 rssi_avg=0 rssi_min=0 crc_err=0 garbage=4 tx_lat=0.00000 tx_lon=0.00000 sats=0 fix=0 utc=0 tx_fw=none rx_fw=unknown
PHASE_GUARD 500
PHASE_START 26 HF-FLRC-325-128 pktSize=128
2026-07-26T12:33:41.485974+00:00 SYNC_NOT_FOUND first4=38974A35
TIME_SYNCED utc=1785069220 offset=1785062474
SYNC_NOT_FOUND first4=5EC3ABDC
SYNC_NOT_FOUND first4=38D57AA3
SYNC_NOT_FOUND first4=819333CB
2026-07-26T12:33:42.497569+00:00 SYNC_NOT_FOUND first4=53709B0A
SYNC_NOT_FOUND first4=8E6FAB02
PHASE_RESULT 26 HF-FLRC-325-128 pktSize=128 rx=0 unique=0 lost=100 per=100.0 rssi_avg=0 rssi_min=0 crc_err=0 garbage=6 tx_lat=0.00000 tx_lon=0.00000 sats=0 fix=0 utc=0 tx_fw=none rx_fw=unknown
PHASE_GUARD 500
PHASE_START 27 HF-FLRC-325-255 pktSize=255
2026-07-26T12:33:43.509545+00:00 SYNC_NOT_FOUND first4=30760299
SYNC_NOT_FOUND first4=AB7017BB
SYNC_NOT_FOUND first4=DB15EDA5
2026-07-26T12:33:44.521219+00:00 TIME_SYNCED utc=1785069223 offset=1785062474
SYNC_NOT_FOUND first4=D226AB89
PHASE_RESULT 27 HF-FLRC-325-255 pktSize=255 rx=0 unique=0 lost=100 per=100.0 rssi_avg=0 rssi_min=0 crc_err=0 garbage=4 tx_lat=0.00000 tx_lon=0.00000 sats=0 fix=0 utc=0 tx_fw=none rx_fw=unknown
PHASE_GUARD 500
LORA_CFG path=0 bw=0x05 sf=7
PHASE_START 28 LF-LoRa-SF7-32 pktSize=32
2026-07-26T12:33:46.584046+00:00 PHASE_RESULT 28 LF-LoRa-SF7-32 pktSize=32 rx=0 unique=0 lost=20 per=100.0 rssi_avg=0 rssi_min=0 crc_err=0 garbage=0 tx_lat=0.00000 tx_lon=0.00000 sats=0 fix=0 utc=0 tx_fw=none rx_fw=unknown
PHASE_GUARD 500
LORA_CFG path=0 bw=0x05 sf=7
PHASE_START 29 LF-LoRa-SF7-64 pktSize=64
2026-07-26T12:33:49.700674+00:00 PHASE_RESULT 29 LF-LoRa-SF7-64 pktSize=64 rx=0 unique=0 lost=20 per=100.0 rssi_avg=0 rssi_min=0 crc_err=0 garbage=0 tx_lat=0.00000 tx_lon=0.00000 sats=0 fix=0 utc=0 tx_fw=none rx_fw=unknown
PHASE_GUARD 500
LORA_CFG path=0 bw=0x05 sf=7
PHASE_START 30 LF-LoRa-SF7-128 pktSize=128
2026-07-26T12:33:51.755285+00:00 TIME_SYNCED utc=1785069230 offset=1785062474
2026-07-26T12:33:53.811153+00:00 PHASE_RESULT 30 LF-LoRa-SF7-128 pktSize=128 rx=0 unique=0 lost=13 per=100.0 rssi_avg=0 rssi_min=0 crc_err=0 garbage=0 tx_lat=0.00000 tx_lon=0.00000 sats=0 fix=0 utc=0 tx_fw=none rx_fw=unknown
PHASE_GUARD 500
LORA_CFG path=0 bw=0x05 sf=7
PHASE_START 31 LF-LoRa-SF7-255 pktSize=255
2026-07-26T12:33:54.822352+00:00 TIME_SYNCED utc=1785069233 offset=1785062474
2026-07-26T12:33:57.937754+00:00 PHASE_RESULT 31 LF-LoRa-SF7-255 pktSize=255 rx=0 unique=0 lost=7 per=100.0 rssi_avg=0 rssi_min=0 crc_err=0 garbage=0 tx_lat=0.00000 tx_lon=0.00000 sats=0 fix=0 utc=0 tx_fw=none rx_fw=unknown
PHASE_GUARD 500
LORA_CFG path=0 bw=0x05 sf=9
PHASE_START 32 LF-LoRa-SF9-32 pktSize=32
2026-07-26T12:34:01.051743+00:00 TIME_SYNCED utc=1785069240 offset=1785062474
2026-07-26T12:34:02.063321+00:00 PHASE_RESULT 32 LF-LoRa-SF9-32 pktSize=32 rx=0 unique=0 lost=7 per=100.0 rssi_avg=0 rssi_min=0 crc_err=0 garbage=0 tx_lat=0.00000 tx_lon=0.00000 sats=0 fix=0 utc=0 tx_fw=none rx_fw=unknown
PHASE_GUARD 500
LORA_CFG path=0 bw=0x05 sf=9
PHASE_START 33 LF-LoRa-SF9-64 pktSize=64
2026-07-26T12:34:05.171227+00:00 TIME_SYNCED utc=1785069244 offset=1785062475
PHASE_RESULT 33 LF-LoRa-SF9-64 pktSize=64 rx=0 unique=0 lost=3 per=100.0 rssi_avg=0 rssi_min=0 crc_err=0 garbage=0 tx_lat=0.00000 tx_lon=0.00000 sats=0 fix=0 utc=0 tx_fw=none rx_fw=unknown
PHASE_GUARD 500
LORA_CFG path=0 bw=0x05 sf=9
PHASE_START 34 LF-LoRa-SF9-128 pktSize=128
2026-07-26T12:34:06.176112+00:00 PHASE_RESULT 34 LF-LoRa-SF9-128 pktSize=128 rx=0 unique=0 lost=1 per=100.0 rssi_avg=0 rssi_min=0 crc_err=0 garbage=0 tx_lat=0.00000 tx_lon=0.00000 sats=0 fix=0 utc=0 tx_fw=none rx_fw=unknown
PHASE_GUARD 500
LORA_CFG path=0 bw=0x05 sf=9
PHASE_START 35 LF-LoRa-SF9-255 pktSize=255
2026-07-26T12:34:09.290454+00:00 PHASE_RESULT 35 LF-LoRa-SF9-255 pktSize=255 rx=0 unique=0 lost=1 per=100.0 rssi_avg=0 rssi_min=0 crc_err=0 garbage=0 tx_lat=0.00000 tx_lon=0.00000 sats=0 fix=0 utc=0 tx_fw=none rx_fw=unknown
PHASE_GUARD 500
LORA_CFG path=0 bw=0x05 sf=12
2026-07-26T12:34:10.302220+00:00 PHASE_START 36 LF-LoRa-SF12-32 pktSize=32
2026-07-26T12:34:11.314136+00:00 TIME_SYNCED utc=1785069250 offset=1785062474
2026-07-26T12:34:15.472679+00:00 TIME_SYNCED utc=1785069254 offset=1785062474
2026-07-26T12:34:21.739589+00:00 TIME_SYNCED utc=1785069260 offset=1785062474
2026-07-26T12:34:25.896351+00:00 TIME_SYNCED utc=1785069264 offset=1785062474
PHASE_RESULT 36 LF-LoRa-SF12-32 pktSize=32 rx=0 unique=0 lost=1 per=100.0 rssi_avg=0 rssi_min=0 crc_err=0 garbage=0 tx_lat=0.00000 tx_lon=0.00000 sats=0 fix=0 utc=0 tx_fw=none rx_fw=unknown
PHASE_GUARD 500
LORA_CFG path=0 bw=0x05 sf=12
PHASE_START 37 LF-LoRa-SF12-SKIP SKIP pktSize=64
2026-07-26T12:34:26.908130+00:00 PHASE_RESULT 37 LF-LoRa-SF12-SKIP pktSize=64 rx=0 unique=0 lost=0 per=0.0 rssi_avg=0 rssi_min=0 crc_err=0 garbage=0 tx_lat=0.00000 tx_lon=0.00000 sats=0 fix=0 utc=0 tx_fw=none rx_fw=unknown
PHASE_GUARD 500
LORA_CFG path=0 bw=0x05 sf=12
PHASE_START 38 LF-LoRa-SF12-SKIP SKIP pktSize=128
2026-07-26T12:34:27.918783+00:00 PHASE_RESULT 38 LF-LoRa-SF12-SKIP pktSize=128 rx=0 unique=0 lost=0 per=0.0 rssi_avg=0 rssi_min=0 crc_err=0 garbage=0 tx_lat=0.00000 tx_lon=0.00000 sats=0 fix=0 utc=0 tx_fw=none rx_fw=unknown
PHASE_GUARD 500
LORA_CFG path=0 bw=0x05 sf=12
PHASE_START 39 LF-LoRa-SF12-SKIP SKIP pktSize=255
2026-07-26T12:34:28.938741+00:00 PHASE_RESULT 39 LF-LoRa-SF12-SKIP pktSize=255 rx=0 unique=0 lost=0 per=0.0 rssi_avg=0 rssi_min=0 crc_err=0 garbage=0 tx_lat=0.00000 tx_lon=0.00000 sats=0 fix=0 utc=0 tx_fw=none rx_fw=unknown
PHASE_GUARD 500
PHASE_START 40 LF-FLRC-2600-32 pktSize=32
2026-07-26T12:34:31.003359+00:00 PHASE_RESULT 40 LF-FLRC-2600-32 pktSize=32 rx=0 unique=0 lost=100 per=100.0 rssi_avg=0 rssi_min=0 crc_err=0 garbage=0 tx_lat=0.00000 tx_lon=0.00000 sats=0 fix=0 utc=0 tx_fw=none rx_fw=unknown
PHASE_GUARD 500
PHASE_START 41 LF-FLRC-2600-64 pktSize=64
TIME_SYNCED utc=1785069270 offset=1785062474
2026-07-26T12:34:32.018088+00:00 SYNC_NOT_FOUND first4=2178E80F
SYNC_NOT_FOUND first4=1A3E1BEE
2026-07-26T12:34:33.029353+00:00 PHASE_RESULT 41 LF-FLRC-2600-64 pktSize=64 rx=0 unique=0 lost=100 per=100.0 rssi_avg=0 rssi_min=0 crc_err=0 garbage=2 tx_lat=0.00000 tx_lon=0.00000 sats=0 fix=0 utc=0 tx_fw=none rx_fw=unknown
PHASE_GUARD 500
PHASE_START 42 LF-FLRC-2600-128 pktSize=128
2026-07-26T12:34:35.087991+00:00 PHASE_RESULT 42 LF-FLRC-2600-128 pktSize=128 rx=0 unique=0 lost=100 per=100.0 rssi_avg=0 rssi_min=0 crc_err=0 garbage=0 tx_lat=0.00000 tx_lon=0.00000 sats=0 fix=0 utc=0 tx_fw=none rx_fw=unknown
PHASE_GUARD 500
PHASE_START 43 LF-FLRC-2600-255 pktSize=255
SYNC_NOT_FOUND first4=6038D90E
2026-07-26T12:34:36.100317+00:00 TIME_SYNCED utc=1785069275 offset=1785062475
SYNC_NOT_FOUND first4=61B15A17
PHASE_RESULT 43 LF-FLRC-2600-255 pktSize=255 rx=0 unique=0 lost=100 per=100.0 rssi_avg=0 rssi_min=0 crc_err=0 garbage=2 tx_lat=0.00000 tx_lon=0.00000 sats=0 fix=0 utc=0 tx_fw=none rx_fw=unknown
PHASE_GUARD 500
PHASE_START 44 LF-FLRC-1300-32 pktSize=32
2026-07-26T12:34:38.163026+00:00 PHASE_RESULT 44 LF-FLRC-1300-32 pktSize=32 rx=0 unique=0 lost=100 per=100.0 rssi_avg=0 rssi_min=0 crc_err=0 garbage=0 tx_lat=0.00000 tx_lon=0.00000 sats=0 fix=0 utc=0 tx_fw=none rx_fw=unknown
PHASE_GUARD 500
PHASE_START 45 LF-FLRC-1300-64 pktSize=64
SYNC_NOT_FOUND first4=27A2EE6F
2026-07-26T12:34:39.177984+00:00 PHASE_RESULT 45 LF-FLRC-1300-64 pktSize=64 rx=0 unique=0 lost=100 per=100.0 rssi_avg=0 rssi_min=0 crc_err=0 garbage=1 tx_lat=0.00000 tx_lon=0.00000 sats=0 fix=0 utc=0 tx_fw=none rx_fw=unknown
2026-07-26T12:34:40.198289+00:00 PHASE_GUARD 500
PHASE_START 46 LF-FLRC-1300-128 pktSize=128
2026-07-26T12:34:41.209630+00:00 SYNC_NOT_FOUND first4=8D03E15B
TIME_SYNCED utc=1785069280 offset=1785062474
2026-07-26T12:34:42.220567+00:00 SYNC_NOT_FOUND first4=3FFEF55C
PHASE_RESULT 46 LF-FLRC-1300-128 pktSize=128 rx=0 unique=0 lost=100 per=100.0 rssi_avg=0 rssi_min=0 crc_err=0 garbage=2 tx_lat=0.00000 tx_lon=0.00000 sats=0 fix=0 utc=0 tx_fw=none rx_fw=unknown
PHASE_GUARD 500
2026-07-26T12:34:43.233233+00:00 PHASE_START 47 LF-FLRC-1300-255 pktSize=255
SYNC_NOT_FOUND first4=150384CE
2026-07-26T12:34:44.246350+00:00 PHASE_RESULT 47 LF-FLRC-1300-255 pktSize=255 rx=0 unique=0 lost=100 per=100.0 rssi_avg=0 rssi_min=0 crc_err=0 garbage=1 tx_lat=0.00000 tx_lon=0.00000 sats=0 fix=0 utc=0 tx_fw=none rx_fw=unknown
PHASE_GUARD 500
2026-07-26T12:34:45.257472+00:00 PHASE_START 48 LF-FLRC-650-32 pktSize=32
SYNC_NOT_FOUND first4=2E76EBFC
SYNC_NOT_FOUND first4=FD36225C
2026-07-26T12:34:46.268648+00:00 TIME_SYNCED utc=1785069285 offset=1785062474
SYNC_NOT_FOUND first4=056674A9
SYNC_NOT_FOUND first4=FEA5C1A1
PHASE_RESULT 48 LF-FLRC-650-32 pktSize=32 rx=0 unique=0 lost=100 per=100.0 rssi_avg=0 rssi_min=0 crc_err=0 garbage=4 tx_lat=0.00000 tx_lon=0.00000 sats=0 fix=0 utc=0 tx_fw=none rx_fw=unknown
PHASE_GUARD 500
2026-07-26T12:34:47.279288+00:00 PHASE_START 49 LF-FLRC-650-64 pktSize=64
SYNC_NOT_FOUND first4=67FDA178
SYNC_NOT_FOUND first4=FCDBBFAF
2026-07-26T12:34:48.297073+00:00 SYNC_NOT_FOUND first4=50AFA5AD
PHASE_RESULT 49 LF-FLRC-650-64 pktSize=64 rx=0 unique=0 lost=100 per=100.0 rssi_avg=0 rssi_min=0 crc_err=0 garbage=3 tx_lat=0.00000 tx_lon=0.00000 sats=0 fix=0 utc=0 tx_fw=none rx_fw=unknown
PHASE_GUARD 500
2026-07-26T12:34:49.301248+00:00 PHASE_START 50 LF-FLRC-650-128 pktSize=128
SYNC_NOT_FOUND first4=A3402889
2026-07-26T12:34:50.318779+00:00 SYNC_NOT_FOUND first4=290ACB3E
SYNC_NOT_FOUND first4=6B2CE806
PHASE_RESULT 50 LF-FLRC-650-128 pktSize=128 rx=0 unique=0 lost=100 per=100.0 rssi_avg=0 rssi_min=0 crc_err=0 garbage=3 tx_lat=0.00000 tx_lon=0.00000 sats=0 fix=0 utc=0 tx_fw=none rx_fw=unknown
PHASE_GUARD 500
2026-07-26T12:34:51.334351+00:00 PHASE_START 51 LF-FLRC-650-255 pktSize=255
TIME_SYNCED utc=1785069290 offset=1785062474
SYNC_NOT_FOUND first4=90E0B39C
SYNC_NOT_FOUND first4=CF852096
SYNC_NOT_FOUND first4=EF780D23
2026-07-26T12:34:52.345559+00:00 SYNC_NOT_FOUND first4=C4B2BE6C
PHASE_RESULT 51 LF-FLRC-650-255 pktSize=255 rx=0 unique=0 lost=100 per=100.0 rssi_avg=0 rssi_min=0 crc_err=0 garbage=4 tx_lat=0.00000 tx_lon=0.00000 sats=0 fix=0 utc=0 tx_fw=none rx_fw=unknown
PHASE_GUARD 500
PHASE_START 52 LF-FLRC-325-32 pktSize=32
2026-07-26T12:34:54.409864+00:00 PHASE_RESULT 52 LF-FLRC-325-32 pktSize=32 rx=0 unique=0 lost=100 per=100.0 rssi_avg=0 rssi_min=0 crc_err=0 garbage=0 tx_lat=0.00000 tx_lon=0.00000 sats=0 fix=0 utc=0 tx_fw=none rx_fw=unknown
PHASE_GUARD 500
PHASE_START 53 LF-FLRC-325-64 pktSize=64
2026-07-26T12:34:56.477799+00:00 TIME_SYNCED utc=1785069295 offset=1785062474
PHASE_RESULT 53 LF-FLRC-325-64 pktSize=64 rx=0 unique=0 lost=100 per=100.0 rssi_avg=0 rssi_min=0 crc_err=0 garbage=0 tx_lat=0.00000 tx_lon=0.00000 sats=0 fix=0 utc=0 tx_fw=none rx_fw=unknown
PHASE_GUARD 500
PHASE_START 54 LF-FLRC-325-128 pktSize=128
2026-07-26T12:34:58.540536+00:00 PHASE_RESULT 54 LF-FLRC-325-128 pktSize=128 rx=0 unique=0 lost=100 per=100.0 rssi_avg=0 rssi_min=0 crc_err=0 garbage=0 tx_lat=0.00000 tx_lon=0.00000 sats=0 fix=0 utc=0 tx_fw=none rx_fw=unknown
PHASE_GUARD 500
PHASE_START 55 LF-FLRC-325-255 pktSize=255
2026-07-26T12:35:00.609773+00:00 PHASE_RESULT 55 LF-FLRC-325-255 pktSize=255 rx=0 unique=0 lost=100 per=100.0 rssi_avg=0 rssi_min=0 crc_err=0 garbage=0 tx_lat=0.00000 tx_lon=0.00000 sats=0 fix=0 utc=0 tx_fw=none rx_fw=unknown
PHASE_GUARD 500
LORA_CFG path=1 bw=0x0F sf=7
PHASE_START 0 HF-LoRa-SF7-32 pktSize=32
2026-07-26T12:35:01.625706+00:00 TIME_SYNCED utc=1785069300 offset=1785062474
2026-07-26T12:35:02.636669+00:00 PHASE_RESULT 0 HF-LoRa-SF7-32 pktSize=32 rx=0 unique=0 lost=20 per=100.0 rssi_avg=0 rssi_min=0 crc_err=0 garbage=0 tx_lat=0.00000 tx_lon=0.00000 sats=0 fix=0 utc=0 tx_fw=none rx_fw=unknown
PHASE_GUARD 500
LORA_CFG path=1 bw=0x0F sf=7
PHASE_START 1 HF-LoRa-SF7-64 pktSize=64
2026-07-26T12:35:04.698040+00:00 PHASE_RESULT 1 HF-LoRa-SF7-64 pktSize=64 rx=0 unique=0 lost=20 per=100.0 rssi_avg=0 rssi_min=0 crc_err=0 garbage=0 tx_lat=0.00000 tx_lon=0.00000 sats=0 fix=0 utc=0 tx_fw=none rx_fw=unknown
PHASE_GUARD 500
LORA_CFG path=1 bw=0x0F sf=7
PHASE_START 2 HF-LoRa-SF7-128 pktSize=128
2026-07-26T12:35:06.767913+00:00 TIME_SYNCED utc=1785069305 offset=1785062474
PHASE_RESULT 2 HF-LoRa-SF7-128 pktSize=128 rx=0 unique=0 lost=20 per=100.0 rssi_avg=0 rssi_min=0 crc_err=0 garbage=0 tx_lat=0.00000 tx_lon=0.00000 sats=0 fix=0 utc=0 tx_fw=none rx_fw=unknown
PHASE_GUARD 500
LORA_CFG path=1 bw=0x0F sf=7
PHASE_START 3 HF-LoRa-SF7-255 pktSize=255
2026-07-26T12:35:09.889399+00:00 PHASE_RESULT 3 HF-LoRa-SF7-255 pktSize=255 rx=0 unique=0 lost=20 per=100.0 rssi_avg=0 rssi_min=0 crc_err=0 garbage=0 tx_lat=0.00000 tx_lon=0.00000 sats=0 fix=0 utc=0 tx_fw=none rx_fw=unknown
PHASE_GUARD 500
LORA_CFG path=1 bw=0x0F sf=9
PHASE_START 4 HF-LoRa-SF9-32 pktSize=32
2026-07-26T12:35:11.944984+00:00 TIME_SYNCED utc=1785069310 offset=1785062474
PHASE_RESULT 4 HF-LoRa-SF9-32 pktSize=32 rx=0 unique=0 lost=20 per=100.0 rssi_avg=0 rssi_min=0 crc_err=0 garbage=0 tx_lat=0.00000 tx_lon=0.00000 sats=0 fix=0 utc=0 tx_fw=none rx_fw=unknown
PHASE_GUARD 500
LORA_CFG path=1 bw=0x0F sf=9
PHASE_START 5 HF-LoRa-SF9-64 pktSize=64
2026-07-26T12:35:15.060127+00:00 PHASE_RESULT 5 HF-LoRa-SF9-64 pktSize=64 rx=0 unique=0 lost=20 per=100.0 rssi_avg=0 rssi_min=0 crc_err=0 garbage=0 tx_lat=0.00000 tx_lon=0.00000 sats=0 fix=0 utc=0 tx_fw=none rx_fw=unknown
PHASE_GUARD 500
LORA_CFG path=1 bw=0x0F sf=9
PHASE_START 6 HF-LoRa-SF9-128 pktSize=128
2026-07-26T12:35:17.127985+00:00 TIME_SYNCED utc=1785069316 offset=1785062475
2026-07-26T12:35:18.139936+00:00 PHASE_RESULT 6 HF-LoRa-SF9-128 pktSize=128 rx=0 unique=0 lost=13 per=100.0 rssi_avg=0 rssi_min=0 crc_err=0 garbage=0 tx_lat=0.00000 tx_lon=0.00000 sats=0 fix=0 utc=0 tx_fw=none rx_fw=unknown
PHASE_GUARD 500
LORA_CFG path=1 bw=0x0F sf=9
PHASE_START 7 HF-LoRa-SF9-255 pktSize=255
2026-07-26T12:35:20.202582+00:00 PHASE_RESULT 7 HF-LoRa-SF9-255 pktSize=255 rx=0 unique=0 lost=6 per=100.0 rssi_avg=0 rssi_min=0 crc_err=0 garbage=0 tx_lat=0.00000 tx_lon=0.00000 sats=0 fix=0 utc=0 tx_fw=none rx_fw=unknown
PHASE_GUARD 500
2026-07-26T12:35:21.214492+00:00 LORA_CFG path=1 bw=0x0F sf=12
PHASE_START 8 HF-LoRa-SF12-32 pktSize=32
TIME_SYNCED utc=1785069320 offset=1785062474
PHASE_RESULT 8 HF-LoRa-SF12-32 pktSize=32 rx=0 unique=0 lost=2 per=100.0 rssi_avg=0 rssi_min=0 crc_err=0 garbage=0 tx_lat=0.00000 tx_lon=0.00000 sats=0 fix=0 utc=0 tx_fw=none rx_fw=unknown
PHASE_GUARD 500
LORA_CFG path=1 bw=0x0F sf=9
PHASE_START 7 HF-LoRa-SF9-255 pktSize=255
PHASE_RESULT 7 HF-LoRa-SF9-255 pktSize=255 rx=0 unique=0 lost=6 per=100.0 rssi_avg=0 rssi_min=0 crc_err=0 garbage=0 tx_lat=0.00000 tx_lon=0.00000 sats=0 fix=0 utc=0 tx_fw=none rx_fw=unknown
PHASE_GUARD 500
2026-07-26T12:35:22.226523+00:00 LORA_CFG path=1 bw=0x0F sf=12
PHASE_START 8 HF-LoRa-SF12-32 pktSize=32
2026-07-26T12:35:24.287439+00:00 PHASE_RESULT 8 HF-LoRa-SF12-32 pktSize=32 rx=0 unique=0 lost=2 per=100.0 rssi_avg=0 rssi_min=0 crc_err=0 garbage=0 tx_lat=0.00000 tx_lon=0.00000 sats=0 fix=0 utc=0 tx_fw=none rx_fw=unknown
PHASE_GUARD 500
LORA_CFG path=1 bw=0x0F sf=12
2026-07-26T12:35:25.299500+00:00 PHASE_START 9 HF-LoRa-SF12-64 pktSize=64
2026-07-26T12:35:27.361793+00:00 TIME_SYNCED utc=1785069326 offset=1785062474
PHASE_RESULT 9 HF-LoRa-SF12-64 pktSize=64 rx=0 unique=0 lost=1 per=100.0 rssi_avg=0 rssi_min=0 crc_err=0 garbage=0 tx_lat=0.00000 tx_lon=0.00000 sats=0 fix=0 utc=0 tx_fw=none rx_fw=unknown
PHASE_GUARD 500
LORA_CFG path=1 bw=0x0F sf=12
PHASE_START 10 HF-LoRa-SF12-128 pktSize=128
2026-07-26T12:35:31.527245+00:00 TIME_SYNCED utc=1785069330 offset=1785062474
2026-07-26T12:35:32.530803+00:00 PHASE_RESULT 10 HF-LoRa-SF12-128 pktSize=128 rx=0 unique=0 lost=1 per=100.0 rssi_avg=0 rssi_min=0 crc_err=0 garbage=0 tx_lat=0.00000 tx_lon=0.00000 sats=0 fix=0 utc=0 tx_fw=none rx_fw=unknown
PHASE_GUARD 500
LORA_CFG path=1 bw=0x0F sf=12
PHASE_START 11 HF-LoRa-SF12-255 pktSize=255
2026-07-26T12:35:37.747280+00:00 TIME_SYNCED utc=1785069336 offset=1785062474
2026-07-26T12:35:41.906225+00:00 TIME_SYNCED utc=1785069340 offset=1785062474
2026-07-26T12:35:42.919492+00:00 PHASE_RESULT 11 HF-LoRa-SF12-255 pktSize=255 rx=0 unique=0 lost=1 per=100.0 rssi_avg=0 rssi_min=0 crc_err=0 garbage=0 tx_lat=0.00000 tx_lon=0.00000 sats=0 fix=0 utc=0 tx_fw=none rx_fw=unknown
PHASE_GUARD 500
PHASE_START 12 HF-FLRC-2600-32 pktSize=32
SYNC_NOT_FOUND first4=D35BE70A
SYNC_NOT_FOUND first4=314BA6D6
SYNC_NOT_FOUND first4=3ACB920C
2026-07-26T12:35:43.929224+00:00 SYNC_NOT_FOUND first4=775CF8A0
SYNC_NOT_FOUND first4=56BD9EEA
SYNC_NOT_FOUND first4=0CD0D732
SYNC_NOT_FOUND first4=90DF0F25
SYNC_NOT_FOUND first4=84C2A2FC
2026-07-26T12:35:44.944052+00:00 SYNC_NOT_FOUND first4=208ECE58
PHASE_RESULT 12 HF-FLRC-2600-32 pktSize=32 rx=0 unique=0 lost=100 per=100.0 rssi_avg=0 rssi_min=0 crc_err=0 garbage=9 tx_lat=0.00000 tx_lon=0.00000 sats=0 fix=0 utc=0 tx_fw=none rx_fw=unknown
PHASE_GUARD 500
PHASE_START 13 HF-FLRC-2600-64 pktSize=64
SYNC_NOT_FOUND first4=1AD374F9
SYNC_NOT_FOUND first4=15BC39F7
2026-07-26T12:35:45.954674+00:00 SYNC_NOT_FOUND first4=0DC84D4C
SYNC_NOT_FOUND first4=EBB99E34
SYNC_NOT_FOUND first4=E592A2DA
SYNC_NOT_FOUND first4=41E83C45
SYNC_NOT_FOUND first4=C4652906
SYNC_NOT_FOUND first4=858847D4
2026-07-26T12:35:46.975072+00:00 SYNC_NOT_FOUND first4=60BB8526
PHASE_RESULT 13 HF-FLRC-2600-64 pktSize=64 rx=0 unique=0 lost=100 per=100.0 rssi_avg=0 rssi_min=0 crc_err=0 garbage=9 tx_lat=0.00000 tx_lon=0.00000 sats=0 fix=0 utc=0 tx_fw=none rx_fw=unknown
PHASE_GUARD 500
PHASE_START 14 HF-FLRC-2600-128 pktSize=128
SYNC_NOT_FOUND first4=CDCB1B0B
SYNC_NOT_FOUND first4=C03830BA
SYNC_NOT_FOUND first4=5CC15B04
SYNC_NOT_FOUND first4=C60BD547
SYNC_NOT_FOUND first4=7967297B
2026-07-26T12:35:47.985589+00:00 TIME_SYNCED utc=1785069346 offset=1785062474
SYNC_NOT_FOUND first4=DD4D41DA
SYNC_NOT_FOUND first4=4391F169
SYNC_NOT_FOUND first4=94D80A27
SYNC_NOT_FOUND first4=782661BD
SYNC_NOT_FOUND first4=342FEEB1
2026-07-26T12:35:49.011227+00:00 SYNC_NOT_FOUND first4=A950E3BF
SYNC_NOT_FOUND first4=31F5FC84
PHASE_RESULT 14 HF-FLRC-2600-128 pktSize=128 rx=0 unique=0 lost=100 per=100.0 rssi_avg=0 rssi_min=0 crc_err=0 garbage=12 tx_lat=0.00000 tx_lon=0.00000 sats=0 fix=0 utc=0 tx_fw=none rx_fw=unknown
PHASE_GUARD 500
PHASE_START 15 HF-FLRC-2600-255 pktSize=255
SYNC_NOT_FOUND first4=06A4A686
SYNC_NOT_FOUND first4=D1063B41
SYNC_NOT_FOUND first4=1C9C6587
SYNC_NOT_FOUND first4=34FA6804
SYNC_NOT_FOUND first4=66742A55
2026-07-26T12:35:50.021874+00:00 SYNC_NOT_FOUND first4=3D6F3518
SYNC_NOT_FOUND first4=D36CE973
SYNC_NOT_FOUND first4=20EF600A
2026-07-26T12:35:51.050188+00:00 PHASE_RESULT 15 HF-FLRC-2600-255 pktSize=255 rx=0 unique=0 lost=100 per=100.0 rssi_avg=0 rssi_min=0 crc_err=0 garbage=8 tx_lat=0.00000 tx_lon=0.00000 sats=0 fix=0 utc=0 tx_fw=none rx_fw=unknown
PHASE_GUARD 500
PHASE_START 16 HF-FLRC-1300-32 pktSize=32
TIME_SYNCED utc=1785069351 offset=1785062475
2026-07-26T12:35:52.058572+00:00 PHASE_RESULT 16 HF-FLRC-1300-32 pktSize=32 rx=0 unique=0 lost=100 per=100.0 rssi_avg=0 rssi_min=0 crc_err=0 garbage=0 tx_lat=0.00000 tx_lon=0.00000 sats=0 fix=0 utc=0 tx_fw=none rx_fw=unknown
PHASE_GUARD 500
PHASE_START 17 HF-FLRC-1300-64 pktSize=64
SYNC_NOT_FOUND first4=77E91B2F
SYNC_NOT_FOUND first4=9D257109
SYNC_NOT_FOUND first4=91D88D44
SYNC_NOT_FOUND first4=8AC53511
SYNC_NOT_FOUND first4=B81C28E8
SYNC_NOT_FOUND first4=644D83CF
SYNC_NOT_FOUND first4=0E9E3AEE
2026-07-26T12:35:53.071145+00:00 SYNC_NOT_FOUND first4=9F5E35CA
SYNC_NOT_FOUND first4=206A1270
SYNC_NOT_FOUND first4=46474ACA
2026-07-26T12:35:54.082393+00:00 PHASE_RESULT 17 HF-FLRC-1300-64 pktSize=64 rx=0 unique=0 lost=100 per=100.0 rssi_avg=0 rssi_min=0 crc_err=0 garbage=10 tx_lat=0.00000 tx_lon=0.00000 sats=0 fix=0 utc=0 tx_fw=none rx_fw=unknown
PHASE_GUARD 500
PHASE_START 18 HF-FLRC-1300-128 pktSize=128
SYNC_NOT_FOUND first4=8544210C
SYNC_NOT_FOUND first4=8F602C73
SYNC_NOT_FOUND first4=1F45D02E
SYNC_NOT_FOUND first4=B80C5918
2026-07-26T12:35:55.093661+00:00 SYNC_NOT_FOUND first4=C47EEE95
SYNC_NOT_FOUND first4=F3A930AB
2026-07-26T12:35:56.127195+00:00 PHASE_RESULT 18 HF-FLRC-1300-128 pktSize=128 rx=0 unique=0 lost=100 per=100.0 rssi_avg=0 rssi_min=0 crc_err=0 garbage=6 tx_lat=0.00000 tx_lon=0.00000 sats=0 fix=0 utc=0 tx_fw=none rx_fw=unknown
PHASE_GUARD 500
PHASE_START 19 HF-FLRC-1300-255 pktSize=255
SYNC_NOT_FOUND first4=03D09A6D
SYNC_NOT_FOUND first4=1468211F
SYNC_NOT_FOUND first4=1DB88999
2026-07-26T12:35:57.152352+00:00 SYNC_NOT_FOUND first4=4C708F98
SYNC_NOT_FOUND first4=4A15202A
SYNC_NOT_FOUND first4=E594C9C1
2026-07-26T12:35:58.169686+00:00 PHASE_RESULT 19 HF-FLRC-1300-255 pktSize=255 rx=0 unique=0 lost=100 per=100.0 rssi_avg=0 rssi_min=0 crc_err=0 garbage=6 tx_lat=0.00000 tx_lon=0.00000 sats=0 fix=0 utc=0 tx_fw=none rx_fw=unknown
PHASE_GUARD 500
PHASE_START 20 HF-FLRC-650-32 pktSize=32
TIME_SYNCED utc=1785069357 offset=1785062474
PHASE_RESULT 20 HF-FLRC-650-32 pktSize=32 rx=0 unique=0 lost=100 per=100.0 rssi_avg=0 rssi_min=0 crc_err=0 garbage=0 tx_lat=0.00000 tx_lon=0.00000 sats=0 fix=0 utc=0 tx_fw=none rx_fw=unknown
PHASE_GUARD 500
PHASE_START 19 HF-FLRC-1300-255 pktSize=255
SYNC_NOT_FOUND first4=079A6BA5
SYNC_NOT_FOUND first4=86EE7EE0
SYNC_NOT_FOUND first4=5F56C5A7
SYNC_NOT_FOUND first4=64BE3484
PHASE_RESULT 19 HF-FLRC-1300-255 pktSize=255 rx=0 unique=0 lost=100 per=100.0 rssi_avg=0 rssi_min=0 crc_err=0 garbage=4 tx_lat=0.00000 tx_lon=0.00000 sats=0 fix=0 utc=0 tx_fw=none rx_fw=unknown
2026-07-26T12:35:59.180282+00:00 PHASE_GUARD 500
PHASE_START 20 HF-FLRC-650-32 pktSize=32
SYNC_NOT_FOUND first4=74BF1827
SYNC_NOT_FOUND first4=101EE2A5
SYNC_NOT_FOUND first4=A556BDBF
SYNC_NOT_FOUND first4=8AE42A84
SYNC_NOT_FOUND first4=44F76CA9
SYNC_NOT_FOUND first4=66D9DC5F
SYNC_NOT_FOUND first4=354F67C0
SYNC_NOT_FOUND first4=DA40B28F
SYNC_NOT_FOUND first4=6B22E89F
SYNC_NOT_FOUND first4=E574D779
SYNC_NOT_FOUND first4=39E5D37D
SYNC_NOT_FOUND first4=8D65035C
SYNC_NOT_FOUND first4=383E9D8F
SYNC_NOT_FOUND first4=ECEACE60
SYNC_NOT_FOUND first4=AF0CF4F4
SYNC_NOT_FOUND first4=4F3C7BA4
SYNC_NOT_FOUND first4=03F70BB3
SYNC_NOT_FOUND first4=9AAA0345
SYNC_NOT_FOUND first4=5334BB88
SYNC_NOT_FOUND first4=C0DB95F6
SYNC_NOT_FOUND first4=6D26CAB0
SYNC_NOT_FOUND first4=17988E53
SYNC_NOT_FOUND first4=DD355764
SYNC_NOT_FOUND first4=DB368A1A
SYNC_NOT_FOUND first4=74117F81
SYNC_NOT_FOUND first4=68A52301
SYNC_NOT_FOUND first4=C14100A0
SYNC_NOT_FOUND first4=B2C76E9E
SYNC_NOT_FOUND first4=079314A9
2026-07-26T12:36:00.192679+00:00 SYNC_NOT_FOUND first4=96CDB1B7
SYNC_NOT_FOUND first4=B544CEC0
SYNC_NOT_FOUND first4=A4E95334
SYNC_NOT_FOUND first4=CD939A6D
SYNC_NOT_FOUND first4=2A6179FC
SYNC_NOT_FOUND first4=6C342955
SYNC_NOT_FOUND first4=81B4018E
SYNC_NOT_FOUND first4=D9C3A370
SYNC_NOT_FOUND first4=AA6CBC72
SYNC_NOT_FOUND first4=170DE704
SYNC_NOT_FOUND first4=CBBAB02A
SYNC_NOT_FOUND first4=CCE7C402
SYNC_NOT_FOUND first4=88FB66EB
SYNC_NOT_FOUND first4=B5261CC5
SYNC_NOT_FOUND first4=C98486A4
SYNC_NOT_FOUND first4=5F2361E3
SYNC_NOT_FOUND first4=6A66CC41
SYNC_NOT_FOUND first4=64035898
SYNC_NOT_FOUND first4=ACD37BFA
SYNC_NOT_FOUND first4=21559C4A
SYNC_NOT_FOUND first4=8147517E
SYNC_NOT_FOUND first4=16C27171
SYNC_NOT_FOUND first4=1CBDE5F7
SYNC_NOT_FOUND first4=4465379E
SYNC_NOT_FOUND first4=74402466
SYNC_NOT_FOUND first4=35A2E4D9
SYNC_NOT_FOUND first4=5098227B
SYNC_NOT_FOUND first4=09F473EF
SYNC_NOT_FOUND first4=78E62A9B
SYNC_NOT_FOUND first4=1D121A7C
SYNC_NOT_FOUND first4=E0E4EEFE
SYNC_NOT_FOUND first4=518A19BC
PHASE_RESULT 20 HF-FLRC-650-32 pktSize=32 rx=0 unique=0 lost=100 per=100.0 rssi_avg=0 rssi_min=0 crc_err=0 garbage=61 tx_lat=0.00000 tx_lon=0.00000 sats=0 fix=0 utc=0 tx_fw=none rx_fw=unknown
PHASE_GUARD 500
2026-07-26T12:36:01.203291+00:00 PHASE_START 21 HF-FLRC-650-64 pktSize=64
SYNC_NOT_FOUND first4=953A5FA2
SYNC_NOT_FOUND first4=2E441BAA
SYNC_NOT_FOUND first4=41BB8B7A
SYNC_NOT_FOUND first4=DDA89657
SYNC_NOT_FOUND first4=85D7B4E9
SYNC_NOT_FOUND first4=E005D95A
SYNC_NOT_FOUND first4=4651E292
SYNC_NOT_FOUND first4=CF49EFED
SYNC_NOT_FOUND first4=89C1DDA9
SYNC_NOT_FOUND first4=FD7A423D
TIME_SYNCED utc=1785069361 offset=1785062475
SYNC_NOT_FOUND first4=102B9BCF
PHASE_RESULT 21 HF-FLRC-650-64 pktSize=64 rx=0 unique=0 lost=100 per=100.0 rssi_avg=0 rssi_min=0 crc_err=0 garbage=11 tx_lat=0.00000 tx_lon=0.00000 sats=0 fix=0 utc=0 tx_fw=none rx_fw=unknown
PHASE_GUARD 500
2026-07-26T12:36:02.228484+00:00 PHASE_START 22 HF-FLRC-650-128 pktSize=128
SYNC_NOT_FOUND first4=293C3096
SYNC_NOT_FOUND first4=607B77FC
SYNC_NOT_FOUND first4=95AE3489
SYNC_NOT_FOUND first4=81F8749D
SYNC_NOT_FOUND first4=825A3FD0
SYNC_NOT_FOUND first4=6FA51BA6
SYNC_NOT_FOUND first4=978A4CA1
SYNC_NOT_FOUND first4=DF1DF544
SYNC_NOT_FOUND first4=17550444
SYNC_NOT_FOUND first4=722B2931
SYNC_NOT_FOUND first4=1D65925C
SYNC_NOT_FOUND first4=3F1551B3
SYNC_NOT_FOUND first4=21DB03DA
SYNC_NOT_FOUND first4=8D8F2777
SYNC_NOT_FOUND first4=133FDFB4
SYNC_NOT_FOUND first4=C2A6486C
SYNC_NOT_FOUND first4=48D37D3E
SYNC_NOT_FOUND first4=F1ECE09F
SYNC_NOT_FOUND first4=BD66CBB1
SYNC_NOT_FOUND first4=0FB9E8FA
2026-07-26T12:36:03.247039+00:00 SYNC_NOT_FOUND first4=64906A26
SYNC_NOT_FOUND first4=13484274
SYNC_NOT_FOUND first4=693334E8
SYNC_NOT_FOUND first4=6305BA69
SYNC_NOT_FOUND first4=7E7F27CB
SYNC_NOT_FOUND first4=BF7FE78C
SYNC_NOT_FOUND first4=75D51FCB
SYNC_NOT_FOUND first4=AC807A2B
SYNC_NOT_FOUND first4=19CB18D4
SYNC_NOT_FOUND first4=EB0BAADF
SYNC_NOT_FOUND first4=6E1BD625
SYNC_NOT_FOUND first4=3C4DF606
SYNC_NOT_FOUND first4=8E586DF3
SYNC_NOT_FOUND first4=C5824731
SYNC_NOT_FOUND first4=4B9238AC
PHASE_RESULT 22 HF-FLRC-650-128 pktSize=128 rx=0 unique=0 lost=100 per=100.0 rssi_avg=0 rssi_min=0 crc_err=0 garbage=35 tx_lat=0.00000 tx_lon=0.00000 sats=0 fix=0 utc=0 tx_fw=none rx_fw=unknown
PHASE_GUARD 500
2026-07-26T12:36:04.261033+00:00 PHASE_START 23 HF-FLRC-650-255 pktSize=255
SYNC_NOT_FOUND first4=2B62ED76
SYNC_NOT_FOUND first4=7C8E5B4A
SYNC_NOT_FOUND first4=5C70E83B
SYNC_NOT_FOUND first4=2F9D126E
SYNC_NOT_FOUND first4=B67A891F
SYNC_NOT_FOUND first4=5EB1AD58
SYNC_NOT_FOUND first4=CA11C20D
SYNC_NOT_FOUND first4=0B1022A7
SYNC_NOT_FOUND first4=48DDCE39
SYNC_NOT_FOUND first4=D9815203
SYNC_NOT_FOUND first4=B68DA3E5
SYNC_NOT_FOUND first4=C5BA3053
SYNC_NOT_FOUND first4=0C1A2B0D
SYNC_NOT_FOUND first4=8C764C3A
SYNC_NOT_FOUND first4=5CDCDA32
SYNC_NOT_FOUND first4=13138620
SYNC_NOT_FOUND first4=A4B6DC25
SYNC_NOT_FOUND first4=1A3F9C2E
SYNC_NOT_FOUND first4=251553D2
SYNC_NOT_FOUND first4=7199489C
SYNC_NOT_FOUND first4=81B0816A
SYNC_NOT_FOUND first4=081ED522
SYNC_NOT_FOUND first4=07F2182E
SYNC_NOT_FOUND first4=CB4F5774
SYNC_NOT_FOUND first4=99194CD7
SYNC_NOT_FOUND first4=516617B1
SYNC_NOT_FOUND first4=2D052557
SYNC_NOT_FOUND first4=A2EFC807
SYNC_NOT_FOUND first4=E354ABDA
SYNC_NOT_FOUND first4=5A7B04C3
SYNC_NOT_FOUND first4=95188701
SYNC_NOT_FOUND first4=1D3CA1D0
2026-07-26T12:36:05.272026+00:00 SYNC_NOT_FOUND first4=7137FF0D
SYNC_NOT_FOUND first4=90E83552
SYNC_NOT_FOUND first4=9185DB84
SYNC_NOT_FOUND first4=F8459578
SYNC_NOT_FOUND first4=F17BEF53
SYNC_NOT_FOUND first4=3AB512C4
SYNC_NOT_FOUND first4=3E1C2884
SYNC_NOT_FOUND first4=EC6714B5
SYNC_NOT_FOUND first4=25C48E31
SYNC_NOT_FOUND first4=7E96F6FA
SYNC_NOT_FOUND first4=1313223A
SYNC_NOT_FOUND first4=414538E1
SYNC_NOT_FOUND first4=AF20E3C0
SYNC_NOT_FOUND first4=6A416496
SYNC_NOT_FOUND first4=AAD8EB43
SYNC_NOT_FOUND first4=721BD9C6
SYNC_NOT_FOUND first4=0B88E899
SYNC_NOT_FOUND first4=2A2CC2A2
SYNC_NOT_FOUND first4=B6DDBEA8
SYNC_NOT_FOUND first4=706661BB
SYNC_NOT_FOUND first4=FF7A3ACF
SYNC_NOT_FOUND first4=E352DA83
SYNC_NOT_FOUND first4=CE8193EC
SYNC_NOT_FOUND first4=6A4237A6
SYNC_NOT_FOUND first4=EBB988E2
PHASE_RESULT 23 HF-FLRC-650-255 pktSize=255 rx=0 unique=0 lost=100 per=100.0 rssi_avg=0 rssi_min=0 crc_err=0 garbage=57 tx_lat=0.00000 tx_lon=0.00000 sats=0 fix=0 utc=0 tx_fw=none rx_fw=unknown
PHASE_GUARD 500
2026-07-26T12:36:06.299224+00:00 PHASE_START 24 HF-FLRC-325-32 pktSize=32
SYNC_NOT_FOUND first4=BC282BC2
SYNC_NOT_FOUND first4=449FFF80
2026-07-26T12:36:07.302819+00:00 SYNC_NOT_FOUND first4=7C2BCB66
PHASE_RESULT 24 HF-FLRC-325-32 pktSize=32 rx=0 unique=0 lost=100 per=100.0 rssi_avg=0 rssi_min=0 crc_err=0 garbage=3 tx_lat=0.00000 tx_lon=0.00000 sats=0 fix=0 utc=0 tx_fw=none rx_fw=unknown
PHASE_GUARD 500
2026-07-26T12:36:08.323198+00:00 PHASE_START 25 HF-FLRC-325-64 pktSize=64
TIME_SYNCED utc=1785069367 offset=1785062474
PHASE_RESULT 25 HF-FLRC-325-64 pktSize=64 rx=0 unique=0 lost=100 per=100.0 rssi_avg=0 rssi_min=0 crc_err=0 garbage=0 tx_lat=0.00000 tx_lon=0.00000 sats=0 fix=0 utc=0 tx_fw=none rx_fw=unknown
PHASE_GUARD 500
PHASE_START 24 HF-FLRC-325-32 pktSize=32
SYNC_NOT_FOUND first4=6FED22DC
SYNC_NOT_FOUND first4=60C9503C
PHASE_RESULT 24 HF-FLRC-325-32 pktSize=32 rx=0 unique=0 lost=100 per=100.0 rssi_avg=0 rssi_min=0 crc_err=0 garbage=2 tx_lat=0.00000 tx_lon=0.00000 sats=0 fix=0 utc=0 tx_fw=none rx_fw=unknown
PHASE_GUARD 500
PHASE_START 25 HF-FLRC-325-64 pktSize=64
2026-07-26T12:36:09.326928+00:00 SYNC_NOT_FOUND first4=4A04CAD5
SYNC_NOT_FOUND first4=B8C70AB2
SYNC_NOT_FOUND first4=4F1CC8B6
2026-07-26T12:36:10.339792+00:00 SYNC_NOT_FOUND first4=0484C215
SYNC_NOT_FOUND first4=8C4DE90F
SYNC_NOT_FOUND first4=EC664BF7
PHASE_RESULT 25 HF-FLRC-325-64 pktSize=64 rx=0 unique=0 lost=100 per=100.0 rssi_avg=0 rssi_min=0 crc_err=0 garbage=6 tx_lat=0.00000 tx_lon=0.00000 sats=0 fix=0 utc=0 tx_fw=none rx_fw=unknown
PHASE_GUARD 500
PHASE_START 26 HF-FLRC-325-128 pktSize=128
2026-07-26T12:36:11.358981+00:00 SYNC_NOT_FOUND first4=24363678
SYNC_NOT_FOUND first4=CF4781D7
TIME_SYNCED utc=1785069371 offset=1785062475
PHASE_RESULT 26 HF-FLRC-325-128 pktSize=128 rx=0 unique=0 lost=100 per=100.0 rssi_avg=0 rssi_min=0 crc_err=0 garbage=2 tx_lat=0.00000 tx_lon=0.00000 sats=0 fix=0 utc=0 tx_fw=none rx_fw=unknown
PHASE_GUARD 500
PHASE_START 27 HF-FLRC-325-255 pktSize=255
SYNC_NOT_FOUND first4=3392DD52
2026-07-26T12:36:12.379299+00:00 SYNC_NOT_FOUND first4=934920E7
SYNC_NOT_FOUND first4=8637718B
SYNC_NOT_FOUND first4=B0630BAD
SYNC_NOT_FOUND first4=D01686A4
SYNC_NOT_FOUND first4=004643DD
SYNC_NOT_FOUND first4=AEC6BC60
SYNC_NOT_FOUND first4=263CFE28
2026-07-26T12:36:13.390354+00:00 PHASE_RESULT 27 HF-FLRC-325-255 pktSize=255 rx=0 unique=0 lost=100 per=100.0 rssi_avg=0 rssi_min=0 crc_err=0 garbage=8 tx_lat=0.00000 tx_lon=0.00000 sats=0 fix=0 utc=0 tx_fw=none rx_fw=unknown
PHASE_GUARD 500
LORA_CFG path=0 bw=0x05 sf=7
PHASE_START 28 LF-LoRa-SF7-32 pktSize=32
2026-07-26T12:36:15.452796+00:00 PHASE_RESULT 28 LF-LoRa-SF7-32 pktSize=32 rx=0 unique=0 lost=20 per=100.0 rssi_avg=0 rssi_min=0 crc_err=0 garbage=0 tx_lat=0.00000 tx_lon=0.00000 sats=0 fix=0 utc=0 tx_fw=none rx_fw=unknown
PHASE_GUARD 500
LORA_CFG path=0 bw=0x05 sf=7
PHASE_START 29 LF-LoRa-SF7-64 pktSize=64
2026-07-26T12:36:18.572214+00:00 TIME_SYNCED utc=1785069377 offset=1785062474
2026-07-26T12:36:19.583717+00:00 PHASE_RESULT 29 LF-LoRa-SF7-64 pktSize=64 rx=0 unique=0 lost=20 per=100.0 rssi_avg=0 rssi_min=0 crc_err=0 garbage=0 tx_lat=0.00000 tx_lon=0.00000 sats=0 fix=0 utc=0 tx_fw=none rx_fw=unknown
PHASE_GUARD 500
LORA_CFG path=0 bw=0x05 sf=7
PHASE_START 30 LF-LoRa-SF7-128 pktSize=128
2026-07-26T12:36:21.648081+00:00 TIME_SYNCED utc=1785069381 offset=1785062475
2026-07-26T12:36:22.659353+00:00 PHASE_RESULT 30 LF-LoRa-SF7-128 pktSize=128 rx=0 unique=0 lost=13 per=100.0 rssi_avg=0 rssi_min=0 crc_err=0 garbage=0 tx_lat=0.00000 tx_lon=0.00000 sats=0 fix=0 utc=0 tx_fw=none rx_fw=unknown
PHASE_GUARD 500
LORA_CFG path=0 bw=0x05 sf=7
PHASE_START 31 LF-LoRa-SF7-255 pktSize=255
2026-07-26T12:36:26.824250+00:00 PHASE_RESULT 31 LF-LoRa-SF7-255 pktSize=255 rx=0 unique=0 lost=7 per=100.0 rssi_avg=0 rssi_min=0 crc_err=0 garbage=0 tx_lat=0.00000 tx_lon=0.00000 sats=0 fix=0 utc=0 tx_fw=none rx_fw=unknown
PHASE_GUARD 500
LORA_CFG path=0 bw=0x05 sf=9
PHASE_START 32 LF-LoRa-SF9-32 pktSize=32
2026-07-26T12:36:28.893354+00:00 TIME_SYNCED utc=1785069387 offset=1785062474
2026-07-26T12:36:32.007192+00:00 TIME_SYNCED utc=1785069391 offset=1785062475
PHASE_RESULT 32 LF-LoRa-SF9-32 pktSize=32 rx=0 unique=0 lost=7 per=100.0 rssi_avg=0 rssi_min=0 crc_err=0 garbage=0 tx_lat=0.00000 tx_lon=0.00000 sats=0 fix=0 utc=0 tx_fw=none rx_fw=unknown
PHASE_GUARD 500
LORA_CFG path=0 bw=0x05 sf=9
PHASE_START 33 LF-LoRa-SF9-64 pktSize=64
2026-07-26T12:36:34.076279+00:00 PHASE_RESULT 33 LF-LoRa-SF9-64 pktSize=64 rx=0 unique=0 lost=3 per=100.0 rssi_avg=0 rssi_min=0 crc_err=0 garbage=0 tx_lat=0.00000 tx_lon=0.00000 sats=0 fix=0 utc=0 tx_fw=none rx_fw=unknown
PHASE_GUARD 500
LORA_CFG path=0 bw=0x05 sf=9
PHASE_START 34 LF-LoRa-SF9-128 pktSize=128
2026-07-26T12:36:36.138239+00:00 PHASE_RESULT 34 LF-LoRa-SF9-128 pktSize=128 rx=0 unique=0 lost=1 per=100.0 rssi_avg=0 rssi_min=0 crc_err=0 garbage=0 tx_lat=0.00000 tx_lon=0.00000 sats=0 fix=0 utc=0 tx_fw=none rx_fw=unknown
PHASE_GUARD 500
LORA_CFG path=0 bw=0x05 sf=9
PHASE_START 35 LF-LoRa-SF9-255 pktSize=255
2026-07-26T12:36:39.258227+00:00 TIME_SYNCED utc=1785069398 offset=1785062474
2026-07-26T12:36:40.269331+00:00 PHASE_RESULT 35 LF-LoRa-SF9-255 pktSize=255 rx=0 unique=0 lost=1 per=100.0 rssi_avg=0 rssi_min=0 crc_err=0 garbage=0 tx_lat=0.00000 tx_lon=0.00000 sats=0 fix=0 utc=0 tx_fw=none rx_fw=unknown
PHASE_GUARD 500
LORA_CFG path=0 bw=0x05 sf=12
2026-07-26T12:36:41.279965+00:00 PHASE_START 36 LF-LoRa-SF12-32 pktSize=32
TIME_SYNCED utc=1785069401 offset=1785062474
