# rx_capture segment start 2026-07-26T14:06:56.353713+00:00
# rotation=1800s
2026-07-26T14:06:56.353763+00:00 PHASE_RESULT 37 LF-LoRa-SF12-SKIP pktSize=64 rx=0 unique=0 lost=0 per=0.0 rssi_avg=0 rssi_min=0 crc_err=0 garbage=0 tx_lat=0.00000 tx_lon=0.00000 sats=0 fix=0 utc=0 tx_fw=none rx_fw=unknown
PHASE_GUARD 500
LORA_CFG path=0 bw=0x05 sf=12
PHASE_START 38 LF-LoRa-SF12-SKIP SKIP pktSize=128
2026-07-26T14:06:57.367562+00:00 PHASE_RESULT 38 LF-LoRa-SF12-SKIP pktSize=128 rx=0 unique=0 lost=0 per=0.0 rssi_avg=0 rssi_min=0 crc_err=0 garbage=0 tx_lat=0.00000 tx_lon=0.00000 sats=0 fix=0 utc=0 tx_fw=none rx_fw=unknown
PHASE_GUARD 500
LORA_CFG path=0 bw=0x05 sf=12
PHASE_START 39 LF-LoRa-SF12-SKIP SKIP pktSize=255
2026-07-26T14:06:58.382078+00:00 PHASE_RESULT 39 LF-LoRa-SF12-SKIP pktSize=255 rx=0 unique=0 lost=0 per=0.0 rssi_avg=0 rssi_min=0 crc_err=0 garbage=0 tx_lat=0.00000 tx_lon=0.00000 sats=0 fix=0 utc=0 tx_fw=none rx_fw=unknown
PHASE_GUARD 500
PHASE_START 40 LF-FLRC-2600-32 pktSize=32
2026-07-26T14:06:59.394266+00:00 SYNC_NOT_FOUND first4=E0316952
2026-07-26T14:07:00.405295+00:00 PHASE_RESULT 40 LF-FLRC-2600-32 pktSize=32 rx=0 unique=0 lost=100 per=100.0 rssi_avg=0 rssi_min=0 crc_err=0 garbage=1 tx_lat=0.00000 tx_lon=0.00000 sats=0 fix=0 utc=0 tx_fw=none rx_fw=unknown
PHASE_GUARD 500
PHASE_START 41 LF-FLRC-2600-64 pktSize=64
2026-07-26T14:07:01.416905+00:00 TIME_SYNCED utc=1785074820 offset=1785062473
2026-07-26T14:07:02.428936+00:00 PHASE_RESULT 41 LF-FLRC-2600-64 pktSize=64 rx=0 unique=0 lost=100 per=100.0 rssi_avg=0 rssi_min=0 crc_err=0 garbage=0 tx_lat=0.00000 tx_lon=0.00000 sats=0 fix=0 utc=0 tx_fw=none rx_fw=unknown
PHASE_GUARD 500
PHASE_START 42 LF-FLRC-2600-128 pktSize=128
2026-07-26T14:07:03.440504+00:00 SYNC_NOT_FOUND first4=DD37117C
2026-07-26T14:07:04.452797+00:00 TIME_SYNCED utc=1785074823 offset=1785062473
SYNC_NOT_FOUND first4=F8F8981D
PHASE_RESULT 42 LF-FLRC-2600-128 pktSize=128 rx=0 unique=0 lost=100 per=100.0 rssi_avg=0 rssi_min=0 crc_err=0 garbage=2 tx_lat=0.00000 tx_lon=0.00000 sats=0 fix=0 utc=0 tx_fw=none rx_fw=unknown
PHASE_GUARD 500
PHASE_START 43 LF-FLRC-2600-255 pktSize=255
SYNC_NOT_FOUND first4=31A0A160
2026-07-26T14:07:06.515826+00:00 PHASE_RESULT 43 LF-FLRC-2600-255 pktSize=255 rx=0 unique=0 lost=100 per=100.0 rssi_avg=0 rssi_min=0 crc_err=0 garbage=1 tx_lat=0.00000 tx_lon=0.00000 sats=0 fix=0 utc=0 tx_fw=none rx_fw=unknown
PHASE_GUARD 500
PHASE_START 44 LF-FLRC-1300-32 pktSize=32
2026-07-26T14:07:08.572458+00:00 PHASE_RESULT 44 LF-FLRC-1300-32 pktSize=32 rx=0 unique=0 lost=100 per=100.0 rssi_avg=0 rssi_min=0 crc_err=0 garbage=0 tx_lat=0.00000 tx_lon=0.00000 sats=0 fix=0 utc=0 tx_fw=none rx_fw=unknown
PHASE_GUARD 500
PHASE_START 45 LF-FLRC-1300-64 pktSize=64
2026-07-26T14:07:10.635399+00:00 PHASE_RESULT 45 LF-FLRC-1300-64 pktSize=64 rx=0 unique=0 lost=100 per=100.0 rssi_avg=0 rssi_min=0 crc_err=0 garbage=0 tx_lat=0.00000 tx_lon=0.00000 sats=0 fix=0 utc=0 tx_fw=none rx_fw=unknown
PHASE_GUARD 500
PHASE_START 46 LF-FLRC-1300-128 pktSize=128
2026-07-26T14:07:11.647321+00:00 TIME_SYNCED utc=1785074830 offset=1785062473
2026-07-26T14:07:12.659251+00:00 PHASE_RESULT 46 LF-FLRC-1300-128 pktSize=128 rx=0 unique=0 lost=100 per=100.0 rssi_avg=0 rssi_min=0 crc_err=0 garbage=0 tx_lat=0.00000 tx_lon=0.00000 sats=0 fix=0 utc=0 tx_fw=none rx_fw=unknown
PHASE_GUARD 500
PHASE_START 47 LF-FLRC-1300-255 pktSize=255
2026-07-26T14:07:14.720905+00:00 TIME_SYNCED utc=1785074833 offset=1785062473
PHASE_RESULT 47 LF-FLRC-1300-255 pktSize=255 rx=0 unique=0 lost=100 per=100.0 rssi_avg=0 rssi_min=0 crc_err=0 garbage=0 tx_lat=0.00000 tx_lon=0.00000 sats=0 fix=0 utc=0 tx_fw=none rx_fw=unknown
PHASE_GUARD 500
PHASE_START 48 LF-FLRC-650-32 pktSize=32
SYNC_NOT_FOUND first4=6007D724
SYNC_NOT_FOUND first4=EECB60D8
2026-07-26T14:07:15.732951+00:00 SYNC_NOT_FOUND first4=D9D07870
SYNC_NOT_FOUND first4=E8B30155
2026-07-26T14:07:16.747699+00:00 PHASE_RESULT 48 LF-FLRC-650-32 pktSize=32 rx=0 unique=0 lost=100 per=100.0 rssi_avg=0 rssi_min=0 crc_err=0 garbage=4 tx_lat=0.00000 tx_lon=0.00000 sats=0 fix=0 utc=0 tx_fw=none rx_fw=unknown
PHASE_GUARD 500
PHASE_START 49 LF-FLRC-650-64 pktSize=64
2026-07-26T14:07:18.811097+00:00 SYNC_NOT_FOUND first4=7C045CAE
PHASE_RESULT 49 LF-FLRC-650-64 pktSize=64 rx=0 unique=0 lost=100 per=100.0 rssi_avg=0 rssi_min=0 crc_err=0 garbage=1 tx_lat=0.00000 tx_lon=0.00000 sats=0 fix=0 utc=0 tx_fw=none rx_fw=unknown
PHASE_GUARD 500
PHASE_START 50 LF-FLRC-650-128 pktSize=128
SYNC_NOT_FOUND first4=8E0C00D6
SYNC_NOT_FOUND first4=A41F4910
2026-07-26T14:07:19.822796+00:00 SYNC_NOT_FOUND first4=D2C52CE4
SYNC_NOT_FOUND first4=6A1C5FF5
SYNC_NOT_FOUND first4=D7970F37
2026-07-26T14:07:20.833947+00:00 PHASE_RESULT 50 LF-FLRC-650-128 pktSize=128 rx=0 unique=0 lost=100 per=100.0 rssi_avg=0 rssi_min=0 crc_err=0 garbage=5 tx_lat=0.00000 tx_lon=0.00000 sats=0 fix=0 utc=0 tx_fw=none rx_fw=unknown
PHASE_GUARD 500
PHASE_START 51 LF-FLRC-650-255 pktSize=255
SYNC_NOT_FOUND first4=F3C58524
SYNC_NOT_FOUND first4=BF3D200D
2026-07-26T14:07:21.845299+00:00 SYNC_NOT_FOUND first4=2118DB4E
TIME_SYNCED utc=1785074840 offset=1785062473
SYNC_NOT_FOUND first4=9A9C96C8
2026-07-26T14:07:22.857321+00:00 PHASE_RESULT 51 LF-FLRC-650-255 pktSize=255 rx=0 unique=0 lost=100 per=100.0 rssi_avg=0 rssi_min=0 crc_err=0 garbage=4 tx_lat=0.00000 tx_lon=0.00000 sats=0 fix=0 utc=0 tx_fw=none rx_fw=unknown
PHASE_GUARD 500
PHASE_START 52 LF-FLRC-325-32 pktSize=32
2026-07-26T14:07:24.923203+00:00 TIME_SYNCED utc=1785074843 offset=1785062473
PHASE_RESULT 52 LF-FLRC-325-32 pktSize=32 rx=0 unique=0 lost=100 per=100.0 rssi_avg=0 rssi_min=0 crc_err=0 garbage=0 tx_lat=0.00000 tx_lon=0.00000 sats=0 fix=0 utc=0 tx_fw=none rx_fw=unknown
PHASE_GUARD 500
PHASE_START 53 LF-FLRC-325-64 pktSize=64
2026-07-26T14:07:26.977679+00:00 PHASE_RESULT 53 LF-FLRC-325-64 pktSize=64 rx=0 unique=0 lost=100 per=100.0 rssi_avg=0 rssi_min=0 crc_err=0 garbage=0 tx_lat=0.00000 tx_lon=0.00000 sats=0 fix=0 utc=0 tx_fw=none rx_fw=unknown
PHASE_GUARD 500
PHASE_START 54 LF-FLRC-325-128 pktSize=128
SYNC_NOT_FOUND first4=61C2E2F3
2026-07-26T14:07:27.989354+00:00 PHASE_RESULT 54 LF-FLRC-325-128 pktSize=128 rx=0 unique=0 lost=100 per=100.0 rssi_avg=0 rssi_min=0 crc_err=0 garbage=1 tx_lat=0.00000 tx_lon=0.00000 sats=0 fix=0 utc=0 tx_fw=none rx_fw=unknown
PHASE_GUARD 500
2026-07-26T14:07:29.000235+00:00 PHASE_START 55 LF-FLRC-325-255 pktSize=255
2026-07-26T14:07:30.011497+00:00 PHASE_RESULT 55 LF-FLRC-325-255 pktSize=255 rx=0 unique=0 lost=100 per=100.0 rssi_avg=0 rssi_min=0 crc_err=0 garbage=0 tx_lat=0.00000 tx_lon=0.00000 sats=0 fix=0 utc=0 tx_fw=none rx_fw=unknown
PHASE_GUARD 500
2026-07-26T14:07:31.015746+00:00 LORA_CFG path=1 bw=0x0F sf=7
PHASE_START 0 HF-LoRa-SF7-32 pktSize=32
TIME_SYNCED utc=1785074850 offset=1785062472
2026-07-26T14:07:33.070749+00:00 PHASE_RESULT 0 HF-LoRa-SF7-32 pktSize=32 rx=0 unique=0 lost=20 per=100.0 rssi_avg=0 rssi_min=0 crc_err=0 garbage=0 tx_lat=0.00000 tx_lon=0.00000 sats=0 fix=0 utc=0 tx_fw=none rx_fw=unknown
PHASE_GUARD 500
LORA_CFG path=1 bw=0x0F sf=7
2026-07-26T14:07:34.083408+00:00 PHASE_START 1 HF-LoRa-SF7-64 pktSize=64
2026-07-26T14:07:35.089040+00:00 TIME_SYNCED utc=1785074854 offset=1785062473
PHASE_RESULT 1 HF-LoRa-SF7-64 pktSize=64 rx=0 unique=0 lost=20 per=100.0 rssi_avg=0 rssi_min=0 crc_err=0 garbage=0 tx_lat=0.00000 tx_lon=0.00000 sats=0 fix=0 utc=0 tx_fw=none rx_fw=unknown
PHASE_GUARD 500
LORA_CFG path=1 bw=0x0F sf=7
PHASE_START 2 HF-LoRa-SF7-128 pktSize=128
2026-07-26T14:07:36.100191+00:00 PHASE_RESULT 2 HF-LoRa-SF7-128 pktSize=128 rx=0 unique=0 lost=20 per=100.0 rssi_avg=0 rssi_min=0 crc_err=0 garbage=0 tx_lat=0.00000 tx_lon=0.00000 sats=0 fix=0 utc=0 tx_fw=none rx_fw=unknown
PHASE_GUARD 500
LORA_CFG path=1 bw=0x0F sf=7
2026-07-26T14:07:37.110564+00:00 PHASE_START 3 HF-LoRa-SF7-255 pktSize=255
2026-07-26T14:07:39.173467+00:00 PHASE_RESULT 3 HF-LoRa-SF7-255 pktSize=255 rx=0 unique=0 lost=20 per=100.0 rssi_avg=0 rssi_min=0 crc_err=0 garbage=0 tx_lat=0.00000 tx_lon=0.00000 sats=0 fix=0 utc=0 tx_fw=none rx_fw=unknown
PHASE_GUARD 500
LORA_CFG path=1 bw=0x0F sf=9
PHASE_START 4 HF-LoRa-SF9-32 pktSize=32
2026-07-26T14:07:41.236786+00:00 PHASE_RESULT 4 HF-LoRa-SF9-32 pktSize=32 rx=0 unique=0 lost=20 per=100.0 rssi_avg=0 rssi_min=0 crc_err=0 garbage=0 tx_lat=0.00000 tx_lon=0.00000 sats=0 fix=0 utc=0 tx_fw=none rx_fw=unknown
PHASE_GUARD 500
LORA_CFG path=1 bw=0x0F sf=9
PHASE_START 5 HF-LoRa-SF9-64 pktSize=64
TIME_SYNCED utc=1785074860 offset=1785062472
PHASE_RESULT 5 HF-LoRa-SF9-64 pktSize=64 rx=0 unique=0 lost=20 per=100.0 rssi_avg=0 rssi_min=0 crc_err=0 garbage=0 tx_lat=0.00000 tx_lon=0.00000 sats=0 fix=0 utc=0 tx_fw=none rx_fw=unknown
PHASE_GUARD 500
LORA_CFG path=1 bw=0x0F sf=9
2026-07-26T14:07:42.240300+00:00 PHASE_START 4 HF-LoRa-SF9-32 pktSize=32
PHASE_RESULT 4 HF-LoRa-SF9-32 pktSize=32 rx=0 unique=0 lost=20 per=100.0 rssi_avg=0 rssi_min=0 crc_err=0 garbage=0 tx_lat=0.00000 tx_lon=0.00000 sats=0 fix=0 utc=0 tx_fw=none rx_fw=unknown
PHASE_GUARD 500
LORA_CFG path=1 bw=0x0F sf=9
PHASE_START 5 HF-LoRa-SF9-64 pktSize=64
2026-07-26T14:07:45.355136+00:00 TIME_SYNCED utc=1785074864 offset=1785062473
PHASE_RESULT 5 HF-LoRa-SF9-64 pktSize=64 rx=0 unique=0 lost=20 per=100.0 rssi_avg=0 rssi_min=0 crc_err=0 garbage=0 tx_lat=0.00000 tx_lon=0.00000 sats=0 fix=0 utc=0 tx_fw=none rx_fw=unknown
PHASE_GUARD 500
LORA_CFG path=1 bw=0x0F sf=9
PHASE_START 6 HF-LoRa-SF9-128 pktSize=128
2026-07-26T14:07:48.469291+00:00 PHASE_RESULT 6 HF-LoRa-SF9-128 pktSize=128 rx=0 unique=0 lost=13 per=100.0 rssi_avg=0 rssi_min=0 crc_err=0 garbage=0 tx_lat=0.00000 tx_lon=0.00000 sats=0 fix=0 utc=0 tx_fw=none rx_fw=unknown
PHASE_GUARD 500
LORA_CFG path=1 bw=0x0F sf=9
PHASE_START 7 HF-LoRa-SF9-255 pktSize=255
2026-07-26T14:07:51.584304+00:00 PHASE_RESULT 7 HF-LoRa-SF9-255 pktSize=255 rx=0 unique=0 lost=6 per=100.0 rssi_avg=0 rssi_min=0 crc_err=0 garbage=0 tx_lat=0.00000 tx_lon=0.00000 sats=0 fix=0 utc=0 tx_fw=none rx_fw=unknown
PHASE_GUARD 500
LORA_CFG path=1 bw=0x0F sf=12
PHASE_START 8 HF-LoRa-SF12-32 pktSize=32
TIME_SYNCED utc=1785074870 offset=1785062472
PHASE_RESULT 8 HF-LoRa-SF12-32 pktSize=32 rx=0 unique=0 lost=2 per=100.0 rssi_avg=0 rssi_min=0 crc_err=0 garbage=0 tx_lat=0.00000 tx_lon=0.00000 sats=0 fix=0 utc=0 tx_fw=none rx_fw=unknown
PHASE_GUARD 500
LORA_CFG path=1 bw=0x0F sf=9
PHASE_START 7 HF-LoRa-SF9-255 pktSize=255
2026-07-26T14:07:52.596633+00:00 PHASE_RESULT 7 HF-LoRa-SF9-255 pktSize=255 rx=0 unique=0 lost=6 per=100.0 rssi_avg=0 rssi_min=0 crc_err=0 garbage=0 tx_lat=0.00000 tx_lon=0.00000 sats=0 fix=0 utc=0 tx_fw=none rx_fw=unknown
PHASE_GUARD 500
LORA_CFG path=1 bw=0x0F sf=12
PHASE_START 8 HF-LoRa-SF12-32 pktSize=32
2026-07-26T14:07:55.712351+00:00 TIME_SYNCED utc=1785074874 offset=1785062473
PHASE_RESULT 8 HF-LoRa-SF12-32 pktSize=32 rx=0 unique=0 lost=2 per=100.0 rssi_avg=0 rssi_min=0 crc_err=0 garbage=0 tx_lat=0.00000 tx_lon=0.00000 sats=0 fix=0 utc=0 tx_fw=none rx_fw=unknown
PHASE_GUARD 500
LORA_CFG path=1 bw=0x0F sf=12
PHASE_START 9 HF-LoRa-SF12-64 pktSize=64
2026-07-26T14:07:57.776171+00:00 PHASE_RESULT 9 HF-LoRa-SF12-64 pktSize=64 rx=0 unique=0 lost=1 per=100.0 rssi_avg=0 rssi_min=0 crc_err=0 garbage=0 tx_lat=0.00000 tx_lon=0.00000 sats=0 fix=0 utc=0 tx_fw=none rx_fw=unknown
PHASE_GUARD 500
LORA_CFG path=1 bw=0x0F sf=12
PHASE_START 10 HF-LoRa-SF12-128 pktSize=128
2026-07-26T14:08:01.941234+00:00 TIME_SYNCED utc=1785074881 offset=1785062473
2026-07-26T14:08:02.953566+00:00 PHASE_RESULT 10 HF-LoRa-SF12-128 pktSize=128 rx=0 unique=0 lost=1 per=100.0 rssi_avg=0 rssi_min=0 crc_err=0 garbage=0 tx_lat=0.00000 tx_lon=0.00000 sats=0 fix=0 utc=0 tx_fw=none rx_fw=unknown
PHASE_GUARD 500
LORA_CFG path=1 bw=0x0F sf=12
PHASE_START 11 HF-LoRa-SF12-255 pktSize=255
2026-07-26T14:08:06.067815+00:00 TIME_SYNCED utc=1785074885 offset=1785062473
2026-07-26T14:08:11.284316+00:00 TIME_SYNCED utc=1785074891 offset=1785062473
2026-07-26T14:08:12.295859+00:00 PHASE_RESULT 11 HF-LoRa-SF12-255 pktSize=255 rx=0 unique=0 lost=1 per=100.0 rssi_avg=0 rssi_min=0 crc_err=0 garbage=0 tx_lat=0.00000 tx_lon=0.00000 sats=0 fix=0 utc=0 tx_fw=none rx_fw=unknown
PHASE_GUARD 500
PHASE_START 12 HF-FLRC-2600-32 pktSize=32
2026-07-26T14:08:13.304498+00:00 SYNC_NOT_FOUND first4=6B86542A
SYNC_NOT_FOUND first4=D9415344
SYNC_NOT_FOUND first4=52E12F73
2026-07-26T14:08:14.321298+00:00 SYNC_NOT_FOUND first4=0A02D0D9
SYNC_NOT_FOUND first4=21D4F4CA
SYNC_NOT_FOUND first4=CF84699E
SYNC_NOT_FOUND first4=FC54EF01
SYNC_NOT_FOUND first4=74A10DF1
SYNC_NOT_FOUND first4=602E8166
PHASE_RESULT 12 HF-FLRC-2600-32 pktSize=32 rx=0 unique=0 lost=100 per=100.0 rssi_avg=0 rssi_min=0 crc_err=0 garbage=9 tx_lat=0.00000 tx_lon=0.00000 sats=0 fix=0 utc=0 tx_fw=none rx_fw=unknown
PHASE_GUARD 500
PHASE_START 13 HF-FLRC-2600-64 pktSize=64
SYNC_NOT_FOUND first4=BB168C72
SYNC_NOT_FOUND first4=3C5AEE35
SYNC_NOT_FOUND first4=489660EC
2026-07-26T14:08:15.332624+00:00 SYNC_NOT_FOUND first4=D7529D2C
SYNC_NOT_FOUND first4=362DEE0F
SYNC_NOT_FOUND first4=4227759B
SYNC_NOT_FOUND first4=26CC1B58
SYNC_NOT_FOUND first4=F0C7124C
SYNC_NOT_FOUND first4=1F96368E
SYNC_NOT_FOUND first4=7FE9B10A
2026-07-26T14:08:16.349003+00:00 TIME_SYNCED utc=1785074895 offset=1785062473
SYNC_NOT_FOUND first4=C6270C00
PHASE_RESULT 13 HF-FLRC-2600-64 pktSize=64 rx=0 unique=0 lost=100 per=100.0 rssi_avg=0 rssi_min=0 crc_err=0 garbage=11 tx_lat=0.00000 tx_lon=0.00000 sats=0 fix=0 utc=0 tx_fw=none rx_fw=unknown
PHASE_GUARD 500
PHASE_START 14 HF-FLRC-2600-128 pktSize=128
SYNC_NOT_FOUND first4=25581EB6
2026-07-26T14:08:17.360151+00:00 SYNC_NOT_FOUND first4=29D23F09
SYNC_NOT_FOUND first4=CB52B694
SYNC_NOT_FOUND first4=47209075
SYNC_NOT_FOUND first4=4559BC2D
2026-07-26T14:08:18.371194+00:00 SYNC_NOT_FOUND first4=078F6444
SYNC_NOT_FOUND first4=ABC1F283
SYNC_NOT_FOUND first4=686A60F9
SYNC_NOT_FOUND first4=F67041AA
SYNC_NOT_FOUND first4=4F19235C
SYNC_NOT_FOUND first4=57C9BE66
SYNC_NOT_FOUND first4=DE800F5F
PHASE_RESULT 14 HF-FLRC-2600-128 pktSize=128 rx=0 unique=0 lost=100 per=100.0 rssi_avg=0 rssi_min=0 crc_err=0 garbage=12 tx_lat=0.00000 tx_lon=0.00000 sats=0 fix=0 utc=0 tx_fw=none rx_fw=unknown
PHASE_GUARD 500
PHASE_START 15 HF-FLRC-2600-255 pktSize=255
SYNC_NOT_FOUND first4=E5A7D842
SYNC_NOT_FOUND first4=7619456C
SYNC_NOT_FOUND first4=08BA1F02
2026-07-26T14:08:19.386877+00:00 SYNC_NOT_FOUND first4=3DF25A00
SYNC_NOT_FOUND first4=BB91E2F1
SYNC_NOT_FOUND first4=56BBACB3
SYNC_NOT_FOUND first4=499F7E54
SYNC_NOT_FOUND first4=4B80009E
SYNC_NOT_FOUND first4=21F2D866
SYNC_NOT_FOUND first4=C9F1A95F
SYNC_NOT_FOUND first4=0560A5C9
SYNC_NOT_FOUND first4=61E6581D
2026-07-26T14:08:20.398103+00:00 SYNC_NOT_FOUND first4=2DB07A03
SYNC_NOT_FOUND first4=977D4622
PHASE_RESULT 15 HF-FLRC-2600-255 pktSize=255 rx=0 unique=0 lost=100 per=100.0 rssi_avg=0 rssi_min=0 crc_err=0 garbage=14 tx_lat=0.00000 tx_lon=0.00000 sats=0 fix=0 utc=0 tx_fw=none rx_fw=unknown
PHASE_GUARD 500
PHASE_START 16 HF-FLRC-1300-32 pktSize=32
SYNC_NOT_FOUND first4=B6607356
SYNC_NOT_FOUND first4=2D178554
2026-07-26T14:08:21.409776+00:00 SYNC_NOT_FOUND first4=5D249753
SYNC_NOT_FOUND first4=4E6619C0
SYNC_NOT_FOUND first4=598D8928
SYNC_NOT_FOUND first4=446D647F
TIME_SYNCED utc=1785074901 offset=1785062473
2026-07-26T14:08:22.421276+00:00 SYNC_NOT_FOUND first4=51D9AB85
SYNC_NOT_FOUND first4=7C520DBB
PHASE_RESULT 16 HF-FLRC-1300-32 pktSize=32 rx=0 unique=0 lost=100 per=100.0 rssi_avg=0 rssi_min=0 crc_err=0 garbage=8 tx_lat=0.00000 tx_lon=0.00000 sats=0 fix=0 utc=0 tx_fw=none rx_fw=unknown
PHASE_GUARD 500
PHASE_START 17 HF-FLRC-1300-64 pktSize=64
2026-07-26T14:08:23.425395+00:00 SYNC_NOT_FOUND first4=0912F2FE
SYNC_NOT_FOUND first4=65439A62
SYNC_NOT_FOUND first4=A67A6785
2026-07-26T14:08:24.439273+00:00 SYNC_NOT_FOUND first4=E1664A16
SYNC_NOT_FOUND first4=9A7D2FEA
SYNC_NOT_FOUND first4=E89E82EA
PHASE_RESULT 17 HF-FLRC-1300-64 pktSize=64 rx=0 unique=0 lost=100 per=100.0 rssi_avg=0 rssi_min=0 crc_err=0 garbage=6 tx_lat=0.00000 tx_lon=0.00000 sats=0 fix=0 utc=0 tx_fw=none rx_fw=unknown
PHASE_GUARD 500
PHASE_START 18 HF-FLRC-1300-128 pktSize=128
SYNC_NOT_FOUND first4=B85171A4
2026-07-26T14:08:25.450712+00:00 SYNC_NOT_FOUND first4=A0F23C5C
SYNC_NOT_FOUND first4=857B70AB
SYNC_NOT_FOUND first4=712E7072
SYNC_NOT_FOUND first4=1EF77F7F
2026-07-26T14:08:26.462936+00:00 TIME_SYNCED utc=1785074905 offset=1785062473
SYNC_NOT_FOUND first4=607062D3
SYNC_NOT_FOUND first4=9C52694C
SYNC_NOT_FOUND first4=9D0A1B85
PHASE_RESULT 18 HF-FLRC-1300-128 pktSize=128 rx=0 unique=0 lost=100 per=100.0 rssi_avg=0 rssi_min=0 crc_err=0 garbage=8 tx_lat=0.00000 tx_lon=0.00000 sats=0 fix=0 utc=0 tx_fw=none rx_fw=unknown
PHASE_GUARD 500
PHASE_START 19 HF-FLRC-1300-255 pktSize=255
SYNC_NOT_FOUND first4=C7B15107
SYNC_NOT_FOUND first4=877FAA2C
2026-07-26T14:08:27.474606+00:00 SYNC_NOT_FOUND first4=64796928
SYNC_NOT_FOUND first4=E16AA3DC
SYNC_NOT_FOUND first4=99965C2D
SYNC_NOT_FOUND first4=83C769FF
SYNC_NOT_FOUND first4=F06411CD
2026-07-26T14:08:28.485638+00:00 SYNC_NOT_FOUND first4=55D63140
SYNC_NOT_FOUND first4=9033E119
PHASE_RESULT 19 HF-FLRC-1300-255 pktSize=255 rx=0 unique=0 lost=100 per=100.0 rssi_avg=0 rssi_min=0 crc_err=0 garbage=9 tx_lat=0.00000 tx_lon=0.00000 sats=0 fix=0 utc=0 tx_fw=none rx_fw=unknown
PHASE_GUARD 500
PHASE_START 20 HF-FLRC-650-32 pktSize=32
SYNC_NOT_FOUND first4=45D284B4
SYNC_NOT_FOUND first4=63F537F1
SYNC_NOT_FOUND first4=FA351864
SYNC_NOT_FOUND first4=904A141C
SYNC_NOT_FOUND first4=3EAD1CA3
2026-07-26T14:08:29.497714+00:00 SYNC_NOT_FOUND first4=39544AB3
SYNC_NOT_FOUND first4=153710AB
SYNC_NOT_FOUND first4=0D198A72
SYNC_NOT_FOUND first4=A5A6EB70
SYNC_NOT_FOUND first4=CB2305E3
SYNC_NOT_FOUND first4=79ABC9B2
SYNC_NOT_FOUND first4=A7FC2494
SYNC_NOT_FOUND first4=BC3AE8C6
SYNC_NOT_FOUND first4=118272E2
SYNC_NOT_FOUND first4=8DD0D3E2
2026-07-26T14:08:30.508574+00:00 SYNC_NOT_FOUND first4=6DC1BD48
SYNC_NOT_FOUND first4=2202F8A7
PHASE_RESULT 20 HF-FLRC-650-32 pktSize=32 rx=0 unique=0 lost=100 per=100.0 rssi_avg=0 rssi_min=0 crc_err=0 garbage=17 tx_lat=0.00000 tx_lon=0.00000 sats=0 fix=0 utc=0 tx_fw=none rx_fw=unknown
PHASE_GUARD 500
PHASE_START 21 HF-FLRC-650-64 pktSize=64
SYNC_NOT_FOUND first4=EFE6979C
SYNC_NOT_FOUND first4=C8AF329A
SYNC_NOT_FOUND first4=D61F7316
SYNC_NOT_FOUND first4=CA24BC35
2026-07-26T14:08:31.520605+00:00 SYNC_NOT_FOUND first4=598AF03A
SYNC_NOT_FOUND first4=B5924628
SYNC_NOT_FOUND first4=508A2886
SYNC_NOT_FOUND first4=5EFD5AE7
SYNC_NOT_FOUND first4=175B8382
SYNC_NOT_FOUND first4=6990C0D8
SYNC_NOT_FOUND first4=1B395553
TIME_SYNCED utc=1785074911 offset=1785062473
SYNC_NOT_FOUND first4=E88EB9B6
SYNC_NOT_FOUND first4=3E362350
SYNC_NOT_FOUND first4=2085E6A7
SYNC_NOT_FOUND first4=105A2632
2026-07-26T14:08:32.531795+00:00 SYNC_NOT_FOUND first4=0D33004F
SYNC_NOT_FOUND first4=33C2A314
SYNC_NOT_FOUND first4=7718379C
SYNC_NOT_FOUND first4=8C6258E4
SYNC_NOT_FOUND first4=6140F9EF
SYNC_NOT_FOUND first4=DA1C8825
SYNC_NOT_FOUND first4=DC2E4678
SYNC_NOT_FOUND first4=BEC4AF3B
PHASE_RESULT 21 HF-FLRC-650-64 pktSize=64 rx=0 unique=0 lost=100 per=100.0 rssi_avg=0 rssi_min=0 crc_err=0 garbage=23 tx_lat=0.00000 tx_lon=0.00000 sats=0 fix=0 utc=0 tx_fw=none rx_fw=unknown
PHASE_GUARD 500
PHASE_START 22 HF-FLRC-650-128 pktSize=128
SYNC_NOT_FOUND first4=320831AC
SYNC_NOT_FOUND first4=EBD57FC9
SYNC_NOT_FOUND first4=6A048344
SYNC_NOT_FOUND first4=0A7D9201
SYNC_NOT_FOUND first4=ECC429CC
2026-07-26T14:08:33.542968+00:00 SYNC_NOT_FOUND first4=DE49AA65
SYNC_NOT_FOUND first4=F2E0AADC
SYNC_NOT_FOUND first4=1BFCDCC3
SYNC_NOT_FOUND first4=072F567B
SYNC_NOT_FOUND first4=AA747E94
SYNC_NOT_FOUND first4=F240B929
SYNC_NOT_FOUND first4=90CC09CA
SYNC_NOT_FOUND first4=6B1D9AF0
SYNC_NOT_FOUND first4=66197FB0
SYNC_NOT_FOUND first4=AA58951C
SYNC_NOT_FOUND first4=F9F26FE0
SYNC_NOT_FOUND first4=382A310E
SYNC_NOT_FOUND first4=7575EDBB
SYNC_NOT_FOUND first4=4C5B2C7F
SYNC_NOT_FOUND first4=D4FBC467
SYNC_NOT_FOUND first4=6FE68BDE
2026-07-26T14:08:34.554634+00:00 SYNC_NOT_FOUND first4=4065ECC7
PHASE_RESULT 22 HF-FLRC-650-128 pktSize=128 rx=0 unique=0 lost=100 per=100.0 rssi_avg=0 rssi_min=0 crc_err=0 garbage=22 tx_lat=0.00000 tx_lon=0.00000 sats=0 fix=0 utc=0 tx_fw=none rx_fw=unknown
PHASE_GUARD 500
PHASE_START 23 HF-FLRC-650-255 pktSize=255
SYNC_NOT_FOUND first4=0F8870C3
SYNC_NOT_FOUND first4=B6F8DF33
SYNC_NOT_FOUND first4=637097D3
SYNC_NOT_FOUND first4=6D104EDD
SYNC_NOT_FOUND first4=3BA608EE
2026-07-26T14:08:35.570739+00:00 SYNC_NOT_FOUND first4=05A96D59
SYNC_NOT_FOUND first4=AF179041
SYNC_NOT_FOUND first4=EC448600
SYNC_NOT_FOUND first4=720A3343
SYNC_NOT_FOUND first4=3BE24944
SYNC_NOT_FOUND first4=F40C041A
SYNC_NOT_FOUND first4=3951697F
SYNC_NOT_FOUND first4=4C0A0975
SYNC_NOT_FOUND first4=07E81F44
SYNC_NOT_FOUND first4=1490091A
2026-07-26T14:08:36.583109+00:00 TIME_SYNCED utc=1785074915 offset=1785062473
PHASE_RESULT 23 HF-FLRC-650-255 pktSize=255 rx=0 unique=0 lost=100 per=100.0 rssi_avg=0 rssi_min=0 crc_err=0 garbage=15 tx_lat=0.00000 tx_lon=0.00000 sats=0 fix=0 utc=0 tx_fw=none rx_fw=unknown
PHASE_GUARD 500
PHASE_START 24 HF-FLRC-325-32 pktSize=32
2026-07-26T14:08:37.594374+00:00 SYNC_NOT_FOUND first4=B9604739
SYNC_NOT_FOUND first4=092D0AF5
SYNC_NOT_FOUND first4=9B15973D
2026-07-26T14:08:38.610880+00:00 SYNC_NOT_FOUND first4=5F446232
SYNC_NOT_FOUND first4=93475F96
SYNC_NOT_FOUND first4=94C1D19C
PHASE_RESULT 24 HF-FLRC-325-32 pktSize=32 rx=0 unique=0 lost=100 per=100.0 rssi_avg=0 rssi_min=0 crc_err=0 garbage=6 tx_lat=0.00000 tx_lon=0.00000 sats=0 fix=0 utc=0 tx_fw=none rx_fw=unknown
PHASE_GUARD 500
PHASE_START 25 HF-FLRC-325-64 pktSize=64
2026-07-26T14:08:39.622390+00:00 SYNC_NOT_FOUND first4=D4C94828
SYNC_NOT_FOUND first4=AE6E92EF
2026-07-26T14:08:40.635748+00:00 SYNC_NOT_FOUND first4=0CA54CD4
PHASE_RESULT 25 HF-FLRC-325-64 pktSize=64 rx=0 unique=0 lost=100 per=100.0 rssi_avg=0 rssi_min=0 crc_err=0 garbage=3 tx_lat=0.00000 tx_lon=0.00000 sats=0 fix=0 utc=0 tx_fw=none rx_fw=unknown
PHASE_GUARD 500
PHASE_START 26 HF-FLRC-325-128 pktSize=128
SYNC_NOT_FOUND first4=811C49C8
2026-07-26T14:08:41.647486+00:00 TIME_SYNCED utc=1785074921 offset=1785062473
SYNC_NOT_FOUND first4=318620D3
SYNC_NOT_FOUND first4=3F7E0896
2026-07-26T14:08:42.658765+00:00 SYNC_NOT_FOUND first4=526C6218
PHASE_RESULT 26 HF-FLRC-325-128 pktSize=128 rx=0 unique=0 lost=100 per=100.0 rssi_avg=0 rssi_min=0 crc_err=0 garbage=4 tx_lat=0.00000 tx_lon=0.00000 sats=0 fix=0 utc=0 tx_fw=none rx_fw=unknown
PHASE_GUARD 500
PHASE_START 27 HF-FLRC-325-255 pktSize=255
SYNC_NOT_FOUND first4=24EA4762
SYNC_NOT_FOUND first4=41E7435F
2026-07-26T14:08:43.674192+00:00 SYNC_NOT_FOUND first4=448E83AD
SYNC_NOT_FOUND first4=C177CBE0
2026-07-26T14:08:44.690803+00:00 PHASE_RESULT 27 HF-FLRC-325-255 pktSize=255 rx=0 unique=0 lost=100 per=100.0 rssi_avg=0 rssi_min=0 crc_err=0 garbage=4 tx_lat=0.00000 tx_lon=0.00000 sats=0 fix=0 utc=0 tx_fw=none rx_fw=unknown
PHASE_GUARD 500
LORA_CFG path=0 bw=0x05 sf=7
PHASE_START 28 LF-LoRa-SF7-32 pktSize=32
2026-07-26T14:08:46.761349+00:00 TIME_SYNCED utc=1785074925 offset=1785062473
PHASE_RESULT 28 LF-LoRa-SF7-32 pktSize=32 rx=0 unique=0 lost=20 per=100.0 rssi_avg=0 rssi_min=0 crc_err=0 garbage=0 tx_lat=0.00000 tx_lon=0.00000 sats=0 fix=0 utc=0 tx_fw=none rx_fw=unknown
PHASE_GUARD 500
LORA_CFG path=0 bw=0x05 sf=7
PHASE_START 29 LF-LoRa-SF7-64 pktSize=64
2026-07-26T14:08:49.880356+00:00 PHASE_RESULT 29 LF-LoRa-SF7-64 pktSize=64 rx=0 unique=0 lost=20 per=100.0 rssi_avg=0 rssi_min=0 crc_err=0 garbage=0 tx_lat=0.00000 tx_lon=0.00000 sats=0 fix=0 utc=0 tx_fw=none rx_fw=unknown
PHASE_GUARD 500
LORA_CFG path=0 bw=0x05 sf=7
PHASE_START 30 LF-LoRa-SF7-128 pktSize=128
2026-07-26T14:08:51.948248+00:00 TIME_SYNCED utc=1785074931 offset=1785062473
2026-07-26T14:08:52.960061+00:00 PHASE_RESULT 30 LF-LoRa-SF7-128 pktSize=128 rx=0 unique=0 lost=13 per=100.0 rssi_avg=0 rssi_min=0 crc_err=0 garbage=0 tx_lat=0.00000 tx_lon=0.00000 sats=0 fix=0 utc=0 tx_fw=none rx_fw=unknown
2026-07-26T14:08:53.968210+00:00 PHASE_GUARD 500
LORA_CFG path=0 bw=0x05 sf=7
PHASE_START 31 LF-LoRa-SF7-255 pktSize=255
2026-07-26T14:08:57.075052+00:00 TIME_SYNCED utc=1785074936 offset=1785062473
PHASE_RESULT 31 LF-LoRa-SF7-255 pktSize=255 rx=0 unique=0 lost=7 per=100.0 rssi_avg=0 rssi_min=0 crc_err=0 garbage=0 tx_lat=0.00000 tx_lon=0.00000 sats=0 fix=0 utc=0 tx_fw=none rx_fw=unknown
PHASE_GUARD 500
LORA_CFG path=0 bw=0x05 sf=9
2026-07-26T14:08:58.090285+00:00 PHASE_START 32 LF-LoRa-SF9-32 pktSize=32
2026-07-26T14:09:01.203856+00:00 PHASE_RESULT 32 LF-LoRa-SF9-32 pktSize=32 rx=0 unique=0 lost=7 per=100.0 rssi_avg=0 rssi_min=0 crc_err=0 garbage=0 tx_lat=0.00000 tx_lon=0.00000 sats=0 fix=0 utc=0 tx_fw=none rx_fw=unknown
PHASE_GUARD 500
LORA_CFG path=0 bw=0x05 sf=9
PHASE_START 33 LF-LoRa-SF9-64 pktSize=64
TIME_SYNCED utc=1785074941 offset=1785062473
2026-07-26T14:09:04.322659+00:00 PHASE_RESULT 33 LF-LoRa-SF9-64 pktSize=64 rx=0 unique=0 lost=3 per=100.0 rssi_avg=0 rssi_min=0 crc_err=0 garbage=0 tx_lat=0.00000 tx_lon=0.00000 sats=0 fix=0 utc=0 tx_fw=none rx_fw=unknown
PHASE_GUARD 500
LORA_CFG path=0 bw=0x05 sf=9
PHASE_START 34 LF-LoRa-SF9-128 pktSize=128
2026-07-26T14:09:06.389889+00:00 PHASE_RESULT 34 LF-LoRa-SF9-128 pktSize=128 rx=0 unique=0 lost=1 per=100.0 rssi_avg=0 rssi_min=0 crc_err=0 garbage=0 tx_lat=0.00000 tx_lon=0.00000 sats=0 fix=0 utc=0 tx_fw=none rx_fw=unknown
PHASE_GUARD 500
LORA_CFG path=0 bw=0x05 sf=9
PHASE_START 35 LF-LoRa-SF9-255 pktSize=255
2026-07-26T14:09:07.402231+00:00 TIME_SYNCED utc=1785074946 offset=1785062473
2026-07-26T14:09:10.519560+00:00 PHASE_RESULT 35 LF-LoRa-SF9-255 pktSize=255 rx=0 unique=0 lost=1 per=100.0 rssi_avg=0 rssi_min=0 crc_err=0 garbage=0 tx_lat=0.00000 tx_lon=0.00000 sats=0 fix=0 utc=0 tx_fw=none rx_fw=unknown
PHASE_GUARD 500
LORA_CFG path=0 bw=0x05 sf=12
PHASE_START 36 LF-LoRa-SF12-32 pktSize=32
2026-07-26T14:09:11.535737+00:00 TIME_SYNCED utc=1785074951 offset=1785062473
2026-07-26T14:09:17.809968+00:00 TIME_SYNCED utc=1785074956 offset=1785062473
2026-07-26T14:09:21.982289+00:00 TIME_SYNCED utc=1785074961 offset=1785062473
2026-07-26T14:09:25.095462+00:00 PHASE_RESULT 36 LF-LoRa-SF12-32 pktSize=32 rx=0 unique=0 lost=1 per=100.0 rssi_avg=0 rssi_min=0 crc_err=0 garbage=0 tx_lat=0.00000 tx_lon=0.00000 sats=0 fix=0 utc=0 tx_fw=none rx_fw=unknown
PHASE_GUARD 500
LORA_CFG path=0 bw=0x05 sf=12
PHASE_START 37 LF-LoRa-SF12-SKIP SKIP pktSize=64
2026-07-26T14:09:26.103225+00:00 PHASE_RESULT 37 LF-LoRa-SF12-SKIP pktSize=64 rx=0 unique=0 lost=0 per=0.0 rssi_avg=0 rssi_min=0 crc_err=0 garbage=0 tx_lat=0.00000 tx_lon=0.00000 sats=0 fix=0 utc=0 tx_fw=none rx_fw=unknown
PHASE_GUARD 500
LORA_CFG path=0 bw=0x05 sf=12
PHASE_START 38 LF-LoRa-SF12-SKIP SKIP pktSize=128
2026-07-26T14:09:27.114285+00:00 PHASE_RESULT 38 LF-LoRa-SF12-SKIP pktSize=128 rx=0 unique=0 lost=0 per=0.0 rssi_avg=0 rssi_min=0 crc_err=0 garbage=0 tx_lat=0.00000 tx_lon=0.00000 sats=0 fix=0 utc=0 tx_fw=none rx_fw=unknown
PHASE_GUARD 500
LORA_CFG path=0 bw=0x05 sf=12
PHASE_START 39 LF-LoRa-SF12-SKIP SKIP pktSize=255
2026-07-26T14:09:28.132724+00:00 TIME_SYNCED utc=1785074967 offset=1785062473
PHASE_RESULT 39 LF-LoRa-SF12-SKIP pktSize=255 rx=0 unique=0 lost=0 per=0.0 rssi_avg=0 rssi_min=0 crc_err=0 garbage=0 tx_lat=0.00000 tx_lon=0.00000 sats=0 fix=0 utc=0 tx_fw=none rx_fw=unknown
PHASE_GUARD 500
PHASE_START 40 LF-FLRC-2600-32 pktSize=32
2026-07-26T14:09:29.144078+00:00 SYNC_NOT_FOUND first4=D6EF7D3B
SYNC_NOT_FOUND first4=A69A7A42
SYNC_NOT_FOUND first4=4415E5F6
2026-07-26T14:09:30.155231+00:00 PHASE_RESULT 40 LF-FLRC-2600-32 pktSize=32 rx=0 unique=0 lost=100 per=100.0 rssi_avg=0 rssi_min=0 crc_err=0 garbage=3 tx_lat=0.00000 tx_lon=0.00000 sats=0 fix=0 utc=0 tx_fw=none rx_fw=unknown
PHASE_GUARD 500
PHASE_START 41 LF-FLRC-2600-64 pktSize=64
2026-07-26T14:09:31.167042+00:00 SYNC_NOT_FOUND first4=2B9A52E6
SYNC_NOT_FOUND first4=9B394231
SYNC_NOT_FOUND first4=3A925E2A
2026-07-26T14:09:32.177959+00:00 TIME_SYNCED utc=1785074971 offset=1785062473
PHASE_RESULT 41 LF-FLRC-2600-64 pktSize=64 rx=0 unique=0 lost=100 per=100.0 rssi_avg=0 rssi_min=0 crc_err=0 garbage=3 tx_lat=0.00000 tx_lon=0.00000 sats=0 fix=0 utc=0 tx_fw=none rx_fw=unknown
PHASE_GUARD 500
PHASE_START 42 LF-FLRC-2600-128 pktSize=128
2026-07-26T14:09:33.193993+00:00 SYNC_NOT_FOUND first4=65BDB07E
2026-07-26T14:09:34.205299+00:00 PHASE_RESULT 42 LF-FLRC-2600-128 pktSize=128 rx=0 unique=0 lost=100 per=100.0 rssi_avg=0 rssi_min=0 crc_err=0 garbage=1 tx_lat=0.00000 tx_lon=0.00000 sats=0 fix=0 utc=0 tx_fw=none rx_fw=unknown
PHASE_GUARD 500
PHASE_START 43 LF-FLRC-2600-255 pktSize=255
2026-07-26T14:09:36.267998+00:00 SYNC_NOT_FOUND first4=68A0BEAA
PHASE_RESULT 43 LF-FLRC-2600-255 pktSize=255 rx=0 unique=0 lost=100 per=100.0 rssi_avg=0 rssi_min=0 crc_err=0 garbage=1 tx_lat=0.00000 tx_lon=0.00000 sats=0 fix=0 utc=0 tx_fw=none rx_fw=unknown
PHASE_GUARD 500
PHASE_START 44 LF-FLRC-1300-32 pktSize=32
2026-07-26T14:09:38.337472+00:00 TIME_SYNCED utc=1785074977 offset=1785062473
PHASE_RESULT 44 LF-FLRC-1300-32 pktSize=32 rx=0 unique=0 lost=100 per=100.0 rssi_avg=0 rssi_min=0 crc_err=0 garbage=0 tx_lat=0.00000 tx_lon=0.00000 sats=0 fix=0 utc=0 tx_fw=none rx_fw=unknown
PHASE_GUARD 500
PHASE_START 45 LF-FLRC-1300-64 pktSize=64
SYNC_NOT_FOUND first4=0DA0CCBE
SYNC_NOT_FOUND first4=D8E53AE0
2026-07-26T14:09:40.404775+00:00 PHASE_RESULT 45 LF-FLRC-1300-64 pktSize=64 rx=0 unique=0 lost=100 per=100.0 rssi_avg=0 rssi_min=0 crc_err=0 garbage=2 tx_lat=0.00000 tx_lon=0.00000 sats=0 fix=0 utc=0 tx_fw=none rx_fw=unknown
PHASE_GUARD 500
PHASE_START 46 LF-FLRC-1300-128 pktSize=128
2026-07-26T14:09:41.421131+00:00 TIME_SYNCED utc=1785074981 offset=1785062473
2026-07-26T14:09:42.432812+00:00 PHASE_RESULT 46 LF-FLRC-1300-128 pktSize=128 rx=0 unique=0 lost=100 per=100.0 rssi_avg=0 rssi_min=0 crc_err=0 garbage=0 tx_lat=0.00000 tx_lon=0.00000 sats=0 fix=0 utc=0 tx_fw=none rx_fw=unknown
PHASE_GUARD 500
PHASE_START 47 LF-FLRC-1300-255 pktSize=255
2026-07-26T14:09:44.500698+00:00 PHASE_RESULT 47 LF-FLRC-1300-255 pktSize=255 rx=0 unique=0 lost=100 per=100.0 rssi_avg=0 rssi_min=0 crc_err=0 garbage=0 tx_lat=0.00000 tx_lon=0.00000 sats=0 fix=0 utc=0 tx_fw=none rx_fw=unknown
PHASE_GUARD 500
PHASE_START 48 LF-FLRC-650-32 pktSize=32
2026-07-26T14:09:45.511906+00:00 SYNC_NOT_FOUND first4=511F7CEF
SYNC_NOT_FOUND first4=61834375
2026-07-26T14:09:46.529447+00:00 SYNC_NOT_FOUND first4=47387E58
PHASE_RESULT 48 LF-FLRC-650-32 pktSize=32 rx=0 unique=0 lost=100 per=100.0 rssi_avg=0 rssi_min=0 crc_err=0 garbage=3 tx_lat=0.00000 tx_lon=0.00000 sats=0 fix=0 utc=0 tx_fw=none rx_fw=unknown
PHASE_GUARD 500
PHASE_START 49 LF-FLRC-650-64 pktSize=64
SYNC_NOT_FOUND first4=13B1B144
2026-07-26T14:09:47.540896+00:00 SYNC_NOT_FOUND first4=4CBF24FE
2026-07-26T14:09:48.557284+00:00 TIME_SYNCED utc=1785074987 offset=1785062473
SYNC_NOT_FOUND first4=9DF6D734
PHASE_RESULT 49 LF-FLRC-650-64 pktSize=64 rx=0 unique=0 lost=100 per=100.0 rssi_avg=0 rssi_min=0 crc_err=0 garbage=3 tx_lat=0.00000 tx_lon=0.00000 sats=0 fix=0 utc=0 tx_fw=none rx_fw=unknown
PHASE_GUARD 500
PHASE_START 50 LF-FLRC-650-128 pktSize=128
2026-07-26T14:09:49.568615+00:00 SYNC_NOT_FOUND first4=17D1FC96
SYNC_NOT_FOUND first4=E726A8ED
SYNC_NOT_FOUND first4=DE1C0E01
2026-07-26T14:09:50.580210+00:00 SYNC_NOT_FOUND first4=A8645307
PHASE_RESULT 50 LF-FLRC-650-128 pktSize=128 rx=0 unique=0 lost=100 per=100.0 rssi_avg=0 rssi_min=0 crc_err=0 garbage=4 tx_lat=0.00000 tx_lon=0.00000 sats=0 fix=0 utc=0 tx_fw=none rx_fw=unknown
PHASE_GUARD 500
PHASE_START 51 LF-FLRC-650-255 pktSize=255
2026-07-26T14:09:51.598296+00:00 SYNC_NOT_FOUND first4=A301070B
SYNC_NOT_FOUND first4=F80E7763
TIME_SYNCED utc=1785074991 offset=1785062473
2026-07-26T14:09:52.609230+00:00 SYNC_NOT_FOUND first4=2254BEF8
PHASE_RESULT 51 LF-FLRC-650-255 pktSize=255 rx=0 unique=0 lost=100 per=100.0 rssi_avg=0 rssi_min=0 crc_err=0 garbage=3 tx_lat=0.00000 tx_lon=0.00000 sats=0 fix=0 utc=0 tx_fw=none rx_fw=unknown
PHASE_GUARD 500
PHASE_START 52 LF-FLRC-325-32 pktSize=32
2026-07-26T14:09:54.676044+00:00 PHASE_RESULT 52 LF-FLRC-325-32 pktSize=32 rx=0 unique=0 lost=100 per=100.0 rssi_avg=0 rssi_min=0 crc_err=0 garbage=0 tx_lat=0.00000 tx_lon=0.00000 sats=0 fix=0 utc=0 tx_fw=none rx_fw=unknown
PHASE_GUARD 500
PHASE_START 53 LF-FLRC-325-64 pktSize=64
2026-07-26T14:09:56.738230+00:00 PHASE_RESULT 53 LF-FLRC-325-64 pktSize=64 rx=0 unique=0 lost=100 per=100.0 rssi_avg=0 rssi_min=0 crc_err=0 garbage=0 tx_lat=0.00000 tx_lon=0.00000 sats=0 fix=0 utc=0 tx_fw=none rx_fw=unknown
PHASE_GUARD 500
PHASE_START 54 LF-FLRC-325-128 pktSize=128
2026-07-26T14:09:58.805358+00:00 TIME_SYNCED utc=1785074997 offset=1785062473
PHASE_RESULT 54 LF-FLRC-325-128 pktSize=128 rx=0 unique=0 lost=100 per=100.0 rssi_avg=0 rssi_min=0 crc_err=0 garbage=0 tx_lat=0.00000 tx_lon=0.00000 sats=0 fix=0 utc=0 tx_fw=none rx_fw=unknown
PHASE_GUARD 500
PHASE_START 55 LF-FLRC-325-255 pktSize=255
2026-07-26T14:10:00.873260+00:00 PHASE_RESULT 55 LF-FLRC-325-255 pktSize=255 rx=0 unique=0 lost=100 per=100.0 rssi_avg=0 rssi_min=0 crc_err=0 garbage=0 tx_lat=0.00000 tx_lon=0.00000 sats=0 fix=0 utc=0 tx_fw=none rx_fw=unknown
PHASE_GUARD 500
LORA_CFG path=1 bw=0x0F sf=7
PHASE_START 0 HF-LoRa-SF7-32 pktSize=32
2026-07-26T14:10:01.896219+00:00 TIME_SYNCED utc=1785075001 offset=1785062473
2026-07-26T14:10:02.909155+00:00 PHASE_RESULT 0 HF-LoRa-SF7-32 pktSize=32 rx=0 unique=0 lost=20 per=100.0 rssi_avg=0 rssi_min=0 crc_err=0 garbage=0 tx_lat=0.00000 tx_lon=0.00000 sats=0 fix=0 utc=0 tx_fw=none rx_fw=unknown
PHASE_GUARD 500
LORA_CFG path=1 bw=0x0F sf=7
PHASE_START 1 HF-LoRa-SF7-64 pktSize=64
2026-07-26T14:10:04.976563+00:00 PHASE_RESULT 1 HF-LoRa-SF7-64 pktSize=64 rx=0 unique=0 lost=20 per=100.0 rssi_avg=0 rssi_min=0 crc_err=0 garbage=0 tx_lat=0.00000 tx_lon=0.00000 sats=0 fix=0 utc=0 tx_fw=none rx_fw=unknown
PHASE_GUARD 500
LORA_CFG path=1 bw=0x0F sf=7
PHASE_START 2 HF-LoRa-SF7-128 pktSize=128
2026-07-26T14:10:05.987482+00:00 PHASE_RESULT 2 HF-LoRa-SF7-128 pktSize=128 rx=0 unique=0 lost=20 per=100.0 rssi_avg=0 rssi_min=0 crc_err=0 garbage=0 tx_lat=0.00000 tx_lon=0.00000 sats=0 fix=0 utc=0 tx_fw=none rx_fw=unknown
PHASE_GUARD 500
2026-07-26T14:10:07.004024+00:00 LORA_CFG path=1 bw=0x0F sf=7
PHASE_START 3 HF-LoRa-SF7-255 pktSize=255
2026-07-26T14:10:09.066249+00:00 TIME_SYNCED utc=1785075008 offset=1785062473
PHASE_RESULT 3 HF-LoRa-SF7-255 pktSize=255 rx=0 unique=0 lost=20 per=100.0 rssi_avg=0 rssi_min=0 crc_err=0 garbage=0 tx_lat=0.00000 tx_lon=0.00000 sats=0 fix=0 utc=0 tx_fw=none rx_fw=unknown
PHASE_GUARD 500
LORA_CFG path=1 bw=0x0F sf=9
2026-07-26T14:10:10.084360+00:00 PHASE_START 4 HF-LoRa-SF9-32 pktSize=32
2026-07-26T14:10:11.095356+00:00 PHASE_RESULT 4 HF-LoRa-SF9-32 pktSize=32 rx=0 unique=0 lost=20 per=100.0 rssi_avg=0 rssi_min=0 crc_err=0 garbage=0 tx_lat=0.00000 tx_lon=0.00000 sats=0 fix=0 utc=0 tx_fw=none rx_fw=unknown
PHASE_GUARD 500
LORA_CFG path=1 bw=0x0F sf=9
PHASE_START 5 HF-LoRa-SF9-64 pktSize=64
2026-07-26T14:10:12.111201+00:00 TIME_SYNCED utc=1785075011 offset=1785062473
2026-07-26T14:10:14.175636+00:00 PHASE_RESULT 5 HF-LoRa-SF9-64 pktSize=64 rx=0 unique=0 lost=20 per=100.0 rssi_avg=0 rssi_min=0 crc_err=0 garbage=0 tx_lat=0.00000 tx_lon=0.00000 sats=0 fix=0 utc=0 tx_fw=none rx_fw=unknown
PHASE_GUARD 500
LORA_CFG path=1 bw=0x0F sf=9
PHASE_START 6 HF-LoRa-SF9-128 pktSize=128
2026-07-26T14:10:18.341023+00:00 PHASE_RESULT 6 HF-LoRa-SF9-128 pktSize=128 rx=0 unique=0 lost=13 per=100.0 rssi_avg=0 rssi_min=0 crc_err=0 garbage=0 tx_lat=0.00000 tx_lon=0.00000 sats=0 fix=0 utc=0 tx_fw=none rx_fw=unknown
PHASE_GUARD 500
LORA_CFG path=1 bw=0x0F sf=9
PHASE_START 7 HF-LoRa-SF9-255 pktSize=255
2026-07-26T14:10:19.353269+00:00 TIME_SYNCED utc=1785075018 offset=1785062473
2026-07-26T14:10:21.414981+00:00 PHASE_RESULT 7 HF-LoRa-SF9-255 pktSize=255 rx=0 unique=0 lost=6 per=100.0 rssi_avg=0 rssi_min=0 crc_err=0 garbage=0 tx_lat=0.00000 tx_lon=0.00000 sats=0 fix=0 utc=0 tx_fw=none rx_fw=unknown
PHASE_GUARD 500
LORA_CFG path=1 bw=0x0F sf=12
PHASE_START 8 HF-LoRa-SF12-32 pktSize=32
TIME_SYNCED utc=1785075021 offset=1785062473
2026-07-26T14:10:24.530245+00:00 PHASE_RESULT 8 HF-LoRa-SF12-32 pktSize=32 rx=0 unique=0 lost=2 per=100.0 rssi_avg=0 rssi_min=0 crc_err=0 garbage=0 tx_lat=0.00000 tx_lon=0.00000 sats=0 fix=0 utc=0 tx_fw=none rx_fw=unknown
PHASE_GUARD 500
LORA_CFG path=1 bw=0x0F sf=12
PHASE_START 9 HF-LoRa-SF12-64 pktSize=64
2026-07-26T14:10:27.644004+00:00 PHASE_RESULT 9 HF-LoRa-SF12-64 pktSize=64 rx=0 unique=0 lost=1 per=100.0 rssi_avg=0 rssi_min=0 crc_err=0 garbage=0 tx_lat=0.00000 tx_lon=0.00000 sats=0 fix=0 utc=0 tx_fw=none rx_fw=unknown
PHASE_GUARD 500
LORA_CFG path=1 bw=0x0F sf=12
PHASE_START 10 HF-LoRa-SF12-128 pktSize=128
2026-07-26T14:10:29.706221+00:00 TIME_SYNCED utc=1785075028 offset=1785062473
2026-07-26T14:10:31.769086+00:00 TIME_SYNCED utc=1785075031 offset=1785062473
2026-07-26T14:10:32.780284+00:00 PHASE_RESULT 10 HF-LoRa-SF12-128 pktSize=128 rx=0 unique=0 lost=1 per=100.0 rssi_avg=0 rssi_min=0 crc_err=0 garbage=0 tx_lat=0.00000 tx_lon=0.00000 sats=0 fix=0 utc=0 tx_fw=none rx_fw=unknown
PHASE_GUARD 500
LORA_CFG path=1 bw=0x0F sf=12
PHASE_START 11 HF-LoRa-SF12-255 pktSize=255
2026-07-26T14:10:40.090910+00:00 TIME_SYNCED utc=1785075039 offset=1785062473
2026-07-26T14:10:42.153757+00:00 TIME_SYNCED utc=1785075041 offset=1785062473
PHASE_RESULT 11 HF-LoRa-SF12-255 pktSize=255 rx=0 unique=0 lost=1 per=100.0 rssi_avg=0 rssi_min=0 crc_err=0 garbage=0 tx_lat=0.00000 tx_lon=0.00000 sats=0 fix=0 utc=0 tx_fw=none rx_fw=unknown
PHASE_GUARD 500
PHASE_START 12 HF-FLRC-2600-32 pktSize=32
2026-07-26T14:10:43.165630+00:00 SYNC_NOT_FOUND first4=6B9CFDC8
SYNC_NOT_FOUND first4=F227820C
SYNC_NOT_FOUND first4=F1B7C424
SYNC_NOT_FOUND first4=450333A1
SYNC_NOT_FOUND first4=A07D4306
SYNC_NOT_FOUND first4=0AD0E98B
SYNC_NOT_FOUND first4=1A45A0E8
SYNC_NOT_FOUND first4=B15F24A1
SYNC_NOT_FOUND first4=71739F7A
SYNC_NOT_FOUND first4=668B33DA
2026-07-26T14:10:44.176720+00:00 SYNC_NOT_FOUND first4=FA38B795
SYNC_NOT_FOUND first4=E64431A8
SYNC_NOT_FOUND first4=C23E0A33
SYNC_NOT_FOUND first4=B38244A4
SYNC_NOT_FOUND first4=995A98E2
PHASE_RESULT 12 HF-FLRC-2600-32 pktSize=32 rx=0 unique=0 lost=100 per=100.0 rssi_avg=0 rssi_min=0 crc_err=0 garbage=15 tx_lat=0.00000 tx_lon=0.00000 sats=0 fix=0 utc=0 tx_fw=none rx_fw=unknown
PHASE_GUARD 500
PHASE_START 13 HF-FLRC-2600-64 pktSize=64
SYNC_NOT_FOUND first4=608CB4AC
2026-07-26T14:10:45.188700+00:00 SYNC_NOT_FOUND first4=FE544346
SYNC_NOT_FOUND first4=AB69959C
SYNC_NOT_FOUND first4=ED1BD389
SYNC_NOT_FOUND first4=24F32D54
SYNC_NOT_FOUND first4=253A4CCB
SYNC_NOT_FOUND first4=98F05744
SYNC_NOT_FOUND first4=D84385DC
SYNC_NOT_FOUND first4=1A58F097
SYNC_NOT_FOUND first4=B74166A6
SYNC_NOT_FOUND first4=368D80D9
SYNC_NOT_FOUND first4=4DEB5619
2026-07-26T14:10:46.199239+00:00 SYNC_NOT_FOUND first4=E40E9E2C
SYNC_NOT_FOUND first4=945B3902
SYNC_NOT_FOUND first4=F2BE710A
SYNC_NOT_FOUND first4=91B366D6
SYNC_NOT_FOUND first4=13B86507
SYNC_NOT_FOUND first4=5D86F869
SYNC_NOT_FOUND first4=821490D6
SYNC_NOT_FOUND first4=EFF57939
PHASE_RESULT 13 HF-FLRC-2600-64 pktSize=64 rx=0 unique=0 lost=100 per=100.0 rssi_avg=0 rssi_min=0 crc_err=0 garbage=20 tx_lat=0.00000 tx_lon=0.00000 sats=0 fix=0 utc=0 tx_fw=none rx_fw=unknown
PHASE_GUARD 500
PHASE_START 14 HF-FLRC-2600-128 pktSize=128
SYNC_NOT_FOUND first4=35A19E09
2026-07-26T14:10:47.210485+00:00 SYNC_NOT_FOUND first4=441C6090
SYNC_NOT_FOUND first4=3E01753C
SYNC_NOT_FOUND first4=8F2175A6
SYNC_NOT_FOUND first4=BD21FF5C
SYNC_NOT_FOUND first4=CD35905A
SYNC_NOT_FOUND first4=A71037CE
SYNC_NOT_FOUND first4=9B37C6EC
SYNC_NOT_FOUND first4=C2F14A28
SYNC_NOT_FOUND first4=3AAF2862
SYNC_NOT_FOUND first4=61EDE83A
SYNC_NOT_FOUND first4=96557422
SYNC_NOT_FOUND first4=CAAE9BD4
SYNC_NOT_FOUND first4=24881068
2026-07-26T14:10:48.222351+00:00 SYNC_NOT_FOUND first4=99FB12B2
SYNC_NOT_FOUND first4=BE9BD02E
SYNC_NOT_FOUND first4=26E39A34
SYNC_NOT_FOUND first4=43CE88CF
SYNC_NOT_FOUND first4=AFABFE43
SYNC_NOT_FOUND first4=43C6AEB2
SYNC_NOT_FOUND first4=592C9597
SYNC_NOT_FOUND first4=18A2F52E
PHASE_RESULT 14 HF-FLRC-2600-128 pktSize=128 rx=0 unique=0 lost=100 per=100.0 rssi_avg=0 rssi_min=0 crc_err=0 garbage=22 tx_lat=0.00000 tx_lon=0.00000 sats=0 fix=0 utc=0 tx_fw=none rx_fw=unknown
PHASE_GUARD 500
PHASE_START 15 HF-FLRC-2600-255 pktSize=255
SYNC_NOT_FOUND first4=123FAE08
2026-07-26T14:10:49.233285+00:00 SYNC_NOT_FOUND first4=2398260B
SYNC_NOT_FOUND first4=BF1C2365
SYNC_NOT_FOUND first4=6FDB18DE
SYNC_NOT_FOUND first4=964E3E97
SYNC_NOT_FOUND first4=A24C09A4
SYNC_NOT_FOUND first4=22443C76
SYNC_NOT_FOUND first4=E0B47EFD
SYNC_NOT_FOUND first4=CEF8096C
2026-07-26T14:10:50.245012+00:00 TIME_SYNCED utc=1785075049 offset=1785062473
SYNC_NOT_FOUND first4=EBA1DAA8
SYNC_NOT_FOUND first4=AA561C97
SYNC_NOT_FOUND first4=01A18CA9
PHASE_RESULT 15 HF-FLRC-2600-255 pktSize=255 rx=0 unique=0 lost=100 per=100.0 rssi_avg=0 rssi_min=0 crc_err=0 garbage=12 tx_lat=0.00000 tx_lon=0.00000 sats=0 fix=0 utc=0 tx_fw=none rx_fw=unknown
PHASE_GUARD 500
PHASE_START 16 HF-FLRC-1300-32 pktSize=32
2026-07-26T14:10:51.256801+00:00 SYNC_NOT_FOUND first4=2FAE1E98
2026-07-26T14:10:52.268018+00:00 SYNC_NOT_FOUND first4=912E95C7
TIME_SYNCED utc=1785075051 offset=1785062473
SYNC_NOT_FOUND first4=C0FC7C58
PHASE_RESULT 16 HF-FLRC-1300-32 pktSize=32 rx=0 unique=0 lost=100 per=100.0 rssi_avg=0 rssi_min=0 crc_err=0 garbage=3 tx_lat=0.00000 tx_lon=0.00000 sats=0 fix=0 utc=0 tx_fw=none rx_fw=unknown
PHASE_GUARD 500
PHASE_START 17 HF-FLRC-1300-64 pktSize=64
SYNC_NOT_FOUND first4=03556570
2026-07-26T14:10:53.279798+00:00 SYNC_NOT_FOUND first4=DFD8D25E
SYNC_NOT_FOUND first4=E0AF5A18
2026-07-26T14:10:54.290805+00:00 SYNC_NOT_FOUND first4=4C28D496
SYNC_NOT_FOUND first4=A2E87480
SYNC_NOT_FOUND first4=F1C1669D
PHASE_RESULT 17 HF-FLRC-1300-64 pktSize=64 rx=0 unique=0 lost=100 per=100.0 rssi_avg=0 rssi_min=0 crc_err=0 garbage=6 tx_lat=0.00000 tx_lon=0.00000 sats=0 fix=0 utc=0 tx_fw=none rx_fw=unknown
PHASE_GUARD 500
PHASE_START 18 HF-FLRC-1300-128 pktSize=128
2026-07-26T14:10:55.302624+00:00 SYNC_NOT_FOUND first4=A5FF3E9C
SYNC_NOT_FOUND first4=1C002EC9
SYNC_NOT_FOUND first4=E3540948
SYNC_NOT_FOUND first4=7C521C61
SYNC_NOT_FOUND first4=06E99383
2026-07-26T14:10:56.313775+00:00 PHASE_RESULT 18 HF-FLRC-1300-128 pktSize=128 rx=0 unique=0 lost=100 per=100.0 rssi_avg=0 rssi_min=0 crc_err=0 garbage=5 tx_lat=0.00000 tx_lon=0.00000 sats=0 fix=0 utc=0 tx_fw=none rx_fw=unknown
PHASE_GUARD 500
PHASE_START 19 HF-FLRC-1300-255 pktSize=255
2026-07-26T14:10:57.324922+00:00 SYNC_NOT_FOUND first4=A3856064
SYNC_NOT_FOUND first4=0DFA65AE
2026-07-26T14:10:58.329333+00:00 SYNC_NOT_FOUND first4=381CBB8F
SYNC_NOT_FOUND first4=A46D6D55
SYNC_NOT_FOUND first4=E1579A67
SYNC_NOT_FOUND first4=B4535500
PHASE_RESULT 19 HF-FLRC-1300-255 pktSize=255 rx=0 unique=0 lost=100 per=100.0 rssi_avg=0 rssi_min=0 crc_err=0 garbage=6 tx_lat=0.00000 tx_lon=0.00000 sats=0 fix=0 utc=0 tx_fw=none rx_fw=unknown
PHASE_GUARD 500
PHASE_START 20 HF-FLRC-650-32 pktSize=32
SYNC_NOT_FOUND first4=7A6C0E8D
SYNC_NOT_FOUND first4=1E64B414
SYNC_NOT_FOUND first4=405231B6
2026-07-26T14:10:59.340985+00:00 SYNC_NOT_FOUND first4=C2AE0479
SYNC_NOT_FOUND first4=3BC34B2B
SYNC_NOT_FOUND first4=116222FF
SYNC_NOT_FOUND first4=B5546008
SYNC_NOT_FOUND first4=6E943F95
SYNC_NOT_FOUND first4=CE23AA60
SYNC_NOT_FOUND first4=9D13A9E3
SYNC_NOT_FOUND first4=D5904D57
SYNC_NOT_FOUND first4=AB9EDEC6
SYNC_NOT_FOUND first4=FB0167FA
SYNC_NOT_FOUND first4=AD34265D
SYNC_NOT_FOUND first4=CB4B671F
SYNC_NOT_FOUND first4=74CF6296
SYNC_NOT_FOUND first4=4A7E2E82
SYNC_NOT_FOUND first4=3AF0A918
2026-07-26T14:11:00.352865+00:00 SYNC_NOT_FOUND first4=812DB6B8
TIME_SYNCED utc=1785075059 offset=1785062473
SYNC_NOT_FOUND first4=242228F8
SYNC_NOT_FOUND first4=69DCAA69
SYNC_NOT_FOUND first4=22D49B31
SYNC_NOT_FOUND first4=99AEB23E
SYNC_NOT_FOUND first4=83EF04CB
SYNC_NOT_FOUND first4=8044A4BD
SYNC_NOT_FOUND first4=0C6BF933
SYNC_NOT_FOUND first4=54E8A614
PHASE_RESULT 20 HF-FLRC-650-32 pktSize=32 rx=0 unique=0 lost=100 per=100.0 rssi_avg=0 rssi_min=0 crc_err=0 garbage=27 tx_lat=0.00000 tx_lon=0.00000 sats=0 fix=0 utc=0 tx_fw=none rx_fw=unknown
PHASE_GUARD 500
PHASE_START 21 HF-FLRC-650-64 pktSize=64
SYNC_NOT_FOUND first4=C517CA80
SYNC_NOT_FOUND first4=2ED5A237
SYNC_NOT_FOUND first4=5F096B40
SYNC_NOT_FOUND first4=D4E5EECE
SYNC_NOT_FOUND first4=F313F2D9
SYNC_NOT_FOUND first4=FE4F07EA
SYNC_NOT_FOUND first4=5C6AF5FB
2026-07-26T14:11:01.364556+00:00 SYNC_NOT_FOUND first4=E8ACF016
SYNC_NOT_FOUND first4=964F835F
SYNC_NOT_FOUND first4=74A41BB8
SYNC_NOT_FOUND first4=9C105AC2
SYNC_NOT_FOUND first4=BF5AB9FC
SYNC_NOT_FOUND first4=D55C57A0
SYNC_NOT_FOUND first4=F60DC6E8
SYNC_NOT_FOUND first4=DEB11331
SYNC_NOT_FOUND first4=093E91CA
SYNC_NOT_FOUND first4=DF6397B7
SYNC_NOT_FOUND first4=55F87C4A
SYNC_NOT_FOUND first4=811E8199
SYNC_NOT_FOUND first4=BB38AAA8
SYNC_NOT_FOUND first4=50F31CB7
SYNC_NOT_FOUND first4=D246E625
TIME_SYNCED utc=1785075061 offset=1785062473
2026-07-26T14:11:02.375454+00:00 SYNC_NOT_FOUND first4=1527A007
SYNC_NOT_FOUND first4=92CB6A41
SYNC_NOT_FOUND first4=A093BCC3
SYNC_NOT_FOUND first4=F0B2DDD2
PHASE_RESULT 21 HF-FLRC-650-64 pktSize=64 rx=0 unique=0 lost=100 per=100.0 rssi_avg=0 rssi_min=0 crc_err=0 garbage=26 tx_lat=0.00000 tx_lon=0.00000 sats=0 fix=0 utc=0 tx_fw=none rx_fw=unknown
PHASE_GUARD 500
PHASE_START 22 HF-FLRC-650-128 pktSize=128
SYNC_NOT_FOUND first4=C7D65D6F
SYNC_NOT_FOUND first4=C92BD6A7
2026-07-26T14:11:03.389814+00:00 SYNC_NOT_FOUND first4=CAA079FF
SYNC_NOT_FOUND first4=9EBA371C
SYNC_NOT_FOUND first4=90BF77EA
SYNC_NOT_FOUND first4=3DC8D3F2
SYNC_NOT_FOUND first4=16B08E7F
SYNC_NOT_FOUND first4=0AEFD2ED
SYNC_NOT_FOUND first4=41BE4257
SYNC_NOT_FOUND first4=FBA4CFAC
SYNC_NOT_FOUND first4=324AB1BF
SYNC_NOT_FOUND first4=EE1D8336
SYNC_NOT_FOUND first4=FB04B037
2026-07-26T14:11:04.401021+00:00 SYNC_NOT_FOUND first4=86C0A001
SYNC_NOT_FOUND first4=AC9A056D
SYNC_NOT_FOUND first4=30F7A9A4
SYNC_NOT_FOUND first4=78457A65
SYNC_NOT_FOUND first4=4F58302C
SYNC_NOT_FOUND first4=1483E1C1
SYNC_NOT_FOUND first4=22264E43
SYNC_NOT_FOUND first4=A36ECC5C
SYNC_NOT_FOUND first4=9D2BFA7F
SYNC_NOT_FOUND first4=AE4530CE
SYNC_NOT_FOUND first4=9CFA03DA
SYNC_NOT_FOUND first4=BE1B46CE
SYNC_NOT_FOUND first4=F487CF47
SYNC_NOT_FOUND first4=C5834B76
SYNC_NOT_FOUND first4=AB4E7B05
SYNC_NOT_FOUND first4=E2129061
PHASE_RESULT 22 HF-FLRC-650-128 pktSize=128 rx=0 unique=0 lost=100 per=100.0 rssi_avg=0 rssi_min=0 crc_err=0 garbage=29 tx_lat=0.00000 tx_lon=0.00000 sats=0 fix=0 utc=0 tx_fw=none rx_fw=unknown
PHASE_GUARD 500
PHASE_START 23 HF-FLRC-650-255 pktSize=255
SYNC_NOT_FOUND first4=CEFA80E0
SYNC_NOT_FOUND first4=EC1B14D9
SYNC_NOT_FOUND first4=35FF5363
2026-07-26T14:11:05.412484+00:00 SYNC_NOT_FOUND first4=66464694
SYNC_NOT_FOUND first4=E0250631
SYNC_NOT_FOUND first4=218E23D2
SYNC_NOT_FOUND first4=470E4908
SYNC_NOT_FOUND first4=B999BEC1
SYNC_NOT_FOUND first4=077D7D74
SYNC_NOT_FOUND first4=AC7F8C3A
SYNC_NOT_FOUND first4=AAE830C7
SYNC_NOT_FOUND first4=DA01AA5D
SYNC_NOT_FOUND first4=9EB14F89
SYNC_NOT_FOUND first4=141A2F91
SYNC_NOT_FOUND first4=F72303E7
SYNC_NOT_FOUND first4=07B04B6A
SYNC_NOT_FOUND first4=40938281
SYNC_NOT_FOUND first4=5818B709
SYNC_NOT_FOUND first4=79C284A7
SYNC_NOT_FOUND first4=492C0A92
2026-07-26T14:11:06.423669+00:00 SYNC_NOT_FOUND first4=505220B2
SYNC_NOT_FOUND first4=127D1A45
SYNC_NOT_FOUND first4=9B6E264D
SYNC_NOT_FOUND first4=95A09A2C
SYNC_NOT_FOUND first4=C8FC60FC
SYNC_NOT_FOUND first4=689A3DFE
SYNC_NOT_FOUND first4=50518331
SYNC_NOT_FOUND first4=1A6263DB
SYNC_NOT_FOUND first4=2503146C
SYNC_NOT_FOUND first4=1F5412FA
SYNC_NOT_FOUND first4=8F557AD0
SYNC_NOT_FOUND first4=EEB3A368
SYNC_NOT_FOUND first4=9766D2F3
SYNC_NOT_FOUND first4=0F1E6B7C
SYNC_NOT_FOUND first4=186B6C37
PHASE_RESULT 23 HF-FLRC-650-255 pktSize=255 rx=0 unique=0 lost=100 per=100.0 rssi_avg=0 rssi_min=0 crc_err=0 garbage=35 tx_lat=0.00000 tx_lon=0.00000 sats=0 fix=0 utc=0 tx_fw=none rx_fw=unknown
PHASE_GUARD 500
PHASE_START 24 HF-FLRC-325-32 pktSize=32
SYNC_NOT_FOUND first4=5CB91425
SYNC_NOT_FOUND first4=15309C9E
2026-07-26T14:11:07.435007+00:00 SYNC_NOT_FOUND first4=75CD4F58
2026-07-26T14:11:08.446289+00:00 SYNC_NOT_FOUND first4=6D028C0B
PHASE_RESULT 24 HF-FLRC-325-32 pktSize=32 rx=0 unique=0 lost=100 per=100.0 rssi_avg=0 rssi_min=0 crc_err=0 garbage=4 tx_lat=0.00000 tx_lon=0.00000 sats=0 fix=0 utc=0 tx_fw=none rx_fw=unknown
PHASE_GUARD 500
PHASE_START 25 HF-FLRC-325-64 pktSize=64
SYNC_NOT_FOUND first4=10EFF4D8
SYNC_NOT_FOUND first4=63ECAB42
2026-07-26T14:11:09.457353+00:00 SYNC_NOT_FOUND first4=2420D538
SYNC_NOT_FOUND first4=B8A0430E
SYNC_NOT_FOUND first4=9C87FF9B
SYNC_NOT_FOUND first4=A9665E21
2026-07-26T14:11:10.469589+00:00 TIME_SYNCED utc=1785075069 offset=1785062473
PHASE_RESULT 25 HF-FLRC-325-64 pktSize=64 rx=0 unique=0 lost=100 per=100.0 rssi_avg=0 rssi_min=0 crc_err=0 garbage=6 tx_lat=0.00000 tx_lon=0.00000 sats=0 fix=0 utc=0 tx_fw=none rx_fw=unknown
PHASE_GUARD 500
PHASE_START 26 HF-FLRC-325-128 pktSize=128
SYNC_NOT_FOUND first4=4BBB289A
2026-07-26T14:11:11.480558+00:00 SYNC_NOT_FOUND first4=F2255705
SYNC_NOT_FOUND first4=974E3EBA
TIME_SYNCED utc=1785075071 offset=1785062473
SYNC_NOT_FOUND first4=53C22545
2026-07-26T14:11:12.491929+00:00 SYNC_NOT_FOUND first4=95B7D52B
PHASE_RESULT 26 HF-FLRC-325-128 pktSize=128 rx=0 unique=0 lost=100 per=100.0 rssi_avg=0 rssi_min=0 crc_err=0 garbage=5 tx_lat=0.00000 tx_lon=0.00000 sats=0 fix=0 utc=0 tx_fw=none rx_fw=unknown
PHASE_GUARD 500
PHASE_START 27 HF-FLRC-325-255 pktSize=255
SYNC_NOT_FOUND first4=B322F167
SYNC_NOT_FOUND first4=F997BFCB
2026-07-26T14:11:13.503797+00:00 SYNC_NOT_FOUND first4=4ACDAE2C
SYNC_NOT_FOUND first4=40962228
2026-07-26T14:11:14.515226+00:00 SYNC_NOT_FOUND first4=3C996D69
PHASE_RESULT 27 HF-FLRC-325-255 pktSize=255 rx=0 unique=0 lost=100 per=100.0 rssi_avg=0 rssi_min=0 crc_err=0 garbage=5 tx_lat=0.00000 tx_lon=0.00000 sats=0 fix=0 utc=0 tx_fw=none rx_fw=unknown
PHASE_GUARD 500
LORA_CFG path=0 bw=0x05 sf=7
PHASE_START 28 LF-LoRa-SF7-32 pktSize=32
2026-07-26T14:11:16.578177+00:00 PHASE_RESULT 28 LF-LoRa-SF7-32 pktSize=32 rx=0 unique=0 lost=20 per=100.0 rssi_avg=0 rssi_min=0 crc_err=0 garbage=0 tx_lat=0.00000 tx_lon=0.00000 sats=0 fix=0 utc=0 tx_fw=none rx_fw=unknown
PHASE_GUARD 500
LORA_CFG path=0 bw=0x05 sf=7
PHASE_START 29 LF-LoRa-SF7-64 pktSize=64
2026-07-26T14:11:19.692078+00:00 PHASE_RESULT 29 LF-LoRa-SF7-64 pktSize=64 rx=0 unique=0 lost=20 per=100.0 rssi_avg=0 rssi_min=0 crc_err=0 garbage=0 tx_lat=0.00000 tx_lon=0.00000 sats=0 fix=0 utc=0 tx_fw=none rx_fw=unknown
PHASE_GUARD 500
LORA_CFG path=0 bw=0x05 sf=7
PHASE_START 30 LF-LoRa-SF7-128 pktSize=128
2026-07-26T14:11:20.704908+00:00 TIME_SYNCED utc=1785075079 offset=1785062473
2026-07-26T14:11:21.716012+00:00 TIME_SYNCED utc=1785075081 offset=1785062473
2026-07-26T14:11:23.778033+00:00 PHASE_RESULT 30 LF-LoRa-SF7-128 pktSize=128 rx=0 unique=0 lost=13 per=100.0 rssi_avg=0 rssi_min=0 crc_err=0 garbage=0 tx_lat=0.00000 tx_lon=0.00000 sats=0 fix=0 utc=0 tx_fw=none rx_fw=unknown
PHASE_GUARD 500
LORA_CFG path=0 bw=0x05 sf=7
PHASE_START 31 LF-LoRa-SF7-255 pktSize=255
2026-07-26T14:11:27.944180+00:00 PHASE_RESULT 31 LF-LoRa-SF7-255 pktSize=255 rx=0 unique=0 lost=7 per=100.0 rssi_avg=0 rssi_min=0 crc_err=0 garbage=0 tx_lat=0.00000 tx_lon=0.00000 sats=0 fix=0 utc=0 tx_fw=none rx_fw=unknown
PHASE_GUARD 500
LORA_CFG path=0 bw=0x05 sf=9
PHASE_START 32 LF-LoRa-SF9-32 pktSize=32
2026-07-26T14:11:31.058787+00:00 TIME_SYNCED utc=1785075090 offset=1785062473
PHASE_RESULT 32 LF-LoRa-SF9-32 pktSize=32 rx=0 unique=0 lost=7 per=100.0 rssi_avg=0 rssi_min=0 crc_err=0 garbage=0 tx_lat=0.00000 tx_lon=0.00000 sats=0 fix=0 utc=0 tx_fw=none rx_fw=unknown
PHASE_GUARD 500
LORA_CFG path=0 bw=0x05 sf=9
2026-07-26T14:11:32.070356+00:00 PHASE_START 33 LF-LoRa-SF9-64 pktSize=64
TIME_SYNCED utc=1785075091 offset=1785062473
2026-07-26T14:11:34.132996+00:00 PHASE_RESULT 33 LF-LoRa-SF9-64 pktSize=64 rx=0 unique=0 lost=3 per=100.0 rssi_avg=0 rssi_min=0 crc_err=0 garbage=0 tx_lat=0.00000 tx_lon=0.00000 sats=0 fix=0 utc=0 tx_fw=none rx_fw=unknown
PHASE_GUARD 500
LORA_CFG path=0 bw=0x05 sf=9
PHASE_START 34 LF-LoRa-SF9-128 pktSize=128
2026-07-26T14:11:36.196296+00:00 PHASE_RESULT 34 LF-LoRa-SF9-128 pktSize=128 rx=0 unique=0 lost=1 per=100.0 rssi_avg=0 rssi_min=0 crc_err=0 garbage=0 tx_lat=0.00000 tx_lon=0.00000 sats=0 fix=0 utc=0 tx_fw=none rx_fw=unknown
PHASE_GUARD 500
LORA_CFG path=0 bw=0x05 sf=9
PHASE_START 35 LF-LoRa-SF9-255 pktSize=255
2026-07-26T14:11:40.362260+00:00 PHASE_RESULT 35 LF-LoRa-SF9-255 pktSize=255 rx=0 unique=0 lost=1 per=100.0 rssi_avg=0 rssi_min=0 crc_err=0 garbage=0 tx_lat=0.00000 tx_lon=0.00000 sats=0 fix=0 utc=0 tx_fw=none rx_fw=unknown
PHASE_GUARD 500
LORA_CFG path=0 bw=0x05 sf=12
PHASE_START 36 LF-LoRa-SF12-32 pktSize=32
2026-07-26T14:11:41.375235+00:00 TIME_SYNCED utc=1785075100 offset=1785062473
2026-07-26T14:11:42.386973+00:00 TIME_SYNCED utc=1785075101 offset=1785062473
2026-07-26T14:11:51.806687+00:00 TIME_SYNCED utc=1785075110 offset=1785062473
TIME_SYNCED utc=1785075111 offset=1785062473
2026-07-26T14:11:54.921252+00:00 PHASE_RESULT 36 LF-LoRa-SF12-32 pktSize=32 rx=0 unique=0 lost=1 per=100.0 rssi_avg=0 rssi_min=0 crc_err=0 garbage=0 tx_lat=0.00000 tx_lon=0.00000 sats=0 fix=0 utc=0 tx_fw=none rx_fw=unknown
PHASE_GUARD 500
2026-07-26T14:11:55.925395+00:00 LORA_CFG path=0 bw=0x05 sf=12
PHASE_START 37 LF-LoRa-SF12-SKIP SKIP pktSize=64
PHASE_RESULT 37 LF-LoRa-SF12-SKIP pktSize=64 rx=0 unique=0 lost=0 per=0.0 rssi_avg=0 rssi_min=0 crc_err=0 garbage=0 tx_lat=0.00000 tx_lon=0.00000 sats=0 fix=0 utc=0 tx_fw=none rx_fw=unknown
PHASE_GUARD 500
2026-07-26T14:11:56.937292+00:00 LORA_CFG path=0 bw=0x05 sf=12
PHASE_START 38 LF-LoRa-SF12-SKIP SKIP pktSize=128
PHASE_RESULT 38 LF-LoRa-SF12-SKIP pktSize=128 rx=0 unique=0 lost=0 per=0.0 rssi_avg=0 rssi_min=0 crc_err=0 garbage=0 tx_lat=0.00000 tx_lon=0.00000 sats=0 fix=0 utc=0 tx_fw=none rx_fw=unknown
PHASE_GUARD 500
2026-07-26T14:11:57.948341+00:00 LORA_CFG path=0 bw=0x05 sf=12
PHASE_START 39 LF-LoRa-SF12-SKIP SKIP pktSize=255
PHASE_RESULT 39 LF-LoRa-SF12-SKIP pktSize=255 rx=0 unique=0 lost=0 per=0.0 rssi_avg=0 rssi_min=0 crc_err=0 garbage=0 tx_lat=0.00000 tx_lon=0.00000 sats=0 fix=0 utc=0 tx_fw=none rx_fw=unknown
PHASE_GUARD 500
2026-07-26T14:11:58.959760+00:00 PHASE_START 40 LF-FLRC-2600-32 pktSize=32
SYNC_NOT_FOUND first4=ED834150
2026-07-26T14:11:59.971592+00:00 PHASE_RESULT 40 LF-FLRC-2600-32 pktSize=32 rx=0 unique=0 lost=100 per=100.0 rssi_avg=0 rssi_min=0 crc_err=0 garbage=1 tx_lat=0.00000 tx_lon=0.00000 sats=0 fix=0 utc=0 tx_fw=none rx_fw=unknown
PHASE_GUARD 500
2026-07-26T14:12:00.982793+00:00 PHASE_START 41 LF-FLRC-2600-64 pktSize=64
SYNC_NOT_FOUND first4=1A2A2DAE
2026-07-26T14:12:01.994916+00:00 TIME_SYNCED utc=1785075120 offset=1785062472
TIME_SYNCED utc=1785075121 offset=1785062473
SYNC_NOT_FOUND first4=830152F1
PHASE_RESULT 41 LF-FLRC-2600-64 pktSize=64 rx=0 unique=0 lost=100 per=100.0 rssi_avg=0 rssi_min=0 crc_err=0 garbage=2 tx_lat=0.00000 tx_lon=0.00000 sats=0 fix=0 utc=0 tx_fw=none rx_fw=unknown
PHASE_GUARD 500
2026-07-26T14:12:03.006500+00:00 PHASE_START 42 LF-FLRC-2600-128 pktSize=128
2026-07-26T14:12:04.017950+00:00 PHASE_RESULT 42 LF-FLRC-2600-128 pktSize=128 rx=0 unique=0 lost=100 per=100.0 rssi_avg=0 rssi_min=0 crc_err=0 garbage=0 tx_lat=0.00000 tx_lon=0.00000 sats=0 fix=0 utc=0 tx_fw=none rx_fw=unknown
PHASE_GUARD 500
2026-07-26T14:12:05.030302+00:00 PHASE_START 43 LF-FLRC-2600-255 pktSize=255
SYNC_NOT_FOUND first4=BC22DBD8
SYNC_NOT_FOUND first4=22239408
2026-07-26T14:12:06.041368+00:00 SYNC_NOT_FOUND first4=1BB28B94
PHASE_RESULT 43 LF-FLRC-2600-255 pktSize=255 rx=0 unique=0 lost=100 per=100.0 rssi_avg=0 rssi_min=0 crc_err=0 garbage=3 tx_lat=0.00000 tx_lon=0.00000 sats=0 fix=0 utc=0 tx_fw=none rx_fw=unknown
PHASE_GUARD 500
2026-07-26T14:12:07.053239+00:00 PHASE_START 44 LF-FLRC-1300-32 pktSize=32
2026-07-26T14:12:08.064416+00:00 PHASE_RESULT 44 LF-FLRC-1300-32 pktSize=32 rx=0 unique=0 lost=100 per=100.0 rssi_avg=0 rssi_min=0 crc_err=0 garbage=0 tx_lat=0.00000 tx_lon=0.00000 sats=0 fix=0 utc=0 tx_fw=none rx_fw=unknown
PHASE_GUARD 500
PHASE_START 45 LF-FLRC-1300-64 pktSize=64
2026-07-26T14:12:10.126607+00:00 SYNC_NOT_FOUND first4=ACA5F407
PHASE_RESULT 45 LF-FLRC-1300-64 pktSize=64 rx=0 unique=0 lost=100 per=100.0 rssi_avg=0 rssi_min=0 crc_err=0 garbage=1 tx_lat=0.00000 tx_lon=0.00000 sats=0 fix=0 utc=0 tx_fw=none rx_fw=unknown
PHASE_GUARD 500
PHASE_START 46 LF-FLRC-1300-128 pktSize=128
2026-07-26T14:12:12.189822+00:00 TIME_SYNCED utc=1785075131 offset=1785062473
TIME_SYNCED utc=1785075131 offset=1785062473
PHASE_RESULT 46 LF-FLRC-1300-128 pktSize=128 rx=0 unique=0 lost=100 per=100.0 rssi_avg=0 rssi_min=0 crc_err=0 garbage=0 tx_lat=0.00000 tx_lon=0.00000 sats=0 fix=0 utc=0 tx_fw=none rx_fw=unknown
PHASE_GUARD 500
PHASE_START 47 LF-FLRC-1300-255 pktSize=255
2026-07-26T14:12:13.202353+00:00 SYNC_NOT_FOUND first4=CA49BAB3
2026-07-26T14:12:14.213578+00:00 PHASE_RESULT 47 LF-FLRC-1300-255 pktSize=255 rx=0 unique=0 lost=100 per=100.0 rssi_avg=0 rssi_min=0 crc_err=0 garbage=1 tx_lat=0.00000 tx_lon=0.00000 sats=0 fix=0 utc=0 tx_fw=none rx_fw=unknown
PHASE_GUARD 500
PHASE_START 48 LF-FLRC-650-32 pktSize=32
SYNC_NOT_FOUND first4=1582070E
SYNC_NOT_FOUND first4=BC7C8221
2026-07-26T14:12:15.225295+00:00 SYNC_NOT_FOUND first4=7887E746
SYNC_NOT_FOUND first4=6F97CB7C
SYNC_NOT_FOUND first4=102F2CBE
2026-07-26T14:12:16.236531+00:00 PHASE_RESULT 48 LF-FLRC-650-32 pktSize=32 rx=0 unique=0 lost=100 per=100.0 rssi_avg=0 rssi_min=0 crc_err=0 garbage=5 tx_lat=0.00000 tx_lon=0.00000 sats=0 fix=0 utc=0 tx_fw=none rx_fw=unknown
PHASE_GUARD 500
PHASE_START 49 LF-FLRC-650-64 pktSize=64
2026-07-26T14:12:17.247991+00:00 SYNC_NOT_FOUND first4=D0E5C589
2026-07-26T14:12:18.259714+00:00 SYNC_NOT_FOUND first4=4C85938F
SYNC_NOT_FOUND first4=7C21502A
PHASE_RESULT 49 LF-FLRC-650-64 pktSize=64 rx=0 unique=0 lost=100 per=100.0 rssi_avg=0 rssi_min=0 crc_err=0 garbage=3 tx_lat=0.00000 tx_lon=0.00000 sats=0 fix=0 utc=0 tx_fw=none rx_fw=unknown
PHASE_GUARD 500
PHASE_START 50 LF-FLRC-650-128 pktSize=128
SYNC_NOT_FOUND first4=2D928058
2026-07-26T14:12:20.322309+00:00 SYNC_NOT_FOUND first4=102916A3
PHASE_RESULT 50 LF-FLRC-650-128 pktSize=128 rx=0 unique=0 lost=100 per=100.0 rssi_avg=0 rssi_min=0 crc_err=0 garbage=2 tx_lat=0.00000 tx_lon=0.00000 sats=0 fix=0 utc=0 tx_fw=none rx_fw=unknown
PHASE_GUARD 500
PHASE_START 51 LF-FLRC-650-255 pktSize=255
2026-07-26T14:12:22.385031+00:00 TIME_SYNCED utc=1785075141 offset=1785062473
TIME_SYNCED utc=1785075141 offset=1785062473
PHASE_RESULT 51 LF-FLRC-650-255 pktSize=255 rx=0 unique=0 lost=100 per=100.0 rssi_avg=0 rssi_min=0 crc_err=0 garbage=0 tx_lat=0.00000 tx_lon=0.00000 sats=0 fix=0 utc=0 tx_fw=none rx_fw=unknown
PHASE_GUARD 500
PHASE_START 52 LF-FLRC-325-32 pktSize=32
2026-07-26T14:12:23.395213+00:00 SYNC_NOT_FOUND first4=761793F9
2026-07-26T14:12:24.399423+00:00 PHASE_RESULT 52 LF-FLRC-325-32 pktSize=32 rx=0 unique=0 lost=100 per=100.0 rssi_avg=0 rssi_min=0 crc_err=0 garbage=1 tx_lat=0.00000 tx_lon=0.00000 sats=0 fix=0 utc=0 tx_fw=none rx_fw=unknown
PHASE_GUARD 500
PHASE_START 53 LF-FLRC-325-64 pktSize=64
2026-07-26T14:12:26.461760+00:00 PHASE_RESULT 53 LF-FLRC-325-64 pktSize=64 rx=0 unique=0 lost=100 per=100.0 rssi_avg=0 rssi_min=0 crc_err=0 garbage=0 tx_lat=0.00000 tx_lon=0.00000 sats=0 fix=0 utc=0 tx_fw=none rx_fw=unknown
PHASE_GUARD 500
PHASE_START 54 LF-FLRC-325-128 pktSize=128
2026-07-26T14:12:27.472523+00:00 SYNC_NOT_FOUND first4=B46704D4
2026-07-26T14:12:28.484896+00:00 PHASE_RESULT 54 LF-FLRC-325-128 pktSize=128 rx=0 unique=0 lost=100 per=100.0 rssi_avg=0 rssi_min=0 crc_err=0 garbage=1 tx_lat=0.00000 tx_lon=0.00000 sats=0 fix=0 utc=0 tx_fw=none rx_fw=unknown
PHASE_GUARD 500
PHASE_START 55 LF-FLRC-325-255 pktSize=255
2026-07-26T14:12:30.547360+00:00 PHASE_RESULT 55 LF-FLRC-325-255 pktSize=255 rx=0 unique=0 lost=100 per=100.0 rssi_avg=0 rssi_min=0 crc_err=0 garbage=0 tx_lat=0.00000 tx_lon=0.00000 sats=0 fix=0 utc=0 tx_fw=none rx_fw=unknown
PHASE_GUARD 500
LORA_CFG path=1 bw=0x0F sf=7
PHASE_START 0 HF-LoRa-SF7-32 pktSize=32
2026-07-26T14:12:31.559394+00:00 TIME_SYNCED utc=1785075151 offset=1785062473
2026-07-26T14:12:32.571282+00:00 TIME_SYNCED utc=1785075151 offset=1785062473
PHASE_RESULT 0 HF-LoRa-SF7-32 pktSize=32 rx=0 unique=0 lost=20 per=100.0 rssi_avg=0 rssi_min=0 crc_err=0 garbage=0 tx_lat=0.00000 tx_lon=0.00000 sats=0 fix=0 utc=0 tx_fw=none rx_fw=unknown
PHASE_GUARD 500
LORA_CFG path=1 bw=0x0F sf=7
PHASE_START 1 HF-LoRa-SF7-64 pktSize=64
2026-07-26T14:12:34.634331+00:00 PHASE_RESULT 1 HF-LoRa-SF7-64 pktSize=64 rx=0 unique=0 lost=20 per=100.0 rssi_avg=0 rssi_min=0 crc_err=0 garbage=0 tx_lat=0.00000 tx_lon=0.00000 sats=0 fix=0 utc=0 tx_fw=none rx_fw=unknown
PHASE_GUARD 500
LORA_CFG path=1 bw=0x0F sf=7
PHASE_START 2 HF-LoRa-SF7-128 pktSize=128
2026-07-26T14:12:36.698516+00:00 PHASE_RESULT 2 HF-LoRa-SF7-128 pktSize=128 rx=0 unique=0 lost=20 per=100.0 rssi_avg=0 rssi_min=0 crc_err=0 garbage=0 tx_lat=0.00000 tx_lon=0.00000 sats=0 fix=0 utc=0 tx_fw=none rx_fw=unknown
PHASE_GUARD 500
LORA_CFG path=1 bw=0x0F sf=7
PHASE_START 3 HF-LoRa-SF7-255 pktSize=255
2026-07-26T14:12:39.811207+00:00 PHASE_RESULT 3 HF-LoRa-SF7-255 pktSize=255 rx=0 unique=0 lost=20 per=100.0 rssi_avg=0 rssi_min=0 crc_err=0 garbage=0 tx_lat=0.00000 tx_lon=0.00000 sats=0 fix=0 utc=0 tx_fw=none rx_fw=unknown
PHASE_GUARD 500
LORA_CFG path=1 bw=0x0F sf=9
PHASE_START 4 HF-LoRa-SF9-32 pktSize=32
2026-07-26T14:12:41.874079+00:00 PHASE_RESULT 4 HF-LoRa-SF9-32 pktSize=32 rx=0 unique=0 lost=20 per=100.0 rssi_avg=0 rssi_min=0 crc_err=0 garbage=0 tx_lat=0.00000 tx_lon=0.00000 sats=0 fix=0 utc=0 tx_fw=none rx_fw=unknown
PHASE_GUARD 500
LORA_CFG path=1 bw=0x0F sf=9
PHASE_START 5 HF-LoRa-SF9-64 pktSize=64
TIME_SYNCED utc=1785075161 offset=1785062473
2026-07-26T14:12:42.886583+00:00 TIME_SYNCED utc=1785075161 offset=1785062473
2026-07-26T14:12:43.898256+00:00 PHASE_RESULT 5 HF-LoRa-SF9-64 pktSize=64 rx=0 unique=0 lost=20 per=100.0 rssi_avg=0 rssi_min=0 crc_err=0 garbage=0 tx_lat=0.00000 tx_lon=0.00000 sats=0 fix=0 utc=0 tx_fw=none rx_fw=unknown
2026-07-26T14:12:44.902938+00:00 PHASE_GUARD 500
LORA_CFG path=1 bw=0x0F sf=9
PHASE_START 6 HF-LoRa-SF9-128 pktSize=128
2026-07-26T14:12:48.017291+00:00 PHASE_RESULT 6 HF-LoRa-SF9-128 pktSize=128 rx=0 unique=0 lost=13 per=100.0 rssi_avg=0 rssi_min=0 crc_err=0 garbage=0 tx_lat=0.00000 tx_lon=0.00000 sats=0 fix=0 utc=0 tx_fw=none rx_fw=unknown
PHASE_GUARD 500
LORA_CFG path=1 bw=0x0F sf=9
2026-07-26T14:12:49.030083+00:00 PHASE_START 7 HF-LoRa-SF9-255 pktSize=255
2026-07-26T14:12:51.092499+00:00 PHASE_RESULT 7 HF-LoRa-SF9-255 pktSize=255 rx=0 unique=0 lost=6 per=100.0 rssi_avg=0 rssi_min=0 crc_err=0 garbage=0 tx_lat=0.00000 tx_lon=0.00000 sats=0 fix=0 utc=0 tx_fw=none rx_fw=unknown
PHASE_GUARD 500
LORA_CFG path=1 bw=0x0F sf=12
PHASE_START 8 HF-LoRa-SF12-32 pktSize=32
2026-07-26T14:12:52.105029+00:00 TIME_SYNCED utc=1785075171 offset=1785062473
2026-07-26T14:12:53.116845+00:00 TIME_SYNCED utc=1785075172 offset=1785062473
2026-07-26T14:12:54.128926+00:00 PHASE_RESULT 8 HF-LoRa-SF12-32 pktSize=32 rx=0 unique=0 lost=2 per=100.0 rssi_avg=0 rssi_min=0 crc_err=0 garbage=0 tx_lat=0.00000 tx_lon=0.00000 sats=0 fix=0 utc=0 tx_fw=none rx_fw=unknown
PHASE_GUARD 500
LORA_CFG path=1 bw=0x0F sf=12
PHASE_START 9 HF-LoRa-SF12-64 pktSize=64
2026-07-26T14:12:57.241933+00:00 PHASE_RESULT 9 HF-LoRa-SF12-64 pktSize=64 rx=0 unique=0 lost=1 per=100.0 rssi_avg=0 rssi_min=0 crc_err=0 garbage=0 tx_lat=0.00000 tx_lon=0.00000 sats=0 fix=0 utc=0 tx_fw=none rx_fw=unknown
PHASE_GUARD 500
LORA_CFG path=1 bw=0x0F sf=12
PHASE_START 10 HF-LoRa-SF12-128 pktSize=128
2026-07-26T14:13:02.457787+00:00 TIME_SYNCED utc=1785075181 offset=1785062473
PHASE_RESULT 10 HF-LoRa-SF12-128 pktSize=128 rx=0 unique=0 lost=1 per=100.0 rssi_avg=0 rssi_min=0 crc_err=0 garbage=0 tx_lat=0.00000 tx_lon=0.00000 sats=0 fix=0 utc=0 tx_fw=none rx_fw=unknown
PHASE_GUARD 500
LORA_CFG path=1 bw=0x0F sf=12
PHASE_START 11 HF-LoRa-SF12-255 pktSize=255
2026-07-26T14:13:03.462770+00:00 TIME_SYNCED utc=1785075182 offset=1785062473
2026-07-26T14:13:11.831925+00:00 TIME_SYNCED utc=1785075191 offset=1785062473
2026-07-26T14:13:12.843220+00:00 PHASE_RESULT 11 HF-LoRa-SF12-255 pktSize=255 rx=0 unique=0 lost=1 per=100.0 rssi_avg=0 rssi_min=0 crc_err=0 garbage=0 tx_lat=0.00000 tx_lon=0.00000 sats=0 fix=0 utc=0 tx_fw=none rx_fw=unknown
PHASE_GUARD 500
PHASE_START 12 HF-FLRC-2600-32 pktSize=32
SYNC_NOT_FOUND first4=3CB17D6A
SYNC_NOT_FOUND first4=984B3A27
SYNC_NOT_FOUND first4=74500D18
SYNC_NOT_FOUND first4=93683A20
SYNC_NOT_FOUND first4=2D423890
SYNC_NOT_FOUND first4=D36006AB
2026-07-26T14:13:13.857885+00:00 TIME_SYNCED utc=1785075192 offset=1785062473
SYNC_NOT_FOUND first4=8B942638
SYNC_NOT_FOUND first4=7858CDCE
SYNC_NOT_FOUND first4=C3145E49
SYNC_NOT_FOUND first4=21B55110
SYNC_NOT_FOUND first4=7751CA64
2026-07-26T14:13:14.873867+00:00 PHASE_RESULT 12 HF-FLRC-2600-32 pktSize=32 rx=0 unique=0 lost=100 per=100.0 rssi_avg=0 rssi_min=0 crc_err=0 garbage=11 tx_lat=0.00000 tx_lon=0.00000 sats=0 fix=0 utc=0 tx_fw=none rx_fw=unknown
PHASE_GUARD 500
PHASE_START 13 HF-FLRC-2600-64 pktSize=64
SYNC_NOT_FOUND first4=A75A1E40
SYNC_NOT_FOUND first4=DDB62C98
SYNC_NOT_FOUND first4=67DB2741
2026-07-26T14:13:15.885056+00:00 SYNC_NOT_FOUND first4=1A25985D
SYNC_NOT_FOUND first4=9DEB91CD
SYNC_NOT_FOUND first4=192CDBBB
SYNC_NOT_FOUND first4=4CE6122C
SYNC_NOT_FOUND first4=A6FF38E3
SYNC_NOT_FOUND first4=B4540877
SYNC_NOT_FOUND first4=BE7671F7
SYNC_NOT_FOUND first4=C3394B11
SYNC_NOT_FOUND first4=3BE1847E
2026-07-26T14:13:16.899398+00:00 PHASE_RESULT 13 HF-FLRC-2600-64 pktSize=64 rx=0 unique=0 lost=100 per=100.0 rssi_avg=0 rssi_min=0 crc_err=0 garbage=12 tx_lat=0.00000 tx_lon=0.00000 sats=0 fix=0 utc=0 tx_fw=none rx_fw=unknown
PHASE_GUARD 500
PHASE_START 14 HF-FLRC-2600-128 pktSize=128
SYNC_NOT_FOUND first4=67EE94A3
SYNC_NOT_FOUND first4=FA43C776
SYNC_NOT_FOUND first4=B3C32BD6
SYNC_NOT_FOUND first4=0F3ED180
SYNC_NOT_FOUND first4=7C49DBA6
SYNC_NOT_FOUND first4=B8CD5D52
SYNC_NOT_FOUND first4=7B6CC700
2026-07-26T14:13:17.910728+00:00 SYNC_NOT_FOUND first4=F6E75605
SYNC_NOT_FOUND first4=94B840BD
SYNC_NOT_FOUND first4=A532510C
SYNC_NOT_FOUND first4=00776E0C
SYNC_NOT_FOUND first4=38C25160
SYNC_NOT_FOUND first4=D2F267E2
SYNC_NOT_FOUND first4=25AE2E87
PHASE_RESULT 14 HF-FLRC-2600-128 pktSize=128 rx=0 unique=0 lost=100 per=100.0 rssi_avg=0 rssi_min=0 crc_err=0 garbage=14 tx_lat=0.00000 tx_lon=0.00000 sats=0 fix=0 utc=0 tx_fw=none rx_fw=unknown
PHASE_GUARD 500
2026-07-26T14:13:18.929202+00:00 PHASE_START 15 HF-FLRC-2600-255 pktSize=255
SYNC_NOT_FOUND first4=9F6124B8
SYNC_NOT_FOUND first4=08E2C999
SYNC_NOT_FOUND first4=E478ABD8
SYNC_NOT_FOUND first4=01F3E3C3
SYNC_NOT_FOUND first4=95FAA4FF
SYNC_NOT_FOUND first4=708AC7DD
SYNC_NOT_FOUND first4=ABCD4327
2026-07-26T14:13:19.945310+00:00 SYNC_NOT_FOUND first4=D31AC07B
SYNC_NOT_FOUND first4=7850718C
SYNC_NOT_FOUND first4=63358F07
SYNC_NOT_FOUND first4=51C2FF8D
SYNC_NOT_FOUND first4=4774BE38
SYNC_NOT_FOUND first4=E1073345
SYNC_NOT_FOUND first4=62E912AE
PHASE_RESULT 15 HF-FLRC-2600-255 pktSize=255 rx=0 unique=0 lost=100 per=100.0 rssi_avg=0 rssi_min=0 crc_err=0 garbage=14 tx_lat=0.00000 tx_lon=0.00000 sats=0 fix=0 utc=0 tx_fw=none rx_fw=unknown
PHASE_GUARD 500
2026-07-26T14:13:20.956591+00:00 PHASE_START 16 HF-FLRC-1300-32 pktSize=32
SYNC_NOT_FOUND first4=C34D4051
SYNC_NOT_FOUND first4=7A6CD63C
SYNC_NOT_FOUND first4=97965665
SYNC_NOT_FOUND first4=A0448E69
2026-07-26T14:13:21.974939+00:00 SYNC_NOT_FOUND first4=044289E8
SYNC_NOT_FOUND first4=32527725
SYNC_NOT_FOUND first4=A88A83B6
SYNC_NOT_FOUND first4=0D31C752
SYNC_NOT_FOUND first4=95185199
SYNC_NOT_FOUND first4=9F928F82
SYNC_NOT_FOUND first4=B8792871
SYNC_NOT_FOUND first4=12E722D1
SYNC_NOT_FOUND first4=06839657
TIME_SYNCED utc=1785075201 offset=1785062473
SYNC_NOT_FOUND first4=C7DE869B
PHASE_RESULT 16 HF-FLRC-1300-32 pktSize=32 rx=0 unique=0 lost=100 per=100.0 rssi_avg=0 rssi_min=0 crc_err=0 garbage=14 tx_lat=0.00000 tx_lon=0.00000 sats=0 fix=0 utc=0 tx_fw=none rx_fw=unknown
PHASE_GUARD 500
2026-07-26T14:13:22.986243+00:00 PHASE_START 17 HF-FLRC-1300-64 pktSize=64
SYNC_NOT_FOUND first4=51DDB60A
SYNC_NOT_FOUND first4=A5A7A514
SYNC_NOT_FOUND first4=DA4A71AA
SYNC_NOT_FOUND first4=9B8E3DA7
2026-07-26T14:13:23.997298+00:00 TIME_SYNCED utc=1785075202 offset=1785062472
SYNC_NOT_FOUND first4=7CD914CA
SYNC_NOT_FOUND first4=8170EC25
SYNC_NOT_FOUND first4=64F320AB
2026-07-26T14:13:25.004206+00:00 SYNC_NOT_FOUND first4=75894706
SYNC_NOT_FOUND first4=BDE3FB01
PHASE_RESULT 17 HF-FLRC-1300-64 pktSize=64 rx=0 unique=0 lost=100 per=100.0 rssi_avg=0 rssi_min=0 crc_err=0 garbage=9 tx_lat=0.00000 tx_lon=0.00000 sats=0 fix=0 utc=0 tx_fw=none rx_fw=unknown
PHASE_GUARD 500
2026-07-26T14:13:26.007661+00:00 PHASE_START 18 HF-FLRC-1300-128 pktSize=128
SYNC_NOT_FOUND first4=B65C9989
SYNC_NOT_FOUND first4=9349FF64
SYNC_NOT_FOUND first4=9756E78B
SYNC_NOT_FOUND first4=5B864571
SYNC_NOT_FOUND first4=C748EAB7
2026-07-26T14:13:27.025978+00:00 SYNC_NOT_FOUND first4=3E40443D
SYNC_NOT_FOUND first4=2C0DF02C
SYNC_NOT_FOUND first4=A78644A6
SYNC_NOT_FOUND first4=E955182C
SYNC_NOT_FOUND first4=9D9EFFB6
SYNC_NOT_FOUND first4=39B20382
SYNC_NOT_FOUND first4=8C9C21B8
SYNC_NOT_FOUND first4=E7EB659A
PHASE_RESULT 18 HF-FLRC-1300-128 pktSize=128 rx=0 unique=0 lost=100 per=100.0 rssi_avg=0 rssi_min=0 crc_err=0 garbage=13 tx_lat=0.00000 tx_lon=0.00000 sats=0 fix=0 utc=0 tx_fw=none rx_fw=unknown
PHASE_GUARD 500
2026-07-26T14:13:28.040216+00:00 PHASE_START 19 HF-FLRC-1300-255 pktSize=255
SYNC_NOT_FOUND first4=5793B625
2026-07-26T14:13:29.050644+00:00 SYNC_NOT_FOUND first4=FEE39A73
SYNC_NOT_FOUND first4=D4776FE4
PHASE_RESULT 19 HF-FLRC-1300-255 pktSize=255 rx=0 unique=0 lost=100 per=100.0 rssi_avg=0 rssi_min=0 crc_err=0 garbage=3 tx_lat=0.00000 tx_lon=0.00000 sats=0 fix=0 utc=0 tx_fw=none rx_fw=unknown
PHASE_GUARD 500
PHASE_START 20 HF-FLRC-650-32 pktSize=32
2026-07-26T14:13:30.066561+00:00 SYNC_NOT_FOUND first4=F85600ED
SYNC_NOT_FOUND first4=CF0E0128
SYNC_NOT_FOUND first4=C79A132D
SYNC_NOT_FOUND first4=07DA5BBF
SYNC_NOT_FOUND first4=1CE846CA
SYNC_NOT_FOUND first4=3B0E5EC4
SYNC_NOT_FOUND first4=706435F7
SYNC_NOT_FOUND first4=D8905038
SYNC_NOT_FOUND first4=ACBBB9F9
SYNC_NOT_FOUND first4=7129AFBA
SYNC_NOT_FOUND first4=9714DB2C
SYNC_NOT_FOUND first4=C2AF28A6
SYNC_NOT_FOUND first4=1CF341A6
SYNC_NOT_FOUND first4=36303A4A
SYNC_NOT_FOUND first4=743CE922
SYNC_NOT_FOUND first4=D1DCAA47
SYNC_NOT_FOUND first4=776301AB
SYNC_NOT_FOUND first4=88410804
SYNC_NOT_FOUND first4=69BE0EC3
2026-07-26T14:13:31.076289+00:00 SYNC_NOT_FOUND first4=050BAE42
SYNC_NOT_FOUND first4=8A197EAA
SYNC_NOT_FOUND first4=5CF5F070
SYNC_NOT_FOUND first4=AFCAEAD3
SYNC_NOT_FOUND first4=B2712199
SYNC_NOT_FOUND first4=C5A03551
SYNC_NOT_FOUND first4=8CF49A2C
SYNC_NOT_FOUND first4=70026343
SYNC_NOT_FOUND first4=9CA62461
SYNC_NOT_FOUND first4=A52CAC90
SYNC_NOT_FOUND first4=3C262BAA
SYNC_NOT_FOUND first4=E1089759
SYNC_NOT_FOUND first4=4150DD31
SYNC_NOT_FOUND first4=E15FA01A
SYNC_NOT_FOUND first4=8CE09004
SYNC_NOT_FOUND first4=7E6E2008
PHASE_RESULT 20 HF-FLRC-650-32 pktSize=32 rx=0 unique=0 lost=100 per=100.0 rssi_avg=0 rssi_min=0 crc_err=0 garbage=35 tx_lat=0.00000 tx_lon=0.00000 sats=0 fix=0 utc=0 tx_fw=none rx_fw=unknown
PHASE_GUARD 500
PHASE_START 21 HF-FLRC-650-64 pktSize=64
2026-07-26T14:13:32.092178+00:00 SYNC_NOT_FOUND first4=4DDAC12C
SYNC_NOT_FOUND first4=1DD1DB28
SYNC_NOT_FOUND first4=FE0DC3E8
SYNC_NOT_FOUND first4=9F8BD41A
SYNC_NOT_FOUND first4=FA530BDA
SYNC_NOT_FOUND first4=20A83C9C
SYNC_NOT_FOUND first4=099BDF06
SYNC_NOT_FOUND first4=B9339B93
SYNC_NOT_FOUND first4=0D42B56B
SYNC_NOT_FOUND first4=6C32CC6E
SYNC_NOT_FOUND first4=15DA9F78
TIME_SYNCED utc=1785075211 offset=1785062473
SYNC_NOT_FOUND first4=429C5411
SYNC_NOT_FOUND first4=A001F9AB
SYNC_NOT_FOUND first4=3EC18917
SYNC_NOT_FOUND first4=053FED03
SYNC_NOT_FOUND first4=D474CC45
PHASE_RESULT 21 HF-FLRC-650-64 pktSize=64 rx=0 unique=0 lost=100 per=100.0 rssi_avg=0 rssi_min=0 crc_err=0 garbage=16 tx_lat=0.00000 tx_lon=0.00000 sats=0 fix=0 utc=0 tx_fw=none rx_fw=unknown
PHASE_GUARD 500
PHASE_START 22 HF-FLRC-650-128 pktSize=128
SYNC_NOT_FOUND first4=C732827E
2026-07-26T14:13:33.105332+00:00 SYNC_NOT_FOUND first4=DD5111D7
SYNC_NOT_FOUND first4=C13C1FCC
SYNC_NOT_FOUND first4=84612A01
SYNC_NOT_FOUND first4=D7CC081F
SYNC_NOT_FOUND first4=AF12D42B
SYNC_NOT_FOUND first4=9C68642A
SYNC_NOT_FOUND first4=22A9FEBA
SYNC_NOT_FOUND first4=F9F9D82A
SYNC_NOT_FOUND first4=D3ED9E4B
SYNC_NOT_FOUND first4=F2D1DC8D
SYNC_NOT_FOUND first4=18225386
SYNC_NOT_FOUND first4=D7952997
SYNC_NOT_FOUND first4=F1377F45
SYNC_NOT_FOUND first4=512879B7
SYNC_NOT_FOUND first4=38A54C0D
SYNC_NOT_FOUND first4=95974CFA
SYNC_NOT_FOUND first4=1CE60270
SYNC_NOT_FOUND first4=090BFAE4
SYNC_NOT_FOUND first4=DF38A2C7
2026-07-26T14:13:34.116762+00:00 TIME_SYNCED utc=1785075213 offset=1785062473
SYNC_NOT_FOUND first4=D4442324
SYNC_NOT_FOUND first4=55351CC2
SYNC_NOT_FOUND first4=6E04E5ED
SYNC_NOT_FOUND first4=2A2930F8
SYNC_NOT_FOUND first4=990BE48D
SYNC_NOT_FOUND first4=2B83472F
SYNC_NOT_FOUND first4=5B63C1C8
SYNC_NOT_FOUND first4=95463F4B
SYNC_NOT_FOUND first4=0E88677A
PHASE_RESULT 22 HF-FLRC-650-128 pktSize=128 rx=0 unique=0 lost=100 per=100.0 rssi_avg=0 rssi_min=0 crc_err=0 garbage=29 tx_lat=0.00000 tx_lon=0.00000 sats=0 fix=0 utc=0 tx_fw=none rx_fw=unknown
PHASE_GUARD 500
PHASE_START 23 HF-FLRC-650-255 pktSize=255
SYNC_NOT_FOUND first4=2E58F9EA
SYNC_NOT_FOUND first4=5BC54ED1
2026-07-26T14:13:35.135507+00:00 SYNC_NOT_FOUND first4=971851CA
SYNC_NOT_FOUND first4=11BAE933
SYNC_NOT_FOUND first4=EF2E484D
SYNC_NOT_FOUND first4=2FB1814B
SYNC_NOT_FOUND first4=4A2DAC80
SYNC_NOT_FOUND first4=9628D5E8
SYNC_NOT_FOUND first4=9E1DDF5D
SYNC_NOT_FOUND first4=0EEFD323
SYNC_NOT_FOUND first4=8D108C21
SYNC_NOT_FOUND first4=CAD71454
SYNC_NOT_FOUND first4=E65C199C
SYNC_NOT_FOUND first4=6EC85658
SYNC_NOT_FOUND first4=17C8B201
SYNC_NOT_FOUND first4=425D392A
SYNC_NOT_FOUND first4=1BA24C24
SYNC_NOT_FOUND first4=BE304E95
SYNC_NOT_FOUND first4=F0EFC61C
2026-07-26T14:13:36.146715+00:00 SYNC_NOT_FOUND first4=30606B0F
SYNC_NOT_FOUND first4=CCE4D4E1
SYNC_NOT_FOUND first4=9DA62514
SYNC_NOT_FOUND first4=C3B53DB0
SYNC_NOT_FOUND first4=D6821FEA
SYNC_NOT_FOUND first4=D2A0A623
SYNC_NOT_FOUND first4=B5232C16
SYNC_NOT_FOUND first4=B026B904
SYNC_NOT_FOUND first4=D226EE7A
SYNC_NOT_FOUND first4=BFA20597
SYNC_NOT_FOUND first4=5E3B5521
SYNC_NOT_FOUND first4=E99E37F0
SYNC_NOT_FOUND first4=1D2328AB
SYNC_NOT_FOUND first4=2F14320F
SYNC_NOT_FOUND first4=DC636A99
SYNC_NOT_FOUND first4=727E9A29
SYNC_NOT_FOUND first4=EBFA324A
SYNC_NOT_FOUND first4=C8D2FFBB
SYNC_NOT_FOUND first4=9D710893
SYNC_NOT_FOUND first4=E2B2D4C4
PHASE_RESULT 23 HF-FLRC-650-255 pktSize=255 rx=0 unique=0 lost=100 per=100.0 rssi_avg=0 rssi_min=0 crc_err=0 garbage=39 tx_lat=0.00000 tx_lon=0.00000 sats=0 fix=0 utc=0 tx_fw=none rx_fw=unknown
PHASE_GUARD 500
PHASE_START 24 HF-FLRC-325-32 pktSize=32
2026-07-26T14:13:37.167294+00:00 SYNC_NOT_FOUND first4=C4E81A61
SYNC_NOT_FOUND first4=05CACA3D
SYNC_NOT_FOUND first4=2ECA7108
2026-07-26T14:13:38.185119+00:00 SYNC_NOT_FOUND first4=39CE5A52
PHASE_RESULT 24 HF-FLRC-325-32 pktSize=32 rx=0 unique=0 lost=100 per=100.0 rssi_avg=0 rssi_min=0 crc_err=0 garbage=4 tx_lat=0.00000 tx_lon=0.00000 sats=0 fix=0 utc=0 tx_fw=none rx_fw=unknown
PHASE_GUARD 500
PHASE_START 25 HF-FLRC-325-64 pktSize=64
SYNC_NOT_FOUND first4=17D6D752
2026-07-26T14:13:39.197154+00:00 SYNC_NOT_FOUND first4=44E49F43
2026-07-26T14:13:40.216052+00:00 SYNC_NOT_FOUND first4=9972155C
SYNC_NOT_FOUND first4=1FC56D13
SYNC_NOT_FOUND first4=1D6C60D3
SYNC_NOT_FOUND first4=3DBC4492
SYNC_NOT_FOUND first4=0660555C
SYNC_NOT_FOUND first4=99BFD902
PHASE_RESULT 25 HF-FLRC-325-64 pktSize=64 rx=0 unique=0 lost=100 per=100.0 rssi_avg=0 rssi_min=0 crc_err=0 garbage=8 tx_lat=0.00000 tx_lon=0.00000 sats=0 fix=0 utc=0 tx_fw=none rx_fw=unknown
PHASE_GUARD 500
PHASE_START 26 HF-FLRC-325-128 pktSize=128
SYNC_NOT_FOUND first4=5C0CD78B
2026-07-26T14:13:41.227833+00:00 SYNC_NOT_FOUND first4=DA66305B
SYNC_NOT_FOUND first4=5FB89725
SYNC_NOT_FOUND first4=A3412218
2026-07-26T14:13:42.246356+00:00 TIME_SYNCED utc=1785075221 offset=1785062473
SYNC_NOT_FOUND first4=E56B943D
PHASE_RESULT 26 HF-FLRC-325-128 pktSize=128 rx=0 unique=0 lost=100 per=100.0 rssi_avg=0 rssi_min=0 crc_err=0 garbage=5 tx_lat=0.00000 tx_lon=0.00000 sats=0 fix=0 utc=0 tx_fw=none rx_fw=unknown
PHASE_GUARD 500
PHASE_START 27 HF-FLRC-325-255 pktSize=255
SYNC_NOT_FOUND first4=E8ADDD0B
SYNC_NOT_FOUND first4=69CA600F
SYNC_NOT_FOUND first4=00E26266
2026-07-26T14:13:44.311922+00:00 TIME_SYNCED utc=1785075223 offset=1785062473
PHASE_RESULT 27 HF-FLRC-325-255 pktSize=255 rx=0 unique=0 lost=100 per=100.0 rssi_avg=0 rssi_min=0 crc_err=0 garbage=3 tx_lat=0.00000 tx_lon=0.00000 sats=0 fix=0 utc=0 tx_fw=none rx_fw=unknown
PHASE_GUARD 500
LORA_CFG path=0 bw=0x05 sf=7
PHASE_START 28 LF-LoRa-SF7-32 pktSize=32
2026-07-26T14:13:46.381353+00:00 PHASE_RESULT 28 LF-LoRa-SF7-32 pktSize=32 rx=0 unique=0 lost=20 per=100.0 rssi_avg=0 rssi_min=0 crc_err=0 garbage=0 tx_lat=0.00000 tx_lon=0.00000 sats=0 fix=0 utc=0 tx_fw=none rx_fw=unknown
PHASE_GUARD 500
LORA_CFG path=0 bw=0x05 sf=7
PHASE_START 29 LF-LoRa-SF7-64 pktSize=64
2026-07-26T14:13:49.506306+00:00 PHASE_RESULT 29 LF-LoRa-SF7-64 pktSize=64 rx=0 unique=0 lost=20 per=100.0 rssi_avg=0 rssi_min=0 crc_err=0 garbage=0 tx_lat=0.00000 tx_lon=0.00000 sats=0 fix=0 utc=0 tx_fw=none rx_fw=unknown
PHASE_GUARD 500
LORA_CFG path=0 bw=0x05 sf=7
PHASE_START 30 LF-LoRa-SF7-128 pktSize=128
2026-07-26T14:13:52.625901+00:00 TIME_SYNCED utc=1785075231 offset=1785062473
2026-07-26T14:13:53.645089+00:00 PHASE_RESULT 30 LF-LoRa-SF7-128 pktSize=128 rx=0 unique=0 lost=13 per=100.0 rssi_avg=0 rssi_min=0 crc_err=0 garbage=0 tx_lat=0.00000 tx_lon=0.00000 sats=0 fix=0 utc=0 tx_fw=none rx_fw=unknown
PHASE_GUARD 500
LORA_CFG path=0 bw=0x05 sf=7
PHASE_START 31 LF-LoRa-SF7-255 pktSize=255
2026-07-26T14:13:54.657423+00:00 TIME_SYNCED utc=1785075233 offset=1785062473
2026-07-26T14:13:57.779183+00:00 PHASE_RESULT 31 LF-LoRa-SF7-255 pktSize=255 rx=0 unique=0 lost=7 per=100.0 rssi_avg=0 rssi_min=0 crc_err=0 garbage=0 tx_lat=0.00000 tx_lon=0.00000 sats=0 fix=0 utc=0 tx_fw=none rx_fw=unknown
PHASE_GUARD 500
LORA_CFG path=0 bw=0x05 sf=9
PHASE_START 32 LF-LoRa-SF9-32 pktSize=32
2026-07-26T14:14:00.903534+00:00 PHASE_RESULT 32 LF-LoRa-SF9-32 pktSize=32 rx=0 unique=0 lost=7 per=100.0 rssi_avg=0 rssi_min=0 crc_err=0 garbage=0 tx_lat=0.00000 tx_lon=0.00000 sats=0 fix=0 utc=0 tx_fw=none rx_fw=unknown
PHASE_GUARD 500
2026-07-26T14:14:01.924817+00:00 LORA_CFG path=0 bw=0x05 sf=9
PHASE_START 33 LF-LoRa-SF9-64 pktSize=64
TIME_SYNCED utc=1785075241 offset=1785062473
2026-07-26T14:14:03.996803+00:00 PHASE_RESULT 33 LF-LoRa-SF9-64 pktSize=64 rx=0 unique=0 lost=3 per=100.0 rssi_avg=0 rssi_min=0 crc_err=0 garbage=0 tx_lat=0.00000 tx_lon=0.00000 sats=0 fix=0 utc=0 tx_fw=none rx_fw=unknown
PHASE_GUARD 500
LORA_CFG path=0 bw=0x05 sf=9
2026-07-26T14:14:05.011077+00:00 PHASE_START 34 LF-LoRa-SF9-128 pktSize=128
TIME_SYNCED utc=1785075244 offset=1785062473
2026-07-26T14:14:06.033308+00:00 PHASE_RESULT 34 LF-LoRa-SF9-128 pktSize=128 rx=0 unique=0 lost=1 per=100.0 rssi_avg=0 rssi_min=0 crc_err=0 garbage=0 tx_lat=0.00000 tx_lon=0.00000 sats=0 fix=0 utc=0 tx_fw=none rx_fw=unknown
PHASE_GUARD 500
LORA_CFG path=0 bw=0x05 sf=9
PHASE_START 35 LF-LoRa-SF9-255 pktSize=255
2026-07-26T14:14:10.196698+00:00 PHASE_RESULT 35 LF-LoRa-SF9-255 pktSize=255 rx=0 unique=0 lost=1 per=100.0 rssi_avg=0 rssi_min=0 crc_err=0 garbage=0 tx_lat=0.00000 tx_lon=0.00000 sats=0 fix=0 utc=0 tx_fw=none rx_fw=unknown
PHASE_GUARD 500
LORA_CFG path=0 bw=0x05 sf=12
PHASE_START 36 LF-LoRa-SF12-32 pktSize=32
2026-07-26T14:14:12.269292+00:00 TIME_SYNCED utc=1785075251 offset=1785062473
2026-07-26T14:14:15.389352+00:00 TIME_SYNCED utc=1785075254 offset=1785062473
2026-07-26T14:14:22.708125+00:00 TIME_SYNCED utc=1785075261 offset=1785062473
2026-07-26T14:14:25.821643+00:00 TIME_SYNCED utc=1785075264 offset=1785062473
PHASE_RESULT 36 LF-LoRa-SF12-32 pktSize=32 rx=0 unique=0 lost=1 per=100.0 rssi_avg=0 rssi_min=0 crc_err=0 garbage=0 tx_lat=0.00000 tx_lon=0.00000 sats=0 fix=0 utc=0 tx_fw=none rx_fw=unknown
PHASE_GUARD 500
LORA_CFG path=0 bw=0x05 sf=12
PHASE_START 37 LF-LoRa-SF12-SKIP SKIP pktSize=64
2026-07-26T14:14:26.843345+00:00 PHASE_RESULT 37 LF-LoRa-SF12-SKIP pktSize=64 rx=0 unique=0 lost=0 per=0.0 rssi_avg=0 rssi_min=0 crc_err=0 garbage=0 tx_lat=0.00000 tx_lon=0.00000 sats=0 fix=0 utc=0 tx_fw=none rx_fw=unknown
PHASE_GUARD 500
LORA_CFG path=0 bw=0x05 sf=12
PHASE_START 38 LF-LoRa-SF12-SKIP SKIP pktSize=128
2026-07-26T14:14:27.855272+00:00 PHASE_RESULT 38 LF-LoRa-SF12-SKIP pktSize=128 rx=0 unique=0 lost=0 per=0.0 rssi_avg=0 rssi_min=0 crc_err=0 garbage=0 tx_lat=0.00000 tx_lon=0.00000 sats=0 fix=0 utc=0 tx_fw=none rx_fw=unknown
PHASE_GUARD 500
LORA_CFG path=0 bw=0x05 sf=12
PHASE_START 39 LF-LoRa-SF12-SKIP SKIP pktSize=255
2026-07-26T14:14:28.874394+00:00 PHASE_RESULT 39 LF-LoRa-SF12-SKIP pktSize=255 rx=0 unique=0 lost=0 per=0.0 rssi_avg=0 rssi_min=0 crc_err=0 garbage=0 tx_lat=0.00000 tx_lon=0.00000 sats=0 fix=0 utc=0 tx_fw=none rx_fw=unknown
PHASE_GUARD 500
PHASE_START 40 LF-FLRC-2600-32 pktSize=32
2026-07-26T14:14:29.885395+00:00 PHASE_RESULT 40 LF-FLRC-2600-32 pktSize=32 rx=0 unique=0 lost=100 per=100.0 rssi_avg=0 rssi_min=0 crc_err=0 garbage=0 tx_lat=0.00000 tx_lon=0.00000 sats=0 fix=0 utc=0 tx_fw=none rx_fw=unknown
2026-07-26T14:14:30.903904+00:00 PHASE_GUARD 500
PHASE_START 41 LF-FLRC-2600-64 pktSize=64
SYNC_NOT_FOUND first4=8E45552D
2026-07-26T14:14:31.914558+00:00 TIME_SYNCED utc=1785075271 offset=1785062473
PHASE_RESULT 41 LF-FLRC-2600-64 pktSize=64 rx=0 unique=0 lost=100 per=100.0 rssi_avg=0 rssi_min=0 crc_err=0 garbage=1 tx_lat=0.00000 tx_lon=0.00000 sats=0 fix=0 utc=0 tx_fw=none rx_fw=unknown
PHASE_GUARD 500
2026-07-26T14:14:32.926455+00:00 PHASE_START 42 LF-FLRC-2600-128 pktSize=128
2026-07-26T14:14:33.944339+00:00 SYNC_NOT_FOUND first4=02783DC0
PHASE_RESULT 42 LF-FLRC-2600-128 pktSize=128 rx=0 unique=0 lost=100 per=100.0 rssi_avg=0 rssi_min=0 crc_err=0 garbage=1 tx_lat=0.00000 tx_lon=0.00000 sats=0 fix=0 utc=0 tx_fw=none rx_fw=unknown
PHASE_GUARD 500
2026-07-26T14:14:34.959356+00:00 PHASE_START 43 LF-FLRC-2600-255 pktSize=255
SYNC_NOT_FOUND first4=22CC5423
2026-07-26T14:14:35.984741+00:00 TIME_SYNCED utc=1785075274 offset=1785062472
2026-07-26T14:14:36.996020+00:00 PHASE_RESULT 43 LF-FLRC-2600-255 pktSize=255 rx=0 unique=0 lost=100 per=100.0 rssi_avg=0 rssi_min=0 crc_err=0 garbage=1 tx_lat=0.00000 tx_lon=0.00000 sats=0 fix=0 utc=0 tx_fw=none rx_fw=unknown
PHASE_GUARD 500
2026-07-26T14:14:38.012145+00:00 PHASE_START 44 LF-FLRC-1300-32 pktSize=32
SYNC_NOT_FOUND first4=66C54013
2026-07-26T14:14:39.020923+00:00 PHASE_RESULT 44 LF-FLRC-1300-32 pktSize=32 rx=0 unique=0 lost=100 per=100.0 rssi_avg=0 rssi_min=0 crc_err=0 garbage=1 tx_lat=0.00000 tx_lon=0.00000 sats=0 fix=0 utc=0 tx_fw=none rx_fw=unknown
PHASE_GUARD 500
PHASE_START 45 LF-FLRC-1300-64 pktSize=64
2026-07-26T14:14:41.080651+00:00 SYNC_NOT_FOUND first4=E8F90C8F
PHASE_RESULT 45 LF-FLRC-1300-64 pktSize=64 rx=0 unique=0 lost=100 per=100.0 rssi_avg=0 rssi_min=0 crc_err=0 garbage=1 tx_lat=0.00000 tx_lon=0.00000 sats=0 fix=0 utc=0 tx_fw=none rx_fw=unknown
PHASE_GUARD 500
PHASE_START 46 LF-FLRC-1300-128 pktSize=128
2026-07-26T14:14:42.099365+00:00 SYNC_NOT_FOUND first4=27302AD1
TIME_SYNCED utc=1785075281 offset=1785062473
PHASE_RESULT 46 LF-FLRC-1300-128 pktSize=128 rx=0 unique=0 lost=100 per=100.0 rssi_avg=0 rssi_min=0 crc_err=0 garbage=1 tx_lat=0.00000 tx_lon=0.00000 sats=0 fix=0 utc=0 tx_fw=none rx_fw=unknown
PHASE_GUARD 500
PHASE_START 47 LF-FLRC-1300-255 pktSize=255
2026-07-26T14:14:44.161794+00:00 PHASE_RESULT 47 LF-FLRC-1300-255 pktSize=255 rx=0 unique=0 lost=100 per=100.0 rssi_avg=0 rssi_min=0 crc_err=0 garbage=0 tx_lat=0.00000 tx_lon=0.00000 sats=0 fix=0 utc=0 tx_fw=none rx_fw=unknown
PHASE_GUARD 500
PHASE_START 48 LF-FLRC-650-32 pktSize=32
2026-07-26T14:14:45.185269+00:00 SYNC_NOT_FOUND first4=1EFD06AC
2026-07-26T14:14:46.204298+00:00 TIME_SYNCED utc=1785075285 offset=1785062473
SYNC_NOT_FOUND first4=53118732
SYNC_NOT_FOUND first4=5648B340
PHASE_RESULT 48 LF-FLRC-650-32 pktSize=32 rx=0 unique=0 lost=100 per=100.0 rssi_avg=0 rssi_min=0 crc_err=0 garbage=3 tx_lat=0.00000 tx_lon=0.00000 sats=0 fix=0 utc=0 tx_fw=none rx_fw=unknown
PHASE_GUARD 500
PHASE_START 49 LF-FLRC-650-64 pktSize=64
2026-07-26T14:14:47.208087+00:00 SYNC_NOT_FOUND first4=A12A549F
SYNC_NOT_FOUND first4=375CB58E
2026-07-26T14:14:48.224393+00:00 SYNC_NOT_FOUND first4=F1BAC50B
PHASE_RESULT 49 LF-FLRC-650-64 pktSize=64 rx=0 unique=0 lost=100 per=100.0 rssi_avg=0 rssi_min=0 crc_err=0 garbage=3 tx_lat=0.00000 tx_lon=0.00000 sats=0 fix=0 utc=0 tx_fw=none rx_fw=unknown
PHASE_GUARD 500
PHASE_START 50 LF-FLRC-650-128 pktSize=128
2026-07-26T14:14:49.245339+00:00 SYNC_NOT_FOUND first4=555F651C
SYNC_NOT_FOUND first4=CC0993DD
2026-07-26T14:14:50.256221+00:00 PHASE_RESULT 50 LF-FLRC-650-128 pktSize=128 rx=0 unique=0 lost=100 per=100.0 rssi_avg=0 rssi_min=0 crc_err=0 garbage=2 tx_lat=0.00000 tx_lon=0.00000 sats=0 fix=0 utc=0 tx_fw=none rx_fw=unknown
PHASE_GUARD 500
PHASE_START 51 LF-FLRC-650-255 pktSize=255
2026-07-26T14:14:52.325053+00:00 TIME_SYNCED utc=1785075291 offset=1785062473
SYNC_NOT_FOUND first4=54E2FB2A
PHASE_RESULT 51 LF-FLRC-650-255 pktSize=255 rx=0 unique=0 lost=100 per=100.0 rssi_avg=0 rssi_min=0 crc_err=0 garbage=1 tx_lat=0.00000 tx_lon=0.00000 sats=0 fix=0 utc=0 tx_fw=none rx_fw=unknown
PHASE_GUARD 500
PHASE_START 52 LF-FLRC-325-32 pktSize=32
2026-07-26T14:14:54.386957+00:00 PHASE_RESULT 52 LF-FLRC-325-32 pktSize=32 rx=0 unique=0 lost=100 per=100.0 rssi_avg=0 rssi_min=0 crc_err=0 garbage=0 tx_lat=0.00000 tx_lon=0.00000 sats=0 fix=0 utc=0 tx_fw=none rx_fw=unknown
PHASE_GUARD 500
PHASE_START 53 LF-FLRC-325-64 pktSize=64
2026-07-26T14:14:56.447406+00:00 TIME_SYNCED utc=1785075295 offset=1785062473
PHASE_RESULT 53 LF-FLRC-325-64 pktSize=64 rx=0 unique=0 lost=100 per=100.0 rssi_avg=0 rssi_min=0 crc_err=0 garbage=0 tx_lat=0.00000 tx_lon=0.00000 sats=0 fix=0 utc=0 tx_fw=none rx_fw=unknown
PHASE_GUARD 500
PHASE_START 54 LF-FLRC-325-128 pktSize=128
2026-07-26T14:14:58.517368+00:00 SYNC_NOT_FOUND first4=4846A3A8
PHASE_RESULT 54 LF-FLRC-325-128 pktSize=128 rx=0 unique=0 lost=100 per=100.0 rssi_avg=0 rssi_min=0 crc_err=0 garbage=1 tx_lat=0.00000 tx_lon=0.00000 sats=0 fix=0 utc=0 tx_fw=none rx_fw=unknown
PHASE_GUARD 500
PHASE_START 55 LF-FLRC-325-255 pktSize=255
2026-07-26T14:15:00.588593+00:00 PHASE_RESULT 55 LF-FLRC-325-255 pktSize=255 rx=0 unique=0 lost=100 per=100.0 rssi_avg=0 rssi_min=0 crc_err=0 garbage=0 tx_lat=0.00000 tx_lon=0.00000 sats=0 fix=0 utc=0 tx_fw=none rx_fw=unknown
PHASE_GUARD 500
LORA_CFG path=1 bw=0x0F sf=7
PHASE_START 0 HF-LoRa-SF7-32 pktSize=32
2026-07-26T14:15:02.647995+00:00 TIME_SYNCED utc=1785075301 offset=1785062473
PHASE_RESULT 0 HF-LoRa-SF7-32 pktSize=32 rx=0 unique=0 lost=20 per=100.0 rssi_avg=0 rssi_min=0 crc_err=0 garbage=0 tx_lat=0.00000 tx_lon=0.00000 sats=0 fix=0 utc=0 tx_fw=none rx_fw=unknown
PHASE_GUARD 500
LORA_CFG path=1 bw=0x0F sf=7
PHASE_START 1 HF-LoRa-SF7-64 pktSize=64
2026-07-26T14:15:04.718372+00:00 PHASE_RESULT 1 HF-LoRa-SF7-64 pktSize=64 rx=0 unique=0 lost=20 per=100.0 rssi_avg=0 rssi_min=0 crc_err=0 garbage=0 tx_lat=0.00000 tx_lon=0.00000 sats=0 fix=0 utc=0 tx_fw=none rx_fw=unknown
PHASE_GUARD 500
LORA_CFG path=1 bw=0x0F sf=7
PHASE_START 2 HF-LoRa-SF7-128 pktSize=128
2026-07-26T14:15:06.775231+00:00 TIME_SYNCED utc=1785075305 offset=1785062473
PHASE_RESULT 2 HF-LoRa-SF7-128 pktSize=128 rx=0 unique=0 lost=20 per=100.0 rssi_avg=0 rssi_min=0 crc_err=0 garbage=0 tx_lat=0.00000 tx_lon=0.00000 sats=0 fix=0 utc=0 tx_fw=none rx_fw=unknown
PHASE_GUARD 500
LORA_CFG path=1 bw=0x0F sf=7
PHASE_START 3 HF-LoRa-SF7-255 pktSize=255
2026-07-26T14:15:09.899289+00:00 PHASE_RESULT 3 HF-LoRa-SF7-255 pktSize=255 rx=0 unique=0 lost=20 per=100.0 rssi_avg=0 rssi_min=0 crc_err=0 garbage=0 tx_lat=0.00000 tx_lon=0.00000 sats=0 fix=0 utc=0 tx_fw=none rx_fw=unknown
PHASE_GUARD 500
LORA_CFG path=1 bw=0x0F sf=9
PHASE_START 4 HF-LoRa-SF9-32 pktSize=32
2026-07-26T14:15:10.915618+00:00 PHASE_RESULT 4 HF-LoRa-SF9-32 pktSize=32 rx=0 unique=0 lost=20 per=100.0 rssi_avg=0 rssi_min=0 crc_err=0 garbage=0 tx_lat=0.00000 tx_lon=0.00000 sats=0 fix=0 utc=0 tx_fw=none rx_fw=unknown
PHASE_GUARD 500
2026-07-26T14:15:11.934179+00:00 LORA_CFG path=1 bw=0x0F sf=9
PHASE_START 5 HF-LoRa-SF9-64 pktSize=64
TIME_SYNCED utc=1785075311 offset=1785062473
2026-07-26T14:15:13.996627+00:00 PHASE_RESULT 5 HF-LoRa-SF9-64 pktSize=64 rx=0 unique=0 lost=20 per=100.0 rssi_avg=0 rssi_min=0 crc_err=0 garbage=0 tx_lat=0.00000 tx_lon=0.00000 sats=0 fix=0 utc=0 tx_fw=none rx_fw=unknown
PHASE_GUARD 500
LORA_CFG path=1 bw=0x0F sf=9
2026-07-26T14:15:15.020637+00:00 PHASE_START 6 HF-LoRa-SF9-128 pktSize=128
2026-07-26T14:15:17.083255+00:00 TIME_SYNCED utc=1785075316 offset=1785062473
2026-07-26T14:15:18.101508+00:00 PHASE_RESULT 6 HF-LoRa-SF9-128 pktSize=128 rx=0 unique=0 lost=13 per=100.0 rssi_avg=0 rssi_min=0 crc_err=0 garbage=0 tx_lat=0.00000 tx_lon=0.00000 sats=0 fix=0 utc=0 tx_fw=none rx_fw=unknown
PHASE_GUARD 500
LORA_CFG path=1 bw=0x0F sf=9
PHASE_START 7 HF-LoRa-SF9-255 pktSize=255
2026-07-26T14:15:21.216909+00:00 PHASE_RESULT 7 HF-LoRa-SF9-255 pktSize=255 rx=0 unique=0 lost=6 per=100.0 rssi_avg=0 rssi_min=0 crc_err=0 garbage=0 tx_lat=0.00000 tx_lon=0.00000 sats=0 fix=0 utc=0 tx_fw=none rx_fw=unknown
PHASE_GUARD 500
LORA_CFG path=1 bw=0x0F sf=12
PHASE_START 8 HF-LoRa-SF12-32 pktSize=32
2026-07-26T14:15:22.232960+00:00 TIME_SYNCED utc=1785075321 offset=1785062473
2026-07-26T14:15:24.295641+00:00 PHASE_RESULT 8 HF-LoRa-SF12-32 pktSize=32 rx=0 unique=0 lost=2 per=100.0 rssi_avg=0 rssi_min=0 crc_err=0 garbage=0 tx_lat=0.00000 tx_lon=0.00000 sats=0 fix=0 utc=0 tx_fw=none rx_fw=unknown
PHASE_GUARD 500
LORA_CFG path=1 bw=0x0F sf=12
PHASE_START 9 HF-LoRa-SF12-64 pktSize=64
2026-07-26T14:15:27.413918+00:00 TIME_SYNCED utc=1785075326 offset=1785062473
PHASE_RESULT 9 HF-LoRa-SF12-64 pktSize=64 rx=0 unique=0 lost=1 per=100.0 rssi_avg=0 rssi_min=0 crc_err=0 garbage=0 tx_lat=0.00000 tx_lon=0.00000 sats=0 fix=0 utc=0 tx_fw=none rx_fw=unknown
PHASE_GUARD 500
LORA_CFG path=1 bw=0x0F sf=12
PHASE_START 10 HF-LoRa-SF12-128 pktSize=128
2026-07-26T14:15:32.628978+00:00 TIME_SYNCED utc=1785075331 offset=1785062473
PHASE_RESULT 10 HF-LoRa-SF12-128 pktSize=128 rx=0 unique=0 lost=1 per=100.0 rssi_avg=0 rssi_min=0 crc_err=0 garbage=0 tx_lat=0.00000 tx_lon=0.00000 sats=0 fix=0 utc=0 tx_fw=none rx_fw=unknown
PHASE_GUARD 500
LORA_CFG path=1 bw=0x0F sf=12
PHASE_START 11 HF-LoRa-SF12-255 pktSize=255
2026-07-26T14:15:37.850235+00:00 TIME_SYNCED utc=1785075336 offset=1785062473
2026-07-26T14:15:42.013892+00:00 TIME_SYNCED utc=1785075341 offset=1785062473
PHASE_RESULT 11 HF-LoRa-SF12-255 pktSize=255 rx=0 unique=0 lost=1 per=100.0 rssi_avg=0 rssi_min=0 crc_err=0 garbage=0 tx_lat=0.00000 tx_lon=0.00000 sats=0 fix=0 utc=0 tx_fw=none rx_fw=unknown
PHASE_GUARD 500
PHASE_START 12 HF-FLRC-2600-32 pktSize=32
2026-07-26T14:15:43.032240+00:00 SYNC_NOT_FOUND first4=11FF00EB
SYNC_NOT_FOUND first4=687766D3
SYNC_NOT_FOUND first4=DA515853
SYNC_NOT_FOUND first4=9DF53F82
SYNC_NOT_FOUND first4=C8D2FA60
SYNC_NOT_FOUND first4=122E1911
SYNC_NOT_FOUND first4=8F2900BD
2026-07-26T14:15:44.042635+00:00 SYNC_NOT_FOUND first4=8283A680
SYNC_NOT_FOUND first4=044FA165
SYNC_NOT_FOUND first4=49F98C2C
SYNC_NOT_FOUND first4=805219A8
SYNC_NOT_FOUND first4=701E6247
SYNC_NOT_FOUND first4=60BFCA63
SYNC_NOT_FOUND first4=B9B5FBC9
PHASE_RESULT 12 HF-FLRC-2600-32 pktSize=32 rx=0 unique=0 lost=100 per=100.0 rssi_avg=0 rssi_min=0 crc_err=0 garbage=14 tx_lat=0.00000 tx_lon=0.00000 sats=0 fix=0 utc=0 tx_fw=none rx_fw=unknown
PHASE_GUARD 500
PHASE_START 13 HF-FLRC-2600-64 pktSize=64
2026-07-26T14:15:45.052635+00:00 SYNC_NOT_FOUND first4=D01EF72A
SYNC_NOT_FOUND first4=BF6F0367
SYNC_NOT_FOUND first4=A73000D0
2026-07-26T14:15:46.065586+00:00 SYNC_NOT_FOUND first4=CA37D99E
SYNC_NOT_FOUND first4=1B5A7D67
SYNC_NOT_FOUND first4=AE7FC48F
PHASE_RESULT 13 HF-FLRC-2600-64 pktSize=64 rx=0 unique=0 lost=100 per=100.0 rssi_avg=0 rssi_min=0 crc_err=0 garbage=6 tx_lat=0.00000 tx_lon=0.00000 sats=0 fix=0 utc=0 tx_fw=none rx_fw=unknown
PHASE_GUARD 500
PHASE_START 14 HF-FLRC-2600-128 pktSize=128
SYNC_NOT_FOUND first4=E0AA2620
2026-07-26T14:15:47.075617+00:00 SYNC_NOT_FOUND first4=F7E5AC37
SYNC_NOT_FOUND first4=450F3CFA
SYNC_NOT_FOUND first4=E8CD0DE6
SYNC_NOT_FOUND first4=0F8CDBC8
SYNC_NOT_FOUND first4=F4498D01
2026-07-26T14:15:48.097400+00:00 TIME_SYNCED utc=1785075347 offset=1785062473
SYNC_NOT_FOUND first4=39A4D3C8
SYNC_NOT_FOUND first4=EF048259
SYNC_NOT_FOUND first4=68A6F58B
SYNC_NOT_FOUND first4=D217D65A
PHASE_RESULT 14 HF-FLRC-2600-128 pktSize=128 rx=0 unique=0 lost=100 per=100.0 rssi_avg=0 rssi_min=0 crc_err=0 garbage=10 tx_lat=0.00000 tx_lon=0.00000 sats=0 fix=0 utc=0 tx_fw=none rx_fw=unknown
PHASE_GUARD 500
PHASE_START 15 HF-FLRC-2600-255 pktSize=255
2026-07-26T14:15:49.107818+00:00 SYNC_NOT_FOUND first4=3669AF70
SYNC_NOT_FOUND first4=5BFB2FF1
SYNC_NOT_FOUND first4=B7CB767F
2026-07-26T14:15:50.121650+00:00 SYNC_NOT_FOUND first4=2439324F
SYNC_NOT_FOUND first4=0CC3C9B0
SYNC_NOT_FOUND first4=8B0EAF35
SYNC_NOT_FOUND first4=7DE45630
PHASE_RESULT 15 HF-FLRC-2600-255 pktSize=255 rx=0 unique=0 lost=100 per=100.0 rssi_avg=0 rssi_min=0 crc_err=0 garbage=7 tx_lat=0.00000 tx_lon=0.00000 sats=0 fix=0 utc=0 tx_fw=none rx_fw=unknown
PHASE_GUARD 500
PHASE_START 16 HF-FLRC-1300-32 pktSize=32
2026-07-26T14:15:51.132174+00:00 SYNC_NOT_FOUND first4=70943852
SYNC_NOT_FOUND first4=3967BC9F
SYNC_NOT_FOUND first4=F8081A93
2026-07-26T14:15:52.143353+00:00 SYNC_NOT_FOUND first4=9AEB812B
SYNC_NOT_FOUND first4=679A57BA
SYNC_NOT_FOUND first4=19E56D32
SYNC_NOT_FOUND first4=41FFA6E8
TIME_SYNCED utc=1785075351 offset=1785062473
PHASE_RESULT 16 HF-FLRC-1300-32 pktSize=32 rx=0 unique=0 lost=100 per=100.0 rssi_avg=0 rssi_min=0 crc_err=0 garbage=7 tx_lat=0.00000 tx_lon=0.00000 sats=0 fix=0 utc=0 tx_fw=none rx_fw=unknown
PHASE_GUARD 500
PHASE_START 17 HF-FLRC-1300-64 pktSize=64
SYNC_NOT_FOUND first4=FDF9A403
2026-07-26T14:15:53.161354+00:00 SYNC_NOT_FOUND first4=74519B5F
SYNC_NOT_FOUND first4=A0BB66A3
SYNC_NOT_FOUND first4=0EE35360
SYNC_NOT_FOUND first4=EA20BBE2
2026-07-26T14:15:54.172509+00:00 SYNC_NOT_FOUND first4=E155EAC8
SYNC_NOT_FOUND first4=688CD81D
PHASE_RESULT 17 HF-FLRC-1300-64 pktSize=64 rx=0 unique=0 lost=100 per=100.0 rssi_avg=0 rssi_min=0 crc_err=0 garbage=7 tx_lat=0.00000 tx_lon=0.00000 sats=0 fix=0 utc=0 tx_fw=none rx_fw=unknown
PHASE_GUARD 500
PHASE_START 18 HF-FLRC-1300-128 pktSize=128
2026-07-26T14:15:55.183894+00:00 SYNC_NOT_FOUND first4=FFC14D5D
SYNC_NOT_FOUND first4=A70EC1D9
SYNC_NOT_FOUND first4=34040C25
2026-07-26T14:15:56.201487+00:00 SYNC_NOT_FOUND first4=38284642
SYNC_NOT_FOUND first4=3197EC4F
PHASE_RESULT 18 HF-FLRC-1300-128 pktSize=128 rx=0 unique=0 lost=100 per=100.0 rssi_avg=0 rssi_min=0 crc_err=0 garbage=5 tx_lat=0.00000 tx_lon=0.00000 sats=0 fix=0 utc=0 tx_fw=none rx_fw=unknown
PHASE_GUARD 500
PHASE_START 19 HF-FLRC-1300-255 pktSize=255
SYNC_NOT_FOUND first4=09C7982D
2026-07-26T14:15:57.217360+00:00 SYNC_NOT_FOUND first4=7EE08DA9
SYNC_NOT_FOUND first4=1A9ABD96
SYNC_NOT_FOUND first4=68967A76
SYNC_NOT_FOUND first4=294501A8
2026-07-26T14:15:58.235668+00:00 TIME_SYNCED utc=1785075357 offset=1785062473
SYNC_NOT_FOUND first4=7B19492D
SYNC_NOT_FOUND first4=9D457D7D
PHASE_RESULT 19 HF-FLRC-1300-255 pktSize=255 rx=0 unique=0 lost=100 per=100.0 rssi_avg=0 rssi_min=0 crc_err=0 garbage=7 tx_lat=0.00000 tx_lon=0.00000 sats=0 fix=0 utc=0 tx_fw=none rx_fw=unknown
PHASE_GUARD 500
PHASE_START 20 HF-FLRC-650-32 pktSize=32
SYNC_NOT_FOUND first4=28F8D66E
SYNC_NOT_FOUND first4=0C1ECF92
SYNC_NOT_FOUND first4=1CBEED37
2026-07-26T14:15:59.246634+00:00 SYNC_NOT_FOUND first4=4CAD85B3
SYNC_NOT_FOUND first4=F1BE9D00
SYNC_NOT_FOUND first4=A3F2A5E4
SYNC_NOT_FOUND first4=A33CD62B
SYNC_NOT_FOUND first4=ACBD2126
SYNC_NOT_FOUND first4=B075555F
SYNC_NOT_FOUND first4=288396E3
SYNC_NOT_FOUND first4=C072DCB4
SYNC_NOT_FOUND first4=0DAEFF9E
SYNC_NOT_FOUND first4=B762E437
SYNC_NOT_FOUND first4=FC0D7381
SYNC_NOT_FOUND first4=9B3F507A
SYNC_NOT_FOUND first4=78FC91C4
SYNC_NOT_FOUND first4=1AC663AD
SYNC_NOT_FOUND first4=367BB17D
SYNC_NOT_FOUND first4=65CC1BF4
SYNC_NOT_FOUND first4=1B59D51A
SYNC_NOT_FOUND first4=492B9A21
SYNC_NOT_FOUND first4=E23853CE
SYNC_NOT_FOUND first4=DB158D69
SYNC_NOT_FOUND first4=3247C436
SYNC_NOT_FOUND first4=B567C817
SYNC_NOT_FOUND first4=0A999D41
SYNC_NOT_FOUND first4=B799F7DB
SYNC_NOT_FOUND first4=544ED1AA
SYNC_NOT_FOUND first4=1C327925
SYNC_NOT_FOUND first4=A30E0EAA
SYNC_NOT_FOUND first4=06C64C18
SYNC_NOT_FOUND first4=F91A2122
SYNC_NOT_FOUND first4=E995F060
2026-07-26T14:16:00.257646+00:00 SYNC_NOT_FOUND first4=A62FE8B1
SYNC_NOT_FOUND first4=35723735
SYNC_NOT_FOUND first4=6421BCCE
SYNC_NOT_FOUND first4=651AF695
SYNC_NOT_FOUND first4=E56C514C
SYNC_NOT_FOUND first4=15E29138
SYNC_NOT_FOUND first4=DD08280E
SYNC_NOT_FOUND first4=DDC3D125
SYNC_NOT_FOUND first4=6BF33CBB
SYNC_NOT_FOUND first4=FBB079FB
SYNC_NOT_FOUND first4=F0492C18
PHASE_RESULT 20 HF-FLRC-650-32 pktSize=32 rx=0 unique=0 lost=100 per=100.0 rssi_avg=0 rssi_min=0 crc_err=0 garbage=44 tx_lat=0.00000 tx_lon=0.00000 sats=0 fix=0 utc=0 tx_fw=none rx_fw=unknown
PHASE_GUARD 500
PHASE_START 21 HF-FLRC-650-64 pktSize=64
SYNC_NOT_FOUND first4=EDB96F62
SYNC_NOT_FOUND first4=00DE6349
SYNC_NOT_FOUND first4=5C8E1EA3
SYNC_NOT_FOUND first4=BAFE13D0
SYNC_NOT_FOUND first4=7445321F
2026-07-26T14:16:01.274485+00:00 SYNC_NOT_FOUND first4=02268A9E
SYNC_NOT_FOUND first4=D231AFE6
SYNC_NOT_FOUND first4=AF2A07A2
SYNC_NOT_FOUND first4=F218FAB0
SYNC_NOT_FOUND first4=4A04CF21
SYNC_NOT_FOUND first4=BC2EDF19
SYNC_NOT_FOUND first4=EB6DCDCE
SYNC_NOT_FOUND first4=7D4E013E
SYNC_NOT_FOUND first4=D5619A1E
SYNC_NOT_FOUND first4=80E5BAA9
SYNC_NOT_FOUND first4=1D303880
SYNC_NOT_FOUND first4=C3AFEC13
SYNC_NOT_FOUND first4=27009605
SYNC_NOT_FOUND first4=EC45ACF9
SYNC_NOT_FOUND first4=6EA5BA50
SYNC_NOT_FOUND first4=1EB80FD7
SYNC_NOT_FOUND first4=D27E3A59
SYNC_NOT_FOUND first4=B7F9A84F
SYNC_NOT_FOUND first4=3600E27B
SYNC_NOT_FOUND first4=9E763F26
SYNC_NOT_FOUND first4=FF9B5687
2026-07-26T14:16:02.277901+00:00 SYNC_NOT_FOUND first4=2CA0AB84
SYNC_NOT_FOUND first4=29A0AB21
SYNC_NOT_FOUND first4=EA5BAC05
SYNC_NOT_FOUND first4=32C83D52
SYNC_NOT_FOUND first4=3209E9C8
SYNC_NOT_FOUND first4=AB5B5FC3
SYNC_NOT_FOUND first4=982A70AC
SYNC_NOT_FOUND first4=EAB60B79
SYNC_NOT_FOUND first4=FAE4AF1B
SYNC_NOT_FOUND first4=0CB66CA4
SYNC_NOT_FOUND first4=7B7D0604
SYNC_NOT_FOUND first4=2D71DF69
PHASE_RESULT 21 HF-FLRC-650-64 pktSize=64 rx=0 unique=0 lost=100 per=100.0 rssi_avg=0 rssi_min=0 crc_err=0 garbage=38 tx_lat=0.00000 tx_lon=0.00000 sats=0 fix=0 utc=0 tx_fw=none rx_fw=unknown
PHASE_GUARD 500
PHASE_START 22 HF-FLRC-650-128 pktSize=128
TIME_SYNCED utc=1785075361 offset=1785062472
PHASE_RESULT 22 HF-FLRC-650-128 pktSize=128 rx=0 unique=0 lost=100 per=100.0 rssi_avg=0 rssi_min=0 crc_err=0 garbage=0 tx_lat=0.00000 tx_lon=0.00000 sats=0 fix=0 utc=0 tx_fw=none rx_fw=unknown
PHASE_GUARD 500
PHASE_START 21 HF-FLRC-650-64 pktSize=64
SYNC_NOT_FOUND first4=4043A05E
2026-07-26T14:16:03.293256+00:00 SYNC_NOT_FOUND first4=B1C5C719
SYNC_NOT_FOUND first4=E37C442C
SYNC_NOT_FOUND first4=A2A49055
SYNC_NOT_FOUND first4=FFAE2F49
SYNC_NOT_FOUND first4=829BCB39
SYNC_NOT_FOUND first4=0D3F21FB
SYNC_NOT_FOUND first4=7817657E
SYNC_NOT_FOUND first4=5994691B
SYNC_NOT_FOUND first4=374EAFB5
SYNC_NOT_FOUND first4=1BC3E495
SYNC_NOT_FOUND first4=212A04DE
SYNC_NOT_FOUND first4=2BFF7D02
SYNC_NOT_FOUND first4=329FB81A
PHASE_RESULT 21 HF-FLRC-650-64 pktSize=64 rx=0 unique=0 lost=100 per=100.0 rssi_avg=0 rssi_min=0 crc_err=0 garbage=14 tx_lat=0.00000 tx_lon=0.00000 sats=0 fix=0 utc=0 tx_fw=none rx_fw=unknown
PHASE_GUARD 500
PHASE_START 22 HF-FLRC-650-128 pktSize=128
SYNC_NOT_FOUND first4=9FA5189F
SYNC_NOT_FOUND first4=4FEAC81E
SYNC_NOT_FOUND first4=A3EF5F31
SYNC_NOT_FOUND first4=F36B3FD2
2026-07-26T14:16:04.311192+00:00 SYNC_NOT_FOUND first4=6195AED1
SYNC_NOT_FOUND first4=D5A4A10A
SYNC_NOT_FOUND first4=1270D1AD
SYNC_NOT_FOUND first4=145B1517
SYNC_NOT_FOUND first4=75D7F549
SYNC_NOT_FOUND first4=42585888
SYNC_NOT_FOUND first4=B5D7E1B1
SYNC_NOT_FOUND first4=373A5F8D
SYNC_NOT_FOUND first4=432BAD89
SYNC_NOT_FOUND first4=7AD48FA9
SYNC_NOT_FOUND first4=8ABFDF4D
SYNC_NOT_FOUND first4=25826C7B
2026-07-26T14:16:05.322482+00:00 SYNC_NOT_FOUND first4=B1EAB68E
SYNC_NOT_FOUND first4=2A8B675D
SYNC_NOT_FOUND first4=D74FE25B
SYNC_NOT_FOUND first4=D8BC1EA7
SYNC_NOT_FOUND first4=E88AF0A1
PHASE_RESULT 22 HF-FLRC-650-128 pktSize=128 rx=0 unique=0 lost=100 per=100.0 rssi_avg=0 rssi_min=0 crc_err=0 garbage=21 tx_lat=0.00000 tx_lon=0.00000 sats=0 fix=0 utc=0 tx_fw=none rx_fw=unknown
PHASE_GUARD 500
PHASE_START 23 HF-FLRC-650-255 pktSize=255
SYNC_NOT_FOUND first4=71F415CC
2026-07-26T14:16:06.344385+00:00 SYNC_NOT_FOUND first4=61A5B828
SYNC_NOT_FOUND first4=353F6C21
SYNC_NOT_FOUND first4=5800949A
SYNC_NOT_FOUND first4=3C775FF5
SYNC_NOT_FOUND first4=85E15CF0
SYNC_NOT_FOUND first4=4A4F8D0A
SYNC_NOT_FOUND first4=AD918FBB
SYNC_NOT_FOUND first4=288E4ABC
SYNC_NOT_FOUND first4=66B39DFD
SYNC_NOT_FOUND first4=605C6403
SYNC_NOT_FOUND first4=47D1CC8B
SYNC_NOT_FOUND first4=EE7869AB
SYNC_NOT_FOUND first4=51AA96BF
2026-07-26T14:16:07.356152+00:00 SYNC_NOT_FOUND first4=10BF4248
SYNC_NOT_FOUND first4=02D245DA
SYNC_NOT_FOUND first4=114237C2
SYNC_NOT_FOUND first4=DE54E59E
SYNC_NOT_FOUND first4=E1E0E48C
SYNC_NOT_FOUND first4=A4BF9EF0
SYNC_NOT_FOUND first4=56BD8694
SYNC_NOT_FOUND first4=89727583
SYNC_NOT_FOUND first4=C76A6B14
PHASE_RESULT 23 HF-FLRC-650-255 pktSize=255 rx=0 unique=0 lost=100 per=100.0 rssi_avg=0 rssi_min=0 crc_err=0 garbage=23 tx_lat=0.00000 tx_lon=0.00000 sats=0 fix=0 utc=0 tx_fw=none rx_fw=unknown
PHASE_GUARD 500
PHASE_START 24 HF-FLRC-325-32 pktSize=32
SYNC_NOT_FOUND first4=3815B087
2026-07-26T14:16:08.374297+00:00 TIME_SYNCED utc=1785075367 offset=1785062473
SYNC_NOT_FOUND first4=CA2288F2
SYNC_NOT_FOUND first4=4570DA13
PHASE_RESULT 24 HF-FLRC-325-32 pktSize=32 rx=0 unique=0 lost=100 per=100.0 rssi_avg=0 rssi_min=0 crc_err=0 garbage=3 tx_lat=0.00000 tx_lon=0.00000 sats=0 fix=0 utc=0 tx_fw=none rx_fw=unknown
PHASE_GUARD 500
PHASE_START 25 HF-FLRC-325-64 pktSize=64
2026-07-26T14:16:09.385542+00:00 SYNC_NOT_FOUND first4=3ABD4C18
2026-07-26T14:16:10.396733+00:00 PHASE_RESULT 25 HF-FLRC-325-64 pktSize=64 rx=0 unique=0 lost=100 per=100.0 rssi_avg=0 rssi_min=0 crc_err=0 garbage=1 tx_lat=0.00000 tx_lon=0.00000 sats=0 fix=0 utc=0 tx_fw=none rx_fw=unknown
PHASE_GUARD 500
PHASE_START 26 HF-FLRC-325-128 pktSize=128
SYNC_NOT_FOUND first4=0BC7C031
SYNC_NOT_FOUND first4=B3A0944B
SYNC_NOT_FOUND first4=69FA7FF8
2026-07-26T14:16:11.415118+00:00 SYNC_NOT_FOUND first4=5EF73784
SYNC_NOT_FOUND first4=72C6A1CB
2026-07-26T14:16:12.428121+00:00 SYNC_NOT_FOUND first4=9034C918
SYNC_NOT_FOUND first4=40887C39
PHASE_RESULT 26 HF-FLRC-325-128 pktSize=128 rx=0 unique=0 lost=100 per=100.0 rssi_avg=0 rssi_min=0 crc_err=0 garbage=7 tx_lat=0.00000 tx_lon=0.00000 sats=0 fix=0 utc=0 tx_fw=none rx_fw=unknown
PHASE_GUARD 500
PHASE_START 27 HF-FLRC-325-255 pktSize=255
TIME_SYNCED utc=1785075371 offset=1785062472
PHASE_RESULT 27 HF-FLRC-325-255 pktSize=255 rx=0 unique=0 lost=100 per=100.0 rssi_avg=0 rssi_min=0 crc_err=0 garbage=0 tx_lat=0.00000 tx_lon=0.00000 sats=0 fix=0 utc=0 tx_fw=none rx_fw=unknown
PHASE_GUARD 500
PHASE_START 26 HF-FLRC-325-128 pktSize=128
SYNC_NOT_FOUND first4=F90CD474
2026-07-26T14:16:13.446295+00:00 SYNC_NOT_FOUND first4=01C65479
PHASE_RESULT 26 HF-FLRC-325-128 pktSize=128 rx=0 unique=0 lost=100 per=100.0 rssi_avg=0 rssi_min=0 crc_err=0 garbage=2 tx_lat=0.00000 tx_lon=0.00000 sats=0 fix=0 utc=0 tx_fw=none rx_fw=unknown
PHASE_GUARD 500
PHASE_START 27 HF-FLRC-325-255 pktSize=255
2026-07-26T14:16:14.458278+00:00 SYNC_NOT_FOUND first4=FC93E2B9
SYNC_NOT_FOUND first4=73FD7BF4
2026-07-26T14:16:15.476031+00:00 SYNC_NOT_FOUND first4=92F53248
SYNC_NOT_FOUND first4=90C0539C
PHASE_RESULT 27 HF-FLRC-325-255 pktSize=255 rx=0 unique=0 lost=100 per=100.0 rssi_avg=0 rssi_min=0 crc_err=0 garbage=4 tx_lat=0.00000 tx_lon=0.00000 sats=0 fix=0 utc=0 tx_fw=none rx_fw=unknown
PHASE_GUARD 500
LORA_CFG path=0 bw=0x05 sf=7
PHASE_START 28 LF-LoRa-SF7-32 pktSize=32
2026-07-26T14:16:17.543367+00:00 PHASE_RESULT 28 LF-LoRa-SF7-32 pktSize=32 rx=0 unique=0 lost=20 per=100.0 rssi_avg=0 rssi_min=0 crc_err=0 garbage=0 tx_lat=0.00000 tx_lon=0.00000 sats=0 fix=0 utc=0 tx_fw=none rx_fw=unknown
PHASE_GUARD 500
LORA_CFG path=0 bw=0x05 sf=7
PHASE_START 29 LF-LoRa-SF7-64 pktSize=64
2026-07-26T14:16:18.562077+00:00 TIME_SYNCED utc=1785075377 offset=1785062473
2026-07-26T14:16:19.573724+00:00 PHASE_RESULT 29 LF-LoRa-SF7-64 pktSize=64 rx=0 unique=0 lost=20 per=100.0 rssi_avg=0 rssi_min=0 crc_err=0 garbage=0 tx_lat=0.00000 tx_lon=0.00000 sats=0 fix=0 utc=0 tx_fw=none rx_fw=unknown
PHASE_GUARD 500
LORA_CFG path=0 bw=0x05 sf=7
PHASE_START 30 LF-LoRa-SF7-128 pktSize=128
2026-07-26T14:16:22.688364+00:00 TIME_SYNCED utc=1785075381 offset=1785062472
2026-07-26T14:16:24.755459+00:00 PHASE_RESULT 30 LF-LoRa-SF7-128 pktSize=128 rx=0 unique=0 lost=13 per=100.0 rssi_avg=0 rssi_min=0 crc_err=0 garbage=0 tx_lat=0.00000 tx_lon=0.00000 sats=0 fix=0 utc=0 tx_fw=none rx_fw=unknown
PHASE_GUARD 500
LORA_CFG path=0 bw=0x05 sf=7
PHASE_START 31 LF-LoRa-SF7-255 pktSize=255
2026-07-26T14:16:27.869579+00:00 PHASE_RESULT 31 LF-LoRa-SF7-255 pktSize=255 rx=0 unique=0 lost=7 per=100.0 rssi_avg=0 rssi_min=0 crc_err=0 garbage=0 tx_lat=0.00000 tx_lon=0.00000 sats=0 fix=0 utc=0 tx_fw=none rx_fw=unknown
PHASE_GUARD 500
2026-07-26T14:16:28.883739+00:00 LORA_CFG path=0 bw=0x05 sf=9
PHASE_START 32 LF-LoRa-SF9-32 pktSize=32
TIME_SYNCED utc=1785075387 offset=1785062472
2026-07-26T14:16:31.997348+00:00 PHASE_RESULT 32 LF-LoRa-SF9-32 pktSize=32 rx=0 unique=0 lost=7 per=100.0 rssi_avg=0 rssi_min=0 crc_err=0 garbage=0 tx_lat=0.00000 tx_lon=0.00000 sats=0 fix=0 utc=0 tx_fw=none rx_fw=unknown
PHASE_GUARD 500
LORA_CFG path=0 bw=0x05 sf=9
PHASE_START 33 LF-LoRa-SF9-64 pktSize=64
TIME_SYNCED utc=1785075391 offset=1785062472
2026-07-26T14:16:35.117693+00:00 PHASE_RESULT 33 LF-LoRa-SF9-64 pktSize=64 rx=0 unique=0 lost=3 per=100.0 rssi_avg=0 rssi_min=0 crc_err=0 garbage=0 tx_lat=0.00000 tx_lon=0.00000 sats=0 fix=0 utc=0 tx_fw=none rx_fw=unknown
PHASE_GUARD 500
LORA_CFG path=0 bw=0x05 sf=9
PHASE_START 34 LF-LoRa-SF9-128 pktSize=128
2026-07-26T14:16:37.182687+00:00 PHASE_RESULT 34 LF-LoRa-SF9-128 pktSize=128 rx=0 unique=0 lost=1 per=100.0 rssi_avg=0 rssi_min=0 crc_err=0 garbage=0 tx_lat=0.00000 tx_lon=0.00000 sats=0 fix=0 utc=0 tx_fw=none rx_fw=unknown
PHASE_GUARD 500
LORA_CFG path=0 bw=0x05 sf=9
PHASE_START 35 LF-LoRa-SF9-255 pktSize=255
2026-07-26T14:16:39.253300+00:00 TIME_SYNCED utc=1785075398 offset=1785062473
2026-07-26T14:16:40.269137+00:00 PHASE_RESULT 35 LF-LoRa-SF9-255 pktSize=255 rx=0 unique=0 lost=1 per=100.0 rssi_avg=0 rssi_min=0 crc_err=0 garbage=0 tx_lat=0.00000 tx_lon=0.00000 sats=0 fix=0 utc=0 tx_fw=none rx_fw=unknown
PHASE_GUARD 500
LORA_CFG path=0 bw=0x05 sf=12
PHASE_START 36 LF-LoRa-SF12-32 pktSize=32
2026-07-26T14:16:42.331966+00:00 TIME_SYNCED utc=1785075401 offset=1785062472
2026-07-26T14:16:49.656269+00:00 TIME_SYNCED utc=1785075408 offset=1785062473
2026-07-26T14:16:52.775934+00:00 TIME_SYNCED utc=1785075411 offset=1785062472
2026-07-26T14:16:55.892541+00:00 PHASE_RESULT 36 LF-LoRa-SF12-32 pktSize=32 rx=0 unique=0 lost=1 per=100.0 rssi_avg=0 rssi_min=0 crc_err=0 garbage=0 tx_lat=0.00000 tx_lon=0.00000 sats=0 fix=0 utc=0 tx_fw=none rx_fw=unknown
PHASE_GUARD 500
2026-07-26T14:16:56.908200+00:00 LORA_CFG path=0 bw=0x05 sf=12
PHASE_START 37 LF-LoRa-SF12-SKIP SKIP pktSize=64
PHASE_RESULT 37 LF-LoRa-SF12-SKIP pktSize=64 rx=0 unique=0 lost=0 per=0.0 rssi_avg=0 rssi_min=0 crc_err=0 garbage=0 tx_lat=0.00000 tx_lon=0.00000 sats=0 fix=0 utc=0 tx_fw=none rx_fw=unknown
PHASE_GUARD 500
2026-07-26T14:16:57.925529+00:00 LORA_CFG path=0 bw=0x05 sf=12
PHASE_START 38 LF-LoRa-SF12-SKIP SKIP pktSize=128
PHASE_RESULT 38 LF-LoRa-SF12-SKIP pktSize=128 rx=0 unique=0 lost=0 per=0.0 rssi_avg=0 rssi_min=0 crc_err=0 garbage=0 tx_lat=0.00000 tx_lon=0.00000 sats=0 fix=0 utc=0 tx_fw=none rx_fw=unknown
PHASE_GUARD 500
LORA_CFG path=0 bw=0x05 sf=12
2026-07-26T14:16:58.936476+00:00 PHASE_START 39 LF-LoRa-SF12-SKIP SKIP pktSize=255
PHASE_RESULT 39 LF-LoRa-SF12-SKIP pktSize=255 rx=0 unique=0 lost=0 per=0.0 rssi_avg=0 rssi_min=0 crc_err=0 garbage=0 tx_lat=0.00000 tx_lon=0.00000 sats=0 fix=0 utc=0 tx_fw=none rx_fw=unknown
PHASE_GUARD 500
2026-07-26T14:16:59.955208+00:00 PHASE_START 40 LF-FLRC-2600-32 pktSize=32
TIME_SYNCED utc=1785075418 offset=1785062472
SYNC_NOT_FOUND first4=70B3F558
2026-07-26T14:17:00.965790+00:00 SYNC_NOT_FOUND first4=3B023828
PHASE_RESULT 40 LF-FLRC-2600-32 pktSize=32 rx=0 unique=0 lost=100 per=100.0 rssi_avg=0 rssi_min=0 crc_err=0 garbage=2 tx_lat=0.00000 tx_lon=0.00000 sats=0 fix=0 utc=0 tx_fw=none rx_fw=unknown
PHASE_GUARD 500
2026-07-26T14:17:01.979030+00:00 PHASE_START 41 LF-FLRC-2600-64 pktSize=64
TIME_SYNCED utc=1785075421 offset=1785062472
2026-07-26T14:17:02.989187+00:00 SYNC_NOT_FOUND first4=84CD8801
SYNC_NOT_FOUND first4=4AA0F2B2
PHASE_RESULT 41 LF-FLRC-2600-64 pktSize=64 rx=0 unique=0 lost=100 per=100.0 rssi_avg=0 rssi_min=0 crc_err=0 garbage=2 tx_lat=0.00000 tx_lon=0.00000 sats=0 fix=0 utc=0 tx_fw=none rx_fw=unknown
PHASE_GUARD 500
PHASE_START 42 LF-FLRC-2600-128 pktSize=128
2026-07-26T14:17:04.006723+00:00 SYNC_NOT_FOUND first4=8B19E754
SYNC_NOT_FOUND first4=8E44E67F
2026-07-26T14:17:05.020489+00:00 PHASE_RESULT 42 LF-FLRC-2600-128 pktSize=128 rx=0 unique=0 lost=100 per=100.0 rssi_avg=0 rssi_min=0 crc_err=0 garbage=2 tx_lat=0.00000 tx_lon=0.00000 sats=0 fix=0 utc=0 tx_fw=none rx_fw=unknown
PHASE_GUARD 500
PHASE_START 43 LF-FLRC-2600-255 pktSize=255
2026-07-26T14:17:07.082818+00:00 SYNC_NOT_FOUND first4=30AB9D5F
PHASE_RESULT 43 LF-FLRC-2600-255 pktSize=255 rx=0 unique=0 lost=100 per=100.0 rssi_avg=0 rssi_min=0 crc_err=0 garbage=1 tx_lat=0.00000 tx_lon=0.00000 sats=0 fix=0 utc=0 tx_fw=none rx_fw=unknown
PHASE_GUARD 500
PHASE_START 44 LF-FLRC-1300-32 pktSize=32
2026-07-26T14:17:09.150283+00:00 PHASE_RESULT 44 LF-FLRC-1300-32 pktSize=32 rx=0 unique=0 lost=100 per=100.0 rssi_avg=0 rssi_min=0 crc_err=0 garbage=0 tx_lat=0.00000 tx_lon=0.00000 sats=0 fix=0 utc=0 tx_fw=none rx_fw=unknown
PHASE_GUARD 500
PHASE_START 45 LF-FLRC-1300-64 pktSize=64
2026-07-26T14:17:10.168287+00:00 TIME_SYNCED utc=1785075429 offset=1785062473
PHASE_RESULT 45 LF-FLRC-1300-64 pktSize=64 rx=0 unique=0 lost=100 per=100.0 rssi_avg=0 rssi_min=0 crc_err=0 garbage=0 tx_lat=0.00000 tx_lon=0.00000 sats=0 fix=0 utc=0 tx_fw=none rx_fw=unknown
PHASE_GUARD 500
PHASE_START 46 LF-FLRC-1300-128 pktSize=128
SYNC_NOT_FOUND first4=65886C95
2026-07-26T14:17:12.230824+00:00 PHASE_RESULT 46 LF-FLRC-1300-128 pktSize=128 rx=0 unique=0 lost=100 per=100.0 rssi_avg=0 rssi_min=0 crc_err=0 garbage=1 tx_lat=0.00000 tx_lon=0.00000 sats=0 fix=0 utc=0 tx_fw=none rx_fw=unknown
PHASE_GUARD 500
PHASE_START 47 LF-FLRC-1300-255 pktSize=255
TIME_SYNCED utc=1785075431 offset=1785062472
PHASE_RESULT 47 LF-FLRC-1300-255 pktSize=255 rx=0 unique=0 lost=100 per=100.0 rssi_avg=0 rssi_min=0 crc_err=0 garbage=0 tx_lat=0.00000 tx_lon=0.00000 sats=0 fix=0 utc=0 tx_fw=none rx_fw=unknown
PHASE_GUARD 500
PHASE_START 46 LF-FLRC-1300-128 pktSize=128
2026-07-26T14:17:13.248944+00:00 PHASE_RESULT 46 LF-FLRC-1300-128 pktSize=128 rx=0 unique=0 lost=100 per=100.0 rssi_avg=0 rssi_min=0 crc_err=0 garbage=0 tx_lat=0.00000 tx_lon=0.00000 sats=0 fix=0 utc=0 tx_fw=none rx_fw=unknown
PHASE_GUARD 500
PHASE_START 47 LF-FLRC-1300-255 pktSize=255
2026-07-26T14:17:15.315706+00:00 SYNC_NOT_FOUND first4=AD6BA057
PHASE_RESULT 47 LF-FLRC-1300-255 pktSize=255 rx=0 unique=0 lost=100 per=100.0 rssi_avg=0 rssi_min=0 crc_err=0 garbage=1 tx_lat=0.00000 tx_lon=0.00000 sats=0 fix=0 utc=0 tx_fw=none rx_fw=unknown
PHASE_GUARD 500
PHASE_START 48 LF-FLRC-650-32 pktSize=32
2026-07-26T14:17:16.334836+00:00 SYNC_NOT_FOUND first4=C0481B88
2026-07-26T14:17:17.348295+00:00 SYNC_NOT_FOUND first4=EF6A3FA5
SYNC_NOT_FOUND first4=5614EC48
PHASE_RESULT 48 LF-FLRC-650-32 pktSize=32 rx=0 unique=0 lost=100 per=100.0 rssi_avg=0 rssi_min=0 crc_err=0 garbage=3 tx_lat=0.00000 tx_lon=0.00000 sats=0 fix=0 utc=0 tx_fw=none rx_fw=unknown
PHASE_GUARD 500
PHASE_START 49 LF-FLRC-650-64 pktSize=64
2026-07-26T14:17:18.366008+00:00 SYNC_NOT_FOUND first4=A12CBEC3
SYNC_NOT_FOUND first4=3A82A22F
SYNC_NOT_FOUND first4=5E1A2F02
SYNC_NOT_FOUND first4=5B9FFEBA
2026-07-26T14:17:19.376839+00:00 SYNC_NOT_FOUND first4=163C77F5
SYNC_NOT_FOUND first4=5E2661A0
PHASE_RESULT 49 LF-FLRC-650-64 pktSize=64 rx=0 unique=0 lost=100 per=100.0 rssi_avg=0 rssi_min=0 crc_err=0 garbage=6 tx_lat=0.00000 tx_lon=0.00000 sats=0 fix=0 utc=0 tx_fw=none rx_fw=unknown
PHASE_GUARD 500
PHASE_START 50 LF-FLRC-650-128 pktSize=128
SYNC_NOT_FOUND first4=8BFEB4BA
2026-07-26T14:17:20.393021+00:00 TIME_SYNCED utc=1785075439 offset=1785062473
SYNC_NOT_FOUND first4=9D95750F
SYNC_NOT_FOUND first4=6D39331C
PHASE_RESULT 50 LF-FLRC-650-128 pktSize=128 rx=0 unique=0 lost=100 per=100.0 rssi_avg=0 rssi_min=0 crc_err=0 garbage=3 tx_lat=0.00000 tx_lon=0.00000 sats=0 fix=0 utc=0 tx_fw=none rx_fw=unknown
PHASE_GUARD 500
PHASE_START 51 LF-FLRC-650-255 pktSize=255
2026-07-26T14:17:21.404040+00:00 SYNC_NOT_FOUND first4=A7C11270
SYNC_NOT_FOUND first4=92175358
SYNC_NOT_FOUND first4=481D3E18
SYNC_NOT_FOUND first4=D5D26A5C
SYNC_NOT_FOUND first4=7B5D2801
SYNC_NOT_FOUND first4=56EB7FC2
2026-07-26T14:17:22.415519+00:00 SYNC_NOT_FOUND first4=A32E6E1A
SYNC_NOT_FOUND first4=051A9D63
PHASE_RESULT 51 LF-FLRC-650-255 pktSize=255 rx=0 unique=0 lost=100 per=100.0 rssi_avg=0 rssi_min=0 crc_err=0 garbage=8 tx_lat=0.00000 tx_lon=0.00000 sats=0 fix=0 utc=0 tx_fw=none rx_fw=unknown
PHASE_GUARD 500
PHASE_START 52 LF-FLRC-325-32 pktSize=32
TIME_SYNCED utc=1785075441 offset=1785062472
PHASE_RESULT 52 LF-FLRC-325-32 pktSize=32 rx=0 unique=0 lost=100 per=100.0 rssi_avg=0 rssi_min=0 crc_err=0 garbage=0 tx_lat=0.00000 tx_lon=0.00000 sats=0 fix=0 utc=0 tx_fw=none rx_fw=unknown
PHASE_GUARD 500
PHASE_START 51 LF-FLRC-650-255 pktSize=255
2026-07-26T14:17:23.434062+00:00 SYNC_NOT_FOUND first4=FD445225
SYNC_NOT_FOUND first4=1DF3BE89
SYNC_NOT_FOUND first4=33C27B5B
PHASE_RESULT 51 LF-FLRC-650-255 pktSize=255 rx=0 unique=0 lost=100 per=100.0 rssi_avg=0 rssi_min=0 crc_err=0 garbage=3 tx_lat=0.00000 tx_lon=0.00000 sats=0 fix=0 utc=0 tx_fw=none rx_fw=unknown
PHASE_GUARD 500
PHASE_START 52 LF-FLRC-325-32 pktSize=32
2026-07-26T14:17:25.497148+00:00 PHASE_RESULT 52 LF-FLRC-325-32 pktSize=32 rx=0 unique=0 lost=100 per=100.0 rssi_avg=0 rssi_min=0 crc_err=0 garbage=0 tx_lat=0.00000 tx_lon=0.00000 sats=0 fix=0 utc=0 tx_fw=none rx_fw=unknown
PHASE_GUARD 500
PHASE_START 53 LF-FLRC-325-64 pktSize=64
2026-07-26T14:17:27.570688+00:00 PHASE_RESULT 53 LF-FLRC-325-64 pktSize=64 rx=0 unique=0 lost=100 per=100.0 rssi_avg=0 rssi_min=0 crc_err=0 garbage=0 tx_lat=0.00000 tx_lon=0.00000 sats=0 fix=0 utc=0 tx_fw=none rx_fw=unknown
PHASE_GUARD 500
PHASE_START 54 LF-FLRC-325-128 pktSize=128
2026-07-26T14:17:29.640090+00:00 PHASE_RESULT 54 LF-FLRC-325-128 pktSize=128 rx=0 unique=0 lost=100 per=100.0 rssi_avg=0 rssi_min=0 crc_err=0 garbage=0 tx_lat=0.00000 tx_lon=0.00000 sats=0 fix=0 utc=0 tx_fw=none rx_fw=unknown
PHASE_GUARD 500
PHASE_START 55 LF-FLRC-325-255 pktSize=255
2026-07-26T14:17:30.652236+00:00 TIME_SYNCED utc=1785075449 offset=1785062473
PHASE_RESULT 55 LF-FLRC-325-255 pktSize=255 rx=0 unique=0 lost=100 per=100.0 rssi_avg=0 rssi_min=0 crc_err=0 garbage=0 tx_lat=0.00000 tx_lon=0.00000 sats=0 fix=0 utc=0 tx_fw=none rx_fw=unknown
PHASE_GUARD 500
LORA_CFG path=1 bw=0x0F sf=7
PHASE_START 0 HF-LoRa-SF7-32 pktSize=32
2026-07-26T14:17:32.714890+00:00 PHASE_RESULT 0 HF-LoRa-SF7-32 pktSize=32 rx=0 unique=0 lost=20 per=100.0 rssi_avg=0 rssi_min=0 crc_err=0 garbage=0 tx_lat=0.00000 tx_lon=0.00000 sats=0 fix=0 utc=0 tx_fw=none rx_fw=unknown
PHASE_GUARD 500
LORA_CFG path=1 bw=0x0F sf=7
PHASE_START 1 HF-LoRa-SF7-64 pktSize=64
TIME_SYNCED utc=1785075451 offset=1785062472
PHASE_RESULT 1 HF-LoRa-SF7-64 pktSize=64 rx=0 unique=0 lost=20 per=100.0 rssi_avg=0 rssi_min=0 crc_err=0 garbage=0 tx_lat=0.00000 tx_lon=0.00000 sats=0 fix=0 utc=0 tx_fw=none rx_fw=unknown
PHASE_GUARD 500
LORA_CFG path=1 bw=0x0F sf=7
PHASE_START 0 HF-LoRa-SF7-32 pktSize=32
2026-07-26T14:17:33.729202+00:00 PHASE_RESULT 0 HF-LoRa-SF7-32 pktSize=32 rx=0 unique=0 lost=20 per=100.0 rssi_avg=0 rssi_min=0 crc_err=0 garbage=0 tx_lat=0.00000 tx_lon=0.00000 sats=0 fix=0 utc=0 tx_fw=none rx_fw=unknown
PHASE_GUARD 500
LORA_CFG path=1 bw=0x0F sf=7
PHASE_START 1 HF-LoRa-SF7-64 pktSize=64
2026-07-26T14:17:35.792401+00:00 PHASE_RESULT 1 HF-LoRa-SF7-64 pktSize=64 rx=0 unique=0 lost=20 per=100.0 rssi_avg=0 rssi_min=0 crc_err=0 garbage=0 tx_lat=0.00000 tx_lon=0.00000 sats=0 fix=0 utc=0 tx_fw=none rx_fw=unknown
PHASE_GUARD 500
LORA_CFG path=1 bw=0x0F sf=7
PHASE_START 2 HF-LoRa-SF7-128 pktSize=128
2026-07-26T14:17:37.848721+00:00 PHASE_RESULT 2 HF-LoRa-SF7-128 pktSize=128 rx=0 unique=0 lost=20 per=100.0 rssi_avg=0 rssi_min=0 crc_err=0 garbage=0 tx_lat=0.00000 tx_lon=0.00000 sats=0 fix=0 utc=0 tx_fw=none rx_fw=unknown
PHASE_GUARD 500
LORA_CFG path=1 bw=0x0F sf=7
PHASE_START 3 HF-LoRa-SF7-255 pktSize=255
2026-07-26T14:17:39.911956+00:00 PHASE_RESULT 3 HF-LoRa-SF7-255 pktSize=255 rx=0 unique=0 lost=20 per=100.0 rssi_avg=0 rssi_min=0 crc_err=0 garbage=0 tx_lat=0.00000 tx_lon=0.00000 sats=0 fix=0 utc=0 tx_fw=none rx_fw=unknown
PHASE_GUARD 500
LORA_CFG path=1 bw=0x0F sf=9
2026-07-26T14:17:40.924291+00:00 PHASE_START 4 HF-LoRa-SF9-32 pktSize=32
TIME_SYNCED utc=1785075459 offset=1785062472
2026-07-26T14:17:41.935480+00:00 PHASE_RESULT 4 HF-LoRa-SF9-32 pktSize=32 rx=0 unique=0 lost=20 per=100.0 rssi_avg=0 rssi_min=0 crc_err=0 garbage=0 tx_lat=0.00000 tx_lon=0.00000 sats=0 fix=0 utc=0 tx_fw=none rx_fw=unknown
PHASE_GUARD 500
LORA_CFG path=1 bw=0x0F sf=9
2026-07-26T14:17:42.947340+00:00 PHASE_START 5 HF-LoRa-SF9-64 pktSize=64
TIME_SYNCED utc=1785075462 offset=1785062473
2026-07-26T14:17:43.959355+00:00 PHASE_RESULT 5 HF-LoRa-SF9-64 pktSize=64 rx=0 unique=0 lost=20 per=100.0 rssi_avg=0 rssi_min=0 crc_err=0 garbage=0 tx_lat=0.00000 tx_lon=0.00000 sats=0 fix=0 utc=0 tx_fw=none rx_fw=unknown
PHASE_GUARD 500
LORA_CFG path=1 bw=0x0F sf=9
2026-07-26T14:17:44.971569+00:00 PHASE_START 6 HF-LoRa-SF9-128 pktSize=128
2026-07-26T14:17:48.086039+00:00 PHASE_RESULT 6 HF-LoRa-SF9-128 pktSize=128 rx=0 unique=0 lost=13 per=100.0 rssi_avg=0 rssi_min=0 crc_err=0 garbage=0 tx_lat=0.00000 tx_lon=0.00000 sats=0 fix=0 utc=0 tx_fw=none rx_fw=unknown
PHASE_GUARD 500
LORA_CFG path=1 bw=0x0F sf=9
PHASE_START 7 HF-LoRa-SF9-255 pktSize=255
2026-07-26T14:17:51.200406+00:00 TIME_SYNCED utc=1785075470 offset=1785062473
PHASE_RESULT 7 HF-LoRa-SF9-255 pktSize=255 rx=0 unique=0 lost=6 per=100.0 rssi_avg=0 rssi_min=0 crc_err=0 garbage=0 tx_lat=0.00000 tx_lon=0.00000 sats=0 fix=0 utc=0 tx_fw=none rx_fw=unknown
PHASE_GUARD 500
LORA_CFG path=1 bw=0x0F sf=12
PHASE_START 8 HF-LoRa-SF12-32 pktSize=32
2026-07-26T14:17:52.212199+00:00 TIME_SYNCED utc=1785075472 offset=1785062473
2026-07-26T14:17:54.275009+00:00 PHASE_RESULT 8 HF-LoRa-SF12-32 pktSize=32 rx=0 unique=0 lost=2 per=100.0 rssi_avg=0 rssi_min=0 crc_err=0 garbage=0 tx_lat=0.00000 tx_lon=0.00000 sats=0 fix=0 utc=0 tx_fw=none rx_fw=unknown
PHASE_GUARD 500
LORA_CFG path=1 bw=0x0F sf=12
PHASE_START 9 HF-LoRa-SF12-64 pktSize=64
2026-07-26T14:17:57.392896+00:00 PHASE_RESULT 9 HF-LoRa-SF12-64 pktSize=64 rx=0 unique=0 lost=1 per=100.0 rssi_avg=0 rssi_min=0 crc_err=0 garbage=0 tx_lat=0.00000 tx_lon=0.00000 sats=0 fix=0 utc=0 tx_fw=none rx_fw=unknown
PHASE_GUARD 500
LORA_CFG path=1 bw=0x0F sf=12
PHASE_START 10 HF-LoRa-SF12-128 pktSize=128
2026-07-26T14:18:01.560026+00:00 TIME_SYNCED utc=1785075480 offset=1785062473
2026-07-26T14:18:02.572158+00:00 PHASE_RESULT 10 HF-LoRa-SF12-128 pktSize=128 rx=0 unique=0 lost=1 per=100.0 rssi_avg=0 rssi_min=0 crc_err=0 garbage=0 tx_lat=0.00000 tx_lon=0.00000 sats=0 fix=0 utc=0 tx_fw=none rx_fw=unknown
PHASE_GUARD 500
LORA_CFG path=1 bw=0x0F sf=12
PHASE_START 11 HF-LoRa-SF12-255 pktSize=255
TIME_SYNCED utc=1785075482 offset=1785062473
2026-07-26T14:18:11.994498+00:00 TIME_SYNCED utc=1785075490 offset=1785062472
2026-07-26T14:18:13.006301+00:00 TIME_SYNCED utc=1785075492 offset=1785062473
PHASE_RESULT 11 HF-LoRa-SF12-255 pktSize=255 rx=0 unique=0 lost=1 per=100.0 rssi_avg=0 rssi_min=0 crc_err=0 garbage=0 tx_lat=0.00000 tx_lon=0.00000 sats=0 fix=0 utc=0 tx_fw=none rx_fw=unknown
PHASE_GUARD 500
PHASE_START 12 HF-FLRC-2600-32 pktSize=32
SYNC_NOT_FOUND first4=3C7F0063
SYNC_NOT_FOUND first4=4711B192
SYNC_NOT_FOUND first4=87C65A09
SYNC_NOT_FOUND first4=D961B660
SYNC_NOT_FOUND first4=B2FCF831
SYNC_NOT_FOUND first4=24F8080D
SYNC_NOT_FOUND first4=8F4E9C63
SYNC_NOT_FOUND first4=228566B0
SYNC_NOT_FOUND first4=E7BDBEDB
SYNC_NOT_FOUND first4=E99D04E9
SYNC_NOT_FOUND first4=473E3CB0
SYNC_NOT_FOUND first4=5B2EA0D6
SYNC_NOT_FOUND first4=4F495A43
2026-07-26T14:18:14.017462+00:00 SYNC_NOT_FOUND first4=2C9CC350
SYNC_NOT_FOUND first4=B4FAEA64
SYNC_NOT_FOUND first4=121975F9
SYNC_NOT_FOUND first4=47C94A1D
SYNC_NOT_FOUND first4=7BECF6B8
SYNC_NOT_FOUND first4=D24D2EF8
SYNC_NOT_FOUND first4=C855FCE2
SYNC_NOT_FOUND first4=4882AAC7
PHASE_RESULT 12 HF-FLRC-2600-32 pktSize=32 rx=0 unique=0 lost=100 per=100.0 rssi_avg=0 rssi_min=0 crc_err=0 garbage=21 tx_lat=0.00000 tx_lon=0.00000 sats=0 fix=0 utc=0 tx_fw=none rx_fw=unknown
PHASE_GUARD 500
PHASE_START 13 HF-FLRC-2600-64 pktSize=64
2026-07-26T14:18:15.029526+00:00 SYNC_NOT_FOUND first4=274A45B2
SYNC_NOT_FOUND first4=D0C6A661
SYNC_NOT_FOUND first4=A79E9D37
SYNC_NOT_FOUND first4=3B6AE378
SYNC_NOT_FOUND first4=A182AC8C
SYNC_NOT_FOUND first4=A29A884C
SYNC_NOT_FOUND first4=9B741AF9
SYNC_NOT_FOUND first4=B0F6DF7C
SYNC_NOT_FOUND first4=D95F5A5B
2026-07-26T14:18:16.040525+00:00 SYNC_NOT_FOUND first4=9F37D888
SYNC_NOT_FOUND first4=8E3D2D5E
SYNC_NOT_FOUND first4=97D4E650
SYNC_NOT_FOUND first4=B1337F02
PHASE_RESULT 13 HF-FLRC-2600-64 pktSize=64 rx=0 unique=0 lost=100 per=100.0 rssi_avg=0 rssi_min=0 crc_err=0 garbage=13 tx_lat=0.00000 tx_lon=0.00000 sats=0 fix=0 utc=0 tx_fw=none rx_fw=unknown
PHASE_GUARD 500
PHASE_START 14 HF-FLRC-2600-128 pktSize=128
SYNC_NOT_FOUND first4=C291204C
2026-07-26T14:18:17.052652+00:00 SYNC_NOT_FOUND first4=319E2464
SYNC_NOT_FOUND first4=0D7ED828
SYNC_NOT_FOUND first4=F00BC856
SYNC_NOT_FOUND first4=2888A444
SYNC_NOT_FOUND first4=00634D07
SYNC_NOT_FOUND first4=6DFC6CA1
2026-07-26T14:18:18.063661+00:00 SYNC_NOT_FOUND first4=B82F8B90
SYNC_NOT_FOUND first4=62C9D636
PHASE_RESULT 14 HF-FLRC-2600-128 pktSize=128 rx=0 unique=0 lost=100 per=100.0 rssi_avg=0 rssi_min=0 crc_err=0 garbage=9 tx_lat=0.00000 tx_lon=0.00000 sats=0 fix=0 utc=0 tx_fw=none rx_fw=unknown
PHASE_GUARD 500
PHASE_START 15 HF-FLRC-2600-255 pktSize=255
SYNC_NOT_FOUND first4=D9FC4029
2026-07-26T14:18:19.074733+00:00 SYNC_NOT_FOUND first4=7A1062BC
SYNC_NOT_FOUND first4=DD0CB971
SYNC_NOT_FOUND first4=C7261F50
SYNC_NOT_FOUND first4=659282CA
SYNC_NOT_FOUND first4=A8C52F71
SYNC_NOT_FOUND first4=5BF3EA70
SYNC_NOT_FOUND first4=4B2D13A4
SYNC_NOT_FOUND first4=E2C50F2C
SYNC_NOT_FOUND first4=1B6E977D
SYNC_NOT_FOUND first4=A4F43643
SYNC_NOT_FOUND first4=2D291905
SYNC_NOT_FOUND first4=A537B1AF
2026-07-26T14:18:20.086309+00:00 SYNC_NOT_FOUND first4=AC570C31
SYNC_NOT_FOUND first4=4BCFD4B6
PHASE_RESULT 15 HF-FLRC-2600-255 pktSize=255 rx=0 unique=0 lost=100 per=100.0 rssi_avg=0 rssi_min=0 crc_err=0 garbage=15 tx_lat=0.00000 tx_lon=0.00000 sats=0 fix=0 utc=0 tx_fw=none rx_fw=unknown
PHASE_GUARD 500
PHASE_START 16 HF-FLRC-1300-32 pktSize=32
2026-07-26T14:18:21.089986+00:00 SYNC_NOT_FOUND first4=0344A9B0
SYNC_NOT_FOUND first4=63E159C4
2026-07-26T14:18:22.101562+00:00 TIME_SYNCED utc=1785075501 offset=1785062473
SYNC_NOT_FOUND first4=038718DA
SYNC_NOT_FOUND first4=71A7521C
SYNC_NOT_FOUND first4=2868612F
SYNC_NOT_FOUND first4=BADAE057
SYNC_NOT_FOUND first4=35A1701E
PHASE_RESULT 16 HF-FLRC-1300-32 pktSize=32 rx=0 unique=0 lost=100 per=100.0 rssi_avg=0 rssi_min=0 crc_err=0 garbage=7 tx_lat=0.00000 tx_lon=0.00000 sats=0 fix=0 utc=0 tx_fw=none rx_fw=unknown
PHASE_GUARD 500
PHASE_START 17 HF-FLRC-1300-64 pktSize=64
TIME_SYNCED utc=1785075502 offset=1785062473
2026-07-26T14:18:23.113795+00:00 SYNC_NOT_FOUND first4=3EC3DC1A
SYNC_NOT_FOUND first4=5E87048F
SYNC_NOT_FOUND first4=0F8865ED
2026-07-26T14:18:24.124891+00:00 SYNC_NOT_FOUND first4=FCF2833A
SYNC_NOT_FOUND first4=9FC98DB5
SYNC_NOT_FOUND first4=12DB42A8
PHASE_RESULT 17 HF-FLRC-1300-64 pktSize=64 rx=0 unique=0 lost=100 per=100.0 rssi_avg=0 rssi_min=0 crc_err=0 garbage=6 tx_lat=0.00000 tx_lon=0.00000 sats=0 fix=0 utc=0 tx_fw=none rx_fw=unknown
PHASE_GUARD 500
PHASE_START 18 HF-FLRC-1300-128 pktSize=128
2026-07-26T14:18:25.137450+00:00 SYNC_NOT_FOUND first4=BFF9A34A
SYNC_NOT_FOUND first4=5795AA4C
SYNC_NOT_FOUND first4=785ABE1B
2026-07-26T14:18:26.148913+00:00 SYNC_NOT_FOUND first4=0778E541
SYNC_NOT_FOUND first4=06CA5B92
SYNC_NOT_FOUND first4=D9CF5387
PHASE_RESULT 18 HF-FLRC-1300-128 pktSize=128 rx=0 unique=0 lost=100 per=100.0 rssi_avg=0 rssi_min=0 crc_err=0 garbage=6 tx_lat=0.00000 tx_lon=0.00000 sats=0 fix=0 utc=0 tx_fw=none rx_fw=unknown
PHASE_GUARD 500
PHASE_START 19 HF-FLRC-1300-255 pktSize=255
SYNC_NOT_FOUND first4=986EAC6D
2026-07-26T14:18:27.160981+00:00 SYNC_NOT_FOUND first4=A811D7F5
2026-07-26T14:18:28.172101+00:00 SYNC_NOT_FOUND first4=4D70EF30
PHASE_RESULT 19 HF-FLRC-1300-255 pktSize=255 rx=0 unique=0 lost=100 per=100.0 rssi_avg=0 rssi_min=0 crc_err=0 garbage=3 tx_lat=0.00000 tx_lon=0.00000 sats=0 fix=0 utc=0 tx_fw=none rx_fw=unknown
PHASE_GUARD 500
PHASE_START 20 HF-FLRC-650-32 pktSize=32
SYNC_NOT_FOUND first4=71423C4E
SYNC_NOT_FOUND first4=9F5CAAD1
2026-07-26T14:18:29.183147+00:00 SYNC_NOT_FOUND first4=0B825A0E
SYNC_NOT_FOUND first4=5C7A8B39
SYNC_NOT_FOUND first4=E7E5A894
SYNC_NOT_FOUND first4=50D1D761
SYNC_NOT_FOUND first4=95AAC83E
SYNC_NOT_FOUND first4=1BB749B9
SYNC_NOT_FOUND first4=A466ECE4
SYNC_NOT_FOUND first4=8086E060
SYNC_NOT_FOUND first4=7DA6EB08
2026-07-26T14:18:30.194750+00:00 SYNC_NOT_FOUND first4=A2B8685E
SYNC_NOT_FOUND first4=58026ED5
SYNC_NOT_FOUND first4=C04A06AB
SYNC_NOT_FOUND first4=FD59962D
SYNC_NOT_FOUND first4=52D8EA6F
SYNC_NOT_FOUND first4=F9817632
PHASE_RESULT 20 HF-FLRC-650-32 pktSize=32 rx=0 unique=0 lost=100 per=100.0 rssi_avg=0 rssi_min=0 crc_err=0 garbage=17 tx_lat=0.00000 tx_lon=0.00000 sats=0 fix=0 utc=0 tx_fw=none rx_fw=unknown
PHASE_GUARD 500
PHASE_START 21 HF-FLRC-650-64 pktSize=64
SYNC_NOT_FOUND first4=97B7228E
SYNC_NOT_FOUND first4=13EFA5EF
2026-07-26T14:18:31.205854+00:00 SYNC_NOT_FOUND first4=D471E157
SYNC_NOT_FOUND first4=F0A8566C
SYNC_NOT_FOUND first4=63EA0A7E
SYNC_NOT_FOUND first4=25AC3F26
SYNC_NOT_FOUND first4=9252D0BA
SYNC_NOT_FOUND first4=2C2CC119
SYNC_NOT_FOUND first4=FCE662CE
SYNC_NOT_FOUND first4=1E845725
SYNC_NOT_FOUND first4=E490D19E
SYNC_NOT_FOUND first4=82079587
SYNC_NOT_FOUND first4=8BC77E4A
SYNC_NOT_FOUND first4=01875FF5
SYNC_NOT_FOUND first4=3F099567
SYNC_NOT_FOUND first4=CB2AF372
SYNC_NOT_FOUND first4=4F8CEA26
SYNC_NOT_FOUND first4=4DEB760D
2026-07-26T14:18:32.217633+00:00 TIME_SYNCED utc=1785075511 offset=1785062473
SYNC_NOT_FOUND first4=546288D4
SYNC_NOT_FOUND first4=7A50CA6D
SYNC_NOT_FOUND first4=381A6410
SYNC_NOT_FOUND first4=0F9D1889
SYNC_NOT_FOUND first4=6BCEBCE8
SYNC_NOT_FOUND first4=ED6BB904
SYNC_NOT_FOUND first4=0D0CACE9
PHASE_RESULT 21 HF-FLRC-650-64 pktSize=64 rx=0 unique=0 lost=100 per=100.0 rssi_avg=0 rssi_min=0 crc_err=0 garbage=25 tx_lat=0.00000 tx_lon=0.00000 sats=0 fix=0 utc=0 tx_fw=none rx_fw=unknown
PHASE_GUARD 500
PHASE_START 22 HF-FLRC-650-128 pktSize=128
SYNC_NOT_FOUND first4=03F88C8B
SYNC_NOT_FOUND first4=3B682101
SYNC_NOT_FOUND first4=7A110A4D
TIME_SYNCED utc=1785075512 offset=1785062473
SYNC_NOT_FOUND first4=2558B857
SYNC_NOT_FOUND first4=1208D2F5
SYNC_NOT_FOUND first4=30B38677
2026-07-26T14:18:33.228443+00:00 SYNC_NOT_FOUND first4=649757FA
SYNC_NOT_FOUND first4=41D6182A
SYNC_NOT_FOUND first4=6E8FF3F6
SYNC_NOT_FOUND first4=FD59DBAF
SYNC_NOT_FOUND first4=BF07CC71
SYNC_NOT_FOUND first4=AA2BD98D
SYNC_NOT_FOUND first4=84485BEF
SYNC_NOT_FOUND first4=0B78B876
SYNC_NOT_FOUND first4=B744AB75
SYNC_NOT_FOUND first4=67BDAF44
SYNC_NOT_FOUND first4=80960F17
SYNC_NOT_FOUND first4=5D162E76
SYNC_NOT_FOUND first4=787D756B
SYNC_NOT_FOUND first4=EF4E18F1
SYNC_NOT_FOUND first4=F04F6600
SYNC_NOT_FOUND first4=57B2C315
SYNC_NOT_FOUND first4=BE3AFA45
2026-07-26T14:18:34.239361+00:00 SYNC_NOT_FOUND first4=AA1CFB71
SYNC_NOT_FOUND first4=CC3F59EE
SYNC_NOT_FOUND first4=D8007211
SYNC_NOT_FOUND first4=49086A42
SYNC_NOT_FOUND first4=3DC516AD
SYNC_NOT_FOUND first4=CD33DB97
SYNC_NOT_FOUND first4=3355FDB1
PHASE_RESULT 22 HF-FLRC-650-128 pktSize=128 rx=0 unique=0 lost=100 per=100.0 rssi_avg=0 rssi_min=0 crc_err=0 garbage=30 tx_lat=0.00000 tx_lon=0.00000 sats=0 fix=0 utc=0 tx_fw=none rx_fw=unknown
PHASE_GUARD 500
PHASE_START 23 HF-FLRC-650-255 pktSize=255
SYNC_NOT_FOUND first4=A59B4041
SYNC_NOT_FOUND first4=548599AB
SYNC_NOT_FOUND first4=01173F76
2026-07-26T14:18:35.251101+00:00 SYNC_NOT_FOUND first4=1257F446
SYNC_NOT_FOUND first4=29B929BD
SYNC_NOT_FOUND first4=EA5A886D
SYNC_NOT_FOUND first4=9E36D5D3
SYNC_NOT_FOUND first4=6E15840D
SYNC_NOT_FOUND first4=56766778
SYNC_NOT_FOUND first4=B526A838
SYNC_NOT_FOUND first4=D5B03FA2
SYNC_NOT_FOUND first4=740E2AA5
SYNC_NOT_FOUND first4=9F0FEAAF
SYNC_NOT_FOUND first4=4A66F3A3
SYNC_NOT_FOUND first4=BD09BDA2
SYNC_NOT_FOUND first4=FDBAA4E3
SYNC_NOT_FOUND first4=56D90DBC
SYNC_NOT_FOUND first4=6143CBBA
SYNC_NOT_FOUND first4=295C0054
SYNC_NOT_FOUND first4=333A3EF8
SYNC_NOT_FOUND first4=25FB5ACE
2026-07-26T14:18:36.262326+00:00 SYNC_NOT_FOUND first4=17290584
SYNC_NOT_FOUND first4=F6C2746B
SYNC_NOT_FOUND first4=3385A0B5
SYNC_NOT_FOUND first4=1D0D1FAA
SYNC_NOT_FOUND first4=9D8B42B2
SYNC_NOT_FOUND first4=FF14FCBA
SYNC_NOT_FOUND first4=4CEA27E9
SYNC_NOT_FOUND first4=63C7B7A4
SYNC_NOT_FOUND first4=B0BF0D59
SYNC_NOT_FOUND first4=9B6DFC8D
PHASE_RESULT 23 HF-FLRC-650-255 pktSize=255 rx=0 unique=0 lost=100 per=100.0 rssi_avg=0 rssi_min=0 crc_err=0 garbage=31 tx_lat=0.00000 tx_lon=0.00000 sats=0 fix=0 utc=0 tx_fw=none rx_fw=unknown
PHASE_GUARD 500
PHASE_START 24 HF-FLRC-325-32 pktSize=32
2026-07-26T14:18:37.277092+00:00 SYNC_NOT_FOUND first4=ABFA0452
SYNC_NOT_FOUND first4=BBF174DC
SYNC_NOT_FOUND first4=249A4F12
SYNC_NOT_FOUND first4=67464659
SYNC_NOT_FOUND first4=1D018FFF
2026-07-26T14:18:38.288206+00:00 PHASE_RESULT 24 HF-FLRC-325-32 pktSize=32 rx=0 unique=0 lost=100 per=100.0 rssi_avg=0 rssi_min=0 crc_err=0 garbage=5 tx_lat=0.00000 tx_lon=0.00000 sats=0 fix=0 utc=0 tx_fw=none rx_fw=unknown
PHASE_GUARD 500
PHASE_START 25 HF-FLRC-325-64 pktSize=64
2026-07-26T14:18:39.300582+00:00 SYNC_NOT_FOUND first4=4663F8BE
SYNC_NOT_FOUND first4=3BB6E6DF
SYNC_NOT_FOUND first4=517EE916
SYNC_NOT_FOUND first4=3E3E1708
2026-07-26T14:18:40.312406+00:00 SYNC_NOT_FOUND first4=15E17D0C
SYNC_NOT_FOUND first4=47E0F55A
SYNC_NOT_FOUND first4=FDDC8443
SYNC_NOT_FOUND first4=22814008
PHASE_RESULT 25 HF-FLRC-325-64 pktSize=64 rx=0 unique=0 lost=100 per=100.0 rssi_avg=0 rssi_min=0 crc_err=0 garbage=8 tx_lat=0.00000 tx_lon=0.00000 sats=0 fix=0 utc=0 tx_fw=none rx_fw=unknown
PHASE_GUARD 500
PHASE_START 26 HF-FLRC-325-128 pktSize=128
SYNC_NOT_FOUND first4=3D0EE29A
2026-07-26T14:18:41.323719+00:00 SYNC_NOT_FOUND first4=B922E25D
SYNC_NOT_FOUND first4=D42C6AB4
SYNC_NOT_FOUND first4=C05EFFA7
SYNC_NOT_FOUND first4=85052CBA
SYNC_NOT_FOUND first4=D48DD6F3
SYNC_NOT_FOUND first4=7C192464
2026-07-26T14:18:42.335826+00:00 TIME_SYNCED utc=1785075521 offset=1785062473
SYNC_NOT_FOUND first4=1BAA1704
PHASE_RESULT 26 HF-FLRC-325-128 pktSize=128 rx=0 unique=0 lost=100 per=100.0 rssi_avg=0 rssi_min=0 crc_err=0 garbage=8 tx_lat=0.00000 tx_lon=0.00000 sats=0 fix=0 utc=0 tx_fw=none rx_fw=unknown
PHASE_GUARD 500
PHASE_START 27 HF-FLRC-325-255 pktSize=255
TIME_SYNCED utc=1785075522 offset=1785062473
2026-07-26T14:18:43.347043+00:00 SYNC_NOT_FOUND first4=6B90DDD8
SYNC_NOT_FOUND first4=57D019A2
2026-07-26T14:18:44.358353+00:00 SYNC_NOT_FOUND first4=473341E3
SYNC_NOT_FOUND first4=56059ADE
SYNC_NOT_FOUND first4=A5679C25
SYNC_NOT_FOUND first4=F95D1E54
PHASE_RESULT 27 HF-FLRC-325-255 pktSize=255 rx=0 unique=0 lost=100 per=100.0 rssi_avg=0 rssi_min=0 crc_err=0 garbage=6 tx_lat=0.00000 tx_lon=0.00000 sats=0 fix=0 utc=0 tx_fw=none rx_fw=unknown
PHASE_GUARD 500
LORA_CFG path=0 bw=0x05 sf=7
PHASE_START 28 LF-LoRa-SF7-32 pktSize=32
2026-07-26T14:18:46.421174+00:00 PHASE_RESULT 28 LF-LoRa-SF7-32 pktSize=32 rx=0 unique=0 lost=20 per=100.0 rssi_avg=0 rssi_min=0 crc_err=0 garbage=0 tx_lat=0.00000 tx_lon=0.00000 sats=0 fix=0 utc=0 tx_fw=none rx_fw=unknown
PHASE_GUARD 500
LORA_CFG path=0 bw=0x05 sf=7
PHASE_START 29 LF-LoRa-SF7-64 pktSize=64
2026-07-26T14:18:49.535017+00:00 PHASE_RESULT 29 LF-LoRa-SF7-64 pktSize=64 rx=0 unique=0 lost=20 per=100.0 rssi_avg=0 rssi_min=0 crc_err=0 garbage=0 tx_lat=0.00000 tx_lon=0.00000 sats=0 fix=0 utc=0 tx_fw=none rx_fw=unknown
PHASE_GUARD 500
LORA_CFG path=0 bw=0x05 sf=7
PHASE_START 30 LF-LoRa-SF7-128 pktSize=128
2026-07-26T14:18:52.650661+00:00 TIME_SYNCED utc=1785075531 offset=1785062473
TIME_SYNCED utc=1785075532 offset=1785062473
2026-07-26T14:18:53.663127+00:00 PHASE_RESULT 30 LF-LoRa-SF7-128 pktSize=128 rx=0 unique=0 lost=13 per=100.0 rssi_avg=0 rssi_min=0 crc_err=0 garbage=0 tx_lat=0.00000 tx_lon=0.00000 sats=0 fix=0 utc=0 tx_fw=none rx_fw=unknown
PHASE_GUARD 500
LORA_CFG path=0 bw=0x05 sf=7
PHASE_START 31 LF-LoRa-SF7-255 pktSize=255
2026-07-26T14:18:57.829355+00:00 PHASE_RESULT 31 LF-LoRa-SF7-255 pktSize=255 rx=0 unique=0 lost=7 per=100.0 rssi_avg=0 rssi_min=0 crc_err=0 garbage=0 tx_lat=0.00000 tx_lon=0.00000 sats=0 fix=0 utc=0 tx_fw=none rx_fw=unknown
PHASE_GUARD 500
LORA_CFG path=0 bw=0x05 sf=9
PHASE_START 32 LF-LoRa-SF9-32 pktSize=32
2026-07-26T14:19:00.943456+00:00 PHASE_RESULT 32 LF-LoRa-SF9-32 pktSize=32 rx=0 unique=0 lost=7 per=100.0 rssi_avg=0 rssi_min=0 crc_err=0 garbage=0 tx_lat=0.00000 tx_lon=0.00000 sats=0 fix=0 utc=0 tx_fw=none rx_fw=unknown
PHASE_GUARD 500
LORA_CFG path=0 bw=0x05 sf=9
2026-07-26T14:19:01.955244+00:00 PHASE_START 33 LF-LoRa-SF9-64 pktSize=64
2026-07-26T14:19:02.967469+00:00 TIME_SYNCED utc=1785075541 offset=1785062472
TIME_SYNCED utc=1785075542 offset=1785062473
2026-07-26T14:19:03.978448+00:00 PHASE_RESULT 33 LF-LoRa-SF9-64 pktSize=64 rx=0 unique=0 lost=3 per=100.0 rssi_avg=0 rssi_min=0 crc_err=0 garbage=0 tx_lat=0.00000 tx_lon=0.00000 sats=0 fix=0 utc=0 tx_fw=none rx_fw=unknown
PHASE_GUARD 500
LORA_CFG path=0 bw=0x05 sf=9
PHASE_START 34 LF-LoRa-SF9-128 pktSize=128
2026-07-26T14:19:06.040789+00:00 PHASE_RESULT 34 LF-LoRa-SF9-128 pktSize=128 rx=0 unique=0 lost=1 per=100.0 rssi_avg=0 rssi_min=0 crc_err=0 garbage=0 tx_lat=0.00000 tx_lon=0.00000 sats=0 fix=0 utc=0 tx_fw=none rx_fw=unknown
PHASE_GUARD 500
LORA_CFG path=0 bw=0x05 sf=9
PHASE_START 35 LF-LoRa-SF9-255 pktSize=255
2026-07-26T14:19:10.206979+00:00 PHASE_RESULT 35 LF-LoRa-SF9-255 pktSize=255 rx=0 unique=0 lost=1 per=100.0 rssi_avg=0 rssi_min=0 crc_err=0 garbage=0 tx_lat=0.00000 tx_lon=0.00000 sats=0 fix=0 utc=0 tx_fw=none rx_fw=unknown
PHASE_GUARD 500
LORA_CFG path=0 bw=0x05 sf=12
PHASE_START 36 LF-LoRa-SF12-32 pktSize=32
2026-07-26T14:19:12.268675+00:00 TIME_SYNCED utc=1785075552 offset=1785062473
2026-07-26T14:19:13.281287+00:00 TIME_SYNCED utc=1785075552 offset=1785062473
2026-07-26T14:19:22.702776+00:00 TIME_SYNCED utc=1785075562 offset=1785062473
2026-07-26T14:19:23.714352+00:00 TIME_SYNCED utc=1785075562 offset=1785062473
2026-07-26T14:19:25.777238+00:00 PHASE_RESULT 36 LF-LoRa-SF12-32 pktSize=32 rx=0 unique=0 lost=1 per=100.0 rssi_avg=0 rssi_min=0 crc_err=0 garbage=0 tx_lat=0.00000 tx_lon=0.00000 sats=0 fix=0 utc=0 tx_fw=none rx_fw=unknown
PHASE_GUARD 500
LORA_CFG path=0 bw=0x05 sf=12
PHASE_START 37 LF-LoRa-SF12-SKIP SKIP pktSize=64
2026-07-26T14:19:26.782235+00:00 PHASE_RESULT 37 LF-LoRa-SF12-SKIP pktSize=64 rx=0 unique=0 lost=0 per=0.0 rssi_avg=0 rssi_min=0 crc_err=0 garbage=0 tx_lat=0.00000 tx_lon=0.00000 sats=0 fix=0 utc=0 tx_fw=none rx_fw=unknown
PHASE_GUARD 500
LORA_CFG path=0 bw=0x05 sf=12
PHASE_START 38 LF-LoRa-SF12-SKIP SKIP pktSize=128
2026-07-26T14:19:27.794515+00:00 PHASE_RESULT 38 LF-LoRa-SF12-SKIP pktSize=128 rx=0 unique=0 lost=0 per=0.0 rssi_avg=0 rssi_min=0 crc_err=0 garbage=0 tx_lat=0.00000 tx_lon=0.00000 sats=0 fix=0 utc=0 tx_fw=none rx_fw=unknown
PHASE_GUARD 500
LORA_CFG path=0 bw=0x05 sf=12
PHASE_START 39 LF-LoRa-SF12-SKIP SKIP pktSize=255
2026-07-26T14:19:28.807295+00:00 PHASE_RESULT 39 LF-LoRa-SF12-SKIP pktSize=255 rx=0 unique=0 lost=0 per=0.0 rssi_avg=0 rssi_min=0 crc_err=0 garbage=0 tx_lat=0.00000 tx_lon=0.00000 sats=0 fix=0 utc=0 tx_fw=none rx_fw=unknown
PHASE_GUARD 500
PHASE_START 40 LF-FLRC-2600-32 pktSize=32
2026-07-26T14:19:29.818421+00:00 PHASE_RESULT 40 LF-FLRC-2600-32 pktSize=32 rx=0 unique=0 lost=100 per=100.0 rssi_avg=0 rssi_min=0 crc_err=0 garbage=0 tx_lat=0.00000 tx_lon=0.00000 sats=0 fix=0 utc=0 tx_fw=none rx_fw=unknown
2026-07-26T14:19:30.829356+00:00 PHASE_GUARD 500
PHASE_START 41 LF-FLRC-2600-64 pktSize=64
SYNC_NOT_FOUND first4=635D20B8
2026-07-26T14:19:31.841308+00:00 PHASE_RESULT 41 LF-FLRC-2600-64 pktSize=64 rx=0 unique=0 lost=100 per=100.0 rssi_avg=0 rssi_min=0 crc_err=0 garbage=1 tx_lat=0.00000 tx_lon=0.00000 sats=0 fix=0 utc=0 tx_fw=none rx_fw=unknown
PHASE_GUARD 500
2026-07-26T14:19:32.852784+00:00 PHASE_START 42 LF-FLRC-2600-128 pktSize=128
TIME_SYNCED utc=1785075572 offset=1785062473
SYNC_NOT_FOUND first4=5475475B
SYNC_NOT_FOUND first4=70113796
2026-07-26T14:19:33.865912+00:00 TIME_SYNCED utc=1785075572 offset=1785062472
SYNC_NOT_FOUND first4=5E95A1EA
2026-07-26T14:19:34.877218+00:00 SYNC_NOT_FOUND first4=67BBC793
PHASE_RESULT 42 LF-FLRC-2600-128 pktSize=128 rx=0 unique=0 lost=100 per=100.0 rssi_avg=0 rssi_min=0 crc_err=0 garbage=4 tx_lat=0.00000 tx_lon=0.00000 sats=0 fix=0 utc=0 tx_fw=none rx_fw=unknown
PHASE_GUARD 500
2026-07-26T14:19:35.889357+00:00 PHASE_START 43 LF-FLRC-2600-255 pktSize=255
2026-07-26T14:19:36.900849+00:00 PHASE_RESULT 43 LF-FLRC-2600-255 pktSize=255 rx=0 unique=0 lost=100 per=100.0 rssi_avg=0 rssi_min=0 crc_err=0 garbage=0 tx_lat=0.00000 tx_lon=0.00000 sats=0 fix=0 utc=0 tx_fw=none rx_fw=unknown
PHASE_GUARD 500
2026-07-26T14:19:37.912445+00:00 PHASE_START 44 LF-FLRC-1300-32 pktSize=32
2026-07-26T14:19:38.924391+00:00 PHASE_RESULT 44 LF-FLRC-1300-32 pktSize=32 rx=0 unique=0 lost=100 per=100.0 rssi_avg=0 rssi_min=0 crc_err=0 garbage=0 tx_lat=0.00000 tx_lon=0.00000 sats=0 fix=0 utc=0 tx_fw=none rx_fw=unknown
PHASE_GUARD 500
2026-07-26T14:19:39.936300+00:00 PHASE_START 45 LF-FLRC-1300-64 pktSize=64
SYNC_NOT_FOUND first4=B44993BF
2026-07-26T14:19:40.950239+00:00 PHASE_RESULT 45 LF-FLRC-1300-64 pktSize=64 rx=0 unique=0 lost=100 per=100.0 rssi_avg=0 rssi_min=0 crc_err=0 garbage=1 tx_lat=0.00000 tx_lon=0.00000 sats=0 fix=0 utc=0 tx_fw=none rx_fw=unknown
PHASE_GUARD 500
2026-07-26T14:19:41.965348+00:00 PHASE_START 46 LF-FLRC-1300-128 pktSize=128
2026-07-26T14:19:42.977048+00:00 TIME_SYNCED utc=1785075582 offset=1785062473
PHASE_RESULT 46 LF-FLRC-1300-128 pktSize=128 rx=0 unique=0 lost=100 per=100.0 rssi_avg=0 rssi_min=0 crc_err=0 garbage=0 tx_lat=0.00000 tx_lon=0.00000 sats=0 fix=0 utc=0 tx_fw=none rx_fw=unknown
PHASE_GUARD 500
PHASE_START 47 LF-FLRC-1300-255 pktSize=255
2026-07-26T14:19:43.992206+00:00 TIME_SYNCED utc=1785075582 offset=1785062472
2026-07-26T14:19:45.006265+00:00 PHASE_RESULT 47 LF-FLRC-1300-255 pktSize=255 rx=0 unique=0 lost=100 per=100.0 rssi_avg=0 rssi_min=0 crc_err=0 garbage=0 tx_lat=0.00000 tx_lon=0.00000 sats=0 fix=0 utc=0 tx_fw=none rx_fw=unknown
PHASE_GUARD 500
PHASE_START 48 LF-FLRC-650-32 pktSize=32
2026-07-26T14:19:46.017361+00:00 SYNC_NOT_FOUND first4=5BCF53D1
2026-07-26T14:19:47.031922+00:00 SYNC_NOT_FOUND first4=482AE1C5
PHASE_RESULT 48 LF-FLRC-650-32 pktSize=32 rx=0 unique=0 lost=100 per=100.0 rssi_avg=0 rssi_min=0 crc_err=0 garbage=2 tx_lat=0.00000 tx_lon=0.00000 sats=0 fix=0 utc=0 tx_fw=none rx_fw=unknown
PHASE_GUARD 500
PHASE_START 49 LF-FLRC-650-64 pktSize=64
2026-07-26T14:19:48.043354+00:00 SYNC_NOT_FOUND first4=890C2A60
2026-07-26T14:19:49.055293+00:00 PHASE_RESULT 49 LF-FLRC-650-64 pktSize=64 rx=0 unique=0 lost=100 per=100.0 rssi_avg=0 rssi_min=0 crc_err=0 garbage=1 tx_lat=0.00000 tx_lon=0.00000 sats=0 fix=0 utc=0 tx_fw=none rx_fw=unknown
PHASE_GUARD 500
PHASE_START 50 LF-FLRC-650-128 pktSize=128
2026-07-26T14:19:50.066662+00:00 SYNC_NOT_FOUND first4=2531A997
SYNC_NOT_FOUND first4=0AD143A7
SYNC_NOT_FOUND first4=B50767F8
SYNC_NOT_FOUND first4=9CA785EA
2026-07-26T14:19:51.077800+00:00 SYNC_NOT_FOUND first4=4FDB15B2
PHASE_RESULT 50 LF-FLRC-650-128 pktSize=128 rx=0 unique=0 lost=100 per=100.0 rssi_avg=0 rssi_min=0 crc_err=0 garbage=5 tx_lat=0.00000 tx_lon=0.00000 sats=0 fix=0 utc=0 tx_fw=none rx_fw=unknown
PHASE_GUARD 500
PHASE_START 51 LF-FLRC-650-255 pktSize=255
2026-07-26T14:19:52.089957+00:00 SYNC_NOT_FOUND first4=35320235
SYNC_NOT_FOUND first4=00ACE34C
SYNC_NOT_FOUND first4=F9AE85C4
2026-07-26T14:19:53.100972+00:00 TIME_SYNCED utc=1785075592 offset=1785062473
PHASE_RESULT 51 LF-FLRC-650-255 pktSize=255 rx=0 unique=0 lost=100 per=100.0 rssi_avg=0 rssi_min=0 crc_err=0 garbage=3 tx_lat=0.00000 tx_lon=0.00000 sats=0 fix=0 utc=0 tx_fw=none rx_fw=unknown
PHASE_GUARD 500
PHASE_START 52 LF-FLRC-325-32 pktSize=32
SYNC_NOT_FOUND first4=01D20750
2026-07-26T14:19:54.112958+00:00 TIME_SYNCED utc=1785075593 offset=1785062473
PHASE_RESULT 52 LF-FLRC-325-32 pktSize=32 rx=0 unique=0 lost=100 per=100.0 rssi_avg=0 rssi_min=0 crc_err=0 garbage=1 tx_lat=0.00000 tx_lon=0.00000 sats=0 fix=0 utc=0 tx_fw=none rx_fw=unknown
PHASE_GUARD 500
PHASE_START 53 LF-FLRC-325-64 pktSize=64
2026-07-26T14:19:56.174791+00:00 PHASE_RESULT 53 LF-FLRC-325-64 pktSize=64 rx=0 unique=0 lost=100 per=100.0 rssi_avg=0 rssi_min=0 crc_err=0 garbage=0 tx_lat=0.00000 tx_lon=0.00000 sats=0 fix=0 utc=0 tx_fw=none rx_fw=unknown
PHASE_GUARD 500
PHASE_START 54 LF-FLRC-325-128 pktSize=128
2026-07-26T14:19:58.237928+00:00 PHASE_RESULT 54 LF-FLRC-325-128 pktSize=128 rx=0 unique=0 lost=100 per=100.0 rssi_avg=0 rssi_min=0 crc_err=0 garbage=0 tx_lat=0.00000 tx_lon=0.00000 sats=0 fix=0 utc=0 tx_fw=none rx_fw=unknown
PHASE_GUARD 500
PHASE_START 55 LF-FLRC-325-255 pktSize=255
2026-07-26T14:20:00.300784+00:00 PHASE_RESULT 55 LF-FLRC-325-255 pktSize=255 rx=0 unique=0 lost=100 per=100.0 rssi_avg=0 rssi_min=0 crc_err=0 garbage=0 tx_lat=0.00000 tx_lon=0.00000 sats=0 fix=0 utc=0 tx_fw=none rx_fw=unknown
PHASE_GUARD 500
LORA_CFG path=1 bw=0x0F sf=7
PHASE_START 0 HF-LoRa-SF7-32 pktSize=32
2026-07-26T14:20:02.364654+00:00 PHASE_RESULT 0 HF-LoRa-SF7-32 pktSize=32 rx=0 unique=0 lost=20 per=100.0 rssi_avg=0 rssi_min=0 crc_err=0 garbage=0 tx_lat=0.00000 tx_lon=0.00000 sats=0 fix=0 utc=0 tx_fw=none rx_fw=unknown
PHASE_GUARD 500
LORA_CFG path=1 bw=0x0F sf=7
PHASE_START 1 HF-LoRa-SF7-64 pktSize=64
TIME_SYNCED utc=1785075602 offset=1785062473
2026-07-26T14:20:04.420242+00:00 TIME_SYNCED utc=1785075603 offset=1785062473
PHASE_RESULT 1 HF-LoRa-SF7-64 pktSize=64 rx=0 unique=0 lost=20 per=100.0 rssi_avg=0 rssi_min=0 crc_err=0 garbage=0 tx_lat=0.00000 tx_lon=0.00000 sats=0 fix=0 utc=0 tx_fw=none rx_fw=unknown
PHASE_GUARD 500
LORA_CFG path=1 bw=0x0F sf=7
PHASE_START 2 HF-LoRa-SF7-128 pktSize=128
2026-07-26T14:20:06.483641+00:00 PHASE_RESULT 2 HF-LoRa-SF7-128 pktSize=128 rx=0 unique=0 lost=20 per=100.0 rssi_avg=0 rssi_min=0 crc_err=0 garbage=0 tx_lat=0.00000 tx_lon=0.00000 sats=0 fix=0 utc=0 tx_fw=none rx_fw=unknown
PHASE_GUARD 500
LORA_CFG path=1 bw=0x0F sf=7
PHASE_START 3 HF-LoRa-SF7-255 pktSize=255
2026-07-26T14:20:09.599034+00:00 PHASE_RESULT 3 HF-LoRa-SF7-255 pktSize=255 rx=0 unique=0 lost=20 per=100.0 rssi_avg=0 rssi_min=0 crc_err=0 garbage=0 tx_lat=0.00000 tx_lon=0.00000 sats=0 fix=0 utc=0 tx_fw=none rx_fw=unknown
PHASE_GUARD 500
LORA_CFG path=1 bw=0x0F sf=9
PHASE_START 4 HF-LoRa-SF9-32 pktSize=32
2026-07-26T14:20:11.662946+00:00 PHASE_RESULT 4 HF-LoRa-SF9-32 pktSize=32 rx=0 unique=0 lost=20 per=100.0 rssi_avg=0 rssi_min=0 crc_err=0 garbage=0 tx_lat=0.00000 tx_lon=0.00000 sats=0 fix=0 utc=0 tx_fw=none rx_fw=unknown
PHASE_GUARD 500
LORA_CFG path=1 bw=0x0F sf=9
PHASE_START 5 HF-LoRa-SF9-64 pktSize=64
2026-07-26T14:20:12.674884+00:00 TIME_SYNCED utc=1785075612 offset=1785062473
2026-07-26T14:20:14.738213+00:00 TIME_SYNCED utc=1785075613 offset=1785062473
PHASE_RESULT 5 HF-LoRa-SF9-64 pktSize=64 rx=0 unique=0 lost=20 per=100.0 rssi_avg=0 rssi_min=0 crc_err=0 garbage=0 tx_lat=0.00000 tx_lon=0.00000 sats=0 fix=0 utc=0 tx_fw=none rx_fw=unknown
PHASE_GUARD 500
LORA_CFG path=1 bw=0x0F sf=9
PHASE_START 6 HF-LoRa-SF9-128 pktSize=128
2026-07-26T14:20:17.851886+00:00 PHASE_RESULT 6 HF-LoRa-SF9-128 pktSize=128 rx=0 unique=0 lost=13 per=100.0 rssi_avg=0 rssi_min=0 crc_err=0 garbage=0 tx_lat=0.00000 tx_lon=0.00000 sats=0 fix=0 utc=0 tx_fw=none rx_fw=unknown
PHASE_GUARD 500
2026-07-26T14:20:18.864353+00:00 LORA_CFG path=1 bw=0x0F sf=9
PHASE_START 7 HF-LoRa-SF9-255 pktSize=255
2026-07-26T14:20:20.927112+00:00 PHASE_RESULT 7 HF-LoRa-SF9-255 pktSize=255 rx=0 unique=0 lost=6 per=100.0 rssi_avg=0 rssi_min=0 crc_err=0 garbage=0 tx_lat=0.00000 tx_lon=0.00000 sats=0 fix=0 utc=0 tx_fw=none rx_fw=unknown
PHASE_GUARD 500
LORA_CFG path=1 bw=0x0F sf=12
2026-07-26T14:20:21.938301+00:00 PHASE_START 8 HF-LoRa-SF12-32 pktSize=32
2026-07-26T14:20:22.950787+00:00 TIME_SYNCED utc=1785075622 offset=1785062473
2026-07-26T14:20:23.961921+00:00 PHASE_RESULT 8 HF-LoRa-SF12-32 pktSize=32 rx=0 unique=0 lost=2 per=100.0 rssi_avg=0 rssi_min=0 crc_err=0 garbage=0 tx_lat=0.00000 tx_lon=0.00000 sats=0 fix=0 utc=0 tx_fw=none rx_fw=unknown
PHASE_GUARD 500
LORA_CFG path=1 bw=0x0F sf=12
PHASE_START 9 HF-LoRa-SF12-64 pktSize=64
2026-07-26T14:20:24.973879+00:00 TIME_SYNCED utc=1785075623 offset=1785062472
PHASE_RESULT 9 HF-LoRa-SF12-64 pktSize=64 rx=0 unique=0 lost=1 per=100.0 rssi_avg=0 rssi_min=0 crc_err=0 garbage=0 tx_lat=0.00000 tx_lon=0.00000 sats=0 fix=0 utc=0 tx_fw=none rx_fw=unknown
PHASE_GUARD 500
LORA_CFG path=1 bw=0x0F sf=12
PHASE_START 8 HF-LoRa-SF12-32 pktSize=32
PHASE_RESULT 8 HF-LoRa-SF12-32 pktSize=32 rx=0 unique=0 lost=2 per=100.0 rssi_avg=0 rssi_min=0 crc_err=0 garbage=0 tx_lat=0.00000 tx_lon=0.00000 sats=0 fix=0 utc=0 tx_fw=none rx_fw=unknown
PHASE_GUARD 500
LORA_CFG path=1 bw=0x0F sf=12
PHASE_START 9 HF-LoRa-SF12-64 pktSize=64
2026-07-26T14:20:28.086511+00:00 PHASE_RESULT 9 HF-LoRa-SF12-64 pktSize=64 rx=0 unique=0 lost=1 per=100.0 rssi_avg=0 rssi_min=0 crc_err=0 garbage=0 tx_lat=0.00000 tx_lon=0.00000 sats=0 fix=0 utc=0 tx_fw=none rx_fw=unknown
PHASE_GUARD 500
LORA_CFG path=1 bw=0x0F sf=12
PHASE_START 10 HF-LoRa-SF12-128 pktSize=128
2026-07-26T14:20:33.302297+00:00 TIME_SYNCED utc=1785075632 offset=1785062473
PHASE_RESULT 10 HF-LoRa-SF12-128 pktSize=128 rx=0 unique=0 lost=1 per=100.0 rssi_avg=0 rssi_min=0 crc_err=0 garbage=0 tx_lat=0.00000 tx_lon=0.00000 sats=0 fix=0 utc=0 tx_fw=none rx_fw=unknown
PHASE_GUARD 500
LORA_CFG path=1 bw=0x0F sf=12
PHASE_START 11 HF-LoRa-SF12-255 pktSize=255
2026-07-26T14:20:35.365356+00:00 TIME_SYNCED utc=1785075634 offset=1785062473
2026-07-26T14:20:42.684619+00:00 PHASE_RESULT 11 HF-LoRa-SF12-255 pktSize=255 rx=0 unique=0 lost=1 per=100.0 rssi_avg=0 rssi_min=0 crc_err=0 garbage=0 tx_lat=0.00000 tx_lon=0.00000 sats=0 fix=0 utc=0 tx_fw=none rx_fw=unknown
PHASE_GUARD 500
PHASE_START 12 HF-FLRC-2600-32 pktSize=32
SYNC_NOT_FOUND first4=6A3A29FD
SYNC_NOT_FOUND first4=B8CCF117
SYNC_NOT_FOUND first4=2E28ED6A
TIME_SYNCED utc=1785075642 offset=1785062473
SYNC_NOT_FOUND first4=74E84FB0
SYNC_NOT_FOUND first4=8FE0B2B8
SYNC_NOT_FOUND first4=C04E47C1
SYNC_NOT_FOUND first4=411B8E8C
SYNC_NOT_FOUND first4=C0872868
2026-07-26T14:20:43.701040+00:00 SYNC_NOT_FOUND first4=539256F3
SYNC_NOT_FOUND first4=C7FC4144
SYNC_NOT_FOUND first4=BA466E44
SYNC_NOT_FOUND first4=1058B323
SYNC_NOT_FOUND first4=814F76A5
SYNC_NOT_FOUND first4=3BBB710D
SYNC_NOT_FOUND first4=B6F29CAF
SYNC_NOT_FOUND first4=8184A15A
2026-07-26T14:20:44.712292+00:00 PHASE_RESULT 12 HF-FLRC-2600-32 pktSize=32 rx=0 unique=0 lost=100 per=100.0 rssi_avg=0 rssi_min=0 crc_err=0 garbage=16 tx_lat=0.00000 tx_lon=0.00000 sats=0 fix=0 utc=0 tx_fw=none rx_fw=unknown
PHASE_GUARD 500
PHASE_START 13 HF-FLRC-2600-64 pktSize=64
SYNC_NOT_FOUND first4=E230535E
SYNC_NOT_FOUND first4=2C935281
SYNC_NOT_FOUND first4=CD38BFBE
SYNC_NOT_FOUND first4=189C23C0
SYNC_NOT_FOUND first4=3330E419
SYNC_NOT_FOUND first4=465E0947
2026-07-26T14:20:45.728720+00:00 TIME_SYNCED utc=1785075644 offset=1785062473
SYNC_NOT_FOUND first4=0A04ED5A
SYNC_NOT_FOUND first4=61F726FD
SYNC_NOT_FOUND first4=B92D073C
SYNC_NOT_FOUND first4=A9138410
SYNC_NOT_FOUND first4=D256D162
SYNC_NOT_FOUND first4=B7C361C5
SYNC_NOT_FOUND first4=BBE419C1
2026-07-26T14:20:46.739831+00:00 SYNC_NOT_FOUND first4=0CBC58B0
PHASE_RESULT 13 HF-FLRC-2600-64 pktSize=64 rx=0 unique=0 lost=100 per=100.0 rssi_avg=0 rssi_min=0 crc_err=0 garbage=14 tx_lat=0.00000 tx_lon=0.00000 sats=0 fix=0 utc=0 tx_fw=none rx_fw=unknown
PHASE_GUARD 500
PHASE_START 14 HF-FLRC-2600-128 pktSize=128
SYNC_NOT_FOUND first4=6AF2009A
SYNC_NOT_FOUND first4=A8ACD4AB
SYNC_NOT_FOUND first4=DB31B866
SYNC_NOT_FOUND first4=96930D86
SYNC_NOT_FOUND first4=52E2562B
SYNC_NOT_FOUND first4=2B1A3B13
2026-07-26T14:20:47.750679+00:00 SYNC_NOT_FOUND first4=FA540193
SYNC_NOT_FOUND first4=3F740089
SYNC_NOT_FOUND first4=6E0B02CE
SYNC_NOT_FOUND first4=C0E07EFE
SYNC_NOT_FOUND first4=DD2675A3
SYNC_NOT_FOUND first4=3F9F9052
2026-07-26T14:20:48.758773+00:00 PHASE_RESULT 14 HF-FLRC-2600-128 pktSize=128 rx=0 unique=0 lost=100 per=100.0 rssi_avg=0 rssi_min=0 crc_err=0 garbage=12 tx_lat=0.00000 tx_lon=0.00000 sats=0 fix=0 utc=0 tx_fw=none rx_fw=unknown
PHASE_GUARD 500
PHASE_START 15 HF-FLRC-2600-255 pktSize=255
SYNC_NOT_FOUND first4=774C6D40
SYNC_NOT_FOUND first4=E270C452
SYNC_NOT_FOUND first4=CE41C7F1
2026-07-26T14:20:49.769505+00:00 SYNC_NOT_FOUND first4=49683A12
SYNC_NOT_FOUND first4=4A2CA6B9
SYNC_NOT_FOUND first4=1324DE28
SYNC_NOT_FOUND first4=33A9F865
2026-07-26T14:20:50.785719+00:00 SYNC_NOT_FOUND first4=C0E31380
PHASE_RESULT 15 HF-FLRC-2600-255 pktSize=255 rx=0 unique=0 lost=100 per=100.0 rssi_avg=0 rssi_min=0 crc_err=0 garbage=8 tx_lat=0.00000 tx_lon=0.00000 sats=0 fix=0 utc=0 tx_fw=none rx_fw=unknown
PHASE_GUARD 500
PHASE_START 16 HF-FLRC-1300-32 pktSize=32
SYNC_NOT_FOUND first4=9D30BF2B
SYNC_NOT_FOUND first4=ABBF3360
SYNC_NOT_FOUND first4=3BFE49DC
2026-07-26T14:20:51.796817+00:00 SYNC_NOT_FOUND first4=1B504A65
SYNC_NOT_FOUND first4=5C6C3146
SYNC_NOT_FOUND first4=61159664
SYNC_NOT_FOUND first4=5B93D439
SYNC_NOT_FOUND first4=997AEC2A
PHASE_RESULT 16 HF-FLRC-1300-32 pktSize=32 rx=0 unique=0 lost=100 per=100.0 rssi_avg=0 rssi_min=0 crc_err=0 garbage=8 tx_lat=0.00000 tx_lon=0.00000 sats=0 fix=0 utc=0 tx_fw=none rx_fw=unknown
2026-07-26T14:20:52.808392+00:00 PHASE_GUARD 500
PHASE_START 17 HF-FLRC-1300-64 pktSize=64
SYNC_NOT_FOUND first4=77D2C404
TIME_SYNCED utc=1785075652 offset=1785062473
SYNC_NOT_FOUND first4=ABCC7CD5
SYNC_NOT_FOUND first4=69B3AB5E
SYNC_NOT_FOUND first4=6E83A591
SYNC_NOT_FOUND first4=0541843D
2026-07-26T14:20:53.812854+00:00 SYNC_NOT_FOUND first4=672E9070
SYNC_NOT_FOUND first4=F3F1614C
PHASE_RESULT 17 HF-FLRC-1300-64 pktSize=64 rx=0 unique=0 lost=100 per=100.0 rssi_avg=0 rssi_min=0 crc_err=0 garbage=7 tx_lat=0.00000 tx_lon=0.00000 sats=0 fix=0 utc=0 tx_fw=none rx_fw=unknown
PHASE_GUARD 500
2026-07-26T14:20:54.818680+00:00 PHASE_START 18 HF-FLRC-1300-128 pktSize=128
SYNC_NOT_FOUND first4=90849242
SYNC_NOT_FOUND first4=1E73B065
SYNC_NOT_FOUND first4=87E075E8
SYNC_NOT_FOUND first4=EF6A20F3
SYNC_NOT_FOUND first4=3D7C1560
SYNC_NOT_FOUND first4=64102A67
2026-07-26T14:20:55.833309+00:00 TIME_SYNCED utc=1785075654 offset=1785062472
SYNC_NOT_FOUND first4=4E993406
SYNC_NOT_FOUND first4=E991B93E
SYNC_NOT_FOUND first4=203BB244
SYNC_NOT_FOUND first4=8756D163
SYNC_NOT_FOUND first4=0CFCD5F2
SYNC_NOT_FOUND first4=F3A1E1B2
SYNC_NOT_FOUND first4=85759BD5
SYNC_NOT_FOUND first4=A4F4C0BF
2026-07-26T14:20:56.846351+00:00 SYNC_NOT_FOUND first4=29D5E6A8
SYNC_NOT_FOUND first4=F810B0E1
SYNC_NOT_FOUND first4=F63F3E30
PHASE_RESULT 18 HF-FLRC-1300-128 pktSize=128 rx=0 unique=0 lost=100 per=100.0 rssi_avg=0 rssi_min=0 crc_err=0 garbage=17 tx_lat=0.00000 tx_lon=0.00000 sats=0 fix=0 utc=0 tx_fw=none rx_fw=unknown
PHASE_GUARD 500
2026-07-26T14:20:57.857614+00:00 PHASE_START 19 HF-FLRC-1300-255 pktSize=255
SYNC_NOT_FOUND first4=AA1EBDE0
SYNC_NOT_FOUND first4=C9E6532E
SYNC_NOT_FOUND first4=D25C517B
SYNC_NOT_FOUND first4=A1FC99D5
2026-07-26T14:20:58.871377+00:00 SYNC_NOT_FOUND first4=1AFAB65B
SYNC_NOT_FOUND first4=D0E03B9B
SYNC_NOT_FOUND first4=ABBA1934
PHASE_RESULT 19 HF-FLRC-1300-255 pktSize=255 rx=0 unique=0 lost=100 per=100.0 rssi_avg=0 rssi_min=0 crc_err=0 garbage=7 tx_lat=0.00000 tx_lon=0.00000 sats=0 fix=0 utc=0 tx_fw=none rx_fw=unknown
PHASE_GUARD 500
2026-07-26T14:20:59.882651+00:00 PHASE_START 20 HF-FLRC-650-32 pktSize=32
SYNC_NOT_FOUND first4=7E91366A
SYNC_NOT_FOUND first4=003836BA
SYNC_NOT_FOUND first4=33F51DF5
SYNC_NOT_FOUND first4=9B426A4E
SYNC_NOT_FOUND first4=2642E885
SYNC_NOT_FOUND first4=0782E648
SYNC_NOT_FOUND first4=1D5F2442
SYNC_NOT_FOUND first4=580F8D89
SYNC_NOT_FOUND first4=FED6B3FA
SYNC_NOT_FOUND first4=17EF060B
SYNC_NOT_FOUND first4=2D75CC2E
SYNC_NOT_FOUND first4=305486C7
SYNC_NOT_FOUND first4=B2CF2716
SYNC_NOT_FOUND first4=AC91E144
SYNC_NOT_FOUND first4=30560FC1
SYNC_NOT_FOUND first4=5D4007AF
SYNC_NOT_FOUND first4=26B16043
2026-07-26T14:21:00.900836+00:00 SYNC_NOT_FOUND first4=BC01C3CD
SYNC_NOT_FOUND first4=FDAC55A6
SYNC_NOT_FOUND first4=625B49CC
SYNC_NOT_FOUND first4=4408C342
SYNC_NOT_FOUND first4=073F1E69
SYNC_NOT_FOUND first4=7D265102
SYNC_NOT_FOUND first4=C3D47842
SYNC_NOT_FOUND first4=D073B409
SYNC_NOT_FOUND first4=E89F9D34
SYNC_NOT_FOUND first4=15E50EB4
SYNC_NOT_FOUND first4=C47CA354
PHASE_RESULT 20 HF-FLRC-650-32 pktSize=32 rx=0 unique=0 lost=100 per=100.0 rssi_avg=0 rssi_min=0 crc_err=0 garbage=28 tx_lat=0.00000 tx_lon=0.00000 sats=0 fix=0 utc=0 tx_fw=none rx_fw=unknown
PHASE_GUARD 500
2026-07-26T14:21:01.911903+00:00 PHASE_START 21 HF-FLRC-650-64 pktSize=64
SYNC_NOT_FOUND first4=873C3AB9
SYNC_NOT_FOUND first4=176048AA
SYNC_NOT_FOUND first4=14FA99C3
SYNC_NOT_FOUND first4=9713A220
SYNC_NOT_FOUND first4=4284E8F0
SYNC_NOT_FOUND first4=FFB74546
SYNC_NOT_FOUND first4=38DD2EA6
SYNC_NOT_FOUND first4=87BBE3B7
SYNC_NOT_FOUND first4=180AA49A
SYNC_NOT_FOUND first4=DAA85D97
SYNC_NOT_FOUND first4=9AD2FCD7
SYNC_NOT_FOUND first4=68E2067E
2026-07-26T14:21:02.922653+00:00 SYNC_NOT_FOUND first4=98EDC45C
SYNC_NOT_FOUND first4=2CCE9FDA
SYNC_NOT_FOUND first4=E2803180
SYNC_NOT_FOUND first4=DC94726F
SYNC_NOT_FOUND first4=1780C227
SYNC_NOT_FOUND first4=569E37AA
SYNC_NOT_FOUND first4=9A4CB5BB
SYNC_NOT_FOUND first4=8D924E1D
SYNC_NOT_FOUND first4=BEC6CD54
SYNC_NOT_FOUND first4=24A3A2BB
TIME_SYNCED utc=1785075662 offset=1785062473
PHASE_RESULT 21 HF-FLRC-650-64 pktSize=64 rx=0 unique=0 lost=100 per=100.0 rssi_avg=0 rssi_min=0 crc_err=0 garbage=22 tx_lat=0.00000 tx_lon=0.00000 sats=0 fix=0 utc=0 tx_fw=none rx_fw=unknown
PHASE_GUARD 500
PHASE_START 22 HF-FLRC-650-128 pktSize=128
SYNC_NOT_FOUND first4=CE38F276
SYNC_NOT_FOUND first4=F9EBB35F
SYNC_NOT_FOUND first4=A1847500
SYNC_NOT_FOUND first4=B52DC43E
SYNC_NOT_FOUND first4=7ED7C3C8
SYNC_NOT_FOUND first4=911D3F35
2026-07-26T14:21:03.938788+00:00 SYNC_NOT_FOUND first4=3908B612
SYNC_NOT_FOUND first4=1458EC81
SYNC_NOT_FOUND first4=21D1A93B
SYNC_NOT_FOUND first4=09A09877
SYNC_NOT_FOUND first4=F683DEFA
SYNC_NOT_FOUND first4=B2B90762
PHASE_RESULT 22 HF-FLRC-650-128 pktSize=128 rx=0 unique=0 lost=100 per=100.0 rssi_avg=0 rssi_min=0 crc_err=0 garbage=12 tx_lat=0.00000 tx_lon=0.00000 sats=0 fix=0 utc=0 tx_fw=none rx_fw=unknown
PHASE_GUARD 500
PHASE_START 23 HF-FLRC-650-255 pktSize=255
2026-07-26T14:21:04.954665+00:00 SYNC_NOT_FOUND first4=7AABCEDF
SYNC_NOT_FOUND first4=CC9EDA82
SYNC_NOT_FOUND first4=F8EB401C
SYNC_NOT_FOUND first4=050454C4
SYNC_NOT_FOUND first4=1BA002B3
2026-07-26T14:21:05.971254+00:00 TIME_SYNCED utc=1785075664 offset=1785062472
SYNC_NOT_FOUND first4=C567AFF7
SYNC_NOT_FOUND first4=3F865490
SYNC_NOT_FOUND first4=9AAFB605
SYNC_NOT_FOUND first4=D8288131
SYNC_NOT_FOUND first4=5FAFCBE2
SYNC_NOT_FOUND first4=B9D4082C
SYNC_NOT_FOUND first4=54AE1C65
SYNC_NOT_FOUND first4=1F6FEF11
SYNC_NOT_FOUND first4=BC5C4403
SYNC_NOT_FOUND first4=2A97BDFF
SYNC_NOT_FOUND first4=9D10398F
SYNC_NOT_FOUND first4=4AB36477
SYNC_NOT_FOUND first4=923C5EE1
SYNC_NOT_FOUND first4=BAF80238
2026-07-26T14:21:06.989778+00:00 SYNC_NOT_FOUND first4=C73245A0
SYNC_NOT_FOUND first4=04D3E7DF
SYNC_NOT_FOUND first4=77EFA967
SYNC_NOT_FOUND first4=D3674D67
SYNC_NOT_FOUND first4=79238234
SYNC_NOT_FOUND first4=C399AF1E
SYNC_NOT_FOUND first4=5AE2BD78
SYNC_NOT_FOUND first4=7357BB4F
SYNC_NOT_FOUND first4=1EA9BC58
SYNC_NOT_FOUND first4=60836EAF
SYNC_NOT_FOUND first4=C4C2101D
PHASE_RESULT 23 HF-FLRC-650-255 pktSize=255 rx=0 unique=0 lost=100 per=100.0 rssi_avg=0 rssi_min=0 crc_err=0 garbage=30 tx_lat=0.00000 tx_lon=0.00000 sats=0 fix=0 utc=0 tx_fw=none rx_fw=unknown
PHASE_GUARD 500
PHASE_START 24 HF-FLRC-325-32 pktSize=32
2026-07-26T14:21:08.000889+00:00 SYNC_NOT_FOUND first4=26174B44
SYNC_NOT_FOUND first4=FC5DFCFA
SYNC_NOT_FOUND first4=718140A0
2026-07-26T14:21:09.018933+00:00 SYNC_NOT_FOUND first4=28728A72
PHASE_RESULT 24 HF-FLRC-325-32 pktSize=32 rx=0 unique=0 lost=100 per=100.0 rssi_avg=0 rssi_min=0 crc_err=0 garbage=4 tx_lat=0.00000 tx_lon=0.00000 sats=0 fix=0 utc=0 tx_fw=none rx_fw=unknown
PHASE_GUARD 500
PHASE_START 25 HF-FLRC-325-64 pktSize=64
2026-07-26T14:21:10.029730+00:00 SYNC_NOT_FOUND first4=E33E7535
SYNC_NOT_FOUND first4=35C0A9DE
SYNC_NOT_FOUND first4=C8700254
SYNC_NOT_FOUND first4=4D78DE97
SYNC_NOT_FOUND first4=8319B6AA
SYNC_NOT_FOUND first4=3A8705A5
2026-07-26T14:21:11.043708+00:00 SYNC_NOT_FOUND first4=2B80FBC3
PHASE_RESULT 25 HF-FLRC-325-64 pktSize=64 rx=0 unique=0 lost=100 per=100.0 rssi_avg=0 rssi_min=0 crc_err=0 garbage=7 tx_lat=0.00000 tx_lon=0.00000 sats=0 fix=0 utc=0 tx_fw=none rx_fw=unknown
PHASE_GUARD 500
PHASE_START 26 HF-FLRC-325-128 pktSize=128
2026-07-26T14:21:12.055043+00:00 SYNC_NOT_FOUND first4=D5FA7529
SYNC_NOT_FOUND first4=7B1D3D32
2026-07-26T14:21:13.066372+00:00 SYNC_NOT_FOUND first4=D03D76F9
TIME_SYNCED utc=1785075672 offset=1785062473
PHASE_RESULT 26 HF-FLRC-325-128 pktSize=128 rx=0 unique=0 lost=100 per=100.0 rssi_avg=0 rssi_min=0 crc_err=0 garbage=3 tx_lat=0.00000 tx_lon=0.00000 sats=0 fix=0 utc=0 tx_fw=none rx_fw=unknown
PHASE_GUARD 500
PHASE_START 27 HF-FLRC-325-255 pktSize=255
SYNC_NOT_FOUND first4=2BC346BD
2026-07-26T14:21:14.082718+00:00 SYNC_NOT_FOUND first4=927C12BC
PHASE_RESULT 27 HF-FLRC-325-255 pktSize=255 rx=0 unique=0 lost=100 per=100.0 rssi_avg=0 rssi_min=0 crc_err=0 garbage=2 tx_lat=0.00000 tx_lon=0.00000 sats=0 fix=0 utc=0 tx_fw=none rx_fw=unknown
PHASE_GUARD 500
LORA_CFG path=0 bw=0x05 sf=7
PHASE_START 28 LF-LoRa-SF7-32 pktSize=32
2026-07-26T14:21:16.144822+00:00 TIME_SYNCED utc=1785075675 offset=1785062473
PHASE_RESULT 28 LF-LoRa-SF7-32 pktSize=32 rx=0 unique=0 lost=20 per=100.0 rssi_avg=0 rssi_min=0 crc_err=0 garbage=0 tx_lat=0.00000 tx_lon=0.00000 sats=0 fix=0 utc=0 tx_fw=none rx_fw=unknown
PHASE_GUARD 500
LORA_CFG path=0 bw=0x05 sf=7
PHASE_START 29 LF-LoRa-SF7-64 pktSize=64
2026-07-26T14:21:19.262824+00:00 PHASE_RESULT 29 LF-LoRa-SF7-64 pktSize=64 rx=0 unique=0 lost=20 per=100.0 rssi_avg=0 rssi_min=0 crc_err=0 garbage=0 tx_lat=0.00000 tx_lon=0.00000 sats=0 fix=0 utc=0 tx_fw=none rx_fw=unknown
PHASE_GUARD 500
LORA_CFG path=0 bw=0x05 sf=7
PHASE_START 30 LF-LoRa-SF7-128 pktSize=128
2026-07-26T14:21:23.434376+00:00 TIME_SYNCED utc=1785075682 offset=1785062473
PHASE_RESULT 30 LF-LoRa-SF7-128 pktSize=128 rx=0 unique=0 lost=13 per=100.0 rssi_avg=0 rssi_min=0 crc_err=0 garbage=0 tx_lat=0.00000 tx_lon=0.00000 sats=0 fix=0 utc=0 tx_fw=none rx_fw=unknown
PHASE_GUARD 500
LORA_CFG path=0 bw=0x05 sf=7
PHASE_START 31 LF-LoRa-SF7-255 pktSize=255
2026-07-26T14:21:26.542141+00:00 TIME_SYNCED utc=1785075685 offset=1785062473
2026-07-26T14:21:27.559330+00:00 PHASE_RESULT 31 LF-LoRa-SF7-255 pktSize=255 rx=0 unique=0 lost=7 per=100.0 rssi_avg=0 rssi_min=0 crc_err=0 garbage=0 tx_lat=0.00000 tx_lon=0.00000 sats=0 fix=0 utc=0 tx_fw=none rx_fw=unknown
PHASE_GUARD 500
LORA_CFG path=0 bw=0x05 sf=9
PHASE_START 32 LF-LoRa-SF9-32 pktSize=32
2026-07-26T14:21:31.725278+00:00 PHASE_RESULT 32 LF-LoRa-SF9-32 pktSize=32 rx=0 unique=0 lost=7 per=100.0 rssi_avg=0 rssi_min=0 crc_err=0 garbage=0 tx_lat=0.00000 tx_lon=0.00000 sats=0 fix=0 utc=0 tx_fw=none rx_fw=unknown
PHASE_GUARD 500
LORA_CFG path=0 bw=0x05 sf=9
PHASE_START 33 LF-LoRa-SF9-64 pktSize=64
2026-07-26T14:21:32.734047+00:00 TIME_SYNCED utc=1785075692 offset=1785062473
2026-07-26T14:21:34.799448+00:00 PHASE_RESULT 33 LF-LoRa-SF9-64 pktSize=64 rx=0 unique=0 lost=3 per=100.0 rssi_avg=0 rssi_min=0 crc_err=0 garbage=0 tx_lat=0.00000 tx_lon=0.00000 sats=0 fix=0 utc=0 tx_fw=none rx_fw=unknown
PHASE_GUARD 500
LORA_CFG path=0 bw=0x05 sf=9
PHASE_START 34 LF-LoRa-SF9-128 pktSize=128
2026-07-26T14:21:35.811341+00:00 PHASE_RESULT 34 LF-LoRa-SF9-128 pktSize=128 rx=0 unique=0 lost=1 per=100.0 rssi_avg=0 rssi_min=0 crc_err=0 garbage=0 tx_lat=0.00000 tx_lon=0.00000 sats=0 fix=0 utc=0 tx_fw=none rx_fw=unknown
PHASE_GUARD 500
2026-07-26T14:21:36.830383+00:00 LORA_CFG path=0 bw=0x05 sf=9
PHASE_START 35 LF-LoRa-SF9-255 pktSize=255
TIME_SYNCED utc=1785075695 offset=1785062472
PHASE_RESULT 35 LF-LoRa-SF9-255 pktSize=255 rx=0 unique=0 lost=1 per=100.0 rssi_avg=0 rssi_min=0 crc_err=0 garbage=0 tx_lat=0.00000 tx_lon=0.00000 sats=0 fix=0 utc=0 tx_fw=none rx_fw=unknown
PHASE_GUARD 500
LORA_CFG path=0 bw=0x05 sf=9
PHASE_START 34 LF-LoRa-SF9-128 pktSize=128
PHASE_RESULT 34 LF-LoRa-SF9-128 pktSize=128 rx=0 unique=0 lost=1 per=100.0 rssi_avg=0 rssi_min=0 crc_err=0 garbage=0 tx_lat=0.00000 tx_lon=0.00000 sats=0 fix=0 utc=0 tx_fw=none rx_fw=unknown
PHASE_GUARD 500
2026-07-26T14:21:37.838229+00:00 LORA_CFG path=0 bw=0x05 sf=9
PHASE_START 35 LF-LoRa-SF9-255 pktSize=255
2026-07-26T14:21:40.952230+00:00 PHASE_RESULT 35 LF-LoRa-SF9-255 pktSize=255 rx=0 unique=0 lost=1 per=100.0 rssi_avg=0 rssi_min=0 crc_err=0 garbage=0 tx_lat=0.00000 tx_lon=0.00000 sats=0 fix=0 utc=0 tx_fw=none rx_fw=unknown
PHASE_GUARD 500
LORA_CFG path=0 bw=0x05 sf=12
PHASE_START 36 LF-LoRa-SF12-32 pktSize=32
2026-07-26T14:21:43.019290+00:00 TIME_SYNCED utc=1785075702 offset=1785062473
2026-07-26T14:21:47.183486+00:00 TIME_SYNCED utc=1785075706 offset=1785062473
2026-07-26T14:21:53.455557+00:00 TIME_SYNCED utc=1785075712 offset=1785062473
2026-07-26T14:21:55.519048+00:00 PHASE_RESULT 36 LF-LoRa-SF12-32 pktSize=32 rx=0 unique=0 lost=1 per=100.0 rssi_avg=0 rssi_min=0 crc_err=0 garbage=0 tx_lat=0.00000 tx_lon=0.00000 sats=0 fix=0 utc=0 tx_fw=none rx_fw=unknown
PHASE_GUARD 500
LORA_CFG path=0 bw=0x05 sf=12
PHASE_START 37 LF-LoRa-SF12-SKIP SKIP pktSize=64
2026-07-26T14:21:56.534932+00:00 PHASE_RESULT 37 LF-LoRa-SF12-SKIP pktSize=64 rx=0 unique=0 lost=0 per=0.0 rssi_avg=0 rssi_min=0 crc_err=0 garbage=0 tx_lat=0.00000 tx_lon=0.00000 sats=0 fix=0 utc=0 tx_fw=none rx_fw=unknown
PHASE_GUARD 500
LORA_CFG path=0 bw=0x05 sf=12
PHASE_START 38 LF-LoRa-SF12-SKIP SKIP pktSize=128
2026-07-26T14:21:57.551867+00:00 TIME_SYNCED utc=1785075716 offset=1785062473
PHASE_RESULT 38 LF-LoRa-SF12-SKIP pktSize=128 rx=0 unique=0 lost=0 per=0.0 rssi_avg=0 rssi_min=0 crc_err=0 garbage=0 tx_lat=0.00000 tx_lon=0.00000 sats=0 fix=0 utc=0 tx_fw=none rx_fw=unknown
PHASE_GUARD 500
LORA_CFG path=0 bw=0x05 sf=12
PHASE_START 39 LF-LoRa-SF12-SKIP SKIP pktSize=255
2026-07-26T14:21:58.563860+00:00 PHASE_RESULT 39 LF-LoRa-SF12-SKIP pktSize=255 rx=0 unique=0 lost=0 per=0.0 rssi_avg=0 rssi_min=0 crc_err=0 garbage=0 tx_lat=0.00000 tx_lon=0.00000 sats=0 fix=0 utc=0 tx_fw=none rx_fw=unknown
PHASE_GUARD 500
PHASE_START 40 LF-FLRC-2600-32 pktSize=32
2026-07-26T14:21:59.575385+00:00 SYNC_NOT_FOUND first4=7C81FD99
2026-07-26T14:22:00.592177+00:00 PHASE_RESULT 40 LF-FLRC-2600-32 pktSize=32 rx=0 unique=0 lost=100 per=100.0 rssi_avg=0 rssi_min=0 crc_err=0 garbage=1 tx_lat=0.00000 tx_lon=0.00000 sats=0 fix=0 utc=0 tx_fw=none rx_fw=unknown
PHASE_GUARD 500
PHASE_START 41 LF-FLRC-2600-64 pktSize=64
2026-07-26T14:22:02.655638+00:00 PHASE_RESULT 41 LF-FLRC-2600-64 pktSize=64 rx=0 unique=0 lost=100 per=100.0 rssi_avg=0 rssi_min=0 crc_err=0 garbage=0 tx_lat=0.00000 tx_lon=0.00000 sats=0 fix=0 utc=0 tx_fw=none rx_fw=unknown
PHASE_GUARD 500
PHASE_START 42 LF-FLRC-2600-128 pktSize=128
TIME_SYNCED utc=1785075722 offset=1785062473
2026-07-26T14:22:03.673355+00:00 SYNC_NOT_FOUND first4=7E3779D1
2026-07-26T14:22:04.685184+00:00 PHASE_RESULT 42 LF-FLRC-2600-128 pktSize=128 rx=0 unique=0 lost=100 per=100.0 rssi_avg=0 rssi_min=0 crc_err=0 garbage=1 tx_lat=0.00000 tx_lon=0.00000 sats=0 fix=0 utc=0 tx_fw=none rx_fw=unknown
PHASE_GUARD 500
PHASE_START 43 LF-FLRC-2600-255 pktSize=255
SYNC_NOT_FOUND first4=C0A6935E
2026-07-26T14:22:05.700766+00:00 SYNC_NOT_FOUND first4=11C6F674
2026-07-26T14:22:06.712396+00:00 PHASE_RESULT 43 LF-FLRC-2600-255 pktSize=255 rx=0 unique=0 lost=100 per=100.0 rssi_avg=0 rssi_min=0 crc_err=0 garbage=2 tx_lat=0.00000 tx_lon=0.00000 sats=0 fix=0 utc=0 tx_fw=none rx_fw=unknown
PHASE_GUARD 500
PHASE_START 44 LF-FLRC-1300-32 pktSize=32
2026-07-26T14:22:07.728664+00:00 TIME_SYNCED utc=1785075726 offset=1785062473
SYNC_NOT_FOUND first4=2C4A65C0
2026-07-26T14:22:08.740415+00:00 PHASE_RESULT 44 LF-FLRC-1300-32 pktSize=32 rx=0 unique=0 lost=100 per=100.0 rssi_avg=0 rssi_min=0 crc_err=0 garbage=1 tx_lat=0.00000 tx_lon=0.00000 sats=0 fix=0 utc=0 tx_fw=none rx_fw=unknown
PHASE_GUARD 500
PHASE_START 45 LF-FLRC-1300-64 pktSize=64
2026-07-26T14:22:09.753746+00:00 SYNC_NOT_FOUND first4=581D42F2
2026-07-26T14:22:10.768308+00:00 PHASE_RESULT 45 LF-FLRC-1300-64 pktSize=64 rx=0 unique=0 lost=100 per=100.0 rssi_avg=0 rssi_min=0 crc_err=0 garbage=1 tx_lat=0.00000 tx_lon=0.00000 sats=0 fix=0 utc=0 tx_fw=none rx_fw=unknown
PHASE_GUARD 500
PHASE_START 46 LF-FLRC-1300-128 pktSize=128
2026-07-26T14:22:11.779487+00:00 PHASE_RESULT 46 LF-FLRC-1300-128 pktSize=128 rx=0 unique=0 lost=100 per=100.0 rssi_avg=0 rssi_min=0 crc_err=0 garbage=0 tx_lat=0.00000 tx_lon=0.00000 sats=0 fix=0 utc=0 tx_fw=none rx_fw=unknown
2026-07-26T14:22:12.795763+00:00 PHASE_GUARD 500
PHASE_START 47 LF-FLRC-1300-255 pktSize=255
TIME_SYNCED utc=1785075732 offset=1785062473
SYNC_NOT_FOUND first4=64B11DA1
2026-07-26T14:22:13.806567+00:00 PHASE_RESULT 47 LF-FLRC-1300-255 pktSize=255 rx=0 unique=0 lost=100 per=100.0 rssi_avg=0 rssi_min=0 crc_err=0 garbage=1 tx_lat=0.00000 tx_lon=0.00000 sats=0 fix=0 utc=0 tx_fw=none rx_fw=unknown
PHASE_GUARD 500
2026-07-26T14:22:14.818508+00:00 PHASE_START 48 LF-FLRC-650-32 pktSize=32
SYNC_NOT_FOUND first4=9A9918FB
SYNC_NOT_FOUND first4=6A7392DA
2026-07-26T14:22:15.836792+00:00 SYNC_NOT_FOUND first4=2F95ADE6
SYNC_NOT_FOUND first4=C250D131
PHASE_RESULT 48 LF-FLRC-650-32 pktSize=32 rx=0 unique=0 lost=100 per=100.0 rssi_avg=0 rssi_min=0 crc_err=0 garbage=4 tx_lat=0.00000 tx_lon=0.00000 sats=0 fix=0 utc=0 tx_fw=none rx_fw=unknown
PHASE_GUARD 500
2026-07-26T14:22:16.848238+00:00 PHASE_START 49 LF-FLRC-650-64 pktSize=64
SYNC_NOT_FOUND first4=79E3E6C0
2026-07-26T14:22:17.866600+00:00 TIME_SYNCED utc=1785075736 offset=1785062472
SYNC_NOT_FOUND first4=05F57574
SYNC_NOT_FOUND first4=9DABCEA3
SYNC_NOT_FOUND first4=4C556833
SYNC_NOT_FOUND first4=120864C1
SYNC_NOT_FOUND first4=E3FC83AB
SYNC_NOT_FOUND first4=4BB2439F
SYNC_NOT_FOUND first4=21A0177E
2026-07-26T14:22:18.877693+00:00 SYNC_NOT_FOUND first4=83B9A79E
PHASE_RESULT 49 LF-FLRC-650-64 pktSize=64 rx=0 unique=0 lost=100 per=100.0 rssi_avg=0 rssi_min=0 crc_err=0 garbage=9 tx_lat=0.00000 tx_lon=0.00000 sats=0 fix=0 utc=0 tx_fw=none rx_fw=unknown
PHASE_GUARD 500
2026-07-26T14:22:19.889659+00:00 PHASE_START 50 LF-FLRC-650-128 pktSize=128
2026-07-26T14:22:20.901353+00:00 SYNC_NOT_FOUND first4=8968D0B2
SYNC_NOT_FOUND first4=414B502E
PHASE_RESULT 50 LF-FLRC-650-128 pktSize=128 rx=0 unique=0 lost=100 per=100.0 rssi_avg=0 rssi_min=0 crc_err=0 garbage=2 tx_lat=0.00000 tx_lon=0.00000 sats=0 fix=0 utc=0 tx_fw=none rx_fw=unknown
PHASE_GUARD 500
2026-07-26T14:22:21.912349+00:00 PHASE_START 51 LF-FLRC-650-255 pktSize=255
2026-07-26T14:22:22.923894+00:00 TIME_SYNCED utc=1785075742 offset=1785062473
PHASE_RESULT 51 LF-FLRC-650-255 pktSize=255 rx=0 unique=0 lost=100 per=100.0 rssi_avg=0 rssi_min=0 crc_err=0 garbage=0 tx_lat=0.00000 tx_lon=0.00000 sats=0 fix=0 utc=0 tx_fw=none rx_fw=unknown
PHASE_GUARD 500
PHASE_START 52 LF-FLRC-325-32 pktSize=32
2026-07-26T14:22:23.940176+00:00 PHASE_RESULT 52 LF-FLRC-325-32 pktSize=32 rx=0 unique=0 lost=100 per=100.0 rssi_avg=0 rssi_min=0 crc_err=0 garbage=0 tx_lat=0.00000 tx_lon=0.00000 sats=0 fix=0 utc=0 tx_fw=none rx_fw=unknown
PHASE_GUARD 500
PHASE_START 53 LF-FLRC-325-64 pktSize=64
2026-07-26T14:22:25.994462+00:00 PHASE_RESULT 53 LF-FLRC-325-64 pktSize=64 rx=0 unique=0 lost=100 per=100.0 rssi_avg=0 rssi_min=0 crc_err=0 garbage=0 tx_lat=0.00000 tx_lon=0.00000 sats=0 fix=0 utc=0 tx_fw=none rx_fw=unknown
PHASE_GUARD 500
PHASE_START 54 LF-FLRC-325-128 pktSize=128
2026-07-26T14:22:28.062751+00:00 TIME_SYNCED utc=1785075747 offset=1785062473
PHASE_RESULT 54 LF-FLRC-325-128 pktSize=128 rx=0 unique=0 lost=100 per=100.0 rssi_avg=0 rssi_min=0 crc_err=0 garbage=0 tx_lat=0.00000 tx_lon=0.00000 sats=0 fix=0 utc=0 tx_fw=none rx_fw=unknown
PHASE_GUARD 500
PHASE_START 55 LF-FLRC-325-255 pktSize=255
2026-07-26T14:22:30.124958+00:00 PHASE_RESULT 55 LF-FLRC-325-255 pktSize=255 rx=0 unique=0 lost=100 per=100.0 rssi_avg=0 rssi_min=0 crc_err=0 garbage=0 tx_lat=0.00000 tx_lon=0.00000 sats=0 fix=0 utc=0 tx_fw=none rx_fw=unknown
PHASE_GUARD 500
LORA_CFG path=1 bw=0x0F sf=7
PHASE_START 0 HF-LoRa-SF7-32 pktSize=32
2026-07-26T14:22:32.184958+00:00 PHASE_RESULT 0 HF-LoRa-SF7-32 pktSize=32 rx=0 unique=0 lost=20 per=100.0 rssi_avg=0 rssi_min=0 crc_err=0 garbage=0 tx_lat=0.00000 tx_lon=0.00000 sats=0 fix=0 utc=0 tx_fw=none rx_fw=unknown
PHASE_GUARD 500
LORA_CFG path=1 bw=0x0F sf=7
PHASE_START 1 HF-LoRa-SF7-64 pktSize=64
2026-07-26T14:22:33.200200+00:00 TIME_SYNCED utc=1785075752 offset=1785062473
2026-07-26T14:22:34.203985+00:00 PHASE_RESULT 1 HF-LoRa-SF7-64 pktSize=64 rx=0 unique=0 lost=20 per=100.0 rssi_avg=0 rssi_min=0 crc_err=0 garbage=0 tx_lat=0.00000 tx_lon=0.00000 sats=0 fix=0 utc=0 tx_fw=none rx_fw=unknown
PHASE_GUARD 500
LORA_CFG path=1 bw=0x0F sf=7
PHASE_START 2 HF-LoRa-SF7-128 pktSize=128
2026-07-26T14:22:36.259375+00:00 PHASE_RESULT 2 HF-LoRa-SF7-128 pktSize=128 rx=0 unique=0 lost=20 per=100.0 rssi_avg=0 rssi_min=0 crc_err=0 garbage=0 tx_lat=0.00000 tx_lon=0.00000 sats=0 fix=0 utc=0 tx_fw=none rx_fw=unknown
PHASE_GUARD 500
LORA_CFG path=1 bw=0x0F sf=7
PHASE_START 3 HF-LoRa-SF7-255 pktSize=255
2026-07-26T14:22:38.323967+00:00 TIME_SYNCED utc=1785075757 offset=1785062473
2026-07-26T14:22:39.333038+00:00 PHASE_RESULT 3 HF-LoRa-SF7-255 pktSize=255 rx=0 unique=0 lost=20 per=100.0 rssi_avg=0 rssi_min=0 crc_err=0 garbage=0 tx_lat=0.00000 tx_lon=0.00000 sats=0 fix=0 utc=0 tx_fw=none rx_fw=unknown
PHASE_GUARD 500
LORA_CFG path=1 bw=0x0F sf=9
PHASE_START 4 HF-LoRa-SF9-32 pktSize=32
2026-07-26T14:22:41.394920+00:00 PHASE_RESULT 4 HF-LoRa-SF9-32 pktSize=32 rx=0 unique=0 lost=20 per=100.0 rssi_avg=0 rssi_min=0 crc_err=0 garbage=0 tx_lat=0.00000 tx_lon=0.00000 sats=0 fix=0 utc=0 tx_fw=none rx_fw=unknown
PHASE_GUARD 500
LORA_CFG path=1 bw=0x0F sf=9
PHASE_START 5 HF-LoRa-SF9-64 pktSize=64
2026-07-26T14:22:43.463045+00:00 TIME_SYNCED utc=1785075762 offset=1785062473
2026-07-26T14:22:44.467797+00:00 PHASE_RESULT 5 HF-LoRa-SF9-64 pktSize=64 rx=0 unique=0 lost=20 per=100.0 rssi_avg=0 rssi_min=0 crc_err=0 garbage=0 tx_lat=0.00000 tx_lon=0.00000 sats=0 fix=0 utc=0 tx_fw=none rx_fw=unknown
PHASE_GUARD 500
LORA_CFG path=1 bw=0x0F sf=9
PHASE_START 6 HF-LoRa-SF9-128 pktSize=128
2026-07-26T14:22:48.626101+00:00 TIME_SYNCED utc=1785075767 offset=1785062473
PHASE_RESULT 6 HF-LoRa-SF9-128 pktSize=128 rx=0 unique=0 lost=13 per=100.0 rssi_avg=0 rssi_min=0 crc_err=0 garbage=0 tx_lat=0.00000 tx_lon=0.00000 sats=0 fix=0 utc=0 tx_fw=none rx_fw=unknown
PHASE_GUARD 500
LORA_CFG path=1 bw=0x0F sf=9
PHASE_START 7 HF-LoRa-SF9-255 pktSize=255
2026-07-26T14:22:51.740655+00:00 PHASE_RESULT 7 HF-LoRa-SF9-255 pktSize=255 rx=0 unique=0 lost=6 per=100.0 rssi_avg=0 rssi_min=0 crc_err=0 garbage=0 tx_lat=0.00000 tx_lon=0.00000 sats=0 fix=0 utc=0 tx_fw=none rx_fw=unknown
PHASE_GUARD 500
LORA_CFG path=1 bw=0x0F sf=12
PHASE_START 8 HF-LoRa-SF12-32 pktSize=32
2026-07-26T14:22:52.752778+00:00 TIME_SYNCED utc=1785075772 offset=1785062473
2026-07-26T14:22:53.764597+00:00 PHASE_RESULT 8 HF-LoRa-SF12-32 pktSize=32 rx=0 unique=0 lost=2 per=100.0 rssi_avg=0 rssi_min=0 crc_err=0 garbage=0 tx_lat=0.00000 tx_lon=0.00000 sats=0 fix=0 utc=0 tx_fw=none rx_fw=unknown
2026-07-26T14:22:54.776290+00:00 PHASE_GUARD 500
LORA_CFG path=1 bw=0x0F sf=12
PHASE_START 9 HF-LoRa-SF12-64 pktSize=64
2026-07-26T14:22:56.838684+00:00 PHASE_RESULT 9 HF-LoRa-SF12-64 pktSize=64 rx=0 unique=0 lost=1 per=100.0 rssi_avg=0 rssi_min=0 crc_err=0 garbage=0 tx_lat=0.00000 tx_lon=0.00000 sats=0 fix=0 utc=0 tx_fw=none rx_fw=unknown
PHASE_GUARD 500
LORA_CFG path=1 bw=0x0F sf=12
2026-07-26T14:22:57.850233+00:00 PHASE_START 10 HF-LoRa-SF12-128 pktSize=128
2026-07-26T14:22:58.862636+00:00 TIME_SYNCED utc=1785075777 offset=1785062472
2026-07-26T14:23:03.027830+00:00 TIME_SYNCED utc=1785075782 offset=1785062473
PHASE_RESULT 10 HF-LoRa-SF12-128 pktSize=128 rx=0 unique=0 lost=1 per=100.0 rssi_avg=0 rssi_min=0 crc_err=0 garbage=0 tx_lat=0.00000 tx_lon=0.00000 sats=0 fix=0 utc=0 tx_fw=none rx_fw=unknown
PHASE_GUARD 500
LORA_CFG path=1 bw=0x0F sf=12
PHASE_START 11 HF-LoRa-SF12-255 pktSize=255
2026-07-26T14:23:09.298098+00:00 TIME_SYNCED utc=1785075788 offset=1785062473
2026-07-26T14:23:12.413711+00:00 PHASE_RESULT 11 HF-LoRa-SF12-255 pktSize=255 rx=0 unique=0 lost=1 per=100.0 rssi_avg=0 rssi_min=0 crc_err=0 garbage=0 tx_lat=0.00000 tx_lon=0.00000 sats=0 fix=0 utc=0 tx_fw=none rx_fw=unknown
PHASE_GUARD 500
PHASE_START 12 HF-FLRC-2600-32 pktSize=32
SYNC_NOT_FOUND first4=9AED99BB
SYNC_NOT_FOUND first4=604E1077
2026-07-26T14:23:13.426005+00:00 TIME_SYNCED utc=1785075792 offset=1785062473
SYNC_NOT_FOUND first4=E1FB98E0
SYNC_NOT_FOUND first4=7B9AFA6E
2026-07-26T14:23:14.437748+00:00 SYNC_NOT_FOUND first4=68FA355A
SYNC_NOT_FOUND first4=296B1E27
PHASE_RESULT 12 HF-FLRC-2600-32 pktSize=32 rx=0 unique=0 lost=100 per=100.0 rssi_avg=0 rssi_min=0 crc_err=0 garbage=6 tx_lat=0.00000 tx_lon=0.00000 sats=0 fix=0 utc=0 tx_fw=none rx_fw=unknown
PHASE_GUARD 500
PHASE_START 13 HF-FLRC-2600-64 pktSize=64
SYNC_NOT_FOUND first4=B8895C11
SYNC_NOT_FOUND first4=E8B46E7E
SYNC_NOT_FOUND first4=B6C853ED
2026-07-26T14:23:15.449208+00:00 SYNC_NOT_FOUND first4=A71E06BE
SYNC_NOT_FOUND first4=3D5575F0
SYNC_NOT_FOUND first4=5C45F5F7
SYNC_NOT_FOUND first4=8BD2DD2B
SYNC_NOT_FOUND first4=5D691CD8
SYNC_NOT_FOUND first4=B246688A
SYNC_NOT_FOUND first4=9EF88BFF
SYNC_NOT_FOUND first4=16FC8F17
SYNC_NOT_FOUND first4=E8609AE5
SYNC_NOT_FOUND first4=8121769E
SYNC_NOT_FOUND first4=520A1976
SYNC_NOT_FOUND first4=57FCFCFE
2026-07-26T14:23:16.460525+00:00 SYNC_NOT_FOUND first4=B7B36E8E
SYNC_NOT_FOUND first4=41082AEE
PHASE_RESULT 13 HF-FLRC-2600-64 pktSize=64 rx=0 unique=0 lost=100 per=100.0 rssi_avg=0 rssi_min=0 crc_err=0 garbage=17 tx_lat=0.00000 tx_lon=0.00000 sats=0 fix=0 utc=0 tx_fw=none rx_fw=unknown
PHASE_GUARD 500
PHASE_START 14 HF-FLRC-2600-128 pktSize=128
SYNC_NOT_FOUND first4=4865D399
SYNC_NOT_FOUND first4=185A916F
SYNC_NOT_FOUND first4=66F0E813
SYNC_NOT_FOUND first4=362B01D1
SYNC_NOT_FOUND first4=2693DEE3
SYNC_NOT_FOUND first4=7458B568
2026-07-26T14:23:17.472475+00:00 SYNC_NOT_FOUND first4=E6BE2CA9
SYNC_NOT_FOUND first4=4B4DE85A
SYNC_NOT_FOUND first4=B4C81569
SYNC_NOT_FOUND first4=54B8020D
SYNC_NOT_FOUND first4=9614A05E
SYNC_NOT_FOUND first4=869661A7
SYNC_NOT_FOUND first4=432AAF6C
SYNC_NOT_FOUND first4=20211966
2026-07-26T14:23:18.484198+00:00 SYNC_NOT_FOUND first4=0E0A2455
SYNC_NOT_FOUND first4=785F9486
SYNC_NOT_FOUND first4=86BF53AF
PHASE_RESULT 14 HF-FLRC-2600-128 pktSize=128 rx=0 unique=0 lost=100 per=100.0 rssi_avg=0 rssi_min=0 crc_err=0 garbage=17 tx_lat=0.00000 tx_lon=0.00000 sats=0 fix=0 utc=0 tx_fw=none rx_fw=unknown
PHASE_GUARD 500
PHASE_START 15 HF-FLRC-2600-255 pktSize=255
2026-07-26T14:23:19.495946+00:00 TIME_SYNCED utc=1785075798 offset=1785062473
SYNC_NOT_FOUND first4=B8383375
SYNC_NOT_FOUND first4=930CFF64
SYNC_NOT_FOUND first4=F989C9D2
SYNC_NOT_FOUND first4=696979E9
SYNC_NOT_FOUND first4=D2F26191
2026-07-26T14:23:20.507385+00:00 SYNC_NOT_FOUND first4=74893C43
SYNC_NOT_FOUND first4=E3E2F8CF
PHASE_RESULT 15 HF-FLRC-2600-255 pktSize=255 rx=0 unique=0 lost=100 per=100.0 rssi_avg=0 rssi_min=0 crc_err=0 garbage=7 tx_lat=0.00000 tx_lon=0.00000 sats=0 fix=0 utc=0 tx_fw=none rx_fw=unknown
PHASE_GUARD 500
PHASE_START 16 HF-FLRC-1300-32 pktSize=32
SYNC_NOT_FOUND first4=D1527E4D
2026-07-26T14:23:22.570323+00:00 PHASE_RESULT 16 HF-FLRC-1300-32 pktSize=32 rx=0 unique=0 lost=100 per=100.0 rssi_avg=0 rssi_min=0 crc_err=0 garbage=1 tx_lat=0.00000 tx_lon=0.00000 sats=0 fix=0 utc=0 tx_fw=none rx_fw=unknown
PHASE_GUARD 500
PHASE_START 17 HF-FLRC-1300-64 pktSize=64
2026-07-26T14:23:23.582201+00:00 TIME_SYNCED utc=1785075802 offset=1785062473
2026-07-26T14:23:24.593860+00:00 PHASE_RESULT 17 HF-FLRC-1300-64 pktSize=64 rx=0 unique=0 lost=100 per=100.0 rssi_avg=0 rssi_min=0 crc_err=0 garbage=0 tx_lat=0.00000 tx_lon=0.00000 sats=0 fix=0 utc=0 tx_fw=none rx_fw=unknown
PHASE_GUARD 500
PHASE_START 18 HF-FLRC-1300-128 pktSize=128
SYNC_NOT_FOUND first4=BB9241C8
SYNC_NOT_FOUND first4=7E7687E2
SYNC_NOT_FOUND first4=DC5E1750
SYNC_NOT_FOUND first4=8B1A5A63
SYNC_NOT_FOUND first4=9FE19104
2026-07-26T14:23:25.605083+00:00 SYNC_NOT_FOUND first4=0862BC6D
SYNC_NOT_FOUND first4=6BAEF510
SYNC_NOT_FOUND first4=CFA8ACB8
SYNC_NOT_FOUND first4=14C440E5
2026-07-26T14:23:26.616505+00:00 SYNC_NOT_FOUND first4=1620C2E7
PHASE_RESULT 18 HF-FLRC-1300-128 pktSize=128 rx=0 unique=0 lost=100 per=100.0 rssi_avg=0 rssi_min=0 crc_err=0 garbage=10 tx_lat=0.00000 tx_lon=0.00000 sats=0 fix=0 utc=0 tx_fw=none rx_fw=unknown
PHASE_GUARD 500
PHASE_START 19 HF-FLRC-1300-255 pktSize=255
SYNC_NOT_FOUND first4=D3012A65
SYNC_NOT_FOUND first4=ADE15BA1
2026-07-26T14:23:27.620494+00:00 SYNC_NOT_FOUND first4=A7456987
SYNC_NOT_FOUND first4=7B942472
SYNC_NOT_FOUND first4=14AE243C
SYNC_NOT_FOUND first4=8820FD28
SYNC_NOT_FOUND first4=EF160AA2
2026-07-26T14:23:28.630988+00:00 SYNC_NOT_FOUND first4=5A5D40E0
PHASE_RESULT 19 HF-FLRC-1300-255 pktSize=255 rx=0 unique=0 lost=100 per=100.0 rssi_avg=0 rssi_min=0 crc_err=0 garbage=8 tx_lat=0.00000 tx_lon=0.00000 sats=0 fix=0 utc=0 tx_fw=none rx_fw=unknown
PHASE_GUARD 500
PHASE_START 20 HF-FLRC-650-32 pktSize=32
SYNC_NOT_FOUND first4=9C1AF4B2
SYNC_NOT_FOUND first4=E411C972
SYNC_NOT_FOUND first4=366CB6DD
SYNC_NOT_FOUND first4=993900B3
SYNC_NOT_FOUND first4=905E3D84
SYNC_NOT_FOUND first4=09998913
SYNC_NOT_FOUND first4=F5410A1F
SYNC_NOT_FOUND first4=EC1E4529
SYNC_NOT_FOUND first4=F92153F6
SYNC_NOT_FOUND first4=84E24226
SYNC_NOT_FOUND first4=5DA65599
SYNC_NOT_FOUND first4=F587B2A0
SYNC_NOT_FOUND first4=53115C37
SYNC_NOT_FOUND first4=05A125FD
SYNC_NOT_FOUND first4=77C254B4
SYNC_NOT_FOUND first4=3B56B92E
SYNC_NOT_FOUND first4=A36E47CC
2026-07-26T14:23:29.642354+00:00 TIME_SYNCED utc=1785075808 offset=1785062473
SYNC_NOT_FOUND first4=2EC1F7B1
SYNC_NOT_FOUND first4=588B4457
SYNC_NOT_FOUND first4=50F39FA9
SYNC_NOT_FOUND first4=FF752CE5
SYNC_NOT_FOUND first4=DB14F3F7
SYNC_NOT_FOUND first4=7A900A79
SYNC_NOT_FOUND first4=DAAB55AB
SYNC_NOT_FOUND first4=32380C36
SYNC_NOT_FOUND first4=E6086A61
SYNC_NOT_FOUND first4=21156FA3
SYNC_NOT_FOUND first4=3735F5B5
SYNC_NOT_FOUND first4=130A5C52
SYNC_NOT_FOUND first4=5005ED29
SYNC_NOT_FOUND first4=B6AD0369
SYNC_NOT_FOUND first4=2C85E7DD
SYNC_NOT_FOUND first4=77DA190D
SYNC_NOT_FOUND first4=78F288E4
SYNC_NOT_FOUND first4=B729A8F7
SYNC_NOT_FOUND first4=464FB664
SYNC_NOT_FOUND first4=8727B74E
SYNC_NOT_FOUND first4=F62B94E2
SYNC_NOT_FOUND first4=BB7C5A24
SYNC_NOT_FOUND first4=51FAEA10
SYNC_NOT_FOUND first4=54CDA221
SYNC_NOT_FOUND first4=3CE3BA95
SYNC_NOT_FOUND first4=5F2FA607
SYNC_NOT_FOUND first4=7761E293
SYNC_NOT_FOUND first4=DA8EEAFB
SYNC_NOT_FOUND first4=FA48C9E5
SYNC_NOT_FOUND first4=40A3EA7A
2026-07-26T14:23:30.653782+00:00 SYNC_NOT_FOUND first4=446191BC
SYNC_NOT_FOUND first4=92572A55
PHASE_RESULT 20 HF-FLRC-650-32 pktSize=32 rx=0 unique=0 lost=100 per=100.0 rssi_avg=0 rssi_min=0 crc_err=0 garbage=49 tx_lat=0.00000 tx_lon=0.00000 sats=0 fix=0 utc=0 tx_fw=none rx_fw=unknown
PHASE_GUARD 500
PHASE_START 21 HF-FLRC-650-64 pktSize=64
SYNC_NOT_FOUND first4=66911B4F
SYNC_NOT_FOUND first4=71D1E34B
SYNC_NOT_FOUND first4=991D46B9
SYNC_NOT_FOUND first4=E922AD50
SYNC_NOT_FOUND first4=6CEBADA1
SYNC_NOT_FOUND first4=9DA9E297
SYNC_NOT_FOUND first4=66408977
SYNC_NOT_FOUND first4=9191423B
SYNC_NOT_FOUND first4=C431A07C
SYNC_NOT_FOUND first4=57DA2E9C
2026-07-26T14:23:31.664997+00:00 SYNC_NOT_FOUND first4=4BFD3082
SYNC_NOT_FOUND first4=985A0641
SYNC_NOT_FOUND first4=F5062115
SYNC_NOT_FOUND first4=7BFF419A
SYNC_NOT_FOUND first4=585A1128
SYNC_NOT_FOUND first4=CD527370
SYNC_NOT_FOUND first4=86866C34
SYNC_NOT_FOUND first4=372F0551
SYNC_NOT_FOUND first4=471D320B
SYNC_NOT_FOUND first4=E96FE71D
SYNC_NOT_FOUND first4=7C073403
SYNC_NOT_FOUND first4=924A179C
SYNC_NOT_FOUND first4=A3DC8046
SYNC_NOT_FOUND first4=0B1A3CA8
SYNC_NOT_FOUND first4=234200B2
SYNC_NOT_FOUND first4=19022CDE
SYNC_NOT_FOUND first4=7AAB86C0
SYNC_NOT_FOUND first4=7FC525B3
SYNC_NOT_FOUND first4=1AE5F0CA
SYNC_NOT_FOUND first4=C0332EE4
SYNC_NOT_FOUND first4=1DF5461F
SYNC_NOT_FOUND first4=476B7D6A
SYNC_NOT_FOUND first4=B14736E0
SYNC_NOT_FOUND first4=5E7D19A2
SYNC_NOT_FOUND first4=BAEE161E
2026-07-26T14:23:32.676336+00:00 SYNC_NOT_FOUND first4=149B354B
PHASE_RESULT 21 HF-FLRC-650-64 pktSize=64 rx=0 unique=0 lost=100 per=100.0 rssi_avg=0 rssi_min=0 crc_err=0 garbage=36 tx_lat=0.00000 tx_lon=0.00000 sats=0 fix=0 utc=0 tx_fw=none rx_fw=unknown
PHASE_GUARD 500
PHASE_START 22 HF-FLRC-650-128 pktSize=128
SYNC_NOT_FOUND first4=37BF26A0
SYNC_NOT_FOUND first4=A5555BD0
SYNC_NOT_FOUND first4=236D4596
SYNC_NOT_FOUND first4=94BCB387
SYNC_NOT_FOUND first4=9750EE40
SYNC_NOT_FOUND first4=4FC4C891
SYNC_NOT_FOUND first4=F004D551
SYNC_NOT_FOUND first4=351C39F2
SYNC_NOT_FOUND first4=B9187469
SYNC_NOT_FOUND first4=26BFB3C3
SYNC_NOT_FOUND first4=D5A9AFF0
SYNC_NOT_FOUND first4=69EB932E
SYNC_NOT_FOUND first4=B94CC06B
SYNC_NOT_FOUND first4=9D8B2E16
TIME_SYNCED utc=1785075812 offset=1785062473
SYNC_NOT_FOUND first4=A64B4108
2026-07-26T14:23:33.687427+00:00 SYNC_NOT_FOUND first4=2D4E78BD
SYNC_NOT_FOUND first4=C63F7EC1
SYNC_NOT_FOUND first4=FD51A203
SYNC_NOT_FOUND first4=3D04D5BC
SYNC_NOT_FOUND first4=07A66670
SYNC_NOT_FOUND first4=26A4FDA3
SYNC_NOT_FOUND first4=7D8ECF07
SYNC_NOT_FOUND first4=CF930025
SYNC_NOT_FOUND first4=F15D8570
SYNC_NOT_FOUND first4=403444CA
SYNC_NOT_FOUND first4=BEF5BF91
SYNC_NOT_FOUND first4=7A7137FE
SYNC_NOT_FOUND first4=C70B342B
SYNC_NOT_FOUND first4=26C20CBA
SYNC_NOT_FOUND first4=0887D965
SYNC_NOT_FOUND first4=B3795146
SYNC_NOT_FOUND first4=166E6C86
SYNC_NOT_FOUND first4=369B9267
SYNC_NOT_FOUND first4=9563A148
SYNC_NOT_FOUND first4=B5117D88
SYNC_NOT_FOUND first4=41234545
2026-07-26T14:23:34.698094+00:00 SYNC_NOT_FOUND first4=A18FA495
PHASE_RESULT 22 HF-FLRC-650-128 pktSize=128 rx=0 unique=0 lost=100 per=100.0 rssi_avg=0 rssi_min=0 crc_err=0 garbage=37 tx_lat=0.00000 tx_lon=0.00000 sats=0 fix=0 utc=0 tx_fw=none rx_fw=unknown
PHASE_GUARD 500
PHASE_START 23 HF-FLRC-650-255 pktSize=255
SYNC_NOT_FOUND first4=6B65985A
SYNC_NOT_FOUND first4=9F705D64
SYNC_NOT_FOUND first4=B3591CE6
SYNC_NOT_FOUND first4=8D0B9CA2
SYNC_NOT_FOUND first4=D9F21962
SYNC_NOT_FOUND first4=137AA91A
SYNC_NOT_FOUND first4=80B7234F
2026-07-26T14:23:35.709878+00:00 SYNC_NOT_FOUND first4=64E01F38
SYNC_NOT_FOUND first4=7EC66590
SYNC_NOT_FOUND first4=1CDB36B2
SYNC_NOT_FOUND first4=5484FA6A
SYNC_NOT_FOUND first4=256A1C49
SYNC_NOT_FOUND first4=EC71437B
SYNC_NOT_FOUND first4=A02D2840
SYNC_NOT_FOUND first4=51E29EE7
SYNC_NOT_FOUND first4=E7721D65
SYNC_NOT_FOUND first4=8EE85D3E
SYNC_NOT_FOUND first4=807DCBFE
SYNC_NOT_FOUND first4=8941CE9B
SYNC_NOT_FOUND first4=C1705F0D
SYNC_NOT_FOUND first4=3A96DC5F
SYNC_NOT_FOUND first4=8D40FBF1
2026-07-26T14:23:36.721353+00:00 SYNC_NOT_FOUND first4=9ADD7490
SYNC_NOT_FOUND first4=421CC5BB
PHASE_RESULT 23 HF-FLRC-650-255 pktSize=255 rx=0 unique=0 lost=100 per=100.0 rssi_avg=0 rssi_min=0 crc_err=0 garbage=24 tx_lat=0.00000 tx_lon=0.00000 sats=0 fix=0 utc=0 tx_fw=none rx_fw=unknown
PHASE_GUARD 500
PHASE_START 24 HF-FLRC-325-32 pktSize=32
2026-07-26T14:23:37.733640+00:00 SYNC_NOT_FOUND first4=9CF6137E
SYNC_NOT_FOUND first4=F9FE6A36
SYNC_NOT_FOUND first4=3AAF93FB
SYNC_NOT_FOUND first4=73BFE2FE
2026-07-26T14:23:38.745125+00:00 PHASE_RESULT 24 HF-FLRC-325-32 pktSize=32 rx=0 unique=0 lost=100 per=100.0 rssi_avg=0 rssi_min=0 crc_err=0 garbage=4 tx_lat=0.00000 tx_lon=0.00000 sats=0 fix=0 utc=0 tx_fw=none rx_fw=unknown
PHASE_GUARD 500
PHASE_START 25 HF-FLRC-325-64 pktSize=64
SYNC_NOT_FOUND first4=AE3887B4
SYNC_NOT_FOUND first4=099F3F13
SYNC_NOT_FOUND first4=A84C2D1F
2026-07-26T14:23:39.757182+00:00 TIME_SYNCED utc=1785075818 offset=1785062472
SYNC_NOT_FOUND first4=264ED9C9
SYNC_NOT_FOUND first4=31776500
SYNC_NOT_FOUND first4=62FEAFA2
2026-07-26T14:23:40.761585+00:00 PHASE_RESULT 25 HF-FLRC-325-64 pktSize=64 rx=0 unique=0 lost=100 per=100.0 rssi_avg=0 rssi_min=0 crc_err=0 garbage=6 tx_lat=0.00000 tx_lon=0.00000 sats=0 fix=0 utc=0 tx_fw=none rx_fw=unknown
2026-07-26T14:23:41.773137+00:00 PHASE_GUARD 500
PHASE_START 26 HF-FLRC-325-128 pktSize=128
SYNC_NOT_FOUND first4=F34A016E
SYNC_NOT_FOUND first4=13FBC7A9
SYNC_NOT_FOUND first4=43D72DA4
2026-07-26T14:23:42.784763+00:00 SYNC_NOT_FOUND first4=F97CAB7D
SYNC_NOT_FOUND first4=27BCD95D
TIME_SYNCED utc=1785075822 offset=1785062473
PHASE_RESULT 26 HF-FLRC-325-128 pktSize=128 rx=0 unique=0 lost=100 per=100.0 rssi_avg=0 rssi_min=0 crc_err=0 garbage=5 tx_lat=0.00000 tx_lon=0.00000 sats=0 fix=0 utc=0 tx_fw=none rx_fw=unknown
PHASE_GUARD 500
2026-07-26T14:23:43.795696+00:00 PHASE_START 27 HF-FLRC-325-255 pktSize=255
SYNC_NOT_FOUND first4=EA13B13E
PHASE_RESULT 27 HF-FLRC-325-255 pktSize=255 rx=0 unique=0 lost=100 per=100.0 rssi_avg=0 rssi_min=0 crc_err=0 garbage=1 tx_lat=0.00000 tx_lon=0.00000 sats=0 fix=0 utc=0 tx_fw=none rx_fw=unknown
PHASE_GUARD 500
2026-07-26T14:23:44.807391+00:00 LORA_CFG path=0 bw=0x05 sf=7
PHASE_START 28 LF-LoRa-SF7-32 pktSize=32
2026-07-26T14:23:45.821997+00:00 PHASE_RESULT 28 LF-LoRa-SF7-32 pktSize=32 rx=0 unique=0 lost=20 per=100.0 rssi_avg=0 rssi_min=0 crc_err=0 garbage=0 tx_lat=0.00000 tx_lon=0.00000 sats=0 fix=0 utc=0 tx_fw=none rx_fw=unknown
PHASE_GUARD 500
2026-07-26T14:23:46.833353+00:00 LORA_CFG path=0 bw=0x05 sf=7
PHASE_START 29 LF-LoRa-SF7-64 pktSize=64
SYNC_NOT_FOUND first4=F8886046
2026-07-26T14:23:48.898379+00:00 SYNC_NOT_FOUND first4=620A8333
PHASE_RESULT 29 LF-LoRa-SF7-64 pktSize=64 rx=0 unique=0 lost=20 per=100.0 rssi_avg=0 rssi_min=0 crc_err=0 garbage=2 tx_lat=0.00000 tx_lon=0.00000 sats=0 fix=0 utc=0 tx_fw=none rx_fw=unknown
PHASE_GUARD 500
LORA_CFG path=0 bw=0x05 sf=7
2026-07-26T14:23:49.910286+00:00 PHASE_START 30 LF-LoRa-SF7-128 pktSize=128
TIME_SYNCED utc=1785075828 offset=1785062472
PHASE_RESULT 30 LF-LoRa-SF7-128 pktSize=128 rx=0 unique=0 lost=13 per=100.0 rssi_avg=0 rssi_min=0 crc_err=0 garbage=0 tx_lat=0.00000 tx_lon=0.00000 sats=0 fix=0 utc=0 tx_fw=none rx_fw=unknown
PHASE_GUARD 500
LORA_CFG path=0 bw=0x05 sf=7
PHASE_START 29 LF-LoRa-SF7-64 pktSize=64
PHASE_RESULT 29 LF-LoRa-SF7-64 pktSize=64 rx=0 unique=0 lost=20 per=100.0 rssi_avg=0 rssi_min=0 crc_err=0 garbage=0 tx_lat=0.00000 tx_lon=0.00000 sats=0 fix=0 utc=0 tx_fw=none rx_fw=unknown
PHASE_GUARD 500
LORA_CFG path=0 bw=0x05 sf=7
PHASE_START 30 LF-LoRa-SF7-128 pktSize=128
2026-07-26T14:23:50.922338+00:00 SYNC_NOT_FOUND first4=3C91D519
2026-07-26T14:23:52.984840+00:00 TIME_SYNCED utc=1785075832 offset=1785062473
PHASE_RESULT 30 LF-LoRa-SF7-128 pktSize=128 rx=0 unique=0 lost=13 per=100.0 rssi_avg=0 rssi_min=0 crc_err=0 garbage=1 tx_lat=0.00000 tx_lon=0.00000 sats=0 fix=0 utc=0 tx_fw=none rx_fw=unknown
PHASE_GUARD 500
LORA_CFG path=0 bw=0x05 sf=7
PHASE_START 31 LF-LoRa-SF7-255 pktSize=255
2026-07-26T14:23:54.000372+00:00 SYNC_NOT_FOUND first4=65122AAC
2026-07-26T14:23:56.063348+00:00 SYNC_NOT_FOUND first4=F5FD7DCA
2026-07-26T14:23:57.079546+00:00 PHASE_RESULT 31 LF-LoRa-SF7-255 pktSize=255 rx=0 unique=0 lost=7 per=100.0 rssi_avg=0 rssi_min=0 crc_err=0 garbage=2 tx_lat=0.00000 tx_lon=0.00000 sats=0 fix=0 utc=0 tx_fw=none rx_fw=unknown
PHASE_GUARD 500
LORA_CFG path=0 bw=0x05 sf=9
PHASE_START 32 LF-LoRa-SF9-32 pktSize=32
2026-07-26T14:24:00.198947+00:00 TIME_SYNCED utc=1785075839 offset=1785062473
2026-07-26T14:24:01.215202+00:00 PHASE_RESULT 32 LF-LoRa-SF9-32 pktSize=32 rx=0 unique=0 lost=7 per=100.0 rssi_avg=0 rssi_min=0 crc_err=0 garbage=0 tx_lat=0.00000 tx_lon=0.00000 sats=0 fix=0 utc=0 tx_fw=none rx_fw=unknown
PHASE_GUARD 500
LORA_CFG path=0 bw=0x05 sf=9
PHASE_START 33 LF-LoRa-SF9-64 pktSize=64
2026-07-26T14:24:03.281199+00:00 TIME_SYNCED utc=1785075842 offset=1785062473
2026-07-26T14:24:04.297928+00:00 PHASE_RESULT 33 LF-LoRa-SF9-64 pktSize=64 rx=0 unique=0 lost=3 per=100.0 rssi_avg=0 rssi_min=0 crc_err=0 garbage=0 tx_lat=0.00000 tx_lon=0.00000 sats=0 fix=0 utc=0 tx_fw=none rx_fw=unknown
PHASE_GUARD 500
LORA_CFG path=0 bw=0x05 sf=9
PHASE_START 34 LF-LoRa-SF9-128 pktSize=128
2026-07-26T14:24:06.362993+00:00 PHASE_RESULT 34 LF-LoRa-SF9-128 pktSize=128 rx=0 unique=0 lost=1 per=100.0 rssi_avg=0 rssi_min=0 crc_err=0 garbage=0 tx_lat=0.00000 tx_lon=0.00000 sats=0 fix=0 utc=0 tx_fw=none rx_fw=unknown
PHASE_GUARD 500
LORA_CFG path=0 bw=0x05 sf=9
PHASE_START 35 LF-LoRa-SF9-255 pktSize=255
2026-07-26T14:24:10.525352+00:00 TIME_SYNCED utc=1785075849 offset=1785062473
PHASE_RESULT 35 LF-LoRa-SF9-255 pktSize=255 rx=0 unique=0 lost=1 per=100.0 rssi_avg=0 rssi_min=0 crc_err=0 garbage=0 tx_lat=0.00000 tx_lon=0.00000 sats=0 fix=0 utc=0 tx_fw=none rx_fw=unknown
PHASE_GUARD 500
LORA_CFG path=0 bw=0x05 sf=12
PHASE_START 36 LF-LoRa-SF12-32 pktSize=32
2026-07-26T14:24:13.644360+00:00 TIME_SYNCED utc=1785075852 offset=1785062473
2026-07-26T14:24:20.971284+00:00 TIME_SYNCED utc=1785075859 offset=1785062472
2026-07-26T14:24:23.027261+00:00 TIME_SYNCED utc=1785075862 offset=1785062473
2026-07-26T14:24:25.096615+00:00 PHASE_RESULT 36 LF-LoRa-SF12-32 pktSize=32 rx=0 unique=0 lost=1 per=100.0 rssi_avg=0 rssi_min=0 crc_err=0 garbage=0 tx_lat=0.00000 tx_lon=0.00000 sats=0 fix=0 utc=0 tx_fw=none rx_fw=unknown
PHASE_GUARD 500
LORA_CFG path=0 bw=0x05 sf=12
PHASE_START 37 LF-LoRa-SF12-SKIP SKIP pktSize=64
2026-07-26T14:24:26.108299+00:00 PHASE_RESULT 37 LF-LoRa-SF12-SKIP pktSize=64 rx=0 unique=0 lost=0 per=0.0 rssi_avg=0 rssi_min=0 crc_err=0 garbage=0 tx_lat=0.00000 tx_lon=0.00000 sats=0 fix=0 utc=0 tx_fw=none rx_fw=unknown
PHASE_GUARD 500
LORA_CFG path=0 bw=0x05 sf=12
PHASE_START 38 LF-LoRa-SF12-SKIP SKIP pktSize=128
2026-07-26T14:24:27.121711+00:00 PHASE_RESULT 38 LF-LoRa-SF12-SKIP pktSize=128 rx=0 unique=0 lost=0 per=0.0 rssi_avg=0 rssi_min=0 crc_err=0 garbage=0 tx_lat=0.00000 tx_lon=0.00000 sats=0 fix=0 utc=0 tx_fw=none rx_fw=unknown
PHASE_GUARD 500
LORA_CFG path=0 bw=0x05 sf=12
PHASE_START 39 LF-LoRa-SF12-SKIP SKIP pktSize=255
2026-07-26T14:24:28.133261+00:00 PHASE_RESULT 39 LF-LoRa-SF12-SKIP pktSize=255 rx=0 unique=0 lost=0 per=0.0 rssi_avg=0 rssi_min=0 crc_err=0 garbage=0 tx_lat=0.00000 tx_lon=0.00000 sats=0 fix=0 utc=0 tx_fw=none rx_fw=unknown
PHASE_GUARD 500
PHASE_START 40 LF-FLRC-2600-32 pktSize=32
2026-07-26T14:24:30.197798+00:00 SYNC_NOT_FOUND first4=82E401F5
PHASE_RESULT 40 LF-FLRC-2600-32 pktSize=32 rx=0 unique=0 lost=100 per=100.0 rssi_avg=0 rssi_min=0 crc_err=0 garbage=1 tx_lat=0.00000 tx_lon=0.00000 sats=0 fix=0 utc=0 tx_fw=none rx_fw=unknown
PHASE_GUARD 500
PHASE_START 41 LF-FLRC-2600-64 pktSize=64
2026-07-26T14:24:31.208883+00:00 TIME_SYNCED utc=1785075870 offset=1785062473
SYNC_NOT_FOUND first4=183FE7DC
2026-07-26T14:24:32.225027+00:00 PHASE_RESULT 41 LF-FLRC-2600-64 pktSize=64 rx=0 unique=0 lost=100 per=100.0 rssi_avg=0 rssi_min=0 crc_err=0 garbage=1 tx_lat=0.00000 tx_lon=0.00000 sats=0 fix=0 utc=0 tx_fw=none rx_fw=unknown
PHASE_GUARD 500
PHASE_START 42 LF-FLRC-2600-128 pktSize=128
SYNC_NOT_FOUND first4=66C22FC9
2026-07-26T14:24:33.236010+00:00 SYNC_NOT_FOUND first4=99F366B6
TIME_SYNCED utc=1785075872 offset=1785062473
SYNC_NOT_FOUND first4=9A6D0F27
SYNC_NOT_FOUND first4=6BDFD046
SYNC_NOT_FOUND first4=9A3153DD
SYNC_NOT_FOUND first4=F5EB8584
2026-07-26T14:24:34.251828+00:00 PHASE_RESULT 42 LF-FLRC-2600-128 pktSize=128 rx=0 unique=0 lost=100 per=100.0 rssi_avg=0 rssi_min=0 crc_err=0 garbage=6 tx_lat=0.00000 tx_lon=0.00000 sats=0 fix=0 utc=0 tx_fw=none rx_fw=unknown
PHASE_GUARD 500
PHASE_START 43 LF-FLRC-2600-255 pktSize=255
SYNC_NOT_FOUND first4=66B2FB93
2026-07-26T14:24:36.314878+00:00 PHASE_RESULT 43 LF-FLRC-2600-255 pktSize=255 rx=0 unique=0 lost=100 per=100.0 rssi_avg=0 rssi_min=0 crc_err=0 garbage=1 tx_lat=0.00000 tx_lon=0.00000 sats=0 fix=0 utc=0 tx_fw=none rx_fw=unknown
PHASE_GUARD 500
PHASE_START 44 LF-FLRC-1300-32 pktSize=32
2026-07-26T14:24:38.379069+00:00 PHASE_RESULT 44 LF-FLRC-1300-32 pktSize=32 rx=0 unique=0 lost=100 per=100.0 rssi_avg=0 rssi_min=0 crc_err=0 garbage=0 tx_lat=0.00000 tx_lon=0.00000 sats=0 fix=0 utc=0 tx_fw=none rx_fw=unknown
PHASE_GUARD 500
PHASE_START 45 LF-FLRC-1300-64 pktSize=64
2026-07-26T14:24:40.443909+00:00 PHASE_RESULT 45 LF-FLRC-1300-64 pktSize=64 rx=0 unique=0 lost=100 per=100.0 rssi_avg=0 rssi_min=0 crc_err=0 garbage=0 tx_lat=0.00000 tx_lon=0.00000 sats=0 fix=0 utc=0 tx_fw=none rx_fw=unknown
PHASE_GUARD 500
PHASE_START 46 LF-FLRC-1300-128 pktSize=128
2026-07-26T14:24:41.456293+00:00 TIME_SYNCED utc=1785075880 offset=1785062473
2026-07-26T14:24:42.472292+00:00 PHASE_RESULT 46 LF-FLRC-1300-128 pktSize=128 rx=0 unique=0 lost=100 per=100.0 rssi_avg=0 rssi_min=0 crc_err=0 garbage=0 tx_lat=0.00000 tx_lon=0.00000 sats=0 fix=0 utc=0 tx_fw=none rx_fw=unknown
PHASE_GUARD 500
PHASE_START 47 LF-FLRC-1300-255 pktSize=255
2026-07-26T14:24:43.483524+00:00 TIME_SYNCED utc=1785075882 offset=1785062473
SYNC_NOT_FOUND first4=AA8ED12A
2026-07-26T14:24:44.500657+00:00 PHASE_RESULT 47 LF-FLRC-1300-255 pktSize=255 rx=0 unique=0 lost=100 per=100.0 rssi_avg=0 rssi_min=0 crc_err=0 garbage=1 tx_lat=0.00000 tx_lon=0.00000 sats=0 fix=0 utc=0 tx_fw=none rx_fw=unknown
PHASE_GUARD 500
PHASE_START 48 LF-FLRC-650-32 pktSize=32
2026-07-26T14:24:45.511488+00:00 SYNC_NOT_FOUND first4=91E843F5
SYNC_NOT_FOUND first4=B5A18665
2026-07-26T14:24:46.522705+00:00 PHASE_RESULT 48 LF-FLRC-650-32 pktSize=32 rx=0 unique=0 lost=100 per=100.0 rssi_avg=0 rssi_min=0 crc_err=0 garbage=2 tx_lat=0.00000 tx_lon=0.00000 sats=0 fix=0 utc=0 tx_fw=none rx_fw=unknown
PHASE_GUARD 500
PHASE_START 49 LF-FLRC-650-64 pktSize=64
SYNC_NOT_FOUND first4=5DDB87E3
2026-07-26T14:24:47.538781+00:00 SYNC_NOT_FOUND first4=004D4F06
2026-07-26T14:24:48.550291+00:00 SYNC_NOT_FOUND first4=FB4BBE24
PHASE_RESULT 49 LF-FLRC-650-64 pktSize=64 rx=0 unique=0 lost=100 per=100.0 rssi_avg=0 rssi_min=0 crc_err=0 garbage=3 tx_lat=0.00000 tx_lon=0.00000 sats=0 fix=0 utc=0 tx_fw=none rx_fw=unknown
PHASE_GUARD 500
PHASE_START 50 LF-FLRC-650-128 pktSize=128
2026-07-26T14:24:49.569472+00:00 SYNC_NOT_FOUND first4=20FCE85B
SYNC_NOT_FOUND first4=2CA70F8D
2026-07-26T14:24:50.583801+00:00 PHASE_RESULT 50 LF-FLRC-650-128 pktSize=128 rx=0 unique=0 lost=100 per=100.0 rssi_avg=0 rssi_min=0 crc_err=0 garbage=2 tx_lat=0.00000 tx_lon=0.00000 sats=0 fix=0 utc=0 tx_fw=none rx_fw=unknown
PHASE_GUARD 500
PHASE_START 51 LF-FLRC-650-255 pktSize=255
SYNC_NOT_FOUND first4=CDB823F1
SYNC_NOT_FOUND first4=7443F80F
2026-07-26T14:24:51.594765+00:00 TIME_SYNCED utc=1785075890 offset=1785062473
SYNC_NOT_FOUND first4=0E21E0C3
SYNC_NOT_FOUND first4=A0815670
2026-07-26T14:24:52.608239+00:00 PHASE_RESULT 51 LF-FLRC-650-255 pktSize=255 rx=0 unique=0 lost=100 per=100.0 rssi_avg=0 rssi_min=0 crc_err=0 garbage=4 tx_lat=0.00000 tx_lon=0.00000 sats=0 fix=0 utc=0 tx_fw=none rx_fw=unknown
PHASE_GUARD 500
PHASE_START 52 LF-FLRC-325-32 pktSize=32
2026-07-26T14:24:53.619708+00:00 TIME_SYNCED utc=1785075892 offset=1785062472
2026-07-26T14:24:55.690153+00:00 PHASE_RESULT 52 LF-FLRC-325-32 pktSize=32 rx=0 unique=0 lost=100 per=100.0 rssi_avg=0 rssi_min=0 crc_err=0 garbage=0 tx_lat=0.00000 tx_lon=0.00000 sats=0 fix=0 utc=0 tx_fw=none rx_fw=unknown
PHASE_GUARD 500
PHASE_START 53 LF-FLRC-325-64 pktSize=64
2026-07-26T14:24:57.755231+00:00 PHASE_RESULT 53 LF-FLRC-325-64 pktSize=64 rx=0 unique=0 lost=100 per=100.0 rssi_avg=0 rssi_min=0 crc_err=0 garbage=0 tx_lat=0.00000 tx_lon=0.00000 sats=0 fix=0 utc=0 tx_fw=none rx_fw=unknown
PHASE_GUARD 500
PHASE_START 54 LF-FLRC-325-128 pktSize=128
2026-07-26T14:24:58.773264+00:00 PHASE_RESULT 54 LF-FLRC-325-128 pktSize=128 rx=0 unique=0 lost=100 per=100.0 rssi_avg=0 rssi_min=0 crc_err=0 garbage=0 tx_lat=0.00000 tx_lon=0.00000 sats=0 fix=0 utc=0 tx_fw=none rx_fw=unknown
PHASE_GUARD 500
2026-07-26T14:24:59.790488+00:00 PHASE_START 55 LF-FLRC-325-255 pktSize=255
2026-07-26T14:25:00.801618+00:00 PHASE_RESULT 55 LF-FLRC-325-255 pktSize=255 rx=0 unique=0 lost=100 per=100.0 rssi_avg=0 rssi_min=0 crc_err=0 garbage=0 tx_lat=0.00000 tx_lon=0.00000 sats=0 fix=0 utc=0 tx_fw=none rx_fw=unknown
PHASE_GUARD 500
2026-07-26T14:25:01.813230+00:00 LORA_CFG path=1 bw=0x0F sf=7
PHASE_START 0 HF-LoRa-SF7-32 pktSize=32
TIME_SYNCED utc=1785075900 offset=1785062472
2026-07-26T14:25:02.823919+00:00 PHASE_RESULT 0 HF-LoRa-SF7-32 pktSize=32 rx=0 unique=0 lost=20 per=100.0 rssi_avg=0 rssi_min=0 crc_err=0 garbage=0 tx_lat=0.00000 tx_lon=0.00000 sats=0 fix=0 utc=0 tx_fw=none rx_fw=unknown
PHASE_GUARD 500
LORA_CFG path=1 bw=0x0F sf=7
2026-07-26T14:25:03.828684+00:00 PHASE_START 1 HF-LoRa-SF7-64 pktSize=64
TIME_SYNCED utc=1785075902 offset=1785062472
2026-07-26T14:25:04.844295+00:00 PHASE_RESULT 1 HF-LoRa-SF7-64 pktSize=64 rx=0 unique=0 lost=20 per=100.0 rssi_avg=0 rssi_min=0 crc_err=0 garbage=0 tx_lat=0.00000 tx_lon=0.00000 sats=0 fix=0 utc=0 tx_fw=none rx_fw=unknown
PHASE_GUARD 500
LORA_CFG path=1 bw=0x0F sf=7
2026-07-26T14:25:05.856204+00:00 PHASE_START 2 HF-LoRa-SF7-128 pktSize=128
2026-07-26T14:25:06.867494+00:00 PHASE_RESULT 2 HF-LoRa-SF7-128 pktSize=128 rx=0 unique=0 lost=20 per=100.0 rssi_avg=0 rssi_min=0 crc_err=0 garbage=0 tx_lat=0.00000 tx_lon=0.00000 sats=0 fix=0 utc=0 tx_fw=none rx_fw=unknown
PHASE_GUARD 500
LORA_CFG path=1 bw=0x0F sf=7
2026-07-26T14:25:07.883229+00:00 PHASE_START 3 HF-LoRa-SF7-255 pktSize=255
2026-07-26T14:25:09.951783+00:00 PHASE_RESULT 3 HF-LoRa-SF7-255 pktSize=255 rx=0 unique=0 lost=20 per=100.0 rssi_avg=0 rssi_min=0 crc_err=0 garbage=0 tx_lat=0.00000 tx_lon=0.00000 sats=0 fix=0 utc=0 tx_fw=none rx_fw=unknown
PHASE_GUARD 500
LORA_CFG path=1 bw=0x0F sf=9
PHASE_START 4 HF-LoRa-SF9-32 pktSize=32
2026-07-26T14:25:12.017747+00:00 TIME_SYNCED utc=1785075911 offset=1785062473
PHASE_RESULT 4 HF-LoRa-SF9-32 pktSize=32 rx=0 unique=0 lost=20 per=100.0 rssi_avg=0 rssi_min=0 crc_err=0 garbage=0 tx_lat=0.00000 tx_lon=0.00000 sats=0 fix=0 utc=0 tx_fw=none rx_fw=unknown
PHASE_GUARD 500
LORA_CFG path=1 bw=0x0F sf=9
PHASE_START 5 HF-LoRa-SF9-64 pktSize=64
2026-07-26T14:25:13.034895+00:00 TIME_SYNCED utc=1785075912 offset=1785062472
2026-07-26T14:25:15.096770+00:00 PHASE_RESULT 5 HF-LoRa-SF9-64 pktSize=64 rx=0 unique=0 lost=20 per=100.0 rssi_avg=0 rssi_min=0 crc_err=0 garbage=0 tx_lat=0.00000 tx_lon=0.00000 sats=0 fix=0 utc=0 tx_fw=none rx_fw=unknown
PHASE_GUARD 500
LORA_CFG path=1 bw=0x0F sf=9
PHASE_START 6 HF-LoRa-SF9-128 pktSize=128
2026-07-26T14:25:19.267716+00:00 PHASE_RESULT 6 HF-LoRa-SF9-128 pktSize=128 rx=0 unique=0 lost=13 per=100.0 rssi_avg=0 rssi_min=0 crc_err=0 garbage=0 tx_lat=0.00000 tx_lon=0.00000 sats=0 fix=0 utc=0 tx_fw=none rx_fw=unknown
PHASE_GUARD 500
LORA_CFG path=1 bw=0x0F sf=9
PHASE_START 7 HF-LoRa-SF9-255 pktSize=255
2026-07-26T14:25:22.382352+00:00 TIME_SYNCED utc=1785075921 offset=1785062473
PHASE_RESULT 7 HF-LoRa-SF9-255 pktSize=255 rx=0 unique=0 lost=6 per=100.0 rssi_avg=0 rssi_min=0 crc_err=0 garbage=0 tx_lat=0.00000 tx_lon=0.00000 sats=0 fix=0 utc=0 tx_fw=none rx_fw=unknown
PHASE_GUARD 500
LORA_CFG path=1 bw=0x0F sf=12
PHASE_START 8 HF-LoRa-SF12-32 pktSize=32
2026-07-26T14:25:23.398216+00:00 TIME_SYNCED utc=1785075922 offset=1785062472
2026-07-26T14:25:25.453039+00:00 PHASE_RESULT 8 HF-LoRa-SF12-32 pktSize=32 rx=0 unique=0 lost=2 per=100.0 rssi_avg=0 rssi_min=0 crc_err=0 garbage=0 tx_lat=0.00000 tx_lon=0.00000 sats=0 fix=0 utc=0 tx_fw=none rx_fw=unknown
PHASE_GUARD 500
LORA_CFG path=1 bw=0x0F sf=12
PHASE_START 9 HF-LoRa-SF12-64 pktSize=64
2026-07-26T14:25:28.568301+00:00 PHASE_RESULT 9 HF-LoRa-SF12-64 pktSize=64 rx=0 unique=0 lost=1 per=100.0 rssi_avg=0 rssi_min=0 crc_err=0 garbage=0 tx_lat=0.00000 tx_lon=0.00000 sats=0 fix=0 utc=0 tx_fw=none rx_fw=unknown
PHASE_GUARD 500
LORA_CFG path=1 bw=0x0F sf=12
PHASE_START 10 HF-LoRa-SF12-128 pktSize=128
2026-07-26T14:25:32.742781+00:00 TIME_SYNCED utc=1785075931 offset=1785062472
PHASE_RESULT 10 HF-LoRa-SF12-128 pktSize=128 rx=0 unique=0 lost=1 per=100.0 rssi_avg=0 rssi_min=0 crc_err=0 garbage=0 tx_lat=0.00000 tx_lon=0.00000 sats=0 fix=0 utc=0 tx_fw=none rx_fw=unknown
2026-07-26T14:25:33.759227+00:00 PHASE_GUARD 500
LORA_CFG path=1 bw=0x0F sf=12
PHASE_START 11 HF-LoRa-SF12-255 pktSize=255
TIME_SYNCED utc=1785075932 offset=1785062472
2026-07-26T14:25:43.178965+00:00 TIME_SYNCED utc=1785075942 offset=1785062473
PHASE_RESULT 11 HF-LoRa-SF12-255 pktSize=255 rx=0 unique=0 lost=1 per=100.0 rssi_avg=0 rssi_min=0 crc_err=0 garbage=0 tx_lat=0.00000 tx_lon=0.00000 sats=0 fix=0 utc=0 tx_fw=none rx_fw=unknown
PHASE_GUARD 500
PHASE_START 12 HF-FLRC-2600-32 pktSize=32
SYNC_NOT_FOUND first4=4108A131
SYNC_NOT_FOUND first4=2741A4DE
SYNC_NOT_FOUND first4=D1E22520
TIME_SYNCED utc=1785075942 offset=1785062472
2026-07-26T14:25:44.196960+00:00 SYNC_NOT_FOUND first4=7498C3AE
SYNC_NOT_FOUND first4=904093CC
2026-07-26T14:25:45.208211+00:00 SYNC_NOT_FOUND first4=588E06BA
SYNC_NOT_FOUND first4=50B2FD4B
SYNC_NOT_FOUND first4=0C018D8F
SYNC_NOT_FOUND first4=7551BF63
SYNC_NOT_FOUND first4=2913D26A
PHASE_RESULT 12 HF-FLRC-2600-32 pktSize=32 rx=0 unique=0 lost=100 per=100.0 rssi_avg=0 rssi_min=0 crc_err=0 garbage=10 tx_lat=0.00000 tx_lon=0.00000 sats=0 fix=0 utc=0 tx_fw=none rx_fw=unknown
PHASE_GUARD 500
PHASE_START 13 HF-FLRC-2600-64 pktSize=64
SYNC_NOT_FOUND first4=CD59B59E
SYNC_NOT_FOUND first4=60B143C4
SYNC_NOT_FOUND first4=52B19264
2026-07-26T14:25:46.221866+00:00 SYNC_NOT_FOUND first4=589CAD42
SYNC_NOT_FOUND first4=D280B316
SYNC_NOT_FOUND first4=B572DD39
SYNC_NOT_FOUND first4=7B20C749
SYNC_NOT_FOUND first4=57F4E47F
2026-07-26T14:25:47.232469+00:00 SYNC_NOT_FOUND first4=F684D864
SYNC_NOT_FOUND first4=6BEA2211
SYNC_NOT_FOUND first4=7A2D9665
SYNC_NOT_FOUND first4=4F0CCDB1
PHASE_RESULT 13 HF-FLRC-2600-64 pktSize=64 rx=0 unique=0 lost=100 per=100.0 rssi_avg=0 rssi_min=0 crc_err=0 garbage=12 tx_lat=0.00000 tx_lon=0.00000 sats=0 fix=0 utc=0 tx_fw=none rx_fw=unknown
PHASE_GUARD 500
PHASE_START 14 HF-FLRC-2600-128 pktSize=128
SYNC_NOT_FOUND first4=1DE22E73
SYNC_NOT_FOUND first4=BD970617
SYNC_NOT_FOUND first4=47502A32
SYNC_NOT_FOUND first4=7C469318
2026-07-26T14:25:48.245404+00:00 SYNC_NOT_FOUND first4=710CDB13
SYNC_NOT_FOUND first4=480A159B
SYNC_NOT_FOUND first4=78A905D2
SYNC_NOT_FOUND first4=D1379223
SYNC_NOT_FOUND first4=3C025944
SYNC_NOT_FOUND first4=2B0B9864
SYNC_NOT_FOUND first4=EF738501
2026-07-26T14:25:49.258235+00:00 SYNC_NOT_FOUND first4=64891C59
SYNC_NOT_FOUND first4=C6F5D04B
PHASE_RESULT 14 HF-FLRC-2600-128 pktSize=128 rx=0 unique=0 lost=100 per=100.0 rssi_avg=0 rssi_min=0 crc_err=0 garbage=13 tx_lat=0.00000 tx_lon=0.00000 sats=0 fix=0 utc=0 tx_fw=none rx_fw=unknown
PHASE_GUARD 500
PHASE_START 15 HF-FLRC-2600-255 pktSize=255
2026-07-26T14:25:50.269348+00:00 SYNC_NOT_FOUND first4=8F9EE905
SYNC_NOT_FOUND first4=8708CBC5
SYNC_NOT_FOUND first4=09D3A42F
2026-07-26T14:25:51.285565+00:00 SYNC_NOT_FOUND first4=2D442959
SYNC_NOT_FOUND first4=003BDD89
SYNC_NOT_FOUND first4=E7EF9374
SYNC_NOT_FOUND first4=4C2FFDBC
SYNC_NOT_FOUND first4=DF3F8612
PHASE_RESULT 15 HF-FLRC-2600-255 pktSize=255 rx=0 unique=0 lost=100 per=100.0 rssi_avg=0 rssi_min=0 crc_err=0 garbage=8 tx_lat=0.00000 tx_lon=0.00000 sats=0 fix=0 utc=0 tx_fw=none rx_fw=unknown
PHASE_GUARD 500
PHASE_START 16 HF-FLRC-1300-32 pktSize=32
2026-07-26T14:25:52.296857+00:00 SYNC_NOT_FOUND first4=E92EA3B6
SYNC_NOT_FOUND first4=E9EEEB64
SYNC_NOT_FOUND first4=A5D557EA
SYNC_NOT_FOUND first4=9330EAB0
2026-07-26T14:25:53.308038+00:00 TIME_SYNCED utc=1785075952 offset=1785062473
PHASE_RESULT 16 HF-FLRC-1300-32 pktSize=32 rx=0 unique=0 lost=100 per=100.0 rssi_avg=0 rssi_min=0 crc_err=0 garbage=4 tx_lat=0.00000 tx_lon=0.00000 sats=0 fix=0 utc=0 tx_fw=none rx_fw=unknown
PHASE_GUARD 500
PHASE_START 17 HF-FLRC-1300-64 pktSize=64
SYNC_NOT_FOUND first4=6D546FD2
TIME_SYNCED utc=1785075952 offset=1785062472
SYNC_NOT_FOUND first4=7AEAE69F
SYNC_NOT_FOUND first4=13F02377
SYNC_NOT_FOUND first4=BA2BA516
2026-07-26T14:25:54.325607+00:00 SYNC_NOT_FOUND first4=2A424AD9
SYNC_NOT_FOUND first4=166665D8
SYNC_NOT_FOUND first4=C72BAFFA
SYNC_NOT_FOUND first4=023ADB69
SYNC_NOT_FOUND first4=F1583656
2026-07-26T14:25:55.337367+00:00 SYNC_NOT_FOUND first4=C33F78A8
SYNC_NOT_FOUND first4=4EAB5BD1
SYNC_NOT_FOUND first4=276D0088
PHASE_RESULT 17 HF-FLRC-1300-64 pktSize=64 rx=0 unique=0 lost=100 per=100.0 rssi_avg=0 rssi_min=0 crc_err=0 garbage=12 tx_lat=0.00000 tx_lon=0.00000 sats=0 fix=0 utc=0 tx_fw=none rx_fw=unknown
PHASE_GUARD 500
PHASE_START 18 HF-FLRC-1300-128 pktSize=128
SYNC_NOT_FOUND first4=8D88867C
SYNC_NOT_FOUND first4=F6B78853
2026-07-26T14:25:56.356110+00:00 SYNC_NOT_FOUND first4=9076A4D0
SYNC_NOT_FOUND first4=71EC2CD4
2026-07-26T14:25:57.367171+00:00 PHASE_RESULT 18 HF-FLRC-1300-128 pktSize=128 rx=0 unique=0 lost=100 per=100.0 rssi_avg=0 rssi_min=0 crc_err=0 garbage=4 tx_lat=0.00000 tx_lon=0.00000 sats=0 fix=0 utc=0 tx_fw=none rx_fw=unknown
PHASE_GUARD 500
PHASE_START 19 HF-FLRC-1300-255 pktSize=255
SYNC_NOT_FOUND first4=1119DFC6
2026-07-26T14:25:58.377827+00:00 SYNC_NOT_FOUND first4=E83A3985
SYNC_NOT_FOUND first4=BFE0619C
SYNC_NOT_FOUND first4=A7FE67A1
SYNC_NOT_FOUND first4=782D8C6F
2026-07-26T14:25:59.395235+00:00 PHASE_RESULT 19 HF-FLRC-1300-255 pktSize=255 rx=0 unique=0 lost=100 per=100.0 rssi_avg=0 rssi_min=0 crc_err=0 garbage=5 tx_lat=0.00000 tx_lon=0.00000 sats=0 fix=0 utc=0 tx_fw=none rx_fw=unknown
PHASE_GUARD 500
PHASE_START 20 HF-FLRC-650-32 pktSize=32
SYNC_NOT_FOUND first4=42CFB460
SYNC_NOT_FOUND first4=538659C9
SYNC_NOT_FOUND first4=0DCBE86F
SYNC_NOT_FOUND first4=0C223EF9
SYNC_NOT_FOUND first4=0500445B
SYNC_NOT_FOUND first4=24086DBF
SYNC_NOT_FOUND first4=77B98376
SYNC_NOT_FOUND first4=A9DB0A75
SYNC_NOT_FOUND first4=1DD44421
SYNC_NOT_FOUND first4=DFB76802
SYNC_NOT_FOUND first4=2ED3FDF8
SYNC_NOT_FOUND first4=2867A30C
SYNC_NOT_FOUND first4=0BF0A0F7
2026-07-26T14:26:00.405908+00:00 SYNC_NOT_FOUND first4=75F2ED8A
SYNC_NOT_FOUND first4=9D8BAE83
SYNC_NOT_FOUND first4=F1BF29A1
SYNC_NOT_FOUND first4=D7EF1D82
SYNC_NOT_FOUND first4=B0E6DE1A
SYNC_NOT_FOUND first4=0FA6032A
SYNC_NOT_FOUND first4=623F3183
SYNC_NOT_FOUND first4=17C0B1F4
SYNC_NOT_FOUND first4=51324E6C
SYNC_NOT_FOUND first4=68459504
SYNC_NOT_FOUND first4=630F9498
SYNC_NOT_FOUND first4=645BA52A
SYNC_NOT_FOUND first4=2B2DBC2A
SYNC_NOT_FOUND first4=CD174EC3
SYNC_NOT_FOUND first4=6A333A2E
SYNC_NOT_FOUND first4=0D8B5707
SYNC_NOT_FOUND first4=B382A81C
SYNC_NOT_FOUND first4=0C168015
SYNC_NOT_FOUND first4=09D33450
SYNC_NOT_FOUND first4=B5F485EA
SYNC_NOT_FOUND first4=F89F6BD4
SYNC_NOT_FOUND first4=3873889E
SYNC_NOT_FOUND first4=500B2A82
SYNC_NOT_FOUND first4=3A5530EA
SYNC_NOT_FOUND first4=B47A916D
SYNC_NOT_FOUND first4=F4DC00B9
SYNC_NOT_FOUND first4=4A0AA8B4
2026-07-26T14:26:01.420410+00:00 SYNC_NOT_FOUND first4=CF2D4489
SYNC_NOT_FOUND first4=D410A885
SYNC_NOT_FOUND first4=7DE248B0
SYNC_NOT_FOUND first4=055C4216
SYNC_NOT_FOUND first4=206754EC
SYNC_NOT_FOUND first4=0086BA42
PHASE_RESULT 20 HF-FLRC-650-32 pktSize=32 rx=0 unique=0 lost=100 per=100.0 rssi_avg=0 rssi_min=0 crc_err=0 garbage=46 tx_lat=0.00000 tx_lon=0.00000 sats=0 fix=0 utc=0 tx_fw=none rx_fw=unknown
PHASE_GUARD 500
PHASE_START 21 HF-FLRC-650-64 pktSize=64
SYNC_NOT_FOUND first4=88EC2E99
SYNC_NOT_FOUND first4=EED0F539
SYNC_NOT_FOUND first4=077FF854
SYNC_NOT_FOUND first4=648E7064
SYNC_NOT_FOUND first4=0F260AEC
SYNC_NOT_FOUND first4=11BE522B
SYNC_NOT_FOUND first4=201DC0AB
SYNC_NOT_FOUND first4=283644DD
SYNC_NOT_FOUND first4=498268A0
SYNC_NOT_FOUND first4=724B1B23
SYNC_NOT_FOUND first4=983E16DD
SYNC_NOT_FOUND first4=A535114C
SYNC_NOT_FOUND first4=7023E27C
2026-07-26T14:26:02.431048+00:00 SYNC_NOT_FOUND first4=EBB44976
SYNC_NOT_FOUND first4=00165057
SYNC_NOT_FOUND first4=FF737E87
SYNC_NOT_FOUND first4=849A31AA
SYNC_NOT_FOUND first4=60CDE2CB
SYNC_NOT_FOUND first4=8460161C
SYNC_NOT_FOUND first4=6D1416D1
SYNC_NOT_FOUND first4=91749238
SYNC_NOT_FOUND first4=F52011DC
SYNC_NOT_FOUND first4=922B9FFA
SYNC_NOT_FOUND first4=BAB46929
SYNC_NOT_FOUND first4=A48537CB
SYNC_NOT_FOUND first4=E8EA26E6
SYNC_NOT_FOUND first4=7CD5857F
SYNC_NOT_FOUND first4=15A36961
SYNC_NOT_FOUND first4=220D1B6B
SYNC_NOT_FOUND first4=2C0425F2
SYNC_NOT_FOUND first4=FBB90AE0
SYNC_NOT_FOUND first4=50822BED
SYNC_NOT_FOUND first4=0CD374F4
SYNC_NOT_FOUND first4=3E2BCF01
2026-07-26T14:26:03.444485+00:00 SYNC_NOT_FOUND first4=53914F8F
TIME_SYNCED utc=1785075962 offset=1785062473
PHASE_RESULT 21 HF-FLRC-650-64 pktSize=64 rx=0 unique=0 lost=100 per=100.0 rssi_avg=0 rssi_min=0 crc_err=0 garbage=35 tx_lat=0.00000 tx_lon=0.00000 sats=0 fix=0 utc=0 tx_fw=none rx_fw=unknown
PHASE_GUARD 500
PHASE_START 22 HF-FLRC-650-128 pktSize=128
SYNC_NOT_FOUND first4=FD4472FC
SYNC_NOT_FOUND first4=34FFD76F
SYNC_NOT_FOUND first4=E5C6370E
SYNC_NOT_FOUND first4=05904A6C
SYNC_NOT_FOUND first4=10C0B812
SYNC_NOT_FOUND first4=61547C1F
SYNC_NOT_FOUND first4=C81CFFEC
TIME_SYNCED utc=1785075962 offset=1785062472
SYNC_NOT_FOUND first4=C2C64614
SYNC_NOT_FOUND first4=EAC1496E
SYNC_NOT_FOUND first4=4843E5EA
SYNC_NOT_FOUND first4=014B9A33
SYNC_NOT_FOUND first4=8FD07D20
SYNC_NOT_FOUND first4=21289B5E
SYNC_NOT_FOUND first4=4DC7AB10
SYNC_NOT_FOUND first4=2D275D46
SYNC_NOT_FOUND first4=61E97FBC
2026-07-26T14:26:04.457353+00:00 SYNC_NOT_FOUND first4=5E612172
SYNC_NOT_FOUND first4=443E47AA
SYNC_NOT_FOUND first4=7612C502
SYNC_NOT_FOUND first4=A25EE108
SYNC_NOT_FOUND first4=54F0586C
SYNC_NOT_FOUND first4=88B47E61
SYNC_NOT_FOUND first4=2A950248
SYNC_NOT_FOUND first4=7E7C6A54
SYNC_NOT_FOUND first4=07788CCB
SYNC_NOT_FOUND first4=81527746
SYNC_NOT_FOUND first4=AA217D09
SYNC_NOT_FOUND first4=62E679AC
SYNC_NOT_FOUND first4=89070282
SYNC_NOT_FOUND first4=865A1E8C
SYNC_NOT_FOUND first4=8124A8AE
SYNC_NOT_FOUND first4=D285F2E5
SYNC_NOT_FOUND first4=0B19ED5E
SYNC_NOT_FOUND first4=53936024
SYNC_NOT_FOUND first4=21B1290F
SYNC_NOT_FOUND first4=85E81934
SYNC_NOT_FOUND first4=38CA8E85
SYNC_NOT_FOUND first4=6CC4DA41
SYNC_NOT_FOUND first4=C19822D9
SYNC_NOT_FOUND first4=B85004BA
2026-07-26T14:26:05.468638+00:00 SYNC_NOT_FOUND first4=A31F7298
SYNC_NOT_FOUND first4=80DF7F8A
SYNC_NOT_FOUND first4=17AD84FE
PHASE_RESULT 22 HF-FLRC-650-128 pktSize=128 rx=0 unique=0 lost=100 per=100.0 rssi_avg=0 rssi_min=0 crc_err=0 garbage=43 tx_lat=0.00000 tx_lon=0.00000 sats=0 fix=0 utc=0 tx_fw=none rx_fw=unknown
PHASE_GUARD 500
PHASE_START 23 HF-FLRC-650-255 pktSize=255
SYNC_NOT_FOUND first4=3E47F1A5
SYNC_NOT_FOUND first4=3363892D
SYNC_NOT_FOUND first4=572C5961
SYNC_NOT_FOUND first4=BC6E30D6
SYNC_NOT_FOUND first4=EA78426B
SYNC_NOT_FOUND first4=94FFAC8F
SYNC_NOT_FOUND first4=DE8E9B10
SYNC_NOT_FOUND first4=AFC3AD4D
SYNC_NOT_FOUND first4=9EEF88E0
SYNC_NOT_FOUND first4=F16BC514
SYNC_NOT_FOUND first4=20B040FB
SYNC_NOT_FOUND first4=FC128214
SYNC_NOT_FOUND first4=544DD6EB
SYNC_NOT_FOUND first4=882D3B58
2026-07-26T14:26:06.488132+00:00 SYNC_NOT_FOUND first4=81445E61
SYNC_NOT_FOUND first4=1ECFE0E0
SYNC_NOT_FOUND first4=1F8B85FB
SYNC_NOT_FOUND first4=E6732151
SYNC_NOT_FOUND first4=7130F2E4
SYNC_NOT_FOUND first4=97E6175E
SYNC_NOT_FOUND first4=D07EC47C
SYNC_NOT_FOUND first4=0ED7B636
SYNC_NOT_FOUND first4=CA5A37DE
SYNC_NOT_FOUND first4=97BE87E6
SYNC_NOT_FOUND first4=24F7846E
SYNC_NOT_FOUND first4=E3B510EA
SYNC_NOT_FOUND first4=AE0A0C79
SYNC_NOT_FOUND first4=CCAD7CD3
SYNC_NOT_FOUND first4=588D8C38
SYNC_NOT_FOUND first4=A00DFDE7
SYNC_NOT_FOUND first4=FC4F5DBC
SYNC_NOT_FOUND first4=9D2013BA
SYNC_NOT_FOUND first4=056A6DC8
SYNC_NOT_FOUND first4=0CBDAD58
SYNC_NOT_FOUND first4=D673C681
SYNC_NOT_FOUND first4=3BEAD128
2026-07-26T14:26:07.499077+00:00 SYNC_NOT_FOUND first4=B89F3033
SYNC_NOT_FOUND first4=F271565D
SYNC_NOT_FOUND first4=184BCCD6
SYNC_NOT_FOUND first4=0586D5FA
SYNC_NOT_FOUND first4=1FB8D5B6
SYNC_NOT_FOUND first4=E0D0BA0B
PHASE_RESULT 23 HF-FLRC-650-255 pktSize=255 rx=0 unique=0 lost=100 per=100.0 rssi_avg=0 rssi_min=0 crc_err=0 garbage=42 tx_lat=0.00000 tx_lon=0.00000 sats=0 fix=0 utc=0 tx_fw=none rx_fw=unknown
PHASE_GUARD 500
PHASE_START 24 HF-FLRC-325-32 pktSize=32
SYNC_NOT_FOUND first4=74DFB166
2026-07-26T14:26:08.512225+00:00 SYNC_NOT_FOUND first4=A7E7615C
2026-07-26T14:26:09.532982+00:00 PHASE_RESULT 24 HF-FLRC-325-32 pktSize=32 rx=0 unique=0 lost=100 per=100.0 rssi_avg=0 rssi_min=0 crc_err=0 garbage=2 tx_lat=0.00000 tx_lon=0.00000 sats=0 fix=0 utc=0 tx_fw=none rx_fw=unknown
PHASE_GUARD 500
PHASE_START 25 HF-FLRC-325-64 pktSize=64
SYNC_NOT_FOUND first4=1F6006F5
SYNC_NOT_FOUND first4=47310FC2
2026-07-26T14:26:10.552009+00:00 SYNC_NOT_FOUND first4=8DB44788
SYNC_NOT_FOUND first4=3AC61855
SYNC_NOT_FOUND first4=D3C0E65B
SYNC_NOT_FOUND first4=350F69BB
SYNC_NOT_FOUND first4=0CDED6BC
2026-07-26T14:26:11.571069+00:00 PHASE_RESULT 25 HF-FLRC-325-64 pktSize=64 rx=0 unique=0 lost=100 per=100.0 rssi_avg=0 rssi_min=0 crc_err=0 garbage=7 tx_lat=0.00000 tx_lon=0.00000 sats=0 fix=0 utc=0 tx_fw=none rx_fw=unknown
PHASE_GUARD 500
PHASE_START 26 HF-FLRC-325-128 pktSize=128
SYNC_NOT_FOUND first4=C8A27DA7
SYNC_NOT_FOUND first4=7E14A9B8
SYNC_NOT_FOUND first4=BBCEF15A
2026-07-26T14:26:12.584421+00:00 SYNC_NOT_FOUND first4=4E7A5466
SYNC_NOT_FOUND first4=231460A9
2026-07-26T14:26:13.595737+00:00 TIME_SYNCED utc=1785075972 offset=1785062473
PHASE_RESULT 26 HF-FLRC-325-128 pktSize=128 rx=0 unique=0 lost=100 per=100.0 rssi_avg=0 rssi_min=0 crc_err=0 garbage=5 tx_lat=0.00000 tx_lon=0.00000 sats=0 fix=0 utc=0 tx_fw=none rx_fw=unknown
PHASE_GUARD 500
PHASE_START 27 HF-FLRC-325-255 pktSize=255
SYNC_NOT_FOUND first4=94AAEA4A
TIME_SYNCED utc=1785075972 offset=1785062472
SYNC_NOT_FOUND first4=27F6B5F7
SYNC_NOT_FOUND first4=3D273F93
SYNC_NOT_FOUND first4=05020AA7
2026-07-26T14:26:14.615182+00:00 SYNC_NOT_FOUND first4=116C11CD
SYNC_NOT_FOUND first4=48D83973
SYNC_NOT_FOUND first4=B3525C9C
SYNC_NOT_FOUND first4=15E465EB
SYNC_NOT_FOUND first4=0ACDFBFF
2026-07-26T14:26:15.633291+00:00 PHASE_RESULT 27 HF-FLRC-325-255 pktSize=255 rx=0 unique=0 lost=100 per=100.0 rssi_avg=0 rssi_min=0 crc_err=0 garbage=9 tx_lat=0.00000 tx_lon=0.00000 sats=0 fix=0 utc=0 tx_fw=none rx_fw=unknown
PHASE_GUARD 500
LORA_CFG path=0 bw=0x05 sf=7
PHASE_START 28 LF-LoRa-SF7-32 pktSize=32
2026-07-26T14:26:17.707209+00:00 PHASE_RESULT 28 LF-LoRa-SF7-32 pktSize=32 rx=0 unique=0 lost=20 per=100.0 rssi_avg=0 rssi_min=0 crc_err=0 garbage=0 tx_lat=0.00000 tx_lon=0.00000 sats=0 fix=0 utc=0 tx_fw=none rx_fw=unknown
PHASE_GUARD 500
LORA_CFG path=0 bw=0x05 sf=7
PHASE_START 29 LF-LoRa-SF7-64 pktSize=64
2026-07-26T14:26:19.771663+00:00 PHASE_RESULT 29 LF-LoRa-SF7-64 pktSize=64 rx=0 unique=0 lost=20 per=100.0 rssi_avg=0 rssi_min=0 crc_err=0 garbage=0 tx_lat=0.00000 tx_lon=0.00000 sats=0 fix=0 utc=0 tx_fw=none rx_fw=unknown
PHASE_GUARD 500
2026-07-26T14:26:20.788201+00:00 LORA_CFG path=0 bw=0x05 sf=7
PHASE_START 30 LF-LoRa-SF7-128 pktSize=128
2026-07-26T14:26:23.909082+00:00 TIME_SYNCED utc=1785075982 offset=1785062472
TIME_SYNCED utc=1785075982 offset=1785062472
PHASE_RESULT 30 LF-LoRa-SF7-128 pktSize=128 rx=0 unique=0 lost=13 per=100.0 rssi_avg=0 rssi_min=0 crc_err=0 garbage=0 tx_lat=0.00000 tx_lon=0.00000 sats=0 fix=0 utc=0 tx_fw=none rx_fw=unknown
PHASE_GUARD 500
LORA_CFG path=0 bw=0x05 sf=7
PHASE_START 31 LF-LoRa-SF7-255 pktSize=255
2026-07-26T14:26:28.074832+00:00 PHASE_RESULT 31 LF-LoRa-SF7-255 pktSize=255 rx=0 unique=0 lost=7 per=100.0 rssi_avg=0 rssi_min=0 crc_err=0 garbage=0 tx_lat=0.00000 tx_lon=0.00000 sats=0 fix=0 utc=0 tx_fw=none rx_fw=unknown
PHASE_GUARD 500
LORA_CFG path=0 bw=0x05 sf=9
PHASE_START 32 LF-LoRa-SF9-32 pktSize=32
2026-07-26T14:26:32.244352+00:00 PHASE_RESULT 32 LF-LoRa-SF9-32 pktSize=32 rx=0 unique=0 lost=7 per=100.0 rssi_avg=0 rssi_min=0 crc_err=0 garbage=0 tx_lat=0.00000 tx_lon=0.00000 sats=0 fix=0 utc=0 tx_fw=none rx_fw=unknown
PHASE_GUARD 500
LORA_CFG path=0 bw=0x05 sf=9
PHASE_START 33 LF-LoRa-SF9-64 pktSize=64
2026-07-26T14:26:33.262717+00:00 TIME_SYNCED utc=1785075992 offset=1785062472
2026-07-26T14:26:34.277874+00:00 TIME_SYNCED utc=1785075993 offset=1785062473
PHASE_RESULT 33 LF-LoRa-SF9-64 pktSize=64 rx=0 unique=0 lost=3 per=100.0 rssi_avg=0 rssi_min=0 crc_err=0 garbage=0 tx_lat=0.00000 tx_lon=0.00000 sats=0 fix=0 utc=0 tx_fw=none rx_fw=unknown
PHASE_GUARD 500
LORA_CFG path=0 bw=0x05 sf=9
PHASE_START 34 LF-LoRa-SF9-128 pktSize=128
2026-07-26T14:26:36.345071+00:00 PHASE_RESULT 34 LF-LoRa-SF9-128 pktSize=128 rx=0 unique=0 lost=1 per=100.0 rssi_avg=0 rssi_min=0 crc_err=0 garbage=0 tx_lat=0.00000 tx_lon=0.00000 sats=0 fix=0 utc=0 tx_fw=none rx_fw=unknown
PHASE_GUARD 500
LORA_CFG path=0 bw=0x05 sf=9
PHASE_START 35 LF-LoRa-SF9-255 pktSize=255
2026-07-26T14:26:40.506416+00:00 PHASE_RESULT 35 LF-LoRa-SF9-255 pktSize=255 rx=0 unique=0 lost=1 per=100.0 rssi_avg=0 rssi_min=0 crc_err=0 garbage=0 tx_lat=0.00000 tx_lon=0.00000 sats=0 fix=0 utc=0 tx_fw=none rx_fw=unknown
PHASE_GUARD 500
LORA_CFG path=0 bw=0x05 sf=12
PHASE_START 36 LF-LoRa-SF12-32 pktSize=32
2026-07-26T14:26:43.627352+00:00 TIME_SYNCED utc=1785076002 offset=1785062472
2026-07-26T14:26:44.646354+00:00 TIME_SYNCED utc=1785076003 offset=1785062473
2026-07-26T14:26:53.022113+00:00 TIME_SYNCED utc=1785076012 offset=1785062472
2026-07-26T14:26:55.089792+00:00 TIME_SYNCED utc=1785076014 offset=1785062473
PHASE_RESULT 36 LF-LoRa-SF12-32 pktSize=32 rx=0 unique=0 lost=1 per=100.0 rssi_avg=0 rssi_min=0 crc_err=0 garbage=0 tx_lat=0.00000 tx_lon=0.00000 sats=0 fix=0 utc=0 tx_fw=none rx_fw=unknown
PHASE_GUARD 500
LORA_CFG path=0 bw=0x05 sf=12
PHASE_START 37 LF-LoRa-SF12-SKIP SKIP pktSize=64
2026-07-26T14:26:56.106073+00:00 PHASE_RESULT 37 LF-LoRa-SF12-SKIP pktSize=64 rx=0 unique=0 lost=0 per=0.0 rssi_avg=0 rssi_min=0 crc_err=0 garbage=0 tx_lat=0.00000 tx_lon=0.00000 sats=0 fix=0 utc=0 tx_fw=none rx_fw=unknown
PHASE_GUARD 500
LORA_CFG path=0 bw=0x05 sf=12
PHASE_START 38 LF-LoRa-SF12-SKIP SKIP pktSize=128
2026-07-26T14:26:57.117542+00:00 PHASE_RESULT 38 LF-LoRa-SF12-SKIP pktSize=128 rx=0 unique=0 lost=0 per=0.0 rssi_avg=0 rssi_min=0 crc_err=0 garbage=0 tx_lat=0.00000 tx_lon=0.00000 sats=0 fix=0 utc=0 tx_fw=none rx_fw=unknown
PHASE_GUARD 500
LORA_CFG path=0 bw=0x05 sf=12
PHASE_START 39 LF-LoRa-SF12-SKIP SKIP pktSize=255
2026-07-26T14:26:58.137222+00:00 PHASE_RESULT 39 LF-LoRa-SF12-SKIP pktSize=255 rx=0 unique=0 lost=0 per=0.0 rssi_avg=0 rssi_min=0 crc_err=0 garbage=0 tx_lat=0.00000 tx_lon=0.00000 sats=0 fix=0 utc=0 tx_fw=none rx_fw=unknown
PHASE_GUARD 500
PHASE_START 40 LF-FLRC-2600-32 pktSize=32
SYNC_NOT_FOUND first4=11A65D37
2026-07-26T14:26:59.149436+00:00 SYNC_NOT_FOUND first4=DBC6107C
2026-07-26T14:27:00.160564+00:00 PHASE_RESULT 40 LF-FLRC-2600-32 pktSize=32 rx=0 unique=0 lost=100 per=100.0 rssi_avg=0 rssi_min=0 crc_err=0 garbage=2 tx_lat=0.00000 tx_lon=0.00000 sats=0 fix=0 utc=0 tx_fw=none rx_fw=unknown
PHASE_GUARD 500
PHASE_START 41 LF-FLRC-2600-64 pktSize=64
SYNC_NOT_FOUND first4=4F0D252F
2026-07-26T14:27:02.228260+00:00 PHASE_RESULT 41 LF-FLRC-2600-64 pktSize=64 rx=0 unique=0 lost=100 per=100.0 rssi_avg=0 rssi_min=0 crc_err=0 garbage=1 tx_lat=0.00000 tx_lon=0.00000 sats=0 fix=0 utc=0 tx_fw=none rx_fw=unknown
PHASE_GUARD 500
PHASE_START 42 LF-FLRC-2600-128 pktSize=128
2026-07-26T14:27:03.241583+00:00 TIME_SYNCED utc=1785076022 offset=1785062472
2026-07-26T14:27:05.308328+00:00 TIME_SYNCED utc=1785076024 offset=1785062473
PHASE_RESULT 42 LF-FLRC-2600-128 pktSize=128 rx=0 unique=0 lost=100 per=100.0 rssi_avg=0 rssi_min=0 crc_err=0 garbage=0 tx_lat=0.00000 tx_lon=0.00000 sats=0 fix=0 utc=0 tx_fw=none rx_fw=unknown
PHASE_GUARD 500
PHASE_START 43 LF-FLRC-2600-255 pktSize=255
2026-07-26T14:27:06.324613+00:00 SYNC_NOT_FOUND first4=83B6F426
PHASE_RESULT 43 LF-FLRC-2600-255 pktSize=255 rx=0 unique=0 lost=100 per=100.0 rssi_avg=0 rssi_min=0 crc_err=0 garbage=1 tx_lat=0.00000 tx_lon=0.00000 sats=0 fix=0 utc=0 tx_fw=none rx_fw=unknown
PHASE_GUARD 500
PHASE_START 44 LF-FLRC-1300-32 pktSize=32
SYNC_NOT_FOUND first4=93316E34
2026-07-26T14:27:08.389296+00:00 SYNC_NOT_FOUND first4=B99E9F88
PHASE_RESULT 44 LF-FLRC-1300-32 pktSize=32 rx=0 unique=0 lost=100 per=100.0 rssi_avg=0 rssi_min=0 crc_err=0 garbage=2 tx_lat=0.00000 tx_lon=0.00000 sats=0 fix=0 utc=0 tx_fw=none rx_fw=unknown
PHASE_GUARD 500
PHASE_START 45 LF-FLRC-1300-64 pktSize=64
2026-07-26T14:27:09.407127+00:00 SYNC_NOT_FOUND first4=CB010684
SYNC_NOT_FOUND first4=E87B36A7
2026-07-26T14:27:10.423313+00:00 PHASE_RESULT 45 LF-FLRC-1300-64 pktSize=64 rx=0 unique=0 lost=100 per=100.0 rssi_avg=0 rssi_min=0 crc_err=0 garbage=2 tx_lat=0.00000 tx_lon=0.00000 sats=0 fix=0 utc=0 tx_fw=none rx_fw=unknown
PHASE_GUARD 500
PHASE_START 46 LF-FLRC-1300-128 pktSize=128
SYNC_NOT_FOUND first4=C6F4423D
SYNC_NOT_FOUND first4=A1786AEA
2026-07-26T14:27:11.442353+00:00 SYNC_NOT_FOUND first4=8B89866F
2026-07-26T14:27:12.453939+00:00 PHASE_RESULT 46 LF-FLRC-1300-128 pktSize=128 rx=0 unique=0 lost=100 per=100.0 rssi_avg=0 rssi_min=0 crc_err=0 garbage=3 tx_lat=0.00000 tx_lon=0.00000 sats=0 fix=0 utc=0 tx_fw=none rx_fw=unknown
PHASE_GUARD 500
PHASE_START 47 LF-FLRC-1300-255 pktSize=255
2026-07-26T14:27:13.472663+00:00 SYNC_NOT_FOUND first4=E44444AB
SYNC_NOT_FOUND first4=9DDBED0A
TIME_SYNCED utc=1785076032 offset=1785062472
2026-07-26T14:27:15.539346+00:00 TIME_SYNCED utc=1785076034 offset=1785062473
PHASE_RESULT 47 LF-FLRC-1300-255 pktSize=255 rx=0 unique=0 lost=100 per=100.0 rssi_avg=0 rssi_min=0 crc_err=0 garbage=2 tx_lat=0.00000 tx_lon=0.00000 sats=0 fix=0 utc=0 tx_fw=none rx_fw=unknown
PHASE_GUARD 500
PHASE_START 48 LF-FLRC-650-32 pktSize=32
SYNC_NOT_FOUND first4=BC962AE1
SYNC_NOT_FOUND first4=8D467E18
2026-07-26T14:27:16.557130+00:00 PHASE_RESULT 48 LF-FLRC-650-32 pktSize=32 rx=0 unique=0 lost=100 per=100.0 rssi_avg=0 rssi_min=0 crc_err=0 garbage=2 tx_lat=0.00000 tx_lon=0.00000 sats=0 fix=0 utc=0 tx_fw=none rx_fw=unknown
PHASE_GUARD 500
PHASE_START 49 LF-FLRC-650-64 pktSize=64
SYNC_NOT_FOUND first4=77DD91FE
2026-07-26T14:27:17.568280+00:00 SYNC_NOT_FOUND first4=B95760FA
SYNC_NOT_FOUND first4=73C7B8E2
SYNC_NOT_FOUND first4=E7523071
SYNC_NOT_FOUND first4=A5080954
2026-07-26T14:27:18.584048+00:00 PHASE_RESULT 49 LF-FLRC-650-64 pktSize=64 rx=0 unique=0 lost=100 per=100.0 rssi_avg=0 rssi_min=0 crc_err=0 garbage=5 tx_lat=0.00000 tx_lon=0.00000 sats=0 fix=0 utc=0 tx_fw=none rx_fw=unknown
PHASE_GUARD 500
PHASE_START 50 LF-FLRC-650-128 pktSize=128
SYNC_NOT_FOUND first4=3925AF24
2026-07-26T14:27:19.595229+00:00 SYNC_NOT_FOUND first4=2FBDBA2F
2026-07-26T14:27:20.613286+00:00 PHASE_RESULT 50 LF-FLRC-650-128 pktSize=128 rx=0 unique=0 lost=100 per=100.0 rssi_avg=0 rssi_min=0 crc_err=0 garbage=2 tx_lat=0.00000 tx_lon=0.00000 sats=0 fix=0 utc=0 tx_fw=none rx_fw=unknown
PHASE_GUARD 500
PHASE_START 51 LF-FLRC-650-255 pktSize=255
SYNC_NOT_FOUND first4=AA5E4D96
2026-07-26T14:27:21.631601+00:00 SYNC_NOT_FOUND first4=D1BDEC1F
SYNC_NOT_FOUND first4=326DE614
2026-07-26T14:27:22.643370+00:00 PHASE_RESULT 51 LF-FLRC-650-255 pktSize=255 rx=0 unique=0 lost=100 per=100.0 rssi_avg=0 rssi_min=0 crc_err=0 garbage=3 tx_lat=0.00000 tx_lon=0.00000 sats=0 fix=0 utc=0 tx_fw=none rx_fw=unknown
PHASE_GUARD 500
PHASE_START 52 LF-FLRC-325-32 pktSize=32
2026-07-26T14:27:23.659232+00:00 TIME_SYNCED utc=1785076043 offset=1785062473
2026-07-26T14:27:24.670288+00:00 PHASE_RESULT 52 LF-FLRC-325-32 pktSize=32 rx=0 unique=0 lost=100 per=100.0 rssi_avg=0 rssi_min=0 crc_err=0 garbage=0 tx_lat=0.00000 tx_lon=0.00000 sats=0 fix=0 utc=0 tx_fw=none rx_fw=unknown
PHASE_GUARD 500
PHASE_START 53 LF-FLRC-325-64 pktSize=64
2026-07-26T14:27:25.682225+00:00 TIME_SYNCED utc=1785076044 offset=1785062473
2026-07-26T14:27:26.701493+00:00 PHASE_RESULT 53 LF-FLRC-325-64 pktSize=64 rx=0 unique=0 lost=100 per=100.0 rssi_avg=0 rssi_min=0 crc_err=0 garbage=0 tx_lat=0.00000 tx_lon=0.00000 sats=0 fix=0 utc=0 tx_fw=none rx_fw=unknown
PHASE_GUARD 500
PHASE_START 54 LF-FLRC-325-128 pktSize=128
2026-07-26T14:27:27.713432+00:00 PHASE_RESULT 54 LF-FLRC-325-128 pktSize=128 rx=0 unique=0 lost=100 per=100.0 rssi_avg=0 rssi_min=0 crc_err=0 garbage=0 tx_lat=0.00000 tx_lon=0.00000 sats=0 fix=0 utc=0 tx_fw=none rx_fw=unknown
2026-07-26T14:27:28.729361+00:00 PHASE_GUARD 500
PHASE_START 55 LF-FLRC-325-255 pktSize=255
2026-07-26T14:27:29.740388+00:00 PHASE_RESULT 55 LF-FLRC-325-255 pktSize=255 rx=0 unique=0 lost=100 per=100.0 rssi_avg=0 rssi_min=0 crc_err=0 garbage=0 tx_lat=0.00000 tx_lon=0.00000 sats=0 fix=0 utc=0 tx_fw=none rx_fw=unknown
PHASE_GUARD 500
2026-07-26T14:27:30.754296+00:00 LORA_CFG path=1 bw=0x0F sf=7
PHASE_START 0 HF-LoRa-SF7-32 pktSize=32
2026-07-26T14:27:31.770701+00:00 PHASE_RESULT 0 HF-LoRa-SF7-32 pktSize=32 rx=0 unique=0 lost=20 per=100.0 rssi_avg=0 rssi_min=0 crc_err=0 garbage=0 tx_lat=0.00000 tx_lon=0.00000 sats=0 fix=0 utc=0 tx_fw=none rx_fw=unknown
PHASE_GUARD 500
2026-07-26T14:27:32.782735+00:00 LORA_CFG path=1 bw=0x0F sf=7
PHASE_START 1 HF-LoRa-SF7-64 pktSize=64
2026-07-26T14:27:33.798421+00:00 TIME_SYNCED utc=1785076053 offset=1785062473
PHASE_RESULT 1 HF-LoRa-SF7-64 pktSize=64 rx=0 unique=0 lost=20 per=100.0 rssi_avg=0 rssi_min=0 crc_err=0 garbage=0 tx_lat=0.00000 tx_lon=0.00000 sats=0 fix=0 utc=0 tx_fw=none rx_fw=unknown
PHASE_GUARD 500
LORA_CFG path=1 bw=0x0F sf=7
2026-07-26T14:27:34.810290+00:00 PHASE_START 2 HF-LoRa-SF7-128 pktSize=128
2026-07-26T14:27:35.822208+00:00 TIME_SYNCED utc=1785076054 offset=1785062472
2026-07-26T14:27:36.845251+00:00 PHASE_RESULT 2 HF-LoRa-SF7-128 pktSize=128 rx=0 unique=0 lost=20 per=100.0 rssi_avg=0 rssi_min=0 crc_err=0 garbage=0 tx_lat=0.00000 tx_lon=0.00000 sats=0 fix=0 utc=0 tx_fw=none rx_fw=unknown
PHASE_GUARD 500
LORA_CFG path=1 bw=0x0F sf=7
2026-07-26T14:27:37.849294+00:00 PHASE_START 3 HF-LoRa-SF7-255 pktSize=255
2026-07-26T14:27:39.917591+00:00 PHASE_RESULT 3 HF-LoRa-SF7-255 pktSize=255 rx=0 unique=0 lost=20 per=100.0 rssi_avg=0 rssi_min=0 crc_err=0 garbage=0 tx_lat=0.00000 tx_lon=0.00000 sats=0 fix=0 utc=0 tx_fw=none rx_fw=unknown
PHASE_GUARD 500
LORA_CFG path=1 bw=0x0F sf=9
PHASE_START 4 HF-LoRa-SF9-32 pktSize=32
2026-07-26T14:27:41.980076+00:00 PHASE_RESULT 4 HF-LoRa-SF9-32 pktSize=32 rx=0 unique=0 lost=20 per=100.0 rssi_avg=0 rssi_min=0 crc_err=0 garbage=0 tx_lat=0.00000 tx_lon=0.00000 sats=0 fix=0 utc=0 tx_fw=none rx_fw=unknown
PHASE_GUARD 500
LORA_CFG path=1 bw=0x0F sf=9
PHASE_START 5 HF-LoRa-SF9-64 pktSize=64
2026-07-26T14:27:44.046965+00:00 TIME_SYNCED utc=1785076063 offset=1785062473
PHASE_RESULT 5 HF-LoRa-SF9-64 pktSize=64 rx=0 unique=0 lost=20 per=100.0 rssi_avg=0 rssi_min=0 crc_err=0 garbage=0 tx_lat=0.00000 tx_lon=0.00000 sats=0 fix=0 utc=0 tx_fw=none rx_fw=unknown
PHASE_GUARD 500
LORA_CFG path=1 bw=0x0F sf=9
PHASE_START 6 HF-LoRa-SF9-128 pktSize=128
2026-07-26T14:27:46.118275+00:00 TIME_SYNCED utc=1785076065 offset=1785062473
2026-07-26T14:27:48.187339+00:00 PHASE_RESULT 6 HF-LoRa-SF9-128 pktSize=128 rx=0 unique=0 lost=13 per=100.0 rssi_avg=0 rssi_min=0 crc_err=0 garbage=0 tx_lat=0.00000 tx_lon=0.00000 sats=0 fix=0 utc=0 tx_fw=none rx_fw=unknown
PHASE_GUARD 500
LORA_CFG path=1 bw=0x0F sf=9
PHASE_START 7 HF-LoRa-SF9-255 pktSize=255
2026-07-26T14:27:51.306293+00:00 PHASE_RESULT 7 HF-LoRa-SF9-255 pktSize=255 rx=0 unique=0 lost=6 per=100.0 rssi_avg=0 rssi_min=0 crc_err=0 garbage=0 tx_lat=0.00000 tx_lon=0.00000 sats=0 fix=0 utc=0 tx_fw=none rx_fw=unknown
PHASE_GUARD 500
LORA_CFG path=1 bw=0x0F sf=12
PHASE_START 8 HF-LoRa-SF12-32 pktSize=32
2026-07-26T14:27:53.372717+00:00 TIME_SYNCED utc=1785076073 offset=1785062473
2026-07-26T14:27:54.390363+00:00 PHASE_RESULT 8 HF-LoRa-SF12-32 pktSize=32 rx=0 unique=0 lost=2 per=100.0 rssi_avg=0 rssi_min=0 crc_err=0 garbage=0 tx_lat=0.00000 tx_lon=0.00000 sats=0 fix=0 utc=0 tx_fw=none rx_fw=unknown
PHASE_GUARD 500
LORA_CFG path=1 bw=0x0F sf=12
PHASE_START 9 HF-LoRa-SF12-64 pktSize=64
2026-07-26T14:27:56.454936+00:00 TIME_SYNCED utc=1785076075 offset=1785062473
2026-07-26T14:27:57.472398+00:00 PHASE_RESULT 9 HF-LoRa-SF12-64 pktSize=64 rx=0 unique=0 lost=1 per=100.0 rssi_avg=0 rssi_min=0 crc_err=0 garbage=0 tx_lat=0.00000 tx_lon=0.00000 sats=0 fix=0 utc=0 tx_fw=none rx_fw=unknown
PHASE_GUARD 500
LORA_CFG path=1 bw=0x0F sf=12
PHASE_START 10 HF-LoRa-SF12-128 pktSize=128
2026-07-26T14:28:02.689655+00:00 PHASE_RESULT 10 HF-LoRa-SF12-128 pktSize=128 rx=0 unique=0 lost=1 per=100.0 rssi_avg=0 rssi_min=0 crc_err=0 garbage=0 tx_lat=0.00000 tx_lon=0.00000 sats=0 fix=0 utc=0 tx_fw=none rx_fw=unknown
PHASE_GUARD 500
LORA_CFG path=1 bw=0x0F sf=12
PHASE_START 11 HF-LoRa-SF12-255 pktSize=255
2026-07-26T14:28:03.703290+00:00 TIME_SYNCED utc=1785076083 offset=1785062473
2026-07-26T14:28:06.824436+00:00 TIME_SYNCED utc=1785076085 offset=1785062472
2026-07-26T14:28:13.098958+00:00 PHASE_RESULT 11 HF-LoRa-SF12-255 pktSize=255 rx=0 unique=0 lost=1 per=100.0 rssi_avg=0 rssi_min=0 crc_err=0 garbage=0 tx_lat=0.00000 tx_lon=0.00000 sats=0 fix=0 utc=0 tx_fw=none rx_fw=unknown
PHASE_GUARD 500
PHASE_START 12 HF-FLRC-2600-32 pktSize=32
SYNC_NOT_FOUND first4=E0B1C15E
SYNC_NOT_FOUND first4=34B6ABDC
SYNC_NOT_FOUND first4=78C31DD5
2026-07-26T14:28:14.110406+00:00 TIME_SYNCED utc=1785076093 offset=1785062473
SYNC_NOT_FOUND first4=3CBC9F63
SYNC_NOT_FOUND first4=A6457192
SYNC_NOT_FOUND first4=D6AB35C5
SYNC_NOT_FOUND first4=20E1152B
SYNC_NOT_FOUND first4=73830124
SYNC_NOT_FOUND first4=F966D2E8
PHASE_RESULT 12 HF-FLRC-2600-32 pktSize=32 rx=0 unique=0 lost=100 per=100.0 rssi_avg=0 rssi_min=0 crc_err=0 garbage=9 tx_lat=0.00000 tx_lon=0.00000 sats=0 fix=0 utc=0 tx_fw=none rx_fw=unknown
PHASE_GUARD 500
PHASE_START 13 HF-FLRC-2600-64 pktSize=64
2026-07-26T14:28:15.122053+00:00 SYNC_NOT_FOUND first4=8A9A1005
SYNC_NOT_FOUND first4=06A21241
SYNC_NOT_FOUND first4=7A5A28FA
SYNC_NOT_FOUND first4=6A683AD9
SYNC_NOT_FOUND first4=96E073ED
SYNC_NOT_FOUND first4=58AD18E8
SYNC_NOT_FOUND first4=E6C5C4B4
SYNC_NOT_FOUND first4=5F756A38
SYNC_NOT_FOUND first4=CFA19B82
2026-07-26T14:28:16.133337+00:00 SYNC_NOT_FOUND first4=12A83705
SYNC_NOT_FOUND first4=D3D14993
PHASE_RESULT 13 HF-FLRC-2600-64 pktSize=64 rx=0 unique=0 lost=100 per=100.0 rssi_avg=0 rssi_min=0 crc_err=0 garbage=11 tx_lat=0.00000 tx_lon=0.00000 sats=0 fix=0 utc=0 tx_fw=none rx_fw=unknown
PHASE_GUARD 500
PHASE_START 14 HF-FLRC-2600-128 pktSize=128
SYNC_NOT_FOUND first4=5DD6BBBE
2026-07-26T14:28:17.144760+00:00 TIME_SYNCED utc=1785076096 offset=1785062473
SYNC_NOT_FOUND first4=6008826A
SYNC_NOT_FOUND first4=4882200A
SYNC_NOT_FOUND first4=4C1CF265
SYNC_NOT_FOUND first4=40C41171
SYNC_NOT_FOUND first4=5604B382
2026-07-26T14:28:18.156666+00:00 SYNC_NOT_FOUND first4=6802F49F
SYNC_NOT_FOUND first4=80C25EE4
SYNC_NOT_FOUND first4=59384641
SYNC_NOT_FOUND first4=0E9E555F
PHASE_RESULT 14 HF-FLRC-2600-128 pktSize=128 rx=0 unique=0 lost=100 per=100.0 rssi_avg=0 rssi_min=0 crc_err=0 garbage=10 tx_lat=0.00000 tx_lon=0.00000 sats=0 fix=0 utc=0 tx_fw=none rx_fw=unknown
PHASE_GUARD 500
PHASE_START 15 HF-FLRC-2600-255 pktSize=255
SYNC_NOT_FOUND first4=74392DE8
SYNC_NOT_FOUND first4=0E3C7649
2026-07-26T14:28:19.168191+00:00 SYNC_NOT_FOUND first4=4BF55030
SYNC_NOT_FOUND first4=AF0640E9
SYNC_NOT_FOUND first4=1824F236
SYNC_NOT_FOUND first4=FDC4131B
2026-07-26T14:28:20.180140+00:00 SYNC_NOT_FOUND first4=0C5B0A2B
SYNC_NOT_FOUND first4=7F5F316E
SYNC_NOT_FOUND first4=C7875B4B
PHASE_RESULT 15 HF-FLRC-2600-255 pktSize=255 rx=0 unique=0 lost=100 per=100.0 rssi_avg=0 rssi_min=0 crc_err=0 garbage=9 tx_lat=0.00000 tx_lon=0.00000 sats=0 fix=0 utc=0 tx_fw=none rx_fw=unknown
PHASE_GUARD 500
PHASE_START 16 HF-FLRC-1300-32 pktSize=32
SYNC_NOT_FOUND first4=AFC920D0
SYNC_NOT_FOUND first4=98EF8E7A
2026-07-26T14:28:21.184015+00:00 SYNC_NOT_FOUND first4=67DA3F05
SYNC_NOT_FOUND first4=B7679FDD
SYNC_NOT_FOUND first4=F4A9C4A1
SYNC_NOT_FOUND first4=4A12B55C
SYNC_NOT_FOUND first4=AA047EA2
2026-07-26T14:28:22.195084+00:00 SYNC_NOT_FOUND first4=E88622B1
SYNC_NOT_FOUND first4=AA866AF7
PHASE_RESULT 16 HF-FLRC-1300-32 pktSize=32 rx=0 unique=0 lost=100 per=100.0 rssi_avg=0 rssi_min=0 crc_err=0 garbage=9 tx_lat=0.00000 tx_lon=0.00000 sats=0 fix=0 utc=0 tx_fw=none rx_fw=unknown
PHASE_GUARD 500
PHASE_START 17 HF-FLRC-1300-64 pktSize=64
SYNC_NOT_FOUND first4=95589767
2026-07-26T14:28:23.206861+00:00 SYNC_NOT_FOUND first4=CEAA963E
SYNC_NOT_FOUND first4=87861E8E
SYNC_NOT_FOUND first4=55A8A785
SYNC_NOT_FOUND first4=726F632A
SYNC_NOT_FOUND first4=07D57939
SYNC_NOT_FOUND first4=66D86410
SYNC_NOT_FOUND first4=B9997C06
SYNC_NOT_FOUND first4=64C1C3A0
TIME_SYNCED utc=1785076103 offset=1785062473
2026-07-26T14:28:24.218208+00:00 SYNC_NOT_FOUND first4=2C1FE7C9
PHASE_RESULT 17 HF-FLRC-1300-64 pktSize=64 rx=0 unique=0 lost=100 per=100.0 rssi_avg=0 rssi_min=0 crc_err=0 garbage=10 tx_lat=0.00000 tx_lon=0.00000 sats=0 fix=0 utc=0 tx_fw=none rx_fw=unknown
PHASE_GUARD 500
PHASE_START 18 HF-FLRC-1300-128 pktSize=128
SYNC_NOT_FOUND first4=D3AF2FDE
2026-07-26T14:28:25.229782+00:00 SYNC_NOT_FOUND first4=969CC545
SYNC_NOT_FOUND first4=6D046A49
SYNC_NOT_FOUND first4=44A3D489
2026-07-26T14:28:26.241780+00:00 SYNC_NOT_FOUND first4=935CE7D3
PHASE_RESULT 18 HF-FLRC-1300-128 pktSize=128 rx=0 unique=0 lost=100 per=100.0 rssi_avg=0 rssi_min=0 crc_err=0 garbage=5 tx_lat=0.00000 tx_lon=0.00000 sats=0 fix=0 utc=0 tx_fw=none rx_fw=unknown
PHASE_GUARD 500
PHASE_START 19 HF-FLRC-1300-255 pktSize=255
SYNC_NOT_FOUND first4=50474BC0
SYNC_NOT_FOUND first4=B35DF477
2026-07-26T14:28:27.252760+00:00 TIME_SYNCED utc=1785076106 offset=1785062473
SYNC_NOT_FOUND first4=25C920E7
SYNC_NOT_FOUND first4=19EE6B1D
SYNC_NOT_FOUND first4=9D7E1D02
SYNC_NOT_FOUND first4=23C6249B
SYNC_NOT_FOUND first4=DE258827
2026-07-26T14:28:28.264621+00:00 SYNC_NOT_FOUND first4=D9CB08B2
SYNC_NOT_FOUND first4=F43429B1
SYNC_NOT_FOUND first4=9D988B39
PHASE_RESULT 19 HF-FLRC-1300-255 pktSize=255 rx=0 unique=0 lost=100 per=100.0 rssi_avg=0 rssi_min=0 crc_err=0 garbage=10 tx_lat=0.00000 tx_lon=0.00000 sats=0 fix=0 utc=0 tx_fw=none rx_fw=unknown
PHASE_GUARD 500
PHASE_START 20 HF-FLRC-650-32 pktSize=32
SYNC_NOT_FOUND first4=423BED96
SYNC_NOT_FOUND first4=90DAE224
SYNC_NOT_FOUND first4=F5695F48
SYNC_NOT_FOUND first4=BE314482
SYNC_NOT_FOUND first4=F1660591
SYNC_NOT_FOUND first4=467141DE
SYNC_NOT_FOUND first4=5A231B7E
SYNC_NOT_FOUND first4=56AE1D16
SYNC_NOT_FOUND first4=CF4C2AEB
SYNC_NOT_FOUND first4=D6D2DD76
SYNC_NOT_FOUND first4=6B7F4898
SYNC_NOT_FOUND first4=948BEC20
2026-07-26T14:28:29.275833+00:00 SYNC_NOT_FOUND first4=9E48D567
SYNC_NOT_FOUND first4=02586262
SYNC_NOT_FOUND first4=9DBC4217
SYNC_NOT_FOUND first4=CEFCDA24
SYNC_NOT_FOUND first4=C55EEC7E
SYNC_NOT_FOUND first4=2EFAA527
SYNC_NOT_FOUND first4=DC12812A
SYNC_NOT_FOUND first4=86105736
SYNC_NOT_FOUND first4=D932AD8F
SYNC_NOT_FOUND first4=B961E2F2
SYNC_NOT_FOUND first4=B3EFD630
SYNC_NOT_FOUND first4=3C5B5D42
SYNC_NOT_FOUND first4=74698131
SYNC_NOT_FOUND first4=E42275C5
SYNC_NOT_FOUND first4=2E8E7AE7
SYNC_NOT_FOUND first4=C48CAD10
SYNC_NOT_FOUND first4=FB95970B
SYNC_NOT_FOUND first4=DC02FE6F
SYNC_NOT_FOUND first4=16553376
SYNC_NOT_FOUND first4=CEFBC929
2026-07-26T14:28:30.287702+00:00 SYNC_NOT_FOUND first4=A328D1B6
SYNC_NOT_FOUND first4=510276AA
SYNC_NOT_FOUND first4=62106AA3
SYNC_NOT_FOUND first4=3ADBA6DE
SYNC_NOT_FOUND first4=0B0F9B9D
SYNC_NOT_FOUND first4=13379339
SYNC_NOT_FOUND first4=9903E700
SYNC_NOT_FOUND first4=2D69B0EE
SYNC_NOT_FOUND first4=2EBD1AF7
SYNC_NOT_FOUND first4=6E7D9BEE
SYNC_NOT_FOUND first4=E2C93006
SYNC_NOT_FOUND first4=8E9449B0
SYNC_NOT_FOUND first4=440A1BDD
SYNC_NOT_FOUND first4=0A8F0E47
PHASE_RESULT 20 HF-FLRC-650-32 pktSize=32 rx=0 unique=0 lost=100 per=100.0 rssi_avg=0 rssi_min=0 crc_err=0 garbage=46 tx_lat=0.00000 tx_lon=0.00000 sats=0 fix=0 utc=0 tx_fw=none rx_fw=unknown
PHASE_GUARD 500
PHASE_START 21 HF-FLRC-650-64 pktSize=64
SYNC_NOT_FOUND first4=A4C9E650
SYNC_NOT_FOUND first4=B2890418
SYNC_NOT_FOUND first4=8C3E062B
SYNC_NOT_FOUND first4=942202A1
SYNC_NOT_FOUND first4=CB11AC4B
SYNC_NOT_FOUND first4=6EB612D9
SYNC_NOT_FOUND first4=CAE07318
SYNC_NOT_FOUND first4=DD3BA96D
SYNC_NOT_FOUND first4=0698FC25
SYNC_NOT_FOUND first4=A968B655
2026-07-26T14:28:31.298716+00:00 SYNC_NOT_FOUND first4=A5B0E224
SYNC_NOT_FOUND first4=71C07CC3
SYNC_NOT_FOUND first4=6C66D73D
SYNC_NOT_FOUND first4=B363F9D3
SYNC_NOT_FOUND first4=49BB4A6F
SYNC_NOT_FOUND first4=46300E33
SYNC_NOT_FOUND first4=FC0AA82F
SYNC_NOT_FOUND first4=576E392F
SYNC_NOT_FOUND first4=1A4D2D15
SYNC_NOT_FOUND first4=69CC16B6
SYNC_NOT_FOUND first4=E9A01E56
SYNC_NOT_FOUND first4=10E123E4
SYNC_NOT_FOUND first4=EEB4C62B
SYNC_NOT_FOUND first4=5200E4B0
SYNC_NOT_FOUND first4=BE119246
SYNC_NOT_FOUND first4=FF93D14C
SYNC_NOT_FOUND first4=A275640B
2026-07-26T14:28:32.309719+00:00 SYNC_NOT_FOUND first4=2268F37D
SYNC_NOT_FOUND first4=69D07CF9
SYNC_NOT_FOUND first4=8D55B8BA
SYNC_NOT_FOUND first4=830B53DD
SYNC_NOT_FOUND first4=D594E86B
SYNC_NOT_FOUND first4=7373C64A
SYNC_NOT_FOUND first4=AAFDB379
SYNC_NOT_FOUND first4=62C94639
PHASE_RESULT 21 HF-FLRC-650-64 pktSize=64 rx=0 unique=0 lost=100 per=100.0 rssi_avg=0 rssi_min=0 crc_err=0 garbage=35 tx_lat=0.00000 tx_lon=0.00000 sats=0 fix=0 utc=0 tx_fw=none rx_fw=unknown
PHASE_GUARD 500
PHASE_START 22 HF-FLRC-650-128 pktSize=128
SYNC_NOT_FOUND first4=C1C4693C
SYNC_NOT_FOUND first4=4F67B9D2
SYNC_NOT_FOUND first4=AFD50DA5
SYNC_NOT_FOUND first4=522FB0A3
SYNC_NOT_FOUND first4=51043388
SYNC_NOT_FOUND first4=9F849135
SYNC_NOT_FOUND first4=C3BBF217
SYNC_NOT_FOUND first4=31EDE25D
2026-07-26T14:28:33.321917+00:00 SYNC_NOT_FOUND first4=57A9BB4A
SYNC_NOT_FOUND first4=0AC93D19
SYNC_NOT_FOUND first4=A4B44472
SYNC_NOT_FOUND first4=128CC392
SYNC_NOT_FOUND first4=840B7C23
SYNC_NOT_FOUND first4=E50D8E18
SYNC_NOT_FOUND first4=83050247
SYNC_NOT_FOUND first4=1B7652EC
SYNC_NOT_FOUND first4=8AAEC627
SYNC_NOT_FOUND first4=CF87E6D1
SYNC_NOT_FOUND first4=3D2C8813
TIME_SYNCED utc=1785076113 offset=1785062473
SYNC_NOT_FOUND first4=DAEF6EF2
2026-07-26T14:28:34.333229+00:00 SYNC_NOT_FOUND first4=91B02F82
SYNC_NOT_FOUND first4=CD911DAB
SYNC_NOT_FOUND first4=88E9FC81
SYNC_NOT_FOUND first4=BEBD877C
SYNC_NOT_FOUND first4=56483049
SYNC_NOT_FOUND first4=FD9B4FF9
SYNC_NOT_FOUND first4=C365D54B
PHASE_RESULT 22 HF-FLRC-650-128 pktSize=128 rx=0 unique=0 lost=100 per=100.0 rssi_avg=0 rssi_min=0 crc_err=0 garbage=27 tx_lat=0.00000 tx_lon=0.00000 sats=0 fix=0 utc=0 tx_fw=none rx_fw=unknown
PHASE_GUARD 500
PHASE_START 23 HF-FLRC-650-255 pktSize=255
SYNC_NOT_FOUND first4=3D176A26
SYNC_NOT_FOUND first4=0975EA43
SYNC_NOT_FOUND first4=32FD03A3
SYNC_NOT_FOUND first4=3F13A4A3
SYNC_NOT_FOUND first4=FC6C17A0
SYNC_NOT_FOUND first4=B721F9CA
SYNC_NOT_FOUND first4=EC8AC5D1
SYNC_NOT_FOUND first4=7BD3E50F
SYNC_NOT_FOUND first4=AC6ADF41
SYNC_NOT_FOUND first4=58E8E1A0
SYNC_NOT_FOUND first4=1E5B904B
SYNC_NOT_FOUND first4=403E1786
2026-07-26T14:28:35.344919+00:00 SYNC_NOT_FOUND first4=150932FF
SYNC_NOT_FOUND first4=33015C8D
SYNC_NOT_FOUND first4=7E1CFC4F
SYNC_NOT_FOUND first4=D3304865
SYNC_NOT_FOUND first4=317EBA30
SYNC_NOT_FOUND first4=647FEC87
SYNC_NOT_FOUND first4=AC429B7C
SYNC_NOT_FOUND first4=AC227023
SYNC_NOT_FOUND first4=41508760
SYNC_NOT_FOUND first4=67517B87
SYNC_NOT_FOUND first4=D75441AC
SYNC_NOT_FOUND first4=00344FFA
SYNC_NOT_FOUND first4=94C990BC
SYNC_NOT_FOUND first4=67D5B885
SYNC_NOT_FOUND first4=97A2A4FB
SYNC_NOT_FOUND first4=A8A3CD71
SYNC_NOT_FOUND first4=FDD90F45
SYNC_NOT_FOUND first4=1A41D945
SYNC_NOT_FOUND first4=1C317153
SYNC_NOT_FOUND first4=26785BF4
SYNC_NOT_FOUND first4=A67615E4
SYNC_NOT_FOUND first4=1B03A303
SYNC_NOT_FOUND first4=B6774560
SYNC_NOT_FOUND first4=EA9C7D5C
2026-07-26T14:28:36.356290+00:00 SYNC_NOT_FOUND first4=3CF78C56
SYNC_NOT_FOUND first4=6F3E55B0
SYNC_NOT_FOUND first4=4082ABE9
SYNC_NOT_FOUND first4=DD603F5E
SYNC_NOT_FOUND first4=BA790356
SYNC_NOT_FOUND first4=82B9518F
SYNC_NOT_FOUND first4=6A3CDCE4
SYNC_NOT_FOUND first4=8650BCB1
SYNC_NOT_FOUND first4=C9CCFB48
SYNC_NOT_FOUND first4=B4E6CF4A
PHASE_RESULT 23 HF-FLRC-650-255 pktSize=255 rx=0 unique=0 lost=100 per=100.0 rssi_avg=0 rssi_min=0 crc_err=0 garbage=46 tx_lat=0.00000 tx_lon=0.00000 sats=0 fix=0 utc=0 tx_fw=none rx_fw=unknown
PHASE_GUARD 500
PHASE_START 24 HF-FLRC-325-32 pktSize=32
SYNC_NOT_FOUND first4=EABB5B2C
2026-07-26T14:28:37.367355+00:00 TIME_SYNCED utc=1785076116 offset=1785062473
SYNC_NOT_FOUND first4=25434ABB
2026-07-26T14:28:38.379465+00:00 SYNC_NOT_FOUND first4=9E4E5357
PHASE_RESULT 24 HF-FLRC-325-32 pktSize=32 rx=0 unique=0 lost=100 per=100.0 rssi_avg=0 rssi_min=0 crc_err=0 garbage=3 tx_lat=0.00000 tx_lon=0.00000 sats=0 fix=0 utc=0 tx_fw=none rx_fw=unknown
PHASE_GUARD 500
PHASE_START 25 HF-FLRC-325-64 pktSize=64
SYNC_NOT_FOUND first4=7ED96AC7
SYNC_NOT_FOUND first4=E9FFDBAC
2026-07-26T14:28:39.390455+00:00 SYNC_NOT_FOUND first4=4D5B62EE
SYNC_NOT_FOUND first4=69C2B62A
2026-07-26T14:28:40.402638+00:00 SYNC_NOT_FOUND first4=7D7EDCA2
SYNC_NOT_FOUND first4=5C0D2FAC
SYNC_NOT_FOUND first4=D1EF00DA
PHASE_RESULT 25 HF-FLRC-325-64 pktSize=64 rx=0 unique=0 lost=100 per=100.0 rssi_avg=0 rssi_min=0 crc_err=0 garbage=7 tx_lat=0.00000 tx_lon=0.00000 sats=0 fix=0 utc=0 tx_fw=none rx_fw=unknown
PHASE_GUARD 500
PHASE_START 26 HF-FLRC-325-128 pktSize=128
SYNC_NOT_FOUND first4=05DC27D3
SYNC_NOT_FOUND first4=B85DC4A1
2026-07-26T14:28:41.414758+00:00 SYNC_NOT_FOUND first4=E5E26835
2026-07-26T14:28:42.426706+00:00 PHASE_RESULT 26 HF-FLRC-325-128 pktSize=128 rx=0 unique=0 lost=100 per=100.0 rssi_avg=0 rssi_min=0 crc_err=0 garbage=3 tx_lat=0.00000 tx_lon=0.00000 sats=0 fix=0 utc=0 tx_fw=none rx_fw=unknown
PHASE_GUARD 500
PHASE_START 27 HF-FLRC-325-255 pktSize=255
SYNC_NOT_FOUND first4=B85BAC54
SYNC_NOT_FOUND first4=455C5551
2026-07-26T14:28:43.438628+00:00 SYNC_NOT_FOUND first4=8F66A2D9
SYNC_NOT_FOUND first4=453B8185
TIME_SYNCED utc=1785076123 offset=1785062473
SYNC_NOT_FOUND first4=0007F921
2026-07-26T14:28:44.450302+00:00 SYNC_NOT_FOUND first4=A1FD091F
SYNC_NOT_FOUND first4=C6B73974
SYNC_NOT_FOUND first4=CE467A2C
PHASE_RESULT 27 HF-FLRC-325-255 pktSize=255 rx=0 unique=0 lost=100 per=100.0 rssi_avg=0 rssi_min=0 crc_err=0 garbage=8 tx_lat=0.00000 tx_lon=0.00000 sats=0 fix=0 utc=0 tx_fw=none rx_fw=unknown
PHASE_GUARD 500
LORA_CFG path=0 bw=0x05 sf=7
PHASE_START 28 LF-LoRa-SF7-32 pktSize=32
2026-07-26T14:28:46.514386+00:00 PHASE_RESULT 28 LF-LoRa-SF7-32 pktSize=32 rx=0 unique=0 lost=20 per=100.0 rssi_avg=0 rssi_min=0 crc_err=0 garbage=0 tx_lat=0.00000 tx_lon=0.00000 sats=0 fix=0 utc=0 tx_fw=none rx_fw=unknown
PHASE_GUARD 500
LORA_CFG path=0 bw=0x05 sf=7
PHASE_START 29 LF-LoRa-SF7-64 pktSize=64
2026-07-26T14:28:47.526830+00:00 TIME_SYNCED utc=1785076126 offset=1785062473
2026-07-26T14:28:49.590217+00:00 PHASE_RESULT 29 LF-LoRa-SF7-64 pktSize=64 rx=0 unique=0 lost=20 per=100.0 rssi_avg=0 rssi_min=0 crc_err=0 garbage=0 tx_lat=0.00000 tx_lon=0.00000 sats=0 fix=0 utc=0 tx_fw=none rx_fw=unknown
PHASE_GUARD 500
LORA_CFG path=0 bw=0x05 sf=7
PHASE_START 30 LF-LoRa-SF7-128 pktSize=128
2026-07-26T14:28:52.704024+00:00 PHASE_RESULT 30 LF-LoRa-SF7-128 pktSize=128 rx=0 unique=0 lost=13 per=100.0 rssi_avg=0 rssi_min=0 crc_err=0 garbage=0 tx_lat=0.00000 tx_lon=0.00000 sats=0 fix=0 utc=0 tx_fw=none rx_fw=unknown
PHASE_GUARD 500
2026-07-26T14:28:53.716353+00:00 LORA_CFG path=0 bw=0x05 sf=7
PHASE_START 31 LF-LoRa-SF7-255 pktSize=255
TIME_SYNCED utc=1785076133 offset=1785062473
2026-07-26T14:28:56.830235+00:00 PHASE_RESULT 31 LF-LoRa-SF7-255 pktSize=255 rx=0 unique=0 lost=7 per=100.0 rssi_avg=0 rssi_min=0 crc_err=0 garbage=0 tx_lat=0.00000 tx_lon=0.00000 sats=0 fix=0 utc=0 tx_fw=none rx_fw=unknown
PHASE_GUARD 500
LORA_CFG path=0 bw=0x05 sf=9
2026-07-26T14:28:57.842506+00:00 PHASE_START 32 LF-LoRa-SF9-32 pktSize=32
TIME_SYNCED utc=1785076136 offset=1785062472
PHASE_RESULT 32 LF-LoRa-SF9-32 pktSize=32 rx=0 unique=0 lost=7 per=100.0 rssi_avg=0 rssi_min=0 crc_err=0 garbage=0 tx_lat=0.00000 tx_lon=0.00000 sats=0 fix=0 utc=0 tx_fw=none rx_fw=unknown
PHASE_GUARD 500
LORA_CFG path=0 bw=0x05 sf=7
PHASE_START 31 LF-LoRa-SF7-255 pktSize=255
PHASE_RESULT 31 LF-LoRa-SF7-255 pktSize=255 rx=0 unique=0 lost=7 per=100.0 rssi_avg=0 rssi_min=0 crc_err=0 garbage=0 tx_lat=0.00000 tx_lon=0.00000 sats=0 fix=0 utc=0 tx_fw=none rx_fw=unknown
PHASE_GUARD 500
LORA_CFG path=0 bw=0x05 sf=9
PHASE_START 32 LF-LoRa-SF9-32 pktSize=32
2026-07-26T14:29:02.007772+00:00 PHASE_RESULT 32 LF-LoRa-SF9-32 pktSize=32 rx=0 unique=0 lost=7 per=100.0 rssi_avg=0 rssi_min=0 crc_err=0 garbage=0 tx_lat=0.00000 tx_lon=0.00000 sats=0 fix=0 utc=0 tx_fw=none rx_fw=unknown
PHASE_GUARD 500
LORA_CFG path=0 bw=0x05 sf=9
PHASE_START 33 LF-LoRa-SF9-64 pktSize=64
2026-07-26T14:29:04.071262+00:00 TIME_SYNCED utc=1785076143 offset=1785062473
PHASE_RESULT 33 LF-LoRa-SF9-64 pktSize=64 rx=0 unique=0 lost=3 per=100.0 rssi_avg=0 rssi_min=0 crc_err=0 garbage=0 tx_lat=0.00000 tx_lon=0.00000 sats=0 fix=0 utc=0 tx_fw=none rx_fw=unknown
PHASE_GUARD 500
LORA_CFG path=0 bw=0x05 sf=9
PHASE_START 34 LF-LoRa-SF9-128 pktSize=128
2026-07-26T14:29:06.133785+00:00 PHASE_RESULT 34 LF-LoRa-SF9-128 pktSize=128 rx=0 unique=0 lost=1 per=100.0 rssi_avg=0 rssi_min=0 crc_err=0 garbage=0 tx_lat=0.00000 tx_lon=0.00000 sats=0 fix=0 utc=0 tx_fw=none rx_fw=unknown
PHASE_GUARD 500
LORA_CFG path=0 bw=0x05 sf=9
PHASE_START 35 LF-LoRa-SF9-255 pktSize=255
2026-07-26T14:29:08.197729+00:00 TIME_SYNCED utc=1785076147 offset=1785062473
2026-07-26T14:29:10.260993+00:00 PHASE_RESULT 35 LF-LoRa-SF9-255 pktSize=255 rx=0 unique=0 lost=1 per=100.0 rssi_avg=0 rssi_min=0 crc_err=0 garbage=0 tx_lat=0.00000 tx_lon=0.00000 sats=0 fix=0 utc=0 tx_fw=none rx_fw=unknown
PHASE_GUARD 500
LORA_CFG path=0 bw=0x05 sf=12
PHASE_START 36 LF-LoRa-SF12-32 pktSize=32
2026-07-26T14:29:13.375158+00:00 TIME_SYNCED utc=1785076153 offset=1785062473
2026-07-26T14:29:18.596051+00:00 TIME_SYNCED utc=1785076157 offset=1785062473
2026-07-26T14:29:23.812289+00:00 TIME_SYNCED utc=1785076163 offset=1785062473
2026-07-26T14:29:24.823212+00:00 PHASE_RESULT 36 LF-LoRa-SF12-32 pktSize=32 rx=0 unique=0 lost=1 per=100.0 rssi_avg=0 rssi_min=0 crc_err=0 garbage=0 tx_lat=0.00000 tx_lon=0.00000 sats=0 fix=0 utc=0 tx_fw=none rx_fw=unknown
PHASE_GUARD 500
LORA_CFG path=0 bw=0x05 sf=12
2026-07-26T14:29:25.826440+00:00 PHASE_START 37 LF-LoRa-SF12-SKIP SKIP pktSize=64
PHASE_RESULT 37 LF-LoRa-SF12-SKIP pktSize=64 rx=0 unique=0 lost=0 per=0.0 rssi_avg=0 rssi_min=0 crc_err=0 garbage=0 tx_lat=0.00000 tx_lon=0.00000 sats=0 fix=0 utc=0 tx_fw=none rx_fw=unknown
PHASE_GUARD 500
LORA_CFG path=0 bw=0x05 sf=12
PHASE_START 38 LF-LoRa-SF12-SKIP SKIP pktSize=128
2026-07-26T14:29:26.838004+00:00 PHASE_RESULT 38 LF-LoRa-SF12-SKIP pktSize=128 rx=0 unique=0 lost=0 per=0.0 rssi_avg=0 rssi_min=0 crc_err=0 garbage=0 tx_lat=0.00000 tx_lon=0.00000 sats=0 fix=0 utc=0 tx_fw=none rx_fw=unknown
PHASE_GUARD 500
LORA_CFG path=0 bw=0x05 sf=12
PHASE_START 39 LF-LoRa-SF12-SKIP SKIP pktSize=255
2026-07-26T14:29:27.841446+00:00 PHASE_RESULT 39 LF-LoRa-SF12-SKIP pktSize=255 rx=0 unique=0 lost=0 per=0.0 rssi_avg=0 rssi_min=0 crc_err=0 garbage=0 tx_lat=0.00000 tx_lon=0.00000 sats=0 fix=0 utc=0 tx_fw=none rx_fw=unknown
PHASE_GUARD 500
PHASE_START 40 LF-FLRC-2600-32 pktSize=32
2026-07-26T14:29:28.852588+00:00 TIME_SYNCED utc=1785076167 offset=1785062472
PHASE_RESULT 40 LF-FLRC-2600-32 pktSize=32 rx=0 unique=0 lost=100 per=100.0 rssi_avg=0 rssi_min=0 crc_err=0 garbage=0 tx_lat=0.00000 tx_lon=0.00000 sats=0 fix=0 utc=0 tx_fw=none rx_fw=unknown
PHASE_GUARD 500
LORA_CFG path=0 bw=0x05 sf=12
PHASE_START 39 LF-LoRa-SF12-SKIP SKIP pktSize=255
PHASE_RESULT 39 LF-LoRa-SF12-SKIP pktSize=255 rx=0 unique=0 lost=0 per=0.0 rssi_avg=0 rssi_min=0 crc_err=0 garbage=0 tx_lat=0.00000 tx_lon=0.00000 sats=0 fix=0 utc=0 tx_fw=none rx_fw=unknown
PHASE_GUARD 500
PHASE_START 40 LF-FLRC-2600-32 pktSize=32
2026-07-26T14:29:29.864181+00:00 SYNC_NOT_FOUND first4=6CB5BA2E
2026-07-26T14:29:30.875599+00:00 PHASE_RESULT 40 LF-FLRC-2600-32 pktSize=32 rx=0 unique=0 lost=100 per=100.0 rssi_avg=0 rssi_min=0 crc_err=0 garbage=1 tx_lat=0.00000 tx_lon=0.00000 sats=0 fix=0 utc=0 tx_fw=none rx_fw=unknown
PHASE_GUARD 500
PHASE_START 41 LF-FLRC-2600-64 pktSize=64
2026-07-26T14:29:31.887993+00:00 SYNC_NOT_FOUND first4=70C28463
2026-07-26T14:29:32.899026+00:00 PHASE_RESULT 41 LF-FLRC-2600-64 pktSize=64 rx=0 unique=0 lost=100 per=100.0 rssi_avg=0 rssi_min=0 crc_err=0 garbage=1 tx_lat=0.00000 tx_lon=0.00000 sats=0 fix=0 utc=0 tx_fw=none rx_fw=unknown
PHASE_GUARD 500
PHASE_START 42 LF-FLRC-2600-128 pktSize=128
2026-07-26T14:29:33.902771+00:00 TIME_SYNCED utc=1785076173 offset=1785062473
PHASE_RESULT 42 LF-FLRC-2600-128 pktSize=128 rx=0 unique=0 lost=100 per=100.0 rssi_avg=0 rssi_min=0 crc_err=0 garbage=0 tx_lat=0.00000 tx_lon=0.00000 sats=0 fix=0 utc=0 tx_fw=none rx_fw=unknown
PHASE_GUARD 500
PHASE_START 43 LF-FLRC-2600-255 pktSize=255
2026-07-26T14:29:34.915230+00:00 SYNC_NOT_FOUND first4=FB109D5B
SYNC_NOT_FOUND first4=86DD369E
2026-07-26T14:29:35.926572+00:00 SYNC_NOT_FOUND first4=6DC5850D
PHASE_RESULT 43 LF-FLRC-2600-255 pktSize=255 rx=0 unique=0 lost=100 per=100.0 rssi_avg=0 rssi_min=0 crc_err=0 garbage=3 tx_lat=0.00000 tx_lon=0.00000 sats=0 fix=0 utc=0 tx_fw=none rx_fw=unknown
PHASE_GUARD 500
PHASE_START 44 LF-FLRC-1300-32 pktSize=32
2026-07-26T14:29:37.990300+00:00 PHASE_RESULT 44 LF-FLRC-1300-32 pktSize=32 rx=0 unique=0 lost=100 per=100.0 rssi_avg=0 rssi_min=0 crc_err=0 garbage=0 tx_lat=0.00000 tx_lon=0.00000 sats=0 fix=0 utc=0 tx_fw=none rx_fw=unknown
PHASE_GUARD 500
PHASE_START 45 LF-FLRC-1300-64 pktSize=64
2026-07-26T14:29:39.002663+00:00 TIME_SYNCED utc=1785076178 offset=1785062473
2026-07-26T14:29:40.014733+00:00 PHASE_RESULT 45 LF-FLRC-1300-64 pktSize=64 rx=0 unique=0 lost=100 per=100.0 rssi_avg=0 rssi_min=0 crc_err=0 garbage=0 tx_lat=0.00000 tx_lon=0.00000 sats=0 fix=0 utc=0 tx_fw=none rx_fw=unknown
PHASE_GUARD 500
PHASE_START 46 LF-FLRC-1300-128 pktSize=128
2026-07-26T14:29:42.077681+00:00 PHASE_RESULT 46 LF-FLRC-1300-128 pktSize=128 rx=0 unique=0 lost=100 per=100.0 rssi_avg=0 rssi_min=0 crc_err=0 garbage=0 tx_lat=0.00000 tx_lon=0.00000 sats=0 fix=0 utc=0 tx_fw=none rx_fw=unknown
PHASE_GUARD 500
PHASE_START 47 LF-FLRC-1300-255 pktSize=255
2026-07-26T14:29:44.141460+00:00 TIME_SYNCED utc=1785076183 offset=1785062473
PHASE_RESULT 47 LF-FLRC-1300-255 pktSize=255 rx=0 unique=0 lost=100 per=100.0 rssi_avg=0 rssi_min=0 crc_err=0 garbage=0 tx_lat=0.00000 tx_lon=0.00000 sats=0 fix=0 utc=0 tx_fw=none rx_fw=unknown
PHASE_GUARD 500
PHASE_START 48 LF-FLRC-650-32 pktSize=32
2026-07-26T14:29:45.153583+00:00 SYNC_NOT_FOUND first4=D8C91573
SYNC_NOT_FOUND first4=E0CE392F
2026-07-26T14:29:46.164211+00:00 SYNC_NOT_FOUND first4=BEBD793B
PHASE_RESULT 48 LF-FLRC-650-32 pktSize=32 rx=0 unique=0 lost=100 per=100.0 rssi_avg=0 rssi_min=0 crc_err=0 garbage=3 tx_lat=0.00000 tx_lon=0.00000 sats=0 fix=0 utc=0 tx_fw=none rx_fw=unknown
PHASE_GUARD 500
PHASE_START 49 LF-FLRC-650-64 pktSize=64
SYNC_NOT_FOUND first4=B9D882F4
2026-07-26T14:29:48.227327+00:00 PHASE_RESULT 49 LF-FLRC-650-64 pktSize=64 rx=0 unique=0 lost=100 per=100.0 rssi_avg=0 rssi_min=0 crc_err=0 garbage=1 tx_lat=0.00000 tx_lon=0.00000 sats=0 fix=0 utc=0 tx_fw=none rx_fw=unknown
PHASE_GUARD 500
PHASE_START 50 LF-FLRC-650-128 pktSize=128
SYNC_NOT_FOUND first4=ED96FA6D
2026-07-26T14:29:49.238940+00:00 TIME_SYNCED utc=1785076188 offset=1785062473
SYNC_NOT_FOUND first4=0DFB2B33
SYNC_NOT_FOUND first4=145C07F5
2026-07-26T14:29:50.250760+00:00 PHASE_RESULT 50 LF-FLRC-650-128 pktSize=128 rx=0 unique=0 lost=100 per=100.0 rssi_avg=0 rssi_min=0 crc_err=0 garbage=3 tx_lat=0.00000 tx_lon=0.00000 sats=0 fix=0 utc=0 tx_fw=none rx_fw=unknown
PHASE_GUARD 500
PHASE_START 51 LF-FLRC-650-255 pktSize=255
SYNC_NOT_FOUND first4=9C99AB17
2026-07-26T14:29:51.261937+00:00 SYNC_NOT_FOUND first4=5EE4A555
SYNC_NOT_FOUND first4=2102CF03
SYNC_NOT_FOUND first4=4849E2D2
2026-07-26T14:29:52.274359+00:00 SYNC_NOT_FOUND first4=3C2970EB
PHASE_RESULT 51 LF-FLRC-650-255 pktSize=255 rx=0 unique=0 lost=100 per=100.0 rssi_avg=0 rssi_min=0 crc_err=0 garbage=5 tx_lat=0.00000 tx_lon=0.00000 sats=0 fix=0 utc=0 tx_fw=none rx_fw=unknown
PHASE_GUARD 500
PHASE_START 52 LF-FLRC-325-32 pktSize=32
2026-07-26T14:29:53.285481+00:00 TIME_SYNCED utc=1785076193 offset=1785062473
2026-07-26T14:29:54.296877+00:00 PHASE_RESULT 52 LF-FLRC-325-32 pktSize=32 rx=0 unique=0 lost=100 per=100.0 rssi_avg=0 rssi_min=0 crc_err=0 garbage=0 tx_lat=0.00000 tx_lon=0.00000 sats=0 fix=0 utc=0 tx_fw=none rx_fw=unknown
PHASE_GUARD 500
PHASE_START 53 LF-FLRC-325-64 pktSize=64
2026-07-26T14:29:56.360804+00:00 PHASE_RESULT 53 LF-FLRC-325-64 pktSize=64 rx=0 unique=0 lost=100 per=100.0 rssi_avg=0 rssi_min=0 crc_err=0 garbage=0 tx_lat=0.00000 tx_lon=0.00000 sats=0 fix=0 utc=0 tx_fw=none rx_fw=unknown
PHASE_GUARD 500
PHASE_START 54 LF-FLRC-325-128 pktSize=128
2026-07-26T14:29:58.424295+00:00 PHASE_RESULT 54 LF-FLRC-325-128 pktSize=128 rx=0 unique=0 lost=100 per=100.0 rssi_avg=0 rssi_min=0 crc_err=0 garbage=0 tx_lat=0.00000 tx_lon=0.00000 sats=0 fix=0 utc=0 tx_fw=none rx_fw=unknown
PHASE_GUARD 500
PHASE_START 55 LF-FLRC-325-255 pktSize=255
2026-07-26T14:29:59.436294+00:00 TIME_SYNCED utc=1785076198 offset=1785062473
2026-07-26T14:30:00.441019+00:00 PHASE_RESULT 55 LF-FLRC-325-255 pktSize=255 rx=0 unique=0 lost=100 per=100.0 rssi_avg=0 rssi_min=0 crc_err=0 garbage=0 tx_lat=0.00000 tx_lon=0.00000 sats=0 fix=0 utc=0 tx_fw=none rx_fw=unknown
PHASE_GUARD 500
LORA_CFG path=1 bw=0x0F sf=7
PHASE_START 0 HF-LoRa-SF7-32 pktSize=32
2026-07-26T14:30:02.518228+00:00 PHASE_RESULT 0 HF-LoRa-SF7-32 pktSize=32 rx=0 unique=0 lost=20 per=100.0 rssi_avg=0 rssi_min=0 crc_err=0 garbage=0 tx_lat=0.00000 tx_lon=0.00000 sats=0 fix=0 utc=0 tx_fw=none rx_fw=unknown
PHASE_GUARD 500
LORA_CFG path=1 bw=0x0F sf=7
PHASE_START 1 HF-LoRa-SF7-64 pktSize=64
2026-07-26T14:30:03.522888+00:00 TIME_SYNCED utc=1785076203 offset=1785062473
2026-07-26T14:30:04.527417+00:00 PHASE_RESULT 1 HF-LoRa-SF7-64 pktSize=64 rx=0 unique=0 lost=20 per=100.0 rssi_avg=0 rssi_min=0 crc_err=0 garbage=0 tx_lat=0.00000 tx_lon=0.00000 sats=0 fix=0 utc=0 tx_fw=none rx_fw=unknown
PHASE_GUARD 500
LORA_CFG path=1 bw=0x0F sf=7
PHASE_START 2 HF-LoRa-SF7-128 pktSize=128
2026-07-26T14:30:06.591222+00:00 PHASE_RESULT 2 HF-LoRa-SF7-128 pktSize=128 rx=0 unique=0 lost=20 per=100.0 rssi_avg=0 rssi_min=0 crc_err=0 garbage=0 tx_lat=0.00000 tx_lon=0.00000 sats=0 fix=0 utc=0 tx_fw=none rx_fw=unknown
PHASE_GUARD 500
LORA_CFG path=1 bw=0x0F sf=7
PHASE_START 3 HF-LoRa-SF7-255 pktSize=255
2026-07-26T14:30:09.707778+00:00 PHASE_RESULT 3 HF-LoRa-SF7-255 pktSize=255 rx=0 unique=0 lost=20 per=100.0 rssi_avg=0 rssi_min=0 crc_err=0 garbage=0 tx_lat=0.00000 tx_lon=0.00000 sats=0 fix=0 utc=0 tx_fw=none rx_fw=unknown
PHASE_GUARD 500
LORA_CFG path=1 bw=0x0F sf=9
PHASE_START 4 HF-LoRa-SF9-32 pktSize=32
TIME_SYNCED utc=1785076208 offset=1785062472
PHASE_RESULT 4 HF-LoRa-SF9-32 pktSize=32 rx=0 unique=0 lost=20 per=100.0 rssi_avg=0 rssi_min=0 crc_err=0 garbage=0 tx_lat=0.00000 tx_lon=0.00000 sats=0 fix=0 utc=0 tx_fw=none rx_fw=unknown
PHASE_GUARD 500
LORA_CFG path=1 bw=0x0F sf=7
PHASE_START 3 HF-LoRa-SF7-255 pktSize=255
PHASE_RESULT 3 HF-LoRa-SF7-255 pktSize=255 rx=0 unique=0 lost=20 per=100.0 rssi_avg=0 rssi_min=0 crc_err=0 garbage=0 tx_lat=0.00000 tx_lon=0.00000 sats=0 fix=0 utc=0 tx_fw=none rx_fw=unknown
PHASE_GUARD 500
2026-07-26T14:30:10.722335+00:00 LORA_CFG path=1 bw=0x0F sf=9
PHASE_START 4 HF-LoRa-SF9-32 pktSize=32
2026-07-26T14:30:11.734107+00:00 PHASE_RESULT 4 HF-LoRa-SF9-32 pktSize=32 rx=0 unique=0 lost=20 per=100.0 rssi_avg=0 rssi_min=0 crc_err=0 garbage=0 tx_lat=0.00000 tx_lon=0.00000 sats=0 fix=0 utc=0 tx_fw=none rx_fw=unknown
PHASE_GUARD 500
2026-07-26T14:30:12.746355+00:00 LORA_CFG path=1 bw=0x0F sf=9
PHASE_START 5 HF-LoRa-SF9-64 pktSize=64
2026-07-26T14:30:13.757180+00:00 TIME_SYNCED utc=1785076213 offset=1785062473
PHASE_RESULT 5 HF-LoRa-SF9-64 pktSize=64 rx=0 unique=0 lost=20 per=100.0 rssi_avg=0 rssi_min=0 crc_err=0 garbage=0 tx_lat=0.00000 tx_lon=0.00000 sats=0 fix=0 utc=0 tx_fw=none rx_fw=unknown
PHASE_GUARD 500
LORA_CFG path=1 bw=0x0F sf=9
2026-07-26T14:30:14.768290+00:00 PHASE_START 6 HF-LoRa-SF9-128 pktSize=128
2026-07-26T14:30:17.881802+00:00 PHASE_RESULT 6 HF-LoRa-SF9-128 pktSize=128 rx=0 unique=0 lost=13 per=100.0 rssi_avg=0 rssi_min=0 crc_err=0 garbage=0 tx_lat=0.00000 tx_lon=0.00000 sats=0 fix=0 utc=0 tx_fw=none rx_fw=unknown
PHASE_GUARD 500
LORA_CFG path=1 bw=0x0F sf=9
PHASE_START 7 HF-LoRa-SF9-255 pktSize=255
2026-07-26T14:30:19.945705+00:00 TIME_SYNCED utc=1785076218 offset=1785062472
2026-07-26T14:30:22.011780+00:00 PHASE_RESULT 7 HF-LoRa-SF9-255 pktSize=255 rx=0 unique=0 lost=6 per=100.0 rssi_avg=0 rssi_min=0 crc_err=0 garbage=0 tx_lat=0.00000 tx_lon=0.00000 sats=0 fix=0 utc=0 tx_fw=none rx_fw=unknown
PHASE_GUARD 500
LORA_CFG path=1 bw=0x0F sf=12
PHASE_START 8 HF-LoRa-SF12-32 pktSize=32
2026-07-26T14:30:24.074716+00:00 TIME_SYNCED utc=1785076223 offset=1785062473
PHASE_RESULT 8 HF-LoRa-SF12-32 pktSize=32 rx=0 unique=0 lost=2 per=100.0 rssi_avg=0 rssi_min=0 crc_err=0 garbage=0 tx_lat=0.00000 tx_lon=0.00000 sats=0 fix=0 utc=0 tx_fw=none rx_fw=unknown
PHASE_GUARD 500
LORA_CFG path=1 bw=0x0F sf=12
PHASE_START 9 HF-LoRa-SF12-64 pktSize=64
2026-07-26T14:30:27.179762+00:00 PHASE_RESULT 9 HF-LoRa-SF12-64 pktSize=64 rx=0 unique=0 lost=1 per=100.0 rssi_avg=0 rssi_min=0 crc_err=0 garbage=0 tx_lat=0.00000 tx_lon=0.00000 sats=0 fix=0 utc=0 tx_fw=none rx_fw=unknown
PHASE_GUARD 500
LORA_CFG path=1 bw=0x0F sf=12
PHASE_START 10 HF-LoRa-SF12-128 pktSize=128
2026-07-26T14:30:30.293217+00:00 TIME_SYNCED utc=1785076229 offset=1785062473
2026-07-26T14:30:32.355877+00:00 PHASE_RESULT 10 HF-LoRa-SF12-128 pktSize=128 rx=0 unique=0 lost=1 per=100.0 rssi_avg=0 rssi_min=0 crc_err=0 garbage=0 tx_lat=0.00000 tx_lon=0.00000 sats=0 fix=0 utc=0 tx_fw=none rx_fw=unknown
PHASE_GUARD 500
LORA_CFG path=1 bw=0x0F sf=12
PHASE_START 11 HF-LoRa-SF12-255 pktSize=255
2026-07-26T14:30:33.370299+00:00 TIME_SYNCED utc=1785076233 offset=1785062473
2026-07-26T14:30:40.688207+00:00 TIME_SYNCED utc=1785076239 offset=1785062472
2026-07-26T14:30:42.754416+00:00 PHASE_RESULT 11 HF-LoRa-SF12-255 pktSize=255 rx=0 unique=0 lost=1 per=100.0 rssi_avg=0 rssi_min=0 crc_err=0 garbage=0 tx_lat=0.00000 tx_lon=0.00000 sats=0 fix=0 utc=0 tx_fw=none rx_fw=unknown
PHASE_GUARD 500
2026-07-26T14:30:43.767747+00:00 PHASE_START 12 HF-FLRC-2600-32 pktSize=32
SYNC_NOT_FOUND first4=0C9AD639
SYNC_NOT_FOUND first4=3B310CB3
SYNC_NOT_FOUND first4=AC997B80
SYNC_NOT_FOUND first4=706D6A64
SYNC_NOT_FOUND first4=E1575227
TIME_SYNCED utc=1785076243 offset=1785062473
SYNC_NOT_FOUND first4=F1A1C280
PHASE_RESULT 12 HF-FLRC-2600-32 pktSize=32 rx=0 unique=0 lost=100 per=100.0 rssi_avg=0 rssi_min=0 crc_err=0 garbage=6 tx_lat=0.00000 tx_lon=0.00000 sats=0 fix=0 utc=0 tx_fw=none rx_fw=unknown
PHASE_GUARD 500
2026-07-26T14:30:44.777370+00:00 PHASE_START 13 HF-FLRC-2600-64 pktSize=64
SYNC_NOT_FOUND first4=4C081DE6
SYNC_NOT_FOUND first4=175CFC4C
SYNC_NOT_FOUND first4=AB08B3D8
SYNC_NOT_FOUND first4=DE8CC52D
SYNC_NOT_FOUND first4=3B5FB7BF
SYNC_NOT_FOUND first4=6AA5C0B8
SYNC_NOT_FOUND first4=55711A55
SYNC_NOT_FOUND first4=9609CE46
SYNC_NOT_FOUND first4=BB0C8033
2026-07-26T14:30:45.788000+00:00 SYNC_NOT_FOUND first4=05D45018
SYNC_NOT_FOUND first4=D885027D
SYNC_NOT_FOUND first4=8373401F
SYNC_NOT_FOUND first4=1A9B5BEE
SYNC_NOT_FOUND first4=7CD167FE
SYNC_NOT_FOUND first4=159CAB5A
SYNC_NOT_FOUND first4=7CA33AEF
PHASE_RESULT 13 HF-FLRC-2600-64 pktSize=64 rx=0 unique=0 lost=100 per=100.0 rssi_avg=0 rssi_min=0 crc_err=0 garbage=16 tx_lat=0.00000 tx_lon=0.00000 sats=0 fix=0 utc=0 tx_fw=none rx_fw=unknown
PHASE_GUARD 500
2026-07-26T14:30:46.807123+00:00 PHASE_START 14 HF-FLRC-2600-128 pktSize=128
SYNC_NOT_FOUND first4=3A125B8F
SYNC_NOT_FOUND first4=F6DADA52
SYNC_NOT_FOUND first4=3541E57D
SYNC_NOT_FOUND first4=E6FBEDC9
SYNC_NOT_FOUND first4=6344EB82
2026-07-26T14:30:47.820148+00:00 SYNC_NOT_FOUND first4=0025D3F1
SYNC_NOT_FOUND first4=B6248434
SYNC_NOT_FOUND first4=9B040B21
SYNC_NOT_FOUND first4=797E909E
SYNC_NOT_FOUND first4=3F7CA64E
PHASE_RESULT 14 HF-FLRC-2600-128 pktSize=128 rx=0 unique=0 lost=100 per=100.0 rssi_avg=0 rssi_min=0 crc_err=0 garbage=10 tx_lat=0.00000 tx_lon=0.00000 sats=0 fix=0 utc=0 tx_fw=none rx_fw=unknown
PHASE_GUARD 500
PHASE_START 15 HF-FLRC-2600-255 pktSize=255
2026-07-26T14:30:48.832888+00:00 SYNC_NOT_FOUND first4=A980CE45
SYNC_NOT_FOUND first4=883B5423
SYNC_NOT_FOUND first4=4192C704
SYNC_NOT_FOUND first4=3A2AA765
SYNC_NOT_FOUND first4=EC8A125B
2026-07-26T14:30:49.843369+00:00 SYNC_NOT_FOUND first4=41C8E7C6
SYNC_NOT_FOUND first4=D3401F03
SYNC_NOT_FOUND first4=FD8BCC91
SYNC_NOT_FOUND first4=0C2E7BCF
SYNC_NOT_FOUND first4=C12C07AE
SYNC_NOT_FOUND first4=F46CF670
SYNC_NOT_FOUND first4=11E7B0B1
PHASE_RESULT 15 HF-FLRC-2600-255 pktSize=255 rx=0 unique=0 lost=100 per=100.0 rssi_avg=0 rssi_min=0 crc_err=0 garbage=12 tx_lat=0.00000 tx_lon=0.00000 sats=0 fix=0 utc=0 tx_fw=none rx_fw=unknown
PHASE_GUARD 500
PHASE_START 16 HF-FLRC-1300-32 pktSize=32
2026-07-26T14:30:50.854169+00:00 TIME_SYNCED utc=1785076249 offset=1785062472
PHASE_RESULT 16 HF-FLRC-1300-32 pktSize=32 rx=0 unique=0 lost=100 per=100.0 rssi_avg=0 rssi_min=0 crc_err=0 garbage=0 tx_lat=0.00000 tx_lon=0.00000 sats=0 fix=0 utc=0 tx_fw=none rx_fw=unknown
PHASE_GUARD 500
PHASE_START 15 HF-FLRC-2600-255 pktSize=255
SYNC_NOT_FOUND first4=65A3AB40
SYNC_NOT_FOUND first4=C9209773
SYNC_NOT_FOUND first4=2B60C4C3
SYNC_NOT_FOUND first4=AD180B5A
PHASE_RESULT 15 HF-FLRC-2600-255 pktSize=255 rx=0 unique=0 lost=100 per=100.0 rssi_avg=0 rssi_min=0 crc_err=0 garbage=4 tx_lat=0.00000 tx_lon=0.00000 sats=0 fix=0 utc=0 tx_fw=none rx_fw=unknown
PHASE_GUARD 500
PHASE_START 16 HF-FLRC-1300-32 pktSize=32
2026-07-26T14:30:51.865212+00:00 SYNC_NOT_FOUND first4=D01596B7
2026-07-26T14:30:52.878290+00:00 SYNC_NOT_FOUND first4=8E6E2180
PHASE_RESULT 16 HF-FLRC-1300-32 pktSize=32 rx=0 unique=0 lost=100 per=100.0 rssi_avg=0 rssi_min=0 crc_err=0 garbage=2 tx_lat=0.00000 tx_lon=0.00000 sats=0 fix=0 utc=0 tx_fw=none rx_fw=unknown
PHASE_GUARD 500
PHASE_START 17 HF-FLRC-1300-64 pktSize=64
2026-07-26T14:30:53.883397+00:00 SYNC_NOT_FOUND first4=1A0977D5
TIME_SYNCED utc=1785076253 offset=1785062473
SYNC_NOT_FOUND first4=F4C746B5
SYNC_NOT_FOUND first4=436FCB57
PHASE_RESULT 17 HF-FLRC-1300-64 pktSize=64 rx=0 unique=0 lost=100 per=100.0 rssi_avg=0 rssi_min=0 crc_err=0 garbage=3 tx_lat=0.00000 tx_lon=0.00000 sats=0 fix=0 utc=0 tx_fw=none rx_fw=unknown
PHASE_GUARD 500
PHASE_START 18 HF-FLRC-1300-128 pktSize=128
2026-07-26T14:30:54.886646+00:00 SYNC_NOT_FOUND first4=8D977BFB
SYNC_NOT_FOUND first4=FEF2C07D
SYNC_NOT_FOUND first4=32DE103E
2026-07-26T14:30:55.894535+00:00 SYNC_NOT_FOUND first4=79EACF41
PHASE_RESULT 18 HF-FLRC-1300-128 pktSize=128 rx=0 unique=0 lost=100 per=100.0 rssi_avg=0 rssi_min=0 crc_err=0 garbage=4 tx_lat=0.00000 tx_lon=0.00000 sats=0 fix=0 utc=0 tx_fw=none rx_fw=unknown
PHASE_GUARD 500
PHASE_START 19 HF-FLRC-1300-255 pktSize=255
SYNC_NOT_FOUND first4=E05D421B
2026-07-26T14:30:56.905209+00:00 SYNC_NOT_FOUND first4=53D8217F
SYNC_NOT_FOUND first4=A884BFD5
SYNC_NOT_FOUND first4=114BA9E4
2026-07-26T14:30:57.918503+00:00 SYNC_NOT_FOUND first4=D806F50D
PHASE_RESULT 19 HF-FLRC-1300-255 pktSize=255 rx=0 unique=0 lost=100 per=100.0 rssi_avg=0 rssi_min=0 crc_err=0 garbage=5 tx_lat=0.00000 tx_lon=0.00000 sats=0 fix=0 utc=0 tx_fw=none rx_fw=unknown
PHASE_GUARD 500
PHASE_START 20 HF-FLRC-650-32 pktSize=32
2026-07-26T14:30:58.928414+00:00 SYNC_NOT_FOUND first4=D0DB9511
SYNC_NOT_FOUND first4=B0B3C35C
SYNC_NOT_FOUND first4=D567E09B
SYNC_NOT_FOUND first4=0BCC3014
SYNC_NOT_FOUND first4=E7DB2B1B
SYNC_NOT_FOUND first4=65347D0B
SYNC_NOT_FOUND first4=5585A4A5
SYNC_NOT_FOUND first4=238E4D95
SYNC_NOT_FOUND first4=E6A0A043
SYNC_NOT_FOUND first4=4175E222
SYNC_NOT_FOUND first4=01F48034
SYNC_NOT_FOUND first4=B4061840
2026-07-26T14:30:59.941444+00:00 SYNC_NOT_FOUND first4=49597FEA
SYNC_NOT_FOUND first4=B4BFAD17
SYNC_NOT_FOUND first4=B1D4435E
SYNC_NOT_FOUND first4=9AB16300
SYNC_NOT_FOUND first4=8CD0244B
SYNC_NOT_FOUND first4=63557374
SYNC_NOT_FOUND first4=CEAF8168
SYNC_NOT_FOUND first4=216A4B40
SYNC_NOT_FOUND first4=160006E0
SYNC_NOT_FOUND first4=1DE2F08C
SYNC_NOT_FOUND first4=694EC703
SYNC_NOT_FOUND first4=E328EC9F
SYNC_NOT_FOUND first4=35615E19
SYNC_NOT_FOUND first4=31B7E9F2
PHASE_RESULT 20 HF-FLRC-650-32 pktSize=32 rx=0 unique=0 lost=100 per=100.0 rssi_avg=0 rssi_min=0 crc_err=0 garbage=26 tx_lat=0.00000 tx_lon=0.00000 sats=0 fix=0 utc=0 tx_fw=none rx_fw=unknown
PHASE_GUARD 500
PHASE_START 21 HF-FLRC-650-64 pktSize=64
SYNC_NOT_FOUND first4=38E0EE9C
SYNC_NOT_FOUND first4=D2AE7F51
SYNC_NOT_FOUND first4=692E5620
SYNC_NOT_FOUND first4=369CA03A
2026-07-26T14:31:00.952063+00:00 TIME_SYNCED utc=1785076259 offset=1785062472
PHASE_RESULT 21 HF-FLRC-650-64 pktSize=64 rx=0 unique=0 lost=100 per=100.0 rssi_avg=0 rssi_min=0 crc_err=0 garbage=4 tx_lat=0.00000 tx_lon=0.00000 sats=0 fix=0 utc=0 tx_fw=none rx_fw=unknown
PHASE_GUARD 500
PHASE_START 20 HF-FLRC-650-32 pktSize=32
SYNC_NOT_FOUND first4=40333976
SYNC_NOT_FOUND first4=AC7CC30A
SYNC_NOT_FOUND first4=8FA9E005
SYNC_NOT_FOUND first4=3C79D535
SYNC_NOT_FOUND first4=349E8F21
SYNC_NOT_FOUND first4=5C37F333
SYNC_NOT_FOUND first4=F10DF55B
SYNC_NOT_FOUND first4=33EECD69
SYNC_NOT_FOUND first4=435ABBFF
SYNC_NOT_FOUND first4=B14D5E85
SYNC_NOT_FOUND first4=E0C0EF1D
SYNC_NOT_FOUND first4=F4B34A1F
PHASE_RESULT 20 HF-FLRC-650-32 pktSize=32 rx=0 unique=0 lost=100 per=100.0 rssi_avg=0 rssi_min=0 crc_err=0 garbage=12 tx_lat=0.00000 tx_lon=0.00000 sats=0 fix=0 utc=0 tx_fw=none rx_fw=unknown
PHASE_GUARD 500
PHASE_START 21 HF-FLRC-650-64 pktSize=64
SYNC_NOT_FOUND first4=8F12ACDC
SYNC_NOT_FOUND first4=4033792C
SYNC_NOT_FOUND first4=7E408FE7
SYNC_NOT_FOUND first4=9DFB988F
SYNC_NOT_FOUND first4=1F091D13
SYNC_NOT_FOUND first4=026814CC
2026-07-26T14:31:01.957927+00:00 SYNC_NOT_FOUND first4=D31D29F1
SYNC_NOT_FOUND first4=CAC3C7E6
SYNC_NOT_FOUND first4=69786CAE
SYNC_NOT_FOUND first4=825181DC
SYNC_NOT_FOUND first4=24E69182
SYNC_NOT_FOUND first4=ECE477E8
SYNC_NOT_FOUND first4=D08A5A53
SYNC_NOT_FOUND first4=F4AD0A51
SYNC_NOT_FOUND first4=AEE5B7DF
SYNC_NOT_FOUND first4=BBDF745A
SYNC_NOT_FOUND first4=1FE2ED54
SYNC_NOT_FOUND first4=585854D3
2026-07-26T14:31:02.967784+00:00 SYNC_NOT_FOUND first4=9F829EA9
SYNC_NOT_FOUND first4=6752DA03
SYNC_NOT_FOUND first4=A7245284
SYNC_NOT_FOUND first4=89598275
SYNC_NOT_FOUND first4=DA78C68E
SYNC_NOT_FOUND first4=5AE41B1F
SYNC_NOT_FOUND first4=09E86A91
SYNC_NOT_FOUND first4=3BBD6926
SYNC_NOT_FOUND first4=E905D148
SYNC_NOT_FOUND first4=C621E9D4
SYNC_NOT_FOUND first4=2F914AD0
SYNC_NOT_FOUND first4=176CD7A4
SYNC_NOT_FOUND first4=465180FB
PHASE_RESULT 21 HF-FLRC-650-64 pktSize=64 rx=0 unique=0 lost=100 per=100.0 rssi_avg=0 rssi_min=0 crc_err=0 garbage=31 tx_lat=0.00000 tx_lon=0.00000 sats=0 fix=0 utc=0 tx_fw=none rx_fw=unknown
PHASE_GUARD 500
PHASE_START 22 HF-FLRC-650-128 pktSize=128
SYNC_NOT_FOUND first4=14DD20B1
SYNC_NOT_FOUND first4=DD175C2E
SYNC_NOT_FOUND first4=43C04E51
SYNC_NOT_FOUND first4=5D86A428
SYNC_NOT_FOUND first4=DB2FA0F1
2026-07-26T14:31:03.979035+00:00 SYNC_NOT_FOUND first4=6E24B712
SYNC_NOT_FOUND first4=C75C8D89
SYNC_NOT_FOUND first4=C2BB505D
SYNC_NOT_FOUND first4=5B28ED13
SYNC_NOT_FOUND first4=AF7DE0D1
SYNC_NOT_FOUND first4=8889BBCB
SYNC_NOT_FOUND first4=A68EEA33
SYNC_NOT_FOUND first4=EC0E2328
SYNC_NOT_FOUND first4=CB19EE2B
TIME_SYNCED utc=1785076263 offset=1785062473
PHASE_RESULT 22 HF-FLRC-650-128 pktSize=128 rx=0 unique=0 lost=100 per=100.0 rssi_avg=0 rssi_min=0 crc_err=0 garbage=14 tx_lat=0.00000 tx_lon=0.00000 sats=0 fix=0 utc=0 tx_fw=none rx_fw=unknown
PHASE_GUARD 500
PHASE_START 23 HF-FLRC-650-255 pktSize=255
SYNC_NOT_FOUND first4=AA35F07A
2026-07-26T14:31:04.998242+00:00 SYNC_NOT_FOUND first4=37BC4917
SYNC_NOT_FOUND first4=0316E38F
SYNC_NOT_FOUND first4=F08D1C20
SYNC_NOT_FOUND first4=BDB55DCC
SYNC_NOT_FOUND first4=AA9E935E
SYNC_NOT_FOUND first4=944B91AC
SYNC_NOT_FOUND first4=138A478D
SYNC_NOT_FOUND first4=65FCEBF3
SYNC_NOT_FOUND first4=294EA698
SYNC_NOT_FOUND first4=7763F684
SYNC_NOT_FOUND first4=4DC32364
SYNC_NOT_FOUND first4=CB280A2D
SYNC_NOT_FOUND first4=C957B029
SYNC_NOT_FOUND first4=B8A6A86C
SYNC_NOT_FOUND first4=9260F23F
SYNC_NOT_FOUND first4=01C47943
SYNC_NOT_FOUND first4=EA8B2A44
SYNC_NOT_FOUND first4=36756AD0
SYNC_NOT_FOUND first4=F8AE7D83
SYNC_NOT_FOUND first4=D4A844A0
SYNC_NOT_FOUND first4=14200503
SYNC_NOT_FOUND first4=1D227CD1
SYNC_NOT_FOUND first4=467B3B90
2026-07-26T14:31:06.001641+00:00 SYNC_NOT_FOUND first4=093073BF
SYNC_NOT_FOUND first4=370661B3
SYNC_NOT_FOUND first4=8CFC173A
SYNC_NOT_FOUND first4=F543FB55
SYNC_NOT_FOUND first4=04FD8FC8
SYNC_NOT_FOUND first4=90C17705
SYNC_NOT_FOUND first4=934657A9
SYNC_NOT_FOUND first4=1502128E
SYNC_NOT_FOUND first4=F453B90E
SYNC_NOT_FOUND first4=18B59DEF
PHASE_RESULT 23 HF-FLRC-650-255 pktSize=255 rx=0 unique=0 lost=100 per=100.0 rssi_avg=0 rssi_min=0 crc_err=0 garbage=34 tx_lat=0.00000 tx_lon=0.00000 sats=0 fix=0 utc=0 tx_fw=none rx_fw=unknown
PHASE_GUARD 500
PHASE_START 24 HF-FLRC-325-32 pktSize=32
2026-07-26T14:31:07.012752+00:00 SYNC_NOT_FOUND first4=691A1F78
SYNC_NOT_FOUND first4=9A1EF7EB
2026-07-26T14:31:08.028683+00:00 SYNC_NOT_FOUND first4=DEDE98AA
PHASE_RESULT 24 HF-FLRC-325-32 pktSize=32 rx=0 unique=0 lost=100 per=100.0 rssi_avg=0 rssi_min=0 crc_err=0 garbage=3 tx_lat=0.00000 tx_lon=0.00000 sats=0 fix=0 utc=0 tx_fw=none rx_fw=unknown
PHASE_GUARD 500
PHASE_START 25 HF-FLRC-325-64 pktSize=64
2026-07-26T14:31:10.090989+00:00 PHASE_RESULT 25 HF-FLRC-325-64 pktSize=64 rx=0 unique=0 lost=100 per=100.0 rssi_avg=0 rssi_min=0 crc_err=0 garbage=0 tx_lat=0.00000 tx_lon=0.00000 sats=0 fix=0 utc=0 tx_fw=none rx_fw=unknown
PHASE_GUARD 500
PHASE_START 26 HF-FLRC-325-128 pktSize=128
2026-07-26T14:31:11.106979+00:00 TIME_SYNCED utc=1785076270 offset=1785062473
SYNC_NOT_FOUND first4=07697A63
SYNC_NOT_FOUND first4=250F0445
SYNC_NOT_FOUND first4=93E0831B
2026-07-26T14:31:12.124927+00:00 SYNC_NOT_FOUND first4=DCB4AC5F
SYNC_NOT_FOUND first4=91803FF7
SYNC_NOT_FOUND first4=80915F8E
PHASE_RESULT 26 HF-FLRC-325-128 pktSize=128 rx=0 unique=0 lost=100 per=100.0 rssi_avg=0 rssi_min=0 crc_err=0 garbage=6 tx_lat=0.00000 tx_lon=0.00000 sats=0 fix=0 utc=0 tx_fw=none rx_fw=unknown
PHASE_GUARD 500
PHASE_START 27 HF-FLRC-325-255 pktSize=255
SYNC_NOT_FOUND first4=A84C2179
2026-07-26T14:31:13.142675+00:00 SYNC_NOT_FOUND first4=368864EE
SYNC_NOT_FOUND first4=1BD18BF4
SYNC_NOT_FOUND first4=9B3C7571
SYNC_NOT_FOUND first4=053C0E3E
SYNC_NOT_FOUND first4=43BFC76B
SYNC_NOT_FOUND first4=73274648
2026-07-26T14:31:14.153862+00:00 SYNC_NOT_FOUND first4=80FA3C3F
TIME_SYNCED utc=1785076273 offset=1785062473
PHASE_RESULT 27 HF-FLRC-325-255 pktSize=255 rx=0 unique=0 lost=100 per=100.0 rssi_avg=0 rssi_min=0 crc_err=0 garbage=8 tx_lat=0.00000 tx_lon=0.00000 sats=0 fix=0 utc=0 tx_fw=none rx_fw=unknown
PHASE_GUARD 500
LORA_CFG path=0 bw=0x05 sf=7
PHASE_START 28 LF-LoRa-SF7-32 pktSize=32
2026-07-26T14:31:16.221079+00:00 PHASE_RESULT 28 LF-LoRa-SF7-32 pktSize=32 rx=0 unique=0 lost=20 per=100.0 rssi_avg=0 rssi_min=0 crc_err=0 garbage=0 tx_lat=0.00000 tx_lon=0.00000 sats=0 fix=0 utc=0 tx_fw=none rx_fw=unknown
PHASE_GUARD 500
LORA_CFG path=0 bw=0x05 sf=7
PHASE_START 29 LF-LoRa-SF7-64 pktSize=64
SYNC_NOT_FOUND first4=A88AFC2A
2026-07-26T14:31:19.335187+00:00 PHASE_RESULT 29 LF-LoRa-SF7-64 pktSize=64 rx=0 unique=0 lost=20 per=100.0 rssi_avg=0 rssi_min=0 crc_err=0 garbage=1 tx_lat=0.00000 tx_lon=0.00000 sats=0 fix=0 utc=0 tx_fw=none rx_fw=unknown
PHASE_GUARD 500
LORA_CFG path=0 bw=0x05 sf=7
PHASE_START 30 LF-LoRa-SF7-128 pktSize=128
2026-07-26T14:31:21.404762+00:00 TIME_SYNCED utc=1785076280 offset=1785062473
2026-07-26T14:31:23.467196+00:00 PHASE_RESULT 30 LF-LoRa-SF7-128 pktSize=128 rx=0 unique=0 lost=13 per=100.0 rssi_avg=0 rssi_min=0 crc_err=0 garbage=0 tx_lat=0.00000 tx_lon=0.00000 sats=0 fix=0 utc=0 tx_fw=none rx_fw=unknown
PHASE_GUARD 500
LORA_CFG path=0 bw=0x05 sf=7
PHASE_START 31 LF-LoRa-SF7-255 pktSize=255
2026-07-26T14:31:24.471249+00:00 TIME_SYNCED utc=1785076283 offset=1785062473
2026-07-26T14:31:27.587290+00:00 PHASE_RESULT 31 LF-LoRa-SF7-255 pktSize=255 rx=0 unique=0 lost=7 per=100.0 rssi_avg=0 rssi_min=0 crc_err=0 garbage=0 tx_lat=0.00000 tx_lon=0.00000 sats=0 fix=0 utc=0 tx_fw=none rx_fw=unknown
PHASE_GUARD 500
LORA_CFG path=0 bw=0x05 sf=9
PHASE_START 32 LF-LoRa-SF9-32 pktSize=32
2026-07-26T14:31:30.709293+00:00 PHASE_RESULT 32 LF-LoRa-SF9-32 pktSize=32 rx=0 unique=0 lost=7 per=100.0 rssi_avg=0 rssi_min=0 crc_err=0 garbage=0 tx_lat=0.00000 tx_lon=0.00000 sats=0 fix=0 utc=0 tx_fw=none rx_fw=unknown
PHASE_GUARD 500
2026-07-26T14:31:31.722348+00:00 LORA_CFG path=0 bw=0x05 sf=9
PHASE_START 33 LF-LoRa-SF9-64 pktSize=64
TIME_SYNCED utc=1785076290 offset=1785062472
PHASE_RESULT 33 LF-LoRa-SF9-64 pktSize=64 rx=0 unique=0 lost=3 per=100.0 rssi_avg=0 rssi_min=0 crc_err=0 garbage=0 tx_lat=0.00000 tx_lon=0.00000 sats=0 fix=0 utc=0 tx_fw=none rx_fw=unknown
PHASE_GUARD 500
LORA_CFG path=0 bw=0x05 sf=9
PHASE_START 32 LF-LoRa-SF9-32 pktSize=32
PHASE_RESULT 32 LF-LoRa-SF9-32 pktSize=32 rx=0 unique=0 lost=7 per=100.0 rssi_avg=0 rssi_min=0 crc_err=0 garbage=0 tx_lat=0.00000 tx_lon=0.00000 sats=0 fix=0 utc=0 tx_fw=none rx_fw=unknown
PHASE_GUARD 500
2026-07-26T14:31:32.734180+00:00 LORA_CFG path=0 bw=0x05 sf=9
PHASE_START 33 LF-LoRa-SF9-64 pktSize=64
2026-07-26T14:31:33.748184+00:00 TIME_SYNCED utc=1785076293 offset=1785062473
PHASE_RESULT 33 LF-LoRa-SF9-64 pktSize=64 rx=0 unique=0 lost=3 per=100.0 rssi_avg=0 rssi_min=0 crc_err=0 garbage=0 tx_lat=0.00000 tx_lon=0.00000 sats=0 fix=0 utc=0 tx_fw=none rx_fw=unknown
PHASE_GUARD 500
LORA_CFG path=0 bw=0x05 sf=9
2026-07-26T14:31:34.759357+00:00 PHASE_START 34 LF-LoRa-SF9-128 pktSize=128
2026-07-26T14:31:35.782234+00:00 PHASE_RESULT 34 LF-LoRa-SF9-128 pktSize=128 rx=0 unique=0 lost=1 per=100.0 rssi_avg=0 rssi_min=0 crc_err=0 garbage=0 tx_lat=0.00000 tx_lon=0.00000 sats=0 fix=0 utc=0 tx_fw=none rx_fw=unknown
PHASE_GUARD 500
LORA_CFG path=0 bw=0x05 sf=9
2026-07-26T14:31:36.794291+00:00 PHASE_START 35 LF-LoRa-SF9-255 pktSize=255
2026-07-26T14:31:39.908466+00:00 PHASE_RESULT 35 LF-LoRa-SF9-255 pktSize=255 rx=0 unique=0 lost=1 per=100.0 rssi_avg=0 rssi_min=0 crc_err=0 garbage=0 tx_lat=0.00000 tx_lon=0.00000 sats=0 fix=0 utc=0 tx_fw=none rx_fw=unknown
PHASE_GUARD 500
LORA_CFG path=0 bw=0x05 sf=12
PHASE_START 36 LF-LoRa-SF12-32 pktSize=32
2026-07-26T14:31:41.976256+00:00 TIME_SYNCED utc=1785076300 offset=1785062472
2026-07-26T14:31:44.041533+00:00 TIME_SYNCED utc=1785076303 offset=1785062473
2026-07-26T14:31:52.417829+00:00 TIME_SYNCED utc=1785076311 offset=1785062473
2026-07-26T14:31:54.487361+00:00 TIME_SYNCED utc=1785076313 offset=1785062473
2026-07-26T14:31:55.499988+00:00 PHASE_RESULT 36 LF-LoRa-SF12-32 pktSize=32 rx=0 unique=0 lost=1 per=100.0 rssi_avg=0 rssi_min=0 crc_err=0 garbage=0 tx_lat=0.00000 tx_lon=0.00000 sats=0 fix=0 utc=0 tx_fw=none rx_fw=unknown
PHASE_GUARD 500
LORA_CFG path=0 bw=0x05 sf=12
PHASE_START 37 LF-LoRa-SF12-SKIP SKIP pktSize=64
2026-07-26T14:31:56.512212+00:00 PHASE_RESULT 37 LF-LoRa-SF12-SKIP pktSize=64 rx=0 unique=0 lost=0 per=0.0 rssi_avg=0 rssi_min=0 crc_err=0 garbage=0 tx_lat=0.00000 tx_lon=0.00000 sats=0 fix=0 utc=0 tx_fw=none rx_fw=unknown
PHASE_GUARD 500
LORA_CFG path=0 bw=0x05 sf=12
PHASE_START 38 LF-LoRa-SF12-SKIP SKIP pktSize=128
2026-07-26T14:31:57.523239+00:00 PHASE_RESULT 38 LF-LoRa-SF12-SKIP pktSize=128 rx=0 unique=0 lost=0 per=0.0 rssi_avg=0 rssi_min=0 crc_err=0 garbage=0 tx_lat=0.00000 tx_lon=0.00000 sats=0 fix=0 utc=0 tx_fw=none rx_fw=unknown
PHASE_GUARD 500
LORA_CFG path=0 bw=0x05 sf=12
PHASE_START 39 LF-LoRa-SF12-SKIP SKIP pktSize=255
2026-07-26T14:31:58.535254+00:00 PHASE_RESULT 39 LF-LoRa-SF12-SKIP pktSize=255 rx=0 unique=0 lost=0 per=0.0 rssi_avg=0 rssi_min=0 crc_err=0 garbage=0 tx_lat=0.00000 tx_lon=0.00000 sats=0 fix=0 utc=0 tx_fw=none rx_fw=unknown
PHASE_GUARD 500
PHASE_START 40 LF-FLRC-2600-32 pktSize=32
2026-07-26T14:31:59.547232+00:00 SYNC_NOT_FOUND first4=19CC51C5
2026-07-26T14:32:00.559207+00:00 PHASE_RESULT 40 LF-FLRC-2600-32 pktSize=32 rx=0 unique=0 lost=100 per=100.0 rssi_avg=0 rssi_min=0 crc_err=0 garbage=1 tx_lat=0.00000 tx_lon=0.00000 sats=0 fix=0 utc=0 tx_fw=none rx_fw=unknown
PHASE_GUARD 500
PHASE_START 41 LF-FLRC-2600-64 pktSize=64
SYNC_NOT_FOUND first4=2DB11078
2026-07-26T14:32:01.571268+00:00 SYNC_NOT_FOUND first4=D8459B96
2026-07-26T14:32:02.582915+00:00 TIME_SYNCED utc=1785076321 offset=1785062473
PHASE_RESULT 41 LF-FLRC-2600-64 pktSize=64 rx=0 unique=0 lost=100 per=100.0 rssi_avg=0 rssi_min=0 crc_err=0 garbage=2 tx_lat=0.00000 tx_lon=0.00000 sats=0 fix=0 utc=0 tx_fw=none rx_fw=unknown
PHASE_GUARD 500
PHASE_START 42 LF-FLRC-2600-128 pktSize=128
SYNC_NOT_FOUND first4=79A579EC
SYNC_NOT_FOUND first4=7E3062E6
2026-07-26T14:32:03.585532+00:00 SYNC_NOT_FOUND first4=AE394D8C
TIME_SYNCED utc=1785076323 offset=1785062473
2026-07-26T14:32:04.597353+00:00 PHASE_RESULT 42 LF-FLRC-2600-128 pktSize=128 rx=0 unique=0 lost=100 per=100.0 rssi_avg=0 rssi_min=0 crc_err=0 garbage=3 tx_lat=0.00000 tx_lon=0.00000 sats=0 fix=0 utc=0 tx_fw=none rx_fw=unknown
PHASE_GUARD 500
PHASE_START 43 LF-FLRC-2600-255 pktSize=255
2026-07-26T14:32:06.652449+00:00 PHASE_RESULT 43 LF-FLRC-2600-255 pktSize=255 rx=0 unique=0 lost=100 per=100.0 rssi_avg=0 rssi_min=0 crc_err=0 garbage=0 tx_lat=0.00000 tx_lon=0.00000 sats=0 fix=0 utc=0 tx_fw=none rx_fw=unknown
PHASE_GUARD 500
PHASE_START 44 LF-FLRC-1300-32 pktSize=32
SYNC_NOT_FOUND first4=0935727A
SYNC_NOT_FOUND first4=98597730
2026-07-26T14:32:07.656892+00:00 SYNC_NOT_FOUND first4=CF3D9AA6
PHASE_RESULT 44 LF-FLRC-1300-32 pktSize=32 rx=0 unique=0 lost=100 per=100.0 rssi_avg=0 rssi_min=0 crc_err=0 garbage=3 tx_lat=0.00000 tx_lon=0.00000 sats=0 fix=0 utc=0 tx_fw=none rx_fw=unknown
PHASE_GUARD 500
2026-07-26T14:32:08.668988+00:00 PHASE_START 45 LF-FLRC-1300-64 pktSize=64
2026-07-26T14:32:09.680725+00:00 SYNC_NOT_FOUND first4=E9B7A3EA
PHASE_RESULT 45 LF-FLRC-1300-64 pktSize=64 rx=0 unique=0 lost=100 per=100.0 rssi_avg=0 rssi_min=0 crc_err=0 garbage=1 tx_lat=0.00000 tx_lon=0.00000 sats=0 fix=0 utc=0 tx_fw=none rx_fw=unknown
PHASE_GUARD 500
2026-07-26T14:32:10.692419+00:00 PHASE_START 46 LF-FLRC-1300-128 pktSize=128
2026-07-26T14:32:11.704135+00:00 PHASE_RESULT 46 LF-FLRC-1300-128 pktSize=128 rx=0 unique=0 lost=100 per=100.0 rssi_avg=0 rssi_min=0 crc_err=0 garbage=0 tx_lat=0.00000 tx_lon=0.00000 sats=0 fix=0 utc=0 tx_fw=none rx_fw=unknown
PHASE_GUARD 500
2026-07-26T14:32:12.708319+00:00 PHASE_START 47 LF-FLRC-1300-255 pktSize=255
TIME_SYNCED utc=1785076331 offset=1785062472
PHASE_RESULT 47 LF-FLRC-1300-255 pktSize=255 rx=0 unique=0 lost=100 per=100.0 rssi_avg=0 rssi_min=0 crc_err=0 garbage=0 tx_lat=0.00000 tx_lon=0.00000 sats=0 fix=0 utc=0 tx_fw=none rx_fw=unknown
PHASE_GUARD 500
PHASE_START 46 LF-FLRC-1300-128 pktSize=128
PHASE_RESULT 46 LF-FLRC-1300-128 pktSize=128 rx=0 unique=0 lost=100 per=100.0 rssi_avg=0 rssi_min=0 crc_err=0 garbage=0 tx_lat=0.00000 tx_lon=0.00000 sats=0 fix=0 utc=0 tx_fw=none rx_fw=unknown
PHASE_GUARD 500
2026-07-26T14:32:13.719540+00:00 PHASE_START 47 LF-FLRC-1300-255 pktSize=255
TIME_SYNCED utc=1785076333 offset=1785062473
SYNC_NOT_FOUND first4=995DFEBF
PHASE_RESULT 47 LF-FLRC-1300-255 pktSize=255 rx=0 unique=0 lost=100 per=100.0 rssi_avg=0 rssi_min=0 crc_err=0 garbage=1 tx_lat=0.00000 tx_lon=0.00000 sats=0 fix=0 utc=0 tx_fw=none rx_fw=unknown
PHASE_GUARD 500
2026-07-26T14:32:14.730842+00:00 PHASE_START 48 LF-FLRC-650-32 pktSize=32
SYNC_NOT_FOUND first4=8D8A9275
SYNC_NOT_FOUND first4=04FCBF05
SYNC_NOT_FOUND first4=8FC3A4C6
2026-07-26T14:32:15.742050+00:00 SYNC_NOT_FOUND first4=89A21AC2
PHASE_RESULT 48 LF-FLRC-650-32 pktSize=32 rx=0 unique=0 lost=100 per=100.0 rssi_avg=0 rssi_min=0 crc_err=0 garbage=4 tx_lat=0.00000 tx_lon=0.00000 sats=0 fix=0 utc=0 tx_fw=none rx_fw=unknown
PHASE_GUARD 500
2026-07-26T14:32:16.754772+00:00 PHASE_START 49 LF-FLRC-650-64 pktSize=64
SYNC_NOT_FOUND first4=AEFF008E
2026-07-26T14:32:17.765778+00:00 SYNC_NOT_FOUND first4=41A1F55A
SYNC_NOT_FOUND first4=CD7D82E2
PHASE_RESULT 49 LF-FLRC-650-64 pktSize=64 rx=0 unique=0 lost=100 per=100.0 rssi_avg=0 rssi_min=0 crc_err=0 garbage=3 tx_lat=0.00000 tx_lon=0.00000 sats=0 fix=0 utc=0 tx_fw=none rx_fw=unknown
PHASE_GUARD 500
2026-07-26T14:32:18.776754+00:00 PHASE_START 50 LF-FLRC-650-128 pktSize=128
SYNC_NOT_FOUND first4=819AC0B7
2026-07-26T14:32:19.788522+00:00 PHASE_RESULT 50 LF-FLRC-650-128 pktSize=128 rx=0 unique=0 lost=100 per=100.0 rssi_avg=0 rssi_min=0 crc_err=0 garbage=1 tx_lat=0.00000 tx_lon=0.00000 sats=0 fix=0 utc=0 tx_fw=none rx_fw=unknown
PHASE_GUARD 500
PHASE_START 51 LF-FLRC-650-255 pktSize=255
2026-07-26T14:32:20.800299+00:00 SYNC_NOT_FOUND first4=16F8268A
2026-07-26T14:32:21.812325+00:00 SYNC_NOT_FOUND first4=431ED530
PHASE_RESULT 51 LF-FLRC-650-255 pktSize=255 rx=0 unique=0 lost=100 per=100.0 rssi_avg=0 rssi_min=0 crc_err=0 garbage=2 tx_lat=0.00000 tx_lon=0.00000 sats=0 fix=0 utc=0 tx_fw=none rx_fw=unknown
PHASE_GUARD 500
PHASE_START 52 LF-FLRC-325-32 pktSize=32
2026-07-26T14:32:22.823451+00:00 TIME_SYNCED utc=1785076341 offset=1785062472
PHASE_RESULT 52 LF-FLRC-325-32 pktSize=32 rx=0 unique=0 lost=100 per=100.0 rssi_avg=0 rssi_min=0 crc_err=0 garbage=0 tx_lat=0.00000 tx_lon=0.00000 sats=0 fix=0 utc=0 tx_fw=none rx_fw=unknown
PHASE_GUARD 500
PHASE_START 51 LF-FLRC-650-255 pktSize=255
PHASE_RESULT 51 LF-FLRC-650-255 pktSize=255 rx=0 unique=0 lost=100 per=100.0 rssi_avg=0 rssi_min=0 crc_err=0 garbage=0 tx_lat=0.00000 tx_lon=0.00000 sats=0 fix=0 utc=0 tx_fw=none rx_fw=unknown
PHASE_GUARD 500
PHASE_START 52 LF-FLRC-325-32 pktSize=32
2026-07-26T14:32:23.834652+00:00 TIME_SYNCED utc=1785076343 offset=1785062473
PHASE_RESULT 52 LF-FLRC-325-32 pktSize=32 rx=0 unique=0 lost=100 per=100.0 rssi_avg=0 rssi_min=0 crc_err=0 garbage=0 tx_lat=0.00000 tx_lon=0.00000 sats=0 fix=0 utc=0 tx_fw=none rx_fw=unknown
PHASE_GUARD 500
PHASE_START 53 LF-FLRC-325-64 pktSize=64
2026-07-26T14:32:25.897872+00:00 PHASE_RESULT 53 LF-FLRC-325-64 pktSize=64 rx=0 unique=0 lost=100 per=100.0 rssi_avg=0 rssi_min=0 crc_err=0 garbage=0 tx_lat=0.00000 tx_lon=0.00000 sats=0 fix=0 utc=0 tx_fw=none rx_fw=unknown
PHASE_GUARD 500
PHASE_START 54 LF-FLRC-325-128 pktSize=128
2026-07-26T14:32:27.955785+00:00 PHASE_RESULT 54 LF-FLRC-325-128 pktSize=128 rx=0 unique=0 lost=100 per=100.0 rssi_avg=0 rssi_min=0 crc_err=0 garbage=0 tx_lat=0.00000 tx_lon=0.00000 sats=0 fix=0 utc=0 tx_fw=none rx_fw=unknown
PHASE_GUARD 500
PHASE_START 55 LF-FLRC-325-255 pktSize=255
2026-07-26T14:32:30.017621+00:00 PHASE_RESULT 55 LF-FLRC-325-255 pktSize=255 rx=0 unique=0 lost=100 per=100.0 rssi_avg=0 rssi_min=0 crc_err=0 garbage=0 tx_lat=0.00000 tx_lon=0.00000 sats=0 fix=0 utc=0 tx_fw=none rx_fw=unknown
PHASE_GUARD 500
LORA_CFG path=1 bw=0x0F sf=7
PHASE_START 0 HF-LoRa-SF7-32 pktSize=32
2026-07-26T14:32:32.075836+00:00 PHASE_RESULT 0 HF-LoRa-SF7-32 pktSize=32 rx=0 unique=0 lost=20 per=100.0 rssi_avg=0 rssi_min=0 crc_err=0 garbage=0 tx_lat=0.00000 tx_lon=0.00000 sats=0 fix=0 utc=0 tx_fw=none rx_fw=unknown
PHASE_GUARD 500
LORA_CFG path=1 bw=0x0F sf=7
PHASE_START 1 HF-LoRa-SF7-64 pktSize=64
2026-07-26T14:32:33.090300+00:00 TIME_SYNCED utc=1785076352 offset=1785062473
2026-07-26T14:32:34.101731+00:00 TIME_SYNCED utc=1785076353 offset=1785062473
PHASE_RESULT 1 HF-LoRa-SF7-64 pktSize=64 rx=0 unique=0 lost=20 per=100.0 rssi_avg=0 rssi_min=0 crc_err=0 garbage=0 tx_lat=0.00000 tx_lon=0.00000 sats=0 fix=0 utc=0 tx_fw=none rx_fw=unknown
PHASE_GUARD 500
LORA_CFG path=1 bw=0x0F sf=7
PHASE_START 2 HF-LoRa-SF7-128 pktSize=128
2026-07-26T14:32:36.165336+00:00 PHASE_RESULT 2 HF-LoRa-SF7-128 pktSize=128 rx=0 unique=0 lost=20 per=100.0 rssi_avg=0 rssi_min=0 crc_err=0 garbage=0 tx_lat=0.00000 tx_lon=0.00000 sats=0 fix=0 utc=0 tx_fw=none rx_fw=unknown
PHASE_GUARD 500
LORA_CFG path=1 bw=0x0F sf=7
PHASE_START 3 HF-LoRa-SF7-255 pktSize=255
2026-07-26T14:32:39.279787+00:00 PHASE_RESULT 3 HF-LoRa-SF7-255 pktSize=255 rx=0 unique=0 lost=20 per=100.0 rssi_avg=0 rssi_min=0 crc_err=0 garbage=0 tx_lat=0.00000 tx_lon=0.00000 sats=0 fix=0 utc=0 tx_fw=none rx_fw=unknown
PHASE_GUARD 500
LORA_CFG path=1 bw=0x0F sf=9
PHASE_START 4 HF-LoRa-SF9-32 pktSize=32
2026-07-26T14:32:41.343384+00:00 PHASE_RESULT 4 HF-LoRa-SF9-32 pktSize=32 rx=0 unique=0 lost=20 per=100.0 rssi_avg=0 rssi_min=0 crc_err=0 garbage=0 tx_lat=0.00000 tx_lon=0.00000 sats=0 fix=0 utc=0 tx_fw=none rx_fw=unknown
PHASE_GUARD 500
LORA_CFG path=1 bw=0x0F sf=9
PHASE_START 5 HF-LoRa-SF9-64 pktSize=64
2026-07-26T14:32:43.405362+00:00 TIME_SYNCED utc=1785076362 offset=1785062473
2026-07-26T14:32:44.416998+00:00 PHASE_RESULT 5 HF-LoRa-SF9-64 pktSize=64 rx=0 unique=0 lost=20 per=100.0 rssi_avg=0 rssi_min=0 crc_err=0 garbage=0 tx_lat=0.00000 tx_lon=0.00000 sats=0 fix=0 utc=0 tx_fw=none rx_fw=unknown
PHASE_GUARD 500
LORA_CFG path=1 bw=0x0F sf=9
PHASE_START 6 HF-LoRa-SF9-128 pktSize=128
TIME_SYNCED utc=1785076363 offset=1785062472
PHASE_RESULT 6 HF-LoRa-SF9-128 pktSize=128 rx=0 unique=0 lost=13 per=100.0 rssi_avg=0 rssi_min=0 crc_err=0 garbage=0 tx_lat=0.00000 tx_lon=0.00000 sats=0 fix=0 utc=0 tx_fw=none rx_fw=unknown
PHASE_GUARD 500
LORA_CFG path=1 bw=0x0F sf=9
PHASE_START 5 HF-LoRa-SF9-64 pktSize=64
2026-07-26T14:32:45.437235+00:00 PHASE_RESULT 5 HF-LoRa-SF9-64 pktSize=64 rx=0 unique=0 lost=20 per=100.0 rssi_avg=0 rssi_min=0 crc_err=0 garbage=0 tx_lat=0.00000 tx_lon=0.00000 sats=0 fix=0 utc=0 tx_fw=none rx_fw=unknown
PHASE_GUARD 500
LORA_CFG path=1 bw=0x0F sf=9
PHASE_START 6 HF-LoRa-SF9-128 pktSize=128
2026-07-26T14:32:49.602210+00:00 PHASE_RESULT 6 HF-LoRa-SF9-128 pktSize=128 rx=0 unique=0 lost=13 per=100.0 rssi_avg=0 rssi_min=0 crc_err=0 garbage=0 tx_lat=0.00000 tx_lon=0.00000 sats=0 fix=0 utc=0 tx_fw=none rx_fw=unknown
PHASE_GUARD 500
LORA_CFG path=1 bw=0x0F sf=9
PHASE_START 7 HF-LoRa-SF9-255 pktSize=255
2026-07-26T14:32:51.669551+00:00 PHASE_RESULT 7 HF-LoRa-SF9-255 pktSize=255 rx=0 unique=0 lost=6 per=100.0 rssi_avg=0 rssi_min=0 crc_err=0 garbage=0 tx_lat=0.00000 tx_lon=0.00000 sats=0 fix=0 utc=0 tx_fw=none rx_fw=unknown
PHASE_GUARD 500
2026-07-26T14:32:52.686401+00:00 LORA_CFG path=1 bw=0x0F sf=12
PHASE_START 8 HF-LoRa-SF12-32 pktSize=32
2026-07-26T14:32:53.697294+00:00 TIME_SYNCED utc=1785076372 offset=1785062472
TIME_SYNCED utc=1785076373 offset=1785062472
2026-07-26T14:32:54.708296+00:00 PHASE_RESULT 8 HF-LoRa-SF12-32 pktSize=32 rx=0 unique=0 lost=2 per=100.0 rssi_avg=0 rssi_min=0 crc_err=0 garbage=0 tx_lat=0.00000 tx_lon=0.00000 sats=0 fix=0 utc=0 tx_fw=none rx_fw=unknown
PHASE_GUARD 500
LORA_CFG path=1 bw=0x0F sf=12
2026-07-26T14:32:55.717354+00:00 PHASE_START 9 HF-LoRa-SF12-64 pktSize=64
2026-07-26T14:32:57.779723+00:00 PHASE_RESULT 9 HF-LoRa-SF12-64 pktSize=64 rx=0 unique=0 lost=1 per=100.0 rssi_avg=0 rssi_min=0 crc_err=0 garbage=0 tx_lat=0.00000 tx_lon=0.00000 sats=0 fix=0 utc=0 tx_fw=none rx_fw=unknown
PHASE_GUARD 500
LORA_CFG path=1 bw=0x0F sf=12
PHASE_START 10 HF-LoRa-SF12-128 pktSize=128
2026-07-26T14:33:02.999719+00:00 PHASE_RESULT 10 HF-LoRa-SF12-128 pktSize=128 rx=0 unique=0 lost=1 per=100.0 rssi_avg=0 rssi_min=0 crc_err=0 garbage=0 tx_lat=0.00000 tx_lon=0.00000 sats=0 fix=0 utc=0 tx_fw=none rx_fw=unknown
PHASE_GUARD 500
LORA_CFG path=1 bw=0x0F sf=12
PHASE_START 11 HF-LoRa-SF12-255 pktSize=255
2026-07-26T14:33:04.015311+00:00 TIME_SYNCED utc=1785076383 offset=1785062473
TIME_SYNCED utc=1785076383 offset=1785062472
2026-07-26T14:33:13.437810+00:00 PHASE_RESULT 11 HF-LoRa-SF12-255 pktSize=255 rx=0 unique=0 lost=1 per=100.0 rssi_avg=0 rssi_min=0 crc_err=0 garbage=0 tx_lat=0.00000 tx_lon=0.00000 sats=0 fix=0 utc=0 tx_fw=none rx_fw=unknown
PHASE_GUARD 500
PHASE_START 12 HF-FLRC-2600-32 pktSize=32
SYNC_NOT_FOUND first4=AF4FE773
SYNC_NOT_FOUND first4=FCE7528B
2026-07-26T14:33:14.456739+00:00 TIME_SYNCED utc=1785076393 offset=1785062473
PHASE_RESULT 12 HF-FLRC-2600-32 pktSize=32 rx=0 unique=0 lost=100 per=100.0 rssi_avg=0 rssi_min=0 crc_err=0 garbage=2 tx_lat=0.00000 tx_lon=0.00000 sats=0 fix=0 utc=0 tx_fw=none rx_fw=unknown
PHASE_GUARD 500
PHASE_START 13 HF-FLRC-2600-64 pktSize=64
TIME_SYNCED utc=1785076393 offset=1785062472
PHASE_RESULT 13 HF-FLRC-2600-64 pktSize=64 rx=0 unique=0 lost=100 per=100.0 rssi_avg=0 rssi_min=0 crc_err=0 garbage=0 tx_lat=0.00000 tx_lon=0.00000 sats=0 fix=0 utc=0 tx_fw=none rx_fw=unknown
PHASE_GUARD 500
PHASE_START 12 HF-FLRC-2600-32 pktSize=32
SYNC_NOT_FOUND first4=3BF7E798
SYNC_NOT_FOUND first4=C9A79D5D
SYNC_NOT_FOUND first4=B65836E1
2026-07-26T14:33:15.468440+00:00 SYNC_NOT_FOUND first4=BE1D59BF
PHASE_RESULT 12 HF-FLRC-2600-32 pktSize=32 rx=0 unique=0 lost=100 per=100.0 rssi_avg=0 rssi_min=0 crc_err=0 garbage=4 tx_lat=0.00000 tx_lon=0.00000 sats=0 fix=0 utc=0 tx_fw=none rx_fw=unknown
PHASE_GUARD 500
PHASE_START 13 HF-FLRC-2600-64 pktSize=64
SYNC_NOT_FOUND first4=F4086B5B
SYNC_NOT_FOUND first4=80FE7EB3
SYNC_NOT_FOUND first4=CDA628A6
2026-07-26T14:33:16.484506+00:00 SYNC_NOT_FOUND first4=89F09BE6
SYNC_NOT_FOUND first4=204F6D11
SYNC_NOT_FOUND first4=E96BC47B
SYNC_NOT_FOUND first4=F69BAB7B
SYNC_NOT_FOUND first4=F0A13359
SYNC_NOT_FOUND first4=8C037A1E
SYNC_NOT_FOUND first4=6C7112E9
SYNC_NOT_FOUND first4=6B630B43
SYNC_NOT_FOUND first4=0610026C
2026-07-26T14:33:17.497304+00:00 SYNC_NOT_FOUND first4=93D3CCDE
SYNC_NOT_FOUND first4=EE36BC02
PHASE_RESULT 13 HF-FLRC-2600-64 pktSize=64 rx=0 unique=0 lost=100 per=100.0 rssi_avg=0 rssi_min=0 crc_err=0 garbage=14 tx_lat=0.00000 tx_lon=0.00000 sats=0 fix=0 utc=0 tx_fw=none rx_fw=unknown
PHASE_GUARD 500
PHASE_START 14 HF-FLRC-2600-128 pktSize=128
SYNC_NOT_FOUND first4=A382B998
SYNC_NOT_FOUND first4=4A4E595C
SYNC_NOT_FOUND first4=D015C959
SYNC_NOT_FOUND first4=81A217AE
SYNC_NOT_FOUND first4=6BF99B9B
2026-07-26T14:33:18.508716+00:00 SYNC_NOT_FOUND first4=3B23A637
SYNC_NOT_FOUND first4=38E86B7F
SYNC_NOT_FOUND first4=320279BD
SYNC_NOT_FOUND first4=B810F63E
SYNC_NOT_FOUND first4=AD4C7E96
SYNC_NOT_FOUND first4=22BA4CAA
SYNC_NOT_FOUND first4=1A171215
SYNC_NOT_FOUND first4=86A41224
SYNC_NOT_FOUND first4=3BB682BE
2026-07-26T14:33:19.526388+00:00 SYNC_NOT_FOUND first4=191E9BB6
SYNC_NOT_FOUND first4=67D4D7BE
PHASE_RESULT 14 HF-FLRC-2600-128 pktSize=128 rx=0 unique=0 lost=100 per=100.0 rssi_avg=0 rssi_min=0 crc_err=0 garbage=16 tx_lat=0.00000 tx_lon=0.00000 sats=0 fix=0 utc=0 tx_fw=none rx_fw=unknown
PHASE_GUARD 500
PHASE_START 15 HF-FLRC-2600-255 pktSize=255
SYNC_NOT_FOUND first4=9A0D69C8
SYNC_NOT_FOUND first4=1648CF56
SYNC_NOT_FOUND first4=C9211C71
SYNC_NOT_FOUND first4=75142658
SYNC_NOT_FOUND first4=2176B942
SYNC_NOT_FOUND first4=E9CCDD08
SYNC_NOT_FOUND first4=21359745
SYNC_NOT_FOUND first4=FC04B56F
2026-07-26T14:33:20.537270+00:00 SYNC_NOT_FOUND first4=9181ECCC
SYNC_NOT_FOUND first4=49706B7C
SYNC_NOT_FOUND first4=F928E962
SYNC_NOT_FOUND first4=940E8307
SYNC_NOT_FOUND first4=103F1F16
SYNC_NOT_FOUND first4=060E818C
SYNC_NOT_FOUND first4=CB8F000E
2026-07-26T14:33:21.551157+00:00 SYNC_NOT_FOUND first4=A78CA4EB
PHASE_RESULT 15 HF-FLRC-2600-255 pktSize=255 rx=0 unique=0 lost=100 per=100.0 rssi_avg=0 rssi_min=0 crc_err=0 garbage=16 tx_lat=0.00000 tx_lon=0.00000 sats=0 fix=0 utc=0 tx_fw=none rx_fw=unknown
PHASE_GUARD 500
PHASE_START 16 HF-FLRC-1300-32 pktSize=32
SYNC_NOT_FOUND first4=9E74DDAD
SYNC_NOT_FOUND first4=F751391D
SYNC_NOT_FOUND first4=AA04AD0E
SYNC_NOT_FOUND first4=85409D95
SYNC_NOT_FOUND first4=60B9A0F7
2026-07-26T14:33:22.562221+00:00 SYNC_NOT_FOUND first4=18EBB917
SYNC_NOT_FOUND first4=8A8F04A3
2026-07-26T14:33:23.580222+00:00 PHASE_RESULT 16 HF-FLRC-1300-32 pktSize=32 rx=0 unique=0 lost=100 per=100.0 rssi_avg=0 rssi_min=0 crc_err=0 garbage=7 tx_lat=0.00000 tx_lon=0.00000 sats=0 fix=0 utc=0 tx_fw=none rx_fw=unknown
PHASE_GUARD 500
PHASE_START 17 HF-FLRC-1300-64 pktSize=64
SYNC_NOT_FOUND first4=B8855AE9
2026-07-26T14:33:24.589110+00:00 TIME_SYNCED utc=1785076403 offset=1785062473
PHASE_RESULT 17 HF-FLRC-1300-64 pktSize=64 rx=0 unique=0 lost=100 per=100.0 rssi_avg=0 rssi_min=0 crc_err=0 garbage=1 tx_lat=0.00000 tx_lon=0.00000 sats=0 fix=0 utc=0 tx_fw=none rx_fw=unknown
PHASE_GUARD 500
PHASE_START 18 HF-FLRC-1300-128 pktSize=128
TIME_SYNCED utc=1785076403 offset=1785062472
PHASE_RESULT 18 HF-FLRC-1300-128 pktSize=128 rx=0 unique=0 lost=100 per=100.0 rssi_avg=0 rssi_min=0 crc_err=0 garbage=0 tx_lat=0.00000 tx_lon=0.00000 sats=0 fix=0 utc=0 tx_fw=none rx_fw=unknown
PHASE_GUARD 500
PHASE_START 17 HF-FLRC-1300-64 pktSize=64
SYNC_NOT_FOUND first4=5039CCA8
2026-07-26T14:33:25.602973+00:00 PHASE_RESULT 17 HF-FLRC-1300-64 pktSize=64 rx=0 unique=0 lost=100 per=100.0 rssi_avg=0 rssi_min=0 crc_err=0 garbage=1 tx_lat=0.00000 tx_lon=0.00000 sats=0 fix=0 utc=0 tx_fw=none rx_fw=unknown
PHASE_GUARD 500
PHASE_START 18 HF-FLRC-1300-128 pktSize=128
SYNC_NOT_FOUND first4=780ABC9D
SYNC_NOT_FOUND first4=AB2F9E16
SYNC_NOT_FOUND first4=E8D882A7
SYNC_NOT_FOUND first4=E6D3326C
SYNC_NOT_FOUND first4=7876C190
2026-07-26T14:33:26.618707+00:00 SYNC_NOT_FOUND first4=19CC9A63
SYNC_NOT_FOUND first4=9726D947
SYNC_NOT_FOUND first4=3BA88B25
SYNC_NOT_FOUND first4=3793E6E8
SYNC_NOT_FOUND first4=91F40853
2026-07-26T14:33:27.629455+00:00 PHASE_RESULT 18 HF-FLRC-1300-128 pktSize=128 rx=0 unique=0 lost=100 per=100.0 rssi_avg=0 rssi_min=0 crc_err=0 garbage=10 tx_lat=0.00000 tx_lon=0.00000 sats=0 fix=0 utc=0 tx_fw=none rx_fw=unknown
PHASE_GUARD 500
PHASE_START 19 HF-FLRC-1300-255 pktSize=255
SYNC_NOT_FOUND first4=7E45AF7D
SYNC_NOT_FOUND first4=07FD28E1
SYNC_NOT_FOUND first4=7EDF7B11
SYNC_NOT_FOUND first4=F2494A99
SYNC_NOT_FOUND first4=96FD321D
SYNC_NOT_FOUND first4=CB782986
2026-07-26T14:33:28.645254+00:00 SYNC_NOT_FOUND first4=FC5A46DD
PHASE_RESULT 19 HF-FLRC-1300-255 pktSize=255 rx=0 unique=0 lost=100 per=100.0 rssi_avg=0 rssi_min=0 crc_err=0 garbage=7 tx_lat=0.00000 tx_lon=0.00000 sats=0 fix=0 utc=0 tx_fw=none rx_fw=unknown
PHASE_GUARD 500
2026-07-26T14:33:29.658240+00:00 PHASE_START 20 HF-FLRC-650-32 pktSize=32
SYNC_NOT_FOUND first4=AD8549F6
SYNC_NOT_FOUND first4=9281825A
SYNC_NOT_FOUND first4=DE9D386D
SYNC_NOT_FOUND first4=F93BF981
SYNC_NOT_FOUND first4=31584D54
SYNC_NOT_FOUND first4=A1939538
SYNC_NOT_FOUND first4=08B95388
SYNC_NOT_FOUND first4=796832F8
SYNC_NOT_FOUND first4=3846D101
SYNC_NOT_FOUND first4=464DB611
SYNC_NOT_FOUND first4=F9D46F56
SYNC_NOT_FOUND first4=47633030
SYNC_NOT_FOUND first4=89AA9AF7
SYNC_NOT_FOUND first4=1D5981CD
SYNC_NOT_FOUND first4=0E382ACC
2026-07-26T14:33:30.669450+00:00 SYNC_NOT_FOUND first4=27E97535
SYNC_NOT_FOUND first4=0F395154
SYNC_NOT_FOUND first4=99932153
SYNC_NOT_FOUND first4=501746E3
SYNC_NOT_FOUND first4=47720FCE
SYNC_NOT_FOUND first4=6DF3AFCF
SYNC_NOT_FOUND first4=C7436656
SYNC_NOT_FOUND first4=BC805FC2
SYNC_NOT_FOUND first4=ADDB2343
SYNC_NOT_FOUND first4=1BA5300F
SYNC_NOT_FOUND first4=6D861234
SYNC_NOT_FOUND first4=3D7F02B5
SYNC_NOT_FOUND first4=899E3823
SYNC_NOT_FOUND first4=420F362D
PHASE_RESULT 20 HF-FLRC-650-32 pktSize=32 rx=0 unique=0 lost=100 per=100.0 rssi_avg=0 rssi_min=0 crc_err=0 garbage=29 tx_lat=0.00000 tx_lon=0.00000 sats=0 fix=0 utc=0 tx_fw=none rx_fw=unknown
PHASE_GUARD 500
2026-07-26T14:33:31.685602+00:00 PHASE_START 21 HF-FLRC-650-64 pktSize=64
SYNC_NOT_FOUND first4=700826FA
SYNC_NOT_FOUND first4=EC040700
SYNC_NOT_FOUND first4=5CA900B3
SYNC_NOT_FOUND first4=077D55DE
SYNC_NOT_FOUND first4=AD975C98
SYNC_NOT_FOUND first4=8B85B681
SYNC_NOT_FOUND first4=688FC8F6
SYNC_NOT_FOUND first4=BCEF4A4C
SYNC_NOT_FOUND first4=EEA0DFDB
SYNC_NOT_FOUND first4=A9C50F88
SYNC_NOT_FOUND first4=1A41C9E0
SYNC_NOT_FOUND first4=A65242B9
SYNC_NOT_FOUND first4=4E6B3D9F
SYNC_NOT_FOUND first4=BD6AC8F0
SYNC_NOT_FOUND first4=B2EA4424
2026-07-26T14:33:32.696686+00:00 SYNC_NOT_FOUND first4=2F62588E
SYNC_NOT_FOUND first4=DC4F7A26
SYNC_NOT_FOUND first4=001F3971
SYNC_NOT_FOUND first4=15BDF39D
SYNC_NOT_FOUND first4=A78FF43E
SYNC_NOT_FOUND first4=185BBE1A
SYNC_NOT_FOUND first4=537F2303
SYNC_NOT_FOUND first4=C335D08C
SYNC_NOT_FOUND first4=4158BFAD
SYNC_NOT_FOUND first4=C95453AE
SYNC_NOT_FOUND first4=628CFD2D
SYNC_NOT_FOUND first4=299CB7B5
SYNC_NOT_FOUND first4=EF68E1B8
SYNC_NOT_FOUND first4=56888DA3
PHASE_RESULT 21 HF-FLRC-650-64 pktSize=64 rx=0 unique=0 lost=100 per=100.0 rssi_avg=0 rssi_min=0 crc_err=0 garbage=29 tx_lat=0.00000 tx_lon=0.00000 sats=0 fix=0 utc=0 tx_fw=none rx_fw=unknown
PHASE_GUARD 500
2026-07-26T14:33:33.710179+00:00 PHASE_START 22 HF-FLRC-650-128 pktSize=128
SYNC_NOT_FOUND first4=04B1DDCD
SYNC_NOT_FOUND first4=A9D0DCD5
SYNC_NOT_FOUND first4=4CE67140
SYNC_NOT_FOUND first4=76C2DBF1
SYNC_NOT_FOUND first4=94B9EE95
SYNC_NOT_FOUND first4=BBFA6C57
SYNC_NOT_FOUND first4=56E6CA7E
SYNC_NOT_FOUND first4=629B3556
SYNC_NOT_FOUND first4=0BC03881
SYNC_NOT_FOUND first4=A771EA91
2026-07-26T14:33:34.720658+00:00 TIME_SYNCED utc=1785076413 offset=1785062472
TIME_SYNCED utc=1785076413 offset=1785062472
SYNC_NOT_FOUND first4=A26DE088
SYNC_NOT_FOUND first4=23E92122
SYNC_NOT_FOUND first4=6BEA5EC9
SYNC_NOT_FOUND first4=4EE8F11F
SYNC_NOT_FOUND first4=BD7C9688
SYNC_NOT_FOUND first4=02C02601
SYNC_NOT_FOUND first4=13266685
SYNC_NOT_FOUND first4=D63054D2
SYNC_NOT_FOUND first4=2E3A287C
SYNC_NOT_FOUND first4=BB5834AE
SYNC_NOT_FOUND first4=67C8966D
SYNC_NOT_FOUND first4=C9B1EE55
SYNC_NOT_FOUND first4=F42C551E
SYNC_NOT_FOUND first4=8D126990
SYNC_NOT_FOUND first4=44B9600F
SYNC_NOT_FOUND first4=B82AAFEB
SYNC_NOT_FOUND first4=8C5EBC55
SYNC_NOT_FOUND first4=B3138346
SYNC_NOT_FOUND first4=F05B6094
SYNC_NOT_FOUND first4=8B6B8853
SYNC_NOT_FOUND first4=10CC73A4
SYNC_NOT_FOUND first4=53FF8DE0
SYNC_NOT_FOUND first4=6D907AC4
SYNC_NOT_FOUND first4=166A3FBC
SYNC_NOT_FOUND first4=131F2767
PHASE_RESULT 22 HF-FLRC-650-128 pktSize=128 rx=0 unique=0 lost=100 per=100.0 rssi_avg=0 rssi_min=0 crc_err=0 garbage=35 tx_lat=0.00000 tx_lon=0.00000 sats=0 fix=0 utc=0 tx_fw=none rx_fw=unknown
PHASE_GUARD 500
2026-07-26T14:33:35.738681+00:00 PHASE_START 23 HF-FLRC-650-255 pktSize=255
SYNC_NOT_FOUND first4=0FC7533E
SYNC_NOT_FOUND first4=4995FDE5
SYNC_NOT_FOUND first4=9B8F5ECF
SYNC_NOT_FOUND first4=024187C5
SYNC_NOT_FOUND first4=216EFB0A
SYNC_NOT_FOUND first4=24F80B4A
SYNC_NOT_FOUND first4=639D4D58
SYNC_NOT_FOUND first4=5B041D5A
SYNC_NOT_FOUND first4=1A62BECB
SYNC_NOT_FOUND first4=05038F5D
SYNC_NOT_FOUND first4=0666E7E6
SYNC_NOT_FOUND first4=D971549A
SYNC_NOT_FOUND first4=68C62F9C
SYNC_NOT_FOUND first4=B871B559
SYNC_NOT_FOUND first4=3443A79C
SYNC_NOT_FOUND first4=446CEB60
SYNC_NOT_FOUND first4=E582B6F4
2026-07-26T14:33:36.754220+00:00 SYNC_NOT_FOUND first4=B26CC0B3
SYNC_NOT_FOUND first4=F5903411
SYNC_NOT_FOUND first4=B394A7E7
SYNC_NOT_FOUND first4=D1BCB3E7
SYNC_NOT_FOUND first4=C56E17AC
SYNC_NOT_FOUND first4=3D4EB0EE
SYNC_NOT_FOUND first4=F379F904
SYNC_NOT_FOUND first4=AF27522A
SYNC_NOT_FOUND first4=EEED78E4
SYNC_NOT_FOUND first4=C96A04EB
SYNC_NOT_FOUND first4=EAE8E0B7
PHASE_RESULT 23 HF-FLRC-650-255 pktSize=255 rx=0 unique=0 lost=100 per=100.0 rssi_avg=0 rssi_min=0 crc_err=0 garbage=28 tx_lat=0.00000 tx_lon=0.00000 sats=0 fix=0 utc=0 tx_fw=none rx_fw=unknown
PHASE_GUARD 500
2026-07-26T14:33:37.765684+00:00 PHASE_START 24 HF-FLRC-325-32 pktSize=32
SYNC_NOT_FOUND first4=AF3D35BB
SYNC_NOT_FOUND first4=C0E942AE
SYNC_NOT_FOUND first4=44C9BEBC
2026-07-26T14:33:38.774299+00:00 SYNC_NOT_FOUND first4=4B0753E0
SYNC_NOT_FOUND first4=F1B9297D
PHASE_RESULT 24 HF-FLRC-325-32 pktSize=32 rx=0 unique=0 lost=100 per=100.0 rssi_avg=0 rssi_min=0 crc_err=0 garbage=5 tx_lat=0.00000 tx_lon=0.00000 sats=0 fix=0 utc=0 tx_fw=none rx_fw=unknown
PHASE_GUARD 500
PHASE_START 25 HF-FLRC-325-64 pktSize=64
2026-07-26T14:33:39.789734+00:00 SYNC_NOT_FOUND first4=24351472
SYNC_NOT_FOUND first4=F849D714
SYNC_NOT_FOUND first4=FAF521A5
SYNC_NOT_FOUND first4=E9D92E51
SYNC_NOT_FOUND first4=7DA69184
2026-07-26T14:33:40.800508+00:00 SYNC_NOT_FOUND first4=E29E6A79
PHASE_RESULT 25 HF-FLRC-325-64 pktSize=64 rx=0 unique=0 lost=100 per=100.0 rssi_avg=0 rssi_min=0 crc_err=0 garbage=6 tx_lat=0.00000 tx_lon=0.00000 sats=0 fix=0 utc=0 tx_fw=none rx_fw=unknown
PHASE_GUARD 500
PHASE_START 26 HF-FLRC-325-128 pktSize=128
2026-07-26T14:33:41.814270+00:00 SYNC_NOT_FOUND first4=47D556B0
SYNC_NOT_FOUND first4=1AE9CE6D
SYNC_NOT_FOUND first4=91FF53CB
2026-07-26T14:33:42.825354+00:00 SYNC_NOT_FOUND first4=05A64F7C
SYNC_NOT_FOUND first4=B91720D1
PHASE_RESULT 26 HF-FLRC-325-128 pktSize=128 rx=0 unique=0 lost=100 per=100.0 rssi_avg=0 rssi_min=0 crc_err=0 garbage=5 tx_lat=0.00000 tx_lon=0.00000 sats=0 fix=0 utc=0 tx_fw=none rx_fw=unknown
PHASE_GUARD 500
PHASE_START 27 HF-FLRC-325-255 pktSize=255
2026-07-26T14:33:43.834505+00:00 SYNC_NOT_FOUND first4=855C94E9
SYNC_NOT_FOUND first4=1A049400
TIME_SYNCED utc=1785076423 offset=1785062472
2026-07-26T14:33:44.845803+00:00 TIME_SYNCED utc=1785076423 offset=1785062472
SYNC_NOT_FOUND first4=7DE2827C
SYNC_NOT_FOUND first4=A3616FF5
SYNC_NOT_FOUND first4=179ADE14
SYNC_NOT_FOUND first4=BA446995
SYNC_NOT_FOUND first4=69CB184E
SYNC_NOT_FOUND first4=3E83B1A7
PHASE_RESULT 27 HF-FLRC-325-255 pktSize=255 rx=0 unique=0 lost=100 per=100.0 rssi_avg=0 rssi_min=0 crc_err=0 garbage=8 tx_lat=0.00000 tx_lon=0.00000 sats=0 fix=0 utc=0 tx_fw=none rx_fw=unknown
PHASE_GUARD 500
LORA_CFG path=0 bw=0x05 sf=7
PHASE_START 28 LF-LoRa-SF7-32 pktSize=32
2026-07-26T14:33:46.907514+00:00 PHASE_RESULT 28 LF-LoRa-SF7-32 pktSize=32 rx=0 unique=0 lost=20 per=100.0 rssi_avg=0 rssi_min=0 crc_err=0 garbage=0 tx_lat=0.00000 tx_lon=0.00000 sats=0 fix=0 utc=0 tx_fw=none rx_fw=unknown
PHASE_GUARD 500
LORA_CFG path=0 bw=0x05 sf=7
PHASE_START 29 LF-LoRa-SF7-64 pktSize=64
2026-07-26T14:33:50.026851+00:00 PHASE_RESULT 29 LF-LoRa-SF7-64 pktSize=64 rx=0 unique=0 lost=20 per=100.0 rssi_avg=0 rssi_min=0 crc_err=0 garbage=0 tx_lat=0.00000 tx_lon=0.00000 sats=0 fix=0 utc=0 tx_fw=none rx_fw=unknown
PHASE_GUARD 500
LORA_CFG path=0 bw=0x05 sf=7
PHASE_START 30 LF-LoRa-SF7-128 pktSize=128
2026-07-26T14:33:54.196242+00:00 PHASE_RESULT 30 LF-LoRa-SF7-128 pktSize=128 rx=0 unique=0 lost=13 per=100.0 rssi_avg=0 rssi_min=0 crc_err=0 garbage=0 tx_lat=0.00000 tx_lon=0.00000 sats=0 fix=0 utc=0 tx_fw=none rx_fw=unknown
PHASE_GUARD 500
LORA_CFG path=0 bw=0x05 sf=7
PHASE_START 31 LF-LoRa-SF7-255 pktSize=255
TIME_SYNCED utc=1785076433 offset=1785062472
2026-07-26T14:33:55.212893+00:00 TIME_SYNCED utc=1785076434 offset=1785062473
2026-07-26T14:33:57.275976+00:00 PHASE_RESULT 31 LF-LoRa-SF7-255 pktSize=255 rx=0 unique=0 lost=7 per=100.0 rssi_avg=0 rssi_min=0 crc_err=0 garbage=0 tx_lat=0.00000 tx_lon=0.00000 sats=0 fix=0 utc=0 tx_fw=none rx_fw=unknown
PHASE_GUARD 500
LORA_CFG path=0 bw=0x05 sf=9
PHASE_START 32 LF-LoRa-SF9-32 pktSize=32
2026-07-26T14:34:01.449314+00:00 PHASE_RESULT 32 LF-LoRa-SF9-32 pktSize=32 rx=0 unique=0 lost=7 per=100.0 rssi_avg=0 rssi_min=0 crc_err=0 garbage=0 tx_lat=0.00000 tx_lon=0.00000 sats=0 fix=0 utc=0 tx_fw=none rx_fw=unknown
PHASE_GUARD 500
LORA_CFG path=0 bw=0x05 sf=9
PHASE_START 33 LF-LoRa-SF9-64 pktSize=64
2026-07-26T14:34:04.565293+00:00 PHASE_RESULT 33 LF-LoRa-SF9-64 pktSize=64 rx=0 unique=0 lost=3 per=100.0 rssi_avg=0 rssi_min=0 crc_err=0 garbage=0 tx_lat=0.00000 tx_lon=0.00000 sats=0 fix=0 utc=0 tx_fw=none rx_fw=unknown
PHASE_GUARD 500
LORA_CFG path=0 bw=0x05 sf=9
PHASE_START 34 LF-LoRa-SF9-128 pktSize=128
TIME_SYNCED utc=1785076443 offset=1785062472
PHASE_RESULT 34 LF-LoRa-SF9-128 pktSize=128 rx=0 unique=0 lost=1 per=100.0 rssi_avg=0 rssi_min=0 crc_err=0 garbage=0 tx_lat=0.00000 tx_lon=0.00000 sats=0 fix=0 utc=0 tx_fw=none rx_fw=unknown
PHASE_GUARD 500
LORA_CFG path=0 bw=0x05 sf=9
PHASE_START 33 LF-LoRa-SF9-64 pktSize=64
2026-07-26T14:34:05.582510+00:00 TIME_SYNCED utc=1785076444 offset=1785062473
PHASE_RESULT 33 LF-LoRa-SF9-64 pktSize=64 rx=0 unique=0 lost=3 per=100.0 rssi_avg=0 rssi_min=0 crc_err=0 garbage=0 tx_lat=0.00000 tx_lon=0.00000 sats=0 fix=0 utc=0 tx_fw=none rx_fw=unknown
PHASE_GUARD 500
LORA_CFG path=0 bw=0x05 sf=9
PHASE_START 34 LF-LoRa-SF9-128 pktSize=128
2026-07-26T14:34:06.594253+00:00 PHASE_RESULT 34 LF-LoRa-SF9-128 pktSize=128 rx=0 unique=0 lost=1 per=100.0 rssi_avg=0 rssi_min=0 crc_err=0 garbage=0 tx_lat=0.00000 tx_lon=0.00000 sats=0 fix=0 utc=0 tx_fw=none rx_fw=unknown
PHASE_GUARD 500
LORA_CFG path=0 bw=0x05 sf=9
PHASE_START 35 LF-LoRa-SF9-255 pktSize=255
2026-07-26T14:34:09.711815+00:00 PHASE_RESULT 35 LF-LoRa-SF9-255 pktSize=255 rx=0 unique=0 lost=1 per=100.0 rssi_avg=0 rssi_min=0 crc_err=0 garbage=0 tx_lat=0.00000 tx_lon=0.00000 sats=0 fix=0 utc=0 tx_fw=none rx_fw=unknown
PHASE_GUARD 500
LORA_CFG path=0 bw=0x05 sf=12
2026-07-26T14:34:10.726262+00:00 PHASE_START 36 LF-LoRa-SF12-32 pktSize=32
2026-07-26T14:34:13.839395+00:00 TIME_SYNCED utc=1785076453 offset=1785062472
2026-07-26T14:34:15.909352+00:00 TIME_SYNCED utc=1785076454 offset=1785062472
2026-07-26T14:34:24.282010+00:00 TIME_SYNCED utc=1785076463 offset=1785062472
2026-07-26T14:34:26.351285+00:00 TIME_SYNCED utc=1785076465 offset=1785062473
PHASE_RESULT 36 LF-LoRa-SF12-32 pktSize=32 rx=0 unique=0 lost=1 per=100.0 rssi_avg=0 rssi_min=0 crc_err=0 garbage=0 tx_lat=0.00000 tx_lon=0.00000 sats=0 fix=0 utc=0 tx_fw=none rx_fw=unknown
PHASE_GUARD 500
LORA_CFG path=0 bw=0x05 sf=12
PHASE_START 37 LF-LoRa-SF12-SKIP SKIP pktSize=64
PHASE_RESULT 37 LF-LoRa-SF12-SKIP pktSize=64 rx=0 unique=0 lost=0 per=0.0 rssi_avg=0 rssi_min=0 crc_err=0 garbage=0 tx_lat=0.00000 tx_lon=0.00000 sats=0 fix=0 utc=0 tx_fw=none rx_fw=unknown
PHASE_GUARD 500
LORA_CFG path=0 bw=0x05 sf=12
PHASE_START 38 LF-LoRa-SF12-SKIP SKIP pktSize=128
2026-07-26T14:34:27.364358+00:00 PHASE_RESULT 38 LF-LoRa-SF12-SKIP pktSize=128 rx=0 unique=0 lost=0 per=0.0 rssi_avg=0 rssi_min=0 crc_err=0 garbage=0 tx_lat=0.00000 tx_lon=0.00000 sats=0 fix=0 utc=0 tx_fw=none rx_fw=unknown
PHASE_GUARD 500
LORA_CFG path=0 bw=0x05 sf=12
PHASE_START 39 LF-LoRa-SF12-SKIP SKIP pktSize=255
2026-07-26T14:34:28.380198+00:00 PHASE_RESULT 39 LF-LoRa-SF12-SKIP pktSize=255 rx=0 unique=0 lost=0 per=0.0 rssi_avg=0 rssi_min=0 crc_err=0 garbage=0 tx_lat=0.00000 tx_lon=0.00000 sats=0 fix=0 utc=0 tx_fw=none rx_fw=unknown
PHASE_GUARD 500
PHASE_START 40 LF-FLRC-2600-32 pktSize=32
2026-07-26T14:34:30.443437+00:00 PHASE_RESULT 40 LF-FLRC-2600-32 pktSize=32 rx=0 unique=0 lost=100 per=100.0 rssi_avg=0 rssi_min=0 crc_err=0 garbage=0 tx_lat=0.00000 tx_lon=0.00000 sats=0 fix=0 utc=0 tx_fw=none rx_fw=unknown
PHASE_GUARD 500
PHASE_START 41 LF-FLRC-2600-64 pktSize=64
SYNC_NOT_FOUND first4=D12CC439
2026-07-26T14:34:31.460941+00:00 SYNC_NOT_FOUND first4=96C94A4C
2026-07-26T14:34:32.472353+00:00 PHASE_RESULT 41 LF-FLRC-2600-64 pktSize=64 rx=0 unique=0 lost=100 per=100.0 rssi_avg=0 rssi_min=0 crc_err=0 garbage=2 tx_lat=0.00000 tx_lon=0.00000 sats=0 fix=0 utc=0 tx_fw=none rx_fw=unknown
PHASE_GUARD 500
PHASE_START 42 LF-FLRC-2600-128 pktSize=128
2026-07-26T14:34:34.539613+00:00 PHASE_RESULT 42 LF-FLRC-2600-128 pktSize=128 rx=0 unique=0 lost=100 per=100.0 rssi_avg=0 rssi_min=0 crc_err=0 garbage=0 tx_lat=0.00000 tx_lon=0.00000 sats=0 fix=0 utc=0 tx_fw=none rx_fw=unknown
PHASE_GUARD 500
PHASE_START 43 LF-FLRC-2600-255 pktSize=255
SYNC_NOT_FOUND first4=AF78A20F
TIME_SYNCED utc=1785076473 offset=1785062472
PHASE_RESULT 43 LF-FLRC-2600-255 pktSize=255 rx=0 unique=0 lost=100 per=100.0 rssi_avg=0 rssi_min=0 crc_err=0 garbage=1 tx_lat=0.00000 tx_lon=0.00000 sats=0 fix=0 utc=0 tx_fw=none rx_fw=unknown
PHASE_GUARD 500
PHASE_START 42 LF-FLRC-2600-128 pktSize=128
SYNC_NOT_FOUND first4=D27D2CDC
2026-07-26T14:34:35.559356+00:00 PHASE_RESULT 42 LF-FLRC-2600-128 pktSize=128 rx=0 unique=0 lost=100 per=100.0 rssi_avg=0 rssi_min=0 crc_err=0 garbage=1 tx_lat=0.00000 tx_lon=0.00000 sats=0 fix=0 utc=0 tx_fw=none rx_fw=unknown
PHASE_GUARD 500
PHASE_START 43 LF-FLRC-2600-255 pktSize=255
2026-07-26T14:34:36.565359+00:00 TIME_SYNCED utc=1785076475 offset=1785062473
PHASE_RESULT 43 LF-FLRC-2600-255 pktSize=255 rx=0 unique=0 lost=100 per=100.0 rssi_avg=0 rssi_min=0 crc_err=0 garbage=0 tx_lat=0.00000 tx_lon=0.00000 sats=0 fix=0 utc=0 tx_fw=none rx_fw=unknown
PHASE_GUARD 500
PHASE_START 44 LF-FLRC-1300-32 pktSize=32
2026-07-26T14:34:38.626333+00:00 PHASE_RESULT 44 LF-FLRC-1300-32 pktSize=32 rx=0 unique=0 lost=100 per=100.0 rssi_avg=0 rssi_min=0 crc_err=0 garbage=0 tx_lat=0.00000 tx_lon=0.00000 sats=0 fix=0 utc=0 tx_fw=none rx_fw=unknown
PHASE_GUARD 500
PHASE_START 45 LF-FLRC-1300-64 pktSize=64
2026-07-26T14:34:39.644963+00:00 PHASE_RESULT 45 LF-FLRC-1300-64 pktSize=64 rx=0 unique=0 lost=100 per=100.0 rssi_avg=0 rssi_min=0 crc_err=0 garbage=0 tx_lat=0.00000 tx_lon=0.00000 sats=0 fix=0 utc=0 tx_fw=none rx_fw=unknown
PHASE_GUARD 500
2026-07-26T14:34:40.663774+00:00 PHASE_START 46 LF-FLRC-1300-128 pktSize=128
2026-07-26T14:34:41.676436+00:00 PHASE_RESULT 46 LF-FLRC-1300-128 pktSize=128 rx=0 unique=0 lost=100 per=100.0 rssi_avg=0 rssi_min=0 crc_err=0 garbage=0 tx_lat=0.00000 tx_lon=0.00000 sats=0 fix=0 utc=0 tx_fw=none rx_fw=unknown
PHASE_GUARD 500
2026-07-26T14:34:42.687286+00:00 PHASE_START 47 LF-FLRC-1300-255 pktSize=255
2026-07-26T14:34:43.702737+00:00 PHASE_RESULT 47 LF-FLRC-1300-255 pktSize=255 rx=0 unique=0 lost=100 per=100.0 rssi_avg=0 rssi_min=0 crc_err=0 garbage=0 tx_lat=0.00000 tx_lon=0.00000 sats=0 fix=0 utc=0 tx_fw=none rx_fw=unknown
PHASE_GUARD 500
2026-07-26T14:34:44.714116+00:00 PHASE_START 48 LF-FLRC-650-32 pktSize=32
TIME_SYNCED utc=1785076483 offset=1785062472
PHASE_RESULT 48 LF-FLRC-650-32 pktSize=32 rx=0 unique=0 lost=100 per=100.0 rssi_avg=0 rssi_min=0 crc_err=0 garbage=0 tx_lat=0.00000 tx_lon=0.00000 sats=0 fix=0 utc=0 tx_fw=none rx_fw=unknown
PHASE_GUARD 500
PHASE_START 47 LF-FLRC-1300-255 pktSize=255
SYNC_NOT_FOUND first4=01668C75
PHASE_RESULT 47 LF-FLRC-1300-255 pktSize=255 rx=0 unique=0 lost=100 per=100.0 rssi_avg=0 rssi_min=0 crc_err=0 garbage=1 tx_lat=0.00000 tx_lon=0.00000 sats=0 fix=0 utc=0 tx_fw=none rx_fw=unknown
PHASE_GUARD 500
2026-07-26T14:34:45.734684+00:00 PHASE_START 48 LF-FLRC-650-32 pktSize=32
SYNC_NOT_FOUND first4=4BE5737E
SYNC_NOT_FOUND first4=5A0F88F2
2026-07-26T14:34:46.746018+00:00 TIME_SYNCED utc=1785076485 offset=1785062472
SYNC_NOT_FOUND first4=7C1C3190
PHASE_RESULT 48 LF-FLRC-650-32 pktSize=32 rx=0 unique=0 lost=100 per=100.0 rssi_avg=0 rssi_min=0 crc_err=0 garbage=3 tx_lat=0.00000 tx_lon=0.00000 sats=0 fix=0 utc=0 tx_fw=none rx_fw=unknown
PHASE_GUARD 500
2026-07-26T14:34:47.758247+00:00 PHASE_START 49 LF-FLRC-650-64 pktSize=64
2026-07-26T14:34:48.777791+00:00 SYNC_NOT_FOUND first4=406D1230
SYNC_NOT_FOUND first4=4EA8B723
SYNC_NOT_FOUND first4=1F1637E9
PHASE_RESULT 49 LF-FLRC-650-64 pktSize=64 rx=0 unique=0 lost=100 per=100.0 rssi_avg=0 rssi_min=0 crc_err=0 garbage=3 tx_lat=0.00000 tx_lon=0.00000 sats=0 fix=0 utc=0 tx_fw=none rx_fw=unknown
PHASE_GUARD 500
PHASE_START 50 LF-FLRC-650-128 pktSize=128
2026-07-26T14:34:49.792243+00:00 SYNC_NOT_FOUND first4=8555019B
SYNC_NOT_FOUND first4=D0FDCC2C
2026-07-26T14:34:50.808561+00:00 SYNC_NOT_FOUND first4=C54F3903
PHASE_RESULT 50 LF-FLRC-650-128 pktSize=128 rx=0 unique=0 lost=100 per=100.0 rssi_avg=0 rssi_min=0 crc_err=0 garbage=3 tx_lat=0.00000 tx_lon=0.00000 sats=0 fix=0 utc=0 tx_fw=none rx_fw=unknown
PHASE_GUARD 500
PHASE_START 51 LF-FLRC-650-255 pktSize=255
2026-07-26T14:34:51.819815+00:00 SYNC_NOT_FOUND first4=9CB717E0
SYNC_NOT_FOUND first4=1AFB0FD5
2026-07-26T14:34:52.830858+00:00 PHASE_RESULT 51 LF-FLRC-650-255 pktSize=255 rx=0 unique=0 lost=100 per=100.0 rssi_avg=0 rssi_min=0 crc_err=0 garbage=2 tx_lat=0.00000 tx_lon=0.00000 sats=0 fix=0 utc=0 tx_fw=none rx_fw=unknown
PHASE_GUARD 500
PHASE_START 52 LF-FLRC-325-32 pktSize=32
2026-07-26T14:34:54.895790+00:00 TIME_SYNCED utc=1785076493 offset=1785062472
PHASE_RESULT 52 LF-FLRC-325-32 pktSize=32 rx=0 unique=0 lost=100 per=100.0 rssi_avg=0 rssi_min=0 crc_err=0 garbage=0 tx_lat=0.00000 tx_lon=0.00000 sats=0 fix=0 utc=0 tx_fw=none rx_fw=unknown
PHASE_GUARD 500
PHASE_START 53 LF-FLRC-325-64 pktSize=64
2026-07-26T14:34:56.963743+00:00 TIME_SYNCED utc=1785076495 offset=1785062472
PHASE_RESULT 53 LF-FLRC-325-64 pktSize=64 rx=0 unique=0 lost=100 per=100.0 rssi_avg=0 rssi_min=0 crc_err=0 garbage=0 tx_lat=0.00000 tx_lon=0.00000 sats=0 fix=0 utc=0 tx_fw=none rx_fw=unknown
PHASE_GUARD 500
PHASE_START 54 LF-FLRC-325-128 pktSize=128
2026-07-26T14:34:59.033500+00:00 PHASE_RESULT 54 LF-FLRC-325-128 pktSize=128 rx=0 unique=0 lost=100 per=100.0 rssi_avg=0 rssi_min=0 crc_err=0 garbage=0 tx_lat=0.00000 tx_lon=0.00000 sats=0 fix=0 utc=0 tx_fw=none rx_fw=unknown
PHASE_GUARD 500
PHASE_START 55 LF-FLRC-325-255 pktSize=255
2026-07-26T14:35:01.103887+00:00 PHASE_RESULT 55 LF-FLRC-325-255 pktSize=255 rx=0 unique=0 lost=100 per=100.0 rssi_avg=0 rssi_min=0 crc_err=0 garbage=0 tx_lat=0.00000 tx_lon=0.00000 sats=0 fix=0 utc=0 tx_fw=none rx_fw=unknown
PHASE_GUARD 500
LORA_CFG path=1 bw=0x0F sf=7
PHASE_START 0 HF-LoRa-SF7-32 pktSize=32
2026-07-26T14:35:03.165362+00:00 PHASE_RESULT 0 HF-LoRa-SF7-32 pktSize=32 rx=0 unique=0 lost=20 per=100.0 rssi_avg=0 rssi_min=0 crc_err=0 garbage=0 tx_lat=0.00000 tx_lon=0.00000 sats=0 fix=0 utc=0 tx_fw=none rx_fw=unknown
PHASE_GUARD 500
LORA_CFG path=1 bw=0x0F sf=7
PHASE_START 1 HF-LoRa-SF7-64 pktSize=64
2026-07-26T14:35:04.180154+00:00 TIME_SYNCED utc=1785076503 offset=1785062472
2026-07-26T14:35:05.191946+00:00 PHASE_RESULT 1 HF-LoRa-SF7-64 pktSize=64 rx=0 unique=0 lost=20 per=100.0 rssi_avg=0 rssi_min=0 crc_err=0 garbage=0 tx_lat=0.00000 tx_lon=0.00000 sats=0 fix=0 utc=0 tx_fw=none rx_fw=unknown
PHASE_GUARD 500
LORA_CFG path=1 bw=0x0F sf=7
PHASE_START 2 HF-LoRa-SF7-128 pktSize=128
2026-07-26T14:35:07.262293+00:00 TIME_SYNCED utc=1785076506 offset=1785062473
PHASE_RESULT 2 HF-LoRa-SF7-128 pktSize=128 rx=0 unique=0 lost=20 per=100.0 rssi_avg=0 rssi_min=0 crc_err=0 garbage=0 tx_lat=0.00000 tx_lon=0.00000 sats=0 fix=0 utc=0 tx_fw=none rx_fw=unknown
PHASE_GUARD 500
LORA_CFG path=1 bw=0x0F sf=7
PHASE_START 3 HF-LoRa-SF7-255 pktSize=255
2026-07-26T14:35:09.324323+00:00 PHASE_RESULT 3 HF-LoRa-SF7-255 pktSize=255 rx=0 unique=0 lost=20 per=100.0 rssi_avg=0 rssi_min=0 crc_err=0 garbage=0 tx_lat=0.00000 tx_lon=0.00000 sats=0 fix=0 utc=0 tx_fw=none rx_fw=unknown
PHASE_GUARD 500
LORA_CFG path=1 bw=0x0F sf=9
PHASE_START 4 HF-LoRa-SF9-32 pktSize=32
2026-07-26T14:35:11.400158+00:00 PHASE_RESULT 4 HF-LoRa-SF9-32 pktSize=32 rx=0 unique=0 lost=20 per=100.0 rssi_avg=0 rssi_min=0 crc_err=0 garbage=0 tx_lat=0.00000 tx_lon=0.00000 sats=0 fix=0 utc=0 tx_fw=none rx_fw=unknown
PHASE_GUARD 500
LORA_CFG path=1 bw=0x0F sf=9
PHASE_START 5 HF-LoRa-SF9-64 pktSize=64
2026-07-26T14:35:14.520971+00:00 PHASE_RESULT 5 HF-LoRa-SF9-64 pktSize=64 rx=0 unique=0 lost=20 per=100.0 rssi_avg=0 rssi_min=0 crc_err=0 garbage=0 tx_lat=0.00000 tx_lon=0.00000 sats=0 fix=0 utc=0 tx_fw=none rx_fw=unknown
PHASE_GUARD 500
LORA_CFG path=1 bw=0x0F sf=9
PHASE_START 6 HF-LoRa-SF9-128 pktSize=128
TIME_SYNCED utc=1785076513 offset=1785062472
PHASE_RESULT 6 HF-LoRa-SF9-128 pktSize=128 rx=0 unique=0 lost=13 per=100.0 rssi_avg=0 rssi_min=0 crc_err=0 garbage=0 tx_lat=0.00000 tx_lon=0.00000 sats=0 fix=0 utc=0 tx_fw=none rx_fw=unknown
PHASE_GUARD 500
LORA_CFG path=1 bw=0x0F sf=9
PHASE_START 5 HF-LoRa-SF9-64 pktSize=64
2026-07-26T14:35:15.537292+00:00 PHASE_RESULT 5 HF-LoRa-SF9-64 pktSize=64 rx=0 unique=0 lost=20 per=100.0 rssi_avg=0 rssi_min=0 crc_err=0 garbage=0 tx_lat=0.00000 tx_lon=0.00000 sats=0 fix=0 utc=0 tx_fw=none rx_fw=unknown
PHASE_GUARD 500
LORA_CFG path=1 bw=0x0F sf=9
PHASE_START 6 HF-LoRa-SF9-128 pktSize=128
2026-07-26T14:35:17.606002+00:00 TIME_SYNCED utc=1785076516 offset=1785062472
2026-07-26T14:35:18.616822+00:00 PHASE_RESULT 6 HF-LoRa-SF9-128 pktSize=128 rx=0 unique=0 lost=13 per=100.0 rssi_avg=0 rssi_min=0 crc_err=0 garbage=0 tx_lat=0.00000 tx_lon=0.00000 sats=0 fix=0 utc=0 tx_fw=none rx_fw=unknown
PHASE_GUARD 500
2026-07-26T14:35:19.635817+00:00 LORA_CFG path=1 bw=0x0F sf=9
PHASE_START 7 HF-LoRa-SF9-255 pktSize=255
2026-07-26T14:35:21.697954+00:00 PHASE_RESULT 7 HF-LoRa-SF9-255 pktSize=255 rx=0 unique=0 lost=6 per=100.0 rssi_avg=0 rssi_min=0 crc_err=0 garbage=0 tx_lat=0.00000 tx_lon=0.00000 sats=0 fix=0 utc=0 tx_fw=none rx_fw=unknown
PHASE_GUARD 500
LORA_CFG path=1 bw=0x0F sf=12
2026-07-26T14:35:22.721075+00:00 PHASE_START 8 HF-LoRa-SF12-32 pktSize=32
2026-07-26T14:35:24.783460+00:00 TIME_SYNCED utc=1785076523 offset=1785062472
PHASE_RESULT 8 HF-LoRa-SF12-32 pktSize=32 rx=0 unique=0 lost=2 per=100.0 rssi_avg=0 rssi_min=0 crc_err=0 garbage=0 tx_lat=0.00000 tx_lon=0.00000 sats=0 fix=0 utc=0 tx_fw=none rx_fw=unknown
PHASE_GUARD 500
LORA_CFG path=1 bw=0x0F sf=12
PHASE_START 9 HF-LoRa-SF12-64 pktSize=64
2026-07-26T14:35:27.895629+00:00 TIME_SYNCED utc=1785076526 offset=1785062472
PHASE_RESULT 9 HF-LoRa-SF12-64 pktSize=64 rx=0 unique=0 lost=1 per=100.0 rssi_avg=0 rssi_min=0 crc_err=0 garbage=0 tx_lat=0.00000 tx_lon=0.00000 sats=0 fix=0 utc=0 tx_fw=none rx_fw=unknown
PHASE_GUARD 500
LORA_CFG path=1 bw=0x0F sf=12
PHASE_START 10 HF-LoRa-SF12-128 pktSize=128
2026-07-26T14:35:33.111583+00:00 PHASE_RESULT 10 HF-LoRa-SF12-128 pktSize=128 rx=0 unique=0 lost=1 per=100.0 rssi_avg=0 rssi_min=0 crc_err=0 garbage=0 tx_lat=0.00000 tx_lon=0.00000 sats=0 fix=0 utc=0 tx_fw=none rx_fw=unknown
PHASE_GUARD 500
LORA_CFG path=1 bw=0x0F sf=12
PHASE_START 11 HF-LoRa-SF12-255 pktSize=255
2026-07-26T14:35:34.135882+00:00 TIME_SYNCED utc=1785076533 offset=1785062472
2026-07-26T14:35:38.304283+00:00 TIME_SYNCED utc=1785076537 offset=1785062473
2026-07-26T14:35:42.474634+00:00 PHASE_RESULT 11 HF-LoRa-SF12-255 pktSize=255 rx=0 unique=0 lost=1 per=100.0 rssi_avg=0 rssi_min=0 crc_err=0 garbage=0 tx_lat=0.00000 tx_lon=0.00000 sats=0 fix=0 utc=0 tx_fw=none rx_fw=unknown
PHASE_GUARD 500
PHASE_START 12 HF-FLRC-2600-32 pktSize=32
SYNC_NOT_FOUND first4=D3B88CE6
SYNC_NOT_FOUND first4=F939E7EB
SYNC_NOT_FOUND first4=674441C1
SYNC_NOT_FOUND first4=5D861E81
SYNC_NOT_FOUND first4=4B24146B
SYNC_NOT_FOUND first4=54A93FD2
2026-07-26T14:35:43.495147+00:00 SYNC_NOT_FOUND first4=4AFE4D95
SYNC_NOT_FOUND first4=83FB7C0A
SYNC_NOT_FOUND first4=43FF56EF
SYNC_NOT_FOUND first4=82DD3FB7
SYNC_NOT_FOUND first4=271D7428
SYNC_NOT_FOUND first4=C9C2CC3D
SYNC_NOT_FOUND first4=DE891342
SYNC_NOT_FOUND first4=A7FF22DC
SYNC_NOT_FOUND first4=84EB7040
SYNC_NOT_FOUND first4=3526CBC1
SYNC_NOT_FOUND first4=868CF61B
SYNC_NOT_FOUND first4=BFBA4212
SYNC_NOT_FOUND first4=2F1A0639
2026-07-26T14:35:44.510503+00:00 PHASE_RESULT 12 HF-FLRC-2600-32 pktSize=32 rx=0 unique=0 lost=100 per=100.0 rssi_avg=0 rssi_min=0 crc_err=0 garbage=19 tx_lat=0.00000 tx_lon=0.00000 sats=0 fix=0 utc=0 tx_fw=none rx_fw=unknown
PHASE_GUARD 500
PHASE_START 13 HF-FLRC-2600-64 pktSize=64
TIME_SYNCED utc=1785076543 offset=1785062472
PHASE_RESULT 13 HF-FLRC-2600-64 pktSize=64 rx=0 unique=0 lost=100 per=100.0 rssi_avg=0 rssi_min=0 crc_err=0 garbage=0 tx_lat=0.00000 tx_lon=0.00000 sats=0 fix=0 utc=0 tx_fw=none rx_fw=unknown
PHASE_GUARD 500
PHASE_START 12 HF-FLRC-2600-32 pktSize=32
SYNC_NOT_FOUND first4=5A8E93C6
SYNC_NOT_FOUND first4=DB558654
SYNC_NOT_FOUND first4=4FC85E11
2026-07-26T14:35:45.528664+00:00 SYNC_NOT_FOUND first4=0A1AE27F
PHASE_RESULT 12 HF-FLRC-2600-32 pktSize=32 rx=0 unique=0 lost=100 per=100.0 rssi_avg=0 rssi_min=0 crc_err=0 garbage=4 tx_lat=0.00000 tx_lon=0.00000 sats=0 fix=0 utc=0 tx_fw=none rx_fw=unknown
PHASE_GUARD 500
PHASE_START 13 HF-FLRC-2600-64 pktSize=64
SYNC_NOT_FOUND first4=E8B83C67
SYNC_NOT_FOUND first4=640BABAD
SYNC_NOT_FOUND first4=743D8CEB
SYNC_NOT_FOUND first4=64E4ED68
SYNC_NOT_FOUND first4=AD2CFB18
2026-07-26T14:35:46.539698+00:00 SYNC_NOT_FOUND first4=3951F4A8
SYNC_NOT_FOUND first4=B4223A31
SYNC_NOT_FOUND first4=FDB61BD2
SYNC_NOT_FOUND first4=C6036EDC
SYNC_NOT_FOUND first4=BEBEDE29
SYNC_NOT_FOUND first4=87404709
2026-07-26T14:35:47.553333+00:00 PHASE_RESULT 13 HF-FLRC-2600-64 pktSize=64 rx=0 unique=0 lost=100 per=100.0 rssi_avg=0 rssi_min=0 crc_err=0 garbage=11 tx_lat=0.00000 tx_lon=0.00000 sats=0 fix=0 utc=0 tx_fw=none rx_fw=unknown
PHASE_GUARD 500
PHASE_START 14 HF-FLRC-2600-128 pktSize=128
SYNC_NOT_FOUND first4=2A8710A4
SYNC_NOT_FOUND first4=39D032B9
SYNC_NOT_FOUND first4=E193839F
SYNC_NOT_FOUND first4=1ABC84F7
SYNC_NOT_FOUND first4=A454DBA0
SYNC_NOT_FOUND first4=50D28C6D
2026-07-26T14:35:48.566778+00:00 TIME_SYNCED utc=1785076547 offset=1785062473
PHASE_RESULT 14 HF-FLRC-2600-128 pktSize=128 rx=0 unique=0 lost=100 per=100.0 rssi_avg=0 rssi_min=0 crc_err=0 garbage=6 tx_lat=0.00000 tx_lon=0.00000 sats=0 fix=0 utc=0 tx_fw=none rx_fw=unknown
PHASE_GUARD 500
PHASE_START 15 HF-FLRC-2600-255 pktSize=255
SYNC_NOT_FOUND first4=1CFD2216
SYNC_NOT_FOUND first4=D1BB011E
SYNC_NOT_FOUND first4=05B823C0
SYNC_NOT_FOUND first4=3E8CDFE3
SYNC_NOT_FOUND first4=A83D2175
SYNC_NOT_FOUND first4=BB03D61E
2026-07-26T14:35:49.578092+00:00 SYNC_NOT_FOUND first4=EA2C66B2
SYNC_NOT_FOUND first4=4EA13ACA
SYNC_NOT_FOUND first4=84474C5E
SYNC_NOT_FOUND first4=5B88148E
SYNC_NOT_FOUND first4=3E4E80F0
2026-07-26T14:35:50.597953+00:00 PHASE_RESULT 15 HF-FLRC-2600-255 pktSize=255 rx=0 unique=0 lost=100 per=100.0 rssi_avg=0 rssi_min=0 crc_err=0 garbage=11 tx_lat=0.00000 tx_lon=0.00000 sats=0 fix=0 utc=0 tx_fw=none rx_fw=unknown
PHASE_GUARD 500
PHASE_START 16 HF-FLRC-1300-32 pktSize=32
SYNC_NOT_FOUND first4=D517C729
SYNC_NOT_FOUND first4=7430436E
SYNC_NOT_FOUND first4=EE1516A1
2026-07-26T14:35:51.609023+00:00 SYNC_NOT_FOUND first4=A25DDDB1
SYNC_NOT_FOUND first4=33BB716E
SYNC_NOT_FOUND first4=F6E18241
SYNC_NOT_FOUND first4=A4FB7656
SYNC_NOT_FOUND first4=886FF875
SYNC_NOT_FOUND first4=E9D489E8
SYNC_NOT_FOUND first4=47F46AAE
SYNC_NOT_FOUND first4=DBD446B2
PHASE_RESULT 16 HF-FLRC-1300-32 pktSize=32 rx=0 unique=0 lost=100 per=100.0 rssi_avg=0 rssi_min=0 crc_err=0 garbage=11 tx_lat=0.00000 tx_lon=0.00000 sats=0 fix=0 utc=0 tx_fw=none rx_fw=unknown
PHASE_GUARD 500
2026-07-26T14:35:52.625661+00:00 PHASE_START 17 HF-FLRC-1300-64 pktSize=64
SYNC_NOT_FOUND first4=932CEDA8
SYNC_NOT_FOUND first4=3109C526
SYNC_NOT_FOUND first4=A1A246EB
SYNC_NOT_FOUND first4=886F846F
SYNC_NOT_FOUND first4=FADBA06D
SYNC_NOT_FOUND first4=74EB7B35
SYNC_NOT_FOUND first4=58706C14
SYNC_NOT_FOUND first4=A689A587
SYNC_NOT_FOUND first4=8CC4D87D
SYNC_NOT_FOUND first4=8A98DE99
2026-07-26T14:35:53.636781+00:00 SYNC_NOT_FOUND first4=C592580B
SYNC_NOT_FOUND first4=542E1A0D
SYNC_NOT_FOUND first4=44E88E18
SYNC_NOT_FOUND first4=B6BBFAB0
PHASE_RESULT 17 HF-FLRC-1300-64 pktSize=64 rx=0 unique=0 lost=100 per=100.0 rssi_avg=0 rssi_min=0 crc_err=0 garbage=14 tx_lat=0.00000 tx_lon=0.00000 sats=0 fix=0 utc=0 tx_fw=none rx_fw=unknown
PHASE_GUARD 500
2026-07-26T14:35:54.647934+00:00 PHASE_START 18 HF-FLRC-1300-128 pktSize=128
SYNC_NOT_FOUND first4=B1984489
TIME_SYNCED utc=1785076553 offset=1785062472
PHASE_RESULT 18 HF-FLRC-1300-128 pktSize=128 rx=0 unique=0 lost=100 per=100.0 rssi_avg=0 rssi_min=0 crc_err=0 garbage=1 tx_lat=0.00000 tx_lon=0.00000 sats=0 fix=0 utc=0 tx_fw=none rx_fw=unknown
PHASE_GUARD 500
PHASE_START 17 HF-FLRC-1300-64 pktSize=64
SYNC_NOT_FOUND first4=DE053C6B
PHASE_RESULT 17 HF-FLRC-1300-64 pktSize=64 rx=0 unique=0 lost=100 per=100.0 rssi_avg=0 rssi_min=0 crc_err=0 garbage=1 tx_lat=0.00000 tx_lon=0.00000 sats=0 fix=0 utc=0 tx_fw=none rx_fw=unknown
PHASE_GUARD 500
2026-07-26T14:35:55.664355+00:00 PHASE_START 18 HF-FLRC-1300-128 pktSize=128
2026-07-26T14:35:56.677409+00:00 SYNC_NOT_FOUND first4=04048505
PHASE_RESULT 18 HF-FLRC-1300-128 pktSize=128 rx=0 unique=0 lost=100 per=100.0 rssi_avg=0 rssi_min=0 crc_err=0 garbage=1 tx_lat=0.00000 tx_lon=0.00000 sats=0 fix=0 utc=0 tx_fw=none rx_fw=unknown
PHASE_GUARD 500
2026-07-26T14:35:57.693157+00:00 PHASE_START 19 HF-FLRC-1300-255 pktSize=255
SYNC_NOT_FOUND first4=FD5BC971
SYNC_NOT_FOUND first4=9CC4BF94
SYNC_NOT_FOUND first4=6BCCD899
SYNC_NOT_FOUND first4=39CBDD82
2026-07-26T14:35:58.704587+00:00 TIME_SYNCED utc=1785076557 offset=1785062472
SYNC_NOT_FOUND first4=897C1F1A
SYNC_NOT_FOUND first4=D63E5AB4
SYNC_NOT_FOUND first4=4E6CC231
SYNC_NOT_FOUND first4=DC57BC5C
SYNC_NOT_FOUND first4=BF2A051C
PHASE_RESULT 19 HF-FLRC-1300-255 pktSize=255 rx=0 unique=0 lost=100 per=100.0 rssi_avg=0 rssi_min=0 crc_err=0 garbage=9 tx_lat=0.00000 tx_lon=0.00000 sats=0 fix=0 utc=0 tx_fw=none rx_fw=unknown
PHASE_GUARD 500
2026-07-26T14:35:59.715980+00:00 PHASE_START 20 HF-FLRC-650-32 pktSize=32
SYNC_NOT_FOUND first4=23639B8B
SYNC_NOT_FOUND first4=97F45BAD
SYNC_NOT_FOUND first4=E145576C
SYNC_NOT_FOUND first4=B3CEC26F
SYNC_NOT_FOUND first4=1C558DEF
SYNC_NOT_FOUND first4=D8D25B86
SYNC_NOT_FOUND first4=29F088D2
SYNC_NOT_FOUND first4=C8FF2D2D
SYNC_NOT_FOUND first4=27D72BF4
SYNC_NOT_FOUND first4=908D5F2D
SYNC_NOT_FOUND first4=2D03CB52
SYNC_NOT_FOUND first4=C5A5DCA7
SYNC_NOT_FOUND first4=BD73B6CE
SYNC_NOT_FOUND first4=D542144A
SYNC_NOT_FOUND first4=CAE7EF65
SYNC_NOT_FOUND first4=EA31DBC9
SYNC_NOT_FOUND first4=07A9D3E4
SYNC_NOT_FOUND first4=CEBFB2A2
SYNC_NOT_FOUND first4=20DD6DFC
2026-07-26T14:36:00.731943+00:00 SYNC_NOT_FOUND first4=5F7DCFA0
SYNC_NOT_FOUND first4=441A4B58
SYNC_NOT_FOUND first4=E404C9B8
SYNC_NOT_FOUND first4=C2B3040B
SYNC_NOT_FOUND first4=542EF812
SYNC_NOT_FOUND first4=50AA1C64
SYNC_NOT_FOUND first4=81A8EFD3
SYNC_NOT_FOUND first4=308E7752
SYNC_NOT_FOUND first4=AED036A4
SYNC_NOT_FOUND first4=F6CA97B9
SYNC_NOT_FOUND first4=361E901F
SYNC_NOT_FOUND first4=00D3DD9C
SYNC_NOT_FOUND first4=AAD22DE3
SYNC_NOT_FOUND first4=00C12ACF
SYNC_NOT_FOUND first4=C85CE3A4
SYNC_NOT_FOUND first4=E0215B44
PHASE_RESULT 20 HF-FLRC-650-32 pktSize=32 rx=0 unique=0 lost=100 per=100.0 rssi_avg=0 rssi_min=0 crc_err=0 garbage=35 tx_lat=0.00000 tx_lon=0.00000 sats=0 fix=0 utc=0 tx_fw=none rx_fw=unknown
PHASE_GUARD 500
2026-07-26T14:36:01.748323+00:00 PHASE_START 21 HF-FLRC-650-64 pktSize=64
SYNC_NOT_FOUND first4=51B539F3
SYNC_NOT_FOUND first4=9D4E8C6A
SYNC_NOT_FOUND first4=2046A366
SYNC_NOT_FOUND first4=4290EAD4
SYNC_NOT_FOUND first4=93727150
SYNC_NOT_FOUND first4=05C6138D
SYNC_NOT_FOUND first4=CAF5FE6E
SYNC_NOT_FOUND first4=1D187497
SYNC_NOT_FOUND first4=BAF43B36
SYNC_NOT_FOUND first4=FEFECE53
SYNC_NOT_FOUND first4=8308C203
SYNC_NOT_FOUND first4=0CBC86E0
SYNC_NOT_FOUND first4=A362B489
SYNC_NOT_FOUND first4=602BCCF6
SYNC_NOT_FOUND first4=F80864F2
SYNC_NOT_FOUND first4=CF681588
2026-07-26T14:36:02.766455+00:00 SYNC_NOT_FOUND first4=E4D22C0C
SYNC_NOT_FOUND first4=43D1E989
SYNC_NOT_FOUND first4=D29E7311
SYNC_NOT_FOUND first4=C4F01352
SYNC_NOT_FOUND first4=1DE97EF6
SYNC_NOT_FOUND first4=1360CAFB
SYNC_NOT_FOUND first4=87DEA0F8
SYNC_NOT_FOUND first4=9C9714D8
SYNC_NOT_FOUND first4=D35B480C
SYNC_NOT_FOUND first4=D1701988
SYNC_NOT_FOUND first4=4001C836
SYNC_NOT_FOUND first4=4681462F
SYNC_NOT_FOUND first4=88879C52
PHASE_RESULT 21 HF-FLRC-650-64 pktSize=64 rx=0 unique=0 lost=100 per=100.0 rssi_avg=0 rssi_min=0 crc_err=0 garbage=29 tx_lat=0.00000 tx_lon=0.00000 sats=0 fix=0 utc=0 tx_fw=none rx_fw=unknown
PHASE_GUARD 500
PHASE_START 22 HF-FLRC-650-128 pktSize=128
SYNC_NOT_FOUND first4=F9EAA68D
2026-07-26T14:36:03.777412+00:00 SYNC_NOT_FOUND first4=E6C253E3
SYNC_NOT_FOUND first4=D002365A
SYNC_NOT_FOUND first4=23471A3D
SYNC_NOT_FOUND first4=ECC52865
SYNC_NOT_FOUND first4=5B731BFA
SYNC_NOT_FOUND first4=A14A9C88
SYNC_NOT_FOUND first4=75B1E867
SYNC_NOT_FOUND first4=8550211E
SYNC_NOT_FOUND first4=556D8267
SYNC_NOT_FOUND first4=50B1CA2A
SYNC_NOT_FOUND first4=C1FFD72E
SYNC_NOT_FOUND first4=17410EEB
SYNC_NOT_FOUND first4=CC5DAC8F
SYNC_NOT_FOUND first4=F0E32ACA
SYNC_NOT_FOUND first4=3C6FA941
SYNC_NOT_FOUND first4=C40B7FF4
2026-07-26T14:36:04.788568+00:00 SYNC_NOT_FOUND first4=9DC9CB09
SYNC_NOT_FOUND first4=8AA1AE71
SYNC_NOT_FOUND first4=E97D7DAC
SYNC_NOT_FOUND first4=4BF8861D
SYNC_NOT_FOUND first4=2D1D68E1
SYNC_NOT_FOUND first4=EC4DD65C
TIME_SYNCED utc=1785076563 offset=1785062472
SYNC_NOT_FOUND first4=92189B81
SYNC_NOT_FOUND first4=572D350A
SYNC_NOT_FOUND first4=F638AEFD
SYNC_NOT_FOUND first4=C4ACE3A9
SYNC_NOT_FOUND first4=965E1A75
SYNC_NOT_FOUND first4=0708DB71
SYNC_NOT_FOUND first4=AD42E88E
SYNC_NOT_FOUND first4=0D6EE2E7
SYNC_NOT_FOUND first4=9DF08FC8
PHASE_RESULT 22 HF-FLRC-650-128 pktSize=128 rx=0 unique=0 lost=100 per=100.0 rssi_avg=0 rssi_min=0 crc_err=0 garbage=32 tx_lat=0.00000 tx_lon=0.00000 sats=0 fix=0 utc=0 tx_fw=none rx_fw=unknown
PHASE_GUARD 500
PHASE_START 23 HF-FLRC-650-255 pktSize=255
SYNC_NOT_FOUND first4=EF97BA67
2026-07-26T14:36:05.805053+00:00 SYNC_NOT_FOUND first4=D3E9BABE
SYNC_NOT_FOUND first4=67CDA067
SYNC_NOT_FOUND first4=DDDAC2C9
SYNC_NOT_FOUND first4=D0694AE1
SYNC_NOT_FOUND first4=7F15757F
SYNC_NOT_FOUND first4=6EE9CB40
SYNC_NOT_FOUND first4=8E861549
SYNC_NOT_FOUND first4=FBBFB2EA
SYNC_NOT_FOUND first4=D8C70408
SYNC_NOT_FOUND first4=33D39093
SYNC_NOT_FOUND first4=DA65F9FA
SYNC_NOT_FOUND first4=DFB33030
2026-07-26T14:36:06.817471+00:00 SYNC_NOT_FOUND first4=318C55E6
SYNC_NOT_FOUND first4=EB0BD5E1
SYNC_NOT_FOUND first4=2D03A677
SYNC_NOT_FOUND first4=424E0F04
SYNC_NOT_FOUND first4=9D10E671
SYNC_NOT_FOUND first4=41C4E9D7
SYNC_NOT_FOUND first4=2A303D64
SYNC_NOT_FOUND first4=6A2C95DD
PHASE_RESULT 23 HF-FLRC-650-255 pktSize=255 rx=0 unique=0 lost=100 per=100.0 rssi_avg=0 rssi_min=0 crc_err=0 garbage=21 tx_lat=0.00000 tx_lon=0.00000 sats=0 fix=0 utc=0 tx_fw=none rx_fw=unknown
PHASE_GUARD 500
PHASE_START 24 HF-FLRC-325-32 pktSize=32
2026-07-26T14:36:07.833560+00:00 SYNC_NOT_FOUND first4=202E80CC
2026-07-26T14:36:08.844862+00:00 TIME_SYNCED utc=1785076567 offset=1785062472
PHASE_RESULT 24 HF-FLRC-325-32 pktSize=32 rx=0 unique=0 lost=100 per=100.0 rssi_avg=0 rssi_min=0 crc_err=0 garbage=1 tx_lat=0.00000 tx_lon=0.00000 sats=0 fix=0 utc=0 tx_fw=none rx_fw=unknown
PHASE_GUARD 500
PHASE_START 25 HF-FLRC-325-64 pktSize=64
SYNC_NOT_FOUND first4=F051FBFF
2026-07-26T14:36:09.848699+00:00 SYNC_NOT_FOUND first4=185C4118
SYNC_NOT_FOUND first4=A6EB5066
2026-07-26T14:36:10.866627+00:00 SYNC_NOT_FOUND first4=0BC7DAC5
PHASE_RESULT 25 HF-FLRC-325-64 pktSize=64 rx=0 unique=0 lost=100 per=100.0 rssi_avg=0 rssi_min=0 crc_err=0 garbage=4 tx_lat=0.00000 tx_lon=0.00000 sats=0 fix=0 utc=0 tx_fw=none rx_fw=unknown
PHASE_GUARD 500
PHASE_START 26 HF-FLRC-325-128 pktSize=128
SYNC_NOT_FOUND first4=47C6527C
2026-07-26T14:36:11.878296+00:00 SYNC_NOT_FOUND first4=13D8064B
SYNC_NOT_FOUND first4=62FD617D
2026-07-26T14:36:12.896653+00:00 SYNC_NOT_FOUND first4=A290D288
SYNC_NOT_FOUND first4=6938642F
SYNC_NOT_FOUND first4=F52C6AA5
PHASE_RESULT 26 HF-FLRC-325-128 pktSize=128 rx=0 unique=0 lost=100 per=100.0 rssi_avg=0 rssi_min=0 crc_err=0 garbage=6 tx_lat=0.00000 tx_lon=0.00000 sats=0 fix=0 utc=0 tx_fw=none rx_fw=unknown
PHASE_GUARD 500
PHASE_START 27 HF-FLRC-325-255 pktSize=255
SYNC_NOT_FOUND first4=661BF578
SYNC_NOT_FOUND first4=0A3ACF8F
2026-07-26T14:36:13.907438+00:00 SYNC_NOT_FOUND first4=91CE035F
SYNC_NOT_FOUND first4=B742E046
SYNC_NOT_FOUND first4=A0944465
2026-07-26T14:36:14.918633+00:00 TIME_SYNCED utc=1785076573 offset=1785062472
SYNC_NOT_FOUND first4=A3B24740
PHASE_RESULT 27 HF-FLRC-325-255 pktSize=255 rx=0 unique=0 lost=100 per=100.0 rssi_avg=0 rssi_min=0 crc_err=0 garbage=6 tx_lat=0.00000 tx_lon=0.00000 sats=0 fix=0 utc=0 tx_fw=none rx_fw=unknown
PHASE_GUARD 500
LORA_CFG path=0 bw=0x05 sf=7
PHASE_START 28 LF-LoRa-SF7-32 pktSize=32
2026-07-26T14:36:16.986514+00:00 PHASE_RESULT 28 LF-LoRa-SF7-32 pktSize=32 rx=0 unique=0 lost=20 per=100.0 rssi_avg=0 rssi_min=0 crc_err=0 garbage=0 tx_lat=0.00000 tx_lon=0.00000 sats=0 fix=0 utc=0 tx_fw=none rx_fw=unknown
PHASE_GUARD 500
LORA_CFG path=0 bw=0x05 sf=7
PHASE_START 29 LF-LoRa-SF7-64 pktSize=64
2026-07-26T14:36:19.054605+00:00 TIME_SYNCED utc=1785076578 offset=1785062473
PHASE_RESULT 29 LF-LoRa-SF7-64 pktSize=64 rx=0 unique=0 lost=20 per=100.0 rssi_avg=0 rssi_min=0 crc_err=0 garbage=0 tx_lat=0.00000 tx_lon=0.00000 sats=0 fix=0 utc=0 tx_fw=none rx_fw=unknown
PHASE_GUARD 500
LORA_CFG path=0 bw=0x05 sf=7
PHASE_START 30 LF-LoRa-SF7-128 pktSize=128
2026-07-26T14:36:23.219233+00:00 PHASE_RESULT 30 LF-LoRa-SF7-128 pktSize=128 rx=0 unique=0 lost=13 per=100.0 rssi_avg=0 rssi_min=0 crc_err=0 garbage=0 tx_lat=0.00000 tx_lon=0.00000 sats=0 fix=0 utc=0 tx_fw=none rx_fw=unknown
PHASE_GUARD 500
LORA_CFG path=0 bw=0x05 sf=7
PHASE_START 31 LF-LoRa-SF7-255 pktSize=255
2026-07-26T14:36:24.232705+00:00 TIME_SYNCED utc=1785076584 offset=1785062473
2026-07-26T14:36:27.349378+00:00 PHASE_RESULT 31 LF-LoRa-SF7-255 pktSize=255 rx=0 unique=0 lost=7 per=100.0 rssi_avg=0 rssi_min=0 crc_err=0 garbage=0 tx_lat=0.00000 tx_lon=0.00000 sats=0 fix=0 utc=0 tx_fw=none rx_fw=unknown
PHASE_GUARD 500
LORA_CFG path=0 bw=0x05 sf=9
PHASE_START 32 LF-LoRa-SF9-32 pktSize=32
2026-07-26T14:36:29.420353+00:00 TIME_SYNCED utc=1785076588 offset=1785062473
2026-07-26T14:36:31.483641+00:00 PHASE_RESULT 32 LF-LoRa-SF9-32 pktSize=32 rx=0 unique=0 lost=7 per=100.0 rssi_avg=0 rssi_min=0 crc_err=0 garbage=0 tx_lat=0.00000 tx_lon=0.00000 sats=0 fix=0 utc=0 tx_fw=none rx_fw=unknown
PHASE_GUARD 500
LORA_CFG path=0 bw=0x05 sf=9
PHASE_START 33 LF-LoRa-SF9-64 pktSize=64
2026-07-26T14:36:34.603356+00:00 PHASE_RESULT 33 LF-LoRa-SF9-64 pktSize=64 rx=0 unique=0 lost=3 per=100.0 rssi_avg=0 rssi_min=0 crc_err=0 garbage=0 tx_lat=0.00000 tx_lon=0.00000 sats=0 fix=0 utc=0 tx_fw=none rx_fw=unknown
PHASE_GUARD 500
LORA_CFG path=0 bw=0x05 sf=9
PHASE_START 34 LF-LoRa-SF9-128 pktSize=128
TIME_SYNCED utc=1785076594 offset=1785062473
2026-07-26T14:36:35.618823+00:00 PHASE_RESULT 34 LF-LoRa-SF9-128 pktSize=128 rx=0 unique=0 lost=1 per=100.0 rssi_avg=0 rssi_min=0 crc_err=0 garbage=0 tx_lat=0.00000 tx_lon=0.00000 sats=0 fix=0 utc=0 tx_fw=none rx_fw=unknown
PHASE_GUARD 500
2026-07-26T14:36:36.642848+00:00 LORA_CFG path=0 bw=0x05 sf=9
PHASE_START 35 LF-LoRa-SF9-255 pktSize=255
2026-07-26T14:36:39.757592+00:00 TIME_SYNCED utc=1785076598 offset=1785062472
2026-07-26T14:36:40.777112+00:00 PHASE_RESULT 35 LF-LoRa-SF9-255 pktSize=255 rx=0 unique=0 lost=1 per=100.0 rssi_avg=0 rssi_min=0 crc_err=0 garbage=0 tx_lat=0.00000 tx_lon=0.00000 sats=0 fix=0 utc=0 tx_fw=none rx_fw=unknown
PHASE_GUARD 500
LORA_CFG path=0 bw=0x05 sf=12
PHASE_START 36 LF-LoRa-SF12-32 pktSize=32
2026-07-26T14:36:44.952072+00:00 TIME_SYNCED utc=1785076604 offset=1785062473
2026-07-26T14:36:50.176239+00:00 TIME_SYNCED utc=1785076609 offset=1785062473
2026-07-26T14:36:54.333285+00:00 TIME_SYNCED utc=1785076614 offset=1785062473
2026-07-26T14:36:55.345217+00:00 PHASE_RESULT 36 LF-LoRa-SF12-32 pktSize=32 rx=0 unique=0 lost=1 per=100.0 rssi_avg=0 rssi_min=0 crc_err=0 garbage=0 tx_lat=0.00000 tx_lon=0.00000 sats=0 fix=0 utc=0 tx_fw=none rx_fw=unknown
PHASE_GUARD 500
LORA_CFG path=0 bw=0x05 sf=12
PHASE_START 37 LF-LoRa-SF12-SKIP SKIP pktSize=64
