# rx_capture segment start 2026-07-26T15:06:56.491034+00:00
# rotation=1800s
2026-07-26T15:06:56.491079+00:00 PHASE_RESULT 37 LF-LoRa-SF12-SKIP pktSize=64 rx=0 unique=0 lost=0 per=0.0 rssi_avg=0 rssi_min=0 crc_err=0 garbage=0 tx_lat=0.00000 tx_lon=0.00000 sats=0 fix=0 utc=0 tx_fw=none rx_fw=unknown
PHASE_GUARD 500
LORA_CFG path=0 bw=0x05 sf=12
PHASE_START 38 LF-LoRa-SF12-SKIP SKIP pktSize=128
2026-07-26T15:06:57.505204+00:00 PHASE_RESULT 38 LF-LoRa-SF12-SKIP pktSize=128 rx=0 unique=0 lost=0 per=0.0 rssi_avg=0 rssi_min=0 crc_err=0 garbage=0 tx_lat=0.00000 tx_lon=0.00000 sats=0 fix=0 utc=0 tx_fw=none rx_fw=unknown
PHASE_GUARD 500
LORA_CFG path=0 bw=0x05 sf=12
PHASE_START 39 LF-LoRa-SF12-SKIP SKIP pktSize=255
TIME_SYNCED utc=1785078417 offset=1785062472
2026-07-26T15:06:58.523439+00:00 PHASE_RESULT 39 LF-LoRa-SF12-SKIP pktSize=255 rx=0 unique=0 lost=0 per=0.0 rssi_avg=0 rssi_min=0 crc_err=0 garbage=0 tx_lat=0.00000 tx_lon=0.00000 sats=0 fix=0 utc=0 tx_fw=none rx_fw=unknown
PHASE_GUARD 500
PHASE_START 40 LF-FLRC-2600-32 pktSize=32
SYNC_NOT_FOUND first4=2596196E
2026-07-26T15:07:00.591913+00:00 PHASE_RESULT 40 LF-FLRC-2600-32 pktSize=32 rx=0 unique=0 lost=100 per=100.0 rssi_avg=0 rssi_min=0 crc_err=0 garbage=1 tx_lat=0.00000 tx_lon=0.00000 sats=0 fix=0 utc=0 tx_fw=none rx_fw=unknown
PHASE_GUARD 500
PHASE_START 41 LF-FLRC-2600-64 pktSize=64
2026-07-26T15:07:01.608204+00:00 SYNC_NOT_FOUND first4=85475E0E
2026-07-26T15:07:02.619205+00:00 SYNC_NOT_FOUND first4=C7C76CC6
PHASE_RESULT 41 LF-FLRC-2600-64 pktSize=64 rx=0 unique=0 lost=100 per=100.0 rssi_avg=0 rssi_min=0 crc_err=0 garbage=2 tx_lat=0.00000 tx_lon=0.00000 sats=0 fix=0 utc=0 tx_fw=none rx_fw=unknown
PHASE_GUARD 500
PHASE_START 42 LF-FLRC-2600-128 pktSize=128
2026-07-26T15:07:04.681640+00:00 PHASE_RESULT 42 LF-FLRC-2600-128 pktSize=128 rx=0 unique=0 lost=100 per=100.0 rssi_avg=0 rssi_min=0 crc_err=0 garbage=0 tx_lat=0.00000 tx_lon=0.00000 sats=0 fix=0 utc=0 tx_fw=none rx_fw=unknown
PHASE_GUARD 500
PHASE_START 43 LF-FLRC-2600-255 pktSize=255
2026-07-26T15:07:05.698228+00:00 TIME_SYNCED utc=1785078424 offset=1785062472
SYNC_NOT_FOUND first4=754455F4
2026-07-26T15:07:06.709216+00:00 SYNC_NOT_FOUND first4=17E2969E
PHASE_RESULT 43 LF-FLRC-2600-255 pktSize=255 rx=0 unique=0 lost=100 per=100.0 rssi_avg=0 rssi_min=0 crc_err=0 garbage=2 tx_lat=0.00000 tx_lon=0.00000 sats=0 fix=0 utc=0 tx_fw=none rx_fw=unknown
PHASE_GUARD 500
PHASE_START 44 LF-FLRC-1300-32 pktSize=32
2026-07-26T15:07:07.717297+00:00 TIME_SYNCED utc=1785078427 offset=1785062472
2026-07-26T15:07:08.731110+00:00 PHASE_RESULT 44 LF-FLRC-1300-32 pktSize=32 rx=0 unique=0 lost=100 per=100.0 rssi_avg=0 rssi_min=0 crc_err=0 garbage=0 tx_lat=0.00000 tx_lon=0.00000 sats=0 fix=0 utc=0 tx_fw=none rx_fw=unknown
PHASE_GUARD 500
PHASE_START 45 LF-FLRC-1300-64 pktSize=64
2026-07-26T15:07:10.793949+00:00 PHASE_RESULT 45 LF-FLRC-1300-64 pktSize=64 rx=0 unique=0 lost=100 per=100.0 rssi_avg=0 rssi_min=0 crc_err=0 garbage=0 tx_lat=0.00000 tx_lon=0.00000 sats=0 fix=0 utc=0 tx_fw=none rx_fw=unknown
PHASE_GUARD 500
PHASE_START 46 LF-FLRC-1300-128 pktSize=128
SYNC_NOT_FOUND first4=096D7F69
2026-07-26T15:07:12.864939+00:00 PHASE_RESULT 46 LF-FLRC-1300-128 pktSize=128 rx=0 unique=0 lost=100 per=100.0 rssi_avg=0 rssi_min=0 crc_err=0 garbage=1 tx_lat=0.00000 tx_lon=0.00000 sats=0 fix=0 utc=0 tx_fw=none rx_fw=unknown
PHASE_GUARD 500
PHASE_START 47 LF-FLRC-1300-255 pktSize=255
2026-07-26T15:07:14.931144+00:00 PHASE_RESULT 47 LF-FLRC-1300-255 pktSize=255 rx=0 unique=0 lost=100 per=100.0 rssi_avg=0 rssi_min=0 crc_err=0 garbage=0 tx_lat=0.00000 tx_lon=0.00000 sats=0 fix=0 utc=0 tx_fw=none rx_fw=unknown
PHASE_GUARD 500
PHASE_START 48 LF-FLRC-650-32 pktSize=32
2026-07-26T15:07:15.947830+00:00 TIME_SYNCED utc=1785078434 offset=1785062472
2026-07-26T15:07:16.959512+00:00 PHASE_RESULT 48 LF-FLRC-650-32 pktSize=32 rx=0 unique=0 lost=100 per=100.0 rssi_avg=0 rssi_min=0 crc_err=0 garbage=0 tx_lat=0.00000 tx_lon=0.00000 sats=0 fix=0 utc=0 tx_fw=none rx_fw=unknown
PHASE_GUARD 500
PHASE_START 49 LF-FLRC-650-64 pktSize=64
2026-07-26T15:07:17.973256+00:00 SYNC_NOT_FOUND first4=5CA0483D
TIME_SYNCED utc=1785078437 offset=1785062472
2026-07-26T15:07:18.983924+00:00 PHASE_RESULT 49 LF-FLRC-650-64 pktSize=64 rx=0 unique=0 lost=100 per=100.0 rssi_avg=0 rssi_min=0 crc_err=0 garbage=1 tx_lat=0.00000 tx_lon=0.00000 sats=0 fix=0 utc=0 tx_fw=none rx_fw=unknown
PHASE_GUARD 500
PHASE_START 50 LF-FLRC-650-128 pktSize=128
SYNC_NOT_FOUND first4=CF4086D7
SYNC_NOT_FOUND first4=751EF7D3
2026-07-26T15:07:19.995067+00:00 SYNC_NOT_FOUND first4=3CAD971A
SYNC_NOT_FOUND first4=31411EE0
2026-07-26T15:07:21.011497+00:00 PHASE_RESULT 50 LF-FLRC-650-128 pktSize=128 rx=0 unique=0 lost=100 per=100.0 rssi_avg=0 rssi_min=0 crc_err=0 garbage=4 tx_lat=0.00000 tx_lon=0.00000 sats=0 fix=0 utc=0 tx_fw=none rx_fw=unknown
PHASE_GUARD 500
PHASE_START 51 LF-FLRC-650-255 pktSize=255
SYNC_NOT_FOUND first4=22587916
SYNC_NOT_FOUND first4=CEF12940
2026-07-26T15:07:22.022881+00:00 SYNC_NOT_FOUND first4=1FE261C8
2026-07-26T15:07:23.034524+00:00 PHASE_RESULT 51 LF-FLRC-650-255 pktSize=255 rx=0 unique=0 lost=100 per=100.0 rssi_avg=0 rssi_min=0 crc_err=0 garbage=3 tx_lat=0.00000 tx_lon=0.00000 sats=0 fix=0 utc=0 tx_fw=none rx_fw=unknown
PHASE_GUARD 500
PHASE_START 52 LF-FLRC-325-32 pktSize=32
2026-07-26T15:07:25.097218+00:00 PHASE_RESULT 52 LF-FLRC-325-32 pktSize=32 rx=0 unique=0 lost=100 per=100.0 rssi_avg=0 rssi_min=0 crc_err=0 garbage=0 tx_lat=0.00000 tx_lon=0.00000 sats=0 fix=0 utc=0 tx_fw=none rx_fw=unknown
PHASE_GUARD 500
PHASE_START 53 LF-FLRC-325-64 pktSize=64
2026-07-26T15:07:26.109022+00:00 TIME_SYNCED utc=1785078445 offset=1785062473
PHASE_RESULT 53 LF-FLRC-325-64 pktSize=64 rx=0 unique=0 lost=100 per=100.0 rssi_avg=0 rssi_min=0 crc_err=0 garbage=0 tx_lat=0.00000 tx_lon=0.00000 sats=0 fix=0 utc=0 tx_fw=none rx_fw=unknown
PHASE_GUARD 500
PHASE_START 54 LF-FLRC-325-128 pktSize=128
2026-07-26T15:07:28.171331+00:00 PHASE_RESULT 54 LF-FLRC-325-128 pktSize=128 rx=0 unique=0 lost=100 per=100.0 rssi_avg=0 rssi_min=0 crc_err=0 garbage=0 tx_lat=0.00000 tx_lon=0.00000 sats=0 fix=0 utc=0 tx_fw=none rx_fw=unknown
PHASE_GUARD 500
PHASE_START 55 LF-FLRC-325-255 pktSize=255
TIME_SYNCED utc=1785078447 offset=1785062472
PHASE_RESULT 55 LF-FLRC-325-255 pktSize=255 rx=0 unique=0 lost=100 per=100.0 rssi_avg=0 rssi_min=0 crc_err=0 garbage=0 tx_lat=0.00000 tx_lon=0.00000 sats=0 fix=0 utc=0 tx_fw=none rx_fw=unknown
PHASE_GUARD 500
PHASE_START 54 LF-FLRC-325-128 pktSize=128
2026-07-26T15:07:29.182301+00:00 PHASE_RESULT 54 LF-FLRC-325-128 pktSize=128 rx=0 unique=0 lost=100 per=100.0 rssi_avg=0 rssi_min=0 crc_err=0 garbage=0 tx_lat=0.00000 tx_lon=0.00000 sats=0 fix=0 utc=0 tx_fw=none rx_fw=unknown
PHASE_GUARD 500
PHASE_START 55 LF-FLRC-325-255 pktSize=255
2026-07-26T15:07:30.193261+00:00 PHASE_RESULT 55 LF-FLRC-325-255 pktSize=255 rx=0 unique=0 lost=100 per=100.0 rssi_avg=0 rssi_min=0 crc_err=0 garbage=0 tx_lat=0.00000 tx_lon=0.00000 sats=0 fix=0 utc=0 tx_fw=none rx_fw=unknown
PHASE_GUARD 500
2026-07-26T15:07:31.209232+00:00 LORA_CFG path=1 bw=0x0F sf=7
PHASE_START 0 HF-LoRa-SF7-32 pktSize=32
2026-07-26T15:07:32.227104+00:00 PHASE_RESULT 0 HF-LoRa-SF7-32 pktSize=32 rx=0 unique=0 lost=20 per=100.0 rssi_avg=0 rssi_min=0 crc_err=0 garbage=0 tx_lat=0.00000 tx_lon=0.00000 sats=0 fix=0 utc=0 tx_fw=none rx_fw=unknown
PHASE_GUARD 500
2026-07-26T15:07:33.244229+00:00 LORA_CFG path=1 bw=0x0F sf=7
PHASE_START 1 HF-LoRa-SF7-64 pktSize=64
2026-07-26T15:07:34.258954+00:00 PHASE_RESULT 1 HF-LoRa-SF7-64 pktSize=64 rx=0 unique=0 lost=20 per=100.0 rssi_avg=0 rssi_min=0 crc_err=0 garbage=0 tx_lat=0.00000 tx_lon=0.00000 sats=0 fix=0 utc=0 tx_fw=none rx_fw=unknown
PHASE_GUARD 500
LORA_CFG path=1 bw=0x0F sf=7
2026-07-26T15:07:35.270257+00:00 PHASE_START 2 HF-LoRa-SF7-128 pktSize=128
2026-07-26T15:07:36.286324+00:00 TIME_SYNCED utc=1785078455 offset=1785062472
PHASE_RESULT 2 HF-LoRa-SF7-128 pktSize=128 rx=0 unique=0 lost=20 per=100.0 rssi_avg=0 rssi_min=0 crc_err=0 garbage=0 tx_lat=0.00000 tx_lon=0.00000 sats=0 fix=0 utc=0 tx_fw=none rx_fw=unknown
PHASE_GUARD 500
LORA_CFG path=1 bw=0x0F sf=7
2026-07-26T15:07:37.297282+00:00 PHASE_START 3 HF-LoRa-SF7-255 pktSize=255
TIME_SYNCED utc=1785078457 offset=1785062472
2026-07-26T15:07:39.360135+00:00 PHASE_RESULT 3 HF-LoRa-SF7-255 pktSize=255 rx=0 unique=0 lost=20 per=100.0 rssi_avg=0 rssi_min=0 crc_err=0 garbage=0 tx_lat=0.00000 tx_lon=0.00000 sats=0 fix=0 utc=0 tx_fw=none rx_fw=unknown
PHASE_GUARD 500
LORA_CFG path=1 bw=0x0F sf=9
PHASE_START 4 HF-LoRa-SF9-32 pktSize=32
2026-07-26T15:07:41.422612+00:00 PHASE_RESULT 4 HF-LoRa-SF9-32 pktSize=32 rx=0 unique=0 lost=20 per=100.0 rssi_avg=0 rssi_min=0 crc_err=0 garbage=0 tx_lat=0.00000 tx_lon=0.00000 sats=0 fix=0 utc=0 tx_fw=none rx_fw=unknown
PHASE_GUARD 500
LORA_CFG path=1 bw=0x0F sf=9
PHASE_START 5 HF-LoRa-SF9-64 pktSize=64
2026-07-26T15:07:44.541300+00:00 PHASE_RESULT 5 HF-LoRa-SF9-64 pktSize=64 rx=0 unique=0 lost=20 per=100.0 rssi_avg=0 rssi_min=0 crc_err=0 garbage=0 tx_lat=0.00000 tx_lon=0.00000 sats=0 fix=0 utc=0 tx_fw=none rx_fw=unknown
PHASE_GUARD 500
LORA_CFG path=1 bw=0x0F sf=9
PHASE_START 6 HF-LoRa-SF9-128 pktSize=128
2026-07-26T15:07:46.604638+00:00 TIME_SYNCED utc=1785078465 offset=1785062472
2026-07-26T15:07:47.620552+00:00 TIME_SYNCED utc=1785078467 offset=1785062472
2026-07-26T15:07:48.632099+00:00 PHASE_RESULT 6 HF-LoRa-SF9-128 pktSize=128 rx=0 unique=0 lost=13 per=100.0 rssi_avg=0 rssi_min=0 crc_err=0 garbage=0 tx_lat=0.00000 tx_lon=0.00000 sats=0 fix=0 utc=0 tx_fw=none rx_fw=unknown
PHASE_GUARD 500
LORA_CFG path=1 bw=0x0F sf=9
PHASE_START 7 HF-LoRa-SF9-255 pktSize=255
2026-07-26T15:07:51.745552+00:00 PHASE_RESULT 7 HF-LoRa-SF9-255 pktSize=255 rx=0 unique=0 lost=6 per=100.0 rssi_avg=0 rssi_min=0 crc_err=0 garbage=0 tx_lat=0.00000 tx_lon=0.00000 sats=0 fix=0 utc=0 tx_fw=none rx_fw=unknown
PHASE_GUARD 500
LORA_CFG path=1 bw=0x0F sf=12
PHASE_START 8 HF-LoRa-SF12-32 pktSize=32
2026-07-26T15:07:54.867849+00:00 PHASE_RESULT 8 HF-LoRa-SF12-32 pktSize=32 rx=0 unique=0 lost=2 per=100.0 rssi_avg=0 rssi_min=0 crc_err=0 garbage=0 tx_lat=0.00000 tx_lon=0.00000 sats=0 fix=0 utc=0 tx_fw=none rx_fw=unknown
PHASE_GUARD 500
LORA_CFG path=1 bw=0x0F sf=12
PHASE_START 9 HF-LoRa-SF12-64 pktSize=64
2026-07-26T15:07:56.930352+00:00 TIME_SYNCED utc=1785078475 offset=1785062472
2026-07-26T15:07:57.942354+00:00 PHASE_RESULT 9 HF-LoRa-SF12-64 pktSize=64 rx=0 unique=0 lost=1 per=100.0 rssi_avg=0 rssi_min=0 crc_err=0 garbage=0 tx_lat=0.00000 tx_lon=0.00000 sats=0 fix=0 utc=0 tx_fw=none rx_fw=unknown
PHASE_GUARD 500
LORA_CFG path=1 bw=0x0F sf=12
PHASE_START 10 HF-LoRa-SF12-128 pktSize=128
TIME_SYNCED utc=1785078477 offset=1785062472
2026-07-26T15:08:03.158346+00:00 PHASE_RESULT 10 HF-LoRa-SF12-128 pktSize=128 rx=0 unique=0 lost=1 per=100.0 rssi_avg=0 rssi_min=0 crc_err=0 garbage=0 tx_lat=0.00000 tx_lon=0.00000 sats=0 fix=0 utc=0 tx_fw=none rx_fw=unknown
PHASE_GUARD 500
LORA_CFG path=1 bw=0x0F sf=12
PHASE_START 11 HF-LoRa-SF12-255 pktSize=255
2026-07-26T15:08:07.327640+00:00 TIME_SYNCED utc=1785078486 offset=1785062472
TIME_SYNCED utc=1785078487 offset=1785062472
2026-07-26T15:08:12.541419+00:00 PHASE_RESULT 11 HF-LoRa-SF12-255 pktSize=255 rx=0 unique=0 lost=1 per=100.0 rssi_avg=0 rssi_min=0 crc_err=0 garbage=0 tx_lat=0.00000 tx_lon=0.00000 sats=0 fix=0 utc=0 tx_fw=none rx_fw=unknown
PHASE_GUARD 500
PHASE_START 12 HF-FLRC-2600-32 pktSize=32
SYNC_NOT_FOUND first4=BAF912DC
2026-07-26T15:08:13.552881+00:00 SYNC_NOT_FOUND first4=E3DDD903
SYNC_NOT_FOUND first4=03C965CE
SYNC_NOT_FOUND first4=172B4A97
SYNC_NOT_FOUND first4=69ED0566
SYNC_NOT_FOUND first4=452F9CDB
SYNC_NOT_FOUND first4=E7868B3A
SYNC_NOT_FOUND first4=3F585FAB
SYNC_NOT_FOUND first4=D332626B
SYNC_NOT_FOUND first4=50F92A34
2026-07-26T15:08:14.564125+00:00 SYNC_NOT_FOUND first4=9C1EB79A
SYNC_NOT_FOUND first4=DB4664D4
SYNC_NOT_FOUND first4=40F148C0
SYNC_NOT_FOUND first4=99231D6B
SYNC_NOT_FOUND first4=017B63B6
PHASE_RESULT 12 HF-FLRC-2600-32 pktSize=32 rx=0 unique=0 lost=100 per=100.0 rssi_avg=0 rssi_min=0 crc_err=0 garbage=15 tx_lat=0.00000 tx_lon=0.00000 sats=0 fix=0 utc=0 tx_fw=none rx_fw=unknown
PHASE_GUARD 500
PHASE_START 13 HF-FLRC-2600-64 pktSize=64
2026-07-26T15:08:15.575099+00:00 SYNC_NOT_FOUND first4=F72AFC4B
SYNC_NOT_FOUND first4=2C1A5AA6
SYNC_NOT_FOUND first4=72C6BEB1
SYNC_NOT_FOUND first4=9EAFC7E3
SYNC_NOT_FOUND first4=06B8705F
SYNC_NOT_FOUND first4=2603C91C
SYNC_NOT_FOUND first4=2FC5080F
2026-07-26T15:08:16.586013+00:00 SYNC_NOT_FOUND first4=E8503967
PHASE_RESULT 13 HF-FLRC-2600-64 pktSize=64 rx=0 unique=0 lost=100 per=100.0 rssi_avg=0 rssi_min=0 crc_err=0 garbage=8 tx_lat=0.00000 tx_lon=0.00000 sats=0 fix=0 utc=0 tx_fw=none rx_fw=unknown
PHASE_GUARD 500
PHASE_START 14 HF-FLRC-2600-128 pktSize=128
SYNC_NOT_FOUND first4=A1140086
SYNC_NOT_FOUND first4=AA8FE9C2
SYNC_NOT_FOUND first4=4DA86E67
2026-07-26T15:08:17.590128+00:00 TIME_SYNCED utc=1785078496 offset=1785062472
SYNC_NOT_FOUND first4=31AEE93A
SYNC_NOT_FOUND first4=727F051B
SYNC_NOT_FOUND first4=1E21F02E
SYNC_NOT_FOUND first4=C66ED36F
SYNC_NOT_FOUND first4=D7296654
TIME_SYNCED utc=1785078497 offset=1785062472
2026-07-26T15:08:18.600088+00:00 SYNC_NOT_FOUND first4=34D45A2C
SYNC_NOT_FOUND first4=C0FD0C4E
SYNC_NOT_FOUND first4=A72F8651
PHASE_RESULT 14 HF-FLRC-2600-128 pktSize=128 rx=0 unique=0 lost=100 per=100.0 rssi_avg=0 rssi_min=0 crc_err=0 garbage=11 tx_lat=0.00000 tx_lon=0.00000 sats=0 fix=0 utc=0 tx_fw=none rx_fw=unknown
PHASE_GUARD 500
PHASE_START 15 HF-FLRC-2600-255 pktSize=255
SYNC_NOT_FOUND first4=88DAF88D
2026-07-26T15:08:19.604609+00:00 SYNC_NOT_FOUND first4=5B2FEFA5
SYNC_NOT_FOUND first4=AB16AB0D
SYNC_NOT_FOUND first4=965A4827
SYNC_NOT_FOUND first4=E248F0A8
SYNC_NOT_FOUND first4=AC4F8E59
SYNC_NOT_FOUND first4=3F4693ED
SYNC_NOT_FOUND first4=1A61E8E6
SYNC_NOT_FOUND first4=776F1136
2026-07-26T15:08:20.615446+00:00 SYNC_NOT_FOUND first4=AFC84B47
SYNC_NOT_FOUND first4=250A356B
PHASE_RESULT 15 HF-FLRC-2600-255 pktSize=255 rx=0 unique=0 lost=100 per=100.0 rssi_avg=0 rssi_min=0 crc_err=0 garbage=11 tx_lat=0.00000 tx_lon=0.00000 sats=0 fix=0 utc=0 tx_fw=none rx_fw=unknown
PHASE_GUARD 500
PHASE_START 16 HF-FLRC-1300-32 pktSize=32
SYNC_NOT_FOUND first4=02E1B6D6
SYNC_NOT_FOUND first4=53311E21
2026-07-26T15:08:21.627480+00:00 SYNC_NOT_FOUND first4=D0142FF6
SYNC_NOT_FOUND first4=29502C28
SYNC_NOT_FOUND first4=65F585F6
SYNC_NOT_FOUND first4=DC896266
SYNC_NOT_FOUND first4=E41E1C76
2026-07-26T15:08:22.656159+00:00 SYNC_NOT_FOUND first4=C03EAF9E
PHASE_RESULT 16 HF-FLRC-1300-32 pktSize=32 rx=0 unique=0 lost=100 per=100.0 rssi_avg=0 rssi_min=0 crc_err=0 garbage=8 tx_lat=0.00000 tx_lon=0.00000 sats=0 fix=0 utc=0 tx_fw=none rx_fw=unknown
PHASE_GUARD 500
PHASE_START 17 HF-FLRC-1300-64 pktSize=64
SYNC_NOT_FOUND first4=9E19F08F
2026-07-26T15:08:23.668212+00:00 SYNC_NOT_FOUND first4=9ACFBEBA
SYNC_NOT_FOUND first4=FFAAD570
SYNC_NOT_FOUND first4=969C529D
SYNC_NOT_FOUND first4=73587FE1
SYNC_NOT_FOUND first4=93F06DE2
2026-07-26T15:08:24.671790+00:00 SYNC_NOT_FOUND first4=76291284
PHASE_RESULT 17 HF-FLRC-1300-64 pktSize=64 rx=0 unique=0 lost=100 per=100.0 rssi_avg=0 rssi_min=0 crc_err=0 garbage=7 tx_lat=0.00000 tx_lon=0.00000 sats=0 fix=0 utc=0 tx_fw=none rx_fw=unknown
PHASE_GUARD 500
PHASE_START 18 HF-FLRC-1300-128 pktSize=128
2026-07-26T15:08:25.675639+00:00 SYNC_NOT_FOUND first4=4177EC1F
SYNC_NOT_FOUND first4=E9E5A24D
SYNC_NOT_FOUND first4=9D2650B3
SYNC_NOT_FOUND first4=30760DD2
2026-07-26T15:08:26.684356+00:00 SYNC_NOT_FOUND first4=70F7554A
SYNC_NOT_FOUND first4=FEE6DE07
PHASE_RESULT 18 HF-FLRC-1300-128 pktSize=128 rx=0 unique=0 lost=100 per=100.0 rssi_avg=0 rssi_min=0 crc_err=0 garbage=6 tx_lat=0.00000 tx_lon=0.00000 sats=0 fix=0 utc=0 tx_fw=none rx_fw=unknown
PHASE_GUARD 500
PHASE_START 19 HF-FLRC-1300-255 pktSize=255
SYNC_NOT_FOUND first4=5021DFC3
SYNC_NOT_FOUND first4=16211206
2026-07-26T15:08:27.701203+00:00 TIME_SYNCED utc=1785078506 offset=1785062472
SYNC_NOT_FOUND first4=9723FC1E
SYNC_NOT_FOUND first4=76E437C5
SYNC_NOT_FOUND first4=4B4683DE
TIME_SYNCED utc=1785078507 offset=1785062472
2026-07-26T15:08:28.712320+00:00 SYNC_NOT_FOUND first4=2A191CBD
SYNC_NOT_FOUND first4=FEA66C46
PHASE_RESULT 19 HF-FLRC-1300-255 pktSize=255 rx=0 unique=0 lost=100 per=100.0 rssi_avg=0 rssi_min=0 crc_err=0 garbage=7 tx_lat=0.00000 tx_lon=0.00000 sats=0 fix=0 utc=0 tx_fw=none rx_fw=unknown
PHASE_GUARD 500
PHASE_START 20 HF-FLRC-650-32 pktSize=32
SYNC_NOT_FOUND first4=E10A5471
SYNC_NOT_FOUND first4=A95E6E8D
SYNC_NOT_FOUND first4=46DEF89E
SYNC_NOT_FOUND first4=C45D4C73
SYNC_NOT_FOUND first4=331E53A9
SYNC_NOT_FOUND first4=DACE77EB
SYNC_NOT_FOUND first4=0A25EF5C
SYNC_NOT_FOUND first4=417A184C
SYNC_NOT_FOUND first4=1CAF083D
SYNC_NOT_FOUND first4=02D22005
2026-07-26T15:08:29.723210+00:00 SYNC_NOT_FOUND first4=0F4B6240
SYNC_NOT_FOUND first4=B3CE07C7
SYNC_NOT_FOUND first4=3AD55591
SYNC_NOT_FOUND first4=83882235
SYNC_NOT_FOUND first4=8D5084C3
SYNC_NOT_FOUND first4=FD66C745
SYNC_NOT_FOUND first4=DF5221E2
SYNC_NOT_FOUND first4=233886DC
SYNC_NOT_FOUND first4=F6A08F33
SYNC_NOT_FOUND first4=D69658AA
SYNC_NOT_FOUND first4=F4220932
SYNC_NOT_FOUND first4=89927FDB
SYNC_NOT_FOUND first4=A61BEA00
SYNC_NOT_FOUND first4=6EAC4D78
SYNC_NOT_FOUND first4=7F73CD9E
SYNC_NOT_FOUND first4=57BCB5C1
SYNC_NOT_FOUND first4=5970AD61
2026-07-26T15:08:30.734208+00:00 SYNC_NOT_FOUND first4=F3B0FF8E
SYNC_NOT_FOUND first4=A1048CC7
SYNC_NOT_FOUND first4=CA30C8CC
SYNC_NOT_FOUND first4=2B7BA40E
SYNC_NOT_FOUND first4=0C1DD59A
SYNC_NOT_FOUND first4=F0707196
SYNC_NOT_FOUND first4=D4B25C39
SYNC_NOT_FOUND first4=66B8908B
SYNC_NOT_FOUND first4=7455207C
PHASE_RESULT 20 HF-FLRC-650-32 pktSize=32 rx=0 unique=0 lost=100 per=100.0 rssi_avg=0 rssi_min=0 crc_err=0 garbage=36 tx_lat=0.00000 tx_lon=0.00000 sats=0 fix=0 utc=0 tx_fw=none rx_fw=unknown
PHASE_GUARD 500
PHASE_START 21 HF-FLRC-650-64 pktSize=64
SYNC_NOT_FOUND first4=A835B0F9
SYNC_NOT_FOUND first4=6B952A24
SYNC_NOT_FOUND first4=1D83768E
SYNC_NOT_FOUND first4=9C1DAC57
SYNC_NOT_FOUND first4=C046EAED
SYNC_NOT_FOUND first4=C0F1C177
SYNC_NOT_FOUND first4=A260826C
SYNC_NOT_FOUND first4=3C0B3A9C
SYNC_NOT_FOUND first4=F5D8E5DB
SYNC_NOT_FOUND first4=EE15B4AA
SYNC_NOT_FOUND first4=4240D511
SYNC_NOT_FOUND first4=5AB755A6
2026-07-26T15:08:31.745375+00:00 SYNC_NOT_FOUND first4=C7F8E847
SYNC_NOT_FOUND first4=6BAADC74
SYNC_NOT_FOUND first4=25117D41
SYNC_NOT_FOUND first4=A13D2468
SYNC_NOT_FOUND first4=D56E4AC5
SYNC_NOT_FOUND first4=25EE0447
SYNC_NOT_FOUND first4=6E0C6A98
SYNC_NOT_FOUND first4=D00EAD84
SYNC_NOT_FOUND first4=221FAE68
SYNC_NOT_FOUND first4=8F3616F2
SYNC_NOT_FOUND first4=FF510D61
SYNC_NOT_FOUND first4=111045B3
SYNC_NOT_FOUND first4=C3D5A12F
SYNC_NOT_FOUND first4=2CF5280D
SYNC_NOT_FOUND first4=AA723B21
SYNC_NOT_FOUND first4=E976D5F1
SYNC_NOT_FOUND first4=6A7A2218
SYNC_NOT_FOUND first4=181007D5
SYNC_NOT_FOUND first4=98DC8FAC
2026-07-26T15:08:32.748913+00:00 SYNC_NOT_FOUND first4=6C32A995
SYNC_NOT_FOUND first4=34C19E36
SYNC_NOT_FOUND first4=55FD5F1E
SYNC_NOT_FOUND first4=0BB31FA8
SYNC_NOT_FOUND first4=CCA032F4
SYNC_NOT_FOUND first4=40E60085
SYNC_NOT_FOUND first4=BCBE7561
SYNC_NOT_FOUND first4=95A2D12D
SYNC_NOT_FOUND first4=3BF84A64
SYNC_NOT_FOUND first4=79CE2AFB
SYNC_NOT_FOUND first4=02C560C0
PHASE_RESULT 21 HF-FLRC-650-64 pktSize=64 rx=0 unique=0 lost=100 per=100.0 rssi_avg=0 rssi_min=0 crc_err=0 garbage=42 tx_lat=0.00000 tx_lon=0.00000 sats=0 fix=0 utc=0 tx_fw=none rx_fw=unknown
PHASE_GUARD 500
PHASE_START 22 HF-FLRC-650-128 pktSize=128
SYNC_NOT_FOUND first4=1F74C6FE
SYNC_NOT_FOUND first4=F8AFB374
SYNC_NOT_FOUND first4=D0140F0F
SYNC_NOT_FOUND first4=87771610
SYNC_NOT_FOUND first4=81D2A1C1
SYNC_NOT_FOUND first4=597A9DA1
SYNC_NOT_FOUND first4=2242A5CF
2026-07-26T15:08:33.760750+00:00 SYNC_NOT_FOUND first4=F2B05069
SYNC_NOT_FOUND first4=3E4A50E3
SYNC_NOT_FOUND first4=D21D64B9
SYNC_NOT_FOUND first4=4C92C425
SYNC_NOT_FOUND first4=2E051ABA
SYNC_NOT_FOUND first4=755D47F7
SYNC_NOT_FOUND first4=B4F10941
SYNC_NOT_FOUND first4=20460069
SYNC_NOT_FOUND first4=59F2E369
SYNC_NOT_FOUND first4=38D349D6
SYNC_NOT_FOUND first4=31E746B9
SYNC_NOT_FOUND first4=A51350BD
2026-07-26T15:08:34.771593+00:00 SYNC_NOT_FOUND first4=378B4122
SYNC_NOT_FOUND first4=EFB00970
SYNC_NOT_FOUND first4=9C36F36E
SYNC_NOT_FOUND first4=770A1266
SYNC_NOT_FOUND first4=BEA85F09
SYNC_NOT_FOUND first4=A0BBEDA0
SYNC_NOT_FOUND first4=0D2C6E91
SYNC_NOT_FOUND first4=4308E453
SYNC_NOT_FOUND first4=27C10568
PHASE_RESULT 22 HF-FLRC-650-128 pktSize=128 rx=0 unique=0 lost=100 per=100.0 rssi_avg=0 rssi_min=0 crc_err=0 garbage=28 tx_lat=0.00000 tx_lon=0.00000 sats=0 fix=0 utc=0 tx_fw=none rx_fw=unknown
PHASE_GUARD 500
PHASE_START 23 HF-FLRC-650-255 pktSize=255
SYNC_NOT_FOUND first4=349869E4
SYNC_NOT_FOUND first4=939A6521
SYNC_NOT_FOUND first4=C1EB72FA
SYNC_NOT_FOUND first4=0AEB66AE
SYNC_NOT_FOUND first4=1FC646E0
SYNC_NOT_FOUND first4=587DC78A
2026-07-26T15:08:35.783043+00:00 SYNC_NOT_FOUND first4=6C7250FB
SYNC_NOT_FOUND first4=102E4BE7
SYNC_NOT_FOUND first4=D5B67489
SYNC_NOT_FOUND first4=E4A804DE
SYNC_NOT_FOUND first4=27FE5272
SYNC_NOT_FOUND first4=90985972
SYNC_NOT_FOUND first4=1D469A87
SYNC_NOT_FOUND first4=06FD965D
SYNC_NOT_FOUND first4=EBC57CA3
SYNC_NOT_FOUND first4=5118FB19
SYNC_NOT_FOUND first4=237BF48F
SYNC_NOT_FOUND first4=975D4F00
SYNC_NOT_FOUND first4=914A00F6
SYNC_NOT_FOUND first4=BDF4566B
SYNC_NOT_FOUND first4=16ACD7DE
SYNC_NOT_FOUND first4=94077735
SYNC_NOT_FOUND first4=A7F3869F
SYNC_NOT_FOUND first4=C3B9AD2C
SYNC_NOT_FOUND first4=B4ECB0AA
SYNC_NOT_FOUND first4=4F81BC39
2026-07-26T15:08:36.794061+00:00 SYNC_NOT_FOUND first4=F80BBB8E
SYNC_NOT_FOUND first4=8F691534
SYNC_NOT_FOUND first4=C2D00C55
SYNC_NOT_FOUND first4=1DD52747
SYNC_NOT_FOUND first4=F8DFD15E
SYNC_NOT_FOUND first4=951128D9
SYNC_NOT_FOUND first4=8473887A
SYNC_NOT_FOUND first4=5DF03D6A
SYNC_NOT_FOUND first4=8A9972DC
SYNC_NOT_FOUND first4=2F942B81
SYNC_NOT_FOUND first4=39876453
SYNC_NOT_FOUND first4=C283DB6E
SYNC_NOT_FOUND first4=45D27BB4
SYNC_NOT_FOUND first4=0990BB63
SYNC_NOT_FOUND first4=8656A96C
PHASE_RESULT 23 HF-FLRC-650-255 pktSize=255 rx=0 unique=0 lost=100 per=100.0 rssi_avg=0 rssi_min=0 crc_err=0 garbage=41 tx_lat=0.00000 tx_lon=0.00000 sats=0 fix=0 utc=0 tx_fw=none rx_fw=unknown
PHASE_GUARD 500
PHASE_START 24 HF-FLRC-325-32 pktSize=32
SYNC_NOT_FOUND first4=E874E1E4
SYNC_NOT_FOUND first4=A201BE20
SYNC_NOT_FOUND first4=B60F5790
2026-07-26T15:08:37.805361+00:00 TIME_SYNCED utc=1785078516 offset=1785062472
SYNC_NOT_FOUND first4=06C809CB
SYNC_NOT_FOUND first4=2770ADF5
TIME_SYNCED utc=1785078517 offset=1785062472
SYNC_NOT_FOUND first4=7D56BC69
SYNC_NOT_FOUND first4=12930CC6
2026-07-26T15:08:38.817268+00:00 SYNC_NOT_FOUND first4=C52242AE
PHASE_RESULT 24 HF-FLRC-325-32 pktSize=32 rx=0 unique=0 lost=100 per=100.0 rssi_avg=0 rssi_min=0 crc_err=0 garbage=8 tx_lat=0.00000 tx_lon=0.00000 sats=0 fix=0 utc=0 tx_fw=none rx_fw=unknown
PHASE_GUARD 500
PHASE_START 25 HF-FLRC-325-64 pktSize=64
SYNC_NOT_FOUND first4=D50364CF
2026-07-26T15:08:39.828501+00:00 SYNC_NOT_FOUND first4=E8030C82
SYNC_NOT_FOUND first4=AB2A190A
SYNC_NOT_FOUND first4=0A7E9EB0
2026-07-26T15:08:40.840119+00:00 PHASE_RESULT 25 HF-FLRC-325-64 pktSize=64 rx=0 unique=0 lost=100 per=100.0 rssi_avg=0 rssi_min=0 crc_err=0 garbage=4 tx_lat=0.00000 tx_lon=0.00000 sats=0 fix=0 utc=0 tx_fw=none rx_fw=unknown
PHASE_GUARD 500
PHASE_START 26 HF-FLRC-325-128 pktSize=128
2026-07-26T15:08:41.851096+00:00 SYNC_NOT_FOUND first4=C65EAD5A
SYNC_NOT_FOUND first4=A78AB157
SYNC_NOT_FOUND first4=30758E9B
SYNC_NOT_FOUND first4=1432E633
2026-07-26T15:08:42.863440+00:00 PHASE_RESULT 26 HF-FLRC-325-128 pktSize=128 rx=0 unique=0 lost=100 per=100.0 rssi_avg=0 rssi_min=0 crc_err=0 garbage=4 tx_lat=0.00000 tx_lon=0.00000 sats=0 fix=0 utc=0 tx_fw=none rx_fw=unknown
PHASE_GUARD 500
PHASE_START 27 HF-FLRC-325-255 pktSize=255
SYNC_NOT_FOUND first4=84734C7A
2026-07-26T15:08:43.875726+00:00 SYNC_NOT_FOUND first4=55831B48
SYNC_NOT_FOUND first4=7DC4FE33
SYNC_NOT_FOUND first4=3BF77DCC
SYNC_NOT_FOUND first4=461C763B
2026-07-26T15:08:44.887204+00:00 PHASE_RESULT 27 HF-FLRC-325-255 pktSize=255 rx=0 unique=0 lost=100 per=100.0 rssi_avg=0 rssi_min=0 crc_err=0 garbage=5 tx_lat=0.00000 tx_lon=0.00000 sats=0 fix=0 utc=0 tx_fw=none rx_fw=unknown
PHASE_GUARD 500
LORA_CFG path=0 bw=0x05 sf=7
PHASE_START 28 LF-LoRa-SF7-32 pktSize=32
2026-07-26T15:08:46.950363+00:00 PHASE_RESULT 28 LF-LoRa-SF7-32 pktSize=32 rx=0 unique=0 lost=20 per=100.0 rssi_avg=0 rssi_min=0 crc_err=0 garbage=0 tx_lat=0.00000 tx_lon=0.00000 sats=0 fix=0 utc=0 tx_fw=none rx_fw=unknown
PHASE_GUARD 500
LORA_CFG path=0 bw=0x05 sf=7
PHASE_START 29 LF-LoRa-SF7-64 pktSize=64
2026-07-26T15:08:47.963137+00:00 TIME_SYNCED utc=1785078526 offset=1785062472
TIME_SYNCED utc=1785078527 offset=1785062472
2026-07-26T15:08:50.019102+00:00 PHASE_RESULT 29 LF-LoRa-SF7-64 pktSize=64 rx=0 unique=0 lost=20 per=100.0 rssi_avg=0 rssi_min=0 crc_err=0 garbage=0 tx_lat=0.00000 tx_lon=0.00000 sats=0 fix=0 utc=0 tx_fw=none rx_fw=unknown
PHASE_GUARD 500
LORA_CFG path=0 bw=0x05 sf=7
PHASE_START 30 LF-LoRa-SF7-128 pktSize=128
2026-07-26T15:08:54.187105+00:00 PHASE_RESULT 30 LF-LoRa-SF7-128 pktSize=128 rx=0 unique=0 lost=13 per=100.0 rssi_avg=0 rssi_min=0 crc_err=0 garbage=0 tx_lat=0.00000 tx_lon=0.00000 sats=0 fix=0 utc=0 tx_fw=none rx_fw=unknown
PHASE_GUARD 500
LORA_CFG path=0 bw=0x05 sf=7
PHASE_START 31 LF-LoRa-SF7-255 pktSize=255
2026-07-26T15:08:57.300626+00:00 PHASE_RESULT 31 LF-LoRa-SF7-255 pktSize=255 rx=0 unique=0 lost=7 per=100.0 rssi_avg=0 rssi_min=0 crc_err=0 garbage=0 tx_lat=0.00000 tx_lon=0.00000 sats=0 fix=0 utc=0 tx_fw=none rx_fw=unknown
PHASE_GUARD 500
LORA_CFG path=0 bw=0x05 sf=9
2026-07-26T15:08:58.313261+00:00 PHASE_START 32 LF-LoRa-SF9-32 pktSize=32
TIME_SYNCED utc=1785078537 offset=1785062472
TIME_SYNCED utc=1785078537 offset=1785062472
2026-07-26T15:09:01.427491+00:00 PHASE_RESULT 32 LF-LoRa-SF9-32 pktSize=32 rx=0 unique=0 lost=7 per=100.0 rssi_avg=0 rssi_min=0 crc_err=0 garbage=0 tx_lat=0.00000 tx_lon=0.00000 sats=0 fix=0 utc=0 tx_fw=none rx_fw=unknown
PHASE_GUARD 500
LORA_CFG path=0 bw=0x05 sf=9
PHASE_START 33 LF-LoRa-SF9-64 pktSize=64
2026-07-26T15:09:04.540465+00:00 PHASE_RESULT 33 LF-LoRa-SF9-64 pktSize=64 rx=0 unique=0 lost=3 per=100.0 rssi_avg=0 rssi_min=0 crc_err=0 garbage=0 tx_lat=0.00000 tx_lon=0.00000 sats=0 fix=0 utc=0 tx_fw=none rx_fw=unknown
PHASE_GUARD 500
LORA_CFG path=0 bw=0x05 sf=9
PHASE_START 34 LF-LoRa-SF9-128 pktSize=128
2026-07-26T15:09:06.602896+00:00 PHASE_RESULT 34 LF-LoRa-SF9-128 pktSize=128 rx=0 unique=0 lost=1 per=100.0 rssi_avg=0 rssi_min=0 crc_err=0 garbage=0 tx_lat=0.00000 tx_lon=0.00000 sats=0 fix=0 utc=0 tx_fw=none rx_fw=unknown
PHASE_GUARD 500
LORA_CFG path=0 bw=0x05 sf=9
PHASE_START 35 LF-LoRa-SF9-255 pktSize=255
2026-07-26T15:09:07.613647+00:00 TIME_SYNCED utc=1785078547 offset=1785062472
2026-07-26T15:09:08.624597+00:00 TIME_SYNCED utc=1785078547 offset=1785062472
2026-07-26T15:09:10.687911+00:00 PHASE_RESULT 35 LF-LoRa-SF9-255 pktSize=255 rx=0 unique=0 lost=1 per=100.0 rssi_avg=0 rssi_min=0 crc_err=0 garbage=0 tx_lat=0.00000 tx_lon=0.00000 sats=0 fix=0 utc=0 tx_fw=none rx_fw=unknown
PHASE_GUARD 500
LORA_CFG path=0 bw=0x05 sf=12
PHASE_START 36 LF-LoRa-SF12-32 pktSize=32
2026-07-26T15:09:18.008780+00:00 TIME_SYNCED utc=1785078557 offset=1785062472
2026-07-26T15:09:19.021136+00:00 TIME_SYNCED utc=1785078558 offset=1785062473
2026-07-26T15:09:24.229374+00:00 PHASE_RESULT 36 LF-LoRa-SF12-32 pktSize=32 rx=0 unique=0 lost=1 per=100.0 rssi_avg=0 rssi_min=0 crc_err=0 garbage=0 tx_lat=0.00000 tx_lon=0.00000 sats=0 fix=0 utc=0 tx_fw=none rx_fw=unknown
PHASE_GUARD 500
LORA_CFG path=0 bw=0x05 sf=12
2026-07-26T15:09:25.232845+00:00 PHASE_START 37 LF-LoRa-SF12-SKIP SKIP pktSize=64
PHASE_RESULT 37 LF-LoRa-SF12-SKIP pktSize=64 rx=0 unique=0 lost=0 per=0.0 rssi_avg=0 rssi_min=0 crc_err=0 garbage=0 tx_lat=0.00000 tx_lon=0.00000 sats=0 fix=0 utc=0 tx_fw=none rx_fw=unknown
PHASE_GUARD 500
LORA_CFG path=0 bw=0x05 sf=12
2026-07-26T15:09:26.237013+00:00 PHASE_START 38 LF-LoRa-SF12-SKIP SKIP pktSize=128
PHASE_RESULT 38 LF-LoRa-SF12-SKIP pktSize=128 rx=0 unique=0 lost=0 per=0.0 rssi_avg=0 rssi_min=0 crc_err=0 garbage=0 tx_lat=0.00000 tx_lon=0.00000 sats=0 fix=0 utc=0 tx_fw=none rx_fw=unknown
PHASE_GUARD 500
LORA_CFG path=0 bw=0x05 sf=12
2026-07-26T15:09:27.247934+00:00 PHASE_START 39 LF-LoRa-SF12-SKIP SKIP pktSize=255
PHASE_RESULT 39 LF-LoRa-SF12-SKIP pktSize=255 rx=0 unique=0 lost=0 per=0.0 rssi_avg=0 rssi_min=0 crc_err=0 garbage=0 tx_lat=0.00000 tx_lon=0.00000 sats=0 fix=0 utc=0 tx_fw=none rx_fw=unknown
PHASE_GUARD 500
2026-07-26T15:09:28.259158+00:00 PHASE_START 40 LF-FLRC-2600-32 pktSize=32
TIME_SYNCED utc=1785078567 offset=1785062472
PHASE_RESULT 40 LF-FLRC-2600-32 pktSize=32 rx=0 unique=0 lost=100 per=100.0 rssi_avg=0 rssi_min=0 crc_err=0 garbage=0 tx_lat=0.00000 tx_lon=0.00000 sats=0 fix=0 utc=0 tx_fw=none rx_fw=unknown
PHASE_GUARD 500
LORA_CFG path=0 bw=0x05 sf=12
PHASE_START 39 LF-LoRa-SF12-SKIP SKIP pktSize=255
PHASE_RESULT 39 LF-LoRa-SF12-SKIP pktSize=255 rx=0 unique=0 lost=0 per=0.0 rssi_avg=0 rssi_min=0 crc_err=0 garbage=0 tx_lat=0.00000 tx_lon=0.00000 sats=0 fix=0 utc=0 tx_fw=none rx_fw=unknown
PHASE_GUARD 500
2026-07-26T15:09:29.271199+00:00 PHASE_START 40 LF-FLRC-2600-32 pktSize=32
TIME_SYNCED utc=1785078568 offset=1785062472
SYNC_NOT_FOUND first4=0FC2AD87
SYNC_NOT_FOUND first4=F06D9C2A
2026-07-26T15:09:30.282337+00:00 PHASE_RESULT 40 LF-FLRC-2600-32 pktSize=32 rx=0 unique=0 lost=100 per=100.0 rssi_avg=0 rssi_min=0 crc_err=0 garbage=2 tx_lat=0.00000 tx_lon=0.00000 sats=0 fix=0 utc=0 tx_fw=none rx_fw=unknown
PHASE_GUARD 500
2026-07-26T15:09:31.297195+00:00 PHASE_START 41 LF-FLRC-2600-64 pktSize=64
2026-07-26T15:09:32.300428+00:00 PHASE_RESULT 41 LF-FLRC-2600-64 pktSize=64 rx=0 unique=0 lost=100 per=100.0 rssi_avg=0 rssi_min=0 crc_err=0 garbage=0 tx_lat=0.00000 tx_lon=0.00000 sats=0 fix=0 utc=0 tx_fw=none rx_fw=unknown
PHASE_GUARD 500
PHASE_START 42 LF-FLRC-2600-128 pktSize=128
2026-07-26T15:09:33.314299+00:00 SYNC_NOT_FOUND first4=8E50019F
SYNC_NOT_FOUND first4=94376449
2026-07-26T15:09:34.318296+00:00 PHASE_RESULT 42 LF-FLRC-2600-128 pktSize=128 rx=0 unique=0 lost=100 per=100.0 rssi_avg=0 rssi_min=0 crc_err=0 garbage=2 tx_lat=0.00000 tx_lon=0.00000 sats=0 fix=0 utc=0 tx_fw=none rx_fw=unknown
PHASE_GUARD 500
PHASE_START 43 LF-FLRC-2600-255 pktSize=255
2026-07-26T15:09:35.333298+00:00 SYNC_NOT_FOUND first4=E4239CCB
2026-07-26T15:09:36.344295+00:00 SYNC_NOT_FOUND first4=CE7239DC
PHASE_RESULT 43 LF-FLRC-2600-255 pktSize=255 rx=0 unique=0 lost=100 per=100.0 rssi_avg=0 rssi_min=0 crc_err=0 garbage=2 tx_lat=0.00000 tx_lon=0.00000 sats=0 fix=0 utc=0 tx_fw=none rx_fw=unknown
PHASE_GUARD 500
PHASE_START 44 LF-FLRC-1300-32 pktSize=32
2026-07-26T15:09:38.407930+00:00 TIME_SYNCED utc=1785078577 offset=1785062472
SYNC_NOT_FOUND first4=B306F8B9
PHASE_RESULT 44 LF-FLRC-1300-32 pktSize=32 rx=0 unique=0 lost=100 per=100.0 rssi_avg=0 rssi_min=0 crc_err=0 garbage=1 tx_lat=0.00000 tx_lon=0.00000 sats=0 fix=0 utc=0 tx_fw=none rx_fw=unknown
PHASE_GUARD 500
PHASE_START 45 LF-FLRC-1300-64 pktSize=64
2026-07-26T15:09:39.414235+00:00 TIME_SYNCED utc=1785078578 offset=1785062472
2026-07-26T15:09:40.427681+00:00 PHASE_RESULT 45 LF-FLRC-1300-64 pktSize=64 rx=0 unique=0 lost=100 per=100.0 rssi_avg=0 rssi_min=0 crc_err=0 garbage=0 tx_lat=0.00000 tx_lon=0.00000 sats=0 fix=0 utc=0 tx_fw=none rx_fw=unknown
PHASE_GUARD 500
PHASE_START 46 LF-FLRC-1300-128 pktSize=128
2026-07-26T15:09:42.482952+00:00 PHASE_RESULT 46 LF-FLRC-1300-128 pktSize=128 rx=0 unique=0 lost=100 per=100.0 rssi_avg=0 rssi_min=0 crc_err=0 garbage=0 tx_lat=0.00000 tx_lon=0.00000 sats=0 fix=0 utc=0 tx_fw=none rx_fw=unknown
PHASE_GUARD 500
PHASE_START 47 LF-FLRC-1300-255 pktSize=255
2026-07-26T15:09:44.545521+00:00 SYNC_NOT_FOUND first4=0B9DD4F5
PHASE_RESULT 47 LF-FLRC-1300-255 pktSize=255 rx=0 unique=0 lost=100 per=100.0 rssi_avg=0 rssi_min=0 crc_err=0 garbage=1 tx_lat=0.00000 tx_lon=0.00000 sats=0 fix=0 utc=0 tx_fw=none rx_fw=unknown
PHASE_GUARD 500
PHASE_START 48 LF-FLRC-650-32 pktSize=32
2026-07-26T15:09:45.556637+00:00 SYNC_NOT_FOUND first4=A4726A64
SYNC_NOT_FOUND first4=3F6EED72
2026-07-26T15:09:46.567371+00:00 SYNC_NOT_FOUND first4=2DAF5A39
PHASE_RESULT 48 LF-FLRC-650-32 pktSize=32 rx=0 unique=0 lost=100 per=100.0 rssi_avg=0 rssi_min=0 crc_err=0 garbage=3 tx_lat=0.00000 tx_lon=0.00000 sats=0 fix=0 utc=0 tx_fw=none rx_fw=unknown
PHASE_GUARD 500
PHASE_START 49 LF-FLRC-650-64 pktSize=64
SYNC_NOT_FOUND first4=6E287845
2026-07-26T15:09:47.578339+00:00 TIME_SYNCED utc=1785078587 offset=1785062472
2026-07-26T15:09:48.589671+00:00 SYNC_NOT_FOUND first4=0D251F21
PHASE_RESULT 49 LF-FLRC-650-64 pktSize=64 rx=0 unique=0 lost=100 per=100.0 rssi_avg=0 rssi_min=0 crc_err=0 garbage=2 tx_lat=0.00000 tx_lon=0.00000 sats=0 fix=0 utc=0 tx_fw=none rx_fw=unknown
PHASE_GUARD 500
PHASE_START 50 LF-FLRC-650-128 pktSize=128
SYNC_NOT_FOUND first4=3CEFA56F
2026-07-26T15:09:49.598430+00:00 TIME_SYNCED utc=1785078588 offset=1785062472
2026-07-26T15:09:50.610444+00:00 PHASE_RESULT 50 LF-FLRC-650-128 pktSize=128 rx=0 unique=0 lost=100 per=100.0 rssi_avg=0 rssi_min=0 crc_err=0 garbage=1 tx_lat=0.00000 tx_lon=0.00000 sats=0 fix=0 utc=0 tx_fw=none rx_fw=unknown
PHASE_GUARD 500
PHASE_START 51 LF-FLRC-650-255 pktSize=255
2026-07-26T15:09:51.621515+00:00 SYNC_NOT_FOUND first4=6A03D4CE
SYNC_NOT_FOUND first4=47D2012C
2026-07-26T15:09:52.633142+00:00 PHASE_RESULT 51 LF-FLRC-650-255 pktSize=255 rx=0 unique=0 lost=100 per=100.0 rssi_avg=0 rssi_min=0 crc_err=0 garbage=2 tx_lat=0.00000 tx_lon=0.00000 sats=0 fix=0 utc=0 tx_fw=none rx_fw=unknown
PHASE_GUARD 500
PHASE_START 52 LF-FLRC-325-32 pktSize=32
2026-07-26T15:09:54.697825+00:00 PHASE_RESULT 52 LF-FLRC-325-32 pktSize=32 rx=0 unique=0 lost=100 per=100.0 rssi_avg=0 rssi_min=0 crc_err=0 garbage=0 tx_lat=0.00000 tx_lon=0.00000 sats=0 fix=0 utc=0 tx_fw=none rx_fw=unknown
PHASE_GUARD 500
PHASE_START 53 LF-FLRC-325-64 pktSize=64
2026-07-26T15:09:56.764300+00:00 SYNC_NOT_FOUND first4=0DD60822
PHASE_RESULT 53 LF-FLRC-325-64 pktSize=64 rx=0 unique=0 lost=100 per=100.0 rssi_avg=0 rssi_min=0 crc_err=0 garbage=1 tx_lat=0.00000 tx_lon=0.00000 sats=0 fix=0 utc=0 tx_fw=none rx_fw=unknown
PHASE_GUARD 500
PHASE_START 54 LF-FLRC-325-128 pktSize=128
2026-07-26T15:09:57.777790+00:00 TIME_SYNCED utc=1785078597 offset=1785062472
2026-07-26T15:09:58.794245+00:00 PHASE_RESULT 54 LF-FLRC-325-128 pktSize=128 rx=0 unique=0 lost=100 per=100.0 rssi_avg=0 rssi_min=0 crc_err=0 garbage=0 tx_lat=0.00000 tx_lon=0.00000 sats=0 fix=0 utc=0 tx_fw=none rx_fw=unknown
PHASE_GUARD 500
PHASE_START 55 LF-FLRC-325-255 pktSize=255
2026-07-26T15:09:59.806344+00:00 TIME_SYNCED utc=1785078598 offset=1785062472
2026-07-26T15:10:00.817914+00:00 PHASE_RESULT 55 LF-FLRC-325-255 pktSize=255 rx=0 unique=0 lost=100 per=100.0 rssi_avg=0 rssi_min=0 crc_err=0 garbage=0 tx_lat=0.00000 tx_lon=0.00000 sats=0 fix=0 utc=0 tx_fw=none rx_fw=unknown
PHASE_GUARD 500
LORA_CFG path=1 bw=0x0F sf=7
PHASE_START 0 HF-LoRa-SF7-32 pktSize=32
2026-07-26T15:10:02.880136+00:00 PHASE_RESULT 0 HF-LoRa-SF7-32 pktSize=32 rx=0 unique=0 lost=20 per=100.0 rssi_avg=0 rssi_min=0 crc_err=0 garbage=0 tx_lat=0.00000 tx_lon=0.00000 sats=0 fix=0 utc=0 tx_fw=none rx_fw=unknown
PHASE_GUARD 500
LORA_CFG path=1 bw=0x0F sf=7
PHASE_START 1 HF-LoRa-SF7-64 pktSize=64
2026-07-26T15:10:04.943217+00:00 PHASE_RESULT 1 HF-LoRa-SF7-64 pktSize=64 rx=0 unique=0 lost=20 per=100.0 rssi_avg=0 rssi_min=0 crc_err=0 garbage=0 tx_lat=0.00000 tx_lon=0.00000 sats=0 fix=0 utc=0 tx_fw=none rx_fw=unknown
PHASE_GUARD 500
LORA_CFG path=1 bw=0x0F sf=7
PHASE_START 2 HF-LoRa-SF7-128 pktSize=128
2026-07-26T15:10:07.010258+00:00 PHASE_RESULT 2 HF-LoRa-SF7-128 pktSize=128 rx=0 unique=0 lost=20 per=100.0 rssi_avg=0 rssi_min=0 crc_err=0 garbage=0 tx_lat=0.00000 tx_lon=0.00000 sats=0 fix=0 utc=0 tx_fw=none rx_fw=unknown
PHASE_GUARD 500
LORA_CFG path=1 bw=0x0F sf=7
PHASE_START 3 HF-LoRa-SF7-255 pktSize=255
2026-07-26T15:10:08.021939+00:00 TIME_SYNCED utc=1785078607 offset=1785062472
2026-07-26T15:10:10.077204+00:00 TIME_SYNCED utc=1785078609 offset=1785062473
PHASE_RESULT 3 HF-LoRa-SF7-255 pktSize=255 rx=0 unique=0 lost=20 per=100.0 rssi_avg=0 rssi_min=0 crc_err=0 garbage=0 tx_lat=0.00000 tx_lon=0.00000 sats=0 fix=0 utc=0 tx_fw=none rx_fw=unknown
PHASE_GUARD 500
LORA_CFG path=1 bw=0x0F sf=9
PHASE_START 4 HF-LoRa-SF9-32 pktSize=32
2026-07-26T15:10:11.091952+00:00 PHASE_RESULT 4 HF-LoRa-SF9-32 pktSize=32 rx=0 unique=0 lost=20 per=100.0 rssi_avg=0 rssi_min=0 crc_err=0 garbage=0 tx_lat=0.00000 tx_lon=0.00000 sats=0 fix=0 utc=0 tx_fw=none rx_fw=unknown
PHASE_GUARD 500
LORA_CFG path=1 bw=0x0F sf=9
PHASE_START 5 HF-LoRa-SF9-64 pktSize=64
2026-07-26T15:10:13.156573+00:00 PHASE_RESULT 5 HF-LoRa-SF9-64 pktSize=64 rx=0 unique=0 lost=20 per=100.0 rssi_avg=0 rssi_min=0 crc_err=0 garbage=0 tx_lat=0.00000 tx_lon=0.00000 sats=0 fix=0 utc=0 tx_fw=none rx_fw=unknown
2026-07-26T15:10:14.165193+00:00 PHASE_GUARD 500
LORA_CFG path=1 bw=0x0F sf=9
PHASE_START 6 HF-LoRa-SF9-128 pktSize=128
2026-07-26T15:10:17.284082+00:00 PHASE_RESULT 6 HF-LoRa-SF9-128 pktSize=128 rx=0 unique=0 lost=13 per=100.0 rssi_avg=0 rssi_min=0 crc_err=0 garbage=0 tx_lat=0.00000 tx_lon=0.00000 sats=0 fix=0 utc=0 tx_fw=none rx_fw=unknown
PHASE_GUARD 500
LORA_CFG path=1 bw=0x0F sf=9
2026-07-26T15:10:18.295106+00:00 PHASE_START 7 HF-LoRa-SF9-255 pktSize=255
TIME_SYNCED utc=1785078617 offset=1785062472
PHASE_RESULT 7 HF-LoRa-SF9-255 pktSize=255 rx=0 unique=0 lost=6 per=100.0 rssi_avg=0 rssi_min=0 crc_err=0 garbage=0 tx_lat=0.00000 tx_lon=0.00000 sats=0 fix=0 utc=0 tx_fw=none rx_fw=unknown
PHASE_GUARD 500
LORA_CFG path=1 bw=0x0F sf=9
PHASE_START 6 HF-LoRa-SF9-128 pktSize=128
PHASE_RESULT 6 HF-LoRa-SF9-128 pktSize=128 rx=0 unique=0 lost=13 per=100.0 rssi_avg=0 rssi_min=0 crc_err=0 garbage=0 tx_lat=0.00000 tx_lon=0.00000 sats=0 fix=0 utc=0 tx_fw=none rx_fw=unknown
PHASE_GUARD 500
LORA_CFG path=1 bw=0x0F sf=9
PHASE_START 7 HF-LoRa-SF9-255 pktSize=255
2026-07-26T15:10:20.350896+00:00 TIME_SYNCED utc=1785078619 offset=1785062472
2026-07-26T15:10:21.366636+00:00 PHASE_RESULT 7 HF-LoRa-SF9-255 pktSize=255 rx=0 unique=0 lost=6 per=100.0 rssi_avg=0 rssi_min=0 crc_err=0 garbage=0 tx_lat=0.00000 tx_lon=0.00000 sats=0 fix=0 utc=0 tx_fw=none rx_fw=unknown
PHASE_GUARD 500
LORA_CFG path=1 bw=0x0F sf=12
PHASE_START 8 HF-LoRa-SF12-32 pktSize=32
2026-07-26T15:10:24.478619+00:00 PHASE_RESULT 8 HF-LoRa-SF12-32 pktSize=32 rx=0 unique=0 lost=2 per=100.0 rssi_avg=0 rssi_min=0 crc_err=0 garbage=0 tx_lat=0.00000 tx_lon=0.00000 sats=0 fix=0 utc=0 tx_fw=none rx_fw=unknown
PHASE_GUARD 500
LORA_CFG path=1 bw=0x0F sf=12
PHASE_START 9 HF-LoRa-SF12-64 pktSize=64
2026-07-26T15:10:27.584082+00:00 PHASE_RESULT 9 HF-LoRa-SF12-64 pktSize=64 rx=0 unique=0 lost=1 per=100.0 rssi_avg=0 rssi_min=0 crc_err=0 garbage=0 tx_lat=0.00000 tx_lon=0.00000 sats=0 fix=0 utc=0 tx_fw=none rx_fw=unknown
PHASE_GUARD 500
LORA_CFG path=1 bw=0x0F sf=12
PHASE_START 10 HF-LoRa-SF12-128 pktSize=128
TIME_SYNCED utc=1785078627 offset=1785062472
2026-07-26T15:10:30.690198+00:00 TIME_SYNCED utc=1785078629 offset=1785062472
2026-07-26T15:10:32.756353+00:00 PHASE_RESULT 10 HF-LoRa-SF12-128 pktSize=128 rx=0 unique=0 lost=1 per=100.0 rssi_avg=0 rssi_min=0 crc_err=0 garbage=0 tx_lat=0.00000 tx_lon=0.00000 sats=0 fix=0 utc=0 tx_fw=none rx_fw=unknown
PHASE_GUARD 500
LORA_CFG path=1 bw=0x0F sf=12
PHASE_START 11 HF-LoRa-SF12-255 pktSize=255
2026-07-26T15:10:37.972011+00:00 TIME_SYNCED utc=1785078637 offset=1785062472
2026-07-26T15:10:41.085238+00:00 TIME_SYNCED utc=1785078640 offset=1785062473
2026-07-26T15:10:42.088621+00:00 PHASE_RESULT 11 HF-LoRa-SF12-255 pktSize=255 rx=0 unique=0 lost=1 per=100.0 rssi_avg=0 rssi_min=0 crc_err=0 garbage=0 tx_lat=0.00000 tx_lon=0.00000 sats=0 fix=0 utc=0 tx_fw=none rx_fw=unknown
PHASE_GUARD 500
PHASE_START 12 HF-FLRC-2600-32 pktSize=32
SYNC_NOT_FOUND first4=71309017
SYNC_NOT_FOUND first4=B7D36DCB
SYNC_NOT_FOUND first4=36EE036E
2026-07-26T15:10:43.099166+00:00 SYNC_NOT_FOUND first4=1FDF451F
SYNC_NOT_FOUND first4=1C6099A1
SYNC_NOT_FOUND first4=3C57329A
SYNC_NOT_FOUND first4=CBC2A601
SYNC_NOT_FOUND first4=94093752
SYNC_NOT_FOUND first4=3C731BF3
SYNC_NOT_FOUND first4=A53352D4
SYNC_NOT_FOUND first4=A3C021F6
SYNC_NOT_FOUND first4=76AF2B7D
SYNC_NOT_FOUND first4=773B724E
2026-07-26T15:10:44.111896+00:00 PHASE_RESULT 12 HF-FLRC-2600-32 pktSize=32 rx=0 unique=0 lost=100 per=100.0 rssi_avg=0 rssi_min=0 crc_err=0 garbage=13 tx_lat=0.00000 tx_lon=0.00000 sats=0 fix=0 utc=0 tx_fw=none rx_fw=unknown
PHASE_GUARD 500
PHASE_START 13 HF-FLRC-2600-64 pktSize=64
SYNC_NOT_FOUND first4=4085BB5A
SYNC_NOT_FOUND first4=4D1AFC96
SYNC_NOT_FOUND first4=5585C0B9
SYNC_NOT_FOUND first4=4582075D
SYNC_NOT_FOUND first4=06990146
2026-07-26T15:10:45.123021+00:00 SYNC_NOT_FOUND first4=19C71908
SYNC_NOT_FOUND first4=CE412F1D
SYNC_NOT_FOUND first4=313FFBC7
SYNC_NOT_FOUND first4=F18F2A15
SYNC_NOT_FOUND first4=3287B71F
2026-07-26T15:10:46.128560+00:00 PHASE_RESULT 13 HF-FLRC-2600-64 pktSize=64 rx=0 unique=0 lost=100 per=100.0 rssi_avg=0 rssi_min=0 crc_err=0 garbage=10 tx_lat=0.00000 tx_lon=0.00000 sats=0 fix=0 utc=0 tx_fw=none rx_fw=unknown
PHASE_GUARD 500
PHASE_START 14 HF-FLRC-2600-128 pktSize=128
SYNC_NOT_FOUND first4=36264C65
SYNC_NOT_FOUND first4=3A6AF7E8
SYNC_NOT_FOUND first4=6B6DC862
SYNC_NOT_FOUND first4=AC4D7BAF
SYNC_NOT_FOUND first4=806ED273
2026-07-26T15:10:47.148008+00:00 SYNC_NOT_FOUND first4=51DE8DFF
SYNC_NOT_FOUND first4=5E6B2FE1
SYNC_NOT_FOUND first4=601C5250
SYNC_NOT_FOUND first4=418B3CC9
SYNC_NOT_FOUND first4=4D71C66B
SYNC_NOT_FOUND first4=83AAEBB7
PHASE_RESULT 14 HF-FLRC-2600-128 pktSize=128 rx=0 unique=0 lost=100 per=100.0 rssi_avg=0 rssi_min=0 crc_err=0 garbage=11 tx_lat=0.00000 tx_lon=0.00000 sats=0 fix=0 utc=0 tx_fw=none rx_fw=unknown
2026-07-26T15:10:48.156158+00:00 PHASE_GUARD 500
PHASE_START 15 HF-FLRC-2600-255 pktSize=255
TIME_SYNCED utc=1785078647 offset=1785062472
PHASE_RESULT 15 HF-FLRC-2600-255 pktSize=255 rx=0 unique=0 lost=100 per=100.0 rssi_avg=0 rssi_min=0 crc_err=0 garbage=0 tx_lat=0.00000 tx_lon=0.00000 sats=0 fix=0 utc=0 tx_fw=none rx_fw=unknown
PHASE_GUARD 500
PHASE_START 14 HF-FLRC-2600-128 pktSize=128
SYNC_NOT_FOUND first4=20C8A4B1
PHASE_RESULT 14 HF-FLRC-2600-128 pktSize=128 rx=0 unique=0 lost=100 per=100.0 rssi_avg=0 rssi_min=0 crc_err=0 garbage=1 tx_lat=0.00000 tx_lon=0.00000 sats=0 fix=0 utc=0 tx_fw=none rx_fw=unknown
PHASE_GUARD 500
2026-07-26T15:10:49.176160+00:00 PHASE_START 15 HF-FLRC-2600-255 pktSize=255
SYNC_NOT_FOUND first4=13234D85
SYNC_NOT_FOUND first4=543D82B8
SYNC_NOT_FOUND first4=F1C94A62
SYNC_NOT_FOUND first4=C8C0F4A8
SYNC_NOT_FOUND first4=D230DCB9
SYNC_NOT_FOUND first4=4515848A
SYNC_NOT_FOUND first4=5A91D9CE
2026-07-26T15:10:50.190094+00:00 SYNC_NOT_FOUND first4=20597B1A
SYNC_NOT_FOUND first4=6F4E9920
SYNC_NOT_FOUND first4=3E5EB9AD
SYNC_NOT_FOUND first4=2C69E8CC
SYNC_NOT_FOUND first4=3DC4C9A1
SYNC_NOT_FOUND first4=C35C4E73
PHASE_RESULT 15 HF-FLRC-2600-255 pktSize=255 rx=0 unique=0 lost=100 per=100.0 rssi_avg=0 rssi_min=0 crc_err=0 garbage=13 tx_lat=0.00000 tx_lon=0.00000 sats=0 fix=0 utc=0 tx_fw=none rx_fw=unknown
PHASE_GUARD 500
2026-07-26T15:10:51.203351+00:00 PHASE_START 16 HF-FLRC-1300-32 pktSize=32
TIME_SYNCED utc=1785078650 offset=1785062472
SYNC_NOT_FOUND first4=C084EE5E
SYNC_NOT_FOUND first4=C5740858
SYNC_NOT_FOUND first4=B7F62CB1
SYNC_NOT_FOUND first4=3FAEF9EA
2026-07-26T15:10:52.220978+00:00 SYNC_NOT_FOUND first4=50FADF20
SYNC_NOT_FOUND first4=787DE1F2
SYNC_NOT_FOUND first4=7F966157
SYNC_NOT_FOUND first4=DD4737B3
PHASE_RESULT 16 HF-FLRC-1300-32 pktSize=32 rx=0 unique=0 lost=100 per=100.0 rssi_avg=0 rssi_min=0 crc_err=0 garbage=8 tx_lat=0.00000 tx_lon=0.00000 sats=0 fix=0 utc=0 tx_fw=none rx_fw=unknown
PHASE_GUARD 500
2026-07-26T15:10:53.235013+00:00 PHASE_START 17 HF-FLRC-1300-64 pktSize=64
SYNC_NOT_FOUND first4=1DA82F92
SYNC_NOT_FOUND first4=AEB4450D
SYNC_NOT_FOUND first4=16DA4424
2026-07-26T15:10:54.238735+00:00 SYNC_NOT_FOUND first4=51EBE11D
SYNC_NOT_FOUND first4=BFD51225
PHASE_RESULT 17 HF-FLRC-1300-64 pktSize=64 rx=0 unique=0 lost=100 per=100.0 rssi_avg=0 rssi_min=0 crc_err=0 garbage=5 tx_lat=0.00000 tx_lon=0.00000 sats=0 fix=0 utc=0 tx_fw=none rx_fw=unknown
PHASE_GUARD 500
2026-07-26T15:10:55.248281+00:00 PHASE_START 18 HF-FLRC-1300-128 pktSize=128
SYNC_NOT_FOUND first4=1D15004E
SYNC_NOT_FOUND first4=519A96C9
SYNC_NOT_FOUND first4=FACD47D9
SYNC_NOT_FOUND first4=48D28640
SYNC_NOT_FOUND first4=D8354497
SYNC_NOT_FOUND first4=B69DFE47
SYNC_NOT_FOUND first4=7260F997
2026-07-26T15:10:56.258326+00:00 SYNC_NOT_FOUND first4=81867BE0
PHASE_RESULT 18 HF-FLRC-1300-128 pktSize=128 rx=0 unique=0 lost=100 per=100.0 rssi_avg=0 rssi_min=0 crc_err=0 garbage=8 tx_lat=0.00000 tx_lon=0.00000 sats=0 fix=0 utc=0 tx_fw=none rx_fw=unknown
PHASE_GUARD 500
2026-07-26T15:10:57.267223+00:00 PHASE_START 19 HF-FLRC-1300-255 pktSize=255
SYNC_NOT_FOUND first4=A5A1B031
SYNC_NOT_FOUND first4=5DE3BBA5
SYNC_NOT_FOUND first4=07F653C0
2026-07-26T15:10:58.280536+00:00 SYNC_NOT_FOUND first4=D7FF0497
TIME_SYNCED utc=1785078657 offset=1785062472
SYNC_NOT_FOUND first4=60E75A49
SYNC_NOT_FOUND first4=10018D77
SYNC_NOT_FOUND first4=82BDF5E6
PHASE_RESULT 19 HF-FLRC-1300-255 pktSize=255 rx=0 unique=0 lost=100 per=100.0 rssi_avg=0 rssi_min=0 crc_err=0 garbage=7 tx_lat=0.00000 tx_lon=0.00000 sats=0 fix=0 utc=0 tx_fw=none rx_fw=unknown
PHASE_GUARD 500
PHASE_START 20 HF-FLRC-650-32 pktSize=32
2026-07-26T15:10:59.293429+00:00 SYNC_NOT_FOUND first4=8FCAEF11
SYNC_NOT_FOUND first4=3F809351
SYNC_NOT_FOUND first4=CA0323A2
SYNC_NOT_FOUND first4=EB2F0865
SYNC_NOT_FOUND first4=8A206631
SYNC_NOT_FOUND first4=5BCD6B69
SYNC_NOT_FOUND first4=3DA83F7D
SYNC_NOT_FOUND first4=B7BAEB97
SYNC_NOT_FOUND first4=4C6D5637
SYNC_NOT_FOUND first4=504EC541
SYNC_NOT_FOUND first4=A1B739F7
SYNC_NOT_FOUND first4=8EA0724B
SYNC_NOT_FOUND first4=8D1C67DC
SYNC_NOT_FOUND first4=67FCFB83
SYNC_NOT_FOUND first4=DFD3B343
SYNC_NOT_FOUND first4=DD529A2C
SYNC_NOT_FOUND first4=5BC2CA0D
SYNC_NOT_FOUND first4=8ADF1204
SYNC_NOT_FOUND first4=06D2E892
SYNC_NOT_FOUND first4=18B7235A
SYNC_NOT_FOUND first4=72F85C7A
SYNC_NOT_FOUND first4=3D4FCDB3
SYNC_NOT_FOUND first4=3BB4EB78
2026-07-26T15:11:00.306214+00:00 SYNC_NOT_FOUND first4=9E7E28C9
SYNC_NOT_FOUND first4=8E3B95AD
SYNC_NOT_FOUND first4=AAC6040A
SYNC_NOT_FOUND first4=FECDE4B2
SYNC_NOT_FOUND first4=2FCCA7FC
SYNC_NOT_FOUND first4=C520443A
SYNC_NOT_FOUND first4=0EE24378
SYNC_NOT_FOUND first4=13DA0029
SYNC_NOT_FOUND first4=29EB01B6
SYNC_NOT_FOUND first4=B9C1B0FA
SYNC_NOT_FOUND first4=BF2B33C2
SYNC_NOT_FOUND first4=E7FDED60
SYNC_NOT_FOUND first4=6E636227
SYNC_NOT_FOUND first4=300A6E45
SYNC_NOT_FOUND first4=8E34AE5C
SYNC_NOT_FOUND first4=500DB357
PHASE_RESULT 20 HF-FLRC-650-32 pktSize=32 rx=0 unique=0 lost=100 per=100.0 rssi_avg=0 rssi_min=0 crc_err=0 garbage=39 tx_lat=0.00000 tx_lon=0.00000 sats=0 fix=0 utc=0 tx_fw=none rx_fw=unknown
PHASE_GUARD 500
PHASE_START 21 HF-FLRC-650-64 pktSize=64
2026-07-26T15:11:01.312000+00:00 TIME_SYNCED utc=1785078660 offset=1785062472
SYNC_NOT_FOUND first4=1E91A694
SYNC_NOT_FOUND first4=E2B2C866
SYNC_NOT_FOUND first4=8C261F53
SYNC_NOT_FOUND first4=AE2CA57A
SYNC_NOT_FOUND first4=C520641F
SYNC_NOT_FOUND first4=B6DE1CE9
SYNC_NOT_FOUND first4=1451D99A
SYNC_NOT_FOUND first4=CB8A6B2F
SYNC_NOT_FOUND first4=9EFD5C5A
SYNC_NOT_FOUND first4=58E17250
SYNC_NOT_FOUND first4=96E90427
SYNC_NOT_FOUND first4=4EF1AF0F
SYNC_NOT_FOUND first4=D3D16E4B
SYNC_NOT_FOUND first4=736C4E67
SYNC_NOT_FOUND first4=011942AB
SYNC_NOT_FOUND first4=87AC626C
SYNC_NOT_FOUND first4=997CC051
SYNC_NOT_FOUND first4=ACA4A684
SYNC_NOT_FOUND first4=69F4C097
SYNC_NOT_FOUND first4=39F10F74
SYNC_NOT_FOUND first4=02A2D6D1
SYNC_NOT_FOUND first4=67959D09
SYNC_NOT_FOUND first4=A2A501A8
SYNC_NOT_FOUND first4=B8D6784F
2026-07-26T15:11:02.323241+00:00 SYNC_NOT_FOUND first4=5AAC5034
SYNC_NOT_FOUND first4=B7A27904
SYNC_NOT_FOUND first4=4D7BDC68
SYNC_NOT_FOUND first4=9D62E56B
SYNC_NOT_FOUND first4=EAAC5B69
SYNC_NOT_FOUND first4=8B7C57EB
SYNC_NOT_FOUND first4=41E34586
SYNC_NOT_FOUND first4=3E62B97E
SYNC_NOT_FOUND first4=0EAD9FEE
SYNC_NOT_FOUND first4=ACB2E6E7
SYNC_NOT_FOUND first4=0372063C
SYNC_NOT_FOUND first4=45CAA598
SYNC_NOT_FOUND first4=A974467E
PHASE_RESULT 21 HF-FLRC-650-64 pktSize=64 rx=0 unique=0 lost=100 per=100.0 rssi_avg=0 rssi_min=0 crc_err=0 garbage=37 tx_lat=0.00000 tx_lon=0.00000 sats=0 fix=0 utc=0 tx_fw=none rx_fw=unknown
PHASE_GUARD 500
PHASE_START 22 HF-FLRC-650-128 pktSize=128
SYNC_NOT_FOUND first4=CB4303E1
2026-07-26T15:11:03.325934+00:00 SYNC_NOT_FOUND first4=8C7F98C3
SYNC_NOT_FOUND first4=94B09213
SYNC_NOT_FOUND first4=D48DB51F
SYNC_NOT_FOUND first4=8B81BE35
SYNC_NOT_FOUND first4=165E2B94
SYNC_NOT_FOUND first4=01759E0E
SYNC_NOT_FOUND first4=3CAFCD04
SYNC_NOT_FOUND first4=EC185850
SYNC_NOT_FOUND first4=8B774BAE
SYNC_NOT_FOUND first4=90182E7F
SYNC_NOT_FOUND first4=0855F41D
SYNC_NOT_FOUND first4=129800F2
SYNC_NOT_FOUND first4=5E5BE795
SYNC_NOT_FOUND first4=4BAF7018
SYNC_NOT_FOUND first4=8BC775A2
SYNC_NOT_FOUND first4=7509007A
SYNC_NOT_FOUND first4=17742364
SYNC_NOT_FOUND first4=6107CA28
SYNC_NOT_FOUND first4=155AA7C2
SYNC_NOT_FOUND first4=2E845F0F
SYNC_NOT_FOUND first4=A3935AEF
SYNC_NOT_FOUND first4=32502123
2026-07-26T15:11:04.331381+00:00 SYNC_NOT_FOUND first4=F487EB24
SYNC_NOT_FOUND first4=8CBC4CB5
SYNC_NOT_FOUND first4=3C0D7434
SYNC_NOT_FOUND first4=B86C964E
SYNC_NOT_FOUND first4=66F1B6E3
SYNC_NOT_FOUND first4=A4C8BC97
SYNC_NOT_FOUND first4=15760919
SYNC_NOT_FOUND first4=C29FCF05
SYNC_NOT_FOUND first4=25F110E5
SYNC_NOT_FOUND first4=B10E3314
SYNC_NOT_FOUND first4=5720F1D4
SYNC_NOT_FOUND first4=CC3218CD
SYNC_NOT_FOUND first4=E725CCC2
PHASE_RESULT 22 HF-FLRC-650-128 pktSize=128 rx=0 unique=0 lost=100 per=100.0 rssi_avg=0 rssi_min=0 crc_err=0 garbage=36 tx_lat=0.00000 tx_lon=0.00000 sats=0 fix=0 utc=0 tx_fw=none rx_fw=unknown
PHASE_GUARD 500
PHASE_START 23 HF-FLRC-650-255 pktSize=255
SYNC_NOT_FOUND first4=57DA7AF9
2026-07-26T15:11:05.336459+00:00 SYNC_NOT_FOUND first4=8932F061
SYNC_NOT_FOUND first4=5426CC22
SYNC_NOT_FOUND first4=F5293911
SYNC_NOT_FOUND first4=098B0686
SYNC_NOT_FOUND first4=B2B8D058
SYNC_NOT_FOUND first4=D25F4CA0
SYNC_NOT_FOUND first4=B58CEF42
SYNC_NOT_FOUND first4=F51B59ED
SYNC_NOT_FOUND first4=98303FAC
SYNC_NOT_FOUND first4=5FAD029D
SYNC_NOT_FOUND first4=BF446670
SYNC_NOT_FOUND first4=6C03F470
SYNC_NOT_FOUND first4=60459831
SYNC_NOT_FOUND first4=0D802C23
2026-07-26T15:11:06.341776+00:00 SYNC_NOT_FOUND first4=33179966
SYNC_NOT_FOUND first4=9CA735F4
SYNC_NOT_FOUND first4=85BA561D
SYNC_NOT_FOUND first4=B8FAE465
SYNC_NOT_FOUND first4=1634021A
SYNC_NOT_FOUND first4=1801D437
SYNC_NOT_FOUND first4=1C56B558
SYNC_NOT_FOUND first4=73D7213A
SYNC_NOT_FOUND first4=268FBD5D
SYNC_NOT_FOUND first4=1A2BA2A2
PHASE_RESULT 23 HF-FLRC-650-255 pktSize=255 rx=0 unique=0 lost=100 per=100.0 rssi_avg=0 rssi_min=0 crc_err=0 garbage=25 tx_lat=0.00000 tx_lon=0.00000 sats=0 fix=0 utc=0 tx_fw=none rx_fw=unknown
PHASE_GUARD 500
PHASE_START 24 HF-FLRC-325-32 pktSize=32
SYNC_NOT_FOUND first4=47B851FA
2026-07-26T15:11:07.352218+00:00 SYNC_NOT_FOUND first4=795713DF
2026-07-26T15:11:08.356389+00:00 SYNC_NOT_FOUND first4=DC9F1611
SYNC_NOT_FOUND first4=1CA90EBF
TIME_SYNCED utc=1785078667 offset=1785062472
SYNC_NOT_FOUND first4=61541303
SYNC_NOT_FOUND first4=8B080171
PHASE_RESULT 24 HF-FLRC-325-32 pktSize=32 rx=0 unique=0 lost=100 per=100.0 rssi_avg=0 rssi_min=0 crc_err=0 garbage=6 tx_lat=0.00000 tx_lon=0.00000 sats=0 fix=0 utc=0 tx_fw=none rx_fw=unknown
PHASE_GUARD 500
PHASE_START 25 HF-FLRC-325-64 pktSize=64
SYNC_NOT_FOUND first4=125E9598
2026-07-26T15:11:09.362200+00:00 SYNC_NOT_FOUND first4=5718FA6D
2026-07-26T15:11:10.369436+00:00 SYNC_NOT_FOUND first4=3ADA7F75
SYNC_NOT_FOUND first4=75F9B08C
SYNC_NOT_FOUND first4=73BC11D6
SYNC_NOT_FOUND first4=6A93C4EB
SYNC_NOT_FOUND first4=57CFC7E7
PHASE_RESULT 25 HF-FLRC-325-64 pktSize=64 rx=0 unique=0 lost=100 per=100.0 rssi_avg=0 rssi_min=0 crc_err=0 garbage=7 tx_lat=0.00000 tx_lon=0.00000 sats=0 fix=0 utc=0 tx_fw=none rx_fw=unknown
PHASE_GUARD 500
PHASE_START 26 HF-FLRC-325-128 pktSize=128
2026-07-26T15:11:11.375055+00:00 TIME_SYNCED utc=1785078670 offset=1785062472
SYNC_NOT_FOUND first4=22DE9968
SYNC_NOT_FOUND first4=F9AB7BAF
SYNC_NOT_FOUND first4=603C7D0A
SYNC_NOT_FOUND first4=1C419BA0
SYNC_NOT_FOUND first4=BF606827
SYNC_NOT_FOUND first4=E46EDA23
2026-07-26T15:11:12.380220+00:00 SYNC_NOT_FOUND first4=8A201DFC
SYNC_NOT_FOUND first4=7948D40C
PHASE_RESULT 26 HF-FLRC-325-128 pktSize=128 rx=0 unique=0 lost=100 per=100.0 rssi_avg=0 rssi_min=0 crc_err=0 garbage=8 tx_lat=0.00000 tx_lon=0.00000 sats=0 fix=0 utc=0 tx_fw=none rx_fw=unknown
PHASE_GUARD 500
PHASE_START 27 HF-FLRC-325-255 pktSize=255
SYNC_NOT_FOUND first4=10464180
2026-07-26T15:11:13.388222+00:00 SYNC_NOT_FOUND first4=EE2A18A3
2026-07-26T15:11:14.395200+00:00 SYNC_NOT_FOUND first4=ACB1D351
PHASE_RESULT 27 HF-FLRC-325-255 pktSize=255 rx=0 unique=0 lost=100 per=100.0 rssi_avg=0 rssi_min=0 crc_err=0 garbage=3 tx_lat=0.00000 tx_lon=0.00000 sats=0 fix=0 utc=0 tx_fw=none rx_fw=unknown
PHASE_GUARD 500
LORA_CFG path=0 bw=0x05 sf=7
PHASE_START 28 LF-LoRa-SF7-32 pktSize=32
2026-07-26T15:11:16.453447+00:00 PHASE_RESULT 28 LF-LoRa-SF7-32 pktSize=32 rx=0 unique=0 lost=20 per=100.0 rssi_avg=0 rssi_min=0 crc_err=0 garbage=0 tx_lat=0.00000 tx_lon=0.00000 sats=0 fix=0 utc=0 tx_fw=none rx_fw=unknown
PHASE_GUARD 500
LORA_CFG path=0 bw=0x05 sf=7
PHASE_START 29 LF-LoRa-SF7-64 pktSize=64
2026-07-26T15:11:18.513096+00:00 TIME_SYNCED utc=1785078677 offset=1785062472
2026-07-26T15:11:19.525507+00:00 PHASE_RESULT 29 LF-LoRa-SF7-64 pktSize=64 rx=0 unique=0 lost=20 per=100.0 rssi_avg=0 rssi_min=0 crc_err=0 garbage=0 tx_lat=0.00000 tx_lon=0.00000 sats=0 fix=0 utc=0 tx_fw=none rx_fw=unknown
PHASE_GUARD 500
LORA_CFG path=0 bw=0x05 sf=7
PHASE_START 30 LF-LoRa-SF7-128 pktSize=128
2026-07-26T15:11:21.593218+00:00 TIME_SYNCED utc=1785078680 offset=1785062472
2026-07-26T15:11:23.655779+00:00 PHASE_RESULT 30 LF-LoRa-SF7-128 pktSize=128 rx=0 unique=0 lost=13 per=100.0 rssi_avg=0 rssi_min=0 crc_err=0 garbage=0 tx_lat=0.00000 tx_lon=0.00000 sats=0 fix=0 utc=0 tx_fw=none rx_fw=unknown
PHASE_GUARD 500
LORA_CFG path=0 bw=0x05 sf=7
PHASE_START 31 LF-LoRa-SF7-255 pktSize=255
2026-07-26T15:11:27.827840+00:00 PHASE_RESULT 31 LF-LoRa-SF7-255 pktSize=255 rx=0 unique=0 lost=7 per=100.0 rssi_avg=0 rssi_min=0 crc_err=0 garbage=0 tx_lat=0.00000 tx_lon=0.00000 sats=0 fix=0 utc=0 tx_fw=none rx_fw=unknown
PHASE_GUARD 500
LORA_CFG path=0 bw=0x05 sf=9
PHASE_START 32 LF-LoRa-SF9-32 pktSize=32
2026-07-26T15:11:28.840225+00:00 TIME_SYNCED utc=1785078687 offset=1785062472
2026-07-26T15:11:31.953213+00:00 TIME_SYNCED utc=1785078690 offset=1785062472
PHASE_RESULT 32 LF-LoRa-SF9-32 pktSize=32 rx=0 unique=0 lost=7 per=100.0 rssi_avg=0 rssi_min=0 crc_err=0 garbage=0 tx_lat=0.00000 tx_lon=0.00000 sats=0 fix=0 utc=0 tx_fw=none rx_fw=unknown
PHASE_GUARD 500
LORA_CFG path=0 bw=0x05 sf=9
PHASE_START 33 LF-LoRa-SF9-64 pktSize=64
2026-07-26T15:11:35.063217+00:00 PHASE_RESULT 33 LF-LoRa-SF9-64 pktSize=64 rx=0 unique=0 lost=3 per=100.0 rssi_avg=0 rssi_min=0 crc_err=0 garbage=0 tx_lat=0.00000 tx_lon=0.00000 sats=0 fix=0 utc=0 tx_fw=none rx_fw=unknown
PHASE_GUARD 500
LORA_CFG path=0 bw=0x05 sf=9
PHASE_START 34 LF-LoRa-SF9-128 pktSize=128
2026-07-26T15:11:37.125230+00:00 PHASE_RESULT 34 LF-LoRa-SF9-128 pktSize=128 rx=0 unique=0 lost=1 per=100.0 rssi_avg=0 rssi_min=0 crc_err=0 garbage=0 tx_lat=0.00000 tx_lon=0.00000 sats=0 fix=0 utc=0 tx_fw=none rx_fw=unknown
PHASE_GUARD 500
LORA_CFG path=0 bw=0x05 sf=9
PHASE_START 35 LF-LoRa-SF9-255 pktSize=255
2026-07-26T15:11:38.129001+00:00 TIME_SYNCED utc=1785078697 offset=1785062472
2026-07-26T15:11:40.188418+00:00 PHASE_RESULT 35 LF-LoRa-SF9-255 pktSize=255 rx=0 unique=0 lost=1 per=100.0 rssi_avg=0 rssi_min=0 crc_err=0 garbage=0 tx_lat=0.00000 tx_lon=0.00000 sats=0 fix=0 utc=0 tx_fw=none rx_fw=unknown
PHASE_GUARD 500
2026-07-26T15:11:41.193226+00:00 LORA_CFG path=0 bw=0x05 sf=12
PHASE_START 36 LF-LoRa-SF12-32 pktSize=32
2026-07-26T15:11:42.203219+00:00 TIME_SYNCED utc=1785078701 offset=1785062472
2026-07-26T15:11:48.466821+00:00 TIME_SYNCED utc=1785078707 offset=1785062472
2026-07-26T15:11:52.631175+00:00 TIME_SYNCED utc=1785078711 offset=1785062472
2026-07-26T15:11:55.739181+00:00 PHASE_RESULT 36 LF-LoRa-SF12-32 pktSize=32 rx=0 unique=0 lost=1 per=100.0 rssi_avg=0 rssi_min=0 crc_err=0 garbage=0 tx_lat=0.00000 tx_lon=0.00000 sats=0 fix=0 utc=0 tx_fw=none rx_fw=unknown
PHASE_GUARD 500
LORA_CFG path=0 bw=0x05 sf=12
PHASE_START 37 LF-LoRa-SF12-SKIP SKIP pktSize=64
2026-07-26T15:11:56.743973+00:00 PHASE_RESULT 37 LF-LoRa-SF12-SKIP pktSize=64 rx=0 unique=0 lost=0 per=0.0 rssi_avg=0 rssi_min=0 crc_err=0 garbage=0 tx_lat=0.00000 tx_lon=0.00000 sats=0 fix=0 utc=0 tx_fw=none rx_fw=unknown
PHASE_GUARD 500
LORA_CFG path=0 bw=0x05 sf=12
PHASE_START 38 LF-LoRa-SF12-SKIP SKIP pktSize=128
2026-07-26T15:11:57.747821+00:00 PHASE_RESULT 38 LF-LoRa-SF12-SKIP pktSize=128 rx=0 unique=0 lost=0 per=0.0 rssi_avg=0 rssi_min=0 crc_err=0 garbage=0 tx_lat=0.00000 tx_lon=0.00000 sats=0 fix=0 utc=0 tx_fw=none rx_fw=unknown
PHASE_GUARD 500
LORA_CFG path=0 bw=0x05 sf=12
PHASE_START 39 LF-LoRa-SF12-SKIP SKIP pktSize=255
2026-07-26T15:11:58.753947+00:00 TIME_SYNCED utc=1785078718 offset=1785062473
PHASE_RESULT 39 LF-LoRa-SF12-SKIP pktSize=255 rx=0 unique=0 lost=0 per=0.0 rssi_avg=0 rssi_min=0 crc_err=0 garbage=0 tx_lat=0.00000 tx_lon=0.00000 sats=0 fix=0 utc=0 tx_fw=none rx_fw=unknown
PHASE_GUARD 500
PHASE_START 40 LF-FLRC-2600-32 pktSize=32
SYNC_NOT_FOUND first4=923B1186
SYNC_NOT_FOUND first4=AC7CADB4
2026-07-26T15:11:59.773237+00:00 PHASE_RESULT 40 LF-FLRC-2600-32 pktSize=32 rx=0 unique=0 lost=100 per=100.0 rssi_avg=0 rssi_min=0 crc_err=0 garbage=2 tx_lat=0.00000 tx_lon=0.00000 sats=0 fix=0 utc=0 tx_fw=none rx_fw=unknown
PHASE_GUARD 500
PHASE_START 41 LF-FLRC-2600-64 pktSize=64
2026-07-26T15:12:00.778940+00:00 SYNC_NOT_FOUND first4=427C3AFC
2026-07-26T15:12:01.787118+00:00 PHASE_RESULT 41 LF-FLRC-2600-64 pktSize=64 rx=0 unique=0 lost=100 per=100.0 rssi_avg=0 rssi_min=0 crc_err=0 garbage=1 tx_lat=0.00000 tx_lon=0.00000 sats=0 fix=0 utc=0 tx_fw=none rx_fw=unknown
PHASE_GUARD 500
PHASE_START 42 LF-FLRC-2600-128 pktSize=128
2026-07-26T15:12:02.794264+00:00 TIME_SYNCED utc=1785078721 offset=1785062472
PHASE_RESULT 42 LF-FLRC-2600-128 pktSize=128 rx=0 unique=0 lost=100 per=100.0 rssi_avg=0 rssi_min=0 crc_err=0 garbage=0 tx_lat=0.00000 tx_lon=0.00000 sats=0 fix=0 utc=0 tx_fw=none rx_fw=unknown
PHASE_GUARD 500
PHASE_START 41 LF-FLRC-2600-64 pktSize=64
PHASE_RESULT 41 LF-FLRC-2600-64 pktSize=64 rx=0 unique=0 lost=100 per=100.0 rssi_avg=0 rssi_min=0 crc_err=0 garbage=0 tx_lat=0.00000 tx_lon=0.00000 sats=0 fix=0 utc=0 tx_fw=none rx_fw=unknown
PHASE_GUARD 500
PHASE_START 42 LF-FLRC-2600-128 pktSize=128
2026-07-26T15:12:04.849286+00:00 SYNC_NOT_FOUND first4=03C81C1B
PHASE_RESULT 42 LF-FLRC-2600-128 pktSize=128 rx=0 unique=0 lost=100 per=100.0 rssi_avg=0 rssi_min=0 crc_err=0 garbage=1 tx_lat=0.00000 tx_lon=0.00000 sats=0 fix=0 utc=0 tx_fw=none rx_fw=unknown
PHASE_GUARD 500
PHASE_START 43 LF-FLRC-2600-255 pktSize=255
2026-07-26T15:12:06.916237+00:00 PHASE_RESULT 43 LF-FLRC-2600-255 pktSize=255 rx=0 unique=0 lost=100 per=100.0 rssi_avg=0 rssi_min=0 crc_err=0 garbage=0 tx_lat=0.00000 tx_lon=0.00000 sats=0 fix=0 utc=0 tx_fw=none rx_fw=unknown
PHASE_GUARD 500
PHASE_START 44 LF-FLRC-1300-32 pktSize=32
2026-07-26T15:12:07.920217+00:00 SYNC_NOT_FOUND first4=BB134DF9
SYNC_NOT_FOUND first4=8D47161F
SYNC_NOT_FOUND first4=2C39DC73
SYNC_NOT_FOUND first4=D174CA79
2026-07-26T15:12:08.923764+00:00 TIME_SYNCED utc=1785078728 offset=1785062473
PHASE_RESULT 44 LF-FLRC-1300-32 pktSize=32 rx=0 unique=0 lost=100 per=100.0 rssi_avg=0 rssi_min=0 crc_err=0 garbage=4 tx_lat=0.00000 tx_lon=0.00000 sats=0 fix=0 utc=0 tx_fw=none rx_fw=unknown
PHASE_GUARD 500
PHASE_START 45 LF-FLRC-1300-64 pktSize=64
SYNC_NOT_FOUND first4=F32E4FE2
SYNC_NOT_FOUND first4=BD3FC631
2026-07-26T15:12:09.928212+00:00 PHASE_RESULT 45 LF-FLRC-1300-64 pktSize=64 rx=0 unique=0 lost=100 per=100.0 rssi_avg=0 rssi_min=0 crc_err=0 garbage=2 tx_lat=0.00000 tx_lon=0.00000 sats=0 fix=0 utc=0 tx_fw=none rx_fw=unknown
PHASE_GUARD 500
PHASE_START 46 LF-FLRC-1300-128 pktSize=128
2026-07-26T15:12:11.990196+00:00 PHASE_RESULT 46 LF-FLRC-1300-128 pktSize=128 rx=0 unique=0 lost=100 per=100.0 rssi_avg=0 rssi_min=0 crc_err=0 garbage=0 tx_lat=0.00000 tx_lon=0.00000 sats=0 fix=0 utc=0 tx_fw=none rx_fw=unknown
PHASE_GUARD 500
PHASE_START 47 LF-FLRC-1300-255 pktSize=255
2026-07-26T15:12:12.995114+00:00 TIME_SYNCED utc=1785078731 offset=1785062472
PHASE_RESULT 47 LF-FLRC-1300-255 pktSize=255 rx=0 unique=0 lost=100 per=100.0 rssi_avg=0 rssi_min=0 crc_err=0 garbage=0 tx_lat=0.00000 tx_lon=0.00000 sats=0 fix=0 utc=0 tx_fw=none rx_fw=unknown
PHASE_GUARD 500
PHASE_START 46 LF-FLRC-1300-128 pktSize=128
PHASE_RESULT 46 LF-FLRC-1300-128 pktSize=128 rx=0 unique=0 lost=100 per=100.0 rssi_avg=0 rssi_min=0 crc_err=0 garbage=0 tx_lat=0.00000 tx_lon=0.00000 sats=0 fix=0 utc=0 tx_fw=none rx_fw=unknown
PHASE_GUARD 500
PHASE_START 47 LF-FLRC-1300-255 pktSize=255
2026-07-26T15:12:14.006907+00:00 SYNC_NOT_FOUND first4=250C3735
2026-07-26T15:12:15.018532+00:00 PHASE_RESULT 47 LF-FLRC-1300-255 pktSize=255 rx=0 unique=0 lost=100 per=100.0 rssi_avg=0 rssi_min=0 crc_err=0 garbage=1 tx_lat=0.00000 tx_lon=0.00000 sats=0 fix=0 utc=0 tx_fw=none rx_fw=unknown
PHASE_GUARD 500
PHASE_START 48 LF-FLRC-650-32 pktSize=32
SYNC_NOT_FOUND first4=2706026A
2026-07-26T15:12:16.030180+00:00 SYNC_NOT_FOUND first4=249A74BD
SYNC_NOT_FOUND first4=A25486D8
SYNC_NOT_FOUND first4=47C6FE7B
SYNC_NOT_FOUND first4=5AAB855B
2026-07-26T15:12:17.041661+00:00 PHASE_RESULT 48 LF-FLRC-650-32 pktSize=32 rx=0 unique=0 lost=100 per=100.0 rssi_avg=0 rssi_min=0 crc_err=0 garbage=5 tx_lat=0.00000 tx_lon=0.00000 sats=0 fix=0 utc=0 tx_fw=none rx_fw=unknown
PHASE_GUARD 500
PHASE_START 49 LF-FLRC-650-64 pktSize=64
SYNC_NOT_FOUND first4=09D0EE80
SYNC_NOT_FOUND first4=8B9C0A6D
2026-07-26T15:12:19.104456+00:00 TIME_SYNCED utc=1785078738 offset=1785062473
PHASE_RESULT 49 LF-FLRC-650-64 pktSize=64 rx=0 unique=0 lost=100 per=100.0 rssi_avg=0 rssi_min=0 crc_err=0 garbage=2 tx_lat=0.00000 tx_lon=0.00000 sats=0 fix=0 utc=0 tx_fw=none rx_fw=unknown
PHASE_GUARD 500
PHASE_START 50 LF-FLRC-650-128 pktSize=128
2026-07-26T15:12:20.116296+00:00 PHASE_RESULT 50 LF-FLRC-650-128 pktSize=128 rx=0 unique=0 lost=100 per=100.0 rssi_avg=0 rssi_min=0 crc_err=0 garbage=0 tx_lat=0.00000 tx_lon=0.00000 sats=0 fix=0 utc=0 tx_fw=none rx_fw=unknown
PHASE_GUARD 500
PHASE_START 51 LF-FLRC-650-255 pktSize=255
SYNC_NOT_FOUND first4=CB9BC0C8
2026-07-26T15:12:21.127286+00:00 SYNC_NOT_FOUND first4=F0E62B3D
SYNC_NOT_FOUND first4=2110AA8D
SYNC_NOT_FOUND first4=7DA2C06C
PHASE_RESULT 51 LF-FLRC-650-255 pktSize=255 rx=0 unique=0 lost=100 per=100.0 rssi_avg=0 rssi_min=0 crc_err=0 garbage=4 tx_lat=0.00000 tx_lon=0.00000 sats=0 fix=0 utc=0 tx_fw=none rx_fw=unknown
2026-07-26T15:12:22.142001+00:00 PHASE_GUARD 500
PHASE_START 52 LF-FLRC-325-32 pktSize=32
2026-07-26T15:12:23.154355+00:00 TIME_SYNCED utc=1785078742 offset=1785062472
2026-07-26T15:12:24.165150+00:00 PHASE_RESULT 52 LF-FLRC-325-32 pktSize=32 rx=0 unique=0 lost=100 per=100.0 rssi_avg=0 rssi_min=0 crc_err=0 garbage=0 tx_lat=0.00000 tx_lon=0.00000 sats=0 fix=0 utc=0 tx_fw=none rx_fw=unknown
PHASE_GUARD 500
2026-07-26T15:12:25.181798+00:00 PHASE_START 53 LF-FLRC-325-64 pktSize=64
2026-07-26T15:12:26.185745+00:00 PHASE_RESULT 53 LF-FLRC-325-64 pktSize=64 rx=0 unique=0 lost=100 per=100.0 rssi_avg=0 rssi_min=0 crc_err=0 garbage=0 tx_lat=0.00000 tx_lon=0.00000 sats=0 fix=0 utc=0 tx_fw=none rx_fw=unknown
PHASE_GUARD 500
2026-07-26T15:12:27.191357+00:00 PHASE_START 54 LF-FLRC-325-128 pktSize=128
2026-07-26T15:12:28.202375+00:00 TIME_SYNCED utc=1785078748 offset=1785062473
PHASE_RESULT 54 LF-FLRC-325-128 pktSize=128 rx=0 unique=0 lost=100 per=100.0 rssi_avg=0 rssi_min=0 crc_err=0 garbage=0 tx_lat=0.00000 tx_lon=0.00000 sats=0 fix=0 utc=0 tx_fw=none rx_fw=unknown
PHASE_GUARD 500
2026-07-26T15:12:29.215366+00:00 PHASE_START 55 LF-FLRC-325-255 pktSize=255
PHASE_RESULT 55 LF-FLRC-325-255 pktSize=255 rx=0 unique=0 lost=100 per=100.0 rssi_avg=0 rssi_min=0 crc_err=0 garbage=0 tx_lat=0.00000 tx_lon=0.00000 sats=0 fix=0 utc=0 tx_fw=none rx_fw=unknown
PHASE_GUARD 500
LORA_CFG path=1 bw=0x0F sf=7
2026-07-26T15:12:30.222355+00:00 PHASE_START 0 HF-LoRa-SF7-32 pktSize=32
2026-07-26T15:12:31.228513+00:00 PHASE_RESULT 0 HF-LoRa-SF7-32 pktSize=32 rx=0 unique=0 lost=20 per=100.0 rssi_avg=0 rssi_min=0 crc_err=0 garbage=0 tx_lat=0.00000 tx_lon=0.00000 sats=0 fix=0 utc=0 tx_fw=none rx_fw=unknown
PHASE_GUARD 500
LORA_CFG path=1 bw=0x0F sf=7
2026-07-26T15:12:32.245030+00:00 PHASE_START 1 HF-LoRa-SF7-64 pktSize=64
2026-07-26T15:12:33.257214+00:00 TIME_SYNCED utc=1785078752 offset=1785062472
2026-07-26T15:12:34.272831+00:00 PHASE_RESULT 1 HF-LoRa-SF7-64 pktSize=64 rx=0 unique=0 lost=20 per=100.0 rssi_avg=0 rssi_min=0 crc_err=0 garbage=0 tx_lat=0.00000 tx_lon=0.00000 sats=0 fix=0 utc=0 tx_fw=none rx_fw=unknown
PHASE_GUARD 500
LORA_CFG path=1 bw=0x0F sf=7
PHASE_START 2 HF-LoRa-SF7-128 pktSize=128
2026-07-26T15:12:36.336729+00:00 PHASE_RESULT 2 HF-LoRa-SF7-128 pktSize=128 rx=0 unique=0 lost=20 per=100.0 rssi_avg=0 rssi_min=0 crc_err=0 garbage=0 tx_lat=0.00000 tx_lon=0.00000 sats=0 fix=0 utc=0 tx_fw=none rx_fw=unknown
PHASE_GUARD 500
LORA_CFG path=1 bw=0x0F sf=7
PHASE_START 3 HF-LoRa-SF7-255 pktSize=255
2026-07-26T15:12:38.404477+00:00 TIME_SYNCED utc=1785078758 offset=1785062473
PHASE_RESULT 3 HF-LoRa-SF7-255 pktSize=255 rx=0 unique=0 lost=20 per=100.0 rssi_avg=0 rssi_min=0 crc_err=0 garbage=0 tx_lat=0.00000 tx_lon=0.00000 sats=0 fix=0 utc=0 tx_fw=none rx_fw=unknown
PHASE_GUARD 500
LORA_CFG path=1 bw=0x0F sf=9
PHASE_START 4 HF-LoRa-SF9-32 pktSize=32
2026-07-26T15:12:40.466714+00:00 PHASE_RESULT 4 HF-LoRa-SF9-32 pktSize=32 rx=0 unique=0 lost=20 per=100.0 rssi_avg=0 rssi_min=0 crc_err=0 garbage=0 tx_lat=0.00000 tx_lon=0.00000 sats=0 fix=0 utc=0 tx_fw=none rx_fw=unknown
PHASE_GUARD 500
LORA_CFG path=1 bw=0x0F sf=9
PHASE_START 5 HF-LoRa-SF9-64 pktSize=64
2026-07-26T15:12:43.581353+00:00 TIME_SYNCED utc=1785078762 offset=1785062472
2026-07-26T15:12:44.595230+00:00 PHASE_RESULT 5 HF-LoRa-SF9-64 pktSize=64 rx=0 unique=0 lost=20 per=100.0 rssi_avg=0 rssi_min=0 crc_err=0 garbage=0 tx_lat=0.00000 tx_lon=0.00000 sats=0 fix=0 utc=0 tx_fw=none rx_fw=unknown
PHASE_GUARD 500
LORA_CFG path=1 bw=0x0F sf=9
PHASE_START 6 HF-LoRa-SF9-128 pktSize=128
2026-07-26T15:12:48.751273+00:00 PHASE_RESULT 6 HF-LoRa-SF9-128 pktSize=128 rx=0 unique=0 lost=13 per=100.0 rssi_avg=0 rssi_min=0 crc_err=0 garbage=0 tx_lat=0.00000 tx_lon=0.00000 sats=0 fix=0 utc=0 tx_fw=none rx_fw=unknown
PHASE_GUARD 500
LORA_CFG path=1 bw=0x0F sf=9
PHASE_START 7 HF-LoRa-SF9-255 pktSize=255
TIME_SYNCED utc=1785078768 offset=1785062472
2026-07-26T15:12:51.857254+00:00 PHASE_RESULT 7 HF-LoRa-SF9-255 pktSize=255 rx=0 unique=0 lost=6 per=100.0 rssi_avg=0 rssi_min=0 crc_err=0 garbage=0 tx_lat=0.00000 tx_lon=0.00000 sats=0 fix=0 utc=0 tx_fw=none rx_fw=unknown
PHASE_GUARD 500
LORA_CFG path=1 bw=0x0F sf=12
PHASE_START 8 HF-LoRa-SF12-32 pktSize=32
2026-07-26T15:12:53.919627+00:00 TIME_SYNCED utc=1785078772 offset=1785062472
2026-07-26T15:12:54.935641+00:00 PHASE_RESULT 8 HF-LoRa-SF12-32 pktSize=32 rx=0 unique=0 lost=2 per=100.0 rssi_avg=0 rssi_min=0 crc_err=0 garbage=0 tx_lat=0.00000 tx_lon=0.00000 sats=0 fix=0 utc=0 tx_fw=none rx_fw=unknown
PHASE_GUARD 500
LORA_CFG path=1 bw=0x0F sf=12
PHASE_START 9 HF-LoRa-SF12-64 pktSize=64
2026-07-26T15:12:58.054258+00:00 PHASE_RESULT 9 HF-LoRa-SF12-64 pktSize=64 rx=0 unique=0 lost=1 per=100.0 rssi_avg=0 rssi_min=0 crc_err=0 garbage=0 tx_lat=0.00000 tx_lon=0.00000 sats=0 fix=0 utc=0 tx_fw=none rx_fw=unknown
PHASE_GUARD 500
LORA_CFG path=1 bw=0x0F sf=12
PHASE_START 10 HF-LoRa-SF12-128 pktSize=128
2026-07-26T15:12:59.066040+00:00 TIME_SYNCED utc=1785078778 offset=1785062472
2026-07-26T15:13:02.184125+00:00 PHASE_RESULT 10 HF-LoRa-SF12-128 pktSize=128 rx=0 unique=0 lost=1 per=100.0 rssi_avg=0 rssi_min=0 crc_err=0 garbage=0 tx_lat=0.00000 tx_lon=0.00000 sats=0 fix=0 utc=0 tx_fw=none rx_fw=unknown
PHASE_GUARD 500
LORA_CFG path=1 bw=0x0F sf=12
2026-07-26T15:13:03.199814+00:00 PHASE_START 11 HF-LoRa-SF12-255 pktSize=255
2026-07-26T15:13:04.212198+00:00 TIME_SYNCED utc=1785078783 offset=1785062472
2026-07-26T15:13:08.379464+00:00 TIME_SYNCED utc=1785078788 offset=1785062472
2026-07-26T15:13:12.542482+00:00 PHASE_RESULT 11 HF-LoRa-SF12-255 pktSize=255 rx=0 unique=0 lost=1 per=100.0 rssi_avg=0 rssi_min=0 crc_err=0 garbage=0 tx_lat=0.00000 tx_lon=0.00000 sats=0 fix=0 utc=0 tx_fw=none rx_fw=unknown
PHASE_GUARD 500
PHASE_START 12 HF-FLRC-2600-32 pktSize=32
SYNC_NOT_FOUND first4=00836856
2026-07-26T15:13:13.553007+00:00 SYNC_NOT_FOUND first4=E1306115
SYNC_NOT_FOUND first4=9A2CDC07
SYNC_NOT_FOUND first4=A4D942BA
SYNC_NOT_FOUND first4=5D177F58
SYNC_NOT_FOUND first4=A06603C7
SYNC_NOT_FOUND first4=49B96858
SYNC_NOT_FOUND first4=2E156ED2
2026-07-26T15:13:14.559212+00:00 TIME_SYNCED utc=1785078793 offset=1785062472
SYNC_NOT_FOUND first4=E778A54A
SYNC_NOT_FOUND first4=87E04151
SYNC_NOT_FOUND first4=1B638840
SYNC_NOT_FOUND first4=EEE74E37
PHASE_RESULT 12 HF-FLRC-2600-32 pktSize=32 rx=0 unique=0 lost=100 per=100.0 rssi_avg=0 rssi_min=0 crc_err=0 garbage=12 tx_lat=0.00000 tx_lon=0.00000 sats=0 fix=0 utc=0 tx_fw=none rx_fw=unknown
PHASE_GUARD 500
PHASE_START 13 HF-FLRC-2600-64 pktSize=64
2026-07-26T15:13:15.571177+00:00 SYNC_NOT_FOUND first4=AA9CE6EB
SYNC_NOT_FOUND first4=3906AEDF
SYNC_NOT_FOUND first4=6306DFB2
SYNC_NOT_FOUND first4=771F6BD1
2026-07-26T15:13:16.579998+00:00 SYNC_NOT_FOUND first4=F03171FA
SYNC_NOT_FOUND first4=5B016943
SYNC_NOT_FOUND first4=98B2CD15
SYNC_NOT_FOUND first4=460D678A
PHASE_RESULT 13 HF-FLRC-2600-64 pktSize=64 rx=0 unique=0 lost=100 per=100.0 rssi_avg=0 rssi_min=0 crc_err=0 garbage=8 tx_lat=0.00000 tx_lon=0.00000 sats=0 fix=0 utc=0 tx_fw=none rx_fw=unknown
PHASE_GUARD 500
PHASE_START 14 HF-FLRC-2600-128 pktSize=128
SYNC_NOT_FOUND first4=A23B2FA3
2026-07-26T15:13:17.583684+00:00 SYNC_NOT_FOUND first4=605B3A13
SYNC_NOT_FOUND first4=BDC203D8
SYNC_NOT_FOUND first4=9EF4E074
SYNC_NOT_FOUND first4=3F2AFEAA
2026-07-26T15:13:18.587232+00:00 SYNC_NOT_FOUND first4=A32884CC
SYNC_NOT_FOUND first4=CE447D04
SYNC_NOT_FOUND first4=AA1E7B9F
PHASE_RESULT 14 HF-FLRC-2600-128 pktSize=128 rx=0 unique=0 lost=100 per=100.0 rssi_avg=0 rssi_min=0 crc_err=0 garbage=8 tx_lat=0.00000 tx_lon=0.00000 sats=0 fix=0 utc=0 tx_fw=none rx_fw=unknown
PHASE_GUARD 500
PHASE_START 15 HF-FLRC-2600-255 pktSize=255
TIME_SYNCED utc=1785078798 offset=1785062472
SYNC_NOT_FOUND first4=BA229ACF
SYNC_NOT_FOUND first4=081A3A73
2026-07-26T15:13:19.598144+00:00 SYNC_NOT_FOUND first4=308B19E6
SYNC_NOT_FOUND first4=637AE243
SYNC_NOT_FOUND first4=CCE8546B
SYNC_NOT_FOUND first4=B39EDE6F
SYNC_NOT_FOUND first4=274D6DCF
SYNC_NOT_FOUND first4=79BA873F
2026-07-26T15:13:20.607957+00:00 SYNC_NOT_FOUND first4=CE08491A
SYNC_NOT_FOUND first4=FF50C926
SYNC_NOT_FOUND first4=44EF9A06
SYNC_NOT_FOUND first4=5049031F
SYNC_NOT_FOUND first4=3902D291
SYNC_NOT_FOUND first4=FE590E31
SYNC_NOT_FOUND first4=CEE5E7DE
SYNC_NOT_FOUND first4=0FE73978
PHASE_RESULT 15 HF-FLRC-2600-255 pktSize=255 rx=0 unique=0 lost=100 per=100.0 rssi_avg=0 rssi_min=0 crc_err=0 garbage=16 tx_lat=0.00000 tx_lon=0.00000 sats=0 fix=0 utc=0 tx_fw=none rx_fw=unknown
PHASE_GUARD 500
PHASE_START 16 HF-FLRC-1300-32 pktSize=32
2026-07-26T15:13:21.616594+00:00 SYNC_NOT_FOUND first4=B25EEDD2
SYNC_NOT_FOUND first4=A250AD00
SYNC_NOT_FOUND first4=B8DFE7C4
SYNC_NOT_FOUND first4=B3A9125E
2026-07-26T15:13:22.620903+00:00 SYNC_NOT_FOUND first4=0E20D126
SYNC_NOT_FOUND first4=BFCE1F99
PHASE_RESULT 16 HF-FLRC-1300-32 pktSize=32 rx=0 unique=0 lost=100 per=100.0 rssi_avg=0 rssi_min=0 crc_err=0 garbage=6 tx_lat=0.00000 tx_lon=0.00000 sats=0 fix=0 utc=0 tx_fw=none rx_fw=unknown
PHASE_GUARD 500
PHASE_START 17 HF-FLRC-1300-64 pktSize=64
SYNC_NOT_FOUND first4=6A0E3939
2026-07-26T15:13:23.635733+00:00 SYNC_NOT_FOUND first4=665E8FA4
SYNC_NOT_FOUND first4=36EC4EFA
SYNC_NOT_FOUND first4=7BFF731E
2026-07-26T15:13:24.639883+00:00 TIME_SYNCED utc=1785078803 offset=1785062472
SYNC_NOT_FOUND first4=A96461A7
SYNC_NOT_FOUND first4=7BB6DD6E
PHASE_RESULT 17 HF-FLRC-1300-64 pktSize=64 rx=0 unique=0 lost=100 per=100.0 rssi_avg=0 rssi_min=0 crc_err=0 garbage=6 tx_lat=0.00000 tx_lon=0.00000 sats=0 fix=0 utc=0 tx_fw=none rx_fw=unknown
PHASE_GUARD 500
PHASE_START 18 HF-FLRC-1300-128 pktSize=128
SYNC_NOT_FOUND first4=7D8776DA
2026-07-26T15:13:25.644352+00:00 SYNC_NOT_FOUND first4=147266E2
SYNC_NOT_FOUND first4=37352A68
2026-07-26T15:13:26.655083+00:00 SYNC_NOT_FOUND first4=6E1A9C8B
SYNC_NOT_FOUND first4=27E45ED3
PHASE_RESULT 18 HF-FLRC-1300-128 pktSize=128 rx=0 unique=0 lost=100 per=100.0 rssi_avg=0 rssi_min=0 crc_err=0 garbage=5 tx_lat=0.00000 tx_lon=0.00000 sats=0 fix=0 utc=0 tx_fw=none rx_fw=unknown
PHASE_GUARD 500
PHASE_START 19 HF-FLRC-1300-255 pktSize=255
SYNC_NOT_FOUND first4=9584FC59
SYNC_NOT_FOUND first4=44FF976F
2026-07-26T15:13:27.678287+00:00 SYNC_NOT_FOUND first4=BE28AB3D
SYNC_NOT_FOUND first4=A1646767
SYNC_NOT_FOUND first4=69D78114
SYNC_NOT_FOUND first4=E2F14BA7
SYNC_NOT_FOUND first4=7ECD9757
2026-07-26T15:13:28.687773+00:00 SYNC_NOT_FOUND first4=A9E51781
PHASE_RESULT 19 HF-FLRC-1300-255 pktSize=255 rx=0 unique=0 lost=100 per=100.0 rssi_avg=0 rssi_min=0 crc_err=0 garbage=8 tx_lat=0.00000 tx_lon=0.00000 sats=0 fix=0 utc=0 tx_fw=none rx_fw=unknown
PHASE_GUARD 500
PHASE_START 20 HF-FLRC-650-32 pktSize=32
TIME_SYNCED utc=1785078808 offset=1785062472
SYNC_NOT_FOUND first4=E9090E1C
SYNC_NOT_FOUND first4=983307DD
SYNC_NOT_FOUND first4=6D20DF79
SYNC_NOT_FOUND first4=C9B2E91C
SYNC_NOT_FOUND first4=0526C75E
SYNC_NOT_FOUND first4=F4D1F24E
SYNC_NOT_FOUND first4=0C7844F3
SYNC_NOT_FOUND first4=D4C90908
SYNC_NOT_FOUND first4=EE41EFA9
SYNC_NOT_FOUND first4=03A248C4
SYNC_NOT_FOUND first4=70AE48D7
SYNC_NOT_FOUND first4=3F758328
SYNC_NOT_FOUND first4=0AA5A58A
SYNC_NOT_FOUND first4=2A2BC07A
SYNC_NOT_FOUND first4=49AC3C54
SYNC_NOT_FOUND first4=07475805
SYNC_NOT_FOUND first4=755C48CD
2026-07-26T15:13:29.695861+00:00 SYNC_NOT_FOUND first4=D6D4BEAB
SYNC_NOT_FOUND first4=0445EF17
SYNC_NOT_FOUND first4=95E8F1BA
SYNC_NOT_FOUND first4=AE322B29
SYNC_NOT_FOUND first4=3CDCE005
SYNC_NOT_FOUND first4=E97B3DB0
SYNC_NOT_FOUND first4=CA43A226
SYNC_NOT_FOUND first4=ABDE5A5F
SYNC_NOT_FOUND first4=E4501FD4
SYNC_NOT_FOUND first4=4D62EF81
SYNC_NOT_FOUND first4=6A98DB42
SYNC_NOT_FOUND first4=882A2549
SYNC_NOT_FOUND first4=AEC32A10
SYNC_NOT_FOUND first4=02AE742C
SYNC_NOT_FOUND first4=B5812AFD
SYNC_NOT_FOUND first4=42CFF860
SYNC_NOT_FOUND first4=1DCC1E5F
SYNC_NOT_FOUND first4=5C371F3D
SYNC_NOT_FOUND first4=E37BE848
SYNC_NOT_FOUND first4=5733323C
2026-07-26T15:13:30.713373+00:00 SYNC_NOT_FOUND first4=F222CB2D
SYNC_NOT_FOUND first4=9241F71A
SYNC_NOT_FOUND first4=AB86BFC7
SYNC_NOT_FOUND first4=3372B1B5
SYNC_NOT_FOUND first4=DCB484AA
PHASE_RESULT 20 HF-FLRC-650-32 pktSize=32 rx=0 unique=0 lost=100 per=100.0 rssi_avg=0 rssi_min=0 crc_err=0 garbage=42 tx_lat=0.00000 tx_lon=0.00000 sats=0 fix=0 utc=0 tx_fw=none rx_fw=unknown
PHASE_GUARD 500
PHASE_START 21 HF-FLRC-650-64 pktSize=64
SYNC_NOT_FOUND first4=68C6A525
SYNC_NOT_FOUND first4=EAB7FDBF
SYNC_NOT_FOUND first4=BA7D9751
SYNC_NOT_FOUND first4=6338C7DF
SYNC_NOT_FOUND first4=03C3559C
SYNC_NOT_FOUND first4=9CA0B401
SYNC_NOT_FOUND first4=EF67B479
SYNC_NOT_FOUND first4=248F14AD
SYNC_NOT_FOUND first4=507DEDE9
SYNC_NOT_FOUND first4=0DB80CBA
SYNC_NOT_FOUND first4=17B70814
SYNC_NOT_FOUND first4=79AD4A1E
SYNC_NOT_FOUND first4=A3A31C96
2026-07-26T15:13:31.717656+00:00 SYNC_NOT_FOUND first4=F009579D
SYNC_NOT_FOUND first4=0E377C86
SYNC_NOT_FOUND first4=A9665597
SYNC_NOT_FOUND first4=01255174
SYNC_NOT_FOUND first4=DC55370B
SYNC_NOT_FOUND first4=4C333B4A
SYNC_NOT_FOUND first4=294FDEE9
SYNC_NOT_FOUND first4=89071A4D
SYNC_NOT_FOUND first4=611DD890
SYNC_NOT_FOUND first4=7BCB663F
SYNC_NOT_FOUND first4=E75A26AD
SYNC_NOT_FOUND first4=AC554582
SYNC_NOT_FOUND first4=357BEB78
SYNC_NOT_FOUND first4=D15A91D7
SYNC_NOT_FOUND first4=8DA692F8
SYNC_NOT_FOUND first4=34000CD6
2026-07-26T15:13:32.735051+00:00 SYNC_NOT_FOUND first4=CF48CE5C
SYNC_NOT_FOUND first4=5DD595C5
SYNC_NOT_FOUND first4=25F61C57
PHASE_RESULT 21 HF-FLRC-650-64 pktSize=64 rx=0 unique=0 lost=100 per=100.0 rssi_avg=0 rssi_min=0 crc_err=0 garbage=32 tx_lat=0.00000 tx_lon=0.00000 sats=0 fix=0 utc=0 tx_fw=none rx_fw=unknown
PHASE_GUARD 500
PHASE_START 22 HF-FLRC-650-128 pktSize=128
SYNC_NOT_FOUND first4=C3A2408A
SYNC_NOT_FOUND first4=0E8258C0
SYNC_NOT_FOUND first4=CC2619BB
SYNC_NOT_FOUND first4=19B145B7
SYNC_NOT_FOUND first4=FBF93556
SYNC_NOT_FOUND first4=F223EA62
SYNC_NOT_FOUND first4=E84859CE
SYNC_NOT_FOUND first4=888F4EF2
SYNC_NOT_FOUND first4=5F786A69
SYNC_NOT_FOUND first4=1CA37326
2026-07-26T15:13:33.746034+00:00 SYNC_NOT_FOUND first4=0130CCAA
SYNC_NOT_FOUND first4=C2390CAC
SYNC_NOT_FOUND first4=0D603F0A
SYNC_NOT_FOUND first4=9104D3C8
SYNC_NOT_FOUND first4=7FA7A3AD
SYNC_NOT_FOUND first4=D0063DB4
SYNC_NOT_FOUND first4=38CBF754
SYNC_NOT_FOUND first4=43B1CF64
SYNC_NOT_FOUND first4=8D903D19
SYNC_NOT_FOUND first4=8317FABD
SYNC_NOT_FOUND first4=326CA3CE
SYNC_NOT_FOUND first4=70094586
SYNC_NOT_FOUND first4=F095E0FD
SYNC_NOT_FOUND first4=88F40CDC
SYNC_NOT_FOUND first4=DC73F200
2026-07-26T15:13:34.755469+00:00 TIME_SYNCED utc=1785078813 offset=1785062472
SYNC_NOT_FOUND first4=48529A5E
SYNC_NOT_FOUND first4=5E723817
SYNC_NOT_FOUND first4=EAAE2921
SYNC_NOT_FOUND first4=ED1D051B
SYNC_NOT_FOUND first4=732C442C
PHASE_RESULT 22 HF-FLRC-650-128 pktSize=128 rx=0 unique=0 lost=100 per=100.0 rssi_avg=0 rssi_min=0 crc_err=0 garbage=30 tx_lat=0.00000 tx_lon=0.00000 sats=0 fix=0 utc=0 tx_fw=none rx_fw=unknown
PHASE_GUARD 500
PHASE_START 23 HF-FLRC-650-255 pktSize=255
SYNC_NOT_FOUND first4=7DBFDED0
SYNC_NOT_FOUND first4=DA901FA4
SYNC_NOT_FOUND first4=42A67158
SYNC_NOT_FOUND first4=1DC5116A
SYNC_NOT_FOUND first4=CC052A77
SYNC_NOT_FOUND first4=A2363056
SYNC_NOT_FOUND first4=96D8B5F9
SYNC_NOT_FOUND first4=DF69EB3F
SYNC_NOT_FOUND first4=5DFFF54F
2026-07-26T15:13:35.765774+00:00 SYNC_NOT_FOUND first4=610ED2E9
SYNC_NOT_FOUND first4=C9CF1B01
SYNC_NOT_FOUND first4=0D3E88EC
SYNC_NOT_FOUND first4=8821C005
SYNC_NOT_FOUND first4=562481FA
SYNC_NOT_FOUND first4=08EF0C83
SYNC_NOT_FOUND first4=F9E6A12A
SYNC_NOT_FOUND first4=1CDD0B95
SYNC_NOT_FOUND first4=8ACF6038
SYNC_NOT_FOUND first4=59B44E25
SYNC_NOT_FOUND first4=ADD9538F
SYNC_NOT_FOUND first4=C56C0522
SYNC_NOT_FOUND first4=0A944BD8
SYNC_NOT_FOUND first4=47F26847
SYNC_NOT_FOUND first4=B4B33881
SYNC_NOT_FOUND first4=D573E635
SYNC_NOT_FOUND first4=2DA30919
SYNC_NOT_FOUND first4=BC4875C5
SYNC_NOT_FOUND first4=52FDBC2C
SYNC_NOT_FOUND first4=944361C5
2026-07-26T15:13:36.772177+00:00 SYNC_NOT_FOUND first4=D9525E61
SYNC_NOT_FOUND first4=15F2AB19
PHASE_RESULT 23 HF-FLRC-650-255 pktSize=255 rx=0 unique=0 lost=100 per=100.0 rssi_avg=0 rssi_min=0 crc_err=0 garbage=31 tx_lat=0.00000 tx_lon=0.00000 sats=0 fix=0 utc=0 tx_fw=none rx_fw=unknown
PHASE_GUARD 500
PHASE_START 24 HF-FLRC-325-32 pktSize=32
2026-07-26T15:13:37.796799+00:00 SYNC_NOT_FOUND first4=5BB81A2C
SYNC_NOT_FOUND first4=F844D141
SYNC_NOT_FOUND first4=790A35DA
SYNC_NOT_FOUND first4=CEADC9F0
SYNC_NOT_FOUND first4=5B0F9055
SYNC_NOT_FOUND first4=FC75C033
SYNC_NOT_FOUND first4=4805E112
2026-07-26T15:13:38.805350+00:00 PHASE_RESULT 24 HF-FLRC-325-32 pktSize=32 rx=0 unique=0 lost=100 per=100.0 rssi_avg=0 rssi_min=0 crc_err=0 garbage=7 tx_lat=0.00000 tx_lon=0.00000 sats=0 fix=0 utc=0 tx_fw=none rx_fw=unknown
PHASE_GUARD 500
PHASE_START 25 HF-FLRC-325-64 pktSize=64
TIME_SYNCED utc=1785078818 offset=1785062472
SYNC_NOT_FOUND first4=6766BE94
SYNC_NOT_FOUND first4=C8075422
SYNC_NOT_FOUND first4=BFC91F64
2026-07-26T15:13:39.813453+00:00 SYNC_NOT_FOUND first4=C3B57E11
SYNC_NOT_FOUND first4=2C626B42
2026-07-26T15:13:40.836351+00:00 SYNC_NOT_FOUND first4=83E4920B
PHASE_RESULT 25 HF-FLRC-325-64 pktSize=64 rx=0 unique=0 lost=100 per=100.0 rssi_avg=0 rssi_min=0 crc_err=0 garbage=6 tx_lat=0.00000 tx_lon=0.00000 sats=0 fix=0 utc=0 tx_fw=none rx_fw=unknown
PHASE_GUARD 500
PHASE_START 26 HF-FLRC-325-128 pktSize=128
SYNC_NOT_FOUND first4=39354847
SYNC_NOT_FOUND first4=AB7BB82C
2026-07-26T15:13:41.846505+00:00 SYNC_NOT_FOUND first4=E0291E5C
2026-07-26T15:13:42.858288+00:00 SYNC_NOT_FOUND first4=DCA62912
PHASE_RESULT 26 HF-FLRC-325-128 pktSize=128 rx=0 unique=0 lost=100 per=100.0 rssi_avg=0 rssi_min=0 crc_err=0 garbage=4 tx_lat=0.00000 tx_lon=0.00000 sats=0 fix=0 utc=0 tx_fw=none rx_fw=unknown
PHASE_GUARD 500
PHASE_START 27 HF-FLRC-325-255 pktSize=255
SYNC_NOT_FOUND first4=C0AD8E1C
SYNC_NOT_FOUND first4=8B1626E1
2026-07-26T15:13:43.869251+00:00 SYNC_NOT_FOUND first4=5933375A
SYNC_NOT_FOUND first4=955B7C5F
SYNC_NOT_FOUND first4=5CF39DCC
SYNC_NOT_FOUND first4=98EC192C
2026-07-26T15:13:44.881393+00:00 TIME_SYNCED utc=1785078823 offset=1785062472
SYNC_NOT_FOUND first4=ADA08508
PHASE_RESULT 27 HF-FLRC-325-255 pktSize=255 rx=0 unique=0 lost=100 per=100.0 rssi_avg=0 rssi_min=0 crc_err=0 garbage=7 tx_lat=0.00000 tx_lon=0.00000 sats=0 fix=0 utc=0 tx_fw=none rx_fw=unknown
PHASE_GUARD 500
LORA_CFG path=0 bw=0x05 sf=7
PHASE_START 28 LF-LoRa-SF7-32 pktSize=32
2026-07-26T15:13:46.937896+00:00 PHASE_RESULT 28 LF-LoRa-SF7-32 pktSize=32 rx=0 unique=0 lost=20 per=100.0 rssi_avg=0 rssi_min=0 crc_err=0 garbage=0 tx_lat=0.00000 tx_lon=0.00000 sats=0 fix=0 utc=0 tx_fw=none rx_fw=unknown
PHASE_GUARD 500
LORA_CFG path=0 bw=0x05 sf=7
PHASE_START 29 LF-LoRa-SF7-64 pktSize=64
2026-07-26T15:13:49.001453+00:00 TIME_SYNCED utc=1785078828 offset=1785062472
2026-07-26T15:13:50.013295+00:00 PHASE_RESULT 29 LF-LoRa-SF7-64 pktSize=64 rx=0 unique=0 lost=20 per=100.0 rssi_avg=0 rssi_min=0 crc_err=0 garbage=0 tx_lat=0.00000 tx_lon=0.00000 sats=0 fix=0 utc=0 tx_fw=none rx_fw=unknown
PHASE_GUARD 500
LORA_CFG path=0 bw=0x05 sf=7
PHASE_START 30 LF-LoRa-SF7-128 pktSize=128
2026-07-26T15:13:53.119622+00:00 PHASE_RESULT 30 LF-LoRa-SF7-128 pktSize=128 rx=0 unique=0 lost=13 per=100.0 rssi_avg=0 rssi_min=0 crc_err=0 garbage=0 tx_lat=0.00000 tx_lon=0.00000 sats=0 fix=0 utc=0 tx_fw=none rx_fw=unknown
PHASE_GUARD 500
2026-07-26T15:13:54.123799+00:00 LORA_CFG path=0 bw=0x05 sf=7
PHASE_START 31 LF-LoRa-SF7-255 pktSize=255
2026-07-26T15:13:55.128140+00:00 TIME_SYNCED utc=1785078834 offset=1785062472
2026-07-26T15:13:57.202446+00:00 PHASE_RESULT 31 LF-LoRa-SF7-255 pktSize=255 rx=0 unique=0 lost=7 per=100.0 rssi_avg=0 rssi_min=0 crc_err=0 garbage=0 tx_lat=0.00000 tx_lon=0.00000 sats=0 fix=0 utc=0 tx_fw=none rx_fw=unknown
PHASE_GUARD 500
LORA_CFG path=0 bw=0x05 sf=9
2026-07-26T15:13:58.226203+00:00 PHASE_START 32 LF-LoRa-SF9-32 pktSize=32
2026-07-26T15:13:59.238124+00:00 TIME_SYNCED utc=1785078838 offset=1785062472
2026-07-26T15:14:01.300827+00:00 PHASE_RESULT 32 LF-LoRa-SF9-32 pktSize=32 rx=0 unique=0 lost=7 per=100.0 rssi_avg=0 rssi_min=0 crc_err=0 garbage=0 tx_lat=0.00000 tx_lon=0.00000 sats=0 fix=0 utc=0 tx_fw=none rx_fw=unknown
PHASE_GUARD 500
LORA_CFG path=0 bw=0x05 sf=9
PHASE_START 33 LF-LoRa-SF9-64 pktSize=64
2026-07-26T15:14:04.414710+00:00 PHASE_RESULT 33 LF-LoRa-SF9-64 pktSize=64 rx=0 unique=0 lost=3 per=100.0 rssi_avg=0 rssi_min=0 crc_err=0 garbage=0 tx_lat=0.00000 tx_lon=0.00000 sats=0 fix=0 utc=0 tx_fw=none rx_fw=unknown
PHASE_GUARD 500
LORA_CFG path=0 bw=0x05 sf=9
PHASE_START 34 LF-LoRa-SF9-128 pktSize=128
2026-07-26T15:14:05.426289+00:00 TIME_SYNCED utc=1785078844 offset=1785062472
2026-07-26T15:14:06.442374+00:00 PHASE_RESULT 34 LF-LoRa-SF9-128 pktSize=128 rx=0 unique=0 lost=1 per=100.0 rssi_avg=0 rssi_min=0 crc_err=0 garbage=0 tx_lat=0.00000 tx_lon=0.00000 sats=0 fix=0 utc=0 tx_fw=none rx_fw=unknown
PHASE_GUARD 500
LORA_CFG path=0 bw=0x05 sf=9
PHASE_START 35 LF-LoRa-SF9-255 pktSize=255
2026-07-26T15:14:08.509733+00:00 TIME_SYNCED utc=1785078848 offset=1785062472
2026-07-26T15:14:10.572287+00:00 PHASE_RESULT 35 LF-LoRa-SF9-255 pktSize=255 rx=0 unique=0 lost=1 per=100.0 rssi_avg=0 rssi_min=0 crc_err=0 garbage=0 tx_lat=0.00000 tx_lon=0.00000 sats=0 fix=0 utc=0 tx_fw=none rx_fw=unknown
PHASE_GUARD 500
LORA_CFG path=0 bw=0x05 sf=12
PHASE_START 36 LF-LoRa-SF12-32 pktSize=32
2026-07-26T15:14:15.791867+00:00 TIME_SYNCED utc=1785078854 offset=1785062472
2026-07-26T15:14:18.898282+00:00 TIME_SYNCED utc=1785078858 offset=1785062472
2026-07-26T15:14:25.167095+00:00 PHASE_RESULT 36 LF-LoRa-SF12-32 pktSize=32 rx=0 unique=0 lost=1 per=100.0 rssi_avg=0 rssi_min=0 crc_err=0 garbage=0 tx_lat=0.00000 tx_lon=0.00000 sats=0 fix=0 utc=0 tx_fw=none rx_fw=unknown
PHASE_GUARD 500
LORA_CFG path=0 bw=0x05 sf=12
2026-07-26T15:14:26.172550+00:00 PHASE_START 37 LF-LoRa-SF12-SKIP SKIP pktSize=64
TIME_SYNCED utc=1785078865 offset=1785062472
PHASE_RESULT 37 LF-LoRa-SF12-SKIP pktSize=64 rx=0 unique=0 lost=0 per=0.0 rssi_avg=0 rssi_min=0 crc_err=0 garbage=0 tx_lat=0.00000 tx_lon=0.00000 sats=0 fix=0 utc=0 tx_fw=none rx_fw=unknown
PHASE_GUARD 500
LORA_CFG path=0 bw=0x05 sf=12
2026-07-26T15:14:27.196377+00:00 PHASE_START 38 LF-LoRa-SF12-SKIP SKIP pktSize=128
PHASE_RESULT 38 LF-LoRa-SF12-SKIP pktSize=128 rx=0 unique=0 lost=0 per=0.0 rssi_avg=0 rssi_min=0 crc_err=0 garbage=0 tx_lat=0.00000 tx_lon=0.00000 sats=0 fix=0 utc=0 tx_fw=none rx_fw=unknown
PHASE_GUARD 500
LORA_CFG path=0 bw=0x05 sf=12
2026-07-26T15:14:28.209052+00:00 PHASE_START 39 LF-LoRa-SF12-SKIP SKIP pktSize=255
PHASE_RESULT 39 LF-LoRa-SF12-SKIP pktSize=255 rx=0 unique=0 lost=0 per=0.0 rssi_avg=0 rssi_min=0 crc_err=0 garbage=0 tx_lat=0.00000 tx_lon=0.00000 sats=0 fix=0 utc=0 tx_fw=none rx_fw=unknown
PHASE_GUARD 500
2026-07-26T15:14:29.220357+00:00 PHASE_START 40 LF-FLRC-2600-32 pktSize=32
TIME_SYNCED utc=1785078868 offset=1785062472
2026-07-26T15:14:30.231696+00:00 SYNC_NOT_FOUND first4=965DE4CD
PHASE_RESULT 40 LF-FLRC-2600-32 pktSize=32 rx=0 unique=0 lost=100 per=100.0 rssi_avg=0 rssi_min=0 crc_err=0 garbage=1 tx_lat=0.00000 tx_lon=0.00000 sats=0 fix=0 utc=0 tx_fw=none rx_fw=unknown
PHASE_GUARD 500
2026-07-26T15:14:31.245447+00:00 PHASE_START 41 LF-FLRC-2600-64 pktSize=64
2026-07-26T15:14:32.267678+00:00 PHASE_RESULT 41 LF-FLRC-2600-64 pktSize=64 rx=0 unique=0 lost=100 per=100.0 rssi_avg=0 rssi_min=0 crc_err=0 garbage=0 tx_lat=0.00000 tx_lon=0.00000 sats=0 fix=0 utc=0 tx_fw=none rx_fw=unknown
PHASE_GUARD 500
PHASE_START 42 LF-FLRC-2600-128 pktSize=128
2026-07-26T15:14:33.278915+00:00 SYNC_NOT_FOUND first4=64FD26FF
2026-07-26T15:14:34.289943+00:00 SYNC_NOT_FOUND first4=38A23A69
SYNC_NOT_FOUND first4=9A8FE05E
PHASE_RESULT 42 LF-FLRC-2600-128 pktSize=128 rx=0 unique=0 lost=100 per=100.0 rssi_avg=0 rssi_min=0 crc_err=0 garbage=3 tx_lat=0.00000 tx_lon=0.00000 sats=0 fix=0 utc=0 tx_fw=none rx_fw=unknown
PHASE_GUARD 500
PHASE_START 43 LF-FLRC-2600-255 pktSize=255
2026-07-26T15:14:35.301146+00:00 SYNC_NOT_FOUND first4=81C05B53
SYNC_NOT_FOUND first4=7835F00C
2026-07-26T15:14:36.305032+00:00 TIME_SYNCED utc=1785078875 offset=1785062472
PHASE_RESULT 43 LF-FLRC-2600-255 pktSize=255 rx=0 unique=0 lost=100 per=100.0 rssi_avg=0 rssi_min=0 crc_err=0 garbage=2 tx_lat=0.00000 tx_lon=0.00000 sats=0 fix=0 utc=0 tx_fw=none rx_fw=unknown
PHASE_GUARD 500
PHASE_START 44 LF-FLRC-1300-32 pktSize=32
2026-07-26T15:14:37.324975+00:00 SYNC_NOT_FOUND first4=2AF6510F
2026-07-26T15:14:38.344100+00:00 PHASE_RESULT 44 LF-FLRC-1300-32 pktSize=32 rx=0 unique=0 lost=100 per=100.0 rssi_avg=0 rssi_min=0 crc_err=0 garbage=1 tx_lat=0.00000 tx_lon=0.00000 sats=0 fix=0 utc=0 tx_fw=none rx_fw=unknown
PHASE_GUARD 500
PHASE_START 45 LF-FLRC-1300-64 pktSize=64
TIME_SYNCED utc=1785078878 offset=1785062472
2026-07-26T15:14:40.404598+00:00 PHASE_RESULT 45 LF-FLRC-1300-64 pktSize=64 rx=0 unique=0 lost=100 per=100.0 rssi_avg=0 rssi_min=0 crc_err=0 garbage=0 tx_lat=0.00000 tx_lon=0.00000 sats=0 fix=0 utc=0 tx_fw=none rx_fw=unknown
PHASE_GUARD 500
PHASE_START 46 LF-FLRC-1300-128 pktSize=128
2026-07-26T15:14:42.467191+00:00 PHASE_RESULT 46 LF-FLRC-1300-128 pktSize=128 rx=0 unique=0 lost=100 per=100.0 rssi_avg=0 rssi_min=0 crc_err=0 garbage=0 tx_lat=0.00000 tx_lon=0.00000 sats=0 fix=0 utc=0 tx_fw=none rx_fw=unknown
PHASE_GUARD 500
PHASE_START 47 LF-FLRC-1300-255 pktSize=255
2026-07-26T15:14:44.531306+00:00 PHASE_RESULT 47 LF-FLRC-1300-255 pktSize=255 rx=0 unique=0 lost=100 per=100.0 rssi_avg=0 rssi_min=0 crc_err=0 garbage=0 tx_lat=0.00000 tx_lon=0.00000 sats=0 fix=0 utc=0 tx_fw=none rx_fw=unknown
PHASE_GUARD 500
PHASE_START 48 LF-FLRC-650-32 pktSize=32
2026-07-26T15:14:45.542526+00:00 SYNC_NOT_FOUND first4=7E531F0D
SYNC_NOT_FOUND first4=8C7602F7
SYNC_NOT_FOUND first4=944094CF
SYNC_NOT_FOUND first4=DB03E87D
SYNC_NOT_FOUND first4=B443F98B
SYNC_NOT_FOUND first4=CD9E6C14
2026-07-26T15:14:46.554044+00:00 TIME_SYNCED utc=1785078885 offset=1785062472
SYNC_NOT_FOUND first4=BBBE8888
SYNC_NOT_FOUND first4=2A028CB1
SYNC_NOT_FOUND first4=E0376F89
PHASE_RESULT 48 LF-FLRC-650-32 pktSize=32 rx=0 unique=0 lost=100 per=100.0 rssi_avg=0 rssi_min=0 crc_err=0 garbage=9 tx_lat=0.00000 tx_lon=0.00000 sats=0 fix=0 utc=0 tx_fw=none rx_fw=unknown
PHASE_GUARD 500
PHASE_START 49 LF-FLRC-650-64 pktSize=64
SYNC_NOT_FOUND first4=1B389378
SYNC_NOT_FOUND first4=06D8B6A3
2026-07-26T15:14:47.566007+00:00 SYNC_NOT_FOUND first4=7F07B22E
SYNC_NOT_FOUND first4=12A4EBA8
2026-07-26T15:14:48.577540+00:00 SYNC_NOT_FOUND first4=3DE3F266
PHASE_RESULT 49 LF-FLRC-650-64 pktSize=64 rx=0 unique=0 lost=100 per=100.0 rssi_avg=0 rssi_min=0 crc_err=0 garbage=5 tx_lat=0.00000 tx_lon=0.00000 sats=0 fix=0 utc=0 tx_fw=none rx_fw=unknown
PHASE_GUARD 500
PHASE_START 50 LF-FLRC-650-128 pktSize=128
SYNC_NOT_FOUND first4=A3367F84
TIME_SYNCED utc=1785078888 offset=1785062472
SYNC_NOT_FOUND first4=EFF04E51
2026-07-26T15:14:49.588821+00:00 SYNC_NOT_FOUND first4=09487E9D
2026-07-26T15:14:50.599992+00:00 SYNC_NOT_FOUND first4=F40284A8
SYNC_NOT_FOUND first4=A3FCCF9F
SYNC_NOT_FOUND first4=EA329FD1
SYNC_NOT_FOUND first4=7CAE4247
PHASE_RESULT 50 LF-FLRC-650-128 pktSize=128 rx=0 unique=0 lost=100 per=100.0 rssi_avg=0 rssi_min=0 crc_err=0 garbage=7 tx_lat=0.00000 tx_lon=0.00000 sats=0 fix=0 utc=0 tx_fw=none rx_fw=unknown
PHASE_GUARD 500
PHASE_START 51 LF-FLRC-650-255 pktSize=255
SYNC_NOT_FOUND first4=CF5EC6A5
2026-07-26T15:14:51.611273+00:00 SYNC_NOT_FOUND first4=4A64FEEA
SYNC_NOT_FOUND first4=A21932A6
SYNC_NOT_FOUND first4=E6E31475
2026-07-26T15:14:52.623221+00:00 PHASE_RESULT 51 LF-FLRC-650-255 pktSize=255 rx=0 unique=0 lost=100 per=100.0 rssi_avg=0 rssi_min=0 crc_err=0 garbage=4 tx_lat=0.00000 tx_lon=0.00000 sats=0 fix=0 utc=0 tx_fw=none rx_fw=unknown
PHASE_GUARD 500
PHASE_START 52 LF-FLRC-325-32 pktSize=32
2026-07-26T15:14:54.684333+00:00 PHASE_RESULT 52 LF-FLRC-325-32 pktSize=32 rx=0 unique=0 lost=100 per=100.0 rssi_avg=0 rssi_min=0 crc_err=0 garbage=0 tx_lat=0.00000 tx_lon=0.00000 sats=0 fix=0 utc=0 tx_fw=none rx_fw=unknown
PHASE_GUARD 500
PHASE_START 53 LF-FLRC-325-64 pktSize=64
SYNC_NOT_FOUND first4=1E565F88
2026-07-26T15:14:56.748318+00:00 TIME_SYNCED utc=1785078895 offset=1785062472
PHASE_RESULT 53 LF-FLRC-325-64 pktSize=64 rx=0 unique=0 lost=100 per=100.0 rssi_avg=0 rssi_min=0 crc_err=0 garbage=1 tx_lat=0.00000 tx_lon=0.00000 sats=0 fix=0 utc=0 tx_fw=none rx_fw=unknown
PHASE_GUARD 500
PHASE_START 54 LF-FLRC-325-128 pktSize=128
2026-07-26T15:14:58.811120+00:00 PHASE_RESULT 54 LF-FLRC-325-128 pktSize=128 rx=0 unique=0 lost=100 per=100.0 rssi_avg=0 rssi_min=0 crc_err=0 garbage=0 tx_lat=0.00000 tx_lon=0.00000 sats=0 fix=0 utc=0 tx_fw=none rx_fw=unknown
PHASE_GUARD 500
PHASE_START 55 LF-FLRC-325-255 pktSize=255
TIME_SYNCED utc=1785078898 offset=1785062472
2026-07-26T15:15:00.873390+00:00 PHASE_RESULT 55 LF-FLRC-325-255 pktSize=255 rx=0 unique=0 lost=100 per=100.0 rssi_avg=0 rssi_min=0 crc_err=0 garbage=0 tx_lat=0.00000 tx_lon=0.00000 sats=0 fix=0 utc=0 tx_fw=none rx_fw=unknown
PHASE_GUARD 500
LORA_CFG path=1 bw=0x0F sf=7
PHASE_START 0 HF-LoRa-SF7-32 pktSize=32
2026-07-26T15:15:02.945172+00:00 PHASE_RESULT 0 HF-LoRa-SF7-32 pktSize=32 rx=0 unique=0 lost=20 per=100.0 rssi_avg=0 rssi_min=0 crc_err=0 garbage=0 tx_lat=0.00000 tx_lon=0.00000 sats=0 fix=0 utc=0 tx_fw=none rx_fw=unknown
PHASE_GUARD 500
LORA_CFG path=1 bw=0x0F sf=7
PHASE_START 1 HF-LoRa-SF7-64 pktSize=64
2026-07-26T15:15:05.008344+00:00 PHASE_RESULT 1 HF-LoRa-SF7-64 pktSize=64 rx=0 unique=0 lost=20 per=100.0 rssi_avg=0 rssi_min=0 crc_err=0 garbage=0 tx_lat=0.00000 tx_lon=0.00000 sats=0 fix=0 utc=0 tx_fw=none rx_fw=unknown
PHASE_GUARD 500
LORA_CFG path=1 bw=0x0F sf=7
PHASE_START 2 HF-LoRa-SF7-128 pktSize=128
2026-07-26T15:15:07.072246+00:00 TIME_SYNCED utc=1785078906 offset=1785062473
PHASE_RESULT 2 HF-LoRa-SF7-128 pktSize=128 rx=0 unique=0 lost=20 per=100.0 rssi_avg=0 rssi_min=0 crc_err=0 garbage=0 tx_lat=0.00000 tx_lon=0.00000 sats=0 fix=0 utc=0 tx_fw=none rx_fw=unknown
PHASE_GUARD 500
LORA_CFG path=1 bw=0x0F sf=7
PHASE_START 3 HF-LoRa-SF7-255 pktSize=255
2026-07-26T15:15:08.083021+00:00 PHASE_RESULT 3 HF-LoRa-SF7-255 pktSize=255 rx=0 unique=0 lost=20 per=100.0 rssi_avg=0 rssi_min=0 crc_err=0 garbage=0 tx_lat=0.00000 tx_lon=0.00000 sats=0 fix=0 utc=0 tx_fw=none rx_fw=unknown
2026-07-26T15:15:09.094040+00:00 PHASE_GUARD 500
LORA_CFG path=1 bw=0x0F sf=9
PHASE_START 4 HF-LoRa-SF9-32 pktSize=32
TIME_SYNCED utc=1785078908 offset=1785062472
PHASE_RESULT 4 HF-LoRa-SF9-32 pktSize=32 rx=0 unique=0 lost=20 per=100.0 rssi_avg=0 rssi_min=0 crc_err=0 garbage=0 tx_lat=0.00000 tx_lon=0.00000 sats=0 fix=0 utc=0 tx_fw=none rx_fw=unknown
PHASE_GUARD 500
LORA_CFG path=1 bw=0x0F sf=7
PHASE_START 3 HF-LoRa-SF7-255 pktSize=255
PHASE_RESULT 3 HF-LoRa-SF7-255 pktSize=255 rx=0 unique=0 lost=20 per=100.0 rssi_avg=0 rssi_min=0 crc_err=0 garbage=0 tx_lat=0.00000 tx_lon=0.00000 sats=0 fix=0 utc=0 tx_fw=none rx_fw=unknown
PHASE_GUARD 500
2026-07-26T15:15:10.105303+00:00 LORA_CFG path=1 bw=0x0F sf=9
PHASE_START 4 HF-LoRa-SF9-32 pktSize=32
2026-07-26T15:15:11.108892+00:00 PHASE_RESULT 4 HF-LoRa-SF9-32 pktSize=32 rx=0 unique=0 lost=20 per=100.0 rssi_avg=0 rssi_min=0 crc_err=0 garbage=0 tx_lat=0.00000 tx_lon=0.00000 sats=0 fix=0 utc=0 tx_fw=none rx_fw=unknown
PHASE_GUARD 500
2026-07-26T15:15:12.120258+00:00 LORA_CFG path=1 bw=0x0F sf=9
PHASE_START 5 HF-LoRa-SF9-64 pktSize=64
2026-07-26T15:15:14.182375+00:00 PHASE_RESULT 5 HF-LoRa-SF9-64 pktSize=64 rx=0 unique=0 lost=20 per=100.0 rssi_avg=0 rssi_min=0 crc_err=0 garbage=0 tx_lat=0.00000 tx_lon=0.00000 sats=0 fix=0 utc=0 tx_fw=none rx_fw=unknown
PHASE_GUARD 500
LORA_CFG path=1 bw=0x0F sf=9
2026-07-26T15:15:15.194241+00:00 PHASE_START 6 HF-LoRa-SF9-128 pktSize=128
2026-07-26T15:15:17.261214+00:00 TIME_SYNCED utc=1785078916 offset=1785062472
2026-07-26T15:15:18.272400+00:00 PHASE_RESULT 6 HF-LoRa-SF9-128 pktSize=128 rx=0 unique=0 lost=13 per=100.0 rssi_avg=0 rssi_min=0 crc_err=0 garbage=0 tx_lat=0.00000 tx_lon=0.00000 sats=0 fix=0 utc=0 tx_fw=none rx_fw=unknown
PHASE_GUARD 500
LORA_CFG path=1 bw=0x0F sf=9
PHASE_START 7 HF-LoRa-SF9-255 pktSize=255
2026-07-26T15:15:19.285255+00:00 TIME_SYNCED utc=1785078918 offset=1785062472
2026-07-26T15:15:21.347786+00:00 PHASE_RESULT 7 HF-LoRa-SF9-255 pktSize=255 rx=0 unique=0 lost=6 per=100.0 rssi_avg=0 rssi_min=0 crc_err=0 garbage=0 tx_lat=0.00000 tx_lon=0.00000 sats=0 fix=0 utc=0 tx_fw=none rx_fw=unknown
PHASE_GUARD 500
LORA_CFG path=1 bw=0x0F sf=12
PHASE_START 8 HF-LoRa-SF12-32 pktSize=32
2026-07-26T15:15:24.463204+00:00 PHASE_RESULT 8 HF-LoRa-SF12-32 pktSize=32 rx=0 unique=0 lost=2 per=100.0 rssi_avg=0 rssi_min=0 crc_err=0 garbage=0 tx_lat=0.00000 tx_lon=0.00000 sats=0 fix=0 utc=0 tx_fw=none rx_fw=unknown
PHASE_GUARD 500
LORA_CFG path=1 bw=0x0F sf=12
PHASE_START 9 HF-LoRa-SF12-64 pktSize=64
2026-07-26T15:15:27.571915+00:00 TIME_SYNCED utc=1785078926 offset=1785062472
PHASE_RESULT 9 HF-LoRa-SF12-64 pktSize=64 rx=0 unique=0 lost=1 per=100.0 rssi_avg=0 rssi_min=0 crc_err=0 garbage=0 tx_lat=0.00000 tx_lon=0.00000 sats=0 fix=0 utc=0 tx_fw=none rx_fw=unknown
PHASE_GUARD 500
LORA_CFG path=1 bw=0x0F sf=12
PHASE_START 10 HF-LoRa-SF12-128 pktSize=128
2026-07-26T15:15:28.575501+00:00 TIME_SYNCED utc=1785078928 offset=1785062472
2026-07-26T15:15:32.739894+00:00 PHASE_RESULT 10 HF-LoRa-SF12-128 pktSize=128 rx=0 unique=0 lost=1 per=100.0 rssi_avg=0 rssi_min=0 crc_err=0 garbage=0 tx_lat=0.00000 tx_lon=0.00000 sats=0 fix=0 utc=0 tx_fw=none rx_fw=unknown
PHASE_GUARD 500
LORA_CFG path=1 bw=0x0F sf=12
PHASE_START 11 HF-LoRa-SF12-255 pktSize=255
2026-07-26T15:15:37.947471+00:00 TIME_SYNCED utc=1785078936 offset=1785062472
2026-07-26T15:15:38.959195+00:00 TIME_SYNCED utc=1785078938 offset=1785062472
2026-07-26T15:15:42.072351+00:00 PHASE_RESULT 11 HF-LoRa-SF12-255 pktSize=255 rx=0 unique=0 lost=1 per=100.0 rssi_avg=0 rssi_min=0 crc_err=0 garbage=0 tx_lat=0.00000 tx_lon=0.00000 sats=0 fix=0 utc=0 tx_fw=none rx_fw=unknown
2026-07-26T15:15:43.083084+00:00 PHASE_GUARD 500
PHASE_START 12 HF-FLRC-2600-32 pktSize=32
SYNC_NOT_FOUND first4=9EBA44D5
SYNC_NOT_FOUND first4=50124A5B
SYNC_NOT_FOUND first4=F17026B6
2026-07-26T15:15:44.093616+00:00 SYNC_NOT_FOUND first4=08227D32
SYNC_NOT_FOUND first4=EB83C070
SYNC_NOT_FOUND first4=360C3AF0
SYNC_NOT_FOUND first4=39EEDA01
PHASE_RESULT 12 HF-FLRC-2600-32 pktSize=32 rx=0 unique=0 lost=100 per=100.0 rssi_avg=0 rssi_min=0 crc_err=0 garbage=7 tx_lat=0.00000 tx_lon=0.00000 sats=0 fix=0 utc=0 tx_fw=none rx_fw=unknown
PHASE_GUARD 500
2026-07-26T15:15:45.104960+00:00 PHASE_START 13 HF-FLRC-2600-64 pktSize=64
SYNC_NOT_FOUND first4=6705A73C
2026-07-26T15:15:46.115491+00:00 SYNC_NOT_FOUND first4=76A37807
SYNC_NOT_FOUND first4=1C42BD1C
SYNC_NOT_FOUND first4=D359EC2D
PHASE_RESULT 13 HF-FLRC-2600-64 pktSize=64 rx=0 unique=0 lost=100 per=100.0 rssi_avg=0 rssi_min=0 crc_err=0 garbage=4 tx_lat=0.00000 tx_lon=0.00000 sats=0 fix=0 utc=0 tx_fw=none rx_fw=unknown
PHASE_GUARD 500
2026-07-26T15:15:47.126116+00:00 PHASE_START 14 HF-FLRC-2600-128 pktSize=128
SYNC_NOT_FOUND first4=A5E7F865
SYNC_NOT_FOUND first4=692BEF86
SYNC_NOT_FOUND first4=18EDA304
SYNC_NOT_FOUND first4=61171781
2026-07-26T15:15:48.136673+00:00 TIME_SYNCED utc=1785078947 offset=1785062472
SYNC_NOT_FOUND first4=34746E12
SYNC_NOT_FOUND first4=C165D5ED
PHASE_RESULT 14 HF-FLRC-2600-128 pktSize=128 rx=0 unique=0 lost=100 per=100.0 rssi_avg=0 rssi_min=0 crc_err=0 garbage=6 tx_lat=0.00000 tx_lon=0.00000 sats=0 fix=0 utc=0 tx_fw=none rx_fw=unknown
PHASE_GUARD 500
2026-07-26T15:15:49.148052+00:00 PHASE_START 15 HF-FLRC-2600-255 pktSize=255
SYNC_NOT_FOUND first4=9F63B16C
TIME_SYNCED utc=1785078948 offset=1785062472
SYNC_NOT_FOUND first4=5067224E
SYNC_NOT_FOUND first4=213CF241
SYNC_NOT_FOUND first4=5D0F9908
SYNC_NOT_FOUND first4=825D6BEE
SYNC_NOT_FOUND first4=99ADC01B
SYNC_NOT_FOUND first4=8E8AD36F
SYNC_NOT_FOUND first4=07CFD373
2026-07-26T15:15:50.158518+00:00 SYNC_NOT_FOUND first4=BE95B372
SYNC_NOT_FOUND first4=B29CA012
SYNC_NOT_FOUND first4=23417645
SYNC_NOT_FOUND first4=320D3140
SYNC_NOT_FOUND first4=32D8B812
SYNC_NOT_FOUND first4=58DA0667
SYNC_NOT_FOUND first4=D8218713
SYNC_NOT_FOUND first4=7E2B951B
SYNC_NOT_FOUND first4=99F0254F
PHASE_RESULT 15 HF-FLRC-2600-255 pktSize=255 rx=0 unique=0 lost=100 per=100.0 rssi_avg=0 rssi_min=0 crc_err=0 garbage=17 tx_lat=0.00000 tx_lon=0.00000 sats=0 fix=0 utc=0 tx_fw=none rx_fw=unknown
PHASE_GUARD 500
2026-07-26T15:15:51.170112+00:00 PHASE_START 16 HF-FLRC-1300-32 pktSize=32
SYNC_NOT_FOUND first4=99AAB326
SYNC_NOT_FOUND first4=DA56421F
SYNC_NOT_FOUND first4=960658A6
SYNC_NOT_FOUND first4=6782829B
SYNC_NOT_FOUND first4=B52F7919
2026-07-26T15:15:52.173918+00:00 SYNC_NOT_FOUND first4=46641FC7
PHASE_RESULT 16 HF-FLRC-1300-32 pktSize=32 rx=0 unique=0 lost=100 per=100.0 rssi_avg=0 rssi_min=0 crc_err=0 garbage=6 tx_lat=0.00000 tx_lon=0.00000 sats=0 fix=0 utc=0 tx_fw=none rx_fw=unknown
PHASE_GUARD 500
2026-07-26T15:15:53.184875+00:00 PHASE_START 17 HF-FLRC-1300-64 pktSize=64
SYNC_NOT_FOUND first4=13E925C3
SYNC_NOT_FOUND first4=17991E83
SYNC_NOT_FOUND first4=39B5A3E0
SYNC_NOT_FOUND first4=EA4066DD
SYNC_NOT_FOUND first4=57B8DFA5
SYNC_NOT_FOUND first4=0604E6E8
2026-07-26T15:15:54.188590+00:00 SYNC_NOT_FOUND first4=8E297D01
SYNC_NOT_FOUND first4=9FEE3B45
SYNC_NOT_FOUND first4=51D17B86
SYNC_NOT_FOUND first4=B5AF10E2
SYNC_NOT_FOUND first4=A2E7E78C
SYNC_NOT_FOUND first4=36801539
PHASE_RESULT 17 HF-FLRC-1300-64 pktSize=64 rx=0 unique=0 lost=100 per=100.0 rssi_avg=0 rssi_min=0 crc_err=0 garbage=12 tx_lat=0.00000 tx_lon=0.00000 sats=0 fix=0 utc=0 tx_fw=none rx_fw=unknown
PHASE_GUARD 500
2026-07-26T15:15:55.200748+00:00 PHASE_START 18 HF-FLRC-1300-128 pktSize=128
SYNC_NOT_FOUND first4=63BC0E4F
SYNC_NOT_FOUND first4=BBAF4889
SYNC_NOT_FOUND first4=772E9F21
SYNC_NOT_FOUND first4=8A7C23E7
2026-07-26T15:15:56.212367+00:00 SYNC_NOT_FOUND first4=236651F1
SYNC_NOT_FOUND first4=97D4A102
PHASE_RESULT 18 HF-FLRC-1300-128 pktSize=128 rx=0 unique=0 lost=100 per=100.0 rssi_avg=0 rssi_min=0 crc_err=0 garbage=6 tx_lat=0.00000 tx_lon=0.00000 sats=0 fix=0 utc=0 tx_fw=none rx_fw=unknown
PHASE_GUARD 500
2026-07-26T15:15:57.223355+00:00 PHASE_START 19 HF-FLRC-1300-255 pktSize=255
SYNC_NOT_FOUND first4=ECF8EBAF
SYNC_NOT_FOUND first4=5E867A7F
2026-07-26T15:15:58.234671+00:00 TIME_SYNCED utc=1785078957 offset=1785062472
SYNC_NOT_FOUND first4=7CB19B32
SYNC_NOT_FOUND first4=88883648
SYNC_NOT_FOUND first4=8A3CA51F
PHASE_RESULT 19 HF-FLRC-1300-255 pktSize=255 rx=0 unique=0 lost=100 per=100.0 rssi_avg=0 rssi_min=0 crc_err=0 garbage=5 tx_lat=0.00000 tx_lon=0.00000 sats=0 fix=0 utc=0 tx_fw=none rx_fw=unknown
PHASE_GUARD 500
PHASE_START 20 HF-FLRC-650-32 pktSize=32
2026-07-26T15:15:59.245714+00:00 SYNC_NOT_FOUND first4=A73B3772
SYNC_NOT_FOUND first4=F33D155B
SYNC_NOT_FOUND first4=9DD35964
SYNC_NOT_FOUND first4=19D1F74F
TIME_SYNCED utc=1785078958 offset=1785062472
SYNC_NOT_FOUND first4=D23250D9
SYNC_NOT_FOUND first4=305851DE
SYNC_NOT_FOUND first4=E3FA59B0
SYNC_NOT_FOUND first4=BF25C304
SYNC_NOT_FOUND first4=C84A6514
SYNC_NOT_FOUND first4=71E9E9CF
SYNC_NOT_FOUND first4=5024060F
SYNC_NOT_FOUND first4=FA228919
SYNC_NOT_FOUND first4=7C8F2276
SYNC_NOT_FOUND first4=7583698D
2026-07-26T15:16:00.257456+00:00 SYNC_NOT_FOUND first4=4B02CE14
SYNC_NOT_FOUND first4=24BE125F
SYNC_NOT_FOUND first4=377B0059
SYNC_NOT_FOUND first4=C31BAE5D
SYNC_NOT_FOUND first4=6D722AF0
SYNC_NOT_FOUND first4=F5951F81
SYNC_NOT_FOUND first4=3F4CD68E
SYNC_NOT_FOUND first4=DCBB43C3
SYNC_NOT_FOUND first4=A90E84B2
SYNC_NOT_FOUND first4=BC1FF031
SYNC_NOT_FOUND first4=FA4C5511
PHASE_RESULT 20 HF-FLRC-650-32 pktSize=32 rx=0 unique=0 lost=100 per=100.0 rssi_avg=0 rssi_min=0 crc_err=0 garbage=25 tx_lat=0.00000 tx_lon=0.00000 sats=0 fix=0 utc=0 tx_fw=none rx_fw=unknown
PHASE_GUARD 500
PHASE_START 21 HF-FLRC-650-64 pktSize=64
2026-07-26T15:16:01.268485+00:00 SYNC_NOT_FOUND first4=7213AC83
SYNC_NOT_FOUND first4=A45CFB2E
SYNC_NOT_FOUND first4=A9971318
SYNC_NOT_FOUND first4=56D5342C
SYNC_NOT_FOUND first4=B1284AEE
SYNC_NOT_FOUND first4=871BD312
SYNC_NOT_FOUND first4=0F150ED8
SYNC_NOT_FOUND first4=85DC8668
SYNC_NOT_FOUND first4=523F0BD7
SYNC_NOT_FOUND first4=23C30038
SYNC_NOT_FOUND first4=76715A17
SYNC_NOT_FOUND first4=3CE2653D
SYNC_NOT_FOUND first4=6BF0BD27
SYNC_NOT_FOUND first4=6E253787
SYNC_NOT_FOUND first4=63CDC698
SYNC_NOT_FOUND first4=C50BAEF8
SYNC_NOT_FOUND first4=2638F653
SYNC_NOT_FOUND first4=47FDBC0B
SYNC_NOT_FOUND first4=D642561B
SYNC_NOT_FOUND first4=58C7619A
2026-07-26T15:16:02.279540+00:00 SYNC_NOT_FOUND first4=60FDC93F
SYNC_NOT_FOUND first4=E052DEF4
SYNC_NOT_FOUND first4=EA5D1008
SYNC_NOT_FOUND first4=95302333
SYNC_NOT_FOUND first4=B397FB16
SYNC_NOT_FOUND first4=DA189EF8
SYNC_NOT_FOUND first4=627B8646
SYNC_NOT_FOUND first4=3F2FFD36
SYNC_NOT_FOUND first4=D6E31F00
SYNC_NOT_FOUND first4=C0CBBAD5
SYNC_NOT_FOUND first4=822880F2
PHASE_RESULT 21 HF-FLRC-650-64 pktSize=64 rx=0 unique=0 lost=100 per=100.0 rssi_avg=0 rssi_min=0 crc_err=0 garbage=31 tx_lat=0.00000 tx_lon=0.00000 sats=0 fix=0 utc=0 tx_fw=none rx_fw=unknown
PHASE_GUARD 500
PHASE_START 22 HF-FLRC-650-128 pktSize=128
2026-07-26T15:16:03.290113+00:00 SYNC_NOT_FOUND first4=6CA23A0F
SYNC_NOT_FOUND first4=95B8CAE6
SYNC_NOT_FOUND first4=E009BE63
SYNC_NOT_FOUND first4=52C0D43C
SYNC_NOT_FOUND first4=2A42E168
SYNC_NOT_FOUND first4=D2CF8D98
SYNC_NOT_FOUND first4=9009A5A1
SYNC_NOT_FOUND first4=5835282F
SYNC_NOT_FOUND first4=1E8F0753
SYNC_NOT_FOUND first4=4A1F488C
SYNC_NOT_FOUND first4=FF984454
SYNC_NOT_FOUND first4=D4155A05
2026-07-26T15:16:04.300924+00:00 SYNC_NOT_FOUND first4=9F3A870D
SYNC_NOT_FOUND first4=1009BD83
SYNC_NOT_FOUND first4=CD0F9674
SYNC_NOT_FOUND first4=675FF84A
SYNC_NOT_FOUND first4=905F3942
SYNC_NOT_FOUND first4=234F2279
SYNC_NOT_FOUND first4=41B4B407
SYNC_NOT_FOUND first4=1D3AD674
SYNC_NOT_FOUND first4=5F199643
SYNC_NOT_FOUND first4=9BBD9AC0
SYNC_NOT_FOUND first4=8C472CE7
SYNC_NOT_FOUND first4=A15F43C4
SYNC_NOT_FOUND first4=46406D50
SYNC_NOT_FOUND first4=80602A09
SYNC_NOT_FOUND first4=44EDF460
SYNC_NOT_FOUND first4=9B408581
SYNC_NOT_FOUND first4=8F111F06
PHASE_RESULT 22 HF-FLRC-650-128 pktSize=128 rx=0 unique=0 lost=100 per=100.0 rssi_avg=0 rssi_min=0 crc_err=0 garbage=29 tx_lat=0.00000 tx_lon=0.00000 sats=0 fix=0 utc=0 tx_fw=none rx_fw=unknown
PHASE_GUARD 500
PHASE_START 23 HF-FLRC-650-255 pktSize=255
SYNC_NOT_FOUND first4=43264507
SYNC_NOT_FOUND first4=535D4FC8
2026-07-26T15:16:05.304951+00:00 SYNC_NOT_FOUND first4=B9B69823
SYNC_NOT_FOUND first4=138F29A4
SYNC_NOT_FOUND first4=B61CB896
SYNC_NOT_FOUND first4=7EC018F5
SYNC_NOT_FOUND first4=A093C820
SYNC_NOT_FOUND first4=A0E5F3F3
SYNC_NOT_FOUND first4=67C9C25D
SYNC_NOT_FOUND first4=18A9D946
SYNC_NOT_FOUND first4=EA7F83A5
SYNC_NOT_FOUND first4=7AB33E27
SYNC_NOT_FOUND first4=3E4DA127
SYNC_NOT_FOUND first4=A49EFAB5
SYNC_NOT_FOUND first4=533A938F
SYNC_NOT_FOUND first4=EAAF719C
SYNC_NOT_FOUND first4=F287C79B
SYNC_NOT_FOUND first4=EAFA4D14
2026-07-26T15:16:06.316999+00:00 SYNC_NOT_FOUND first4=482BBAF0
SYNC_NOT_FOUND first4=E65BBE5B
SYNC_NOT_FOUND first4=89E20B71
SYNC_NOT_FOUND first4=6F0E03F3
SYNC_NOT_FOUND first4=5142858E
SYNC_NOT_FOUND first4=3026FD23
SYNC_NOT_FOUND first4=E3402598
SYNC_NOT_FOUND first4=1901AA7D
PHASE_RESULT 23 HF-FLRC-650-255 pktSize=255 rx=0 unique=0 lost=100 per=100.0 rssi_avg=0 rssi_min=0 crc_err=0 garbage=26 tx_lat=0.00000 tx_lon=0.00000 sats=0 fix=0 utc=0 tx_fw=none rx_fw=unknown
PHASE_GUARD 500
PHASE_START 24 HF-FLRC-325-32 pktSize=32
2026-07-26T15:16:07.328332+00:00 SYNC_NOT_FOUND first4=09D7B143
SYNC_NOT_FOUND first4=740F717B
SYNC_NOT_FOUND first4=22CFE34A
2026-07-26T15:16:08.339566+00:00 TIME_SYNCED utc=1785078967 offset=1785062472
PHASE_RESULT 24 HF-FLRC-325-32 pktSize=32 rx=0 unique=0 lost=100 per=100.0 rssi_avg=0 rssi_min=0 crc_err=0 garbage=3 tx_lat=0.00000 tx_lon=0.00000 sats=0 fix=0 utc=0 tx_fw=none rx_fw=unknown
PHASE_GUARD 500
PHASE_START 25 HF-FLRC-325-64 pktSize=64
2026-07-26T15:16:09.351096+00:00 TIME_SYNCED utc=1785078968 offset=1785062472
SYNC_NOT_FOUND first4=F192BEEC
SYNC_NOT_FOUND first4=46F8AC60
SYNC_NOT_FOUND first4=09A07670
2026-07-26T15:16:10.363118+00:00 SYNC_NOT_FOUND first4=1B7630E4
PHASE_RESULT 25 HF-FLRC-325-64 pktSize=64 rx=0 unique=0 lost=100 per=100.0 rssi_avg=0 rssi_min=0 crc_err=0 garbage=4 tx_lat=0.00000 tx_lon=0.00000 sats=0 fix=0 utc=0 tx_fw=none rx_fw=unknown
PHASE_GUARD 500
PHASE_START 26 HF-FLRC-325-128 pktSize=128
2026-07-26T15:16:12.429356+00:00 SYNC_NOT_FOUND first4=A761395C
PHASE_RESULT 26 HF-FLRC-325-128 pktSize=128 rx=0 unique=0 lost=100 per=100.0 rssi_avg=0 rssi_min=0 crc_err=0 garbage=1 tx_lat=0.00000 tx_lon=0.00000 sats=0 fix=0 utc=0 tx_fw=none rx_fw=unknown
PHASE_GUARD 500
PHASE_START 27 HF-FLRC-325-255 pktSize=255
SYNC_NOT_FOUND first4=27DDC768
2026-07-26T15:16:13.440277+00:00 SYNC_NOT_FOUND first4=2A4615E6
SYNC_NOT_FOUND first4=E94CBD61
SYNC_NOT_FOUND first4=D7D498AC
SYNC_NOT_FOUND first4=12BC3539
2026-07-26T15:16:14.451606+00:00 SYNC_NOT_FOUND first4=E8127680
SYNC_NOT_FOUND first4=6AFA3F97
PHASE_RESULT 27 HF-FLRC-325-255 pktSize=255 rx=0 unique=0 lost=100 per=100.0 rssi_avg=0 rssi_min=0 crc_err=0 garbage=7 tx_lat=0.00000 tx_lon=0.00000 sats=0 fix=0 utc=0 tx_fw=none rx_fw=unknown
PHASE_GUARD 500
LORA_CFG path=0 bw=0x05 sf=7
PHASE_START 28 LF-LoRa-SF7-32 pktSize=32
2026-07-26T15:16:16.514974+00:00 PHASE_RESULT 28 LF-LoRa-SF7-32 pktSize=32 rx=0 unique=0 lost=20 per=100.0 rssi_avg=0 rssi_min=0 crc_err=0 garbage=0 tx_lat=0.00000 tx_lon=0.00000 sats=0 fix=0 utc=0 tx_fw=none rx_fw=unknown
PHASE_GUARD 500
LORA_CFG path=0 bw=0x05 sf=7
PHASE_START 29 LF-LoRa-SF7-64 pktSize=64
2026-07-26T15:16:18.577739+00:00 TIME_SYNCED utc=1785078977 offset=1785062472
TIME_SYNCED utc=1785078978 offset=1785062472
2026-07-26T15:16:19.581833+00:00 PHASE_RESULT 29 LF-LoRa-SF7-64 pktSize=64 rx=0 unique=0 lost=20 per=100.0 rssi_avg=0 rssi_min=0 crc_err=0 garbage=0 tx_lat=0.00000 tx_lon=0.00000 sats=0 fix=0 utc=0 tx_fw=none rx_fw=unknown
PHASE_GUARD 500
LORA_CFG path=0 bw=0x05 sf=7
PHASE_START 30 LF-LoRa-SF7-128 pktSize=128
2026-07-26T15:16:23.747349+00:00 PHASE_RESULT 30 LF-LoRa-SF7-128 pktSize=128 rx=0 unique=0 lost=13 per=100.0 rssi_avg=0 rssi_min=0 crc_err=0 garbage=0 tx_lat=0.00000 tx_lon=0.00000 sats=0 fix=0 utc=0 tx_fw=none rx_fw=unknown
PHASE_GUARD 500
LORA_CFG path=0 bw=0x05 sf=7
PHASE_START 31 LF-LoRa-SF7-255 pktSize=255
2026-07-26T15:16:27.904095+00:00 PHASE_RESULT 31 LF-LoRa-SF7-255 pktSize=255 rx=0 unique=0 lost=7 per=100.0 rssi_avg=0 rssi_min=0 crc_err=0 garbage=0 tx_lat=0.00000 tx_lon=0.00000 sats=0 fix=0 utc=0 tx_fw=none rx_fw=unknown
PHASE_GUARD 500
LORA_CFG path=0 bw=0x05 sf=9
PHASE_START 32 LF-LoRa-SF9-32 pktSize=32
2026-07-26T15:16:28.915299+00:00 TIME_SYNCED utc=1785078987 offset=1785062472
TIME_SYNCED utc=1785078988 offset=1785062472
2026-07-26T15:16:32.029286+00:00 PHASE_RESULT 32 LF-LoRa-SF9-32 pktSize=32 rx=0 unique=0 lost=7 per=100.0 rssi_avg=0 rssi_min=0 crc_err=0 garbage=0 tx_lat=0.00000 tx_lon=0.00000 sats=0 fix=0 utc=0 tx_fw=none rx_fw=unknown
PHASE_GUARD 500
LORA_CFG path=0 bw=0x05 sf=9
PHASE_START 33 LF-LoRa-SF9-64 pktSize=64
2026-07-26T15:16:34.084723+00:00 PHASE_RESULT 33 LF-LoRa-SF9-64 pktSize=64 rx=0 unique=0 lost=3 per=100.0 rssi_avg=0 rssi_min=0 crc_err=0 garbage=0 tx_lat=0.00000 tx_lon=0.00000 sats=0 fix=0 utc=0 tx_fw=none rx_fw=unknown
PHASE_GUARD 500
2026-07-26T15:16:35.094205+00:00 LORA_CFG path=0 bw=0x05 sf=9
PHASE_START 34 LF-LoRa-SF9-128 pktSize=128
2026-07-26T15:16:36.106206+00:00 PHASE_RESULT 34 LF-LoRa-SF9-128 pktSize=128 rx=0 unique=0 lost=1 per=100.0 rssi_avg=0 rssi_min=0 crc_err=0 garbage=0 tx_lat=0.00000 tx_lon=0.00000 sats=0 fix=0 utc=0 tx_fw=none rx_fw=unknown
PHASE_GUARD 500
2026-07-26T15:16:37.121215+00:00 LORA_CFG path=0 bw=0x05 sf=9
PHASE_START 35 LF-LoRa-SF9-255 pktSize=255
2026-07-26T15:16:39.184709+00:00 TIME_SYNCED utc=1785078998 offset=1785062472
TIME_SYNCED utc=1785078998 offset=1785062472
2026-07-26T15:16:40.195964+00:00 PHASE_RESULT 35 LF-LoRa-SF9-255 pktSize=255 rx=0 unique=0 lost=1 per=100.0 rssi_avg=0 rssi_min=0 crc_err=0 garbage=0 tx_lat=0.00000 tx_lon=0.00000 sats=0 fix=0 utc=0 tx_fw=none rx_fw=unknown
PHASE_GUARD 500
LORA_CFG path=0 bw=0x05 sf=12
2026-07-26T15:16:41.209243+00:00 PHASE_START 36 LF-LoRa-SF12-32 pktSize=32
2026-07-26T15:16:48.527569+00:00 TIME_SYNCED utc=1785079008 offset=1785062472
2026-07-26T15:16:49.537940+00:00 TIME_SYNCED utc=1785079008 offset=1785062472
2026-07-26T15:16:55.805314+00:00 PHASE_RESULT 36 LF-LoRa-SF12-32 pktSize=32 rx=0 unique=0 lost=1 per=100.0 rssi_avg=0 rssi_min=0 crc_err=0 garbage=0 tx_lat=0.00000 tx_lon=0.00000 sats=0 fix=0 utc=0 tx_fw=none rx_fw=unknown
PHASE_GUARD 500
LORA_CFG path=0 bw=0x05 sf=12
PHASE_START 37 LF-LoRa-SF12-SKIP SKIP pktSize=64
2026-07-26T15:16:56.817873+00:00 PHASE_RESULT 37 LF-LoRa-SF12-SKIP pktSize=64 rx=0 unique=0 lost=0 per=0.0 rssi_avg=0 rssi_min=0 crc_err=0 garbage=0 tx_lat=0.00000 tx_lon=0.00000 sats=0 fix=0 utc=0 tx_fw=none rx_fw=unknown
PHASE_GUARD 500
LORA_CFG path=0 bw=0x05 sf=12
PHASE_START 38 LF-LoRa-SF12-SKIP SKIP pktSize=128
2026-07-26T15:16:57.830194+00:00 PHASE_RESULT 38 LF-LoRa-SF12-SKIP pktSize=128 rx=0 unique=0 lost=0 per=0.0 rssi_avg=0 rssi_min=0 crc_err=0 garbage=0 tx_lat=0.00000 tx_lon=0.00000 sats=0 fix=0 utc=0 tx_fw=none rx_fw=unknown
PHASE_GUARD 500
LORA_CFG path=0 bw=0x05 sf=12
PHASE_START 39 LF-LoRa-SF12-SKIP SKIP pktSize=255
2026-07-26T15:16:58.841491+00:00 PHASE_RESULT 39 LF-LoRa-SF12-SKIP pktSize=255 rx=0 unique=0 lost=0 per=0.0 rssi_avg=0 rssi_min=0 crc_err=0 garbage=0 tx_lat=0.00000 tx_lon=0.00000 sats=0 fix=0 utc=0 tx_fw=none rx_fw=unknown
PHASE_GUARD 500
PHASE_START 40 LF-FLRC-2600-32 pktSize=32
SYNC_NOT_FOUND first4=0A121F24
TIME_SYNCED utc=1785079018 offset=1785062472
2026-07-26T15:16:59.852104+00:00 TIME_SYNCED utc=1785079018 offset=1785062472
SYNC_NOT_FOUND first4=B64B21B3
SYNC_NOT_FOUND first4=68AD7869
2026-07-26T15:17:00.863629+00:00 PHASE_RESULT 40 LF-FLRC-2600-32 pktSize=32 rx=0 unique=0 lost=100 per=100.0 rssi_avg=0 rssi_min=0 crc_err=0 garbage=3 tx_lat=0.00000 tx_lon=0.00000 sats=0 fix=0 utc=0 tx_fw=none rx_fw=unknown
PHASE_GUARD 500
PHASE_START 41 LF-FLRC-2600-64 pktSize=64
SYNC_NOT_FOUND first4=D3E04048
2026-07-26T15:17:02.925672+00:00 PHASE_RESULT 41 LF-FLRC-2600-64 pktSize=64 rx=0 unique=0 lost=100 per=100.0 rssi_avg=0 rssi_min=0 crc_err=0 garbage=1 tx_lat=0.00000 tx_lon=0.00000 sats=0 fix=0 utc=0 tx_fw=none rx_fw=unknown
PHASE_GUARD 500
PHASE_START 42 LF-FLRC-2600-128 pktSize=128
SYNC_NOT_FOUND first4=8440C290
2026-07-26T15:17:04.992135+00:00 PHASE_RESULT 42 LF-FLRC-2600-128 pktSize=128 rx=0 unique=0 lost=100 per=100.0 rssi_avg=0 rssi_min=0 crc_err=0 garbage=1 tx_lat=0.00000 tx_lon=0.00000 sats=0 fix=0 utc=0 tx_fw=none rx_fw=unknown
PHASE_GUARD 500
PHASE_START 43 LF-FLRC-2600-255 pktSize=255
2026-07-26T15:17:07.047673+00:00 PHASE_RESULT 43 LF-FLRC-2600-255 pktSize=255 rx=0 unique=0 lost=100 per=100.0 rssi_avg=0 rssi_min=0 crc_err=0 garbage=0 tx_lat=0.00000 tx_lon=0.00000 sats=0 fix=0 utc=0 tx_fw=none rx_fw=unknown
PHASE_GUARD 500
PHASE_START 44 LF-FLRC-1300-32 pktSize=32
2026-07-26T15:17:08.058735+00:00 PHASE_RESULT 44 LF-FLRC-1300-32 pktSize=32 rx=0 unique=0 lost=100 per=100.0 rssi_avg=0 rssi_min=0 crc_err=0 garbage=0 tx_lat=0.00000 tx_lon=0.00000 sats=0 fix=0 utc=0 tx_fw=none rx_fw=unknown
2026-07-26T15:17:09.069803+00:00 PHASE_GUARD 500
PHASE_START 45 LF-FLRC-1300-64 pktSize=64
TIME_SYNCED utc=1785079028 offset=1785062472
2026-07-26T15:17:10.080486+00:00 TIME_SYNCED utc=1785079029 offset=1785062472
PHASE_RESULT 45 LF-FLRC-1300-64 pktSize=64 rx=0 unique=0 lost=100 per=100.0 rssi_avg=0 rssi_min=0 crc_err=0 garbage=0 tx_lat=0.00000 tx_lon=0.00000 sats=0 fix=0 utc=0 tx_fw=none rx_fw=unknown
PHASE_GUARD 500
2026-07-26T15:17:11.093280+00:00 PHASE_START 46 LF-FLRC-1300-128 pktSize=128
2026-07-26T15:17:12.104910+00:00 PHASE_RESULT 46 LF-FLRC-1300-128 pktSize=128 rx=0 unique=0 lost=100 per=100.0 rssi_avg=0 rssi_min=0 crc_err=0 garbage=0 tx_lat=0.00000 tx_lon=0.00000 sats=0 fix=0 utc=0 tx_fw=none rx_fw=unknown
PHASE_GUARD 500
2026-07-26T15:17:13.109713+00:00 PHASE_START 47 LF-FLRC-1300-255 pktSize=255
2026-07-26T15:17:14.120929+00:00 PHASE_RESULT 47 LF-FLRC-1300-255 pktSize=255 rx=0 unique=0 lost=100 per=100.0 rssi_avg=0 rssi_min=0 crc_err=0 garbage=0 tx_lat=0.00000 tx_lon=0.00000 sats=0 fix=0 utc=0 tx_fw=none rx_fw=unknown
PHASE_GUARD 500
2026-07-26T15:17:15.132207+00:00 PHASE_START 48 LF-FLRC-650-32 pktSize=32
SYNC_NOT_FOUND first4=C822605E
2026-07-26T15:17:16.143116+00:00 SYNC_NOT_FOUND first4=28A29CA4
SYNC_NOT_FOUND first4=E92BF103
SYNC_NOT_FOUND first4=F650A707
PHASE_RESULT 48 LF-FLRC-650-32 pktSize=32 rx=0 unique=0 lost=100 per=100.0 rssi_avg=0 rssi_min=0 crc_err=0 garbage=4 tx_lat=0.00000 tx_lon=0.00000 sats=0 fix=0 utc=0 tx_fw=none rx_fw=unknown
PHASE_GUARD 500
2026-07-26T15:17:17.155466+00:00 PHASE_START 49 LF-FLRC-650-64 pktSize=64
SYNC_NOT_FOUND first4=D0AAE32B
SYNC_NOT_FOUND first4=A0F1F87A
SYNC_NOT_FOUND first4=7AD41484
2026-07-26T15:17:18.166966+00:00 SYNC_NOT_FOUND first4=0751F86A
SYNC_NOT_FOUND first4=CF571D57
PHASE_RESULT 49 LF-FLRC-650-64 pktSize=64 rx=0 unique=0 lost=100 per=100.0 rssi_avg=0 rssi_min=0 crc_err=0 garbage=5 tx_lat=0.00000 tx_lon=0.00000 sats=0 fix=0 utc=0 tx_fw=none rx_fw=unknown
PHASE_GUARD 500
2026-07-26T15:17:19.178440+00:00 PHASE_START 50 LF-FLRC-650-128 pktSize=128
TIME_SYNCED utc=1785079038 offset=1785062472
2026-07-26T15:17:20.189966+00:00 TIME_SYNCED utc=1785079039 offset=1785062472
PHASE_RESULT 50 LF-FLRC-650-128 pktSize=128 rx=0 unique=0 lost=100 per=100.0 rssi_avg=0 rssi_min=0 crc_err=0 garbage=0 tx_lat=0.00000 tx_lon=0.00000 sats=0 fix=0 utc=0 tx_fw=none rx_fw=unknown
PHASE_GUARD 500
2026-07-26T15:17:21.201380+00:00 PHASE_START 51 LF-FLRC-650-255 pktSize=255
SYNC_NOT_FOUND first4=AFD4238F
2026-07-26T15:17:22.213298+00:00 SYNC_NOT_FOUND first4=A14209D1
SYNC_NOT_FOUND first4=C5C44A73
SYNC_NOT_FOUND first4=C1EFF166
PHASE_RESULT 51 LF-FLRC-650-255 pktSize=255 rx=0 unique=0 lost=100 per=100.0 rssi_avg=0 rssi_min=0 crc_err=0 garbage=4 tx_lat=0.00000 tx_lon=0.00000 sats=0 fix=0 utc=0 tx_fw=none rx_fw=unknown
PHASE_GUARD 500
PHASE_START 52 LF-FLRC-325-32 pktSize=32
2026-07-26T15:17:24.276478+00:00 PHASE_RESULT 52 LF-FLRC-325-32 pktSize=32 rx=0 unique=0 lost=100 per=100.0 rssi_avg=0 rssi_min=0 crc_err=0 garbage=0 tx_lat=0.00000 tx_lon=0.00000 sats=0 fix=0 utc=0 tx_fw=none rx_fw=unknown
PHASE_GUARD 500
PHASE_START 53 LF-FLRC-325-64 pktSize=64
2026-07-26T15:17:26.338491+00:00 PHASE_RESULT 53 LF-FLRC-325-64 pktSize=64 rx=0 unique=0 lost=100 per=100.0 rssi_avg=0 rssi_min=0 crc_err=0 garbage=0 tx_lat=0.00000 tx_lon=0.00000 sats=0 fix=0 utc=0 tx_fw=none rx_fw=unknown
PHASE_GUARD 500
PHASE_START 54 LF-FLRC-325-128 pktSize=128
2026-07-26T15:17:28.406043+00:00 PHASE_RESULT 54 LF-FLRC-325-128 pktSize=128 rx=0 unique=0 lost=100 per=100.0 rssi_avg=0 rssi_min=0 crc_err=0 garbage=0 tx_lat=0.00000 tx_lon=0.00000 sats=0 fix=0 utc=0 tx_fw=none rx_fw=unknown
PHASE_GUARD 500
PHASE_START 55 LF-FLRC-325-255 pktSize=255
2026-07-26T15:17:29.428317+00:00 TIME_SYNCED utc=1785079048 offset=1785062472
2026-07-26T15:17:30.439866+00:00 TIME_SYNCED utc=1785079049 offset=1785062472
PHASE_RESULT 55 LF-FLRC-325-255 pktSize=255 rx=0 unique=0 lost=100 per=100.0 rssi_avg=0 rssi_min=0 crc_err=0 garbage=0 tx_lat=0.00000 tx_lon=0.00000 sats=0 fix=0 utc=0 tx_fw=none rx_fw=unknown
PHASE_GUARD 500
LORA_CFG path=1 bw=0x0F sf=7
PHASE_START 0 HF-LoRa-SF7-32 pktSize=32
2026-07-26T15:17:32.502712+00:00 PHASE_RESULT 0 HF-LoRa-SF7-32 pktSize=32 rx=0 unique=0 lost=20 per=100.0 rssi_avg=0 rssi_min=0 crc_err=0 garbage=0 tx_lat=0.00000 tx_lon=0.00000 sats=0 fix=0 utc=0 tx_fw=none rx_fw=unknown
PHASE_GUARD 500
LORA_CFG path=1 bw=0x0F sf=7
PHASE_START 1 HF-LoRa-SF7-64 pktSize=64
2026-07-26T15:17:34.576105+00:00 PHASE_RESULT 1 HF-LoRa-SF7-64 pktSize=64 rx=0 unique=0 lost=20 per=100.0 rssi_avg=0 rssi_min=0 crc_err=0 garbage=0 tx_lat=0.00000 tx_lon=0.00000 sats=0 fix=0 utc=0 tx_fw=none rx_fw=unknown
PHASE_GUARD 500
LORA_CFG path=1 bw=0x0F sf=7
PHASE_START 2 HF-LoRa-SF7-128 pktSize=128
2026-07-26T15:17:36.638021+00:00 PHASE_RESULT 2 HF-LoRa-SF7-128 pktSize=128 rx=0 unique=0 lost=20 per=100.0 rssi_avg=0 rssi_min=0 crc_err=0 garbage=0 tx_lat=0.00000 tx_lon=0.00000 sats=0 fix=0 utc=0 tx_fw=none rx_fw=unknown
PHASE_GUARD 500
LORA_CFG path=1 bw=0x0F sf=7
PHASE_START 3 HF-LoRa-SF7-255 pktSize=255
2026-07-26T15:17:38.718935+00:00 TIME_SYNCED utc=1785079058 offset=1785062472
2026-07-26T15:17:39.746035+00:00 PHASE_RESULT 3 HF-LoRa-SF7-255 pktSize=255 rx=0 unique=0 lost=20 per=100.0 rssi_avg=0 rssi_min=0 crc_err=0 garbage=0 tx_lat=0.00000 tx_lon=0.00000 sats=0 fix=0 utc=0 tx_fw=none rx_fw=unknown
PHASE_GUARD 500
LORA_CFG path=1 bw=0x0F sf=9
PHASE_START 4 HF-LoRa-SF9-32 pktSize=32
2026-07-26T15:17:40.758356+00:00 TIME_SYNCED utc=1785079059 offset=1785062472
2026-07-26T15:17:41.769258+00:00 PHASE_RESULT 4 HF-LoRa-SF9-32 pktSize=32 rx=0 unique=0 lost=20 per=100.0 rssi_avg=0 rssi_min=0 crc_err=0 garbage=0 tx_lat=0.00000 tx_lon=0.00000 sats=0 fix=0 utc=0 tx_fw=none rx_fw=unknown
PHASE_GUARD 500
LORA_CFG path=1 bw=0x0F sf=9
PHASE_START 5 HF-LoRa-SF9-64 pktSize=64
2026-07-26T15:17:44.896912+00:00 PHASE_RESULT 5 HF-LoRa-SF9-64 pktSize=64 rx=0 unique=0 lost=20 per=100.0 rssi_avg=0 rssi_min=0 crc_err=0 garbage=0 tx_lat=0.00000 tx_lon=0.00000 sats=0 fix=0 utc=0 tx_fw=none rx_fw=unknown
PHASE_GUARD 500
LORA_CFG path=1 bw=0x0F sf=9
PHASE_START 6 HF-LoRa-SF9-128 pktSize=128
2026-07-26T15:17:49.079632+00:00 PHASE_RESULT 6 HF-LoRa-SF9-128 pktSize=128 rx=0 unique=0 lost=13 per=100.0 rssi_avg=0 rssi_min=0 crc_err=0 garbage=0 tx_lat=0.00000 tx_lon=0.00000 sats=0 fix=0 utc=0 tx_fw=none rx_fw=unknown
PHASE_GUARD 500
LORA_CFG path=1 bw=0x0F sf=9
PHASE_START 7 HF-LoRa-SF9-255 pktSize=255
TIME_SYNCED utc=1785079068 offset=1785062472
2026-07-26T15:17:51.154115+00:00 TIME_SYNCED utc=1785079070 offset=1785062472
PHASE_RESULT 7 HF-LoRa-SF9-255 pktSize=255 rx=0 unique=0 lost=6 per=100.0 rssi_avg=0 rssi_min=0 crc_err=0 garbage=0 tx_lat=0.00000 tx_lon=0.00000 sats=0 fix=0 utc=0 tx_fw=none rx_fw=unknown
PHASE_GUARD 500
LORA_CFG path=1 bw=0x0F sf=12
2026-07-26T15:17:52.165352+00:00 PHASE_START 8 HF-LoRa-SF12-32 pktSize=32
2026-07-26T15:17:54.242915+00:00 PHASE_RESULT 8 HF-LoRa-SF12-32 pktSize=32 rx=0 unique=0 lost=2 per=100.0 rssi_avg=0 rssi_min=0 crc_err=0 garbage=0 tx_lat=0.00000 tx_lon=0.00000 sats=0 fix=0 utc=0 tx_fw=none rx_fw=unknown
PHASE_GUARD 500
LORA_CFG path=1 bw=0x0F sf=12
PHASE_START 9 HF-LoRa-SF12-64 pktSize=64
2026-07-26T15:17:57.372222+00:00 PHASE_RESULT 9 HF-LoRa-SF12-64 pktSize=64 rx=0 unique=0 lost=1 per=100.0 rssi_avg=0 rssi_min=0 crc_err=0 garbage=0 tx_lat=0.00000 tx_lon=0.00000 sats=0 fix=0 utc=0 tx_fw=none rx_fw=unknown
PHASE_GUARD 500
LORA_CFG path=1 bw=0x0F sf=12
PHASE_START 10 HF-LoRa-SF12-128 pktSize=128
2026-07-26T15:17:59.449679+00:00 TIME_SYNCED utc=1785079078 offset=1785062472
2026-07-26T15:18:01.522238+00:00 TIME_SYNCED utc=1785079080 offset=1785062472
2026-07-26T15:18:02.536968+00:00 PHASE_RESULT 10 HF-LoRa-SF12-128 pktSize=128 rx=0 unique=0 lost=1 per=100.0 rssi_avg=0 rssi_min=0 crc_err=0 garbage=0 tx_lat=0.00000 tx_lon=0.00000 sats=0 fix=0 utc=0 tx_fw=none rx_fw=unknown
PHASE_GUARD 500
LORA_CFG path=1 bw=0x0F sf=12
PHASE_START 11 HF-LoRa-SF12-255 pktSize=255
2026-07-26T15:18:08.822699+00:00 TIME_SYNCED utc=1785079088 offset=1785062472
2026-07-26T15:18:11.949354+00:00 TIME_SYNCED utc=1785079090 offset=1785062472
2026-07-26T15:18:12.955148+00:00 PHASE_RESULT 11 HF-LoRa-SF12-255 pktSize=255 rx=0 unique=0 lost=1 per=100.0 rssi_avg=0 rssi_min=0 crc_err=0 garbage=0 tx_lat=0.00000 tx_lon=0.00000 sats=0 fix=0 utc=0 tx_fw=none rx_fw=unknown
PHASE_GUARD 500
PHASE_START 12 HF-FLRC-2600-32 pktSize=32
SYNC_NOT_FOUND first4=78ED0777
SYNC_NOT_FOUND first4=84536310
SYNC_NOT_FOUND first4=A597E218
SYNC_NOT_FOUND first4=A188D544
SYNC_NOT_FOUND first4=82AF6169
2026-07-26T15:18:13.986839+00:00 SYNC_NOT_FOUND first4=8E36C9D5
SYNC_NOT_FOUND first4=C9F4FC90
SYNC_NOT_FOUND first4=FCA5409E
SYNC_NOT_FOUND first4=0F808D8E
SYNC_NOT_FOUND first4=E7B40465
SYNC_NOT_FOUND first4=8E871037
2026-07-26T15:18:15.000668+00:00 PHASE_RESULT 12 HF-FLRC-2600-32 pktSize=32 rx=0 unique=0 lost=100 per=100.0 rssi_avg=0 rssi_min=0 crc_err=0 garbage=11 tx_lat=0.00000 tx_lon=0.00000 sats=0 fix=0 utc=0 tx_fw=none rx_fw=unknown
PHASE_GUARD 500
PHASE_START 13 HF-FLRC-2600-64 pktSize=64
SYNC_NOT_FOUND first4=612B3B18
SYNC_NOT_FOUND first4=B7E83B8C
SYNC_NOT_FOUND first4=03A5741D
SYNC_NOT_FOUND first4=28F90EBC
2026-07-26T15:18:16.023977+00:00 SYNC_NOT_FOUND first4=A3D6C757
SYNC_NOT_FOUND first4=4572894E
SYNC_NOT_FOUND first4=1466D28C
2026-07-26T15:18:17.037102+00:00 PHASE_RESULT 13 HF-FLRC-2600-64 pktSize=64 rx=0 unique=0 lost=100 per=100.0 rssi_avg=0 rssi_min=0 crc_err=0 garbage=7 tx_lat=0.00000 tx_lon=0.00000 sats=0 fix=0 utc=0 tx_fw=none rx_fw=unknown
PHASE_GUARD 500
PHASE_START 14 HF-FLRC-2600-128 pktSize=128
SYNC_NOT_FOUND first4=40EF1634
SYNC_NOT_FOUND first4=D3B161D5
SYNC_NOT_FOUND first4=B7AC1955
SYNC_NOT_FOUND first4=7C8B1A97
SYNC_NOT_FOUND first4=6316FB3E
SYNC_NOT_FOUND first4=91C26821
SYNC_NOT_FOUND first4=0270B0B5
SYNC_NOT_FOUND first4=A2C643BC
2026-07-26T15:18:18.048266+00:00 SYNC_NOT_FOUND first4=586B5AE0
SYNC_NOT_FOUND first4=C0127F3F
SYNC_NOT_FOUND first4=99B0C4C7
PHASE_RESULT 14 HF-FLRC-2600-128 pktSize=128 rx=0 unique=0 lost=100 per=100.0 rssi_avg=0 rssi_min=0 crc_err=0 garbage=11 tx_lat=0.00000 tx_lon=0.00000 sats=0 fix=0 utc=0 tx_fw=none rx_fw=unknown
2026-07-26T15:18:19.071217+00:00 PHASE_GUARD 500
PHASE_START 15 HF-FLRC-2600-255 pktSize=255
TIME_SYNCED utc=1785079098 offset=1785062472
SYNC_NOT_FOUND first4=F9FAD00A
SYNC_NOT_FOUND first4=359C4F10
2026-07-26T15:18:20.092661+00:00 SYNC_NOT_FOUND first4=EC40DF6C
SYNC_NOT_FOUND first4=37402954
SYNC_NOT_FOUND first4=F065D3C0
SYNC_NOT_FOUND first4=CF7C1608
SYNC_NOT_FOUND first4=68D18397
SYNC_NOT_FOUND first4=24211C68
SYNC_NOT_FOUND first4=BBDC0F9C
PHASE_RESULT 15 HF-FLRC-2600-255 pktSize=255 rx=0 unique=0 lost=100 per=100.0 rssi_avg=0 rssi_min=0 crc_err=0 garbage=9 tx_lat=0.00000 tx_lon=0.00000 sats=0 fix=0 utc=0 tx_fw=none rx_fw=unknown
PHASE_GUARD 500
2026-07-26T15:18:21.103762+00:00 PHASE_START 16 HF-FLRC-1300-32 pktSize=32
SYNC_NOT_FOUND first4=D89CE90B
SYNC_NOT_FOUND first4=981E5BD0
SYNC_NOT_FOUND first4=805F5867
SYNC_NOT_FOUND first4=1C3E0BEA
SYNC_NOT_FOUND first4=25295231
SYNC_NOT_FOUND first4=61EB19FA
SYNC_NOT_FOUND first4=A7956695
SYNC_NOT_FOUND first4=4286D34F
SYNC_NOT_FOUND first4=EB0FA82F
2026-07-26T15:18:22.117065+00:00 TIME_SYNCED utc=1785079101 offset=1785062472
SYNC_NOT_FOUND first4=6A53313C
SYNC_NOT_FOUND first4=1672CDA7
SYNC_NOT_FOUND first4=99E9EDA3
SYNC_NOT_FOUND first4=D468277A
SYNC_NOT_FOUND first4=2A021167
SYNC_NOT_FOUND first4=A675B00A
PHASE_RESULT 16 HF-FLRC-1300-32 pktSize=32 rx=0 unique=0 lost=100 per=100.0 rssi_avg=0 rssi_min=0 crc_err=0 garbage=15 tx_lat=0.00000 tx_lon=0.00000 sats=0 fix=0 utc=0 tx_fw=none rx_fw=unknown
PHASE_GUARD 500
2026-07-26T15:18:23.129958+00:00 PHASE_START 17 HF-FLRC-1300-64 pktSize=64
SYNC_NOT_FOUND first4=65036BEB
SYNC_NOT_FOUND first4=9E62A916
SYNC_NOT_FOUND first4=7DA2976C
SYNC_NOT_FOUND first4=86DCC5C7
SYNC_NOT_FOUND first4=06F162A5
2026-07-26T15:18:24.151346+00:00 SYNC_NOT_FOUND first4=AF58DD98
SYNC_NOT_FOUND first4=4ECB703F
SYNC_NOT_FOUND first4=AB758D53
SYNC_NOT_FOUND first4=88AC29C3
PHASE_RESULT 17 HF-FLRC-1300-64 pktSize=64 rx=0 unique=0 lost=100 per=100.0 rssi_avg=0 rssi_min=0 crc_err=0 garbage=9 tx_lat=0.00000 tx_lon=0.00000 sats=0 fix=0 utc=0 tx_fw=none rx_fw=unknown
PHASE_GUARD 500
2026-07-26T15:18:25.175051+00:00 PHASE_START 18 HF-FLRC-1300-128 pktSize=128
SYNC_NOT_FOUND first4=3A9B67A3
SYNC_NOT_FOUND first4=9881C3D3
SYNC_NOT_FOUND first4=F1D83963
2026-07-26T15:18:26.184872+00:00 SYNC_NOT_FOUND first4=23FFF188
PHASE_RESULT 18 HF-FLRC-1300-128 pktSize=128 rx=0 unique=0 lost=100 per=100.0 rssi_avg=0 rssi_min=0 crc_err=0 garbage=4 tx_lat=0.00000 tx_lon=0.00000 sats=0 fix=0 utc=0 tx_fw=none rx_fw=unknown
PHASE_GUARD 500
PHASE_START 19 HF-FLRC-1300-255 pktSize=255
2026-07-26T15:18:27.197541+00:00 SYNC_NOT_FOUND first4=A93854C6
SYNC_NOT_FOUND first4=34A1858C
SYNC_NOT_FOUND first4=B932E141
SYNC_NOT_FOUND first4=820A2297
SYNC_NOT_FOUND first4=8FFF9971
2026-07-26T15:18:28.210276+00:00 SYNC_NOT_FOUND first4=093A9623
SYNC_NOT_FOUND first4=9BE019A8
SYNC_NOT_FOUND first4=A1F18C8C
SYNC_NOT_FOUND first4=BC923FE8
SYNC_NOT_FOUND first4=615EAB40
PHASE_RESULT 19 HF-FLRC-1300-255 pktSize=255 rx=0 unique=0 lost=100 per=100.0 rssi_avg=0 rssi_min=0 crc_err=0 garbage=10 tx_lat=0.00000 tx_lon=0.00000 sats=0 fix=0 utc=0 tx_fw=none rx_fw=unknown
PHASE_GUARD 500
PHASE_START 20 HF-FLRC-650-32 pktSize=32
2026-07-26T15:18:29.233369+00:00 SYNC_NOT_FOUND first4=E283902A
SYNC_NOT_FOUND first4=DA7619EF
SYNC_NOT_FOUND first4=7143FAC4
SYNC_NOT_FOUND first4=21F8F135
SYNC_NOT_FOUND first4=064CC111
SYNC_NOT_FOUND first4=2063488F
TIME_SYNCED utc=1785079108 offset=1785062472
SYNC_NOT_FOUND first4=5BA4E401
SYNC_NOT_FOUND first4=440167A2
SYNC_NOT_FOUND first4=AB74F3F0
SYNC_NOT_FOUND first4=44F7B548
SYNC_NOT_FOUND first4=48CEC650
SYNC_NOT_FOUND first4=D12CB3A4
SYNC_NOT_FOUND first4=C77BF4D8
SYNC_NOT_FOUND first4=BCC71C13
SYNC_NOT_FOUND first4=95B37FA9
SYNC_NOT_FOUND first4=2A422CD0
2026-07-26T15:18:30.255669+00:00 SYNC_NOT_FOUND first4=14350059
SYNC_NOT_FOUND first4=7DC955B7
SYNC_NOT_FOUND first4=55C0A081
SYNC_NOT_FOUND first4=F28C2C03
SYNC_NOT_FOUND first4=96607499
SYNC_NOT_FOUND first4=6A57AF4F
SYNC_NOT_FOUND first4=64A9496A
SYNC_NOT_FOUND first4=8B4E7E68
SYNC_NOT_FOUND first4=EC9D263F
SYNC_NOT_FOUND first4=EFAF1F55
SYNC_NOT_FOUND first4=1C923468
SYNC_NOT_FOUND first4=033A40A4
SYNC_NOT_FOUND first4=63EE5589
SYNC_NOT_FOUND first4=74BF169A
SYNC_NOT_FOUND first4=9AE235AA
SYNC_NOT_FOUND first4=38201487
SYNC_NOT_FOUND first4=2B521CD8
PHASE_RESULT 20 HF-FLRC-650-32 pktSize=32 rx=0 unique=0 lost=100 per=100.0 rssi_avg=0 rssi_min=0 crc_err=0 garbage=33 tx_lat=0.00000 tx_lon=0.00000 sats=0 fix=0 utc=0 tx_fw=none rx_fw=unknown
PHASE_GUARD 500
PHASE_START 21 HF-FLRC-650-64 pktSize=64
SYNC_NOT_FOUND first4=051C673B
SYNC_NOT_FOUND first4=8A4B91DC
SYNC_NOT_FOUND first4=D0EAAE0C
2026-07-26T15:18:31.266251+00:00 SYNC_NOT_FOUND first4=63961C39
SYNC_NOT_FOUND first4=24F2BBAB
SYNC_NOT_FOUND first4=1D7ABDEB
SYNC_NOT_FOUND first4=CEEF61C5
SYNC_NOT_FOUND first4=B5FEFBAA
SYNC_NOT_FOUND first4=A0E34AA7
SYNC_NOT_FOUND first4=820544F1
SYNC_NOT_FOUND first4=66285968
SYNC_NOT_FOUND first4=68C1BC21
SYNC_NOT_FOUND first4=4FC1ED08
SYNC_NOT_FOUND first4=32461B62
SYNC_NOT_FOUND first4=233B41C9
SYNC_NOT_FOUND first4=A4533625
SYNC_NOT_FOUND first4=77ED746A
SYNC_NOT_FOUND first4=ED0509A3
SYNC_NOT_FOUND first4=D4ED3075
SYNC_NOT_FOUND first4=DB46934A
SYNC_NOT_FOUND first4=CCB6F12B
SYNC_NOT_FOUND first4=6C9BBEAC
SYNC_NOT_FOUND first4=EA0B564B
2026-07-26T15:18:32.284261+00:00 TIME_SYNCED utc=1785079111 offset=1785062472
SYNC_NOT_FOUND first4=D70041C4
SYNC_NOT_FOUND first4=3EDB67A1
SYNC_NOT_FOUND first4=14E8F4D8
SYNC_NOT_FOUND first4=774C70A2
SYNC_NOT_FOUND first4=872591F3
SYNC_NOT_FOUND first4=887B6764
SYNC_NOT_FOUND first4=C3BE1746
SYNC_NOT_FOUND first4=42BD91C0
SYNC_NOT_FOUND first4=AABD6626
SYNC_NOT_FOUND first4=2F584E0C
SYNC_NOT_FOUND first4=14151B4C
SYNC_NOT_FOUND first4=822F8213
SYNC_NOT_FOUND first4=50635F0E
SYNC_NOT_FOUND first4=4B99C988
PHASE_RESULT 21 HF-FLRC-650-64 pktSize=64 rx=0 unique=0 lost=100 per=100.0 rssi_avg=0 rssi_min=0 crc_err=0 garbage=37 tx_lat=0.00000 tx_lon=0.00000 sats=0 fix=0 utc=0 tx_fw=none rx_fw=unknown
PHASE_GUARD 500
PHASE_START 22 HF-FLRC-650-128 pktSize=128
SYNC_NOT_FOUND first4=DF882B03
SYNC_NOT_FOUND first4=4ABFB133
2026-07-26T15:18:33.299092+00:00 SYNC_NOT_FOUND first4=F40CF718
SYNC_NOT_FOUND first4=F03433B1
SYNC_NOT_FOUND first4=386F14EC
SYNC_NOT_FOUND first4=B54DA7BD
SYNC_NOT_FOUND first4=432765EE
SYNC_NOT_FOUND first4=4EE6D094
SYNC_NOT_FOUND first4=2852EB27
SYNC_NOT_FOUND first4=7B84CF79
SYNC_NOT_FOUND first4=F5A53FA6
SYNC_NOT_FOUND first4=FA91BA81
SYNC_NOT_FOUND first4=7EF6ABD0
SYNC_NOT_FOUND first4=CEFBD50D
SYNC_NOT_FOUND first4=FC424FC3
SYNC_NOT_FOUND first4=861E231C
SYNC_NOT_FOUND first4=2278006D
SYNC_NOT_FOUND first4=264C0833
SYNC_NOT_FOUND first4=FDF07118
SYNC_NOT_FOUND first4=C547E912
SYNC_NOT_FOUND first4=C8C28E61
SYNC_NOT_FOUND first4=A42A4B90
SYNC_NOT_FOUND first4=51E0ACB7
2026-07-26T15:18:34.319294+00:00 SYNC_NOT_FOUND first4=3955930B
SYNC_NOT_FOUND first4=D93193E6
SYNC_NOT_FOUND first4=06E7A8EB
SYNC_NOT_FOUND first4=48B2F9D3
SYNC_NOT_FOUND first4=52F4E97A
SYNC_NOT_FOUND first4=4707D5AD
SYNC_NOT_FOUND first4=66C81200
SYNC_NOT_FOUND first4=930B4F00
SYNC_NOT_FOUND first4=163CB9C5
SYNC_NOT_FOUND first4=E625B2B0
SYNC_NOT_FOUND first4=B7BFB02A
SYNC_NOT_FOUND first4=2BEACA4C
SYNC_NOT_FOUND first4=6C82D504
SYNC_NOT_FOUND first4=511D18B9
SYNC_NOT_FOUND first4=3A79C6B8
SYNC_NOT_FOUND first4=1155975E
PHASE_RESULT 22 HF-FLRC-650-128 pktSize=128 rx=0 unique=0 lost=100 per=100.0 rssi_avg=0 rssi_min=0 crc_err=0 garbage=39 tx_lat=0.00000 tx_lon=0.00000 sats=0 fix=0 utc=0 tx_fw=none rx_fw=unknown
PHASE_GUARD 500
PHASE_START 23 HF-FLRC-650-255 pktSize=255
SYNC_NOT_FOUND first4=FA8D9FD4
SYNC_NOT_FOUND first4=E903830F
2026-07-26T15:18:35.342825+00:00 SYNC_NOT_FOUND first4=D22FD0E9
SYNC_NOT_FOUND first4=D5D0AB33
SYNC_NOT_FOUND first4=3B7D54BA
SYNC_NOT_FOUND first4=2A4F7AE5
SYNC_NOT_FOUND first4=E09E695C
SYNC_NOT_FOUND first4=A8C3D126
SYNC_NOT_FOUND first4=F94F2042
SYNC_NOT_FOUND first4=D662918A
SYNC_NOT_FOUND first4=1AD15A0F
SYNC_NOT_FOUND first4=BA538C41
SYNC_NOT_FOUND first4=0EB80C19
SYNC_NOT_FOUND first4=B960E0FB
SYNC_NOT_FOUND first4=1CC5EC61
SYNC_NOT_FOUND first4=21AD7B43
SYNC_NOT_FOUND first4=7C767655
SYNC_NOT_FOUND first4=82AD50FF
SYNC_NOT_FOUND first4=F4917540
SYNC_NOT_FOUND first4=574A2A4A
SYNC_NOT_FOUND first4=BC1ADA20
SYNC_NOT_FOUND first4=8413BD36
SYNC_NOT_FOUND first4=EF014D84
SYNC_NOT_FOUND first4=20BAC0FB
2026-07-26T15:18:36.356224+00:00 SYNC_NOT_FOUND first4=F13ECE55
SYNC_NOT_FOUND first4=428B24EC
SYNC_NOT_FOUND first4=8A696E67
SYNC_NOT_FOUND first4=8CB9E864
SYNC_NOT_FOUND first4=18EBC1F9
SYNC_NOT_FOUND first4=65F390CB
SYNC_NOT_FOUND first4=D46094B2
SYNC_NOT_FOUND first4=994B9073
SYNC_NOT_FOUND first4=FA65DD8E
SYNC_NOT_FOUND first4=567512C3
SYNC_NOT_FOUND first4=8E000617
SYNC_NOT_FOUND first4=269F58BF
SYNC_NOT_FOUND first4=32C74250
SYNC_NOT_FOUND first4=3020DEB5
SYNC_NOT_FOUND first4=218A8695
SYNC_NOT_FOUND first4=41D437B6
SYNC_NOT_FOUND first4=EE088EB5
SYNC_NOT_FOUND first4=A7D4BB3F
PHASE_RESULT 23 HF-FLRC-650-255 pktSize=255 rx=0 unique=0 lost=100 per=100.0 rssi_avg=0 rssi_min=0 crc_err=0 garbage=42 tx_lat=0.00000 tx_lon=0.00000 sats=0 fix=0 utc=0 tx_fw=none rx_fw=unknown
PHASE_GUARD 500
PHASE_START 24 HF-FLRC-325-32 pktSize=32
2026-07-26T15:18:37.367285+00:00 SYNC_NOT_FOUND first4=49691056
SYNC_NOT_FOUND first4=2C15B7DA
SYNC_NOT_FOUND first4=FEA7CAA2
SYNC_NOT_FOUND first4=00D99533
SYNC_NOT_FOUND first4=754BC139
2026-07-26T15:18:38.380252+00:00 PHASE_RESULT 24 HF-FLRC-325-32 pktSize=32 rx=0 unique=0 lost=100 per=100.0 rssi_avg=0 rssi_min=0 crc_err=0 garbage=5 tx_lat=0.00000 tx_lon=0.00000 sats=0 fix=0 utc=0 tx_fw=none rx_fw=unknown
PHASE_GUARD 500
PHASE_START 25 HF-FLRC-325-64 pktSize=64
2026-07-26T15:18:39.399290+00:00 TIME_SYNCED utc=1785079118 offset=1785062472
SYNC_NOT_FOUND first4=970A760C
SYNC_NOT_FOUND first4=6BA92AAA
2026-07-26T15:18:40.418678+00:00 SYNC_NOT_FOUND first4=CF9A3C04
SYNC_NOT_FOUND first4=211BA356
SYNC_NOT_FOUND first4=FAA6B7F8
PHASE_RESULT 25 HF-FLRC-325-64 pktSize=64 rx=0 unique=0 lost=100 per=100.0 rssi_avg=0 rssi_min=0 crc_err=0 garbage=5 tx_lat=0.00000 tx_lon=0.00000 sats=0 fix=0 utc=0 tx_fw=none rx_fw=unknown
PHASE_GUARD 500
PHASE_START 26 HF-FLRC-325-128 pktSize=128
2026-07-26T15:18:41.429934+00:00 SYNC_NOT_FOUND first4=E2308A01
SYNC_NOT_FOUND first4=1551E7F6
SYNC_NOT_FOUND first4=F09C1524
SYNC_NOT_FOUND first4=F137E9BF
SYNC_NOT_FOUND first4=560EA132
2026-07-26T15:18:42.450445+00:00 TIME_SYNCED utc=1785079121 offset=1785062472
SYNC_NOT_FOUND first4=9D0CB953
PHASE_RESULT 26 HF-FLRC-325-128 pktSize=128 rx=0 unique=0 lost=100 per=100.0 rssi_avg=0 rssi_min=0 crc_err=0 garbage=6 tx_lat=0.00000 tx_lon=0.00000 sats=0 fix=0 utc=0 tx_fw=none rx_fw=unknown
PHASE_GUARD 500
PHASE_START 27 HF-FLRC-325-255 pktSize=255
SYNC_NOT_FOUND first4=103E6CE0
SYNC_NOT_FOUND first4=C0BED8F8
2026-07-26T15:18:43.461725+00:00 SYNC_NOT_FOUND first4=EAF3AE9E
SYNC_NOT_FOUND first4=F4C67E7F
SYNC_NOT_FOUND first4=1BB1BA60
SYNC_NOT_FOUND first4=7913C21B
SYNC_NOT_FOUND first4=B234E224
2026-07-26T15:18:44.484859+00:00 PHASE_RESULT 27 HF-FLRC-325-255 pktSize=255 rx=0 unique=0 lost=100 per=100.0 rssi_avg=0 rssi_min=0 crc_err=0 garbage=7 tx_lat=0.00000 tx_lon=0.00000 sats=0 fix=0 utc=0 tx_fw=none rx_fw=unknown
PHASE_GUARD 500
LORA_CFG path=0 bw=0x05 sf=7
PHASE_START 28 LF-LoRa-SF7-32 pktSize=32
2026-07-26T15:18:46.560899+00:00 PHASE_RESULT 28 LF-LoRa-SF7-32 pktSize=32 rx=0 unique=0 lost=20 per=100.0 rssi_avg=0 rssi_min=0 crc_err=0 garbage=0 tx_lat=0.00000 tx_lon=0.00000 sats=0 fix=0 utc=0 tx_fw=none rx_fw=unknown
PHASE_GUARD 500
LORA_CFG path=0 bw=0x05 sf=7
PHASE_START 29 LF-LoRa-SF7-64 pktSize=64
2026-07-26T15:18:49.676122+00:00 TIME_SYNCED utc=1785079128 offset=1785062472
PHASE_RESULT 29 LF-LoRa-SF7-64 pktSize=64 rx=0 unique=0 lost=20 per=100.0 rssi_avg=0 rssi_min=0 crc_err=0 garbage=0 tx_lat=0.00000 tx_lon=0.00000 sats=0 fix=0 utc=0 tx_fw=none rx_fw=unknown
PHASE_GUARD 500
LORA_CFG path=0 bw=0x05 sf=7
PHASE_START 30 LF-LoRa-SF7-128 pktSize=128
2026-07-26T15:18:52.798360+00:00 TIME_SYNCED utc=1785079131 offset=1785062472
2026-07-26T15:18:53.815290+00:00 PHASE_RESULT 30 LF-LoRa-SF7-128 pktSize=128 rx=0 unique=0 lost=13 per=100.0 rssi_avg=0 rssi_min=0 crc_err=0 garbage=0 tx_lat=0.00000 tx_lon=0.00000 sats=0 fix=0 utc=0 tx_fw=none rx_fw=unknown
PHASE_GUARD 500
LORA_CFG path=0 bw=0x05 sf=7
PHASE_START 31 LF-LoRa-SF7-255 pktSize=255
2026-07-26T15:18:57.995230+00:00 PHASE_RESULT 31 LF-LoRa-SF7-255 pktSize=255 rx=0 unique=0 lost=7 per=100.0 rssi_avg=0 rssi_min=0 crc_err=0 garbage=0 tx_lat=0.00000 tx_lon=0.00000 sats=0 fix=0 utc=0 tx_fw=none rx_fw=unknown
PHASE_GUARD 500
LORA_CFG path=0 bw=0x05 sf=9
PHASE_START 32 LF-LoRa-SF9-32 pktSize=32
2026-07-26T15:18:59.007185+00:00 TIME_SYNCED utc=1785079138 offset=1785062472
2026-07-26T15:19:01.082432+00:00 PHASE_RESULT 32 LF-LoRa-SF9-32 pktSize=32 rx=0 unique=0 lost=7 per=100.0 rssi_avg=0 rssi_min=0 crc_err=0 garbage=0 tx_lat=0.00000 tx_lon=0.00000 sats=0 fix=0 utc=0 tx_fw=none rx_fw=unknown
PHASE_GUARD 500
2026-07-26T15:19:02.098929+00:00 LORA_CFG path=0 bw=0x05 sf=9
PHASE_START 33 LF-LoRa-SF9-64 pktSize=64
2026-07-26T15:19:03.110219+00:00 TIME_SYNCED utc=1785079142 offset=1785062472
2026-07-26T15:19:04.132031+00:00 PHASE_RESULT 33 LF-LoRa-SF9-64 pktSize=64 rx=0 unique=0 lost=3 per=100.0 rssi_avg=0 rssi_min=0 crc_err=0 garbage=0 tx_lat=0.00000 tx_lon=0.00000 sats=0 fix=0 utc=0 tx_fw=none rx_fw=unknown
PHASE_GUARD 500
LORA_CFG path=0 bw=0x05 sf=9
2026-07-26T15:19:05.151948+00:00 PHASE_START 34 LF-LoRa-SF9-128 pktSize=128
2026-07-26T15:19:06.174661+00:00 PHASE_RESULT 34 LF-LoRa-SF9-128 pktSize=128 rx=0 unique=0 lost=1 per=100.0 rssi_avg=0 rssi_min=0 crc_err=0 garbage=0 tx_lat=0.00000 tx_lon=0.00000 sats=0 fix=0 utc=0 tx_fw=none rx_fw=unknown
PHASE_GUARD 500
LORA_CFG path=0 bw=0x05 sf=9
PHASE_START 35 LF-LoRa-SF9-255 pktSize=255
2026-07-26T15:19:09.294576+00:00 TIME_SYNCED utc=1785079148 offset=1785062472
2026-07-26T15:19:10.314499+00:00 PHASE_RESULT 35 LF-LoRa-SF9-255 pktSize=255 rx=0 unique=0 lost=1 per=100.0 rssi_avg=0 rssi_min=0 crc_err=0 garbage=0 tx_lat=0.00000 tx_lon=0.00000 sats=0 fix=0 utc=0 tx_fw=none rx_fw=unknown
PHASE_GUARD 500
LORA_CFG path=0 bw=0x05 sf=12
PHASE_START 36 LF-LoRa-SF12-32 pktSize=32
2026-07-26T15:19:13.438281+00:00 TIME_SYNCED utc=1785079152 offset=1785062472
2026-07-26T15:19:19.705796+00:00 TIME_SYNCED utc=1785079158 offset=1785062472
2026-07-26T15:19:23.881628+00:00 TIME_SYNCED utc=1785079162 offset=1785062472
2026-07-26T15:19:25.953201+00:00 PHASE_RESULT 36 LF-LoRa-SF12-32 pktSize=32 rx=0 unique=0 lost=1 per=100.0 rssi_avg=0 rssi_min=0 crc_err=0 garbage=0 tx_lat=0.00000 tx_lon=0.00000 sats=0 fix=0 utc=0 tx_fw=none rx_fw=unknown
PHASE_GUARD 500
LORA_CFG path=0 bw=0x05 sf=12
PHASE_START 37 LF-LoRa-SF12-SKIP SKIP pktSize=64
2026-07-26T15:19:26.977374+00:00 PHASE_RESULT 37 LF-LoRa-SF12-SKIP pktSize=64 rx=0 unique=0 lost=0 per=0.0 rssi_avg=0 rssi_min=0 crc_err=0 garbage=0 tx_lat=0.00000 tx_lon=0.00000 sats=0 fix=0 utc=0 tx_fw=none rx_fw=unknown
PHASE_GUARD 500
LORA_CFG path=0 bw=0x05 sf=12
PHASE_START 38 LF-LoRa-SF12-SKIP SKIP pktSize=128
2026-07-26T15:19:27.988316+00:00 PHASE_RESULT 38 LF-LoRa-SF12-SKIP pktSize=128 rx=0 unique=0 lost=0 per=0.0 rssi_avg=0 rssi_min=0 crc_err=0 garbage=0 tx_lat=0.00000 tx_lon=0.00000 sats=0 fix=0 utc=0 tx_fw=none rx_fw=unknown
PHASE_GUARD 500
LORA_CFG path=0 bw=0x05 sf=12
PHASE_START 39 LF-LoRa-SF12-SKIP SKIP pktSize=255
2026-07-26T15:19:28.998573+00:00 PHASE_RESULT 39 LF-LoRa-SF12-SKIP pktSize=255 rx=0 unique=0 lost=0 per=0.0 rssi_avg=0 rssi_min=0 crc_err=0 garbage=0 tx_lat=0.00000 tx_lon=0.00000 sats=0 fix=0 utc=0 tx_fw=none rx_fw=unknown
PHASE_GUARD 500
PHASE_START 40 LF-FLRC-2600-32 pktSize=32
TIME_SYNCED utc=1785079168 offset=1785062472
SYNC_NOT_FOUND first4=D51A70E7
SYNC_NOT_FOUND first4=E9A3EA18
2026-07-26T15:19:31.057570+00:00 PHASE_RESULT 40 LF-FLRC-2600-32 pktSize=32 rx=0 unique=0 lost=100 per=100.0 rssi_avg=0 rssi_min=0 crc_err=0 garbage=2 tx_lat=0.00000 tx_lon=0.00000 sats=0 fix=0 utc=0 tx_fw=none rx_fw=unknown
PHASE_GUARD 500
PHASE_START 41 LF-FLRC-2600-64 pktSize=64
SYNC_NOT_FOUND first4=85E09980
2026-07-26T15:19:32.079824+00:00 SYNC_NOT_FOUND first4=7FECA00D
SYNC_NOT_FOUND first4=C311597F
PHASE_RESULT 41 LF-FLRC-2600-64 pktSize=64 rx=0 unique=0 lost=100 per=100.0 rssi_avg=0 rssi_min=0 crc_err=0 garbage=3 tx_lat=0.00000 tx_lon=0.00000 sats=0 fix=0 utc=0 tx_fw=none rx_fw=unknown
PHASE_GUARD 500
2026-07-26T15:19:33.091447+00:00 PHASE_START 42 LF-FLRC-2600-128 pktSize=128
2026-07-26T15:19:34.106369+00:00 TIME_SYNCED utc=1785079173 offset=1785062472
SYNC_NOT_FOUND first4=05B8388B
SYNC_NOT_FOUND first4=FE5E7EE3
PHASE_RESULT 42 LF-FLRC-2600-128 pktSize=128 rx=0 unique=0 lost=100 per=100.0 rssi_avg=0 rssi_min=0 crc_err=0 garbage=2 tx_lat=0.00000 tx_lon=0.00000 sats=0 fix=0 utc=0 tx_fw=none rx_fw=unknown
PHASE_GUARD 500
2026-07-26T15:19:35.117839+00:00 PHASE_START 43 LF-FLRC-2600-255 pktSize=255
SYNC_NOT_FOUND first4=436D7237
2026-07-26T15:19:36.142651+00:00 PHASE_RESULT 43 LF-FLRC-2600-255 pktSize=255 rx=0 unique=0 lost=100 per=100.0 rssi_avg=0 rssi_min=0 crc_err=0 garbage=1 tx_lat=0.00000 tx_lon=0.00000 sats=0 fix=0 utc=0 tx_fw=none rx_fw=unknown
PHASE_GUARD 500
2026-07-26T15:19:37.158240+00:00 PHASE_START 44 LF-FLRC-1300-32 pktSize=32
2026-07-26T15:19:38.171357+00:00 PHASE_RESULT 44 LF-FLRC-1300-32 pktSize=32 rx=0 unique=0 lost=100 per=100.0 rssi_avg=0 rssi_min=0 crc_err=0 garbage=0 tx_lat=0.00000 tx_lon=0.00000 sats=0 fix=0 utc=0 tx_fw=none rx_fw=unknown
PHASE_GUARD 500
PHASE_START 45 LF-FLRC-1300-64 pktSize=64
2026-07-26T15:19:39.182776+00:00 TIME_SYNCED utc=1785079178 offset=1785062472
2026-07-26T15:19:40.197667+00:00 PHASE_RESULT 45 LF-FLRC-1300-64 pktSize=64 rx=0 unique=0 lost=100 per=100.0 rssi_avg=0 rssi_min=0 crc_err=0 garbage=0 tx_lat=0.00000 tx_lon=0.00000 sats=0 fix=0 utc=0 tx_fw=none rx_fw=unknown
PHASE_GUARD 500
PHASE_START 46 LF-FLRC-1300-128 pktSize=128
2026-07-26T15:19:42.273135+00:00 PHASE_RESULT 46 LF-FLRC-1300-128 pktSize=128 rx=0 unique=0 lost=100 per=100.0 rssi_avg=0 rssi_min=0 crc_err=0 garbage=0 tx_lat=0.00000 tx_lon=0.00000 sats=0 fix=0 utc=0 tx_fw=none rx_fw=unknown
PHASE_GUARD 500
PHASE_START 47 LF-FLRC-1300-255 pktSize=255
2026-07-26T15:19:44.343473+00:00 TIME_SYNCED utc=1785079183 offset=1785062472
PHASE_RESULT 47 LF-FLRC-1300-255 pktSize=255 rx=0 unique=0 lost=100 per=100.0 rssi_avg=0 rssi_min=0 crc_err=0 garbage=0 tx_lat=0.00000 tx_lon=0.00000 sats=0 fix=0 utc=0 tx_fw=none rx_fw=unknown
PHASE_GUARD 500
PHASE_START 48 LF-FLRC-650-32 pktSize=32
2026-07-26T15:19:45.354289+00:00 SYNC_NOT_FOUND first4=6D6FE5EA
SYNC_NOT_FOUND first4=F6E0AE81
2026-07-26T15:19:46.369402+00:00 SYNC_NOT_FOUND first4=36047636
PHASE_RESULT 48 LF-FLRC-650-32 pktSize=32 rx=0 unique=0 lost=100 per=100.0 rssi_avg=0 rssi_min=0 crc_err=0 garbage=3 tx_lat=0.00000 tx_lon=0.00000 sats=0 fix=0 utc=0 tx_fw=none rx_fw=unknown
PHASE_GUARD 500
PHASE_START 49 LF-FLRC-650-64 pktSize=64
2026-07-26T15:19:48.441291+00:00 SYNC_NOT_FOUND first4=296B304E
SYNC_NOT_FOUND first4=9C569752
SYNC_NOT_FOUND first4=5F82FD00
PHASE_RESULT 49 LF-FLRC-650-64 pktSize=64 rx=0 unique=0 lost=100 per=100.0 rssi_avg=0 rssi_min=0 crc_err=0 garbage=3 tx_lat=0.00000 tx_lon=0.00000 sats=0 fix=0 utc=0 tx_fw=none rx_fw=unknown
PHASE_GUARD 500
PHASE_START 50 LF-FLRC-650-128 pktSize=128
2026-07-26T15:19:49.453079+00:00 TIME_SYNCED utc=1785079188 offset=1785062472
2026-07-26T15:19:50.464422+00:00 PHASE_RESULT 50 LF-FLRC-650-128 pktSize=128 rx=0 unique=0 lost=100 per=100.0 rssi_avg=0 rssi_min=0 crc_err=0 garbage=0 tx_lat=0.00000 tx_lon=0.00000 sats=0 fix=0 utc=0 tx_fw=none rx_fw=unknown
PHASE_GUARD 500
PHASE_START 51 LF-FLRC-650-255 pktSize=255
SYNC_NOT_FOUND first4=BEC137D2
2026-07-26T15:19:52.535648+00:00 SYNC_NOT_FOUND first4=767BD91B
PHASE_RESULT 51 LF-FLRC-650-255 pktSize=255 rx=0 unique=0 lost=100 per=100.0 rssi_avg=0 rssi_min=0 crc_err=0 garbage=2 tx_lat=0.00000 tx_lon=0.00000 sats=0 fix=0 utc=0 tx_fw=none rx_fw=unknown
PHASE_GUARD 500
PHASE_START 52 LF-FLRC-325-32 pktSize=32
2026-07-26T15:19:54.603015+00:00 TIME_SYNCED utc=1785079193 offset=1785062472
PHASE_RESULT 52 LF-FLRC-325-32 pktSize=32 rx=0 unique=0 lost=100 per=100.0 rssi_avg=0 rssi_min=0 crc_err=0 garbage=0 tx_lat=0.00000 tx_lon=0.00000 sats=0 fix=0 utc=0 tx_fw=none rx_fw=unknown
PHASE_GUARD 500
PHASE_START 53 LF-FLRC-325-64 pktSize=64
2026-07-26T15:19:55.627507+00:00 SYNC_NOT_FOUND first4=41150461
SYNC_NOT_FOUND first4=99A7ED03
2026-07-26T15:19:56.641293+00:00 PHASE_RESULT 53 LF-FLRC-325-64 pktSize=64 rx=0 unique=0 lost=100 per=100.0 rssi_avg=0 rssi_min=0 crc_err=0 garbage=2 tx_lat=0.00000 tx_lon=0.00000 sats=0 fix=0 utc=0 tx_fw=none rx_fw=unknown
PHASE_GUARD 500
PHASE_START 54 LF-FLRC-325-128 pktSize=128
2026-07-26T15:19:58.709000+00:00 PHASE_RESULT 54 LF-FLRC-325-128 pktSize=128 rx=0 unique=0 lost=100 per=100.0 rssi_avg=0 rssi_min=0 crc_err=0 garbage=0 tx_lat=0.00000 tx_lon=0.00000 sats=0 fix=0 utc=0 tx_fw=none rx_fw=unknown
PHASE_GUARD 500
PHASE_START 55 LF-FLRC-325-255 pktSize=255
2026-07-26T15:19:59.722285+00:00 TIME_SYNCED utc=1785079198 offset=1785062472
2026-07-26T15:20:00.734030+00:00 PHASE_RESULT 55 LF-FLRC-325-255 pktSize=255 rx=0 unique=0 lost=100 per=100.0 rssi_avg=0 rssi_min=0 crc_err=0 garbage=0 tx_lat=0.00000 tx_lon=0.00000 sats=0 fix=0 utc=0 tx_fw=none rx_fw=unknown
PHASE_GUARD 500
LORA_CFG path=1 bw=0x0F sf=7
PHASE_START 0 HF-LoRa-SF7-32 pktSize=32
2026-07-26T15:20:02.805198+00:00 PHASE_RESULT 0 HF-LoRa-SF7-32 pktSize=32 rx=0 unique=0 lost=20 per=100.0 rssi_avg=0 rssi_min=0 crc_err=0 garbage=0 tx_lat=0.00000 tx_lon=0.00000 sats=0 fix=0 utc=0 tx_fw=none rx_fw=unknown
PHASE_GUARD 500
LORA_CFG path=1 bw=0x0F sf=7
PHASE_START 1 HF-LoRa-SF7-64 pktSize=64
2026-07-26T15:20:04.868588+00:00 TIME_SYNCED utc=1785079203 offset=1785062472
PHASE_RESULT 1 HF-LoRa-SF7-64 pktSize=64 rx=0 unique=0 lost=20 per=100.0 rssi_avg=0 rssi_min=0 crc_err=0 garbage=0 tx_lat=0.00000 tx_lon=0.00000 sats=0 fix=0 utc=0 tx_fw=none rx_fw=unknown
PHASE_GUARD 500
LORA_CFG path=1 bw=0x0F sf=7
PHASE_START 2 HF-LoRa-SF7-128 pktSize=128
2026-07-26T15:20:06.931247+00:00 PHASE_RESULT 2 HF-LoRa-SF7-128 pktSize=128 rx=0 unique=0 lost=20 per=100.0 rssi_avg=0 rssi_min=0 crc_err=0 garbage=0 tx_lat=0.00000 tx_lon=0.00000 sats=0 fix=0 utc=0 tx_fw=none rx_fw=unknown
PHASE_GUARD 500
LORA_CFG path=1 bw=0x0F sf=7
PHASE_START 3 HF-LoRa-SF7-255 pktSize=255
2026-07-26T15:20:08.994540+00:00 TIME_SYNCED utc=1785079208 offset=1785062472
2026-07-26T15:20:09.998679+00:00 PHASE_RESULT 3 HF-LoRa-SF7-255 pktSize=255 rx=0 unique=0 lost=20 per=100.0 rssi_avg=0 rssi_min=0 crc_err=0 garbage=0 tx_lat=0.00000 tx_lon=0.00000 sats=0 fix=0 utc=0 tx_fw=none rx_fw=unknown
PHASE_GUARD 500
LORA_CFG path=1 bw=0x0F sf=9
PHASE_START 4 HF-LoRa-SF9-32 pktSize=32
2026-07-26T15:20:11.010405+00:00 PHASE_RESULT 4 HF-LoRa-SF9-32 pktSize=32 rx=0 unique=0 lost=20 per=100.0 rssi_avg=0 rssi_min=0 crc_err=0 garbage=0 tx_lat=0.0000
2026-07-26T15:20:12.022867+00:00 0 tx_lon=0.00000 sats=0 fix=0 utc=0 tx_fw=none rx_fw=unknown
PHASE_GUARD 500
LORA_CFG path=1 bw=0x0F sf=9
PHASE_START 5 HF-LoRa-SF9-64 pktSize=64
2026-07-26T15:20:14.078752+00:00 PHASE_RESULT 5 HF-LoRa-SF9-64 pktSize=64 rx=0 unique=0 lost=20 per=100.0 rssi_avg=0 rssi_min=0 crc_err=0 garbage=0 tx_lat=0.00000 tx_lon=0.00000 sats=0 fix=0 utc=0 tx_fw=none rx_fw=unknown
PHASE_GUARD 500
2026-07-26T15:20:15.092410+00:00 LORA_CFG path=1 bw=0x0F sf=9
PHASE_START 6 HF-LoRa-SF9-128 pktSize=128
TIME_SYNCED utc=1785079214 offset=1785062472
2026-07-26T15:20:18.206454+00:00 PHASE_RESULT 6 HF-LoRa-SF9-128 pktSize=128 rx=0 unique=0 lost=13 per=100.0 rssi_avg=0 rssi_min=0 crc_err=0 garbage=0 tx_lat=0.00000 tx_lon=0.00000 sats=0 fix=0 utc=0 tx_fw=none rx_fw=unknown
PHASE_GUARD 500
LORA_CFG path=1 bw=0x0F sf=9
PHASE_START 7 HF-LoRa-SF9-255 pktSize=255
2026-07-26T15:20:19.218212+00:00 TIME_SYNCED utc=1785079218 offset=1785062472
2026-07-26T15:20:21.280989+00:00 PHASE_RESULT 7 HF-LoRa-SF9-255 pktSize=255 rx=0 unique=0 lost=6 per=100.0 rssi_avg=0 rssi_min=0 crc_err=0 garbage=0 tx_lat=0.00000 tx_lon=0.00000 sats=0 fix=0 utc=0 tx_fw=none rx_fw=unknown
PHASE_GUARD 500
LORA_CFG path=1 bw=0x0F sf=12
PHASE_START 8 HF-LoRa-SF12-32 pktSize=32
2026-07-26T15:20:24.394891+00:00 PHASE_RESULT 8 HF-LoRa-SF12-32 pktSize=32 rx=0 unique=0 lost=2 per=100.0 rssi_avg=0 rssi_min=0 crc_err=0 garbage=0 tx_lat=0.00000 tx_lon=0.00000 sats=0 fix=0 utc=0 tx_fw=none rx_fw=unknown
PHASE_GUARD 500
LORA_CFG path=1 bw=0x0F sf=12
PHASE_START 9 HF-LoRa-SF12-64 pktSize=64
2026-07-26T15:20:25.407251+00:00 TIME_SYNCED utc=1785079224 offset=1785062472
2026-07-26T15:20:27.470351+00:00 PHASE_RESULT 9 HF-LoRa-SF12-64 pktSize=64 rx=0 unique=0 lost=1 per=100.0 rssi_avg=0 rssi_min=0 crc_err=0 garbage=0 tx_lat=0.00000 tx_lon=0.00000 sats=0 fix=0 utc=0 tx_fw=none rx_fw=unknown
PHASE_GUARD 500
LORA_CFG path=1 bw=0x0F sf=12
PHASE_START 10 HF-LoRa-SF12-128 pktSize=128
2026-07-26T15:20:29.533226+00:00 TIME_SYNCED utc=1785079228 offset=1785062472
2026-07-26T15:20:32.646068+00:00 PHASE_RESULT 10 HF-LoRa-SF12-128 pktSize=128 rx=0 unique=0 lost=1 per=100.0 rssi_avg=0 rssi_min=0 crc_err=0 garbage=0 tx_lat=0.00000 tx_lon=0.00000 sats=0 fix=0 utc=0 tx_fw=none rx_fw=unknown
PHASE_GUARD 500
LORA_CFG path=1 bw=0x0F sf=12
PHASE_START 11 HF-LoRa-SF12-255 pktSize=255
2026-07-26T15:20:35.761355+00:00 TIME_SYNCED utc=1785079234 offset=1785062472
2026-07-26T15:20:39.919389+00:00 TIME_SYNCED utc=1785079238 offset=1785062472
2026-07-26T15:20:43.032428+00:00 PHASE_RESULT 11 HF-LoRa-SF12-255 pktSize=255 rx=0 unique=0 lost=1 per=100.0 rssi_avg=0 rssi_min=0 crc_err=0 garbage=0 tx_lat=0.00000 tx_lon=0.00000 sats=0 fix=0 utc=0 tx_fw=none rx_fw=unknown
PHASE_GUARD 500
PHASE_START 12 HF-FLRC-2600-32 pktSize=32
SYNC_NOT_FOUND first4=51EF330B
SYNC_NOT_FOUND first4=9305BB2C
SYNC_NOT_FOUND first4=79A45BCC
SYNC_NOT_FOUND first4=F8277B13
SYNC_NOT_FOUND first4=84BC2098
SYNC_NOT_FOUND first4=02BA4CE4
SYNC_NOT_FOUND first4=0D1A16B4
SYNC_NOT_FOUND first4=1254218F
SYNC_NOT_FOUND first4=A69D63D8
SYNC_NOT_FOUND first4=007BF81E
SYNC_NOT_FOUND first4=9F117561
SYNC_NOT_FOUND first4=86E17DD7
SYNC_NOT_FOUND first4=6866A18D
SYNC_NOT_FOUND first4=2FA19EAA
2026-07-26T15:20:44.044313+00:00 SYNC_NOT_FOUND first4=1514A035
SYNC_NOT_FOUND first4=DFE6ABC3
SYNC_NOT_FOUND first4=C9AD5B49
SYNC_NOT_FOUND first4=C67F7421
SYNC_NOT_FOUND first4=0218C013
SYNC_NOT_FOUND first4=4F87BD50
SYNC_NOT_FOUND first4=2461B23C
SYNC_NOT_FOUND first4=AF0096E4
SYNC_NOT_FOUND first4=08115C1B
SYNC_NOT_FOUND first4=283DBD55
PHASE_RESULT 12 HF-FLRC-2600-32 pktSize=32 rx=0 unique=0 lost=100 per=100.0 rssi_avg=0 rssi_min=0 crc_err=0 garbage=24 tx_lat=0.00000 tx_lon=0.00000 sats=0 fix=0 utc=0 tx_fw=none rx_fw=unknown
PHASE_GUARD 500
2026-07-26T15:20:45.055634+00:00 PHASE_START 13 HF-FLRC-2600-64 pktSize=64
SYNC_NOT_FOUND first4=A8962CBC
SYNC_NOT_FOUND first4=6168A519
SYNC_NOT_FOUND first4=6ABAB96E
SYNC_NOT_FOUND first4=D817ABDB
SYNC_NOT_FOUND first4=08DE5D32
SYNC_NOT_FOUND first4=BC8586F5
SYNC_NOT_FOUND first4=3C3A5BDC
SYNC_NOT_FOUND first4=E46200B8
SYNC_NOT_FOUND first4=41860635
2026-07-26T15:20:46.066806+00:00 TIME_SYNCED utc=1785079245 offset=1785062472
SYNC_NOT_FOUND first4=A2B752AF
SYNC_NOT_FOUND first4=8817010F
SYNC_NOT_FOUND first4=95ED94A2
SYNC_NOT_FOUND first4=514D4C20
SYNC_NOT_FOUND first4=BF30B8C8
SYNC_NOT_FOUND first4=1D1B66BB
SYNC_NOT_FOUND first4=9AAE519B
SYNC_NOT_FOUND first4=B20217BA
SYNC_NOT_FOUND first4=674C6064
SYNC_NOT_FOUND first4=485F8579
SYNC_NOT_FOUND first4=275A5C05
SYNC_NOT_FOUND first4=1D20F196
SYNC_NOT_FOUND first4=A08A76BF
PHASE_RESULT 13 HF-FLRC-2600-64 pktSize=64 rx=0 unique=0 lost=100 per=100.0 rssi_avg=0 rssi_min=0 crc_err=0 garbage=22 tx_lat=0.00000 tx_lon=0.00000 sats=0 fix=0 utc=0 tx_fw=none rx_fw=unknown
PHASE_GUARD 500
2026-07-26T15:20:47.077754+00:00 PHASE_START 14 HF-FLRC-2600-128 pktSize=128
SYNC_NOT_FOUND first4=8F2AC34B
SYNC_NOT_FOUND first4=62B99760
SYNC_NOT_FOUND first4=8E68B63A
SYNC_NOT_FOUND first4=34F34F3F
SYNC_NOT_FOUND first4=1937A289
SYNC_NOT_FOUND first4=0FE82CD5
2026-07-26T15:20:48.089178+00:00 SYNC_NOT_FOUND first4=8A2D415A
SYNC_NOT_FOUND first4=07CCB93B
SYNC_NOT_FOUND first4=455A2BCE
SYNC_NOT_FOUND first4=E32C5D51
SYNC_NOT_FOUND first4=2A3C1361
SYNC_NOT_FOUND first4=AD150F84
SYNC_NOT_FOUND first4=F4087A44
SYNC_NOT_FOUND first4=DC0D9ABE
SYNC_NOT_FOUND first4=C6B02F1A
PHASE_RESULT 14 HF-FLRC-2600-128 pktSize=128 rx=0 unique=0 lost=100 per=100.0 rssi_avg=0 rssi_min=0 crc_err=0 garbage=15 tx_lat=0.00000 tx_lon=0.00000 sats=0 fix=0 utc=0 tx_fw=none rx_fw=unknown
PHASE_GUARD 500
2026-07-26T15:20:49.100799+00:00 PHASE_START 15 HF-FLRC-2600-255 pktSize=255
SYNC_NOT_FOUND first4=0A9B9922
SYNC_NOT_FOUND first4=80F42013
SYNC_NOT_FOUND first4=CC859BC0
SYNC_NOT_FOUND first4=80817E30
SYNC_NOT_FOUND first4=7E1F25CE
SYNC_NOT_FOUND first4=5804AF61
SYNC_NOT_FOUND first4=692B9692
TIME_SYNCED utc=1785079248 offset=1785062472
SYNC_NOT_FOUND first4=86BA55BB
SYNC_NOT_FOUND first4=E068BB2F
2026-07-26T15:20:50.112109+00:00 SYNC_NOT_FOUND first4=043C19AB
SYNC_NOT_FOUND first4=44972D7D
SYNC_NOT_FOUND first4=64F8069E
SYNC_NOT_FOUND first4=5C4F318F
SYNC_NOT_FOUND first4=4D072105
SYNC_NOT_FOUND first4=A7220983
SYNC_NOT_FOUND first4=81F355A3
SYNC_NOT_FOUND first4=BD593AB4
SYNC_NOT_FOUND first4=7034ABCF
SYNC_NOT_FOUND first4=30EB653E
PHASE_RESULT 15 HF-FLRC-2600-255 pktSize=255 rx=0 unique=0 lost=100 per=100.0 rssi_avg=0 rssi_min=0 crc_err=0 garbage=19 tx_lat=0.00000 tx_lon=0.00000 sats=0 fix=0 utc=0 tx_fw=none rx_fw=unknown
PHASE_GUARD 500
2026-07-26T15:20:51.123380+00:00 PHASE_START 16 HF-FLRC-1300-32 pktSize=32
SYNC_NOT_FOUND first4=2DD8A999
SYNC_NOT_FOUND first4=864F0524
2026-07-26T15:20:52.134427+00:00 SYNC_NOT_FOUND first4=6266EBD9
SYNC_NOT_FOUND first4=37C57554
PHASE_RESULT 16 HF-FLRC-1300-32 pktSize=32 rx=0 unique=0 lost=100 per=100.0 rssi_avg=0 rssi_min=0 crc_err=0 garbage=4 tx_lat=0.00000 tx_lon=0.00000 sats=0 fix=0 utc=0 tx_fw=none rx_fw=unknown
PHASE_GUARD 500
2026-07-26T15:20:53.146880+00:00 PHASE_START 17 HF-FLRC-1300-64 pktSize=64
SYNC_NOT_FOUND first4=B5A9A2E6
SYNC_NOT_FOUND first4=1F740958
SYNC_NOT_FOUND first4=7C10EE6C
SYNC_NOT_FOUND first4=9E79124B
SYNC_NOT_FOUND first4=0E6AA289
2026-07-26T15:20:54.158335+00:00 SYNC_NOT_FOUND first4=A62643FA
SYNC_NOT_FOUND first4=BCA3DBD8
SYNC_NOT_FOUND first4=FBBFF27F
SYNC_NOT_FOUND first4=980969A0
PHASE_RESULT 17 HF-FLRC-1300-64 pktSize=64 rx=0 unique=0 lost=100 per=100.0 rssi_avg=0 rssi_min=0 crc_err=0 garbage=9 tx_lat=0.00000 tx_lon=0.00000 sats=0 fix=0 utc=0 tx_fw=none rx_fw=unknown
PHASE_GUARD 500
PHASE_START 18 HF-FLRC-1300-128 pktSize=128
2026-07-26T15:20:55.169497+00:00 SYNC_NOT_FOUND first4=951AE78C
SYNC_NOT_FOUND first4=4C7A2532
SYNC_NOT_FOUND first4=B901F4BB
SYNC_NOT_FOUND first4=041ECD8C
SYNC_NOT_FOUND first4=E14AFEA8
SYNC_NOT_FOUND first4=F5753A4A
SYNC_NOT_FOUND first4=E36B958B
SYNC_NOT_FOUND first4=6324D696
SYNC_NOT_FOUND first4=0724A750
SYNC_NOT_FOUND first4=06EFA57E
2026-07-26T15:20:56.180614+00:00 TIME_SYNCED utc=1785079255 offset=1785062472
SYNC_NOT_FOUND first4=E1ED344E
SYNC_NOT_FOUND first4=E89F5F10
PHASE_RESULT 18 HF-FLRC-1300-128 pktSize=128 rx=0 unique=0 lost=100 per=100.0 rssi_avg=0 rssi_min=0 crc_err=0 garbage=12 tx_lat=0.00000 tx_lon=0.00000 sats=0 fix=0 utc=0 tx_fw=none rx_fw=unknown
PHASE_GUARD 500
PHASE_START 19 HF-FLRC-1300-255 pktSize=255
2026-07-26T15:20:57.191805+00:00 SYNC_NOT_FOUND first4=86A62A5F
SYNC_NOT_FOUND first4=C782C5CF
SYNC_NOT_FOUND first4=E0B93292
SYNC_NOT_FOUND first4=DB2F9F6B
2026-07-26T15:20:58.203709+00:00 SYNC_NOT_FOUND first4=804D672A
PHASE_RESULT 19 HF-FLRC-1300-255 pktSize=255 rx=0 unique=0 lost=100 per=100.0 rssi_avg=0 rssi_min=0 crc_err=0 garbage=5 tx_lat=0.00000 tx_lon=0.00000 sats=0 fix=0 utc=0 tx_fw=none rx_fw=unknown
PHASE_GUARD 500
PHASE_START 20 HF-FLRC-650-32 pktSize=32
SYNC_NOT_FOUND first4=B1063949
SYNC_NOT_FOUND first4=CF9AC81F
2026-07-26T15:20:59.215148+00:00 SYNC_NOT_FOUND first4=D28CB7B7
SYNC_NOT_FOUND first4=B3F5362E
SYNC_NOT_FOUND first4=3644ABA7
SYNC_NOT_FOUND first4=5C880EE8
SYNC_NOT_FOUND first4=C48BDAF9
SYNC_NOT_FOUND first4=3972694A
SYNC_NOT_FOUND first4=28ABD252
SYNC_NOT_FOUND first4=CB6451DF
SYNC_NOT_FOUND first4=370B7573
SYNC_NOT_FOUND first4=84944AF8
SYNC_NOT_FOUND first4=47023AFD
SYNC_NOT_FOUND first4=3AA7E8D4
SYNC_NOT_FOUND first4=DBC90A89
SYNC_NOT_FOUND first4=4381CB4F
SYNC_NOT_FOUND first4=05C2FDB2
SYNC_NOT_FOUND first4=6611D43C
SYNC_NOT_FOUND first4=2E13573B
SYNC_NOT_FOUND first4=1E29C098
SYNC_NOT_FOUND first4=EC991D61
SYNC_NOT_FOUND first4=BCD28624
TIME_SYNCED utc=1785079258 offset=1785062472
SYNC_NOT_FOUND first4=0B6A32A7
SYNC_NOT_FOUND first4=DB865C83
SYNC_NOT_FOUND first4=75376917
2026-07-26T15:21:00.226471+00:00 SYNC_NOT_FOUND first4=10B277C1
SYNC_NOT_FOUND first4=A5258A55
SYNC_NOT_FOUND first4=698BD838
SYNC_NOT_FOUND first4=72A953A6
SYNC_NOT_FOUND first4=D5D07F93
SYNC_NOT_FOUND first4=9EC18974
SYNC_NOT_FOUND first4=9FBDCFBE
SYNC_NOT_FOUND first4=1D325024
SYNC_NOT_FOUND first4=9C54FC81
SYNC_NOT_FOUND first4=A1784F06
SYNC_NOT_FOUND first4=7A0F8241
SYNC_NOT_FOUND first4=0DEAB51E
SYNC_NOT_FOUND first4=C274127D
SYNC_NOT_FOUND first4=53E460FF
SYNC_NOT_FOUND first4=9A7F7AEB
SYNC_NOT_FOUND first4=A344E3DB
PHASE_RESULT 20 HF-FLRC-650-32 pktSize=32 rx=0 unique=0 lost=100 per=100.0 rssi_avg=0 rssi_min=0 crc_err=0 garbage=41 tx_lat=0.00000 tx_lon=0.00000 sats=0 fix=0 utc=0 tx_fw=none rx_fw=unknown
PHASE_GUARD 500
PHASE_START 21 HF-FLRC-650-64 pktSize=64
SYNC_NOT_FOUND first4=3C172E9F
2026-07-26T15:21:01.237808+00:00 SYNC_NOT_FOUND first4=B555949F
SYNC_NOT_FOUND first4=4B1657E1
SYNC_NOT_FOUND first4=96BE48E7
SYNC_NOT_FOUND first4=0818DC6F
SYNC_NOT_FOUND first4=7AB7CF13
SYNC_NOT_FOUND first4=983A1E68
SYNC_NOT_FOUND first4=ABA32F53
SYNC_NOT_FOUND first4=80D0489F
SYNC_NOT_FOUND first4=6DDCBE70
SYNC_NOT_FOUND first4=05B22D13
SYNC_NOT_FOUND first4=D8A23F17
SYNC_NOT_FOUND first4=48071772
2026-07-26T15:21:02.248613+00:00 SYNC_NOT_FOUND first4=2C14A2F0
SYNC_NOT_FOUND first4=2FC17520
SYNC_NOT_FOUND first4=12F20C30
SYNC_NOT_FOUND first4=E1FAF606
SYNC_NOT_FOUND first4=F76FFFE9
SYNC_NOT_FOUND first4=EC170457
SYNC_NOT_FOUND first4=A6369957
SYNC_NOT_FOUND first4=E355DC24
SYNC_NOT_FOUND first4=BB52F963
PHASE_RESULT 21 HF-FLRC-650-64 pktSize=64 rx=0 unique=0 lost=100 per=100.0 rssi_avg=0 rssi_min=0 crc_err=0 garbage=22 tx_lat=0.00000 tx_lon=0.00000 sats=0 fix=0 utc=0 tx_fw=none rx_fw=unknown
PHASE_GUARD 500
PHASE_START 22 HF-FLRC-650-128 pktSize=128
SYNC_NOT_FOUND first4=C915675C
2026-07-26T15:21:03.260256+00:00 SYNC_NOT_FOUND first4=C2B81FDA
SYNC_NOT_FOUND first4=4C510C8B
SYNC_NOT_FOUND first4=3CD12D22
SYNC_NOT_FOUND first4=F201EB29
SYNC_NOT_FOUND first4=C6F80505
SYNC_NOT_FOUND first4=89C6B6C5
SYNC_NOT_FOUND first4=54176D39
SYNC_NOT_FOUND first4=A996E525
SYNC_NOT_FOUND first4=DBCDD2C7
SYNC_NOT_FOUND first4=1162AE6F
SYNC_NOT_FOUND first4=F334DBB1
SYNC_NOT_FOUND first4=5A52CF57
SYNC_NOT_FOUND first4=D8C72826
SYNC_NOT_FOUND first4=5B63AFF1
SYNC_NOT_FOUND first4=5716A5BE
SYNC_NOT_FOUND first4=7B4CDE69
SYNC_NOT_FOUND first4=792F2D05
SYNC_NOT_FOUND first4=619D2A16
SYNC_NOT_FOUND first4=D4C47274
SYNC_NOT_FOUND first4=FE1CD91E
SYNC_NOT_FOUND first4=2A119DFD
SYNC_NOT_FOUND first4=1E556A12
SYNC_NOT_FOUND first4=92699924
SYNC_NOT_FOUND first4=CF0815CF
SYNC_NOT_FOUND first4=99AC1FD7
SYNC_NOT_FOUND first4=6712973A
SYNC_NOT_FOUND first4=BBC28A23
SYNC_NOT_FOUND first4=7DCEE320
SYNC_NOT_FOUND first4=2B69E3A4
SYNC_NOT_FOUND first4=27238CB9
2026-07-26T15:21:04.272110+00:00 SYNC_NOT_FOUND first4=32D5D240
SYNC_NOT_FOUND first4=204B8EFC
SYNC_NOT_FOUND first4=1B2758E1
SYNC_NOT_FOUND first4=9841A842
SYNC_NOT_FOUND first4=64E580F3
SYNC_NOT_FOUND first4=5A29C333
SYNC_NOT_FOUND first4=5FCCA23F
SYNC_NOT_FOUND first4=FF86929D
SYNC_NOT_FOUND first4=33F65F09
SYNC_NOT_FOUND first4=A4EC721D
SYNC_NOT_FOUND first4=A49DE040
PHASE_RESULT 22 HF-FLRC-650-128 pktSize=128 rx=0 unique=0 lost=100 per=100.0 rssi_avg=0 rssi_min=0 crc_err=0 garbage=42 tx_lat=0.00000 tx_lon=0.00000 sats=0 fix=0 utc=0 tx_fw=none rx_fw=unknown
PHASE_GUARD 500
PHASE_START 23 HF-FLRC-650-255 pktSize=255
SYNC_NOT_FOUND first4=6F805E74
SYNC_NOT_FOUND first4=B66BE61A
SYNC_NOT_FOUND first4=E3A3BDCB
SYNC_NOT_FOUND first4=C55E9B9F
SYNC_NOT_FOUND first4=10C1D121
2026-07-26T15:21:05.282987+00:00 SYNC_NOT_FOUND first4=6F9EC822
SYNC_NOT_FOUND first4=60FB7978
SYNC_NOT_FOUND first4=F6FC2B14
SYNC_NOT_FOUND first4=5A7074E7
SYNC_NOT_FOUND first4=93F16F7F
SYNC_NOT_FOUND first4=9398A4A5
SYNC_NOT_FOUND first4=BD033684
SYNC_NOT_FOUND first4=4AAACE8A
SYNC_NOT_FOUND first4=CB302F50
SYNC_NOT_FOUND first4=4AB1DF0D
SYNC_NOT_FOUND first4=A94AADA7
SYNC_NOT_FOUND first4=2EE3A37A
SYNC_NOT_FOUND first4=34A22AF0
SYNC_NOT_FOUND first4=F938A068
SYNC_NOT_FOUND first4=7F9773A7
SYNC_NOT_FOUND first4=9692D3E0
SYNC_NOT_FOUND first4=00F27A5B
SYNC_NOT_FOUND first4=C839FFE5
SYNC_NOT_FOUND first4=31E9F4CB
SYNC_NOT_FOUND first4=D6EB6DD0
SYNC_NOT_FOUND first4=58713405
SYNC_NOT_FOUND first4=76729200
SYNC_NOT_FOUND first4=D5199EEF
SYNC_NOT_FOUND first4=5C062615
SYNC_NOT_FOUND first4=BA405B63
SYNC_NOT_FOUND first4=1928ACC5
SYNC_NOT_FOUND first4=6067A972
2026-07-26T15:21:06.293941+00:00 TIME_SYNCED utc=1785079265 offset=1785062472
SYNC_NOT_FOUND first4=10E65F83
SYNC_NOT_FOUND first4=821B6C87
SYNC_NOT_FOUND first4=66DF7059
SYNC_NOT_FOUND first4=2C0AB128
SYNC_NOT_FOUND first4=1D0A7B24
SYNC_NOT_FOUND first4=13C33F72
SYNC_NOT_FOUND first4=864E2F66
SYNC_NOT_FOUND first4=C83A57D9
SYNC_NOT_FOUND first4=D1EFD6C9
SYNC_NOT_FOUND first4=082AA3A1
SYNC_NOT_FOUND first4=42A8C15C
SYNC_NOT_FOUND first4=666FC600
PHASE_RESULT 23 HF-FLRC-650-255 pktSize=255 rx=0 unique=0 lost=100 per=100.0 rssi_avg=0 rssi_min=0 crc_err=0 garbage=44 tx_lat=0.00000 tx_lon=0.00000 sats=0 fix=0 utc=0 tx_fw=none rx_fw=unknown
PHASE_GUARD 500
PHASE_START 24 HF-FLRC-325-32 pktSize=32
2026-07-26T15:21:07.305409+00:00 SYNC_NOT_FOUND first4=F58F8561
SYNC_NOT_FOUND first4=12CC52CF
2026-07-26T15:21:08.317109+00:00 SYNC_NOT_FOUND first4=FD0948B5
SYNC_NOT_FOUND first4=23AE995A
PHASE_RESULT 24 HF-FLRC-325-32 pktSize=32 rx=0 unique=0 lost=100 per=100.0 rssi_avg=0 rssi_min=0 crc_err=0 garbage=4 tx_lat=0.00000 tx_lon=0.00000 sats=0 fix=0 utc=0 tx_fw=none rx_fw=unknown
PHASE_GUARD 500
PHASE_START 25 HF-FLRC-325-64 pktSize=64
SYNC_NOT_FOUND first4=60106AA8
2026-07-26T15:21:09.329011+00:00 SYNC_NOT_FOUND first4=3046C74F
TIME_SYNCED utc=1785079268 offset=1785062472
SYNC_NOT_FOUND first4=1949D948
2026-07-26T15:21:10.340392+00:00 PHASE_RESULT 25 HF-FLRC-325-64 pktSize=64 rx=0 unique=0 lost=100 per=100.0 rssi_avg=0 rssi_min=0 crc_err=0 garbage=3 tx_lat=0.00000 tx_lon=0.00000 sats=0 fix=0 utc=0 tx_fw=none rx_fw=unknown
PHASE_GUARD 500
PHASE_START 26 HF-FLRC-325-128 pktSize=128
SYNC_NOT_FOUND first4=804E07E5
SYNC_NOT_FOUND first4=8D795344
2026-07-26T15:21:11.351473+00:00 SYNC_NOT_FOUND first4=9C0B7287
SYNC_NOT_FOUND first4=7077C15F
SYNC_NOT_FOUND first4=975F8D4D
SYNC_NOT_FOUND first4=454BD3D6
SYNC_NOT_FOUND first4=095E5570
SYNC_NOT_FOUND first4=5E03BDA2
2026-07-26T15:21:12.362708+00:00 SYNC_NOT_FOUND first4=EA6BA5DF
PHASE_RESULT 26 HF-FLRC-325-128 pktSize=128 rx=0 unique=0 lost=100 per=100.0 rssi_avg=0 rssi_min=0 crc_err=0 garbage=9 tx_lat=0.00000 tx_lon=0.00000 sats=0 fix=0 utc=0 tx_fw=none rx_fw=unknown
PHASE_GUARD 500
PHASE_START 27 HF-FLRC-325-255 pktSize=255
2026-07-26T15:21:13.374864+00:00 SYNC_NOT_FOUND first4=77233BBF
SYNC_NOT_FOUND first4=7E8F7A36
SYNC_NOT_FOUND first4=BD0804DD
2026-07-26T15:21:14.385754+00:00 SYNC_NOT_FOUND first4=14129189
SYNC_NOT_FOUND first4=FA780578
PHASE_RESULT 27 HF-FLRC-325-255 pktSize=255 rx=0 unique=0 lost=100 per=100.0 rssi_avg=0 rssi_min=0 crc_err=0 garbage=5 tx_lat=0.00000 tx_lon=0.00000 sats=0 fix=0 utc=0 tx_fw=none rx_fw=unknown
PHASE_GUARD 500
LORA_CFG path=0 bw=0x05 sf=7
PHASE_START 28 LF-LoRa-SF7-32 pktSize=32
2026-07-26T15:21:16.449153+00:00 TIME_SYNCED utc=1785079275 offset=1785062472
PHASE_RESULT 28 LF-LoRa-SF7-32 pktSize=32 rx=0 unique=0 lost=20 per=100.0 rssi_avg=0 rssi_min=0 crc_err=0 garbage=0 tx_lat=0.00000 tx_lon=0.00000 sats=0 fix=0 utc=0 tx_fw=none rx_fw=unknown
PHASE_GUARD 500
LORA_CFG path=0 bw=0x05 sf=7
PHASE_START 29 LF-LoRa-SF7-64 pktSize=64
2026-07-26T15:21:19.563632+00:00 TIME_SYNCED utc=1785079278 offset=1785062472
PHASE_RESULT 29 LF-LoRa-SF7-64 pktSize=64 rx=0 unique=0 lost=20 per=100.0 rssi_avg=0 rssi_min=0 crc_err=0 garbage=0 tx_lat=0.00000 tx_lon=0.00000 sats=0 fix=0 utc=0 tx_fw=none rx_fw=unknown
PHASE_GUARD 500
LORA_CFG path=0 bw=0x05 sf=7
PHASE_START 30 LF-LoRa-SF7-128 pktSize=128
2026-07-26T15:21:23.729086+00:00 PHASE_RESULT 30 LF-LoRa-SF7-128 pktSize=128 rx=0 unique=0 lost=13 per=100.0 rssi_avg=0 rssi_min=0 crc_err=0 garbage=0 tx_lat=0.00000 tx_lon=0.00000 sats=0 fix=0 utc=0 tx_fw=none rx_fw=unknown
PHASE_GUARD 500
LORA_CFG path=0 bw=0x05 sf=7
PHASE_START 31 LF-LoRa-SF7-255 pktSize=255
2026-07-26T15:21:26.846774+00:00 TIME_SYNCED utc=1785079285 offset=1785062472
2026-07-26T15:21:27.862250+00:00 PHASE_RESULT 31 LF-LoRa-SF7-255 pktSize=255 rx=0 unique=0 lost=7 per=100.0 rssi_avg=0 rssi_min=0 crc_err=0 garbage=0 tx_lat=0.00000 tx_lon=0.00000 sats=0 fix=0 utc=0 tx_fw=none rx_fw=unknown
PHASE_GUARD 500
LORA_CFG path=0 bw=0x05 sf=9
PHASE_START 32 LF-LoRa-SF9-32 pktSize=32
2026-07-26T15:21:29.931296+00:00 TIME_SYNCED utc=1785079288 offset=1785062471
2026-07-26T15:21:31.997427+00:00 PHASE_RESULT 32 LF-LoRa-SF9-32 pktSize=32 rx=0 unique=0 lost=7 per=100.0 rssi_avg=0 rssi_min=0 crc_err=0 garbage=0 tx_lat=0.00000 tx_lon=0.00000 sats=0 fix=0 utc=0 tx_fw=none rx_fw=unknown
2026-07-26T15:21:33.022836+00:00 PHASE_GUARD 500
LORA_CFG path=0 bw=0x05 sf=9
PHASE_START 33 LF-LoRa-SF9-64 pktSize=64
2026-07-26T15:21:35.093377+00:00 PHASE_RESULT 33 LF-LoRa-SF9-64 pktSize=64 rx=0 unique=0 lost=3 per=100.0 rssi_avg=0 rssi_min=0 crc_err=0 garbage=0 tx_lat=0.00000 tx_lon=0.00000 sats=0 fix=0 utc=0 tx_fw=none rx_fw=unknown
PHASE_GUARD 500
LORA_CFG path=0 bw=0x05 sf=9
2026-07-26T15:21:36.110399+00:00 PHASE_START 34 LF-LoRa-SF9-128 pktSize=128
2026-07-26T15:21:37.122369+00:00 TIME_SYNCED utc=1785079296 offset=1785062472
PHASE_RESULT 34 LF-LoRa-SF9-128 pktSize=128 rx=0 unique=0 lost=1 per=100.0 rssi_avg=0 rssi_min=0 crc_err=0 garbage=0 tx_lat=0.00000 tx_lon=0.00000 sats=0 fix=0 utc=0 tx_fw=none rx_fw=unknown
PHASE_GUARD 500
LORA_CFG path=0 bw=0x05 sf=9
PHASE_START 35 LF-LoRa-SF9-255 pktSize=255
2026-07-26T15:21:39.185206+00:00 TIME_SYNCED utc=1785079299 offset=1785062472
2026-07-26T15:21:40.203539+00:00 PHASE_RESULT 35 LF-LoRa-SF9-255 pktSize=255 rx=0 unique=0 lost=1 per=100.0 rssi_avg=0 rssi_min=0 crc_err=0 garbage=0 tx_lat=0.00000 tx_lon=0.00000 sats=0 fix=0 utc=0 tx_fw=none rx_fw=unknown
PHASE_GUARD 500
LORA_CFG path=0 bw=0x05 sf=12
PHASE_START 36 LF-LoRa-SF12-32 pktSize=32
2026-07-26T15:21:47.521353+00:00 TIME_SYNCED utc=1785079306 offset=1785062472
2026-07-26T15:21:49.589352+00:00 TIME_SYNCED utc=1785079309 offset=1785062472
2026-07-26T15:21:55.861383+00:00 PHASE_RESULT 36 LF-LoRa-SF12-32 pktSize=32 rx=0 unique=0 lost=1 per=100.0 rssi_avg=0 rssi_min=0 crc_err=0 garbage=0 tx_lat=0.00000 tx_lon=0.00000 sats=0 fix=0 utc=0 tx_fw=none rx_fw=unknown
PHASE_GUARD 500
LORA_CFG path=0 bw=0x05 sf=12
PHASE_START 37 LF-LoRa-SF12-SKIP SKIP pktSize=64
2026-07-26T15:21:56.875945+00:00 PHASE_RESULT 37 LF-LoRa-SF12-SKIP pktSize=64 rx=0 unique=0 lost=0 per=0.0 rssi_avg=0 rssi_min=0 crc_err=0 garbage=0 tx_lat=0.00000 tx_lon=0.00000 sats=0 fix=0 utc=0 tx_fw=none rx_fw=unknown
PHASE_GUARD 500
LORA_CFG path=0 bw=0x05 sf=12
PHASE_START 38 LF-LoRa-SF12-SKIP SKIP pktSize=128
2026-07-26T15:21:57.891539+00:00 TIME_SYNCED utc=1785079316 offset=1785062472
PHASE_RESULT 38 LF-LoRa-SF12-SKIP pktSize=128 rx=0 unique=0 lost=0 per=0.0 rssi_avg=0 rssi_min=0 crc_err=0 garbage=0 tx_lat=0.00000 tx_lon=0.00000 sats=0 fix=0 utc=0 tx_fw=none rx_fw=unknown
PHASE_GUARD 500
LORA_CFG path=0 bw=0x05 sf=12
PHASE_START 39 LF-LoRa-SF12-SKIP SKIP pktSize=255
2026-07-26T15:21:58.902200+00:00 PHASE_RESULT 39 LF-LoRa-SF12-SKIP pktSize=255 rx=0 unique=0 lost=0 per=0.0 rssi_avg=0 rssi_min=0 crc_err=0 garbage=0 tx_lat=0.00000 tx_lon=0.00000 sats=0 fix=0 utc=0 tx_fw=none rx_fw=unknown
PHASE_GUARD 500
PHASE_START 40 LF-FLRC-2600-32 pktSize=32
2026-07-26T15:21:59.915631+00:00 TIME_SYNCED utc=1785079319 offset=1785062472
SYNC_NOT_FOUND first4=5A34CC89
SYNC_NOT_FOUND first4=5A450309
SYNC_NOT_FOUND first4=26FC9805
2026-07-26T15:22:00.927319+00:00 PHASE_RESULT 40 LF-FLRC-2600-32 pktSize=32 rx=0 unique=0 lost=100 per=100.0 rssi_avg=0 rssi_min=0 crc_err=0 garbage=3 tx_lat=0.00000 tx_lon=0.00000 sats=0 fix=0 utc=0 tx_fw=none rx_fw=unknown
PHASE_GUARD 500
PHASE_START 41 LF-FLRC-2600-64 pktSize=64
2026-07-26T15:22:01.938852+00:00 SYNC_NOT_FOUND first4=7732659A
2026-07-26T15:22:02.943235+00:00 PHASE_RESULT 41 LF-FLRC-2600-64 pktSize=64 rx=0 unique=0 lost=100 per=100.0 rssi_avg=0 rssi_min=0 crc_err=0 garbage=1 tx_lat=0.00000 tx_lon=0.00000 sats=0 fix=0 utc=0 tx_fw=none rx_fw=unknown
PHASE_GUARD 500
PHASE_START 42 LF-FLRC-2600-128 pktSize=128
2026-07-26T15:22:05.010012+00:00 PHASE_RESULT 42 LF-FLRC-2600-128 pktSize=128 rx=0 unique=0 lost=100 per=100.0 rssi_avg=0 rssi_min=0 crc_err=0 garbage=0 tx_lat=0.00000 tx_lon=0.00000 sats=0 fix=0 utc=0 tx_fw=none rx_fw=unknown
PHASE_GUARD 500
PHASE_START 43 LF-FLRC-2600-255 pktSize=255
SYNC_NOT_FOUND first4=4C3549BE
2026-07-26T15:22:06.025977+00:00 SYNC_NOT_FOUND first4=8FE480F9
PHASE_RESULT 43 LF-FLRC-2600-255 pktSize=255 rx=0 unique=0 lost=100 per=100.0 rssi_avg=0 rssi_min=0 crc_err=0 garbage=2 tx_lat=0.00000 tx_lon=0.00000 sats=0 fix=0 utc=0 tx_fw=none rx_fw=unknown
PHASE_GUARD 500
2026-07-26T15:22:07.037855+00:00 PHASE_START 44 LF-FLRC-1300-32 pktSize=32
2026-07-26T15:22:08.054063+00:00 TIME_SYNCED utc=1785079327 offset=1785062472
PHASE_RESULT 44 LF-FLRC-1300-32 pktSize=32 rx=0 unique=0 lost=100 per=100.0 rssi_avg=0 rssi_min=0 crc_err=0 garbage=0 tx_lat=0.00000 tx_lon=0.00000 sats=0 fix=0 utc=0 tx_fw=none rx_fw=unknown
PHASE_GUARD 500
2026-07-26T15:22:09.068052+00:00 PHASE_START 45 LF-FLRC-1300-64 pktSize=64
TIME_SYNCED utc=1785079329 offset=1785062472
2026-07-26T15:22:10.081231+00:00 PHASE_RESULT 45 LF-FLRC-1300-64 pktSize=64 rx=0 unique=0 lost=100 per=100.0 rssi_avg=0 rssi_min=0 crc_err=0 garbage=0 tx_lat=0.00000 tx_lon=0.00000 sats=0 fix=0 utc=0 tx_fw=none rx_fw=unknown
PHASE_GUARD 500
2026-07-26T15:22:11.097856+00:00 PHASE_START 46 LF-FLRC-1300-128 pktSize=128
2026-07-26T15:22:12.108895+00:00 PHASE_RESULT 46 LF-FLRC-1300-128 pktSize=128 rx=0 unique=0 lost=100 per=100.0 rssi_avg=0 rssi_min=0 crc_err=0 garbage=0 tx_lat=0.00000 tx_lon=0.00000 sats=0 fix=0 utc=0 tx_fw=none rx_fw=unknown
PHASE_GUARD 500
2026-07-26T15:22:13.122131+00:00 PHASE_START 47 LF-FLRC-1300-255 pktSize=255
SYNC_NOT_FOUND first4=00C476AC
2026-07-26T15:22:14.125871+00:00 PHASE_RESULT 47 LF-FLRC-1300-255 pktSize=255 rx=0 unique=0 lost=100 per=100.0 rssi_avg=0 rssi_min=0 crc_err=0 garbage=1 tx_lat=0.00000 tx_lon=0.00000 sats=0 fix=0 utc=0 tx_fw=none rx_fw=unknown
PHASE_GUARD 500
2026-07-26T15:22:15.141883+00:00 PHASE_START 48 LF-FLRC-650-32 pktSize=32
SYNC_NOT_FOUND first4=22FD58B8
SYNC_NOT_FOUND first4=93C8E528
SYNC_NOT_FOUND first4=B377F8B4
2026-07-26T15:22:16.155638+00:00 SYNC_NOT_FOUND first4=738BC517
PHASE_RESULT 48 LF-FLRC-650-32 pktSize=32 rx=0 unique=0 lost=100 per=100.0 rssi_avg=0 rssi_min=0 crc_err=0 garbage=4 tx_lat=0.00000 tx_lon=0.00000 sats=0 fix=0 utc=0 tx_fw=none rx_fw=unknown
PHASE_GUARD 500
PHASE_START 49 LF-FLRC-650-64 pktSize=64
2026-07-26T15:22:17.159296+00:00 SYNC_NOT_FOUND first4=8003AFD7
SYNC_NOT_FOUND first4=5F925B85
SYNC_NOT_FOUND first4=0006BB97
SYNC_NOT_FOUND first4=24D7EE22
2026-07-26T15:22:18.170616+00:00 TIME_SYNCED utc=1785079337 offset=1785062472
SYNC_NOT_FOUND first4=1134C459
SYNC_NOT_FOUND first4=0201DB67
SYNC_NOT_FOUND first4=1FD9C493
SYNC_NOT_FOUND first4=B62000DF
PHASE_RESULT 49 LF-FLRC-650-64 pktSize=64 rx=0 unique=0 lost=100 per=100.0 rssi_avg=0 rssi_min=0 crc_err=0 garbage=8 tx_lat=0.00000 tx_lon=0.00000 sats=0 fix=0 utc=0 tx_fw=none rx_fw=unknown
PHASE_GUARD 500
PHASE_START 50 LF-FLRC-650-128 pktSize=128
SYNC_NOT_FOUND first4=5A57CDE0
2026-07-26T15:22:19.181583+00:00 SYNC_NOT_FOUND first4=DD200186
SYNC_NOT_FOUND first4=0347E587
TIME_SYNCED utc=1785079339 offset=1785062472
2026-07-26T15:22:20.194670+00:00 SYNC_NOT_FOUND first4=7A56893C
SYNC_NOT_FOUND first4=8E246FD6
PHASE_RESULT 50 LF-FLRC-650-128 pktSize=128 rx=0 unique=0 lost=100 per=100.0 rssi_avg=0 rssi_min=0 crc_err=0 garbage=5 tx_lat=0.00000 tx_lon=0.00000 sats=0 fix=0 utc=0 tx_fw=none rx_fw=unknown
PHASE_GUARD 500
PHASE_START 51 LF-FLRC-650-255 pktSize=255
2026-07-26T15:22:21.214959+00:00 SYNC_NOT_FOUND first4=1232BB7C
SYNC_NOT_FOUND first4=21806A7A
2026-07-26T15:22:22.225925+00:00 SYNC_NOT_FOUND first4=13ED6801
SYNC_NOT_FOUND first4=163A2E3F
SYNC_NOT_FOUND first4=1C4F6B5A
PHASE_RESULT 51 LF-FLRC-650-255 pktSize=255 rx=0 unique=0 lost=100 per=100.0 rssi_avg=0 rssi_min=0 crc_err=0 garbage=5 tx_lat=0.00000 tx_lon=0.00000 sats=0 fix=0 utc=0 tx_fw=none rx_fw=unknown
PHASE_GUARD 500
PHASE_START 52 LF-FLRC-325-32 pktSize=32
2026-07-26T15:22:24.288720+00:00 PHASE_RESULT 52 LF-FLRC-325-32 pktSize=32 rx=0 unique=0 lost=100 per=100.0 rssi_avg=0 rssi_min=0 crc_err=0 garbage=0 tx_lat=0.00000 tx_lon=0.00000 sats=0 fix=0 utc=0 tx_fw=none rx_fw=unknown
PHASE_GUARD 500
PHASE_START 53 LF-FLRC-325-64 pktSize=64
2026-07-26T15:22:25.303276+00:00 SYNC_NOT_FOUND first4=C3669097
2026-07-26T15:22:26.314634+00:00 PHASE_RESULT 53 LF-FLRC-325-64 pktSize=64 rx=0 unique=0 lost=100 per=100.0 rssi_avg=0 rssi_min=0 crc_err=0 garbage=1 tx_lat=0.00000 tx_lon=0.00000 sats=0 fix=0 utc=0 tx_fw=none rx_fw=unknown
PHASE_GUARD 500
PHASE_START 54 LF-FLRC-325-128 pktSize=128
2026-07-26T15:22:28.375984+00:00 TIME_SYNCED utc=1785079347 offset=1785062472
PHASE_RESULT 54 LF-FLRC-325-128 pktSize=128 rx=0 unique=0 lost=100 per=100.0 rssi_avg=0 rssi_min=0 crc_err=0 garbage=0 tx_lat=0.00000 tx_lon=0.00000 sats=0 fix=0 utc=0 tx_fw=none rx_fw=unknown
PHASE_GUARD 500
PHASE_START 55 LF-FLRC-325-255 pktSize=255
2026-07-26T15:22:29.388937+00:00 TIME_SYNCED utc=1785079349 offset=1785062472
2026-07-26T15:22:30.405065+00:00 SYNC_NOT_FOUND first4=93CDFFDF
PHASE_RESULT 55 LF-FLRC-325-255 pktSize=255 rx=0 unique=0 lost=100 per=100.0 rssi_avg=0 rssi_min=0 crc_err=0 garbage=1 tx_lat=0.00000 tx_lon=0.00000 sats=0 fix=0 utc=0 tx_fw=none rx_fw=unknown
PHASE_GUARD 500
LORA_CFG path=1 bw=0x0F sf=7
PHASE_START 0 HF-LoRa-SF7-32 pktSize=32
2026-07-26T15:22:32.470527+00:00 PHASE_RESULT 0 HF-LoRa-SF7-32 pktSize=32 rx=0 unique=0 lost=20 per=100.0 rssi_avg=0 rssi_min=0 crc_err=0 garbage=0 tx_lat=0.00000 tx_lon=0.00000 sats=0 fix=0 utc=0 tx_fw=none rx_fw=unknown
PHASE_GUARD 500
LORA_CFG path=1 bw=0x0F sf=7
PHASE_START 1 HF-LoRa-SF7-64 pktSize=64
2026-07-26T15:22:34.534229+00:00 PHASE_RESULT 1 HF-LoRa-SF7-64 pktSize=64 rx=0 unique=0 lost=20 per=100.0 rssi_avg=0 rssi_min=0 crc_err=0 garbage=0 tx_lat=0.00000 tx_lon=0.00000 sats=0 fix=0 utc=0 tx_fw=none rx_fw=unknown
PHASE_GUARD 500
LORA_CFG path=1 bw=0x0F sf=7
PHASE_START 2 HF-LoRa-SF7-128 pktSize=128
2026-07-26T15:22:36.601016+00:00 PHASE_RESULT 2 HF-LoRa-SF7-128 pktSize=128 rx=0 unique=0 lost=20 per=100.0 rssi_avg=0 rssi_min=0 crc_err=0 garbage=0 tx_lat=0.00000 tx_lon=0.00000 sats=0 fix=0 utc=0 tx_fw=none rx_fw=unknown
PHASE_GUARD 500
LORA_CFG path=1 bw=0x0F sf=7
PHASE_START 3 HF-LoRa-SF7-255 pktSize=255
2026-07-26T15:22:38.671452+00:00 TIME_SYNCED utc=1785079357 offset=1785062472
2026-07-26T15:22:39.675702+00:00 PHASE_RESULT 3 HF-LoRa-SF7-255 pktSize=255 rx=0 unique=0 lost=20 per=100.0 rssi_avg=0 rssi_min=0 crc_err=0 garbage=0 tx_lat=0.00000 tx_lon=0.00000 sats=0 fix=0 utc=0 tx_fw=none rx_fw=unknown
PHASE_GUARD 500
LORA_CFG path=1 bw=0x0F sf=9
PHASE_START 4 HF-LoRa-SF9-32 pktSize=32
TIME_SYNCED utc=1785079359 offset=1785062472
2026-07-26T15:22:41.743059+00:00 PHASE_RESULT 4 HF-LoRa-SF9-32 pktSize=32 rx=0 unique=0 lost=20 per=100.0 rssi_avg=0 rssi_min=0 crc_err=0 garbage=0 tx_lat=0.00000 tx_lon=0.00000 sats=0 fix=0 utc=0 tx_fw=none rx_fw=unknown
PHASE_GUARD 500
LORA_CFG path=1 bw=0x0F sf=9
PHASE_START 5 HF-LoRa-SF9-64 pktSize=64
2026-07-26T15:22:44.850269+00:00 PHASE_RESULT 5 HF-LoRa-SF9-64 pktSize=64 rx=0 unique=0 lost=20 per=100.0 rssi_avg=0 rssi_min=0 crc_err=0 garbage=0 tx_lat=0.00000 tx_lon=0.00000 sats=0 fix=0 utc=0 tx_fw=none rx_fw=unknown
PHASE_GUARD 500
LORA_CFG path=1 bw=0x0F sf=9
PHASE_START 6 HF-LoRa-SF9-128 pktSize=128
2026-07-26T15:22:49.019285+00:00 PHASE_RESULT 6 HF-LoRa-SF9-128 pktSize=128 rx=0 unique=0 lost=13 per=100.0 rssi_avg=0 rssi_min=0 crc_err=0 garbage=0 tx_lat=0.00000 tx_lon=0.00000 sats=0 fix=0 utc=0 tx_fw=none rx_fw=unknown
PHASE_GUARD 500
LORA_CFG path=1 bw=0x0F sf=9
PHASE_START 7 HF-LoRa-SF9-255 pktSize=255
TIME_SYNCED utc=1785079368 offset=1785062472
2026-07-26T15:22:50.023356+00:00 TIME_SYNCED utc=1785079369 offset=1785062472
2026-07-26T15:22:51.034743+00:00 PHASE_RESULT 7 HF-LoRa-SF9-255 pktSize=255 rx=0 unique=0 lost=6 per=100.0 rssi_avg=0 rssi_min=0 crc_err=0 garbage=0 tx_lat=0.00000 tx_lon=0.00000 sats=0 fix=0 utc=0 tx_fw=none rx_fw=unknown
PHASE_GUARD 500
2026-07-26T15:22:52.046215+00:00 LORA_CFG path=1 bw=0x0F sf=12
PHASE_START 8 HF-LoRa-SF12-32 pktSize=32
2026-07-26T15:22:54.112895+00:00 PHASE_RESULT 8 HF-LoRa-SF12-32 pktSize=32 rx=0 unique=0 lost=2 per=100.0 rssi_avg=0 rssi_min=0 crc_err=0 garbage=0 tx_lat=0.00000 tx_lon=0.00000 sats=0 fix=0 utc=0 tx_fw=none rx_fw=unknown
PHASE_GUARD 500
LORA_CFG path=1 bw=0x0F sf=12
2026-07-26T15:22:55.124883+00:00 PHASE_START 9 HF-LoRa-SF12-64 pktSize=64
2026-07-26T15:22:57.192094+00:00 PHASE_RESULT 9 HF-LoRa-SF12-64 pktSize=64 rx=0 unique=0 lost=1 per=100.0 rssi_avg=0 rssi_min=0 crc_err=0 garbage=0 tx_lat=0.00000 tx_lon=0.00000 sats=0 fix=0 utc=0 tx_fw=none rx_fw=unknown
PHASE_GUARD 500
LORA_CFG path=1 bw=0x0F sf=12
PHASE_START 10 HF-LoRa-SF12-128 pktSize=128
2026-07-26T15:22:59.259644+00:00 TIME_SYNCED utc=1785079378 offset=1785062472
TIME_SYNCED utc=1785079379 offset=1785062472
2026-07-26T15:23:02.373873+00:00 PHASE_RESULT 10 HF-LoRa-SF12-128 pktSize=128 rx=0 unique=0 lost=1 per=100.0 rssi_avg=0 rssi_min=0 crc_err=0 garbage=0 tx_lat=0.00000 tx_lon=0.00000 sats=0 fix=0 utc=0 tx_fw=none rx_fw=unknown
PHASE_GUARD 500
LORA_CFG path=1 bw=0x0F sf=12
PHASE_START 11 HF-LoRa-SF12-255 pktSize=255
2026-07-26T15:23:09.693631+00:00 TIME_SYNCED utc=1785079388 offset=1785062472
TIME_SYNCED utc=1785079389 offset=1785062472
2026-07-26T15:23:12.809935+00:00 PHASE_RESULT 11 HF-LoRa-SF12-255 pktSize=255 rx=0 unique=0 lost=1 per=100.0 rssi_avg=0 rssi_min=0 crc_err=0 garbage=0 tx_lat=0.00000 tx_lon=0.00000 sats=0 fix=0 utc=0 tx_fw=none rx_fw=unknown
PHASE_GUARD 500
PHASE_START 12 HF-FLRC-2600-32 pktSize=32
SYNC_NOT_FOUND first4=F86A0CB3
SYNC_NOT_FOUND first4=9FB099D0
SYNC_NOT_FOUND first4=C4F04D78
SYNC_NOT_FOUND first4=C57E1141
SYNC_NOT_FOUND first4=7778C6F8
2026-07-26T15:23:13.825757+00:00 SYNC_NOT_FOUND first4=D172E483
SYNC_NOT_FOUND first4=4817A930
SYNC_NOT_FOUND first4=E46B56ED
SYNC_NOT_FOUND first4=93DAD32D
SYNC_NOT_FOUND first4=D80023B1
SYNC_NOT_FOUND first4=F739207A
SYNC_NOT_FOUND first4=D1E62FE7
2026-07-26T15:23:14.836655+00:00 PHASE_RESULT 12 HF-FLRC-2600-32 pktSize=32 rx=0 unique=0 lost=100 per=100.0 rssi_avg=0 rssi_min=0 crc_err=0 garbage=12 tx_lat=0.00000 tx_lon=0.00000 sats=0 fix=0 utc=0 tx_fw=none rx_fw=unknown
PHASE_GUARD 500
PHASE_START 13 HF-FLRC-2600-64 pktSize=64
SYNC_NOT_FOUND first4=79B2D3AE
SYNC_NOT_FOUND first4=495AA6CC
SYNC_NOT_FOUND first4=375E1203
SYNC_NOT_FOUND first4=5B1E3C0D
SYNC_NOT_FOUND first4=C0976521
SYNC_NOT_FOUND first4=04F74304
SYNC_NOT_FOUND first4=CBCF12A6
SYNC_NOT_FOUND first4=54AA9644
SYNC_NOT_FOUND first4=28CEA198
SYNC_NOT_FOUND first4=A211F10F
2026-07-26T15:23:15.847543+00:00 SYNC_NOT_FOUND first4=AA4C2043
SYNC_NOT_FOUND first4=2533E3D2
SYNC_NOT_FOUND first4=466DDB90
SYNC_NOT_FOUND first4=1A9DE298
SYNC_NOT_FOUND first4=042EB018
2026-07-26T15:23:16.860951+00:00 SYNC_NOT_FOUND first4=F49BEB63
PHASE_RESULT 13 HF-FLRC-2600-64 pktSize=64 rx=0 unique=0 lost=100 per=100.0 rssi_avg=0 rssi_min=0 crc_err=0 garbage=16 tx_lat=0.00000 tx_lon=0.00000 sats=0 fix=0 utc=0 tx_fw=none rx_fw=unknown
PHASE_GUARD 500
PHASE_START 14 HF-FLRC-2600-128 pktSize=128
SYNC_NOT_FOUND first4=06FD57E0
SYNC_NOT_FOUND first4=C9580C2B
SYNC_NOT_FOUND first4=4D848691
SYNC_NOT_FOUND first4=72F30808
2026-07-26T15:23:17.876695+00:00 SYNC_NOT_FOUND first4=09163A24
SYNC_NOT_FOUND first4=7A440AA7
SYNC_NOT_FOUND first4=05D0DE32
SYNC_NOT_FOUND first4=8E027E39
SYNC_NOT_FOUND first4=CE010E4F
SYNC_NOT_FOUND first4=89597C0A
SYNC_NOT_FOUND first4=ABA2F608
SYNC_NOT_FOUND first4=8DBA11AC
2026-07-26T15:23:18.888017+00:00 PHASE_RESULT 14 HF-FLRC-2600-128 pktSize=128 rx=0 unique=0 lost=100 per=100.0 rssi_avg=0 rssi_min=0 crc_err=0 garbage=12 tx_lat=0.00000 tx_lon=0.00000 sats=0 fix=0 utc=0 tx_fw=none rx_fw=unknown
PHASE_GUARD 500
PHASE_START 15 HF-FLRC-2600-255 pktSize=255
SYNC_NOT_FOUND first4=5452FB01
SYNC_NOT_FOUND first4=9458159A
SYNC_NOT_FOUND first4=745993B4
SYNC_NOT_FOUND first4=0D083DED
SYNC_NOT_FOUND first4=45275E4F
SYNC_NOT_FOUND first4=3AB3A5FE
SYNC_NOT_FOUND first4=BEBFA921
SYNC_NOT_FOUND first4=E6988301
SYNC_NOT_FOUND first4=F3CFBF71
SYNC_NOT_FOUND first4=5484FCFC
2026-07-26T15:23:19.899421+00:00 TIME_SYNCED utc=1785079398 offset=1785062472
SYNC_NOT_FOUND first4=62C556D6
SYNC_NOT_FOUND first4=B620D712
TIME_SYNCED utc=1785079399 offset=1785062472
SYNC_NOT_FOUND first4=C423F235
SYNC_NOT_FOUND first4=438A7FB0
SYNC_NOT_FOUND first4=240C3542
SYNC_NOT_FOUND first4=BE869A67
SYNC_NOT_FOUND first4=800417D4
SYNC_NOT_FOUND first4=D5DD499F
SYNC_NOT_FOUND first4=D3AC3F0F
SYNC_NOT_FOUND first4=326E15F9
SYNC_NOT_FOUND first4=D778EC85
SYNC_NOT_FOUND first4=67FE6456
2026-07-26T15:23:20.910933+00:00 SYNC_NOT_FOUND first4=27C6F18A
SYNC_NOT_FOUND first4=B021851F
PHASE_RESULT 15 HF-FLRC-2600-255 pktSize=255 rx=0 unique=0 lost=100 per=100.0 rssi_avg=0 rssi_min=0 crc_err=0 garbage=24 tx_lat=0.00000 tx_lon=0.00000 sats=0 fix=0 utc=0 tx_fw=none rx_fw=unknown
PHASE_GUARD 500
PHASE_START 16 HF-FLRC-1300-32 pktSize=32
SYNC_NOT_FOUND first4=A22A8A6D
SYNC_NOT_FOUND first4=9B0C2690
2026-07-26T15:23:21.926764+00:00 SYNC_NOT_FOUND first4=142D04AF
SYNC_NOT_FOUND first4=57583A19
SYNC_NOT_FOUND first4=B6FD188C
2026-07-26T15:23:22.946330+00:00 PHASE_RESULT 16 HF-FLRC-1300-32 pktSize=32 rx=0 unique=0 lost=100 per=100.0 rssi_avg=0 rssi_min=0 crc_err=0 garbage=5 tx_lat=0.00000 tx_lon=0.00000 sats=0 fix=0 utc=0 tx_fw=none rx_fw=unknown
PHASE_GUARD 500
PHASE_START 17 HF-FLRC-1300-64 pktSize=64
SYNC_NOT_FOUND first4=1D995D6A
SYNC_NOT_FOUND first4=5EEF388D
2026-07-26T15:23:23.954598+00:00 SYNC_NOT_FOUND first4=C105001D
SYNC_NOT_FOUND first4=08D3D9EC
SYNC_NOT_FOUND first4=3D724466
SYNC_NOT_FOUND first4=9154E1DD
SYNC_NOT_FOUND first4=5987C090
SYNC_NOT_FOUND first4=1BFEC471
SYNC_NOT_FOUND first4=56C2638D
2026-07-26T15:23:24.965237+00:00 PHASE_RESULT 17 HF-FLRC-1300-64 pktSize=64 rx=0 unique=0 lost=100 per=100.0 rssi_avg=0 rssi_min=0 crc_err=0 garbage=9 tx_lat=0.00000 tx_lon=0.00000 sats=0 fix=0 utc=0 tx_fw=none rx_fw=unknown
PHASE_GUARD 500
PHASE_START 18 HF-FLRC-1300-128 pktSize=128
SYNC_NOT_FOUND first4=1387FF15
2026-07-26T15:23:25.968561+00:00 SYNC_NOT_FOUND first4=DE92404F
SYNC_NOT_FOUND first4=78327588
SYNC_NOT_FOUND first4=41CA41AA
SYNC_NOT_FOUND first4=5D24EA0F
SYNC_NOT_FOUND first4=55A0EB8E
PHASE_RESULT 18 HF-FLRC-1300-128 pktSize=128 rx=0 unique=0 lost=100 per=100.0 rssi_avg=0 rssi_min=0 crc_err=0 garbage=6 tx_lat=0
2026-07-26T15:23:26.980288+00:00 .00000 tx_lon=0.00000 sats=0 fix=0 utc=0 tx_fw=none rx_fw=unknown
PHASE_GUARD 500
PHASE_START 19 HF-FLRC-1300-255 pktSize=255
SYNC_NOT_FOUND first4=184D26AC
SYNC_NOT_FOUND first4=5849D615
2026-07-26T15:23:27.994792+00:00 SYNC_NOT_FOUND first4=63ADD4E6
SYNC_NOT_FOUND first4=1B6AA476
SYNC_NOT_FOUND first4=988FAFF0
SYNC_NOT_FOUND first4=8A497400
SYNC_NOT_FOUND first4=2B608995
SYNC_NOT_FOUND first4=B162607D
SYNC_NOT_FOUND first4=4239864C
PHASE_RESULT 19 HF-FLRC-1300-255 pktSize=255 rx=0 unique=0 lost=100 per=100.0 rssi_avg=0 rssi_min=0 crc_err=0 garbage=9 tx_lat=0.00000 tx_lon=0.00000 sats=0 fix=0 utc=0 tx_fw=none rx_fw=unknown
PHASE_GUARD 500
2026-07-26T15:23:29.005918+00:00 PHASE_START 20 HF-FLRC-650-32 pktSize=32
SYNC_NOT_FOUND first4=0F36E1F1
SYNC_NOT_FOUND first4=1076F3B6
SYNC_NOT_FOUND first4=B12D73BF
SYNC_NOT_FOUND first4=E7C97644
SYNC_NOT_FOUND first4=4F396F7E
SYNC_NOT_FOUND first4=EE5922B3
SYNC_NOT_FOUND first4=61B66D35
SYNC_NOT_FOUND first4=EF9AB86C
SYNC_NOT_FOUND first4=A54AFBC0
SYNC_NOT_FOUND first4=CDB4122A
SYNC_NOT_FOUND first4=C2BA7F43
SYNC_NOT_FOUND first4=817A64A0
SYNC_NOT_FOUND first4=9FD1AC55
2026-07-26T15:23:30.017249+00:00 TIME_SYNCED utc=1785079409 offset=1785062472
SYNC_NOT_FOUND first4=DD8C3D95
SYNC_NOT_FOUND first4=23F4B58E
SYNC_NOT_FOUND first4=A0022378
TIME_SYNCED utc=1785079409 offset=1785062472
SYNC_NOT_FOUND first4=CB383F89
SYNC_NOT_FOUND first4=1A590415
SYNC_NOT_FOUND first4=7B547661
SYNC_NOT_FOUND first4=FF519983
SYNC_NOT_FOUND first4=280448EE
SYNC_NOT_FOUND first4=B09B98FE
SYNC_NOT_FOUND first4=2672F4B4
SYNC_NOT_FOUND first4=9AF40BE2
SYNC_NOT_FOUND first4=B31DB787
SYNC_NOT_FOUND first4=9A03F39B
PHASE_RESULT 20 HF-FLRC-650-32 pktSize=32 rx=0 unique=0 lost=100 per=100.0 rssi_avg=0 rssi_min=0 crc_err=0 garbage=26 tx_lat=0.00000 tx_lon=0.00000 sats=0 fix=0 utc=0 tx_fw=none rx_fw=unknown
PHASE_GUARD 500
2026-07-26T15:23:31.020913+00:00 PHASE_START 21 HF-FLRC-650-64 pktSize=64
SYNC_NOT_FOUND first4=B15693FD
SYNC_NOT_FOUND first4=D3FC64BB
SYNC_NOT_FOUND first4=0E5522E2
SYNC_NOT_FOUND first4=454E8FA6
SYNC_NOT_FOUND first4=BA7A87F5
SYNC_NOT_FOUND first4=E91424C7
SYNC_NOT_FOUND first4=575847A1
SYNC_NOT_FOUND first4=F25C8AF7
SYNC_NOT_FOUND first4=20939001
SYNC_NOT_FOUND first4=09813DFE
SYNC_NOT_FOUND first4=032D181D
SYNC_NOT_FOUND first4=B32CAF52
SYNC_NOT_FOUND first4=EAB92D4C
SYNC_NOT_FOUND first4=42A24DD9
2026-07-26T15:23:32.032520+00:00 SYNC_NOT_FOUND first4=31412C9C
SYNC_NOT_FOUND first4=74F02DAC
SYNC_NOT_FOUND first4=92F1E91F
SYNC_NOT_FOUND first4=231B6716
SYNC_NOT_FOUND first4=CFAF8183
SYNC_NOT_FOUND first4=D49AD127
SYNC_NOT_FOUND first4=24A51F9A
SYNC_NOT_FOUND first4=5CEC42AA
SYNC_NOT_FOUND first4=7EC39250
SYNC_NOT_FOUND first4=704394D1
SYNC_NOT_FOUND first4=22ABC153
SYNC_NOT_FOUND first4=C82A9EB1
SYNC_NOT_FOUND first4=0D01CE1D
SYNC_NOT_FOUND first4=132A6BE1
SYNC_NOT_FOUND first4=73F64CEA
SYNC_NOT_FOUND first4=14681B7F
SYNC_NOT_FOUND first4=4773C686
SYNC_NOT_FOUND first4=8C504B4B
SYNC_NOT_FOUND first4=173C85F4
SYNC_NOT_FOUND first4=030565F6
SYNC_NOT_FOUND first4=8F423358
SYNC_NOT_FOUND first4=81E5DA46
SYNC_NOT_FOUND first4=8415508F
SYNC_NOT_FOUND first4=CA9FDE70
SYNC_NOT_FOUND first4=F8A3D524
SYNC_NOT_FOUND first4=6C0140B2
SYNC_NOT_FOUND first4=C6752826
SYNC_NOT_FOUND first4=5E037852
SYNC_NOT_FOUND first4=7CF5180F
SYNC_NOT_FOUND first4=7FE4E5D4
SYNC_NOT_FOUND first4=60EE2733
SYNC_NOT_FOUND first4=50F3CBC1
SYNC_NOT_FOUND first4=75579E11
PHASE_RESULT 21 HF-FLRC-650-64 pktSize=64 rx=0 unique=0 lost=100 per=100.0 rssi_avg=0 rssi_min=0 crc_err=0 garbage=47 tx_lat=0.00000 tx_lon=0.00000 sats=0 fix=0 utc=0 tx_fw=none rx_fw=unknown
PHASE_GUARD 500
2026-07-26T15:23:33.044629+00:00 PHASE_START 22 HF-FLRC-650-128 pktSize=128
SYNC_NOT_FOUND first4=C9FB690A
SYNC_NOT_FOUND first4=ACF61977
SYNC_NOT_FOUND first4=672E2FDB
SYNC_NOT_FOUND first4=7F2A440F
SYNC_NOT_FOUND first4=7B118418
SYNC_NOT_FOUND first4=E4471214
SYNC_NOT_FOUND first4=0A091259
SYNC_NOT_FOUND first4=95E7453B
SYNC_NOT_FOUND first4=74B0F828
SYNC_NOT_FOUND first4=DD4E0541
SYNC_NOT_FOUND first4=8B82A9F5
SYNC_NOT_FOUND first4=BA201BB2
SYNC_NOT_FOUND first4=905ADBBA
SYNC_NOT_FOUND first4=2E6C967B
SYNC_NOT_FOUND first4=7D4E2D61
SYNC_NOT_FOUND first4=9D171F25
SYNC_NOT_FOUND first4=59B06831
SYNC_NOT_FOUND first4=13051B2A
SYNC_NOT_FOUND first4=772B2AF0
SYNC_NOT_FOUND first4=32F2E7DB
SYNC_NOT_FOUND first4=0766C8C7
SYNC_NOT_FOUND first4=97612BFF
SYNC_NOT_FOUND first4=46039140
SYNC_NOT_FOUND first4=26B347B0
2026-07-26T15:23:34.055689+00:00 SYNC_NOT_FOUND first4=E1AA66B0
SYNC_NOT_FOUND first4=3C2155C3
SYNC_NOT_FOUND first4=4D63A44F
SYNC_NOT_FOUND first4=5B5BE071
SYNC_NOT_FOUND first4=8A50933C
SYNC_NOT_FOUND first4=16FA2916
SYNC_NOT_FOUND first4=87F0F76E
SYNC_NOT_FOUND first4=D8D59CC6
SYNC_NOT_FOUND first4=DC0A7D9F
SYNC_NOT_FOUND first4=6908A378
SYNC_NOT_FOUND first4=83EAD6A1
SYNC_NOT_FOUND first4=A64A4163
SYNC_NOT_FOUND first4=DD8A725D
SYNC_NOT_FOUND first4=4086D767
SYNC_NOT_FOUND first4=AC21662A
SYNC_NOT_FOUND first4=03DE77BC
SYNC_NOT_FOUND first4=0B45615C
SYNC_NOT_FOUND first4=188A548C
PHASE_RESULT 22 HF-FLRC-650-128 pktSize=128 rx=0 unique=0 lost=100 per=100.0 rssi_avg=0 rssi_min=0 crc_err=0 garbage=42 tx_lat=0.00000 tx_lon=0.00000 sats=0 fix=0 utc=0 tx_fw=none rx_fw=unknown
PHASE_GUARD 500
2026-07-26T15:23:35.067068+00:00 PHASE_START 23 HF-FLRC-650-255 pktSize=255
SYNC_NOT_FOUND first4=88826403
SYNC_NOT_FOUND first4=209A8AC4
SYNC_NOT_FOUND first4=2A80C332
SYNC_NOT_FOUND first4=366C7D13
SYNC_NOT_FOUND first4=6A321FEA
SYNC_NOT_FOUND first4=87C5696D
SYNC_NOT_FOUND first4=39FA3E34
SYNC_NOT_FOUND first4=FBC51A79
SYNC_NOT_FOUND first4=07A466E2
SYNC_NOT_FOUND first4=07148C52
SYNC_NOT_FOUND first4=B01FD22A
SYNC_NOT_FOUND first4=83DF9C12
SYNC_NOT_FOUND first4=AA09D02E
SYNC_NOT_FOUND first4=7412CECA
2026-07-26T15:23:36.077658+00:00 SYNC_NOT_FOUND first4=B4CBC52C
SYNC_NOT_FOUND first4=DA725ACF
SYNC_NOT_FOUND first4=9BB55892
SYNC_NOT_FOUND first4=B37CCEAC
SYNC_NOT_FOUND first4=06412671
SYNC_NOT_FOUND first4=12575840
SYNC_NOT_FOUND first4=3516D952
SYNC_NOT_FOUND first4=BCB48373
SYNC_NOT_FOUND first4=139201B5
SYNC_NOT_FOUND first4=1EC4D06C
SYNC_NOT_FOUND first4=C474794D
SYNC_NOT_FOUND first4=1EB71E69
SYNC_NOT_FOUND first4=66C4F2DB
SYNC_NOT_FOUND first4=DD040D7A
SYNC_NOT_FOUND first4=0A100BBC
SYNC_NOT_FOUND first4=0A2B3F3D
SYNC_NOT_FOUND first4=DF637BAE
SYNC_NOT_FOUND first4=0888C72A
SYNC_NOT_FOUND first4=01A240C1
SYNC_NOT_FOUND first4=3B8C531A
PHASE_RESULT 23 HF-FLRC-650-255 pktSize=255 rx=0 unique=0 lost=100 per=100.0 rssi_avg=0 rssi_min=0 crc_err=0 garbage=34 tx_lat=0.00000 tx_lon=0.00000 sats=0 fix=0 utc=0 tx_fw=none rx_fw=unknown
PHASE_GUARD 500
2026-07-26T15:23:37.089758+00:00 PHASE_START 24 HF-FLRC-325-32 pktSize=32
SYNC_NOT_FOUND first4=063585BE
SYNC_NOT_FOUND first4=010B8434
SYNC_NOT_FOUND first4=BD6B4006
2026-07-26T15:23:38.094231+00:00 SYNC_NOT_FOUND first4=550C9CFC
SYNC_NOT_FOUND first4=956034BC
SYNC_NOT_FOUND first4=142395E9
SYNC_NOT_FOUND first4=A0826748
SYNC_NOT_FOUND first4=419F37A7
PHASE_RESULT 24 HF-FLRC-325-32 pktSize=32 rx=0 unique=0 lost=100 per=100.0 rssi_avg=0 rssi_min=0 crc_err=0 garbage=8 tx_lat=0.00000 tx_lon=0.00000 sats=0 fix=0 utc=0 tx_fw=none rx_fw=unknown
PHASE_GUARD 500
2026-07-26T15:23:39.105387+00:00 PHASE_START 25 HF-FLRC-325-64 pktSize=64
SYNC_NOT_FOUND first4=A695D37E
2026-07-26T15:23:40.116636+00:00 TIME_SYNCED utc=1785079419 offset=1785062472
TIME_SYNCED utc=1785079419 offset=1785062472
SYNC_NOT_FOUND first4=0FD67A2E
PHASE_RESULT 25 HF-FLRC-325-64 pktSize=64 rx=0 unique=0 lost=100 per=100.0 rssi_avg=0 rssi_min=0 crc_err=0 garbage=2 tx_lat=0.00000 tx_lon=0.00000 sats=0 fix=0 utc=0 tx_fw=none rx_fw=unknown
PHASE_GUARD 500
PHASE_START 26 HF-FLRC-325-128 pktSize=128
2026-07-26T15:23:41.120353+00:00 SYNC_NOT_FOUND first4=0AA4E603
2026-07-26T15:23:42.134793+00:00 SYNC_NOT_FOUND first4=E97903FC
SYNC_NOT_FOUND first4=211A8286
SYNC_NOT_FOUND first4=1F82CCF1
SYNC_NOT_FOUND first4=DD9F1CBB
SYNC_NOT_FOUND first4=8F43C22B
SYNC_NOT_FOUND first4=CC1F3802
PHASE_RESULT 26 HF-FLRC-325-128 pktSize=128 rx=0 unique=0 lost=100 per=100.0 rssi_avg=0 rssi_min=0 crc_err=0 garbage=7 tx_lat=0.00000 tx_lon=0.00000 sats=0 fix=0 utc=0 tx_fw=none rx_fw=unknown
PHASE_GUARD 500
PHASE_START 27 HF-FLRC-325-255 pktSize=255
2026-07-26T15:23:43.148049+00:00 SYNC_NOT_FOUND first4=A60A8310
SYNC_NOT_FOUND first4=D02764A6
SYNC_NOT_FOUND first4=4411800A
SYNC_NOT_FOUND first4=0FDB0806
SYNC_NOT_FOUND first4=2B5B70F9
SYNC_NOT_FOUND first4=3FE4A105
SYNC_NOT_FOUND first4=F56FDE6C
SYNC_NOT_FOUND first4=694C92CE
SYNC_NOT_FOUND first4=D0A48BF9
2026-07-26T15:23:44.151656+00:00 SYNC_NOT_FOUND first4=4D0E5F51
SYNC_NOT_FOUND first4=C10575C1
SYNC_NOT_FOUND first4=2BD7D3F8
PHASE_RESULT 27 HF-FLRC-325-255 pktSize=255 rx=0 unique=0 lost=100 per=100.0 rssi_avg=0 rssi_min=0 crc_err=0 garbage=12 tx_lat=0.00000 tx_lon=0.00000 sats=0 fix=0 utc=0 tx_fw=none rx_fw=unknown
PHASE_GUARD 500
LORA_CFG path=0 bw=0x05 sf=7
PHASE_START 28 LF-LoRa-SF7-32 pktSize=32
2026-07-26T15:23:46.213786+00:00 PHASE_RESULT 28 LF-LoRa-SF7-32 pktSize=32 rx=0 unique=0 lost=20 per=100.0 rssi_avg=0 rssi_min=0 crc_err=0 garbage=0 tx_lat=0.00000 tx_lon=0.00000 sats=0 fix=0 utc=0 tx_fw=none rx_fw=unknown
PHASE_GUARD 500
LORA_CFG path=0 bw=0x05 sf=7
PHASE_START 29 LF-LoRa-SF7-64 pktSize=64
2026-07-26T15:23:49.328794+00:00 PHASE_RESULT 29 LF-LoRa-SF7-64 pktSize=64 rx=0 unique=0 lost=20 per=100.0 rssi_avg=0 rssi_min=0 crc_err=0 garbage=0 tx_lat=0.00000 tx_lon=0.00000 sats=0 fix=0 utc=0 tx_fw=none rx_fw=unknown
PHASE_GUARD 500
LORA_CFG path=0 bw=0x05 sf=7
PHASE_START 30 LF-LoRa-SF7-128 pktSize=128
TIME_SYNCED utc=1785079429 offset=1785062472
2026-07-26T15:23:50.334568+00:00 TIME_SYNCED utc=1785079429 offset=1785062472
2026-07-26T15:23:53.440843+00:00 PHASE_RESULT 30 LF-LoRa-SF7-128 pktSize=128 rx=0 unique=0 lost=13 per=100.0 rssi_avg=0 rssi_min=0 crc_err=0 garbage=0 tx_lat=0.00000 tx_lon=0.00000 sats=0 fix=0 utc=0 tx_fw=none rx_fw=unknown
PHASE_GUARD 500
LORA_CFG path=0 bw=0x05 sf=7
PHASE_START 31 LF-LoRa-SF7-255 pktSize=255
2026-07-26T15:23:57.598967+00:00 PHASE_RESULT 31 LF-LoRa-SF7-255 pktSize=255 rx=0 unique=0 lost=7 per=100.0 rssi_avg=0 rssi_min=0 crc_err=0 garbage=0 tx_lat=0.00000 tx_lon=0.00000 sats=0 fix=0 utc=0 tx_fw=none rx_fw=unknown
PHASE_GUARD 500
LORA_CFG path=0 bw=0x05 sf=9
PHASE_START 32 LF-LoRa-SF9-32 pktSize=32
2026-07-26T15:23:59.661795+00:00 TIME_SYNCED utc=1785079439 offset=1785062472
2026-07-26T15:24:00.673780+00:00 TIME_SYNCED utc=1785079439 offset=1785062472
2026-07-26T15:24:01.685229+00:00 PHASE_RESULT 32 LF-LoRa-SF9-32 pktSize=32 rx=0 unique=0 lost=7 per=100.0 rssi_avg=0 rssi_min=0 crc_err=0 garbage=0 tx_lat=0.00000 tx_lon=0.00000 sats=0 fix=0 utc=0 tx_fw=none rx_fw=unknown
PHASE_GUARD 500
LORA_CFG path=0 bw=0x05 sf=9
PHASE_START 33 LF-LoRa-SF9-64 pktSize=64
2026-07-26T15:24:04.791807+00:00 PHASE_RESULT 33 LF-LoRa-SF9-64 pktSize=64 rx=0 unique=0 lost=3 per=100.0 rssi_avg=0 rssi_min=0 crc_err=0 garbage=0 tx_lat=0.00000 tx_lon=0.00000 sats=0 fix=0 utc=0 tx_fw=none rx_fw=unknown
PHASE_GUARD 500
LORA_CFG path=0 bw=0x05 sf=9
PHASE_START 34 LF-LoRa-SF9-128 pktSize=128
2026-07-26T15:24:06.854203+00:00 PHASE_RESULT 34 LF-LoRa-SF9-128 pktSize=128 rx=0 unique=0 lost=1 per=100.0 rssi_avg=0 rssi_min=0 crc_err=0 garbage=0 tx_lat=0.00000 tx_lon=0.00000 sats=0 fix=0 utc=0 tx_fw=none rx_fw=unknown
PHASE_GUARD 500
LORA_CFG path=0 bw=0x05 sf=9
PHASE_START 35 LF-LoRa-SF9-255 pktSize=255
2026-07-26T15:24:09.967278+00:00 TIME_SYNCED utc=1785079449 offset=1785062472
PHASE_RESULT 35 LF-LoRa-SF9-255 pktSize=255 rx=0 unique=0 lost=1 per=100.0 rssi_avg=0 rssi_min=0 crc_err=0 garbage=0 tx_lat=0.00000 tx_lon=0.00000 sats=0 fix=0 utc=0 tx_fw=none rx_fw=unknown
2026-07-26T15:24:10.979295+00:00 PHASE_GUARD 500
LORA_CFG path=0 bw=0x05 sf=12
PHASE_START 36 LF-LoRa-SF12-32 pktSize=32
TIME_SYNCED utc=1785079449 offset=1785062471
PHASE_RESULT 36 LF-LoRa-SF12-32 pktSize=32 rx=0 unique=0 lost=1 per=100.0 rssi_avg=0 rssi_min=0 crc_err=0 garbage=0 tx_lat=0.00000 tx_lon=0.00000 sats=0 fix=0 utc=0 tx_fw=none rx_fw=unknown
PHASE_GUARD 500
LORA_CFG path=0 bw=0x05 sf=9
PHASE_START 35 LF-LoRa-SF9-255 pktSize=255
PHASE_RESULT 35 LF-LoRa-SF9-255 pktSize=255 rx=0 unique=0 lost=1 per=100.0 rssi_avg=0 rssi_min=0 crc_err=0 garbage=0 tx_lat=0.00000 tx_lon=0.00000 sats=0 fix=0 utc=0 tx_fw=none rx_fw=unknown
PHASE_GUARD 500
2026-07-26T15:24:11.991191+00:00 LORA_CFG path=0 bw=0x05 sf=12
PHASE_START 36 LF-LoRa-SF12-32 pktSize=32
2026-07-26T15:24:19.301099+00:00 TIME_SYNCED utc=1785079459 offset=1785062472
2026-07-26T15:24:21.363352+00:00 TIME_SYNCED utc=1785079460 offset=1785062472
2026-07-26T15:24:25.527365+00:00 PHASE_RESULT 36 LF-LoRa-SF12-32 pktSize=32 rx=0 unique=0 lost=1 per=100.0 rssi_avg=0 rssi_min=0 crc_err=0 garbage=0 tx_lat=0.00000 tx_lon=0.00000 sats=0 fix=0 utc=0 tx_fw=none rx_fw=unknown
PHASE_GUARD 500
LORA_CFG path=0 bw=0x05 sf=12
PHASE_START 37 LF-LoRa-SF12-SKIP SKIP pktSize=64
2026-07-26T15:24:26.531268+00:00 PHASE_RESULT 37 LF-LoRa-SF12-SKIP pktSize=64 rx=0 unique=0 lost=0 per=0.0 rssi_avg=0 rssi_min=0 crc_err=0 garbage=0 tx_lat=0.00000 tx_lon=0.00000 sats=0 fix=0 utc=0 tx_fw=none rx_fw=unknown
PHASE_GUARD 500
LORA_CFG path=0 bw=0x05 sf=12
PHASE_START 38 LF-LoRa-SF12-SKIP SKIP pktSize=128
2026-07-26T15:24:27.542557+00:00 PHASE_RESULT 38 LF-LoRa-SF12-SKIP pktSize=128 rx=0 unique=0 lost=0 per=0.0 rssi_avg=0 rssi_min=0 crc_err=0 garbage=0 tx_lat=0.00000 tx_lon=0.00000 sats=0 fix=0 utc=0 tx_fw=none rx_fw=unknown
PHASE_GUARD 500
LORA_CFG path=0 bw=0x05 sf=12
PHASE_START 39 LF-LoRa-SF12-SKIP SKIP pktSize=255
2026-07-26T15:24:28.554361+00:00 PHASE_RESULT 39 LF-LoRa-SF12-SKIP pktSize=255 rx=0 unique=0 lost=0 per=0.0 rssi_avg=0 rssi_min=0 crc_err=0 garbage=0 tx_lat=0.00000 tx_lon=0.00000 sats=0 fix=0 utc=0 tx_fw=none rx_fw=unknown
PHASE_GUARD 500
PHASE_START 40 LF-FLRC-2600-32 pktSize=32
2026-07-26T15:24:29.569018+00:00 SYNC_NOT_FOUND first4=E54C392F
TIME_SYNCED utc=1785079469 offset=1785062472
2026-07-26T15:24:30.580585+00:00 PHASE_RESULT 40 LF-FLRC-2600-32 pktSize=32 rx=0 unique=0 lost=100 per=100.0 rssi_avg=0 rssi_min=0 crc_err=0 garbage=1 tx_lat=0.00000 tx_lon=0.00000 sats=0 fix=0 utc=0 tx_fw=none rx_fw=unknown
PHASE_GUARD 500
PHASE_START 41 LF-FLRC-2600-64 pktSize=64
2026-07-26T15:24:31.592811+00:00 TIME_SYNCED utc=1785079470 offset=1785062472
2026-07-26T15:24:32.603937+00:00 PHASE_RESULT 41 LF-FLRC-2600-64 pktSize=64 rx=0 unique=0 lost=100 per=100.0 rssi_avg=0 rssi_min=0 crc_err=0 garbage=0 tx_lat=0.00000 tx_lon=0.00000 sats=0 fix=0 utc=0 tx_fw=none rx_fw=unknown
PHASE_GUARD 500
PHASE_START 42 LF-FLRC-2600-128 pktSize=128
2026-07-26T15:24:34.658986+00:00 SYNC_NOT_FOUND first4=8EBED980
PHASE_RESULT 42 LF-FLRC-2600-128 pktSize=128 rx=0 unique=0 lost=100 per=100.0 rssi_avg=0 rssi_min=0 crc_err=0 garbage=1 tx_lat=0.00000 tx_lon=0.00000 sats=0 fix=0 utc=0 tx_fw=none rx_fw=unknown
PHASE_GUARD 500
PHASE_START 43 LF-FLRC-2600-255 pktSize=255
SYNC_NOT_FOUND first4=6698934F
2026-07-26T15:24:35.670750+00:00 SYNC_NOT_FOUND first4=127D9A96
2026-07-26T15:24:36.681949+00:00 PHASE_RESULT 43 LF-FLRC-2600-255 pktSize=255 rx=0 unique=0 lost=100 per=100.0 rssi_avg=0 rssi_min=0 crc_err=0 garbage=2 tx_lat=0.00000 tx_lon=0.00000 sats=0 fix=0 utc=0 tx_fw=none rx_fw=unknown
PHASE_GUARD 500
PHASE_START 44 LF-FLRC-1300-32 pktSize=32
2026-07-26T15:24:38.737458+00:00 PHASE_RESULT 44 LF-FLRC-1300-32 pktSize=32 rx=0 unique=0 lost=100 per=100.0 rssi_avg=0 rssi_min=0 crc_err=0 garbage=0 tx_lat=0.00000 tx_lon=0.00000 sats=0 fix=0 utc=0 tx_fw=none rx_fw=unknown
PHASE_GUARD 500
PHASE_START 45 LF-FLRC-1300-64 pktSize=64
SYNC_NOT_FOUND first4=D5526361
2026-07-26T15:24:39.748946+00:00 TIME_SYNCED utc=1785079479 offset=1785062472
2026-07-26T15:24:40.760935+00:00 PHASE_RESULT 45 LF-FLRC-1300-64 pktSize=64 rx=0 unique=0 lost=100 per=100.0 rssi_avg=0 rssi_min=0 crc_err=0 garbage=1 tx_lat=0.00000 tx_lon=0.00000 sats=0 fix=0 utc=0 tx_fw=none rx_fw=unknown
PHASE_GUARD 500
PHASE_START 46 LF-FLRC-1300-128 pktSize=128
2026-07-26T15:24:41.772771+00:00 SYNC_NOT_FOUND first4=AF5D1522
TIME_SYNCED utc=1785079480 offset=1785062472
2026-07-26T15:24:42.784229+00:00 PHASE_RESULT 46 LF-FLRC-1300-128 pktSize=128 rx=0 unique=0 lost=100 per=100.0 rssi_avg=0 rssi_min=0 crc_err=0 garbage=1 tx_lat=0.00000 tx_lon=0.00000 sats=0 fix=0 utc=0 tx_fw=none rx_fw=unknown
PHASE_GUARD 500
PHASE_START 47 LF-FLRC-1300-255 pktSize=255
2026-07-26T15:24:43.789200+00:00 SYNC_NOT_FOUND first4=9AFCD422
SYNC_NOT_FOUND first4=D4490C2A
2026-07-26T15:24:44.800349+00:00 PHASE_RESULT 47 LF-FLRC-1300-255 pktSize=255 rx=0 unique=0 lost=100 per=100.0 rssi_avg=0 rssi_min=0 crc_err=0 garbage=2 tx_lat=0.00000 tx_lon=0.00000 sats=0 fix=0 utc=0 tx_fw=none rx_fw=unknown
PHASE_GUARD 500
PHASE_START 48 LF-FLRC-650-32 pktSize=32
SYNC_NOT_FOUND first4=FD4955DE
SYNC_NOT_FOUND first4=695662C8
SYNC_NOT_FOUND first4=7AABFA7A
SYNC_NOT_FOUND first4=AC79A328
2026-07-26T15:24:45.812221+00:00 SYNC_NOT_FOUND first4=708D8907
2026-07-26T15:24:46.816250+00:00 PHASE_RESULT 48 LF-FLRC-650-32 pktSize=32 rx=0 unique=0 lost=100 per=100.0 rssi_avg=0 rssi_min=0 crc_err=0 garbage=5 tx_lat=0.00000 tx_lon=0.00000 sats=0 fix=0 utc=0 tx_fw=none rx_fw=unknown
PHASE_GUARD 500
PHASE_START 49 LF-FLRC-650-64 pktSize=64
SYNC_NOT_FOUND first4=E1AB59C9
2026-07-26T15:24:47.822200+00:00 SYNC_NOT_FOUND first4=306A6342
2026-07-26T15:24:48.825462+00:00 PHASE_RESULT 49 LF-FLRC-650-64 pktSize=64 rx=0 unique=0 lost=100 per=100.0 rssi_avg=0 rssi_min=0 crc_err=0 garbage=2 tx_lat=0.00000 tx_lon=0.00000 sats=0 fix=0 utc=0 tx_fw=none rx_fw=unknown
PHASE_GUARD 500
PHASE_START 50 LF-FLRC-650-128 pktSize=128
SYNC_NOT_FOUND first4=E41C356E
SYNC_NOT_FOUND first4=E8C99486
SYNC_NOT_FOUND first4=2687354E
2026-07-26T15:24:49.837655+00:00 TIME_SYNCED utc=1785079489 offset=1785062472
SYNC_NOT_FOUND first4=42AFE0BE
2026-07-26T15:24:50.848821+00:00 SYNC_NOT_FOUND first4=15DD31AA
SYNC_NOT_FOUND first4=DAC404DB
PHASE_RESULT 50 LF-FLRC-650-128 pktSize=128 rx=0 unique=0 lost=100 per=100.0 rssi_avg=0 rssi_min=0 crc_err=0 garbage=6 tx_lat=0.00000 tx_lon=0.00000 sats=0 fix=0 utc=0 tx_fw=none rx_fw=unknown
PHASE_GUARD 500
PHASE_START 51 LF-FLRC-650-255 pktSize=255
SYNC_NOT_FOUND first4=7EAD8F2E
2026-07-26T15:24:51.860279+00:00 TIME_SYNCED utc=1785079490 offset=1785062472
SYNC_NOT_FOUND first4=7F4DDD17
SYNC_NOT_FOUND first4=18756A25
SYNC_NOT_FOUND first4=F20A24A1
SYNC_NOT_FOUND first4=657DD011
2026-07-26T15:24:52.864805+00:00 SYNC_NOT_FOUND first4=216D3403
PHASE_RESULT 51 LF-FLRC-650-255 pktSize=255 rx=0 unique=0 lost=100 per=100.0 rssi_avg=0 rssi_min=0 crc_err=0 garbage=6 tx_lat=0.00000 tx_lon=0.00000 sats=0 fix=0 utc=0 tx_fw=none rx_fw=unknown
PHASE_GUARD 500
PHASE_START 52 LF-FLRC-325-32 pktSize=32
2026-07-26T15:24:54.928007+00:00 PHASE_RESULT 52 LF-FLRC-325-32 pktSize=32 rx=0 unique=0 lost=100 per=100.0 rssi_avg=0 rssi_min=0 crc_err=0 garbage=0 tx_lat=0.00000 tx_lon=0.00000 sats=0 fix=0 utc=0 tx_fw=none rx_fw=unknown
PHASE_GUARD 500
PHASE_START 53 LF-FLRC-325-64 pktSize=64
2026-07-26T15:24:56.991070+00:00 PHASE_RESULT 53 LF-FLRC-325-64 pktSize=64 rx=0 unique=0 lost=100 per=100.0 rssi_avg=0 rssi_min=0 crc_err=0 garbage=0 tx_lat=0.00000 tx_lon=0.00000 sats=0 fix=0 utc=0 tx_fw=none rx_fw=unknown
PHASE_GUARD 500
PHASE_START 54 LF-FLRC-325-128 pktSize=128
SYNC_NOT_FOUND first4=180D03A7
2026-07-26T15:24:57.994474+00:00 PHASE_RESULT 54 LF-FLRC-325-128 pktSize=128 rx=0 unique=0 lost=100 per=100.0 rssi_avg=0 rssi_min=0 crc_err=0 garbage=1 tx_lat=0.00000 tx_lon=0.00000 sats=0 fix=0 utc=0 tx_fw=none rx_fw=unknown
PHASE_GUARD 500
2026-07-26T15:24:58.998351+00:00 PHASE_START 55 LF-FLRC-325-255 pktSize=255
2026-07-26T15:25:00.010227+00:00 TIME_SYNCED utc=1785079499 offset=1785062472
PHASE_RESULT 55 LF-FLRC-325-255 pktSize=255 rx=0 unique=0 lost=100 per=100.0 rssi_avg=0 rssi_min=0 crc_err=0 garbage=0 tx_lat=0.00000 tx_lon=0.00000 sats=0 fix=0 utc=0 tx_fw=none rx_fw=unknown
PHASE_GUARD 500
2026-07-26T15:25:01.014367+00:00 LORA_CFG path=1 bw=0x0F sf=7
PHASE_START 0 HF-LoRa-SF7-32 pktSize=32
2026-07-26T15:25:02.025544+00:00 TIME_SYNCED utc=1785079501 offset=1785062472
PHASE_RESULT 0 HF-LoRa-SF7-32 pktSize=32 rx=0 unique=0 lost=20 per=100.0 rssi_avg=0 rssi_min=0 crc_err=0 garbage=0 tx_lat=0.00000 tx_lon=0.00000 sats=0 fix=0 utc=0 tx_fw=none rx_fw=unknown
PHASE_GUARD 500
LORA_CFG path=1 bw=0x0F sf=7
2026-07-26T15:25:03.029943+00:00 PHASE_START 1 HF-LoRa-SF7-64 pktSize=64
2026-07-26T15:25:04.041118+00:00 PHASE_RESULT 1 HF-LoRa-SF7-64 pktSize=64 rx=0 unique=0 lost=20 per=100.0 rssi_avg=0 rssi_min=0 crc_err=0 garbage=0 tx_lat=0.00000 tx_lon=0.00000 sats=0 fix=0 utc=0 tx_fw=none rx_fw=unknown
PHASE_GUARD 500
LORA_CFG path=1 bw=0x0F sf=7
2026-07-26T15:25:05.047211+00:00 PHASE_START 2 HF-LoRa-SF7-128 pktSize=128
2026-07-26T15:25:06.058324+00:00 PHASE_RESULT 2 HF-LoRa-SF7-128 pktSize=128 rx=0 unique=0 lost=20 per=100.0 rssi_avg=0 rssi_min=0 crc_err=0 garbage=0 tx_lat=0.00000 tx_lon=0.00000 sats=0 fix=0 utc=0 tx_fw=none rx_fw=unknown
PHASE_GUARD 500
LORA_CFG path=1 bw=0x0F sf=7
2026-07-26T15:25:07.070255+00:00 PHASE_START 3 HF-LoRa-SF7-255 pktSize=255
2026-07-26T15:25:09.137214+00:00 PHASE_RESULT 3 HF-LoRa-SF7-255 pktSize=255 rx=0 unique=0 lost=20 per=100.0 rssi_avg=0 rssi_min=0 crc_err=0 garbage=0 tx_lat=0.00000 tx_lon=0.00000 sats=0 fix=0 utc=0 tx_fw=none rx_fw=unknown
PHASE_GUARD 500
LORA_CFG path=1 bw=0x0F sf=9
PHASE_START 4 HF-LoRa-SF9-32 pktSize=32
2026-07-26T15:25:10.142223+00:00 TIME_SYNCED utc=1785079509 offset=1785062472
2026-07-26T15:25:11.146508+00:00 PHASE_RESULT 4 HF-LoRa-SF9-32 pktSize=32 rx=0 unique=0 lost=20 per=100.0 rssi_avg=0 rssi_min=0 crc_err=0 garbage=0 tx_lat=0.00000 tx_lon=0.00000 sats=0 fix=0 utc=0 tx_fw=none rx_fw=unknown
PHASE_GUARD 500
LORA_CFG path=1 bw=0x0F sf=9
PHASE_START 5 HF-LoRa-SF9-64 pktSize=64
2026-07-26T15:25:12.150221+00:00 TIME_SYNCED utc=1785079511 offset=1785062472
2026-07-26T15:25:14.211999+00:00 PHASE_RESULT 5 HF-LoRa-SF9-64 pktSize=64 rx=0 unique=0 lost=20 per=100.0 rssi_avg=0 rssi_min=0 crc_err=0 garbage=0 tx_lat=0.00000 tx_lon=0.00000 sats=0 fix=0 utc=0 tx_fw=none rx_fw=unknown
PHASE_GUARD 500
LORA_CFG path=1 bw=0x0F sf=9
PHASE_START 6 HF-LoRa-SF9-128 pktSize=128
2026-07-26T15:25:18.372654+00:00 PHASE_RESULT 6 HF-LoRa-SF9-128 pktSize=128 rx=0 unique=0 lost=13 per=100.0 rssi_avg=0 rssi_min=0 crc_err=0 garbage=0 tx_lat=0.00000 tx_lon=0.00000 sats=0 fix=0 utc=0 tx_fw=none rx_fw=unknown
PHASE_GUARD 500
LORA_CFG path=1 bw=0x0F sf=9
PHASE_START 7 HF-LoRa-SF9-255 pktSize=255
2026-07-26T15:25:20.428411+00:00 TIME_SYNCED utc=1785079519 offset=1785062472
2026-07-26T15:25:21.438236+00:00 PHASE_RESULT 7 HF-LoRa-SF9-255 pktSize=255 rx=0 unique=0 lost=6 per=100.0 rssi_avg=0 rssi_min=0 crc_err=0 garbage=0 tx_lat=0.00000 tx_lon=0.00000 sats=0 fix=0 utc=0 tx_fw=none rx_fw=unknown
PHASE_GUARD 500
LORA_CFG path=1 bw=0x0F sf=12
PHASE_START 8 HF-LoRa-SF12-32 pktSize=32
2026-07-26T15:25:22.450741+00:00 TIME_SYNCED utc=1785079521 offset=1785062472
2026-07-26T15:25:24.515349+00:00 PHASE_RESULT 8 HF-LoRa-SF12-32 pktSize=32 rx=0 unique=0 lost=2 per=100.0 rssi_avg=0 rssi_min=0 crc_err=0 garbage=0 tx_lat=0.00000 tx_lon=0.00000 sats=0 fix=0 utc=0 tx_fw=none rx_fw=unknown
PHASE_GUARD 500
LORA_CFG path=1 bw=0x0F sf=12
PHASE_START 9 HF-LoRa-SF12-64 pktSize=64
2026-07-26T15:25:27.634053+00:00 PHASE_RESULT 9 HF-LoRa-SF12-64 pktSize=64 rx=0 unique=0 lost=1 per=100.0 rssi_avg=0 rssi_min=0 crc_err=0 garbage=0 tx_lat=0.00000 tx_lon=0.00000 sats=0 fix=0 utc=0 tx_fw=none rx_fw=unknown
PHASE_GUARD 500
LORA_CFG path=1 bw=0x0F sf=12
PHASE_START 10 HF-LoRa-SF12-128 pktSize=128
2026-07-26T15:25:29.691691+00:00 TIME_SYNCED utc=1785079529 offset=1785062472
2026-07-26T15:25:32.820241+00:00 TIME_SYNCED utc=1785079531 offset=1785062472
PHASE_RESULT 10 HF-LoRa-SF12-128 pktSize=128 rx=0 unique=0 lost=1 per=100.0 rssi_avg=0 rssi_min=0 crc_err=0 garbage=0 tx_lat=0.00000 tx_lon=0.00000 sats=0 fix=0 utc=0 tx_fw=none rx_fw=unknown
PHASE_GUARD 500
LORA_CFG path=1 bw=0x0F sf=12
PHASE_START 11 HF-LoRa-SF12-255 pktSize=255
2026-07-26T15:25:40.130261+00:00 TIME_SYNCED utc=1785079539 offset=1785062472
2026-07-26T15:25:42.199453+00:00 PHASE_RESULT 11 HF-LoRa-SF12-255 pktSize=255 rx=0 unique=0 lost=1 per=100.0 rssi_avg=0 rssi_min=0 crc_err=0 garbage=0 tx_lat=0.00000 tx_lon=0.00000 sats=0 fix=0 utc=0 tx_fw=none rx_fw=unknown
PHASE_GUARD 500
PHASE_START 12 HF-FLRC-2600-32 pktSize=32
SYNC_NOT_FOUND first4=5F8EEBC7
SYNC_NOT_FOUND first4=25FE33BF
2026-07-26T15:25:43.202647+00:00 TIME_SYNCED utc=1785079542 offset=1785062472
SYNC_NOT_FOUND first4=391EE52D
SYNC_NOT_FOUND first4=9D1E0656
SYNC_NOT_FOUND first4=C00DE06A
SYNC_NOT_FOUND first4=721A2775
SYNC_NOT_FOUND first4=58047A18
2026-07-26T15:25:44.219582+00:00 SYNC_NOT_FOUND first4=91C2C595
SYNC_NOT_FOUND first4=603D6516
SYNC_NOT_FOUND first4=DCE612E6
SYNC_NOT_FOUND first4=401059C2
SYNC_NOT_FOUND first4=757B108B
SYNC_NOT_FOUND first4=7EA0A7B3
SYNC_NOT_FOUND first4=A52DCC23
PHASE_RESULT 12 HF-FLRC-2600-32 pktSize=32 rx=0 unique=0 lost=100 per=100.0 rssi_avg=0 rssi_min=0 crc_err=0 garbage=14 tx_lat=0.00000 tx_lon=0.00000 sats=0 fix=0 utc=0 tx_fw=none rx_fw=unknown
PHASE_GUARD 500
PHASE_START 13 HF-FLRC-2600-64 pktSize=64
2026-07-26T15:25:45.234463+00:00 SYNC_NOT_FOUND first4=1977CC85
SYNC_NOT_FOUND first4=142EBF6C
SYNC_NOT_FOUND first4=92E7DCF1
SYNC_NOT_FOUND first4=7EF7F186
SYNC_NOT_FOUND first4=68154FE7
SYNC_NOT_FOUND first4=8571B89A
SYNC_NOT_FOUND first4=C0D19FBB
SYNC_NOT_FOUND first4=CDADDBB3
SYNC_NOT_FOUND first4=66D4C15D
2026-07-26T15:25:46.250341+00:00 SYNC_NOT_FOUND first4=2C7CC600
PHASE_RESULT 13 HF-FLRC-2600-64 pktSize=64 rx=0 unique=0 lost=100 per=100.0 rssi_avg=0 rssi_min=0 crc_err=0 garbage=10 tx_lat=0.00000 tx_lon=0.00000 sats=0 fix=0 utc=0 tx_fw=none rx_fw=unknown
PHASE_GUARD 500
PHASE_START 14 HF-FLRC-2600-128 pktSize=128
SYNC_NOT_FOUND first4=D4AB882E
2026-07-26T15:25:47.267041+00:00 SYNC_NOT_FOUND first4=50567C47
SYNC_NOT_FOUND first4=10A7F017
SYNC_NOT_FOUND first4=CCF3115E
SYNC_NOT_FOUND first4=30F8D176
SYNC_NOT_FOUND first4=83F80B05
SYNC_NOT_FOUND first4=E0E9F3A9
2026-07-26T15:25:48.278233+00:00 SYNC_NOT_FOUND first4=923F498E
SYNC_NOT_FOUND first4=86C910B9
SYNC_NOT_FOUND first4=419D4986
SYNC_NOT_FOUND first4=EBD90C30
SYNC_NOT_FOUND first4=63266E6B
PHASE_RESULT 14 HF-FLRC-2600-128 pktSize=128 rx=0 unique=0 lost=100 per=100.0 rssi_avg=0 rssi_min=0 crc_err=0 garbage=12 tx_lat=0.00000 tx_lon=0.00000 sats=0 fix=0 utc=0 tx_fw=none rx_fw=unknown
PHASE_GUARD 500
PHASE_START 15 HF-FLRC-2600-255 pktSize=255
2026-07-26T15:25:49.289487+00:00 SYNC_NOT_FOUND first4=ADF35229
SYNC_NOT_FOUND first4=8877AEB0
SYNC_NOT_FOUND first4=B6C936CB
2026-07-26T15:25:50.300739+00:00 TIME_SYNCED utc=1785079549 offset=1785062472
SYNC_NOT_FOUND first4=7598F485
SYNC_NOT_FOUND first4=8575AB84
SYNC_NOT_FOUND first4=5428CE62
PHASE_RESULT 15 HF-FLRC-2600-255 pktSize=255 rx=0 unique=0 lost=100 per=100.0 rssi_avg=0 rssi_min=0 crc_err=0 garbage=6 tx_lat=0.00000 tx_lon=0.00000 sats=0 fix=0 utc=0 tx_fw=none rx_fw=unknown
PHASE_GUARD 500
PHASE_START 16 HF-FLRC-1300-32 pktSize=32
SYNC_NOT_FOUND first4=86A2875A
2026-07-26T15:25:51.317482+00:00 SYNC_NOT_FOUND first4=2B69FEAA
SYNC_NOT_FOUND first4=1AFC8E87
SYNC_NOT_FOUND first4=5B0451B7
SYNC_NOT_FOUND first4=457CA599
SYNC_NOT_FOUND first4=C0689CD5
SYNC_NOT_FOUND first4=9BDA09DE
SYNC_NOT_FOUND first4=6C488C2A
SYNC_NOT_FOUND first4=7A9AA143
SYNC_NOT_FOUND first4=69D42091
2026-07-26T15:25:52.330685+00:00 PHASE_RESULT 16 HF-FLRC-1300-32 pktSize=32 rx=0 unique=0 lost=100 per=100.0 rssi_avg=0 rssi_min=0 crc_err=0 garbage=10 tx_lat=0.00000 tx_lon=0.00000 sats=0 fix=0 utc=0 tx_fw=none rx_fw=unknown
PHASE_GUARD 500
PHASE_START 17 HF-FLRC-1300-64 pktSize=64
2026-07-26T15:25:53.340942+00:00 TIME_SYNCED utc=1785079552 offset=1785062472
SYNC_NOT_FOUND first4=15211428
SYNC_NOT_FOUND first4=9D987B6A
SYNC_NOT_FOUND first4=86A4A771
SYNC_NOT_FOUND first4=65216DF7
SYNC_NOT_FOUND first4=0A4D70D1
SYNC_NOT_FOUND first4=7EA56A8F
SYNC_NOT_FOUND first4=64D0E373
SYNC_NOT_FOUND first4=1BB47108
2026-07-26T15:25:54.358426+00:00 SYNC_NOT_FOUND first4=379136E6
PHASE_RESULT 17 HF-FLRC-1300-64 pktSize=64 rx=0 unique=0 lost=100 per=100.0 rssi_avg=0 rssi_min=0 crc_err=0 garbage=9 tx_lat=0.00000 tx_lon=0.00000 sats=0 fix=0 utc=0 tx_fw=none rx_fw=unknown
PHASE_GUARD 500
PHASE_START 18 HF-FLRC-1300-128 pktSize=128
2026-07-26T15:25:55.369732+00:00 SYNC_NOT_FOUND first4=C555275B
SYNC_NOT_FOUND first4=19D8E339
SYNC_NOT_FOUND first4=042E226F
2026-07-26T15:25:56.374723+00:00 SYNC_NOT_FOUND first4=885A4D68
SYNC_NOT_FOUND first4=DC980368
PHASE_RESULT 18 HF-FLRC-1300-128 pktSize=128 rx=0 unique=0 lost=100 per=100.0 rssi_avg=0 rssi_min=0 crc_err=0 garbage=5 tx_lat=0.00000 tx_lon=0.00000 sats=0 fix=0 utc=0 tx_fw=none rx_fw=unknown
PHASE_GUARD 500
PHASE_START 19 HF-FLRC-1300-255 pktSize=255
SYNC_NOT_FOUND first4=895B024F
SYNC_NOT_FOUND first4=01B63C69
2026-07-26T15:25:57.396889+00:00 SYNC_NOT_FOUND first4=31775821
SYNC_NOT_FOUND first4=63096FA6
2026-07-26T15:25:58.414286+00:00 SYNC_NOT_FOUND first4=E278DC55
SYNC_NOT_FOUND first4=149075EB
PHASE_RESULT 19 HF-FLRC-1300-255 pktSize=255 rx=0 unique=0 lost=100 per=100.0 rssi_avg=0 rssi_min=0 crc_err=0 garbage=6 tx_lat=0.00000 tx_lon=0.00000 sats=0 fix=0 utc=0 tx_fw=none rx_fw=unknown
PHASE_GUARD 500
PHASE_START 20 HF-FLRC-650-32 pktSize=32
SYNC_NOT_FOUND first4=663A28E1
SYNC_NOT_FOUND first4=FDB80157
SYNC_NOT_FOUND first4=6BA57BA1
SYNC_NOT_FOUND first4=B6BB8287
SYNC_NOT_FOUND first4=E8B9D573
2026-07-26T15:25:59.425357+00:00 SYNC_NOT_FOUND first4=EA451513
SYNC_NOT_FOUND first4=E30EE054
SYNC_NOT_FOUND first4=C8CC829C
SYNC_NOT_FOUND first4=F7925C48
SYNC_NOT_FOUND first4=BCCB5744
SYNC_NOT_FOUND first4=20E16058
SYNC_NOT_FOUND first4=11C1A446
SYNC_NOT_FOUND first4=A44D4304
SYNC_NOT_FOUND first4=E6DD142F
SYNC_NOT_FOUND first4=DDAB7631
2026-07-26T15:26:00.436502+00:00 TIME_SYNCED utc=1785079559 offset=1785062472
SYNC_NOT_FOUND first4=0186901E
SYNC_NOT_FOUND first4=694431A1
SYNC_NOT_FOUND first4=008B724D
SYNC_NOT_FOUND first4=10B7FD40
SYNC_NOT_FOUND first4=67D2E4C6
SYNC_NOT_FOUND first4=042EC902
SYNC_NOT_FOUND first4=F3D383B0
SYNC_NOT_FOUND first4=353C439F
SYNC_NOT_FOUND first4=D26838B1
PHASE_RESULT 20 HF-FLRC-650-32 pktSize=32 rx=0 unique=0 lost=100 per=100.0 rssi_avg=0 rssi_min=0 crc_err=0 garbage=24 tx_lat=0.00000 tx_lon=0.00000 sats=0 fix=0 utc=0 tx_fw=none rx_fw=unknown
PHASE_GUARD 500
PHASE_START 21 HF-FLRC-650-64 pktSize=64
SYNC_NOT_FOUND first4=FF2BC8E1
SYNC_NOT_FOUND first4=CE7F552E
SYNC_NOT_FOUND first4=0EB91552
SYNC_NOT_FOUND first4=FEB91302
SYNC_NOT_FOUND first4=EEC70421
SYNC_NOT_FOUND first4=74E145DB
SYNC_NOT_FOUND first4=6F462220
SYNC_NOT_FOUND first4=DFBE197F
SYNC_NOT_FOUND first4=062BF440
SYNC_NOT_FOUND first4=BDEDFD59
2026-07-26T15:26:01.458706+00:00 SYNC_NOT_FOUND first4=049B77EB
SYNC_NOT_FOUND first4=A9A302B5
SYNC_NOT_FOUND first4=DCA2ACF2
SYNC_NOT_FOUND first4=A49805A4
SYNC_NOT_FOUND first4=4DE03DA0
SYNC_NOT_FOUND first4=15EDCB21
SYNC_NOT_FOUND first4=C95545AD
SYNC_NOT_FOUND first4=62EFA275
SYNC_NOT_FOUND first4=7B16B498
SYNC_NOT_FOUND first4=00C42D40
SYNC_NOT_FOUND first4=B78FE28F
SYNC_NOT_FOUND first4=30388C81
SYNC_NOT_FOUND first4=B913362D
SYNC_NOT_FOUND first4=B1001F87
SYNC_NOT_FOUND first4=730D4D7B
SYNC_NOT_FOUND first4=17E0A733
SYNC_NOT_FOUND first4=98F18703
SYNC_NOT_FOUND first4=FCC9D289
SYNC_NOT_FOUND first4=A087AD32
SYNC_NOT_FOUND first4=CF6EE6A7
SYNC_NOT_FOUND first4=79AB838C
SYNC_NOT_FOUND first4=B15A82AA
2026-07-26T15:26:02.478279+00:00 SYNC_NOT_FOUND first4=0995BDAC
SYNC_NOT_FOUND first4=3E912BB4
SYNC_NOT_FOUND first4=F539663F
SYNC_NOT_FOUND first4=4DC99094
SYNC_NOT_FOUND first4=E672E765
SYNC_NOT_FOUND first4=114A96AF
SYNC_NOT_FOUND first4=71905C03
SYNC_NOT_FOUND first4=C3CC23F9
SYNC_NOT_FOUND first4=9B164329
SYNC_NOT_FOUND first4=956ACC41
SYNC_NOT_FOUND first4=335DD5B0
SYNC_NOT_FOUND first4=4798A4C7
SYNC_NOT_FOUND first4=DB0B7D74
SYNC_NOT_FOUND first4=3FF95DC3
SYNC_NOT_FOUND first4=CE95D10A
SYNC_NOT_FOUND first4=676CC553
PHASE_RESULT 21 HF-FLRC-650-64 pktSize=64 rx=0 unique=0 lost=100 per=100.0 rssi_avg=0 rssi_min=0 crc_err=0 garbage=48 tx_lat=0.00000 tx_lon=0.00000 sats=0 fix=0 utc=0 tx_fw=none rx_fw=unknown
PHASE_GUARD 500
PHASE_START 22 HF-FLRC-650-128 pktSize=128
SYNC_NOT_FOUND first4=7A79416A
SYNC_NOT_FOUND first4=E59B23E8
SYNC_NOT_FOUND first4=26D999A1
SYNC_NOT_FOUND first4=F2801BB2
SYNC_NOT_FOUND first4=2B311984
2026-07-26T15:26:03.481969+00:00 TIME_SYNCED utc=1785079562 offset=1785062472
SYNC_NOT_FOUND first4=1E23E098
SYNC_NOT_FOUND first4=315C8CA8
SYNC_NOT_FOUND first4=A01CB575
SYNC_NOT_FOUND first4=0F13F9AE
SYNC_NOT_FOUND first4=CC6AED28
SYNC_NOT_FOUND first4=5F8667A9
SYNC_NOT_FOUND first4=7E9C3C93
SYNC_NOT_FOUND first4=EA86EFE7
SYNC_NOT_FOUND first4=0E17103C
SYNC_NOT_FOUND first4=2E04072C
SYNC_NOT_FOUND first4=F0A20393
SYNC_NOT_FOUND first4=B8361E7D
SYNC_NOT_FOUND first4=4FAEB4FF
SYNC_NOT_FOUND first4=1E06D4BB
SYNC_NOT_FOUND first4=F70DBBD1
SYNC_NOT_FOUND first4=FD691F33
SYNC_NOT_FOUND first4=8E6E84DC
SYNC_NOT_FOUND first4=40AAC7F4
SYNC_NOT_FOUND first4=3FDCBBC3
SYNC_NOT_FOUND first4=9B8CC505
2026-07-26T15:26:04.494932+00:00 SYNC_NOT_FOUND first4=B3CCF6CE
SYNC_NOT_FOUND first4=BC2E66E1
SYNC_NOT_FOUND first4=063F786F
SYNC_NOT_FOUND first4=89A6FDB4
PHASE_RESULT 22 HF-FLRC-650-128 pktSize=128 rx=0 unique=0 lost=100 per=100.0 rssi_avg=0 rssi_min=0 crc_err=0 garbage=29 tx_lat=0.00000 tx_lon=0.00000 sats=0 fix=0 utc=0 tx_fw=none rx_fw=unknown
PHASE_GUARD 500
PHASE_START 23 HF-FLRC-650-255 pktSize=255
SYNC_NOT_FOUND first4=D1C85563
SYNC_NOT_FOUND first4=C40F80B8
SYNC_NOT_FOUND first4=2BE89829
SYNC_NOT_FOUND first4=43B4AB9C
SYNC_NOT_FOUND first4=14D336E5
SYNC_NOT_FOUND first4=85E87408
2026-07-26T15:26:05.506235+00:00 SYNC_NOT_FOUND first4=5CFEC510
SYNC_NOT_FOUND first4=B7394C23
SYNC_NOT_FOUND first4=AB508586
SYNC_NOT_FOUND first4=7393318F
SYNC_NOT_FOUND first4=F8FACD9F
SYNC_NOT_FOUND first4=95BC4CCC
SYNC_NOT_FOUND first4=EE5AE0BD
SYNC_NOT_FOUND first4=D30FD689
2026-07-26T15:26:06.517900+00:00 SYNC_NOT_FOUND first4=269E2631
SYNC_NOT_FOUND first4=21BA3759
SYNC_NOT_FOUND first4=353889B3
SYNC_NOT_FOUND first4=1F5D6ABA
SYNC_NOT_FOUND first4=23AB46A4
SYNC_NOT_FOUND first4=20411095
SYNC_NOT_FOUND first4=062B64F6
SYNC_NOT_FOUND first4=79ABFEC1
PHASE_RESULT 23 HF-FLRC-650-255 pktSize=255 rx=0 unique=0 lost=100 per=100.0 rssi_avg=0 rssi_min=0 crc_err=0 garbage=22 tx_lat=0.00000 tx_lon=0.00000 sats=0 fix=0 utc=0 tx_fw=none rx_fw=unknown
PHASE_GUARD 500
PHASE_START 24 HF-FLRC-325-32 pktSize=32
2026-07-26T15:26:07.537082+00:00 SYNC_NOT_FOUND first4=395BA37A
SYNC_NOT_FOUND first4=59954FA7
SYNC_NOT_FOUND first4=35A0663E
SYNC_NOT_FOUND first4=7C06306B
SYNC_NOT_FOUND first4=97BD85D6
SYNC_NOT_FOUND first4=49ABB0FF
2026-07-26T15:26:08.540793+00:00 SYNC_NOT_FOUND first4=94026444
SYNC_NOT_FOUND first4=FCF41B15
PHASE_RESULT 24 HF-FLRC-325-32 pktSize=32 rx=0 unique=0 lost=100 per=100.0 rssi_avg=0 rssi_min=0 crc_err=0 garbage=8 tx_lat=0.00000 tx_lon=0.00000 sats=0 fix=0 utc=0 tx_fw=none rx_fw=unknown
PHASE_GUARD 500
PHASE_START 25 HF-FLRC-325-64 pktSize=64
SYNC_NOT_FOUND first4=D148DC70
2026-07-26T15:26:09.555191+00:00 SYNC_NOT_FOUND first4=7DE043AA
SYNC_NOT_FOUND first4=B5DD89E5
SYNC_NOT_FOUND first4=CAC00A4B
SYNC_NOT_FOUND first4=988683B1
SYNC_NOT_FOUND first4=DFF8E577
TIME_SYNCED utc=1785079569 offset=1785062472
2026-07-26T15:26:10.559476+00:00 SYNC_NOT_FOUND first4=2D0A581E
PHASE_RESULT 25 HF-FLRC-325-64 pktSize=64 rx=0 unique=0 lost=100 per=100.0 rssi_avg=0 rssi_min=0 crc_err=0 garbage=7 tx_lat=0.00000 tx_lon=0.00000 sats=0 fix=0 utc=0 tx_fw=none rx_fw=unknown
PHASE_GUARD 500
PHASE_START 26 HF-FLRC-325-128 pktSize=128
2026-07-26T15:26:11.575289+00:00 SYNC_NOT_FOUND first4=EC7D4213
SYNC_NOT_FOUND first4=5043E10D
SYNC_NOT_FOUND first4=2500A2EA
SYNC_NOT_FOUND first4=806DA483
2026-07-26T15:26:12.597075+00:00 SYNC_NOT_FOUND first4=3FA81897
PHASE_RESULT 26 HF-FLRC-325-128 pktSize=128 rx=0 unique=0 lost=100 per=100.0 rssi_avg=0 rssi_min=0 crc_err=0 garbage=5 tx_lat=0.00000 tx_lon=0.00000 sats=0 fix=0 utc=0 tx_fw=none rx_fw=unknown
PHASE_GUARD 500
PHASE_START 27 HF-FLRC-325-255 pktSize=255
SYNC_NOT_FOUND first4=95DD0FCA
2026-07-26T15:26:13.604109+00:00 TIME_SYNCED utc=1785079572 offset=1785062472
SYNC_NOT_FOUND first4=0FCBCAB3
2026-07-26T15:26:14.612293+00:00 SYNC_NOT_FOUND first4=E0EDFC03
PHASE_RESULT 27 HF-FLRC-325-255 pktSize=255 rx=0 unique=0 lost=100 per=100.0 rssi_avg=0 rssi_min=0 crc_err=0 garbage=3 tx_lat=0.00000 tx_lon=0.00000 sats=0 fix=0 utc=0 tx_fw=none rx_fw=unknown
PHASE_GUARD 500
LORA_CFG path=0 bw=0x05 sf=7
PHASE_START 28 LF-LoRa-SF7-32 pktSize=32
2026-07-26T15:26:16.668103+00:00 PHASE_RESULT 28 LF-LoRa-SF7-32 pktSize=32 rx=0 unique=0 lost=20 per=100.0 rssi_avg=0 rssi_min=0 crc_err=0 garbage=0 tx_lat=0.00000 tx_lon=0.00000 sats=0 fix=0 utc=0 tx_fw=none rx_fw=unknown
PHASE_GUARD 500
LORA_CFG path=0 bw=0x05 sf=7
PHASE_START 29 LF-LoRa-SF7-64 pktSize=64
2026-07-26T15:26:19.774408+00:00 PHASE_RESULT 29 LF-LoRa-SF7-64 pktSize=64 rx=0 unique=0 lost=20 per=100.0 rssi_avg=0 rssi_min=0 crc_err=0 garbage=0 tx_lat=0.00000 tx_lon=0.00000 sats=0 fix=0 utc=0 tx_fw=none rx_fw=unknown
PHASE_GUARD 500
LORA_CFG path=0 bw=0x05 sf=7
PHASE_START 30 LF-LoRa-SF7-128 pktSize=128
TIME_SYNCED utc=1785079579 offset=1785062472
2026-07-26T15:26:23.931684+00:00 PHASE_RESULT 30 LF-LoRa-SF7-128 pktSize=128 rx=0 unique=0 lost=13 per=100.0 rssi_avg=0 rssi_min=0 crc_err=0 garbage=0 tx_lat=0.00000 tx_lon=0.00000 sats=0 fix=0 utc=0 tx_fw=none rx_fw=unknown
PHASE_GUARD 500
LORA_CFG path=0 bw=0x05 sf=7
PHASE_START 31 LF-LoRa-SF7-255 pktSize=255
TIME_SYNCED utc=1785079582 offset=1785062471
PHASE_RESULT 31 LF-LoRa-SF7-255 pktSize=255 rx=0 unique=0 lost=7 per=100.0 rssi_avg=0 rssi_min=0 crc_err=0 garbage=0 tx_lat=0.00000 tx_lon=0.00000 sats=0 fix=0 utc=0 tx_fw=none rx_fw=unknown
PHASE_GUARD 500
LORA_CFG path=0 bw=0x05 sf=7
PHASE_START 30 LF-LoRa-SF7-128 pktSize=128
PHASE_RESULT 30 LF-LoRa-SF7-128 pktSize=128 rx=0 unique=0 lost=13 per=100.0 rssi_avg=0 rssi_min=0 crc_err=0 garbage=0 tx_lat=0.00000 tx_lon=0.00000 sats=0 fix=0 utc=0 tx_fw=none rx_fw=unknown
2026-07-26T15:26:24.943100+00:00 PHASE_GUARD 500
LORA_CFG path=0 bw=0x05 sf=7
PHASE_START 31 LF-LoRa-SF7-255 pktSize=255
2026-07-26T15:26:28.048421+00:00 PHASE_RESULT 31 LF-LoRa-SF7-255 pktSize=255 rx=0 unique=0 lost=7 per=100.0 rssi_avg=0 rssi_min=0 crc_err=0 garbage=0 tx_lat=0.00000 tx_lon=0.00000 sats=0 fix=0 utc=0 tx_fw=none rx_fw=unknown
PHASE_GUARD 500
LORA_CFG path=0 bw=0x05 sf=9
2026-07-26T15:26:29.059227+00:00 PHASE_START 32 LF-LoRa-SF9-32 pktSize=32
2026-07-26T15:26:30.071213+00:00 TIME_SYNCED utc=1785079589 offset=1785062472
2026-07-26T15:26:31.083815+00:00 PHASE_RESULT 32 LF-LoRa-SF9-32 pktSize=32 rx=0 unique=0 lost=7 per=100.0 rssi_avg=0 rssi_min=0 crc_err=0 garbage=0 tx_lat=0.00000 tx_lon=0.00000 sats=0 fix=0 utc=0 tx_fw=none rx_fw=unknown
PHASE_GUARD 500
LORA_CFG path=0 bw=0x05 sf=9
PHASE_START 33 LF-LoRa-SF9-64 pktSize=64
2026-07-26T15:26:34.198628+00:00 TIME_SYNCED utc=1785079593 offset=1785062472
PHASE_RESULT 33 LF-LoRa-SF9-64 pktSize=64 rx=0 unique=0 lost=3 per=100.0 rssi_avg=0 rssi_min=0 crc_err=0 garbage=0 tx_lat=0.00000 tx_lon=0.00000 sats=0 fix=0 utc=0 tx_fw=none rx_fw=unknown
PHASE_GUARD 500
LORA_CFG path=0 bw=0x05 sf=9
PHASE_START 34 LF-LoRa-SF9-128 pktSize=128
2026-07-26T15:26:36.261552+00:00 PHASE_RESULT 34 LF-LoRa-SF9-128 pktSize=128 rx=0 unique=0 lost=1 per=100.0 rssi_avg=0 rssi_min=0 crc_err=0 garbage=0 tx_lat=0.00000 tx_lon=0.00000 sats=0 fix=0 utc=0 tx_fw=none rx_fw=unknown
PHASE_GUARD 500
LORA_CFG path=0 bw=0x05 sf=9
PHASE_START 35 LF-LoRa-SF9-255 pktSize=255
2026-07-26T15:26:40.431726+00:00 TIME_SYNCED utc=1785079599 offset=1785062472
PHASE_RESULT 35 LF-LoRa-SF9-255 pktSize=255 rx=0 unique=0 lost=1 per=100.0 rssi_avg=0 rssi_min=0 crc_err=0 garbage=0 tx_lat=0.00000 tx_lon=0.00000 sats=0 fix=0 utc=0 tx_fw=none rx_fw=unknown
PHASE_GUARD 500
LORA_CFG path=0 bw=0x05 sf=12
PHASE_START 36 LF-LoRa-SF12-32 pktSize=32
2026-07-26T15:26:44.600220+00:00 TIME_SYNCED utc=1785079603 offset=1785062472
2026-07-26T15:26:49.816542+00:00 TIME_SYNCED utc=1785079609 offset=1785062472
2026-07-26T15:26:55.032996+00:00 TIME_SYNCED utc=1785079614 offset=1785062472
PHASE_RESULT 36 LF-LoRa-SF12-32 pktSize=32 rx=0 unique=0 lost=1 per=100.0 rssi_avg=0 rssi_min=0 crc_err=0 garbage=0 tx_lat=0.00000 tx_lon=0.00000 sats=0 fix=0 utc=0 tx_fw=none rx_fw=unknown
PHASE_GUARD 500
LORA_CFG path=0 bw=0x05 sf=12
2026-07-26T15:26:56.057955+00:00 PHASE_START 37 LF-LoRa-SF12-SKIP SKIP pktSize=64
PHASE_RESULT 37 LF-LoRa-SF12-SKIP pktSize=64 rx=0 unique=0 lost=0 per=0.0 rssi_avg=0 rssi_min=0 crc_err=0 garbage=0 tx_lat=0.00000 tx_lon=0.00000 sats=0 fix=0 utc=0 tx_fw=none rx_fw=unknown
PHASE_GUARD 500
LORA_CFG path=0 bw=0x05 sf=12
2026-07-26T15:26:57.068756+00:00 PHASE_START 38 LF-LoRa-SF12-SKIP SKIP pktSize=128
PHASE_RESULT 38 LF-LoRa-SF12-SKIP pktSize=128 rx=0 unique=0 lost=0 per=0.0 rssi_avg=0 rssi_min=0 crc_err=0 garbage=0 tx_lat=0.00000 tx_lon=0.00000 sats=0 fix=0 utc=0 tx_fw=none rx_fw=unknown
PHASE_GUARD 500
LORA_CFG path=0 bw=0x05 sf=12
2026-07-26T15:26:58.079746+00:00 PHASE_START 39 LF-LoRa-SF12-SKIP SKIP pktSize=255
PHASE_RESULT 39 LF-LoRa-SF12-SKIP pktSize=255 rx=0 unique=0 lost=0 per=0.0 rssi_avg=0 rssi_min=0 crc_err=0 garbage=0 tx_lat=0.00000 tx_lon=0.00000 sats=0 fix=0 utc=0 tx_fw=none rx_fw=unknown
PHASE_GUARD 500
PHASE_START 40 LF-FLRC-2600-32 pktSize=32
2026-07-26T15:26:59.099131+00:00 SYNC_NOT_FOUND first4=39C26189
SYNC_NOT_FOUND first4=71429688
SYNC_NOT_FOUND first4=C70A5238
2026-07-26T15:27:00.116995+00:00 TIME_SYNCED utc=1785079619 offset=1785062472
SYNC_NOT_FOUND first4=99726799
PHASE_RESULT 40 LF-FLRC-2600-32 pktSize=32 rx=0 unique=0 lost=100 per=100.0 rssi_avg=0 rssi_min=0 crc_err=0 garbage=4 tx_lat=0.00000 tx_lon=0.00000 sats=0 fix=0 utc=0 tx_fw=none rx_fw=unknown
PHASE_GUARD 500
PHASE_START 41 LF-FLRC-2600-64 pktSize=64
2026-07-26T15:27:02.178683+00:00 SYNC_NOT_FOUND first4=ACF8D354
SYNC_NOT_FOUND first4=984551F2
SYNC_NOT_FOUND first4=ED6BB928
PHASE_RESULT 41 LF-FLRC-2600-64 pktSize=64 rx=0 unique=0 lost=100 per=100.0 rssi_avg=0 rssi_min=0 crc_err=0 garbage=3 tx_lat=0.00000 tx_lon=0.00000 sats=0 fix=0 utc=0 tx_fw=none rx_fw=unknown
PHASE_GUARD 500
PHASE_START 42 LF-FLRC-2600-128 pktSize=128
2026-07-26T15:27:03.190249+00:00 SYNC_NOT_FOUND first4=BC1BB301
2026-07-26T15:27:04.209382+00:00 SYNC_NOT_FOUND first4=17DD2F3A
PHASE_RESULT 42 LF-FLRC-2600-128 pktSize=128 rx=0 unique=0 lost=100 per=100.0 rssi_avg=0 rssi_min=0 crc_err=0 garbage=2 tx_lat=0.00000 tx_lon=0.00000 sats=0 fix=0 utc=0 tx_fw=none rx_fw=unknown
PHASE_GUARD 500
PHASE_START 43 LF-FLRC-2600-255 pktSize=255
2026-07-26T15:27:05.214398+00:00 TIME_SYNCED utc=1785079624 offset=1785062472
2026-07-26T15:27:06.225732+00:00 SYNC_NOT_FOUND first4=3DD55051
PHASE_RESULT 43 LF-FLRC-2600-255 pktSize=255 rx=0 unique=0 lost=100 per=100.0 rssi_avg=0 rssi_min=0 crc_err=0 garbage=1 tx_lat=0.00000 tx_lon=0.00000 sats=0 fix=0 utc=0 tx_fw=none rx_fw=unknown
PHASE_GUARD 500
PHASE_START 44 LF-FLRC-1300-32 pktSize=32
2026-07-26T15:27:08.288298+00:00 SYNC_NOT_FOUND first4=563C14A9
SYNC_NOT_FOUND first4=D28B894A
PHASE_RESULT 44 LF-FLRC-1300-32 pktSize=32 rx=0 unique=0 lost=100 per=100.0 rssi_avg=0 rssi_min=0 crc_err=0 garbage=2 tx_lat=0.00000 tx_lon=0.00000 sats=0 fix=0 utc=0 tx_fw=none rx_fw=unknown
PHASE_GUARD 500
PHASE_START 45 LF-FLRC-1300-64 pktSize=64
2026-07-26T15:27:09.292307+00:00 SYNC_NOT_FOUND first4=190CD516
2026-07-26T15:27:10.303396+00:00 TIME_SYNCED utc=1785079629 offset=1785062472
PHASE_RESULT 45 LF-FLRC-1300-64 pktSize=64 rx=0 unique=0 lost=100 per=100.0 rssi_avg=0 rssi_min=0 crc_err=0 garbage=1 tx_lat=0.00000 tx_lon=0.00000 sats=0 fix=0 utc=0 tx_fw=none rx_fw=unknown
PHASE_GUARD 500
PHASE_START 46 LF-FLRC-1300-128 pktSize=128
2026-07-26T15:27:12.366243+00:00 PHASE_RESULT 46 LF-FLRC-1300-128 pktSize=128 rx=0 unique=0 lost=100 per=100.0 rssi_avg=0 rssi_min=0 crc_err=0 garbage=0 tx_lat=0.00000 tx_lon=0.00000 sats=0 fix=0 utc=0 tx_fw=none rx_fw=unknown
PHASE_GUARD 500
PHASE_START 47 LF-FLRC-1300-255 pktSize=255
2026-07-26T15:27:14.427873+00:00 PHASE_RESULT 47 LF-FLRC-1300-255 pktSize=255 rx=0 unique=0 lost=100 per=100.0 rssi_avg=0 rssi_min=0 crc_err=0 garbage=0 tx_lat=0.00000 tx_lon=0.00000 sats=0 fix=0 utc=0 tx_fw=none rx_fw=unknown
PHASE_GUARD 500
PHASE_START 48 LF-FLRC-650-32 pktSize=32
2026-07-26T15:27:15.446678+00:00 TIME_SYNCED utc=1785079634 offset=1785062472
SYNC_NOT_FOUND first4=09FBC906
SYNC_NOT_FOUND first4=BC3545E7
SYNC_NOT_FOUND first4=CAD0BBDA
2026-07-26T15:27:16.458176+00:00 SYNC_NOT_FOUND first4=A3DC23E0
PHASE_RESULT 48 LF-FLRC-650-32 pktSize=32 rx=0 unique=0 lost=100 per=100.0 rssi_avg=0 rssi_min=0 crc_err=0 garbage=4 tx_lat=0.00000 tx_lon=0.00000 sats=0 fix=0 utc=0 tx_fw=none rx_fw=unknown
PHASE_GUARD 500
PHASE_START 49 LF-FLRC-650-64 pktSize=64
2026-07-26T15:27:17.469663+00:00 SYNC_NOT_FOUND first4=208F279B
SYNC_NOT_FOUND first4=9B22B54E
2026-07-26T15:27:18.482922+00:00 PHASE_RESULT 49 LF-FLRC-650-64 pktSize=64 rx=0 unique=0 lost=100 per=100.0 rssi_avg=0 rssi_min=0 crc_err=0 garbage=2 tx_lat=0.00000 tx_lon=0.00000 sats=0 fix=0 utc=0 tx_fw=none rx_fw=unknown
PHASE_GUARD 500
PHASE_START 50 LF-FLRC-650-128 pktSize=128
SYNC_NOT_FOUND first4=364B5BA9
2026-07-26T15:27:19.494948+00:00 SYNC_NOT_FOUND first4=0C2ABC4C
SYNC_NOT_FOUND first4=1F9AE322
2026-07-26T15:27:20.506350+00:00 TIME_SYNCED utc=1785079639 offset=1785062472
PHASE_RESULT 50 LF-FLRC-650-128 pktSize=128 rx=0 unique=0 lost=100 per=100.0 rssi_avg=0 rssi_min=0 crc_err=0 garbage=3 tx_lat=0.00000 tx_lon=0.00000 sats=0 fix=0 utc=0 tx_fw=none rx_fw=unknown
PHASE_GUARD 500
PHASE_START 51 LF-FLRC-650-255 pktSize=255
2026-07-26T15:27:22.569284+00:00 PHASE_RESULT 51 LF-FLRC-650-255 pktSize=255 rx=0 unique=0 lost=100 per=100.0 rssi_avg=0 rssi_min=0 crc_err=0 garbage=0 tx_lat=0.00000 tx_lon=0.00000 sats=0 fix=0 utc=0 tx_fw=none rx_fw=unknown
PHASE_GUARD 500
PHASE_START 52 LF-FLRC-325-32 pktSize=32
2026-07-26T15:27:23.573176+00:00 SYNC_NOT_FOUND first4=F49F6B2A
SYNC_NOT_FOUND first4=6AF696DC
2026-07-26T15:27:24.577660+00:00 PHASE_RESULT 52 LF-FLRC-325-32 pktSize=32 rx=0 unique=0 lost=100 per=100.0 rssi_avg=0 rssi_min=0 crc_err=0 garbage=2 tx_lat=0.00000 tx_lon=0.00000 sats=0 fix=0 utc=0 tx_fw=none rx_fw=unknown
PHASE_GUARD 500
PHASE_START 53 LF-FLRC-325-64 pktSize=64
2026-07-26T15:27:25.590296+00:00 TIME_SYNCED utc=1785079644 offset=1785062472
SYNC_NOT_FOUND first4=6E491978
2026-07-26T15:27:26.601901+00:00 PHASE_RESULT 53 LF-FLRC-325-64 pktSize=64 rx=0 unique=0 lost=100 per=100.0 rssi_avg=0 rssi_min=0 crc_err=0 garbage=1 tx_lat=0.00000 tx_lon=0.00000 sats=0 fix=0 utc=0 tx_fw=none rx_fw=unknown
PHASE_GUARD 500
PHASE_START 54 LF-FLRC-325-128 pktSize=128
2026-07-26T15:27:28.664918+00:00 PHASE_RESULT 54 LF-FLRC-325-128 pktSize=128 rx=0 unique=0 lost=100 per=100.0 rssi_avg=0 rssi_min=0 crc_err=0 garbage=0 tx_lat=0.00000 tx_lon=0.00000 sats=0 fix=0 utc=0 tx_fw=none rx_fw=unknown
PHASE_GUARD 500
PHASE_START 55 LF-FLRC-325-255 pktSize=255
2026-07-26T15:27:30.728694+00:00 TIME_SYNCED utc=1785079649 offset=1785062472
PHASE_RESULT 55 LF-FLRC-325-255 pktSize=255 rx=0 unique=0 lost=100 per=100.0 rssi_avg=0 rssi_min=0 crc_err=0 garbage=0 tx_lat=0.00000 tx_lon=0.00000 sats=0 fix=0 utc=0 tx_fw=none rx_fw=unknown
PHASE_GUARD 500
LORA_CFG path=1 bw=0x0F sf=7
PHASE_START 0 HF-LoRa-SF7-32 pktSize=32
2026-07-26T15:27:32.792192+00:00 PHASE_RESULT 0 HF-LoRa-SF7-32 pktSize=32 rx=0 unique=0 lost=20 per=100.0 rssi_avg=0 rssi_min=0 crc_err=0 garbage=0 tx_lat=0.00000 tx_lon=0.00000 sats=0 fix=0 utc=0 tx_fw=none rx_fw=unknown
PHASE_GUARD 500
LORA_CFG path=1 bw=0x0F sf=7
PHASE_START 1 HF-LoRa-SF7-64 pktSize=64
2026-07-26T15:27:34.854294+00:00 PHASE_RESULT 1 HF-LoRa-SF7-64 pktSize=64 rx=0 unique=0 lost=20 per=100.0 rssi_avg=0 rssi_min=0 crc_err=0 garbage=0 tx_lat=0.00000 tx_lon=0.00000 sats=0 fix=0 utc=0 tx_fw=none rx_fw=unknown
PHASE_GUARD 500
LORA_CFG path=1 bw=0x0F sf=7
PHASE_START 2 HF-LoRa-SF7-128 pktSize=128
2026-07-26T15:27:35.867185+00:00 TIME_SYNCED utc=1785079654 offset=1785062472
2026-07-26T15:27:36.879085+00:00 PHASE_RESULT 2 HF-LoRa-SF7-128 pktSize=128 rx=0 unique=0 lost=20 per=100.0 rssi_avg=0 rssi_min=0 crc_err=0 garbage=0 tx_lat=0.00000 tx_lon=0.00000 sats=0 fix=0 utc=0 tx_fw=none rx_fw=unknown
PHASE_GUARD 500
LORA_CFG path=1 bw=0x0F sf=7
PHASE_START 3 HF-LoRa-SF7-255 pktSize=255
2026-07-26T15:27:38.941364+00:00 PHASE_RESULT 3 HF-LoRa-SF7-255 pktSize=255 rx=0 unique=0 lost=20 per=100.0 rssi_avg=0 rssi_min=0 crc_err=0 garbage=0 tx_lat=0.00000 tx_lon=0.00000 sats=0 fix=0 utc=0 tx_fw=none rx_fw=unknown
PHASE_GUARD 500
2026-07-26T15:27:39.952842+00:00 LORA_CFG path=1 bw=0x0F sf=9
PHASE_START 4 HF-LoRa-SF9-32 pktSize=32
TIME_SYNCED utc=1785079659 offset=1785062472
2026-07-26T15:27:40.964696+00:00 PHASE_RESULT 4 HF-LoRa-SF9-32 pktSize=32 rx=0 unique=0 lost=20 per=100.0 rssi_avg=0 rssi_min=0 crc_err=0 garbage=0 tx_lat=0.00000 tx_lon=0.00000 sats=0 fix=0 utc=0 tx_fw=none rx_fw=unknown
PHASE_GUARD 500
2026-07-26T15:27:41.976575+00:00 LORA_CFG path=1 bw=0x0F sf=9
PHASE_START 5 HF-LoRa-SF9-64 pktSize=64
2026-07-26T15:27:44.038673+00:00 PHASE_RESULT 5 HF-LoRa-SF9-64 pktSize=64 rx=0 unique=0 lost=20 per=100.0 rssi_avg=0 rssi_min=0 crc_err=0 garbage=0 tx_lat=0.00000 tx_lon=0.00000 sats=0 fix=0 utc=0 tx_fw=none rx_fw=unknown
PHASE_GUARD 500
LORA_CFG path=1 bw=0x0F sf=9
2026-07-26T15:27:45.042219+00:00 PHASE_START 6 HF-LoRa-SF9-128 pktSize=128
2026-07-26T15:27:46.054227+00:00 TIME_SYNCED utc=1785079665 offset=1785062472
2026-07-26T15:27:48.116874+00:00 PHASE_RESULT 6 HF-LoRa-SF9-128 pktSize=128 rx=0 unique=0 lost=13 per=100.0 rssi_avg=0 rssi_min=0 crc_err=0 garbage=0 tx_lat=0.00000 tx_lon=0.00000 sats=0 fix=0 utc=0 tx_fw=none rx_fw=unknown
PHASE_GUARD 500
LORA_CFG path=1 bw=0x0F sf=9
PHASE_START 7 HF-LoRa-SF9-255 pktSize=255
2026-07-26T15:27:50.179085+00:00 TIME_SYNCED utc=1785079669 offset=1785062472
2026-07-26T15:27:51.190774+00:00 PHASE_RESULT 7 HF-LoRa-SF9-255 pktSize=255 rx=0 unique=0 lost=6 per=100.0 rssi_avg=0 rssi_min=0 crc_err=0 garbage=0 tx_lat=0.00000 tx_lon=0.00000 sats=0 fix=0 utc=0 tx_fw=none rx_fw=unknown
PHASE_GUARD 500
LORA_CFG path=1 bw=0x0F sf=12
PHASE_START 8 HF-LoRa-SF12-32 pktSize=32
2026-07-26T15:27:54.303682+00:00 PHASE_RESULT 8 HF-LoRa-SF12-32 pktSize=32 rx=0 unique=0 lost=2 per=100.0 rssi_avg=0 rssi_min=0 crc_err=0 garbage=0 tx_lat=0.00000 tx_lon=0.00000 sats=0 fix=0 utc=0 tx_fw=none rx_fw=unknown
PHASE_GUARD 500
LORA_CFG path=1 bw=0x0F sf=12
PHASE_START 9 HF-LoRa-SF12-64 pktSize=64
2026-07-26T15:27:56.360993+00:00 TIME_SYNCED utc=1785079675 offset=1785062472
2026-07-26T15:27:57.372243+00:00 PHASE_RESULT 9 HF-LoRa-SF12-64 pktSize=64 rx=0 unique=0 lost=1 per=100.0 rssi_avg=0 rssi_min=0 crc_err=0 garbage=0 tx_lat=0.00000 tx_lon=0.00000 sats=0 fix=0 utc=0 tx_fw=none rx_fw=unknown
PHASE_GUARD 500
LORA_CFG path=1 bw=0x0F sf=12
PHASE_START 10 HF-LoRa-SF12-128 pktSize=128
2026-07-26T15:28:00.486364+00:00 TIME_SYNCED utc=1785079679 offset=1785062472
2026-07-26T15:28:02.549067+00:00 PHASE_RESULT 10 HF-LoRa-SF12-128 pktSize=128 rx=0 unique=0 lost=1 per=100.0 rssi_avg=0 rssi_min=0 crc_err=0 garbage=0 tx_lat=0.00000 tx_lon=0.00000 sats=0 fix=0 utc=0 tx_fw=none rx_fw=unknown
PHASE_GUARD 500
LORA_CFG path=1 bw=0x0F sf=12
PHASE_START 11 HF-LoRa-SF12-255 pktSize=255
2026-07-26T15:28:06.712032+00:00 TIME_SYNCED utc=1785079685 offset=1785062472
2026-07-26T15:28:09.827793+00:00 TIME_SYNCED utc=1785079689 offset=1785062472
2026-07-26T15:28:12.945528+00:00 PHASE_RESULT 11 HF-LoRa-SF12-255 pktSize=255 rx=0 unique=0 lost=1 per=100.0 rssi_avg=0 rssi_min=0 crc_err=0 garbage=0 tx_lat=0.00000 tx_lon=0.00000 sats=0 fix=0 utc=0 tx_fw=none rx_fw=unknown
PHASE_GUARD 500
PHASE_START 12 HF-FLRC-2600-32 pktSize=32
SYNC_NOT_FOUND first4=3B473172
SYNC_NOT_FOUND first4=A4F6C431
SYNC_NOT_FOUND first4=7AA67997
SYNC_NOT_FOUND first4=4998AEAC
2026-07-26T15:28:13.956323+00:00 SYNC_NOT_FOUND first4=3A021F3C
SYNC_NOT_FOUND first4=E0E1D6B2
SYNC_NOT_FOUND first4=6F13AB69
SYNC_NOT_FOUND first4=4A735281
PHASE_RESULT 12 HF-FLRC-2600-32 pktSize=32 rx=0 unique=0 lost=100 per=100.0 rssi_avg=0 rssi_min=0 crc_err=0 garbage=8 tx_lat=0.00000 tx_lon=0.00000 sats=0 fix=0 utc=0 tx_fw=none rx_fw=unknown
PHASE_GUARD 500
2026-07-26T15:28:14.967352+00:00 PHASE_START 13 HF-FLRC-2600-64 pktSize=64
SYNC_NOT_FOUND first4=5BBAC467
SYNC_NOT_FOUND first4=A429CA66
SYNC_NOT_FOUND first4=F7CDE3D3
SYNC_NOT_FOUND first4=0A456389
SYNC_NOT_FOUND first4=DE5C6B7F
SYNC_NOT_FOUND first4=BB700953
SYNC_NOT_FOUND first4=7C98E339
SYNC_NOT_FOUND first4=223ACF9D
SYNC_NOT_FOUND first4=F6C586BE
2026-07-26T15:28:15.982182+00:00 SYNC_NOT_FOUND first4=79792607
SYNC_NOT_FOUND first4=7DB510A1
SYNC_NOT_FOUND first4=06851B55
SYNC_NOT_FOUND first4=77E532F4
SYNC_NOT_FOUND first4=93457F75
SYNC_NOT_FOUND first4=90F2C3B7
SYNC_NOT_FOUND first4=9E3F4382
SYNC_NOT_FOUND first4=856633EC
PHASE_RESULT 13 HF-FLRC-2600-64 pktSize=64 rx=0 unique=0 lost=100 per=100.0 rssi_avg=0 rssi_min=0 crc_err=0 garbage=17 tx_lat=0.00000 tx_lon=0.00000 sats=0 fix=0 utc=0 tx_fw=none rx_fw=unknown
PHASE_GUARD 500
2026-07-26T15:28:16.991360+00:00 PHASE_START 14 HF-FLRC-2600-128 pktSize=128
TIME_SYNCED utc=1785079695 offset=1785062471
PHASE_RESULT 14 HF-FLRC-2600-128 pktSize=128 rx=0 unique=0 lost=100 per=100.0 rssi_avg=0 rssi_min=0 crc_err=0 garbage=0 tx_lat=0.00000 tx_lon=0.00000 sats=0 fix=0 utc=0 tx_fw=none rx_fw=unknown
PHASE_GUARD 500
PHASE_START 13 HF-FLRC-2600-64 pktSize=64
SYNC_NOT_FOUND first4=DD4F66B8
SYNC_NOT_FOUND first4=96E73168
PHASE_RESULT 13 HF-FLRC-2600-64 pktSize=64 rx=0 unique=0 lost=100 per=100.0 rssi_avg=0 rssi_min=0 crc_err=0 garbage=2 tx_lat=0.00000 tx_lon=0.00000 sats=0 fix=0 utc=0 tx_fw=none rx_fw=unknown
PHASE_GUARD 500
2026-07-26T15:28:18.002429+00:00 PHASE_START 14 HF-FLRC-2600-128 pktSize=128
SYNC_NOT_FOUND first4=1EE8F082
SYNC_NOT_FOUND first4=692E4901
SYNC_NOT_FOUND first4=88B01895
SYNC_NOT_FOUND first4=A2545D0D
SYNC_NOT_FOUND first4=336F8BC0
SYNC_NOT_FOUND first4=4F6AFD41
SYNC_NOT_FOUND first4=63113510
SYNC_NOT_FOUND first4=19512122
SYNC_NOT_FOUND first4=BD7F904C
SYNC_NOT_FOUND first4=5F27BB95
2026-07-26T15:28:19.008428+00:00 SYNC_NOT_FOUND first4=70D9DD39
SYNC_NOT_FOUND first4=A751151A
PHASE_RESULT 14 HF-FLRC-2600-128 pktSize=128 rx=0 unique=0 lost=100 per=100.0 rssi_avg=0 rssi_min=0 crc_err=0 garbage=12 tx_lat=0.00000 tx_lon=0.00000 sats=0 fix=0 utc=0 tx_fw=none rx_fw=unknown
PHASE_GUARD 500
2026-07-26T15:28:20.019531+00:00 PHASE_START 15 HF-FLRC-2600-255 pktSize=255
SYNC_NOT_FOUND first4=43C117C6
SYNC_NOT_FOUND first4=8CB9C43F
TIME_SYNCED utc=1785079699 offset=1785062472
PHASE_RESULT 15 HF-FLRC-2600-255 pktSize=255 rx=0 unique=0 lost=100 per=100.0 rssi_avg=0 rssi_min=0 crc_err=0 garbage=2 tx_lat=0.00000 tx_lon=0.00000 sats=0 fix=0 utc=0 tx_fw=none rx_fw=unknown
PHASE_GUARD 500
2026-07-26T15:28:21.030465+00:00 PHASE_START 16 HF-FLRC-1300-32 pktSize=32
SYNC_NOT_FOUND first4=10E56200
SYNC_NOT_FOUND first4=27CB0E86
SYNC_NOT_FOUND first4=4FAB951E
SYNC_NOT_FOUND first4=C461B95A
SYNC_NOT_FOUND first4=C35794DB
2026-07-26T15:28:22.040986+00:00 SYNC_NOT_FOUND first4=AB9BA65B
SYNC_NOT_FOUND first4=ECB9B56D
SYNC_NOT_FOUND first4=AD82B476
SYNC_NOT_FOUND first4=EBE1C84D
PHASE_RESULT 16 HF-FLRC-1300-32 pktSize=32 rx=0 unique=0 lost=100 per=100.0 rssi_avg=0 rssi_min=0 crc_err=0 garbage=9 tx_lat=0.00000 tx_lon=0.00000 sats=0 fix=0 utc=0 tx_fw=none rx_fw=unknown
PHASE_GUARD 500
2026-07-26T15:28:23.051916+00:00 PHASE_START 17 HF-FLRC-1300-64 pktSize=64
SYNC_NOT_FOUND first4=AE425A5B
2026-07-26T15:28:24.055177+00:00 SYNC_NOT_FOUND first4=8CEB07DA
SYNC_NOT_FOUND first4=8FE95F1D
SYNC_NOT_FOUND first4=C1CC2540
SYNC_NOT_FOUND first4=3BECDC92
PHASE_RESULT 17 HF-FLRC-1300-64 pktSize=64 rx=0 unique=0 lost=100 per=100.0 rssi_avg=0 rssi_min=0 crc_err=0 garbage=5 tx_lat=0.00000 tx_lon=0.00000 sats=0 fix=0 utc=0 tx_fw=none rx_fw=unknown
PHASE_GUARD 500
PHASE_START 18 HF-FLRC-1300-128 pktSize=128
2026-07-26T15:28:25.066680+00:00 SYNC_NOT_FOUND first4=6F172E72
SYNC_NOT_FOUND first4=E1BC1953
SYNC_NOT_FOUND first4=AB2E3197
SYNC_NOT_FOUND first4=F69C22FD
SYNC_NOT_FOUND first4=269B8D31
2026-07-26T15:28:26.069985+00:00 SYNC_NOT_FOUND first4=85DC52BD
SYNC_NOT_FOUND first4=C7F38CF8
PHASE_RESULT 18 HF-FLRC-1300-128 pktSize=128 rx=0 unique=0 lost=100 per=100.0 rssi_avg=0 rssi_min=0 crc_err=0 garbage=7 tx_lat=0.00000 tx_lon=0.00000 sats=0 fix=0 utc=0 tx_fw=none rx_fw=unknown
PHASE_GUARD 500
PHASE_START 19 HF-FLRC-1300-255 pktSize=255
2026-07-26T15:28:27.080802+00:00 TIME_SYNCED utc=1785079706 offset=1785062472
SYNC_NOT_FOUND first4=0FDF49DA
SYNC_NOT_FOUND first4=FAA6C964
SYNC_NOT_FOUND first4=A581128A
SYNC_NOT_FOUND first4=15F29D4F
2026-07-26T15:28:28.091836+00:00 SYNC_NOT_FOUND first4=69E781C2
SYNC_NOT_FOUND first4=F3DA91E4
PHASE_RESULT 19 HF-FLRC-1300-255 pktSize=255 rx=0 unique=0 lost=100 per=100.0 rssi_avg=0 rssi_min=0 crc_err=0 garbage=6 tx_lat=0.00000 tx_lon=0.00000 sats=0 fix=0 utc=0 tx_fw=none rx_fw=unknown
PHASE_GUARD 500
PHASE_START 20 HF-FLRC-650-32 pktSize=32
SYNC_NOT_FOUND first4=5E9A17B0
2026-07-26T15:28:29.104515+00:00 SYNC_NOT_FOUND first4=9314C9F9
SYNC_NOT_FOUND first4=52E4E270
SYNC_NOT_FOUND first4=324443ED
SYNC_NOT_FOUND first4=E5AE6D03
SYNC_NOT_FOUND first4=5D365381
SYNC_NOT_FOUND first4=B0AB6A55
SYNC_NOT_FOUND first4=4E8C2C65
SYNC_NOT_FOUND first4=9B09A3D4
SYNC_NOT_FOUND first4=DA1A1565
SYNC_NOT_FOUND first4=084D008E
SYNC_NOT_FOUND first4=BC36BE8E
SYNC_NOT_FOUND first4=9506CBDA
SYNC_NOT_FOUND first4=908E8B6F
2026-07-26T15:28:30.115530+00:00 SYNC_NOT_FOUND first4=E7E40288
SYNC_NOT_FOUND first4=14BA3EB8
SYNC_NOT_FOUND first4=E1DCD6DD
SYNC_NOT_FOUND first4=C1FABCDD
SYNC_NOT_FOUND first4=06EAFC07
SYNC_NOT_FOUND first4=8520F487
SYNC_NOT_FOUND first4=B1081C9E
SYNC_NOT_FOUND first4=63C7AB43
SYNC_NOT_FOUND first4=D2A72280
SYNC_NOT_FOUND first4=018AF83D
SYNC_NOT_FOUND first4=7708852A
SYNC_NOT_FOUND first4=EDC6AA16
SYNC_NOT_FOUND first4=59043CF9
SYNC_NOT_FOUND first4=5A84662E
SYNC_NOT_FOUND first4=019AC090
TIME_SYNCED utc=1785079709 offset=1785062472
SYNC_NOT_FOUND first4=0EFB93DA
PHASE_RESULT 20 HF-FLRC-650-32 pktSize=32 rx=0 unique=0 lost=100 per=100.0 rssi_avg=0 rssi_min=0 crc_err=0 garbage=30 tx_lat=0.00000 tx_lon=0.00000 sats=0 fix=0 utc=0 tx_fw=none rx_fw=unknown
PHASE_GUARD 500
PHASE_START 21 HF-FLRC-650-64 pktSize=64
2026-07-26T15:28:31.119355+00:00 SYNC_NOT_FOUND first4=C93EE660
SYNC_NOT_FOUND first4=D7F3E7F6
SYNC_NOT_FOUND first4=6BA236D4
SYNC_NOT_FOUND first4=F5C29A3F
SYNC_NOT_FOUND first4=B720AD87
SYNC_NOT_FOUND first4=60C29645
SYNC_NOT_FOUND first4=44FAAAF1
SYNC_NOT_FOUND first4=2A0D243A
SYNC_NOT_FOUND first4=F4A1C285
SYNC_NOT_FOUND first4=A9B16506
SYNC_NOT_FOUND first4=366DAC4E
SYNC_NOT_FOUND first4=E199A80C
SYNC_NOT_FOUND first4=0E003F60
SYNC_NOT_FOUND first4=7FD63B14
SYNC_NOT_FOUND first4=FCCA5C6B
SYNC_NOT_FOUND first4=B35C2B2B
SYNC_NOT_FOUND first4=29DE32B7
SYNC_NOT_FOUND first4=D9C52711
SYNC_NOT_FOUND first4=8B4FD95F
SYNC_NOT_FOUND first4=6FADBEFD
2026-07-26T15:28:32.137351+00:00 SYNC_NOT_FOUND first4=B620E8C2
SYNC_NOT_FOUND first4=BF42C43C
SYNC_NOT_FOUND first4=9637FEDA
SYNC_NOT_FOUND first4=F548A0AE
SYNC_NOT_FOUND first4=07DF3F9F
SYNC_NOT_FOUND first4=9ED4215A
SYNC_NOT_FOUND first4=F6E16C29
SYNC_NOT_FOUND first4=DE297817
SYNC_NOT_FOUND first4=9914C0C1
SYNC_NOT_FOUND first4=4734F4BB
PHASE_RESULT 21 HF-FLRC-650-64 pktSize=64 rx=0 unique=0 lost=100 per=100.0 rssi_avg=0 rssi_min=0 crc_err=0 garbage=30 tx_lat=0.00000 tx_lon=0.00000 sats=0 fix=0 utc=0 tx_fw=none rx_fw=unknown
PHASE_GUARD 500
PHASE_START 22 HF-FLRC-650-128 pktSize=128
SYNC_NOT_FOUND first4=27B6C753
2026-07-26T15:28:33.148439+00:00 SYNC_NOT_FOUND first4=FB431AAC
SYNC_NOT_FOUND first4=28872036
SYNC_NOT_FOUND first4=A455233D
SYNC_NOT_FOUND first4=102BD130
SYNC_NOT_FOUND first4=2E37AC61
SYNC_NOT_FOUND first4=226F0D34
SYNC_NOT_FOUND first4=72172A4C
SYNC_NOT_FOUND first4=16CC3FC5
SYNC_NOT_FOUND first4=223B3EDE
SYNC_NOT_FOUND first4=DB3BB60B
SYNC_NOT_FOUND first4=6961F529
SYNC_NOT_FOUND first4=65FC8248
SYNC_NOT_FOUND first4=ED39CE3B
SYNC_NOT_FOUND first4=6251386B
SYNC_NOT_FOUND first4=FEBE791E
SYNC_NOT_FOUND first4=14F0B07F
SYNC_NOT_FOUND first4=99C97C2B
SYNC_NOT_FOUND first4=353260A1
SYNC_NOT_FOUND first4=98278DE8
SYNC_NOT_FOUND first4=31EF1872
2026-07-26T15:28:34.159046+00:00 SYNC_NOT_FOUND first4=C10371D8
SYNC_NOT_FOUND first4=91895671
SYNC_NOT_FOUND first4=236A98DF
SYNC_NOT_FOUND first4=CBEA92F6
SYNC_NOT_FOUND first4=C5DFC115
SYNC_NOT_FOUND first4=09875915
SYNC_NOT_FOUND first4=BA044E51
SYNC_NOT_FOUND first4=BBE38B95
SYNC_NOT_FOUND first4=C8E29573
SYNC_NOT_FOUND first4=EC79CB73
PHASE_RESULT 22 HF-FLRC-650-128 pktSize=128 rx=0 unique=0 lost=100 per=100.0 rssi_avg=0 rssi_min=0 crc_err=0 garbage=31 tx_lat=0.00000 tx_lon=0.00000 sats=0 fix=0 utc=0 tx_fw=none rx_fw=unknown
PHASE_GUARD 500
PHASE_START 23 HF-FLRC-650-255 pktSize=255
2026-07-26T15:28:35.174240+00:00 SYNC_NOT_FOUND first4=9A03C782
SYNC_NOT_FOUND first4=09D2C581
SYNC_NOT_FOUND first4=8ECD4CB3
SYNC_NOT_FOUND first4=CEE68F64
SYNC_NOT_FOUND first4=28708DCA
SYNC_NOT_FOUND first4=A9F41279
SYNC_NOT_FOUND first4=5D65E923
SYNC_NOT_FOUND first4=0576F93E
SYNC_NOT_FOUND first4=2C78A1A8
SYNC_NOT_FOUND first4=E949A249
SYNC_NOT_FOUND first4=53F8A443
2026-07-26T15:28:36.187131+00:00 SYNC_NOT_FOUND first4=84B4051A
SYNC_NOT_FOUND first4=4A7FE87B
SYNC_NOT_FOUND first4=6CB87059
SYNC_NOT_FOUND first4=46EC348D
SYNC_NOT_FOUND first4=5622A514
SYNC_NOT_FOUND first4=9EF3407E
SYNC_NOT_FOUND first4=EBAEA33F
SYNC_NOT_FOUND first4=4232C086
SYNC_NOT_FOUND first4=52114D8E
PHASE_RESULT 23 HF-FLRC-650-255 pktSize=255 rx=0 unique=0 lost=100 per=100.0 rssi_avg=0 rssi_min=0 crc_err=0 garbage=20 tx_lat=0.00000 tx_lon=0.00000 sats=0 fix=0 utc=0 tx_fw=none rx_fw=unknown
PHASE_GUARD 500
PHASE_START 24 HF-FLRC-325-32 pktSize=32
2026-07-26T15:28:37.202857+00:00 TIME_SYNCED utc=1785079716 offset=1785062472
SYNC_NOT_FOUND first4=91F9706A
SYNC_NOT_FOUND first4=2FE9B9D7
SYNC_NOT_FOUND first4=F8C5057D
2026-07-26T15:28:38.214076+00:00 SYNC_NOT_FOUND first4=12CAA352
SYNC_NOT_FOUND first4=A1524BE7
SYNC_NOT_FOUND first4=1205517B
PHASE_RESULT 24 HF-FLRC-325-32 pktSize=32 rx=0 unique=0 lost=100 per=100.0 rssi_avg=0 rssi_min=0 crc_err=0 garbage=6 tx_lat=0.00000 tx_lon=0.00000 sats=0 fix=0 utc=0 tx_fw=none rx_fw=unknown
PHASE_GUARD 500
PHASE_START 25 HF-FLRC-325-64 pktSize=64
SYNC_NOT_FOUND first4=21728270
SYNC_NOT_FOUND first4=80C9D4EA
2026-07-26T15:28:39.225291+00:00 SYNC_NOT_FOUND first4=23815C8B
2026-07-26T15:28:40.236548+00:00 TIME_SYNCED utc=1785079719 offset=1785062472
PHASE_RESULT 25 HF-FLRC-325-64 pktSize=64 rx=0 unique=0 lost=100 per=100.0 rssi_avg=0 rssi_min=0 crc_err=0 garbage=3 tx_lat=0.00000 tx_lon=0.00000 sats=0 fix=0 utc=0 tx_fw=none rx_fw=unknown
PHASE_GUARD 500
PHASE_START 26 HF-FLRC-325-128 pktSize=128
2026-07-26T15:28:41.247884+00:00 SYNC_NOT_FOUND first4=22157647
SYNC_NOT_FOUND first4=87619FC0
SYNC_NOT_FOUND first4=F0C4E661
SYNC_NOT_FOUND first4=C04779BC
2026-07-26T15:28:42.258997+00:00 SYNC_NOT_FOUND first4=352451CB
PHASE_RESULT 26 HF-FLRC-325-128 pktSize=128 rx=0 unique=0 lost=100 per=100.0 rssi_avg=0 rssi_min=0 crc_err=0 garbage=5 tx_lat=0.00000 tx_lon=0.00000 sats=0 fix=0 utc=0 tx_fw=none rx_fw=unknown
PHASE_GUARD 500
PHASE_START 27 HF-FLRC-325-255 pktSize=255
2026-07-26T15:28:43.262795+00:00 SYNC_NOT_FOUND first4=534B1D70
SYNC_NOT_FOUND first4=E98EA66E
SYNC_NOT_FOUND first4=7C3769B0
SYNC_NOT_FOUND first4=DD646254
2026-07-26T15:28:44.266584+00:00 SYNC_NOT_FOUND first4=0131D677
PHASE_RESULT 27 HF-FLRC-325-255 pktSize=255 rx=0 unique=0 lost=100 per=100.0 rssi_avg=0 rssi_min=0 crc_err=0 garbage=5 tx_lat=0.00000 tx_lon=0.00000 sats=0 fix=0 utc=0 tx_fw=none rx_fw=unknown
PHASE_GUARD 500
LORA_CFG path=0 bw=0x05 sf=7
PHASE_START 28 LF-LoRa-SF7-32 pktSize=32
2026-07-26T15:28:46.329050+00:00 PHASE_RESULT 28 LF-LoRa-SF7-32 pktSize=32 rx=0 unique=0 lost=20 per=100.0 rssi_avg=0 rssi_min=0 crc_err=0 garbage=0 tx_lat=0.00000 tx_lon=0.00000 sats=0 fix=0 utc=0 tx_fw=none rx_fw=unknown
PHASE_GUARD 500
LORA_CFG path=0 bw=0x05 sf=7
PHASE_START 29 LF-LoRa-SF7-64 pktSize=64
2026-07-26T15:28:47.346182+00:00 TIME_SYNCED utc=1785079726 offset=1785062472
2026-07-26T15:28:49.408991+00:00 PHASE_RESULT 29 LF-LoRa-SF7-64 pktSize=64 rx=0 unique=0 lost=20 per=100.0 rssi_avg=0 rssi_min=0 crc_err=0 garbage=0 tx_lat=0.00000 tx_lon=0.00000 sats=0 fix=0 utc=0 tx_fw=none rx_fw=unknown
PHASE_GUARD 500
LORA_CFG path=0 bw=0x05 sf=7
PHASE_START 30 LF-LoRa-SF7-128 pktSize=128
2026-07-26T15:28:50.420118+00:00 TIME_SYNCED utc=1785079729 offset=1785062472
2026-07-26T15:28:53.536106+00:00 PHASE_RESULT 30 LF-LoRa-SF7-128 pktSize=128 rx=0 unique=0 lost=13 per=100.0 rssi_avg=0 rssi_min=0 crc_err=0 garbage=0 tx_lat=0.00000 tx_lon=0.00000 sats=0 fix=0 utc=0 tx_fw=none rx_fw=unknown
PHASE_GUARD 500
LORA_CFG path=0 bw=0x05 sf=7
PHASE_START 31 LF-LoRa-SF7-255 pktSize=255
2026-07-26T15:28:57.701201+00:00 TIME_SYNCED utc=1785079736 offset=1785062472
PHASE_RESULT 31 LF-LoRa-SF7-255 pktSize=255 rx=0 unique=0 lost=7 per=100.0 rssi_avg=0 rssi_min=0 crc_err=0 garbage=0 tx_lat=0.00000 tx_lon=0.00000 sats=0 fix=0 utc=0 tx_fw=none rx_fw=unknown
PHASE_GUARD 500
LORA_CFG path=0 bw=0x05 sf=9
PHASE_START 32 LF-LoRa-SF9-32 pktSize=32
2026-07-26T15:29:00.814289+00:00 TIME_SYNCED utc=1785079739 offset=1785062472
2026-07-26T15:29:01.826203+00:00 PHASE_RESULT 32 LF-LoRa-SF9-32 pktSize=32 rx=0 unique=0 lost=7 per=100.0 rssi_avg=0 rssi_min=0 crc_err=0 garbage=0 tx_lat=0.00000 tx_lon=0.00000 sats=0 fix=0 utc=0 tx_fw=none rx_fw=unknown
PHASE_GUARD 500
LORA_CFG path=0 bw=0x05 sf=9
PHASE_START 33 LF-LoRa-SF9-64 pktSize=64
2026-07-26T15:29:04.933009+00:00 PHASE_RESULT 33 LF-LoRa-SF9-64 pktSize=64 rx=0 unique=0 lost=3 per=100.0 rssi_avg=0 rssi_min=0 crc_err=0 garbage=0 tx_lat=0.00000 tx_lon=0.00000 sats=0 fix=0 utc=0 tx_fw=none rx_fw=unknown
PHASE_GUARD 500
LORA_CFG path=0 bw=0x05 sf=9
PHASE_START 34 LF-LoRa-SF9-128 pktSize=128
2026-07-26T15:29:05.944138+00:00 PHASE_RESULT 34 LF-LoRa-SF9-128 pktSize=128 rx=0 unique=0 lost=1 per=100.0 rssi_avg=0 rssi_min=0 crc_err=0 garbage=0 tx_lat=0.00000 tx_lon=0.00000 sats=0 fix=0 utc=0 tx_fw=none rx_fw=unknown
PHASE_GUARD 500
2026-07-26T15:29:06.948227+00:00 LORA_CFG path=0 bw=0x05 sf=9
PHASE_START 35 LF-LoRa-SF9-255 pktSize=255
2026-07-26T15:29:07.960607+00:00 TIME_SYNCED utc=1785079746 offset=1785062471
2026-07-26T15:29:10.022682+00:00 TIME_SYNCED utc=1785079749 offset=1785062471
2026-07-26T15:29:11.033488+00:00 PHASE_RESULT 35 LF-LoRa-SF9-255 pktSize=255 rx=0 unique=0 lost=1 per=100.0 rssi_avg=0 rssi_min=0 crc_err=0 garbage=0 tx_lat=0.00000 tx_lon=0.00000 sats=0 fix=0 utc=0 tx_fw=none rx_fw=unknown
PHASE_GUARD 500
LORA_CFG path=0 bw=0x05 sf=12
2026-07-26T15:29:12.045614+00:00 PHASE_START 36 LF-LoRa-SF12-32 pktSize=32
2026-07-26T15:29:18.314207+00:00 TIME_SYNCED utc=1785079757 offset=1785062472
2026-07-26T15:29:20.375817+00:00 TIME_SYNCED utc=1785079759 offset=1785062471
2026-07-26T15:29:26.642351+00:00 PHASE_RESULT 36 LF-LoRa-SF12-32 pktSize=32 rx=0 unique=0 lost=1 per=100.0 rssi_avg=0 rssi_min=0 crc_err=0 garbage=0 tx_lat=0.00000 tx_lon=0.00000 sats=0 fix=0 utc=0 tx_fw=none rx_fw=unknown
PHASE_GUARD 500
LORA_CFG path=0 bw=0x05 sf=12
PHASE_START 37 LF-LoRa-SF12-SKIP SKIP pktSize=64
2026-07-26T15:29:27.654063+00:00 PHASE_RESULT 37 LF-LoRa-SF12-SKIP pktSize=64 rx=0 unique=0 lost=0 per=0.0 rssi_avg=0 rssi_min=0 crc_err=0 garbage=0 tx_lat=0.00000 tx_lon=0.00000 sats=0 fix=0 utc=0 tx_fw=none rx_fw=unknown
PHASE_GUARD 500
LORA_CFG path=0 bw=0x05 sf=12
PHASE_START 38 LF-LoRa-SF12-SKIP SKIP pktSize=128
2026-07-26T15:29:28.666209+00:00 TIME_SYNCED utc=1785079767 offset=1785062472
PHASE_RESULT 38 LF-LoRa-SF12-SKIP pktSize=128 rx=0 unique=0 lost=0 per=0.0 rssi_avg=0 rssi_min=0 crc_err=0 garbage=0 tx_lat=0.00000 tx_lon=0.00000 sats=0 fix=0 utc=0 tx_fw=none rx_fw=unknown
PHASE_GUARD 500
LORA_CFG path=0 bw=0x05 sf=12
PHASE_START 39 LF-LoRa-SF12-SKIP SKIP pktSize=255
PHASE_RESULT 39 LF-LoRa-SF12-SKIP pktSize=255 rx=0 unique=0 lost=0 per=0.0 rssi_avg=0 rssi_min=0 crc_err=0 garbage=0 tx_lat=0.00000 tx_lon=0.00000 sats=0 fix=0 utc=0 tx_fw=none rx_fw=unknown
PHASE_GUARD 500
PHASE_START 40 LF-FLRC-2600-32 pktSize=32
2026-07-26T15:29:29.670224+00:00 SYNC_NOT_FOUND first4=2C5D054C
2026-07-26T15:29:30.681870+00:00 PHASE_RESULT 40 LF-FLRC-2600-32 pktSize=32 rx=0 unique=0 lost=100 per=100.0 rssi_avg=0 rssi_min=0 crc_err=0 garbage=1 tx_lat=0.00000 tx_lon=0.00000 sats=0 fix=0 utc=0 tx_fw=none rx_fw=unknown
PHASE_GUARD 500
PHASE_START 41 LF-FLRC-2600-64 pktSize=64
TIME_SYNCED utc=1785079769 offset=1785062471
PHASE_RESULT 41 LF-FLRC-2600-64 pktSize=64 rx=0 unique=0 lost=100 per=100.0 rssi_avg=0 rssi_min=0 crc_err=0 garbage=0 tx_lat=0.00000 tx_lon=0.00000 sats=0 fix=0 utc=0 tx_fw=none rx_fw=unknown
PHASE_GUARD 500
PHASE_START 40 LF-FLRC-2600-32 pktSize=32
2026-07-26T15:29:31.693286+00:00 PHASE_RESULT 40 LF-FLRC-2600-32 pktSize=32 rx=0 unique=0 lost=100 per=100.0 rssi_avg=0 rssi_min=0 crc_err=0 garbage=0 tx_lat=0.00000 tx_lon=0.00000 sats=0 fix=0 utc=0 tx_fw=none rx_fw=unknown
PHASE_GUARD 500
PHASE_START 41 LF-FLRC-2600-64 pktSize=64
SYNC_NOT_FOUND first4=0D2A0F42
2026-07-26T15:29:32.704196+00:00 SYNC_NOT_FOUND first4=9F3E2A2C
2026-07-26T15:29:33.715497+00:00 PHASE_RESULT 41 LF-FLRC-2600-64 pktSize=64 rx=0 unique=0 lost=100 per=100.0 rssi_avg=0 rssi_min=0 crc_err=0 garbage=2 tx_lat=0.00000 tx_lon=0.00000 sats=0 fix=0 utc=0 tx_fw=none rx_fw=unknown
PHASE_GUARD 500
PHASE_START 42 LF-FLRC-2600-128 pktSize=128
2026-07-26T15:29:35.778222+00:00 PHASE_RESULT 42 LF-FLRC-2600-128 pktSize=128 rx=0 unique=0 lost=100 per=100.0 rssi_avg=0 rssi_min=0 crc_err=0 garbage=0 tx_lat=0.00000 tx_lon=0.00000 sats=0 fix=0 utc=0 tx_fw=none rx_fw=unknown
PHASE_GUARD 500
PHASE_START 43 LF-FLRC-2600-255 pktSize=255
2026-07-26T15:29:36.789279+00:00 SYNC_NOT_FOUND first4=95D8FD70
2026-07-26T15:29:37.800606+00:00 PHASE_RESULT 43 LF-FLRC-2600-255 pktSize=255 rx=0 unique=0 lost=100 per=100.0 rssi_avg=0 rssi_min=0 crc_err=0 garbage=1 tx_lat=0.00000 tx_lon=0.00000 sats=0 fix=0 utc=0 tx_fw=none rx_fw=unknown
PHASE_GUARD 500
PHASE_START 44 LF-FLRC-1300-32 pktSize=32
2026-07-26T15:29:38.812160+00:00 TIME_SYNCED utc=1785079777 offset=1785062472
PHASE_RESULT 44 LF-FLRC-1300-32 pktSize=32 rx=0 unique=0 lost=100 per=100.0 rssi_avg=0 rssi_min=0 crc_err=0 garbage=0 tx_lat=0.00000 tx_lon=0.00000 sats=0 fix=0 utc=0 tx_fw=none rx_fw=unknown
PHASE_GUARD 500
PHASE_START 45 LF-FLRC-1300-64 pktSize=64
2026-07-26T15:29:40.874453+00:00 PHASE_RESULT 45 LF-FLRC-1300-64 pktSize=64 rx=0 unique=0 lost=100 per=100.0 rssi_avg=0 rssi_min=0 crc_err=0 garbage=0 tx_lat=0.00000 tx_lon=0.00000 sats=0 fix=0 utc=0 tx_fw=none rx_fw=unknown
PHASE_GUARD 500
PHASE_START 46 LF-FLRC-1300-128 pktSize=128
TIME_SYNCED utc=1785079779 offset=1785062471
PHASE_RESULT 46 LF-FLRC-1300-128 pktSize=128 rx=0 unique=0 lost=100 per=100.0 rssi_avg=0 rssi_min=0 crc_err=0 garbage=0 tx_lat=0.00000 tx_lon=0.00000 sats=0 fix=0 utc=0 tx_fw=none rx_fw=unknown
PHASE_GUARD 500
PHASE_START 45 LF-FLRC-1300-64 pktSize=64
2026-07-26T15:29:41.885550+00:00 PHASE_RESULT 45 LF-FLRC-1300-64 pktSize=64 rx=0 unique=0 lost=100 per=100.0 rssi_avg=0 rssi_min=0 crc_err=0 garbage=0 tx_lat=0.00000 tx_lon=0.00000 sats=0 fix=0 utc=0 tx_fw=none rx_fw=unknown
PHASE_GUARD 500
PHASE_START 46 LF-FLRC-1300-128 pktSize=128
SYNC_NOT_FOUND first4=28C33390
2026-07-26T15:29:42.896134+00:00 PHASE_RESULT 46 LF-FLRC-1300-128 pktSize=128 rx=0 unique=0 lost=100 per=100.0 rssi_avg=0 rssi_min=0 crc_err=0 garbage=1 tx_lat=0.00000 tx_lon=0.00000 sats=0 fix=0 utc=0 tx_fw=none rx_fw=unknown
2026-07-26T15:29:43.908658+00:00 PHASE_GUARD 500
PHASE_START 47 LF-FLRC-1300-255 pktSize=255
SYNC_NOT_FOUND first4=E28CA665
2026-07-26T15:29:44.919645+00:00 SYNC_NOT_FOUND first4=C3969D9D
PHASE_RESULT 47 LF-FLRC-1300-255 pktSize=255 rx=0 unique=0 lost=100 per=100.0 rssi_avg=0 rssi_min=0 crc_err=0 garbage=2 tx_lat=0.00000 tx_lon=0.00000 sats=0 fix=0 utc=0 tx_fw=none rx_fw=unknown
PHASE_GUARD 500
2026-07-26T15:29:45.931257+00:00 PHASE_START 48 LF-FLRC-650-32 pktSize=32
2026-07-26T15:29:46.934869+00:00 SYNC_NOT_FOUND first4=74FB2EF9
SYNC_NOT_FOUND first4=98F3573C
PHASE_RESULT 48 LF-FLRC-650-32 pktSize=32 rx=0 unique=0 lost=100 per=100.0 rssi_avg=0 rssi_min=0 crc_err=0 garbage=2 tx_lat=0.00000 tx_lon=0.00000 sats=0 fix=0 utc=0 tx_fw=none rx_fw=unknown
PHASE_GUARD 500
2026-07-26T15:29:47.947289+00:00 PHASE_START 49 LF-FLRC-650-64 pktSize=64
SYNC_NOT_FOUND first4=F5B70078
SYNC_NOT_FOUND first4=AB1C4AB9
2026-07-26T15:29:48.959362+00:00 TIME_SYNCED utc=1785079787 offset=1785062471
SYNC_NOT_FOUND first4=B6D9BDE0
SYNC_NOT_FOUND first4=0CF7BF29
SYNC_NOT_FOUND first4=8B783FE1
SYNC_NOT_FOUND first4=105C4F6F
PHASE_RESULT 49 LF-FLRC-650-64 pktSize=64 rx=0 unique=0 lost=100 per=100.0 rssi_avg=0 rssi_min=0 crc_err=0 garbage=6 tx_lat=0.00000 tx_lon=0.00000 sats=0 fix=0 utc=0 tx_fw=none rx_fw=unknown
PHASE_GUARD 500
2026-07-26T15:29:49.970284+00:00 PHASE_START 50 LF-FLRC-650-128 pktSize=128
SYNC_NOT_FOUND first4=DE86E651
SYNC_NOT_FOUND first4=A33EB0E2
SYNC_NOT_FOUND first4=D369E138
TIME_SYNCED utc=1785079789 offset=1785062471
2026-07-26T15:29:50.973958+00:00 PHASE_RESULT 50 LF-FLRC-650-128 pktSize=128 rx=0 unique=0 lost=100 per=100.0 rssi_avg=0 rssi_min=0 crc_err=0 garbage=3 tx_lat=0.00000 tx_lon=0.00000 sats=0 fix=0 utc=0 tx_fw=none rx_fw=unknown
PHASE_GUARD 500
2026-07-26T15:29:51.984355+00:00 PHASE_START 51 LF-FLRC-650-255 pktSize=255
SYNC_NOT_FOUND first4=577AAB42
2026-07-26T15:29:52.987885+00:00 SYNC_NOT_FOUND first4=D647D14E
SYNC_NOT_FOUND first4=2D16E0E0
SYNC_NOT_FOUND first4=EC77A6D6
PHASE_RESULT 51 LF-FLRC-650-255 pktSize=255 rx=0 unique=0 lost=100 per=100.0 rssi_avg=0 rssi_min=0 crc_err=0 garbage=4 tx_lat=0.00000 tx_lon=0.00000 sats=0 fix=0 utc=0 tx_fw=none rx_fw=unknown
PHASE_GUARD 500
2026-07-26T15:29:54.000496+00:00 PHASE_START 52 LF-FLRC-325-32 pktSize=32
2026-07-26T15:29:55.004140+00:00 PHASE_RESULT 52 LF-FLRC-325-32 pktSize=32 rx=0 unique=0 lost=100 per=100.0 rssi_avg=0 rssi_min=0 crc_err=0 garbage=0 tx_lat=0.00000 tx_lon=0.00000 sats=0 fix=0 utc=0 tx_fw=none rx_fw=unknown
PHASE_GUARD 500
2026-07-26T15:29:56.008356+00:00 PHASE_START 53 LF-FLRC-325-64 pktSize=64
2026-07-26T15:29:57.019819+00:00 PHASE_RESULT 53 LF-FLRC-325-64 pktSize=64 rx=0 unique=0 lost=100 per=100.0 rssi_avg=0 rssi_min=0 crc_err=0 garbage=0 tx_lat=0.00000 tx_lon=0.00000 sats=0 fix=0 utc=0 tx_fw=none rx_fw=unknown
PHASE_GUARD 500
2026-07-26T15:29:58.031204+00:00 PHASE_START 54 LF-FLRC-325-128 pktSize=128
2026-07-26T15:29:59.043519+00:00 TIME_SYNCED utc=1785079798 offset=1785062472
PHASE_RESULT 54 LF-FLRC-325-128 pktSize=128 rx=0 unique=0 lost=100 per=100.0 rssi_avg=0 rssi_min=0 crc_err=0 garbage=0 tx_lat=0.00000 tx_lon=0.00000 sats=0 fix=0 utc=0 tx_fw=none rx_fw=unknown
PHASE_GUARD 500
PHASE_START 55 LF-FLRC-325-255 pktSize=255
2026-07-26T15:30:00.054541+00:00 SYNC_NOT_FOUND first4=F5985435
PHASE_RESULT 55 LF-FLRC-325-255 pktSize=255 rx=0 unique=0 lost=100 per=100.0 rssi_avg=0 rssi_min=0 crc_err=0 garbage=1 tx_lat=0.00000 tx_lon=0.00000 sats=0 fix=0 utc=0 tx_fw=none rx_fw=unknown
PHASE_GUARD 500
LORA_CFG path=1 bw=0x0F sf=7
PHASE_START 0 HF-LoRa-SF7-32 pktSize=32
TIME_SYNCED utc=1785079799 offset=1785062471
PHASE_RESULT 0 HF-LoRa-SF7-32 pktSize=32 rx=0 unique=0 lost=20 per=100.0 rssi_avg=0 rssi_min=0 crc_err=0 garbage=0 tx_lat=0.00000 tx_lon=0.00000 sats=0 fix=0 utc=0 tx_fw=none rx_fw=unknown
PHASE_GUARD 500
2026-07-26T15:30:01.058258+00:00 PHASE_START 55 LF-FLRC-325-255 pktSize=255
PHASE_RESULT 55 LF-FLRC-325-255 pktSize=255 rx=0 unique=0 lost=100 per=100.0 rssi_avg=0 rssi_min=0 crc_err=0 garbage=0 tx_lat=0.00000 tx_lon=0.00000 sats=0 fix=0 utc=0 tx_fw=none rx_fw=unknown
PHASE_GUARD 500
LORA_CFG path=1 bw=0x0F sf=7
PHASE_START 0 HF-LoRa-SF7-32 pktSize=32
2026-07-26T15:30:03.127381+00:00 PHASE_RESULT 0 HF-LoRa-SF7-32 pktSize=32 rx=0 unique=0 lost=20 per=100.0 rssi_avg=0 rssi_min=0 crc_err=0 garbage=0 tx_lat=0.00000 tx_lon=0.00000 sats=0 fix=0 utc=0 tx_fw=none rx_fw=unknown
PHASE_GUARD 500
LORA_CFG path=1 bw=0x0F sf=7
PHASE_START 1 HF-LoRa-SF7-64 pktSize=64
2026-07-26T15:30:05.181522+00:00 PHASE_RESULT 1 HF-LoRa-SF7-64 pktSize=64 rx=0 unique=0 lost=20 per=100.0 rssi_avg=0 rssi_min=0 crc_err=0 garbage=0 tx_lat=0.00000 tx_lon=0.00000 sats=0 fix=0 utc=0 tx_fw=none rx_fw=unknown
PHASE_GUARD 500
LORA_CFG path=1 bw=0x0F sf=7
PHASE_START 2 HF-LoRa-SF7-128 pktSize=128
2026-07-26T15:30:07.235720+00:00 PHASE_RESULT 2 HF-LoRa-SF7-128 pktSize=128 rx=0 unique=0 lost=20 per=100.0 rssi_avg=0 rssi_min=0 crc_err=0 garbage=0 tx_lat=0.00000 tx_lon=0.00000 sats=0 fix=0 utc=0 tx_fw=none rx_fw=unknown
PHASE_GUARD 500
LORA_CFG path=1 bw=0x0F sf=7
PHASE_START 3 HF-LoRa-SF7-255 pktSize=255
2026-07-26T15:30:09.290958+00:00 TIME_SYNCED utc=1785079808 offset=1785062472
PHASE_RESULT 3 HF-LoRa-SF7-255 pktSize=255 rx=0 unique=0 lost=20 per=100.0 rssi_avg=0 rssi_min=0 crc_err=0 garbage=0 tx_lat=0.00000 tx_lon=0.00000 sats=0 fix=0 utc=0 tx_fw=none rx_fw=unknown
PHASE_GUARD 500
LORA_CFG path=1 bw=0x0F sf=9
PHASE_START 4 HF-LoRa-SF9-32 pktSize=32
2026-07-26T15:30:10.302178+00:00 TIME_SYNCED utc=1785079809 offset=1785062471
2026-07-26T15:30:12.356724+00:00 PHASE_RESULT 4 HF-LoRa-SF9-32 pktSize=32 rx=0 unique=0 lost=20 per=100.0 rssi_avg=0 rssi_min=0 crc_err=0 garbage=0 tx_lat=0.00000 tx_lon=0.00000 sats=0 fix=0 utc=0 tx_fw=none rx_fw=unknown
PHASE_GUARD 500
LORA_CFG path=1 bw=0x0F sf=9
PHASE_START 5 HF-LoRa-SF9-64 pktSize=64
2026-07-26T15:30:15.462021+00:00 PHASE_RESULT 5 HF-LoRa-SF9-64 pktSize=64 rx=0 unique=0 lost=20 per=100.0 rssi_avg=0 rssi_min=0 crc_err=0 garbage=0 tx_lat=0.00000 tx_lon=0.00000 sats=0 fix=0 utc=0 tx_fw=none rx_fw=unknown
PHASE_GUARD 500
LORA_CFG path=1 bw=0x0F sf=9
PHASE_START 6 HF-LoRa-SF9-128 pktSize=128
2026-07-26T15:30:19.619357+00:00 TIME_SYNCED utc=1785079818 offset=1785062472
PHASE_RESULT 6 HF-LoRa-SF9-128 pktSize=128 rx=0 unique=0 lost=13 per=100.0 rssi_avg=0 rssi_min=0 crc_err=0 garbage=0 tx_lat=0.00000 tx_lon=0.00000 sats=0 fix=0 utc=0 tx_fw=none rx_fw=unknown
PHASE_GUARD 500
LORA_CFG path=1 bw=0x0F sf=9
PHASE_START 7 HF-LoRa-SF9-255 pktSize=255
2026-07-26T15:30:20.631251+00:00 TIME_SYNCED utc=1785079820 offset=1785062472
2026-07-26T15:30:21.642353+00:00 PHASE_RESULT 7 HF-LoRa-SF9-255 pktSize=255 rx=0 unique=0 lost=6 per=100.0 rssi_avg=0 rssi_min=0 crc_err=0 garbage=0 tx_lat=0.00000 tx_lon=0.00000 sats=0 fix=0 utc=0 tx_fw=none rx_fw=unknown
PHASE_GUARD 500
LORA_CFG path=1 bw=0x0F sf=12
PHASE_START 8 HF-LoRa-SF12-32 pktSize=32
2026-07-26T15:30:24.756080+00:00 PHASE_RESULT 8 HF-LoRa-SF12-32 pktSize=32 rx=0 unique=0 lost=2 per=100.0 rssi_avg=0 rssi_min=0 crc_err=0 garbage=0 tx_lat=0.00000 tx_lon=0.00000 sats=0 fix=0 utc=0 tx_fw=none rx_fw=unknown
PHASE_GUARD 500
LORA_CFG path=1 bw=0x0F sf=12
PHASE_START 9 HF-LoRa-SF12-64 pktSize=64
2026-07-26T15:30:27.875217+00:00 PHASE_RESULT 9 HF-LoRa-SF12-64 pktSize=64 rx=0 unique=0 lost=1 per=100.0 rssi_avg=0 rssi_min=0 crc_err=0 garbage=0 tx_lat=0.00000 tx_lon=0.00000 sats=0 fix=0 utc=0 tx_fw=none rx_fw=unknown
PHASE_GUARD 500
LORA_CFG path=1 bw=0x0F sf=12
PHASE_START 10 HF-LoRa-SF12-128 pktSize=128
2026-07-26T15:30:29.935203+00:00 TIME_SYNCED utc=1785079828 offset=1785062471
2026-07-26T15:30:30.939211+00:00 TIME_SYNCED utc=1785079830 offset=1785062472
2026-07-26T15:30:31.942289+00:00 PHASE_RESULT 10 HF-LoRa-SF12-128 pktSize=128 rx=0 unique=0 lost=1 per=100.0 rssi_avg=0 rssi_min=0 crc_err=0 garbage=0 tx_lat=0.00000 tx_lon=0.00000 sats=0 fix=0 utc=0 tx_fw=none rx_fw=unknown
PHASE_GUARD 500
2026-07-26T15:30:32.946246+00:00 LORA_CFG path=1 bw=0x0F sf=12
PHASE_START 11 HF-LoRa-SF12-255 pktSize=255
2026-07-26T15:30:40.263681+00:00 TIME_SYNCED utc=1785079839 offset=1785062472
TIME_SYNCED utc=1785079840 offset=1785062472
2026-07-26T15:30:42.325601+00:00 PHASE_RESULT 11 HF-LoRa-SF12-255 pktSize=255 rx=0 unique=0 lost=1 per=100.0 rssi_avg=0 rssi_min=0 crc_err=0 garbage=0 tx_lat=0.00000 tx_lon=0.00000 sats=0 fix=0 utc=0 tx_fw=none rx_fw=unknown
PHASE_GUARD 500
PHASE_START 12 HF-FLRC-2600-32 pktSize=32
SYNC_NOT_FOUND first4=D5C9008E
SYNC_NOT_FOUND first4=305A40D4
SYNC_NOT_FOUND first4=29AE0D9E
2026-07-26T15:30:43.336211+00:00 SYNC_NOT_FOUND first4=D7E9A298
SYNC_NOT_FOUND first4=B5030A9C
SYNC_NOT_FOUND first4=AC16B9FE
SYNC_NOT_FOUND first4=B2BBFF37
2026-07-26T15:30:44.340091+00:00 PHASE_RESULT 12 HF-FLRC-2600-32 pktSize=32 rx=0 unique=0 lost=100 per=100.0 rssi_avg=0 rssi_min=0 crc_err=0 garbage=7 tx_lat=0.00000 tx_lon=0.00000 sats=0 fix=0 utc=0 tx_fw=none rx_fw=unknown
PHASE_GUARD 500
PHASE_START 13 HF-FLRC-2600-64 pktSize=64
SYNC_NOT_FOUND first4=F376389A
SYNC_NOT_FOUND first4=F740CEDE
SYNC_NOT_FOUND first4=3C371104
2026-07-26T15:30:45.353582+00:00 SYNC_NOT_FOUND first4=0580995F
SYNC_NOT_FOUND first4=30B7EE84
SYNC_NOT_FOUND first4=5E3A7463
2026-07-26T15:30:46.363493+00:00 SYNC_NOT_FOUND first4=763B7A3E
SYNC_NOT_FOUND first4=A4CA7AA2
PHASE_RESULT 13 HF-FLRC-2600-64 pktSize=64 rx=0 unique=0 lost=100 per=100.0 rssi_avg=0 rssi_min=0 crc_err=0 garbage=8 tx_lat=0.00000 tx_lon=0.00000 sats=0 fix=0 utc=0 tx_fw=none rx_fw=unknown
PHASE_GUARD 500
PHASE_START 14 HF-FLRC-2600-128 pktSize=128
SYNC_NOT_FOUND first4=6A74BBDC
2026-07-26T15:30:47.367911+00:00 SYNC_NOT_FOUND first4=256D3866
SYNC_NOT_FOUND first4=47A6F49D
SYNC_NOT_FOUND first4=42F11ED1
2026-07-26T15:30:48.378084+00:00 SYNC_NOT_FOUND first4=FA262C70
PHASE_RESULT 14 HF-FLRC-2600-128 pktSize=128 rx=0 unique=0 lost=100 per=100.0 rssi_avg=0 rssi_min=0 crc_err=0 garbage=5 tx_lat=0.00000 tx_lon=0.00000 sats=0 fix=0 utc=0 tx_fw=none rx_fw=unknown
PHASE_GUARD 500
PHASE_START 15 HF-FLRC-2600-255 pktSize=255
SYNC_NOT_FOUND first4=61E8A889
SYNC_NOT_FOUND first4=FB52E2B5
2026-07-26T15:30:49.381210+00:00 SYNC_NOT_FOUND first4=756E1608
SYNC_NOT_FOUND first4=2388B3A9
2026-07-26T15:30:50.384922+00:00 TIME_SYNCED utc=1785079849 offset=1785062472
SYNC_NOT_FOUND first4=0EBB086D
PHASE_RESULT 15 HF-FLRC-2600-255 pktSize=255 rx=0 unique=0 lost=100 per=100.0 rssi_avg=0 rssi_min=0 crc_err=0 garbage=5 tx_lat=0.00000 tx_lon=0.00000 sats=0 fix=0 utc=0 tx_fw=none rx_fw=unknown
PHASE_GUARD 500
PHASE_START 16 HF-FLRC-1300-32 pktSize=32
TIME_SYNCED utc=1785079850 offset=1785062472
SYNC_NOT_FOUND first4=EEA9A826
2026-07-26T15:30:51.397675+00:00 SYNC_NOT_FOUND first4=5EF7ADA6
SYNC_NOT_FOUND first4=D057D81F
SYNC_NOT_FOUND first4=EADF03E6
SYNC_NOT_FOUND first4=8109A092
SYNC_NOT_FOUND first4=490333C7
SYNC_NOT_FOUND first4=4F8949BF
2026-07-26T15:30:52.409888+00:00 SYNC_NOT_FOUND first4=32DA1D94
PHASE_RESULT 16 HF-FLRC-1300-32 pktSize=32 rx=0 unique=0 lost=100 per=100.0 rssi_avg=0 rssi_min=0 crc_err=0 garbage=8 tx_lat=0.00000 tx_lon=0.00000 sats=0 fix=0 utc=0 tx_fw=none rx_fw=unknown
PHASE_GUARD 500
PHASE_START 17 HF-FLRC-1300-64 pktSize=64
SYNC_NOT_FOUND first4=605F9487
2026-07-26T15:30:53.413922+00:00 SYNC_NOT_FOUND first4=01FB6748
SYNC_NOT_FOUND first4=03646E57
SYNC_NOT_FOUND first4=13EB69C7
SYNC_NOT_FOUND first4=0B021914
2026-07-26T15:30:54.446206+00:00 PHASE_RESULT 17 HF-FLRC-1300-64 pktSize=64 rx=0 unique=0 lost=100 per=100.0 rssi_avg=0 rssi_min=0 crc_err=0 garbage=5 tx_lat=0.00000 tx_lon=0.00000 sats=0 fix=0 utc=0 tx_fw=none rx_fw=unknown
PHASE_GUARD 500
PHASE_START 18 HF-FLRC-1300-128 pktSize=128
2026-07-26T15:30:55.452970+00:00 SYNC_NOT_FOUND first4=1ABC3E7F
SYNC_NOT_FOUND first4=12A6CBA0
2026-07-26T15:30:56.496108+00:00 SYNC_NOT_FOUND first4=55366E6D
PHASE_RESULT 18 HF-FLRC-1300-128 pktSize=128 rx=0 unique=0 lost=100 per=100.0 rssi_avg=0 rssi_min=0 crc_err=0 garbage=3 tx_lat=0.00000 tx_lon=0.00000 sats=0 fix=0 utc=0 tx_fw=none rx_fw=unknown
PHASE_GUARD 500
PHASE_START 19 HF-FLRC-1300-255 pktSize=255
SYNC_NOT_FOUND first4=F761663D
2026-07-26T15:30:57.517677+00:00 SYNC_NOT_FOUND first4=A8F340E9
SYNC_NOT_FOUND first4=5EC81A1E
SYNC_NOT_FOUND first4=99112468
SYNC_NOT_FOUND first4=C99F8940
SYNC_NOT_FOUND first4=01A0028C
SYNC_NOT_FOUND first4=EFC144A5
2026-07-26T15:30:58.528641+00:00 SYNC_NOT_FOUND first4=BE5B112F
PHASE_RESULT 19 HF-FLRC-1300-255 pktSize=255 rx=0 unique=0 lost=100 per=100.0 rssi_avg=0 rssi_min=0 crc_err=0 garbage=8 tx_lat=0.00000 tx_lon=0.00000 sats=0 fix=0 utc=0 tx_fw=none rx_fw=unknown
PHASE_GUARD 500
PHASE_START 20 HF-FLRC-650-32 pktSize=32
SYNC_NOT_FOUND first4=3C2720D3
SYNC_NOT_FOUND first4=747F6FEF
SYNC_NOT_FOUND first4=9186C922
SYNC_NOT_FOUND first4=D10CC0A9
SYNC_NOT_FOUND first4=074CCE2C
2026-07-26T15:30:59.532721+00:00 SYNC_NOT_FOUND first4=73B75D86
SYNC_NOT_FOUND first4=8EBA5059
SYNC_NOT_FOUND first4=70FAB794
SYNC_NOT_FOUND first4=580CDA8C
SYNC_NOT_FOUND first4=A1A299BF
SYNC_NOT_FOUND first4=92D53E09
SYNC_NOT_FOUND first4=F3412B93
SYNC_NOT_FOUND first4=A0A5D50E
SYNC_NOT_FOUND first4=12192FC0
SYNC_NOT_FOUND first4=ED701D4F
SYNC_NOT_FOUND first4=6D56C0D3
SYNC_NOT_FOUND first4=6FD77B00
SYNC_NOT_FOUND first4=FB9A5A73
SYNC_NOT_FOUND first4=4A9EE1D6
SYNC_NOT_FOUND first4=F9DD2521
SYNC_NOT_FOUND first4=69C34B7B
SYNC_NOT_FOUND first4=1D5A941D
SYNC_NOT_FOUND first4=C8539CFD
SYNC_NOT_FOUND first4=D9806CDC
SYNC_NOT_FOUND first4=3B5FFBF4
SYNC_NOT_FOUND first4=ABFE1870
2026-07-26T15:31:00.537382+00:00 TIME_SYNCED utc=1785079859 offset=1785062472
SYNC_NOT_FOUND first4=8A743564
SYNC_NOT_FOUND first4=22747BF0
SYNC_NOT_FOUND first4=17F193EA
SYNC_NOT_FOUND first4=A541E94B
SYNC_NOT_FOUND first4=3A37896C
SYNC_NOT_FOUND first4=470C4E0C
SYNC_NOT_FOUND first4=D88B1E89
SYNC_NOT_FOUND first4=79E69E6D
SYNC_NOT_FOUND first4=55C69E79
SYNC_NOT_FOUND first4=434450A0
PHASE_RESULT 20 HF-FLRC-650-32 pktSize=32 rx=0 unique=0 lost=100 per=100.0 rssi_avg=0 rssi_min=0 crc_err=0 garbage=36 tx_lat=0.00000 tx_lon=0.00000 sats=0 fix=0 utc=0 tx_fw=none rx_fw=unknown
PHASE_GUARD 500
PHASE_START 21 HF-FLRC-650-64 pktSize=64
TIME_SYNCED utc=1785079860 offset=1785062472
SYNC_NOT_FOUND first4=FEA8B117
SYNC_NOT_FOUND first4=E55AF95E
SYNC_NOT_FOUND first4=DC701117
SYNC_NOT_FOUND first4=AA2D5C24
SYNC_NOT_FOUND first4=701E647A
SYNC_NOT_FOUND first4=A15F2E3D
SYNC_NOT_FOUND first4=5CACCEE2
SYNC_NOT_FOUND first4=75D23A2D
SYNC_NOT_FOUND first4=E632DA4A
2026-07-26T15:31:01.543347+00:00 SYNC_NOT_FOUND first4=DD666174
SYNC_NOT_FOUND first4=4788E22E
SYNC_NOT_FOUND first4=9C424671
SYNC_NOT_FOUND first4=7C7AAB2E
SYNC_NOT_FOUND first4=C619EDEC
SYNC_NOT_FOUND first4=8C029643
SYNC_NOT_FOUND first4=153A6C6B
SYNC_NOT_FOUND first4=6B719E0F
SYNC_NOT_FOUND first4=45CBD04B
SYNC_NOT_FOUND first4=EF0C8A48
SYNC_NOT_FOUND first4=744190BB
SYNC_NOT_FOUND first4=1FE77888
SYNC_NOT_FOUND first4=A318C302
2026-07-26T15:31:02.547380+00:00 SYNC_NOT_FOUND first4=388E1FDD
SYNC_NOT_FOUND first4=F2567DBB
SYNC_NOT_FOUND first4=E6AF6D9C
PHASE_RESULT 21 HF-FLRC-650-64 pktSize=64 rx=0 unique=0 lost=100 per=100.0 rssi_avg=0 rssi_min=0 crc_err=0 garbage=25 tx_lat=0.00000 tx_lon=0.00000 sats=0 fix=0 utc=0 tx_fw=none rx_fw=unknown
PHASE_GUARD 500
PHASE_START 22 HF-FLRC-650-128 pktSize=128
SYNC_NOT_FOUND first4=BDBBB714
SYNC_NOT_FOUND first4=233489FE
SYNC_NOT_FOUND first4=D642A1BB
SYNC_NOT_FOUND first4=3DA5FEA2
SYNC_NOT_FOUND first4=516DD3E2
SYNC_NOT_FOUND first4=5B2B67C7
SYNC_NOT_FOUND first4=1FBD6F0F
SYNC_NOT_FOUND first4=117220F3
2026-07-26T15:31:03.551355+00:00 SYNC_NOT_FOUND first4=3F6D05B6
SYNC_NOT_FOUND first4=D2F5646F
SYNC_NOT_FOUND first4=AB7270DD
SYNC_NOT_FOUND first4=B2E7ABA3
SYNC_NOT_FOUND first4=4EF5D49F
SYNC_NOT_FOUND first4=8AA18A75
SYNC_NOT_FOUND first4=11301AC3
SYNC_NOT_FOUND first4=BB463002
SYNC_NOT_FOUND first4=F34A0EE5
SYNC_NOT_FOUND first4=BD99F311
SYNC_NOT_FOUND first4=278FDE04
SYNC_NOT_FOUND first4=A3E328C3
SYNC_NOT_FOUND first4=15EF8798
SYNC_NOT_FOUND first4=601FD8E8
SYNC_NOT_FOUND first4=FC5F0DD9
SYNC_NOT_FOUND first4=D8DC150C
SYNC_NOT_FOUND first4=6B1A78F7
SYNC_NOT_FOUND first4=EB5FBC0E
SYNC_NOT_FOUND first4=C8AED90F
2026-07-26T15:31:04.556314+00:00 SYNC_NOT_FOUND first4=30820E2D
SYNC_NOT_FOUND first4=EE01E5D8
SYNC_NOT_FOUND first4=23F753D7
SYNC_NOT_FOUND first4=3298D218
SYNC_NOT_FOUND first4=21870102
SYNC_NOT_FOUND first4=87160665
PHASE_RESULT 22 HF-FLRC-650-128 pktSize=128 rx=0 unique=0 lost=100 per=100.0 rssi_avg=0 rssi_min=0 crc_err=0 garbage=33 tx_lat=0.00000 tx_lon=0.00000 sats=0 fix=0 utc=0 tx_fw=none rx_fw=unknown
PHASE_GUARD 500
PHASE_START 23 HF-FLRC-650-255 pktSize=255
SYNC_NOT_FOUND first4=810E2EF6
SYNC_NOT_FOUND first4=21CA4B93
SYNC_NOT_FOUND first4=9AD405F9
SYNC_NOT_FOUND first4=AD2486DB
SYNC_NOT_FOUND first4=921A651D
SYNC_NOT_FOUND first4=33779C9B
SYNC_NOT_FOUND first4=ADBAAE1E
SYNC_NOT_FOUND first4=9794A401
SYNC_NOT_FOUND first4=2EC831DE
SYNC_NOT_FOUND first4=8F2829CC
SYNC_NOT_FOUND first4=F9563437
2026-07-26T15:31:05.566051+00:00 SYNC_NOT_FOUND first4=F71C801B
SYNC_NOT_FOUND first4=1AA6C4EF
SYNC_NOT_FOUND first4=90AFBF67
SYNC_NOT_FOUND first4=8CA9B951
SYNC_NOT_FOUND first4=1A39A838
SYNC_NOT_FOUND first4=22F666B5
SYNC_NOT_FOUND first4=B06D3319
SYNC_NOT_FOUND first4=50A115FB
SYNC_NOT_FOUND first4=C77C9E91
2026-07-26T15:31:06.576430+00:00 SYNC_NOT_FOUND first4=A3A5A826
SYNC_NOT_FOUND first4=C78B8798
SYNC_NOT_FOUND first4=55E74706
SYNC_NOT_FOUND first4=1BD29097
SYNC_NOT_FOUND first4=D6A3CCD6
SYNC_NOT_FOUND first4=DBA50283
SYNC_NOT_FOUND first4=4AC2CD1F
SYNC_NOT_FOUND first4=9626F6E5
SYNC_NOT_FOUND first4=B8A6265A
PHASE_RESULT 23 HF-FLRC-650-255 pktSize=255 rx=0 unique=0 lost=100 per=100.0 rssi_avg=0 rssi_min=0 crc_err=0 garbage=29 tx_lat=0.00000 tx_lon=0.00000 sats=0 fix=0 utc=0 tx_fw=none rx_fw=unknown
PHASE_GUARD 500
PHASE_START 24 HF-FLRC-325-32 pktSize=32
SYNC_NOT_FOUND first4=A233585E
2026-07-26T15:31:07.584456+00:00 SYNC_NOT_FOUND first4=5C0452E3
2026-07-26T15:31:08.587871+00:00 SYNC_NOT_FOUND first4=F7F19F1B
PHASE_RESULT 24 HF-FLRC-325-32 pktSize=32 rx=0 unique=0 lost=100 per=100.0 rssi_avg=0 rssi_min=0 crc_err=0 garbage=3 tx_lat=0.00000 tx_lon=0.00000 sats=0 fix=0 utc=0 tx_fw=none rx_fw=unknown
PHASE_GUARD 500
PHASE_START 25 HF-FLRC-325-64 pktSize=64
SYNC_NOT_FOUND first4=6BBA20C1
SYNC_NOT_FOUND first4=B86848BF
2026-07-26T15:31:09.595370+00:00 SYNC_NOT_FOUND first4=80268CA1
SYNC_NOT_FOUND first4=2A871159
SYNC_NOT_FOUND first4=9F434B0A
SYNC_NOT_FOUND first4=B623A5D5
SYNC_NOT_FOUND first4=ADB1EE0D
2026-07-26T15:31:10.599199+00:00 TIME_SYNCED utc=1785079869 offset=1785062472
PHASE_RESULT 25 HF-FLRC-325-64 pktSize=64 rx=0 unique=0 lost=100 per=100.0 rssi_avg=0 rssi_min=0 crc_err=0 garbage=7 tx_lat=0.00000 tx_lon=0.00000 sats=0 fix=0 utc=0 tx_fw=none rx_fw=unknown
PHASE_GUARD 500
PHASE_START 26 HF-FLRC-325-128 pktSize=128
SYNC_NOT_FOUND first4=B24FE468
TIME_SYNCED utc=1785079870 offset=1785062472
2026-07-26T15:31:11.608095+00:00 SYNC_NOT_FOUND first4=0A08A266
SYNC_NOT_FOUND first4=EAE18322
2026-07-26T15:31:12.619545+00:00 PHASE_RESULT 26 HF-FLRC-325-128 pktSize=128 rx=0 unique=0 lost=100 per=100.0 rssi_avg=0 rssi_min=0 crc_err=0 garbage=3 tx_lat=0.00000 tx_lon=0.00000 sats=0 fix=0 utc=0 tx_fw=none rx_fw=unknown
PHASE_GUARD 500
PHASE_START 27 HF-FLRC-325-255 pktSize=255
SYNC_NOT_FOUND first4=3C267F1B
SYNC_NOT_FOUND first4=F28AB0EB
2026-07-26T15:31:13.631142+00:00 SYNC_NOT_FOUND first4=0D1D32E5
SYNC_NOT_FOUND first4=37F466AA
2026-07-26T15:31:14.642891+00:00 SYNC_NOT_FOUND first4=C8198729
PHASE_RESULT 27 HF-FLRC-325-255 pktSize=255 rx=0 unique=0 lost=100 per=100.0 rssi_avg=0 rssi_min=0 crc_err=0 garbage=5 tx_lat=0.00000 tx_lon=0.00000 sats=0 fix=0 utc=0 tx_fw=none rx_fw=unknown
PHASE_GUARD 500
LORA_CFG path=0 bw=0x05 sf=7
PHASE_START 28 LF-LoRa-SF7-32 pktSize=32
2026-07-26T15:31:16.706375+00:00 PHASE_RESULT 28 LF-LoRa-SF7-32 pktSize=32 rx=0 unique=0 lost=20 per=100.0 rssi_avg=0 rssi_min=0 crc_err=0 garbage=0 tx_lat=0.00000 tx_lon=0.00000 sats=0 fix=0 utc=0 tx_fw=none rx_fw=unknown
PHASE_GUARD 500
LORA_CFG path=0 bw=0x05 sf=7
PHASE_START 29 LF-LoRa-SF7-64 pktSize=64
2026-07-26T15:31:19.820305+00:00 PHASE_RESULT 29 LF-LoRa-SF7-64 pktSize=64 rx=0 unique=0 lost=20 per=100.0 rssi_avg=0 rssi_min=0 crc_err=0 garbage=0 tx_lat=0.00000 tx_lon=0.00000 sats=0 fix=0 utc=0 tx_fw=none rx_fw=unknown
PHASE_GUARD 500
LORA_CFG path=0 bw=0x05 sf=7
PHASE_START 30 LF-LoRa-SF7-128 pktSize=128
2026-07-26T15:31:20.824353+00:00 TIME_SYNCED utc=1785079879 offset=1785062472
TIME_SYNCED utc=1785079880 offset=1785062472
2026-07-26T15:31:22.879328+00:00 PHASE_RESULT 30 LF-LoRa-SF7-128 pktSize=128 rx=0 unique=0 lost=13 per=100.0 rssi_avg=0 rssi_min=0 crc_err=0 garbage=0 tx_lat=0.00000 tx_lon=0.00000 sats=0 fix=0 utc=0 tx_fw=none rx_fw=unknown
PHASE_GUARD 500
2026-07-26T15:31:23.891494+00:00 LORA_CFG path=0 bw=0x05 sf=7
PHASE_START 31 LF-LoRa-SF7-255 pktSize=255
2026-07-26T15:31:27.003580+00:00 PHASE_RESULT 31 LF-LoRa-SF7-255 pktSize=255 rx=0 unique=0 lost=7 per=100.0 rssi_avg=0 rssi_min=0 crc_err=0 garbage=0 tx_lat=0.00000 tx_lon=0.00000 sats=0 fix=0 utc=0 tx_fw=none rx_fw=unknown
PHASE_GUARD 500
LORA_CFG path=0 bw=0x05 sf=9
2026-07-26T15:31:28.016354+00:00 PHASE_START 32 LF-LoRa-SF9-32 pktSize=32
2026-07-26T15:31:31.129020+00:00 TIME_SYNCED utc=1785079890 offset=1785062472
TIME_SYNCED utc=1785079890 offset=1785062472
PHASE_RESULT 32 LF-LoRa-SF9-32 pktSize=32 rx=0 unique=0 lost=7 per=100.0 rssi_avg=0 rssi_min=0 crc_err=0 garbage=0 tx_lat=0.00000 tx_lon=0.00000 sats=0 fix=0 utc=0 tx_fw=none rx_fw=unknown
PHASE_GUARD 500
LORA_CFG path=0 bw=0x05 sf=9
PHASE_START 33 LF-LoRa-SF9-64 pktSize=64
2026-07-26T15:31:34.243234+00:00 PHASE_RESULT 33 LF-LoRa-SF9-64 pktSize=64 rx=0 unique=0 lost=3 per=100.0 rssi_avg=0 rssi_min=0 crc_err=0 garbage=0 tx_lat=0.00000 tx_lon=0.00000 sats=0 fix=0 utc=0 tx_fw=none rx_fw=unknown
PHASE_GUARD 500
LORA_CFG path=0 bw=0x05 sf=9
PHASE_START 34 LF-LoRa-SF9-128 pktSize=128
2026-07-26T15:31:36.298731+00:00 PHASE_RESULT 34 LF-LoRa-SF9-128 pktSize=128 rx=0 unique=0 lost=1 per=100.0 rssi_avg=0 rssi_min=0 crc_err=0 garbage=0 tx_lat=0.00000 tx_lon=0.00000 sats=0 fix=0 utc=0 tx_fw=none rx_fw=unknown
PHASE_GUARD 500
LORA_CFG path=0 bw=0x05 sf=9
PHASE_START 35 LF-LoRa-SF9-255 pktSize=255
2026-07-26T15:31:40.460539+00:00 PHASE_RESULT 35 LF-LoRa-SF9-255 pktSize=255 rx=0 unique=0 lost=1 per=100.0 rssi_avg=0 rssi_min=0 crc_err=0 garbage=0 tx_lat=0.00000 tx_lon=0.00000 sats=0 fix=0 utc=0 tx_fw=none rx_fw=unknown
PHASE_GUARD 500
LORA_CFG path=0 bw=0x05 sf=12
PHASE_START 36 LF-LoRa-SF12-32 pktSize=32
TIME_SYNCED utc=1785079900 offset=1785062472
2026-07-26T15:31:41.472374+00:00 TIME_SYNCED utc=1785079900 offset=1785062472
2026-07-26T15:31:50.887352+00:00 TIME_SYNCED utc=1785079910 offset=1785062472
2026-07-26T15:31:51.899293+00:00 TIME_SYNCED utc=1785079910 offset=1785062471
2026-07-26T15:31:56.064482+00:00 PHASE_RESULT 36 LF-LoRa-SF12-32 pktSize=32 rx=0 unique=0 lost=1 per=100.0 rssi_avg=0 rssi_min=0 crc_err=0 garbage=0 tx_lat=0.00000 tx_lon=0.00000 sats=0 fix=0 utc=0 tx_fw=none rx_fw=unknown
PHASE_GUARD 500
LORA_CFG path=0 bw=0x05 sf=12
PHASE_START 37 LF-LoRa-SF12-SKIP SKIP pktSize=64
2026-07-26T15:31:57.075702+00:00 PHASE_RESULT 37 LF-LoRa-SF12-SKIP pktSize=64 rx=0 unique=0 lost=0 per=0.0 rssi_avg=0 rssi_min=0 crc_err=0 garbage=0 tx_lat=0.00000 tx_lon=0.00000 sats=0 fix=0 utc=0 tx_fw=none rx_fw=unknown
PHASE_GUARD 500
LORA_CFG path=0 bw=0x05 sf=12
PHASE_START 38 LF-LoRa-SF12-SKIP SKIP pktSize=128
2026-07-26T15:31:58.088874+00:00 PHASE_RESULT 38 LF-LoRa-SF12-SKIP pktSize=128 rx=0 unique=0 lost=0 per=0.0 rssi_avg=0 rssi_min=0 crc_err=0 garbage=0 tx_lat=0.00000 tx_lon=0.00000 sats=0 fix=0 utc=0 tx_fw=none rx_fw=unknown
PHASE_GUARD 500
LORA_CFG path=0 bw=0x05 sf=12
PHASE_START 39 LF-LoRa-SF12-SKIP SKIP pktSize=255
2026-07-26T15:31:59.107675+00:00 PHASE_RESULT 39 LF-LoRa-SF12-SKIP pktSize=255 rx=0 unique=0 lost=0 per=0.0 rssi_avg=0 rssi_min=0 crc_err=0 garbage=0 tx_lat=0.00000 tx_lon=0.00000 sats=0 fix=0 utc=0 tx_fw=none rx_fw=unknown
PHASE_GUARD 500
PHASE_START 40 LF-FLRC-2600-32 pktSize=32
2026-07-26T15:32:00.112206+00:00 SYNC_NOT_FOUND first4=BC43BB0E
2026-07-26T15:32:01.121178+00:00 TIME_SYNCED utc=1785079920 offset=1785062472
PHASE_RESULT 40 LF-FLRC-2600-32 pktSize=32 rx=0 unique=0 lost=100 per=100.0 rssi_avg=0 rssi_min=0 crc_err=0 garbage=1 tx_lat=0.00000 tx_lon=0.00000 sats=0 fix=0 utc=0 tx_fw=none rx_fw=unknown
PHASE_GUARD 500
PHASE_START 41 LF-FLRC-2600-64 pktSize=64
2026-07-26T15:32:02.124719+00:00 TIME_SYNCED utc=1785079921 offset=1785062472
SYNC_NOT_FOUND first4=FA6FD87A
SYNC_NOT_FOUND first4=7E22BB44
PHASE_RESULT 41 LF-FLRC-2600-64 pktSize=64 rx=0 unique=0 lost=100 per=100.0 rssi_avg=0 rssi_min=0 crc_err=0 garbage=2 tx_lat=0.00000 tx_lon=0.00000 sats=0 fix=0 utc=0 tx_fw=none rx_fw=unknown
PHASE_GUARD 500
PHASE_START 42 LF-FLRC-2600-128 pktSize=128
2026-07-26T15:32:03.135409+00:00 SYNC_NOT_FOUND first4=6BFBEABF
SYNC_NOT_FOUND first4=0AEEF509
2026-07-26T15:32:04.154340+00:00 PHASE_RESULT 42 LF-FLRC-2600-128 pktSize=128 rx=0 unique=0 lost=100 per=100.0 rssi_avg=0 rssi_min=0 crc_err=0 garbage=2 tx_lat=0.00000 tx_lon=0.00000 sats=0 fix=0 utc=0 tx_fw=none rx_fw=unknown
PHASE_GUARD 500
PHASE_START 43 LF-FLRC-2600-255 pktSize=255
2026-07-26T15:32:05.158681+00:00 SYNC_NOT_FOUND first4=16121C60
2026-07-26T15:32:06.169766+00:00 SYNC_NOT_FOUND first4=7930D36A
PHASE_RESULT 43 LF-FLRC-2600-255 pktSize=255 rx=0 unique=0 lost=100 per=100.0 rssi_avg=0 rssi_min=0 crc_err=0 garbage=2 tx_lat=0.00000 tx_lon=0.00000 sats=0 fix=0 utc=0 tx_fw=none rx_fw=unknown
PHASE_GUARD 500
PHASE_START 44 LF-FLRC-1300-32 pktSize=32
SYNC_NOT_FOUND first4=24AFBCB1
2026-07-26T15:32:07.183377+00:00 SYNC_NOT_FOUND first4=FA233358
2026-07-26T15:32:08.194455+00:00 SYNC_NOT_FOUND first4=887ED925
SYNC_NOT_FOUND first4=0D640A9F
PHASE_RESULT 44 LF-FLRC-1300-32 pktSize=32 rx=0 unique=0 lost=100 per=100.0 rssi_avg=0 rssi_min=0 crc_err=0 garbage=4 tx_lat=0.00000 tx_lon=0.00000 sats=0 fix=0 utc=0 tx_fw=none rx_fw=unknown
PHASE_GUARD 500
PHASE_START 45 LF-FLRC-1300-64 pktSize=64
2026-07-26T15:32:10.268726+00:00 SYNC_NOT_FOUND first4=330305A0
PHASE_RESULT 45 LF-FLRC-1300-64 pktSize=64 rx=0 unique=0 lost=100 per=100.0 rssi_avg=0 rssi_min=0 crc_err=0 garbage=1 tx_lat=0.00000 tx_lon=0.00000 sats=0 fix=0 utc=0 tx_fw=none rx_fw=unknown
PHASE_GUARD 500
PHASE_START 46 LF-FLRC-1300-128 pktSize=128
TIME_SYNCED utc=1785079930 offset=1785062472
2026-07-26T15:32:12.331115+00:00 TIME_SYNCED utc=1785079931 offset=1785062472
PHASE_RESULT 46 LF-FLRC-1300-128 pktSize=128 rx=0 unique=0 lost=100 per=100.0 rssi_avg=0 rssi_min=0 crc_err=0 garbage=0 tx_lat=0.00000 tx_lon=0.00000 sats=0 fix=0 utc=0 tx_fw=none rx_fw=unknown
PHASE_GUARD 500
PHASE_START 47 LF-FLRC-1300-255 pktSize=255
2026-07-26T15:32:14.393858+00:00 PHASE_RESULT 47 LF-FLRC-1300-255 pktSize=255 rx=0 unique=0 lost=100 per=100.0 rssi_avg=0 rssi_min=0 crc_err=0 garbage=0 tx_lat=0.00000 tx_lon=0.00000 sats=0 fix=0 utc=0 tx_fw=none rx_fw=unknown
PHASE_GUARD 500
PHASE_START 48 LF-FLRC-650-32 pktSize=32
SYNC_NOT_FOUND first4=6216146F
2026-07-26T15:32:16.456435+00:00 SYNC_NOT_FOUND first4=2B3D824E
SYNC_NOT_FOUND first4=A3CAF998
PHASE_RESULT 48 LF-FLRC-650-32 pktSize=32 rx=0 unique=0 lost=100 per=100.0 rssi_avg=0 rssi_min=0 crc_err=0 garbage=3 tx_lat=0.00000 tx_lon=0.00000 sats=0 fix=0 utc=0 tx_fw=none rx_fw=unknown
PHASE_GUARD 500
PHASE_START 49 LF-FLRC-650-64 pktSize=64
SYNC_NOT_FOUND first4=1E635A6B
SYNC_NOT_FOUND first4=EC77C7AA
SYNC_NOT_FOUND first4=A4B792F3
2026-07-26T15:32:17.467495+00:00 SYNC_NOT_FOUND first4=7CAC6172
SYNC_NOT_FOUND first4=26407AD5
SYNC_NOT_FOUND first4=2ED6BB0C
SYNC_NOT_FOUND first4=FCDEE9F9
2026-07-26T15:32:18.478353+00:00 SYNC_NOT_FOUND first4=B2796AE7
PHASE_RESULT 49 LF-FLRC-650-64 pktSize=64 rx=0 unique=0 lost=100 per=100.0 rssi_avg=0 rssi_min=0 crc_err=0 garbage=8 tx_lat=0.00000 tx_lon=0.00000 sats=0 fix=0 utc=0 tx_fw=none rx_fw=unknown
PHASE_GUARD 500
PHASE_START 50 LF-FLRC-650-128 pktSize=128
SYNC_NOT_FOUND first4=08777EC4
2026-07-26T15:32:19.492798+00:00 SYNC_NOT_FOUND first4=34649F36
SYNC_NOT_FOUND first4=26EA14F8
2026-07-26T15:32:20.503611+00:00 PHASE_RESULT 50 LF-FLRC-650-128 pktSize=128 rx=0 unique=0 lost=100 per=100.0 rssi_avg=0 rssi_min=0 crc_err=0 garbage=3 tx_lat=0.00000 tx_lon=0.00000 sats=0 fix=0 utc=0 tx_fw=none rx_fw=unknown
PHASE_GUARD 500
PHASE_START 51 LF-FLRC-650-255 pktSize=255
SYNC_NOT_FOUND first4=766FC084
TIME_SYNCED utc=1785079940 offset=1785062472
2026-07-26T15:32:22.571300+00:00 TIME_SYNCED utc=1785079941 offset=1785062472
PHASE_RESULT 51 LF-FLRC-650-255 pktSize=255 rx=0 unique=0 lost=100 per=100.0 rssi_avg=0 rssi_min=0 crc_err=0 garbage=1 tx_lat=0.00000 tx_lon=0.00000 sats=0 fix=0 utc=0 tx_fw=none rx_fw=unknown
PHASE_GUARD 500
PHASE_START 52 LF-FLRC-325-32 pktSize=32
2026-07-26T15:32:24.634200+00:00 PHASE_RESULT 52 LF-FLRC-325-32 pktSize=32 rx=0 unique=0 lost=100 per=100.0 rssi_avg=0 rssi_min=0 crc_err=0 garbage=0 tx_lat=0.00000 tx_lon=0.00000 sats=0 fix=0 utc=0 tx_fw=none rx_fw=unknown
PHASE_GUARD 500
PHASE_START 53 LF-FLRC-325-64 pktSize=64
2026-07-26T15:32:26.698600+00:00 PHASE_RESULT 53 LF-FLRC-325-64 pktSize=64 rx=0 unique=0 lost=100 per=100.0 rssi_avg=0 rssi_min=0 crc_err=0 garbage=0 tx_lat=0.00000 tx_lon=0.00000 sats=0 fix=0 utc=0 tx_fw=none rx_fw=unknown
PHASE_GUARD 500
PHASE_START 54 LF-FLRC-325-128 pktSize=128
SYNC_NOT_FOUND first4=38AE97B7
2026-07-26T15:32:28.761353+00:00 PHASE_RESULT 54 LF-FLRC-325-128 pktSize=128 rx=0 unique=0 lost=100 per=100.0 rssi_avg=0 rssi_min=0 crc_err=0 garbage=1 tx_lat=0.00000 tx_lon=0.00000 sats=0 fix=0 utc=0 tx_fw=none rx_fw=unknown
PHASE_GUARD 500
PHASE_START 55 LF-FLRC-325-255 pktSize=255
2026-07-26T15:32:30.830512+00:00 PHASE_RESULT 55 LF-FLRC-325-255 pktSize=255 rx=0 unique=0 lost=100 per=100.0 rssi_avg=0 rssi_min=0 crc_err=0 garbage=0 tx_lat=0.00000 tx_lon=0.00000 sats=0 fix=0 utc=0 tx_fw=none rx_fw=unknown
PHASE_GUARD 500
LORA_CFG path=1 bw=0x0F sf=7
PHASE_START 0 HF-LoRa-SF7-32 pktSize=32
TIME_SYNCED utc=1785079950 offset=1785062472
2026-07-26T15:32:32.885723+00:00 PHASE_RESULT 0 HF-LoRa-SF7-32 pktSize=32 rx=0 unique=0 lost=20 per=100.0 rssi_avg=0 rssi_min=0 crc_err=0 garbage=0 tx_lat=0.00000 tx_lon=0.00000 sats=0 fix=0 utc=0 tx_fw=none rx_fw=unknown
PHASE_GUARD 500
LORA_CFG path=1 bw=0x0F sf=7
PHASE_START 1 HF-LoRa-SF7-64 pktSize=64
TIME_SYNCED utc=1785079951 offset=1785062471
PHASE_RESULT 1 HF-LoRa-SF7-64 pktSize=64 rx=0 unique=0 lost=20 per=100.0 rssi_avg=0 rssi_min=0 crc_err=0 garbage=0 tx_lat=0.00000 tx_lon=0.00000 sats=0 fix=0 utc=0 tx_fw=none rx_fw=unknown
PHASE_GUARD 500
LORA_CFG path=1 bw=0x0F sf=7
PHASE_START 0 HF-LoRa-SF7-32 pktSize=32
PHASE_RESULT 0 HF-LoRa-SF7-32 pktSize=32 rx=0 unique=0 lost=20 per=100.0 rssi_avg=0 rssi_min=0 crc_err=0 garbage=0 tx_lat=0.00000 tx_lon=0.00000 sats=0 fix=0 utc=0 tx_fw=none rx_fw=unknown
PHASE_GUARD 500
2026-07-26T15:32:33.897302+00:00 LORA_CFG path=1 bw=0x0F sf=7
PHASE_START 1 HF-LoRa-SF7-64 pktSize=64
2026-07-26T15:32:34.910525+00:00 PHASE_RESULT 1 HF-LoRa-SF7-64 pktSize=64 rx=0 unique=0 lost=20 per=100.0 rssi_avg=0 rssi_min=0 crc_err=0 garbage=0 tx_lat=0.00000 tx_lon=0.00000 sats=0 fix=0 utc=0 tx_fw=none rx_fw=unknown
PHASE_GUARD 500
2026-07-26T15:32:35.922115+00:00 LORA_CFG path=1 bw=0x0F sf=7
PHASE_START 2 HF-LoRa-SF7-128 pktSize=128
2026-07-26T15:32:36.932907+00:00 PHASE_RESULT 2 HF-LoRa-SF7-128 pktSize=128 rx=0 unique=0 lost=20 per=100.0 rssi_avg=0 rssi_min=0 crc_err=0 garbage=0 tx_lat=0.00000 tx_lon=0.00000 sats=0 fix=0 utc=0 tx_fw=none rx_fw=unknown
PHASE_GUARD 500
LORA_CFG path=1 bw=0x0F sf=7
2026-07-26T15:32:37.944653+00:00 PHASE_START 3 HF-LoRa-SF7-255 pktSize=255
2026-07-26T15:32:40.012432+00:00 PHASE_RESULT 3 HF-LoRa-SF7-255 pktSize=255 rx=0 unique=0 lost=20 per=100.0 rssi_avg=0 rssi_min=0 crc_err=0 garbage=0 tx_lat=0.00000 tx_lon=0.00000 sats=0 fix=0 utc=0 tx_fw=none rx_fw=unknown
PHASE_GUARD 500
LORA_CFG path=1 bw=0x0F sf=9
PHASE_START 4 HF-LoRa-SF9-32 pktSize=32
2026-07-26T15:32:41.025891+00:00 TIME_SYNCED utc=1785079960 offset=1785062472
PHASE_RESULT 4 HF-LoRa-SF9-32 pktSize=32 rx=0 unique=0 lost=20 per=100.0 rssi_avg=0 rssi_min=0 crc_err=0 garbage=0 tx_lat=0.00000 tx_lon=0.00000 sats=0 fix=0 utc=0 tx_fw=none rx_fw=unknown
PHASE_GUARD 500
LORA_CFG path=1 bw=0x0F sf=9
PHASE_START 5 HF-LoRa-SF9-64 pktSize=64
2026-07-26T15:32:43.082262+00:00 TIME_SYNCED utc=1785079962 offset=1785062472
2026-07-26T15:32:44.093228+00:00 PHASE_RESULT 5 HF-LoRa-SF9-64 pktSize=64 rx=0 unique=0 lost=20 per=100.0 rssi_avg=0 rssi_min=0 crc_err=0 garbage=0 tx_lat=0.00000 tx_lon=0.00000 sats=0 fix=0 utc=0 tx_fw=none rx_fw=unknown
PHASE_GUARD 500
LORA_CFG path=1 bw=0x0F sf=9
PHASE_START 6 HF-LoRa-SF9-128 pktSize=128
2026-07-26T15:32:48.265854+00:00 PHASE_RESULT 6 HF-LoRa-SF9-128 pktSize=128 rx=0 unique=0 lost=13 per=100.0 rssi_avg=0 rssi_min=0 crc_err=0 garbage=0 tx_lat=0.00000 tx_lon=0.00000 sats=0 fix=0 utc=0 tx_fw=none rx_fw=unknown
PHASE_GUARD 500
LORA_CFG path=1 bw=0x0F sf=9
PHASE_START 7 HF-LoRa-SF9-255 pktSize=255
2026-07-26T15:32:51.378900+00:00 TIME_SYNCED utc=1785079970 offset=1785062472
PHASE_RESULT 7 HF-LoRa-SF9-255 pktSize=255 rx=0 unique=0 lost=6 per=100.0 rssi_avg=0 rssi_min=0 crc_err=0 garbage=0 tx_lat=0.00000 tx_lon=0.00000 sats=0 fix=0 utc=0 tx_fw=none rx_fw=unknown
PHASE_GUARD 500
LORA_CFG path=1 bw=0x0F sf=12
PHASE_START 8 HF-LoRa-SF12-32 pktSize=32
2026-07-26T15:32:53.442005+00:00 TIME_SYNCED utc=1785079972 offset=1785062472
2026-07-26T15:32:54.453284+00:00 PHASE_RESULT 8 HF-LoRa-SF12-32 pktSize=32 rx=0 unique=0 lost=2 per=100.0 rssi_avg=0 rssi_min=0 crc_err=0 garbage=0 tx_lat=0.00000 tx_lon=0.00000 sats=0 fix=0 utc=0 tx_fw=none rx_fw=unknown
PHASE_GUARD 500
LORA_CFG path=1 bw=0x0F sf=12
PHASE_START 9 HF-LoRa-SF12-64 pktSize=64
2026-07-26T15:32:57.561870+00:00 PHASE_RESULT 9 HF-LoRa-SF12-64 pktSize=64 rx=0 unique=0 lost=1 per=100.0 rssi_avg=0 rssi_min=0 crc_err=0 garbage=0 tx_lat=0.00000 tx_lon=0.00000 sats=0 fix=0 utc=0 tx_fw=none rx_fw=unknown
PHASE_GUARD 500
LORA_CFG path=1 bw=0x0F sf=12
PHASE_START 10 HF-LoRa-SF12-128 pktSize=128
2026-07-26T15:33:00.671290+00:00 TIME_SYNCED utc=1785079980 offset=1785062472
2026-07-26T15:33:02.726361+00:00 PHASE_RESULT 10 HF-LoRa-SF12-128 pktSize=128 rx=0 unique=0 lost=1 per=100.0 rssi_avg=0 rssi_min=0 crc_err=0 garbage=0 tx_lat=0.00000 tx_lon=0.00000 sats=0 fix=0 utc=0 tx_fw=none rx_fw=unknown
PHASE_GUARD 500
LORA_CFG path=1 bw=0x0F sf=12
PHASE_START 11 HF-LoRa-SF12-255 pktSize=255
2026-07-26T15:33:03.738360+00:00 TIME_SYNCED utc=1785079982 offset=1785062472
2026-07-26T15:33:11.057353+00:00 TIME_SYNCED utc=1785079990 offset=1785062472
2026-07-26T15:33:12.061212+00:00 PHASE_RESULT 11 HF-LoRa-SF12-255 pktSize=255 rx=0 unique=0 lost=1 per=100.0 rssi_avg=0 rssi_min=0 crc_err=0 garbage=0 tx_lat=0.00000 tx_lon=0.00000 sats=0 fix=0 utc=0 tx_fw=none rx_fw=unknown
PHASE_GUARD 500
PHASE_START 12 HF-FLRC-2600-32 pktSize=32
SYNC_NOT_FOUND first4=E376B97F
2026-07-26T15:33:13.072429+00:00 SYNC_NOT_FOUND first4=3C0EEEEA
SYNC_NOT_FOUND first4=586FA542
2026-07-26T15:33:14.076201+00:00 TIME_SYNCED utc=1785079993 offset=1785062472
SYNC_NOT_FOUND first4=305C7465
SYNC_NOT_FOUND first4=5E45B491
SYNC_NOT_FOUND first4=0D7B3DC7
SYNC_NOT_FOUND first4=B3D8D3EE
PHASE_RESULT 12 HF-FLRC-2600-32 pktSize=32 rx=0 unique=0 lost=100 per=100.0 rssi_avg=0 rssi_min=0 crc_err=0 garbage=7 tx_lat=0.00000 tx_lon=0.00000 sats=0 fix=0 utc=0 tx_fw=none rx_fw=unknown
PHASE_GUARD 500
PHASE_START 13 HF-FLRC-2600-64 pktSize=64
2026-07-26T15:33:15.087350+00:00 SYNC_NOT_FOUND first4=7BE40C2F
SYNC_NOT_FOUND first4=D48A6A4B
SYNC_NOT_FOUND first4=721A504E
SYNC_NOT_FOUND first4=4437E71E
SYNC_NOT_FOUND first4=F68F7575
SYNC_NOT_FOUND first4=2A31D3C0
SYNC_NOT_FOUND first4=2013ED9D
2026-07-26T15:33:16.098294+00:00 SYNC_NOT_FOUND first4=85676ECA
SYNC_NOT_FOUND first4=A155617B
PHASE_RESULT 13 HF-FLRC-2600-64 pktSize=64 rx=0 unique=0 lost=100 per=100.0 rssi_avg=0 rssi_min=0 crc_err=0 garbage=9 tx_lat=0.00000 tx_lon=0.00000 sats=0 fix=0 utc=0 tx_fw=none rx_fw=unknown
PHASE_GUARD 500
PHASE_START 14 HF-FLRC-2600-128 pktSize=128
SYNC_NOT_FOUND first4=65D51C14
SYNC_NOT_FOUND first4=8459DD21
2026-07-26T15:33:17.109504+00:00 SYNC_NOT_FOUND first4=4C0C3312
SYNC_NOT_FOUND first4=158B7220
SYNC_NOT_FOUND first4=7374A16B
SYNC_NOT_FOUND first4=7AB4BB5F
2026-07-26T15:33:18.120452+00:00 SYNC_NOT_FOUND first4=AD3D680F
SYNC_NOT_FOUND first4=37F57ED9
SYNC_NOT_FOUND first4=D3DDB131
PHASE_RESULT 14 HF-FLRC-2600-128 pktSize=128 rx=0 unique=0 lost=100 per=100.0 rssi_avg=0 rssi_min=0 crc_err=0 garbage=9 tx_lat=0.00000 tx_lon=0.00000 sats=0 fix=0 utc=0 tx_fw=none rx_fw=unknown
PHASE_GUARD 500
PHASE_START 15 HF-FLRC-2600-255 pktSize=255
SYNC_NOT_FOUND first4=D9896D04
2026-07-26T15:33:19.131646+00:00 SYNC_NOT_FOUND first4=4381562A
SYNC_NOT_FOUND first4=810993B1
SYNC_NOT_FOUND first4=84218D47
SYNC_NOT_FOUND first4=A9E2404E
SYNC_NOT_FOUND first4=58F3DED0
SYNC_NOT_FOUND first4=1EFA4777
2026-07-26T15:33:20.142668+00:00 SYNC_NOT_FOUND first4=320A9FCA
SYNC_NOT_FOUND first4=667FF673
SYNC_NOT_FOUND first4=EDE3C168
SYNC_NOT_FOUND first4=0A6C223F
SYNC_NOT_FOUND first4=9195720F
PHASE_RESULT 15 HF-FLRC-2600-255 pktSize=255 rx=0 unique=0 lost=100 per=100.0 rssi_avg=0 rssi_min=0 crc_err=0 garbage=12 tx_lat=0.00000 tx_lon=0.00000 sats=0 fix=0 utc=0 tx_fw=none rx_fw=unknown
PHASE_GUARD 500
PHASE_START 16 HF-FLRC-1300-32 pktSize=32
2026-07-26T15:33:21.153672+00:00 SYNC_NOT_FOUND first4=36E1AD4F
TIME_SYNCED utc=1785080000 offset=1785062472
SYNC_NOT_FOUND first4=84FDD017
SYNC_NOT_FOUND first4=496248AC
2026-07-26T15:33:22.164756+00:00 SYNC_NOT_FOUND first4=3F2251B2
SYNC_NOT_FOUND first4=4515F6BF
SYNC_NOT_FOUND first4=5E7EBFB0
PHASE_RESULT 16 HF-FLRC-1300-32 pktSize=32 rx=0 unique=0 lost=100 per=100.0 rssi_avg=0 rssi_min=0 crc_err=0 garbage=6 tx_lat=0.00000 tx_lon=0.00000 sats=0 fix=0 utc=0 tx_fw=none rx_fw=unknown
PHASE_GUARD 500
PHASE_START 17 HF-FLRC-1300-64 pktSize=64
2026-07-26T15:33:23.175198+00:00 SYNC_NOT_FOUND first4=085AC7EF
2026-07-26T15:33:24.186806+00:00 TIME_SYNCED utc=1785080003 offset=1785062472
SYNC_NOT_FOUND first4=B3C55022
SYNC_NOT_FOUND first4=DEB167BA
SYNC_NOT_FOUND first4=48CBD882
SYNC_NOT_FOUND first4=AA9D5FEC
SYNC_NOT_FOUND first4=3330EABA
SYNC_NOT_FOUND first4=3B8B66AD
PHASE_RESULT 17 HF-FLRC-1300-64 pktSize=64 rx=0 unique=0 lost=100 per=100.0 rssi_avg=0 rssi_min=0 crc_err=0 garbage=7 tx_lat=0.00000 tx_lon=0.00000 sats=0 fix=0 utc=0 tx_fw=none rx_fw=unknown
PHASE_GUARD 500
PHASE_START 18 HF-FLRC-1300-128 pktSize=128
SYNC_NOT_FOUND first4=6EC9FCF0
2026-07-26T15:33:25.197619+00:00 SYNC_NOT_FOUND first4=B82D5369
SYNC_NOT_FOUND first4=7AA565C2
SYNC_NOT_FOUND first4=CB9C07CA
2026-07-26T15:33:26.204389+00:00 PHASE_RESULT 18 HF-FLRC-1300-128 pktSize=128 rx=0 unique=0 lost=100 per=100.0 rssi_avg=0 rssi_min=0 crc_err=0 garbage=4 tx_lat=0.00000 tx_lon=0.00000 sats=0 fix=0 utc=0 tx_fw=none rx_fw=unknown
PHASE_GUARD 500
PHASE_START 19 HF-FLRC-1300-255 pktSize=255
SYNC_NOT_FOUND first4=8707B68B
2026-07-26T15:33:27.215612+00:00 SYNC_NOT_FOUND first4=3A218A27
SYNC_NOT_FOUND first4=9CD99675
SYNC_NOT_FOUND first4=A6FFCAE5
2026-07-26T15:33:28.226504+00:00 SYNC_NOT_FOUND first4=79089F9C
SYNC_NOT_FOUND first4=16DE4E64
SYNC_NOT_FOUND first4=3B662024
PHASE_RESULT 19 HF-FLRC-1300-255 pktSize=255 rx=0 unique=0 lost=100 per=100.0 rssi_avg=0 rssi_min=0 crc_err=0 garbage=7 tx_lat=0.00000 tx_lon=0.00000 sats=0 fix=0 utc=0 tx_fw=none rx_fw=unknown
PHASE_GUARD 500
PHASE_START 20 HF-FLRC-650-32 pktSize=32
SYNC_NOT_FOUND first4=81C977A9
SYNC_NOT_FOUND first4=0302F351
SYNC_NOT_FOUND first4=F48EA155
2026-07-26T15:33:29.237355+00:00 SYNC_NOT_FOUND first4=BE40CA68
SYNC_NOT_FOUND first4=8D6698E2
SYNC_NOT_FOUND first4=01D72B29
SYNC_NOT_FOUND first4=B777CC86
SYNC_NOT_FOUND first4=D37F821F
SYNC_NOT_FOUND first4=6388CC63
SYNC_NOT_FOUND first4=EDA84259
SYNC_NOT_FOUND first4=E0E3E93C
SYNC_NOT_FOUND first4=CFEFC0B8
SYNC_NOT_FOUND first4=629A6DF0
SYNC_NOT_FOUND first4=4ECED4E7
SYNC_NOT_FOUND first4=39636F6E
2026-07-26T15:33:30.248339+00:00 SYNC_NOT_FOUND first4=F5BD9B78
SYNC_NOT_FOUND first4=2733F635
SYNC_NOT_FOUND first4=6FE4BAB5
SYNC_NOT_FOUND first4=D96CD491
PHASE_RESULT 20 HF-FLRC-650-32 pktSize=32 rx=0 unique=0 lost=100 per=100.0 rssi_avg=0 rssi_min=0 crc_err=0 garbage=19 tx_lat=0.00000 tx_lon=0.00000 sats=0 fix=0 utc=0 tx_fw=none rx_fw=unknown
PHASE_GUARD 500
PHASE_START 21 HF-FLRC-650-64 pktSize=64
SYNC_NOT_FOUND first4=E90C9D64
SYNC_NOT_FOUND first4=5F432773
2026-07-26T15:33:31.259356+00:00 SYNC_NOT_FOUND first4=6AF424ED
SYNC_NOT_FOUND first4=5AC4887A
SYNC_NOT_FOUND first4=60E34079
SYNC_NOT_FOUND first4=7F22B1D0
SYNC_NOT_FOUND first4=C1F61FDF
SYNC_NOT_FOUND first4=96C45CDD
SYNC_NOT_FOUND first4=349AD14F
SYNC_NOT_FOUND first4=CE1F4344
TIME_SYNCED utc=1785080010 offset=1785062472
SYNC_NOT_FOUND first4=0331E058
SYNC_NOT_FOUND first4=0EF6A3BC
SYNC_NOT_FOUND first4=56C6B20A
SYNC_NOT_FOUND first4=3C1622A6
SYNC_NOT_FOUND first4=6B0997B4
SYNC_NOT_FOUND first4=F5AF0EFA
SYNC_NOT_FOUND first4=D7C79495
SYNC_NOT_FOUND first4=A23F757B
SYNC_NOT_FOUND first4=55AF467B
SYNC_NOT_FOUND first4=BC1CE846
SYNC_NOT_FOUND first4=5092872C
SYNC_NOT_FOUND first4=6E21B8A5
SYNC_NOT_FOUND first4=1DF3AFBC
SYNC_NOT_FOUND first4=98079152
2026-07-26T15:33:32.270186+00:00 SYNC_NOT_FOUND first4=AC3C446C
SYNC_NOT_FOUND first4=6B75612D
SYNC_NOT_FOUND first4=73A4A73E
SYNC_NOT_FOUND first4=4118EE27
SYNC_NOT_FOUND first4=CCE0A28C
SYNC_NOT_FOUND first4=31EB700A
SYNC_NOT_FOUND first4=9D406C1F
SYNC_NOT_FOUND first4=089CF316
PHASE_RESULT 21 HF-FLRC-650-64 pktSize=64 rx=0 unique=0 lost=100 per=100.0 rssi_avg=0 rssi_min=0 crc_err=0 garbage=32 tx_lat=0.00000 tx_lon=0.00000 sats=0 fix=0 utc=0 tx_fw=none rx_fw=unknown
PHASE_GUARD 500
PHASE_START 22 HF-FLRC-650-128 pktSize=128
SYNC_NOT_FOUND first4=BDDE1747
SYNC_NOT_FOUND first4=0A28D36A
SYNC_NOT_FOUND first4=9AE86E1A
SYNC_NOT_FOUND first4=89168022
SYNC_NOT_FOUND first4=A88DA1B7
SYNC_NOT_FOUND first4=3CEFD842
SYNC_NOT_FOUND first4=E96D44E0
2026-07-26T15:33:33.277120+00:00 SYNC_NOT_FOUND first4=46B8E638
SYNC_NOT_FOUND first4=F83C14BD
SYNC_NOT_FOUND first4=84B59AEA
SYNC_NOT_FOUND first4=31B4A1B1
SYNC_NOT_FOUND first4=D800185C
SYNC_NOT_FOUND first4=DA2683F5
SYNC_NOT_FOUND first4=9418A33D
SYNC_NOT_FOUND first4=4DC0BF78
SYNC_NOT_FOUND first4=B87B44E9
SYNC_NOT_FOUND first4=45F33910
SYNC_NOT_FOUND first4=9FC92B71
SYNC_NOT_FOUND first4=2A8B8A88
SYNC_NOT_FOUND first4=4A6704C3
SYNC_NOT_FOUND first4=DE1A4EBA
SYNC_NOT_FOUND first4=C614D560
2026-07-26T15:33:34.280786+00:00 TIME_SYNCED utc=1785080013 offset=1785062472
SYNC_NOT_FOUND first4=83E180E0
SYNC_NOT_FOUND first4=A520CF0D
SYNC_NOT_FOUND first4=3C3FA482
SYNC_NOT_FOUND first4=3F8888B8
SYNC_NOT_FOUND first4=5FC93DC9
SYNC_NOT_FOUND first4=622DAFA1
PHASE_RESULT 22 HF-FLRC-650-128 pktSize=128 rx=0 unique=0 lost=100 per=100.0 rssi_avg=0 rssi_min=0 crc_err=0 garbage=28 tx_lat=0.00000 tx_lon=0.00000 sats=0 fix=0 utc=0 tx_fw=none rx_fw=unknown
PHASE_GUARD 500
PHASE_START 23 HF-FLRC-650-255 pktSize=255
SYNC_NOT_FOUND first4=EE46A8B1
SYNC_NOT_FOUND first4=FC670302
SYNC_NOT_FOUND first4=03A4E767
SYNC_NOT_FOUND first4=DB6315E1
SYNC_NOT_FOUND first4=F3AFCF77
SYNC_NOT_FOUND first4=EE207581
SYNC_NOT_FOUND first4=C462C4B3
2026-07-26T15:33:35.292070+00:00 SYNC_NOT_FOUND first4=26056EBD
SYNC_NOT_FOUND first4=62407633
SYNC_NOT_FOUND first4=F57574AF
SYNC_NOT_FOUND first4=9E6E4E2A
SYNC_NOT_FOUND first4=2DF28C10
SYNC_NOT_FOUND first4=D7ED4D07
SYNC_NOT_FOUND first4=DBAF62A4
SYNC_NOT_FOUND first4=6D3B85C0
SYNC_NOT_FOUND first4=D043C238
SYNC_NOT_FOUND first4=207EFD8E
SYNC_NOT_FOUND first4=0A73359F
SYNC_NOT_FOUND first4=295FC58B
SYNC_NOT_FOUND first4=D61E4174
SYNC_NOT_FOUND first4=1837E2BB
SYNC_NOT_FOUND first4=DB559201
SYNC_NOT_FOUND first4=70DEEDD7
SYNC_NOT_FOUND first4=9D585D5D
SYNC_NOT_FOUND first4=29A14A01
SYNC_NOT_FOUND first4=7260A2AF
SYNC_NOT_FOUND first4=779DB9B6
SYNC_NOT_FOUND first4=C6EEC5D4
SYNC_NOT_FOUND first4=4DA2CDB2
SYNC_NOT_FOUND first4=4E83A519
SYNC_NOT_FOUND first4=E0AC4986
SYNC_NOT_FOUND first4=89E6F1A4
SYNC_NOT_FOUND first4=1B0DC958
SYNC_NOT_FOUND first4=87345AE7
2026-07-26T15:33:36.304226+00:00 SYNC_NOT_FOUND first4=D6E135E3
SYNC_NOT_FOUND first4=B082C528
SYNC_NOT_FOUND first4=D1A57318
SYNC_NOT_FOUND first4=1E11088B
SYNC_NOT_FOUND first4=A7490F4D
SYNC_NOT_FOUND first4=1D0D4BCD
SYNC_NOT_FOUND first4=C539AAA7
SYNC_NOT_FOUND first4=3C429681
SYNC_NOT_FOUND first4=1506DC3E
SYNC_NOT_FOUND first4=119E9728
SYNC_NOT_FOUND first4=CE953581
PHASE_RESULT 23 HF-FLRC-650-255 pktSize=255 rx=0 unique=0 lost=100 per=100.0 rssi_avg=0 rssi_min=0 crc_err=0 garbage=45 tx_lat=0.00000 tx_lon=0.00000 sats=0 fix=0 utc=0 tx_fw=none rx_fw=unknown
PHASE_GUARD 500
PHASE_START 24 HF-FLRC-325-32 pktSize=32
2026-07-26T15:33:37.316359+00:00 SYNC_NOT_FOUND first4=BB455654
2026-07-26T15:33:38.327415+00:00 SYNC_NOT_FOUND first4=4F52D9D2
SYNC_NOT_FOUND first4=2DC078E7
PHASE_RESULT 24 HF-FLRC-325-32 pktSize=32 rx=0 unique=0 lost=100 per=100.0 rssi_avg=0 rssi_min=0 crc_err=0 garbage=3 tx_lat=0.00000 tx_lon=0.00000 sats=0 fix=0 utc=0 tx_fw=none rx_fw=unknown
PHASE_GUARD 500
PHASE_START 25 HF-FLRC-325-64 pktSize=64
SYNC_NOT_FOUND first4=A6A715E7
SYNC_NOT_FOUND first4=A4CC2BBE
2026-07-26T15:33:39.338587+00:00 SYNC_NOT_FOUND first4=BF8ED4AD
SYNC_NOT_FOUND first4=6E465460
2026-07-26T15:33:40.349848+00:00 SYNC_NOT_FOUND first4=D2B5F282
PHASE_RESULT 25 HF-FLRC-325-64 pktSize=64 rx=0 unique=0 lost=100 per=100.0 rssi_avg=0 rssi_min=0 crc_err=0 garbage=5 tx_lat=0.00000 tx_lon=0.00000 sats=0 fix=0 utc=0 tx_fw=none rx_fw=unknown
PHASE_GUARD 500
PHASE_START 26 HF-FLRC-325-128 pktSize=128
SYNC_NOT_FOUND first4=597FA27B
SYNC_NOT_FOUND first4=D0029E73
2026-07-26T15:33:41.361764+00:00 TIME_SYNCED utc=1785080020 offset=1785062472
SYNC_NOT_FOUND first4=74C90A40
SYNC_NOT_FOUND first4=5B31F520
SYNC_NOT_FOUND first4=FBCBC183
SYNC_NOT_FOUND first4=A4FB0B38
SYNC_NOT_FOUND first4=4E7C8A7E
2026-07-26T15:33:42.373782+00:00 SYNC_NOT_FOUND first4=1DAD6E06
PHASE_RESULT 26 HF-FLRC-325-128 pktSize=128 rx=0 unique=0 lost=100 per=100.0 rssi_avg=0 rssi_min=0 crc_err=0 garbage=8 tx_lat=0.00000 tx_lon=0.00000 sats=0 fix=0 utc=0 tx_fw=none rx_fw=unknown
PHASE_GUARD 500
PHASE_START 27 HF-FLRC-325-255 pktSize=255
SYNC_NOT_FOUND first4=97C1E06F
SYNC_NOT_FOUND first4=1DC0252C
2026-07-26T15:33:43.385005+00:00 SYNC_NOT_FOUND first4=0B30B42C
SYNC_NOT_FOUND first4=83E2FD10
2026-07-26T15:33:44.389279+00:00 TIME_SYNCED utc=1785080023 offset=1785062472
PHASE_RESULT 27 HF-FLRC-325-255 pktSize=255 rx=0 unique=0 lost=100 per=100.0 rssi_avg=0 rssi_min=0 crc_err=0 garbage=4 tx_lat=0.00000 tx_lon=0.00000 sats=0 fix=0 utc=0 tx_fw=none rx_fw=unknown
PHASE_GUARD 500
LORA_CFG path=0 bw=0x05 sf=7
PHASE_START 28 LF-LoRa-SF7-32 pktSize=32
2026-07-26T15:33:46.451860+00:00 PHASE_RESULT 28 LF-LoRa-SF7-32 pktSize=32 rx=0 unique=0 lost=20 per=100.0 rssi_avg=0 rssi_min=0 crc_err=0 garbage=0 tx_lat=0.00000 tx_lon=0.00000 sats=0 fix=0 utc=0 tx_fw=none rx_fw=unknown
PHASE_GUARD 500
LORA_CFG path=0 bw=0x05 sf=7
PHASE_START 29 LF-LoRa-SF7-64 pktSize=64
2026-07-26T15:33:49.560225+00:00 PHASE_RESULT 29 LF-LoRa-SF7-64 pktSize=64 rx=0 unique=0 lost=20 per=100.0 rssi_avg=0 rssi_min=0 crc_err=0 garbage=0 tx_lat=0.00000 tx_lon=0.00000 sats=0 fix=0 utc=0 tx_fw=none rx_fw=unknown
PHASE_GUARD 500
LORA_CFG path=0 bw=0x05 sf=7
PHASE_START 30 LF-LoRa-SF7-128 pktSize=128
2026-07-26T15:33:50.564350+00:00 TIME_SYNCED utc=1785080030 offset=1785062472
2026-07-26T15:33:53.679078+00:00 PHASE_RESULT 30 LF-LoRa-SF7-128 pktSize=128 rx=0 unique=0 lost=13 per=100.0 rssi_avg=0 rssi_min=0 crc_err=0 garbage=0 tx_lat=0.00000 tx_lon=0.00000 sats=0 fix=0 utc=0 tx_fw=none rx_fw=unknown
PHASE_GUARD 500
LORA_CFG path=0 bw=0x05 sf=7
PHASE_START 31 LF-LoRa-SF7-255 pktSize=255
2026-07-26T15:33:54.683354+00:00 TIME_SYNCED utc=1785080033 offset=1785062472
2026-07-26T15:33:57.797463+00:00 PHASE_RESULT 31 LF-LoRa-SF7-255 pktSize=255 rx=0 unique=0 lost=7 per=100.0 rssi_avg=0 rssi_min=0 crc_err=0 garbage=0 tx_lat=0.00000 tx_lon=0.00000 sats=0 fix=0 utc=0 tx_fw=none rx_fw=unknown
PHASE_GUARD 500
LORA_CFG path=0 bw=0x05 sf=9
PHASE_START 32 LF-LoRa-SF9-32 pktSize=32
2026-07-26T15:34:00.911395+00:00 TIME_SYNCED utc=1785080040 offset=1785062472
PHASE_RESULT 32 LF-LoRa-SF9-32 pktSize=32 rx=0 unique=0 lost=7 per=100.0 rssi_avg=0 rssi_min=0 crc_err=0 garbage=0 tx_lat=0.00000 tx_lon=0.00000 sats=0 fix=0 utc=0 tx_fw=none rx_fw=unknown
PHASE_GUARD 500
LORA_CFG path=0 bw=0x05 sf=9
2026-07-26T15:34:01.923200+00:00 PHASE_START 33 LF-LoRa-SF9-64 pktSize=64
2026-07-26T15:34:03.985528+00:00 PHASE_RESULT 33 LF-LoRa-SF9-64 pktSize=64 rx=0 unique=0 lost=3 per=100.0 rssi_avg=0 rssi_min=0 crc_err=0 garbage=0 tx_lat=0.00000 tx_lon=0.00000 sats=0 fix=0 utc=0 tx_fw=none rx_fw=unknown
PHASE_GUARD 500
LORA_CFG path=0 bw=0x05 sf=9
PHASE_START 34 LF-LoRa-SF9-128 pktSize=128
2026-07-26T15:34:04.996764+00:00 TIME_SYNCED utc=1785080043 offset=1785062471
PHASE_RESULT 34 LF-LoRa-SF9-128 pktSize=128 rx=0 unique=0 lost=1 per=100.0 rssi_avg=0 rssi_min=0 crc_err=0 garbage=0 tx_lat=0.00000 tx_lon=0.00000 sats=0 fix=0 utc=0 tx_fw=none rx_fw=unknown
PHASE_GUARD 500
LORA_CFG path=0 bw=0x05 sf=9
PHASE_START 33 LF-LoRa-SF9-64 pktSize=64
PHASE_RESULT 33 LF-LoRa-SF9-64 pktSize=64 rx=0 unique=0 lost=3 per=100.0 rssi_avg=0 rssi_min=0 crc_err=0 garbage=0 tx_lat=0.00000 tx_lon=0.00000 sats=0 fix=0 utc=0 tx_fw=none rx_fw=unknown
PHASE_GUARD 500
LORA_CFG path=0 bw=0x05 sf=9
PHASE_START 34 LF-LoRa-SF9-128 pktSize=128
2026-07-26T15:34:07.058916+00:00 PHASE_RESULT 34 LF-LoRa-SF9-128 pktSize=128 rx=0 unique=0 lost=1 per=100.0 rssi_avg=0 rssi_min=0 crc_err=0 garbage=0 tx_lat=0.00000 tx_lon=0.00000 sats=0 fix=0 utc=0 tx_fw=none rx_fw=unknown
PHASE_GUARD 500
LORA_CFG path=0 bw=0x05 sf=9
PHASE_START 35 LF-LoRa-SF9-255 pktSize=255
2026-07-26T15:34:11.221792+00:00 TIME_SYNCED utc=1785080050 offset=1785062472
PHASE_RESULT 35 LF-LoRa-SF9-255 pktSize=255 rx=0 unique=0 lost=1 per=100.0 rssi_avg=0 rssi_min=0 crc_err=0 garbage=0 tx_lat=0.00000 tx_lon=0.00000 sats=0 fix=0 utc=0 tx_fw=none rx_fw=unknown
PHASE_GUARD 500
LORA_CFG path=0 bw=0x05 sf=12
PHASE_START 36 LF-LoRa-SF12-32 pktSize=32
2026-07-26T15:34:15.387198+00:00 TIME_SYNCED utc=1785080054 offset=1785062472
2026-07-26T15:34:20.594726+00:00 TIME_SYNCED utc=1785080060 offset=1785062472
2026-07-26T15:34:25.813361+00:00 TIME_SYNCED utc=1785080064 offset=1785062472
PHASE_RESULT 36 LF-LoRa-SF12-32 pktSize=32 rx=0 unique=0 lost=1 per=100.0 rssi_avg=0 rssi_min=0 crc_err=0 garbage=0 tx_lat=0.00000 tx_lon=0.00000 sats=0 fix=0 utc=0 tx_fw=none rx_fw=unknown
PHASE_GUARD 500
LORA_CFG path=0 bw=0x05 sf=12
PHASE_START 37 LF-LoRa-SF12-SKIP SKIP pktSize=64
2026-07-26T15:34:26.824314+00:00 PHASE_RESULT 37 LF-LoRa-SF12-SKIP pktSize=64 rx=0 unique=0 lost=0 per=0.0 rssi_avg=0 rssi_min=0 crc_err=0 garbage=0 tx_lat=0.00000 tx_lon=0.00000 sats=0 fix=0 utc=0 tx_fw=none rx_fw=unknown
PHASE_GUARD 500
LORA_CFG path=0 bw=0x05 sf=12
PHASE_START 38 LF-LoRa-SF12-SKIP SKIP pktSize=128
PHASE_RESULT 38 LF-LoRa-SF12-SKIP pktSize=128 rx=0 unique=0 lost=0 per=0.0 rssi_avg=0 rssi_min=0 crc_err=0 garbage=0 tx_lat=0.00000 tx_lon=0.00000 sats=0 fix=0 utc=0 tx_fw=none rx_fw=unknown
2026-07-26T15:34:27.835241+00:00 PHASE_GUARD 500
LORA_CFG path=0 bw=0x05 sf=12
PHASE_START 39 LF-LoRa-SF12-SKIP SKIP pktSize=255
PHASE_RESULT 39 LF-LoRa-SF12-SKIP pktSize=255 rx=0 unique=0 lost=0 per=0.0 rssi_avg=0 rssi_min=0 crc_err=0 garbage=0 tx_lat=0.00000 tx_lon=0.00000 sats=0 fix=0 utc=0 tx_fw=none rx_fw=unknown
2026-07-26T15:34:28.846282+00:00 PHASE_GUARD 500
PHASE_START 40 LF-FLRC-2600-32 pktSize=32
SYNC_NOT_FOUND first4=5570D302
2026-07-26T15:34:29.857156+00:00 SYNC_NOT_FOUND first4=45240855
SYNC_NOT_FOUND first4=B11AA420
PHASE_RESULT 40 LF-FLRC-2600-32 pktSize=32 rx=0 unique=0 lost=100 per=100.0 rssi_avg=0 rssi_min=0 crc_err=0 garbage=3 tx_lat=0.00000 tx_lon=0.00000 sats=0 fix=0 utc=0 tx_fw=none rx_fw=unknown
PHASE_GUARD 500
2026-07-26T15:34:30.860290+00:00 PHASE_START 41 LF-FLRC-2600-64 pktSize=64
TIME_SYNCED utc=1785080070 offset=1785062472
2026-07-26T15:34:31.871169+00:00 PHASE_RESULT 41 LF-FLRC-2600-64 pktSize=64 rx=0 unique=0 lost=100 per=100.0 rssi_avg=0 rssi_min=0 crc_err=0 garbage=0 tx_lat=0.00000 tx_lon=0.00000 sats=0 fix=0 utc=0 tx_fw=none rx_fw=unknown
PHASE_GUARD 500
2026-07-26T15:34:32.875747+00:00 PHASE_START 42 LF-FLRC-2600-128 pktSize=128
SYNC_NOT_FOUND first4=1902817D
2026-07-26T15:34:33.886673+00:00 PHASE_RESULT 42 LF-FLRC-2600-128 pktSize=128 rx=0 unique=0 lost=100 per=100.0 rssi_avg=0 rssi_min=0 crc_err=0 garbage=1 tx_lat=0.00000 tx_lon=0.00000 sats=0 fix=0 utc=0 tx_fw=none rx_fw=unknown
PHASE_GUARD 500
2026-07-26T15:34:34.898059+00:00 PHASE_START 43 LF-FLRC-2600-255 pktSize=255
SYNC_NOT_FOUND first4=A53F723D
SYNC_NOT_FOUND first4=B183BB26
2026-07-26T15:34:35.902463+00:00 TIME_SYNCED utc=1785080074 offset=1785062471
SYNC_NOT_FOUND first4=311AE35B
2026-07-26T15:34:36.913362+00:00 SYNC_NOT_FOUND first4=35D5442B
SYNC_NOT_FOUND first4=9A22B67D
PHASE_RESULT 43 LF-FLRC-2600-255 pktSize=255 rx=0 unique=0 lost=100 per=100.0 rssi_avg=0 rssi_min=0 crc_err=0 garbage=5 tx_lat=0.00000 tx_lon=0.00000 sats=0 fix=0 utc=0 tx_fw=none rx_fw=unknown
PHASE_GUARD 500
2026-07-26T15:34:37.925193+00:00 PHASE_START 44 LF-FLRC-1300-32 pktSize=32
2026-07-26T15:34:38.936883+00:00 SYNC_NOT_FOUND first4=A045D9BD
PHASE_RESULT 44 LF-FLRC-1300-32 pktSize=32 rx=0 unique=0 lost=100 per=100.0 rssi_avg=0 rssi_min=0 crc_err=0 garbage=1 tx_lat=0.00000 tx_lon=0.00000 sats=0 fix=0 utc=0 tx_fw=none rx_fw=unknown
PHASE_GUARD 500
2026-07-26T15:34:39.948326+00:00 PHASE_START 45 LF-FLRC-1300-64 pktSize=64
SYNC_NOT_FOUND first4=1ADA4BA6
SYNC_NOT_FOUND first4=C293B5D0
2026-07-26T15:34:40.959747+00:00 SYNC_NOT_FOUND first4=25154116
TIME_SYNCED utc=1785080080 offset=1785062472
PHASE_RESULT 45 LF-FLRC-1300-64 pktSize=64 rx=0 unique=0 lost=100 per=100.0 rssi_avg=0 rssi_min=0 crc_err=0 garbage=3 tx_lat=0.00000 tx_lon=0.00000 sats=0 fix=0 utc=0 tx_fw=none rx_fw=unknown
PHASE_GUARD 500
PHASE_START 46 LF-FLRC-1300-128 pktSize=128
SYNC_NOT_FOUND first4=9DB07F32
2026-07-26T15:34:41.970691+00:00 PHASE_RESULT 46 LF-FLRC-1300-128 pktSize=128 rx=0 unique=0 lost=100 per=100.0 rssi_avg=0 rssi_min=0 crc_err=0 garbage=1 tx_lat=0.00000 tx_lon=0.00000 sats=0 fix=0 utc=0 tx_fw=none rx_fw=unknown
PHASE_GUARD 500
PHASE_START 47 LF-FLRC-1300-255 pktSize=255
2026-07-26T15:34:42.982996+00:00 SYNC_NOT_FOUND first4=C3B125D7
2026-07-26T15:34:43.993905+00:00 PHASE_RESULT 47 LF-FLRC-1300-255 pktSize=255 rx=0 unique=0 lost=100 per=100.0 rssi_avg=0 rssi_min=0 crc_err=0 garbage=1 tx_lat=0.00000 tx_lon=0.00000 sats=0 fix=0 utc=0 tx_fw=none rx_fw=unknown
PHASE_GUARD 500
PHASE_START 48 LF-FLRC-650-32 pktSize=32
2026-07-26T15:34:46.055960+00:00 TIME_SYNCED utc=1785080085 offset=1785062472
PHASE_RESULT 48 LF-FLRC-650-32 pktSize=32 rx=0 unique=0 lost=100 per=100.0 rssi_avg=0 rssi_min=0 crc_err=0 garbage=0 tx_lat=0.00000 tx_lon=0.00000 sats=0 fix=0 utc=0 tx_fw=none rx_fw=unknown
PHASE_GUARD 500
PHASE_START 49 LF-FLRC-650-64 pktSize=64
2026-07-26T15:34:47.067103+00:00 SYNC_NOT_FOUND first4=FE8F976B
2026-07-26T15:34:48.078808+00:00 SYNC_NOT_FOUND first4=1936E96B
PHASE_RESULT 49 LF-FLRC-650-64 pktSize=64 rx=0 unique=0 lost=100 per=100.0 rssi_avg=0 rssi_min=0 crc_err=0 garbage=2 tx_lat=0.00000 tx_lon=0.00000 sats=0 fix=0 utc=0 tx_fw=none rx_fw=unknown
PHASE_GUARD 500
PHASE_START 50 LF-FLRC-650-128 pktSize=128
2026-07-26T15:34:49.089899+00:00 SYNC_NOT_FOUND first4=81A2BCF8
2026-07-26T15:34:50.100896+00:00 SYNC_NOT_FOUND first4=00324C20
PHASE_RESULT 50 LF-FLRC-650-128 pktSize=128 rx=0 unique=0 lost=100 per=100.0 rssi_avg=0 rssi_min=0 crc_err=0 garbage=2 tx_lat=0.00000 tx_lon=0.00000 sats=0 fix=0 utc=0 tx_fw=none rx_fw=unknown
PHASE_GUARD 500
PHASE_START 51 LF-FLRC-650-255 pktSize=255
SYNC_NOT_FOUND first4=3039EF31
2026-07-26T15:34:51.105229+00:00 TIME_SYNCED utc=1785080090 offset=1785062472
2026-07-26T15:34:52.117319+00:00 SYNC_NOT_FOUND first4=62A99A2B
PHASE_RESULT 51 LF-FLRC-650-255 pktSize=255 rx=0 unique=0 lost=100 per=100.0 rssi_avg=0 rssi_min=0 crc_err=0 garbage=2 tx_lat=0.00000 tx_lon=0.00000 sats=0 fix=0 utc=0 tx_fw=none rx_fw=unknown
PHASE_GUARD 500
PHASE_START 52 LF-FLRC-325-32 pktSize=32
2026-07-26T15:34:54.179668+00:00 SYNC_NOT_FOUND first4=E88D4435
PHASE_RESULT 52 LF-FLRC-325-32 pktSize=32 rx=0 unique=0 lost=100 per=100.0 rssi_avg=0 rssi_min=0 crc_err=0 garbage=1 tx_lat=0.00000 tx_lon=0.00000 sats=0 fix=0 utc=0 tx_fw=none rx_fw=unknown
PHASE_GUARD 500
PHASE_START 53 LF-FLRC-325-64 pktSize=64
2026-07-26T15:34:56.242600+00:00 TIME_SYNCED utc=1785080095 offset=1785062472
PHASE_RESULT 53 LF-FLRC-325-64 pktSize=64 rx=0 unique=0 lost=100 per=100.0 rssi_avg=0 rssi_min=0 crc_err=0 garbage=0 tx_lat=0.00000 tx_lon=0.00000 sats=0 fix=0 utc=0 tx_fw=none rx_fw=unknown
PHASE_GUARD 500
PHASE_START 54 LF-FLRC-325-128 pktSize=128
2026-07-26T15:34:58.304992+00:00 PHASE_RESULT 54 LF-FLRC-325-128 pktSize=128 rx=0 unique=0 lost=100 per=100.0 rssi_avg=0 rssi_min=0 crc_err=0 garbage=0 tx_lat=0.00000 tx_lon=0.00000 sats=0 fix=0 utc=0 tx_fw=none rx_fw=unknown
PHASE_GUARD 500
PHASE_START 55 LF-FLRC-325-255 pktSize=255
2026-07-26T15:34:59.316352+00:00 SYNC_NOT_FOUND first4=90DE0C9C
2026-07-26T15:35:00.327647+00:00 PHASE_RESULT 55 LF-FLRC-325-255 pktSize=255 rx=0 unique=0 lost=100 per=100.0 rssi_avg=0 rssi_min=0 crc_err=0 garbage=1 tx_lat=0.00000 tx_lon=0.00000 sats=0 fix=0 utc=0 tx_fw=none rx_fw=unknown
PHASE_GUARD 500
LORA_CFG path=1 bw=0x0F sf=7
PHASE_START 0 HF-LoRa-SF7-32 pktSize=32
2026-07-26T15:35:01.341206+00:00 TIME_SYNCED utc=1785080100 offset=1785062472
2026-07-26T15:35:02.351809+00:00 PHASE_RESULT 0 HF-LoRa-SF7-32 pktSize=32 rx=0 unique=0 lost=20 per=100.0 rssi_avg=0 rssi_min=0 crc_err=0 garbage=0 tx_lat=0.00000 tx_lon=0.00000 sats=0 fix=0 utc=0 tx_fw=none rx_fw=unknown
PHASE_GUARD 500
LORA_CFG path=1 bw=0x0F sf=7
PHASE_START 1 HF-LoRa-SF7-64 pktSize=64
2026-07-26T15:35:04.415242+00:00 PHASE_RESULT 1 HF-LoRa-SF7-64 pktSize=64 rx=0 unique=0 lost=20 per=100.0 rssi_avg=0 rssi_min=0 crc_err=0 garbage=0 tx_lat=0.00000 tx_lon=0.00000 sats=0 fix=0 utc=0 tx_fw=none rx_fw=unknown
PHASE_GUARD 500
LORA_CFG path=1 bw=0x0F sf=7
PHASE_START 2 HF-LoRa-SF7-128 pktSize=128
2026-07-26T15:35:06.478622+00:00 TIME_SYNCED utc=1785080105 offset=1785062472
PHASE_RESULT 2 HF-LoRa-SF7-128 pktSize=128 rx=0 unique=0 lost=20 per=100.0 rssi_avg=0 rssi_min=0 crc_err=0 garbage=0 tx_lat=0.00000 tx_lon=0.00000 sats=0 fix=0 utc=0 tx_fw=none rx_fw=unknown
PHASE_GUARD 500
LORA_CFG path=1 bw=0x0F sf=7
PHASE_START 3 HF-LoRa-SF7-255 pktSize=255
2026-07-26T15:35:09.592736+00:00 PHASE_RESULT 3 HF-LoRa-SF7-255 pktSize=255 rx=0 unique=0 lost=20 per=100.0 rssi_avg=0 rssi_min=0 crc_err=0 garbage=0 tx_lat=0.00000 tx_lon=0.00000 sats=0 fix=0 utc=0 tx_fw=none rx_fw=unknown
PHASE_GUARD 500
LORA_CFG path=1 bw=0x0F sf=9
PHASE_START 4 HF-LoRa-SF9-32 pktSize=32
2026-07-26T15:35:10.596152+00:00 TIME_SYNCED utc=1785080110 offset=1785062472
2026-07-26T15:35:11.607561+00:00 PHASE_RESULT 4 HF-LoRa-SF9-32 pktSize=32 rx=0 unique=0 lost=20 per=100.0 rssi_avg=0 rssi_min=0 crc_err=0 garbage=0 tx_lat=0.00000 tx_lon=0.00000 sats=0 fix=0 utc=0 tx_fw=none rx_fw=unknown
PHASE_GUARD 500
LORA_CFG path=1 bw=0x0F sf=9
PHASE_START 5 HF-LoRa-SF9-64 pktSize=64
2026-07-26T15:35:14.722115+00:00 PHASE_RESULT 5 HF-LoRa-SF9-64 pktSize=64 rx=0 unique=0 lost=20 per=100.0 rssi_avg=0 rssi_min=0 crc_err=0 garbage=0 tx_lat=0.00000 tx_lon=0.00000 sats=0 fix=0 utc=0 tx_fw=none rx_fw=unknown
PHASE_GUARD 500
LORA_CFG path=1 bw=0x0F sf=9
PHASE_START 6 HF-LoRa-SF9-128 pktSize=128
2026-07-26T15:35:16.785356+00:00 TIME_SYNCED utc=1785080115 offset=1785062472
2026-07-26T15:35:18.848205+00:00 PHASE_RESULT 6 HF-LoRa-SF9-128 pktSize=128 rx=0 unique=0 lost=13 per=100.0 rssi_avg=0 rssi_min=0 crc_err=0 garbage=0 tx_lat=0.00000 tx_lon=0.00000 sats=0 fix=0 utc=0 tx_fw=none rx_fw=unknown
PHASE_GUARD 500
LORA_CFG path=1 bw=0x0F sf=9
PHASE_START 7 HF-LoRa-SF9-255 pktSize=255
2026-07-26T15:35:20.910703+00:00 TIME_SYNCED utc=1785080120 offset=1785062472
PHASE_RESULT 7 HF-LoRa-SF9-255 pktSize=255 rx=0 unique=0 lost=6 per=100.0 rssi_avg=0 rssi_min=0 crc_err=0 garbage=0 tx_lat=0.00000 tx_lon=0.00000 sats=0 fix=0 utc=0 tx_fw=none rx_fw=unknown
PHASE_GUARD 500
LORA_CFG path=1 bw=0x0F sf=12
2026-07-26T15:35:21.922784+00:00 PHASE_START 8 HF-LoRa-SF12-32 pktSize=32
2026-07-26T15:35:23.977810+00:00 PHASE_RESULT 8 HF-LoRa-SF12-32 pktSize=32 rx=0 unique=0 lost=2 per=100.0 rssi_avg=0 rssi_min=0 crc_err=0 garbage=0 tx_lat=0.00000 tx_lon=0.00000 sats=0 fix=0 utc=0 tx_fw=none rx_fw=unknown
PHASE_GUARD 500
LORA_CFG path=1 bw=0x0F sf=12
PHASE_START 9 HF-LoRa-SF12-64 pktSize=64
2026-07-26T15:35:27.091907+00:00 TIME_SYNCED utc=1785080126 offset=1785062472
PHASE_RESULT 9 HF-LoRa-SF12-64 pktSize=64 rx=0 unique=0 lost=1 per=100.0 rssi_avg=0 rssi_min=0 crc_err=0 garbage=0 tx_lat=0.00000 tx_lon=0.00000 sats=0 fix=0 utc=0 tx_fw=none rx_fw=unknown
PHASE_GUARD 500
LORA_CFG path=1 bw=0x0F sf=12
PHASE_START 10 HF-LoRa-SF12-128 pktSize=128
2026-07-26T15:35:31.256364+00:00 TIME_SYNCED utc=1785080130 offset=1785062472
2026-07-26T15:35:32.260192+00:00 PHASE_RESULT 10 HF-LoRa-SF12-128 pktSize=128 rx=0 unique=0 lost=1 per=100.0 rssi_avg=0 rssi_min=0 crc_err=0 garbage=0 tx_lat=0.00000 tx_lon=0.00000 sats=0 fix=0 utc=0 tx_fw=none rx_fw=unknown
PHASE_GUARD 500
LORA_CFG path=1 bw=0x0F sf=12
PHASE_START 11 HF-LoRa-SF12-255 pktSize=255
2026-07-26T15:35:37.477279+00:00 TIME_SYNCED utc=1785080136 offset=1785062472
2026-07-26T15:35:41.635588+00:00 TIME_SYNCED utc=1785080140 offset=1785062472
2026-07-26T15:35:42.642266+00:00 PHASE_RESULT 11 HF-LoRa-SF12-255 pktSize=255 rx=0 unique=0 lost=1 per=100.0 rssi_avg=0 rssi_min=0 crc_err=0 garbage=0 tx_lat=0.00000 tx_lon=0.00000 sats=0 fix=0 utc=0 tx_fw=none rx_fw=unknown
PHASE_GUARD 500
PHASE_START 12 HF-FLRC-2600-32 pktSize=32
SYNC_NOT_FOUND first4=80234B74
SYNC_NOT_FOUND first4=261A3D67
2026-07-26T15:35:43.653352+00:00 SYNC_NOT_FOUND first4=B4557D07
SYNC_NOT_FOUND first4=73003002
SYNC_NOT_FOUND first4=C684D346
SYNC_NOT_FOUND first4=888413EF
SYNC_NOT_FOUND first4=0D8266DE
SYNC_NOT_FOUND first4=7F5DE4F5
SYNC_NOT_FOUND first4=23B3E7BD
2026-07-26T15:35:44.671455+00:00 PHASE_RESULT 12 HF-FLRC-2600-32 pktSize=32 rx=0 unique=0 lost=100 per=100.0 rssi_avg=0 rssi_min=0 crc_err=0 garbage=9 tx_lat=0.00000 tx_lon=0.00000 sats=0 fix=0 utc=0 tx_fw=none rx_fw=unknown
PHASE_GUARD 500
PHASE_START 13 HF-FLRC-2600-64 pktSize=64
SYNC_NOT_FOUND first4=4DF8AF04
SYNC_NOT_FOUND first4=D97503D3
2026-07-26T15:35:45.682708+00:00 SYNC_NOT_FOUND first4=FD061328
SYNC_NOT_FOUND first4=5983FA05
SYNC_NOT_FOUND first4=C95B3E34
SYNC_NOT_FOUND first4=C510A142
SYNC_NOT_FOUND first4=721D5BB0
2026-07-26T15:35:46.694395+00:00 SYNC_NOT_FOUND first4=4B437EEB
SYNC_NOT_FOUND first4=F13AA3D5
PHASE_RESULT 13 HF-FLRC-2600-64 pktSize=64 rx=0 unique=0 lost=100 per=100.0 rssi_avg=0 rssi_min=0 crc_err=0 garbage=9 tx_lat=0.00000 tx_lon=0.00000 sats=0 fix=0 utc=0 tx_fw=none rx_fw=unknown
PHASE_GUARD 500
PHASE_START 14 HF-FLRC-2600-128 pktSize=128
SYNC_NOT_FOUND first4=1697C5B9
SYNC_NOT_FOUND first4=6297ABC9
SYNC_NOT_FOUND first4=DCD4548B
SYNC_NOT_FOUND first4=84325ADD
SYNC_NOT_FOUND first4=86E41D91
2026-07-26T15:35:47.707648+00:00 TIME_SYNCED utc=1785080146 offset=1785062472
SYNC_NOT_FOUND first4=B76716DA
SYNC_NOT_FOUND first4=36F55A3C
SYNC_NOT_FOUND first4=3CC4D49F
SYNC_NOT_FOUND first4=3A173791
SYNC_NOT_FOUND first4=79DCA8CE
SYNC_NOT_FOUND first4=C0099637
SYNC_NOT_FOUND first4=E67A1E5A
SYNC_NOT_FOUND first4=F824D9C9
2026-07-26T15:35:48.712136+00:00 PHASE_RESULT 14 HF-FLRC-2600-128 pktSize=128 rx=0 unique=0 lost=100 per=100.0 rssi_avg=0 rssi_min=0 crc_err=0 garbage=13 tx_lat=0.00000 tx_lon=0.00000 sats=0 fix=0 utc=0 tx_fw=none rx_fw=unknown
PHASE_GUARD 500
PHASE_START 15 HF-FLRC-2600-255 pktSize=255
SYNC_NOT_FOUND first4=59D22008
2026-07-26T15:35:49.718078+00:00 SYNC_NOT_FOUND first4=00B0C153
SYNC_NOT_FOUND first4=B0823484
2026-07-26T15:35:50.736647+00:00 SYNC_NOT_FOUND first4=708D6B0A
SYNC_NOT_FOUND first4=A89F821E
PHASE_RESULT 15 HF-FLRC-2600-255 pktSize=255 rx=0 unique=0 lost=100 per=100.0 rssi_avg=0 rssi_min=0 crc_err=0 garbage=5 tx_lat=0.00000 tx_lon=0.00000 sats=0 fix=0 utc=0 tx_fw=none rx_fw=unknown
PHASE_GUARD 500
PHASE_START 16 HF-FLRC-1300-32 pktSize=32
SYNC_NOT_FOUND first4=F9336A55
SYNC_NOT_FOUND first4=79685106
TIME_SYNCED utc=1785080150 offset=1785062472
2026-07-26T15:35:51.756047+00:00 SYNC_NOT_FOUND first4=0D94CD63
SYNC_NOT_FOUND first4=6309DDB6
SYNC_NOT_FOUND first4=16222531
SYNC_NOT_FOUND first4=3D8FEC3E
2026-07-26T15:35:52.770480+00:00 PHASE_RESULT 16 HF-FLRC-1300-32 pktSize=32 rx=0 unique=0 lost=100 per=100.0 rssi_avg=0 rssi_min=0 crc_err=0 garbage=6 tx_lat=0.00000 tx_lon=0.00000 sats=0 fix=0 utc=0 tx_fw=none rx_fw=unknown
PHASE_GUARD 500
PHASE_START 17 HF-FLRC-1300-64 pktSize=64
SYNC_NOT_FOUND first4=A2808773
SYNC_NOT_FOUND first4=73A86E96
SYNC_NOT_FOUND first4=6D941EFF
SYNC_NOT_FOUND first4=82667849
2026-07-26T15:35:53.781636+00:00 SYNC_NOT_FOUND first4=8AE04E9F
SYNC_NOT_FOUND first4=72123105
2026-07-26T15:35:54.801326+00:00 PHASE_RESULT 17 HF-FLRC-1300-64 pktSize=64 rx=0 unique=0 lost=100 per=100.0 rssi_avg=0 rssi_min=0 crc_err=0 garbage=6 tx_lat=0.00000 tx_lon=0.00000 sats=0 fix=0 utc=0 tx_fw=none rx_fw=unknown
PHASE_GUARD 500
PHASE_START 18 HF-FLRC-1300-128 pktSize=128
SYNC_NOT_FOUND first4=A6659580
SYNC_NOT_FOUND first4=768B4D23
SYNC_NOT_FOUND first4=E4879894
SYNC_NOT_FOUND first4=7A6D2D84
2026-07-26T15:35:55.815840+00:00 SYNC_NOT_FOUND first4=9D259A4D
SYNC_NOT_FOUND first4=48F6E4E6
SYNC_NOT_FOUND first4=265554A1
SYNC_NOT_FOUND first4=8CE2C70C
PHASE_RESULT 18 HF-FLRC-1300-128 pktSize=128 rx=0 unique=0 lost=100 per=100.0 rssi_avg=0 rssi_min=0 crc_err=0 garbage=8 tx_lat=0.00000 tx_lon=0.00000 sats=0 fix=0 utc=0 tx_fw=none rx_fw=unknown
2026-07-26T15:35:56.819349+00:00 PHASE_GUARD 500
PHASE_START 19 HF-FLRC-1300-255 pktSize=255
SYNC_NOT_FOUND first4=0463EE69
SYNC_NOT_FOUND first4=6A446F05
SYNC_NOT_FOUND first4=18AD8D07
SYNC_NOT_FOUND first4=DF9EC8E1
SYNC_NOT_FOUND first4=93F006A9
SYNC_NOT_FOUND first4=30E601D4
SYNC_NOT_FOUND first4=13986103
2026-07-26T15:35:57.830359+00:00 TIME_SYNCED utc=1785080156 offset=1785062471
SYNC_NOT_FOUND first4=57A87CA6
2026-07-26T15:35:58.842608+00:00 SYNC_NOT_FOUND first4=C5FC75A4
SYNC_NOT_FOUND first4=A3E5864A
SYNC_NOT_FOUND first4=3E95C998
PHASE_RESULT 19 HF-FLRC-1300-255 pktSize=255 rx=0 unique=0 lost=100 per=100.0 rssi_avg=0 rssi_min=0 crc_err=0 garbage=11 tx_lat=0.00000 tx_lon=0.00000 sats=0 fix=0 utc=0 tx_fw=none rx_fw=unknown
PHASE_GUARD 500
2026-07-26T15:35:59.860749+00:00 PHASE_START 20 HF-FLRC-650-32 pktSize=32
SYNC_NOT_FOUND first4=2B1D20F2
SYNC_NOT_FOUND first4=11EB0633
SYNC_NOT_FOUND first4=E7AC2E87
SYNC_NOT_FOUND first4=98F2E49B
SYNC_NOT_FOUND first4=B655963C
SYNC_NOT_FOUND first4=EBBBF4A8
SYNC_NOT_FOUND first4=3E4FA760
SYNC_NOT_FOUND first4=DA7C0F73
SYNC_NOT_FOUND first4=DE50525B
SYNC_NOT_FOUND first4=5F610A56
SYNC_NOT_FOUND first4=4810FBF9
SYNC_NOT_FOUND first4=DABD3E31
SYNC_NOT_FOUND first4=E59EB1B1
SYNC_NOT_FOUND first4=DEF123E9
SYNC_NOT_FOUND first4=85D909D3
2026-07-26T15:36:00.871841+00:00 SYNC_NOT_FOUND first4=57C742BD
SYNC_NOT_FOUND first4=2B257D2D
SYNC_NOT_FOUND first4=42ECF0D2
SYNC_NOT_FOUND first4=6B821C33
SYNC_NOT_FOUND first4=6B91116D
SYNC_NOT_FOUND first4=E42DCA7F
SYNC_NOT_FOUND first4=45F7F264
SYNC_NOT_FOUND first4=F920E0AE
SYNC_NOT_FOUND first4=261A93C0
SYNC_NOT_FOUND first4=CF71431B
SYNC_NOT_FOUND first4=2ED49DAB
SYNC_NOT_FOUND first4=B29871F8
SYNC_NOT_FOUND first4=51FA6E70
SYNC_NOT_FOUND first4=488813EB
SYNC_NOT_FOUND first4=C1825DA9
SYNC_NOT_FOUND first4=1A1EE540
SYNC_NOT_FOUND first4=90CD8555
SYNC_NOT_FOUND first4=BF8FB6B8
SYNC_NOT_FOUND first4=3DC98D70
SYNC_NOT_FOUND first4=BC4F8EDD
SYNC_NOT_FOUND first4=078DEAA0
SYNC_NOT_FOUND first4=2A689BEC
SYNC_NOT_FOUND first4=074D6229
TIME_SYNCED utc=1785080160 offset=1785062472
PHASE_RESULT 20 HF-FLRC-650-32 pktSize=32 rx=0 unique=0 lost=100 per=100.0 rssi_avg=0 rssi_min=0 crc_err=0 garbage=38 tx_lat=0.00000 tx_lon=0.00000 sats=0 fix=0 utc=0 tx_fw=none rx_fw=unknown
PHASE_GUARD 500
PHASE_START 21 HF-FLRC-650-64 pktSize=64
SYNC_NOT_FOUND first4=15063B9F
2026-07-26T15:36:01.875688+00:00 SYNC_NOT_FOUND first4=D9C4F588
SYNC_NOT_FOUND first4=E512DDD1
SYNC_NOT_FOUND first4=9AF8475A
SYNC_NOT_FOUND first4=EBF9E42E
SYNC_NOT_FOUND first4=B257F721
SYNC_NOT_FOUND first4=8A06BE83
SYNC_NOT_FOUND first4=7A54D044
SYNC_NOT_FOUND first4=51544540
SYNC_NOT_FOUND first4=55489991
SYNC_NOT_FOUND first4=127F24E6
SYNC_NOT_FOUND first4=A1D06156
SYNC_NOT_FOUND first4=69353C36
SYNC_NOT_FOUND first4=6542518B
SYNC_NOT_FOUND first4=99860BE4
PHASE_RESULT 21 HF-FLRC-650-64 pktSize=64 rx=0 unique=0 lost=100 per=100.0 rssi_avg=0 rssi_min=0 crc_err=0 garbage=15 tx_lat=0.00000 tx_lon=0.00000 sats=0 fix=0 utc=0 tx_fw=none rx_fw=unknown
PHASE_GUARD 500
2026-07-26T15:36:02.879559+00:00 PHASE_START 22 HF-FLRC-650-128 pktSize=128
SYNC_NOT_FOUND first4=5A3B2B6D
SYNC_NOT_FOUND first4=3CD40811
SYNC_NOT_FOUND first4=B75DF37E
SYNC_NOT_FOUND first4=4C6FDA1D
SYNC_NOT_FOUND first4=102932B5
SYNC_NOT_FOUND first4=0371248C
SYNC_NOT_FOUND first4=888CD4A4
SYNC_NOT_FOUND first4=989D773E
SYNC_NOT_FOUND first4=2F6B6E31
SYNC_NOT_FOUND first4=F4D48ECB
SYNC_NOT_FOUND first4=E62547ED
SYNC_NOT_FOUND first4=97BB320C
SYNC_NOT_FOUND first4=458DB115
SYNC_NOT_FOUND first4=D8D786B9
SYNC_NOT_FOUND first4=08E91E5E
SYNC_NOT_FOUND first4=3E4041C7
SYNC_NOT_FOUND first4=73F7E20A
SYNC_NOT_FOUND first4=D3AEFF4C
2026-07-26T15:36:03.892300+00:00 SYNC_NOT_FOUND first4=21AE872A
SYNC_NOT_FOUND first4=7B36E64C
SYNC_NOT_FOUND first4=A821F004
SYNC_NOT_FOUND first4=FA879099
SYNC_NOT_FOUND first4=33409253
SYNC_NOT_FOUND first4=8EE07D70
SYNC_NOT_FOUND first4=AD2F6EAF
SYNC_NOT_FOUND first4=279465B7
SYNC_NOT_FOUND first4=B82C1582
SYNC_NOT_FOUND first4=F89339F2
SYNC_NOT_FOUND first4=BB5D21DA
SYNC_NOT_FOUND first4=08303B98
SYNC_NOT_FOUND first4=A86F57FB
SYNC_NOT_FOUND first4=A43C9BFD
SYNC_NOT_FOUND first4=C0A91A7B
SYNC_NOT_FOUND first4=75B422AD
SYNC_NOT_FOUND first4=5103C238
SYNC_NOT_FOUND first4=07479875
SYNC_NOT_FOUND first4=2419B71A
SYNC_NOT_FOUND first4=8ADCA3D7
PHASE_RESULT 22 HF-FLRC-650-128 pktSize=128 rx=0 unique=0 lost=100 per=100.0 rssi_avg=0 rssi_min=0 crc_err=0 garbage=38 tx_lat=0.00000 tx_lon=0.00000 sats=0 fix=0 utc=0 tx_fw=none rx_fw=unknown
PHASE_GUARD 500
2026-07-26T15:36:04.912710+00:00 PHASE_START 23 HF-FLRC-650-255 pktSize=255
SYNC_NOT_FOUND first4=659F5452
SYNC_NOT_FOUND first4=8964C231
SYNC_NOT_FOUND first4=D669F4A1
SYNC_NOT_FOUND first4=6A9AB61D
SYNC_NOT_FOUND first4=F1C17CD4
SYNC_NOT_FOUND first4=3AA9A194
SYNC_NOT_FOUND first4=16E912CD
SYNC_NOT_FOUND first4=32D623BD
SYNC_NOT_FOUND first4=E9198749
SYNC_NOT_FOUND first4=F995669F
SYNC_NOT_FOUND first4=39032AA2
SYNC_NOT_FOUND first4=67900DB3
SYNC_NOT_FOUND first4=9354C157
SYNC_NOT_FOUND first4=08D77508
SYNC_NOT_FOUND first4=93F51DB6
SYNC_NOT_FOUND first4=8348CA40
SYNC_NOT_FOUND first4=E6DAA916
SYNC_NOT_FOUND first4=4CA6B25F
SYNC_NOT_FOUND first4=CDFC66C5
2026-07-26T15:36:05.930311+00:00 SYNC_NOT_FOUND first4=4C23A87B
SYNC_NOT_FOUND first4=17EF00B4
SYNC_NOT_FOUND first4=5EC589A9
SYNC_NOT_FOUND first4=D9446372
SYNC_NOT_FOUND first4=4906911A
SYNC_NOT_FOUND first4=EDDCA14E
SYNC_NOT_FOUND first4=5D23D207
SYNC_NOT_FOUND first4=E5CCB0B2
SYNC_NOT_FOUND first4=58C17B4C
SYNC_NOT_FOUND first4=AD260049
SYNC_NOT_FOUND first4=98448AF2
SYNC_NOT_FOUND first4=3D919839
SYNC_NOT_FOUND first4=DDE2C32D
SYNC_NOT_FOUND first4=3482E33A
SYNC_NOT_FOUND first4=A3CCA957
PHASE_RESULT 23 HF-FLRC-650-255 pktSize=255 rx=0 unique=0 lost=100 per=100.0 rssi_avg=0 rssi_min=0 crc_err=0 garbage=34 tx_lat=0.00000 tx_lon=0.00000 sats=0 fix=0 utc=0 tx_fw=none rx_fw=unknown
PHASE_GUARD 500
2026-07-26T15:36:06.941613+00:00 PHASE_START 24 HF-FLRC-325-32 pktSize=32
SYNC_NOT_FOUND first4=51CA9657
2026-07-26T15:36:07.954718+00:00 TIME_SYNCED utc=1785080166 offset=1785062471
SYNC_NOT_FOUND first4=EE64A5E4
SYNC_NOT_FOUND first4=06E3C8A5
SYNC_NOT_FOUND first4=DA10AEE1
SYNC_NOT_FOUND first4=D3A5E965
2026-07-26T15:36:08.965477+00:00 PHASE_RESULT 24 HF-FLRC-325-32 pktSize=32 rx=0 unique=0 lost=100 per=100.0 rssi_avg=0 rssi_min=0 crc_err=0 garbage=5 tx_lat=0.00000 tx_lon=0.00000 sats=0 fix=0 utc=0 tx_fw=none rx_fw=unknown
PHASE_GUARD 500
PHASE_START 25 HF-FLRC-325-64 pktSize=64
2026-07-26T15:36:09.984287+00:00 SYNC_NOT_FOUND first4=2EC2AAB9
SYNC_NOT_FOUND first4=4EA99830
SYNC_NOT_FOUND first4=6F37A573
2026-07-26T15:36:10.995268+00:00 SYNC_NOT_FOUND first4=24B5F9C7
SYNC_NOT_FOUND first4=D0D13D0C
SYNC_NOT_FOUND first4=1231533B
SYNC_NOT_FOUND first4=7FB95A86
SYNC_NOT_FOUND first4=31640BC4
TIME_SYNCED utc=1785080170 offset=1785062472
PHASE_RESULT 25 HF-FLRC-325-64 pktSize=64 rx=0 unique=0 lost=100 per=100.0 rssi_avg=0 rssi_min=0 crc_err=0 garbage=8 tx_lat=0.00000 tx_lon=0.00000 sats=0 fix=0 utc=0 tx_fw=none rx_fw=unknown
PHASE_GUARD 500
PHASE_START 26 HF-FLRC-325-128 pktSize=128
2026-07-26T15:36:12.006245+00:00 SYNC_NOT_FOUND first4=42B36976
PHASE_RESULT 26 HF-FLRC-325-128 pktSize=128 rx=0 unique=0 lost=100 per=100.0 rssi_avg=0 rssi_min=0 crc_err=0 garbage=1 tx_lat=0.00000 tx_lon=0.00000 sats=0 fix=0 utc=0 tx_fw=none rx_fw=unknown
PHASE_GUARD 500
PHASE_START 27 HF-FLRC-325-255 pktSize=255
2026-07-26T15:36:13.018715+00:00 SYNC_NOT_FOUND first4=FEBFA99D
2026-07-26T15:36:14.036296+00:00 SYNC_NOT_FOUND first4=5A5742D7
SYNC_NOT_FOUND first4=DB958965
PHASE_RESULT 27 HF-FLRC-325-255 pktSize=255 rx=0 unique=0 lost=100 per=100.0 rssi_avg=0 rssi_min=0 crc_err=0 garbage=3 tx_lat=0.00000 tx_lon=0.00000 sats=0 fix=0 utc=0 tx_fw=none rx_fw=unknown
PHASE_GUARD 500
LORA_CFG path=0 bw=0x05 sf=7
PHASE_START 28 LF-LoRa-SF7-32 pktSize=32
2026-07-26T15:36:16.106012+00:00 PHASE_RESULT 28 LF-LoRa-SF7-32 pktSize=32 rx=0 unique=0 lost=20 per=100.0 rssi_avg=0 rssi_min=0 crc_err=0 garbage=0 tx_lat=0.00000 tx_lon=0.00000 sats=0 fix=0 utc=0 tx_fw=none rx_fw=unknown
PHASE_GUARD 500
LORA_CFG path=0 bw=0x05 sf=7
PHASE_START 29 LF-LoRa-SF7-64 pktSize=64
2026-07-26T15:36:18.162349+00:00 TIME_SYNCED utc=1785080177 offset=1785062472
2026-07-26T15:36:19.176197+00:00 PHASE_RESULT 29 LF-LoRa-SF7-64 pktSize=64 rx=0 unique=0 lost=20 per=100.0 rssi_avg=0 rssi_min=0 crc_err=0 garbage=0 tx_lat=0.00000 tx_lon=0.00000 sats=0 fix=0 utc=0 tx_fw=none rx_fw=unknown
PHASE_GUARD 500
LORA_CFG path=0 bw=0x05 sf=7
PHASE_START 30 LF-LoRa-SF7-128 pktSize=128
2026-07-26T15:36:21.247139+00:00 TIME_SYNCED utc=1785080180 offset=1785062472
2026-07-26T15:36:23.309890+00:00 PHASE_RESULT 30 LF-LoRa-SF7-128 pktSize=128 rx=0 unique=0 lost=13 per=100.0 rssi_avg=0 rssi_min=0 crc_err=0 garbage=0 tx_lat=0.00000 tx_lon=0.00000 sats=0 fix=0 utc=0 tx_fw=none rx_fw=unknown
PHASE_GUARD 500
LORA_CFG path=0 bw=0x05 sf=7
PHASE_START 31 LF-LoRa-SF7-255 pktSize=255
2026-07-26T15:36:27.486834+00:00 PHASE_RESULT 31 LF-LoRa-SF7-255 pktSize=255 rx=0 unique=0 lost=7 per=100.0 rssi_avg=0 rssi_min=0 crc_err=0 garbage=0 tx_lat=0.00000 tx_lon=0.00000 sats=0 fix=0 utc=0 tx_fw=none rx_fw=unknown
PHASE_GUARD 500
LORA_CFG path=0 bw=0x05 sf=9
PHASE_START 32 LF-LoRa-SF9-32 pktSize=32
2026-07-26T15:36:28.498356+00:00 TIME_SYNCED utc=1785080187 offset=1785062472
2026-07-26T15:36:31.608214+00:00 TIME_SYNCED utc=1785080190 offset=1785062472
PHASE_RESULT 32 LF-LoRa-SF9-32 pktSize=32 rx=0 unique=0 lost=7 per=100.0 rssi_avg=0 rssi_min=0 crc_err=0 garbage=0 tx_lat=0.00000 tx_lon=0.00000 sats=0 fix=0 utc=0 tx_fw=none rx_fw=unknown
PHASE_GUARD 500
LORA_CFG path=0 bw=0x05 sf=9
PHASE_START 33 LF-LoRa-SF9-64 pktSize=64
2026-07-26T15:36:34.715291+00:00 PHASE_RESULT 33 LF-LoRa-SF9-64 pktSize=64 rx=0 unique=0 lost=3 per=100.0 rssi_avg=0 rssi_min=0 crc_err=0 garbage=0 tx_lat=0.00000 tx_lon=0.00000 sats=0 fix=0 utc=0 tx_fw=none rx_fw=unknown
PHASE_GUARD 500
LORA_CFG path=0 bw=0x05 sf=9
PHASE_START 34 LF-LoRa-SF9-128 pktSize=128
2026-07-26T15:36:36.776415+00:00 PHASE_RESULT 34 LF-LoRa-SF9-128 pktSize=128 rx=0 unique=0 lost=1 per=100.0 rssi_avg=0 rssi_min=0 crc_err=0 garbage=0 tx_lat=0.00000 tx_lon=0.00000 sats=0 fix=0 utc=0 tx_fw=none rx_fw=unknown
PHASE_GUARD 500
LORA_CFG path=0 bw=0x05 sf=9
PHASE_START 35 LF-LoRa-SF9-255 pktSize=255
2026-07-26T15:36:38.837483+00:00 TIME_SYNCED utc=1785080197 offset=1785062471
2026-07-26T15:36:40.898734+00:00 TIME_SYNCED utc=1785080200 offset=1785062472
PHASE_RESULT 35 LF-LoRa-SF9-255 pktSize=255 rx=0 unique=0 lost=1 per=100.0 rssi_avg=0 rssi_min=0 crc_err=0 garbage=0 tx_lat=0.00000 tx_lon=0.00000 sats=0 fix=0 utc=0 tx_fw=none rx_fw=unknown
PHASE_GUARD 500
LORA_CFG path=0 bw=0x05 sf=12
PHASE_START 36 LF-LoRa-SF12-32 pktSize=32
2026-07-26T15:36:49.260234+00:00 TIME_SYNCED utc=1785080208 offset=1785062472
2026-07-26T15:36:51.313874+00:00 TIME_SYNCED utc=1785080210 offset=1785062472
2026-07-26T15:36:55.479105+00:00 PHASE_RESULT 36 LF-LoRa-SF12-32 pktSize=32 rx=0 unique=0 lost=1 per=100.0 rssi_avg=0 rssi_min=0 crc_err=0 garbage=0 tx_lat=0.00000 tx_lon=0.00000 sats=0 fix=0 utc=0 tx_fw=none rx_fw=unknown
PHASE_GUARD 500
LORA_CFG path=0 bw=0x05 sf=12
PHASE_START 37 LF-LoRa-SF12-SKIP SKIP pktSize=64
2026-07-26T15:36:56.490231+00:00 PHASE_RESULT 37 LF-LoRa-SF12-SKIP pktSize=64 rx=0 unique=0 lost=0 per=0.0 rssi_avg=0 rssi_min=0 crc_err=0 garbage=0 tx_lat=0.00000 tx_lon=0.00000 sats=0 fix=0 utc=0 tx_fw=none rx_fw=unknown
PHASE_GUARD 500
LORA_CFG path=0 bw=0x05 sf=12
PHASE_START 38 LF-LoRa-SF12-SKIP SKIP pktSize=128
