# rx_capture segment start 2026-07-26T11:06:41.939405+00:00
# rotation=1800s
2026-07-26T11:06:41.939445+00:00 TIME_SYNCED utc=1785064001 offset=1785062476
2026-07-26T11:06:42.951841+00:00 TIME_SYNCED utc=1785064001 offset=1785062475
2026-07-26T11:06:51.322995+00:00 TIME_SYNCED utc=1785064011 offset=1785062476
2026-07-26T11:06:53.397228+00:00 TIME_SYNCED utc=1785064012 offset=1785062475
2026-07-26T11:06:55.458809+00:00 PHASE_RESULT 36 LF-LoRa-SF12-32 pktSize=32 rx=0 unique=0 lost=1 per=100.0 rssi_avg=0 rssi_min=0 crc_err=0 garbage=0 tx_lat=0.00000 tx_lon=0.00000 sats=0 fix=0 utc=0 tx_fw=none rx_fw=unknown
PHASE_GUARD 500
LORA_CFG path=0 bw=0x05 sf=12
2026-07-26T11:06:56.470114+00:00 PHASE_START 37 LF-LoRa-SF12-SKIP SKIP pktSize=64
PHASE_RESULT 37 LF-LoRa-SF12-SKIP pktSize=64 rx=0 unique=0 lost=0 per=0.0 rssi_avg=0 rssi_min=0 crc_err=0 garbage=0 tx_lat=0.00000 tx_lon=0.00000 sats=0 fix=0 utc=0 tx_fw=none rx_fw=unknown
PHASE_GUARD 500
LORA_CFG path=0 bw=0x05 sf=12
PHASE_START 38 LF-LoRa-SF12-SKIP SKIP pktSize=128
2026-07-26T11:06:57.491217+00:00 PHASE_RESULT 38 LF-LoRa-SF12-SKIP pktSize=128 rx=0 unique=0 lost=0 per=0.0 rssi_avg=0 rssi_min=0 crc_err=0 garbage=0 tx_lat=0.00000 tx_lon=0.00000 sats=0 fix=0 utc=0 tx_fw=none rx_fw=unknown
PHASE_GUARD 500
LORA_CFG path=0 bw=0x05 sf=12
PHASE_START 39 LF-LoRa-SF12-SKIP SKIP pktSize=255
2026-07-26T11:06:58.502192+00:00 PHASE_RESULT 39 LF-LoRa-SF12-SKIP pktSize=255 rx=0 unique=0 lost=0 per=0.0 rssi_avg=0 rssi_min=0 crc_err=0 garbage=0 tx_lat=0.00000 tx_lon=0.00000 sats=0 fix=0 utc=0 tx_fw=none rx_fw=unknown
PHASE_GUARD 500
PHASE_START 40 LF-FLRC-2600-32 pktSize=32
2026-07-26T11:07:00.557353+00:00 SYNC_NOT_FOUND first4=56556F37
PHASE_RESULT 40 LF-FLRC-2600-32 pktSize=32 rx=0 unique=0 lost=100 per=100.0 rssi_avg=0 rssi_min=0 crc_err=0 garbage=1 tx_lat=0.00000 tx_lon=0.00000 sats=0 fix=0 utc=0 tx_fw=none rx_fw=unknown
PHASE_GUARD 500
PHASE_START 41 LF-FLRC-2600-64 pktSize=64
2026-07-26T11:07:01.584649+00:00 SYNC_NOT_FOUND first4=CBE98095
TIME_SYNCED utc=1785064021 offset=1785062476
SYNC_NOT_FOUND first4=0E35455F
SYNC_NOT_FOUND first4=5A4A9BD3
PHASE_RESULT 41 LF-FLRC-2600-64 pktSize=64 rx=0 unique=0 lost=100 per=100.0 rssi_avg=0 rssi_min=0 crc_err=0 garbage=3 tx_lat=0.00000 tx_lon=0.00000 sats=0 fix=0 utc=0 tx_fw=none rx_fw=unknown
PHASE_GUARD 500
PHASE_START 42 LF-FLRC-2600-128 pktSize=128
2026-07-26T11:07:02.604176+00:00 SYNC_NOT_FOUND first4=0071D313
2026-07-26T11:07:03.619858+00:00 TIME_SYNCED utc=1785064022 offset=1785062475
SYNC_NOT_FOUND first4=2CC02A0E
2026-07-26T11:07:04.631148+00:00 PHASE_RESULT 42 LF-FLRC-2600-128 pktSize=128 rx=0 unique=0 lost=100 per=100.0 rssi_avg=0 rssi_min=0 crc_err=0 garbage=2 tx_lat=0.00000 tx_lon=0.00000 sats=0 fix=0 utc=0 tx_fw=none rx_fw=unknown
PHASE_GUARD 500
PHASE_START 43 LF-FLRC-2600-255 pktSize=255
2026-07-26T11:07:06.692788+00:00 SYNC_NOT_FOUND first4=854DC9B4
SYNC_NOT_FOUND first4=79B85865
SYNC_NOT_FOUND first4=F941A159
PHASE_RESULT 43 LF-FLRC-2600-255 pktSize=255 rx=0 unique=0 lost=100 per=100.0 rssi_avg=0 rssi_min=0 crc_err=0 garbage=3 tx_lat=0.00000 tx_lon=0.00000 sats=0 fix=0 utc=0 tx_fw=none rx_fw=unknown
PHASE_GUARD 500
PHASE_START 44 LF-FLRC-1300-32 pktSize=32
2026-07-26T11:07:08.775293+00:00 SYNC_NOT_FOUND first4=A05B9D5E
PHASE_RESULT 44 LF-FLRC-1300-32 pktSize=32 rx=0 unique=0 lost=100 per=100.0 rssi_avg=0 rssi_min=0 crc_err=0 garbage=1 tx_lat=0.00000 tx_lon=0.00000 sats=0 fix=0 utc=0 tx_fw=none rx_fw=unknown
PHASE_GUARD 500
PHASE_START 45 LF-FLRC-1300-64 pktSize=64
SYNC_NOT_FOUND first4=63D79C99
SYNC_NOT_FOUND first4=1DBB076C
2026-07-26T11:07:09.787066+00:00 SYNC_NOT_FOUND first4=AABFDDA3
SYNC_NOT_FOUND first4=8CFA41C1
2026-07-26T11:07:10.798359+00:00 SYNC_NOT_FOUND first4=3D62E81A
PHASE_RESULT 45 LF-FLRC-1300-64 pktSize=64 rx=0 unique=0 lost=100 per=100.0 rssi_avg=0 rssi_min=0 crc_err=0 garbage=5 tx_lat=0.00000 tx_lon=0.00000 sats=0 fix=0 utc=0 tx_fw=none rx_fw=unknown
PHASE_GUARD 500
PHASE_START 46 LF-FLRC-1300-128 pktSize=128
2026-07-26T11:07:11.824867+00:00 TIME_SYNCED utc=1785064031 offset=1785062476
SYNC_NOT_FOUND first4=30F2AE08
PHASE_RESULT 46 LF-FLRC-1300-128 pktSize=128 rx=0 unique=0 lost=100 per=100.0 rssi_avg=0 rssi_min=0 crc_err=0 garbage=1 tx_lat=0.00000 tx_lon=0.00000 sats=0 fix=0 utc=0 tx_fw=none rx_fw=unknown
PHASE_GUARD 500
PHASE_START 47 LF-FLRC-1300-255 pktSize=255
2026-07-26T11:07:13.903231+00:00 TIME_SYNCED utc=1785064032 offset=1785062475
2026-07-26T11:07:14.914786+00:00 PHASE_RESULT 47 LF-FLRC-1300-255 pktSize=255 rx=0 unique=0 lost=100 per=100.0 rssi_avg=0 rssi_min=0 crc_err=0 garbage=0 tx_lat=0.00000 tx_lon=0.00000 sats=0 fix=0 utc=0 tx_fw=none rx_fw=unknown
PHASE_GUARD 500
PHASE_START 48 LF-FLRC-650-32 pktSize=32
2026-07-26T11:07:15.930127+00:00 SYNC_NOT_FOUND first4=AEE532E9
SYNC_NOT_FOUND first4=23373360
2026-07-26T11:07:16.953778+00:00 SYNC_NOT_FOUND first4=940FA676
SYNC_NOT_FOUND first4=9C049A31
PHASE_RESULT 48 LF-FLRC-650-32 pktSize=32 rx=0 unique=0 lost=100 per=100.0 rssi_avg=0 rssi_min=0 crc_err=0 garbage=4 tx_lat=0.00000 tx_lon=0.00000 sats=0 fix=0 utc=0 tx_fw=none rx_fw=unknown
PHASE_GUARD 500
PHASE_START 49 LF-FLRC-650-64 pktSize=64
SYNC_NOT_FOUND first4=493CA995
2026-07-26T11:07:19.016732+00:00 SYNC_NOT_FOUND first4=53161464
PHASE_RESULT 49 LF-FLRC-650-64 pktSize=64 rx=0 unique=0 lost=100 per=100.0 rssi_avg=0 rssi_min=0 crc_err=0 garbage=2 tx_lat=0.00000 tx_lon=0.00000 sats=0 fix=0 utc=0 tx_fw=none rx_fw=unknown
PHASE_GUARD 500
PHASE_START 50 LF-FLRC-650-128 pktSize=128
2026-07-26T11:07:20.020762+00:00 SYNC_NOT_FOUND first4=31BCB3B2
SYNC_NOT_FOUND first4=17691D56
SYNC_NOT_FOUND first4=4003814C
SYNC_NOT_FOUND first4=D5BC0AD2
SYNC_NOT_FOUND first4=57F88711
SYNC_NOT_FOUND first4=06801B41
2026-07-26T11:07:21.034462+00:00 SYNC_NOT_FOUND first4=27022B3F
PHASE_RESULT 50 LF-FLRC-650-128 pktSize=128 rx=0 unique=0 lost=100 per=100.0 rssi_avg=0 rssi_min=0 crc_err=0 garbage=7 tx_lat=0.00000 tx_lon=0.00000 sats=0 fix=0 utc=0 tx_fw=none rx_fw=unknown
PHASE_GUARD 500
PHASE_START 51 LF-FLRC-650-255 pktSize=255
2026-07-26T11:07:22.060110+00:00 TIME_SYNCED utc=1785064041 offset=1785062476
PHASE_RESULT 51 LF-FLRC-650-255 pktSize=255 rx=0 unique=0 lost=100 per=100.0 rssi_avg=0 rssi_min=0 crc_err=0 garbage=0 tx_lat=0.00000 tx_lon=0.00000 sats=0 fix=0 utc=0 tx_fw=none rx_fw=unknown
PHASE_GUARD 500
PHASE_START 52 LF-FLRC-325-32 pktSize=32
2026-07-26T11:07:24.134292+00:00 TIME_SYNCED utc=1785064043 offset=1785062476
PHASE_RESULT 52 LF-FLRC-325-32 pktSize=32 rx=0 unique=0 lost=100 per=100.0 rssi_avg=0 rssi_min=0 crc_err=0 garbage=0 tx_lat=0.00000 tx_lon=0.00000 sats=0 fix=0 utc=0 tx_fw=none rx_fw=unknown
PHASE_GUARD 500
PHASE_START 53 LF-FLRC-325-64 pktSize=64
2026-07-26T11:07:26.196944+00:00 PHASE_RESULT 53 LF-FLRC-325-64 pktSize=64 rx=0 unique=0 lost=100 per=100.0 rssi_avg=0 rssi_min=0 crc_err=0 garbage=0 tx_lat=0.00000 tx_lon=0.00000 sats=0 fix=0 utc=0 tx_fw=none rx_fw=unknown
PHASE_GUARD 500
PHASE_START 54 LF-FLRC-325-128 pktSize=128
2026-07-26T11:07:27.229620+00:00 SYNC_NOT_FOUND first4=0880DC7F
2026-07-26T11:07:28.254971+00:00 PHASE_RESULT 54 LF-FLRC-325-128 pktSize=128 rx=0 unique=0 lost=100 per=100.0 rssi_avg=0 rssi_min=0 crc_err=0 garbage=1 tx_lat=0.00000 tx_lon=0.00000 sats=0 fix=0 utc=0 tx_fw=none rx_fw=unknown
PHASE_GUARD 500
PHASE_START 55 LF-FLRC-325-255 pktSize=255
2026-07-26T11:07:30.317259+00:00 PHASE_RESULT 55 LF-FLRC-325-255 pktSize=255 rx=0 unique=0 lost=100 per=100.0 rssi_avg=0 rssi_min=0 crc_err=0 garbage=0 tx_lat=0.00000 tx_lon=0.00000 sats=0 fix=0 utc=0 tx_fw=none rx_fw=unknown
PHASE_GUARD 500
LORA_CFG path=1 bw=0x0F sf=7
PHASE_START 0 HF-LoRa-SF7-32 pktSize=32
2026-07-26T11:07:31.328238+00:00 TIME_SYNCED utc=1785064051 offset=1785062476
PHASE_RESULT 0 HF-LoRa-SF7-32 pktSize=32 rx=0 unique=0 lost=20 per=100.0 rssi_avg=0 rssi_min=0 crc_err=0 garbage=0 tx_lat=0.00000 tx_lon=0.00000 sats=0 fix=0 utc=0 tx_fw=none rx_fw=unknown
PHASE_GUARD 500
2026-07-26T11:07:32.341006+00:00 LORA_CFG path=1 bw=0x0F sf=7
PHASE_START 1 HF-LoRa-SF7-64 pktSize=64
2026-07-26T11:07:33.352730+00:00 PHASE_RESULT 1 HF-LoRa-SF7-64 pktSize=64 rx=0 unique=0 lost=20 per=100.0 rssi_avg=0 rssi_min=0 crc_err=0 garbage=0 tx_lat=0.00000 tx_lon=0.00000 sats=0 fix=0 utc=0 tx_fw=none rx_fw=unknown
PHASE_GUARD 500
2026-07-26T11:07:34.364053+00:00 LORA_CFG path=1 bw=0x0F sf=7
PHASE_START 2 HF-LoRa-SF7-128 pktSize=128
TIME_SYNCED utc=1785064053 offset=1785062475
PHASE_RESULT 2 HF-LoRa-SF7-128 pktSize=128 rx=0 unique=0 lost=20 per=100.0 rssi_avg=0 rssi_min=0 crc_err=0 garbage=0 tx_lat=0.00000 tx_lon=0.00000 sats=0 fix=0 utc=0 tx_fw=none rx_fw=unknown
PHASE_GUARD 500
LORA_CFG path=1 bw=0x0F sf=7
PHASE_START 1 HF-LoRa-SF7-64 pktSize=64
PHASE_RESULT 1 HF-LoRa-SF7-64 pktSize=64 rx=0 unique=0 lost=20 per=100.0 rssi_avg=0 rssi_min=0 crc_err=0 garbage=0 tx_lat=0.00000 tx_lon=0.00000 sats=0 fix=0 utc=0 tx_fw=none rx_fw=unknown
PHASE_GUARD 500
2026-07-26T11:07:35.375346+00:00 LORA_CFG path=1 bw=0x0F sf=7
PHASE_START 2 HF-LoRa-SF7-128 pktSize=128
2026-07-26T11:07:36.386361+00:00 PHASE_RESULT 2 HF-LoRa-SF7-128 pktSize=128 rx=0 unique=0 lost=20 per=100.0 rssi_avg=0 rssi_min=0 crc_err=0 garbage=0 tx_lat=0.00000 tx_lon=0.00000 sats=0 fix=0 utc=0 tx_fw=none rx_fw=unknown
PHASE_GUARD 500
LORA_CFG path=1 bw=0x0F sf=7
2026-07-26T11:07:37.390980+00:00 PHASE_START 3 HF-LoRa-SF7-255 pktSize=255
2026-07-26T11:07:39.454133+00:00 PHASE_RESULT 3 HF-LoRa-SF7-255 pktSize=255 rx=0 unique=0 lost=20 per=100.0 rssi_avg=0 rssi_min=0 crc_err=0 garbage=0 tx_lat=0.00000 tx_lon=0.00000 sats=0 fix=0 utc=0 tx_fw=none rx_fw=unknown
PHASE_GUARD 500
LORA_CFG path=1 bw=0x0F sf=9
2026-07-26T11:07:40.466380+00:00 PHASE_START 4 HF-LoRa-SF9-32 pktSize=32
2026-07-26T11:07:41.477894+00:00 TIME_SYNCED utc=1785064061 offset=1785062476
PHASE_RESULT 4 HF-LoRa-SF9-32 pktSize=32 rx=0 unique=0 lost=20 per=100.0 rssi_avg=0 rssi_min=0 crc_err=0 garbage=0 tx_lat=0.00000 tx_lon=0.00000 sats=0 fix=0 utc=0 tx_fw=none rx_fw=unknown
PHASE_GUARD 500
LORA_CFG path=1 bw=0x0F sf=9
PHASE_START 5 HF-LoRa-SF9-64 pktSize=64
2026-07-26T11:07:43.540852+00:00 PHASE_RESULT 5 HF-LoRa-SF9-64 pktSize=64 rx=0 unique=0 lost=20 per=100.0 rssi_avg=0 rssi_min=0 crc_err=0 garbage=0 tx_lat=0.00000 tx_lon=0.00000 sats=0 fix=0 utc=0 tx_fw=none rx_fw=unknown
PHASE_GUARD 500
LORA_CFG path=1 bw=0x0F sf=9
PHASE_START 6 HF-LoRa-SF9-128 pktSize=128
2026-07-26T11:07:44.552051+00:00 TIME_SYNCED utc=1785064063 offset=1785062475
PHASE_RESULT 6 HF-LoRa-SF9-128 pktSize=128 rx=0 unique=0 lost=13 per=100.0 rssi_avg=0 rssi_min=0 crc_err=0 garbage=0 tx_lat=0.00000 tx_lon=0.00000 sats=0 fix=0 utc=0 tx_fw=none rx_fw=unknown
PHASE_GUARD 500
LORA_CFG path=1 bw=0x0F sf=9
PHASE_START 5 HF-LoRa-SF9-64 pktSize=64
PHASE_RESULT 5 HF-LoRa-SF9-64 pktSize=64 rx=0 unique=0 lost=20 per=100.0 rssi_avg=0 rssi_min=0 crc_err=0 garbage=0 tx_lat=0.00000 tx_lon=0.00000 sats=0 fix=0 utc=0 tx_fw=none rx_fw=unknown
PHASE_GUARD 500
LORA_CFG path=1 bw=0x0F sf=9
PHASE_START 6 HF-LoRa-SF9-128 pktSize=128
2026-07-26T11:07:48.716289+00:00 PHASE_RESULT 6 HF-LoRa-SF9-128 pktSize=128 rx=0 unique=0 lost=13 per=100.0 rssi_avg=0 rssi_min=0 crc_err=0 garbage=0 tx_lat=0.00000 tx_lon=0.00000 sats=0 fix=0 utc=0 tx_fw=none rx_fw=unknown
PHASE_GUARD 500
LORA_CFG path=1 bw=0x0F sf=9
PHASE_START 7 HF-LoRa-SF9-255 pktSize=255
2026-07-26T11:07:51.831151+00:00 TIME_SYNCED utc=1785064071 offset=1785062476
PHASE_RESULT 7 HF-LoRa-SF9-255 pktSize=255 rx=0 unique=0 lost=6 per=100.0 rssi_avg=0 rssi_min=0 crc_err=0 garbage=0 tx_lat=0.00000 tx_lon=0.00000 sats=0 fix=0 utc=0 tx_fw=none rx_fw=unknown
PHASE_GUARD 500
LORA_CFG path=1 bw=0x0F sf=12
PHASE_START 8 HF-LoRa-SF12-32 pktSize=32
2026-07-26T11:07:53.893994+00:00 PHASE_RESULT 8 HF-LoRa-SF12-32 pktSize=32 rx=0 unique=0 lost=2 per=100.0 rssi_avg=0 rssi_min=0 crc_err=0 garbage=0 tx_lat=0.00000 tx_lon=0.00000 sats=0 fix=0 utc=0 tx_fw=none rx_fw=unknown
PHASE_GUARD 500
LORA_CFG path=1 bw=0x0F sf=12
PHASE_START 9 HF-LoRa-SF12-64 pktSize=64
2026-07-26T11:07:54.905660+00:00 TIME_SYNCED utc=1785064073 offset=1785062475
PHASE_RESULT 9 HF-LoRa-SF12-64 pktSize=64 rx=0 unique=0 lost=1 per=100.0 rssi_avg=0 rssi_min=0 crc_err=0 garbage=0 tx_lat=0.00000 tx_lon=0.00000 sats=0 fix=0 utc=0 tx_fw=none rx_fw=unknown
PHASE_GUARD 500
LORA_CFG path=1 bw=0x0F sf=12
PHASE_START 8 HF-LoRa-SF12-32 pktSize=32
PHASE_RESULT 8 HF-LoRa-SF12-32 pktSize=32 rx=0 unique=0 lost=2 per=100.0 rssi_avg=0 rssi_min=0 crc_err=0 garbage=0 tx_lat=0.00000 tx_lon=0.00000 sats=0 fix=0 utc=0 tx_fw=none rx_fw=unknown
PHASE_GUARD 500
LORA_CFG path=1 bw=0x0F sf=12
PHASE_START 9 HF-LoRa-SF12-64 pktSize=64
2026-07-26T11:07:58.019381+00:00 PHASE_RESULT 9 HF-LoRa-SF12-64 pktSize=64 rx=0 unique=0 lost=1 per=100.0 rssi_avg=0 rssi_min=0 crc_err=0 garbage=0 tx_lat=0.00000 tx_lon=0.00000 sats=0 fix=0 utc=0 tx_fw=none rx_fw=unknown
PHASE_GUARD 500
LORA_CFG path=1 bw=0x0F sf=12
PHASE_START 10 HF-LoRa-SF12-128 pktSize=128
2026-07-26T11:08:02.183126+00:00 TIME_SYNCED utc=1785064081 offset=1785062476
PHASE_RESULT 10 HF-LoRa-SF12-128 pktSize=128 rx=0 unique=0 lost=1 per=100.0 rssi_avg=0 rssi_min=0 crc_err=0 garbage=0 tx_lat=0.00000 tx_lon=0.00000 sats=0 fix=0 utc=0 tx_fw=none rx_fw=unknown
PHASE_GUARD 500
LORA_CFG path=1 bw=0x0F sf=12
PHASE_START 11 HF-LoRa-SF12-255 pktSize=255
2026-07-26T11:08:05.291624+00:00 TIME_SYNCED utc=1785064084 offset=1785062476
2026-07-26T11:08:11.558993+00:00 TIME_SYNCED utc=1785064091 offset=1785062476
PHASE_RESULT 11 HF-LoRa-SF12-255 pktSize=255 rx=0 unique=0 lost=1 per=100.0 rssi_avg=0 rssi_min=0 crc_err=0 garbage=0 tx_lat=0.00000 tx_lon=0.00000 sats=0 fix=0 utc=0 tx_fw=none rx_fw=unknown
PHASE_GUARD 500
PHASE_START 12 HF-FLRC-2600-32 pktSize=32
SYNC_NOT_FOUND first4=DAD70452
2026-07-26T11:08:12.570307+00:00 SYNC_NOT_FOUND first4=FA6D5155
SYNC_NOT_FOUND first4=981DD414
SYNC_NOT_FOUND first4=B7832B0E
SYNC_NOT_FOUND first4=71FDE99A
SYNC_NOT_FOUND first4=0B07C65C
SYNC_NOT_FOUND first4=F8F48FA8
SYNC_NOT_FOUND first4=58B7BF1F
SYNC_NOT_FOUND first4=34D33466
SYNC_NOT_FOUND first4=7DFD22DD
SYNC_NOT_FOUND first4=79B8BACC
SYNC_NOT_FOUND first4=1821A244
2026-07-26T11:08:13.582317+00:00 SYNC_NOT_FOUND first4=BA9D94E3
SYNC_NOT_FOUND first4=C0A7E295
SYNC_NOT_FOUND first4=788C3625
SYNC_NOT_FOUND first4=AB240AB9
PHASE_RESULT 12 HF-FLRC-2600-32 pktSize=32 rx=0 unique=0 lost=100 per=100.0 rssi_avg=0 rssi_min=0 crc_err=0 garbage=16 tx_lat=0.00000 tx_lon=0.00000 sats=0 fix=0 utc=0 tx_fw=none rx_fw=unknown
PHASE_GUARD 500
PHASE_START 13 HF-FLRC-2600-64 pktSize=64
SYNC_NOT_FOUND first4=89A06237
2026-07-26T11:08:14.594268+00:00 SYNC_NOT_FOUND first4=5C01C1D4
SYNC_NOT_FOUND first4=F48998C5
SYNC_NOT_FOUND first4=BE9C9133
SYNC_NOT_FOUND first4=12F7ED7C
2026-07-26T11:08:15.606402+00:00 TIME_SYNCED utc=1785064094 offset=1785062475
SYNC_NOT_FOUND first4=EA0C9162
SYNC_NOT_FOUND first4=7E32248A
SYNC_NOT_FOUND first4=1B134EA4
SYNC_NOT_FOUND first4=278742CD
SYNC_NOT_FOUND first4=D1E859A0
2026-07-26T11:08:16.617258+00:00 SYNC_NOT_FOUND first4=1E482091
SYNC_NOT_FOUND first4=6D899DA0
SYNC_NOT_FOUND first4=3D2C4548
SYNC_NOT_FOUND first4=F6F4EB6B
SYNC_NOT_FOUND first4=1C11EC04
SYNC_NOT_FOUND first4=96807A49
SYNC_NOT_FOUND first4=21DAEA9E
SYNC_NOT_FOUND first4=A4A4BA60
PHASE_RESULT 13 HF-FLRC-2600-64 pktSize=64 rx=0 unique=0 lost=100 per=100.0 rssi_avg=0 rssi_min=0 crc_err=0 garbage=18 tx_lat=0.00000 tx_lon=0.00000 sats=0 fix=0 utc=0 tx_fw=none rx_fw=unknown
PHASE_GUARD 500
PHASE_START 14 HF-FLRC-2600-128 pktSize=128
2026-07-26T11:08:17.628114+00:00 SYNC_NOT_FOUND first4=99C3E0CD
SYNC_NOT_FOUND first4=267C1B71
SYNC_NOT_FOUND first4=B6116206
SYNC_NOT_FOUND first4=16B91478
SYNC_NOT_FOUND first4=E11E3575
SYNC_NOT_FOUND first4=BB4A1723
SYNC_NOT_FOUND first4=EEE5F2FC
SYNC_NOT_FOUND first4=6641D2FB
SYNC_NOT_FOUND first4=21E4B7DB
SYNC_NOT_FOUND first4=4D6A2F2D
2026-07-26T11:08:18.638534+00:00 SYNC_NOT_FOUND first4=0943CC13
SYNC_NOT_FOUND first4=F5E50F7E
SYNC_NOT_FOUND first4=178D130C
PHASE_RESULT 14 HF-FLRC-2600-128 pktSize=128 rx=0 unique=0 lost=100 per=100.0 rssi_avg=0 rssi_min=0 crc_err=0 garbage=13 tx_lat=0.00000 tx_lon=0.00000 sats=0 fix=0 utc=0 tx_fw=none rx_fw=unknown
PHASE_GUARD 500
PHASE_START 15 HF-FLRC-2600-255 pktSize=255
SYNC_NOT_FOUND first4=DCC7695C
2026-07-26T11:08:19.650203+00:00 SYNC_NOT_FOUND first4=8668427C
SYNC_NOT_FOUND first4=F75C9508
SYNC_NOT_FOUND first4=CFCC6B0A
2026-07-26T11:08:20.661465+00:00 SYNC_NOT_FOUND first4=932E2992
SYNC_NOT_FOUND first4=870E43FF
PHASE_RESULT 15 HF-FLRC-2600-255 pktSize=255 rx=0 unique=0 lost=100 per=100.0 rssi_avg=0 rssi_min=0 crc_err=0 garbage=6 tx_lat=0.00000 tx_lon=0.00000 sats=0 fix=0 utc=0 tx_fw=none rx_fw=unknown
PHASE_GUARD 500
PHASE_START 16 HF-FLRC-1300-32 pktSize=32
SYNC_NOT_FOUND first4=C91DA7E9
SYNC_NOT_FOUND first4=BDF23499
2026-07-26T11:08:21.672551+00:00 SYNC_NOT_FOUND first4=2C768CEC
SYNC_NOT_FOUND first4=D4667B6C
TIME_SYNCED utc=1785064101 offset=1785062476
PHASE_RESULT 16 HF-FLRC-1300-32 pktSize=32 rx=0 unique=0 lost=100 per=100.0 rssi_avg=0 rssi_min=0 crc_err=0 garbage=4 tx_lat=0.00000 tx_lon=0.00000 sats=0 fix=0 utc=0 tx_fw=none rx_fw=unknown
PHASE_GUARD 500
PHASE_START 17 HF-FLRC-1300-64 pktSize=64
SYNC_NOT_FOUND first4=85331861
2026-07-26T11:08:22.684066+00:00 SYNC_NOT_FOUND first4=C7355257
SYNC_NOT_FOUND first4=68D90CDA
2026-07-26T11:08:23.695717+00:00 SYNC_NOT_FOUND first4=35A46D5F
PHASE_RESULT 17 HF-FLRC-1300-64 pktSize=64 rx=0 unique=0 lost=100 per=100.0 rssi_avg=0 rssi_min=0 crc_err=0 garbage=4 tx_lat=0.00000 tx_lon=0.00000 sats=0 fix=0 utc=0 tx_fw=none rx_fw=unknown
PHASE_GUARD 500
PHASE_START 18 HF-FLRC-1300-128 pktSize=128
SYNC_NOT_FOUND first4=71A5E72A
2026-07-26T11:08:24.707336+00:00 SYNC_NOT_FOUND first4=6DBB1CE1
2026-07-26T11:08:25.718593+00:00 TIME_SYNCED utc=1785064104 offset=1785062475
SYNC_NOT_FOUND first4=4357C497
SYNC_NOT_FOUND first4=5889CEF9
SYNC_NOT_FOUND first4=47219848
2026-07-26T11:08:26.729671+00:00 SYNC_NOT_FOUND first4=0B388FAC
SYNC_NOT_FOUND first4=2D777D9A
SYNC_NOT_FOUND first4=AC87E699
PHASE_RESULT 18 HF-FLRC-1300-128 pktSize=128 rx=0 unique=0 lost=100 per=100.0 rssi_avg=0 rssi_min=0 crc_err=0 garbage=8 tx_lat=0.00000 tx_lon=0.00000 sats=0 fix=0 utc=0 tx_fw=none rx_fw=unknown
PHASE_GUARD 500
PHASE_START 19 HF-FLRC-1300-255 pktSize=255
SYNC_NOT_FOUND first4=5BF06221
2026-07-26T11:08:27.740850+00:00 SYNC_NOT_FOUND first4=E0EA1BE2
SYNC_NOT_FOUND first4=8083E8D9
SYNC_NOT_FOUND first4=3A49DC9D
SYNC_NOT_FOUND first4=A0FA3AD7
2026-07-26T11:08:28.745277+00:00 SYNC_NOT_FOUND first4=081285C8
PHASE_RESULT 19 HF-FLRC-1300-255 pktSize=255 rx=0 unique=0 lost=100 per=100.0 rssi_avg=0 rssi_min=0 crc_err=0 garbage=6 tx_lat=0.00000 tx_lon=0.00000 sats=0 fix=0 utc=0 tx_fw=none rx_fw=unknown
PHASE_GUARD 500
PHASE_START 20 HF-FLRC-650-32 pktSize=32
SYNC_NOT_FOUND first4=C7635D2E
SYNC_NOT_FOUND first4=CAFBEBE6
SYNC_NOT_FOUND first4=CED2A2C8
SYNC_NOT_FOUND first4=13538D01
SYNC_NOT_FOUND first4=0E4108A4
SYNC_NOT_FOUND first4=5D61FE4D
SYNC_NOT_FOUND first4=EF9001F1
2026-07-26T11:08:29.748443+00:00 SYNC_NOT_FOUND first4=9175A8E8
SYNC_NOT_FOUND first4=CB475BF3
SYNC_NOT_FOUND first4=15F3CAAD
SYNC_NOT_FOUND first4=13CF69A0
SYNC_NOT_FOUND first4=F7DD605D
SYNC_NOT_FOUND first4=A356EBEB
SYNC_NOT_FOUND first4=FD66C79A
SYNC_NOT_FOUND first4=0A2C1DAB
SYNC_NOT_FOUND first4=8D8AF96B
SYNC_NOT_FOUND first4=8A6ABBB8
SYNC_NOT_FOUND first4=842BA724
SYNC_NOT_FOUND first4=2F1C20A6
SYNC_NOT_FOUND first4=82450906
SYNC_NOT_FOUND first4=38ADC02C
SYNC_NOT_FOUND first4=0EC837E2
SYNC_NOT_FOUND first4=3729530A
SYNC_NOT_FOUND first4=3EACE24F
SYNC_NOT_FOUND first4=7EAAAE17
SYNC_NOT_FOUND first4=D41C00D7
SYNC_NOT_FOUND first4=54A25D63
SYNC_NOT_FOUND first4=83C580E3
2026-07-26T11:08:30.754849+00:00 SYNC_NOT_FOUND first4=14F507C1
SYNC_NOT_FOUND first4=81A2DF0B
SYNC_NOT_FOUND first4=FDA0274D
SYNC_NOT_FOUND first4=785895ED
SYNC_NOT_FOUND first4=344E71E1
SYNC_NOT_FOUND first4=46C38BD5
SYNC_NOT_FOUND first4=C3C1BCCB
SYNC_NOT_FOUND first4=E72161D6
SYNC_NOT_FOUND first4=BF2C2940
SYNC_NOT_FOUND first4=23CE778E
SYNC_NOT_FOUND first4=209DC879
SYNC_NOT_FOUND first4=BA3557CB
SYNC_NOT_FOUND first4=1713ABB8
SYNC_NOT_FOUND first4=67BBCA6A
PHASE_RESULT 20 HF-FLRC-650-32 pktSize=32 rx=0 unique=0 lost=100 per=100.0 rssi_avg=0 rssi_min=0 crc_err=0 garbage=42 tx_lat=0.00000 tx_lon=0.00000 sats=0 fix=0 utc=0 tx_fw=none rx_fw=unknown
PHASE_GUARD 500
PHASE_START 21 HF-FLRC-650-64 pktSize=64
SYNC_NOT_FOUND first4=290C568F
SYNC_NOT_FOUND first4=DB6E544B
SYNC_NOT_FOUND first4=D798FBE6
2026-07-26T11:08:31.765754+00:00 SYNC_NOT_FOUND first4=4C25D80A
SYNC_NOT_FOUND first4=B3C8B903
SYNC_NOT_FOUND first4=17A97FA2
SYNC_NOT_FOUND first4=667CFED4
SYNC_NOT_FOUND first4=A2F84CDB
SYNC_NOT_FOUND first4=CB8D2790
SYNC_NOT_FOUND first4=43C4928A
TIME_SYNCED utc=1785064111 offset=1785062476
SYNC_NOT_FOUND first4=3677BA2A
SYNC_NOT_FOUND first4=8791A0E5
SYNC_NOT_FOUND first4=1D8847E1
SYNC_NOT_FOUND first4=7EF5643F
PHASE_RESULT 21 HF-FLRC-650-64 pktSize=64 rx=0 unique=0 lost=100 per=100.0 rssi_avg=0 rssi_min=0 crc_err=0 garbage=14 tx_lat=0.00000 tx_lon=0.00000 sats=0 fix=0 utc=0 tx_fw=none rx_fw=unknown
PHASE_GUARD 500
PHASE_START 22 HF-FLRC-650-128 pktSize=128
SYNC_NOT_FOUND first4=5CACE2AB
SYNC_NOT_FOUND first4=6FC82CA9
SYNC_NOT_FOUND first4=A10AB11C
SYNC_NOT_FOUND first4=C2E13344
SYNC_NOT_FOUND first4=E3BEA49B
2026-07-26T11:08:32.776902+00:00 SYNC_NOT_FOUND first4=AE9F6D15
SYNC_NOT_FOUND first4=687A0B43
SYNC_NOT_FOUND first4=9F5CBDE2
SYNC_NOT_FOUND first4=90270CA9
SYNC_NOT_FOUND first4=5C93D99A
SYNC_NOT_FOUND first4=D605CDFF
SYNC_NOT_FOUND first4=6A487F65
SYNC_NOT_FOUND first4=B82522F9
SYNC_NOT_FOUND first4=C2C86D0F
SYNC_NOT_FOUND first4=51B37551
SYNC_NOT_FOUND first4=69638322
SYNC_NOT_FOUND first4=549B8222
SYNC_NOT_FOUND first4=9B6485F8
SYNC_NOT_FOUND first4=76B862CB
SYNC_NOT_FOUND first4=5A4A5435
SYNC_NOT_FOUND first4=39F8C305
SYNC_NOT_FOUND first4=5455738A
SYNC_NOT_FOUND first4=D784B578
SYNC_NOT_FOUND first4=288D9D65
SYNC_NOT_FOUND first4=9CD9E80E
SYNC_NOT_FOUND first4=478DE66F
SYNC_NOT_FOUND first4=580F072B
SYNC_NOT_FOUND first4=4692E009
SYNC_NOT_FOUND first4=54D79811
2026-07-26T11:08:33.788738+00:00 SYNC_NOT_FOUND first4=FFE56654
SYNC_NOT_FOUND first4=8616364C
SYNC_NOT_FOUND first4=83B94812
SYNC_NOT_FOUND first4=852E07C7
SYNC_NOT_FOUND first4=B5EAC64A
PHASE_RESULT 22 HF-FLRC-650-128 pktSize=128 rx=0 unique=0 lost=100 per=100.0 rssi_avg=0 rssi_min=0 crc_err=0 garbage=34 tx_lat=0.00000 tx_lon=0.00000 sats=0 fix=0 utc=0 tx_fw=none rx_fw=unknown
PHASE_GUARD 500
PHASE_START 23 HF-FLRC-650-255 pktSize=255
SYNC_NOT_FOUND first4=2DF18800
SYNC_NOT_FOUND first4=3A8BBE77
SYNC_NOT_FOUND first4=33866F3F
SYNC_NOT_FOUND first4=E1B6AC57
2026-07-26T11:08:34.800092+00:00 SYNC_NOT_FOUND first4=44F90F5C
SYNC_NOT_FOUND first4=B0514465
SYNC_NOT_FOUND first4=959F9DC3
SYNC_NOT_FOUND first4=D264EC45
SYNC_NOT_FOUND first4=8105FD01
SYNC_NOT_FOUND first4=E1A68745
SYNC_NOT_FOUND first4=63D926E9
SYNC_NOT_FOUND first4=C72459DA
SYNC_NOT_FOUND first4=FF422CDA
SYNC_NOT_FOUND first4=E3148547
SYNC_NOT_FOUND first4=2ABC4692
SYNC_NOT_FOUND first4=AC198E65
SYNC_NOT_FOUND first4=D911BABB
SYNC_NOT_FOUND first4=1FAE748C
2026-07-26T11:08:35.811642+00:00 SYNC_NOT_FOUND first4=6C8D56E9
TIME_SYNCED utc=1785064114 offset=1785062475
SYNC_NOT_FOUND first4=529FA4F7
SYNC_NOT_FOUND first4=403B0423
SYNC_NOT_FOUND first4=9892C6FB
SYNC_NOT_FOUND first4=41B8210C
SYNC_NOT_FOUND first4=42A41002
SYNC_NOT_FOUND first4=9BE89727
SYNC_NOT_FOUND first4=14F17080
SYNC_NOT_FOUND first4=757369BF
SYNC_NOT_FOUND first4=E60E5B9F
2026-07-26T11:08:36.823140+00:00 SYNC_NOT_FOUND first4=D3CE53C0
SYNC_NOT_FOUND first4=FEEDEF99
SYNC_NOT_FOUND first4=32056B1C
SYNC_NOT_FOUND first4=42FE04A8
SYNC_NOT_FOUND first4=4B761034
SYNC_NOT_FOUND first4=ACD1F99E
SYNC_NOT_FOUND first4=D4EA35D3
SYNC_NOT_FOUND first4=ABDA07DD
PHASE_RESULT 23 HF-FLRC-650-255 pktSize=255 rx=0 unique=0 lost=100 per=100.0 rssi_avg=0 rssi_min=0 crc_err=0 garbage=36 tx_lat=0.00000 tx_lon=0.00000 sats=0 fix=0 utc=0 tx_fw=none rx_fw=unknown
PHASE_GUARD 500
PHASE_START 24 HF-FLRC-325-32 pktSize=32
2026-07-26T11:08:37.834734+00:00 SYNC_NOT_FOUND first4=EC23CB65
SYNC_NOT_FOUND first4=2198988E
SYNC_NOT_FOUND first4=01A98ECB
SYNC_NOT_FOUND first4=9A14D9A3
2026-07-26T11:08:38.846206+00:00 SYNC_NOT_FOUND first4=4D72168D
PHASE_RESULT 24 HF-FLRC-325-32 pktSize=32 rx=0 unique=0 lost=100 per=100.0 rssi_avg=0 rssi_min=0 crc_err=0 garbage=5 tx_lat=0.00000 tx_lon=0.00000 sats=0 fix=0 utc=0 tx_fw=none rx_fw=unknown
PHASE_GUARD 500
PHASE_START 25 HF-FLRC-325-64 pktSize=64
SYNC_NOT_FOUND first4=BC457A43
2026-07-26T11:08:39.857698+00:00 SYNC_NOT_FOUND first4=49EBEA05
SYNC_NOT_FOUND first4=3EA12DBC
SYNC_NOT_FOUND first4=682E16D2
SYNC_NOT_FOUND first4=69022836
2026-07-26T11:08:40.862380+00:00 SYNC_NOT_FOUND first4=A3784173
PHASE_RESULT 25 HF-FLRC-325-64 pktSize=64 rx=0 unique=0 lost=100 per=100.0 rssi_avg=0 rssi_min=0 crc_err=0 garbage=6 tx_lat=0.00000 tx_lon=0.00000 sats=0 fix=0 utc=0 tx_fw=none rx_fw=unknown
PHASE_GUARD 500
PHASE_START 26 HF-FLRC-325-128 pktSize=128
2026-07-26T11:08:41.873939+00:00 SYNC_NOT_FOUND first4=4B768D13
SYNC_NOT_FOUND first4=C30F090A
TIME_SYNCED utc=1785064121 offset=1785062476
PHASE_RESULT 26 HF-FLRC-325-128 pktSize=128 rx=0 unique=0 lost=100 per=100.0 rssi_avg=0 rssi_min=0 crc_err=0 garbage=2 tx_lat=0.00000 tx_lon=0.00000 sats=0 fix=0 utc=0 tx_fw=none rx_fw=unknown
PHASE_GUARD 500
PHASE_START 27 HF-FLRC-325-255 pktSize=255
2026-07-26T11:08:42.885049+00:00 SYNC_NOT_FOUND first4=097EAAF0
SYNC_NOT_FOUND first4=47D05353
SYNC_NOT_FOUND first4=855FC4EF
SYNC_NOT_FOUND first4=1F56AB05
SYNC_NOT_FOUND first4=F8F25CED
SYNC_NOT_FOUND first4=1B45B1A4
2026-07-26T11:08:43.899206+00:00 PHASE_RESULT 27 HF-FLRC-325-255 pktSize=255 rx=0 unique=0 lost=100 per=100.0 rssi_avg=0 rssi_min=0 crc_err=0 garbage=6 tx_lat=0.00000 tx_lon=0.00000 sats=0 fix=0 utc=0 tx_fw=none rx_fw=unknown
PHASE_GUARD 500
LORA_CFG path=0 bw=0x05 sf=7
PHASE_START 28 LF-LoRa-SF7-32 pktSize=32
2026-07-26T11:08:45.964716+00:00 TIME_SYNCED utc=1785064124 offset=1785062475
2026-07-26T11:08:46.975996+00:00 PHASE_RESULT 28 LF-LoRa-SF7-32 pktSize=32 rx=0 unique=0 lost=20 per=100.0 rssi_avg=0 rssi_min=0 crc_err=0 garbage=0 tx_lat=0.00000 tx_lon=0.00000 sats=0 fix=0 utc=0 tx_fw=none rx_fw=unknown
PHASE_GUARD 500
LORA_CFG path=0 bw=0x05 sf=7
PHASE_START 29 LF-LoRa-SF7-64 pktSize=64
2026-07-26T11:08:50.089141+00:00 PHASE_RESULT 29 LF-LoRa-SF7-64 pktSize=64 rx=0 unique=0 lost=20 per=100.0 rssi_avg=0 rssi_min=0 crc_err=0 garbage=0 tx_lat=0.00000 tx_lon=0.00000 sats=0 fix=0 utc=0 tx_fw=none rx_fw=unknown
PHASE_GUARD 500
LORA_CFG path=0 bw=0x05 sf=7
PHASE_START 30 LF-LoRa-SF7-128 pktSize=128
2026-07-26T11:08:52.152588+00:00 TIME_SYNCED utc=1785064131 offset=1785062476
2026-07-26T11:08:53.164248+00:00 PHASE_RESULT 30 LF-LoRa-SF7-128 pktSize=128 rx=0 unique=0 lost=13 per=100.0 rssi_avg=0 rssi_min=0 crc_err=0 garbage=0 tx_lat=0.00000 tx_lon=0.00000 sats=0 fix=0 utc=0 tx_fw=none rx_fw=unknown
PHASE_GUARD 500
LORA_CFG path=0 bw=0x05 sf=7
PHASE_START 31 LF-LoRa-SF7-255 pktSize=255
2026-07-26T11:08:56.278761+00:00 TIME_SYNCED utc=1785064135 offset=1785062476
2026-07-26T11:08:57.290239+00:00 PHASE_RESULT 31 LF-LoRa-SF7-255 pktSize=255 rx=0 unique=0 lost=7 per=100.0 rssi_avg=0 rssi_min=0 crc_err=0 garbage=0 tx_lat=0.00000 tx_lon=0.00000 sats=0 fix=0 utc=0 tx_fw=none rx_fw=unknown
PHASE_GUARD 500
LORA_CFG path=0 bw=0x05 sf=9
PHASE_START 32 LF-LoRa-SF9-32 pktSize=32
2026-07-26T11:09:00.402845+00:00 PHASE_RESULT 32 LF-LoRa-SF9-32 pktSize=32 rx=0 unique=0 lost=7 per=100.0 rssi_avg=0 rssi_min=0 crc_err=0 garbage=0 tx_lat=0.00000 tx_lon=0.00000 sats=0 fix=0 utc=0 tx_fw=none rx_fw=unknown
PHASE_GUARD 500
LORA_CFG path=0 bw=0x05 sf=9
2026-07-26T11:09:01.414056+00:00 PHASE_START 33 LF-LoRa-SF9-64 pktSize=64
TIME_SYNCED utc=1785064141 offset=1785062476
2026-07-26T11:09:03.476011+00:00 PHASE_RESULT 33 LF-LoRa-SF9-64 pktSize=64 rx=0 unique=0 lost=3 per=100.0 rssi_avg=0 rssi_min=0 crc_err=0 garbage=0 tx_lat=0.00000 tx_lon=0.00000 sats=0 fix=0 utc=0 tx_fw=none rx_fw=unknown
PHASE_GUARD 500
LORA_CFG path=0 bw=0x05 sf=9
PHASE_START 34 LF-LoRa-SF9-128 pktSize=128
2026-07-26T11:09:05.538501+00:00 PHASE_RESULT 34 LF-LoRa-SF9-128 pktSize=128 rx=0 unique=0 lost=1 per=100.0 rssi_avg=0 rssi_min=0 crc_err=0 garbage=0 tx_lat=0.00000 tx_lon=0.00000 sats=0 fix=0 utc=0 tx_fw=none rx_fw=unknown
PHASE_GUARD 500
LORA_CFG path=0 bw=0x05 sf=9
PHASE_START 35 LF-LoRa-SF9-255 pktSize=255
2026-07-26T11:09:06.543212+00:00 TIME_SYNCED utc=1785064145 offset=1785062475
PHASE_RESULT 35 LF-LoRa-SF9-255 pktSize=255 rx=0 unique=0 lost=1 per=100.0 rssi_avg=0 rssi_min=0 crc_err=0 garbage=0 tx_lat=0.00000 tx_lon=0.00000 sats=0 fix=0 utc=0 tx_fw=none rx_fw=unknown
PHASE_GUARD 500
LORA_CFG path=0 bw=0x05 sf=9
PHASE_START 34 LF-LoRa-SF9-128 pktSize=128
PHASE_RESULT 34 LF-LoRa-SF9-128 pktSize=128 rx=0 unique=0 lost=1 per=100.0 rssi_avg=0 rssi_min=0 crc_err=0 garbage=0 tx_lat=0.00000 tx_lon=0.00000 sats=0 fix=0 utc=0 tx_fw=none rx_fw=unknown
PHASE_GUARD 500
LORA_CFG path=0 bw=0x05 sf=9
PHASE_START 35 LF-LoRa-SF9-255 pktSize=255
2026-07-26T11:09:10.700772+00:00 PHASE_RESULT 35 LF-LoRa-SF9-255 pktSize=255 rx=0 unique=0 lost=1 per=100.0 rssi_avg=0 rssi_min=0 crc_err=0 garbage=0 tx_lat=0.00000 tx_lon=0.00000 sats=0 fix=0 utc=0 tx_fw=none rx_fw=unknown
PHASE_GUARD 500
LORA_CFG path=0 bw=0x05 sf=12
PHASE_START 36 LF-LoRa-SF12-32 pktSize=32
2026-07-26T11:09:11.713085+00:00 TIME_SYNCED utc=1785064151 offset=1785062476
2026-07-26T11:09:16.929265+00:00 TIME_SYNCED utc=1785064155 offset=1785062475
2026-07-26T11:09:22.145911+00:00 TIME_SYNCED utc=1785064161 offset=1785062475
2026-07-26T11:09:26.310305+00:00 PHASE_RESULT 36 LF-LoRa-SF12-32 pktSize=32 rx=0 unique=0 lost=1 per=100.0 rssi_avg=0 rssi_min=0 crc_err=0 garbage=0 tx_lat=0.00000 tx_lon=0.00000 sats=0 fix=0 utc=0 tx_fw=none rx_fw=unknown
PHASE_GUARD 500
LORA_CFG path=0 bw=0x05 sf=12
PHASE_START 37 LF-LoRa-SF12-SKIP SKIP pktSize=64
PHASE_RESULT 37 LF-LoRa-SF12-SKIP pktSize=64 rx=0 unique=0 lost=0 per=0.0 rssi_avg=0 rssi_min=0 crc_err=0 garbage=0 tx_lat=0.00000 tx_lon=0.00000 sats=0 fix=0 utc=0 tx_fw=none rx_fw=unknown
PHASE_GUARD 500
2026-07-26T11:09:27.321610+00:00 LORA_CFG path=0 bw=0x05 sf=12
PHASE_START 38 LF-LoRa-SF12-SKIP SKIP pktSize=128
TIME_SYNCED utc=1785064166 offset=1785062475
PHASE_RESULT 38 LF-LoRa-SF12-SKIP pktSize=128 rx=0 unique=0 lost=0 per=0.0 rssi_avg=0 rssi_min=0 crc_err=0 garbage=0 tx_lat=0.00000 tx_lon=0.00000 sats=0 fix=0 utc=0 tx_fw=none rx_fw=unknown
PHASE_GUARD 500
2026-07-26T11:09:28.332463+00:00 LORA_CFG path=0 bw=0x05 sf=12
PHASE_START 39 LF-LoRa-SF12-SKIP SKIP pktSize=255
PHASE_RESULT 39 LF-LoRa-SF12-SKIP pktSize=255 rx=0 unique=0 lost=0 per=0.0 rssi_avg=0 rssi_min=0 crc_err=0 garbage=0 tx_lat=0.00000 tx_lon=0.00000 sats=0 fix=0 utc=0 tx_fw=none rx_fw=unknown
PHASE_GUARD 500
2026-07-26T11:09:29.336361+00:00 PHASE_START 40 LF-FLRC-2600-32 pktSize=32
2026-07-26T11:09:30.348203+00:00 PHASE_RESULT 40 LF-FLRC-2600-32 pktSize=32 rx=0 unique=0 lost=100 per=100.0 rssi_avg=0 rssi_min=0 crc_err=0 garbage=0 tx_lat=0.00000 tx_lon=0.00000 sats=0 fix=0 utc=0 tx_fw=none rx_fw=unknown
PHASE_GUARD 500
2026-07-26T11:09:31.351881+00:00 PHASE_START 41 LF-FLRC-2600-64 pktSize=64
SYNC_NOT_FOUND first4=56B12987
SYNC_NOT_FOUND first4=8DC444BF
TIME_SYNCED utc=1785064171 offset=1785062475
2026-07-26T11:09:32.363015+00:00 SYNC_NOT_FOUND first4=588C3CFB
SYNC_NOT_FOUND first4=90CA530A
PHASE_RESULT 41 LF-FLRC-2600-64 pktSize=64 rx=0 unique=0 lost=100 per=100.0 rssi_avg=0 rssi_min=0 crc_err=0 garbage=4 tx_lat=0.00000 tx_lon=0.00000 sats=0 fix=0 utc=0 tx_fw=none rx_fw=unknown
PHASE_GUARD 500
2026-07-26T11:09:33.374860+00:00 PHASE_START 42 LF-FLRC-2600-128 pktSize=128
SYNC_NOT_FOUND first4=80829FE2
2026-07-26T11:09:34.386127+00:00 SYNC_NOT_FOUND first4=2CE5CEC8
SYNC_NOT_FOUND first4=6218E2FD
SYNC_NOT_FOUND first4=75F2B74D
PHASE_RESULT 42 LF-FLRC-2600-128 pktSize=128 rx=0 unique=0 lost=100 per=100.0 rssi_avg=0 rssi_min=0 crc_err=0 garbage=4 tx_lat=0.00000 tx_lon=0.00000 sats=0 fix=0 utc=0 tx_fw=none rx_fw=unknown
PHASE_GUARD 500
2026-07-26T11:09:35.398287+00:00 PHASE_START 43 LF-FLRC-2600-255 pktSize=255
2026-07-26T11:09:36.410005+00:00 SYNC_NOT_FOUND first4=EDAA9718
SYNC_NOT_FOUND first4=D2F07629
PHASE_RESULT 43 LF-FLRC-2600-255 pktSize=255 rx=0 unique=0 lost=100 per=100.0 rssi_avg=0 rssi_min=0 crc_err=0 garbage=2 tx_lat=0.00000 tx_lon=0.00000 sats=0 fix=0 utc=0 tx_fw=none rx_fw=unknown
PHASE_GUARD 500
2026-07-26T11:09:37.421264+00:00 PHASE_START 44 LF-FLRC-1300-32 pktSize=32
TIME_SYNCED utc=1785064176 offset=1785062475
2026-07-26T11:09:38.424846+00:00 PHASE_RESULT 44 LF-FLRC-1300-32 pktSize=32 rx=0 unique=0 lost=100 per=100.0 rssi_avg=0 rssi_min=0 crc_err=0 garbage=0 tx_lat=0.00000 tx_lon=0.00000 sats=0 fix=0 utc=0 tx_fw=none rx_fw=unknown
PHASE_GUARD 500
2026-07-26T11:09:39.436260+00:00 PHASE_START 45 LF-FLRC-1300-64 pktSize=64
2026-07-26T11:09:40.447446+00:00 PHASE_RESULT 45 LF-FLRC-1300-64 pktSize=64 rx=0 unique=0 lost=100 per=100.0 rssi_avg=0 rssi_min=0 crc_err=0 garbage=0 tx_lat=0.00000 tx_lon=0.00000 sats=0 fix=0 utc=0 tx_fw=none rx_fw=unknown
PHASE_GUARD 500
PHASE_START 46 LF-FLRC-1300-128 pktSize=128
2026-07-26T11:09:41.458297+00:00 TIME_SYNCED utc=1785064181 offset=1785062475
2026-07-26T11:09:42.469228+00:00 PHASE_RESULT 46 LF-FLRC-1300-128 pktSize=128 rx=0 unique=0 lost=100 per=100.0 rssi_avg=0 rssi_min=0 crc_err=0 garbage=0 tx_lat=0.00000 tx_lon=0.00000 sats=0 fix=0 utc=0 tx_fw=none rx_fw=unknown
PHASE_GUARD 500
PHASE_START 47 LF-FLRC-1300-255 pktSize=255
2026-07-26T11:09:43.480454+00:00 SYNC_NOT_FOUND first4=E2FE3B03
2026-07-26T11:09:44.483819+00:00 PHASE_RESULT 47 LF-FLRC-1300-255 pktSize=255 rx=0 unique=0 lost=100 per=100.0 rssi_avg=0 rssi_min=0 crc_err=0 garbage=1 tx_lat=0.00000 tx_lon=0.00000 sats=0 fix=0 utc=0 tx_fw=none rx_fw=unknown
PHASE_GUARD 500
PHASE_START 48 LF-FLRC-650-32 pktSize=32
2026-07-26T11:09:45.495604+00:00 SYNC_NOT_FOUND first4=85A9938C
2026-07-26T11:09:46.506640+00:00 SYNC_NOT_FOUND first4=91B61DCC
SYNC_NOT_FOUND first4=BF919B90
SYNC_NOT_FOUND first4=B75DBCAD
PHASE_RESULT 48 LF-FLRC-650-32 pktSize=32 rx=0 unique=0 lost=100 per=100.0 rssi_avg=0 rssi_min=0 crc_err=0 garbage=4 tx_lat=0.00000 tx_lon=0.00000 sats=0 fix=0 utc=0 tx_fw=none rx_fw=unknown
PHASE_GUARD 500
PHASE_START 49 LF-FLRC-650-64 pktSize=64
2026-07-26T11:09:47.518963+00:00 TIME_SYNCED utc=1785064186 offset=1785062475
SYNC_NOT_FOUND first4=8F1FE07D
SYNC_NOT_FOUND first4=6BE94924
SYNC_NOT_FOUND first4=01AFE6AD
2026-07-26T11:09:48.522444+00:00 SYNC_NOT_FOUND first4=9360C6DC
SYNC_NOT_FOUND first4=6A8BF98B
PHASE_RESULT 49 LF-FLRC-650-64 pktSize=64 rx=0 unique=0 lost=100 per=100.0 rssi_avg=0 rssi_min=0 crc_err=0 garbage=5 tx_lat=0.00000 tx_lon=0.00000 sats=0 fix=0 utc=0 tx_fw=none rx_fw=unknown
PHASE_GUARD 500
PHASE_START 50 LF-FLRC-650-128 pktSize=128
2026-07-26T11:09:49.533792+00:00 SYNC_NOT_FOUND first4=A8636541
SYNC_NOT_FOUND first4=6CD2D19F
SYNC_NOT_FOUND first4=768F2A2A
2026-07-26T11:09:50.545061+00:00 SYNC_NOT_FOUND first4=D8543813
PHASE_RESULT 50 LF-FLRC-650-128 pktSize=128 rx=0 unique=0 lost=100 per=100.0 rssi_avg=0 rssi_min=0 crc_err=0 garbage=4 tx_lat=0.00000 tx_lon=0.00000 sats=0 fix=0 utc=0 tx_fw=none rx_fw=unknown
PHASE_GUARD 500
PHASE_START 51 LF-FLRC-650-255 pktSize=255
2026-07-26T11:09:51.555987+00:00 SYNC_NOT_FOUND first4=5F58A998
SYNC_NOT_FOUND first4=0495A5BC
SYNC_NOT_FOUND first4=9F03F912
TIME_SYNCED utc=1785064191 offset=1785062475
SYNC_NOT_FOUND first4=E705763B
2026-07-26T11:09:52.568192+00:00 SYNC_NOT_FOUND first4=2B14726E
PHASE_RESULT 51 LF-FLRC-650-255 pktSize=255 rx=0 unique=0 lost=100 per=100.0 rssi_avg=0 rssi_min=0 crc_err=0 garbage=5 tx_lat=0.00000 tx_lon=0.00000 sats=0 fix=0 utc=0 tx_fw=none rx_fw=unknown
PHASE_GUARD 500
PHASE_START 52 LF-FLRC-325-32 pktSize=32
2026-07-26T11:09:54.630768+00:00 PHASE_RESULT 52 LF-FLRC-325-32 pktSize=32 rx=0 unique=0 lost=100 per=100.0 rssi_avg=0 rssi_min=0 crc_err=0 garbage=0 tx_lat=0.00000 tx_lon=0.00000 sats=0 fix=0 utc=0 tx_fw=none rx_fw=unknown
PHASE_GUARD 500
PHASE_START 53 LF-FLRC-325-64 pktSize=64
2026-07-26T11:09:56.692685+00:00 PHASE_RESULT 53 LF-FLRC-325-64 pktSize=64 rx=0 unique=0 lost=100 per=100.0 rssi_avg=0 rssi_min=0 crc_err=0 garbage=0 tx_lat=0.00000 tx_lon=0.00000 sats=0 fix=0 utc=0 tx_fw=none rx_fw=unknown
PHASE_GUARD 500
PHASE_START 54 LF-FLRC-325-128 pktSize=128
2026-07-26T11:09:57.704284+00:00 TIME_SYNCED utc=1785064196 offset=1785062475
2026-07-26T11:09:58.715582+00:00 PHASE_RESULT 54 LF-FLRC-325-128 pktSize=128 rx=0 unique=0 lost=100 per=100.0 rssi_avg=0 rssi_min=0 crc_err=0 garbage=0 tx_lat=0.00000 tx_lon=0.00000 sats=0 fix=0 utc=0 tx_fw=none rx_fw=unknown
PHASE_GUARD 500
PHASE_START 55 LF-FLRC-325-255 pktSize=255
2026-07-26T11:10:00.777737+00:00 PHASE_RESULT 55 LF-FLRC-325-255 pktSize=255 rx=0 unique=0 lost=100 per=100.0 rssi_avg=0 rssi_min=0 crc_err=0 garbage=0 tx_lat=0.00000 tx_lon=0.00000 sats=0 fix=0 utc=0 tx_fw=none rx_fw=unknown
PHASE_GUARD 500
LORA_CFG path=1 bw=0x0F sf=7
PHASE_START 0 HF-LoRa-SF7-32 pktSize=32
2026-07-26T11:10:01.794213+00:00 TIME_SYNCED utc=1785064201 offset=1785062475
2026-07-26T11:10:02.806038+00:00 PHASE_RESULT 0 HF-LoRa-SF7-32 pktSize=32 rx=0 unique=0 lost=20 per=100.0 rssi_avg=0 rssi_min=0 crc_err=0 garbage=0 tx_lat=0.00000 tx_lon=0.00000 sats=0 fix=0 utc=0 tx_fw=none rx_fw=unknown
PHASE_GUARD 500
LORA_CFG path=1 bw=0x0F sf=7
PHASE_START 1 HF-LoRa-SF7-64 pktSize=64
2026-07-26T11:10:04.860923+00:00 PHASE_RESULT 1 HF-LoRa-SF7-64 pktSize=64 rx=0 unique=0 lost=20 per=100.0 rssi_avg=0 rssi_min=0 crc_err=0 garbage=0 tx_lat=0.00000 tx_lon=0.00000 sats=0 fix=0 utc=0 tx_fw=none rx_fw=unknown
PHASE_GUARD 500
LORA_CFG path=1 bw=0x0F sf=7
PHASE_START 2 HF-LoRa-SF7-128 pktSize=128
2026-07-26T11:10:06.923553+00:00 PHASE_RESULT 2 HF-LoRa-SF7-128 pktSize=128 rx=0 unique=0 lost=20 per=100.0 rssi_avg=0 rssi_min=0 crc_err=0 garbage=0 tx_lat=0.00000 tx_lon=0.00000 sats=0 fix=0 utc=0 tx_fw=none rx_fw=unknown
PHASE_GUARD 500
LORA_CFG path=1 bw=0x0F sf=7
PHASE_START 3 HF-LoRa-SF7-255 pktSize=255
2026-07-26T11:10:07.936351+00:00 TIME_SYNCED utc=1785064206 offset=1785062475
2026-07-26T11:10:09.998982+00:00 PHASE_RESULT 3 HF-LoRa-SF7-255 pktSize=255 rx=0 unique=0 lost=20 per=100.0 rssi_avg=0 rssi_min=0 crc_err=0 garbage=0 tx_lat=0.00000 tx_lon=0.00000 sats=0 fix=0 utc=0 tx_fw=none rx_fw=unknown
PHASE_GUARD 500
LORA_CFG path=1 bw=0x0F sf=9
PHASE_START 4 HF-LoRa-SF9-32 pktSize=32
2026-07-26T11:10:12.061236+00:00 PHASE_RESULT 4 HF-LoRa-SF9-32 pktSize=32 rx=0 unique=0 lost=20 per=100.0 rssi_avg=0 rssi_min=0 crc_err=0 garbage=0 tx_lat=0.00000 tx_lon=0.00000 sats=0 fix=0 utc=0 tx_fw=none rx_fw=unknown
PHASE_GUARD 500
LORA_CFG path=1 bw=0x0F sf=9
PHASE_START 5 HF-LoRa-SF9-64 pktSize=64
TIME_SYNCED utc=1785064211 offset=1785062475
2026-07-26T11:10:15.172058+00:00 PHASE_RESULT 5 HF-LoRa-SF9-64 pktSize=64 rx=0 unique=0 lost=20 per=100.0 rssi_avg=0 rssi_min=0 crc_err=0 garbage=0 tx_lat=0.00000 tx_lon=0.00000 sats=0 fix=0 utc=0 tx_fw=none rx_fw=unknown
PHASE_GUARD 500
LORA_CFG path=1 bw=0x0F sf=9
PHASE_START 6 HF-LoRa-SF9-128 pktSize=128
2026-07-26T11:10:18.285975+00:00 TIME_SYNCED utc=1785064217 offset=1785062475
PHASE_RESULT 6 HF-LoRa-SF9-128 pktSize=128 rx=0 unique=0 lost=13 per=100.0 rssi_avg=0 rssi_min=0 crc_err=0 garbage=0 tx_lat=0.00000 tx_lon=0.00000 sats=0 fix=0 utc=0 tx_fw=none rx_fw=unknown
2026-07-26T11:10:19.298225+00:00 PHASE_GUARD 500
LORA_CFG path=1 bw=0x0F sf=9
PHASE_START 7 HF-LoRa-SF9-255 pktSize=255
2026-07-26T11:10:21.353438+00:00 PHASE_RESULT 7 HF-LoRa-SF9-255 pktSize=255 rx=0 unique=0 lost=6 per=100.0 rssi_avg=0 rssi_min=0 crc_err=0 garbage=0 tx_lat=0.00000 tx_lon=0.00000 sats=0 fix=0 utc=0 tx_fw=none rx_fw=unknown
PHASE_GUARD 500
LORA_CFG path=1 bw=0x0F sf=12
2026-07-26T11:10:22.358212+00:00 PHASE_START 8 HF-LoRa-SF12-32 pktSize=32
TIME_SYNCED utc=1785064221 offset=1785062475
2026-07-26T11:10:24.420456+00:00 PHASE_RESULT 8 HF-LoRa-SF12-32 pktSize=32 rx=0 unique=0 lost=2 per=100.0 rssi_avg=0 rssi_min=0 crc_err=0 garbage=0 tx_lat=0.00000 tx_lon=0.00000 sats=0 fix=0 utc=0 tx_fw=none rx_fw=unknown
PHASE_GUARD 500
LORA_CFG path=1 bw=0x0F sf=12
PHASE_START 9 HF-LoRa-SF12-64 pktSize=64
2026-07-26T11:10:27.532308+00:00 PHASE_RESULT 9 HF-LoRa-SF12-64 pktSize=64 rx=0 unique=0 lost=1 per=100.0 rssi_avg=0 rssi_min=0 crc_err=0 garbage=0 tx_lat=0.00000 tx_lon=0.00000 sats=0 fix=0 utc=0 tx_fw=none rx_fw=unknown
PHASE_GUARD 500
LORA_CFG path=1 bw=0x0F sf=12
PHASE_START 10 HF-LoRa-SF12-128 pktSize=128
2026-07-26T11:10:28.544200+00:00 TIME_SYNCED utc=1785064227 offset=1785062475
2026-07-26T11:10:31.661290+00:00 TIME_SYNCED utc=1785064231 offset=1785062475
2026-07-26T11:10:32.672601+00:00 PHASE_RESULT 10 HF-LoRa-SF12-128 pktSize=128 rx=0 unique=0 lost=1 per=100.0 rssi_avg=0 rssi_min=0 crc_err=0 garbage=0 tx_lat=0.00000 tx_lon=0.00000 sats=0 fix=0 utc=0 tx_fw=none rx_fw=unknown
PHASE_GUARD 500
LORA_CFG path=1 bw=0x0F sf=12
PHASE_START 11 HF-LoRa-SF12-255 pktSize=255
2026-07-26T11:10:38.943707+00:00 TIME_SYNCED utc=1785064237 offset=1785062475
2026-07-26T11:10:42.057232+00:00 TIME_SYNCED utc=1785064241 offset=1785062475
2026-07-26T11:10:43.068403+00:00 PHASE_RESULT 11 HF-LoRa-SF12-255 pktSize=255 rx=0 unique=0 lost=1 per=100.0 rssi_avg=0 rssi_min=0 crc_err=0 garbage=0 tx_lat=0.00000 tx_lon=0.00000 sats=0 fix=0 utc=0 tx_fw=none rx_fw=unknown
PHASE_GUARD 500
PHASE_START 12 HF-FLRC-2600-32 pktSize=32
SYNC_NOT_FOUND first4=C674AE77
SYNC_NOT_FOUND first4=454039FB
SYNC_NOT_FOUND first4=E6B46C46
SYNC_NOT_FOUND first4=EA268817
SYNC_NOT_FOUND first4=1ADE0699
SYNC_NOT_FOUND first4=7B4569E2
2026-07-26T11:10:44.086346+00:00 SYNC_NOT_FOUND first4=6287EBD2
SYNC_NOT_FOUND first4=813DDC0A
SYNC_NOT_FOUND first4=D2629BDF
SYNC_NOT_FOUND first4=6162B3B2
SYNC_NOT_FOUND first4=2FAF4085
SYNC_NOT_FOUND first4=565B8650
SYNC_NOT_FOUND first4=7497C5EE
SYNC_NOT_FOUND first4=91BD541C
SYNC_NOT_FOUND first4=BDB6F0DC
SYNC_NOT_FOUND first4=B0749214
SYNC_NOT_FOUND first4=9312353E
SYNC_NOT_FOUND first4=74990CC9
SYNC_NOT_FOUND first4=943BA270
SYNC_NOT_FOUND first4=39C32389
SYNC_NOT_FOUND first4=B7C90E54
SYNC_NOT_FOUND first4=5007E0AB
SYNC_NOT_FOUND first4=537B0F93
SYNC_NOT_FOUND first4=85B7D384
SYNC_NOT_FOUND first4=E16AF53B
SYNC_NOT_FOUND first4=B938ED2E
SYNC_NOT_FOUND first4=D199A6FD
2026-07-26T11:10:45.096923+00:00 SYNC_NOT_FOUND first4=A4BA1439
PHASE_RESULT 12 HF-FLRC-2600-32 pktSize=32 rx=0 unique=0 lost=100 per=100.0 rssi_avg=0 rssi_min=0 crc_err=0 garbage=28 tx_lat=0.00000 tx_lon=0.00000 sats=0 fix=0 utc=0 tx_fw=none rx_fw=unknown
PHASE_GUARD 500
PHASE_START 13 HF-FLRC-2600-64 pktSize=64
SYNC_NOT_FOUND first4=E5C82734
SYNC_NOT_FOUND first4=BD61167B
SYNC_NOT_FOUND first4=4CE67CE7
SYNC_NOT_FOUND first4=B85BD94D
SYNC_NOT_FOUND first4=CE7A6ABD
2026-07-26T11:10:46.112754+00:00 SYNC_NOT_FOUND first4=3375F1BE
SYNC_NOT_FOUND first4=7D0751A6
SYNC_NOT_FOUND first4=4E1B661A
SYNC_NOT_FOUND first4=543D2831
SYNC_NOT_FOUND first4=584AC316
SYNC_NOT_FOUND first4=5F8A0505
SYNC_NOT_FOUND first4=B0C7C41D
SYNC_NOT_FOUND first4=D854D5E9
SYNC_NOT_FOUND first4=4F7BD653
SYNC_NOT_FOUND first4=FC643CD6
SYNC_NOT_FOUND first4=063EC648
SYNC_NOT_FOUND first4=8F57F113
SYNC_NOT_FOUND first4=9CF8B2AE
2026-07-26T11:10:47.132325+00:00 SYNC_NOT_FOUND first4=64CD9D1E
PHASE_RESULT 13 HF-FLRC-2600-64 pktSize=64 rx=0 unique=0 lost=100 per=100.0 rssi_avg=0 rssi_min=0 crc_err=0 garbage=19 tx_lat=0.00000 tx_lon=0.00000 sats=0 fix=0 utc=0 tx_fw=none rx_fw=unknown
PHASE_GUARD 500
PHASE_START 14 HF-FLRC-2600-128 pktSize=128
SYNC_NOT_FOUND first4=6CE5BCBD
SYNC_NOT_FOUND first4=A26434A6
SYNC_NOT_FOUND first4=17887794
SYNC_NOT_FOUND first4=B184B8FE
SYNC_NOT_FOUND first4=F1CD4A02
2026-07-26T11:10:48.143030+00:00 SYNC_NOT_FOUND first4=77A3BA94
SYNC_NOT_FOUND first4=94E87455
SYNC_NOT_FOUND first4=A9E115D2
SYNC_NOT_FOUND first4=ED416B89
SYNC_NOT_FOUND first4=65483A6E
SYNC_NOT_FOUND first4=7C25A9E2
SYNC_NOT_FOUND first4=2F4D5068
2026-07-26T11:10:49.161595+00:00 TIME_SYNCED utc=1785064248 offset=1785062476
PHASE_RESULT 14 HF-FLRC-2600-128 pktSize=128 rx=0 unique=0 lost=100 per=100.0 rssi_avg=0 rssi_min=0 crc_err=0 garbage=12 tx_lat=0.00000 tx_lon=0.00000 sats=0 fix=0 utc=0 tx_fw=none rx_fw=unknown
PHASE_GUARD 500
PHASE_START 15 HF-FLRC-2600-255 pktSize=255
SYNC_NOT_FOUND first4=6C21A4AC
SYNC_NOT_FOUND first4=0046D2BF
SYNC_NOT_FOUND first4=515FA21E
SYNC_NOT_FOUND first4=BF3D8C57
2026-07-26T11:10:50.175126+00:00 PHASE_RESULT 15 HF-FLRC-2600-255 pktSize=255 rx=0 unique=0 lost=100 per=100.0 rssi_avg=0 rssi_min=0 crc_err=0 garbage=4 tx_lat=0.00000 tx_lon=0.00000 sats=0 fix=0 utc=0 tx_fw=none rx_fw=unknown
PHASE_GUARD 500
PHASE_START 16 HF-FLRC-1300-32 pktSize=32
SYNC_NOT_FOUND first4=AE6CC5E3
2026-07-26T11:10:51.182402+00:00 SYNC_NOT_FOUND first4=4FC5D912
SYNC_NOT_FOUND first4=ABE00602
2026-07-26T11:10:52.200865+00:00 PHASE_RESULT 16 HF-FLRC-1300-32 pktSize=32 rx=0 unique=0 lost=100 per=100.0 rssi_avg=0 rssi_min=0 crc_err=0 garbage=3 tx_lat=0.00000 tx_lon=0.00000 sats=0 fix=0 utc=0 tx_fw=none rx_fw=unknown
PHASE_GUARD 500
PHASE_START 17 HF-FLRC-1300-64 pktSize=64
TIME_SYNCED utc=1785064251 offset=1785062475
PHASE_RESULT 17 HF-FLRC-1300-64 pktSize=64 rx=0 unique=0 lost=100 per=100.0 rssi_avg=0 rssi_min=0 crc_err=0 garbage=0 tx_lat=0.00000 tx_lon=0.00000 sats=0 fix=0 utc=0 tx_fw=none rx_fw=unknown
PHASE_GUARD 500
PHASE_START 16 HF-FLRC-1300-32 pktSize=32
SYNC_NOT_FOUND first4=4143FDEE
SYNC_NOT_FOUND first4=9290F5ED
SYNC_NOT_FOUND first4=C426AF44
2026-07-26T11:10:53.214355+00:00 PHASE_RESULT 16 HF-FLRC-1300-32 pktSize=32 rx=0 unique=0 lost=100 per=100.0 rssi_avg=0 rssi_min=0 crc_err=0 garbage=3 tx_lat=0.00000 tx_lon=0.00000 sats=0 fix=0 utc=0 tx_fw=none rx_fw=unknown
PHASE_GUARD 500
PHASE_START 17 HF-FLRC-1300-64 pktSize=64
SYNC_NOT_FOUND first4=2017943C
SYNC_NOT_FOUND first4=D7D5F22A
SYNC_NOT_FOUND first4=BB5FF902
SYNC_NOT_FOUND first4=0E97618A
2026-07-26T11:10:54.229712+00:00 SYNC_NOT_FOUND first4=19486467
SYNC_NOT_FOUND first4=B6E7AEFF
SYNC_NOT_FOUND first4=52B0FE66
SYNC_NOT_FOUND first4=C259B22F
2026-07-26T11:10:55.240202+00:00 PHASE_RESULT 17 HF-FLRC-1300-64 pktSize=64 rx=0 unique=0 lost=100 per=100.0 rssi_avg=0 rssi_min=0 crc_err=0 garbage=8 tx_lat=0.00000 tx_lon=0.00000 sats=0 fix=0 utc=0 tx_fw=none rx_fw=unknown
PHASE_GUARD 500
PHASE_START 18 HF-FLRC-1300-128 pktSize=128
SYNC_NOT_FOUND first4=798A721F
SYNC_NOT_FOUND first4=14DA1972
2026-07-26T11:10:56.251267+00:00 SYNC_NOT_FOUND first4=A13E93C3
SYNC_NOT_FOUND first4=1E27FA19
SYNC_NOT_FOUND first4=461D2585
SYNC_NOT_FOUND first4=3E2CE80B
2026-07-26T11:10:57.270257+00:00 PHASE_RESULT 18 HF-FLRC-1300-128 pktSize=128 rx=0 unique=0 lost=100 per=100.0 rssi_avg=0 rssi_min=0 crc_err=0 garbage=6 tx_lat=0.00000 tx_lon=0.00000 sats=0 fix=0 utc=0 tx_fw=none rx_fw=unknown
PHASE_GUARD 500
PHASE_START 19 HF-FLRC-1300-255 pktSize=255
SYNC_NOT_FOUND first4=38BBE944
SYNC_NOT_FOUND first4=69EAF8A9
SYNC_NOT_FOUND first4=79EB2AAC
2026-07-26T11:10:58.281272+00:00 SYNC_NOT_FOUND first4=F10D90B7
SYNC_NOT_FOUND first4=7C60D426
SYNC_NOT_FOUND first4=324FBABC
PHASE_RESULT 19 HF-FLRC-1300-255 pktSize=255 rx=0 unique=0 lost=100 per=100.0 rssi_avg=0 rssi_min=0 crc_err=0 garbage=6 tx_lat=0.00000 tx_lon=0.00000 sats=0 fix=0 utc=0 tx_fw=none rx_fw=unknown
PHASE_GUARD 500
2026-07-26T11:10:59.297310+00:00 PHASE_START 20 HF-FLRC-650-32 pktSize=32
TIME_SYNCED utc=1785064258 offset=1785062475
SYNC_NOT_FOUND first4=14382BD2
SYNC_NOT_FOUND first4=378D7112
SYNC_NOT_FOUND first4=F8CD5156
SYNC_NOT_FOUND first4=997E8411
SYNC_NOT_FOUND first4=53D0F05A
SYNC_NOT_FOUND first4=BF02FC29
SYNC_NOT_FOUND first4=264A05D2
SYNC_NOT_FOUND first4=90843499
SYNC_NOT_FOUND first4=2B7B9E17
SYNC_NOT_FOUND first4=AD6AEFC9
SYNC_NOT_FOUND first4=CC148AD6
SYNC_NOT_FOUND first4=2804BE42
SYNC_NOT_FOUND first4=D333A60E
SYNC_NOT_FOUND first4=592DA550
SYNC_NOT_FOUND first4=52F0B5EF
SYNC_NOT_FOUND first4=84E2BF96
SYNC_NOT_FOUND first4=7236A4A1
SYNC_NOT_FOUND first4=7E590260
SYNC_NOT_FOUND first4=EC1A6F50
SYNC_NOT_FOUND first4=86BF7E1E
SYNC_NOT_FOUND first4=2C7BB90F
SYNC_NOT_FOUND first4=1EA1926E
SYNC_NOT_FOUND first4=3543DA5F
2026-07-26T11:11:00.306390+00:00 SYNC_NOT_FOUND first4=15F9FA3B
SYNC_NOT_FOUND first4=D971005E
SYNC_NOT_FOUND first4=6E7FF2DA
SYNC_NOT_FOUND first4=BE34F40E
SYNC_NOT_FOUND first4=187F64B1
SYNC_NOT_FOUND first4=2FF37A44
SYNC_NOT_FOUND first4=88A89BC8
SYNC_NOT_FOUND first4=822C26E4
SYNC_NOT_FOUND first4=8A06BE83
SYNC_NOT_FOUND first4=61FDF0F3
SYNC_NOT_FOUND first4=EF55586B
SYNC_NOT_FOUND first4=19175C21
SYNC_NOT_FOUND first4=6D32C78D
SYNC_NOT_FOUND first4=FB4E0C86
SYNC_NOT_FOUND first4=D411D618
SYNC_NOT_FOUND first4=8B09C537
SYNC_NOT_FOUND first4=A1D4D6D6
PHASE_RESULT 20 HF-FLRC-650-32 pktSize=32 rx=0 unique=0 lost=100 per=100.0 rssi_avg=0 rssi_min=0 crc_err=0 garbage=40 tx_lat=0.00000 tx_lon=0.00000 sats=0 fix=0 utc=0 tx_fw=none rx_fw=unknown
PHASE_GUARD 500
2026-07-26T11:11:01.317105+00:00 PHASE_START 21 HF-FLRC-650-64 pktSize=64
SYNC_NOT_FOUND first4=BFB57A5B
SYNC_NOT_FOUND first4=A8F063D2
SYNC_NOT_FOUND first4=E77A951A
SYNC_NOT_FOUND first4=5B902E08
SYNC_NOT_FOUND first4=4547EC1A
SYNC_NOT_FOUND first4=BA8DEC92
SYNC_NOT_FOUND first4=3D4D9B42
SYNC_NOT_FOUND first4=9E06700B
SYNC_NOT_FOUND first4=5729F4CD
SYNC_NOT_FOUND first4=AFAD2FCA
SYNC_NOT_FOUND first4=C4E78F67
SYNC_NOT_FOUND first4=B0890D4B
SYNC_NOT_FOUND first4=C652942E
SYNC_NOT_FOUND first4=73ECF84A
SYNC_NOT_FOUND first4=372A98A9
SYNC_NOT_FOUND first4=E2429596
SYNC_NOT_FOUND first4=0A37D8F1
2026-07-26T11:11:02.325229+00:00 SYNC_NOT_FOUND first4=1E0589E7
SYNC_NOT_FOUND first4=53D6984B
TIME_SYNCED utc=1785064261 offset=1785062475
SYNC_NOT_FOUND first4=25EE790B
SYNC_NOT_FOUND first4=FF97D97F
SYNC_NOT_FOUND first4=14C4C42C
SYNC_NOT_FOUND first4=05E629DF
SYNC_NOT_FOUND first4=385CB511
SYNC_NOT_FOUND first4=A2DA9B51
SYNC_NOT_FOUND first4=93EE6029
SYNC_NOT_FOUND first4=6744B4E6
SYNC_NOT_FOUND first4=408D2675
SYNC_NOT_FOUND first4=8E7C407F
SYNC_NOT_FOUND first4=42B6F30F
SYNC_NOT_FOUND first4=01890E39
SYNC_NOT_FOUND first4=A81BD545
SYNC_NOT_FOUND first4=F5CC2CC7
SYNC_NOT_FOUND first4=89B6CEC9
SYNC_NOT_FOUND first4=6C32C7DF
SYNC_NOT_FOUND first4=8D3C1AEB
PHASE_RESULT 21 HF-FLRC-650-64 pktSize=64 rx=0 unique=0 lost=100 per=100.0 rssi_avg=0 rssi_min=0 crc_err=0 garbage=36 tx_lat=0.00000 tx_lon=0.00000 sats=0 fix=0 utc=0 tx_fw=none rx_fw=unknown
PHASE_GUARD 500
2026-07-26T11:11:03.337141+00:00 PHASE_START 22 HF-FLRC-650-128 pktSize=128
SYNC_NOT_FOUND first4=E2251BC3
SYNC_NOT_FOUND first4=C35E1D60
SYNC_NOT_FOUND first4=723D3B4C
SYNC_NOT_FOUND first4=E3BD6EA8
SYNC_NOT_FOUND first4=BCBBEBBF
SYNC_NOT_FOUND first4=9E8FD9ED
SYNC_NOT_FOUND first4=5064CBF4
SYNC_NOT_FOUND first4=F60DFBEA
SYNC_NOT_FOUND first4=A2EB47FF
SYNC_NOT_FOUND first4=BC816F46
SYNC_NOT_FOUND first4=D44E75E6
SYNC_NOT_FOUND first4=A11702E5
SYNC_NOT_FOUND first4=897B3B15
SYNC_NOT_FOUND first4=C3EF77B1
SYNC_NOT_FOUND first4=B224AAFE
SYNC_NOT_FOUND first4=E3E92A75
SYNC_NOT_FOUND first4=EF683989
SYNC_NOT_FOUND first4=31E67388
SYNC_NOT_FOUND first4=3A20DA3A
SYNC_NOT_FOUND first4=5AD9872A
SYNC_NOT_FOUND first4=00A760FA
SYNC_NOT_FOUND first4=33CA8AA3
SYNC_NOT_FOUND first4=6B970703
SYNC_NOT_FOUND first4=1EC1C951
SYNC_NOT_FOUND first4=8E7E9B70
2026-07-26T11:11:04.355294+00:00 SYNC_NOT_FOUND first4=B671D298
SYNC_NOT_FOUND first4=EBAD54DA
SYNC_NOT_FOUND first4=82DC89C6
SYNC_NOT_FOUND first4=0FCDEE79
SYNC_NOT_FOUND first4=CAFFF6EF
SYNC_NOT_FOUND first4=C2267798
SYNC_NOT_FOUND first4=469B15FD
SYNC_NOT_FOUND first4=C2791C92
SYNC_NOT_FOUND first4=CE462527
SYNC_NOT_FOUND first4=7B30D8A0
SYNC_NOT_FOUND first4=8A044EAB
SYNC_NOT_FOUND first4=8E984ACD
SYNC_NOT_FOUND first4=5D2E5E2E
SYNC_NOT_FOUND first4=C58B098B
SYNC_NOT_FOUND first4=A6681107
SYNC_NOT_FOUND first4=D851702E
SYNC_NOT_FOUND first4=62E0013E
SYNC_NOT_FOUND first4=6506701E
SYNC_NOT_FOUND first4=1399BA6A
SYNC_NOT_FOUND first4=14CAAECE
SYNC_NOT_FOUND first4=6FC5BA3E
SYNC_NOT_FOUND first4=F275D284
PHASE_RESULT 22 HF-FLRC-650-128 pktSize=128 rx=0 unique=0 lost=100 per=100.0 rssi_avg=0 rssi_min=0 crc_err=0 garbage=47 tx_lat=0.00000 tx_lon=0.00000 sats=0 fix=0 utc=0 tx_fw=none rx_fw=unknown
PHASE_GUARD 500
2026-07-26T11:11:05.366279+00:00 PHASE_START 23 HF-FLRC-650-255 pktSize=255
SYNC_NOT_FOUND first4=DA9448D8
SYNC_NOT_FOUND first4=3A0D6657
SYNC_NOT_FOUND first4=94C2D076
SYNC_NOT_FOUND first4=C61FF73C
SYNC_NOT_FOUND first4=B9F03991
SYNC_NOT_FOUND first4=2A1C7E57
SYNC_NOT_FOUND first4=9A654FD0
SYNC_NOT_FOUND first4=F28D2513
SYNC_NOT_FOUND first4=D7F025B4
SYNC_NOT_FOUND first4=47EBC33A
SYNC_NOT_FOUND first4=80DE0AE1
SYNC_NOT_FOUND first4=DA772F37
SYNC_NOT_FOUND first4=0744685A
SYNC_NOT_FOUND first4=2A4C4F36
SYNC_NOT_FOUND first4=AD9833F1
2026-07-26T11:11:06.377436+00:00 SYNC_NOT_FOUND first4=7AC81812
SYNC_NOT_FOUND first4=F19CDA19
SYNC_NOT_FOUND first4=24CF8DB7
SYNC_NOT_FOUND first4=4A23B973
SYNC_NOT_FOUND first4=2A62ECB7
SYNC_NOT_FOUND first4=FC7611B1
SYNC_NOT_FOUND first4=BA4B0907
SYNC_NOT_FOUND first4=27065033
SYNC_NOT_FOUND first4=5839E933
SYNC_NOT_FOUND first4=8F24F714
SYNC_NOT_FOUND first4=E91E7532
SYNC_NOT_FOUND first4=F98265F8
SYNC_NOT_FOUND first4=758CD4BE
SYNC_NOT_FOUND first4=1232DAE9
SYNC_NOT_FOUND first4=872B6942
SYNC_NOT_FOUND first4=E0A923DC
SYNC_NOT_FOUND first4=30E03308
SYNC_NOT_FOUND first4=C784A0D7
SYNC_NOT_FOUND first4=15053FD1
SYNC_NOT_FOUND first4=B07340DB
SYNC_NOT_FOUND first4=B315501E
PHASE_RESULT 23 HF-FLRC-650-255 pktSize=255 rx=0 unique=0 lost=100 per=100.0 rssi_avg=0 rssi_min=0 crc_err=0 garbage=36 tx_lat=0.00000 tx_lon=0.00000 sats=0 fix=0 utc=0 tx_fw=none rx_fw=unknown
PHASE_GUARD 500
2026-07-26T11:11:07.390417+00:00 PHASE_START 24 HF-FLRC-325-32 pktSize=32
SYNC_NOT_FOUND first4=C5C04F35
SYNC_NOT_FOUND first4=FDDE27AF
SYNC_NOT_FOUND first4=054ADE23
SYNC_NOT_FOUND first4=325C7C4B
SYNC_NOT_FOUND first4=7183E9B4
2026-07-26T11:11:08.410256+00:00 SYNC_NOT_FOUND first4=F39ADCC8
PHASE_RESULT 24 HF-FLRC-325-32 pktSize=32 rx=0 unique=0 lost=100 per=100.0 rssi_avg=0 rssi_min=0 crc_err=0 garbage=6 tx_lat=0.00000 tx_lon=0.00000 sats=0 fix=0 utc=0 tx_fw=none rx_fw=unknown
PHASE_GUARD 500
PHASE_START 25 HF-FLRC-325-64 pktSize=64
2026-07-26T11:11:09.421740+00:00 TIME_SYNCED utc=1785064268 offset=1785062475
SYNC_NOT_FOUND first4=68C6011E
SYNC_NOT_FOUND first4=8C64E800
SYNC_NOT_FOUND first4=453A4710
SYNC_NOT_FOUND first4=D5D58128
SYNC_NOT_FOUND first4=54C81F66
2026-07-26T11:11:10.432853+00:00 SYNC_NOT_FOUND first4=0140EDCB
SYNC_NOT_FOUND first4=86D0A614
PHASE_RESULT 25 HF-FLRC-325-64 pktSize=64 rx=0 unique=0 lost=100 per=100.0 rssi_avg=0 rssi_min=0 crc_err=0 garbage=7 tx_lat=0.00000 tx_lon=0.00000 sats=0 fix=0 utc=0 tx_fw=none rx_fw=unknown
PHASE_GUARD 500
PHASE_START 26 HF-FLRC-325-128 pktSize=128
2026-07-26T11:11:11.449079+00:00 SYNC_NOT_FOUND first4=3B3475FF
SYNC_NOT_FOUND first4=68BFD229
SYNC_NOT_FOUND first4=37A86434
2026-07-26T11:11:12.459266+00:00 TIME_SYNCED utc=1785064271 offset=1785062475
PHASE_RESULT 26 HF-FLRC-325-128 pktSize=128 rx=0 unique=0 lost=100 per=100.0 rssi_avg=0 rssi_min=0 crc_err=0 garbage=3 tx_lat=0.00000 tx_lon=0.00000 sats=0 fix=0 utc=0 tx_fw=none rx_fw=unknown
PHASE_GUARD 500
PHASE_START 27 HF-FLRC-325-255 pktSize=255
2026-07-26T11:11:13.470783+00:00 SYNC_NOT_FOUND first4=FB7C1D70
SYNC_NOT_FOUND first4=E0ADC047
SYNC_NOT_FOUND first4=BE155E4A
2026-07-26T11:11:14.486820+00:00 SYNC_NOT_FOUND first4=F14B7660
SYNC_NOT_FOUND first4=AA22C348
PHASE_RESULT 27 HF-FLRC-325-255 pktSize=255 rx=0 unique=0 lost=100 per=100.0 rssi_avg=0 rssi_min=0 crc_err=0 garbage=5 tx_lat=0.00000 tx_lon=0.00000 sats=0 fix=0 utc=0 tx_fw=none rx_fw=unknown
PHASE_GUARD 500
LORA_CFG path=0 bw=0x05 sf=7
PHASE_START 28 LF-LoRa-SF7-32 pktSize=32
2026-07-26T11:11:16.549278+00:00 PHASE_RESULT 28 LF-LoRa-SF7-32 pktSize=32 rx=0 unique=0 lost=20 per=100.0 rssi_avg=0 rssi_min=0 crc_err=0 garbage=0 tx_lat=0.00000 tx_lon=0.00000 sats=0 fix=0 utc=0 tx_fw=none rx_fw=unknown
PHASE_GUARD 500
LORA_CFG path=0 bw=0x05 sf=7
PHASE_START 29 LF-LoRa-SF7-64 pktSize=64
2026-07-26T11:11:19.655352+00:00 TIME_SYNCED utc=1785064278 offset=1785062475
PHASE_RESULT 29 LF-LoRa-SF7-64 pktSize=64 rx=0 unique=0 lost=20 per=100.0 rssi_avg=0 rssi_min=0 crc_err=0 garbage=0 tx_lat=0.00000 tx_lon=0.00000 sats=0 fix=0 utc=0 tx_fw=none rx_fw=unknown
PHASE_GUARD 500
LORA_CFG path=0 bw=0x05 sf=7
PHASE_START 30 LF-LoRa-SF7-128 pktSize=128
2026-07-26T11:11:21.719797+00:00 TIME_SYNCED utc=1785064281 offset=1785062475
2026-07-26T11:11:23.782578+00:00 PHASE_RESULT 30 LF-LoRa-SF7-128 pktSize=128 rx=0 unique=0 lost=13 per=100.0 rssi_avg=0 rssi_min=0 crc_err=0 garbage=0 tx_lat=0.00000 tx_lon=0.00000 sats=0 fix=0 utc=0 tx_fw=none rx_fw=unknown
PHASE_GUARD 500
LORA_CFG path=0 bw=0x05 sf=7
PHASE_START 31 LF-LoRa-SF7-255 pktSize=255
2026-07-26T11:11:27.946308+00:00 PHASE_RESULT 31 LF-LoRa-SF7-255 pktSize=255 rx=0 unique=0 lost=7 per=100.0 rssi_avg=0 rssi_min=0 crc_err=0 garbage=0 tx_lat=0.00000 tx_lon=0.00000 sats=0 fix=0 utc=0 tx_fw=none rx_fw=unknown
PHASE_GUARD 500
LORA_CFG path=0 bw=0x05 sf=9
PHASE_START 32 LF-LoRa-SF9-32 pktSize=32
2026-07-26T11:11:30.001283+00:00 TIME_SYNCED utc=1785064289 offset=1785062476
2026-07-26T11:11:31.005599+00:00 PHASE_RESULT 32 LF-LoRa-SF9-32 pktSize=32 rx=0 unique=0 lost=7 per=100.0 rssi_avg=0 rssi_min=0 crc_err=0 garbage=0 tx_lat=0.00000 tx_lon=0.00000 sats=0 fix=0 utc=0 tx_fw=none rx_fw=unknown
PHASE_GUARD 500
LORA_CFG path=0 bw=0x05 sf=9
PHASE_START 33 LF-LoRa-SF9-64 pktSize=64
2026-07-26T11:11:32.016847+00:00 TIME_SYNCED utc=1785064291 offset=1785062475
2026-07-26T11:11:35.133748+00:00 PHASE_RESULT 33 LF-LoRa-SF9-64 pktSize=64 rx=0 unique=0 lost=3 per=100.0 rssi_avg=0 rssi_min=0 crc_err=0 garbage=0 tx_lat=0.00000 tx_lon=0.00000 sats=0 fix=0 utc=0 tx_fw=none rx_fw=unknown
PHASE_GUARD 500
LORA_CFG path=0 bw=0x05 sf=9
PHASE_START 34 LF-LoRa-SF9-128 pktSize=128
2026-07-26T11:11:37.189229+00:00 PHASE_RESULT 34 LF-LoRa-SF9-128 pktSize=128 rx=0 unique=0 lost=1 per=100.0 rssi_avg=0 rssi_min=0 crc_err=0 garbage=0 tx_lat=0.00000 tx_lon=0.00000 sats=0 fix=0 utc=0 tx_fw=none rx_fw=unknown
PHASE_GUARD 500
LORA_CFG path=0 bw=0x05 sf=9
PHASE_START 35 LF-LoRa-SF9-255 pktSize=255
2026-07-26T11:11:40.302892+00:00 TIME_SYNCED utc=1785064299 offset=1785062475
PHASE_RESULT 35 LF-LoRa-SF9-255 pktSize=255 rx=0 unique=0 lost=1 per=100.0 rssi_avg=0 rssi_min=0 crc_err=0 garbage=0 tx_lat=0.00000 tx_lon=0.00000 sats=0 fix=0 utc=0 tx_fw=none rx_fw=unknown
PHASE_GUARD 500
2026-07-26T11:11:41.324998+00:00 LORA_CFG path=0 bw=0x05 sf=12
PHASE_START 36 LF-LoRa-SF12-32 pktSize=32
2026-07-26T11:11:42.336686+00:00 TIME_SYNCED utc=1785064301 offset=1785062475
2026-07-26T11:11:50.709435+00:00 TIME_SYNCED utc=1785064309 offset=1785062475
2026-07-26T11:11:51.727353+00:00 TIME_SYNCED utc=1785064311 offset=1785062475
2026-07-26T11:11:55.893067+00:00 PHASE_RESULT 36 LF-LoRa-SF12-32 pktSize=32 rx=0 unique=0 lost=1 per=100.0 rssi_avg=0 rssi_min=0 crc_err=0 garbage=0 tx_lat=0.00000 tx_lon=0.00000 sats=0 fix=0 utc=0 tx_fw=none rx_fw=unknown
PHASE_GUARD 500
LORA_CFG path=0 bw=0x05 sf=12
PHASE_START 37 LF-LoRa-SF12-SKIP SKIP pktSize=64
2026-07-26T11:11:56.898073+00:00 PHASE_RESULT 37 LF-LoRa-SF12-SKIP pktSize=64 rx=0 unique=0 lost=0 per=0.0 rssi_avg=0 rssi_min=0 crc_err=0 garbage=0 tx_lat=0.00000 tx_lon=0.00000 sats=0 fix=0 utc=0 tx_fw=none rx_fw=unknown
PHASE_GUARD 500
LORA_CFG path=0 bw=0x05 sf=12
PHASE_START 38 LF-LoRa-SF12-SKIP SKIP pktSize=128
2026-07-26T11:11:57.914007+00:00 PHASE_RESULT 38 LF-LoRa-SF12-SKIP pktSize=128 rx=0 unique=0 lost=0 per=0.0 rssi_avg=0 rssi_min=0 crc_err=0 garbage=0 tx_lat=0.00000 tx_lon=0.00000 sats=0 fix=0 utc=0 tx_fw=none rx_fw=unknown
PHASE_GUARD 500
LORA_CFG path=0 bw=0x05 sf=12
PHASE_START 39 LF-LoRa-SF12-SKIP SKIP pktSize=255
2026-07-26T11:11:58.937221+00:00 PHASE_RESULT 39 LF-LoRa-SF12-SKIP pktSize=255 rx=0 unique=0 lost=0 per=0.0 rssi_avg=0 rssi_min=0 crc_err=0 garbage=0 tx_lat=0.00000 tx_lon=0.00000 sats=0 fix=0 utc=0 tx_fw=none rx_fw=unknown
PHASE_GUARD 500
PHASE_START 40 LF-FLRC-2600-32 pktSize=32
2026-07-26T11:11:59.951006+00:00 SYNC_NOT_FOUND first4=591CC751
2026-07-26T11:12:00.972949+00:00 TIME_SYNCED utc=1785064319 offset=1785062475
PHASE_RESULT 40 LF-FLRC-2600-32 pktSize=32 rx=0 unique=0 lost=100 per=100.0 rssi_avg=0 rssi_min=0 crc_err=0 garbage=1 tx_lat=0.00000 tx_lon=0.00000 sats=0 fix=0 utc=0 tx_fw=none rx_fw=unknown
PHASE_GUARD 500
PHASE_START 41 LF-FLRC-2600-64 pktSize=64
SYNC_NOT_FOUND first4=88624E1E
2026-07-26T11:12:01.977557+00:00 TIME_SYNCED utc=1785064321 offset=1785062475
SYNC_NOT_FOUND first4=62D779E2
2026-07-26T11:12:02.992022+00:00 PHASE_RESULT 41 LF-FLRC-2600-64 pktSize=64 rx=0 unique=0 lost=100 per=100.0 rssi_avg=0 rssi_min=0 crc_err=0 garbage=2 tx_lat=0.00000 tx_lon=0.00000 sats=0 fix=0 utc=0 tx_fw=none rx_fw=unknown
PHASE_GUARD 500
PHASE_START 42 LF-FLRC-2600-128 pktSize=128
SYNC_NOT_FOUND first4=67F069FF
SYNC_NOT_FOUND first4=4581970A
2026-07-26T11:12:05.063153+00:00 PHASE_RESULT 42 LF-FLRC-2600-128 pktSize=128 rx=0 unique=0 lost=100 per=100.0 rssi_avg=0 rssi_min=0 crc_err=0 garbage=2 tx_lat=0.00000 tx_lon=0.00000 sats=0 fix=0 utc=0 tx_fw=none rx_fw=unknown
PHASE_GUARD 500
PHASE_START 43 LF-FLRC-2600-255 pktSize=255
2026-07-26T11:12:07.118125+00:00 PHASE_RESULT 43 LF-FLRC-2600-255 pktSize=255 rx=0 unique=0 lost=100 per=100.0 rssi_avg=0 rssi_min=0 crc_err=0 garbage=0 tx_lat=0.00000 tx_lon=0.00000 sats=0 fix=0 utc=0 tx_fw=none rx_fw=unknown
PHASE_GUARD 500
PHASE_START 44 LF-FLRC-1300-32 pktSize=32
2026-07-26T11:12:09.187553+00:00 PHASE_RESULT 44 LF-FLRC-1300-32 pktSize=32 rx=0 unique=0 lost=100 per=100.0 rssi_avg=0 rssi_min=0 crc_err=0 garbage=0 tx_lat=0.00000 tx_lon=0.00000 sats=0 fix=0 utc=0 tx_fw=none rx_fw=unknown
PHASE_GUARD 500
PHASE_START 45 LF-FLRC-1300-64 pktSize=64
2026-07-26T11:12:10.199265+00:00 SYNC_NOT_FOUND first4=4C2AFE4F
SYNC_NOT_FOUND first4=8D00388E
2026-07-26T11:12:11.218814+00:00 TIME_SYNCED utc=1785064330 offset=1785062476
PHASE_RESULT 45 LF-FLRC-1300-64 pktSize=64 rx=0 unique=0 lost=100 per=100.0 rssi_avg=0 rssi_min=0 crc_err=0 garbage=2 tx_lat=0.00000 tx_lon=0.00000 sats=0 fix=0 utc=0 tx_fw=none rx_fw=unknown
PHASE_GUARD 500
PHASE_START 46 LF-FLRC-1300-128 pktSize=128
2026-07-26T11:12:12.230518+00:00 PHASE_RESULT 46 LF-FLRC-1300-128 pktSize=128 rx=0 unique=0 lost=100 per=100.0 rssi_avg=0 rssi_min=0 crc_err=0 garbage=0 tx_lat=0.00000 tx_lon=0.00000 sats=0 fix=0 utc=0 tx_fw=none rx_fw=unknown
PHASE_GUARD 500
PHASE_START 47 LF-FLRC-1300-255 pktSize=255
TIME_SYNCED utc=1785064331 offset=1785062475
PHASE_RESULT 47 LF-FLRC-1300-255 pktSize=255 rx=0 unique=0 lost=100 per=100.0 rssi_avg=0 rssi_min=0 crc_err=0 garbage=0 tx_lat=0.00000 tx_lon=0.00000 sats=0 fix=0 utc=0 tx_fw=none rx_fw=unknown
PHASE_GUARD 500
PHASE_START 46 LF-FLRC-1300-128 pktSize=128
2026-07-26T11:12:13.242373+00:00 PHASE_RESULT 46 LF-FLRC-1300-128 pktSize=128 rx=0 unique=0 lost=100 per=100.0 rssi_avg=0 rssi_min=0 crc_err=0 garbage=0 tx_lat=0.00000 tx_lon=0.00000 sats=0 fix=0 utc=0 tx_fw=none rx_fw=unknown
PHASE_GUARD 500
PHASE_START 47 LF-FLRC-1300-255 pktSize=255
SYNC_NOT_FOUND first4=64F96B8F
SYNC_NOT_FOUND first4=4604F265
2026-07-26T11:12:14.250942+00:00 PHASE_RESULT 47 LF-FLRC-1300-255 pktSize=255 rx=0 unique=0 lost=100 per=100.0 rssi_avg=0 rssi_min=0 crc_err=0 garbage=2 tx_lat=0.00000 tx_lon=0.00000 sats=0 fix=0 utc=0 tx_fw=none rx_fw=unknown
2026-07-26T11:12:15.257232+00:00 PHASE_GUARD 500
PHASE_START 48 LF-FLRC-650-32 pktSize=32
SYNC_NOT_FOUND first4=C77A9576
SYNC_NOT_FOUND first4=98A1D658
SYNC_NOT_FOUND first4=80CD9A2E
2026-07-26T11:12:16.281286+00:00 SYNC_NOT_FOUND first4=EFACD0E8
PHASE_RESULT 48 LF-FLRC-650-32 pktSize=32 rx=0 unique=0 lost=100 per=100.0 rssi_avg=0 rssi_min=0 crc_err=0 garbage=4 tx_lat=0.00000 tx_lon=0.00000 sats=0 fix=0 utc=0 tx_fw=none rx_fw=unknown
PHASE_GUARD 500
2026-07-26T11:12:17.304005+00:00 PHASE_START 49 LF-FLRC-650-64 pktSize=64
SYNC_NOT_FOUND first4=9B7F6615
2026-07-26T11:12:18.319912+00:00 PHASE_RESULT 49 LF-FLRC-650-64 pktSize=64 rx=0 unique=0 lost=100 per=100.0 rssi_avg=0 rssi_min=0 crc_err=0 garbage=1 tx_lat=0.00000 tx_lon=0.00000 sats=0 fix=0 utc=0 tx_fw=none rx_fw=unknown
PHASE_GUARD 500
2026-07-26T11:12:19.337794+00:00 PHASE_START 50 LF-FLRC-650-128 pktSize=128
SYNC_NOT_FOUND first4=9DB31DDF
2026-07-26T11:12:20.341466+00:00 SYNC_NOT_FOUND first4=80A7278E
SYNC_NOT_FOUND first4=21DAEB2F
SYNC_NOT_FOUND first4=2B1D4398
SYNC_NOT_FOUND first4=13165721
PHASE_RESULT 50 LF-FLRC-650-128 pktSize=128 rx=0 unique=0 lost=100 per=100.0 rssi_avg=0 rssi_min=0 crc_err=0 garbage=5 tx_lat=0.00000 tx_lon=0.00000 sats=0 fix=0 utc=0 tx_fw=none rx_fw=unknown
PHASE_GUARD 500
2026-07-26T11:12:21.352484+00:00 PHASE_START 51 LF-FLRC-650-255 pktSize=255
TIME_SYNCED utc=1785064340 offset=1785062475
SYNC_NOT_FOUND first4=20D5C703
SYNC_NOT_FOUND first4=CC5FBE57
2026-07-26T11:12:22.357286+00:00 TIME_SYNCED utc=1785064341 offset=1785062475
SYNC_NOT_FOUND first4=6CC1BA8C
PHASE_RESULT 51 LF-FLRC-650-255 pktSize=255 rx=0 unique=0 lost=100 per=100.0 rssi_avg=0 rssi_min=0 crc_err=0 garbage=3 tx_lat=0.00000 tx_lon=0.00000 sats=0 fix=0 utc=0 tx_fw=none rx_fw=unknown
PHASE_GUARD 500
2026-07-26T11:12:23.367214+00:00 PHASE_START 52 LF-FLRC-325-32 pktSize=32
SYNC_NOT_FOUND first4=983C7825
2026-07-26T11:12:24.375287+00:00 PHASE_RESULT 52 LF-FLRC-325-32 pktSize=32 rx=0 unique=0 lost=100 per=100.0 rssi_avg=0 rssi_min=0 crc_err=0 garbage=1 tx_lat=0.00000 tx_lon=0.00000 sats=0 fix=0 utc=0 tx_fw=none rx_fw=unknown
PHASE_GUARD 500
2026-07-26T11:12:25.381028+00:00 PHASE_START 53 LF-FLRC-325-64 pktSize=64
2026-07-26T11:12:26.384647+00:00 PHASE_RESULT 53 LF-FLRC-325-64 pktSize=64 rx=0 unique=0 lost=100 per=100.0 rssi_avg=0 rssi_min=0 crc_err=0 garbage=0 tx_lat=0.00000 tx_lon=0.00000 sats=0 fix=0 utc=0 tx_fw=none rx_fw=unknown
PHASE_GUARD 500
2026-07-26T11:12:27.396203+00:00 PHASE_START 54 LF-FLRC-325-128 pktSize=128
2026-07-26T11:12:28.399567+00:00 PHASE_RESULT 54 LF-FLRC-325-128 pktSize=128 rx=0 unique=0 lost=100 per=100.0 rssi_avg=0 rssi_min=0 crc_err=0 garbage=0 tx_lat=0.00000 tx_lon=0.00000 sats=0 fix=0 utc=0 tx_fw=none rx_fw=unknown
PHASE_GUARD 500
PHASE_START 55 LF-FLRC-325-255 pktSize=255
2026-07-26T11:12:30.454470+00:00 PHASE_RESULT 55 LF-FLRC-325-255 pktSize=255 rx=0 unique=0 lost=100 per=100.0 rssi_avg=0 rssi_min=0 crc_err=0 garbage=0 tx_lat=0.00000 tx_lon=0.00000 sats=0 fix=0 utc=0 tx_fw=none rx_fw=unknown
PHASE_GUARD 500
LORA_CFG path=1 bw=0x0F sf=7
PHASE_START 0 HF-LoRa-SF7-32 pktSize=32
2026-07-26T11:12:31.474210+00:00 TIME_SYNCED utc=1785064350 offset=1785062475
2026-07-26T11:12:32.484805+00:00 TIME_SYNCED utc=1785064351 offset=1785062475
PHASE_RESULT 0 HF-LoRa-SF7-32 pktSize=32 rx=0 unique=0 lost=20 per=100.0 rssi_avg=0 rssi_min=0 crc_err=0 garbage=0 tx_lat=0.00000 tx_lon=0.00000 sats=0 fix=0 utc=0 tx_fw=none rx_fw=unknown
PHASE_GUARD 500
LORA_CFG path=1 bw=0x0F sf=7
PHASE_START 1 HF-LoRa-SF7-64 pktSize=64
2026-07-26T11:12:34.539780+00:00 PHASE_RESULT 1 HF-LoRa-SF7-64 pktSize=64 rx=0 unique=0 lost=20 per=100.0 rssi_avg=0 rssi_min=0 crc_err=0 garbage=0 tx_lat=0.00000 tx_lon=0.00000 sats=0 fix=0 utc=0 tx_fw=none rx_fw=unknown
PHASE_GUARD 500
LORA_CFG path=1 bw=0x0F sf=7
PHASE_START 2 HF-LoRa-SF7-128 pktSize=128
2026-07-26T11:12:36.595187+00:00 PHASE_RESULT 2 HF-LoRa-SF7-128 pktSize=128 rx=0 unique=0 lost=20 per=100.0 rssi_avg=0 rssi_min=0 crc_err=0 garbage=0 tx_lat=0.00000 tx_lon=0.00000 sats=0 fix=0 utc=0 tx_fw=none rx_fw=unknown
PHASE_GUARD 500
LORA_CFG path=1 bw=0x0F sf=7
PHASE_START 3 HF-LoRa-SF7-255 pktSize=255
2026-07-26T11:12:39.707684+00:00 PHASE_RESULT 3 HF-LoRa-SF7-255 pktSize=255 rx=0 unique=0 lost=20 per=100.0 rssi_avg=0 rssi_min=0 crc_err=0 garbage=0 tx_lat=0.00000 tx_lon=0.00000 sats=0 fix=0 utc=0 tx_fw=none rx_fw=unknown
PHASE_GUARD 500
LORA_CFG path=1 bw=0x0F sf=9
PHASE_START 4 HF-LoRa-SF9-32 pktSize=32
2026-07-26T11:12:41.775229+00:00 TIME_SYNCED utc=1785064360 offset=1785062475
PHASE_RESULT 4 HF-LoRa-SF9-32 pktSize=32 rx=0 unique=0 lost=20 per=100.0 rssi_avg=0 rssi_min=0 crc_err=0 garbage=0 tx_lat=0.00000 tx_lon=0.00000 sats=0 fix=0 utc=0 tx_fw=none rx_fw=unknown
PHASE_GUARD 500
LORA_CFG path=1 bw=0x0F sf=9
PHASE_START 5 HF-LoRa-SF9-64 pktSize=64
TIME_SYNCED utc=1785064361 offset=1785062475
2026-07-26T11:12:44.888080+00:00 PHASE_RESULT 5 HF-LoRa-SF9-64 pktSize=64 rx=0 unique=0 lost=20 per=100.0 rssi_avg=0 rssi_min=0 crc_err=0 garbage=0 tx_lat=0.00000 tx_lon=0.00000 sats=0 fix=0 utc=0 tx_fw=none rx_fw=unknown
PHASE_GUARD 500
LORA_CFG path=1 bw=0x0F sf=9
PHASE_START 6 HF-LoRa-SF9-128 pktSize=128
2026-07-26T11:12:49.050204+00:00 PHASE_RESULT 6 HF-LoRa-SF9-128 pktSize=128 rx=0 unique=0 lost=13 per=100.0 rssi_avg=0 rssi_min=0 crc_err=0 garbage=0 tx_lat=0.00000 tx_lon=0.00000 sats=0 fix=0 utc=0 tx_fw=none rx_fw=unknown
PHASE_GUARD 500
LORA_CFG path=1 bw=0x0F sf=9
PHASE_START 7 HF-LoRa-SF9-255 pktSize=255
2026-07-26T11:12:52.164034+00:00 TIME_SYNCED utc=1785064371 offset=1785062476
PHASE_RESULT 7 HF-LoRa-SF9-255 pktSize=255 rx=0 unique=0 lost=6 per=100.0 rssi_avg=0 rssi_min=0 crc_err=0 garbage=0 tx_lat=0.00000 tx_lon=0.00000 sats=0 fix=0 utc=0 tx_fw=none rx_fw=unknown
PHASE_GUARD 500
LORA_CFG path=1 bw=0x0F sf=12
PHASE_START 8 HF-LoRa-SF12-32 pktSize=32
TIME_SYNCED utc=1785064371 offset=1785062475
2026-07-26T11:12:55.278293+00:00 PHASE_RESULT 8 HF-LoRa-SF12-32 pktSize=32 rx=0 unique=0 lost=2 per=100.0 rssi_avg=0 rssi_min=0 crc_err=0 garbage=0 tx_lat=0.00000 tx_lon=0.00000 sats=0 fix=0 utc=0 tx_fw=none rx_fw=unknown
PHASE_GUARD 500
LORA_CFG path=1 bw=0x0F sf=12
PHASE_START 9 HF-LoRa-SF12-64 pktSize=64
2026-07-26T11:12:57.333429+00:00 PHASE_RESULT 9 HF-LoRa-SF12-64 pktSize=64 rx=0 unique=0 lost=1 per=100.0 rssi_avg=0 rssi_min=0 crc_err=0 garbage=0 tx_lat=0.00000 tx_lon=0.00000 sats=0 fix=0 utc=0 tx_fw=none rx_fw=unknown
PHASE_GUARD 500
LORA_CFG path=1 bw=0x0F sf=12
2026-07-26T11:12:58.343302+00:00 PHASE_START 10 HF-LoRa-SF12-128 pktSize=128
2026-07-26T11:13:02.512729+00:00 TIME_SYNCED utc=1785064381 offset=1785062475
TIME_SYNCED utc=1785064381 offset=1785062475
PHASE_RESULT 10 HF-LoRa-SF12-128 pktSize=128 rx=0 unique=0 lost=1 per=100.0 rssi_avg=0 rssi_min=0 crc_err=0 garbage=0 tx_lat=0.00000 tx_lon=0.00000 sats=0 fix=0 utc=0 tx_fw=none rx_fw=unknown
PHASE_GUARD 500
LORA_CFG path=1 bw=0x0F sf=12
PHASE_START 11 HF-LoRa-SF12-255 pktSize=255
2026-07-26T11:13:11.933781+00:00 TIME_SYNCED utc=1785064391 offset=1785062475
2026-07-26T11:13:12.944756+00:00 TIME_SYNCED utc=1785064391 offset=1785062475
PHASE_RESULT 11 HF-LoRa-SF12-255 pktSize=255 rx=0 unique=0 lost=1 per=100.0 rssi_avg=0 rssi_min=0 crc_err=0 garbage=0 tx_lat=0.00000 tx_lon=0.00000 sats=0 fix=0 utc=0 tx_fw=none rx_fw=unknown
PHASE_GUARD 500
PHASE_START 12 HF-FLRC-2600-32 pktSize=32
SYNC_NOT_FOUND first4=E8E88972
SYNC_NOT_FOUND first4=AAB7022C
SYNC_NOT_FOUND first4=20AC193B
SYNC_NOT_FOUND first4=70517E6F
2026-07-26T11:13:13.972955+00:00 SYNC_NOT_FOUND first4=8643CB8C
SYNC_NOT_FOUND first4=5FAA25DE
SYNC_NOT_FOUND first4=50E9619F
SYNC_NOT_FOUND first4=0F50106D
2026-07-26T11:13:14.976507+00:00 SYNC_NOT_FOUND first4=D5D2A3BA
PHASE_RESULT 12 HF-FLRC-2600-32 pktSize=32 rx=0 unique=0 lost=100 per=100.0 rssi_avg=0 rssi_min=0 crc_err=0 garbage=9 tx_lat=0.00000 tx_lon=0.00000 sats=0 fix=0 utc=0 tx_fw=none rx_fw=unknown
PHASE_GUARD 500
PHASE_START 13 HF-FLRC-2600-64 pktSize=64
SYNC_NOT_FOUND first4=B76BCD4A
2026-07-26T11:13:16.005107+00:00 SYNC_NOT_FOUND first4=6A6CAA84
SYNC_NOT_FOUND first4=6A0E3028
SYNC_NOT_FOUND first4=EE4D13C6
SYNC_NOT_FOUND first4=65D19F4F
SYNC_NOT_FOUND first4=28D0853C
SYNC_NOT_FOUND first4=8508A08A
2026-07-26T11:13:17.008950+00:00 SYNC_NOT_FOUND first4=667F5A06
PHASE_RESULT 13 HF-FLRC-2600-64 pktSize=64 rx=0 unique=0 lost=100 per=100.0 rssi_avg=0 rssi_min=0 crc_err=0 garbage=8 tx_lat=0.00000 tx_lon=0.00000 sats=0 fix=0 utc=0 tx_fw=none rx_fw=unknown
PHASE_GUARD 500
PHASE_START 14 HF-FLRC-2600-128 pktSize=128
SYNC_NOT_FOUND first4=DAC1FB47
SYNC_NOT_FOUND first4=43B25EF1
SYNC_NOT_FOUND first4=8F3D3AB0
SYNC_NOT_FOUND first4=9822227C
SYNC_NOT_FOUND first4=C388391A
SYNC_NOT_FOUND first4=458D4BDB
2026-07-26T11:13:18.036207+00:00 SYNC_NOT_FOUND first4=DC983771
SYNC_NOT_FOUND first4=853ACBD4
SYNC_NOT_FOUND first4=757C01C1
SYNC_NOT_FOUND first4=5918332E
SYNC_NOT_FOUND first4=A35246BE
SYNC_NOT_FOUND first4=18D0D43B
SYNC_NOT_FOUND first4=123CE194
2026-07-26T11:13:19.041959+00:00 PHASE_RESULT 14 HF-FLRC-2600-128 pktSize=128 rx=0 unique=0 lost=100 per=100.0 rssi_avg=0 rssi_min=0 crc_err=0 garbage=13 tx_lat=0.00000 tx_lon=0.00000 sats=0 fix=0 utc=0 tx_fw=none rx_fw=unknown
PHASE_GUARD 500
PHASE_START 15 HF-FLRC-2600-255 pktSize=255
SYNC_NOT_FOUND first4=7F90DC4D
SYNC_NOT_FOUND first4=E189876B
SYNC_NOT_FOUND first4=BD8390DA
SYNC_NOT_FOUND first4=6A524870
SYNC_NOT_FOUND first4=7D9AEB8C
SYNC_NOT_FOUND first4=6FF32A7A
2026-07-26T11:13:20.045502+00:00 SYNC_NOT_FOUND first4=621C3D63
2026-07-26T11:13:21.048921+00:00 PHASE_RESULT 15 HF-FLRC-2600-255 pktSize=255 rx=0 unique=0 lost=100 per=100.0 rssi_avg=0 rssi_min=0 crc_err=0 garbage=7 tx_lat=0.00000 tx_lon=0.00000 sats=0 fix=0 utc=0 tx_fw=none rx_fw=unknown
PHASE_GUARD 500
PHASE_START 16 HF-FLRC-1300-32 pktSize=32
SYNC_NOT_FOUND first4=863D27C8
SYNC_NOT_FOUND first4=180D1A65
SYNC_NOT_FOUND first4=2896D917
SYNC_NOT_FOUND first4=03367E30
SYNC_NOT_FOUND first4=02D407BF
SYNC_NOT_FOUND first4=6A7A15FA
SYNC_NOT_FOUND first4=601419DC
SYNC_NOT_FOUND first4=6818C7FE
2026-07-26T11:13:22.060411+00:00 SYNC_NOT_FOUND first4=D799825A
SYNC_NOT_FOUND first4=A8A3E36F
SYNC_NOT_FOUND first4=84375A2A
SYNC_NOT_FOUND first4=957FAE89
SYNC_NOT_FOUND first4=E60765E9
SYNC_NOT_FOUND first4=4D5BAE6A
TIME_SYNCED utc=1785064401 offset=1785062475
2026-07-26T11:13:23.076279+00:00 TIME_SYNCED utc=1785064402 offset=1785062476
PHASE_RESULT 16 HF-FLRC-1300-32 pktSize=32 rx=0 unique=0 lost=100 per=100.0 rssi_avg=0 rssi_min=0 crc_err=0 garbage=14 tx_lat=0.00000 tx_lon=0.00000 sats=0 fix=0 utc=0 tx_fw=none rx_fw=unknown
PHASE_GUARD 500
PHASE_START 17 HF-FLRC-1300-64 pktSize=64
SYNC_NOT_FOUND first4=E3A34928
SYNC_NOT_FOUND first4=95A01EAC
SYNC_NOT_FOUND first4=1B1BB5EA
SYNC_NOT_FOUND first4=6DB04045
SYNC_NOT_FOUND first4=75B4480D
SYNC_NOT_FOUND first4=421965D8
2026-07-26T11:13:24.086459+00:00 SYNC_NOT_FOUND first4=58B62149
SYNC_NOT_FOUND first4=46085756
PHASE_RESULT 17 HF-FLRC-1300-64 pktSize=64 rx=0 unique=0 lost=100 per=100.0 rssi_avg=0 rssi_min=0 crc_err=0 garbage=8 tx_lat=0.00000 tx_lon=0.00000 sats=0 fix=0 utc=0 tx_fw=none rx_fw=unknown
PHASE_GUARD 500
PHASE_START 18 HF-FLRC-1300-128 pktSize=128
SYNC_NOT_FOUND first4=3B71831D
SYNC_NOT_FOUND first4=106D7265
2026-07-26T11:13:25.099227+00:00 SYNC_NOT_FOUND first4=C4781B41
SYNC_NOT_FOUND first4=602C763E
SYNC_NOT_FOUND first4=62D8DBEB
2026-07-26T11:13:26.107734+00:00 SYNC_NOT_FOUND first4=8EE70681
PHASE_RESULT 18 HF-FLRC-1300-128 pktSize=128 rx=0 unique=0 lost=100 per=100.0 rssi_avg=0 rssi_min=0 crc_err=0 garbage=6 tx_lat=0.00000 tx_lon=0.00000 sats=0 fix=0 utc=0 tx_fw=none rx_fw=unknown
PHASE_GUARD 500
PHASE_START 19 HF-FLRC-1300-255 pktSize=255
SYNC_NOT_FOUND first4=A2233FD6
SYNC_NOT_FOUND first4=F50BC7C5
2026-07-26T11:13:27.112950+00:00 SYNC_NOT_FOUND first4=A91851DE
SYNC_NOT_FOUND first4=D0F1181F
SYNC_NOT_FOUND first4=1AB759BF
SYNC_NOT_FOUND first4=58886746
2026-07-26T11:13:28.123705+00:00 PHASE_RESULT 19 HF-FLRC-1300-255 pktSize=255 rx=0 unique=0 lost=100 per=100.0 rssi_avg=0 rssi_min=0 crc_err=0 garbage=6 tx_lat=0.00000 tx_lon=0.00000 sats=0 fix=0 utc=0 tx_fw=none rx_fw=unknown
PHASE_GUARD 500
PHASE_START 20 HF-FLRC-650-32 pktSize=32
SYNC_NOT_FOUND first4=91A3BA40
SYNC_NOT_FOUND first4=8BC392AC
SYNC_NOT_FOUND first4=0110BDC0
SYNC_NOT_FOUND first4=A952CD38
SYNC_NOT_FOUND first4=63E1A268
SYNC_NOT_FOUND first4=2FC22FDD
SYNC_NOT_FOUND first4=FB71AD29
SYNC_NOT_FOUND first4=2AED090B
SYNC_NOT_FOUND first4=E1F70927
SYNC_NOT_FOUND first4=EC3A9790
SYNC_NOT_FOUND first4=D1D5E14E
SYNC_NOT_FOUND first4=F78915FB
SYNC_NOT_FOUND first4=FE0230CC
SYNC_NOT_FOUND first4=504BB189
SYNC_NOT_FOUND first4=AC964491
SYNC_NOT_FOUND first4=3A944099
2026-07-26T11:13:29.134267+00:00 SYNC_NOT_FOUND first4=40005AC7
SYNC_NOT_FOUND first4=838BE111
SYNC_NOT_FOUND first4=514E345B
SYNC_NOT_FOUND first4=ADF22884
SYNC_NOT_FOUND first4=1FCC9116
SYNC_NOT_FOUND first4=83150CCA
SYNC_NOT_FOUND first4=2693A211
SYNC_NOT_FOUND first4=11C685F3
SYNC_NOT_FOUND first4=9B4F2072
SYNC_NOT_FOUND first4=E457D14C
SYNC_NOT_FOUND first4=93A392AB
SYNC_NOT_FOUND first4=B92772C5
SYNC_NOT_FOUND first4=A2C63D88
SYNC_NOT_FOUND first4=A04C315F
SYNC_NOT_FOUND first4=CDE4EAD3
SYNC_NOT_FOUND first4=946D44A6
SYNC_NOT_FOUND first4=C878E24A
SYNC_NOT_FOUND first4=D4C9800D
SYNC_NOT_FOUND first4=1C80F2A7
SYNC_NOT_FOUND first4=0A1CE295
SYNC_NOT_FOUND first4=D3B99D75
SYNC_NOT_FOUND first4=206876D9
SYNC_NOT_FOUND first4=30DE3107
SYNC_NOT_FOUND first4=C79C9510
SYNC_NOT_FOUND first4=2B247A61
SYNC_NOT_FOUND first4=F935A248
SYNC_NOT_FOUND first4=43DAD4E2
SYNC_NOT_FOUND first4=A3925CEC
SYNC_NOT_FOUND first4=D7E0DA7D
SYNC_NOT_FOUND first4=C6488094
SYNC_NOT_FOUND first4=8BA06398
SYNC_NOT_FOUND first4=78952796
2026-07-26T11:13:30.137670+00:00 SYNC_NOT_FOUND first4=198986C4
SYNC_NOT_FOUND first4=91BF240C
SYNC_NOT_FOUND first4=A142339A
PHASE_RESULT 20 HF-FLRC-650-32 pktSize=32 rx=0 unique=0 lost=100 per=100.0 rssi_avg=0 rssi_min=0 crc_err=0 garbage=51 tx_lat=0.00000 tx_lon=0.00000 sats=0 fix=0 utc=0 tx_fw=none rx_fw=unknown
PHASE_GUARD 500
PHASE_START 21 HF-FLRC-650-64 pktSize=64
SYNC_NOT_FOUND first4=4D561CB4
SYNC_NOT_FOUND first4=93AA957F
SYNC_NOT_FOUND first4=DE97D9AE
SYNC_NOT_FOUND first4=C8BDEDE3
SYNC_NOT_FOUND first4=CEEE2B8E
SYNC_NOT_FOUND first4=1020C439
SYNC_NOT_FOUND first4=EB764A7A
SYNC_NOT_FOUND first4=A7309616
SYNC_NOT_FOUND first4=4E32C7DF
SYNC_NOT_FOUND first4=35E90BDE
SYNC_NOT_FOUND first4=C765DF04
SYNC_NOT_FOUND first4=CAE5151F
SYNC_NOT_FOUND first4=707CA8C4
SYNC_NOT_FOUND first4=5FCD235C
SYNC_NOT_FOUND first4=DBA35ED8
SYNC_NOT_FOUND first4=DBC8BFFC
SYNC_NOT_FOUND first4=A055E82F
SYNC_NOT_FOUND first4=3B00CBDB
SYNC_NOT_FOUND first4=71D03875
SYNC_NOT_FOUND first4=A58F27C9
SYNC_NOT_FOUND first4=5B2CBC80
SYNC_NOT_FOUND first4=1946DCE3
SYNC_NOT_FOUND first4=827E8488
SYNC_NOT_FOUND first4=274200DE
2026-07-26T11:13:31.148573+00:00 SYNC_NOT_FOUND first4=BBAD6B01
SYNC_NOT_FOUND first4=3A980B16
SYNC_NOT_FOUND first4=DFF7573C
SYNC_NOT_FOUND first4=5D2DA8C2
SYNC_NOT_FOUND first4=171092AA
SYNC_NOT_FOUND first4=C98F8E73
SYNC_NOT_FOUND first4=18B80A84
SYNC_NOT_FOUND first4=38003931
SYNC_NOT_FOUND first4=A02FC5BC
SYNC_NOT_FOUND first4=8DA1096D
SYNC_NOT_FOUND first4=A8094631
SYNC_NOT_FOUND first4=1D42036D
SYNC_NOT_FOUND first4=B3604E29
SYNC_NOT_FOUND first4=AB5E345D
SYNC_NOT_FOUND first4=12E4C2B1
SYNC_NOT_FOUND first4=0FE398B7
SYNC_NOT_FOUND first4=533A54CD
SYNC_NOT_FOUND first4=C7DAEB80
SYNC_NOT_FOUND first4=31DCA6E0
SYNC_NOT_FOUND first4=B142A5A4
SYNC_NOT_FOUND first4=F631C849
SYNC_NOT_FOUND first4=27CCD0D3
SYNC_NOT_FOUND first4=51797F33
SYNC_NOT_FOUND first4=F8BE0A4C
2026-07-26T11:13:32.163709+00:00 SYNC_NOT_FOUND first4=A9F4765E
PHASE_RESULT 21 HF-FLRC-650-64 pktSize=64 rx=0 unique=0 lost=100 per=100.0 rssi_avg=0 rssi_min=0 crc_err=0 garbage=49 tx_lat=0.00000 tx_lon=0.00000 sats=0 fix=0 utc=0 tx_fw=none rx_fw=unknown
PHASE_GUARD 500
PHASE_START 22 HF-FLRC-650-128 pktSize=128
SYNC_NOT_FOUND first4=07095B46
SYNC_NOT_FOUND first4=D03DE5A3
SYNC_NOT_FOUND first4=1073FED4
SYNC_NOT_FOUND first4=55099546
SYNC_NOT_FOUND first4=742C6FA5
SYNC_NOT_FOUND first4=6095D29D
SYNC_NOT_FOUND first4=40AD59E3
TIME_SYNCED utc=1785064411 offset=1785062475
PHASE_RESULT 22 HF-FLRC-650-128 pktSize=128 rx=0 unique=0 lost=100 per=100.0 rssi_avg=0 rssi_min=0 crc_err=0 garbage=7 tx_lat=0.00000 tx_lon=0.00000 sats=0 fix=0 utc=0 tx_fw=none rx_fw=unknown
PHASE_GUARD 500
PHASE_START 21 HF-FLRC-650-64 pktSize=64
SYNC_NOT_FOUND first4=E59B52F7
SYNC_NOT_FOUND first4=963B7C4D
SYNC_NOT_FOUND first4=71B56F8A
SYNC_NOT_FOUND first4=4E4F50F0
2026-07-26T11:13:33.180120+00:00 TIME_SYNCED utc=1785064412 offset=1785062476
PHASE_RESULT 21 HF-FLRC-650-64 pktSize=64 rx=0 unique=0 lost=100 per=100.0 rssi_avg=0 rssi_min=0 crc_err=0 garbage=4 tx_lat=0.00000 tx_lon=0.00000 sats=0 fix=0 utc=0 tx_fw=none rx_fw=unknown
PHASE_GUARD 500
PHASE_START 22 HF-FLRC-650-128 pktSize=128
SYNC_NOT_FOUND first4=3C376D30
SYNC_NOT_FOUND first4=4B622BA7
SYNC_NOT_FOUND first4=5DD81F3F
SYNC_NOT_FOUND first4=9B7078EA
SYNC_NOT_FOUND first4=EA144078
SYNC_NOT_FOUND first4=C937B92E
SYNC_NOT_FOUND first4=54DB8FD5
SYNC_NOT_FOUND first4=6B45E81C
SYNC_NOT_FOUND first4=F435903F
SYNC_NOT_FOUND first4=BED0C936
SYNC_NOT_FOUND first4=65691F80
SYNC_NOT_FOUND first4=95DE3172
SYNC_NOT_FOUND first4=59EB13EA
SYNC_NOT_FOUND first4=07628DED
SYNC_NOT_FOUND first4=9C174271
2026-07-26T11:13:34.191283+00:00 SYNC_NOT_FOUND first4=34AAC32D
SYNC_NOT_FOUND first4=7A3A42B1
PHASE_RESULT 22 HF-FLRC-650-128 pktSize=128 rx=0 unique=0 lost=100 per=100.0 rssi_avg=0 rssi_min=0 crc_err=0 garbage=17 tx_lat=0.00000 tx_lon=0.00000 sats=0 fix=0 utc=0 tx_fw=none rx_fw=unknown
PHASE_GUARD 500
PHASE_START 23 HF-FLRC-650-255 pktSize=255
SYNC_NOT_FOUND first4=3B8AF2F5
SYNC_NOT_FOUND first4=763E61E4
SYNC_NOT_FOUND first4=5B0997AC
SYNC_NOT_FOUND first4=1E0E6AB2
SYNC_NOT_FOUND first4=71491D5D
SYNC_NOT_FOUND first4=5BF92309
SYNC_NOT_FOUND first4=29E76402
SYNC_NOT_FOUND first4=20C9896F
SYNC_NOT_FOUND first4=C6553C55
SYNC_NOT_FOUND first4=B03C54E3
SYNC_NOT_FOUND first4=66BEA022
SYNC_NOT_FOUND first4=53FDD01B
SYNC_NOT_FOUND first4=BE2A69ED
SYNC_NOT_FOUND first4=6988BF2F
SYNC_NOT_FOUND first4=7A628EBC
2026-07-26T11:13:35.202343+00:00 SYNC_NOT_FOUND first4=69A70068
SYNC_NOT_FOUND first4=DA48B526
SYNC_NOT_FOUND first4=CAD1D81F
SYNC_NOT_FOUND first4=50BB0A90
SYNC_NOT_FOUND first4=CDCA04BD
SYNC_NOT_FOUND first4=25C6DBF2
SYNC_NOT_FOUND first4=809207BF
SYNC_NOT_FOUND first4=2FD680AC
SYNC_NOT_FOUND first4=8A44E88B
SYNC_NOT_FOUND first4=3CEAB9C8
SYNC_NOT_FOUND first4=BC7EA7F1
SYNC_NOT_FOUND first4=BA6E6002
SYNC_NOT_FOUND first4=F8A311E3
SYNC_NOT_FOUND first4=0ABCA808
SYNC_NOT_FOUND first4=A3C976DF
SYNC_NOT_FOUND first4=F044FFDA
SYNC_NOT_FOUND first4=F08C5609
SYNC_NOT_FOUND first4=AD58A825
SYNC_NOT_FOUND first4=9E357B08
SYNC_NOT_FOUND first4=8DAAF147
SYNC_NOT_FOUND first4=8B3EBBB9
SYNC_NOT_FOUND first4=17248637
SYNC_NOT_FOUND first4=A92D6BDE
SYNC_NOT_FOUND first4=60F8CCB3
SYNC_NOT_FOUND first4=53FE8D86
SYNC_NOT_FOUND first4=6FF562F4
2026-07-26T11:13:36.216824+00:00 PHASE_RESULT 23 HF-FLRC-650-255 pktSize=255 rx=0 unique=0 lost=100 per=100.0 rssi_avg=0 rssi_min=0 crc_err=0 garbage=41 tx_lat=0.00000 tx_lon=0.00000 sats=0 fix=0 utc=0 tx_fw=none rx_fw=unknown
PHASE_GUARD 500
PHASE_START 24 HF-FLRC-325-32 pktSize=32
SYNC_NOT_FOUND first4=AA50B944
SYNC_NOT_FOUND first4=2F911FC3
SYNC_NOT_FOUND first4=7D59DB2A
SYNC_NOT_FOUND first4=8FD43710
2026-07-26T11:13:37.228279+00:00 SYNC_NOT_FOUND first4=A2131D4B
SYNC_NOT_FOUND first4=C9ABFBB8
PHASE_RESULT 24 HF-FLRC-325-32 pktSize=32 rx=0 unique=0 lost=100 per=100.0 rssi_avg=0 rssi_min=0 crc_err=0 garbage=6 tx_lat=0.00
2026-07-26T11:13:38.244474+00:00 000 tx_lon=0.00000 sats=0 fix=0 utc=0 tx_fw=none rx_fw=unknown
PHASE_GUARD 500
PHASE_START 25 HF-FLRC-325-64 pktSize=64
SYNC_NOT_FOUND first4=2A0200B3
SYNC_NOT_FOUND first4=218548ED
SYNC_NOT_FOUND first4=FA4FF329
2026-07-26T11:13:39.255199+00:00 SYNC_NOT_FOUND first4=FD650C15
SYNC_NOT_FOUND first4=E21A4314
SYNC_NOT_FOUND first4=5C142960
PHASE_RESULT 25 HF-FLRC-325-64 pktSize=64 rx=0 unique=0 lost=100 per=100.0 rssi_avg=0 rssi_min=0 crc_err=0 garbage=6 tx_lat=0.00000 tx_lon=0.00000 sats=0 fix=0 utc=0 tx_fw=none rx_fw=unknown
PHASE_GUARD 500
2026-07-26T11:13:40.265899+00:00 PHASE_START 26 HF-FLRC-325-128 pktSize=128
SYNC_NOT_FOUND first4=ED1A0E21
SYNC_NOT_FOUND first4=4CE6EE23
2026-07-26T11:13:41.277090+00:00 SYNC_NOT_FOUND first4=1324643A
SYNC_NOT_FOUND first4=BBAAEAA3
PHASE_RESULT 26 HF-FLRC-325-128 pktSize=128 rx=0 unique=0 lost=100 per=100.0 rssi_avg=0 rssi_min=0 crc_err=0 garbage=4 tx_lat=0.00000 tx_lon=0.00000 sats=0 fix=0 utc=0 tx_fw=none rx_fw=unknown
PHASE_GUARD 500
2026-07-26T11:13:42.287958+00:00 PHASE_START 27 HF-FLRC-325-255 pktSize=255
SYNC_NOT_FOUND first4=06C2C5CA
TIME_SYNCED utc=1785064421 offset=1785062475
PHASE_RESULT 27 HF-FLRC-325-255 pktSize=255 rx=0 unique=0 lost=100 per=100.0 rssi_avg=0 rssi_min=0 crc_err=0 garbage=1 tx_lat=0.00000 tx_lon=0.00000 sats=0 fix=0 utc=0 tx_fw=none rx_fw=unknown
PHASE_GUARD 500
PHASE_START 26 HF-FLRC-325-128 pktSize=128
SYNC_NOT_FOUND first4=03C2CCF8
PHASE_RESULT 26 HF-FLRC-325-128 pktSize=128 rx=0 unique=0 lost=100 per=100.0 rssi_avg=0 rssi_min=0 crc_err=0 garbage=1 tx_lat=0.00000 tx_lon=0.00000 sats=0 fix=0 utc=0 tx_fw=none rx_fw=unknown
PHASE_GUARD 500
2026-07-26T11:13:43.304714+00:00 PHASE_START 27 HF-FLRC-325-255 pktSize=255
TIME_SYNCED utc=1785064422 offset=1785062475
SYNC_NOT_FOUND first4=06DCC045
SYNC_NOT_FOUND first4=C235D6D3
SYNC_NOT_FOUND first4=E35673C0
2026-07-26T11:13:44.315178+00:00 SYNC_NOT_FOUND first4=DE5D8E89
SYNC_NOT_FOUND first4=2F56FA6C
SYNC_NOT_FOUND first4=CD93DA5D
SYNC_NOT_FOUND first4=7C6012B4
PHASE_RESULT 27 HF-FLRC-325-255 pktSize=255 rx=0 unique=0 lost=100 per=100.0 rssi_avg=0 rssi_min=0 crc_err=0 garbage=7 tx_lat=0.00000 tx_lon=0.00000 sats=0 fix=0 utc=0 tx_fw=none rx_fw=unknown
PHASE_GUARD 500
LORA_CFG path=0 bw=0x05 sf=7
2026-07-26T11:13:45.319428+00:00 PHASE_START 28 LF-LoRa-SF7-32 pktSize=32
2026-07-26T11:13:46.330625+00:00 PHASE_RESULT 28 LF-LoRa-SF7-32 pktSize=32 rx=0 unique=0 lost=20 per=100.0 rssi_avg=0 rssi_min=0 crc_err=0 garbage=0 tx_lat=0.00000 tx_lon=0.00000 sats=0 fix=0 utc=0 tx_fw=none rx_fw=unknown
PHASE_GUARD 500
LORA_CFG path=0 bw=0x05 sf=7
2026-07-26T11:13:47.335844+00:00 PHASE_START 29 LF-LoRa-SF7-64 pktSize=64
2026-07-26T11:13:49.398730+00:00 PHASE_RESULT 29 LF-LoRa-SF7-64 pktSize=64 rx=0 unique=0 lost=20 per=100.0 rssi_avg=0 rssi_min=0 crc_err=0 garbage=0 tx_lat=0.00000 tx_lon=0.00000 sats=0 fix=0 utc=0 tx_fw=none rx_fw=unknown
PHASE_GUARD 500
LORA_CFG path=0 bw=0x05 sf=7
PHASE_START 30 LF-LoRa-SF7-128 pktSize=128
2026-07-26T11:13:52.512385+00:00 TIME_SYNCED utc=1785064431 offset=1785062475
2026-07-26T11:13:53.524287+00:00 TIME_SYNCED utc=1785064432 offset=1785062475
PHASE_RESULT 30 LF-LoRa-SF7-128 pktSize=128 rx=0 unique=0 lost=13 per=100.0 rssi_avg=0 rssi_min=0 crc_err=0 garbage=0 tx_lat=0.00000 tx_lon=0.00000 sats=0 fix=0 utc=0 tx_fw=none rx_fw=unknown
PHASE_GUARD 500
LORA_CFG path=0 bw=0x05 sf=7
PHASE_START 31 LF-LoRa-SF7-255 pktSize=255
2026-07-26T11:13:57.682691+00:00 PHASE_RESULT 31 LF-LoRa-SF7-255 pktSize=255 rx=0 unique=0 lost=7 per=100.0 rssi_avg=0 rssi_min=0 crc_err=0 garbage=0 tx_lat=0.00000 tx_lon=0.00000 sats=0 fix=0 utc=0 tx_fw=none rx_fw=unknown
PHASE_GUARD 500
LORA_CFG path=0 bw=0x05 sf=9
PHASE_START 32 LF-LoRa-SF9-32 pktSize=32
2026-07-26T11:14:01.845442+00:00 PHASE_RESULT 32 LF-LoRa-SF9-32 pktSize=32 rx=0 unique=0 lost=7 per=100.0 rssi_avg=0 rssi_min=0 crc_err=0 garbage=0 tx_lat=0.00000 tx_lon=0.00000 sats=0 fix=0 utc=0 tx_fw=none rx_fw=unknown
PHASE_GUARD 500
LORA_CFG path=0 bw=0x05 sf=9
PHASE_START 33 LF-LoRa-SF9-64 pktSize=64
TIME_SYNCED utc=1785064441 offset=1785062475
2026-07-26T11:14:03.900782+00:00 TIME_SYNCED utc=1785064442 offset=1785062475
2026-07-26T11:14:04.912352+00:00 PHASE_RESULT 33 LF-LoRa-SF9-64 pktSize=64 rx=0 unique=0 lost=3 per=100.0 rssi_avg=0 rssi_min=0 crc_err=0 garbage=0 tx_lat=0.00000 tx_lon=0.00000 sats=0 fix=0 utc=0 tx_fw=none rx_fw=unknown
PHASE_GUARD 500
LORA_CFG path=0 bw=0x05 sf=9
PHASE_START 34 LF-LoRa-SF9-128 pktSize=128
2026-07-26T11:14:06.973983+00:00 PHASE_RESULT 34 LF-LoRa-SF9-128 pktSize=128 rx=0 unique=0 lost=1 per=100.0 rssi_avg=0 rssi_min=0 crc_err=0 garbage=0 tx_lat=0.00000 tx_lon=0.00000 sats=0 fix=0 utc=0 tx_fw=none rx_fw=unknown
PHASE_GUARD 500
LORA_CFG path=0 bw=0x05 sf=9
PHASE_START 35 LF-LoRa-SF9-255 pktSize=255
2026-07-26T11:14:11.139119+00:00 PHASE_RESULT 35 LF-LoRa-SF9-255 pktSize=255 rx=0 unique=0 lost=1 per=100.0 rssi_avg=0 rssi_min=0 crc_err=0 garbage=0 tx_lat=0.00000 tx_lon=0.00000 sats=0 fix=0 utc=0 tx_fw=none rx_fw=unknown
PHASE_GUARD 500
LORA_CFG path=0 bw=0x05 sf=12
PHASE_START 36 LF-LoRa-SF12-32 pktSize=32
2026-07-26T11:14:12.149975+00:00 TIME_SYNCED utc=1785064451 offset=1785062475
2026-07-26T11:14:14.213222+00:00 TIME_SYNCED utc=1785064453 offset=1785062476
2026-07-26T11:14:22.582113+00:00 TIME_SYNCED utc=1785064461 offset=1785062475
2026-07-26T11:14:24.645269+00:00 TIME_SYNCED utc=1785064463 offset=1785062475
2026-07-26T11:14:25.656615+00:00 PHASE_RESULT 36 LF-LoRa-SF12-32 pktSize=32 rx=0 unique=0 lost=1 per=100.0 rssi_avg=0 rssi_min=0 crc_err=0 garbage=0 tx_lat=0.00000 tx_lon=0.00000 sats=0 fix=0 utc=0 tx_fw=none rx_fw=unknown
PHASE_GUARD 500
LORA_CFG path=0 bw=0x05 sf=12
PHASE_START 37 LF-LoRa-SF12-SKIP SKIP pktSize=64
2026-07-26T11:14:26.660057+00:00 PHASE_RESULT 37 LF-LoRa-SF12-SKIP pktSize=64 rx=0 unique=0 lost=0 per=0.0 rssi_avg=0 rssi_min=0 crc_err=0 garbage=0 tx_lat=0.00000 tx_lon=0.00000 sats=0 fix=0 utc=0 tx_fw=none rx_fw=unknown
PHASE_GUARD 500
LORA_CFG path=0 bw=0x05 sf=12
PHASE_START 38 LF-LoRa-SF12-SKIP SKIP pktSize=128
2026-07-26T11:14:27.670830+00:00 PHASE_RESULT 38 LF-LoRa-SF12-SKIP pktSize=128 rx=0 unique=0 lost=0 per=0.0 rssi_avg=0 rssi_min=0 crc_err=0 garbage=0 tx_lat=0.00000 tx_lon=0.00000 sats=0 fix=0 utc=0 tx_fw=none rx_fw=unknown
PHASE_GUARD 500
LORA_CFG path=0 bw=0x05 sf=12
PHASE_START 39 LF-LoRa-SF12-SKIP SKIP pktSize=255
2026-07-26T11:14:28.675207+00:00 PHASE_RESULT 39 LF-LoRa-SF12-SKIP pktSize=255 rx=0 unique=0 lost=0 per=0.0 rssi_avg=0 rssi_min=0 crc_err=0 garbage=0 tx_lat=0.00000 tx_lon=0.00000 sats=0 fix=0 utc=0 tx_fw=none rx_fw=unknown
PHASE_GUARD 500
PHASE_START 40 LF-FLRC-2600-32 pktSize=32
2026-07-26T11:14:30.736761+00:00 PHASE_RESULT 40 LF-FLRC-2600-32 pktSize=32 rx=0 unique=0 lost=100 per=100.0 rssi_avg=0 rssi_min=0 crc_err=0 garbage=0 tx_lat=0.00000 tx_lon=0.00000 sats=0 fix=0 utc=0 tx_fw=none rx_fw=unknown
PHASE_GUARD 500
PHASE_START 41 LF-FLRC-2600-64 pktSize=64
2026-07-26T11:14:32.797827+00:00 TIME_SYNCED utc=1785064471 offset=1785062475
PHASE_RESULT 41 LF-FLRC-2600-64 pktSize=64 rx=0 unique=0 lost=100 per=100.0 rssi_avg=0 rssi_min=0 crc_err=0 garbage=0 tx_lat=0.00000 tx_lon=0.00000 sats=0 fix=0 utc=0 tx_fw=none rx_fw=unknown
PHASE_GUARD 500
PHASE_START 42 LF-FLRC-2600-128 pktSize=128
2026-07-26T11:14:33.803574+00:00 SYNC_NOT_FOUND first4=B430B6B5
2026-07-26T11:14:34.814258+00:00 TIME_SYNCED utc=1785064473 offset=1785062475
SYNC_NOT_FOUND first4=8EB72068
PHASE_RESULT 42 LF-FLRC-2600-128 pktSize=128 rx=0 unique=0 lost=100 per=100.0 rssi_avg=0 rssi_min=0 crc_err=0 garbage=2 tx_lat=0.00000 tx_lon=0.00000 sats=0 fix=0 utc=0 tx_fw=none rx_fw=unknown
PHASE_GUARD 500
PHASE_START 43 LF-FLRC-2600-255 pktSize=255
2026-07-26T11:14:36.870629+00:00 PHASE_RESULT 43 LF-FLRC-2600-255 pktSize=255 rx=0 unique=0 lost=100 per=100.0 rssi_avg=0 rssi_min=0 crc_err=0 garbage=0 tx_lat=0.00000 tx_lon=0.00000 sats=0 fix=0 utc=0 tx_fw=none rx_fw=unknown
PHASE_GUARD 500
PHASE_START 44 LF-FLRC-1300-32 pktSize=32
SYNC_NOT_FOUND first4=49845BE1
SYNC_NOT_FOUND first4=105C62F7
2026-07-26T11:14:37.877214+00:00 SYNC_NOT_FOUND first4=E4B7D3D6
2026-07-26T11:14:38.889914+00:00 PHASE_RESULT 44 LF-FLRC-1300-32 pktSize=32 rx=0 unique=0 lost=100 per=100.0 rssi_avg=0 rssi_min=0 crc_err=0 garbage=3 tx_lat=0.00000 tx_lon=0.00000 sats=0 fix=0 utc=0 tx_fw=none rx_fw=unknown
PHASE_GUARD 500
PHASE_START 45 LF-FLRC-1300-64 pktSize=64
2026-07-26T11:14:40.952025+00:00 PHASE_RESULT 45 LF-FLRC-1300-64 pktSize=64 rx=0 unique=0 lost=100 per=100.0 rssi_avg=0 rssi_min=0 crc_err=0 garbage=0 tx_lat=0.00000 tx_lon=0.00000 sats=0 fix=0 utc=0 tx_fw=none rx_fw=unknown
PHASE_GUARD 500
PHASE_START 46 LF-FLRC-1300-128 pktSize=128
2026-07-26T11:14:41.962700+00:00 TIME_SYNCED utc=1785064481 offset=1785062475
2026-07-26T11:14:42.974145+00:00 PHASE_RESULT 46 LF-FLRC-1300-128 pktSize=128 rx=0 unique=0 lost=100 per=100.0 rssi_avg=0 rssi_min=0 crc_err=0 garbage=0 tx_lat=0.00000 tx_lon=0.00000 sats=0 fix=0 utc=0 tx_fw=none rx_fw=unknown
PHASE_GUARD 500
PHASE_START 47 LF-FLRC-1300-255 pktSize=255
2026-07-26T11:14:43.984001+00:00 SYNC_NOT_FOUND first4=8E4E6FED
SYNC_NOT_FOUND first4=F8A447B3
2026-07-26T11:14:44.995205+00:00 TIME_SYNCED utc=1785064483 offset=1785062475
PHASE_RESULT 47 LF-FLRC-1300-255 pktSize=255 rx=0 unique=0 lost=100 per=100.0 rssi_avg=0 rssi_min=0 crc_err=0 garbage=2 tx_lat=0.00000 tx_lon=0.00000 sats=0 fix=0 utc=0 tx_fw=none rx_fw=unknown
PHASE_GUARD 500
PHASE_START 48 LF-FLRC-650-32 pktSize=32
SYNC_NOT_FOUND first4=13F95E49
2026-07-26T11:14:46.004321+00:00 SYNC_NOT_FOUND first4=885A9DE0
SYNC_NOT_FOUND first4=2A54F411
SYNC_NOT_FOUND first4=4F93D03C
2026-07-26T11:14:47.015281+00:00 SYNC_NOT_FOUND first4=609004C5
SYNC_NOT_FOUND first4=284488BB
PHASE_RESULT 48 LF-FLRC-650-32 pktSize=32 rx=0 unique=0 lost=100 per=100.0 rssi_avg=0 rssi_min=0 crc_err=0 garbage=6 tx_lat=0.00000 tx_lon=0.00000 sats=0 fix=0 utc=0 tx_fw=none rx_fw=unknown
PHASE_GUARD 500
PHASE_START 49 LF-FLRC-650-64 pktSize=64
SYNC_NOT_FOUND first4=A256BCA2
SYNC_NOT_FOUND first4=90A40A08
2026-07-26T11:14:48.025920+00:00 SYNC_NOT_FOUND first4=7D534F23
SYNC_NOT_FOUND first4=DC8837C8
SYNC_NOT_FOUND first4=3BA2029B
2026-07-26T11:14:49.036620+00:00 SYNC_NOT_FOUND first4=CEF31128
PHASE_RESULT 49 LF-FLRC-650-64 pktSize=64 rx=0 unique=0 lost=100 per=100.0 rssi_avg=0 rssi_min=0 crc_err=0 garbage=6 tx_lat=0.00000 tx_lon=0.00000 sats=0 fix=0 utc=0 tx_fw=none rx_fw=unknown
PHASE_GUARD 500
PHASE_START 50 LF-FLRC-650-128 pktSize=128
SYNC_NOT_FOUND first4=24A1F3F8
SYNC_NOT_FOUND first4=42FDFC02
2026-07-26T11:14:50.039823+00:00 SYNC_NOT_FOUND first4=54F0A090
SYNC_NOT_FOUND first4=3FB813CF
SYNC_NOT_FOUND first4=C1C43E19
SYNC_NOT_FOUND first4=003BA4A3
2026-07-26T11:14:51.051160+00:00 SYNC_NOT_FOUND first4=79A61500
PHASE_RESULT 50 LF-FLRC-650-128 pktSize=128 rx=0 unique=0 lost=100 per=100.0 rssi_avg=0 rssi_min=0 crc_err=0 garbage=7 tx_lat=0.00000 tx_lon=0.00000 sats=0 fix=0 utc=0 tx_fw=none rx_fw=unknown
PHASE_GUARD 500
PHASE_START 51 LF-FLRC-650-255 pktSize=255
2026-07-26T11:14:52.063732+00:00 SYNC_NOT_FOUND first4=0C1A5383
SYNC_NOT_FOUND first4=957F0441
TIME_SYNCED utc=1785064491 offset=1785062475
SYNC_NOT_FOUND first4=D737EB70
2026-07-26T11:14:53.074288+00:00 PHASE_RESULT 51 LF-FLRC-650-255 pktSize=255 rx=0 unique=0 lost=100 per=100.0 rssi_avg=0 rssi_min=0 crc_err=0 garbage=3 tx_lat=0.00000 tx_lon=0.00000 sats=0 fix=0 utc=0 tx_fw=none rx_fw=unknown
PHASE_GUARD 500
PHASE_START 52 LF-FLRC-325-32 pktSize=32
2026-07-26T11:14:55.136198+00:00 TIME_SYNCED utc=1785064494 offset=1785062476
PHASE_RESULT 52 LF-FLRC-325-32 pktSize=32 rx=0 unique=0 lost=100 per=100.0 rssi_avg=0 rssi_min=0 crc_err=0 garbage=0 tx_lat=0.00000 tx_lon=0.00000 sats=0 fix=0 utc=0 tx_fw=none rx_fw=unknown
PHASE_GUARD 500
PHASE_START 53 LF-FLRC-325-64 pktSize=64
2026-07-26T11:14:56.148357+00:00 SYNC_NOT_FOUND first4=597A777D
PHASE_RESULT 53 LF-FLRC-325-64 pktSize=64 rx=0 unique=0 lost=100 per=100.0 rssi_avg=0 rssi_min=0 crc_err=0 garbage=1 tx_lat=0.00000 tx_lon=0.00000 sats=0 fix=0 utc=0 tx_fw=none rx_fw=unknown
PHASE_GUARD 500
PHASE_START 54 LF-FLRC-325-128 pktSize=128
2026-07-26T11:14:58.210208+00:00 PHASE_RESULT 54 LF-FLRC-325-128 pktSize=128 rx=0 unique=0 lost=100 per=100.0 rssi_avg=0 rssi_min=0 crc_err=0 garbage=0 tx_lat=0.00000 tx_lon=0.00000 sats=0 fix=0 utc=0 tx_fw=none rx_fw=unknown
PHASE_GUARD 500
PHASE_START 55 LF-FLRC-325-255 pktSize=255
2026-07-26T11:14:59.221022+00:00 PHASE_RESULT 55 LF-FLRC-325-255 pktSize=255 rx=0 unique=0 lost=100 per=100.0 rssi_avg=0 rssi_min=0 crc_err=0 garbage=0 tx_lat=0.00000 tx_lon=0.00000 sats=0 fix=0 utc=0 tx_fw=none rx_fw=unknown
2026-07-26T11:15:00.232202+00:00 PHASE_GUARD 500
LORA_CFG path=1 bw=0x0F sf=7
PHASE_START 0 HF-LoRa-SF7-32 pktSize=32
2026-07-26T11:15:01.235386+00:00 PHASE_RESULT 0 HF-LoRa-SF7-32 pktSize=32 rx=0 unique=0 lost=20 per=100.0 rssi_avg=0 rssi_min=0 crc_err=0 garbage=0 tx_lat=0.00000 tx_lon=0.00000 sats=0 fix=0 utc=0 tx_fw=none rx_fw=unknown
PHASE_GUARD 500
2026-07-26T11:15:02.245912+00:00 LORA_CFG path=1 bw=0x0F sf=7
PHASE_START 1 HF-LoRa-SF7-64 pktSize=64
TIME_SYNCED utc=1785064501 offset=1785062475
PHASE_RESULT 1 HF-LoRa-SF7-64 pktSize=64 rx=0 unique=0 lost=20 per=100.0 rssi_avg=0 rssi_min=0 crc_err=0 garbage=0 tx_lat=0.00000 tx_lon=0.00000 sats=0 fix=0 utc=0 tx_fw=none rx_fw=unknown
PHASE_GUARD 500
LORA_CFG path=1 bw=0x0F sf=7
PHASE_START 0 HF-LoRa-SF7-32 pktSize=32
PHASE_RESULT 0 HF-LoRa-SF7-32 pktSize=32 rx=0 unique=0 lost=20 per=100.0 rssi_avg=0 rssi_min=0 crc_err=0 garbage=0 tx_lat=0.00000 tx_lon=0.00000 sats=0 fix=0 utc=0 tx_fw=none rx_fw=unknown
PHASE_GUARD 500
2026-07-26T11:15:03.249231+00:00 LORA_CFG path=1 bw=0x0F sf=7
PHASE_START 1 HF-LoRa-SF7-64 pktSize=64
2026-07-26T11:15:04.256352+00:00 PHASE_RESULT 1 HF-LoRa-SF7-64 pktSize=64 rx=0 unique=0 lost=20 per=100.0 rssi_avg=0 rssi_min=0 crc_err=0 garbage=0 tx_lat=0.00000 tx_lon=0.00000 sats=0 fix=0 utc=0 tx_fw=none rx_fw=unknown
PHASE_GUARD 500
2026-07-26T11:15:05.260209+00:00 LORA_CFG path=1 bw=0x0F sf=7
PHASE_START 2 HF-LoRa-SF7-128 pktSize=128
TIME_SYNCED utc=1785064504 offset=1785062475
2026-07-26T11:15:06.263636+00:00 PHASE_RESULT 2 HF-LoRa-SF7-128 pktSize=128 rx=0 unique=0 lost=20 per=100.0 rssi_avg=0 rssi_min=0 crc_err=0 garbage=0 tx_lat=0.00000 tx_lon=0.00000 sats=0 fix=0 utc=0 tx_fw=none rx_fw=unknown
PHASE_GUARD 500
2026-07-26T11:15:07.276342+00:00 LORA_CFG path=1 bw=0x0F sf=7
PHASE_START 3 HF-LoRa-SF7-255 pktSize=255
2026-07-26T11:15:09.338410+00:00 PHASE_RESULT 3 HF-LoRa-SF7-255 pktSize=255 rx=0 unique=0 lost=20 per=100.0 rssi_avg=0 rssi_min=0 crc_err=0 garbage=0 tx_lat=0.00000 tx_lon=0.00000 sats=0 fix=0 utc=0 tx_fw=none rx_fw=unknown
PHASE_GUARD 500
LORA_CFG path=1 bw=0x0F sf=9
2026-07-26T11:15:10.350014+00:00 PHASE_START 4 HF-LoRa-SF9-32 pktSize=32
2026-07-26T11:15:11.368301+00:00 PHASE_RESULT 4 HF-LoRa-SF9-32 pktSize=32 rx=0 unique=0 lost=20 per=100.0 rssi_avg=0 rssi_min=0 crc_err=0 garbage=0 tx_lat=0.00000 tx_lon=0.00000 sats=0 fix=0 utc=0 tx_fw=none rx_fw=unknown
PHASE_GUARD 500
LORA_CFG path=1 bw=0x0F sf=9
PHASE_START 5 HF-LoRa-SF9-64 pktSize=64
2026-07-26T11:15:12.382268+00:00 TIME_SYNCED utc=1785064512 offset=1785062476
2026-07-26T11:15:13.392883+00:00 PHASE_RESULT 5 HF-LoRa-SF9-64 pktSize=64 rx=0 unique=0 lost=20 per=100.0 rssi_avg=0 rssi_min=0 crc_err=0 garbage=0 tx_lat=0.00000 tx_lon=0.00000 sats=0 fix=0 utc=0 tx_fw=none rx_fw=unknown
PHASE_GUARD 500
LORA_CFG path=1 bw=0x0F sf=9
PHASE_START 6 HF-LoRa-SF9-128 pktSize=128
2026-07-26T11:15:15.454267+00:00 TIME_SYNCED utc=1785064514 offset=1785062475
2026-07-26T11:15:18.563786+00:00 PHASE_RESULT 6 HF-LoRa-SF9-128 pktSize=128 rx=0 unique=0 lost=13 per=100.0 rssi_avg=0 rssi_min=0 crc_err=0 garbage=0 tx_lat=0.00000 tx_lon=0.00000 sats=0 fix=0 utc=0 tx_fw=none rx_fw=unknown
PHASE_GUARD 500
LORA_CFG path=1 bw=0x0F sf=9
PHASE_START 7 HF-LoRa-SF9-255 pktSize=255
2026-07-26T11:15:21.684711+00:00 PHASE_RESULT 7 HF-LoRa-SF9-255 pktSize=255 rx=0 unique=0 lost=6 per=100.0 rssi_avg=0 rssi_min=0 crc_err=0 garbage=0 tx_lat=0.00000 tx_lon=0.00000 sats=0 fix=0 utc=0 tx_fw=none rx_fw=unknown
PHASE_GUARD 500
LORA_CFG path=1 bw=0x0F sf=12
PHASE_START 8 HF-LoRa-SF12-32 pktSize=32
2026-07-26T11:15:22.702226+00:00 TIME_SYNCED utc=1785064522 offset=1785062476
2026-07-26T11:15:23.715011+00:00 PHASE_RESULT 8 HF-LoRa-SF12-32 pktSize=32 rx=0 unique=0 lost=2 per=100.0 rssi_avg=0 rssi_min=0 crc_err=0 garbage=0 tx_lat=0.00000 tx_lon=0.00000 sats=0 fix=0 utc=0 tx_fw=none rx_fw=unknown
PHASE_GUARD 500
LORA_CFG path=1 bw=0x0F sf=12
PHASE_START 9 HF-LoRa-SF12-64 pktSize=64
2026-07-26T11:15:25.770551+00:00 TIME_SYNCED utc=1785064524 offset=1785062475
2026-07-26T11:15:27.840948+00:00 PHASE_RESULT 9 HF-LoRa-SF12-64 pktSize=64 rx=0 unique=0 lost=1 per=100.0 rssi_avg=0 rssi_min=0 crc_err=0 garbage=0 tx_lat=0.00000 tx_lon=0.00000 sats=0 fix=0 utc=0 tx_fw=none rx_fw=unknown
PHASE_GUARD 500
LORA_CFG path=1 bw=0x0F sf=12
PHASE_START 10 HF-LoRa-SF12-128 pktSize=128
2026-07-26T11:15:33.058212+00:00 TIME_SYNCED utc=1785064532 offset=1785062476
PHASE_RESULT 10 HF-LoRa-SF12-128 pktSize=128 rx=0 unique=0 lost=1 per=100.0 rssi_avg=0 rssi_min=0 crc_err=0 garbage=0 tx_lat=0.00000 tx_lon=0.00000 sats=0 fix=0 utc=0 tx_fw=none rx_fw=unknown
PHASE_GUARD 500
LORA_CFG path=1 bw=0x0F sf=12
PHASE_START 11 HF-LoRa-SF12-255 pktSize=255
2026-07-26T11:15:36.169204+00:00 TIME_SYNCED utc=1785064535 offset=1785062476
2026-07-26T11:15:41.376432+00:00 PHASE_RESULT 11 HF-LoRa-SF12-255 pktSize=255 rx=0 unique=0 lost=1 per=100.0 rssi_avg=0 rssi_min=0 crc_err=0 garbage=0 tx_lat=0.00000 tx_lon=0.00000 sats=0 fix=0 utc=0 tx_fw=none rx_fw=unknown
PHASE_GUARD 500
PHASE_START 12 HF-FLRC-2600-32 pktSize=32
SYNC_NOT_FOUND first4=271D9FE6
2026-07-26T11:15:42.389038+00:00 SYNC_NOT_FOUND first4=96589AA2
SYNC_NOT_FOUND first4=370A2449
SYNC_NOT_FOUND first4=E6E02021
SYNC_NOT_FOUND first4=C963716C
TIME_SYNCED utc=1785064542 offset=1785062476
SYNC_NOT_FOUND first4=F7B192C0
SYNC_NOT_FOUND first4=2A318C28
SYNC_NOT_FOUND first4=BD6CF69E
2026-07-26T11:15:43.399657+00:00 SYNC_NOT_FOUND first4=81AA8406
SYNC_NOT_FOUND first4=DC8F11E9
SYNC_NOT_FOUND first4=761D9FD7
SYNC_NOT_FOUND first4=CFA84181
SYNC_NOT_FOUND first4=644749FB
SYNC_NOT_FOUND first4=A431A211
SYNC_NOT_FOUND first4=1AB5EB4D
PHASE_RESULT 12 HF-FLRC-2600-32 pktSize=32 rx=0 unique=0 lost=100 per=100.0 rssi_avg=0 rssi_min=0 crc_err=0 garbage=15 tx_lat=0.00000 tx_lon=0.00000 sats=0 fix=0 utc=0 tx_fw=none rx_fw=unknown
PHASE_GUARD 500
PHASE_START 13 HF-FLRC-2600-64 pktSize=64
2026-07-26T11:15:44.410243+00:00 SYNC_NOT_FOUND first4=ABB7A26A
SYNC_NOT_FOUND first4=56BDB312
SYNC_NOT_FOUND first4=2C70E992
SYNC_NOT_FOUND first4=9BC997F4
SYNC_NOT_FOUND first4=6726342E
SYNC_NOT_FOUND first4=C01D06C5
SYNC_NOT_FOUND first4=425784A5
2026-07-26T11:15:45.420808+00:00 SYNC_NOT_FOUND first4=2A9468E8
SYNC_NOT_FOUND first4=49EC654E
SYNC_NOT_FOUND first4=062A7B3B
SYNC_NOT_FOUND first4=FCA6C8A4
SYNC_NOT_FOUND first4=30C80D6F
SYNC_NOT_FOUND first4=927CF12D
PHASE_RESULT 13 HF-FLRC-2600-64 pktSize=64 rx=0 unique=0 lost=100 per=100.0 rssi_avg=0 rssi_min=0 crc_err=0 garbage=13 tx_lat=0.00000 tx_lon=0.00000 sats=0 fix=0 utc=0 tx_fw=none rx_fw=unknown
PHASE_GUARD 500
PHASE_START 14 HF-FLRC-2600-128 pktSize=128
2026-07-26T11:15:46.438814+00:00 TIME_SYNCED utc=1785064545 offset=1785062475
PHASE_RESULT 14 HF-FLRC-2600-128 pktSize=128 rx=0 unique=0 lost=100 per=100.0 rssi_avg=0 rssi_min=0 crc_err=0 garbage=0 tx_lat=0.00000 tx_lon=0.00000 sats=0 fix=0 utc=0 tx_fw=none rx_fw=unknown
PHASE_GUARD 500
PHASE_START 13 HF-FLRC-2600-64 pktSize=64
SYNC_NOT_FOUND first4=3489CCC9
SYNC_NOT_FOUND first4=95BCD803
SYNC_NOT_FOUND first4=0D0791D0
SYNC_NOT_FOUND first4=0B96DE3B
SYNC_NOT_FOUND first4=84905365
PHASE_RESULT 13 HF-FLRC-2600-64 pktSize=64 rx=0 unique=0 lost=100 per=100.0 rssi_avg=0 rssi_min=0 crc_err=0 garbage=5 tx_lat=0.00000 tx_lon=0.00000 sats=0 fix=0 utc=0 tx_fw=none rx_fw=unknown
PHASE_GUARD 500
PHASE_START 14 HF-FLRC-2600-128 pktSize=128
SYNC_NOT_FOUND first4=6F528E5F
2026-07-26T11:15:47.449528+00:00 SYNC_NOT_FOUND first4=5DE44DB7
SYNC_NOT_FOUND first4=704F0668
SYNC_NOT_FOUND first4=19E15248
SYNC_NOT_FOUND first4=E9B08CB9
2026-07-26T11:15:48.469677+00:00 SYNC_NOT_FOUND first4=418EE866
SYNC_NOT_FOUND first4=927914C0
SYNC_NOT_FOUND first4=5E2D9028
SYNC_NOT_FOUND first4=B65E1235
SYNC_NOT_FOUND first4=6A25A9A0
SYNC_NOT_FOUND first4=140643D7
SYNC_NOT_FOUND first4=AF9D2AC9
PHASE_RESULT 14 HF-FLRC-2600-128 pktSize=128 rx=0 unique=0 lost=100 per=100.0 rssi_avg=0 rssi_min=0 crc_err=0 garbage=12 tx_lat=0.00000 tx_lon=0.00000 sats=0 fix=0 utc=0 tx_fw=none rx_fw=unknown
PHASE_GUARD 500
PHASE_START 15 HF-FLRC-2600-255 pktSize=255
2026-07-26T11:15:49.478668+00:00 SYNC_NOT_FOUND first4=AB5735D8
SYNC_NOT_FOUND first4=9845102A
SYNC_NOT_FOUND first4=FF34609E
SYNC_NOT_FOUND first4=9B7AEFD7
SYNC_NOT_FOUND first4=44428010
SYNC_NOT_FOUND first4=7842D63E
SYNC_NOT_FOUND first4=2B14A440
2026-07-26T11:15:50.489703+00:00 SYNC_NOT_FOUND first4=9892FED2
SYNC_NOT_FOUND first4=55DD24E1
SYNC_NOT_FOUND first4=AD87C4F5
SYNC_NOT_FOUND first4=6F85B44B
SYNC_NOT_FOUND first4=08B4B95B
PHASE_RESULT 15 HF-FLRC-2600-255 pktSize=255 rx=0 unique=0 lost=100 per=100.0 rssi_avg=0 rssi_min=0 crc_err=0 garbage=12 tx_lat=0.00000 tx_lon=0.00000 sats=0 fix=0 utc=0 tx_fw=none rx_fw=unknown
PHASE_GUARD 500
PHASE_START 16 HF-FLRC-1300-32 pktSize=32
SYNC_NOT_FOUND first4=182119E4
SYNC_NOT_FOUND first4=887AA2DA
SYNC_NOT_FOUND first4=C8EAC19D
2026-07-26T11:15:51.508720+00:00 SYNC_NOT_FOUND first4=259306D3
SYNC_NOT_FOUND first4=908CA8E9
SYNC_NOT_FOUND first4=C0F3FD6A
2026-07-26T11:15:52.519301+00:00 SYNC_NOT_FOUND first4=1665998A
TIME_SYNCED utc=1785064552 offset=1785062476
PHASE_RESULT 16 HF-FLRC-1300-32 pktSize=32 rx=0 unique=0 lost=100 per=100.0 rssi_avg=0 rssi_min=0 crc_err=0 garbage=7 tx_lat=0.00000 tx_lon=0.00000 sats=0 fix=0 utc=0 tx_fw=none rx_fw=unknown
PHASE_GUARD 500
PHASE_START 17 HF-FLRC-1300-64 pktSize=64
SYNC_NOT_FOUND first4=7930095E
2026-07-26T11:15:53.537736+00:00 SYNC_NOT_FOUND first4=83264F31
PHASE_RESULT 17 HF-FLRC-1300-64 pktSize=64 rx=0 unique=0 lost=100 per=100.0 rssi_avg=0 rssi_min=0 crc_err=0 garbage=2 tx_lat=0.00000 tx_lon=0.00000 sats=0 fix=0 utc=0 tx_fw=none rx_fw=unknown
PHASE_GUARD 500
PHASE_START 18 HF-FLRC-1300-128 pktSize=128
SYNC_NOT_FOUND first4=89B78E91
2026-07-26T11:15:54.545347+00:00 SYNC_NOT_FOUND first4=605AF235
SYNC_NOT_FOUND first4=4E23A8BE
SYNC_NOT_FOUND first4=77F989D8
SYNC_NOT_FOUND first4=613C819D
SYNC_NOT_FOUND first4=FF6930E0
SYNC_NOT_FOUND first4=9BE11521
2026-07-26T11:15:55.562191+00:00 SYNC_NOT_FOUND first4=7B78E8C7
SYNC_NOT_FOUND first4=E020013D
PHASE_RESULT 18 HF-FLRC-1300-128 pktSize=128 rx=0 unique=0 lost=100 per=100.0 rssi_avg=0 rssi_min=0 crc_err=0 garbage=9 tx_lat=0.00000 tx_lon=0.00000 sats=0 fix=0 utc=0 tx_fw=none rx_fw=unknown
PHASE_GUARD 500
PHASE_START 19 HF-FLRC-1300-255 pktSize=255
SYNC_NOT_FOUND first4=AD4FD16D
2026-07-26T11:15:56.584720+00:00 TIME_SYNCED utc=1785064555 offset=1785062475
PHASE_RESULT 19 HF-FLRC-1300-255 pktSize=255 rx=0 unique=0 lost=100 per=100.0 rssi_avg=0 rssi_min=0 crc_err=0 garbage=1 tx_lat=0.00000 tx_lon=0.00000 sats=0 fix=0 utc=0 tx_fw=none rx_fw=unknown
PHASE_GUARD 500
PHASE_START 18 HF-FLRC-1300-128 pktSize=128
SYNC_NOT_FOUND first4=442D2B44
SYNC_NOT_FOUND first4=7B87D8D8
PHASE_RESULT 18 HF-FLRC-1300-128 pktSize=128 rx=0 unique=0 lost=100 per=100.0 rssi_avg=0 rssi_min=0 crc_err=0 garbage=2 tx_lat=0.00000 tx_lon=0.00000 sats=0 fix=0 utc=0 tx_fw=none rx_fw=unknown
PHASE_GUARD 500
PHASE_START 19 HF-FLRC-1300-255 pktSize=255
2026-07-26T11:15:57.596703+00:00 SYNC_NOT_FOUND first4=46051266
2026-07-26T11:15:58.618596+00:00 SYNC_NOT_FOUND first4=A179B691
SYNC_NOT_FOUND first4=2000A5EE
SYNC_NOT_FOUND first4=5E96D581
SYNC_NOT_FOUND first4=C3249716
SYNC_NOT_FOUND first4=79FC4955
PHASE_RESULT 19 HF-FLRC-1300-255 pktSize=255 rx=0 unique=0 lost=100 per=100.0 rssi_avg=0 rssi_min=0 crc_err=0 garbage=6 tx_lat=0.00000 tx_lon=0.00000 sats=0 fix=0 utc=0 tx_fw=none rx_fw=unknown
PHASE_GUARD 500
PHASE_START 20 HF-FLRC-650-32 pktSize=32
SYNC_NOT_FOUND first4=18414641
SYNC_NOT_FOUND first4=891B13BB
SYNC_NOT_FOUND first4=1E24A5A9
SYNC_NOT_FOUND first4=4578CCC3
SYNC_NOT_FOUND first4=03C2D838
SYNC_NOT_FOUND first4=48AB0501
SYNC_NOT_FOUND first4=397F13D5
SYNC_NOT_FOUND first4=F6061FCB
2026-07-26T11:15:59.629503+00:00 SYNC_NOT_FOUND first4=DD844CA1
SYNC_NOT_FOUND first4=D656A420
SYNC_NOT_FOUND first4=B383CD10
SYNC_NOT_FOUND first4=994A0462
SYNC_NOT_FOUND first4=03001065
SYNC_NOT_FOUND first4=4DC20D3C
SYNC_NOT_FOUND first4=74A049FD
SYNC_NOT_FOUND first4=A2DDC186
SYNC_NOT_FOUND first4=21D273D9
SYNC_NOT_FOUND first4=7A9E9C24
SYNC_NOT_FOUND first4=2AFDC445
SYNC_NOT_FOUND first4=2B4B729E
SYNC_NOT_FOUND first4=9E6E622F
SYNC_NOT_FOUND first4=A86BD364
SYNC_NOT_FOUND first4=706EB719
2026-07-26T11:16:00.640113+00:00 SYNC_NOT_FOUND first4=78C93D17
SYNC_NOT_FOUND first4=C5A87AB3
SYNC_NOT_FOUND first4=30BCA768
SYNC_NOT_FOUND first4=AB2479F0
SYNC_NOT_FOUND first4=5973D055
SYNC_NOT_FOUND first4=EE7CFCAC
SYNC_NOT_FOUND first4=B5D9CD71
SYNC_NOT_FOUND first4=77AD4A5A
SYNC_NOT_FOUND first4=45A0348E
SYNC_NOT_FOUND first4=793C2723
SYNC_NOT_FOUND first4=465F5C34
SYNC_NOT_FOUND first4=9D0269A8
SYNC_NOT_FOUND first4=1F431739
SYNC_NOT_FOUND first4=0BD6D0A2
SYNC_NOT_FOUND first4=58857311
SYNC_NOT_FOUND first4=CC2D03B8
SYNC_NOT_FOUND first4=4CA8CD86
SYNC_NOT_FOUND first4=ED9D4862
PHASE_RESULT 20 HF-FLRC-650-32 pktSize=32 rx=0 unique=0 lost=100 per=100.0 rssi_avg=0 rssi_min=0 crc_err=0 garbage=41 tx_lat=0.00000 tx_lon=0.00000 sats=0 fix=0 utc=0 tx_fw=none rx_fw=unknown
PHASE_GUARD 500
PHASE_START 21 HF-FLRC-650-64 pktSize=64
SYNC_NOT_FOUND first4=4FB6403A
SYNC_NOT_FOUND first4=EF4D191A
SYNC_NOT_FOUND first4=98C69EC6
SYNC_NOT_FOUND first4=9A6169A4
SYNC_NOT_FOUND first4=E5704710
SYNC_NOT_FOUND first4=855CD8E7
2026-07-26T11:16:01.655817+00:00 SYNC_NOT_FOUND first4=545040CB
SYNC_NOT_FOUND first4=BE53B601
SYNC_NOT_FOUND first4=5572486D
SYNC_NOT_FOUND first4=2A67DB0F
SYNC_NOT_FOUND first4=6883F030
SYNC_NOT_FOUND first4=AE3D825C
SYNC_NOT_FOUND first4=A2EFEC67
SYNC_NOT_FOUND first4=7D2F8D9F
SYNC_NOT_FOUND first4=0E686EBD
SYNC_NOT_FOUND first4=097490A1
SYNC_NOT_FOUND first4=25310677
SYNC_NOT_FOUND first4=18826951
SYNC_NOT_FOUND first4=198BDCAE
SYNC_NOT_FOUND first4=1DC77DC9
SYNC_NOT_FOUND first4=A92074C8
SYNC_NOT_FOUND first4=B1A57FF0
SYNC_NOT_FOUND first4=F16CB6A3
SYNC_NOT_FOUND first4=2B6D788E
SYNC_NOT_FOUND first4=E559C3C6
2026-07-26T11:16:02.663129+00:00 SYNC_NOT_FOUND first4=A6FFC9B6
SYNC_NOT_FOUND first4=56F32762
SYNC_NOT_FOUND first4=5ED74865
SYNC_NOT_FOUND first4=B8910AA0
SYNC_NOT_FOUND first4=F36E5E1D
SYNC_NOT_FOUND first4=48310018
SYNC_NOT_FOUND first4=2573674D
SYNC_NOT_FOUND first4=078C6CBE
SYNC_NOT_FOUND first4=E436E62E
SYNC_NOT_FOUND first4=21F9D21E
TIME_SYNCED utc=1785064562 offset=1785062476
PHASE_RESULT 21 HF-FLRC-650-64 pktSize=64 rx=0 unique=0 lost=100 per=100.0 rssi_avg=0 rssi_min=0 crc_err=0 garbage=35 tx_lat=0.00000 tx_lon=0.00000 sats=0 fix=0 utc=0 tx_fw=none rx_fw=unknown
PHASE_GUARD 500
PHASE_START 22 HF-FLRC-650-128 pktSize=128
SYNC_NOT_FOUND first4=4614CE44
SYNC_NOT_FOUND first4=3A6C0FE7
SYNC_NOT_FOUND first4=629290A1
SYNC_NOT_FOUND first4=6C11BC9D
SYNC_NOT_FOUND first4=E18BD7B9
2026-07-26T11:16:03.687699+00:00 SYNC_NOT_FOUND first4=2F074038
SYNC_NOT_FOUND first4=F7630064
SYNC_NOT_FOUND first4=666AE2BA
SYNC_NOT_FOUND first4=D9DE9536
SYNC_NOT_FOUND first4=F9091D1F
SYNC_NOT_FOUND first4=66D3A118
SYNC_NOT_FOUND first4=EB7843B1
SYNC_NOT_FOUND first4=0CF9DC72
SYNC_NOT_FOUND first4=3772D4BF
SYNC_NOT_FOUND first4=D8C62895
SYNC_NOT_FOUND first4=235329B7
SYNC_NOT_FOUND first4=95BAB308
SYNC_NOT_FOUND first4=0FA0B434
PHASE_RESULT 22 HF-FLRC-650-128 pktSize=128 rx=0 unique=0 lost=100 per=100.0 rssi_avg=0 rssi_min=0 crc_err=0 garbage=18 tx_lat=0.00000 tx_lon=0.00000 sats=0 fix=0 utc=0 tx_fw=none rx_fw=unknown
PHASE_GUARD 500
PHASE_START 23 HF-FLRC-650-255 pktSize=255
SYNC_NOT_FOUND first4=48509657
SYNC_NOT_FOUND first4=18D537CD
SYNC_NOT_FOUND first4=2EB0D2BC
SYNC_NOT_FOUND first4=DD4665AA
SYNC_NOT_FOUND first4=2C36733B
SYNC_NOT_FOUND first4=3279AC68
SYNC_NOT_FOUND first4=F22F32DB
SYNC_NOT_FOUND first4=2DA866C9
SYNC_NOT_FOUND first4=AD7C4014
2026-07-26T11:16:04.698662+00:00 SYNC_NOT_FOUND first4=44790494
SYNC_NOT_FOUND first4=3032F314
SYNC_NOT_FOUND first4=BF4DE1B0
SYNC_NOT_FOUND first4=D330BDE5
SYNC_NOT_FOUND first4=3F055120
SYNC_NOT_FOUND first4=DB994116
SYNC_NOT_FOUND first4=9974D971
SYNC_NOT_FOUND first4=291253FE
SYNC_NOT_FOUND first4=233C65E4
SYNC_NOT_FOUND first4=77B3DF30
SYNC_NOT_FOUND first4=F41DAA03
SYNC_NOT_FOUND first4=587029D3
SYNC_NOT_FOUND first4=05ECD2BD
SYNC_NOT_FOUND first4=BA0FA88D
SYNC_NOT_FOUND first4=B0886D0F
SYNC_NOT_FOUND first4=E5FD7F7E
2026-07-26T11:16:05.711617+00:00 SYNC_NOT_FOUND first4=95EE8A35
SYNC_NOT_FOUND first4=A034D568
SYNC_NOT_FOUND first4=72123D65
SYNC_NOT_FOUND first4=DD48DF8A
SYNC_NOT_FOUND first4=46FADBC0
SYNC_NOT_FOUND first4=3A266C70
SYNC_NOT_FOUND first4=F46F45EC
SYNC_NOT_FOUND first4=A057E066
SYNC_NOT_FOUND first4=59F4718A
SYNC_NOT_FOUND first4=35EAD6A7
SYNC_NOT_FOUND first4=634C8B64
SYNC_NOT_FOUND first4=A314631F
SYNC_NOT_FOUND first4=7679F6A7
SYNC_NOT_FOUND first4=55A66432
PHASE_RESULT 23 HF-FLRC-650-255 pktSize=255 rx=0 unique=0 lost=100 per=100.0 rssi_avg=0 rssi_min=0 crc_err=0 garbage=39 tx_lat=0.00000 tx_lon=0.00000 sats=0 fix=0 utc=0 tx_fw=none rx_fw=unknown
PHASE_GUARD 500
PHASE_START 24 HF-FLRC-325-32 pktSize=32
SYNC_NOT_FOUND first4=71493D78
SYNC_NOT_FOUND first4=712E013C
SYNC_NOT_FOUND first4=50E62865
2026-07-26T11:16:06.730075+00:00 TIME_SYNCED utc=1785064565 offset=1785062475
PHASE_RESULT 24 HF-FLRC-325-32 pktSize=32 rx=0 unique=0 lost=100 per=100.0 rssi_avg=0 rssi_min=0 crc_err=0 garbage=3 tx_lat=0.00000 tx_lon=0.00000 sats=0 fix=0 utc=0 tx_fw=none rx_fw=unknown
PHASE_GUARD 500
PHASE_START 23 HF-FLRC-650-255 pktSize=255
SYNC_NOT_FOUND first4=350936BB
SYNC_NOT_FOUND first4=32C6C2C4
PHASE_RESULT 23 HF-FLRC-650-255 pktSize=255 rx=0 unique=0 lost=100 per=100.0 rssi_avg=0 rssi_min=0 crc_err=0 garbage=2 tx_lat=0.00000 tx_lon=0.00000 sats=0 fix=0 utc=0 tx_fw=none rx_fw=unknown
PHASE_GUARD 500
PHASE_START 24 HF-FLRC-325-32 pktSize=32
2026-07-26T11:16:07.741419+00:00 SYNC_NOT_FOUND first4=2D3B80E4
2026-07-26T11:16:08.767191+00:00 SYNC_NOT_FOUND first4=FE3D3664
SYNC_NOT_FOUND first4=07C9B1BA
PHASE_RESULT 24 HF-FLRC-325-32 pktSize=32 rx=0 unique=0 lost=100 per=100.0 rssi_avg=0 rssi_min=0 crc_err=0 garbage=3 tx_lat=0.00000 tx_lon=0.00000 sats=0 fix=0 utc=0 tx_fw=none rx_fw=unknown
PHASE_GUARD 500
PHASE_START 25 HF-FLRC-325-64 pktSize=64
SYNC_NOT_FOUND first4=99EB9062
SYNC_NOT_FOUND first4=413C1448
2026-07-26T11:16:09.778684+00:00 SYNC_NOT_FOUND first4=40D8436E
SYNC_NOT_FOUND first4=68D1B182
SYNC_NOT_FOUND first4=A8DB0D0D
2026-07-26T11:16:10.790183+00:00 SYNC_NOT_FOUND first4=CA10BB3D
SYNC_NOT_FOUND first4=D9E8FB1E
PHASE_RESULT 25 HF-FLRC-325-64 pktSize=64 rx=0 unique=0 lost=100 per=100.0 rssi_avg=0 rssi_min=0 crc_err=0 garbage=7 tx_lat=0.00000 tx_lon=0.00000 sats=0 fix=0 utc=0 tx_fw=none rx_fw=unknown
PHASE_GUARD 500
PHASE_START 26 HF-FLRC-325-128 pktSize=128
2026-07-26T11:16:11.809306+00:00 SYNC_NOT_FOUND first4=E0624A36
2026-07-26T11:16:12.820431+00:00 TIME_SYNCED utc=1785064572 offset=1785062476
PHASE_RESULT 26 HF-FLRC-325-128 pktSize=128 rx=0 unique=0 lost=100 per=100.0 rssi_avg=0 rssi_min=0 crc_err=0 garbage=1 tx_lat=0.00000 tx_lon=0.00000 sats=0 fix=0 utc=0 tx_fw=none rx_fw=unknown
PHASE_GUARD 500
PHASE_START 27 HF-FLRC-325-255 pktSize=255
SYNC_NOT_FOUND first4=BBC0C4AF
SYNC_NOT_FOUND first4=61B1CD5A
SYNC_NOT_FOUND first4=0310CD40
SYNC_NOT_FOUND first4=A574E782
SYNC_NOT_FOUND first4=51125008
2026-07-26T11:16:13.836353+00:00 SYNC_NOT_FOUND first4=2AA7CF15
SYNC_NOT_FOUND first4=1FA785E6
SYNC_NOT_FOUND first4=10174FC4
PHASE_RESULT 27 HF-FLRC-325-255 pktSize=255 rx=0 unique=0 lost=100 per=100.0 rssi_avg=0 rssi_min=0 crc_err=0 garbage=8 tx_lat=0.00000 tx_lon=0.00000 sats=0 fix=0 utc=0 tx_fw=none rx_fw=unknown
PHASE_GUARD 500
LORA_CFG path=0 bw=0x05 sf=7
PHASE_START 28 LF-LoRa-SF7-32 pktSize=32
2026-07-26T11:16:15.899028+00:00 PHASE_RESULT 28 LF-LoRa-SF7-32 pktSize=32 rx=0 unique=0 lost=20 per=100.0 rssi_avg=0 rssi_min=0 crc_err=0 garbage=0 tx_lat=0.00000 tx_lon=0.00000 sats=0 fix=0 utc=0 tx_fw=none rx_fw=unknown
PHASE_GUARD 500
LORA_CFG path=0 bw=0x05 sf=7
PHASE_START 29 LF-LoRa-SF7-64 pktSize=64
2026-07-26T11:16:16.918363+00:00 TIME_SYNCED utc=1785064575 offset=1785062475
PHASE_RESULT 29 LF-LoRa-SF7-64 pktSize=64 rx=0 unique=0 lost=20 per=100.0 rssi_avg=0 rssi_min=0 crc_err=0 garbage=0 tx_lat=0.00000 tx_lon=0.00000 sats=0 fix=0 utc=0 tx_fw=none rx_fw=unknown
PHASE_GUARD 500
LORA_CFG path=0 bw=0x05 sf=7
PHASE_START 28 LF-LoRa-SF7-32 pktSize=32
PHASE_RESULT 28 LF-LoRa-SF7-32 pktSize=32 rx=0 unique=0 lost=20 per=100.0 rssi_avg=0 rssi_min=0 crc_err=0 garbage=0 tx_lat=0.00000 tx_lon=0.00000 sats=0 fix=0 utc=0 tx_fw=none rx_fw=unknown
PHASE_GUARD 500
LORA_CFG path=0 bw=0x05 sf=7
PHASE_START 29 LF-LoRa-SF7-64 pktSize=64
2026-07-26T11:16:20.032290+00:00 PHASE_RESULT 29 LF-LoRa-SF7-64 pktSize=64 rx=0 unique=0 lost=20 per=100.0 rssi_avg=0 rssi_min=0 crc_err=0 garbage=0 tx_lat=0.00000 tx_lon=0.00000 sats=0 fix=0 utc=0 tx_fw=none rx_fw=unknown
PHASE_GUARD 500
LORA_CFG path=0 bw=0x05 sf=7
PHASE_START 30 LF-LoRa-SF7-128 pktSize=128
2026-07-26T11:16:23.147960+00:00 TIME_SYNCED utc=1785064582 offset=1785062476
PHASE_RESULT 30 LF-LoRa-SF7-128 pktSize=128 rx=0 unique=0 lost=13 per=100.0 rssi_avg=0 rssi_min=0 crc_err=0 garbage=0 tx_lat=0.00000 tx_lon=0.00000 sats=0 fix=0 utc=0 tx_fw=none rx_fw=unknown
PHASE_GUARD 500
LORA_CFG path=0 bw=0x05 sf=7
PHASE_START 31 LF-LoRa-SF7-255 pktSize=255
2026-07-26T11:16:26.264392+00:00 PHASE_RESULT 31 LF-LoRa-SF7-255 pktSize=255 rx=0 unique=0 lost=7 per=100.0 rssi_avg=0 rssi_min=0 crc_err=0 garbage=0 tx_lat=0.00000 tx_lon=0.00000 sats=0 fix=0 utc=0 tx_fw=none rx_fw=unknown
PHASE_GUARD 500
2026-07-26T11:16:27.278004+00:00 LORA_CFG path=0 bw=0x05 sf=9
PHASE_START 32 LF-LoRa-SF9-32 pktSize=32
TIME_SYNCED utc=1785064586 offset=1785062475
PHASE_RESULT 32 LF-LoRa-SF9-32 pktSize=32 rx=0 unique=0 lost=7 per=100.0 rssi_avg=0 rssi_min=0 crc_err=0 garbage=0 tx_lat=0.00000 tx_lon=0.00000 sats=0 fix=0 utc=0 tx_fw=none rx_fw=unknown
PHASE_GUARD 500
LORA_CFG path=0 bw=0x05 sf=7
PHASE_START 31 LF-LoRa-SF7-255 pktSize=255
PHASE_RESULT 31 LF-LoRa-SF7-255 pktSize=255 rx=0 unique=0 lost=7 per=100.0 rssi_avg=0 rssi_min=0 crc_err=0 garbage=0 tx_lat=0.00000 tx_lon=0.00000 sats=0 fix=0 utc=0 tx_fw=none rx_fw=unknown
PHASE_GUARD 500
LORA_CFG path=0 bw=0x05 sf=9
2026-07-26T11:16:28.289359+00:00 PHASE_START 32 LF-LoRa-SF9-32 pktSize=32
2026-07-26T11:16:31.410987+00:00 PHASE_RESULT 32 LF-LoRa-SF9-32 pktSize=32 rx=0 unique=0 lost=7 per=100.0 rssi_avg=0 rssi_min=0 crc_err=0 garbage=0 tx_lat=0.00000 tx_lon=0.00000 sats=0 fix=0 utc=0 tx_fw=none rx_fw=unknown
PHASE_GUARD 500
LORA_CFG path=0 bw=0x05 sf=9
PHASE_START 33 LF-LoRa-SF9-64 pktSize=64
2026-07-26T11:16:32.426495+00:00 TIME_SYNCED utc=1785064592 offset=1785062475
2026-07-26T11:16:34.491042+00:00 PHASE_RESULT 33 LF-LoRa-SF9-64 pktSize=64 rx=0 unique=0 lost=3 per=100.0 rssi_avg=0 rssi_min=0 crc_err=0 garbage=0 tx_lat=0.00000 tx_lon=0.00000 sats=0 fix=0 utc=0 tx_fw=none rx_fw=unknown
PHASE_GUARD 500
LORA_CFG path=0 bw=0x05 sf=9
PHASE_START 34 LF-LoRa-SF9-128 pktSize=128
2026-07-26T11:16:36.556086+00:00 PHASE_RESULT 34 LF-LoRa-SF9-128 pktSize=128 rx=0 unique=0 lost=1 per=100.0 rssi_avg=0 rssi_min=0 crc_err=0 garbage=0 tx_lat=0.00000 tx_lon=0.00000 sats=0 fix=0 utc=0 tx_fw=none rx_fw=unknown
PHASE_GUARD 500
LORA_CFG path=0 bw=0x05 sf=9
PHASE_START 35 LF-LoRa-SF9-255 pktSize=255
2026-07-26T11:16:37.575359+00:00 TIME_SYNCED utc=1785064596 offset=1785062475
2026-07-26T11:16:40.688854+00:00 PHASE_RESULT 35 LF-LoRa-SF9-255 pktSize=255 rx=0 unique=0 lost=1 per=100.0 rssi_avg=0 rssi_min=0 crc_err=0 garbage=0 tx_lat=0.00000 tx_lon=0.00000 sats=0 fix=0 utc=0 tx_fw=none rx_fw=unknown
PHASE_GUARD 500
LORA_CFG path=0 bw=0x05 sf=12
PHASE_START 36 LF-LoRa-SF12-32 pktSize=32
2026-07-26T11:16:42.754416+00:00 TIME_SYNCED utc=1785064602 offset=1785062475
2026-07-26T11:16:47.979075+00:00 TIME_SYNCED utc=1785064606 offset=1785062475
2026-07-26T11:16:53.196144+00:00 TIME_SYNCED utc=1785064612 offset=1785062475
2026-07-26T11:16:55.261880+00:00 PHASE_RESULT 36 LF-LoRa-SF12-32 pktSize=32 rx=0 unique=0 lost=1 per=100.0 rssi_avg=0 rssi_min=0 crc_err=0 garbage=0 tx_lat=0.00000 tx_lon=0.00000 sats=0 fix=0 utc=0 tx_fw=none rx_fw=unknown
PHASE_GUARD 500
LORA_CFG path=0 bw=0x05 sf=12
2026-07-26T11:16:56.280208+00:00 PHASE_START 37 LF-LoRa-SF12-SKIP SKIP pktSize=64
PHASE_RESULT 37 LF-LoRa-SF12-SKIP pktSize=64 rx=0 unique=0 lost=0 per=0.0 rssi_avg=0 rssi_min=0 crc_err=0 garbage=0 tx_lat=0.00000 tx_lon=0.00000 sats=0 fix=0 utc=0 tx_fw=none rx_fw=unknown
PHASE_GUARD 500
LORA_CFG path=0 bw=0x05 sf=12
2026-07-26T11:16:57.298716+00:00 PHASE_START 38 LF-LoRa-SF12-SKIP SKIP pktSize=128
PHASE_RESULT 38 LF-LoRa-SF12-SKIP pktSize=128 rx=0 unique=0 lost=0 per=0.0 rssi_avg=0 rssi_min=0 crc_err=0 garbage=0 tx_lat=0.00000 tx_lon=0.00000 sats=0 fix=0 utc=0 tx_fw=none rx_fw=unknown
PHASE_GUARD 500
LORA_CFG path=0 bw=0x05 sf=12
2026-07-26T11:16:58.314851+00:00 PHASE_START 39 LF-LoRa-SF12-SKIP SKIP pktSize=255
TIME_SYNCED utc=1785064617 offset=1785062475
PHASE_RESULT 39 LF-LoRa-SF12-SKIP pktSize=255 rx=0 unique=0 lost=0 per=0.0 rssi_avg=0 rssi_min=0 crc_err=0 garbage=0 tx_lat=0.00000 tx_lon=0.00000 sats=0 fix=0 utc=0 tx_fw=none rx_fw=unknown
PHASE_GUARD 500
2026-07-26T11:16:59.325685+00:00 PHASE_START 40 LF-FLRC-2600-32 pktSize=32
SYNC_NOT_FOUND first4=D230CBE4
2026-07-26T11:17:00.345720+00:00 PHASE_RESULT 40 LF-FLRC-2600-32 pktSize=32 rx=0 unique=0 lost=100 per=100.0 rssi_avg=0 rssi_min=0 crc_err=0 garbage=1 tx_lat=0.00000 tx_lon=0.00000 sats=0 fix=0 utc=0 tx_fw=none rx_fw=unknown
PHASE_GUARD 500
PHASE_START 41 LF-FLRC-2600-64 pktSize=64
2026-07-26T11:17:01.358823+00:00 SYNC_NOT_FOUND first4=17C242E8
2026-07-26T11:17:02.369510+00:00 PHASE_RESULT 41 LF-FLRC-2600-64 pktSize=64 rx=0 unique=0 lost=100 per=100.0 rssi_avg=0 rssi_min=0 crc_err=0 garbage=1 tx_lat=0.00000 tx_lon=0.00000 sats=0 fix=0 utc=0 tx_fw=none rx_fw=unknown
PHASE_GUARD 500
PHASE_START 42 LF-FLRC-2600-128 pktSize=128
TIME_SYNCED utc=1785064622 offset=1785062475
SYNC_NOT_FOUND first4=B4122CD3
2026-07-26T11:17:03.387359+00:00 SYNC_NOT_FOUND first4=1F003E86
SYNC_NOT_FOUND first4=36DA0DBA
2026-07-26T11:17:04.401751+00:00 PHASE_RESULT 42 LF-FLRC-2600-128 pktSize=128 rx=0 unique=0 lost=100 per=100.0 rssi_avg=0 rssi_min=0 crc_err=0 garbage=3 tx_lat=0.00000 tx_lon=0.00000 sats=0 fix=0 utc=0 tx_fw=none rx_fw=unknown
PHASE_GUARD 500
PHASE_START 43 LF-FLRC-2600-255 pktSize=255
2026-07-26T11:17:05.417350+00:00 SYNC_NOT_FOUND first4=88222D06
2026-07-26T11:17:06.428198+00:00 PHASE_RESULT 43 LF-FLRC-2600-255 pktSize=255 rx=0 unique=0 lost=100 per=100.0 rssi_avg=0 rssi_min=0 crc_err=0 garbage=1 tx_lat=0.00000 tx_lon=0.00000 sats=0 fix=0 utc=0 tx_fw=none rx_fw=unknown
PHASE_GUARD 500
PHASE_START 44 LF-FLRC-1300-32 pktSize=32
2026-07-26T11:17:08.489816+00:00 TIME_SYNCED utc=1785064627 offset=1785062475
PHASE_RESULT 44 LF-FLRC-1300-32 pktSize=32 rx=0 unique=0 lost=100 per=100.0 rssi_avg=0 rssi_min=0 crc_err=0 garbage=0 tx_lat=0.00000 tx_lon=0.00000 sats=0 fix=0 utc=0 tx_fw=none rx_fw=unknown
PHASE_GUARD 500
PHASE_START 45 LF-FLRC-1300-64 pktSize=64
SYNC_NOT_FOUND first4=75BB83DF
2026-07-26T11:17:09.510063+00:00 SYNC_NOT_FOUND first4=8C52E02F
SYNC_NOT_FOUND first4=9CE486EA
2026-07-26T11:17:10.528075+00:00 PHASE_RESULT 45 LF-FLRC-1300-64 pktSize=64 rx=0 unique=0 lost=100 per=100.0 rssi_avg=0 rssi_min=0 crc_err=0 garbage=3 tx_lat=0.00000 tx_lon=0.00000 sats=0 fix=0 utc=0 tx_fw=none rx_fw=unknown
PHASE_GUARD 500
PHASE_START 46 LF-FLRC-1300-128 pktSize=128
2026-07-26T11:17:12.590665+00:00 PHASE_RESULT 46 LF-FLRC-1300-128 pktSize=128 rx=0 unique=0 lost=100 per=100.0 rssi_avg=0 rssi_min=0 crc_err=0 garbage=0 tx_lat=0.00000 tx_lon=0.00000 sats=0 fix=0 utc=0 tx_fw=none rx_fw=unknown
PHASE_GUARD 500
PHASE_START 47 LF-FLRC-1300-255 pktSize=255
TIME_SYNCED utc=1785064632 offset=1785062475
2026-07-26T11:17:14.660905+00:00 PHASE_RESULT 47 LF-FLRC-1300-255 pktSize=255 rx=0 unique=0 lost=100 per=100.0 rssi_avg=0 rssi_min=0 crc_err=0 garbage=0 tx_lat=0.00000 tx_lon=0.00000 sats=0 fix=0 utc=0 tx_fw=none rx_fw=unknown
PHASE_GUARD 500
PHASE_START 48 LF-FLRC-650-32 pktSize=32
SYNC_NOT_FOUND first4=D60490F6
2026-07-26T11:17:15.676296+00:00 SYNC_NOT_FOUND first4=993FEE12
SYNC_NOT_FOUND first4=430C35B5
2026-07-26T11:17:16.689341+00:00 PHASE_RESULT 48 LF-FLRC-650-32 pktSize=32 rx=0 unique=0 lost=100 per=100.0 rssi_avg=0 rssi_min=0 crc_err=0 garbage=3 tx_lat=0.00000 tx_lon=0.00000 sats=0 fix=0 utc=0 tx_fw=none rx_fw=unknown
PHASE_GUARD 500
PHASE_START 49 LF-FLRC-650-64 pktSize=64
SYNC_NOT_FOUND first4=8FFDE3CA
SYNC_NOT_FOUND first4=5213965F
2026-07-26T11:17:17.700747+00:00 SYNC_NOT_FOUND first4=2720FB87
2026-07-26T11:17:18.721160+00:00 TIME_SYNCED utc=1785064637 offset=1785062475
SYNC_NOT_FOUND first4=CDEA0422
SYNC_NOT_FOUND first4=62F3F7A9
PHASE_RESULT 49 LF-FLRC-650-64 pktSize=64 rx=0 unique=0 lost=100 per=100.0 rssi_avg=0 rssi_min=0 crc_err=0 garbage=5 tx_lat=0.00000 tx_lon=0.00000 sats=0 fix=0 utc=0 tx_fw=none rx_fw=unknown
PHASE_GUARD 500
PHASE_START 50 LF-FLRC-650-128 pktSize=128
2026-07-26T11:17:19.732554+00:00 SYNC_NOT_FOUND first4=0544C9D8
2026-07-26T11:17:20.736803+00:00 PHASE_RESULT 50 LF-FLRC-650-128 pktSize=128 rx=0 unique=0 lost=100 per=100.0 rssi_avg=0 rssi_min=0 crc_err=0 garbage=1 tx_lat=0.00000 tx_lon=0.00000 sats=0 fix=0 utc=0 tx_fw=none rx_fw=unknown
PHASE_GUARD 500
PHASE_START 51 LF-FLRC-650-255 pktSize=255
2026-07-26T11:17:22.799219+00:00 PHASE_RESULT 51 LF-FLRC-650-255 pktSize=255 rx=0 unique=0 lost=100 per=100.0 rssi_avg=0 rssi_min=0 crc_err=0 garbage=0 tx_lat=0.00000 tx_lon=0.00000 sats=0 fix=0 utc=0 tx_fw=none rx_fw=unknown
PHASE_GUARD 500
PHASE_START 52 LF-FLRC-325-32 pktSize=32
TIME_SYNCED utc=1785064642 offset=1785062475
2026-07-26T11:17:24.869149+00:00 PHASE_RESULT 52 LF-FLRC-325-32 pktSize=32 rx=0 unique=0 lost=100 per=100.0 rssi_avg=0 rssi_min=0 crc_err=0 garbage=0 tx_lat=0.00000 tx_lon=0.00000 sats=0 fix=0 utc=0 tx_fw=none rx_fw=unknown
PHASE_GUARD 500
PHASE_START 53 LF-FLRC-325-64 pktSize=64
2026-07-26T11:17:26.936271+00:00 PHASE_RESULT 53 LF-FLRC-325-64 pktSize=64 rx=0 unique=0 lost=100 per=100.0 rssi_avg=0 rssi_min=0 crc_err=0 garbage=0 tx_lat=0.00000 tx_lon=0.00000 sats=0 fix=0 utc=0 tx_fw=none rx_fw=unknown
PHASE_GUARD 500
PHASE_START 54 LF-FLRC-325-128 pktSize=128
2026-07-26T11:17:28.999239+00:00 TIME_SYNCED utc=1785064647 offset=1785062475
PHASE_RESULT 54 LF-FLRC-325-128 pktSize=128 rx=0 unique=0 lost=100 per=100.0 rssi_avg=0 rssi_min=0 crc_err=0 garbage=0 tx_lat=0.00000 tx_lon=0.00000 sats=0 fix=0 utc=0 tx_fw=none rx_fw=unknown
PHASE_GUARD 500
PHASE_START 55 LF-FLRC-325-255 pktSize=255
2026-07-26T11:17:30.015290+00:00 SYNC_NOT_FOUND first4=E6756DA1
2026-07-26T11:17:31.034902+00:00 PHASE_RESULT 55 LF-FLRC-325-255 pktSize=255 rx=0 unique=0 lost=100 per=100.0 rssi_avg=0 rssi_min=0 crc_err=0 garbage=1 tx_lat=0.00000 tx_lon=0.00000 sats=0 fix=0 utc=0 tx_fw=none rx_fw=unknown
PHASE_GUARD 500
LORA_CFG path=1 bw=0x0F sf=7
PHASE_START 0 HF-LoRa-SF7-32 pktSize=32
2026-07-26T11:17:33.098316+00:00 PHASE_RESULT 0 HF-LoRa-SF7-32 pktSize=32 rx=0 unique=0 lost=20 per=100.0 rssi_avg=0 rssi_min=0 crc_err=0 garbage=0 tx_lat=0.00000 tx_lon=0.00000 sats=0 fix=0 utc=0 tx_fw=none rx_fw=unknown
PHASE_GUARD 500
LORA_CFG path=1 bw=0x0F sf=7
PHASE_START 1 HF-LoRa-SF7-64 pktSize=64
TIME_SYNCED utc=1785064652 offset=1785062475
2026-07-26T11:17:35.161352+00:00 PHASE_RESULT 1 HF-LoRa-SF7-64 pktSize=64 rx=0 unique=0 lost=20 per=100.0 rssi_avg=0 rssi_min=0 crc_err=0 garbage=0 tx_lat=0.00000 tx_lon=0.00000 sats=0 fix=0 utc=0 tx_fw=none rx_fw=unknown
PHASE_GUARD 500
LORA_CFG path=1 bw=0x0F sf=7
PHASE_START 2 HF-LoRa-SF7-128 pktSize=128
2026-07-26T11:17:36.179634+00:00 PHASE_RESULT 2 HF-LoRa-SF7-128 pktSize=128 rx=0 unique=0 lost=20 per=100.0 rssi_avg=0 rssi_min=0 crc_err=0 garbage=0 tx_lat=0.00000 tx_lon=0.00000 sats=0 fix=0 utc=0 tx_fw=none rx_fw=unknown
2026-07-26T11:17:37.191295+00:00 PHASE_GUARD 500
LORA_CFG path=1 bw=0x0F sf=7
PHASE_START 3 HF-LoRa-SF7-255 pktSize=255
2026-07-26T11:17:39.253820+00:00 TIME_SYNCED utc=1785064658 offset=1785062475
PHASE_RESULT 3 HF-LoRa-SF7-255 pktSize=255 rx=0 unique=0 lost=20 per=100.0 rssi_avg=0 rssi_min=0 crc_err=0 garbage=0 tx_lat=0.00000 tx_lon=0.00000 sats=0 fix=0 utc=0 tx_fw=none rx_fw=unknown
PHASE_GUARD 500
LORA_CFG path=1 bw=0x0F sf=9
2026-07-26T11:17:40.266346+00:00 PHASE_START 4 HF-LoRa-SF9-32 pktSize=32
2026-07-26T11:17:41.277579+00:00 PHASE_RESULT 4 HF-LoRa-SF9-32 pktSize=32 rx=0 unique=0 lost=20 per=100.0 rssi_avg=0 rssi_min=0 crc_err=0 garbage=0 tx_lat=0.00000 tx_lon=0.00000 sats=0 fix=0 utc=0 tx_fw=none rx_fw=unknown
PHASE_GUARD 500
LORA_CFG path=1 bw=0x0F sf=9
2026-07-26T11:17:42.289297+00:00 PHASE_START 5 HF-LoRa-SF9-64 pktSize=64
2026-07-26T11:17:43.301386+00:00 TIME_SYNCED utc=1785064662 offset=1785062475
2026-07-26T11:17:44.313212+00:00 PHASE_RESULT 5 HF-LoRa-SF9-64 pktSize=64 rx=0 unique=0 lost=20 per=100.0 rssi_avg=0 rssi_min=0 crc_err=0 garbage=0 tx_lat=0.00000 tx_lon=0.00000 sats=0 fix=0 utc=0 tx_fw=none rx_fw=unknown
PHASE_GUARD 500
LORA_CFG path=1 bw=0x0F sf=9
2026-07-26T11:17:45.325356+00:00 PHASE_START 6 HF-LoRa-SF9-128 pktSize=128
2026-07-26T11:17:48.440012+00:00 PHASE_RESULT 6 HF-LoRa-SF9-128 pktSize=128 rx=0 unique=0 lost=13 per=100.0 rssi_avg=0 rssi_min=0 crc_err=0 garbage=0 tx_lat=0.00000 tx_lon=0.00000 sats=0 fix=0 utc=0 tx_fw=none rx_fw=unknown
PHASE_GUARD 500
LORA_CFG path=1 bw=0x0F sf=9
PHASE_START 7 HF-LoRa-SF9-255 pktSize=255
2026-07-26T11:17:49.452642+00:00 TIME_SYNCED utc=1785064668 offset=1785062475
2026-07-26T11:17:51.515283+00:00 PHASE_RESULT 7 HF-LoRa-SF9-255 pktSize=255 rx=0 unique=0 lost=6 per=100.0 rssi_avg=0 rssi_min=0 crc_err=0 garbage=0 tx_lat=0.00000 tx_lon=0.00000 sats=0 fix=0 utc=0 tx_fw=none rx_fw=unknown
PHASE_GUARD 500
LORA_CFG path=1 bw=0x0F sf=12
PHASE_START 8 HF-LoRa-SF12-32 pktSize=32
2026-07-26T11:17:52.527295+00:00 TIME_SYNCED utc=1785064672 offset=1785062475
2026-07-26T11:17:54.590157+00:00 PHASE_RESULT 8 HF-LoRa-SF12-32 pktSize=32 rx=0 unique=0 lost=2 per=100.0 rssi_avg=0 rssi_min=0 crc_err=0 garbage=0 tx_lat=0.00000 tx_lon=0.00000 sats=0 fix=0 utc=0 tx_fw=none rx_fw=unknown
PHASE_GUARD 500
LORA_CFG path=1 bw=0x0F sf=12
PHASE_START 9 HF-LoRa-SF12-64 pktSize=64
2026-07-26T11:17:57.704205+00:00 PHASE_RESULT 9 HF-LoRa-SF12-64 pktSize=64 rx=0 unique=0 lost=1 per=100.0 rssi_avg=0 rssi_min=0 crc_err=0 garbage=0 tx_lat=0.00000 tx_lon=0.00000 sats=0 fix=0 utc=0 tx_fw=none rx_fw=unknown
PHASE_GUARD 500
LORA_CFG path=1 bw=0x0F sf=12
PHASE_START 10 HF-LoRa-SF12-128 pktSize=128
2026-07-26T11:17:59.771355+00:00 TIME_SYNCED utc=1785064678 offset=1785062475
2026-07-26T11:18:02.884985+00:00 PHASE_RESULT 10 HF-LoRa-SF12-128 pktSize=128 rx=0 unique=0 lost=1 per=100.0 rssi_avg=0 rssi_min=0 crc_err=0 garbage=0 tx_lat=0.00000 tx_lon=0.00000 sats=0 fix=0 utc=0 tx_fw=none rx_fw=unknown
PHASE_GUARD 500
LORA_CFG path=1 bw=0x0F sf=12
PHASE_START 11 HF-LoRa-SF12-255 pktSize=255
TIME_SYNCED utc=1785064682 offset=1785062475
2026-07-26T11:18:10.208197+00:00 TIME_SYNCED utc=1785064689 offset=1785062475
2026-07-26T11:18:12.270947+00:00 PHASE_RESULT 11 HF-LoRa-SF12-255 pktSize=255 rx=0 unique=0 lost=1 per=100.0 rssi_avg=0 rssi_min=0 crc_err=0 garbage=0 tx_lat=0.00000 tx_lon=0.00000 sats=0 fix=0 utc=0 tx_fw=none rx_fw=unknown
PHASE_GUARD 500
2026-07-26T11:18:13.282723+00:00 PHASE_START 12 HF-FLRC-2600-32 pktSize=32
TIME_SYNCED utc=1785064692 offset=1785062475
SYNC_NOT_FOUND first4=43BD14F3
SYNC_NOT_FOUND first4=FE336872
SYNC_NOT_FOUND first4=D9D9835B
SYNC_NOT_FOUND first4=6A28F0E0
SYNC_NOT_FOUND first4=D6C118D8
SYNC_NOT_FOUND first4=7595411B
SYNC_NOT_FOUND first4=C96D14B3
SYNC_NOT_FOUND first4=1B9B0883
2026-07-26T11:18:14.293578+00:00 SYNC_NOT_FOUND first4=098EF4DB
SYNC_NOT_FOUND first4=45D021C9
SYNC_NOT_FOUND first4=4DF30398
SYNC_NOT_FOUND first4=9B1A7428
SYNC_NOT_FOUND first4=C1957931
PHASE_RESULT 12 HF-FLRC-2600-32 pktSize=32 rx=0 unique=0 lost=100 per=100.0 rssi_avg=0 rssi_min=0 crc_err=0 garbage=13 tx_lat=0.00000 tx_lon=0.00000 sats=0 fix=0 utc=0 tx_fw=none rx_fw=unknown
PHASE_GUARD 500
2026-07-26T11:18:15.305276+00:00 PHASE_START 13 HF-FLRC-2600-64 pktSize=64
SYNC_NOT_FOUND first4=47043A45
SYNC_NOT_FOUND first4=C0265EF5
SYNC_NOT_FOUND first4=44D23AF3
SYNC_NOT_FOUND first4=2C795A81
SYNC_NOT_FOUND first4=F26A9A6B
SYNC_NOT_FOUND first4=9F37C48D
SYNC_NOT_FOUND first4=32409969
SYNC_NOT_FOUND first4=03BDB789
SYNC_NOT_FOUND first4=B02883B7
SYNC_NOT_FOUND first4=26B2A9A4
SYNC_NOT_FOUND first4=348E0990
2026-07-26T11:18:16.316802+00:00 SYNC_NOT_FOUND first4=062E7A71
SYNC_NOT_FOUND first4=518BEBA0
SYNC_NOT_FOUND first4=856B406F
SYNC_NOT_FOUND first4=91FCABE7
SYNC_NOT_FOUND first4=436C9F50
SYNC_NOT_FOUND first4=6C492EA9
SYNC_NOT_FOUND first4=146F590F
PHASE_RESULT 13 HF-FLRC-2600-64 pktSize=64 rx=0 unique=0 lost=100 per=100.0 rssi_avg=0 rssi_min=0 crc_err=0 garbage=18 tx_lat=0.00000 tx_lon=0.00000 sats=0 fix=0 utc=0 tx_fw=none rx_fw=unknown
PHASE_GUARD 500
2026-07-26T11:18:17.328626+00:00 PHASE_START 14 HF-FLRC-2600-128 pktSize=128
SYNC_NOT_FOUND first4=AA0606BA
SYNC_NOT_FOUND first4=EB47AEAA
SYNC_NOT_FOUND first4=8ABBF4C3
SYNC_NOT_FOUND first4=0F15EAA2
SYNC_NOT_FOUND first4=A62F95C6
SYNC_NOT_FOUND first4=EE073A56
SYNC_NOT_FOUND first4=1BF5920D
SYNC_NOT_FOUND first4=B0035A6B
SYNC_NOT_FOUND first4=681A0655
SYNC_NOT_FOUND first4=E4A24BD4
2026-07-26T11:18:18.339975+00:00 SYNC_NOT_FOUND first4=38986562
SYNC_NOT_FOUND first4=FAA18EEA
SYNC_NOT_FOUND first4=7BC5EE26
SYNC_NOT_FOUND first4=7F519B40
SYNC_NOT_FOUND first4=9497ACB1
SYNC_NOT_FOUND first4=E49C8E9F
PHASE_RESULT 14 HF-FLRC-2600-128 pktSize=128 rx=0 unique=0 lost=100 per=100.0 rssi_avg=0 rssi_min=0 crc_err=0 garbage=16 tx_lat=0.00000 tx_lon=0.00000 sats=0 fix=0 utc=0 tx_fw=none rx_fw=unknown
PHASE_GUARD 500
PHASE_START 15 HF-FLRC-2600-255 pktSize=255
2026-07-26T11:18:19.351037+00:00 SYNC_NOT_FOUND first4=22733E13
SYNC_NOT_FOUND first4=F8DA00A4
2026-07-26T11:18:20.358186+00:00 TIME_SYNCED utc=1785064699 offset=1785062475
SYNC_NOT_FOUND first4=7C0483C3
SYNC_NOT_FOUND first4=5897A337
SYNC_NOT_FOUND first4=7659B0CC
SYNC_NOT_FOUND first4=7BFC8744
SYNC_NOT_FOUND first4=40185BD5
SYNC_NOT_FOUND first4=0D98CEB1
SYNC_NOT_FOUND first4=CBF65651
PHASE_RESULT 15 HF-FLRC-2600-255 pktSize=255 rx=0 unique=0 lost=100 per=100.0 rssi_avg=0 rssi_min=0 crc_err=0 garbage=9 tx_lat=0.00000 tx_lon=0.00000 sats=0 fix=0 utc=0 tx_fw=none rx_fw=unknown
PHASE_GUARD 500
PHASE_START 16 HF-FLRC-1300-32 pktSize=32
2026-07-26T11:18:21.369826+00:00 SYNC_NOT_FOUND first4=9467D296
SYNC_NOT_FOUND first4=343B5F13
2026-07-26T11:18:22.381646+00:00 SYNC_NOT_FOUND first4=9D5F4C63
SYNC_NOT_FOUND first4=42CBF947
SYNC_NOT_FOUND first4=99A965E6
SYNC_NOT_FOUND first4=B516E426
SYNC_NOT_FOUND first4=B49B2664
PHASE_RESULT 16 HF-FLRC-1300-32 pktSize=32 rx=0 unique=0 lost=100 per=100.0 rssi_avg=0 rssi_min=0 crc_err=0 garbage=7 tx_lat=0.00000 tx_lon=0.00000 sats=0 fix=0 utc=0 tx_fw=none rx_fw=unknown
PHASE_GUARD 500
PHASE_START 17 HF-FLRC-1300-64 pktSize=64
2026-07-26T11:18:23.392177+00:00 TIME_SYNCED utc=1785064702 offset=1785062475
SYNC_NOT_FOUND first4=B3A1D1D2
SYNC_NOT_FOUND first4=BC775D56
SYNC_NOT_FOUND first4=61C15A48
SYNC_NOT_FOUND first4=58014686
SYNC_NOT_FOUND first4=AE542E98
2026-07-26T11:18:24.403381+00:00 SYNC_NOT_FOUND first4=30598368
SYNC_NOT_FOUND first4=7493DD9B
PHASE_RESULT 17 HF-FLRC-1300-64 pktSize=64 rx=0 unique=0 lost=100 per=100.0 rssi_avg=0 rssi_min=0 crc_err=0 garbage=7 tx_lat=0.00000 tx_lon=0.00000 sats=0 fix=0 utc=0 tx_fw=none rx_fw=unknown
PHASE_GUARD 500
PHASE_START 18 HF-FLRC-1300-128 pktSize=128
2026-07-26T11:18:25.415263+00:00 SYNC_NOT_FOUND first4=19320EF4
SYNC_NOT_FOUND first4=978CB55D
SYNC_NOT_FOUND first4=6D10A9EA
SYNC_NOT_FOUND first4=FA46F606
SYNC_NOT_FOUND first4=28A1C27C
2026-07-26T11:18:26.426100+00:00 SYNC_NOT_FOUND first4=7887916A
SYNC_NOT_FOUND first4=FDA409AD
SYNC_NOT_FOUND first4=21D6FD14
PHASE_RESULT 18 HF-FLRC-1300-128 pktSize=128 rx=0 unique=0 lost=100 per=100.0 rssi_avg=0 rssi_min=0 crc_err=0 garbage=8 tx_lat=0.00000 tx_lon=0.00000 sats=0 fix=0 utc=0 tx_fw=none rx_fw=unknown
PHASE_GUARD 500
PHASE_START 19 HF-FLRC-1300-255 pktSize=255
SYNC_NOT_FOUND first4=4CB02935
2026-07-26T11:18:27.438040+00:00 SYNC_NOT_FOUND first4=0BFA0F82
SYNC_NOT_FOUND first4=49BEB018
SYNC_NOT_FOUND first4=AFD77F43
SYNC_NOT_FOUND first4=86AAA0B9
2026-07-26T11:18:28.449201+00:00 PHASE_RESULT 19 HF-FLRC-1300-255 pktSize=255 rx=0 unique=0 lost=100 per=100.0 rssi_avg=0 rssi_min=0 crc_err=0 garbage=5 tx_lat=0.00000 tx_lon=0.00000 sats=0 fix=0 utc=0 tx_fw=none rx_fw=unknown
PHASE_GUARD 500
PHASE_START 20 HF-FLRC-650-32 pktSize=32
SYNC_NOT_FOUND first4=C29AD64A
SYNC_NOT_FOUND first4=BF3F0C18
SYNC_NOT_FOUND first4=E19A6FBE
2026-07-26T11:18:29.460222+00:00 SYNC_NOT_FOUND first4=B0870D86
SYNC_NOT_FOUND first4=74A05113
SYNC_NOT_FOUND first4=33896232
SYNC_NOT_FOUND first4=A7FF70B7
SYNC_NOT_FOUND first4=60652E37
SYNC_NOT_FOUND first4=83D0E36E
SYNC_NOT_FOUND first4=15EEA901
SYNC_NOT_FOUND first4=78D0B01B
SYNC_NOT_FOUND first4=E0A4AB66
SYNC_NOT_FOUND first4=E8FD308D
SYNC_NOT_FOUND first4=5AB8F539
SYNC_NOT_FOUND first4=1A3CBAAF
SYNC_NOT_FOUND first4=13C144D7
SYNC_NOT_FOUND first4=D25E8B9F
SYNC_NOT_FOUND first4=05C35204
SYNC_NOT_FOUND first4=7E056A04
SYNC_NOT_FOUND first4=3C7C2341
SYNC_NOT_FOUND first4=193628A9
SYNC_NOT_FOUND first4=98D84D47
SYNC_NOT_FOUND first4=AC233B12
SYNC_NOT_FOUND first4=648C04A6
SYNC_NOT_FOUND first4=E9830743
SYNC_NOT_FOUND first4=4E480F9D
SYNC_NOT_FOUND first4=86E249D0
2026-07-26T11:18:30.471976+00:00 TIME_SYNCED utc=1785064709 offset=1785062475
SYNC_NOT_FOUND first4=FE55055A
SYNC_NOT_FOUND first4=D013F6E1
SYNC_NOT_FOUND first4=CAECEE08
SYNC_NOT_FOUND first4=1A1886EE
SYNC_NOT_FOUND first4=06FC1DDF
SYNC_NOT_FOUND first4=9FF358A8
SYNC_NOT_FOUND first4=D9E618AA
SYNC_NOT_FOUND first4=62521430
SYNC_NOT_FOUND first4=B4B02981
SYNC_NOT_FOUND first4=1013EBE0
SYNC_NOT_FOUND first4=DE536A4A
SYNC_NOT_FOUND first4=0955F3DB
SYNC_NOT_FOUND first4=7F3C571E
SYNC_NOT_FOUND first4=DB2CAF2B
PHASE_RESULT 20 HF-FLRC-650-32 pktSize=32 rx=0 unique=0 lost=100 per=100.0 rssi_avg=0 rssi_min=0 crc_err=0 garbage=41 tx_lat=0.00000 tx_lon=0.00000 sats=0 fix=0 utc=0 tx_fw=none rx_fw=unknown
PHASE_GUARD 500
PHASE_START 21 HF-FLRC-650-64 pktSize=64
SYNC_NOT_FOUND first4=A1641428
SYNC_NOT_FOUND first4=89800393
2026-07-26T11:18:31.483077+00:00 SYNC_NOT_FOUND first4=6C1E1B70
SYNC_NOT_FOUND first4=C2798155
SYNC_NOT_FOUND first4=425806EE
SYNC_NOT_FOUND first4=2FF0A72F
SYNC_NOT_FOUND first4=059F1564
SYNC_NOT_FOUND first4=C168BCF8
SYNC_NOT_FOUND first4=B548381C
SYNC_NOT_FOUND first4=6CD4863F
SYNC_NOT_FOUND first4=10D9D735
SYNC_NOT_FOUND first4=BC7B7D35
SYNC_NOT_FOUND first4=2860FC51
SYNC_NOT_FOUND first4=C273B2A6
SYNC_NOT_FOUND first4=A9C4F303
SYNC_NOT_FOUND first4=EA21B110
SYNC_NOT_FOUND first4=5D4E215F
2026-07-26T11:18:32.497722+00:00 SYNC_NOT_FOUND first4=5DF84A2C
SYNC_NOT_FOUND first4=521E1D97
SYNC_NOT_FOUND first4=F2BA4BC0
SYNC_NOT_FOUND first4=49213E78
SYNC_NOT_FOUND first4=D72F8B41
SYNC_NOT_FOUND first4=CD07BA13
SYNC_NOT_FOUND first4=FEDE148D
SYNC_NOT_FOUND first4=E37F28E0
SYNC_NOT_FOUND first4=84DD4512
SYNC_NOT_FOUND first4=1C5DD4DB
SYNC_NOT_FOUND first4=5402CBA4
SYNC_NOT_FOUND first4=54384D10
SYNC_NOT_FOUND first4=DAF23F6D
SYNC_NOT_FOUND first4=D99D559B
SYNC_NOT_FOUND first4=9E5D7ED9
SYNC_NOT_FOUND first4=9A1C6333
SYNC_NOT_FOUND first4=14C9D751
SYNC_NOT_FOUND first4=4D1C676E
SYNC_NOT_FOUND first4=7171706D
SYNC_NOT_FOUND first4=131BD768
PHASE_RESULT 21 HF-FLRC-650-64 pktSize=64 rx=0 unique=0 lost=100 per=100.0 rssi_avg=0 rssi_min=0 crc_err=0 garbage=37 tx_lat=0.00000 tx_lon=0.00000 sats=0 fix=0 utc=0 tx_fw=none rx_fw=unknown
PHASE_GUARD 500
PHASE_START 22 HF-FLRC-650-128 pktSize=128
SYNC_NOT_FOUND first4=D37435E1
SYNC_NOT_FOUND first4=5473DFE1
SYNC_NOT_FOUND first4=339221AA
TIME_SYNCED utc=1785064712 offset=1785062475
SYNC_NOT_FOUND first4=5CCC2DA2
SYNC_NOT_FOUND first4=2844CB20
SYNC_NOT_FOUND first4=300BFBDD
2026-07-26T11:18:33.508623+00:00 SYNC_NOT_FOUND first4=51A68BB7
SYNC_NOT_FOUND first4=DC44769D
SYNC_NOT_FOUND first4=77D7E47A
SYNC_NOT_FOUND first4=C218C713
SYNC_NOT_FOUND first4=9D172185
SYNC_NOT_FOUND first4=335485CA
SYNC_NOT_FOUND first4=288B7244
SYNC_NOT_FOUND first4=B2AACEA8
SYNC_NOT_FOUND first4=F4125E40
SYNC_NOT_FOUND first4=A90023A0
SYNC_NOT_FOUND first4=D34A1D9C
SYNC_NOT_FOUND first4=801A7806
SYNC_NOT_FOUND first4=BDD2B978
SYNC_NOT_FOUND first4=283CEA26
SYNC_NOT_FOUND first4=B31E9C7B
SYNC_NOT_FOUND first4=E5541407
2026-07-26T11:18:34.520204+00:00 SYNC_NOT_FOUND first4=D185ADA5
SYNC_NOT_FOUND first4=786B590B
SYNC_NOT_FOUND first4=08017136
SYNC_NOT_FOUND first4=99A1927E
SYNC_NOT_FOUND first4=B6FFCBDB
SYNC_NOT_FOUND first4=1D9D7B44
SYNC_NOT_FOUND first4=91363C6B
SYNC_NOT_FOUND first4=C19F72B8
SYNC_NOT_FOUND first4=DE7ABBF2
PHASE_RESULT 22 HF-FLRC-650-128 pktSize=128 rx=0 unique=0 lost=100 per=100.0 rssi_avg=0 rssi_min=0 crc_err=0 garbage=31 tx_lat=0.00000 tx_lon=0.00000 sats=0 fix=0 utc=0 tx_fw=none rx_fw=unknown
PHASE_GUARD 500
PHASE_START 23 HF-FLRC-650-255 pktSize=255
SYNC_NOT_FOUND first4=E158E9F1
SYNC_NOT_FOUND first4=EE8FF640
2026-07-26T11:18:35.531869+00:00 SYNC_NOT_FOUND first4=720C446C
SYNC_NOT_FOUND first4=74BDCDAC
SYNC_NOT_FOUND first4=B1BF8BC9
SYNC_NOT_FOUND first4=7D9B9AEB
SYNC_NOT_FOUND first4=66C71B5B
SYNC_NOT_FOUND first4=54682E51
SYNC_NOT_FOUND first4=74D53BBA
SYNC_NOT_FOUND first4=D51721F8
SYNC_NOT_FOUND first4=1609BC98
SYNC_NOT_FOUND first4=6E35DF09
SYNC_NOT_FOUND first4=A4D2BEAF
SYNC_NOT_FOUND first4=9F126375
SYNC_NOT_FOUND first4=DE16B869
SYNC_NOT_FOUND first4=8193B435
SYNC_NOT_FOUND first4=9FA77A76
SYNC_NOT_FOUND first4=D10718EE
SYNC_NOT_FOUND first4=864646CD
SYNC_NOT_FOUND first4=E11DB493
SYNC_NOT_FOUND first4=F5F087C4
SYNC_NOT_FOUND first4=B5BE1D6F
SYNC_NOT_FOUND first4=085E3F53
SYNC_NOT_FOUND first4=A71DFF46
2026-07-26T11:18:36.542889+00:00 SYNC_NOT_FOUND first4=9550CCB8
SYNC_NOT_FOUND first4=D4BCD8FA
SYNC_NOT_FOUND first4=47A00344
SYNC_NOT_FOUND first4=16770FD1
SYNC_NOT_FOUND first4=280B5E91
SYNC_NOT_FOUND first4=A426B903
SYNC_NOT_FOUND first4=41F22840
SYNC_NOT_FOUND first4=4A2CE162
SYNC_NOT_FOUND first4=285FA67B
SYNC_NOT_FOUND first4=1C2FC486
PHASE_RESULT 23 HF-FLRC-650-255 pktSize=255 rx=0 unique=0 lost=100 per=100.0 rssi_avg=0 rssi_min=0 crc_err=0 garbage=34 tx_lat=0.00000 tx_lon=0.00000 sats=0 fix=0 utc=0 tx_fw=none rx_fw=unknown
PHASE_GUARD 500
PHASE_START 24 HF-FLRC-325-32 pktSize=32
SYNC_NOT_FOUND first4=EF942B15
2026-07-26T11:18:37.554632+00:00 SYNC_NOT_FOUND first4=B1310594
SYNC_NOT_FOUND first4=A1986720
SYNC_NOT_FOUND first4=A2540A51
SYNC_NOT_FOUND first4=C32AC746
SYNC_NOT_FOUND first4=10130122
SYNC_NOT_FOUND first4=2E3C8ED7
SYNC_NOT_FOUND first4=88983839
2026-07-26T11:18:38.567625+00:00 SYNC_NOT_FOUND first4=5ACEE9E4
PHASE_RESULT 24 HF-FLRC-325-32 pktSize=32 rx=0 unique=0 lost=100 per=100.0 rssi_avg=0 rssi_min=0 crc_err=0 garbage=9 tx_lat=0.00000 tx_lon=0.00000 sats=0 fix=0 utc=0 tx_fw=none rx_fw=unknown
PHASE_GUARD 500
PHASE_START 25 HF-FLRC-325-64 pktSize=64
SYNC_NOT_FOUND first4=7CCE892E
2026-07-26T11:18:39.578836+00:00 SYNC_NOT_FOUND first4=5A14C94D
SYNC_NOT_FOUND first4=BF409559
SYNC_NOT_FOUND first4=D3A8F7F9
SYNC_NOT_FOUND first4=57C28668
2026-07-26T11:18:40.591102+00:00 TIME_SYNCED utc=1785064719 offset=1785062475
PHASE_RESULT 25 HF-FLRC-325-64 pktSize=64 rx=0 unique=0 lost=100 per=100.0 rssi_avg=0 rssi_min=0 crc_err=0 garbage=5 tx_lat=0.00000 tx_lon=0.00000 sats=0 fix=0 utc=0 tx_fw=none rx_fw=unknown
PHASE_GUARD 500
PHASE_START 26 HF-FLRC-325-128 pktSize=128
SYNC_NOT_FOUND first4=E70E3CF5
2026-07-26T11:18:41.602876+00:00 SYNC_NOT_FOUND first4=90E9456E
SYNC_NOT_FOUND first4=BB35A97C
2026-07-26T11:18:42.614873+00:00 PHASE_RESULT 26 HF-FLRC-325-128 pktSize=128 rx=0 unique=0 lost=100 per=100.0 rssi_avg=0 rssi_min=0 crc_err=0 garbage=3 tx_lat=0.00000 tx_lon=0.00000 sats=0 fix=0 utc=0 tx_fw=none rx_fw=unknown
PHASE_GUARD 500
PHASE_START 27 HF-FLRC-325-255 pktSize=255
SYNC_NOT_FOUND first4=99689147
TIME_SYNCED utc=1785064722 offset=1785062475
2026-07-26T11:18:43.626122+00:00 SYNC_NOT_FOUND first4=B69EC0AC
SYNC_NOT_FOUND first4=949D3A05
SYNC_NOT_FOUND first4=6AE986AC
SYNC_NOT_FOUND first4=C89345DE
SYNC_NOT_FOUND first4=C2FBDA58
SYNC_NOT_FOUND first4=1AE152EC
SYNC_NOT_FOUND first4=85753951
2026-07-26T11:18:44.637456+00:00 SYNC_NOT_FOUND first4=F24994CA
SYNC_NOT_FOUND first4=FB145468
SYNC_NOT_FOUND first4=8E0E773A
PHASE_RESULT 27 HF-FLRC-325-255 pktSize=255 rx=0 unique=0 lost=100 per=100.0 rssi_avg=0 rssi_min=0 crc_err=0 garbage=11 tx_lat=0.00000 tx_lon=0.00000 sats=0 fix=0 utc=0 tx_fw=none rx_fw=unknown
PHASE_GUARD 500
LORA_CFG path=0 bw=0x05 sf=7
PHASE_START 28 LF-LoRa-SF7-32 pktSize=32
2026-07-26T11:18:46.700964+00:00 PHASE_RESULT 28 LF-LoRa-SF7-32 pktSize=32 rx=0 unique=0 lost=20 per=100.0 rssi_avg=0 rssi_min=0 crc_err=0 garbage=0 tx_lat=0.00000 tx_lon=0.00000 sats=0 fix=0 utc=0 tx_fw=none rx_fw=unknown
PHASE_GUARD 500
LORA_CFG path=0 bw=0x05 sf=7
PHASE_START 29 LF-LoRa-SF7-64 pktSize=64
2026-07-26T11:18:49.814235+00:00 PHASE_RESULT 29 LF-LoRa-SF7-64 pktSize=64 rx=0 unique=0 lost=20 per=100.0 rssi_avg=0 rssi_min=0 crc_err=0 garbage=0 tx_lat=0.00000 tx_lon=0.00000 sats=0 fix=0 utc=0 tx_fw=none rx_fw=unknown
PHASE_GUARD 500
LORA_CFG path=0 bw=0x05 sf=7
PHASE_START 30 LF-LoRa-SF7-128 pktSize=128
2026-07-26T11:18:50.826299+00:00 TIME_SYNCED utc=1785064729 offset=1785062475
2026-07-26T11:18:52.889514+00:00 TIME_SYNCED utc=1785064732 offset=1785062475
2026-07-26T11:18:53.901243+00:00 PHASE_RESULT 30 LF-LoRa-SF7-128 pktSize=128 rx=0 unique=0 lost=13 per=100.0 rssi_avg=0 rssi_min=0 crc_err=0 garbage=0 tx_lat=0.00000 tx_lon=0.00000 sats=0 fix=0 utc=0 tx_fw=none rx_fw=unknown
PHASE_GUARD 500
LORA_CFG path=0 bw=0x05 sf=7
PHASE_START 31 LF-LoRa-SF7-255 pktSize=255
2026-07-26T11:18:58.065362+00:00 PHASE_RESULT 31 LF-LoRa-SF7-255 pktSize=255 rx=0 unique=0 lost=7 per=100.0 rssi_avg=0 rssi_min=0 crc_err=0 garbage=0 tx_lat=0.00000 tx_lon=0.00000 sats=0 fix=0 utc=0 tx_fw=none rx_fw=unknown
PHASE_GUARD 500
LORA_CFG path=0 bw=0x05 sf=9
PHASE_START 32 LF-LoRa-SF9-32 pktSize=32
2026-07-26T11:19:01.179297+00:00 TIME_SYNCED utc=1785064740 offset=1785062475
PHASE_RESULT 32 LF-LoRa-SF9-32 pktSize=32 rx=0 unique=0 lost=7 per=100.0 rssi_avg=0 rssi_min=0 crc_err=0 garbage=0 tx_lat=0.00000 tx_lon=0.00000 sats=0 fix=0 utc=0 tx_fw=none rx_fw=unknown
PHASE_GUARD 500
2026-07-26T11:19:02.191227+00:00 LORA_CFG path=0 bw=0x05 sf=9
PHASE_START 33 LF-LoRa-SF9-64 pktSize=64
2026-07-26T11:19:03.202305+00:00 TIME_SYNCED utc=1785064742 offset=1785062475
2026-07-26T11:19:04.213676+00:00 PHASE_RESULT 33 LF-LoRa-SF9-64 pktSize=64 rx=0 unique=0 lost=3 per=100.0 rssi_avg=0 rssi_min=0 crc_err=0 garbage=0 tx_lat=0.00000 tx_lon=0.00000 sats=0 fix=0 utc=0 tx_fw=none rx_fw=unknown
PHASE_GUARD 500
2026-07-26T11:19:05.225250+00:00 LORA_CFG path=0 bw=0x05 sf=9
PHASE_START 34 LF-LoRa-SF9-128 pktSize=128
2026-07-26T11:19:06.236413+00:00 PHASE_RESULT 34 LF-LoRa-SF9-128 pktSize=128 rx=0 unique=0 lost=1 per=100.0 rssi_avg=0 rssi_min=0 crc_err=0 garbage=0 tx_lat=0.00000 tx_lon=0.00000 sats=0 fix=0 utc=0 tx_fw=none rx_fw=unknown
PHASE_GUARD 500
LORA_CFG path=0 bw=0x05 sf=9
2026-07-26T11:19:07.248761+00:00 PHASE_START 35 LF-LoRa-SF9-255 pktSize=255
2026-07-26T11:19:10.362440+00:00 PHASE_RESULT 35 LF-LoRa-SF9-255 pktSize=255 rx=0 unique=0 lost=1 per=100.0 rssi_avg=0 rssi_min=0 crc_err=0 garbage=0 tx_lat=0.00000 tx_lon=0.00000 sats=0 fix=0 utc=0 tx_fw=none rx_fw=unknown
PHASE_GUARD 500
LORA_CFG path=0 bw=0x05 sf=12
PHASE_START 36 LF-LoRa-SF12-32 pktSize=32
2026-07-26T11:19:11.375642+00:00 TIME_SYNCED utc=1785064750 offset=1785062475
2026-07-26T11:19:13.438293+00:00 TIME_SYNCED utc=1785064752 offset=1785062475
2026-07-26T11:19:21.809616+00:00 TIME_SYNCED utc=1785064760 offset=1785062475
2026-07-26T11:19:22.821387+00:00 TIME_SYNCED utc=1785064762 offset=1785062475
2026-07-26T11:19:25.936705+00:00 PHASE_RESULT 36 LF-LoRa-SF12-32 pktSize=32 rx=0 unique=0 lost=1 per=100.0 rssi_avg=0 rssi_min=0 crc_err=0 garbage=0 tx_lat=0.00000 tx_lon=0.00000 sats=0 fix=0 utc=0 tx_fw=none rx_fw=unknown
PHASE_GUARD 500
LORA_CFG path=0 bw=0x05 sf=12
PHASE_START 37 LF-LoRa-SF12-SKIP SKIP pktSize=64
2026-07-26T11:19:26.949213+00:00 PHASE_RESULT 37 LF-LoRa-SF12-SKIP pktSize=64 rx=0 unique=0 lost=0 per=0.0 rssi_avg=0 rssi_min=0 crc_err=0 garbage=0 tx_lat=0.00000 tx_lon=0.00000 sats=0 fix=0 utc=0 tx_fw=none rx_fw=unknown
PHASE_GUARD 500
LORA_CFG path=0 bw=0x05 sf=12
PHASE_START 38 LF-LoRa-SF12-SKIP SKIP pktSize=128
2026-07-26T11:19:27.963969+00:00 PHASE_RESULT 38 LF-LoRa-SF12-SKIP pktSize=128 rx=0 unique=0 lost=0 per=0.0 rssi_avg=0 rssi_min=0 crc_err=0 garbage=0 tx_lat=0.00000 tx_lon=0.00000 sats=0 fix=0 utc=0 tx_fw=none rx_fw=unknown
PHASE_GUARD 500
LORA_CFG path=0 bw=0x05 sf=12
PHASE_START 39 LF-LoRa-SF12-SKIP SKIP pktSize=255
2026-07-26T11:19:28.978557+00:00 PHASE_RESULT 39 LF-LoRa-SF12-SKIP pktSize=255 rx=0 unique=0 lost=0 per=0.0 rssi_avg=0 rssi_min=0 crc_err=0 garbage=0 tx_lat=0.00000 tx_lon=0.00000 sats=0 fix=0 utc=0 tx_fw=none rx_fw=unknown
PHASE_GUARD 500
PHASE_START 40 LF-FLRC-2600-32 pktSize=32
SYNC_NOT_FOUND first4=7AC50D5F
2026-07-26T11:19:29.990233+00:00 SYNC_NOT_FOUND first4=35CF3A5A
2026-07-26T11:19:31.001356+00:00 PHASE_RESULT 40 LF-FLRC-2600-32 pktSize=32 rx=0 unique=0 lost=100 per=100.0 rssi_avg=0 rssi_min=0 crc_err=0 garbage=2 tx_lat=0.00000 tx_lon=0.00000 sats=0 fix=0 utc=0 tx_fw=none rx_fw=unknown
PHASE_GUARD 500
PHASE_START 41 LF-FLRC-2600-64 pktSize=64
2026-07-26T11:19:32.014287+00:00 TIME_SYNCED utc=1785064771 offset=1785062476
PHASE_RESULT 41 LF-FLRC-2600-64 pktSize=64 rx=0 unique=0 lost=100 per=100.0 rssi_avg=0 rssi_min=0 crc_err=0 garbage=0 tx_lat=0.00000 tx_lon=0.00000 sats=0 fix=0 utc=0 tx_fw=none rx_fw=unknown
PHASE_GUARD 500
PHASE_START 42 LF-FLRC-2600-128 pktSize=128
2026-07-26T11:19:33.025483+00:00 TIME_SYNCED utc=1785064772 offset=1785062475
2026-07-26T11:19:34.037662+00:00 SYNC_NOT_FOUND first4=2C344EF9
2026-07-26T11:19:35.049208+00:00 PHASE_RESULT 42 LF-FLRC-2600-128 pktSize=128 rx=0 unique=0 lost=100 per=100.0 rssi_avg=0 rssi_min=0 crc_err=0 garbage=1 tx_lat=0.00000 tx_lon=0.00000 sats=0 fix=0 utc=0 tx_fw=none rx_fw=unknown
PHASE_GUARD 500
PHASE_START 43 LF-FLRC-2600-255 pktSize=255
2026-07-26T11:19:36.060520+00:00 SYNC_NOT_FOUND first4=AB3255EC
2026-07-26T11:19:37.072353+00:00 PHASE_RESULT 43 LF-FLRC-2600-255 pktSize=255 rx=0 unique=0 lost=100 per=100.0 rssi_avg=0 rssi_min=0 crc_err=0 garbage=1 tx_lat=0.00000 tx_lon=0.00000 sats=0 fix=0 utc=0 tx_fw=none rx_fw=unknown
PHASE_GUARD 500
PHASE_START 44 LF-FLRC-1300-32 pktSize=32
2026-07-26T11:19:39.133938+00:00 PHASE_RESULT 44 LF-FLRC-1300-32 pktSize=32 rx=0 unique=0 lost=100 per=100.0 rssi_avg=0 rssi_min=0 crc_err=0 garbage=0 tx_lat=0.00000 tx_lon=0.00000 sats=0 fix=0 utc=0 tx_fw=none rx_fw=unknown
PHASE_GUARD 500
PHASE_START 45 LF-FLRC-1300-64 pktSize=64
SYNC_NOT_FOUND first4=9EC9F408
2026-07-26T11:19:41.197213+00:00 PHASE_RESULT 45 LF-FLRC-1300-64 pktSize=64 rx=0 unique=0 lost=100 per=100.0 rssi_avg=0 rssi_min=0 crc_err=0 garbage=1 tx_lat=0.00000 tx_lon=0.00000 sats=0 fix=0 utc=0 tx_fw=none rx_fw=unknown
PHASE_GUARD 500
PHASE_START 46 LF-FLRC-1300-128 pktSize=128
SYNC_NOT_FOUND first4=2F9A43B0
2026-07-26T11:19:42.208748+00:00 TIME_SYNCED utc=1785064781 offset=1785062475
SYNC_NOT_FOUND first4=D7708018
PHASE_RESULT 46 LF-FLRC-1300-128 pktSize=128 rx=0 unique=0 lost=100 per=100.0 rssi_avg=0 rssi_min=0 crc_err=0 garbage=2 tx_lat=0.00000 tx_lon=0.00000 sats=0 fix=0 utc=0 tx_fw=none rx_fw=unknown
PHASE_GUARD 500
2026-07-26T11:19:43.220630+00:00 PHASE_START 47 LF-FLRC-1300-255 pktSize=255
TIME_SYNCED utc=1785064782 offset=1785062475
2026-07-26T11:19:44.232570+00:00 SYNC_NOT_FOUND first4=3AB4C862
SYNC_NOT_FOUND first4=C9044532
PHASE_RESULT 47 LF-FLRC-1300-255 pktSize=255 rx=0 unique=0 lost=100 per=100.0 rssi_avg=0 rssi_min=0 crc_err=0 garbage=2 tx_lat=0.00000 tx_lon=0.00000 sats=0 fix=0 utc=0 tx_fw=none rx_fw=unknown
PHASE_GUARD 500
2026-07-26T11:19:45.243358+00:00 PHASE_START 48 LF-FLRC-650-32 pktSize=32
SYNC_NOT_FOUND first4=31F1F4BF
SYNC_NOT_FOUND first4=716CD1EC
SYNC_NOT_FOUND first4=597DB6A2
SYNC_NOT_FOUND first4=FF2BC128
2026-07-26T11:19:46.254520+00:00 SYNC_NOT_FOUND first4=CC024446
SYNC_NOT_FOUND first4=1C4B04CF
SYNC_NOT_FOUND first4=FDB83E0A
PHASE_RESULT 48 LF-FLRC-650-32 pktSize=32 rx=0 unique=0 lost=100 per=100.0 rssi_avg=0 rssi_min=0 crc_err=0 garbage=7 tx_lat=0.00000 tx_lon=0.00000 sats=0 fix=0 utc=0 tx_fw=none rx_fw=unknown
PHASE_GUARD 500
2026-07-26T11:19:47.266120+00:00 PHASE_START 49 LF-FLRC-650-64 pktSize=64
SYNC_NOT_FOUND first4=1031BB32
2026-07-26T11:19:48.277259+00:00 SYNC_NOT_FOUND first4=DF3854A5
SYNC_NOT_FOUND first4=F69A441D
SYNC_NOT_FOUND first4=3FAA01F9
PHASE_RESULT 49 LF-FLRC-650-64 pktSize=64 rx=0 unique=0 lost=100 per=100.0 rssi_avg=0 rssi_min=0 crc_err=0 garbage=4 tx_lat=0.00000 tx_lon=0.00000 sats=0 fix=0 utc=0 tx_fw=none rx_fw=unknown
PHASE_GUARD 500
2026-07-26T11:19:49.288984+00:00 PHASE_START 50 LF-FLRC-650-128 pktSize=128
SYNC_NOT_FOUND first4=132649D7
SYNC_NOT_FOUND first4=628FD7BE
SYNC_NOT_FOUND first4=B613C2AD
2026-07-26T11:19:50.299874+00:00 SYNC_NOT_FOUND first4=2740E393
SYNC_NOT_FOUND first4=42962236
PHASE_RESULT 50 LF-FLRC-650-128 pktSize=128 rx=0 unique=0 lost=100 per=100.0 rssi_avg=0 rssi_min=0 crc_err=0 garbage=5 tx_lat=0.00000 tx_lon=0.00000 sats=0 fix=0 utc=0 tx_fw=none rx_fw=unknown
PHASE_GUARD 500
PHASE_START 51 LF-FLRC-650-255 pktSize=255
2026-07-26T11:19:51.311034+00:00 SYNC_NOT_FOUND first4=9224E97F
SYNC_NOT_FOUND first4=924B364E
2026-07-26T11:19:52.322750+00:00 TIME_SYNCED utc=1785064791 offset=1785062475
SYNC_NOT_FOUND first4=14A44AB7
PHASE_RESULT 51 LF-FLRC-650-255 pktSize=255 rx=0 unique=0 lost=100 per=100.0 rssi_avg=0 rssi_min=0 crc_err=0 garbage=3 tx_lat=0.00000 tx_lon=0.00000 sats=0 fix=0 utc=0 tx_fw=none rx_fw=unknown
PHASE_GUARD 500
PHASE_START 52 LF-FLRC-325-32 pktSize=32
2026-07-26T11:19:53.336564+00:00 TIME_SYNCED utc=1785064792 offset=1785062475
2026-07-26T11:19:54.348326+00:00 PHASE_RESULT 52 LF-FLRC-325-32 pktSize=32 rx=0 unique=0 lost=100 per=100.0 rssi_avg=0 rssi_min=0 crc_err=0 garbage=0 tx_lat=0.00000 tx_lon=0.00000 sats=0 fix=0 utc=0 tx_fw=none rx_fw=unknown
PHASE_GUARD 500
PHASE_START 53 LF-FLRC-325-64 pktSize=64
2026-07-26T11:19:56.410631+00:00 PHASE_RESULT 53 LF-FLRC-325-64 pktSize=64 rx=0 unique=0 lost=100 per=100.0 rssi_avg=0 rssi_min=0 crc_err=0 garbage=0 tx_lat=0.00000 tx_lon=0.00000 sats=0 fix=0 utc=0 tx_fw=none rx_fw=unknown
PHASE_GUARD 500
PHASE_START 54 LF-FLRC-325-128 pktSize=128
2026-07-26T11:19:58.472595+00:00 PHASE_RESULT 54 LF-FLRC-325-128 pktSize=128 rx=0 unique=0 lost=100 per=100.0 rssi_avg=0 rssi_min=0 crc_err=0 garbage=0 tx_lat=0.00000 tx_lon=0.00000 sats=0 fix=0 utc=0 tx_fw=none rx_fw=unknown
PHASE_GUARD 500
PHASE_START 55 LF-FLRC-325-255 pktSize=255
2026-07-26T11:20:00.535677+00:00 SYNC_NOT_FOUND first4=6F398728
PHASE_RESULT 55 LF-FLRC-325-255 pktSize=255 rx=0 unique=0 lost=100 per=100.0 rssi_avg=0 rssi_min=0 crc_err=0 garbage=1 tx_lat=0.00000 tx_lon=0.00000 sats=0 fix=0 utc=0 tx_fw=none rx_fw=unknown
PHASE_GUARD 500
LORA_CFG path=1 bw=0x0F sf=7
PHASE_START 0 HF-LoRa-SF7-32 pktSize=32
2026-07-26T11:20:02.598058+00:00 TIME_SYNCED utc=1785064801 offset=1785062475
PHASE_RESULT 0 HF-LoRa-SF7-32 pktSize=32 rx=0 unique=0 lost=20 per=100.0 rssi_avg=0 rssi_min=0 crc_err=0 garbage=0 tx_lat=0.00000 tx_lon=0.00000 sats=0 fix=0 utc=0 tx_fw=none rx_fw=unknown
PHASE_GUARD 500
LORA_CFG path=1 bw=0x0F sf=7
PHASE_START 1 HF-LoRa-SF7-64 pktSize=64
TIME_SYNCED utc=1785064802 offset=1785062475
2026-07-26T11:20:04.659433+00:00 PHASE_RESULT 1 HF-LoRa-SF7-64 pktSize=64 rx=0 unique=0 lost=20 per=100.0 rssi_avg=0 rssi_min=0 crc_err=0 garbage=0 tx_lat=0.00000 tx_lon=0.00000 sats=0 fix=0 utc=0 tx_fw=none rx_fw=unknown
PHASE_GUARD 500
LORA_CFG path=1 bw=0x0F sf=7
PHASE_START 2 HF-LoRa-SF7-128 pktSize=128
2026-07-26T11:20:06.722115+00:00 PHASE_RESULT 2 HF-LoRa-SF7-128 pktSize=128 rx=0 unique=0 lost=20 per=100.0 rssi_avg=0 rssi_min=0 crc_err=0 garbage=0 tx_lat=0.00000 tx_lon=0.00000 sats=0 fix=0 utc=0 tx_fw=none rx_fw=unknown
PHASE_GUARD 500
LORA_CFG path=1 bw=0x0F sf=7
PHASE_START 3 HF-LoRa-SF7-255 pktSize=255
2026-07-26T11:20:09.836155+00:00 PHASE_RESULT 3 HF-LoRa-SF7-255 pktSize=255 rx=0 unique=0 lost=20 per=100.0 rssi_avg=0 rssi_min=0 crc_err=0 garbage=0 tx_lat=0.00000 tx_lon=0.00000 sats=0 fix=0 utc=0 tx_fw=none rx_fw=unknown
PHASE_GUARD 500
LORA_CFG path=1 bw=0x0F sf=9
PHASE_START 4 HF-LoRa-SF9-32 pktSize=32
2026-07-26T11:20:11.899008+00:00 PHASE_RESULT 4 HF-LoRa-SF9-32 pktSize=32 rx=0 unique=0 lost=20 per=100.0 rssi_avg=0 rssi_min=0 crc_err=0 garbage=0 tx_lat=0.00000 tx_lon=0.00000 sats=0 fix=0 utc=0 tx_fw=none rx_fw=unknown
PHASE_GUARD 500
LORA_CFG path=1 bw=0x0F sf=9
PHASE_START 5 HF-LoRa-SF9-64 pktSize=64
2026-07-26T11:20:12.910293+00:00 TIME_SYNCED utc=1785064811 offset=1785062475
TIME_SYNCED utc=1785064812 offset=1785062475
2026-07-26T11:20:14.973243+00:00 PHASE_RESULT 5 HF-LoRa-SF9-64 pktSize=64 rx=0 unique=0 lost=20 per=100.0 rssi_avg=0 rssi_min=0 crc_err=0 garbage=0 tx_lat=0.00000 tx_lon=0.00000 sats=0 fix=0 utc=0 tx_fw=none rx_fw=unknown
PHASE_GUARD 500
LORA_CFG path=1 bw=0x0F sf=9
PHASE_START 6 HF-LoRa-SF9-128 pktSize=128
2026-07-26T11:20:19.138533+00:00 PHASE_RESULT 6 HF-LoRa-SF9-128 pktSize=128 rx=0 unique=0 lost=13 per=100.0 rssi_avg=0 rssi_min=0 crc_err=0 garbage=0 tx_lat=0.00000 tx_lon=0.00000 sats=0 fix=0 utc=0 tx_fw=none rx_fw=unknown
PHASE_GUARD 500
LORA_CFG path=1 bw=0x0F sf=9
PHASE_START 7 HF-LoRa-SF9-255 pktSize=255
2026-07-26T11:20:21.201392+00:00 PHASE_RESULT 7 HF-LoRa-SF9-255 pktSize=255 rx=0 unique=0 lost=6 per=100.0 rssi_avg=0 rssi_min=0 crc_err=0 garbage=0 tx_lat=0.00000 tx_lon=0.00000 sats=0 fix=0 utc=0 tx_fw=none rx_fw=unknown
PHASE_GUARD 500
2026-07-26T11:20:22.213773+00:00 LORA_CFG path=1 bw=0x0F sf=12
PHASE_START 8 HF-LoRa-SF12-32 pktSize=32
2026-07-26T11:20:23.226179+00:00 TIME_SYNCED utc=1785064822 offset=1785062475
TIME_SYNCED utc=1785064822 offset=1785062475
2026-07-26T11:20:24.237152+00:00 PHASE_RESULT 8 HF-LoRa-SF12-32 pktSize=32 rx=0 unique=0 lost=2 per=100.0 rssi_avg=0 rssi_min=0 crc_err=0 garbage=0 tx_lat=0.00000 tx_lon=0.00000 sats=0 fix=0 utc=0 tx_fw=none rx_fw=unknown
PHASE_GUARD 500
LORA_CFG path=1 bw=0x0F sf=12
2026-07-26T11:20:25.249492+00:00 PHASE_START 9 HF-LoRa-SF12-64 pktSize=64
2026-07-26T11:20:27.304500+00:00 PHASE_RESULT 9 HF-LoRa-SF12-64 pktSize=64 rx=0 unique=0 lost=1 per=100.0 rssi_avg=0 rssi_min=0 crc_err=0 garbage=0 tx_lat=0.00000 tx_lon=0.00000 sats=0 fix=0 utc=0 tx_fw=none rx_fw=unknown
PHASE_GUARD 500
LORA_CFG path=1 bw=0x0F sf=12
PHASE_START 10 HF-LoRa-SF12-128 pktSize=128
2026-07-26T11:20:32.512580+00:00 PHASE_RESULT 10 HF-LoRa-SF12-128 pktSize=128 rx=0 unique=0 lost=1 per=100.0 rssi_avg=0 rssi_min=0 crc_err=0 garbage=0 tx_lat=0.00000 tx_lon=0.00000 sats=0 fix=0 utc=0 tx_fw=none rx_fw=unknown
PHASE_GUARD 500
LORA_CFG path=1 bw=0x0F sf=12
PHASE_START 11 HF-LoRa-SF12-255 pktSize=255
2026-07-26T11:20:33.517799+00:00 TIME_SYNCED utc=1785064832 offset=1785062475
TIME_SYNCED utc=1785064832 offset=1785062475
2026-07-26T11:20:42.938225+00:00 PHASE_RESULT 11 HF-LoRa-SF12-255 pktSize=255 rx=0 unique=0 lost=1 per=100.0 rssi_avg=0 rssi_min=0 crc_err=0 garbage=0 tx_lat=0.00000 tx_lon=0.00000 sats=0 fix=0 utc=0 tx_fw=none rx_fw=unknown
PHASE_GUARD 500
PHASE_START 12 HF-FLRC-2600-32 pktSize=32
SYNC_NOT_FOUND first4=0589A0A9
TIME_SYNCED utc=1785064842 offset=1785062475
SYNC_NOT_FOUND first4=9B5779EE
SYNC_NOT_FOUND first4=5228C90D
SYNC_NOT_FOUND first4=7E1ECC96
SYNC_NOT_FOUND first4=E1718680
2026-07-26T11:20:43.949735+00:00 TIME_SYNCED utc=1785064842 offset=1785062475
SYNC_NOT_FOUND first4=3066F2CB
SYNC_NOT_FOUND first4=191F285C
SYNC_NOT_FOUND first4=45954B16
SYNC_NOT_FOUND first4=807CEE15
SYNC_NOT_FOUND first4=734B98FA
SYNC_NOT_FOUND first4=E920AC17
SYNC_NOT_FOUND first4=612303E7
SYNC_NOT_FOUND first4=33DA678D
2026-07-26T11:20:44.961480+00:00 SYNC_NOT_FOUND first4=39129309
SYNC_NOT_FOUND first4=6790FC05
PHASE_RESULT 12 HF-FLRC-2600-32 pktSize=32 rx=0 unique=0 lost=100 per=100.0 rssi_avg=0 rssi_min=0 crc_err=0 garbage=15 tx_lat=0.00000 tx_lon=0.00000 sats=0 fix=0 utc=0 tx_fw=none rx_fw=unknown
PHASE_GUARD 500
PHASE_START 13 HF-FLRC-2600-64 pktSize=64
SYNC_NOT_FOUND first4=2BA937F2
2026-07-26T11:20:45.973298+00:00 SYNC_NOT_FOUND first4=2E3D69AE
SYNC_NOT_FOUND first4=116844AB
SYNC_NOT_FOUND first4=08DDE2A5
SYNC_NOT_FOUND first4=FE696B0D
SYNC_NOT_FOUND first4=7CDAC8F4
SYNC_NOT_FOUND first4=01181635
SYNC_NOT_FOUND first4=BC757390
2026-07-26T11:20:46.983987+00:00 PHASE_RESULT 13 HF-FLRC-2600-64 pktSize=64 rx=0 unique=0 lost=100 per=100.0 rssi_avg=0 rssi_min=0 crc_err=0 garbage=8 tx_lat=0.00000 tx_lon=0.00000 sats=0 fix=0 utc=0 tx_fw=none rx_fw=unknown
PHASE_GUARD 500
PHASE_START 14 HF-FLRC-2600-128 pktSize=128
SYNC_NOT_FOUND first4=528560AD
SYNC_NOT_FOUND first4=9F2F7213
SYNC_NOT_FOUND first4=1D4E413D
2026-07-26T11:20:47.995156+00:00 SYNC_NOT_FOUND first4=1042AEDA
SYNC_NOT_FOUND first4=011A7F53
SYNC_NOT_FOUND first4=4E5B2F98
SYNC_NOT_FOUND first4=08DB535B
SYNC_NOT_FOUND first4=A0929457
SYNC_NOT_FOUND first4=F6778AF0
2026-07-26T11:20:49.006307+00:00 SYNC_NOT_FOUND first4=41B5BFD0
PHASE_RESULT 14 HF-FLRC-2600-128 pktSize=128 rx=0 unique=0 lost=100 per=100.0 rssi_avg=0 rssi_min=0 crc_err=0 garbage=10 tx_lat=0.00000 tx_lon=0.00000 sats=0 fix=0 utc=0 tx_fw=none rx_fw=unknown
PHASE_GUARD 500
PHASE_START 15 HF-FLRC-2600-255 pktSize=255
SYNC_NOT_FOUND first4=D2982432
SYNC_NOT_FOUND first4=B2354E50
SYNC_NOT_FOUND first4=0CE01693
2026-07-26T11:20:50.017356+00:00 SYNC_NOT_FOUND first4=45516431
SYNC_NOT_FOUND first4=CB880087
SYNC_NOT_FOUND first4=554F2D88
SYNC_NOT_FOUND first4=5B52C272
SYNC_NOT_FOUND first4=745F6B58
2026-07-26T11:20:51.029403+00:00 PHASE_RESULT 15 HF-FLRC-2600-255 pktSize=255 rx=0 unique=0 lost=100 per=100.0 rssi_avg=0 rssi_min=0 crc_err=0 garbage=8 tx_lat=0.00000 tx_lon=0.00000 sats=0 fix=0 utc=0 tx_fw=none rx_fw=unknown
PHASE_GUARD 500
PHASE_START 16 HF-FLRC-1300-32 pktSize=32
SYNC_NOT_FOUND first4=928CA169
SYNC_NOT_FOUND first4=54720265
2026-07-26T11:20:52.040817+00:00 SYNC_NOT_FOUND first4=ECFBFE42
SYNC_NOT_FOUND first4=1CD4ED31
SYNC_NOT_FOUND first4=E29358EA
SYNC_NOT_FOUND first4=30F9EB99
SYNC_NOT_FOUND first4=36239FE3
2026-07-26T11:20:53.051990+00:00 PHASE_RESULT 16 HF-FLRC-1300-32 pktSize=32 rx=0 unique=0 lost=100 per=100.0 rssi_avg=0 rssi_min=0 crc_err=0 garbage=7 tx_lat=0.00000 tx_lon=0.00000 sats=0 fix=0 utc=0 tx_fw=none rx_fw=unknown
PHASE_GUARD 500
PHASE_START 17 HF-FLRC-1300-64 pktSize=64
SYNC_NOT_FOUND first4=9CAC9EF6
SYNC_NOT_FOUND first4=A6457281
TIME_SYNCED utc=1785064852 offset=1785062475
SYNC_NOT_FOUND first4=1FDDD6AA
SYNC_NOT_FOUND first4=B262DF63
SYNC_NOT_FOUND first4=5C67DB31
2026-07-26T11:20:54.064202+00:00 TIME_SYNCED utc=1785064853 offset=1785062476
SYNC_NOT_FOUND first4=AE8B4723
PHASE_RESULT 17 HF-FLRC-1300-64 pktSize=64 rx=0 unique=0 lost=100 per=100.0 rssi_avg=0 rssi_min=0 crc_err=0 garbage=6 tx_lat=0.00000 tx_lon=0.00000 sats=0 fix=0 utc=0 tx_fw=none rx_fw=unknown
PHASE_GUARD 500
PHASE_START 18 HF-FLRC-1300-128 pktSize=128
SYNC_NOT_FOUND first4=4EB468B7
2026-07-26T11:20:55.075281+00:00 SYNC_NOT_FOUND first4=CD54D88E
2026-07-26T11:20:56.086452+00:00 PHASE_RESULT 18 HF-FLRC-1300-128 pktSize=128 rx=0 unique=0 lost=100 per=100.0 rssi_avg=0 rssi_min=0 crc_err=0 garbage=2 tx_lat=0.00000 tx_lon=0.00000 sats=0 fix=0 utc=0 tx_fw=none rx_fw=unknown
PHASE_GUARD 500
PHASE_START 19 HF-FLRC-1300-255 pktSize=255
SYNC_NOT_FOUND first4=85333BA8
2026-07-26T11:20:57.097991+00:00 SYNC_NOT_FOUND first4=FC879F9A
2026-07-26T11:20:58.108910+00:00 PHASE_RESULT 19 HF-FLRC-1300-255 pktSize=255 rx=0 unique=0 lost=100 per=100.0 rssi_avg=0 rssi_min=0 crc_err=0 garbage=2 tx_lat=0.00000 tx_lon=0.00000 sats=0 fix=0 utc=0 tx_fw=none rx_fw=unknown
PHASE_GUARD 500
PHASE_START 20 HF-FLRC-650-32 pktSize=32
SYNC_NOT_FOUND first4=0A57C367
SYNC_NOT_FOUND first4=716A345F
SYNC_NOT_FOUND first4=316670A4
SYNC_NOT_FOUND first4=8986D552
SYNC_NOT_FOUND first4=1A08BB8C
SYNC_NOT_FOUND first4=73B1AB04
SYNC_NOT_FOUND first4=DA0BBF0C
SYNC_NOT_FOUND first4=82F5289F
SYNC_NOT_FOUND first4=A1B5F301
SYNC_NOT_FOUND first4=B21727C6
2026-07-26T11:20:59.120145+00:00 SYNC_NOT_FOUND first4=78539989
SYNC_NOT_FOUND first4=04329115
SYNC_NOT_FOUND first4=0B3702FB
SYNC_NOT_FOUND first4=08A94200
SYNC_NOT_FOUND first4=BB3EDAA4
SYNC_NOT_FOUND first4=484CEBF5
SYNC_NOT_FOUND first4=0E434414
SYNC_NOT_FOUND first4=7499C265
SYNC_NOT_FOUND first4=CA527BBD
SYNC_NOT_FOUND first4=6CE09C4D
SYNC_NOT_FOUND first4=B63E2FA7
SYNC_NOT_FOUND first4=30BAC7E3
SYNC_NOT_FOUND first4=806C1A3D
SYNC_NOT_FOUND first4=0F7BF0BC
SYNC_NOT_FOUND first4=E3B21856
SYNC_NOT_FOUND first4=328A3181
SYNC_NOT_FOUND first4=84A33228
SYNC_NOT_FOUND first4=F93F6511
SYNC_NOT_FOUND first4=175E855A
SYNC_NOT_FOUND first4=7E77C501
SYNC_NOT_FOUND first4=D304634A
SYNC_NOT_FOUND first4=0E6CED7F
SYNC_NOT_FOUND first4=55974F73
SYNC_NOT_FOUND first4=4B5E555C
SYNC_NOT_FOUND first4=2651CD89
SYNC_NOT_FOUND first4=8DD6C8B8
SYNC_NOT_FOUND first4=17EA9268
SYNC_NOT_FOUND first4=AF84AA93
SYNC_NOT_FOUND first4=359F11FA
SYNC_NOT_FOUND first4=087DAE73
2026-07-26T11:21:00.131141+00:00 PHASE_RESULT 20 HF-FLRC-650-32 pktSize=32 rx=0 unique=0 lost=100 per=100.0 rssi_avg=0 rssi_min=0 crc_err=0 garbage=40 tx_lat=0.00000 tx_lon=0.00000 sats=0 fix=0 utc=0 tx_fw=none rx_fw=unknown
PHASE_GUARD 500
PHASE_START 21 HF-FLRC-650-64 pktSize=64
SYNC_NOT_FOUND first4=D6374AB1
SYNC_NOT_FOUND first4=8AAC71F3
SYNC_NOT_FOUND first4=38619AA3
SYNC_NOT_FOUND first4=AE653D41
SYNC_NOT_FOUND first4=9148974D
SYNC_NOT_FOUND first4=D72D9ECA
SYNC_NOT_FOUND first4=5DD68322
SYNC_NOT_FOUND first4=AC9923AD
SYNC_NOT_FOUND first4=05A840CF
SYNC_NOT_FOUND first4=A45F8A43
SYNC_NOT_FOUND first4=A484BF53
SYNC_NOT_FOUND first4=6B3F5AE0
SYNC_NOT_FOUND first4=C04D20CC
SYNC_NOT_FOUND first4=755F2936
SYNC_NOT_FOUND first4=F541ACC0
SYNC_NOT_FOUND first4=E5194164
SYNC_NOT_FOUND first4=32A4898D
SYNC_NOT_FOUND first4=DA738AF6
SYNC_NOT_FOUND first4=C246CDB5
SYNC_NOT_FOUND first4=8585C37F
SYNC_NOT_FOUND first4=B768CFE0
SYNC_NOT_FOUND first4=49452352
SYNC_NOT_FOUND first4=C7CFAF9B
SYNC_NOT_FOUND first4=6B3576E0
SYNC_NOT_FOUND first4=B818B0B9
SYNC_NOT_FOUND first4=6BF17B3E
SYNC_NOT_FOUND first4=57A2B75F
SYNC_NOT_FOUND first4=54CFC84B
SYNC_NOT_FOUND first4=91061722
SYNC_NOT_FOUND first4=9F45BB87
2026-07-26T11:21:01.142476+00:00 SYNC_NOT_FOUND first4=F5086C74
SYNC_NOT_FOUND first4=F586E5FE
SYNC_NOT_FOUND first4=705D9098
SYNC_NOT_FOUND first4=B7AD7632
SYNC_NOT_FOUND first4=C8BC10FB
SYNC_NOT_FOUND first4=97BA7F03
SYNC_NOT_FOUND first4=B5F2EB7F
SYNC_NOT_FOUND first4=98E0F78D
SYNC_NOT_FOUND first4=DBC01DF7
SYNC_NOT_FOUND first4=2760989E
SYNC_NOT_FOUND first4=68E2AE84
SYNC_NOT_FOUND first4=F2D584B0
SYNC_NOT_FOUND first4=EA007AF5
SYNC_NOT_FOUND first4=A13BA698
SYNC_NOT_FOUND first4=CF7E242E
SYNC_NOT_FOUND first4=2040089D
SYNC_NOT_FOUND first4=BBDD741C
SYNC_NOT_FOUND first4=EB225746
SYNC_NOT_FOUND first4=22DBAF49
SYNC_NOT_FOUND first4=70286C92
SYNC_NOT_FOUND first4=82D34978
SYNC_NOT_FOUND first4=19BF133F
SYNC_NOT_FOUND first4=E2E806D8
SYNC_NOT_FOUND first4=509DC593
SYNC_NOT_FOUND first4=B211240C
SYNC_NOT_FOUND first4=91DFC4F3
PHASE_RESULT 21 HF-FLRC-650-64 pktSize=64 rx=0 unique=0 lost=100 per=100.0 rssi_avg=0 rssi_min=0 crc_err=0 garbage=56 tx_lat=0.00000 tx_lon=0.00000 sats=0 fix=0 utc=0 tx_fw=none rx_fw=unknown
2026-07-26T11:21:02.153063+00:00 PHASE_GUARD 500
PHASE_START 22 HF-FLRC-650-128 pktSize=128
SYNC_NOT_FOUND first4=4B008E27
SYNC_NOT_FOUND first4=69A4C1CA
SYNC_NOT_FOUND first4=84C82559
SYNC_NOT_FOUND first4=AEE388D1
SYNC_NOT_FOUND first4=F249C58E
SYNC_NOT_FOUND first4=0B381A52
SYNC_NOT_FOUND first4=29AF2DE4
SYNC_NOT_FOUND first4=935BDFCE
SYNC_NOT_FOUND first4=497B3E5A
SYNC_NOT_FOUND first4=439D6320
SYNC_NOT_FOUND first4=81A76BD0
SYNC_NOT_FOUND first4=ED8E9240
SYNC_NOT_FOUND first4=6B01013B
SYNC_NOT_FOUND first4=664478CF
2026-07-26T11:21:03.164249+00:00 SYNC_NOT_FOUND first4=CBBFD0BD
SYNC_NOT_FOUND first4=4E247CAC
SYNC_NOT_FOUND first4=30E3DB75
SYNC_NOT_FOUND first4=F69E3DB6
SYNC_NOT_FOUND first4=5C819A31
SYNC_NOT_FOUND first4=BCD3602B
SYNC_NOT_FOUND first4=8670B666
SYNC_NOT_FOUND first4=471A91FD
SYNC_NOT_FOUND first4=97D86198
SYNC_NOT_FOUND first4=662874D8
SYNC_NOT_FOUND first4=FD157490
SYNC_NOT_FOUND first4=CC5240AC
SYNC_NOT_FOUND first4=731384A3
TIME_SYNCED utc=1785064862 offset=1785062475
SYNC_NOT_FOUND first4=4F915E1C
SYNC_NOT_FOUND first4=72F460E5
SYNC_NOT_FOUND first4=D0A2775F
SYNC_NOT_FOUND first4=668BFF4A
SYNC_NOT_FOUND first4=2600EE1F
SYNC_NOT_FOUND first4=80941120
SYNC_NOT_FOUND first4=E6778021
SYNC_NOT_FOUND first4=0C2D2F8E
SYNC_NOT_FOUND first4=48C6285B
SYNC_NOT_FOUND first4=3D491EB0
SYNC_NOT_FOUND first4=D9262D55
SYNC_NOT_FOUND first4=5CCE09C4
2026-07-26T11:21:04.176207+00:00 SYNC_NOT_FOUND first4=00413118
TIME_SYNCED utc=1785064863 offset=1785062475
SYNC_NOT_FOUND first4=0F81C689
SYNC_NOT_FOUND first4=AC0E0091
SYNC_NOT_FOUND first4=830D1B6E
SYNC_NOT_FOUND first4=41189EF0
SYNC_NOT_FOUND first4=939F45B7
SYNC_NOT_FOUND first4=8FFC0F96
SYNC_NOT_FOUND first4=D1D4A88F
SYNC_NOT_FOUND first4=B94F47C4
SYNC_NOT_FOUND first4=04E951BC
SYNC_NOT_FOUND first4=47B2F2B4
SYNC_NOT_FOUND first4=7D39032C
SYNC_NOT_FOUND first4=64991C76
SYNC_NOT_FOUND first4=9B3EF559
SYNC_NOT_FOUND first4=D45FFF88
SYNC_NOT_FOUND first4=97AF9703
SYNC_NOT_FOUND first4=47083E93
SYNC_NOT_FOUND first4=6305224D
PHASE_RESULT 22 HF-FLRC-650-128 pktSize=128 rx=0 unique=0 lost=100 per=100.0 rssi_avg=0 rssi_min=0 crc_err=0 garbage=57 tx_lat=0.00000 tx_lon=0.00000 sats=0 fix=0 utc=0 tx_fw=none rx_fw=unknown
PHASE_GUARD 500
2026-07-26T11:21:05.186804+00:00 PHASE_START 23 HF-FLRC-650-255 pktSize=255
SYNC_NOT_FOUND first4=261C97A9
SYNC_NOT_FOUND first4=BEDCBA69
SYNC_NOT_FOUND first4=6E9EB249
SYNC_NOT_FOUND first4=DE213C69
SYNC_NOT_FOUND first4=B652D8E5
SYNC_NOT_FOUND first4=8F4F3F5A
SYNC_NOT_FOUND first4=9B0B0465
SYNC_NOT_FOUND first4=8EE24AB4
SYNC_NOT_FOUND first4=2A01459D
SYNC_NOT_FOUND first4=A580DDD5
SYNC_NOT_FOUND first4=0A042289
SYNC_NOT_FOUND first4=1C6EC251
SYNC_NOT_FOUND first4=EEF2348D
SYNC_NOT_FOUND first4=A32DC630
SYNC_NOT_FOUND first4=15C390FC
2026-07-26T11:21:06.199294+00:00 SYNC_NOT_FOUND first4=42969537
SYNC_NOT_FOUND first4=01D20938
SYNC_NOT_FOUND first4=60B9A695
SYNC_NOT_FOUND first4=1967A3CA
SYNC_NOT_FOUND first4=A9689922
SYNC_NOT_FOUND first4=1AA30BD6
SYNC_NOT_FOUND first4=077641A7
SYNC_NOT_FOUND first4=000CDE90
SYNC_NOT_FOUND first4=3BA84066
SYNC_NOT_FOUND first4=1E11AA79
SYNC_NOT_FOUND first4=E9485C24
SYNC_NOT_FOUND first4=ACAFD136
SYNC_NOT_FOUND first4=4A60C748
SYNC_NOT_FOUND first4=80EE5E6E
SYNC_NOT_FOUND first4=6D1E38CC
SYNC_NOT_FOUND first4=9E2F443B
SYNC_NOT_FOUND first4=19FDA5D1
SYNC_NOT_FOUND first4=8B33A2CA
SYNC_NOT_FOUND first4=2E1CE369
SYNC_NOT_FOUND first4=7BD4EE37
SYNC_NOT_FOUND first4=CE5364E9
SYNC_NOT_FOUND first4=F8AC2CB5
SYNC_NOT_FOUND first4=8B06E652
SYNC_NOT_FOUND first4=4CA066C9
PHASE_RESULT 23 HF-FLRC-650-255 pktSize=255 rx=0 unique=0 lost=100 per=100.0 rssi_avg=0 rssi_min=0 crc_err=0 garbage=39 tx_lat=0.00000 tx_lon=0.00000 sats=0 fix=0 utc=0 tx_fw=none rx_fw=unknown
PHASE_GUARD 500
2026-07-26T11:21:07.209989+00:00 PHASE_START 24 HF-FLRC-325-32 pktSize=32
SYNC_NOT_FOUND first4=6EE8B754
SYNC_NOT_FOUND first4=19FC4FD8
SYNC_NOT_FOUND first4=8BE633F1
SYNC_NOT_FOUND first4=BC76E40E
2026-07-26T11:21:08.220617+00:00 SYNC_NOT_FOUND first4=7F2B0239
SYNC_NOT_FOUND first4=83DEA7D7
SYNC_NOT_FOUND first4=4B3E8959
PHASE_RESULT 24 HF-FLRC-325-32 pktSize=32 rx=0 unique=0 lost=100 per=100.0 rssi_avg=0 rssi_min=0 crc_err=0 garbage=7 tx_lat=0.00000 tx_lon=0.00000 sats=0 fix=0 utc=0 tx_fw=none rx_fw=unknown
PHASE_GUARD 500
2026-07-26T11:21:09.232080+00:00 PHASE_START 25 HF-FLRC-325-64 pktSize=64
SYNC_NOT_FOUND first4=8FA7746A
SYNC_NOT_FOUND first4=A00CDB9C
SYNC_NOT_FOUND first4=1DD4308A
SYNC_NOT_FOUND first4=7B131EA6
SYNC_NOT_FOUND first4=E5523F97
2026-07-26T11:21:10.235910+00:00 SYNC_NOT_FOUND first4=2DCED350
SYNC_NOT_FOUND first4=166FA69A
SYNC_NOT_FOUND first4=5B8A2404
SYNC_NOT_FOUND first4=ED054597
SYNC_NOT_FOUND first4=EF158AD8
PHASE_RESULT 25 HF-FLRC-325-64 pktSize=64 rx=0 unique=0 lost=100 per=100.0 rssi_avg=0 rssi_min=0 crc_err=0 garbage=10 tx_lat=0.00000 tx_lon=0.00000 sats=0 fix=0 utc=0 tx_fw=none rx_fw=unknown
PHASE_GUARD 500
2026-07-26T11:21:11.242245+00:00 PHASE_START 26 HF-FLRC-325-128 pktSize=128
SYNC_NOT_FOUND first4=AD549B2E
SYNC_NOT_FOUND first4=34996F23
2026-07-26T11:21:12.253401+00:00 SYNC_NOT_FOUND first4=56E47AB3
SYNC_NOT_FOUND first4=2C3E728E
SYNC_NOT_FOUND first4=0ACB3A35
PHASE_RESULT 26 HF-FLRC-325-128 pktSize=128 rx=0 unique=0 lost=100 per=100.0 rssi_avg=0 rssi_min=0 crc_err=0 garbage=5 tx_lat=0.00000 tx_lon=0.00000 sats=0 fix=0 utc=0 tx_fw=none rx_fw=unknown
PHASE_GUARD 500
2026-07-26T11:21:13.264536+00:00 PHASE_START 27 HF-FLRC-325-255 pktSize=255
TIME_SYNCED utc=1785064872 offset=1785062475
SYNC_NOT_FOUND first4=2455B252
SYNC_NOT_FOUND first4=1CAA49D3
2026-07-26T11:21:14.276095+00:00 TIME_SYNCED utc=1785064873 offset=1785062475
SYNC_NOT_FOUND first4=9AFD81E2
SYNC_NOT_FOUND first4=3C1B4475
PHASE_RESULT 27 HF-FLRC-325-255 pktSize=255 rx=0 unique=0 lost=100 per=100.0 rssi_avg=0 rssi_min=0 crc_err=0 garbage=4 tx_lat=0.00000 tx_lon=0.00000 sats=0 fix=0 utc=0 tx_fw=none rx_fw=unknown
PHASE_GUARD 500
LORA_CFG path=0 bw=0x05 sf=7
2026-07-26T11:21:15.288224+00:00 PHASE_START 28 LF-LoRa-SF7-32 pktSize=32
2026-07-26T11:21:16.299318+00:00 PHASE_RESULT 28 LF-LoRa-SF7-32 pktSize=32 rx=0 unique=0 lost=20 per=100.0 rssi_avg=0 rssi_min=0 crc_err=0 garbage=0 tx_lat=0.00000 tx_lon=0.00000 sats=0 fix=0 utc=0 tx_fw=none rx_fw=unknown
PHASE_GUARD 500
LORA_CFG path=0 bw=0x05 sf=7
PHASE_START 29 LF-LoRa-SF7-64 pktSize=64
2026-07-26T11:21:19.415470+00:00 PHASE_RESULT 29 LF-LoRa-SF7-64 pktSize=64 rx=0 unique=0 lost=20 per=100.0 rssi_avg=0 rssi_min=0 crc_err=0 garbage=0 tx_lat=0.00000 tx_lon=0.00000 sats=0 fix=0 utc=0 tx_fw=none rx_fw=unknown
PHASE_GUARD 500
LORA_CFG path=0 bw=0x05 sf=7
PHASE_START 30 LF-LoRa-SF7-128 pktSize=128
2026-07-26T11:21:23.572838+00:00 TIME_SYNCED utc=1785064882 offset=1785062475
PHASE_RESULT 30 LF-LoRa-SF7-128 pktSize=128 rx=0 unique=0 lost=13 per=100.0 rssi_avg=0 rssi_min=0 crc_err=0 garbage=0 tx_lat=0.00000 tx_lon=0.00000 sats=0 fix=0 utc=0 tx_fw=none rx_fw=unknown
PHASE_GUARD 500
LORA_CFG path=0 bw=0x05 sf=7
PHASE_START 31 LF-LoRa-SF7-255 pktSize=255
2026-07-26T11:21:24.585235+00:00 TIME_SYNCED utc=1785064883 offset=1785062475
2026-07-26T11:21:27.699840+00:00 PHASE_RESULT 31 LF-LoRa-SF7-255 pktSize=255 rx=0 unique=0 lost=7 per=100.0 rssi_avg=0 rssi_min=0 crc_err=0 garbage=0 tx_lat=0.00000 tx_lon=0.00000 sats=0 fix=0 utc=0 tx_fw=none rx_fw=unknown
PHASE_GUARD 500
LORA_CFG path=0 bw=0x05 sf=9
PHASE_START 32 LF-LoRa-SF9-32 pktSize=32
2026-07-26T11:21:31.867000+00:00 PHASE_RESULT 32 LF-LoRa-SF9-32 pktSize=32 rx=0 unique=0 lost=7 per=100.0 rssi_avg=0 rssi_min=0 crc_err=0 garbage=0 tx_lat=0.00000 tx_lon=0.00000 sats=0 fix=0 utc=0 tx_fw=none rx_fw=unknown
PHASE_GUARD 500
LORA_CFG path=0 bw=0x05 sf=9
PHASE_START 33 LF-LoRa-SF9-64 pktSize=64
2026-07-26T11:21:32.882289+00:00 TIME_SYNCED utc=1785064892 offset=1785062475
2026-07-26T11:21:34.947303+00:00 TIME_SYNCED utc=1785064893 offset=1785062475
PHASE_RESULT 33 LF-LoRa-SF9-64 pktSize=64 rx=0 unique=0 lost=3 per=100.0 rssi_avg=0 rssi_min=0 crc_err=0 garbage=0 tx_lat=0.00000 tx_lon=0.00000 sats=0 fix=0 utc=0 tx_fw=none rx_fw=unknown
PHASE_GUARD 500
LORA_CFG path=0 bw=0x05 sf=9
PHASE_START 34 LF-LoRa-SF9-128 pktSize=128
2026-07-26T11:21:37.010137+00:00 PHASE_RESULT 34 LF-LoRa-SF9-128 pktSize=128 rx=0 unique=0 lost=1 per=100.0 rssi_avg=0 rssi_min=0 crc_err=0 garbage=0 tx_lat=0.00000 tx_lon=0.00000 sats=0 fix=0 utc=0 tx_fw=none rx_fw=unknown
PHASE_GUARD 500
LORA_CFG path=0 bw=0x05 sf=9
PHASE_START 35 LF-LoRa-SF9-255 pktSize=255
2026-07-26T11:21:40.127413+00:00 PHASE_RESULT 35 LF-LoRa-SF9-255 pktSize=255 rx=0 unique=0 lost=1 per=100.0 rssi_avg=0 rssi_min=0 crc_err=0 garbage=0 tx_lat=0.00000 tx_lon=0.00000 sats=0 fix=0 utc=0 tx_fw=none rx_fw=unknown
2026-07-26T11:21:41.143221+00:00 PHASE_GUARD 500
LORA_CFG path=0 bw=0x05 sf=12
PHASE_START 36 LF-LoRa-SF12-32 pktSize=32
2026-07-26T11:21:43.207836+00:00 TIME_SYNCED utc=1785064902 offset=1785062475
2026-07-26T11:21:45.272231+00:00 TIME_SYNCED utc=1785064904 offset=1785062475
2026-07-26T11:21:53.648203+00:00 TIME_SYNCED utc=1785064912 offset=1785062475
2026-07-26T11:21:55.705897+00:00 TIME_SYNCED utc=1785064914 offset=1785062475
PHASE_RESULT 36 LF-LoRa-SF12-32 pktSize=32 rx=0 unique=0 lost=1 per=100.0 rssi_avg=0 rssi_min=0 crc_err=0 garbage=0 tx_lat=0.00000 tx_lon=0.00000 sats=0 fix=0 utc=0 tx_fw=none rx_fw=unknown
PHASE_GUARD 500
LORA_CFG path=0 bw=0x05 sf=12
PHASE_START 37 LF-LoRa-SF12-SKIP SKIP pktSize=64
2026-07-26T11:21:56.718991+00:00 PHASE_RESULT 37 LF-LoRa-SF12-SKIP pktSize=64 rx=0 unique=0 lost=0 per=0.0 rssi_avg=0 rssi_min=0 crc_err=0 garbage=0 tx_lat=0.00000 tx_lon=0.00000 sats=0 fix=0 utc=0 tx_fw=none rx_fw=unknown
PHASE_GUARD 500
LORA_CFG path=0 bw=0x05 sf=12
PHASE_START 38 LF-LoRa-SF12-SKIP SKIP pktSize=128
2026-07-26T11:21:57.723295+00:00 PHASE_RESULT 38 LF-LoRa-SF12-SKIP pktSize=128 rx=0 unique=0 lost=0 per=0.0 rssi_avg=0 rssi_min=0 crc_err=0 garbage=0 tx_lat=0.00000 tx_lon=0.00000 sats=0 fix=0 utc=0 tx_fw=none rx_fw=unknown
PHASE_GUARD 500
LORA_CFG path=0 bw=0x05 sf=12
PHASE_START 39 LF-LoRa-SF12-SKIP SKIP pktSize=255
2026-07-26T11:21:58.734247+00:00 PHASE_RESULT 39 LF-LoRa-SF12-SKIP pktSize=255 rx=0 unique=0 lost=0 per=0.0 rssi_avg=0 rssi_min=0 crc_err=0 garbage=0 tx_lat=0.00000 tx_lon=0.00000 sats=0 fix=0 utc=0 tx_fw=none rx_fw=unknown
PHASE_GUARD 500
PHASE_START 40 LF-FLRC-2600-32 pktSize=32
2026-07-26T11:21:59.748405+00:00 SYNC_NOT_FOUND first4=4934D73F
SYNC_NOT_FOUND first4=CDE3DC89
2026-07-26T11:22:00.764874+00:00 SYNC_NOT_FOUND first4=D180FFD5
PHASE_RESULT 40 LF-FLRC-2600-32 pktSize=32 rx=0 unique=0 lost=100 per=100.0 rssi_avg=0 rssi_min=0 crc_err=0 garbage=3 tx_lat=0.00000 tx_lon=0.00000 sats=0 fix=0 utc=0 tx_fw=none rx_fw=unknown
PHASE_GUARD 500
PHASE_START 41 LF-FLRC-2600-64 pktSize=64
SYNC_NOT_FOUND first4=27DD6581
2026-07-26T11:22:01.775622+00:00 SYNC_NOT_FOUND first4=91832D9A
2026-07-26T11:22:02.779750+00:00 PHASE_RESULT 41 LF-FLRC-2600-64 pktSize=64 rx=0 unique=0 lost=100 per=100.0 rssi_avg=0 rssi_min=0 crc_err=0 garbage=2 tx_lat=0.00000 tx_lon=0.00000 sats=0 fix=0 utc=0 tx_fw=none rx_fw=unknown
PHASE_GUARD 500
PHASE_START 42 LF-FLRC-2600-128 pktSize=128
2026-07-26T11:22:03.784211+00:00 TIME_SYNCED utc=1785064922 offset=1785062475
SYNC_NOT_FOUND first4=8464FB51
2026-07-26T11:22:04.796218+00:00 PHASE_RESULT 42 LF-FLRC-2600-128 pktSize=128 rx=0 unique=0 lost=100 per=100.0 rssi_avg=0 rssi_min=0 crc_err=0 garbage=1 tx_lat=0.00000 tx_lon=0.00000 sats=0 fix=0 utc=0 tx_fw=none rx_fw=unknown
PHASE_GUARD 500
PHASE_START 43 LF-FLRC-2600-255 pktSize=255
2026-07-26T11:22:05.811238+00:00 TIME_SYNCED utc=1785064924 offset=1785062475
2026-07-26T11:22:06.823123+00:00 PHASE_RESULT 43 LF-FLRC-2600-255 pktSize=255 rx=0 unique=0 lost=100 per=100.0 rssi_avg=0 rssi_min=0 crc_err=0 garbage=0 tx_lat=0.00000 tx_lon=0.00000 sats=0 fix=0 utc=0 tx_fw=none rx_fw=unknown
PHASE_GUARD 500
PHASE_START 44 LF-FLRC-1300-32 pktSize=32
2026-07-26T11:22:08.885292+00:00 PHASE_RESULT 44 LF-FLRC-1300-32 pktSize=32 rx=0 unique=0 lost=100 per=100.0 rssi_avg=0 rssi_min=0 crc_err=0 garbage=0 tx_lat=0.00000 tx_lon=0.00000 sats=0 fix=0 utc=0 tx_fw=none rx_fw=unknown
PHASE_GUARD 500
PHASE_START 45 LF-FLRC-1300-64 pktSize=64
2026-07-26T11:22:10.950149+00:00 PHASE_RESULT 45 LF-FLRC-1300-64 pktSize=64 rx=0 unique=0 lost=100 per=100.0 rssi_avg=0 rssi_min=0 crc_err=0 garbage=0 tx_lat=0.00000 tx_lon=0.00000 sats=0 fix=0 utc=0 tx_fw=none rx_fw=unknown
PHASE_GUARD 500
PHASE_START 46 LF-FLRC-1300-128 pktSize=128
2026-07-26T11:22:13.015690+00:00 PHASE_RESULT 46 LF-FLRC-1300-128 pktSize=128 rx=0 unique=0 lost=100 per=100.0 rssi_avg=0 rssi_min=0 crc_err=0 garbage=0 tx_lat=0.00000 tx_lon=0.00000 sats=0 fix=0 utc=0 tx_fw=none rx_fw=unknown
PHASE_GUARD 500
PHASE_START 47 LF-FLRC-1300-255 pktSize=255
TIME_SYNCED utc=1785064932 offset=1785062475
2026-07-26T11:22:15.079085+00:00 PHASE_RESULT 47 LF-FLRC-1300-255 pktSize=255 rx=0 unique=0 lost=100 per=100.0 rssi_avg=0 rssi_min=0 crc_err=0 garbage=0 tx_lat=0.00000 tx_lon=0.00000 sats=0 fix=0 utc=0 tx_fw=none rx_fw=unknown
PHASE_GUARD 500
PHASE_START 48 LF-FLRC-650-32 pktSize=32
SYNC_NOT_FOUND first4=3F96B0E9
SYNC_NOT_FOUND first4=A2611DD8
2026-07-26T11:22:16.090104+00:00 TIME_SYNCED utc=1785064935 offset=1785062476
PHASE_RESULT 48 LF-FLRC-650-32 pktSize=32 rx=0 unique=0 lost=100 per=100.0 rssi_avg=0 rssi_min=0 crc_err=0 garbage=2 tx_lat=0.00000 tx_lon=0.00000 sats=0 fix=0 utc=0 tx_fw=none rx_fw=unknown
PHASE_GUARD 500
PHASE_START 49 LF-FLRC-650-64 pktSize=64
SYNC_NOT_FOUND first4=A3032390
SYNC_NOT_FOUND first4=CB16D49D
2026-07-26T11:22:17.106491+00:00 SYNC_NOT_FOUND first4=E977C89F
SYNC_NOT_FOUND first4=F4D4462E
2026-07-26T11:22:18.121354+00:00 PHASE_RESULT 49 LF-FLRC-650-64 pktSize=64 rx=0 unique=0 lost=100 per=100.0 rssi_avg=0 rssi_min=0 crc_err=0 garbage=4 tx_lat=0.00000 tx_lon=0.00000 sats=0 fix=0 utc=0 tx_fw=none rx_fw=unknown
PHASE_GUARD 500
PHASE_START 50 LF-FLRC-650-128 pktSize=128
2026-07-26T11:22:19.137159+00:00 SYNC_NOT_FOUND first4=13E00F1D
SYNC_NOT_FOUND first4=A32C3D63
PHASE_RESULT 50 LF-FLRC-650-128 pktSize=128 rx=0 unique=0 lost=100 per=100.0 rssi_avg=0 rssi_min=0 crc_err=0 garbage=2 tx_lat=0.00000 tx_lon=0.00000 sats=0 fix=0 utc=0 tx_fw=none rx_fw=unknown
PHASE_GUARD 500
2026-07-26T11:22:20.149080+00:00 PHASE_START 51 LF-FLRC-650-255 pktSize=255
SYNC_NOT_FOUND first4=6C00D2B4
2026-07-26T11:22:21.160175+00:00 PHASE_RESULT 51 LF-FLRC-650-255 pktSize=255 rx=0 unique=0 lost=100 per=100.0 rssi_avg=0 rssi_min=0 crc_err=0 garbage=1 tx_lat=0.00000 tx_lon=0.00000 sats=0 fix=0 utc=0 tx_fw=none rx_fw=unknown
PHASE_GUARD 500
2026-07-26T11:22:22.174196+00:00 PHASE_START 52 LF-FLRC-325-32 pktSize=32
2026-07-26T11:22:23.190299+00:00 TIME_SYNCED utc=1785064942 offset=1785062475
2026-07-26T11:22:24.202075+00:00 PHASE_RESULT 52 LF-FLRC-325-32 pktSize=32 rx=0 unique=0 lost=100 per=100.0 rssi_avg=0 rssi_min=0 crc_err=0 garbage=0 tx_lat=0.00000 tx_lon=0.00000 sats=0 fix=0 utc=0 tx_fw=none rx_fw=unknown
PHASE_GUARD 500
2026-07-26T11:22:25.214109+00:00 PHASE_START 53 LF-FLRC-325-64 pktSize=64
2026-07-26T11:22:26.225236+00:00 TIME_SYNCED utc=1785064945 offset=1785062475
PHASE_RESULT 53 LF-FLRC-325-64 pktSize=64 rx=0 unique=0 lost=100 per=100.0 rssi_avg=0 rssi_min=0 crc_err=0 garbage=0 tx_lat=0.00000 tx_lon=0.00000 sats=0 fix=0 utc=0 tx_fw=none rx_fw=unknown
PHASE_GUARD 500
2026-07-26T11:22:27.239352+00:00 PHASE_START 54 LF-FLRC-325-128 pktSize=128
2026-07-26T11:22:28.250233+00:00 PHASE_RESULT 54 LF-FLRC-325-128 pktSize=128 rx=0 unique=0 lost=100 per=100.0 rssi_avg=0 rssi_min=0 crc_err=0 garbage=0 tx_lat=0.00000 tx_lon=0.00000 sats=0 fix=0 utc=0 tx_fw=none rx_fw=unknown
PHASE_GUARD 500
2026-07-26T11:22:29.264717+00:00 PHASE_START 55 LF-FLRC-325-255 pktSize=255
2026-07-26T11:22:30.275693+00:00 PHASE_RESULT 55 LF-FLRC-325-255 pktSize=255 rx=0 unique=0 lost=100 per=100.0 rssi_avg=0 rssi_min=0 crc_err=0 garbage=0 tx_lat=0.00000 tx_lon=0.00000 sats=0 fix=0 utc=0 tx_fw=none rx_fw=unknown
PHASE_GUARD 500
LORA_CFG path=1 bw=0x0F sf=7
PHASE_START 0 HF-LoRa-SF7-32 pktSize=32
2026-07-26T11:22:32.337956+00:00 PHASE_RESULT 0 HF-LoRa-SF7-32 pktSize=32 rx=0 unique=0 lost=20 per=100.0 rssi_avg=0 rssi_min=0 crc_err=0 garbage=0 tx_lat=0.00000 tx_lon=0.00000 sats=0 fix=0 utc=0 tx_fw=none rx_fw=unknown
PHASE_GUARD 500
LORA_CFG path=1 bw=0x0F sf=7
PHASE_START 1 HF-LoRa-SF7-64 pktSize=64
2026-07-26T11:22:33.350205+00:00 TIME_SYNCED utc=1785064952 offset=1785062475
2026-07-26T11:22:34.365987+00:00 PHASE_RESULT 1 HF-LoRa-SF7-64 pktSize=64 rx=0 unique=0 lost=20 per=100.0 rssi_avg=0 rssi_min=0 crc_err=0 garbage=0 tx_lat=0.00000 tx_lon=0.00000 sats=0 fix=0 utc=0 tx_fw=none rx_fw=unknown
PHASE_GUARD 500
LORA_CFG path=1 bw=0x0F sf=7
PHASE_START 2 HF-LoRa-SF7-128 pktSize=128
2026-07-26T11:22:36.427884+00:00 TIME_SYNCED utc=1785064955 offset=1785062475
PHASE_RESULT 2 HF-LoRa-SF7-128 pktSize=128 rx=0 unique=0 lost=20 per=100.0 rssi_avg=0 rssi_min=0 crc_err=0 garbage=0 tx_lat=0.00000 tx_lon=0.00000 sats=0 fix=0 utc=0 tx_fw=none rx_fw=unknown
PHASE_GUARD 500
LORA_CFG path=1 bw=0x0F sf=7
PHASE_START 3 HF-LoRa-SF7-255 pktSize=255
2026-07-26T11:22:39.541780+00:00 PHASE_RESULT 3 HF-LoRa-SF7-255 pktSize=255 rx=0 unique=0 lost=20 per=100.0 rssi_avg=0 rssi_min=0 crc_err=0 garbage=0 tx_lat=0.00000 tx_lon=0.00000 sats=0 fix=0 utc=0 tx_fw=none rx_fw=unknown
PHASE_GUARD 500
LORA_CFG path=1 bw=0x0F sf=9
PHASE_START 4 HF-LoRa-SF9-32 pktSize=32
2026-07-26T11:22:41.609353+00:00 PHASE_RESULT 4 HF-LoRa-SF9-32 pktSize=32 rx=0 unique=0 lost=20 per=100.0 rssi_avg=0 rssi_min=0 crc_err=0 garbage=0 tx_lat=0.00000 tx_lon=0.00000 sats=0 fix=0 utc=0 tx_fw=none rx_fw=unknown
PHASE_GUARD 500
LORA_CFG path=1 bw=0x0F sf=9
PHASE_START 5 HF-LoRa-SF9-64 pktSize=64
2026-07-26T11:22:43.677359+00:00 TIME_SYNCED utc=1785064962 offset=1785062475
2026-07-26T11:22:44.689629+00:00 PHASE_RESULT 5 HF-LoRa-SF9-64 pktSize=64 rx=0 unique=0 lost=20 per=100.0 rssi_avg=0 rssi_min=0 crc_err=0 garbage=0 tx_lat=0.00000 tx_lon=0.00000 sats=0 fix=0 utc=0 tx_fw=none rx_fw=unknown
PHASE_GUARD 500
LORA_CFG path=1 bw=0x0F sf=9
PHASE_START 6 HF-LoRa-SF9-128 pktSize=128
2026-07-26T11:22:46.752350+00:00 TIME_SYNCED utc=1785064965 offset=1785062475
2026-07-26T11:22:48.815285+00:00 PHASE_RESULT 6 HF-LoRa-SF9-128 pktSize=128 rx=0 unique=0 lost=13 per=100.0 rssi_avg=0 rssi_min=0 crc_err=0 garbage=0 tx_lat=0.00000 tx_lon=0.00000 sats=0 fix=0 utc=0 tx_fw=none rx_fw=unknown
PHASE_GUARD 500
LORA_CFG path=1 bw=0x0F sf=9
PHASE_START 7 HF-LoRa-SF9-255 pktSize=255
2026-07-26T11:22:51.934189+00:00 PHASE_RESULT 7 HF-LoRa-SF9-255 pktSize=255 rx=0 unique=0 lost=6 per=100.0 rssi_avg=0 rssi_min=0 crc_err=0 garbage=0 tx_lat=0.00000 tx_lon=0.00000 sats=0 fix=0 utc=0 tx_fw=none rx_fw=unknown
PHASE_GUARD 500
LORA_CFG path=1 bw=0x0F sf=12
PHASE_START 8 HF-LoRa-SF12-32 pktSize=32
2026-07-26T11:22:52.950257+00:00 TIME_SYNCED utc=1785064972 offset=1785062475
2026-07-26T11:22:55.013187+00:00 PHASE_RESULT 8 HF-LoRa-SF12-32 pktSize=32 rx=0 unique=0 lost=2 per=100.0 rssi_avg=0 rssi_min=0 crc_err=0 garbage=0 tx_lat=0.00000 tx_lon=0.00000 sats=0 fix=0 utc=0 tx_fw=none rx_fw=unknown
PHASE_GUARD 500
LORA_CFG path=1 bw=0x0F sf=12
PHASE_START 9 HF-LoRa-SF12-64 pktSize=64
2026-07-26T11:22:57.079218+00:00 TIME_SYNCED utc=1785064976 offset=1785062476
PHASE_RESULT 9 HF-LoRa-SF12-64 pktSize=64 rx=0 unique=0 lost=1 per=100.0 rssi_avg=0 rssi_min=0 crc_err=0 garbage=0 tx_lat=0.00000 tx_lon=0.00000 sats=0 fix=0 utc=0 tx_fw=none rx_fw=unknown
PHASE_GUARD 500
LORA_CFG path=1 bw=0x0F sf=12
PHASE_START 10 HF-LoRa-SF12-128 pktSize=128
2026-07-26T11:23:01.243687+00:00 PHASE_RESULT 10 HF-LoRa-SF12-128 pktSize=128 rx=0 unique=0 lost=1 per=100.0 rssi_avg=0 rssi_min=0 crc_err=0 garbage=0 tx_lat=0.00000 tx_lon=0.00000 sats=0 fix=0 utc=0 tx_fw=none rx_fw=unknown
PHASE_GUARD 500
LORA_CFG path=1 bw=0x0F sf=12
2026-07-26T11:23:02.255210+00:00 PHASE_START 11 HF-LoRa-SF12-255 pktSize=255
2026-07-26T11:23:03.268352+00:00 TIME_SYNCED utc=1785064982 offset=1785062475
2026-07-26T11:23:07.433285+00:00 TIME_SYNCED utc=1785064986 offset=1785062475
2026-07-26T11:23:12.656681+00:00 PHASE_RESULT 11 HF-LoRa-SF12-255 pktSize=255 rx=0 unique=0 lost=1 per=100.0 rssi_avg=0 rssi_min=0 crc_err=0 garbage=0 tx_lat=0.00000 tx_lon=0.00000 sats=0 fix=0 utc=0 tx_fw=none rx_fw=unknown
PHASE_GUARD 500
PHASE_START 12 HF-FLRC-2600-32 pktSize=32
SYNC_NOT_FOUND first4=0AC40BF2
SYNC_NOT_FOUND first4=FA89384D
SYNC_NOT_FOUND first4=84FCB857
2026-07-26T11:23:13.668421+00:00 SYNC_NOT_FOUND first4=B7B4C142
TIME_SYNCED utc=1785064992 offset=1785062475
SYNC_NOT_FOUND first4=CAB3572E
SYNC_NOT_FOUND first4=4204B396
SYNC_NOT_FOUND first4=3B071EE5
2026-07-26T11:23:14.679363+00:00 PHASE_RESULT 12 HF-FLRC-2600-32 pktSize=32 rx=0 unique=0 lost=100 per=100.0 rssi_avg=0 rssi_min=0 crc_err=0 garbage=7 tx_lat=0.00000 tx_lon=0.00000 sats=0 fix=0 utc=0 tx_fw=none rx_fw=unknown
PHASE_GUARD 500
PHASE_START 13 HF-FLRC-2600-64 pktSize=64
SYNC_NOT_FOUND first4=2F7AFA59
SYNC_NOT_FOUND first4=D0323AB2
SYNC_NOT_FOUND first4=C3D3F418
2026-07-26T11:23:15.690626+00:00 SYNC_NOT_FOUND first4=AD9DF795
SYNC_NOT_FOUND first4=C66417FB
SYNC_NOT_FOUND first4=A07418B5
SYNC_NOT_FOUND first4=D17FB369
SYNC_NOT_FOUND first4=D9CC90B4
SYNC_NOT_FOUND first4=88851B91
SYNC_NOT_FOUND first4=AA97CAFA
SYNC_NOT_FOUND first4=D45F075E
SYNC_NOT_FOUND first4=757D3E12
SYNC_NOT_FOUND first4=76F31751
SYNC_NOT_FOUND first4=509D483B
2026-07-26T11:23:16.701111+00:00 SYNC_NOT_FOUND first4=9EE4348F
SYNC_NOT_FOUND first4=0BE860C6
SYNC_NOT_FOUND first4=786998A3
SYNC_NOT_FOUND first4=6993219B
PHASE_RESULT 13 HF-FLRC-2600-64 pktSize=64 rx=0 unique=0 lost=100 per=100.0 rssi_avg=0 rssi_min=0 crc_err=0 garbage=18 tx_lat=0.00000 tx_lon=0.00000 sats=0 fix=0 utc=0 tx_fw=none rx_fw=unknown
PHASE_GUARD 500
PHASE_START 14 HF-FLRC-2600-128 pktSize=128
SYNC_NOT_FOUND first4=A6E993AF
SYNC_NOT_FOUND first4=067C9766
SYNC_NOT_FOUND first4=349403A7
SYNC_NOT_FOUND first4=BA6B189E
2026-07-26T11:23:17.711956+00:00 TIME_SYNCED utc=1785064996 offset=1785062475
SYNC_NOT_FOUND first4=C47423EB
SYNC_NOT_FOUND first4=53279FB7
SYNC_NOT_FOUND first4=47C883FC
SYNC_NOT_FOUND first4=A1BD5F27
SYNC_NOT_FOUND first4=643BB962
SYNC_NOT_FOUND first4=4E839A0B
SYNC_NOT_FOUND first4=5681D45B
SYNC_NOT_FOUND first4=192025FE
SYNC_NOT_FOUND first4=E6ED3607
2026-07-26T11:23:18.723365+00:00 SYNC_NOT_FOUND first4=C30F7721
PHASE_RESULT 14 HF-FLRC-2600-128 pktSize=128 rx=0 unique=0 lost=100 per=100.0 rssi_avg=0 rssi_min=0 crc_err=0 garbage=14 tx_lat=0.00000 tx_lon=0.00000 sats=0 fix=0 utc=0 tx_fw=none rx_fw=unknown
PHASE_GUARD 500
PHASE_START 15 HF-FLRC-2600-255 pktSize=255
SYNC_NOT_FOUND first4=21567341
SYNC_NOT_FOUND first4=685590A4
2026-07-26T11:23:19.734201+00:00 SYNC_NOT_FOUND first4=E1CAD33A
2026-07-26T11:23:20.745233+00:00 SYNC_NOT_FOUND first4=59E7497D
SYNC_NOT_FOUND first4=70999607
SYNC_NOT_FOUND first4=1E34D6DF
SYNC_NOT_FOUND first4=F0E01C3F
SYNC_NOT_FOUND first4=9A0D4E11
PHASE_RESULT 15 HF-FLRC-2600-255 pktSize=255 rx=0 unique=0 lost=100 per=100.0 rssi_avg=0 rssi_min=0 crc_err=0 garbage=8 tx_lat=0.00000 tx_lon=0.00000 sats=0 fix=0 utc=0 tx_fw=none rx_fw=unknown
PHASE_GUARD 500
PHASE_START 16 HF-FLRC-1300-32 pktSize=32
SYNC_NOT_FOUND first4=567FA7F9
2026-07-26T11:23:21.755643+00:00 SYNC_NOT_FOUND first4=86CE96BF
SYNC_NOT_FOUND first4=39439CDC
SYNC_NOT_FOUND first4=8684E7E5
SYNC_NOT_FOUND first4=CFF50946
SYNC_NOT_FOUND first4=9489D4DE
SYNC_NOT_FOUND first4=163A8A08
2026-07-26T11:23:22.771207+00:00 SYNC_NOT_FOUND first4=EB61D05C
PHASE_RESULT 16 HF-FLRC-1300-32 pktSize=32 rx=0 unique=0 lost=100 per=100.0 rssi_avg=0 rssi_min=0 crc_err=0 garbage=8 tx_lat=0.00000 tx_lon=0.00000 sats=0 fix=0 utc=0 tx_fw=none rx_fw=unknown
PHASE_GUARD 500
PHASE_START 17 HF-FLRC-1300-64 pktSize=64
SYNC_NOT_FOUND first4=99BB391C
2026-07-26T11:23:23.784203+00:00 TIME_SYNCED utc=1785065002 offset=1785062475
SYNC_NOT_FOUND first4=E478C0EE
SYNC_NOT_FOUND first4=BEFC0B13
2026-07-26T11:23:24.788774+00:00 SYNC_NOT_FOUND first4=90D918E4
PHASE_RESULT 17 HF-FLRC-1300-64 pktSize=64 rx=0 unique=0 lost=100 per=100.0 rssi_avg=0 rssi_min=0 crc_err=0 garbage=4 tx_lat=0.00000 tx_lon=0.00000 sats=0 fix=0 utc=0 tx_fw=none rx_fw=unknown
PHASE_GUARD 500
PHASE_START 18 HF-FLRC-1300-128 pktSize=128
2026-07-26T11:23:25.793291+00:00 SYNC_NOT_FOUND first4=40665578
SYNC_NOT_FOUND first4=BCC80F70
SYNC_NOT_FOUND first4=BAF418BF
SYNC_NOT_FOUND first4=1AE4C909
SYNC_NOT_FOUND first4=5056C98D
2026-07-26T11:23:26.804348+00:00 PHASE_RESULT 18 HF-FLRC-1300-128 pktSize=128 rx=0 unique=0 lost=100 per=100.0 rssi_avg=0 rssi_min=0 crc_err=0 garbage=5 tx_lat=0.00000 tx_lon=0.00000 sats=0 fix=0 utc=0 tx_fw=none rx_fw=unknown
PHASE_GUARD 500
PHASE_START 19 HF-FLRC-1300-255 pktSize=255
SYNC_NOT_FOUND first4=61194887
SYNC_NOT_FOUND first4=6F710B39
SYNC_NOT_FOUND first4=AAA64E29
SYNC_NOT_FOUND first4=25EE129A
2026-07-26T11:23:27.817603+00:00 TIME_SYNCED utc=1785065006 offset=1785062475
SYNC_NOT_FOUND first4=5999D9F2
SYNC_NOT_FOUND first4=6AD04614
SYNC_NOT_FOUND first4=75106940
SYNC_NOT_FOUND first4=8F8E5B53
2026-07-26T11:23:28.821556+00:00 PHASE_RESULT 19 HF-FLRC-1300-255 pktSize=255 rx=0 unique=0 lost=100 per=100.0 rssi_avg=0 rssi_min=0 crc_err=0 garbage=8 tx_lat=0.00000 tx_lon=0.00000 sats=0 fix=0 utc=0 tx_fw=none rx_fw=unknown
PHASE_GUARD 500
PHASE_START 20 HF-FLRC-650-32 pktSize=32
SYNC_NOT_FOUND first4=FA85AC08
SYNC_NOT_FOUND first4=D5785B83
SYNC_NOT_FOUND first4=E19E50A2
SYNC_NOT_FOUND first4=70CDF1F6
SYNC_NOT_FOUND first4=857A5ECE
SYNC_NOT_FOUND first4=3D1BA973
SYNC_NOT_FOUND first4=E4B766BD
SYNC_NOT_FOUND first4=1D0A8BE4
SYNC_NOT_FOUND first4=EC6534AD
SYNC_NOT_FOUND first4=50F10206
SYNC_NOT_FOUND first4=0EB74012
SYNC_NOT_FOUND first4=10ADB7BA
SYNC_NOT_FOUND first4=97C3DC6C
SYNC_NOT_FOUND first4=B123A40E
SYNC_NOT_FOUND first4=1D39F56E
SYNC_NOT_FOUND first4=23754942
SYNC_NOT_FOUND first4=7B486E8B
SYNC_NOT_FOUND first4=A41830D2
2026-07-26T11:23:29.832397+00:00 SYNC_NOT_FOUND first4=005B4B4B
SYNC_NOT_FOUND first4=7227F734
SYNC_NOT_FOUND first4=8DE8923B
SYNC_NOT_FOUND first4=96902953
SYNC_NOT_FOUND first4=540E9748
SYNC_NOT_FOUND first4=DE215335
SYNC_NOT_FOUND first4=918BFAC4
SYNC_NOT_FOUND first4=A5EE9672
SYNC_NOT_FOUND first4=F3160E3C
SYNC_NOT_FOUND first4=1BDD499F
SYNC_NOT_FOUND first4=2CDCEAF8
SYNC_NOT_FOUND first4=623B3799
SYNC_NOT_FOUND first4=C143A68D
SYNC_NOT_FOUND first4=C5EE45DE
SYNC_NOT_FOUND first4=919AD821
SYNC_NOT_FOUND first4=0F7DA91B
SYNC_NOT_FOUND first4=566ABFEA
SYNC_NOT_FOUND first4=681A359C
SYNC_NOT_FOUND first4=281AAE50
SYNC_NOT_FOUND first4=8703BE89
SYNC_NOT_FOUND first4=93B68013
SYNC_NOT_FOUND first4=38D32CED
2026-07-26T11:23:30.844095+00:00 SYNC_NOT_FOUND first4=3E1EF01E
SYNC_NOT_FOUND first4=D385F643
SYNC_NOT_FOUND first4=67DE594E
SYNC_NOT_FOUND first4=9742A8B7
SYNC_NOT_FOUND first4=EC81E05B
SYNC_NOT_FOUND first4=C59B3C07
PHASE_RESULT 20 HF-FLRC-650-32 pktSize=32 rx=0 unique=0 lost=100 per=100.0 rssi_avg=0 rssi_min=0 crc_err=0 garbage=46 tx_lat=0.00000 tx_lon=0.00000 sats=0 fix=0 utc=0 tx_fw=none rx_fw=unknown
PHASE_GUARD 500
PHASE_START 21 HF-FLRC-650-64 pktSize=64
SYNC_NOT_FOUND first4=1950FF39
SYNC_NOT_FOUND first4=A58E037D
SYNC_NOT_FOUND first4=0915B516
SYNC_NOT_FOUND first4=870CA199
SYNC_NOT_FOUND first4=985DCD5F
SYNC_NOT_FOUND first4=1622196D
2026-07-26T11:23:31.854993+00:00 SYNC_NOT_FOUND first4=4110AE01
SYNC_NOT_FOUND first4=528BC3BE
SYNC_NOT_FOUND first4=44B0E205
SYNC_NOT_FOUND first4=B77F8C53
SYNC_NOT_FOUND first4=9F78635B
SYNC_NOT_FOUND first4=C9CFECE7
SYNC_NOT_FOUND first4=661537F7
SYNC_NOT_FOUND first4=3E265F43
SYNC_NOT_FOUND first4=BACA88DE
SYNC_NOT_FOUND first4=E4FAFF54
SYNC_NOT_FOUND first4=331771AC
SYNC_NOT_FOUND first4=303FD0FE
SYNC_NOT_FOUND first4=E45A3B44
SYNC_NOT_FOUND first4=91C028BB
SYNC_NOT_FOUND first4=B410D98E
SYNC_NOT_FOUND first4=A1BD235C
SYNC_NOT_FOUND first4=D9E97DA4
SYNC_NOT_FOUND first4=837F88CE
SYNC_NOT_FOUND first4=6AAC3528
SYNC_NOT_FOUND first4=4C391185
SYNC_NOT_FOUND first4=3863E3D0
SYNC_NOT_FOUND first4=D267E8EB
SYNC_NOT_FOUND first4=ADD472CB
SYNC_NOT_FOUND first4=06B2CC39
SYNC_NOT_FOUND first4=E16B3ADC
SYNC_NOT_FOUND first4=C9BFD1E2
2026-07-26T11:23:32.866054+00:00 SYNC_NOT_FOUND first4=1337D736
SYNC_NOT_FOUND first4=6EAD38C0
SYNC_NOT_FOUND first4=220B2464
SYNC_NOT_FOUND first4=92607689
PHASE_RESULT 21 HF-FLRC-650-64 pktSize=64 rx=0 unique=0 lost=100 per=100.0 rssi_avg=0 rssi_min=0 crc_err=0 garbage=36 tx_lat=0.00000 tx_lon=0.00000 sats=0 fix=0 utc=0 tx_fw=none rx_fw=unknown
PHASE_GUARD 500
PHASE_START 22 HF-FLRC-650-128 pktSize=128
SYNC_NOT_FOUND first4=CA5E1339
SYNC_NOT_FOUND first4=D7D5C32A
SYNC_NOT_FOUND first4=10DD2192
SYNC_NOT_FOUND first4=B539FD30
SYNC_NOT_FOUND first4=9262A581
SYNC_NOT_FOUND first4=9245FA18
SYNC_NOT_FOUND first4=D7C63C3F
SYNC_NOT_FOUND first4=CDF9DDAF
2026-07-26T11:23:33.877253+00:00 SYNC_NOT_FOUND first4=CF808E82
SYNC_NOT_FOUND first4=15AFA3AA
SYNC_NOT_FOUND first4=CE2E6C96
TIME_SYNCED utc=1785065012 offset=1785062475
SYNC_NOT_FOUND first4=149D5BC0
SYNC_NOT_FOUND first4=08FF8D65
SYNC_NOT_FOUND first4=D714429C
SYNC_NOT_FOUND first4=0B11D758
SYNC_NOT_FOUND first4=1C2F0D7A
SYNC_NOT_FOUND first4=3A010D12
SYNC_NOT_FOUND first4=BEB1A0C4
SYNC_NOT_FOUND first4=7F7D279E
SYNC_NOT_FOUND first4=A3FA08E4
SYNC_NOT_FOUND first4=D58C62A7
SYNC_NOT_FOUND first4=59D2602C
2026-07-26T11:23:34.888417+00:00 SYNC_NOT_FOUND first4=63F44605
SYNC_NOT_FOUND first4=3380CF2C
PHASE_RESULT 22 HF-FLRC-650-128 pktSize=128 rx=0 unique=0 lost=100 per=100.0 rssi_avg=0 rssi_min=0 crc_err=0 garbage=24 tx_lat=0.00000 tx_lon=0.00000 sats=0 fix=0 utc=0 tx_fw=none rx_fw=unknown
PHASE_GUARD 500
PHASE_START 23 HF-FLRC-650-255 pktSize=255
SYNC_NOT_FOUND first4=B5E703F0
SYNC_NOT_FOUND first4=6C2B35EE
SYNC_NOT_FOUND first4=36EC1941
SYNC_NOT_FOUND first4=1DDC9293
SYNC_NOT_FOUND first4=BECAF2F3
SYNC_NOT_FOUND first4=4CE63D85
SYNC_NOT_FOUND first4=F4B2D8D6
SYNC_NOT_FOUND first4=9ECE969A
SYNC_NOT_FOUND first4=50BC371D
SYNC_NOT_FOUND first4=4D583547
SYNC_NOT_FOUND first4=7C33B3FC
SYNC_NOT_FOUND first4=8284F335
2026-07-26T11:23:35.902935+00:00 SYNC_NOT_FOUND first4=D9C65E0A
SYNC_NOT_FOUND first4=46D8615F
SYNC_NOT_FOUND first4=0D05EB85
SYNC_NOT_FOUND first4=654F2E65
SYNC_NOT_FOUND first4=9ED63147
SYNC_NOT_FOUND first4=88774187
SYNC_NOT_FOUND first4=FCFF9DA0
SYNC_NOT_FOUND first4=247EF124
SYNC_NOT_FOUND first4=B1E019DA
SYNC_NOT_FOUND first4=B3AA4F27
SYNC_NOT_FOUND first4=C24BABE1
SYNC_NOT_FOUND first4=9BAC523C
SYNC_NOT_FOUND first4=1D82C52A
SYNC_NOT_FOUND first4=855CD8E3
SYNC_NOT_FOUND first4=D5BA8B13
SYNC_NOT_FOUND first4=1D92B883
SYNC_NOT_FOUND first4=A85AA56A
SYNC_NOT_FOUND first4=8CD5299E
SYNC_NOT_FOUND first4=7020CF47
SYNC_NOT_FOUND first4=A02402E2
SYNC_NOT_FOUND first4=CF8F0656
SYNC_NOT_FOUND first4=48880430
SYNC_NOT_FOUND first4=83BFE9F4
SYNC_NOT_FOUND first4=83C52CF3
SYNC_NOT_FOUND first4=C83ECE87
SYNC_NOT_FOUND first4=9C7C1948
SYNC_NOT_FOUND first4=C71E181D
SYNC_NOT_FOUND first4=944A9164
2026-07-26T11:23:36.921070+00:00 SYNC_NOT_FOUND first4=4FF69CF9
SYNC_NOT_FOUND first4=18F4737B
PHASE_RESULT 23 HF-FLRC-650-255 pktSize=255 rx=0 unique=0 lost=100 per=100.0 rssi_avg=0 rssi_min=0 crc_err=0 garbage=42 tx_lat=0.00000 tx_lon=0.00000 sats=0 fix=0 utc=0 tx_fw=none rx_fw=unknown
PHASE_GUARD 500
PHASE_START 24 HF-FLRC-325-32 pktSize=32
SYNC_NOT_FOUND first4=2204B54D
2026-07-26T11:23:37.933219+00:00 TIME_SYNCED utc=1785065016 offset=1785062475
SYNC_NOT_FOUND first4=2C2B6438
SYNC_NOT_FOUND first4=719B634A
SYNC_NOT_FOUND first4=653FE7AD
2026-07-26T11:23:38.949364+00:00 PHASE_RESULT 24 HF-FLRC-325-32 pktSize=32 rx=0 unique=0 lost=100 per=100.0 rssi_avg=0 rssi_min=0 crc_err=0 garbage=4 tx_lat=0.00000 tx_lon=0.00000 sats=0 fix=0 utc=0 tx_fw=none rx_fw=unknown
PHASE_GUARD 500
PHASE_START 25 HF-FLRC-325-64 pktSize=64
2026-07-26T11:23:39.960199+00:00 SYNC_NOT_FOUND first4=2E2F02FC
SYNC_NOT_FOUND first4=46FD3243
SYNC_NOT_FOUND first4=ABCCA1C1
2026-07-26T11:23:40.976297+00:00 PHASE_RESULT 25 HF-FLRC-325-64 pktSize=64 rx=0 unique=0 lost=100 per=100.0 rssi_avg=0 rssi_min=0 crc_err=0 garbage=3 tx_lat=0.00000 tx_lon=0.00000 sats=0 fix=0 utc=0 tx_fw=none rx_fw=unknown
PHASE_GUARD 500
PHASE_START 26 HF-FLRC-325-128 pktSize=128
2026-07-26T11:23:41.989201+00:00 SYNC_NOT_FOUND first4=CAA609EA
SYNC_NOT_FOUND first4=57E0A6A0
2026-07-26T11:23:43.000205+00:00 PHASE_RESULT 26 HF-FLRC-325-128 pktSize=128 rx=0 unique=0 lost=100 per=100.0 rssi_avg=0 rssi_min=0 crc_err=0 garbage=2 tx_lat=0.00000 tx_lon=0.00000 sats=0 fix=0 utc=0 tx_fw=none rx_fw=unknown
PHASE_GUARD 500
PHASE_START 27 HF-FLRC-325-255 pktSize=255
SYNC_NOT_FOUND first4=6D61A71F
SYNC_NOT_FOUND first4=7F43933A
TIME_SYNCED utc=1785065022 offset=1785062475
2026-07-26T11:23:45.067202+00:00 PHASE_RESULT 27 HF-FLRC-325-255 pktSize=255 rx=0 unique=0 lost=100 per=100.0 rssi_avg=0 rssi_min=0 crc_err=0 garbage=2 tx_lat=0.00000 tx_lon=0.00000 sats=0 fix=0 utc=0 tx_fw=none rx_fw=unknown
PHASE_GUARD 500
LORA_CFG path=0 bw=0x05 sf=7
PHASE_START 28 LF-LoRa-SF7-32 pktSize=32
2026-07-26T11:23:47.131301+00:00 PHASE_RESULT 28 LF-LoRa-SF7-32 pktSize=32 rx=0 unique=0 lost=20 per=100.0 rssi_avg=0 rssi_min=0 crc_err=0 garbage=0 tx_lat=0.00000 tx_lon=0.00000 sats=0 fix=0 utc=0 tx_fw=none rx_fw=unknown
PHASE_GUARD 500
LORA_CFG path=0 bw=0x05 sf=7
PHASE_START 29 LF-LoRa-SF7-64 pktSize=64
2026-07-26T11:23:48.148202+00:00 TIME_SYNCED utc=1785065027 offset=1785062475
2026-07-26T11:23:49.161570+00:00 PHASE_RESULT 29 LF-LoRa-SF7-64 pktSize=64 rx=0 unique=0 lost=20 per=100.0 rssi_avg=0 rssi_min=0 crc_err=0 garbage=0 tx_lat=0.00000 tx_lon=0.00000 sats=0 fix=0 utc=0 tx_fw=none rx_fw=unknown
PHASE_GUARD 500
2026-07-26T11:23:50.173199+00:00 LORA_CFG path=0 bw=0x05 sf=7
PHASE_START 30 LF-LoRa-SF7-128 pktSize=128
2026-07-26T11:23:53.290547+00:00 TIME_SYNCED utc=1785065032 offset=1785062475
PHASE_RESULT 30 LF-LoRa-SF7-128 pktSize=128 rx=0 unique=0 lost=13 per=100.0 rssi_avg=0 rssi_min=0 crc_err=0 garbage=0 tx_lat=0.00000 tx_lon=0.00000 sats=0 fix=0 utc=0 tx_fw=none rx_fw=unknown
PHASE_GUARD 500
LORA_CFG path=0 bw=0x05 sf=7
PHASE_START 31 LF-LoRa-SF7-255 pktSize=255
2026-07-26T11:23:57.461625+00:00 PHASE_RESULT 31 LF-LoRa-SF7-255 pktSize=255 rx=0 unique=0 lost=7 per=100.0 rssi_avg=0 rssi_min=0 crc_err=0 garbage=0 tx_lat=0.00000 tx_lon=0.00000 sats=0 fix=0 utc=0 tx_fw=none rx_fw=unknown
PHASE_GUARD 500
LORA_CFG path=0 bw=0x05 sf=9
PHASE_START 32 LF-LoRa-SF9-32 pktSize=32
2026-07-26T11:23:58.478211+00:00 TIME_SYNCED utc=1785065037 offset=1785062475
2026-07-26T11:24:01.598844+00:00 PHASE_RESULT 32 LF-LoRa-SF9-32 pktSize=32 rx=0 unique=0 lost=7 per=100.0 rssi_avg=0 rssi_min=0 crc_err=0 garbage=0 tx_lat=0.00000 tx_lon=0.00000 sats=0 fix=0 utc=0 tx_fw=none rx_fw=unknown
PHASE_GUARD 500
LORA_CFG path=0 bw=0x05 sf=9
PHASE_START 33 LF-LoRa-SF9-64 pktSize=64
2026-07-26T11:24:03.668180+00:00 TIME_SYNCED utc=1785065042 offset=1785062475
2026-07-26T11:24:04.680231+00:00 PHASE_RESULT 33 LF-LoRa-SF9-64 pktSize=64 rx=0 unique=0 lost=3 per=100.0 rssi_avg=0 rssi_min=0 crc_err=0 garbage=0 tx_lat=0.00000 tx_lon=0.00000 sats=0 fix=0 utc=0 tx_fw=none rx_fw=unknown
PHASE_GUARD 500
LORA_CFG path=0 bw=0x05 sf=9
PHASE_START 34 LF-LoRa-SF9-128 pktSize=128
2026-07-26T11:24:06.735208+00:00 PHASE_RESULT 34 LF-LoRa-SF9-128 pktSize=128 rx=0 unique=0 lost=1 per=100.0 rssi_avg=0 rssi_min=0 crc_err=0 garbage=0 tx_lat=0.00000 tx_lon=0.00000 sats=0 fix=0 utc=0 tx_fw=none rx_fw=unknown
PHASE_GUARD 500
LORA_CFG path=0 bw=0x05 sf=9
PHASE_START 35 LF-LoRa-SF9-255 pktSize=255
2026-07-26T11:24:08.803235+00:00 TIME_SYNCED utc=1785065047 offset=1785062475
2026-07-26T11:24:10.872154+00:00 PHASE_RESULT 35 LF-LoRa-SF9-255 pktSize=255 rx=0 unique=0 lost=1 per=100.0 rssi_avg=0 rssi_min=0 crc_err=0 garbage=0 tx_lat=0.00000 tx_lon=0.00000 sats=0 fix=0 utc=0 tx_fw=none rx_fw=unknown
PHASE_GUARD 500
LORA_CFG path=0 bw=0x05 sf=12
PHASE_START 36 LF-LoRa-SF12-32 pktSize=32
2026-07-26T11:24:13.996350+00:00 TIME_SYNCED utc=1785065053 offset=1785062476
2026-07-26T11:24:19.218286+00:00 TIME_SYNCED utc=1785065058 offset=1785062475
2026-07-26T11:24:23.386694+00:00 TIME_SYNCED utc=1785065063 offset=1785062476
2026-07-26T11:24:24.404222+00:00 PHASE_RESULT 36 LF-LoRa-SF12-32 pktSize=32 rx=0 unique=0 lost=1 per=100.0 rssi_avg=0 rssi_min=0 crc_err=0 garbage=0 tx_lat=0.00000 tx_lon=0.00000 sats=0 fix=0 utc=0 tx_fw=none rx_fw=unknown
PHASE_GUARD 500
LORA_CFG path=0 bw=0x05 sf=12
PHASE_START 37 LF-LoRa-SF12-SKIP SKIP pktSize=64
2026-07-26T11:24:25.423024+00:00 PHASE_RESULT 37 LF-LoRa-SF12-SKIP pktSize=64 rx=0 unique=0 lost=0 per=0.0 rssi_avg=0 rssi_min=0 crc_err=0 garbage=0 tx_lat=0.00000 tx_lon=0.00000 sats=0 fix=0 utc=0 tx_fw=none rx_fw=unknown
PHASE_GUARD 500
LORA_CFG path=0 bw=0x05 sf=12
PHASE_START 38 LF-LoRa-SF12-SKIP SKIP pktSize=128
2026-07-26T11:24:26.435573+00:00 PHASE_RESULT 38 LF-LoRa-SF12-SKIP pktSize=128 rx=0 unique=0 lost=0 per=0.0 rssi_avg=0 rssi_min=0 crc_err=0 garbage=0 tx_lat=0.00000 tx_lon=0.00000 sats=0 fix=0 utc=0 tx_fw=none rx_fw=unknown
PHASE_GUARD 500
LORA_CFG path=0 bw=0x05 sf=12
PHASE_START 39 LF-LoRa-SF12-SKIP SKIP pktSize=255
2026-07-26T11:24:27.454222+00:00 PHASE_RESULT 39 LF-LoRa-SF12-SKIP pktSize=255 rx=0 unique=0 lost=0 per=0.0 rssi_avg=0 rssi_min=0 crc_err=0 garbage=0 tx_lat=0.00000 tx_lon=0.00000 sats=0 fix=0 utc=0 tx_fw=none rx_fw=unknown
PHASE_GUARD 500
PHASE_START 40 LF-FLRC-2600-32 pktSize=32
2026-07-26T11:24:28.465227+00:00 SYNC_NOT_FOUND first4=C45797A3
2026-07-26T11:24:29.476232+00:00 TIME_SYNCED utc=1785065068 offset=1785062475
2026-07-26T11:24:30.495036+00:00 PHASE_RESULT 40 LF-FLRC-2600-32 pktSize=32 rx=0 unique=0 lost=100 per=100.0 rssi_avg=0 rssi_min=0 crc_err=0 garbage=1 tx_lat=0.00000 tx_lon=0.00000 sats=0 fix=0 utc=0 tx_fw=none rx_fw=unknown
PHASE_GUARD 500
PHASE_START 41 LF-FLRC-2600-64 pktSize=64
2026-07-26T11:24:31.508233+00:00 SYNC_NOT_FOUND first4=44329CF3
SYNC_NOT_FOUND first4=770EB0D7
2026-07-26T11:24:32.525006+00:00 PHASE_RESULT 41 LF-FLRC-2600-64 pktSize=64 rx=0 unique=0 lost=100 per=100.0 rssi_avg=0 rssi_min=0 crc_err=0 garbage=2 tx_lat=0.00000 tx_lon=0.00000 sats=0 fix=0 utc=0 tx_fw=none rx_fw=unknown
PHASE_GUARD 500
PHASE_START 42 LF-FLRC-2600-128 pktSize=128
SYNC_NOT_FOUND first4=1C98D6E1
2026-07-26T11:24:33.537896+00:00 TIME_SYNCED utc=1785065073 offset=1785062476
PHASE_RESULT 42 LF-FLRC-2600-128 pktSize=128 rx=0 unique=0 lost=100 per=100.0 rssi_avg=0 rssi_min=0 crc_err=0 garbage=1 tx_lat=0.00000 tx_lon=0.00000 sats=0 fix=0 utc=0 tx_fw=none rx_fw=unknown
PHASE_GUARD 500
PHASE_START 43 LF-FLRC-2600-255 pktSize=255
2026-07-26T11:24:34.554354+00:00 SYNC_NOT_FOUND first4=375F2B8A
2026-07-26T11:24:35.570970+00:00 SYNC_NOT_FOUND first4=873A2B37
PHASE_RESULT 43 LF-FLRC-2600-255 pktSize=255 rx=0 unique=0 lost=100 per=100.0 rssi_avg=0 rssi_min=0 crc_err=0 garbage=2 tx_lat=0.00000 tx_lon=0.00000 sats=0 fix=0 utc=0 tx_fw=none rx_fw=unknown
PHASE_GUARD 500
PHASE_START 44 LF-FLRC-1300-32 pktSize=32
2026-07-26T11:24:37.634976+00:00 PHASE_RESULT 44 LF-FLRC-1300-32 pktSize=32 rx=0 unique=0 lost=100 per=100.0 rssi_avg=0 rssi_min=0 crc_err=0 garbage=0 tx_lat=0.00000 tx_lon=0.00000 sats=0 fix=0 utc=0 tx_fw=none rx_fw=unknown
PHASE_GUARD 500
PHASE_START 45 LF-FLRC-1300-64 pktSize=64
2026-07-26T11:24:39.705148+00:00 TIME_SYNCED utc=1785065078 offset=1785062475
SYNC_NOT_FOUND first4=06F4C759
2026-07-26T11:24:40.721349+00:00 PHASE_RESULT 45 LF-FLRC-1300-64 pktSize=64 rx=0 unique=0 lost=100 per=100.0 rssi_avg=0 rssi_min=0 crc_err=0 garbage=1 tx_lat=0.00000 tx_lon=0.00000 sats=0 fix=0 utc=0 tx_fw=none rx_fw=unknown
PHASE_GUARD 500
PHASE_START 46 LF-FLRC-1300-128 pktSize=128
2026-07-26T11:24:41.732350+00:00 SYNC_NOT_FOUND first4=A62CB2EF
SYNC_NOT_FOUND first4=6267F765
2026-07-26T11:24:42.756005+00:00 PHASE_RESULT 46 LF-FLRC-1300-128 pktSize=128 rx=0 unique=0 lost=100 per=100.0 rssi_avg=0 rssi_min=0 crc_err=0 garbage=2 tx_lat=0.00000 tx_lon=0.00000 sats=0 fix=0 utc=0 tx_fw=none rx_fw=unknown
PHASE_GUARD 500
PHASE_START 47 LF-FLRC-1300-255 pktSize=255
2026-07-26T11:24:43.767230+00:00 TIME_SYNCED utc=1785065083 offset=1785062475
2026-07-26T11:24:44.778292+00:00 PHASE_RESULT 47 LF-FLRC-1300-255 pktSize=255 rx=0 unique=0 lost=100 per=100.0 rssi_avg=0 rssi_min=0 crc_err=0 garbage=0 tx_lat=0.00000 tx_lon=0.00000 sats=0 fix=0 utc=0 tx_fw=none rx_fw=unknown
PHASE_GUARD 500
PHASE_START 48 LF-FLRC-650-32 pktSize=32
2026-07-26T11:24:45.796462+00:00 SYNC_NOT_FOUND first4=1E22D62F
SYNC_NOT_FOUND first4=E97E87A7
SYNC_NOT_FOUND first4=BDA260F8
2026-07-26T11:24:46.809208+00:00 PHASE_RESULT 48 LF-FLRC-650-32 pktSize=32 rx=0 unique=0 lost=100 per=100.0 rssi_avg=0 rssi_min=0 crc_err=0 garbage=3 tx_lat=0.00000 tx_lon=0.00000 sats=0 fix=0 utc=0 tx_fw=none rx_fw=unknown
PHASE_GUARD 500
PHASE_START 49 LF-FLRC-650-64 pktSize=64
2026-07-26T11:24:47.824286+00:00 SYNC_NOT_FOUND first4=2122304E
2026-07-26T11:24:48.838296+00:00 PHASE_RESULT 49 LF-FLRC-650-64 pktSize=64 rx=0 unique=0 lost=100 per=100.0 rssi_avg=0 rssi_min=0 crc_err=0 garbage=1 tx_lat=0.00000 tx_lon=0.00000 sats=0 fix=0 utc=0 tx_fw=none rx_fw=unknown
PHASE_GUARD 500
PHASE_START 50 LF-FLRC-650-128 pktSize=128
2026-07-26T11:24:49.849224+00:00 TIME_SYNCED utc=1785065088 offset=1785062475
SYNC_NOT_FOUND first4=6E74CEDD
SYNC_NOT_FOUND first4=0FF2174E
2026-07-26T11:24:50.871299+00:00 PHASE_RESULT 50 LF-FLRC-650-128 pktSize=128 rx=0 unique=0 lost=100 per=100.0 rssi_avg=0 rssi_min=0 crc_err=0 garbage=2 tx_lat=0.00000 tx_lon=0.00000 sats=0 fix=0 utc=0 tx_fw=none rx_fw=unknown
PHASE_GUARD 500
PHASE_START 51 LF-FLRC-650-255 pktSize=255
2026-07-26T11:24:51.883781+00:00 SYNC_NOT_FOUND first4=825AC7BE
SYNC_NOT_FOUND first4=A81A32EB
2026-07-26T11:24:52.895039+00:00 SYNC_NOT_FOUND first4=855BA7D4
SYNC_NOT_FOUND first4=324D11E6
SYNC_NOT_FOUND first4=3E96B8CE
PHASE_RESULT 51 LF-FLRC-650-255 pktSize=255 rx=0 unique=0 lost=100 per=100.0 rssi_avg=0 rssi_min=0 crc_err=0 garbage=5 tx_lat=0.00000 tx_lon=0.00000 sats=0 fix=0 utc=0 tx_fw=none rx_fw=unknown
PHASE_GUARD 500
PHASE_START 52 LF-FLRC-325-32 pktSize=32
2026-07-26T11:24:53.914082+00:00 TIME_SYNCED utc=1785065093 offset=1785062475
2026-07-26T11:24:54.925367+00:00 PHASE_RESULT 52 LF-FLRC-325-32 pktSize=32 rx=0 unique=0 lost=100 per=100.0 rssi_avg=0 rssi_min=0 crc_err=0 garbage=0 tx_lat=0.00000 tx_lon=0.00000 sats=0 fix=0 utc=0 tx_fw=none rx_fw=unknown
PHASE_GUARD 500
PHASE_START 53 LF-FLRC-325-64 pktSize=64
2026-07-26T11:24:56.987089+00:00 PHASE_RESULT 53 LF-FLRC-325-64 pktSize=64 rx=0 unique=0 lost=100 per=100.0 rssi_avg=0 rssi_min=0 crc_err=0 garbage=0 tx_lat=0.00000 tx_lon=0.00000 sats=0 fix=0 utc=0 tx_fw=none rx_fw=unknown
PHASE_GUARD 500
PHASE_START 54 LF-FLRC-325-128 pktSize=128
2026-07-26T11:24:59.053206+00:00 PHASE_RESULT 54 LF-FLRC-325-128 pktSize=128 rx=0 unique=0 lost=100 per=100.0 rssi_avg=0 rssi_min=0 crc_err=0 garbage=0 tx_lat=0.00000 tx_lon=0.00000 sats=0 fix=0 utc=0 tx_fw=none rx_fw=unknown
PHASE_GUARD 500
PHASE_START 55 LF-FLRC-325-255 pktSize=255
2026-07-26T11:25:00.072230+00:00 TIME_SYNCED utc=1785065099 offset=1785062476
PHASE_RESULT 55 LF-FLRC-325-255 pktSize=255 rx=0 unique=0 lost=100 per=100.0 rssi_avg=0 rssi_min=0 crc_err=0 garbage=0 tx_lat=0.00000 tx_lon=0.00000 sats=0 fix=0 utc=0 tx_fw=none rx_fw=unknown
PHASE_GUARD 500
LORA_CFG path=1 bw=0x0F sf=7
PHASE_START 0 HF-LoRa-SF7-32 pktSize=32
2026-07-26T11:25:01.087689+00:00 PHASE_RESULT 0 HF-LoRa-SF7-32 pktSize=32 rx=0 unique=0 lost=20 per=100.0 rssi_avg=0 rssi_min=0 crc_err=0 garbage=0 tx_lat=0.00000 tx_lon=0.00000 sats=0 fix=0 utc=0 tx_fw=none rx_fw=unknown
2026-07-26T11:25:02.102205+00:00 PHASE_GUARD 500
LORA_CFG path=1 bw=0x0F sf=7
PHASE_START 1 HF-LoRa-SF7-64 pktSize=64
2026-07-26T11:25:03.109007+00:00 PHASE_RESULT 1 HF-LoRa-SF7-64 pktSize=64 rx=0 unique=0 lost=20 per=100.0 rssi_avg=0 rssi_min=0 crc_err=0 garbage=0 tx_lat=0.00000 tx_lon=0.00000 sats=0 fix=0 utc=0 tx_fw=none rx_fw=unknown
PHASE_GUARD 500
2026-07-26T11:25:04.128856+00:00 LORA_CFG path=1 bw=0x0F sf=7
PHASE_START 2 HF-LoRa-SF7-128 pktSize=128
TIME_SYNCED utc=1785065103 offset=1785062475
PHASE_RESULT 2 HF-LoRa-SF7-128 pktSize=128 rx=0 unique=0 lost=20 per=100.0 rssi_avg=0 rssi_min=0 crc_err=0 garbage=0 tx_lat=0.00000 tx_lon=0.00000 sats=0 fix=0 utc=0 tx_fw=none rx_fw=unknown
PHASE_GUARD 500
LORA_CFG path=1 bw=0x0F sf=7
PHASE_START 1 HF-LoRa-SF7-64 pktSize=64
PHASE_RESULT 1 HF-LoRa-SF7-64 pktSize=64 rx=0 unique=0 lost=20 per=100.0 rssi_avg=0 rssi_min=0 crc_err=0 garbage=0 tx_lat=0.00000 tx_lon=0.00000 sats=0 fix=0 utc=0 tx_fw=none rx_fw=unknown
PHASE_GUARD 500
2026-07-26T11:25:05.140208+00:00 LORA_CFG path=1 bw=0x0F sf=7
PHASE_START 2 HF-LoRa-SF7-128 pktSize=128
2026-07-26T11:25:06.159352+00:00 PHASE_RESULT 2 HF-LoRa-SF7-128 pktSize=128 rx=0 unique=0 lost=20 per=100.0 rssi_avg=0 rssi_min=0 crc_err=0 garbage=0 tx_lat=0.00000 tx_lon=0.00000 sats=0 fix=0 utc=0 tx_fw=none rx_fw=unknown
PHASE_GUARD 500
LORA_CFG path=1 bw=0x0F sf=7
2026-07-26T11:25:07.177203+00:00 PHASE_START 3 HF-LoRa-SF7-255 pktSize=255
2026-07-26T11:25:09.243595+00:00 PHASE_RESULT 3 HF-LoRa-SF7-255 pktSize=255 rx=0 unique=0 lost=20 per=100.0 rssi_avg=0 rssi_min=0 crc_err=0 garbage=0 tx_lat=0.00000 tx_lon=0.00000 sats=0 fix=0 utc=0 tx_fw=none rx_fw=unknown
PHASE_GUARD 500
LORA_CFG path=1 bw=0x0F sf=9
PHASE_START 4 HF-LoRa-SF9-32 pktSize=32
2026-07-26T11:25:10.263216+00:00 TIME_SYNCED utc=1785065109 offset=1785062475
2026-07-26T11:25:11.282371+00:00 PHASE_RESULT 4 HF-LoRa-SF9-32 pktSize=32 rx=0 unique=0 lost=20 per=100.0 rssi_avg=0 rssi_min=0 crc_err=0 garbage=0 tx_lat=0.00000 tx_lon=0.00000 sats=0 fix=0 utc=0 tx_fw=none rx_fw=unknown
PHASE_GUARD 500
LORA_CFG path=1 bw=0x0F sf=9
PHASE_START 5 HF-LoRa-SF9-64 pktSize=64
2026-07-26T11:25:13.344606+00:00 TIME_SYNCED utc=1785065113 offset=1785062475
2026-07-26T11:25:14.362749+00:00 PHASE_RESULT 5 HF-LoRa-SF9-64 pktSize=64 rx=0 unique=0 lost=20 per=100.0 rssi_avg=0 rssi_min=0 crc_err=0 garbage=0 tx_lat=0.00000 tx_lon=0.00000 sats=0 fix=0 utc=0 tx_fw=none rx_fw=unknown
PHASE_GUARD 500
LORA_CFG path=1 bw=0x0F sf=9
PHASE_START 6 HF-LoRa-SF9-128 pktSize=128
2026-07-26T11:25:18.527701+00:00 PHASE_RESULT 6 HF-LoRa-SF9-128 pktSize=128 rx=0 unique=0 lost=13 per=100.0 rssi_avg=0 rssi_min=0 crc_err=0 garbage=0 tx_lat=0.00000 tx_lon=0.00000 sats=0 fix=0 utc=0 tx_fw=none rx_fw=unknown
PHASE_GUARD 500
LORA_CFG path=1 bw=0x0F sf=9
PHASE_START 7 HF-LoRa-SF9-255 pktSize=255
2026-07-26T11:25:20.594206+00:00 TIME_SYNCED utc=1785065119 offset=1785062475
2026-07-26T11:25:21.609210+00:00 PHASE_RESULT 7 HF-LoRa-SF9-255 pktSize=255 rx=0 unique=0 lost=6 per=100.0 rssi_avg=0 rssi_min=0 crc_err=0 garbage=0 tx_lat=0.00000 tx_lon=0.00000 sats=0 fix=0 utc=0 tx_fw=none rx_fw=unknown
PHASE_GUARD 500
LORA_CFG path=1 bw=0x0F sf=12
PHASE_START 8 HF-LoRa-SF12-32 pktSize=32
2026-07-26T11:25:23.672399+00:00 TIME_SYNCED utc=1785065123 offset=1785062475
2026-07-26T11:25:24.688228+00:00 PHASE_RESULT 8 HF-LoRa-SF12-32 pktSize=32 rx=0 unique=0 lost=2 per=100.0 rssi_avg=0 rssi_min=0 crc_err=0 garbage=0 tx_lat=0.00000 tx_lon=0.00000 sats=0 fix=0 utc=0 tx_fw=none rx_fw=unknown
PHASE_GUARD 500
LORA_CFG path=1 bw=0x0F sf=12
PHASE_START 9 HF-LoRa-SF12-64 pktSize=64
2026-07-26T11:25:27.808958+00:00 PHASE_RESULT 9 HF-LoRa-SF12-64 pktSize=64 rx=0 unique=0 lost=1 per=100.0 rssi_avg=0 rssi_min=0 crc_err=0 garbage=0 tx_lat=0.00000 tx_lon=0.00000 sats=0 fix=0 utc=0 tx_fw=none rx_fw=unknown
PHASE_GUARD 500
LORA_CFG path=1 bw=0x0F sf=12
PHASE_START 10 HF-LoRa-SF12-128 pktSize=128
2026-07-26T11:25:30.921232+00:00 TIME_SYNCED utc=1785065129 offset=1785062475
2026-07-26T11:25:32.993229+00:00 PHASE_RESULT 10 HF-LoRa-SF12-128 pktSize=128 rx=0 unique=0 lost=1 per=100.0 rssi_avg=0 rssi_min=0 crc_err=0 garbage=0 tx_lat=0.00000 tx_lon=0.00000 sats=0 fix=0 utc=0 tx_fw=none rx_fw=unknown
PHASE_GUARD 500
LORA_CFG path=1 bw=0x0F sf=12
PHASE_START 11 HF-LoRa-SF12-255 pktSize=255
2026-07-26T11:25:34.005206+00:00 TIME_SYNCED utc=1785065133 offset=1785062475
2026-07-26T11:25:41.325224+00:00 TIME_SYNCED utc=1785065140 offset=1785062475
2026-07-26T11:25:42.340624+00:00 PHASE_RESULT 11 HF-LoRa-SF12-255 pktSize=255 rx=0 unique=0 lost=1 per=100.0 rssi_avg=0 rssi_min=0 crc_err=0 garbage=0 tx_lat=0.00000 tx_lon=0.00000 sats=0 fix=0 utc=0 tx_fw=none rx_fw=unknown
PHASE_GUARD 500
PHASE_START 12 HF-FLRC-2600-32 pktSize=32
2026-07-26T11:25:43.351716+00:00 SYNC_NOT_FOUND first4=74D626B5
SYNC_NOT_FOUND first4=307A4F0E
SYNC_NOT_FOUND first4=215B4F9F
SYNC_NOT_FOUND first4=8AC37234
TIME_SYNCED utc=1785065143 offset=1785062475
2026-07-26T11:25:44.362410+00:00 SYNC_NOT_FOUND first4=D1E0D19B
SYNC_NOT_FOUND first4=9E052481
SYNC_NOT_FOUND first4=C1039EB4
SYNC_NOT_FOUND first4=8D0E82D4
SYNC_NOT_FOUND first4=3B13EA5F
SYNC_NOT_FOUND first4=497A5A57
SYNC_NOT_FOUND first4=6088F64C
SYNC_NOT_FOUND first4=CFB0BA31
PHASE_RESULT 12 HF-FLRC-2600-32 pktSize=32 rx=0 unique=0 lost=100 per=100.0 rssi_avg=0 rssi_min=0 crc_err=0 garbage=12 tx_lat=0.00000 tx_lon=0.00000 sats=0 fix=0 utc=0 tx_fw=none rx_fw=unknown
PHASE_GUARD 500
PHASE_START 13 HF-FLRC-2600-64 pktSize=64
SYNC_NOT_FOUND first4=683BCA99
SYNC_NOT_FOUND first4=2DEFC7D9
2026-07-26T11:25:45.382018+00:00 SYNC_NOT_FOUND first4=92094C83
SYNC_NOT_FOUND first4=7C924E46
SYNC_NOT_FOUND first4=3E887A2E
SYNC_NOT_FOUND first4=27ACF832
SYNC_NOT_FOUND first4=1101A9C9
SYNC_NOT_FOUND first4=6D7D1B0D
2026-07-26T11:25:46.392685+00:00 SYNC_NOT_FOUND first4=56249FED
SYNC_NOT_FOUND first4=2C140123
SYNC_NOT_FOUND first4=CA30EE00
SYNC_NOT_FOUND first4=E5AE43A4
SYNC_NOT_FOUND first4=CD6D796F
PHASE_RESULT 13 HF-FLRC-2600-64 pktSize=64 rx=0 unique=0 lost=100 per=100.0 rssi_avg=0 rssi_min=0 crc_err=0 garbage=13 tx_lat=0.00000 tx_lon=0.00000 sats=0 fix=0 utc=0 tx_fw=none rx_fw=unknown
PHASE_GUARD 500
PHASE_START 14 HF-FLRC-2600-128 pktSize=128
SYNC_NOT_FOUND first4=75F04451
SYNC_NOT_FOUND first4=1E4571ED
2026-07-26T11:25:47.403766+00:00 SYNC_NOT_FOUND first4=FD66EEC7
SYNC_NOT_FOUND first4=8F6E80CD
SYNC_NOT_FOUND first4=4FAA9310
SYNC_NOT_FOUND first4=A5035EF4
SYNC_NOT_FOUND first4=0B20729D
SYNC_NOT_FOUND first4=4AD843EA
SYNC_NOT_FOUND first4=B3211F18
SYNC_NOT_FOUND first4=70371826
2026-07-26T11:25:48.416510+00:00 SYNC_NOT_FOUND first4=A358D02E
SYNC_NOT_FOUND first4=77923DD4
SYNC_NOT_FOUND first4=B0D99805
SYNC_NOT_FOUND first4=25E19202
SYNC_NOT_FOUND first4=1F8C642D
SYNC_NOT_FOUND first4=39892E7C
SYNC_NOT_FOUND first4=6C95F925
SYNC_NOT_FOUND first4=0F45BF6F
SYNC_NOT_FOUND first4=198DD08A
PHASE_RESULT 14 HF-FLRC-2600-128 pktSize=128 rx=0 unique=0 lost=100 per=100.0 rssi_avg=0 rssi_min=0 crc_err=0 garbage=19 tx_lat=0.00000 tx_lon=0.00000 sats=0 fix=0 utc=0 tx_fw=none rx_fw=unknown
PHASE_GUARD 500
PHASE_START 15 HF-FLRC-2600-255 pktSize=255
SYNC_NOT_FOUND first4=6497398E
SYNC_NOT_FOUND first4=2777E807
SYNC_NOT_FOUND first4=BB8E886D
2026-07-26T11:25:49.427562+00:00 SYNC_NOT_FOUND first4=4CE86726
SYNC_NOT_FOUND first4=8BEBDF4F
SYNC_NOT_FOUND first4=03FF19A1
SYNC_NOT_FOUND first4=C2661E43
SYNC_NOT_FOUND first4=8258D4C6
SYNC_NOT_FOUND first4=41735791
2026-07-26T11:25:50.440886+00:00 SYNC_NOT_FOUND first4=8A167CB3
SYNC_NOT_FOUND first4=28DE79B6
SYNC_NOT_FOUND first4=08F72EB5
SYNC_NOT_FOUND first4=0BF86D83
SYNC_NOT_FOUND first4=D69303F3
SYNC_NOT_FOUND first4=80370DBA
SYNC_NOT_FOUND first4=51419638
PHASE_RESULT 15 HF-FLRC-2600-255 pktSize=255 rx=0 unique=0 lost=100 per=100.0 rssi_avg=0 rssi_min=0 crc_err=0 garbage=16 tx_lat=0.00000 tx_lon=0.00000 sats=0 fix=0 utc=0 tx_fw=none rx_fw=unknown
PHASE_GUARD 500
PHASE_START 16 HF-FLRC-1300-32 pktSize=32
SYNC_NOT_FOUND first4=1D9FAB58
2026-07-26T11:25:51.452234+00:00 TIME_SYNCED utc=1785065150 offset=1785062475
SYNC_NOT_FOUND first4=53E25200
SYNC_NOT_FOUND first4=F3F957D8
2026-07-26T11:25:52.463000+00:00 SYNC_NOT_FOUND first4=AE60595E
SYNC_NOT_FOUND first4=C3715EE9
SYNC_NOT_FOUND first4=1E982FA7
PHASE_RESULT 16 HF-FLRC-1300-32 pktSize=32 rx=0 unique=0 lost=100 per=100.0 rssi_avg=0 rssi_min=0 crc_err=0 garbage=6 tx_lat=0.00000 tx_lon=0.00000 sats=0 fix=0 utc=0 tx_fw=none rx_fw=unknown
PHASE_GUARD 500
PHASE_START 17 HF-FLRC-1300-64 pktSize=64
2026-07-26T11:25:53.478797+00:00 SYNC_NOT_FOUND first4=65422DA6
SYNC_NOT_FOUND first4=9AB4A7DC
SYNC_NOT_FOUND first4=5CBDE2D1
TIME_SYNCED utc=1785065153 offset=1785062475
SYNC_NOT_FOUND first4=96228656
2026-07-26T11:25:54.489501+00:00 SYNC_NOT_FOUND first4=3FA5ADC5
SYNC_NOT_FOUND first4=0AC63670
SYNC_NOT_FOUND first4=E9615E85
PHASE_RESULT 17 HF-FLRC-1300-64 pktSize=64 rx=0 unique=0 lost=100 per=100.0 rssi_avg=0 rssi_min=0 crc_err=0 garbage=7 tx_lat=0.00000 tx_lon=0.00000 sats=0 fix=0 utc=0 tx_fw=none rx_fw=unknown
PHASE_GUARD 500
PHASE_START 18 HF-FLRC-1300-128 pktSize=128
SYNC_NOT_FOUND first4=316CEE39
2026-07-26T11:25:55.501137+00:00 SYNC_NOT_FOUND first4=E7B59B84
SYNC_NOT_FOUND first4=0B94FC13
SYNC_NOT_FOUND first4=00B91A82
SYNC_NOT_FOUND first4=A8950712
SYNC_NOT_FOUND first4=2DD7C9FE
2026-07-26T11:25:56.513489+00:00 SYNC_NOT_FOUND first4=44EE9CB6
SYNC_NOT_FOUND first4=5133B2B7
PHASE_RESULT 18 HF-FLRC-1300-128 pktSize=128 rx=0 unique=0 lost=100 per=100.0 rssi_avg=0 rssi_min=0 crc_err=0 garbage=8 tx_lat=0.00000 tx_lon=0.00000 sats=0 fix=0 utc=0 tx_fw=none rx_fw=unknown
PHASE_GUARD 500
PHASE_START 19 HF-FLRC-1300-255 pktSize=255
SYNC_NOT_FOUND first4=30404482
SYNC_NOT_FOUND first4=0555C4C6
2026-07-26T11:25:57.524838+00:00 SYNC_NOT_FOUND first4=C6F7ABEB
SYNC_NOT_FOUND first4=CBD7CBE0
SYNC_NOT_FOUND first4=869201E6
SYNC_NOT_FOUND first4=8261AB13
SYNC_NOT_FOUND first4=822975C7
SYNC_NOT_FOUND first4=9719FA61
2026-07-26T11:25:58.540235+00:00 PHASE_RESULT 19 HF-FLRC-1300-255 pktSize=255 rx=0 unique=0 lost=100 per=100.0 rssi_avg=0 rssi_min=0 crc_err=0 garbage=8 tx_lat=0.00000 tx_lon=0.00000 sats=0 fix=0 utc=0 tx_fw=none rx_fw=unknown
PHASE_GUARD 500
PHASE_START 20 HF-FLRC-650-32 pktSize=32
SYNC_NOT_FOUND first4=38DBC3A9
SYNC_NOT_FOUND first4=48CAD291
SYNC_NOT_FOUND first4=B146F082
SYNC_NOT_FOUND first4=237A05D4
SYNC_NOT_FOUND first4=4AD57919
SYNC_NOT_FOUND first4=1EC1781C
2026-07-26T11:25:59.550178+00:00 SYNC_NOT_FOUND first4=39FBF811
SYNC_NOT_FOUND first4=7B3C68B1
SYNC_NOT_FOUND first4=9F060E52
SYNC_NOT_FOUND first4=5D949F38
SYNC_NOT_FOUND first4=0B112644
SYNC_NOT_FOUND first4=B14CD7CC
SYNC_NOT_FOUND first4=FB89D636
SYNC_NOT_FOUND first4=56187237
SYNC_NOT_FOUND first4=7304F8C7
SYNC_NOT_FOUND first4=6C5C2F9C
SYNC_NOT_FOUND first4=8BED424F
SYNC_NOT_FOUND first4=181E613B
SYNC_NOT_FOUND first4=F38F0882
SYNC_NOT_FOUND first4=7298DF86
SYNC_NOT_FOUND first4=37023A53
SYNC_NOT_FOUND first4=E2A6493E
SYNC_NOT_FOUND first4=088BDD6E
SYNC_NOT_FOUND first4=51CEF294
SYNC_NOT_FOUND first4=65BF8262
2026-07-26T11:26:00.565712+00:00 SYNC_NOT_FOUND first4=29EF261E
SYNC_NOT_FOUND first4=86DFE090
SYNC_NOT_FOUND first4=D488C7E2
SYNC_NOT_FOUND first4=9CF55292
PHASE_RESULT 20 HF-FLRC-650-32 pktSize=32 rx=0 unique=0 lost=100 per=100.0 rssi_avg=0 rssi_min=0 crc_err=0 garbage=29 tx_lat=0.00000 tx_lon=0.00000 sats=0 fix=0 utc=0 tx_fw=none rx_fw=unknown
PHASE_GUARD 500
PHASE_START 21 HF-FLRC-650-64 pktSize=64
SYNC_NOT_FOUND first4=52D6B2C9
SYNC_NOT_FOUND first4=FE2DE3B8
SYNC_NOT_FOUND first4=F3226607
SYNC_NOT_FOUND first4=18FA7C44
SYNC_NOT_FOUND first4=6817F4A1
SYNC_NOT_FOUND first4=471A2F93
SYNC_NOT_FOUND first4=4DDEB464
2026-07-26T11:26:01.576976+00:00 SYNC_NOT_FOUND first4=DE57DD5B
TIME_SYNCED utc=1785065160 offset=1785062475
SYNC_NOT_FOUND first4=CA8E0ADB
SYNC_NOT_FOUND first4=7081E2C7
SYNC_NOT_FOUND first4=2D398975
SYNC_NOT_FOUND first4=29CA2FD8
SYNC_NOT_FOUND first4=1C45A9C7
SYNC_NOT_FOUND first4=27F1C778
SYNC_NOT_FOUND first4=473CAEB4
SYNC_NOT_FOUND first4=76444167
SYNC_NOT_FOUND first4=673D5304
SYNC_NOT_FOUND first4=AA21E285
SYNC_NOT_FOUND first4=2A4EBD0E
SYNC_NOT_FOUND first4=89EA1E03
SYNC_NOT_FOUND first4=B6FB0B4B
SYNC_NOT_FOUND first4=62E6FE39
SYNC_NOT_FOUND first4=2B4A55BD
SYNC_NOT_FOUND first4=EE5002CC
SYNC_NOT_FOUND first4=02536CB8
SYNC_NOT_FOUND first4=88492B39
SYNC_NOT_FOUND first4=0505EF9E
SYNC_NOT_FOUND first4=9EE0FA46
SYNC_NOT_FOUND first4=0502CD34
SYNC_NOT_FOUND first4=8E7099E3
2026-07-26T11:26:02.589332+00:00 SYNC_NOT_FOUND first4=1AB924BE
SYNC_NOT_FOUND first4=0392A010
SYNC_NOT_FOUND first4=A0214E1E
SYNC_NOT_FOUND first4=814803E9
SYNC_NOT_FOUND first4=36A3B6BC
SYNC_NOT_FOUND first4=36186B4B
SYNC_NOT_FOUND first4=5FFF09DC
SYNC_NOT_FOUND first4=3207F197
SYNC_NOT_FOUND first4=9F8AC739
SYNC_NOT_FOUND first4=2372E6A6
SYNC_NOT_FOUND first4=4AB2AF05
PHASE_RESULT 21 HF-FLRC-650-64 pktSize=64 rx=0 unique=0 lost=100 per=100.0 rssi_avg=0 rssi_min=0 crc_err=0 garbage=41 tx_lat=0.00000 tx_lon=0.00000 sats=0 fix=0 utc=0 tx_fw=none rx_fw=unknown
PHASE_GUARD 500
PHASE_START 22 HF-FLRC-650-128 pktSize=128
SYNC_NOT_FOUND first4=5B9B2512
SYNC_NOT_FOUND first4=C6147729
SYNC_NOT_FOUND first4=0D64E9DA
SYNC_NOT_FOUND first4=921690D4
SYNC_NOT_FOUND first4=DBB799A6
SYNC_NOT_FOUND first4=69879E93
2026-07-26T11:26:03.605822+00:00 SYNC_NOT_FOUND first4=7F801B39
SYNC_NOT_FOUND first4=99860E41
SYNC_NOT_FOUND first4=4034960C
SYNC_NOT_FOUND first4=1F982F63
SYNC_NOT_FOUND first4=F462CBE7
SYNC_NOT_FOUND first4=09515A1C
SYNC_NOT_FOUND first4=51C8E53E
SYNC_NOT_FOUND first4=F498C65F
SYNC_NOT_FOUND first4=7E79101C
SYNC_NOT_FOUND first4=A294B614
SYNC_NOT_FOUND first4=D590D0EB
TIME_SYNCED utc=1785065163 offset=1785062475
SYNC_NOT_FOUND first4=E68D2C8F
SYNC_NOT_FOUND first4=24B20448
SYNC_NOT_FOUND first4=7156A93B
SYNC_NOT_FOUND first4=DEC999F8
SYNC_NOT_FOUND first4=E63E49D6
SYNC_NOT_FOUND first4=9E47DF9A
SYNC_NOT_FOUND first4=9DFEACDD
SYNC_NOT_FOUND first4=85D7BB21
SYNC_NOT_FOUND first4=74A3D9D2
SYNC_NOT_FOUND first4=AFAC0489
SYNC_NOT_FOUND first4=96F16973
2026-07-26T11:26:04.616590+00:00 SYNC_NOT_FOUND first4=018977DD
SYNC_NOT_FOUND first4=E004C054
SYNC_NOT_FOUND first4=2C458BB1
PHASE_RESULT 22 HF-FLRC-650-128 pktSize=128 rx=0 unique=0 lost=100 per=100.0 rssi_avg=0 rssi_min=0 crc_err=0 garbage=31 tx_lat=0.00000 tx_lon=0.00000 sats=0 fix=0 utc=0 tx_fw=none rx_fw=unknown
PHASE_GUARD 500
PHASE_START 23 HF-FLRC-650-255 pktSize=255
SYNC_NOT_FOUND first4=A4C74A28
SYNC_NOT_FOUND first4=031BFC82
SYNC_NOT_FOUND first4=85DE24A1
SYNC_NOT_FOUND first4=2D75AF94
SYNC_NOT_FOUND first4=58CA4D71
2026-07-26T11:26:05.630070+00:00 SYNC_NOT_FOUND first4=000C6412
SYNC_NOT_FOUND first4=405D123F
SYNC_NOT_FOUND first4=D764FE82
SYNC_NOT_FOUND first4=0392A6D5
SYNC_NOT_FOUND first4=E5D99672
SYNC_NOT_FOUND first4=67EEB0AB
SYNC_NOT_FOUND first4=47871BE3
SYNC_NOT_FOUND first4=91687DEE
SYNC_NOT_FOUND first4=458EAB4C
SYNC_NOT_FOUND first4=47F9552C
SYNC_NOT_FOUND first4=5B3BE930
SYNC_NOT_FOUND first4=BD881A2E
SYNC_NOT_FOUND first4=3DD34985
SYNC_NOT_FOUND first4=4C90756D
2026-07-26T11:26:06.640801+00:00 SYNC_NOT_FOUND first4=0D832F05
SYNC_NOT_FOUND first4=16BA870B
SYNC_NOT_FOUND first4=B3E5DB81
SYNC_NOT_FOUND first4=9F02A99F
SYNC_NOT_FOUND first4=6BAC1305
SYNC_NOT_FOUND first4=061A1EC4
SYNC_NOT_FOUND first4=9E669D04
PHASE_RESULT 23 HF-FLRC-650-255 pktSize=255 rx=0 unique=0 lost=100 per=100.0 rssi_avg=0 rssi_min=0 crc_err=0 garbage=26 tx_lat=0.00000 tx_lon=0.00000 sats=0 fix=0 utc=0 tx_fw=none rx_fw=unknown
PHASE_GUARD 500
PHASE_START 24 HF-FLRC-325-32 pktSize=32
SYNC_NOT_FOUND first4=166D5E35
2026-07-26T11:26:07.651579+00:00 SYNC_NOT_FOUND first4=28AE33E1
SYNC_NOT_FOUND first4=B1F97BC2
SYNC_NOT_FOUND first4=2E20733D
SYNC_NOT_FOUND first4=BF3196A0
SYNC_NOT_FOUND first4=8027D81E
2026-07-26T11:26:08.670813+00:00 PHASE_RESULT 24 HF-FLRC-325-32 pktSize=32 rx=0 unique=0 lost=100 per=100.0 rssi_avg=0 rssi_min=0 crc_err=0 garbage=6 tx_lat=0.00000 tx_lon=0.00000 sats=0 fix=0 utc=0 tx_fw=none rx_fw=unknown
PHASE_GUARD 500
PHASE_START 25 HF-FLRC-325-64 pktSize=64
SYNC_NOT_FOUND first4=408D1877
2026-07-26T11:26:09.681973+00:00 SYNC_NOT_FOUND first4=8B69E1D4
SYNC_NOT_FOUND first4=A9FF7612
SYNC_NOT_FOUND first4=0623CF68
2026-07-26T11:26:10.693872+00:00 SYNC_NOT_FOUND first4=B5CD1F21
PHASE_RESULT 25 HF-FLRC-325-64 pktSize=64 rx=0 unique=0 lost=100 per=100.0 rssi_avg=0 rssi_min=0 crc_err=0 garbage=5 tx_lat=0.00000 tx_lon=0.00000 sats=0 fix=0 utc=0 tx_fw=none rx_fw=unknown
PHASE_GUARD 500
PHASE_START 26 HF-FLRC-325-128 pktSize=128
SYNC_NOT_FOUND first4=1FC68038
SYNC_NOT_FOUND first4=E4684257
SYNC_NOT_FOUND first4=0C9C7706
SYNC_NOT_FOUND first4=621C8021
2026-07-26T11:26:11.705225+00:00 TIME_SYNCED utc=1785065170 offset=1785062475
SYNC_NOT_FOUND first4=28847732
SYNC_NOT_FOUND first4=B5669D73
SYNC_NOT_FOUND first4=6DC7BD9C
2026-07-26T11:26:12.711154+00:00 PHASE_RESULT 26 HF-FLRC-325-128 pktSize=128 rx=0 unique=0 lost=100 per=100.0 rssi_avg=0 rssi_min=0 crc_err=0 garbage=7 tx_lat=0.00000 tx_lon=0.00000 sats=0 fix=0 utc=0 tx_fw=none rx_fw=unknown
PHASE_GUARD 500
PHASE_START 27 HF-FLRC-325-255 pktSize=255
SYNC_NOT_FOUND first4=8352580C
SYNC_NOT_FOUND first4=6944604E
2026-07-26T11:26:13.716034+00:00 TIME_SYNCED utc=1785065173 offset=1785062475
2026-07-26T11:26:14.727290+00:00 SYNC_NOT_FOUND first4=AE1698FE
PHASE_RESULT 27 HF-FLRC-325-255 pktSize=255 rx=0 unique=0 lost=100 per=100.0 rssi_avg=0 rssi_min=0 crc_err=0 garbage=3 tx_lat=0.00000 tx_lon=0.00000 sats=0 fix=0 utc=0 tx_fw=none rx_fw=unknown
PHASE_GUARD 500
LORA_CFG path=0 bw=0x05 sf=7
PHASE_START 28 LF-LoRa-SF7-32 pktSize=32
2026-07-26T11:26:16.781992+00:00 PHASE_RESULT 28 LF-LoRa-SF7-32 pktSize=32 rx=0 unique=0 lost=20 per=100.0 rssi_avg=0 rssi_min=0 crc_err=0 garbage=0 tx_lat=0.00000 tx_lon=0.00000 sats=0 fix=0 utc=0 tx_fw=none rx_fw=unknown
PHASE_GUARD 500
LORA_CFG path=0 bw=0x05 sf=7
PHASE_START 29 LF-LoRa-SF7-64 pktSize=64
2026-07-26T11:26:19.896376+00:00 PHASE_RESULT 29 LF-LoRa-SF7-64 pktSize=64 rx=0 unique=0 lost=20 per=100.0 rssi_avg=0 rssi_min=0 crc_err=0 garbage=0 tx_lat=0.00000 tx_lon=0.00000 sats=0 fix=0 utc=0 tx_fw=none rx_fw=unknown
PHASE_GUARD 500
LORA_CFG path=0 bw=0x05 sf=7
PHASE_START 30 LF-LoRa-SF7-128 pktSize=128
2026-07-26T11:26:21.951355+00:00 TIME_SYNCED utc=1785065180 offset=1785062475
2026-07-26T11:26:24.014130+00:00 PHASE_RESULT 30 LF-LoRa-SF7-128 pktSize=128 rx=0 unique=0 lost=13 per=100.0 rssi_avg=0 rssi_min=0 crc_err=0 garbage=0 tx_lat=0.00000 tx_lon=0.00000 sats=0 fix=0 utc=0 tx_fw=none rx_fw=unknown
PHASE_GUARD 500
LORA_CFG path=0 bw=0x05 sf=7
PHASE_START 31 LF-LoRa-SF7-255 pktSize=255
TIME_SYNCED utc=1785065183 offset=1785062475
2026-07-26T11:26:27.128810+00:00 PHASE_RESULT 31 LF-LoRa-SF7-255 pktSize=255 rx=0 unique=0 lost=7 per=100.0 rssi_avg=0 rssi_min=0 crc_err=0 garbage=0 tx_lat=0.00000 tx_lon=0.00000 sats=0 fix=0 utc=0 tx_fw=none rx_fw=unknown
PHASE_GUARD 500
2026-07-26T11:26:28.141288+00:00 LORA_CFG path=0 bw=0x05 sf=9
PHASE_START 32 LF-LoRa-SF9-32 pktSize=32
2026-07-26T11:26:31.254397+00:00 PHASE_RESULT 32 LF-LoRa-SF9-32 pktSize=32 rx=0 unique=0 lost=7 per=100.0 rssi_avg=0 rssi_min=0 crc_err=0 garbage=0 tx_lat=0.00000 tx_lon=0.00000 sats=0 fix=0 utc=0 tx_fw=none rx_fw=unknown
PHASE_GUARD 500
LORA_CFG path=0 bw=0x05 sf=9
PHASE_START 33 LF-LoRa-SF9-64 pktSize=64
2026-07-26T11:26:32.268232+00:00 TIME_SYNCED utc=1785065191 offset=1785062475
2026-07-26T11:26:34.330391+00:00 TIME_SYNCED utc=1785065193 offset=1785062475
PHASE_RESULT 33 LF-LoRa-SF9-64 pktSize=64 rx=0 unique=0 lost=3 per=100.0 rssi_avg=0 rssi_min=0 crc_err=0 garbage=0 tx_lat=0.00000 tx_lon=0.00000 sats=0 fix=0 utc=0 tx_fw=none rx_fw=unknown
PHASE_GUARD 500
LORA_CFG path=0 bw=0x05 sf=9
PHASE_START 34 LF-LoRa-SF9-128 pktSize=128
2026-07-26T11:26:36.392723+00:00 PHASE_RESULT 34 LF-LoRa-SF9-128 pktSize=128 rx=0 unique=0 lost=1 per=100.0 rssi_avg=0 rssi_min=0 crc_err=0 garbage=0 tx_lat=0.00000 tx_lon=0.00000 sats=0 fix=0 utc=0 tx_fw=none rx_fw=unknown
PHASE_GUARD 500
LORA_CFG path=0 bw=0x05 sf=9
PHASE_START 35 LF-LoRa-SF9-255 pktSize=255
2026-07-26T11:26:40.556775+00:00 PHASE_RESULT 35 LF-LoRa-SF9-255 pktSize=255 rx=0 unique=0 lost=1 per=100.0 rssi_avg=0 rssi_min=0 crc_err=0 garbage=0 tx_lat=0.00000 tx_lon=0.00000 sats=0 fix=0 utc=0 tx_fw=none rx_fw=unknown
PHASE_GUARD 500
LORA_CFG path=0 bw=0x05 sf=12
PHASE_START 36 LF-LoRa-SF12-32 pktSize=32
2026-07-26T11:26:42.620214+00:00 TIME_SYNCED utc=1785065201 offset=1785062475
2026-07-26T11:26:43.631785+00:00 TIME_SYNCED utc=1785065203 offset=1785062475
2026-07-26T11:26:53.052357+00:00 TIME_SYNCED utc=1785065212 offset=1785062476
2026-07-26T11:26:54.067205+00:00 TIME_SYNCED utc=1785065213 offset=1785062475
2026-07-26T11:26:55.078538+00:00 PHASE_RESULT 36 LF-LoRa-SF12-32 pktSize=32 rx=0 unique=0 lost=1 per=100.0 rssi_avg=0 rssi_min=0 crc_err=0 garbage=0 tx_lat=0.00000 tx_lon=0.00000 sats=0 fix=0 utc=0 tx_fw=none rx_fw=unknown
PHASE_GUARD 500
2026-07-26T11:26:56.088945+00:00 LORA_CFG path=0 bw=0x05 sf=12
PHASE_START 37 LF-LoRa-SF12-SKIP SKIP pktSize=64
PHASE_RESULT 37 LF-LoRa-SF12-SKIP pktSize=64 rx=0 unique=0 lost=0 per=0.0 rssi_avg=0 rssi_min=0 crc_err=0 garbage=0 tx_lat=0.00000 tx_lon=0.00000 sats=0 fix=0 utc=0 tx_fw=none rx_fw=unknown
PHASE_GUARD 500
2026-07-26T11:26:57.099408+00:00 LORA_CFG path=0 bw=0x05 sf=12
PHASE_START 38 LF-LoRa-SF12-SKIP SKIP pktSize=128
PHASE_RESULT 38 LF-LoRa-SF12-SKIP pktSize=128 rx=0 unique=0 lost=0 per=0.0 rssi_avg=0 rssi_min=0 crc_err=0 garbage=0 tx_lat=0.00000 tx_lon=0.00000 sats=0 fix=0 utc=0 tx_fw=none rx_fw=unknown
PHASE_GUARD 500
2026-07-26T11:26:58.110823+00:00 LORA_CFG path=0 bw=0x05 sf=12
PHASE_START 39 LF-LoRa-SF12-SKIP SKIP pktSize=255
PHASE_RESULT 39 LF-LoRa-SF12-SKIP pktSize=255 rx=0 unique=0 lost=0 per=0.0 rssi_avg=0 rssi_min=0 crc_err=0 garbage=0 tx_lat=0.00000 tx_lon=0.00000 sats=0 fix=0 utc=0 tx_fw=none rx_fw=unknown
PHASE_GUARD 500
2026-07-26T11:26:59.122251+00:00 PHASE_START 40 LF-FLRC-2600-32 pktSize=32
SYNC_NOT_FOUND first4=4A434536
SYNC_NOT_FOUND first4=1DB59EEA
2026-07-26T11:27:00.133527+00:00 PHASE_RESULT 40 LF-FLRC-2600-32 pktSize=32 rx=0 unique=0 lost=100 per=100.0 rssi_avg=0 rssi_min=0 crc_err=0 garbage=2 tx_lat=0.00000 tx_lon=0.00000 sats=0 fix=0 utc=0 tx_fw=none rx_fw=unknown
PHASE_GUARD 500
2026-07-26T11:27:01.144294+00:00 PHASE_START 41 LF-FLRC-2600-64 pktSize=64
SYNC_NOT_FOUND first4=CE7DC6E7
2026-07-26T11:27:02.155213+00:00 SYNC_NOT_FOUND first4=C968308D
SYNC_NOT_FOUND first4=9696D60C
PHASE_RESULT 41 LF-FLRC-2600-64 pktSize=64 rx=0 unique=0 lost=100 per=100.0 rssi_avg=0 rssi_min=0 crc_err=0 garbage=3 tx_lat=0.00000 tx_lon=0.00000 sats=0 fix=0 utc=0 tx_fw=none rx_fw=unknown
PHASE_GUARD 500
2026-07-26T11:27:03.167235+00:00 PHASE_START 42 LF-FLRC-2600-128 pktSize=128
TIME_SYNCED utc=1785065222 offset=1785062475
2026-07-26T11:27:04.179337+00:00 SYNC_NOT_FOUND first4=87CACFA4
TIME_SYNCED utc=1785065223 offset=1785062475
PHASE_RESULT 42 LF-FLRC-2600-128 pktSize=128 rx=0 unique=0 lost=100 per=100.0 rssi_avg=0 rssi_min=0 crc_err=0 garbage=1 tx_lat=0.00000 tx_lon=0.00000 sats=0 fix=0 utc=0 tx_fw=none rx_fw=unknown
PHASE_GUARD 500
2026-07-26T11:27:05.193226+00:00 PHASE_START 43 LF-FLRC-2600-255 pktSize=255
2026-07-26T11:27:06.204221+00:00 PHASE_RESULT 43 LF-FLRC-2600-255 pktSize=255 rx=0 unique=0 lost=100 per=100.0 rssi_avg=0 rssi_min=0 crc_err=0 garbage=0 tx_lat=0.00000 tx_lon=0.00000 sats=0 fix=0 utc=0 tx_fw=none rx_fw=unknown
PHASE_GUARD 500
PHASE_START 44 LF-FLRC-1300-32 pktSize=32
2026-07-26T11:27:08.265415+00:00 PHASE_RESULT 44 LF-FLRC-1300-32 pktSize=32 rx=0 unique=0 lost=100 per=100.0 rssi_avg=0 rssi_min=0 crc_err=0 garbage=0 tx_lat=0.00000 tx_lon=0.00000 sats=0 fix=0 utc=0 tx_fw=none rx_fw=unknown
PHASE_GUARD 500
PHASE_START 45 LF-FLRC-1300-64 pktSize=64
2026-07-26T11:27:10.327505+00:00 SYNC_NOT_FOUND first4=34345DA1
PHASE_RESULT 45 LF-FLRC-1300-64 pktSize=64 rx=0 unique=0 lost=100 per=100.0 rssi_avg=0 rssi_min=0 crc_err=0 garbage=1 tx_lat=0.00000 tx_lon=0.00000 sats=0 fix=0 utc=0 tx_fw=none rx_fw=unknown
PHASE_GUARD 500
PHASE_START 46 LF-FLRC-1300-128 pktSize=128
2026-07-26T11:27:11.339005+00:00 SYNC_NOT_FOUND first4=E0120579
SYNC_NOT_FOUND first4=47447AF1
2026-07-26T11:27:12.350965+00:00 PHASE_RESULT 46 LF-FLRC-1300-128 pktSize=128 rx=0 unique=0 lost=100 per=100.0 rssi_avg=0 rssi_min=0 crc_err=0 garbage=2 tx_lat=0.00000 tx_lon=0.00000 sats=0 fix=0 utc=0 tx_fw=none rx_fw=unknown
PHASE_GUARD 500
PHASE_START 47 LF-FLRC-1300-255 pktSize=255
2026-07-26T11:27:13.362690+00:00 TIME_SYNCED utc=1785065232 offset=1785062475
2026-07-26T11:27:14.373647+00:00 TIME_SYNCED utc=1785065233 offset=1785062475
SYNC_NOT_FOUND first4=2AD14232
PHASE_RESULT 47 LF-FLRC-1300-255 pktSize=255 rx=0 unique=0 lost=100 per=100.0 rssi_avg=0 rssi_min=0 crc_err=0 garbage=1 tx_lat=0.00000 tx_lon=0.00000 sats=0 fix=0 utc=0 tx_fw=none rx_fw=unknown
PHASE_GUARD 500
PHASE_START 48 LF-FLRC-650-32 pktSize=32
2026-07-26T11:27:16.435602+00:00 SYNC_NOT_FOUND first4=B0DE077E
SYNC_NOT_FOUND first4=DD618AE0
SYNC_NOT_FOUND first4=143D6DEE
PHASE_RESULT 48 LF-FLRC-650-32 pktSize=32 rx=0 unique=0 lost=100 per=100.0 rssi_avg=0 rssi_min=0 crc_err=0 garbage=3 tx_lat=0.00000 tx_lon=0.00000 sats=0 fix=0 utc=0 tx_fw=none rx_fw=unknown
PHASE_GUARD 500
PHASE_START 49 LF-FLRC-650-64 pktSize=64
2026-07-26T11:27:17.447707+00:00 SYNC_NOT_FOUND first4=0EC2ACD2
SYNC_NOT_FOUND first4=1F81B0E3
SYNC_NOT_FOUND first4=F8515003
SYNC_NOT_FOUND first4=2E9A0746
2026-07-26T11:27:18.462470+00:00 PHASE_RESULT 49 LF-FLRC-650-64 pktSize=64 rx=0 unique=0 lost=100 per=100.0 rssi_avg=0 rssi_min=0 crc_err=0 garbage=4 tx_lat=0.00000 tx_lon=0.00000 sats=0 fix=0 utc=0 tx_fw=none rx_fw=unknown
PHASE_GUARD 500
PHASE_START 50 LF-FLRC-650-128 pktSize=128
SYNC_NOT_FOUND first4=5A5C8768
2026-07-26T11:27:19.474033+00:00 SYNC_NOT_FOUND first4=3B847239
2026-07-26T11:27:20.486233+00:00 PHASE_RESULT 50 LF-FLRC-650-128 pktSize=128 rx=0 unique=0 lost=100 per=100.0 rssi_avg=0 rssi_min=0 crc_err=0 garbage=2 tx_lat=0.00000 tx_lon=0.00000 sats=0 fix=0 utc=0 tx_fw=none rx_fw=unknown
PHASE_GUARD 500
PHASE_START 51 LF-FLRC-650-255 pktSize=255
SYNC_NOT_FOUND first4=D62FEABA
2026-07-26T11:27:21.500237+00:00 SYNC_NOT_FOUND first4=23623903
2026-07-26T11:27:22.511035+00:00 SYNC_NOT_FOUND first4=4DEBEB44
SYNC_NOT_FOUND first4=0065B2C3
PHASE_RESULT 51 LF-FLRC-650-255 pktSize=255 rx=0 unique=0 lost=100 per=100.0 rssi_avg=0 rssi_min=0 crc_err=0 garbage=4 tx_lat=0.00000 tx_lon=0.00000 sats=0 fix=0 utc=0 tx_fw=none rx_fw=unknown
PHASE_GUARD 500
PHASE_START 52 LF-FLRC-325-32 pktSize=32
2026-07-26T11:27:23.525420+00:00 TIME_SYNCED utc=1785065242 offset=1785062475
TIME_SYNCED utc=1785065243 offset=1785062475
2026-07-26T11:27:24.541184+00:00 PHASE_RESULT 52 LF-FLRC-325-32 pktSize=32 rx=0 unique=0 lost=100 per=100.0 rssi_avg=0 rssi_min=0 crc_err=0 garbage=0 tx_lat=0.00000 tx_lon=0.00000 sats=0 fix=0 utc=0 tx_fw=none rx_fw=unknown
PHASE_GUARD 500
PHASE_START 53 LF-FLRC-325-64 pktSize=64
2026-07-26T11:27:26.602812+00:00 PHASE_RESULT 53 LF-FLRC-325-64 pktSize=64 rx=0 unique=0 lost=100 per=100.0 rssi_avg=0 rssi_min=0 crc_err=0 garbage=0 tx_lat=0.00000 tx_lon=0.00000 sats=0 fix=0 utc=0 tx_fw=none rx_fw=unknown
PHASE_GUARD 500
PHASE_START 54 LF-FLRC-325-128 pktSize=128
2026-07-26T11:27:28.665839+00:00 PHASE_RESULT 54 LF-FLRC-325-128 pktSize=128 rx=0 unique=0 lost=100 per=100.0 rssi_avg=0 rssi_min=0 crc_err=0 garbage=0 tx_lat=0.00000 tx_lon=0.00000 sats=0 fix=0 utc=0 tx_fw=none rx_fw=unknown
PHASE_GUARD 500
PHASE_START 55 LF-FLRC-325-255 pktSize=255
2026-07-26T11:27:29.677759+00:00 SYNC_NOT_FOUND first4=53566253
2026-07-26T11:27:30.688217+00:00 PHASE_RESULT 55 LF-FLRC-325-255 pktSize=255 rx=0 unique=0 lost=100 per=100.0 rssi_avg=0 rssi_min=0 crc_err=0 garbage=1 tx_lat=0.00000 tx_lon=0.00000 sats=0 fix=0 utc=0 tx_fw=none rx_fw=unknown
PHASE_GUARD 500
LORA_CFG path=1 bw=0x0F sf=7
PHASE_START 0 HF-LoRa-SF7-32 pktSize=32
2026-07-26T11:27:32.750945+00:00 PHASE_RESULT 0 HF-LoRa-SF7-32 pktSize=32 rx=0 unique=0 lost=20 per=100.0 rssi_avg=0 rssi_min=0 crc_err=0 garbage=0 tx_lat=0.00000 tx_lon=0.00000 sats=0 fix=0 utc=0 tx_fw=none rx_fw=unknown
PHASE_GUARD 500
LORA_CFG path=1 bw=0x0F sf=7
PHASE_START 1 HF-LoRa-SF7-64 pktSize=64
2026-07-26T11:27:33.763008+00:00 TIME_SYNCED utc=1785065252 offset=1785062475
TIME_SYNCED utc=1785065253 offset=1785062475
2026-07-26T11:27:34.774216+00:00 PHASE_RESULT 1 HF-LoRa-SF7-64 pktSize=64 rx=0 unique=0 lost=20 per=100.0 rssi_avg=0 rssi_min=0 crc_err=0 garbage=0 tx_lat=0.00000 tx_lon=0.00000 sats=0 fix=0 utc=0 tx_fw=none rx_fw=unknown
PHASE_GUARD 500
LORA_CFG path=1 bw=0x0F sf=7
PHASE_START 2 HF-LoRa-SF7-128 pktSize=128
2026-07-26T11:27:36.836140+00:00 PHASE_RESULT 2 HF-LoRa-SF7-128 pktSize=128 rx=0 unique=0 lost=20 per=100.0 rssi_avg=0 rssi_min=0 crc_err=0 garbage=0 tx_lat=0.00000 tx_lon=0.00000 sats=0 fix=0 utc=0 tx_fw=none rx_fw=unknown
PHASE_GUARD 500
LORA_CFG path=1 bw=0x0F sf=7
PHASE_START 3 HF-LoRa-SF7-255 pktSize=255
2026-07-26T11:27:39.949285+00:00 PHASE_RESULT 3 HF-LoRa-SF7-255 pktSize=255 rx=0 unique=0 lost=20 per=100.0 rssi_avg=0 rssi_min=0 crc_err=0 garbage=0 tx_lat=0.00000 tx_lon=0.00000 sats=0 fix=0 utc=0 tx_fw=none rx_fw=unknown
PHASE_GUARD 500
LORA_CFG path=1 bw=0x0F sf=9
PHASE_START 4 HF-LoRa-SF9-32 pktSize=32
2026-07-26T11:27:42.012248+00:00 PHASE_RESULT 4 HF-LoRa-SF9-32 pktSize=32 rx=0 unique=0 lost=20 per=100.0 rssi_avg=0 rssi_min=0 crc_err=0 garbage=0 tx_lat=0.00000 tx_lon=0.00000 sats=0 fix=0 utc=0 tx_fw=none rx_fw=unknown
PHASE_GUARD 500
LORA_CFG path=1 bw=0x0F sf=9
PHASE_START 5 HF-LoRa-SF9-64 pktSize=64
2026-07-26T11:27:44.074717+00:00 TIME_SYNCED utc=1785065263 offset=1785062475
TIME_SYNCED utc=1785065263 offset=1785062475
PHASE_RESULT 5 HF-LoRa-SF9-64 pktSize=64 rx=0 unique=0 lost=20 per=100.0 rssi_avg=0 rssi_min=0 crc_err=0 garbage=0 tx_lat=0.00000 tx_lon=0.00000 sats=0 fix=0 utc=0 tx_fw=none rx_fw=unknown
PHASE_GUARD 500
2026-07-26T11:27:45.086204+00:00 LORA_CFG path=1 bw=0x0F sf=9
PHASE_START 6 HF-LoRa-SF9-128 pktSize=128
2026-07-26T11:27:48.198399+00:00 PHASE_RESULT 6 HF-LoRa-SF9-128 pktSize=128 rx=0 unique=0 lost=13 per=100.0 rssi_avg=0 rssi_min=0 crc_err=0 garbage=0 tx_lat=0.00000 tx_lon=0.00000 sats=0 fix=0 utc=0 tx_fw=none rx_fw=unknown
PHASE_GUARD 500
LORA_CFG path=1 bw=0x0F sf=9
PHASE_START 7 HF-LoRa-SF9-255 pktSize=255
2026-07-26T11:27:51.311459+00:00 PHASE_RESULT 7 HF-LoRa-SF9-255 pktSize=255 rx=0 unique=0 lost=6 per=100.0 rssi_avg=0 rssi_min=0 crc_err=0 garbage=0 tx_lat=0.00000 tx_lon=0.00000 sats=0 fix=0 utc=0 tx_fw=none rx_fw=unknown
PHASE_GUARD 500
LORA_CFG path=1 bw=0x0F sf=12
PHASE_START 8 HF-LoRa-SF12-32 pktSize=32
2026-07-26T11:27:54.425021+00:00 TIME_SYNCED utc=1785065273 offset=1785062475
TIME_SYNCED utc=1785065273 offset=1785062475
PHASE_RESULT 8 HF-LoRa-SF12-32 pktSize=32 rx=0 unique=0 lost=2 per=100.0 rssi_avg=0 rssi_min=0 crc_err=0 garbage=0 tx_lat=0.00000 tx_lon=0.00000 sats=0 fix=0 utc=0 tx_fw=none rx_fw=unknown
PHASE_GUARD 500
LORA_CFG path=1 bw=0x0F sf=12
PHASE_START 9 HF-LoRa-SF12-64 pktSize=64
2026-07-26T11:27:57.538781+00:00 PHASE_RESULT 9 HF-LoRa-SF12-64 pktSize=64 rx=0 unique=0 lost=1 per=100.0 rssi_avg=0 rssi_min=0 crc_err=0 garbage=0 tx_lat=0.00000 tx_lon=0.00000 sats=0 fix=0 utc=0 tx_fw=none rx_fw=unknown
PHASE_GUARD 500
LORA_CFG path=1 bw=0x0F sf=12
PHASE_START 10 HF-LoRa-SF12-128 pktSize=128
2026-07-26T11:28:02.755071+00:00 PHASE_RESULT 10 HF-LoRa-SF12-128 pktSize=128 rx=0 unique=0 lost=1 per=100.0 rssi_avg=0 rssi_min=0 crc_err=0 garbage=0 tx_lat=0.00000 tx_lon=0.00000 sats=0 fix=0 utc=0 tx_fw=none rx_fw=unknown
PHASE_GUARD 500
LORA_CFG path=1 bw=0x0F sf=12
PHASE_START 11 HF-LoRa-SF12-255 pktSize=255
2026-07-26T11:28:03.766857+00:00 TIME_SYNCED utc=1785065283 offset=1785062475
2026-07-26T11:28:04.779464+00:00 TIME_SYNCED utc=1785065283 offset=1785062475
2026-07-26T11:28:12.088393+00:00 PHASE_RESULT 11 HF-LoRa-SF12-255 pktSize=255 rx=0 unique=0 lost=1 per=100.0 rssi_avg=0 rssi_min=0 crc_err=0 garbage=0 tx_lat=0.00000 tx_lon=0.00000 sats=0 fix=0 utc=0 tx_fw=none rx_fw=unknown
PHASE_GUARD 500
2026-07-26T11:28:13.099708+00:00 PHASE_START 12 HF-FLRC-2600-32 pktSize=32
SYNC_NOT_FOUND first4=BAB437BA
SYNC_NOT_FOUND first4=32420E9F
SYNC_NOT_FOUND first4=3917F642
SYNC_NOT_FOUND first4=C273BCED
SYNC_NOT_FOUND first4=51F2E378
SYNC_NOT_FOUND first4=34B56DD6
SYNC_NOT_FOUND first4=BF053ABD
SYNC_NOT_FOUND first4=1B337C4D
SYNC_NOT_FOUND first4=E3FB0084
2026-07-26T11:28:14.111037+00:00 SYNC_NOT_FOUND first4=96A54079
TIME_SYNCED utc=1785065293 offset=1785062475
SYNC_NOT_FOUND first4=F6F65FFE
PHASE_RESULT 12 HF-FLRC-2600-32 pktSize=32 rx=0 unique=0 lost=100 per=100.0 rssi_avg=0 rssi_min=0 crc_err=0 garbage=11 tx_lat=0.00000 tx_lon=0.00000 sats=0 fix=0 utc=0 tx_fw=none rx_fw=unknown
PHASE_GUARD 500
2026-07-26T11:28:15.122854+00:00 PHASE_START 13 HF-FLRC-2600-64 pktSize=64
TIME_SYNCED utc=1785065294 offset=1785062475
SYNC_NOT_FOUND first4=5EF5126E
SYNC_NOT_FOUND first4=71E016B8
SYNC_NOT_FOUND first4=88AA67D1
SYNC_NOT_FOUND first4=98876273
SYNC_NOT_FOUND first4=61912A6E
SYNC_NOT_FOUND first4=313C06E8
SYNC_NOT_FOUND first4=CBE83A63
SYNC_NOT_FOUND first4=5C06F278
SYNC_NOT_FOUND first4=1D447E40
2026-07-26T11:28:16.134129+00:00 SYNC_NOT_FOUND first4=0F4A0460
SYNC_NOT_FOUND first4=8A49C609
SYNC_NOT_FOUND first4=5F588D45
SYNC_NOT_FOUND first4=64364FA2
SYNC_NOT_FOUND first4=377DD2AC
SYNC_NOT_FOUND first4=B8969468
SYNC_NOT_FOUND first4=CF22AE47
SYNC_NOT_FOUND first4=E4FC009D
SYNC_NOT_FOUND first4=F5139F0A
PHASE_RESULT 13 HF-FLRC-2600-64 pktSize=64 rx=0 unique=0 lost=100 per=100.0 rssi_avg=0 rssi_min=0 crc_err=0 garbage=18 tx_lat=0.00000 tx_lon=0.00000 sats=0 fix=0 utc=0 tx_fw=none rx_fw=unknown
PHASE_GUARD 500
2026-07-26T11:28:17.137433+00:00 PHASE_START 14 HF-FLRC-2600-128 pktSize=128
SYNC_NOT_FOUND first4=08E3EC2C
SYNC_NOT_FOUND first4=19C9FD61
SYNC_NOT_FOUND first4=E81EED6A
SYNC_NOT_FOUND first4=F16E2857
2026-07-26T11:28:18.141526+00:00 SYNC_NOT_FOUND first4=9EF5998B
SYNC_NOT_FOUND first4=9BC2D11B
SYNC_NOT_FOUND first4=C7420080
SYNC_NOT_FOUND first4=6903B8FC
SYNC_NOT_FOUND first4=6886B1B5
SYNC_NOT_FOUND first4=95FF61DB
SYNC_NOT_FOUND first4=DAE1ED9D
PHASE_RESULT 14 HF-FLRC-2600-128 pktSize=128 rx=0 unique=0 lost=100 per=100.0 rssi_avg=0 rssi_min=0 crc_err=0 garbage=11 tx_lat=0.00000 tx_lon=0.00000 sats=0 fix=0 utc=0 tx_fw=none rx_fw=unknown
PHASE_GUARD 500
2026-07-26T11:28:19.152219+00:00 PHASE_START 15 HF-FLRC-2600-255 pktSize=255
SYNC_NOT_FOUND first4=0AD023F4
SYNC_NOT_FOUND first4=44D1DE0F
SYNC_NOT_FOUND first4=64D644C4
SYNC_NOT_FOUND first4=DA1678F8
SYNC_NOT_FOUND first4=3C89057B
2026-07-26T11:28:20.165539+00:00 SYNC_NOT_FOUND first4=0B6918C6
SYNC_NOT_FOUND first4=987E1BC3
SYNC_NOT_FOUND first4=241F6325
SYNC_NOT_FOUND first4=6A5C369F
SYNC_NOT_FOUND first4=BC476680
SYNC_NOT_FOUND first4=88655AB0
SYNC_NOT_FOUND first4=BA1E5814
PHASE_RESULT 15 HF-FLRC-2600-255 pktSize=255 rx=0 unique=0 lost=100 per=100.0 rssi_avg=0 rssi_min=0 crc_err=0 garbage=12 tx_lat=0.00000 tx_lon=0.00000 sats=0 fix=0 utc=0 tx_fw=none rx_fw=unknown
PHASE_GUARD 500
2026-07-26T11:28:21.177776+00:00 PHASE_START 16 HF-FLRC-1300-32 pktSize=32
2026-07-26T11:28:22.188743+00:00 SYNC_NOT_FOUND first4=7C9EA34F
SYNC_NOT_FOUND first4=2E938291
PHASE_RESULT 16 HF-FLRC-1300-32 pktSize=32 rx=0 unique=0 lost=100 per=100.0 rssi_avg=0 rssi_min=0 crc_err=0 garbage=2 tx_lat=0.00000 tx_lon=0.00000 sats=0 fix=0 utc=0 tx_fw=none rx_fw=unknown
PHASE_GUARD 500
PHASE_START 17 HF-FLRC-1300-64 pktSize=64
2026-07-26T11:28:23.200297+00:00 SYNC_NOT_FOUND first4=5DD5DCC6
2026-07-26T11:28:24.210864+00:00 SYNC_NOT_FOUND first4=40608A03
SYNC_NOT_FOUND first4=27EADD54
TIME_SYNCED utc=1785065303 offset=1785062475
SYNC_NOT_FOUND first4=0679449E
SYNC_NOT_FOUND first4=E161E4F4
PHASE_RESULT 17 HF-FLRC-1300-64 pktSize=64 rx=0 unique=0 lost=100 per=100.0 rssi_avg=0 rssi_min=0 crc_err=0 garbage=5 tx_lat=0.00000 tx_lon=0.00000 sats=0 fix=0 utc=0 tx_fw=none rx_fw=unknown
PHASE_GUARD 500
PHASE_START 18 HF-FLRC-1300-128 pktSize=128
2026-07-26T11:28:25.222228+00:00 TIME_SYNCED utc=1785065304 offset=1785062475
SYNC_NOT_FOUND first4=65BABE19
2026-07-26T11:28:26.233662+00:00 SYNC_NOT_FOUND first4=2E627756
SYNC_NOT_FOUND first4=D7A312C4
PHASE_RESULT 18 HF-FLRC-1300-128 pktSize=128 rx=0 unique=0 lost=100 per=100.0 rssi_avg=0 rssi_min=0 crc_err=0 garbage=3 tx_lat=0.00000 tx_lon=0.00000 sats=0 fix=0 utc=0 tx_fw=none rx_fw=unknown
PHASE_GUARD 500
PHASE_START 19 HF-FLRC-1300-255 pktSize=255
2026-07-26T11:28:27.244760+00:00 SYNC_NOT_FOUND first4=75BCE9FE
SYNC_NOT_FOUND first4=325CC97B
SYNC_NOT_FOUND first4=C4EC4925
2026-07-26T11:28:28.256297+00:00 SYNC_NOT_FOUND first4=72CF7D94
SYNC_NOT_FOUND first4=B2A39B4B
PHASE_RESULT 19 HF-FLRC-1300-255 pktSize=255 rx=0 unique=0 lost=100 per=100.0 rssi_avg=0 rssi_min=0 crc_err=0 garbage=5 tx_lat=0.00000 tx_lon=0.00000 sats=0 fix=0 utc=0 tx_fw=none rx_fw=unknown
PHASE_GUARD 500
PHASE_START 20 HF-FLRC-650-32 pktSize=32
2026-07-26T11:28:29.267397+00:00 SYNC_NOT_FOUND first4=1C8A7F37
SYNC_NOT_FOUND first4=B02A6234
SYNC_NOT_FOUND first4=C931B32E
SYNC_NOT_FOUND first4=4E1B5EBD
SYNC_NOT_FOUND first4=BD4DACC5
SYNC_NOT_FOUND first4=90C8C4EC
SYNC_NOT_FOUND first4=7F228C95
SYNC_NOT_FOUND first4=D236B641
SYNC_NOT_FOUND first4=2B2312B4
SYNC_NOT_FOUND first4=B72351F5
SYNC_NOT_FOUND first4=A7E8CAA0
SYNC_NOT_FOUND first4=09A233A2
SYNC_NOT_FOUND first4=5D2891FB
SYNC_NOT_FOUND first4=F9B14D7A
SYNC_NOT_FOUND first4=71A2FDD1
SYNC_NOT_FOUND first4=E4D03220
SYNC_NOT_FOUND first4=F30AFA3E
2026-07-26T11:28:30.277975+00:00 SYNC_NOT_FOUND first4=B90905EB
SYNC_NOT_FOUND first4=51C692F7
SYNC_NOT_FOUND first4=9E91B0D3
SYNC_NOT_FOUND first4=39B670A3
SYNC_NOT_FOUND first4=0436BCC1
SYNC_NOT_FOUND first4=665EC848
SYNC_NOT_FOUND first4=C4F33332
SYNC_NOT_FOUND first4=515C004F
SYNC_NOT_FOUND first4=E526EF51
SYNC_NOT_FOUND first4=72AF3CD5
SYNC_NOT_FOUND first4=4BC7A567
SYNC_NOT_FOUND first4=769CE329
SYNC_NOT_FOUND first4=30D739C9
SYNC_NOT_FOUND first4=DC4EF5CD
SYNC_NOT_FOUND first4=A63EA205
SYNC_NOT_FOUND first4=5E29E491
PHASE_RESULT 20 HF-FLRC-650-32 pktSize=32 rx=0 unique=0 lost=100 per=100.0 rssi_avg=0 rssi_min=0 crc_err=0 garbage=33 tx_lat=0.00000 tx_lon=0.00000 sats=0 fix=0 utc=0 tx_fw=none rx_fw=unknown
PHASE_GUARD 500
PHASE_START 21 HF-FLRC-650-64 pktSize=64
2026-07-26T11:28:31.289167+00:00 SYNC_NOT_FOUND first4=C998D774
SYNC_NOT_FOUND first4=66BE8E96
SYNC_NOT_FOUND first4=83439DC9
SYNC_NOT_FOUND first4=74FD929C
SYNC_NOT_FOUND first4=45C0B80B
SYNC_NOT_FOUND first4=008DE4CB
SYNC_NOT_FOUND first4=4AEE0C35
SYNC_NOT_FOUND first4=0357DD76
SYNC_NOT_FOUND first4=DCA8BE2A
SYNC_NOT_FOUND first4=90C78D6C
SYNC_NOT_FOUND first4=98D27F15
SYNC_NOT_FOUND first4=C80DFA86
SYNC_NOT_FOUND first4=1A96014C
SYNC_NOT_FOUND first4=0C04BC88
SYNC_NOT_FOUND first4=9E6D8E6A
SYNC_NOT_FOUND first4=B8DD0A11
SYNC_NOT_FOUND first4=8B9BB5CB
SYNC_NOT_FOUND first4=205E62DC
SYNC_NOT_FOUND first4=AEC06F16
2026-07-26T11:28:32.299774+00:00 SYNC_NOT_FOUND first4=61A9537B
SYNC_NOT_FOUND first4=1E0CE7AB
SYNC_NOT_FOUND first4=C71C823C
SYNC_NOT_FOUND first4=E71FE27E
SYNC_NOT_FOUND first4=CB6FB7D7
SYNC_NOT_FOUND first4=247C6561
SYNC_NOT_FOUND first4=CCEE5511
SYNC_NOT_FOUND first4=DA19479E
SYNC_NOT_FOUND first4=FD07F515
PHASE_RESULT 21 HF-FLRC-650-64 pktSize=64 rx=0 unique=0 lost=100 per=100.0 rssi_avg=0 rssi_min=0 crc_err=0 garbage=28 tx_lat=0.00000 tx_lon=0.00000 sats=0 fix=0 utc=0 tx_fw=none rx_fw=unknown
PHASE_GUARD 500
PHASE_START 22 HF-FLRC-650-128 pktSize=128
SYNC_NOT_FOUND first4=5C82A412
SYNC_NOT_FOUND first4=B9ECC787
2026-07-26T11:28:33.311122+00:00 SYNC_NOT_FOUND first4=F4E4BDE9
SYNC_NOT_FOUND first4=112AACFE
SYNC_NOT_FOUND first4=7C6FEDA8
SYNC_NOT_FOUND first4=27896AC4
SYNC_NOT_FOUND first4=2FFC564B
SYNC_NOT_FOUND first4=0B2E6B89
SYNC_NOT_FOUND first4=AFA1AB97
SYNC_NOT_FOUND first4=20242B4B
SYNC_NOT_FOUND first4=F45865E7
SYNC_NOT_FOUND first4=511EFA6D
SYNC_NOT_FOUND first4=F89A553B
SYNC_NOT_FOUND first4=650E62F4
SYNC_NOT_FOUND first4=2F43A1C3
SYNC_NOT_FOUND first4=69A0E506
SYNC_NOT_FOUND first4=1266356F
SYNC_NOT_FOUND first4=4871BEA0
SYNC_NOT_FOUND first4=F95AEBC6
SYNC_NOT_FOUND first4=D1AC8615
SYNC_NOT_FOUND first4=6D83E05D
SYNC_NOT_FOUND first4=895FFAC9
SYNC_NOT_FOUND first4=2E46D2FC
2026-07-26T11:28:34.322127+00:00 SYNC_NOT_FOUND first4=4B8A1326
SYNC_NOT_FOUND first4=47838AE8
TIME_SYNCED utc=1785065313 offset=1785062475
SYNC_NOT_FOUND first4=C8B6F395
SYNC_NOT_FOUND first4=355FD086
SYNC_NOT_FOUND first4=245E73CE
SYNC_NOT_FOUND first4=8AF9D459
SYNC_NOT_FOUND first4=94956EEE
SYNC_NOT_FOUND first4=37ECBE00
SYNC_NOT_FOUND first4=52A099A2
SYNC_NOT_FOUND first4=0AF32B78
SYNC_NOT_FOUND first4=6ACBA061
SYNC_NOT_FOUND first4=60015358
SYNC_NOT_FOUND first4=65B69CCE
SYNC_NOT_FOUND first4=9AD32E5F
PHASE_RESULT 22 HF-FLRC-650-128 pktSize=128 rx=0 unique=0 lost=100 per=100.0 rssi_avg=0 rssi_min=0 crc_err=0 garbage=37 tx_lat=0.00000 tx_lon=0.00000 sats=0 fix=0 utc=0 tx_fw=none rx_fw=unknown
PHASE_GUARD 500
PHASE_START 23 HF-FLRC-650-255 pktSize=255
SYNC_NOT_FOUND first4=39DE025B
2026-07-26T11:28:35.333217+00:00 SYNC_NOT_FOUND first4=2EF1D506
TIME_SYNCED utc=1785065314 offset=1785062475
SYNC_NOT_FOUND first4=A19D1034
SYNC_NOT_FOUND first4=59698C11
SYNC_NOT_FOUND first4=643D12ED
SYNC_NOT_FOUND first4=E944A2F2
SYNC_NOT_FOUND first4=0B8CD111
SYNC_NOT_FOUND first4=823226ED
SYNC_NOT_FOUND first4=9DA5C9BF
SYNC_NOT_FOUND first4=B7417A9D
SYNC_NOT_FOUND first4=B572A1DF
SYNC_NOT_FOUND first4=A139AF69
SYNC_NOT_FOUND first4=6B288C65
SYNC_NOT_FOUND first4=144187CF
SYNC_NOT_FOUND first4=94F9EF20
SYNC_NOT_FOUND first4=5A291CD2
SYNC_NOT_FOUND first4=1E83C59D
SYNC_NOT_FOUND first4=74E06095
SYNC_NOT_FOUND first4=12D2CF94
SYNC_NOT_FOUND first4=400204F4
SYNC_NOT_FOUND first4=E84CDE7F
SYNC_NOT_FOUND first4=DC91D652
SYNC_NOT_FOUND first4=64CA0651
SYNC_NOT_FOUND first4=9B9D3552
2026-07-26T11:28:36.344672+00:00 SYNC_NOT_FOUND first4=7D10B896
SYNC_NOT_FOUND first4=79C334D4
SYNC_NOT_FOUND first4=1FC7A349
SYNC_NOT_FOUND first4=7C0B162F
SYNC_NOT_FOUND first4=B1B8A5FC
SYNC_NOT_FOUND first4=1E4AFC74
SYNC_NOT_FOUND first4=0D60F432
SYNC_NOT_FOUND first4=AC9673D5
SYNC_NOT_FOUND first4=E1DFCA67
SYNC_NOT_FOUND first4=3E241780
SYNC_NOT_FOUND first4=B38E5389
SYNC_NOT_FOUND first4=8EC89A57
SYNC_NOT_FOUND first4=DBA4A7F9
PHASE_RESULT 23 HF-FLRC-650-255 pktSize=255 rx=0 unique=0 lost=100 per=100.0 rssi_avg=0 rssi_min=0 crc_err=0 garbage=37 tx_lat=0.00000 tx_lon=0.00000 sats=0 fix=0 utc=0 tx_fw=none rx_fw=unknown
PHASE_GUARD 500
PHASE_START 24 HF-FLRC-325-32 pktSize=32
SYNC_NOT_FOUND first4=2715FE20
2026-07-26T11:28:38.406815+00:00 PHASE_RESULT 24 HF-FLRC-325-32 pktSize=32 rx=0 unique=0 lost=100 per=100.0 rssi_avg=0 rssi_min=0 crc_err=0 garbage=1 tx_lat=0.00000 tx_lon=0.00000 sats=0 fix=0 utc=0 tx_fw=none rx_fw=unknown
PHASE_GUARD 500
PHASE_START 25 HF-FLRC-325-64 pktSize=64
2026-07-26T11:28:39.418251+00:00 SYNC_NOT_FOUND first4=BB680250
2026-07-26T11:28:40.429212+00:00 SYNC_NOT_FOUND first4=780C8B8B
SYNC_NOT_FOUND first4=15BA9ECC
PHASE_RESULT 25 HF-FLRC-325-64 pktSize=64 rx=0 unique=0 lost=100 per=100.0 rssi_avg=0 rssi_min=0 crc_err=0 garbage=3 tx_lat=0.00000 tx_lon=0.00000 sats=0 fix=0 utc=0 tx_fw=none rx_fw=unknown
PHASE_GUARD 500
PHASE_START 26 HF-FLRC-325-128 pktSize=128
2026-07-26T11:28:41.440871+00:00 SYNC_NOT_FOUND first4=09005595
2026-07-26T11:28:42.451578+00:00 SYNC_NOT_FOUND first4=CF72047C
SYNC_NOT_FOUND first4=D33D147E
PHASE_RESULT 26 HF-FLRC-325-128 pktSize=128 rx=0 unique=0 lost=100 per=100.0 rssi_avg=0 rssi_min=0 crc_err=0 garbage=3 tx_lat=0.00000 tx_lon=0.00000 sats=0 fix=0 utc=0 tx_fw=none rx_fw=unknown
PHASE_GUARD 500
PHASE_START 27 HF-FLRC-325-255 pktSize=255
SYNC_NOT_FOUND first4=CB24FFE9
SYNC_NOT_FOUND first4=0BE7885E
2026-07-26T11:28:43.463223+00:00 SYNC_NOT_FOUND first4=4720F777
SYNC_NOT_FOUND first4=12B9FF65
2026-07-26T11:28:44.474574+00:00 TIME_SYNCED utc=1785065323 offset=1785062475
SYNC_NOT_FOUND first4=A90AF78C
SYNC_NOT_FOUND first4=24B8F9E6
SYNC_NOT_FOUND first4=236A9A08
SYNC_NOT_FOUND first4=1505547B
SYNC_NOT_FOUND first4=2FF7F399
PHASE_RESULT 27 HF-FLRC-325-255 pktSize=255 rx=0 unique=0 lost=100 per=100.0 rssi_avg=0 rssi_min=0 crc_err=0 garbage=9 tx_lat=0.00000 tx_lon=0.00000 sats=0 fix=0 utc=0 tx_fw=none rx_fw=unknown
PHASE_GUARD 500
LORA_CFG path=0 bw=0x05 sf=7
PHASE_START 28 LF-LoRa-SF7-32 pktSize=32
2026-07-26T11:28:45.486302+00:00 TIME_SYNCED utc=1785065324 offset=1785062475
2026-07-26T11:28:46.497959+00:00 PHASE_RESULT 28 LF-LoRa-SF7-32 pktSize=32 rx=0 unique=0 lost=20 per=100.0 rssi_avg=0 rssi_min=0 crc_err=0 garbage=0 tx_lat=0.00000 tx_lon=0.00000 sats=0 fix=0 utc=0 tx_fw=none rx_fw=unknown
PHASE_GUARD 500
LORA_CFG path=0 bw=0x05 sf=7
PHASE_START 29 LF-LoRa-SF7-64 pktSize=64
2026-07-26T11:28:49.604802+00:00 PHASE_RESULT 29 LF-LoRa-SF7-64 pktSize=64 rx=0 unique=0 lost=20 per=100.0 rssi_avg=0 rssi_min=0 crc_err=0 garbage=0 tx_lat=0.00000 tx_lon=0.00000 sats=0 fix=0 utc=0 tx_fw=none rx_fw=unknown
PHASE_GUARD 500
LORA_CFG path=0 bw=0x05 sf=7
PHASE_START 30 LF-LoRa-SF7-128 pktSize=128
2026-07-26T11:28:53.769365+00:00 PHASE_RESULT 30 LF-LoRa-SF7-128 pktSize=128 rx=0 unique=0 lost=13 per=100.0 rssi_avg=0 rssi_min=0 crc_err=0 garbage=0 tx_lat=0.00000 tx_lon=0.00000 sats=0 fix=0 utc=0 tx_fw=none rx_fw=unknown
PHASE_GUARD 500
LORA_CFG path=0 bw=0x05 sf=7
PHASE_START 31 LF-LoRa-SF7-255 pktSize=255
TIME_SYNCED utc=1785065333 offset=1785062475
2026-07-26T11:28:55.832221+00:00 TIME_SYNCED utc=1785065334 offset=1785062475
2026-07-26T11:28:57.895094+00:00 PHASE_RESULT 31 LF-LoRa-SF7-255 pktSize=255 rx=0 unique=0 lost=7 per=100.0 rssi_avg=0 rssi_min=0 crc_err=0 garbage=0 tx_lat=0.00000 tx_lon=0.00000 sats=0 fix=0 utc=0 tx_fw=none rx_fw=unknown
PHASE_GUARD 500
LORA_CFG path=0 bw=0x05 sf=9
PHASE_START 32 LF-LoRa-SF9-32 pktSize=32
2026-07-26T11:29:02.060207+00:00 PHASE_RESULT 32 LF-LoRa-SF9-32 pktSize=32 rx=0 unique=0 lost=7 per=100.0 rssi_avg=0 rssi_min=0 crc_err=0 garbage=0 tx_lat=0.00000 tx_lon=0.00000 sats=0 fix=0 utc=0 tx_fw=none rx_fw=unknown
PHASE_GUARD 500
LORA_CFG path=0 bw=0x05 sf=9
PHASE_START 33 LF-LoRa-SF9-64 pktSize=64
2026-07-26T11:29:04.123103+00:00 TIME_SYNCED utc=1785065343 offset=1785062475
PHASE_RESULT 33 LF-LoRa-SF9-64 pktSize=64 rx=0 unique=0 lost=3 per=100.0 rssi_avg=0 rssi_min=0 crc_err=0 garbage=0 tx_lat=0.00000 tx_lon=0.00000 sats=0 fix=0 utc=0 tx_fw=none rx_fw=unknown
PHASE_GUARD 500
LORA_CFG path=0 bw=0x05 sf=9
2026-07-26T11:29:05.135211+00:00 PHASE_START 34 LF-LoRa-SF9-128 pktSize=128
2026-07-26T11:29:06.146094+00:00 TIME_SYNCED utc=1785065345 offset=1785062475
PHASE_RESULT 34 LF-LoRa-SF9-128 pktSize=128 rx=0 unique=0 lost=1 per=100.0 rssi_avg=0 rssi_min=0 crc_err=0 garbage=0 tx_lat=0.00000 tx_lon=0.00000 sats=0 fix=0 utc=0 tx_fw=none rx_fw=unknown
PHASE_GUARD 500
LORA_CFG path=0 bw=0x05 sf=9
2026-07-26T11:29:07.158288+00:00 PHASE_START 35 LF-LoRa-SF9-255 pktSize=255
2026-07-26T11:29:10.270459+00:00 PHASE_RESULT 35 LF-LoRa-SF9-255 pktSize=255 rx=0 unique=0 lost=1 per=100.0 rssi_avg=0 rssi_min=0 crc_err=0 garbage=0 tx_lat=0.00000 tx_lon=0.00000 sats=0 fix=0 utc=0 tx_fw=none rx_fw=unknown
PHASE_GUARD 500
LORA_CFG path=0 bw=0x05 sf=12
PHASE_START 36 LF-LoRa-SF12-32 pktSize=32
2026-07-26T11:29:14.438234+00:00 TIME_SYNCED utc=1785065353 offset=1785062475
2026-07-26T11:29:16.503207+00:00 TIME_SYNCED utc=1785065355 offset=1785062475
2026-07-26T11:29:23.821511+00:00 TIME_SYNCED utc=1785065363 offset=1785062475
2026-07-26T11:29:25.884079+00:00 PHASE_RESULT 36 LF-LoRa-SF12-32 pktSize=32 rx=0 unique=0 lost=1 per=100.0 rssi_avg=0 rssi_min=0 crc_err=0 garbage=0 tx_lat=0.00000 tx_lon=0.00000 sats=0 fix=0 utc=0 tx_fw=none rx_fw=unknown
PHASE_GUARD 500
LORA_CFG path=0 bw=0x05 sf=12
PHASE_START 37 LF-LoRa-SF12-SKIP SKIP pktSize=64
2026-07-26T11:29:26.896152+00:00 TIME_SYNCED utc=1785065365 offset=1785062475
PHASE_RESULT 37 LF-LoRa-SF12-SKIP pktSize=64 rx=0 unique=0 lost=0 per=0.0 rssi_avg=0 rssi_min=0 crc_err=0 garbage=0 tx_lat=0.00000 tx_lon=0.00000 sats=0 fix=0 utc=0 tx_fw=none rx_fw=unknown
PHASE_GUARD 500
LORA_CFG path=0 bw=0x05 sf=12
PHASE_START 38 LF-LoRa-SF12-SKIP SKIP pktSize=128
2026-07-26T11:29:27.908231+00:00 PHASE_RESULT 38 LF-LoRa-SF12-SKIP pktSize=128 rx=0 unique=0 lost=0 per=0.0 rssi_avg=0 rssi_min=0 crc_err=0 garbage=0 tx_lat=0.00000 tx_lon=0.00000 sats=0 fix=0 utc=0 tx_fw=none rx_fw=unknown
PHASE_GUARD 500
LORA_CFG path=0 bw=0x05 sf=12
PHASE_START 39 LF-LoRa-SF12-SKIP SKIP pktSize=255
2026-07-26T11:29:28.921083+00:00 PHASE_RESULT 39 LF-LoRa-SF12-SKIP pktSize=255 rx=0 unique=0 lost=0 per=0.0 rssi_avg=0 rssi_min=0 crc_err=0 garbage=0 tx_lat=0.00000 tx_lon=0.00000 sats=0 fix=0 utc=0 tx_fw=none rx_fw=unknown
PHASE_GUARD 500
PHASE_START 40 LF-FLRC-2600-32 pktSize=32
SYNC_NOT_FOUND first4=29C1E5A7
SYNC_NOT_FOUND first4=3DE79887
2026-07-26T11:29:29.937034+00:00 SYNC_NOT_FOUND first4=25C7C542
2026-07-26T11:29:30.948957+00:00 PHASE_RESULT 40 LF-FLRC-2600-32 pktSize=32 rx=0 unique=0 lost=100 per=100.0 rssi_avg=0 rssi_min=0 crc_err=0 garbage=3 tx_lat=0.00000 tx_lon=0.00000 sats=0 fix=0 utc=0 tx_fw=none rx_fw=unknown
PHASE_GUARD 500
PHASE_START 41 LF-FLRC-2600-64 pktSize=64
SYNC_NOT_FOUND first4=981D1D1C
SYNC_NOT_FOUND first4=A83D5574
2026-07-26T11:29:33.012170+00:00 PHASE_RESULT 41 LF-FLRC-2600-64 pktSize=64 rx=0 unique=0 lost=100 per=100.0 rssi_avg=0 rssi_min=0 crc_err=0 garbage=2 tx_lat=0.00000 tx_lon=0.00000 sats=0 fix=0 utc=0 tx_fw=none rx_fw=unknown
PHASE_GUARD 500
PHASE_START 42 LF-FLRC-2600-128 pktSize=128
SYNC_NOT_FOUND first4=EA977EB4
2026-07-26T11:29:34.023584+00:00 SYNC_NOT_FOUND first4=8D216AFC
SYNC_NOT_FOUND first4=9B2C8E49
TIME_SYNCED utc=1785065373 offset=1785062475
PHASE_RESULT 42 LF-FLRC-2600-128 pktSize=128 rx=0 unique=0 lost=100 per=100.0 rssi_avg=0 rssi_min=0 crc_err=0 garbage=3 tx_lat=0.00000 tx_lon=0.00000 sats=0 fix=0 utc=0 tx_fw=none rx_fw=unknown
2026-07-26T11:29:35.035211+00:00 PHASE_GUARD 500
PHASE_START 43 LF-FLRC-2600-255 pktSize=255
SYNC_NOT_FOUND first4=99B52997
2026-07-26T11:29:36.046174+00:00 SYNC_NOT_FOUND first4=2AB6B8C9
PHASE_RESULT 43 LF-FLRC-2600-255 pktSize=255 rx=0 unique=0 lost=100 per=100.0 rssi_avg=0 rssi_min=0 crc_err=0 garbage=2 tx_lat=0.00000 tx_lon=0.00000 sats=0 fix=0 utc=0 tx_fw=none rx_fw=unknown
PHASE_GUARD 500
2026-07-26T11:29:37.059202+00:00 PHASE_START 44 LF-FLRC-1300-32 pktSize=32
TIME_SYNCED utc=1785065376 offset=1785062475
2026-07-26T11:29:38.070563+00:00 PHASE_RESULT 44 LF-FLRC-1300-32 pktSize=32 rx=0 unique=0 lost=100 per=100.0 rssi_avg=0 rssi_min=0 crc_err=0 garbage=0 tx_lat=0.00000 tx_lon=0.00000 sats=0 fix=0 utc=0 tx_fw=none rx_fw=unknown
PHASE_GUARD 500
2026-07-26T11:29:39.081371+00:00 PHASE_START 45 LF-FLRC-1300-64 pktSize=64
SYNC_NOT_FOUND first4=870A5FF5
2026-07-26T11:29:40.092613+00:00 PHASE_RESULT 45 LF-FLRC-1300-64 pktSize=64 rx=0 unique=0 lost=100 per=100.0 rssi_avg=0 rssi_min=0 crc_err=0 garbage=1 tx_lat=0.00000 tx_lon=0.00000 sats=0 fix=0 utc=0 tx_fw=none rx_fw=unknown
PHASE_GUARD 500
2026-07-26T11:29:41.103348+00:00 PHASE_START 46 LF-FLRC-1300-128 pktSize=128
SYNC_NOT_FOUND first4=82829BFE
2026-07-26T11:29:42.114300+00:00 PHASE_RESULT 46 LF-FLRC-1300-128 pktSize=128 rx=0 unique=0 lost=100 per=100.0 rssi_avg=0 rssi_min=0 crc_err=0 garbage=1 tx_lat=0.00000 tx_lon=0.00000 sats=0 fix=0 utc=0 tx_fw=none rx_fw=unknown
PHASE_GUARD 500
2026-07-26T11:29:43.126221+00:00 PHASE_START 47 LF-FLRC-1300-255 pktSize=255
2026-07-26T11:29:44.136786+00:00 TIME_SYNCED utc=1785065383 offset=1785062475
PHASE_RESULT 47 LF-FLRC-1300-255 pktSize=255 rx=0 unique=0 lost=100 per=100.0 rssi_avg=0 rssi_min=0 crc_err=0 garbage=0 tx_lat=0.00000 tx_lon=0.00000 sats=0 fix=0 utc=0 tx_fw=none rx_fw=unknown
PHASE_GUARD 500
2026-07-26T11:29:45.148289+00:00 PHASE_START 48 LF-FLRC-650-32 pktSize=32
2026-07-26T11:29:46.159425+00:00 SYNC_NOT_FOUND first4=45895092
PHASE_RESULT 48 LF-FLRC-650-32 pktSize=32 rx=0 unique=0 lost=100 per=100.0 rssi_avg=0 rssi_min=0 crc_err=0 garbage=1 tx_lat=0.00000 tx_lon=0.00000 sats=0 fix=0 utc=0 tx_fw=none rx_fw=unknown
PHASE_GUARD 500
2026-07-26T11:29:47.176637+00:00 PHASE_START 49 LF-FLRC-650-64 pktSize=64
TIME_SYNCED utc=1785065386 offset=1785062475
SYNC_NOT_FOUND first4=FBDDA9FC
SYNC_NOT_FOUND first4=DF42B8D8
2026-07-26T11:29:48.188086+00:00 SYNC_NOT_FOUND first4=AAABEEAD
SYNC_NOT_FOUND first4=A3C9FE94
PHASE_RESULT 49 LF-FLRC-650-64 pktSize=64 rx=0 unique=0 lost=100 per=100.0 rssi_avg=0 rssi_min=0 crc_err=0 garbage=4 tx_lat=0.00000 tx_lon=0.00000 sats=0 fix=0 utc=0 tx_fw=none rx_fw=unknown
PHASE_GUARD 500
PHASE_START 50 LF-FLRC-650-128 pktSize=128
2026-07-26T11:29:49.191457+00:00 SYNC_NOT_FOUND first4=61DA21A5
SYNC_NOT_FOUND first4=E0003C81
SYNC_NOT_FOUND first4=FEC1D10E
2026-07-26T11:29:50.202292+00:00 SYNC_NOT_FOUND first4=12E2F192
PHASE_RESULT 50 LF-FLRC-650-128 pktSize=128 rx=0 unique=0 lost=100 per=100.0 rssi_avg=0 rssi_min=0 crc_err=0 garbage=4 tx_lat=0.00000 tx_lon=0.00000 sats=0 fix=0 utc=0 tx_fw=none rx_fw=unknown
PHASE_GUARD 500
PHASE_START 51 LF-FLRC-650-255 pktSize=255
2026-07-26T11:29:52.264493+00:00 PHASE_RESULT 51 LF-FLRC-650-255 pktSize=255 rx=0 unique=0 lost=100 per=100.0 rssi_avg=0 rssi_min=0 crc_err=0 garbage=0 tx_lat=0.00000 tx_lon=0.00000 sats=0 fix=0 utc=0 tx_fw=none rx_fw=unknown
PHASE_GUARD 500
PHASE_START 52 LF-FLRC-325-32 pktSize=32
2026-07-26T11:29:54.326633+00:00 TIME_SYNCED utc=1785065393 offset=1785062475
PHASE_RESULT 52 LF-FLRC-325-32 pktSize=32 rx=0 unique=0 lost=100 per=100.0 rssi_avg=0 rssi_min=0 crc_err=0 garbage=0 tx_lat=0.00000 tx_lon=0.00000 sats=0 fix=0 utc=0 tx_fw=none rx_fw=unknown
PHASE_GUARD 500
PHASE_START 53 LF-FLRC-325-64 pktSize=64
2026-07-26T11:29:56.389237+00:00 PHASE_RESULT 53 LF-FLRC-325-64 pktSize=64 rx=0 unique=0 lost=100 per=100.0 rssi_avg=0 rssi_min=0 crc_err=0 garbage=0 tx_lat=0.00000 tx_lon=0.00000 sats=0 fix=0 utc=0 tx_fw=none rx_fw=unknown
PHASE_GUARD 500
PHASE_START 54 LF-FLRC-325-128 pktSize=128
2026-07-26T11:29:57.405199+00:00 TIME_SYNCED utc=1785065396 offset=1785062475
2026-07-26T11:29:58.416391+00:00 PHASE_RESULT 54 LF-FLRC-325-128 pktSize=128 rx=0 unique=0 lost=100 per=100.0 rssi_avg=0 rssi_min=0 crc_err=0 garbage=0 tx_lat=0.00000 tx_lon=0.00000 sats=0 fix=0 utc=0 tx_fw=none rx_fw=unknown
PHASE_GUARD 500
PHASE_START 55 LF-FLRC-325-255 pktSize=255
2026-07-26T11:29:59.427572+00:00 SYNC_NOT_FOUND first4=D540BDC5
2026-07-26T11:30:00.438248+00:00 PHASE_RESULT 55 LF-FLRC-325-255 pktSize=255 rx=0 unique=0 lost=100 per=100.0 rssi_avg=0 rssi_min=0 crc_err=0 garbage=1 tx_lat=0.00000 tx_lon=0.00000 sats=0 fix=0 utc=0 tx_fw=none rx_fw=unknown
PHASE_GUARD 500
LORA_CFG path=1 bw=0x0F sf=7
PHASE_START 0 HF-LoRa-SF7-32 pktSize=32
2026-07-26T11:30:02.514724+00:00 PHASE_RESULT 0 HF-LoRa-SF7-32 pktSize=32 rx=0 unique=0 lost=20 per=100.0 rssi_avg=0 rssi_min=0 crc_err=0 garbage=0 tx_lat=0.00000 tx_lon=0.00000 sats=0 fix=0 utc=0 tx_fw=none rx_fw=unknown
PHASE_GUARD 500
LORA_CFG path=1 bw=0x0F sf=7
PHASE_START 1 HF-LoRa-SF7-64 pktSize=64
2026-07-26T11:30:04.569977+00:00 TIME_SYNCED utc=1785065403 offset=1785062475
PHASE_RESULT 1 HF-LoRa-SF7-64 pktSize=64 rx=0 unique=0 lost=20 per=100.0 rssi_avg=0 rssi_min=0 crc_err=0 garbage=0 tx_lat=0.00000 tx_lon=0.00000 sats=0 fix=0 utc=0 tx_fw=none rx_fw=unknown
PHASE_GUARD 500
LORA_CFG path=1 bw=0x0F sf=7
PHASE_START 2 HF-LoRa-SF7-128 pktSize=128
2026-07-26T11:30:06.631822+00:00 PHASE_RESULT 2 HF-LoRa-SF7-128 pktSize=128 rx=0 unique=0 lost=20 per=100.0 rssi_avg=0 rssi_min=0 crc_err=0 garbage=0 tx_lat=0.00000 tx_lon=0.00000 sats=0 fix=0 utc=0 tx_fw=none rx_fw=unknown
PHASE_GUARD 500
LORA_CFG path=1 bw=0x0F sf=7
PHASE_START 3 HF-LoRa-SF7-255 pktSize=255
2026-07-26T11:30:07.644240+00:00 TIME_SYNCED utc=1785065406 offset=1785062475
2026-07-26T11:30:09.708997+00:00 PHASE_RESULT 3 HF-LoRa-SF7-255 pktSize=255 rx=0 unique=0 lost=20 per=100.0 rssi_avg=0 rssi_min=0 crc_err=0 garbage=0 tx_lat=0.00000 tx_lon=0.00000 sats=0 fix=0 utc=0 tx_fw=none rx_fw=unknown
PHASE_GUARD 500
LORA_CFG path=1 bw=0x0F sf=9
PHASE_START 4 HF-LoRa-SF9-32 pktSize=32
2026-07-26T11:30:11.774194+00:00 PHASE_RESULT 4 HF-LoRa-SF9-32 pktSize=32 rx=0 unique=0 lost=20 per=100.0 rssi_avg=0 rssi_min=0 crc_err=0 garbage=0 tx_lat=0.00000 tx_lon=0.00000 sats=0 fix=0 utc=0 tx_fw=none rx_fw=unknown
PHASE_GUARD 500
LORA_CFG path=1 bw=0x0F sf=9
PHASE_START 5 HF-LoRa-SF9-64 pktSize=64
2026-07-26T11:30:13.837021+00:00 TIME_SYNCED utc=1785065413 offset=1785062475
2026-07-26T11:30:14.848314+00:00 PHASE_RESULT 5 HF-LoRa-SF9-64 pktSize=64 rx=0 unique=0 lost=20 per=100.0 rssi_avg=0 rssi_min=0 crc_err=0 garbage=0 tx_lat=0.00000 tx_lon=0.00000 sats=0 fix=0 utc=0 tx_fw=none rx_fw=unknown
PHASE_GUARD 500
LORA_CFG path=1 bw=0x0F sf=9
PHASE_START 6 HF-LoRa-SF9-128 pktSize=128
2026-07-26T11:30:17.962204+00:00 TIME_SYNCED utc=1785065416 offset=1785062475
2026-07-26T11:30:18.974258+00:00 PHASE_RESULT 6 HF-LoRa-SF9-128 pktSize=128 rx=0 unique=0 lost=13 per=100.0 rssi_avg=0 rssi_min=0 crc_err=0 garbage=0 tx_lat=0.00000 tx_lon=0.00000 sats=0 fix=0 utc=0 tx_fw=none rx_fw=unknown
PHASE_GUARD 500
LORA_CFG path=1 bw=0x0F sf=9
PHASE_START 7 HF-LoRa-SF9-255 pktSize=255
2026-07-26T11:30:21.040369+00:00 PHASE_RESULT 7 HF-LoRa-SF9-255 pktSize=255 rx=0 unique=0 lost=6 per=100.0 rssi_avg=0 rssi_min=0 crc_err=0 garbage=0 tx_lat=0.00000 tx_lon=0.00000 sats=0 fix=0 utc=0 tx_fw=none rx_fw=unknown
PHASE_GUARD 500
2026-07-26T11:30:22.053249+00:00 LORA_CFG path=1 bw=0x0F sf=12
PHASE_START 8 HF-LoRa-SF12-32 pktSize=32
2026-07-26T11:30:24.114370+00:00 TIME_SYNCED utc=1785065423 offset=1785062475
PHASE_RESULT 8 HF-LoRa-SF12-32 pktSize=32 rx=0 unique=0 lost=2 per=100.0 rssi_avg=0 rssi_min=0 crc_err=0 garbage=0 tx_lat=0.00000 tx_lon=0.00000 sats=0 fix=0 utc=0 tx_fw=none rx_fw=unknown
PHASE_GUARD 500
LORA_CFG path=1 bw=0x0F sf=12
2026-07-26T11:30:25.120212+00:00 PHASE_START 9 HF-LoRa-SF12-64 pktSize=64
2026-07-26T11:30:27.177216+00:00 PHASE_RESULT 9 HF-LoRa-SF12-64 pktSize=64 rx=0 unique=0 lost=1 per=100.0 rssi_avg=0 rssi_min=0 crc_err=0 garbage=0 tx_lat=0.00000 tx_lon=0.00000 sats=0 fix=0 utc=0 tx_fw=none rx_fw=unknown
PHASE_GUARD 500
LORA_CFG path=1 bw=0x0F sf=12
PHASE_START 10 HF-LoRa-SF12-128 pktSize=128
2026-07-26T11:30:28.182208+00:00 TIME_SYNCED utc=1785065427 offset=1785062475
2026-07-26T11:30:32.353532+00:00 PHASE_RESULT 10 HF-LoRa-SF12-128 pktSize=128 rx=0 unique=0 lost=1 per=100.0 rssi_avg=0 rssi_min=0 crc_err=0 garbage=0 tx_lat=0.00000 tx_lon=0.00000 sats=0 fix=0 utc=0 tx_fw=none rx_fw=unknown
PHASE_GUARD 500
LORA_CFG path=1 bw=0x0F sf=12
PHASE_START 11 HF-LoRa-SF12-255 pktSize=255
2026-07-26T11:30:34.421934+00:00 TIME_SYNCED utc=1785065433 offset=1785062475
2026-07-26T11:30:38.583204+00:00 TIME_SYNCED utc=1785065437 offset=1785062475
2026-07-26T11:30:42.751548+00:00 PHASE_RESULT 11 HF-LoRa-SF12-255 pktSize=255 rx=0 unique=0 lost=1 per=100.0 rssi_avg=0 rssi_min=0 crc_err=0 garbage=0 tx_lat=0.00000 tx_lon=0.00000 sats=0 fix=0 utc=0 tx_fw=none rx_fw=unknown
PHASE_GUARD 500
PHASE_START 12 HF-FLRC-2600-32 pktSize=32
SYNC_NOT_FOUND first4=2D6C7195
2026-07-26T11:30:43.758278+00:00 SYNC_NOT_FOUND first4=C94C8C0A
SYNC_NOT_FOUND first4=659B4468
SYNC_NOT_FOUND first4=62C24356
SYNC_NOT_FOUND first4=C444840F
2026-07-26T11:30:44.770587+00:00 SYNC_NOT_FOUND first4=154072D1
SYNC_NOT_FOUND first4=A0AC3235
SYNC_NOT_FOUND first4=D9462197
TIME_SYNCED utc=1785065443 offset=1785062475
PHASE_RESULT 12 HF-FLRC-2600-32 pktSize=32 rx=0 unique=0 lost=100 per=100.0 rssi_avg=0 rssi_min=0 crc_err=0 garbage=8 tx_lat=0.00000 tx_lon=0.00000 sats=0 fix=0 utc=0 tx_fw=none rx_fw=unknown
PHASE_GUARD 500
PHASE_START 13 HF-FLRC-2600-64 pktSize=64
SYNC_NOT_FOUND first4=BE1A06AC
SYNC_NOT_FOUND first4=4B7F028F
SYNC_NOT_FOUND first4=824CAC85
SYNC_NOT_FOUND first4=E5B8B387
SYNC_NOT_FOUND first4=32BFD818
SYNC_NOT_FOUND first4=C09A0B70
SYNC_NOT_FOUND first4=AC25145B
SYNC_NOT_FOUND first4=2821DC0B
2026-07-26T11:30:45.781183+00:00 SYNC_NOT_FOUND first4=4EEA8C0A
SYNC_NOT_FOUND first4=0FE474BF
SYNC_NOT_FOUND first4=468668DA
SYNC_NOT_FOUND first4=6E7B14E3
SYNC_NOT_FOUND first4=E105561A
SYNC_NOT_FOUND first4=D68C391F
SYNC_NOT_FOUND first4=69D1F701
2026-07-26T11:30:46.791813+00:00 SYNC_NOT_FOUND first4=F211DB47
PHASE_RESULT 13 HF-FLRC-2600-64 pktSize=64 rx=0 unique=0 lost=100 per=100.0 rssi_avg=0 rssi_min=0 crc_err=0 garbage=16 tx_lat=0.00000 tx_lon=0.00000 sats=0 fix=0 utc=0 tx_fw=none rx_fw=unknown
PHASE_GUARD 500
PHASE_START 14 HF-FLRC-2600-128 pktSize=128
SYNC_NOT_FOUND first4=A126C30D
SYNC_NOT_FOUND first4=96C4EB32
SYNC_NOT_FOUND first4=88C61137
SYNC_NOT_FOUND first4=0D991F18
SYNC_NOT_FOUND first4=FD0D7618
SYNC_NOT_FOUND first4=BF4A3BCC
SYNC_NOT_FOUND first4=FB12AD22
SYNC_NOT_FOUND first4=3FA2CC2C
2026-07-26T11:30:47.814207+00:00 SYNC_NOT_FOUND first4=4267A8F9
SYNC_NOT_FOUND first4=D8C8E5E3
SYNC_NOT_FOUND first4=D03938FD
SYNC_NOT_FOUND first4=E18DE999
SYNC_NOT_FOUND first4=B6BD10EE
SYNC_NOT_FOUND first4=D7311A2F
SYNC_NOT_FOUND first4=BB2F3916
SYNC_NOT_FOUND first4=1CF57B63
SYNC_NOT_FOUND first4=30FD847E
SYNC_NOT_FOUND first4=8C2E24DE
2026-07-26T11:30:48.829614+00:00 TIME_SYNCED utc=1785065447 offset=1785062475
SYNC_NOT_FOUND first4=A6BF77D7
SYNC_NOT_FOUND first4=021377E1
SYNC_NOT_FOUND first4=90E39C1A
SYNC_NOT_FOUND first4=98DB212D
SYNC_NOT_FOUND first4=D1AB5651
SYNC_NOT_FOUND first4=7BC064D6
PHASE_RESULT 14 HF-FLRC-2600-128 pktSize=128 rx=0 unique=0 lost=100 per=100.0 rssi_avg=0 rssi_min=0 crc_err=0 garbage=24 tx_lat=0.00000 tx_lon=0.00000 sats=0 fix=0 utc=0 tx_fw=none rx_fw=unknown
PHASE_GUARD 500
PHASE_START 15 HF-FLRC-2600-255 pktSize=255
SYNC_NOT_FOUND first4=07D82D83
SYNC_NOT_FOUND first4=99F41795
SYNC_NOT_FOUND first4=31EEB650
SYNC_NOT_FOUND first4=52416970
SYNC_NOT_FOUND first4=6862155B
SYNC_NOT_FOUND first4=E4FA75B2
SYNC_NOT_FOUND first4=98048F0E
2026-07-26T11:30:49.840272+00:00 SYNC_NOT_FOUND first4=50AC0B85
SYNC_NOT_FOUND first4=F224C75D
SYNC_NOT_FOUND first4=74BBB8B5
SYNC_NOT_FOUND first4=F07E820E
SYNC_NOT_FOUND first4=3A4E8F67
2026-07-26T11:30:50.853238+00:00 SYNC_NOT_FOUND first4=31D41D12
SYNC_NOT_FOUND first4=25692DED
SYNC_NOT_FOUND first4=F587B6B5
SYNC_NOT_FOUND first4=DE793A16
PHASE_RESULT 15 HF-FLRC-2600-255 pktSize=255 rx=0 unique=0 lost=100 per=100.0 rssi_avg=0 rssi_min=0 crc_err=0 garbage=16 tx_lat=0.00000 tx_lon=0.00000 sats=0 fix=0 utc=0 tx_fw=none rx_fw=unknown
PHASE_GUARD 500
PHASE_START 16 HF-FLRC-1300-32 pktSize=32
SYNC_NOT_FOUND first4=A8F39B0A
2026-07-26T11:30:52.907562+00:00 PHASE_RESULT 16 HF-FLRC-1300-32 pktSize=32 rx=0 unique=0 lost=100 per=100.0 rssi_avg=0 rssi_min=0 crc_err=0 garbage=1 tx_lat=0.00000 tx_lon=0.00000 sats=0 fix=0 utc=0 tx_fw=none rx_fw=unknown
PHASE_GUARD 500
PHASE_START 17 HF-FLRC-1300-64 pktSize=64
SYNC_NOT_FOUND first4=6389D6C1
SYNC_NOT_FOUND first4=70C04155
SYNC_NOT_FOUND first4=9150279E
2026-07-26T11:30:53.924364+00:00 SYNC_NOT_FOUND first4=37E2EAA6
SYNC_NOT_FOUND first4=471D9F1F
TIME_SYNCED utc=1785065453 offset=1785062475
2026-07-26T11:30:54.935294+00:00 PHASE_RESULT 17 HF-FLRC-1300-64 pktSize=64 rx=0 unique=0 lost=100 per=100.0 rssi_avg=0 rssi_min=0 crc_err=0 garbage=5 tx_lat=0.00000 tx_lon=0.00000 sats=0 fix=0 utc=0 tx_fw=none rx_fw=unknown
PHASE_GUARD 500
PHASE_START 18 HF-FLRC-1300-128 pktSize=128
SYNC_NOT_FOUND first4=128979DC
SYNC_NOT_FOUND first4=7AAEDB17
2026-07-26T11:30:55.942314+00:00 SYNC_NOT_FOUND first4=C7E43733
SYNC_NOT_FOUND first4=997F52A4
SYNC_NOT_FOUND first4=A42CA5CC
2026-07-26T11:30:56.946532+00:00 SYNC_NOT_FOUND first4=6DAA17A1
PHASE_RESULT 18 HF-FLRC-1300-128 pktSize=128 rx=0 unique=0 lost=100 per=100.0 rssi_avg=0 rssi_min=0 crc_err=0 garbage=6 tx_lat=0.00000 tx_lon=0.00000 sats=0 fix=0 utc=0 tx_fw=none rx_fw=unknown
PHASE_GUARD 500
PHASE_START 19 HF-FLRC-1300-255 pktSize=255
SYNC_NOT_FOUND first4=91C0F945
SYNC_NOT_FOUND first4=3B80502D
SYNC_NOT_FOUND first4=F78B1162
SYNC_NOT_FOUND first4=447D19E4
SYNC_NOT_FOUND first4=13DA59F8
SYNC_NOT_FOUND first4=984C4C56
2026-07-26T11:30:57.960706+00:00 SYNC_NOT_FOUND first4=F3994E18
SYNC_NOT_FOUND first4=0C38CDDF
SYNC_NOT_FOUND first4=379BBEC9
SYNC_NOT_FOUND first4=9A4AA173
2026-07-26T11:30:58.969208+00:00 TIME_SYNCED utc=1785065457 offset=1785062475
PHASE_RESULT 19 HF-FLRC-1300-255 pktSize=255 rx=0 unique=0 lost=100 per=100.0 rssi_avg=0 rssi_min=0 crc_err=0 garbage=10 tx_lat=0.00000 tx_lon=0.00000 sats=0 fix=0 utc=0 tx_fw=none rx_fw=unknown
PHASE_GUARD 500
PHASE_START 20 HF-FLRC-650-32 pktSize=32
SYNC_NOT_FOUND first4=C270985E
SYNC_NOT_FOUND first4=877510EB
SYNC_NOT_FOUND first4=4D2D4163
SYNC_NOT_FOUND first4=D133843F
SYNC_NOT_FOUND first4=170A1754
SYNC_NOT_FOUND first4=A0D5ACFD
SYNC_NOT_FOUND first4=6F73EB2B
SYNC_NOT_FOUND first4=C579364B
SYNC_NOT_FOUND first4=794D7C53
SYNC_NOT_FOUND first4=E3A7345F
SYNC_NOT_FOUND first4=FDF0454C
SYNC_NOT_FOUND first4=924798BA
SYNC_NOT_FOUND first4=D7FB53AD
SYNC_NOT_FOUND first4=21F1C682
SYNC_NOT_FOUND first4=06D21DCB
SYNC_NOT_FOUND first4=964B0EFE
SYNC_NOT_FOUND first4=C298416F
2026-07-26T11:30:59.980742+00:00 SYNC_NOT_FOUND first4=AA4EAF9E
SYNC_NOT_FOUND first4=53E7F72B
SYNC_NOT_FOUND first4=B300DDB2
SYNC_NOT_FOUND first4=3AC4A350
SYNC_NOT_FOUND first4=F9C80C8D
SYNC_NOT_FOUND first4=256A9A4A
SYNC_NOT_FOUND first4=A799E341
SYNC_NOT_FOUND first4=6ED1E973
SYNC_NOT_FOUND first4=97DE5A79
SYNC_NOT_FOUND first4=3DFC94A3
SYNC_NOT_FOUND first4=A7CC9D53
SYNC_NOT_FOUND first4=09CBF7E7
SYNC_NOT_FOUND first4=787B83A1
SYNC_NOT_FOUND first4=4AEBE8EC
SYNC_NOT_FOUND first4=120EA21C
SYNC_NOT_FOUND first4=4ACB655F
2026-07-26T11:31:00.999417+00:00 PHASE_RESULT 20 HF-FLRC-650-32 pktSize=32 rx=0 unique=0 lost=100 per=100.0 rssi_avg=0 rssi_min=0 crc_err=0 garbage=33 tx_lat=0.00000 tx_lon=0.00000 sats=0 fix=0 utc=0 tx_fw=none rx_fw=unknown
PHASE_GUARD 500
PHASE_START 21 HF-FLRC-650-64 pktSize=64
SYNC_NOT_FOUND first4=F5864476
SYNC_NOT_FOUND first4=486ECB22
SYNC_NOT_FOUND first4=76330E84
SYNC_NOT_FOUND first4=BA8173E2
SYNC_NOT_FOUND first4=5CFDCAA4
SYNC_NOT_FOUND first4=B1744FCC
SYNC_NOT_FOUND first4=2AC953DD
SYNC_NOT_FOUND first4=EA28404C
SYNC_NOT_FOUND first4=FBAC8FD9
SYNC_NOT_FOUND first4=84C6EEE5
SYNC_NOT_FOUND first4=E175ECCE
SYNC_NOT_FOUND first4=B2F9D202
SYNC_NOT_FOUND first4=06B8E9E7
SYNC_NOT_FOUND first4=300A6735
SYNC_NOT_FOUND first4=CCB5DAD5
SYNC_NOT_FOUND first4=4FD3B77F
SYNC_NOT_FOUND first4=90C884C9
SYNC_NOT_FOUND first4=A6B0E356
SYNC_NOT_FOUND first4=72BD6F26
2026-07-26T11:31:02.009946+00:00 SYNC_NOT_FOUND first4=36638985
SYNC_NOT_FOUND first4=B5F5F583
SYNC_NOT_FOUND first4=09FE5AEA
SYNC_NOT_FOUND first4=7B51F2DD
SYNC_NOT_FOUND first4=10FB2384
SYNC_NOT_FOUND first4=51C40B80
SYNC_NOT_FOUND first4=DAD8C2F0
SYNC_NOT_FOUND first4=DE49EBC1
SYNC_NOT_FOUND first4=B48EA19F
SYNC_NOT_FOUND first4=551CD267
SYNC_NOT_FOUND first4=C2CC360E
SYNC_NOT_FOUND first4=2503E0AB
SYNC_NOT_FOUND first4=FAEF1313
PHASE_RESULT 21 HF-FLRC-650-64 pktSize=64 rx=0 unique=0 lost=100 per=100.0 rssi_avg=0 rssi_min=0 crc_err=0 garbage=32 tx_lat=0.00000 tx_lon=0.00000 sats=0 fix=0 utc=0 tx_fw=none rx_fw=unknown
2026-07-26T11:31:03.022617+00:00 PHASE_GUARD 500
PHASE_START 22 HF-FLRC-650-128 pktSize=128
SYNC_NOT_FOUND first4=3EC7CBD9
SYNC_NOT_FOUND first4=85527463
SYNC_NOT_FOUND first4=C840BC9D
SYNC_NOT_FOUND first4=2CD753FB
SYNC_NOT_FOUND first4=2A7BFBD9
SYNC_NOT_FOUND first4=C8A072A1
SYNC_NOT_FOUND first4=DD588E46
SYNC_NOT_FOUND first4=CD626FAA
SYNC_NOT_FOUND first4=28298730
SYNC_NOT_FOUND first4=A5B83F1E
SYNC_NOT_FOUND first4=AEBB033B
SYNC_NOT_FOUND first4=502CEAA9
SYNC_NOT_FOUND first4=058E2A35
SYNC_NOT_FOUND first4=F0004810
SYNC_NOT_FOUND first4=65CC3F63
SYNC_NOT_FOUND first4=AAB0D2E1
2026-07-26T11:31:04.026033+00:00 SYNC_NOT_FOUND first4=ADD02028
SYNC_NOT_FOUND first4=F3F6B0A0
SYNC_NOT_FOUND first4=E775AACD
SYNC_NOT_FOUND first4=B2399F80
SYNC_NOT_FOUND first4=3A7FD06C
SYNC_NOT_FOUND first4=A270AFAC
SYNC_NOT_FOUND first4=F3245F14
SYNC_NOT_FOUND first4=200385AC
SYNC_NOT_FOUND first4=007833C5
SYNC_NOT_FOUND first4=C7EC39AC
SYNC_NOT_FOUND first4=1A247248
SYNC_NOT_FOUND first4=1A2F17DE
SYNC_NOT_FOUND first4=03295060
TIME_SYNCED utc=1785065463 offset=1785062475
SYNC_NOT_FOUND first4=8BE2E0E0
SYNC_NOT_FOUND first4=8CCAE7F2
PHASE_RESULT 22 HF-FLRC-650-128 pktSize=128 rx=0 unique=0 lost=100 per=100.0 rssi_avg=0 rssi_min=0 crc_err=0 garbage=31 tx_lat=0.00000 tx_lon=0.00000 sats=0 fix=0 utc=0 tx_fw=none rx_fw=unknown
PHASE_GUARD 500
2026-07-26T11:31:05.048874+00:00 PHASE_START 23 HF-FLRC-650-255 pktSize=255
SYNC_NOT_FOUND first4=EA368EFD
SYNC_NOT_FOUND first4=55C57563
SYNC_NOT_FOUND first4=C161432A
SYNC_NOT_FOUND first4=7B121689
SYNC_NOT_FOUND first4=21966FE9
SYNC_NOT_FOUND first4=CABE0D1F
SYNC_NOT_FOUND first4=65F6ECDF
SYNC_NOT_FOUND first4=F14A0632
SYNC_NOT_FOUND first4=F612E700
SYNC_NOT_FOUND first4=6732E96F
SYNC_NOT_FOUND first4=673C8E61
SYNC_NOT_FOUND first4=C359B7D5
SYNC_NOT_FOUND first4=387B6182
SYNC_NOT_FOUND first4=B96DE619
SYNC_NOT_FOUND first4=D37D58BF
SYNC_NOT_FOUND first4=B5ED1151
SYNC_NOT_FOUND first4=B7AF7FD6
SYNC_NOT_FOUND first4=DE408C84
SYNC_NOT_FOUND first4=6C19F825
2026-07-26T11:31:06.058522+00:00 SYNC_NOT_FOUND first4=20859F25
SYNC_NOT_FOUND first4=3F5B64EF
SYNC_NOT_FOUND first4=343DF02B
SYNC_NOT_FOUND first4=3242D041
SYNC_NOT_FOUND first4=5C267288
SYNC_NOT_FOUND first4=1D4EB231
SYNC_NOT_FOUND first4=430BD71A
SYNC_NOT_FOUND first4=181E4802
SYNC_NOT_FOUND first4=DC5B8F64
SYNC_NOT_FOUND first4=CE4AC871
SYNC_NOT_FOUND first4=674CDD1E
SYNC_NOT_FOUND first4=36C0124D
SYNC_NOT_FOUND first4=075B8411
SYNC_NOT_FOUND first4=85432585
SYNC_NOT_FOUND first4=DE5803CE
SYNC_NOT_FOUND first4=DC50DB9F
SYNC_NOT_FOUND first4=AAC7F4FB
SYNC_NOT_FOUND first4=29949826
SYNC_NOT_FOUND first4=41C811C0
SYNC_NOT_FOUND first4=811142EE
SYNC_NOT_FOUND first4=EF3764CA
SYNC_NOT_FOUND first4=E3150348
PHASE_RESULT 23 HF-FLRC-650-255 pktSize=255 rx=0 unique=0 lost=100 per=100.0 rssi_avg=0 rssi_min=0 crc_err=0 garbage=41 tx_lat=0.00000 tx_lon=0.00000 sats=0 fix=0 utc=0 tx_fw=none rx_fw=unknown
PHASE_GUARD 500
2026-07-26T11:31:07.069045+00:00 PHASE_START 24 HF-FLRC-325-32 pktSize=32
SYNC_NOT_FOUND first4=AE4D0AA5
SYNC_NOT_FOUND first4=7C457FF8
SYNC_NOT_FOUND first4=C7EBE9A3
2026-07-26T11:31:08.080363+00:00 SYNC_NOT_FOUND first4=8CB38C2A
SYNC_NOT_FOUND first4=23B784C1
SYNC_NOT_FOUND first4=1A696DF9
SYNC_NOT_FOUND first4=C3AA112D
PHASE_RESULT 24 HF-FLRC-325-32 pktSize=32 rx=0 unique=0 lost=100 per=100.0 rssi_avg=0 rssi_min=0 crc_err=0 garbage=7 tx_lat=0.00000 tx_lon=0.00000 sats=0 fix=0 utc=0 tx_fw=none rx_fw=unknown
PHASE_GUARD 500
2026-07-26T11:31:09.091691+00:00 PHASE_START 25 HF-FLRC-325-64 pktSize=64
TIME_SYNCED utc=1785065468 offset=1785062475
SYNC_NOT_FOUND first4=8C11D8E6
SYNC_NOT_FOUND first4=C1A79299
SYNC_NOT_FOUND first4=39FCEE03
SYNC_NOT_FOUND first4=40EC3C02
2026-07-26T11:31:10.109626+00:00 SYNC_NOT_FOUND first4=E42D94B5
SYNC_NOT_FOUND first4=9447479B
SYNC_NOT_FOUND first4=0CEBC6E4
SYNC_NOT_FOUND first4=177161AD
PHASE_RESULT 25 HF-FLRC-325-64 pktSize=64 rx=0 unique=0 lost=100 per=100.0 rssi_avg=0 rssi_min=0 crc_err=0 garbage=8 tx_lat=0.00000 tx_lon=0.00000 sats=0 fix=0 utc=0 tx_fw=none rx_fw=unknown
PHASE_GUARD 500
2026-07-26T11:31:11.126133+00:00 PHASE_START 26 HF-FLRC-325-128 pktSize=128
SYNC_NOT_FOUND first4=41CE603B
SYNC_NOT_FOUND first4=085E4BFA
2026-07-26T11:31:12.136695+00:00 SYNC_NOT_FOUND first4=76F6B7C7
PHASE_RESULT 26 HF-FLRC-325-128 pktSize=128 rx=0 unique=0 lost=100 per=100.0 rssi_avg=0 rssi_min=0 crc_err=0 garbage=3 tx_lat=0.00000 tx_lon=0.00000 sats=0 fix=0 utc=0 tx_fw=none rx_fw=unknown
PHASE_GUARD 500
2026-07-26T11:31:13.148884+00:00 PHASE_START 27 HF-FLRC-325-255 pktSize=255
SYNC_NOT_FOUND first4=6A87F8F7
SYNC_NOT_FOUND first4=A08960AF
2026-07-26T11:31:14.159204+00:00 SYNC_NOT_FOUND first4=9A7584FA
SYNC_NOT_FOUND first4=2806F998
PHASE_RESULT 27 HF-FLRC-325-255 pktSize=255 rx=0 unique=0 lost=100 per=100.0 rssi_avg=0 rssi_min=0 crc_err=0 garbage=4 tx_lat=0.00000 tx_lon=0.00000 sats=0 fix=0 utc=0 tx_fw=none rx_fw=unknown
PHASE_GUARD 500
LORA_CFG path=0 bw=0x05 sf=7
PHASE_START 28 LF-LoRa-SF7-32 pktSize=32
TIME_SYNCED utc=1785065473 offset=1785062474
PHASE_RESULT 28 LF-LoRa-SF7-32 pktSize=32 rx=0 unique=0 lost=20 per=100.0 rssi_avg=0 rssi_min=0 crc_err=0 garbage=0 tx_lat=0.00000 tx_lon=0.00000 sats=0 fix=0 utc=0 tx_fw=none rx_fw=unknown
2026-07-26T11:31:15.179684+00:00 PHASE_GUARD 500
PHASE_START 27 HF-FLRC-325-255 pktSize=255
SYNC_NOT_FOUND first4=001E26CD
PHASE_RESULT 27 HF-FLRC-325-255 pktSize=255 rx=0 unique=0 lost=100 per=100.0 rssi_avg=0 rssi_min=0 crc_err=0 garbage=1 tx_lat=0.00000 tx_lon=0.00000 sats=0 fix=0 utc=0 tx_fw=none rx_fw=unknown
PHASE_GUARD 500
LORA_CFG path=0 bw=0x05 sf=7
PHASE_START 28 LF-LoRa-SF7-32 pktSize=32
2026-07-26T11:31:17.246349+00:00 PHASE_RESULT 28 LF-LoRa-SF7-32 pktSize=32 rx=0 unique=0 lost=20 per=100.0 rssi_avg=0 rssi_min=0 crc_err=0 garbage=0 tx_lat=0.00000 tx_lon=0.00000 sats=0 fix=0 utc=0 tx_fw=none rx_fw=unknown
PHASE_GUARD 500
LORA_CFG path=0 bw=0x05 sf=7
PHASE_START 29 LF-LoRa-SF7-64 pktSize=64
2026-07-26T11:31:19.307645+00:00 TIME_SYNCED utc=1785065478 offset=1785062475
PHASE_RESULT 29 LF-LoRa-SF7-64 pktSize=64 rx=0 unique=0 lost=20 per=100.0 rssi_avg=0 rssi_min=0 crc_err=0 garbage=0 tx_lat=0.00000 tx_lon=0.00000 sats=0 fix=0 utc=0 tx_fw=none rx_fw=unknown
PHASE_GUARD 500
LORA_CFG path=0 bw=0x05 sf=7
PHASE_START 30 LF-LoRa-SF7-128 pktSize=128
2026-07-26T11:31:23.466802+00:00 PHASE_RESULT 30 LF-LoRa-SF7-128 pktSize=128 rx=0 unique=0 lost=13 per=100.0 rssi_avg=0 rssi_min=0 crc_err=0 garbage=0 tx_lat=0.00000 tx_lon=0.00000 sats=0 fix=0 utc=0 tx_fw=none rx_fw=unknown
PHASE_GUARD 500
LORA_CFG path=0 bw=0x05 sf=7
PHASE_START 31 LF-LoRa-SF7-255 pktSize=255
2026-07-26T11:31:24.480133+00:00 TIME_SYNCED utc=1785065484 offset=1785062475
2026-07-26T11:31:27.592865+00:00 PHASE_RESULT 31 LF-LoRa-SF7-255 pktSize=255 rx=0 unique=0 lost=7 per=100.0 rssi_avg=0 rssi_min=0 crc_err=0 garbage=0 tx_lat=0.00000 tx_lon=0.00000 sats=0 fix=0 utc=0 tx_fw=none rx_fw=unknown
PHASE_GUARD 500
LORA_CFG path=0 bw=0x05 sf=9
PHASE_START 32 LF-LoRa-SF9-32 pktSize=32
2026-07-26T11:31:29.655208+00:00 TIME_SYNCED utc=1785065488 offset=1785062475
2026-07-26T11:31:31.712989+00:00 PHASE_RESULT 32 LF-LoRa-SF9-32 pktSize=32 rx=0 unique=0 lost=7 per=100.0 rssi_avg=0 rssi_min=0 crc_err=0 garbage=0 tx_lat=0.00000 tx_lon=0.00000 sats=0 fix=0 utc=0 tx_fw=none rx_fw=unknown
PHASE_GUARD 500
LORA_CFG path=0 bw=0x05 sf=9
PHASE_START 33 LF-LoRa-SF9-64 pktSize=64
2026-07-26T11:31:34.827198+00:00 PHASE_RESULT 33 LF-LoRa-SF9-64 pktSize=64 rx=0 unique=0 lost=3 per=100.0 rssi_avg=0 rssi_min=0 crc_err=0 garbage=0 tx_lat=0.00000 tx_lon=0.00000 sats=0 fix=0 utc=0 tx_fw=none rx_fw=unknown
PHASE_GUARD 500
LORA_CFG path=0 bw=0x05 sf=9
PHASE_START 34 LF-LoRa-SF9-128 pktSize=128
TIME_SYNCED utc=1785065494 offset=1785062475
2026-07-26T11:31:36.889107+00:00 PHASE_RESULT 34 LF-LoRa-SF9-128 pktSize=128 rx=0 unique=0 lost=1 per=100.0 rssi_avg=0 rssi_min=0 crc_err=0 garbage=0 tx_lat=0.00000 tx_lon=0.00000 sats=0 fix=0 utc=0 tx_fw=none rx_fw=unknown
PHASE_GUARD 500
LORA_CFG path=0 bw=0x05 sf=9
PHASE_START 35 LF-LoRa-SF9-255 pktSize=255
2026-07-26T11:31:40.002853+00:00 TIME_SYNCED utc=1785065499 offset=1785062475
PHASE_RESULT 35 LF-LoRa-SF9-255 pktSize=255 rx=0 unique=0 lost=1 per=100.0 rssi_avg=0 rssi_min=0 crc_err=0 garbage=0 tx_lat=0.00000 tx_lon=0.00000 sats=0 fix=0 utc=0 tx_fw=none rx_fw=unknown
2026-07-26T11:31:41.014220+00:00 PHASE_GUARD 500
LORA_CFG path=0 bw=0x05 sf=12
PHASE_START 36 LF-LoRa-SF12-32 pktSize=32
2026-07-26T11:31:44.127431+00:00 TIME_SYNCED utc=1785065504 offset=1785062475
2026-07-26T11:31:50.396206+00:00 TIME_SYNCED utc=1785065509 offset=1785062475
2026-07-26T11:31:54.561013+00:00 TIME_SYNCED utc=1785065514 offset=1785062475
2026-07-26T11:31:55.572826+00:00 PHASE_RESULT 36 LF-LoRa-SF12-32 pktSize=32 rx=0 unique=0 lost=1 per=100.0 rssi_avg=0 rssi_min=0 crc_err=0 garbage=0 tx_lat=0.00000 tx_lon=0.00000 sats=0 fix=0 utc=0 tx_fw=none rx_fw=unknown
PHASE_GUARD 500
LORA_CFG path=0 bw=0x05 sf=12
PHASE_START 37 LF-LoRa-SF12-SKIP SKIP pktSize=64
2026-07-26T11:31:56.586203+00:00 PHASE_RESULT 37 LF-LoRa-SF12-SKIP pktSize=64 rx=0 unique=0 lost=0 per=0.0 rssi_avg=0 rssi_min=0 crc_err=0 garbage=0 tx_lat=0.00000 tx_lon=0.00000 sats=0 fix=0 utc=0 tx_fw=none rx_fw=unknown
PHASE_GUARD 500
LORA_CFG path=0 bw=0x05 sf=12
PHASE_START 38 LF-LoRa-SF12-SKIP SKIP pktSize=128
2026-07-26T11:31:57.599215+00:00 PHASE_RESULT 38 LF-LoRa-SF12-SKIP pktSize=128 rx=0 unique=0 lost=0 per=0.0 rssi_avg=0 rssi_min=0 crc_err=0 garbage=0 tx_lat=0.00000 tx_lon=0.00000 sats=0 fix=0 utc=0 tx_fw=none rx_fw=unknown
PHASE_GUARD 500
LORA_CFG path=0 bw=0x05 sf=12
PHASE_START 39 LF-LoRa-SF12-SKIP SKIP pktSize=255
2026-07-26T11:31:58.610305+00:00 PHASE_RESULT 39 LF-LoRa-SF12-SKIP pktSize=255 rx=0 unique=0 lost=0 per=0.0 rssi_avg=0 rssi_min=0 crc_err=0 garbage=0 tx_lat=0.00000 tx_lon=0.00000 sats=0 fix=0 utc=0 tx_fw=none rx_fw=unknown
PHASE_GUARD 500
PHASE_START 40 LF-FLRC-2600-32 pktSize=32
SYNC_NOT_FOUND first4=64CF65D3
SYNC_NOT_FOUND first4=86225EA0
2026-07-26T11:31:59.621527+00:00 SYNC_NOT_FOUND first4=F53E8041
SYNC_NOT_FOUND first4=52E08260
SYNC_NOT_FOUND first4=E1B58A4A
2026-07-26T11:32:00.632761+00:00 TIME_SYNCED utc=1785065519 offset=1785062475
PHASE_RESULT 40 LF-FLRC-2600-32 pktSize=32 rx=0 unique=0 lost=100 per=100.0 rssi_avg=0 rssi_min=0 crc_err=0 garbage=5 tx_lat=0.00000 tx_lon=0.00000 sats=0 fix=0 utc=0 tx_fw=none rx_fw=unknown
PHASE_GUARD 500
PHASE_START 41 LF-FLRC-2600-64 pktSize=64
SYNC_NOT_FOUND first4=C74FF0F9
2026-07-26T11:32:02.688832+00:00 PHASE_RESULT 41 LF-FLRC-2600-64 pktSize=64 rx=0 unique=0 lost=100 per=100.0 rssi_avg=0 rssi_min=0 crc_err=0 garbage=1 tx_lat=0.00000 tx_lon=0.00000 sats=0 fix=0 utc=0 tx_fw=none rx_fw=unknown
PHASE_GUARD 500
PHASE_START 42 LF-FLRC-2600-128 pktSize=128
2026-07-26T11:32:04.751396+00:00 PHASE_RESULT 42 LF-FLRC-2600-128 pktSize=128 rx=0 unique=0 lost=100 per=100.0 rssi_avg=0 rssi_min=0 crc_err=0 garbage=0 tx_lat=0.00000 tx_lon=0.00000 sats=0 fix=0 utc=0 tx_fw=none rx_fw=unknown
PHASE_GUARD 500
PHASE_START 43 LF-FLRC-2600-255 pktSize=255
TIME_SYNCED utc=1785065524 offset=1785062475
SYNC_NOT_FOUND first4=62E6C1BF
2026-07-26T11:32:06.813085+00:00 PHASE_RESULT 43 LF-FLRC-2600-255 pktSize=255 rx=0 unique=0 lost=100 per=100.0 rssi_avg=0 rssi_min=0 crc_err=0 garbage=1 tx_lat=0.00000 tx_lon=0.00000 sats=0 fix=0 utc=0 tx_fw=none rx_fw=unknown
PHASE_GUARD 500
PHASE_START 44 LF-FLRC-1300-32 pktSize=32
2026-07-26T11:32:08.879202+00:00 PHASE_RESULT 44 LF-FLRC-1300-32 pktSize=32 rx=0 unique=0 lost=100 per=100.0 rssi_avg=0 rssi_min=0 crc_err=0 garbage=0 tx_lat=0.00000 tx_lon=0.00000 sats=0 fix=0 utc=0 tx_fw=none rx_fw=unknown
PHASE_GUARD 500
PHASE_START 45 LF-FLRC-1300-64 pktSize=64
2026-07-26T11:32:10.945247+00:00 TIME_SYNCED utc=1785065529 offset=1785062475
PHASE_RESULT 45 LF-FLRC-1300-64 pktSize=64 rx=0 unique=0 lost=100 per=100.0 rssi_avg=0 rssi_min=0 crc_err=0 garbage=0 tx_lat=0.00000 tx_lon=0.00000 sats=0 fix=0 utc=0 tx_fw=none rx_fw=unknown
PHASE_GUARD 500
PHASE_START 46 LF-FLRC-1300-128 pktSize=128
2026-07-26T11:32:13.008269+00:00 PHASE_RESULT 46 LF-FLRC-1300-128 pktSize=128 rx=0 unique=0 lost=100 per=100.0 rssi_avg=0 rssi_min=0 crc_err=0 garbage=0 tx_lat=0.00000 tx_lon=0.00000 sats=0 fix=0 utc=0 tx_fw=none rx_fw=unknown
PHASE_GUARD 500
PHASE_START 47 LF-FLRC-1300-255 pktSize=255
2026-07-26T11:32:14.026378+00:00 PHASE_RESULT 47 LF-FLRC-1300-255 pktSize=255 rx=0 unique=0 lost=100 per=100.0 rssi_avg=0 rssi_min=0 crc_err=0 garbage=0 tx_lat=0.00000 tx_lon=0.00000 sats=0 fix=0 utc=0 tx_fw=none rx_fw=unknown
PHASE_GUARD 500
2026-07-26T11:32:15.041129+00:00 PHASE_START 48 LF-FLRC-650-32 pktSize=32
TIME_SYNCED utc=1785065534 offset=1785062475
SYNC_NOT_FOUND first4=37F95F0D
2026-07-26T11:32:16.052023+00:00 PHASE_RESULT 48 LF-FLRC-650-32 pktSize=32 rx=0 unique=0 lost=100 per=100.0 rssi_avg=0 rssi_min=0 crc_err=0 garbage=1 tx_lat=0.00000 tx_lon=0.00000 sats=0 fix=0 utc=0 tx_fw=none rx_fw=unknown
PHASE_GUARD 500
2026-07-26T11:32:17.065638+00:00 PHASE_START 49 LF-FLRC-650-64 pktSize=64
SYNC_NOT_FOUND first4=EA477B41
2026-07-26T11:32:18.077118+00:00 SYNC_NOT_FOUND first4=4A643965
SYNC_NOT_FOUND first4=A2C7E594
SYNC_NOT_FOUND first4=A3268F34
PHASE_RESULT 49 LF-FLRC-650-64 pktSize=64 rx=0 unique=0 lost=100 per=100.0 rssi_avg=0 rssi_min=0 crc_err=0 garbage=4 tx_lat=0.00000 tx_lon=0.00000 sats=0 fix=0 utc=0 tx_fw=none rx_fw=unknown
PHASE_GUARD 500
2026-07-26T11:32:19.088240+00:00 PHASE_START 50 LF-FLRC-650-128 pktSize=128
SYNC_NOT_FOUND first4=7FD88E47
SYNC_NOT_FOUND first4=7E1C5818
2026-07-26T11:32:20.098673+00:00 SYNC_NOT_FOUND first4=AC452367
SYNC_NOT_FOUND first4=86CEF285
PHASE_RESULT 50 LF-FLRC-650-128 pktSize=128 rx=0 unique=0 lost=100 per=100.0 rssi_avg=0 rssi_min=0 crc_err=0 garbage=4 tx_lat=0.00000 tx_lon=0.00000 sats=0 fix=0 utc=0 tx_fw=none rx_fw=unknown
PHASE_GUARD 500
2026-07-26T11:32:21.102294+00:00 PHASE_START 51 LF-FLRC-650-255 pktSize=255
TIME_SYNCED utc=1785065540 offset=1785062475
SYNC_NOT_FOUND first4=E098668D
SYNC_NOT_FOUND first4=60C85184
SYNC_NOT_FOUND first4=05445E43
SYNC_NOT_FOUND first4=1D6DDB6D
SYNC_NOT_FOUND first4=1154C81A
2026-07-26T11:32:22.113038+00:00 PHASE_RESULT 51 LF-FLRC-650-255 pktSize=255 rx=0 unique=0 lost=100 per=100.0 rssi_avg=0 rssi_min=0 crc_err=0 garbage=5 tx_lat=0.00000 tx_lon=0.00000 sats=0 fix=0 utc=0 tx_fw=none rx_fw=unknown
PHASE_GUARD 500
2026-07-26T11:32:23.130220+00:00 PHASE_START 52 LF-FLRC-325-32 pktSize=32
2026-07-26T11:32:24.143570+00:00 PHASE_RESULT 52 LF-FLRC-325-32 pktSize=32 rx=0 unique=0 lost=100 per=100.0 rssi_avg=0 rssi_min=0 crc_err=0 garbage=0 tx_lat=0.00000 tx_lon=0.00000 sats=0 fix=0 utc=0 tx_fw=none rx_fw=unknown
PHASE_GUARD 500
PHASE_START 53 LF-FLRC-325-64 pktSize=64
TIME_SYNCED utc=1785065544 offset=1785062475
2026-07-26T11:32:25.156236+00:00 SYNC_NOT_FOUND first4=B884B40F
2026-07-26T11:32:26.167303+00:00 PHASE_RESULT 53 LF-FLRC-325-64 pktSize=64 rx=0 unique=0 lost=100 per=100.0 rssi_avg=0 rssi_min=0 crc_err=0 garbage=1 tx_lat=0.00000 tx_lon=0.00000 sats=0 fix=0 utc=0 tx_fw=none rx_fw=unknown
PHASE_GUARD 500
PHASE_START 54 LF-FLRC-325-128 pktSize=128
2026-07-26T11:32:27.179290+00:00 SYNC_NOT_FOUND first4=AB8D8967
2026-07-26T11:32:28.195298+00:00 PHASE_RESULT 54 LF-FLRC-325-128 pktSize=128 rx=0 unique=0 lost=100 per=100.0 rssi_avg=0 rssi_min=0 crc_err=0 garbage=1 tx_lat=0.00000 tx_lon=0.00000 sats=0 fix=0 utc=0 tx_fw=none rx_fw=unknown
PHASE_GUARD 500
PHASE_START 55 LF-FLRC-325-255 pktSize=255
2026-07-26T11:32:30.264179+00:00 PHASE_RESULT 55 LF-FLRC-325-255 pktSize=255 rx=0 unique=0 lost=100 per=100.0 rssi_avg=0 rssi_min=0 crc_err=0 garbage=0 tx_lat=0.00000 tx_lon=0.00000 sats=0 fix=0 utc=0 tx_fw=none rx_fw=unknown
PHASE_GUARD 500
LORA_CFG path=1 bw=0x0F sf=7
PHASE_START 0 HF-LoRa-SF7-32 pktSize=32
2026-07-26T11:32:31.283215+00:00 TIME_SYNCED utc=1785065550 offset=1785062475
2026-07-26T11:32:32.294438+00:00 PHASE_RESULT 0 HF-LoRa-SF7-32 pktSize=32 rx=0 unique=0 lost=20 per=100.0 rssi_avg=0 rssi_min=0 crc_err=0 garbage=0 tx_lat=0.00000 tx_lon=0.00000 sats=0 fix=0 utc=0 tx_fw=none rx_fw=unknown
PHASE_GUARD 500
LORA_CFG path=1 bw=0x0F sf=7
PHASE_START 1 HF-LoRa-SF7-64 pktSize=64
2026-07-26T11:32:34.358493+00:00 PHASE_RESULT 1 HF-LoRa-SF7-64 pktSize=64 rx=0 unique=0 lost=20 per=100.0 rssi_avg=0 rssi_min=0 crc_err=0 garbage=0 tx_lat=0.00000 tx_lon=0.00000 sats=0 fix=0 utc=0 tx_fw=none rx_fw=unknown
PHASE_GUARD 500
LORA_CFG path=1 bw=0x0F sf=7
PHASE_START 2 HF-LoRa-SF7-128 pktSize=128
TIME_SYNCED utc=1785065554 offset=1785062475
2026-07-26T11:32:36.427741+00:00 PHASE_RESULT 2 HF-LoRa-SF7-128 pktSize=128 rx=0 unique=0 lost=20 per=100.0 rssi_avg=0 rssi_min=0 crc_err=0 garbage=0 tx_lat=0.00000 tx_lon=0.00000 sats=0 fix=0 utc=0 tx_fw=none rx_fw=unknown
PHASE_GUARD 500
LORA_CFG path=1 bw=0x0F sf=7
PHASE_START 3 HF-LoRa-SF7-255 pktSize=255
2026-07-26T11:32:39.540832+00:00 PHASE_RESULT 3 HF-LoRa-SF7-255 pktSize=255 rx=0 unique=0 lost=20 per=100.0 rssi_avg=0 rssi_min=0 crc_err=0 garbage=0 tx_lat=0.00000 tx_lon=0.00000 sats=0 fix=0 utc=0 tx_fw=none rx_fw=unknown
PHASE_GUARD 500
LORA_CFG path=1 bw=0x0F sf=9
PHASE_START 4 HF-LoRa-SF9-32 pktSize=32
2026-07-26T11:32:41.614292+00:00 TIME_SYNCED utc=1785065560 offset=1785062475
PHASE_RESULT 4 HF-LoRa-SF9-32 pktSize=32 rx=0 unique=0 lost=20 per=100.0 rssi_avg=0 rssi_min=0 crc_err=0 garbage=0 tx_lat=0.00000 tx_lon=0.00000 sats=0 fix=0 utc=0 tx_fw=none rx_fw=unknown
PHASE_GUARD 500
LORA_CFG path=1 bw=0x0F sf=9
PHASE_START 5 HF-LoRa-SF9-64 pktSize=64
2026-07-26T11:32:44.727071+00:00 PHASE_RESULT 5 HF-LoRa-SF9-64 pktSize=64 rx=0 unique=0 lost=20 per=100.0 rssi_avg=0 rssi_min=0 crc_err=0 garbage=0 tx_lat=0.00000 tx_lon=0.00000 sats=0 fix=0 utc=0 tx_fw=none rx_fw=unknown
PHASE_GUARD 500
LORA_CFG path=1 bw=0x0F sf=9
PHASE_START 6 HF-LoRa-SF9-128 pktSize=128
TIME_SYNCED utc=1785065564 offset=1785062475
2026-07-26T11:32:48.898231+00:00 PHASE_RESULT 6 HF-LoRa-SF9-128 pktSize=128 rx=0 unique=0 lost=13 per=100.0 rssi_avg=0 rssi_min=0 crc_err=0 garbage=0 tx_lat=0.00000 tx_lon=0.00000 sats=0 fix=0 utc=0 tx_fw=none rx_fw=unknown
PHASE_GUARD 500
LORA_CFG path=1 bw=0x0F sf=9
PHASE_START 7 HF-LoRa-SF9-255 pktSize=255
2026-07-26T11:32:52.018351+00:00 PHASE_RESULT 7 HF-LoRa-SF9-255 pktSize=255 rx=0 unique=0 lost=6 per=100.0 rssi_avg=0 rssi_min=0 crc_err=0 garbage=0 tx_lat=0.00000 tx_lon=0.00000 sats=0 fix=0 utc=0 tx_fw=none rx_fw=unknown
PHASE_GUARD 500
LORA_CFG path=1 bw=0x0F sf=12
PHASE_START 8 HF-LoRa-SF12-32 pktSize=32
TIME_SYNCED utc=1785065571 offset=1785062475
2026-07-26T11:32:54.080427+00:00 PHASE_RESULT 8 HF-LoRa-SF12-32 pktSize=32 rx=0 unique=0 lost=2 per=100.0 rssi_avg=0 rssi_min=0 crc_err=0 garbage=0 tx_lat=0.00000 tx_lon=0.00000 sats=0 fix=0 utc=0 tx_fw=none rx_fw=unknown
PHASE_GUARD 500
LORA_CFG path=1 bw=0x0F sf=12
2026-07-26T11:32:55.100213+00:00 PHASE_START 9 HF-LoRa-SF12-64 pktSize=64
TIME_SYNCED utc=1785065574 offset=1785062475
2026-07-26T11:32:57.160442+00:00 PHASE_RESULT 9 HF-LoRa-SF12-64 pktSize=64 rx=0 unique=0 lost=1 per=100.0 rssi_avg=0 rssi_min=0 crc_err=0 garbage=0 tx_lat=0.00000 tx_lon=0.00000 sats=0 fix=0 utc=0 tx_fw=none rx_fw=unknown
PHASE_GUARD 500
LORA_CFG path=1 bw=0x0F sf=12
PHASE_START 10 HF-LoRa-SF12-128 pktSize=128
2026-07-26T11:33:02.369889+00:00 TIME_SYNCED utc=1785065581 offset=1785062475
PHASE_RESULT 10 HF-LoRa-SF12-128 pktSize=128 rx=0 unique=0 lost=1 per=100.0 rssi_avg=0 rssi_min=0 crc_err=0 garbage=0 tx_lat=0.00000 tx_lon=0.00000 sats=0 fix=0 utc=0 tx_fw=none rx_fw=unknown
PHASE_GUARD 500
LORA_CFG path=1 bw=0x0F sf=12
PHASE_START 11 HF-LoRa-SF12-255 pktSize=255
2026-07-26T11:33:04.434290+00:00 TIME_SYNCED utc=1785065584 offset=1785062475
2026-07-26T11:33:12.812892+00:00 TIME_SYNCED utc=1785065591 offset=1785062475
PHASE_RESULT 11 HF-LoRa-SF12-255 pktSize=255 rx=0 unique=0 lost=1 per=100.0 rssi_avg=0 rssi_min=0 crc_err=0 garbage=0 tx_lat=0.00000 tx_lon=0.00000 sats=0 fix=0 utc=0 tx_fw=none rx_fw=unknown
PHASE_GUARD 500
PHASE_START 12 HF-FLRC-2600-32 pktSize=32
SYNC_NOT_FOUND first4=4C81B25F
SYNC_NOT_FOUND first4=6914C923
SYNC_NOT_FOUND first4=016243B8
2026-07-26T11:33:13.824050+00:00 SYNC_NOT_FOUND first4=8C04B3C1
SYNC_NOT_FOUND first4=73A4A780
SYNC_NOT_FOUND first4=45489128
SYNC_NOT_FOUND first4=46E6E817
SYNC_NOT_FOUND first4=3EF01489
SYNC_NOT_FOUND first4=63B7984F
SYNC_NOT_FOUND first4=8788546A
SYNC_NOT_FOUND first4=DFD31E11
2026-07-26T11:33:14.843277+00:00 SYNC_NOT_FOUND first4=040BE5C2
PHASE_RESULT 12 HF-FLRC-2600-32 pktSize=32 rx=0 unique=0 lost=100 per=100.0 rssi_avg=0 rssi_min=0 crc_err=0 garbage=12 tx_lat=0.00000 tx_lon=0.00000 sats=0 fix=0 utc=0 tx_fw=none rx_fw=unknown
PHASE_GUARD 500
PHASE_START 13 HF-FLRC-2600-64 pktSize=64
SYNC_NOT_FOUND first4=271A0811
TIME_SYNCED utc=1785065594 offset=1785062475
SYNC_NOT_FOUND first4=22A7F505
SYNC_NOT_FOUND first4=2EA3F0A7
SYNC_NOT_FOUND first4=490C9DDB
SYNC_NOT_FOUND first4=89EA933D
SYNC_NOT_FOUND first4=31965034
SYNC_NOT_FOUND first4=28117378
2026-07-26T11:33:15.858426+00:00 SYNC_NOT_FOUND first4=97A74364
SYNC_NOT_FOUND first4=69FBDA9B
SYNC_NOT_FOUND first4=9E4B9BD3
SYNC_NOT_FOUND first4=B588C89A
SYNC_NOT_FOUND first4=665347C5
SYNC_NOT_FOUND first4=96806CE9
SYNC_NOT_FOUND first4=B2A7B035
2026-07-26T11:33:16.870870+00:00 SYNC_NOT_FOUND first4=8B2D8049
SYNC_NOT_FOUND first4=EDEFBC85
PHASE_RESULT 13 HF-FLRC-2600-64 pktSize=64 rx=0 unique=0 lost=100 per=100.0 rssi_avg=0 rssi_min=0 crc_err=0 garbage=16 tx_lat=0.00000 tx_lon=0.00000 sats=0 fix=0 utc=0 tx_fw=none rx_fw=unknown
PHASE_GUARD 500
PHASE_START 14 HF-FLRC-2600-128 pktSize=128
SYNC_NOT_FOUND first4=037BF1B0
SYNC_NOT_FOUND first4=22A5E460
SYNC_NOT_FOUND first4=30B5331C
SYNC_NOT_FOUND first4=23DDD82B
SYNC_NOT_FOUND first4=D1B19DDE
2026-07-26T11:33:17.881464+00:00 SYNC_NOT_FOUND first4=304CA96E
SYNC_NOT_FOUND first4=75EC4F1A
SYNC_NOT_FOUND first4=1DEBF6BE
SYNC_NOT_FOUND first4=83EAD440
SYNC_NOT_FOUND first4=F4C4477C
SYNC_NOT_FOUND first4=03F6E312
SYNC_NOT_FOUND first4=D4793C4E
2026-07-26T11:33:18.892562+00:00 SYNC_NOT_FOUND first4=018127E1
SYNC_NOT_FOUND first4=D00476C8
PHASE_RESULT 14 HF-FLRC-2600-128 pktSize=128 rx=0 unique=0 lost=100 per=100.0 rssi_avg=0 rssi_min=0 crc_err=0 garbage=14 tx_lat=0.00000 tx_lon=0.00000 sats=0 fix=0 utc=0 tx_fw=none rx_fw=unknown
PHASE_GUARD 500
PHASE_START 15 HF-FLRC-2600-255 pktSize=255
SYNC_NOT_FOUND first4=E6118079
SYNC_NOT_FOUND first4=891CA30A
SYNC_NOT_FOUND first4=4A781070
SYNC_NOT_FOUND first4=E4EBA1F7
2026-07-26T11:33:19.909991+00:00 SYNC_NOT_FOUND first4=CB1022AB
SYNC_NOT_FOUND first4=15F59B83
SYNC_NOT_FOUND first4=89B64277
SYNC_NOT_FOUND first4=848DAC9E
SYNC_NOT_FOUND first4=C035A3DB
SYNC_NOT_FOUND first4=27851624
2026-07-26T11:33:20.913460+00:00 SYNC_NOT_FOUND first4=03140403
PHASE_RESULT 15 HF-FLRC-2600-255 pktSize=255 rx=0 unique=0 lost=100 per=100.0 rssi_avg=0 rssi_min=0 crc_err=0 garbage=11 tx_lat=0.00000 tx_lon=0.00000 sats=0 fix=0 utc=0 tx_fw=none rx_fw=unknown
PHASE_GUARD 500
PHASE_START 16 HF-FLRC-1300-32 pktSize=32
SYNC_NOT_FOUND first4=B6C6EE17
SYNC_NOT_FOUND first4=ECA81DA6
SYNC_NOT_FOUND first4=67EFA245
2026-07-26T11:33:21.926291+00:00 SYNC_NOT_FOUND first4=415000E6
SYNC_NOT_FOUND first4=9B41B161
SYNC_NOT_FOUND first4=9D452EA5
SYNC_NOT_FOUND first4=96E8FA0E
2026-07-26T11:33:22.937298+00:00 TIME_SYNCED utc=1785065601 offset=1785062475
PHASE_RESULT 16 HF-FLRC-1300-32 pktSize=32 rx=0 unique=0 lost=100 per=100.0 rssi_avg=0 rssi_min=0 crc_err=0 garbage=7 tx_lat=0.00000 tx_lon=0.00000 sats=0 fix=0 utc=0 tx_fw=none rx_fw=unknown
PHASE_GUARD 500
PHASE_START 17 HF-FLRC-1300-64 pktSize=64
SYNC_NOT_FOUND first4=8605CC1C
SYNC_NOT_FOUND first4=3C461334
SYNC_NOT_FOUND first4=D735703C
SYNC_NOT_FOUND first4=9728AD71
2026-07-26T11:33:23.947773+00:00 SYNC_NOT_FOUND first4=0E36AEF1
SYNC_NOT_FOUND first4=AFABB9EA
SYNC_NOT_FOUND first4=F9668E3E
2026-07-26T11:33:24.966083+00:00 PHASE_RESULT 17 HF-FLRC-1300-64 pktSize=64 rx=0 unique=0 lost=100 per=100.0 rssi_avg=0 rssi_min=0 crc_err=0 garbage=7 tx_lat=0.00000 tx_lon=0.00000 sats=0 fix=0 utc=0 tx_fw=none rx_fw=unknown
PHASE_GUARD 500
PHASE_START 18 HF-FLRC-1300-128 pktSize=128
TIME_SYNCED utc=1785065604 offset=1785062475
SYNC_NOT_FOUND first4=E6A29F06
SYNC_NOT_FOUND first4=4F7F9B7F
SYNC_NOT_FOUND first4=47BEED36
2026-07-26T11:33:25.983941+00:00 SYNC_NOT_FOUND first4=AB7439C7
SYNC_NOT_FOUND first4=BD1108FF
SYNC_NOT_FOUND first4=2D5EEA1A
PHASE_RESULT 18 HF-FLRC-1300-128 pktSize=128 rx=0 unique=0 lost=100 per=100.0 rssi_avg=0 rssi_min=0 crc_err=0 garbage=6 tx_lat=0.00000 tx_lon=0.00000 sats=0 fix=0 utc=0 tx_fw=none rx_fw=unknown
2026-07-26T11:33:26.997156+00:00 PHASE_GUARD 500
PHASE_START 19 HF-FLRC-1300-255 pktSize=255
SYNC_NOT_FOUND first4=F827D0EB
SYNC_NOT_FOUND first4=EC03F7B0
SYNC_NOT_FOUND first4=5766C0E9
SYNC_NOT_FOUND first4=AAF91000
2026-07-26T11:33:28.008075+00:00 SYNC_NOT_FOUND first4=4011B84B
SYNC_NOT_FOUND first4=38F37BB0
SYNC_NOT_FOUND first4=A10CA182
SYNC_NOT_FOUND first4=E87EC5A6
PHASE_RESULT 19 HF-FLRC-1300-255 pktSize=255 rx=0 unique=0 lost=100 per=100.0 rssi_avg=0 rssi_min=0 crc_err=0 garbage=8 tx_lat=0.00000 tx_lon=0.00000 sats=0 fix=0 utc=0 tx_fw=none rx_fw=unknown
PHASE_GUARD 500
2026-07-26T11:33:29.019068+00:00 PHASE_START 20 HF-FLRC-650-32 pktSize=32
SYNC_NOT_FOUND first4=7B0AE52B
SYNC_NOT_FOUND first4=86174366
SYNC_NOT_FOUND first4=CF9FBCF2
SYNC_NOT_FOUND first4=2CA50B16
SYNC_NOT_FOUND first4=CFF5D157
SYNC_NOT_FOUND first4=A101571F
SYNC_NOT_FOUND first4=D249662E
SYNC_NOT_FOUND first4=0217DE6E
SYNC_NOT_FOUND first4=2514875E
SYNC_NOT_FOUND first4=2D0E53D7
SYNC_NOT_FOUND first4=E13A8336
SYNC_NOT_FOUND first4=CA4D90CA
SYNC_NOT_FOUND first4=F526D7BD
SYNC_NOT_FOUND first4=9788D0DC
SYNC_NOT_FOUND first4=3569F9BA
SYNC_NOT_FOUND first4=EC871902
SYNC_NOT_FOUND first4=3BC91AB9
SYNC_NOT_FOUND first4=F1968FBF
SYNC_NOT_FOUND first4=6D8441BF
SYNC_NOT_FOUND first4=BCABE34F
2026-07-26T11:33:30.034622+00:00 SYNC_NOT_FOUND first4=3BEEA0DD
SYNC_NOT_FOUND first4=CA3E9DC0
SYNC_NOT_FOUND first4=142FF2AB
SYNC_NOT_FOUND first4=07410A12
SYNC_NOT_FOUND first4=BCE6AB22
SYNC_NOT_FOUND first4=AA9A9F9F
SYNC_NOT_FOUND first4=D63C41FC
SYNC_NOT_FOUND first4=10E1317B
SYNC_NOT_FOUND first4=3CAB3F02
SYNC_NOT_FOUND first4=7B6A6802
SYNC_NOT_FOUND first4=0BCC2B0D
SYNC_NOT_FOUND first4=88BA2A4B
PHASE_RESULT 20 HF-FLRC-650-32 pktSize=32 rx=0 unique=0 lost=100 per=100.0 rssi_avg=0 rssi_min=0 crc_err=0 garbage=32 tx_lat=0.00000 tx_lon=0.00000 sats=0 fix=0 utc=0 tx_fw=none rx_fw=unknown
PHASE_GUARD 500
2026-07-26T11:33:31.058086+00:00 PHASE_START 21 HF-FLRC-650-64 pktSize=64
SYNC_NOT_FOUND first4=218EA804
SYNC_NOT_FOUND first4=4CDE3E43
SYNC_NOT_FOUND first4=335FD7DE
SYNC_NOT_FOUND first4=A451079F
SYNC_NOT_FOUND first4=7D52D4C1
SYNC_NOT_FOUND first4=F7ECEBC4
SYNC_NOT_FOUND first4=0ADCEC15
SYNC_NOT_FOUND first4=51163A69
SYNC_NOT_FOUND first4=80AD527F
SYNC_NOT_FOUND first4=9B2E764B
SYNC_NOT_FOUND first4=00201DBF
SYNC_NOT_FOUND first4=7B73756B
SYNC_NOT_FOUND first4=72B5EF84
SYNC_NOT_FOUND first4=89508818
SYNC_NOT_FOUND first4=408EC5D8
SYNC_NOT_FOUND first4=F67418DA
2026-07-26T11:33:32.081718+00:00 SYNC_NOT_FOUND first4=C59FE4A2
SYNC_NOT_FOUND first4=C1329C3D
SYNC_NOT_FOUND first4=BD1B1192
SYNC_NOT_FOUND first4=8D9408BD
SYNC_NOT_FOUND first4=D051F04A
SYNC_NOT_FOUND first4=9C6DA38C
SYNC_NOT_FOUND first4=B6D7AD74
SYNC_NOT_FOUND first4=88E2AE9F
SYNC_NOT_FOUND first4=91A2AFC4
SYNC_NOT_FOUND first4=638FE0A7
SYNC_NOT_FOUND first4=D395ED95
SYNC_NOT_FOUND first4=10A59A09
SYNC_NOT_FOUND first4=8716FAAF
SYNC_NOT_FOUND first4=66834DD0
SYNC_NOT_FOUND first4=20A5DAF2
SYNC_NOT_FOUND first4=6E45E00C
SYNC_NOT_FOUND first4=F1660688
SYNC_NOT_FOUND first4=FF8C7C66
PHASE_RESULT 21 HF-FLRC-650-64 pktSize=64 rx=0 unique=0 lost=100 per=100.0 rssi_avg=0 rssi_min=0 crc_err=0 garbage=34 tx_lat=0.00000 tx_lon=0.00000 sats=0 fix=0 utc=0 tx_fw=none rx_fw=unknown
PHASE_GUARD 500
2026-07-26T11:33:33.096267+00:00 PHASE_START 22 HF-FLRC-650-128 pktSize=128
TIME_SYNCED utc=1785065612 offset=1785062475
SYNC_NOT_FOUND first4=214FCAA7
SYNC_NOT_FOUND first4=01E592E7
SYNC_NOT_FOUND first4=5D1E75DE
SYNC_NOT_FOUND first4=63B8DC98
SYNC_NOT_FOUND first4=C7AB2318
SYNC_NOT_FOUND first4=D5EAD320
SYNC_NOT_FOUND first4=7CBBBC39
SYNC_NOT_FOUND first4=8D3CC35A
SYNC_NOT_FOUND first4=2B6B559A
SYNC_NOT_FOUND first4=3B9E9C4A
SYNC_NOT_FOUND first4=2D5256A6
SYNC_NOT_FOUND first4=8C14C37A
SYNC_NOT_FOUND first4=22C5FEED
SYNC_NOT_FOUND first4=93E412FE
SYNC_NOT_FOUND first4=DB143E87
SYNC_NOT_FOUND first4=890B9175
SYNC_NOT_FOUND first4=AD375784
SYNC_NOT_FOUND first4=1BFB699D
2026-07-26T11:33:34.107303+00:00 SYNC_NOT_FOUND first4=1BC61D53
SYNC_NOT_FOUND first4=041E32F3
SYNC_NOT_FOUND first4=08E73684
SYNC_NOT_FOUND first4=CC33E93C
SYNC_NOT_FOUND first4=42301562
SYNC_NOT_FOUND first4=8C5CDAEA
SYNC_NOT_FOUND first4=E4C69FDA
SYNC_NOT_FOUND first4=F537674D
SYNC_NOT_FOUND first4=1222DE22
SYNC_NOT_FOUND first4=3932C70B
SYNC_NOT_FOUND first4=760242C4
SYNC_NOT_FOUND first4=DE44C90E
SYNC_NOT_FOUND first4=003F108E
SYNC_NOT_FOUND first4=8EDE3D17
SYNC_NOT_FOUND first4=10BC8558
SYNC_NOT_FOUND first4=CB5DE64A
SYNC_NOT_FOUND first4=F078936D
PHASE_RESULT 22 HF-FLRC-650-128 pktSize=128 rx=0 unique=0 lost=100 per=100.0 rssi_avg=0 rssi_min=0 crc_err=0 garbage=35 tx_lat=0.00000 tx_lon=0.00000 sats=0 fix=0 utc=0 tx_fw=none rx_fw=unknown
PHASE_GUARD 500
2026-07-26T11:33:35.128299+00:00 PHASE_START 23 HF-FLRC-650-255 pktSize=255
SYNC_NOT_FOUND first4=03EA7884
SYNC_NOT_FOUND first4=4396DA5D
TIME_SYNCED utc=1785065614 offset=1785062475
SYNC_NOT_FOUND first4=439B27DA
SYNC_NOT_FOUND first4=8B729754
SYNC_NOT_FOUND first4=E3A936CC
SYNC_NOT_FOUND first4=E86431C8
SYNC_NOT_FOUND first4=8465722C
SYNC_NOT_FOUND first4=9DB30227
SYNC_NOT_FOUND first4=30756412
SYNC_NOT_FOUND first4=04E11FCB
SYNC_NOT_FOUND first4=322AA738
SYNC_NOT_FOUND first4=9A04506F
SYNC_NOT_FOUND first4=14105136
SYNC_NOT_FOUND first4=B4F5F5B2
SYNC_NOT_FOUND first4=6A77A8FD
SYNC_NOT_FOUND first4=45AC9C01
SYNC_NOT_FOUND first4=6C8835AD
SYNC_NOT_FOUND first4=BF74866F
2026-07-26T11:33:36.141504+00:00 SYNC_NOT_FOUND first4=B42B4448
SYNC_NOT_FOUND first4=F35B076F
SYNC_NOT_FOUND first4=9F440F99
SYNC_NOT_FOUND first4=60421338
SYNC_NOT_FOUND first4=A31DC698
SYNC_NOT_FOUND first4=0AE57406
SYNC_NOT_FOUND first4=0847F189
SYNC_NOT_FOUND first4=960AF7B9
SYNC_NOT_FOUND first4=1B59DCEA
SYNC_NOT_FOUND first4=04342883
SYNC_NOT_FOUND first4=65305E78
SYNC_NOT_FOUND first4=BDFC1FF8
SYNC_NOT_FOUND first4=3EA704B2
SYNC_NOT_FOUND first4=0809A1E4
SYNC_NOT_FOUND first4=9E284755
SYNC_NOT_FOUND first4=15E8A90E
SYNC_NOT_FOUND first4=30894AB7
SYNC_NOT_FOUND first4=011F43C1
SYNC_NOT_FOUND first4=C19C9688
SYNC_NOT_FOUND first4=E9FEAA1B
PHASE_RESULT 23 HF-FLRC-650-255 pktSize=255 rx=0 unique=0 lost=100 per=100.0 rssi_avg=0 rssi_min=0 crc_err=0 garbage=38 tx_lat=0.00000 tx_lon=0.00000 sats=0 fix=0 utc=0 tx_fw=none rx_fw=unknown
PHASE_GUARD 500
PHASE_START 24 HF-FLRC-325-32 pktSize=32
2026-07-26T11:33:37.154215+00:00 SYNC_NOT_FOUND first4=CD1E4DB0
SYNC_NOT_FOUND first4=C3A2932B
2026-07-26T11:33:38.174822+00:00 SYNC_NOT_FOUND first4=B3662CC3
SYNC_NOT_FOUND first4=33EFE9D7
SYNC_NOT_FOUND first4=1DE5D01E
PHASE_RESULT 24 HF-FLRC-325-32 pktSize=32 rx=0 unique=0 lost=100 per=100.0 rssi_avg=0 rssi_min=0 crc_err=0 garbage=5 tx_lat=0.00000 tx_lon=0.00000 sats=0 fix=0 utc=0 tx_fw=none rx_fw=unknown
PHASE_GUARD 500
PHASE_START 25 HF-FLRC-325-64 pktSize=64
2026-07-26T11:33:39.186931+00:00 SYNC_NOT_FOUND first4=8BD1B312
SYNC_NOT_FOUND first4=EA7027E6
SYNC_NOT_FOUND first4=F3C29802
2026-07-26T11:33:40.207983+00:00 SYNC_NOT_FOUND first4=D1079DC1
SYNC_NOT_FOUND first4=E5437692
SYNC_NOT_FOUND first4=B46E144C
PHASE_RESULT 25 HF-FLRC-325-64 pktSize=64 rx=0 unique=0 lost=100 per=100.0 rssi_avg=0 rssi_min=0 crc_err=0 garbage=6 tx_lat=0.00000 tx_lon=0.00000 sats=0 fix=0 utc=0 tx_fw=none rx_fw=unknown
PHASE_GUARD 500
PHASE_START 26 HF-FLRC-325-128 pktSize=128
2026-07-26T11:33:42.281180+00:00 SYNC_NOT_FOUND first4=D7CFE7E9
PHASE_RESULT 26 HF-FLRC-325-128 pktSize=128 rx=0 unique=0 lost=100 per=100.0 rssi_avg=0 rssi_min=0 crc_err=0 garbage=1 tx_lat=0.00000 tx_lon=0.00000 sats=0 fix=0 utc=0 tx_fw=none rx_fw=unknown
PHASE_GUARD 500
PHASE_START 27 HF-FLRC-325-255 pktSize=255
SYNC_NOT_FOUND first4=A662F458
SYNC_NOT_FOUND first4=1B29EC37
2026-07-26T11:33:43.292290+00:00 TIME_SYNCED utc=1785065622 offset=1785062475
SYNC_NOT_FOUND first4=2BC823B1
2026-07-26T11:33:44.295998+00:00 SYNC_NOT_FOUND first4=43507343
SYNC_NOT_FOUND first4=80D8E93D
SYNC_NOT_FOUND first4=6BF16E69
PHASE_RESULT 27 HF-FLRC-325-255 pktSize=255 rx=0 unique=0 lost=100 per=100.0 rssi_avg=0 rssi_min=0 crc_err=0 garbage=6 tx_lat=0.00000 tx_lon=0.00000 sats=0 fix=0 utc=0 tx_fw=none rx_fw=unknown
PHASE_GUARD 500
LORA_CFG path=0 bw=0x05 sf=7
PHASE_START 28 LF-LoRa-SF7-32 pktSize=32
2026-07-26T11:33:45.315284+00:00 TIME_SYNCED utc=1785065624 offset=1785062475
2026-07-26T11:33:46.327359+00:00 PHASE_RESULT 28 LF-LoRa-SF7-32 pktSize=32 rx=0 unique=0 lost=20 per=100.0 rssi_avg=0 rssi_min=0 crc_err=0 garbage=0 tx_lat=0.00000 tx_lon=0.00000 sats=0 fix=0 utc=0 tx_fw=none rx_fw=unknown
PHASE_GUARD 500
LORA_CFG path=0 bw=0x05 sf=7
PHASE_START 29 LF-LoRa-SF7-64 pktSize=64
2026-07-26T11:33:49.439883+00:00 PHASE_RESULT 29 LF-LoRa-SF7-64 pktSize=64 rx=0 unique=0 lost=20 per=100.0 rssi_avg=0 rssi_min=0 crc_err=0 garbage=0 tx_lat=0.00000 tx_lon=0.00000 sats=0 fix=0 utc=0 tx_fw=none rx_fw=unknown
PHASE_GUARD 500
LORA_CFG path=0 bw=0x05 sf=7
PHASE_START 30 LF-LoRa-SF7-128 pktSize=128
2026-07-26T11:33:53.617089+00:00 TIME_SYNCED utc=1785065632 offset=1785062475
PHASE_RESULT 30 LF-LoRa-SF7-128 pktSize=128 rx=0 unique=0 lost=13 per=100.0 rssi_avg=0 rssi_min=0 crc_err=0 garbage=0 tx_lat=0.00000 tx_lon=0.00000 sats=0 fix=0 utc=0 tx_fw=none rx_fw=unknown
PHASE_GUARD 500
LORA_CFG path=0 bw=0x05 sf=7
PHASE_START 31 LF-LoRa-SF7-255 pktSize=255
2026-07-26T11:33:54.635218+00:00 TIME_SYNCED utc=1785065634 offset=1785062475
2026-07-26T11:33:57.757095+00:00 PHASE_RESULT 31 LF-LoRa-SF7-255 pktSize=255 rx=0 unique=0 lost=7 per=100.0 rssi_avg=0 rssi_min=0 crc_err=0 garbage=0 tx_lat=0.00000 tx_lon=0.00000 sats=0 fix=0 utc=0 tx_fw=none rx_fw=unknown
PHASE_GUARD 500
LORA_CFG path=0 bw=0x05 sf=9
PHASE_START 32 LF-LoRa-SF9-32 pktSize=32
2026-07-26T11:34:01.932490+00:00 PHASE_RESULT 32 LF-LoRa-SF9-32 pktSize=32 rx=0 unique=0 lost=7 per=100.0 rssi_avg=0 rssi_min=0 crc_err=0 garbage=0 tx_lat=0.00000 tx_lon=0.00000 sats=0 fix=0 utc=0 tx_fw=none rx_fw=unknown
PHASE_GUARD 500
LORA_CFG path=0 bw=0x05 sf=9
PHASE_START 33 LF-LoRa-SF9-64 pktSize=64
2026-07-26T11:34:04.001699+00:00 TIME_SYNCED utc=1785065643 offset=1785062475
PHASE_RESULT 33 LF-LoRa-SF9-64 pktSize=64 rx=0 unique=0 lost=3 per=100.0 rssi_avg=0 rssi_min=0 crc_err=0 garbage=0 tx_lat=0.00000 tx_lon=0.00000 sats=0 fix=0 utc=0 tx_fw=none rx_fw=unknown
PHASE_GUARD 500
2026-07-26T11:34:05.015075+00:00 LORA_CFG path=0 bw=0x05 sf=9
PHASE_START 34 LF-LoRa-SF9-128 pktSize=128
TIME_SYNCED utc=1785065644 offset=1785062475
2026-07-26T11:34:06.028506+00:00 PHASE_RESULT 34 LF-LoRa-SF9-128 pktSize=128 rx=0 unique=0 lost=1 per=100.0 rssi_avg=0 rssi_min=0 crc_err=0 garbage=0 tx_lat=0.00000 tx_lon=0.00000 sats=0 fix=0 utc=0 tx_fw=none rx_fw=unknown
PHASE_GUARD 500
2026-07-26T11:34:07.047212+00:00 LORA_CFG path=0 bw=0x05 sf=9
PHASE_START 35 LF-LoRa-SF9-255 pktSize=255
2026-07-26T11:34:10.162306+00:00 PHASE_RESULT 35 LF-LoRa-SF9-255 pktSize=255 rx=0 unique=0 lost=1 per=100.0 rssi_avg=0 rssi_min=0 crc_err=0 garbage=0 tx_lat=0.00000 tx_lon=0.00000 sats=0 fix=0 utc=0 tx_fw=none rx_fw=unknown
PHASE_GUARD 500
LORA_CFG path=0 bw=0x05 sf=12
PHASE_START 36 LF-LoRa-SF12-32 pktSize=32
2026-07-26T11:34:14.326237+00:00 TIME_SYNCED utc=1785065653 offset=1785062475
2026-07-26T11:34:15.344207+00:00 TIME_SYNCED utc=1785065654 offset=1785062475
2026-07-26T11:34:24.767925+00:00 TIME_SYNCED utc=1785065663 offset=1785062475
TIME_SYNCED utc=1785065664 offset=1785062475
2026-07-26T11:34:25.779178+00:00 PHASE_RESULT 36 LF-LoRa-SF12-32 pktSize=32 rx=0 unique=0 lost=1 per=100.0 rssi_avg=0 rssi_min=0 crc_err=0 garbage=0 tx_lat=0.00000 tx_lon=0.00000 sats=0 fix=0 utc=0 tx_fw=none rx_fw=unknown
PHASE_GUARD 500
LORA_CFG path=0 bw=0x05 sf=12
PHASE_START 37 LF-LoRa-SF12-SKIP SKIP pktSize=64
2026-07-26T11:34:26.785288+00:00 PHASE_RESULT 37 LF-LoRa-SF12-SKIP pktSize=64 rx=0 unique=0 lost=0 per=0.0 rssi_avg=0 rssi_min=0 crc_err=0 garbage=0 tx_lat=0.00000 tx_lon=0.00000 sats=0 fix=0 utc=0 tx_fw=none rx_fw=unknown
PHASE_GUARD 500
LORA_CFG path=0 bw=0x05 sf=12
PHASE_START 38 LF-LoRa-SF12-SKIP SKIP pktSize=128
2026-07-26T11:34:27.803253+00:00 PHASE_RESULT 38 LF-LoRa-SF12-SKIP pktSize=128 rx=0 unique=0 lost=0 per=0.0 rssi_avg=0 rssi_min=0 crc_err=0 garbage=0 tx_lat=0.00000 tx_lon=0.00000 sats=0 fix=0 utc=0 tx_fw=none rx_fw=unknown
PHASE_GUARD 500
LORA_CFG path=0 bw=0x05 sf=12
PHASE_START 39 LF-LoRa-SF12-SKIP SKIP pktSize=255
2026-07-26T11:34:28.814216+00:00 PHASE_RESULT 39 LF-LoRa-SF12-SKIP pktSize=255 rx=0 unique=0 lost=0 per=0.0 rssi_avg=0 rssi_min=0 crc_err=0 garbage=0 tx_lat=0.00000 tx_lon=0.00000 sats=0 fix=0 utc=0 tx_fw=none rx_fw=unknown
PHASE_GUARD 500
PHASE_START 40 LF-FLRC-2600-32 pktSize=32
2026-07-26T11:34:29.825235+00:00 SYNC_NOT_FOUND first4=572D09E5
2026-07-26T11:34:30.836290+00:00 PHASE_RESULT 40 LF-FLRC-2600-32 pktSize=32 rx=0 unique=0 lost=100 per=100.0 rssi_avg=0 rssi_min=0 crc_err=0 garbage=1 tx_lat=0.00000 tx_lon=0.00000 sats=0 fix=0 utc=0 tx_fw=none rx_fw=unknown
PHASE_GUARD 500
PHASE_START 41 LF-FLRC-2600-64 pktSize=64
2026-07-26T11:34:32.899230+00:00 SYNC_NOT_FOUND first4=934E900A
PHASE_RESULT 41 LF-FLRC-2600-64 pktSize=64 rx=0 unique=0 lost=100 per=100.0 rssi_avg=0 rssi_min=0 crc_err=0 garbage=1 tx_lat=0.00000 tx_lon=0.00000 sats=0 fix=0 utc=0 tx_fw=none rx_fw=unknown
PHASE_GUARD 500
PHASE_START 42 LF-FLRC-2600-128 pktSize=128
2026-07-26T11:34:33.915851+00:00 SYNC_NOT_FOUND first4=BBEDBBA6
SYNC_NOT_FOUND first4=27EA0B6A
2026-07-26T11:34:34.919351+00:00 TIME_SYNCED utc=1785065673 offset=1785062475
PHASE_RESULT 42 LF-FLRC-2600-128 pktSize=128 rx=0 unique=0 lost=100 per=100.0 rssi_avg=0 rssi_min=0 crc_err=0 garbage=2 tx_lat=0.00000 tx_lon=0.00000 sats=0 fix=0 utc=0 tx_fw=none rx_fw=unknown
PHASE_GUARD 500
PHASE_START 43 LF-FLRC-2600-255 pktSize=255
TIME_SYNCED utc=1785065674 offset=1785062475
2026-07-26T11:34:35.925229+00:00 SYNC_NOT_FOUND first4=5D7DDA04
2026-07-26T11:34:36.938236+00:00 PHASE_RESULT 43 LF-FLRC-2600-255 pktSize=255 rx=0 unique=0 lost=100 per=100.0 rssi_avg=0 rssi_min=0 crc_err=0 garbage=1 tx_lat=0.00000 tx_lon=0.00000 sats=0 fix=0 utc=0 tx_fw=none rx_fw=unknown
PHASE_GUARD 500
PHASE_START 44 LF-FLRC-1300-32 pktSize=32
2026-07-26T11:34:37.956515+00:00 PHASE_RESULT 44 LF-FLRC-1300-32 pktSize=32 rx=0 unique=0 lost=100 per=100.0 rssi_avg=0 rssi_min=0 crc_err=0 garbage=0 tx_lat=0.00000 tx_lon=0.00000 sats=0 fix=0 utc=0 tx_fw=none rx_fw=unknown
2026-07-26T11:34:38.967802+00:00 PHASE_GUARD 500
PHASE_START 45 LF-FLRC-1300-64 pktSize=64
SYNC_NOT_FOUND first4=926DDBBD
2026-07-26T11:34:39.978234+00:00 PHASE_RESULT 45 LF-FLRC-1300-64 pktSize=64 rx=0 unique=0 lost=100 per=100.0 rssi_avg=0 rssi_min=0 crc_err=0 garbage=1 tx_lat=0.00000 tx_lon=0.00000 sats=0 fix=0 utc=0 tx_fw=none rx_fw=unknown
PHASE_GUARD 500
2026-07-26T11:34:40.982218+00:00 PHASE_START 46 LF-FLRC-1300-128 pktSize=128
2026-07-26T11:34:41.997881+00:00 SYNC_NOT_FOUND first4=0A43CBE6
PHASE_RESULT 46 LF-FLRC-1300-128 pktSize=128 rx=0 unique=0 lost=100 per=100.0 rssi_avg=0 rssi_min=0 crc_err=0 garbage=1 tx_lat=0.00000 tx_lon=0.00000 sats=0 fix=0 utc=0 tx_fw=none rx_fw=unknown
PHASE_GUARD 500
2026-07-26T11:34:43.016241+00:00 PHASE_START 47 LF-FLRC-1300-255 pktSize=255
2026-07-26T11:34:44.026990+00:00 PHASE_RESULT 47 LF-FLRC-1300-255 pktSize=255 rx=0 unique=0 lost=100 per=100.0 rssi_avg=0 rssi_min=0 crc_err=0 garbage=0 tx_lat=0.00000 tx_lon=0.00000 sats=0 fix=0 utc=0 tx_fw=none rx_fw=unknown
PHASE_GUARD 500
2026-07-26T11:34:45.040292+00:00 PHASE_START 48 LF-FLRC-650-32 pktSize=32
TIME_SYNCED utc=1785065684 offset=1785062475
SYNC_NOT_FOUND first4=6403CA5C
SYNC_NOT_FOUND first4=E37BD292
TIME_SYNCED utc=1785065684 offset=1785062475
2026-07-26T11:34:46.051215+00:00 SYNC_NOT_FOUND first4=4E9F3352
PHASE_RESULT 48 LF-FLRC-650-32 pktSize=32 rx=0 unique=0 lost=100 per=100.0 rssi_avg=0 rssi_min=0 crc_err=0 garbage=3 tx_lat=0.00000 tx_lon=0.00000 sats=0 fix=0 utc=0 tx_fw=none rx_fw=unknown
PHASE_GUARD 500
2026-07-26T11:34:47.062196+00:00 PHASE_START 49 LF-FLRC-650-64 pktSize=64
SYNC_NOT_FOUND first4=AE2BB0BE
SYNC_NOT_FOUND first4=9F3F77CC
SYNC_NOT_FOUND first4=50542FC2
SYNC_NOT_FOUND first4=AEC98AAB
SYNC_NOT_FOUND first4=D5C4A384
2026-07-26T11:34:48.075651+00:00 SYNC_NOT_FOUND first4=36BD3F38
PHASE_RESULT 49 LF-FLRC-650-64 pktSize=64 rx=0 unique=0 lost=100 per=100.0 rssi_avg=0 rssi_min=0 crc_err=0 garbage=6 tx_lat=0.00000 tx_lon=0.00000 sats=0 fix=0 utc=0 tx_fw=none rx_fw=unknown
PHASE_GUARD 500
2026-07-26T11:34:49.089689+00:00 PHASE_START 50 LF-FLRC-650-128 pktSize=128
2026-07-26T11:34:50.102223+00:00 SYNC_NOT_FOUND first4=3FFA3293
PHASE_RESULT 50 LF-FLRC-650-128 pktSize=128 rx=0 unique=0 lost=100 per=100.0 rssi_avg=0 rssi_min=0 crc_err=0 garbage=1 tx_lat=0.00000 tx_lon=0.00000 sats=0 fix=0 utc=0 tx_fw=none rx_fw=unknown
PHASE_GUARD 500
PHASE_START 51 LF-FLRC-650-255 pktSize=255
2026-07-26T11:34:51.116387+00:00 SYNC_NOT_FOUND first4=02000566
2026-07-26T11:34:52.130399+00:00 SYNC_NOT_FOUND first4=169B1036
SYNC_NOT_FOUND first4=2D271F0E
PHASE_RESULT 51 LF-FLRC-650-255 pktSize=255 rx=0 unique=0 lost=100 per=100.0 rssi_avg=0 rssi_min=0 crc_err=0 garbage=3 tx_lat=0.00000 tx_lon=0.00000 sats=0 fix=0 utc=0 tx_fw=none rx_fw=unknown
PHASE_GUARD 500
PHASE_START 52 LF-FLRC-325-32 pktSize=32
2026-07-26T11:34:54.194446+00:00 PHASE_RESULT 52 LF-FLRC-325-32 pktSize=32 rx=0 unique=0 lost=100 per=100.0 rssi_avg=0 rssi_min=0 crc_err=0 garbage=0 tx_lat=0.00000 tx_lon=0.00000 sats=0 fix=0 utc=0 tx_fw=none rx_fw=unknown
PHASE_GUARD 500
PHASE_START 53 LF-FLRC-325-64 pktSize=64
2026-07-26T11:34:55.208382+00:00 TIME_SYNCED utc=1785065694 offset=1785062475
TIME_SYNCED utc=1785065694 offset=1785062475
2026-07-26T11:34:56.219150+00:00 PHASE_RESULT 53 LF-FLRC-325-64 pktSize=64 rx=0 unique=0 lost=100 per=100.0 rssi_avg=0 rssi_min=0 crc_err=0 garbage=0 tx_lat=0.00000 tx_lon=0.00000 sats=0 fix=0 utc=0 tx_fw=none rx_fw=unknown
PHASE_GUARD 500
PHASE_START 54 LF-FLRC-325-128 pktSize=128
2026-07-26T11:34:58.280442+00:00 PHASE_RESULT 54 LF-FLRC-325-128 pktSize=128 rx=0 unique=0 lost=100 per=100.0 rssi_avg=0 rssi_min=0 crc_err=0 garbage=0 tx_lat=0.00000 tx_lon=0.00000 sats=0 fix=0 utc=0 tx_fw=none rx_fw=unknown
PHASE_GUARD 500
PHASE_START 55 LF-FLRC-325-255 pktSize=255
2026-07-26T11:35:00.346519+00:00 PHASE_RESULT 55 LF-FLRC-325-255 pktSize=255 rx=0 unique=0 lost=100 per=100.0 rssi_avg=0 rssi_min=0 crc_err=0 garbage=0 tx_lat=0.00000 tx_lon=0.00000 sats=0 fix=0 utc=0 tx_fw=none rx_fw=unknown
PHASE_GUARD 500
LORA_CFG path=1 bw=0x0F sf=7
PHASE_START 0 HF-LoRa-SF7-32 pktSize=32
2026-07-26T11:35:02.408471+00:00 PHASE_RESULT 0 HF-LoRa-SF7-32 pktSize=32 rx=0 unique=0 lost=20 per=100.0 rssi_avg=0 rssi_min=0 crc_err=0 garbage=0 tx_lat=0.00000 tx_lon=0.00000 sats=0 fix=0 utc=0 tx_fw=none rx_fw=unknown
PHASE_GUARD 500
LORA_CFG path=1 bw=0x0F sf=7
PHASE_START 1 HF-LoRa-SF7-64 pktSize=64
2026-07-26T11:35:04.465568+00:00 PHASE_RESULT 1 HF-LoRa-SF7-64 pktSize=64 rx=0 unique=0 lost=20 per=100.0 rssi_avg=0 rssi_min=0 crc_err=0 garbage=0 tx_lat=0.00000 tx_lon=0.00000 sats=0 fix=0 utc=0 tx_fw=none rx_fw=unknown
PHASE_GUARD 500
LORA_CFG path=1 bw=0x0F sf=7
PHASE_START 2 HF-LoRa-SF7-128 pktSize=128
TIME_SYNCED utc=1785065704 offset=1785062475
2026-07-26T11:35:05.476293+00:00 TIME_SYNCED utc=1785065704 offset=1785062475
2026-07-26T11:35:06.487294+00:00 PHASE_RESULT 2 HF-LoRa-SF7-128 pktSize=128 rx=0 unique=0 lost=20 per=100.0 rssi_avg=0 rssi_min=0 crc_err=0 garbage=0 tx_lat=0.00000 tx_lon=0.00000 sats=0 fix=0 utc=0 tx_fw=none rx_fw=unknown
PHASE_GUARD 500
LORA_CFG path=1 bw=0x0F sf=7
PHASE_START 3 HF-LoRa-SF7-255 pktSize=255
2026-07-26T11:35:09.599873+00:00 PHASE_RESULT 3 HF-LoRa-SF7-255 pktSize=255 rx=0 unique=0 lost=20 per=100.0 rssi_avg=0 rssi_min=0 crc_err=0 garbage=0 tx_lat=0.00000 tx_lon=0.00000 sats=0 fix=0 utc=0 tx_fw=none rx_fw=unknown
PHASE_GUARD 500
LORA_CFG path=1 bw=0x0F sf=9
PHASE_START 4 HF-LoRa-SF9-32 pktSize=32
2026-07-26T11:35:11.664101+00:00 PHASE_RESULT 4 HF-LoRa-SF9-32 pktSize=32 rx=0 unique=0 lost=20 per=100.0 rssi_avg=0 rssi_min=0 crc_err=0 garbage=0 tx_lat=0.00000 tx_lon=0.00000 sats=0 fix=0 utc=0 tx_fw=none rx_fw=unknown
PHASE_GUARD 500
LORA_CFG path=1 bw=0x0F sf=9
PHASE_START 5 HF-LoRa-SF9-64 pktSize=64
2026-07-26T11:35:14.776837+00:00 PHASE_RESULT 5 HF-LoRa-SF9-64 pktSize=64 rx=0 unique=0 lost=20 per=100.0 rssi_avg=0 rssi_min=0 crc_err=0 garbage=0 tx_lat=0.00000 tx_lon=0.00000 sats=0 fix=0 utc=0 tx_fw=none rx_fw=unknown
PHASE_GUARD 500
LORA_CFG path=1 bw=0x0F sf=9
PHASE_START 6 HF-LoRa-SF9-128 pktSize=128
TIME_SYNCED utc=1785065714 offset=1785062475
2026-07-26T11:35:15.794344+00:00 TIME_SYNCED utc=1785065714 offset=1785062475
2026-07-26T11:35:18.907343+00:00 PHASE_RESULT 6 HF-LoRa-SF9-128 pktSize=128 rx=0 unique=0 lost=13 per=100.0 rssi_avg=0 rssi_min=0 crc_err=0 garbage=0 tx_lat=0.00000 tx_lon=0.00000 sats=0 fix=0 utc=0 tx_fw=none rx_fw=unknown
PHASE_GUARD 500
LORA_CFG path=1 bw=0x0F sf=9
PHASE_START 7 HF-LoRa-SF9-255 pktSize=255
2026-07-26T11:35:20.976556+00:00 PHASE_RESULT 7 HF-LoRa-SF9-255 pktSize=255 rx=0 unique=0 lost=6 per=100.0 rssi_avg=0 rssi_min=0 crc_err=0 garbage=0 tx_lat=0.00000 tx_lon=0.00000 sats=0 fix=0 utc=0 tx_fw=none rx_fw=unknown
PHASE_GUARD 500
2026-07-26T11:35:21.987252+00:00 LORA_CFG path=1 bw=0x0F sf=12
PHASE_START 8 HF-LoRa-SF12-32 pktSize=32
2026-07-26T11:35:24.048577+00:00 PHASE_RESULT 8 HF-LoRa-SF12-32 pktSize=32 rx=0 unique=0 lost=2 per=100.0 rssi_avg=0 rssi_min=0 crc_err=0 garbage=0 tx_lat=0.00000 tx_lon=0.00000 sats=0 fix=0 utc=0 tx_fw=none rx_fw=unknown
PHASE_GUARD 500
LORA_CFG path=1 bw=0x0F sf=12
2026-07-26T11:35:25.065191+00:00 PHASE_START 9 HF-LoRa-SF12-64 pktSize=64
TIME_SYNCED utc=1785065724 offset=1785062475
2026-07-26T11:35:26.077394+00:00 TIME_SYNCED utc=1785065725 offset=1785062475
2026-07-26T11:35:27.089614+00:00 PHASE_RESULT 9 HF-LoRa-SF12-64 pktSize=64 rx=0 unique=0 lost=1 per=100.0 rssi_avg=0 rssi_min=0 crc_err=0 garbage=0 tx_lat=0.00000 tx_lon=0.00000 sats=0 fix=0 utc=0 tx_fw=none rx_fw=unknown
PHASE_GUARD 500
LORA_CFG path=1 bw=0x0F sf=12
2026-07-26T11:35:28.101705+00:00 PHASE_START 10 HF-LoRa-SF12-128 pktSize=128
2026-07-26T11:35:32.272009+00:00 PHASE_RESULT 10 HF-LoRa-SF12-128 pktSize=128 rx=0 unique=0 lost=1 per=100.0 rssi_avg=0 rssi_min=0 crc_err=0 garbage=0 tx_lat=0.00000 tx_lon=0.00000 sats=0 fix=0 utc=0 tx_fw=none rx_fw=unknown
PHASE_GUARD 500
LORA_CFG path=1 bw=0x0F sf=12
PHASE_START 11 HF-LoRa-SF12-255 pktSize=255
2026-07-26T11:35:35.385971+00:00 TIME_SYNCED utc=1785065734 offset=1785062475
2026-07-26T11:35:36.401355+00:00 TIME_SYNCED utc=1785065735 offset=1785062475
2026-07-26T11:35:42.659971+00:00 PHASE_RESULT 11 HF-LoRa-SF12-255 pktSize=255 rx=0 unique=0 lost=1 per=100.0 rssi_avg=0 rssi_min=0 crc_err=0 garbage=0 tx_lat=0.00000 tx_lon=0.00000 sats=0 fix=0 utc=0 tx_fw=none rx_fw=unknown
PHASE_GUARD 500
PHASE_START 12 HF-FLRC-2600-32 pktSize=32
SYNC_NOT_FOUND first4=137EF745
SYNC_NOT_FOUND first4=867B38C5
SYNC_NOT_FOUND first4=0B993332
SYNC_NOT_FOUND first4=F5D7E13C
2026-07-26T11:35:43.675524+00:00 SYNC_NOT_FOUND first4=0F4198C7
SYNC_NOT_FOUND first4=189DD665
SYNC_NOT_FOUND first4=246982C6
SYNC_NOT_FOUND first4=95B631EB
SYNC_NOT_FOUND first4=0A313ADB
SYNC_NOT_FOUND first4=30128463
SYNC_NOT_FOUND first4=EC4A5896
SYNC_NOT_FOUND first4=4201CF09
SYNC_NOT_FOUND first4=3D0040BC
SYNC_NOT_FOUND first4=C509BEE5
2026-07-26T11:35:44.686347+00:00 SYNC_NOT_FOUND first4=798AACD0
SYNC_NOT_FOUND first4=34C8BAFD
SYNC_NOT_FOUND first4=70A0048F
PHASE_RESULT 12 HF-FLRC-2600-32 pktSize=32 rx=0 unique=0 lost=100 per=100.0 rssi_avg=0 rssi_min=0 crc_err=0 garbage=17 tx_lat=0.00000 tx_lon=0.00000 sats=0 fix=0 utc=0 tx_fw=none rx_fw=unknown
PHASE_GUARD 500
PHASE_START 13 HF-FLRC-2600-64 pktSize=64
SYNC_NOT_FOUND first4=E708A4D9
SYNC_NOT_FOUND first4=E5053F83
SYNC_NOT_FOUND first4=C5EF47EA
SYNC_NOT_FOUND first4=632A4AAD
TIME_SYNCED utc=1785065744 offset=1785062475
SYNC_NOT_FOUND first4=51BA99B1
2026-07-26T11:35:45.697277+00:00 SYNC_NOT_FOUND first4=BEEDA221
SYNC_NOT_FOUND first4=B85DA88E
SYNC_NOT_FOUND first4=79D6BC0B
SYNC_NOT_FOUND first4=35DEA649
SYNC_NOT_FOUND first4=73F05FA1
SYNC_NOT_FOUND first4=08EC54E6
SYNC_NOT_FOUND first4=87425607
SYNC_NOT_FOUND first4=146F4F72
2026-07-26T11:35:46.708294+00:00 TIME_SYNCED utc=1785065745 offset=1785062475
SYNC_NOT_FOUND first4=280E0192
SYNC_NOT_FOUND first4=F7BCCFDC
SYNC_NOT_FOUND first4=394E9E59
SYNC_NOT_FOUND first4=6012E7F2
PHASE_RESULT 13 HF-FLRC-2600-64 pktSize=64 rx=0 unique=0 lost=100 per=100.0 rssi_avg=0 rssi_min=0 crc_err=0 garbage=17 tx_lat=0.00000 tx_lon=0.00000 sats=0 fix=0 utc=0 tx_fw=none rx_fw=unknown
PHASE_GUARD 500
PHASE_START 14 HF-FLRC-2600-128 pktSize=128
SYNC_NOT_FOUND first4=07FF4FDB
SYNC_NOT_FOUND first4=7436F322
SYNC_NOT_FOUND first4=7D514489
2026-07-26T11:35:47.721111+00:00 SYNC_NOT_FOUND first4=A8CF1C01
SYNC_NOT_FOUND first4=F0AC8947
SYNC_NOT_FOUND first4=55E2AAAA
SYNC_NOT_FOUND first4=7750439E
SYNC_NOT_FOUND first4=DF33B092
SYNC_NOT_FOUND first4=96A3436A
SYNC_NOT_FOUND first4=9F80D274
2026-07-26T11:35:48.738212+00:00 SYNC_NOT_FOUND first4=A6A10DAE
PHASE_RESULT 14 HF-FLRC-2600-128 pktSize=128 rx=0 unique=0 lost=100 per=100.0 rssi_avg=0 rssi_min=0 crc_err=0 garbage=11 tx_lat=0.00000 tx_lon=0.00000 sats=0 fix=0 utc=0 tx_fw=none rx_fw=unknown
PHASE_GUARD 500
PHASE_START 15 HF-FLRC-2600-255 pktSize=255
SYNC_NOT_FOUND first4=C2878637
2026-07-26T11:35:49.754649+00:00 SYNC_NOT_FOUND first4=0FC8C88C
SYNC_NOT_FOUND first4=C5CDD36B
SYNC_NOT_FOUND first4=7FD1551D
SYNC_NOT_FOUND first4=065D04C5
SYNC_NOT_FOUND first4=4024A500
SYNC_NOT_FOUND first4=64EA9B4A
SYNC_NOT_FOUND first4=7D1C5E54
SYNC_NOT_FOUND first4=8D357496
2026-07-26T11:35:50.770761+00:00 SYNC_NOT_FOUND first4=6595CBEC
SYNC_NOT_FOUND first4=CBA872F9
SYNC_NOT_FOUND first4=FC4D05FA
PHASE_RESULT 15 HF-FLRC-2600-255 pktSize=255 rx=0 unique=0 lost=100 per=100.0 rssi_avg=0 rssi_min=0 crc_err=0 garbage=12 tx_lat=0.00000 tx_lon=0.00000 sats=0 fix=0 utc=0 tx_fw=none rx_fw=unknown
PHASE_GUARD 500
PHASE_START 16 HF-FLRC-1300-32 pktSize=32
SYNC_NOT_FOUND first4=01FA0C77
SYNC_NOT_FOUND first4=5F58C1EE
SYNC_NOT_FOUND first4=824778DA
2026-07-26T11:35:51.781856+00:00 SYNC_NOT_FOUND first4=8823E8D0
SYNC_NOT_FOUND first4=73667507
SYNC_NOT_FOUND first4=5AECDB17
SYNC_NOT_FOUND first4=2F49D410
SYNC_NOT_FOUND first4=ABE0184B
2026-07-26T11:35:52.793175+00:00 PHASE_RESULT 16 HF-FLRC-1300-32 pktSize=32 rx=0 unique=0 lost=100 per=100.0 rssi_avg=0 rssi_min=0 crc_err=0 garbage=8 tx_lat=0.00000 tx_lon=0.00000 sats=0 fix=0 utc=0 tx_fw=none rx_fw=unknown
PHASE_GUARD 500
PHASE_START 17 HF-FLRC-1300-64 pktSize=64
SYNC_NOT_FOUND first4=05EF0608
SYNC_NOT_FOUND first4=EF21D869
2026-07-26T11:35:53.804217+00:00 SYNC_NOT_FOUND first4=5A8985C8
SYNC_NOT_FOUND first4=76E0A61C
SYNC_NOT_FOUND first4=3D2F60FB
SYNC_NOT_FOUND first4=16BC2221
SYNC_NOT_FOUND first4=89A054A3
SYNC_NOT_FOUND first4=FB05A6E6
2026-07-26T11:35:54.815863+00:00 SYNC_NOT_FOUND first4=2B1A8E39
PHASE_RESULT 17 HF-FLRC-1300-64 pktSize=64 rx=0 unique=0 lost=100 per=100.0 rssi_avg=0 rssi_min=0 crc_err=0 garbage=9 tx_lat=0.00000 tx_lon=0.00000 sats=0 fix=0 utc=0 tx_fw=none rx_fw=unknown
PHASE_GUARD 500
PHASE_START 18 HF-FLRC-1300-128 pktSize=128
SYNC_NOT_FOUND first4=34267B88
SYNC_NOT_FOUND first4=45DDEE8E
TIME_SYNCED utc=1785065754 offset=1785062475
2026-07-26T11:35:55.833692+00:00 SYNC_NOT_FOUND first4=2A221685
SYNC_NOT_FOUND first4=21AA53B5
SYNC_NOT_FOUND first4=FB1D6542
SYNC_NOT_FOUND first4=8A4C452B
SYNC_NOT_FOUND first4=DBBCCC5A
SYNC_NOT_FOUND first4=1FD507B8
SYNC_NOT_FOUND first4=68461B1D
SYNC_NOT_FOUND first4=042700CE
2026-07-26T11:35:56.846989+00:00 TIME_SYNCED utc=1785065755 offset=1785062475
SYNC_NOT_FOUND first4=E3655B67
PHASE_RESULT 18 HF-FLRC-1300-128 pktSize=128 rx=0 unique=0 lost=100 per=100.0 rssi_avg=0 rssi_min=0 crc_err=0 garbage=11 tx_lat=0.00000 tx_lon=0.00000 sats=0 fix=0 utc=0 tx_fw=none rx_fw=unknown
PHASE_GUARD 500
PHASE_START 19 HF-FLRC-1300-255 pktSize=255
SYNC_NOT_FOUND first4=3F84A9A6
2026-07-26T11:35:57.850657+00:00 SYNC_NOT_FOUND first4=D1572D28
SYNC_NOT_FOUND first4=9391F563
SYNC_NOT_FOUND first4=724F7F5F
2026-07-26T11:35:58.861683+00:00 PHASE_RESULT 19 HF-FLRC-1300-255 pktSize=255 rx=0 unique=0 lost=100 per=100.0 rssi_avg=0 rssi_min=0 crc_err=0 garbage=4 tx_lat=0.00000 tx_lon=0.00000 sats=0 fix=0 utc=0 tx_fw=none rx_fw=unknown
PHASE_GUARD 500
PHASE_START 20 HF-FLRC-650-32 pktSize=32
SYNC_NOT_FOUND first4=1CCEE1C2
SYNC_NOT_FOUND first4=62AEFBF5
SYNC_NOT_FOUND first4=02CCE432
SYNC_NOT_FOUND first4=06E9F094
SYNC_NOT_FOUND first4=1798600E
SYNC_NOT_FOUND first4=F3EDB84F
SYNC_NOT_FOUND first4=ACC38BFC
SYNC_NOT_FOUND first4=6DA5DB4D
SYNC_NOT_FOUND first4=362DA648
SYNC_NOT_FOUND first4=BB8BEB3F
SYNC_NOT_FOUND first4=956B74EC
SYNC_NOT_FOUND first4=854F27F6
SYNC_NOT_FOUND first4=EE222604
SYNC_NOT_FOUND first4=B4AECF7E
SYNC_NOT_FOUND first4=D50D06B4
SYNC_NOT_FOUND first4=AAA2EB77
SYNC_NOT_FOUND first4=8C101C1B
SYNC_NOT_FOUND first4=D5A2BBEE
SYNC_NOT_FOUND first4=E5BB14C1
SYNC_NOT_FOUND first4=EF48A083
2026-07-26T11:35:59.877204+00:00 SYNC_NOT_FOUND first4=009089E3
SYNC_NOT_FOUND first4=E8E82921
SYNC_NOT_FOUND first4=129FD8A7
SYNC_NOT_FOUND first4=98047B01
SYNC_NOT_FOUND first4=BBD0CCD8
SYNC_NOT_FOUND first4=5ADF5F47
SYNC_NOT_FOUND first4=6548D576
SYNC_NOT_FOUND first4=103BADA2
SYNC_NOT_FOUND first4=5B64F20B
SYNC_NOT_FOUND first4=FB7EF986
SYNC_NOT_FOUND first4=28416E48
SYNC_NOT_FOUND first4=3011C1E9
SYNC_NOT_FOUND first4=4F8E1F8F
SYNC_NOT_FOUND first4=7C2D56F6
SYNC_NOT_FOUND first4=C05FD569
SYNC_NOT_FOUND first4=A6DC9F0A
SYNC_NOT_FOUND first4=CB4B30A1
SYNC_NOT_FOUND first4=2DFDBADE
2026-07-26T11:36:00.895236+00:00 SYNC_NOT_FOUND first4=34E9FBB8
SYNC_NOT_FOUND first4=C2A5A5B9
PHASE_RESULT 20 HF-FLRC-650-32 pktSize=32 rx=0 unique=0 lost=100 per=100.0 rssi_avg=0 rssi_min=0 crc_err=0 garbage=40 tx_lat=0.00000 tx_lon=0.00000 sats=0 fix=0 utc=0 tx_fw=none rx_fw=unknown
PHASE_GUARD 500
PHASE_START 21 HF-FLRC-650-64 pktSize=64
SYNC_NOT_FOUND first4=0FDA4DEF
SYNC_NOT_FOUND first4=652D9421
SYNC_NOT_FOUND first4=2C0E24B1
SYNC_NOT_FOUND first4=AA901A26
SYNC_NOT_FOUND first4=654B7932
SYNC_NOT_FOUND first4=2D702389
SYNC_NOT_FOUND first4=6C5A928C
SYNC_NOT_FOUND first4=0657DBE8
SYNC_NOT_FOUND first4=5483D6A9
SYNC_NOT_FOUND first4=D65124A9
SYNC_NOT_FOUND first4=ACE28BED
SYNC_NOT_FOUND first4=CD7A9FB0
SYNC_NOT_FOUND first4=3739C2EC
SYNC_NOT_FOUND first4=694E6186
SYNC_NOT_FOUND first4=C2361961
SYNC_NOT_FOUND first4=8087E07E
SYNC_NOT_FOUND first4=6ECE2FF4
SYNC_NOT_FOUND first4=F301179C
SYNC_NOT_FOUND first4=40BF8DA6
2026-07-26T11:36:01.911989+00:00 SYNC_NOT_FOUND first4=5C28155A
SYNC_NOT_FOUND first4=9F59C456
SYNC_NOT_FOUND first4=E5D989A0
SYNC_NOT_FOUND first4=605594EC
SYNC_NOT_FOUND first4=C2C21287
SYNC_NOT_FOUND first4=BF9F884B
SYNC_NOT_FOUND first4=33703104
SYNC_NOT_FOUND first4=57D2CD09
SYNC_NOT_FOUND first4=3C6EFC2F
SYNC_NOT_FOUND first4=E50D7460
SYNC_NOT_FOUND first4=A196F846
SYNC_NOT_FOUND first4=3E507D84
SYNC_NOT_FOUND first4=95525821
SYNC_NOT_FOUND first4=6FF9D6A2
SYNC_NOT_FOUND first4=D8BAC6FE
SYNC_NOT_FOUND first4=02D244EC
SYNC_NOT_FOUND first4=1AA8E821
SYNC_NOT_FOUND first4=F8DD5C29
SYNC_NOT_FOUND first4=721F4068
SYNC_NOT_FOUND first4=F6042A7F
SYNC_NOT_FOUND first4=7494E789
SYNC_NOT_FOUND first4=3556B868
SYNC_NOT_FOUND first4=B44AA54E
2026-07-26T11:36:02.922306+00:00 PHASE_RESULT 21 HF-FLRC-650-64 pktSize=64 rx=0 unique=0 lost=100 per=100.0 rssi_avg=0 rssi_min=0 crc_err=0 garbage=42 tx_lat=0.00000 tx_lon=0.00000 sats=0 fix=0 utc=0 tx_fw=none rx_fw=unknown
PHASE_GUARD 500
PHASE_START 22 HF-FLRC-650-128 pktSize=128
SYNC_NOT_FOUND first4=72572285
SYNC_NOT_FOUND first4=057B0E9A
SYNC_NOT_FOUND first4=15A46C05
SYNC_NOT_FOUND first4=D443C745
SYNC_NOT_FOUND first4=B64313AB
SYNC_NOT_FOUND first4=35250043
SYNC_NOT_FOUND first4=27A326A9
SYNC_NOT_FOUND first4=6246F832
SYNC_NOT_FOUND first4=DFE80595
SYNC_NOT_FOUND first4=B623F386
SYNC_NOT_FOUND first4=3445AA24
SYNC_NOT_FOUND first4=BE9ACBD4
SYNC_NOT_FOUND first4=C1D91716
SYNC_NOT_FOUND first4=72B0D251
SYNC_NOT_FOUND first4=4F9A4A87
SYNC_NOT_FOUND first4=82DE5E28
SYNC_NOT_FOUND first4=C20A123E
SYNC_NOT_FOUND first4=317DFE6E
SYNC_NOT_FOUND first4=560BA795
SYNC_NOT_FOUND first4=1CB00242
SYNC_NOT_FOUND first4=129A43D7
SYNC_NOT_FOUND first4=2D0778B7
SYNC_NOT_FOUND first4=7BC15A63
SYNC_NOT_FOUND first4=9347F804
2026-07-26T11:36:03.933908+00:00 SYNC_NOT_FOUND first4=EDDF2E1F
SYNC_NOT_FOUND first4=0E651FB7
SYNC_NOT_FOUND first4=564E0B54
SYNC_NOT_FOUND first4=BC20B400
SYNC_NOT_FOUND first4=7ADDC409
SYNC_NOT_FOUND first4=C1464F78
SYNC_NOT_FOUND first4=D9BFCD72
SYNC_NOT_FOUND first4=92AB909E
SYNC_NOT_FOUND first4=22DEBD00
SYNC_NOT_FOUND first4=D776A5C0
SYNC_NOT_FOUND first4=42ED93EA
SYNC_NOT_FOUND first4=0D39D967
SYNC_NOT_FOUND first4=82E3D0C2
SYNC_NOT_FOUND first4=86B498E9
SYNC_NOT_FOUND first4=9FA0C1BB
SYNC_NOT_FOUND first4=50FA6E82
SYNC_NOT_FOUND first4=3362A719
SYNC_NOT_FOUND first4=D2E7E8CE
SYNC_NOT_FOUND first4=879B10A7
SYNC_NOT_FOUND first4=15BE2A22
SYNC_NOT_FOUND first4=1AFC164A
SYNC_NOT_FOUND first4=EEF35BAF
SYNC_NOT_FOUND first4=31F3D623
SYNC_NOT_FOUND first4=341582F7
2026-07-26T11:36:04.949711+00:00 PHASE_RESULT 22 HF-FLRC-650-128 pktSize=128 rx=0 unique=0 lost=100 per=100.0 rssi_avg=0 rssi_min=0 crc_err=0 garbage=48 tx_lat=0.00000 tx_lon=0.00000 sats=0 fix=0 utc=0 tx_fw=none rx_fw=unknown
PHASE_GUARD 500
PHASE_START 23 HF-FLRC-650-255 pktSize=255
SYNC_NOT_FOUND first4=11621113
SYNC_NOT_FOUND first4=7473E404
SYNC_NOT_FOUND first4=2872563E
SYNC_NOT_FOUND first4=8103E07E
SYNC_NOT_FOUND first4=EF54E8D2
SYNC_NOT_FOUND first4=963359A5
SYNC_NOT_FOUND first4=C5176F33
SYNC_NOT_FOUND first4=DA0DFE66
SYNC_NOT_FOUND first4=D17FBE41
SYNC_NOT_FOUND first4=5683ED0A
SYNC_NOT_FOUND first4=54E80436
SYNC_NOT_FOUND first4=666B637A
SYNC_NOT_FOUND first4=325DBF7F
SYNC_NOT_FOUND first4=F50B17B1
SYNC_NOT_FOUND first4=EC142DF3
TIME_SYNCED utc=1785065764 offset=1785062475
SYNC_NOT_FOUND first4=AA841F1A
SYNC_NOT_FOUND first4=F0364479
SYNC_NOT_FOUND first4=7AF9EB4D
SYNC_NOT_FOUND first4=0DDA6349
SYNC_NOT_FOUND first4=8740CF18
SYNC_NOT_FOUND first4=E395D8D8
SYNC_NOT_FOUND first4=C9A9757F
2026-07-26T11:36:05.967621+00:00 SYNC_NOT_FOUND first4=A5B51244
SYNC_NOT_FOUND first4=A8E1EEF7
SYNC_NOT_FOUND first4=F0B3600B
SYNC_NOT_FOUND first4=1B1073CF
SYNC_NOT_FOUND first4=BFBB1AE3
SYNC_NOT_FOUND first4=0A674A47
SYNC_NOT_FOUND first4=33699446
SYNC_NOT_FOUND first4=01B43280
SYNC_NOT_FOUND first4=9BA27F49
SYNC_NOT_FOUND first4=6073602B
SYNC_NOT_FOUND first4=B058821F
SYNC_NOT_FOUND first4=DA4DA44C
SYNC_NOT_FOUND first4=86B589DA
SYNC_NOT_FOUND first4=92094C81
SYNC_NOT_FOUND first4=B80349E7
SYNC_NOT_FOUND first4=C59396A5
SYNC_NOT_FOUND first4=3D93A3FD
SYNC_NOT_FOUND first4=C18E3B9D
SYNC_NOT_FOUND first4=203CA338
SYNC_NOT_FOUND first4=70935134
SYNC_NOT_FOUND first4=2D0404B2
SYNC_NOT_FOUND first4=9062DE58
SYNC_NOT_FOUND first4=C28C7151
SYNC_NOT_FOUND first4=24D14B2D
SYNC_NOT_FOUND first4=0A690261
PHASE_RESULT 23 HF-FLRC-650-255 pktSize=255 rx=0 unique=0 lost=100 per=100.0 rssi_avg=0 rssi_min=0 crc_err=0 garbage=47 tx_lat=0.00000 tx_lon=0.00000 sats=0 fix=0 utc=0 tx_fw=none rx_fw=unknown
PHASE_GUARD 500
2026-07-26T11:36:06.978888+00:00 PHASE_START 24 HF-FLRC-325-32 pktSize=32
TIME_SYNCED utc=1785065765 offset=1785062474
PHASE_RESULT 24 HF-FLRC-325-32 pktSize=32 rx=0 unique=0 lost=100 per=100.0 rssi_avg=0 rssi_min=0 crc_err=0 garbage=0 tx_lat=0.00000 tx_lon=0.00000 sats=0 fix=0 utc=0 tx_fw=none rx_fw=unknown
PHASE_GUARD 500
PHASE_START 23 HF-FLRC-650-255 pktSize=255
SYNC_NOT_FOUND first4=E31082E3
SYNC_NOT_FOUND first4=574FD7C1
SYNC_NOT_FOUND first4=CC6242C1
SYNC_NOT_FOUND first4=1890B47D
SYNC_NOT_FOUND first4=C06E2404
SYNC_NOT_FOUND first4=0C41CB90
SYNC_NOT_FOUND first4=577C4E91
SYNC_NOT_FOUND first4=9C046385
SYNC_NOT_FOUND first4=6F274204
SYNC_NOT_FOUND first4=37DC880B
PHASE_RESULT 23 HF-FLRC-650-255 pktSize=255 rx=0 unique=0 lost=100 per=100.0 rssi_avg=0 rssi_min=0 crc_err=0 garbage=10 tx_lat=0.00000 tx_lon=0.00000 sats=0 fix=0 utc=0 tx_fw=none rx_fw=unknown
PHASE_GUARD 500
2026-07-26T11:36:07.990950+00:00 PHASE_START 24 HF-FLRC-325-32 pktSize=32
SYNC_NOT_FOUND first4=1DF18B6B
2026-07-26T11:36:09.002203+00:00 SYNC_NOT_FOUND first4=716F4411
SYNC_NOT_FOUND first4=73F4B4C0
PHASE_RESULT 24 HF-FLRC-325-32 pktSize=32 rx=0 unique=0 lost=100 per=100.0 rssi_avg=0 rssi_min=0 crc_err=0 garbage=3 tx_lat=0.00000 tx_lon=0.00000 sats=0 fix=0 utc=0 tx_fw=none rx_fw=unknown
PHASE_GUARD 500
2026-07-26T11:36:10.018098+00:00 PHASE_START 25 HF-FLRC-325-64 pktSize=64
SYNC_NOT_FOUND first4=8D39B607
SYNC_NOT_FOUND first4=9747F2F2
SYNC_NOT_FOUND first4=1B048E24
2026-07-26T11:36:11.033194+00:00 SYNC_NOT_FOUND first4=D829CFCD
SYNC_NOT_FOUND first4=9823E700
SYNC_NOT_FOUND first4=1C33F295
PHASE_RESULT 25 HF-FLRC-325-64 pktSize=64 rx=0 unique=0 lost=100 per=100.0 rssi_avg=0 rssi_min=0 crc_err=0 garbage=6 tx_lat=0.00000 tx_lon=0.00000 sats=0 fix=0 utc=0 tx_fw=none rx_fw=unknown
PHASE_GUARD 500
2026-07-26T11:36:12.044211+00:00 PHASE_START 26 HF-FLRC-325-128 pktSize=128
SYNC_NOT_FOUND first4=649A9837
SYNC_NOT_FOUND first4=49B20357
SYNC_NOT_FOUND first4=773DA330
SYNC_NOT_FOUND first4=1B188D26
SYNC_NOT_FOUND first4=63200F13
2026-07-26T11:36:13.061301+00:00 SYNC_NOT_FOUND first4=7C525683
SYNC_NOT_FOUND first4=C9B58AF9
SYNC_NOT_FOUND first4=FFABAA8C
PHASE_RESULT 26 HF-FLRC-325-128 pktSize=128 rx=0 unique=0 lost=100 per=100.0 rssi_avg=0 rssi_min=0 crc_err=0 garbage=8 tx_lat=0.00000 tx_lon=0.00000 sats=0 fix=0 utc=0 tx_fw=none rx_fw=unknown
PHASE_GUARD 500
2026-07-26T11:36:14.071431+00:00 PHASE_START 27 HF-FLRC-325-255 pktSize=255
SYNC_NOT_FOUND first4=44776A42
SYNC_NOT_FOUND first4=3F2480FB
SYNC_NOT_FOUND first4=DB64E66E
SYNC_NOT_FOUND first4=F6EC31E1
2026-07-26T11:36:15.085328+00:00 SYNC_NOT_FOUND first4=A2DDB50B
TIME_SYNCED utc=1785065774 offset=1785062475
PHASE_RESULT 27 HF-FLRC-325-255 pktSize=255 rx=0 unique=0 lost=100 per=100.0 rssi_avg=0 rssi_min=0 crc_err=0 garbage=5 tx_lat=0.00000 tx_lon=0.00000 sats=0 fix=0 utc=0 tx_fw=none rx_fw=unknown
PHASE_GUARD 500
LORA_CFG path=0 bw=0x05 sf=7
PHASE_START 28 LF-LoRa-SF7-32 pktSize=32
2026-07-26T11:36:16.100675+00:00 PHASE_RESULT 28 LF-LoRa-SF7-32 pktSize=32 rx=0 unique=0 lost=20 per=100.0 rssi_avg=0 rssi_min=0 crc_err=0 garbage=0 tx_lat=0.00000 tx_lon=0.00000 sats=0 fix=0 utc=0 tx_fw=none rx_fw=unknown
PHASE_GUARD 500
LORA_CFG path=0 bw=0x05 sf=7
PHASE_START 29 LF-LoRa-SF7-64 pktSize=64
2026-07-26T11:36:17.111899+00:00 TIME_SYNCED utc=1785065776 offset=1785062475
2026-07-26T11:36:19.173000+00:00 PHASE_RESULT 29 LF-LoRa-SF7-64 pktSize=64 rx=0 unique=0 lost=20 per=100.0 rssi_avg=0 rssi_min=0 crc_err=0 garbage=0 tx_lat=0.00000 tx_lon=0.00000 sats=0 fix=0 utc=0 tx_fw=none rx_fw=unknown
PHASE_GUARD 500
LORA_CFG path=0 bw=0x05 sf=7
PHASE_START 30 LF-LoRa-SF7-128 pktSize=128
2026-07-26T11:36:23.338987+00:00 PHASE_RESULT 30 LF-LoRa-SF7-128 pktSize=128 rx=0 unique=0 lost=13 per=100.0 rssi_avg=0 rssi_min=0 crc_err=0 garbage=0 tx_lat=0.00000 tx_lon=0.00000 sats=0 fix=0 utc=0 tx_fw=none rx_fw=unknown
PHASE_GUARD 500
LORA_CFG path=0 bw=0x05 sf=7
PHASE_START 31 LF-LoRa-SF7-255 pktSize=255
2026-07-26T11:36:25.402478+00:00 TIME_SYNCED utc=1785065784 offset=1785062475
2026-07-26T11:36:27.466197+00:00 TIME_SYNCED utc=1785065786 offset=1785062475
PHASE_RESULT 31 LF-LoRa-SF7-255 pktSize=255 rx=0 unique=0 lost=7 per=100.0 rssi_avg=0 rssi_min=0 crc_err=0 garbage=0 tx_lat=0.00000 tx_lon=0.00000 sats=0 fix=0 utc=0 tx_fw=none rx_fw=unknown
PHASE_GUARD 500
LORA_CFG path=0 bw=0x05 sf=9
PHASE_START 32 LF-LoRa-SF9-32 pktSize=32
2026-07-26T11:36:31.631017+00:00 PHASE_RESULT 32 LF-LoRa-SF9-32 pktSize=32 rx=0 unique=0 lost=7 per=100.0 rssi_avg=0 rssi_min=0 crc_err=0 garbage=0 tx_lat=0.00000 tx_lon=0.00000 sats=0 fix=0 utc=0 tx_fw=none rx_fw=unknown
PHASE_GUARD 500
LORA_CFG path=0 bw=0x05 sf=9
PHASE_START 33 LF-LoRa-SF9-64 pktSize=64
2026-07-26T11:36:34.745181+00:00 PHASE_RESULT 33 LF-LoRa-SF9-64 pktSize=64 rx=0 unique=0 lost=3 per=100.0 rssi_avg=0 rssi_min=0 crc_err=0 garbage=0 tx_lat=0.00000 tx_lon=0.00000 sats=0 fix=0 utc=0 tx_fw=none rx_fw=unknown
PHASE_GUARD 500
LORA_CFG path=0 bw=0x05 sf=9
PHASE_START 34 LF-LoRa-SF9-128 pktSize=128
TIME_SYNCED utc=1785065794 offset=1785062475
2026-07-26T11:36:36.808365+00:00 PHASE_RESULT 34 LF-LoRa-SF9-128 pktSize=128 rx=0 unique=0 lost=1 per=100.0 rssi_avg=0 rssi_min=0 crc_err=0 garbage=0 tx_lat=0.00000 tx_lon=0.00000 sats=0 fix=0 utc=0 tx_fw=none rx_fw=unknown
PHASE_GUARD 500
LORA_CFG path=0 bw=0x05 sf=9
PHASE_START 35 LF-LoRa-SF9-255 pktSize=255
2026-07-26T11:36:37.821352+00:00 TIME_SYNCED utc=1785065796 offset=1785062475
2026-07-26T11:36:40.928894+00:00 PHASE_RESULT 35 LF-LoRa-SF9-255 pktSize=255 rx=0 unique=0 lost=1 per=100.0 rssi_avg=0 rssi_min=0 crc_err=0 garbage=0 tx_lat=0.00000 tx_lon=0.00000 sats=0 fix=0 utc=0 tx_fw=none rx_fw=unknown
PHASE_GUARD 500
LORA_CFG path=0 bw=0x05 sf=12
PHASE_START 36 LF-LoRa-SF12-32 pktSize=32
